Datetime,Open,High,Low,Close,Volume,Dividends,Stock Splits,Capital Gains
2024-03-18 01:00:00+00:00,12.079999923706055,12.119999885559082,12.079999923706055,12.119999885559082,0,0.0,0.0,0.0
2024-03-18 01:05:00+00:00,12.119999885559082,12.119999885559082,12.100000381469727,12.109999656677246,84249,0.0,0.0,0.0
2024-03-18 01:10:00+00:00,12.109999656677246,12.130000114440918,12.100000381469727,12.130000114440918,106122,0.0,0.0,0.0
2024-03-18 01:15:00+00:00,12.130000114440918,12.130000114440918,12.119999885559082,12.130000114440918,7117,0.0,0.0,0.0
2024-03-18 01:20:00+00:00,12.130000114440918,12.140000343322754,12.119999885559082,12.140000343322754,103026,0.0,0.0,0.0
2024-03-18 01:25:00+00:00,12.119999885559082,12.140000343322754,12.119999885559082,12.130000114440918,71008,0.0,0.0,0.0
2024-03-18 01:30:00+00:00,12.130000114440918,12.140000343322754,12.130000114440918,12.130000114440918,13480,0.0,0.0,0.0
2024-03-18 01:35:00+00:00,12.130000114440918,12.149999618530273,12.130000114440918,12.149999618530273,52242,0.0,0.0,0.0
2024-03-18 01:40:00+00:00,12.149999618530273,12.149999618530273,12.140000343322754,12.149999618530273,12009,0.0,0.0,0.0
2024-03-18 01:45:00+00:00,12.149999618530273,12.149999618530273,12.140000343322754,12.140000343322754,11408,0.0,0.0,0.0
2024-03-18 01:50:00+00:00,12.140000343322754,12.140000343322754,12.140000343322754,12.140000343322754,43345,0.0,0.0,0.0
2024-03-18 01:55:00+00:00,12.140000343322754,12.149999618530273,12.140000343322754,12.149999618530273,15009,0.0,0.0,0.0
2024-03-18 02:00:00+00:00,12.149999618530273,12.149999618530273,12.140000343322754,12.140000343322754,113176,0.0,0.0,0.0
2024-03-18 02:05:00+00:00,12.140000343322754,12.140000343322754,12.140000343322754,12.140000343322754,9000,0.0,0.0,0.0
2024-03-18 02:10:00+00:00,12.130000114440918,12.140000343322754,12.130000114440918,12.140000343322754,17019,0.0,0.0,0.0
2024-03-18 02:15:00+00:00,12.140000343322754,12.140000343322754,12.130000114440918,12.130000114440918,16008,0.0,0.0,0.0
2024-03-18 02:20:00+00:00,12.130000114440918,12.130000114440918,12.130000114440918,12.130000114440918,3019,0.0,0.0,0.0
2024-03-18 02:25:00+00:00,12.140000343322754,12.140000343322754,12.140000343322754,12.140000343322754,1182,0.0,0.0,0.0
2024-03-18 02:30:00+00:00,12.140000343322754,12.140000343322754,12.130000114440918,12.140000343322754,36018,0.0,0.0,0.0
2024-03-18 02:35:00+00:00,12.140000343322754,12.140000343322754,12.140000343322754,12.140000343322754,3111,0.0,0.0,0.0
2024-03-18 02:40:00+00:00,12.140000343322754,12.140000343322754,12.130000114440918,12.130000114440918,39010,0.0,0.0,0.0
2024-03-18 02:45:00+00:00,12.149999618530273,12.149999618530273,12.149999618530273,12.149999618530273,26098,0.0,0.0,0.0
2024-03-18 02:50:00+00:00,12.15999984741211,12.170000076293945,12.15999984741211,12.170000076293945,41422,0.0,0.0,0.0
2024-03-18 02:55:00+00:00,12.15999984741211,12.15999984741211,12.15999984741211,12.15999984741211,1128,0.0,0.0,0.0
2024-03-18 03:05:00+00:00,12.149999618530273,12.15999984741211,12.149999618530273,12.149999618530273,11314,0.0,0.0,0.0
2024-03-18 03:10:00+00:00,12.149999618530273,12.15999984741211,12.149999618530273,12.15999984741211,29091,0.0,0.0,0.0
2024-03-18 03:15:00+00:00,12.15999984741211,12.15999984741211,12.149999618530273,12.15999984741211,36163,0.0,0.0,0.0
2024-03-18 03:20:00+00:00,12.170000076293945,12.170000076293945,12.170000076293945,12.170000076293945,1709,0.0,0.0,0.0
2024-03-18 03:25:00+00:00,12.170000076293945,12.170000076293945,12.15999984741211,12.15999984741211,10518,0.0,0.0,0.0
2024-03-18 03:30:00+00:00,12.170000076293945,12.170000076293945,12.170000076293945,12.170000076293945,1062,0.0,0.0,0.0
2024-03-18 03:35:00+00:00,12.15999984741211,12.15999984741211,12.15999984741211,12.15999984741211,3510,0.0,0.0,0.0
2024-03-18 03:40:00+00:00,12.15999984741211,12.15999984741211,12.15999984741211,12.15999984741211,10009,0.0,0.0,0.0
2024-03-18 03:45:00+00:00,12.149999618530273,12.15999984741211,12.149999618530273,12.15999984741211,4009,0.0,0.0,0.0
2024-03-18 03:50:00+00:00,12.15999984741211,12.15999984741211,12.15999984741211,12.15999984741211,3125,0.0,0.0,0.0
2024-03-18 03:55:00+00:00,12.15999984741211,12.15999984741211,12.15999984741211,12.15999984741211,18009,0.0,0.0,0.0
2024-03-18 04:00:00+00:00,12.15999984741211,12.170000076293945,12.15999984741211,12.170000076293945,39017,0.0,0.0,0.0
2024-03-18 04:05:00+00:00,12.170000076293945,12.170000076293945,12.170000076293945,12.170000076293945,4185,0.0,0.0,0.0
2024-03-18 04:10:00+00:00,12.15999984741211,12.15999984741211,12.15999984741211,12.15999984741211,4174,0.0,0.0,0.0
2024-03-18 04:15:00+00:00,12.170000076293945,12.170000076293945,12.170000076293945,12.170000076293945,2054,0.0,0.0,0.0
2024-03-18 04:20:00+00:00,12.15999984741211,12.15999984741211,12.15999984741211,12.15999984741211,103009,0.0,0.0,0.0
2024-03-18 04:25:00+00:00,12.170000076293945,12.1899995803833,12.170000076293945,12.1899995803833,99009,0.0,0.0,0.0
2024-03-18 04:30:00+00:00,12.1899995803833,12.1899995803833,12.180000305175781,12.180000305175781,6139,0.0,0.0,0.0
2024-03-18 04:35:00+00:00,12.180000305175781,12.1899995803833,12.180000305175781,12.1899995803833,7377,0.0,0.0,0.0
2024-03-18 04:40:00+00:00,12.1899995803833,12.1899995803833,12.1899995803833,12.1899995803833,19499,0.0,0.0,0.0
2024-03-18 04:45:00+00:00,12.1899995803833,12.1899995803833,12.1899995803833,12.1899995803833,8012,0.0,0.0,0.0
2024-03-18 04:50:00+00:00,12.1899995803833,12.1899995803833,12.1899995803833,12.1899995803833,3000,0.0,0.0,0.0
2024-03-18 04:55:00+00:00,12.1899995803833,12.1899995803833,12.1899995803833,12.1899995803833,0,0.0,0.0,0.0
2024-03-18 05:00:00+00:00,12.199999809265137,12.220000267028809,12.1899995803833,12.220000267028809,1560246,0.0,0.0,0.0
2024-03-18 05:05:00+00:00,12.220000267028809,12.220000267028809,12.220000267028809,12.220000267028809,1000,0.0,0.0,0.0
2024-03-18 05:10:00+00:00,12.220000267028809,12.220000267028809,12.220000267028809,12.220000267028809,31967,0.0,0.0,0.0
2024-03-18 05:15:00+00:00,12.210000038146973,12.220000267028809,12.210000038146973,12.220000267028809,52303,0.0,0.0,0.0
2024-03-18 05:20:00+00:00,12.220000267028809,12.229999542236328,12.220000267028809,12.220000267028809,19430,0.0,0.0,0.0
2024-03-19 01:00:00+00:00,12.210000038146973,12.210000038146973,12.170000076293945,12.1899995803833,88000,0.0,0.0,0.0
2024-03-19 01:05:00+00:00,12.199999809265137,12.220000267028809,12.199999809265137,12.199999809265137,35707,0.0,0.0,0.0
2024-03-19 01:10:00+00:00,12.1899995803833,12.210000038146973,12.1899995803833,12.210000038146973,131361,0.0,0.0,0.0
2024-03-19 01:15:00+00:00,12.199999809265137,12.210000038146973,12.199999809265137,12.199999809265137,4671,0.0,0.0,0.0
2024-03-19 01:20:00+00:00,12.1899995803833,12.1899995803833,12.180000305175781,12.180000305175781,5355,0.0,0.0,0.0
2024-03-19 01:25:00+00:00,12.199999809265137,12.199999809265137,12.1899995803833,12.199999809265137,27323,0.0,0.0,0.0
2024-03-19 01:30:00+00:00,12.199999809265137,12.199999809265137,12.180000305175781,12.180000305175781,7461,0.0,0.0,0.0
2024-03-19 01:35:00+00:00,12.1899995803833,12.199999809265137,12.180000305175781,12.199999809265137,41549,0.0,0.0,0.0
2024-03-19 01:40:00+00:00,12.210000038146973,12.210000038146973,12.210000038146973,12.210000038146973,12209,0.0,0.0,0.0
2024-03-19 01:45:00+00:00,12.229999542236328,12.229999542236328,12.229999542236328,12.229999542236328,1622,0.0,0.0,0.0
2024-03-19 01:50:00+00:00,12.220000267028809,12.229999542236328,12.220000267028809,12.229999542236328,10131,0.0,0.0,0.0
2024-03-19 01:55:00+00:00,12.229999542236328,12.229999542236328,12.220000267028809,12.229999542236328,24041,0.0,0.0,0.0
2024-03-19 02:00:00+00:00,12.229999542236328,12.239999771118164,12.220000267028809,12.239999771118164,24753,0.0,0.0,0.0
2024-03-19 02:05:00+00:00,12.239999771118164,12.25,12.239999771118164,12.25,36341,0.0,0.0,0.0
2024-03-19 02:10:00+00:00,12.25,12.260000228881836,12.25,12.260000228881836,92847,0.0,0.0,0.0
2024-03-19 02:15:00+00:00,12.260000228881836,12.270000457763672,12.260000228881836,12.260000228881836,87321,0.0,0.0,0.0
2024-03-19 02:20:00+00:00,12.270000457763672,12.270000457763672,12.270000457763672,12.270000457763672,3142,0.0,0.0,0.0
2024-03-19 02:25:00+00:00,12.270000457763672,12.270000457763672,12.270000457763672,12.270000457763672,13041,0.0,0.0,0.0
2024-03-19 02:30:00+00:00,12.270000457763672,12.270000457763672,12.270000457763672,12.270000457763672,12222,0.0,0.0,0.0
2024-03-19 02:35:00+00:00,12.270000457763672,12.270000457763672,12.260000228881836,12.270000457763672,15050,0.0,0.0,0.0
2024-03-19 02:40:00+00:00,12.279999732971191,12.289999961853027,12.279999732971191,12.289999961853027,25119,0.0,0.0,0.0
2024-03-19 02:45:00+00:00,12.289999961853027,12.289999961853027,12.279999732971191,12.279999732971191,15121,0.0,0.0,0.0
2024-03-19 02:50:00+00:00,12.270000457763672,12.270000457763672,12.270000457763672,12.270000457763672,31467,0.0,0.0,0.0
2024-03-19 02:55:00+00:00,12.270000457763672,12.279999732971191,12.270000457763672,12.279999732971191,5534,0.0,0.0,0.0
2024-03-19 03:05:00+00:00,12.279999732971191,12.279999732971191,12.279999732971191,12.279999732971191,4541,0.0,0.0,0.0
2024-03-19 03:10:00+00:00,12.289999961853027,12.289999961853027,12.289999961853027,12.289999961853027,10042,0.0,0.0,0.0
2024-03-19 03:15:00+00:00,12.300000190734863,12.300000190734863,12.289999961853027,12.289999961853027,41972,0.0,0.0,0.0
2024-03-19 03:20:00+00:00,12.279999732971191,12.279999732971191,12.279999732971191,12.279999732971191,43251,0.0,0.0,0.0
2024-03-19 03:25:00+00:00,12.279999732971191,12.289999961853027,12.279999732971191,12.289999961853027,32132,0.0,0.0,0.0
2024-03-19 03:30:00+00:00,12.289999961853027,12.289999961853027,12.289999961853027,12.289999961853027,4212,0.0,0.0,0.0
2024-03-19 03:35:00+00:00,12.289999961853027,12.289999961853027,12.289999961853027,12.289999961853027,2163,0.0,0.0,0.0
2024-03-19 03:40:00+00:00,12.289999961853027,12.289999961853027,12.289999961853027,12.289999961853027,1042,0.0,0.0,0.0
2024-03-19 03:45:00+00:00,12.289999961853027,12.289999961853027,12.239999771118164,12.239999771118164,98262,0.0,0.0,0.0
2024-03-19 03:55:00+00:00,12.25,12.270000457763672,12.25,12.270000457763672,109410,0.0,0.0,0.0
2024-03-19 04:05:00+00:00,12.260000228881836,12.270000457763672,12.260000228881836,12.270000457763672,11231,0.0,0.0,0.0
2024-03-19 04:10:00+00:00,12.270000457763672,12.270000457763672,12.270000457763672,12.270000457763672,12384,0.0,0.0,0.0
2024-03-19 04:25:00+00:00,12.289999961853027,12.289999961853027,12.279999732971191,12.279999732971191,71484,0.0,0.0,0.0
2024-03-19 04:35:00+00:00,12.289999961853027,12.289999961853027,12.289999961853027,12.289999961853027,1777,0.0,0.0,0.0
2024-03-19 04:40:00+00:00,12.289999961853027,12.289999961853027,12.289999961853027,12.289999961853027,22050,0.0,0.0,0.0
2024-03-19 04:45:00+00:00,12.289999961853027,12.300000190734863,12.289999961853027,12.300000190734863,11300,0.0,0.0,0.0
2024-03-19 04:50:00+00:00,12.300000190734863,12.300000190734863,12.289999961853027,12.289999961853027,131100,0.0,0.0,0.0
2024-03-19 04:55:00+00:00,12.3100004196167,12.3100004196167,12.289999961853027,12.289999961853027,2211,0.0,0.0,0.0
2024-03-19 05:00:00+00:00,12.289999961853027,12.300000190734863,12.289999961853027,12.300000190734863,8300,0.0,0.0,0.0
2024-03-19 05:05:00+00:00,12.300000190734863,12.3100004196167,12.300000190734863,12.300000190734863,7041,0.0,0.0,0.0
2024-03-19 05:10:00+00:00,12.300000190734863,12.300000190734863,12.289999961853027,12.289999961853027,46941,0.0,0.0,0.0
2024-03-19 05:15:00+00:00,12.289999961853027,12.289999961853027,12.289999961853027,12.289999961853027,22392,0.0,0.0,0.0
2024-03-19 05:20:00+00:00,12.289999961853027,12.289999961853027,12.289999961853027,12.289999961853027,11212,0.0,0.0,0.0
2024-03-20 01:00:00+00:00,12.300000190734863,12.350000381469727,12.300000190734863,12.350000381469727,0,0.0,0.0,0.0
2024-03-20 01:05:00+00:00,12.350000381469727,12.380000114440918,12.350000381469727,12.380000114440918,30582,0.0,0.0,0.0
2024-03-20 01:10:00+00:00,12.359999656677246,12.369999885559082,12.350000381469727,12.350000381469727,149282,0.0,0.0,0.0
2024-03-20 01:15:00+00:00,12.359999656677246,12.359999656677246,12.350000381469727,12.359999656677246,14260,0.0,0.0,0.0
2024-03-20 01:20:00+00:00,12.369999885559082,12.399999618530273,12.369999885559082,12.399999618530273,34095,0.0,0.0,0.0
2024-03-20 01:25:00+00:00,12.399999618530273,12.399999618530273,12.359999656677246,12.359999656677246,48412,0.0,0.0,0.0
2024-03-20 01:30:00+00:00,12.350000381469727,12.350000381469727,12.329999923706055,12.329999923706055,16700,0.0,0.0,0.0
2024-03-20 01:35:00+00:00,12.319999694824219,12.34000015258789,12.319999694824219,12.34000015258789,28005,0.0,0.0,0.0
2024-03-20 01:40:00+00:00,12.34000015258789,12.350000381469727,12.319999694824219,12.319999694824219,77035,0.0,0.0,0.0
2024-03-20 01:45:00+00:00,12.350000381469727,12.350000381469727,12.319999694824219,12.319999694824219,15188,0.0,0.0,0.0
2024-03-20 01:50:00+00:00,12.329999923706055,12.329999923706055,12.319999694824219,12.329999923706055,22025,0.0,0.0,0.0
2024-03-20 01:55:00+00:00,12.319999694824219,12.329999923706055,12.300000190734863,12.300000190734863,121305,0.0,0.0,0.0
2024-03-20 02:00:00+00:00,12.300000190734863,12.300000190734863,12.289999961853027,12.300000190734863,5328,0.0,0.0,0.0
2024-03-20 02:05:00+00:00,12.3100004196167,12.319999694824219,12.3100004196167,12.319999694824219,3005,0.0,0.0,0.0
2024-03-20 02:10:00+00:00,12.329999923706055,12.329999923706055,12.329999923706055,12.329999923706055,16370,0.0,0.0,0.0
2024-03-20 02:15:00+00:00,12.329999923706055,12.329999923706055,12.329999923706055,12.329999923706055,11141,0.0,0.0,0.0
2024-03-20 02:20:00+00:00,12.329999923706055,12.329999923706055,12.319999694824219,12.329999923706055,12804,0.0,0.0,0.0
2024-03-20 02:25:00+00:00,12.319999694824219,12.319999694824219,12.319999694824219,12.319999694824219,4020,0.0,0.0,0.0
2024-03-20 02:30:00+00:00,12.3100004196167,12.3100004196167,12.300000190734863,12.300000190734863,66173,0.0,0.0,0.0
2024-03-20 02:35:00+00:00,12.3100004196167,12.3100004196167,12.3100004196167,12.3100004196167,3005,0.0,0.0,0.0
2024-03-20 02:40:00+00:00,12.3100004196167,12.3100004196167,12.300000190734863,12.3100004196167,3005,0.0,0.0,0.0
2024-03-20 02:45:00+00:00,12.3100004196167,12.3100004196167,12.3100004196167,12.3100004196167,2085,0.0,0.0,0.0
2024-03-20 02:50:00+00:00,12.3100004196167,12.3100004196167,12.3100004196167,12.3100004196167,3010,0.0,0.0,0.0
2024-03-20 02:55:00+00:00,12.319999694824219,12.319999694824219,12.3100004196167,12.3100004196167,11505,0.0,0.0,0.0
2024-03-20 03:00:00+00:00,12.3100004196167,12.3100004196167,12.3100004196167,12.3100004196167,2135,0.0,0.0,0.0
2024-03-20 03:05:00+00:00,12.319999694824219,12.319999694824219,12.319999694824219,12.319999694824219,1005,0.0,0.0,0.0
2024-03-20 03:10:00+00:00,12.319999694824219,12.329999923706055,12.319999694824219,12.329999923706055,11145,0.0,0.0,0.0
2024-03-20 03:15:00+00:00,12.329999923706055,12.329999923706055,12.329999923706055,12.329999923706055,5005,0.0,0.0,0.0
2024-03-20 03:20:00+00:00,12.329999923706055,12.350000381469727,12.329999923706055,12.350000381469727,116340,0.0,0.0,0.0
2024-03-20 03:25:00+00:00,12.34000015258789,12.34000015258789,12.34000015258789,12.34000015258789,1005,0.0,0.0,0.0
2024-03-20 03:30:00+00:00,12.329999923706055,12.329999923706055,12.319999694824219,12.329999923706055,8054,0.0,0.0,0.0
2024-03-20 03:35:00+00:00,12.329999923706055,12.329999923706055,12.319999694824219,12.319999694824219,2005,0.0,0.0,0.0
2024-03-20 03:40:00+00:00,12.319999694824219,12.319999694824219,12.319999694824219,12.319999694824219,2505,0.0,0.0,0.0
2024-03-20 03:45:00+00:00,12.319999694824219,12.319999694824219,12.3100004196167,12.319999694824219,13005,0.0,0.0,0.0
2024-03-20 03:50:00+00:00,12.319999694824219,12.319999694824219,12.3100004196167,12.3100004196167,21005,0.0,0.0,0.0
2024-03-20 03:55:00+00:00,12.3100004196167,12.319999694824219,12.300000190734863,12.319999694824219,23010,0.0,0.0,0.0
2024-03-20 04:00:00+00:00,12.3100004196167,12.3100004196167,12.289999961853027,12.300000190734863,83830,0.0,0.0,0.0
2024-03-20 04:05:00+00:00,12.300000190734863,12.300000190734863,12.289999961853027,12.300000190734863,70553,0.0,0.0,0.0
2024-03-20 04:10:00+00:00,12.300000190734863,12.300000190734863,12.289999961853027,12.300000190734863,5640,0.0,0.0,0.0
2024-03-20 04:15:00+00:00,12.300000190734863,12.300000190734863,12.289999961853027,12.289999961853027,5005,0.0,0.0,0.0
2024-03-20 04:20:00+00:00,12.300000190734863,12.300000190734863,12.300000190734863,12.300000190734863,2005,0.0,0.0,0.0
2024-03-20 04:25:00+00:00,12.300000190734863,12.300000190734863,12.300000190734863,12.300000190734863,2013,0.0,0.0,0.0
2024-03-20 04:30:00+00:00,12.300000190734863,12.300000190734863,12.289999961853027,12.289999961853027,10005,0.0,0.0,0.0
2024-03-20 04:35:00+00:00,12.289999961853027,12.289999961853027,12.289999961853027,12.289999961853027,13200,0.0,0.0,0.0
2024-03-20 04:40:00+00:00,12.289999961853027,12.289999961853027,12.270000457763672,12.279999732971191,24743,0.0,0.0,0.0
2024-03-20 04:45:00+00:00,12.279999732971191,12.279999732971191,12.270000457763672,12.270000457763672,9000,0.0,0.0,0.0
2024-03-20 04:50:00+00:00,12.270000457763672,12.270000457763672,12.260000228881836,12.260000228881836,5654,0.0,0.0,0.0
2024-03-20 04:55:00+00:00,12.260000228881836,12.260000228881836,12.239999771118164,12.25,85522,0.0,0.0,0.0
2024-03-20 05:00:00+00:00,12.25,12.260000228881836,12.239999771118164,12.239999771118164,54487,0.0,0.0,0.0
2024-03-20 05:05:00+00:00,12.239999771118164,12.239999771118164,12.229999542236328,12.229999542236328,13283,0.0,0.0,0.0
2024-03-20 05:10:00+00:00,12.239999771118164,12.239999771118164,12.229999542236328,12.229999542236328,7000,0.0,0.0,0.0
2024-03-20 05:15:00+00:00,12.229999542236328,12.239999771118164,12.229999542236328,12.239999771118164,17000,0.0,0.0,0.0
2024-03-20 05:20:00+00:00,12.239999771118164,12.25,12.239999771118164,12.239999771118164,81046,0.0,0.0,0.0
2024-03-21 01:00:00+00:00,12.380000114440918,12.430000305175781,12.380000114440918,12.430000305175781,0,0.0,0.0,0.0
2024-03-21 01:05:00+00:00,12.399999618530273,12.420000076293945,12.390000343322754,12.40999984741211,69168,0.0,0.0,0.0
2024-03-21 01:10:00+00:00,12.40999984741211,12.40999984741211,12.390000343322754,12.399999618530273,125260,0.0,0.0,0.0
2024-03-21 01:15:00+00:00,12.40999984741211,12.420000076293945,12.399999618530273,12.420000076293945,84579,0.0,0.0,0.0
2024-03-21 01:20:00+00:00,12.420000076293945,12.420000076293945,12.420000076293945,12.420000076293945,2009,0.0,0.0,0.0
2024-03-21 01:25:00+00:00,12.40999984741211,12.420000076293945,12.40999984741211,12.420000076293945,20017,0.0,0.0,0.0
2024-03-21 01:30:00+00:00,12.420000076293945,12.420000076293945,12.40999984741211,12.40999984741211,8450,0.0,0.0,0.0
2024-03-21 01:35:00+00:00,12.40999984741211,12.430000305175781,12.40999984741211,12.430000305175781,99020,0.0,0.0,0.0
2024-03-21 01:40:00+00:00,12.430000305175781,12.430000305175781,12.420000076293945,12.430000305175781,7009,0.0,0.0,0.0
2024-03-21 01:45:00+00:00,12.420000076293945,12.420000076293945,12.399999618530273,12.399999618530273,66265,0.0,0.0,0.0
2024-03-21 01:50:00+00:00,12.399999618530273,12.420000076293945,12.399999618530273,12.420000076293945,6014,0.0,0.0,0.0
2024-03-21 01:55:00+00:00,12.40999984741211,12.40999984741211,12.399999618530273,12.40999984741211,28206,0.0,0.0,0.0
2024-03-21 02:00:00+00:00,12.420000076293945,12.420000076293945,12.420000076293945,12.420000076293945,78179,0.0,0.0,0.0
2024-03-21 02:05:00+00:00,12.420000076293945,12.420000076293945,12.420000076293945,12.420000076293945,12089,0.0,0.0,0.0
2024-03-21 02:10:00+00:00,12.420000076293945,12.430000305175781,12.420000076293945,12.420000076293945,6519,0.0,0.0,0.0
2024-03-21 02:15:00+00:00,12.420000076293945,12.430000305175781,12.420000076293945,12.430000305175781,113009,0.0,0.0,0.0
2024-03-21 02:20:00+00:00,12.430000305175781,12.4399995803833,12.430000305175781,12.4399995803833,103165,0.0,0.0,0.0
2024-03-21 02:25:00+00:00,12.4399995803833,12.449999809265137,12.4399995803833,12.449999809265137,124976,0.0,0.0,0.0
2024-03-21 02:30:00+00:00,12.449999809265137,12.449999809265137,12.449999809265137,12.449999809265137,12021,0.0,0.0,0.0
2024-03-21 02:35:00+00:00,12.449999809265137,12.460000038146973,12.449999809265137,12.460000038146973,106100,0.0,0.0,0.0
2024-03-21 02:40:00+00:00,12.470000267028809,12.479999542236328,12.460000038146973,12.460000038146973,26909,0.0,0.0,0.0
2024-03-21 02:45:00+00:00,12.479999542236328,12.479999542236328,12.470000267028809,12.470000267028809,7599,0.0,0.0,0.0
2024-03-21 02:50:00+00:00,12.470000267028809,12.479999542236328,12.460000038146973,12.460000038146973,21008,0.0,0.0,0.0
2024-03-21 02:55:00+00:00,12.460000038146973,12.460000038146973,12.460000038146973,12.460000038146973,4550,0.0,0.0,0.0
2024-03-21 03:00:00+00:00,12.470000267028809,12.470000267028809,12.470000267028809,12.470000267028809,2009,0.0,0.0,0.0
2024-03-21 03:05:00+00:00,12.470000267028809,12.479999542236328,12.470000267028809,12.479999542236328,51828,0.0,0.0,0.0
2024-03-21 03:10:00+00:00,12.489999771118164,12.489999771118164,12.489999771118164,12.489999771118164,35229,0.0,0.0,0.0
2024-03-21 03:15:00+00:00,12.489999771118164,12.489999771118164,12.470000267028809,12.489999771118164,0,0.0,0.0,0.0
2024-03-21 03:20:00+00:00,12.489999771118164,12.489999771118164,12.489999771118164,12.489999771118164,1400531,0.0,0.0,0.0
2024-03-21 03:25:00+00:00,12.479999542236328,12.479999542236328,12.479999542236328,12.479999542236328,5000,0.0,0.0,0.0
2024-03-21 03:30:00+00:00,12.489999771118164,12.489999771118164,12.479999542236328,12.479999542236328,13118,0.0,0.0,0.0
2024-03-21 03:35:00+00:00,12.489999771118164,12.5,12.479999542236328,12.479999542236328,89677,0.0,0.0,0.0
2024-03-21 03:40:00+00:00,12.479999542236328,12.479999542236328,12.479999542236328,12.479999542236328,1120,0.0,0.0,0.0
2024-03-21 03:45:00+00:00,12.479999542236328,12.5,12.479999542236328,12.5,7145,0.0,0.0,0.0
2024-03-21 03:50:00+00:00,12.5,12.5,12.479999542236328,12.489999771118164,5418,0.0,0.0,0.0
2024-03-21 03:55:00+00:00,12.489999771118164,12.489999771118164,12.489999771118164,12.489999771118164,2000,0.0,0.0,0.0
2024-03-21 04:00:00+00:00,12.489999771118164,12.5,12.489999771118164,12.489999771118164,38017,0.0,0.0,0.0
2024-03-21 04:05:00+00:00,12.489999771118164,12.489999771118164,12.489999771118164,12.489999771118164,9100,0.0,0.0,0.0
2024-03-21 04:10:00+00:00,12.489999771118164,12.489999771118164,12.489999771118164,12.489999771118164,5009,0.0,0.0,0.0
2024-03-21 04:15:00+00:00,12.489999771118164,12.489999771118164,12.489999771118164,12.489999771118164,22100,0.0,0.0,0.0
2024-03-21 04:20:00+00:00,12.489999771118164,12.489999771118164,12.489999771118164,12.489999771118164,6248,0.0,0.0,0.0
2024-03-21 04:25:00+00:00,12.489999771118164,12.489999771118164,12.489999771118164,12.489999771118164,19188,0.0,0.0,0.0
2024-03-21 04:30:00+00:00,12.489999771118164,12.489999771118164,12.489999771118164,12.489999771118164,8597,0.0,0.0,0.0
2024-03-21 04:35:00+00:00,12.489999771118164,12.489999771118164,12.489999771118164,12.489999771118164,53086,0.0,0.0,0.0
2024-03-21 04:40:00+00:00,12.479999542236328,12.489999771118164,12.479999542236328,12.479999542236328,17000,0.0,0.0,0.0
2024-03-21 04:45:00+00:00,12.479999542236328,12.479999542236328,12.479999542236328,12.479999542236328,3027,0.0,0.0,0.0
2024-03-21 04:50:00+00:00,12.489999771118164,12.489999771118164,12.489999771118164,12.489999771118164,17000,0.0,0.0,0.0
2024-03-21 04:55:00+00:00,12.479999542236328,12.489999771118164,12.479999542236328,12.489999771118164,7239,0.0,0.0,0.0
2024-03-21 05:00:00+00:00,12.489999771118164,12.489999771118164,12.489999771118164,12.489999771118164,34349,0.0,0.0,0.0
2024-03-21 05:05:00+00:00,12.5,12.5,12.5,12.5,672073,0.0,0.0,0.0
2024-03-21 05:10:00+00:00,12.510000228881836,12.510000228881836,12.5,12.5,67073,0.0,0.0,0.0
2024-03-21 05:15:00+00:00,12.510000228881836,12.510000228881836,12.5,12.5,139426,0.0,0.0,0.0
2024-03-21 05:20:00+00:00,12.510000228881836,12.510000228881836,12.5,12.510000228881836,15137,0.0,0.0,0.0
2024-03-22 01:00:00+00:00,12.510000228881836,12.539999961853027,12.510000228881836,12.529999732971191,0,0.0,0.0,0.0
2024-03-22 01:05:00+00:00,12.539999961853027,12.539999961853027,12.520000457763672,12.539999961853027,0,0.0,0.0,0.0
2024-03-22 01:10:00+00:00,12.539999961853027,12.539999961853027,12.520000457763672,12.520000457763672,393147,0.0,0.0,0.0
2024-03-22 01:15:00+00:00,12.520000457763672,12.529999732971191,12.510000228881836,12.510000228881836,19119,0.0,0.0,0.0
2024-03-22 01:20:00+00:00,12.520000457763672,12.529999732971191,12.520000457763672,12.529999732971191,44780,0.0,0.0,0.0
2024-03-22 01:25:00+00:00,12.529999732971191,12.529999732971191,12.520000457763672,12.520000457763672,11049,0.0,0.0,0.0
2024-03-22 01:30:00+00:00,12.520000457763672,12.529999732971191,12.510000228881836,12.529999732971191,173229,0.0,0.0,0.0
2024-03-22 01:35:00+00:00,12.520000457763672,12.520000457763672,12.510000228881836,12.510000228881836,25262,0.0,0.0,0.0
2024-03-22 01:40:00+00:00,12.510000228881836,12.510000228881836,12.5,12.510000228881836,7545,0.0,0.0,0.0
2024-03-22 01:45:00+00:00,12.510000228881836,12.529999732971191,12.510000228881836,12.510000228881836,43374,0.0,0.0,0.0
2024-03-22 01:50:00+00:00,12.510000228881836,12.520000457763672,12.489999771118164,12.5,68150,0.0,0.0,0.0
2024-03-22 01:55:00+00:00,12.479999542236328,12.479999542236328,12.470000267028809,12.470000267028809,54620,0.0,0.0,0.0
2024-03-22 02:00:00+00:00,12.470000267028809,12.5,12.470000267028809,12.470000267028809,46298,0.0,0.0,0.0
2024-03-22 02:05:00+00:00,12.479999542236328,12.5,12.470000267028809,12.5,6037,0.0,0.0,0.0
2024-03-22 02:10:00+00:00,12.489999771118164,12.489999771118164,12.479999542236328,12.479999542236328,71099,0.0,0.0,0.0
2024-03-22 02:15:00+00:00,12.479999542236328,12.489999771118164,12.470000267028809,12.479999542236328,4248,0.0,0.0,0.0
2024-03-22 02:20:00+00:00,12.479999542236328,12.479999542236328,12.470000267028809,12.470000267028809,13040,0.0,0.0,0.0
2024-03-22 02:25:00+00:00,12.489999771118164,12.489999771118164,12.479999542236328,12.489999771118164,5050,0.0,0.0,0.0
2024-03-22 02:30:00+00:00,12.479999542236328,12.479999542236328,12.470000267028809,12.470000267028809,10049,0.0,0.0,0.0
2024-03-22 02:35:00+00:00,12.479999542236328,12.489999771118164,12.470000267028809,12.489999771118164,121098,0.0,0.0,0.0
2024-03-22 02:40:00+00:00,12.489999771118164,12.489999771118164,12.489999771118164,12.489999771118164,1050,0.0,0.0,0.0
2024-03-22 02:45:00+00:00,12.470000267028809,12.489999771118164,12.470000267028809,12.470000267028809,27609,0.0,0.0,0.0
2024-03-22 02:50:00+00:00,12.470000267028809,12.470000267028809,12.460000038146973,12.460000038146973,31603,0.0,0.0,0.0
2024-03-22 02:55:00+00:00,12.470000267028809,12.470000267028809,12.449999809265137,12.460000038146973,92050,0.0,0.0,0.0
2024-03-22 03:00:00+00:00,12.449999809265137,12.449999809265137,12.4399995803833,12.449999809265137,5255,0.0,0.0,0.0
2024-03-22 03:05:00+00:00,12.449999809265137,12.460000038146973,12.449999809265137,12.460000038146973,11078,0.0,0.0,0.0
2024-03-22 03:10:00+00:00,12.4399995803833,12.4399995803833,12.430000305175781,12.4399995803833,23340,0.0,0.0,0.0
2024-03-22 03:15:00+00:00,12.4399995803833,12.4399995803833,12.4399995803833,12.4399995803833,1049,0.0,0.0,0.0
2024-03-22 03:20:00+00:00,12.4399995803833,12.4399995803833,12.430000305175781,12.4399995803833,6787,0.0,0.0,0.0
2024-03-22 03:25:00+00:00,12.4399995803833,12.449999809265137,12.4399995803833,12.449999809265137,26098,0.0,0.0,0.0
2024-03-22 03:30:00+00:00,12.460000038146973,12.460000038146973,12.449999809265137,12.460000038146973,0,0.0,0.0,0.0
2024-03-22 03:35:00+00:00,12.460000038146973,12.460000038146973,12.460000038146973,12.460000038146973,1349212,0.0,0.0,0.0
2024-03-22 03:40:00+00:00,12.460000038146973,12.460000038146973,12.460000038146973,12.460000038146973,4343,0.0,0.0,0.0
2024-03-22 03:45:00+00:00,12.460000038146973,12.460000038146973,12.449999809265137,12.449999809265137,4108,0.0,0.0,0.0
2024-03-22 03:50:00+00:00,12.4399995803833,12.449999809265137,12.4399995803833,12.449999809265137,14049,0.0,0.0,0.0
2024-03-22 03:55:00+00:00,12.460000038146973,12.460000038146973,12.460000038146973,12.460000038146973,6199,0.0,0.0,0.0
2024-03-22 04:00:00+00:00,12.460000038146973,12.470000267028809,12.460000038146973,12.470000267028809,17379,0.0,0.0,0.0
2024-03-22 04:05:00+00:00,12.470000267028809,12.489999771118164,12.470000267028809,12.489999771118164,22253,0.0,0.0,0.0
2024-03-22 04:10:00+00:00,12.479999542236328,12.489999771118164,12.479999542236328,12.489999771118164,2888,0.0,0.0,0.0
2024-03-22 04:15:00+00:00,12.489999771118164,12.489999771118164,12.479999542236328,12.479999542236328,3049,0.0,0.0,0.0
2024-03-22 04:20:00+00:00,12.479999542236328,12.489999771118164,12.479999542236328,12.489999771118164,3049,0.0,0.0,0.0
2024-03-22 04:25:00+00:00,12.489999771118164,12.489999771118164,12.470000267028809,12.470000267028809,13503,0.0,0.0,0.0
2024-03-22 04:30:00+00:00,12.470000267028809,12.470000267028809,12.470000267028809,12.470000267028809,10157,0.0,0.0,0.0
2024-03-22 04:35:00+00:00,12.470000267028809,12.470000267028809,12.470000267028809,12.470000267028809,12020,0.0,0.0,0.0
2024-03-22 04:40:00+00:00,12.460000038146973,12.470000267028809,12.449999809265137,12.460000038146973,18069,0.0,0.0,0.0
2024-03-22 04:45:00+00:00,12.470000267028809,12.470000267028809,12.470000267028809,12.470000267028809,1000,0.0,0.0,0.0
2024-03-22 04:50:00+00:00,12.460000038146973,12.479999542236328,12.460000038146973,12.479999542236328,47080,0.0,0.0,0.0
2024-03-22 04:55:00+00:00,12.479999542236328,12.489999771118164,12.479999542236328,12.479999542236328,18170,0.0,0.0,0.0
2024-03-22 05:00:00+00:00,12.479999542236328,12.489999771118164,12.470000267028809,12.489999771118164,8000,0.0,0.0,0.0
2024-03-22 05:05:00+00:00,12.470000267028809,12.489999771118164,12.470000267028809,12.489999771118164,6067,0.0,0.0,0.0
2024-03-22 05:10:00+00:00,12.489999771118164,12.489999771118164,12.489999771118164,12.489999771118164,3091,0.0,0.0,0.0
2024-03-22 05:15:00+00:00,12.489999771118164,12.489999771118164,12.479999542236328,12.479999542236328,7488,0.0,0.0,0.0
2024-03-22 05:20:00+00:00,12.479999542236328,12.489999771118164,12.479999542236328,12.489999771118164,8623,0.0,0.0,0.0
2024-03-25 01:00:00+00:00,12.489999771118164,12.5,12.479999542236328,12.5,0,0.0,0.0,0.0
2024-03-25 01:05:00+00:00,12.479999542236328,12.479999542236328,12.479999542236328,12.479999542236328,52331,0.0,0.0,0.0
2024-03-25 01:10:00+00:00,12.489999771118164,12.489999771118164,12.489999771118164,12.489999771118164,16309,0.0,0.0,0.0
2024-03-25 01:15:00+00:00,12.5,12.5,12.470000267028809,12.470000267028809,41899,0.0,0.0,0.0
2024-03-25 01:20:00+00:00,12.479999542236328,12.489999771118164,12.479999542236328,12.479999542236328,4090,0.0,0.0,0.0
2024-03-25 01:25:00+00:00,12.479999542236328,12.489999771118164,12.479999542236328,12.479999542236328,12144,0.0,0.0,0.0
2024-03-25 01:30:00+00:00,12.479999542236328,12.479999542236328,12.470000267028809,12.479999542236328,29505,0.0,0.0,0.0
2024-03-25 01:35:00+00:00,12.470000267028809,12.470000267028809,12.460000038146973,12.460000038146973,20135,0.0,0.0,0.0
2024-03-25 01:40:00+00:00,12.460000038146973,12.479999542236328,12.460000038146973,12.470000267028809,24018,0.0,0.0,0.0
2024-03-25 01:45:00+00:00,12.460000038146973,12.479999542236328,12.460000038146973,12.470000267028809,18166,0.0,0.0,0.0
2024-03-25 01:50:00+00:00,12.470000267028809,12.479999542236328,12.470000267028809,12.479999542236328,21009,0.0,0.0,0.0
2024-03-25 01:55:00+00:00,12.479999542236328,12.489999771118164,12.479999542236328,12.489999771118164,5009,0.0,0.0,0.0
2024-03-25 02:00:00+00:00,12.489999771118164,12.489999771118164,12.479999542236328,12.479999542236328,11068,0.0,0.0,0.0
2024-03-25 02:05:00+00:00,12.489999771118164,12.489999771118164,12.479999542236328,12.489999771118164,9592,0.0,0.0,0.0
2024-03-25 02:15:00+00:00,12.489999771118164,12.489999771118164,12.489999771118164,12.489999771118164,2499,0.0,0.0,0.0
2024-03-25 02:20:00+00:00,12.489999771118164,12.489999771118164,12.489999771118164,12.489999771118164,16125,0.0,0.0,0.0
2024-03-25 02:25:00+00:00,12.489999771118164,12.489999771118164,12.489999771118164,12.489999771118164,11000,0.0,0.0,0.0
2024-03-25 02:30:00+00:00,12.489999771118164,12.5,12.489999771118164,12.5,30607,0.0,0.0,0.0
2024-03-25 02:40:00+00:00,12.5,12.5,12.489999771118164,12.489999771118164,6009,0.0,0.0,0.0
2024-03-25 02:45:00+00:00,12.489999771118164,12.489999771118164,12.489999771118164,12.489999771118164,7568,0.0,0.0,0.0
2024-03-25 02:50:00+00:00,12.489999771118164,12.489999771118164,12.489999771118164,12.489999771118164,36120,0.0,0.0,0.0
2024-03-25 02:55:00+00:00,12.489999771118164,12.520000457763672,12.489999771118164,12.520000457763672,157132,0.0,0.0,0.0
2024-03-25 03:00:00+00:00,12.520000457763672,12.520000457763672,12.510000228881836,12.520000457763672,6009,0.0,0.0,0.0
2024-03-25 03:05:00+00:00,12.520000457763672,12.520000457763672,12.520000457763672,12.520000457763672,31116,0.0,0.0,0.0
2024-03-25 03:10:00+00:00,12.520000457763672,12.529999732971191,12.520000457763672,12.520000457763672,11018,0.0,0.0,0.0
2024-03-25 03:15:00+00:00,12.510000228881836,12.510000228881836,12.510000228881836,12.510000228881836,6200,0.0,0.0,0.0
2024-03-25 03:20:00+00:00,12.520000457763672,12.520000457763672,12.510000228881836,12.510000228881836,3110,0.0,0.0,0.0
2024-03-25 03:25:00+00:00,12.520000457763672,12.520000457763672,12.510000228881836,12.510000228881836,7018,0.0,0.0,0.0
2024-03-25 03:30:00+00:00,12.510000228881836,12.510000228881836,12.510000228881836,12.510000228881836,10000,0.0,0.0,0.0
2024-03-25 03:35:00+00:00,12.5,12.510000228881836,12.5,12.510000228881836,3751,0.0,0.0,0.0
2024-03-25 03:45:00+00:00,12.510000228881836,12.510000228881836,12.510000228881836,12.510000228881836,2000,0.0,0.0,0.0
2024-03-25 03:50:00+00:00,12.520000457763672,12.520000457763672,12.520000457763672,12.520000457763672,55224,0.0,0.0,0.0
2024-03-25 03:55:00+00:00,12.520000457763672,12.520000457763672,12.520000457763672,12.520000457763672,4089,0.0,0.0,0.0
2024-03-25 04:00:00+00:00,12.520000457763672,12.520000457763672,12.510000228881836,12.510000228881836,13080,0.0,0.0,0.0
2024-03-25 04:05:00+00:00,12.5,12.520000457763672,12.5,12.520000457763672,3166,0.0,0.0,0.0
2024-03-25 04:15:00+00:00,12.510000228881836,12.510000228881836,12.510000228881836,12.510000228881836,4009,0.0,0.0,0.0
2024-03-25 04:20:00+00:00,12.5,12.5,12.5,12.5,7215,0.0,0.0,0.0
2024-03-25 04:25:00+00:00,12.5,12.5,12.5,12.5,39017,0.0,0.0,0.0
2024-03-25 04:30:00+00:00,12.510000228881836,12.510000228881836,12.510000228881836,12.510000228881836,1482,0.0,0.0,0.0
2024-03-25 04:35:00+00:00,12.5,12.5,12.5,12.5,1000,0.0,0.0,0.0
2024-03-25 04:40:00+00:00,12.5,12.5,12.5,12.5,5100,0.0,0.0,0.0
2024-03-25 04:45:00+00:00,12.5,12.510000228881836,12.5,12.5,62541,0.0,0.0,0.0
2024-03-25 04:55:00+00:00,12.510000228881836,12.510000228881836,12.5,12.510000228881836,10360,0.0,0.0,0.0
2024-03-25 05:00:00+00:00,12.510000228881836,12.510000228881836,12.510000228881836,12.510000228881836,3404,0.0,0.0,0.0
2024-03-25 05:05:00+00:00,12.520000457763672,12.520000457763672,12.520000457763672,12.520000457763672,1451,0.0,0.0,0.0
2024-03-25 05:10:00+00:00,12.510000228881836,12.510000228881836,12.510000228881836,12.510000228881836,1160,0.0,0.0,0.0
2024-03-25 05:15:00+00:00,12.510000228881836,12.510000228881836,12.510000228881836,12.510000228881836,2176,0.0,0.0,0.0
2024-03-25 05:20:00+00:00,12.510000228881836,12.510000228881836,12.5,12.5,31467,0.0,0.0,0.0
2024-03-26 01:00:00+00:00,12.489999771118164,12.5600004196167,12.489999771118164,12.5600004196167,0,0.0,0.0,0.0
2024-03-26 01:05:00+00:00,12.550000190734863,12.569999694824219,12.550000190734863,12.5600004196167,120375,0.0,0.0,0.0
2024-03-26 01:10:00+00:00,12.5600004196167,12.569999694824219,12.5600004196167,12.569999694824219,23201,0.0,0.0,0.0
2024-03-26 01:15:00+00:00,12.569999694824219,12.579999923706055,12.569999694824219,12.569999694824219,9939,0.0,0.0,0.0
2024-03-26 01:20:00+00:00,12.569999694824219,12.600000381469727,12.569999694824219,12.600000381469727,92492,0.0,0.0,0.0
2024-03-26 01:25:00+00:00,12.59000015258789,12.59000015258789,12.569999694824219,12.569999694824219,26200,0.0,0.0,0.0
2024-03-26 01:30:00+00:00,12.579999923706055,12.579999923706055,12.5600004196167,12.5600004196167,105494,0.0,0.0,0.0
2024-03-26 01:35:00+00:00,12.5600004196167,12.5600004196167,12.539999961853027,12.539999961853027,124071,0.0,0.0,0.0
2024-03-26 01:40:00+00:00,12.529999732971191,12.529999732971191,12.510000228881836,12.510000228881836,98790,0.0,0.0,0.0
2024-03-26 01:45:00+00:00,12.520000457763672,12.529999732971191,12.479999542236328,12.479999542236328,132133,0.0,0.0,0.0
2024-03-26 01:50:00+00:00,12.479999542236328,12.479999542236328,12.460000038146973,12.479999542236328,21000,0.0,0.0,0.0
2024-03-26 01:55:00+00:00,12.489999771118164,12.489999771118164,12.489999771118164,12.489999771118164,14001,0.0,0.0,0.0
2024-03-26 02:00:00+00:00,12.5,12.5,12.489999771118164,12.489999771118164,15115,0.0,0.0,0.0
2024-03-26 02:05:00+00:00,12.489999771118164,12.489999771118164,12.470000267028809,12.470000267028809,9390,0.0,0.0,0.0
2024-03-26 02:10:00+00:00,12.479999542236328,12.489999771118164,12.479999542236328,12.489999771118164,128001,0.0,0.0,0.0
2024-03-26 02:15:00+00:00,12.5,12.5,12.5,12.5,24100,0.0,0.0,0.0
2024-03-26 02:20:00+00:00,12.5,12.5,12.5,12.5,4161,0.0,0.0,0.0
2024-03-26 02:25:00+00:00,12.489999771118164,12.5,12.479999542236328,12.479999542236328,104523,0.0,0.0,0.0
2024-03-26 02:30:00+00:00,12.479999542236328,12.489999771118164,12.479999542236328,12.479999542236328,7892,0.0,0.0,0.0
2024-03-26 02:35:00+00:00,12.479999542236328,12.479999542236328,12.479999542236328,12.479999542236328,1000,0.0,0.0,0.0
2024-03-26 02:40:00+00:00,12.479999542236328,12.479999542236328,12.479999542236328,12.479999542236328,1001,0.0,0.0,0.0
2024-03-26 02:45:00+00:00,12.5,12.5,12.479999542236328,12.479999542236328,107028,0.0,0.0,0.0
2024-03-26 02:50:00+00:00,12.470000267028809,12.470000267028809,12.4399995803833,12.4399995803833,203719,0.0,0.0,0.0
2024-03-26 02:55:00+00:00,12.430000305175781,12.430000305175781,12.420000076293945,12.430000305175781,21911,0.0,0.0,0.0
2024-03-26 03:00:00+00:00,12.430000305175781,12.430000305175781,12.420000076293945,12.430000305175781,12251,0.0,0.0,0.0
2024-03-26 03:05:00+00:00,12.430000305175781,12.430000305175781,12.420000076293945,12.420000076293945,18081,0.0,0.0,0.0
2024-03-26 03:10:00+00:00,12.40999984741211,12.40999984741211,12.399999618530273,12.40999984741211,18098,0.0,0.0,0.0
2024-03-26 03:15:00+00:00,12.40999984741211,12.40999984741211,12.40999984741211,12.40999984741211,10201,0.0,0.0,0.0
2024-03-26 03:20:00+00:00,12.40999984741211,12.40999984741211,12.380000114440918,12.380000114440918,83162,0.0,0.0,0.0
2024-03-26 03:25:00+00:00,12.380000114440918,12.380000114440918,12.369999885559082,12.380000114440918,56442,0.0,0.0,0.0
2024-03-26 03:30:00+00:00,12.369999885559082,12.380000114440918,12.369999885559082,12.369999885559082,22236,0.0,0.0,0.0
2024-03-26 03:35:00+00:00,12.359999656677246,12.359999656677246,12.329999923706055,12.329999923706055,200249,0.0,0.0,0.0
2024-03-26 03:40:00+00:00,12.319999694824219,12.319999694824219,12.300000190734863,12.300000190734863,44231,0.0,0.0,0.0
2024-03-26 03:45:00+00:00,12.3100004196167,12.350000381469727,12.3100004196167,12.350000381469727,54646,0.0,0.0,0.0
2024-03-26 03:50:00+00:00,12.359999656677246,12.380000114440918,12.350000381469727,12.350000381469727,39939,0.0,0.0,0.0
2024-03-26 03:55:00+00:00,12.350000381469727,12.350000381469727,12.350000381469727,12.350000381469727,2090,0.0,0.0,0.0
2024-03-26 04:00:00+00:00,12.350000381469727,12.369999885559082,12.350000381469727,12.369999885559082,7077,0.0,0.0,0.0
2024-03-26 04:05:00+00:00,12.369999885559082,12.380000114440918,12.369999885559082,12.380000114440918,11208,0.0,0.0,0.0
2024-03-26 04:15:00+00:00,12.380000114440918,12.380000114440918,12.380000114440918,12.380000114440918,6220,0.0,0.0,0.0
2024-03-26 04:20:00+00:00,12.390000343322754,12.399999618530273,12.390000343322754,12.399999618530273,53001,0.0,0.0,0.0
2024-03-26 04:25:00+00:00,12.40999984741211,12.420000076293945,12.40999984741211,12.420000076293945,13001,0.0,0.0,0.0
2024-03-26 04:30:00+00:00,12.430000305175781,12.430000305175781,12.420000076293945,12.420000076293945,10362,0.0,0.0,0.0
2024-03-26 04:35:00+00:00,12.420000076293945,12.420000076293945,12.40999984741211,12.420000076293945,6471,0.0,0.0,0.0
2024-03-26 04:40:00+00:00,12.420000076293945,12.420000076293945,12.420000076293945,12.420000076293945,1000,0.0,0.0,0.0
2024-03-26 04:45:00+00:00,12.40999984741211,12.40999984741211,12.40999984741211,12.40999984741211,3243,0.0,0.0,0.0
2024-03-26 04:50:00+00:00,12.40999984741211,12.40999984741211,12.40999984741211,12.40999984741211,6120,0.0,0.0,0.0
2024-03-26 04:55:00+00:00,12.40999984741211,12.4399995803833,12.40999984741211,12.4399995803833,52000,0.0,0.0,0.0
2024-03-26 05:00:00+00:00,12.4399995803833,12.4399995803833,12.4399995803833,12.4399995803833,4601,0.0,0.0,0.0
2024-03-26 05:05:00+00:00,12.4399995803833,12.4399995803833,12.430000305175781,12.430000305175781,14170,0.0,0.0,0.0
2024-03-26 05:10:00+00:00,12.430000305175781,12.4399995803833,12.430000305175781,12.4399995803833,16228,0.0,0.0,0.0
2024-03-26 05:15:00+00:00,12.4399995803833,12.4399995803833,12.420000076293945,12.420000076293945,78428,0.0,0.0,0.0
2024-03-26 05:20:00+00:00,12.420000076293945,12.4399995803833,12.420000076293945,12.420000076293945,16592,0.0,0.0,0.0
2024-03-27 01:00:00+00:00,12.390000343322754,12.420000076293945,12.369999885559082,12.369999885559082,0,0.0,0.0,0.0
2024-03-27 01:05:00+00:00,12.380000114440918,12.380000114440918,12.380000114440918,12.380000114440918,5460,0.0,0.0,0.0
2024-03-27 01:10:00+00:00,12.380000114440918,12.399999618530273,12.380000114440918,12.399999618530273,47564,0.0,0.0,0.0
2024-03-27 01:15:00+00:00,12.399999618530273,12.399999618530273,12.399999618530273,12.399999618530273,7114,0.0,0.0,0.0
2024-03-27 01:20:00+00:00,12.390000343322754,12.40999984741211,12.390000343322754,12.40999984741211,21075,0.0,0.0,0.0
2024-03-27 01:25:00+00:00,12.420000076293945,12.430000305175781,12.420000076293945,12.420000076293945,23500,0.0,0.0,0.0
2024-03-27 01:30:00+00:00,12.420000076293945,12.420000076293945,12.420000076293945,12.420000076293945,33094,0.0,0.0,0.0
2024-03-27 01:35:00+00:00,12.420000076293945,12.420000076293945,12.420000076293945,12.420000076293945,30197,0.0,0.0,0.0
2024-03-27 01:40:00+00:00,12.420000076293945,12.420000076293945,12.40999984741211,12.40999984741211,25844,0.0,0.0,0.0
2024-03-27 01:45:00+00:00,12.40999984741211,12.40999984741211,12.40999984741211,12.40999984741211,1000,0.0,0.0,0.0
2024-03-27 01:50:00+00:00,12.40999984741211,12.40999984741211,12.40999984741211,12.40999984741211,25044,0.0,0.0,0.0
2024-03-27 01:55:00+00:00,12.420000076293945,12.420000076293945,12.420000076293945,12.420000076293945,16428,0.0,0.0,0.0
2024-03-27 02:05:00+00:00,12.420000076293945,12.420000076293945,12.420000076293945,12.420000076293945,3000,0.0,0.0,0.0
2024-03-27 02:10:00+00:00,12.420000076293945,12.420000076293945,12.40999984741211,12.40999984741211,120278,0.0,0.0,0.0
2024-03-27 02:15:00+00:00,12.399999618530273,12.40999984741211,12.399999618530273,12.399999618530273,13195,0.0,0.0,0.0
2024-03-27 02:20:00+00:00,12.390000343322754,12.390000343322754,12.390000343322754,12.390000343322754,5226,0.0,0.0,0.0
2024-03-27 02:25:00+00:00,12.390000343322754,12.399999618530273,12.390000343322754,12.399999618530273,2044,0.0,0.0,0.0
2024-03-27 02:30:00+00:00,12.399999618530273,12.399999618530273,12.399999618530273,12.399999618530273,4092,0.0,0.0,0.0
2024-03-27 02:35:00+00:00,12.40999984741211,12.40999984741211,12.40999984741211,12.40999984741211,2190,0.0,0.0,0.0
2024-03-27 02:40:00+00:00,12.40999984741211,12.40999984741211,12.40999984741211,12.40999984741211,1000,0.0,0.0,0.0
2024-03-27 02:45:00+00:00,12.399999618530273,12.399999618530273,12.399999618530273,12.399999618530273,8089,0.0,0.0,0.0
2024-03-27 02:55:00+00:00,12.40999984741211,12.40999984741211,12.40999984741211,12.40999984741211,14344,0.0,0.0,0.0
2024-03-27 03:00:00+00:00,12.420000076293945,12.420000076293945,12.420000076293945,12.420000076293945,7044,0.0,0.0,0.0
2024-03-27 03:05:00+00:00,12.430000305175781,12.430000305175781,12.430000305175781,12.430000305175781,144351,0.0,0.0,0.0
2024-03-27 03:10:00+00:00,12.430000305175781,12.430000305175781,12.430000305175781,12.430000305175781,3100,0.0,0.0,0.0
2024-03-27 03:15:00+00:00,12.430000305175781,12.430000305175781,12.430000305175781,12.430000305175781,4045,0.0,0.0,0.0
2024-03-27 03:20:00+00:00,12.420000076293945,12.420000076293945,12.40999984741211,12.40999984741211,30089,0.0,0.0,0.0
2024-03-27 03:25:00+00:00,12.40999984741211,12.40999984741211,12.40999984741211,12.40999984741211,104000,0.0,0.0,0.0
2024-03-27 03:30:00+00:00,12.40999984741211,12.40999984741211,12.399999618530273,12.40999984741211,25190,0.0,0.0,0.0
2024-03-27 03:35:00+00:00,12.420000076293945,12.430000305175781,12.420000076293945,12.430000305175781,29044,0.0,0.0,0.0
2024-03-27 03:40:00+00:00,12.430000305175781,12.4399995803833,12.430000305175781,12.4399995803833,136145,0.0,0.0,0.0
2024-03-27 03:45:00+00:00,12.4399995803833,12.4399995803833,12.4399995803833,12.4399995803833,18398,0.0,0.0,0.0
2024-03-27 03:55:00+00:00,12.449999809265137,12.449999809265137,12.4399995803833,12.4399995803833,14089,0.0,0.0,0.0
2024-03-27 04:00:00+00:00,12.4399995803833,12.4399995803833,12.420000076293945,12.420000076293945,6571,0.0,0.0,0.0
2024-03-27 04:05:00+00:00,12.430000305175781,12.4399995803833,12.430000305175781,12.4399995803833,10045,0.0,0.0,0.0
2024-03-27 04:10:00+00:00,12.4399995803833,12.4399995803833,12.430000305175781,12.430000305175781,7189,0.0,0.0,0.0
2024-03-27 04:15:00+00:00,12.430000305175781,12.4399995803833,12.430000305175781,12.4399995803833,14035,0.0,0.0,0.0
2024-03-27 04:20:00+00:00,12.449999809265137,12.449999809265137,12.449999809265137,12.449999809265137,6145,0.0,0.0,0.0
2024-03-27 04:25:00+00:00,12.449999809265137,12.449999809265137,12.449999809265137,12.449999809265137,1155,0.0,0.0,0.0
2024-03-27 04:30:00+00:00,12.449999809265137,12.449999809265137,12.449999809265137,12.449999809265137,28000,0.0,0.0,0.0
2024-03-27 04:35:00+00:00,12.449999809265137,12.460000038146973,12.449999809265137,12.460000038146973,42000,0.0,0.0,0.0
2024-03-27 04:40:00+00:00,12.460000038146973,12.460000038146973,12.460000038146973,12.460000038146973,12418,0.0,0.0,0.0
2024-03-27 04:45:00+00:00,12.470000267028809,12.479999542236328,12.470000267028809,12.479999542236328,40505,0.0,0.0,0.0
2024-03-27 04:50:00+00:00,12.479999542236328,12.479999542236328,12.479999542236328,12.479999542236328,9496,0.0,0.0,0.0
2024-03-27 04:55:00+00:00,12.479999542236328,12.479999542236328,12.479999542236328,12.479999542236328,8046,0.0,0.0,0.0
2024-03-27 05:00:00+00:00,12.479999542236328,12.479999542236328,12.460000038146973,12.460000038146973,36685,0.0,0.0,0.0
2024-03-27 05:05:00+00:00,12.470000267028809,12.470000267028809,12.470000267028809,12.470000267028809,2044,0.0,0.0,0.0
2024-03-27 05:10:00+00:00,12.460000038146973,12.460000038146973,12.460000038146973,12.460000038146973,6208,0.0,0.0,0.0
2024-03-27 05:15:00+00:00,12.460000038146973,12.470000267028809,12.460000038146973,12.470000267028809,4044,0.0,0.0,0.0
2024-03-27 05:20:00+00:00,12.460000038146973,12.460000038146973,12.460000038146973,12.460000038146973,3045,0.0,0.0,0.0
2024-03-28 01:00:00+00:00,12.489999771118164,12.489999771118164,12.470000267028809,12.470000267028809,0,0.0,0.0,0.0
2024-03-28 01:05:00+00:00,12.470000267028809,12.470000267028809,12.449999809265137,12.449999809265137,84247,0.0,0.0,0.0
2024-03-28 01:10:00+00:00,12.449999809265137,12.449999809265137,12.449999809265137,12.449999809265137,12252,0.0,0.0,0.0
2024-03-28 01:15:00+00:00,12.449999809265137,12.449999809265137,12.4399995803833,12.4399995803833,15016,0.0,0.0,0.0
2024-03-28 01:20:00+00:00,12.449999809265137,12.449999809265137,12.430000305175781,12.430000305175781,42369,0.0,0.0,0.0
2024-03-28 01:25:00+00:00,12.420000076293945,12.420000076293945,12.399999618530273,12.399999618530273,7350,0.0,0.0,0.0
2024-03-28 01:30:00+00:00,12.399999618530273,12.399999618530273,12.380000114440918,12.380000114440918,25612,0.0,0.0,0.0
2024-03-28 01:35:00+00:00,12.399999618530273,12.399999618530273,12.399999618530273,12.399999618530273,40109,0.0,0.0,0.0
2024-03-28 01:40:00+00:00,12.399999618530273,12.420000076293945,12.390000343322754,12.420000076293945,11139,0.0,0.0,0.0
2024-03-28 01:45:00+00:00,12.420000076293945,12.420000076293945,12.420000076293945,12.420000076293945,9103,0.0,0.0,0.0
2024-03-28 01:50:00+00:00,12.4399995803833,12.4399995803833,12.4399995803833,12.4399995803833,1080,0.0,0.0,0.0
2024-03-28 01:55:00+00:00,12.4399995803833,12.4399995803833,12.430000305175781,12.430000305175781,12329,0.0,0.0,0.0
2024-03-28 02:00:00+00:00,12.4399995803833,12.4399995803833,12.4399995803833,12.4399995803833,3015,0.0,0.0,0.0
2024-03-28 02:05:00+00:00,12.4399995803833,12.449999809265137,12.4399995803833,12.449999809265137,11066,0.0,0.0,0.0
2024-03-28 02:10:00+00:00,12.449999809265137,12.460000038146973,12.449999809265137,12.460000038146973,122068,0.0,0.0,0.0
2024-03-28 02:15:00+00:00,12.4399995803833,12.4399995803833,12.4399995803833,12.4399995803833,3926,0.0,0.0,0.0
2024-03-28 02:30:00+00:00,12.460000038146973,12.460000038146973,12.460000038146973,12.460000038146973,2411,0.0,0.0,0.0
2024-03-28 02:35:00+00:00,12.460000038146973,12.470000267028809,12.460000038146973,12.470000267028809,56983,0.0,0.0,0.0
2024-03-28 02:40:00+00:00,12.470000267028809,12.489999771118164,12.470000267028809,12.489999771118164,124122,0.0,0.0,0.0
2024-03-28 02:45:00+00:00,12.489999771118164,12.489999771118164,12.489999771118164,12.489999771118164,5416,0.0,0.0,0.0
2024-03-28 02:50:00+00:00,12.489999771118164,12.489999771118164,12.489999771118164,12.489999771118164,3266,0.0,0.0,0.0
2024-03-28 03:00:00+00:00,12.470000267028809,12.470000267028809,12.470000267028809,12.470000267028809,1076,0.0,0.0,0.0
2024-03-28 03:10:00+00:00,12.489999771118164,12.489999771118164,12.489999771118164,12.489999771118164,42071,0.0,0.0,0.0
2024-03-28 03:15:00+00:00,12.5,12.5,12.5,12.5,9603,0.0,0.0,0.0
2024-03-28 03:20:00+00:00,12.5,12.5,12.5,12.5,3254,0.0,0.0,0.0
2024-03-28 03:30:00+00:00,12.489999771118164,12.489999771118164,12.489999771118164,12.489999771118164,5615,0.0,0.0,0.0
2024-03-28 03:35:00+00:00,12.479999542236328,12.479999542236328,12.479999542236328,12.479999542236328,2165,0.0,0.0,0.0
2024-03-28 03:40:00+00:00,12.479999542236328,12.479999542236328,12.479999542236328,12.479999542236328,1000,0.0,0.0,0.0
2024-03-28 03:45:00+00:00,12.479999542236328,12.479999542236328,12.470000267028809,12.470000267028809,4015,0.0,0.0,0.0
2024-03-28 03:50:00+00:00,12.460000038146973,12.460000038146973,12.449999809265137,12.449999809265137,12460,0.0,0.0,0.0
2024-03-28 03:55:00+00:00,12.449999809265137,12.460000038146973,12.449999809265137,12.460000038146973,3220,0.0,0.0,0.0
2024-03-28 04:05:00+00:00,12.449999809265137,12.449999809265137,12.449999809265137,12.449999809265137,1015,0.0,0.0,0.0
2024-03-28 04:10:00+00:00,12.449999809265137,12.449999809265137,12.449999809265137,12.449999809265137,32116,0.0,0.0,0.0
2024-03-28 04:15:00+00:00,12.449999809265137,12.449999809265137,12.430000305175781,12.430000305175781,33216,0.0,0.0,0.0
2024-03-28 04:20:00+00:00,12.430000305175781,12.430000305175781,12.420000076293945,12.430000305175781,16560,0.0,0.0,0.0
2024-03-28 04:25:00+00:00,12.430000305175781,12.4399995803833,12.430000305175781,12.4399995803833,5416,0.0,0.0,0.0
2024-03-28 04:30:00+00:00,12.449999809265137,12.449999809265137,12.4399995803833,12.4399995803833,108116,0.0,0.0,0.0
2024-03-28 04:35:00+00:00,12.460000038146973,12.460000038146973,12.460000038146973,12.460000038146973,2327,0.0,0.0,0.0
2024-03-28 04:40:00+00:00,12.449999809265137,12.449999809265137,12.449999809265137,12.449999809265137,3480,0.0,0.0,0.0
2024-03-28 04:45:00+00:00,12.449999809265137,12.470000267028809,12.449999809265137,12.470000267028809,6100,0.0,0.0,0.0
2024-03-28 04:55:00+00:00,12.479999542236328,12.479999542236328,12.479999542236328,12.479999542236328,12000,0.0,0.0,0.0
2024-03-28 05:00:00+00:00,12.479999542236328,12.479999542236328,12.479999542236328,12.479999542236328,2326,0.0,0.0,0.0
2024-03-28 05:05:00+00:00,12.479999542236328,12.479999542236328,12.479999542236328,12.479999542236328,5122,0.0,0.0,0.0
2024-03-28 05:10:00+00:00,12.479999542236328,12.479999542236328,12.479999542236328,12.479999542236328,12230,0.0,0.0,0.0
2024-03-28 05:15:00+00:00,12.479999542236328,12.479999542236328,12.479999542236328,12.479999542236328,1088,0.0,0.0,0.0
2024-03-28 05:20:00+00:00,12.470000267028809,12.470000267028809,12.470000267028809,12.470000267028809,2184,0.0,0.0,0.0
2024-03-29 01:00:00+00:00,12.460000038146973,12.479999542236328,12.460000038146973,12.470000267028809,37000,0.0,0.0,0.0
2024-03-29 01:05:00+00:00,12.489999771118164,12.489999771118164,12.470000267028809,12.470000267028809,42702,0.0,0.0,0.0
2024-03-29 01:10:00+00:00,12.470000267028809,12.479999542236328,12.460000038146973,12.479999542236328,25110,0.0,0.0,0.0
2024-03-29 01:15:00+00:00,12.479999542236328,12.479999542236328,12.460000038146973,12.460000038146973,30051,0.0,0.0,0.0
2024-03-29 01:20:00+00:00,12.460000038146973,12.460000038146973,12.430000305175781,12.430000305175781,58382,0.0,0.0,0.0
2024-03-29 01:25:00+00:00,12.430000305175781,12.449999809265137,12.430000305175781,12.449999809265137,42063,0.0,0.0,0.0
2024-03-29 01:30:00+00:00,12.470000267028809,12.470000267028809,12.449999809265137,12.449999809265137,19081,0.0,0.0,0.0
2024-03-29 01:35:00+00:00,12.460000038146973,12.460000038146973,12.460000038146973,12.460000038146973,10063,0.0,0.0,0.0
2024-03-29 01:40:00+00:00,12.470000267028809,12.489999771118164,12.470000267028809,12.479999542236328,144107,0.0,0.0,0.0
2024-03-29 01:45:00+00:00,12.5,12.5,12.5,12.5,7255,0.0,0.0,0.0
2024-03-29 01:50:00+00:00,12.479999542236328,12.489999771118164,12.479999542236328,12.479999542236328,18928,0.0,0.0,0.0
2024-03-29 01:55:00+00:00,12.479999542236328,12.489999771118164,12.479999542236328,12.479999542236328,31031,0.0,0.0,0.0
2024-03-29 02:00:00+00:00,12.489999771118164,12.489999771118164,12.479999542236328,12.479999542236328,34163,0.0,0.0,0.0
2024-03-29 02:05:00+00:00,12.489999771118164,12.489999771118164,12.489999771118164,12.489999771118164,41573,0.0,0.0,0.0
2024-03-29 02:10:00+00:00,12.489999771118164,12.489999771118164,12.489999771118164,12.489999771118164,1733,0.0,0.0,0.0
2024-03-29 02:15:00+00:00,12.479999542236328,12.479999542236328,12.479999542236328,12.479999542236328,1000,0.0,0.0,0.0
2024-03-29 02:20:00+00:00,12.470000267028809,12.470000267028809,12.470000267028809,12.470000267028809,6031,0.0,0.0,0.0
2024-03-29 02:25:00+00:00,12.470000267028809,12.479999542236328,12.470000267028809,12.479999542236328,29032,0.0,0.0,0.0
2024-03-29 02:30:00+00:00,12.489999771118164,12.489999771118164,12.489999771118164,12.489999771118164,46683,0.0,0.0,0.0
2024-03-29 02:35:00+00:00,12.5,12.5,12.5,12.5,2032,0.0,0.0,0.0
2024-03-29 02:40:00+00:00,12.489999771118164,12.489999771118164,12.489999771118164,12.489999771118164,2366,0.0,0.0,0.0
2024-03-29 02:45:00+00:00,12.489999771118164,12.489999771118164,12.489999771118164,12.489999771118164,14031,0.0,0.0,0.0
2024-03-29 02:50:00+00:00,12.489999771118164,12.489999771118164,12.489999771118164,12.489999771118164,1093,0.0,0.0,0.0
2024-03-29 02:55:00+00:00,12.489999771118164,12.489999771118164,12.479999542236328,12.489999771118164,128031,0.0,0.0,0.0
2024-03-29 03:00:00+00:00,12.5,12.5,12.5,12.5,213204,0.0,0.0,0.0
2024-03-29 03:10:00+00:00,12.5,12.5,12.5,12.5,21032,0.0,0.0,0.0
2024-03-29 03:15:00+00:00,12.489999771118164,12.489999771118164,12.489999771118164,12.489999771118164,1642,0.0,0.0,0.0
2024-03-29 03:25:00+00:00,12.489999771118164,12.489999771118164,12.479999542236328,12.479999542236328,9032,0.0,0.0,0.0
2024-03-29 03:30:00+00:00,12.5,12.5,12.5,12.5,10131,0.0,0.0,0.0
2024-03-29 03:35:00+00:00,12.489999771118164,12.489999771118164,12.489999771118164,12.489999771118164,10110,0.0,0.0,0.0
2024-03-29 03:40:00+00:00,12.489999771118164,12.489999771118164,12.489999771118164,12.489999771118164,5563,0.0,0.0,0.0
2024-03-29 03:45:00+00:00,12.489999771118164,12.489999771118164,12.489999771118164,12.489999771118164,1133,0.0,0.0,0.0
2024-03-29 03:55:00+00:00,12.489999771118164,12.489999771118164,12.489999771118164,12.489999771118164,5000,0.0,0.0,0.0
2024-03-29 04:00:00+00:00,12.489999771118164,12.489999771118164,12.479999542236328,12.479999542236328,4062,0.0,0.0,0.0
2024-03-29 04:05:00+00:00,12.489999771118164,12.489999771118164,12.489999771118164,12.489999771118164,2571,0.0,0.0,0.0
2024-03-29 04:15:00+00:00,12.489999771118164,12.489999771118164,12.489999771118164,12.489999771118164,31160,0.0,0.0,0.0
2024-03-29 04:25:00+00:00,12.5,12.5,12.5,12.5,1216,0.0,0.0,0.0
2024-03-29 04:30:00+00:00,12.5,12.5,12.489999771118164,12.489999771118164,132000,0.0,0.0,0.0
2024-03-29 04:35:00+00:00,12.489999771118164,12.489999771118164,12.489999771118164,12.489999771118164,5281,0.0,0.0,0.0
2024-03-29 04:45:00+00:00,12.479999542236328,12.479999542236328,12.470000267028809,12.470000267028809,3200,0.0,0.0,0.0
2024-03-29 04:55:00+00:00,12.489999771118164,12.5,12.489999771118164,12.5,114494,0.0,0.0,0.0
2024-03-29 05:00:00+00:00,12.5,12.510000228881836,12.5,12.510000228881836,131973,0.0,0.0,0.0
2024-03-29 05:05:00+00:00,12.510000228881836,12.510000228881836,12.510000228881836,12.510000228881836,86773,0.0,0.0,0.0
2024-03-29 05:10:00+00:00,12.510000228881836,12.520000457763672,12.510000228881836,12.520000457763672,211032,0.0,0.0,0.0
2024-03-29 05:15:00+00:00,12.520000457763672,12.529999732971191,12.520000457763672,12.520000457763672,212119,0.0,0.0,0.0
2024-03-29 05:20:00+00:00,12.510000228881836,12.520000457763672,12.510000228881836,12.510000228881836,108878,0.0,0.0,0.0
2024-04-01 01:00:00+00:00,12.520000457763672,12.579999923706055,12.520000457763672,12.539999961853027,0,0.0,0.0,0.0
2024-04-01 01:05:00+00:00,12.539999961853027,12.550000190734863,12.539999961853027,12.550000190734863,9491,0.0,0.0,0.0
2024-04-01 01:10:00+00:00,12.5600004196167,12.579999923706055,12.5600004196167,12.579999923706055,36048,0.0,0.0,0.0
2024-04-01 01:15:00+00:00,12.5600004196167,12.5600004196167,12.5600004196167,12.5600004196167,6012,0.0,0.0,0.0
2024-04-01 01:20:00+00:00,12.579999923706055,12.579999923706055,12.5600004196167,12.5600004196167,128287,0.0,0.0,0.0
2024-04-01 01:25:00+00:00,12.550000190734863,12.550000190734863,12.550000190734863,12.550000190734863,107109,0.0,0.0,0.0
2024-04-01 01:30:00+00:00,12.539999961853027,12.550000190734863,12.539999961853027,12.550000190734863,43009,0.0,0.0,0.0
2024-04-01 01:35:00+00:00,12.539999961853027,12.539999961853027,12.529999732971191,12.539999961853027,34521,0.0,0.0,0.0
2024-04-01 01:40:00+00:00,12.529999732971191,12.529999732971191,12.529999732971191,12.529999732971191,27009,0.0,0.0,0.0
2024-04-01 01:45:00+00:00,12.529999732971191,12.539999961853027,12.529999732971191,12.539999961853027,6067,0.0,0.0,0.0
2024-04-01 01:50:00+00:00,12.539999961853027,12.539999961853027,12.539999961853027,12.539999961853027,30050,0.0,0.0,0.0
2024-04-01 01:55:00+00:00,12.550000190734863,12.550000190734863,12.520000457763672,12.520000457763672,33298,0.0,0.0,0.0
2024-04-01 02:00:00+00:00,12.520000457763672,12.520000457763672,12.510000228881836,12.510000228881836,34404,0.0,0.0,0.0
2024-04-01 02:05:00+00:00,12.5,12.510000228881836,12.5,12.5,22624,0.0,0.0,0.0
2024-04-01 02:10:00+00:00,12.5,12.5,12.5,12.5,1000,0.0,0.0,0.0
2024-04-01 02:15:00+00:00,12.489999771118164,12.5,12.489999771118164,12.5,2097,0.0,0.0,0.0
2024-04-01 02:20:00+00:00,12.5,12.5,12.5,12.5,14384,0.0,0.0,0.0
2024-04-01 02:25:00+00:00,12.510000228881836,12.510000228881836,12.510000228881836,12.510000228881836,1080,0.0,0.0,0.0
2024-04-01 02:30:00+00:00,12.5,12.5,12.5,12.5,2301,0.0,0.0,0.0
2024-04-01 02:35:00+00:00,12.5,12.5,12.5,12.5,11009,0.0,0.0,0.0
2024-04-01 02:40:00+00:00,12.510000228881836,12.510000228881836,12.5,12.5,5009,0.0,0.0,0.0
2024-04-01 02:45:00+00:00,12.5,12.5,12.5,12.5,1209,0.0,0.0,0.0
2024-04-01 02:50:00+00:00,12.510000228881836,12.510000228881836,12.5,12.5,16500,0.0,0.0,0.0
2024-04-01 02:55:00+00:00,12.489999771118164,12.5,12.489999771118164,12.5,4017,0.0,0.0,0.0
2024-04-01 03:00:00+00:00,12.5,12.510000228881836,12.489999771118164,12.489999771118164,13018,0.0,0.0,0.0
2024-04-01 03:10:00+00:00,12.510000228881836,12.510000228881836,12.5,12.5,2554,0.0,0.0,0.0
2024-04-01 03:15:00+00:00,12.5,12.5,12.5,12.5,6000,0.0,0.0,0.0
2024-04-01 03:20:00+00:00,12.489999771118164,12.5,12.489999771118164,12.5,6377,0.0,0.0,0.0
2024-04-01 03:25:00+00:00,12.489999771118164,12.489999771118164,12.489999771118164,12.489999771118164,133118,0.0,0.0,0.0
2024-04-01 03:35:00+00:00,12.5,12.5,12.5,12.5,4009,0.0,0.0,0.0
2024-04-01 03:40:00+00:00,12.5,12.5,12.5,12.5,5008,0.0,0.0,0.0
2024-04-01 03:45:00+00:00,12.5,12.5,12.5,12.5,1294,0.0,0.0,0.0
2024-04-01 03:55:00+00:00,12.5,12.5,12.5,12.5,1332,0.0,0.0,0.0
2024-04-01 04:00:00+00:00,12.5,12.5,12.5,12.5,5009,0.0,0.0,0.0
2024-04-01 04:05:00+00:00,12.5,12.510000228881836,12.5,12.510000228881836,4008,0.0,0.0,0.0
2024-04-01 04:10:00+00:00,12.5,12.5,12.5,12.5,10118,0.0,0.0,0.0
2024-04-01 04:15:00+00:00,12.489999771118164,12.5,12.489999771118164,12.5,5432,0.0,0.0,0.0
2024-04-01 04:30:00+00:00,12.5,12.5,12.5,12.5,2049,0.0,0.0,0.0
2024-04-01 04:35:00+00:00,12.5,12.5,12.5,12.5,55874,0.0,0.0,0.0
2024-04-01 04:40:00+00:00,12.5,12.5,12.5,12.5,5000,0.0,0.0,0.0
2024-04-01 04:45:00+00:00,12.5,12.5,12.5,12.5,6000,0.0,0.0,0.0
2024-04-01 04:50:00+00:00,12.5,12.5,12.5,12.5,3380,0.0,0.0,0.0
2024-04-01 04:55:00+00:00,12.5,12.5,12.5,12.5,5181,0.0,0.0,0.0
2024-04-01 05:00:00+00:00,12.489999771118164,12.489999771118164,12.489999771118164,12.489999771118164,2181,0.0,0.0,0.0
2024-04-01 05:05:00+00:00,12.5,12.5,12.5,12.5,1000,0.0,0.0,0.0
2024-04-01 05:10:00+00:00,12.5,12.5,12.5,12.5,8480,0.0,0.0,0.0
2024-04-01 05:15:00+00:00,12.5,12.5,12.489999771118164,12.489999771118164,7276,0.0,0.0,0.0
2024-04-01 05:20:00+00:00,12.489999771118164,12.489999771118164,12.479999542236328,12.479999542236328,24261,0.0,0.0,0.0
2024-04-02 01:00:00+00:00,12.510000228881836,12.609999656677246,12.510000228881836,12.579999923706055,0,0.0,0.0,0.0
2024-04-02 01:05:00+00:00,12.600000381469727,12.600000381469727,12.600000381469727,12.600000381469727,82133,0.0,0.0,0.0
2024-04-02 01:10:00+00:00,12.609999656677246,12.609999656677246,12.600000381469727,12.609999656677246,32259,0.0,0.0,0.0
2024-04-02 01:15:00+00:00,12.600000381469727,12.619999885559082,12.600000381469727,12.619999885559082,30249,0.0,0.0,0.0
2024-04-02 01:20:00+00:00,12.59000015258789,12.619999885559082,12.59000015258789,12.619999885559082,33355,0.0,0.0,0.0
2024-04-02 01:25:00+00:00,12.609999656677246,12.630000114440918,12.609999656677246,12.630000114440918,20387,0.0,0.0,0.0
2024-04-02 01:30:00+00:00,12.619999885559082,12.619999885559082,12.619999885559082,12.619999885559082,7400,0.0,0.0,0.0
2024-04-02 01:35:00+00:00,12.619999885559082,12.619999885559082,12.609999656677246,12.609999656677246,22209,0.0,0.0,0.0
2024-04-02 01:40:00+00:00,12.609999656677246,12.619999885559082,12.609999656677246,12.609999656677246,6002,0.0,0.0,0.0
2024-04-02 01:45:00+00:00,12.619999885559082,12.619999885559082,12.619999885559082,12.619999885559082,5039,0.0,0.0,0.0
2024-04-02 01:50:00+00:00,12.619999885559082,12.640000343322754,12.619999885559082,12.640000343322754,66186,0.0,0.0,0.0
2024-04-02 01:55:00+00:00,12.630000114440918,12.640000343322754,12.630000114440918,12.640000343322754,15319,0.0,0.0,0.0
2024-04-02 02:00:00+00:00,12.640000343322754,12.649999618530273,12.640000343322754,12.649999618530273,57100,0.0,0.0,0.0
2024-04-02 02:05:00+00:00,12.649999618530273,12.649999618530273,12.640000343322754,12.640000343322754,26078,0.0,0.0,0.0
2024-04-02 02:10:00+00:00,12.640000343322754,12.640000343322754,12.640000343322754,12.640000343322754,11539,0.0,0.0,0.0
2024-04-02 02:15:00+00:00,12.649999618530273,12.649999618530273,12.640000343322754,12.649999618530273,33435,0.0,0.0,0.0
2024-04-02 02:20:00+00:00,12.649999618530273,12.649999618530273,12.649999618530273,12.649999618530273,1119,0.0,0.0,0.0
2024-04-02 02:25:00+00:00,12.640000343322754,12.640000343322754,12.640000343322754,12.640000343322754,3000,0.0,0.0,0.0
2024-04-02 02:30:00+00:00,12.640000343322754,12.649999618530273,12.640000343322754,12.649999618530273,227378,0.0,0.0,0.0
2024-04-02 02:35:00+00:00,12.649999618530273,12.649999618530273,12.649999618530273,12.649999618530273,18304,0.0,0.0,0.0
2024-04-02 02:40:00+00:00,12.649999618530273,12.649999618530273,12.649999618530273,12.649999618530273,10040,0.0,0.0,0.0
2024-04-02 02:45:00+00:00,12.649999618530273,12.65999984741211,12.649999618530273,12.649999618530273,17217,0.0,0.0,0.0
2024-04-02 02:50:00+00:00,12.649999618530273,12.649999618530273,12.640000343322754,12.649999618530273,16289,0.0,0.0,0.0
2024-04-02 02:55:00+00:00,12.649999618530273,12.65999984741211,12.649999618530273,12.65999984741211,101078,0.0,0.0,0.0
2024-04-02 03:00:00+00:00,12.65999984741211,12.65999984741211,12.649999618530273,12.65999984741211,24389,0.0,0.0,0.0
2024-04-02 03:05:00+00:00,12.65999984741211,12.65999984741211,12.65999984741211,12.65999984741211,5039,0.0,0.0,0.0
2024-04-02 03:10:00+00:00,12.65999984741211,12.65999984741211,12.649999618530273,12.649999618530273,20248,0.0,0.0,0.0
2024-04-02 03:15:00+00:00,12.649999618530273,12.65999984741211,12.649999618530273,12.649999618530273,8196,0.0,0.0,0.0
2024-04-02 03:20:00+00:00,12.65999984741211,12.65999984741211,12.65999984741211,12.65999984741211,5000,0.0,0.0,0.0
2024-04-02 03:25:00+00:00,12.65999984741211,12.65999984741211,12.649999618530273,12.649999618530273,7178,0.0,0.0,0.0
2024-04-02 03:30:00+00:00,12.649999618530273,12.649999618530273,12.649999618530273,12.649999618530273,2139,0.0,0.0,0.0
2024-04-02 03:35:00+00:00,12.65999984741211,12.65999984741211,12.65999984741211,12.65999984741211,101200,0.0,0.0,0.0
2024-04-02 03:40:00+00:00,12.65999984741211,12.65999984741211,12.65999984741211,12.65999984741211,104039,0.0,0.0,0.0
2024-04-02 03:45:00+00:00,12.65999984741211,12.65999984741211,12.649999618530273,12.649999618530273,46289,0.0,0.0,0.0
2024-04-02 03:50:00+00:00,12.65999984741211,12.65999984741211,12.649999618530273,12.649999618530273,51078,0.0,0.0,0.0
2024-04-02 03:55:00+00:00,12.65999984741211,12.65999984741211,12.65999984741211,12.65999984741211,62238,0.0,0.0,0.0
2024-04-02 04:00:00+00:00,12.65999984741211,12.65999984741211,12.649999618530273,12.649999618530273,12039,0.0,0.0,0.0
2024-04-02 04:05:00+00:00,12.670000076293945,12.670000076293945,12.649999618530273,12.65999984741211,11189,0.0,0.0,0.0
2024-04-02 04:10:00+00:00,12.65999984741211,12.65999984741211,12.65999984741211,12.65999984741211,105239,0.0,0.0,0.0
2024-04-02 04:15:00+00:00,12.65999984741211,12.65999984741211,12.65999984741211,12.65999984741211,3484,0.0,0.0,0.0
2024-04-02 04:20:00+00:00,12.65999984741211,12.65999984741211,12.649999618530273,12.649999618530273,6678,0.0,0.0,0.0
2024-04-02 04:25:00+00:00,12.649999618530273,12.649999618530273,12.649999618530273,12.649999618530273,5040,0.0,0.0,0.0
2024-04-02 04:30:00+00:00,12.649999618530273,12.649999618530273,12.649999618530273,12.649999618530273,2627,0.0,0.0,0.0
2024-04-02 04:35:00+00:00,12.65999984741211,12.65999984741211,12.65999984741211,12.65999984741211,12020,0.0,0.0,0.0
2024-04-02 04:40:00+00:00,12.65999984741211,12.65999984741211,12.65999984741211,12.65999984741211,14174,0.0,0.0,0.0
2024-04-02 04:45:00+00:00,12.65999984741211,12.670000076293945,12.65999984741211,12.670000076293945,25099,0.0,0.0,0.0
2024-04-02 04:50:00+00:00,12.670000076293945,12.670000076293945,12.65999984741211,12.670000076293945,42127,0.0,0.0,0.0
2024-04-02 04:55:00+00:00,12.670000076293945,12.670000076293945,12.65999984741211,12.65999984741211,13213,0.0,0.0,0.0
2024-04-02 05:00:00+00:00,12.670000076293945,12.670000076293945,12.670000076293945,12.670000076293945,44033,0.0,0.0,0.0
2024-04-02 05:05:00+00:00,12.680000305175781,12.680000305175781,12.670000076293945,12.680000305175781,84754,0.0,0.0,0.0
2024-04-02 05:10:00+00:00,12.680000305175781,12.680000305175781,12.670000076293945,12.670000076293945,182034,0.0,0.0,0.0
2024-04-02 05:15:00+00:00,12.670000076293945,12.670000076293945,12.65999984741211,12.670000076293945,21456,0.0,0.0,0.0
2024-04-02 05:20:00+00:00,12.670000076293945,12.670000076293945,12.670000076293945,12.670000076293945,12044,0.0,0.0,0.0
2024-04-03 01:00:00+00:00,12.600000381469727,12.600000381469727,12.550000190734863,12.579999923706055,0,0.0,0.0,0.0
2024-04-03 01:05:00+00:00,12.600000381469727,12.619999885559082,12.600000381469727,12.609999656677246,148701,0.0,0.0,0.0
2024-04-03 01:10:00+00:00,12.609999656677246,12.609999656677246,12.600000381469727,12.600000381469727,39094,0.0,0.0,0.0
2024-04-03 01:15:00+00:00,12.600000381469727,12.600000381469727,12.600000381469727,12.600000381469727,5012,0.0,0.0,0.0
2024-04-03 01:20:00+00:00,12.600000381469727,12.609999656677246,12.600000381469727,12.609999656677246,11287,0.0,0.0,0.0
2024-04-03 01:25:00+00:00,12.609999656677246,12.609999656677246,12.609999656677246,12.609999656677246,16000,0.0,0.0,0.0
2024-04-03 01:30:00+00:00,12.619999885559082,12.619999885559082,12.609999656677246,12.609999656677246,5314,0.0,0.0,0.0
2024-04-03 01:35:00+00:00,12.600000381469727,12.600000381469727,12.59000015258789,12.59000015258789,175559,0.0,0.0,0.0
2024-04-03 01:40:00+00:00,12.59000015258789,12.59000015258789,12.579999923706055,12.579999923706055,137305,0.0,0.0,0.0
2024-04-03 01:45:00+00:00,12.59000015258789,12.59000015258789,12.569999694824219,12.569999694824219,34802,0.0,0.0,0.0
2024-04-03 01:50:00+00:00,12.569999694824219,12.569999694824219,12.569999694824219,12.569999694824219,14126,0.0,0.0,0.0
2024-04-03 01:55:00+00:00,12.569999694824219,12.569999694824219,12.5600004196167,12.5600004196167,18191,0.0,0.0,0.0
2024-04-03 02:00:00+00:00,12.569999694824219,12.569999694824219,12.5600004196167,12.5600004196167,33262,0.0,0.0,0.0
2024-04-03 02:05:00+00:00,12.5600004196167,12.5600004196167,12.5600004196167,12.5600004196167,4311,0.0,0.0,0.0
2024-04-03 02:10:00+00:00,12.569999694824219,12.579999923706055,12.569999694824219,12.579999923706055,8012,0.0,0.0,0.0
2024-04-03 02:15:00+00:00,12.59000015258789,12.59000015258789,12.579999923706055,12.579999923706055,5866,0.0,0.0,0.0
2024-04-03 02:20:00+00:00,12.600000381469727,12.600000381469727,12.600000381469727,12.600000381469727,1000,0.0,0.0,0.0
2024-04-03 02:25:00+00:00,12.600000381469727,12.600000381469727,12.59000015258789,12.59000015258789,4012,0.0,0.0,0.0
2024-04-03 02:30:00+00:00,12.600000381469727,12.600000381469727,12.600000381469727,12.600000381469727,1216,0.0,0.0,0.0
2024-04-03 02:35:00+00:00,12.59000015258789,12.600000381469727,12.59000015258789,12.600000381469727,3022,0.0,0.0,0.0
2024-04-03 02:40:00+00:00,12.600000381469727,12.609999656677246,12.600000381469727,12.609999656677246,2012,0.0,0.0,0.0
2024-04-03 02:45:00+00:00,12.619999885559082,12.619999885559082,12.609999656677246,12.619999885559082,64196,0.0,0.0,0.0
2024-04-03 02:50:00+00:00,12.619999885559082,12.619999885559082,12.619999885559082,12.619999885559082,13012,0.0,0.0,0.0
2024-04-03 02:55:00+00:00,12.630000114440918,12.630000114440918,12.619999885559082,12.630000114440918,10156,0.0,0.0,0.0
2024-04-03 03:00:00+00:00,12.630000114440918,12.630000114440918,12.630000114440918,12.630000114440918,9397,0.0,0.0,0.0
2024-04-03 03:05:00+00:00,12.649999618530273,12.649999618530273,12.630000114440918,12.640000343322754,10861,0.0,0.0,0.0
2024-04-03 03:10:00+00:00,12.640000343322754,12.640000343322754,12.640000343322754,12.640000343322754,3012,0.0,0.0,0.0
2024-04-03 03:15:00+00:00,12.640000343322754,12.640000343322754,12.640000343322754,12.640000343322754,6012,0.0,0.0,0.0
2024-04-03 03:20:00+00:00,12.640000343322754,12.649999618530273,12.640000343322754,12.649999618530273,3111,0.0,0.0,0.0
2024-04-03 03:25:00+00:00,12.640000343322754,12.649999618530273,12.640000343322754,12.640000343322754,14277,0.0,0.0,0.0
2024-04-03 03:30:00+00:00,12.640000343322754,12.640000343322754,12.640000343322754,12.640000343322754,1023,0.0,0.0,0.0
2024-04-03 03:35:00+00:00,12.640000343322754,12.640000343322754,12.640000343322754,12.640000343322754,1000,0.0,0.0,0.0
2024-04-03 03:40:00+00:00,12.640000343322754,12.640000343322754,12.640000343322754,12.640000343322754,9011,0.0,0.0,0.0
2024-04-03 03:45:00+00:00,12.649999618530273,12.649999618530273,12.649999618530273,12.649999618530273,5012,0.0,0.0,0.0
2024-04-03 03:50:00+00:00,12.649999618530273,12.649999618530273,12.649999618530273,12.649999618530273,5012,0.0,0.0,0.0
2024-04-03 03:55:00+00:00,12.649999618530273,12.649999618530273,12.649999618530273,12.649999618530273,24061,0.0,0.0,0.0
2024-04-03 04:05:00+00:00,12.649999618530273,12.65999984741211,12.649999618530273,12.65999984741211,2146,0.0,0.0,0.0
2024-04-03 04:10:00+00:00,12.649999618530273,12.649999618530273,12.649999618530273,12.649999618530273,6012,0.0,0.0,0.0
2024-04-03 04:15:00+00:00,12.649999618530273,12.649999618530273,12.649999618530273,12.649999618530273,4107,0.0,0.0,0.0
2024-04-03 04:20:00+00:00,12.649999618530273,12.649999618530273,12.649999618530273,12.649999618530273,2023,0.0,0.0,0.0
2024-04-03 04:25:00+00:00,12.649999618530273,12.649999618530273,12.649999618530273,12.649999618530273,2000,0.0,0.0,0.0
2024-04-03 04:30:00+00:00,12.65999984741211,12.65999984741211,12.640000343322754,12.640000343322754,5091,0.0,0.0,0.0
2024-04-03 04:35:00+00:00,12.640000343322754,12.640000343322754,12.640000343322754,12.640000343322754,26806,0.0,0.0,0.0
2024-04-03 04:40:00+00:00,12.640000343322754,12.640000343322754,12.640000343322754,12.640000343322754,2000,0.0,0.0,0.0
2024-04-03 04:45:00+00:00,12.640000343322754,12.640000343322754,12.630000114440918,12.630000114440918,8000,0.0,0.0,0.0
2024-04-03 04:50:00+00:00,12.630000114440918,12.630000114440918,12.630000114440918,12.630000114440918,21000,0.0,0.0,0.0
2024-04-03 04:55:00+00:00,12.630000114440918,12.630000114440918,12.619999885559082,12.619999885559082,71242,0.0,0.0,0.0
2024-04-03 05:00:00+00:00,12.619999885559082,12.619999885559082,12.619999885559082,12.619999885559082,4522,0.0,0.0,0.0
2024-04-03 05:05:00+00:00,12.619999885559082,12.619999885559082,12.619999885559082,12.619999885559082,1268,0.0,0.0,0.0
2024-04-03 05:10:00+00:00,12.630000114440918,12.630000114440918,12.630000114440918,12.630000114440918,8447,0.0,0.0,0.0
2024-04-03 05:20:00+00:00,12.619999885559082,12.630000114440918,12.619999885559082,12.619999885559082,168790,0.0,0.0,0.0
2024-04-08 01:00:00+00:00,12.630000114440918,12.699999809265137,12.630000114440918,12.640000343322754,0,0.0,0.0,0.0
2024-04-08 01:05:00+00:00,12.630000114440918,12.640000343322754,12.630000114440918,12.640000343322754,21000,0.0,0.0,0.0
2024-04-08 01:10:00+00:00,12.640000343322754,12.649999618530273,12.630000114440918,12.649999618530273,66958,0.0,0.0,0.0
2024-04-08 01:15:00+00:00,12.65999984741211,12.670000076293945,12.65999984741211,12.670000076293945,44280,0.0,0.0,0.0
2024-04-08 01:20:00+00:00,12.670000076293945,12.680000305175781,12.670000076293945,12.680000305175781,24478,0.0,0.0,0.0
2024-04-08 01:25:00+00:00,12.680000305175781,12.680000305175781,12.670000076293945,12.670000076293945,14200,0.0,0.0,0.0
2024-04-08 01:30:00+00:00,12.670000076293945,12.680000305175781,12.670000076293945,12.680000305175781,116202,0.0,0.0,0.0
2024-04-08 01:35:00+00:00,12.6899995803833,12.6899995803833,12.680000305175781,12.6899995803833,16056,0.0,0.0,0.0
2024-04-08 01:40:00+00:00,12.6899995803833,12.6899995803833,12.680000305175781,12.6899995803833,22317,0.0,0.0,0.0
2024-04-08 01:45:00+00:00,12.699999809265137,12.699999809265137,12.699999809265137,12.699999809265137,30356,0.0,0.0,0.0
2024-04-08 01:50:00+00:00,12.699999809265137,12.699999809265137,12.699999809265137,12.699999809265137,18057,0.0,0.0,0.0
2024-04-08 01:55:00+00:00,12.699999809265137,12.699999809265137,12.699999809265137,12.699999809265137,17283,0.0,0.0,0.0
2024-04-08 02:00:00+00:00,12.699999809265137,12.699999809265137,12.699999809265137,12.699999809265137,5379,0.0,0.0,0.0
2024-04-08 02:05:00+00:00,12.699999809265137,12.710000038146973,12.699999809265137,12.710000038146973,21096,0.0,0.0,0.0
2024-04-08 02:10:00+00:00,12.699999809265137,12.699999809265137,12.6899995803833,12.6899995803833,9017,0.0,0.0,0.0
2024-04-08 02:15:00+00:00,12.710000038146973,12.710000038146973,12.6899995803833,12.6899995803833,40421,0.0,0.0,0.0
2024-04-08 02:20:00+00:00,12.699999809265137,12.699999809265137,12.6899995803833,12.6899995803833,2206,0.0,0.0,0.0
2024-04-08 02:25:00+00:00,12.699999809265137,12.699999809265137,12.6899995803833,12.6899995803833,23017,0.0,0.0,0.0
2024-04-08 02:30:00+00:00,12.699999809265137,12.710000038146973,12.699999809265137,12.710000038146973,50695,0.0,0.0,0.0
2024-04-08 02:35:00+00:00,12.710000038146973,12.710000038146973,12.710000038146973,12.710000038146973,14524,0.0,0.0,0.0
2024-04-08 02:40:00+00:00,12.710000038146973,12.710000038146973,12.699999809265137,12.699999809265137,40387,0.0,0.0,0.0
2024-04-08 02:45:00+00:00,12.710000038146973,12.710000038146973,12.699999809265137,12.710000038146973,15017,0.0,0.0,0.0
2024-04-08 02:50:00+00:00,12.720000267028809,12.720000267028809,12.720000267028809,12.720000267028809,3166,0.0,0.0,0.0
2024-04-08 02:55:00+00:00,12.710000038146973,12.720000267028809,12.699999809265137,12.710000038146973,19017,0.0,0.0,0.0
2024-04-08 03:00:00+00:00,12.710000038146973,12.710000038146973,12.710000038146973,12.710000038146973,1663,0.0,0.0,0.0
2024-04-08 03:05:00+00:00,12.720000267028809,12.720000267028809,12.699999809265137,12.720000267028809,8016,0.0,0.0,0.0
2024-04-08 03:10:00+00:00,12.699999809265137,12.710000038146973,12.699999809265137,12.710000038146973,4017,0.0,0.0,0.0
2024-04-08 03:15:00+00:00,12.710000038146973,12.710000038146973,12.699999809265137,12.699999809265137,16247,0.0,0.0,0.0
2024-04-08 03:20:00+00:00,12.710000038146973,12.710000038146973,12.699999809265137,12.699999809265137,8190,0.0,0.0,0.0
2024-04-08 03:25:00+00:00,12.699999809265137,12.699999809265137,12.699999809265137,12.699999809265137,21000,0.0,0.0,0.0
2024-04-08 03:30:00+00:00,12.699999809265137,12.699999809265137,12.6899995803833,12.6899995803833,111110,0.0,0.0,0.0
2024-04-08 03:35:00+00:00,12.6899995803833,12.6899995803833,12.680000305175781,12.680000305175781,4246,0.0,0.0,0.0
2024-04-08 03:40:00+00:00,12.699999809265137,12.699999809265137,12.680000305175781,12.6899995803833,7287,0.0,0.0,0.0
2024-04-08 03:45:00+00:00,12.699999809265137,12.699999809265137,12.699999809265137,12.699999809265137,5014,0.0,0.0,0.0
2024-04-08 03:50:00+00:00,12.6899995803833,12.6899995803833,12.680000305175781,12.680000305175781,18400,0.0,0.0,0.0
2024-04-08 03:55:00+00:00,12.680000305175781,12.6899995803833,12.680000305175781,12.6899995803833,2170,0.0,0.0,0.0
2024-04-08 04:00:00+00:00,12.6899995803833,12.6899995803833,12.6899995803833,12.6899995803833,12000,0.0,0.0,0.0
2024-04-08 04:05:00+00:00,12.6899995803833,12.6899995803833,12.680000305175781,12.680000305175781,40218,0.0,0.0,0.0
2024-04-08 04:10:00+00:00,12.680000305175781,12.6899995803833,12.680000305175781,12.6899995803833,25024,0.0,0.0,0.0
2024-04-08 04:15:00+00:00,12.680000305175781,12.680000305175781,12.680000305175781,12.680000305175781,4016,0.0,0.0,0.0
2024-04-08 04:20:00+00:00,12.6899995803833,12.6899995803833,12.680000305175781,12.680000305175781,7184,0.0,0.0,0.0
2024-04-08 04:30:00+00:00,12.6899995803833,12.6899995803833,12.680000305175781,12.6899995803833,31343,0.0,0.0,0.0
2024-04-08 04:35:00+00:00,12.6899995803833,12.6899995803833,12.6899995803833,12.6899995803833,1000,0.0,0.0,0.0
2024-04-08 04:40:00+00:00,12.6899995803833,12.6899995803833,12.6899995803833,12.6899995803833,1075,0.0,0.0,0.0
2024-04-08 04:45:00+00:00,12.6899995803833,12.699999809265137,12.6899995803833,12.699999809265137,5061,0.0,0.0,0.0
2024-04-08 04:50:00+00:00,12.699999809265137,12.699999809265137,12.6899995803833,12.6899995803833,6190,0.0,0.0,0.0
2024-04-08 04:55:00+00:00,12.6899995803833,12.6899995803833,12.680000305175781,12.680000305175781,2315,0.0,0.0,0.0
2024-04-08 05:05:00+00:00,12.680000305175781,12.680000305175781,12.670000076293945,12.670000076293945,42614,0.0,0.0,0.0
2024-04-08 05:10:00+00:00,12.670000076293945,12.6899995803833,12.670000076293945,12.6899995803833,10172,0.0,0.0,0.0
2024-04-08 05:15:00+00:00,12.680000305175781,12.6899995803833,12.680000305175781,12.680000305175781,23199,0.0,0.0,0.0
2024-04-08 05:20:00+00:00,12.680000305175781,12.680000305175781,12.680000305175781,12.680000305175781,16477,0.0,0.0,0.0
2024-04-09 01:00:00+00:00,12.739999771118164,12.75,12.720000267028809,12.739999771118164,0,0.0,0.0,0.0
2024-04-09 01:05:00+00:00,12.739999771118164,12.760000228881836,12.739999771118164,12.760000228881836,24193,0.0,0.0,0.0
2024-04-09 01:10:00+00:00,12.770000457763672,12.789999961853027,12.770000457763672,12.789999961853027,30638,0.0,0.0,0.0
2024-04-09 01:15:00+00:00,12.789999961853027,12.800000190734863,12.779999732971191,12.800000190734863,18212,0.0,0.0,0.0
2024-04-09 01:20:00+00:00,12.800000190734863,12.800000190734863,12.789999961853027,12.800000190734863,26476,0.0,0.0,0.0
2024-04-09 01:25:00+00:00,12.789999961853027,12.800000190734863,12.789999961853027,12.800000190734863,28153,0.0,0.0,0.0
2024-04-09 01:30:00+00:00,12.8100004196167,12.819999694824219,12.8100004196167,12.819999694824219,144133,0.0,0.0,0.0
2024-04-09 01:35:00+00:00,12.819999694824219,12.829999923706055,12.800000190734863,12.8100004196167,82615,0.0,0.0,0.0
2024-04-09 01:40:00+00:00,12.8100004196167,12.8100004196167,12.789999961853027,12.800000190734863,51452,0.0,0.0,0.0
2024-04-09 01:45:00+00:00,12.800000190734863,12.800000190734863,12.800000190734863,12.800000190734863,14333,0.0,0.0,0.0
2024-04-09 01:50:00+00:00,12.800000190734863,12.800000190734863,12.789999961853027,12.789999961853027,16690,0.0,0.0,0.0
2024-04-09 01:55:00+00:00,12.789999961853027,12.789999961853027,12.789999961853027,12.789999961853027,20235,0.0,0.0,0.0
2024-04-09 02:00:00+00:00,12.789999961853027,12.789999961853027,12.770000457763672,12.770000457763672,245226,0.0,0.0,0.0
2024-04-09 02:05:00+00:00,12.770000457763672,12.770000457763672,12.770000457763672,12.770000457763672,5178,0.0,0.0,0.0
2024-04-09 02:10:00+00:00,12.779999732971191,12.789999961853027,12.779999732971191,12.789999961853027,11053,0.0,0.0,0.0
2024-04-09 02:15:00+00:00,12.789999961853027,12.800000190734863,12.789999961853027,12.789999961853027,15133,0.0,0.0,0.0
2024-04-09 02:20:00+00:00,12.789999961853027,12.789999961853027,12.789999961853027,12.789999961853027,7546,0.0,0.0,0.0
2024-04-09 02:25:00+00:00,12.789999961853027,12.800000190734863,12.789999961853027,12.800000190734863,7668,0.0,0.0,0.0
2024-04-09 02:30:00+00:00,12.8100004196167,12.8100004196167,12.8100004196167,12.8100004196167,15114,0.0,0.0,0.0
2024-04-09 02:35:00+00:00,12.8100004196167,12.8100004196167,12.8100004196167,12.8100004196167,26235,0.0,0.0,0.0
2024-04-09 02:40:00+00:00,12.8100004196167,12.8100004196167,12.8100004196167,12.8100004196167,85053,0.0,0.0,0.0
2024-04-09 02:45:00+00:00,12.819999694824219,12.819999694824219,12.800000190734863,12.8100004196167,50224,0.0,0.0,0.0
2024-04-09 02:50:00+00:00,12.819999694824219,12.819999694824219,12.819999694824219,12.819999694824219,213910,0.0,0.0,0.0
2024-04-09 02:55:00+00:00,12.819999694824219,12.819999694824219,12.819999694824219,12.819999694824219,5231,0.0,0.0,0.0
2024-04-09 03:00:00+00:00,12.819999694824219,12.819999694824219,12.800000190734863,12.800000190734863,16862,0.0,0.0,0.0
2024-04-09 03:05:00+00:00,12.800000190734863,12.8100004196167,12.800000190734863,12.8100004196167,7093,0.0,0.0,0.0
2024-04-09 03:10:00+00:00,12.8100004196167,12.8100004196167,12.8100004196167,12.8100004196167,32053,0.0,0.0,0.0
2024-04-09 03:15:00+00:00,12.819999694824219,12.84000015258789,12.819999694824219,12.84000015258789,92422,0.0,0.0,0.0
2024-04-09 03:20:00+00:00,12.829999923706055,12.850000381469727,12.829999923706055,12.84000015258789,16471,0.0,0.0,0.0
2024-04-09 03:25:00+00:00,12.84000015258789,12.850000381469727,12.84000015258789,12.850000381469727,18360,0.0,0.0,0.0
2024-04-09 03:30:00+00:00,12.84000015258789,12.84000015258789,12.84000015258789,12.84000015258789,17279,0.0,0.0,0.0
2024-04-09 03:35:00+00:00,12.84000015258789,12.84000015258789,12.84000015258789,12.84000015258789,1000,0.0,0.0,0.0
2024-04-09 03:40:00+00:00,12.850000381469727,12.850000381469727,12.850000381469727,12.850000381469727,47053,0.0,0.0,0.0
2024-04-09 03:45:00+00:00,12.850000381469727,12.859999656677246,12.850000381469727,12.859999656677246,34368,0.0,0.0,0.0
2024-04-09 03:50:00+00:00,12.859999656677246,12.859999656677246,12.850000381469727,12.859999656677246,18617,0.0,0.0,0.0
2024-04-09 03:55:00+00:00,12.859999656677246,12.869999885559082,12.859999656677246,12.859999656677246,15545,0.0,0.0,0.0
2024-04-09 04:00:00+00:00,12.850000381469727,12.850000381469727,12.850000381469727,12.850000381469727,11286,0.0,0.0,0.0
2024-04-09 04:05:00+00:00,12.850000381469727,12.850000381469727,12.850000381469727,12.850000381469727,1310,0.0,0.0,0.0
2024-04-09 04:10:00+00:00,12.859999656677246,12.859999656677246,12.850000381469727,12.850000381469727,25707,0.0,0.0,0.0
2024-04-09 04:15:00+00:00,12.859999656677246,12.859999656677246,12.859999656677246,12.859999656677246,21053,0.0,0.0,0.0
2024-04-09 04:20:00+00:00,12.869999885559082,12.869999885559082,12.869999885559082,12.869999885559082,5104,0.0,0.0,0.0
2024-04-09 04:25:00+00:00,12.869999885559082,12.880000114440918,12.869999885559082,12.880000114440918,16586,0.0,0.0,0.0
2024-04-09 04:30:00+00:00,12.869999885559082,12.869999885559082,12.869999885559082,12.869999885559082,10319,0.0,0.0,0.0
2024-04-09 04:35:00+00:00,12.880000114440918,12.880000114440918,12.869999885559082,12.869999885559082,36179,0.0,0.0,0.0
2024-04-09 04:40:00+00:00,12.869999885559082,12.869999885559082,12.859999656677246,12.869999885559082,8043,0.0,0.0,0.0
2024-04-09 04:45:00+00:00,12.869999885559082,12.880000114440918,12.869999885559082,12.869999885559082,15560,0.0,0.0,0.0
2024-04-09 04:50:00+00:00,12.869999885559082,12.869999885559082,12.869999885559082,12.869999885559082,4050,0.0,0.0,0.0
2024-04-09 04:55:00+00:00,12.880000114440918,12.880000114440918,12.869999885559082,12.880000114440918,38234,0.0,0.0,0.0
2024-04-09 05:00:00+00:00,12.880000114440918,12.880000114440918,12.880000114440918,12.880000114440918,2300,0.0,0.0,0.0
2024-04-09 05:05:00+00:00,12.880000114440918,12.880000114440918,12.880000114440918,12.880000114440918,185128,0.0,0.0,0.0
2024-04-09 05:10:00+00:00,12.880000114440918,12.890000343322754,12.880000114440918,12.890000343322754,11261,0.0,0.0,0.0
2024-04-09 05:15:00+00:00,12.890000343322754,12.890000343322754,12.869999885559082,12.880000114440918,17203,0.0,0.0,0.0
2024-04-09 05:20:00+00:00,12.890000343322754,12.890000343322754,12.890000343322754,12.890000343322754,18355,0.0,0.0,0.0
2024-04-10 01:00:00+00:00,12.920000076293945,12.920000076293945,12.880000114440918,12.890000343322754,242000,0.0,0.0,0.0
2024-04-10 01:05:00+00:00,12.890000343322754,12.890000343322754,12.880000114440918,12.890000343322754,54351,0.0,0.0,0.0
2024-04-10 01:10:00+00:00,12.890000343322754,12.890000343322754,12.859999656677246,12.859999656677246,214491,0.0,0.0,0.0
2024-04-10 01:15:00+00:00,12.859999656677246,12.869999885559082,12.859999656677246,12.869999885559082,30566,0.0,0.0,0.0
2024-04-10 01:20:00+00:00,12.869999885559082,12.869999885559082,12.869999885559082,12.869999885559082,21174,0.0,0.0,0.0
2024-04-10 01:25:00+00:00,12.869999885559082,12.890000343322754,12.869999885559082,12.880000114440918,36180,0.0,0.0,0.0
2024-04-10 01:30:00+00:00,12.880000114440918,12.890000343322754,12.880000114440918,12.880000114440918,23436,0.0,0.0,0.0
2024-04-10 01:35:00+00:00,12.880000114440918,12.880000114440918,12.869999885559082,12.869999885559082,114036,0.0,0.0,0.0
2024-04-10 01:40:00+00:00,12.869999885559082,12.869999885559082,12.859999656677246,12.869999885559082,41069,0.0,0.0,0.0
2024-04-10 01:45:00+00:00,12.880000114440918,12.880000114440918,12.850000381469727,12.850000381469727,67400,0.0,0.0,0.0
2024-04-10 01:50:00+00:00,12.859999656677246,12.880000114440918,12.859999656677246,12.880000114440918,2180,0.0,0.0,0.0
2024-04-10 01:55:00+00:00,12.890000343322754,12.890000343322754,12.880000114440918,12.880000114440918,15057,0.0,0.0,0.0
2024-04-10 02:05:00+00:00,12.880000114440918,12.890000343322754,12.880000114440918,12.880000114440918,55801,0.0,0.0,0.0
2024-04-10 02:10:00+00:00,12.880000114440918,12.890000343322754,12.880000114440918,12.880000114440918,28204,0.0,0.0,0.0
2024-04-10 02:15:00+00:00,12.880000114440918,12.880000114440918,12.880000114440918,12.880000114440918,5214,0.0,0.0,0.0
2024-04-10 02:20:00+00:00,12.890000343322754,12.890000343322754,12.880000114440918,12.880000114440918,9242,0.0,0.0,0.0
2024-04-10 02:25:00+00:00,12.880000114440918,12.890000343322754,12.880000114440918,12.890000343322754,4000,0.0,0.0,0.0
2024-04-10 02:30:00+00:00,12.890000343322754,12.899999618530273,12.890000343322754,12.890000343322754,18586,0.0,0.0,0.0
2024-04-10 02:35:00+00:00,12.890000343322754,12.890000343322754,12.890000343322754,12.890000343322754,3057,0.0,0.0,0.0
2024-04-10 02:40:00+00:00,12.90999984741211,12.90999984741211,12.899999618530273,12.899999618530273,14028,0.0,0.0,0.0
2024-04-10 02:45:00+00:00,12.899999618530273,12.90999984741211,12.899999618530273,12.899999618530273,35205,0.0,0.0,0.0
2024-04-10 02:50:00+00:00,12.899999618530273,12.899999618530273,12.890000343322754,12.899999618530273,5151,0.0,0.0,0.0
2024-04-10 02:55:00+00:00,12.90999984741211,12.90999984741211,12.90999984741211,12.90999984741211,11219,0.0,0.0,0.0
2024-04-10 03:00:00+00:00,12.920000076293945,12.920000076293945,12.90999984741211,12.90999984741211,70028,0.0,0.0,0.0
2024-04-10 03:05:00+00:00,12.90999984741211,12.90999984741211,12.90999984741211,12.90999984741211,5110,0.0,0.0,0.0
2024-04-10 03:10:00+00:00,12.90999984741211,12.90999984741211,12.899999618530273,12.899999618530273,14072,0.0,0.0,0.0
2024-04-10 03:15:00+00:00,12.90999984741211,12.90999984741211,12.899999618530273,12.899999618530273,6436,0.0,0.0,0.0
2024-04-10 03:20:00+00:00,12.899999618530273,12.899999618530273,12.890000343322754,12.890000343322754,5055,0.0,0.0,0.0
2024-04-10 03:30:00+00:00,12.899999618530273,12.899999618530273,12.890000343322754,12.890000343322754,136019,0.0,0.0,0.0
2024-04-10 03:35:00+00:00,12.880000114440918,12.890000343322754,12.880000114440918,12.880000114440918,61288,0.0,0.0,0.0
2024-04-10 03:40:00+00:00,12.880000114440918,12.880000114440918,12.869999885559082,12.869999885559082,31937,0.0,0.0,0.0
2024-04-10 03:45:00+00:00,12.869999885559082,12.869999885559082,12.859999656677246,12.859999656677246,30149,0.0,0.0,0.0
2024-04-10 03:50:00+00:00,12.869999885559082,12.890000343322754,12.869999885559082,12.880000114440918,12230,0.0,0.0,0.0
2024-04-10 03:55:00+00:00,12.890000343322754,12.890000343322754,12.890000343322754,12.890000343322754,3019,0.0,0.0,0.0
2024-04-10 04:00:00+00:00,12.890000343322754,12.890000343322754,12.880000114440918,12.880000114440918,5018,0.0,0.0,0.0
2024-04-10 04:05:00+00:00,12.880000114440918,12.880000114440918,12.880000114440918,12.880000114440918,1069,0.0,0.0,0.0
2024-04-10 04:10:00+00:00,12.880000114440918,12.880000114440918,12.880000114440918,12.880000114440918,5053,0.0,0.0,0.0
2024-04-10 04:15:00+00:00,12.880000114440918,12.880000114440918,12.880000114440918,12.880000114440918,10023,0.0,0.0,0.0
2024-04-10 04:20:00+00:00,12.880000114440918,12.880000114440918,12.880000114440918,12.880000114440918,3741,0.0,0.0,0.0
2024-04-10 04:25:00+00:00,12.880000114440918,12.880000114440918,12.880000114440918,12.880000114440918,37000,0.0,0.0,0.0
2024-04-10 04:30:00+00:00,12.880000114440918,12.880000114440918,12.859999656677246,12.859999656677246,55825,0.0,0.0,0.0
2024-04-10 04:35:00+00:00,12.869999885559082,12.869999885559082,12.859999656677246,12.859999656677246,4000,0.0,0.0,0.0
2024-04-10 04:40:00+00:00,12.869999885559082,12.869999885559082,12.869999885559082,12.869999885559082,19348,0.0,0.0,0.0
2024-04-10 04:50:00+00:00,12.869999885559082,12.880000114440918,12.869999885559082,12.880000114440918,6080,0.0,0.0,0.0
2024-04-10 04:55:00+00:00,12.890000343322754,12.890000343322754,12.890000343322754,12.890000343322754,3574,0.0,0.0,0.0
2024-04-10 05:00:00+00:00,12.880000114440918,12.899999618530273,12.880000114440918,12.899999618530273,60000,0.0,0.0,0.0
2024-04-10 05:05:00+00:00,12.899999618530273,12.899999618530273,12.880000114440918,12.899999618530273,10179,0.0,0.0,0.0
2024-04-10 05:10:00+00:00,12.899999618530273,12.899999618530273,12.890000343322754,12.899999618530273,7357,0.0,0.0,0.0
2024-04-10 05:15:00+00:00,12.899999618530273,12.899999618530273,12.899999618530273,12.899999618530273,45676,0.0,0.0,0.0
2024-04-10 05:20:00+00:00,12.899999618530273,12.899999618530273,12.890000343322754,12.890000343322754,39976,0.0,0.0,0.0
2024-04-11 01:00:00+00:00,12.850000381469727,12.850000381469727,12.800000190734863,12.800000190734863,117000,0.0,0.0,0.0
2024-04-11 01:05:00+00:00,12.8100004196167,12.829999923706055,12.800000190734863,12.829999923706055,62129,0.0,0.0,0.0
2024-04-11 01:10:00+00:00,12.829999923706055,12.829999923706055,12.829999923706055,12.829999923706055,141002,0.0,0.0,0.0
2024-04-11 01:15:00+00:00,12.829999923706055,12.84000015258789,12.819999694824219,12.84000015258789,13407,0.0,0.0,0.0
2024-04-11 01:20:00+00:00,12.84000015258789,12.84000015258789,12.789999961853027,12.789999961853027,386313,0.0,0.0,0.0
2024-04-11 01:25:00+00:00,12.800000190734863,12.800000190734863,12.789999961853027,12.789999961853027,49014,0.0,0.0,0.0
2024-04-11 01:30:00+00:00,12.789999961853027,12.789999961853027,12.789999961853027,12.789999961853027,12732,0.0,0.0,0.0
2024-04-11 01:35:00+00:00,12.800000190734863,12.800000190734863,12.800000190734863,12.800000190734863,126734,0.0,0.0,0.0
2024-04-11 01:40:00+00:00,12.819999694824219,12.84000015258789,12.819999694824219,12.84000015258789,3789,0.0,0.0,0.0
2024-04-11 01:45:00+00:00,12.84000015258789,12.84000015258789,12.829999923706055,12.829999923706055,7946,0.0,0.0,0.0
2024-04-11 01:50:00+00:00,12.850000381469727,12.850000381469727,12.84000015258789,12.84000015258789,32084,0.0,0.0,0.0
2024-04-11 01:55:00+00:00,12.84000015258789,12.850000381469727,12.84000015258789,12.850000381469727,18646,0.0,0.0,0.0
2024-04-11 02:00:00+00:00,12.850000381469727,12.850000381469727,12.829999923706055,12.829999923706055,38119,0.0,0.0,0.0
2024-04-11 02:05:00+00:00,12.850000381469727,12.850000381469727,12.850000381469727,12.850000381469727,50203,0.0,0.0,0.0
2024-04-11 02:10:00+00:00,12.850000381469727,12.869999885559082,12.850000381469727,12.859999656677246,10482,0.0,0.0,0.0
2024-04-11 02:15:00+00:00,12.859999656677246,12.859999656677246,12.859999656677246,12.859999656677246,6003,0.0,0.0,0.0
2024-04-11 02:20:00+00:00,12.859999656677246,12.859999656677246,12.850000381469727,12.850000381469727,14368,0.0,0.0,0.0
2024-04-11 02:25:00+00:00,12.850000381469727,12.850000381469727,12.850000381469727,12.850000381469727,67000,0.0,0.0,0.0
2024-04-11 02:30:00+00:00,12.850000381469727,12.850000381469727,12.850000381469727,12.850000381469727,16215,0.0,0.0,0.0
2024-04-11 02:35:00+00:00,12.84000015258789,12.84000015258789,12.819999694824219,12.819999694824219,129502,0.0,0.0,0.0
2024-04-11 02:40:00+00:00,12.819999694824219,12.819999694824219,12.819999694824219,12.819999694824219,8104,0.0,0.0,0.0
2024-04-11 02:45:00+00:00,12.829999923706055,12.829999923706055,12.819999694824219,12.819999694824219,10604,0.0,0.0,0.0
2024-04-11 02:50:00+00:00,12.819999694824219,12.829999923706055,12.819999694824219,12.829999923706055,7613,0.0,0.0,0.0
2024-04-11 02:55:00+00:00,12.819999694824219,12.829999923706055,12.8100004196167,12.8100004196167,34020,0.0,0.0,0.0
2024-04-11 03:00:00+00:00,12.8100004196167,12.819999694824219,12.8100004196167,12.819999694824219,24803,0.0,0.0,0.0
2024-04-11 03:05:00+00:00,12.8100004196167,12.8100004196167,12.800000190734863,12.800000190734863,62543,0.0,0.0,0.0
2024-04-11 03:10:00+00:00,12.800000190734863,12.8100004196167,12.800000190734863,12.8100004196167,86503,0.0,0.0,0.0
2024-04-11 03:15:00+00:00,12.800000190734863,12.819999694824219,12.800000190734863,12.8100004196167,113094,0.0,0.0,0.0
2024-04-11 03:20:00+00:00,12.819999694824219,12.819999694824219,12.819999694824219,12.819999694824219,15003,0.0,0.0,0.0
2024-04-11 03:25:00+00:00,12.819999694824219,12.819999694824219,12.819999694824219,12.819999694824219,2084,0.0,0.0,0.0
2024-04-11 03:30:00+00:00,12.819999694824219,12.829999923706055,12.8100004196167,12.8100004196167,81106,0.0,0.0,0.0
2024-04-11 03:35:00+00:00,12.84000015258789,12.84000015258789,12.829999923706055,12.829999923706055,129184,0.0,0.0,0.0
2024-04-11 03:40:00+00:00,12.829999923706055,12.829999923706055,12.819999694824219,12.819999694824219,21003,0.0,0.0,0.0
2024-04-11 03:45:00+00:00,12.819999694824219,12.819999694824219,12.8100004196167,12.8100004196167,36004,0.0,0.0,0.0
2024-04-11 03:50:00+00:00,12.8100004196167,12.8100004196167,12.8100004196167,12.8100004196167,17077,0.0,0.0,0.0
2024-04-11 03:55:00+00:00,12.8100004196167,12.819999694824219,12.800000190734863,12.819999694824219,11504,0.0,0.0,0.0
2024-04-11 04:05:00+00:00,12.819999694824219,12.819999694824219,12.819999694824219,12.819999694824219,9004,0.0,0.0,0.0
2024-04-11 04:10:00+00:00,12.819999694824219,12.819999694824219,12.819999694824219,12.819999694824219,1156,0.0,0.0,0.0
2024-04-11 04:15:00+00:00,12.819999694824219,12.819999694824219,12.819999694824219,12.819999694824219,13250,0.0,0.0,0.0
2024-04-11 04:25:00+00:00,12.819999694824219,12.819999694824219,12.819999694824219,12.819999694824219,6139,0.0,0.0,0.0
2024-04-11 04:30:00+00:00,12.819999694824219,12.819999694824219,12.8100004196167,12.819999694824219,5004,0.0,0.0,0.0
2024-04-11 04:35:00+00:00,12.819999694824219,12.819999694824219,12.819999694824219,12.819999694824219,10000,0.0,0.0,0.0
2024-04-11 04:40:00+00:00,12.819999694824219,12.819999694824219,12.819999694824219,12.819999694824219,5281,0.0,0.0,0.0
2024-04-11 04:45:00+00:00,12.829999923706055,12.829999923706055,12.829999923706055,12.829999923706055,20701,0.0,0.0,0.0
2024-04-11 04:50:00+00:00,12.84000015258789,12.84000015258789,12.84000015258789,12.84000015258789,18180,0.0,0.0,0.0
2024-04-11 04:55:00+00:00,12.84000015258789,12.84000015258789,12.829999923706055,12.829999923706055,2000,0.0,0.0,0.0
2024-04-11 05:00:00+00:00,12.829999923706055,12.84000015258789,12.829999923706055,12.829999923706055,38344,0.0,0.0,0.0
2024-04-11 05:10:00+00:00,12.829999923706055,12.84000015258789,12.829999923706055,12.84000015258789,26439,0.0,0.0,0.0
2024-04-11 05:15:00+00:00,12.850000381469727,12.850000381469727,12.850000381469727,12.850000381469727,10192,0.0,0.0,0.0
2024-04-11 05:20:00+00:00,12.850000381469727,12.859999656677246,12.850000381469727,12.859999656677246,14088,0.0,0.0,0.0
2024-04-12 01:00:00+00:00,12.880000114440918,12.880000114440918,12.859999656677246,12.859999656677246,62000,0.0,0.0,0.0
2024-04-12 01:05:00+00:00,12.859999656677246,12.869999885559082,12.859999656677246,12.859999656677246,73438,0.0,0.0,0.0
2024-04-12 01:10:00+00:00,12.859999656677246,12.859999656677246,12.859999656677246,12.859999656677246,25217,0.0,0.0,0.0
2024-04-12 01:15:00+00:00,12.869999885559082,12.869999885559082,12.869999885559082,12.869999885559082,10277,0.0,0.0,0.0
2024-04-12 01:20:00+00:00,12.859999656677246,12.859999656677246,12.850000381469727,12.850000381469727,143817,0.0,0.0,0.0
2024-04-12 01:25:00+00:00,12.850000381469727,12.859999656677246,12.850000381469727,12.859999656677246,54034,0.0,0.0,0.0
2024-04-12 01:30:00+00:00,12.859999656677246,12.859999656677246,12.859999656677246,12.859999656677246,9237,0.0,0.0,0.0
2024-04-12 01:35:00+00:00,12.859999656677246,12.869999885559082,12.859999656677246,12.859999656677246,54035,0.0,0.0,0.0
2024-04-12 01:40:00+00:00,12.859999656677246,12.859999656677246,12.859999656677246,12.859999656677246,18437,0.0,0.0,0.0
2024-04-12 01:45:00+00:00,12.859999656677246,12.859999656677246,12.859999656677246,12.859999656677246,3067,0.0,0.0,0.0
2024-04-12 01:50:00+00:00,12.859999656677246,12.859999656677246,12.850000381469727,12.859999656677246,41761,0.0,0.0,0.0
2024-04-12 01:55:00+00:00,12.859999656677246,12.859999656677246,12.859999656677246,12.859999656677246,0,0.0,0.0,0.0
2024-04-12 02:00:00+00:00,12.859999656677246,12.859999656677246,12.859999656677246,12.859999656677246,1844,0.0,0.0,0.0
2024-04-12 02:05:00+00:00,12.869999885559082,12.880000114440918,12.869999885559082,12.880000114440918,124418,0.0,0.0,0.0
2024-04-12 02:20:00+00:00,12.880000114440918,12.880000114440918,12.880000114440918,12.880000114440918,10018,0.0,0.0,0.0
2024-04-12 02:25:00+00:00,12.880000114440918,12.880000114440918,12.869999885559082,12.869999885559082,31333,0.0,0.0,0.0
2024-04-12 02:30:00+00:00,12.869999885559082,12.869999885559082,12.869999885559082,12.869999885559082,2034,0.0,0.0,0.0
2024-04-12 02:40:00+00:00,12.880000114440918,12.880000114440918,12.880000114440918,12.880000114440918,53047,0.0,0.0,0.0
2024-04-12 02:45:00+00:00,12.880000114440918,12.890000343322754,12.880000114440918,12.890000343322754,14217,0.0,0.0,0.0
2024-04-12 02:50:00+00:00,12.890000343322754,12.890000343322754,12.890000343322754,12.890000343322754,4776,0.0,0.0,0.0
2024-04-12 02:55:00+00:00,12.890000343322754,12.890000343322754,12.880000114440918,12.890000343322754,7097,0.0,0.0,0.0
2024-04-12 03:00:00+00:00,12.890000343322754,12.890000343322754,12.890000343322754,12.890000343322754,7556,0.0,0.0,0.0
2024-04-12 03:05:00+00:00,12.890000343322754,12.890000343322754,12.890000343322754,12.890000343322754,4216,0.0,0.0,0.0
2024-04-12 03:10:00+00:00,12.890000343322754,12.890000343322754,12.890000343322754,12.890000343322754,10259,0.0,0.0,0.0
2024-04-12 03:15:00+00:00,12.890000343322754,12.890000343322754,12.880000114440918,12.880000114440918,47111,0.0,0.0,0.0
2024-04-12 03:20:00+00:00,12.890000343322754,12.890000343322754,12.890000343322754,12.890000343322754,56000,0.0,0.0,0.0
2024-04-12 03:25:00+00:00,12.890000343322754,12.890000343322754,12.890000343322754,12.890000343322754,5034,0.0,0.0,0.0
2024-04-12 03:30:00+00:00,12.890000343322754,12.890000343322754,12.890000343322754,12.890000343322754,10117,0.0,0.0,0.0
2024-04-12 03:35:00+00:00,12.890000343322754,12.890000343322754,12.890000343322754,12.890000343322754,12017,0.0,0.0,0.0
2024-04-12 03:40:00+00:00,12.890000343322754,12.890000343322754,12.890000343322754,12.890000343322754,12047,0.0,0.0,0.0
2024-04-12 03:45:00+00:00,12.890000343322754,12.890000343322754,12.890000343322754,12.890000343322754,92614,0.0,0.0,0.0
2024-04-12 03:50:00+00:00,12.890000343322754,12.890000343322754,12.890000343322754,12.890000343322754,2034,0.0,0.0,0.0
2024-04-12 03:55:00+00:00,12.890000343322754,12.890000343322754,12.890000343322754,12.890000343322754,5017,0.0,0.0,0.0
2024-04-12 04:00:00+00:00,12.890000343322754,12.890000343322754,12.890000343322754,12.890000343322754,1000,0.0,0.0,0.0
2024-04-12 04:05:00+00:00,12.890000343322754,12.899999618530273,12.890000343322754,12.899999618530273,26252,0.0,0.0,0.0
2024-04-12 04:10:00+00:00,12.899999618530273,12.90999984741211,12.899999618530273,12.90999984741211,67139,0.0,0.0,0.0
2024-04-12 04:15:00+00:00,12.90999984741211,12.90999984741211,12.899999618530273,12.899999618530273,24791,0.0,0.0,0.0
2024-04-12 04:20:00+00:00,12.899999618530273,12.90999984741211,12.899999618530273,12.90999984741211,5035,0.0,0.0,0.0
2024-04-12 04:25:00+00:00,12.90999984741211,12.90999984741211,12.90999984741211,12.90999984741211,6039,0.0,0.0,0.0
2024-04-12 04:30:00+00:00,12.90999984741211,12.90999984741211,12.90999984741211,12.90999984741211,3089,0.0,0.0,0.0
2024-04-12 04:35:00+00:00,12.90999984741211,12.90999984741211,12.90999984741211,12.90999984741211,19190,0.0,0.0,0.0
2024-04-12 04:40:00+00:00,12.90999984741211,12.90999984741211,12.90999984741211,12.90999984741211,2000,0.0,0.0,0.0
2024-04-12 04:45:00+00:00,12.90999984741211,12.90999984741211,12.899999618530273,12.899999618530273,38212,0.0,0.0,0.0
2024-04-12 04:50:00+00:00,12.899999618530273,12.899999618530273,12.899999618530273,12.899999618530273,94157,0.0,0.0,0.0
2024-04-12 04:55:00+00:00,12.899999618530273,12.899999618530273,12.899999618530273,12.899999618530273,32600,0.0,0.0,0.0
2024-04-12 05:00:00+00:00,12.899999618530273,12.899999618530273,12.899999618530273,12.899999618530273,13000,0.0,0.0,0.0
2024-04-12 05:05:00+00:00,12.899999618530273,12.899999618530273,12.890000343322754,12.899999618530273,36173,0.0,0.0,0.0
2024-04-12 05:10:00+00:00,12.899999618530273,12.899999618530273,12.890000343322754,12.899999618530273,6644,0.0,0.0,0.0
2024-04-12 05:15:00+00:00,12.890000343322754,12.890000343322754,12.890000343322754,12.890000343322754,2607,0.0,0.0,0.0
2024-04-12 05:20:00+00:00,12.890000343322754,12.899999618530273,12.890000343322754,12.890000343322754,31487,0.0,0.0,0.0
2024-04-15 01:00:00+00:00,12.779999732971191,12.779999732971191,12.760000228881836,12.760000228881836,0,0.0,0.0,0.0
2024-04-15 01:05:00+00:00,12.760000228881836,12.770000457763672,12.760000228881836,12.770000457763672,95861,0.0,0.0,0.0
2024-04-15 01:10:00+00:00,12.770000457763672,12.770000457763672,12.739999771118164,12.739999771118164,156354,0.0,0.0,0.0
2024-04-15 01:15:00+00:00,12.739999771118164,12.739999771118164,12.729999542236328,12.729999542236328,95166,0.0,0.0,0.0
2024-04-15 01:20:00+00:00,12.739999771118164,12.75,12.739999771118164,12.75,109544,0.0,0.0,0.0
2024-04-15 01:25:00+00:00,12.75,12.75,12.75,12.75,33231,0.0,0.0,0.0
2024-04-15 01:30:00+00:00,12.760000228881836,12.779999732971191,12.760000228881836,12.779999732971191,115977,0.0,0.0,0.0
2024-04-15 01:35:00+00:00,12.779999732971191,12.779999732971191,12.760000228881836,12.760000228881836,52241,0.0,0.0,0.0
2024-04-15 01:40:00+00:00,12.760000228881836,12.770000457763672,12.760000228881836,12.770000457763672,23428,0.0,0.0,0.0
2024-04-15 01:45:00+00:00,12.770000457763672,12.770000457763672,12.760000228881836,12.760000228881836,28710,0.0,0.0,0.0
2024-04-15 01:50:00+00:00,12.770000457763672,12.770000457763672,12.770000457763672,12.770000457763672,3850,0.0,0.0,0.0
2024-04-15 01:55:00+00:00,12.770000457763672,12.770000457763672,12.760000228881836,12.770000457763672,15018,0.0,0.0,0.0
2024-04-15 02:00:00+00:00,12.770000457763672,12.770000457763672,12.770000457763672,12.770000457763672,24435,0.0,0.0,0.0
2024-04-15 02:05:00+00:00,12.770000457763672,12.779999732971191,12.760000228881836,12.760000228881836,92896,0.0,0.0,0.0
2024-04-15 02:10:00+00:00,12.75,12.760000228881836,12.75,12.75,65977,0.0,0.0,0.0
2024-04-15 02:15:00+00:00,12.75,12.75,12.739999771118164,12.739999771118164,73941,0.0,0.0,0.0
2024-04-15 02:20:00+00:00,12.729999542236328,12.739999771118164,12.729999542236328,12.739999771118164,217166,0.0,0.0,0.0
2024-04-15 02:25:00+00:00,12.739999771118164,12.739999771118164,12.729999542236328,12.729999542236328,24012,0.0,0.0,0.0
2024-04-15 02:30:00+00:00,12.739999771118164,12.739999771118164,12.729999542236328,12.729999542236328,29796,0.0,0.0,0.0
2024-04-15 02:35:00+00:00,12.729999542236328,12.729999542236328,12.720000267028809,12.729999542236328,72800,0.0,0.0,0.0
2024-04-15 02:40:00+00:00,12.739999771118164,12.739999771118164,12.720000267028809,12.720000267028809,133013,0.0,0.0,0.0
2024-04-15 02:45:00+00:00,12.729999542236328,12.729999542236328,12.720000267028809,12.720000267028809,11005,0.0,0.0,0.0
2024-04-15 02:50:00+00:00,12.720000267028809,12.729999542236328,12.720000267028809,12.729999542236328,9026,0.0,0.0,0.0
2024-04-15 02:55:00+00:00,12.720000267028809,12.720000267028809,12.720000267028809,12.720000267028809,15100,0.0,0.0,0.0
2024-04-15 03:00:00+00:00,12.720000267028809,12.720000267028809,12.710000038146973,12.710000038146973,57156,0.0,0.0,0.0
2024-04-15 03:05:00+00:00,12.699999809265137,12.699999809265137,12.6899995803833,12.6899995803833,181144,0.0,0.0,0.0
2024-04-15 03:10:00+00:00,12.6899995803833,12.699999809265137,12.680000305175781,12.680000305175781,84424,0.0,0.0,0.0
2024-04-15 03:15:00+00:00,12.6899995803833,12.6899995803833,12.6899995803833,12.6899995803833,7377,0.0,0.0,0.0
2024-04-15 03:20:00+00:00,12.6899995803833,12.699999809265137,12.6899995803833,12.699999809265137,106012,0.0,0.0,0.0
2024-04-15 03:25:00+00:00,12.710000038146973,12.720000267028809,12.699999809265137,12.720000267028809,64996,0.0,0.0,0.0
2024-04-15 03:30:00+00:00,12.720000267028809,12.720000267028809,12.720000267028809,12.720000267028809,1013,0.0,0.0,0.0
2024-04-15 03:35:00+00:00,12.720000267028809,12.720000267028809,12.720000267028809,12.720000267028809,8513,0.0,0.0,0.0
2024-04-15 03:40:00+00:00,12.720000267028809,12.720000267028809,12.720000267028809,12.720000267028809,4604,0.0,0.0,0.0
2024-04-15 03:45:00+00:00,12.720000267028809,12.720000267028809,12.710000038146973,12.720000267028809,11413,0.0,0.0,0.0
2024-04-15 03:50:00+00:00,12.710000038146973,12.720000267028809,12.710000038146973,12.710000038146973,31035,0.0,0.0,0.0
2024-04-15 03:55:00+00:00,12.720000267028809,12.720000267028809,12.720000267028809,12.720000267028809,1068,0.0,0.0,0.0
2024-04-15 04:00:00+00:00,12.710000038146973,12.710000038146973,12.710000038146973,12.710000038146973,37013,0.0,0.0,0.0
2024-04-15 04:05:00+00:00,12.710000038146973,12.720000267028809,12.710000038146973,12.720000267028809,18029,0.0,0.0,0.0
2024-04-15 04:10:00+00:00,12.710000038146973,12.710000038146973,12.699999809265137,12.699999809265137,3033,0.0,0.0,0.0
2024-04-15 04:15:00+00:00,12.710000038146973,12.710000038146973,12.710000038146973,12.710000038146973,4026,0.0,0.0,0.0
2024-04-15 04:20:00+00:00,12.699999809265137,12.710000038146973,12.6899995803833,12.6899995803833,96380,0.0,0.0,0.0
2024-04-15 04:25:00+00:00,12.6899995803833,12.6899995803833,12.680000305175781,12.680000305175781,169451,0.0,0.0,0.0
2024-04-15 04:30:00+00:00,12.6899995803833,12.710000038146973,12.6899995803833,12.710000038146973,153013,0.0,0.0,0.0
2024-04-15 04:35:00+00:00,12.720000267028809,12.729999542236328,12.720000267028809,12.729999542236328,144100,0.0,0.0,0.0
2024-04-15 04:40:00+00:00,12.729999542236328,12.729999542236328,12.720000267028809,12.720000267028809,29045,0.0,0.0,0.0
2024-04-15 04:45:00+00:00,12.710000038146973,12.720000267028809,12.710000038146973,12.720000267028809,24157,0.0,0.0,0.0
2024-04-15 04:50:00+00:00,12.720000267028809,12.720000267028809,12.720000267028809,12.720000267028809,3502,0.0,0.0,0.0
2024-04-15 04:55:00+00:00,12.720000267028809,12.729999542236328,12.720000267028809,12.729999542236328,4215,0.0,0.0,0.0
2024-04-15 05:00:00+00:00,12.729999542236328,12.739999771118164,12.729999542236328,12.729999542236328,5070,0.0,0.0,0.0
2024-04-15 05:05:00+00:00,12.739999771118164,12.739999771118164,12.729999542236328,12.729999542236328,15425,0.0,0.0,0.0
2024-04-15 05:10:00+00:00,12.729999542236328,12.729999542236328,12.720000267028809,12.729999542236328,21276,0.0,0.0,0.0
2024-04-15 05:15:00+00:00,12.729999542236328,12.729999542236328,12.720000267028809,12.720000267028809,28624,0.0,0.0,0.0
2024-04-15 05:20:00+00:00,12.720000267028809,12.720000267028809,12.710000038146973,12.720000267028809,114386,0.0,0.0,0.0
2024-04-16 01:00:00+00:00,12.600000381469727,12.600000381469727,12.529999732971191,12.529999732971191,176000,0.0,0.0,0.0
2024-04-16 01:05:00+00:00,12.520000457763672,12.529999732971191,12.5,12.5,233277,0.0,0.0,0.0
2024-04-16 01:10:00+00:00,12.5,12.510000228881836,12.470000267028809,12.470000267028809,249212,0.0,0.0,0.0
2024-04-16 01:15:00+00:00,12.470000267028809,12.470000267028809,12.420000076293945,12.430000305175781,113034,0.0,0.0,0.0
2024-04-16 01:20:00+00:00,12.430000305175781,12.430000305175781,12.40999984741211,12.420000076293945,143824,0.0,0.0,0.0
2024-04-16 01:25:00+00:00,12.420000076293945,12.4399995803833,12.420000076293945,12.4399995803833,49294,0.0,0.0,0.0
2024-04-16 01:30:00+00:00,12.4399995803833,12.449999809265137,12.420000076293945,12.449999809265137,83433,0.0,0.0,0.0
2024-04-16 01:35:00+00:00,12.4399995803833,12.4399995803833,12.420000076293945,12.420000076293945,135226,0.0,0.0,0.0
2024-04-16 01:40:00+00:00,12.430000305175781,12.430000305175781,12.420000076293945,12.430000305175781,67639,0.0,0.0,0.0
2024-04-16 01:45:00+00:00,12.430000305175781,12.430000305175781,12.420000076293945,12.420000076293945,45169,0.0,0.0,0.0
2024-04-16 01:50:00+00:00,12.420000076293945,12.420000076293945,12.399999618530273,12.399999618530273,212069,0.0,0.0,0.0
2024-04-16 01:55:00+00:00,12.399999618530273,12.399999618530273,12.369999885559082,12.369999885559082,132673,0.0,0.0,0.0
2024-04-16 02:00:00+00:00,12.390000343322754,12.390000343322754,12.369999885559082,12.369999885559082,126415,0.0,0.0,0.0
2024-04-16 02:05:00+00:00,12.369999885559082,12.380000114440918,12.34000015258789,12.350000381469727,97604,0.0,0.0,0.0
2024-04-16 02:10:00+00:00,12.34000015258789,12.34000015258789,12.3100004196167,12.329999923706055,117687,0.0,0.0,0.0
2024-04-16 02:15:00+00:00,12.329999923706055,12.369999885559082,12.319999694824219,12.350000381469727,85189,0.0,0.0,0.0
2024-04-16 02:20:00+00:00,12.359999656677246,12.369999885559082,12.350000381469727,12.369999885559082,24116,0.0,0.0,0.0
2024-04-16 02:25:00+00:00,12.359999656677246,12.359999656677246,12.319999694824219,12.319999694824219,869552,0.0,0.0,0.0
2024-04-16 02:30:00+00:00,12.329999923706055,12.329999923706055,12.3100004196167,12.319999694824219,26589,0.0,0.0,0.0
2024-04-16 02:35:00+00:00,12.319999694824219,12.34000015258789,12.319999694824219,12.319999694824219,50502,0.0,0.0,0.0
2024-04-16 02:40:00+00:00,12.329999923706055,12.329999923706055,12.319999694824219,12.319999694824219,10135,0.0,0.0,0.0
2024-04-16 02:45:00+00:00,12.329999923706055,12.34000015258789,12.319999694824219,12.34000015258789,88890,0.0,0.0,0.0
2024-04-16 02:50:00+00:00,12.34000015258789,12.34000015258789,12.319999694824219,12.319999694824219,7112,0.0,0.0,0.0
2024-04-16 02:55:00+00:00,12.319999694824219,12.319999694824219,12.3100004196167,12.3100004196167,45543,0.0,0.0,0.0
2024-04-16 03:00:00+00:00,12.319999694824219,12.319999694824219,12.319999694824219,12.319999694824219,10489,0.0,0.0,0.0
2024-04-16 03:05:00+00:00,12.319999694824219,12.319999694824219,12.319999694824219,12.319999694824219,7174,0.0,0.0,0.0
2024-04-16 03:10:00+00:00,12.319999694824219,12.329999923706055,12.3100004196167,12.329999923706055,54015,0.0,0.0,0.0
2024-04-16 03:15:00+00:00,12.329999923706055,12.329999923706055,12.329999923706055,12.329999923706055,6607,0.0,0.0,0.0
2024-04-16 03:20:00+00:00,12.329999923706055,12.329999923706055,12.329999923706055,12.329999923706055,14304,0.0,0.0,0.0
2024-04-16 03:25:00+00:00,12.329999923706055,12.329999923706055,12.319999694824219,12.329999923706055,14214,0.0,0.0,0.0
2024-04-16 03:30:00+00:00,12.329999923706055,12.329999923706055,12.329999923706055,12.329999923706055,49609,0.0,0.0,0.0
2024-04-16 03:35:00+00:00,12.319999694824219,12.319999694824219,12.319999694824219,12.319999694824219,10277,0.0,0.0,0.0
2024-04-16 03:40:00+00:00,12.3100004196167,12.3100004196167,12.3100004196167,12.3100004196167,125780,0.0,0.0,0.0
2024-04-16 03:45:00+00:00,12.3100004196167,12.319999694824219,12.3100004196167,12.319999694824219,54314,0.0,0.0,0.0
2024-04-16 03:50:00+00:00,12.3100004196167,12.319999694824219,12.300000190734863,12.3100004196167,15545,0.0,0.0,0.0
2024-04-16 03:55:00+00:00,12.300000190734863,12.3100004196167,12.300000190734863,12.3100004196167,14029,0.0,0.0,0.0
2024-04-16 04:00:00+00:00,12.3100004196167,12.3100004196167,12.289999961853027,12.300000190734863,371089,0.0,0.0,0.0
2024-04-16 04:05:00+00:00,12.300000190734863,12.300000190734863,12.279999732971191,12.289999961853027,47224,0.0,0.0,0.0
2024-04-16 04:10:00+00:00,12.289999961853027,12.289999961853027,12.289999961853027,12.289999961853027,12914,0.0,0.0,0.0
2024-04-16 04:15:00+00:00,12.289999961853027,12.289999961853027,12.279999732971191,12.279999732971191,103271,0.0,0.0,0.0
2024-04-16 04:20:00+00:00,12.279999732971191,12.279999732971191,12.270000457763672,12.270000457763672,19940,0.0,0.0,0.0
2024-04-16 04:25:00+00:00,12.270000457763672,12.270000457763672,12.260000228881836,12.260000228881836,34015,0.0,0.0,0.0
2024-04-16 04:30:00+00:00,12.260000228881836,12.270000457763672,12.25,12.25,56531,0.0,0.0,0.0
2024-04-16 04:35:00+00:00,12.25,12.279999732971191,12.25,12.279999732971191,20144,0.0,0.0,0.0
2024-04-16 04:40:00+00:00,12.270000457763672,12.270000457763672,12.270000457763672,12.270000457763672,15162,0.0,0.0,0.0
2024-04-16 04:45:00+00:00,12.260000228881836,12.270000457763672,12.260000228881836,12.260000228881836,20316,0.0,0.0,0.0
2024-04-16 04:50:00+00:00,12.260000228881836,12.270000457763672,12.260000228881836,12.270000457763672,53250,0.0,0.0,0.0
2024-04-16 04:55:00+00:00,12.270000457763672,12.270000457763672,12.260000228881836,12.270000457763672,62820,0.0,0.0,0.0
2024-04-16 05:00:00+00:00,12.279999732971191,12.319999694824219,12.279999732971191,12.319999694824219,97746,0.0,0.0,0.0
2024-04-16 05:05:00+00:00,12.319999694824219,12.350000381469727,12.319999694824219,12.350000381469727,225214,0.0,0.0,0.0
2024-04-16 05:10:00+00:00,12.350000381469727,12.359999656677246,12.350000381469727,12.350000381469727,63093,0.0,0.0,0.0
2024-04-16 05:15:00+00:00,12.350000381469727,12.350000381469727,12.329999923706055,12.350000381469727,31046,0.0,0.0,0.0
2024-04-16 05:20:00+00:00,12.350000381469727,12.350000381469727,12.319999694824219,12.329999923706055,37384,0.0,0.0,0.0
2024-04-17 01:00:00+00:00,12.550000190734863,12.550000190734863,12.420000076293945,12.489999771118164,1273000,0.0,0.0,0.0
2024-04-17 01:05:00+00:00,12.489999771118164,12.510000228881836,12.489999771118164,12.489999771118164,1186000,0.0,0.0,0.0
2024-04-17 01:10:00+00:00,12.489999771118164,12.489999771118164,12.470000267028809,12.489999771118164,689520,0.0,0.0,0.0
2024-04-17 01:15:00+00:00,12.5,12.5,12.470000267028809,12.470000267028809,565381,0.0,0.0,0.0
2024-04-17 01:20:00+00:00,12.489999771118164,12.5,12.470000267028809,12.5,152643,0.0,0.0,0.0
2024-04-17 01:25:00+00:00,12.5,12.5,12.479999542236328,12.489999771118164,483401,0.0,0.0,0.0
2024-04-17 01:30:00+00:00,12.489999771118164,12.5,12.489999771118164,12.489999771118164,221746,0.0,0.0,0.0
2024-04-17 01:35:00+00:00,12.489999771118164,12.489999771118164,12.470000267028809,12.479999542236328,379565,0.0,0.0,0.0
2024-04-17 01:40:00+00:00,12.479999542236328,12.489999771118164,12.470000267028809,12.479999542236328,568714,0.0,0.0,0.0
2024-04-17 01:45:00+00:00,12.479999542236328,12.479999542236328,12.460000038146973,12.470000267028809,229737,0.0,0.0,0.0
2024-04-17 01:50:00+00:00,12.470000267028809,12.479999542236328,12.470000267028809,12.479999542236328,109301,0.0,0.0,0.0
2024-04-17 01:55:00+00:00,12.479999542236328,12.489999771118164,12.479999542236328,12.479999542236328,188238,0.0,0.0,0.0
2024-04-17 02:00:00+00:00,12.479999542236328,12.489999771118164,12.470000267028809,12.489999771118164,180344,0.0,0.0,0.0
2024-04-17 02:05:00+00:00,12.489999771118164,12.5,12.489999771118164,12.5,224894,0.0,0.0,0.0
2024-04-17 02:10:00+00:00,12.5,12.510000228881836,12.5,12.510000228881836,424244,0.0,0.0,0.0
2024-04-17 02:15:00+00:00,12.510000228881836,12.510000228881836,12.510000228881836,12.510000228881836,93338,0.0,0.0,0.0
2024-04-17 02:20:00+00:00,12.510000228881836,12.510000228881836,12.5,12.5,399175,0.0,0.0,0.0
2024-04-17 02:25:00+00:00,12.510000228881836,12.510000228881836,12.5,12.510000228881836,53394,0.0,0.0,0.0
2024-04-17 02:30:00+00:00,12.510000228881836,12.520000457763672,12.510000228881836,12.520000457763672,69644,0.0,0.0,0.0
2024-04-17 02:35:00+00:00,12.520000457763672,12.539999961853027,12.520000457763672,12.529999732971191,78724,0.0,0.0,0.0
2024-04-17 02:40:00+00:00,12.529999732971191,12.539999961853027,12.529999732971191,12.539999961853027,62749,0.0,0.0,0.0
2024-04-17 02:45:00+00:00,12.539999961853027,12.550000190734863,12.529999732971191,12.550000190734863,138344,0.0,0.0,0.0
2024-04-17 02:50:00+00:00,12.550000190734863,12.569999694824219,12.550000190734863,12.5600004196167,110639,0.0,0.0,0.0
2024-04-17 02:55:00+00:00,12.550000190734863,12.5600004196167,12.550000190734863,12.5600004196167,139650,0.0,0.0,0.0
2024-04-17 03:00:00+00:00,12.5600004196167,12.569999694824219,12.5600004196167,12.569999694824219,168745,0.0,0.0,0.0
2024-04-17 03:05:00+00:00,12.5600004196167,12.569999694824219,12.5600004196167,12.569999694824219,86787,0.0,0.0,0.0
2024-04-17 03:10:00+00:00,12.5600004196167,12.5600004196167,12.550000190734863,12.5600004196167,329094,0.0,0.0,0.0
2024-04-17 03:15:00+00:00,12.569999694824219,12.569999694824219,12.5600004196167,12.5600004196167,177533,0.0,0.0,0.0
2024-04-17 03:20:00+00:00,12.5600004196167,12.569999694824219,12.5600004196167,12.569999694824219,14055,0.0,0.0,0.0
2024-04-17 03:25:00+00:00,12.569999694824219,12.569999694824219,12.5600004196167,12.5600004196167,219244,0.0,0.0,0.0
2024-04-17 03:30:00+00:00,12.5600004196167,12.5600004196167,12.539999961853027,12.550000190734863,246389,0.0,0.0,0.0
2024-04-17 03:35:00+00:00,12.550000190734863,12.550000190734863,12.539999961853027,12.550000190734863,171137,0.0,0.0,0.0
2024-04-17 03:40:00+00:00,12.550000190734863,12.5600004196167,12.550000190734863,12.550000190734863,557105,0.0,0.0,0.0
2024-04-17 03:45:00+00:00,12.5600004196167,12.569999694824219,12.5600004196167,12.5600004196167,70044,0.0,0.0,0.0
2024-04-17 03:50:00+00:00,12.569999694824219,12.569999694824219,12.5600004196167,12.5600004196167,26024,0.0,0.0,0.0
2024-04-17 03:55:00+00:00,12.5600004196167,12.5600004196167,12.550000190734863,12.550000190734863,399104,0.0,0.0,0.0
2024-04-17 04:00:00+00:00,12.550000190734863,12.5600004196167,12.550000190734863,12.5600004196167,439543,0.0,0.0,0.0
2024-04-17 04:05:00+00:00,12.5600004196167,12.5600004196167,12.539999961853027,12.539999961853027,330395,0.0,0.0,0.0
2024-04-17 04:10:00+00:00,12.539999961853027,12.550000190734863,12.539999961853027,12.539999961853027,164223,0.0,0.0,0.0
2024-04-17 04:15:00+00:00,12.539999961853027,12.5600004196167,12.539999961853027,12.5600004196167,539165,0.0,0.0,0.0
2024-04-17 04:20:00+00:00,12.569999694824219,12.569999694824219,12.5600004196167,12.569999694824219,94249,0.0,0.0,0.0
2024-04-17 04:25:00+00:00,12.569999694824219,12.569999694824219,12.5600004196167,12.5600004196167,212294,0.0,0.0,0.0
2024-04-17 04:30:00+00:00,12.5600004196167,12.569999694824219,12.550000190734863,12.550000190734863,135774,0.0,0.0,0.0
2024-04-17 04:35:00+00:00,12.550000190734863,12.5600004196167,12.539999961853027,12.550000190734863,173320,0.0,0.0,0.0
2024-04-17 04:40:00+00:00,12.550000190734863,12.550000190734863,12.539999961853027,12.550000190734863,103090,0.0,0.0,0.0
2024-04-17 04:45:00+00:00,12.550000190734863,12.550000190734863,12.539999961853027,12.550000190734863,239710,0.0,0.0,0.0
2024-04-17 04:50:00+00:00,12.550000190734863,12.550000190734863,12.550000190734863,12.550000190734863,125860,0.0,0.0,0.0
2024-04-17 04:55:00+00:00,12.5600004196167,12.5600004196167,12.550000190734863,12.5600004196167,180573,0.0,0.0,0.0
2024-04-17 05:00:00+00:00,12.5600004196167,12.579999923706055,12.550000190734863,12.569999694824219,116043,0.0,0.0,0.0
2024-04-17 05:05:00+00:00,12.569999694824219,12.569999694824219,12.5600004196167,12.5600004196167,283255,0.0,0.0,0.0
2024-04-17 05:10:00+00:00,12.5600004196167,12.569999694824219,12.5600004196167,12.569999694824219,198125,0.0,0.0,0.0
2024-04-17 05:15:00+00:00,12.569999694824219,12.569999694824219,12.5600004196167,12.569999694824219,581792,0.0,0.0,0.0
2024-04-17 05:20:00+00:00,12.569999694824219,12.569999694824219,12.5600004196167,12.569999694824219,387309,0.0,0.0,0.0
2024-04-18 01:00:00+00:00,12.300000190734863,12.300000190734863,12.229999542236328,12.229999542236328,0,0.21,0.0,0.0
2024-04-18 01:05:00+00:00,12.229999542236328,12.239999771118164,12.220000267028809,12.220000267028809,193987,0.0,0.0,0.0
2024-04-18 01:10:00+00:00,12.229999542236328,12.260000228881836,12.229999542236328,12.260000228881836,39957,0.0,0.0,0.0
2024-04-18 01:15:00+00:00,12.260000228881836,12.270000457763672,12.260000228881836,12.270000457763672,28169,0.0,0.0,0.0
2024-04-18 01:20:00+00:00,12.270000457763672,12.289999961853027,12.270000457763672,12.289999961853027,41008,0.0,0.0,0.0
2024-04-18 01:25:00+00:00,12.289999961853027,12.300000190734863,12.289999961853027,12.300000190734863,83826,0.0,0.0,0.0
2024-04-18 01:30:00+00:00,12.300000190734863,12.300000190734863,12.279999732971191,12.279999732971191,96852,0.0,0.0,0.0
2024-04-18 01:35:00+00:00,12.279999732971191,12.279999732971191,12.270000457763672,12.279999732971191,17450,0.0,0.0,0.0
2024-04-18 01:40:00+00:00,12.289999961853027,12.289999961853027,12.239999771118164,12.239999771118164,366166,0.0,0.0,0.0
2024-04-18 01:45:00+00:00,12.25,12.260000228881836,12.239999771118164,12.25,22000,0.0,0.0,0.0
2024-04-18 01:50:00+00:00,12.260000228881836,12.270000457763672,12.260000228881836,12.270000457763672,10333,0.0,0.0,0.0
2024-04-18 01:55:00+00:00,12.270000457763672,12.289999961853027,12.270000457763672,12.289999961853027,19878,0.0,0.0,0.0
2024-04-18 02:00:00+00:00,12.300000190734863,12.329999923706055,12.300000190734863,12.329999923706055,14000,0.0,0.0,0.0
2024-04-18 02:05:00+00:00,12.329999923706055,12.350000381469727,12.329999923706055,12.350000381469727,16108,0.0,0.0,0.0
2024-04-18 02:10:00+00:00,12.359999656677246,12.359999656677246,12.350000381469727,12.350000381469727,32317,0.0,0.0,0.0
2024-04-18 02:15:00+00:00,12.350000381469727,12.359999656677246,12.34000015258789,12.350000381469727,19405,0.0,0.0,0.0
2024-04-18 02:20:00+00:00,12.350000381469727,12.390000343322754,12.350000381469727,12.390000343322754,91020,0.0,0.0,0.0
2024-04-18 02:25:00+00:00,12.399999618530273,12.399999618530273,12.399999618530273,12.399999618530273,45789,0.0,0.0,0.0
2024-04-18 02:30:00+00:00,12.399999618530273,12.399999618530273,12.380000114440918,12.380000114440918,35956,0.0,0.0,0.0
2024-04-18 02:35:00+00:00,12.390000343322754,12.390000343322754,12.390000343322754,12.390000343322754,7518,0.0,0.0,0.0
2024-04-18 02:40:00+00:00,12.399999618530273,12.399999618530273,12.390000343322754,12.390000343322754,35051,0.0,0.0,0.0
2024-04-18 02:45:00+00:00,12.390000343322754,12.399999618530273,12.390000343322754,12.399999618530273,4100,0.0,0.0,0.0
2024-04-18 02:50:00+00:00,12.390000343322754,12.390000343322754,12.380000114440918,12.390000343322754,58000,0.0,0.0,0.0
2024-04-18 02:55:00+00:00,12.390000343322754,12.390000343322754,12.380000114440918,12.390000343322754,7435,0.0,0.0,0.0
2024-04-18 03:00:00+00:00,12.390000343322754,12.390000343322754,12.390000343322754,12.390000343322754,79864,0.0,0.0,0.0
2024-04-18 03:05:00+00:00,12.390000343322754,12.390000343322754,12.380000114440918,12.390000343322754,65520,0.0,0.0,0.0
2024-04-18 03:10:00+00:00,12.399999618530273,12.399999618530273,12.390000343322754,12.390000343322754,68000,0.0,0.0,0.0
2024-04-18 03:15:00+00:00,12.380000114440918,12.40999984741211,12.380000114440918,12.390000343322754,230000,0.0,0.0,0.0
2024-04-18 03:20:00+00:00,12.390000343322754,12.390000343322754,12.380000114440918,12.380000114440918,29001,0.0,0.0,0.0
2024-04-18 03:25:00+00:00,12.390000343322754,12.390000343322754,12.390000343322754,12.390000343322754,19663,0.0,0.0,0.0
2024-04-18 03:30:00+00:00,12.390000343322754,12.390000343322754,12.380000114440918,12.380000114440918,130487,0.0,0.0,0.0
2024-04-18 03:35:00+00:00,12.369999885559082,12.369999885559082,12.359999656677246,12.359999656677246,15207,0.0,0.0,0.0
2024-04-18 03:40:00+00:00,12.359999656677246,12.359999656677246,12.350000381469727,12.359999656677246,34254,0.0,0.0,0.0
2024-04-18 03:45:00+00:00,12.359999656677246,12.359999656677246,12.359999656677246,12.359999656677246,5000,0.0,0.0,0.0
2024-04-18 03:50:00+00:00,12.350000381469727,12.350000381469727,12.350000381469727,12.350000381469727,210000,0.0,0.0,0.0
2024-04-18 03:55:00+00:00,12.359999656677246,12.369999885559082,12.350000381469727,12.359999656677246,492152,0.0,0.0,0.0
2024-04-18 04:00:00+00:00,12.359999656677246,12.369999885559082,12.359999656677246,12.369999885559082,2000,0.0,0.0,0.0
2024-04-18 04:05:00+00:00,12.369999885559082,12.369999885559082,12.369999885559082,12.369999885559082,4000,0.0,0.0,0.0
2024-04-18 04:10:00+00:00,12.369999885559082,12.369999885559082,12.369999885559082,12.369999885559082,8048,0.0,0.0,0.0
2024-04-18 04:15:00+00:00,12.359999656677246,12.359999656677246,12.359999656677246,12.359999656677246,34000,0.0,0.0,0.0
2024-04-18 04:20:00+00:00,12.359999656677246,12.359999656677246,12.359999656677246,12.359999656677246,9080,0.0,0.0,0.0
2024-04-18 04:25:00+00:00,12.369999885559082,12.369999885559082,12.359999656677246,12.359999656677246,9500,0.0,0.0,0.0
2024-04-18 04:30:00+00:00,12.369999885559082,12.380000114440918,12.369999885559082,12.380000114440918,3081,0.0,0.0,0.0
2024-04-18 04:35:00+00:00,12.380000114440918,12.380000114440918,12.369999885559082,12.369999885559082,5240,0.0,0.0,0.0
2024-04-18 04:40:00+00:00,12.369999885559082,12.380000114440918,12.359999656677246,12.369999885559082,15000,0.0,0.0,0.0
2024-04-18 04:45:00+00:00,12.369999885559082,12.369999885559082,12.369999885559082,12.369999885559082,10650,0.0,0.0,0.0
2024-04-18 04:50:00+00:00,12.369999885559082,12.369999885559082,12.369999885559082,12.369999885559082,8050,0.0,0.0,0.0
2024-04-18 04:55:00+00:00,12.380000114440918,12.390000343322754,12.380000114440918,12.390000343322754,7230,0.0,0.0,0.0
2024-04-18 05:00:00+00:00,12.390000343322754,12.390000343322754,12.369999885559082,12.380000114440918,20189,0.0,0.0,0.0
2024-04-18 05:05:00+00:00,12.380000114440918,12.380000114440918,12.380000114440918,12.380000114440918,61000,0.0,0.0,0.0
2024-04-18 05:10:00+00:00,12.380000114440918,12.380000114440918,12.369999885559082,12.380000114440918,23210,0.0,0.0,0.0
2024-04-18 05:15:00+00:00,12.380000114440918,12.380000114440918,12.359999656677246,12.359999656677246,42292,0.0,0.0,0.0
2024-04-18 05:20:00+00:00,12.369999885559082,12.390000343322754,12.359999656677246,12.390000343322754,41872,0.0,0.0,0.0
2024-04-19 01:00:00+00:00,12.210000038146973,12.260000228881836,12.079999923706055,12.109999656677246,0,0.0,0.0,0.0
2024-04-19 01:05:00+00:00,12.100000381469727,12.119999885559082,12.09000015258789,12.100000381469727,183912,0.0,0.0,0.0
2024-04-19 01:10:00+00:00,12.109999656677246,12.109999656677246,12.050000190734863,12.050000190734863,463721,0.0,0.0,0.0
2024-04-19 01:15:00+00:00,12.050000190734863,12.050000190734863,12.020000457763672,12.029999732971191,143325,0.0,0.0,0.0
2024-04-19 01:20:00+00:00,12.029999732971191,12.050000190734863,12.020000457763672,12.050000190734863,171614,0.0,0.0,0.0
2024-04-19 01:25:00+00:00,12.050000190734863,12.050000190734863,12.029999732971191,12.029999732971191,193463,0.0,0.0,0.0
2024-04-19 01:30:00+00:00,12.029999732971191,12.029999732971191,12.010000228881836,12.010000228881836,289469,0.0,0.0,0.0
2024-04-19 01:35:00+00:00,12.0,12.0,11.979999542236328,11.979999542236328,626238,0.0,0.0,0.0
2024-04-19 01:40:00+00:00,11.979999542236328,11.979999542236328,11.90999984741211,11.90999984741211,310827,0.0,0.0,0.0
2024-04-19 01:45:00+00:00,11.920000076293945,11.989999771118164,11.920000076293945,11.989999771118164,184176,0.0,0.0,0.0
2024-04-19 01:50:00+00:00,11.989999771118164,11.989999771118164,11.960000038146973,11.979999542236328,74561,0.0,0.0,0.0
2024-04-19 01:55:00+00:00,11.989999771118164,11.989999771118164,11.960000038146973,11.960000038146973,196544,0.0,0.0,0.0
2024-04-19 02:00:00+00:00,11.989999771118164,11.989999771118164,11.949999809265137,11.949999809265137,349463,0.0,0.0,0.0
2024-04-19 02:05:00+00:00,11.960000038146973,11.979999542236328,11.949999809265137,11.949999809265137,187956,0.0,0.0,0.0
2024-04-19 02:10:00+00:00,11.949999809265137,11.949999809265137,11.90999984741211,11.90999984741211,300456,0.0,0.0,0.0
2024-04-19 02:15:00+00:00,11.90999984741211,11.90999984741211,11.890000343322754,11.890000343322754,353077,0.0,0.0,0.0
2024-04-19 02:20:00+00:00,11.890000343322754,11.899999618530273,11.869999885559082,11.869999885559082,414638,0.0,0.0,0.0
2024-04-19 02:25:00+00:00,11.899999618530273,11.90999984741211,11.890000343322754,11.899999618530273,48008,0.0,0.0,0.0
2024-04-19 02:30:00+00:00,11.90999984741211,11.90999984741211,11.899999618530273,11.899999618530273,26823,0.0,0.0,0.0
2024-04-19 02:35:00+00:00,11.899999618530273,11.90999984741211,11.890000343322754,11.890000343322754,333795,0.0,0.0,0.0
2024-04-19 02:40:00+00:00,11.880000114440918,11.890000343322754,11.850000381469727,11.859999656677246,353059,0.0,0.0,0.0
2024-04-19 02:45:00+00:00,11.859999656677246,11.859999656677246,11.800000190734863,11.800000190734863,399820,0.0,0.0,0.0
2024-04-19 02:50:00+00:00,11.800000190734863,11.819999694824219,11.800000190734863,11.800000190734863,96104,0.0,0.0,0.0
2024-04-19 02:55:00+00:00,11.800000190734863,11.800000190734863,11.739999771118164,11.75,285716,0.0,0.0,0.0
2024-04-19 03:00:00+00:00,11.770000457763672,11.770000457763672,11.720000267028809,11.760000228881836,152029,0.0,0.0,0.0
2024-04-19 03:05:00+00:00,11.760000228881836,11.890000343322754,11.760000228881836,11.859999656677246,199710,0.0,0.0,0.0
2024-04-19 03:10:00+00:00,11.859999656677246,11.899999618530273,11.859999656677246,11.899999618530273,106272,0.0,0.0,0.0
2024-04-19 03:15:00+00:00,11.899999618530273,11.899999618530273,11.880000114440918,11.880000114440918,218208,0.0,0.0,0.0
2024-04-19 03:20:00+00:00,11.899999618530273,11.899999618530273,11.880000114440918,11.899999618530273,7013,0.0,0.0,0.0
2024-04-19 03:25:00+00:00,11.90999984741211,11.920000076293945,11.90999984741211,11.920000076293945,201553,0.0,0.0,0.0
2024-04-19 03:30:00+00:00,11.930000305175781,11.9399995803833,11.930000305175781,11.930000305175781,164409,0.0,0.0,0.0
2024-04-19 03:35:00+00:00,11.930000305175781,11.9399995803833,11.890000343322754,11.890000343322754,174028,0.0,0.0,0.0
2024-04-19 03:40:00+00:00,11.890000343322754,11.920000076293945,11.890000343322754,11.920000076293945,312910,0.0,0.0,0.0
2024-04-19 03:45:00+00:00,11.920000076293945,11.920000076293945,11.920000076293945,11.920000076293945,49100,0.0,0.0,0.0
2024-04-19 03:50:00+00:00,11.930000305175781,11.930000305175781,11.920000076293945,11.930000305175781,42318,0.0,0.0,0.0
2024-04-19 03:55:00+00:00,11.930000305175781,11.930000305175781,11.930000305175781,11.930000305175781,43016,0.0,0.0,0.0
2024-04-19 04:00:00+00:00,11.930000305175781,11.930000305175781,11.930000305175781,11.930000305175781,36088,0.0,0.0,0.0
2024-04-19 04:05:00+00:00,11.930000305175781,11.949999809265137,11.930000305175781,11.949999809265137,584058,0.0,0.0,0.0
2024-04-19 04:10:00+00:00,11.9399995803833,11.9399995803833,11.920000076293945,11.920000076293945,47788,0.0,0.0,0.0
2024-04-19 04:15:00+00:00,11.920000076293945,11.930000305175781,11.920000076293945,11.920000076293945,61208,0.0,0.0,0.0
2024-04-19 04:20:00+00:00,11.920000076293945,11.930000305175781,11.90999984741211,11.930000305175781,75617,0.0,0.0,0.0
2024-04-19 04:25:00+00:00,11.930000305175781,11.9399995803833,11.930000305175781,11.930000305175781,89518,0.0,0.0,0.0
2024-04-19 04:30:00+00:00,11.949999809265137,11.949999809265137,11.9399995803833,11.9399995803833,73499,0.0,0.0,0.0
2024-04-19 04:35:00+00:00,11.9399995803833,11.949999809265137,11.9399995803833,11.949999809265137,53500,0.0,0.0,0.0
2024-04-19 04:40:00+00:00,11.960000038146973,11.960000038146973,11.9399995803833,11.949999809265137,80002,0.0,0.0,0.0
2024-04-19 04:45:00+00:00,11.949999809265137,11.960000038146973,11.949999809265137,11.960000038146973,93920,0.0,0.0,0.0
2024-04-19 04:50:00+00:00,11.949999809265137,11.960000038146973,11.930000305175781,11.9399995803833,411406,0.0,0.0,0.0
2024-04-19 04:55:00+00:00,11.930000305175781,11.930000305175781,11.920000076293945,11.930000305175781,45703,0.0,0.0,0.0
2024-04-19 05:00:00+00:00,11.930000305175781,11.930000305175781,11.90999984741211,11.90999984741211,161710,0.0,0.0,0.0
2024-04-19 05:05:00+00:00,11.920000076293945,11.920000076293945,11.899999618530273,11.899999618530273,362902,0.0,0.0,0.0
2024-04-19 05:10:00+00:00,11.899999618530273,11.899999618530273,11.880000114440918,11.890000343322754,540687,0.0,0.0,0.0
2024-04-19 05:15:00+00:00,11.890000343322754,11.890000343322754,11.880000114440918,11.880000114440918,112002,0.0,0.0,0.0
2024-04-19 05:20:00+00:00,11.880000114440918,11.880000114440918,11.869999885559082,11.880000114440918,71295,0.0,0.0,0.0
2024-04-22 01:00:00+00:00,11.850000381469727,11.850000381469727,11.789999961853027,11.800000190734863,0,0.0,0.0,0.0
2024-04-22 01:05:00+00:00,11.789999961853027,11.859999656677246,11.760000228881836,11.859999656677246,546836,0.0,0.0,0.0
2024-04-22 01:10:00+00:00,11.869999885559082,11.899999618530273,11.869999885559082,11.890000343322754,220433,0.0,0.0,0.0
2024-04-22 01:15:00+00:00,11.890000343322754,11.899999618530273,11.869999885559082,11.869999885559082,53681,0.0,0.0,0.0
2024-04-22 01:20:00+00:00,11.869999885559082,11.869999885559082,11.859999656677246,11.859999656677246,72278,0.0,0.0,0.0
2024-04-22 01:25:00+00:00,11.850000381469727,11.859999656677246,11.819999694824219,11.819999694824219,178478,0.0,0.0,0.0
2024-04-22 01:30:00+00:00,11.819999694824219,11.819999694824219,11.789999961853027,11.789999961853027,455526,0.0,0.0,0.0
2024-04-22 01:35:00+00:00,11.779999732971191,11.829999923706055,11.779999732971191,11.8100004196167,164266,0.0,0.0,0.0
2024-04-22 01:40:00+00:00,11.779999732971191,11.789999961853027,11.779999732971191,11.789999961853027,111732,0.0,0.0,0.0
2024-04-22 01:45:00+00:00,11.789999961853027,11.819999694824219,11.779999732971191,11.819999694824219,133433,0.0,0.0,0.0
2024-04-22 01:50:00+00:00,11.829999923706055,11.829999923706055,11.819999694824219,11.819999694824219,27770,0.0,0.0,0.0
2024-04-22 01:55:00+00:00,11.819999694824219,11.819999694824219,11.8100004196167,11.8100004196167,26137,0.0,0.0,0.0
2024-04-22 02:00:00+00:00,11.8100004196167,11.819999694824219,11.800000190734863,11.819999694824219,403259,0.0,0.0,0.0
2024-04-22 02:05:00+00:00,11.8100004196167,11.819999694824219,11.800000190734863,11.819999694824219,6011,0.0,0.0,0.0
2024-04-22 02:10:00+00:00,11.800000190734863,11.800000190734863,11.800000190734863,11.800000190734863,36487,0.0,0.0,0.0
2024-04-22 02:15:00+00:00,11.789999961853027,11.800000190734863,11.779999732971191,11.800000190734863,464498,0.0,0.0,0.0
2024-04-22 02:20:00+00:00,11.800000190734863,11.800000190734863,11.789999961853027,11.789999961853027,28012,0.0,0.0,0.0
2024-04-22 02:25:00+00:00,11.789999961853027,11.789999961853027,11.770000457763672,11.779999732971191,163160,0.0,0.0,0.0
2024-04-22 02:30:00+00:00,11.770000457763672,11.770000457763672,11.760000228881836,11.770000457763672,74413,0.0,0.0,0.0
2024-04-22 02:35:00+00:00,11.760000228881836,11.760000228881836,11.720000267028809,11.720000267028809,200618,0.0,0.0,0.0
2024-04-22 02:40:00+00:00,11.710000038146973,11.729999542236328,11.710000038146973,11.729999542236328,106193,0.0,0.0,0.0
2024-04-22 02:45:00+00:00,11.729999542236328,11.729999542236328,11.699999809265137,11.699999809265137,144282,0.0,0.0,0.0
2024-04-22 02:50:00+00:00,11.699999809265137,11.720000267028809,11.699999809265137,11.720000267028809,273825,0.0,0.0,0.0
2024-04-22 02:55:00+00:00,11.729999542236328,11.739999771118164,11.729999542236328,11.729999542236328,125100,0.0,0.0,0.0
2024-04-22 03:00:00+00:00,11.729999542236328,11.729999542236328,11.710000038146973,11.729999542236328,30024,0.0,0.0,0.0
2024-04-22 03:05:00+00:00,11.720000267028809,11.720000267028809,11.720000267028809,11.720000267028809,9610,0.0,0.0,0.0
2024-04-22 03:10:00+00:00,11.710000038146973,11.710000038146973,11.6899995803833,11.6899995803833,88659,0.0,0.0,0.0
2024-04-22 03:15:00+00:00,11.699999809265137,11.699999809265137,11.6899995803833,11.6899995803833,12102,0.0,0.0,0.0
2024-04-22 03:20:00+00:00,11.6899995803833,11.699999809265137,11.680000305175781,11.6899995803833,161111,0.0,0.0,0.0
2024-04-22 03:25:00+00:00,11.699999809265137,11.699999809265137,11.699999809265137,11.699999809265137,8350,0.0,0.0,0.0
2024-04-22 03:30:00+00:00,11.699999809265137,11.699999809265137,11.65999984741211,11.65999984741211,144480,0.0,0.0,0.0
2024-04-22 03:35:00+00:00,11.65999984741211,11.65999984741211,11.649999618530273,11.65999984741211,17767,0.0,0.0,0.0
2024-04-22 03:40:00+00:00,11.65999984741211,11.65999984741211,11.649999618530273,11.649999618530273,39621,0.0,0.0,0.0
2024-04-22 03:45:00+00:00,11.649999618530273,11.65999984741211,11.649999618530273,11.65999984741211,337025,0.0,0.0,0.0
2024-04-22 03:50:00+00:00,11.670000076293945,11.680000305175781,11.670000076293945,11.670000076293945,5500,0.0,0.0,0.0
2024-04-22 03:55:00+00:00,11.670000076293945,11.670000076293945,11.670000076293945,11.670000076293945,17023,0.0,0.0,0.0
2024-04-22 04:00:00+00:00,11.670000076293945,11.670000076293945,11.649999618530273,11.649999618530273,21324,0.0,0.0,0.0
2024-04-22 04:05:00+00:00,11.670000076293945,11.670000076293945,11.65999984741211,11.670000076293945,17115,0.0,0.0,0.0
2024-04-22 04:10:00+00:00,11.670000076293945,11.710000038146973,11.670000076293945,11.710000038146973,346031,0.0,0.0,0.0
2024-04-22 04:15:00+00:00,11.720000267028809,11.729999542236328,11.720000267028809,11.720000267028809,7250,0.0,0.0,0.0
2024-04-22 04:20:00+00:00,11.710000038146973,11.710000038146973,11.710000038146973,11.710000038146973,11183,0.0,0.0,0.0
2024-04-22 04:25:00+00:00,11.710000038146973,11.710000038146973,11.6899995803833,11.6899995803833,34419,0.0,0.0,0.0
2024-04-22 04:30:00+00:00,11.699999809265137,11.699999809265137,11.699999809265137,11.699999809265137,16714,0.0,0.0,0.0
2024-04-22 04:35:00+00:00,11.699999809265137,11.699999809265137,11.6899995803833,11.699999809265137,31050,0.0,0.0,0.0
2024-04-22 04:40:00+00:00,11.699999809265137,11.710000038146973,11.699999809265137,11.710000038146973,18059,0.0,0.0,0.0
2024-04-22 04:45:00+00:00,11.710000038146973,11.720000267028809,11.710000038146973,11.720000267028809,7182,0.0,0.0,0.0
2024-04-22 04:50:00+00:00,11.720000267028809,11.729999542236328,11.710000038146973,11.720000267028809,123454,0.0,0.0,0.0
2024-04-22 04:55:00+00:00,11.710000038146973,11.710000038146973,11.699999809265137,11.699999809265137,7868,0.0,0.0,0.0
2024-04-22 05:00:00+00:00,11.699999809265137,11.699999809265137,11.6899995803833,11.6899995803833,104395,0.0,0.0,0.0
2024-04-22 05:05:00+00:00,11.699999809265137,11.699999809265137,11.680000305175781,11.680000305175781,82522,0.0,0.0,0.0
2024-04-22 05:10:00+00:00,11.680000305175781,11.680000305175781,11.65999984741211,11.65999984741211,24365,0.0,0.0,0.0
2024-04-22 05:15:00+00:00,11.65999984741211,11.670000076293945,11.65999984741211,11.65999984741211,145705,0.0,0.0,0.0
2024-04-22 05:20:00+00:00,11.65999984741211,11.65999984741211,11.649999618530273,11.649999618530273,148623,0.0,0.0,0.0
2024-04-23 01:00:00+00:00,11.8100004196167,11.859999656677246,11.8100004196167,11.8100004196167,46000,0.0,0.0,0.0
2024-04-23 01:05:00+00:00,11.800000190734863,11.800000190734863,11.779999732971191,11.779999732971191,67545,0.0,0.0,0.0
2024-04-23 01:10:00+00:00,11.770000457763672,11.789999961853027,11.760000228881836,11.760000228881836,38144,0.0,0.0,0.0
2024-04-23 01:15:00+00:00,11.760000228881836,11.760000228881836,11.739999771118164,11.75,37073,0.0,0.0,0.0
2024-04-23 01:20:00+00:00,11.75,11.760000228881836,11.75,11.760000228881836,83804,0.0,0.0,0.0
2024-04-23 01:25:00+00:00,11.760000228881836,11.760000228881836,11.75,11.75,16211,0.0,0.0,0.0
2024-04-23 01:30:00+00:00,11.760000228881836,11.779999732971191,11.760000228881836,11.779999732971191,32210,0.0,0.0,0.0
2024-04-23 01:35:00+00:00,11.779999732971191,11.779999732971191,11.75,11.75,210771,0.0,0.0,0.0
2024-04-23 01:40:00+00:00,11.739999771118164,11.760000228881836,11.729999542236328,11.729999542236328,230511,0.0,0.0,0.0
2024-04-23 01:45:00+00:00,11.739999771118164,11.739999771118164,11.699999809265137,11.699999809265137,184579,0.0,0.0,0.0
2024-04-23 01:50:00+00:00,11.699999809265137,11.699999809265137,11.699999809265137,11.699999809265137,13820,0.0,0.0,0.0
2024-04-23 01:55:00+00:00,11.699999809265137,11.710000038146973,11.699999809265137,11.710000038146973,9010,0.0,0.0,0.0
2024-04-23 02:00:00+00:00,11.720000267028809,11.720000267028809,11.699999809265137,11.720000267028809,44075,0.0,0.0,0.0
2024-04-23 02:05:00+00:00,11.720000267028809,11.720000267028809,11.720000267028809,11.720000267028809,2880,0.0,0.0,0.0
2024-04-23 02:10:00+00:00,11.720000267028809,11.720000267028809,11.710000038146973,11.710000038146973,21121,0.0,0.0,0.0
2024-04-23 02:15:00+00:00,11.729999542236328,11.729999542236328,11.729999542236328,11.729999542236328,2028,0.0,0.0,0.0
2024-04-23 02:20:00+00:00,11.720000267028809,11.739999771118164,11.720000267028809,11.739999771118164,12354,0.0,0.0,0.0
2024-04-23 02:25:00+00:00,11.729999542236328,11.729999542236328,11.720000267028809,11.720000267028809,16100,0.0,0.0,0.0
2024-04-23 02:30:00+00:00,11.720000267028809,11.729999542236328,11.710000038146973,11.729999542236328,24065,0.0,0.0,0.0
2024-04-23 02:35:00+00:00,11.729999542236328,11.729999542236328,11.729999542236328,11.729999542236328,51220,0.0,0.0,0.0
2024-04-23 02:40:00+00:00,11.739999771118164,11.739999771118164,11.729999542236328,11.729999542236328,3191,0.0,0.0,0.0
2024-04-23 02:45:00+00:00,11.729999542236328,11.729999542236328,11.720000267028809,11.720000267028809,13660,0.0,0.0,0.0
2024-04-23 02:50:00+00:00,11.710000038146973,11.729999542236328,11.710000038146973,11.729999542236328,61246,0.0,0.0,0.0
2024-04-23 02:55:00+00:00,11.720000267028809,11.729999542236328,11.720000267028809,11.729999542236328,10000,0.0,0.0,0.0
2024-04-23 03:00:00+00:00,11.729999542236328,11.729999542236328,11.729999542236328,11.729999542236328,2021,0.0,0.0,0.0
2024-04-23 03:05:00+00:00,11.720000267028809,11.729999542236328,11.720000267028809,11.729999542236328,14210,0.0,0.0,0.0
2024-04-23 03:10:00+00:00,11.739999771118164,11.770000457763672,11.739999771118164,11.770000457763672,86311,0.0,0.0,0.0
2024-04-23 03:15:00+00:00,11.770000457763672,11.770000457763672,11.770000457763672,11.770000457763672,2674,0.0,0.0,0.0
2024-04-23 03:20:00+00:00,11.770000457763672,11.770000457763672,11.770000457763672,11.770000457763672,15540,0.0,0.0,0.0
2024-04-23 03:25:00+00:00,11.770000457763672,11.770000457763672,11.770000457763672,11.770000457763672,2000,0.0,0.0,0.0
2024-04-23 03:30:00+00:00,11.770000457763672,11.770000457763672,11.770000457763672,11.770000457763672,22121,0.0,0.0,0.0
2024-04-23 03:35:00+00:00,11.779999732971191,11.779999732971191,11.770000457763672,11.770000457763672,3714,0.0,0.0,0.0
2024-04-23 03:45:00+00:00,11.789999961853027,11.789999961853027,11.779999732971191,11.789999961853027,4240,0.0,0.0,0.0
2024-04-23 03:55:00+00:00,11.779999732971191,11.779999732971191,11.760000228881836,11.760000228881836,47154,0.0,0.0,0.0
2024-04-23 04:05:00+00:00,11.760000228881836,11.779999732971191,11.760000228881836,11.770000457763672,6181,0.0,0.0,0.0
2024-04-23 04:10:00+00:00,11.760000228881836,11.770000457763672,11.760000228881836,11.770000457763672,9326,0.0,0.0,0.0
2024-04-23 04:15:00+00:00,11.779999732971191,11.779999732971191,11.779999732971191,11.779999732971191,2011,0.0,0.0,0.0
2024-04-23 04:25:00+00:00,11.760000228881836,11.770000457763672,11.760000228881836,11.760000228881836,10298,0.0,0.0,0.0
2024-04-23 04:30:00+00:00,11.770000457763672,11.770000457763672,11.770000457763672,11.770000457763672,4589,0.0,0.0,0.0
2024-04-23 04:35:00+00:00,11.770000457763672,11.770000457763672,11.760000228881836,11.760000228881836,38153,0.0,0.0,0.0
2024-04-23 04:40:00+00:00,11.770000457763672,11.770000457763672,11.770000457763672,11.770000457763672,1585,0.0,0.0,0.0
2024-04-23 04:50:00+00:00,11.779999732971191,11.779999732971191,11.770000457763672,11.770000457763672,14150,0.0,0.0,0.0
2024-04-23 04:55:00+00:00,11.779999732971191,11.779999732971191,11.770000457763672,11.779999732971191,13015,0.0,0.0,0.0
2024-04-23 05:00:00+00:00,11.770000457763672,11.770000457763672,11.760000228881836,11.760000228881836,15200,0.0,0.0,0.0
2024-04-23 05:05:00+00:00,11.779999732971191,11.779999732971191,11.770000457763672,11.770000457763672,7287,0.0,0.0,0.0
2024-04-23 05:10:00+00:00,11.770000457763672,11.770000457763672,11.760000228881836,11.760000228881836,34561,0.0,0.0,0.0
2024-04-23 05:15:00+00:00,11.770000457763672,11.770000457763672,11.770000457763672,11.770000457763672,18798,0.0,0.0,0.0
2024-04-23 05:20:00+00:00,11.770000457763672,11.770000457763672,11.760000228881836,11.760000228881836,13976,0.0,0.0,0.0
2024-04-24 01:00:00+00:00,11.930000305175781,12.0,11.930000305175781,11.979999542236328,0,0.0,0.0,0.0
2024-04-24 01:05:00+00:00,11.979999542236328,12.020000457763672,11.979999542236328,12.010000228881836,161840,0.0,0.0,0.0
2024-04-24 01:10:00+00:00,12.010000228881836,12.020000457763672,12.010000228881836,12.020000457763672,97688,0.0,0.0,0.0
2024-04-24 01:15:00+00:00,12.020000457763672,12.020000457763672,12.0,12.010000228881836,24915,0.0,0.0,0.0
2024-04-24 01:20:00+00:00,12.010000228881836,12.029999732971191,12.010000228881836,12.029999732971191,74347,0.0,0.0,0.0
2024-04-24 01:25:00+00:00,12.029999732971191,12.029999732971191,12.020000457763672,12.020000457763672,32500,0.0,0.0,0.0
2024-04-24 01:30:00+00:00,12.010000228881836,12.029999732971191,12.010000228881836,12.029999732971191,150012,0.0,0.0,0.0
2024-04-24 01:35:00+00:00,12.029999732971191,12.029999732971191,12.010000228881836,12.020000457763672,22633,0.0,0.0,0.0
2024-04-24 01:40:00+00:00,12.020000457763672,12.029999732971191,12.020000457763672,12.029999732971191,121012,0.0,0.0,0.0
2024-04-24 01:45:00+00:00,12.039999961853027,12.0600004196167,12.039999961853027,12.0600004196167,60501,0.0,0.0,0.0
2024-04-24 01:50:00+00:00,12.0600004196167,12.079999923706055,12.0600004196167,12.0600004196167,59206,0.0,0.0,0.0
2024-04-24 01:55:00+00:00,12.0600004196167,12.09000015258789,12.0600004196167,12.09000015258789,48235,0.0,0.0,0.0
2024-04-24 02:00:00+00:00,12.09000015258789,12.09000015258789,12.069999694824219,12.069999694824219,15778,0.0,0.0,0.0
2024-04-24 02:05:00+00:00,12.069999694824219,12.069999694824219,12.069999694824219,12.069999694824219,75411,0.0,0.0,0.0
2024-04-24 02:10:00+00:00,12.079999923706055,12.079999923706055,12.069999694824219,12.079999923706055,4244,0.0,0.0,0.0
2024-04-24 02:15:00+00:00,12.079999923706055,12.079999923706055,12.069999694824219,12.069999694824219,7104,0.0,0.0,0.0
2024-04-24 02:20:00+00:00,12.079999923706055,12.079999923706055,12.069999694824219,12.069999694824219,14201,0.0,0.0,0.0
2024-04-24 02:25:00+00:00,12.079999923706055,12.09000015258789,12.069999694824219,12.09000015258789,16034,0.0,0.0,0.0
2024-04-24 02:30:00+00:00,12.09000015258789,12.109999656677246,12.09000015258789,12.109999656677246,35673,0.0,0.0,0.0
2024-04-24 02:35:00+00:00,12.100000381469727,12.119999885559082,12.100000381469727,12.119999885559082,13811,0.0,0.0,0.0
2024-04-24 02:40:00+00:00,12.119999885559082,12.119999885559082,12.100000381469727,12.109999656677246,23172,0.0,0.0,0.0
2024-04-24 02:45:00+00:00,12.109999656677246,12.109999656677246,12.109999656677246,12.109999656677246,13111,0.0,0.0,0.0
2024-04-24 02:50:00+00:00,12.109999656677246,12.119999885559082,12.109999656677246,12.119999885559082,41388,0.0,0.0,0.0
2024-04-24 02:55:00+00:00,12.130000114440918,12.130000114440918,12.130000114440918,12.130000114440918,4546,0.0,0.0,0.0
2024-04-24 03:00:00+00:00,12.119999885559082,12.130000114440918,12.119999885559082,12.130000114440918,17324,0.0,0.0,0.0
2024-04-24 03:05:00+00:00,12.130000114440918,12.130000114440918,12.130000114440918,12.130000114440918,8012,0.0,0.0,0.0
2024-04-24 03:10:00+00:00,12.130000114440918,12.140000343322754,12.130000114440918,12.140000343322754,70183,0.0,0.0,0.0
2024-04-24 03:15:00+00:00,12.140000343322754,12.140000343322754,12.140000343322754,12.140000343322754,9062,0.0,0.0,0.0
2024-04-24 03:20:00+00:00,12.140000343322754,12.140000343322754,12.130000114440918,12.130000114440918,29012,0.0,0.0,0.0
2024-04-24 03:25:00+00:00,12.130000114440918,12.140000343322754,12.130000114440918,12.130000114440918,8027,0.0,0.0,0.0
2024-04-24 03:30:00+00:00,12.140000343322754,12.140000343322754,12.140000343322754,12.140000343322754,62112,0.0,0.0,0.0
2024-04-24 03:35:00+00:00,12.140000343322754,12.140000343322754,12.140000343322754,12.140000343322754,50062,0.0,0.0,0.0
2024-04-24 03:40:00+00:00,12.149999618530273,12.149999618530273,12.149999618530273,12.149999618530273,2013,0.0,0.0,0.0
2024-04-24 03:45:00+00:00,12.149999618530273,12.149999618530273,12.140000343322754,12.149999618530273,4468,0.0,0.0,0.0
2024-04-24 03:50:00+00:00,12.149999618530273,12.149999618530273,12.149999618530273,12.149999618530273,12631,0.0,0.0,0.0
2024-04-24 03:55:00+00:00,12.149999618530273,12.149999618530273,12.140000343322754,12.140000343322754,12100,0.0,0.0,0.0
2024-04-24 04:00:00+00:00,12.140000343322754,12.140000343322754,12.130000114440918,12.130000114440918,6324,0.0,0.0,0.0
2024-04-24 04:05:00+00:00,12.140000343322754,12.140000343322754,12.140000343322754,12.140000343322754,14882,0.0,0.0,0.0
2024-04-24 04:10:00+00:00,12.140000343322754,12.149999618530273,12.140000343322754,12.149999618530273,5212,0.0,0.0,0.0
2024-04-24 04:15:00+00:00,12.149999618530273,12.149999618530273,12.130000114440918,12.130000114440918,20263,0.0,0.0,0.0
2024-04-24 04:20:00+00:00,12.140000343322754,12.140000343322754,12.130000114440918,12.130000114440918,6040,0.0,0.0,0.0
2024-04-24 04:25:00+00:00,12.149999618530273,12.149999618530273,12.149999618530273,12.149999618530273,1000,0.0,0.0,0.0
2024-04-24 04:30:00+00:00,12.149999618530273,12.149999618530273,12.140000343322754,12.149999618530273,5020,0.0,0.0,0.0
2024-04-24 04:35:00+00:00,12.149999618530273,12.149999618530273,12.149999618530273,12.149999618530273,7370,0.0,0.0,0.0
2024-04-24 04:40:00+00:00,12.149999618530273,12.149999618530273,12.140000343322754,12.140000343322754,5042,0.0,0.0,0.0
2024-04-24 04:45:00+00:00,12.140000343322754,12.15999984741211,12.140000343322754,12.15999984741211,40071,0.0,0.0,0.0
2024-04-24 04:50:00+00:00,12.149999618530273,12.15999984741211,12.149999618530273,12.15999984741211,23204,0.0,0.0,0.0
2024-04-24 04:55:00+00:00,12.15999984741211,12.15999984741211,12.15999984741211,12.15999984741211,4693,0.0,0.0,0.0
2024-04-24 05:00:00+00:00,12.15999984741211,12.170000076293945,12.15999984741211,12.170000076293945,61500,0.0,0.0,0.0
2024-04-24 05:05:00+00:00,12.180000305175781,12.180000305175781,12.170000076293945,12.170000076293945,4397,0.0,0.0,0.0
2024-04-24 05:10:00+00:00,12.170000076293945,12.170000076293945,12.170000076293945,12.170000076293945,14359,0.0,0.0,0.0
2024-04-24 05:15:00+00:00,12.170000076293945,12.170000076293945,12.170000076293945,12.170000076293945,5140,0.0,0.0,0.0
2024-04-24 05:20:00+00:00,12.170000076293945,12.170000076293945,12.170000076293945,12.170000076293945,4242,0.0,0.0,0.0
2024-04-25 01:00:00+00:00,12.079999923706055,12.079999923706055,12.020000457763672,12.039999961853027,0,0.0,0.0,0.0
2024-04-25 01:05:00+00:00,12.039999961853027,12.050000190734863,12.039999961853027,12.039999961853027,66220,0.0,0.0,0.0
2024-04-25 01:10:00+00:00,12.029999732971191,12.039999961853027,12.029999732971191,12.039999961853027,45885,0.0,0.0,0.0
2024-04-25 01:15:00+00:00,12.039999961853027,12.039999961853027,12.029999732971191,12.039999961853027,180215,0.0,0.0,0.0
2024-04-25 01:20:00+00:00,12.039999961853027,12.039999961853027,12.020000457763672,12.020000457763672,49264,0.0,0.0,0.0
2024-04-25 01:25:00+00:00,12.020000457763672,12.020000457763672,12.010000228881836,12.020000457763672,136751,0.0,0.0,0.0
2024-04-25 01:30:00+00:00,12.020000457763672,12.020000457763672,12.010000228881836,12.010000228881836,155100,0.0,0.0,0.0
2024-04-25 01:35:00+00:00,12.010000228881836,12.010000228881836,11.979999542236328,12.0,195751,0.0,0.0,0.0
2024-04-25 01:40:00+00:00,11.989999771118164,11.989999771118164,11.979999542236328,11.979999542236328,31085,0.0,0.0,0.0
2024-04-25 01:45:00+00:00,11.979999542236328,12.0,11.970000267028809,12.0,11508,0.0,0.0,0.0
2024-04-25 01:50:00+00:00,11.989999771118164,12.0,11.989999771118164,12.0,18166,0.0,0.0,0.0
2024-04-25 01:55:00+00:00,12.0,12.0,11.989999771118164,12.0,86210,0.0,0.0,0.0
2024-04-25 02:00:00+00:00,11.989999771118164,11.989999771118164,11.989999771118164,11.989999771118164,14437,0.0,0.0,0.0
2024-04-25 02:05:00+00:00,12.010000228881836,12.010000228881836,11.989999771118164,11.989999771118164,14535,0.0,0.0,0.0
2024-04-25 02:10:00+00:00,11.989999771118164,12.0,11.979999542236328,11.989999771118164,24037,0.0,0.0,0.0
2024-04-25 02:15:00+00:00,11.989999771118164,11.989999771118164,11.979999542236328,11.979999542236328,30549,0.0,0.0,0.0
2024-04-25 02:20:00+00:00,11.989999771118164,11.989999771118164,11.989999771118164,11.989999771118164,11007,0.0,0.0,0.0
2024-04-25 02:25:00+00:00,12.0,12.029999732971191,11.979999542236328,12.029999732971191,116376,0.0,0.0,0.0
2024-04-25 02:30:00+00:00,12.039999961853027,12.050000190734863,12.029999732971191,12.039999961853027,183621,0.0,0.0,0.0
2024-04-25 02:35:00+00:00,12.039999961853027,12.039999961853027,12.039999961853027,12.039999961853027,25037,0.0,0.0,0.0
2024-04-25 02:40:00+00:00,12.039999961853027,12.039999961853027,12.029999732971191,12.029999732971191,22906,0.0,0.0,0.0
2024-04-25 02:45:00+00:00,12.029999732971191,12.029999732971191,12.029999732971191,12.029999732971191,5013,0.0,0.0,0.0
2024-04-25 02:50:00+00:00,12.020000457763672,12.020000457763672,12.020000457763672,12.020000457763672,116000,0.0,0.0,0.0
2024-04-25 02:55:00+00:00,12.0,12.020000457763672,12.0,12.020000457763672,24109,0.0,0.0,0.0
2024-04-25 03:00:00+00:00,12.010000228881836,12.010000228881836,12.010000228881836,12.010000228881836,1007,0.0,0.0,0.0
2024-04-25 03:05:00+00:00,12.0,12.0,11.989999771118164,12.0,48006,0.0,0.0,0.0
2024-04-25 03:10:00+00:00,12.0,12.0,12.0,12.0,8013,0.0,0.0,0.0
2024-04-25 03:15:00+00:00,12.0,12.0,12.0,12.0,0,0.0,0.0,0.0
2024-04-25 03:20:00+00:00,12.0,12.0,11.989999771118164,11.989999771118164,1737815,0.0,0.0,0.0
2024-04-25 03:25:00+00:00,11.989999771118164,11.989999771118164,11.979999542236328,11.979999542236328,3273,0.0,0.0,0.0
2024-04-25 03:30:00+00:00,11.989999771118164,11.989999771118164,11.979999542236328,11.979999542236328,211019,0.0,0.0,0.0
2024-04-25 03:40:00+00:00,11.989999771118164,11.989999771118164,11.989999771118164,11.989999771118164,2000,0.0,0.0,0.0
2024-04-25 03:45:00+00:00,11.989999771118164,11.989999771118164,11.989999771118164,11.989999771118164,1057,0.0,0.0,0.0
2024-04-25 03:50:00+00:00,11.989999771118164,11.989999771118164,11.989999771118164,11.989999771118164,10198,0.0,0.0,0.0
2024-04-25 03:55:00+00:00,11.989999771118164,11.989999771118164,11.989999771118164,11.989999771118164,28084,0.0,0.0,0.0
2024-04-25 04:00:00+00:00,11.989999771118164,11.989999771118164,11.989999771118164,11.989999771118164,4325,0.0,0.0,0.0
2024-04-25 04:05:00+00:00,11.979999542236328,11.979999542236328,11.979999542236328,11.979999542236328,47788,0.0,0.0,0.0
2024-04-25 04:10:00+00:00,11.979999542236328,11.979999542236328,11.979999542236328,11.979999542236328,5082,0.0,0.0,0.0
2024-04-25 04:15:00+00:00,11.979999542236328,11.989999771118164,11.979999542236328,11.989999771118164,4006,0.0,0.0,0.0
2024-04-25 04:20:00+00:00,11.989999771118164,11.989999771118164,11.979999542236328,11.979999542236328,29863,0.0,0.0,0.0
2024-04-25 04:25:00+00:00,11.979999542236328,11.979999542236328,11.979999542236328,11.979999542236328,7000,0.0,0.0,0.0
2024-04-25 04:30:00+00:00,11.989999771118164,11.989999771118164,11.989999771118164,11.989999771118164,6166,0.0,0.0,0.0
2024-04-25 04:35:00+00:00,11.989999771118164,11.989999771118164,11.979999542236328,11.979999542236328,10500,0.0,0.0,0.0
2024-04-25 04:40:00+00:00,11.979999542236328,11.979999542236328,11.979999542236328,11.979999542236328,22736,0.0,0.0,0.0
2024-04-25 04:45:00+00:00,11.970000267028809,11.970000267028809,11.970000267028809,11.970000267028809,103538,0.0,0.0,0.0
2024-04-25 04:50:00+00:00,11.979999542236328,11.979999542236328,11.970000267028809,11.970000267028809,20231,0.0,0.0,0.0
2024-04-25 04:55:00+00:00,11.970000267028809,11.970000267028809,11.970000267028809,11.970000267028809,2000,0.0,0.0,0.0
2024-04-25 05:00:00+00:00,11.970000267028809,11.979999542236328,11.970000267028809,11.979999542236328,12081,0.0,0.0,0.0
2024-04-25 05:05:00+00:00,11.979999542236328,11.979999542236328,11.979999542236328,11.979999542236328,3616,0.0,0.0,0.0
2024-04-25 05:10:00+00:00,11.979999542236328,11.979999542236328,11.979999542236328,11.979999542236328,5114,0.0,0.0,0.0
2024-04-25 05:15:00+00:00,11.979999542236328,11.979999542236328,11.979999542236328,11.979999542236328,11544,0.0,0.0,0.0
2024-04-25 05:20:00+00:00,11.970000267028809,11.979999542236328,11.970000267028809,11.970000267028809,54439,0.0,0.0,0.0
2024-04-26 01:00:00+00:00,12.100000381469727,12.180000305175781,12.100000381469727,12.149999618530273,0,0.0,0.0,0.0
2024-04-26 01:05:00+00:00,12.15999984741211,12.170000076293945,12.149999618530273,12.170000076293945,55295,0.0,0.0,0.0
2024-04-26 01:10:00+00:00,12.170000076293945,12.170000076293945,12.140000343322754,12.140000343322754,53136,0.0,0.0,0.0
2024-04-26 01:15:00+00:00,12.140000343322754,12.15999984741211,12.140000343322754,12.15999984741211,49099,0.0,0.0,0.0
2024-04-26 01:20:00+00:00,12.170000076293945,12.170000076293945,12.170000076293945,12.170000076293945,70156,0.0,0.0,0.0
2024-04-26 01:25:00+00:00,12.170000076293945,12.180000305175781,12.170000076293945,12.170000076293945,51030,0.0,0.0,0.0
2024-04-26 01:30:00+00:00,12.180000305175781,12.1899995803833,12.170000076293945,12.1899995803833,65249,0.0,0.0,0.0
2024-04-26 01:35:00+00:00,12.1899995803833,12.199999809265137,12.1899995803833,12.1899995803833,102025,0.0,0.0,0.0
2024-04-26 01:40:00+00:00,12.1899995803833,12.1899995803833,12.1899995803833,12.1899995803833,16149,0.0,0.0,0.0
2024-04-26 01:45:00+00:00,12.199999809265137,12.199999809265137,12.1899995803833,12.1899995803833,85448,0.0,0.0,0.0
2024-04-26 01:50:00+00:00,12.199999809265137,12.229999542236328,12.199999809265137,12.229999542236328,154639,0.0,0.0,0.0
2024-04-26 01:55:00+00:00,12.229999542236328,12.239999771118164,12.229999542236328,12.239999771118164,60132,0.0,0.0,0.0
2024-04-26 02:00:00+00:00,12.239999771118164,12.239999771118164,12.229999542236328,12.229999542236328,3242,0.0,0.0,0.0
2024-04-26 02:05:00+00:00,12.229999542236328,12.239999771118164,12.229999542236328,12.239999771118164,7036,0.0,0.0,0.0
2024-04-26 02:15:00+00:00,12.239999771118164,12.239999771118164,12.239999771118164,12.239999771118164,30018,0.0,0.0,0.0
2024-04-26 02:20:00+00:00,12.239999771118164,12.239999771118164,12.220000267028809,12.229999542236328,26036,0.0,0.0,0.0
2024-04-26 02:25:00+00:00,12.220000267028809,12.220000267028809,12.220000267028809,12.220000267028809,5300,0.0,0.0,0.0
2024-04-26 02:30:00+00:00,12.229999542236328,12.229999542236328,12.220000267028809,12.220000267028809,14472,0.0,0.0,0.0
2024-04-26 02:35:00+00:00,12.220000267028809,12.229999542236328,12.210000038146973,12.210000038146973,8118,0.0,0.0,0.0
2024-04-26 02:40:00+00:00,12.210000038146973,12.210000038146973,12.180000305175781,12.180000305175781,148140,0.0,0.0,0.0
2024-04-26 02:45:00+00:00,12.170000076293945,12.210000038146973,12.149999618530273,12.15999984741211,546221,0.0,0.0,0.0
2024-04-26 02:50:00+00:00,12.15999984741211,12.180000305175781,12.15999984741211,12.180000305175781,6100,0.0,0.0,0.0
2024-04-26 02:55:00+00:00,12.180000305175781,12.180000305175781,12.180000305175781,12.180000305175781,2037,0.0,0.0,0.0
2024-04-26 03:00:00+00:00,12.1899995803833,12.1899995803833,12.1899995803833,12.1899995803833,22000,0.0,0.0,0.0
2024-04-26 03:05:00+00:00,12.199999809265137,12.199999809265137,12.1899995803833,12.199999809265137,11036,0.0,0.0,0.0
2024-04-26 03:10:00+00:00,12.1899995803833,12.199999809265137,12.1899995803833,12.199999809265137,9036,0.0,0.0,0.0
2024-04-26 03:15:00+00:00,12.199999809265137,12.199999809265137,12.199999809265137,12.199999809265137,19018,0.0,0.0,0.0
2024-04-26 03:20:00+00:00,12.199999809265137,12.199999809265137,12.199999809265137,12.199999809265137,1010,0.0,0.0,0.0
2024-04-26 03:25:00+00:00,12.199999809265137,12.210000038146973,12.199999809265137,12.210000038146973,15777,0.0,0.0,0.0
2024-04-26 03:35:00+00:00,12.1899995803833,12.210000038146973,12.1899995803833,12.199999809265137,9046,0.0,0.0,0.0
2024-04-26 03:40:00+00:00,12.199999809265137,12.199999809265137,12.199999809265137,12.199999809265137,8268,0.0,0.0,0.0
2024-04-26 03:45:00+00:00,12.1899995803833,12.1899995803833,12.180000305175781,12.180000305175781,20118,0.0,0.0,0.0
2024-04-26 03:50:00+00:00,12.1899995803833,12.1899995803833,12.1899995803833,12.1899995803833,5000,0.0,0.0,0.0
2024-04-26 03:55:00+00:00,12.180000305175781,12.180000305175781,12.180000305175781,12.180000305175781,6105,0.0,0.0,0.0
2024-04-26 04:00:00+00:00,12.199999809265137,12.199999809265137,12.1899995803833,12.1899995803833,7018,0.0,0.0,0.0
2024-04-26 04:05:00+00:00,12.180000305175781,12.180000305175781,12.170000076293945,12.170000076293945,26218,0.0,0.0,0.0
2024-04-26 04:10:00+00:00,12.170000076293945,12.1899995803833,12.170000076293945,12.1899995803833,20018,0.0,0.0,0.0
2024-04-26 04:15:00+00:00,12.199999809265137,12.199999809265137,12.199999809265137,12.199999809265137,10018,0.0,0.0,0.0
2024-04-26 04:20:00+00:00,12.1899995803833,12.1899995803833,12.1899995803833,12.1899995803833,24078,0.0,0.0,0.0
2024-04-26 04:25:00+00:00,12.1899995803833,12.210000038146973,12.1899995803833,12.1899995803833,56043,0.0,0.0,0.0
2024-04-26 04:30:00+00:00,12.210000038146973,12.210000038146973,12.210000038146973,12.210000038146973,7119,0.0,0.0,0.0
2024-04-26 04:35:00+00:00,12.210000038146973,12.210000038146973,12.199999809265137,12.199999809265137,12061,0.0,0.0,0.0
2024-04-26 04:40:00+00:00,12.199999809265137,12.199999809265137,12.199999809265137,12.199999809265137,6172,0.0,0.0,0.0
2024-04-26 04:45:00+00:00,12.199999809265137,12.199999809265137,12.1899995803833,12.1899995803833,17378,0.0,0.0,0.0
2024-04-26 04:50:00+00:00,12.180000305175781,12.180000305175781,12.180000305175781,12.180000305175781,9000,0.0,0.0,0.0
2024-04-26 04:55:00+00:00,12.1899995803833,12.199999809265137,12.1899995803833,12.199999809265137,38252,0.0,0.0,0.0
2024-04-26 05:05:00+00:00,12.1899995803833,12.1899995803833,12.1899995803833,12.1899995803833,1142,0.0,0.0,0.0
2024-04-26 05:10:00+00:00,12.180000305175781,12.180000305175781,12.180000305175781,12.180000305175781,40143,0.0,0.0,0.0
2024-04-26 05:15:00+00:00,12.180000305175781,12.1899995803833,12.180000305175781,12.180000305175781,62622,0.0,0.0,0.0
2024-04-26 05:20:00+00:00,12.1899995803833,12.1899995803833,12.1899995803833,12.1899995803833,2693,0.0,0.0,0.0
2024-04-29 01:00:00+00:00,12.270000457763672,12.34000015258789,12.270000457763672,12.3100004196167,0,0.0,0.0,0.0
2024-04-29 01:05:00+00:00,12.329999923706055,12.34000015258789,12.319999694824219,12.329999923706055,59000,0.0,0.0,0.0
2024-04-29 01:10:00+00:00,12.319999694824219,12.319999694824219,12.319999694824219,12.319999694824219,65683,0.0,0.0,0.0
2024-04-29 01:15:00+00:00,12.319999694824219,12.34000015258789,12.319999694824219,12.34000015258789,51740,0.0,0.0,0.0
2024-04-29 01:20:00+00:00,12.319999694824219,12.319999694824219,12.289999961853027,12.3100004196167,332015,0.0,0.0,0.0
2024-04-29 01:25:00+00:00,12.3100004196167,12.3100004196167,12.300000190734863,12.3100004196167,35040,0.0,0.0,0.0
2024-04-29 01:30:00+00:00,12.329999923706055,12.329999923706055,12.3100004196167,12.319999694824219,19125,0.0,0.0,0.0
2024-04-29 01:35:00+00:00,12.329999923706055,12.34000015258789,12.3100004196167,12.329999923706055,46717,0.0,0.0,0.0
2024-04-29 01:40:00+00:00,12.34000015258789,12.34000015258789,12.329999923706055,12.329999923706055,140015,0.0,0.0,0.0
2024-04-29 01:45:00+00:00,12.350000381469727,12.350000381469727,12.350000381469727,12.350000381469727,11258,0.0,0.0,0.0
2024-04-29 01:50:00+00:00,12.350000381469727,12.359999656677246,12.350000381469727,12.359999656677246,146030,0.0,0.0,0.0
2024-04-29 01:55:00+00:00,12.350000381469727,12.369999885559082,12.350000381469727,12.369999885559082,239560,0.0,0.0,0.0
2024-04-29 02:00:00+00:00,12.369999885559082,12.369999885559082,12.359999656677246,12.369999885559082,116830,0.0,0.0,0.0
2024-04-29 02:05:00+00:00,12.369999885559082,12.369999885559082,12.359999656677246,12.369999885559082,9015,0.0,0.0,0.0
2024-04-29 02:10:00+00:00,12.369999885559082,12.369999885559082,12.359999656677246,12.359999656677246,13015,0.0,0.0,0.0
2024-04-29 02:15:00+00:00,12.359999656677246,12.359999656677246,12.359999656677246,12.359999656677246,73280,0.0,0.0,0.0
2024-04-29 02:20:00+00:00,12.350000381469727,12.350000381469727,12.350000381469727,12.350000381469727,85057,0.0,0.0,0.0
2024-04-29 02:25:00+00:00,12.34000015258789,12.350000381469727,12.34000015258789,12.350000381469727,67200,0.0,0.0,0.0
2024-04-29 02:30:00+00:00,12.350000381469727,12.350000381469727,12.350000381469727,12.350000381469727,23954,0.0,0.0,0.0
2024-04-29 02:35:00+00:00,12.34000015258789,12.34000015258789,12.34000015258789,12.34000015258789,8018,0.0,0.0,0.0
2024-04-29 02:40:00+00:00,12.350000381469727,12.359999656677246,12.350000381469727,12.359999656677246,162015,0.0,0.0,0.0
2024-04-29 02:45:00+00:00,12.359999656677246,12.369999885559082,12.359999656677246,12.369999885559082,3015,0.0,0.0,0.0
2024-04-29 02:50:00+00:00,12.359999656677246,12.359999656677246,12.350000381469727,12.350000381469727,4015,0.0,0.0,0.0
2024-04-29 02:55:00+00:00,12.359999656677246,12.369999885559082,12.359999656677246,12.359999656677246,4430,0.0,0.0,0.0
2024-04-29 03:00:00+00:00,12.350000381469727,12.350000381469727,12.350000381469727,12.350000381469727,3215,0.0,0.0,0.0
2024-04-29 03:05:00+00:00,12.350000381469727,12.350000381469727,12.350000381469727,12.350000381469727,1015,0.0,0.0,0.0
2024-04-29 03:10:00+00:00,12.359999656677246,12.359999656677246,12.350000381469727,12.350000381469727,4415,0.0,0.0,0.0
2024-04-29 03:15:00+00:00,12.350000381469727,12.359999656677246,12.350000381469727,12.359999656677246,5047,0.0,0.0,0.0
2024-04-29 03:20:00+00:00,12.359999656677246,12.359999656677246,12.359999656677246,12.359999656677246,8437,0.0,0.0,0.0
2024-04-29 03:25:00+00:00,12.359999656677246,12.359999656677246,12.350000381469727,12.350000381469727,10453,0.0,0.0,0.0
2024-04-29 03:30:00+00:00,12.350000381469727,12.350000381469727,12.350000381469727,12.350000381469727,1215,0.0,0.0,0.0
2024-04-29 03:35:00+00:00,12.350000381469727,12.350000381469727,12.350000381469727,12.350000381469727,33265,0.0,0.0,0.0
2024-04-29 03:40:00+00:00,12.350000381469727,12.359999656677246,12.350000381469727,12.359999656677246,6062,0.0,0.0,0.0
2024-04-29 03:45:00+00:00,12.350000381469727,12.359999656677246,12.34000015258789,12.350000381469727,109123,0.0,0.0,0.0
2024-04-29 03:50:00+00:00,12.350000381469727,12.350000381469727,12.34000015258789,12.34000015258789,11860,0.0,0.0,0.0
2024-04-29 03:55:00+00:00,12.34000015258789,12.34000015258789,12.34000015258789,12.34000015258789,10015,0.0,0.0,0.0
2024-04-29 04:00:00+00:00,12.350000381469727,12.350000381469727,12.350000381469727,12.350000381469727,3065,0.0,0.0,0.0
2024-04-29 04:05:00+00:00,12.350000381469727,12.350000381469727,12.350000381469727,12.350000381469727,3530,0.0,0.0,0.0
2024-04-29 04:15:00+00:00,12.34000015258789,12.34000015258789,12.34000015258789,12.34000015258789,2000,0.0,0.0,0.0
2024-04-29 04:20:00+00:00,12.350000381469727,12.350000381469727,12.350000381469727,12.350000381469727,13030,0.0,0.0,0.0
2024-04-29 04:25:00+00:00,12.350000381469727,12.350000381469727,12.34000015258789,12.34000015258789,3000,0.0,0.0,0.0
2024-04-29 04:30:00+00:00,12.350000381469727,12.350000381469727,12.350000381469727,12.350000381469727,3313,0.0,0.0,0.0
2024-04-29 04:35:00+00:00,12.34000015258789,12.34000015258789,12.34000015258789,12.34000015258789,9565,0.0,0.0,0.0
2024-04-29 04:40:00+00:00,12.329999923706055,12.329999923706055,12.329999923706055,12.329999923706055,15070,0.0,0.0,0.0
2024-04-29 04:45:00+00:00,12.329999923706055,12.34000015258789,12.329999923706055,12.329999923706055,23000,0.0,0.0,0.0
2024-04-29 04:50:00+00:00,12.329999923706055,12.329999923706055,12.329999923706055,12.329999923706055,7000,0.0,0.0,0.0
2024-04-29 04:55:00+00:00,12.319999694824219,12.319999694824219,12.319999694824219,12.319999694824219,5729,0.0,0.0,0.0
2024-04-29 05:00:00+00:00,12.319999694824219,12.319999694824219,12.3100004196167,12.3100004196167,15259,0.0,0.0,0.0
2024-04-29 05:05:00+00:00,12.3100004196167,12.3100004196167,12.3100004196167,12.3100004196167,5392,0.0,0.0,0.0
2024-04-29 05:10:00+00:00,12.319999694824219,12.329999923706055,12.319999694824219,12.329999923706055,35396,0.0,0.0,0.0
2024-04-29 05:15:00+00:00,12.329999923706055,12.329999923706055,12.329999923706055,12.329999923706055,1000,0.0,0.0,0.0
2024-04-29 05:20:00+00:00,12.329999923706055,12.329999923706055,12.319999694824219,12.319999694824219,8280,0.0,0.0,0.0
2024-04-30 01:00:00+00:00,12.359999656677246,12.359999656677246,12.350000381469727,12.350000381469727,43000,0.0,0.0,0.0
2024-04-30 01:05:00+00:00,12.34000015258789,12.34000015258789,12.3100004196167,12.3100004196167,58000,0.0,0.0,0.0
2024-04-30 01:10:00+00:00,12.3100004196167,12.350000381469727,12.3100004196167,12.350000381469727,147197,0.0,0.0,0.0
2024-04-30 01:15:00+00:00,12.329999923706055,12.34000015258789,12.329999923706055,12.34000015258789,59015,0.0,0.0,0.0
2024-04-30 01:20:00+00:00,12.34000015258789,12.359999656677246,12.34000015258789,12.359999656677246,26000,0.0,0.0,0.0
2024-04-30 01:25:00+00:00,12.359999656677246,12.359999656677246,12.359999656677246,12.359999656677246,6000,0.0,0.0,0.0
2024-04-30 01:30:00+00:00,12.359999656677246,12.369999885559082,12.359999656677246,12.359999656677246,21244,0.0,0.0,0.0
2024-04-30 01:35:00+00:00,12.369999885559082,12.369999885559082,12.369999885559082,12.369999885559082,84330,0.0,0.0,0.0
2024-04-30 01:40:00+00:00,12.369999885559082,12.369999885559082,12.369999885559082,12.369999885559082,9040,0.0,0.0,0.0
2024-04-30 01:45:00+00:00,12.359999656677246,12.359999656677246,12.359999656677246,12.359999656677246,26050,0.0,0.0,0.0
2024-04-30 01:50:00+00:00,12.359999656677246,12.359999656677246,12.350000381469727,12.350000381469727,25101,0.0,0.0,0.0
2024-04-30 01:55:00+00:00,12.359999656677246,12.359999656677246,12.359999656677246,12.359999656677246,20000,0.0,0.0,0.0
2024-04-30 02:00:00+00:00,12.350000381469727,12.359999656677246,12.34000015258789,12.359999656677246,111541,0.0,0.0,0.0
2024-04-30 02:05:00+00:00,12.359999656677246,12.359999656677246,12.359999656677246,12.359999656677246,13050,0.0,0.0,0.0
2024-04-30 02:10:00+00:00,12.359999656677246,12.369999885559082,12.359999656677246,12.359999656677246,97059,0.0,0.0,0.0
2024-04-30 02:15:00+00:00,12.359999656677246,12.359999656677246,12.359999656677246,12.359999656677246,2681,0.0,0.0,0.0
2024-04-30 02:20:00+00:00,12.359999656677246,12.359999656677246,12.359999656677246,12.359999656677246,16000,0.0,0.0,0.0
2024-04-30 02:25:00+00:00,12.359999656677246,12.359999656677246,12.350000381469727,12.350000381469727,12369,0.0,0.0,0.0
2024-04-30 02:30:00+00:00,12.359999656677246,12.359999656677246,12.359999656677246,12.359999656677246,79410,0.0,0.0,0.0
2024-04-30 02:35:00+00:00,12.359999656677246,12.369999885559082,12.359999656677246,12.369999885559082,11049,0.0,0.0,0.0
2024-04-30 02:45:00+00:00,12.359999656677246,12.359999656677246,12.350000381469727,12.350000381469727,5056,0.0,0.0,0.0
2024-04-30 02:50:00+00:00,12.359999656677246,12.359999656677246,12.359999656677246,12.359999656677246,1160,0.0,0.0,0.0
2024-04-30 02:55:00+00:00,12.350000381469727,12.350000381469727,12.350000381469727,12.350000381469727,2080,0.0,0.0,0.0
2024-04-30 03:00:00+00:00,12.359999656677246,12.359999656677246,12.359999656677246,12.359999656677246,2001,0.0,0.0,0.0
2024-04-30 03:05:00+00:00,12.359999656677246,12.359999656677246,12.359999656677246,12.359999656677246,3050,0.0,0.0,0.0
2024-04-30 03:10:00+00:00,12.350000381469727,12.350000381469727,12.350000381469727,12.350000381469727,9050,0.0,0.0,0.0
2024-04-30 03:15:00+00:00,12.350000381469727,12.350000381469727,12.34000015258789,12.34000015258789,18000,0.0,0.0,0.0
2024-04-30 03:20:00+00:00,12.34000015258789,12.34000015258789,12.34000015258789,12.34000015258789,24000,0.0,0.0,0.0
2024-04-30 03:25:00+00:00,12.350000381469727,12.350000381469727,12.350000381469727,12.350000381469727,16000,0.0,0.0,0.0
2024-04-30 03:30:00+00:00,12.359999656677246,12.359999656677246,12.34000015258789,12.34000015258789,31001,0.0,0.0,0.0
2024-04-30 03:35:00+00:00,12.34000015258789,12.34000015258789,12.34000015258789,12.34000015258789,5002,0.0,0.0,0.0
2024-04-30 03:40:00+00:00,12.34000015258789,12.34000015258789,12.34000015258789,12.34000015258789,2000,0.0,0.0,0.0
2024-04-30 03:45:00+00:00,12.350000381469727,12.350000381469727,12.350000381469727,12.350000381469727,8000,0.0,0.0,0.0
2024-04-30 03:50:00+00:00,12.350000381469727,12.350000381469727,12.350000381469727,12.350000381469727,3000,0.0,0.0,0.0
2024-04-30 03:55:00+00:00,12.359999656677246,12.359999656677246,12.350000381469727,12.350000381469727,6090,0.0,0.0,0.0
2024-04-30 04:00:00+00:00,12.359999656677246,12.359999656677246,12.359999656677246,12.359999656677246,1200,0.0,0.0,0.0
2024-04-30 04:15:00+00:00,12.359999656677246,12.359999656677246,12.359999656677246,12.359999656677246,3223,0.0,0.0,0.0
2024-04-30 04:20:00+00:00,12.350000381469727,12.359999656677246,12.350000381469727,12.359999656677246,2000,0.0,0.0,0.0
2024-04-30 04:25:00+00:00,12.350000381469727,12.350000381469727,12.350000381469727,12.350000381469727,7157,0.0,0.0,0.0
2024-04-30 04:30:00+00:00,12.359999656677246,12.359999656677246,12.359999656677246,12.359999656677246,6001,0.0,0.0,0.0
2024-04-30 04:35:00+00:00,12.359999656677246,12.359999656677246,12.350000381469727,12.350000381469727,11050,0.0,0.0,0.0
2024-04-30 04:40:00+00:00,12.350000381469727,12.350000381469727,12.350000381469727,12.350000381469727,10000,0.0,0.0,0.0
2024-04-30 04:45:00+00:00,12.34000015258789,12.34000015258789,12.34000015258789,12.34000015258789,16000,0.0,0.0,0.0
2024-04-30 04:50:00+00:00,12.350000381469727,12.350000381469727,12.350000381469727,12.350000381469727,9100,0.0,0.0,0.0
2024-04-30 04:55:00+00:00,12.34000015258789,12.34000015258789,12.34000015258789,12.34000015258789,5138,0.0,0.0,0.0
2024-04-30 05:00:00+00:00,12.34000015258789,12.34000015258789,12.34000015258789,12.34000015258789,21290,0.0,0.0,0.0
2024-04-30 05:05:00+00:00,12.34000015258789,12.34000015258789,12.34000015258789,12.34000015258789,10895,0.0,0.0,0.0
2024-04-30 05:10:00+00:00,12.34000015258789,12.34000015258789,12.34000015258789,12.34000015258789,3137,0.0,0.0,0.0
2024-04-30 05:15:00+00:00,12.34000015258789,12.34000015258789,12.329999923706055,12.329999923706055,12284,0.0,0.0,0.0
2024-04-30 05:20:00+00:00,12.329999923706055,12.329999923706055,12.329999923706055,12.329999923706055,18881,0.0,0.0,0.0
2024-05-02 01:00:00+00:00,12.279999732971191,12.279999732971191,12.15999984741211,12.170000076293945,0,0.0,0.0,0.0
2024-05-02 01:05:00+00:00,12.170000076293945,12.1899995803833,12.15999984741211,12.170000076293945,80668,0.0,0.0,0.0
2024-05-02 01:10:00+00:00,12.170000076293945,12.180000305175781,12.170000076293945,12.180000305175781,31240,0.0,0.0,0.0
2024-05-02 01:15:00+00:00,12.180000305175781,12.210000038146973,12.180000305175781,12.210000038146973,21765,0.0,0.0,0.0
2024-05-02 01:20:00+00:00,12.210000038146973,12.210000038146973,12.210000038146973,12.210000038146973,10704,0.0,0.0,0.0
2024-05-02 01:25:00+00:00,12.210000038146973,12.220000267028809,12.199999809265137,12.199999809265137,32254,0.0,0.0,0.0
2024-05-02 01:30:00+00:00,12.199999809265137,12.199999809265137,12.180000305175781,12.180000305175781,61457,0.0,0.0,0.0
2024-05-02 01:35:00+00:00,12.1899995803833,12.1899995803833,12.1899995803833,12.1899995803833,4054,0.0,0.0,0.0
2024-05-02 01:40:00+00:00,12.1899995803833,12.199999809265137,12.1899995803833,12.199999809265137,12332,0.0,0.0,0.0
2024-05-02 01:45:00+00:00,12.199999809265137,12.199999809265137,12.1899995803833,12.1899995803833,10200,0.0,0.0,0.0
2024-05-02 01:50:00+00:00,12.180000305175781,12.1899995803833,12.180000305175781,12.180000305175781,39311,0.0,0.0,0.0
2024-05-02 01:55:00+00:00,12.1899995803833,12.1899995803833,12.180000305175781,12.180000305175781,4296,0.0,0.0,0.0
2024-05-02 02:00:00+00:00,12.1899995803833,12.1899995803833,12.1899995803833,12.1899995803833,16841,0.0,0.0,0.0
2024-05-02 02:05:00+00:00,12.1899995803833,12.1899995803833,12.180000305175781,12.180000305175781,62448,0.0,0.0,0.0
2024-05-02 02:10:00+00:00,12.180000305175781,12.180000305175781,12.180000305175781,12.180000305175781,101699,0.0,0.0,0.0
2024-05-02 02:15:00+00:00,12.170000076293945,12.170000076293945,12.15999984741211,12.15999984741211,112456,0.0,0.0,0.0
2024-05-02 02:20:00+00:00,12.15999984741211,12.15999984741211,12.149999618530273,12.15999984741211,15649,0.0,0.0,0.0
2024-05-02 02:25:00+00:00,12.15999984741211,12.15999984741211,12.15999984741211,12.15999984741211,11488,0.0,0.0,0.0
2024-05-02 02:30:00+00:00,12.170000076293945,12.170000076293945,12.170000076293945,12.170000076293945,3209,0.0,0.0,0.0
2024-05-02 02:35:00+00:00,12.170000076293945,12.170000076293945,12.15999984741211,12.15999984741211,11250,0.0,0.0,0.0
2024-05-02 02:40:00+00:00,12.15999984741211,12.170000076293945,12.15999984741211,12.170000076293945,22100,0.0,0.0,0.0
2024-05-02 02:45:00+00:00,12.180000305175781,12.180000305175781,12.180000305175781,12.180000305175781,1021,0.0,0.0,0.0
2024-05-02 02:50:00+00:00,12.180000305175781,12.180000305175781,12.180000305175781,12.180000305175781,1259,0.0,0.0,0.0
2024-05-02 02:55:00+00:00,12.180000305175781,12.180000305175781,12.180000305175781,12.180000305175781,17429,0.0,0.0,0.0
2024-05-02 03:00:00+00:00,12.180000305175781,12.180000305175781,12.180000305175781,12.180000305175781,3282,0.0,0.0,0.0
2024-05-02 03:05:00+00:00,12.180000305175781,12.180000305175781,12.180000305175781,12.180000305175781,15001,0.0,0.0,0.0
2024-05-02 03:10:00+00:00,12.180000305175781,12.180000305175781,12.180000305175781,12.180000305175781,4403,0.0,0.0,0.0
2024-05-02 03:15:00+00:00,12.180000305175781,12.1899995803833,12.180000305175781,12.1899995803833,6015,0.0,0.0,0.0
2024-05-02 03:20:00+00:00,12.199999809265137,12.199999809265137,12.199999809265137,12.199999809265137,5000,0.0,0.0,0.0
2024-05-02 03:25:00+00:00,12.199999809265137,12.199999809265137,12.1899995803833,12.199999809265137,7228,0.0,0.0,0.0
2024-05-02 03:30:00+00:00,12.199999809265137,12.199999809265137,12.1899995803833,12.1899995803833,3612,0.0,0.0,0.0
2024-05-02 03:40:00+00:00,12.1899995803833,12.1899995803833,12.1899995803833,12.1899995803833,3000,0.0,0.0,0.0
2024-05-02 03:45:00+00:00,12.1899995803833,12.1899995803833,12.1899995803833,12.1899995803833,5001,0.0,0.0,0.0
2024-05-02 03:50:00+00:00,12.1899995803833,12.199999809265137,12.170000076293945,12.199999809265137,203182,0.0,0.0,0.0
2024-05-02 03:55:00+00:00,12.170000076293945,12.1899995803833,12.170000076293945,12.1899995803833,33000,0.0,0.0,0.0
2024-05-02 04:00:00+00:00,12.1899995803833,12.1899995803833,12.1899995803833,12.1899995803833,1083,0.0,0.0,0.0
2024-05-02 04:05:00+00:00,12.1899995803833,12.1899995803833,12.1899995803833,12.1899995803833,15101,0.0,0.0,0.0
2024-05-02 04:10:00+00:00,12.1899995803833,12.1899995803833,12.1899995803833,12.1899995803833,11102,0.0,0.0,0.0
2024-05-02 04:15:00+00:00,12.199999809265137,12.199999809265137,12.199999809265137,12.199999809265137,6001,0.0,0.0,0.0
2024-05-02 04:20:00+00:00,12.199999809265137,12.199999809265137,12.1899995803833,12.1899995803833,16653,0.0,0.0,0.0
2024-05-02 04:25:00+00:00,12.199999809265137,12.199999809265137,12.199999809265137,12.199999809265137,31500,0.0,0.0,0.0
2024-05-02 04:30:00+00:00,12.199999809265137,12.199999809265137,12.1899995803833,12.1899995803833,13511,0.0,0.0,0.0
2024-05-02 04:35:00+00:00,12.1899995803833,12.1899995803833,12.1899995803833,12.1899995803833,3518,0.0,0.0,0.0
2024-05-02 04:40:00+00:00,12.1899995803833,12.1899995803833,12.1899995803833,12.1899995803833,4259,0.0,0.0,0.0
2024-05-02 04:45:00+00:00,12.1899995803833,12.1899995803833,12.1899995803833,12.1899995803833,1000,0.0,0.0,0.0
2024-05-02 04:50:00+00:00,12.1899995803833,12.1899995803833,12.180000305175781,12.180000305175781,9108,0.0,0.0,0.0
2024-05-02 04:55:00+00:00,12.180000305175781,12.1899995803833,12.180000305175781,12.180000305175781,10605,0.0,0.0,0.0
2024-05-02 05:00:00+00:00,12.180000305175781,12.1899995803833,12.180000305175781,12.180000305175781,0,0.0,0.0,0.0
2024-05-02 05:05:00+00:00,12.1899995803833,12.1899995803833,12.15999984741211,12.15999984741211,1364323,0.0,0.0,0.0
2024-05-02 05:10:00+00:00,12.170000076293945,12.180000305175781,12.170000076293945,12.180000305175781,40569,0.0,0.0,0.0
2024-05-02 05:15:00+00:00,12.1899995803833,12.1899995803833,12.1899995803833,12.1899995803833,3000,0.0,0.0,0.0
2024-05-02 05:20:00+00:00,12.1899995803833,12.199999809265137,12.1899995803833,12.199999809265137,4124,0.0,0.0,0.0
2024-05-03 01:00:00+00:00,12.300000190734863,12.350000381469727,12.300000190734863,12.350000381469727,87000,0.0,0.0,0.0
2024-05-03 01:05:00+00:00,12.359999656677246,12.359999656677246,12.34000015258789,12.34000015258789,19000,0.0,0.0,0.0
2024-05-03 01:10:00+00:00,12.319999694824219,12.329999923706055,12.319999694824219,12.329999923706055,43715,0.0,0.0,0.0
2024-05-03 01:15:00+00:00,12.329999923706055,12.350000381469727,12.329999923706055,12.34000015258789,60070,0.0,0.0,0.0
2024-05-03 01:20:00+00:00,12.34000015258789,12.34000015258789,12.34000015258789,12.34000015258789,14743,0.0,0.0,0.0
2024-05-03 01:25:00+00:00,12.350000381469727,12.350000381469727,12.350000381469727,12.350000381469727,118092,0.0,0.0,0.0
2024-05-03 01:30:00+00:00,12.350000381469727,12.350000381469727,12.329999923706055,12.329999923706055,26738,0.0,0.0,0.0
2024-05-03 01:35:00+00:00,12.329999923706055,12.329999923706055,12.329999923706055,12.329999923706055,16025,0.0,0.0,0.0
2024-05-03 01:40:00+00:00,12.329999923706055,12.329999923706055,12.329999923706055,12.329999923706055,1012,0.0,0.0,0.0
2024-05-03 01:45:00+00:00,12.329999923706055,12.329999923706055,12.3100004196167,12.319999694824219,67113,0.0,0.0,0.0
2024-05-03 01:50:00+00:00,12.319999694824219,12.319999694824219,12.319999694824219,12.319999694824219,4212,0.0,0.0,0.0
2024-05-03 01:55:00+00:00,12.3100004196167,12.3100004196167,12.289999961853027,12.289999961853027,43671,0.0,0.0,0.0
2024-05-03 02:00:00+00:00,12.300000190734863,12.300000190734863,12.279999732971191,12.289999961853027,10165,0.0,0.0,0.0
2024-05-03 02:05:00+00:00,12.3100004196167,12.3100004196167,12.289999961853027,12.289999961853027,6004,0.0,0.0,0.0
2024-05-03 02:10:00+00:00,12.289999961853027,12.300000190734863,12.289999961853027,12.300000190734863,20025,0.0,0.0,0.0
2024-05-03 02:15:00+00:00,12.300000190734863,12.300000190734863,12.289999961853027,12.289999961853027,5121,0.0,0.0,0.0
2024-05-03 02:20:00+00:00,12.289999961853027,12.289999961853027,12.270000457763672,12.270000457763672,17145,0.0,0.0,0.0
2024-05-03 02:25:00+00:00,12.270000457763672,12.270000457763672,12.270000457763672,12.270000457763672,10047,0.0,0.0,0.0
2024-05-03 02:30:00+00:00,12.270000457763672,12.270000457763672,12.260000228881836,12.260000228881836,5025,0.0,0.0,0.0
2024-05-03 02:35:00+00:00,12.260000228881836,12.260000228881836,12.25,12.25,6013,0.0,0.0,0.0
2024-05-03 02:40:00+00:00,12.25,12.25,12.25,12.25,150012,0.0,0.0,0.0
2024-05-03 02:45:00+00:00,12.25,12.25,12.25,12.25,26325,0.0,0.0,0.0
2024-05-03 02:50:00+00:00,12.25,12.25,12.25,12.25,2012,0.0,0.0,0.0
2024-05-03 02:55:00+00:00,12.25,12.25,12.25,12.25,5000,0.0,0.0,0.0
2024-05-03 03:00:00+00:00,12.25,12.260000228881836,12.25,12.260000228881836,17044,0.0,0.0,0.0
2024-05-03 03:05:00+00:00,12.260000228881836,12.260000228881836,12.260000228881836,12.260000228881836,2025,0.0,0.0,0.0
2024-05-03 03:10:00+00:00,12.260000228881836,12.260000228881836,12.260000228881836,12.260000228881836,2092,0.0,0.0,0.0
2024-05-03 03:15:00+00:00,12.25,12.260000228881836,12.25,12.260000228881836,101308,0.0,0.0,0.0
2024-05-03 03:25:00+00:00,12.270000457763672,12.270000457763672,12.260000228881836,12.260000228881836,2070,0.0,0.0,0.0
2024-05-03 03:30:00+00:00,12.260000228881836,12.260000228881836,12.239999771118164,12.239999771118164,88180,0.0,0.0,0.0
2024-05-03 03:40:00+00:00,12.239999771118164,12.239999771118164,12.239999771118164,12.239999771118164,1514,0.0,0.0,0.0
2024-05-03 03:45:00+00:00,12.25,12.260000228881836,12.25,12.260000228881836,2227,0.0,0.0,0.0
2024-05-03 03:50:00+00:00,12.25,12.25,12.25,12.25,10037,0.0,0.0,0.0
2024-05-03 04:05:00+00:00,12.239999771118164,12.25,12.239999771118164,12.25,10025,0.0,0.0,0.0
2024-05-03 04:15:00+00:00,12.229999542236328,12.229999542236328,12.229999542236328,12.229999542236328,17669,0.0,0.0,0.0
2024-05-03 04:20:00+00:00,12.229999542236328,12.239999771118164,12.220000267028809,12.239999771118164,12000,0.0,0.0,0.0
2024-05-03 04:25:00+00:00,12.229999542236328,12.229999542236328,12.229999542236328,12.229999542236328,3512,0.0,0.0,0.0
2024-05-03 04:30:00+00:00,12.239999771118164,12.239999771118164,12.220000267028809,12.220000267028809,27657,0.0,0.0,0.0
2024-05-03 04:35:00+00:00,12.220000267028809,12.220000267028809,12.220000267028809,12.220000267028809,12017,0.0,0.0,0.0
2024-05-03 04:40:00+00:00,12.220000267028809,12.220000267028809,12.210000038146973,12.220000267028809,140164,0.0,0.0,0.0
2024-05-03 04:45:00+00:00,12.229999542236328,12.229999542236328,12.210000038146973,12.210000038146973,14337,0.0,0.0,0.0
2024-05-03 04:50:00+00:00,12.220000267028809,12.220000267028809,12.199999809265137,12.199999809265137,54784,0.0,0.0,0.0
2024-05-03 04:55:00+00:00,12.199999809265137,12.199999809265137,12.1899995803833,12.199999809265137,40345,0.0,0.0,0.0
2024-05-03 05:00:00+00:00,12.199999809265137,12.199999809265137,12.1899995803833,12.1899995803833,4513,0.0,0.0,0.0
2024-05-03 05:05:00+00:00,12.1899995803833,12.1899995803833,12.1899995803833,12.1899995803833,60427,0.0,0.0,0.0
2024-05-03 05:10:00+00:00,12.199999809265137,12.199999809265137,12.199999809265137,12.199999809265137,62350,0.0,0.0,0.0
2024-05-03 05:15:00+00:00,12.210000038146973,12.210000038146973,12.199999809265137,12.210000038146973,11011,0.0,0.0,0.0
2024-05-03 05:20:00+00:00,12.210000038146973,12.210000038146973,12.210000038146973,12.210000038146973,19202,0.0,0.0,0.0
2024-05-06 01:00:00+00:00,12.350000381469727,12.399999618530273,12.350000381469727,12.390000343322754,0,0.0,0.0,0.0
2024-05-06 01:05:00+00:00,12.390000343322754,12.390000343322754,12.380000114440918,12.380000114440918,110000,0.0,0.0,0.0
2024-05-06 01:10:00+00:00,12.369999885559082,12.380000114440918,12.369999885559082,12.380000114440918,94186,0.0,0.0,0.0
2024-05-06 01:15:00+00:00,12.390000343322754,12.390000343322754,12.380000114440918,12.390000343322754,87796,0.0,0.0,0.0
2024-05-06 01:20:00+00:00,12.399999618530273,12.399999618530273,12.390000343322754,12.390000343322754,35740,0.0,0.0,0.0
2024-05-06 01:25:00+00:00,12.390000343322754,12.399999618530273,12.390000343322754,12.390000343322754,35119,0.0,0.0,0.0
2024-05-06 01:30:00+00:00,12.399999618530273,12.399999618530273,12.359999656677246,12.359999656677246,116504,0.0,0.0,0.0
2024-05-06 01:35:00+00:00,12.359999656677246,12.380000114440918,12.359999656677246,12.380000114440918,23619,0.0,0.0,0.0
2024-05-06 01:40:00+00:00,12.380000114440918,12.380000114440918,12.369999885559082,12.380000114440918,26318,0.0,0.0,0.0
2024-05-06 01:45:00+00:00,12.390000343322754,12.390000343322754,12.390000343322754,12.390000343322754,7219,0.0,0.0,0.0
2024-05-06 01:50:00+00:00,12.380000114440918,12.390000343322754,12.380000114440918,12.390000343322754,2539,0.0,0.0,0.0
2024-05-06 01:55:00+00:00,12.380000114440918,12.390000343322754,12.380000114440918,12.390000343322754,72119,0.0,0.0,0.0
2024-05-06 02:00:00+00:00,12.399999618530273,12.399999618530273,12.390000343322754,12.399999618530273,113311,0.0,0.0,0.0
2024-05-06 02:05:00+00:00,12.399999618530273,12.399999618530273,12.399999618530273,12.399999618530273,107421,0.0,0.0,0.0
2024-05-06 02:10:00+00:00,12.399999618530273,12.399999618530273,12.399999618530273,12.399999618530273,24392,0.0,0.0,0.0
2024-05-06 02:15:00+00:00,12.40999984741211,12.40999984741211,12.399999618530273,12.399999618530273,0,0.0,0.0,0.0
2024-05-06 02:20:00+00:00,12.390000343322754,12.390000343322754,12.369999885559082,12.369999885559082,1059939,0.0,0.0,0.0
2024-05-06 02:25:00+00:00,12.380000114440918,12.399999618530273,12.380000114440918,12.399999618530273,5386,0.0,0.0,0.0
2024-05-06 02:30:00+00:00,12.399999618530273,12.399999618530273,12.380000114440918,12.380000114440918,3400,0.0,0.0,0.0
2024-05-06 02:35:00+00:00,12.380000114440918,12.380000114440918,12.380000114440918,12.380000114440918,1058,0.0,0.0,0.0
2024-05-06 02:40:00+00:00,12.359999656677246,12.369999885559082,12.359999656677246,12.369999885559082,5119,0.0,0.0,0.0
2024-05-06 02:45:00+00:00,12.380000114440918,12.380000114440918,12.359999656677246,12.359999656677246,17018,0.0,0.0,0.0
2024-05-06 02:50:00+00:00,12.359999656677246,12.359999656677246,12.350000381469727,12.359999656677246,8397,0.0,0.0,0.0
2024-05-06 03:00:00+00:00,12.359999656677246,12.359999656677246,12.359999656677246,12.359999656677246,2191,0.0,0.0,0.0
2024-05-06 03:05:00+00:00,12.350000381469727,12.350000381469727,12.350000381469727,12.350000381469727,1000,0.0,0.0,0.0
2024-05-06 03:10:00+00:00,12.350000381469727,12.359999656677246,12.34000015258789,12.359999656677246,31027,0.0,0.0,0.0
2024-05-06 03:15:00+00:00,12.350000381469727,12.350000381469727,12.350000381469727,12.350000381469727,7018,0.0,0.0,0.0
2024-05-06 03:20:00+00:00,12.359999656677246,12.359999656677246,12.34000015258789,12.34000015258789,9137,0.0,0.0,0.0
2024-05-06 03:25:00+00:00,12.359999656677246,12.369999885559082,12.359999656677246,12.369999885559082,26000,0.0,0.0,0.0
2024-05-06 03:30:00+00:00,12.359999656677246,12.359999656677246,12.350000381469727,12.350000381469727,0,0.0,0.0,0.0
2024-05-06 03:35:00+00:00,12.34000015258789,12.359999656677246,12.34000015258789,12.359999656677246,1252208,0.0,0.0,0.0
2024-05-06 03:45:00+00:00,12.350000381469727,12.350000381469727,12.34000015258789,12.34000015258789,16137,0.0,0.0,0.0
2024-05-06 03:50:00+00:00,12.34000015258789,12.34000015258789,12.34000015258789,12.34000015258789,1468,0.0,0.0,0.0
2024-05-06 03:55:00+00:00,12.34000015258789,12.34000015258789,12.329999923706055,12.329999923706055,12036,0.0,0.0,0.0
2024-05-06 04:00:00+00:00,12.329999923706055,12.329999923706055,12.329999923706055,12.329999923706055,16197,0.0,0.0,0.0
2024-05-06 04:05:00+00:00,12.329999923706055,12.329999923706055,12.329999923706055,12.329999923706055,3018,0.0,0.0,0.0
2024-05-06 04:10:00+00:00,12.329999923706055,12.34000015258789,12.329999923706055,12.34000015258789,6027,0.0,0.0,0.0
2024-05-06 04:15:00+00:00,12.34000015258789,12.34000015258789,12.34000015258789,12.34000015258789,6018,0.0,0.0,0.0
2024-05-06 04:20:00+00:00,12.34000015258789,12.34000015258789,12.34000015258789,12.34000015258789,2019,0.0,0.0,0.0
2024-05-06 04:25:00+00:00,12.34000015258789,12.34000015258789,12.34000015258789,12.34000015258789,14018,0.0,0.0,0.0
2024-05-06 04:30:00+00:00,12.34000015258789,12.34000015258789,12.319999694824219,12.319999694824219,11219,0.0,0.0,0.0
2024-05-06 04:35:00+00:00,12.319999694824219,12.319999694824219,12.319999694824219,12.319999694824219,3093,0.0,0.0,0.0
2024-05-06 04:40:00+00:00,12.319999694824219,12.329999923706055,12.319999694824219,12.319999694824219,43020,0.0,0.0,0.0
2024-05-06 04:45:00+00:00,12.319999694824219,12.319999694824219,12.319999694824219,12.319999694824219,10000,0.0,0.0,0.0
2024-05-06 04:50:00+00:00,12.319999694824219,12.319999694824219,12.3100004196167,12.3100004196167,12048,0.0,0.0,0.0
2024-05-06 04:55:00+00:00,12.319999694824219,12.319999694824219,12.319999694824219,12.319999694824219,20061,0.0,0.0,0.0
2024-05-06 05:00:00+00:00,12.329999923706055,12.329999923706055,12.319999694824219,12.319999694824219,14081,0.0,0.0,0.0
2024-05-06 05:05:00+00:00,12.329999923706055,12.329999923706055,12.329999923706055,12.329999923706055,12092,0.0,0.0,0.0
2024-05-06 05:10:00+00:00,12.329999923706055,12.34000015258789,12.329999923706055,12.329999923706055,19131,0.0,0.0,0.0
2024-05-06 05:15:00+00:00,12.329999923706055,12.329999923706055,12.329999923706055,12.329999923706055,4268,0.0,0.0,0.0
2024-05-06 05:20:00+00:00,12.329999923706055,12.329999923706055,12.329999923706055,12.329999923706055,6312,0.0,0.0,0.0
2024-05-07 01:00:00+00:00,12.369999885559082,12.420000076293945,12.369999885559082,12.40999984741211,88000,0.0,0.0,0.0
2024-05-07 01:05:00+00:00,12.399999618530273,12.399999618530273,12.399999618530273,12.399999618530273,12174,0.0,0.0,0.0
2024-05-07 01:10:00+00:00,12.399999618530273,12.399999618530273,12.359999656677246,12.359999656677246,23010,0.0,0.0,0.0
2024-05-07 01:15:00+00:00,12.359999656677246,12.359999656677246,12.350000381469727,12.350000381469727,54576,0.0,0.0,0.0
2024-05-07 01:20:00+00:00,12.350000381469727,12.350000381469727,12.34000015258789,12.34000015258789,13695,0.0,0.0,0.0
2024-05-07 01:25:00+00:00,12.34000015258789,12.34000015258789,12.329999923706055,12.329999923706055,22442,0.0,0.0,0.0
2024-05-07 01:30:00+00:00,12.34000015258789,12.34000015258789,12.329999923706055,12.329999923706055,55010,0.0,0.0,0.0
2024-05-07 01:35:00+00:00,12.329999923706055,12.34000015258789,12.329999923706055,12.329999923706055,96190,0.0,0.0,0.0
2024-05-07 01:40:00+00:00,12.329999923706055,12.34000015258789,12.329999923706055,12.34000015258789,2050,0.0,0.0,0.0
2024-05-07 01:45:00+00:00,12.319999694824219,12.329999923706055,12.319999694824219,12.329999923706055,100066,0.0,0.0,0.0
2024-05-07 01:50:00+00:00,12.329999923706055,12.329999923706055,12.329999923706055,12.329999923706055,5333,0.0,0.0,0.0
2024-05-07 01:55:00+00:00,12.34000015258789,12.34000015258789,12.329999923706055,12.329999923706055,111110,0.0,0.0,0.0
2024-05-07 02:00:00+00:00,12.329999923706055,12.34000015258789,12.329999923706055,12.34000015258789,10414,0.0,0.0,0.0
2024-05-07 02:05:00+00:00,12.34000015258789,12.350000381469727,12.34000015258789,12.350000381469727,113633,0.0,0.0,0.0
2024-05-07 02:10:00+00:00,12.329999923706055,12.329999923706055,12.329999923706055,12.329999923706055,1250,0.0,0.0,0.0
2024-05-07 02:15:00+00:00,12.329999923706055,12.329999923706055,12.289999961853027,12.289999961853027,102304,0.0,0.0,0.0
2024-05-07 02:20:00+00:00,12.289999961853027,12.3100004196167,12.289999961853027,12.3100004196167,10186,0.0,0.0,0.0
2024-05-07 02:25:00+00:00,12.300000190734863,12.350000381469727,12.300000190734863,12.350000381469727,39019,0.0,0.0,0.0
2024-05-07 02:30:00+00:00,12.329999923706055,12.329999923706055,12.329999923706055,12.329999923706055,3419,0.0,0.0,0.0
2024-05-07 02:40:00+00:00,12.329999923706055,12.329999923706055,12.329999923706055,12.329999923706055,4110,0.0,0.0,0.0
2024-05-07 02:45:00+00:00,12.319999694824219,12.329999923706055,12.319999694824219,12.329999923706055,11559,0.0,0.0,0.0
2024-05-07 02:50:00+00:00,12.329999923706055,12.329999923706055,12.329999923706055,12.329999923706055,2000,0.0,0.0,0.0
2024-05-07 02:55:00+00:00,12.329999923706055,12.34000015258789,12.329999923706055,12.34000015258789,5071,0.0,0.0,0.0
2024-05-07 03:00:00+00:00,12.319999694824219,12.319999694824219,12.319999694824219,12.319999694824219,11109,0.0,0.0,0.0
2024-05-07 03:05:00+00:00,12.319999694824219,12.34000015258789,12.319999694824219,12.34000015258789,6020,0.0,0.0,0.0
2024-05-07 03:10:00+00:00,12.329999923706055,12.329999923706055,12.329999923706055,12.329999923706055,39048,0.0,0.0,0.0
2024-05-07 03:15:00+00:00,12.329999923706055,12.329999923706055,12.319999694824219,12.329999923706055,16909,0.0,0.0,0.0
2024-05-07 03:20:00+00:00,12.329999923706055,12.329999923706055,12.329999923706055,12.329999923706055,10149,0.0,0.0,0.0
2024-05-07 03:25:00+00:00,12.329999923706055,12.329999923706055,12.329999923706055,12.329999923706055,37110,0.0,0.0,0.0
2024-05-07 03:30:00+00:00,12.34000015258789,12.34000015258789,12.34000015258789,12.34000015258789,1097,0.0,0.0,0.0
2024-05-07 03:35:00+00:00,12.34000015258789,12.34000015258789,12.34000015258789,12.34000015258789,2010,0.0,0.0,0.0
2024-05-07 03:40:00+00:00,12.329999923706055,12.329999923706055,12.329999923706055,12.329999923706055,2010,0.0,0.0,0.0
2024-05-07 03:45:00+00:00,12.329999923706055,12.34000015258789,12.329999923706055,12.34000015258789,12109,0.0,0.0,0.0
2024-05-07 03:50:00+00:00,12.34000015258789,12.34000015258789,12.34000015258789,12.34000015258789,4010,0.0,0.0,0.0
2024-05-07 03:55:00+00:00,12.34000015258789,12.350000381469727,12.34000015258789,12.350000381469727,7039,0.0,0.0,0.0
2024-05-07 04:00:00+00:00,12.350000381469727,12.350000381469727,12.350000381469727,12.350000381469727,2085,0.0,0.0,0.0
2024-05-07 04:05:00+00:00,12.350000381469727,12.350000381469727,12.350000381469727,12.350000381469727,20209,0.0,0.0,0.0
2024-05-07 04:10:00+00:00,12.359999656677246,12.359999656677246,12.359999656677246,12.359999656677246,19020,0.0,0.0,0.0
2024-05-07 04:15:00+00:00,12.350000381469727,12.350000381469727,12.350000381469727,12.350000381469727,2000,0.0,0.0,0.0
2024-05-07 04:20:00+00:00,12.350000381469727,12.350000381469727,12.350000381469727,12.350000381469727,3009,0.0,0.0,0.0
2024-05-07 04:25:00+00:00,12.34000015258789,12.350000381469727,12.34000015258789,12.350000381469727,5110,0.0,0.0,0.0
2024-05-07 04:30:00+00:00,12.350000381469727,12.350000381469727,12.34000015258789,12.350000381469727,29092,0.0,0.0,0.0
2024-05-07 04:35:00+00:00,12.350000381469727,12.350000381469727,12.350000381469727,12.350000381469727,1200,0.0,0.0,0.0
2024-05-07 04:40:00+00:00,12.350000381469727,12.350000381469727,12.350000381469727,12.350000381469727,1000,0.0,0.0,0.0
2024-05-07 04:45:00+00:00,12.350000381469727,12.350000381469727,12.34000015258789,12.350000381469727,42227,0.0,0.0,0.0
2024-05-07 04:50:00+00:00,12.350000381469727,12.350000381469727,12.350000381469727,12.350000381469727,2000,0.0,0.0,0.0
2024-05-07 04:55:00+00:00,12.34000015258789,12.350000381469727,12.34000015258789,12.34000015258789,23002,0.0,0.0,0.0
2024-05-07 05:00:00+00:00,12.350000381469727,12.350000381469727,12.350000381469727,12.350000381469727,6464,0.0,0.0,0.0
2024-05-07 05:05:00+00:00,12.350000381469727,12.359999656677246,12.350000381469727,12.359999656677246,9058,0.0,0.0,0.0
2024-05-07 05:10:00+00:00,12.359999656677246,12.369999885559082,12.359999656677246,12.369999885559082,22273,0.0,0.0,0.0
2024-05-07 05:15:00+00:00,12.369999885559082,12.369999885559082,12.369999885559082,12.369999885559082,8377,0.0,0.0,0.0
2024-05-07 05:20:00+00:00,12.369999885559082,12.369999885559082,12.359999656677246,12.359999656677246,18135,0.0,0.0,0.0
2024-05-08 01:00:00+00:00,12.350000381469727,12.350000381469727,12.34000015258789,12.350000381469727,58000,0.0,0.0,0.0
2024-05-08 01:05:00+00:00,12.350000381469727,12.350000381469727,12.350000381469727,12.350000381469727,3664,0.0,0.0,0.0
2024-05-08 01:10:00+00:00,12.34000015258789,12.369999885559082,12.34000015258789,12.369999885559082,48281,0.0,0.0,0.0
2024-05-08 01:15:00+00:00,12.369999885559082,12.369999885559082,12.369999885559082,12.369999885559082,9000,0.0,0.0,0.0
2024-05-08 01:20:00+00:00,12.359999656677246,12.359999656677246,12.329999923706055,12.329999923706055,123501,0.0,0.0,0.0
2024-05-08 01:25:00+00:00,12.329999923706055,12.329999923706055,12.329999923706055,12.329999923706055,10011,0.0,0.0,0.0
2024-05-08 01:30:00+00:00,12.329999923706055,12.329999923706055,12.329999923706055,12.329999923706055,1030,0.0,0.0,0.0
2024-05-08 01:35:00+00:00,12.329999923706055,12.34000015258789,12.329999923706055,12.34000015258789,16501,0.0,0.0,0.0
2024-05-08 01:40:00+00:00,12.350000381469727,12.380000114440918,12.350000381469727,12.380000114440918,70011,0.0,0.0,0.0
2024-05-08 01:45:00+00:00,12.380000114440918,12.380000114440918,12.380000114440918,12.380000114440918,61001,0.0,0.0,0.0
2024-05-08 01:50:00+00:00,12.380000114440918,12.380000114440918,12.359999656677246,12.359999656677246,19000,0.0,0.0,0.0
2024-05-08 01:55:00+00:00,12.369999885559082,12.369999885559082,12.359999656677246,12.359999656677246,7250,0.0,0.0,0.0
2024-05-08 02:00:00+00:00,12.369999885559082,12.369999885559082,12.369999885559082,12.369999885559082,15001,0.0,0.0,0.0
2024-05-08 02:05:00+00:00,12.369999885559082,12.369999885559082,12.369999885559082,12.369999885559082,10000,0.0,0.0,0.0
2024-05-08 02:10:00+00:00,12.369999885559082,12.369999885559082,12.359999656677246,12.359999656677246,4161,0.0,0.0,0.0
2024-05-08 02:15:00+00:00,12.359999656677246,12.369999885559082,12.359999656677246,12.369999885559082,14110,0.0,0.0,0.0
2024-05-08 02:20:00+00:00,12.369999885559082,12.369999885559082,12.359999656677246,12.359999656677246,23000,0.0,0.0,0.0
2024-05-08 02:25:00+00:00,12.359999656677246,12.380000114440918,12.359999656677246,12.380000114440918,4202,0.0,0.0,0.0
2024-05-08 02:30:00+00:00,12.380000114440918,12.380000114440918,12.380000114440918,12.380000114440918,34000,0.0,0.0,0.0
2024-05-08 02:35:00+00:00,12.390000343322754,12.390000343322754,12.380000114440918,12.390000343322754,17001,0.0,0.0,0.0
2024-05-08 02:40:00+00:00,12.390000343322754,12.390000343322754,12.390000343322754,12.390000343322754,54997,0.0,0.0,0.0
2024-05-08 02:45:00+00:00,12.399999618530273,12.40999984741211,12.399999618530273,12.40999984741211,103404,0.0,0.0,0.0
2024-05-08 02:50:00+00:00,12.399999618530273,12.399999618530273,12.390000343322754,12.390000343322754,25147,0.0,0.0,0.0
2024-05-08 02:55:00+00:00,12.380000114440918,12.380000114440918,12.380000114440918,12.380000114440918,5000,0.0,0.0,0.0
2024-05-08 03:00:00+00:00,12.380000114440918,12.399999618530273,12.380000114440918,12.399999618530273,40719,0.0,0.0,0.0
2024-05-08 03:05:00+00:00,12.40999984741211,12.40999984741211,12.40999984741211,12.40999984741211,16200,0.0,0.0,0.0
2024-05-08 03:10:00+00:00,12.40999984741211,12.40999984741211,12.40999984741211,12.40999984741211,11238,0.0,0.0,0.0
2024-05-08 03:15:00+00:00,12.420000076293945,12.420000076293945,12.40999984741211,12.420000076293945,165000,0.0,0.0,0.0
2024-05-08 03:20:00+00:00,12.40999984741211,12.420000076293945,12.40999984741211,12.420000076293945,20476,0.0,0.0,0.0
2024-05-08 03:30:00+00:00,12.420000076293945,12.420000076293945,12.420000076293945,12.420000076293945,7251,0.0,0.0,0.0
2024-05-08 03:35:00+00:00,12.420000076293945,12.430000305175781,12.420000076293945,12.430000305175781,6123,0.0,0.0,0.0
2024-05-08 03:40:00+00:00,12.430000305175781,12.430000305175781,12.430000305175781,12.430000305175781,30636,0.0,0.0,0.0
2024-05-08 03:50:00+00:00,12.4399995803833,12.4399995803833,12.4399995803833,12.4399995803833,40313,0.0,0.0,0.0
2024-05-08 03:55:00+00:00,12.4399995803833,12.4399995803833,12.430000305175781,12.430000305175781,2091,0.0,0.0,0.0
2024-05-08 04:00:00+00:00,12.4399995803833,12.4399995803833,12.4399995803833,12.4399995803833,1025,0.0,0.0,0.0
2024-05-08 04:05:00+00:00,12.4399995803833,12.4399995803833,12.4399995803833,12.4399995803833,11081,0.0,0.0,0.0
2024-05-08 04:10:00+00:00,12.4399995803833,12.4399995803833,12.430000305175781,12.430000305175781,2000,0.0,0.0,0.0
2024-05-08 04:15:00+00:00,12.430000305175781,12.4399995803833,12.430000305175781,12.430000305175781,30102,0.0,0.0,0.0
2024-05-08 04:20:00+00:00,12.430000305175781,12.430000305175781,12.420000076293945,12.420000076293945,13000,0.0,0.0,0.0
2024-05-08 04:25:00+00:00,12.420000076293945,12.430000305175781,12.420000076293945,12.430000305175781,22213,0.0,0.0,0.0
2024-05-08 04:30:00+00:00,12.430000305175781,12.4399995803833,12.420000076293945,12.430000305175781,24241,0.0,0.0,0.0
2024-05-08 04:35:00+00:00,12.430000305175781,12.430000305175781,12.430000305175781,12.430000305175781,3050,0.0,0.0,0.0
2024-05-08 04:40:00+00:00,12.420000076293945,12.420000076293945,12.420000076293945,12.420000076293945,5001,0.0,0.0,0.0
2024-05-08 04:45:00+00:00,12.40999984741211,12.420000076293945,12.40999984741211,12.420000076293945,21700,0.0,0.0,0.0
2024-05-08 04:50:00+00:00,12.420000076293945,12.420000076293945,12.420000076293945,12.420000076293945,4165,0.0,0.0,0.0
2024-05-08 04:55:00+00:00,12.430000305175781,12.430000305175781,12.430000305175781,12.430000305175781,1000,0.0,0.0,0.0
2024-05-08 05:00:00+00:00,12.430000305175781,12.430000305175781,12.420000076293945,12.420000076293945,6567,0.0,0.0,0.0
2024-05-08 05:05:00+00:00,12.420000076293945,12.430000305175781,12.420000076293945,12.430000305175781,6275,0.0,0.0,0.0
2024-05-08 05:15:00+00:00,12.420000076293945,12.430000305175781,12.420000076293945,12.430000305175781,4547,0.0,0.0,0.0
2024-05-08 05:20:00+00:00,12.430000305175781,12.430000305175781,12.420000076293945,12.430000305175781,10278,0.0,0.0,0.0
2024-05-09 01:00:00+00:00,12.449999809265137,12.449999809265137,12.449999809265137,12.449999809265137,0,0.0,0.0,0.0
2024-05-09 01:05:00+00:00,12.4399995803833,12.449999809265137,12.4399995803833,12.449999809265137,86666,0.0,0.0,0.0
2024-05-09 01:10:00+00:00,12.4399995803833,12.449999809265137,12.4399995803833,12.449999809265137,56284,0.0,0.0,0.0
2024-05-09 01:15:00+00:00,12.449999809265137,12.460000038146973,12.449999809265137,12.460000038146973,41736,0.0,0.0,0.0
2024-05-09 01:20:00+00:00,12.460000038146973,12.479999542236328,12.460000038146973,12.470000267028809,19446,0.0,0.0,0.0
2024-05-09 01:25:00+00:00,12.470000267028809,12.470000267028809,12.460000038146973,12.470000267028809,64071,0.0,0.0,0.0
2024-05-09 01:30:00+00:00,12.460000038146973,12.460000038146973,12.449999809265137,12.449999809265137,18105,0.0,0.0,0.0
2024-05-09 01:35:00+00:00,12.449999809265137,12.449999809265137,12.449999809265137,12.449999809265137,10223,0.0,0.0,0.0
2024-05-09 01:40:00+00:00,12.460000038146973,12.460000038146973,12.460000038146973,12.460000038146973,60043,0.0,0.0,0.0
2024-05-09 01:45:00+00:00,12.470000267028809,12.470000267028809,12.470000267028809,12.470000267028809,2587,0.0,0.0,0.0
2024-05-09 01:50:00+00:00,12.470000267028809,12.470000267028809,12.470000267028809,12.470000267028809,8000,0.0,0.0,0.0
2024-05-09 01:55:00+00:00,12.460000038146973,12.470000267028809,12.460000038146973,12.460000038146973,41493,0.0,0.0,0.0
2024-05-09 02:00:00+00:00,12.470000267028809,12.470000267028809,12.449999809265137,12.449999809265137,19385,0.0,0.0,0.0
2024-05-09 02:05:00+00:00,12.4399995803833,12.4399995803833,12.4399995803833,12.4399995803833,4387,0.0,0.0,0.0
2024-05-09 02:10:00+00:00,12.4399995803833,12.449999809265137,12.4399995803833,12.4399995803833,15043,0.0,0.0,0.0
2024-05-09 02:15:00+00:00,12.449999809265137,12.449999809265137,12.430000305175781,12.430000305175781,15589,0.0,0.0,0.0
2024-05-09 02:20:00+00:00,12.430000305175781,12.430000305175781,12.40999984741211,12.40999984741211,22276,0.0,0.0,0.0
2024-05-09 02:25:00+00:00,12.40999984741211,12.40999984741211,12.40999984741211,12.40999984741211,64156,0.0,0.0,0.0
2024-05-09 02:30:00+00:00,12.420000076293945,12.420000076293945,12.420000076293945,12.420000076293945,1387,0.0,0.0,0.0
2024-05-09 02:35:00+00:00,12.420000076293945,12.420000076293945,12.420000076293945,12.420000076293945,35043,0.0,0.0,0.0
2024-05-09 02:40:00+00:00,12.430000305175781,12.430000305175781,12.420000076293945,12.420000076293945,35043,0.0,0.0,0.0
2024-05-09 02:45:00+00:00,12.420000076293945,12.420000076293945,12.399999618530273,12.399999618530273,28389,0.0,0.0,0.0
2024-05-09 02:50:00+00:00,12.399999618530273,12.399999618530273,12.399999618530273,12.399999618530273,17606,0.0,0.0,0.0
2024-05-09 02:55:00+00:00,12.399999618530273,12.399999618530273,12.399999618530273,12.399999618530273,16000,0.0,0.0,0.0
2024-05-09 03:00:00+00:00,12.420000076293945,12.430000305175781,12.420000076293945,12.420000076293945,83823,0.0,0.0,0.0
2024-05-09 03:05:00+00:00,12.40999984741211,12.40999984741211,12.399999618530273,12.40999984741211,133063,0.0,0.0,0.0
2024-05-09 03:10:00+00:00,12.399999618530273,12.40999984741211,12.399999618530273,12.40999984741211,8043,0.0,0.0,0.0
2024-05-09 03:15:00+00:00,12.420000076293945,12.420000076293945,12.399999618530273,12.40999984741211,18086,0.0,0.0,0.0
2024-05-09 03:20:00+00:00,12.40999984741211,12.40999984741211,12.40999984741211,12.40999984741211,1053,0.0,0.0,0.0
2024-05-09 03:25:00+00:00,12.40999984741211,12.420000076293945,12.40999984741211,12.420000076293945,16042,0.0,0.0,0.0
2024-05-09 03:30:00+00:00,12.430000305175781,12.430000305175781,12.420000076293945,12.420000076293945,59311,0.0,0.0,0.0
2024-05-09 03:40:00+00:00,12.420000076293945,12.420000076293945,12.420000076293945,12.420000076293945,1784,0.0,0.0,0.0
2024-05-09 03:50:00+00:00,12.430000305175781,12.4399995803833,12.420000076293945,12.420000076293945,4136,0.0,0.0,0.0
2024-05-09 03:55:00+00:00,12.420000076293945,12.420000076293945,12.420000076293945,12.420000076293945,5042,0.0,0.0,0.0
2024-05-09 04:00:00+00:00,12.4399995803833,12.4399995803833,12.430000305175781,12.430000305175781,32175,0.0,0.0,0.0
2024-05-09 04:05:00+00:00,12.430000305175781,12.430000305175781,12.430000305175781,12.430000305175781,69143,0.0,0.0,0.0
2024-05-09 04:10:00+00:00,12.430000305175781,12.430000305175781,12.420000076293945,12.420000076293945,38457,0.0,0.0,0.0
2024-05-09 04:15:00+00:00,12.430000305175781,12.4399995803833,12.430000305175781,12.4399995803833,3020,0.0,0.0,0.0
2024-05-09 04:20:00+00:00,12.449999809265137,12.449999809265137,12.420000076293945,12.420000076293945,18108,0.0,0.0,0.0
2024-05-09 04:25:00+00:00,12.420000076293945,12.420000076293945,12.420000076293945,12.420000076293945,5243,0.0,0.0,0.0
2024-05-09 04:30:00+00:00,12.420000076293945,12.420000076293945,12.420000076293945,12.420000076293945,12200,0.0,0.0,0.0
2024-05-09 04:35:00+00:00,12.420000076293945,12.430000305175781,12.420000076293945,12.430000305175781,3211,0.0,0.0,0.0
2024-05-09 04:40:00+00:00,12.430000305175781,12.430000305175781,12.430000305175781,12.430000305175781,5113,0.0,0.0,0.0
2024-05-09 04:45:00+00:00,12.430000305175781,12.430000305175781,12.430000305175781,12.430000305175781,8013,0.0,0.0,0.0
2024-05-09 04:50:00+00:00,12.430000305175781,12.430000305175781,12.430000305175781,12.430000305175781,7502,0.0,0.0,0.0
2024-05-09 04:55:00+00:00,12.430000305175781,12.430000305175781,12.420000076293945,12.420000076293945,8983,0.0,0.0,0.0
2024-05-09 05:00:00+00:00,12.40999984741211,12.40999984741211,12.40999984741211,12.40999984741211,4044,0.0,0.0,0.0
2024-05-09 05:05:00+00:00,12.40999984741211,12.40999984741211,12.40999984741211,12.40999984741211,11100,0.0,0.0,0.0
2024-05-09 05:10:00+00:00,12.420000076293945,12.420000076293945,12.420000076293945,12.420000076293945,6195,0.0,0.0,0.0
2024-05-09 05:15:00+00:00,12.399999618530273,12.399999618530273,12.399999618530273,12.399999618530273,40800,0.0,0.0,0.0
2024-05-09 05:20:00+00:00,12.399999618530273,12.40999984741211,12.390000343322754,12.40999984741211,34528,0.0,0.0,0.0
2024-05-10 01:00:00+00:00,12.449999809265137,12.449999809265137,12.4399995803833,12.4399995803833,0,0.0,0.0,0.0
2024-05-10 01:05:00+00:00,12.430000305175781,12.430000305175781,12.430000305175781,12.430000305175781,7631,0.0,0.0,0.0
2024-05-10 01:10:00+00:00,12.430000305175781,12.4399995803833,12.420000076293945,12.420000076293945,113496,0.0,0.0,0.0
2024-05-10 01:15:00+00:00,12.40999984741211,12.40999984741211,12.399999618530273,12.399999618530273,31209,0.0,0.0,0.0
2024-05-10 01:20:00+00:00,12.399999618530273,12.399999618530273,12.399999618530273,12.399999618530273,7337,0.0,0.0,0.0
2024-05-10 01:25:00+00:00,12.40999984741211,12.40999984741211,12.399999618530273,12.399999618530273,16009,0.0,0.0,0.0
2024-05-10 01:30:00+00:00,12.399999618530273,12.399999618530273,12.390000343322754,12.399999618530273,14770,0.0,0.0,0.0
2024-05-10 01:35:00+00:00,12.390000343322754,12.390000343322754,12.380000114440918,12.380000114440918,26893,0.0,0.0,0.0
2024-05-10 01:45:00+00:00,12.380000114440918,12.380000114440918,12.34000015258789,12.34000015258789,243782,0.0,0.0,0.0
2024-05-10 01:50:00+00:00,12.34000015258789,12.34000015258789,12.34000015258789,12.34000015258789,5317,0.0,0.0,0.0
2024-05-10 01:55:00+00:00,12.359999656677246,12.359999656677246,12.350000381469727,12.350000381469727,7367,0.0,0.0,0.0
2024-05-10 02:00:00+00:00,12.350000381469727,12.359999656677246,12.350000381469727,12.350000381469727,62350,0.0,0.0,0.0
2024-05-10 02:05:00+00:00,12.350000381469727,12.350000381469727,12.350000381469727,12.350000381469727,1178,0.0,0.0,0.0
2024-05-10 02:10:00+00:00,12.350000381469727,12.350000381469727,12.350000381469727,12.350000381469727,17011,0.0,0.0,0.0
2024-05-10 02:15:00+00:00,12.350000381469727,12.359999656677246,12.34000015258789,12.359999656677246,77457,0.0,0.0,0.0
2024-05-10 02:20:00+00:00,12.359999656677246,12.359999656677246,12.359999656677246,12.359999656677246,12570,0.0,0.0,0.0
2024-05-10 02:25:00+00:00,12.369999885559082,12.369999885559082,12.359999656677246,12.369999885559082,58000,0.0,0.0,0.0
2024-05-10 02:30:00+00:00,12.380000114440918,12.380000114440918,12.380000114440918,12.380000114440918,7088,0.0,0.0,0.0
2024-05-10 02:35:00+00:00,12.390000343322754,12.390000343322754,12.390000343322754,12.390000343322754,3304,0.0,0.0,0.0
2024-05-10 02:40:00+00:00,12.380000114440918,12.380000114440918,12.369999885559082,12.369999885559082,6009,0.0,0.0,0.0
2024-05-10 02:45:00+00:00,12.380000114440918,12.380000114440918,12.369999885559082,12.369999885559082,5209,0.0,0.0,0.0
2024-05-10 02:50:00+00:00,12.369999885559082,12.369999885559082,12.369999885559082,12.369999885559082,14018,0.0,0.0,0.0
2024-05-10 02:55:00+00:00,12.380000114440918,12.390000343322754,12.380000114440918,12.390000343322754,2030,0.0,0.0,0.0
2024-05-10 03:00:00+00:00,12.390000343322754,12.390000343322754,12.390000343322754,12.390000343322754,2110,0.0,0.0,0.0
2024-05-10 03:05:00+00:00,12.390000343322754,12.390000343322754,12.390000343322754,12.390000343322754,1049,0.0,0.0,0.0
2024-05-10 03:15:00+00:00,12.390000343322754,12.390000343322754,12.390000343322754,12.390000343322754,2059,0.0,0.0,0.0
2024-05-10 03:20:00+00:00,12.390000343322754,12.390000343322754,12.390000343322754,12.390000343322754,5018,0.0,0.0,0.0
2024-05-10 03:25:00+00:00,12.390000343322754,12.390000343322754,12.369999885559082,12.380000114440918,15271,0.0,0.0,0.0
2024-05-10 03:30:00+00:00,12.359999656677246,12.359999656677246,12.359999656677246,12.359999656677246,1000,0.0,0.0,0.0
2024-05-10 03:35:00+00:00,12.369999885559082,12.369999885559082,12.369999885559082,12.369999885559082,1018,0.0,0.0,0.0
2024-05-10 03:40:00+00:00,12.369999885559082,12.369999885559082,12.359999656677246,12.359999656677246,16009,0.0,0.0,0.0
2024-05-10 03:45:00+00:00,12.359999656677246,12.369999885559082,12.359999656677246,12.369999885559082,7210,0.0,0.0,0.0
2024-05-10 03:50:00+00:00,12.359999656677246,12.359999656677246,12.359999656677246,12.359999656677246,25510,0.0,0.0,0.0
2024-05-10 03:55:00+00:00,12.359999656677246,12.359999656677246,12.359999656677246,12.359999656677246,5156,0.0,0.0,0.0
2024-05-10 04:05:00+00:00,12.359999656677246,12.369999885559082,12.359999656677246,12.369999885559082,4018,0.0,0.0,0.0
2024-05-10 04:10:00+00:00,12.369999885559082,12.369999885559082,12.369999885559082,12.369999885559082,2009,0.0,0.0,0.0
2024-05-10 04:20:00+00:00,12.369999885559082,12.369999885559082,12.359999656677246,12.359999656677246,86352,0.0,0.0,0.0
2024-05-10 04:25:00+00:00,12.359999656677246,12.359999656677246,12.359999656677246,12.359999656677246,32014,0.0,0.0,0.0
2024-05-10 04:30:00+00:00,12.369999885559082,12.369999885559082,12.369999885559082,12.369999885559082,19100,0.0,0.0,0.0
2024-05-10 04:35:00+00:00,12.380000114440918,12.390000343322754,12.380000114440918,12.380000114440918,58053,0.0,0.0,0.0
2024-05-10 04:40:00+00:00,12.380000114440918,12.390000343322754,12.380000114440918,12.390000343322754,54671,0.0,0.0,0.0
2024-05-10 04:45:00+00:00,12.399999618530273,12.40999984741211,12.399999618530273,12.40999984741211,118039,0.0,0.0,0.0
2024-05-10 04:50:00+00:00,12.40999984741211,12.40999984741211,12.40999984741211,12.40999984741211,4375,0.0,0.0,0.0
2024-05-10 04:55:00+00:00,12.399999618530273,12.40999984741211,12.399999618530273,12.40999984741211,30300,0.0,0.0,0.0
2024-05-10 05:00:00+00:00,12.40999984741211,12.420000076293945,12.40999984741211,12.420000076293945,71778,0.0,0.0,0.0
2024-05-10 05:05:00+00:00,12.430000305175781,12.430000305175781,12.430000305175781,12.430000305175781,1000,0.0,0.0,0.0
2024-05-10 05:10:00+00:00,12.420000076293945,12.420000076293945,12.40999984741211,12.420000076293945,15694,0.0,0.0,0.0
2024-05-10 05:15:00+00:00,12.420000076293945,12.420000076293945,12.420000076293945,12.420000076293945,24784,0.0,0.0,0.0
2024-05-10 05:20:00+00:00,12.40999984741211,12.420000076293945,12.399999618530273,12.420000076293945,21177,0.0,0.0,0.0
2024-05-13 01:00:00+00:00,12.550000190734863,12.550000190734863,12.489999771118164,12.5,0,0.0,0.0,0.0
2024-05-13 01:05:00+00:00,12.5,12.5,12.449999809265137,12.449999809265137,28518,0.0,0.0,0.0
2024-05-13 01:10:00+00:00,12.449999809265137,12.449999809265137,12.4399995803833,12.4399995803833,22741,0.0,0.0,0.0
2024-05-13 01:15:00+00:00,12.4399995803833,12.4399995803833,12.420000076293945,12.430000305175781,58219,0.0,0.0,0.0
2024-05-13 01:20:00+00:00,12.430000305175781,12.460000038146973,12.430000305175781,12.460000038146973,10201,0.0,0.0,0.0
2024-05-13 01:25:00+00:00,12.460000038146973,12.460000038146973,12.460000038146973,12.460000038146973,22102,0.0,0.0,0.0
2024-05-13 01:30:00+00:00,12.470000267028809,12.470000267028809,12.470000267028809,12.470000267028809,8829,0.0,0.0,0.0
2024-05-13 01:35:00+00:00,12.460000038146973,12.460000038146973,12.460000038146973,12.460000038146973,42530,0.0,0.0,0.0
2024-05-13 01:40:00+00:00,12.449999809265137,12.470000267028809,12.449999809265137,12.449999809265137,15002,0.0,0.0,0.0
2024-05-13 01:45:00+00:00,12.460000038146973,12.460000038146973,12.4399995803833,12.4399995803833,12415,0.0,0.0,0.0
2024-05-13 01:50:00+00:00,12.4399995803833,12.449999809265137,12.4399995803833,12.449999809265137,21149,0.0,0.0,0.0
2024-05-13 01:55:00+00:00,12.4399995803833,12.449999809265137,12.4399995803833,12.449999809265137,29102,0.0,0.0,0.0
2024-05-13 02:00:00+00:00,12.460000038146973,12.460000038146973,12.449999809265137,12.460000038146973,7225,0.0,0.0,0.0
2024-05-13 02:05:00+00:00,12.460000038146973,12.460000038146973,12.460000038146973,12.460000038146973,3400,0.0,0.0,0.0
2024-05-13 02:10:00+00:00,12.449999809265137,12.449999809265137,12.449999809265137,12.449999809265137,26701,0.0,0.0,0.0
2024-05-13 02:15:00+00:00,12.460000038146973,12.460000038146973,12.4399995803833,12.460000038146973,18266,0.0,0.0,0.0
2024-05-13 02:20:00+00:00,12.449999809265137,12.449999809265137,12.449999809265137,12.449999809265137,1245,0.0,0.0,0.0
2024-05-13 02:30:00+00:00,12.449999809265137,12.449999809265137,12.449999809265137,12.449999809265137,2112,0.0,0.0,0.0
2024-05-13 02:35:00+00:00,12.4399995803833,12.449999809265137,12.4399995803833,12.449999809265137,80018,0.0,0.0,0.0
2024-05-13 02:40:00+00:00,12.449999809265137,12.460000038146973,12.4399995803833,12.4399995803833,23016,0.0,0.0,0.0
2024-05-13 02:45:00+00:00,12.449999809265137,12.470000267028809,12.449999809265137,12.470000267028809,94101,0.0,0.0,0.0
2024-05-13 02:50:00+00:00,12.460000038146973,12.470000267028809,12.449999809265137,12.470000267028809,29504,0.0,0.0,0.0
2024-05-13 02:55:00+00:00,12.460000038146973,12.460000038146973,12.460000038146973,12.460000038146973,1122,0.0,0.0,0.0
2024-05-13 03:00:00+00:00,12.449999809265137,12.449999809265137,12.449999809265137,12.449999809265137,2000,0.0,0.0,0.0
2024-05-13 03:05:00+00:00,12.460000038146973,12.460000038146973,12.460000038146973,12.460000038146973,8649,0.0,0.0,0.0
2024-05-13 03:10:00+00:00,12.460000038146973,12.460000038146973,12.460000038146973,12.460000038146973,1040,0.0,0.0,0.0
2024-05-13 03:15:00+00:00,12.460000038146973,12.460000038146973,12.460000038146973,12.460000038146973,2002,0.0,0.0,0.0
2024-05-13 03:20:00+00:00,12.460000038146973,12.460000038146973,12.430000305175781,12.430000305175781,38118,0.0,0.0,0.0
2024-05-13 03:30:00+00:00,12.4399995803833,12.4399995803833,12.430000305175781,12.430000305175781,26000,0.0,0.0,0.0
2024-05-13 03:35:00+00:00,12.449999809265137,12.460000038146973,12.449999809265137,12.460000038146973,4296,0.0,0.0,0.0
2024-05-13 03:40:00+00:00,12.449999809265137,12.449999809265137,12.4399995803833,12.4399995803833,13450,0.0,0.0,0.0
2024-05-13 03:45:00+00:00,12.449999809265137,12.449999809265137,12.449999809265137,12.449999809265137,4495,0.0,0.0,0.0
2024-05-13 03:50:00+00:00,12.449999809265137,12.449999809265137,12.4399995803833,12.449999809265137,14003,0.0,0.0,0.0
2024-05-13 03:55:00+00:00,12.449999809265137,12.449999809265137,12.449999809265137,12.449999809265137,1159,0.0,0.0,0.0
2024-05-13 04:00:00+00:00,12.449999809265137,12.449999809265137,12.449999809265137,12.449999809265137,1002,0.0,0.0,0.0
2024-05-13 04:05:00+00:00,12.4399995803833,12.449999809265137,12.430000305175781,12.4399995803833,22103,0.0,0.0,0.0
2024-05-13 04:10:00+00:00,12.4399995803833,12.4399995803833,12.4399995803833,12.4399995803833,2000,0.0,0.0,0.0
2024-05-13 04:15:00+00:00,12.420000076293945,12.4399995803833,12.420000076293945,12.4399995803833,13201,0.0,0.0,0.0
2024-05-13 04:20:00+00:00,12.4399995803833,12.4399995803833,12.420000076293945,12.430000305175781,109031,0.0,0.0,0.0
2024-05-13 04:25:00+00:00,12.420000076293945,12.420000076293945,12.420000076293945,12.420000076293945,4452,0.0,0.0,0.0
2024-05-13 04:30:00+00:00,12.430000305175781,12.430000305175781,12.420000076293945,12.420000076293945,9645,0.0,0.0,0.0
2024-05-13 04:35:00+00:00,12.420000076293945,12.430000305175781,12.420000076293945,12.430000305175781,9050,0.0,0.0,0.0
2024-05-13 04:40:00+00:00,12.420000076293945,12.420000076293945,12.420000076293945,12.420000076293945,4680,0.0,0.0,0.0
2024-05-13 04:45:00+00:00,12.420000076293945,12.420000076293945,12.420000076293945,12.420000076293945,28200,0.0,0.0,0.0
2024-05-13 04:50:00+00:00,12.420000076293945,12.430000305175781,12.420000076293945,12.430000305175781,6300,0.0,0.0,0.0
2024-05-13 04:55:00+00:00,12.430000305175781,12.430000305175781,12.430000305175781,12.430000305175781,3436,0.0,0.0,0.0
2024-05-13 05:00:00+00:00,12.420000076293945,12.420000076293945,12.420000076293945,12.420000076293945,44565,0.0,0.0,0.0
2024-05-13 05:05:00+00:00,12.420000076293945,12.420000076293945,12.420000076293945,12.420000076293945,6636,0.0,0.0,0.0
2024-05-13 05:10:00+00:00,12.430000305175781,12.430000305175781,12.430000305175781,12.430000305175781,13500,0.0,0.0,0.0
2024-05-13 05:15:00+00:00,12.430000305175781,12.430000305175781,12.420000076293945,12.420000076293945,52293,0.0,0.0,0.0
2024-05-13 05:20:00+00:00,12.420000076293945,12.420000076293945,12.420000076293945,12.420000076293945,9157,0.0,0.0,0.0
2024-05-14 01:00:00+00:00,12.449999809265137,12.449999809265137,12.449999809265137,12.449999809265137,32000,0.0,0.0,0.0
2024-05-14 01:05:00+00:00,12.460000038146973,12.460000038146973,12.449999809265137,12.449999809265137,92682,0.0,0.0,0.0
2024-05-14 01:10:00+00:00,12.449999809265137,12.449999809265137,12.449999809265137,12.449999809265137,1036,0.0,0.0,0.0
2024-05-14 01:15:00+00:00,12.430000305175781,12.4399995803833,12.420000076293945,12.4399995803833,12277,0.0,0.0,0.0
2024-05-14 01:20:00+00:00,12.4399995803833,12.4399995803833,12.4399995803833,12.4399995803833,21037,0.0,0.0,0.0
2024-05-14 01:25:00+00:00,12.4399995803833,12.4399995803833,12.4399995803833,12.4399995803833,31072,0.0,0.0,0.0
2024-05-14 01:30:00+00:00,12.4399995803833,12.4399995803833,12.430000305175781,12.430000305175781,25475,0.0,0.0,0.0
2024-05-14 01:35:00+00:00,12.430000305175781,12.430000305175781,12.430000305175781,12.430000305175781,9036,0.0,0.0,0.0
2024-05-14 01:40:00+00:00,12.430000305175781,12.430000305175781,12.420000076293945,12.420000076293945,7236,0.0,0.0,0.0
2024-05-14 01:45:00+00:00,12.430000305175781,12.4399995803833,12.430000305175781,12.4399995803833,39676,0.0,0.0,0.0
2024-05-14 01:50:00+00:00,12.449999809265137,12.449999809265137,12.449999809265137,12.449999809265137,46053,0.0,0.0,0.0
2024-05-14 01:55:00+00:00,12.460000038146973,12.460000038146973,12.460000038146973,12.460000038146973,188569,0.0,0.0,0.0
2024-05-14 02:00:00+00:00,12.470000267028809,12.479999542236328,12.470000267028809,12.479999542236328,65081,0.0,0.0,0.0
2024-05-14 02:05:00+00:00,12.470000267028809,12.479999542236328,12.470000267028809,12.470000267028809,7818,0.0,0.0,0.0
2024-05-14 02:15:00+00:00,12.470000267028809,12.479999542236328,12.470000267028809,12.470000267028809,80036,0.0,0.0,0.0
2024-05-14 02:20:00+00:00,12.470000267028809,12.479999542236328,12.470000267028809,12.479999542236328,11702,0.0,0.0,0.0
2024-05-14 02:30:00+00:00,12.470000267028809,12.479999542236328,12.470000267028809,12.479999542236328,24481,0.0,0.0,0.0
2024-05-14 02:45:00+00:00,12.470000267028809,12.479999542236328,12.470000267028809,12.479999542236328,28139,0.0,0.0,0.0
2024-05-14 03:00:00+00:00,12.460000038146973,12.470000267028809,12.460000038146973,12.470000267028809,80209,0.0,0.0,0.0
2024-05-14 03:05:00+00:00,12.479999542236328,12.479999542236328,12.479999542236328,12.479999542236328,1036,0.0,0.0,0.0
2024-05-14 03:10:00+00:00,12.470000267028809,12.470000267028809,12.470000267028809,12.470000267028809,5300,0.0,0.0,0.0
2024-05-14 03:15:00+00:00,12.470000267028809,12.470000267028809,12.470000267028809,12.470000267028809,2428,0.0,0.0,0.0
2024-05-14 03:40:00+00:00,12.470000267028809,12.470000267028809,12.470000267028809,12.470000267028809,5137,0.0,0.0,0.0
2024-05-14 03:45:00+00:00,12.470000267028809,12.470000267028809,12.470000267028809,12.470000267028809,10072,0.0,0.0,0.0
2024-05-14 03:50:00+00:00,12.479999542236328,12.479999542236328,12.479999542236328,12.479999542236328,1037,0.0,0.0,0.0
2024-05-14 03:55:00+00:00,12.470000267028809,12.470000267028809,12.470000267028809,12.470000267028809,9203,0.0,0.0,0.0
2024-05-14 04:00:00+00:00,12.470000267028809,12.470000267028809,12.470000267028809,12.470000267028809,6036,0.0,0.0,0.0
2024-05-14 04:05:00+00:00,12.479999542236328,12.479999542236328,12.479999542236328,12.479999542236328,1262,0.0,0.0,0.0
2024-05-14 04:10:00+00:00,12.479999542236328,12.479999542236328,12.479999542236328,12.479999542236328,2036,0.0,0.0,0.0
2024-05-14 04:15:00+00:00,12.479999542236328,12.479999542236328,12.479999542236328,12.479999542236328,30036,0.0,0.0,0.0
2024-05-14 04:20:00+00:00,12.479999542236328,12.479999542236328,12.479999542236328,12.479999542236328,84261,0.0,0.0,0.0
2024-05-14 04:25:00+00:00,12.470000267028809,12.479999542236328,12.470000267028809,12.479999542236328,15173,0.0,0.0,0.0
2024-05-14 04:30:00+00:00,12.479999542236328,12.489999771118164,12.479999542236328,12.489999771118164,44328,0.0,0.0,0.0
2024-05-14 04:35:00+00:00,12.5,12.5,12.5,12.5,15300,0.0,0.0,0.0
2024-05-14 04:40:00+00:00,12.489999771118164,12.489999771118164,12.479999542236328,12.489999771118164,12180,0.0,0.0,0.0
2024-05-14 04:45:00+00:00,12.489999771118164,12.489999771118164,12.489999771118164,12.489999771118164,3156,0.0,0.0,0.0
2024-05-14 04:50:00+00:00,12.5,12.5,12.5,12.5,134202,0.0,0.0,0.0
2024-05-14 04:55:00+00:00,12.5,12.5,12.5,12.5,3236,0.0,0.0,0.0
2024-05-14 05:00:00+00:00,12.510000228881836,12.510000228881836,12.510000228881836,12.510000228881836,4121,0.0,0.0,0.0
2024-05-14 05:05:00+00:00,12.510000228881836,12.510000228881836,12.510000228881836,12.510000228881836,16036,0.0,0.0,0.0
2024-05-14 05:10:00+00:00,12.510000228881836,12.510000228881836,12.510000228881836,12.510000228881836,11076,0.0,0.0,0.0
2024-05-14 05:15:00+00:00,12.510000228881836,12.520000457763672,12.510000228881836,12.520000457763672,107583,0.0,0.0,0.0
2024-05-14 05:20:00+00:00,12.520000457763672,12.529999732971191,12.520000457763672,12.529999732971191,23542,0.0,0.0,0.0
2024-05-15 01:00:00+00:00,12.600000381469727,12.640000343322754,12.600000381469727,12.640000343322754,133000,0.0,0.0,0.0
2024-05-15 01:05:00+00:00,12.630000114440918,12.640000343322754,12.630000114440918,12.640000343322754,111985,0.0,0.0,0.0
2024-05-15 01:10:00+00:00,12.640000343322754,12.65999984741211,12.640000343322754,12.65999984741211,177429,0.0,0.0,0.0
2024-05-15 01:15:00+00:00,12.65999984741211,12.670000076293945,12.649999618530273,12.65999984741211,41565,0.0,0.0,0.0
2024-05-15 01:20:00+00:00,12.65999984741211,12.65999984741211,12.649999618530273,12.649999618530273,15391,0.0,0.0,0.0
2024-05-15 01:25:00+00:00,12.649999618530273,12.65999984741211,12.649999618530273,12.65999984741211,23927,0.0,0.0,0.0
2024-05-15 01:30:00+00:00,12.65999984741211,12.65999984741211,12.649999618530273,12.65999984741211,25981,0.0,0.0,0.0
2024-05-15 01:35:00+00:00,12.649999618530273,12.649999618530273,12.649999618530273,12.649999618530273,19700,0.0,0.0,0.0
2024-05-15 01:40:00+00:00,12.649999618530273,12.649999618530273,12.649999618530273,12.649999618530273,26744,0.0,0.0,0.0
2024-05-15 01:45:00+00:00,12.649999618530273,12.670000076293945,12.649999618530273,12.670000076293945,155517,0.0,0.0,0.0
2024-05-15 01:50:00+00:00,12.670000076293945,12.6899995803833,12.65999984741211,12.680000305175781,61458,0.0,0.0,0.0
2024-05-15 01:55:00+00:00,12.699999809265137,12.710000038146973,12.699999809265137,12.710000038146973,157500,0.0,0.0,0.0
2024-05-15 02:00:00+00:00,12.699999809265137,12.720000267028809,12.699999809265137,12.720000267028809,66815,0.0,0.0,0.0
2024-05-15 02:05:00+00:00,12.720000267028809,12.720000267028809,12.720000267028809,12.720000267028809,4781,0.0,0.0,0.0
2024-05-15 02:10:00+00:00,12.710000038146973,12.710000038146973,12.699999809265137,12.699999809265137,6035,0.0,0.0,0.0
2024-05-15 02:15:00+00:00,12.699999809265137,12.720000267028809,12.6899995803833,12.710000038146973,174152,0.0,0.0,0.0
2024-05-15 02:20:00+00:00,12.710000038146973,12.729999542236328,12.710000038146973,12.729999542236328,130068,0.0,0.0,0.0
2024-05-15 02:25:00+00:00,12.729999542236328,12.739999771118164,12.720000267028809,12.729999542236328,37481,0.0,0.0,0.0
2024-05-15 02:30:00+00:00,12.739999771118164,12.75,12.729999542236328,12.75,99600,0.0,0.0,0.0
2024-05-15 02:35:00+00:00,12.739999771118164,12.739999771118164,12.729999542236328,12.729999542236328,10017,0.0,0.0,0.0
2024-05-15 02:40:00+00:00,12.729999542236328,12.729999542236328,12.729999542236328,12.729999542236328,7140,0.0,0.0,0.0
2024-05-15 02:45:00+00:00,12.729999542236328,12.729999542236328,12.720000267028809,12.720000267028809,101052,0.0,0.0,0.0
2024-05-15 02:50:00+00:00,12.710000038146973,12.710000038146973,12.699999809265137,12.699999809265137,76302,0.0,0.0,0.0
2024-05-15 02:55:00+00:00,12.699999809265137,12.699999809265137,12.699999809265137,12.699999809265137,12147,0.0,0.0,0.0
2024-05-15 03:00:00+00:00,12.699999809265137,12.699999809265137,12.699999809265137,12.699999809265137,6034,0.0,0.0,0.0
2024-05-15 03:05:00+00:00,12.699999809265137,12.699999809265137,12.6899995803833,12.6899995803833,6017,0.0,0.0,0.0
2024-05-15 03:10:00+00:00,12.6899995803833,12.710000038146973,12.6899995803833,12.710000038146973,72795,0.0,0.0,0.0
2024-05-15 03:15:00+00:00,12.710000038146973,12.710000038146973,12.710000038146973,12.710000038146973,10000,0.0,0.0,0.0
2024-05-15 03:20:00+00:00,12.720000267028809,12.720000267028809,12.720000267028809,12.720000267028809,10034,0.0,0.0,0.0
2024-05-15 03:25:00+00:00,12.720000267028809,12.720000267028809,12.720000267028809,12.720000267028809,2979,0.0,0.0,0.0
2024-05-15 03:30:00+00:00,12.710000038146973,12.710000038146973,12.710000038146973,12.710000038146973,6465,0.0,0.0,0.0
2024-05-15 03:35:00+00:00,12.710000038146973,12.710000038146973,12.710000038146973,12.710000038146973,2000,0.0,0.0,0.0
2024-05-15 03:40:00+00:00,12.699999809265137,12.710000038146973,12.699999809265137,12.710000038146973,12070,0.0,0.0,0.0
2024-05-15 03:45:00+00:00,12.699999809265137,12.699999809265137,12.699999809265137,12.699999809265137,2002,0.0,0.0,0.0
2024-05-15 03:50:00+00:00,12.6899995803833,12.6899995803833,12.680000305175781,12.680000305175781,36034,0.0,0.0,0.0
2024-05-15 03:55:00+00:00,12.680000305175781,12.6899995803833,12.680000305175781,12.6899995803833,6000,0.0,0.0,0.0
2024-05-15 04:00:00+00:00,12.6899995803833,12.710000038146973,12.6899995803833,12.710000038146973,7051,0.0,0.0,0.0
2024-05-15 04:10:00+00:00,12.699999809265137,12.699999809265137,12.699999809265137,12.699999809265137,2034,0.0,0.0,0.0
2024-05-15 04:15:00+00:00,12.710000038146973,12.710000038146973,12.710000038146973,12.710000038146973,4140,0.0,0.0,0.0
2024-05-15 04:20:00+00:00,12.699999809265137,12.699999809265137,12.6899995803833,12.6899995803833,11122,0.0,0.0,0.0
2024-05-15 04:25:00+00:00,12.6899995803833,12.6899995803833,12.6899995803833,12.6899995803833,22034,0.0,0.0,0.0
2024-05-15 04:30:00+00:00,12.699999809265137,12.699999809265137,12.65999984741211,12.65999984741211,31031,0.0,0.0,0.0
2024-05-15 04:35:00+00:00,12.65999984741211,12.65999984741211,12.65999984741211,12.65999984741211,12760,0.0,0.0,0.0
2024-05-15 04:40:00+00:00,12.649999618530273,12.649999618530273,12.649999618530273,12.649999618530273,40177,0.0,0.0,0.0
2024-05-15 04:45:00+00:00,12.649999618530273,12.649999618530273,12.649999618530273,12.649999618530273,1987,0.0,0.0,0.0
2024-05-15 04:50:00+00:00,12.649999618530273,12.649999618530273,12.649999618530273,12.649999618530273,15550,0.0,0.0,0.0
2024-05-15 05:00:00+00:00,12.640000343322754,12.640000343322754,12.640000343322754,12.640000343322754,19227,0.0,0.0,0.0
2024-05-15 05:05:00+00:00,12.640000343322754,12.640000343322754,12.640000343322754,12.640000343322754,6040,0.0,0.0,0.0
2024-05-15 05:10:00+00:00,12.640000343322754,12.640000343322754,12.640000343322754,12.640000343322754,18151,0.0,0.0,0.0
2024-05-15 05:15:00+00:00,12.640000343322754,12.640000343322754,12.619999885559082,12.619999885559082,55043,0.0,0.0,0.0
2024-05-15 05:20:00+00:00,12.619999885559082,12.619999885559082,12.619999885559082,12.619999885559082,22280,0.0,0.0,0.0
2024-05-16 01:00:00+00:00,12.75,12.829999923706055,12.75,12.829999923706055,258000,0.0,0.0,0.0
2024-05-16 01:05:00+00:00,12.829999923706055,12.829999923706055,12.8100004196167,12.8100004196167,233785,0.0,0.0,0.0
2024-05-16 01:10:00+00:00,12.8100004196167,12.819999694824219,12.800000190734863,12.8100004196167,45568,0.0,0.0,0.0
2024-05-16 01:15:00+00:00,12.8100004196167,12.8100004196167,12.800000190734863,12.8100004196167,88119,0.0,0.0,0.0
2024-05-16 01:20:00+00:00,12.8100004196167,12.819999694824219,12.8100004196167,12.819999694824219,46097,0.0,0.0,0.0
2024-05-16 01:25:00+00:00,12.819999694824219,12.829999923706055,12.819999694824219,12.819999694824219,105726,0.0,0.0,0.0
2024-05-16 01:30:00+00:00,12.819999694824219,12.829999923706055,12.819999694824219,12.819999694824219,38462,0.0,0.0,0.0
2024-05-16 01:35:00+00:00,12.819999694824219,12.84000015258789,12.819999694824219,12.84000015258789,67995,0.0,0.0,0.0
2024-05-16 01:40:00+00:00,12.84000015258789,12.850000381469727,12.84000015258789,12.850000381469727,34320,0.0,0.0,0.0
2024-05-16 01:45:00+00:00,12.850000381469727,12.850000381469727,12.84000015258789,12.850000381469727,48705,0.0,0.0,0.0
2024-05-16 01:50:00+00:00,12.829999923706055,12.829999923706055,12.8100004196167,12.8100004196167,29020,0.0,0.0,0.0
2024-05-16 01:55:00+00:00,12.829999923706055,12.829999923706055,12.8100004196167,12.8100004196167,28119,0.0,0.0,0.0
2024-05-16 02:00:00+00:00,12.819999694824219,12.819999694824219,12.789999961853027,12.789999961853027,224702,0.0,0.0,0.0
2024-05-16 02:05:00+00:00,12.779999732971191,12.779999732971191,12.75,12.75,54878,0.0,0.0,0.0
2024-05-16 02:10:00+00:00,12.770000457763672,12.770000457763672,12.75,12.770000457763672,31040,0.0,0.0,0.0
2024-05-16 02:15:00+00:00,12.760000228881836,12.760000228881836,12.75,12.760000228881836,27088,0.0,0.0,0.0
2024-05-16 02:20:00+00:00,12.760000228881836,12.760000228881836,12.760000228881836,12.760000228881836,5219,0.0,0.0,0.0
2024-05-16 02:25:00+00:00,12.75,12.75,12.75,12.75,5000,0.0,0.0,0.0
2024-05-16 02:30:00+00:00,12.760000228881836,12.760000228881836,12.75,12.75,26100,0.0,0.0,0.0
2024-05-16 02:35:00+00:00,12.760000228881836,12.760000228881836,12.75,12.75,52069,0.0,0.0,0.0
2024-05-16 02:40:00+00:00,12.770000457763672,12.779999732971191,12.770000457763672,12.770000457763672,7100,0.0,0.0,0.0
2024-05-16 02:45:00+00:00,12.779999732971191,12.779999732971191,12.760000228881836,12.760000228881836,10324,0.0,0.0,0.0
2024-05-16 02:50:00+00:00,12.760000228881836,12.760000228881836,12.75,12.75,2000,0.0,0.0,0.0
2024-05-16 02:55:00+00:00,12.75,12.75,12.75,12.75,12519,0.0,0.0,0.0
2024-05-16 03:00:00+00:00,12.760000228881836,12.760000228881836,12.760000228881836,12.760000228881836,27057,0.0,0.0,0.0
2024-05-16 03:05:00+00:00,12.75,12.75,12.75,12.75,11030,0.0,0.0,0.0
2024-05-16 03:10:00+00:00,12.760000228881836,12.760000228881836,12.729999542236328,12.729999542236328,309219,0.0,0.0,0.0
2024-05-16 03:15:00+00:00,12.75,12.75,12.729999542236328,12.729999542236328,24524,0.0,0.0,0.0
2024-05-16 03:20:00+00:00,12.729999542236328,12.729999542236328,12.720000267028809,12.729999542236328,20518,0.0,0.0,0.0
2024-05-16 03:25:00+00:00,12.729999542236328,12.729999542236328,12.729999542236328,12.729999542236328,2020,0.0,0.0,0.0
2024-05-16 03:30:00+00:00,12.729999542236328,12.729999542236328,12.720000267028809,12.720000267028809,12678,0.0,0.0,0.0
2024-05-16 03:35:00+00:00,12.720000267028809,12.720000267028809,12.720000267028809,12.720000267028809,2020,0.0,0.0,0.0
2024-05-16 03:40:00+00:00,12.720000267028809,12.729999542236328,12.720000267028809,12.720000267028809,18401,0.0,0.0,0.0
2024-05-16 03:45:00+00:00,12.710000038146973,12.710000038146973,12.699999809265137,12.699999809265137,53469,0.0,0.0,0.0
2024-05-16 03:50:00+00:00,12.699999809265137,12.699999809265137,12.680000305175781,12.680000305175781,37239,0.0,0.0,0.0
2024-05-16 03:55:00+00:00,12.6899995803833,12.6899995803833,12.680000305175781,12.680000305175781,5199,0.0,0.0,0.0
2024-05-16 04:00:00+00:00,12.680000305175781,12.680000305175781,12.680000305175781,12.680000305175781,11489,0.0,0.0,0.0
2024-05-16 04:05:00+00:00,12.680000305175781,12.699999809265137,12.680000305175781,12.699999809265137,35020,0.0,0.0,0.0
2024-05-16 04:10:00+00:00,12.710000038146973,12.710000038146973,12.710000038146973,12.710000038146973,5019,0.0,0.0,0.0
2024-05-16 04:15:00+00:00,12.729999542236328,12.729999542236328,12.720000267028809,12.720000267028809,10020,0.0,0.0,0.0
2024-05-16 04:20:00+00:00,12.710000038146973,12.710000038146973,12.710000038146973,12.710000038146973,27119,0.0,0.0,0.0
2024-05-16 04:25:00+00:00,12.710000038146973,12.710000038146973,12.710000038146973,12.710000038146973,10243,0.0,0.0,0.0
2024-05-16 04:30:00+00:00,12.729999542236328,12.729999542236328,12.729999542236328,12.729999542236328,1297,0.0,0.0,0.0
2024-05-16 04:35:00+00:00,12.710000038146973,12.720000267028809,12.710000038146973,12.720000267028809,10458,0.0,0.0,0.0
2024-05-16 04:40:00+00:00,12.720000267028809,12.720000267028809,12.720000267028809,12.720000267028809,35000,0.0,0.0,0.0
2024-05-16 04:45:00+00:00,12.720000267028809,12.720000267028809,12.710000038146973,12.710000038146973,11071,0.0,0.0,0.0
2024-05-16 04:50:00+00:00,12.710000038146973,12.710000038146973,12.710000038146973,12.710000038146973,11050,0.0,0.0,0.0
2024-05-16 04:55:00+00:00,12.710000038146973,12.710000038146973,12.710000038146973,12.710000038146973,8902,0.0,0.0,0.0
2024-05-16 05:00:00+00:00,12.699999809265137,12.699999809265137,12.6899995803833,12.6899995803833,17200,0.0,0.0,0.0
2024-05-16 05:05:00+00:00,12.6899995803833,12.6899995803833,12.6899995803833,12.6899995803833,6100,0.0,0.0,0.0
2024-05-16 05:10:00+00:00,12.6899995803833,12.6899995803833,12.6899995803833,12.6899995803833,39082,0.0,0.0,0.0
2024-05-16 05:20:00+00:00,12.6899995803833,12.699999809265137,12.6899995803833,12.6899995803833,18020,0.0,0.0,0.0
2024-05-17 01:00:00+00:00,12.710000038146973,12.710000038146973,12.6899995803833,12.6899995803833,0,0.0,0.0,0.0
2024-05-17 01:05:00+00:00,12.699999809265137,12.720000267028809,12.6899995803833,12.720000267028809,115000,0.0,0.0,0.0
2024-05-17 01:10:00+00:00,12.720000267028809,12.720000267028809,12.680000305175781,12.6899995803833,26806,0.0,0.0,0.0
2024-05-17 01:15:00+00:00,12.680000305175781,12.6899995803833,12.680000305175781,12.6899995803833,16767,0.0,0.0,0.0
2024-05-17 01:20:00+00:00,12.680000305175781,12.680000305175781,12.670000076293945,12.670000076293945,10510,0.0,0.0,0.0
2024-05-17 01:25:00+00:00,12.6899995803833,12.699999809265137,12.6899995803833,12.699999809265137,44338,0.0,0.0,0.0
2024-05-17 01:30:00+00:00,12.699999809265137,12.699999809265137,12.699999809265137,12.699999809265137,129689,0.0,0.0,0.0
2024-05-17 01:35:00+00:00,12.699999809265137,12.729999542236328,12.699999809265137,12.729999542236328,110129,0.0,0.0,0.0
2024-05-17 01:40:00+00:00,12.729999542236328,12.729999542236328,12.729999542236328,12.729999542236328,10010,0.0,0.0,0.0
2024-05-17 01:45:00+00:00,12.720000267028809,12.720000267028809,12.710000038146973,12.710000038146973,10109,0.0,0.0,0.0
2024-05-17 01:50:00+00:00,12.710000038146973,12.710000038146973,12.710000038146973,12.710000038146973,1110,0.0,0.0,0.0
2024-05-17 01:55:00+00:00,12.710000038146973,12.710000038146973,12.710000038146973,12.710000038146973,5600,0.0,0.0,0.0
2024-05-17 02:00:00+00:00,12.710000038146973,12.710000038146973,12.710000038146973,12.710000038146973,3152,0.0,0.0,0.0
2024-05-17 02:05:00+00:00,12.710000038146973,12.710000038146973,12.710000038146973,12.710000038146973,2409,0.0,0.0,0.0
2024-05-17 02:10:00+00:00,12.710000038146973,12.720000267028809,12.710000038146973,12.720000267028809,22067,0.0,0.0,0.0
2024-05-17 02:15:00+00:00,12.720000267028809,12.720000267028809,12.720000267028809,12.720000267028809,1850,0.0,0.0,0.0
2024-05-17 02:25:00+00:00,12.710000038146973,12.710000038146973,12.710000038146973,12.710000038146973,12009,0.0,0.0,0.0
2024-05-17 02:30:00+00:00,12.699999809265137,12.699999809265137,12.6899995803833,12.6899995803833,85085,0.0,0.0,0.0
2024-05-17 02:35:00+00:00,12.6899995803833,12.6899995803833,12.6899995803833,12.6899995803833,4346,0.0,0.0,0.0
2024-05-17 02:40:00+00:00,12.6899995803833,12.699999809265137,12.6899995803833,12.699999809265137,2722,0.0,0.0,0.0
2024-05-17 02:45:00+00:00,12.699999809265137,12.699999809265137,12.699999809265137,12.699999809265137,1025,0.0,0.0,0.0
2024-05-17 02:50:00+00:00,12.699999809265137,12.699999809265137,12.6899995803833,12.6899995803833,5013,0.0,0.0,0.0
2024-05-17 02:55:00+00:00,12.6899995803833,12.6899995803833,12.6899995803833,12.6899995803833,1010,0.0,0.0,0.0
2024-05-17 03:00:00+00:00,12.6899995803833,12.6899995803833,12.680000305175781,12.680000305175781,25036,0.0,0.0,0.0
2024-05-17 03:05:00+00:00,12.6899995803833,12.6899995803833,12.680000305175781,12.680000305175781,10619,0.0,0.0,0.0
2024-05-17 03:10:00+00:00,12.680000305175781,12.680000305175781,12.670000076293945,12.670000076293945,24710,0.0,0.0,0.0
2024-05-17 03:15:00+00:00,12.65999984741211,12.670000076293945,12.65999984741211,12.670000076293945,18205,0.0,0.0,0.0
2024-05-17 03:20:00+00:00,12.670000076293945,12.670000076293945,12.670000076293945,12.670000076293945,25169,0.0,0.0,0.0
2024-05-17 03:25:00+00:00,12.680000305175781,12.680000305175781,12.670000076293945,12.670000076293945,115129,0.0,0.0,0.0
2024-05-17 03:35:00+00:00,12.670000076293945,12.670000076293945,12.670000076293945,12.670000076293945,8060,0.0,0.0,0.0
2024-05-17 03:40:00+00:00,12.670000076293945,12.6899995803833,12.670000076293945,12.6899995803833,15019,0.0,0.0,0.0
2024-05-17 03:45:00+00:00,12.670000076293945,12.670000076293945,12.670000076293945,12.670000076293945,1295,0.0,0.0,0.0
2024-05-17 03:50:00+00:00,12.670000076293945,12.670000076293945,12.670000076293945,12.670000076293945,5000,0.0,0.0,0.0
2024-05-17 03:55:00+00:00,12.680000305175781,12.680000305175781,12.680000305175781,12.680000305175781,7020,0.0,0.0,0.0
2024-05-17 04:00:00+00:00,12.680000305175781,12.680000305175781,12.680000305175781,12.680000305175781,6093,0.0,0.0,0.0
2024-05-17 04:05:00+00:00,12.680000305175781,12.680000305175781,12.670000076293945,12.670000076293945,7087,0.0,0.0,0.0
2024-05-17 04:10:00+00:00,12.680000305175781,12.6899995803833,12.680000305175781,12.6899995803833,17009,0.0,0.0,0.0
2024-05-17 04:15:00+00:00,12.6899995803833,12.6899995803833,12.6899995803833,12.6899995803833,2345,0.0,0.0,0.0
2024-05-17 04:20:00+00:00,12.6899995803833,12.6899995803833,12.680000305175781,12.680000305175781,4338,0.0,0.0,0.0
2024-05-17 04:25:00+00:00,12.680000305175781,12.680000305175781,12.680000305175781,12.680000305175781,4317,0.0,0.0,0.0
2024-05-17 04:30:00+00:00,12.6899995803833,12.6899995803833,12.6899995803833,12.6899995803833,1010,0.0,0.0,0.0
2024-05-17 04:35:00+00:00,12.680000305175781,12.680000305175781,12.680000305175781,12.680000305175781,1052,0.0,0.0,0.0
2024-05-17 04:40:00+00:00,12.680000305175781,12.680000305175781,12.680000305175781,12.680000305175781,2000,0.0,0.0,0.0
2024-05-17 04:45:00+00:00,12.680000305175781,12.680000305175781,12.680000305175781,12.680000305175781,1298,0.0,0.0,0.0
2024-05-17 04:50:00+00:00,12.680000305175781,12.680000305175781,12.680000305175781,12.680000305175781,32950,0.0,0.0,0.0
2024-05-17 04:55:00+00:00,12.680000305175781,12.680000305175781,12.670000076293945,12.670000076293945,3131,0.0,0.0,0.0
2024-05-17 05:00:00+00:00,12.680000305175781,12.680000305175781,12.680000305175781,12.680000305175781,6230,0.0,0.0,0.0
2024-05-17 05:05:00+00:00,12.6899995803833,12.699999809265137,12.6899995803833,12.699999809265137,6131,0.0,0.0,0.0
2024-05-17 05:15:00+00:00,12.699999809265137,12.699999809265137,12.6899995803833,12.6899995803833,24231,0.0,0.0,0.0
2024-05-17 05:20:00+00:00,12.6899995803833,12.699999809265137,12.6899995803833,12.699999809265137,13777,0.0,0.0,0.0
2024-05-20 01:00:00+00:00,12.6899995803833,12.739999771118164,12.6899995803833,12.729999542236328,0,0.0,0.0,0.0
2024-05-20 01:05:00+00:00,12.729999542236328,12.729999542236328,12.699999809265137,12.699999809265137,40528,0.0,0.0,0.0
2024-05-20 01:10:00+00:00,12.699999809265137,12.699999809265137,12.699999809265137,12.699999809265137,32307,0.0,0.0,0.0
2024-05-20 01:15:00+00:00,12.710000038146973,12.710000038146973,12.6899995803833,12.6899995803833,144595,0.0,0.0,0.0
2024-05-20 01:20:00+00:00,12.699999809265137,12.720000267028809,12.699999809265137,12.720000267028809,42913,0.0,0.0,0.0
2024-05-20 01:25:00+00:00,12.710000038146973,12.710000038146973,12.710000038146973,12.710000038146973,5000,0.0,0.0,0.0
2024-05-20 01:30:00+00:00,12.710000038146973,12.710000038146973,12.699999809265137,12.699999809265137,14637,0.0,0.0,0.0
2024-05-20 01:35:00+00:00,12.699999809265137,12.699999809265137,12.680000305175781,12.699999809265137,41237,0.0,0.0,0.0
2024-05-20 01:40:00+00:00,12.699999809265137,12.699999809265137,12.699999809265137,12.699999809265137,1006,0.0,0.0,0.0
2024-05-20 01:45:00+00:00,12.699999809265137,12.699999809265137,12.699999809265137,12.699999809265137,2372,0.0,0.0,0.0
2024-05-20 01:50:00+00:00,12.699999809265137,12.699999809265137,12.699999809265137,12.699999809265137,3163,0.0,0.0,0.0
2024-05-20 01:55:00+00:00,12.699999809265137,12.699999809265137,12.6899995803833,12.6899995803833,24006,0.0,0.0,0.0
2024-05-20 02:00:00+00:00,12.6899995803833,12.6899995803833,12.6899995803833,12.6899995803833,14324,0.0,0.0,0.0
2024-05-20 02:05:00+00:00,12.699999809265137,12.699999809265137,12.699999809265137,12.699999809265137,89094,0.0,0.0,0.0
2024-05-20 02:10:00+00:00,12.6899995803833,12.699999809265137,12.6899995803833,12.699999809265137,2047,0.0,0.0,0.0
2024-05-20 02:15:00+00:00,12.699999809265137,12.699999809265137,12.699999809265137,12.699999809265137,12106,0.0,0.0,0.0
2024-05-20 02:20:00+00:00,12.699999809265137,12.699999809265137,12.6899995803833,12.6899995803833,8097,0.0,0.0,0.0
2024-05-20 02:25:00+00:00,12.6899995803833,12.699999809265137,12.6899995803833,12.699999809265137,47007,0.0,0.0,0.0
2024-05-20 02:30:00+00:00,12.699999809265137,12.699999809265137,12.699999809265137,12.699999809265137,1708,0.0,0.0,0.0
2024-05-20 02:35:00+00:00,12.699999809265137,12.699999809265137,12.699999809265137,12.699999809265137,4006,0.0,0.0,0.0
2024-05-20 02:40:00+00:00,12.699999809265137,12.710000038146973,12.699999809265137,12.710000038146973,64057,0.0,0.0,0.0
2024-05-20 02:45:00+00:00,12.720000267028809,12.720000267028809,12.699999809265137,12.699999809265137,11128,0.0,0.0,0.0
2024-05-20 02:50:00+00:00,12.720000267028809,12.720000267028809,12.720000267028809,12.720000267028809,2007,0.0,0.0,0.0
2024-05-20 03:00:00+00:00,12.720000267028809,12.720000267028809,12.710000038146973,12.710000038146973,11206,0.0,0.0,0.0
2024-05-20 03:05:00+00:00,12.710000038146973,12.710000038146973,12.699999809265137,12.699999809265137,101326,0.0,0.0,0.0
2024-05-20 03:10:00+00:00,12.699999809265137,12.699999809265137,12.699999809265137,12.699999809265137,1006,0.0,0.0,0.0
2024-05-20 03:15:00+00:00,12.720000267028809,12.720000267028809,12.710000038146973,12.710000038146973,21027,0.0,0.0,0.0
2024-05-20 03:25:00+00:00,12.710000038146973,12.710000038146973,12.699999809265137,12.699999809265137,7545,0.0,0.0,0.0
2024-05-20 03:30:00+00:00,12.699999809265137,12.699999809265137,12.6899995803833,12.699999809265137,30143,0.0,0.0,0.0
2024-05-20 03:35:00+00:00,12.680000305175781,12.680000305175781,12.619999885559082,12.619999885559082,269141,0.0,0.0,0.0
2024-05-20 03:40:00+00:00,12.619999885559082,12.640000343322754,12.619999885559082,12.640000343322754,58113,0.0,0.0,0.0
2024-05-20 03:45:00+00:00,12.630000114440918,12.640000343322754,12.59000015258789,12.59000015258789,164474,0.0,0.0,0.0
2024-05-20 03:50:00+00:00,12.59000015258789,12.619999885559082,12.579999923706055,12.619999885559082,9324,0.0,0.0,0.0
2024-05-20 03:55:00+00:00,12.640000343322754,12.640000343322754,12.640000343322754,12.640000343322754,8582,0.0,0.0,0.0
2024-05-20 04:00:00+00:00,12.640000343322754,12.649999618530273,12.640000343322754,12.649999618530273,12032,0.0,0.0,0.0
2024-05-20 04:05:00+00:00,12.65999984741211,12.65999984741211,12.65999984741211,12.65999984741211,10342,0.0,0.0,0.0
2024-05-20 04:10:00+00:00,12.649999618530273,12.670000076293945,12.649999618530273,12.670000076293945,8007,0.0,0.0,0.0
2024-05-20 04:15:00+00:00,12.670000076293945,12.670000076293945,12.65999984741211,12.65999984741211,4220,0.0,0.0,0.0
2024-05-20 04:20:00+00:00,12.65999984741211,12.65999984741211,12.649999618530273,12.649999618530273,9536,0.0,0.0,0.0
2024-05-20 04:25:00+00:00,12.65999984741211,12.65999984741211,12.65999984741211,12.65999984741211,3650,0.0,0.0,0.0
2024-05-20 04:30:00+00:00,12.649999618530273,12.649999618530273,12.649999618530273,12.649999618530273,36342,0.0,0.0,0.0
2024-05-20 04:35:00+00:00,12.649999618530273,12.649999618530273,12.640000343322754,12.640000343322754,25000,0.0,0.0,0.0
2024-05-20 04:40:00+00:00,12.630000114440918,12.630000114440918,12.619999885559082,12.619999885559082,11496,0.0,0.0,0.0
2024-05-20 04:45:00+00:00,12.619999885559082,12.630000114440918,12.619999885559082,12.630000114440918,33003,0.0,0.0,0.0
2024-05-20 04:50:00+00:00,12.630000114440918,12.640000343322754,12.630000114440918,12.640000343322754,11000,0.0,0.0,0.0
2024-05-20 04:55:00+00:00,12.640000343322754,12.640000343322754,12.640000343322754,12.640000343322754,1116,0.0,0.0,0.0
2024-05-20 05:00:00+00:00,12.640000343322754,12.670000076293945,12.640000343322754,12.670000076293945,145000,0.0,0.0,0.0
2024-05-20 05:05:00+00:00,12.65999984741211,12.65999984741211,12.65999984741211,12.65999984741211,4416,0.0,0.0,0.0
2024-05-20 05:10:00+00:00,12.6899995803833,12.6899995803833,12.6899995803833,12.6899995803833,2117,0.0,0.0,0.0
2024-05-20 05:15:00+00:00,12.6899995803833,12.6899995803833,12.6899995803833,12.6899995803833,16275,0.0,0.0,0.0
2024-05-20 05:20:00+00:00,12.6899995803833,12.6899995803833,12.65999984741211,12.65999984741211,14617,0.0,0.0,0.0
2024-05-21 01:00:00+00:00,12.680000305175781,12.699999809265137,12.670000076293945,12.699999809265137,0,0.0,0.0,0.0
2024-05-21 01:05:00+00:00,12.699999809265137,12.710000038146973,12.699999809265137,12.710000038146973,15301,0.0,0.0,0.0
2024-05-21 01:10:00+00:00,12.710000038146973,12.720000267028809,12.710000038146973,12.710000038146973,54182,0.0,0.0,0.0
2024-05-21 01:15:00+00:00,12.699999809265137,12.699999809265137,12.699999809265137,12.699999809265137,56111,0.0,0.0,0.0
2024-05-21 01:20:00+00:00,12.699999809265137,12.699999809265137,12.699999809265137,12.699999809265137,33199,0.0,0.0,0.0
2024-05-21 01:25:00+00:00,12.699999809265137,12.699999809265137,12.6899995803833,12.6899995803833,104490,0.0,0.0,0.0
2024-05-21 01:30:00+00:00,12.6899995803833,12.6899995803833,12.680000305175781,12.680000305175781,20622,0.0,0.0,0.0
2024-05-21 01:35:00+00:00,12.680000305175781,12.680000305175781,12.680000305175781,12.680000305175781,120652,0.0,0.0,0.0
2024-05-21 01:45:00+00:00,12.680000305175781,12.680000305175781,12.680000305175781,12.680000305175781,4200,0.0,0.0,0.0
2024-05-21 01:50:00+00:00,12.680000305175781,12.680000305175781,12.670000076293945,12.670000076293945,63142,0.0,0.0,0.0
2024-05-21 01:55:00+00:00,12.65999984741211,12.65999984741211,12.640000343322754,12.640000343322754,26889,0.0,0.0,0.0
2024-05-21 02:00:00+00:00,12.640000343322754,12.640000343322754,12.640000343322754,12.640000343322754,32101,0.0,0.0,0.0
2024-05-21 02:05:00+00:00,12.640000343322754,12.65999984741211,12.630000114440918,12.65999984741211,6028,0.0,0.0,0.0
2024-05-21 02:10:00+00:00,12.65999984741211,12.670000076293945,12.65999984741211,12.65999984741211,5383,0.0,0.0,0.0
2024-05-21 02:15:00+00:00,12.65999984741211,12.65999984741211,12.649999618530273,12.65999984741211,14111,0.0,0.0,0.0
2024-05-21 02:20:00+00:00,12.670000076293945,12.680000305175781,12.670000076293945,12.680000305175781,12101,0.0,0.0,0.0
2024-05-21 02:25:00+00:00,12.680000305175781,12.6899995803833,12.680000305175781,12.6899995803833,33903,0.0,0.0,0.0
2024-05-21 02:30:00+00:00,12.699999809265137,12.699999809265137,12.699999809265137,12.699999809265137,5000,0.0,0.0,0.0
2024-05-21 02:35:00+00:00,12.6899995803833,12.6899995803833,12.6899995803833,12.6899995803833,6173,0.0,0.0,0.0
2024-05-21 02:40:00+00:00,12.6899995803833,12.699999809265137,12.6899995803833,12.6899995803833,4001,0.0,0.0,0.0
2024-05-21 02:45:00+00:00,12.680000305175781,12.680000305175781,12.680000305175781,12.680000305175781,5001,0.0,0.0,0.0
2024-05-21 02:50:00+00:00,12.6899995803833,12.6899995803833,12.6899995803833,12.6899995803833,30104,0.0,0.0,0.0
2024-05-21 02:55:00+00:00,12.6899995803833,12.6899995803833,12.670000076293945,12.670000076293945,2001,0.0,0.0,0.0
2024-05-21 03:00:00+00:00,12.6899995803833,12.6899995803833,12.6899995803833,12.6899995803833,5000,0.0,0.0,0.0
2024-05-21 03:05:00+00:00,12.6899995803833,12.6899995803833,12.6899995803833,12.6899995803833,3001,0.0,0.0,0.0
2024-05-21 03:10:00+00:00,12.6899995803833,12.6899995803833,12.6899995803833,12.6899995803833,101030,0.0,0.0,0.0
2024-05-21 03:15:00+00:00,12.699999809265137,12.699999809265137,12.699999809265137,12.699999809265137,1150,0.0,0.0,0.0
2024-05-21 03:20:00+00:00,12.6899995803833,12.6899995803833,12.6899995803833,12.6899995803833,1001,0.0,0.0,0.0
2024-05-21 03:25:00+00:00,12.699999809265137,12.699999809265137,12.699999809265137,12.699999809265137,1070,0.0,0.0,0.0
2024-05-21 03:30:00+00:00,12.699999809265137,12.699999809265137,12.6899995803833,12.699999809265137,97021,0.0,0.0,0.0
2024-05-21 03:35:00+00:00,12.699999809265137,12.699999809265137,12.699999809265137,12.699999809265137,1001,0.0,0.0,0.0
2024-05-21 03:40:00+00:00,12.699999809265137,12.699999809265137,12.699999809265137,12.699999809265137,3102,0.0,0.0,0.0
2024-05-21 03:50:00+00:00,12.699999809265137,12.699999809265137,12.699999809265137,12.699999809265137,1001,0.0,0.0,0.0
2024-05-21 04:00:00+00:00,12.699999809265137,12.699999809265137,12.699999809265137,12.699999809265137,1024,0.0,0.0,0.0
2024-05-21 04:05:00+00:00,12.6899995803833,12.6899995803833,12.6899995803833,12.6899995803833,27196,0.0,0.0,0.0
2024-05-21 04:15:00+00:00,12.699999809265137,12.699999809265137,12.699999809265137,12.699999809265137,6101,0.0,0.0,0.0
2024-05-21 04:20:00+00:00,12.699999809265137,12.699999809265137,12.6899995803833,12.6899995803833,6501,0.0,0.0,0.0
2024-05-21 04:25:00+00:00,12.6899995803833,12.6899995803833,12.6899995803833,12.6899995803833,7140,0.0,0.0,0.0
2024-05-21 04:30:00+00:00,12.6899995803833,12.6899995803833,12.680000305175781,12.680000305175781,48501,0.0,0.0,0.0
2024-05-21 04:35:00+00:00,12.680000305175781,12.680000305175781,12.680000305175781,12.680000305175781,1000,0.0,0.0,0.0
2024-05-21 04:40:00+00:00,12.680000305175781,12.680000305175781,12.680000305175781,12.680000305175781,2044,0.0,0.0,0.0
2024-05-21 04:45:00+00:00,12.680000305175781,12.6899995803833,12.680000305175781,12.6899995803833,6000,0.0,0.0,0.0
2024-05-21 04:50:00+00:00,12.680000305175781,12.680000305175781,12.680000305175781,12.680000305175781,6655,0.0,0.0,0.0
2024-05-21 04:55:00+00:00,12.6899995803833,12.6899995803833,12.6899995803833,12.6899995803833,3100,0.0,0.0,0.0
2024-05-21 05:00:00+00:00,12.680000305175781,12.680000305175781,12.680000305175781,12.680000305175781,6230,0.0,0.0,0.0
2024-05-21 05:10:00+00:00,12.680000305175781,12.680000305175781,12.680000305175781,12.680000305175781,2270,0.0,0.0,0.0
2024-05-22 01:00:00+00:00,12.789999961853027,12.789999961853027,12.75,12.770000457763672,0,0.0,0.0,0.0
2024-05-22 01:05:00+00:00,12.779999732971191,12.789999961853027,12.779999732971191,12.789999961853027,88285,0.0,0.0,0.0
2024-05-22 01:10:00+00:00,12.789999961853027,12.800000190734863,12.779999732971191,12.789999961853027,256572,0.0,0.0,0.0
2024-05-22 01:15:00+00:00,12.789999961853027,12.800000190734863,12.789999961853027,12.800000190734863,127445,0.0,0.0,0.0
2024-05-22 01:20:00+00:00,12.8100004196167,12.819999694824219,12.800000190734863,12.800000190734863,174265,0.0,0.0,0.0
2024-05-22 01:25:00+00:00,12.8100004196167,12.8100004196167,12.770000457763672,12.779999732971191,115802,0.0,0.0,0.0
2024-05-22 01:30:00+00:00,12.779999732971191,12.779999732971191,12.770000457763672,12.770000457763672,33061,0.0,0.0,0.0
2024-05-22 01:35:00+00:00,12.779999732971191,12.789999961853027,12.779999732971191,12.789999961853027,68006,0.0,0.0,0.0
2024-05-22 01:40:00+00:00,12.789999961853027,12.789999961853027,12.779999732971191,12.789999961853027,30004,0.0,0.0,0.0
2024-05-22 01:45:00+00:00,12.800000190734863,12.8100004196167,12.789999961853027,12.8100004196167,253005,0.0,0.0,0.0
2024-05-22 01:50:00+00:00,12.819999694824219,12.819999694824219,12.819999694824219,12.819999694824219,51220,0.0,0.0,0.0
2024-05-22 01:55:00+00:00,12.819999694824219,12.819999694824219,12.8100004196167,12.819999694824219,28503,0.0,0.0,0.0
2024-05-22 02:00:00+00:00,12.819999694824219,12.829999923706055,12.819999694824219,12.829999923706055,119028,0.0,0.0,0.0
2024-05-22 02:05:00+00:00,12.829999923706055,12.859999656677246,12.829999923706055,12.850000381469727,112926,0.0,0.0,0.0
2024-05-22 02:10:00+00:00,12.850000381469727,12.850000381469727,12.84000015258789,12.850000381469727,30614,0.0,0.0,0.0
2024-05-22 02:15:00+00:00,12.859999656677246,12.869999885559082,12.859999656677246,12.869999885559082,64026,0.0,0.0,0.0
2024-05-22 02:20:00+00:00,12.859999656677246,12.869999885559082,12.850000381469727,12.859999656677246,123104,0.0,0.0,0.0
2024-05-22 02:25:00+00:00,12.859999656677246,12.859999656677246,12.850000381469727,12.859999656677246,78015,0.0,0.0,0.0
2024-05-22 02:30:00+00:00,12.859999656677246,12.869999885559082,12.859999656677246,12.859999656677246,41059,0.0,0.0,0.0
2024-05-22 02:35:00+00:00,12.869999885559082,12.869999885559082,12.869999885559082,12.869999885559082,41713,0.0,0.0,0.0
2024-05-22 02:40:00+00:00,12.869999885559082,12.880000114440918,12.869999885559082,12.880000114440918,34800,0.0,0.0,0.0
2024-05-22 02:45:00+00:00,12.880000114440918,12.880000114440918,12.859999656677246,12.859999656677246,199215,0.0,0.0,0.0
2024-05-22 02:50:00+00:00,12.859999656677246,12.880000114440918,12.859999656677246,12.880000114440918,20004,0.0,0.0,0.0
2024-05-22 02:55:00+00:00,12.880000114440918,12.899999618530273,12.880000114440918,12.899999618530273,246652,0.0,0.0,0.0
2024-05-22 03:00:00+00:00,12.899999618530273,12.899999618530273,12.899999618530273,12.899999618530273,65579,0.0,0.0,0.0
2024-05-22 03:05:00+00:00,12.899999618530273,12.90999984741211,12.899999618530273,12.90999984741211,37421,0.0,0.0,0.0
2024-05-22 03:10:00+00:00,12.90999984741211,12.90999984741211,12.90999984741211,12.90999984741211,120620,0.0,0.0,0.0
2024-05-22 03:15:00+00:00,12.90999984741211,12.90999984741211,12.899999618530273,12.899999618530273,52602,0.0,0.0,0.0
2024-05-22 03:20:00+00:00,12.90999984741211,12.920000076293945,12.90999984741211,12.920000076293945,56013,0.0,0.0,0.0
2024-05-22 03:25:00+00:00,12.920000076293945,12.920000076293945,12.899999618530273,12.90999984741211,164084,0.0,0.0,0.0
2024-05-22 03:30:00+00:00,12.90999984741211,12.90999984741211,12.90999984741211,12.90999984741211,21024,0.0,0.0,0.0
2024-05-22 03:35:00+00:00,12.90999984741211,12.90999984741211,12.90999984741211,12.90999984741211,17072,0.0,0.0,0.0
2024-05-22 03:40:00+00:00,12.90999984741211,12.90999984741211,12.899999618530273,12.899999618530273,272005,0.0,0.0,0.0
2024-05-22 03:45:00+00:00,12.899999618530273,12.899999618530273,12.890000343322754,12.890000343322754,47373,0.0,0.0,0.0
2024-05-22 03:50:00+00:00,12.899999618530273,12.899999618530273,12.899999618530273,12.899999618530273,35050,0.0,0.0,0.0
2024-05-22 03:55:00+00:00,12.899999618530273,12.90999984741211,12.899999618530273,12.899999618530273,49361,0.0,0.0,0.0
2024-05-22 04:00:00+00:00,12.899999618530273,12.899999618530273,12.899999618530273,12.899999618530273,25004,0.0,0.0,0.0
2024-05-22 04:05:00+00:00,12.899999618530273,12.920000076293945,12.899999618530273,12.920000076293945,27189,0.0,0.0,0.0
2024-05-22 04:10:00+00:00,12.90999984741211,12.920000076293945,12.90999984741211,12.920000076293945,84004,0.0,0.0,0.0
2024-05-22 04:15:00+00:00,12.90999984741211,12.920000076293945,12.90999984741211,12.920000076293945,82227,0.0,0.0,0.0
2024-05-22 04:20:00+00:00,12.920000076293945,12.920000076293945,12.90999984741211,12.90999984741211,25489,0.0,0.0,0.0
2024-05-22 04:25:00+00:00,12.920000076293945,12.920000076293945,12.90999984741211,12.90999984741211,24193,0.0,0.0,0.0
2024-05-22 04:30:00+00:00,12.920000076293945,12.920000076293945,12.90999984741211,12.90999984741211,50761,0.0,0.0,0.0
2024-05-22 04:35:00+00:00,12.90999984741211,12.920000076293945,12.90999984741211,12.920000076293945,28214,0.0,0.0,0.0
2024-05-22 04:40:00+00:00,12.920000076293945,12.920000076293945,12.90999984741211,12.920000076293945,80280,0.0,0.0,0.0
2024-05-22 04:45:00+00:00,12.920000076293945,12.920000076293945,12.90999984741211,12.90999984741211,89844,0.0,0.0,0.0
2024-05-22 04:50:00+00:00,12.920000076293945,12.920000076293945,12.90999984741211,12.90999984741211,50432,0.0,0.0,0.0
2024-05-22 04:55:00+00:00,12.920000076293945,12.920000076293945,12.920000076293945,12.920000076293945,29700,0.0,0.0,0.0
2024-05-22 05:00:00+00:00,12.920000076293945,12.920000076293945,12.920000076293945,12.920000076293945,91200,0.0,0.0,0.0
2024-05-22 05:05:00+00:00,12.920000076293945,12.920000076293945,12.899999618530273,12.899999618530273,179070,0.0,0.0,0.0
2024-05-22 05:10:00+00:00,12.90999984741211,12.90999984741211,12.899999618530273,12.899999618530273,387008,0.0,0.0,0.0
2024-05-23 01:00:00+00:00,12.979999542236328,12.989999771118164,12.930000305175781,12.930000305175781,0,0.0,0.0,0.0
2024-05-23 01:05:00+00:00,12.930000305175781,12.970000267028809,12.930000305175781,12.970000267028809,80798,0.0,0.0,0.0
2024-05-23 01:10:00+00:00,12.970000267028809,12.970000267028809,12.930000305175781,12.930000305175781,152613,0.0,0.0,0.0
2024-05-23 01:15:00+00:00,12.930000305175781,12.930000305175781,12.890000343322754,12.890000343322754,182432,0.0,0.0,0.0
2024-05-23 01:20:00+00:00,12.890000343322754,12.899999618530273,12.869999885559082,12.899999618530273,227341,0.0,0.0,0.0
2024-05-23 01:25:00+00:00,12.899999618530273,12.920000076293945,12.899999618530273,12.90999984741211,122058,0.0,0.0,0.0
2024-05-23 01:30:00+00:00,12.920000076293945,12.9399995803833,12.90999984741211,12.9399995803833,107147,0.0,0.0,0.0
2024-05-23 01:35:00+00:00,12.9399995803833,12.949999809265137,12.930000305175781,12.949999809265137,24012,0.0,0.0,0.0
2024-05-23 01:40:00+00:00,12.949999809265137,12.970000267028809,12.949999809265137,12.970000267028809,22300,0.0,0.0,0.0
2024-05-23 01:45:00+00:00,12.970000267028809,12.970000267028809,12.960000038146973,12.960000038146973,33112,0.0,0.0,0.0
2024-05-23 01:50:00+00:00,12.970000267028809,12.970000267028809,12.960000038146973,12.970000267028809,19012,0.0,0.0,0.0
2024-05-23 01:55:00+00:00,12.970000267028809,12.979999542236328,12.970000267028809,12.979999542236328,44011,0.0,0.0,0.0
2024-05-23 02:00:00+00:00,12.979999542236328,12.979999542236328,12.979999542236328,12.979999542236328,39370,0.0,0.0,0.0
2024-05-23 02:05:00+00:00,12.979999542236328,12.979999542236328,12.979999542236328,12.979999542236328,90000,0.0,0.0,0.0
2024-05-23 02:10:00+00:00,12.979999542236328,12.989999771118164,12.979999542236328,12.979999542236328,77275,0.0,0.0,0.0
2024-05-23 02:15:00+00:00,12.979999542236328,12.979999542236328,12.979999542236328,12.979999542236328,26490,0.0,0.0,0.0
2024-05-23 02:20:00+00:00,12.979999542236328,12.989999771118164,12.979999542236328,12.979999542236328,105935,0.0,0.0,0.0
2024-05-23 02:25:00+00:00,12.979999542236328,12.989999771118164,12.979999542236328,12.979999542236328,46012,0.0,0.0,0.0
2024-05-23 02:30:00+00:00,12.989999771118164,12.989999771118164,12.979999542236328,12.989999771118164,19112,0.0,0.0,0.0
2024-05-23 02:35:00+00:00,12.979999542236328,12.989999771118164,12.979999542236328,12.989999771118164,16147,0.0,0.0,0.0
2024-05-23 02:40:00+00:00,12.989999771118164,12.989999771118164,12.979999542236328,12.989999771118164,15012,0.0,0.0,0.0
2024-05-23 02:45:00+00:00,12.989999771118164,12.989999771118164,12.979999542236328,12.979999542236328,36468,0.0,0.0,0.0
2024-05-23 02:50:00+00:00,12.979999542236328,12.989999771118164,12.970000267028809,12.970000267028809,46023,0.0,0.0,0.0
2024-05-23 02:55:00+00:00,12.970000267028809,12.970000267028809,12.970000267028809,12.970000267028809,5000,0.0,0.0,0.0
2024-05-23 03:00:00+00:00,12.979999542236328,12.979999542236328,12.970000267028809,12.979999542236328,9124,0.0,0.0,0.0
2024-05-23 03:05:00+00:00,12.979999542236328,12.979999542236328,12.970000267028809,12.970000267028809,17073,0.0,0.0,0.0
2024-05-23 03:15:00+00:00,12.979999542236328,12.979999542236328,12.979999542236328,12.979999542236328,14200,0.0,0.0,0.0
2024-05-23 03:20:00+00:00,12.979999542236328,12.979999542236328,12.979999542236328,12.979999542236328,42151,0.0,0.0,0.0
2024-05-23 03:25:00+00:00,12.989999771118164,13.0,12.979999542236328,13.0,408109,0.0,0.0,0.0
2024-05-23 03:30:00+00:00,13.0,13.0,13.0,13.0,35860,0.0,0.0,0.0
2024-05-23 03:35:00+00:00,12.989999771118164,12.989999771118164,12.989999771118164,12.989999771118164,76712,0.0,0.0,0.0
2024-05-23 03:40:00+00:00,12.979999542236328,12.989999771118164,12.970000267028809,12.989999771118164,136012,0.0,0.0,0.0
2024-05-23 03:45:00+00:00,12.989999771118164,12.989999771118164,12.989999771118164,12.989999771118164,3405,0.0,0.0,0.0
2024-05-23 03:50:00+00:00,12.989999771118164,12.989999771118164,12.989999771118164,12.989999771118164,28395,0.0,0.0,0.0
2024-05-23 04:00:00+00:00,12.989999771118164,12.989999771118164,12.979999542236328,12.989999771118164,16021,0.0,0.0,0.0
2024-05-23 04:05:00+00:00,12.989999771118164,12.989999771118164,12.979999542236328,12.979999542236328,12012,0.0,0.0,0.0
2024-05-23 04:10:00+00:00,12.979999542236328,12.989999771118164,12.979999542236328,12.989999771118164,43245,0.0,0.0,0.0
2024-05-23 04:15:00+00:00,13.0,13.0,13.0,13.0,15312,0.0,0.0,0.0
2024-05-23 04:20:00+00:00,13.0,13.0,13.0,13.0,2033,0.0,0.0,0.0
2024-05-23 04:25:00+00:00,13.0,13.0,13.0,13.0,8112,0.0,0.0,0.0
2024-05-23 04:30:00+00:00,13.0,13.0,12.989999771118164,12.989999771118164,21356,0.0,0.0,0.0
2024-05-23 04:35:00+00:00,12.989999771118164,12.989999771118164,12.989999771118164,12.989999771118164,48250,0.0,0.0,0.0
2024-05-23 04:40:00+00:00,12.989999771118164,12.989999771118164,12.979999542236328,12.989999771118164,12457,0.0,0.0,0.0
2024-05-23 04:45:00+00:00,12.989999771118164,12.989999771118164,12.989999771118164,12.989999771118164,2050,0.0,0.0,0.0
2024-05-23 04:50:00+00:00,12.989999771118164,12.989999771118164,12.989999771118164,12.989999771118164,16000,0.0,0.0,0.0
2024-05-23 04:55:00+00:00,12.989999771118164,12.989999771118164,12.989999771118164,12.989999771118164,12242,0.0,0.0,0.0
2024-05-23 05:00:00+00:00,12.979999542236328,12.989999771118164,12.979999542236328,12.989999771118164,13020,0.0,0.0,0.0
2024-05-23 05:05:00+00:00,12.989999771118164,12.989999771118164,12.989999771118164,12.989999771118164,13142,0.0,0.0,0.0
2024-05-23 05:10:00+00:00,12.989999771118164,12.989999771118164,12.979999542236328,12.989999771118164,14244,0.0,0.0,0.0
2024-05-24 01:00:00+00:00,12.880000114440918,12.899999618530273,12.869999885559082,12.890000343322754,0,0.0,0.0,0.0
2024-05-24 01:05:00+00:00,12.899999618530273,12.920000076293945,12.899999618530273,12.90999984741211,187000,0.0,0.0,0.0
2024-05-24 01:10:00+00:00,12.90999984741211,12.920000076293945,12.899999618530273,12.920000076293945,159145,0.0,0.0,0.0
2024-05-24 01:15:00+00:00,12.930000305175781,12.9399995803833,12.920000076293945,12.9399995803833,38018,0.0,0.0,0.0
2024-05-24 01:20:00+00:00,12.9399995803833,12.949999809265137,12.9399995803833,12.9399995803833,95086,0.0,0.0,0.0
2024-05-24 01:25:00+00:00,12.9399995803833,12.949999809265137,12.9399995803833,12.9399995803833,62182,0.0,0.0,0.0
2024-05-24 01:30:00+00:00,12.9399995803833,12.9399995803833,12.930000305175781,12.930000305175781,18296,0.0,0.0,0.0
2024-05-24 01:35:00+00:00,12.9399995803833,12.949999809265137,12.9399995803833,12.949999809265137,9217,0.0,0.0,0.0
2024-05-24 01:40:00+00:00,12.9399995803833,12.949999809265137,12.9399995803833,12.949999809265137,30207,0.0,0.0,0.0
2024-05-24 01:45:00+00:00,12.949999809265137,12.949999809265137,12.9399995803833,12.9399995803833,6117,0.0,0.0,0.0
2024-05-24 01:50:00+00:00,12.960000038146973,12.960000038146973,12.960000038146973,12.960000038146973,1318,0.0,0.0,0.0
2024-05-24 01:55:00+00:00,12.960000038146973,12.970000267028809,12.960000038146973,12.970000267028809,14817,0.0,0.0,0.0
2024-05-24 02:00:00+00:00,12.970000267028809,12.970000267028809,12.970000267028809,12.970000267028809,14729,0.0,0.0,0.0
2024-05-24 02:05:00+00:00,12.970000267028809,12.970000267028809,12.960000038146973,12.960000038146973,33292,0.0,0.0,0.0
2024-05-24 02:10:00+00:00,12.960000038146973,12.960000038146973,12.949999809265137,12.949999809265137,51196,0.0,0.0,0.0
2024-05-24 02:15:00+00:00,12.949999809265137,12.949999809265137,12.949999809265137,12.949999809265137,5195,0.0,0.0,0.0
2024-05-24 02:20:00+00:00,12.949999809265137,12.949999809265137,12.949999809265137,12.949999809265137,5068,0.0,0.0,0.0
2024-05-24 02:25:00+00:00,12.949999809265137,12.970000267028809,12.949999809265137,12.970000267028809,4117,0.0,0.0,0.0
2024-05-24 02:30:00+00:00,12.970000267028809,12.970000267028809,12.970000267028809,12.970000267028809,1075,0.0,0.0,0.0
2024-05-24 02:35:00+00:00,12.960000038146973,12.960000038146973,12.960000038146973,12.960000038146973,1018,0.0,0.0,0.0
2024-05-24 02:40:00+00:00,12.960000038146973,12.960000038146973,12.949999809265137,12.960000038146973,31075,0.0,0.0,0.0
2024-05-24 02:45:00+00:00,12.960000038146973,12.960000038146973,12.960000038146973,12.960000038146973,2117,0.0,0.0,0.0
2024-05-24 02:50:00+00:00,12.960000038146973,12.960000038146973,12.960000038146973,12.960000038146973,2018,0.0,0.0,0.0
2024-05-24 02:55:00+00:00,12.960000038146973,12.960000038146973,12.960000038146973,12.960000038146973,6017,0.0,0.0,0.0
2024-05-24 03:00:00+00:00,12.960000038146973,12.960000038146973,12.960000038146973,12.960000038146973,36185,0.0,0.0,0.0
2024-05-24 03:05:00+00:00,12.960000038146973,12.970000267028809,12.960000038146973,12.970000267028809,10118,0.0,0.0,0.0
2024-05-24 03:10:00+00:00,12.970000267028809,12.970000267028809,12.970000267028809,12.970000267028809,2026,0.0,0.0,0.0
2024-05-24 03:15:00+00:00,12.960000038146973,12.960000038146973,12.960000038146973,12.960000038146973,5020,0.0,0.0,0.0
2024-05-24 03:20:00+00:00,12.970000267028809,12.970000267028809,12.970000267028809,12.970000267028809,1535,0.0,0.0,0.0
2024-05-24 03:25:00+00:00,12.970000267028809,12.970000267028809,12.970000267028809,12.970000267028809,8018,0.0,0.0,0.0
2024-05-24 03:30:00+00:00,12.979999542236328,12.979999542236328,12.979999542236328,12.979999542236328,4368,0.0,0.0,0.0
2024-05-24 03:35:00+00:00,12.979999542236328,12.979999542236328,12.979999542236328,12.979999542236328,7455,0.0,0.0,0.0
2024-05-24 03:40:00+00:00,12.979999542236328,12.979999542236328,12.979999542236328,12.979999542236328,23000,0.0,0.0,0.0
2024-05-24 03:45:00+00:00,12.979999542236328,12.979999542236328,12.979999542236328,12.979999542236328,5018,0.0,0.0,0.0
2024-05-24 03:50:00+00:00,12.979999542236328,12.979999542236328,12.979999542236328,12.979999542236328,1150,0.0,0.0,0.0
2024-05-24 03:55:00+00:00,12.979999542236328,12.979999542236328,12.979999542236328,12.979999542236328,3416,0.0,0.0,0.0
2024-05-24 04:00:00+00:00,12.979999542236328,12.979999542236328,12.979999542236328,12.979999542236328,20017,0.0,0.0,0.0
2024-05-24 04:05:00+00:00,12.979999542236328,12.989999771118164,12.979999542236328,12.989999771118164,10049,0.0,0.0,0.0
2024-05-24 04:10:00+00:00,12.989999771118164,12.989999771118164,12.979999542236328,12.979999542236328,27384,0.0,0.0,0.0
2024-05-24 04:15:00+00:00,12.979999542236328,12.989999771118164,12.979999542236328,12.989999771118164,4047,0.0,0.0,0.0
2024-05-24 04:20:00+00:00,12.989999771118164,12.989999771118164,12.989999771118164,12.989999771118164,118710,0.0,0.0,0.0
2024-05-24 04:25:00+00:00,12.989999771118164,12.989999771118164,12.979999542236328,12.989999771118164,27402,0.0,0.0,0.0
2024-05-24 04:30:00+00:00,12.989999771118164,12.989999771118164,12.989999771118164,12.989999771118164,33260,0.0,0.0,0.0
2024-05-24 04:35:00+00:00,12.989999771118164,12.989999771118164,12.989999771118164,12.989999771118164,10000,0.0,0.0,0.0
2024-05-24 04:40:00+00:00,12.989999771118164,12.989999771118164,12.989999771118164,12.989999771118164,8200,0.0,0.0,0.0
2024-05-24 04:45:00+00:00,12.979999542236328,12.979999542236328,12.979999542236328,12.979999542236328,10000,0.0,0.0,0.0
2024-05-24 04:50:00+00:00,12.979999542236328,12.979999542236328,12.970000267028809,12.979999542236328,4100,0.0,0.0,0.0
2024-05-24 04:55:00+00:00,12.979999542236328,12.979999542236328,12.979999542236328,12.979999542236328,15599,0.0,0.0,0.0
2024-05-24 05:00:00+00:00,12.979999542236328,12.979999542236328,12.970000267028809,12.970000267028809,16000,0.0,0.0,0.0
2024-05-24 05:05:00+00:00,12.970000267028809,12.970000267028809,12.970000267028809,12.970000267028809,6899,0.0,0.0,0.0
2024-05-24 05:10:00+00:00,12.970000267028809,12.979999542236328,12.970000267028809,12.979999542236328,7219,0.0,0.0,0.0
2024-05-24 05:15:00+00:00,12.979999542236328,12.979999542236328,12.970000267028809,12.970000267028809,5109,0.0,0.0,0.0
2024-05-24 05:20:00+00:00,12.970000267028809,12.979999542236328,12.970000267028809,12.979999542236328,9676,0.0,0.0,0.0
2024-05-27 01:00:00+00:00,13.029999732971191,13.130000114440918,13.029999732971191,13.119999885559082,0,0.0,0.0,0.0
2024-05-27 01:05:00+00:00,13.130000114440918,13.130000114440918,13.119999885559082,13.130000114440918,68301,0.0,0.0,0.0
2024-05-27 01:10:00+00:00,13.119999885559082,13.149999618530273,13.119999885559082,13.149999618530273,98577,0.0,0.0,0.0
2024-05-27 01:15:00+00:00,13.149999618530273,13.15999984741211,13.149999618530273,13.149999618530273,97053,0.0,0.0,0.0
2024-05-27 01:20:00+00:00,13.149999618530273,13.199999809265137,13.149999618530273,13.199999809265137,136523,0.0,0.0,0.0
2024-05-27 01:25:00+00:00,13.199999809265137,13.220000267028809,13.199999809265137,13.220000267028809,70601,0.0,0.0,0.0
2024-05-27 01:30:00+00:00,13.220000267028809,13.220000267028809,13.1899995803833,13.1899995803833,174837,0.0,0.0,0.0
2024-05-27 01:35:00+00:00,13.180000305175781,13.199999809265137,13.170000076293945,13.1899995803833,47894,0.0,0.0,0.0
2024-05-27 01:40:00+00:00,13.1899995803833,13.210000038146973,13.1899995803833,13.210000038146973,75135,0.0,0.0,0.0
2024-05-27 01:45:00+00:00,13.210000038146973,13.210000038146973,13.199999809265137,13.199999809265137,13461,0.0,0.0,0.0
2024-05-27 01:50:00+00:00,13.199999809265137,13.210000038146973,13.199999809265137,13.210000038146973,119031,0.0,0.0,0.0
2024-05-27 01:55:00+00:00,13.220000267028809,13.220000267028809,13.210000038146973,13.220000267028809,30107,0.0,0.0,0.0
2024-05-27 02:00:00+00:00,13.220000267028809,13.229999542236328,13.220000267028809,13.220000267028809,50594,0.0,0.0,0.0
2024-05-27 02:05:00+00:00,13.229999542236328,13.239999771118164,13.229999542236328,13.229999542236328,66216,0.0,0.0,0.0
2024-05-27 02:10:00+00:00,13.229999542236328,13.229999542236328,13.220000267028809,13.220000267028809,141006,0.0,0.0,0.0
2024-05-27 02:15:00+00:00,13.220000267028809,13.229999542236328,13.220000267028809,13.229999542236328,62256,0.0,0.0,0.0
2024-05-27 02:20:00+00:00,13.229999542236328,13.229999542236328,13.220000267028809,13.220000267028809,27007,0.0,0.0,0.0
2024-05-27 02:25:00+00:00,13.220000267028809,13.220000267028809,13.220000267028809,13.220000267028809,108027,0.0,0.0,0.0
2024-05-27 02:30:00+00:00,13.220000267028809,13.220000267028809,13.199999809265137,13.220000267028809,131712,0.0,0.0,0.0
2024-05-27 02:35:00+00:00,13.220000267028809,13.229999542236328,13.220000267028809,13.220000267028809,85134,0.0,0.0,0.0
2024-05-27 02:40:00+00:00,13.220000267028809,13.220000267028809,13.220000267028809,13.220000267028809,1006,0.0,0.0,0.0
2024-05-27 02:45:00+00:00,13.229999542236328,13.229999542236328,13.229999542236328,13.229999542236328,2108,0.0,0.0,0.0
2024-05-27 02:50:00+00:00,13.220000267028809,13.229999542236328,13.220000267028809,13.229999542236328,12067,0.0,0.0,0.0
2024-05-27 02:55:00+00:00,13.220000267028809,13.220000267028809,13.210000038146973,13.210000038146973,32556,0.0,0.0,0.0
2024-05-27 03:00:00+00:00,13.220000267028809,13.220000267028809,13.210000038146973,13.220000267028809,61410,0.0,0.0,0.0
2024-05-27 03:05:00+00:00,13.210000038146973,13.220000267028809,13.210000038146973,13.220000267028809,32248,0.0,0.0,0.0
2024-05-27 03:10:00+00:00,13.220000267028809,13.220000267028809,13.220000267028809,13.220000267028809,5006,0.0,0.0,0.0
2024-05-27 03:15:00+00:00,13.220000267028809,13.220000267028809,13.199999809265137,13.199999809265137,164459,0.0,0.0,0.0
2024-05-27 03:20:00+00:00,13.199999809265137,13.199999809265137,13.1899995803833,13.1899995803833,32283,0.0,0.0,0.0
2024-05-27 03:25:00+00:00,13.199999809265137,13.199999809265137,13.199999809265137,13.199999809265137,1000,0.0,0.0,0.0
2024-05-27 03:30:00+00:00,13.210000038146973,13.210000038146973,13.210000038146973,13.210000038146973,7307,0.0,0.0,0.0
2024-05-27 03:35:00+00:00,13.199999809265137,13.199999809265137,13.1899995803833,13.1899995803833,48011,0.0,0.0,0.0
2024-05-27 03:40:00+00:00,13.1899995803833,13.1899995803833,13.170000076293945,13.170000076293945,144999,0.0,0.0,0.0
2024-05-27 03:45:00+00:00,13.1899995803833,13.1899995803833,13.1899995803833,13.1899995803833,3447,0.0,0.0,0.0
2024-05-27 03:50:00+00:00,13.180000305175781,13.180000305175781,13.180000305175781,13.180000305175781,1000,0.0,0.0,0.0
2024-05-27 03:55:00+00:00,13.1899995803833,13.1899995803833,13.1899995803833,13.1899995803833,2105,0.0,0.0,0.0
2024-05-27 04:00:00+00:00,13.1899995803833,13.1899995803833,13.1899995803833,13.1899995803833,6007,0.0,0.0,0.0
2024-05-27 04:05:00+00:00,13.180000305175781,13.180000305175781,13.170000076293945,13.170000076293945,28473,0.0,0.0,0.0
2024-05-27 04:10:00+00:00,13.170000076293945,13.180000305175781,13.170000076293945,13.170000076293945,77699,0.0,0.0,0.0
2024-05-27 04:15:00+00:00,13.170000076293945,13.170000076293945,13.170000076293945,13.170000076293945,92007,0.0,0.0,0.0
2024-05-27 04:20:00+00:00,13.170000076293945,13.170000076293945,13.15999984741211,13.15999984741211,64413,0.0,0.0,0.0
2024-05-27 04:25:00+00:00,13.15999984741211,13.15999984741211,13.149999618530273,13.15999984741211,18135,0.0,0.0,0.0
2024-05-27 04:30:00+00:00,13.15999984741211,13.15999984741211,13.149999618530273,13.149999618530273,15282,0.0,0.0,0.0
2024-05-27 04:35:00+00:00,13.149999618530273,13.15999984741211,13.149999618530273,13.15999984741211,7260,0.0,0.0,0.0
2024-05-27 04:40:00+00:00,13.15999984741211,13.15999984741211,13.15999984741211,13.15999984741211,6240,0.0,0.0,0.0
2024-05-27 04:45:00+00:00,13.15999984741211,13.15999984741211,13.15999984741211,13.15999984741211,12336,0.0,0.0,0.0
2024-05-27 04:50:00+00:00,13.15999984741211,13.170000076293945,13.15999984741211,13.170000076293945,23000,0.0,0.0,0.0
2024-05-27 04:55:00+00:00,13.180000305175781,13.180000305175781,13.180000305175781,13.180000305175781,6000,0.0,0.0,0.0
2024-05-27 05:00:00+00:00,13.1899995803833,13.1899995803833,13.1899995803833,13.1899995803833,131700,0.0,0.0,0.0
2024-05-27 05:05:00+00:00,13.1899995803833,13.199999809265137,13.1899995803833,13.1899995803833,12199,0.0,0.0,0.0
2024-05-27 05:10:00+00:00,13.1899995803833,13.1899995803833,13.1899995803833,13.1899995803833,13174,0.0,0.0,0.0
2024-05-27 05:15:00+00:00,13.1899995803833,13.199999809265137,13.1899995803833,13.199999809265137,187142,0.0,0.0,0.0
2024-05-27 05:20:00+00:00,13.199999809265137,13.210000038146973,13.1899995803833,13.1899995803833,137868,0.0,0.0,0.0
2024-05-28 01:00:00+00:00,13.239999771118164,13.239999771118164,13.210000038146973,13.210000038146973,0,0.0,0.0,0.0
2024-05-28 01:05:00+00:00,13.210000038146973,13.239999771118164,13.210000038146973,13.239999771118164,67000,0.0,0.0,0.0
2024-05-28 01:10:00+00:00,13.229999542236328,13.239999771118164,13.220000267028809,13.229999542236328,58787,0.0,0.0,0.0
2024-05-28 01:15:00+00:00,13.220000267028809,13.220000267028809,13.210000038146973,13.210000038146973,28921,0.0,0.0,0.0
2024-05-28 01:20:00+00:00,13.210000038146973,13.229999542236328,13.210000038146973,13.229999542236328,79214,0.0,0.0,0.0
2024-05-28 01:25:00+00:00,13.239999771118164,13.239999771118164,13.229999542236328,13.239999771118164,36000,0.0,0.0,0.0
2024-05-28 01:30:00+00:00,13.229999542236328,13.229999542236328,13.229999542236328,13.229999542236328,18034,0.0,0.0,0.0
2024-05-28 01:35:00+00:00,13.229999542236328,13.229999542236328,13.220000267028809,13.220000267028809,6079,0.0,0.0,0.0
2024-05-28 01:40:00+00:00,13.220000267028809,13.229999542236328,13.210000038146973,13.210000038146973,55223,0.0,0.0,0.0
2024-05-28 01:45:00+00:00,13.210000038146973,13.220000267028809,13.210000038146973,13.220000267028809,5261,0.0,0.0,0.0
2024-05-28 01:50:00+00:00,13.220000267028809,13.220000267028809,13.220000267028809,13.220000267028809,38128,0.0,0.0,0.0
2024-05-28 01:55:00+00:00,13.220000267028809,13.220000267028809,13.220000267028809,13.220000267028809,41327,0.0,0.0,0.0
2024-05-28 02:00:00+00:00,13.220000267028809,13.239999771118164,13.220000267028809,13.229999542236328,13109,0.0,0.0,0.0
2024-05-28 02:05:00+00:00,13.229999542236328,13.239999771118164,13.229999542236328,13.239999771118164,14015,0.0,0.0,0.0
2024-05-28 02:10:00+00:00,13.239999771118164,13.239999771118164,13.220000267028809,13.229999542236328,85014,0.0,0.0,0.0
2024-05-28 02:15:00+00:00,13.239999771118164,13.239999771118164,13.229999542236328,13.239999771118164,59014,0.0,0.0,0.0
2024-05-28 02:20:00+00:00,13.239999771118164,13.239999771118164,13.239999771118164,13.239999771118164,2364,0.0,0.0,0.0
2024-05-28 02:25:00+00:00,13.220000267028809,13.220000267028809,13.199999809265137,13.210000038146973,133015,0.0,0.0,0.0
2024-05-28 02:30:00+00:00,13.210000038146973,13.210000038146973,13.199999809265137,13.210000038146973,59588,0.0,0.0,0.0
2024-05-28 02:35:00+00:00,13.199999809265137,13.199999809265137,13.199999809265137,13.199999809265137,106438,0.0,0.0,0.0
2024-05-28 02:40:00+00:00,13.210000038146973,13.210000038146973,13.199999809265137,13.199999809265137,4015,0.0,0.0,0.0
2024-05-28 02:45:00+00:00,13.210000038146973,13.210000038146973,13.210000038146973,13.210000038146973,8508,0.0,0.0,0.0
2024-05-28 02:50:00+00:00,13.210000038146973,13.210000038146973,13.210000038146973,13.210000038146973,1010,0.0,0.0,0.0
2024-05-28 02:55:00+00:00,13.210000038146973,13.220000267028809,13.210000038146973,13.210000038146973,15900,0.0,0.0,0.0
2024-05-28 03:00:00+00:00,13.220000267028809,13.220000267028809,13.199999809265137,13.220000267028809,8030,0.0,0.0,0.0
2024-05-28 03:05:00+00:00,13.220000267028809,13.229999542236328,13.220000267028809,13.229999542236328,5216,0.0,0.0,0.0
2024-05-28 03:10:00+00:00,13.220000267028809,13.220000267028809,13.220000267028809,13.220000267028809,16014,0.0,0.0,0.0
2024-05-28 03:15:00+00:00,13.229999542236328,13.229999542236328,13.229999542236328,13.229999542236328,24047,0.0,0.0,0.0
2024-05-28 03:20:00+00:00,13.229999542236328,13.229999542236328,13.220000267028809,13.229999542236328,12029,0.0,0.0,0.0
2024-05-28 03:25:00+00:00,13.229999542236328,13.229999542236328,13.229999542236328,13.229999542236328,2268,0.0,0.0,0.0
2024-05-28 03:30:00+00:00,13.229999542236328,13.239999771118164,13.229999542236328,13.239999771118164,9214,0.0,0.0,0.0
2024-05-28 03:35:00+00:00,13.229999542236328,13.229999542236328,13.229999542236328,13.229999542236328,1112,0.0,0.0,0.0
2024-05-28 03:40:00+00:00,13.229999542236328,13.239999771118164,13.229999542236328,13.239999771118164,18104,0.0,0.0,0.0
2024-05-28 03:45:00+00:00,13.239999771118164,13.239999771118164,13.239999771118164,13.239999771118164,22014,0.0,0.0,0.0
2024-05-28 03:50:00+00:00,13.239999771118164,13.239999771118164,13.239999771118164,13.239999771118164,7014,0.0,0.0,0.0
2024-05-28 03:55:00+00:00,13.239999771118164,13.25,13.239999771118164,13.239999771118164,8379,0.0,0.0,0.0
2024-05-28 04:05:00+00:00,13.239999771118164,13.239999771118164,13.239999771118164,13.239999771118164,33015,0.0,0.0,0.0
2024-05-28 04:10:00+00:00,13.239999771118164,13.239999771118164,13.239999771118164,13.239999771118164,2300,0.0,0.0,0.0
2024-05-28 04:15:00+00:00,13.239999771118164,13.239999771118164,13.239999771118164,13.239999771118164,7114,0.0,0.0,0.0
2024-05-28 04:20:00+00:00,13.229999542236328,13.229999542236328,13.229999542236328,13.229999542236328,17094,0.0,0.0,0.0
2024-05-28 04:25:00+00:00,13.229999542236328,13.229999542236328,13.220000267028809,13.220000267028809,9664,0.0,0.0,0.0
2024-05-28 04:30:00+00:00,13.229999542236328,13.239999771118164,13.229999542236328,13.239999771118164,4806,0.0,0.0,0.0
2024-05-28 04:40:00+00:00,13.239999771118164,13.239999771118164,13.239999771118164,13.239999771118164,8400,0.0,0.0,0.0
2024-05-28 04:50:00+00:00,13.229999542236328,13.229999542236328,13.229999542236328,13.229999542236328,5000,0.0,0.0,0.0
2024-05-28 04:55:00+00:00,13.239999771118164,13.239999771118164,13.239999771118164,13.239999771118164,2358,0.0,0.0,0.0
2024-05-28 05:00:00+00:00,13.239999771118164,13.239999771118164,13.229999542236328,13.229999542236328,24103,0.0,0.0,0.0
2024-05-28 05:05:00+00:00,13.229999542236328,13.239999771118164,13.229999542236328,13.229999542236328,3382,0.0,0.0,0.0
2024-05-28 05:10:00+00:00,13.229999542236328,13.229999542236328,13.229999542236328,13.229999542236328,2632,0.0,0.0,0.0
2024-05-28 05:15:00+00:00,13.229999542236328,13.239999771118164,13.229999542236328,13.229999542236328,16167,0.0,0.0,0.0
2024-05-28 05:20:00+00:00,13.239999771118164,13.239999771118164,13.239999771118164,13.239999771118164,44327,0.0,0.0,0.0
2024-05-29 01:00:00+00:00,13.25,13.25,13.220000267028809,13.220000267028809,175000,0.0,0.0,0.0
2024-05-29 01:05:00+00:00,13.220000267028809,13.220000267028809,13.210000038146973,13.210000038146973,15000,0.0,0.0,0.0
2024-05-29 01:10:00+00:00,13.199999809265137,13.210000038146973,13.199999809265137,13.210000038146973,93734,0.0,0.0,0.0
2024-05-29 01:15:00+00:00,13.210000038146973,13.210000038146973,13.1899995803833,13.199999809265137,57008,0.0,0.0,0.0
2024-05-29 01:20:00+00:00,13.210000038146973,13.210000038146973,13.199999809265137,13.210000038146973,193399,0.0,0.0,0.0
2024-05-29 01:25:00+00:00,13.210000038146973,13.220000267028809,13.210000038146973,13.220000267028809,11152,0.0,0.0,0.0
2024-05-29 01:30:00+00:00,13.220000267028809,13.220000267028809,13.210000038146973,13.210000038146973,21198,0.0,0.0,0.0
2024-05-29 01:35:00+00:00,13.210000038146973,13.210000038146973,13.180000305175781,13.180000305175781,65886,0.0,0.0,0.0
2024-05-29 01:40:00+00:00,13.180000305175781,13.180000305175781,13.170000076293945,13.170000076293945,82555,0.0,0.0,0.0
2024-05-29 01:45:00+00:00,13.180000305175781,13.1899995803833,13.170000076293945,13.180000305175781,30510,0.0,0.0,0.0
2024-05-29 01:50:00+00:00,13.1899995803833,13.1899995803833,13.1899995803833,13.1899995803833,14664,0.0,0.0,0.0
2024-05-29 01:55:00+00:00,13.199999809265137,13.199999809265137,13.199999809265137,13.199999809265137,14362,0.0,0.0,0.0
2024-05-29 02:00:00+00:00,13.220000267028809,13.220000267028809,13.199999809265137,13.199999809265137,18559,0.0,0.0,0.0
2024-05-29 02:05:00+00:00,13.199999809265137,13.199999809265137,13.199999809265137,13.199999809265137,1037,0.0,0.0,0.0
2024-05-29 02:10:00+00:00,13.199999809265137,13.210000038146973,13.199999809265137,13.210000038146973,105446,0.0,0.0,0.0
2024-05-29 02:15:00+00:00,13.220000267028809,13.220000267028809,13.210000038146973,13.210000038146973,2789,0.0,0.0,0.0
2024-05-29 02:20:00+00:00,13.220000267028809,13.220000267028809,13.210000038146973,13.210000038146973,5489,0.0,0.0,0.0
2024-05-29 02:25:00+00:00,13.220000267028809,13.229999542236328,13.220000267028809,13.229999542236328,4312,0.0,0.0,0.0
2024-05-29 02:30:00+00:00,13.229999542236328,13.229999542236328,13.229999542236328,13.229999542236328,1164,0.0,0.0,0.0
2024-05-29 02:35:00+00:00,13.229999542236328,13.229999542236328,13.220000267028809,13.229999542236328,14042,0.0,0.0,0.0
2024-05-29 02:40:00+00:00,13.229999542236328,13.229999542236328,13.220000267028809,13.220000267028809,23207,0.0,0.0,0.0
2024-05-29 02:45:00+00:00,13.210000038146973,13.229999542236328,13.210000038146973,13.220000267028809,13042,0.0,0.0,0.0
2024-05-29 02:50:00+00:00,13.210000038146973,13.210000038146973,13.199999809265137,13.199999809265137,139042,0.0,0.0,0.0
2024-05-29 02:55:00+00:00,13.199999809265137,13.199999809265137,13.199999809265137,13.199999809265137,11334,0.0,0.0,0.0
2024-05-29 03:00:00+00:00,13.199999809265137,13.210000038146973,13.199999809265137,13.199999809265137,10742,0.0,0.0,0.0
2024-05-29 03:05:00+00:00,13.199999809265137,13.199999809265137,13.1899995803833,13.199999809265137,17833,0.0,0.0,0.0
2024-05-29 03:10:00+00:00,13.199999809265137,13.199999809265137,13.199999809265137,13.199999809265137,9042,0.0,0.0,0.0
2024-05-29 03:15:00+00:00,13.199999809265137,13.199999809265137,13.1899995803833,13.1899995803833,32114,0.0,0.0,0.0
2024-05-29 03:20:00+00:00,13.199999809265137,13.199999809265137,13.199999809265137,13.199999809265137,1020,0.0,0.0,0.0
2024-05-29 03:25:00+00:00,13.1899995803833,13.1899995803833,13.1899995803833,13.1899995803833,8142,0.0,0.0,0.0
2024-05-29 03:30:00+00:00,13.1899995803833,13.199999809265137,13.1899995803833,13.199999809265137,11084,0.0,0.0,0.0
2024-05-29 03:35:00+00:00,13.199999809265137,13.199999809265137,13.180000305175781,13.1899995803833,37419,0.0,0.0,0.0
2024-05-29 03:40:00+00:00,13.1899995803833,13.1899995803833,13.1899995803833,13.1899995803833,5700,0.0,0.0,0.0
2024-05-29 03:45:00+00:00,13.1899995803833,13.1899995803833,13.1899995803833,13.1899995803833,1042,0.0,0.0,0.0
2024-05-29 03:50:00+00:00,13.1899995803833,13.1899995803833,13.1899995803833,13.1899995803833,4104,0.0,0.0,0.0
2024-05-29 03:55:00+00:00,13.180000305175781,13.180000305175781,13.180000305175781,13.180000305175781,59146,0.0,0.0,0.0
2024-05-29 04:00:00+00:00,13.180000305175781,13.180000305175781,13.180000305175781,13.180000305175781,13092,0.0,0.0,0.0
2024-05-29 04:05:00+00:00,13.180000305175781,13.180000305175781,13.180000305175781,13.180000305175781,10142,0.0,0.0,0.0
2024-05-29 04:10:00+00:00,13.180000305175781,13.180000305175781,13.180000305175781,13.180000305175781,8557,0.0,0.0,0.0
2024-05-29 04:15:00+00:00,13.180000305175781,13.180000305175781,13.180000305175781,13.180000305175781,29247,0.0,0.0,0.0
2024-05-29 04:20:00+00:00,13.180000305175781,13.180000305175781,13.180000305175781,13.180000305175781,4042,0.0,0.0,0.0
2024-05-29 04:25:00+00:00,13.180000305175781,13.180000305175781,13.180000305175781,13.180000305175781,20480,0.0,0.0,0.0
2024-05-29 04:30:00+00:00,13.180000305175781,13.180000305175781,13.170000076293945,13.170000076293945,13005,0.0,0.0,0.0
2024-05-29 04:35:00+00:00,13.170000076293945,13.170000076293945,13.170000076293945,13.170000076293945,3725,0.0,0.0,0.0
2024-05-29 04:40:00+00:00,13.180000305175781,13.180000305175781,13.170000076293945,13.170000076293945,6030,0.0,0.0,0.0
2024-05-29 04:45:00+00:00,13.170000076293945,13.170000076293945,13.170000076293945,13.170000076293945,104091,0.0,0.0,0.0
2024-05-29 04:50:00+00:00,13.170000076293945,13.180000305175781,13.170000076293945,13.180000305175781,15000,0.0,0.0,0.0
2024-05-29 04:55:00+00:00,13.180000305175781,13.180000305175781,13.170000076293945,13.170000076293945,17044,0.0,0.0,0.0
2024-05-29 05:00:00+00:00,13.180000305175781,13.180000305175781,13.180000305175781,13.180000305175781,60200,0.0,0.0,0.0
2024-05-29 05:05:00+00:00,13.180000305175781,13.180000305175781,13.180000305175781,13.180000305175781,11150,0.0,0.0,0.0
2024-05-29 05:10:00+00:00,13.1899995803833,13.1899995803833,13.1899995803833,13.1899995803833,20664,0.0,0.0,0.0
2024-05-29 05:15:00+00:00,13.1899995803833,13.1899995803833,13.180000305175781,13.1899995803833,13135,0.0,0.0,0.0
2024-05-29 05:20:00+00:00,13.1899995803833,13.1899995803833,13.180000305175781,13.180000305175781,13634,0.0,0.0,0.0
2024-05-30 01:00:00+00:00,13.050000190734863,13.050000190734863,12.960000038146973,12.979999542236328,161000,0.0,0.0,0.0
2024-05-30 01:05:00+00:00,12.970000267028809,12.970000267028809,12.960000038146973,12.970000267028809,61627,0.0,0.0,0.0
2024-05-30 01:10:00+00:00,12.970000267028809,13.0,12.970000267028809,13.0,136272,0.0,0.0,0.0
2024-05-30 01:15:00+00:00,13.010000228881836,13.029999732971191,13.010000228881836,13.010000228881836,58370,0.0,0.0,0.0
2024-05-30 01:20:00+00:00,13.010000228881836,13.010000228881836,12.989999771118164,12.989999771118164,154269,0.0,0.0,0.0
2024-05-30 01:25:00+00:00,13.0,13.010000228881836,13.0,13.0,25136,0.0,0.0,0.0
2024-05-30 01:30:00+00:00,13.0,13.0,12.979999542236328,13.0,93595,0.0,0.0,0.0
2024-05-30 01:35:00+00:00,12.989999771118164,13.010000228881836,12.989999771118164,13.0,30030,0.0,0.0,0.0
2024-05-30 01:40:00+00:00,13.010000228881836,13.050000190734863,13.010000228881836,13.039999961853027,104211,0.0,0.0,0.0
2024-05-30 01:45:00+00:00,13.039999961853027,13.039999961853027,13.039999961853027,13.039999961853027,15510,0.0,0.0,0.0
2024-05-30 01:50:00+00:00,13.039999961853027,13.039999961853027,13.029999732971191,13.039999961853027,35543,0.0,0.0,0.0
2024-05-30 01:55:00+00:00,13.039999961853027,13.039999961853027,13.029999732971191,13.029999732971191,36056,0.0,0.0,0.0
2024-05-30 02:00:00+00:00,13.020000457763672,13.039999961853027,13.020000457763672,13.029999732971191,29538,0.0,0.0,0.0
2024-05-30 02:05:00+00:00,13.029999732971191,13.029999732971191,13.020000457763672,13.020000457763672,37049,0.0,0.0,0.0
2024-05-30 02:10:00+00:00,13.029999732971191,13.039999961853027,13.029999732971191,13.029999732971191,20365,0.0,0.0,0.0
2024-05-30 02:15:00+00:00,13.029999732971191,13.029999732971191,13.029999732971191,13.029999732971191,12106,0.0,0.0,0.0
2024-05-30 02:20:00+00:00,13.029999732971191,13.029999732971191,13.020000457763672,13.020000457763672,69005,0.0,0.0,0.0
2024-05-30 02:25:00+00:00,13.020000457763672,13.020000457763672,13.010000228881836,13.010000228881836,6117,0.0,0.0,0.0
2024-05-30 02:30:00+00:00,13.010000228881836,13.020000457763672,13.010000228881836,13.010000228881836,53436,0.0,0.0,0.0
2024-05-30 02:35:00+00:00,13.010000228881836,13.010000228881836,13.0,13.0,23018,0.0,0.0,0.0
2024-05-30 02:40:00+00:00,13.010000228881836,13.010000228881836,13.010000228881836,13.010000228881836,4356,0.0,0.0,0.0
2024-05-30 02:45:00+00:00,13.010000228881836,13.010000228881836,13.0,13.010000228881836,43005,0.0,0.0,0.0
2024-05-30 02:50:00+00:00,13.010000228881836,13.020000457763672,13.0,13.020000457763672,52111,0.0,0.0,0.0
2024-05-30 02:55:00+00:00,13.020000457763672,13.020000457763672,13.020000457763672,13.020000457763672,3165,0.0,0.0,0.0
2024-05-30 03:00:00+00:00,13.020000457763672,13.020000457763672,13.020000457763672,13.020000457763672,19606,0.0,0.0,0.0
2024-05-30 03:05:00+00:00,13.020000457763672,13.020000457763672,13.020000457763672,13.020000457763672,3562,0.0,0.0,0.0
2024-05-30 03:15:00+00:00,13.020000457763672,13.020000457763672,13.020000457763672,13.020000457763672,10799,0.0,0.0,0.0
2024-05-30 03:20:00+00:00,13.020000457763672,13.020000457763672,13.020000457763672,13.020000457763672,12060,0.0,0.0,0.0
2024-05-30 03:25:00+00:00,13.029999732971191,13.029999732971191,13.029999732971191,13.029999732971191,2417,0.0,0.0,0.0
2024-05-30 03:30:00+00:00,13.029999732971191,13.029999732971191,13.029999732971191,13.029999732971191,11011,0.0,0.0,0.0
2024-05-30 03:35:00+00:00,13.029999732971191,13.029999732971191,13.010000228881836,13.010000228881836,16023,0.0,0.0,0.0
2024-05-30 03:40:00+00:00,13.010000228881836,13.029999732971191,13.010000228881836,13.029999732971191,7105,0.0,0.0,0.0
2024-05-30 03:45:00+00:00,13.010000228881836,13.029999732971191,13.010000228881836,13.029999732971191,17589,0.0,0.0,0.0
2024-05-30 03:55:00+00:00,13.020000457763672,13.020000457763672,13.010000228881836,13.010000228881836,14049,0.0,0.0,0.0
2024-05-30 04:00:00+00:00,13.010000228881836,13.010000228881836,13.010000228881836,13.010000228881836,4500,0.0,0.0,0.0
2024-05-30 04:05:00+00:00,13.010000228881836,13.020000457763672,13.010000228881836,13.020000457763672,3444,0.0,0.0,0.0
2024-05-30 04:10:00+00:00,13.010000228881836,13.010000228881836,13.010000228881836,13.010000228881836,16415,0.0,0.0,0.0
2024-05-30 04:15:00+00:00,13.010000228881836,13.010000228881836,12.989999771118164,12.989999771118164,73867,0.0,0.0,0.0
2024-05-30 04:20:00+00:00,12.989999771118164,12.989999771118164,12.989999771118164,12.989999771118164,26289,0.0,0.0,0.0
2024-05-30 04:25:00+00:00,13.0,13.0,12.989999771118164,12.989999771118164,16015,0.0,0.0,0.0
2024-05-30 04:30:00+00:00,13.0,13.0,13.0,13.0,9337,0.0,0.0,0.0
2024-05-30 04:35:00+00:00,13.0,13.0,12.979999542236328,12.979999542236328,90956,0.0,0.0,0.0
2024-05-30 04:40:00+00:00,12.979999542236328,12.979999542236328,12.979999542236328,12.979999542236328,9020,0.0,0.0,0.0
2024-05-30 04:45:00+00:00,12.979999542236328,12.979999542236328,12.970000267028809,12.979999542236328,165019,0.0,0.0,0.0
2024-05-30 04:50:00+00:00,12.979999542236328,12.979999542236328,12.979999542236328,12.979999542236328,4010,0.0,0.0,0.0
2024-05-30 04:55:00+00:00,12.989999771118164,13.010000228881836,12.989999771118164,13.010000228881836,43244,0.0,0.0,0.0
2024-05-30 05:00:00+00:00,13.010000228881836,13.010000228881836,12.989999771118164,12.989999771118164,61405,0.0,0.0,0.0
2024-05-30 05:05:00+00:00,12.979999542236328,12.979999542236328,12.979999542236328,12.979999542236328,44944,0.0,0.0,0.0
2024-05-30 05:10:00+00:00,12.989999771118164,12.989999771118164,12.970000267028809,12.979999542236328,53644,0.0,0.0,0.0
2024-05-30 05:15:00+00:00,12.979999542236328,12.989999771118164,12.970000267028809,12.979999542236328,47381,0.0,0.0,0.0
2024-05-30 05:20:00+00:00,12.989999771118164,13.0,12.989999771118164,13.0,2737,0.0,0.0,0.0
2024-05-31 01:00:00+00:00,13.0,13.039999961853027,13.0,13.039999961853027,0,0.0,0.0,0.0
2024-05-31 01:05:00+00:00,13.039999961853027,13.039999961853027,13.029999732971191,13.029999732971191,34000,0.0,0.0,0.0
2024-05-31 01:10:00+00:00,13.029999732971191,13.029999732971191,13.029999732971191,13.029999732971191,45706,0.0,0.0,0.0
2024-05-31 01:15:00+00:00,13.020000457763672,13.020000457763672,13.010000228881836,13.010000228881836,30735,0.0,0.0,0.0
2024-05-31 01:20:00+00:00,13.010000228881836,13.010000228881836,13.0,13.0,172055,0.0,0.0,0.0
2024-05-31 01:25:00+00:00,13.010000228881836,13.020000457763672,13.010000228881836,13.020000457763672,7159,0.0,0.0,0.0
2024-05-31 01:30:00+00:00,13.010000228881836,13.010000228881836,12.989999771118164,12.989999771118164,54505,0.0,0.0,0.0
2024-05-31 01:35:00+00:00,12.979999542236328,12.979999542236328,12.979999542236328,12.979999542236328,154922,0.0,0.0,0.0
2024-05-31 01:40:00+00:00,12.989999771118164,12.989999771118164,12.989999771118164,12.989999771118164,157042,0.0,0.0,0.0
2024-05-31 01:45:00+00:00,12.989999771118164,12.989999771118164,12.979999542236328,12.979999542236328,7874,0.0,0.0,0.0
2024-05-31 01:50:00+00:00,12.989999771118164,13.0,12.989999771118164,13.0,71005,0.0,0.0,0.0
2024-05-31 01:55:00+00:00,12.989999771118164,13.029999732971191,12.989999771118164,13.029999732971191,71085,0.0,0.0,0.0
2024-05-31 02:00:00+00:00,13.029999732971191,13.039999961853027,13.029999732971191,13.039999961853027,9160,0.0,0.0,0.0
2024-05-31 02:05:00+00:00,13.039999961853027,13.039999961853027,13.029999732971191,13.039999961853027,23108,0.0,0.0,0.0
2024-05-31 02:10:00+00:00,13.039999961853027,13.039999961853027,13.010000228881836,13.020000457763672,21005,0.0,0.0,0.0
2024-05-31 02:15:00+00:00,13.020000457763672,13.020000457763672,13.010000228881836,13.020000457763672,42106,0.0,0.0,0.0
2024-05-31 02:20:00+00:00,13.0,13.020000457763672,13.0,13.0,43147,0.0,0.0,0.0
2024-05-31 02:25:00+00:00,13.0,13.0,12.979999542236328,13.0,166316,0.0,0.0,0.0
2024-05-31 02:30:00+00:00,12.989999771118164,13.0,12.989999771118164,13.0,10005,0.0,0.0,0.0
2024-05-31 02:35:00+00:00,13.0,13.0,12.979999542236328,12.979999542236328,35010,0.0,0.0,0.0
2024-05-31 02:40:00+00:00,12.979999542236328,12.979999542236328,12.949999809265137,12.949999809265137,161440,0.0,0.0,0.0
2024-05-31 02:45:00+00:00,12.949999809265137,12.949999809265137,12.9399995803833,12.949999809265137,38005,0.0,0.0,0.0
2024-05-31 02:50:00+00:00,12.949999809265137,12.949999809265137,12.949999809265137,12.949999809265137,11110,0.0,0.0,0.0
2024-05-31 02:55:00+00:00,12.949999809265137,12.949999809265137,12.9399995803833,12.9399995803833,20500,0.0,0.0,0.0
2024-05-31 03:00:00+00:00,12.930000305175781,12.930000305175781,12.920000076293945,12.930000305175781,481549,0.0,0.0,0.0
2024-05-31 03:05:00+00:00,12.920000076293945,12.920000076293945,12.90999984741211,12.90999984741211,372705,0.0,0.0,0.0
2024-05-31 03:10:00+00:00,12.920000076293945,12.920000076293945,12.90999984741211,12.920000076293945,32210,0.0,0.0,0.0
2024-05-31 03:15:00+00:00,12.90999984741211,12.90999984741211,12.880000114440918,12.880000114440918,261697,0.0,0.0,0.0
2024-05-31 03:20:00+00:00,12.880000114440918,12.899999618530273,12.869999885559082,12.899999618530273,122065,0.0,0.0,0.0
2024-05-31 03:25:00+00:00,12.90999984741211,12.930000305175781,12.90999984741211,12.920000076293945,213405,0.0,0.0,0.0
2024-05-31 03:30:00+00:00,12.930000305175781,12.930000305175781,12.920000076293945,12.930000305175781,7156,0.0,0.0,0.0
2024-05-31 03:40:00+00:00,12.920000076293945,12.930000305175781,12.920000076293945,12.920000076293945,18655,0.0,0.0,0.0
2024-05-31 03:45:00+00:00,12.930000305175781,12.930000305175781,12.920000076293945,12.920000076293945,6010,0.0,0.0,0.0
2024-05-31 03:50:00+00:00,12.930000305175781,12.930000305175781,12.930000305175781,12.930000305175781,45160,0.0,0.0,0.0
2024-05-31 04:00:00+00:00,12.930000305175781,12.9399995803833,12.930000305175781,12.930000305175781,28213,0.0,0.0,0.0
2024-05-31 04:05:00+00:00,12.930000305175781,12.930000305175781,12.930000305175781,12.930000305175781,4005,0.0,0.0,0.0
2024-05-31 04:10:00+00:00,12.920000076293945,12.920000076293945,12.920000076293945,12.920000076293945,18805,0.0,0.0,0.0
2024-05-31 04:15:00+00:00,12.90999984741211,12.90999984741211,12.90999984741211,12.90999984741211,23570,0.0,0.0,0.0
2024-05-31 04:20:00+00:00,12.899999618530273,12.90999984741211,12.899999618530273,12.90999984741211,64305,0.0,0.0,0.0
2024-05-31 04:25:00+00:00,12.90999984741211,12.90999984741211,12.899999618530273,12.899999618530273,118005,0.0,0.0,0.0
2024-05-31 04:30:00+00:00,12.899999618530273,12.899999618530273,12.890000343322754,12.899999618530273,16405,0.0,0.0,0.0
2024-05-31 04:35:00+00:00,12.890000343322754,12.890000343322754,12.880000114440918,12.880000114440918,79035,0.0,0.0,0.0
2024-05-31 04:40:00+00:00,12.880000114440918,12.880000114440918,12.869999885559082,12.869999885559082,13749,0.0,0.0,0.0
2024-05-31 04:45:00+00:00,12.869999885559082,12.880000114440918,12.869999885559082,12.869999885559082,65585,0.0,0.0,0.0
2024-05-31 04:50:00+00:00,12.880000114440918,12.890000343322754,12.880000114440918,12.890000343322754,53573,0.0,0.0,0.0
2024-05-31 04:55:00+00:00,12.899999618530273,12.899999618530273,12.890000343322754,12.890000343322754,8949,0.0,0.0,0.0
2024-05-31 05:00:00+00:00,12.890000343322754,12.890000343322754,12.869999885559082,12.869999885559082,77300,0.0,0.0,0.0
2024-05-31 05:05:00+00:00,12.869999885559082,12.869999885559082,12.869999885559082,12.869999885559082,24641,0.0,0.0,0.0
2024-05-31 05:10:00+00:00,12.859999656677246,12.859999656677246,12.859999656677246,12.859999656677246,117270,0.0,0.0,0.0
2024-06-03 01:00:00+00:00,12.930000305175781,13.0,12.930000305175781,12.989999771118164,0,0.0,0.0,0.0
2024-06-03 01:05:00+00:00,12.989999771118164,12.989999771118164,12.979999542236328,12.979999542236328,14520,0.0,0.0,0.0
2024-06-03 01:10:00+00:00,12.979999542236328,12.979999542236328,12.960000038146973,12.960000038146973,29473,0.0,0.0,0.0
2024-06-03 01:15:00+00:00,12.960000038146973,12.979999542236328,12.9399995803833,12.9399995803833,167336,0.0,0.0,0.0
2024-06-03 01:20:00+00:00,12.9399995803833,12.9399995803833,12.930000305175781,12.9399995803833,9506,0.0,0.0,0.0
2024-06-03 01:25:00+00:00,12.930000305175781,12.949999809265137,12.930000305175781,12.949999809265137,80691,0.0,0.0,0.0
2024-06-03 01:30:00+00:00,12.949999809265137,12.960000038146973,12.949999809265137,12.960000038146973,15776,0.0,0.0,0.0
2024-06-03 01:35:00+00:00,12.960000038146973,13.0,12.960000038146973,13.0,614917,0.0,0.0,0.0
2024-06-03 01:40:00+00:00,13.0,13.0,13.0,13.0,121056,0.0,0.0,0.0
2024-06-03 01:45:00+00:00,13.0,13.020000457763672,13.0,13.020000457763672,54485,0.0,0.0,0.0
2024-06-03 01:50:00+00:00,13.010000228881836,13.010000228881836,13.010000228881836,13.010000228881836,16384,0.0,0.0,0.0
2024-06-03 01:55:00+00:00,13.020000457763672,13.029999732971191,13.020000457763672,13.020000457763672,516487,0.0,0.0,0.0
2024-06-03 02:00:00+00:00,13.029999732971191,13.069999694824219,13.029999732971191,13.069999694824219,162277,0.0,0.0,0.0
2024-06-03 02:05:00+00:00,13.050000190734863,13.079999923706055,13.050000190734863,13.069999694824219,269199,0.0,0.0,0.0
2024-06-03 02:10:00+00:00,13.069999694824219,13.079999923706055,13.069999694824219,13.069999694824219,388022,0.0,0.0,0.0
2024-06-03 02:15:00+00:00,13.069999694824219,13.069999694824219,13.069999694824219,13.069999694824219,312007,0.0,0.0,0.0
2024-06-03 02:20:00+00:00,13.079999923706055,13.09000015258789,13.079999923706055,13.09000015258789,24957,0.0,0.0,0.0
2024-06-03 02:25:00+00:00,13.09000015258789,13.09000015258789,13.079999923706055,13.079999923706055,52064,0.0,0.0,0.0
2024-06-03 02:30:00+00:00,13.079999923706055,13.079999923706055,13.069999694824219,13.069999694824219,24153,0.0,0.0,0.0
2024-06-03 02:35:00+00:00,13.069999694824219,13.079999923706055,13.069999694824219,13.069999694824219,36336,0.0,0.0,0.0
2024-06-03 02:40:00+00:00,13.069999694824219,13.069999694824219,13.0600004196167,13.069999694824219,16098,0.0,0.0,0.0
2024-06-03 02:45:00+00:00,13.079999923706055,13.100000381469727,13.079999923706055,13.100000381469727,120379,0.0,0.0,0.0
2024-06-03 02:50:00+00:00,13.100000381469727,13.100000381469727,13.09000015258789,13.09000015258789,17000,0.0,0.0,0.0
2024-06-03 02:55:00+00:00,13.09000015258789,13.09000015258789,13.079999923706055,13.09000015258789,517007,0.0,0.0,0.0
2024-06-03 03:00:00+00:00,13.09000015258789,13.09000015258789,13.09000015258789,13.09000015258789,21342,0.0,0.0,0.0
2024-06-03 03:05:00+00:00,13.09000015258789,13.09000015258789,13.079999923706055,13.09000015258789,10006,0.0,0.0,0.0
2024-06-03 03:10:00+00:00,13.09000015258789,13.09000015258789,13.09000015258789,13.09000015258789,4607,0.0,0.0,0.0
2024-06-03 03:15:00+00:00,13.09000015258789,13.09000015258789,13.09000015258789,13.09000015258789,17349,0.0,0.0,0.0
2024-06-03 03:20:00+00:00,13.079999923706055,13.09000015258789,13.079999923706055,13.079999923706055,19012,0.0,0.0,0.0
2024-06-03 03:25:00+00:00,13.079999923706055,13.079999923706055,13.079999923706055,13.079999923706055,3139,0.0,0.0,0.0
2024-06-03 03:30:00+00:00,13.079999923706055,13.079999923706055,13.069999694824219,13.069999694824219,112113,0.0,0.0,0.0
2024-06-03 03:35:00+00:00,13.079999923706055,13.079999923706055,13.069999694824219,13.069999694824219,2212,0.0,0.0,0.0
2024-06-03 03:40:00+00:00,13.079999923706055,13.079999923706055,13.079999923706055,13.079999923706055,1000,0.0,0.0,0.0
2024-06-03 03:45:00+00:00,13.069999694824219,13.079999923706055,13.069999694824219,13.069999694824219,3306,0.0,0.0,0.0
2024-06-03 03:50:00+00:00,13.0600004196167,13.069999694824219,13.0600004196167,13.0600004196167,8313,0.0,0.0,0.0
2024-06-03 03:55:00+00:00,13.0600004196167,13.0600004196167,13.0600004196167,13.0600004196167,11057,0.0,0.0,0.0
2024-06-03 04:00:00+00:00,13.0600004196167,13.0600004196167,13.0600004196167,13.0600004196167,18661,0.0,0.0,0.0
2024-06-03 04:05:00+00:00,13.050000190734863,13.050000190734863,13.050000190734863,13.050000190734863,114826,0.0,0.0,0.0
2024-06-03 04:10:00+00:00,13.050000190734863,13.050000190734863,13.039999961853027,13.039999961853027,27782,0.0,0.0,0.0
2024-06-03 04:15:00+00:00,13.039999961853027,13.039999961853027,13.029999732971191,13.029999732971191,110181,0.0,0.0,0.0
2024-06-03 04:20:00+00:00,13.029999732971191,13.039999961853027,13.029999732971191,13.039999961853027,7213,0.0,0.0,0.0
2024-06-03 04:25:00+00:00,13.039999961853027,13.050000190734863,13.039999961853027,13.050000190734863,395000,0.0,0.0,0.0
2024-06-03 04:30:00+00:00,13.0600004196167,13.0600004196167,13.039999961853027,13.039999961853027,11414,0.0,0.0,0.0
2024-06-03 04:35:00+00:00,13.039999961853027,13.039999961853027,13.039999961853027,13.039999961853027,1201,0.0,0.0,0.0
2024-06-03 04:40:00+00:00,13.050000190734863,13.050000190734863,13.050000190734863,13.050000190734863,11200,0.0,0.0,0.0
2024-06-03 04:45:00+00:00,13.050000190734863,13.050000190734863,13.050000190734863,13.050000190734863,55088,0.0,0.0,0.0
2024-06-03 04:55:00+00:00,13.0600004196167,13.0600004196167,13.0600004196167,13.0600004196167,1000,0.0,0.0,0.0
2024-06-03 05:00:00+00:00,13.050000190734863,13.050000190734863,13.039999961853027,13.039999961853027,66161,0.0,0.0,0.0
2024-06-03 05:05:00+00:00,13.039999961853027,13.039999961853027,13.039999961853027,13.039999961853027,24543,0.0,0.0,0.0
2024-06-04 01:00:00+00:00,13.020000457763672,13.039999961853027,12.989999771118164,12.989999771118164,0,0.0,0.0,0.0
2024-06-04 01:05:00+00:00,12.989999771118164,12.989999771118164,12.970000267028809,12.970000267028809,91322,0.0,0.0,0.0
2024-06-04 01:10:00+00:00,12.970000267028809,12.979999542236328,12.970000267028809,12.979999542236328,59153,0.0,0.0,0.0
2024-06-04 01:15:00+00:00,12.979999542236328,12.979999542236328,12.979999542236328,12.979999542236328,24178,0.0,0.0,0.0
2024-06-04 01:20:00+00:00,12.979999542236328,12.979999542236328,12.970000267028809,12.970000267028809,33122,0.0,0.0,0.0
2024-06-04 01:25:00+00:00,12.979999542236328,12.979999542236328,12.949999809265137,12.960000038146973,35656,0.0,0.0,0.0
2024-06-04 01:30:00+00:00,12.949999809265137,12.960000038146973,12.949999809265137,12.960000038146973,59676,0.0,0.0,0.0
2024-06-04 01:35:00+00:00,12.9399995803833,12.960000038146973,12.9399995803833,12.960000038146973,32443,0.0,0.0,0.0
2024-06-04 01:40:00+00:00,12.949999809265137,12.970000267028809,12.949999809265137,12.970000267028809,16056,0.0,0.0,0.0
2024-06-04 01:45:00+00:00,12.960000038146973,12.979999542236328,12.960000038146973,12.970000267028809,107443,0.0,0.0,0.0
2024-06-04 01:50:00+00:00,12.970000267028809,12.970000267028809,12.970000267028809,12.970000267028809,12229,0.0,0.0,0.0
2024-06-04 01:55:00+00:00,12.970000267028809,12.989999771118164,12.970000267028809,12.989999771118164,7753,0.0,0.0,0.0
2024-06-04 02:00:00+00:00,12.989999771118164,12.989999771118164,12.960000038146973,12.960000038146973,125335,0.0,0.0,0.0
2024-06-04 02:05:00+00:00,12.970000267028809,12.979999542236328,12.960000038146973,12.960000038146973,106556,0.0,0.0,0.0
2024-06-04 02:10:00+00:00,12.960000038146973,12.960000038146973,12.960000038146973,12.960000038146973,6057,0.0,0.0,0.0
2024-06-04 02:15:00+00:00,12.979999542236328,12.979999542236328,12.979999542236328,12.979999542236328,2157,0.0,0.0,0.0
2024-06-04 02:20:00+00:00,12.960000038146973,12.960000038146973,12.949999809265137,12.949999809265137,160179,0.0,0.0,0.0
2024-06-04 02:25:00+00:00,12.949999809265137,12.949999809265137,12.930000305175781,12.930000305175781,179665,0.0,0.0,0.0
2024-06-04 02:30:00+00:00,12.920000076293945,12.9399995803833,12.920000076293945,12.930000305175781,40644,0.0,0.0,0.0
2024-06-04 02:35:00+00:00,12.930000305175781,12.930000305175781,12.920000076293945,12.920000076293945,38973,0.0,0.0,0.0
2024-06-04 02:40:00+00:00,12.920000076293945,12.930000305175781,12.920000076293945,12.930000305175781,16277,0.0,0.0,0.0
2024-06-04 02:45:00+00:00,12.930000305175781,12.9399995803833,12.90999984741211,12.9399995803833,57057,0.0,0.0,0.0
2024-06-04 02:50:00+00:00,12.930000305175781,12.9399995803833,12.899999618530273,12.899999618530273,229726,0.0,0.0,0.0
2024-06-04 02:55:00+00:00,12.899999618530273,12.899999618530273,12.890000343322754,12.890000343322754,44332,0.0,0.0,0.0
2024-06-04 03:00:00+00:00,12.880000114440918,12.880000114440918,12.869999885559082,12.869999885559082,168263,0.0,0.0,0.0
2024-06-04 03:05:00+00:00,12.880000114440918,12.880000114440918,12.869999885559082,12.880000114440918,404082,0.0,0.0,0.0
2024-06-04 03:10:00+00:00,12.890000343322754,12.890000343322754,12.880000114440918,12.890000343322754,423072,0.0,0.0,0.0
2024-06-04 03:15:00+00:00,12.890000343322754,12.899999618530273,12.890000343322754,12.899999618530273,9157,0.0,0.0,0.0
2024-06-04 03:20:00+00:00,12.899999618530273,12.899999618530273,12.890000343322754,12.890000343322754,133072,0.0,0.0,0.0
2024-06-04 03:25:00+00:00,12.899999618530273,12.90999984741211,12.899999618530273,12.90999984741211,39057,0.0,0.0,0.0
2024-06-04 03:30:00+00:00,12.899999618530273,12.899999618530273,12.890000343322754,12.890000343322754,78055,0.0,0.0,0.0
2024-06-04 03:35:00+00:00,12.890000343322754,12.890000343322754,12.890000343322754,12.890000343322754,7057,0.0,0.0,0.0
2024-06-04 03:40:00+00:00,12.890000343322754,12.90999984741211,12.890000343322754,12.90999984741211,36062,0.0,0.0,0.0
2024-06-04 03:45:00+00:00,12.90999984741211,12.920000076293945,12.90999984741211,12.90999984741211,28057,0.0,0.0,0.0
2024-06-04 03:50:00+00:00,12.90999984741211,12.90999984741211,12.90999984741211,12.90999984741211,11926,0.0,0.0,0.0
2024-06-04 03:55:00+00:00,12.90999984741211,12.90999984741211,12.899999618530273,12.899999618530273,7364,0.0,0.0,0.0
2024-06-04 04:00:00+00:00,12.899999618530273,12.899999618530273,12.890000343322754,12.890000343322754,113163,0.0,0.0,0.0
2024-06-04 04:05:00+00:00,12.890000343322754,12.899999618530273,12.890000343322754,12.899999618530273,5120,0.0,0.0,0.0
2024-06-04 04:10:00+00:00,12.899999618530273,12.899999618530273,12.899999618530273,12.899999618530273,11157,0.0,0.0,0.0
2024-06-04 04:15:00+00:00,12.899999618530273,12.899999618530273,12.899999618530273,12.899999618530273,10056,0.0,0.0,0.0
2024-06-04 04:20:00+00:00,12.920000076293945,12.920000076293945,12.90999984741211,12.920000076293945,3154,0.0,0.0,0.0
2024-06-04 04:25:00+00:00,12.920000076293945,12.920000076293945,12.90999984741211,12.90999984741211,14387,0.0,0.0,0.0
2024-06-04 04:30:00+00:00,12.90999984741211,12.90999984741211,12.899999618530273,12.899999618530273,45656,0.0,0.0,0.0
2024-06-04 04:35:00+00:00,12.899999618530273,12.90999984741211,12.899999618530273,12.90999984741211,12000,0.0,0.0,0.0
2024-06-04 04:40:00+00:00,12.90999984741211,12.90999984741211,12.899999618530273,12.899999618530273,23752,0.0,0.0,0.0
2024-06-04 04:45:00+00:00,12.899999618530273,12.899999618530273,12.899999618530273,12.899999618530273,52122,0.0,0.0,0.0
2024-06-04 04:50:00+00:00,12.899999618530273,12.899999618530273,12.869999885559082,12.869999885559082,308698,0.0,0.0,0.0
2024-06-04 04:55:00+00:00,12.880000114440918,12.880000114440918,12.859999656677246,12.859999656677246,141457,0.0,0.0,0.0
2024-06-04 05:00:00+00:00,12.850000381469727,12.850000381469727,12.850000381469727,12.850000381469727,115538,0.0,0.0,0.0
2024-06-04 05:05:00+00:00,12.850000381469727,12.850000381469727,12.850000381469727,12.850000381469727,56503,0.0,0.0,0.0
2024-06-04 05:10:00+00:00,12.850000381469727,12.859999656677246,12.850000381469727,12.859999656677246,37163,0.0,0.0,0.0
2024-06-04 05:15:00+00:00,12.869999885559082,12.880000114440918,12.859999656677246,12.869999885559082,32292,0.0,0.0,0.0
2024-06-04 05:20:00+00:00,12.880000114440918,12.880000114440918,12.869999885559082,12.869999885559082,27201,0.0,0.0,0.0
2024-06-05 01:00:00+00:00,12.869999885559082,12.920000076293945,12.869999885559082,12.880000114440918,0,0.0,0.0,0.0
2024-06-05 01:05:00+00:00,12.880000114440918,12.880000114440918,12.869999885559082,12.869999885559082,70000,0.0,0.0,0.0
2024-06-05 01:10:00+00:00,12.869999885559082,12.880000114440918,12.859999656677246,12.859999656677246,120063,0.0,0.0,0.0
2024-06-05 01:15:00+00:00,12.859999656677246,12.869999885559082,12.829999923706055,12.829999923706055,39361,0.0,0.0,0.0
2024-06-05 01:20:00+00:00,12.829999923706055,12.84000015258789,12.800000190734863,12.84000015258789,154520,0.0,0.0,0.0
2024-06-05 01:25:00+00:00,12.84000015258789,12.84000015258789,12.84000015258789,12.84000015258789,7207,0.0,0.0,0.0
2024-06-05 01:30:00+00:00,12.84000015258789,12.869999885559082,12.84000015258789,12.869999885559082,16578,0.0,0.0,0.0
2024-06-05 01:35:00+00:00,12.869999885559082,12.880000114440918,12.859999656677246,12.869999885559082,55306,0.0,0.0,0.0
2024-06-05 01:40:00+00:00,12.869999885559082,12.890000343322754,12.850000381469727,12.890000343322754,334627,0.0,0.0,0.0
2024-06-05 01:45:00+00:00,12.899999618530273,12.90999984741211,12.890000343322754,12.899999618530273,83006,0.0,0.0,0.0
2024-06-05 01:50:00+00:00,12.899999618530273,12.899999618530273,12.899999618530273,12.899999618530273,5006,0.0,0.0,0.0
2024-06-05 01:55:00+00:00,12.890000343322754,12.899999618530273,12.890000343322754,12.899999618530273,17007,0.0,0.0,0.0
2024-06-05 02:00:00+00:00,12.890000343322754,12.899999618530273,12.890000343322754,12.899999618530273,259006,0.0,0.0,0.0
2024-06-05 02:05:00+00:00,12.899999618530273,12.90999984741211,12.899999618530273,12.90999984741211,84286,0.0,0.0,0.0
2024-06-05 02:10:00+00:00,12.920000076293945,12.949999809265137,12.920000076293945,12.9399995803833,27176,0.0,0.0,0.0
2024-06-05 02:15:00+00:00,12.949999809265137,12.970000267028809,12.949999809265137,12.949999809265137,95313,0.0,0.0,0.0
2024-06-05 02:30:00+00:00,12.949999809265137,12.949999809265137,12.949999809265137,12.949999809265137,17263,0.0,0.0,0.0
2024-06-05 02:35:00+00:00,12.949999809265137,12.949999809265137,12.949999809265137,12.949999809265137,102007,0.0,0.0,0.0
2024-06-05 02:40:00+00:00,12.9399995803833,12.9399995803833,12.9399995803833,12.9399995803833,2006,0.0,0.0,0.0
2024-06-05 02:45:00+00:00,12.9399995803833,12.9399995803833,12.920000076293945,12.920000076293945,140113,0.0,0.0,0.0
2024-06-05 02:50:00+00:00,12.920000076293945,12.920000076293945,12.899999618530273,12.899999618530273,52294,0.0,0.0,0.0
2024-06-05 02:55:00+00:00,12.899999618530273,12.899999618530273,12.899999618530273,12.899999618530273,6000,0.0,0.0,0.0
2024-06-05 03:00:00+00:00,12.890000343322754,12.899999618530273,12.880000114440918,12.880000114440918,10007,0.0,0.0,0.0
2024-06-05 03:05:00+00:00,12.899999618530273,12.899999618530273,12.869999885559082,12.869999885559082,8162,0.0,0.0,0.0
2024-06-05 03:10:00+00:00,12.869999885559082,12.880000114440918,12.869999885559082,12.880000114440918,3416,0.0,0.0,0.0
2024-06-05 03:15:00+00:00,12.880000114440918,12.880000114440918,12.880000114440918,12.880000114440918,3090,0.0,0.0,0.0
2024-06-05 03:20:00+00:00,12.899999618530273,12.899999618530273,12.899999618530273,12.899999618530273,3000,0.0,0.0,0.0
2024-06-05 03:25:00+00:00,12.899999618530273,12.90999984741211,12.899999618530273,12.90999984741211,5059,0.0,0.0,0.0
2024-06-05 03:30:00+00:00,12.90999984741211,12.90999984741211,12.90999984741211,12.90999984741211,70030,0.0,0.0,0.0
2024-06-05 03:45:00+00:00,12.920000076293945,12.930000305175781,12.920000076293945,12.930000305175781,36203,0.0,0.0,0.0
2024-06-05 03:50:00+00:00,12.9399995803833,12.9399995803833,12.9399995803833,12.9399995803833,2000,0.0,0.0,0.0
2024-06-05 03:55:00+00:00,12.9399995803833,12.9399995803833,12.9399995803833,12.9399995803833,8482,0.0,0.0,0.0
2024-06-05 04:00:00+00:00,12.9399995803833,12.9399995803833,12.9399995803833,12.9399995803833,29278,0.0,0.0,0.0
2024-06-05 04:05:00+00:00,12.9399995803833,12.9399995803833,12.9399995803833,12.9399995803833,41011,0.0,0.0,0.0
2024-06-05 04:10:00+00:00,12.930000305175781,12.930000305175781,12.920000076293945,12.920000076293945,7207,0.0,0.0,0.0
2024-06-05 04:15:00+00:00,12.90999984741211,12.90999984741211,12.90999984741211,12.90999984741211,25006,0.0,0.0,0.0
2024-06-05 04:20:00+00:00,12.90999984741211,12.90999984741211,12.90999984741211,12.90999984741211,24007,0.0,0.0,0.0
2024-06-05 04:25:00+00:00,12.90999984741211,12.90999984741211,12.90999984741211,12.90999984741211,7046,0.0,0.0,0.0
2024-06-05 04:30:00+00:00,12.930000305175781,12.930000305175781,12.930000305175781,12.930000305175781,1010,0.0,0.0,0.0
2024-06-05 04:35:00+00:00,12.920000076293945,12.920000076293945,12.90999984741211,12.90999984741211,11100,0.0,0.0,0.0
2024-06-05 04:40:00+00:00,12.920000076293945,12.920000076293945,12.920000076293945,12.920000076293945,10036,0.0,0.0,0.0
2024-06-05 04:50:00+00:00,12.920000076293945,12.930000305175781,12.90999984741211,12.930000305175781,13198,0.0,0.0,0.0
2024-06-05 04:55:00+00:00,12.930000305175781,12.9399995803833,12.930000305175781,12.9399995803833,48556,0.0,0.0,0.0
2024-06-05 05:00:00+00:00,12.9399995803833,12.9399995803833,12.930000305175781,12.930000305175781,2100,0.0,0.0,0.0
2024-06-05 05:05:00+00:00,12.930000305175781,12.949999809265137,12.920000076293945,12.949999809265137,10177,0.0,0.0,0.0
2024-06-05 05:10:00+00:00,12.949999809265137,12.949999809265137,12.949999809265137,12.949999809265137,1000,0.0,0.0,0.0
2024-06-06 01:00:00+00:00,13.15999984741211,13.229999542236328,13.15999984741211,13.199999809265137,0,0.0,0.0,0.0
2024-06-06 01:05:00+00:00,13.1899995803833,13.199999809265137,13.149999618530273,13.15999984741211,116000,0.0,0.0,0.0
2024-06-06 01:10:00+00:00,13.15999984741211,13.15999984741211,13.15999984741211,13.15999984741211,38655,0.0,0.0,0.0
2024-06-06 01:15:00+00:00,13.149999618530273,13.180000305175781,13.149999618530273,13.170000076293945,33103,0.0,0.0,0.0
2024-06-06 01:20:00+00:00,13.170000076293945,13.199999809265137,13.170000076293945,13.199999809265137,178971,0.0,0.0,0.0
2024-06-06 01:25:00+00:00,13.1899995803833,13.199999809265137,13.1899995803833,13.1899995803833,38215,0.0,0.0,0.0
2024-06-06 01:30:00+00:00,13.1899995803833,13.199999809265137,13.1899995803833,13.199999809265137,45210,0.0,0.0,0.0
2024-06-06 01:35:00+00:00,13.199999809265137,13.210000038146973,13.180000305175781,13.180000305175781,146298,0.0,0.0,0.0
2024-06-06 01:40:00+00:00,13.170000076293945,13.170000076293945,13.15999984741211,13.15999984741211,49904,0.0,0.0,0.0
2024-06-06 01:45:00+00:00,13.15999984741211,13.15999984741211,13.15999984741211,13.15999984741211,8251,0.0,0.0,0.0
2024-06-06 01:50:00+00:00,13.15999984741211,13.170000076293945,13.149999618530273,13.170000076293945,89002,0.0,0.0,0.0
2024-06-06 01:55:00+00:00,13.170000076293945,13.170000076293945,13.170000076293945,13.170000076293945,16000,0.0,0.0,0.0
2024-06-06 02:00:00+00:00,13.180000305175781,13.1899995803833,13.170000076293945,13.180000305175781,226175,0.0,0.0,0.0
2024-06-06 02:05:00+00:00,13.170000076293945,13.170000076293945,13.149999618530273,13.149999618530273,363131,0.0,0.0,0.0
2024-06-06 02:10:00+00:00,13.149999618530273,13.15999984741211,13.140000343322754,13.140000343322754,29002,0.0,0.0,0.0
2024-06-06 02:15:00+00:00,13.15999984741211,13.180000305175781,13.149999618530273,13.180000305175781,68849,0.0,0.0,0.0
2024-06-06 02:20:00+00:00,13.180000305175781,13.180000305175781,13.180000305175781,13.180000305175781,4804,0.0,0.0,0.0
2024-06-06 02:25:00+00:00,13.170000076293945,13.180000305175781,13.170000076293945,13.180000305175781,30100,0.0,0.0,0.0
2024-06-06 02:30:00+00:00,13.1899995803833,13.1899995803833,13.1899995803833,13.1899995803833,2170,0.0,0.0,0.0
2024-06-06 02:35:00+00:00,13.170000076293945,13.170000076293945,13.170000076293945,13.170000076293945,7106,0.0,0.0,0.0
2024-06-06 02:40:00+00:00,13.170000076293945,13.180000305175781,13.170000076293945,13.180000305175781,8002,0.0,0.0,0.0
2024-06-06 02:45:00+00:00,13.180000305175781,13.1899995803833,13.180000305175781,13.1899995803833,152201,0.0,0.0,0.0
2024-06-06 02:50:00+00:00,13.199999809265137,13.199999809265137,13.199999809265137,13.199999809265137,11002,0.0,0.0,0.0
2024-06-06 02:55:00+00:00,13.199999809265137,13.199999809265137,13.1899995803833,13.1899995803833,92001,0.0,0.0,0.0
2024-06-06 03:00:00+00:00,13.199999809265137,13.199999809265137,13.199999809265137,13.199999809265137,33204,0.0,0.0,0.0
2024-06-06 03:05:00+00:00,13.199999809265137,13.210000038146973,13.199999809265137,13.210000038146973,44152,0.0,0.0,0.0
2024-06-06 03:10:00+00:00,13.220000267028809,13.220000267028809,13.199999809265137,13.220000267028809,45002,0.0,0.0,0.0
2024-06-06 03:15:00+00:00,13.220000267028809,13.220000267028809,13.210000038146973,13.210000038146973,7349,0.0,0.0,0.0
2024-06-06 03:20:00+00:00,13.210000038146973,13.210000038146973,13.210000038146973,13.210000038146973,2001,0.0,0.0,0.0
2024-06-06 03:25:00+00:00,13.220000267028809,13.220000267028809,13.210000038146973,13.210000038146973,31470,0.0,0.0,0.0
2024-06-06 03:30:00+00:00,13.210000038146973,13.220000267028809,13.210000038146973,13.220000267028809,80003,0.0,0.0,0.0
2024-06-06 03:35:00+00:00,13.220000267028809,13.220000267028809,13.220000267028809,13.220000267028809,8356,0.0,0.0,0.0
2024-06-06 03:40:00+00:00,13.220000267028809,13.220000267028809,13.210000038146973,13.220000267028809,19001,0.0,0.0,0.0
2024-06-06 03:45:00+00:00,13.210000038146973,13.220000267028809,13.210000038146973,13.210000038146973,24558,0.0,0.0,0.0
2024-06-06 03:50:00+00:00,13.210000038146973,13.220000267028809,13.210000038146973,13.210000038146973,13003,0.0,0.0,0.0
2024-06-06 03:55:00+00:00,13.199999809265137,13.210000038146973,13.199999809265137,13.199999809265137,23040,0.0,0.0,0.0
2024-06-06 04:00:00+00:00,13.1899995803833,13.1899995803833,13.1899995803833,13.1899995803833,42083,0.0,0.0,0.0
2024-06-06 04:05:00+00:00,13.1899995803833,13.1899995803833,13.1899995803833,13.1899995803833,1001,0.0,0.0,0.0
2024-06-06 04:10:00+00:00,13.1899995803833,13.199999809265137,13.1899995803833,13.199999809265137,3002,0.0,0.0,0.0
2024-06-06 04:15:00+00:00,13.1899995803833,13.1899995803833,13.180000305175781,13.180000305175781,24002,0.0,0.0,0.0
2024-06-06 04:20:00+00:00,13.1899995803833,13.1899995803833,13.170000076293945,13.180000305175781,93741,0.0,0.0,0.0
2024-06-06 04:25:00+00:00,13.180000305175781,13.1899995803833,13.180000305175781,13.1899995803833,17000,0.0,0.0,0.0
2024-06-06 04:30:00+00:00,13.1899995803833,13.1899995803833,13.180000305175781,13.1899995803833,35759,0.0,0.0,0.0
2024-06-06 04:35:00+00:00,13.1899995803833,13.1899995803833,13.1899995803833,13.1899995803833,10750,0.0,0.0,0.0
2024-06-06 04:40:00+00:00,13.199999809265137,13.199999809265137,13.1899995803833,13.1899995803833,17529,0.0,0.0,0.0
2024-06-06 04:45:00+00:00,13.1899995803833,13.1899995803833,13.180000305175781,13.180000305175781,11000,0.0,0.0,0.0
2024-06-06 04:50:00+00:00,13.180000305175781,13.1899995803833,13.180000305175781,13.1899995803833,4720,0.0,0.0,0.0
2024-06-06 04:55:00+00:00,13.180000305175781,13.1899995803833,13.180000305175781,13.1899995803833,11004,0.0,0.0,0.0
2024-06-06 05:00:00+00:00,13.1899995803833,13.199999809265137,13.1899995803833,13.199999809265137,34000,0.0,0.0,0.0
2024-06-06 05:05:00+00:00,13.199999809265137,13.210000038146973,13.199999809265137,13.199999809265137,14788,0.0,0.0,0.0
2024-06-06 05:10:00+00:00,13.199999809265137,13.210000038146973,13.199999809265137,13.199999809265137,8583,0.0,0.0,0.0
2024-06-07 01:00:00+00:00,13.149999618530273,13.149999618530273,13.130000114440918,13.140000343322754,0,0.0,0.0,0.0
2024-06-07 01:05:00+00:00,13.140000343322754,13.140000343322754,13.130000114440918,13.140000343322754,14000,0.0,0.0,0.0
2024-06-07 01:10:00+00:00,13.130000114440918,13.140000343322754,13.130000114440918,13.140000343322754,41086,0.0,0.0,0.0
2024-06-07 01:15:00+00:00,13.140000343322754,13.140000343322754,13.140000343322754,13.140000343322754,20013,0.0,0.0,0.0
2024-06-07 01:20:00+00:00,13.149999618530273,13.149999618530273,13.149999618530273,13.149999618530273,239041,0.0,0.0,0.0
2024-06-07 01:25:00+00:00,13.149999618530273,13.15999984741211,13.140000343322754,13.15999984741211,7213,0.0,0.0,0.0
2024-06-07 01:30:00+00:00,13.15999984741211,13.15999984741211,13.140000343322754,13.140000343322754,8025,0.0,0.0,0.0
2024-06-07 01:35:00+00:00,13.149999618530273,13.149999618530273,13.130000114440918,13.130000114440918,26163,0.0,0.0,0.0
2024-06-07 01:40:00+00:00,13.130000114440918,13.130000114440918,13.130000114440918,13.130000114440918,5513,0.0,0.0,0.0
2024-06-07 01:45:00+00:00,13.130000114440918,13.130000114440918,13.130000114440918,13.130000114440918,5383,0.0,0.0,0.0
2024-06-07 01:50:00+00:00,13.130000114440918,13.149999618530273,13.130000114440918,13.149999618530273,39113,0.0,0.0,0.0
2024-06-07 01:55:00+00:00,13.140000343322754,13.140000343322754,13.130000114440918,13.130000114440918,54548,0.0,0.0,0.0
2024-06-07 02:00:00+00:00,13.119999885559082,13.130000114440918,13.109999656677246,13.109999656677246,39836,0.0,0.0,0.0
2024-06-07 02:05:00+00:00,13.109999656677246,13.109999656677246,13.109999656677246,13.109999656677246,6317,0.0,0.0,0.0
2024-06-07 02:10:00+00:00,13.109999656677246,13.109999656677246,13.100000381469727,13.100000381469727,90073,0.0,0.0,0.0
2024-06-07 02:15:00+00:00,13.109999656677246,13.119999885559082,13.100000381469727,13.100000381469727,31126,0.0,0.0,0.0
2024-06-07 02:20:00+00:00,13.100000381469727,13.100000381469727,13.100000381469727,13.100000381469727,50000,0.0,0.0,0.0
2024-06-07 02:25:00+00:00,13.109999656677246,13.109999656677246,13.109999656677246,13.109999656677246,9266,0.0,0.0,0.0
2024-06-07 02:30:00+00:00,13.119999885559082,13.119999885559082,13.100000381469727,13.100000381469727,188000,0.0,0.0,0.0
2024-06-07 02:35:00+00:00,13.100000381469727,13.100000381469727,13.100000381469727,13.100000381469727,12144,0.0,0.0,0.0
2024-06-07 02:40:00+00:00,13.100000381469727,13.100000381469727,13.100000381469727,13.100000381469727,4013,0.0,0.0,0.0
2024-06-07 02:45:00+00:00,13.100000381469727,13.100000381469727,13.100000381469727,13.100000381469727,7016,0.0,0.0,0.0
2024-06-07 02:50:00+00:00,13.100000381469727,13.100000381469727,13.100000381469727,13.100000381469727,4076,0.0,0.0,0.0
2024-06-07 02:55:00+00:00,13.09000015258789,13.09000015258789,13.09000015258789,13.09000015258789,30307,0.0,0.0,0.0
2024-06-07 03:00:00+00:00,13.079999923706055,13.079999923706055,13.079999923706055,13.079999923706055,7420,0.0,0.0,0.0
2024-06-07 03:05:00+00:00,13.079999923706055,13.079999923706055,13.079999923706055,13.079999923706055,2100,0.0,0.0,0.0
2024-06-07 03:10:00+00:00,13.09000015258789,13.09000015258789,13.079999923706055,13.079999923706055,5113,0.0,0.0,0.0
2024-06-07 03:15:00+00:00,13.09000015258789,13.09000015258789,13.09000015258789,13.09000015258789,18045,0.0,0.0,0.0
2024-06-07 03:20:00+00:00,13.100000381469727,13.109999656677246,13.100000381469727,13.109999656677246,7500,0.0,0.0,0.0
2024-06-07 03:25:00+00:00,13.109999656677246,13.109999656677246,13.109999656677246,13.109999656677246,67133,0.0,0.0,0.0
2024-06-07 03:30:00+00:00,13.119999885559082,13.119999885559082,13.119999885559082,13.119999885559082,3023,0.0,0.0,0.0
2024-06-07 03:35:00+00:00,13.119999885559082,13.119999885559082,13.119999885559082,13.119999885559082,5123,0.0,0.0,0.0
2024-06-07 03:40:00+00:00,13.119999885559082,13.119999885559082,13.119999885559082,13.119999885559082,1300,0.0,0.0,0.0
2024-06-07 03:45:00+00:00,13.119999885559082,13.119999885559082,13.119999885559082,13.119999885559082,1046,0.0,0.0,0.0
2024-06-07 03:50:00+00:00,13.119999885559082,13.119999885559082,13.119999885559082,13.119999885559082,8212,0.0,0.0,0.0
2024-06-07 03:55:00+00:00,13.119999885559082,13.119999885559082,13.109999656677246,13.109999656677246,11013,0.0,0.0,0.0
2024-06-07 04:00:00+00:00,13.109999656677246,13.119999885559082,13.109999656677246,13.119999885559082,6013,0.0,0.0,0.0
2024-06-07 04:05:00+00:00,13.119999885559082,13.119999885559082,13.109999656677246,13.109999656677246,50121,0.0,0.0,0.0
2024-06-07 04:10:00+00:00,13.109999656677246,13.109999656677246,13.109999656677246,13.109999656677246,2013,0.0,0.0,0.0
2024-06-07 04:15:00+00:00,13.109999656677246,13.109999656677246,13.109999656677246,13.109999656677246,8181,0.0,0.0,0.0
2024-06-07 04:20:00+00:00,13.109999656677246,13.109999656677246,13.109999656677246,13.109999656677246,1113,0.0,0.0,0.0
2024-06-07 04:25:00+00:00,13.109999656677246,13.109999656677246,13.100000381469727,13.100000381469727,25100,0.0,0.0,0.0
2024-06-07 04:30:00+00:00,13.109999656677246,13.109999656677246,13.109999656677246,13.109999656677246,4413,0.0,0.0,0.0
2024-06-07 04:35:00+00:00,13.100000381469727,13.100000381469727,13.100000381469727,13.100000381469727,1925,0.0,0.0,0.0
2024-06-07 04:40:00+00:00,13.109999656677246,13.109999656677246,13.109999656677246,13.109999656677246,3022,0.0,0.0,0.0
2024-06-07 04:45:00+00:00,13.100000381469727,13.100000381469727,13.100000381469727,13.100000381469727,3000,0.0,0.0,0.0
2024-06-07 04:50:00+00:00,13.109999656677246,13.109999656677246,13.100000381469727,13.100000381469727,10000,0.0,0.0,0.0
2024-06-07 04:55:00+00:00,13.109999656677246,13.109999656677246,13.109999656677246,13.109999656677246,2492,0.0,0.0,0.0
2024-06-07 05:00:00+00:00,13.109999656677246,13.109999656677246,13.109999656677246,13.109999656677246,12178,0.0,0.0,0.0
2024-06-07 05:05:00+00:00,13.109999656677246,13.109999656677246,13.109999656677246,13.109999656677246,18639,0.0,0.0,0.0
2024-06-07 05:10:00+00:00,13.109999656677246,13.109999656677246,13.109999656677246,13.109999656677246,128050,0.0,0.0,0.0
2024-06-11 01:00:00+00:00,13.149999618530273,13.15999984741211,13.140000343322754,13.149999618530273,0,0.0,0.0,0.0
2024-06-11 01:05:00+00:00,13.149999618530273,13.15999984741211,13.130000114440918,13.140000343322754,153004,0.0,0.0,0.0
2024-06-11 01:10:00+00:00,13.130000114440918,13.140000343322754,13.130000114440918,13.140000343322754,57219,0.0,0.0,0.0
2024-06-11 01:20:00+00:00,13.140000343322754,13.140000343322754,13.140000343322754,13.140000343322754,5402,0.0,0.0,0.0
2024-06-11 01:25:00+00:00,13.140000343322754,13.140000343322754,13.140000343322754,13.140000343322754,11003,0.0,0.0,0.0
2024-06-11 01:30:00+00:00,13.149999618530273,13.149999618530273,13.140000343322754,13.140000343322754,40852,0.0,0.0,0.0
2024-06-11 01:35:00+00:00,13.140000343322754,13.149999618530273,13.140000343322754,13.149999618530273,48007,0.0,0.0,0.0
2024-06-11 01:40:00+00:00,13.15999984741211,13.180000305175781,13.15999984741211,13.180000305175781,71003,0.0,0.0,0.0
2024-06-11 01:45:00+00:00,13.1899995803833,13.1899995803833,13.15999984741211,13.15999984741211,44495,0.0,0.0,0.0
2024-06-11 01:50:00+00:00,13.170000076293945,13.170000076293945,13.15999984741211,13.15999984741211,4597,0.0,0.0,0.0
2024-06-11 01:55:00+00:00,13.170000076293945,13.170000076293945,13.170000076293945,13.170000076293945,5100,0.0,0.0,0.0
2024-06-11 02:00:00+00:00,13.180000305175781,13.1899995803833,13.170000076293945,13.170000076293945,29382,0.0,0.0,0.0
2024-06-11 02:05:00+00:00,13.1899995803833,13.199999809265137,13.1899995803833,13.199999809265137,135745,0.0,0.0,0.0
2024-06-11 02:10:00+00:00,13.199999809265137,13.199999809265137,13.1899995803833,13.199999809265137,7004,0.0,0.0,0.0
2024-06-11 02:15:00+00:00,13.210000038146973,13.210000038146973,13.199999809265137,13.199999809265137,8545,0.0,0.0,0.0
2024-06-11 02:20:00+00:00,13.199999809265137,13.199999809265137,13.1899995803833,13.199999809265137,14304,0.0,0.0,0.0
2024-06-11 02:25:00+00:00,13.1899995803833,13.1899995803833,13.1899995803833,13.1899995803833,29003,0.0,0.0,0.0
2024-06-11 02:30:00+00:00,13.1899995803833,13.1899995803833,13.15999984741211,13.15999984741211,97407,0.0,0.0,0.0
2024-06-11 02:35:00+00:00,13.15999984741211,13.15999984741211,13.149999618530273,13.149999618530273,13124,0.0,0.0,0.0
2024-06-11 02:40:00+00:00,13.15999984741211,13.15999984741211,13.149999618530273,13.149999618530273,19003,0.0,0.0,0.0
2024-06-11 02:45:00+00:00,13.15999984741211,13.15999984741211,13.140000343322754,13.140000343322754,336011,0.0,0.0,0.0
2024-06-11 02:50:00+00:00,13.140000343322754,13.149999618530273,13.140000343322754,13.149999618530273,10993,0.0,0.0,0.0
2024-06-11 02:55:00+00:00,13.149999618530273,13.149999618530273,13.149999618530273,13.149999618530273,1004,0.0,0.0,0.0
2024-06-11 03:00:00+00:00,13.149999618530273,13.149999618530273,13.140000343322754,13.149999618530273,22104,0.0,0.0,0.0
2024-06-11 03:05:00+00:00,13.149999618530273,13.149999618530273,13.149999618530273,13.149999618530273,1007,0.0,0.0,0.0
2024-06-11 03:10:00+00:00,13.149999618530273,13.149999618530273,13.149999618530273,13.149999618530273,6004,0.0,0.0,0.0
2024-06-11 03:15:00+00:00,13.15999984741211,13.15999984741211,13.149999618530273,13.149999618530273,7003,0.0,0.0,0.0
2024-06-11 03:20:00+00:00,13.149999618530273,13.149999618530273,13.140000343322754,13.140000343322754,537077,0.0,0.0,0.0
2024-06-11 03:25:00+00:00,13.140000343322754,13.140000343322754,13.140000343322754,13.140000343322754,1000,0.0,0.0,0.0
2024-06-11 03:30:00+00:00,13.140000343322754,13.140000343322754,13.140000343322754,13.140000343322754,7207,0.0,0.0,0.0
2024-06-11 03:35:00+00:00,13.130000114440918,13.140000343322754,13.130000114440918,13.140000343322754,3004,0.0,0.0,0.0
2024-06-11 03:40:00+00:00,13.140000343322754,13.140000343322754,13.130000114440918,13.130000114440918,302147,0.0,0.0,0.0
2024-06-11 03:45:00+00:00,13.130000114440918,13.130000114440918,13.130000114440918,13.130000114440918,414054,0.0,0.0,0.0
2024-06-11 03:50:00+00:00,13.149999618530273,13.149999618530273,13.130000114440918,13.130000114440918,5090,0.0,0.0,0.0
2024-06-11 03:55:00+00:00,13.149999618530273,13.149999618530273,13.140000343322754,13.140000343322754,10407,0.0,0.0,0.0
2024-06-11 04:00:00+00:00,13.140000343322754,13.140000343322754,13.130000114440918,13.130000114440918,29005,0.0,0.0,0.0
2024-06-11 04:05:00+00:00,13.119999885559082,13.119999885559082,13.119999885559082,13.119999885559082,6205,0.0,0.0,0.0
2024-06-11 04:10:00+00:00,13.140000343322754,13.140000343322754,13.140000343322754,13.140000343322754,2174,0.0,0.0,0.0
2024-06-11 04:15:00+00:00,13.130000114440918,13.130000114440918,13.119999885559082,13.130000114440918,15623,0.0,0.0,0.0
2024-06-11 04:20:00+00:00,13.140000343322754,13.149999618530273,13.140000343322754,13.149999618530273,108621,0.0,0.0,0.0
2024-06-11 04:25:00+00:00,13.149999618530273,13.149999618530273,13.149999618530273,13.149999618530273,35000,0.0,0.0,0.0
2024-06-11 04:30:00+00:00,13.149999618530273,13.15999984741211,13.149999618530273,13.149999618530273,12194,0.0,0.0,0.0
2024-06-11 04:35:00+00:00,13.149999618530273,13.149999618530273,13.149999618530273,13.149999618530273,15552,0.0,0.0,0.0
2024-06-11 04:45:00+00:00,13.149999618530273,13.149999618530273,13.149999618530273,13.149999618530273,14014,0.0,0.0,0.0
2024-06-11 04:50:00+00:00,13.149999618530273,13.149999618530273,13.149999618530273,13.149999618530273,2100,0.0,0.0,0.0
2024-06-11 04:55:00+00:00,13.140000343322754,13.140000343322754,13.140000343322754,13.140000343322754,12106,0.0,0.0,0.0
2024-06-11 05:00:00+00:00,13.140000343322754,13.140000343322754,13.140000343322754,13.140000343322754,47436,0.0,0.0,0.0
2024-06-11 05:05:00+00:00,13.140000343322754,13.140000343322754,13.140000343322754,13.140000343322754,15209,0.0,0.0,0.0
2024-06-11 05:10:00+00:00,13.149999618530273,13.149999618530273,13.149999618530273,13.149999618530273,158186,0.0,0.0,0.0
2024-06-12 01:00:00+00:00,13.109999656677246,13.180000305175781,13.109999656677246,13.180000305175781,0,0.0,0.0,0.0
2024-06-12 01:05:00+00:00,13.180000305175781,13.199999809265137,13.180000305175781,13.199999809265137,78000,0.0,0.0,0.0
2024-06-12 01:10:00+00:00,13.199999809265137,13.220000267028809,13.199999809265137,13.210000038146973,82063,0.0,0.0,0.0
2024-06-12 01:15:00+00:00,13.220000267028809,13.220000267028809,13.210000038146973,13.210000038146973,177026,0.0,0.0,0.0
2024-06-12 01:20:00+00:00,13.199999809265137,13.210000038146973,13.199999809265137,13.210000038146973,32054,0.0,0.0,0.0
2024-06-12 01:25:00+00:00,13.210000038146973,13.210000038146973,13.210000038146973,13.210000038146973,2000,0.0,0.0,0.0
2024-06-12 01:30:00+00:00,13.210000038146973,13.239999771118164,13.210000038146973,13.239999771118164,53180,0.0,0.0,0.0
2024-06-12 01:35:00+00:00,13.239999771118164,13.239999771118164,13.229999542236328,13.229999542236328,7528,0.0,0.0,0.0
2024-06-12 01:40:00+00:00,13.239999771118164,13.239999771118164,13.239999771118164,13.239999771118164,36585,0.0,0.0,0.0
2024-06-12 01:45:00+00:00,13.239999771118164,13.25,13.239999771118164,13.25,119017,0.0,0.0,0.0
2024-06-12 01:50:00+00:00,13.260000228881836,13.260000228881836,13.260000228881836,13.260000228881836,17163,0.0,0.0,0.0
2024-06-12 01:55:00+00:00,13.25,13.25,13.229999542236328,13.229999542236328,293268,0.0,0.0,0.0
2024-06-12 02:00:00+00:00,13.229999542236328,13.239999771118164,13.229999542236328,13.239999771118164,22888,0.0,0.0,0.0
2024-06-12 02:05:00+00:00,13.25,13.25,13.229999542236328,13.229999542236328,32350,0.0,0.0,0.0
2024-06-12 02:10:00+00:00,13.239999771118164,13.239999771118164,13.239999771118164,13.239999771118164,6000,0.0,0.0,0.0
2024-06-12 02:15:00+00:00,13.239999771118164,13.25,13.239999771118164,13.239999771118164,39122,0.0,0.0,0.0
2024-06-12 02:20:00+00:00,13.229999542236328,13.229999542236328,13.229999542236328,13.229999542236328,101111,0.0,0.0,0.0
2024-06-12 02:25:00+00:00,13.229999542236328,13.229999542236328,13.229999542236328,13.229999542236328,2256,0.0,0.0,0.0
2024-06-12 02:30:00+00:00,13.239999771118164,13.239999771118164,13.239999771118164,13.239999771118164,1024,0.0,0.0,0.0
2024-06-12 02:35:00+00:00,13.229999542236328,13.239999771118164,13.229999542236328,13.239999771118164,62012,0.0,0.0,0.0
2024-06-12 02:40:00+00:00,13.220000267028809,13.239999771118164,13.220000267028809,13.220000267028809,126112,0.0,0.0,0.0
2024-06-12 02:45:00+00:00,13.210000038146973,13.210000038146973,13.210000038146973,13.210000038146973,2211,0.0,0.0,0.0
2024-06-12 02:50:00+00:00,13.220000267028809,13.229999542236328,13.220000267028809,13.229999542236328,71074,0.0,0.0,0.0
2024-06-12 02:55:00+00:00,13.229999542236328,13.25,13.229999542236328,13.25,136023,0.0,0.0,0.0
2024-06-12 03:00:00+00:00,13.25,13.270000457763672,13.25,13.270000457763672,152840,0.0,0.0,0.0
2024-06-12 03:05:00+00:00,13.270000457763672,13.270000457763672,13.270000457763672,13.270000457763672,14011,0.0,0.0,0.0
2024-06-12 03:10:00+00:00,13.25,13.270000457763672,13.25,13.270000457763672,21412,0.0,0.0,0.0
2024-06-12 03:15:00+00:00,13.260000228881836,13.260000228881836,13.260000228881836,13.260000228881836,8012,0.0,0.0,0.0
2024-06-12 03:20:00+00:00,13.260000228881836,13.260000228881836,13.260000228881836,13.260000228881836,6082,0.0,0.0,0.0
2024-06-12 03:25:00+00:00,13.260000228881836,13.260000228881836,13.25,13.25,13804,0.0,0.0,0.0
2024-06-12 03:30:00+00:00,13.260000228881836,13.279999732971191,13.260000228881836,13.279999732971191,84011,0.0,0.0,0.0
2024-06-12 03:35:00+00:00,13.279999732971191,13.289999961853027,13.270000457763672,13.289999961853027,12029,0.0,0.0,0.0
2024-06-12 03:45:00+00:00,13.289999961853027,13.289999961853027,13.279999732971191,13.279999732971191,5612,0.0,0.0,0.0
2024-06-12 03:50:00+00:00,13.279999732971191,13.279999732971191,13.279999732971191,13.279999732971191,22643,0.0,0.0,0.0
2024-06-12 03:55:00+00:00,13.279999732971191,13.279999732971191,13.279999732971191,13.279999732971191,11073,0.0,0.0,0.0
2024-06-12 04:00:00+00:00,13.289999961853027,13.289999961853027,13.289999961853027,13.289999961853027,59225,0.0,0.0,0.0
2024-06-12 04:05:00+00:00,13.289999961853027,13.300000190734863,13.289999961853027,13.289999961853027,19611,0.0,0.0,0.0
2024-06-12 04:10:00+00:00,13.289999961853027,13.289999961853027,13.289999961853027,13.289999961853027,8059,0.0,0.0,0.0
2024-06-12 04:15:00+00:00,13.289999961853027,13.289999961853027,13.289999961853027,13.289999961853027,13299,0.0,0.0,0.0
2024-06-12 04:20:00+00:00,13.279999732971191,13.279999732971191,13.279999732971191,13.279999732971191,8155,0.0,0.0,0.0
2024-06-12 04:25:00+00:00,13.289999961853027,13.289999961853027,13.289999961853027,13.289999961853027,32112,0.0,0.0,0.0
2024-06-12 04:30:00+00:00,13.289999961853027,13.300000190734863,13.289999961853027,13.300000190734863,29023,0.0,0.0,0.0
2024-06-12 04:35:00+00:00,13.300000190734863,13.3100004196167,13.300000190734863,13.3100004196167,284200,0.0,0.0,0.0
2024-06-12 04:40:00+00:00,13.3100004196167,13.3100004196167,13.3100004196167,13.3100004196167,20585,0.0,0.0,0.0
2024-06-12 04:45:00+00:00,13.3100004196167,13.3100004196167,13.300000190734863,13.300000190734863,115097,0.0,0.0,0.0
2024-06-12 04:50:00+00:00,13.319999694824219,13.319999694824219,13.3100004196167,13.3100004196167,11240,0.0,0.0,0.0
2024-06-12 04:55:00+00:00,13.3100004196167,13.3100004196167,13.3100004196167,13.3100004196167,4171,0.0,0.0,0.0
2024-06-12 05:00:00+00:00,13.3100004196167,13.3100004196167,13.3100004196167,13.3100004196167,21100,0.0,0.0,0.0
2024-06-12 05:05:00+00:00,13.300000190734863,13.3100004196167,13.300000190734863,13.3100004196167,65580,0.0,0.0,0.0
2024-06-12 05:10:00+00:00,13.3100004196167,13.3100004196167,13.3100004196167,13.3100004196167,27274,0.0,0.0,0.0
2024-06-12 05:15:00+00:00,13.3100004196167,13.319999694824219,13.3100004196167,13.319999694824219,30182,0.0,0.0,0.0
2024-06-12 05:20:00+00:00,13.3100004196167,13.34000015258789,13.3100004196167,13.34000015258789,57864,0.0,0.0,0.0
2024-06-13 01:00:00+00:00,13.420000076293945,13.529999732971191,13.420000076293945,13.5,0,0.0,0.0,0.0
2024-06-13 01:05:00+00:00,13.510000228881836,13.520000457763672,13.5,13.520000457763672,89000,0.0,0.0,0.0
2024-06-13 01:10:00+00:00,13.529999732971191,13.550000190734863,13.529999732971191,13.550000190734863,90898,0.0,0.0,0.0
2024-06-13 01:15:00+00:00,13.550000190734863,13.550000190734863,13.539999961853027,13.550000190734863,152976,0.0,0.0,0.0
2024-06-13 01:20:00+00:00,13.5600004196167,13.5600004196167,13.550000190734863,13.5600004196167,22736,0.0,0.0,0.0
2024-06-13 01:25:00+00:00,13.5600004196167,13.569999694824219,13.5600004196167,13.569999694824219,37017,0.0,0.0,0.0
2024-06-13 01:30:00+00:00,13.579999923706055,13.59000015258789,13.569999694824219,13.579999923706055,44426,0.0,0.0,0.0
2024-06-13 01:35:00+00:00,13.579999923706055,13.600000381469727,13.579999923706055,13.59000015258789,22722,0.0,0.0,0.0
2024-06-13 01:40:00+00:00,13.600000381469727,13.600000381469727,13.59000015258789,13.600000381469727,25643,0.0,0.0,0.0
2024-06-13 01:45:00+00:00,13.600000381469727,13.600000381469727,13.579999923706055,13.579999923706055,116106,0.0,0.0,0.0
2024-06-13 01:50:00+00:00,13.569999694824219,13.579999923706055,13.539999961853027,13.5600004196167,159377,0.0,0.0,0.0
2024-06-13 01:55:00+00:00,13.5600004196167,13.579999923706055,13.5600004196167,13.579999923706055,158006,0.0,0.0,0.0
2024-06-13 02:00:00+00:00,13.579999923706055,13.579999923706055,13.550000190734863,13.550000190734863,75590,0.0,0.0,0.0
2024-06-13 02:05:00+00:00,13.550000190734863,13.550000190734863,13.529999732971191,13.529999732971191,17114,0.0,0.0,0.0
2024-06-13 02:10:00+00:00,13.529999732971191,13.529999732971191,13.520000457763672,13.520000457763672,129086,0.0,0.0,0.0
2024-06-13 02:15:00+00:00,13.529999732971191,13.529999732971191,13.489999771118164,13.5,161004,0.0,0.0,0.0
2024-06-13 02:20:00+00:00,13.5,13.5,13.489999771118164,13.5,70917,0.0,0.0,0.0
2024-06-13 02:25:00+00:00,13.5,13.5,13.470000267028809,13.479999542236328,173059,0.0,0.0,0.0
2024-06-13 02:30:00+00:00,13.489999771118164,13.489999771118164,13.470000267028809,13.479999542236328,18518,0.0,0.0,0.0
2024-06-13 02:35:00+00:00,13.470000267028809,13.489999771118164,13.470000267028809,13.470000267028809,140050,0.0,0.0,0.0
2024-06-13 02:40:00+00:00,13.470000267028809,13.5,13.470000267028809,13.5,56929,0.0,0.0,0.0
2024-06-13 02:45:00+00:00,13.5,13.5,13.489999771118164,13.489999771118164,36180,0.0,0.0,0.0
2024-06-13 02:50:00+00:00,13.489999771118164,13.489999771118164,13.489999771118164,13.489999771118164,11523,0.0,0.0,0.0
2024-06-13 02:55:00+00:00,13.489999771118164,13.5,13.489999771118164,13.5,45514,0.0,0.0,0.0
2024-06-13 03:00:00+00:00,13.5,13.510000228881836,13.5,13.5,49086,0.0,0.0,0.0
2024-06-13 03:05:00+00:00,13.489999771118164,13.5,13.489999771118164,13.5,16013,0.0,0.0,0.0
2024-06-13 03:10:00+00:00,13.5,13.5,13.5,13.5,37006,0.0,0.0,0.0
2024-06-13 03:15:00+00:00,13.5,13.510000228881836,13.5,13.510000228881836,62012,0.0,0.0,0.0
2024-06-13 03:20:00+00:00,13.520000457763672,13.520000457763672,13.520000457763672,13.520000457763672,60000,0.0,0.0,0.0
2024-06-13 03:25:00+00:00,13.529999732971191,13.529999732971191,13.510000228881836,13.510000228881836,4011,0.0,0.0,0.0
2024-06-13 03:30:00+00:00,13.510000228881836,13.510000228881836,13.510000228881836,13.510000228881836,10000,0.0,0.0,0.0
2024-06-13 03:35:00+00:00,13.5,13.510000228881836,13.5,13.510000228881836,4078,0.0,0.0,0.0
2024-06-13 03:40:00+00:00,13.510000228881836,13.510000228881836,13.510000228881836,13.510000228881836,1006,0.0,0.0,0.0
2024-06-13 03:45:00+00:00,13.510000228881836,13.510000228881836,13.489999771118164,13.489999771118164,44071,0.0,0.0,0.0
2024-06-13 03:50:00+00:00,13.5,13.5,13.5,13.5,49203,0.0,0.0,0.0
2024-06-13 03:55:00+00:00,13.5,13.520000457763672,13.489999771118164,13.520000457763672,61085,0.0,0.0,0.0
2024-06-13 04:00:00+00:00,13.520000457763672,13.520000457763672,13.520000457763672,13.520000457763672,45236,0.0,0.0,0.0
2024-06-13 04:05:00+00:00,13.529999732971191,13.529999732971191,13.529999732971191,13.529999732971191,4080,0.0,0.0,0.0
2024-06-13 04:10:00+00:00,13.529999732971191,13.529999732971191,13.520000457763672,13.520000457763672,38785,0.0,0.0,0.0
2024-06-13 04:15:00+00:00,13.520000457763672,13.520000457763672,13.479999542236328,13.479999542236328,408212,0.0,0.0,0.0
2024-06-13 04:25:00+00:00,13.489999771118164,13.489999771118164,13.479999542236328,13.489999771118164,5017,0.0,0.0,0.0
2024-06-13 04:30:00+00:00,13.5,13.520000457763672,13.5,13.520000457763672,11610,0.0,0.0,0.0
2024-06-13 04:35:00+00:00,13.510000228881836,13.510000228881836,13.510000228881836,13.510000228881836,4000,0.0,0.0,0.0
2024-06-13 04:40:00+00:00,13.510000228881836,13.520000457763672,13.510000228881836,13.520000457763672,60036,0.0,0.0,0.0
2024-06-13 04:45:00+00:00,13.520000457763672,13.539999961853027,13.520000457763672,13.539999961853027,74700,0.0,0.0,0.0
2024-06-13 04:50:00+00:00,13.550000190734863,13.550000190734863,13.539999961853027,13.539999961853027,22605,0.0,0.0,0.0
2024-06-13 04:55:00+00:00,13.539999961853027,13.539999961853027,13.539999961853027,13.539999961853027,9285,0.0,0.0,0.0
2024-06-13 05:00:00+00:00,13.539999961853027,13.550000190734863,13.539999961853027,13.539999961853027,12000,0.0,0.0,0.0
2024-06-13 05:05:00+00:00,13.539999961853027,13.550000190734863,13.539999961853027,13.539999961853027,13153,0.0,0.0,0.0
2024-06-13 05:10:00+00:00,13.539999961853027,13.539999961853027,13.539999961853027,13.539999961853027,1153,0.0,0.0,0.0
2024-06-14 01:00:00+00:00,13.5600004196167,13.579999923706055,13.550000190734863,13.550000190734863,0,0.0,0.0,0.0
2024-06-14 01:05:00+00:00,13.550000190734863,13.569999694824219,13.550000190734863,13.569999694824219,25053,0.0,0.0,0.0
2024-06-14 01:10:00+00:00,13.569999694824219,13.579999923706055,13.5600004196167,13.569999694824219,100416,0.0,0.0,0.0
2024-06-14 01:15:00+00:00,13.569999694824219,13.569999694824219,13.550000190734863,13.550000190734863,141742,0.0,0.0,0.0
2024-06-14 01:20:00+00:00,13.5600004196167,13.5600004196167,13.539999961853027,13.550000190734863,31748,0.0,0.0,0.0
2024-06-14 01:25:00+00:00,13.539999961853027,13.550000190734863,13.529999732971191,13.529999732971191,21276,0.0,0.0,0.0
2024-06-14 01:30:00+00:00,13.529999732971191,13.539999961853027,13.529999732971191,13.539999961853027,54152,0.0,0.0,0.0
2024-06-14 01:35:00+00:00,13.529999732971191,13.529999732971191,13.529999732971191,13.529999732971191,7073,0.0,0.0,0.0
2024-06-14 01:40:00+00:00,13.529999732971191,13.539999961853027,13.529999732971191,13.529999732971191,20987,0.0,0.0,0.0
2024-06-14 01:45:00+00:00,13.529999732971191,13.539999961853027,13.529999732971191,13.539999961853027,11582,0.0,0.0,0.0
2024-06-14 01:50:00+00:00,13.550000190734863,13.5600004196167,13.550000190734863,13.5600004196167,14864,0.0,0.0,0.0
2024-06-14 02:00:00+00:00,13.569999694824219,13.569999694824219,13.569999694824219,13.569999694824219,14042,0.0,0.0,0.0
2024-06-14 02:05:00+00:00,13.569999694824219,13.569999694824219,13.5600004196167,13.569999694824219,14343,0.0,0.0,0.0
2024-06-14 02:10:00+00:00,13.5600004196167,13.5600004196167,13.5600004196167,13.5600004196167,13042,0.0,0.0,0.0
2024-06-14 02:15:00+00:00,13.5600004196167,13.5600004196167,13.550000190734863,13.550000190734863,51547,0.0,0.0,0.0
2024-06-14 02:20:00+00:00,13.550000190734863,13.5600004196167,13.550000190734863,13.5600004196167,111063,0.0,0.0,0.0
2024-06-14 02:25:00+00:00,13.5600004196167,13.569999694824219,13.5600004196167,13.569999694824219,57072,0.0,0.0,0.0
2024-06-14 02:30:00+00:00,13.569999694824219,13.579999923706055,13.569999694824219,13.579999923706055,149386,0.0,0.0,0.0
2024-06-14 02:35:00+00:00,13.59000015258789,13.600000381469727,13.59000015258789,13.600000381469727,22143,0.0,0.0,0.0
2024-06-14 02:40:00+00:00,13.600000381469727,13.600000381469727,13.600000381469727,13.600000381469727,9092,0.0,0.0,0.0
2024-06-14 02:45:00+00:00,13.600000381469727,13.619999885559082,13.600000381469727,13.619999885559082,122042,0.0,0.0,0.0
2024-06-14 02:50:00+00:00,13.619999885559082,13.630000114440918,13.619999885559082,13.630000114440918,17306,0.0,0.0,0.0
2024-06-14 02:55:00+00:00,13.630000114440918,13.640000343322754,13.630000114440918,13.640000343322754,20342,0.0,0.0,0.0
2024-06-14 03:00:00+00:00,13.630000114440918,13.640000343322754,13.630000114440918,13.630000114440918,119385,0.0,0.0,0.0
2024-06-14 03:05:00+00:00,13.630000114440918,13.640000343322754,13.630000114440918,13.630000114440918,57043,0.0,0.0,0.0
2024-06-14 03:10:00+00:00,13.619999885559082,13.630000114440918,13.619999885559082,13.630000114440918,3042,0.0,0.0,0.0
2024-06-14 03:15:00+00:00,13.619999885559082,13.619999885559082,13.619999885559082,13.619999885559082,18550,0.0,0.0,0.0
2024-06-14 03:20:00+00:00,13.619999885559082,13.619999885559082,13.609999656677246,13.619999885559082,56043,0.0,0.0,0.0
2024-06-14 03:25:00+00:00,13.619999885559082,13.619999885559082,13.619999885559082,13.619999885559082,111192,0.0,0.0,0.0
2024-06-14 03:30:00+00:00,13.619999885559082,13.640000343322754,13.619999885559082,13.640000343322754,93105,0.0,0.0,0.0
2024-06-14 03:35:00+00:00,13.640000343322754,13.640000343322754,13.630000114440918,13.630000114440918,9098,0.0,0.0,0.0
2024-06-14 03:40:00+00:00,13.640000343322754,13.640000343322754,13.640000343322754,13.640000343322754,7400,0.0,0.0,0.0
2024-06-14 03:45:00+00:00,13.640000343322754,13.640000343322754,13.630000114440918,13.630000114440918,13042,0.0,0.0,0.0
2024-06-14 03:50:00+00:00,13.640000343322754,13.640000343322754,13.640000343322754,13.640000343322754,31172,0.0,0.0,0.0
2024-06-14 03:55:00+00:00,13.640000343322754,13.640000343322754,13.640000343322754,13.640000343322754,5366,0.0,0.0,0.0
2024-06-14 04:00:00+00:00,13.640000343322754,13.640000343322754,13.630000114440918,13.630000114440918,11042,0.0,0.0,0.0
2024-06-14 04:05:00+00:00,13.640000343322754,13.640000343322754,13.630000114440918,13.640000343322754,39042,0.0,0.0,0.0
2024-06-14 04:10:00+00:00,13.640000343322754,13.640000343322754,13.630000114440918,13.630000114440918,20635,0.0,0.0,0.0
2024-06-14 04:15:00+00:00,13.630000114440918,13.649999618530273,13.630000114440918,13.630000114440918,14194,0.0,0.0,0.0
2024-06-14 04:20:00+00:00,13.640000343322754,13.640000343322754,13.640000343322754,13.640000343322754,5000,0.0,0.0,0.0
2024-06-14 04:25:00+00:00,13.640000343322754,13.640000343322754,13.630000114440918,13.630000114440918,22185,0.0,0.0,0.0
2024-06-14 04:30:00+00:00,13.630000114440918,13.640000343322754,13.630000114440918,13.640000343322754,10000,0.0,0.0,0.0
2024-06-14 04:35:00+00:00,13.649999618530273,13.649999618530273,13.649999618530273,13.649999618530273,10630,0.0,0.0,0.0
2024-06-14 04:45:00+00:00,13.649999618530273,13.649999618530273,13.649999618530273,13.649999618530273,73243,0.0,0.0,0.0
2024-06-14 04:50:00+00:00,13.649999618530273,13.649999618530273,13.649999618530273,13.649999618530273,11102,0.0,0.0,0.0
2024-06-14 04:55:00+00:00,13.65999984741211,13.65999984741211,13.649999618530273,13.649999618530273,12130,0.0,0.0,0.0
2024-06-14 05:00:00+00:00,13.65999984741211,13.670000076293945,13.65999984741211,13.670000076293945,69438,0.0,0.0,0.0
2024-06-14 05:05:00+00:00,13.680000305175781,13.680000305175781,13.65999984741211,13.65999984741211,31310,0.0,0.0,0.0
2024-06-14 05:10:00+00:00,13.65999984741211,13.670000076293945,13.65999984741211,13.65999984741211,10955,0.0,0.0,0.0
2024-06-17 01:00:00+00:00,13.640000343322754,13.65999984741211,13.640000343322754,13.649999618530273,0,0.0,0.0,0.0
2024-06-17 01:05:00+00:00,13.649999618530273,13.649999618530273,13.630000114440918,13.630000114440918,69370,0.0,0.0,0.0
2024-06-17 01:10:00+00:00,13.640000343322754,13.649999618530273,13.630000114440918,13.649999618530273,30388,0.0,0.0,0.0
2024-06-17 01:15:00+00:00,13.649999618530273,13.649999618530273,13.640000343322754,13.640000343322754,14222,0.0,0.0,0.0
2024-06-17 01:20:00+00:00,13.640000343322754,13.649999618530273,13.640000343322754,13.640000343322754,39650,0.0,0.0,0.0
2024-06-17 01:25:00+00:00,13.630000114440918,13.630000114440918,13.619999885559082,13.619999885559082,110921,0.0,0.0,0.0
2024-06-17 01:30:00+00:00,13.630000114440918,13.649999618530273,13.630000114440918,13.649999618530273,96795,0.0,0.0,0.0
2024-06-17 01:35:00+00:00,13.649999618530273,13.680000305175781,13.649999618530273,13.65999984741211,53021,0.0,0.0,0.0
2024-06-17 01:40:00+00:00,13.670000076293945,13.670000076293945,13.65999984741211,13.65999984741211,20010,0.0,0.0,0.0
2024-06-17 01:45:00+00:00,13.670000076293945,13.670000076293945,13.65999984741211,13.65999984741211,10217,0.0,0.0,0.0
2024-06-17 01:50:00+00:00,13.670000076293945,13.680000305175781,13.65999984741211,13.670000076293945,36953,0.0,0.0,0.0
2024-06-17 01:55:00+00:00,13.670000076293945,13.699999809265137,13.670000076293945,13.699999809265137,5011,0.0,0.0,0.0
2024-06-17 02:00:00+00:00,13.699999809265137,13.710000038146973,13.6899995803833,13.710000038146973,25536,0.0,0.0,0.0
2024-06-17 02:05:00+00:00,13.710000038146973,13.710000038146973,13.699999809265137,13.699999809265137,86714,0.0,0.0,0.0
2024-06-17 02:10:00+00:00,13.710000038146973,13.710000038146973,13.680000305175781,13.680000305175781,27827,0.0,0.0,0.0
2024-06-17 02:15:00+00:00,13.680000305175781,13.6899995803833,13.680000305175781,13.680000305175781,12056,0.0,0.0,0.0
2024-06-17 02:20:00+00:00,13.699999809265137,13.699999809265137,13.680000305175781,13.680000305175781,17011,0.0,0.0,0.0
2024-06-17 02:25:00+00:00,13.670000076293945,13.680000305175781,13.670000076293945,13.670000076293945,149047,0.0,0.0,0.0
2024-06-17 02:30:00+00:00,13.6899995803833,13.6899995803833,13.670000076293945,13.680000305175781,3420,0.0,0.0,0.0
2024-06-17 02:35:00+00:00,13.680000305175781,13.680000305175781,13.670000076293945,13.670000076293945,18011,0.0,0.0,0.0
2024-06-17 02:40:00+00:00,13.6899995803833,13.6899995803833,13.680000305175781,13.680000305175781,8010,0.0,0.0,0.0
2024-06-17 02:45:00+00:00,13.699999809265137,13.699999809265137,13.6899995803833,13.699999809265137,7227,0.0,0.0,0.0
2024-06-17 02:50:00+00:00,13.699999809265137,13.699999809265137,13.680000305175781,13.680000305175781,15011,0.0,0.0,0.0
2024-06-17 02:55:00+00:00,13.699999809265137,13.699999809265137,13.680000305175781,13.680000305175781,6110,0.0,0.0,0.0
2024-06-17 03:00:00+00:00,13.699999809265137,13.699999809265137,13.680000305175781,13.699999809265137,9161,0.0,0.0,0.0
2024-06-17 03:05:00+00:00,13.6899995803833,13.699999809265137,13.6899995803833,13.699999809265137,41020,0.0,0.0,0.0
2024-06-17 03:10:00+00:00,13.6899995803833,13.699999809265137,13.680000305175781,13.680000305175781,7080,0.0,0.0,0.0
2024-06-17 03:15:00+00:00,13.6899995803833,13.699999809265137,13.6899995803833,13.699999809265137,16010,0.0,0.0,0.0
2024-06-17 03:20:00+00:00,13.699999809265137,13.699999809265137,13.680000305175781,13.680000305175781,3813,0.0,0.0,0.0
2024-06-17 03:25:00+00:00,13.699999809265137,13.699999809265137,13.699999809265137,13.699999809265137,1000,0.0,0.0,0.0
2024-06-17 03:30:00+00:00,13.699999809265137,13.699999809265137,13.699999809265137,13.699999809265137,6191,0.0,0.0,0.0
2024-06-17 03:35:00+00:00,13.699999809265137,13.699999809265137,13.6899995803833,13.699999809265137,9192,0.0,0.0,0.0
2024-06-17 03:40:00+00:00,13.680000305175781,13.6899995803833,13.680000305175781,13.6899995803833,43010,0.0,0.0,0.0
2024-06-17 03:45:00+00:00,13.6899995803833,13.6899995803833,13.680000305175781,13.680000305175781,17111,0.0,0.0,0.0
2024-06-17 03:50:00+00:00,13.670000076293945,13.680000305175781,13.670000076293945,13.670000076293945,51323,0.0,0.0,0.0
2024-06-17 03:55:00+00:00,13.670000076293945,13.680000305175781,13.670000076293945,13.680000305175781,4010,0.0,0.0,0.0
2024-06-17 04:00:00+00:00,13.680000305175781,13.680000305175781,13.680000305175781,13.680000305175781,5011,0.0,0.0,0.0
2024-06-17 04:05:00+00:00,13.680000305175781,13.680000305175781,13.670000076293945,13.680000305175781,51180,0.0,0.0,0.0
2024-06-17 04:10:00+00:00,13.670000076293945,13.680000305175781,13.65999984741211,13.680000305175781,176044,0.0,0.0,0.0
2024-06-17 04:20:00+00:00,13.680000305175781,13.680000305175781,13.670000076293945,13.670000076293945,10114,0.0,0.0,0.0
2024-06-17 04:25:00+00:00,13.670000076293945,13.670000076293945,13.670000076293945,13.670000076293945,28110,0.0,0.0,0.0
2024-06-17 04:30:00+00:00,13.670000076293945,13.680000305175781,13.65999984741211,13.680000305175781,50011,0.0,0.0,0.0
2024-06-17 04:35:00+00:00,13.670000076293945,13.670000076293945,13.670000076293945,13.670000076293945,14164,0.0,0.0,0.0
2024-06-17 04:40:00+00:00,13.670000076293945,13.670000076293945,13.670000076293945,13.670000076293945,16585,0.0,0.0,0.0
2024-06-17 04:45:00+00:00,13.670000076293945,13.670000076293945,13.65999984741211,13.65999984741211,11000,0.0,0.0,0.0
2024-06-17 04:50:00+00:00,13.65999984741211,13.65999984741211,13.649999618530273,13.649999618530273,13000,0.0,0.0,0.0
2024-06-17 04:55:00+00:00,13.649999618530273,13.65999984741211,13.649999618530273,13.65999984741211,5942,0.0,0.0,0.0
2024-06-17 05:00:00+00:00,13.65999984741211,13.65999984741211,13.649999618530273,13.649999618530273,141020,0.0,0.0,0.0
2024-06-17 05:05:00+00:00,13.649999618530273,13.649999618530273,13.649999618530273,13.649999618530273,11124,0.0,0.0,0.0
2024-06-17 05:10:00+00:00,13.649999618530273,13.65999984741211,13.649999618530273,13.65999984741211,9124,0.0,0.0,0.0
2024-06-17 05:15:00+00:00,13.649999618530273,13.65999984741211,13.649999618530273,13.65999984741211,6325,0.0,0.0,0.0
2024-06-17 05:20:00+00:00,13.65999984741211,13.65999984741211,13.65999984741211,13.65999984741211,19398,0.0,0.0,0.0
2024-06-18 01:00:00+00:00,13.729999542236328,13.829999923706055,13.720000267028809,13.8100004196167,0,0.0,0.0,0.0
2024-06-18 01:05:00+00:00,13.8100004196167,13.8100004196167,13.779999732971191,13.779999732971191,128765,0.0,0.0,0.0
2024-06-18 01:10:00+00:00,13.779999732971191,13.8100004196167,13.779999732971191,13.8100004196167,46506,0.0,0.0,0.0
2024-06-18 01:15:00+00:00,13.800000190734863,13.8100004196167,13.800000190734863,13.800000190734863,94118,0.0,0.0,0.0
2024-06-18 01:20:00+00:00,13.800000190734863,13.819999694824219,13.800000190734863,13.8100004196167,59079,0.0,0.0,0.0
2024-06-18 01:25:00+00:00,13.800000190734863,13.8100004196167,13.789999961853027,13.800000190734863,15209,0.0,0.0,0.0
2024-06-18 01:30:00+00:00,13.800000190734863,13.8100004196167,13.779999732971191,13.800000190734863,85420,0.0,0.0,0.0
2024-06-18 01:35:00+00:00,13.800000190734863,13.800000190734863,13.779999732971191,13.779999732971191,28425,0.0,0.0,0.0
2024-06-18 01:40:00+00:00,13.779999732971191,13.779999732971191,13.770000457763672,13.770000457763672,95942,0.0,0.0,0.0
2024-06-18 01:45:00+00:00,13.770000457763672,13.770000457763672,13.770000457763672,13.770000457763672,20018,0.0,0.0,0.0
2024-06-18 01:50:00+00:00,13.770000457763672,13.789999961853027,13.760000228881836,13.789999961853027,78109,0.0,0.0,0.0
2024-06-18 01:55:00+00:00,13.779999732971191,13.779999732971191,13.779999732971191,13.779999732971191,2316,0.0,0.0,0.0
2024-06-18 02:00:00+00:00,13.779999732971191,13.779999732971191,13.779999732971191,13.779999732971191,8087,0.0,0.0,0.0
2024-06-18 02:05:00+00:00,13.779999732971191,13.789999961853027,13.779999732971191,13.789999961853027,13008,0.0,0.0,0.0
2024-06-18 02:10:00+00:00,13.789999961853027,13.789999961853027,13.789999961853027,13.789999961853027,5153,0.0,0.0,0.0
2024-06-18 02:15:00+00:00,13.789999961853027,13.789999961853027,13.789999961853027,13.789999961853027,8009,0.0,0.0,0.0
2024-06-18 02:20:00+00:00,13.789999961853027,13.800000190734863,13.789999961853027,13.800000190734863,9268,0.0,0.0,0.0
2024-06-18 02:25:00+00:00,13.800000190734863,13.8100004196167,13.800000190734863,13.8100004196167,31009,0.0,0.0,0.0
2024-06-18 02:30:00+00:00,13.800000190734863,13.819999694824219,13.800000190734863,13.819999694824219,11017,0.0,0.0,0.0
2024-06-18 02:35:00+00:00,13.8100004196167,13.819999694824219,13.8100004196167,13.819999694824219,15307,0.0,0.0,0.0
2024-06-18 02:45:00+00:00,13.819999694824219,13.819999694824219,13.819999694824219,13.819999694824219,10255,0.0,0.0,0.0
2024-06-18 02:50:00+00:00,13.819999694824219,13.829999923706055,13.819999694824219,13.829999923706055,22314,0.0,0.0,0.0
2024-06-18 02:55:00+00:00,13.829999923706055,13.829999923706055,13.829999923706055,13.829999923706055,6161,0.0,0.0,0.0
2024-06-18 03:00:00+00:00,13.829999923706055,13.829999923706055,13.829999923706055,13.829999923706055,6750,0.0,0.0,0.0
2024-06-18 03:05:00+00:00,13.819999694824219,13.829999923706055,13.819999694824219,13.829999923706055,10108,0.0,0.0,0.0
2024-06-18 03:10:00+00:00,13.829999923706055,13.84000015258789,13.829999923706055,13.84000015258789,39009,0.0,0.0,0.0
2024-06-18 03:15:00+00:00,13.84000015258789,13.850000381469727,13.84000015258789,13.850000381469727,11606,0.0,0.0,0.0
2024-06-18 03:20:00+00:00,13.850000381469727,13.850000381469727,13.850000381469727,13.850000381469727,17457,0.0,0.0,0.0
2024-06-18 03:25:00+00:00,13.850000381469727,13.850000381469727,13.84000015258789,13.84000015258789,302100,0.0,0.0,0.0
2024-06-18 03:30:00+00:00,13.84000015258789,13.84000015258789,13.84000015258789,13.84000015258789,74495,0.0,0.0,0.0
2024-06-18 03:35:00+00:00,13.84000015258789,13.84000015258789,13.84000015258789,13.84000015258789,10224,0.0,0.0,0.0
2024-06-18 03:40:00+00:00,13.850000381469727,13.850000381469727,13.84000015258789,13.850000381469727,15000,0.0,0.0,0.0
2024-06-18 03:45:00+00:00,13.850000381469727,13.850000381469727,13.84000015258789,13.850000381469727,12234,0.0,0.0,0.0
2024-06-18 03:50:00+00:00,13.84000015258789,13.84000015258789,13.84000015258789,13.84000015258789,21420,0.0,0.0,0.0
2024-06-18 03:55:00+00:00,13.84000015258789,13.84000015258789,13.819999694824219,13.829999923706055,376436,0.0,0.0,0.0
2024-06-18 04:00:00+00:00,13.84000015258789,13.84000015258789,13.84000015258789,13.84000015258789,1109,0.0,0.0,0.0
2024-06-18 04:05:00+00:00,13.850000381469727,13.850000381469727,13.850000381469727,13.850000381469727,33009,0.0,0.0,0.0
2024-06-18 04:10:00+00:00,13.850000381469727,13.850000381469727,13.850000381469727,13.850000381469727,26008,0.0,0.0,0.0
2024-06-18 04:15:00+00:00,13.859999656677246,13.859999656677246,13.859999656677246,13.859999656677246,24102,0.0,0.0,0.0
2024-06-18 04:20:00+00:00,13.859999656677246,13.859999656677246,13.859999656677246,13.859999656677246,4008,0.0,0.0,0.0
2024-06-18 04:25:00+00:00,13.850000381469727,13.869999885559082,13.850000381469727,13.869999885559082,137124,0.0,0.0,0.0
2024-06-18 04:30:00+00:00,13.869999885559082,13.869999885559082,13.850000381469727,13.869999885559082,57221,0.0,0.0,0.0
2024-06-18 04:35:00+00:00,13.869999885559082,13.869999885559082,13.869999885559082,13.869999885559082,68000,0.0,0.0,0.0
2024-06-18 04:40:00+00:00,13.869999885559082,13.880000114440918,13.869999885559082,13.869999885559082,17020,0.0,0.0,0.0
2024-06-18 04:45:00+00:00,13.869999885559082,13.880000114440918,13.859999656677246,13.859999656677246,35309,0.0,0.0,0.0
2024-06-18 04:50:00+00:00,13.850000381469727,13.869999885559082,13.850000381469727,13.859999656677246,7000,0.0,0.0,0.0
2024-06-18 04:55:00+00:00,13.859999656677246,13.859999656677246,13.859999656677246,13.859999656677246,3095,0.0,0.0,0.0
2024-06-18 05:00:00+00:00,13.869999885559082,13.869999885559082,13.869999885559082,13.869999885559082,3296,0.0,0.0,0.0
2024-06-18 05:10:00+00:00,13.869999885559082,13.869999885559082,13.859999656677246,13.869999885559082,11109,0.0,0.0,0.0
2024-06-18 05:15:00+00:00,13.869999885559082,13.869999885559082,13.869999885559082,13.869999885559082,38070,0.0,0.0,0.0
2024-06-18 05:20:00+00:00,13.869999885559082,13.869999885559082,13.869999885559082,13.869999885559082,46912,0.0,0.0,0.0
2024-06-19 01:00:00+00:00,14.0,14.050000190734863,13.979999542236328,14.050000190734863,0,0.0,0.0,0.0
2024-06-19 01:05:00+00:00,14.050000190734863,14.069999694824219,14.039999961853027,14.039999961853027,713037,0.0,0.0,0.0
2024-06-19 01:10:00+00:00,14.050000190734863,14.069999694824219,14.050000190734863,14.069999694824219,110097,0.0,0.0,0.0
2024-06-19 01:15:00+00:00,14.050000190734863,14.079999923706055,14.050000190734863,14.079999923706055,81328,0.0,0.0,0.0
2024-06-19 01:20:00+00:00,14.079999923706055,14.09000015258789,14.079999923706055,14.079999923706055,200718,0.0,0.0,0.0
2024-06-19 01:25:00+00:00,14.09000015258789,14.100000381469727,14.09000015258789,14.100000381469727,164248,0.0,0.0,0.0
2024-06-19 01:30:00+00:00,14.109999656677246,14.119999885559082,14.100000381469727,14.119999885559082,232827,0.0,0.0,0.0
2024-06-19 01:35:00+00:00,14.119999885559082,14.119999885559082,14.109999656677246,14.119999885559082,34595,0.0,0.0,0.0
2024-06-19 01:40:00+00:00,14.119999885559082,14.130000114440918,14.119999885559082,14.130000114440918,131138,0.0,0.0,0.0
2024-06-19 01:45:00+00:00,14.140000343322754,14.140000343322754,14.100000381469727,14.109999656677246,235005,0.0,0.0,0.0
2024-06-19 01:50:00+00:00,14.100000381469727,14.100000381469727,14.09000015258789,14.100000381469727,412636,0.0,0.0,0.0
2024-06-19 01:55:00+00:00,14.100000381469727,14.109999656677246,14.100000381469727,14.100000381469727,59082,0.0,0.0,0.0
2024-06-19 02:00:00+00:00,14.109999656677246,14.109999656677246,14.09000015258789,14.09000015258789,184507,0.0,0.0,0.0
2024-06-19 02:05:00+00:00,14.09000015258789,14.109999656677246,14.09000015258789,14.109999656677246,143755,0.0,0.0,0.0
2024-06-19 02:10:00+00:00,14.109999656677246,14.119999885559082,14.100000381469727,14.119999885559082,166358,0.0,0.0,0.0
2024-06-19 02:15:00+00:00,14.130000114440918,14.140000343322754,14.119999885559082,14.140000343322754,38138,0.0,0.0,0.0
2024-06-19 02:20:00+00:00,14.140000343322754,14.149999618530273,14.130000114440918,14.140000343322754,15157,0.0,0.0,0.0
2024-06-19 02:25:00+00:00,14.140000343322754,14.149999618530273,14.140000343322754,14.149999618530273,69000,0.0,0.0,0.0
2024-06-19 02:30:00+00:00,14.15999984741211,14.1899995803833,14.15999984741211,14.1899995803833,28662,0.0,0.0,0.0
2024-06-19 02:35:00+00:00,14.1899995803833,14.199999809265137,14.1899995803833,14.1899995803833,14755,0.0,0.0,0.0
2024-06-19 02:40:00+00:00,14.1899995803833,14.210000038146973,14.1899995803833,14.210000038146973,28196,0.0,0.0,0.0
2024-06-19 02:45:00+00:00,14.210000038146973,14.210000038146973,14.199999809265137,14.199999809265137,102171,0.0,0.0,0.0
2024-06-19 02:50:00+00:00,14.199999809265137,14.220000267028809,14.199999809265137,14.210000038146973,161607,0.0,0.0,0.0
2024-06-19 02:55:00+00:00,14.210000038146973,14.220000267028809,14.210000038146973,14.210000038146973,11155,0.0,0.0,0.0
2024-06-19 03:00:00+00:00,14.220000267028809,14.229999542236328,14.220000267028809,14.229999542236328,47542,0.0,0.0,0.0
2024-06-19 03:05:00+00:00,14.229999542236328,14.270000457763672,14.220000267028809,14.260000228881836,216588,0.0,0.0,0.0
2024-06-19 03:10:00+00:00,14.270000457763672,14.270000457763672,14.239999771118164,14.239999771118164,42117,0.0,0.0,0.0
2024-06-19 03:15:00+00:00,14.239999771118164,14.239999771118164,14.210000038146973,14.210000038146973,236498,0.0,0.0,0.0
2024-06-19 03:20:00+00:00,14.229999542236328,14.229999542236328,14.1899995803833,14.199999809265137,157009,0.0,0.0,0.0
2024-06-19 03:25:00+00:00,14.210000038146973,14.210000038146973,14.199999809265137,14.199999809265137,15818,0.0,0.0,0.0
2024-06-19 03:30:00+00:00,14.199999809265137,14.199999809265137,14.199999809265137,14.199999809265137,23355,0.0,0.0,0.0
2024-06-19 03:35:00+00:00,14.199999809265137,14.199999809265137,14.199999809265137,14.199999809265137,17675,0.0,0.0,0.0
2024-06-19 03:40:00+00:00,14.199999809265137,14.210000038146973,14.199999809265137,14.199999809265137,13368,0.0,0.0,0.0
2024-06-19 03:45:00+00:00,14.199999809265137,14.199999809265137,14.1899995803833,14.1899995803833,79119,0.0,0.0,0.0
2024-06-19 03:50:00+00:00,14.1899995803833,14.199999809265137,14.170000076293945,14.199999809265137,192135,0.0,0.0,0.0
2024-06-19 03:55:00+00:00,14.199999809265137,14.220000267028809,14.199999809265137,14.220000267028809,15018,0.0,0.0,0.0
2024-06-19 04:00:00+00:00,14.220000267028809,14.220000267028809,14.220000267028809,14.220000267028809,15166,0.0,0.0,0.0
2024-06-19 04:05:00+00:00,14.229999542236328,14.229999542236328,14.199999809265137,14.220000267028809,56246,0.0,0.0,0.0
2024-06-19 04:10:00+00:00,14.220000267028809,14.229999542236328,14.220000267028809,14.229999542236328,12362,0.0,0.0,0.0
2024-06-19 04:15:00+00:00,14.220000267028809,14.220000267028809,14.220000267028809,14.220000267028809,35425,0.0,0.0,0.0
2024-06-19 04:20:00+00:00,14.220000267028809,14.220000267028809,14.220000267028809,14.220000267028809,38318,0.0,0.0,0.0
2024-06-19 04:25:00+00:00,14.220000267028809,14.220000267028809,14.220000267028809,14.220000267028809,9018,0.0,0.0,0.0
2024-06-19 04:30:00+00:00,14.220000267028809,14.229999542236328,14.199999809265137,14.210000038146973,87278,0.0,0.0,0.0
2024-06-19 04:35:00+00:00,14.210000038146973,14.210000038146973,14.199999809265137,14.199999809265137,23816,0.0,0.0,0.0
2024-06-19 04:40:00+00:00,14.199999809265137,14.199999809265137,14.199999809265137,14.199999809265137,21000,0.0,0.0,0.0
2024-06-19 04:45:00+00:00,14.199999809265137,14.220000267028809,14.199999809265137,14.220000267028809,58000,0.0,0.0,0.0
2024-06-19 04:50:00+00:00,14.229999542236328,14.239999771118164,14.229999542236328,14.239999771118164,34879,0.0,0.0,0.0
2024-06-19 04:55:00+00:00,14.239999771118164,14.25,14.239999771118164,14.25,41768,0.0,0.0,0.0
2024-06-19 05:00:00+00:00,14.239999771118164,14.25,14.239999771118164,14.25,53863,0.0,0.0,0.0
2024-06-19 05:05:00+00:00,14.260000228881836,14.260000228881836,14.25,14.25,20215,0.0,0.0,0.0
2024-06-19 05:10:00+00:00,14.260000228881836,14.260000228881836,14.260000228881836,14.260000228881836,28974,0.0,0.0,0.0
2024-06-19 05:15:00+00:00,14.25,14.260000228881836,14.25,14.260000228881836,20505,0.0,0.0,0.0
2024-06-19 05:20:00+00:00,14.25,14.260000228881836,14.25,14.25,91992,0.0,0.0,0.0
2024-06-20 01:00:00+00:00,14.319999694824219,14.319999694824219,14.260000228881836,14.260000228881836,0,0.0,0.0,0.0
2024-06-20 01:05:00+00:00,14.270000457763672,14.300000190734863,14.260000228881836,14.289999961853027,320000,0.0,0.0,0.0
2024-06-20 01:10:00+00:00,14.270000457763672,14.300000190734863,14.270000457763672,14.289999961853027,121063,0.0,0.0,0.0
2024-06-20 01:15:00+00:00,14.289999961853027,14.319999694824219,14.289999961853027,14.319999694824219,72785,0.0,0.0,0.0
2024-06-20 01:20:00+00:00,14.319999694824219,14.34000015258789,14.319999694824219,14.329999923706055,68029,0.0,0.0,0.0
2024-06-20 01:25:00+00:00,14.329999923706055,14.350000381469727,14.319999694824219,14.319999694824219,152600,0.0,0.0,0.0
2024-06-20 01:30:00+00:00,14.319999694824219,14.350000381469727,14.300000190734863,14.3100004196167,176527,0.0,0.0,0.0
2024-06-20 01:35:00+00:00,14.300000190734863,14.3100004196167,14.289999961853027,14.289999961853027,87587,0.0,0.0,0.0
2024-06-20 01:40:00+00:00,14.289999961853027,14.300000190734863,14.289999961853027,14.300000190734863,111723,0.0,0.0,0.0
2024-06-20 01:45:00+00:00,14.300000190734863,14.329999923706055,14.300000190734863,14.329999923706055,122060,0.0,0.0,0.0
2024-06-20 01:50:00+00:00,14.3100004196167,14.3100004196167,14.279999732971191,14.300000190734863,36407,0.0,0.0,0.0
2024-06-20 01:55:00+00:00,14.289999961853027,14.289999961853027,14.279999732971191,14.289999961853027,7000,0.0,0.0,0.0
2024-06-20 02:00:00+00:00,14.279999732971191,14.289999961853027,14.279999732971191,14.279999732971191,32609,0.0,0.0,0.0
2024-06-20 02:05:00+00:00,14.279999732971191,14.300000190734863,14.279999732971191,14.300000190734863,32009,0.0,0.0,0.0
2024-06-20 02:10:00+00:00,14.300000190734863,14.3100004196167,14.300000190734863,14.3100004196167,3009,0.0,0.0,0.0
2024-06-20 02:15:00+00:00,14.3100004196167,14.3100004196167,14.3100004196167,14.3100004196167,28609,0.0,0.0,0.0
2024-06-20 02:20:00+00:00,14.319999694824219,14.319999694824219,14.3100004196167,14.3100004196167,35101,0.0,0.0,0.0
2024-06-20 02:25:00+00:00,14.3100004196167,14.329999923706055,14.3100004196167,14.329999923706055,28009,0.0,0.0,0.0
2024-06-20 02:30:00+00:00,14.329999923706055,14.329999923706055,14.319999694824219,14.319999694824219,28018,0.0,0.0,0.0
2024-06-20 02:35:00+00:00,14.319999694824219,14.319999694824219,14.319999694824219,14.319999694824219,16010,0.0,0.0,0.0
2024-06-20 02:40:00+00:00,14.319999694824219,14.319999694824219,14.319999694824219,14.319999694824219,4649,0.0,0.0,0.0
2024-06-20 02:45:00+00:00,14.319999694824219,14.329999923706055,14.319999694824219,14.329999923706055,17288,0.0,0.0,0.0
2024-06-20 02:50:00+00:00,14.329999923706055,14.329999923706055,14.329999923706055,14.329999923706055,7010,0.0,0.0,0.0
2024-06-20 02:55:00+00:00,14.319999694824219,14.319999694824219,14.319999694824219,14.319999694824219,53908,0.0,0.0,0.0
2024-06-20 03:00:00+00:00,14.319999694824219,14.319999694824219,14.319999694824219,14.319999694824219,11009,0.0,0.0,0.0
2024-06-20 03:05:00+00:00,14.319999694824219,14.319999694824219,14.3100004196167,14.319999694824219,6552,0.0,0.0,0.0
2024-06-20 03:10:00+00:00,14.319999694824219,14.319999694824219,14.319999694824219,14.319999694824219,4024,0.0,0.0,0.0
2024-06-20 03:15:00+00:00,14.319999694824219,14.319999694824219,14.319999694824219,14.319999694824219,4209,0.0,0.0,0.0
2024-06-20 03:20:00+00:00,14.319999694824219,14.329999923706055,14.319999694824219,14.319999694824219,8399,0.0,0.0,0.0
2024-06-20 03:25:00+00:00,14.319999694824219,14.319999694824219,14.3100004196167,14.3100004196167,75010,0.0,0.0,0.0
2024-06-20 03:30:00+00:00,14.3100004196167,14.3100004196167,14.3100004196167,14.3100004196167,3048,0.0,0.0,0.0
2024-06-20 03:35:00+00:00,14.319999694824219,14.319999694824219,14.3100004196167,14.3100004196167,20789,0.0,0.0,0.0
2024-06-20 03:40:00+00:00,14.319999694824219,14.319999694824219,14.300000190734863,14.300000190734863,10294,0.0,0.0,0.0
2024-06-20 03:45:00+00:00,14.300000190734863,14.319999694824219,14.300000190734863,14.319999694824219,23309,0.0,0.0,0.0
2024-06-20 03:50:00+00:00,14.319999694824219,14.319999694824219,14.3100004196167,14.3100004196167,14727,0.0,0.0,0.0
2024-06-20 03:55:00+00:00,14.319999694824219,14.329999923706055,14.319999694824219,14.329999923706055,31009,0.0,0.0,0.0
2024-06-20 04:00:00+00:00,14.329999923706055,14.329999923706055,14.319999694824219,14.319999694824219,17139,0.0,0.0,0.0
2024-06-20 04:05:00+00:00,14.319999694824219,14.329999923706055,14.319999694824219,14.329999923706055,26149,0.0,0.0,0.0
2024-06-20 04:10:00+00:00,14.34000015258789,14.34000015258789,14.34000015258789,14.34000015258789,44131,0.0,0.0,0.0
2024-06-20 04:15:00+00:00,14.350000381469727,14.350000381469727,14.350000381469727,14.350000381469727,72030,0.0,0.0,0.0
2024-06-20 04:20:00+00:00,14.350000381469727,14.350000381469727,14.350000381469727,14.350000381469727,358118,0.0,0.0,0.0
2024-06-20 04:25:00+00:00,14.359999656677246,14.359999656677246,14.359999656677246,14.359999656677246,17900,0.0,0.0,0.0
2024-06-20 04:30:00+00:00,14.369999885559082,14.369999885559082,14.369999885559082,14.369999885559082,56436,0.0,0.0,0.0
2024-06-20 04:35:00+00:00,14.369999885559082,14.380000114440918,14.369999885559082,14.380000114440918,14203,0.0,0.0,0.0
2024-06-20 04:40:00+00:00,14.380000114440918,14.399999618530273,14.380000114440918,14.399999618530273,67100,0.0,0.0,0.0
2024-06-20 04:45:00+00:00,14.390000343322754,14.40999984741211,14.390000343322754,14.40999984741211,59375,0.0,0.0,0.0
2024-06-20 04:50:00+00:00,14.40999984741211,14.40999984741211,14.390000343322754,14.399999618530273,93305,0.0,0.0,0.0
2024-06-20 04:55:00+00:00,14.390000343322754,14.390000343322754,14.390000343322754,14.390000343322754,16381,0.0,0.0,0.0
2024-06-20 05:00:00+00:00,14.399999618530273,14.40999984741211,14.399999618530273,14.399999618530273,144547,0.0,0.0,0.0
2024-06-20 05:05:00+00:00,14.399999618530273,14.399999618530273,14.390000343322754,14.390000343322754,25622,0.0,0.0,0.0
2024-06-20 05:10:00+00:00,14.399999618530273,14.399999618530273,14.399999618530273,14.399999618530273,64266,0.0,0.0,0.0
2024-06-20 05:15:00+00:00,14.399999618530273,14.399999618530273,14.390000343322754,14.399999618530273,97944,0.0,0.0,0.0
2024-06-20 05:20:00+00:00,14.40999984741211,14.40999984741211,14.399999618530273,14.399999618530273,47325,0.0,0.0,0.0
2024-06-21 01:00:00+00:00,14.300000190734863,14.300000190734863,14.199999809265137,14.260000228881836,0,0.0,0.0,0.0
2024-06-21 01:05:00+00:00,14.25,14.260000228881836,14.220000267028809,14.229999542236328,179905,0.0,0.0,0.0
2024-06-21 01:10:00+00:00,14.229999542236328,14.239999771118164,14.199999809265137,14.220000267028809,214635,0.0,0.0,0.0
2024-06-21 01:15:00+00:00,14.220000267028809,14.229999542236328,14.210000038146973,14.220000267028809,83940,0.0,0.0,0.0
2024-06-21 01:20:00+00:00,14.220000267028809,14.229999542236328,14.210000038146973,14.229999542236328,33475,0.0,0.0,0.0
2024-06-21 01:25:00+00:00,14.239999771118164,14.239999771118164,14.220000267028809,14.239999771118164,25350,0.0,0.0,0.0
2024-06-21 01:30:00+00:00,14.239999771118164,14.25,14.220000267028809,14.229999542236328,138155,0.0,0.0,0.0
2024-06-21 01:35:00+00:00,14.229999542236328,14.229999542236328,14.220000267028809,14.229999542236328,38224,0.0,0.0,0.0
2024-06-21 01:40:00+00:00,14.229999542236328,14.239999771118164,14.229999542236328,14.239999771118164,50173,0.0,0.0,0.0
2024-06-21 01:45:00+00:00,14.239999771118164,14.25,14.239999771118164,14.25,42919,0.0,0.0,0.0
2024-06-21 01:50:00+00:00,14.25,14.260000228881836,14.25,14.25,11165,0.0,0.0,0.0
2024-06-21 01:55:00+00:00,14.270000457763672,14.279999732971191,14.270000457763672,14.279999732971191,23015,0.0,0.0,0.0
2024-06-21 02:00:00+00:00,14.289999961853027,14.300000190734863,14.279999732971191,14.300000190734863,39523,0.0,0.0,0.0
2024-06-21 02:05:00+00:00,14.300000190734863,14.34000015258789,14.300000190734863,14.329999923706055,168195,0.0,0.0,0.0
2024-06-21 02:10:00+00:00,14.329999923706055,14.350000381469727,14.319999694824219,14.319999694824219,60896,0.0,0.0,0.0
2024-06-21 02:15:00+00:00,14.329999923706055,14.34000015258789,14.329999923706055,14.34000015258789,109370,0.0,0.0,0.0
2024-06-21 02:20:00+00:00,14.34000015258789,14.34000015258789,14.3100004196167,14.3100004196167,53960,0.0,0.0,0.0
2024-06-21 02:25:00+00:00,14.3100004196167,14.319999694824219,14.3100004196167,14.3100004196167,15605,0.0,0.0,0.0
2024-06-21 02:30:00+00:00,14.300000190734863,14.300000190734863,14.300000190734863,14.300000190734863,59780,0.0,0.0,0.0
2024-06-21 02:35:00+00:00,14.300000190734863,14.300000190734863,14.300000190734863,14.300000190734863,10029,0.0,0.0,0.0
2024-06-21 02:40:00+00:00,14.3100004196167,14.3100004196167,14.3100004196167,14.3100004196167,2435,0.0,0.0,0.0
2024-06-21 02:45:00+00:00,14.319999694824219,14.329999923706055,14.319999694824219,14.329999923706055,40015,0.0,0.0,0.0
2024-06-21 02:50:00+00:00,14.329999923706055,14.350000381469727,14.329999923706055,14.350000381469727,788237,0.0,0.0,0.0
2024-06-21 02:55:00+00:00,14.350000381469727,14.350000381469727,14.34000015258789,14.34000015258789,133449,0.0,0.0,0.0
2024-06-21 03:00:00+00:00,14.350000381469727,14.350000381469727,14.329999923706055,14.329999923706055,11115,0.0,0.0,0.0
2024-06-21 03:05:00+00:00,14.329999923706055,14.34000015258789,14.329999923706055,14.329999923706055,17121,0.0,0.0,0.0
2024-06-21 03:10:00+00:00,14.329999923706055,14.329999923706055,14.3100004196167,14.319999694824219,20025,0.0,0.0,0.0
2024-06-21 03:15:00+00:00,14.329999923706055,14.34000015258789,14.329999923706055,14.34000015258789,6015,0.0,0.0,0.0
2024-06-21 03:20:00+00:00,14.329999923706055,14.329999923706055,14.329999923706055,14.329999923706055,20516,0.0,0.0,0.0
2024-06-21 03:25:00+00:00,14.329999923706055,14.329999923706055,14.329999923706055,14.329999923706055,6090,0.0,0.0,0.0
2024-06-21 03:30:00+00:00,14.319999694824219,14.319999694824219,14.3100004196167,14.319999694824219,781610,0.0,0.0,0.0
2024-06-21 03:35:00+00:00,14.3100004196167,14.319999694824219,14.3100004196167,14.319999694824219,33761,0.0,0.0,0.0
2024-06-21 03:40:00+00:00,14.319999694824219,14.319999694824219,14.3100004196167,14.3100004196167,5015,0.0,0.0,0.0
2024-06-21 03:45:00+00:00,14.3100004196167,14.3100004196167,14.300000190734863,14.3100004196167,38216,0.0,0.0,0.0
2024-06-21 03:50:00+00:00,14.300000190734863,14.300000190734863,14.289999961853027,14.300000190734863,151230,0.0,0.0,0.0
2024-06-21 03:55:00+00:00,14.300000190734863,14.300000190734863,14.289999961853027,14.300000190734863,12020,0.0,0.0,0.0
2024-06-21 04:00:00+00:00,14.300000190734863,14.300000190734863,14.279999732971191,14.289999961853027,85370,0.0,0.0,0.0
2024-06-21 04:05:00+00:00,14.289999961853027,14.289999961853027,14.289999961853027,14.289999961853027,14115,0.0,0.0,0.0
2024-06-21 04:10:00+00:00,14.289999961853027,14.289999961853027,14.289999961853027,14.289999961853027,7488,0.0,0.0,0.0
2024-06-21 04:15:00+00:00,14.289999961853027,14.300000190734863,14.289999961853027,14.300000190734863,6175,0.0,0.0,0.0
2024-06-21 04:20:00+00:00,14.289999961853027,14.289999961853027,14.289999961853027,14.289999961853027,18315,0.0,0.0,0.0
2024-06-21 04:25:00+00:00,14.279999732971191,14.289999961853027,14.270000457763672,14.270000457763672,102015,0.0,0.0,0.0
2024-06-21 04:30:00+00:00,14.279999732971191,14.279999732971191,14.260000228881836,14.279999732971191,148084,0.0,0.0,0.0
2024-06-21 04:35:00+00:00,14.260000228881836,14.279999732971191,14.260000228881836,14.279999732971191,8597,0.0,0.0,0.0
2024-06-21 04:40:00+00:00,14.270000457763672,14.279999732971191,14.270000457763672,14.279999732971191,23130,0.0,0.0,0.0
2024-06-21 04:45:00+00:00,14.279999732971191,14.279999732971191,14.279999732971191,14.279999732971191,18130,0.0,0.0,0.0
2024-06-21 04:50:00+00:00,14.279999732971191,14.279999732971191,14.279999732971191,14.279999732971191,71659,0.0,0.0,0.0
2024-06-21 04:55:00+00:00,14.279999732971191,14.300000190734863,14.279999732971191,14.289999961853027,38119,0.0,0.0,0.0
2024-06-21 05:00:00+00:00,14.300000190734863,14.300000190734863,14.289999961853027,14.289999961853027,8581,0.0,0.0,0.0
2024-06-21 05:05:00+00:00,14.289999961853027,14.300000190734863,14.289999961853027,14.300000190734863,23880,0.0,0.0,0.0
2024-06-21 05:10:00+00:00,14.300000190734863,14.300000190734863,14.289999961853027,14.289999961853027,15420,0.0,0.0,0.0
2024-06-21 05:15:00+00:00,14.300000190734863,14.300000190734863,14.289999961853027,14.300000190734863,23058,0.0,0.0,0.0
2024-06-21 05:20:00+00:00,14.300000190734863,14.3100004196167,14.300000190734863,14.300000190734863,147763,0.0,0.0,0.0
2024-06-24 01:00:00+00:00,14.239999771118164,14.239999771118164,14.170000076293945,14.180000305175781,0,0.0,0.0,0.0
2024-06-24 01:05:00+00:00,14.180000305175781,14.180000305175781,14.100000381469727,14.100000381469727,259074,0.0,0.0,0.0
2024-06-24 01:10:00+00:00,14.119999885559082,14.119999885559082,14.100000381469727,14.100000381469727,140187,0.0,0.0,0.0
2024-06-24 01:15:00+00:00,14.109999656677246,14.109999656677246,14.069999694824219,14.09000015258789,241503,0.0,0.0,0.0
2024-06-24 01:20:00+00:00,14.09000015258789,14.09000015258789,14.069999694824219,14.09000015258789,120166,0.0,0.0,0.0
2024-06-24 01:25:00+00:00,14.09000015258789,14.119999885559082,14.09000015258789,14.119999885559082,73700,0.0,0.0,0.0
2024-06-24 01:30:00+00:00,14.130000114440918,14.130000114440918,14.079999923706055,14.079999923706055,442617,0.0,0.0,0.0
2024-06-24 01:35:00+00:00,14.069999694824219,14.079999923706055,14.0600004196167,14.0600004196167,79172,0.0,0.0,0.0
2024-06-24 01:40:00+00:00,14.069999694824219,14.069999694824219,14.050000190734863,14.050000190734863,70672,0.0,0.0,0.0
2024-06-24 01:45:00+00:00,14.069999694824219,14.09000015258789,14.050000190734863,14.079999923706055,331250,0.0,0.0,0.0
2024-06-24 01:50:00+00:00,14.079999923706055,14.079999923706055,14.069999694824219,14.069999694824219,77201,0.0,0.0,0.0
2024-06-24 01:55:00+00:00,14.069999694824219,14.09000015258789,14.069999694824219,14.09000015258789,115500,0.0,0.0,0.0
2024-06-24 02:00:00+00:00,14.09000015258789,14.09000015258789,14.039999961853027,14.039999961853027,246789,0.0,0.0,0.0
2024-06-24 02:05:00+00:00,14.039999961853027,14.069999694824219,14.039999961853027,14.039999961853027,185700,0.0,0.0,0.0
2024-06-24 02:10:00+00:00,14.069999694824219,14.069999694824219,14.029999732971191,14.029999732971191,177137,0.0,0.0,0.0
2024-06-24 02:15:00+00:00,14.039999961853027,14.039999961853027,14.029999732971191,14.029999732971191,74297,0.0,0.0,0.0
2024-06-24 02:20:00+00:00,14.029999732971191,14.029999732971191,14.020000457763672,14.020000457763672,97338,0.0,0.0,0.0
2024-06-24 02:25:00+00:00,14.020000457763672,14.020000457763672,14.020000457763672,14.020000457763672,33590,0.0,0.0,0.0
2024-06-24 02:30:00+00:00,14.020000457763672,14.029999732971191,14.020000457763672,14.029999732971191,44440,0.0,0.0,0.0
2024-06-24 02:35:00+00:00,14.029999732971191,14.039999961853027,14.029999732971191,14.039999961853027,114430,0.0,0.0,0.0
2024-06-24 02:40:00+00:00,14.039999961853027,14.039999961853027,14.029999732971191,14.039999961853027,70001,0.0,0.0,0.0
2024-06-24 02:45:00+00:00,14.039999961853027,14.039999961853027,14.029999732971191,14.039999961853027,94550,0.0,0.0,0.0
2024-06-24 02:50:00+00:00,14.039999961853027,14.039999961853027,14.029999732971191,14.039999961853027,8212,0.0,0.0,0.0
2024-06-24 02:55:00+00:00,14.039999961853027,14.039999961853027,14.029999732971191,14.039999961853027,17060,0.0,0.0,0.0
2024-06-24 03:00:00+00:00,14.050000190734863,14.079999923706055,14.050000190734863,14.079999923706055,77429,0.0,0.0,0.0
2024-06-24 03:05:00+00:00,14.079999923706055,14.079999923706055,14.0600004196167,14.069999694824219,53280,0.0,0.0,0.0
2024-06-24 03:10:00+00:00,14.0600004196167,14.0600004196167,14.0600004196167,14.0600004196167,15425,0.0,0.0,0.0
2024-06-24 03:15:00+00:00,14.0600004196167,14.0600004196167,14.039999961853027,14.039999961853027,35766,0.0,0.0,0.0
2024-06-24 03:20:00+00:00,14.050000190734863,14.050000190734863,14.039999961853027,14.039999961853027,29311,0.0,0.0,0.0
2024-06-24 03:25:00+00:00,14.029999732971191,14.039999961853027,14.029999732971191,14.039999961853027,30601,0.0,0.0,0.0
2024-06-24 03:30:00+00:00,14.050000190734863,14.050000190734863,14.050000190734863,14.050000190734863,35200,0.0,0.0,0.0
2024-06-24 03:35:00+00:00,14.050000190734863,14.050000190734863,14.029999732971191,14.039999961853027,15781,0.0,0.0,0.0
2024-06-24 03:40:00+00:00,14.029999732971191,14.029999732971191,14.029999732971191,14.029999732971191,84038,0.0,0.0,0.0
2024-06-24 03:45:00+00:00,14.029999732971191,14.029999732971191,14.010000228881836,14.020000457763672,142781,0.0,0.0,0.0
2024-06-24 03:50:00+00:00,14.020000457763672,14.020000457763672,14.010000228881836,14.020000457763672,107893,0.0,0.0,0.0
2024-06-24 03:55:00+00:00,14.020000457763672,14.020000457763672,14.010000228881836,14.010000228881836,13100,0.0,0.0,0.0
2024-06-24 04:00:00+00:00,14.010000228881836,14.010000228881836,14.0,14.0,383241,0.0,0.0,0.0
2024-06-24 04:05:00+00:00,14.010000228881836,14.010000228881836,13.989999771118164,14.0,43001,0.0,0.0,0.0
2024-06-24 04:10:00+00:00,14.0,14.0,13.989999771118164,13.989999771118164,41329,0.0,0.0,0.0
2024-06-24 04:15:00+00:00,13.989999771118164,14.010000228881836,13.989999771118164,14.0,50570,0.0,0.0,0.0
2024-06-24 04:20:00+00:00,14.0,14.0,14.0,14.0,16312,0.0,0.0,0.0
2024-06-24 04:25:00+00:00,14.0,14.010000228881836,13.989999771118164,14.010000228881836,133428,0.0,0.0,0.0
2024-06-24 04:30:00+00:00,14.0,14.010000228881836,13.989999771118164,13.989999771118164,59656,0.0,0.0,0.0
2024-06-24 04:35:00+00:00,13.989999771118164,14.0,13.989999771118164,14.0,12633,0.0,0.0,0.0
2024-06-24 04:40:00+00:00,14.0,14.010000228881836,14.0,14.0,26300,0.0,0.0,0.0
2024-06-24 04:45:00+00:00,14.0,14.0,13.989999771118164,13.989999771118164,186811,0.0,0.0,0.0
2024-06-24 04:50:00+00:00,13.989999771118164,14.0,13.979999542236328,13.989999771118164,27558,0.0,0.0,0.0
2024-06-24 04:55:00+00:00,13.989999771118164,14.0,13.989999771118164,14.0,4150,0.0,0.0,0.0
2024-06-24 05:00:00+00:00,14.0,14.0,13.989999771118164,14.0,79386,0.0,0.0,0.0
2024-06-24 05:05:00+00:00,14.0,14.0,13.979999542236328,13.989999771118164,34137,0.0,0.0,0.0
2024-06-24 05:10:00+00:00,13.989999771118164,14.0,13.989999771118164,13.989999771118164,41549,0.0,0.0,0.0
2024-06-24 05:15:00+00:00,13.989999771118164,14.0,13.979999542236328,14.0,50046,0.0,0.0,0.0
2024-06-24 05:20:00+00:00,14.0,14.0,13.979999542236328,13.979999542236328,78951,0.0,0.0,0.0
2024-06-25 01:00:00+00:00,13.819999694824219,13.899999618530273,13.789999961853027,13.789999961853027,0,0.0,0.0,0.0
2024-06-25 01:05:00+00:00,13.789999961853027,13.800000190734863,13.760000228881836,13.770000457763672,228431,0.0,0.0,0.0
2024-06-25 01:10:00+00:00,13.760000228881836,13.770000457763672,13.729999542236328,13.729999542236328,207067,0.0,0.0,0.0
2024-06-25 01:15:00+00:00,13.729999542236328,13.729999542236328,13.6899995803833,13.720000267028809,287962,0.0,0.0,0.0
2024-06-25 01:20:00+00:00,13.720000267028809,13.729999542236328,13.710000038146973,13.720000267028809,51984,0.0,0.0,0.0
2024-06-25 01:25:00+00:00,13.710000038146973,13.75,13.710000038146973,13.75,301056,0.0,0.0,0.0
2024-06-25 01:30:00+00:00,13.760000228881836,13.8100004196167,13.760000228881836,13.8100004196167,103393,0.0,0.0,0.0
2024-06-25 01:35:00+00:00,13.8100004196167,13.819999694824219,13.800000190734863,13.8100004196167,146963,0.0,0.0,0.0
2024-06-25 01:40:00+00:00,13.8100004196167,13.829999923706055,13.8100004196167,13.829999923706055,37137,0.0,0.0,0.0
2024-06-25 01:45:00+00:00,13.829999923706055,13.859999656677246,13.829999923706055,13.859999656677246,97381,0.0,0.0,0.0
2024-06-25 01:50:00+00:00,13.869999885559082,13.880000114440918,13.869999885559082,13.880000114440918,83308,0.0,0.0,0.0
2024-06-25 01:55:00+00:00,13.880000114440918,13.899999618530273,13.869999885559082,13.869999885559082,82488,0.0,0.0,0.0
2024-06-25 02:00:00+00:00,13.869999885559082,13.869999885559082,13.850000381469727,13.850000381469727,82185,0.0,0.0,0.0
2024-06-25 02:05:00+00:00,13.850000381469727,13.859999656677246,13.850000381469727,13.859999656677246,14258,0.0,0.0,0.0
2024-06-25 02:10:00+00:00,13.850000381469727,13.859999656677246,13.829999923706055,13.829999923706055,91925,0.0,0.0,0.0
2024-06-25 02:15:00+00:00,13.829999923706055,13.84000015258789,13.829999923706055,13.84000015258789,102200,0.0,0.0,0.0
2024-06-25 02:20:00+00:00,13.859999656677246,13.890000343322754,13.859999656677246,13.880000114440918,37200,0.0,0.0,0.0
2024-06-25 02:25:00+00:00,13.880000114440918,13.899999618530273,13.880000114440918,13.899999618530273,113704,0.0,0.0,0.0
2024-06-25 02:30:00+00:00,13.899999618530273,13.899999618530273,13.899999618530273,13.899999618530273,35109,0.0,0.0,0.0
2024-06-25 02:35:00+00:00,13.890000343322754,13.899999618530273,13.890000343322754,13.899999618530273,5320,0.0,0.0,0.0
2024-06-25 02:40:00+00:00,13.899999618530273,13.920000076293945,13.899999618530273,13.920000076293945,125375,0.0,0.0,0.0
2024-06-25 02:45:00+00:00,13.9399995803833,13.949999809265137,13.930000305175781,13.930000305175781,23036,0.0,0.0,0.0
2024-06-25 02:50:00+00:00,13.920000076293945,13.930000305175781,13.920000076293945,13.920000076293945,24658,0.0,0.0,0.0
2024-06-25 02:55:00+00:00,13.90999984741211,13.920000076293945,13.90999984741211,13.920000076293945,8000,0.0,0.0,0.0
2024-06-25 03:00:00+00:00,13.930000305175781,13.930000305175781,13.920000076293945,13.920000076293945,22079,0.0,0.0,0.0
2024-06-25 03:05:00+00:00,13.920000076293945,13.920000076293945,13.90999984741211,13.90999984741211,20223,0.0,0.0,0.0
2024-06-25 03:10:00+00:00,13.90999984741211,13.920000076293945,13.899999618530273,13.899999618530273,22057,0.0,0.0,0.0
2024-06-25 03:15:00+00:00,13.899999618530273,13.899999618530273,13.880000114440918,13.880000114440918,118761,0.0,0.0,0.0
2024-06-25 03:20:00+00:00,13.880000114440918,13.890000343322754,13.880000114440918,13.890000343322754,5438,0.0,0.0,0.0
2024-06-25 03:25:00+00:00,13.880000114440918,13.890000343322754,13.880000114440918,13.890000343322754,18016,0.0,0.0,0.0
2024-06-25 03:30:00+00:00,13.890000343322754,13.890000343322754,13.890000343322754,13.890000343322754,17754,0.0,0.0,0.0
2024-06-25 03:35:00+00:00,13.890000343322754,13.899999618530273,13.890000343322754,13.899999618530273,186216,0.0,0.0,0.0
2024-06-25 03:40:00+00:00,13.899999618530273,13.90999984741211,13.899999618530273,13.90999984741211,3794,0.0,0.0,0.0
2024-06-25 03:45:00+00:00,13.899999618530273,13.90999984741211,13.899999618530273,13.899999618530273,39030,0.0,0.0,0.0
2024-06-25 03:50:00+00:00,13.899999618530273,13.899999618530273,13.899999618530273,13.899999618530273,1238,0.0,0.0,0.0
2024-06-25 03:55:00+00:00,13.890000343322754,13.890000343322754,13.880000114440918,13.890000343322754,43393,0.0,0.0,0.0
2024-06-25 04:00:00+00:00,13.890000343322754,13.890000343322754,13.890000343322754,13.890000343322754,5019,0.0,0.0,0.0
2024-06-25 04:05:00+00:00,13.890000343322754,13.890000343322754,13.880000114440918,13.890000343322754,23008,0.0,0.0,0.0
2024-06-25 04:10:00+00:00,13.890000343322754,13.890000343322754,13.880000114440918,13.880000114440918,7181,0.0,0.0,0.0
2024-06-25 04:15:00+00:00,13.890000343322754,13.890000343322754,13.890000343322754,13.890000343322754,22068,0.0,0.0,0.0
2024-06-25 04:20:00+00:00,13.890000343322754,13.899999618530273,13.890000343322754,13.899999618530273,183108,0.0,0.0,0.0
2024-06-25 04:25:00+00:00,13.899999618530273,13.90999984741211,13.899999618530273,13.90999984741211,5233,0.0,0.0,0.0
2024-06-25 04:30:00+00:00,13.920000076293945,13.920000076293945,13.920000076293945,13.920000076293945,2093,0.0,0.0,0.0
2024-06-25 04:35:00+00:00,13.920000076293945,13.920000076293945,13.920000076293945,13.920000076293945,5200,0.0,0.0,0.0
2024-06-25 04:40:00+00:00,13.930000305175781,13.930000305175781,13.920000076293945,13.930000305175781,11518,0.0,0.0,0.0
2024-06-25 04:45:00+00:00,13.930000305175781,13.930000305175781,13.930000305175781,13.930000305175781,17517,0.0,0.0,0.0
2024-06-25 04:50:00+00:00,13.930000305175781,13.9399995803833,13.930000305175781,13.9399995803833,25050,0.0,0.0,0.0
2024-06-25 04:55:00+00:00,13.9399995803833,13.949999809265137,13.9399995803833,13.949999809265137,59000,0.0,0.0,0.0
2024-06-25 05:00:00+00:00,13.949999809265137,13.949999809265137,13.9399995803833,13.949999809265137,26650,0.0,0.0,0.0
2024-06-25 05:05:00+00:00,13.949999809265137,13.949999809265137,13.949999809265137,13.949999809265137,36269,0.0,0.0,0.0
2024-06-25 05:10:00+00:00,13.949999809265137,13.970000267028809,13.949999809265137,13.970000267028809,92230,0.0,0.0,0.0
2024-06-25 05:15:00+00:00,13.979999542236328,13.979999542236328,13.970000267028809,13.970000267028809,101632,0.0,0.0,0.0
2024-06-25 05:20:00+00:00,13.970000267028809,13.979999542236328,13.960000038146973,13.960000038146973,61897,0.0,0.0,0.0
2024-06-26 01:00:00+00:00,13.979999542236328,14.079999923706055,13.979999542236328,14.079999923706055,0,0.0,0.0,0.0
2024-06-26 01:05:00+00:00,14.079999923706055,14.100000381469727,14.069999694824219,14.09000015258789,182683,0.0,0.0,0.0
2024-06-26 01:10:00+00:00,14.09000015258789,14.09000015258789,14.050000190734863,14.050000190734863,136131,0.0,0.0,0.0
2024-06-26 01:15:00+00:00,14.0600004196167,14.079999923706055,14.050000190734863,14.079999923706055,104684,0.0,0.0,0.0
2024-06-26 01:20:00+00:00,14.079999923706055,14.119999885559082,14.069999694824219,14.119999885559082,31163,0.0,0.0,0.0
2024-06-26 01:25:00+00:00,14.119999885559082,14.119999885559082,14.109999656677246,14.109999656677246,126600,0.0,0.0,0.0
2024-06-26 01:30:00+00:00,14.109999656677246,14.119999885559082,14.100000381469727,14.100000381469727,28685,0.0,0.0,0.0
2024-06-26 01:35:00+00:00,14.109999656677246,14.109999656677246,14.109999656677246,14.109999656677246,36050,0.0,0.0,0.0
2024-06-26 01:40:00+00:00,14.109999656677246,14.109999656677246,14.09000015258789,14.100000381469727,196226,0.0,0.0,0.0
2024-06-26 01:45:00+00:00,14.100000381469727,14.100000381469727,14.09000015258789,14.100000381469727,8112,0.0,0.0,0.0
2024-06-26 01:50:00+00:00,14.100000381469727,14.109999656677246,14.100000381469727,14.109999656677246,7135,0.0,0.0,0.0
2024-06-26 01:55:00+00:00,14.109999656677246,14.130000114440918,14.109999656677246,14.119999885559082,144063,0.0,0.0,0.0
2024-06-26 02:00:00+00:00,14.130000114440918,14.130000114440918,14.119999885559082,14.130000114440918,32825,0.0,0.0,0.0
2024-06-26 02:05:00+00:00,14.130000114440918,14.140000343322754,14.130000114440918,14.130000114440918,33592,0.0,0.0,0.0
2024-06-26 02:10:00+00:00,14.140000343322754,14.140000343322754,14.140000343322754,14.140000343322754,38377,0.0,0.0,0.0
2024-06-26 02:15:00+00:00,14.140000343322754,14.149999618530273,14.140000343322754,14.140000343322754,12433,0.0,0.0,0.0
2024-06-26 02:20:00+00:00,14.140000343322754,14.149999618530273,14.140000343322754,14.149999618530273,9516,0.0,0.0,0.0
2024-06-26 02:25:00+00:00,14.149999618530273,14.149999618530273,14.119999885559082,14.119999885559082,31050,0.0,0.0,0.0
2024-06-26 02:30:00+00:00,14.140000343322754,14.140000343322754,14.130000114440918,14.130000114440918,23644,0.0,0.0,0.0
2024-06-26 02:35:00+00:00,14.130000114440918,14.140000343322754,14.130000114440918,14.140000343322754,21182,0.0,0.0,0.0
2024-06-26 02:40:00+00:00,14.140000343322754,14.140000343322754,14.140000343322754,14.140000343322754,29013,0.0,0.0,0.0
2024-06-26 02:45:00+00:00,14.140000343322754,14.140000343322754,14.130000114440918,14.130000114440918,14338,0.0,0.0,0.0
2024-06-26 02:50:00+00:00,14.140000343322754,14.140000343322754,14.140000343322754,14.140000343322754,2034,0.0,0.0,0.0
2024-06-26 02:55:00+00:00,14.140000343322754,14.140000343322754,14.119999885559082,14.119999885559082,39413,0.0,0.0,0.0
2024-06-26 03:00:00+00:00,14.109999656677246,14.130000114440918,14.109999656677246,14.130000114440918,5366,0.0,0.0,0.0
2024-06-26 03:05:00+00:00,14.119999885559082,14.119999885559082,14.119999885559082,14.119999885559082,7012,0.0,0.0,0.0
2024-06-26 03:10:00+00:00,14.119999885559082,14.119999885559082,14.119999885559082,14.119999885559082,16028,0.0,0.0,0.0
2024-06-26 03:15:00+00:00,14.119999885559082,14.119999885559082,14.09000015258789,14.09000015258789,180273,0.0,0.0,0.0
2024-06-26 03:20:00+00:00,14.079999923706055,14.09000015258789,14.0600004196167,14.0600004196167,63247,0.0,0.0,0.0
2024-06-26 03:25:00+00:00,14.050000190734863,14.050000190734863,14.039999961853027,14.039999961853027,171332,0.0,0.0,0.0
2024-06-26 03:30:00+00:00,14.039999961853027,14.050000190734863,14.039999961853027,14.050000190734863,11233,0.0,0.0,0.0
2024-06-26 03:35:00+00:00,14.050000190734863,14.0600004196167,14.020000457763672,14.020000457763672,199150,0.0,0.0,0.0
2024-06-26 03:40:00+00:00,14.029999732971191,14.029999732971191,14.020000457763672,14.029999732971191,25072,0.0,0.0,0.0
2024-06-26 03:45:00+00:00,14.029999732971191,14.029999732971191,14.020000457763672,14.029999732971191,6612,0.0,0.0,0.0
2024-06-26 03:50:00+00:00,14.029999732971191,14.029999732971191,14.029999732971191,14.029999732971191,25311,0.0,0.0,0.0
2024-06-26 03:55:00+00:00,14.039999961853027,14.039999961853027,14.039999961853027,14.039999961853027,13127,0.0,0.0,0.0
2024-06-26 04:00:00+00:00,14.039999961853027,14.039999961853027,14.039999961853027,14.039999961853027,9404,0.0,0.0,0.0
2024-06-26 04:05:00+00:00,14.050000190734863,14.050000190734863,14.050000190734863,14.050000190734863,13000,0.0,0.0,0.0
2024-06-26 04:10:00+00:00,14.0600004196167,14.0600004196167,14.050000190734863,14.0600004196167,32113,0.0,0.0,0.0
2024-06-26 04:15:00+00:00,14.0600004196167,14.069999694824219,14.0600004196167,14.0600004196167,14585,0.0,0.0,0.0
2024-06-26 04:20:00+00:00,14.069999694824219,14.069999694824219,14.069999694824219,14.069999694824219,2000,0.0,0.0,0.0
2024-06-26 04:25:00+00:00,14.069999694824219,14.069999694824219,14.069999694824219,14.069999694824219,3013,0.0,0.0,0.0
2024-06-26 04:30:00+00:00,14.069999694824219,14.069999694824219,14.069999694824219,14.069999694824219,98713,0.0,0.0,0.0
2024-06-26 04:35:00+00:00,14.069999694824219,14.069999694824219,14.069999694824219,14.069999694824219,17198,0.0,0.0,0.0
2024-06-26 04:40:00+00:00,14.069999694824219,14.069999694824219,14.069999694824219,14.069999694824219,9158,0.0,0.0,0.0
2024-06-26 04:45:00+00:00,14.069999694824219,14.069999694824219,14.069999694824219,14.069999694824219,2373,0.0,0.0,0.0
2024-06-26 04:50:00+00:00,14.069999694824219,14.069999694824219,14.069999694824219,14.069999694824219,8163,0.0,0.0,0.0
2024-06-26 04:55:00+00:00,14.0600004196167,14.069999694824219,14.0600004196167,14.069999694824219,2022,0.0,0.0,0.0
2024-06-26 05:00:00+00:00,14.069999694824219,14.069999694824219,14.0600004196167,14.0600004196167,61354,0.0,0.0,0.0
2024-06-26 05:05:00+00:00,14.069999694824219,14.069999694824219,14.069999694824219,14.069999694824219,8023,0.0,0.0,0.0
2024-06-26 05:10:00+00:00,14.079999923706055,14.079999923706055,14.079999923706055,14.079999923706055,29323,0.0,0.0,0.0
2024-06-26 05:15:00+00:00,14.079999923706055,14.079999923706055,14.079999923706055,14.079999923706055,37447,0.0,0.0,0.0
2024-06-26 05:20:00+00:00,14.09000015258789,14.09000015258789,14.079999923706055,14.09000015258789,157515,0.0,0.0,0.0
2024-06-27 01:00:00+00:00,14.0,14.0,13.970000267028809,13.979999542236328,0,0.0,0.0,0.0
2024-06-27 01:05:00+00:00,13.979999542236328,14.010000228881836,13.979999542236328,13.979999542236328,91306,0.0,0.0,0.0
2024-06-27 01:10:00+00:00,13.989999771118164,13.989999771118164,13.979999542236328,13.979999542236328,14850,0.0,0.0,0.0
2024-06-27 01:15:00+00:00,13.979999542236328,14.0,13.979999542236328,14.0,8441,0.0,0.0,0.0
2024-06-27 01:20:00+00:00,14.0,14.0,13.979999542236328,13.979999542236328,303675,0.0,0.0,0.0
2024-06-27 01:25:00+00:00,13.989999771118164,14.010000228881836,13.989999771118164,14.010000228881836,8359,0.0,0.0,0.0
2024-06-27 01:30:00+00:00,14.0,14.0,14.0,14.0,1482,0.0,0.0,0.0
2024-06-27 01:35:00+00:00,14.020000457763672,14.029999732971191,14.020000457763672,14.029999732971191,5502,0.0,0.0,0.0
2024-06-27 01:40:00+00:00,14.020000457763672,14.029999732971191,14.020000457763672,14.020000457763672,16101,0.0,0.0,0.0
2024-06-27 01:45:00+00:00,14.020000457763672,14.020000457763672,14.020000457763672,14.020000457763672,9101,0.0,0.0,0.0
2024-06-27 01:50:00+00:00,14.010000228881836,14.020000457763672,14.010000228881836,14.020000457763672,15868,0.0,0.0,0.0
2024-06-27 01:55:00+00:00,14.029999732971191,14.029999732971191,14.020000457763672,14.029999732971191,21651,0.0,0.0,0.0
2024-06-27 02:00:00+00:00,14.039999961853027,14.050000190734863,14.029999732971191,14.050000190734863,48109,0.0,0.0,0.0
2024-06-27 02:05:00+00:00,14.069999694824219,14.079999923706055,14.069999694824219,14.079999923706055,18909,0.0,0.0,0.0
2024-06-27 02:10:00+00:00,14.0600004196167,14.069999694824219,14.0600004196167,14.069999694824219,12522,0.0,0.0,0.0
2024-06-27 02:15:00+00:00,14.079999923706055,14.079999923706055,14.079999923706055,14.079999923706055,68000,0.0,0.0,0.0
2024-06-27 02:20:00+00:00,14.079999923706055,14.09000015258789,14.069999694824219,14.09000015258789,49101,0.0,0.0,0.0
2024-06-27 02:25:00+00:00,14.079999923706055,14.079999923706055,14.050000190734863,14.050000190734863,26944,0.0,0.0,0.0
2024-06-27 02:30:00+00:00,14.0600004196167,14.0600004196167,14.0600004196167,14.0600004196167,2331,0.0,0.0,0.0
2024-06-27 02:35:00+00:00,14.0600004196167,14.0600004196167,14.0600004196167,14.0600004196167,2227,0.0,0.0,0.0
2024-06-27 02:45:00+00:00,14.0600004196167,14.069999694824219,14.0600004196167,14.069999694824219,35101,0.0,0.0,0.0
2024-06-27 02:50:00+00:00,14.0600004196167,14.069999694824219,14.039999961853027,14.039999961853027,55239,0.0,0.0,0.0
2024-06-27 02:55:00+00:00,14.039999961853027,14.039999961853027,14.039999961853027,14.039999961853027,2400,0.0,0.0,0.0
2024-06-27 03:00:00+00:00,14.050000190734863,14.079999923706055,14.050000190734863,14.079999923706055,158002,0.0,0.0,0.0
2024-06-27 03:05:00+00:00,14.100000381469727,14.100000381469727,14.079999923706055,14.079999923706055,3001,0.0,0.0,0.0
2024-06-27 03:10:00+00:00,14.09000015258789,14.09000015258789,14.079999923706055,14.079999923706055,128202,0.0,0.0,0.0
2024-06-27 03:15:00+00:00,14.09000015258789,14.09000015258789,14.079999923706055,14.079999923706055,2000,0.0,0.0,0.0
2024-06-27 03:20:00+00:00,14.079999923706055,14.079999923706055,14.069999694824219,14.069999694824219,28201,0.0,0.0,0.0
2024-06-27 03:30:00+00:00,14.069999694824219,14.069999694824219,14.069999694824219,14.069999694824219,24063,0.0,0.0,0.0
2024-06-27 03:35:00+00:00,14.069999694824219,14.069999694824219,14.069999694824219,14.069999694824219,20502,0.0,0.0,0.0
2024-06-27 03:40:00+00:00,14.069999694824219,14.069999694824219,14.0600004196167,14.0600004196167,4999,0.0,0.0,0.0
2024-06-27 03:45:00+00:00,14.0600004196167,14.079999923706055,14.0600004196167,14.079999923706055,2001,0.0,0.0,0.0
2024-06-27 03:50:00+00:00,14.079999923706055,14.079999923706055,14.079999923706055,14.079999923706055,7202,0.0,0.0,0.0
2024-06-27 03:55:00+00:00,14.069999694824219,14.069999694824219,14.0600004196167,14.0600004196167,161351,0.0,0.0,0.0
2024-06-27 04:00:00+00:00,14.0600004196167,14.069999694824219,14.0600004196167,14.069999694824219,12120,0.0,0.0,0.0
2024-06-27 04:05:00+00:00,14.069999694824219,14.079999923706055,14.069999694824219,14.079999923706055,57107,0.0,0.0,0.0
2024-06-27 04:10:00+00:00,14.079999923706055,14.09000015258789,14.069999694824219,14.09000015258789,133001,0.0,0.0,0.0
2024-06-27 04:15:00+00:00,14.09000015258789,14.09000015258789,14.069999694824219,14.079999923706055,36501,0.0,0.0,0.0
2024-06-27 04:20:00+00:00,14.079999923706055,14.079999923706055,14.079999923706055,14.079999923706055,10086,0.0,0.0,0.0
2024-06-27 04:25:00+00:00,14.079999923706055,14.079999923706055,14.069999694824219,14.069999694824219,16001,0.0,0.0,0.0
2024-06-27 04:30:00+00:00,14.09000015258789,14.09000015258789,14.09000015258789,14.09000015258789,1937,0.0,0.0,0.0
2024-06-27 04:35:00+00:00,14.069999694824219,14.069999694824219,14.0600004196167,14.069999694824219,33080,0.0,0.0,0.0
2024-06-27 04:40:00+00:00,14.079999923706055,14.079999923706055,14.079999923706055,14.079999923706055,20000,0.0,0.0,0.0
2024-06-27 04:45:00+00:00,14.079999923706055,14.079999923706055,14.069999694824219,14.069999694824219,64066,0.0,0.0,0.0
2024-06-27 04:50:00+00:00,14.0600004196167,14.0600004196167,14.0600004196167,14.0600004196167,1100,0.0,0.0,0.0
2024-06-27 04:55:00+00:00,14.0600004196167,14.0600004196167,14.0600004196167,14.0600004196167,30106,0.0,0.0,0.0
2024-06-27 05:00:00+00:00,14.0600004196167,14.0600004196167,14.050000190734863,14.0600004196167,33000,0.0,0.0,0.0
2024-06-27 05:05:00+00:00,14.0600004196167,14.0600004196167,14.0600004196167,14.0600004196167,3996,0.0,0.0,0.0
2024-06-27 05:10:00+00:00,14.050000190734863,14.0600004196167,14.050000190734863,14.050000190734863,5542,0.0,0.0,0.0
2024-06-27 05:15:00+00:00,14.0600004196167,14.079999923706055,14.0600004196167,14.079999923706055,161889,0.0,0.0,0.0
2024-06-27 05:20:00+00:00,14.079999923706055,14.079999923706055,14.069999694824219,14.069999694824219,33312,0.0,0.0,0.0
2024-06-28 01:00:00+00:00,14.199999809265137,14.199999809265137,14.119999885559082,14.119999885559082,0,0.0,0.0,0.0
2024-06-28 01:05:00+00:00,14.130000114440918,14.130000114440918,14.119999885559082,14.119999885559082,198377,0.0,0.0,0.0
2024-06-28 01:10:00+00:00,14.119999885559082,14.119999885559082,14.100000381469727,14.119999885559082,162240,0.0,0.0,0.0
2024-06-28 01:15:00+00:00,14.130000114440918,14.140000343322754,14.130000114440918,14.130000114440918,67415,0.0,0.0,0.0
2024-06-28 01:20:00+00:00,14.130000114440918,14.149999618530273,14.130000114440918,14.149999618530273,370645,0.0,0.0,0.0
2024-06-28 01:25:00+00:00,14.149999618530273,14.170000076293945,14.149999618530273,14.170000076293945,132479,0.0,0.0,0.0
2024-06-28 01:30:00+00:00,14.170000076293945,14.180000305175781,14.15999984741211,14.180000305175781,61295,0.0,0.0,0.0
2024-06-28 01:35:00+00:00,14.180000305175781,14.180000305175781,14.15999984741211,14.170000076293945,156315,0.0,0.0,0.0
2024-06-28 01:40:00+00:00,14.170000076293945,14.170000076293945,14.149999618530273,14.170000076293945,166675,0.0,0.0,0.0
2024-06-28 01:45:00+00:00,14.180000305175781,14.199999809265137,14.180000305175781,14.1899995803833,345889,0.0,0.0,0.0
2024-06-28 01:50:00+00:00,14.1899995803833,14.199999809265137,14.1899995803833,14.199999809265137,7430,0.0,0.0,0.0
2024-06-28 01:55:00+00:00,14.199999809265137,14.220000267028809,14.1899995803833,14.210000038146973,268115,0.0,0.0,0.0
2024-06-28 02:00:00+00:00,14.220000267028809,14.239999771118164,14.220000267028809,14.220000267028809,157550,0.0,0.0,0.0
2024-06-28 02:05:00+00:00,14.210000038146973,14.210000038146973,14.199999809265137,14.210000038146973,66222,0.0,0.0,0.0
2024-06-28 02:10:00+00:00,14.210000038146973,14.220000267028809,14.210000038146973,14.220000267028809,227544,0.0,0.0,0.0
2024-06-28 02:15:00+00:00,14.229999542236328,14.260000228881836,14.229999542236328,14.260000228881836,183571,0.0,0.0,0.0
2024-06-28 02:20:00+00:00,14.260000228881836,14.260000228881836,14.239999771118164,14.260000228881836,87205,0.0,0.0,0.0
2024-06-28 02:25:00+00:00,14.260000228881836,14.260000228881836,14.25,14.25,251858,0.0,0.0,0.0
2024-06-28 02:30:00+00:00,14.25,14.25,14.239999771118164,14.239999771118164,131753,0.0,0.0,0.0
2024-06-28 02:35:00+00:00,14.239999771118164,14.239999771118164,14.229999542236328,14.239999771118164,84316,0.0,0.0,0.0
2024-06-28 02:40:00+00:00,14.239999771118164,14.239999771118164,14.239999771118164,14.239999771118164,3285,0.0,0.0,0.0
2024-06-28 02:45:00+00:00,14.25,14.25,14.229999542236328,14.229999542236328,191215,0.0,0.0,0.0
2024-06-28 02:50:00+00:00,14.229999542236328,14.239999771118164,14.220000267028809,14.239999771118164,34626,0.0,0.0,0.0
2024-06-28 02:55:00+00:00,14.239999771118164,14.239999771118164,14.229999542236328,14.239999771118164,10276,0.0,0.0,0.0
2024-06-28 03:00:00+00:00,14.229999542236328,14.229999542236328,14.229999542236328,14.229999542236328,14533,0.0,0.0,0.0
2024-06-28 03:05:00+00:00,14.229999542236328,14.229999542236328,14.220000267028809,14.220000267028809,79066,0.0,0.0,0.0
2024-06-28 03:10:00+00:00,14.220000267028809,14.220000267028809,14.180000305175781,14.180000305175781,217763,0.0,0.0,0.0
2024-06-28 03:15:00+00:00,14.180000305175781,14.199999809265137,14.180000305175781,14.199999809265137,92115,0.0,0.0,0.0
2024-06-28 03:20:00+00:00,14.199999809265137,14.210000038146973,14.1899995803833,14.210000038146973,169615,0.0,0.0,0.0
2024-06-28 03:25:00+00:00,14.210000038146973,14.220000267028809,14.210000038146973,14.220000267028809,40016,0.0,0.0,0.0
2024-06-28 03:30:00+00:00,14.220000267028809,14.220000267028809,14.210000038146973,14.220000267028809,27530,0.0,0.0,0.0
2024-06-28 03:35:00+00:00,14.220000267028809,14.220000267028809,14.220000267028809,14.220000267028809,20425,0.0,0.0,0.0
2024-06-28 03:40:00+00:00,14.220000267028809,14.229999542236328,14.220000267028809,14.229999542236328,95739,0.0,0.0,0.0
2024-06-28 03:45:00+00:00,14.229999542236328,14.229999542236328,14.229999542236328,14.229999542236328,16835,0.0,0.0,0.0
2024-06-28 03:50:00+00:00,14.229999542236328,14.239999771118164,14.229999542236328,14.229999542236328,12242,0.0,0.0,0.0
2024-06-28 03:55:00+00:00,14.229999542236328,14.239999771118164,14.229999542236328,14.239999771118164,5235,0.0,0.0,0.0
2024-06-28 04:00:00+00:00,14.239999771118164,14.239999771118164,14.239999771118164,14.239999771118164,31178,0.0,0.0,0.0
2024-06-28 04:05:00+00:00,14.239999771118164,14.239999771118164,14.239999771118164,14.239999771118164,10115,0.0,0.0,0.0
2024-06-28 04:10:00+00:00,14.239999771118164,14.239999771118164,14.239999771118164,14.239999771118164,18583,0.0,0.0,0.0
2024-06-28 04:20:00+00:00,14.239999771118164,14.239999771118164,14.229999542236328,14.229999542236328,46581,0.0,0.0,0.0
2024-06-28 04:25:00+00:00,14.229999542236328,14.239999771118164,14.229999542236328,14.239999771118164,2900,0.0,0.0,0.0
2024-06-28 04:30:00+00:00,14.239999771118164,14.239999771118164,14.229999542236328,14.229999542236328,5416,0.0,0.0,0.0
2024-06-28 04:35:00+00:00,14.229999542236328,14.239999771118164,14.229999542236328,14.239999771118164,12436,0.0,0.0,0.0
2024-06-28 04:40:00+00:00,14.239999771118164,14.239999771118164,14.239999771118164,14.239999771118164,64275,0.0,0.0,0.0
2024-06-28 04:45:00+00:00,14.239999771118164,14.25,14.239999771118164,14.25,37200,0.0,0.0,0.0
2024-06-28 04:50:00+00:00,14.239999771118164,14.25,14.239999771118164,14.25,19760,0.0,0.0,0.0
2024-06-28 04:55:00+00:00,14.25,14.25,14.239999771118164,14.239999771118164,33508,0.0,0.0,0.0
2024-06-28 05:00:00+00:00,14.239999771118164,14.239999771118164,14.229999542236328,14.229999542236328,117308,0.0,0.0,0.0
2024-06-28 05:05:00+00:00,14.229999542236328,14.229999542236328,14.220000267028809,14.229999542236328,68811,0.0,0.0,0.0
2024-06-28 05:10:00+00:00,14.220000267028809,14.220000267028809,14.210000038146973,14.220000267028809,856434,0.0,0.0,0.0
2024-06-28 05:15:00+00:00,14.220000267028809,14.220000267028809,14.199999809265137,14.199999809265137,28459,0.0,0.0,0.0
2024-06-28 05:20:00+00:00,14.199999809265137,14.210000038146973,14.199999809265137,14.199999809265137,237080,0.0,0.0,0.0
2024-07-01 01:00:00+00:00,14.210000038146973,14.229999542236328,14.170000076293945,14.170000076293945,0,0.0,0.0,0.0
2024-07-01 01:05:00+00:00,14.170000076293945,14.180000305175781,14.170000076293945,14.180000305175781,54308,0.0,0.0,0.0
2024-07-01 01:10:00+00:00,14.180000305175781,14.220000267028809,14.180000305175781,14.199999809265137,49716,0.0,0.0,0.0
2024-07-01 01:15:00+00:00,14.210000038146973,14.220000267028809,14.199999809265137,14.220000267028809,66018,0.0,0.0,0.0
2024-07-01 01:20:00+00:00,14.220000267028809,14.229999542236328,14.220000267028809,14.220000267028809,23528,0.0,0.0,0.0
2024-07-01 01:25:00+00:00,14.220000267028809,14.229999542236328,14.220000267028809,14.229999542236328,10921,0.0,0.0,0.0
2024-07-01 01:30:00+00:00,14.229999542236328,14.229999542236328,14.229999542236328,14.229999542236328,92993,0.0,0.0,0.0
2024-07-01 01:35:00+00:00,14.229999542236328,14.260000228881836,14.220000267028809,14.260000228881836,137872,0.0,0.0,0.0
2024-07-01 01:40:00+00:00,14.270000457763672,14.270000457763672,14.270000457763672,14.270000457763672,57098,0.0,0.0,0.0
2024-07-01 01:45:00+00:00,14.260000228881836,14.279999732971191,14.260000228881836,14.270000457763672,24754,0.0,0.0,0.0
2024-07-01 01:50:00+00:00,14.270000457763672,14.270000457763672,14.260000228881836,14.260000228881836,92868,0.0,0.0,0.0
2024-07-01 01:55:00+00:00,14.260000228881836,14.270000457763672,14.260000228881836,14.260000228881836,30218,0.0,0.0,0.0
2024-07-01 02:00:00+00:00,14.270000457763672,14.279999732971191,14.260000228881836,14.279999732971191,47447,0.0,0.0,0.0
2024-07-01 02:05:00+00:00,14.279999732971191,14.279999732971191,14.270000457763672,14.270000457763672,20068,0.0,0.0,0.0
2024-07-01 02:10:00+00:00,14.279999732971191,14.289999961853027,14.279999732971191,14.289999961853027,173218,0.0,0.0,0.0
2024-07-01 02:15:00+00:00,14.289999961853027,14.300000190734863,14.289999961853027,14.300000190734863,135289,0.0,0.0,0.0
2024-07-01 02:20:00+00:00,14.289999961853027,14.300000190734863,14.289999961853027,14.300000190734863,4433,0.0,0.0,0.0
2024-07-01 02:25:00+00:00,14.300000190734863,14.300000190734863,14.279999732971191,14.289999961853027,103200,0.0,0.0,0.0
2024-07-01 02:30:00+00:00,14.289999961853027,14.289999961853027,14.289999961853027,14.289999961853027,8717,0.0,0.0,0.0
2024-07-01 02:35:00+00:00,14.289999961853027,14.289999961853027,14.289999961853027,14.289999961853027,10636,0.0,0.0,0.0
2024-07-01 02:40:00+00:00,14.289999961853027,14.300000190734863,14.289999961853027,14.300000190734863,35451,0.0,0.0,0.0
2024-07-01 02:45:00+00:00,14.300000190734863,14.300000190734863,14.300000190734863,14.300000190734863,35818,0.0,0.0,0.0
2024-07-01 02:50:00+00:00,14.300000190734863,14.300000190734863,14.289999961853027,14.289999961853027,21105,0.0,0.0,0.0
2024-07-01 02:55:00+00:00,14.289999961853027,14.289999961853027,14.289999961853027,14.289999961853027,5669,0.0,0.0,0.0
2024-07-01 03:00:00+00:00,14.300000190734863,14.300000190734863,14.289999961853027,14.289999961853027,4517,0.0,0.0,0.0
2024-07-01 03:05:00+00:00,14.289999961853027,14.300000190734863,14.289999961853027,14.300000190734863,25819,0.0,0.0,0.0
2024-07-01 03:10:00+00:00,14.300000190734863,14.300000190734863,14.300000190734863,14.300000190734863,12959,0.0,0.0,0.0
2024-07-01 03:15:00+00:00,14.300000190734863,14.300000190734863,14.300000190734863,14.300000190734863,33000,0.0,0.0,0.0
2024-07-01 03:20:00+00:00,14.300000190734863,14.300000190734863,14.289999961853027,14.289999961853027,62136,0.0,0.0,0.0
2024-07-01 03:25:00+00:00,14.279999732971191,14.289999961853027,14.279999732971191,14.279999732971191,13313,0.0,0.0,0.0
2024-07-01 03:30:00+00:00,14.289999961853027,14.289999961853027,14.279999732971191,14.279999732971191,41179,0.0,0.0,0.0
2024-07-01 03:35:00+00:00,14.270000457763672,14.279999732971191,14.270000457763672,14.279999732971191,66041,0.0,0.0,0.0
2024-07-01 03:40:00+00:00,14.270000457763672,14.279999732971191,14.270000457763672,14.279999732971191,11283,0.0,0.0,0.0
2024-07-01 03:45:00+00:00,14.279999732971191,14.279999732971191,14.270000457763672,14.270000457763672,21127,0.0,0.0,0.0
2024-07-01 03:50:00+00:00,14.279999732971191,14.279999732971191,14.279999732971191,14.279999732971191,6018,0.0,0.0,0.0
2024-07-01 03:55:00+00:00,14.279999732971191,14.279999732971191,14.270000457763672,14.270000457763672,32035,0.0,0.0,0.0
2024-07-01 04:00:00+00:00,14.279999732971191,14.279999732971191,14.279999732971191,14.279999732971191,3018,0.0,0.0,0.0
2024-07-01 04:05:00+00:00,14.270000457763672,14.270000457763672,14.260000228881836,14.260000228881836,39371,0.0,0.0,0.0
2024-07-01 04:10:00+00:00,14.260000228881836,14.260000228881836,14.25,14.25,100193,0.0,0.0,0.0
2024-07-01 04:15:00+00:00,14.25,14.25,14.25,14.25,24018,0.0,0.0,0.0
2024-07-01 04:20:00+00:00,14.25,14.25,14.25,14.25,11173,0.0,0.0,0.0
2024-07-01 04:25:00+00:00,14.25,14.25,14.229999542236328,14.229999542236328,46685,0.0,0.0,0.0
2024-07-01 04:30:00+00:00,14.239999771118164,14.239999771118164,14.220000267028809,14.229999542236328,46926,0.0,0.0,0.0
2024-07-01 04:35:00+00:00,14.229999542236328,14.229999542236328,14.229999542236328,14.229999542236328,23546,0.0,0.0,0.0
2024-07-01 04:40:00+00:00,14.229999542236328,14.229999542236328,14.229999542236328,14.229999542236328,20220,0.0,0.0,0.0
2024-07-01 04:45:00+00:00,14.229999542236328,14.229999542236328,14.199999809265137,14.199999809265137,168035,0.0,0.0,0.0
2024-07-01 04:50:00+00:00,14.220000267028809,14.220000267028809,14.199999809265137,14.199999809265137,24806,0.0,0.0,0.0
2024-07-01 04:55:00+00:00,14.210000038146973,14.210000038146973,14.199999809265137,14.210000038146973,22302,0.0,0.0,0.0
2024-07-01 05:00:00+00:00,14.210000038146973,14.210000038146973,14.199999809265137,14.210000038146973,27346,0.0,0.0,0.0
2024-07-01 05:05:00+00:00,14.199999809265137,14.199999809265137,14.199999809265137,14.199999809265137,135000,0.0,0.0,0.0
2024-07-01 05:10:00+00:00,14.199999809265137,14.199999809265137,14.1899995803833,14.1899995803833,107723,0.0,0.0,0.0
2024-07-01 05:15:00+00:00,14.1899995803833,14.199999809265137,14.180000305175781,14.180000305175781,45319,0.0,0.0,0.0
2024-07-01 05:20:00+00:00,14.1899995803833,14.1899995803833,14.180000305175781,14.1899995803833,162045,0.0,0.0,0.0
2024-07-02 01:00:00+00:00,14.1899995803833,14.1899995803833,14.140000343322754,14.149999618530273,0,0.0,0.0,0.0
2024-07-02 01:05:00+00:00,14.140000343322754,14.180000305175781,14.130000114440918,14.140000343322754,380266,0.0,0.0,0.0
2024-07-02 01:10:00+00:00,14.130000114440918,14.140000343322754,14.069999694824219,14.079999923706055,507147,0.0,0.0,0.0
2024-07-02 01:15:00+00:00,14.119999885559082,14.130000114440918,14.079999923706055,14.130000114440918,79214,0.0,0.0,0.0
2024-07-02 01:20:00+00:00,14.130000114440918,14.140000343322754,14.100000381469727,14.119999885559082,345287,0.0,0.0,0.0
2024-07-02 01:25:00+00:00,14.130000114440918,14.15999984741211,14.109999656677246,14.15999984741211,482112,0.0,0.0,0.0
2024-07-02 01:30:00+00:00,14.180000305175781,14.1899995803833,14.170000076293945,14.170000076293945,132502,0.0,0.0,0.0
2024-07-02 01:35:00+00:00,14.170000076293945,14.180000305175781,14.170000076293945,14.170000076293945,56398,0.0,0.0,0.0
2024-07-02 01:40:00+00:00,14.170000076293945,14.180000305175781,14.170000076293945,14.170000076293945,16235,0.0,0.0,0.0
2024-07-02 01:45:00+00:00,14.180000305175781,14.199999809265137,14.180000305175781,14.1899995803833,44161,0.0,0.0,0.0
2024-07-02 01:50:00+00:00,14.1899995803833,14.199999809265137,14.1899995803833,14.1899995803833,358489,0.0,0.0,0.0
2024-07-02 01:55:00+00:00,14.180000305175781,14.199999809265137,14.180000305175781,14.199999809265137,26324,0.0,0.0,0.0
2024-07-02 02:00:00+00:00,14.199999809265137,14.210000038146973,14.199999809265137,14.210000038146973,385405,0.0,0.0,0.0
2024-07-02 02:05:00+00:00,14.199999809265137,14.210000038146973,14.199999809265137,14.210000038146973,106217,0.0,0.0,0.0
2024-07-02 02:10:00+00:00,14.210000038146973,14.210000038146973,14.210000038146973,14.210000038146973,71370,0.0,0.0,0.0
2024-07-02 02:15:00+00:00,14.210000038146973,14.210000038146973,14.199999809265137,14.199999809265137,392638,0.0,0.0,0.0
2024-07-02 02:20:00+00:00,14.199999809265137,14.210000038146973,14.199999809265137,14.199999809265137,160118,0.0,0.0,0.0
2024-07-02 02:25:00+00:00,14.1899995803833,14.1899995803833,14.170000076293945,14.170000076293945,195311,0.0,0.0,0.0
2024-07-02 02:30:00+00:00,14.170000076293945,14.170000076293945,14.15999984741211,14.170000076293945,36675,0.0,0.0,0.0
2024-07-02 02:35:00+00:00,14.170000076293945,14.170000076293945,14.149999618530273,14.149999618530273,124318,0.0,0.0,0.0
2024-07-02 02:40:00+00:00,14.149999618530273,14.149999618530273,14.119999885559082,14.130000114440918,210211,0.0,0.0,0.0
2024-07-02 02:45:00+00:00,14.130000114440918,14.130000114440918,14.119999885559082,14.130000114440918,24641,0.0,0.0,0.0
2024-07-02 02:50:00+00:00,14.130000114440918,14.130000114440918,14.119999885559082,14.119999885559082,84036,0.0,0.0,0.0
2024-07-02 02:55:00+00:00,14.119999885559082,14.119999885559082,14.109999656677246,14.109999656677246,112245,0.0,0.0,0.0
2024-07-02 03:00:00+00:00,14.130000114440918,14.130000114440918,14.130000114440918,14.130000114440918,34116,0.0,0.0,0.0
2024-07-02 03:05:00+00:00,14.119999885559082,14.119999885559082,14.100000381469727,14.100000381469727,348431,0.0,0.0,0.0
2024-07-02 03:10:00+00:00,14.09000015258789,14.100000381469727,14.09000015258789,14.09000015258789,64686,0.0,0.0,0.0
2024-07-02 03:15:00+00:00,14.09000015258789,14.09000015258789,14.069999694824219,14.069999694824219,489529,0.0,0.0,0.0
2024-07-02 03:20:00+00:00,14.069999694824219,14.079999923706055,14.0600004196167,14.079999923706055,90413,0.0,0.0,0.0
2024-07-02 03:25:00+00:00,14.09000015258789,14.09000015258789,14.09000015258789,14.09000015258789,51313,0.0,0.0,0.0
2024-07-02 03:30:00+00:00,14.09000015258789,14.09000015258789,14.079999923706055,14.09000015258789,9513,0.0,0.0,0.0
2024-07-02 03:40:00+00:00,14.100000381469727,14.100000381469727,14.09000015258789,14.100000381469727,190583,0.0,0.0,0.0
2024-07-02 03:45:00+00:00,14.100000381469727,14.100000381469727,14.100000381469727,14.100000381469727,26553,0.0,0.0,0.0
2024-07-02 03:50:00+00:00,14.100000381469727,14.100000381469727,14.100000381469727,14.100000381469727,30603,0.0,0.0,0.0
2024-07-02 03:55:00+00:00,14.100000381469727,14.100000381469727,14.09000015258789,14.100000381469727,242588,0.0,0.0,0.0
2024-07-02 04:00:00+00:00,14.100000381469727,14.109999656677246,14.100000381469727,14.109999656677246,37230,0.0,0.0,0.0
2024-07-02 04:05:00+00:00,14.109999656677246,14.109999656677246,14.109999656677246,14.109999656677246,26167,0.0,0.0,0.0
2024-07-02 04:10:00+00:00,14.109999656677246,14.109999656677246,14.109999656677246,14.109999656677246,13042,0.0,0.0,0.0
2024-07-02 04:15:00+00:00,14.109999656677246,14.109999656677246,14.100000381469727,14.109999656677246,17570,0.0,0.0,0.0
2024-07-02 04:20:00+00:00,14.100000381469727,14.100000381469727,14.100000381469727,14.100000381469727,199261,0.0,0.0,0.0
2024-07-02 04:25:00+00:00,14.100000381469727,14.100000381469727,14.100000381469727,14.100000381469727,16193,0.0,0.0,0.0
2024-07-02 04:30:00+00:00,14.109999656677246,14.109999656677246,14.109999656677246,14.109999656677246,33008,0.0,0.0,0.0
2024-07-02 04:35:00+00:00,14.109999656677246,14.109999656677246,14.109999656677246,14.109999656677246,64796,0.0,0.0,0.0
2024-07-02 04:40:00+00:00,14.109999656677246,14.109999656677246,14.100000381469727,14.100000381469727,135632,0.0,0.0,0.0
2024-07-02 04:45:00+00:00,14.100000381469727,14.100000381469727,14.09000015258789,14.09000015258789,108538,0.0,0.0,0.0
2024-07-02 04:50:00+00:00,14.09000015258789,14.09000015258789,14.079999923706055,14.09000015258789,54260,0.0,0.0,0.0
2024-07-02 04:55:00+00:00,14.09000015258789,14.09000015258789,14.079999923706055,14.09000015258789,285323,0.0,0.0,0.0
2024-07-02 05:00:00+00:00,14.09000015258789,14.100000381469727,14.09000015258789,14.100000381469727,17488,0.0,0.0,0.0
2024-07-02 05:05:00+00:00,14.100000381469727,14.109999656677246,14.100000381469727,14.100000381469727,48357,0.0,0.0,0.0
2024-07-02 05:10:00+00:00,14.100000381469727,14.109999656677246,14.100000381469727,14.100000381469727,83491,0.0,0.0,0.0
2024-07-02 05:15:00+00:00,14.109999656677246,14.109999656677246,14.109999656677246,14.109999656677246,43586,0.0,0.0,0.0
2024-07-02 05:20:00+00:00,14.100000381469727,14.109999656677246,14.100000381469727,14.100000381469727,435479,0.0,0.0,0.0
2024-07-03 01:00:00+00:00,14.229999542236328,14.300000190734863,14.229999542236328,14.260000228881836,0,0.0,0.0,0.0
2024-07-03 01:05:00+00:00,14.25,14.270000457763672,14.25,14.270000457763672,67000,0.0,0.0,0.0
2024-07-03 01:10:00+00:00,14.270000457763672,14.270000457763672,14.229999542236328,14.229999542236328,345134,0.0,0.0,0.0
2024-07-03 01:15:00+00:00,14.229999542236328,14.239999771118164,14.229999542236328,14.239999771118164,137473,0.0,0.0,0.0
2024-07-03 01:20:00+00:00,14.239999771118164,14.239999771118164,14.199999809265137,14.199999809265137,163571,0.0,0.0,0.0
2024-07-03 01:25:00+00:00,14.199999809265137,14.199999809265137,14.180000305175781,14.1899995803833,55273,0.0,0.0,0.0
2024-07-03 01:30:00+00:00,14.1899995803833,14.199999809265137,14.1899995803833,14.199999809265137,90390,0.0,0.0,0.0
2024-07-03 01:35:00+00:00,14.199999809265137,14.199999809265137,14.1899995803833,14.199999809265137,56279,0.0,0.0,0.0
2024-07-03 01:40:00+00:00,14.210000038146973,14.210000038146973,14.199999809265137,14.199999809265137,25019,0.0,0.0,0.0
2024-07-03 01:45:00+00:00,14.199999809265137,14.199999809265137,14.1899995803833,14.1899995803833,92524,0.0,0.0,0.0
2024-07-03 01:50:00+00:00,14.180000305175781,14.1899995803833,14.170000076293945,14.1899995803833,111500,0.0,0.0,0.0
2024-07-03 01:55:00+00:00,14.1899995803833,14.1899995803833,14.180000305175781,14.180000305175781,56819,0.0,0.0,0.0
2024-07-03 02:00:00+00:00,14.180000305175781,14.1899995803833,14.180000305175781,14.1899995803833,292439,0.0,0.0,0.0
2024-07-03 02:05:00+00:00,14.1899995803833,14.210000038146973,14.1899995803833,14.210000038146973,111981,0.0,0.0,0.0
2024-07-03 02:10:00+00:00,14.220000267028809,14.220000267028809,14.220000267028809,14.220000267028809,7260,0.0,0.0,0.0
2024-07-03 02:15:00+00:00,14.220000267028809,14.220000267028809,14.220000267028809,14.220000267028809,34494,0.0,0.0,0.0
2024-07-03 02:20:00+00:00,14.220000267028809,14.220000267028809,14.220000267028809,14.220000267028809,38283,0.0,0.0,0.0
2024-07-03 02:25:00+00:00,14.220000267028809,14.229999542236328,14.220000267028809,14.229999542236328,53319,0.0,0.0,0.0
2024-07-03 02:30:00+00:00,14.229999542236328,14.229999542236328,14.220000267028809,14.229999542236328,89476,0.0,0.0,0.0
2024-07-03 02:35:00+00:00,14.229999542236328,14.229999542236328,14.229999542236328,14.229999542236328,16085,0.0,0.0,0.0
2024-07-03 02:40:00+00:00,14.220000267028809,14.229999542236328,14.1899995803833,14.1899995803833,171024,0.0,0.0,0.0
2024-07-03 02:45:00+00:00,14.199999809265137,14.199999809265137,14.1899995803833,14.199999809265137,16319,0.0,0.0,0.0
2024-07-03 02:50:00+00:00,14.210000038146973,14.210000038146973,14.199999809265137,14.210000038146973,26340,0.0,0.0,0.0
2024-07-03 02:55:00+00:00,14.199999809265137,14.199999809265137,14.199999809265137,14.199999809265137,24031,0.0,0.0,0.0
2024-07-03 03:00:00+00:00,14.210000038146973,14.210000038146973,14.210000038146973,14.210000038146973,8561,0.0,0.0,0.0
2024-07-03 03:05:00+00:00,14.210000038146973,14.210000038146973,14.199999809265137,14.210000038146973,121304,0.0,0.0,0.0
2024-07-03 03:10:00+00:00,14.199999809265137,14.199999809265137,14.199999809265137,14.199999809265137,18219,0.0,0.0,0.0
2024-07-03 03:15:00+00:00,14.210000038146973,14.210000038146973,14.199999809265137,14.210000038146973,19371,0.0,0.0,0.0
2024-07-03 03:20:00+00:00,14.210000038146973,14.210000038146973,14.210000038146973,14.210000038146973,37169,0.0,0.0,0.0
2024-07-03 03:25:00+00:00,14.199999809265137,14.210000038146973,14.199999809265137,14.210000038146973,166519,0.0,0.0,0.0
2024-07-03 03:30:00+00:00,14.210000038146973,14.210000038146973,14.199999809265137,14.199999809265137,3120,0.0,0.0,0.0
2024-07-03 03:35:00+00:00,14.199999809265137,14.210000038146973,14.199999809265137,14.199999809265137,77737,0.0,0.0,0.0
2024-07-03 03:40:00+00:00,14.199999809265137,14.199999809265137,14.199999809265137,14.199999809265137,29226,0.0,0.0,0.0
2024-07-03 03:45:00+00:00,14.199999809265137,14.210000038146973,14.199999809265137,14.210000038146973,7384,0.0,0.0,0.0
2024-07-03 03:50:00+00:00,14.199999809265137,14.210000038146973,14.199999809265137,14.199999809265137,61683,0.0,0.0,0.0
2024-07-03 03:55:00+00:00,14.199999809265137,14.199999809265137,14.199999809265137,14.199999809265137,14239,0.0,0.0,0.0
2024-07-03 04:05:00+00:00,14.210000038146973,14.210000038146973,14.199999809265137,14.199999809265137,6739,0.0,0.0,0.0
2024-07-03 04:10:00+00:00,14.199999809265137,14.210000038146973,14.199999809265137,14.210000038146973,80438,0.0,0.0,0.0
2024-07-03 04:15:00+00:00,14.210000038146973,14.210000038146973,14.210000038146973,14.210000038146973,18019,0.0,0.0,0.0
2024-07-03 04:20:00+00:00,14.210000038146973,14.220000267028809,14.210000038146973,14.220000267028809,133020,0.0,0.0,0.0
2024-07-03 04:25:00+00:00,14.220000267028809,14.220000267028809,14.210000038146973,14.220000267028809,125100,0.0,0.0,0.0
2024-07-03 04:30:00+00:00,14.220000267028809,14.220000267028809,14.210000038146973,14.210000038146973,111020,0.0,0.0,0.0
2024-07-03 04:35:00+00:00,14.210000038146973,14.210000038146973,14.210000038146973,14.210000038146973,27080,0.0,0.0,0.0
2024-07-03 04:40:00+00:00,14.199999809265137,14.210000038146973,14.199999809265137,14.210000038146973,18100,0.0,0.0,0.0
2024-07-03 04:45:00+00:00,14.210000038146973,14.210000038146973,14.199999809265137,14.210000038146973,149085,0.0,0.0,0.0
2024-07-03 04:50:00+00:00,14.210000038146973,14.210000038146973,14.210000038146973,14.210000038146973,62200,0.0,0.0,0.0
2024-07-03 04:55:00+00:00,14.210000038146973,14.210000038146973,14.210000038146973,14.210000038146973,8037,0.0,0.0,0.0
2024-07-03 05:00:00+00:00,14.210000038146973,14.210000038146973,14.199999809265137,14.199999809265137,919894,0.0,0.0,0.0
2024-07-03 05:05:00+00:00,14.199999809265137,14.199999809265137,14.1899995803833,14.1899995803833,79734,0.0,0.0,0.0
2024-07-03 05:10:00+00:00,14.180000305175781,14.1899995803833,14.180000305175781,14.180000305175781,122804,0.0,0.0,0.0
2024-07-03 05:15:00+00:00,14.1899995803833,14.1899995803833,14.180000305175781,14.180000305175781,80472,0.0,0.0,0.0
2024-07-03 05:20:00+00:00,14.180000305175781,14.1899995803833,14.180000305175781,14.1899995803833,25554,0.0,0.0,0.0
2024-07-04 01:00:00+00:00,14.319999694824219,14.4399995803833,14.3100004196167,14.40999984741211,0,0.0,0.0,0.0
2024-07-04 01:05:00+00:00,14.40999984741211,14.420000076293945,14.399999618530273,14.399999618530273,130456,0.0,0.0,0.0
2024-07-04 01:10:00+00:00,14.399999618530273,14.420000076293945,14.399999618530273,14.40999984741211,302609,0.0,0.0,0.0
2024-07-04 01:15:00+00:00,14.399999618530273,14.40999984741211,14.390000343322754,14.40999984741211,110617,0.0,0.0,0.0
2024-07-04 01:20:00+00:00,14.399999618530273,14.420000076293945,14.399999618530273,14.40999984741211,49148,0.0,0.0,0.0
2024-07-04 01:25:00+00:00,14.40999984741211,14.420000076293945,14.399999618530273,14.420000076293945,78706,0.0,0.0,0.0
2024-07-04 01:30:00+00:00,14.420000076293945,14.4399995803833,14.420000076293945,14.430000305175781,410748,0.0,0.0,0.0
2024-07-04 01:35:00+00:00,14.430000305175781,14.4399995803833,14.430000305175781,14.4399995803833,114106,0.0,0.0,0.0
2024-07-04 01:40:00+00:00,14.4399995803833,14.4399995803833,14.420000076293945,14.430000305175781,52139,0.0,0.0,0.0
2024-07-04 01:45:00+00:00,14.430000305175781,14.4399995803833,14.430000305175781,14.4399995803833,126821,0.0,0.0,0.0
2024-07-04 01:50:00+00:00,14.4399995803833,14.449999809265137,14.4399995803833,14.449999809265137,150009,0.0,0.0,0.0
2024-07-04 01:55:00+00:00,14.449999809265137,14.460000038146973,14.449999809265137,14.460000038146973,40394,0.0,0.0,0.0
2024-07-04 02:00:00+00:00,14.460000038146973,14.470000267028809,14.449999809265137,14.449999809265137,109858,0.0,0.0,0.0
2024-07-04 02:05:00+00:00,14.449999809265137,14.449999809265137,14.4399995803833,14.4399995803833,159059,0.0,0.0,0.0
2024-07-04 02:10:00+00:00,14.4399995803833,14.449999809265137,14.430000305175781,14.449999809265137,28068,0.0,0.0,0.0
2024-07-04 02:15:00+00:00,14.449999809265137,14.449999809265137,14.449999809265137,14.449999809265137,11009,0.0,0.0,0.0
2024-07-04 02:20:00+00:00,14.449999809265137,14.460000038146973,14.449999809265137,14.460000038146973,45369,0.0,0.0,0.0
2024-07-04 02:25:00+00:00,14.460000038146973,14.479999542236328,14.460000038146973,14.460000038146973,172953,0.0,0.0,0.0
2024-07-04 02:30:00+00:00,14.460000038146973,14.470000267028809,14.449999809265137,14.470000267028809,58036,0.0,0.0,0.0
2024-07-04 02:35:00+00:00,14.470000267028809,14.479999542236328,14.470000267028809,14.479999542236328,83214,0.0,0.0,0.0
2024-07-04 02:40:00+00:00,14.479999542236328,14.479999542236328,14.470000267028809,14.479999542236328,246577,0.0,0.0,0.0
2024-07-04 02:45:00+00:00,14.470000267028809,14.479999542236328,14.470000267028809,14.470000267028809,20412,0.0,0.0,0.0
2024-07-04 02:50:00+00:00,14.470000267028809,14.479999542236328,14.470000267028809,14.470000267028809,35979,0.0,0.0,0.0
2024-07-04 02:55:00+00:00,14.470000267028809,14.479999542236328,14.470000267028809,14.479999542236328,25320,0.0,0.0,0.0
2024-07-04 03:00:00+00:00,14.479999542236328,14.479999542236328,14.470000267028809,14.470000267028809,17406,0.0,0.0,0.0
2024-07-04 03:05:00+00:00,14.479999542236328,14.479999542236328,14.470000267028809,14.479999542236328,12579,0.0,0.0,0.0
2024-07-04 03:10:00+00:00,14.479999542236328,14.479999542236328,14.470000267028809,14.470000267028809,31429,0.0,0.0,0.0
2024-07-04 03:15:00+00:00,14.470000267028809,14.470000267028809,14.470000267028809,14.470000267028809,9519,0.0,0.0,0.0
2024-07-04 03:20:00+00:00,14.470000267028809,14.470000267028809,14.449999809265137,14.449999809265137,231633,0.0,0.0,0.0
2024-07-04 03:25:00+00:00,14.449999809265137,14.449999809265137,14.4399995803833,14.4399995803833,74009,0.0,0.0,0.0
2024-07-04 03:30:00+00:00,14.4399995803833,14.449999809265137,14.4399995803833,14.449999809265137,3271,0.0,0.0,0.0
2024-07-04 03:35:00+00:00,14.4399995803833,14.460000038146973,14.4399995803833,14.460000038146973,14009,0.0,0.0,0.0
2024-07-04 03:40:00+00:00,14.449999809265137,14.460000038146973,14.4399995803833,14.449999809265137,58029,0.0,0.0,0.0
2024-07-04 03:45:00+00:00,14.4399995803833,14.4399995803833,14.420000076293945,14.430000305175781,129086,0.0,0.0,0.0
2024-07-04 03:50:00+00:00,14.430000305175781,14.430000305175781,14.430000305175781,14.430000305175781,7309,0.0,0.0,0.0
2024-07-04 03:55:00+00:00,14.430000305175781,14.430000305175781,14.430000305175781,14.430000305175781,8044,0.0,0.0,0.0
2024-07-04 04:00:00+00:00,14.420000076293945,14.430000305175781,14.420000076293945,14.430000305175781,6199,0.0,0.0,0.0
2024-07-04 04:05:00+00:00,14.430000305175781,14.4399995803833,14.430000305175781,14.4399995803833,11309,0.0,0.0,0.0
2024-07-04 04:10:00+00:00,14.430000305175781,14.4399995803833,14.430000305175781,14.4399995803833,15159,0.0,0.0,0.0
2024-07-04 04:15:00+00:00,14.4399995803833,14.4399995803833,14.430000305175781,14.4399995803833,56391,0.0,0.0,0.0
2024-07-04 04:20:00+00:00,14.4399995803833,14.449999809265137,14.4399995803833,14.449999809265137,70009,0.0,0.0,0.0
2024-07-04 04:25:00+00:00,14.449999809265137,14.449999809265137,14.4399995803833,14.449999809265137,86009,0.0,0.0,0.0
2024-07-04 04:30:00+00:00,14.449999809265137,14.449999809265137,14.4399995803833,14.449999809265137,38182,0.0,0.0,0.0
2024-07-04 04:35:00+00:00,14.449999809265137,14.449999809265137,14.4399995803833,14.449999809265137,32189,0.0,0.0,0.0
2024-07-04 04:40:00+00:00,14.460000038146973,14.460000038146973,14.460000038146973,14.460000038146973,74100,0.0,0.0,0.0
2024-07-04 04:45:00+00:00,14.460000038146973,14.470000267028809,14.460000038146973,14.470000267028809,77045,0.0,0.0,0.0
2024-07-04 04:50:00+00:00,14.479999542236328,14.479999542236328,14.470000267028809,14.479999542236328,289130,0.0,0.0,0.0
2024-07-04 04:55:00+00:00,14.479999542236328,14.489999771118164,14.479999542236328,14.489999771118164,44390,0.0,0.0,0.0
2024-07-04 05:00:00+00:00,14.489999771118164,14.489999771118164,14.470000267028809,14.470000267028809,87276,0.0,0.0,0.0
2024-07-04 05:05:00+00:00,14.479999542236328,14.479999542236328,14.470000267028809,14.470000267028809,10634,0.0,0.0,0.0
2024-07-04 05:10:00+00:00,14.470000267028809,14.479999542236328,14.470000267028809,14.479999542236328,90115,0.0,0.0,0.0
2024-07-04 05:15:00+00:00,14.479999542236328,14.489999771118164,14.479999542236328,14.489999771118164,47147,0.0,0.0,0.0
2024-07-04 05:20:00+00:00,14.489999771118164,14.489999771118164,14.479999542236328,14.489999771118164,48358,0.0,0.0,0.0
2024-07-05 01:00:00+00:00,14.529999732971191,14.5600004196167,14.520000457763672,14.539999961853027,0,0.0,0.0,0.0
2024-07-05 01:05:00+00:00,14.539999961853027,14.539999961853027,14.529999732971191,14.539999961853027,151768,0.0,0.0,0.0
2024-07-05 01:10:00+00:00,14.539999961853027,14.550000190734863,14.520000457763672,14.520000457763672,407562,0.0,0.0,0.0
2024-07-05 01:15:00+00:00,14.529999732971191,14.539999961853027,14.520000457763672,14.520000457763672,162556,0.0,0.0,0.0
2024-07-05 01:20:00+00:00,14.520000457763672,14.520000457763672,14.479999542236328,14.479999542236328,458248,0.0,0.0,0.0
2024-07-05 01:25:00+00:00,14.479999542236328,14.489999771118164,14.479999542236328,14.489999771118164,133020,0.0,0.0,0.0
2024-07-05 01:30:00+00:00,14.5,14.5,14.489999771118164,14.489999771118164,119487,0.0,0.0,0.0
2024-07-05 01:35:00+00:00,14.489999771118164,14.489999771118164,14.489999771118164,14.489999771118164,34219,0.0,0.0,0.0
2024-07-05 01:40:00+00:00,14.489999771118164,14.5,14.489999771118164,14.5,65545,0.0,0.0,0.0
2024-07-05 01:45:00+00:00,14.5,14.520000457763672,14.489999771118164,14.5,77706,0.0,0.0,0.0
2024-07-05 01:50:00+00:00,14.5,14.520000457763672,14.5,14.520000457763672,13209,0.0,0.0,0.0
2024-07-05 01:55:00+00:00,14.520000457763672,14.520000457763672,14.510000228881836,14.510000228881836,143367,0.0,0.0,0.0
2024-07-05 02:00:00+00:00,14.510000228881836,14.510000228881836,14.5,14.510000228881836,131275,0.0,0.0,0.0
2024-07-05 02:05:00+00:00,14.510000228881836,14.510000228881836,14.510000228881836,14.510000228881836,19460,0.0,0.0,0.0
2024-07-05 02:10:00+00:00,14.510000228881836,14.510000228881836,14.510000228881836,14.510000228881836,27218,0.0,0.0,0.0
2024-07-05 02:15:00+00:00,14.5,14.510000228881836,14.5,14.5,207219,0.0,0.0,0.0
2024-07-05 02:20:00+00:00,14.5,14.5,14.489999771118164,14.5,84017,0.0,0.0,0.0
2024-07-05 02:25:00+00:00,14.5,14.5,14.5,14.5,45059,0.0,0.0,0.0
2024-07-05 02:30:00+00:00,14.5,14.5,14.489999771118164,14.5,259217,0.0,0.0,0.0
2024-07-05 02:35:00+00:00,14.5,14.5,14.479999542236328,14.479999542236328,119396,0.0,0.0,0.0
2024-07-05 02:40:00+00:00,14.489999771118164,14.5,14.489999771118164,14.5,11019,0.0,0.0,0.0
2024-07-05 02:45:00+00:00,14.510000228881836,14.510000228881836,14.5,14.5,55056,0.0,0.0,0.0
2024-07-05 02:50:00+00:00,14.5,14.5,14.489999771118164,14.489999771118164,192519,0.0,0.0,0.0
2024-07-05 02:55:00+00:00,14.5,14.5,14.489999771118164,14.489999771118164,122219,0.0,0.0,0.0
2024-07-05 03:00:00+00:00,14.489999771118164,14.489999771118164,14.489999771118164,14.489999771118164,26232,0.0,0.0,0.0
2024-07-05 03:05:00+00:00,14.489999771118164,14.489999771118164,14.479999542236328,14.489999771118164,65119,0.0,0.0,0.0
2024-07-05 03:10:00+00:00,14.489999771118164,14.489999771118164,14.479999542236328,14.489999771118164,246523,0.0,0.0,0.0
2024-07-05 03:15:00+00:00,14.489999771118164,14.489999771118164,14.489999771118164,14.489999771118164,16087,0.0,0.0,0.0
2024-07-05 03:20:00+00:00,14.489999771118164,14.489999771118164,14.479999542236328,14.489999771118164,31271,0.0,0.0,0.0
2024-07-05 03:25:00+00:00,14.479999542236328,14.479999542236328,14.479999542236328,14.479999542236328,46019,0.0,0.0,0.0
2024-07-05 03:30:00+00:00,14.489999771118164,14.489999771118164,14.479999542236328,14.489999771118164,11688,0.0,0.0,0.0
2024-07-05 03:35:00+00:00,14.489999771118164,14.489999771118164,14.489999771118164,14.489999771118164,16617,0.0,0.0,0.0
2024-07-05 03:40:00+00:00,14.489999771118164,14.489999771118164,14.489999771118164,14.489999771118164,43162,0.0,0.0,0.0
2024-07-05 03:45:00+00:00,14.489999771118164,14.489999771118164,14.489999771118164,14.489999771118164,23018,0.0,0.0,0.0
2024-07-05 03:50:00+00:00,14.489999771118164,14.489999771118164,14.489999771118164,14.489999771118164,10482,0.0,0.0,0.0
2024-07-05 03:55:00+00:00,14.489999771118164,14.489999771118164,14.489999771118164,14.489999771118164,23137,0.0,0.0,0.0
2024-07-05 04:00:00+00:00,14.489999771118164,14.489999771118164,14.470000267028809,14.470000267028809,184095,0.0,0.0,0.0
2024-07-05 04:05:00+00:00,14.479999542236328,14.479999542236328,14.470000267028809,14.470000267028809,33298,0.0,0.0,0.0
2024-07-05 04:10:00+00:00,14.479999542236328,14.489999771118164,14.479999542236328,14.489999771118164,23219,0.0,0.0,0.0
2024-07-05 04:15:00+00:00,14.489999771118164,14.489999771118164,14.479999542236328,14.479999542236328,31987,0.0,0.0,0.0
2024-07-05 04:20:00+00:00,14.479999542236328,14.479999542236328,14.479999542236328,14.479999542236328,12599,0.0,0.0,0.0
2024-07-05 04:25:00+00:00,14.479999542236328,14.479999542236328,14.479999542236328,14.479999542236328,1000,0.0,0.0,0.0
2024-07-05 04:30:00+00:00,14.489999771118164,14.489999771118164,14.489999771118164,14.489999771118164,67019,0.0,0.0,0.0
2024-07-05 04:35:00+00:00,14.489999771118164,14.489999771118164,14.479999542236328,14.479999542236328,29435,0.0,0.0,0.0
2024-07-05 04:40:00+00:00,14.479999542236328,14.5,14.479999542236328,14.489999771118164,55000,0.0,0.0,0.0
2024-07-05 04:45:00+00:00,14.5,14.5,14.489999771118164,14.489999771118164,30650,0.0,0.0,0.0
2024-07-05 04:50:00+00:00,14.489999771118164,14.489999771118164,14.489999771118164,14.489999771118164,35441,0.0,0.0,0.0
2024-07-05 04:55:00+00:00,14.489999771118164,14.489999771118164,14.489999771118164,14.489999771118164,34099,0.0,0.0,0.0
2024-07-05 05:00:00+00:00,14.489999771118164,14.489999771118164,14.479999542236328,14.479999542236328,163959,0.0,0.0,0.0
2024-07-05 05:05:00+00:00,14.479999542236328,14.489999771118164,14.479999542236328,14.479999542236328,45748,0.0,0.0,0.0
2024-07-05 05:10:00+00:00,14.479999542236328,14.479999542236328,14.470000267028809,14.470000267028809,191324,0.0,0.0,0.0
2024-07-05 05:15:00+00:00,14.470000267028809,14.470000267028809,14.460000038146973,14.470000267028809,243377,0.0,0.0,0.0
2024-07-05 05:20:00+00:00,14.470000267028809,14.479999542236328,14.470000267028809,14.479999542236328,125724,0.0,0.0,0.0
2024-07-08 01:00:00+00:00,14.529999732971191,14.539999961853027,14.510000228881836,14.520000457763672,0,0.0,0.0,0.0
2024-07-08 01:05:00+00:00,14.510000228881836,14.520000457763672,14.510000228881836,14.520000457763672,164000,0.0,0.0,0.0
2024-07-08 01:10:00+00:00,14.520000457763672,14.550000190734863,14.520000457763672,14.550000190734863,197200,0.0,0.0,0.0
2024-07-08 01:15:00+00:00,14.5600004196167,14.600000381469727,14.5600004196167,14.600000381469727,622503,0.0,0.0,0.0
2024-07-08 01:20:00+00:00,14.609999656677246,14.65999984741211,14.609999656677246,14.649999618530273,865476,0.0,0.0,0.0
2024-07-08 01:25:00+00:00,14.649999618530273,14.710000038146973,14.649999618530273,14.699999809265137,243659,0.0,0.0,0.0
2024-07-08 01:30:00+00:00,14.710000038146973,14.710000038146973,14.649999618530273,14.670000076293945,264802,0.0,0.0,0.0
2024-07-08 01:35:00+00:00,14.670000076293945,14.6899995803833,14.649999618530273,14.6899995803833,333029,0.0,0.0,0.0
2024-07-08 01:40:00+00:00,14.6899995803833,14.6899995803833,14.65999984741211,14.670000076293945,254778,0.0,0.0,0.0
2024-07-08 01:45:00+00:00,14.670000076293945,14.699999809265137,14.670000076293945,14.699999809265137,488034,0.0,0.0,0.0
2024-07-08 01:50:00+00:00,14.699999809265137,14.720000267028809,14.699999809265137,14.720000267028809,329152,0.0,0.0,0.0
2024-07-08 01:55:00+00:00,14.720000267028809,14.729999542236328,14.699999809265137,14.720000267028809,206962,0.0,0.0,0.0
2024-07-08 02:00:00+00:00,14.699999809265137,14.720000267028809,14.6899995803833,14.710000038146973,265136,0.0,0.0,0.0
2024-07-08 02:05:00+00:00,14.699999809265137,14.710000038146973,14.6899995803833,14.6899995803833,132378,0.0,0.0,0.0
2024-07-08 02:10:00+00:00,14.6899995803833,14.710000038146973,14.680000305175781,14.710000038146973,85005,0.0,0.0,0.0
2024-07-08 02:15:00+00:00,14.710000038146973,14.729999542236328,14.710000038146973,14.720000267028809,71309,0.0,0.0,0.0
2024-07-08 02:20:00+00:00,14.729999542236328,14.729999542236328,14.720000267028809,14.729999542236328,108344,0.0,0.0,0.0
2024-07-08 02:25:00+00:00,14.729999542236328,14.770000457763672,14.729999542236328,14.770000457763672,918325,0.0,0.0,0.0
2024-07-08 02:30:00+00:00,14.779999732971191,14.779999732971191,14.770000457763672,14.779999732971191,199477,0.0,0.0,0.0
2024-07-08 02:35:00+00:00,14.770000457763672,14.789999961853027,14.770000457763672,14.789999961853027,112116,0.0,0.0,0.0
2024-07-08 02:40:00+00:00,14.789999961853027,14.789999961853027,14.770000457763672,14.770000457763672,339356,0.0,0.0,0.0
2024-07-08 02:45:00+00:00,14.779999732971191,14.779999732971191,14.770000457763672,14.770000457763672,217351,0.0,0.0,0.0
2024-07-08 02:50:00+00:00,14.779999732971191,14.800000190734863,14.779999732971191,14.800000190734863,325105,0.0,0.0,0.0
2024-07-08 02:55:00+00:00,14.800000190734863,14.800000190734863,14.789999961853027,14.800000190734863,98370,0.0,0.0,0.0
2024-07-08 03:00:00+00:00,14.789999961853027,14.8100004196167,14.789999961853027,14.8100004196167,360485,0.0,0.0,0.0
2024-07-08 03:05:00+00:00,14.8100004196167,14.8100004196167,14.800000190734863,14.8100004196167,104300,0.0,0.0,0.0
2024-07-08 03:10:00+00:00,14.8100004196167,14.8100004196167,14.800000190734863,14.8100004196167,34809,0.0,0.0,0.0
2024-07-08 03:15:00+00:00,14.8100004196167,14.819999694824219,14.8100004196167,14.819999694824219,152312,0.0,0.0,0.0
2024-07-08 03:20:00+00:00,14.819999694824219,14.84000015258789,14.819999694824219,14.819999694824219,62693,0.0,0.0,0.0
2024-07-08 03:25:00+00:00,14.819999694824219,14.819999694824219,14.8100004196167,14.819999694824219,155873,0.0,0.0,0.0
2024-07-08 03:30:00+00:00,14.819999694824219,14.819999694824219,14.800000190734863,14.819999694824219,31963,0.0,0.0,0.0
2024-07-08 03:35:00+00:00,14.8100004196167,14.819999694824219,14.8100004196167,14.819999694824219,123911,0.0,0.0,0.0
2024-07-08 03:40:00+00:00,14.819999694824219,14.819999694824219,14.8100004196167,14.819999694824219,133479,0.0,0.0,0.0
2024-07-08 03:45:00+00:00,14.819999694824219,14.819999694824219,14.789999961853027,14.8100004196167,174146,0.0,0.0,0.0
2024-07-08 03:50:00+00:00,14.800000190734863,14.800000190734863,14.800000190734863,14.800000190734863,15818,0.0,0.0,0.0
2024-07-08 03:55:00+00:00,14.8100004196167,14.819999694824219,14.800000190734863,14.800000190734863,41389,0.0,0.0,0.0
2024-07-08 04:00:00+00:00,14.800000190734863,14.819999694824219,14.800000190734863,14.819999694824219,101122,0.0,0.0,0.0
2024-07-08 04:05:00+00:00,14.8100004196167,14.8100004196167,14.800000190734863,14.800000190734863,21590,0.0,0.0,0.0
2024-07-08 04:10:00+00:00,14.8100004196167,14.8100004196167,14.800000190734863,14.800000190734863,71935,0.0,0.0,0.0
2024-07-08 04:15:00+00:00,14.789999961853027,14.8100004196167,14.789999961853027,14.8100004196167,25734,0.0,0.0,0.0
2024-07-08 04:20:00+00:00,14.8100004196167,14.8100004196167,14.800000190734863,14.8100004196167,29585,0.0,0.0,0.0
2024-07-08 04:25:00+00:00,14.8100004196167,14.8100004196167,14.8100004196167,14.8100004196167,84920,0.0,0.0,0.0
2024-07-08 04:30:00+00:00,14.8100004196167,14.8100004196167,14.8100004196167,14.8100004196167,85806,0.0,0.0,0.0
2024-07-08 04:35:00+00:00,14.8100004196167,14.8100004196167,14.800000190734863,14.800000190734863,26400,0.0,0.0,0.0
2024-07-08 04:40:00+00:00,14.8100004196167,14.8100004196167,14.779999732971191,14.779999732971191,551589,0.0,0.0,0.0
2024-07-08 04:45:00+00:00,14.779999732971191,14.789999961853027,14.770000457763672,14.779999732971191,747743,0.0,0.0,0.0
2024-07-08 04:50:00+00:00,14.779999732971191,14.779999732971191,14.770000457763672,14.779999732971191,84246,0.0,0.0,0.0
2024-07-08 04:55:00+00:00,14.779999732971191,14.779999732971191,14.770000457763672,14.779999732971191,21536,0.0,0.0,0.0
2024-07-08 05:00:00+00:00,14.779999732971191,14.779999732971191,14.770000457763672,14.779999732971191,65678,0.0,0.0,0.0
2024-07-08 05:05:00+00:00,14.779999732971191,14.779999732971191,14.770000457763672,14.779999732971191,89760,0.0,0.0,0.0
2024-07-08 05:10:00+00:00,14.779999732971191,14.779999732971191,14.770000457763672,14.779999732971191,175368,0.0,0.0,0.0
2024-07-08 05:15:00+00:00,14.779999732971191,14.789999961853027,14.779999732971191,14.779999732971191,122296,0.0,0.0,0.0
2024-07-08 05:20:00+00:00,14.779999732971191,14.789999961853027,14.779999732971191,14.779999732971191,87207,0.0,0.0,0.0
2024-07-09 01:00:00+00:00,14.90999984741211,14.930000305175781,14.8100004196167,14.859999656677246,1587000,0.0,0.0,0.0
2024-07-09 01:05:00+00:00,14.859999656677246,14.869999885559082,14.850000381469727,14.869999885559082,434000,0.0,0.0,0.0
2024-07-09 01:10:00+00:00,14.869999885559082,14.890000343322754,14.869999885559082,14.890000343322754,980743,0.0,0.0,0.0
2024-07-09 01:15:00+00:00,14.899999618530273,14.90999984741211,14.890000343322754,14.899999618530273,335364,0.0,0.0,0.0
2024-07-09 01:20:00+00:00,14.899999618530273,14.930000305175781,14.890000343322754,14.930000305175781,340074,0.0,0.0,0.0
2024-07-09 01:25:00+00:00,14.9399995803833,14.949999809265137,14.9399995803833,14.949999809265137,302214,0.0,0.0,0.0
2024-07-09 01:30:00+00:00,14.960000038146973,14.989999771118164,14.960000038146973,14.979999542236328,387008,0.0,0.0,0.0
2024-07-09 01:35:00+00:00,14.979999542236328,14.989999771118164,14.979999542236328,14.989999771118164,379456,0.0,0.0,0.0
2024-07-09 01:40:00+00:00,14.989999771118164,14.989999771118164,14.880000114440918,14.890000343322754,1150474,0.0,0.0,0.0
2024-07-09 01:45:00+00:00,14.890000343322754,14.899999618530273,14.84000015258789,14.850000381469727,945867,0.0,0.0,0.0
2024-07-09 01:50:00+00:00,14.84000015258789,14.850000381469727,14.779999732971191,14.800000190734863,927985,0.0,0.0,0.0
2024-07-09 01:55:00+00:00,14.800000190734863,14.8100004196167,14.75,14.779999732971191,1179813,0.0,0.0,0.0
2024-07-09 02:00:00+00:00,14.770000457763672,14.789999961853027,14.729999542236328,14.739999771118164,577569,0.0,0.0,0.0
2024-07-09 02:05:00+00:00,14.739999771118164,14.75,14.680000305175781,14.710000038146973,805227,0.0,0.0,0.0
2024-07-09 02:10:00+00:00,14.729999542236328,14.779999732971191,14.729999542236328,14.779999732971191,298541,0.0,0.0,0.0
2024-07-09 02:15:00+00:00,14.779999732971191,14.819999694824219,14.770000457763672,14.800000190734863,222565,0.0,0.0,0.0
2024-07-09 02:20:00+00:00,14.800000190734863,14.84000015258789,14.789999961853027,14.829999923706055,615625,0.0,0.0,0.0
2024-07-09 02:25:00+00:00,14.829999923706055,14.829999923706055,14.8100004196167,14.829999923706055,167206,0.0,0.0,0.0
2024-07-09 02:30:00+00:00,14.850000381469727,14.869999885559082,14.850000381469727,14.859999656677246,250927,0.0,0.0,0.0
2024-07-09 02:35:00+00:00,14.859999656677246,14.859999656677246,14.819999694824219,14.84000015258789,487363,0.0,0.0,0.0
2024-07-09 02:40:00+00:00,14.829999923706055,14.84000015258789,14.819999694824219,14.829999923706055,57862,0.0,0.0,0.0
2024-07-09 02:45:00+00:00,14.829999923706055,14.84000015258789,14.819999694824219,14.84000015258789,151609,0.0,0.0,0.0
2024-07-09 02:50:00+00:00,14.84000015258789,14.859999656677246,14.84000015258789,14.850000381469727,289339,0.0,0.0,0.0
2024-07-09 02:55:00+00:00,14.850000381469727,14.850000381469727,14.789999961853027,14.800000190734863,375226,0.0,0.0,0.0
2024-07-09 03:00:00+00:00,14.8100004196167,14.819999694824219,14.8100004196167,14.819999694824219,217265,0.0,0.0,0.0
2024-07-09 03:05:00+00:00,14.819999694824219,14.829999923706055,14.819999694824219,14.829999923706055,46098,0.0,0.0,0.0
2024-07-09 03:10:00+00:00,14.829999923706055,14.829999923706055,14.819999694824219,14.819999694824219,26314,0.0,0.0,0.0
2024-07-09 03:15:00+00:00,14.819999694824219,14.819999694824219,14.800000190734863,14.800000190734863,171605,0.0,0.0,0.0
2024-07-09 03:20:00+00:00,14.800000190734863,14.8100004196167,14.789999961853027,14.789999961853027,41186,0.0,0.0,0.0
2024-07-09 03:25:00+00:00,14.800000190734863,14.819999694824219,14.800000190734863,14.8100004196167,134176,0.0,0.0,0.0
2024-07-09 03:30:00+00:00,14.819999694824219,14.819999694824219,14.8100004196167,14.819999694824219,59375,0.0,0.0,0.0
2024-07-09 03:35:00+00:00,14.829999923706055,14.829999923706055,14.819999694824219,14.819999694824219,177091,0.0,0.0,0.0
2024-07-09 03:40:00+00:00,14.819999694824219,14.829999923706055,14.819999694824219,14.829999923706055,138007,0.0,0.0,0.0
2024-07-09 03:45:00+00:00,14.84000015258789,14.84000015258789,14.829999923706055,14.84000015258789,32306,0.0,0.0,0.0
2024-07-09 03:50:00+00:00,14.84000015258789,14.84000015258789,14.84000015258789,14.84000015258789,99006,0.0,0.0,0.0
2024-07-09 03:55:00+00:00,14.84000015258789,14.84000015258789,14.829999923706055,14.829999923706055,218423,0.0,0.0,0.0
2024-07-09 04:00:00+00:00,14.850000381469727,14.850000381469727,14.819999694824219,14.819999694824219,228156,0.0,0.0,0.0
2024-07-09 04:05:00+00:00,14.829999923706055,14.829999923706055,14.819999694824219,14.829999923706055,46223,0.0,0.0,0.0
2024-07-09 04:10:00+00:00,14.829999923706055,14.829999923706055,14.819999694824219,14.829999923706055,70322,0.0,0.0,0.0
2024-07-09 04:15:00+00:00,14.829999923706055,14.829999923706055,14.819999694824219,14.829999923706055,274362,0.0,0.0,0.0
2024-07-09 04:20:00+00:00,14.84000015258789,14.84000015258789,14.829999923706055,14.84000015258789,38060,0.0,0.0,0.0
2024-07-09 04:25:00+00:00,14.84000015258789,14.84000015258789,14.829999923706055,14.829999923706055,62516,0.0,0.0,0.0
2024-07-09 04:30:00+00:00,14.829999923706055,14.829999923706055,14.829999923706055,14.829999923706055,76804,0.0,0.0,0.0
2024-07-09 04:35:00+00:00,14.829999923706055,14.829999923706055,14.829999923706055,14.829999923706055,59357,0.0,0.0,0.0
2024-07-09 04:40:00+00:00,14.829999923706055,14.829999923706055,14.829999923706055,14.829999923706055,55800,0.0,0.0,0.0
2024-07-09 04:45:00+00:00,14.829999923706055,14.829999923706055,14.819999694824219,14.819999694824219,480266,0.0,0.0,0.0
2024-07-09 04:50:00+00:00,14.819999694824219,14.819999694824219,14.819999694824219,14.819999694824219,112964,0.0,0.0,0.0
2024-07-09 04:55:00+00:00,14.819999694824219,14.829999923706055,14.819999694824219,14.829999923706055,126336,0.0,0.0,0.0
2024-07-09 05:00:00+00:00,14.829999923706055,14.829999923706055,14.829999923706055,14.829999923706055,32137,0.0,0.0,0.0
2024-07-09 05:05:00+00:00,14.829999923706055,14.829999923706055,14.819999694824219,14.829999923706055,143895,0.0,0.0,0.0
2024-07-09 05:10:00+00:00,14.829999923706055,14.829999923706055,14.819999694824219,14.819999694824219,396097,0.0,0.0,0.0
2024-07-09 05:15:00+00:00,14.829999923706055,14.84000015258789,14.829999923706055,14.84000015258789,283844,0.0,0.0,0.0
2024-07-09 05:20:00+00:00,14.84000015258789,14.84000015258789,14.829999923706055,14.829999923706055,242752,0.0,0.0,0.0
2024-07-10 01:00:00+00:00,14.8100004196167,14.859999656677246,14.800000190734863,14.8100004196167,0,0.0,0.0,0.0
2024-07-10 01:05:00+00:00,14.8100004196167,14.8100004196167,14.800000190734863,14.8100004196167,408000,0.0,0.0,0.0
2024-07-10 01:10:00+00:00,14.84000015258789,14.84000015258789,14.819999694824219,14.819999694824219,641169,0.0,0.0,0.0
2024-07-10 01:15:00+00:00,14.819999694824219,14.84000015258789,14.819999694824219,14.84000015258789,144355,0.0,0.0,0.0
2024-07-10 01:20:00+00:00,14.84000015258789,14.850000381469727,14.819999694824219,14.819999694824219,673683,0.0,0.0,0.0
2024-07-10 01:25:00+00:00,14.819999694824219,14.829999923706055,14.819999694824219,14.819999694824219,235657,0.0,0.0,0.0
2024-07-10 01:30:00+00:00,14.819999694824219,14.829999923706055,14.819999694824219,14.819999694824219,196453,0.0,0.0,0.0
2024-07-10 01:35:00+00:00,14.819999694824219,14.829999923706055,14.8100004196167,14.829999923706055,371722,0.0,0.0,0.0
2024-07-10 01:40:00+00:00,14.829999923706055,14.829999923706055,14.819999694824219,14.819999694824219,316855,0.0,0.0,0.0
2024-07-10 01:45:00+00:00,14.819999694824219,14.819999694824219,14.800000190734863,14.800000190734863,1029353,0.0,0.0,0.0
2024-07-10 01:50:00+00:00,14.800000190734863,14.800000190734863,14.760000228881836,14.760000228881836,1311039,0.0,0.0,0.0
2024-07-10 01:55:00+00:00,14.760000228881836,14.760000228881836,14.739999771118164,14.739999771118164,750108,0.0,0.0,0.0
2024-07-10 02:00:00+00:00,14.739999771118164,14.770000457763672,14.739999771118164,14.760000228881836,328293,0.0,0.0,0.0
2024-07-10 02:05:00+00:00,14.770000457763672,14.800000190734863,14.760000228881836,14.779999732971191,90041,0.0,0.0,0.0
2024-07-10 02:10:00+00:00,14.789999961853027,14.800000190734863,14.779999732971191,14.800000190734863,192006,0.0,0.0,0.0
2024-07-10 02:15:00+00:00,14.789999961853027,14.84000015258789,14.789999961853027,14.84000015258789,364953,0.0,0.0,0.0
2024-07-10 02:20:00+00:00,14.84000015258789,14.859999656677246,14.84000015258789,14.850000381469727,107489,0.0,0.0,0.0
2024-07-10 02:25:00+00:00,14.850000381469727,14.850000381469727,14.84000015258789,14.850000381469727,60373,0.0,0.0,0.0
2024-07-10 02:30:00+00:00,14.84000015258789,14.850000381469727,14.84000015258789,14.850000381469727,45412,0.0,0.0,0.0
2024-07-10 02:35:00+00:00,14.850000381469727,14.90999984741211,14.850000381469727,14.890000343322754,513489,0.0,0.0,0.0
2024-07-10 02:40:00+00:00,14.890000343322754,14.890000343322754,14.880000114440918,14.890000343322754,129999,0.0,0.0,0.0
2024-07-10 02:45:00+00:00,14.890000343322754,14.899999618530273,14.890000343322754,14.890000343322754,168147,0.0,0.0,0.0
2024-07-10 02:50:00+00:00,14.880000114440918,14.890000343322754,14.880000114440918,14.880000114440918,205257,0.0,0.0,0.0
2024-07-10 02:55:00+00:00,14.880000114440918,14.880000114440918,14.859999656677246,14.869999885559082,110316,0.0,0.0,0.0
2024-07-10 03:00:00+00:00,14.869999885559082,14.869999885559082,14.859999656677246,14.869999885559082,92605,0.0,0.0,0.0
2024-07-10 03:05:00+00:00,14.869999885559082,14.869999885559082,14.859999656677246,14.869999885559082,43117,0.0,0.0,0.0
2024-07-10 03:10:00+00:00,14.869999885559082,14.880000114440918,14.859999656677246,14.880000114440918,173003,0.0,0.0,0.0
2024-07-10 03:15:00+00:00,14.880000114440918,14.880000114440918,14.869999885559082,14.880000114440918,94267,0.0,0.0,0.0
2024-07-10 03:20:00+00:00,14.880000114440918,14.880000114440918,14.869999885559082,14.869999885559082,72058,0.0,0.0,0.0
2024-07-10 03:25:00+00:00,14.880000114440918,14.890000343322754,14.880000114440918,14.880000114440918,54100,0.0,0.0,0.0
2024-07-10 03:30:00+00:00,14.880000114440918,14.880000114440918,14.869999885559082,14.869999885559082,121015,0.0,0.0,0.0
2024-07-10 03:35:00+00:00,14.880000114440918,14.880000114440918,14.869999885559082,14.869999885559082,46361,0.0,0.0,0.0
2024-07-10 03:40:00+00:00,14.880000114440918,14.880000114440918,14.880000114440918,14.880000114440918,69362,0.0,0.0,0.0
2024-07-10 03:45:00+00:00,14.880000114440918,14.880000114440918,14.869999885559082,14.880000114440918,63305,0.0,0.0,0.0
2024-07-10 03:50:00+00:00,14.880000114440918,14.880000114440918,14.869999885559082,14.880000114440918,163215,0.0,0.0,0.0
2024-07-10 03:55:00+00:00,14.880000114440918,14.890000343322754,14.880000114440918,14.880000114440918,76775,0.0,0.0,0.0
2024-07-10 04:00:00+00:00,14.890000343322754,14.890000343322754,14.869999885559082,14.880000114440918,351496,0.0,0.0,0.0
2024-07-10 04:05:00+00:00,14.869999885559082,14.880000114440918,14.869999885559082,14.869999885559082,304696,0.0,0.0,0.0
2024-07-10 04:10:00+00:00,14.869999885559082,14.869999885559082,14.859999656677246,14.869999885559082,133223,0.0,0.0,0.0
2024-07-10 04:15:00+00:00,14.869999885559082,14.869999885559082,14.869999885559082,14.869999885559082,70199,0.0,0.0,0.0
2024-07-10 04:20:00+00:00,14.869999885559082,14.880000114440918,14.869999885559082,14.880000114440918,59753,0.0,0.0,0.0
2024-07-10 04:25:00+00:00,14.880000114440918,14.890000343322754,14.869999885559082,14.880000114440918,344831,0.0,0.0,0.0
2024-07-10 04:30:00+00:00,14.890000343322754,14.899999618530273,14.890000343322754,14.899999618530273,144163,0.0,0.0,0.0
2024-07-10 04:35:00+00:00,14.899999618530273,14.899999618530273,14.890000343322754,14.899999618530273,122320,0.0,0.0,0.0
2024-07-10 04:40:00+00:00,14.899999618530273,14.899999618530273,14.890000343322754,14.890000343322754,80248,0.0,0.0,0.0
2024-07-10 04:45:00+00:00,14.890000343322754,14.890000343322754,14.880000114440918,14.880000114440918,167214,0.0,0.0,0.0
2024-07-10 04:50:00+00:00,14.880000114440918,14.890000343322754,14.880000114440918,14.890000343322754,69650,0.0,0.0,0.0
2024-07-10 04:55:00+00:00,14.890000343322754,14.9399995803833,14.890000343322754,14.9399995803833,284368,0.0,0.0,0.0
2024-07-10 05:00:00+00:00,14.9399995803833,14.9399995803833,14.920000076293945,14.930000305175781,211655,0.0,0.0,0.0
2024-07-10 05:05:00+00:00,14.930000305175781,14.930000305175781,14.920000076293945,14.930000305175781,179828,0.0,0.0,0.0
2024-07-10 05:10:00+00:00,14.930000305175781,14.9399995803833,14.930000305175781,14.930000305175781,144510,0.0,0.0,0.0
2024-07-11 01:00:00+00:00,15.100000381469727,15.140000343322754,15.09000015258789,15.09000015258789,0,0.0,0.0,0.0
2024-07-11 01:05:00+00:00,15.100000381469727,15.119999885559082,15.100000381469727,15.119999885559082,259444,0.0,0.0,0.0
2024-07-11 01:10:00+00:00,15.119999885559082,15.140000343322754,15.109999656677246,15.140000343322754,573804,0.0,0.0,0.0
2024-07-11 01:15:00+00:00,15.140000343322754,15.170000076293945,15.140000343322754,15.15999984741211,627568,0.0,0.0,0.0
2024-07-11 01:20:00+00:00,15.170000076293945,15.210000038146973,15.15999984741211,15.1899995803833,2020599,0.0,0.0,0.0
2024-07-11 01:25:00+00:00,15.1899995803833,15.210000038146973,15.170000076293945,15.199999809265137,227759,0.0,0.0,0.0
2024-07-11 01:30:00+00:00,15.199999809265137,15.239999771118164,15.199999809265137,15.220000267028809,344775,0.0,0.0,0.0
2024-07-11 01:35:00+00:00,15.220000267028809,15.239999771118164,15.210000038146973,15.220000267028809,778153,0.0,0.0,0.0
2024-07-11 01:40:00+00:00,15.220000267028809,15.229999542236328,15.220000267028809,15.220000267028809,221015,0.0,0.0,0.0
2024-07-11 01:45:00+00:00,15.220000267028809,15.229999542236328,15.210000038146973,15.220000267028809,569377,0.0,0.0,0.0
2024-07-11 01:50:00+00:00,15.220000267028809,15.229999542236328,15.220000267028809,15.220000267028809,147830,0.0,0.0,0.0
2024-07-11 01:55:00+00:00,15.229999542236328,15.229999542236328,15.220000267028809,15.220000267028809,347032,0.0,0.0,0.0
2024-07-11 02:00:00+00:00,15.229999542236328,15.229999542236328,15.210000038146973,15.229999542236328,220024,0.0,0.0,0.0
2024-07-11 02:05:00+00:00,15.229999542236328,15.229999542236328,15.220000267028809,15.229999542236328,207706,0.0,0.0,0.0
2024-07-11 02:10:00+00:00,15.229999542236328,15.239999771118164,15.220000267028809,15.239999771118164,287010,0.0,0.0,0.0
2024-07-11 02:15:00+00:00,15.239999771118164,15.25,15.229999542236328,15.25,201020,0.0,0.0,0.0
2024-07-11 02:20:00+00:00,15.25,15.279999732971191,15.239999771118164,15.279999732971191,1275348,0.0,0.0,0.0
2024-07-11 02:25:00+00:00,15.279999732971191,15.289999961853027,15.270000457763672,15.270000457763672,207683,0.0,0.0,0.0
2024-07-11 02:30:00+00:00,15.270000457763672,15.279999732971191,15.270000457763672,15.279999732971191,122682,0.0,0.0,0.0
2024-07-11 02:35:00+00:00,15.279999732971191,15.289999961853027,15.279999732971191,15.289999961853027,278056,0.0,0.0,0.0
2024-07-11 02:40:00+00:00,15.289999961853027,15.300000190734863,15.270000457763672,15.279999732971191,161633,0.0,0.0,0.0
2024-07-11 02:45:00+00:00,15.279999732971191,15.289999961853027,15.279999732971191,15.289999961853027,107153,0.0,0.0,0.0
2024-07-11 02:50:00+00:00,15.289999961853027,15.319999694824219,15.289999961853027,15.319999694824219,273603,0.0,0.0,0.0
2024-07-11 02:55:00+00:00,15.329999923706055,15.350000381469727,15.319999694824219,15.329999923706055,308777,0.0,0.0,0.0
2024-07-11 03:00:00+00:00,15.329999923706055,15.34000015258789,15.329999923706055,15.34000015258789,258346,0.0,0.0,0.0
2024-07-11 03:05:00+00:00,15.34000015258789,15.34000015258789,15.319999694824219,15.329999923706055,195621,0.0,0.0,0.0
2024-07-11 03:10:00+00:00,15.329999923706055,15.329999923706055,15.319999694824219,15.329999923706055,115016,0.0,0.0,0.0
2024-07-11 03:15:00+00:00,15.319999694824219,15.34000015258789,15.319999694824219,15.329999923706055,93750,0.0,0.0,0.0
2024-07-11 03:20:00+00:00,15.329999923706055,15.350000381469727,15.329999923706055,15.329999923706055,112246,0.0,0.0,0.0
2024-07-11 03:25:00+00:00,15.34000015258789,15.350000381469727,15.329999923706055,15.350000381469727,87955,0.0,0.0,0.0
2024-07-11 03:30:00+00:00,15.34000015258789,15.350000381469727,15.329999923706055,15.329999923706055,321052,0.0,0.0,0.0
2024-07-11 03:35:00+00:00,15.329999923706055,15.34000015258789,15.329999923706055,15.34000015258789,88111,0.0,0.0,0.0
2024-07-11 03:40:00+00:00,15.34000015258789,15.34000015258789,15.329999923706055,15.329999923706055,323067,0.0,0.0,0.0
2024-07-11 03:45:00+00:00,15.34000015258789,15.34000015258789,15.329999923706055,15.329999923706055,63610,0.0,0.0,0.0
2024-07-11 03:50:00+00:00,15.329999923706055,15.359999656677246,15.329999923706055,15.359999656677246,298016,0.0,0.0,0.0
2024-07-11 03:55:00+00:00,15.359999656677246,15.380000114440918,15.359999656677246,15.380000114440918,241673,0.0,0.0,0.0
2024-07-11 04:00:00+00:00,15.380000114440918,15.390000343322754,15.369999885559082,15.380000114440918,224717,0.0,0.0,0.0
2024-07-11 04:05:00+00:00,15.390000343322754,15.40999984741211,15.390000343322754,15.40999984741211,293227,0.0,0.0,0.0
2024-07-11 04:10:00+00:00,15.40999984741211,15.430000305175781,15.399999618530273,15.420000076293945,378716,0.0,0.0,0.0
2024-07-11 04:15:00+00:00,15.430000305175781,15.489999771118164,15.430000305175781,15.479999542236328,598078,0.0,0.0,0.0
2024-07-11 04:20:00+00:00,15.479999542236328,15.600000381469727,15.479999542236328,15.529999732971191,257676,0.0,0.0,0.0
2024-07-11 04:25:00+00:00,15.520000457763672,15.529999732971191,15.470000267028809,15.479999542236328,437588,0.0,0.0,0.0
2024-07-11 04:30:00+00:00,15.479999542236328,15.489999771118164,15.470000267028809,15.489999771118164,155794,0.0,0.0,0.0
2024-07-11 04:35:00+00:00,15.489999771118164,15.5,15.479999542236328,15.5,137468,0.0,0.0,0.0
2024-07-11 04:40:00+00:00,15.5,15.510000228881836,15.489999771118164,15.5,392603,0.0,0.0,0.0
2024-07-11 04:45:00+00:00,15.5,15.510000228881836,15.489999771118164,15.510000228881836,183552,0.0,0.0,0.0
2024-07-11 04:50:00+00:00,15.510000228881836,15.510000228881836,15.489999771118164,15.5,412459,0.0,0.0,0.0
2024-07-11 04:55:00+00:00,15.510000228881836,15.510000228881836,15.489999771118164,15.5,359846,0.0,0.0,0.0
2024-07-11 05:00:00+00:00,15.489999771118164,15.5,15.479999542236328,15.489999771118164,502590,0.0,0.0,0.0
2024-07-11 05:05:00+00:00,15.479999542236328,15.489999771118164,15.470000267028809,15.489999771118164,59033,0.0,0.0,0.0
2024-07-11 05:10:00+00:00,15.489999771118164,15.489999771118164,15.479999542236328,15.479999542236328,3000,0.0,0.0,0.0
2024-07-12 01:00:00+00:00,15.300000190734863,15.300000190734863,15.109999656677246,15.25,0,0.0,0.0,0.0
2024-07-12 01:05:00+00:00,15.25,15.260000228881836,15.220000267028809,15.239999771118164,908000,0.0,0.0,0.0
2024-07-12 01:10:00+00:00,15.239999771118164,15.359999656677246,15.229999542236328,15.359999656677246,900403,0.0,0.0,0.0
2024-07-12 01:15:00+00:00,15.369999885559082,15.399999618530273,15.369999885559082,15.380000114440918,645113,0.0,0.0,0.0
2024-07-12 01:20:00+00:00,15.380000114440918,15.390000343322754,15.34000015258789,15.380000114440918,850883,0.0,0.0,0.0
2024-07-12 01:25:00+00:00,15.390000343322754,15.390000343322754,15.369999885559082,15.380000114440918,346284,0.0,0.0,0.0
2024-07-12 01:30:00+00:00,15.380000114440918,15.390000343322754,15.380000114440918,15.390000343322754,264699,0.0,0.0,0.0
2024-07-12 01:35:00+00:00,15.399999618530273,15.4399995803833,15.390000343322754,15.430000305175781,610153,0.0,0.0,0.0
2024-07-12 01:40:00+00:00,15.430000305175781,15.470000267028809,15.430000305175781,15.449999809265137,892230,0.0,0.0,0.0
2024-07-12 01:45:00+00:00,15.4399995803833,15.449999809265137,15.390000343322754,15.399999618530273,469465,0.0,0.0,0.0
2024-07-12 01:50:00+00:00,15.399999618530273,15.399999618530273,15.390000343322754,15.390000343322754,195561,0.0,0.0,0.0
2024-07-12 01:55:00+00:00,15.390000343322754,15.390000343322754,15.369999885559082,15.380000114440918,374523,0.0,0.0,0.0
2024-07-12 02:00:00+00:00,15.380000114440918,15.380000114440918,15.350000381469727,15.350000381469727,502504,0.0,0.0,0.0
2024-07-12 02:05:00+00:00,15.350000381469727,15.380000114440918,15.34000015258789,15.369999885559082,442096,0.0,0.0,0.0
2024-07-12 02:10:00+00:00,15.380000114440918,15.380000114440918,15.369999885559082,15.380000114440918,154937,0.0,0.0,0.0
2024-07-12 02:15:00+00:00,15.369999885559082,15.399999618530273,15.369999885559082,15.399999618530273,393078,0.0,0.0,0.0
2024-07-12 02:20:00+00:00,15.40999984741211,15.449999809265137,15.40999984741211,15.4399995803833,114949,0.0,0.0,0.0
2024-07-12 02:25:00+00:00,15.4399995803833,15.470000267028809,15.4399995803833,15.449999809265137,118211,0.0,0.0,0.0
2024-07-12 02:30:00+00:00,15.449999809265137,15.460000038146973,15.430000305175781,15.449999809265137,210816,0.0,0.0,0.0
2024-07-12 02:35:00+00:00,15.460000038146973,15.479999542236328,15.460000038146973,15.470000267028809,181503,0.0,0.0,0.0
2024-07-12 02:40:00+00:00,15.449999809265137,15.470000267028809,15.449999809265137,15.449999809265137,188409,0.0,0.0,0.0
2024-07-12 02:45:00+00:00,15.470000267028809,15.479999542236328,15.4399995803833,15.4399995803833,174374,0.0,0.0,0.0
2024-07-12 02:50:00+00:00,15.4399995803833,15.460000038146973,15.40999984741211,15.420000076293945,376881,0.0,0.0,0.0
2024-07-12 02:55:00+00:00,15.40999984741211,15.4399995803833,15.40999984741211,15.430000305175781,90221,0.0,0.0,0.0
2024-07-12 03:00:00+00:00,15.4399995803833,15.449999809265137,15.420000076293945,15.449999809265137,83958,0.0,0.0,0.0
2024-07-12 03:05:00+00:00,15.449999809265137,15.470000267028809,15.449999809265137,15.460000038146973,83358,0.0,0.0,0.0
2024-07-12 03:10:00+00:00,15.460000038146973,15.470000267028809,15.460000038146973,15.470000267028809,164463,0.0,0.0,0.0
2024-07-12 03:15:00+00:00,15.470000267028809,15.470000267028809,15.449999809265137,15.449999809265137,111048,0.0,0.0,0.0
2024-07-12 03:20:00+00:00,15.449999809265137,15.460000038146973,15.4399995803833,15.449999809265137,139725,0.0,0.0,0.0
2024-07-12 03:25:00+00:00,15.449999809265137,15.449999809265137,15.40999984741211,15.40999984741211,115802,0.0,0.0,0.0
2024-07-12 03:30:00+00:00,15.430000305175781,15.4399995803833,15.399999618530273,15.399999618530273,88401,0.0,0.0,0.0
2024-07-12 03:35:00+00:00,15.399999618530273,15.40999984741211,15.399999618530273,15.399999618530273,276734,0.0,0.0,0.0
2024-07-12 03:40:00+00:00,15.399999618530273,15.40999984741211,15.399999618530273,15.399999618530273,71253,0.0,0.0,0.0
2024-07-12 03:45:00+00:00,15.40999984741211,15.40999984741211,15.399999618530273,15.40999984741211,190571,0.0,0.0,0.0
2024-07-12 03:50:00+00:00,15.40999984741211,15.420000076293945,15.40999984741211,15.40999984741211,107480,0.0,0.0,0.0
2024-07-12 03:55:00+00:00,15.40999984741211,15.40999984741211,15.390000343322754,15.399999618530273,253317,0.0,0.0,0.0
2024-07-12 04:00:00+00:00,15.40999984741211,15.40999984741211,15.380000114440918,15.380000114440918,168066,0.0,0.0,0.0
2024-07-12 04:05:00+00:00,15.380000114440918,15.399999618530273,15.380000114440918,15.399999618530273,40561,0.0,0.0,0.0
2024-07-12 04:10:00+00:00,15.399999618530273,15.40999984741211,15.390000343322754,15.40999984741211,60234,0.0,0.0,0.0
2024-07-12 04:15:00+00:00,15.399999618530273,15.40999984741211,15.390000343322754,15.390000343322754,96196,0.0,0.0,0.0
2024-07-12 04:20:00+00:00,15.399999618530273,15.399999618530273,15.390000343322754,15.390000343322754,156406,0.0,0.0,0.0
2024-07-12 04:25:00+00:00,15.399999618530273,15.399999618530273,15.380000114440918,15.399999618530273,265449,0.0,0.0,0.0
2024-07-12 04:30:00+00:00,15.399999618530273,15.399999618530273,15.390000343322754,15.399999618530273,209098,0.0,0.0,0.0
2024-07-12 04:35:00+00:00,15.399999618530273,15.399999618530273,15.380000114440918,15.380000114440918,247900,0.0,0.0,0.0
2024-07-12 04:40:00+00:00,15.390000343322754,15.390000343322754,15.380000114440918,15.390000343322754,101300,0.0,0.0,0.0
2024-07-12 04:45:00+00:00,15.380000114440918,15.390000343322754,15.380000114440918,15.390000343322754,190830,0.0,0.0,0.0
2024-07-12 04:50:00+00:00,15.390000343322754,15.390000343322754,15.380000114440918,15.390000343322754,124296,0.0,0.0,0.0
2024-07-12 04:55:00+00:00,15.390000343322754,15.399999618530273,15.380000114440918,15.390000343322754,118233,0.0,0.0,0.0
2024-07-12 05:00:00+00:00,15.390000343322754,15.399999618530273,15.390000343322754,15.399999618530273,145462,0.0,0.0,0.0
2024-07-12 05:05:00+00:00,15.399999618530273,15.399999618530273,15.380000114440918,15.390000343322754,262728,0.0,0.0,0.0
2024-07-12 05:10:00+00:00,15.390000343322754,15.390000343322754,15.359999656677246,15.359999656677246,843231,0.0,0.0,0.0
2024-07-12 05:15:00+00:00,15.359999656677246,15.369999885559082,15.350000381469727,15.369999885559082,211786,0.0,0.0,0.0
2024-07-12 05:20:00+00:00,15.369999885559082,15.420000076293945,15.369999885559082,15.399999618530273,370222,0.0,0.0,0.0
2024-07-15 01:00:00+00:00,15.449999809265137,15.699999809265137,15.4399995803833,15.449999809265137,0,0.0,0.0,0.0
2024-07-15 01:05:00+00:00,15.449999809265137,15.5,15.430000305175781,15.5,588000,0.0,0.0,0.0
2024-07-15 01:10:00+00:00,15.5,15.569999694824219,15.470000267028809,15.520000457763672,421916,0.0,0.0,0.0
2024-07-15 01:15:00+00:00,15.579999923706055,15.579999923706055,15.460000038146973,15.470000267028809,775997,0.0,0.0,0.0
2024-07-15 01:20:00+00:00,15.470000267028809,15.479999542236328,15.449999809265137,15.470000267028809,196680,0.0,0.0,0.0
2024-07-15 01:25:00+00:00,15.470000267028809,15.479999542236328,15.449999809265137,15.449999809265137,539307,0.0,0.0,0.0
2024-07-15 01:30:00+00:00,15.4399995803833,15.510000228881836,15.430000305175781,15.489999771118164,740294,0.0,0.0,0.0
2024-07-15 01:35:00+00:00,15.510000228881836,15.520000457763672,15.489999771118164,15.510000228881836,155601,0.0,0.0,0.0
2024-07-15 01:40:00+00:00,15.520000457763672,15.520000457763672,15.479999542236328,15.510000228881836,383852,0.0,0.0,0.0
2024-07-15 01:45:00+00:00,15.510000228881836,15.520000457763672,15.470000267028809,15.489999771118164,89289,0.0,0.0,0.0
2024-07-15 01:50:00+00:00,15.489999771118164,15.489999771118164,15.460000038146973,15.460000038146973,203406,0.0,0.0,0.0
2024-07-15 01:55:00+00:00,15.460000038146973,15.529999732971191,15.449999809265137,15.449999809265137,816983,0.0,0.0,0.0
2024-07-15 02:00:00+00:00,15.529999732971191,15.529999732971191,15.479999542236328,15.5,109563,0.0,0.0,0.0
2024-07-15 02:05:00+00:00,15.5,15.5,15.479999542236328,15.489999771118164,207861,0.0,0.0,0.0
2024-07-15 02:10:00+00:00,15.5,15.510000228881836,15.470000267028809,15.470000267028809,317209,0.0,0.0,0.0
2024-07-15 02:15:00+00:00,15.510000228881836,15.510000228881836,15.470000267028809,15.470000267028809,66049,0.0,0.0,0.0
2024-07-15 02:20:00+00:00,15.479999542236328,15.5,15.470000267028809,15.489999771118164,79316,0.0,0.0,0.0
2024-07-15 02:25:00+00:00,15.489999771118164,15.5,15.479999542236328,15.5,71138,0.0,0.0,0.0
2024-07-15 02:30:00+00:00,15.5,15.510000228881836,15.479999542236328,15.479999542236328,227312,0.0,0.0,0.0
2024-07-15 02:35:00+00:00,15.479999542236328,15.489999771118164,15.470000267028809,15.479999542236328,312225,0.0,0.0,0.0
2024-07-15 02:40:00+00:00,15.479999542236328,15.479999542236328,15.470000267028809,15.470000267028809,41952,0.0,0.0,0.0
2024-07-15 02:45:00+00:00,15.489999771118164,15.489999771118164,15.460000038146973,15.470000267028809,374456,0.0,0.0,0.0
2024-07-15 02:50:00+00:00,15.470000267028809,15.489999771118164,15.470000267028809,15.489999771118164,132565,0.0,0.0,0.0
2024-07-15 02:55:00+00:00,15.489999771118164,15.489999771118164,15.460000038146973,15.460000038146973,178581,0.0,0.0,0.0
2024-07-15 03:00:00+00:00,15.460000038146973,15.470000267028809,15.460000038146973,15.460000038146973,264412,0.0,0.0,0.0
2024-07-15 03:05:00+00:00,15.470000267028809,15.470000267028809,15.460000038146973,15.470000267028809,133243,0.0,0.0,0.0
2024-07-15 03:10:00+00:00,15.460000038146973,15.479999542236328,15.460000038146973,15.470000267028809,48378,0.0,0.0,0.0
2024-07-15 03:15:00+00:00,15.479999542236328,15.479999542236328,15.470000267028809,15.479999542236328,89384,0.0,0.0,0.0
2024-07-15 03:20:00+00:00,15.479999542236328,15.489999771118164,15.479999542236328,15.479999542236328,46162,0.0,0.0,0.0
2024-07-15 03:25:00+00:00,15.489999771118164,15.510000228881836,15.479999542236328,15.5,119879,0.0,0.0,0.0
2024-07-15 03:30:00+00:00,15.510000228881836,15.520000457763672,15.5,15.510000228881836,73066,0.0,0.0,0.0
2024-07-15 03:35:00+00:00,15.5,15.510000228881836,15.479999542236328,15.489999771118164,238097,0.0,0.0,0.0
2024-07-15 03:40:00+00:00,15.5,15.5,15.479999542236328,15.479999542236328,55124,0.0,0.0,0.0
2024-07-15 03:45:00+00:00,15.489999771118164,15.489999771118164,15.479999542236328,15.489999771118164,120167,0.0,0.0,0.0
2024-07-15 03:50:00+00:00,15.479999542236328,15.489999771118164,15.479999542236328,15.479999542236328,138463,0.0,0.0,0.0
2024-07-15 03:55:00+00:00,15.489999771118164,15.489999771118164,15.479999542236328,15.489999771118164,21012,0.0,0.0,0.0
2024-07-15 04:00:00+00:00,15.479999542236328,15.5,15.479999542236328,15.5,246000,0.0,0.0,0.0
2024-07-15 04:05:00+00:00,15.5,15.5,15.489999771118164,15.5,84457,0.0,0.0,0.0
2024-07-15 04:10:00+00:00,15.489999771118164,15.5,15.489999771118164,15.489999771118164,129513,0.0,0.0,0.0
2024-07-15 04:15:00+00:00,15.489999771118164,15.5,15.479999542236328,15.5,71012,0.0,0.0,0.0
2024-07-15 04:20:00+00:00,15.489999771118164,15.5,15.489999771118164,15.489999771118164,42616,0.0,0.0,0.0
2024-07-15 04:25:00+00:00,15.5,15.510000228881836,15.489999771118164,15.5,173099,0.0,0.0,0.0
2024-07-15 04:30:00+00:00,15.5,15.520000457763672,15.5,15.5,151826,0.0,0.0,0.0
2024-07-15 04:35:00+00:00,15.5,15.520000457763672,15.5,15.510000228881836,37850,0.0,0.0,0.0
2024-07-15 04:40:00+00:00,15.5,15.529999732971191,15.5,15.520000457763672,101378,0.0,0.0,0.0
2024-07-15 04:45:00+00:00,15.520000457763672,15.529999732971191,15.510000228881836,15.520000457763672,124961,0.0,0.0,0.0
2024-07-15 04:50:00+00:00,15.520000457763672,15.550000190734863,15.520000457763672,15.529999732971191,191936,0.0,0.0,0.0
2024-07-15 04:55:00+00:00,15.539999961853027,15.550000190734863,15.529999732971191,15.550000190734863,88050,0.0,0.0,0.0
2024-07-15 05:00:00+00:00,15.539999961853027,15.5600004196167,15.539999961853027,15.5600004196167,203111,0.0,0.0,0.0
2024-07-15 05:05:00+00:00,15.5600004196167,15.5600004196167,15.550000190734863,15.5600004196167,220563,0.0,0.0,0.0
2024-07-15 05:10:00+00:00,15.550000190734863,15.5600004196167,15.550000190734863,15.550000190734863,17000,0.0,0.0,0.0
2024-07-16 01:00:00+00:00,14.399999618530273,14.420000076293945,14.359999656677246,14.40999984741211,0,0.0,0.0,0.0
2024-07-16 01:05:00+00:00,14.399999618530273,14.430000305175781,14.399999618530273,14.420000076293945,2617000,0.0,0.0,0.0
2024-07-16 01:10:00+00:00,14.40999984741211,14.420000076293945,14.399999618530273,14.40999984741211,3488541,0.0,0.0,0.0
2024-07-16 01:15:00+00:00,14.40999984741211,14.40999984741211,14.399999618530273,14.399999618530273,1182022,0.0,0.0,0.0
2024-07-16 01:20:00+00:00,14.399999618530273,14.430000305175781,14.399999618530273,14.430000305175781,1732019,0.0,0.0,0.0
2024-07-16 01:25:00+00:00,14.430000305175781,14.430000305175781,14.40999984741211,14.40999984741211,2078562,0.0,0.0,0.0
2024-07-16 01:30:00+00:00,14.420000076293945,14.420000076293945,14.399999618530273,14.399999618530273,1895480,0.0,0.0,0.0
2024-07-16 01:35:00+00:00,14.399999618530273,14.40999984741211,14.399999618530273,14.40999984741211,450896,0.0,0.0,0.0
2024-07-16 01:40:00+00:00,14.40999984741211,14.40999984741211,14.369999885559082,14.369999885559082,3440179,0.0,0.0,0.0
2024-07-16 01:45:00+00:00,14.380000114440918,14.380000114440918,14.369999885559082,14.380000114440918,500955,0.0,0.0,0.0
2024-07-16 01:50:00+00:00,14.380000114440918,14.380000114440918,14.369999885559082,14.380000114440918,1444097,0.0,0.0,0.0
2024-07-16 01:55:00+00:00,14.380000114440918,14.420000076293945,14.369999885559082,14.420000076293945,4425628,0.0,0.0,0.0
2024-07-16 02:00:00+00:00,14.420000076293945,14.470000267028809,14.420000076293945,14.470000267028809,1717290,0.0,0.0,0.0
2024-07-16 02:05:00+00:00,14.470000267028809,14.520000457763672,14.460000038146973,14.520000457763672,1563611,0.0,0.0,0.0
2024-07-16 02:10:00+00:00,14.529999732971191,14.539999961853027,14.520000457763672,14.539999961853027,1284535,0.0,0.0,0.0
2024-07-16 02:15:00+00:00,14.539999961853027,14.550000190734863,14.510000228881836,14.529999732971191,1194546,0.0,0.0,0.0
2024-07-16 02:20:00+00:00,14.520000457763672,14.529999732971191,14.510000228881836,14.520000457763672,493484,0.0,0.0,0.0
2024-07-16 02:25:00+00:00,14.520000457763672,14.539999961853027,14.520000457763672,14.520000457763672,1061817,0.0,0.0,0.0
2024-07-16 02:30:00+00:00,14.520000457763672,14.520000457763672,14.510000228881836,14.520000457763672,284421,0.0,0.0,0.0
2024-07-16 02:35:00+00:00,14.520000457763672,14.520000457763672,14.510000228881836,14.510000228881836,1279829,0.0,0.0,0.0
2024-07-16 02:40:00+00:00,14.510000228881836,14.520000457763672,14.510000228881836,14.520000457763672,678695,0.0,0.0,0.0
2024-07-16 02:45:00+00:00,14.520000457763672,14.520000457763672,14.510000228881836,14.510000228881836,762241,0.0,0.0,0.0
2024-07-16 02:50:00+00:00,14.510000228881836,14.510000228881836,14.510000228881836,14.510000228881836,202156,0.0,0.0,0.0
2024-07-16 02:55:00+00:00,14.510000228881836,14.520000457763672,14.5,14.510000228881836,919124,0.0,0.0,0.0
2024-07-16 03:00:00+00:00,14.520000457763672,14.520000457763672,14.460000038146973,14.470000267028809,1696406,0.0,0.0,0.0
2024-07-16 03:05:00+00:00,14.470000267028809,14.479999542236328,14.4399995803833,14.4399995803833,651799,0.0,0.0,0.0
2024-07-16 03:10:00+00:00,14.4399995803833,14.4399995803833,14.430000305175781,14.4399995803833,228912,0.0,0.0,0.0
2024-07-16 03:15:00+00:00,14.4399995803833,14.4399995803833,14.430000305175781,14.430000305175781,260739,0.0,0.0,0.0
2024-07-16 03:20:00+00:00,14.430000305175781,14.430000305175781,14.420000076293945,14.430000305175781,154770,0.0,0.0,0.0
2024-07-16 03:25:00+00:00,14.430000305175781,14.430000305175781,14.420000076293945,14.430000305175781,625592,0.0,0.0,0.0
2024-07-16 03:30:00+00:00,14.430000305175781,14.430000305175781,14.420000076293945,14.430000305175781,185222,0.0,0.0,0.0
2024-07-16 03:35:00+00:00,14.430000305175781,14.430000305175781,14.430000305175781,14.430000305175781,89735,0.0,0.0,0.0
2024-07-16 03:40:00+00:00,14.430000305175781,14.430000305175781,14.40999984741211,14.40999984741211,832808,0.0,0.0,0.0
2024-07-16 03:45:00+00:00,14.40999984741211,14.40999984741211,14.399999618530273,14.40999984741211,607646,0.0,0.0,0.0
2024-07-16 03:50:00+00:00,14.40999984741211,14.420000076293945,14.380000114440918,14.380000114440918,1811242,0.0,0.0,0.0
2024-07-16 03:55:00+00:00,14.390000343322754,14.390000343322754,14.380000114440918,14.380000114440918,317329,0.0,0.0,0.0
2024-07-16 04:00:00+00:00,14.380000114440918,14.390000343322754,14.369999885559082,14.390000343322754,127933,0.0,0.0,0.0
2024-07-16 04:05:00+00:00,14.390000343322754,14.390000343322754,14.380000114440918,14.390000343322754,252195,0.0,0.0,0.0
2024-07-16 04:10:00+00:00,14.390000343322754,14.420000076293945,14.390000343322754,14.40999984741211,1187094,0.0,0.0,0.0
2024-07-16 04:15:00+00:00,14.40999984741211,14.40999984741211,14.390000343322754,14.390000343322754,627866,0.0,0.0,0.0
2024-07-16 04:20:00+00:00,14.390000343322754,14.390000343322754,14.380000114440918,14.390000343322754,244107,0.0,0.0,0.0
2024-07-16 04:25:00+00:00,14.390000343322754,14.390000343322754,14.380000114440918,14.390000343322754,343069,0.0,0.0,0.0
2024-07-16 04:30:00+00:00,14.390000343322754,14.390000343322754,14.380000114440918,14.390000343322754,195975,0.0,0.0,0.0
2024-07-16 04:35:00+00:00,14.390000343322754,14.390000343322754,14.380000114440918,14.390000343322754,201813,0.0,0.0,0.0
2024-07-16 04:40:00+00:00,14.390000343322754,14.390000343322754,14.380000114440918,14.390000343322754,265370,0.0,0.0,0.0
2024-07-16 04:45:00+00:00,14.390000343322754,14.40999984741211,14.380000114440918,14.40999984741211,307558,0.0,0.0,0.0
2024-07-16 04:50:00+00:00,14.40999984741211,14.420000076293945,14.40999984741211,14.40999984741211,166932,0.0,0.0,0.0
2024-07-16 04:55:00+00:00,14.40999984741211,14.420000076293945,14.40999984741211,14.40999984741211,205553,0.0,0.0,0.0
2024-07-16 05:00:00+00:00,14.40999984741211,14.420000076293945,14.390000343322754,14.390000343322754,878762,0.0,0.0,0.0
2024-07-16 05:05:00+00:00,14.399999618530273,14.399999618530273,14.380000114440918,14.390000343322754,866215,0.0,0.0,0.0
2024-07-16 05:10:00+00:00,14.390000343322754,14.390000343322754,14.380000114440918,14.390000343322754,230766,0.0,0.0,0.0
2024-07-16 05:15:00+00:00,14.390000343322754,14.390000343322754,14.380000114440918,14.390000343322754,257095,0.0,0.0,0.0
2024-07-16 05:20:00+00:00,14.390000343322754,14.390000343322754,14.380000114440918,14.390000343322754,1496136,0.0,0.0,0.0
2024-07-17 01:00:00+00:00,14.390000343322754,14.390000343322754,14.34000015258789,14.369999885559082,0,0.0,0.0,0.0
2024-07-17 01:05:00+00:00,14.369999885559082,14.380000114440918,14.329999923706055,14.34000015258789,1065000,0.0,0.0,0.0
2024-07-17 01:10:00+00:00,14.34000015258789,14.34000015258789,14.3100004196167,14.329999923706055,513406,0.0,0.0,0.0
2024-07-17 01:15:00+00:00,14.329999923706055,14.359999656677246,14.319999694824219,14.359999656677246,502382,0.0,0.0,0.0
2024-07-17 01:20:00+00:00,14.369999885559082,14.399999618530273,14.369999885559082,14.399999618530273,377860,0.0,0.0,0.0
2024-07-17 01:25:00+00:00,14.399999618530273,14.40999984741211,14.380000114440918,14.390000343322754,166731,0.0,0.0,0.0
2024-07-17 01:30:00+00:00,14.390000343322754,14.390000343322754,14.369999885559082,14.380000114440918,528660,0.0,0.0,0.0
2024-07-17 01:35:00+00:00,14.380000114440918,14.380000114440918,14.369999885559082,14.380000114440918,415671,0.0,0.0,0.0
2024-07-17 01:40:00+00:00,14.390000343322754,14.399999618530273,14.380000114440918,14.399999618530273,281464,0.0,0.0,0.0
2024-07-17 01:45:00+00:00,14.399999618530273,14.40999984741211,14.390000343322754,14.399999618530273,95580,0.0,0.0,0.0
2024-07-17 01:50:00+00:00,14.399999618530273,14.40999984741211,14.399999618530273,14.40999984741211,235845,0.0,0.0,0.0
2024-07-17 01:55:00+00:00,14.40999984741211,14.40999984741211,14.390000343322754,14.390000343322754,288183,0.0,0.0,0.0
2024-07-17 02:00:00+00:00,14.399999618530273,14.399999618530273,14.350000381469727,14.350000381469727,1034982,0.0,0.0,0.0
2024-07-17 02:05:00+00:00,14.350000381469727,14.380000114440918,14.34000015258789,14.380000114440918,355172,0.0,0.0,0.0
2024-07-17 02:10:00+00:00,14.380000114440918,14.380000114440918,14.359999656677246,14.359999656677246,129967,0.0,0.0,0.0
2024-07-17 02:15:00+00:00,14.359999656677246,14.369999885559082,14.359999656677246,14.359999656677246,75771,0.0,0.0,0.0
2024-07-17 02:20:00+00:00,14.369999885559082,14.369999885559082,14.359999656677246,14.369999885559082,34703,0.0,0.0,0.0
2024-07-17 02:25:00+00:00,14.369999885559082,14.369999885559082,14.359999656677246,14.359999656677246,69504,0.0,0.0,0.0
2024-07-17 02:30:00+00:00,14.359999656677246,14.369999885559082,14.359999656677246,14.359999656677246,93229,0.0,0.0,0.0
2024-07-17 02:35:00+00:00,14.359999656677246,14.359999656677246,14.350000381469727,14.359999656677246,119863,0.0,0.0,0.0
2024-07-17 02:40:00+00:00,14.369999885559082,14.369999885559082,14.359999656677246,14.369999885559082,38279,0.0,0.0,0.0
2024-07-17 02:45:00+00:00,14.369999885559082,14.369999885559082,14.359999656677246,14.359999656677246,64078,0.0,0.0,0.0
2024-07-17 02:50:00+00:00,14.359999656677246,14.369999885559082,14.359999656677246,14.369999885559082,16650,0.0,0.0,0.0
2024-07-17 02:55:00+00:00,14.369999885559082,14.369999885559082,14.359999656677246,14.359999656677246,183300,0.0,0.0,0.0
2024-07-17 03:00:00+00:00,14.359999656677246,14.369999885559082,14.350000381469727,14.350000381469727,427418,0.0,0.0,0.0
2024-07-17 03:05:00+00:00,14.359999656677246,14.359999656677246,14.350000381469727,14.359999656677246,160538,0.0,0.0,0.0
2024-07-17 03:10:00+00:00,14.359999656677246,14.359999656677246,14.350000381469727,14.350000381469727,68297,0.0,0.0,0.0
2024-07-17 03:15:00+00:00,14.34000015258789,14.350000381469727,14.329999923706055,14.329999923706055,804708,0.0,0.0,0.0
2024-07-17 03:20:00+00:00,14.34000015258789,14.34000015258789,14.3100004196167,14.3100004196167,1426534,0.0,0.0,0.0
2024-07-17 03:25:00+00:00,14.3100004196167,14.319999694824219,14.300000190734863,14.3100004196167,258110,0.0,0.0,0.0
2024-07-17 03:30:00+00:00,14.319999694824219,14.329999923706055,14.319999694824219,14.329999923706055,36000,0.0,0.0,0.0
2024-07-17 03:35:00+00:00,14.329999923706055,14.329999923706055,14.3100004196167,14.3100004196167,430703,0.0,0.0,0.0
2024-07-17 03:40:00+00:00,14.3100004196167,14.319999694824219,14.3100004196167,14.3100004196167,159373,0.0,0.0,0.0
2024-07-17 03:45:00+00:00,14.3100004196167,14.3100004196167,14.300000190734863,14.3100004196167,563426,0.0,0.0,0.0
2024-07-17 03:50:00+00:00,14.300000190734863,14.3100004196167,14.300000190734863,14.3100004196167,101053,0.0,0.0,0.0
2024-07-17 03:55:00+00:00,14.3100004196167,14.3100004196167,14.289999961853027,14.289999961853027,1198110,0.0,0.0,0.0
2024-07-17 04:00:00+00:00,14.300000190734863,14.300000190734863,14.289999961853027,14.300000190734863,126465,0.0,0.0,0.0
2024-07-17 04:05:00+00:00,14.300000190734863,14.3100004196167,14.289999961853027,14.300000190734863,166658,0.0,0.0,0.0
2024-07-17 04:10:00+00:00,14.300000190734863,14.3100004196167,14.289999961853027,14.300000190734863,186661,0.0,0.0,0.0
2024-07-17 04:15:00+00:00,14.300000190734863,14.300000190734863,14.289999961853027,14.289999961853027,260896,0.0,0.0,0.0
2024-07-17 04:20:00+00:00,14.289999961853027,14.300000190734863,14.289999961853027,14.289999961853027,99929,0.0,0.0,0.0
2024-07-17 04:25:00+00:00,14.289999961853027,14.300000190734863,14.289999961853027,14.289999961853027,166843,0.0,0.0,0.0
2024-07-17 04:30:00+00:00,14.289999961853027,14.300000190734863,14.260000228881836,14.260000228881836,1292554,0.0,0.0,0.0
2024-07-17 04:35:00+00:00,14.260000228881836,14.270000457763672,14.239999771118164,14.239999771118164,929566,0.0,0.0,0.0
2024-07-17 04:40:00+00:00,14.239999771118164,14.25,14.229999542236328,14.239999771118164,435518,0.0,0.0,0.0
2024-07-17 04:45:00+00:00,14.239999771118164,14.239999771118164,14.229999542236328,14.229999542236328,204896,0.0,0.0,0.0
2024-07-17 04:50:00+00:00,14.239999771118164,14.239999771118164,14.229999542236328,14.229999542236328,242364,0.0,0.0,0.0
2024-07-17 04:55:00+00:00,14.229999542236328,14.239999771118164,14.229999542236328,14.229999542236328,288924,0.0,0.0,0.0
2024-07-17 05:00:00+00:00,14.229999542236328,14.239999771118164,14.229999542236328,14.239999771118164,712924,0.0,0.0,0.0
2024-07-17 05:05:00+00:00,14.229999542236328,14.239999771118164,14.229999542236328,14.229999542236328,324258,0.0,0.0,0.0
2024-07-17 05:10:00+00:00,14.229999542236328,14.229999542236328,14.220000267028809,14.220000267028809,581907,0.0,0.0,0.0
2024-07-18 01:00:00+00:00,14.100000381469727,14.109999656677246,13.930000305175781,13.930000305175781,0,0.0,0.0,0.0
2024-07-18 01:05:00+00:00,13.930000305175781,14.050000190734863,13.899999618530273,14.029999732971191,1888000,0.0,0.0,0.0
2024-07-18 01:10:00+00:00,14.010000228881836,14.050000190734863,13.970000267028809,13.979999542236328,778726,0.0,0.0,0.0
2024-07-18 01:15:00+00:00,13.970000267028809,14.029999732971191,13.970000267028809,14.020000457763672,440197,0.0,0.0,0.0
2024-07-18 01:20:00+00:00,14.020000457763672,14.039999961853027,14.0,14.010000228881836,915491,0.0,0.0,0.0
2024-07-18 01:25:00+00:00,14.010000228881836,14.039999961853027,14.0,14.039999961853027,367164,0.0,0.0,0.0
2024-07-18 01:30:00+00:00,14.039999961853027,14.069999694824219,14.029999732971191,14.0600004196167,453704,0.0,0.0,0.0
2024-07-18 01:35:00+00:00,14.0600004196167,14.069999694824219,14.020000457763672,14.029999732971191,696081,0.0,0.0,0.0
2024-07-18 01:40:00+00:00,14.029999732971191,14.039999961853027,14.020000457763672,14.029999732971191,224683,0.0,0.0,0.0
2024-07-18 01:45:00+00:00,14.029999732971191,14.050000190734863,14.020000457763672,14.039999961853027,281491,0.0,0.0,0.0
2024-07-18 01:50:00+00:00,14.029999732971191,14.029999732971191,14.0,14.020000457763672,919678,0.0,0.0,0.0
2024-07-18 01:55:00+00:00,14.020000457763672,14.020000457763672,14.010000228881836,14.020000457763672,97188,0.0,0.0,0.0
2024-07-18 02:00:00+00:00,14.020000457763672,14.020000457763672,14.0,14.010000228881836,139811,0.0,0.0,0.0
2024-07-18 02:05:00+00:00,14.010000228881836,14.010000228881836,14.0,14.010000228881836,720591,0.0,0.0,0.0
2024-07-18 02:10:00+00:00,14.010000228881836,14.010000228881836,14.0,14.0,340821,0.0,0.0,0.0
2024-07-18 02:15:00+00:00,14.0,14.0,13.979999542236328,13.979999542236328,374392,0.0,0.0,0.0
2024-07-18 02:20:00+00:00,13.979999542236328,13.979999542236328,13.960000038146973,13.960000038146973,559262,0.0,0.0,0.0
2024-07-18 02:25:00+00:00,13.970000267028809,13.970000267028809,13.960000038146973,13.960000038146973,317920,0.0,0.0,0.0
2024-07-18 02:30:00+00:00,13.949999809265137,13.960000038146973,13.9399995803833,13.949999809265137,841867,0.0,0.0,0.0
2024-07-18 02:35:00+00:00,13.949999809265137,13.949999809265137,13.9399995803833,13.949999809265137,91281,0.0,0.0,0.0
2024-07-18 02:40:00+00:00,13.949999809265137,13.949999809265137,13.9399995803833,13.949999809265137,77091,0.0,0.0,0.0
2024-07-18 02:45:00+00:00,13.949999809265137,13.949999809265137,13.9399995803833,13.949999809265137,134966,0.0,0.0,0.0
2024-07-18 02:50:00+00:00,13.949999809265137,13.960000038146973,13.9399995803833,13.960000038146973,325768,0.0,0.0,0.0
2024-07-18 02:55:00+00:00,13.960000038146973,13.960000038146973,13.9399995803833,13.9399995803833,501588,0.0,0.0,0.0
2024-07-18 03:00:00+00:00,13.9399995803833,13.949999809265137,13.930000305175781,13.9399995803833,104763,0.0,0.0,0.0
2024-07-18 03:05:00+00:00,13.930000305175781,13.9399995803833,13.930000305175781,13.930000305175781,204531,0.0,0.0,0.0
2024-07-18 03:10:00+00:00,13.930000305175781,13.9399995803833,13.920000076293945,13.930000305175781,357923,0.0,0.0,0.0
2024-07-18 03:15:00+00:00,13.930000305175781,13.930000305175781,13.920000076293945,13.930000305175781,177778,0.0,0.0,0.0
2024-07-18 03:20:00+00:00,13.930000305175781,13.930000305175781,13.90999984741211,13.920000076293945,503810,0.0,0.0,0.0
2024-07-18 03:25:00+00:00,13.920000076293945,13.920000076293945,13.90999984741211,13.920000076293945,111772,0.0,0.0,0.0
2024-07-18 03:30:00+00:00,13.920000076293945,13.920000076293945,13.90999984741211,13.90999984741211,193352,0.0,0.0,0.0
2024-07-18 03:35:00+00:00,13.90999984741211,13.920000076293945,13.90999984741211,13.920000076293945,122865,0.0,0.0,0.0
2024-07-18 03:40:00+00:00,13.90999984741211,13.920000076293945,13.899999618530273,13.920000076293945,401369,0.0,0.0,0.0
2024-07-18 03:45:00+00:00,13.920000076293945,13.960000038146973,13.920000076293945,13.960000038146973,257587,0.0,0.0,0.0
2024-07-18 03:50:00+00:00,13.960000038146973,13.960000038146973,13.949999809265137,13.949999809265137,68712,0.0,0.0,0.0
2024-07-18 03:55:00+00:00,13.960000038146973,13.960000038146973,13.949999809265137,13.949999809265137,94780,0.0,0.0,0.0
2024-07-18 04:00:00+00:00,13.949999809265137,13.960000038146973,13.949999809265137,13.949999809265137,85400,0.0,0.0,0.0
2024-07-18 04:05:00+00:00,13.949999809265137,13.960000038146973,13.949999809265137,13.960000038146973,52828,0.0,0.0,0.0
2024-07-18 04:10:00+00:00,13.960000038146973,13.970000267028809,13.960000038146973,13.960000038146973,769678,0.0,0.0,0.0
2024-07-18 04:15:00+00:00,13.960000038146973,13.960000038146973,13.960000038146973,13.960000038146973,85762,0.0,0.0,0.0
2024-07-18 04:20:00+00:00,13.960000038146973,13.960000038146973,13.949999809265137,13.949999809265137,74500,0.0,0.0,0.0
2024-07-18 04:25:00+00:00,13.960000038146973,13.960000038146973,13.949999809265137,13.960000038146973,266306,0.0,0.0,0.0
2024-07-18 04:30:00+00:00,13.960000038146973,13.970000267028809,13.949999809265137,13.960000038146973,281134,0.0,0.0,0.0
2024-07-18 04:35:00+00:00,13.960000038146973,13.970000267028809,13.949999809265137,13.960000038146973,398912,0.0,0.0,0.0
2024-07-18 04:40:00+00:00,13.960000038146973,13.960000038146973,13.949999809265137,13.949999809265137,86468,0.0,0.0,0.0
2024-07-18 04:45:00+00:00,13.960000038146973,13.960000038146973,13.949999809265137,13.960000038146973,121513,0.0,0.0,0.0
2024-07-18 04:50:00+00:00,13.970000267028809,13.989999771118164,13.970000267028809,13.989999771118164,743120,0.0,0.0,0.0
2024-07-18 04:55:00+00:00,13.989999771118164,14.0,13.989999771118164,13.989999771118164,225030,0.0,0.0,0.0
2024-07-18 05:00:00+00:00,13.979999542236328,13.989999771118164,13.979999542236328,13.989999771118164,173838,0.0,0.0,0.0
2024-07-18 05:05:00+00:00,13.989999771118164,14.0,13.989999771118164,13.989999771118164,55538,0.0,0.0,0.0
2024-07-18 05:10:00+00:00,14.0,14.010000228881836,13.989999771118164,14.0,254504,0.0,0.0,0.0
2024-07-18 05:15:00+00:00,14.010000228881836,14.010000228881836,14.0,14.0,131424,0.0,0.0,0.0
2024-07-18 05:20:00+00:00,14.0,14.020000457763672,14.0,14.020000457763672,152509,0.0,0.0,0.0
2024-07-19 01:00:00+00:00,13.9399995803833,13.9399995803833,13.899999618530273,13.899999618530273,0,0.0,0.0,0.0
2024-07-19 01:05:00+00:00,13.90999984741211,13.90999984741211,13.850000381469727,13.869999885559082,1192000,0.0,0.0,0.0
2024-07-19 01:10:00+00:00,13.880000114440918,13.890000343322754,13.850000381469727,13.850000381469727,655362,0.0,0.0,0.0
2024-07-19 01:15:00+00:00,13.859999656677246,13.859999656677246,13.84000015258789,13.84000015258789,485571,0.0,0.0,0.0
2024-07-19 01:20:00+00:00,13.84000015258789,13.869999885559082,13.829999923706055,13.869999885559082,549682,0.0,0.0,0.0
2024-07-19 01:25:00+00:00,13.880000114440918,13.880000114440918,13.869999885559082,13.869999885559082,313936,0.0,0.0,0.0
2024-07-19 01:30:00+00:00,13.880000114440918,13.890000343322754,13.850000381469727,13.850000381469727,677000,0.0,0.0,0.0
2024-07-19 01:35:00+00:00,13.859999656677246,13.880000114440918,13.859999656677246,13.880000114440918,57039,0.0,0.0,0.0
2024-07-19 01:40:00+00:00,13.880000114440918,13.880000114440918,13.859999656677246,13.859999656677246,198617,0.0,0.0,0.0
2024-07-19 01:45:00+00:00,13.859999656677246,13.859999656677246,13.819999694824219,13.829999923706055,1135454,0.0,0.0,0.0
2024-07-19 01:50:00+00:00,13.829999923706055,13.829999923706055,13.8100004196167,13.829999923706055,306807,0.0,0.0,0.0
2024-07-19 01:55:00+00:00,13.829999923706055,13.84000015258789,13.800000190734863,13.8100004196167,561814,0.0,0.0,0.0
2024-07-19 02:00:00+00:00,13.8100004196167,13.8100004196167,13.789999961853027,13.800000190734863,1424303,0.0,0.0,0.0
2024-07-19 02:05:00+00:00,13.800000190734863,13.819999694824219,13.800000190734863,13.800000190734863,259717,0.0,0.0,0.0
2024-07-19 02:10:00+00:00,13.800000190734863,13.800000190734863,13.789999961853027,13.789999961853027,291883,0.0,0.0,0.0
2024-07-19 02:15:00+00:00,13.789999961853027,13.789999961853027,13.770000457763672,13.770000457763672,395748,0.0,0.0,0.0
2024-07-19 02:20:00+00:00,13.779999732971191,13.779999732971191,13.75,13.760000228881836,486478,0.0,0.0,0.0
2024-07-19 02:25:00+00:00,13.760000228881836,13.770000457763672,13.75,13.760000228881836,116329,0.0,0.0,0.0
2024-07-19 02:30:00+00:00,13.760000228881836,13.770000457763672,13.75,13.770000457763672,525578,0.0,0.0,0.0
2024-07-19 02:35:00+00:00,13.770000457763672,13.789999961853027,13.770000457763672,13.789999961853027,201248,0.0,0.0,0.0
2024-07-19 02:40:00+00:00,13.789999961853027,13.84000015258789,13.789999961853027,13.84000015258789,309719,0.0,0.0,0.0
2024-07-19 02:45:00+00:00,13.850000381469727,13.850000381469727,13.84000015258789,13.84000015258789,78299,0.0,0.0,0.0
2024-07-19 02:50:00+00:00,13.850000381469727,13.850000381469727,13.819999694824219,13.829999923706055,287253,0.0,0.0,0.0
2024-07-19 02:55:00+00:00,13.829999923706055,13.829999923706055,13.819999694824219,13.829999923706055,49114,0.0,0.0,0.0
2024-07-19 03:00:00+00:00,13.829999923706055,13.829999923706055,13.8100004196167,13.8100004196167,189964,0.0,0.0,0.0
2024-07-19 03:05:00+00:00,13.8100004196167,13.8100004196167,13.800000190734863,13.800000190734863,273398,0.0,0.0,0.0
2024-07-19 03:10:00+00:00,13.800000190734863,13.800000190734863,13.789999961853027,13.800000190734863,116866,0.0,0.0,0.0
2024-07-19 03:15:00+00:00,13.800000190734863,13.800000190734863,13.789999961853027,13.789999961853027,125384,0.0,0.0,0.0
2024-07-19 03:20:00+00:00,13.789999961853027,13.800000190734863,13.789999961853027,13.789999961853027,33491,0.0,0.0,0.0
2024-07-19 03:25:00+00:00,13.789999961853027,13.789999961853027,13.779999732971191,13.789999961853027,147579,0.0,0.0,0.0
2024-07-19 03:30:00+00:00,13.789999961853027,13.800000190734863,13.789999961853027,13.800000190734863,112385,0.0,0.0,0.0
2024-07-19 03:35:00+00:00,13.800000190734863,13.800000190734863,13.789999961853027,13.800000190734863,137792,0.0,0.0,0.0
2024-07-19 03:40:00+00:00,13.8100004196167,13.8100004196167,13.800000190734863,13.800000190734863,42101,0.0,0.0,0.0
2024-07-19 03:45:00+00:00,13.800000190734863,13.8100004196167,13.789999961853027,13.789999961853027,217384,0.0,0.0,0.0
2024-07-19 03:50:00+00:00,13.800000190734863,13.800000190734863,13.789999961853027,13.789999961853027,124365,0.0,0.0,0.0
2024-07-19 03:55:00+00:00,13.789999961853027,13.8100004196167,13.789999961853027,13.800000190734863,144333,0.0,0.0,0.0
2024-07-19 04:00:00+00:00,13.800000190734863,13.8100004196167,13.789999961853027,13.789999961853027,132891,0.0,0.0,0.0
2024-07-19 04:05:00+00:00,13.789999961853027,13.800000190734863,13.789999961853027,13.789999961853027,382232,0.0,0.0,0.0
2024-07-19 04:10:00+00:00,13.789999961853027,13.800000190734863,13.779999732971191,13.789999961853027,183489,0.0,0.0,0.0
2024-07-19 04:15:00+00:00,13.789999961853027,13.800000190734863,13.770000457763672,13.779999732971191,413088,0.0,0.0,0.0
2024-07-19 04:20:00+00:00,13.779999732971191,13.779999732971191,13.770000457763672,13.779999732971191,180483,0.0,0.0,0.0
2024-07-19 04:25:00+00:00,13.779999732971191,13.779999732971191,13.770000457763672,13.779999732971191,90118,0.0,0.0,0.0
2024-07-19 04:30:00+00:00,13.779999732971191,13.779999732971191,13.770000457763672,13.779999732971191,81324,0.0,0.0,0.0
2024-07-19 04:35:00+00:00,13.779999732971191,13.779999732971191,13.760000228881836,13.770000457763672,595770,0.0,0.0,0.0
2024-07-19 04:40:00+00:00,13.779999732971191,13.779999732971191,13.770000457763672,13.779999732971191,76486,0.0,0.0,0.0
2024-07-19 04:45:00+00:00,13.779999732971191,13.779999732971191,13.770000457763672,13.770000457763672,140951,0.0,0.0,0.0
2024-07-19 04:50:00+00:00,13.770000457763672,13.770000457763672,13.760000228881836,13.760000228881836,846106,0.0,0.0,0.0
2024-07-19 04:55:00+00:00,13.760000228881836,13.760000228881836,13.75,13.760000228881836,171157,0.0,0.0,0.0
2024-07-19 05:00:00+00:00,13.760000228881836,13.770000457763672,13.75,13.760000228881836,115689,0.0,0.0,0.0
2024-07-19 05:05:00+00:00,13.760000228881836,13.760000228881836,13.75,13.760000228881836,1002902,0.0,0.0,0.0
2024-07-19 05:10:00+00:00,13.760000228881836,13.760000228881836,13.75,13.75,562891,0.0,0.0,0.0
2024-07-22 01:00:00+00:00,13.720000267028809,13.729999542236328,13.630000114440918,13.630000114440918,0,0.0,0.0,0.0
2024-07-22 01:05:00+00:00,13.630000114440918,13.649999618530273,13.600000381469727,13.600000381469727,585000,0.0,0.0,0.0
2024-07-22 01:10:00+00:00,13.600000381469727,13.600000381469727,13.520000457763672,13.550000190734863,651653,0.0,0.0,0.0
2024-07-22 01:15:00+00:00,13.550000190734863,13.550000190734863,13.489999771118164,13.539999961853027,1212761,0.0,0.0,0.0
2024-07-22 01:20:00+00:00,13.550000190734863,13.550000190734863,13.510000228881836,13.539999961853027,206752,0.0,0.0,0.0
2024-07-22 01:25:00+00:00,13.539999961853027,13.539999961853027,13.479999542236328,13.479999542236328,580435,0.0,0.0,0.0
2024-07-22 01:30:00+00:00,13.489999771118164,13.489999771118164,13.4399995803833,13.4399995803833,728459,0.0,0.0,0.0
2024-07-22 01:35:00+00:00,13.4399995803833,13.479999542236328,13.4399995803833,13.460000038146973,588899,0.0,0.0,0.0
2024-07-22 01:40:00+00:00,13.449999809265137,13.5,13.449999809265137,13.489999771118164,375511,0.0,0.0,0.0
2024-07-22 01:45:00+00:00,13.489999771118164,13.489999771118164,13.40999984741211,13.420000076293945,581292,0.0,0.0,0.0
2024-07-22 01:50:00+00:00,13.420000076293945,13.420000076293945,13.369999885559082,13.369999885559082,824887,0.0,0.0,0.0
2024-07-22 01:55:00+00:00,13.369999885559082,13.380000114440918,13.34000015258789,13.369999885559082,656988,0.0,0.0,0.0
2024-07-22 02:00:00+00:00,13.359999656677246,13.369999885559082,13.329999923706055,13.350000381469727,657489,0.0,0.0,0.0
2024-07-22 02:05:00+00:00,13.369999885559082,13.399999618530273,13.369999885559082,13.399999618530273,200478,0.0,0.0,0.0
2024-07-22 02:10:00+00:00,13.390000343322754,13.390000343322754,13.350000381469727,13.380000114440918,277619,0.0,0.0,0.0
2024-07-22 02:15:00+00:00,13.380000114440918,13.380000114440918,13.34000015258789,13.369999885559082,295336,0.0,0.0,0.0
2024-07-22 02:20:00+00:00,13.369999885559082,13.369999885559082,13.3100004196167,13.319999694824219,394835,0.0,0.0,0.0
2024-07-22 02:25:00+00:00,13.319999694824219,13.319999694824219,13.260000228881836,13.289999961853027,929227,0.0,0.0,0.0
2024-07-22 02:30:00+00:00,13.289999961853027,13.319999694824219,13.279999732971191,13.319999694824219,971299,0.0,0.0,0.0
2024-07-22 02:35:00+00:00,13.319999694824219,13.359999656677246,13.319999694824219,13.359999656677246,113081,0.0,0.0,0.0
2024-07-22 02:40:00+00:00,13.359999656677246,13.40999984741211,13.359999656677246,13.359999656677246,219000,0.0,0.0,0.0
2024-07-22 02:45:00+00:00,13.359999656677246,13.390000343322754,13.359999656677246,13.390000343322754,37248,0.0,0.0,0.0
2024-07-22 02:50:00+00:00,13.390000343322754,13.399999618530273,13.380000114440918,13.399999618530273,218864,0.0,0.0,0.0
2024-07-22 02:55:00+00:00,13.390000343322754,13.399999618530273,13.369999885559082,13.380000114440918,221368,0.0,0.0,0.0
2024-07-22 03:00:00+00:00,13.380000114440918,13.420000076293945,13.380000114440918,13.420000076293945,239980,0.0,0.0,0.0
2024-07-22 03:05:00+00:00,13.430000305175781,13.4399995803833,13.40999984741211,13.430000305175781,285428,0.0,0.0,0.0
2024-07-22 03:10:00+00:00,13.430000305175781,13.4399995803833,13.399999618530273,13.399999618530273,243913,0.0,0.0,0.0
2024-07-22 03:15:00+00:00,13.40999984741211,13.40999984741211,13.390000343322754,13.40999984741211,63965,0.0,0.0,0.0
2024-07-22 03:20:00+00:00,13.399999618530273,13.399999618530273,13.380000114440918,13.380000114440918,167523,0.0,0.0,0.0
2024-07-22 03:25:00+00:00,13.380000114440918,13.390000343322754,13.369999885559082,13.380000114440918,107936,0.0,0.0,0.0
2024-07-22 03:30:00+00:00,13.380000114440918,13.380000114440918,13.359999656677246,13.359999656677246,170838,0.0,0.0,0.0
2024-07-22 03:35:00+00:00,13.359999656677246,13.359999656677246,13.350000381469727,13.350000381469727,227437,0.0,0.0,0.0
2024-07-22 03:40:00+00:00,13.350000381469727,13.359999656677246,13.34000015258789,13.34000015258789,38165,0.0,0.0,0.0
2024-07-22 03:45:00+00:00,13.350000381469727,13.350000381469727,13.34000015258789,13.350000381469727,41517,0.0,0.0,0.0
2024-07-22 03:50:00+00:00,13.359999656677246,13.380000114440918,13.350000381469727,13.369999885559082,48185,0.0,0.0,0.0
2024-07-22 03:55:00+00:00,13.369999885559082,13.369999885559082,13.350000381469727,13.350000381469727,103853,0.0,0.0,0.0
2024-07-22 04:00:00+00:00,13.350000381469727,13.350000381469727,13.34000015258789,13.34000015258789,29774,0.0,0.0,0.0
2024-07-22 04:05:00+00:00,13.350000381469727,13.359999656677246,13.34000015258789,13.350000381469727,111462,0.0,0.0,0.0
2024-07-22 04:10:00+00:00,13.350000381469727,13.350000381469727,13.34000015258789,13.34000015258789,63777,0.0,0.0,0.0
2024-07-22 04:15:00+00:00,13.350000381469727,13.369999885559082,13.34000015258789,13.350000381469727,486137,0.0,0.0,0.0
2024-07-22 04:20:00+00:00,13.350000381469727,13.359999656677246,13.329999923706055,13.34000015258789,133042,0.0,0.0,0.0
2024-07-22 04:25:00+00:00,13.329999923706055,13.34000015258789,13.329999923706055,13.34000015258789,54032,0.0,0.0,0.0
2024-07-22 04:30:00+00:00,13.350000381469727,13.350000381469727,13.350000381469727,13.350000381469727,29490,0.0,0.0,0.0
2024-07-22 04:35:00+00:00,13.350000381469727,13.350000381469727,13.34000015258789,13.350000381469727,120780,0.0,0.0,0.0
2024-07-22 04:40:00+00:00,13.350000381469727,13.369999885559082,13.34000015258789,13.359999656677246,50064,0.0,0.0,0.0
2024-07-22 04:45:00+00:00,13.359999656677246,13.369999885559082,13.34000015258789,13.350000381469727,136406,0.0,0.0,0.0
2024-07-22 04:50:00+00:00,13.350000381469727,13.390000343322754,13.350000381469727,13.390000343322754,109016,0.0,0.0,0.0
2024-07-22 04:55:00+00:00,13.390000343322754,13.399999618530273,13.380000114440918,13.390000343322754,51401,0.0,0.0,0.0
2024-07-22 05:00:00+00:00,13.390000343322754,13.390000343322754,13.380000114440918,13.380000114440918,17350,0.0,0.0,0.0
2024-07-22 05:05:00+00:00,13.390000343322754,13.390000343322754,13.369999885559082,13.380000114440918,223908,0.0,0.0,0.0
2024-07-22 05:10:00+00:00,13.369999885559082,13.380000114440918,13.359999656677246,13.369999885559082,519578,0.0,0.0,0.0
2024-07-22 05:15:00+00:00,13.359999656677246,13.369999885559082,13.359999656677246,13.359999656677246,156710,0.0,0.0,0.0
2024-07-22 05:20:00+00:00,13.369999885559082,13.369999885559082,13.350000381469727,13.359999656677246,348630,0.0,0.0,0.0
2024-07-23 01:00:00+00:00,13.600000381469727,13.619999885559082,13.5600004196167,13.579999923706055,0,0.0,0.0,0.0
2024-07-23 01:05:00+00:00,13.579999923706055,13.59000015258789,13.539999961853027,13.569999694824219,531048,0.0,0.0,0.0
2024-07-23 01:10:00+00:00,13.569999694824219,13.600000381469727,13.5600004196167,13.600000381469727,267553,0.0,0.0,0.0
2024-07-23 01:15:00+00:00,13.600000381469727,13.600000381469727,13.579999923706055,13.579999923706055,430356,0.0,0.0,0.0
2024-07-23 01:20:00+00:00,13.579999923706055,13.619999885559082,13.579999923706055,13.619999885559082,719615,0.0,0.0,0.0
2024-07-23 01:25:00+00:00,13.619999885559082,13.630000114440918,13.609999656677246,13.619999885559082,418995,0.0,0.0,0.0
2024-07-23 01:30:00+00:00,13.619999885559082,13.619999885559082,13.609999656677246,13.619999885559082,148416,0.0,0.0,0.0
2024-07-23 01:35:00+00:00,13.619999885559082,13.649999618530273,13.619999885559082,13.640000343322754,301917,0.0,0.0,0.0
2024-07-23 01:40:00+00:00,13.640000343322754,13.649999618530273,13.600000381469727,13.609999656677246,723586,0.0,0.0,0.0
2024-07-23 01:45:00+00:00,13.609999656677246,13.619999885559082,13.59000015258789,13.600000381469727,116207,0.0,0.0,0.0
2024-07-23 01:50:00+00:00,13.600000381469727,13.609999656677246,13.59000015258789,13.600000381469727,268760,0.0,0.0,0.0
2024-07-23 01:55:00+00:00,13.600000381469727,13.619999885559082,13.59000015258789,13.619999885559082,174011,0.0,0.0,0.0
2024-07-23 02:00:00+00:00,13.619999885559082,13.619999885559082,13.609999656677246,13.619999885559082,30515,0.0,0.0,0.0
2024-07-23 02:05:00+00:00,13.619999885559082,13.630000114440918,13.619999885559082,13.630000114440918,372034,0.0,0.0,0.0
2024-07-23 02:10:00+00:00,13.630000114440918,13.630000114440918,13.619999885559082,13.630000114440918,113864,0.0,0.0,0.0
2024-07-23 02:15:00+00:00,13.640000343322754,13.640000343322754,13.619999885559082,13.619999885559082,240089,0.0,0.0,0.0
2024-07-23 02:20:00+00:00,13.609999656677246,13.640000343322754,13.609999656677246,13.630000114440918,343482,0.0,0.0,0.0
2024-07-23 02:25:00+00:00,13.640000343322754,13.649999618530273,13.630000114440918,13.640000343322754,689275,0.0,0.0,0.0
2024-07-23 02:30:00+00:00,13.649999618530273,13.649999618530273,13.640000343322754,13.649999618530273,49057,0.0,0.0,0.0
2024-07-23 02:35:00+00:00,13.649999618530273,13.65999984741211,13.649999618530273,13.649999618530273,73712,0.0,0.0,0.0
2024-07-23 02:40:00+00:00,13.649999618530273,13.65999984741211,13.649999618530273,13.65999984741211,7889,0.0,0.0,0.0
2024-07-23 02:45:00+00:00,13.65999984741211,13.65999984741211,13.649999618530273,13.649999618530273,76580,0.0,0.0,0.0
2024-07-23 02:50:00+00:00,13.649999618530273,13.65999984741211,13.649999618530273,13.65999984741211,34478,0.0,0.0,0.0
2024-07-23 02:55:00+00:00,13.65999984741211,13.65999984741211,13.640000343322754,13.640000343322754,257627,0.0,0.0,0.0
2024-07-23 03:00:00+00:00,13.649999618530273,13.649999618530273,13.640000343322754,13.649999618530273,79913,0.0,0.0,0.0
2024-07-23 03:05:00+00:00,13.649999618530273,13.670000076293945,13.649999618530273,13.65999984741211,612678,0.0,0.0,0.0
2024-07-23 03:10:00+00:00,13.65999984741211,13.670000076293945,13.65999984741211,13.65999984741211,156891,0.0,0.0,0.0
2024-07-23 03:15:00+00:00,13.670000076293945,13.670000076293945,13.649999618530273,13.65999984741211,262435,0.0,0.0,0.0
2024-07-23 03:20:00+00:00,13.649999618530273,13.65999984741211,13.640000343322754,13.649999618530273,208684,0.0,0.0,0.0
2024-07-23 03:25:00+00:00,13.640000343322754,13.640000343322754,13.640000343322754,13.640000343322754,6442,0.0,0.0,0.0
2024-07-23 03:30:00+00:00,13.649999618530273,13.649999618530273,13.649999618530273,13.649999618530273,40183,0.0,0.0,0.0
2024-07-23 03:35:00+00:00,13.649999618530273,13.649999618530273,13.640000343322754,13.649999618530273,562180,0.0,0.0,0.0
2024-07-23 03:40:00+00:00,13.649999618530273,13.65999984741211,13.649999618530273,13.649999618530273,102752,0.0,0.0,0.0
2024-07-23 03:45:00+00:00,13.649999618530273,13.65999984741211,13.649999618530273,13.65999984741211,83829,0.0,0.0,0.0
2024-07-23 03:50:00+00:00,13.65999984741211,13.65999984741211,13.65999984741211,13.65999984741211,85398,0.0,0.0,0.0
2024-07-23 03:55:00+00:00,13.65999984741211,13.670000076293945,13.65999984741211,13.670000076293945,113281,0.0,0.0,0.0
2024-07-23 04:00:00+00:00,13.670000076293945,13.680000305175781,13.670000076293945,13.670000076293945,139821,0.0,0.0,0.0
2024-07-23 04:05:00+00:00,13.680000305175781,13.680000305175781,13.670000076293945,13.680000305175781,136775,0.0,0.0,0.0
2024-07-23 04:10:00+00:00,13.680000305175781,13.6899995803833,13.680000305175781,13.680000305175781,162208,0.0,0.0,0.0
2024-07-23 04:15:00+00:00,13.680000305175781,13.680000305175781,13.65999984741211,13.670000076293945,215154,0.0,0.0,0.0
2024-07-23 04:20:00+00:00,13.680000305175781,13.6899995803833,13.670000076293945,13.6899995803833,477758,0.0,0.0,0.0
2024-07-23 04:25:00+00:00,13.680000305175781,13.6899995803833,13.680000305175781,13.680000305175781,48972,0.0,0.0,0.0
2024-07-23 04:30:00+00:00,13.680000305175781,13.6899995803833,13.670000076293945,13.670000076293945,132388,0.0,0.0,0.0
2024-07-23 04:35:00+00:00,13.670000076293945,13.670000076293945,13.65999984741211,13.65999984741211,167090,0.0,0.0,0.0
2024-07-23 04:40:00+00:00,13.649999618530273,13.65999984741211,13.649999618530273,13.649999618530273,303410,0.0,0.0,0.0
2024-07-23 04:45:00+00:00,13.649999618530273,13.65999984741211,13.649999618530273,13.65999984741211,25505,0.0,0.0,0.0
2024-07-23 04:50:00+00:00,13.65999984741211,13.65999984741211,13.649999618530273,13.65999984741211,161893,0.0,0.0,0.0
2024-07-23 04:55:00+00:00,13.65999984741211,13.65999984741211,13.649999618530273,13.649999618530273,233542,0.0,0.0,0.0
2024-07-23 05:00:00+00:00,13.649999618530273,13.65999984741211,13.649999618530273,13.649999618530273,121282,0.0,0.0,0.0
2024-07-23 05:05:00+00:00,13.65999984741211,13.670000076293945,13.65999984741211,13.670000076293945,38797,0.0,0.0,0.0
2024-07-23 05:10:00+00:00,13.670000076293945,13.670000076293945,13.670000076293945,13.670000076293945,11854,0.0,0.0,0.0
2024-07-26 01:00:00+00:00,13.300000190734863,13.3100004196167,13.15999984741211,13.210000038146973,0,0.0,0.0,0.0
2024-07-26 01:05:00+00:00,13.210000038146973,13.350000381469727,13.199999809265137,13.270000457763672,1567000,0.0,0.0,0.0
2024-07-26 01:10:00+00:00,13.260000228881836,13.319999694824219,13.260000228881836,13.300000190734863,635324,0.0,0.0,0.0
2024-07-26 01:15:00+00:00,13.3100004196167,13.319999694824219,13.270000457763672,13.270000457763672,480353,0.0,0.0,0.0
2024-07-26 01:20:00+00:00,13.270000457763672,13.279999732971191,13.260000228881836,13.270000457763672,630167,0.0,0.0,0.0
2024-07-26 01:25:00+00:00,13.260000228881836,13.270000457763672,13.229999542236328,13.239999771118164,778080,0.0,0.0,0.0
2024-07-26 01:30:00+00:00,13.239999771118164,13.25,13.220000267028809,13.25,612287,0.0,0.0,0.0
2024-07-26 01:35:00+00:00,13.25,13.279999732971191,13.25,13.279999732971191,120357,0.0,0.0,0.0
2024-07-26 01:40:00+00:00,13.279999732971191,13.279999732971191,13.260000228881836,13.260000228881836,257422,0.0,0.0,0.0
2024-07-26 01:45:00+00:00,13.260000228881836,13.270000457763672,13.25,13.25,259916,0.0,0.0,0.0
2024-07-26 01:50:00+00:00,13.270000457763672,13.270000457763672,13.239999771118164,13.239999771118164,395410,0.0,0.0,0.0
2024-07-26 01:55:00+00:00,13.25,13.270000457763672,13.239999771118164,13.25,160109,0.0,0.0,0.0
2024-07-26 02:00:00+00:00,13.270000457763672,13.279999732971191,13.260000228881836,13.270000457763672,233998,0.0,0.0,0.0
2024-07-26 02:05:00+00:00,13.270000457763672,13.270000457763672,13.260000228881836,13.270000457763672,59254,0.0,0.0,0.0
2024-07-26 02:10:00+00:00,13.279999732971191,13.289999961853027,13.279999732971191,13.289999961853027,270445,0.0,0.0,0.0
2024-07-26 02:15:00+00:00,13.300000190734863,13.329999923706055,13.300000190734863,13.329999923706055,273810,0.0,0.0,0.0
2024-07-26 02:20:00+00:00,13.329999923706055,13.329999923706055,13.3100004196167,13.319999694824219,139339,0.0,0.0,0.0
2024-07-26 02:25:00+00:00,13.3100004196167,13.3100004196167,13.289999961853027,13.3100004196167,213594,0.0,0.0,0.0
2024-07-26 02:30:00+00:00,13.319999694824219,13.319999694824219,13.3100004196167,13.319999694824219,51053,0.0,0.0,0.0
2024-07-26 02:35:00+00:00,13.319999694824219,13.329999923706055,13.3100004196167,13.319999694824219,132293,0.0,0.0,0.0
2024-07-26 02:40:00+00:00,13.319999694824219,13.319999694824219,13.3100004196167,13.319999694824219,40502,0.0,0.0,0.0
2024-07-26 02:45:00+00:00,13.319999694824219,13.329999923706055,13.3100004196167,13.329999923706055,530241,0.0,0.0,0.0
2024-07-26 02:50:00+00:00,13.329999923706055,13.34000015258789,13.319999694824219,13.319999694824219,82033,0.0,0.0,0.0
2024-07-26 02:55:00+00:00,13.329999923706055,13.34000015258789,13.329999923706055,13.34000015258789,81511,0.0,0.0,0.0
2024-07-26 03:00:00+00:00,13.34000015258789,13.34000015258789,13.34000015258789,13.34000015258789,55741,0.0,0.0,0.0
2024-07-26 03:05:00+00:00,13.34000015258789,13.34000015258789,13.300000190734863,13.300000190734863,433405,0.0,0.0,0.0
2024-07-26 03:10:00+00:00,13.3100004196167,13.3100004196167,13.300000190734863,13.300000190734863,544240,0.0,0.0,0.0
2024-07-26 03:15:00+00:00,13.300000190734863,13.3100004196167,13.300000190734863,13.300000190734863,42170,0.0,0.0,0.0
2024-07-26 03:20:00+00:00,13.3100004196167,13.3100004196167,13.3100004196167,13.3100004196167,40452,0.0,0.0,0.0
2024-07-26 03:25:00+00:00,13.3100004196167,13.3100004196167,13.300000190734863,13.300000190734863,607083,0.0,0.0,0.0
2024-07-26 03:30:00+00:00,13.3100004196167,13.3100004196167,13.300000190734863,13.300000190734863,242334,0.0,0.0,0.0
2024-07-26 03:35:00+00:00,13.300000190734863,13.300000190734863,13.279999732971191,13.279999732971191,649672,0.0,0.0,0.0
2024-07-26 03:40:00+00:00,13.289999961853027,13.289999961853027,13.279999732971191,13.279999732971191,27465,0.0,0.0,0.0
2024-07-26 03:45:00+00:00,13.289999961853027,13.289999961853027,13.279999732971191,13.289999961853027,37041,0.0,0.0,0.0
2024-07-26 03:50:00+00:00,13.279999732971191,13.289999961853027,13.279999732971191,13.289999961853027,132994,0.0,0.0,0.0
2024-07-26 03:55:00+00:00,13.289999961853027,13.289999961853027,13.279999732971191,13.289999961853027,39633,0.0,0.0,0.0
2024-07-26 04:00:00+00:00,13.289999961853027,13.289999961853027,13.279999732971191,13.279999732971191,72565,0.0,0.0,0.0
2024-07-26 04:05:00+00:00,13.279999732971191,13.289999961853027,13.279999732971191,13.279999732971191,70332,0.0,0.0,0.0
2024-07-26 04:10:00+00:00,13.289999961853027,13.289999961853027,13.270000457763672,13.279999732971191,158666,0.0,0.0,0.0
2024-07-26 04:15:00+00:00,13.279999732971191,13.279999732971191,13.270000457763672,13.279999732971191,92550,0.0,0.0,0.0
2024-07-26 04:20:00+00:00,13.279999732971191,13.279999732971191,13.270000457763672,13.279999732971191,81348,0.0,0.0,0.0
2024-07-26 04:25:00+00:00,13.279999732971191,13.289999961853027,13.279999732971191,13.289999961853027,52991,0.0,0.0,0.0
2024-07-26 04:30:00+00:00,13.289999961853027,13.289999961853027,13.289999961853027,13.289999961853027,97215,0.0,0.0,0.0
2024-07-26 04:35:00+00:00,13.289999961853027,13.289999961853027,13.289999961853027,13.289999961853027,62150,0.0,0.0,0.0
2024-07-26 04:40:00+00:00,13.289999961853027,13.300000190734863,13.279999732971191,13.300000190734863,144737,0.0,0.0,0.0
2024-07-26 04:45:00+00:00,13.300000190734863,13.300000190734863,13.289999961853027,13.289999961853027,114953,0.0,0.0,0.0
2024-07-26 04:50:00+00:00,13.289999961853027,13.300000190734863,13.289999961853027,13.289999961853027,99450,0.0,0.0,0.0
2024-07-26 04:55:00+00:00,13.300000190734863,13.300000190734863,13.289999961853027,13.300000190734863,57236,0.0,0.0,0.0
2024-07-26 05:00:00+00:00,13.300000190734863,13.300000190734863,13.270000457763672,13.270000457763672,496572,0.0,0.0,0.0
2024-07-26 05:05:00+00:00,13.279999732971191,13.279999732971191,13.270000457763672,13.279999732971191,103461,0.0,0.0,0.0
2024-07-26 05:10:00+00:00,13.279999732971191,13.279999732971191,13.270000457763672,13.279999732971191,204915,0.0,0.0,0.0
2024-07-26 05:15:00+00:00,13.279999732971191,13.279999732971191,13.270000457763672,13.279999732971191,269922,0.0,0.0,0.0
2024-07-26 05:20:00+00:00,13.279999732971191,13.279999732971191,13.270000457763672,13.279999732971191,699245,0.0,0.0,0.0
2024-07-29 01:00:00+00:00,13.5600004196167,13.5600004196167,13.479999542236328,13.489999771118164,0,0.0,0.0,0.0
2024-07-29 01:05:00+00:00,13.5,13.5,13.449999809265137,13.460000038146973,258178,0.0,0.0,0.0
2024-07-29 01:10:00+00:00,13.460000038146973,13.470000267028809,13.420000076293945,13.420000076293945,327602,0.0,0.0,0.0
2024-07-29 01:15:00+00:00,13.420000076293945,13.4399995803833,13.40999984741211,13.4399995803833,338192,0.0,0.0,0.0
2024-07-29 01:20:00+00:00,13.4399995803833,13.4399995803833,13.430000305175781,13.430000305175781,96865,0.0,0.0,0.0
2024-07-29 01:25:00+00:00,13.430000305175781,13.4399995803833,13.430000305175781,13.4399995803833,48950,0.0,0.0,0.0
2024-07-29 01:30:00+00:00,13.449999809265137,13.479999542236328,13.4399995803833,13.479999542236328,277862,0.0,0.0,0.0
2024-07-29 01:35:00+00:00,13.479999542236328,13.479999542236328,13.460000038146973,13.460000038146973,100187,0.0,0.0,0.0
2024-07-29 01:40:00+00:00,13.460000038146973,13.460000038146973,13.430000305175781,13.4399995803833,138642,0.0,0.0,0.0
2024-07-29 01:45:00+00:00,13.4399995803833,13.449999809265137,13.430000305175781,13.449999809265137,91092,0.0,0.0,0.0
2024-07-29 01:50:00+00:00,13.4399995803833,13.4399995803833,13.420000076293945,13.4399995803833,189536,0.0,0.0,0.0
2024-07-29 01:55:00+00:00,13.449999809265137,13.470000267028809,13.449999809265137,13.470000267028809,35398,0.0,0.0,0.0
2024-07-29 02:00:00+00:00,13.470000267028809,13.470000267028809,13.460000038146973,13.460000038146973,61172,0.0,0.0,0.0
2024-07-29 02:05:00+00:00,13.470000267028809,13.470000267028809,13.4399995803833,13.4399995803833,84501,0.0,0.0,0.0
2024-07-29 02:10:00+00:00,13.430000305175781,13.430000305175781,13.420000076293945,13.430000305175781,91765,0.0,0.0,0.0
2024-07-29 02:15:00+00:00,13.430000305175781,13.430000305175781,13.40999984741211,13.40999984741211,284921,0.0,0.0,0.0
2024-07-29 02:20:00+00:00,13.40999984741211,13.40999984741211,13.399999618530273,13.399999618530273,306534,0.0,0.0,0.0
2024-07-29 02:25:00+00:00,13.399999618530273,13.399999618530273,13.359999656677246,13.380000114440918,160231,0.0,0.0,0.0
2024-07-29 02:30:00+00:00,13.380000114440918,13.390000343322754,13.359999656677246,13.359999656677246,162266,0.0,0.0,0.0
2024-07-29 02:35:00+00:00,13.359999656677246,13.359999656677246,13.350000381469727,13.359999656677246,221176,0.0,0.0,0.0
2024-07-29 02:40:00+00:00,13.359999656677246,13.359999656677246,13.350000381469727,13.359999656677246,41849,0.0,0.0,0.0
2024-07-29 02:45:00+00:00,13.359999656677246,13.359999656677246,13.300000190734863,13.3100004196167,218839,0.0,0.0,0.0
2024-07-29 02:50:00+00:00,13.3100004196167,13.350000381469727,13.3100004196167,13.350000381469727,18303,0.0,0.0,0.0
2024-07-29 02:55:00+00:00,13.350000381469727,13.359999656677246,13.350000381469727,13.350000381469727,27769,0.0,0.0,0.0
2024-07-29 03:00:00+00:00,13.350000381469727,13.350000381469727,13.329999923706055,13.329999923706055,84249,0.0,0.0,0.0
2024-07-29 03:05:00+00:00,13.34000015258789,13.34000015258789,13.34000015258789,13.34000015258789,109143,0.0,0.0,0.0
2024-07-29 03:10:00+00:00,13.350000381469727,13.369999885559082,13.350000381469727,13.369999885559082,267662,0.0,0.0,0.0
2024-07-29 03:15:00+00:00,13.369999885559082,13.369999885559082,13.359999656677246,13.359999656677246,20811,0.0,0.0,0.0
2024-07-29 03:20:00+00:00,13.369999885559082,13.369999885559082,13.369999885559082,13.369999885559082,30348,0.0,0.0,0.0
2024-07-29 03:25:00+00:00,13.369999885559082,13.369999885559082,13.359999656677246,13.359999656677246,51469,0.0,0.0,0.0
2024-07-29 03:30:00+00:00,13.369999885559082,13.369999885559082,13.359999656677246,13.359999656677246,34235,0.0,0.0,0.0
2024-07-29 03:35:00+00:00,13.359999656677246,13.369999885559082,13.359999656677246,13.359999656677246,31272,0.0,0.0,0.0
2024-07-29 03:40:00+00:00,13.359999656677246,13.369999885559082,13.359999656677246,13.369999885559082,4504,0.0,0.0,0.0
2024-07-29 03:45:00+00:00,13.369999885559082,13.369999885559082,13.369999885559082,13.369999885559082,15779,0.0,0.0,0.0
2024-07-29 03:50:00+00:00,13.369999885559082,13.369999885559082,13.369999885559082,13.369999885559082,225887,0.0,0.0,0.0
2024-07-29 03:55:00+00:00,13.380000114440918,13.380000114440918,13.380000114440918,13.380000114440918,20062,0.0,0.0,0.0
2024-07-29 04:00:00+00:00,13.380000114440918,13.380000114440918,13.369999885559082,13.380000114440918,18666,0.0,0.0,0.0
2024-07-29 04:05:00+00:00,13.380000114440918,13.380000114440918,13.380000114440918,13.380000114440918,31811,0.0,0.0,0.0
2024-07-29 04:10:00+00:00,13.369999885559082,13.390000343322754,13.369999885559082,13.390000343322754,24477,0.0,0.0,0.0
2024-07-29 04:15:00+00:00,13.380000114440918,13.390000343322754,13.380000114440918,13.390000343322754,31103,0.0,0.0,0.0
2024-07-29 04:20:00+00:00,13.390000343322754,13.390000343322754,13.350000381469727,13.359999656677246,308669,0.0,0.0,0.0
2024-07-29 04:25:00+00:00,13.359999656677246,13.359999656677246,13.350000381469727,13.350000381469727,22914,0.0,0.0,0.0
2024-07-29 04:30:00+00:00,13.359999656677246,13.359999656677246,13.350000381469727,13.350000381469727,33643,0.0,0.0,0.0
2024-07-29 04:35:00+00:00,13.350000381469727,13.359999656677246,13.34000015258789,13.350000381469727,80608,0.0,0.0,0.0
2024-07-29 04:40:00+00:00,13.350000381469727,13.350000381469727,13.34000015258789,13.350000381469727,20600,0.0,0.0,0.0
2024-07-29 04:45:00+00:00,13.350000381469727,13.359999656677246,13.350000381469727,13.350000381469727,53733,0.0,0.0,0.0
2024-07-29 04:50:00+00:00,13.350000381469727,13.350000381469727,13.34000015258789,13.34000015258789,26761,0.0,0.0,0.0
2024-07-29 04:55:00+00:00,13.34000015258789,13.34000015258789,13.319999694824219,13.319999694824219,421425,0.0,0.0,0.0
2024-07-29 05:00:00+00:00,13.319999694824219,13.34000015258789,13.319999694824219,13.34000015258789,57300,0.0,0.0,0.0
2024-07-29 05:05:00+00:00,13.329999923706055,13.329999923706055,13.319999694824219,13.329999923706055,24567,0.0,0.0,0.0
2024-07-29 05:10:00+00:00,13.319999694824219,13.329999923706055,13.319999694824219,13.329999923706055,251005,0.0,0.0,0.0
2024-07-29 05:15:00+00:00,13.319999694824219,13.329999923706055,13.3100004196167,13.3100004196167,114740,0.0,0.0,0.0
2024-07-29 05:20:00+00:00,13.3100004196167,13.319999694824219,13.300000190734863,13.300000190734863,153446,0.0,0.0,0.0
2024-07-30 01:00:00+00:00,13.260000228881836,13.270000457763672,13.1899995803833,13.1899995803833,0,0.0,0.0,0.0
2024-07-30 01:05:00+00:00,13.1899995803833,13.1899995803833,13.149999618530273,13.170000076293945,537299,0.0,0.0,0.0
2024-07-30 01:10:00+00:00,13.1899995803833,13.260000228881836,13.1899995803833,13.260000228881836,477155,0.0,0.0,0.0
2024-07-30 01:15:00+00:00,13.260000228881836,13.260000228881836,13.25,13.260000228881836,87345,0.0,0.0,0.0
2024-07-30 01:20:00+00:00,13.260000228881836,13.260000228881836,13.229999542236328,13.229999542236328,114839,0.0,0.0,0.0
2024-07-30 01:25:00+00:00,13.229999542236328,13.239999771118164,13.220000267028809,13.229999542236328,794253,0.0,0.0,0.0
2024-07-30 01:30:00+00:00,13.229999542236328,13.239999771118164,13.210000038146973,13.220000267028809,566965,0.0,0.0,0.0
2024-07-30 01:35:00+00:00,13.210000038146973,13.210000038146973,13.170000076293945,13.199999809265137,310712,0.0,0.0,0.0
2024-07-30 01:40:00+00:00,13.199999809265137,13.199999809265137,13.1899995803833,13.1899995803833,73792,0.0,0.0,0.0
2024-07-30 01:45:00+00:00,13.180000305175781,13.180000305175781,13.15999984741211,13.170000076293945,341621,0.0,0.0,0.0
2024-07-30 01:50:00+00:00,13.15999984741211,13.15999984741211,13.140000343322754,13.15999984741211,500507,0.0,0.0,0.0
2024-07-30 01:55:00+00:00,13.170000076293945,13.170000076293945,13.15999984741211,13.170000076293945,129622,0.0,0.0,0.0
2024-07-30 02:00:00+00:00,13.15999984741211,13.15999984741211,13.140000343322754,13.140000343322754,255550,0.0,0.0,0.0
2024-07-30 02:05:00+00:00,13.149999618530273,13.180000305175781,13.149999618530273,13.180000305175781,374729,0.0,0.0,0.0
2024-07-30 02:10:00+00:00,13.180000305175781,13.180000305175781,13.170000076293945,13.170000076293945,15387,0.0,0.0,0.0
2024-07-30 02:15:00+00:00,13.170000076293945,13.180000305175781,13.149999618530273,13.15999984741211,160650,0.0,0.0,0.0
2024-07-30 02:20:00+00:00,13.15999984741211,13.15999984741211,13.149999618530273,13.15999984741211,34390,0.0,0.0,0.0
2024-07-30 02:25:00+00:00,13.15999984741211,13.15999984741211,13.149999618530273,13.149999618530273,212397,0.0,0.0,0.0
2024-07-30 02:30:00+00:00,13.149999618530273,13.149999618530273,13.130000114440918,13.130000114440918,361667,0.0,0.0,0.0
2024-07-30 02:35:00+00:00,13.130000114440918,13.140000343322754,13.119999885559082,13.140000343322754,216543,0.0,0.0,0.0
2024-07-30 02:40:00+00:00,13.140000343322754,13.140000343322754,13.130000114440918,13.130000114440918,40553,0.0,0.0,0.0
2024-07-30 02:45:00+00:00,13.140000343322754,13.140000343322754,13.130000114440918,13.130000114440918,14867,0.0,0.0,0.0
2024-07-30 02:50:00+00:00,13.140000343322754,13.140000343322754,13.130000114440918,13.140000343322754,227299,0.0,0.0,0.0
2024-07-30 02:55:00+00:00,13.149999618530273,13.149999618530273,13.140000343322754,13.140000343322754,7640,0.0,0.0,0.0
2024-07-30 03:00:00+00:00,13.140000343322754,13.140000343322754,13.140000343322754,13.140000343322754,60000,0.0,0.0,0.0
2024-07-30 03:05:00+00:00,13.140000343322754,13.149999618530273,13.140000343322754,13.149999618530273,46003,0.0,0.0,0.0
2024-07-30 03:10:00+00:00,13.149999618530273,13.15999984741211,13.140000343322754,13.15999984741211,74060,0.0,0.0,0.0
2024-07-30 03:15:00+00:00,13.15999984741211,13.180000305175781,13.15999984741211,13.180000305175781,694107,0.0,0.0,0.0
2024-07-30 03:20:00+00:00,13.180000305175781,13.180000305175781,13.170000076293945,13.170000076293945,73500,0.0,0.0,0.0
2024-07-30 03:25:00+00:00,13.180000305175781,13.180000305175781,13.180000305175781,13.180000305175781,29200,0.0,0.0,0.0
2024-07-30 03:30:00+00:00,13.180000305175781,13.180000305175781,13.170000076293945,13.180000305175781,102507,0.0,0.0,0.0
2024-07-30 03:35:00+00:00,13.180000305175781,13.180000305175781,13.170000076293945,13.180000305175781,165858,0.0,0.0,0.0
2024-07-30 03:40:00+00:00,13.1899995803833,13.210000038146973,13.1899995803833,13.210000038146973,29881,0.0,0.0,0.0
2024-07-30 03:45:00+00:00,13.210000038146973,13.239999771118164,13.210000038146973,13.229999542236328,55040,0.0,0.0,0.0
2024-07-30 03:50:00+00:00,13.229999542236328,13.229999542236328,13.210000038146973,13.220000267028809,35393,0.0,0.0,0.0
2024-07-30 03:55:00+00:00,13.220000267028809,13.220000267028809,13.210000038146973,13.220000267028809,30695,0.0,0.0,0.0
2024-07-30 04:00:00+00:00,13.220000267028809,13.260000228881836,13.220000267028809,13.25,595476,0.0,0.0,0.0
2024-07-30 04:05:00+00:00,13.270000457763672,13.270000457763672,13.270000457763672,13.270000457763672,25415,0.0,0.0,0.0
2024-07-30 04:10:00+00:00,13.260000228881836,13.279999732971191,13.260000228881836,13.279999732971191,27933,0.0,0.0,0.0
2024-07-30 04:15:00+00:00,13.279999732971191,13.300000190734863,13.279999732971191,13.300000190734863,40004,0.0,0.0,0.0
2024-07-30 04:20:00+00:00,13.3100004196167,13.329999923706055,13.3100004196167,13.319999694824219,142700,0.0,0.0,0.0
2024-07-30 04:25:00+00:00,13.319999694824219,13.319999694824219,13.3100004196167,13.319999694824219,167419,0.0,0.0,0.0
2024-07-30 04:30:00+00:00,13.319999694824219,13.34000015258789,13.319999694824219,13.329999923706055,109569,0.0,0.0,0.0
2024-07-30 04:35:00+00:00,13.319999694824219,13.319999694824219,13.3100004196167,13.3100004196167,57593,0.0,0.0,0.0
2024-07-30 04:40:00+00:00,13.3100004196167,13.3100004196167,13.300000190734863,13.300000190734863,108718,0.0,0.0,0.0
2024-07-30 04:45:00+00:00,13.300000190734863,13.319999694824219,13.300000190734863,13.319999694824219,302257,0.0,0.0,0.0
2024-07-30 04:50:00+00:00,13.319999694824219,13.329999923706055,13.319999694824219,13.319999694824219,236378,0.0,0.0,0.0
2024-07-30 04:55:00+00:00,13.329999923706055,13.34000015258789,13.329999923706055,13.34000015258789,174345,0.0,0.0,0.0
2024-07-30 05:00:00+00:00,13.34000015258789,13.369999885559082,13.34000015258789,13.369999885559082,46083,0.0,0.0,0.0
2024-07-30 05:05:00+00:00,13.369999885559082,13.380000114440918,13.359999656677246,13.380000114440918,230608,0.0,0.0,0.0
2024-07-30 05:10:00+00:00,13.380000114440918,13.380000114440918,13.380000114440918,13.380000114440918,5000,0.0,0.0,0.0
2024-07-31 01:00:00+00:00,13.279999732971191,13.289999961853027,13.25,13.270000457763672,0,0.0,0.0,0.0
2024-07-31 01:05:00+00:00,13.270000457763672,13.279999732971191,13.239999771118164,13.25,114929,0.0,0.0,0.0
2024-07-31 01:10:00+00:00,13.270000457763672,13.329999923706055,13.270000457763672,13.329999923706055,99622,0.0,0.0,0.0
2024-07-31 01:15:00+00:00,13.329999923706055,13.34000015258789,13.319999694824219,13.319999694824219,434087,0.0,0.0,0.0
2024-07-31 01:20:00+00:00,13.319999694824219,13.319999694824219,13.3100004196167,13.3100004196167,60908,0.0,0.0,0.0
2024-07-31 01:25:00+00:00,13.3100004196167,13.319999694824219,13.300000190734863,13.3100004196167,49517,0.0,0.0,0.0
2024-07-31 01:30:00+00:00,13.329999923706055,13.329999923706055,13.279999732971191,13.279999732971191,396249,0.0,0.0,0.0
2024-07-31 01:35:00+00:00,13.270000457763672,13.279999732971191,13.270000457763672,13.270000457763672,581104,0.0,0.0,0.0
2024-07-31 01:40:00+00:00,13.260000228881836,13.279999732971191,13.25,13.279999732971191,48328,0.0,0.0,0.0
2024-07-31 01:45:00+00:00,13.289999961853027,13.289999961853027,13.279999732971191,13.289999961853027,39677,0.0,0.0,0.0
2024-07-31 01:50:00+00:00,13.289999961853027,13.289999961853027,13.279999732971191,13.289999961853027,55477,0.0,0.0,0.0
2024-07-31 01:55:00+00:00,13.289999961853027,13.289999961853027,13.270000457763672,13.279999732971191,111871,0.0,0.0,0.0
2024-07-31 02:00:00+00:00,13.279999732971191,13.279999732971191,13.270000457763672,13.270000457763672,40883,0.0,0.0,0.0
2024-07-31 02:05:00+00:00,13.279999732971191,13.279999732971191,13.270000457763672,13.279999732971191,53335,0.0,0.0,0.0
2024-07-31 02:10:00+00:00,13.279999732971191,13.3100004196167,13.279999732971191,13.3100004196167,397607,0.0,0.0,0.0
2024-07-31 02:15:00+00:00,13.319999694824219,13.319999694824219,13.3100004196167,13.319999694824219,25684,0.0,0.0,0.0
2024-07-31 02:20:00+00:00,13.3100004196167,13.319999694824219,13.3100004196167,13.319999694824219,76332,0.0,0.0,0.0
2024-07-31 02:25:00+00:00,13.329999923706055,13.369999885559082,13.329999923706055,13.369999885559082,212924,0.0,0.0,0.0
2024-07-31 02:30:00+00:00,13.380000114440918,13.380000114440918,13.369999885559082,13.380000114440918,60887,0.0,0.0,0.0
2024-07-31 02:35:00+00:00,13.380000114440918,13.40999984741211,13.369999885559082,13.40999984741211,228562,0.0,0.0,0.0
2024-07-31 02:40:00+00:00,13.40999984741211,13.420000076293945,13.380000114440918,13.390000343322754,149925,0.0,0.0,0.0
2024-07-31 02:45:00+00:00,13.399999618530273,13.40999984741211,13.390000343322754,13.40999984741211,43398,0.0,0.0,0.0
2024-07-31 02:50:00+00:00,13.399999618530273,13.399999618530273,13.390000343322754,13.390000343322754,33961,0.0,0.0,0.0
2024-07-31 02:55:00+00:00,13.390000343322754,13.390000343322754,13.369999885559082,13.380000114440918,55023,0.0,0.0,0.0
2024-07-31 03:00:00+00:00,13.380000114440918,13.380000114440918,13.369999885559082,13.380000114440918,43279,0.0,0.0,0.0
2024-07-31 03:05:00+00:00,13.369999885559082,13.380000114440918,13.359999656677246,13.359999656677246,126102,0.0,0.0,0.0
2024-07-31 03:10:00+00:00,13.359999656677246,13.369999885559082,13.350000381469727,13.369999885559082,117551,0.0,0.0,0.0
2024-07-31 03:15:00+00:00,13.369999885559082,13.380000114440918,13.369999885559082,13.380000114440918,110013,0.0,0.0,0.0
2024-07-31 03:20:00+00:00,13.380000114440918,13.380000114440918,13.359999656677246,13.359999656677246,89077,0.0,0.0,0.0
2024-07-31 03:25:00+00:00,13.359999656677246,13.369999885559082,13.350000381469727,13.359999656677246,67191,0.0,0.0,0.0
2024-07-31 03:30:00+00:00,13.350000381469727,13.369999885559082,13.350000381469727,13.369999885559082,14242,0.0,0.0,0.0
2024-07-31 03:35:00+00:00,13.359999656677246,13.369999885559082,13.350000381469727,13.350000381469727,14499,0.0,0.0,0.0
2024-07-31 03:40:00+00:00,13.359999656677246,13.369999885559082,13.350000381469727,13.369999885559082,24013,0.0,0.0,0.0
2024-07-31 03:45:00+00:00,13.380000114440918,13.380000114440918,13.369999885559082,13.369999885559082,5743,0.0,0.0,0.0
2024-07-31 03:50:00+00:00,13.369999885559082,13.380000114440918,13.369999885559082,13.380000114440918,7659,0.0,0.0,0.0
2024-07-31 03:55:00+00:00,13.390000343322754,13.390000343322754,13.369999885559082,13.380000114440918,18958,0.0,0.0,0.0
2024-07-31 04:00:00+00:00,13.380000114440918,13.390000343322754,13.380000114440918,13.390000343322754,29210,0.0,0.0,0.0
2024-07-31 04:05:00+00:00,13.380000114440918,13.380000114440918,13.369999885559082,13.380000114440918,20881,0.0,0.0,0.0
2024-07-31 04:10:00+00:00,13.380000114440918,13.380000114440918,13.380000114440918,13.380000114440918,16959,0.0,0.0,0.0
2024-07-31 04:15:00+00:00,13.369999885559082,13.380000114440918,13.369999885559082,13.380000114440918,49280,0.0,0.0,0.0
2024-07-31 04:20:00+00:00,13.380000114440918,13.380000114440918,13.350000381469727,13.359999656677246,67049,0.0,0.0,0.0
2024-07-31 04:25:00+00:00,13.359999656677246,13.359999656677246,13.34000015258789,13.34000015258789,109718,0.0,0.0,0.0
2024-07-31 04:30:00+00:00,13.350000381469727,13.350000381469727,13.34000015258789,13.350000381469727,44251,0.0,0.0,0.0
2024-07-31 04:35:00+00:00,13.350000381469727,13.359999656677246,13.350000381469727,13.359999656677246,49865,0.0,0.0,0.0
2024-07-31 04:40:00+00:00,13.369999885559082,13.369999885559082,13.359999656677246,13.369999885559082,12240,0.0,0.0,0.0
2024-07-31 04:45:00+00:00,13.359999656677246,13.369999885559082,13.359999656677246,13.369999885559082,27703,0.0,0.0,0.0
2024-07-31 04:50:00+00:00,13.359999656677246,13.369999885559082,13.359999656677246,13.359999656677246,77533,0.0,0.0,0.0
2024-07-31 04:55:00+00:00,13.359999656677246,13.359999656677246,13.350000381469727,13.350000381469727,626261,0.0,0.0,0.0
2024-07-31 05:00:00+00:00,13.350000381469727,13.350000381469727,13.350000381469727,13.350000381469727,82205,0.0,0.0,0.0
2024-07-31 05:05:00+00:00,13.359999656677246,13.359999656677246,13.350000381469727,13.359999656677246,32141,0.0,0.0,0.0
2024-07-31 05:10:00+00:00,13.359999656677246,13.369999885559082,13.359999656677246,13.369999885559082,9913,0.0,0.0,0.0
2024-08-01 01:00:00+00:00,13.699999809265137,13.729999542236328,13.569999694824219,13.600000381469727,0,0.0,0.0,0.0
2024-08-01 01:05:00+00:00,13.59000015258789,13.619999885559082,13.579999923706055,13.579999923706055,319585,0.0,0.0,0.0
2024-08-01 01:10:00+00:00,13.579999923706055,13.600000381469727,13.569999694824219,13.579999923706055,217369,0.0,0.0,0.0
2024-08-01 01:15:00+00:00,13.569999694824219,13.59000015258789,13.550000190734863,13.59000015258789,280154,0.0,0.0,0.0
2024-08-01 01:20:00+00:00,13.59000015258789,13.600000381469727,13.59000015258789,13.600000381469727,37180,0.0,0.0,0.0
2024-08-01 01:25:00+00:00,13.59000015258789,13.600000381469727,13.59000015258789,13.59000015258789,124626,0.0,0.0,0.0
2024-08-01 01:30:00+00:00,13.600000381469727,13.609999656677246,13.59000015258789,13.609999656677246,62755,0.0,0.0,0.0
2024-08-01 01:35:00+00:00,13.609999656677246,13.619999885559082,13.569999694824219,13.569999694824219,320373,0.0,0.0,0.0
2024-08-01 01:40:00+00:00,13.569999694824219,13.59000015258789,13.5600004196167,13.569999694824219,241457,0.0,0.0,0.0
2024-08-01 01:45:00+00:00,13.569999694824219,13.569999694824219,13.550000190734863,13.5600004196167,125446,0.0,0.0,0.0
2024-08-01 01:50:00+00:00,13.5600004196167,13.5600004196167,13.520000457763672,13.529999732971191,371422,0.0,0.0,0.0
2024-08-01 01:55:00+00:00,13.529999732971191,13.529999732971191,13.510000228881836,13.529999732971191,134510,0.0,0.0,0.0
2024-08-01 02:00:00+00:00,13.539999961853027,13.539999961853027,13.529999732971191,13.529999732971191,36587,0.0,0.0,0.0
2024-08-01 02:05:00+00:00,13.529999732971191,13.529999732971191,13.510000228881836,13.529999732971191,65770,0.0,0.0,0.0
2024-08-01 02:10:00+00:00,13.539999961853027,13.539999961853027,13.5,13.520000457763672,192949,0.0,0.0,0.0
2024-08-01 02:15:00+00:00,13.520000457763672,13.520000457763672,13.5,13.5,161148,0.0,0.0,0.0
2024-08-01 02:20:00+00:00,13.520000457763672,13.550000190734863,13.520000457763672,13.550000190734863,26691,0.0,0.0,0.0
2024-08-01 02:25:00+00:00,13.539999961853027,13.550000190734863,13.529999732971191,13.550000190734863,80567,0.0,0.0,0.0
2024-08-01 02:30:00+00:00,13.539999961853027,13.539999961853027,13.529999732971191,13.539999961853027,37200,0.0,0.0,0.0
2024-08-01 02:35:00+00:00,13.539999961853027,13.550000190734863,13.539999961853027,13.539999961853027,12201,0.0,0.0,0.0
2024-08-01 02:40:00+00:00,13.550000190734863,13.550000190734863,13.539999961853027,13.550000190734863,37796,0.0,0.0,0.0
2024-08-01 02:45:00+00:00,13.5600004196167,13.59000015258789,13.5600004196167,13.59000015258789,47003,0.0,0.0,0.0
2024-08-01 02:50:00+00:00,13.59000015258789,13.600000381469727,13.59000015258789,13.59000015258789,33415,0.0,0.0,0.0
2024-08-01 02:55:00+00:00,13.579999923706055,13.59000015258789,13.579999923706055,13.579999923706055,126005,0.0,0.0,0.0
2024-08-01 03:00:00+00:00,13.579999923706055,13.579999923706055,13.5600004196167,13.5600004196167,22029,0.0,0.0,0.0
2024-08-01 03:05:00+00:00,13.5600004196167,13.579999923706055,13.5600004196167,13.579999923706055,37304,0.0,0.0,0.0
2024-08-01 03:10:00+00:00,13.579999923706055,13.579999923706055,13.579999923706055,13.579999923706055,50851,0.0,0.0,0.0
2024-08-01 03:15:00+00:00,13.579999923706055,13.579999923706055,13.579999923706055,13.579999923706055,30120,0.0,0.0,0.0
2024-08-01 03:20:00+00:00,13.579999923706055,13.59000015258789,13.569999694824219,13.569999694824219,37541,0.0,0.0,0.0
2024-08-01 03:25:00+00:00,13.569999694824219,13.59000015258789,13.569999694824219,13.59000015258789,98140,0.0,0.0,0.0
2024-08-01 03:30:00+00:00,13.600000381469727,13.600000381469727,13.59000015258789,13.59000015258789,13496,0.0,0.0,0.0
2024-08-01 03:35:00+00:00,13.59000015258789,13.59000015258789,13.579999923706055,13.59000015258789,45326,0.0,0.0,0.0
2024-08-01 03:40:00+00:00,13.59000015258789,13.59000015258789,13.579999923706055,13.59000015258789,26384,0.0,0.0,0.0
2024-08-01 03:45:00+00:00,13.59000015258789,13.59000015258789,13.59000015258789,13.59000015258789,41115,0.0,0.0,0.0
2024-08-01 03:50:00+00:00,13.59000015258789,13.600000381469727,13.579999923706055,13.600000381469727,25116,0.0,0.0,0.0
2024-08-01 03:55:00+00:00,13.600000381469727,13.600000381469727,13.579999923706055,13.579999923706055,55007,0.0,0.0,0.0
2024-08-01 04:00:00+00:00,13.59000015258789,13.59000015258789,13.579999923706055,13.579999923706055,9649,0.0,0.0,0.0
2024-08-01 04:05:00+00:00,13.579999923706055,13.59000015258789,13.569999694824219,13.59000015258789,31105,0.0,0.0,0.0
2024-08-01 04:10:00+00:00,13.579999923706055,13.579999923706055,13.579999923706055,13.579999923706055,23196,0.0,0.0,0.0
2024-08-01 04:15:00+00:00,13.600000381469727,13.600000381469727,13.59000015258789,13.59000015258789,64005,0.0,0.0,0.0
2024-08-01 04:20:00+00:00,13.59000015258789,13.600000381469727,13.59000015258789,13.600000381469727,38434,0.0,0.0,0.0
2024-08-01 04:25:00+00:00,13.600000381469727,13.600000381469727,13.59000015258789,13.600000381469727,36445,0.0,0.0,0.0
2024-08-01 04:30:00+00:00,13.609999656677246,13.609999656677246,13.600000381469727,13.600000381469727,102910,0.0,0.0,0.0
2024-08-01 04:35:00+00:00,13.600000381469727,13.600000381469727,13.600000381469727,13.600000381469727,21067,0.0,0.0,0.0
2024-08-01 04:40:00+00:00,13.59000015258789,13.600000381469727,13.579999923706055,13.579999923706055,83142,0.0,0.0,0.0
2024-08-01 04:45:00+00:00,13.579999923706055,13.579999923706055,13.5600004196167,13.5600004196167,175425,0.0,0.0,0.0
2024-08-01 04:50:00+00:00,13.569999694824219,13.579999923706055,13.569999694824219,13.569999694824219,113479,0.0,0.0,0.0
2024-08-01 04:55:00+00:00,13.569999694824219,13.569999694824219,13.5600004196167,13.5600004196167,37116,0.0,0.0,0.0
2024-08-01 05:00:00+00:00,13.5600004196167,13.5600004196167,13.5600004196167,13.5600004196167,67992,0.0,0.0,0.0
2024-08-01 05:05:00+00:00,13.569999694824219,13.569999694824219,13.5600004196167,13.5600004196167,29211,0.0,0.0,0.0
2024-08-01 05:10:00+00:00,13.569999694824219,13.569999694824219,13.569999694824219,13.569999694824219,26110,0.0,0.0,0.0
2024-08-02 01:00:00+00:00,13.329999923706055,13.390000343322754,13.1899995803833,13.1899995803833,0,0.0,0.0,0.0
2024-08-02 01:05:00+00:00,13.199999809265137,13.34000015258789,13.1899995803833,13.210000038146973,407000,0.0,0.0,0.0
2024-08-02 01:10:00+00:00,13.220000267028809,13.220000267028809,13.199999809265137,13.220000267028809,333522,0.0,0.0,0.0
2024-08-02 01:15:00+00:00,13.229999542236328,13.229999542236328,13.199999809265137,13.220000267028809,639247,0.0,0.0,0.0
2024-08-02 01:20:00+00:00,13.210000038146973,13.210000038146973,13.199999809265137,13.210000038146973,251874,0.0,0.0,0.0
2024-08-02 01:25:00+00:00,13.210000038146973,13.229999542236328,13.210000038146973,13.210000038146973,172859,0.0,0.0,0.0
2024-08-02 01:30:00+00:00,13.220000267028809,13.229999542236328,13.210000038146973,13.210000038146973,117649,0.0,0.0,0.0
2024-08-02 01:35:00+00:00,13.210000038146973,13.229999542236328,13.210000038146973,13.229999542236328,338717,0.0,0.0,0.0
2024-08-02 01:40:00+00:00,13.239999771118164,13.270000457763672,13.239999771118164,13.260000228881836,575509,0.0,0.0,0.0
2024-08-02 01:45:00+00:00,13.270000457763672,13.279999732971191,13.260000228881836,13.260000228881836,125489,0.0,0.0,0.0
2024-08-02 01:50:00+00:00,13.260000228881836,13.260000228881836,13.239999771118164,13.25,201165,0.0,0.0,0.0
2024-08-02 01:55:00+00:00,13.25,13.25,13.220000267028809,13.220000267028809,451282,0.0,0.0,0.0
2024-08-02 02:00:00+00:00,13.220000267028809,13.220000267028809,13.1899995803833,13.1899995803833,834459,0.0,0.0,0.0
2024-08-02 02:05:00+00:00,13.210000038146973,13.210000038146973,13.1899995803833,13.1899995803833,689076,0.0,0.0,0.0
2024-08-02 02:10:00+00:00,13.1899995803833,13.210000038146973,13.180000305175781,13.199999809265137,893307,0.0,0.0,0.0
2024-08-02 02:15:00+00:00,13.199999809265137,13.199999809265137,13.15999984741211,13.15999984741211,615447,0.0,0.0,0.0
2024-08-02 02:20:00+00:00,13.15999984741211,13.170000076293945,13.140000343322754,13.140000343322754,1047759,0.0,0.0,0.0
2024-08-02 02:25:00+00:00,13.149999618530273,13.149999618530273,13.140000343322754,13.140000343322754,198180,0.0,0.0,0.0
2024-08-02 02:30:00+00:00,13.149999618530273,13.149999618530273,13.119999885559082,13.130000114440918,360296,0.0,0.0,0.0
2024-08-02 02:35:00+00:00,13.130000114440918,13.130000114440918,13.109999656677246,13.130000114440918,380094,0.0,0.0,0.0
2024-08-02 02:40:00+00:00,13.130000114440918,13.130000114440918,13.119999885559082,13.130000114440918,531514,0.0,0.0,0.0
2024-08-02 02:45:00+00:00,13.130000114440918,13.130000114440918,13.100000381469727,13.109999656677246,359736,0.0,0.0,0.0
2024-08-02 02:50:00+00:00,13.109999656677246,13.140000343322754,13.109999656677246,13.140000343322754,166971,0.0,0.0,0.0
2024-08-02 02:55:00+00:00,13.140000343322754,13.140000343322754,13.130000114440918,13.140000343322754,111871,0.0,0.0,0.0
2024-08-02 03:00:00+00:00,13.140000343322754,13.149999618530273,13.130000114440918,13.149999618530273,183660,0.0,0.0,0.0
2024-08-02 03:05:00+00:00,13.149999618530273,13.149999618530273,13.130000114440918,13.130000114440918,145256,0.0,0.0,0.0
2024-08-02 03:10:00+00:00,13.140000343322754,13.140000343322754,13.130000114440918,13.130000114440918,69347,0.0,0.0,0.0
2024-08-02 03:15:00+00:00,13.130000114440918,13.140000343322754,13.130000114440918,13.140000343322754,73593,0.0,0.0,0.0
2024-08-02 03:20:00+00:00,13.140000343322754,13.140000343322754,13.119999885559082,13.140000343322754,188185,0.0,0.0,0.0
2024-08-02 03:25:00+00:00,13.130000114440918,13.130000114440918,13.109999656677246,13.119999885559082,325076,0.0,0.0,0.0
2024-08-02 03:30:00+00:00,13.119999885559082,13.130000114440918,13.109999656677246,13.130000114440918,76726,0.0,0.0,0.0
2024-08-02 03:35:00+00:00,13.130000114440918,13.130000114440918,13.109999656677246,13.119999885559082,373352,0.0,0.0,0.0
2024-08-02 03:40:00+00:00,13.119999885559082,13.119999885559082,13.109999656677246,13.109999656677246,109693,0.0,0.0,0.0
2024-08-02 03:45:00+00:00,13.109999656677246,13.109999656677246,13.100000381469727,13.100000381469727,140719,0.0,0.0,0.0
2024-08-02 03:50:00+00:00,13.109999656677246,13.109999656677246,13.100000381469727,13.109999656677246,170814,0.0,0.0,0.0
2024-08-02 03:55:00+00:00,13.109999656677246,13.109999656677246,13.109999656677246,13.109999656677246,82370,0.0,0.0,0.0
2024-08-02 04:00:00+00:00,13.109999656677246,13.109999656677246,13.079999923706055,13.09000015258789,1438627,0.0,0.0,0.0
2024-08-02 04:05:00+00:00,13.09000015258789,13.09000015258789,13.069999694824219,13.079999923706055,454858,0.0,0.0,0.0
2024-08-02 04:10:00+00:00,13.079999923706055,13.079999923706055,13.069999694824219,13.069999694824219,288819,0.0,0.0,0.0
2024-08-02 04:15:00+00:00,13.0600004196167,13.079999923706055,13.050000190734863,13.079999923706055,692523,0.0,0.0,0.0
2024-08-02 04:20:00+00:00,13.079999923706055,13.100000381469727,13.069999694824219,13.079999923706055,1150228,0.0,0.0,0.0
2024-08-02 04:25:00+00:00,13.079999923706055,13.100000381469727,13.079999923706055,13.100000381469727,68397,0.0,0.0,0.0
2024-08-02 04:30:00+00:00,13.100000381469727,13.109999656677246,13.100000381469727,13.100000381469727,96366,0.0,0.0,0.0
2024-08-02 04:35:00+00:00,13.100000381469727,13.100000381469727,13.079999923706055,13.09000015258789,106773,0.0,0.0,0.0
2024-08-02 04:40:00+00:00,13.09000015258789,13.09000015258789,13.069999694824219,13.069999694824219,303582,0.0,0.0,0.0
2024-08-02 04:45:00+00:00,13.069999694824219,13.069999694824219,13.0600004196167,13.069999694824219,346252,0.0,0.0,0.0
2024-08-02 04:50:00+00:00,13.0600004196167,13.069999694824219,13.039999961853027,13.039999961853027,872660,0.0,0.0,0.0
2024-08-02 04:55:00+00:00,13.029999732971191,13.039999961853027,13.020000457763672,13.039999961853027,241577,0.0,0.0,0.0
2024-08-02 05:00:00+00:00,13.039999961853027,13.039999961853027,13.020000457763672,13.029999732971191,156765,0.0,0.0,0.0
2024-08-02 05:05:00+00:00,13.029999732971191,13.039999961853027,13.020000457763672,13.029999732971191,214681,0.0,0.0,0.0
2024-08-02 05:10:00+00:00,13.029999732971191,13.029999732971191,13.020000457763672,13.029999732971191,332293,0.0,0.0,0.0
2024-08-05 01:00:00+00:00,12.5,12.5,12.15999984741211,12.180000305175781,0,0.0,0.0,0.0
2024-08-05 01:05:00+00:00,12.180000305175781,12.180000305175781,12.069999694824219,12.130000114440918,1010000,0.0,0.0,0.0
2024-08-05 01:10:00+00:00,12.130000114440918,12.220000267028809,12.130000114440918,12.199999809265137,797030,0.0,0.0,0.0
2024-08-05 01:15:00+00:00,12.180000305175781,12.210000038146973,12.149999618530273,12.170000076293945,491896,0.0,0.0,0.0
2024-08-05 01:20:00+00:00,12.180000305175781,12.199999809265137,12.130000114440918,12.149999618530273,847349,0.0,0.0,0.0
2024-08-05 01:25:00+00:00,12.149999618530273,12.149999618530273,12.109999656677246,12.119999885559082,711150,0.0,0.0,0.0
2024-08-05 01:30:00+00:00,12.119999885559082,12.130000114440918,12.079999923706055,12.109999656677246,1238742,0.0,0.0,0.0
2024-08-05 01:35:00+00:00,12.100000381469727,12.119999885559082,12.069999694824219,12.079999923706055,581450,0.0,0.0,0.0
2024-08-05 01:40:00+00:00,12.079999923706055,12.079999923706055,11.979999542236328,11.989999771118164,1361208,0.0,0.0,0.0
2024-08-05 01:45:00+00:00,11.989999771118164,12.020000457763672,11.979999542236328,12.0,523790,0.0,0.0,0.0
2024-08-05 01:50:00+00:00,12.0,12.0,11.949999809265137,11.949999809265137,546152,0.0,0.0,0.0
2024-08-05 01:55:00+00:00,11.949999809265137,12.029999732971191,11.949999809265137,12.029999732971191,499762,0.0,0.0,0.0
2024-08-05 02:00:00+00:00,12.029999732971191,12.069999694824219,12.010000228881836,12.0600004196167,141203,0.0,0.0,0.0
2024-08-05 02:05:00+00:00,12.0600004196167,12.109999656677246,12.0600004196167,12.109999656677246,191154,0.0,0.0,0.0
2024-08-05 02:10:00+00:00,12.109999656677246,12.109999656677246,12.079999923706055,12.09000015258789,270006,0.0,0.0,0.0
2024-08-05 02:15:00+00:00,12.100000381469727,12.149999618530273,12.079999923706055,12.149999618530273,121851,0.0,0.0,0.0
2024-08-05 02:20:00+00:00,12.149999618530273,12.210000038146973,12.140000343322754,12.210000038146973,387536,0.0,0.0,0.0
2024-08-05 02:25:00+00:00,12.199999809265137,12.220000267028809,12.180000305175781,12.220000267028809,159651,0.0,0.0,0.0
2024-08-05 02:30:00+00:00,12.220000267028809,12.220000267028809,12.15999984741211,12.170000076293945,304537,0.0,0.0,0.0
2024-08-05 02:35:00+00:00,12.170000076293945,12.1899995803833,12.15999984741211,12.15999984741211,90997,0.0,0.0,0.0
2024-08-05 02:40:00+00:00,12.15999984741211,12.170000076293945,12.140000343322754,12.149999618530273,113728,0.0,0.0,0.0
2024-08-05 02:45:00+00:00,12.15999984741211,12.170000076293945,12.140000343322754,12.15999984741211,62177,0.0,0.0,0.0
2024-08-05 02:50:00+00:00,12.170000076293945,12.170000076293945,12.119999885559082,12.119999885559082,160118,0.0,0.0,0.0
2024-08-05 02:55:00+00:00,12.119999885559082,12.119999885559082,12.109999656677246,12.119999885559082,95764,0.0,0.0,0.0
2024-08-05 03:00:00+00:00,12.130000114440918,12.149999618530273,12.109999656677246,12.119999885559082,147756,0.0,0.0,0.0
2024-08-05 03:05:00+00:00,12.130000114440918,12.140000343322754,12.119999885559082,12.130000114440918,38360,0.0,0.0,0.0
2024-08-05 03:10:00+00:00,12.130000114440918,12.140000343322754,12.119999885559082,12.130000114440918,65237,0.0,0.0,0.0
2024-08-05 03:15:00+00:00,12.130000114440918,12.130000114440918,12.100000381469727,12.109999656677246,84531,0.0,0.0,0.0
2024-08-05 03:20:00+00:00,12.109999656677246,12.109999656677246,12.09000015258789,12.09000015258789,255220,0.0,0.0,0.0
2024-08-05 03:25:00+00:00,12.100000381469727,12.100000381469727,12.0600004196167,12.0600004196167,399686,0.0,0.0,0.0
2024-08-05 03:30:00+00:00,12.0600004196167,12.069999694824219,12.050000190734863,12.069999694824219,242643,0.0,0.0,0.0
2024-08-05 03:35:00+00:00,12.069999694824219,12.069999694824219,12.050000190734863,12.0600004196167,34384,0.0,0.0,0.0
2024-08-05 03:40:00+00:00,12.0600004196167,12.069999694824219,12.039999961853027,12.069999694824219,78943,0.0,0.0,0.0
2024-08-05 03:45:00+00:00,12.0600004196167,12.069999694824219,12.029999732971191,12.029999732971191,159558,0.0,0.0,0.0
2024-08-05 03:50:00+00:00,12.039999961853027,12.039999961853027,12.020000457763672,12.039999961853027,141992,0.0,0.0,0.0
2024-08-05 03:55:00+00:00,12.039999961853027,12.039999961853027,12.010000228881836,12.020000457763672,115846,0.0,0.0,0.0
2024-08-05 04:00:00+00:00,12.010000228881836,12.020000457763672,12.010000228881836,12.020000457763672,76441,0.0,0.0,0.0
2024-08-05 04:05:00+00:00,12.020000457763672,12.020000457763672,12.0,12.0,630627,0.0,0.0,0.0
2024-08-05 04:10:00+00:00,12.0,12.0,11.979999542236328,11.989999771118164,277530,0.0,0.0,0.0
2024-08-05 04:15:00+00:00,11.979999542236328,11.989999771118164,11.949999809265137,11.960000038146973,389200,0.0,0.0,0.0
2024-08-05 04:20:00+00:00,11.960000038146973,11.960000038146973,11.930000305175781,11.960000038146973,554517,0.0,0.0,0.0
2024-08-05 04:25:00+00:00,11.949999809265137,11.979999542236328,11.949999809265137,11.970000267028809,202811,0.0,0.0,0.0
2024-08-05 04:30:00+00:00,11.970000267028809,11.989999771118164,11.970000267028809,11.970000267028809,276479,0.0,0.0,0.0
2024-08-05 04:35:00+00:00,11.970000267028809,11.979999542236328,11.9399995803833,11.9399995803833,471900,0.0,0.0,0.0
2024-08-05 04:40:00+00:00,11.9399995803833,11.9399995803833,11.930000305175781,11.9399995803833,99961,0.0,0.0,0.0
2024-08-05 04:45:00+00:00,11.9399995803833,11.9399995803833,11.899999618530273,11.899999618530273,506469,0.0,0.0,0.0
2024-08-05 04:50:00+00:00,11.90999984741211,11.90999984741211,11.899999618530273,11.90999984741211,222747,0.0,0.0,0.0
2024-08-05 04:55:00+00:00,11.920000076293945,11.920000076293945,11.899999618530273,11.90999984741211,207718,0.0,0.0,0.0
2024-08-05 05:00:00+00:00,11.90999984741211,11.90999984741211,11.890000343322754,11.90999984741211,394766,0.0,0.0,0.0
2024-08-05 05:05:00+00:00,11.90999984741211,11.949999809265137,11.90999984741211,11.9399995803833,1069672,0.0,0.0,0.0
2024-08-05 05:10:00+00:00,11.9399995803833,11.949999809265137,11.930000305175781,11.9399995803833,33200,0.0,0.0,0.0
2024-08-06 01:00:00+00:00,12.300000190734863,12.390000343322754,12.199999809265137,12.300000190734863,0,0.0,0.0,0.0
2024-08-06 01:05:00+00:00,12.300000190734863,12.3100004196167,12.260000228881836,12.279999732971191,691000,0.0,0.0,0.0
2024-08-06 01:10:00+00:00,12.289999961853027,12.289999961853027,12.199999809265137,12.199999809265137,608136,0.0,0.0,0.0
2024-08-06 01:15:00+00:00,12.199999809265137,12.210000038146973,12.15999984741211,12.15999984741211,391007,0.0,0.0,0.0
2024-08-06 01:20:00+00:00,12.149999618530273,12.149999618530273,12.0600004196167,12.0600004196167,649853,0.0,0.0,0.0
2024-08-06 01:25:00+00:00,12.0600004196167,12.130000114440918,12.020000457763672,12.119999885559082,410121,0.0,0.0,0.0
2024-08-06 01:30:00+00:00,12.119999885559082,12.130000114440918,12.0,12.0,1027006,0.0,0.0,0.0
2024-08-06 01:35:00+00:00,12.0,12.0,11.930000305175781,11.930000305175781,347776,0.0,0.0,0.0
2024-08-06 01:40:00+00:00,11.920000076293945,11.930000305175781,11.75,11.859999656677246,909246,0.0,0.0,0.0
2024-08-06 01:45:00+00:00,11.859999656677246,12.020000457763672,11.8100004196167,12.020000457763672,866605,0.0,0.0,0.0
2024-08-06 01:50:00+00:00,12.020000457763672,12.029999732971191,11.949999809265137,12.0,188914,0.0,0.0,0.0
2024-08-06 01:55:00+00:00,12.0,12.029999732971191,11.979999542236328,12.0,139790,0.0,0.0,0.0
2024-08-06 02:00:00+00:00,12.0,12.100000381469727,12.0,12.029999732971191,164947,0.0,0.0,0.0
2024-08-06 02:05:00+00:00,12.029999732971191,12.050000190734863,11.989999771118164,11.989999771118164,131177,0.0,0.0,0.0
2024-08-06 02:10:00+00:00,11.989999771118164,11.989999771118164,11.9399995803833,11.970000267028809,136424,0.0,0.0,0.0
2024-08-06 02:15:00+00:00,11.989999771118164,12.020000457763672,11.979999542236328,11.979999542236328,90150,0.0,0.0,0.0
2024-08-06 02:20:00+00:00,11.970000267028809,12.010000228881836,11.949999809265137,12.010000228881836,565220,0.0,0.0,0.0
2024-08-06 02:25:00+00:00,12.010000228881836,12.050000190734863,12.010000228881836,12.050000190734863,85160,0.0,0.0,0.0
2024-08-06 02:30:00+00:00,12.050000190734863,12.069999694824219,12.050000190734863,12.0600004196167,49060,0.0,0.0,0.0
2024-08-06 02:35:00+00:00,12.0600004196167,12.100000381469727,12.0600004196167,12.100000381469727,118449,0.0,0.0,0.0
2024-08-06 02:40:00+00:00,12.109999656677246,12.170000076293945,12.109999656677246,12.140000343322754,282151,0.0,0.0,0.0
2024-08-06 02:45:00+00:00,12.149999618530273,12.180000305175781,12.149999618530273,12.180000305175781,67629,0.0,0.0,0.0
2024-08-06 02:50:00+00:00,12.1899995803833,12.1899995803833,12.100000381469727,12.130000114440918,601609,0.0,0.0,0.0
2024-08-06 02:55:00+00:00,12.119999885559082,12.130000114440918,12.100000381469727,12.119999885559082,72588,0.0,0.0,0.0
2024-08-06 03:00:00+00:00,12.119999885559082,12.140000343322754,12.119999885559082,12.130000114440918,259793,0.0,0.0,0.0
2024-08-06 03:05:00+00:00,12.130000114440918,12.15999984741211,12.130000114440918,12.140000343322754,121069,0.0,0.0,0.0
2024-08-06 03:10:00+00:00,12.140000343322754,12.170000076293945,12.140000343322754,12.149999618530273,175238,0.0,0.0,0.0
2024-08-06 03:15:00+00:00,12.149999618530273,12.1899995803833,12.149999618530273,12.1899995803833,253815,0.0,0.0,0.0
2024-08-06 03:20:00+00:00,12.1899995803833,12.210000038146973,12.180000305175781,12.210000038146973,242800,0.0,0.0,0.0
2024-08-06 03:25:00+00:00,12.210000038146973,12.25,12.210000038146973,12.239999771118164,252911,0.0,0.0,0.0
2024-08-06 03:30:00+00:00,12.239999771118164,12.260000228881836,12.229999542236328,12.260000228881836,167632,0.0,0.0,0.0
2024-08-06 03:35:00+00:00,12.260000228881836,12.289999961853027,12.25,12.289999961853027,83515,0.0,0.0,0.0
2024-08-06 03:40:00+00:00,12.289999961853027,12.319999694824219,12.289999961853027,12.289999961853027,649422,0.0,0.0,0.0
2024-08-06 03:45:00+00:00,12.289999961853027,12.3100004196167,12.279999732971191,12.3100004196167,92446,0.0,0.0,0.0
2024-08-06 03:50:00+00:00,12.3100004196167,12.399999618530273,12.3100004196167,12.319999694824219,361745,0.0,0.0,0.0
2024-08-06 03:55:00+00:00,12.319999694824219,12.329999923706055,12.270000457763672,12.270000457763672,173771,0.0,0.0,0.0
2024-08-06 04:00:00+00:00,12.270000457763672,12.3100004196167,12.270000457763672,12.289999961853027,94023,0.0,0.0,0.0
2024-08-06 04:05:00+00:00,12.270000457763672,12.270000457763672,12.25,12.270000457763672,51272,0.0,0.0,0.0
2024-08-06 04:10:00+00:00,12.270000457763672,12.300000190734863,12.270000457763672,12.300000190734863,527152,0.0,0.0,0.0
2024-08-06 04:15:00+00:00,12.300000190734863,12.329999923706055,12.289999961853027,12.329999923706055,75851,0.0,0.0,0.0
2024-08-06 04:20:00+00:00,12.329999923706055,12.34000015258789,12.300000190734863,12.300000190734863,103210,0.0,0.0,0.0
2024-08-06 04:25:00+00:00,12.3100004196167,12.350000381469727,12.3100004196167,12.329999923706055,73269,0.0,0.0,0.0
2024-08-06 04:30:00+00:00,12.329999923706055,12.329999923706055,12.289999961853027,12.289999961853027,128906,0.0,0.0,0.0
2024-08-06 04:35:00+00:00,12.289999961853027,12.300000190734863,12.270000457763672,12.300000190734863,60746,0.0,0.0,0.0
2024-08-06 04:40:00+00:00,12.289999961853027,12.3100004196167,12.279999732971191,12.289999961853027,150560,0.0,0.0,0.0
2024-08-06 04:45:00+00:00,12.289999961853027,12.289999961853027,12.239999771118164,12.25,246232,0.0,0.0,0.0
2024-08-06 04:50:00+00:00,12.25,12.25,12.210000038146973,12.220000267028809,122763,0.0,0.0,0.0
2024-08-06 04:55:00+00:00,12.210000038146973,12.220000267028809,12.180000305175781,12.220000267028809,501167,0.0,0.0,0.0
2024-08-06 05:00:00+00:00,12.220000267028809,12.220000267028809,12.210000038146973,12.210000038146973,136330,0.0,0.0,0.0
2024-08-06 05:05:00+00:00,12.199999809265137,12.210000038146973,12.15999984741211,12.170000076293945,125946,0.0,0.0,0.0
2024-08-06 05:10:00+00:00,12.170000076293945,12.180000305175781,12.15999984741211,12.180000305175781,60190,0.0,0.0,0.0
2024-08-07 01:00:00+00:00,12.350000381469727,12.479999542236328,12.350000381469727,12.470000267028809,0,0.0,0.0,0.0
2024-08-07 01:05:00+00:00,12.460000038146973,12.479999542236328,12.380000114440918,12.4399995803833,480000,0.0,0.0,0.0
2024-08-07 01:10:00+00:00,12.449999809265137,12.460000038146973,12.420000076293945,12.460000038146973,266280,0.0,0.0,0.0
2024-08-07 01:15:00+00:00,12.460000038146973,12.5,12.460000038146973,12.489999771118164,242386,0.0,0.0,0.0
2024-08-07 01:20:00+00:00,12.489999771118164,12.5,12.449999809265137,12.449999809265137,243964,0.0,0.0,0.0
2024-08-07 01:25:00+00:00,12.449999809265137,12.510000228881836,12.449999809265137,12.510000228881836,309906,0.0,0.0,0.0
2024-08-07 01:30:00+00:00,12.520000457763672,12.5600004196167,12.520000457763672,12.5600004196167,223821,0.0,0.0,0.0
2024-08-07 01:35:00+00:00,12.5600004196167,12.579999923706055,12.550000190734863,12.550000190734863,96538,0.0,0.0,0.0
2024-08-07 01:40:00+00:00,12.5600004196167,12.59000015258789,12.550000190734863,12.59000015258789,143819,0.0,0.0,0.0
2024-08-07 01:45:00+00:00,12.59000015258789,12.630000114440918,12.59000015258789,12.630000114440918,219866,0.0,0.0,0.0
2024-08-07 01:50:00+00:00,12.640000343322754,12.649999618530273,12.619999885559082,12.640000343322754,243849,0.0,0.0,0.0
2024-08-07 01:55:00+00:00,12.640000343322754,12.699999809265137,12.630000114440918,12.680000305175781,306510,0.0,0.0,0.0
2024-08-07 02:00:00+00:00,12.680000305175781,12.680000305175781,12.609999656677246,12.619999885559082,133065,0.0,0.0,0.0
2024-08-07 02:05:00+00:00,12.630000114440918,12.65999984741211,12.619999885559082,12.65999984741211,91403,0.0,0.0,0.0
2024-08-07 02:10:00+00:00,12.670000076293945,12.6899995803833,12.670000076293945,12.6899995803833,138683,0.0,0.0,0.0
2024-08-07 02:15:00+00:00,12.6899995803833,12.6899995803833,12.649999618530273,12.65999984741211,144222,0.0,0.0,0.0
2024-08-07 02:20:00+00:00,12.670000076293945,12.75,12.670000076293945,12.739999771118164,525527,0.0,0.0,0.0
2024-08-07 02:25:00+00:00,12.75,12.760000228881836,12.739999771118164,12.75,146820,0.0,0.0,0.0
2024-08-07 02:30:00+00:00,12.75,12.75,12.720000267028809,12.720000267028809,88201,0.0,0.0,0.0
2024-08-07 02:35:00+00:00,12.729999542236328,12.770000457763672,12.720000267028809,12.760000228881836,126756,0.0,0.0,0.0
2024-08-07 02:40:00+00:00,12.739999771118164,12.739999771118164,12.710000038146973,12.710000038146973,81060,0.0,0.0,0.0
2024-08-07 02:45:00+00:00,12.710000038146973,12.739999771118164,12.710000038146973,12.739999771118164,38946,0.0,0.0,0.0
2024-08-07 02:50:00+00:00,12.739999771118164,12.75,12.6899995803833,12.6899995803833,165245,0.0,0.0,0.0
2024-08-07 02:55:00+00:00,12.680000305175781,12.699999809265137,12.680000305175781,12.6899995803833,45740,0.0,0.0,0.0
2024-08-07 03:00:00+00:00,12.699999809265137,12.699999809265137,12.6899995803833,12.699999809265137,103452,0.0,0.0,0.0
2024-08-07 03:05:00+00:00,12.699999809265137,12.720000267028809,12.699999809265137,12.720000267028809,28256,0.0,0.0,0.0
2024-08-07 03:10:00+00:00,12.720000267028809,12.729999542236328,12.699999809265137,12.720000267028809,84305,0.0,0.0,0.0
2024-08-07 03:15:00+00:00,12.710000038146973,12.710000038146973,12.65999984741211,12.670000076293945,156352,0.0,0.0,0.0
2024-08-07 03:20:00+00:00,12.65999984741211,12.699999809265137,12.65999984741211,12.699999809265137,78572,0.0,0.0,0.0
2024-08-07 03:25:00+00:00,12.699999809265137,12.710000038146973,12.6899995803833,12.699999809265137,33252,0.0,0.0,0.0
2024-08-07 03:30:00+00:00,12.699999809265137,12.699999809265137,12.6899995803833,12.6899995803833,25005,0.0,0.0,0.0
2024-08-07 03:35:00+00:00,12.6899995803833,12.699999809265137,12.680000305175781,12.6899995803833,34648,0.0,0.0,0.0
2024-08-07 03:40:00+00:00,12.6899995803833,12.720000267028809,12.6899995803833,12.720000267028809,103053,0.0,0.0,0.0
2024-08-07 03:45:00+00:00,12.729999542236328,12.729999542236328,12.699999809265137,12.699999809265137,91679,0.0,0.0,0.0
2024-08-07 03:50:00+00:00,12.710000038146973,12.710000038146973,12.699999809265137,12.699999809265137,58515,0.0,0.0,0.0
2024-08-07 03:55:00+00:00,12.699999809265137,12.699999809265137,12.699999809265137,12.699999809265137,52809,0.0,0.0,0.0
2024-08-07 04:00:00+00:00,12.710000038146973,12.739999771118164,12.710000038146973,12.739999771118164,53002,0.0,0.0,0.0
2024-08-07 04:05:00+00:00,12.75,12.75,12.729999542236328,12.729999542236328,12266,0.0,0.0,0.0
2024-08-07 04:10:00+00:00,12.729999542236328,12.739999771118164,12.729999542236328,12.739999771118164,16326,0.0,0.0,0.0
2024-08-07 04:15:00+00:00,12.739999771118164,12.739999771118164,12.729999542236328,12.739999771118164,34085,0.0,0.0,0.0
2024-08-07 04:20:00+00:00,12.739999771118164,12.739999771118164,12.739999771118164,12.739999771118164,26064,0.0,0.0,0.0
2024-08-07 04:25:00+00:00,12.729999542236328,12.75,12.729999542236328,12.739999771118164,173104,0.0,0.0,0.0
2024-08-07 04:30:00+00:00,12.760000228881836,12.770000457763672,12.760000228881836,12.760000228881836,46479,0.0,0.0,0.0
2024-08-07 04:35:00+00:00,12.760000228881836,12.760000228881836,12.739999771118164,12.75,69051,0.0,0.0,0.0
2024-08-07 04:40:00+00:00,12.75,12.760000228881836,12.75,12.75,24531,0.0,0.0,0.0
2024-08-07 04:45:00+00:00,12.75,12.75,12.739999771118164,12.75,43442,0.0,0.0,0.0
2024-08-07 04:50:00+00:00,12.75,12.75,12.739999771118164,12.75,47289,0.0,0.0,0.0
2024-08-07 04:55:00+00:00,12.75,12.75,12.710000038146973,12.720000267028809,119943,0.0,0.0,0.0
2024-08-07 05:00:00+00:00,12.710000038146973,12.710000038146973,12.699999809265137,12.710000038146973,44352,0.0,0.0,0.0
2024-08-07 05:05:00+00:00,12.710000038146973,12.729999542236328,12.699999809265137,12.720000267028809,102967,0.0,0.0,0.0
2024-08-07 05:10:00+00:00,12.720000267028809,12.720000267028809,12.710000038146973,12.710000038146973,64650,0.0,0.0,0.0
2024-08-08 01:00:00+00:00,12.510000228881836,12.510000228881836,12.3100004196167,12.4399995803833,0,0.0,0.0,0.0
2024-08-08 01:05:00+00:00,12.449999809265137,12.520000457763672,12.4399995803833,12.460000038146973,450590,0.0,0.0,0.0
2024-08-08 01:10:00+00:00,12.470000267028809,12.5,12.460000038146973,12.5,87441,0.0,0.0,0.0
2024-08-08 01:15:00+00:00,12.5,12.529999732971191,12.5,12.510000228881836,315435,0.0,0.0,0.0
2024-08-08 01:20:00+00:00,12.520000457763672,12.529999732971191,12.470000267028809,12.479999542236328,323176,0.0,0.0,0.0
2024-08-08 01:25:00+00:00,12.470000267028809,12.470000267028809,12.430000305175781,12.449999809265137,253325,0.0,0.0,0.0
2024-08-08 01:30:00+00:00,12.470000267028809,12.489999771118164,12.4399995803833,12.4399995803833,110410,0.0,0.0,0.0
2024-08-08 01:35:00+00:00,12.4399995803833,12.449999809265137,12.420000076293945,12.420000076293945,301904,0.0,0.0,0.0
2024-08-08 01:40:00+00:00,12.430000305175781,12.449999809265137,12.40999984741211,12.430000305175781,137857,0.0,0.0,0.0
2024-08-08 01:45:00+00:00,12.420000076293945,12.430000305175781,12.399999618530273,12.430000305175781,294150,0.0,0.0,0.0
2024-08-08 01:50:00+00:00,12.430000305175781,12.430000305175781,12.420000076293945,12.430000305175781,20953,0.0,0.0,0.0
2024-08-08 01:55:00+00:00,12.479999542236328,12.5,12.479999542236328,12.5,77750,0.0,0.0,0.0
2024-08-08 02:00:00+00:00,12.5,12.550000190734863,12.5,12.539999961853027,45035,0.0,0.0,0.0
2024-08-08 02:05:00+00:00,12.529999732971191,12.569999694824219,12.529999732971191,12.569999694824219,58122,0.0,0.0,0.0
2024-08-08 02:10:00+00:00,12.569999694824219,12.579999923706055,12.569999694824219,12.579999923706055,31445,0.0,0.0,0.0
2024-08-08 02:15:00+00:00,12.579999923706055,12.579999923706055,12.5600004196167,12.569999694824219,83211,0.0,0.0,0.0
2024-08-08 02:20:00+00:00,12.569999694824219,12.619999885559082,12.569999694824219,12.609999656677246,114438,0.0,0.0,0.0
2024-08-08 02:25:00+00:00,12.600000381469727,12.619999885559082,12.569999694824219,12.569999694824219,44504,0.0,0.0,0.0
2024-08-08 02:30:00+00:00,12.569999694824219,12.569999694824219,12.550000190734863,12.550000190734863,83645,0.0,0.0,0.0
2024-08-08 02:35:00+00:00,12.550000190734863,12.5600004196167,12.550000190734863,12.550000190734863,29418,0.0,0.0,0.0
2024-08-08 02:40:00+00:00,12.550000190734863,12.550000190734863,12.529999732971191,12.529999732971191,42191,0.0,0.0,0.0
2024-08-08 02:45:00+00:00,12.539999961853027,12.579999923706055,12.539999961853027,12.550000190734863,25760,0.0,0.0,0.0
2024-08-08 02:50:00+00:00,12.550000190734863,12.550000190734863,12.520000457763672,12.520000457763672,95622,0.0,0.0,0.0
2024-08-08 02:55:00+00:00,12.550000190734863,12.5600004196167,12.550000190734863,12.5600004196167,15302,0.0,0.0,0.0
2024-08-08 03:00:00+00:00,12.550000190734863,12.5600004196167,12.550000190734863,12.5600004196167,11313,0.0,0.0,0.0
2024-08-08 03:05:00+00:00,12.5600004196167,12.5600004196167,12.5600004196167,12.5600004196167,30064,0.0,0.0,0.0
2024-08-08 03:10:00+00:00,12.550000190734863,12.550000190734863,12.550000190734863,12.550000190734863,64637,0.0,0.0,0.0
2024-08-08 03:15:00+00:00,12.5600004196167,12.5600004196167,12.5600004196167,12.5600004196167,3013,0.0,0.0,0.0
2024-08-08 03:20:00+00:00,12.569999694824219,12.619999885559082,12.5600004196167,12.609999656677246,169193,0.0,0.0,0.0
2024-08-08 03:25:00+00:00,12.630000114440918,12.630000114440918,12.609999656677246,12.609999656677246,13135,0.0,0.0,0.0
2024-08-08 03:30:00+00:00,12.619999885559082,12.619999885559082,12.600000381469727,12.609999656677246,28471,0.0,0.0,0.0
2024-08-08 03:35:00+00:00,12.600000381469727,12.609999656677246,12.600000381469727,12.609999656677246,41821,0.0,0.0,0.0
2024-08-08 03:40:00+00:00,12.609999656677246,12.609999656677246,12.600000381469727,12.600000381469727,98627,0.0,0.0,0.0
2024-08-08 03:45:00+00:00,12.619999885559082,12.640000343322754,12.609999656677246,12.609999656677246,42171,0.0,0.0,0.0
2024-08-08 03:50:00+00:00,12.619999885559082,12.619999885559082,12.609999656677246,12.609999656677246,34220,0.0,0.0,0.0
2024-08-08 03:55:00+00:00,12.600000381469727,12.600000381469727,12.569999694824219,12.569999694824219,119497,0.0,0.0,0.0
2024-08-08 04:00:00+00:00,12.579999923706055,12.600000381469727,12.569999694824219,12.569999694824219,58515,0.0,0.0,0.0
2024-08-08 04:05:00+00:00,12.579999923706055,12.579999923706055,12.5600004196167,12.5600004196167,17244,0.0,0.0,0.0
2024-08-08 04:10:00+00:00,12.5600004196167,12.579999923706055,12.5600004196167,12.569999694824219,66363,0.0,0.0,0.0
2024-08-08 04:15:00+00:00,12.569999694824219,12.579999923706055,12.569999694824219,12.569999694824219,27042,0.0,0.0,0.0
2024-08-08 04:20:00+00:00,12.579999923706055,12.579999923706055,12.579999923706055,12.579999923706055,17013,0.0,0.0,0.0
2024-08-08 04:25:00+00:00,12.569999694824219,12.569999694824219,12.5600004196167,12.5600004196167,21744,0.0,0.0,0.0
2024-08-08 04:30:00+00:00,12.569999694824219,12.569999694824219,12.5600004196167,12.5600004196167,179627,0.0,0.0,0.0
2024-08-08 04:35:00+00:00,12.569999694824219,12.569999694824219,12.520000457763672,12.520000457763672,236901,0.0,0.0,0.0
2024-08-08 04:40:00+00:00,12.510000228881836,12.529999732971191,12.5,12.520000457763672,61700,0.0,0.0,0.0
2024-08-08 04:45:00+00:00,12.520000457763672,12.520000457763672,12.489999771118164,12.489999771118164,250392,0.0,0.0,0.0
2024-08-08 04:50:00+00:00,12.479999542236328,12.510000228881836,12.479999542236328,12.510000228881836,93423,0.0,0.0,0.0
2024-08-08 04:55:00+00:00,12.510000228881836,12.529999732971191,12.510000228881836,12.520000457763672,13157,0.0,0.0,0.0
2024-08-08 05:00:00+00:00,12.510000228881836,12.520000457763672,12.510000228881836,12.520000457763672,16410,0.0,0.0,0.0
2024-08-08 05:05:00+00:00,12.520000457763672,12.529999732971191,12.520000457763672,12.520000457763672,28836,0.0,0.0,0.0
2024-08-08 05:10:00+00:00,12.520000457763672,12.520000457763672,12.520000457763672,12.520000457763672,11200,0.0,0.0,0.0
2024-08-09 01:00:00+00:00,12.869999885559082,12.880000114440918,12.8100004196167,12.84000015258789,0,0.0,0.0,0.0
2024-08-09 01:05:00+00:00,12.84000015258789,12.859999656677246,12.829999923706055,12.829999923706055,210000,0.0,0.0,0.0
2024-08-09 01:10:00+00:00,12.829999923706055,12.84000015258789,12.789999961853027,12.800000190734863,287010,0.0,0.0,0.0
2024-08-09 01:15:00+00:00,12.8100004196167,12.819999694824219,12.800000190734863,12.8100004196167,86436,0.0,0.0,0.0
2024-08-09 01:20:00+00:00,12.800000190734863,12.8100004196167,12.789999961853027,12.8100004196167,101050,0.0,0.0,0.0
2024-08-09 01:25:00+00:00,12.8100004196167,12.84000015258789,12.8100004196167,12.84000015258789,328300,0.0,0.0,0.0
2024-08-09 01:30:00+00:00,12.84000015258789,12.850000381469727,12.829999923706055,12.829999923706055,205824,0.0,0.0,0.0
2024-08-09 01:35:00+00:00,12.84000015258789,12.899999618530273,12.84000015258789,12.890000343322754,266326,0.0,0.0,0.0
2024-08-09 01:40:00+00:00,12.890000343322754,12.899999618530273,12.880000114440918,12.899999618530273,177804,0.0,0.0,0.0
2024-08-09 01:45:00+00:00,12.90999984741211,12.920000076293945,12.899999618530273,12.920000076293945,88118,0.0,0.0,0.0
2024-08-09 01:50:00+00:00,12.899999618530273,12.90999984741211,12.890000343322754,12.899999618530273,122340,0.0,0.0,0.0
2024-08-09 01:55:00+00:00,12.880000114440918,12.890000343322754,12.880000114440918,12.890000343322754,33133,0.0,0.0,0.0
2024-08-09 02:00:00+00:00,12.899999618530273,12.899999618530273,12.869999885559082,12.869999885559082,133952,0.0,0.0,0.0
2024-08-09 02:05:00+00:00,12.869999885559082,12.90999984741211,12.869999885559082,12.899999618530273,151263,0.0,0.0,0.0
2024-08-09 02:10:00+00:00,12.90999984741211,12.920000076293945,12.890000343322754,12.890000343322754,43838,0.0,0.0,0.0
2024-08-09 02:15:00+00:00,12.90999984741211,12.90999984741211,12.880000114440918,12.880000114440918,69583,0.0,0.0,0.0
2024-08-09 02:20:00+00:00,12.890000343322754,12.899999618530273,12.880000114440918,12.880000114440918,32183,0.0,0.0,0.0
2024-08-09 02:25:00+00:00,12.880000114440918,12.920000076293945,12.880000114440918,12.920000076293945,212057,0.0,0.0,0.0
2024-08-09 02:30:00+00:00,12.920000076293945,12.920000076293945,12.899999618530273,12.90999984741211,122395,0.0,0.0,0.0
2024-08-09 02:35:00+00:00,12.90999984741211,12.90999984741211,12.90999984741211,12.90999984741211,3038,0.0,0.0,0.0
2024-08-09 02:40:00+00:00,12.90999984741211,12.920000076293945,12.90999984741211,12.920000076293945,108424,0.0,0.0,0.0
2024-08-09 02:45:00+00:00,12.930000305175781,12.9399995803833,12.930000305175781,12.9399995803833,114084,0.0,0.0,0.0
2024-08-09 02:50:00+00:00,12.9399995803833,12.9399995803833,12.930000305175781,12.930000305175781,31119,0.0,0.0,0.0
2024-08-09 02:55:00+00:00,12.9399995803833,12.9399995803833,12.930000305175781,12.930000305175781,88569,0.0,0.0,0.0
2024-08-09 03:00:00+00:00,12.9399995803833,12.9399995803833,12.9399995803833,12.9399995803833,88613,0.0,0.0,0.0
2024-08-09 03:05:00+00:00,12.949999809265137,12.949999809265137,12.9399995803833,12.9399995803833,9463,0.0,0.0,0.0
2024-08-09 03:10:00+00:00,12.949999809265137,12.949999809265137,12.9399995803833,12.949999809265137,22496,0.0,0.0,0.0
2024-08-09 03:15:00+00:00,12.949999809265137,12.949999809265137,12.9399995803833,12.9399995803833,43248,0.0,0.0,0.0
2024-08-09 03:20:00+00:00,12.9399995803833,12.949999809265137,12.930000305175781,12.930000305175781,95613,0.0,0.0,0.0
2024-08-09 03:25:00+00:00,12.930000305175781,12.930000305175781,12.899999618530273,12.90999984741211,171528,0.0,0.0,0.0
2024-08-09 03:30:00+00:00,12.90999984741211,12.90999984741211,12.880000114440918,12.899999618530273,295873,0.0,0.0,0.0
2024-08-09 03:35:00+00:00,12.890000343322754,12.90999984741211,12.890000343322754,12.890000343322754,56113,0.0,0.0,0.0
2024-08-09 03:40:00+00:00,12.890000343322754,12.890000343322754,12.880000114440918,12.890000343322754,79194,0.0,0.0,0.0
2024-08-09 03:45:00+00:00,12.890000343322754,12.890000343322754,12.880000114440918,12.890000343322754,80119,0.0,0.0,0.0
2024-08-09 03:50:00+00:00,12.890000343322754,12.90999984741211,12.890000343322754,12.90999984741211,36087,0.0,0.0,0.0
2024-08-09 03:55:00+00:00,12.90999984741211,12.90999984741211,12.899999618530273,12.899999618530273,79200,0.0,0.0,0.0
2024-08-09 04:00:00+00:00,12.90999984741211,12.90999984741211,12.90999984741211,12.90999984741211,91170,0.0,0.0,0.0
2024-08-09 04:05:00+00:00,12.920000076293945,12.930000305175781,12.920000076293945,12.920000076293945,14402,0.0,0.0,0.0
2024-08-09 04:10:00+00:00,12.920000076293945,12.930000305175781,12.920000076293945,12.930000305175781,24718,0.0,0.0,0.0
2024-08-09 04:15:00+00:00,12.930000305175781,12.9399995803833,12.930000305175781,12.9399995803833,19064,0.0,0.0,0.0
2024-08-09 04:20:00+00:00,12.9399995803833,12.9399995803833,12.90999984741211,12.90999984741211,190295,0.0,0.0,0.0
2024-08-09 04:25:00+00:00,12.90999984741211,12.90999984741211,12.899999618530273,12.899999618530273,33305,0.0,0.0,0.0
2024-08-09 04:30:00+00:00,12.90999984741211,12.90999984741211,12.890000343322754,12.890000343322754,30650,0.0,0.0,0.0
2024-08-09 04:35:00+00:00,12.890000343322754,12.899999618530273,12.890000343322754,12.899999618530273,44265,0.0,0.0,0.0
2024-08-09 04:40:00+00:00,12.890000343322754,12.899999618530273,12.859999656677246,12.859999656677246,635254,0.0,0.0,0.0
2024-08-09 04:45:00+00:00,12.869999885559082,12.869999885559082,12.850000381469727,12.850000381469727,181435,0.0,0.0,0.0
2024-08-09 04:50:00+00:00,12.84000015258789,12.84000015258789,12.829999923706055,12.84000015258789,107676,0.0,0.0,0.0
2024-08-09 04:55:00+00:00,12.84000015258789,12.84000015258789,12.789999961853027,12.800000190734863,133614,0.0,0.0,0.0
2024-08-09 05:00:00+00:00,12.800000190734863,12.800000190734863,12.779999732971191,12.779999732971191,99809,0.0,0.0,0.0
2024-08-09 05:05:00+00:00,12.779999732971191,12.800000190734863,12.779999732971191,12.800000190734863,51404,0.0,0.0,0.0
2024-08-09 05:10:00+00:00,12.8100004196167,12.8100004196167,12.8100004196167,12.8100004196167,16459,0.0,0.0,0.0
2024-08-12 01:00:00+00:00,12.9399995803833,13.0,12.9399995803833,13.0,0,0.0,0.0,0.0
2024-08-12 01:05:00+00:00,12.989999771118164,12.989999771118164,12.960000038146973,12.970000267028809,161652,0.0,0.0,0.0
2024-08-12 01:10:00+00:00,12.979999542236328,13.050000190734863,12.979999542236328,13.050000190734863,271263,0.0,0.0,0.0
2024-08-12 01:15:00+00:00,13.029999732971191,13.050000190734863,13.029999732971191,13.039999961853027,76732,0.0,0.0,0.0
2024-08-12 01:20:00+00:00,13.050000190734863,13.0600004196167,13.039999961853027,13.050000190734863,72102,0.0,0.0,0.0
2024-08-12 01:25:00+00:00,13.050000190734863,13.069999694824219,13.050000190734863,13.0600004196167,100968,0.0,0.0,0.0
2024-08-12 01:30:00+00:00,13.0600004196167,13.069999694824219,13.050000190734863,13.069999694824219,100022,0.0,0.0,0.0
2024-08-12 01:35:00+00:00,13.069999694824219,13.079999923706055,13.0600004196167,13.079999923706055,135623,0.0,0.0,0.0
2024-08-12 01:40:00+00:00,13.079999923706055,13.109999656677246,13.069999694824219,13.079999923706055,216044,0.0,0.0,0.0
2024-08-12 01:45:00+00:00,13.079999923706055,13.09000015258789,13.069999694824219,13.09000015258789,130487,0.0,0.0,0.0
2024-08-12 01:50:00+00:00,13.09000015258789,13.09000015258789,13.079999923706055,13.09000015258789,20273,0.0,0.0,0.0
2024-08-12 01:55:00+00:00,13.09000015258789,13.09000015258789,13.050000190734863,13.050000190734863,124799,0.0,0.0,0.0
2024-08-12 02:00:00+00:00,13.039999961853027,13.069999694824219,13.029999732971191,13.069999694824219,87427,0.0,0.0,0.0
2024-08-12 02:05:00+00:00,13.069999694824219,13.069999694824219,13.0600004196167,13.069999694824219,41205,0.0,0.0,0.0
2024-08-12 02:10:00+00:00,13.069999694824219,13.079999923706055,13.069999694824219,13.069999694824219,59791,0.0,0.0,0.0
2024-08-12 02:15:00+00:00,13.079999923706055,13.09000015258789,13.079999923706055,13.09000015258789,77210,0.0,0.0,0.0
2024-08-12 02:20:00+00:00,13.079999923706055,13.09000015258789,13.050000190734863,13.0600004196167,274553,0.0,0.0,0.0
2024-08-12 02:25:00+00:00,13.050000190734863,13.079999923706055,13.050000190734863,13.079999923706055,102691,0.0,0.0,0.0
2024-08-12 02:30:00+00:00,13.079999923706055,13.09000015258789,13.069999694824219,13.09000015258789,86999,0.0,0.0,0.0
2024-08-12 02:35:00+00:00,13.09000015258789,13.09000015258789,13.069999694824219,13.09000015258789,36317,0.0,0.0,0.0
2024-08-12 02:40:00+00:00,13.09000015258789,13.09000015258789,13.079999923706055,13.09000015258789,35078,0.0,0.0,0.0
2024-08-12 02:45:00+00:00,13.079999923706055,13.09000015258789,13.079999923706055,13.079999923706055,14438,0.0,0.0,0.0
2024-08-12 02:50:00+00:00,13.079999923706055,13.09000015258789,13.079999923706055,13.079999923706055,16231,0.0,0.0,0.0
2024-08-12 02:55:00+00:00,13.069999694824219,13.09000015258789,13.069999694824219,13.079999923706055,39461,0.0,0.0,0.0
2024-08-12 03:00:00+00:00,13.069999694824219,13.079999923706055,13.069999694824219,13.079999923706055,22745,0.0,0.0,0.0
2024-08-12 03:05:00+00:00,13.079999923706055,13.079999923706055,13.079999923706055,13.079999923706055,6038,0.0,0.0,0.0
2024-08-12 03:10:00+00:00,13.079999923706055,13.109999656677246,13.069999694824219,13.100000381469727,325613,0.0,0.0,0.0
2024-08-12 03:15:00+00:00,13.100000381469727,13.100000381469727,13.09000015258789,13.09000015258789,63498,0.0,0.0,0.0
2024-08-12 03:20:00+00:00,13.079999923706055,13.079999923706055,13.069999694824219,13.069999694824219,22549,0.0,0.0,0.0
2024-08-12 03:25:00+00:00,13.079999923706055,13.079999923706055,13.069999694824219,13.079999923706055,9000,0.0,0.0,0.0
2024-08-12 03:30:00+00:00,13.079999923706055,13.079999923706055,13.0600004196167,13.0600004196167,33541,0.0,0.0,0.0
2024-08-12 03:35:00+00:00,13.069999694824219,13.079999923706055,13.069999694824219,13.079999923706055,23419,0.0,0.0,0.0
2024-08-12 03:40:00+00:00,13.069999694824219,13.069999694824219,13.0600004196167,13.069999694824219,42439,0.0,0.0,0.0
2024-08-12 03:45:00+00:00,13.069999694824219,13.069999694824219,13.069999694824219,13.069999694824219,14478,0.0,0.0,0.0
2024-08-12 03:50:00+00:00,13.069999694824219,13.069999694824219,13.0600004196167,13.069999694824219,42490,0.0,0.0,0.0
2024-08-12 03:55:00+00:00,13.069999694824219,13.079999923706055,13.069999694824219,13.079999923706055,13467,0.0,0.0,0.0
2024-08-12 04:00:00+00:00,13.079999923706055,13.079999923706055,13.069999694824219,13.079999923706055,18721,0.0,0.0,0.0
2024-08-12 04:05:00+00:00,13.069999694824219,13.079999923706055,13.069999694824219,13.079999923706055,6643,0.0,0.0,0.0
2024-08-12 04:10:00+00:00,13.079999923706055,13.079999923706055,13.069999694824219,13.079999923706055,57668,0.0,0.0,0.0
2024-08-12 04:15:00+00:00,13.069999694824219,13.079999923706055,13.0600004196167,13.079999923706055,211857,0.0,0.0,0.0
2024-08-12 04:20:00+00:00,13.0600004196167,13.069999694824219,13.0600004196167,13.069999694824219,6332,0.0,0.0,0.0
2024-08-12 04:25:00+00:00,13.069999694824219,13.069999694824219,13.069999694824219,13.069999694824219,19218,0.0,0.0,0.0
2024-08-12 04:30:00+00:00,13.069999694824219,13.069999694824219,13.069999694824219,13.069999694824219,13591,0.0,0.0,0.0
2024-08-12 04:35:00+00:00,13.079999923706055,13.079999923706055,13.079999923706055,13.079999923706055,61236,0.0,0.0,0.0
2024-08-12 04:40:00+00:00,13.079999923706055,13.079999923706055,13.069999694824219,13.079999923706055,39000,0.0,0.0,0.0
2024-08-12 04:45:00+00:00,13.069999694824219,13.069999694824219,13.069999694824219,13.069999694824219,41000,0.0,0.0,0.0
2024-08-12 04:50:00+00:00,13.079999923706055,13.079999923706055,13.050000190734863,13.050000190734863,190272,0.0,0.0,0.0
2024-08-12 04:55:00+00:00,13.050000190734863,13.050000190734863,13.020000457763672,13.020000457763672,112429,0.0,0.0,0.0
2024-08-12 05:00:00+00:00,13.020000457763672,13.020000457763672,13.0,13.010000228881836,166620,0.0,0.0,0.0
2024-08-12 05:05:00+00:00,13.010000228881836,13.029999732971191,13.010000228881836,13.010000228881836,63564,0.0,0.0,0.0
2024-08-12 05:10:00+00:00,13.010000228881836,13.010000228881836,13.010000228881836,13.010000228881836,3354,0.0,0.0,0.0
2024-08-13 01:00:00+00:00,13.109999656677246,13.130000114440918,13.109999656677246,13.119999885559082,0,0.0,0.0,0.0
2024-08-13 01:05:00+00:00,13.119999885559082,13.119999885559082,13.050000190734863,13.050000190734863,104000,0.0,0.0,0.0
2024-08-13 01:10:00+00:00,13.050000190734863,13.09000015258789,13.039999961853027,13.079999923706055,351579,0.0,0.0,0.0
2024-08-13 01:15:00+00:00,13.079999923706055,13.09000015258789,13.069999694824219,13.09000015258789,117200,0.0,0.0,0.0
2024-08-13 01:20:00+00:00,13.09000015258789,13.109999656677246,13.069999694824219,13.069999694824219,257010,0.0,0.0,0.0
2024-08-13 01:25:00+00:00,13.069999694824219,13.069999694824219,13.069999694824219,13.069999694824219,32967,0.0,0.0,0.0
2024-08-13 01:30:00+00:00,13.079999923706055,13.100000381469727,13.069999694824219,13.100000381469727,75448,0.0,0.0,0.0
2024-08-13 01:35:00+00:00,13.100000381469727,13.100000381469727,13.079999923706055,13.079999923706055,35489,0.0,0.0,0.0
2024-08-13 01:40:00+00:00,13.100000381469727,13.130000114440918,13.100000381469727,13.119999885559082,276470,0.0,0.0,0.0
2024-08-13 01:45:00+00:00,13.130000114440918,13.130000114440918,13.100000381469727,13.100000381469727,53339,0.0,0.0,0.0
2024-08-13 01:50:00+00:00,13.100000381469727,13.100000381469727,13.079999923706055,13.079999923706055,33397,0.0,0.0,0.0
2024-08-13 01:55:00+00:00,13.079999923706055,13.079999923706055,13.0600004196167,13.0600004196167,186622,0.0,0.0,0.0
2024-08-13 02:00:00+00:00,13.069999694824219,13.069999694824219,13.050000190734863,13.069999694824219,53332,0.0,0.0,0.0
2024-08-13 02:05:00+00:00,13.069999694824219,13.069999694824219,13.069999694824219,13.069999694824219,5699,0.0,0.0,0.0
2024-08-13 02:10:00+00:00,13.069999694824219,13.079999923706055,13.0600004196167,13.0600004196167,36133,0.0,0.0,0.0
2024-08-13 02:15:00+00:00,13.069999694824219,13.069999694824219,13.050000190734863,13.050000190734863,64771,0.0,0.0,0.0
2024-08-13 02:20:00+00:00,13.050000190734863,13.050000190734863,13.039999961853027,13.050000190734863,22134,0.0,0.0,0.0
2024-08-13 02:25:00+00:00,13.050000190734863,13.050000190734863,13.029999732971191,13.039999961853027,152839,0.0,0.0,0.0
2024-08-13 02:30:00+00:00,13.039999961853027,13.039999961853027,13.029999732971191,13.029999732971191,32480,0.0,0.0,0.0
2024-08-13 02:35:00+00:00,13.039999961853027,13.050000190734863,13.039999961853027,13.050000190734863,30707,0.0,0.0,0.0
2024-08-13 02:40:00+00:00,13.0600004196167,13.069999694824219,13.050000190734863,13.069999694824219,19338,0.0,0.0,0.0
2024-08-13 02:45:00+00:00,13.069999694824219,13.069999694824219,13.069999694824219,13.069999694824219,21244,0.0,0.0,0.0
2024-08-13 02:50:00+00:00,13.079999923706055,13.079999923706055,13.0600004196167,13.0600004196167,17930,0.0,0.0,0.0
2024-08-13 02:55:00+00:00,13.0600004196167,13.0600004196167,13.0600004196167,13.0600004196167,22380,0.0,0.0,0.0
2024-08-13 03:00:00+00:00,13.0600004196167,13.0600004196167,13.0600004196167,13.0600004196167,12070,0.0,0.0,0.0
2024-08-13 03:05:00+00:00,13.069999694824219,13.069999694824219,13.0600004196167,13.0600004196167,7209,0.0,0.0,0.0
2024-08-13 03:10:00+00:00,13.069999694824219,13.069999694824219,13.0600004196167,13.0600004196167,8277,0.0,0.0,0.0
2024-08-13 03:15:00+00:00,13.0600004196167,13.0600004196167,13.0600004196167,13.0600004196167,4301,0.0,0.0,0.0
2024-08-13 03:20:00+00:00,13.0600004196167,13.069999694824219,13.0600004196167,13.0600004196167,9311,0.0,0.0,0.0
2024-08-13 03:25:00+00:00,13.0600004196167,13.0600004196167,13.050000190734863,13.050000190734863,21017,0.0,0.0,0.0
2024-08-13 03:30:00+00:00,13.0600004196167,13.0600004196167,13.050000190734863,13.050000190734863,12719,0.0,0.0,0.0
2024-08-13 03:35:00+00:00,13.050000190734863,13.050000190734863,13.050000190734863,13.050000190734863,5017,0.0,0.0,0.0
2024-08-13 03:40:00+00:00,13.0600004196167,13.0600004196167,13.050000190734863,13.0600004196167,45046,0.0,0.0,0.0
2024-08-13 03:45:00+00:00,13.0600004196167,13.0600004196167,13.050000190734863,13.050000190734863,22017,0.0,0.0,0.0
2024-08-13 03:50:00+00:00,13.0600004196167,13.0600004196167,13.050000190734863,13.050000190734863,8017,0.0,0.0,0.0
2024-08-13 03:55:00+00:00,13.0600004196167,13.0600004196167,13.0600004196167,13.0600004196167,33017,0.0,0.0,0.0
2024-08-13 04:00:00+00:00,13.069999694824219,13.069999694824219,13.050000190734863,13.050000190734863,34704,0.0,0.0,0.0
2024-08-13 04:05:00+00:00,13.0600004196167,13.0600004196167,13.050000190734863,13.050000190734863,23082,0.0,0.0,0.0
2024-08-13 04:10:00+00:00,13.050000190734863,13.0600004196167,13.039999961853027,13.050000190734863,66791,0.0,0.0,0.0
2024-08-13 04:15:00+00:00,13.0600004196167,13.079999923706055,13.050000190734863,13.050000190734863,50337,0.0,0.0,0.0
2024-08-13 04:20:00+00:00,13.079999923706055,13.079999923706055,13.0600004196167,13.0600004196167,9086,0.0,0.0,0.0
2024-08-13 04:25:00+00:00,13.0600004196167,13.069999694824219,13.0600004196167,13.069999694824219,23317,0.0,0.0,0.0
2024-08-13 04:30:00+00:00,13.069999694824219,13.069999694824219,13.0600004196167,13.0600004196167,10366,0.0,0.0,0.0
2024-08-13 04:35:00+00:00,13.069999694824219,13.069999694824219,13.0600004196167,13.069999694824219,81490,0.0,0.0,0.0
2024-08-13 04:40:00+00:00,13.079999923706055,13.09000015258789,13.079999923706055,13.09000015258789,110479,0.0,0.0,0.0
2024-08-13 04:45:00+00:00,13.100000381469727,13.100000381469727,13.09000015258789,13.100000381469727,10871,0.0,0.0,0.0
2024-08-13 04:50:00+00:00,13.100000381469727,13.100000381469727,13.100000381469727,13.100000381469727,31006,0.0,0.0,0.0
2024-08-13 04:55:00+00:00,13.100000381469727,13.100000381469727,13.100000381469727,13.100000381469727,14155,0.0,0.0,0.0
2024-08-13 05:00:00+00:00,13.09000015258789,13.109999656677246,13.09000015258789,13.100000381469727,21710,0.0,0.0,0.0
2024-08-13 05:05:00+00:00,13.100000381469727,13.100000381469727,13.079999923706055,13.079999923706055,31243,0.0,0.0,0.0
2024-08-13 05:10:00+00:00,13.079999923706055,13.09000015258789,13.079999923706055,13.09000015258789,14000,0.0,0.0,0.0
2024-08-14 01:00:00+00:00,13.210000038146973,13.270000457763672,13.210000038146973,13.25,0,0.0,0.0,0.0
2024-08-14 01:05:00+00:00,13.25,13.279999732971191,13.25,13.270000457763672,283000,0.0,0.0,0.0
2024-08-14 01:10:00+00:00,13.279999732971191,13.279999732971191,13.239999771118164,13.239999771118164,467433,0.0,0.0,0.0
2024-08-14 01:15:00+00:00,13.25,13.25,13.229999542236328,13.229999542236328,363053,0.0,0.0,0.0
2024-08-14 01:20:00+00:00,13.229999542236328,13.229999542236328,13.210000038146973,13.229999542236328,128923,0.0,0.0,0.0
2024-08-14 01:25:00+00:00,13.229999542236328,13.239999771118164,13.229999542236328,13.239999771118164,9683,0.0,0.0,0.0
2024-08-14 01:30:00+00:00,13.229999542236328,13.25,13.220000267028809,13.25,184684,0.0,0.0,0.0
2024-08-14 01:35:00+00:00,13.25,13.260000228881836,13.239999771118164,13.260000228881836,369240,0.0,0.0,0.0
2024-08-14 01:40:00+00:00,13.270000457763672,13.289999961853027,13.270000457763672,13.279999732971191,192780,0.0,0.0,0.0
2024-08-14 01:45:00+00:00,13.279999732971191,13.289999961853027,13.270000457763672,13.270000457763672,85240,0.0,0.0,0.0
2024-08-14 01:50:00+00:00,13.279999732971191,13.279999732971191,13.270000457763672,13.279999732971191,81803,0.0,0.0,0.0
2024-08-14 01:55:00+00:00,13.279999732971191,13.279999732971191,13.270000457763672,13.270000457763672,62563,0.0,0.0,0.0
2024-08-14 02:00:00+00:00,13.270000457763672,13.270000457763672,13.25,13.25,151180,0.0,0.0,0.0
2024-08-14 02:05:00+00:00,13.25,13.25,13.239999771118164,13.25,20287,0.0,0.0,0.0
2024-08-14 02:10:00+00:00,13.239999771118164,13.239999771118164,13.210000038146973,13.210000038146973,110858,0.0,0.0,0.0
2024-08-14 02:15:00+00:00,13.210000038146973,13.210000038146973,13.210000038146973,13.210000038146973,55372,0.0,0.0,0.0
2024-08-14 02:20:00+00:00,13.199999809265137,13.199999809265137,13.1899995803833,13.199999809265137,100248,0.0,0.0,0.0
2024-08-14 02:25:00+00:00,13.1899995803833,13.1899995803833,13.1899995803833,13.1899995803833,35171,0.0,0.0,0.0
2024-08-14 02:30:00+00:00,13.199999809265137,13.199999809265137,13.199999809265137,13.199999809265137,118285,0.0,0.0,0.0
2024-08-14 02:35:00+00:00,13.210000038146973,13.210000038146973,13.210000038146973,13.210000038146973,11104,0.0,0.0,0.0
2024-08-14 02:40:00+00:00,13.220000267028809,13.220000267028809,13.210000038146973,13.220000267028809,11270,0.0,0.0,0.0
2024-08-14 02:45:00+00:00,13.220000267028809,13.229999542236328,13.220000267028809,13.220000267028809,19083,0.0,0.0,0.0
2024-08-14 02:50:00+00:00,13.220000267028809,13.220000267028809,13.220000267028809,13.220000267028809,16244,0.0,0.0,0.0
2024-08-14 02:55:00+00:00,13.220000267028809,13.229999542236328,13.220000267028809,13.229999542236328,18082,0.0,0.0,0.0
2024-08-14 03:00:00+00:00,13.220000267028809,13.229999542236328,13.199999809265137,13.220000267028809,70693,0.0,0.0,0.0
2024-08-14 03:05:00+00:00,13.210000038146973,13.220000267028809,13.210000038146973,13.210000038146973,40134,0.0,0.0,0.0
2024-08-14 03:10:00+00:00,13.220000267028809,13.220000267028809,13.210000038146973,13.210000038146973,6077,0.0,0.0,0.0
2024-08-14 03:15:00+00:00,13.210000038146973,13.210000038146973,13.210000038146973,13.210000038146973,8024,0.0,0.0,0.0
2024-08-14 03:20:00+00:00,13.220000267028809,13.229999542236328,13.220000267028809,13.229999542236328,29173,0.0,0.0,0.0
2024-08-14 03:25:00+00:00,13.229999542236328,13.229999542236328,13.220000267028809,13.220000267028809,27235,0.0,0.0,0.0
2024-08-14 03:30:00+00:00,13.220000267028809,13.220000267028809,13.220000267028809,13.220000267028809,24354,0.0,0.0,0.0
2024-08-14 03:35:00+00:00,13.229999542236328,13.229999542236328,13.220000267028809,13.229999542236328,24053,0.0,0.0,0.0
2024-08-14 03:40:00+00:00,13.229999542236328,13.229999542236328,13.220000267028809,13.229999542236328,46175,0.0,0.0,0.0
2024-08-14 03:45:00+00:00,13.229999542236328,13.229999542236328,13.229999542236328,13.229999542236328,10421,0.0,0.0,0.0
2024-08-14 03:50:00+00:00,13.229999542236328,13.229999542236328,13.229999542236328,13.229999542236328,9404,0.0,0.0,0.0
2024-08-14 03:55:00+00:00,13.239999771118164,13.239999771118164,13.229999542236328,13.229999542236328,24531,0.0,0.0,0.0
2024-08-14 04:00:00+00:00,13.220000267028809,13.220000267028809,13.210000038146973,13.210000038146973,45177,0.0,0.0,0.0
2024-08-14 04:05:00+00:00,13.229999542236328,13.229999542236328,13.210000038146973,13.210000038146973,14104,0.0,0.0,0.0
2024-08-14 04:10:00+00:00,13.210000038146973,13.229999542236328,13.210000038146973,13.229999542236328,25054,0.0,0.0,0.0
2024-08-14 04:15:00+00:00,13.220000267028809,13.229999542236328,13.220000267028809,13.229999542236328,13084,0.0,0.0,0.0
2024-08-14 04:20:00+00:00,13.229999542236328,13.229999542236328,13.220000267028809,13.229999542236328,34474,0.0,0.0,0.0
2024-08-14 04:25:00+00:00,13.229999542236328,13.239999771118164,13.229999542236328,13.229999542236328,24004,0.0,0.0,0.0
2024-08-14 04:30:00+00:00,13.229999542236328,13.229999542236328,13.220000267028809,13.220000267028809,59315,0.0,0.0,0.0
2024-08-14 04:35:00+00:00,13.220000267028809,13.220000267028809,13.220000267028809,13.220000267028809,16999,0.0,0.0,0.0
2024-08-14 04:40:00+00:00,13.220000267028809,13.220000267028809,13.220000267028809,13.220000267028809,34250,0.0,0.0,0.0
2024-08-14 04:45:00+00:00,13.220000267028809,13.229999542236328,13.220000267028809,13.229999542236328,6450,0.0,0.0,0.0
2024-08-14 04:50:00+00:00,13.229999542236328,13.229999542236328,13.220000267028809,13.220000267028809,29246,0.0,0.0,0.0
2024-08-14 04:55:00+00:00,13.220000267028809,13.220000267028809,13.210000038146973,13.220000267028809,18384,0.0,0.0,0.0
2024-08-14 05:00:00+00:00,13.220000267028809,13.220000267028809,13.210000038146973,13.210000038146973,28100,0.0,0.0,0.0
2024-08-14 05:05:00+00:00,13.210000038146973,13.220000267028809,13.210000038146973,13.220000267028809,21759,0.0,0.0,0.0
2024-08-14 05:10:00+00:00,13.220000267028809,13.220000267028809,13.210000038146973,13.220000267028809,50250,0.0,0.0,0.0
2024-08-14 05:15:00+00:00,13.220000267028809,13.229999542236328,13.220000267028809,13.229999542236328,23747,0.0,0.0,0.0
2024-08-14 05:20:00+00:00,13.229999542236328,13.229999542236328,13.220000267028809,13.229999542236328,14600,0.0,0.0,0.0
2024-08-15 01:00:00+00:00,13.229999542236328,13.25,13.210000038146973,13.229999542236328,0,0.0,0.0,0.0
2024-08-15 01:05:00+00:00,13.229999542236328,13.279999732971191,13.220000267028809,13.270000457763672,356126,0.0,0.0,0.0
2024-08-15 01:10:00+00:00,13.270000457763672,13.270000457763672,13.25,13.270000457763672,45851,0.0,0.0,0.0
2024-08-15 01:15:00+00:00,13.260000228881836,13.270000457763672,13.229999542236328,13.229999542236328,62795,0.0,0.0,0.0
2024-08-15 01:20:00+00:00,13.220000267028809,13.220000267028809,13.210000038146973,13.220000267028809,181266,0.0,0.0,0.0
2024-08-15 01:25:00+00:00,13.220000267028809,13.220000267028809,13.180000305175781,13.180000305175781,202516,0.0,0.0,0.0
2024-08-15 01:30:00+00:00,13.170000076293945,13.180000305175781,13.170000076293945,13.170000076293945,67073,0.0,0.0,0.0
2024-08-15 01:35:00+00:00,13.170000076293945,13.199999809265137,13.170000076293945,13.199999809265137,54071,0.0,0.0,0.0
2024-08-15 01:40:00+00:00,13.1899995803833,13.199999809265137,13.1899995803833,13.199999809265137,27907,0.0,0.0,0.0
2024-08-15 01:45:00+00:00,13.199999809265137,13.220000267028809,13.199999809265137,13.220000267028809,31937,0.0,0.0,0.0
2024-08-15 01:50:00+00:00,13.220000267028809,13.229999542236328,13.220000267028809,13.229999542236328,24625,0.0,0.0,0.0
2024-08-15 01:55:00+00:00,13.220000267028809,13.229999542236328,13.210000038146973,13.210000038146973,38391,0.0,0.0,0.0
2024-08-15 02:00:00+00:00,13.199999809265137,13.210000038146973,13.1899995803833,13.199999809265137,104603,0.0,0.0,0.0
2024-08-15 02:05:00+00:00,13.199999809265137,13.210000038146973,13.199999809265137,13.210000038146973,32162,0.0,0.0,0.0
2024-08-15 02:10:00+00:00,13.210000038146973,13.210000038146973,13.199999809265137,13.210000038146973,10018,0.0,0.0,0.0
2024-08-15 02:15:00+00:00,13.210000038146973,13.220000267028809,13.210000038146973,13.210000038146973,52158,0.0,0.0,0.0
2024-08-15 02:20:00+00:00,13.210000038146973,13.220000267028809,13.199999809265137,13.210000038146973,23745,0.0,0.0,0.0
2024-08-15 02:25:00+00:00,13.220000267028809,13.229999542236328,13.210000038146973,13.229999542236328,155000,0.0,0.0,0.0
2024-08-15 02:30:00+00:00,13.229999542236328,13.239999771118164,13.220000267028809,13.220000267028809,14253,0.0,0.0,0.0
2024-08-15 02:35:00+00:00,13.220000267028809,13.220000267028809,13.220000267028809,13.220000267028809,1000,0.0,0.0,0.0
2024-08-15 02:40:00+00:00,13.210000038146973,13.220000267028809,13.210000038146973,13.220000267028809,62201,0.0,0.0,0.0
2024-08-15 02:45:00+00:00,13.220000267028809,13.239999771118164,13.220000267028809,13.239999771118164,46108,0.0,0.0,0.0
2024-08-15 02:50:00+00:00,13.239999771118164,13.25,13.239999771118164,13.25,8017,0.0,0.0,0.0
2024-08-15 02:55:00+00:00,13.25,13.25,13.239999771118164,13.239999771118164,20422,0.0,0.0,0.0
2024-08-15 03:00:00+00:00,13.229999542236328,13.239999771118164,13.229999542236328,13.239999771118164,35104,0.0,0.0,0.0
2024-08-15 03:05:00+00:00,13.239999771118164,13.239999771118164,13.239999771118164,13.239999771118164,31238,0.0,0.0,0.0
2024-08-15 03:10:00+00:00,13.239999771118164,13.239999771118164,13.229999542236328,13.229999542236328,9436,0.0,0.0,0.0
2024-08-15 03:15:00+00:00,13.229999542236328,13.229999542236328,13.229999542236328,13.229999542236328,39108,0.0,0.0,0.0
2024-08-15 03:20:00+00:00,13.239999771118164,13.239999771118164,13.239999771118164,13.239999771118164,7981,0.0,0.0,0.0
2024-08-15 03:25:00+00:00,13.239999771118164,13.239999771118164,13.220000267028809,13.220000267028809,25151,0.0,0.0,0.0
2024-08-15 03:30:00+00:00,13.229999542236328,13.239999771118164,13.229999542236328,13.239999771118164,23312,0.0,0.0,0.0
2024-08-15 03:35:00+00:00,13.239999771118164,13.239999771118164,13.229999542236328,13.229999542236328,8128,0.0,0.0,0.0
2024-08-15 03:40:00+00:00,13.239999771118164,13.239999771118164,13.229999542236328,13.229999542236328,17158,0.0,0.0,0.0
2024-08-15 03:45:00+00:00,13.229999542236328,13.229999542236328,13.229999542236328,13.229999542236328,6358,0.0,0.0,0.0
2024-08-15 03:50:00+00:00,13.229999542236328,13.239999771118164,13.229999542236328,13.229999542236328,33954,0.0,0.0,0.0
2024-08-15 04:00:00+00:00,13.229999542236328,13.229999542236328,13.220000267028809,13.229999542236328,18508,0.0,0.0,0.0
2024-08-15 04:05:00+00:00,13.229999542236328,13.239999771118164,13.229999542236328,13.239999771118164,50158,0.0,0.0,0.0
2024-08-15 04:10:00+00:00,13.220000267028809,13.239999771118164,13.220000267028809,13.220000267028809,14434,0.0,0.0,0.0
2024-08-15 04:15:00+00:00,13.229999542236328,13.229999542236328,13.229999542236328,13.229999542236328,22875,0.0,0.0,0.0
2024-08-15 04:20:00+00:00,13.239999771118164,13.239999771118164,13.229999542236328,13.229999542236328,29908,0.0,0.0,0.0
2024-08-15 04:25:00+00:00,13.229999542236328,13.229999542236328,13.220000267028809,13.229999542236328,16208,0.0,0.0,0.0
2024-08-15 04:30:00+00:00,13.229999542236328,13.229999542236328,13.220000267028809,13.220000267028809,16128,0.0,0.0,0.0
2024-08-15 04:35:00+00:00,13.220000267028809,13.220000267028809,13.210000038146973,13.210000038146973,89207,0.0,0.0,0.0
2024-08-15 04:40:00+00:00,13.199999809265137,13.210000038146973,13.199999809265137,13.210000038146973,44300,0.0,0.0,0.0
2024-08-15 04:45:00+00:00,13.199999809265137,13.199999809265137,13.1899995803833,13.1899995803833,82075,0.0,0.0,0.0
2024-08-15 04:50:00+00:00,13.199999809265137,13.199999809265137,13.1899995803833,13.1899995803833,25828,0.0,0.0,0.0
2024-08-15 04:55:00+00:00,13.1899995803833,13.199999809265137,13.180000305175781,13.180000305175781,73554,0.0,0.0,0.0
2024-08-15 05:00:00+00:00,13.1899995803833,13.1899995803833,13.180000305175781,13.180000305175781,37681,0.0,0.0,0.0
2024-08-15 05:05:00+00:00,13.180000305175781,13.1899995803833,13.180000305175781,13.1899995803833,77026,0.0,0.0,0.0
2024-08-15 05:10:00+00:00,13.1899995803833,13.1899995803833,13.1899995803833,13.1899995803833,5000,0.0,0.0,0.0
2024-08-16 01:00:00+00:00,13.390000343322754,13.430000305175781,13.390000343322754,13.430000305175781,0,0.0,0.0,0.0
2024-08-16 01:05:00+00:00,13.40999984741211,13.420000076293945,13.390000343322754,13.399999618530273,172516,0.0,0.0,0.0
2024-08-16 01:10:00+00:00,13.399999618530273,13.420000076293945,13.399999618530273,13.40999984741211,94745,0.0,0.0,0.0
2024-08-16 01:15:00+00:00,13.420000076293945,13.430000305175781,13.40999984741211,13.430000305175781,210262,0.0,0.0,0.0
2024-08-16 01:20:00+00:00,13.430000305175781,13.4399995803833,13.430000305175781,13.430000305175781,248063,0.0,0.0,0.0
2024-08-16 01:25:00+00:00,13.430000305175781,13.4399995803833,13.430000305175781,13.4399995803833,114070,0.0,0.0,0.0
2024-08-16 01:30:00+00:00,13.4399995803833,13.449999809265137,13.430000305175781,13.4399995803833,261070,0.0,0.0,0.0
2024-08-16 01:35:00+00:00,13.449999809265137,13.460000038146973,13.4399995803833,13.449999809265137,202784,0.0,0.0,0.0
2024-08-16 01:40:00+00:00,13.449999809265137,13.470000267028809,13.449999809265137,13.460000038146973,139967,0.0,0.0,0.0
2024-08-16 01:45:00+00:00,13.470000267028809,13.470000267028809,13.4399995803833,13.4399995803833,148380,0.0,0.0,0.0
2024-08-16 01:50:00+00:00,13.4399995803833,13.4399995803833,13.399999618530273,13.420000076293945,109254,0.0,0.0,0.0
2024-08-16 01:55:00+00:00,13.420000076293945,13.420000076293945,13.40999984741211,13.420000076293945,25322,0.0,0.0,0.0
2024-08-16 02:00:00+00:00,13.420000076293945,13.420000076293945,13.40999984741211,13.40999984741211,41449,0.0,0.0,0.0
2024-08-16 02:05:00+00:00,13.420000076293945,13.430000305175781,13.399999618530273,13.420000076293945,106794,0.0,0.0,0.0
2024-08-16 02:10:00+00:00,13.420000076293945,13.430000305175781,13.420000076293945,13.430000305175781,38236,0.0,0.0,0.0
2024-08-16 02:15:00+00:00,13.430000305175781,13.4399995803833,13.420000076293945,13.4399995803833,181005,0.0,0.0,0.0
2024-08-16 02:20:00+00:00,13.449999809265137,13.449999809265137,13.430000305175781,13.4399995803833,21349,0.0,0.0,0.0
2024-08-16 02:25:00+00:00,13.4399995803833,13.4399995803833,13.430000305175781,13.430000305175781,52221,0.0,0.0,0.0
2024-08-16 02:30:00+00:00,13.4399995803833,13.4399995803833,13.420000076293945,13.430000305175781,18006,0.0,0.0,0.0
2024-08-16 02:35:00+00:00,13.430000305175781,13.4399995803833,13.430000305175781,13.4399995803833,44093,0.0,0.0,0.0
2024-08-16 02:40:00+00:00,13.4399995803833,13.4399995803833,13.430000305175781,13.430000305175781,10719,0.0,0.0,0.0
2024-08-16 02:45:00+00:00,13.430000305175781,13.430000305175781,13.420000076293945,13.430000305175781,67397,0.0,0.0,0.0
2024-08-16 02:50:00+00:00,13.420000076293945,13.430000305175781,13.420000076293945,13.430000305175781,14177,0.0,0.0,0.0
2024-08-16 02:55:00+00:00,13.430000305175781,13.430000305175781,13.430000305175781,13.430000305175781,9555,0.0,0.0,0.0
2024-08-16 03:00:00+00:00,13.430000305175781,13.4399995803833,13.430000305175781,13.4399995803833,90246,0.0,0.0,0.0
2024-08-16 03:05:00+00:00,13.4399995803833,13.4399995803833,13.430000305175781,13.4399995803833,21847,0.0,0.0,0.0
2024-08-16 03:10:00+00:00,13.4399995803833,13.4399995803833,13.4399995803833,13.4399995803833,20591,0.0,0.0,0.0
2024-08-16 03:15:00+00:00,13.4399995803833,13.4399995803833,13.430000305175781,13.4399995803833,11428,0.0,0.0,0.0
2024-08-16 03:20:00+00:00,13.4399995803833,13.4399995803833,13.430000305175781,13.430000305175781,38024,0.0,0.0,0.0
2024-08-16 03:25:00+00:00,13.430000305175781,13.430000305175781,13.420000076293945,13.430000305175781,23416,0.0,0.0,0.0
2024-08-16 03:30:00+00:00,13.430000305175781,13.430000305175781,13.420000076293945,13.430000305175781,30301,0.0,0.0,0.0
2024-08-16 03:35:00+00:00,13.430000305175781,13.430000305175781,13.420000076293945,13.430000305175781,24086,0.0,0.0,0.0
2024-08-16 03:40:00+00:00,13.430000305175781,13.430000305175781,13.430000305175781,13.430000305175781,67555,0.0,0.0,0.0
2024-08-16 03:45:00+00:00,13.430000305175781,13.430000305175781,13.430000305175781,13.430000305175781,222032,0.0,0.0,0.0
2024-08-16 03:50:00+00:00,13.4399995803833,13.4399995803833,13.430000305175781,13.4399995803833,14235,0.0,0.0,0.0
2024-08-16 03:55:00+00:00,13.4399995803833,13.4399995803833,13.4399995803833,13.4399995803833,13777,0.0,0.0,0.0
2024-08-16 04:00:00+00:00,13.4399995803833,13.4399995803833,13.430000305175781,13.430000305175781,11061,0.0,0.0,0.0
2024-08-16 04:05:00+00:00,13.4399995803833,13.4399995803833,13.430000305175781,13.4399995803833,27131,0.0,0.0,0.0
2024-08-16 04:10:00+00:00,13.4399995803833,13.449999809265137,13.4399995803833,13.4399995803833,62726,0.0,0.0,0.0
2024-08-16 04:15:00+00:00,13.4399995803833,13.449999809265137,13.430000305175781,13.4399995803833,25663,0.0,0.0,0.0
2024-08-16 04:20:00+00:00,13.430000305175781,13.4399995803833,13.430000305175781,13.430000305175781,34182,0.0,0.0,0.0
2024-08-16 04:25:00+00:00,13.430000305175781,13.4399995803833,13.430000305175781,13.4399995803833,67060,0.0,0.0,0.0
2024-08-16 04:30:00+00:00,13.4399995803833,13.4399995803833,13.430000305175781,13.4399995803833,30224,0.0,0.0,0.0
2024-08-16 04:35:00+00:00,13.4399995803833,13.4399995803833,13.420000076293945,13.430000305175781,25554,0.0,0.0,0.0
2024-08-16 04:40:00+00:00,13.430000305175781,13.430000305175781,13.420000076293945,13.430000305175781,26296,0.0,0.0,0.0
2024-08-16 04:45:00+00:00,13.430000305175781,13.430000305175781,13.420000076293945,13.420000076293945,36210,0.0,0.0,0.0
2024-08-16 04:50:00+00:00,13.430000305175781,13.430000305175781,13.420000076293945,13.420000076293945,85020,0.0,0.0,0.0
2024-08-16 04:55:00+00:00,13.420000076293945,13.420000076293945,13.40999984741211,13.40999984741211,39657,0.0,0.0,0.0
2024-08-16 05:00:00+00:00,13.420000076293945,13.420000076293945,13.420000076293945,13.420000076293945,7065,0.0,0.0,0.0
2024-08-16 05:05:00+00:00,13.420000076293945,13.420000076293945,13.40999984741211,13.420000076293945,24162,0.0,0.0,0.0
2024-08-19 01:00:00+00:00,13.430000305175781,13.430000305175781,13.420000076293945,13.420000076293945,0,0.0,0.0,0.0
2024-08-19 01:05:00+00:00,13.420000076293945,13.430000305175781,13.40999984741211,13.430000305175781,481217,0.0,0.0,0.0
2024-08-19 01:10:00+00:00,13.430000305175781,13.470000267028809,13.430000305175781,13.470000267028809,151260,0.0,0.0,0.0
2024-08-19 01:15:00+00:00,13.470000267028809,13.470000267028809,13.449999809265137,13.449999809265137,65380,0.0,0.0,0.0
2024-08-19 01:20:00+00:00,13.460000038146973,13.460000038146973,13.4399995803833,13.449999809265137,101584,0.0,0.0,0.0
2024-08-19 01:25:00+00:00,13.449999809265137,13.449999809265137,13.4399995803833,13.4399995803833,116548,0.0,0.0,0.0
2024-08-19 01:30:00+00:00,13.449999809265137,13.449999809265137,13.430000305175781,13.449999809265137,8598,0.0,0.0,0.0
2024-08-19 01:35:00+00:00,13.4399995803833,13.449999809265137,13.4399995803833,13.4399995803833,33801,0.0,0.0,0.0
2024-08-19 01:40:00+00:00,13.449999809265137,13.449999809265137,13.430000305175781,13.430000305175781,24220,0.0,0.0,0.0
2024-08-19 01:45:00+00:00,13.4399995803833,13.4399995803833,13.420000076293945,13.430000305175781,119816,0.0,0.0,0.0
2024-08-19 01:50:00+00:00,13.420000076293945,13.4399995803833,13.420000076293945,13.4399995803833,58028,0.0,0.0,0.0
2024-08-19 01:55:00+00:00,13.4399995803833,13.449999809265137,13.4399995803833,13.449999809265137,72110,0.0,0.0,0.0
2024-08-19 02:00:00+00:00,13.460000038146973,13.460000038146973,13.4399995803833,13.449999809265137,10062,0.0,0.0,0.0
2024-08-19 02:05:00+00:00,13.449999809265137,13.470000267028809,13.449999809265137,13.470000267028809,88601,0.0,0.0,0.0
2024-08-19 02:10:00+00:00,13.470000267028809,13.470000267028809,13.449999809265137,13.460000038146973,9983,0.0,0.0,0.0
2024-08-19 02:15:00+00:00,13.470000267028809,13.470000267028809,13.449999809265137,13.460000038146973,15493,0.0,0.0,0.0
2024-08-19 02:20:00+00:00,13.460000038146973,13.460000038146973,13.449999809265137,13.449999809265137,16349,0.0,0.0,0.0
2024-08-19 02:25:00+00:00,13.449999809265137,13.460000038146973,13.449999809265137,13.449999809265137,13884,0.0,0.0,0.0
2024-08-19 02:30:00+00:00,13.460000038146973,13.460000038146973,13.449999809265137,13.449999809265137,37221,0.0,0.0,0.0
2024-08-19 02:35:00+00:00,13.460000038146973,13.460000038146973,13.449999809265137,13.449999809265137,80029,0.0,0.0,0.0
2024-08-19 02:40:00+00:00,13.460000038146973,13.460000038146973,13.449999809265137,13.460000038146973,69129,0.0,0.0,0.0
2024-08-19 02:45:00+00:00,13.470000267028809,13.5,13.460000038146973,13.489999771118164,221011,0.0,0.0,0.0
2024-08-19 02:50:00+00:00,13.5,13.5,13.489999771118164,13.489999771118164,55689,0.0,0.0,0.0
2024-08-19 02:55:00+00:00,13.5,13.5,13.489999771118164,13.5,54325,0.0,0.0,0.0
2024-08-19 03:00:00+00:00,13.5,13.5,13.5,13.5,8636,0.0,0.0,0.0
2024-08-19 03:05:00+00:00,13.5,13.5,13.489999771118164,13.489999771118164,69041,0.0,0.0,0.0
2024-08-19 03:10:00+00:00,13.489999771118164,13.520000457763672,13.489999771118164,13.510000228881836,1185405,0.0,0.0,0.0
2024-08-19 03:15:00+00:00,13.520000457763672,13.520000457763672,13.520000457763672,13.520000457763672,40059,0.0,0.0,0.0
2024-08-19 03:20:00+00:00,13.520000457763672,13.520000457763672,13.510000228881836,13.510000228881836,27162,0.0,0.0,0.0
2024-08-19 03:25:00+00:00,13.520000457763672,13.520000457763672,13.510000228881836,13.510000228881836,2025,0.0,0.0,0.0
2024-08-19 03:30:00+00:00,13.510000228881836,13.520000457763672,13.510000228881836,13.520000457763672,18601,0.0,0.0,0.0
2024-08-19 03:35:00+00:00,13.510000228881836,13.520000457763672,13.510000228881836,13.520000457763672,10553,0.0,0.0,0.0
2024-08-19 03:40:00+00:00,13.510000228881836,13.520000457763672,13.5,13.5,33202,0.0,0.0,0.0
2024-08-19 03:45:00+00:00,13.5,13.510000228881836,13.489999771118164,13.489999771118164,89151,0.0,0.0,0.0
2024-08-19 03:50:00+00:00,13.489999771118164,13.5,13.489999771118164,13.5,5728,0.0,0.0,0.0
2024-08-19 03:55:00+00:00,13.489999771118164,13.5,13.489999771118164,13.489999771118164,19549,0.0,0.0,0.0
2024-08-19 04:00:00+00:00,13.489999771118164,13.5,13.479999542236328,13.479999542236328,43175,0.0,0.0,0.0
2024-08-19 04:05:00+00:00,13.479999542236328,13.479999542236328,13.470000267028809,13.470000267028809,53554,0.0,0.0,0.0
2024-08-19 04:10:00+00:00,13.470000267028809,13.470000267028809,13.460000038146973,13.460000038146973,4500,0.0,0.0,0.0
2024-08-19 04:15:00+00:00,13.460000038146973,13.470000267028809,13.460000038146973,13.470000267028809,26038,0.0,0.0,0.0
2024-08-19 04:20:00+00:00,13.470000267028809,13.479999542236328,13.470000267028809,13.470000267028809,42321,0.0,0.0,0.0
2024-08-19 04:25:00+00:00,13.470000267028809,13.479999542236328,13.470000267028809,13.470000267028809,19360,0.0,0.0,0.0
2024-08-19 04:30:00+00:00,13.479999542236328,13.479999542236328,13.460000038146973,13.460000038146973,106855,0.0,0.0,0.0
2024-08-19 04:35:00+00:00,13.449999809265137,13.449999809265137,13.449999809265137,13.449999809265137,155021,0.0,0.0,0.0
2024-08-19 04:40:00+00:00,13.4399995803833,13.449999809265137,13.4399995803833,13.4399995803833,57493,0.0,0.0,0.0
2024-08-19 04:45:00+00:00,13.449999809265137,13.449999809265137,13.430000305175781,13.430000305175781,133452,0.0,0.0,0.0
2024-08-19 04:50:00+00:00,13.430000305175781,13.4399995803833,13.430000305175781,13.430000305175781,28593,0.0,0.0,0.0
2024-08-19 04:55:00+00:00,13.4399995803833,13.4399995803833,13.420000076293945,13.420000076293945,42420,0.0,0.0,0.0
2024-08-19 05:00:00+00:00,13.430000305175781,13.4399995803833,13.430000305175781,13.4399995803833,23335,0.0,0.0,0.0
2024-08-19 05:05:00+00:00,13.4399995803833,13.4399995803833,13.430000305175781,13.4399995803833,18484,0.0,0.0,0.0
2024-08-19 05:10:00+00:00,13.4399995803833,13.449999809265137,13.4399995803833,13.449999809265137,16700,0.0,0.0,0.0
2024-08-20 01:00:00+00:00,13.5,13.550000190734863,13.5,13.539999961853027,0,0.0,0.0,0.0
2024-08-20 01:05:00+00:00,13.539999961853027,13.550000190734863,13.529999732971191,13.529999732971191,158220,0.0,0.0,0.0
2024-08-20 01:10:00+00:00,13.529999732971191,13.550000190734863,13.529999732971191,13.539999961853027,167459,0.0,0.0,0.0
2024-08-20 01:15:00+00:00,13.539999961853027,13.550000190734863,13.529999732971191,13.529999732971191,42428,0.0,0.0,0.0
2024-08-20 01:20:00+00:00,13.529999732971191,13.529999732971191,13.510000228881836,13.520000457763672,104958,0.0,0.0,0.0
2024-08-20 01:25:00+00:00,13.520000457763672,13.529999732971191,13.520000457763672,13.529999732971191,130935,0.0,0.0,0.0
2024-08-20 01:30:00+00:00,13.529999732971191,13.529999732971191,13.5,13.510000228881836,58073,0.0,0.0,0.0
2024-08-20 01:35:00+00:00,13.5,13.510000228881836,13.5,13.510000228881836,41595,0.0,0.0,0.0
2024-08-20 01:40:00+00:00,13.520000457763672,13.529999732971191,13.520000457763672,13.529999732971191,39869,0.0,0.0,0.0
2024-08-20 01:45:00+00:00,13.529999732971191,13.529999732971191,13.520000457763672,13.520000457763672,68236,0.0,0.0,0.0
2024-08-20 01:50:00+00:00,13.510000228881836,13.520000457763672,13.510000228881836,13.510000228881836,21913,0.0,0.0,0.0
2024-08-20 01:55:00+00:00,13.510000228881836,13.520000457763672,13.5,13.510000228881836,32470,0.0,0.0,0.0
2024-08-20 02:00:00+00:00,13.510000228881836,13.510000228881836,13.5,13.5,69358,0.0,0.0,0.0
2024-08-20 02:05:00+00:00,13.5,13.510000228881836,13.489999771118164,13.5,60325,0.0,0.0,0.0
2024-08-20 02:10:00+00:00,13.510000228881836,13.520000457763672,13.510000228881836,13.510000228881836,29262,0.0,0.0,0.0
2024-08-20 02:15:00+00:00,13.510000228881836,13.510000228881836,13.510000228881836,13.510000228881836,60131,0.0,0.0,0.0
2024-08-20 02:20:00+00:00,13.510000228881836,13.510000228881836,13.489999771118164,13.489999771118164,97022,0.0,0.0,0.0
2024-08-20 02:25:00+00:00,13.479999542236328,13.5,13.479999542236328,13.5,69052,0.0,0.0,0.0
2024-08-20 02:30:00+00:00,13.5,13.5,13.489999771118164,13.5,22145,0.0,0.0,0.0
2024-08-20 02:35:00+00:00,13.5,13.5,13.5,13.5,8021,0.0,0.0,0.0
2024-08-20 02:40:00+00:00,13.5,13.5,13.489999771118164,13.489999771118164,98162,0.0,0.0,0.0
2024-08-20 02:45:00+00:00,13.489999771118164,13.489999771118164,13.489999771118164,13.489999771118164,4320,0.0,0.0,0.0
2024-08-20 02:50:00+00:00,13.489999771118164,13.5,13.489999771118164,13.5,4742,0.0,0.0,0.0
2024-08-20 02:55:00+00:00,13.489999771118164,13.489999771118164,13.489999771118164,13.489999771118164,10167,0.0,0.0,0.0
2024-08-20 03:00:00+00:00,13.5,13.5,13.489999771118164,13.5,9792,0.0,0.0,0.0
2024-08-20 03:05:00+00:00,13.5,13.5,13.489999771118164,13.5,8010,0.0,0.0,0.0
2024-08-20 03:10:00+00:00,13.489999771118164,13.5,13.489999771118164,13.5,28281,0.0,0.0,0.0
2024-08-20 03:15:00+00:00,13.489999771118164,13.5,13.489999771118164,13.5,19201,0.0,0.0,0.0
2024-08-20 03:20:00+00:00,13.5,13.5,13.489999771118164,13.489999771118164,73521,0.0,0.0,0.0
2024-08-20 03:25:00+00:00,13.479999542236328,13.479999542236328,13.479999542236328,13.479999542236328,26579,0.0,0.0,0.0
2024-08-20 03:30:00+00:00,13.479999542236328,13.489999771118164,13.479999542236328,13.479999542236328,77165,0.0,0.0,0.0
2024-08-20 03:35:00+00:00,13.479999542236328,13.479999542236328,13.470000267028809,13.479999542236328,5730,0.0,0.0,0.0
2024-08-20 03:40:00+00:00,13.479999542236328,13.479999542236328,13.479999542236328,13.479999542236328,4021,0.0,0.0,0.0
2024-08-20 03:45:00+00:00,13.470000267028809,13.479999542236328,13.470000267028809,13.470000267028809,50010,0.0,0.0,0.0
2024-08-20 03:50:00+00:00,13.479999542236328,13.479999542236328,13.479999542236328,13.479999542236328,2161,0.0,0.0,0.0
2024-08-20 03:55:00+00:00,13.470000267028809,13.479999542236328,13.470000267028809,13.470000267028809,33510,0.0,0.0,0.0
2024-08-20 04:00:00+00:00,13.470000267028809,13.470000267028809,13.430000305175781,13.4399995803833,1105103,0.0,0.0,0.0
2024-08-20 04:05:00+00:00,13.4399995803833,13.449999809265137,13.430000305175781,13.449999809265137,91196,0.0,0.0,0.0
2024-08-20 04:10:00+00:00,13.449999809265137,13.449999809265137,13.4399995803833,13.449999809265137,66039,0.0,0.0,0.0
2024-08-20 04:15:00+00:00,13.460000038146973,13.460000038146973,13.449999809265137,13.460000038146973,124046,0.0,0.0,0.0
2024-08-20 04:20:00+00:00,13.470000267028809,13.470000267028809,13.470000267028809,13.470000267028809,16114,0.0,0.0,0.0
2024-08-20 04:25:00+00:00,13.470000267028809,13.470000267028809,13.470000267028809,13.470000267028809,20021,0.0,0.0,0.0
2024-08-20 04:30:00+00:00,13.479999542236328,13.479999542236328,13.470000267028809,13.479999542236328,72003,0.0,0.0,0.0
2024-08-20 04:35:00+00:00,13.479999542236328,13.479999542236328,13.479999542236328,13.479999542236328,4520,0.0,0.0,0.0
2024-08-20 04:40:00+00:00,13.470000267028809,13.470000267028809,13.460000038146973,13.460000038146973,2810,0.0,0.0,0.0
2024-08-20 04:45:00+00:00,13.460000038146973,13.460000038146973,13.449999809265137,13.449999809265137,38720,0.0,0.0,0.0
2024-08-20 04:50:00+00:00,13.449999809265137,13.470000267028809,13.449999809265137,13.470000267028809,42090,0.0,0.0,0.0
2024-08-20 04:55:00+00:00,13.470000267028809,13.470000267028809,13.460000038146973,13.460000038146973,6617,0.0,0.0,0.0
2024-08-20 05:00:00+00:00,13.460000038146973,13.460000038146973,13.449999809265137,13.449999809265137,201203,0.0,0.0,0.0
2024-08-20 05:05:00+00:00,13.4399995803833,13.4399995803833,13.430000305175781,13.430000305175781,101651,0.0,0.0,0.0
2024-08-20 05:10:00+00:00,13.430000305175781,13.4399995803833,13.430000305175781,13.4399995803833,65283,0.0,0.0,0.0
2024-08-21 01:00:00+00:00,13.399999618530273,13.40999984741211,13.359999656677246,13.369999885559082,0,0.0,0.0,0.0
2024-08-21 01:05:00+00:00,13.369999885559082,13.369999885559082,13.329999923706055,13.34000015258789,164964,0.0,0.0,0.0
2024-08-21 01:10:00+00:00,13.34000015258789,13.390000343322754,13.34000015258789,13.390000343322754,110361,0.0,0.0,0.0
2024-08-21 01:15:00+00:00,13.390000343322754,13.390000343322754,13.369999885559082,13.380000114440918,49766,0.0,0.0,0.0
2024-08-21 01:20:00+00:00,13.380000114440918,13.380000114440918,13.359999656677246,13.359999656677246,71042,0.0,0.0,0.0
2024-08-21 01:25:00+00:00,13.350000381469727,13.369999885559082,13.350000381469727,13.369999885559082,135259,0.0,0.0,0.0
2024-08-21 01:30:00+00:00,13.369999885559082,13.369999885559082,13.350000381469727,13.359999656677246,330134,0.0,0.0,0.0
2024-08-21 01:35:00+00:00,13.369999885559082,13.390000343322754,13.359999656677246,13.390000343322754,167777,0.0,0.0,0.0
2024-08-21 01:40:00+00:00,13.390000343322754,13.399999618530273,13.380000114440918,13.390000343322754,52052,0.0,0.0,0.0
2024-08-21 01:45:00+00:00,13.390000343322754,13.399999618530273,13.390000343322754,13.390000343322754,22027,0.0,0.0,0.0
2024-08-21 01:50:00+00:00,13.399999618530273,13.399999618530273,13.380000114440918,13.390000343322754,50711,0.0,0.0,0.0
2024-08-21 01:55:00+00:00,13.380000114440918,13.390000343322754,13.380000114440918,13.380000114440918,125526,0.0,0.0,0.0
2024-08-21 02:00:00+00:00,13.380000114440918,13.380000114440918,13.369999885559082,13.369999885559082,31358,0.0,0.0,0.0
2024-08-21 02:05:00+00:00,13.380000114440918,13.380000114440918,13.369999885559082,13.369999885559082,18360,0.0,0.0,0.0
2024-08-21 02:10:00+00:00,13.369999885559082,13.380000114440918,13.369999885559082,13.369999885559082,43469,0.0,0.0,0.0
2024-08-21 02:15:00+00:00,13.369999885559082,13.369999885559082,13.359999656677246,13.359999656677246,19042,0.0,0.0,0.0
2024-08-21 02:20:00+00:00,13.369999885559082,13.369999885559082,13.369999885559082,13.369999885559082,3744,0.0,0.0,0.0
2024-08-21 02:25:00+00:00,13.369999885559082,13.369999885559082,13.359999656677246,13.359999656677246,18626,0.0,0.0,0.0
2024-08-21 02:30:00+00:00,13.359999656677246,13.380000114440918,13.359999656677246,13.380000114440918,224133,0.0,0.0,0.0
2024-08-21 02:35:00+00:00,13.380000114440918,13.380000114440918,13.369999885559082,13.380000114440918,43521,0.0,0.0,0.0
2024-08-21 02:40:00+00:00,13.380000114440918,13.380000114440918,13.369999885559082,13.369999885559082,6322,0.0,0.0,0.0
2024-08-21 02:45:00+00:00,13.369999885559082,13.369999885559082,13.369999885559082,13.369999885559082,87738,0.0,0.0,0.0
2024-08-21 02:50:00+00:00,13.359999656677246,13.369999885559082,13.359999656677246,13.369999885559082,57591,0.0,0.0,0.0
2024-08-21 02:55:00+00:00,13.369999885559082,13.369999885559082,13.369999885559082,13.369999885559082,4111,0.0,0.0,0.0
2024-08-21 03:00:00+00:00,13.359999656677246,13.359999656677246,13.350000381469727,13.359999656677246,324278,0.0,0.0,0.0
2024-08-21 03:05:00+00:00,13.359999656677246,13.359999656677246,13.350000381469727,13.359999656677246,75170,0.0,0.0,0.0
2024-08-21 03:10:00+00:00,13.359999656677246,13.359999656677246,13.350000381469727,13.350000381469727,27644,0.0,0.0,0.0
2024-08-21 03:15:00+00:00,13.350000381469727,13.350000381469727,13.350000381469727,13.350000381469727,28181,0.0,0.0,0.0
2024-08-21 03:20:00+00:00,13.350000381469727,13.359999656677246,13.350000381469727,13.359999656677246,22032,0.0,0.0,0.0
2024-08-21 03:25:00+00:00,13.359999656677246,13.359999656677246,13.359999656677246,13.359999656677246,5313,0.0,0.0,0.0
2024-08-21 03:30:00+00:00,13.359999656677246,13.359999656677246,13.359999656677246,13.359999656677246,11528,0.0,0.0,0.0
2024-08-21 03:35:00+00:00,13.350000381469727,13.350000381469727,13.350000381469727,13.350000381469727,69121,0.0,0.0,0.0
2024-08-21 03:40:00+00:00,13.350000381469727,13.359999656677246,13.350000381469727,13.359999656677246,15487,0.0,0.0,0.0
2024-08-21 03:45:00+00:00,13.350000381469727,13.350000381469727,13.350000381469727,13.350000381469727,33372,0.0,0.0,0.0
2024-08-21 03:50:00+00:00,13.350000381469727,13.359999656677246,13.350000381469727,13.359999656677246,249129,0.0,0.0,0.0
2024-08-21 03:55:00+00:00,13.350000381469727,13.350000381469727,13.350000381469727,13.350000381469727,3200,0.0,0.0,0.0
2024-08-21 04:00:00+00:00,13.350000381469727,13.350000381469727,13.34000015258789,13.34000015258789,174109,0.0,0.0,0.0
2024-08-21 04:05:00+00:00,13.34000015258789,13.350000381469727,13.34000015258789,13.350000381469727,59912,0.0,0.0,0.0
2024-08-21 04:10:00+00:00,13.34000015258789,13.350000381469727,13.34000015258789,13.350000381469727,39690,0.0,0.0,0.0
2024-08-21 04:15:00+00:00,13.34000015258789,13.350000381469727,13.34000015258789,13.350000381469727,29581,0.0,0.0,0.0
2024-08-21 04:20:00+00:00,13.350000381469727,13.350000381469727,13.34000015258789,13.34000015258789,83122,0.0,0.0,0.0
2024-08-21 04:25:00+00:00,13.34000015258789,13.350000381469727,13.34000015258789,13.350000381469727,51396,0.0,0.0,0.0
2024-08-21 04:30:00+00:00,13.350000381469727,13.350000381469727,13.350000381469727,13.350000381469727,10921,0.0,0.0,0.0
2024-08-21 04:35:00+00:00,13.34000015258789,13.350000381469727,13.34000015258789,13.34000015258789,67546,0.0,0.0,0.0
2024-08-21 04:40:00+00:00,13.34000015258789,13.34000015258789,13.329999923706055,13.34000015258789,61690,0.0,0.0,0.0
2024-08-21 04:45:00+00:00,13.329999923706055,13.34000015258789,13.319999694824219,13.34000015258789,263542,0.0,0.0,0.0
2024-08-21 04:50:00+00:00,13.34000015258789,13.34000015258789,13.319999694824219,13.319999694824219,70894,0.0,0.0,0.0
2024-08-21 04:55:00+00:00,13.319999694824219,13.319999694824219,13.3100004196167,13.3100004196167,74009,0.0,0.0,0.0
2024-08-21 05:00:00+00:00,13.319999694824219,13.319999694824219,13.3100004196167,13.3100004196167,94194,0.0,0.0,0.0
2024-08-21 05:05:00+00:00,13.3100004196167,13.3100004196167,13.300000190734863,13.300000190734863,785853,0.0,0.0,0.0
2024-08-21 05:10:00+00:00,13.3100004196167,13.319999694824219,13.300000190734863,13.319999694824219,27089,0.0,0.0,0.0
2024-08-22 01:00:00+00:00,13.329999923706055,13.369999885559082,13.329999923706055,13.369999885559082,0,0.0,0.0,0.0
2024-08-22 01:05:00+00:00,13.369999885559082,13.369999885559082,13.34000015258789,13.34000015258789,44741,0.0,0.0,0.0
2024-08-22 01:10:00+00:00,13.359999656677246,13.359999656677246,13.329999923706055,13.34000015258789,22587,0.0,0.0,0.0
2024-08-22 01:15:00+00:00,13.329999923706055,13.329999923706055,13.300000190734863,13.300000190734863,243441,0.0,0.0,0.0
2024-08-22 01:20:00+00:00,13.3100004196167,13.319999694824219,13.300000190734863,13.319999694824219,96213,0.0,0.0,0.0
2024-08-22 01:25:00+00:00,13.329999923706055,13.329999923706055,13.319999694824219,13.319999694824219,12757,0.0,0.0,0.0
2024-08-22 01:30:00+00:00,13.329999923706055,13.329999923706055,13.3100004196167,13.3100004196167,113160,0.0,0.0,0.0
2024-08-22 01:35:00+00:00,13.3100004196167,13.3100004196167,13.300000190734863,13.300000190734863,138588,0.0,0.0,0.0
2024-08-22 01:40:00+00:00,13.300000190734863,13.300000190734863,13.279999732971191,13.289999961853027,97608,0.0,0.0,0.0
2024-08-22 01:45:00+00:00,13.279999732971191,13.279999732971191,13.279999732971191,13.279999732971191,20472,0.0,0.0,0.0
2024-08-22 01:50:00+00:00,13.289999961853027,13.3100004196167,13.289999961853027,13.3100004196167,39021,0.0,0.0,0.0
2024-08-22 01:55:00+00:00,13.319999694824219,13.319999694824219,13.3100004196167,13.3100004196167,7521,0.0,0.0,0.0
2024-08-22 02:00:00+00:00,13.3100004196167,13.3100004196167,13.279999732971191,13.279999732971191,58811,0.0,0.0,0.0
2024-08-22 02:05:00+00:00,13.279999732971191,13.279999732971191,13.279999732971191,13.279999732971191,18771,0.0,0.0,0.0
2024-08-22 02:10:00+00:00,13.279999732971191,13.279999732971191,13.260000228881836,13.260000228881836,192540,0.0,0.0,0.0
2024-08-22 02:15:00+00:00,13.260000228881836,13.260000228881836,13.25,13.25,169430,0.0,0.0,0.0
2024-08-22 02:20:00+00:00,13.25,13.25,13.239999771118164,13.239999771118164,27821,0.0,0.0,0.0
2024-08-22 02:25:00+00:00,13.25,13.260000228881836,13.239999771118164,13.25,85283,0.0,0.0,0.0
2024-08-22 02:30:00+00:00,13.25,13.260000228881836,13.239999771118164,13.260000228881836,18491,0.0,0.0,0.0
2024-08-22 02:35:00+00:00,13.260000228881836,13.260000228881836,13.25,13.25,53300,0.0,0.0,0.0
2024-08-22 02:40:00+00:00,13.25,13.25,13.239999771118164,13.239999771118164,29487,0.0,0.0,0.0
2024-08-22 02:45:00+00:00,13.25,13.25,13.239999771118164,13.25,35810,0.0,0.0,0.0
2024-08-22 02:50:00+00:00,13.239999771118164,13.25,13.239999771118164,13.25,16542,0.0,0.0,0.0
2024-08-22 02:55:00+00:00,13.25,13.25,13.25,13.25,23526,0.0,0.0,0.0
2024-08-22 03:00:00+00:00,13.25,13.260000228881836,13.25,13.260000228881836,108905,0.0,0.0,0.0
2024-08-22 03:05:00+00:00,13.279999732971191,13.279999732971191,13.270000457763672,13.270000457763672,14208,0.0,0.0,0.0
2024-08-22 03:10:00+00:00,13.270000457763672,13.270000457763672,13.260000228881836,13.270000457763672,22556,0.0,0.0,0.0
2024-08-22 03:15:00+00:00,13.270000457763672,13.270000457763672,13.270000457763672,13.270000457763672,8881,0.0,0.0,0.0
2024-08-22 03:20:00+00:00,13.270000457763672,13.270000457763672,13.260000228881836,13.260000228881836,14256,0.0,0.0,0.0
2024-08-22 03:25:00+00:00,13.260000228881836,13.270000457763672,13.260000228881836,13.260000228881836,9034,0.0,0.0,0.0
2024-08-22 03:30:00+00:00,13.260000228881836,13.270000457763672,13.260000228881836,13.270000457763672,8285,0.0,0.0,0.0
2024-08-22 03:35:00+00:00,13.270000457763672,13.270000457763672,13.260000228881836,13.260000228881836,16232,0.0,0.0,0.0
2024-08-22 03:40:00+00:00,13.260000228881836,13.270000457763672,13.260000228881836,13.260000228881836,15010,0.0,0.0,0.0
2024-08-22 03:45:00+00:00,13.260000228881836,13.270000457763672,13.260000228881836,13.260000228881836,78111,0.0,0.0,0.0
2024-08-22 03:50:00+00:00,13.260000228881836,13.260000228881836,13.25,13.25,12171,0.0,0.0,0.0
2024-08-22 03:55:00+00:00,13.260000228881836,13.260000228881836,13.260000228881836,13.260000228881836,10021,0.0,0.0,0.0
2024-08-22 04:00:00+00:00,13.260000228881836,13.260000228881836,13.25,13.25,10356,0.0,0.0,0.0
2024-08-22 04:05:00+00:00,13.25,13.260000228881836,13.25,13.260000228881836,23310,0.0,0.0,0.0
2024-08-22 04:10:00+00:00,13.25,13.260000228881836,13.25,13.260000228881836,11211,0.0,0.0,0.0
2024-08-22 04:15:00+00:00,13.260000228881836,13.260000228881836,13.260000228881836,13.260000228881836,11821,0.0,0.0,0.0
2024-08-22 04:20:00+00:00,13.25,13.260000228881836,13.25,13.260000228881836,13281,0.0,0.0,0.0
2024-08-22 04:25:00+00:00,13.25,13.25,13.239999771118164,13.25,191661,0.0,0.0,0.0
2024-08-22 04:30:00+00:00,13.25,13.25,13.239999771118164,13.239999771118164,187998,0.0,0.0,0.0
2024-08-22 04:35:00+00:00,13.239999771118164,13.260000228881836,13.239999771118164,13.260000228881836,18510,0.0,0.0,0.0
2024-08-22 04:40:00+00:00,13.260000228881836,13.260000228881836,13.239999771118164,13.260000228881836,23150,0.0,0.0,0.0
2024-08-22 04:45:00+00:00,13.260000228881836,13.260000228881836,13.25,13.260000228881836,20259,0.0,0.0,0.0
2024-08-22 04:50:00+00:00,13.260000228881836,13.260000228881836,13.25,13.25,8499,0.0,0.0,0.0
2024-08-22 04:55:00+00:00,13.260000228881836,13.260000228881836,13.260000228881836,13.260000228881836,6510,0.0,0.0,0.0
2024-08-22 05:00:00+00:00,13.260000228881836,13.260000228881836,13.260000228881836,13.260000228881836,11061,0.0,0.0,0.0
2024-08-22 05:05:00+00:00,13.260000228881836,13.260000228881836,13.260000228881836,13.260000228881836,47185,0.0,0.0,0.0
2024-08-22 05:10:00+00:00,13.260000228881836,13.260000228881836,13.25,13.25,6300,0.0,0.0,0.0
2024-08-23 01:00:00+00:00,13.199999809265137,13.199999809265137,13.130000114440918,13.170000076293945,0,0.0,0.0,0.0
2024-08-23 01:05:00+00:00,13.180000305175781,13.1899995803833,13.170000076293945,13.1899995803833,66046,0.0,0.0,0.0
2024-08-23 01:10:00+00:00,13.199999809265137,13.199999809265137,13.180000305175781,13.180000305175781,97346,0.0,0.0,0.0
2024-08-23 01:15:00+00:00,13.170000076293945,13.170000076293945,13.15999984741211,13.170000076293945,62965,0.0,0.0,0.0
2024-08-23 01:20:00+00:00,13.170000076293945,13.1899995803833,13.170000076293945,13.170000076293945,46231,0.0,0.0,0.0
2024-08-23 01:25:00+00:00,13.170000076293945,13.170000076293945,13.15999984741211,13.15999984741211,91847,0.0,0.0,0.0
2024-08-23 01:30:00+00:00,13.170000076293945,13.180000305175781,13.170000076293945,13.170000076293945,358946,0.0,0.0,0.0
2024-08-23 01:35:00+00:00,13.170000076293945,13.180000305175781,13.170000076293945,13.180000305175781,51165,0.0,0.0,0.0
2024-08-23 01:40:00+00:00,13.180000305175781,13.180000305175781,13.170000076293945,13.170000076293945,16567,0.0,0.0,0.0
2024-08-23 01:45:00+00:00,13.170000076293945,13.180000305175781,13.170000076293945,13.170000076293945,18943,0.0,0.0,0.0
2024-08-23 01:50:00+00:00,13.170000076293945,13.170000076293945,13.149999618530273,13.149999618530273,208496,0.0,0.0,0.0
2024-08-23 01:55:00+00:00,13.15999984741211,13.15999984741211,13.149999618530273,13.149999618530273,57300,0.0,0.0,0.0
2024-08-23 02:00:00+00:00,13.15999984741211,13.15999984741211,13.149999618530273,13.15999984741211,52409,0.0,0.0,0.0
2024-08-23 02:05:00+00:00,13.15999984741211,13.15999984741211,13.15999984741211,13.15999984741211,25503,0.0,0.0,0.0
2024-08-23 02:10:00+00:00,13.170000076293945,13.180000305175781,13.170000076293945,13.180000305175781,76114,0.0,0.0,0.0
2024-08-23 02:15:00+00:00,13.1899995803833,13.1899995803833,13.1899995803833,13.1899995803833,20180,0.0,0.0,0.0
2024-08-23 02:20:00+00:00,13.180000305175781,13.1899995803833,13.180000305175781,13.1899995803833,7369,0.0,0.0,0.0
2024-08-23 02:25:00+00:00,13.1899995803833,13.1899995803833,13.170000076293945,13.180000305175781,27947,0.0,0.0,0.0
2024-08-23 02:30:00+00:00,13.180000305175781,13.180000305175781,13.15999984741211,13.15999984741211,66283,0.0,0.0,0.0
2024-08-23 02:35:00+00:00,13.170000076293945,13.170000076293945,13.170000076293945,13.170000076293945,22267,0.0,0.0,0.0
2024-08-23 02:40:00+00:00,13.170000076293945,13.180000305175781,13.170000076293945,13.180000305175781,10503,0.0,0.0,0.0
2024-08-23 02:45:00+00:00,13.180000305175781,13.180000305175781,13.180000305175781,13.180000305175781,10032,0.0,0.0,0.0
2024-08-23 02:50:00+00:00,13.180000305175781,13.180000305175781,13.170000076293945,13.180000305175781,14113,0.0,0.0,0.0
2024-08-23 02:55:00+00:00,13.170000076293945,13.170000076293945,13.170000076293945,13.170000076293945,1013,0.0,0.0,0.0
2024-08-23 03:00:00+00:00,13.180000305175781,13.180000305175781,13.170000076293945,13.180000305175781,16134,0.0,0.0,0.0
2024-08-23 03:05:00+00:00,13.180000305175781,13.180000305175781,13.170000076293945,13.180000305175781,32166,0.0,0.0,0.0
2024-08-23 03:10:00+00:00,13.180000305175781,13.180000305175781,13.170000076293945,13.170000076293945,96023,0.0,0.0,0.0
2024-08-23 03:15:00+00:00,13.1899995803833,13.1899995803833,13.170000076293945,13.1899995803833,13224,0.0,0.0,0.0
2024-08-23 03:20:00+00:00,13.1899995803833,13.1899995803833,13.1899995803833,13.1899995803833,7737,0.0,0.0,0.0
2024-08-23 03:25:00+00:00,13.199999809265137,13.199999809265137,13.199999809265137,13.199999809265137,1000,0.0,0.0,0.0
2024-08-23 03:30:00+00:00,13.199999809265137,13.199999809265137,13.1899995803833,13.1899995803833,23448,0.0,0.0,0.0
2024-08-23 03:40:00+00:00,13.199999809265137,13.210000038146973,13.199999809265137,13.210000038146973,177227,0.0,0.0,0.0
2024-08-23 03:45:00+00:00,13.210000038146973,13.220000267028809,13.210000038146973,13.210000038146973,8386,0.0,0.0,0.0
2024-08-23 03:50:00+00:00,13.210000038146973,13.239999771118164,13.210000038146973,13.239999771118164,12236,0.0,0.0,0.0
2024-08-23 03:55:00+00:00,13.239999771118164,13.239999771118164,13.239999771118164,13.239999771118164,6426,0.0,0.0,0.0
2024-08-23 04:00:00+00:00,13.239999771118164,13.260000228881836,13.239999771118164,13.260000228881836,18161,0.0,0.0,0.0
2024-08-23 04:05:00+00:00,13.270000457763672,13.279999732971191,13.270000457763672,13.279999732971191,22783,0.0,0.0,0.0
2024-08-23 04:10:00+00:00,13.279999732971191,13.279999732971191,13.270000457763672,13.279999732971191,50373,0.0,0.0,0.0
2024-08-23 04:15:00+00:00,13.270000457763672,13.270000457763672,13.25,13.260000228881836,16475,0.0,0.0,0.0
2024-08-23 04:25:00+00:00,13.260000228881836,13.260000228881836,13.25,13.25,9000,0.0,0.0,0.0
2024-08-23 04:30:00+00:00,13.260000228881836,13.260000228881836,13.239999771118164,13.239999771118164,57197,0.0,0.0,0.0
2024-08-23 04:35:00+00:00,13.25,13.25,13.239999771118164,13.25,23160,0.0,0.0,0.0
2024-08-23 04:40:00+00:00,13.25,13.260000228881836,13.25,13.260000228881836,5212,0.0,0.0,0.0
2024-08-23 04:45:00+00:00,13.260000228881836,13.279999732971191,13.260000228881836,13.279999732971191,138890,0.0,0.0,0.0
2024-08-23 04:50:00+00:00,13.279999732971191,13.289999961853027,13.270000457763672,13.289999961853027,5052,0.0,0.0,0.0
2024-08-23 04:55:00+00:00,13.289999961853027,13.289999961853027,13.279999732971191,13.279999732971191,14010,0.0,0.0,0.0
2024-08-23 05:00:00+00:00,13.279999732971191,13.289999961853027,13.279999732971191,13.289999961853027,44783,0.0,0.0,0.0
2024-08-23 05:05:00+00:00,13.289999961853027,13.289999961853027,13.279999732971191,13.279999732971191,12680,0.0,0.0,0.0
2024-08-23 05:10:00+00:00,13.279999732971191,13.289999961853027,13.279999732971191,13.289999961853027,115996,0.0,0.0,0.0
2024-08-26 01:00:00+00:00,13.390000343322754,13.420000076293945,13.380000114440918,13.390000343322754,0,0.0,0.0,0.0
2024-08-26 01:05:00+00:00,13.390000343322754,13.430000305175781,13.390000343322754,13.430000305175781,93988,0.0,0.0,0.0
2024-08-26 01:10:00+00:00,13.430000305175781,13.449999809265137,13.430000305175781,13.449999809265137,37173,0.0,0.0,0.0
2024-08-26 01:15:00+00:00,13.449999809265137,13.449999809265137,13.4399995803833,13.449999809265137,55792,0.0,0.0,0.0
2024-08-26 01:20:00+00:00,13.449999809265137,13.449999809265137,13.4399995803833,13.449999809265137,45558,0.0,0.0,0.0
2024-08-26 01:25:00+00:00,13.460000038146973,13.460000038146973,13.449999809265137,13.460000038146973,36449,0.0,0.0,0.0
2024-08-26 01:30:00+00:00,13.460000038146973,13.460000038146973,13.4399995803833,13.449999809265137,71429,0.0,0.0,0.0
2024-08-26 01:35:00+00:00,13.4399995803833,13.449999809265137,13.4399995803833,13.4399995803833,31086,0.0,0.0,0.0
2024-08-26 01:40:00+00:00,13.430000305175781,13.4399995803833,13.430000305175781,13.4399995803833,33383,0.0,0.0,0.0
2024-08-26 01:45:00+00:00,13.430000305175781,13.4399995803833,13.399999618530273,13.399999618530273,36719,0.0,0.0,0.0
2024-08-26 01:50:00+00:00,13.399999618530273,13.420000076293945,13.399999618530273,13.420000076293945,17087,0.0,0.0,0.0
2024-08-26 01:55:00+00:00,13.430000305175781,13.430000305175781,13.40999984741211,13.430000305175781,27745,0.0,0.0,0.0
2024-08-26 02:00:00+00:00,13.430000305175781,13.430000305175781,13.40999984741211,13.420000076293945,43847,0.0,0.0,0.0
2024-08-26 02:05:00+00:00,13.420000076293945,13.420000076293945,13.40999984741211,13.40999984741211,12024,0.0,0.0,0.0
2024-08-26 02:10:00+00:00,13.420000076293945,13.420000076293945,13.420000076293945,13.420000076293945,6195,0.0,0.0,0.0
2024-08-26 02:15:00+00:00,13.420000076293945,13.420000076293945,13.399999618530273,13.399999618530273,46151,0.0,0.0,0.0
2024-08-26 02:20:00+00:00,13.420000076293945,13.420000076293945,13.40999984741211,13.40999984741211,14584,0.0,0.0,0.0
2024-08-26 02:25:00+00:00,13.40999984741211,13.40999984741211,13.399999618530273,13.40999984741211,23224,0.0,0.0,0.0
2024-08-26 02:30:00+00:00,13.40999984741211,13.40999984741211,13.399999618530273,13.399999618530273,66223,0.0,0.0,0.0
2024-08-26 02:35:00+00:00,13.399999618530273,13.399999618530273,13.399999618530273,13.399999618530273,21653,0.0,0.0,0.0
2024-08-26 02:40:00+00:00,13.390000343322754,13.399999618530273,13.390000343322754,13.399999618530273,13209,0.0,0.0,0.0
2024-08-26 02:45:00+00:00,13.399999618530273,13.399999618530273,13.369999885559082,13.369999885559082,135970,0.0,0.0,0.0
2024-08-26 02:50:00+00:00,13.359999656677246,13.369999885559082,13.359999656677246,13.369999885559082,8033,0.0,0.0,0.0
2024-08-26 02:55:00+00:00,13.369999885559082,13.369999885559082,13.350000381469727,13.350000381469727,27242,0.0,0.0,0.0
2024-08-26 03:00:00+00:00,13.359999656677246,13.369999885559082,13.359999656677246,13.369999885559082,17333,0.0,0.0,0.0
2024-08-26 03:05:00+00:00,13.369999885559082,13.380000114440918,13.369999885559082,13.380000114440918,8324,0.0,0.0,0.0
2024-08-26 03:10:00+00:00,13.369999885559082,13.369999885559082,13.359999656677246,13.359999656677246,15649,0.0,0.0,0.0
2024-08-26 03:15:00+00:00,13.359999656677246,13.369999885559082,13.350000381469727,13.359999656677246,23042,0.0,0.0,0.0
2024-08-26 03:20:00+00:00,13.359999656677246,13.369999885559082,13.359999656677246,13.369999885559082,16241,0.0,0.0,0.0
2024-08-26 03:25:00+00:00,13.380000114440918,13.380000114440918,13.359999656677246,13.369999885559082,15423,0.0,0.0,0.0
2024-08-26 03:30:00+00:00,13.369999885559082,13.369999885559082,13.359999656677246,13.369999885559082,22088,0.0,0.0,0.0
2024-08-26 03:35:00+00:00,13.369999885559082,13.369999885559082,13.369999885559082,13.369999885559082,19524,0.0,0.0,0.0
2024-08-26 03:40:00+00:00,13.350000381469727,13.359999656677246,13.350000381469727,13.359999656677246,17825,0.0,0.0,0.0
2024-08-26 03:45:00+00:00,13.350000381469727,13.350000381469727,13.34000015258789,13.34000015258789,26661,0.0,0.0,0.0
2024-08-26 03:50:00+00:00,13.329999923706055,13.34000015258789,13.319999694824219,13.319999694824219,128215,0.0,0.0,0.0
2024-08-26 03:55:00+00:00,13.319999694824219,13.34000015258789,13.319999694824219,13.329999923706055,6134,0.0,0.0,0.0
2024-08-26 04:00:00+00:00,13.329999923706055,13.329999923706055,13.3100004196167,13.319999694824219,31269,0.0,0.0,0.0
2024-08-26 04:05:00+00:00,13.3100004196167,13.319999694824219,13.3100004196167,13.319999694824219,26349,0.0,0.0,0.0
2024-08-26 04:10:00+00:00,13.3100004196167,13.319999694824219,13.3100004196167,13.319999694824219,5075,0.0,0.0,0.0
2024-08-26 04:15:00+00:00,13.329999923706055,13.329999923706055,13.329999923706055,13.329999923706055,2516,0.0,0.0,0.0
2024-08-26 04:20:00+00:00,13.329999923706055,13.329999923706055,13.319999694824219,13.329999923706055,61455,0.0,0.0,0.0
2024-08-26 04:25:00+00:00,13.329999923706055,13.34000015258789,13.329999923706055,13.34000015258789,10146,0.0,0.0,0.0
2024-08-26 04:30:00+00:00,13.34000015258789,13.34000015258789,13.329999923706055,13.34000015258789,15032,0.0,0.0,0.0
2024-08-26 04:35:00+00:00,13.34000015258789,13.34000015258789,13.329999923706055,13.34000015258789,20310,0.0,0.0,0.0
2024-08-26 04:40:00+00:00,13.34000015258789,13.34000015258789,13.329999923706055,13.329999923706055,8010,0.0,0.0,0.0
2024-08-26 04:45:00+00:00,13.329999923706055,13.329999923706055,13.319999694824219,13.319999694824219,21066,0.0,0.0,0.0
2024-08-26 04:50:00+00:00,13.329999923706055,13.329999923706055,13.319999694824219,13.319999694824219,33260,0.0,0.0,0.0
2024-08-26 04:55:00+00:00,13.319999694824219,13.319999694824219,13.3100004196167,13.3100004196167,49319,0.0,0.0,0.0
2024-08-26 05:00:00+00:00,13.3100004196167,13.3100004196167,13.3100004196167,13.3100004196167,16705,0.0,0.0,0.0
2024-08-26 05:05:00+00:00,13.3100004196167,13.3100004196167,13.300000190734863,13.300000190734863,112787,0.0,0.0,0.0
2024-08-26 05:10:00+00:00,13.300000190734863,13.300000190734863,13.300000190734863,13.300000190734863,11492,0.0,0.0,0.0
2024-08-27 01:00:00+00:00,13.270000457763672,13.270000457763672,13.210000038146973,13.220000267028809,0,0.0,0.0,0.0
2024-08-27 01:05:00+00:00,13.25,13.260000228881836,13.229999542236328,13.229999542236328,26000,0.0,0.0,0.0
2024-08-27 01:10:00+00:00,13.239999771118164,13.239999771118164,13.229999542236328,13.229999542236328,53002,0.0,0.0,0.0
2024-08-27 01:15:00+00:00,13.220000267028809,13.239999771118164,13.220000267028809,13.239999771118164,15589,0.0,0.0,0.0
2024-08-27 01:20:00+00:00,13.239999771118164,13.239999771118164,13.229999542236328,13.229999542236328,25572,0.0,0.0,0.0
2024-08-27 01:25:00+00:00,13.229999542236328,13.239999771118164,13.229999542236328,13.239999771118164,13384,0.0,0.0,0.0
2024-08-27 01:30:00+00:00,13.239999771118164,13.239999771118164,13.210000038146973,13.210000038146973,100918,0.0,0.0,0.0
2024-08-27 01:35:00+00:00,13.210000038146973,13.239999771118164,13.210000038146973,13.239999771118164,192252,0.0,0.0,0.0
2024-08-27 01:40:00+00:00,13.239999771118164,13.25,13.239999771118164,13.25,8009,0.0,0.0,0.0
2024-08-27 01:45:00+00:00,13.25,13.25,13.25,13.25,4644,0.0,0.0,0.0
2024-08-27 01:50:00+00:00,13.25,13.270000457763672,13.25,13.270000457763672,0,0.0,0.0,0.0
2024-08-27 01:55:00+00:00,13.279999732971191,13.279999732971191,13.270000457763672,13.270000457763672,570658,0.0,0.0,0.0
2024-08-27 02:00:00+00:00,13.25,13.260000228881836,13.25,13.25,35097,0.0,0.0,0.0
2024-08-27 02:05:00+00:00,13.25,13.25,13.25,13.25,20120,0.0,0.0,0.0
2024-08-27 02:10:00+00:00,13.260000228881836,13.260000228881836,13.239999771118164,13.239999771118164,10937,0.0,0.0,0.0
2024-08-27 02:15:00+00:00,13.239999771118164,13.239999771118164,13.239999771118164,13.239999771118164,21802,0.0,0.0,0.0
2024-08-27 02:20:00+00:00,13.239999771118164,13.25,13.239999771118164,13.25,7140,0.0,0.0,0.0
2024-08-27 02:25:00+00:00,13.239999771118164,13.239999771118164,13.239999771118164,13.239999771118164,1322,0.0,0.0,0.0
2024-08-27 02:30:00+00:00,13.25,13.25,13.239999771118164,13.239999771118164,3119,0.0,0.0,0.0
2024-08-27 02:35:00+00:00,13.25,13.25,13.25,13.25,2019,0.0,0.0,0.0
2024-08-27 02:40:00+00:00,13.25,13.25,13.239999771118164,13.239999771118164,13021,0.0,0.0,0.0
2024-08-27 02:45:00+00:00,13.25,13.25,13.25,13.25,4197,0.0,0.0,0.0
2024-08-27 02:50:00+00:00,13.25,13.25,13.239999771118164,13.25,9094,0.0,0.0,0.0
2024-08-27 02:55:00+00:00,13.239999771118164,13.25,13.239999771118164,13.25,7244,0.0,0.0,0.0
2024-08-27 03:00:00+00:00,13.25,13.25,13.25,13.25,11278,0.0,0.0,0.0
2024-08-27 03:05:00+00:00,13.25,13.25,13.239999771118164,13.239999771118164,11021,0.0,0.0,0.0
2024-08-27 03:10:00+00:00,13.239999771118164,13.239999771118164,13.229999542236328,13.229999542236328,43010,0.0,0.0,0.0
2024-08-27 03:15:00+00:00,13.239999771118164,13.239999771118164,13.229999542236328,13.239999771118164,12770,0.0,0.0,0.0
2024-08-27 03:20:00+00:00,13.229999542236328,13.25,13.229999542236328,13.239999771118164,33636,0.0,0.0,0.0
2024-08-27 03:25:00+00:00,13.239999771118164,13.239999771118164,13.239999771118164,13.239999771118164,2169,0.0,0.0,0.0
2024-08-27 03:30:00+00:00,13.239999771118164,13.239999771118164,13.239999771118164,13.239999771118164,8019,0.0,0.0,0.0
2024-08-27 03:35:00+00:00,13.25,13.25,13.25,13.25,19119,0.0,0.0,0.0
2024-08-27 03:40:00+00:00,13.25,13.25,13.25,13.25,3048,0.0,0.0,0.0
2024-08-27 03:45:00+00:00,13.25,13.25,13.25,13.25,1124,0.0,0.0,0.0
2024-08-27 03:50:00+00:00,13.25,13.25,13.25,13.25,5069,0.0,0.0,0.0
2024-08-27 03:55:00+00:00,13.25,13.25,13.239999771118164,13.239999771118164,3122,0.0,0.0,0.0
2024-08-27 04:00:00+00:00,13.239999771118164,13.25,13.239999771118164,13.25,9010,0.0,0.0,0.0
2024-08-27 04:05:00+00:00,13.25,13.25,13.25,13.25,9031,0.0,0.0,0.0
2024-08-27 04:10:00+00:00,13.25,13.260000228881836,13.25,13.260000228881836,4220,0.0,0.0,0.0
2024-08-27 04:15:00+00:00,13.25,13.260000228881836,13.25,13.260000228881836,20070,0.0,0.0,0.0
2024-08-27 04:20:00+00:00,13.260000228881836,13.270000457763672,13.260000228881836,13.270000457763672,37545,0.0,0.0,0.0
2024-08-27 04:25:00+00:00,13.270000457763672,13.279999732971191,13.270000457763672,13.279999732971191,22105,0.0,0.0,0.0
2024-08-27 04:30:00+00:00,13.279999732971191,13.279999732971191,13.270000457763672,13.279999732971191,26105,0.0,0.0,0.0
2024-08-27 04:35:00+00:00,13.289999961853027,13.289999961853027,13.289999961853027,13.289999961853027,13110,0.0,0.0,0.0
2024-08-27 04:40:00+00:00,13.279999732971191,13.279999732971191,13.279999732971191,13.279999732971191,34550,0.0,0.0,0.0
2024-08-27 04:45:00+00:00,13.279999732971191,13.279999732971191,13.279999732971191,13.279999732971191,5087,0.0,0.0,0.0
2024-08-27 04:50:00+00:00,13.279999732971191,13.279999732971191,13.270000457763672,13.279999732971191,3534,0.0,0.0,0.0
2024-08-27 04:55:00+00:00,13.279999732971191,13.279999732971191,13.270000457763672,13.279999732971191,15286,0.0,0.0,0.0
2024-08-27 05:00:00+00:00,13.270000457763672,13.270000457763672,13.270000457763672,13.270000457763672,16035,0.0,0.0,0.0
2024-08-27 05:05:00+00:00,13.279999732971191,13.279999732971191,13.270000457763672,13.270000457763672,15062,0.0,0.0,0.0
2024-08-27 05:10:00+00:00,13.279999732971191,13.289999961853027,13.279999732971191,13.289999961853027,41110,0.0,0.0,0.0
2024-08-28 01:00:00+00:00,13.350000381469727,13.350000381469727,13.319999694824219,13.319999694824219,0,0.0,0.0,0.0
2024-08-28 01:05:00+00:00,13.329999923706055,13.350000381469727,13.329999923706055,13.34000015258789,78058,0.0,0.0,0.0
2024-08-28 01:10:00+00:00,13.34000015258789,13.34000015258789,13.329999923706055,13.329999923706055,50083,0.0,0.0,0.0
2024-08-28 01:15:00+00:00,13.329999923706055,13.34000015258789,13.329999923706055,13.329999923706055,28774,0.0,0.0,0.0
2024-08-28 01:20:00+00:00,13.319999694824219,13.329999923706055,13.300000190734863,13.300000190734863,20830,0.0,0.0,0.0
2024-08-28 01:25:00+00:00,13.300000190734863,13.319999694824219,13.300000190734863,13.319999694824219,171333,0.0,0.0,0.0
2024-08-28 01:30:00+00:00,13.329999923706055,13.329999923706055,13.319999694824219,13.319999694824219,6194,0.0,0.0,0.0
2024-08-28 01:35:00+00:00,13.3100004196167,13.3100004196167,13.300000190734863,13.300000190734863,11443,0.0,0.0,0.0
2024-08-28 01:40:00+00:00,13.300000190734863,13.300000190734863,13.300000190734863,13.300000190734863,5050,0.0,0.0,0.0
2024-08-28 01:45:00+00:00,13.300000190734863,13.3100004196167,13.300000190734863,13.3100004196167,20410,0.0,0.0,0.0
2024-08-28 01:50:00+00:00,13.3100004196167,13.3100004196167,13.3100004196167,13.3100004196167,9058,0.0,0.0,0.0
2024-08-28 01:55:00+00:00,13.3100004196167,13.3100004196167,13.300000190734863,13.300000190734863,109548,0.0,0.0,0.0
2024-08-28 02:00:00+00:00,13.300000190734863,13.300000190734863,13.289999961853027,13.289999961853027,32109,0.0,0.0,0.0
2024-08-28 02:05:00+00:00,13.279999732971191,13.279999732971191,13.279999732971191,13.279999732971191,23391,0.0,0.0,0.0
2024-08-28 02:10:00+00:00,13.279999732971191,13.279999732971191,13.279999732971191,13.279999732971191,4108,0.0,0.0,0.0
2024-08-28 02:15:00+00:00,13.279999732971191,13.300000190734863,13.279999732971191,13.300000190734863,4351,0.0,0.0,0.0
2024-08-28 02:20:00+00:00,13.300000190734863,13.300000190734863,13.279999732971191,13.279999732971191,27037,0.0,0.0,0.0
2024-08-28 02:25:00+00:00,13.289999961853027,13.300000190734863,13.279999732971191,13.300000190734863,8555,0.0,0.0,0.0
2024-08-28 02:30:00+00:00,13.289999961853027,13.289999961853027,13.289999961853027,13.289999961853027,5009,0.0,0.0,0.0
2024-08-28 02:35:00+00:00,13.300000190734863,13.300000190734863,13.300000190734863,13.300000190734863,1009,0.0,0.0,0.0
2024-08-28 02:40:00+00:00,13.289999961853027,13.3100004196167,13.289999961853027,13.3100004196167,55556,0.0,0.0,0.0
2024-08-28 02:45:00+00:00,13.319999694824219,13.319999694824219,13.319999694824219,13.319999694824219,16207,0.0,0.0,0.0
2024-08-28 02:50:00+00:00,13.319999694824219,13.329999923706055,13.319999694824219,13.319999694824219,8059,0.0,0.0,0.0
2024-08-28 02:55:00+00:00,13.329999923706055,13.329999923706055,13.3100004196167,13.3100004196167,11018,0.0,0.0,0.0
2024-08-28 03:00:00+00:00,13.3100004196167,13.3100004196167,13.3100004196167,13.3100004196167,17063,0.0,0.0,0.0
2024-08-28 03:05:00+00:00,13.319999694824219,13.319999694824219,13.319999694824219,13.319999694824219,1109,0.0,0.0,0.0
2024-08-28 03:10:00+00:00,13.329999923706055,13.329999923706055,13.329999923706055,13.329999923706055,3000,0.0,0.0,0.0
2024-08-28 03:15:00+00:00,13.329999923706055,13.34000015258789,13.329999923706055,13.34000015258789,17055,0.0,0.0,0.0
2024-08-28 03:20:00+00:00,13.34000015258789,13.350000381469727,13.34000015258789,13.350000381469727,21416,0.0,0.0,0.0
2024-08-28 03:25:00+00:00,13.350000381469727,13.350000381469727,13.34000015258789,13.34000015258789,17247,0.0,0.0,0.0
2024-08-28 03:30:00+00:00,13.34000015258789,13.34000015258789,13.329999923706055,13.34000015258789,21209,0.0,0.0,0.0
2024-08-28 03:35:00+00:00,13.329999923706055,13.34000015258789,13.329999923706055,13.329999923706055,57053,0.0,0.0,0.0
2024-08-28 03:40:00+00:00,13.34000015258789,13.350000381469727,13.34000015258789,13.350000381469727,70122,0.0,0.0,0.0
2024-08-28 03:45:00+00:00,13.359999656677246,13.369999885559082,13.359999656677246,13.369999885559082,44790,0.0,0.0,0.0
2024-08-28 03:50:00+00:00,13.369999885559082,13.380000114440918,13.369999885559082,13.380000114440918,33039,0.0,0.0,0.0
2024-08-28 03:55:00+00:00,13.380000114440918,13.390000343322754,13.369999885559082,13.390000343322754,59188,0.0,0.0,0.0
2024-08-28 04:00:00+00:00,13.380000114440918,13.380000114440918,13.380000114440918,13.380000114440918,4389,0.0,0.0,0.0
2024-08-28 04:05:00+00:00,13.380000114440918,13.390000343322754,13.380000114440918,13.390000343322754,47226,0.0,0.0,0.0
2024-08-28 04:10:00+00:00,13.390000343322754,13.399999618530273,13.380000114440918,13.399999618530273,22042,0.0,0.0,0.0
2024-08-28 04:15:00+00:00,13.390000343322754,13.40999984741211,13.390000343322754,13.40999984741211,260162,0.0,0.0,0.0
2024-08-28 04:20:00+00:00,13.420000076293945,13.420000076293945,13.40999984741211,13.420000076293945,29476,0.0,0.0,0.0
2024-08-28 04:25:00+00:00,13.420000076293945,13.420000076293945,13.40999984741211,13.40999984741211,61248,0.0,0.0,0.0
2024-08-28 04:30:00+00:00,13.420000076293945,13.420000076293945,13.399999618530273,13.399999618530273,20209,0.0,0.0,0.0
2024-08-28 04:35:00+00:00,13.399999618530273,13.40999984741211,13.399999618530273,13.40999984741211,3061,0.0,0.0,0.0
2024-08-28 04:40:00+00:00,13.399999618530273,13.399999618530273,13.399999618530273,13.399999618530273,6000,0.0,0.0,0.0
2024-08-28 04:45:00+00:00,13.40999984741211,13.420000076293945,13.40999984741211,13.40999984741211,25458,0.0,0.0,0.0
2024-08-28 04:50:00+00:00,13.40999984741211,13.40999984741211,13.40999984741211,13.40999984741211,26600,0.0,0.0,0.0
2024-08-28 04:55:00+00:00,13.40999984741211,13.420000076293945,13.40999984741211,13.420000076293945,39484,0.0,0.0,0.0
2024-08-28 05:00:00+00:00,13.40999984741211,13.40999984741211,13.40999984741211,13.40999984741211,16037,0.0,0.0,0.0
2024-08-28 05:05:00+00:00,13.399999618530273,13.399999618530273,13.399999618530273,13.399999618530273,76273,0.0,0.0,0.0
2024-08-29 01:00:00+00:00,13.289999961853027,13.289999961853027,13.25,13.279999732971191,0,0.0,0.0,0.0
2024-08-29 01:05:00+00:00,13.289999961853027,13.289999961853027,13.279999732971191,13.289999961853027,63000,0.0,0.0,0.0
2024-08-29 01:10:00+00:00,13.289999961853027,13.289999961853027,13.279999732971191,13.279999732971191,118892,0.0,0.0,0.0
2024-08-29 01:15:00+00:00,13.270000457763672,13.279999732971191,13.25,13.260000228881836,288236,0.0,0.0,0.0
2024-08-29 01:20:00+00:00,13.260000228881836,13.279999732971191,13.260000228881836,13.270000457763672,108309,0.0,0.0,0.0
2024-08-29 01:25:00+00:00,13.270000457763672,13.270000457763672,13.25,13.25,110186,0.0,0.0,0.0
2024-08-29 01:30:00+00:00,13.25,13.25,13.220000267028809,13.25,119521,0.0,0.0,0.0
2024-08-29 01:35:00+00:00,13.239999771118164,13.279999732971191,13.239999771118164,13.279999732971191,47427,0.0,0.0,0.0
2024-08-29 01:40:00+00:00,13.279999732971191,13.289999961853027,13.279999732971191,13.289999961853027,21215,0.0,0.0,0.0
2024-08-29 01:45:00+00:00,13.289999961853027,13.300000190734863,13.289999961853027,13.289999961853027,48443,0.0,0.0,0.0
2024-08-29 01:50:00+00:00,13.289999961853027,13.300000190734863,13.289999961853027,13.289999961853027,83495,0.0,0.0,0.0
2024-08-29 01:55:00+00:00,13.289999961853027,13.289999961853027,13.270000457763672,13.279999732971191,58420,0.0,0.0,0.0
2024-08-29 02:00:00+00:00,13.279999732971191,13.279999732971191,13.270000457763672,13.270000457763672,67799,0.0,0.0,0.0
2024-08-29 02:05:00+00:00,13.270000457763672,13.279999732971191,13.270000457763672,13.270000457763672,15515,0.0,0.0,0.0
2024-08-29 02:10:00+00:00,13.279999732971191,13.289999961853027,13.279999732971191,13.289999961853027,7464,0.0,0.0,0.0
2024-08-29 02:15:00+00:00,13.289999961853027,13.289999961853027,13.279999732971191,13.289999961853027,8237,0.0,0.0,0.0
2024-08-29 02:20:00+00:00,13.289999961853027,13.300000190734863,13.289999961853027,13.289999961853027,13054,0.0,0.0,0.0
2024-08-29 02:25:00+00:00,13.300000190734863,13.319999694824219,13.300000190734863,13.319999694824219,29055,0.0,0.0,0.0
2024-08-29 02:30:00+00:00,13.319999694824219,13.329999923706055,13.319999694824219,13.329999923706055,14545,0.0,0.0,0.0
2024-08-29 02:35:00+00:00,13.329999923706055,13.329999923706055,13.3100004196167,13.319999694824219,13091,0.0,0.0,0.0
2024-08-29 02:40:00+00:00,13.319999694824219,13.329999923706055,13.319999694824219,13.329999923706055,23065,0.0,0.0,0.0
2024-08-29 02:45:00+00:00,13.329999923706055,13.329999923706055,13.319999694824219,13.319999694824219,20506,0.0,0.0,0.0
2024-08-29 02:50:00+00:00,13.319999694824219,13.329999923706055,13.319999694824219,13.329999923706055,3125,0.0,0.0,0.0
2024-08-29 02:55:00+00:00,13.329999923706055,13.34000015258789,13.329999923706055,13.34000015258789,18055,0.0,0.0,0.0
2024-08-29 03:00:00+00:00,13.34000015258789,13.350000381469727,13.34000015258789,13.350000381469727,8325,0.0,0.0,0.0
2024-08-29 03:05:00+00:00,13.350000381469727,13.350000381469727,13.34000015258789,13.34000015258789,12525,0.0,0.0,0.0
2024-08-29 03:10:00+00:00,13.34000015258789,13.34000015258789,13.329999923706055,13.34000015258789,15368,0.0,0.0,0.0
2024-08-29 03:15:00+00:00,13.34000015258789,13.350000381469727,13.34000015258789,13.350000381469727,13393,0.0,0.0,0.0
2024-08-29 03:20:00+00:00,13.350000381469727,13.350000381469727,13.34000015258789,13.34000015258789,2398,0.0,0.0,0.0
2024-08-29 03:25:00+00:00,13.34000015258789,13.34000015258789,13.34000015258789,13.34000015258789,13669,0.0,0.0,0.0
2024-08-29 03:30:00+00:00,13.350000381469727,13.350000381469727,13.34000015258789,13.34000015258789,2000,0.0,0.0,0.0
2024-08-29 03:35:00+00:00,13.34000015258789,13.34000015258789,13.34000015258789,13.34000015258789,25126,0.0,0.0,0.0
2024-08-29 03:40:00+00:00,13.34000015258789,13.34000015258789,13.34000015258789,13.34000015258789,1000,0.0,0.0,0.0
2024-08-29 03:45:00+00:00,13.329999923706055,13.34000015258789,13.329999923706055,13.34000015258789,19055,0.0,0.0,0.0
2024-08-29 03:50:00+00:00,13.34000015258789,13.34000015258789,13.34000015258789,13.34000015258789,6025,0.0,0.0,0.0
2024-08-29 03:55:00+00:00,13.34000015258789,13.34000015258789,13.329999923706055,13.329999923706055,3168,0.0,0.0,0.0
2024-08-29 04:00:00+00:00,13.34000015258789,13.34000015258789,13.34000015258789,13.34000015258789,84295,0.0,0.0,0.0
2024-08-29 04:05:00+00:00,13.350000381469727,13.350000381469727,13.350000381469727,13.350000381469727,18744,0.0,0.0,0.0
2024-08-29 04:10:00+00:00,13.34000015258789,13.34000015258789,13.34000015258789,13.34000015258789,1363,0.0,0.0,0.0
2024-08-29 04:15:00+00:00,13.350000381469727,13.350000381469727,13.350000381469727,13.350000381469727,15365,0.0,0.0,0.0
2024-08-29 04:20:00+00:00,13.350000381469727,13.359999656677246,13.350000381469727,13.359999656677246,67225,0.0,0.0,0.0
2024-08-29 04:25:00+00:00,13.359999656677246,13.359999656677246,13.350000381469727,13.359999656677246,8025,0.0,0.0,0.0
2024-08-29 04:30:00+00:00,13.369999885559082,13.369999885559082,13.359999656677246,13.359999656677246,5666,0.0,0.0,0.0
2024-08-29 04:35:00+00:00,13.359999656677246,13.369999885559082,13.359999656677246,13.369999885559082,4596,0.0,0.0,0.0
2024-08-29 04:40:00+00:00,13.369999885559082,13.369999885559082,13.369999885559082,13.369999885559082,5164,0.0,0.0,0.0
2024-08-29 04:45:00+00:00,13.369999885559082,13.369999885559082,13.359999656677246,13.359999656677246,22246,0.0,0.0,0.0
2024-08-29 04:50:00+00:00,13.369999885559082,13.369999885559082,13.359999656677246,13.359999656677246,3102,0.0,0.0,0.0
2024-08-29 04:55:00+00:00,13.369999885559082,13.369999885559082,13.359999656677246,13.359999656677246,16000,0.0,0.0,0.0
2024-08-29 05:00:00+00:00,13.369999885559082,13.380000114440918,13.369999885559082,13.380000114440918,11319,0.0,0.0,0.0
2024-08-29 05:05:00+00:00,13.380000114440918,13.390000343322754,13.380000114440918,13.390000343322754,35022,0.0,0.0,0.0
2024-08-30 01:00:00+00:00,13.350000381469727,13.40999984741211,13.350000381469727,13.399999618530273,0,0.0,0.0,0.0
2024-08-30 01:05:00+00:00,13.399999618530273,13.399999618530273,13.390000343322754,13.399999618530273,43280,0.0,0.0,0.0
2024-08-30 01:10:00+00:00,13.399999618530273,13.399999618530273,13.369999885559082,13.369999885559082,12971,0.0,0.0,0.0
2024-08-30 01:15:00+00:00,13.380000114440918,13.390000343322754,13.369999885559082,13.380000114440918,19151,0.0,0.0,0.0
2024-08-30 01:20:00+00:00,13.380000114440918,13.380000114440918,13.359999656677246,13.359999656677246,25401,0.0,0.0,0.0
2024-08-30 01:25:00+00:00,13.359999656677246,13.380000114440918,13.359999656677246,13.380000114440918,28119,0.0,0.0,0.0
2024-08-30 01:30:00+00:00,13.380000114440918,13.380000114440918,13.369999885559082,13.380000114440918,5829,0.0,0.0,0.0
2024-08-30 01:35:00+00:00,13.380000114440918,13.390000343322754,13.380000114440918,13.390000343322754,44500,0.0,0.0,0.0
2024-08-30 01:40:00+00:00,13.380000114440918,13.380000114440918,13.380000114440918,13.380000114440918,9854,0.0,0.0,0.0
2024-08-30 01:45:00+00:00,13.390000343322754,13.390000343322754,13.380000114440918,13.380000114440918,29466,0.0,0.0,0.0
2024-08-30 01:50:00+00:00,13.380000114440918,13.380000114440918,13.380000114440918,13.380000114440918,4019,0.0,0.0,0.0
2024-08-30 01:55:00+00:00,13.390000343322754,13.390000343322754,13.390000343322754,13.390000343322754,33451,0.0,0.0,0.0
2024-08-30 02:00:00+00:00,13.390000343322754,13.390000343322754,13.390000343322754,13.390000343322754,21769,0.0,0.0,0.0
2024-08-30 02:05:00+00:00,13.380000114440918,13.380000114440918,13.369999885559082,13.369999885559082,17404,0.0,0.0,0.0
2024-08-30 02:10:00+00:00,13.369999885559082,13.369999885559082,13.369999885559082,13.369999885559082,2144,0.0,0.0,0.0
2024-08-30 02:15:00+00:00,13.369999885559082,13.369999885559082,13.359999656677246,13.359999656677246,13019,0.0,0.0,0.0
2024-08-30 02:20:00+00:00,13.369999885559082,13.369999885559082,13.369999885559082,13.369999885559082,6188,0.0,0.0,0.0
2024-08-30 02:25:00+00:00,13.369999885559082,13.369999885559082,13.369999885559082,13.369999885559082,69113,0.0,0.0,0.0
2024-08-30 02:30:00+00:00,13.369999885559082,13.369999885559082,13.369999885559082,13.369999885559082,11325,0.0,0.0,0.0
2024-08-30 02:35:00+00:00,13.380000114440918,13.380000114440918,13.369999885559082,13.369999885559082,13392,0.0,0.0,0.0
2024-08-30 02:40:00+00:00,13.369999885559082,13.369999885559082,13.369999885559082,13.369999885559082,5647,0.0,0.0,0.0
2024-08-30 02:45:00+00:00,13.380000114440918,13.380000114440918,13.369999885559082,13.380000114440918,87156,0.0,0.0,0.0
2024-08-30 02:50:00+00:00,13.390000343322754,13.390000343322754,13.390000343322754,13.390000343322754,4000,0.0,0.0,0.0
2024-08-30 02:55:00+00:00,13.380000114440918,13.390000343322754,13.380000114440918,13.380000114440918,19049,0.0,0.0,0.0
2024-08-30 03:00:00+00:00,13.390000343322754,13.399999618530273,13.390000343322754,13.399999618530273,54129,0.0,0.0,0.0
2024-08-30 03:05:00+00:00,13.399999618530273,13.399999618530273,13.390000343322754,13.390000343322754,6458,0.0,0.0,0.0
2024-08-30 03:10:00+00:00,13.390000343322754,13.390000343322754,13.380000114440918,13.380000114440918,32511,0.0,0.0,0.0
2024-08-30 03:15:00+00:00,13.369999885559082,13.369999885559082,13.369999885559082,13.369999885559082,13130,0.0,0.0,0.0
2024-08-30 03:20:00+00:00,13.369999885559082,13.369999885559082,13.359999656677246,13.369999885559082,144050,0.0,0.0,0.0
2024-08-30 03:30:00+00:00,13.359999656677246,13.359999656677246,13.359999656677246,13.359999656677246,1000,0.0,0.0,0.0
2024-08-30 03:35:00+00:00,13.359999656677246,13.369999885559082,13.359999656677246,13.369999885559082,50038,0.0,0.0,0.0
2024-08-30 03:40:00+00:00,13.369999885559082,13.369999885559082,13.350000381469727,13.350000381469727,353143,0.0,0.0,0.0
2024-08-30 03:45:00+00:00,13.359999656677246,13.369999885559082,13.359999656677246,13.359999656677246,12249,0.0,0.0,0.0
2024-08-30 03:50:00+00:00,13.369999885559082,13.380000114440918,13.369999885559082,13.380000114440918,9029,0.0,0.0,0.0
2024-08-30 03:55:00+00:00,13.380000114440918,13.390000343322754,13.380000114440918,13.390000343322754,7452,0.0,0.0,0.0
2024-08-30 04:00:00+00:00,13.390000343322754,13.399999618530273,13.390000343322754,13.390000343322754,49637,0.0,0.0,0.0
2024-08-30 04:05:00+00:00,13.380000114440918,13.399999618530273,13.380000114440918,13.399999618530273,7133,0.0,0.0,0.0
2024-08-30 04:10:00+00:00,13.390000343322754,13.399999618530273,13.390000343322754,13.399999618530273,14306,0.0,0.0,0.0
2024-08-30 04:15:00+00:00,13.390000343322754,13.399999618530273,13.390000343322754,13.399999618530273,8278,0.0,0.0,0.0
2024-08-30 04:20:00+00:00,13.380000114440918,13.390000343322754,13.380000114440918,13.390000343322754,26419,0.0,0.0,0.0
2024-08-30 04:25:00+00:00,13.390000343322754,13.390000343322754,13.390000343322754,13.390000343322754,6170,0.0,0.0,0.0
2024-08-30 04:30:00+00:00,13.390000343322754,13.390000343322754,13.390000343322754,13.390000343322754,1079,0.0,0.0,0.0
2024-08-30 04:35:00+00:00,13.390000343322754,13.390000343322754,13.380000114440918,13.380000114440918,21116,0.0,0.0,0.0
2024-08-30 04:40:00+00:00,13.380000114440918,13.380000114440918,13.380000114440918,13.380000114440918,5234,0.0,0.0,0.0
2024-08-30 04:45:00+00:00,13.369999885559082,13.390000343322754,13.369999885559082,13.390000343322754,71147,0.0,0.0,0.0
2024-08-30 04:50:00+00:00,13.390000343322754,13.40999984741211,13.390000343322754,13.399999618530273,304009,0.0,0.0,0.0
2024-08-30 04:55:00+00:00,13.40999984741211,13.40999984741211,13.399999618530273,13.399999618530273,13086,0.0,0.0,0.0
2024-08-30 05:00:00+00:00,13.399999618530273,13.399999618530273,13.390000343322754,13.390000343322754,25147,0.0,0.0,0.0
2024-08-30 05:05:00+00:00,13.390000343322754,13.390000343322754,13.380000114440918,13.380000114440918,7484,0.0,0.0,0.0
2024-08-30 05:10:00+00:00,13.380000114440918,13.380000114440918,13.369999885559082,13.369999885559082,38166,0.0,0.0,0.0
2024-09-02 01:00:00+00:00,13.399999618530273,13.479999542236328,13.399999618530273,13.470000267028809,0,0.0,0.0,0.0
2024-09-02 01:05:00+00:00,13.470000267028809,13.470000267028809,13.4399995803833,13.4399995803833,51369,0.0,0.0,0.0
2024-09-02 01:10:00+00:00,13.449999809265137,13.449999809265137,13.420000076293945,13.420000076293945,61993,0.0,0.0,0.0
2024-09-02 01:15:00+00:00,13.40999984741211,13.420000076293945,13.40999984741211,13.420000076293945,48184,0.0,0.0,0.0
2024-09-02 01:20:00+00:00,13.420000076293945,13.4399995803833,13.420000076293945,13.4399995803833,256066,0.0,0.0,0.0
2024-09-02 01:25:00+00:00,13.4399995803833,13.449999809265137,13.4399995803833,13.449999809265137,29629,0.0,0.0,0.0
2024-09-02 01:30:00+00:00,13.4399995803833,13.4399995803833,13.430000305175781,13.430000305175781,24470,0.0,0.0,0.0
2024-09-02 01:35:00+00:00,13.430000305175781,13.430000305175781,13.420000076293945,13.420000076293945,118239,0.0,0.0,0.0
2024-09-02 01:40:00+00:00,13.430000305175781,13.430000305175781,13.40999984741211,13.40999984741211,45145,0.0,0.0,0.0
2024-09-02 01:45:00+00:00,13.40999984741211,13.40999984741211,13.40999984741211,13.40999984741211,20045,0.0,0.0,0.0
2024-09-02 01:50:00+00:00,13.40999984741211,13.40999984741211,13.399999618530273,13.399999618530273,76405,0.0,0.0,0.0
2024-09-02 01:55:00+00:00,13.390000343322754,13.399999618530273,13.390000343322754,13.390000343322754,85697,0.0,0.0,0.0
2024-09-02 02:00:00+00:00,13.390000343322754,13.390000343322754,13.350000381469727,13.350000381469727,116177,0.0,0.0,0.0
2024-09-02 02:05:00+00:00,13.359999656677246,13.359999656677246,13.350000381469727,13.359999656677246,32079,0.0,0.0,0.0
2024-09-02 02:10:00+00:00,13.369999885559082,13.380000114440918,13.369999885559082,13.369999885559082,26329,0.0,0.0,0.0
2024-09-02 02:15:00+00:00,13.369999885559082,13.369999885559082,13.350000381469727,13.359999656677246,32909,0.0,0.0,0.0
2024-09-02 02:20:00+00:00,13.359999656677246,13.359999656677246,13.359999656677246,13.359999656677246,10015,0.0,0.0,0.0
2024-09-02 02:25:00+00:00,13.380000114440918,13.380000114440918,13.380000114440918,13.380000114440918,3371,0.0,0.0,0.0
2024-09-02 02:30:00+00:00,13.369999885559082,13.380000114440918,13.369999885559082,13.369999885559082,13190,0.0,0.0,0.0
2024-09-02 02:35:00+00:00,13.369999885559082,13.369999885559082,13.359999656677246,13.359999656677246,9980,0.0,0.0,0.0
2024-09-02 02:40:00+00:00,13.359999656677246,13.380000114440918,13.359999656677246,13.380000114440918,12352,0.0,0.0,0.0
2024-09-02 02:45:00+00:00,13.380000114440918,13.380000114440918,13.380000114440918,13.380000114440918,8357,0.0,0.0,0.0
2024-09-02 02:50:00+00:00,13.380000114440918,13.380000114440918,13.380000114440918,13.380000114440918,3139,0.0,0.0,0.0
2024-09-02 02:55:00+00:00,13.380000114440918,13.380000114440918,13.380000114440918,13.380000114440918,9055,0.0,0.0,0.0
2024-09-02 03:00:00+00:00,13.380000114440918,13.380000114440918,13.380000114440918,13.380000114440918,6799,0.0,0.0,0.0
2024-09-02 03:05:00+00:00,13.369999885559082,13.369999885559082,13.369999885559082,13.369999885559082,5029,0.0,0.0,0.0
2024-09-02 03:10:00+00:00,13.380000114440918,13.380000114440918,13.380000114440918,13.380000114440918,4769,0.0,0.0,0.0
2024-09-02 03:15:00+00:00,13.380000114440918,13.380000114440918,13.380000114440918,13.380000114440918,9029,0.0,0.0,0.0
2024-09-02 03:20:00+00:00,13.380000114440918,13.380000114440918,13.380000114440918,13.380000114440918,3249,0.0,0.0,0.0
2024-09-02 03:25:00+00:00,13.369999885559082,13.380000114440918,13.359999656677246,13.369999885559082,103128,0.0,0.0,0.0
2024-09-02 03:30:00+00:00,13.359999656677246,13.369999885559082,13.359999656677246,13.369999885559082,34506,0.0,0.0,0.0
2024-09-02 03:35:00+00:00,13.359999656677246,13.359999656677246,13.359999656677246,13.359999656677246,18300,0.0,0.0,0.0
2024-09-02 03:40:00+00:00,13.350000381469727,13.359999656677246,13.350000381469727,13.359999656677246,15316,0.0,0.0,0.0
2024-09-02 03:45:00+00:00,13.369999885559082,13.369999885559082,13.359999656677246,13.359999656677246,6340,0.0,0.0,0.0
2024-09-02 03:50:00+00:00,13.350000381469727,13.359999656677246,13.350000381469727,13.359999656677246,39159,0.0,0.0,0.0
2024-09-02 03:55:00+00:00,13.359999656677246,13.359999656677246,13.350000381469727,13.359999656677246,12240,0.0,0.0,0.0
2024-09-02 04:00:00+00:00,13.359999656677246,13.359999656677246,13.359999656677246,13.359999656677246,13559,0.0,0.0,0.0
2024-09-02 04:05:00+00:00,13.350000381469727,13.359999656677246,13.350000381469727,13.359999656677246,19960,0.0,0.0,0.0
2024-09-02 04:10:00+00:00,13.350000381469727,13.359999656677246,13.350000381469727,13.350000381469727,54552,0.0,0.0,0.0
2024-09-02 04:15:00+00:00,13.350000381469727,13.350000381469727,13.350000381469727,13.350000381469727,11557,0.0,0.0,0.0
2024-09-02 04:20:00+00:00,13.350000381469727,13.359999656677246,13.350000381469727,13.359999656677246,6139,0.0,0.0,0.0
2024-09-02 04:25:00+00:00,13.359999656677246,13.359999656677246,13.350000381469727,13.359999656677246,24880,0.0,0.0,0.0
2024-09-02 04:30:00+00:00,13.359999656677246,13.359999656677246,13.359999656677246,13.359999656677246,25621,0.0,0.0,0.0
2024-09-02 04:35:00+00:00,13.359999656677246,13.359999656677246,13.350000381469727,13.359999656677246,24069,0.0,0.0,0.0
2024-09-02 04:40:00+00:00,13.359999656677246,13.359999656677246,13.359999656677246,13.359999656677246,21301,0.0,0.0,0.0
2024-09-02 04:45:00+00:00,13.359999656677246,13.359999656677246,13.359999656677246,13.359999656677246,18211,0.0,0.0,0.0
2024-09-02 04:50:00+00:00,13.359999656677246,13.359999656677246,13.350000381469727,13.359999656677246,9399,0.0,0.0,0.0
2024-09-02 04:55:00+00:00,13.350000381469727,13.350000381469727,13.350000381469727,13.350000381469727,11709,0.0,0.0,0.0
2024-09-02 05:00:00+00:00,13.350000381469727,13.359999656677246,13.350000381469727,13.359999656677246,31701,0.0,0.0,0.0
2024-09-02 05:05:00+00:00,13.359999656677246,13.359999656677246,13.359999656677246,13.359999656677246,8208,0.0,0.0,0.0
2024-09-03 01:00:00+00:00,13.329999923706055,13.350000381469727,13.329999923706055,13.350000381469727,0,0.0,0.0,0.0
2024-09-03 01:05:00+00:00,13.350000381469727,13.350000381469727,13.319999694824219,13.34000015258789,155926,0.0,0.0,0.0
2024-09-03 01:10:00+00:00,13.34000015258789,13.359999656677246,13.329999923706055,13.359999656677246,54942,0.0,0.0,0.0
2024-09-03 01:15:00+00:00,13.359999656677246,13.369999885559082,13.359999656677246,13.369999885559082,15653,0.0,0.0,0.0
2024-09-03 01:20:00+00:00,13.359999656677246,13.369999885559082,13.359999656677246,13.369999885559082,28168,0.0,0.0,0.0
2024-09-03 01:25:00+00:00,13.359999656677246,13.369999885559082,13.359999656677246,13.369999885559082,45043,0.0,0.0,0.0
2024-09-03 01:30:00+00:00,13.369999885559082,13.380000114440918,13.359999656677246,13.359999656677246,97802,0.0,0.0,0.0
2024-09-03 01:35:00+00:00,13.359999656677246,13.369999885559082,13.359999656677246,13.369999885559082,4660,0.0,0.0,0.0
2024-09-03 01:40:00+00:00,13.359999656677246,13.369999885559082,13.359999656677246,13.359999656677246,5212,0.0,0.0,0.0
2024-09-03 01:45:00+00:00,13.369999885559082,13.380000114440918,13.369999885559082,13.380000114440918,40943,0.0,0.0,0.0
2024-09-03 01:50:00+00:00,13.380000114440918,13.390000343322754,13.380000114440918,13.390000343322754,132024,0.0,0.0,0.0
2024-09-03 01:55:00+00:00,13.390000343322754,13.399999618530273,13.390000343322754,13.399999618530273,15333,0.0,0.0,0.0
2024-09-03 02:00:00+00:00,13.399999618530273,13.399999618530273,13.390000343322754,13.390000343322754,21257,0.0,0.0,0.0
2024-09-03 02:05:00+00:00,13.390000343322754,13.390000343322754,13.380000114440918,13.390000343322754,22095,0.0,0.0,0.0
2024-09-03 02:10:00+00:00,13.380000114440918,13.390000343322754,13.380000114440918,13.390000343322754,9012,0.0,0.0,0.0
2024-09-03 02:15:00+00:00,13.390000343322754,13.390000343322754,13.380000114440918,13.380000114440918,12122,0.0,0.0,0.0
2024-09-03 02:20:00+00:00,13.380000114440918,13.380000114440918,13.380000114440918,13.380000114440918,13700,0.0,0.0,0.0
2024-09-03 02:25:00+00:00,13.380000114440918,13.380000114440918,13.380000114440918,13.380000114440918,2012,0.0,0.0,0.0
2024-09-03 02:30:00+00:00,13.380000114440918,13.380000114440918,13.369999885559082,13.369999885559082,33240,0.0,0.0,0.0
2024-09-03 02:35:00+00:00,13.359999656677246,13.359999656677246,13.359999656677246,13.359999656677246,22592,0.0,0.0,0.0
2024-09-03 02:40:00+00:00,13.359999656677246,13.359999656677246,13.329999923706055,13.34000015258789,62512,0.0,0.0,0.0
2024-09-03 02:45:00+00:00,13.34000015258789,13.34000015258789,13.319999694824219,13.329999923706055,77954,0.0,0.0,0.0
2024-09-03 02:50:00+00:00,13.329999923706055,13.329999923706055,13.319999694824219,13.319999694824219,28012,0.0,0.0,0.0
2024-09-03 02:55:00+00:00,13.329999923706055,13.34000015258789,13.319999694824219,13.319999694824219,112010,0.0,0.0,0.0
2024-09-03 03:00:00+00:00,13.329999923706055,13.329999923706055,13.319999694824219,13.319999694824219,40124,0.0,0.0,0.0
2024-09-03 03:05:00+00:00,13.319999694824219,13.319999694824219,13.3100004196167,13.3100004196167,68370,0.0,0.0,0.0
2024-09-03 03:10:00+00:00,13.3100004196167,13.3100004196167,13.3100004196167,13.3100004196167,37512,0.0,0.0,0.0
2024-09-03 03:15:00+00:00,13.3100004196167,13.3100004196167,13.289999961853027,13.289999961853027,143525,0.0,0.0,0.0
2024-09-03 03:20:00+00:00,13.300000190734863,13.300000190734863,13.289999961853027,13.300000190734863,51853,0.0,0.0,0.0
2024-09-03 03:25:00+00:00,13.300000190734863,13.300000190734863,13.300000190734863,13.300000190734863,3303,0.0,0.0,0.0
2024-09-03 03:30:00+00:00,13.300000190734863,13.319999694824219,13.300000190734863,13.319999694824219,18434,0.0,0.0,0.0
2024-09-03 03:35:00+00:00,13.319999694824219,13.329999923706055,13.319999694824219,13.329999923706055,6349,0.0,0.0,0.0
2024-09-03 03:40:00+00:00,13.319999694824219,13.319999694824219,13.319999694824219,13.319999694824219,12205,0.0,0.0,0.0
2024-09-03 03:45:00+00:00,13.329999923706055,13.329999923706055,13.3100004196167,13.3100004196167,17400,0.0,0.0,0.0
2024-09-03 03:50:00+00:00,13.319999694824219,13.319999694824219,13.3100004196167,13.3100004196167,23012,0.0,0.0,0.0
2024-09-03 03:55:00+00:00,13.319999694824219,13.319999694824219,13.3100004196167,13.3100004196167,18286,0.0,0.0,0.0
2024-09-03 04:00:00+00:00,13.3100004196167,13.3100004196167,13.3100004196167,13.3100004196167,12424,0.0,0.0,0.0
2024-09-03 04:05:00+00:00,13.300000190734863,13.3100004196167,13.300000190734863,13.300000190734863,19012,0.0,0.0,0.0
2024-09-03 04:10:00+00:00,13.3100004196167,13.3100004196167,13.3100004196167,13.3100004196167,15212,0.0,0.0,0.0
2024-09-03 04:15:00+00:00,13.3100004196167,13.319999694824219,13.3100004196167,13.319999694824219,19258,0.0,0.0,0.0
2024-09-03 04:20:00+00:00,13.319999694824219,13.319999694824219,13.319999694824219,13.319999694824219,17691,0.0,0.0,0.0
2024-09-03 04:25:00+00:00,13.319999694824219,13.319999694824219,13.319999694824219,13.319999694824219,1330,0.0,0.0,0.0
2024-09-03 04:30:00+00:00,13.329999923706055,13.329999923706055,13.329999923706055,13.329999923706055,4773,0.0,0.0,0.0
2024-09-03 04:35:00+00:00,13.319999694824219,13.319999694824219,13.319999694824219,13.319999694824219,20140,0.0,0.0,0.0
2024-09-03 04:40:00+00:00,13.319999694824219,13.329999923706055,13.319999694824219,13.319999694824219,21610,0.0,0.0,0.0
2024-09-03 04:45:00+00:00,13.329999923706055,13.329999923706055,13.329999923706055,13.329999923706055,6242,0.0,0.0,0.0
2024-09-03 04:50:00+00:00,13.319999694824219,13.329999923706055,13.319999694824219,13.319999694824219,30130,0.0,0.0,0.0
2024-09-03 04:55:00+00:00,13.319999694824219,13.319999694824219,13.319999694824219,13.319999694824219,17344,0.0,0.0,0.0
2024-09-03 05:00:00+00:00,13.3100004196167,13.3100004196167,13.300000190734863,13.3100004196167,53929,0.0,0.0,0.0
2024-09-03 05:05:00+00:00,13.3100004196167,13.3100004196167,13.3100004196167,13.3100004196167,4430,0.0,0.0,0.0
2024-09-03 05:10:00+00:00,13.319999694824219,13.319999694824219,13.319999694824219,13.319999694824219,1100,0.0,0.0,0.0
2024-09-04 01:00:00+00:00,12.899999618530273,12.899999618530273,12.649999618530273,12.6899995803833,0,0.0,0.0,0.0
2024-09-04 01:05:00+00:00,12.710000038146973,12.819999694824219,12.680000305175781,12.8100004196167,518000,0.0,0.0,0.0
2024-09-04 01:10:00+00:00,12.789999961853027,12.8100004196167,12.779999732971191,12.779999732971191,395733,0.0,0.0,0.0
2024-09-04 01:15:00+00:00,12.779999732971191,12.84000015258789,12.770000457763672,12.829999923706055,493729,0.0,0.0,0.0
2024-09-04 01:20:00+00:00,12.84000015258789,12.850000381469727,12.829999923706055,12.829999923706055,344293,0.0,0.0,0.0
2024-09-04 01:25:00+00:00,12.829999923706055,12.899999618530273,12.829999923706055,12.899999618530273,68785,0.0,0.0,0.0
2024-09-04 01:30:00+00:00,12.899999618530273,12.9399995803833,12.899999618530273,12.9399995803833,194824,0.0,0.0,0.0
2024-09-04 01:35:00+00:00,12.949999809265137,12.979999542236328,12.90999984741211,12.90999984741211,485851,0.0,0.0,0.0
2024-09-04 01:40:00+00:00,12.90999984741211,12.90999984741211,12.880000114440918,12.890000343322754,297495,0.0,0.0,0.0
2024-09-04 01:45:00+00:00,12.890000343322754,12.920000076293945,12.880000114440918,12.920000076293945,110915,0.0,0.0,0.0
2024-09-04 01:50:00+00:00,12.920000076293945,12.9399995803833,12.920000076293945,12.920000076293945,156059,0.0,0.0,0.0
2024-09-04 01:55:00+00:00,12.920000076293945,12.9399995803833,12.899999618530273,12.920000076293945,316631,0.0,0.0,0.0
2024-09-04 02:00:00+00:00,12.90999984741211,12.90999984741211,12.899999618530273,12.899999618530273,121116,0.0,0.0,0.0
2024-09-04 02:05:00+00:00,12.899999618530273,12.899999618530273,12.890000343322754,12.899999618530273,94178,0.0,0.0,0.0
2024-09-04 02:10:00+00:00,12.899999618530273,12.899999618530273,12.880000114440918,12.890000343322754,64665,0.0,0.0,0.0
2024-09-04 02:15:00+00:00,12.890000343322754,12.90999984741211,12.890000343322754,12.90999984741211,33871,0.0,0.0,0.0
2024-09-04 02:20:00+00:00,12.90999984741211,12.930000305175781,12.90999984741211,12.930000305175781,123120,0.0,0.0,0.0
2024-09-04 02:25:00+00:00,12.930000305175781,12.930000305175781,12.920000076293945,12.930000305175781,54505,0.0,0.0,0.0
2024-09-04 02:30:00+00:00,12.930000305175781,12.9399995803833,12.930000305175781,12.9399995803833,48893,0.0,0.0,0.0
2024-09-04 02:35:00+00:00,12.9399995803833,12.9399995803833,12.930000305175781,12.9399995803833,64040,0.0,0.0,0.0
2024-09-04 02:40:00+00:00,12.9399995803833,12.9399995803833,12.899999618530273,12.899999618530273,281679,0.0,0.0,0.0
2024-09-04 02:45:00+00:00,12.899999618530273,12.899999618530273,12.890000343322754,12.899999618530273,45015,0.0,0.0,0.0
2024-09-04 02:50:00+00:00,12.899999618530273,12.899999618530273,12.890000343322754,12.890000343322754,76733,0.0,0.0,0.0
2024-09-04 02:55:00+00:00,12.890000343322754,12.890000343322754,12.869999885559082,12.880000114440918,278125,0.0,0.0,0.0
2024-09-04 03:00:00+00:00,12.890000343322754,12.899999618530273,12.880000114440918,12.890000343322754,30421,0.0,0.0,0.0
2024-09-04 03:05:00+00:00,12.890000343322754,12.890000343322754,12.890000343322754,12.890000343322754,82618,0.0,0.0,0.0
2024-09-04 03:10:00+00:00,12.890000343322754,12.890000343322754,12.880000114440918,12.880000114440918,85769,0.0,0.0,0.0
2024-09-04 03:15:00+00:00,12.869999885559082,12.869999885559082,12.859999656677246,12.869999885559082,109527,0.0,0.0,0.0
2024-09-04 03:20:00+00:00,12.869999885559082,12.869999885559082,12.859999656677246,12.859999656677246,152191,0.0,0.0,0.0
2024-09-04 03:25:00+00:00,12.859999656677246,12.859999656677246,12.850000381469727,12.850000381469727,290049,0.0,0.0,0.0
2024-09-04 03:30:00+00:00,12.850000381469727,12.850000381469727,12.84000015258789,12.84000015258789,24752,0.0,0.0,0.0
2024-09-04 03:35:00+00:00,12.84000015258789,12.850000381469727,12.84000015258789,12.850000381469727,68179,0.0,0.0,0.0
2024-09-04 03:40:00+00:00,12.850000381469727,12.850000381469727,12.84000015258789,12.84000015258789,64973,0.0,0.0,0.0
2024-09-04 03:45:00+00:00,12.84000015258789,12.850000381469727,12.84000015258789,12.850000381469727,104735,0.0,0.0,0.0
2024-09-04 03:50:00+00:00,12.850000381469727,12.859999656677246,12.850000381469727,12.850000381469727,62114,0.0,0.0,0.0
2024-09-04 03:55:00+00:00,12.850000381469727,12.850000381469727,12.84000015258789,12.850000381469727,81571,0.0,0.0,0.0
2024-09-04 04:00:00+00:00,12.850000381469727,12.859999656677246,12.850000381469727,12.859999656677246,23366,0.0,0.0,0.0
2024-09-04 04:05:00+00:00,12.859999656677246,12.880000114440918,12.850000381469727,12.880000114440918,47144,0.0,0.0,0.0
2024-09-04 04:10:00+00:00,12.890000343322754,12.890000343322754,12.880000114440918,12.880000114440918,32980,0.0,0.0,0.0
2024-09-04 04:15:00+00:00,12.890000343322754,12.890000343322754,12.880000114440918,12.880000114440918,129755,0.0,0.0,0.0
2024-09-04 04:20:00+00:00,12.880000114440918,12.880000114440918,12.859999656677246,12.859999656677246,91838,0.0,0.0,0.0
2024-09-04 04:25:00+00:00,12.859999656677246,12.869999885559082,12.850000381469727,12.859999656677246,95107,0.0,0.0,0.0
2024-09-04 04:30:00+00:00,12.859999656677246,12.859999656677246,12.850000381469727,12.850000381469727,88167,0.0,0.0,0.0
2024-09-04 04:35:00+00:00,12.859999656677246,12.869999885559082,12.859999656677246,12.859999656677246,34226,0.0,0.0,0.0
2024-09-04 04:40:00+00:00,12.850000381469727,12.869999885559082,12.850000381469727,12.869999885559082,33180,0.0,0.0,0.0
2024-09-04 04:45:00+00:00,12.869999885559082,12.869999885559082,12.850000381469727,12.850000381469727,431300,0.0,0.0,0.0
2024-09-04 04:50:00+00:00,12.850000381469727,12.850000381469727,12.84000015258789,12.850000381469727,146062,0.0,0.0,0.0
2024-09-04 04:55:00+00:00,12.84000015258789,12.850000381469727,12.829999923706055,12.829999923706055,118566,0.0,0.0,0.0
2024-09-04 05:00:00+00:00,12.829999923706055,12.84000015258789,12.819999694824219,12.819999694824219,330853,0.0,0.0,0.0
2024-09-04 05:05:00+00:00,12.819999694824219,12.819999694824219,12.800000190734863,12.8100004196167,141459,0.0,0.0,0.0
2024-09-04 05:10:00+00:00,12.800000190734863,12.8100004196167,12.789999961853027,12.789999961853027,968928,0.0,0.0,0.0
2024-09-04 05:15:00+00:00,12.789999961853027,12.800000190734863,12.779999732971191,12.789999961853027,123532,0.0,0.0,0.0
2024-09-04 05:20:00+00:00,12.789999961853027,12.800000190734863,12.789999961853027,12.800000190734863,110379,0.0,0.0,0.0
2024-09-05 01:00:00+00:00,12.9399995803833,12.9399995803833,12.859999656677246,12.920000076293945,0,0.0,0.0,0.0
2024-09-05 01:05:00+00:00,12.920000076293945,12.930000305175781,12.90999984741211,12.90999984741211,73305,0.0,0.0,0.0
2024-09-05 01:10:00+00:00,12.920000076293945,12.930000305175781,12.920000076293945,12.930000305175781,36399,0.0,0.0,0.0
2024-09-05 01:15:00+00:00,12.930000305175781,12.960000038146973,12.930000305175781,12.960000038146973,114685,0.0,0.0,0.0
2024-09-05 01:20:00+00:00,12.960000038146973,12.960000038146973,12.949999809265137,12.960000038146973,111573,0.0,0.0,0.0
2024-09-05 01:25:00+00:00,12.960000038146973,12.979999542236328,12.960000038146973,12.970000267028809,87177,0.0,0.0,0.0
2024-09-05 01:30:00+00:00,12.979999542236328,12.979999542236328,12.960000038146973,12.960000038146973,20489,0.0,0.0,0.0
2024-09-05 01:35:00+00:00,12.960000038146973,12.989999771118164,12.960000038146973,12.989999771118164,85014,0.0,0.0,0.0
2024-09-05 01:40:00+00:00,12.989999771118164,13.0,12.989999771118164,13.0,45528,0.0,0.0,0.0
2024-09-05 01:45:00+00:00,13.0,13.0,12.979999542236328,12.989999771118164,47012,0.0,0.0,0.0
2024-09-05 01:50:00+00:00,12.979999542236328,12.989999771118164,12.970000267028809,12.970000267028809,41003,0.0,0.0,0.0
2024-09-05 01:55:00+00:00,12.979999542236328,12.979999542236328,12.979999542236328,12.979999542236328,22000,0.0,0.0,0.0
2024-09-05 02:00:00+00:00,12.979999542236328,12.979999542236328,12.979999542236328,12.979999542236328,13364,0.0,0.0,0.0
2024-09-05 02:05:00+00:00,12.979999542236328,12.979999542236328,12.970000267028809,12.970000267028809,41472,0.0,0.0,0.0
2024-09-05 02:10:00+00:00,12.960000038146973,12.960000038146973,12.930000305175781,12.930000305175781,120802,0.0,0.0,0.0
2024-09-05 02:15:00+00:00,12.930000305175781,12.930000305175781,12.920000076293945,12.920000076293945,30869,0.0,0.0,0.0
2024-09-05 02:20:00+00:00,12.930000305175781,12.9399995803833,12.930000305175781,12.9399995803833,60402,0.0,0.0,0.0
2024-09-05 02:25:00+00:00,12.949999809265137,12.970000267028809,12.949999809265137,12.970000267028809,17062,0.0,0.0,0.0
2024-09-05 02:30:00+00:00,12.970000267028809,12.970000267028809,12.970000267028809,12.970000267028809,6002,0.0,0.0,0.0
2024-09-05 02:35:00+00:00,12.960000038146973,12.970000267028809,12.960000038146973,12.960000038146973,69362,0.0,0.0,0.0
2024-09-05 02:40:00+00:00,12.960000038146973,12.960000038146973,12.949999809265137,12.949999809265137,22343,0.0,0.0,0.0
2024-09-05 02:45:00+00:00,12.960000038146973,12.960000038146973,12.949999809265137,12.949999809265137,38002,0.0,0.0,0.0
2024-09-05 02:50:00+00:00,12.960000038146973,12.960000038146973,12.960000038146973,12.960000038146973,47527,0.0,0.0,0.0
2024-09-05 02:55:00+00:00,12.970000267028809,12.970000267028809,12.970000267028809,12.970000267028809,3014,0.0,0.0,0.0
2024-09-05 03:00:00+00:00,12.970000267028809,12.970000267028809,12.970000267028809,12.970000267028809,2743,0.0,0.0,0.0
2024-09-05 03:05:00+00:00,12.970000267028809,12.970000267028809,12.949999809265137,12.949999809265137,105944,0.0,0.0,0.0
2024-09-05 03:10:00+00:00,12.949999809265137,12.960000038146973,12.949999809265137,12.960000038146973,14146,0.0,0.0,0.0
2024-09-05 03:15:00+00:00,12.960000038146973,12.960000038146973,12.960000038146973,12.960000038146973,10000,0.0,0.0,0.0
2024-09-05 03:20:00+00:00,12.949999809265137,12.960000038146973,12.949999809265137,12.960000038146973,32249,0.0,0.0,0.0
2024-09-05 03:25:00+00:00,12.949999809265137,12.949999809265137,12.949999809265137,12.949999809265137,3280,0.0,0.0,0.0
2024-09-05 03:30:00+00:00,12.949999809265137,12.949999809265137,12.9399995803833,12.9399995803833,124144,0.0,0.0,0.0
2024-09-05 03:35:00+00:00,12.9399995803833,12.9399995803833,12.9399995803833,12.9399995803833,11002,0.0,0.0,0.0
2024-09-05 03:40:00+00:00,12.9399995803833,12.9399995803833,12.930000305175781,12.930000305175781,9732,0.0,0.0,0.0
2024-09-05 03:45:00+00:00,12.930000305175781,12.9399995803833,12.930000305175781,12.930000305175781,45881,0.0,0.0,0.0
2024-09-05 03:50:00+00:00,12.930000305175781,12.930000305175781,12.930000305175781,12.930000305175781,3002,0.0,0.0,0.0
2024-09-05 03:55:00+00:00,12.920000076293945,12.920000076293945,12.899999618530273,12.899999618530273,76353,0.0,0.0,0.0
2024-09-05 04:00:00+00:00,12.899999618530273,12.90999984741211,12.899999618530273,12.899999618530273,40249,0.0,0.0,0.0
2024-09-05 04:05:00+00:00,12.899999618530273,12.899999618530273,12.890000343322754,12.890000343322754,131862,0.0,0.0,0.0
2024-09-05 04:10:00+00:00,12.890000343322754,12.899999618530273,12.890000343322754,12.890000343322754,13312,0.0,0.0,0.0
2024-09-05 04:15:00+00:00,12.890000343322754,12.899999618530273,12.890000343322754,12.899999618530273,14642,0.0,0.0,0.0
2024-09-05 04:20:00+00:00,12.90999984741211,12.90999984741211,12.899999618530273,12.899999618530273,6017,0.0,0.0,0.0
2024-09-05 04:25:00+00:00,12.899999618530273,12.899999618530273,12.890000343322754,12.890000343322754,20525,0.0,0.0,0.0
2024-09-05 04:30:00+00:00,12.890000343322754,12.890000343322754,12.869999885559082,12.869999885559082,151165,0.0,0.0,0.0
2024-09-05 04:35:00+00:00,12.869999885559082,12.880000114440918,12.859999656677246,12.859999656677246,78388,0.0,0.0,0.0
2024-09-05 04:40:00+00:00,12.850000381469727,12.859999656677246,12.850000381469727,12.850000381469727,30812,0.0,0.0,0.0
2024-09-05 04:45:00+00:00,12.850000381469727,12.850000381469727,12.8100004196167,12.819999694824219,178407,0.0,0.0,0.0
2024-09-05 04:50:00+00:00,12.8100004196167,12.829999923706055,12.8100004196167,12.819999694824219,7460,0.0,0.0,0.0
2024-09-05 04:55:00+00:00,12.829999923706055,12.84000015258789,12.829999923706055,12.829999923706055,22243,0.0,0.0,0.0
2024-09-05 05:00:00+00:00,12.829999923706055,12.829999923706055,12.8100004196167,12.819999694824219,52320,0.0,0.0,0.0
2024-09-05 05:05:00+00:00,12.8100004196167,12.8100004196167,12.800000190734863,12.8100004196167,156533,0.0,0.0,0.0
2024-09-06 01:00:00+00:00,12.84000015258789,12.90999984741211,12.829999923706055,12.829999923706055,0,0.0,0.0,0.0
2024-09-06 01:05:00+00:00,12.819999694824219,12.819999694824219,12.789999961853027,12.789999961853027,75000,0.0,0.0,0.0
2024-09-06 01:10:00+00:00,12.800000190734863,12.84000015258789,12.800000190734863,12.829999923706055,118459,0.0,0.0,0.0
2024-09-06 01:15:00+00:00,12.829999923706055,12.899999618530273,12.829999923706055,12.899999618530273,259813,0.0,0.0,0.0
2024-09-06 01:20:00+00:00,12.899999618530273,12.90999984741211,12.880000114440918,12.90999984741211,85362,0.0,0.0,0.0
2024-09-06 01:25:00+00:00,12.90999984741211,12.930000305175781,12.90999984741211,12.930000305175781,88006,0.0,0.0,0.0
2024-09-06 01:30:00+00:00,12.930000305175781,12.930000305175781,12.90999984741211,12.90999984741211,80556,0.0,0.0,0.0
2024-09-06 01:35:00+00:00,12.90999984741211,12.90999984741211,12.899999618530273,12.90999984741211,46084,0.0,0.0,0.0
2024-09-06 01:40:00+00:00,12.920000076293945,12.949999809265137,12.920000076293945,12.9399995803833,70182,0.0,0.0,0.0
2024-09-06 01:45:00+00:00,12.949999809265137,12.960000038146973,12.949999809265137,12.949999809265137,40169,0.0,0.0,0.0
2024-09-06 01:50:00+00:00,12.960000038146973,12.960000038146973,12.949999809265137,12.949999809265137,11277,0.0,0.0,0.0
2024-09-06 01:55:00+00:00,12.949999809265137,12.949999809265137,12.9399995803833,12.9399995803833,13042,0.0,0.0,0.0
2024-09-06 02:00:00+00:00,12.949999809265137,12.970000267028809,12.9399995803833,12.970000267028809,162706,0.0,0.0,0.0
2024-09-06 02:05:00+00:00,12.970000267028809,12.989999771118164,12.960000038146973,12.989999771118164,59867,0.0,0.0,0.0
2024-09-06 02:10:00+00:00,12.989999771118164,13.0,12.979999542236328,12.989999771118164,68998,0.0,0.0,0.0
2024-09-06 02:15:00+00:00,12.989999771118164,13.0,12.979999542236328,13.0,72432,0.0,0.0,0.0
2024-09-06 02:20:00+00:00,13.0,13.0,12.989999771118164,12.989999771118164,14628,0.0,0.0,0.0
2024-09-06 02:25:00+00:00,12.979999542236328,12.989999771118164,12.960000038146973,12.989999771118164,17460,0.0,0.0,0.0
2024-09-06 02:30:00+00:00,12.979999542236328,12.979999542236328,12.979999542236328,12.979999542236328,10034,0.0,0.0,0.0
2024-09-06 02:35:00+00:00,12.979999542236328,12.979999542236328,12.960000038146973,12.970000267028809,22012,0.0,0.0,0.0
2024-09-06 02:40:00+00:00,12.970000267028809,12.970000267028809,12.960000038146973,12.960000038146973,14617,0.0,0.0,0.0
2024-09-06 02:45:00+00:00,12.970000267028809,12.970000267028809,12.960000038146973,12.960000038146973,9953,0.0,0.0,0.0
2024-09-06 02:50:00+00:00,12.960000038146973,12.960000038146973,12.9399995803833,12.9399995803833,30208,0.0,0.0,0.0
2024-09-06 02:55:00+00:00,12.9399995803833,12.949999809265137,12.9399995803833,12.949999809265137,83598,0.0,0.0,0.0
2024-09-06 03:00:00+00:00,12.949999809265137,12.970000267028809,12.949999809265137,12.960000038146973,127143,0.0,0.0,0.0
2024-09-06 03:05:00+00:00,12.970000267028809,12.979999542236328,12.970000267028809,12.979999542236328,59791,0.0,0.0,0.0
2024-09-06 03:10:00+00:00,12.979999542236328,12.979999542236328,12.960000038146973,12.970000267028809,24011,0.0,0.0,0.0
2024-09-06 03:15:00+00:00,12.979999542236328,12.979999542236328,12.979999542236328,12.979999542236328,3045,0.0,0.0,0.0
2024-09-06 03:20:00+00:00,12.970000267028809,12.970000267028809,12.970000267028809,12.970000267028809,1632,0.0,0.0,0.0
2024-09-06 03:25:00+00:00,12.970000267028809,12.970000267028809,12.970000267028809,12.970000267028809,1010,0.0,0.0,0.0
2024-09-06 03:30:00+00:00,12.960000038146973,12.960000038146973,12.960000038146973,12.960000038146973,16975,0.0,0.0,0.0
2024-09-06 03:40:00+00:00,12.960000038146973,12.960000038146973,12.960000038146973,12.960000038146973,12100,0.0,0.0,0.0
2024-09-06 03:45:00+00:00,12.960000038146973,12.960000038146973,12.960000038146973,12.960000038146973,10417,0.0,0.0,0.0
2024-09-06 03:50:00+00:00,12.960000038146973,12.960000038146973,12.949999809265137,12.949999809265137,8567,0.0,0.0,0.0
2024-09-06 03:55:00+00:00,12.960000038146973,12.960000038146973,12.949999809265137,12.949999809265137,12103,0.0,0.0,0.0
2024-09-06 04:00:00+00:00,12.949999809265137,12.960000038146973,12.949999809265137,12.960000038146973,4056,0.0,0.0,0.0
2024-09-06 04:05:00+00:00,12.949999809265137,12.949999809265137,12.9399995803833,12.949999809265137,36410,0.0,0.0,0.0
2024-09-06 04:10:00+00:00,12.9399995803833,12.9399995803833,12.9399995803833,12.9399995803833,6717,0.0,0.0,0.0
2024-09-06 04:15:00+00:00,12.949999809265137,12.949999809265137,12.949999809265137,12.949999809265137,8120,0.0,0.0,0.0
2024-09-06 04:20:00+00:00,12.9399995803833,12.949999809265137,12.9399995803833,12.949999809265137,47067,0.0,0.0,0.0
2024-09-06 04:25:00+00:00,12.960000038146973,12.960000038146973,12.960000038146973,12.960000038146973,12228,0.0,0.0,0.0
2024-09-06 04:30:00+00:00,12.960000038146973,12.960000038146973,12.960000038146973,12.960000038146973,4234,0.0,0.0,0.0
2024-09-06 04:35:00+00:00,12.960000038146973,12.960000038146973,12.960000038146973,12.960000038146973,13631,0.0,0.0,0.0
2024-09-06 04:40:00+00:00,12.960000038146973,12.960000038146973,12.960000038146973,12.960000038146973,4337,0.0,0.0,0.0
2024-09-06 04:45:00+00:00,12.960000038146973,12.960000038146973,12.960000038146973,12.960000038146973,4495,0.0,0.0,0.0
2024-09-06 04:50:00+00:00,12.960000038146973,12.960000038146973,12.960000038146973,12.960000038146973,10005,0.0,0.0,0.0
2024-09-06 04:55:00+00:00,12.949999809265137,12.960000038146973,12.949999809265137,12.960000038146973,30435,0.0,0.0,0.0
2024-09-06 05:00:00+00:00,12.960000038146973,12.970000267028809,12.960000038146973,12.970000267028809,20767,0.0,0.0,0.0
2024-09-06 05:05:00+00:00,12.970000267028809,12.970000267028809,12.970000267028809,12.970000267028809,19352,0.0,0.0,0.0
2024-09-06 05:10:00+00:00,12.970000267028809,12.970000267028809,12.960000038146973,12.960000038146973,16133,0.0,0.0,0.0
2024-09-09 01:00:00+00:00,12.680000305175781,12.739999771118164,12.680000305175781,12.739999771118164,0,0.0,0.0,0.0
2024-09-09 01:05:00+00:00,12.739999771118164,12.739999771118164,12.6899995803833,12.710000038146973,588000,0.0,0.0,0.0
2024-09-09 01:10:00+00:00,12.710000038146973,12.75,12.699999809265137,12.729999542236328,156975,0.0,0.0,0.0
2024-09-09 01:15:00+00:00,12.729999542236328,12.729999542236328,12.710000038146973,12.710000038146973,137079,0.0,0.0,0.0
2024-09-09 01:20:00+00:00,12.710000038146973,12.710000038146973,12.6899995803833,12.699999809265137,432891,0.0,0.0,0.0
2024-09-09 01:25:00+00:00,12.6899995803833,12.710000038146973,12.6899995803833,12.710000038146973,54564,0.0,0.0,0.0
2024-09-09 01:30:00+00:00,12.710000038146973,12.720000267028809,12.699999809265137,12.720000267028809,111394,0.0,0.0,0.0
2024-09-09 01:35:00+00:00,12.720000267028809,12.720000267028809,12.699999809265137,12.710000038146973,65589,0.0,0.0,0.0
2024-09-09 01:40:00+00:00,12.710000038146973,12.720000267028809,12.710000038146973,12.710000038146973,26549,0.0,0.0,0.0
2024-09-09 01:45:00+00:00,12.729999542236328,12.729999542236328,12.729999542236328,12.729999542236328,44522,0.0,0.0,0.0
2024-09-09 01:50:00+00:00,12.75,12.779999732971191,12.75,12.770000457763672,130669,0.0,0.0,0.0
2024-09-09 01:55:00+00:00,12.770000457763672,12.779999732971191,12.760000228881836,12.760000228881836,34523,0.0,0.0,0.0
2024-09-09 02:00:00+00:00,12.770000457763672,12.770000457763672,12.739999771118164,12.739999771118164,118775,0.0,0.0,0.0
2024-09-09 02:05:00+00:00,12.75,12.75,12.739999771118164,12.75,23358,0.0,0.0,0.0
2024-09-09 02:10:00+00:00,12.75,12.75,12.729999542236328,12.729999542236328,93016,0.0,0.0,0.0
2024-09-09 02:15:00+00:00,12.739999771118164,12.75,12.729999542236328,12.729999542236328,124770,0.0,0.0,0.0
2024-09-09 02:20:00+00:00,12.729999542236328,12.729999542236328,12.720000267028809,12.720000267028809,49581,0.0,0.0,0.0
2024-09-09 02:25:00+00:00,12.729999542236328,12.729999542236328,12.720000267028809,12.720000267028809,13435,0.0,0.0,0.0
2024-09-09 02:30:00+00:00,12.729999542236328,12.739999771118164,12.729999542236328,12.729999542236328,7312,0.0,0.0,0.0
2024-09-09 02:35:00+00:00,12.75,12.75,12.739999771118164,12.75,7779,0.0,0.0,0.0
2024-09-09 02:40:00+00:00,12.739999771118164,12.739999771118164,12.729999542236328,12.729999542236328,15829,0.0,0.0,0.0
2024-09-09 02:45:00+00:00,12.739999771118164,12.739999771118164,12.729999542236328,12.729999542236328,16204,0.0,0.0,0.0
2024-09-09 02:50:00+00:00,12.729999542236328,12.739999771118164,12.720000267028809,12.720000267028809,11551,0.0,0.0,0.0
2024-09-09 02:55:00+00:00,12.739999771118164,12.739999771118164,12.739999771118164,12.739999771118164,16150,0.0,0.0,0.0
2024-09-09 03:00:00+00:00,12.739999771118164,12.739999771118164,12.739999771118164,12.739999771118164,14982,0.0,0.0,0.0
2024-09-09 03:05:00+00:00,12.75,12.75,12.739999771118164,12.739999771118164,56849,0.0,0.0,0.0
2024-09-09 03:10:00+00:00,12.739999771118164,12.75,12.739999771118164,12.739999771118164,94419,0.0,0.0,0.0
2024-09-09 03:15:00+00:00,12.770000457763672,12.770000457763672,12.770000457763672,12.770000457763672,9218,0.0,0.0,0.0
2024-09-09 03:20:00+00:00,12.760000228881836,12.770000457763672,12.760000228881836,12.760000228881836,37527,0.0,0.0,0.0
2024-09-09 03:25:00+00:00,12.75,12.760000228881836,12.739999771118164,12.739999771118164,63925,0.0,0.0,0.0
2024-09-09 03:30:00+00:00,12.75,12.75,12.739999771118164,12.75,30928,0.0,0.0,0.0
2024-09-09 03:35:00+00:00,12.75,12.75,12.739999771118164,12.75,39229,0.0,0.0,0.0
2024-09-09 03:40:00+00:00,12.75,12.75,12.75,12.75,23379,0.0,0.0,0.0
2024-09-09 03:45:00+00:00,12.75,12.75,12.739999771118164,12.75,13363,0.0,0.0,0.0
2024-09-09 03:50:00+00:00,12.75,12.75,12.75,12.75,58790,0.0,0.0,0.0
2024-09-09 03:55:00+00:00,12.75,12.75,12.739999771118164,12.75,28565,0.0,0.0,0.0
2024-09-09 04:00:00+00:00,12.75,12.75,12.75,12.75,20915,0.0,0.0,0.0
2024-09-09 04:05:00+00:00,12.75,12.760000228881836,12.75,12.760000228881836,19287,0.0,0.0,0.0
2024-09-09 04:10:00+00:00,12.760000228881836,12.800000190734863,12.760000228881836,12.789999961853027,119000,0.0,0.0,0.0
2024-09-09 04:15:00+00:00,12.800000190734863,12.800000190734863,12.789999961853027,12.789999961853027,17838,0.0,0.0,0.0
2024-09-09 04:20:00+00:00,12.789999961853027,12.800000190734863,12.779999732971191,12.779999732971191,54153,0.0,0.0,0.0
2024-09-09 04:25:00+00:00,12.770000457763672,12.779999732971191,12.770000457763672,12.770000457763672,15528,0.0,0.0,0.0
2024-09-09 04:30:00+00:00,12.779999732971191,12.779999732971191,12.770000457763672,12.770000457763672,26710,0.0,0.0,0.0
2024-09-09 04:35:00+00:00,12.770000457763672,12.779999732971191,12.770000457763672,12.779999732971191,20283,0.0,0.0,0.0
2024-09-09 04:40:00+00:00,12.779999732971191,12.789999961853027,12.779999732971191,12.789999961853027,82390,0.0,0.0,0.0
2024-09-09 04:45:00+00:00,12.800000190734863,12.800000190734863,12.789999961853027,12.800000190734863,114020,0.0,0.0,0.0
2024-09-09 04:50:00+00:00,12.800000190734863,12.819999694824219,12.800000190734863,12.819999694824219,25959,0.0,0.0,0.0
2024-09-09 04:55:00+00:00,12.819999694824219,12.819999694824219,12.8100004196167,12.8100004196167,218313,0.0,0.0,0.0
2024-09-09 05:00:00+00:00,12.819999694824219,12.819999694824219,12.819999694824219,12.819999694824219,8677,0.0,0.0,0.0
2024-09-09 05:05:00+00:00,12.8100004196167,12.8100004196167,12.800000190734863,12.8100004196167,42740,0.0,0.0,0.0
2024-09-09 05:10:00+00:00,12.8100004196167,12.819999694824219,12.800000190734863,12.8100004196167,32554,0.0,0.0,0.0
2024-09-09 05:15:00+00:00,12.819999694824219,12.819999694824219,12.8100004196167,12.8100004196167,34800,0.0,0.0,0.0
2024-09-09 05:20:00+00:00,12.8100004196167,12.819999694824219,12.800000190734863,12.819999694824219,22556,0.0,0.0,0.0
2024-09-10 01:00:00+00:00,12.949999809265137,12.949999809265137,12.90999984741211,12.920000076293945,0,0.0,0.0,0.0
2024-09-10 01:05:00+00:00,12.920000076293945,12.920000076293945,12.880000114440918,12.880000114440918,57455,0.0,0.0,0.0
2024-09-10 01:10:00+00:00,12.890000343322754,12.899999618530273,12.880000114440918,12.880000114440918,36905,0.0,0.0,0.0
2024-09-10 01:15:00+00:00,12.880000114440918,12.880000114440918,12.859999656677246,12.869999885559082,26125,0.0,0.0,0.0
2024-09-10 01:20:00+00:00,12.859999656677246,12.899999618530273,12.859999656677246,12.899999618530273,72119,0.0,0.0,0.0
2024-09-10 01:25:00+00:00,12.899999618530273,12.899999618530273,12.890000343322754,12.890000343322754,49726,0.0,0.0,0.0
2024-09-10 01:30:00+00:00,12.890000343322754,12.890000343322754,12.859999656677246,12.859999656677246,58925,0.0,0.0,0.0
2024-09-10 01:35:00+00:00,12.859999656677246,12.869999885559082,12.859999656677246,12.869999885559082,17894,0.0,0.0,0.0
2024-09-10 01:40:00+00:00,12.869999885559082,12.869999885559082,12.84000015258789,12.84000015258789,96467,0.0,0.0,0.0
2024-09-10 01:45:00+00:00,12.84000015258789,12.84000015258789,12.829999923706055,12.84000015258789,53363,0.0,0.0,0.0
2024-09-10 01:50:00+00:00,12.829999923706055,12.84000015258789,12.829999923706055,12.84000015258789,12782,0.0,0.0,0.0
2024-09-10 01:55:00+00:00,12.859999656677246,12.859999656677246,12.859999656677246,12.859999656677246,5000,0.0,0.0,0.0
2024-09-10 02:00:00+00:00,12.869999885559082,12.869999885559082,12.829999923706055,12.829999923706055,28769,0.0,0.0,0.0
2024-09-10 02:05:00+00:00,12.829999923706055,12.829999923706055,12.819999694824219,12.829999923706055,61607,0.0,0.0,0.0
2024-09-10 02:10:00+00:00,12.829999923706055,12.829999923706055,12.819999694824219,12.819999694824219,64079,0.0,0.0,0.0
2024-09-10 02:15:00+00:00,12.819999694824219,12.829999923706055,12.8100004196167,12.829999923706055,25067,0.0,0.0,0.0
2024-09-10 02:20:00+00:00,12.819999694824219,12.829999923706055,12.819999694824219,12.829999923706055,10303,0.0,0.0,0.0
2024-09-10 02:25:00+00:00,12.829999923706055,12.829999923706055,12.829999923706055,12.829999923706055,11077,0.0,0.0,0.0
2024-09-10 02:30:00+00:00,12.829999923706055,12.84000015258789,12.829999923706055,12.84000015258789,17853,0.0,0.0,0.0
2024-09-10 02:35:00+00:00,12.84000015258789,12.850000381469727,12.84000015258789,12.850000381469727,9230,0.0,0.0,0.0
2024-09-10 02:40:00+00:00,12.850000381469727,12.859999656677246,12.850000381469727,12.859999656677246,16029,0.0,0.0,0.0
2024-09-10 02:45:00+00:00,12.859999656677246,12.869999885559082,12.859999656677246,12.859999656677246,15525,0.0,0.0,0.0
2024-09-10 02:50:00+00:00,12.859999656677246,12.859999656677246,12.850000381469727,12.850000381469727,8419,0.0,0.0,0.0
2024-09-10 02:55:00+00:00,12.850000381469727,12.850000381469727,12.850000381469727,12.850000381469727,3058,0.0,0.0,0.0
2024-09-10 03:00:00+00:00,12.859999656677246,12.869999885559082,12.859999656677246,12.869999885559082,9553,0.0,0.0,0.0
2024-09-10 03:05:00+00:00,12.869999885559082,12.869999885559082,12.850000381469727,12.859999656677246,9618,0.0,0.0,0.0
2024-09-10 03:10:00+00:00,12.850000381469727,12.850000381469727,12.84000015258789,12.84000015258789,9900,0.0,0.0,0.0
2024-09-10 03:15:00+00:00,12.84000015258789,12.84000015258789,12.829999923706055,12.829999923706055,18700,0.0,0.0,0.0
2024-09-10 03:20:00+00:00,12.829999923706055,12.829999923706055,12.819999694824219,12.829999923706055,86742,0.0,0.0,0.0
2024-09-10 03:25:00+00:00,12.819999694824219,12.819999694824219,12.819999694824219,12.819999694824219,64741,0.0,0.0,0.0
2024-09-10 03:30:00+00:00,12.8100004196167,12.819999694824219,12.8100004196167,12.8100004196167,25087,0.0,0.0,0.0
2024-09-10 03:40:00+00:00,12.819999694824219,12.829999923706055,12.819999694824219,12.829999923706055,5029,0.0,0.0,0.0
2024-09-10 03:45:00+00:00,12.819999694824219,12.819999694824219,12.819999694824219,12.819999694824219,17299,0.0,0.0,0.0
2024-09-10 03:50:00+00:00,12.8100004196167,12.819999694824219,12.8100004196167,12.819999694824219,34029,0.0,0.0,0.0
2024-09-10 03:55:00+00:00,12.819999694824219,12.819999694824219,12.8100004196167,12.819999694824219,46570,0.0,0.0,0.0
2024-09-10 04:00:00+00:00,12.819999694824219,12.829999923706055,12.819999694824219,12.829999923706055,20139,0.0,0.0,0.0
2024-09-10 04:05:00+00:00,12.829999923706055,12.84000015258789,12.819999694824219,12.84000015258789,6529,0.0,0.0,0.0
2024-09-10 04:10:00+00:00,12.829999923706055,12.829999923706055,12.8100004196167,12.8100004196167,29329,0.0,0.0,0.0
2024-09-10 04:15:00+00:00,12.8100004196167,12.819999694824219,12.8100004196167,12.819999694824219,31549,0.0,0.0,0.0
2024-09-10 04:20:00+00:00,12.819999694824219,12.819999694824219,12.8100004196167,12.8100004196167,73618,0.0,0.0,0.0
2024-09-10 04:25:00+00:00,12.800000190734863,12.800000190734863,12.779999732971191,12.779999732971191,392755,0.0,0.0,0.0
2024-09-10 04:30:00+00:00,12.779999732971191,12.779999732971191,12.75,12.75,156576,0.0,0.0,0.0
2024-09-10 04:35:00+00:00,12.75,12.75,12.729999542236328,12.75,49151,0.0,0.0,0.0
2024-09-10 04:40:00+00:00,12.75,12.75,12.739999771118164,12.75,33685,0.0,0.0,0.0
2024-09-10 04:45:00+00:00,12.75,12.75,12.720000267028809,12.739999771118164,133079,0.0,0.0,0.0
2024-09-10 04:50:00+00:00,12.739999771118164,12.739999771118164,12.729999542236328,12.729999542236328,54802,0.0,0.0,0.0
2024-09-10 04:55:00+00:00,12.729999542236328,12.739999771118164,12.729999542236328,12.739999771118164,18432,0.0,0.0,0.0
2024-09-10 05:00:00+00:00,12.75,12.760000228881836,12.739999771118164,12.760000228881836,96690,0.0,0.0,0.0
2024-09-10 05:05:00+00:00,12.760000228881836,12.779999732971191,12.760000228881836,12.770000457763672,17600,0.0,0.0,0.0
2024-09-10 05:10:00+00:00,12.770000457763672,12.779999732971191,12.770000457763672,12.770000457763672,29722,0.0,0.0,0.0
2024-09-11 01:00:00+00:00,12.789999961853027,12.819999694824219,12.770000457763672,12.770000457763672,0,0.0,0.0,0.0
2024-09-11 01:05:00+00:00,12.770000457763672,12.800000190734863,12.770000457763672,12.800000190734863,27775,0.0,0.0,0.0
2024-09-11 01:10:00+00:00,12.789999961853027,12.800000190734863,12.75,12.789999961853027,292102,0.0,0.0,0.0
2024-09-11 01:15:00+00:00,12.789999961853027,12.789999961853027,12.760000228881836,12.770000457763672,21000,0.0,0.0,0.0
2024-09-11 01:20:00+00:00,12.770000457763672,12.779999732971191,12.760000228881836,12.779999732971191,245639,0.0,0.0,0.0
2024-09-11 01:25:00+00:00,12.789999961853027,12.800000190734863,12.779999732971191,12.800000190734863,65273,0.0,0.0,0.0
2024-09-11 01:30:00+00:00,12.8100004196167,12.8100004196167,12.779999732971191,12.789999961853027,96790,0.0,0.0,0.0
2024-09-11 01:35:00+00:00,12.779999732971191,12.779999732971191,12.75,12.75,39178,0.0,0.0,0.0
2024-09-11 01:40:00+00:00,12.770000457763672,12.8100004196167,12.770000457763672,12.8100004196167,139938,0.0,0.0,0.0
2024-09-11 01:45:00+00:00,12.800000190734863,12.8100004196167,12.800000190734863,12.800000190734863,16263,0.0,0.0,0.0
2024-09-11 01:50:00+00:00,12.800000190734863,12.8100004196167,12.800000190734863,12.800000190734863,48333,0.0,0.0,0.0
2024-09-11 01:55:00+00:00,12.800000190734863,12.8100004196167,12.800000190734863,12.800000190734863,24111,0.0,0.0,0.0
2024-09-11 02:00:00+00:00,12.789999961853027,12.789999961853027,12.789999961853027,12.789999961853027,22127,0.0,0.0,0.0
2024-09-11 02:05:00+00:00,12.789999961853027,12.789999961853027,12.789999961853027,12.789999961853027,4264,0.0,0.0,0.0
2024-09-11 02:10:00+00:00,12.789999961853027,12.789999961853027,12.779999732971191,12.779999732971191,29273,0.0,0.0,0.0
2024-09-11 02:15:00+00:00,12.770000457763672,12.779999732971191,12.770000457763672,12.779999732971191,56804,0.0,0.0,0.0
2024-09-11 02:20:00+00:00,12.779999732971191,12.800000190734863,12.779999732971191,12.800000190734863,11032,0.0,0.0,0.0
2024-09-11 02:25:00+00:00,12.800000190734863,12.800000190734863,12.789999961853027,12.800000190734863,24232,0.0,0.0,0.0
2024-09-11 02:30:00+00:00,12.789999961853027,12.789999961853027,12.789999961853027,12.789999961853027,60034,0.0,0.0,0.0
2024-09-11 02:35:00+00:00,12.789999961853027,12.789999961853027,12.779999732971191,12.779999732971191,10329,0.0,0.0,0.0
2024-09-11 02:40:00+00:00,12.800000190734863,12.800000190734863,12.789999961853027,12.789999961853027,23102,0.0,0.0,0.0
2024-09-11 02:45:00+00:00,12.789999961853027,12.789999961853027,12.779999732971191,12.779999732971191,5172,0.0,0.0,0.0
2024-09-11 02:50:00+00:00,12.779999732971191,12.789999961853027,12.779999732971191,12.789999961853027,30178,0.0,0.0,0.0
2024-09-11 02:55:00+00:00,12.789999961853027,12.789999961853027,12.789999961853027,12.789999961853027,12292,0.0,0.0,0.0
2024-09-11 03:00:00+00:00,12.789999961853027,12.789999961853027,12.779999732971191,12.789999961853027,42244,0.0,0.0,0.0
2024-09-11 03:05:00+00:00,12.789999961853027,12.789999961853027,12.779999732971191,12.779999732971191,9144,0.0,0.0,0.0
2024-09-11 03:15:00+00:00,12.779999732971191,12.779999732971191,12.770000457763672,12.770000457763672,33682,0.0,0.0,0.0
2024-09-11 03:20:00+00:00,12.760000228881836,12.760000228881836,12.760000228881836,12.760000228881836,50227,0.0,0.0,0.0
2024-09-11 03:25:00+00:00,12.760000228881836,12.760000228881836,12.760000228881836,12.760000228881836,11498,0.0,0.0,0.0
2024-09-11 03:30:00+00:00,12.770000457763672,12.770000457763672,12.75,12.75,210347,0.0,0.0,0.0
2024-09-11 03:35:00+00:00,12.75,12.75,12.75,12.75,12515,0.0,0.0,0.0
2024-09-11 03:40:00+00:00,12.75,12.75,12.75,12.75,12227,0.0,0.0,0.0
2024-09-11 03:45:00+00:00,12.75,12.75,12.75,12.75,14397,0.0,0.0,0.0
2024-09-11 03:50:00+00:00,12.75,12.75,12.739999771118164,12.75,16246,0.0,0.0,0.0
2024-09-11 03:55:00+00:00,12.75,12.75,12.75,12.75,10738,0.0,0.0,0.0
2024-09-11 04:00:00+00:00,12.75,12.75,12.75,12.75,11300,0.0,0.0,0.0
2024-09-11 04:05:00+00:00,12.75,12.760000228881836,12.75,12.760000228881836,12541,0.0,0.0,0.0
2024-09-11 04:10:00+00:00,12.760000228881836,12.760000228881836,12.75,12.760000228881836,6382,0.0,0.0,0.0
2024-09-11 04:15:00+00:00,12.760000228881836,12.760000228881836,12.75,12.75,31540,0.0,0.0,0.0
2024-09-11 04:20:00+00:00,12.75,12.75,12.739999771118164,12.739999771118164,19716,0.0,0.0,0.0
2024-09-11 04:25:00+00:00,12.75,12.75,12.739999771118164,12.75,79298,0.0,0.0,0.0
2024-09-11 04:30:00+00:00,12.760000228881836,12.760000228881836,12.760000228881836,12.760000228881836,16894,0.0,0.0,0.0
2024-09-11 04:35:00+00:00,12.760000228881836,12.760000228881836,12.75,12.75,28210,0.0,0.0,0.0
2024-09-11 04:40:00+00:00,12.75,12.760000228881836,12.75,12.760000228881836,79330,0.0,0.0,0.0
2024-09-11 04:45:00+00:00,12.760000228881836,12.760000228881836,12.75,12.75,6410,0.0,0.0,0.0
2024-09-11 04:50:00+00:00,12.75,12.75,12.75,12.75,10741,0.0,0.0,0.0
2024-09-11 04:55:00+00:00,12.75,12.75,12.75,12.75,39126,0.0,0.0,0.0
2024-09-11 05:00:00+00:00,12.760000228881836,12.760000228881836,12.75,12.75,28436,0.0,0.0,0.0
2024-09-11 05:05:00+00:00,12.75,12.760000228881836,12.75,12.75,57297,0.0,0.0,0.0
2024-09-11 05:10:00+00:00,12.75,12.760000228881836,12.75,12.75,50841,0.0,0.0,0.0
2024-09-11 05:15:00+00:00,12.75,12.760000228881836,12.75,12.75,43428,0.0,0.0,0.0
2024-09-11 05:20:00+00:00,12.75,12.75,12.739999771118164,12.75,20526,0.0,0.0,0.0
2024-09-12 01:00:00+00:00,13.0,13.039999961853027,13.0,13.010000228881836,0,0.0,0.0,0.0
2024-09-12 01:05:00+00:00,13.020000457763672,13.039999961853027,13.010000228881836,13.029999732971191,217934,0.0,0.0,0.0
2024-09-12 01:10:00+00:00,13.029999732971191,13.029999732971191,13.0,13.0,64656,0.0,0.0,0.0
2024-09-12 01:15:00+00:00,13.0,13.010000228881836,13.0,13.010000228881836,148401,0.0,0.0,0.0
2024-09-12 01:20:00+00:00,13.010000228881836,13.010000228881836,13.0,13.0,61998,0.0,0.0,0.0
2024-09-12 01:25:00+00:00,13.0,13.0,13.0,13.0,108469,0.0,0.0,0.0
2024-09-12 01:30:00+00:00,13.0,13.029999732971191,12.989999771118164,13.029999732971191,300407,0.0,0.0,0.0
2024-09-12 01:35:00+00:00,13.029999732971191,13.0600004196167,13.020000457763672,13.0600004196167,279156,0.0,0.0,0.0
2024-09-12 01:40:00+00:00,13.0600004196167,13.09000015258789,13.0600004196167,13.09000015258789,155290,0.0,0.0,0.0
2024-09-12 01:45:00+00:00,13.09000015258789,13.100000381469727,13.069999694824219,13.079999923706055,94715,0.0,0.0,0.0
2024-09-12 01:50:00+00:00,13.09000015258789,13.09000015258789,13.09000015258789,13.09000015258789,61512,0.0,0.0,0.0
2024-09-12 01:55:00+00:00,13.09000015258789,13.09000015258789,13.079999923706055,13.079999923706055,18165,0.0,0.0,0.0
2024-09-12 02:00:00+00:00,13.09000015258789,13.100000381469727,13.09000015258789,13.09000015258789,157298,0.0,0.0,0.0
2024-09-12 02:05:00+00:00,13.100000381469727,13.100000381469727,13.069999694824219,13.069999694824219,110957,0.0,0.0,0.0
2024-09-12 02:10:00+00:00,13.09000015258789,13.100000381469727,13.09000015258789,13.09000015258789,13505,0.0,0.0,0.0
2024-09-12 02:15:00+00:00,13.09000015258789,13.09000015258789,13.079999923706055,13.079999923706055,13215,0.0,0.0,0.0
2024-09-12 02:20:00+00:00,13.100000381469727,13.109999656677246,13.100000381469727,13.109999656677246,85665,0.0,0.0,0.0
2024-09-12 02:25:00+00:00,13.109999656677246,13.119999885559082,13.109999656677246,13.119999885559082,8821,0.0,0.0,0.0
2024-09-12 02:30:00+00:00,13.109999656677246,13.130000114440918,13.109999656677246,13.119999885559082,75349,0.0,0.0,0.0
2024-09-12 02:35:00+00:00,13.130000114440918,13.130000114440918,13.119999885559082,13.119999885559082,52330,0.0,0.0,0.0
2024-09-12 02:40:00+00:00,13.119999885559082,13.119999885559082,13.119999885559082,13.119999885559082,22116,0.0,0.0,0.0
2024-09-12 02:45:00+00:00,13.130000114440918,13.149999618530273,13.130000114440918,13.140000343322754,83680,0.0,0.0,0.0
2024-09-12 02:50:00+00:00,13.140000343322754,13.140000343322754,13.130000114440918,13.130000114440918,16410,0.0,0.0,0.0
2024-09-12 02:55:00+00:00,13.130000114440918,13.130000114440918,13.130000114440918,13.130000114440918,7040,0.0,0.0,0.0
2024-09-12 03:00:00+00:00,13.130000114440918,13.140000343322754,13.130000114440918,13.130000114440918,24240,0.0,0.0,0.0
2024-09-12 03:05:00+00:00,13.119999885559082,13.119999885559082,13.119999885559082,13.119999885559082,5105,0.0,0.0,0.0
2024-09-12 03:10:00+00:00,13.119999885559082,13.119999885559082,13.119999885559082,13.119999885559082,7473,0.0,0.0,0.0
2024-09-12 03:15:00+00:00,13.119999885559082,13.119999885559082,13.119999885559082,13.119999885559082,43035,0.0,0.0,0.0
2024-09-12 03:20:00+00:00,13.130000114440918,13.130000114440918,13.119999885559082,13.130000114440918,17016,0.0,0.0,0.0
2024-09-12 03:25:00+00:00,13.130000114440918,13.130000114440918,13.119999885559082,13.119999885559082,6550,0.0,0.0,0.0
2024-09-12 03:30:00+00:00,13.119999885559082,13.119999885559082,13.119999885559082,13.119999885559082,14025,0.0,0.0,0.0
2024-09-12 03:35:00+00:00,13.119999885559082,13.119999885559082,13.119999885559082,13.119999885559082,23283,0.0,0.0,0.0
2024-09-12 03:40:00+00:00,13.119999885559082,13.130000114440918,13.119999885559082,13.130000114440918,34385,0.0,0.0,0.0
2024-09-12 03:45:00+00:00,13.119999885559082,13.119999885559082,13.119999885559082,13.119999885559082,2100,0.0,0.0,0.0
2024-09-12 03:50:00+00:00,13.119999885559082,13.119999885559082,13.119999885559082,13.119999885559082,8115,0.0,0.0,0.0
2024-09-12 03:55:00+00:00,13.119999885559082,13.119999885559082,13.119999885559082,13.119999885559082,3158,0.0,0.0,0.0
2024-09-12 04:00:00+00:00,13.109999656677246,13.119999885559082,13.109999656677246,13.119999885559082,19644,0.0,0.0,0.0
2024-09-12 04:05:00+00:00,13.119999885559082,13.119999885559082,13.119999885559082,13.119999885559082,7132,0.0,0.0,0.0
2024-09-12 04:10:00+00:00,13.119999885559082,13.130000114440918,13.119999885559082,13.119999885559082,9375,0.0,0.0,0.0
2024-09-12 04:15:00+00:00,13.119999885559082,13.119999885559082,13.109999656677246,13.109999656677246,20275,0.0,0.0,0.0
2024-09-12 04:20:00+00:00,13.109999656677246,13.109999656677246,13.109999656677246,13.109999656677246,33375,0.0,0.0,0.0
2024-09-12 04:25:00+00:00,13.109999656677246,13.109999656677246,13.109999656677246,13.109999656677246,7115,0.0,0.0,0.0
2024-09-12 04:30:00+00:00,13.109999656677246,13.109999656677246,13.100000381469727,13.100000381469727,7060,0.0,0.0,0.0
2024-09-12 04:35:00+00:00,13.109999656677246,13.109999656677246,13.109999656677246,13.109999656677246,17187,0.0,0.0,0.0
2024-09-12 04:40:00+00:00,13.109999656677246,13.119999885559082,13.109999656677246,13.109999656677246,200660,0.0,0.0,0.0
2024-09-12 04:45:00+00:00,13.109999656677246,13.109999656677246,13.109999656677246,13.109999656677246,9599,0.0,0.0,0.0
2024-09-12 04:50:00+00:00,13.109999656677246,13.119999885559082,13.109999656677246,13.109999656677246,61851,0.0,0.0,0.0
2024-09-12 04:55:00+00:00,13.109999656677246,13.109999656677246,13.100000381469727,13.100000381469727,26770,0.0,0.0,0.0
2024-09-12 05:00:00+00:00,13.100000381469727,13.100000381469727,13.09000015258789,13.100000381469727,56292,0.0,0.0,0.0
2024-09-12 05:05:00+00:00,13.09000015258789,13.100000381469727,13.09000015258789,13.100000381469727,10233,0.0,0.0,0.0
2024-09-12 05:10:00+00:00,13.100000381469727,13.100000381469727,13.09000015258789,13.09000015258789,16040,0.0,0.0,0.0
2024-09-13 01:00:00+00:00,13.149999618530273,13.1899995803833,13.149999618530273,13.15999984741211,0,0.0,0.0,0.0
2024-09-13 01:05:00+00:00,13.149999618530273,13.180000305175781,13.149999618530273,13.170000076293945,62000,0.0,0.0,0.0
2024-09-13 01:10:00+00:00,13.180000305175781,13.180000305175781,13.15999984741211,13.15999984741211,91728,0.0,0.0,0.0
2024-09-13 01:15:00+00:00,13.149999618530273,13.149999618530273,13.130000114440918,13.140000343322754,50869,0.0,0.0,0.0
2024-09-13 01:20:00+00:00,13.130000114440918,13.130000114440918,13.119999885559082,13.119999885559082,13278,0.0,0.0,0.0
2024-09-13 01:25:00+00:00,13.119999885559082,13.140000343322754,13.109999656677246,13.140000343322754,109107,0.0,0.0,0.0
2024-09-13 01:30:00+00:00,13.140000343322754,13.149999618530273,13.130000114440918,13.130000114440918,131843,0.0,0.0,0.0
2024-09-13 01:35:00+00:00,13.149999618530273,13.149999618530273,13.149999618530273,13.149999618530273,1247,0.0,0.0,0.0
2024-09-13 01:40:00+00:00,13.149999618530273,13.15999984741211,13.149999618530273,13.149999618530273,199330,0.0,0.0,0.0
2024-09-13 01:45:00+00:00,13.140000343322754,13.140000343322754,13.119999885559082,13.119999885559082,26548,0.0,0.0,0.0
2024-09-13 01:50:00+00:00,13.119999885559082,13.140000343322754,13.119999885559082,13.140000343322754,26107,0.0,0.0,0.0
2024-09-13 01:55:00+00:00,13.119999885559082,13.119999885559082,13.119999885559082,13.119999885559082,3000,0.0,0.0,0.0
2024-09-13 02:00:00+00:00,13.130000114440918,13.130000114440918,13.109999656677246,13.119999885559082,24203,0.0,0.0,0.0
2024-09-13 02:05:00+00:00,13.109999656677246,13.119999885559082,13.100000381469727,13.109999656677246,30508,0.0,0.0,0.0
2024-09-13 02:10:00+00:00,13.109999656677246,13.109999656677246,13.100000381469727,13.109999656677246,61163,0.0,0.0,0.0
2024-09-13 02:15:00+00:00,13.119999885559082,13.119999885559082,13.119999885559082,13.119999885559082,4410,0.0,0.0,0.0
2024-09-13 02:20:00+00:00,13.119999885559082,13.119999885559082,13.109999656677246,13.109999656677246,7115,0.0,0.0,0.0
2024-09-13 02:25:00+00:00,13.100000381469727,13.119999885559082,13.100000381469727,13.119999885559082,8117,0.0,0.0,0.0
2024-09-13 02:30:00+00:00,13.119999885559082,13.119999885559082,13.119999885559082,13.119999885559082,5244,0.0,0.0,0.0
2024-09-13 02:35:00+00:00,13.109999656677246,13.109999656677246,13.109999656677246,13.109999656677246,8555,0.0,0.0,0.0
2024-09-13 02:40:00+00:00,13.119999885559082,13.119999885559082,13.09000015258789,13.09000015258789,56356,0.0,0.0,0.0
2024-09-13 02:45:00+00:00,13.100000381469727,13.100000381469727,13.079999923706055,13.079999923706055,24413,0.0,0.0,0.0
2024-09-13 02:50:00+00:00,13.09000015258789,13.100000381469727,13.09000015258789,13.100000381469727,7027,0.0,0.0,0.0
2024-09-13 02:55:00+00:00,13.100000381469727,13.100000381469727,13.100000381469727,13.100000381469727,2326,0.0,0.0,0.0
2024-09-13 03:00:00+00:00,13.100000381469727,13.100000381469727,13.079999923706055,13.100000381469727,4520,0.0,0.0,0.0
2024-09-13 03:05:00+00:00,13.100000381469727,13.100000381469727,13.09000015258789,13.09000015258789,118214,0.0,0.0,0.0
2024-09-13 03:10:00+00:00,13.109999656677246,13.109999656677246,13.100000381469727,13.100000381469727,6007,0.0,0.0,0.0
2024-09-13 03:15:00+00:00,13.109999656677246,13.109999656677246,13.109999656677246,13.109999656677246,4466,0.0,0.0,0.0
2024-09-13 03:20:00+00:00,13.109999656677246,13.119999885559082,13.109999656677246,13.109999656677246,10475,0.0,0.0,0.0
2024-09-13 03:25:00+00:00,13.109999656677246,13.119999885559082,13.109999656677246,13.119999885559082,16467,0.0,0.0,0.0
2024-09-13 03:30:00+00:00,13.109999656677246,13.109999656677246,13.100000381469727,13.100000381469727,10679,0.0,0.0,0.0
2024-09-13 03:35:00+00:00,13.100000381469727,13.100000381469727,13.100000381469727,13.100000381469727,1010,0.0,0.0,0.0
2024-09-13 03:40:00+00:00,13.109999656677246,13.119999885559082,13.109999656677246,13.119999885559082,64497,0.0,0.0,0.0
2024-09-13 03:45:00+00:00,13.119999885559082,13.119999885559082,13.109999656677246,13.109999656677246,21528,0.0,0.0,0.0
2024-09-13 03:50:00+00:00,13.109999656677246,13.119999885559082,13.109999656677246,13.119999885559082,4473,0.0,0.0,0.0
2024-09-13 03:55:00+00:00,13.109999656677246,13.109999656677246,13.109999656677246,13.109999656677246,1000,0.0,0.0,0.0
2024-09-13 04:00:00+00:00,13.109999656677246,13.109999656677246,13.109999656677246,13.109999656677246,8327,0.0,0.0,0.0
2024-09-13 04:05:00+00:00,13.109999656677246,13.119999885559082,13.109999656677246,13.109999656677246,3027,0.0,0.0,0.0
2024-09-13 04:10:00+00:00,13.109999656677246,13.119999885559082,13.109999656677246,13.119999885559082,6027,0.0,0.0,0.0
2024-09-13 04:15:00+00:00,13.119999885559082,13.130000114440918,13.109999656677246,13.130000114440918,21827,0.0,0.0,0.0
2024-09-13 04:20:00+00:00,13.130000114440918,13.130000114440918,13.119999885559082,13.119999885559082,47345,0.0,0.0,0.0
2024-09-13 04:25:00+00:00,13.109999656677246,13.130000114440918,13.109999656677246,13.130000114440918,20010,0.0,0.0,0.0
2024-09-13 04:30:00+00:00,13.130000114440918,13.130000114440918,13.130000114440918,13.130000114440918,5290,0.0,0.0,0.0
2024-09-13 04:35:00+00:00,13.130000114440918,13.130000114440918,13.130000114440918,13.130000114440918,20010,0.0,0.0,0.0
2024-09-13 04:40:00+00:00,13.130000114440918,13.130000114440918,13.130000114440918,13.130000114440918,15540,0.0,0.0,0.0
2024-09-13 04:45:00+00:00,13.140000343322754,13.140000343322754,13.140000343322754,13.140000343322754,1701,0.0,0.0,0.0
2024-09-13 04:50:00+00:00,13.130000114440918,13.140000343322754,13.130000114440918,13.140000343322754,38010,0.0,0.0,0.0
2024-09-13 04:55:00+00:00,13.140000343322754,13.149999618530273,13.130000114440918,13.140000343322754,47971,0.0,0.0,0.0
2024-09-13 05:05:00+00:00,13.140000343322754,13.140000343322754,13.140000343322754,13.140000343322754,1485,0.0,0.0,0.0
2024-09-13 05:10:00+00:00,13.140000343322754,13.140000343322754,13.130000114440918,13.140000343322754,14194,0.0,0.0,0.0
2024-09-16 01:00:00+00:00,13.149999618530273,13.210000038146973,13.149999618530273,13.1899995803833,0,0.0,0.0,0.0
2024-09-16 01:05:00+00:00,13.180000305175781,13.199999809265137,13.180000305175781,13.180000305175781,119267,0.0,0.0,0.0
2024-09-16 01:10:00+00:00,13.180000305175781,13.180000305175781,13.149999618530273,13.15999984741211,60655,0.0,0.0,0.0
2024-09-16 01:15:00+00:00,13.15999984741211,13.15999984741211,13.149999618530273,13.15999984741211,64119,0.0,0.0,0.0
2024-09-16 01:20:00+00:00,13.15999984741211,13.15999984741211,13.149999618530273,13.15999984741211,16319,0.0,0.0,0.0
2024-09-16 01:25:00+00:00,13.149999618530273,13.15999984741211,13.149999618530273,13.15999984741211,29129,0.0,0.0,0.0
2024-09-16 01:30:00+00:00,13.15999984741211,13.170000076293945,13.15999984741211,13.170000076293945,24887,0.0,0.0,0.0
2024-09-16 01:35:00+00:00,13.170000076293945,13.170000076293945,13.15999984741211,13.15999984741211,6213,0.0,0.0,0.0
2024-09-16 01:40:00+00:00,13.15999984741211,13.170000076293945,13.15999984741211,13.15999984741211,24024,0.0,0.0,0.0
2024-09-16 01:45:00+00:00,13.170000076293945,13.170000076293945,13.15999984741211,13.15999984741211,48786,0.0,0.0,0.0
2024-09-16 01:50:00+00:00,13.15999984741211,13.170000076293945,13.15999984741211,13.15999984741211,22065,0.0,0.0,0.0
2024-09-16 01:55:00+00:00,13.15999984741211,13.15999984741211,13.149999618530273,13.149999618530273,21125,0.0,0.0,0.0
2024-09-16 02:00:00+00:00,13.15999984741211,13.15999984741211,13.149999618530273,13.15999984741211,24054,0.0,0.0,0.0
2024-09-16 02:05:00+00:00,13.149999618530273,13.149999618530273,13.140000343322754,13.149999618530273,36335,0.0,0.0,0.0
2024-09-16 02:10:00+00:00,13.149999618530273,13.149999618530273,13.149999618530273,13.149999618530273,12024,0.0,0.0,0.0
2024-09-16 02:15:00+00:00,13.149999618530273,13.149999618530273,13.149999618530273,13.149999618530273,8134,0.0,0.0,0.0
2024-09-16 02:20:00+00:00,13.15999984741211,13.15999984741211,13.149999618530273,13.15999984741211,7885,0.0,0.0,0.0
2024-09-16 02:25:00+00:00,13.170000076293945,13.170000076293945,13.170000076293945,13.170000076293945,6569,0.0,0.0,0.0
2024-09-16 02:30:00+00:00,13.170000076293945,13.170000076293945,13.15999984741211,13.15999984741211,19775,0.0,0.0,0.0
2024-09-16 02:35:00+00:00,13.15999984741211,13.15999984741211,13.15999984741211,13.15999984741211,2010,0.0,0.0,0.0
2024-09-16 02:40:00+00:00,13.15999984741211,13.15999984741211,13.15999984741211,13.15999984741211,3149,0.0,0.0,0.0
2024-09-16 02:45:00+00:00,13.15999984741211,13.15999984741211,13.149999618530273,13.15999984741211,54240,0.0,0.0,0.0
2024-09-16 02:50:00+00:00,13.15999984741211,13.15999984741211,13.149999618530273,13.149999618530273,69084,0.0,0.0,0.0
2024-09-16 02:55:00+00:00,13.149999618530273,13.149999618530273,13.140000343322754,13.140000343322754,39903,0.0,0.0,0.0
2024-09-16 03:00:00+00:00,13.140000343322754,13.140000343322754,13.130000114440918,13.140000343322754,15534,0.0,0.0,0.0
2024-09-16 03:05:00+00:00,13.140000343322754,13.149999618530273,13.130000114440918,13.149999618530273,101159,0.0,0.0,0.0
2024-09-16 03:10:00+00:00,13.149999618530273,13.15999984741211,13.140000343322754,13.15999984741211,59324,0.0,0.0,0.0
2024-09-16 03:15:00+00:00,13.15999984741211,13.15999984741211,13.15999984741211,13.15999984741211,5376,0.0,0.0,0.0
2024-09-16 03:20:00+00:00,13.15999984741211,13.170000076293945,13.15999984741211,13.170000076293945,8942,0.0,0.0,0.0
2024-09-16 03:25:00+00:00,13.15999984741211,13.170000076293945,13.15999984741211,13.170000076293945,6015,0.0,0.0,0.0
2024-09-16 03:30:00+00:00,13.170000076293945,13.170000076293945,13.15999984741211,13.15999984741211,17311,0.0,0.0,0.0
2024-09-16 03:35:00+00:00,13.170000076293945,13.180000305175781,13.170000076293945,13.180000305175781,49388,0.0,0.0,0.0
2024-09-16 03:40:00+00:00,13.1899995803833,13.1899995803833,13.1899995803833,13.1899995803833,8195,0.0,0.0,0.0
2024-09-16 03:45:00+00:00,13.180000305175781,13.180000305175781,13.180000305175781,13.180000305175781,2209,0.0,0.0,0.0
2024-09-16 03:50:00+00:00,13.180000305175781,13.1899995803833,13.180000305175781,13.1899995803833,5936,0.0,0.0,0.0
2024-09-16 03:55:00+00:00,13.1899995803833,13.1899995803833,13.1899995803833,13.1899995803833,4586,0.0,0.0,0.0
2024-09-16 04:00:00+00:00,13.1899995803833,13.1899995803833,13.1899995803833,13.1899995803833,4561,0.0,0.0,0.0
2024-09-16 04:05:00+00:00,13.1899995803833,13.199999809265137,13.1899995803833,13.1899995803833,58328,0.0,0.0,0.0
2024-09-16 04:10:00+00:00,13.1899995803833,13.199999809265137,13.1899995803833,13.199999809265137,15181,0.0,0.0,0.0
2024-09-16 04:15:00+00:00,13.199999809265137,13.199999809265137,13.199999809265137,13.199999809265137,11918,0.0,0.0,0.0
2024-09-16 04:20:00+00:00,13.199999809265137,13.199999809265137,13.199999809265137,13.199999809265137,5191,0.0,0.0,0.0
2024-09-16 04:25:00+00:00,13.199999809265137,13.199999809265137,13.1899995803833,13.1899995803833,4191,0.0,0.0,0.0
2024-09-16 04:30:00+00:00,13.199999809265137,13.199999809265137,13.199999809265137,13.199999809265137,6950,0.0,0.0,0.0
2024-09-16 04:35:00+00:00,13.199999809265137,13.199999809265137,13.1899995803833,13.1899995803833,20620,0.0,0.0,0.0
2024-09-16 04:40:00+00:00,13.1899995803833,13.199999809265137,13.1899995803833,13.199999809265137,10923,0.0,0.0,0.0
2024-09-16 04:45:00+00:00,13.199999809265137,13.199999809265137,13.199999809265137,13.199999809265137,40100,0.0,0.0,0.0
2024-09-16 04:50:00+00:00,13.199999809265137,13.199999809265137,13.1899995803833,13.1899995803833,5809,0.0,0.0,0.0
2024-09-16 04:55:00+00:00,13.199999809265137,13.199999809265137,13.199999809265137,13.199999809265137,3415,0.0,0.0,0.0
2024-09-16 05:00:00+00:00,13.199999809265137,13.199999809265137,13.199999809265137,13.199999809265137,26120,0.0,0.0,0.0
2024-09-16 05:05:00+00:00,13.199999809265137,13.199999809265137,13.1899995803833,13.1899995803833,4630,0.0,0.0,0.0
2024-09-16 05:10:00+00:00,13.199999809265137,13.199999809265137,13.1899995803833,13.1899995803833,42581,0.0,0.0,0.0
2024-09-18 01:00:00+00:00,13.15999984741211,13.15999984741211,13.140000343322754,13.140000343322754,0,0.0,0.0,0.0
2024-09-18 01:05:00+00:00,13.149999618530273,13.170000076293945,13.140000343322754,13.170000076293945,34176,0.0,0.0,0.0
2024-09-18 01:10:00+00:00,13.170000076293945,13.170000076293945,13.149999618530273,13.15999984741211,147376,0.0,0.0,0.0
2024-09-18 01:15:00+00:00,13.15999984741211,13.15999984741211,13.140000343322754,13.149999618530273,78429,0.0,0.0,0.0
2024-09-18 01:20:00+00:00,13.149999618530273,13.149999618530273,13.140000343322754,13.149999618530273,28636,0.0,0.0,0.0
2024-09-18 01:25:00+00:00,13.149999618530273,13.170000076293945,13.149999618530273,13.15999984741211,35179,0.0,0.0,0.0
2024-09-18 01:30:00+00:00,13.149999618530273,13.149999618530273,13.149999618530273,13.149999618530273,6529,0.0,0.0,0.0
2024-09-18 01:35:00+00:00,13.15999984741211,13.15999984741211,13.15999984741211,13.15999984741211,6086,0.0,0.0,0.0
2024-09-18 01:40:00+00:00,13.15999984741211,13.170000076293945,13.15999984741211,13.170000076293945,18048,0.0,0.0,0.0
2024-09-18 01:45:00+00:00,13.170000076293945,13.1899995803833,13.170000076293945,13.1899995803833,46490,0.0,0.0,0.0
2024-09-18 01:50:00+00:00,13.199999809265137,13.199999809265137,13.199999809265137,13.199999809265137,57199,0.0,0.0,0.0
2024-09-18 01:55:00+00:00,13.210000038146973,13.210000038146973,13.199999809265137,13.199999809265137,92425,0.0,0.0,0.0
2024-09-18 02:00:00+00:00,13.210000038146973,13.210000038146973,13.199999809265137,13.210000038146973,9074,0.0,0.0,0.0
2024-09-18 02:05:00+00:00,13.210000038146973,13.210000038146973,13.199999809265137,13.199999809265137,20201,0.0,0.0,0.0
2024-09-18 02:10:00+00:00,13.199999809265137,13.199999809265137,13.1899995803833,13.1899995803833,12835,0.0,0.0,0.0
2024-09-18 02:15:00+00:00,13.199999809265137,13.199999809265137,13.1899995803833,13.1899995803833,5679,0.0,0.0,0.0
2024-09-18 02:20:00+00:00,13.199999809265137,13.199999809265137,13.199999809265137,13.199999809265137,2082,0.0,0.0,0.0
2024-09-18 02:25:00+00:00,13.199999809265137,13.199999809265137,13.1899995803833,13.199999809265137,16508,0.0,0.0,0.0
2024-09-18 02:30:00+00:00,13.199999809265137,13.210000038146973,13.199999809265137,13.199999809265137,91140,0.0,0.0,0.0
2024-09-18 02:35:00+00:00,13.199999809265137,13.199999809265137,13.1899995803833,13.199999809265137,11316,0.0,0.0,0.0
2024-09-18 02:40:00+00:00,13.199999809265137,13.199999809265137,13.1899995803833,13.1899995803833,25788,0.0,0.0,0.0
2024-09-18 02:45:00+00:00,13.180000305175781,13.180000305175781,13.180000305175781,13.180000305175781,17095,0.0,0.0,0.0
2024-09-18 02:50:00+00:00,13.1899995803833,13.1899995803833,13.180000305175781,13.180000305175781,9530,0.0,0.0,0.0
2024-09-18 02:55:00+00:00,13.1899995803833,13.1899995803833,13.1899995803833,13.1899995803833,2039,0.0,0.0,0.0
2024-09-18 03:05:00+00:00,13.1899995803833,13.1899995803833,13.180000305175781,13.180000305175781,6125,0.0,0.0,0.0
2024-09-18 03:10:00+00:00,13.180000305175781,13.180000305175781,13.15999984741211,13.15999984741211,88678,0.0,0.0,0.0
2024-09-18 03:15:00+00:00,13.15999984741211,13.170000076293945,13.15999984741211,13.15999984741211,12231,0.0,0.0,0.0
2024-09-18 03:20:00+00:00,13.15999984741211,13.170000076293945,13.15999984741211,13.170000076293945,27109,0.0,0.0,0.0
2024-09-18 03:25:00+00:00,13.170000076293945,13.170000076293945,13.15999984741211,13.15999984741211,9088,0.0,0.0,0.0
2024-09-18 03:30:00+00:00,13.15999984741211,13.170000076293945,13.149999618530273,13.15999984741211,32143,0.0,0.0,0.0
2024-09-18 03:35:00+00:00,13.15999984741211,13.15999984741211,13.149999618530273,13.149999618530273,75902,0.0,0.0,0.0
2024-09-18 03:40:00+00:00,13.149999618530273,13.15999984741211,13.149999618530273,13.15999984741211,7240,0.0,0.0,0.0
2024-09-18 03:45:00+00:00,13.15999984741211,13.15999984741211,13.149999618530273,13.15999984741211,9031,0.0,0.0,0.0
2024-09-18 03:50:00+00:00,13.149999618530273,13.149999618530273,13.140000343322754,13.140000343322754,40844,0.0,0.0,0.0
2024-09-18 03:55:00+00:00,13.140000343322754,13.140000343322754,13.140000343322754,13.140000343322754,94781,0.0,0.0,0.0
2024-09-18 04:00:00+00:00,13.130000114440918,13.140000343322754,13.130000114440918,13.130000114440918,37047,0.0,0.0,0.0
2024-09-18 04:05:00+00:00,13.140000343322754,13.140000343322754,13.119999885559082,13.119999885559082,81332,0.0,0.0,0.0
2024-09-18 04:10:00+00:00,13.119999885559082,13.130000114440918,13.119999885559082,13.119999885559082,68948,0.0,0.0,0.0
2024-09-18 04:15:00+00:00,13.119999885559082,13.119999885559082,13.109999656677246,13.109999656677246,18529,0.0,0.0,0.0
2024-09-18 04:20:00+00:00,13.119999885559082,13.119999885559082,13.119999885559082,13.119999885559082,13189,0.0,0.0,0.0
2024-09-18 04:25:00+00:00,13.119999885559082,13.119999885559082,13.119999885559082,13.119999885559082,11884,0.0,0.0,0.0
2024-09-18 04:30:00+00:00,13.130000114440918,13.130000114440918,13.109999656677246,13.109999656677246,108358,0.0,0.0,0.0
2024-09-18 04:35:00+00:00,13.109999656677246,13.109999656677246,13.109999656677246,13.109999656677246,10742,0.0,0.0,0.0
2024-09-18 04:40:00+00:00,13.109999656677246,13.109999656677246,13.100000381469727,13.100000381469727,168034,0.0,0.0,0.0
2024-09-18 04:45:00+00:00,13.100000381469727,13.100000381469727,13.09000015258789,13.09000015258789,31828,0.0,0.0,0.0
2024-09-18 04:50:00+00:00,13.09000015258789,13.09000015258789,13.09000015258789,13.09000015258789,33225,0.0,0.0,0.0
2024-09-18 04:55:00+00:00,13.079999923706055,13.09000015258789,13.079999923706055,13.079999923706055,114515,0.0,0.0,0.0
2024-09-18 05:00:00+00:00,13.079999923706055,13.079999923706055,13.069999694824219,13.069999694824219,30027,0.0,0.0,0.0
2024-09-18 05:05:00+00:00,13.079999923706055,13.100000381469727,13.079999923706055,13.100000381469727,190517,0.0,0.0,0.0
2024-09-19 01:00:00+00:00,13.149999618530273,13.149999618530273,13.149999618530273,13.149999618530273,0,0.0,0.0,0.0
2024-09-19 01:05:00+00:00,13.149999618530273,13.149999618530273,13.130000114440918,13.140000343322754,22969,0.0,0.0,0.0
2024-09-19 01:10:00+00:00,13.140000343322754,13.140000343322754,13.119999885559082,13.119999885559082,52312,0.0,0.0,0.0
2024-09-19 01:15:00+00:00,13.119999885559082,13.119999885559082,13.109999656677246,13.119999885559082,16036,0.0,0.0,0.0
2024-09-19 01:20:00+00:00,13.119999885559082,13.130000114440918,13.109999656677246,13.119999885559082,54060,0.0,0.0,0.0
2024-09-19 01:25:00+00:00,13.130000114440918,13.149999618530273,13.130000114440918,13.149999618530273,65221,0.0,0.0,0.0
2024-09-19 01:30:00+00:00,13.149999618530273,13.149999618530273,13.130000114440918,13.130000114440918,5589,0.0,0.0,0.0
2024-09-19 01:35:00+00:00,13.130000114440918,13.140000343322754,13.130000114440918,13.140000343322754,5047,0.0,0.0,0.0
2024-09-19 01:40:00+00:00,13.140000343322754,13.140000343322754,13.130000114440918,13.140000343322754,4006,0.0,0.0,0.0
2024-09-19 01:45:00+00:00,13.140000343322754,13.140000343322754,13.140000343322754,13.140000343322754,1487,0.0,0.0,0.0
2024-09-19 01:50:00+00:00,13.140000343322754,13.140000343322754,13.140000343322754,13.140000343322754,5306,0.0,0.0,0.0
2024-09-19 01:55:00+00:00,13.140000343322754,13.140000343322754,13.140000343322754,13.140000343322754,69607,0.0,0.0,0.0
2024-09-19 02:00:00+00:00,13.149999618530273,13.180000305175781,13.149999618530273,13.180000305175781,66125,0.0,0.0,0.0
2024-09-19 02:05:00+00:00,13.180000305175781,13.1899995803833,13.170000076293945,13.170000076293945,33006,0.0,0.0,0.0
2024-09-19 02:10:00+00:00,13.180000305175781,13.199999809265137,13.180000305175781,13.199999809265137,84723,0.0,0.0,0.0
2024-09-19 02:15:00+00:00,13.210000038146973,13.229999542236328,13.210000038146973,13.220000267028809,67436,0.0,0.0,0.0
2024-09-19 02:20:00+00:00,13.220000267028809,13.239999771118164,13.220000267028809,13.220000267028809,10920,0.0,0.0,0.0
2024-09-19 02:25:00+00:00,13.229999542236328,13.229999542236328,13.229999542236328,13.229999542236328,5130,0.0,0.0,0.0
2024-09-19 02:30:00+00:00,13.229999542236328,13.229999542236328,13.220000267028809,13.229999542236328,54057,0.0,0.0,0.0
2024-09-19 02:35:00+00:00,13.229999542236328,13.239999771118164,13.220000267028809,13.239999771118164,66563,0.0,0.0,0.0
2024-09-19 02:40:00+00:00,13.229999542236328,13.270000457763672,13.229999542236328,13.270000457763672,86007,0.0,0.0,0.0
2024-09-19 02:45:00+00:00,13.270000457763672,13.289999961853027,13.270000457763672,13.270000457763672,103280,0.0,0.0,0.0
2024-09-19 02:50:00+00:00,13.270000457763672,13.270000457763672,13.260000228881836,13.260000228881836,11070,0.0,0.0,0.0
2024-09-19 02:55:00+00:00,13.260000228881836,13.270000457763672,13.260000228881836,13.270000457763672,25261,0.0,0.0,0.0
2024-09-19 03:00:00+00:00,13.270000457763672,13.270000457763672,13.25,13.260000228881836,29865,0.0,0.0,0.0
2024-09-19 03:05:00+00:00,13.260000228881836,13.260000228881836,13.239999771118164,13.239999771118164,24791,0.0,0.0,0.0
2024-09-19 03:10:00+00:00,13.239999771118164,13.239999771118164,13.229999542236328,13.229999542236328,35936,0.0,0.0,0.0
2024-09-19 03:15:00+00:00,13.239999771118164,13.25,13.239999771118164,13.25,69168,0.0,0.0,0.0
2024-09-19 03:20:00+00:00,13.25,13.25,13.229999542236328,13.239999771118164,21645,0.0,0.0,0.0
2024-09-19 03:25:00+00:00,13.229999542236328,13.239999771118164,13.229999542236328,13.239999771118164,23402,0.0,0.0,0.0
2024-09-19 03:30:00+00:00,13.239999771118164,13.25,13.229999542236328,13.229999542236328,6037,0.0,0.0,0.0
2024-09-19 03:35:00+00:00,13.229999542236328,13.25,13.229999542236328,13.25,52106,0.0,0.0,0.0
2024-09-19 03:40:00+00:00,13.260000228881836,13.260000228881836,13.260000228881836,13.260000228881836,10595,0.0,0.0,0.0
2024-09-19 03:45:00+00:00,13.260000228881836,13.260000228881836,13.25,13.260000228881836,49116,0.0,0.0,0.0
2024-09-19 03:50:00+00:00,13.260000228881836,13.270000457763672,13.260000228881836,13.270000457763672,31856,0.0,0.0,0.0
2024-09-19 03:55:00+00:00,13.270000457763672,13.270000457763672,13.270000457763672,13.270000457763672,28354,0.0,0.0,0.0
2024-09-19 04:00:00+00:00,13.279999732971191,13.289999961853027,13.279999732971191,13.279999732971191,15222,0.0,0.0,0.0
2024-09-19 04:05:00+00:00,13.279999732971191,13.279999732971191,13.279999732971191,13.279999732971191,15107,0.0,0.0,0.0
2024-09-19 04:10:00+00:00,13.279999732971191,13.279999732971191,13.279999732971191,13.279999732971191,25206,0.0,0.0,0.0
2024-09-19 04:15:00+00:00,13.279999732971191,13.279999732971191,13.270000457763672,13.270000457763672,16076,0.0,0.0,0.0
2024-09-19 04:20:00+00:00,13.279999732971191,13.289999961853027,13.270000457763672,13.279999732971191,65406,0.0,0.0,0.0
2024-09-19 04:25:00+00:00,13.279999732971191,13.289999961853027,13.279999732971191,13.289999961853027,23007,0.0,0.0,0.0
2024-09-19 04:30:00+00:00,13.289999961853027,13.289999961853027,13.260000228881836,13.260000228881836,107442,0.0,0.0,0.0
2024-09-19 04:35:00+00:00,13.270000457763672,13.270000457763672,13.270000457763672,13.270000457763672,5815,0.0,0.0,0.0
2024-09-19 04:40:00+00:00,13.270000457763672,13.270000457763672,13.260000228881836,13.260000228881836,23670,0.0,0.0,0.0
2024-09-19 04:45:00+00:00,13.260000228881836,13.260000228881836,13.25,13.25,20837,0.0,0.0,0.0
2024-09-19 04:50:00+00:00,13.260000228881836,13.270000457763672,13.260000228881836,13.270000457763672,2010,0.0,0.0,0.0
2024-09-19 04:55:00+00:00,13.270000457763672,13.279999732971191,13.270000457763672,13.279999732971191,22330,0.0,0.0,0.0
2024-09-19 05:00:00+00:00,13.289999961853027,13.289999961853027,13.279999732971191,13.289999961853027,86122,0.0,0.0,0.0
2024-09-19 05:05:00+00:00,13.289999961853027,13.300000190734863,13.289999961853027,13.289999961853027,15297,0.0,0.0,0.0
2024-09-19 05:10:00+00:00,13.289999961853027,13.289999961853027,13.289999961853027,13.289999961853027,6459,0.0,0.0,0.0
2024-09-19 05:15:00+00:00,13.289999961853027,13.289999961853027,13.279999732971191,13.279999732971191,42206,0.0,0.0,0.0
2024-09-19 05:20:00+00:00,13.279999732971191,13.289999961853027,13.270000457763672,13.279999732971191,82229,0.0,0.0,0.0
2024-09-20 01:00:00+00:00,13.479999542236328,13.5,13.470000267028809,13.479999542236328,0,0.0,0.0,0.0
2024-09-20 01:05:00+00:00,13.489999771118164,13.5,13.470000267028809,13.470000267028809,384000,0.0,0.0,0.0
2024-09-20 01:10:00+00:00,13.470000267028809,13.489999771118164,13.460000038146973,13.479999542236328,297221,0.0,0.0,0.0
2024-09-20 01:15:00+00:00,13.479999542236328,13.479999542236328,13.460000038146973,13.460000038146973,129583,0.0,0.0,0.0
2024-09-20 01:20:00+00:00,13.460000038146973,13.470000267028809,13.449999809265137,13.449999809265137,102975,0.0,0.0,0.0
2024-09-20 01:25:00+00:00,13.449999809265137,13.449999809265137,13.430000305175781,13.430000305175781,48192,0.0,0.0,0.0
2024-09-20 01:30:00+00:00,13.4399995803833,13.4399995803833,13.430000305175781,13.430000305175781,95365,0.0,0.0,0.0
2024-09-20 01:35:00+00:00,13.430000305175781,13.4399995803833,13.420000076293945,13.4399995803833,72440,0.0,0.0,0.0
2024-09-20 01:40:00+00:00,13.4399995803833,13.449999809265137,13.4399995803833,13.4399995803833,26066,0.0,0.0,0.0
2024-09-20 01:45:00+00:00,13.4399995803833,13.4399995803833,13.420000076293945,13.4399995803833,30967,0.0,0.0,0.0
2024-09-20 01:50:00+00:00,13.449999809265137,13.449999809265137,13.4399995803833,13.4399995803833,10541,0.0,0.0,0.0
2024-09-20 01:55:00+00:00,13.430000305175781,13.430000305175781,13.420000076293945,13.420000076293945,84539,0.0,0.0,0.0
2024-09-20 02:00:00+00:00,13.430000305175781,13.430000305175781,13.420000076293945,13.430000305175781,27697,0.0,0.0,0.0
2024-09-20 02:05:00+00:00,13.430000305175781,13.449999809265137,13.430000305175781,13.4399995803833,152130,0.0,0.0,0.0
2024-09-20 02:10:00+00:00,13.4399995803833,13.4399995803833,13.420000076293945,13.420000076293945,56581,0.0,0.0,0.0
2024-09-20 02:15:00+00:00,13.420000076293945,13.430000305175781,13.420000076293945,13.430000305175781,26039,0.0,0.0,0.0
2024-09-20 02:20:00+00:00,13.420000076293945,13.430000305175781,13.420000076293945,13.420000076293945,25480,0.0,0.0,0.0
2024-09-20 02:25:00+00:00,13.420000076293945,13.420000076293945,13.420000076293945,13.420000076293945,17029,0.0,0.0,0.0
2024-09-20 02:30:00+00:00,13.420000076293945,13.420000076293945,13.40999984741211,13.40999984741211,11589,0.0,0.0,0.0
2024-09-20 02:35:00+00:00,13.40999984741211,13.420000076293945,13.399999618530273,13.399999618530273,28342,0.0,0.0,0.0
2024-09-20 02:40:00+00:00,13.399999618530273,13.399999618530273,13.399999618530273,13.399999618530273,26265,0.0,0.0,0.0
2024-09-20 02:45:00+00:00,13.399999618530273,13.399999618530273,13.390000343322754,13.390000343322754,17020,0.0,0.0,0.0
2024-09-20 02:50:00+00:00,13.399999618530273,13.399999618530273,13.390000343322754,13.399999618530273,17489,0.0,0.0,0.0
2024-09-20 02:55:00+00:00,13.399999618530273,13.399999618530273,13.399999618530273,13.399999618530273,7029,0.0,0.0,0.0
2024-09-20 03:00:00+00:00,13.399999618530273,13.399999618530273,13.399999618530273,13.399999618530273,7049,0.0,0.0,0.0
2024-09-20 03:05:00+00:00,13.399999618530273,13.40999984741211,13.380000114440918,13.380000114440918,61530,0.0,0.0,0.0
2024-09-20 03:10:00+00:00,13.390000343322754,13.399999618530273,13.390000343322754,13.399999618530273,20529,0.0,0.0,0.0
2024-09-20 03:15:00+00:00,13.399999618530273,13.399999618530273,13.390000343322754,13.399999618530273,59030,0.0,0.0,0.0
2024-09-20 03:20:00+00:00,13.399999618530273,13.399999618530273,13.390000343322754,13.390000343322754,21868,0.0,0.0,0.0
2024-09-20 03:25:00+00:00,13.399999618530273,13.399999618530273,13.390000343322754,13.390000343322754,18310,0.0,0.0,0.0
2024-09-20 03:30:00+00:00,13.399999618530273,13.399999618530273,13.390000343322754,13.390000343322754,22050,0.0,0.0,0.0
2024-09-20 03:35:00+00:00,13.390000343322754,13.399999618530273,13.390000343322754,13.399999618530273,71530,0.0,0.0,0.0
2024-09-20 03:40:00+00:00,13.399999618530273,13.399999618530273,13.399999618530273,13.399999618530273,1493,0.0,0.0,0.0
2024-09-20 03:45:00+00:00,13.40999984741211,13.40999984741211,13.40999984741211,13.40999984741211,3436,0.0,0.0,0.0
2024-09-20 03:50:00+00:00,13.399999618530273,13.399999618530273,13.399999618530273,13.399999618530273,40206,0.0,0.0,0.0
2024-09-20 03:55:00+00:00,13.390000343322754,13.399999618530273,13.390000343322754,13.399999618530273,5430,0.0,0.0,0.0
2024-09-20 04:00:00+00:00,13.399999618530273,13.399999618530273,13.399999618530273,13.399999618530273,7435,0.0,0.0,0.0
2024-09-20 04:05:00+00:00,13.390000343322754,13.399999618530273,13.390000343322754,13.399999618530273,3906,0.0,0.0,0.0
2024-09-20 04:10:00+00:00,13.399999618530273,13.399999618530273,13.399999618530273,13.399999618530273,17000,0.0,0.0,0.0
2024-09-20 04:15:00+00:00,13.399999618530273,13.399999618530273,13.390000343322754,13.399999618530273,23609,0.0,0.0,0.0
2024-09-20 04:20:00+00:00,13.399999618530273,13.399999618530273,13.399999618530273,13.399999618530273,3100,0.0,0.0,0.0
2024-09-20 04:25:00+00:00,13.399999618530273,13.399999618530273,13.399999618530273,13.399999618530273,7030,0.0,0.0,0.0
2024-09-20 04:30:00+00:00,13.399999618530273,13.40999984741211,13.399999618530273,13.40999984741211,55430,0.0,0.0,0.0
2024-09-20 04:35:00+00:00,13.40999984741211,13.40999984741211,13.399999618530273,13.40999984741211,34040,0.0,0.0,0.0
2024-09-20 04:40:00+00:00,13.40999984741211,13.40999984741211,13.399999618530273,13.399999618530273,31534,0.0,0.0,0.0
2024-09-20 04:45:00+00:00,13.399999618530273,13.420000076293945,13.399999618530273,13.40999984741211,25459,0.0,0.0,0.0
2024-09-20 04:50:00+00:00,13.40999984741211,13.40999984741211,13.399999618530273,13.40999984741211,6410,0.0,0.0,0.0
2024-09-20 04:55:00+00:00,13.40999984741211,13.40999984741211,13.40999984741211,13.40999984741211,31473,0.0,0.0,0.0
2024-09-20 05:00:00+00:00,13.40999984741211,13.40999984741211,13.399999618530273,13.399999618530273,29000,0.0,0.0,0.0
2024-09-20 05:05:00+00:00,13.399999618530273,13.399999618530273,13.390000343322754,13.390000343322754,31895,0.0,0.0,0.0
2024-09-20 05:10:00+00:00,13.390000343322754,13.390000343322754,13.390000343322754,13.390000343322754,22300,0.0,0.0,0.0
2024-09-23 01:00:00+00:00,13.350000381469727,13.40999984741211,13.350000381469727,13.40999984741211,0,0.0,0.0,0.0
2024-09-23 01:05:00+00:00,13.399999618530273,13.40999984741211,13.380000114440918,13.380000114440918,89095,0.0,0.0,0.0
2024-09-23 01:10:00+00:00,13.399999618530273,13.399999618530273,13.390000343322754,13.399999618530273,362941,0.0,0.0,0.0
2024-09-23 01:15:00+00:00,13.399999618530273,13.399999618530273,13.399999618530273,13.399999618530273,9828,0.0,0.0,0.0
2024-09-23 01:20:00+00:00,13.399999618530273,13.40999984741211,13.399999618530273,13.40999984741211,48851,0.0,0.0,0.0
2024-09-23 01:25:00+00:00,13.40999984741211,13.449999809265137,13.40999984741211,13.449999809265137,78729,0.0,0.0,0.0
2024-09-23 01:30:00+00:00,13.449999809265137,13.460000038146973,13.4399995803833,13.460000038146973,49224,0.0,0.0,0.0
2024-09-23 01:35:00+00:00,13.460000038146973,13.460000038146973,13.449999809265137,13.449999809265137,31655,0.0,0.0,0.0
2024-09-23 01:40:00+00:00,13.449999809265137,13.460000038146973,13.449999809265137,13.449999809265137,76678,0.0,0.0,0.0
2024-09-23 01:45:00+00:00,13.449999809265137,13.460000038146973,13.449999809265137,13.449999809265137,16279,0.0,0.0,0.0
2024-09-23 01:50:00+00:00,13.4399995803833,13.4399995803833,13.430000305175781,13.430000305175781,30010,0.0,0.0,0.0
2024-09-23 01:55:00+00:00,13.420000076293945,13.4399995803833,13.420000076293945,13.4399995803833,107077,0.0,0.0,0.0
2024-09-23 02:00:00+00:00,13.4399995803833,13.4399995803833,13.420000076293945,13.4399995803833,13190,0.0,0.0,0.0
2024-09-23 02:05:00+00:00,13.420000076293945,13.420000076293945,13.399999618530273,13.399999618530273,45953,0.0,0.0,0.0
2024-09-23 02:10:00+00:00,13.420000076293945,13.420000076293945,13.40999984741211,13.40999984741211,2754,0.0,0.0,0.0
2024-09-23 02:15:00+00:00,13.40999984741211,13.420000076293945,13.399999618530273,13.40999984741211,20417,0.0,0.0,0.0
2024-09-23 02:20:00+00:00,13.40999984741211,13.420000076293945,13.40999984741211,13.420000076293945,6207,0.0,0.0,0.0
2024-09-23 02:25:00+00:00,13.430000305175781,13.430000305175781,13.430000305175781,13.430000305175781,4000,0.0,0.0,0.0
2024-09-23 02:30:00+00:00,13.430000305175781,13.430000305175781,13.420000076293945,13.420000076293945,12275,0.0,0.0,0.0
2024-09-23 02:35:00+00:00,13.420000076293945,13.420000076293945,13.40999984741211,13.420000076293945,26329,0.0,0.0,0.0
2024-09-23 02:40:00+00:00,13.420000076293945,13.4399995803833,13.420000076293945,13.4399995803833,38011,0.0,0.0,0.0
2024-09-23 02:45:00+00:00,13.4399995803833,13.4399995803833,13.4399995803833,13.4399995803833,7659,0.0,0.0,0.0
2024-09-23 02:50:00+00:00,13.4399995803833,13.449999809265137,13.4399995803833,13.449999809265137,180445,0.0,0.0,0.0
2024-09-23 02:55:00+00:00,13.449999809265137,13.449999809265137,13.449999809265137,13.449999809265137,10155,0.0,0.0,0.0
2024-09-23 03:00:00+00:00,13.449999809265137,13.449999809265137,13.430000305175781,13.449999809265137,31792,0.0,0.0,0.0
2024-09-23 03:05:00+00:00,13.4399995803833,13.4399995803833,13.4399995803833,13.4399995803833,6261,0.0,0.0,0.0
2024-09-23 03:10:00+00:00,13.430000305175781,13.430000305175781,13.430000305175781,13.430000305175781,1001,0.0,0.0,0.0
2024-09-23 03:15:00+00:00,13.4399995803833,13.449999809265137,13.430000305175781,13.430000305175781,16010,0.0,0.0,0.0
2024-09-23 03:20:00+00:00,13.430000305175781,13.449999809265137,13.430000305175781,13.449999809265137,5710,0.0,0.0,0.0
2024-09-23 03:25:00+00:00,13.4399995803833,13.449999809265137,13.4399995803833,13.449999809265137,20313,0.0,0.0,0.0
2024-09-23 03:30:00+00:00,13.449999809265137,13.449999809265137,13.4399995803833,13.4399995803833,7134,0.0,0.0,0.0
2024-09-23 03:35:00+00:00,13.449999809265137,13.449999809265137,13.449999809265137,13.449999809265137,17560,0.0,0.0,0.0
2024-09-23 03:40:00+00:00,13.4399995803833,13.449999809265137,13.4399995803833,13.449999809265137,14071,0.0,0.0,0.0
2024-09-23 03:45:00+00:00,13.449999809265137,13.449999809265137,13.4399995803833,13.449999809265137,60301,0.0,0.0,0.0
2024-09-23 03:50:00+00:00,13.449999809265137,13.449999809265137,13.4399995803833,13.449999809265137,52635,0.0,0.0,0.0
2024-09-23 03:55:00+00:00,13.449999809265137,13.449999809265137,13.449999809265137,13.449999809265137,2210,0.0,0.0,0.0
2024-09-23 04:00:00+00:00,13.449999809265137,13.449999809265137,13.449999809265137,13.449999809265137,13211,0.0,0.0,0.0
2024-09-23 04:05:00+00:00,13.449999809265137,13.449999809265137,13.449999809265137,13.449999809265137,32060,0.0,0.0,0.0
2024-09-23 04:10:00+00:00,13.449999809265137,13.449999809265137,13.449999809265137,13.449999809265137,29996,0.0,0.0,0.0
2024-09-23 04:15:00+00:00,13.449999809265137,13.449999809265137,13.449999809265137,13.449999809265137,10675,0.0,0.0,0.0
2024-09-23 04:20:00+00:00,13.449999809265137,13.460000038146973,13.449999809265137,13.460000038146973,58356,0.0,0.0,0.0
2024-09-23 04:30:00+00:00,13.460000038146973,13.460000038146973,13.449999809265137,13.449999809265137,33011,0.0,0.0,0.0
2024-09-23 04:35:00+00:00,13.449999809265137,13.449999809265137,13.449999809265137,13.449999809265137,11200,0.0,0.0,0.0
2024-09-23 04:40:00+00:00,13.460000038146973,13.460000038146973,13.449999809265137,13.460000038146973,160359,0.0,0.0,0.0
2024-09-23 04:45:00+00:00,13.460000038146973,13.460000038146973,13.460000038146973,13.460000038146973,20505,0.0,0.0,0.0
2024-09-23 04:50:00+00:00,13.460000038146973,13.460000038146973,13.460000038146973,13.460000038146973,46722,0.0,0.0,0.0
2024-09-23 04:55:00+00:00,13.460000038146973,13.460000038146973,13.460000038146973,13.460000038146973,26696,0.0,0.0,0.0
2024-09-23 05:00:00+00:00,13.460000038146973,13.470000267028809,13.449999809265137,13.449999809265137,23256,0.0,0.0,0.0
2024-09-23 05:05:00+00:00,13.449999809265137,13.449999809265137,13.449999809265137,13.449999809265137,19535,0.0,0.0,0.0
2024-09-24 01:00:00+00:00,13.420000076293945,13.449999809265137,13.420000076293945,13.449999809265137,0,0.0,0.0,0.0
2024-09-24 01:05:00+00:00,13.449999809265137,13.449999809265137,13.4399995803833,13.449999809265137,76000,0.0,0.0,0.0
2024-09-24 01:10:00+00:00,13.449999809265137,13.449999809265137,13.449999809265137,13.449999809265137,32960,0.0,0.0,0.0
2024-09-24 01:15:00+00:00,13.460000038146973,13.470000267028809,13.460000038146973,13.470000267028809,97891,0.0,0.0,0.0
2024-09-24 01:20:00+00:00,13.470000267028809,13.470000267028809,13.470000267028809,13.470000267028809,34466,0.0,0.0,0.0
2024-09-24 01:25:00+00:00,13.470000267028809,13.470000267028809,13.449999809265137,13.449999809265137,30365,0.0,0.0,0.0
2024-09-24 01:30:00+00:00,13.449999809265137,13.449999809265137,13.40999984741211,13.40999984741211,92228,0.0,0.0,0.0
2024-09-24 01:35:00+00:00,13.40999984741211,13.4399995803833,13.40999984741211,13.4399995803833,35994,0.0,0.0,0.0
2024-09-24 01:40:00+00:00,13.4399995803833,13.4399995803833,13.4399995803833,13.4399995803833,78760,0.0,0.0,0.0
2024-09-24 01:45:00+00:00,13.4399995803833,13.4399995803833,13.430000305175781,13.430000305175781,77267,0.0,0.0,0.0
2024-09-24 01:50:00+00:00,13.420000076293945,13.420000076293945,13.40999984741211,13.420000076293945,29433,0.0,0.0,0.0
2024-09-24 01:55:00+00:00,13.420000076293945,13.420000076293945,13.40999984741211,13.40999984741211,68490,0.0,0.0,0.0
2024-09-24 02:00:00+00:00,13.399999618530273,13.40999984741211,13.399999618530273,13.399999618530273,73845,0.0,0.0,0.0
2024-09-24 02:05:00+00:00,13.399999618530273,13.399999618530273,13.390000343322754,13.390000343322754,41387,0.0,0.0,0.0
2024-09-24 02:10:00+00:00,13.390000343322754,13.399999618530273,13.380000114440918,13.390000343322754,61328,0.0,0.0,0.0
2024-09-24 02:15:00+00:00,13.399999618530273,13.399999618530273,13.390000343322754,13.399999618530273,33463,0.0,0.0,0.0
2024-09-24 02:20:00+00:00,13.40999984741211,13.40999984741211,13.40999984741211,13.40999984741211,3844,0.0,0.0,0.0
2024-09-24 02:25:00+00:00,13.399999618530273,13.40999984741211,13.399999618530273,13.399999618530273,78288,0.0,0.0,0.0
2024-09-24 02:30:00+00:00,13.40999984741211,13.40999984741211,13.40999984741211,13.40999984741211,12031,0.0,0.0,0.0
2024-09-24 02:35:00+00:00,13.40999984741211,13.420000076293945,13.40999984741211,13.420000076293945,11656,0.0,0.0,0.0
2024-09-24 02:40:00+00:00,13.420000076293945,13.420000076293945,13.420000076293945,13.420000076293945,17715,0.0,0.0,0.0
2024-09-24 02:45:00+00:00,13.420000076293945,13.420000076293945,13.420000076293945,13.420000076293945,5510,0.0,0.0,0.0
2024-09-24 02:50:00+00:00,13.420000076293945,13.420000076293945,13.420000076293945,13.420000076293945,4035,0.0,0.0,0.0
2024-09-24 02:55:00+00:00,13.420000076293945,13.430000305175781,13.420000076293945,13.430000305175781,11010,0.0,0.0,0.0
2024-09-24 03:00:00+00:00,13.430000305175781,13.4399995803833,13.430000305175781,13.430000305175781,33856,0.0,0.0,0.0
2024-09-24 03:05:00+00:00,13.4399995803833,13.4399995803833,13.4399995803833,13.4399995803833,8440,0.0,0.0,0.0
2024-09-24 03:10:00+00:00,13.4399995803833,13.449999809265137,13.4399995803833,13.449999809265137,13018,0.0,0.0,0.0
2024-09-24 03:15:00+00:00,13.449999809265137,13.449999809265137,13.449999809265137,13.449999809265137,54835,0.0,0.0,0.0
2024-09-24 03:20:00+00:00,13.449999809265137,13.449999809265137,13.449999809265137,13.449999809265137,1010,0.0,0.0,0.0
2024-09-24 03:25:00+00:00,13.449999809265137,13.460000038146973,13.449999809265137,13.449999809265137,9919,0.0,0.0,0.0
2024-09-24 03:30:00+00:00,13.449999809265137,13.460000038146973,13.449999809265137,13.460000038146973,15885,0.0,0.0,0.0
2024-09-24 03:35:00+00:00,13.449999809265137,13.460000038146973,13.449999809265137,13.460000038146973,37679,0.0,0.0,0.0
2024-09-24 03:40:00+00:00,13.460000038146973,13.470000267028809,13.460000038146973,13.470000267028809,62519,0.0,0.0,0.0
2024-09-24 03:45:00+00:00,13.470000267028809,13.470000267028809,13.470000267028809,13.470000267028809,2381,0.0,0.0,0.0
2024-09-24 03:50:00+00:00,13.460000038146973,13.460000038146973,13.460000038146973,13.460000038146973,58135,0.0,0.0,0.0
2024-09-24 03:55:00+00:00,13.460000038146973,13.460000038146973,13.460000038146973,13.460000038146973,1010,0.0,0.0,0.0
2024-09-24 04:00:00+00:00,13.460000038146973,13.470000267028809,13.460000038146973,13.470000267028809,12151,0.0,0.0,0.0
2024-09-24 04:05:00+00:00,13.470000267028809,13.470000267028809,13.470000267028809,13.470000267028809,52072,0.0,0.0,0.0
2024-09-24 04:10:00+00:00,13.470000267028809,13.479999542236328,13.470000267028809,13.479999542236328,159757,0.0,0.0,0.0
2024-09-24 04:20:00+00:00,13.479999542236328,13.479999542236328,13.470000267028809,13.479999542236328,4609,0.0,0.0,0.0
2024-09-24 04:25:00+00:00,13.479999542236328,13.489999771118164,13.479999542236328,13.489999771118164,91500,0.0,0.0,0.0
2024-09-24 04:30:00+00:00,13.489999771118164,13.5,13.489999771118164,13.489999771118164,150103,0.0,0.0,0.0
2024-09-24 04:35:00+00:00,13.489999771118164,13.489999771118164,13.489999771118164,13.489999771118164,45112,0.0,0.0,0.0
2024-09-24 04:40:00+00:00,13.489999771118164,13.5,13.489999771118164,13.489999771118164,38406,0.0,0.0,0.0
2024-09-24 04:45:00+00:00,13.489999771118164,13.489999771118164,13.489999771118164,13.489999771118164,54453,0.0,0.0,0.0
2024-09-24 04:50:00+00:00,13.489999771118164,13.489999771118164,13.489999771118164,13.489999771118164,9095,0.0,0.0,0.0
2024-09-24 04:55:00+00:00,13.489999771118164,13.489999771118164,13.479999542236328,13.489999771118164,330831,0.0,0.0,0.0
2024-09-24 05:00:00+00:00,13.5,13.5,13.489999771118164,13.5,264699,0.0,0.0,0.0
2024-09-24 05:05:00+00:00,13.510000228881836,13.529999732971191,13.5,13.529999732971191,158484,0.0,0.0,0.0
2024-09-24 05:10:00+00:00,13.529999732971191,13.539999961853027,13.529999732971191,13.539999961853027,88705,0.0,0.0,0.0
2024-09-24 05:15:00+00:00,13.539999961853027,13.550000190734863,13.539999961853027,13.539999961853027,66994,0.0,0.0,0.0
2024-09-24 05:20:00+00:00,13.539999961853027,13.550000190734863,13.539999961853027,13.550000190734863,156921,0.0,0.0,0.0
2024-09-25 01:00:00+00:00,13.699999809265137,13.729999542236328,13.699999809265137,13.710000038146973,0,0.0,0.0,0.0
2024-09-25 01:05:00+00:00,13.720000267028809,13.720000267028809,13.699999809265137,13.710000038146973,226679,0.0,0.0,0.0
2024-09-25 01:10:00+00:00,13.710000038146973,13.720000267028809,13.699999809265137,13.720000267028809,177219,0.0,0.0,0.0
2024-09-25 01:15:00+00:00,13.710000038146973,13.710000038146973,13.6899995803833,13.699999809265137,128774,0.0,0.0,0.0
2024-09-25 01:20:00+00:00,13.6899995803833,13.710000038146973,13.6899995803833,13.710000038146973,460370,0.0,0.0,0.0
2024-09-25 01:25:00+00:00,13.710000038146973,13.720000267028809,13.699999809265137,13.720000267028809,222966,0.0,0.0,0.0
2024-09-25 01:30:00+00:00,13.720000267028809,13.720000267028809,13.710000038146973,13.710000038146973,64142,0.0,0.0,0.0
2024-09-25 01:35:00+00:00,13.720000267028809,13.720000267028809,13.710000038146973,13.720000267028809,176822,0.0,0.0,0.0
2024-09-25 01:40:00+00:00,13.720000267028809,13.720000267028809,13.710000038146973,13.720000267028809,132619,0.0,0.0,0.0
2024-09-25 01:45:00+00:00,13.720000267028809,13.720000267028809,13.710000038146973,13.720000267028809,141575,0.0,0.0,0.0
2024-09-25 01:50:00+00:00,13.699999809265137,13.699999809265137,13.6899995803833,13.6899995803833,192721,0.0,0.0,0.0
2024-09-25 01:55:00+00:00,13.6899995803833,13.710000038146973,13.680000305175781,13.710000038146973,238581,0.0,0.0,0.0
2024-09-25 02:00:00+00:00,13.710000038146973,13.729999542236328,13.710000038146973,13.729999542236328,186645,0.0,0.0,0.0
2024-09-25 02:05:00+00:00,13.720000267028809,13.729999542236328,13.710000038146973,13.710000038146973,40062,0.0,0.0,0.0
2024-09-25 02:10:00+00:00,13.720000267028809,13.720000267028809,13.699999809265137,13.699999809265137,82123,0.0,0.0,0.0
2024-09-25 02:15:00+00:00,13.699999809265137,13.710000038146973,13.699999809265137,13.699999809265137,32360,0.0,0.0,0.0
2024-09-25 02:20:00+00:00,13.699999809265137,13.710000038146973,13.699999809265137,13.699999809265137,45452,0.0,0.0,0.0
2024-09-25 02:25:00+00:00,13.699999809265137,13.710000038146973,13.6899995803833,13.699999809265137,50640,0.0,0.0,0.0
2024-09-25 02:30:00+00:00,13.699999809265137,13.699999809265137,13.699999809265137,13.699999809265137,20916,0.0,0.0,0.0
2024-09-25 02:35:00+00:00,13.6899995803833,13.6899995803833,13.6899995803833,13.6899995803833,92602,0.0,0.0,0.0
2024-09-25 02:40:00+00:00,13.6899995803833,13.699999809265137,13.6899995803833,13.699999809265137,46352,0.0,0.0,0.0
2024-09-25 02:45:00+00:00,13.6899995803833,13.699999809265137,13.6899995803833,13.6899995803833,26862,0.0,0.0,0.0
2024-09-25 02:50:00+00:00,13.699999809265137,13.699999809265137,13.699999809265137,13.699999809265137,44166,0.0,0.0,0.0
2024-09-25 02:55:00+00:00,13.699999809265137,13.710000038146973,13.699999809265137,13.699999809265137,47143,0.0,0.0,0.0
2024-09-25 03:00:00+00:00,13.699999809265137,13.699999809265137,13.699999809265137,13.699999809265137,16824,0.0,0.0,0.0
2024-09-25 03:05:00+00:00,13.6899995803833,13.699999809265137,13.6899995803833,13.699999809265137,30679,0.0,0.0,0.0
2024-09-25 03:10:00+00:00,13.699999809265137,13.699999809265137,13.699999809265137,13.699999809265137,52435,0.0,0.0,0.0
2024-09-25 03:15:00+00:00,13.699999809265137,13.699999809265137,13.699999809265137,13.699999809265137,11123,0.0,0.0,0.0
2024-09-25 03:20:00+00:00,13.699999809265137,13.710000038146973,13.699999809265137,13.710000038146973,88171,0.0,0.0,0.0
2024-09-25 03:25:00+00:00,13.699999809265137,13.710000038146973,13.699999809265137,13.710000038146973,39213,0.0,0.0,0.0
2024-09-25 03:30:00+00:00,13.710000038146973,13.720000267028809,13.710000038146973,13.720000267028809,24357,0.0,0.0,0.0
2024-09-25 03:35:00+00:00,13.720000267028809,13.720000267028809,13.710000038146973,13.710000038146973,62250,0.0,0.0,0.0
2024-09-25 03:40:00+00:00,13.710000038146973,13.710000038146973,13.710000038146973,13.710000038146973,24473,0.0,0.0,0.0
2024-09-25 03:45:00+00:00,13.710000038146973,13.720000267028809,13.710000038146973,13.710000038146973,91390,0.0,0.0,0.0
2024-09-25 03:50:00+00:00,13.720000267028809,13.720000267028809,13.720000267028809,13.720000267028809,47435,0.0,0.0,0.0
2024-09-25 03:55:00+00:00,13.710000038146973,13.710000038146973,13.710000038146973,13.710000038146973,28035,0.0,0.0,0.0
2024-09-25 04:00:00+00:00,13.720000267028809,13.720000267028809,13.720000267028809,13.720000267028809,29606,0.0,0.0,0.0
2024-09-25 04:05:00+00:00,13.710000038146973,13.720000267028809,13.699999809265137,13.699999809265137,85256,0.0,0.0,0.0
2024-09-25 04:10:00+00:00,13.710000038146973,13.710000038146973,13.710000038146973,13.710000038146973,27022,0.0,0.0,0.0
2024-09-25 04:15:00+00:00,13.710000038146973,13.720000267028809,13.710000038146973,13.710000038146973,182565,0.0,0.0,0.0
2024-09-25 04:20:00+00:00,13.710000038146973,13.710000038146973,13.699999809265137,13.710000038146973,18426,0.0,0.0,0.0
2024-09-25 04:25:00+00:00,13.720000267028809,13.720000267028809,13.699999809265137,13.699999809265137,273556,0.0,0.0,0.0
2024-09-25 04:30:00+00:00,13.710000038146973,13.710000038146973,13.699999809265137,13.699999809265137,33315,0.0,0.0,0.0
2024-09-25 04:35:00+00:00,13.699999809265137,13.710000038146973,13.699999809265137,13.710000038146973,55010,0.0,0.0,0.0
2024-09-25 04:40:00+00:00,13.720000267028809,13.720000267028809,13.720000267028809,13.720000267028809,14510,0.0,0.0,0.0
2024-09-25 04:45:00+00:00,13.720000267028809,13.720000267028809,13.710000038146973,13.710000038146973,17010,0.0,0.0,0.0
2024-09-25 04:50:00+00:00,13.720000267028809,13.720000267028809,13.710000038146973,13.710000038146973,94630,0.0,0.0,0.0
2024-09-25 04:55:00+00:00,13.710000038146973,13.720000267028809,13.710000038146973,13.710000038146973,8502,0.0,0.0,0.0
2024-09-25 05:00:00+00:00,13.720000267028809,13.720000267028809,13.699999809265137,13.720000267028809,75562,0.0,0.0,0.0
2024-09-25 05:05:00+00:00,13.720000267028809,13.720000267028809,13.720000267028809,13.720000267028809,11710,0.0,0.0,0.0
2024-09-25 05:10:00+00:00,13.720000267028809,13.720000267028809,13.720000267028809,13.720000267028809,14000,0.0,0.0,0.0
2024-09-26 01:00:00+00:00,13.789999961853027,13.84000015258789,13.789999961853027,13.84000015258789,0,0.0,0.0,0.0
2024-09-26 01:05:00+00:00,13.84000015258789,13.84000015258789,13.819999694824219,13.829999923706055,353000,0.0,0.0,0.0
2024-09-26 01:10:00+00:00,13.829999923706055,13.84000015258789,13.819999694824219,13.819999694824219,279112,0.0,0.0,0.0
2024-09-26 01:15:00+00:00,13.829999923706055,13.829999923706055,13.789999961853027,13.789999961853027,215639,0.0,0.0,0.0
2024-09-26 01:20:00+00:00,13.789999961853027,13.819999694824219,13.789999961853027,13.819999694824219,126762,0.0,0.0,0.0
2024-09-26 01:25:00+00:00,13.8100004196167,13.819999694824219,13.8100004196167,13.819999694824219,152298,0.0,0.0,0.0
2024-09-26 01:30:00+00:00,13.819999694824219,13.819999694824219,13.8100004196167,13.819999694824219,44584,0.0,0.0,0.0
2024-09-26 01:35:00+00:00,13.819999694824219,13.819999694824219,13.8100004196167,13.8100004196167,37748,0.0,0.0,0.0
2024-09-26 01:40:00+00:00,13.8100004196167,13.8100004196167,13.8100004196167,13.8100004196167,64150,0.0,0.0,0.0
2024-09-26 01:45:00+00:00,13.819999694824219,13.84000015258789,13.8100004196167,13.84000015258789,478615,0.0,0.0,0.0
2024-09-26 01:50:00+00:00,13.850000381469727,13.850000381469727,13.84000015258789,13.850000381469727,55289,0.0,0.0,0.0
2024-09-26 01:55:00+00:00,13.850000381469727,13.859999656677246,13.84000015258789,13.850000381469727,255019,0.0,0.0,0.0
2024-09-26 02:00:00+00:00,13.859999656677246,13.869999885559082,13.850000381469727,13.869999885559082,147444,0.0,0.0,0.0
2024-09-26 02:05:00+00:00,13.859999656677246,13.869999885559082,13.859999656677246,13.859999656677246,100926,0.0,0.0,0.0
2024-09-26 02:10:00+00:00,13.859999656677246,13.859999656677246,13.850000381469727,13.859999656677246,41201,0.0,0.0,0.0
2024-09-26 02:15:00+00:00,13.859999656677246,13.859999656677246,13.850000381469727,13.850000381469727,38897,0.0,0.0,0.0
2024-09-26 02:20:00+00:00,13.850000381469727,13.859999656677246,13.850000381469727,13.859999656677246,58029,0.0,0.0,0.0
2024-09-26 02:25:00+00:00,13.859999656677246,13.859999656677246,13.850000381469727,13.850000381469727,55030,0.0,0.0,0.0
2024-09-26 02:30:00+00:00,13.859999656677246,13.859999656677246,13.859999656677246,13.859999656677246,100698,0.0,0.0,0.0
2024-09-26 02:35:00+00:00,13.859999656677246,13.869999885559082,13.84000015258789,13.84000015258789,49901,0.0,0.0,0.0
2024-09-26 02:40:00+00:00,13.84000015258789,13.84000015258789,13.84000015258789,13.84000015258789,40024,0.0,0.0,0.0
2024-09-26 02:45:00+00:00,13.84000015258789,13.850000381469727,13.8100004196167,13.8100004196167,292870,0.0,0.0,0.0
2024-09-26 02:50:00+00:00,13.8100004196167,13.819999694824219,13.8100004196167,13.819999694824219,122381,0.0,0.0,0.0
2024-09-26 02:55:00+00:00,13.819999694824219,13.829999923706055,13.8100004196167,13.829999923706055,11539,0.0,0.0,0.0
2024-09-26 03:00:00+00:00,13.829999923706055,13.829999923706055,13.8100004196167,13.8100004196167,36824,0.0,0.0,0.0
2024-09-26 03:05:00+00:00,13.829999923706055,13.829999923706055,13.819999694824219,13.819999694824219,12013,0.0,0.0,0.0
2024-09-26 03:10:00+00:00,13.819999694824219,13.819999694824219,13.819999694824219,13.819999694824219,57719,0.0,0.0,0.0
2024-09-26 03:15:00+00:00,13.829999923706055,13.829999923706055,13.829999923706055,13.829999923706055,11179,0.0,0.0,0.0
2024-09-26 03:20:00+00:00,13.819999694824219,13.829999923706055,13.8100004196167,13.819999694824219,6511,0.0,0.0,0.0
2024-09-26 03:25:00+00:00,13.819999694824219,13.829999923706055,13.819999694824219,13.829999923706055,30352,0.0,0.0,0.0
2024-09-26 03:30:00+00:00,13.829999923706055,13.829999923706055,13.819999694824219,13.829999923706055,13138,0.0,0.0,0.0
2024-09-26 03:35:00+00:00,13.829999923706055,13.829999923706055,13.819999694824219,13.829999923706055,59660,0.0,0.0,0.0
2024-09-26 03:40:00+00:00,13.829999923706055,13.829999923706055,13.819999694824219,13.819999694824219,9019,0.0,0.0,0.0
2024-09-26 03:45:00+00:00,13.829999923706055,13.829999923706055,13.819999694824219,13.829999923706055,126111,0.0,0.0,0.0
2024-09-26 03:50:00+00:00,13.829999923706055,13.829999923706055,13.829999923706055,13.829999923706055,62418,0.0,0.0,0.0
2024-09-26 03:55:00+00:00,13.829999923706055,13.84000015258789,13.829999923706055,13.84000015258789,43187,0.0,0.0,0.0
2024-09-26 04:00:00+00:00,13.84000015258789,13.84000015258789,13.829999923706055,13.84000015258789,13996,0.0,0.0,0.0
2024-09-26 04:05:00+00:00,13.84000015258789,13.84000015258789,13.829999923706055,13.829999923706055,14763,0.0,0.0,0.0
2024-09-26 04:10:00+00:00,13.84000015258789,13.84000015258789,13.829999923706055,13.829999923706055,8769,0.0,0.0,0.0
2024-09-26 04:15:00+00:00,13.829999923706055,13.829999923706055,13.819999694824219,13.819999694824219,42102,0.0,0.0,0.0
2024-09-26 04:20:00+00:00,13.819999694824219,13.819999694824219,13.819999694824219,13.819999694824219,43411,0.0,0.0,0.0
2024-09-26 04:25:00+00:00,13.819999694824219,13.819999694824219,13.8100004196167,13.8100004196167,35816,0.0,0.0,0.0
2024-09-26 04:30:00+00:00,13.819999694824219,13.819999694824219,13.8100004196167,13.8100004196167,69168,0.0,0.0,0.0
2024-09-26 04:35:00+00:00,13.8100004196167,13.819999694824219,13.8100004196167,13.819999694824219,15613,0.0,0.0,0.0
2024-09-26 04:40:00+00:00,13.819999694824219,13.819999694824219,13.800000190734863,13.8100004196167,60410,0.0,0.0,0.0
2024-09-26 04:45:00+00:00,13.8100004196167,13.819999694824219,13.8100004196167,13.819999694824219,47551,0.0,0.0,0.0
2024-09-26 04:50:00+00:00,13.8100004196167,13.8100004196167,13.8100004196167,13.8100004196167,17050,0.0,0.0,0.0
2024-09-26 04:55:00+00:00,13.8100004196167,13.8100004196167,13.800000190734863,13.800000190734863,13671,0.0,0.0,0.0
2024-09-26 05:00:00+00:00,13.8100004196167,13.8100004196167,13.800000190734863,13.800000190734863,41155,0.0,0.0,0.0
2024-09-26 05:05:00+00:00,13.800000190734863,13.8100004196167,13.800000190734863,13.800000190734863,115175,0.0,0.0,0.0
2024-09-26 05:10:00+00:00,13.800000190734863,13.800000190734863,13.789999961853027,13.789999961853027,26246,0.0,0.0,0.0
2024-09-26 05:15:00+00:00,13.800000190734863,13.800000190734863,13.789999961853027,13.800000190734863,42864,0.0,0.0,0.0
2024-09-26 05:20:00+00:00,13.789999961853027,13.800000190734863,13.789999961853027,13.800000190734863,209697,0.0,0.0,0.0
2024-09-27 01:00:00+00:00,13.869999885559082,13.920000076293945,13.869999885559082,13.90999984741211,0,0.0,0.0,0.0
2024-09-27 01:05:00+00:00,13.90999984741211,13.920000076293945,13.899999618530273,13.90999984741211,199680,0.0,0.0,0.0
2024-09-27 01:10:00+00:00,13.90999984741211,13.90999984741211,13.899999618530273,13.90999984741211,138334,0.0,0.0,0.0
2024-09-27 01:15:00+00:00,13.90999984741211,13.920000076293945,13.899999618530273,13.920000076293945,241417,0.0,0.0,0.0
2024-09-27 01:20:00+00:00,13.920000076293945,13.920000076293945,13.899999618530273,13.899999618530273,102625,0.0,0.0,0.0
2024-09-27 01:25:00+00:00,13.899999618530273,13.90999984741211,13.890000343322754,13.890000343322754,180487,0.0,0.0,0.0
2024-09-27 01:30:00+00:00,13.899999618530273,13.920000076293945,13.899999618530273,13.899999618530273,286788,0.0,0.0,0.0
2024-09-27 01:35:00+00:00,13.899999618530273,13.90999984741211,13.899999618530273,13.899999618530273,45631,0.0,0.0,0.0
2024-09-27 01:40:00+00:00,13.899999618530273,13.90999984741211,13.899999618530273,13.899999618530273,44875,0.0,0.0,0.0
2024-09-27 01:45:00+00:00,13.90999984741211,13.90999984741211,13.899999618530273,13.899999618530273,73652,0.0,0.0,0.0
2024-09-27 01:50:00+00:00,13.899999618530273,13.90999984741211,13.899999618530273,13.899999618530273,44026,0.0,0.0,0.0
2024-09-27 01:55:00+00:00,13.90999984741211,13.90999984741211,13.880000114440918,13.880000114440918,129925,0.0,0.0,0.0
2024-09-27 02:00:00+00:00,13.890000343322754,13.890000343322754,13.880000114440918,13.880000114440918,54032,0.0,0.0,0.0
2024-09-27 02:05:00+00:00,13.869999885559082,13.880000114440918,13.859999656677246,13.869999885559082,132502,0.0,0.0,0.0
2024-09-27 02:10:00+00:00,13.869999885559082,13.890000343322754,13.869999885559082,13.890000343322754,66102,0.0,0.0,0.0
2024-09-27 02:15:00+00:00,13.890000343322754,13.899999618530273,13.890000343322754,13.899999618530273,160002,0.0,0.0,0.0
2024-09-27 02:20:00+00:00,13.90999984741211,13.90999984741211,13.890000343322754,13.890000343322754,76806,0.0,0.0,0.0
2024-09-27 02:25:00+00:00,13.890000343322754,13.890000343322754,13.880000114440918,13.880000114440918,30301,0.0,0.0,0.0
2024-09-27 02:30:00+00:00,13.869999885559082,13.869999885559082,13.859999656677246,13.859999656677246,26825,0.0,0.0,0.0
2024-09-27 02:35:00+00:00,13.850000381469727,13.859999656677246,13.850000381469727,13.850000381469727,46027,0.0,0.0,0.0
2024-09-27 02:40:00+00:00,13.850000381469727,13.859999656677246,13.850000381469727,13.859999656677246,15745,0.0,0.0,0.0
2024-09-27 02:45:00+00:00,13.859999656677246,13.859999656677246,13.850000381469727,13.850000381469727,35490,0.0,0.0,0.0
2024-09-27 02:50:00+00:00,13.850000381469727,13.850000381469727,13.829999923706055,13.829999923706055,24655,0.0,0.0,0.0
2024-09-27 02:55:00+00:00,13.829999923706055,13.829999923706055,13.8100004196167,13.8100004196167,36758,0.0,0.0,0.0
2024-09-27 03:00:00+00:00,13.8100004196167,13.819999694824219,13.8100004196167,13.8100004196167,85672,0.0,0.0,0.0
2024-09-27 03:05:00+00:00,13.8100004196167,13.819999694824219,13.8100004196167,13.819999694824219,67775,0.0,0.0,0.0
2024-09-27 03:10:00+00:00,13.8100004196167,13.8100004196167,13.779999732971191,13.789999961853027,170617,0.0,0.0,0.0
2024-09-27 03:15:00+00:00,13.789999961853027,13.800000190734863,13.779999732971191,13.789999961853027,58539,0.0,0.0,0.0
2024-09-27 03:20:00+00:00,13.789999961853027,13.8100004196167,13.789999961853027,13.800000190734863,24232,0.0,0.0,0.0
2024-09-27 03:25:00+00:00,13.800000190734863,13.800000190734863,13.800000190734863,13.800000190734863,31044,0.0,0.0,0.0
2024-09-27 03:30:00+00:00,13.800000190734863,13.800000190734863,13.789999961853027,13.789999961853027,6557,0.0,0.0,0.0
2024-09-27 03:35:00+00:00,13.789999961853027,13.800000190734863,13.789999961853027,13.800000190734863,401449,0.0,0.0,0.0
2024-09-27 03:40:00+00:00,13.800000190734863,13.800000190734863,13.800000190734863,13.800000190734863,9135,0.0,0.0,0.0
2024-09-27 03:45:00+00:00,13.800000190734863,13.800000190734863,13.789999961853027,13.789999961853027,40013,0.0,0.0,0.0
2024-09-27 03:50:00+00:00,13.789999961853027,13.800000190734863,13.789999961853027,13.800000190734863,64193,0.0,0.0,0.0
2024-09-27 03:55:00+00:00,13.800000190734863,13.800000190734863,13.770000457763672,13.779999732971191,71200,0.0,0.0,0.0
2024-09-27 04:00:00+00:00,13.770000457763672,13.779999732971191,13.770000457763672,13.770000457763672,33865,0.0,0.0,0.0
2024-09-27 04:05:00+00:00,13.770000457763672,13.800000190734863,13.770000457763672,13.800000190734863,97339,0.0,0.0,0.0
2024-09-27 04:10:00+00:00,13.800000190734863,13.800000190734863,13.789999961853027,13.800000190734863,11011,0.0,0.0,0.0
2024-09-27 04:15:00+00:00,13.800000190734863,13.800000190734863,13.779999732971191,13.779999732971191,31227,0.0,0.0,0.0
2024-09-27 04:20:00+00:00,13.789999961853027,13.800000190734863,13.779999732971191,13.779999732971191,52079,0.0,0.0,0.0
2024-09-27 04:25:00+00:00,13.789999961853027,13.800000190734863,13.779999732971191,13.800000190734863,21051,0.0,0.0,0.0
2024-09-27 04:30:00+00:00,13.800000190734863,13.800000190734863,13.789999961853027,13.789999961853027,157812,0.0,0.0,0.0
2024-09-27 04:35:00+00:00,13.789999961853027,13.800000190734863,13.789999961853027,13.789999961853027,49690,0.0,0.0,0.0
2024-09-27 04:40:00+00:00,13.800000190734863,13.819999694824219,13.800000190734863,13.819999694824219,47987,0.0,0.0,0.0
2024-09-27 04:45:00+00:00,13.819999694824219,13.819999694824219,13.819999694824219,13.819999694824219,12000,0.0,0.0,0.0
2024-09-27 04:50:00+00:00,13.819999694824219,13.819999694824219,13.800000190734863,13.800000190734863,17476,0.0,0.0,0.0
2024-09-27 04:55:00+00:00,13.800000190734863,13.800000190734863,13.800000190734863,13.800000190734863,12307,0.0,0.0,0.0
2024-09-27 05:00:00+00:00,13.789999961853027,13.800000190734863,13.789999961853027,13.789999961853027,23834,0.0,0.0,0.0
2024-09-27 05:05:00+00:00,13.789999961853027,13.789999961853027,13.779999732971191,13.779999732971191,92048,0.0,0.0,0.0
2024-09-27 05:10:00+00:00,13.779999732971191,13.789999961853027,13.779999732971191,13.779999732971191,136631,0.0,0.0,0.0
2024-09-30 01:00:00+00:00,13.609999656677246,13.649999618530273,13.609999656677246,13.630000114440918,0,0.0,0.0,0.0
2024-09-30 01:05:00+00:00,13.640000343322754,13.65999984741211,13.630000114440918,13.640000343322754,235281,0.0,0.0,0.0
2024-09-30 01:10:00+00:00,13.640000343322754,13.649999618530273,13.609999656677246,13.619999885559082,498438,0.0,0.0,0.0
2024-09-30 01:15:00+00:00,13.619999885559082,13.649999618530273,13.609999656677246,13.630000114440918,47809,0.0,0.0,0.0
2024-09-30 01:20:00+00:00,13.640000343322754,13.640000343322754,13.619999885559082,13.619999885559082,257753,0.0,0.0,0.0
2024-09-30 01:25:00+00:00,13.619999885559082,13.640000343322754,13.609999656677246,13.630000114440918,125240,0.0,0.0,0.0
2024-09-30 01:30:00+00:00,13.640000343322754,13.65999984741211,13.640000343322754,13.649999618530273,267264,0.0,0.0,0.0
2024-09-30 01:35:00+00:00,13.649999618530273,13.65999984741211,13.649999618530273,13.649999618530273,62325,0.0,0.0,0.0
2024-09-30 01:40:00+00:00,13.640000343322754,13.640000343322754,13.640000343322754,13.640000343322754,86465,0.0,0.0,0.0
2024-09-30 01:45:00+00:00,13.640000343322754,13.649999618530273,13.630000114440918,13.640000343322754,157019,0.0,0.0,0.0
2024-09-30 01:50:00+00:00,13.630000114440918,13.630000114440918,13.609999656677246,13.619999885559082,158525,0.0,0.0,0.0
2024-09-30 01:55:00+00:00,13.619999885559082,13.619999885559082,13.600000381469727,13.609999656677246,130936,0.0,0.0,0.0
2024-09-30 02:00:00+00:00,13.609999656677246,13.609999656677246,13.59000015258789,13.59000015258789,222930,0.0,0.0,0.0
2024-09-30 02:05:00+00:00,13.59000015258789,13.59000015258789,13.579999923706055,13.579999923706055,118998,0.0,0.0,0.0
2024-09-30 02:10:00+00:00,13.579999923706055,13.59000015258789,13.579999923706055,13.579999923706055,99185,0.0,0.0,0.0
2024-09-30 02:15:00+00:00,13.579999923706055,13.579999923706055,13.569999694824219,13.579999923706055,240881,0.0,0.0,0.0
2024-09-30 02:20:00+00:00,13.579999923706055,13.579999923706055,13.569999694824219,13.569999694824219,53010,0.0,0.0,0.0
2024-09-30 02:25:00+00:00,13.569999694824219,13.569999694824219,13.5600004196167,13.5600004196167,41713,0.0,0.0,0.0
2024-09-30 02:30:00+00:00,13.5600004196167,13.579999923706055,13.5600004196167,13.5600004196167,134312,0.0,0.0,0.0
2024-09-30 02:35:00+00:00,13.5600004196167,13.5600004196167,13.520000457763672,13.520000457763672,277049,0.0,0.0,0.0
2024-09-30 02:40:00+00:00,13.529999732971191,13.539999961853027,13.520000457763672,13.539999961853027,50911,0.0,0.0,0.0
2024-09-30 02:45:00+00:00,13.539999961853027,13.5600004196167,13.529999732971191,13.5600004196167,54818,0.0,0.0,0.0
2024-09-30 02:50:00+00:00,13.5600004196167,13.579999923706055,13.5600004196167,13.579999923706055,527430,0.0,0.0,0.0
2024-09-30 02:55:00+00:00,13.579999923706055,13.579999923706055,13.579999923706055,13.579999923706055,47175,0.0,0.0,0.0
2024-09-30 03:00:00+00:00,13.569999694824219,13.569999694824219,13.5600004196167,13.5600004196167,113685,0.0,0.0,0.0
2024-09-30 03:05:00+00:00,13.550000190734863,13.569999694824219,13.550000190734863,13.569999694824219,17090,0.0,0.0,0.0
2024-09-30 03:10:00+00:00,13.569999694824219,13.569999694824219,13.569999694824219,13.569999694824219,7359,0.0,0.0,0.0
2024-09-30 03:15:00+00:00,13.569999694824219,13.569999694824219,13.5600004196167,13.569999694824219,50020,0.0,0.0,0.0
2024-09-30 03:20:00+00:00,13.569999694824219,13.579999923706055,13.569999694824219,13.579999923706055,14798,0.0,0.0,0.0
2024-09-30 03:25:00+00:00,13.579999923706055,13.579999923706055,13.579999923706055,13.579999923706055,6381,0.0,0.0,0.0
2024-09-30 03:30:00+00:00,13.579999923706055,13.579999923706055,13.569999694824219,13.579999923706055,35566,0.0,0.0,0.0
2024-09-30 03:35:00+00:00,13.569999694824219,13.569999694824219,13.569999694824219,13.569999694824219,40508,0.0,0.0,0.0
2024-09-30 03:40:00+00:00,13.569999694824219,13.579999923706055,13.569999694824219,13.569999694824219,5612,0.0,0.0,0.0
2024-09-30 03:45:00+00:00,13.579999923706055,13.579999923706055,13.569999694824219,13.579999923706055,49231,0.0,0.0,0.0
2024-09-30 03:50:00+00:00,13.579999923706055,13.579999923706055,13.569999694824219,13.569999694824219,17131,0.0,0.0,0.0
2024-09-30 03:55:00+00:00,13.569999694824219,13.59000015258789,13.569999694824219,13.59000015258789,18029,0.0,0.0,0.0
2024-09-30 04:00:00+00:00,13.59000015258789,13.59000015258789,13.579999923706055,13.59000015258789,11520,0.0,0.0,0.0
2024-09-30 04:05:00+00:00,13.59000015258789,13.59000015258789,13.579999923706055,13.579999923706055,79502,0.0,0.0,0.0
2024-09-30 04:10:00+00:00,13.569999694824219,13.579999923706055,13.569999694824219,13.569999694824219,43959,0.0,0.0,0.0
2024-09-30 04:15:00+00:00,13.569999694824219,13.569999694824219,13.5600004196167,13.5600004196167,66002,0.0,0.0,0.0
2024-09-30 04:20:00+00:00,13.5600004196167,13.569999694824219,13.5600004196167,13.5600004196167,23026,0.0,0.0,0.0
2024-09-30 04:25:00+00:00,13.5600004196167,13.5600004196167,13.550000190734863,13.5600004196167,58284,0.0,0.0,0.0
2024-09-30 04:30:00+00:00,13.569999694824219,13.569999694824219,13.539999961853027,13.539999961853027,193976,0.0,0.0,0.0
2024-09-30 04:35:00+00:00,13.539999961853027,13.550000190734863,13.539999961853027,13.539999961853027,104010,0.0,0.0,0.0
2024-09-30 04:40:00+00:00,13.529999732971191,13.539999961853027,13.529999732971191,13.529999732971191,107201,0.0,0.0,0.0
2024-09-30 04:45:00+00:00,13.529999732971191,13.539999961853027,13.520000457763672,13.529999732971191,171236,0.0,0.0,0.0
2024-09-30 04:50:00+00:00,13.529999732971191,13.529999732971191,13.520000457763672,13.520000457763672,42640,0.0,0.0,0.0
2024-09-30 04:55:00+00:00,13.520000457763672,13.520000457763672,13.5,13.510000228881836,181618,0.0,0.0,0.0
2024-09-30 05:00:00+00:00,13.510000228881836,13.510000228881836,13.5,13.510000228881836,202727,0.0,0.0,0.0
2024-09-30 05:05:00+00:00,13.510000228881836,13.510000228881836,13.5,13.510000228881836,238026,0.0,0.0,0.0
2024-09-30 05:10:00+00:00,13.5,13.510000228881836,13.5,13.5,65683,0.0,0.0,0.0
2024-09-30 05:15:00+00:00,13.5,13.5,13.479999542236328,13.489999771118164,243511,0.0,0.0,0.0
2024-09-30 05:20:00+00:00,13.489999771118164,13.510000228881836,13.479999542236328,13.510000228881836,214420,0.0,0.0,0.0
2024-10-01 01:00:00+00:00,13.520000457763672,13.550000190734863,13.5,13.539999961853027,0,0.0,0.0,0.0
2024-10-01 01:05:00+00:00,13.550000190734863,13.550000190734863,13.529999732971191,13.529999732971191,124651,0.0,0.0,0.0
2024-10-01 01:10:00+00:00,13.529999732971191,13.539999961853027,13.520000457763672,13.529999732971191,243002,0.0,0.0,0.0
2024-10-01 01:15:00+00:00,13.520000457763672,13.529999732971191,13.5,13.520000457763672,135314,0.0,0.0,0.0
2024-10-01 01:20:00+00:00,13.520000457763672,13.520000457763672,13.5,13.510000228881836,36291,0.0,0.0,0.0
2024-10-01 01:25:00+00:00,13.510000228881836,13.550000190734863,13.5,13.550000190734863,81874,0.0,0.0,0.0
2024-10-01 01:30:00+00:00,13.550000190734863,13.550000190734863,13.529999732971191,13.529999732971191,69707,0.0,0.0,0.0
2024-10-01 01:35:00+00:00,13.529999732971191,13.539999961853027,13.520000457763672,13.539999961853027,35209,0.0,0.0,0.0
2024-10-01 01:40:00+00:00,13.529999732971191,13.539999961853027,13.520000457763672,13.529999732971191,24638,0.0,0.0,0.0
2024-10-01 01:45:00+00:00,13.529999732971191,13.539999961853027,13.510000228881836,13.510000228881836,284223,0.0,0.0,0.0
2024-10-01 01:50:00+00:00,13.510000228881836,13.529999732971191,13.510000228881836,13.529999732971191,249923,0.0,0.0,0.0
2024-10-01 01:55:00+00:00,13.539999961853027,13.539999961853027,13.529999732971191,13.529999732971191,10423,0.0,0.0,0.0
2024-10-01 02:00:00+00:00,13.529999732971191,13.529999732971191,13.5,13.520000457763672,159587,0.0,0.0,0.0
2024-10-01 02:05:00+00:00,13.520000457763672,13.520000457763672,13.520000457763672,13.520000457763672,10141,0.0,0.0,0.0
2024-10-01 02:10:00+00:00,13.510000228881836,13.510000228881836,13.489999771118164,13.5,65721,0.0,0.0,0.0
2024-10-01 02:15:00+00:00,13.489999771118164,13.489999771118164,13.470000267028809,13.479999542236328,141187,0.0,0.0,0.0
2024-10-01 02:20:00+00:00,13.479999542236328,13.489999771118164,13.479999542236328,13.489999771118164,19488,0.0,0.0,0.0
2024-10-01 02:25:00+00:00,13.489999771118164,13.489999771118164,13.489999771118164,13.489999771118164,12033,0.0,0.0,0.0
2024-10-01 02:30:00+00:00,13.489999771118164,13.489999771118164,13.479999542236328,13.479999542236328,34691,0.0,0.0,0.0
2024-10-01 02:35:00+00:00,13.489999771118164,13.489999771118164,13.489999771118164,13.489999771118164,4000,0.0,0.0,0.0
2024-10-01 02:40:00+00:00,13.479999542236328,13.5,13.479999542236328,13.5,15284,0.0,0.0,0.0
2024-10-01 02:45:00+00:00,13.5,13.5,13.5,13.5,3280,0.0,0.0,0.0
2024-10-01 02:50:00+00:00,13.5,13.510000228881836,13.5,13.510000228881836,5324,0.0,0.0,0.0
2024-10-01 02:55:00+00:00,13.5,13.510000228881836,13.5,13.510000228881836,38431,0.0,0.0,0.0
2024-10-01 03:00:00+00:00,13.510000228881836,13.510000228881836,13.5,13.5,7184,0.0,0.0,0.0
2024-10-01 03:05:00+00:00,13.5,13.5,13.489999771118164,13.5,62499,0.0,0.0,0.0
2024-10-01 03:10:00+00:00,13.5,13.5,13.489999771118164,13.5,23641,0.0,0.0,0.0
2024-10-01 03:15:00+00:00,13.489999771118164,13.489999771118164,13.489999771118164,13.489999771118164,21034,0.0,0.0,0.0
2024-10-01 03:20:00+00:00,13.489999771118164,13.5,13.489999771118164,13.489999771118164,42126,0.0,0.0,0.0
2024-10-01 03:25:00+00:00,13.489999771118164,13.489999771118164,13.489999771118164,13.489999771118164,8775,0.0,0.0,0.0
2024-10-01 03:30:00+00:00,13.5,13.5,13.5,13.5,50010,0.0,0.0,0.0
2024-10-01 03:35:00+00:00,13.5,13.510000228881836,13.5,13.510000228881836,26101,0.0,0.0,0.0
2024-10-01 03:40:00+00:00,13.510000228881836,13.510000228881836,13.510000228881836,13.510000228881836,29285,0.0,0.0,0.0
2024-10-01 03:45:00+00:00,13.520000457763672,13.520000457763672,13.520000457763672,13.520000457763672,2126,0.0,0.0,0.0
2024-10-01 03:50:00+00:00,13.520000457763672,13.520000457763672,13.520000457763672,13.520000457763672,20206,0.0,0.0,0.0
2024-10-01 03:55:00+00:00,13.520000457763672,13.520000457763672,13.520000457763672,13.520000457763672,12097,0.0,0.0,0.0
2024-10-01 04:00:00+00:00,13.520000457763672,13.520000457763672,13.520000457763672,13.520000457763672,1010,0.0,0.0,0.0
2024-10-01 04:05:00+00:00,13.520000457763672,13.520000457763672,13.510000228881836,13.510000228881836,17047,0.0,0.0,0.0
2024-10-01 04:10:00+00:00,13.510000228881836,13.510000228881836,13.510000228881836,13.510000228881836,52023,0.0,0.0,0.0
2024-10-01 04:15:00+00:00,13.510000228881836,13.520000457763672,13.510000228881836,13.510000228881836,74541,0.0,0.0,0.0
2024-10-01 04:20:00+00:00,13.510000228881836,13.510000228881836,13.510000228881836,13.510000228881836,18192,0.0,0.0,0.0
2024-10-01 04:25:00+00:00,13.510000228881836,13.520000457763672,13.510000228881836,13.520000457763672,7010,0.0,0.0,0.0
2024-10-01 04:30:00+00:00,13.520000457763672,13.520000457763672,13.510000228881836,13.510000228881836,25239,0.0,0.0,0.0
2024-10-01 04:35:00+00:00,13.510000228881836,13.510000228881836,13.5,13.510000228881836,85117,0.0,0.0,0.0
2024-10-01 04:40:00+00:00,13.5,13.5,13.5,13.5,32459,0.0,0.0,0.0
2024-10-01 04:45:00+00:00,13.510000228881836,13.510000228881836,13.5,13.5,14452,0.0,0.0,0.0
2024-10-01 04:50:00+00:00,13.510000228881836,13.510000228881836,13.510000228881836,13.510000228881836,8184,0.0,0.0,0.0
2024-10-01 04:55:00+00:00,13.510000228881836,13.520000457763672,13.489999771118164,13.489999771118164,140279,0.0,0.0,0.0
2024-10-01 05:00:00+00:00,13.489999771118164,13.520000457763672,13.489999771118164,13.520000457763672,8130,0.0,0.0,0.0
2024-10-01 05:05:00+00:00,13.510000228881836,13.510000228881836,13.510000228881836,13.510000228881836,2327,0.0,0.0,0.0
2024-10-01 05:10:00+00:00,13.510000228881836,13.510000228881836,13.5,13.510000228881836,57104,0.0,0.0,0.0
2024-10-01 05:15:00+00:00,13.510000228881836,13.510000228881836,13.5,13.510000228881836,18557,0.0,0.0,0.0
2024-10-01 05:20:00+00:00,13.5,13.520000457763672,13.5,13.510000228881836,203825,0.0,0.0,0.0
2024-10-04 01:00:00+00:00,13.569999694824219,13.569999694824219,13.479999542236328,13.520000457763672,0,0.0,0.0,0.0
2024-10-04 01:05:00+00:00,13.510000228881836,13.539999961853027,13.510000228881836,13.529999732971191,325273,0.0,0.0,0.0
2024-10-04 01:10:00+00:00,13.539999961853027,13.579999923706055,13.539999961853027,13.569999694824219,204295,0.0,0.0,0.0
2024-10-04 01:15:00+00:00,13.569999694824219,13.569999694824219,13.5600004196167,13.5600004196167,199359,0.0,0.0,0.0
2024-10-04 01:20:00+00:00,13.5600004196167,13.569999694824219,13.550000190734863,13.569999694824219,155912,0.0,0.0,0.0
2024-10-04 01:25:00+00:00,13.579999923706055,13.579999923706055,13.569999694824219,13.569999694824219,102606,0.0,0.0,0.0
2024-10-04 01:30:00+00:00,13.569999694824219,13.569999694824219,13.550000190734863,13.5600004196167,101706,0.0,0.0,0.0
2024-10-04 01:35:00+00:00,13.550000190734863,13.5600004196167,13.539999961853027,13.5600004196167,236268,0.0,0.0,0.0
2024-10-04 01:40:00+00:00,13.539999961853027,13.539999961853027,13.529999732971191,13.539999961853027,46702,0.0,0.0,0.0
2024-10-04 01:45:00+00:00,13.539999961853027,13.550000190734863,13.529999732971191,13.529999732971191,427394,0.0,0.0,0.0
2024-10-04 01:50:00+00:00,13.539999961853027,13.539999961853027,13.529999732971191,13.529999732971191,81010,0.0,0.0,0.0
2024-10-04 01:55:00+00:00,13.529999732971191,13.539999961853027,13.510000228881836,13.510000228881836,71481,0.0,0.0,0.0
2024-10-04 02:00:00+00:00,13.529999732971191,13.529999732971191,13.489999771118164,13.489999771118164,535243,0.0,0.0,0.0
2024-10-04 02:05:00+00:00,13.489999771118164,13.5,13.479999542236328,13.489999771118164,449021,0.0,0.0,0.0
2024-10-04 02:10:00+00:00,13.5,13.5,13.489999771118164,13.489999771118164,14150,0.0,0.0,0.0
2024-10-04 02:15:00+00:00,13.5,13.510000228881836,13.5,13.510000228881836,74241,0.0,0.0,0.0
2024-10-04 02:20:00+00:00,13.510000228881836,13.520000457763672,13.510000228881836,13.520000457763672,11400,0.0,0.0,0.0
2024-10-04 02:25:00+00:00,13.520000457763672,13.529999732971191,13.520000457763672,13.529999732971191,45603,0.0,0.0,0.0
2024-10-04 02:30:00+00:00,13.529999732971191,13.529999732971191,13.510000228881836,13.510000228881836,528490,0.0,0.0,0.0
2024-10-04 02:35:00+00:00,13.520000457763672,13.539999961853027,13.520000457763672,13.539999961853027,23500,0.0,0.0,0.0
2024-10-04 02:40:00+00:00,13.539999961853027,13.539999961853027,13.539999961853027,13.539999961853027,24099,0.0,0.0,0.0
2024-10-04 02:45:00+00:00,13.539999961853027,13.539999961853027,13.520000457763672,13.529999732971191,72533,0.0,0.0,0.0
2024-10-04 02:50:00+00:00,13.520000457763672,13.520000457763672,13.510000228881836,13.510000228881836,43300,0.0,0.0,0.0
2024-10-04 02:55:00+00:00,13.510000228881836,13.510000228881836,13.510000228881836,13.510000228881836,70975,0.0,0.0,0.0
2024-10-04 03:00:00+00:00,13.520000457763672,13.520000457763672,13.510000228881836,13.520000457763672,93131,0.0,0.0,0.0
2024-10-04 03:05:00+00:00,13.520000457763672,13.520000457763672,13.510000228881836,13.510000228881836,35047,0.0,0.0,0.0
2024-10-04 03:10:00+00:00,13.510000228881836,13.520000457763672,13.510000228881836,13.520000457763672,34456,0.0,0.0,0.0
2024-10-04 03:15:00+00:00,13.520000457763672,13.520000457763672,13.510000228881836,13.510000228881836,39814,0.0,0.0,0.0
2024-10-04 03:20:00+00:00,13.510000228881836,13.510000228881836,13.510000228881836,13.510000228881836,37239,0.0,0.0,0.0
2024-10-04 03:25:00+00:00,13.510000228881836,13.510000228881836,13.5,13.5,9496,0.0,0.0,0.0
2024-10-04 03:30:00+00:00,13.510000228881836,13.510000228881836,13.5,13.510000228881836,139056,0.0,0.0,0.0
2024-10-04 03:35:00+00:00,13.5,13.5,13.489999771118164,13.5,155646,0.0,0.0,0.0
2024-10-04 03:40:00+00:00,13.5,13.5,13.489999771118164,13.489999771118164,32571,0.0,0.0,0.0
2024-10-04 03:45:00+00:00,13.5,13.5,13.479999542236328,13.479999542236328,223401,0.0,0.0,0.0
2024-10-04 03:50:00+00:00,13.489999771118164,13.5,13.479999542236328,13.489999771118164,122876,0.0,0.0,0.0
2024-10-04 03:55:00+00:00,13.489999771118164,13.5,13.489999771118164,13.5,95839,0.0,0.0,0.0
2024-10-04 04:00:00+00:00,13.489999771118164,13.5,13.489999771118164,13.5,99628,0.0,0.0,0.0
2024-10-04 04:05:00+00:00,13.5,13.5,13.489999771118164,13.489999771118164,44360,0.0,0.0,0.0
2024-10-04 04:10:00+00:00,13.489999771118164,13.5,13.489999771118164,13.5,26531,0.0,0.0,0.0
2024-10-04 04:15:00+00:00,13.489999771118164,13.5,13.479999542236328,13.479999542236328,42700,0.0,0.0,0.0
2024-10-04 04:20:00+00:00,13.489999771118164,13.5,13.489999771118164,13.5,27031,0.0,0.0,0.0
2024-10-04 04:25:00+00:00,13.5,13.520000457763672,13.5,13.520000457763672,216119,0.0,0.0,0.0
2024-10-04 04:30:00+00:00,13.520000457763672,13.520000457763672,13.510000228881836,13.520000457763672,28513,0.0,0.0,0.0
2024-10-04 04:35:00+00:00,13.520000457763672,13.529999732971191,13.520000457763672,13.520000457763672,201411,0.0,0.0,0.0
2024-10-04 04:40:00+00:00,13.520000457763672,13.520000457763672,13.510000228881836,13.510000228881836,100086,0.0,0.0,0.0
2024-10-04 04:45:00+00:00,13.510000228881836,13.510000228881836,13.489999771118164,13.5,318530,0.0,0.0,0.0
2024-10-04 04:50:00+00:00,13.489999771118164,13.5,13.479999542236328,13.479999542236328,166056,0.0,0.0,0.0
2024-10-04 04:55:00+00:00,13.479999542236328,13.479999542236328,13.479999542236328,13.479999542236328,50214,0.0,0.0,0.0
2024-10-04 05:00:00+00:00,13.479999542236328,13.479999542236328,13.460000038146973,13.470000267028809,227973,0.0,0.0,0.0
2024-10-04 05:05:00+00:00,13.470000267028809,13.479999542236328,13.470000267028809,13.479999542236328,42006,0.0,0.0,0.0
2024-10-04 05:10:00+00:00,13.479999542236328,13.479999542236328,13.470000267028809,13.479999542236328,48740,0.0,0.0,0.0
2024-10-04 05:15:00+00:00,13.479999542236328,13.489999771118164,13.470000267028809,13.479999542236328,126952,0.0,0.0,0.0
2024-10-04 05:20:00+00:00,13.489999771118164,13.5,13.479999542236328,13.489999771118164,198519,0.0,0.0,0.0
2024-10-07 01:00:00+00:00,13.649999618530273,13.699999809265137,13.609999656677246,13.65999984741211,0,0.0,0.0,0.0
2024-10-07 01:05:00+00:00,13.670000076293945,13.710000038146973,13.649999618530273,13.699999809265137,580000,0.0,0.0,0.0
2024-10-07 01:10:00+00:00,13.699999809265137,13.720000267028809,13.699999809265137,13.710000038146973,251454,0.0,0.0,0.0
2024-10-07 01:15:00+00:00,13.720000267028809,13.729999542236328,13.710000038146973,13.729999542236328,290918,0.0,0.0,0.0
2024-10-07 01:20:00+00:00,13.729999542236328,13.75,13.720000267028809,13.75,211005,0.0,0.0,0.0
2024-10-07 01:25:00+00:00,13.75,13.75,13.729999542236328,13.729999542236328,121880,0.0,0.0,0.0
2024-10-07 01:30:00+00:00,13.729999542236328,13.75,13.720000267028809,13.739999771118164,277905,0.0,0.0,0.0
2024-10-07 01:35:00+00:00,13.729999542236328,13.75,13.729999542236328,13.739999771118164,95193,0.0,0.0,0.0
2024-10-07 01:40:00+00:00,13.739999771118164,13.739999771118164,13.720000267028809,13.720000267028809,70400,0.0,0.0,0.0
2024-10-07 01:45:00+00:00,13.729999542236328,13.729999542236328,13.699999809265137,13.699999809265137,133337,0.0,0.0,0.0
2024-10-07 01:50:00+00:00,13.6899995803833,13.699999809265137,13.680000305175781,13.680000305175781,107125,0.0,0.0,0.0
2024-10-07 01:55:00+00:00,13.680000305175781,13.699999809265137,13.670000076293945,13.699999809265137,20626,0.0,0.0,0.0
2024-10-07 02:00:00+00:00,13.699999809265137,13.699999809265137,13.6899995803833,13.699999809265137,33170,0.0,0.0,0.0
2024-10-07 02:05:00+00:00,13.699999809265137,13.710000038146973,13.699999809265137,13.699999809265137,129450,0.0,0.0,0.0
2024-10-07 02:10:00+00:00,13.699999809265137,13.699999809265137,13.670000076293945,13.680000305175781,173310,0.0,0.0,0.0
2024-10-07 02:15:00+00:00,13.680000305175781,13.6899995803833,13.670000076293945,13.670000076293945,77907,0.0,0.0,0.0
2024-10-07 02:20:00+00:00,13.680000305175781,13.680000305175781,13.670000076293945,13.680000305175781,15220,0.0,0.0,0.0
2024-10-07 02:25:00+00:00,13.680000305175781,13.6899995803833,13.680000305175781,13.6899995803833,61030,0.0,0.0,0.0
2024-10-07 02:30:00+00:00,13.6899995803833,13.6899995803833,13.680000305175781,13.680000305175781,35820,0.0,0.0,0.0
2024-10-07 02:35:00+00:00,13.6899995803833,13.6899995803833,13.670000076293945,13.670000076293945,142924,0.0,0.0,0.0
2024-10-07 02:40:00+00:00,13.680000305175781,13.680000305175781,13.680000305175781,13.680000305175781,11921,0.0,0.0,0.0
2024-10-07 02:45:00+00:00,13.680000305175781,13.699999809265137,13.680000305175781,13.699999809265137,59190,0.0,0.0,0.0
2024-10-07 02:50:00+00:00,13.699999809265137,13.699999809265137,13.6899995803833,13.699999809265137,31854,0.0,0.0,0.0
2024-10-07 02:55:00+00:00,13.6899995803833,13.710000038146973,13.6899995803833,13.710000038146973,51234,0.0,0.0,0.0
2024-10-07 03:00:00+00:00,13.710000038146973,13.710000038146973,13.710000038146973,13.710000038146973,36820,0.0,0.0,0.0
2024-10-07 03:05:00+00:00,13.710000038146973,13.720000267028809,13.710000038146973,13.720000267028809,155691,0.0,0.0,0.0
2024-10-07 03:10:00+00:00,13.720000267028809,13.720000267028809,13.710000038146973,13.720000267028809,42863,0.0,0.0,0.0
2024-10-07 03:15:00+00:00,13.729999542236328,13.729999542236328,13.710000038146973,13.720000267028809,13207,0.0,0.0,0.0
2024-10-07 03:20:00+00:00,13.720000267028809,13.720000267028809,13.720000267028809,13.720000267028809,74026,0.0,0.0,0.0
2024-10-07 03:25:00+00:00,13.720000267028809,13.720000267028809,13.710000038146973,13.720000267028809,24417,0.0,0.0,0.0
2024-10-07 03:30:00+00:00,13.720000267028809,13.720000267028809,13.710000038146973,13.710000038146973,26817,0.0,0.0,0.0
2024-10-07 03:35:00+00:00,13.710000038146973,13.720000267028809,13.699999809265137,13.720000267028809,29496,0.0,0.0,0.0
2024-10-07 03:40:00+00:00,13.720000267028809,13.720000267028809,13.710000038146973,13.710000038146973,21246,0.0,0.0,0.0
2024-10-07 03:45:00+00:00,13.720000267028809,13.720000267028809,13.710000038146973,13.720000267028809,47376,0.0,0.0,0.0
2024-10-07 03:50:00+00:00,13.720000267028809,13.720000267028809,13.720000267028809,13.720000267028809,16759,0.0,0.0,0.0
2024-10-07 03:55:00+00:00,13.720000267028809,13.720000267028809,13.720000267028809,13.720000267028809,10046,0.0,0.0,0.0
2024-10-07 04:00:00+00:00,13.720000267028809,13.729999542236328,13.720000267028809,13.729999542236328,23450,0.0,0.0,0.0
2024-10-07 04:05:00+00:00,13.720000267028809,13.729999542236328,13.720000267028809,13.720000267028809,20530,0.0,0.0,0.0
2024-10-07 04:10:00+00:00,13.710000038146973,13.720000267028809,13.710000038146973,13.720000267028809,25303,0.0,0.0,0.0
2024-10-07 04:15:00+00:00,13.720000267028809,13.729999542236328,13.720000267028809,13.729999542236328,44474,0.0,0.0,0.0
2024-10-07 04:20:00+00:00,13.729999542236328,13.729999542236328,13.720000267028809,13.729999542236328,71573,0.0,0.0,0.0
2024-10-07 04:25:00+00:00,13.729999542236328,13.729999542236328,13.729999542236328,13.729999542236328,7068,0.0,0.0,0.0
2024-10-07 04:30:00+00:00,13.729999542236328,13.739999771118164,13.729999542236328,13.729999542236328,32264,0.0,0.0,0.0
2024-10-07 04:35:00+00:00,13.729999542236328,13.739999771118164,13.729999542236328,13.739999771118164,101087,0.0,0.0,0.0
2024-10-07 04:40:00+00:00,13.739999771118164,13.75,13.739999771118164,13.739999771118164,348010,0.0,0.0,0.0
2024-10-07 04:45:00+00:00,13.760000228881836,13.760000228881836,13.75,13.75,121360,0.0,0.0,0.0
2024-10-07 04:50:00+00:00,13.760000228881836,13.760000228881836,13.75,13.760000228881836,264209,0.0,0.0,0.0
2024-10-07 04:55:00+00:00,13.760000228881836,13.760000228881836,13.729999542236328,13.739999771118164,161110,0.0,0.0,0.0
2024-10-07 05:00:00+00:00,13.739999771118164,13.760000228881836,13.739999771118164,13.75,50368,0.0,0.0,0.0
2024-10-07 05:05:00+00:00,13.75,13.75,13.75,13.75,118077,0.0,0.0,0.0
2024-10-07 05:10:00+00:00,13.75,13.760000228881836,13.75,13.75,54255,0.0,0.0,0.0
2024-10-08 01:00:00+00:00,13.729999542236328,13.729999542236328,13.670000076293945,13.670000076293945,0,0.0,0.0,0.0
2024-10-08 01:05:00+00:00,13.670000076293945,13.680000305175781,13.670000076293945,13.680000305175781,108000,0.0,0.0,0.0
2024-10-08 01:10:00+00:00,13.680000305175781,13.6899995803833,13.680000305175781,13.680000305175781,268499,0.0,0.0,0.0
2024-10-08 01:15:00+00:00,13.680000305175781,13.680000305175781,13.670000076293945,13.680000305175781,281962,0.0,0.0,0.0
2024-10-08 01:20:00+00:00,13.670000076293945,13.6899995803833,13.670000076293945,13.6899995803833,131234,0.0,0.0,0.0
2024-10-08 01:25:00+00:00,13.699999809265137,13.699999809265137,13.6899995803833,13.6899995803833,112421,0.0,0.0,0.0
2024-10-08 01:30:00+00:00,13.699999809265137,13.699999809265137,13.65999984741211,13.65999984741211,187905,0.0,0.0,0.0
2024-10-08 01:35:00+00:00,13.65999984741211,13.670000076293945,13.65999984741211,13.670000076293945,116893,0.0,0.0,0.0
2024-10-08 01:40:00+00:00,13.670000076293945,13.670000076293945,13.65999984741211,13.670000076293945,68944,0.0,0.0,0.0
2024-10-08 01:45:00+00:00,13.65999984741211,13.65999984741211,13.649999618530273,13.649999618530273,67545,0.0,0.0,0.0
2024-10-08 01:50:00+00:00,13.649999618530273,13.65999984741211,13.649999618530273,13.65999984741211,18711,0.0,0.0,0.0
2024-10-08 01:55:00+00:00,13.65999984741211,13.670000076293945,13.649999618530273,13.65999984741211,145659,0.0,0.0,0.0
2024-10-08 02:00:00+00:00,13.649999618530273,13.65999984741211,13.649999618530273,13.649999618530273,261895,0.0,0.0,0.0
2024-10-08 02:05:00+00:00,13.649999618530273,13.649999618530273,13.649999618530273,13.649999618530273,110725,0.0,0.0,0.0
2024-10-08 02:10:00+00:00,13.640000343322754,13.640000343322754,13.630000114440918,13.630000114440918,146647,0.0,0.0,0.0
2024-10-08 02:15:00+00:00,13.619999885559082,13.619999885559082,13.609999656677246,13.619999885559082,125858,0.0,0.0,0.0
2024-10-08 02:20:00+00:00,13.630000114440918,13.630000114440918,13.619999885559082,13.630000114440918,85291,0.0,0.0,0.0
2024-10-08 02:25:00+00:00,13.640000343322754,13.640000343322754,13.619999885559082,13.630000114440918,115037,0.0,0.0,0.0
2024-10-08 02:30:00+00:00,13.630000114440918,13.630000114440918,13.619999885559082,13.619999885559082,163434,0.0,0.0,0.0
2024-10-08 02:35:00+00:00,13.609999656677246,13.609999656677246,13.600000381469727,13.600000381469727,358194,0.0,0.0,0.0
2024-10-08 02:40:00+00:00,13.59000015258789,13.609999656677246,13.59000015258789,13.609999656677246,257065,0.0,0.0,0.0
2024-10-08 02:45:00+00:00,13.619999885559082,13.640000343322754,13.619999885559082,13.640000343322754,31319,0.0,0.0,0.0
2024-10-08 02:50:00+00:00,13.640000343322754,13.640000343322754,13.630000114440918,13.640000343322754,130634,0.0,0.0,0.0
2024-10-08 02:55:00+00:00,13.640000343322754,13.65999984741211,13.640000343322754,13.649999618530273,18448,0.0,0.0,0.0
2024-10-08 03:00:00+00:00,13.649999618530273,13.649999618530273,13.649999618530273,13.649999618530273,50527,0.0,0.0,0.0
2024-10-08 03:05:00+00:00,13.649999618530273,13.65999984741211,13.649999618530273,13.65999984741211,16504,0.0,0.0,0.0
2024-10-08 03:10:00+00:00,13.65999984741211,13.680000305175781,13.65999984741211,13.680000305175781,15415,0.0,0.0,0.0
2024-10-08 03:15:00+00:00,13.680000305175781,13.680000305175781,13.680000305175781,13.680000305175781,42271,0.0,0.0,0.0
2024-10-08 03:20:00+00:00,13.680000305175781,13.680000305175781,13.670000076293945,13.680000305175781,41025,0.0,0.0,0.0
2024-10-08 03:25:00+00:00,13.670000076293945,13.680000305175781,13.670000076293945,13.680000305175781,24041,0.0,0.0,0.0
2024-10-08 03:30:00+00:00,13.680000305175781,13.680000305175781,13.670000076293945,13.670000076293945,12137,0.0,0.0,0.0
2024-10-08 03:35:00+00:00,13.680000305175781,13.680000305175781,13.680000305175781,13.680000305175781,80606,0.0,0.0,0.0
2024-10-08 03:40:00+00:00,13.670000076293945,13.680000305175781,13.670000076293945,13.680000305175781,24320,0.0,0.0,0.0
2024-10-08 03:45:00+00:00,13.680000305175781,13.680000305175781,13.680000305175781,13.680000305175781,7016,0.0,0.0,0.0
2024-10-08 03:50:00+00:00,13.670000076293945,13.680000305175781,13.65999984741211,13.670000076293945,14920,0.0,0.0,0.0
2024-10-08 03:55:00+00:00,13.670000076293945,13.670000076293945,13.65999984741211,13.670000076293945,29358,0.0,0.0,0.0
2024-10-08 04:00:00+00:00,13.680000305175781,13.680000305175781,13.670000076293945,13.680000305175781,7020,0.0,0.0,0.0
2024-10-08 04:05:00+00:00,13.680000305175781,13.680000305175781,13.670000076293945,13.670000076293945,43406,0.0,0.0,0.0
2024-10-08 04:10:00+00:00,13.670000076293945,13.680000305175781,13.670000076293945,13.670000076293945,36015,0.0,0.0,0.0
2024-10-08 04:15:00+00:00,13.670000076293945,13.670000076293945,13.65999984741211,13.670000076293945,195535,0.0,0.0,0.0
2024-10-08 04:20:00+00:00,13.670000076293945,13.680000305175781,13.670000076293945,13.680000305175781,51120,0.0,0.0,0.0
2024-10-08 04:25:00+00:00,13.680000305175781,13.680000305175781,13.680000305175781,13.680000305175781,29085,0.0,0.0,0.0
2024-10-08 04:30:00+00:00,13.6899995803833,13.6899995803833,13.6899995803833,13.6899995803833,60049,0.0,0.0,0.0
2024-10-08 04:35:00+00:00,13.6899995803833,13.6899995803833,13.680000305175781,13.680000305175781,37421,0.0,0.0,0.0
2024-10-08 04:40:00+00:00,13.680000305175781,13.680000305175781,13.680000305175781,13.680000305175781,29674,0.0,0.0,0.0
2024-10-08 04:45:00+00:00,13.680000305175781,13.6899995803833,13.680000305175781,13.6899995803833,33251,0.0,0.0,0.0
2024-10-08 04:50:00+00:00,13.6899995803833,13.6899995803833,13.670000076293945,13.680000305175781,76700,0.0,0.0,0.0
2024-10-08 04:55:00+00:00,13.6899995803833,13.699999809265137,13.6899995803833,13.699999809265137,12155,0.0,0.0,0.0
2024-10-08 05:00:00+00:00,13.699999809265137,13.710000038146973,13.6899995803833,13.710000038146973,86210,0.0,0.0,0.0
2024-10-08 05:05:00+00:00,13.710000038146973,13.710000038146973,13.699999809265137,13.699999809265137,70166,0.0,0.0,0.0
2024-10-08 05:10:00+00:00,13.699999809265137,13.699999809265137,13.699999809265137,13.699999809265137,102000,0.0,0.0,0.0
2024-10-09 01:00:00+00:00,13.829999923706055,13.859999656677246,13.819999694824219,13.859999656677246,0,0.0,0.0,0.0
2024-10-09 01:05:00+00:00,13.850000381469727,13.859999656677246,13.84000015258789,13.850000381469727,180589,0.0,0.0,0.0
2024-10-09 01:10:00+00:00,13.850000381469727,13.850000381469727,13.829999923706055,13.829999923706055,222004,0.0,0.0,0.0
2024-10-09 01:15:00+00:00,13.829999923706055,13.84000015258789,13.829999923706055,13.829999923706055,145514,0.0,0.0,0.0
2024-10-09 01:20:00+00:00,13.829999923706055,13.850000381469727,13.829999923706055,13.84000015258789,113892,0.0,0.0,0.0
2024-10-09 01:25:00+00:00,13.84000015258789,13.84000015258789,13.829999923706055,13.829999923706055,53202,0.0,0.0,0.0
2024-10-09 01:30:00+00:00,13.84000015258789,13.850000381469727,13.829999923706055,13.84000015258789,102788,0.0,0.0,0.0
2024-10-09 01:35:00+00:00,13.84000015258789,13.850000381469727,13.84000015258789,13.84000015258789,168458,0.0,0.0,0.0
2024-10-09 01:40:00+00:00,13.84000015258789,13.850000381469727,13.829999923706055,13.829999923706055,114301,0.0,0.0,0.0
2024-10-09 01:45:00+00:00,13.850000381469727,13.850000381469727,13.829999923706055,13.829999923706055,85251,0.0,0.0,0.0
2024-10-09 01:50:00+00:00,13.84000015258789,13.859999656677246,13.829999923706055,13.859999656677246,403883,0.0,0.0,0.0
2024-10-09 01:55:00+00:00,13.850000381469727,13.859999656677246,13.850000381469727,13.859999656677246,67566,0.0,0.0,0.0
2024-10-09 02:00:00+00:00,13.859999656677246,13.859999656677246,13.819999694824219,13.829999923706055,179542,0.0,0.0,0.0
2024-10-09 02:05:00+00:00,13.8100004196167,13.8100004196167,13.779999732971191,13.800000190734863,267548,0.0,0.0,0.0
2024-10-09 02:10:00+00:00,13.800000190734863,13.800000190734863,13.789999961853027,13.789999961853027,28236,0.0,0.0,0.0
2024-10-09 02:15:00+00:00,13.800000190734863,13.800000190734863,13.789999961853027,13.789999961853027,55870,0.0,0.0,0.0
2024-10-09 02:20:00+00:00,13.789999961853027,13.800000190734863,13.789999961853027,13.800000190734863,144407,0.0,0.0,0.0
2024-10-09 02:25:00+00:00,13.8100004196167,13.8100004196167,13.789999961853027,13.789999961853027,128279,0.0,0.0,0.0
2024-10-09 02:30:00+00:00,13.800000190734863,13.800000190734863,13.800000190734863,13.800000190734863,40973,0.0,0.0,0.0
2024-10-09 02:35:00+00:00,13.789999961853027,13.789999961853027,13.779999732971191,13.779999732971191,53209,0.0,0.0,0.0
2024-10-09 02:40:00+00:00,13.779999732971191,13.789999961853027,13.779999732971191,13.779999732971191,31220,0.0,0.0,0.0
2024-10-09 02:45:00+00:00,13.789999961853027,13.800000190734863,13.779999732971191,13.800000190734863,45659,0.0,0.0,0.0
2024-10-09 02:50:00+00:00,13.789999961853027,13.789999961853027,13.789999961853027,13.789999961853027,26029,0.0,0.0,0.0
2024-10-09 02:55:00+00:00,13.789999961853027,13.800000190734863,13.779999732971191,13.779999732971191,70048,0.0,0.0,0.0
2024-10-09 03:00:00+00:00,13.779999732971191,13.800000190734863,13.779999732971191,13.789999961853027,44029,0.0,0.0,0.0
2024-10-09 03:05:00+00:00,13.789999961853027,13.789999961853027,13.779999732971191,13.779999732971191,19237,0.0,0.0,0.0
2024-10-09 03:10:00+00:00,13.789999961853027,13.789999961853027,13.779999732971191,13.789999961853027,19469,0.0,0.0,0.0
2024-10-09 03:15:00+00:00,13.789999961853027,13.789999961853027,13.789999961853027,13.789999961853027,8020,0.0,0.0,0.0
2024-10-09 03:20:00+00:00,13.789999961853027,13.789999961853027,13.789999961853027,13.789999961853027,13354,0.0,0.0,0.0
2024-10-09 03:25:00+00:00,13.779999732971191,13.789999961853027,13.779999732971191,13.789999961853027,85230,0.0,0.0,0.0
2024-10-09 03:30:00+00:00,13.789999961853027,13.800000190734863,13.779999732971191,13.800000190734863,23317,0.0,0.0,0.0
2024-10-09 03:35:00+00:00,13.789999961853027,13.800000190734863,13.789999961853027,13.789999961853027,38202,0.0,0.0,0.0
2024-10-09 03:40:00+00:00,13.789999961853027,13.789999961853027,13.779999732971191,13.779999732971191,9010,0.0,0.0,0.0
2024-10-09 03:45:00+00:00,13.789999961853027,13.800000190734863,13.789999961853027,13.789999961853027,205030,0.0,0.0,0.0
2024-10-09 03:50:00+00:00,13.789999961853027,13.800000190734863,13.789999961853027,13.800000190734863,29356,0.0,0.0,0.0
2024-10-09 03:55:00+00:00,13.8100004196167,13.829999923706055,13.8100004196167,13.829999923706055,141189,0.0,0.0,0.0
2024-10-09 04:00:00+00:00,13.829999923706055,13.829999923706055,13.819999694824219,13.819999694824219,8958,0.0,0.0,0.0
2024-10-09 04:05:00+00:00,13.819999694824219,13.829999923706055,13.8100004196167,13.8100004196167,56030,0.0,0.0,0.0
2024-10-09 04:10:00+00:00,13.8100004196167,13.829999923706055,13.8100004196167,13.829999923706055,35192,0.0,0.0,0.0
2024-10-09 04:15:00+00:00,13.829999923706055,13.829999923706055,13.8100004196167,13.8100004196167,28015,0.0,0.0,0.0
2024-10-09 04:20:00+00:00,13.8100004196167,13.819999694824219,13.8100004196167,13.8100004196167,31050,0.0,0.0,0.0
2024-10-09 04:25:00+00:00,13.8100004196167,13.819999694824219,13.8100004196167,13.819999694824219,8992,0.0,0.0,0.0
2024-10-09 04:30:00+00:00,13.819999694824219,13.819999694824219,13.8100004196167,13.8100004196167,61370,0.0,0.0,0.0
2024-10-09 04:35:00+00:00,13.8100004196167,13.8100004196167,13.8100004196167,13.8100004196167,7410,0.0,0.0,0.0
2024-10-09 04:40:00+00:00,13.8100004196167,13.8100004196167,13.800000190734863,13.800000190734863,31956,0.0,0.0,0.0
2024-10-09 04:45:00+00:00,13.800000190734863,13.8100004196167,13.800000190734863,13.8100004196167,18050,0.0,0.0,0.0
2024-10-09 04:50:00+00:00,13.800000190734863,13.8100004196167,13.779999732971191,13.789999961853027,262952,0.0,0.0,0.0
2024-10-09 04:55:00+00:00,13.789999961853027,13.789999961853027,13.789999961853027,13.789999961853027,23401,0.0,0.0,0.0
2024-10-09 05:00:00+00:00,13.789999961853027,13.800000190734863,13.789999961853027,13.800000190734863,72030,0.0,0.0,0.0
2024-10-09 05:05:00+00:00,13.800000190734863,13.800000190734863,13.789999961853027,13.800000190734863,7886,0.0,0.0,0.0
2024-10-09 05:10:00+00:00,13.800000190734863,13.800000190734863,13.800000190734863,13.800000190734863,1200,0.0,0.0,0.0
2024-10-11 01:00:00+00:00,13.84000015258789,13.869999885559082,13.84000015258789,13.869999885559082,0,0.0,0.0,0.0
2024-10-11 01:05:00+00:00,13.859999656677246,13.869999885559082,13.859999656677246,13.869999885559082,183000,0.0,0.0,0.0
2024-10-11 01:10:00+00:00,13.880000114440918,13.930000305175781,13.880000114440918,13.90999984741211,313523,0.0,0.0,0.0
2024-10-11 01:15:00+00:00,13.90999984741211,13.920000076293945,13.90999984741211,13.920000076293945,116771,0.0,0.0,0.0
2024-10-11 01:20:00+00:00,13.920000076293945,13.920000076293945,13.90999984741211,13.90999984741211,298101,0.0,0.0,0.0
2024-10-11 01:25:00+00:00,13.90999984741211,13.930000305175781,13.90999984741211,13.930000305175781,145187,0.0,0.0,0.0
2024-10-11 01:30:00+00:00,13.9399995803833,13.960000038146973,13.930000305175781,13.960000038146973,289353,0.0,0.0,0.0
2024-10-11 01:35:00+00:00,13.960000038146973,13.960000038146973,13.949999809265137,13.949999809265137,85385,0.0,0.0,0.0
2024-10-11 01:40:00+00:00,13.949999809265137,13.960000038146973,13.949999809265137,13.960000038146973,134776,0.0,0.0,0.0
2024-10-11 01:45:00+00:00,13.960000038146973,13.960000038146973,13.949999809265137,13.960000038146973,281986,0.0,0.0,0.0
2024-10-11 01:50:00+00:00,13.949999809265137,13.949999809265137,13.9399995803833,13.9399995803833,25358,0.0,0.0,0.0
2024-10-11 01:55:00+00:00,13.9399995803833,13.949999809265137,13.930000305175781,13.949999809265137,99400,0.0,0.0,0.0
2024-10-11 02:00:00+00:00,13.949999809265137,13.960000038146973,13.949999809265137,13.960000038146973,97324,0.0,0.0,0.0
2024-10-11 02:05:00+00:00,13.960000038146973,13.960000038146973,13.949999809265137,13.949999809265137,52935,0.0,0.0,0.0
2024-10-11 02:10:00+00:00,13.949999809265137,13.960000038146973,13.949999809265137,13.949999809265137,34747,0.0,0.0,0.0
2024-10-11 02:15:00+00:00,13.960000038146973,13.960000038146973,13.9399995803833,13.949999809265137,65925,0.0,0.0,0.0
2024-10-11 02:20:00+00:00,13.949999809265137,13.960000038146973,13.9399995803833,13.960000038146973,93252,0.0,0.0,0.0
2024-10-11 02:25:00+00:00,13.960000038146973,13.960000038146973,13.949999809265137,13.960000038146973,138881,0.0,0.0,0.0
2024-10-11 02:30:00+00:00,13.949999809265137,13.960000038146973,13.949999809265137,13.960000038146973,35195,0.0,0.0,0.0
2024-10-11 02:35:00+00:00,13.960000038146973,13.960000038146973,13.949999809265137,13.960000038146973,273115,0.0,0.0,0.0
2024-10-11 02:40:00+00:00,13.960000038146973,13.970000267028809,13.949999809265137,13.960000038146973,63366,0.0,0.0,0.0
2024-10-11 02:45:00+00:00,13.960000038146973,13.960000038146973,13.960000038146973,13.960000038146973,23598,0.0,0.0,0.0
2024-10-11 02:50:00+00:00,13.970000267028809,13.970000267028809,13.949999809265137,13.949999809265137,37575,0.0,0.0,0.0
2024-10-11 02:55:00+00:00,13.960000038146973,13.960000038146973,13.949999809265137,13.960000038146973,51443,0.0,0.0,0.0
2024-10-11 03:00:00+00:00,13.960000038146973,13.960000038146973,13.9399995803833,13.949999809265137,24297,0.0,0.0,0.0
2024-10-11 03:05:00+00:00,13.949999809265137,13.960000038146973,13.9399995803833,13.9399995803833,27383,0.0,0.0,0.0
2024-10-11 03:10:00+00:00,13.9399995803833,13.960000038146973,13.9399995803833,13.9399995803833,229056,0.0,0.0,0.0
2024-10-11 03:15:00+00:00,13.949999809265137,13.960000038146973,13.9399995803833,13.9399995803833,25297,0.0,0.0,0.0
2024-10-11 03:20:00+00:00,13.9399995803833,13.949999809265137,13.9399995803833,13.949999809265137,27015,0.0,0.0,0.0
2024-10-11 03:25:00+00:00,13.949999809265137,13.949999809265137,13.9399995803833,13.9399995803833,26621,0.0,0.0,0.0
2024-10-11 03:30:00+00:00,13.9399995803833,13.949999809265137,13.9399995803833,13.949999809265137,22773,0.0,0.0,0.0
2024-10-11 03:35:00+00:00,13.949999809265137,13.960000038146973,13.949999809265137,13.960000038146973,61518,0.0,0.0,0.0
2024-10-11 03:40:00+00:00,13.960000038146973,13.960000038146973,13.949999809265137,13.949999809265137,22026,0.0,0.0,0.0
2024-10-11 03:45:00+00:00,13.960000038146973,13.960000038146973,13.949999809265137,13.949999809265137,9667,0.0,0.0,0.0
2024-10-11 03:50:00+00:00,13.960000038146973,13.960000038146973,13.949999809265137,13.960000038146973,19760,0.0,0.0,0.0
2024-10-11 03:55:00+00:00,13.949999809265137,13.960000038146973,13.949999809265137,13.949999809265137,127284,0.0,0.0,0.0
2024-10-11 04:00:00+00:00,13.949999809265137,13.949999809265137,13.9399995803833,13.949999809265137,26599,0.0,0.0,0.0
2024-10-11 04:05:00+00:00,13.949999809265137,13.949999809265137,13.9399995803833,13.949999809265137,11948,0.0,0.0,0.0
2024-10-11 04:10:00+00:00,13.949999809265137,13.949999809265137,13.9399995803833,13.9399995803833,104019,0.0,0.0,0.0
2024-10-11 04:15:00+00:00,13.9399995803833,13.949999809265137,13.930000305175781,13.930000305175781,48437,0.0,0.0,0.0
2024-10-11 04:20:00+00:00,13.9399995803833,13.949999809265137,13.9399995803833,13.949999809265137,18500,0.0,0.0,0.0
2024-10-11 04:25:00+00:00,13.9399995803833,13.9399995803833,13.930000305175781,13.9399995803833,92727,0.0,0.0,0.0
2024-10-11 04:30:00+00:00,13.949999809265137,13.949999809265137,13.9399995803833,13.9399995803833,16487,0.0,0.0,0.0
2024-10-11 04:35:00+00:00,13.9399995803833,13.9399995803833,13.930000305175781,13.930000305175781,40419,0.0,0.0,0.0
2024-10-11 04:40:00+00:00,13.9399995803833,13.949999809265137,13.9399995803833,13.9399995803833,79195,0.0,0.0,0.0
2024-10-11 04:45:00+00:00,13.9399995803833,13.9399995803833,13.930000305175781,13.9399995803833,99152,0.0,0.0,0.0
2024-10-11 04:50:00+00:00,13.920000076293945,13.930000305175781,13.899999618530273,13.930000305175781,117929,0.0,0.0,0.0
2024-10-11 04:55:00+00:00,13.90999984741211,13.920000076293945,13.90999984741211,13.90999984741211,146358,0.0,0.0,0.0
2024-10-11 05:00:00+00:00,13.90999984741211,13.90999984741211,13.899999618530273,13.90999984741211,32612,0.0,0.0,0.0
2024-10-11 05:05:00+00:00,13.90999984741211,13.90999984741211,13.899999618530273,13.899999618530273,82202,0.0,0.0,0.0
2024-10-11 05:10:00+00:00,13.899999618530273,13.90999984741211,13.899999618530273,13.90999984741211,52197,0.0,0.0,0.0
2024-10-11 05:15:00+00:00,13.920000076293945,13.920000076293945,13.90999984741211,13.920000076293945,31687,0.0,0.0,0.0
2024-10-11 05:20:00+00:00,13.930000305175781,13.930000305175781,13.920000076293945,13.930000305175781,93548,0.0,0.0,0.0
2024-10-14 01:00:00+00:00,13.970000267028809,13.979999542236328,13.899999618530273,13.899999618530273,0,0.0,0.0,0.0
2024-10-14 01:05:00+00:00,13.899999618530273,13.90999984741211,13.880000114440918,13.899999618530273,191000,0.0,0.0,0.0
2024-10-14 01:10:00+00:00,13.899999618530273,13.949999809265137,13.890000343322754,13.949999809265137,240785,0.0,0.0,0.0
2024-10-14 01:15:00+00:00,13.949999809265137,13.949999809265137,13.930000305175781,13.930000305175781,104920,0.0,0.0,0.0
2024-10-14 01:20:00+00:00,13.930000305175781,13.9399995803833,13.920000076293945,13.930000305175781,42647,0.0,0.0,0.0
2024-10-14 01:25:00+00:00,13.930000305175781,13.930000305175781,13.920000076293945,13.920000076293945,56301,0.0,0.0,0.0
2024-10-14 01:30:00+00:00,13.930000305175781,13.930000305175781,13.920000076293945,13.930000305175781,165392,0.0,0.0,0.0
2024-10-14 01:35:00+00:00,13.920000076293945,13.9399995803833,13.920000076293945,13.9399995803833,65182,0.0,0.0,0.0
2024-10-14 01:40:00+00:00,13.9399995803833,13.9399995803833,13.930000305175781,13.9399995803833,101053,0.0,0.0,0.0
2024-10-14 01:45:00+00:00,13.9399995803833,13.9399995803833,13.920000076293945,13.930000305175781,131414,0.0,0.0,0.0
2024-10-14 01:50:00+00:00,13.9399995803833,13.9399995803833,13.930000305175781,13.930000305175781,35978,0.0,0.0,0.0
2024-10-14 01:55:00+00:00,13.930000305175781,13.9399995803833,13.920000076293945,13.930000305175781,53857,0.0,0.0,0.0
2024-10-14 02:00:00+00:00,13.930000305175781,13.9399995803833,13.930000305175781,13.930000305175781,168218,0.0,0.0,0.0
2024-10-14 02:05:00+00:00,13.930000305175781,13.949999809265137,13.930000305175781,13.949999809265137,37085,0.0,0.0,0.0
2024-10-14 02:10:00+00:00,13.949999809265137,13.979999542236328,13.949999809265137,13.970000267028809,232213,0.0,0.0,0.0
2024-10-14 02:15:00+00:00,13.979999542236328,13.979999542236328,13.970000267028809,13.979999542236328,36044,0.0,0.0,0.0
2024-10-14 02:20:00+00:00,13.979999542236328,13.979999542236328,13.970000267028809,13.970000267028809,72643,0.0,0.0,0.0
2024-10-14 02:25:00+00:00,13.970000267028809,13.979999542236328,13.960000038146973,13.979999542236328,94620,0.0,0.0,0.0
2024-10-14 02:30:00+00:00,13.979999542236328,13.979999542236328,13.970000267028809,13.970000267028809,14624,0.0,0.0,0.0
2024-10-14 02:35:00+00:00,13.970000267028809,13.979999542236328,13.970000267028809,13.979999542236328,79232,0.0,0.0,0.0
2024-10-14 02:40:00+00:00,13.979999542236328,13.979999542236328,13.970000267028809,13.970000267028809,47624,0.0,0.0,0.0
2024-10-14 02:45:00+00:00,13.979999542236328,13.979999542236328,13.970000267028809,13.979999542236328,14620,0.0,0.0,0.0
2024-10-14 02:50:00+00:00,13.979999542236328,13.979999542236328,13.970000267028809,13.979999542236328,38013,0.0,0.0,0.0
2024-10-14 02:55:00+00:00,13.970000267028809,13.970000267028809,13.960000038146973,13.960000038146973,100407,0.0,0.0,0.0
2024-10-14 03:00:00+00:00,13.960000038146973,13.960000038146973,13.9399995803833,13.949999809265137,121378,0.0,0.0,0.0
2024-10-14 03:05:00+00:00,13.949999809265137,13.949999809265137,13.930000305175781,13.9399995803833,174012,0.0,0.0,0.0
2024-10-14 03:10:00+00:00,13.949999809265137,13.949999809265137,13.9399995803833,13.949999809265137,41817,0.0,0.0,0.0
2024-10-14 03:15:00+00:00,13.949999809265137,13.949999809265137,13.949999809265137,13.949999809265137,17123,0.0,0.0,0.0
2024-10-14 03:20:00+00:00,13.960000038146973,13.960000038146973,13.949999809265137,13.949999809265137,115153,0.0,0.0,0.0
2024-10-14 03:25:00+00:00,13.949999809265137,13.960000038146973,13.949999809265137,13.949999809265137,22069,0.0,0.0,0.0
2024-10-14 03:30:00+00:00,13.960000038146973,13.960000038146973,13.949999809265137,13.960000038146973,49483,0.0,0.0,0.0
2024-10-14 03:35:00+00:00,13.960000038146973,13.960000038146973,13.949999809265137,13.960000038146973,91532,0.0,0.0,0.0
2024-10-14 03:40:00+00:00,13.970000267028809,13.970000267028809,13.970000267028809,13.970000267028809,106173,0.0,0.0,0.0
2024-10-14 03:45:00+00:00,13.960000038146973,13.979999542236328,13.960000038146973,13.979999542236328,41223,0.0,0.0,0.0
2024-10-14 03:50:00+00:00,13.979999542236328,13.979999542236328,13.970000267028809,13.979999542236328,206593,0.0,0.0,0.0
2024-10-14 03:55:00+00:00,13.979999542236328,13.979999542236328,13.960000038146973,13.960000038146973,46727,0.0,0.0,0.0
2024-10-14 04:00:00+00:00,13.970000267028809,13.970000267028809,13.960000038146973,13.960000038146973,44123,0.0,0.0,0.0
2024-10-14 04:05:00+00:00,13.960000038146973,13.970000267028809,13.960000038146973,13.970000267028809,17434,0.0,0.0,0.0
2024-10-14 04:10:00+00:00,13.970000267028809,13.970000267028809,13.960000038146973,13.970000267028809,16100,0.0,0.0,0.0
2024-10-14 04:15:00+00:00,13.970000267028809,13.970000267028809,13.960000038146973,13.970000267028809,32128,0.0,0.0,0.0
2024-10-14 04:20:00+00:00,13.970000267028809,13.970000267028809,13.960000038146973,13.970000267028809,19461,0.0,0.0,0.0
2024-10-14 04:25:00+00:00,13.970000267028809,13.970000267028809,13.960000038146973,13.970000267028809,5789,0.0,0.0,0.0
2024-10-14 04:30:00+00:00,13.970000267028809,13.970000267028809,13.970000267028809,13.970000267028809,26639,0.0,0.0,0.0
2024-10-14 04:35:00+00:00,13.970000267028809,13.970000267028809,13.970000267028809,13.970000267028809,72369,0.0,0.0,0.0
2024-10-14 04:40:00+00:00,13.970000267028809,13.970000267028809,13.960000038146973,13.960000038146973,16520,0.0,0.0,0.0
2024-10-14 04:45:00+00:00,13.960000038146973,13.960000038146973,13.949999809265137,13.960000038146973,191490,0.0,0.0,0.0
2024-10-14 04:50:00+00:00,13.960000038146973,13.970000267028809,13.960000038146973,13.970000267028809,41164,0.0,0.0,0.0
2024-10-14 04:55:00+00:00,13.970000267028809,13.979999542236328,13.960000038146973,13.970000267028809,33601,0.0,0.0,0.0
2024-10-14 05:00:00+00:00,13.970000267028809,13.979999542236328,13.960000038146973,13.979999542236328,78633,0.0,0.0,0.0
2024-10-14 05:05:00+00:00,13.979999542236328,13.979999542236328,13.960000038146973,13.970000267028809,38961,0.0,0.0,0.0
2024-10-14 05:10:00+00:00,13.970000267028809,13.979999542236328,13.970000267028809,13.970000267028809,63489,0.0,0.0,0.0
2024-10-15 01:00:00+00:00,14.050000190734863,14.069999694824219,14.020000457763672,14.069999694824219,0,0.0,0.0,0.0
2024-10-15 01:05:00+00:00,14.0600004196167,14.069999694824219,14.050000190734863,14.0600004196167,449491,0.0,0.0,0.0
2024-10-15 01:10:00+00:00,14.069999694824219,14.079999923706055,14.0600004196167,14.079999923706055,302109,0.0,0.0,0.0
2024-10-15 01:15:00+00:00,14.069999694824219,14.079999923706055,14.069999694824219,14.069999694824219,84760,0.0,0.0,0.0
2024-10-15 01:20:00+00:00,14.069999694824219,14.079999923706055,14.069999694824219,14.079999923706055,229838,0.0,0.0,0.0
2024-10-15 01:25:00+00:00,14.079999923706055,14.09000015258789,14.079999923706055,14.079999923706055,64521,0.0,0.0,0.0
2024-10-15 01:30:00+00:00,14.09000015258789,14.109999656677246,14.079999923706055,14.109999656677246,339536,0.0,0.0,0.0
2024-10-15 01:35:00+00:00,14.100000381469727,14.119999885559082,14.100000381469727,14.119999885559082,158595,0.0,0.0,0.0
2024-10-15 01:40:00+00:00,14.119999885559082,14.130000114440918,14.109999656677246,14.130000114440918,111794,0.0,0.0,0.0
2024-10-15 01:45:00+00:00,14.119999885559082,14.149999618530273,14.119999885559082,14.149999618530273,163844,0.0,0.0,0.0
2024-10-15 01:50:00+00:00,14.149999618530273,14.15999984741211,14.149999618530273,14.15999984741211,79141,0.0,0.0,0.0
2024-10-15 01:55:00+00:00,14.149999618530273,14.15999984741211,14.140000343322754,14.15999984741211,153567,0.0,0.0,0.0
2024-10-15 02:00:00+00:00,14.149999618530273,14.15999984741211,14.149999618530273,14.149999618530273,212422,0.0,0.0,0.0
2024-10-15 02:05:00+00:00,14.15999984741211,14.15999984741211,14.149999618530273,14.15999984741211,30492,0.0,0.0,0.0
2024-10-15 02:10:00+00:00,14.149999618530273,14.170000076293945,14.140000343322754,14.170000076293945,95890,0.0,0.0,0.0
2024-10-15 02:15:00+00:00,14.170000076293945,14.170000076293945,14.15999984741211,14.170000076293945,106018,0.0,0.0,0.0
2024-10-15 02:20:00+00:00,14.170000076293945,14.170000076293945,14.149999618530273,14.15999984741211,40099,0.0,0.0,0.0
2024-10-15 02:25:00+00:00,14.15999984741211,14.170000076293945,14.149999618530273,14.15999984741211,86254,0.0,0.0,0.0
2024-10-15 02:30:00+00:00,14.170000076293945,14.170000076293945,14.149999618530273,14.15999984741211,57223,0.0,0.0,0.0
2024-10-15 02:35:00+00:00,14.15999984741211,14.170000076293945,14.15999984741211,14.15999984741211,70926,0.0,0.0,0.0
2024-10-15 02:40:00+00:00,14.15999984741211,14.170000076293945,14.15999984741211,14.170000076293945,37488,0.0,0.0,0.0
2024-10-15 02:45:00+00:00,14.170000076293945,14.170000076293945,14.15999984741211,14.15999984741211,26124,0.0,0.0,0.0
2024-10-15 02:50:00+00:00,14.15999984741211,14.170000076293945,14.15999984741211,14.15999984741211,398647,0.0,0.0,0.0
2024-10-15 02:55:00+00:00,14.15999984741211,14.170000076293945,14.15999984741211,14.170000076293945,56097,0.0,0.0,0.0
2024-10-15 03:00:00+00:00,14.170000076293945,14.180000305175781,14.170000076293945,14.170000076293945,137497,0.0,0.0,0.0
2024-10-15 03:05:00+00:00,14.170000076293945,14.180000305175781,14.15999984741211,14.170000076293945,24460,0.0,0.0,0.0
2024-10-15 03:10:00+00:00,14.15999984741211,14.15999984741211,14.149999618530273,14.149999618530273,73685,0.0,0.0,0.0
2024-10-15 03:15:00+00:00,14.149999618530273,14.15999984741211,14.149999618530273,14.149999618530273,71829,0.0,0.0,0.0
2024-10-15 03:20:00+00:00,14.149999618530273,14.149999618530273,14.140000343322754,14.149999618530273,26595,0.0,0.0,0.0
2024-10-15 03:25:00+00:00,14.149999618530273,14.149999618530273,14.140000343322754,14.149999618530273,34331,0.0,0.0,0.0
2024-10-15 03:30:00+00:00,14.149999618530273,14.149999618530273,14.140000343322754,14.149999618530273,38020,0.0,0.0,0.0
2024-10-15 03:35:00+00:00,14.149999618530273,14.149999618530273,14.140000343322754,14.140000343322754,34062,0.0,0.0,0.0
2024-10-15 03:40:00+00:00,14.149999618530273,14.149999618530273,14.140000343322754,14.149999618530273,29205,0.0,0.0,0.0
2024-10-15 03:45:00+00:00,14.149999618530273,14.15999984741211,14.149999618530273,14.15999984741211,233393,0.0,0.0,0.0
2024-10-15 03:50:00+00:00,14.170000076293945,14.180000305175781,14.170000076293945,14.180000305175781,266110,0.0,0.0,0.0
2024-10-15 03:55:00+00:00,14.180000305175781,14.180000305175781,14.170000076293945,14.180000305175781,119563,0.0,0.0,0.0
2024-10-15 04:00:00+00:00,14.180000305175781,14.180000305175781,14.15999984741211,14.15999984741211,37141,0.0,0.0,0.0
2024-10-15 04:05:00+00:00,14.170000076293945,14.180000305175781,14.15999984741211,14.170000076293945,38456,0.0,0.0,0.0
2024-10-15 04:10:00+00:00,14.170000076293945,14.180000305175781,14.170000076293945,14.180000305175781,80784,0.0,0.0,0.0
2024-10-15 04:15:00+00:00,14.170000076293945,14.180000305175781,14.170000076293945,14.170000076293945,42369,0.0,0.0,0.0
2024-10-15 04:20:00+00:00,14.170000076293945,14.180000305175781,14.170000076293945,14.170000076293945,116405,0.0,0.0,0.0
2024-10-15 04:25:00+00:00,14.180000305175781,14.180000305175781,14.170000076293945,14.170000076293945,27315,0.0,0.0,0.0
2024-10-15 04:30:00+00:00,14.180000305175781,14.180000305175781,14.170000076293945,14.180000305175781,55131,0.0,0.0,0.0
2024-10-15 04:35:00+00:00,14.180000305175781,14.180000305175781,14.15999984741211,14.170000076293945,79029,0.0,0.0,0.0
2024-10-15 04:40:00+00:00,14.15999984741211,14.170000076293945,14.15999984741211,14.170000076293945,24372,0.0,0.0,0.0
2024-10-15 04:45:00+00:00,14.170000076293945,14.180000305175781,14.15999984741211,14.180000305175781,62390,0.0,0.0,0.0
2024-10-15 04:50:00+00:00,14.170000076293945,14.170000076293945,14.170000076293945,14.170000076293945,35590,0.0,0.0,0.0
2024-10-15 04:55:00+00:00,14.170000076293945,14.170000076293945,14.170000076293945,14.170000076293945,18581,0.0,0.0,0.0
2024-10-15 05:00:00+00:00,14.15999984741211,14.170000076293945,14.15999984741211,14.170000076293945,53738,0.0,0.0,0.0
2024-10-15 05:05:00+00:00,14.170000076293945,14.180000305175781,14.15999984741211,14.15999984741211,52715,0.0,0.0,0.0
2024-10-15 05:10:00+00:00,14.15999984741211,14.170000076293945,14.15999984741211,14.170000076293945,23282,0.0,0.0,0.0
2024-10-16 01:00:00+00:00,14.010000228881836,14.039999961853027,13.949999809265137,14.010000228881836,0,0.0,0.0,0.0
2024-10-16 01:05:00+00:00,14.010000228881836,14.020000457763672,13.979999542236328,14.0,936000,0.0,0.0,0.0
2024-10-16 01:10:00+00:00,14.010000228881836,14.029999732971191,14.0,14.020000457763672,707120,0.0,0.0,0.0
2024-10-16 01:15:00+00:00,14.020000457763672,14.039999961853027,14.010000228881836,14.039999961853027,294359,0.0,0.0,0.0
2024-10-16 01:20:00+00:00,14.050000190734863,14.0600004196167,14.050000190734863,14.0600004196167,387592,0.0,0.0,0.0
2024-10-16 01:25:00+00:00,14.0600004196167,14.069999694824219,14.050000190734863,14.069999694824219,362704,0.0,0.0,0.0
2024-10-16 01:30:00+00:00,14.069999694824219,14.069999694824219,14.050000190734863,14.050000190734863,952353,0.0,0.0,0.0
2024-10-16 01:35:00+00:00,14.050000190734863,14.0600004196167,14.039999961853027,14.0600004196167,115940,0.0,0.0,0.0
2024-10-16 01:40:00+00:00,14.0600004196167,14.079999923706055,14.0600004196167,14.079999923706055,184760,0.0,0.0,0.0
2024-10-16 01:45:00+00:00,14.079999923706055,14.109999656677246,14.079999923706055,14.109999656677246,301236,0.0,0.0,0.0
2024-10-16 01:50:00+00:00,14.109999656677246,14.109999656677246,14.100000381469727,14.109999656677246,312969,0.0,0.0,0.0
2024-10-16 01:55:00+00:00,14.109999656677246,14.109999656677246,14.09000015258789,14.100000381469727,516395,0.0,0.0,0.0
2024-10-16 02:00:00+00:00,14.100000381469727,14.100000381469727,14.09000015258789,14.100000381469727,684233,0.0,0.0,0.0
2024-10-16 02:05:00+00:00,14.100000381469727,14.109999656677246,14.09000015258789,14.109999656677246,232828,0.0,0.0,0.0
2024-10-16 02:10:00+00:00,14.109999656677246,14.119999885559082,14.109999656677246,14.119999885559082,486600,0.0,0.0,0.0
2024-10-16 02:15:00+00:00,14.119999885559082,14.130000114440918,14.109999656677246,14.119999885559082,555383,0.0,0.0,0.0
2024-10-16 02:20:00+00:00,14.119999885559082,14.130000114440918,14.119999885559082,14.130000114440918,211025,0.0,0.0,0.0
2024-10-16 02:25:00+00:00,14.130000114440918,14.130000114440918,14.119999885559082,14.130000114440918,246449,0.0,0.0,0.0
2024-10-16 02:30:00+00:00,14.130000114440918,14.130000114440918,14.119999885559082,14.130000114440918,299265,0.0,0.0,0.0
2024-10-16 02:35:00+00:00,14.130000114440918,14.149999618530273,14.130000114440918,14.140000343322754,313504,0.0,0.0,0.0
2024-10-16 02:40:00+00:00,14.140000343322754,14.149999618530273,14.130000114440918,14.149999618530273,79326,0.0,0.0,0.0
2024-10-16 02:45:00+00:00,14.149999618530273,14.15999984741211,14.149999618530273,14.15999984741211,196776,0.0,0.0,0.0
2024-10-16 02:50:00+00:00,14.15999984741211,14.15999984741211,14.140000343322754,14.149999618530273,101182,0.0,0.0,0.0
2024-10-16 02:55:00+00:00,14.149999618530273,14.15999984741211,14.149999618530273,14.149999618530273,32534,0.0,0.0,0.0
2024-10-16 03:00:00+00:00,14.15999984741211,14.15999984741211,14.149999618530273,14.15999984741211,265750,0.0,0.0,0.0
2024-10-16 03:05:00+00:00,14.15999984741211,14.15999984741211,14.149999618530273,14.15999984741211,40480,0.0,0.0,0.0
2024-10-16 03:10:00+00:00,14.15999984741211,14.15999984741211,14.149999618530273,14.149999618530273,75305,0.0,0.0,0.0
2024-10-16 03:15:00+00:00,14.15999984741211,14.170000076293945,14.15999984741211,14.170000076293945,174860,0.0,0.0,0.0
2024-10-16 03:20:00+00:00,14.170000076293945,14.180000305175781,14.15999984741211,14.180000305175781,172654,0.0,0.0,0.0
2024-10-16 03:25:00+00:00,14.170000076293945,14.180000305175781,14.170000076293945,14.180000305175781,43870,0.0,0.0,0.0
2024-10-16 03:30:00+00:00,14.180000305175781,14.1899995803833,14.170000076293945,14.1899995803833,115956,0.0,0.0,0.0
2024-10-16 03:35:00+00:00,14.1899995803833,14.1899995803833,14.180000305175781,14.180000305175781,104559,0.0,0.0,0.0
2024-10-16 03:40:00+00:00,14.1899995803833,14.1899995803833,14.180000305175781,14.1899995803833,107748,0.0,0.0,0.0
2024-10-16 03:45:00+00:00,14.1899995803833,14.199999809265137,14.1899995803833,14.199999809265137,142530,0.0,0.0,0.0
2024-10-16 03:50:00+00:00,14.199999809265137,14.199999809265137,14.199999809265137,14.199999809265137,179216,0.0,0.0,0.0
2024-10-16 03:55:00+00:00,14.1899995803833,14.199999809265137,14.1899995803833,14.199999809265137,229319,0.0,0.0,0.0
2024-10-16 04:00:00+00:00,14.199999809265137,14.199999809265137,14.1899995803833,14.199999809265137,64096,0.0,0.0,0.0
2024-10-16 04:05:00+00:00,14.199999809265137,14.199999809265137,14.199999809265137,14.199999809265137,59362,0.0,0.0,0.0
2024-10-16 04:10:00+00:00,14.199999809265137,14.199999809265137,14.1899995803833,14.1899995803833,125574,0.0,0.0,0.0
2024-10-16 04:15:00+00:00,14.199999809265137,14.199999809265137,14.15999984741211,14.170000076293945,567897,0.0,0.0,0.0
2024-10-16 04:20:00+00:00,14.15999984741211,14.170000076293945,14.119999885559082,14.130000114440918,710887,0.0,0.0,0.0
2024-10-16 04:25:00+00:00,14.130000114440918,14.130000114440918,14.109999656677246,14.119999885559082,356335,0.0,0.0,0.0
2024-10-16 04:30:00+00:00,14.130000114440918,14.130000114440918,14.109999656677246,14.119999885559082,496534,0.0,0.0,0.0
2024-10-16 04:35:00+00:00,14.119999885559082,14.119999885559082,14.109999656677246,14.119999885559082,322175,0.0,0.0,0.0
2024-10-16 04:40:00+00:00,14.119999885559082,14.119999885559082,14.09000015258789,14.09000015258789,749082,0.0,0.0,0.0
2024-10-16 04:45:00+00:00,14.09000015258789,14.100000381469727,14.079999923706055,14.079999923706055,398168,0.0,0.0,0.0
2024-10-16 04:50:00+00:00,14.079999923706055,14.09000015258789,14.079999923706055,14.09000015258789,72427,0.0,0.0,0.0
2024-10-16 04:55:00+00:00,14.079999923706055,14.09000015258789,14.079999923706055,14.09000015258789,123540,0.0,0.0,0.0
2024-10-16 05:00:00+00:00,14.09000015258789,14.09000015258789,14.069999694824219,14.069999694824219,561850,0.0,0.0,0.0
2024-10-16 05:05:00+00:00,14.069999694824219,14.079999923706055,14.0600004196167,14.0600004196167,441979,0.0,0.0,0.0
2024-10-16 05:10:00+00:00,14.0600004196167,14.069999694824219,14.050000190734863,14.050000190734863,593594,0.0,0.0,0.0
2024-10-16 05:15:00+00:00,14.0600004196167,14.0600004196167,14.039999961853027,14.050000190734863,535727,0.0,0.0,0.0
2024-10-16 05:20:00+00:00,14.0600004196167,14.069999694824219,14.039999961853027,14.069999694824219,603585,0.0,0.0,0.0
2024-10-17 01:00:00+00:00,14.149999618530273,14.180000305175781,14.119999885559082,14.140000343322754,0,0.0,0.0,0.0
2024-10-17 01:05:00+00:00,14.140000343322754,14.140000343322754,14.119999885559082,14.119999885559082,887853,0.0,0.0,0.0
2024-10-17 01:10:00+00:00,14.130000114440918,14.130000114440918,14.109999656677246,14.119999885559082,324221,0.0,0.0,0.0
2024-10-17 01:15:00+00:00,14.119999885559082,14.119999885559082,14.09000015258789,14.100000381469727,522302,0.0,0.0,0.0
2024-10-17 01:20:00+00:00,14.100000381469727,14.100000381469727,14.079999923706055,14.09000015258789,238012,0.0,0.0,0.0
2024-10-17 01:25:00+00:00,14.09000015258789,14.09000015258789,14.0600004196167,14.069999694824219,366275,0.0,0.0,0.0
2024-10-17 01:30:00+00:00,14.079999923706055,14.079999923706055,14.050000190734863,14.0600004196167,1051390,0.0,0.0,0.0
2024-10-17 01:35:00+00:00,14.069999694824219,14.09000015258789,14.0600004196167,14.079999923706055,845903,0.0,0.0,0.0
2024-10-17 01:40:00+00:00,14.079999923706055,14.100000381469727,14.079999923706055,14.079999923706055,743057,0.0,0.0,0.0
2024-10-17 01:45:00+00:00,14.069999694824219,14.100000381469727,14.069999694824219,14.09000015258789,73006,0.0,0.0,0.0
2024-10-17 01:50:00+00:00,14.100000381469727,14.100000381469727,14.069999694824219,14.069999694824219,418292,0.0,0.0,0.0
2024-10-17 01:55:00+00:00,14.069999694824219,14.079999923706055,14.069999694824219,14.079999923706055,145374,0.0,0.0,0.0
2024-10-17 02:00:00+00:00,14.079999923706055,14.079999923706055,14.079999923706055,14.079999923706055,102164,0.0,0.0,0.0
2024-10-17 02:05:00+00:00,14.079999923706055,14.079999923706055,14.069999694824219,14.079999923706055,118982,0.0,0.0,0.0
2024-10-17 02:10:00+00:00,14.079999923706055,14.079999923706055,14.069999694824219,14.069999694824219,177896,0.0,0.0,0.0
2024-10-17 02:15:00+00:00,14.069999694824219,14.079999923706055,14.069999694824219,14.079999923706055,33294,0.0,0.0,0.0
2024-10-17 02:20:00+00:00,14.079999923706055,14.079999923706055,14.079999923706055,14.079999923706055,121525,0.0,0.0,0.0
2024-10-17 02:25:00+00:00,14.079999923706055,14.079999923706055,14.069999694824219,14.069999694824219,1051114,0.0,0.0,0.0
2024-10-17 02:30:00+00:00,14.069999694824219,14.079999923706055,14.069999694824219,14.079999923706055,107355,0.0,0.0,0.0
2024-10-17 02:35:00+00:00,14.079999923706055,14.079999923706055,14.069999694824219,14.079999923706055,259538,0.0,0.0,0.0
2024-10-17 02:40:00+00:00,14.079999923706055,14.079999923706055,14.0600004196167,14.0600004196167,450916,0.0,0.0,0.0
2024-10-17 02:45:00+00:00,14.0600004196167,14.069999694824219,14.0600004196167,14.069999694824219,92848,0.0,0.0,0.0
2024-10-17 02:50:00+00:00,14.069999694824219,14.069999694824219,14.069999694824219,14.069999694824219,150246,0.0,0.0,0.0
2024-10-17 02:55:00+00:00,14.069999694824219,14.079999923706055,14.069999694824219,14.079999923706055,87523,0.0,0.0,0.0
2024-10-17 03:00:00+00:00,14.079999923706055,14.100000381469727,14.079999923706055,14.100000381469727,243514,0.0,0.0,0.0
2024-10-17 03:05:00+00:00,14.100000381469727,14.100000381469727,14.100000381469727,14.100000381469727,72360,0.0,0.0,0.0
2024-10-17 03:10:00+00:00,14.100000381469727,14.100000381469727,14.09000015258789,14.09000015258789,351451,0.0,0.0,0.0
2024-10-17 03:15:00+00:00,14.09000015258789,14.100000381469727,14.09000015258789,14.100000381469727,59088,0.0,0.0,0.0
2024-10-17 03:20:00+00:00,14.100000381469727,14.100000381469727,14.09000015258789,14.100000381469727,245998,0.0,0.0,0.0
2024-10-17 03:25:00+00:00,14.09000015258789,14.100000381469727,14.079999923706055,14.09000015258789,554432,0.0,0.0,0.0
2024-10-17 03:30:00+00:00,14.079999923706055,14.079999923706055,14.079999923706055,14.079999923706055,130666,0.0,0.0,0.0
2024-10-17 03:35:00+00:00,14.079999923706055,14.100000381469727,14.079999923706055,14.100000381469727,229028,0.0,0.0,0.0
2024-10-17 03:40:00+00:00,14.100000381469727,14.109999656677246,14.100000381469727,14.100000381469727,459733,0.0,0.0,0.0
2024-10-17 03:45:00+00:00,14.100000381469727,14.109999656677246,14.100000381469727,14.109999656677246,19407,0.0,0.0,0.0
2024-10-17 03:50:00+00:00,14.109999656677246,14.109999656677246,14.100000381469727,14.109999656677246,60116,0.0,0.0,0.0
2024-10-17 03:55:00+00:00,14.109999656677246,14.109999656677246,14.100000381469727,14.100000381469727,150465,0.0,0.0,0.0
2024-10-17 04:00:00+00:00,14.100000381469727,14.109999656677246,14.100000381469727,14.100000381469727,60763,0.0,0.0,0.0
2024-10-17 04:05:00+00:00,14.100000381469727,14.100000381469727,14.079999923706055,14.09000015258789,108365,0.0,0.0,0.0
2024-10-17 04:10:00+00:00,14.09000015258789,14.09000015258789,14.09000015258789,14.09000015258789,34853,0.0,0.0,0.0
2024-10-17 04:15:00+00:00,14.09000015258789,14.09000015258789,14.079999923706055,14.079999923706055,36865,0.0,0.0,0.0
2024-10-17 04:20:00+00:00,14.09000015258789,14.09000015258789,14.079999923706055,14.079999923706055,44537,0.0,0.0,0.0
2024-10-17 04:25:00+00:00,14.09000015258789,14.09000015258789,14.079999923706055,14.079999923706055,40099,0.0,0.0,0.0
2024-10-17 04:30:00+00:00,14.09000015258789,14.09000015258789,14.079999923706055,14.079999923706055,48165,0.0,0.0,0.0
2024-10-17 04:35:00+00:00,14.079999923706055,14.09000015258789,14.079999923706055,14.079999923706055,132989,0.0,0.0,0.0
2024-10-17 04:40:00+00:00,14.09000015258789,14.09000015258789,14.09000015258789,14.09000015258789,73885,0.0,0.0,0.0
2024-10-17 04:45:00+00:00,14.09000015258789,14.100000381469727,14.09000015258789,14.100000381469727,92001,0.0,0.0,0.0
2024-10-17 04:50:00+00:00,14.100000381469727,14.100000381469727,14.09000015258789,14.100000381469727,56583,0.0,0.0,0.0
2024-10-17 04:55:00+00:00,14.100000381469727,14.100000381469727,14.09000015258789,14.100000381469727,452119,0.0,0.0,0.0
2024-10-17 05:00:00+00:00,14.109999656677246,14.109999656677246,14.100000381469727,14.109999656677246,19214,0.0,0.0,0.0
2024-10-17 05:05:00+00:00,14.109999656677246,14.119999885559082,14.109999656677246,14.119999885559082,395150,0.0,0.0,0.0
2024-10-17 05:10:00+00:00,14.119999885559082,14.119999885559082,14.119999885559082,14.119999885559082,2460,0.0,0.0,0.0
2024-10-18 01:00:00+00:00,14.420000076293945,14.430000305175781,14.390000343322754,14.399999618530273,0,0.0,0.0,0.0
2024-10-18 01:05:00+00:00,14.390000343322754,14.420000076293945,14.390000343322754,14.40999984741211,1347000,0.0,0.0,0.0
2024-10-18 01:10:00+00:00,14.40999984741211,14.420000076293945,14.390000343322754,14.399999618530273,1203157,0.0,0.0,0.0
2024-10-18 01:15:00+00:00,14.40999984741211,14.40999984741211,14.399999618530273,14.399999618530273,385923,0.0,0.0,0.0
2024-10-18 01:20:00+00:00,14.399999618530273,14.399999618530273,14.369999885559082,14.380000114440918,469952,0.0,0.0,0.0
2024-10-18 01:25:00+00:00,14.380000114440918,14.390000343322754,14.369999885559082,14.380000114440918,418622,0.0,0.0,0.0
2024-10-18 01:30:00+00:00,14.380000114440918,14.40999984741211,14.369999885559082,14.390000343322754,954431,0.0,0.0,0.0
2024-10-18 01:35:00+00:00,14.390000343322754,14.40999984741211,14.390000343322754,14.40999984741211,317965,0.0,0.0,0.0
2024-10-18 01:40:00+00:00,14.420000076293945,14.4399995803833,14.40999984741211,14.4399995803833,1294887,0.0,0.0,0.0
2024-10-18 01:45:00+00:00,14.4399995803833,14.449999809265137,14.40999984741211,14.40999984741211,396678,0.0,0.0,0.0
2024-10-18 01:50:00+00:00,14.420000076293945,14.430000305175781,14.420000076293945,14.420000076293945,396012,0.0,0.0,0.0
2024-10-18 01:55:00+00:00,14.420000076293945,14.4399995803833,14.420000076293945,14.430000305175781,406249,0.0,0.0,0.0
2024-10-18 02:00:00+00:00,14.4399995803833,14.449999809265137,14.430000305175781,14.4399995803833,584256,0.0,0.0,0.0
2024-10-18 02:05:00+00:00,14.4399995803833,14.4399995803833,14.420000076293945,14.420000076293945,440362,0.0,0.0,0.0
2024-10-18 02:10:00+00:00,14.420000076293945,14.4399995803833,14.420000076293945,14.430000305175781,121102,0.0,0.0,0.0
2024-10-18 02:15:00+00:00,14.430000305175781,14.4399995803833,14.40999984741211,14.420000076293945,595547,0.0,0.0,0.0
2024-10-18 02:20:00+00:00,14.420000076293945,14.420000076293945,14.399999618530273,14.40999984741211,598432,0.0,0.0,0.0
2024-10-18 02:25:00+00:00,14.40999984741211,14.420000076293945,14.399999618530273,14.40999984741211,217629,0.0,0.0,0.0
2024-10-18 02:30:00+00:00,14.420000076293945,14.430000305175781,14.420000076293945,14.430000305175781,173657,0.0,0.0,0.0
2024-10-18 02:35:00+00:00,14.430000305175781,14.430000305175781,14.420000076293945,14.420000076293945,516705,0.0,0.0,0.0
2024-10-18 02:40:00+00:00,14.420000076293945,14.430000305175781,14.420000076293945,14.430000305175781,43378,0.0,0.0,0.0
2024-10-18 02:45:00+00:00,14.430000305175781,14.430000305175781,14.420000076293945,14.430000305175781,76287,0.0,0.0,0.0
2024-10-18 02:50:00+00:00,14.430000305175781,14.430000305175781,14.420000076293945,14.430000305175781,66798,0.0,0.0,0.0
2024-10-18 02:55:00+00:00,14.430000305175781,14.430000305175781,14.420000076293945,14.430000305175781,165473,0.0,0.0,0.0
2024-10-18 03:00:00+00:00,14.430000305175781,14.430000305175781,14.420000076293945,14.420000076293945,116923,0.0,0.0,0.0
2024-10-18 03:05:00+00:00,14.430000305175781,14.430000305175781,14.420000076293945,14.430000305175781,82474,0.0,0.0,0.0
2024-10-18 03:10:00+00:00,14.420000076293945,14.430000305175781,14.40999984741211,14.40999984741211,176144,0.0,0.0,0.0
2024-10-18 03:15:00+00:00,14.420000076293945,14.420000076293945,14.40999984741211,14.40999984741211,45477,0.0,0.0,0.0
2024-10-18 03:20:00+00:00,14.40999984741211,14.430000305175781,14.40999984741211,14.430000305175781,240835,0.0,0.0,0.0
2024-10-18 03:25:00+00:00,14.420000076293945,14.420000076293945,14.40999984741211,14.420000076293945,83415,0.0,0.0,0.0
2024-10-18 03:30:00+00:00,14.420000076293945,14.420000076293945,14.40999984741211,14.40999984741211,204274,0.0,0.0,0.0
2024-10-18 03:35:00+00:00,14.399999618530273,14.420000076293945,14.380000114440918,14.390000343322754,649826,0.0,0.0,0.0
2024-10-18 03:40:00+00:00,14.390000343322754,14.390000343322754,14.359999656677246,14.369999885559082,566777,0.0,0.0,0.0
2024-10-18 03:45:00+00:00,14.369999885559082,14.390000343322754,14.369999885559082,14.390000343322754,58659,0.0,0.0,0.0
2024-10-18 03:50:00+00:00,14.380000114440918,14.390000343322754,14.380000114440918,14.390000343322754,56814,0.0,0.0,0.0
2024-10-18 03:55:00+00:00,14.390000343322754,14.390000343322754,14.369999885559082,14.380000114440918,86194,0.0,0.0,0.0
2024-10-18 04:00:00+00:00,14.380000114440918,14.380000114440918,14.369999885559082,14.380000114440918,68902,0.0,0.0,0.0
2024-10-18 04:05:00+00:00,14.380000114440918,14.390000343322754,14.369999885559082,14.390000343322754,133337,0.0,0.0,0.0
2024-10-18 04:10:00+00:00,14.390000343322754,14.390000343322754,14.369999885559082,14.380000114440918,160994,0.0,0.0,0.0
2024-10-18 04:15:00+00:00,14.369999885559082,14.380000114440918,14.359999656677246,14.359999656677246,369554,0.0,0.0,0.0
2024-10-18 04:20:00+00:00,14.359999656677246,14.369999885559082,14.359999656677246,14.369999885559082,236710,0.0,0.0,0.0
2024-10-18 04:25:00+00:00,14.369999885559082,14.369999885559082,14.359999656677246,14.359999656677246,215584,0.0,0.0,0.0
2024-10-18 04:30:00+00:00,14.369999885559082,14.369999885559082,14.34000015258789,14.350000381469727,671932,0.0,0.0,0.0
2024-10-18 04:35:00+00:00,14.350000381469727,14.359999656677246,14.34000015258789,14.34000015258789,359234,0.0,0.0,0.0
2024-10-18 04:40:00+00:00,14.34000015258789,14.34000015258789,14.329999923706055,14.34000015258789,100463,0.0,0.0,0.0
2024-10-18 04:45:00+00:00,14.34000015258789,14.350000381469727,14.329999923706055,14.34000015258789,116500,0.0,0.0,0.0
2024-10-18 04:50:00+00:00,14.34000015258789,14.350000381469727,14.329999923706055,14.34000015258789,281246,0.0,0.0,0.0
2024-10-18 04:55:00+00:00,14.34000015258789,14.34000015258789,14.3100004196167,14.319999694824219,526175,0.0,0.0,0.0
2024-10-18 05:00:00+00:00,14.319999694824219,14.350000381469727,14.319999694824219,14.350000381469727,633338,0.0,0.0,0.0
2024-10-18 05:05:00+00:00,14.350000381469727,14.350000381469727,14.34000015258789,14.34000015258789,169028,0.0,0.0,0.0
2024-10-18 05:10:00+00:00,14.34000015258789,14.34000015258789,14.34000015258789,14.34000015258789,4460,0.0,0.0,0.0
2024-10-21 01:00:00+00:00,14.520000457763672,14.529999732971191,14.479999542236328,14.510000228881836,0,0.0,0.0,0.0
2024-10-21 01:05:00+00:00,14.5,14.520000457763672,14.479999542236328,14.520000457763672,1186000,0.0,0.0,0.0
2024-10-21 01:10:00+00:00,14.520000457763672,14.529999732971191,14.510000228881836,14.520000457763672,1028430,0.0,0.0,0.0
2024-10-21 01:15:00+00:00,14.520000457763672,14.529999732971191,14.510000228881836,14.529999732971191,1889428,0.0,0.0,0.0
2024-10-21 01:20:00+00:00,14.529999732971191,14.539999961853027,14.520000457763672,14.539999961853027,1268101,0.0,0.0,0.0
2024-10-21 01:25:00+00:00,14.539999961853027,14.539999961853027,14.529999732971191,14.539999961853027,732048,0.0,0.0,0.0
2024-10-21 01:30:00+00:00,14.539999961853027,14.539999961853027,14.529999732971191,14.539999961853027,564728,0.0,0.0,0.0
2024-10-21 01:35:00+00:00,14.539999961853027,14.539999961853027,14.529999732971191,14.529999732971191,1029055,0.0,0.0,0.0
2024-10-21 01:40:00+00:00,14.529999732971191,14.529999732971191,14.5,14.510000228881836,2384205,0.0,0.0,0.0
2024-10-21 01:45:00+00:00,14.510000228881836,14.510000228881836,14.5,14.510000228881836,317943,0.0,0.0,0.0
2024-10-21 01:50:00+00:00,14.510000228881836,14.520000457763672,14.5,14.520000457763672,766178,0.0,0.0,0.0
2024-10-21 01:55:00+00:00,14.520000457763672,14.520000457763672,14.510000228881836,14.520000457763672,236246,0.0,0.0,0.0
2024-10-21 02:00:00+00:00,14.520000457763672,14.520000457763672,14.510000228881836,14.520000457763672,341666,0.0,0.0,0.0
2024-10-21 02:05:00+00:00,14.520000457763672,14.520000457763672,14.510000228881836,14.520000457763672,400342,0.0,0.0,0.0
2024-10-21 02:10:00+00:00,14.520000457763672,14.520000457763672,14.510000228881836,14.510000228881836,395997,0.0,0.0,0.0
2024-10-21 02:15:00+00:00,14.520000457763672,14.520000457763672,14.510000228881836,14.520000457763672,184504,0.0,0.0,0.0
2024-10-21 02:20:00+00:00,14.520000457763672,14.520000457763672,14.5,14.5,561351,0.0,0.0,0.0
2024-10-21 02:25:00+00:00,14.5,14.520000457763672,14.5,14.520000457763672,278807,0.0,0.0,0.0
2024-10-21 02:30:00+00:00,14.520000457763672,14.520000457763672,14.510000228881836,14.520000457763672,282672,0.0,0.0,0.0
2024-10-21 02:35:00+00:00,14.520000457763672,14.520000457763672,14.510000228881836,14.520000457763672,372601,0.0,0.0,0.0
2024-10-21 02:40:00+00:00,14.520000457763672,14.520000457763672,14.510000228881836,14.510000228881836,330194,0.0,0.0,0.0
2024-10-21 02:45:00+00:00,14.520000457763672,14.520000457763672,14.510000228881836,14.510000228881836,119573,0.0,0.0,0.0
2024-10-21 02:50:00+00:00,14.510000228881836,14.510000228881836,14.5,14.510000228881836,632724,0.0,0.0,0.0
2024-10-21 02:55:00+00:00,14.510000228881836,14.510000228881836,14.5,14.510000228881836,336026,0.0,0.0,0.0
2024-10-21 03:00:00+00:00,14.510000228881836,14.520000457763672,14.5,14.510000228881836,1324599,0.0,0.0,0.0
2024-10-21 03:05:00+00:00,14.510000228881836,14.510000228881836,14.5,14.5,766977,0.0,0.0,0.0
2024-10-21 03:10:00+00:00,14.5,14.510000228881836,14.5,14.5,131494,0.0,0.0,0.0
2024-10-21 03:15:00+00:00,14.510000228881836,14.510000228881836,14.489999771118164,14.5,476610,0.0,0.0,0.0
2024-10-21 03:20:00+00:00,14.5,14.539999961853027,14.5,14.539999961853027,3622175,0.0,0.0,0.0
2024-10-21 03:25:00+00:00,14.550000190734863,14.550000190734863,14.510000228881836,14.520000457763672,968611,0.0,0.0,0.0
2024-10-21 03:30:00+00:00,14.520000457763672,14.529999732971191,14.520000457763672,14.529999732971191,194253,0.0,0.0,0.0
2024-10-21 03:35:00+00:00,14.529999732971191,14.539999961853027,14.529999732971191,14.539999961853027,312258,0.0,0.0,0.0
2024-10-21 03:40:00+00:00,14.529999732971191,14.539999961853027,14.529999732971191,14.529999732971191,272937,0.0,0.0,0.0
2024-10-21 03:45:00+00:00,14.539999961853027,14.539999961853027,14.529999732971191,14.529999732971191,198328,0.0,0.0,0.0
2024-10-21 03:50:00+00:00,14.529999732971191,14.529999732971191,14.520000457763672,14.529999732971191,334793,0.0,0.0,0.0
2024-10-21 03:55:00+00:00,14.529999732971191,14.529999732971191,14.5,14.520000457763672,1191223,0.0,0.0,0.0
2024-10-21 04:00:00+00:00,14.510000228881836,14.520000457763672,14.5,14.510000228881836,697981,0.0,0.0,0.0
2024-10-21 04:05:00+00:00,14.510000228881836,14.510000228881836,14.489999771118164,14.5,741341,0.0,0.0,0.0
2024-10-21 04:10:00+00:00,14.5,14.5,14.489999771118164,14.5,194446,0.0,0.0,0.0
2024-10-21 04:15:00+00:00,14.5,14.5,14.489999771118164,14.489999771118164,261096,0.0,0.0,0.0
2024-10-21 04:20:00+00:00,14.489999771118164,14.5,14.479999542236328,14.489999771118164,1606866,0.0,0.0,0.0
2024-10-21 04:25:00+00:00,14.489999771118164,14.5,14.489999771118164,14.5,262754,0.0,0.0,0.0
2024-10-21 04:30:00+00:00,14.5,14.5,14.489999771118164,14.489999771118164,336155,0.0,0.0,0.0
2024-10-21 04:35:00+00:00,14.489999771118164,14.5,14.479999542236328,14.479999542236328,985138,0.0,0.0,0.0
2024-10-21 04:40:00+00:00,14.479999542236328,14.479999542236328,14.4399995803833,14.449999809265137,1476308,0.0,0.0,0.0
2024-10-21 04:45:00+00:00,14.460000038146973,14.460000038146973,14.4399995803833,14.460000038146973,428175,0.0,0.0,0.0
2024-10-21 04:50:00+00:00,14.460000038146973,14.460000038146973,14.449999809265137,14.460000038146973,487260,0.0,0.0,0.0
2024-10-21 04:55:00+00:00,14.460000038146973,14.460000038146973,14.449999809265137,14.449999809265137,845467,0.0,0.0,0.0
2024-10-21 05:00:00+00:00,14.449999809265137,14.449999809265137,14.430000305175781,14.4399995803833,1015972,0.0,0.0,0.0
2024-10-21 05:05:00+00:00,14.430000305175781,14.449999809265137,14.430000305175781,14.4399995803833,497302,0.0,0.0,0.0
2024-10-21 05:10:00+00:00,14.4399995803833,14.449999809265137,14.430000305175781,14.4399995803833,899197,0.0,0.0,0.0
2024-10-21 05:15:00+00:00,14.449999809265137,14.449999809265137,14.430000305175781,14.4399995803833,959761,0.0,0.0,0.0
2024-10-21 05:20:00+00:00,14.430000305175781,14.4399995803833,14.430000305175781,14.4399995803833,762455,0.0,0.0,0.0
2024-10-22 01:00:00+00:00,13.949999809265137,14.0600004196167,13.949999809265137,13.989999771118164,0,0.0,0.0,0.0
2024-10-22 01:05:00+00:00,13.989999771118164,14.010000228881836,13.979999542236328,13.989999771118164,1249000,0.0,0.0,0.0
2024-10-22 01:10:00+00:00,13.989999771118164,14.0,13.949999809265137,13.960000038146973,1598334,0.0,0.0,0.0
2024-10-22 01:15:00+00:00,13.960000038146973,14.0,13.960000038146973,14.0,813047,0.0,0.0,0.0
2024-10-22 01:20:00+00:00,14.0,14.020000457763672,13.989999771118164,14.010000228881836,765264,0.0,0.0,0.0
2024-10-22 01:25:00+00:00,14.010000228881836,14.039999961853027,14.0,14.029999732971191,1674680,0.0,0.0,0.0
2024-10-22 01:30:00+00:00,14.029999732971191,14.039999961853027,14.020000457763672,14.020000457763672,741315,0.0,0.0,0.0
2024-10-22 01:35:00+00:00,14.020000457763672,14.039999961853027,14.020000457763672,14.029999732971191,489939,0.0,0.0,0.0
2024-10-22 01:40:00+00:00,14.029999732971191,14.029999732971191,14.020000457763672,14.029999732971191,330541,0.0,0.0,0.0
2024-10-22 01:45:00+00:00,14.029999732971191,14.039999961853027,14.020000457763672,14.039999961853027,308061,0.0,0.0,0.0
2024-10-22 01:50:00+00:00,14.029999732971191,14.039999961853027,14.029999732971191,14.039999961853027,196678,0.0,0.0,0.0
2024-10-22 01:55:00+00:00,14.029999732971191,14.029999732971191,14.020000457763672,14.029999732971191,410789,0.0,0.0,0.0
2024-10-22 02:00:00+00:00,14.029999732971191,14.029999732971191,14.020000457763672,14.020000457763672,459238,0.0,0.0,0.0
2024-10-22 02:05:00+00:00,14.020000457763672,14.029999732971191,14.010000228881836,14.029999732971191,577481,0.0,0.0,0.0
2024-10-22 02:10:00+00:00,14.039999961853027,14.039999961853027,14.029999732971191,14.029999732971191,120016,0.0,0.0,0.0
2024-10-22 02:15:00+00:00,14.039999961853027,14.039999961853027,14.029999732971191,14.029999732971191,332738,0.0,0.0,0.0
2024-10-22 02:20:00+00:00,14.029999732971191,14.029999732971191,14.020000457763672,14.020000457763672,210875,0.0,0.0,0.0
2024-10-22 02:25:00+00:00,14.029999732971191,14.029999732971191,14.020000457763672,14.020000457763672,150760,0.0,0.0,0.0
2024-10-22 02:30:00+00:00,14.029999732971191,14.029999732971191,14.020000457763672,14.020000457763672,484090,0.0,0.0,0.0
2024-10-22 02:35:00+00:00,14.020000457763672,14.020000457763672,14.010000228881836,14.020000457763672,236465,0.0,0.0,0.0
2024-10-22 02:40:00+00:00,14.020000457763672,14.020000457763672,14.010000228881836,14.010000228881836,172641,0.0,0.0,0.0
2024-10-22 02:45:00+00:00,14.010000228881836,14.020000457763672,14.010000228881836,14.020000457763672,212208,0.0,0.0,0.0
2024-10-22 02:50:00+00:00,14.020000457763672,14.020000457763672,14.010000228881836,14.010000228881836,248223,0.0,0.0,0.0
2024-10-22 02:55:00+00:00,14.010000228881836,14.010000228881836,14.0,14.010000228881836,124390,0.0,0.0,0.0
2024-10-22 03:00:00+00:00,14.010000228881836,14.010000228881836,14.0,14.010000228881836,376528,0.0,0.0,0.0
2024-10-22 03:05:00+00:00,14.010000228881836,14.010000228881836,14.0,14.010000228881836,663109,0.0,0.0,0.0
2024-10-22 03:10:00+00:00,14.010000228881836,14.010000228881836,14.0,14.010000228881836,133571,0.0,0.0,0.0
2024-10-22 03:15:00+00:00,14.010000228881836,14.010000228881836,14.0,14.010000228881836,46929,0.0,0.0,0.0
2024-10-22 03:20:00+00:00,14.010000228881836,14.010000228881836,14.0,14.0,133871,0.0,0.0,0.0
2024-10-22 03:25:00+00:00,14.0,14.010000228881836,14.0,14.010000228881836,193798,0.0,0.0,0.0
2024-10-22 03:30:00+00:00,14.010000228881836,14.010000228881836,14.0,14.0,991306,0.0,0.0,0.0
2024-10-22 03:35:00+00:00,14.0,14.010000228881836,14.0,14.0,549711,0.0,0.0,0.0
2024-10-22 03:40:00+00:00,14.0,14.010000228881836,14.0,14.0,68627,0.0,0.0,0.0
2024-10-22 03:45:00+00:00,14.010000228881836,14.010000228881836,14.0,14.0,423369,0.0,0.0,0.0
2024-10-22 03:50:00+00:00,14.010000228881836,14.010000228881836,14.0,14.0,762410,0.0,0.0,0.0
2024-10-22 03:55:00+00:00,14.0,14.010000228881836,14.0,14.010000228881836,67477,0.0,0.0,0.0
2024-10-22 04:00:00+00:00,14.010000228881836,14.010000228881836,14.010000228881836,14.010000228881836,128520,0.0,0.0,0.0
2024-10-22 04:05:00+00:00,14.010000228881836,14.010000228881836,14.0,14.010000228881836,100813,0.0,0.0,0.0
2024-10-22 04:10:00+00:00,14.010000228881836,14.010000228881836,14.010000228881836,14.010000228881836,50869,0.0,0.0,0.0
2024-10-22 04:15:00+00:00,14.010000228881836,14.010000228881836,14.010000228881836,14.010000228881836,176451,0.0,0.0,0.0
2024-10-22 04:20:00+00:00,14.010000228881836,14.010000228881836,14.0,14.010000228881836,82692,0.0,0.0,0.0
2024-10-22 04:25:00+00:00,14.010000228881836,14.010000228881836,14.0,14.010000228881836,1131908,0.0,0.0,0.0
2024-10-22 04:30:00+00:00,14.010000228881836,14.010000228881836,14.0,14.010000228881836,708839,0.0,0.0,0.0
2024-10-22 04:35:00+00:00,14.0,14.010000228881836,14.0,14.010000228881836,116236,0.0,0.0,0.0
2024-10-22 04:40:00+00:00,14.010000228881836,14.010000228881836,14.0,14.010000228881836,204736,0.0,0.0,0.0
2024-10-22 04:45:00+00:00,14.0,14.010000228881836,14.0,14.0,918740,0.0,0.0,0.0
2024-10-22 04:50:00+00:00,14.0,14.0,13.989999771118164,14.0,251532,0.0,0.0,0.0
2024-10-22 04:55:00+00:00,14.0,14.0,13.979999542236328,13.979999542236328,935516,0.0,0.0,0.0
2024-10-22 05:00:00+00:00,13.989999771118164,13.989999771118164,13.979999542236328,13.989999771118164,348204,0.0,0.0,0.0
2024-10-22 05:05:00+00:00,13.989999771118164,14.0,13.979999542236328,14.0,194727,0.0,0.0,0.0
2024-10-22 05:10:00+00:00,14.0,14.0,13.989999771118164,14.0,279000,0.0,0.0,0.0
2024-10-22 05:15:00+00:00,14.0,14.0,13.989999771118164,14.0,301987,0.0,0.0,0.0
2024-10-22 05:20:00+00:00,14.0,14.010000228881836,13.989999771118164,14.010000228881836,278085,0.0,0.0,0.0
2024-10-23 01:00:00+00:00,14.0,14.0,13.949999809265137,13.989999771118164,0,0.0,0.0,0.0
2024-10-23 01:05:00+00:00,13.979999542236328,13.989999771118164,13.960000038146973,13.989999771118164,363622,0.0,0.0,0.0
2024-10-23 01:10:00+00:00,13.989999771118164,13.989999771118164,13.960000038146973,13.970000267028809,237807,0.0,0.0,0.0
2024-10-23 01:15:00+00:00,13.970000267028809,13.979999542236328,13.960000038146973,13.960000038146973,304744,0.0,0.0,0.0
2024-10-23 01:20:00+00:00,13.960000038146973,13.970000267028809,13.949999809265137,13.970000267028809,102425,0.0,0.0,0.0
2024-10-23 01:25:00+00:00,13.970000267028809,14.0,13.970000267028809,13.989999771118164,165085,0.0,0.0,0.0
2024-10-23 01:30:00+00:00,14.0,14.020000457763672,14.0,14.020000457763672,311229,0.0,0.0,0.0
2024-10-23 01:35:00+00:00,14.020000457763672,14.029999732971191,14.010000228881836,14.020000457763672,277688,0.0,0.0,0.0
2024-10-23 01:40:00+00:00,14.020000457763672,14.029999732971191,14.010000228881836,14.029999732971191,134444,0.0,0.0,0.0
2024-10-23 01:45:00+00:00,14.029999732971191,14.029999732971191,14.020000457763672,14.020000457763672,52992,0.0,0.0,0.0
2024-10-23 01:50:00+00:00,14.020000457763672,14.029999732971191,13.989999771118164,13.989999771118164,384915,0.0,0.0,0.0
2024-10-23 01:55:00+00:00,14.0,14.0,13.989999771118164,13.989999771118164,421680,0.0,0.0,0.0
2024-10-23 02:00:00+00:00,14.0,14.0,13.989999771118164,14.0,64570,0.0,0.0,0.0
2024-10-23 02:05:00+00:00,14.0,14.0,13.989999771118164,14.0,77575,0.0,0.0,0.0
2024-10-23 02:10:00+00:00,14.0,14.010000228881836,13.989999771118164,13.989999771118164,92309,0.0,0.0,0.0
2024-10-23 02:15:00+00:00,14.0,14.0,13.989999771118164,13.989999771118164,195317,0.0,0.0,0.0
2024-10-23 02:20:00+00:00,13.989999771118164,14.0,13.989999771118164,13.989999771118164,58658,0.0,0.0,0.0
2024-10-23 02:25:00+00:00,13.989999771118164,14.0,13.979999542236328,13.989999771118164,143077,0.0,0.0,0.0
2024-10-23 02:30:00+00:00,13.989999771118164,13.989999771118164,13.979999542236328,13.989999771118164,370780,0.0,0.0,0.0
2024-10-23 02:35:00+00:00,13.989999771118164,13.989999771118164,13.970000267028809,13.979999542236328,78614,0.0,0.0,0.0
2024-10-23 02:40:00+00:00,13.979999542236328,13.989999771118164,13.970000267028809,13.979999542236328,47441,0.0,0.0,0.0
2024-10-23 02:45:00+00:00,13.989999771118164,13.989999771118164,13.970000267028809,13.970000267028809,254544,0.0,0.0,0.0
2024-10-23 02:50:00+00:00,13.979999542236328,13.989999771118164,13.979999542236328,13.989999771118164,31365,0.0,0.0,0.0
2024-10-23 02:55:00+00:00,13.979999542236328,13.989999771118164,13.979999542236328,13.989999771118164,87037,0.0,0.0,0.0
2024-10-23 03:00:00+00:00,13.989999771118164,13.989999771118164,13.979999542236328,13.989999771118164,69374,0.0,0.0,0.0
2024-10-23 03:05:00+00:00,13.989999771118164,13.989999771118164,13.979999542236328,13.979999542236328,179519,0.0,0.0,0.0
2024-10-23 03:10:00+00:00,13.979999542236328,13.979999542236328,13.970000267028809,13.970000267028809,67027,0.0,0.0,0.0
2024-10-23 03:15:00+00:00,13.979999542236328,13.979999542236328,13.970000267028809,13.979999542236328,35973,0.0,0.0,0.0
2024-10-23 03:20:00+00:00,13.979999542236328,13.979999542236328,13.970000267028809,13.970000267028809,456172,0.0,0.0,0.0
2024-10-23 03:25:00+00:00,13.970000267028809,13.979999542236328,13.960000038146973,13.960000038146973,67757,0.0,0.0,0.0
2024-10-23 03:30:00+00:00,13.970000267028809,13.970000267028809,13.949999809265137,13.960000038146973,505732,0.0,0.0,0.0
2024-10-23 03:35:00+00:00,13.960000038146973,13.960000038146973,13.949999809265137,13.960000038146973,130412,0.0,0.0,0.0
2024-10-23 03:40:00+00:00,13.960000038146973,13.960000038146973,13.960000038146973,13.960000038146973,56285,0.0,0.0,0.0
2024-10-23 03:45:00+00:00,13.960000038146973,13.970000267028809,13.960000038146973,13.970000267028809,141759,0.0,0.0,0.0
2024-10-23 03:50:00+00:00,13.970000267028809,13.970000267028809,13.960000038146973,13.960000038146973,261661,0.0,0.0,0.0
2024-10-23 03:55:00+00:00,13.970000267028809,13.970000267028809,13.960000038146973,13.970000267028809,25650,0.0,0.0,0.0
2024-10-23 04:00:00+00:00,13.970000267028809,13.970000267028809,13.960000038146973,13.970000267028809,68409,0.0,0.0,0.0
2024-10-23 04:05:00+00:00,13.970000267028809,13.970000267028809,13.960000038146973,13.960000038146973,166345,0.0,0.0,0.0
2024-10-23 04:10:00+00:00,13.960000038146973,13.970000267028809,13.960000038146973,13.960000038146973,94522,0.0,0.0,0.0
2024-10-23 04:15:00+00:00,13.960000038146973,13.960000038146973,13.949999809265137,13.949999809265137,58620,0.0,0.0,0.0
2024-10-23 04:20:00+00:00,13.949999809265137,13.960000038146973,13.949999809265137,13.960000038146973,91221,0.0,0.0,0.0
2024-10-23 04:25:00+00:00,13.960000038146973,13.970000267028809,13.949999809265137,13.960000038146973,397957,0.0,0.0,0.0
2024-10-23 04:30:00+00:00,13.970000267028809,13.970000267028809,13.960000038146973,13.960000038146973,67860,0.0,0.0,0.0
2024-10-23 04:35:00+00:00,13.960000038146973,13.970000267028809,13.960000038146973,13.970000267028809,43648,0.0,0.0,0.0
2024-10-23 04:40:00+00:00,13.970000267028809,13.970000267028809,13.970000267028809,13.970000267028809,223477,0.0,0.0,0.0
2024-10-23 04:45:00+00:00,13.979999542236328,13.979999542236328,13.970000267028809,13.970000267028809,40060,0.0,0.0,0.0
2024-10-23 04:50:00+00:00,13.970000267028809,13.979999542236328,13.970000267028809,13.979999542236328,41681,0.0,0.0,0.0
2024-10-23 04:55:00+00:00,13.979999542236328,13.979999542236328,13.960000038146973,13.960000038146973,60089,0.0,0.0,0.0
2024-10-23 05:00:00+00:00,13.960000038146973,13.970000267028809,13.960000038146973,13.970000267028809,58976,0.0,0.0,0.0
2024-10-23 05:05:00+00:00,13.970000267028809,13.970000267028809,13.970000267028809,13.970000267028809,60367,0.0,0.0,0.0
2024-10-23 05:10:00+00:00,13.970000267028809,13.979999542236328,13.970000267028809,13.979999542236328,134785,0.0,0.0,0.0
2024-10-24 01:00:00+00:00,13.970000267028809,14.0,13.949999809265137,13.949999809265137,0,0.0,0.0,0.0
2024-10-24 01:05:00+00:00,13.960000038146973,13.970000267028809,13.949999809265137,13.960000038146973,104171,0.0,0.0,0.0
2024-10-24 01:10:00+00:00,13.970000267028809,13.970000267028809,13.960000038146973,13.970000267028809,70992,0.0,0.0,0.0
2024-10-24 01:15:00+00:00,13.970000267028809,13.970000267028809,13.949999809265137,13.949999809265137,113197,0.0,0.0,0.0
2024-10-24 01:20:00+00:00,13.960000038146973,13.960000038146973,13.949999809265137,13.960000038146973,446952,0.0,0.0,0.0
2024-10-24 01:25:00+00:00,13.960000038146973,13.979999542236328,13.949999809265137,13.979999542236328,475173,0.0,0.0,0.0
2024-10-24 01:30:00+00:00,13.979999542236328,13.989999771118164,13.970000267028809,13.989999771118164,100325,0.0,0.0,0.0
2024-10-24 01:35:00+00:00,13.989999771118164,14.0,13.979999542236328,13.979999542236328,173994,0.0,0.0,0.0
2024-10-24 01:40:00+00:00,13.979999542236328,13.989999771118164,13.949999809265137,13.949999809265137,175914,0.0,0.0,0.0
2024-10-24 01:45:00+00:00,13.960000038146973,13.960000038146973,13.949999809265137,13.949999809265137,317890,0.0,0.0,0.0
2024-10-24 01:50:00+00:00,13.949999809265137,13.979999542236328,13.949999809265137,13.979999542236328,124025,0.0,0.0,0.0
2024-10-24 01:55:00+00:00,13.970000267028809,13.970000267028809,13.949999809265137,13.960000038146973,111572,0.0,0.0,0.0
2024-10-24 02:00:00+00:00,13.949999809265137,13.949999809265137,13.920000076293945,13.930000305175781,779102,0.0,0.0,0.0
2024-10-24 02:05:00+00:00,13.9399995803833,13.9399995803833,13.920000076293945,13.920000076293945,210745,0.0,0.0,0.0
2024-10-24 02:10:00+00:00,13.930000305175781,13.9399995803833,13.920000076293945,13.9399995803833,22460,0.0,0.0,0.0
2024-10-24 02:15:00+00:00,13.930000305175781,13.949999809265137,13.930000305175781,13.949999809265137,41366,0.0,0.0,0.0
2024-10-24 02:20:00+00:00,13.949999809265137,13.970000267028809,13.949999809265137,13.960000038146973,93594,0.0,0.0,0.0
2024-10-24 02:25:00+00:00,13.970000267028809,13.970000267028809,13.960000038146973,13.960000038146973,46626,0.0,0.0,0.0
2024-10-24 02:30:00+00:00,13.949999809265137,13.970000267028809,13.949999809265137,13.970000267028809,37016,0.0,0.0,0.0
2024-10-24 02:35:00+00:00,13.970000267028809,13.970000267028809,13.949999809265137,13.960000038146973,119394,0.0,0.0,0.0
2024-10-24 02:40:00+00:00,13.949999809265137,13.949999809265137,13.9399995803833,13.949999809265137,129241,0.0,0.0,0.0
2024-10-24 02:45:00+00:00,13.949999809265137,13.949999809265137,13.9399995803833,13.949999809265137,68363,0.0,0.0,0.0
2024-10-24 02:50:00+00:00,13.949999809265137,13.949999809265137,13.949999809265137,13.949999809265137,89743,0.0,0.0,0.0
2024-10-24 02:55:00+00:00,13.949999809265137,13.960000038146973,13.949999809265137,13.960000038146973,17508,0.0,0.0,0.0
2024-10-24 03:00:00+00:00,13.960000038146973,13.960000038146973,13.960000038146973,13.960000038146973,22900,0.0,0.0,0.0
2024-10-24 03:05:00+00:00,13.960000038146973,13.960000038146973,13.949999809265137,13.960000038146973,90206,0.0,0.0,0.0
2024-10-24 03:10:00+00:00,13.949999809265137,13.960000038146973,13.949999809265137,13.960000038146973,29050,0.0,0.0,0.0
2024-10-24 03:15:00+00:00,13.960000038146973,13.960000038146973,13.949999809265137,13.960000038146973,9201,0.0,0.0,0.0
2024-10-24 03:20:00+00:00,13.960000038146973,13.960000038146973,13.949999809265137,13.960000038146973,32588,0.0,0.0,0.0
2024-10-24 03:25:00+00:00,13.960000038146973,13.960000038146973,13.949999809265137,13.960000038146973,15497,0.0,0.0,0.0
2024-10-24 03:30:00+00:00,13.960000038146973,13.960000038146973,13.949999809265137,13.960000038146973,23133,0.0,0.0,0.0
2024-10-24 03:35:00+00:00,13.960000038146973,13.960000038146973,13.9399995803833,13.9399995803833,165818,0.0,0.0,0.0
2024-10-24 03:40:00+00:00,13.949999809265137,13.949999809265137,13.9399995803833,13.949999809265137,135532,0.0,0.0,0.0
2024-10-24 03:45:00+00:00,13.949999809265137,13.949999809265137,13.90999984741211,13.90999984741211,778270,0.0,0.0,0.0
2024-10-24 03:50:00+00:00,13.90999984741211,13.920000076293945,13.899999618530273,13.90999984741211,573643,0.0,0.0,0.0
2024-10-24 03:55:00+00:00,13.90999984741211,13.90999984741211,13.899999618530273,13.90999984741211,74200,0.0,0.0,0.0
2024-10-24 04:00:00+00:00,13.90999984741211,13.90999984741211,13.899999618530273,13.899999618530273,79023,0.0,0.0,0.0
2024-10-24 04:05:00+00:00,13.899999618530273,13.90999984741211,13.890000343322754,13.890000343322754,627695,0.0,0.0,0.0
2024-10-24 04:10:00+00:00,13.890000343322754,13.899999618530273,13.890000343322754,13.890000343322754,158252,0.0,0.0,0.0
2024-10-24 04:15:00+00:00,13.890000343322754,13.890000343322754,13.880000114440918,13.890000343322754,75354,0.0,0.0,0.0
2024-10-24 04:20:00+00:00,13.890000343322754,13.890000343322754,13.880000114440918,13.880000114440918,73858,0.0,0.0,0.0
2024-10-24 04:25:00+00:00,13.890000343322754,13.890000343322754,13.880000114440918,13.890000343322754,47316,0.0,0.0,0.0
2024-10-24 04:30:00+00:00,13.890000343322754,13.890000343322754,13.880000114440918,13.890000343322754,90700,0.0,0.0,0.0
2024-10-24 04:35:00+00:00,13.890000343322754,13.899999618530273,13.890000343322754,13.890000343322754,44238,0.0,0.0,0.0
2024-10-24 04:40:00+00:00,13.880000114440918,13.890000343322754,13.880000114440918,13.890000343322754,79443,0.0,0.0,0.0
2024-10-24 04:45:00+00:00,13.890000343322754,13.890000343322754,13.859999656677246,13.859999656677246,881678,0.0,0.0,0.0
2024-10-24 04:50:00+00:00,13.859999656677246,13.869999885559082,13.850000381469727,13.859999656677246,219957,0.0,0.0,0.0
2024-10-24 04:55:00+00:00,13.869999885559082,13.869999885559082,13.859999656677246,13.869999885559082,91323,0.0,0.0,0.0
2024-10-24 05:00:00+00:00,13.869999885559082,13.880000114440918,13.869999885559082,13.869999885559082,239035,0.0,0.0,0.0
2024-10-24 05:05:00+00:00,13.869999885559082,13.880000114440918,13.869999885559082,13.869999885559082,167004,0.0,0.0,0.0
2024-10-24 05:10:00+00:00,13.880000114440918,13.880000114440918,13.880000114440918,13.880000114440918,2355,0.0,0.0,0.0
2024-10-25 01:00:00+00:00,13.880000114440918,13.960000038146973,13.880000114440918,13.949999809265137,0,0.0,0.0,0.0
2024-10-25 01:05:00+00:00,13.9399995803833,13.949999809265137,13.920000076293945,13.930000305175781,191633,0.0,0.0,0.0
2024-10-25 01:10:00+00:00,13.930000305175781,13.9399995803833,13.920000076293945,13.9399995803833,131413,0.0,0.0,0.0
2024-10-25 01:15:00+00:00,13.949999809265137,13.960000038146973,13.9399995803833,13.949999809265137,83877,0.0,0.0,0.0
2024-10-25 01:20:00+00:00,13.9399995803833,13.949999809265137,13.9399995803833,13.949999809265137,54410,0.0,0.0,0.0
2024-10-25 01:25:00+00:00,13.949999809265137,13.949999809265137,13.9399995803833,13.9399995803833,132217,0.0,0.0,0.0
2024-10-25 01:30:00+00:00,13.9399995803833,13.9399995803833,13.930000305175781,13.930000305175781,95338,0.0,0.0,0.0
2024-10-25 01:35:00+00:00,13.930000305175781,13.9399995803833,13.930000305175781,13.9399995803833,50946,0.0,0.0,0.0
2024-10-25 01:40:00+00:00,13.9399995803833,13.949999809265137,13.930000305175781,13.930000305175781,181420,0.0,0.0,0.0
2024-10-25 01:45:00+00:00,13.930000305175781,13.9399995803833,13.930000305175781,13.9399995803833,52403,0.0,0.0,0.0
2024-10-25 01:50:00+00:00,13.9399995803833,13.949999809265137,13.930000305175781,13.949999809265137,30593,0.0,0.0,0.0
2024-10-25 01:55:00+00:00,13.949999809265137,13.949999809265137,13.9399995803833,13.9399995803833,54450,0.0,0.0,0.0
2024-10-25 02:00:00+00:00,13.9399995803833,13.9399995803833,13.930000305175781,13.930000305175781,154620,0.0,0.0,0.0
2024-10-25 02:05:00+00:00,13.9399995803833,13.9399995803833,13.920000076293945,13.930000305175781,30440,0.0,0.0,0.0
2024-10-25 02:10:00+00:00,13.930000305175781,13.930000305175781,13.920000076293945,13.930000305175781,41638,0.0,0.0,0.0
2024-10-25 02:15:00+00:00,13.930000305175781,13.9399995803833,13.930000305175781,13.9399995803833,50126,0.0,0.0,0.0
2024-10-25 02:20:00+00:00,13.9399995803833,13.949999809265137,13.9399995803833,13.9399995803833,46414,0.0,0.0,0.0
2024-10-25 02:25:00+00:00,13.9399995803833,13.9399995803833,13.930000305175781,13.9399995803833,18189,0.0,0.0,0.0
2024-10-25 02:30:00+00:00,13.9399995803833,13.9399995803833,13.930000305175781,13.930000305175781,96140,0.0,0.0,0.0
2024-10-25 02:35:00+00:00,13.9399995803833,13.9399995803833,13.930000305175781,13.930000305175781,14276,0.0,0.0,0.0
2024-10-25 02:40:00+00:00,13.9399995803833,13.9399995803833,13.930000305175781,13.9399995803833,23330,0.0,0.0,0.0
2024-10-25 02:45:00+00:00,13.9399995803833,13.9399995803833,13.930000305175781,13.9399995803833,138210,0.0,0.0,0.0
2024-10-25 02:50:00+00:00,13.9399995803833,13.9399995803833,13.930000305175781,13.9399995803833,13493,0.0,0.0,0.0
2024-10-25 02:55:00+00:00,13.9399995803833,13.9399995803833,13.930000305175781,13.930000305175781,34180,0.0,0.0,0.0
2024-10-25 03:00:00+00:00,13.930000305175781,13.9399995803833,13.930000305175781,13.9399995803833,18041,0.0,0.0,0.0
2024-10-25 03:05:00+00:00,13.9399995803833,13.949999809265137,13.9399995803833,13.9399995803833,81341,0.0,0.0,0.0
2024-10-25 03:10:00+00:00,13.9399995803833,13.949999809265137,13.930000305175781,13.949999809265137,16020,0.0,0.0,0.0
2024-10-25 03:15:00+00:00,13.949999809265137,13.949999809265137,13.9399995803833,13.9399995803833,56650,0.0,0.0,0.0
2024-10-25 03:20:00+00:00,13.930000305175781,13.9399995803833,13.930000305175781,13.9399995803833,4020,0.0,0.0,0.0
2024-10-25 03:25:00+00:00,13.9399995803833,13.9399995803833,13.930000305175781,13.930000305175781,13159,0.0,0.0,0.0
2024-10-25 03:30:00+00:00,13.9399995803833,13.9399995803833,13.9399995803833,13.9399995803833,49542,0.0,0.0,0.0
2024-10-25 03:35:00+00:00,13.930000305175781,13.9399995803833,13.930000305175781,13.930000305175781,124252,0.0,0.0,0.0
2024-10-25 03:40:00+00:00,13.920000076293945,13.920000076293945,13.90999984741211,13.90999984741211,132023,0.0,0.0,0.0
2024-10-25 03:45:00+00:00,13.920000076293945,13.920000076293945,13.90999984741211,13.90999984741211,109823,0.0,0.0,0.0
2024-10-25 03:50:00+00:00,13.90999984741211,13.920000076293945,13.90999984741211,13.90999984741211,128025,0.0,0.0,0.0
2024-10-25 03:55:00+00:00,13.90999984741211,13.920000076293945,13.899999618530273,13.920000076293945,129070,0.0,0.0,0.0
2024-10-25 04:00:00+00:00,13.899999618530273,13.920000076293945,13.899999618530273,13.899999618530273,108056,0.0,0.0,0.0
2024-10-25 04:05:00+00:00,13.90999984741211,13.920000076293945,13.90999984741211,13.920000076293945,6438,0.0,0.0,0.0
2024-10-25 04:10:00+00:00,13.920000076293945,13.920000076293945,13.90999984741211,13.90999984741211,42511,0.0,0.0,0.0
2024-10-25 04:15:00+00:00,13.90999984741211,13.90999984741211,13.90999984741211,13.90999984741211,4273,0.0,0.0,0.0
2024-10-25 04:20:00+00:00,13.920000076293945,13.920000076293945,13.920000076293945,13.920000076293945,11613,0.0,0.0,0.0
2024-10-25 04:25:00+00:00,13.90999984741211,13.90999984741211,13.90999984741211,13.90999984741211,28111,0.0,0.0,0.0
2024-10-25 04:30:00+00:00,13.920000076293945,13.920000076293945,13.90999984741211,13.920000076293945,28839,0.0,0.0,0.0
2024-10-25 04:35:00+00:00,13.920000076293945,13.930000305175781,13.920000076293945,13.930000305175781,92693,0.0,0.0,0.0
2024-10-25 04:40:00+00:00,13.930000305175781,13.930000305175781,13.920000076293945,13.920000076293945,33594,0.0,0.0,0.0
2024-10-25 04:45:00+00:00,13.920000076293945,13.920000076293945,13.920000076293945,13.920000076293945,48910,0.0,0.0,0.0
2024-10-25 04:50:00+00:00,13.930000305175781,13.930000305175781,13.920000076293945,13.930000305175781,15171,0.0,0.0,0.0
2024-10-25 04:55:00+00:00,13.930000305175781,13.930000305175781,13.920000076293945,13.930000305175781,71556,0.0,0.0,0.0
2024-10-25 05:00:00+00:00,13.930000305175781,13.930000305175781,13.920000076293945,13.930000305175781,50002,0.0,0.0,0.0
2024-10-25 05:05:00+00:00,13.930000305175781,13.949999809265137,13.920000076293945,13.9399995803833,330897,0.0,0.0,0.0
2024-10-25 05:10:00+00:00,13.949999809265137,13.960000038146973,13.949999809265137,13.960000038146973,163135,0.0,0.0,0.0
2024-10-28 01:00:00+00:00,14.039999961853027,14.079999923706055,14.039999961853027,14.050000190734863,0,0.0,0.0,0.0
2024-10-28 01:05:00+00:00,14.050000190734863,14.0600004196167,14.050000190734863,14.0600004196167,457790,0.0,0.0,0.0
2024-10-28 01:10:00+00:00,14.0600004196167,14.0600004196167,14.050000190734863,14.050000190734863,165137,0.0,0.0,0.0
2024-10-28 01:15:00+00:00,14.050000190734863,14.050000190734863,14.029999732971191,14.029999732971191,243227,0.0,0.0,0.0
2024-10-28 01:20:00+00:00,14.029999732971191,14.039999961853027,14.029999732971191,14.029999732971191,76814,0.0,0.0,0.0
2024-10-28 01:25:00+00:00,14.039999961853027,14.039999961853027,14.029999732971191,14.029999732971191,110303,0.0,0.0,0.0
2024-10-28 01:30:00+00:00,14.039999961853027,14.050000190734863,14.039999961853027,14.039999961853027,180278,0.0,0.0,0.0
2024-10-28 01:35:00+00:00,14.039999961853027,14.039999961853027,14.020000457763672,14.020000457763672,184741,0.0,0.0,0.0
2024-10-28 01:40:00+00:00,14.020000457763672,14.020000457763672,14.0,14.0,312917,0.0,0.0,0.0
2024-10-28 01:45:00+00:00,14.0,14.0,13.979999542236328,13.979999542236328,130832,0.0,0.0,0.0
2024-10-28 01:50:00+00:00,13.979999542236328,13.989999771118164,13.979999542236328,13.979999542236328,209260,0.0,0.0,0.0
2024-10-28 01:55:00+00:00,13.989999771118164,13.989999771118164,13.979999542236328,13.989999771118164,99499,0.0,0.0,0.0
2024-10-28 02:00:00+00:00,13.989999771118164,13.989999771118164,13.960000038146973,13.960000038146973,179916,0.0,0.0,0.0
2024-10-28 02:05:00+00:00,13.949999809265137,13.949999809265137,13.920000076293945,13.920000076293945,217066,0.0,0.0,0.0
2024-10-28 02:10:00+00:00,13.930000305175781,13.930000305175781,13.90999984741211,13.930000305175781,443460,0.0,0.0,0.0
2024-10-28 02:15:00+00:00,13.9399995803833,13.949999809265137,13.930000305175781,13.949999809265137,80586,0.0,0.0,0.0
2024-10-28 02:20:00+00:00,13.949999809265137,13.960000038146973,13.949999809265137,13.960000038146973,76675,0.0,0.0,0.0
2024-10-28 02:25:00+00:00,13.960000038146973,13.960000038146973,13.9399995803833,13.949999809265137,79361,0.0,0.0,0.0
2024-10-28 02:30:00+00:00,13.949999809265137,13.960000038146973,13.949999809265137,13.949999809265137,64217,0.0,0.0,0.0
2024-10-28 02:35:00+00:00,13.949999809265137,13.960000038146973,13.949999809265137,13.960000038146973,40284,0.0,0.0,0.0
2024-10-28 02:40:00+00:00,13.960000038146973,13.970000267028809,13.949999809265137,13.970000267028809,72035,0.0,0.0,0.0
2024-10-28 02:45:00+00:00,13.960000038146973,13.970000267028809,13.960000038146973,13.970000267028809,15357,0.0,0.0,0.0
2024-10-28 02:50:00+00:00,13.970000267028809,13.970000267028809,13.960000038146973,13.970000267028809,35194,0.0,0.0,0.0
2024-10-28 02:55:00+00:00,13.970000267028809,13.970000267028809,13.960000038146973,13.960000038146973,17122,0.0,0.0,0.0
2024-10-28 03:00:00+00:00,13.970000267028809,13.970000267028809,13.960000038146973,13.960000038146973,31806,0.0,0.0,0.0
2024-10-28 03:05:00+00:00,13.970000267028809,13.979999542236328,13.960000038146973,13.970000267028809,554004,0.0,0.0,0.0
2024-10-28 03:10:00+00:00,13.970000267028809,13.970000267028809,13.960000038146973,13.970000267028809,28012,0.0,0.0,0.0
2024-10-28 03:15:00+00:00,13.970000267028809,13.970000267028809,13.960000038146973,13.960000038146973,40457,0.0,0.0,0.0
2024-10-28 03:20:00+00:00,13.960000038146973,13.970000267028809,13.960000038146973,13.960000038146973,24026,0.0,0.0,0.0
2024-10-28 03:25:00+00:00,13.970000267028809,13.970000267028809,13.960000038146973,13.960000038146973,64241,0.0,0.0,0.0
2024-10-28 03:30:00+00:00,13.960000038146973,13.960000038146973,13.9399995803833,13.949999809265137,212492,0.0,0.0,0.0
2024-10-28 03:35:00+00:00,13.960000038146973,13.960000038146973,13.949999809265137,13.949999809265137,4123,0.0,0.0,0.0
2024-10-28 03:40:00+00:00,13.949999809265137,13.960000038146973,13.920000076293945,13.920000076293945,277810,0.0,0.0,0.0
2024-10-28 03:45:00+00:00,13.930000305175781,13.930000305175781,13.920000076293945,13.930000305175781,36847,0.0,0.0,0.0
2024-10-28 03:50:00+00:00,13.930000305175781,13.930000305175781,13.90999984741211,13.920000076293945,152120,0.0,0.0,0.0
2024-10-28 03:55:00+00:00,13.920000076293945,13.930000305175781,13.90999984741211,13.90999984741211,144946,0.0,0.0,0.0
2024-10-28 04:00:00+00:00,13.90999984741211,13.90999984741211,13.899999618530273,13.90999984741211,455269,0.0,0.0,0.0
2024-10-28 04:05:00+00:00,13.90999984741211,13.90999984741211,13.899999618530273,13.90999984741211,47260,0.0,0.0,0.0
2024-10-28 04:10:00+00:00,13.90999984741211,13.90999984741211,13.899999618530273,13.899999618530273,134103,0.0,0.0,0.0
2024-10-28 04:15:00+00:00,13.899999618530273,13.899999618530273,13.899999618530273,13.899999618530273,113336,0.0,0.0,0.0
2024-10-28 04:20:00+00:00,13.90999984741211,13.920000076293945,13.899999618530273,13.920000076293945,175775,0.0,0.0,0.0
2024-10-28 04:25:00+00:00,13.930000305175781,13.930000305175781,13.90999984741211,13.90999984741211,58205,0.0,0.0,0.0
2024-10-28 04:30:00+00:00,13.920000076293945,13.930000305175781,13.90999984741211,13.90999984741211,32265,0.0,0.0,0.0
2024-10-28 04:35:00+00:00,13.90999984741211,13.920000076293945,13.90999984741211,13.920000076293945,21038,0.0,0.0,0.0
2024-10-28 04:40:00+00:00,13.920000076293945,13.930000305175781,13.920000076293945,13.930000305175781,31545,0.0,0.0,0.0
2024-10-28 04:45:00+00:00,13.930000305175781,13.9399995803833,13.930000305175781,13.9399995803833,70010,0.0,0.0,0.0
2024-10-28 04:50:00+00:00,13.9399995803833,13.949999809265137,13.9399995803833,13.949999809265137,23677,0.0,0.0,0.0
2024-10-28 04:55:00+00:00,13.949999809265137,13.949999809265137,13.949999809265137,13.949999809265137,30390,0.0,0.0,0.0
2024-10-28 05:00:00+00:00,13.949999809265137,13.960000038146973,13.949999809265137,13.949999809265137,24441,0.0,0.0,0.0
2024-10-28 05:05:00+00:00,13.960000038146973,13.960000038146973,13.949999809265137,13.949999809265137,26400,0.0,0.0,0.0
2024-10-28 05:10:00+00:00,13.949999809265137,13.949999809265137,13.9399995803833,13.9399995803833,31000,0.0,0.0,0.0
2024-10-29 01:00:00+00:00,13.850000381469727,13.850000381469727,13.760000228881836,13.779999732971191,0,0.0,0.0,0.0
2024-10-29 01:05:00+00:00,13.770000457763672,13.779999732971191,13.739999771118164,13.75,632000,0.0,0.0,0.0
2024-10-29 01:10:00+00:00,13.760000228881836,13.760000228881836,13.739999771118164,13.739999771118164,787972,0.0,0.0,0.0
2024-10-29 01:15:00+00:00,13.739999771118164,13.739999771118164,13.720000267028809,13.729999542236328,400108,0.0,0.0,0.0
2024-10-29 01:20:00+00:00,13.729999542236328,13.75,13.720000267028809,13.739999771118164,330131,0.0,0.0,0.0
2024-10-29 01:25:00+00:00,13.739999771118164,13.75,13.739999771118164,13.75,340190,0.0,0.0,0.0
2024-10-29 01:30:00+00:00,13.75,13.770000457763672,13.75,13.75,181053,0.0,0.0,0.0
2024-10-29 01:35:00+00:00,13.75,13.75,13.720000267028809,13.729999542236328,606118,0.0,0.0,0.0
2024-10-29 01:40:00+00:00,13.729999542236328,13.729999542236328,13.710000038146973,13.720000267028809,238172,0.0,0.0,0.0
2024-10-29 01:45:00+00:00,13.710000038146973,13.720000267028809,13.699999809265137,13.699999809265137,932509,0.0,0.0,0.0
2024-10-29 01:50:00+00:00,13.699999809265137,13.710000038146973,13.680000305175781,13.680000305175781,557815,0.0,0.0,0.0
2024-10-29 01:55:00+00:00,13.680000305175781,13.6899995803833,13.670000076293945,13.680000305175781,323419,0.0,0.0,0.0
2024-10-29 02:00:00+00:00,13.680000305175781,13.680000305175781,13.619999885559082,13.619999885559082,1220738,0.0,0.0,0.0
2024-10-29 02:05:00+00:00,13.619999885559082,13.630000114440918,13.619999885559082,13.630000114440918,293336,0.0,0.0,0.0
2024-10-29 02:10:00+00:00,13.630000114440918,13.640000343322754,13.619999885559082,13.630000114440918,954609,0.0,0.0,0.0
2024-10-29 02:15:00+00:00,13.630000114440918,13.640000343322754,13.609999656677246,13.619999885559082,436341,0.0,0.0,0.0
2024-10-29 02:20:00+00:00,13.619999885559082,13.630000114440918,13.609999656677246,13.619999885559082,367639,0.0,0.0,0.0
2024-10-29 02:25:00+00:00,13.619999885559082,13.640000343322754,13.619999885559082,13.640000343322754,283077,0.0,0.0,0.0
2024-10-29 02:30:00+00:00,13.640000343322754,13.640000343322754,13.619999885559082,13.630000114440918,445689,0.0,0.0,0.0
2024-10-29 02:35:00+00:00,13.630000114440918,13.640000343322754,13.619999885559082,13.640000343322754,45455,0.0,0.0,0.0
2024-10-29 02:40:00+00:00,13.640000343322754,13.65999984741211,13.640000343322754,13.65999984741211,141931,0.0,0.0,0.0
2024-10-29 02:45:00+00:00,13.670000076293945,13.670000076293945,13.649999618530273,13.65999984741211,120213,0.0,0.0,0.0
2024-10-29 02:50:00+00:00,13.65999984741211,13.65999984741211,13.649999618530273,13.65999984741211,53816,0.0,0.0,0.0
2024-10-29 02:55:00+00:00,13.65999984741211,13.65999984741211,13.649999618530273,13.65999984741211,35788,0.0,0.0,0.0
2024-10-29 03:00:00+00:00,13.670000076293945,13.6899995803833,13.65999984741211,13.6899995803833,550349,0.0,0.0,0.0
2024-10-29 03:05:00+00:00,13.6899995803833,13.710000038146973,13.680000305175781,13.6899995803833,74993,0.0,0.0,0.0
2024-10-29 03:10:00+00:00,13.699999809265137,13.699999809265137,13.680000305175781,13.680000305175781,190954,0.0,0.0,0.0
2024-10-29 03:15:00+00:00,13.6899995803833,13.6899995803833,13.670000076293945,13.680000305175781,64595,0.0,0.0,0.0
2024-10-29 03:20:00+00:00,13.680000305175781,13.680000305175781,13.670000076293945,13.680000305175781,25195,0.0,0.0,0.0
2024-10-29 03:25:00+00:00,13.680000305175781,13.680000305175781,13.670000076293945,13.680000305175781,26835,0.0,0.0,0.0
2024-10-29 03:30:00+00:00,13.680000305175781,13.6899995803833,13.670000076293945,13.680000305175781,55267,0.0,0.0,0.0
2024-10-29 03:35:00+00:00,13.680000305175781,13.6899995803833,13.680000305175781,13.680000305175781,62722,0.0,0.0,0.0
2024-10-29 03:40:00+00:00,13.680000305175781,13.680000305175781,13.670000076293945,13.680000305175781,69201,0.0,0.0,0.0
2024-10-29 03:45:00+00:00,13.680000305175781,13.680000305175781,13.65999984741211,13.670000076293945,247624,0.0,0.0,0.0
2024-10-29 03:50:00+00:00,13.670000076293945,13.670000076293945,13.649999618530273,13.649999618530273,272556,0.0,0.0,0.0
2024-10-29 03:55:00+00:00,13.649999618530273,13.649999618530273,13.640000343322754,13.640000343322754,125573,0.0,0.0,0.0
2024-10-29 04:00:00+00:00,13.649999618530273,13.65999984741211,13.640000343322754,13.65999984741211,36792,0.0,0.0,0.0
2024-10-29 04:05:00+00:00,13.65999984741211,13.680000305175781,13.65999984741211,13.680000305175781,120018,0.0,0.0,0.0
2024-10-29 04:10:00+00:00,13.680000305175781,13.680000305175781,13.670000076293945,13.680000305175781,67201,0.0,0.0,0.0
2024-10-29 04:15:00+00:00,13.680000305175781,13.6899995803833,13.670000076293945,13.670000076293945,73617,0.0,0.0,0.0
2024-10-29 04:20:00+00:00,13.670000076293945,13.680000305175781,13.670000076293945,13.670000076293945,39864,0.0,0.0,0.0
2024-10-29 04:25:00+00:00,13.670000076293945,13.680000305175781,13.65999984741211,13.670000076293945,79130,0.0,0.0,0.0
2024-10-29 04:30:00+00:00,13.670000076293945,13.670000076293945,13.65999984741211,13.65999984741211,96260,0.0,0.0,0.0
2024-10-29 04:35:00+00:00,13.670000076293945,13.670000076293945,13.65999984741211,13.670000076293945,135584,0.0,0.0,0.0
2024-10-29 04:40:00+00:00,13.670000076293945,13.670000076293945,13.670000076293945,13.670000076293945,61307,0.0,0.0,0.0
2024-10-29 04:45:00+00:00,13.65999984741211,13.680000305175781,13.65999984741211,13.680000305175781,102351,0.0,0.0,0.0
2024-10-29 04:50:00+00:00,13.680000305175781,13.680000305175781,13.670000076293945,13.680000305175781,57100,0.0,0.0,0.0
2024-10-29 04:55:00+00:00,13.680000305175781,13.6899995803833,13.680000305175781,13.6899995803833,132897,0.0,0.0,0.0
2024-10-29 05:00:00+00:00,13.6899995803833,13.710000038146973,13.6899995803833,13.6899995803833,358248,0.0,0.0,0.0
2024-10-29 05:05:00+00:00,13.680000305175781,13.6899995803833,13.680000305175781,13.680000305175781,230754,0.0,0.0,0.0
2024-10-29 05:10:00+00:00,13.680000305175781,13.6899995803833,13.670000076293945,13.6899995803833,108242,0.0,0.0,0.0
2024-10-30 01:00:00+00:00,13.789999961853027,13.800000190734863,13.770000457763672,13.770000457763672,0,0.0,0.0,0.0
2024-10-30 01:05:00+00:00,13.770000457763672,13.779999732971191,13.75,13.760000228881836,877000,0.0,0.0,0.0
2024-10-30 01:10:00+00:00,13.770000457763672,13.770000457763672,13.739999771118164,13.739999771118164,219527,0.0,0.0,0.0
2024-10-30 01:15:00+00:00,13.75,13.75,13.729999542236328,13.739999771118164,66536,0.0,0.0,0.0
2024-10-30 01:20:00+00:00,13.75,13.75,13.739999771118164,13.75,189461,0.0,0.0,0.0
2024-10-30 01:25:00+00:00,13.75,13.75,13.739999771118164,13.75,97355,0.0,0.0,0.0
2024-10-30 01:30:00+00:00,13.760000228881836,13.779999732971191,13.760000228881836,13.779999732971191,138607,0.0,0.0,0.0
2024-10-30 01:35:00+00:00,13.779999732971191,13.779999732971191,13.770000457763672,13.779999732971191,63467,0.0,0.0,0.0
2024-10-30 01:40:00+00:00,13.779999732971191,13.819999694824219,13.779999732971191,13.819999694824219,303980,0.0,0.0,0.0
2024-10-30 01:45:00+00:00,13.800000190734863,13.829999923706055,13.800000190734863,13.800000190734863,100029,0.0,0.0,0.0
2024-10-30 01:50:00+00:00,13.789999961853027,13.800000190734863,13.789999961853027,13.789999961853027,39317,0.0,0.0,0.0
2024-10-30 01:55:00+00:00,13.789999961853027,13.800000190734863,13.789999961853027,13.800000190734863,252741,0.0,0.0,0.0
2024-10-30 02:00:00+00:00,13.800000190734863,13.8100004196167,13.800000190734863,13.800000190734863,23579,0.0,0.0,0.0
2024-10-30 02:05:00+00:00,13.8100004196167,13.8100004196167,13.789999961853027,13.789999961853027,90076,0.0,0.0,0.0
2024-10-30 02:10:00+00:00,13.789999961853027,13.789999961853027,13.779999732971191,13.789999961853027,76702,0.0,0.0,0.0
2024-10-30 02:15:00+00:00,13.789999961853027,13.789999961853027,13.779999732971191,13.779999732971191,38371,0.0,0.0,0.0
2024-10-30 02:20:00+00:00,13.779999732971191,13.779999732971191,13.770000457763672,13.779999732971191,20419,0.0,0.0,0.0
2024-10-30 02:25:00+00:00,13.779999732971191,13.789999961853027,13.770000457763672,13.770000457763672,152148,0.0,0.0,0.0
2024-10-30 02:30:00+00:00,13.770000457763672,13.779999732971191,13.770000457763672,13.779999732971191,5000,0.0,0.0,0.0
2024-10-30 02:35:00+00:00,13.779999732971191,13.779999732971191,13.760000228881836,13.770000457763672,82411,0.0,0.0,0.0
2024-10-30 02:40:00+00:00,13.770000457763672,13.770000457763672,13.770000457763672,13.770000457763672,27304,0.0,0.0,0.0
2024-10-30 02:45:00+00:00,13.770000457763672,13.770000457763672,13.760000228881836,13.770000457763672,31757,0.0,0.0,0.0
2024-10-30 02:50:00+00:00,13.770000457763672,13.770000457763672,13.770000457763672,13.770000457763672,97294,0.0,0.0,0.0
2024-10-30 02:55:00+00:00,13.770000457763672,13.779999732971191,13.770000457763672,13.779999732971191,46682,0.0,0.0,0.0
2024-10-30 03:00:00+00:00,13.770000457763672,13.779999732971191,13.770000457763672,13.779999732971191,12862,0.0,0.0,0.0
2024-10-30 03:05:00+00:00,13.779999732971191,13.779999732971191,13.779999732971191,13.779999732971191,4662,0.0,0.0,0.0
2024-10-30 03:10:00+00:00,13.770000457763672,13.779999732971191,13.770000457763672,13.770000457763672,21444,0.0,0.0,0.0
2024-10-30 03:15:00+00:00,13.770000457763672,13.770000457763672,13.760000228881836,13.760000228881836,156715,0.0,0.0,0.0
2024-10-30 03:20:00+00:00,13.760000228881836,13.760000228881836,13.75,13.760000228881836,46775,0.0,0.0,0.0
2024-10-30 03:25:00+00:00,13.760000228881836,13.760000228881836,13.760000228881836,13.760000228881836,12345,0.0,0.0,0.0
2024-10-30 03:30:00+00:00,13.75,13.75,13.739999771118164,13.739999771118164,216594,0.0,0.0,0.0
2024-10-30 03:35:00+00:00,13.729999542236328,13.739999771118164,13.729999542236328,13.739999771118164,29083,0.0,0.0,0.0
2024-10-30 03:40:00+00:00,13.739999771118164,13.739999771118164,13.729999542236328,13.739999771118164,38622,0.0,0.0,0.0
2024-10-30 03:45:00+00:00,13.739999771118164,13.739999771118164,13.729999542236328,13.739999771118164,19140,0.0,0.0,0.0
2024-10-30 03:50:00+00:00,13.729999542236328,13.739999771118164,13.720000267028809,13.729999542236328,139555,0.0,0.0,0.0
2024-10-30 03:55:00+00:00,13.729999542236328,13.739999771118164,13.729999542236328,13.739999771118164,44685,0.0,0.0,0.0
2024-10-30 04:00:00+00:00,13.739999771118164,13.75,13.739999771118164,13.75,13690,0.0,0.0,0.0
2024-10-30 04:05:00+00:00,13.75,13.75,13.739999771118164,13.739999771118164,19420,0.0,0.0,0.0
2024-10-30 04:10:00+00:00,13.739999771118164,13.739999771118164,13.729999542236328,13.729999542236328,59436,0.0,0.0,0.0
2024-10-30 04:15:00+00:00,13.739999771118164,13.75,13.729999542236328,13.729999542236328,97157,0.0,0.0,0.0
2024-10-30 04:20:00+00:00,13.720000267028809,13.729999542236328,13.710000038146973,13.710000038146973,106945,0.0,0.0,0.0
2024-10-30 04:25:00+00:00,13.710000038146973,13.710000038146973,13.699999809265137,13.699999809265137,54393,0.0,0.0,0.0
2024-10-30 04:30:00+00:00,13.710000038146973,13.720000267028809,13.699999809265137,13.710000038146973,37598,0.0,0.0,0.0
2024-10-30 04:35:00+00:00,13.710000038146973,13.720000267028809,13.699999809265137,13.699999809265137,170061,0.0,0.0,0.0
2024-10-30 04:40:00+00:00,13.699999809265137,13.710000038146973,13.699999809265137,13.699999809265137,236689,0.0,0.0,0.0
2024-10-30 04:45:00+00:00,13.699999809265137,13.699999809265137,13.6899995803833,13.6899995803833,31066,0.0,0.0,0.0
2024-10-30 04:50:00+00:00,13.6899995803833,13.6899995803833,13.680000305175781,13.6899995803833,212061,0.0,0.0,0.0
2024-10-30 04:55:00+00:00,13.6899995803833,13.699999809265137,13.6899995803833,13.699999809265137,43879,0.0,0.0,0.0
2024-10-30 05:00:00+00:00,13.699999809265137,13.699999809265137,13.6899995803833,13.6899995803833,91152,0.0,0.0,0.0
2024-10-30 05:05:00+00:00,13.699999809265137,13.699999809265137,13.6899995803833,13.699999809265137,67050,0.0,0.0,0.0
2024-10-30 05:10:00+00:00,13.699999809265137,13.710000038146973,13.6899995803833,13.699999809265137,111318,0.0,0.0,0.0
2024-10-30 05:15:00+00:00,13.710000038146973,13.710000038146973,13.6899995803833,13.710000038146973,114010,0.0,0.0,0.0
2024-10-30 05:20:00+00:00,13.699999809265137,13.710000038146973,13.6899995803833,13.710000038146973,84668,0.0,0.0,0.0
2024-11-01 01:00:00+00:00,13.420000076293945,13.550000190734863,13.34000015258789,13.529999732971191,0,0.0,0.0,0.0
2024-11-01 01:05:00+00:00,13.550000190734863,13.5600004196167,13.479999542236328,13.5,665000,0.0,0.0,0.0
2024-11-01 01:10:00+00:00,13.5,13.5,13.479999542236328,13.5,444897,0.0,0.0,0.0
2024-11-01 01:15:00+00:00,13.5,13.5,13.479999542236328,13.479999542236328,357931,0.0,0.0,0.0
2024-11-01 01:20:00+00:00,13.489999771118164,13.529999732971191,13.479999542236328,13.510000228881836,1229441,0.0,0.0,0.0
2024-11-01 01:25:00+00:00,13.510000228881836,13.520000457763672,13.5,13.510000228881836,306792,0.0,0.0,0.0
2024-11-01 01:30:00+00:00,13.510000228881836,13.520000457763672,13.470000267028809,13.470000267028809,383870,0.0,0.0,0.0
2024-11-01 01:35:00+00:00,13.479999542236328,13.520000457763672,13.470000267028809,13.510000228881836,800948,0.0,0.0,0.0
2024-11-01 01:40:00+00:00,13.510000228881836,13.529999732971191,13.510000228881836,13.529999732971191,128054,0.0,0.0,0.0
2024-11-01 01:45:00+00:00,13.529999732971191,13.539999961853027,13.529999732971191,13.539999961853027,167196,0.0,0.0,0.0
2024-11-01 01:50:00+00:00,13.550000190734863,13.5600004196167,13.539999961853027,13.539999961853027,165817,0.0,0.0,0.0
2024-11-01 01:55:00+00:00,13.529999732971191,13.550000190734863,13.529999732971191,13.539999961853027,100019,0.0,0.0,0.0
2024-11-01 02:00:00+00:00,13.550000190734863,13.550000190734863,13.539999961853027,13.539999961853027,186379,0.0,0.0,0.0
2024-11-01 02:05:00+00:00,13.539999961853027,13.550000190734863,13.529999732971191,13.529999732971191,80639,0.0,0.0,0.0
2024-11-01 02:10:00+00:00,13.539999961853027,13.550000190734863,13.539999961853027,13.539999961853027,44378,0.0,0.0,0.0
2024-11-01 02:15:00+00:00,13.550000190734863,13.5600004196167,13.539999961853027,13.5600004196167,296392,0.0,0.0,0.0
2024-11-01 02:20:00+00:00,13.5600004196167,13.609999656677246,13.5600004196167,13.609999656677246,391543,0.0,0.0,0.0
2024-11-01 02:25:00+00:00,13.609999656677246,13.609999656677246,13.5600004196167,13.5600004196167,455120,0.0,0.0,0.0
2024-11-01 02:30:00+00:00,13.5600004196167,13.5600004196167,13.520000457763672,13.529999732971191,550187,0.0,0.0,0.0
2024-11-01 02:35:00+00:00,13.529999732971191,13.529999732971191,13.510000228881836,13.520000457763672,55028,0.0,0.0,0.0
2024-11-01 02:40:00+00:00,13.520000457763672,13.529999732971191,13.520000457763672,13.520000457763672,21725,0.0,0.0,0.0
2024-11-01 02:45:00+00:00,13.520000457763672,13.529999732971191,13.510000228881836,13.529999732971191,66795,0.0,0.0,0.0
2024-11-01 02:50:00+00:00,13.529999732971191,13.529999732971191,13.520000457763672,13.520000457763672,28763,0.0,0.0,0.0
2024-11-01 02:55:00+00:00,13.529999732971191,13.529999732971191,13.520000457763672,13.529999732971191,56021,0.0,0.0,0.0
2024-11-01 03:00:00+00:00,13.529999732971191,13.539999961853027,13.529999732971191,13.539999961853027,60732,0.0,0.0,0.0
2024-11-01 03:05:00+00:00,13.539999961853027,13.550000190734863,13.539999961853027,13.550000190734863,146731,0.0,0.0,0.0
2024-11-01 03:10:00+00:00,13.550000190734863,13.569999694824219,13.539999961853027,13.569999694824219,83879,0.0,0.0,0.0
2024-11-01 03:15:00+00:00,13.569999694824219,13.569999694824219,13.5600004196167,13.569999694824219,34774,0.0,0.0,0.0
2024-11-01 03:20:00+00:00,13.5600004196167,13.569999694824219,13.5600004196167,13.569999694824219,64732,0.0,0.0,0.0
2024-11-01 03:25:00+00:00,13.569999694824219,13.569999694824219,13.5600004196167,13.5600004196167,75885,0.0,0.0,0.0
2024-11-01 03:30:00+00:00,13.550000190734863,13.569999694824219,13.550000190734863,13.569999694824219,45899,0.0,0.0,0.0
2024-11-01 03:35:00+00:00,13.5600004196167,13.5600004196167,13.550000190734863,13.5600004196167,170205,0.0,0.0,0.0
2024-11-01 03:40:00+00:00,13.5600004196167,13.569999694824219,13.5600004196167,13.5600004196167,31979,0.0,0.0,0.0
2024-11-01 03:45:00+00:00,13.5600004196167,13.569999694824219,13.5600004196167,13.5600004196167,35873,0.0,0.0,0.0
2024-11-01 03:50:00+00:00,13.5600004196167,13.569999694824219,13.5600004196167,13.569999694824219,105414,0.0,0.0,0.0
2024-11-01 03:55:00+00:00,13.569999694824219,13.579999923706055,13.5600004196167,13.579999923706055,71322,0.0,0.0,0.0
2024-11-01 04:00:00+00:00,13.579999923706055,13.579999923706055,13.569999694824219,13.579999923706055,40582,0.0,0.0,0.0
2024-11-01 04:05:00+00:00,13.579999923706055,13.579999923706055,13.579999923706055,13.579999923706055,28486,0.0,0.0,0.0
2024-11-01 04:10:00+00:00,13.579999923706055,13.579999923706055,13.579999923706055,13.579999923706055,104890,0.0,0.0,0.0
2024-11-01 04:15:00+00:00,13.579999923706055,13.59000015258789,13.579999923706055,13.59000015258789,27790,0.0,0.0,0.0
2024-11-01 04:20:00+00:00,13.59000015258789,13.59000015258789,13.579999923706055,13.59000015258789,61325,0.0,0.0,0.0
2024-11-01 04:25:00+00:00,13.59000015258789,13.600000381469727,13.579999923706055,13.600000381469727,112093,0.0,0.0,0.0
2024-11-01 04:30:00+00:00,13.600000381469727,13.609999656677246,13.600000381469727,13.600000381469727,135939,0.0,0.0,0.0
2024-11-01 04:35:00+00:00,13.600000381469727,13.609999656677246,13.59000015258789,13.609999656677246,163199,0.0,0.0,0.0
2024-11-01 04:40:00+00:00,13.609999656677246,13.609999656677246,13.600000381469727,13.609999656677246,155417,0.0,0.0,0.0
2024-11-01 04:45:00+00:00,13.609999656677246,13.619999885559082,13.609999656677246,13.619999885559082,89661,0.0,0.0,0.0
2024-11-01 04:50:00+00:00,13.619999885559082,13.619999885559082,13.609999656677246,13.609999656677246,69996,0.0,0.0,0.0
2024-11-01 04:55:00+00:00,13.609999656677246,13.619999885559082,13.609999656677246,13.619999885559082,40498,0.0,0.0,0.0
2024-11-01 05:00:00+00:00,13.630000114440918,13.630000114440918,13.619999885559082,13.630000114440918,67087,0.0,0.0,0.0
2024-11-01 05:05:00+00:00,13.640000343322754,13.65999984741211,13.630000114440918,13.649999618530273,179576,0.0,0.0,0.0
2024-11-01 05:10:00+00:00,13.649999618530273,13.65999984741211,13.640000343322754,13.649999618530273,61239,0.0,0.0,0.0
2024-11-01 05:15:00+00:00,13.65999984741211,13.65999984741211,13.649999618530273,13.649999618530273,67679,0.0,0.0,0.0
2024-11-01 05:20:00+00:00,13.65999984741211,13.670000076293945,13.649999618530273,13.649999618530273,234732,0.0,0.0,0.0
2024-11-04 01:00:00+00:00,13.699999809265137,13.720000267028809,13.670000076293945,13.680000305175781,0,0.0,0.0,0.0
2024-11-04 01:05:00+00:00,13.680000305175781,13.729999542236328,13.670000076293945,13.720000267028809,279158,0.0,0.0,0.0
2024-11-04 01:10:00+00:00,13.710000038146973,13.720000267028809,13.6899995803833,13.699999809265137,126563,0.0,0.0,0.0
2024-11-04 01:15:00+00:00,13.699999809265137,13.710000038146973,13.699999809265137,13.710000038146973,257500,0.0,0.0,0.0
2024-11-04 01:20:00+00:00,13.720000267028809,13.720000267028809,13.710000038146973,13.710000038146973,93088,0.0,0.0,0.0
2024-11-04 01:25:00+00:00,13.710000038146973,13.729999542236328,13.710000038146973,13.710000038146973,259374,0.0,0.0,0.0
2024-11-04 01:30:00+00:00,13.710000038146973,13.720000267028809,13.710000038146973,13.710000038146973,106552,0.0,0.0,0.0
2024-11-04 01:35:00+00:00,13.710000038146973,13.720000267028809,13.710000038146973,13.720000267028809,72066,0.0,0.0,0.0
2024-11-04 01:40:00+00:00,13.710000038146973,13.720000267028809,13.710000038146973,13.720000267028809,98329,0.0,0.0,0.0
2024-11-04 01:45:00+00:00,13.720000267028809,13.720000267028809,13.699999809265137,13.710000038146973,215557,0.0,0.0,0.0
2024-11-04 01:50:00+00:00,13.710000038146973,13.710000038146973,13.699999809265137,13.699999809265137,74224,0.0,0.0,0.0
2024-11-04 01:55:00+00:00,13.710000038146973,13.720000267028809,13.710000038146973,13.720000267028809,36497,0.0,0.0,0.0
2024-11-04 02:00:00+00:00,13.720000267028809,13.720000267028809,13.720000267028809,13.720000267028809,41127,0.0,0.0,0.0
2024-11-04 02:05:00+00:00,13.710000038146973,13.720000267028809,13.699999809265137,13.699999809265137,115382,0.0,0.0,0.0
2024-11-04 02:10:00+00:00,13.699999809265137,13.710000038146973,13.65999984741211,13.65999984741211,489955,0.0,0.0,0.0
2024-11-04 02:15:00+00:00,13.65999984741211,13.65999984741211,13.65999984741211,13.65999984741211,104181,0.0,0.0,0.0
2024-11-04 02:20:00+00:00,13.670000076293945,13.670000076293945,13.65999984741211,13.670000076293945,79512,0.0,0.0,0.0
2024-11-04 02:25:00+00:00,13.680000305175781,13.680000305175781,13.680000305175781,13.680000305175781,34014,0.0,0.0,0.0
2024-11-04 02:30:00+00:00,13.6899995803833,13.6899995803833,13.680000305175781,13.680000305175781,60517,0.0,0.0,0.0
2024-11-04 02:35:00+00:00,13.680000305175781,13.6899995803833,13.680000305175781,13.6899995803833,36506,0.0,0.0,0.0
2024-11-04 02:40:00+00:00,13.6899995803833,13.6899995803833,13.680000305175781,13.680000305175781,40528,0.0,0.0,0.0
2024-11-04 02:45:00+00:00,13.6899995803833,13.699999809265137,13.6899995803833,13.699999809265137,29723,0.0,0.0,0.0
2024-11-04 02:50:00+00:00,13.699999809265137,13.699999809265137,13.6899995803833,13.699999809265137,10460,0.0,0.0,0.0
2024-11-04 02:55:00+00:00,13.699999809265137,13.699999809265137,13.6899995803833,13.699999809265137,34984,0.0,0.0,0.0
2024-11-04 03:00:00+00:00,13.699999809265137,13.710000038146973,13.699999809265137,13.710000038146973,140400,0.0,0.0,0.0
2024-11-04 03:05:00+00:00,13.710000038146973,13.720000267028809,13.710000038146973,13.710000038146973,21593,0.0,0.0,0.0
2024-11-04 03:10:00+00:00,13.720000267028809,13.729999542236328,13.720000267028809,13.729999542236328,79318,0.0,0.0,0.0
2024-11-04 03:15:00+00:00,13.729999542236328,13.739999771118164,13.729999542236328,13.729999542236328,50379,0.0,0.0,0.0
2024-11-04 03:20:00+00:00,13.720000267028809,13.739999771118164,13.720000267028809,13.729999542236328,45663,0.0,0.0,0.0
2024-11-04 03:25:00+00:00,13.729999542236328,13.729999542236328,13.720000267028809,13.720000267028809,69870,0.0,0.0,0.0
2024-11-04 03:30:00+00:00,13.729999542236328,13.729999542236328,13.710000038146973,13.729999542236328,27580,0.0,0.0,0.0
2024-11-04 03:35:00+00:00,13.729999542236328,13.739999771118164,13.729999542236328,13.729999542236328,11016,0.0,0.0,0.0
2024-11-04 03:40:00+00:00,13.729999542236328,13.729999542236328,13.720000267028809,13.729999542236328,55727,0.0,0.0,0.0
2024-11-04 03:45:00+00:00,13.739999771118164,13.739999771118164,13.729999542236328,13.729999542236328,14599,0.0,0.0,0.0
2024-11-04 03:50:00+00:00,13.729999542236328,13.739999771118164,13.729999542236328,13.739999771118164,16594,0.0,0.0,0.0
2024-11-04 03:55:00+00:00,13.739999771118164,13.739999771118164,13.729999542236328,13.729999542236328,76401,0.0,0.0,0.0
2024-11-04 04:00:00+00:00,13.720000267028809,13.729999542236328,13.720000267028809,13.720000267028809,41486,0.0,0.0,0.0
2024-11-04 04:05:00+00:00,13.729999542236328,13.729999542236328,13.729999542236328,13.729999542236328,25632,0.0,0.0,0.0
2024-11-04 04:10:00+00:00,13.729999542236328,13.729999542236328,13.720000267028809,13.729999542236328,78107,0.0,0.0,0.0
2024-11-04 04:15:00+00:00,13.729999542236328,13.729999542236328,13.720000267028809,13.729999542236328,37030,0.0,0.0,0.0
2024-11-04 04:20:00+00:00,13.729999542236328,13.739999771118164,13.720000267028809,13.739999771118164,63535,0.0,0.0,0.0
2024-11-04 04:25:00+00:00,13.729999542236328,13.739999771118164,13.729999542236328,13.739999771118164,30506,0.0,0.0,0.0
2024-11-04 04:30:00+00:00,13.739999771118164,13.739999771118164,13.739999771118164,13.739999771118164,27720,0.0,0.0,0.0
2024-11-04 04:35:00+00:00,13.739999771118164,13.75,13.739999771118164,13.75,26735,0.0,0.0,0.0
2024-11-04 04:40:00+00:00,13.75,13.760000228881836,13.739999771118164,13.75,140791,0.0,0.0,0.0
2024-11-04 04:45:00+00:00,13.75,13.770000457763672,13.75,13.770000457763672,54549,0.0,0.0,0.0
2024-11-04 04:50:00+00:00,13.779999732971191,13.789999961853027,13.770000457763672,13.779999732971191,104504,0.0,0.0,0.0
2024-11-04 04:55:00+00:00,13.779999732971191,13.789999961853027,13.770000457763672,13.770000457763672,52036,0.0,0.0,0.0
2024-11-04 05:00:00+00:00,13.770000457763672,13.789999961853027,13.770000457763672,13.779999732971191,46104,0.0,0.0,0.0
2024-11-04 05:05:00+00:00,13.789999961853027,13.789999961853027,13.770000457763672,13.779999732971191,98792,0.0,0.0,0.0
2024-11-04 05:10:00+00:00,13.779999732971191,13.779999732971191,13.770000457763672,13.770000457763672,42215,0.0,0.0,0.0
2024-11-05 01:00:00+00:00,13.729999542236328,13.75,13.699999809265137,13.729999542236328,0,0.0,0.0,0.0
2024-11-05 01:05:00+00:00,13.729999542236328,13.729999542236328,13.710000038146973,13.729999542236328,167191,0.0,0.0,0.0
2024-11-05 01:10:00+00:00,13.729999542236328,13.739999771118164,13.729999542236328,13.729999542236328,80827,0.0,0.0,0.0
2024-11-05 01:15:00+00:00,13.729999542236328,13.739999771118164,13.729999542236328,13.739999771118164,103117,0.0,0.0,0.0
2024-11-05 01:20:00+00:00,13.739999771118164,13.739999771118164,13.720000267028809,13.720000267028809,166373,0.0,0.0,0.0
2024-11-05 01:25:00+00:00,13.729999542236328,13.789999961853027,13.729999542236328,13.779999732971191,537955,0.0,0.0,0.0
2024-11-05 01:30:00+00:00,13.779999732971191,13.789999961853027,13.770000457763672,13.779999732971191,136437,0.0,0.0,0.0
2024-11-05 01:35:00+00:00,13.770000457763672,13.779999732971191,13.760000228881836,13.770000457763672,101332,0.0,0.0,0.0
2024-11-05 01:40:00+00:00,13.779999732971191,13.84000015258789,13.779999732971191,13.84000015258789,267650,0.0,0.0,0.0
2024-11-05 01:45:00+00:00,13.819999694824219,13.869999885559082,13.819999694824219,13.869999885559082,212095,0.0,0.0,0.0
2024-11-05 01:50:00+00:00,13.869999885559082,13.880000114440918,13.829999923706055,13.84000015258789,117248,0.0,0.0,0.0
2024-11-05 01:55:00+00:00,13.850000381469727,13.850000381469727,13.829999923706055,13.829999923706055,57913,0.0,0.0,0.0
2024-11-05 02:00:00+00:00,13.819999694824219,13.829999923706055,13.819999694824219,13.819999694824219,52529,0.0,0.0,0.0
2024-11-05 02:05:00+00:00,13.819999694824219,13.819999694824219,13.8100004196167,13.8100004196167,115637,0.0,0.0,0.0
2024-11-05 02:10:00+00:00,13.800000190734863,13.8100004196167,13.779999732971191,13.779999732971191,175859,0.0,0.0,0.0
2024-11-05 02:15:00+00:00,13.779999732971191,13.779999732971191,13.779999732971191,13.779999732971191,40109,0.0,0.0,0.0
2024-11-05 02:20:00+00:00,13.789999961853027,13.800000190734863,13.789999961853027,13.789999961853027,11030,0.0,0.0,0.0
2024-11-05 02:25:00+00:00,13.789999961853027,13.789999961853027,13.789999961853027,13.789999961853027,11059,0.0,0.0,0.0
2024-11-05 02:30:00+00:00,13.789999961853027,13.800000190734863,13.789999961853027,13.789999961853027,39328,0.0,0.0,0.0
2024-11-05 02:35:00+00:00,13.789999961853027,13.789999961853027,13.779999732971191,13.779999732971191,20449,0.0,0.0,0.0
2024-11-05 02:40:00+00:00,13.779999732971191,13.800000190734863,13.779999732971191,13.779999732971191,78787,0.0,0.0,0.0
2024-11-05 02:45:00+00:00,13.779999732971191,13.779999732971191,13.770000457763672,13.779999732971191,65108,0.0,0.0,0.0
2024-11-05 02:50:00+00:00,13.779999732971191,13.779999732971191,13.779999732971191,13.779999732971191,12005,0.0,0.0,0.0
2024-11-05 02:55:00+00:00,13.779999732971191,13.779999732971191,13.770000457763672,13.779999732971191,28324,0.0,0.0,0.0
2024-11-05 03:00:00+00:00,13.779999732971191,13.779999732971191,13.770000457763672,13.770000457763672,18338,0.0,0.0,0.0
2024-11-05 03:05:00+00:00,13.779999732971191,13.800000190734863,13.770000457763672,13.789999961853027,22954,0.0,0.0,0.0
2024-11-05 03:10:00+00:00,13.789999961853027,13.789999961853027,13.779999732971191,13.779999732971191,35261,0.0,0.0,0.0
2024-11-05 03:15:00+00:00,13.800000190734863,13.800000190734863,13.789999961853027,13.789999961853027,45797,0.0,0.0,0.0
2024-11-05 03:20:00+00:00,13.800000190734863,13.8100004196167,13.800000190734863,13.8100004196167,217576,0.0,0.0,0.0
2024-11-05 03:25:00+00:00,13.819999694824219,13.819999694824219,13.819999694824219,13.819999694824219,44408,0.0,0.0,0.0
2024-11-05 03:30:00+00:00,13.819999694824219,13.829999923706055,13.819999694824219,13.829999923706055,14735,0.0,0.0,0.0
2024-11-05 03:35:00+00:00,13.829999923706055,13.829999923706055,13.819999694824219,13.819999694824219,34640,0.0,0.0,0.0
2024-11-05 03:40:00+00:00,13.829999923706055,13.829999923706055,13.829999923706055,13.829999923706055,9819,0.0,0.0,0.0
2024-11-05 03:45:00+00:00,13.829999923706055,13.829999923706055,13.819999694824219,13.819999694824219,16620,0.0,0.0,0.0
2024-11-05 03:50:00+00:00,13.819999694824219,13.819999694824219,13.819999694824219,13.819999694824219,6801,0.0,0.0,0.0
2024-11-05 03:55:00+00:00,13.819999694824219,13.819999694824219,13.819999694824219,13.819999694824219,3111,0.0,0.0,0.0
2024-11-05 04:00:00+00:00,13.8100004196167,13.819999694824219,13.8100004196167,13.8100004196167,335139,0.0,0.0,0.0
2024-11-05 04:05:00+00:00,13.8100004196167,13.8100004196167,13.8100004196167,13.8100004196167,53060,0.0,0.0,0.0
2024-11-05 04:10:00+00:00,13.819999694824219,13.819999694824219,13.8100004196167,13.8100004196167,162492,0.0,0.0,0.0
2024-11-05 04:15:00+00:00,13.8100004196167,13.8100004196167,13.8100004196167,13.8100004196167,49349,0.0,0.0,0.0
2024-11-05 04:20:00+00:00,13.8100004196167,13.819999694824219,13.8100004196167,13.8100004196167,341728,0.0,0.0,0.0
2024-11-05 04:25:00+00:00,13.819999694824219,13.819999694824219,13.8100004196167,13.819999694824219,55536,0.0,0.0,0.0
2024-11-05 04:30:00+00:00,13.819999694824219,13.819999694824219,13.789999961853027,13.789999961853027,635745,0.0,0.0,0.0
2024-11-05 04:35:00+00:00,13.789999961853027,13.789999961853027,13.779999732971191,13.789999961853027,5889,0.0,0.0,0.0
2024-11-05 04:40:00+00:00,13.789999961853027,13.800000190734863,13.789999961853027,13.800000190734863,17410,0.0,0.0,0.0
2024-11-05 04:45:00+00:00,13.789999961853027,13.800000190734863,13.789999961853027,13.789999961853027,20100,0.0,0.0,0.0
2024-11-05 04:50:00+00:00,13.789999961853027,13.800000190734863,13.789999961853027,13.800000190734863,22200,0.0,0.0,0.0
2024-11-05 04:55:00+00:00,13.789999961853027,13.800000190734863,13.789999961853027,13.789999961853027,98192,0.0,0.0,0.0
2024-11-05 05:00:00+00:00,13.800000190734863,13.800000190734863,13.789999961853027,13.789999961853027,181118,0.0,0.0,0.0
2024-11-05 05:05:00+00:00,13.789999961853027,13.800000190734863,13.789999961853027,13.800000190734863,80760,0.0,0.0,0.0
2024-11-05 05:10:00+00:00,13.800000190734863,13.8100004196167,13.800000190734863,13.8100004196167,39085,0.0,0.0,0.0
2024-11-05 05:15:00+00:00,13.8100004196167,13.8100004196167,13.800000190734863,13.8100004196167,110183,0.0,0.0,0.0
2024-11-05 05:20:00+00:00,13.8100004196167,13.8100004196167,13.789999961853027,13.800000190734863,95716,0.0,0.0,0.0
2024-11-06 01:00:00+00:00,13.869999885559082,13.869999885559082,13.829999923706055,13.850000381469727,0,0.0,0.0,0.0
2024-11-06 01:05:00+00:00,13.84000015258789,13.859999656677246,13.829999923706055,13.859999656677246,157522,0.0,0.0,0.0
2024-11-06 01:10:00+00:00,13.869999885559082,13.899999618530273,13.869999885559082,13.899999618530273,347058,0.0,0.0,0.0
2024-11-06 01:15:00+00:00,13.890000343322754,13.899999618530273,13.880000114440918,13.890000343322754,354747,0.0,0.0,0.0
2024-11-06 01:20:00+00:00,13.899999618530273,13.899999618530273,13.880000114440918,13.880000114440918,153486,0.0,0.0,0.0
2024-11-06 01:25:00+00:00,13.899999618530273,13.899999618530273,13.890000343322754,13.890000343322754,163259,0.0,0.0,0.0
2024-11-06 01:30:00+00:00,13.890000343322754,13.890000343322754,13.869999885559082,13.869999885559082,335997,0.0,0.0,0.0
2024-11-06 01:35:00+00:00,13.859999656677246,13.869999885559082,13.859999656677246,13.869999885559082,76381,0.0,0.0,0.0
2024-11-06 01:40:00+00:00,13.869999885559082,13.869999885559082,13.859999656677246,13.859999656677246,161883,0.0,0.0,0.0
2024-11-06 01:45:00+00:00,13.869999885559082,13.869999885559082,13.829999923706055,13.84000015258789,150242,0.0,0.0,0.0
2024-11-06 01:50:00+00:00,13.84000015258789,13.84000015258789,13.829999923706055,13.829999923706055,59221,0.0,0.0,0.0
2024-11-06 01:55:00+00:00,13.84000015258789,13.859999656677246,13.84000015258789,13.859999656677246,82050,0.0,0.0,0.0
2024-11-06 02:00:00+00:00,13.859999656677246,13.859999656677246,13.84000015258789,13.850000381469727,55140,0.0,0.0,0.0
2024-11-06 02:05:00+00:00,13.850000381469727,13.859999656677246,13.850000381469727,13.850000381469727,17538,0.0,0.0,0.0
2024-11-06 02:10:00+00:00,13.850000381469727,13.859999656677246,13.850000381469727,13.859999656677246,43517,0.0,0.0,0.0
2024-11-06 02:15:00+00:00,13.859999656677246,13.859999656677246,13.850000381469727,13.859999656677246,42406,0.0,0.0,0.0
2024-11-06 02:20:00+00:00,13.859999656677246,13.869999885559082,13.859999656677246,13.869999885559082,379612,0.0,0.0,0.0
2024-11-06 02:25:00+00:00,13.880000114440918,13.880000114440918,13.880000114440918,13.880000114440918,84954,0.0,0.0,0.0
2024-11-06 02:30:00+00:00,13.880000114440918,13.880000114440918,13.869999885559082,13.880000114440918,45600,0.0,0.0,0.0
2024-11-06 02:35:00+00:00,13.880000114440918,13.90999984741211,13.880000114440918,13.90999984741211,346598,0.0,0.0,0.0
2024-11-06 02:40:00+00:00,13.90999984741211,13.970000267028809,13.90999984741211,13.960000038146973,366564,0.0,0.0,0.0
2024-11-06 02:45:00+00:00,13.970000267028809,14.0,13.960000038146973,13.989999771118164,727017,0.0,0.0,0.0
2024-11-06 02:50:00+00:00,13.979999542236328,13.989999771118164,13.970000267028809,13.979999542236328,299509,0.0,0.0,0.0
2024-11-06 02:55:00+00:00,13.979999542236328,13.989999771118164,13.970000267028809,13.989999771118164,333230,0.0,0.0,0.0
2024-11-06 03:00:00+00:00,14.0,14.010000228881836,13.989999771118164,14.010000228881836,404994,0.0,0.0,0.0
2024-11-06 03:05:00+00:00,14.010000228881836,14.010000228881836,13.970000267028809,13.970000267028809,183650,0.0,0.0,0.0
2024-11-06 03:10:00+00:00,13.970000267028809,13.979999542236328,13.970000267028809,13.970000267028809,88106,0.0,0.0,0.0
2024-11-06 03:15:00+00:00,13.970000267028809,13.970000267028809,13.960000038146973,13.970000267028809,101454,0.0,0.0,0.0
2024-11-06 03:20:00+00:00,13.960000038146973,13.970000267028809,13.960000038146973,13.970000267028809,16119,0.0,0.0,0.0
2024-11-06 03:25:00+00:00,13.970000267028809,13.970000267028809,13.960000038146973,13.960000038146973,158685,0.0,0.0,0.0
2024-11-06 03:30:00+00:00,13.960000038146973,13.960000038146973,13.930000305175781,13.930000305175781,161573,0.0,0.0,0.0
2024-11-06 03:35:00+00:00,13.930000305175781,13.930000305175781,13.920000076293945,13.930000305175781,73162,0.0,0.0,0.0
2024-11-06 03:40:00+00:00,13.930000305175781,13.949999809265137,13.930000305175781,13.949999809265137,114229,0.0,0.0,0.0
2024-11-06 03:45:00+00:00,13.949999809265137,13.949999809265137,13.9399995803833,13.9399995803833,40430,0.0,0.0,0.0
2024-11-06 03:50:00+00:00,13.949999809265137,13.960000038146973,13.9399995803833,13.949999809265137,38899,0.0,0.0,0.0
2024-11-06 03:55:00+00:00,13.960000038146973,13.960000038146973,13.949999809265137,13.960000038146973,71379,0.0,0.0,0.0
2024-11-06 04:00:00+00:00,13.960000038146973,13.970000267028809,13.949999809265137,13.960000038146973,72877,0.0,0.0,0.0
2024-11-06 04:05:00+00:00,13.960000038146973,13.970000267028809,13.949999809265137,13.949999809265137,33673,0.0,0.0,0.0
2024-11-06 04:10:00+00:00,13.949999809265137,13.970000267028809,13.949999809265137,13.970000267028809,152528,0.0,0.0,0.0
2024-11-06 04:15:00+00:00,13.970000267028809,13.979999542236328,13.970000267028809,13.979999542236328,9623,0.0,0.0,0.0
2024-11-06 04:20:00+00:00,13.979999542236328,13.979999542236328,13.960000038146973,13.979999542236328,71621,0.0,0.0,0.0
2024-11-06 04:25:00+00:00,13.979999542236328,13.979999542236328,13.970000267028809,13.970000267028809,20516,0.0,0.0,0.0
2024-11-06 04:30:00+00:00,13.970000267028809,13.970000267028809,13.949999809265137,13.960000038146973,151565,0.0,0.0,0.0
2024-11-06 04:35:00+00:00,13.949999809265137,13.949999809265137,13.920000076293945,13.930000305175781,84537,0.0,0.0,0.0
2024-11-06 04:40:00+00:00,13.920000076293945,13.920000076293945,13.920000076293945,13.920000076293945,78328,0.0,0.0,0.0
2024-11-06 04:45:00+00:00,13.920000076293945,13.930000305175781,13.90999984741211,13.930000305175781,152212,0.0,0.0,0.0
2024-11-06 04:50:00+00:00,13.930000305175781,13.949999809265137,13.930000305175781,13.9399995803833,43690,0.0,0.0,0.0
2024-11-06 04:55:00+00:00,13.9399995803833,13.9399995803833,13.930000305175781,13.930000305175781,128995,0.0,0.0,0.0
2024-11-06 05:00:00+00:00,13.930000305175781,13.930000305175781,13.920000076293945,13.930000305175781,91210,0.0,0.0,0.0
2024-11-06 05:05:00+00:00,13.930000305175781,13.9399995803833,13.920000076293945,13.920000076293945,18338,0.0,0.0,0.0
2024-11-06 05:10:00+00:00,13.930000305175781,13.930000305175781,13.930000305175781,13.930000305175781,10010,0.0,0.0,0.0
2024-11-07 01:00:00+00:00,13.880000114440918,13.930000305175781,13.850000381469727,13.930000305175781,0,0.0,0.0,0.0
2024-11-07 01:05:00+00:00,13.9399995803833,13.949999809265137,13.930000305175781,13.9399995803833,74870,0.0,0.0,0.0
2024-11-07 01:10:00+00:00,13.9399995803833,13.970000267028809,13.930000305175781,13.970000267028809,131031,0.0,0.0,0.0
2024-11-07 01:15:00+00:00,13.979999542236328,13.989999771118164,13.960000038146973,13.960000038146973,147088,0.0,0.0,0.0
2024-11-07 01:20:00+00:00,13.960000038146973,13.970000267028809,13.949999809265137,13.949999809265137,145304,0.0,0.0,0.0
2024-11-07 01:25:00+00:00,13.949999809265137,13.960000038146973,13.9399995803833,13.9399995803833,210685,0.0,0.0,0.0
2024-11-07 01:30:00+00:00,13.9399995803833,13.9399995803833,13.920000076293945,13.930000305175781,115260,0.0,0.0,0.0
2024-11-07 01:35:00+00:00,13.930000305175781,13.960000038146973,13.930000305175781,13.960000038146973,268776,0.0,0.0,0.0
2024-11-07 01:40:00+00:00,13.949999809265137,13.970000267028809,13.949999809265137,13.970000267028809,159018,0.0,0.0,0.0
2024-11-07 01:45:00+00:00,13.979999542236328,13.979999542236328,13.970000267028809,13.979999542236328,98759,0.0,0.0,0.0
2024-11-07 01:50:00+00:00,13.979999542236328,13.979999542236328,13.960000038146973,13.960000038146973,124334,0.0,0.0,0.0
2024-11-07 01:55:00+00:00,13.960000038146973,13.970000267028809,13.960000038146973,13.970000267028809,71794,0.0,0.0,0.0
2024-11-07 02:00:00+00:00,13.960000038146973,13.979999542236328,13.949999809265137,13.960000038146973,89054,0.0,0.0,0.0
2024-11-07 02:05:00+00:00,13.960000038146973,13.960000038146973,13.9399995803833,13.9399995803833,120055,0.0,0.0,0.0
2024-11-07 02:10:00+00:00,13.9399995803833,13.949999809265137,13.920000076293945,13.949999809265137,180727,0.0,0.0,0.0
2024-11-07 02:15:00+00:00,13.930000305175781,13.960000038146973,13.930000305175781,13.960000038146973,54549,0.0,0.0,0.0
2024-11-07 02:20:00+00:00,13.949999809265137,13.960000038146973,13.949999809265137,13.949999809265137,24261,0.0,0.0,0.0
2024-11-07 02:25:00+00:00,13.949999809265137,13.970000267028809,13.949999809265137,13.970000267028809,23604,0.0,0.0,0.0
2024-11-07 02:30:00+00:00,13.970000267028809,13.979999542236328,13.970000267028809,13.970000267028809,77564,0.0,0.0,0.0
2024-11-07 02:35:00+00:00,13.979999542236328,13.989999771118164,13.970000267028809,13.989999771118164,162475,0.0,0.0,0.0
2024-11-07 02:40:00+00:00,13.989999771118164,14.0,13.989999771118164,14.0,217532,0.0,0.0,0.0
2024-11-07 02:45:00+00:00,13.989999771118164,13.989999771118164,13.979999542236328,13.979999542236328,38772,0.0,0.0,0.0
2024-11-07 02:50:00+00:00,14.0,14.0,13.989999771118164,14.0,31662,0.0,0.0,0.0
2024-11-07 02:55:00+00:00,14.0,14.0,13.989999771118164,13.989999771118164,59330,0.0,0.0,0.0
2024-11-07 03:00:00+00:00,13.989999771118164,14.0,13.989999771118164,14.0,46061,0.0,0.0,0.0
2024-11-07 03:05:00+00:00,14.0,14.0,13.989999771118164,14.0,69070,0.0,0.0,0.0
2024-11-07 03:10:00+00:00,14.0,14.0,14.0,14.0,51333,0.0,0.0,0.0
2024-11-07 03:15:00+00:00,14.0,14.0,13.979999542236328,13.989999771118164,74351,0.0,0.0,0.0
2024-11-07 03:20:00+00:00,14.0,14.0,13.989999771118164,14.0,53013,0.0,0.0,0.0
2024-11-07 03:25:00+00:00,14.0,14.0,13.989999771118164,13.989999771118164,78360,0.0,0.0,0.0
2024-11-07 03:30:00+00:00,13.989999771118164,13.989999771118164,13.979999542236328,13.989999771118164,77743,0.0,0.0,0.0
2024-11-07 03:35:00+00:00,13.989999771118164,14.0,13.979999542236328,14.0,350189,0.0,0.0,0.0
2024-11-07 03:40:00+00:00,14.0,14.010000228881836,14.0,14.010000228881836,190584,0.0,0.0,0.0
2024-11-07 03:45:00+00:00,14.010000228881836,14.020000457763672,14.010000228881836,14.020000457763672,361829,0.0,0.0,0.0
2024-11-07 03:50:00+00:00,14.020000457763672,14.020000457763672,14.010000228881836,14.020000457763672,67646,0.0,0.0,0.0
2024-11-07 03:55:00+00:00,14.020000457763672,14.020000457763672,14.010000228881836,14.020000457763672,101195,0.0,0.0,0.0
2024-11-07 04:00:00+00:00,14.020000457763672,14.020000457763672,14.010000228881836,14.020000457763672,84364,0.0,0.0,0.0
2024-11-07 04:05:00+00:00,14.020000457763672,14.020000457763672,13.970000267028809,13.979999542236328,407137,0.0,0.0,0.0
2024-11-07 04:10:00+00:00,13.989999771118164,13.989999771118164,13.979999542236328,13.989999771118164,31212,0.0,0.0,0.0
2024-11-07 04:15:00+00:00,13.989999771118164,13.989999771118164,13.979999542236328,13.989999771118164,29003,0.0,0.0,0.0
2024-11-07 04:20:00+00:00,13.989999771118164,14.0,13.989999771118164,13.989999771118164,127407,0.0,0.0,0.0
2024-11-07 04:25:00+00:00,13.989999771118164,14.0,13.989999771118164,14.0,51392,0.0,0.0,0.0
2024-11-07 04:30:00+00:00,14.0,14.0,13.989999771118164,13.989999771118164,156883,0.0,0.0,0.0
2024-11-07 04:35:00+00:00,13.989999771118164,13.989999771118164,13.989999771118164,13.989999771118164,24329,0.0,0.0,0.0
2024-11-07 04:40:00+00:00,13.989999771118164,13.989999771118164,13.989999771118164,13.989999771118164,7110,0.0,0.0,0.0
2024-11-07 04:45:00+00:00,13.989999771118164,14.0,13.989999771118164,13.989999771118164,20911,0.0,0.0,0.0
2024-11-07 04:50:00+00:00,13.989999771118164,14.0,13.989999771118164,13.989999771118164,62063,0.0,0.0,0.0
2024-11-07 04:55:00+00:00,13.989999771118164,14.0,13.989999771118164,14.0,54451,0.0,0.0,0.0
2024-11-07 05:00:00+00:00,13.989999771118164,13.989999771118164,13.979999542236328,13.989999771118164,54785,0.0,0.0,0.0
2024-11-07 05:05:00+00:00,14.0,14.0,13.989999771118164,13.989999771118164,15513,0.0,0.0,0.0
2024-11-08 01:00:00+00:00,14.069999694824219,14.100000381469727,14.069999694824219,14.09000015258789,0,0.0,0.0,0.0
2024-11-08 01:05:00+00:00,14.079999923706055,14.09000015258789,14.0600004196167,14.069999694824219,160000,0.0,0.0,0.0
2024-11-08 01:10:00+00:00,14.069999694824219,14.079999923706055,14.069999694824219,14.079999923706055,253741,0.0,0.0,0.0
2024-11-08 01:15:00+00:00,14.079999923706055,14.09000015258789,14.069999694824219,14.069999694824219,98243,0.0,0.0,0.0
2024-11-08 01:20:00+00:00,14.069999694824219,14.069999694824219,14.0600004196167,14.069999694824219,130371,0.0,0.0,0.0
2024-11-08 01:25:00+00:00,14.069999694824219,14.069999694824219,14.0600004196167,14.0600004196167,71433,0.0,0.0,0.0
2024-11-08 01:30:00+00:00,14.069999694824219,14.069999694824219,14.050000190734863,14.050000190734863,49457,0.0,0.0,0.0
2024-11-08 01:35:00+00:00,14.050000190734863,14.0600004196167,14.050000190734863,14.050000190734863,165505,0.0,0.0,0.0
2024-11-08 01:40:00+00:00,14.050000190734863,14.079999923706055,14.039999961853027,14.079999923706055,374677,0.0,0.0,0.0
2024-11-08 01:45:00+00:00,14.079999923706055,14.09000015258789,14.079999923706055,14.079999923706055,75172,0.0,0.0,0.0
2024-11-08 01:50:00+00:00,14.09000015258789,14.09000015258789,14.079999923706055,14.079999923706055,104247,0.0,0.0,0.0
2024-11-08 01:55:00+00:00,14.079999923706055,14.09000015258789,14.069999694824219,14.09000015258789,131184,0.0,0.0,0.0
2024-11-08 02:00:00+00:00,14.09000015258789,14.09000015258789,14.09000015258789,14.09000015258789,147881,0.0,0.0,0.0
2024-11-08 02:05:00+00:00,14.09000015258789,14.09000015258789,14.079999923706055,14.079999923706055,130532,0.0,0.0,0.0
2024-11-08 02:10:00+00:00,14.079999923706055,14.079999923706055,14.079999923706055,14.079999923706055,74263,0.0,0.0,0.0
2024-11-08 02:15:00+00:00,14.09000015258789,14.09000015258789,14.079999923706055,14.09000015258789,69154,0.0,0.0,0.0
2024-11-08 02:20:00+00:00,14.09000015258789,14.09000015258789,14.079999923706055,14.079999923706055,55331,0.0,0.0,0.0
2024-11-08 02:25:00+00:00,14.079999923706055,14.079999923706055,14.069999694824219,14.079999923706055,103476,0.0,0.0,0.0
2024-11-08 02:30:00+00:00,14.079999923706055,14.079999923706055,14.079999923706055,14.079999923706055,145713,0.0,0.0,0.0
2024-11-08 02:35:00+00:00,14.079999923706055,14.09000015258789,14.079999923706055,14.09000015258789,21206,0.0,0.0,0.0
2024-11-08 02:40:00+00:00,14.079999923706055,14.09000015258789,14.079999923706055,14.079999923706055,131659,0.0,0.0,0.0
2024-11-08 02:45:00+00:00,14.09000015258789,14.09000015258789,14.079999923706055,14.079999923706055,59830,0.0,0.0,0.0
2024-11-08 02:50:00+00:00,14.079999923706055,14.079999923706055,14.069999694824219,14.069999694824219,9482,0.0,0.0,0.0
2024-11-08 02:55:00+00:00,14.069999694824219,14.069999694824219,14.0600004196167,14.0600004196167,317616,0.0,0.0,0.0
2024-11-08 03:00:00+00:00,14.069999694824219,14.079999923706055,14.069999694824219,14.069999694824219,18369,0.0,0.0,0.0
2024-11-08 03:05:00+00:00,14.079999923706055,14.079999923706055,14.0600004196167,14.0600004196167,55893,0.0,0.0,0.0
2024-11-08 03:10:00+00:00,14.069999694824219,14.069999694824219,14.069999694824219,14.069999694824219,37597,0.0,0.0,0.0
2024-11-08 03:15:00+00:00,14.069999694824219,14.069999694824219,14.069999694824219,14.069999694824219,79766,0.0,0.0,0.0
2024-11-08 03:20:00+00:00,14.069999694824219,14.069999694824219,14.069999694824219,14.069999694824219,47653,0.0,0.0,0.0
2024-11-08 03:25:00+00:00,14.069999694824219,14.069999694824219,14.0600004196167,14.0600004196167,48063,0.0,0.0,0.0
2024-11-08 03:30:00+00:00,14.069999694824219,14.069999694824219,14.0600004196167,14.069999694824219,12256,0.0,0.0,0.0
2024-11-08 03:35:00+00:00,14.069999694824219,14.069999694824219,14.0600004196167,14.0600004196167,21038,0.0,0.0,0.0
2024-11-08 03:40:00+00:00,14.0600004196167,14.0600004196167,14.050000190734863,14.050000190734863,31383,0.0,0.0,0.0
2024-11-08 03:45:00+00:00,14.0600004196167,14.0600004196167,14.050000190734863,14.050000190734863,132803,0.0,0.0,0.0
2024-11-08 03:50:00+00:00,14.050000190734863,14.050000190734863,14.039999961853027,14.039999961853027,34013,0.0,0.0,0.0
2024-11-08 03:55:00+00:00,14.039999961853027,14.039999961853027,14.020000457763672,14.020000457763672,131247,0.0,0.0,0.0
2024-11-08 04:00:00+00:00,14.020000457763672,14.020000457763672,14.020000457763672,14.020000457763672,51968,0.0,0.0,0.0
2024-11-08 04:05:00+00:00,14.020000457763672,14.020000457763672,14.0,14.010000228881836,77341,0.0,0.0,0.0
2024-11-08 04:10:00+00:00,14.010000228881836,14.010000228881836,14.0,14.010000228881836,90448,0.0,0.0,0.0
2024-11-08 04:15:00+00:00,14.010000228881836,14.020000457763672,14.010000228881836,14.020000457763672,83834,0.0,0.0,0.0
2024-11-08 04:20:00+00:00,14.020000457763672,14.020000457763672,14.010000228881836,14.020000457763672,83043,0.0,0.0,0.0
2024-11-08 04:25:00+00:00,14.020000457763672,14.020000457763672,14.020000457763672,14.020000457763672,12882,0.0,0.0,0.0
2024-11-08 04:30:00+00:00,14.020000457763672,14.020000457763672,14.0,14.0,37566,0.0,0.0,0.0
2024-11-08 04:35:00+00:00,14.0,14.010000228881836,14.0,14.010000228881836,63270,0.0,0.0,0.0
2024-11-08 04:40:00+00:00,14.0,14.010000228881836,14.0,14.0,681714,0.0,0.0,0.0
2024-11-08 04:45:00+00:00,14.0,14.0,14.0,14.0,39851,0.0,0.0,0.0
2024-11-08 04:50:00+00:00,14.0,14.0,14.0,14.0,15497,0.0,0.0,0.0
2024-11-08 04:55:00+00:00,14.0,14.010000228881836,14.0,14.0,120824,0.0,0.0,0.0
2024-11-08 05:00:00+00:00,14.0,14.020000457763672,13.989999771118164,14.020000457763672,102347,0.0,0.0,0.0
2024-11-08 05:05:00+00:00,14.020000457763672,14.020000457763672,14.010000228881836,14.010000228881836,67235,0.0,0.0,0.0
2024-11-08 05:10:00+00:00,14.010000228881836,14.010000228881836,14.010000228881836,14.010000228881836,1000,0.0,0.0,0.0
2024-11-11 01:00:00+00:00,14.039999961853027,14.039999961853027,13.989999771118164,14.0,0,0.0,0.0,0.0
2024-11-11 01:05:00+00:00,13.989999771118164,13.989999771118164,13.930000305175781,13.949999809265137,354842,0.0,0.0,0.0
2024-11-11 01:10:00+00:00,13.960000038146973,13.979999542236328,13.949999809265137,13.949999809265137,107418,0.0,0.0,0.0
2024-11-11 01:15:00+00:00,13.949999809265137,13.960000038146973,13.930000305175781,13.930000305175781,140032,0.0,0.0,0.0
2024-11-11 01:20:00+00:00,13.9399995803833,13.949999809265137,13.930000305175781,13.9399995803833,131344,0.0,0.0,0.0
2024-11-11 01:25:00+00:00,13.9399995803833,13.9399995803833,13.920000076293945,13.930000305175781,195912,0.0,0.0,0.0
2024-11-11 01:30:00+00:00,13.930000305175781,13.9399995803833,13.90999984741211,13.90999984741211,409284,0.0,0.0,0.0
2024-11-11 01:35:00+00:00,13.920000076293945,13.949999809265137,13.90999984741211,13.949999809265137,454795,0.0,0.0,0.0
2024-11-11 01:40:00+00:00,13.949999809265137,13.949999809265137,13.930000305175781,13.9399995803833,91439,0.0,0.0,0.0
2024-11-11 01:45:00+00:00,13.9399995803833,13.970000267028809,13.930000305175781,13.960000038146973,84915,0.0,0.0,0.0
2024-11-11 01:50:00+00:00,13.960000038146973,13.960000038146973,13.949999809265137,13.949999809265137,68639,0.0,0.0,0.0
2024-11-11 01:55:00+00:00,13.960000038146973,13.970000267028809,13.949999809265137,13.960000038146973,42750,0.0,0.0,0.0
2024-11-11 02:00:00+00:00,13.960000038146973,13.960000038146973,13.920000076293945,13.920000076293945,442925,0.0,0.0,0.0
2024-11-11 02:05:00+00:00,13.920000076293945,13.930000305175781,13.920000076293945,13.930000305175781,71227,0.0,0.0,0.0
2024-11-11 02:10:00+00:00,13.930000305175781,13.9399995803833,13.930000305175781,13.930000305175781,82797,0.0,0.0,0.0
2024-11-11 02:15:00+00:00,13.930000305175781,13.9399995803833,13.90999984741211,13.930000305175781,86022,0.0,0.0,0.0
2024-11-11 02:20:00+00:00,13.930000305175781,13.949999809265137,13.930000305175781,13.949999809265137,23995,0.0,0.0,0.0
2024-11-11 02:25:00+00:00,13.949999809265137,13.949999809265137,13.930000305175781,13.9399995803833,44390,0.0,0.0,0.0
2024-11-11 02:30:00+00:00,13.949999809265137,13.949999809265137,13.949999809265137,13.949999809265137,18910,0.0,0.0,0.0
2024-11-11 02:35:00+00:00,13.949999809265137,13.960000038146973,13.949999809265137,13.960000038146973,43666,0.0,0.0,0.0
2024-11-11 02:40:00+00:00,13.960000038146973,13.970000267028809,13.960000038146973,13.960000038146973,20460,0.0,0.0,0.0
2024-11-11 02:45:00+00:00,13.970000267028809,13.970000267028809,13.960000038146973,13.960000038146973,86308,0.0,0.0,0.0
2024-11-11 02:50:00+00:00,13.960000038146973,13.970000267028809,13.960000038146973,13.970000267028809,21540,0.0,0.0,0.0
2024-11-11 02:55:00+00:00,13.949999809265137,13.960000038146973,13.949999809265137,13.960000038146973,8000,0.0,0.0,0.0
2024-11-11 03:00:00+00:00,13.960000038146973,13.960000038146973,13.949999809265137,13.960000038146973,109639,0.0,0.0,0.0
2024-11-11 03:05:00+00:00,13.960000038146973,13.970000267028809,13.960000038146973,13.960000038146973,35104,0.0,0.0,0.0
2024-11-11 03:10:00+00:00,13.960000038146973,13.960000038146973,13.949999809265137,13.960000038146973,26061,0.0,0.0,0.0
2024-11-11 03:15:00+00:00,13.960000038146973,13.960000038146973,13.960000038146973,13.960000038146973,24940,0.0,0.0,0.0
2024-11-11 03:20:00+00:00,13.960000038146973,13.970000267028809,13.960000038146973,13.970000267028809,46215,0.0,0.0,0.0
2024-11-11 03:25:00+00:00,13.970000267028809,13.970000267028809,13.970000267028809,13.970000267028809,24313,0.0,0.0,0.0
2024-11-11 03:30:00+00:00,13.970000267028809,13.970000267028809,13.960000038146973,13.970000267028809,21310,0.0,0.0,0.0
2024-11-11 03:35:00+00:00,13.970000267028809,13.970000267028809,13.960000038146973,13.970000267028809,28249,0.0,0.0,0.0
2024-11-11 03:40:00+00:00,13.970000267028809,13.970000267028809,13.970000267028809,13.970000267028809,4078,0.0,0.0,0.0
2024-11-11 03:45:00+00:00,13.970000267028809,13.979999542236328,13.970000267028809,13.979999542236328,9362,0.0,0.0,0.0
2024-11-11 03:50:00+00:00,13.970000267028809,13.979999542236328,13.970000267028809,13.979999542236328,13059,0.0,0.0,0.0
2024-11-11 03:55:00+00:00,13.970000267028809,13.979999542236328,13.970000267028809,13.979999542236328,13462,0.0,0.0,0.0
2024-11-11 04:00:00+00:00,13.979999542236328,14.0,13.979999542236328,14.0,32152,0.0,0.0,0.0
2024-11-11 04:05:00+00:00,14.0,14.020000457763672,14.0,14.020000457763672,199358,0.0,0.0,0.0
2024-11-11 04:10:00+00:00,14.010000228881836,14.029999732971191,14.010000228881836,14.020000457763672,20571,0.0,0.0,0.0
2024-11-11 04:15:00+00:00,14.010000228881836,14.020000457763672,14.010000228881836,14.020000457763672,16376,0.0,0.0,0.0
2024-11-11 04:20:00+00:00,14.020000457763672,14.020000457763672,14.010000228881836,14.010000228881836,3361,0.0,0.0,0.0
2024-11-11 04:25:00+00:00,14.010000228881836,14.020000457763672,14.010000228881836,14.020000457763672,26701,0.0,0.0,0.0
2024-11-11 04:30:00+00:00,14.020000457763672,14.020000457763672,14.010000228881836,14.020000457763672,54470,0.0,0.0,0.0
2024-11-11 04:35:00+00:00,14.010000228881836,14.020000457763672,14.010000228881836,14.010000228881836,17150,0.0,0.0,0.0
2024-11-11 04:40:00+00:00,14.010000228881836,14.020000457763672,14.010000228881836,14.010000228881836,24049,0.0,0.0,0.0
2024-11-11 04:45:00+00:00,14.020000457763672,14.020000457763672,14.0,14.0,50384,0.0,0.0,0.0
2024-11-11 04:50:00+00:00,14.0,14.0,13.989999771118164,14.0,51915,0.0,0.0,0.0
2024-11-11 04:55:00+00:00,14.0,14.020000457763672,14.0,14.010000228881836,33909,0.0,0.0,0.0
2024-11-11 05:00:00+00:00,14.010000228881836,14.010000228881836,14.0,14.0,6339,0.0,0.0,0.0
2024-11-11 05:05:00+00:00,14.0,14.029999732971191,14.0,14.029999732971191,114887,0.0,0.0,0.0
2024-11-11 05:10:00+00:00,14.029999732971191,14.029999732971191,14.020000457763672,14.029999732971191,212300,0.0,0.0,0.0
2024-11-11 05:15:00+00:00,14.029999732971191,14.029999732971191,14.020000457763672,14.029999732971191,169037,0.0,0.0,0.0
2024-11-11 05:20:00+00:00,14.029999732971191,14.039999961853027,14.029999732971191,14.039999961853027,141485,0.0,0.0,0.0
2024-11-12 01:00:00+00:00,13.880000114440918,13.970000267028809,13.869999885559082,13.880000114440918,0,0.0,0.0,0.0
2024-11-12 01:05:00+00:00,13.899999618530273,13.90999984741211,13.880000114440918,13.899999618530273,221000,0.0,0.0,0.0
2024-11-12 01:10:00+00:00,13.890000343322754,13.920000076293945,13.890000343322754,13.90999984741211,248094,0.0,0.0,0.0
2024-11-12 01:15:00+00:00,13.899999618530273,13.90999984741211,13.890000343322754,13.899999618530273,199919,0.0,0.0,0.0
2024-11-12 01:20:00+00:00,13.890000343322754,13.90999984741211,13.890000343322754,13.890000343322754,122199,0.0,0.0,0.0
2024-11-12 01:25:00+00:00,13.899999618530273,13.899999618530273,13.869999885559082,13.869999885559082,764784,0.0,0.0,0.0
2024-11-12 01:30:00+00:00,13.859999656677246,13.869999885559082,13.850000381469727,13.869999885559082,243541,0.0,0.0,0.0
2024-11-12 01:35:00+00:00,13.869999885559082,13.890000343322754,13.850000381469727,13.890000343322754,156633,0.0,0.0,0.0
2024-11-12 01:40:00+00:00,13.890000343322754,13.90999984741211,13.880000114440918,13.90999984741211,210770,0.0,0.0,0.0
2024-11-12 01:45:00+00:00,13.899999618530273,13.920000076293945,13.899999618530273,13.90999984741211,128094,0.0,0.0,0.0
2024-11-12 01:50:00+00:00,13.90999984741211,13.90999984741211,13.880000114440918,13.880000114440918,100862,0.0,0.0,0.0
2024-11-12 01:55:00+00:00,13.880000114440918,13.899999618530273,13.859999656677246,13.869999885559082,700908,0.0,0.0,0.0
2024-11-12 02:00:00+00:00,13.869999885559082,13.880000114440918,13.869999885559082,13.869999885559082,32474,0.0,0.0,0.0
2024-11-12 02:05:00+00:00,13.880000114440918,13.890000343322754,13.880000114440918,13.880000114440918,26048,0.0,0.0,0.0
2024-11-12 02:10:00+00:00,13.880000114440918,13.890000343322754,13.859999656677246,13.859999656677246,157408,0.0,0.0,0.0
2024-11-12 02:15:00+00:00,13.859999656677246,13.859999656677246,13.850000381469727,13.859999656677246,130819,0.0,0.0,0.0
2024-11-12 02:20:00+00:00,13.859999656677246,13.859999656677246,13.850000381469727,13.850000381469727,61149,0.0,0.0,0.0
2024-11-12 02:25:00+00:00,13.859999656677246,13.869999885559082,13.850000381469727,13.859999656677246,50374,0.0,0.0,0.0
2024-11-12 02:30:00+00:00,13.859999656677246,13.859999656677246,13.850000381469727,13.850000381469727,562540,0.0,0.0,0.0
2024-11-12 02:35:00+00:00,13.850000381469727,13.859999656677246,13.850000381469727,13.859999656677246,86089,0.0,0.0,0.0
2024-11-12 02:40:00+00:00,13.850000381469727,13.859999656677246,13.850000381469727,13.850000381469727,126492,0.0,0.0,0.0
2024-11-12 02:45:00+00:00,13.859999656677246,13.859999656677246,13.829999923706055,13.84000015258789,216236,0.0,0.0,0.0
2024-11-12 02:50:00+00:00,13.84000015258789,13.84000015258789,13.819999694824219,13.829999923706055,277850,0.0,0.0,0.0
2024-11-12 02:55:00+00:00,13.829999923706055,13.84000015258789,13.829999923706055,13.84000015258789,169779,0.0,0.0,0.0
2024-11-12 03:00:00+00:00,13.84000015258789,13.869999885559082,13.84000015258789,13.869999885559082,113280,0.0,0.0,0.0
2024-11-12 03:05:00+00:00,13.869999885559082,13.869999885559082,13.869999885559082,13.869999885559082,19077,0.0,0.0,0.0
2024-11-12 03:10:00+00:00,13.859999656677246,13.859999656677246,13.859999656677246,13.859999656677246,24775,0.0,0.0,0.0
2024-11-12 03:15:00+00:00,13.850000381469727,13.859999656677246,13.850000381469727,13.850000381469727,17234,0.0,0.0,0.0
2024-11-12 03:20:00+00:00,13.859999656677246,13.869999885559082,13.850000381469727,13.869999885559082,71987,0.0,0.0,0.0
2024-11-12 03:25:00+00:00,13.869999885559082,13.880000114440918,13.869999885559082,13.880000114440918,108649,0.0,0.0,0.0
2024-11-12 03:30:00+00:00,13.880000114440918,13.880000114440918,13.869999885559082,13.869999885559082,25692,0.0,0.0,0.0
2024-11-12 03:35:00+00:00,13.869999885559082,13.869999885559082,13.869999885559082,13.869999885559082,55084,0.0,0.0,0.0
2024-11-12 03:40:00+00:00,13.869999885559082,13.880000114440918,13.869999885559082,13.880000114440918,30799,0.0,0.0,0.0
2024-11-12 03:45:00+00:00,13.880000114440918,13.880000114440918,13.869999885559082,13.869999885559082,46323,0.0,0.0,0.0
2024-11-12 03:50:00+00:00,13.880000114440918,13.880000114440918,13.859999656677246,13.859999656677246,40186,0.0,0.0,0.0
2024-11-12 03:55:00+00:00,13.859999656677246,13.869999885559082,13.859999656677246,13.859999656677246,51379,0.0,0.0,0.0
2024-11-12 04:00:00+00:00,13.859999656677246,13.859999656677246,13.850000381469727,13.850000381469727,150985,0.0,0.0,0.0
2024-11-12 04:05:00+00:00,13.850000381469727,13.859999656677246,13.850000381469727,13.859999656677246,8475,0.0,0.0,0.0
2024-11-12 04:10:00+00:00,13.859999656677246,13.859999656677246,13.850000381469727,13.850000381469727,133417,0.0,0.0,0.0
2024-11-12 04:15:00+00:00,13.859999656677246,13.859999656677246,13.850000381469727,13.850000381469727,18039,0.0,0.0,0.0
2024-11-12 04:20:00+00:00,13.859999656677246,13.859999656677246,13.829999923706055,13.829999923706055,318578,0.0,0.0,0.0
2024-11-12 04:25:00+00:00,13.859999656677246,13.859999656677246,13.850000381469727,13.859999656677246,11797,0.0,0.0,0.0
2024-11-12 04:30:00+00:00,13.859999656677246,13.859999656677246,13.850000381469727,13.859999656677246,56473,0.0,0.0,0.0
2024-11-12 04:35:00+00:00,13.859999656677246,13.859999656677246,13.850000381469727,13.850000381469727,30242,0.0,0.0,0.0
2024-11-12 04:40:00+00:00,13.859999656677246,13.859999656677246,13.850000381469727,13.850000381469727,59622,0.0,0.0,0.0
2024-11-12 04:45:00+00:00,13.850000381469727,13.859999656677246,13.850000381469727,13.850000381469727,77864,0.0,0.0,0.0
2024-11-12 04:50:00+00:00,13.850000381469727,13.850000381469727,13.84000015258789,13.850000381469727,38290,0.0,0.0,0.0
2024-11-12 04:55:00+00:00,13.84000015258789,13.84000015258789,13.829999923706055,13.84000015258789,146015,0.0,0.0,0.0
2024-11-12 05:00:00+00:00,13.829999923706055,13.84000015258789,13.829999923706055,13.84000015258789,110362,0.0,0.0,0.0
2024-11-12 05:05:00+00:00,13.84000015258789,13.84000015258789,13.8100004196167,13.829999923706055,662427,0.0,0.0,0.0
2024-11-12 05:10:00+00:00,13.819999694824219,13.829999923706055,13.8100004196167,13.829999923706055,102233,0.0,0.0,0.0
2024-11-13 01:00:00+00:00,13.770000457763672,13.779999732971191,13.729999542236328,13.760000228881836,0,0.0,0.0,0.0
2024-11-13 01:05:00+00:00,13.739999771118164,13.760000228881836,13.739999771118164,13.75,604768,0.0,0.0,0.0
2024-11-13 01:10:00+00:00,13.75,13.760000228881836,13.739999771118164,13.75,174881,0.0,0.0,0.0
2024-11-13 01:15:00+00:00,13.75,13.789999961853027,13.739999771118164,13.789999961853027,109599,0.0,0.0,0.0
2024-11-13 01:20:00+00:00,13.789999961853027,13.789999961853027,13.779999732971191,13.779999732971191,119201,0.0,0.0,0.0
2024-11-13 01:25:00+00:00,13.779999732971191,13.779999732971191,13.760000228881836,13.770000457763672,78202,0.0,0.0,0.0
2024-11-13 01:30:00+00:00,13.770000457763672,13.770000457763672,13.75,13.760000228881836,86217,0.0,0.0,0.0
2024-11-13 01:35:00+00:00,13.760000228881836,13.770000457763672,13.760000228881836,13.760000228881836,116814,0.0,0.0,0.0
2024-11-13 01:40:00+00:00,13.760000228881836,13.770000457763672,13.760000228881836,13.770000457763672,121308,0.0,0.0,0.0
2024-11-13 01:45:00+00:00,13.770000457763672,13.770000457763672,13.760000228881836,13.760000228881836,28003,0.0,0.0,0.0
2024-11-13 01:50:00+00:00,13.770000457763672,13.770000457763672,13.770000457763672,13.770000457763672,63517,0.0,0.0,0.0
2024-11-13 01:55:00+00:00,13.770000457763672,13.779999732971191,13.75,13.75,155699,0.0,0.0,0.0
2024-11-13 02:00:00+00:00,13.760000228881836,13.770000457763672,13.75,13.770000457763672,88838,0.0,0.0,0.0
2024-11-13 02:05:00+00:00,13.770000457763672,13.779999732971191,13.770000457763672,13.770000457763672,48355,0.0,0.0,0.0
2024-11-13 02:10:00+00:00,13.779999732971191,13.779999732971191,13.770000457763672,13.770000457763672,156606,0.0,0.0,0.0
2024-11-13 02:15:00+00:00,13.770000457763672,13.779999732971191,13.770000457763672,13.779999732971191,234868,0.0,0.0,0.0
2024-11-13 02:20:00+00:00,13.779999732971191,13.779999732971191,13.770000457763672,13.770000457763672,92405,0.0,0.0,0.0
2024-11-13 02:25:00+00:00,13.760000228881836,13.760000228881836,13.760000228881836,13.760000228881836,144947,0.0,0.0,0.0
2024-11-13 02:30:00+00:00,13.760000228881836,13.760000228881836,13.729999542236328,13.729999542236328,731341,0.0,0.0,0.0
2024-11-13 02:35:00+00:00,13.729999542236328,13.729999542236328,13.720000267028809,13.720000267028809,145314,0.0,0.0,0.0
2024-11-13 02:40:00+00:00,13.720000267028809,13.729999542236328,13.710000038146973,13.710000038146973,115709,0.0,0.0,0.0
2024-11-13 02:45:00+00:00,13.729999542236328,13.729999542236328,13.720000267028809,13.729999542236328,138657,0.0,0.0,0.0
2024-11-13 02:50:00+00:00,13.729999542236328,13.739999771118164,13.720000267028809,13.739999771118164,113786,0.0,0.0,0.0
2024-11-13 02:55:00+00:00,13.729999542236328,13.739999771118164,13.729999542236328,13.739999771118164,54080,0.0,0.0,0.0
2024-11-13 03:00:00+00:00,13.739999771118164,13.75,13.739999771118164,13.75,192628,0.0,0.0,0.0
2024-11-13 03:05:00+00:00,13.770000457763672,13.779999732971191,13.760000228881836,13.760000228881836,41228,0.0,0.0,0.0
2024-11-13 03:10:00+00:00,13.760000228881836,13.760000228881836,13.760000228881836,13.760000228881836,2130,0.0,0.0,0.0
2024-11-13 03:15:00+00:00,13.770000457763672,13.770000457763672,13.75,13.75,55659,0.0,0.0,0.0
2024-11-13 03:20:00+00:00,13.75,13.75,13.75,13.75,17620,0.0,0.0,0.0
2024-11-13 03:25:00+00:00,13.75,13.760000228881836,13.75,13.760000228881836,11134,0.0,0.0,0.0
2024-11-13 03:30:00+00:00,13.760000228881836,13.760000228881836,13.75,13.75,48471,0.0,0.0,0.0
2024-11-13 03:35:00+00:00,13.760000228881836,13.760000228881836,13.75,13.75,30424,0.0,0.0,0.0
2024-11-13 03:40:00+00:00,13.739999771118164,13.75,13.739999771118164,13.75,28427,0.0,0.0,0.0
2024-11-13 03:45:00+00:00,13.75,13.75,13.75,13.75,21286,0.0,0.0,0.0
2024-11-13 03:50:00+00:00,13.75,13.75,13.739999771118164,13.75,98431,0.0,0.0,0.0
2024-11-13 03:55:00+00:00,13.75,13.75,13.75,13.75,7434,0.0,0.0,0.0
2024-11-13 04:00:00+00:00,13.75,13.75,13.739999771118164,13.739999771118164,26651,0.0,0.0,0.0
2024-11-13 04:05:00+00:00,13.75,13.75,13.729999542236328,13.739999771118164,121318,0.0,0.0,0.0
2024-11-13 04:10:00+00:00,13.739999771118164,13.739999771118164,13.729999542236328,13.729999542236328,66174,0.0,0.0,0.0
2024-11-13 04:15:00+00:00,13.729999542236328,13.739999771118164,13.720000267028809,13.729999542236328,166823,0.0,0.0,0.0
2024-11-13 04:20:00+00:00,13.75,13.760000228881836,13.75,13.760000228881836,11769,0.0,0.0,0.0
2024-11-13 04:25:00+00:00,13.760000228881836,13.779999732971191,13.760000228881836,13.779999732971191,242260,0.0,0.0,0.0
2024-11-13 04:30:00+00:00,13.789999961853027,13.800000190734863,13.779999732971191,13.800000190734863,116754,0.0,0.0,0.0
2024-11-13 04:35:00+00:00,13.800000190734863,13.800000190734863,13.789999961853027,13.800000190734863,28758,0.0,0.0,0.0
2024-11-13 04:40:00+00:00,13.800000190734863,13.800000190734863,13.779999732971191,13.779999732971191,130110,0.0,0.0,0.0
2024-11-13 04:45:00+00:00,13.779999732971191,13.789999961853027,13.779999732971191,13.779999732971191,29128,0.0,0.0,0.0
2024-11-13 04:50:00+00:00,13.779999732971191,13.779999732971191,13.760000228881836,13.760000228881836,91165,0.0,0.0,0.0
2024-11-13 04:55:00+00:00,13.760000228881836,13.760000228881836,13.760000228881836,13.760000228881836,40125,0.0,0.0,0.0
2024-11-13 05:00:00+00:00,13.760000228881836,13.760000228881836,13.75,13.760000228881836,53535,0.0,0.0,0.0
2024-11-13 05:05:00+00:00,13.760000228881836,13.760000228881836,13.75,13.75,17409,0.0,0.0,0.0
2024-11-13 05:10:00+00:00,13.75,13.75,13.75,13.75,74679,0.0,0.0,0.0
2024-11-14 01:00:00+00:00,13.729999542236328,13.739999771118164,13.699999809265137,13.699999809265137,0,0.0,0.0,0.0
2024-11-14 01:05:00+00:00,13.699999809265137,13.710000038146973,13.6899995803833,13.699999809265137,128000,0.0,0.0,0.0
2024-11-14 01:10:00+00:00,13.699999809265137,13.699999809265137,13.670000076293945,13.699999809265137,651744,0.0,0.0,0.0
2024-11-14 01:15:00+00:00,13.699999809265137,13.699999809265137,13.680000305175781,13.6899995803833,127776,0.0,0.0,0.0
2024-11-14 01:20:00+00:00,13.680000305175781,13.680000305175781,13.65999984741211,13.65999984741211,257117,0.0,0.0,0.0
2024-11-14 01:25:00+00:00,13.65999984741211,13.65999984741211,13.630000114440918,13.640000343322754,577579,0.0,0.0,0.0
2024-11-14 01:30:00+00:00,13.649999618530273,13.649999618530273,13.630000114440918,13.630000114440918,67193,0.0,0.0,0.0
2024-11-14 01:35:00+00:00,13.640000343322754,13.649999618530273,13.630000114440918,13.649999618530273,86000,0.0,0.0,0.0
2024-11-14 01:40:00+00:00,13.640000343322754,13.65999984741211,13.630000114440918,13.65999984741211,326486,0.0,0.0,0.0
2024-11-14 01:45:00+00:00,13.65999984741211,13.680000305175781,13.649999618530273,13.680000305175781,198066,0.0,0.0,0.0
2024-11-14 01:50:00+00:00,13.699999809265137,13.699999809265137,13.6899995803833,13.6899995803833,37212,0.0,0.0,0.0
2024-11-14 01:55:00+00:00,13.6899995803833,13.6899995803833,13.65999984741211,13.670000076293945,200582,0.0,0.0,0.0
2024-11-14 02:00:00+00:00,13.670000076293945,13.670000076293945,13.640000343322754,13.649999618530273,165424,0.0,0.0,0.0
2024-11-14 02:05:00+00:00,13.649999618530273,13.649999618530273,13.619999885559082,13.630000114440918,277259,0.0,0.0,0.0
2024-11-14 02:10:00+00:00,13.630000114440918,13.630000114440918,13.619999885559082,13.619999885559082,202180,0.0,0.0,0.0
2024-11-14 02:15:00+00:00,13.619999885559082,13.630000114440918,13.59000015258789,13.59000015258789,886916,0.0,0.0,0.0
2024-11-14 02:20:00+00:00,13.59000015258789,13.600000381469727,13.579999923706055,13.579999923706055,279921,0.0,0.0,0.0
2024-11-14 02:25:00+00:00,13.579999923706055,13.59000015258789,13.569999694824219,13.579999923706055,161391,0.0,0.0,0.0
2024-11-14 02:30:00+00:00,13.579999923706055,13.600000381469727,13.579999923706055,13.600000381469727,226510,0.0,0.0,0.0
2024-11-14 02:35:00+00:00,13.600000381469727,13.609999656677246,13.59000015258789,13.600000381469727,157044,0.0,0.0,0.0
2024-11-14 02:40:00+00:00,13.600000381469727,13.600000381469727,13.59000015258789,13.59000015258789,82230,0.0,0.0,0.0
2024-11-14 02:45:00+00:00,13.600000381469727,13.600000381469727,13.569999694824219,13.579999923706055,213996,0.0,0.0,0.0
2024-11-14 02:50:00+00:00,13.579999923706055,13.59000015258789,13.579999923706055,13.59000015258789,116562,0.0,0.0,0.0
2024-11-14 02:55:00+00:00,13.59000015258789,13.59000015258789,13.579999923706055,13.59000015258789,49833,0.0,0.0,0.0
2024-11-14 03:00:00+00:00,13.59000015258789,13.59000015258789,13.579999923706055,13.579999923706055,62368,0.0,0.0,0.0
2024-11-14 03:05:00+00:00,13.59000015258789,13.600000381469727,13.579999923706055,13.600000381469727,147544,0.0,0.0,0.0
2024-11-14 03:10:00+00:00,13.600000381469727,13.619999885559082,13.600000381469727,13.619999885559082,188006,0.0,0.0,0.0
2024-11-14 03:15:00+00:00,13.609999656677246,13.619999885559082,13.600000381469727,13.600000381469727,66641,0.0,0.0,0.0
2024-11-14 03:20:00+00:00,13.609999656677246,13.609999656677246,13.600000381469727,13.600000381469727,150487,0.0,0.0,0.0
2024-11-14 03:25:00+00:00,13.600000381469727,13.609999656677246,13.59000015258789,13.600000381469727,71770,0.0,0.0,0.0
2024-11-14 03:30:00+00:00,13.59000015258789,13.600000381469727,13.579999923706055,13.59000015258789,37291,0.0,0.0,0.0
2024-11-14 03:35:00+00:00,13.59000015258789,13.59000015258789,13.579999923706055,13.59000015258789,248390,0.0,0.0,0.0
2024-11-14 03:40:00+00:00,13.579999923706055,13.59000015258789,13.579999923706055,13.59000015258789,295910,0.0,0.0,0.0
2024-11-14 03:45:00+00:00,13.579999923706055,13.600000381469727,13.579999923706055,13.600000381469727,43152,0.0,0.0,0.0
2024-11-14 03:50:00+00:00,13.600000381469727,13.600000381469727,13.579999923706055,13.59000015258789,34565,0.0,0.0,0.0
2024-11-14 03:55:00+00:00,13.59000015258789,13.59000015258789,13.579999923706055,13.579999923706055,29523,0.0,0.0,0.0
2024-11-14 04:00:00+00:00,13.59000015258789,13.59000015258789,13.569999694824219,13.569999694824219,119090,0.0,0.0,0.0
2024-11-14 04:05:00+00:00,13.579999923706055,13.579999923706055,13.579999923706055,13.579999923706055,12885,0.0,0.0,0.0
2024-11-14 04:10:00+00:00,13.59000015258789,13.609999656677246,13.579999923706055,13.609999656677246,65387,0.0,0.0,0.0
2024-11-14 04:15:00+00:00,13.609999656677246,13.649999618530273,13.609999656677246,13.640000343322754,139079,0.0,0.0,0.0
2024-11-14 04:20:00+00:00,13.640000343322754,13.649999618530273,13.640000343322754,13.640000343322754,14554,0.0,0.0,0.0
2024-11-14 04:25:00+00:00,13.640000343322754,13.649999618530273,13.640000343322754,13.649999618530273,16974,0.0,0.0,0.0
2024-11-14 04:30:00+00:00,13.649999618530273,13.649999618530273,13.640000343322754,13.640000343322754,48043,0.0,0.0,0.0
2024-11-14 04:35:00+00:00,13.649999618530273,13.649999618530273,13.630000114440918,13.640000343322754,75500,0.0,0.0,0.0
2024-11-14 04:40:00+00:00,13.640000343322754,13.640000343322754,13.619999885559082,13.630000114440918,95089,0.0,0.0,0.0
2024-11-14 04:45:00+00:00,13.630000114440918,13.630000114440918,13.619999885559082,13.619999885559082,28259,0.0,0.0,0.0
2024-11-14 04:50:00+00:00,13.630000114440918,13.630000114440918,13.609999656677246,13.609999656677246,293045,0.0,0.0,0.0
2024-11-14 04:55:00+00:00,13.619999885559082,13.630000114440918,13.609999656677246,13.630000114440918,176510,0.0,0.0,0.0
2024-11-14 05:00:00+00:00,13.630000114440918,13.649999618530273,13.630000114440918,13.640000343322754,117636,0.0,0.0,0.0
2024-11-14 05:05:00+00:00,13.630000114440918,13.630000114440918,13.619999885559082,13.630000114440918,113187,0.0,0.0,0.0
2024-11-14 05:10:00+00:00,13.619999885559082,13.630000114440918,13.609999656677246,13.609999656677246,121626,0.0,0.0,0.0
2024-11-14 05:15:00+00:00,13.619999885559082,13.619999885559082,13.600000381469727,13.600000381469727,28698,0.0,0.0,0.0
2024-11-14 05:20:00+00:00,13.609999656677246,13.619999885559082,13.600000381469727,13.619999885559082,244960,0.0,0.0,0.0
2024-11-15 01:00:00+00:00,13.680000305175781,13.6899995803833,13.65999984741211,13.6899995803833,0,0.0,0.0,0.0
2024-11-15 01:05:00+00:00,13.670000076293945,13.6899995803833,13.649999618530273,13.65999984741211,84000,0.0,0.0,0.0
2024-11-15 01:10:00+00:00,13.65999984741211,13.680000305175781,13.640000343322754,13.680000305175781,361473,0.0,0.0,0.0
2024-11-15 01:15:00+00:00,13.670000076293945,13.699999809265137,13.670000076293945,13.699999809265137,189729,0.0,0.0,0.0
2024-11-15 01:20:00+00:00,13.699999809265137,13.699999809265137,13.670000076293945,13.670000076293945,53901,0.0,0.0,0.0
2024-11-15 01:25:00+00:00,13.670000076293945,13.670000076293945,13.65999984741211,13.65999984741211,99025,0.0,0.0,0.0
2024-11-15 01:30:00+00:00,13.65999984741211,13.65999984741211,13.649999618530273,13.649999618530273,63542,0.0,0.0,0.0
2024-11-15 01:35:00+00:00,13.65999984741211,13.65999984741211,13.640000343322754,13.649999618530273,414228,0.0,0.0,0.0
2024-11-15 01:40:00+00:00,13.65999984741211,13.670000076293945,13.640000343322754,13.670000076293945,155526,0.0,0.0,0.0
2024-11-15 01:45:00+00:00,13.65999984741211,13.65999984741211,13.640000343322754,13.640000343322754,38813,0.0,0.0,0.0
2024-11-15 01:50:00+00:00,13.65999984741211,13.65999984741211,13.640000343322754,13.640000343322754,255699,0.0,0.0,0.0
2024-11-15 01:55:00+00:00,13.640000343322754,13.640000343322754,13.630000114440918,13.630000114440918,178359,0.0,0.0,0.0
2024-11-15 02:00:00+00:00,13.630000114440918,13.640000343322754,13.630000114440918,13.630000114440918,188767,0.0,0.0,0.0
2024-11-15 02:05:00+00:00,13.630000114440918,13.630000114440918,13.619999885559082,13.630000114440918,107624,0.0,0.0,0.0
2024-11-15 02:10:00+00:00,13.630000114440918,13.630000114440918,13.619999885559082,13.630000114440918,48049,0.0,0.0,0.0
2024-11-15 02:15:00+00:00,13.630000114440918,13.630000114440918,13.619999885559082,13.630000114440918,86102,0.0,0.0,0.0
2024-11-15 02:20:00+00:00,13.630000114440918,13.630000114440918,13.619999885559082,13.630000114440918,29014,0.0,0.0,0.0
2024-11-15 02:25:00+00:00,13.630000114440918,13.630000114440918,13.619999885559082,13.630000114440918,14782,0.0,0.0,0.0
2024-11-15 02:30:00+00:00,13.630000114440918,13.630000114440918,13.609999656677246,13.630000114440918,52153,0.0,0.0,0.0
2024-11-15 02:35:00+00:00,13.609999656677246,13.619999885559082,13.609999656677246,13.609999656677246,78270,0.0,0.0,0.0
2024-11-15 02:40:00+00:00,13.619999885559082,13.619999885559082,13.59000015258789,13.59000015258789,431336,0.0,0.0,0.0
2024-11-15 02:45:00+00:00,13.59000015258789,13.600000381469727,13.579999923706055,13.59000015258789,94512,0.0,0.0,0.0
2024-11-15 02:50:00+00:00,13.600000381469727,13.609999656677246,13.59000015258789,13.600000381469727,19708,0.0,0.0,0.0
2024-11-15 02:55:00+00:00,13.609999656677246,13.609999656677246,13.579999923706055,13.600000381469727,77200,0.0,0.0,0.0
2024-11-15 03:00:00+00:00,13.600000381469727,13.609999656677246,13.600000381469727,13.609999656677246,16972,0.0,0.0,0.0
2024-11-15 03:05:00+00:00,13.600000381469727,13.630000114440918,13.600000381469727,13.630000114440918,68167,0.0,0.0,0.0
2024-11-15 03:10:00+00:00,13.630000114440918,13.640000343322754,13.619999885559082,13.640000343322754,45715,0.0,0.0,0.0
2024-11-15 03:15:00+00:00,13.640000343322754,13.640000343322754,13.630000114440918,13.630000114440918,19204,0.0,0.0,0.0
2024-11-15 03:20:00+00:00,13.640000343322754,13.649999618530273,13.640000343322754,13.640000343322754,54325,0.0,0.0,0.0
2024-11-15 03:25:00+00:00,13.640000343322754,13.649999618530273,13.640000343322754,13.649999618530273,10467,0.0,0.0,0.0
2024-11-15 03:30:00+00:00,13.649999618530273,13.649999618530273,13.649999618530273,13.649999618530273,21060,0.0,0.0,0.0
2024-11-15 03:35:00+00:00,13.640000343322754,13.649999618530273,13.640000343322754,13.649999618530273,10029,0.0,0.0,0.0
2024-11-15 03:40:00+00:00,13.649999618530273,13.649999618530273,13.640000343322754,13.649999618530273,9174,0.0,0.0,0.0
2024-11-15 03:45:00+00:00,13.649999618530273,13.649999618530273,13.640000343322754,13.649999618530273,13020,0.0,0.0,0.0
2024-11-15 03:50:00+00:00,13.649999618530273,13.65999984741211,13.640000343322754,13.640000343322754,58870,0.0,0.0,0.0
2024-11-15 03:55:00+00:00,13.640000343322754,13.649999618530273,13.640000343322754,13.649999618530273,12028,0.0,0.0,0.0
2024-11-15 04:00:00+00:00,13.640000343322754,13.649999618530273,13.640000343322754,13.649999618530273,58100,0.0,0.0,0.0
2024-11-15 04:05:00+00:00,13.649999618530273,13.649999618530273,13.640000343322754,13.649999618530273,17079,0.0,0.0,0.0
2024-11-15 04:10:00+00:00,13.640000343322754,13.649999618530273,13.640000343322754,13.649999618530273,18134,0.0,0.0,0.0
2024-11-15 04:15:00+00:00,13.649999618530273,13.649999618530273,13.649999618530273,13.649999618530273,19195,0.0,0.0,0.0
2024-11-15 04:20:00+00:00,13.649999618530273,13.649999618530273,13.640000343322754,13.649999618530273,18359,0.0,0.0,0.0
2024-11-15 04:25:00+00:00,13.649999618530273,13.649999618530273,13.640000343322754,13.640000343322754,57480,0.0,0.0,0.0
2024-11-15 04:30:00+00:00,13.649999618530273,13.649999618530273,13.640000343322754,13.640000343322754,18615,0.0,0.0,0.0
2024-11-15 04:35:00+00:00,13.640000343322754,13.649999618530273,13.640000343322754,13.640000343322754,9000,0.0,0.0,0.0
2024-11-15 04:40:00+00:00,13.649999618530273,13.649999618530273,13.640000343322754,13.640000343322754,164576,0.0,0.0,0.0
2024-11-15 04:45:00+00:00,13.640000343322754,13.640000343322754,13.640000343322754,13.640000343322754,3490,0.0,0.0,0.0
2024-11-15 04:50:00+00:00,13.640000343322754,13.649999618530273,13.630000114440918,13.649999618530273,37110,0.0,0.0,0.0
2024-11-15 04:55:00+00:00,13.649999618530273,13.649999618530273,13.640000343322754,13.640000343322754,10125,0.0,0.0,0.0
2024-11-15 05:00:00+00:00,13.640000343322754,13.670000076293945,13.640000343322754,13.670000076293945,326624,0.0,0.0,0.0
2024-11-15 05:05:00+00:00,13.680000305175781,13.680000305175781,13.65999984741211,13.670000076293945,20156,0.0,0.0,0.0
2024-11-15 05:10:00+00:00,13.670000076293945,13.670000076293945,13.670000076293945,13.670000076293945,13817,0.0,0.0,0.0
2024-11-15 05:15:00+00:00,13.670000076293945,13.680000305175781,13.65999984741211,13.670000076293945,49530,0.0,0.0,0.0
2024-11-15 05:20:00+00:00,13.670000076293945,13.670000076293945,13.65999984741211,13.65999984741211,30717,0.0,0.0,0.0
2024-11-18 01:00:00+00:00,13.579999923706055,13.630000114440918,13.579999923706055,13.579999923706055,0,0.0,0.0,0.0
2024-11-18 01:05:00+00:00,13.600000381469727,13.600000381469727,13.569999694824219,13.569999694824219,204158,0.0,0.0,0.0
2024-11-18 01:10:00+00:00,13.5600004196167,13.5600004196167,13.529999732971191,13.539999961853027,362936,0.0,0.0,0.0
2024-11-18 01:15:00+00:00,13.529999732971191,13.5600004196167,13.529999732971191,13.550000190734863,237436,0.0,0.0,0.0
2024-11-18 01:20:00+00:00,13.5600004196167,13.5600004196167,13.550000190734863,13.550000190734863,102035,0.0,0.0,0.0
2024-11-18 01:25:00+00:00,13.550000190734863,13.5600004196167,13.539999961853027,13.5600004196167,126660,0.0,0.0,0.0
2024-11-18 01:30:00+00:00,13.5600004196167,13.5600004196167,13.550000190734863,13.550000190734863,166202,0.0,0.0,0.0
2024-11-18 01:35:00+00:00,13.550000190734863,13.5600004196167,13.550000190734863,13.550000190734863,109975,0.0,0.0,0.0
2024-11-18 01:40:00+00:00,13.550000190734863,13.550000190734863,13.520000457763672,13.520000457763672,478003,0.0,0.0,0.0
2024-11-18 01:45:00+00:00,13.520000457763672,13.529999732971191,13.510000228881836,13.510000228881836,193896,0.0,0.0,0.0
2024-11-18 01:50:00+00:00,13.520000457763672,13.520000457763672,13.5,13.510000228881836,56183,0.0,0.0,0.0
2024-11-18 01:55:00+00:00,13.510000228881836,13.510000228881836,13.5,13.5,527908,0.0,0.0,0.0
2024-11-18 02:00:00+00:00,13.5,13.510000228881836,13.489999771118164,13.5,153957,0.0,0.0,0.0
2024-11-18 02:05:00+00:00,13.5,13.510000228881836,13.489999771118164,13.489999771118164,322498,0.0,0.0,0.0
2024-11-18 02:10:00+00:00,13.489999771118164,13.5,13.489999771118164,13.489999771118164,61972,0.0,0.0,0.0
2024-11-18 02:15:00+00:00,13.5,13.520000457763672,13.489999771118164,13.520000457763672,129525,0.0,0.0,0.0
2024-11-18 02:20:00+00:00,13.520000457763672,13.520000457763672,13.5,13.510000228881836,349759,0.0,0.0,0.0
2024-11-18 02:25:00+00:00,13.510000228881836,13.510000228881836,13.5,13.510000228881836,43434,0.0,0.0,0.0
2024-11-18 02:30:00+00:00,13.510000228881836,13.510000228881836,13.5,13.5,158457,0.0,0.0,0.0
2024-11-18 02:35:00+00:00,13.5,13.5,13.5,13.5,32989,0.0,0.0,0.0
2024-11-18 02:40:00+00:00,13.510000228881836,13.510000228881836,13.5,13.510000228881836,40982,0.0,0.0,0.0
2024-11-18 02:45:00+00:00,13.510000228881836,13.510000228881836,13.5,13.5,56810,0.0,0.0,0.0
2024-11-18 02:50:00+00:00,13.5,13.510000228881836,13.5,13.510000228881836,53756,0.0,0.0,0.0
2024-11-18 02:55:00+00:00,13.510000228881836,13.510000228881836,13.510000228881836,13.510000228881836,43909,0.0,0.0,0.0
2024-11-18 03:00:00+00:00,13.510000228881836,13.539999961853027,13.510000228881836,13.539999961853027,183754,0.0,0.0,0.0
2024-11-18 03:05:00+00:00,13.539999961853027,13.539999961853027,13.529999732971191,13.539999961853027,25707,0.0,0.0,0.0
2024-11-18 03:10:00+00:00,13.539999961853027,13.539999961853027,13.529999732971191,13.539999961853027,15553,0.0,0.0,0.0
2024-11-18 03:15:00+00:00,13.539999961853027,13.539999961853027,13.520000457763672,13.529999732971191,79905,0.0,0.0,0.0
2024-11-18 03:20:00+00:00,13.529999732971191,13.529999732971191,13.520000457763672,13.520000457763672,67449,0.0,0.0,0.0
2024-11-18 03:25:00+00:00,13.520000457763672,13.520000457763672,13.510000228881836,13.510000228881836,16544,0.0,0.0,0.0
2024-11-18 03:30:00+00:00,13.520000457763672,13.520000457763672,13.510000228881836,13.510000228881836,22708,0.0,0.0,0.0
2024-11-18 03:35:00+00:00,13.520000457763672,13.529999732971191,13.510000228881836,13.510000228881836,79961,0.0,0.0,0.0
2024-11-18 03:40:00+00:00,13.529999732971191,13.529999732971191,13.5,13.529999732971191,52138,0.0,0.0,0.0
2024-11-18 03:45:00+00:00,13.529999732971191,13.529999732971191,13.529999732971191,13.529999732971191,20754,0.0,0.0,0.0
2024-11-18 03:50:00+00:00,13.520000457763672,13.529999732971191,13.520000457763672,13.520000457763672,6074,0.0,0.0,0.0
2024-11-18 03:55:00+00:00,13.529999732971191,13.529999732971191,13.520000457763672,13.529999732971191,21687,0.0,0.0,0.0
2024-11-18 04:00:00+00:00,13.529999732971191,13.529999732971191,13.520000457763672,13.529999732971191,34606,0.0,0.0,0.0
2024-11-18 04:05:00+00:00,13.529999732971191,13.529999732971191,13.510000228881836,13.529999732971191,11265,0.0,0.0,0.0
2024-11-18 04:10:00+00:00,13.529999732971191,13.529999732971191,13.510000228881836,13.510000228881836,80605,0.0,0.0,0.0
2024-11-18 04:15:00+00:00,13.510000228881836,13.510000228881836,13.5,13.510000228881836,17138,0.0,0.0,0.0
2024-11-18 04:20:00+00:00,13.510000228881836,13.510000228881836,13.5,13.510000228881836,39105,0.0,0.0,0.0
2024-11-18 04:25:00+00:00,13.510000228881836,13.510000228881836,13.510000228881836,13.510000228881836,30734,0.0,0.0,0.0
2024-11-18 04:30:00+00:00,13.520000457763672,13.520000457763672,13.510000228881836,13.510000228881836,16221,0.0,0.0,0.0
2024-11-18 04:35:00+00:00,13.520000457763672,13.520000457763672,13.520000457763672,13.520000457763672,26160,0.0,0.0,0.0
2024-11-18 04:40:00+00:00,13.520000457763672,13.520000457763672,13.5,13.5,613172,0.0,0.0,0.0
2024-11-18 04:45:00+00:00,13.520000457763672,13.520000457763672,13.5,13.5,21339,0.0,0.0,0.0
2024-11-18 04:50:00+00:00,13.5,13.510000228881836,13.5,13.510000228881836,69220,0.0,0.0,0.0
2024-11-18 04:55:00+00:00,13.5,13.510000228881836,13.5,13.510000228881836,37477,0.0,0.0,0.0
2024-11-18 05:00:00+00:00,13.510000228881836,13.510000228881836,13.5,13.5,149523,0.0,0.0,0.0
2024-11-18 05:05:00+00:00,13.489999771118164,13.5,13.489999771118164,13.489999771118164,385845,0.0,0.0,0.0
2024-11-18 05:10:00+00:00,13.5,13.5,13.489999771118164,13.489999771118164,81774,0.0,0.0,0.0
2024-11-18 05:15:00+00:00,13.489999771118164,13.489999771118164,13.479999542236328,13.489999771118164,90834,0.0,0.0,0.0
2024-11-18 05:20:00+00:00,13.489999771118164,13.5,13.489999771118164,13.5,108453,0.0,0.0,0.0
2024-11-19 01:00:00+00:00,13.520000457763672,13.569999694824219,13.520000457763672,13.539999961853027,0,0.0,0.0,0.0
2024-11-19 01:05:00+00:00,13.539999961853027,13.550000190734863,13.539999961853027,13.539999961853027,10165,0.0,0.0,0.0
2024-11-19 01:10:00+00:00,13.539999961853027,13.539999961853027,13.5,13.510000228881836,151160,0.0,0.0,0.0
2024-11-19 01:15:00+00:00,13.510000228881836,13.529999732971191,13.510000228881836,13.520000457763672,98933,0.0,0.0,0.0
2024-11-19 01:20:00+00:00,13.520000457763672,13.529999732971191,13.520000457763672,13.529999732971191,8135,0.0,0.0,0.0
2024-11-19 01:25:00+00:00,13.529999732971191,13.529999732971191,13.529999732971191,13.529999732971191,9235,0.0,0.0,0.0
2024-11-19 01:30:00+00:00,13.529999732971191,13.529999732971191,13.5,13.5,131416,0.0,0.0,0.0
2024-11-19 01:35:00+00:00,13.520000457763672,13.529999732971191,13.520000457763672,13.529999732971191,9118,0.0,0.0,0.0
2024-11-19 01:40:00+00:00,13.529999732971191,13.529999732971191,13.520000457763672,13.520000457763672,56159,0.0,0.0,0.0
2024-11-19 01:45:00+00:00,13.529999732971191,13.529999732971191,13.529999732971191,13.529999732971191,244402,0.0,0.0,0.0
2024-11-19 01:50:00+00:00,13.539999961853027,13.550000190734863,13.539999961853027,13.550000190734863,528453,0.0,0.0,0.0
2024-11-19 01:55:00+00:00,13.550000190734863,13.579999923706055,13.550000190734863,13.569999694824219,85622,0.0,0.0,0.0
2024-11-19 02:00:00+00:00,13.579999923706055,13.579999923706055,13.5600004196167,13.569999694824219,48253,0.0,0.0,0.0
2024-11-19 02:05:00+00:00,13.579999923706055,13.579999923706055,13.569999694824219,13.569999694824219,102420,0.0,0.0,0.0
2024-11-19 02:10:00+00:00,13.569999694824219,13.569999694824219,13.5600004196167,13.5600004196167,46402,0.0,0.0,0.0
2024-11-19 02:15:00+00:00,13.5600004196167,13.5600004196167,13.550000190734863,13.550000190734863,16264,0.0,0.0,0.0
2024-11-19 02:20:00+00:00,13.5600004196167,13.5600004196167,13.550000190734863,13.550000190734863,11966,0.0,0.0,0.0
2024-11-19 02:25:00+00:00,13.5600004196167,13.5600004196167,13.5600004196167,13.5600004196167,11011,0.0,0.0,0.0
2024-11-19 02:30:00+00:00,13.569999694824219,13.569999694824219,13.550000190734863,13.5600004196167,72392,0.0,0.0,0.0
2024-11-19 02:35:00+00:00,13.550000190734863,13.569999694824219,13.550000190734863,13.569999694824219,128314,0.0,0.0,0.0
2024-11-19 02:40:00+00:00,13.5600004196167,13.569999694824219,13.5600004196167,13.569999694824219,8025,0.0,0.0,0.0
2024-11-19 02:45:00+00:00,13.569999694824219,13.569999694824219,13.5600004196167,13.569999694824219,67441,0.0,0.0,0.0
2024-11-19 02:50:00+00:00,13.579999923706055,13.579999923706055,13.579999923706055,13.579999923706055,161035,0.0,0.0,0.0
2024-11-19 02:55:00+00:00,13.59000015258789,13.600000381469727,13.59000015258789,13.600000381469727,36541,0.0,0.0,0.0
2024-11-19 03:00:00+00:00,13.600000381469727,13.600000381469727,13.59000015258789,13.600000381469727,28830,0.0,0.0,0.0
2024-11-19 03:05:00+00:00,13.600000381469727,13.609999656677246,13.600000381469727,13.609999656677246,14876,0.0,0.0,0.0
2024-11-19 03:10:00+00:00,13.609999656677246,13.630000114440918,13.609999656677246,13.619999885559082,16024,0.0,0.0,0.0
2024-11-19 03:15:00+00:00,13.630000114440918,13.630000114440918,13.619999885559082,13.630000114440918,10945,0.0,0.0,0.0
2024-11-19 03:20:00+00:00,13.630000114440918,13.630000114440918,13.630000114440918,13.630000114440918,22308,0.0,0.0,0.0
2024-11-19 03:25:00+00:00,13.640000343322754,13.640000343322754,13.630000114440918,13.640000343322754,27133,0.0,0.0,0.0
2024-11-19 03:30:00+00:00,13.630000114440918,13.670000076293945,13.630000114440918,13.670000076293945,71650,0.0,0.0,0.0
2024-11-19 03:35:00+00:00,13.670000076293945,13.670000076293945,13.649999618530273,13.649999618530273,146029,0.0,0.0,0.0
2024-11-19 03:40:00+00:00,13.670000076293945,13.670000076293945,13.670000076293945,13.670000076293945,2694,0.0,0.0,0.0
2024-11-19 03:45:00+00:00,13.65999984741211,13.65999984741211,13.65999984741211,13.65999984741211,15367,0.0,0.0,0.0
2024-11-19 03:50:00+00:00,13.670000076293945,13.670000076293945,13.65999984741211,13.670000076293945,19249,0.0,0.0,0.0
2024-11-19 03:55:00+00:00,13.65999984741211,13.670000076293945,13.65999984741211,13.65999984741211,8017,0.0,0.0,0.0
2024-11-19 04:00:00+00:00,13.65999984741211,13.65999984741211,13.65999984741211,13.65999984741211,15123,0.0,0.0,0.0
2024-11-19 04:05:00+00:00,13.65999984741211,13.65999984741211,13.649999618530273,13.649999618530273,42784,0.0,0.0,0.0
2024-11-19 04:10:00+00:00,13.65999984741211,13.65999984741211,13.649999618530273,13.649999618530273,58523,0.0,0.0,0.0
2024-11-19 04:15:00+00:00,13.65999984741211,13.65999984741211,13.649999618530273,13.65999984741211,28082,0.0,0.0,0.0
2024-11-19 04:20:00+00:00,13.65999984741211,13.65999984741211,13.649999618530273,13.65999984741211,31368,0.0,0.0,0.0
2024-11-19 04:25:00+00:00,13.670000076293945,13.670000076293945,13.670000076293945,13.670000076293945,23001,0.0,0.0,0.0
2024-11-19 04:30:00+00:00,13.670000076293945,13.680000305175781,13.670000076293945,13.670000076293945,20216,0.0,0.0,0.0
2024-11-19 04:35:00+00:00,13.680000305175781,13.680000305175781,13.65999984741211,13.670000076293945,41814,0.0,0.0,0.0
2024-11-19 04:40:00+00:00,13.670000076293945,13.670000076293945,13.65999984741211,13.670000076293945,20857,0.0,0.0,0.0
2024-11-19 04:45:00+00:00,13.670000076293945,13.670000076293945,13.65999984741211,13.65999984741211,21570,0.0,0.0,0.0
2024-11-19 04:50:00+00:00,13.65999984741211,13.670000076293945,13.65999984741211,13.65999984741211,82758,0.0,0.0,0.0
2024-11-19 04:55:00+00:00,13.649999618530273,13.65999984741211,13.649999618530273,13.649999618530273,6233,0.0,0.0,0.0
2024-11-19 05:00:00+00:00,13.649999618530273,13.65999984741211,13.649999618530273,13.649999618530273,18329,0.0,0.0,0.0
2024-11-19 05:05:00+00:00,13.649999618530273,13.65999984741211,13.649999618530273,13.649999618530273,73135,0.0,0.0,0.0
2024-11-19 05:10:00+00:00,13.649999618530273,13.649999618530273,13.640000343322754,13.649999618530273,8345,0.0,0.0,0.0
2024-11-19 05:15:00+00:00,13.649999618530273,13.649999618530273,13.649999618530273,13.649999618530273,81028,0.0,0.0,0.0
2024-11-19 05:20:00+00:00,13.640000343322754,13.649999618530273,13.640000343322754,13.649999618530273,55450,0.0,0.0,0.0
2024-11-20 01:00:00+00:00,13.699999809265137,13.729999542236328,13.699999809265137,13.699999809265137,0,0.0,0.0,0.0
2024-11-20 01:05:00+00:00,13.699999809265137,13.710000038146973,13.6899995803833,13.6899995803833,51000,0.0,0.0,0.0
2024-11-20 01:10:00+00:00,13.699999809265137,13.699999809265137,13.670000076293945,13.680000305175781,46441,0.0,0.0,0.0
2024-11-20 01:15:00+00:00,13.680000305175781,13.6899995803833,13.680000305175781,13.680000305175781,120818,0.0,0.0,0.0
2024-11-20 01:20:00+00:00,13.680000305175781,13.680000305175781,13.680000305175781,13.680000305175781,51101,0.0,0.0,0.0
2024-11-20 01:25:00+00:00,13.670000076293945,13.670000076293945,13.670000076293945,13.670000076293945,122161,0.0,0.0,0.0
2024-11-20 01:30:00+00:00,13.680000305175781,13.6899995803833,13.680000305175781,13.680000305175781,30971,0.0,0.0,0.0
2024-11-20 01:35:00+00:00,13.680000305175781,13.6899995803833,13.680000305175781,13.6899995803833,148957,0.0,0.0,0.0
2024-11-20 01:40:00+00:00,13.699999809265137,13.710000038146973,13.699999809265137,13.699999809265137,59957,0.0,0.0,0.0
2024-11-20 01:45:00+00:00,13.710000038146973,13.710000038146973,13.680000305175781,13.680000305175781,60325,0.0,0.0,0.0
2024-11-20 01:50:00+00:00,13.680000305175781,13.680000305175781,13.65999984741211,13.65999984741211,109061,0.0,0.0,0.0
2024-11-20 01:55:00+00:00,13.649999618530273,13.670000076293945,13.649999618530273,13.65999984741211,22132,0.0,0.0,0.0
2024-11-20 02:00:00+00:00,13.670000076293945,13.670000076293945,13.649999618530273,13.65999984741211,16365,0.0,0.0,0.0
2024-11-20 02:05:00+00:00,13.65999984741211,13.65999984741211,13.649999618530273,13.649999618530273,104811,0.0,0.0,0.0
2024-11-20 02:10:00+00:00,13.649999618530273,13.649999618530273,13.640000343322754,13.649999618530273,46040,0.0,0.0,0.0
2024-11-20 02:15:00+00:00,13.649999618530273,13.649999618530273,13.649999618530273,13.649999618530273,6938,0.0,0.0,0.0
2024-11-20 02:20:00+00:00,13.649999618530273,13.65999984741211,13.649999618530273,13.65999984741211,28961,0.0,0.0,0.0
2024-11-20 02:25:00+00:00,13.649999618530273,13.65999984741211,13.649999618530273,13.65999984741211,18033,0.0,0.0,0.0
2024-11-20 02:30:00+00:00,13.65999984741211,13.65999984741211,13.649999618530273,13.65999984741211,10171,0.0,0.0,0.0
2024-11-20 02:35:00+00:00,13.65999984741211,13.65999984741211,13.649999618530273,13.649999618530273,36197,0.0,0.0,0.0
2024-11-20 02:40:00+00:00,13.65999984741211,13.670000076293945,13.65999984741211,13.670000076293945,48429,0.0,0.0,0.0
2024-11-20 02:45:00+00:00,13.680000305175781,13.699999809265137,13.680000305175781,13.680000305175781,20155,0.0,0.0,0.0
2024-11-20 02:50:00+00:00,13.6899995803833,13.699999809265137,13.680000305175781,13.699999809265137,5168,0.0,0.0,0.0
2024-11-20 02:55:00+00:00,13.699999809265137,13.699999809265137,13.6899995803833,13.6899995803833,60049,0.0,0.0,0.0
2024-11-20 03:00:00+00:00,13.6899995803833,13.6899995803833,13.670000076293945,13.670000076293945,53071,0.0,0.0,0.0
2024-11-20 03:05:00+00:00,13.680000305175781,13.6899995803833,13.680000305175781,13.680000305175781,12343,0.0,0.0,0.0
2024-11-20 03:15:00+00:00,13.680000305175781,13.680000305175781,13.65999984741211,13.65999984741211,68219,0.0,0.0,0.0
2024-11-20 03:20:00+00:00,13.65999984741211,13.65999984741211,13.649999618530273,13.649999618530273,95897,0.0,0.0,0.0
2024-11-20 03:25:00+00:00,13.649999618530273,13.649999618530273,13.640000343322754,13.640000343322754,15348,0.0,0.0,0.0
2024-11-20 03:30:00+00:00,13.640000343322754,13.640000343322754,13.640000343322754,13.640000343322754,96512,0.0,0.0,0.0
2024-11-20 03:35:00+00:00,13.640000343322754,13.640000343322754,13.640000343322754,13.640000343322754,16354,0.0,0.0,0.0
2024-11-20 03:40:00+00:00,13.640000343322754,13.640000343322754,13.640000343322754,13.640000343322754,5860,0.0,0.0,0.0
2024-11-20 03:45:00+00:00,13.640000343322754,13.640000343322754,13.630000114440918,13.640000343322754,39313,0.0,0.0,0.0
2024-11-20 03:50:00+00:00,13.640000343322754,13.649999618530273,13.640000343322754,13.640000343322754,37969,0.0,0.0,0.0
2024-11-20 03:55:00+00:00,13.640000343322754,13.640000343322754,13.640000343322754,13.640000343322754,28110,0.0,0.0,0.0
2024-11-20 04:00:00+00:00,13.640000343322754,13.640000343322754,13.640000343322754,13.640000343322754,7024,0.0,0.0,0.0
2024-11-20 04:05:00+00:00,13.640000343322754,13.649999618530273,13.640000343322754,13.649999618530273,22011,0.0,0.0,0.0
2024-11-20 04:10:00+00:00,13.649999618530273,13.649999618530273,13.630000114440918,13.630000114440918,135162,0.0,0.0,0.0
2024-11-20 04:15:00+00:00,13.619999885559082,13.619999885559082,13.619999885559082,13.619999885559082,86211,0.0,0.0,0.0
2024-11-20 04:20:00+00:00,13.619999885559082,13.619999885559082,13.609999656677246,13.609999656677246,51315,0.0,0.0,0.0
2024-11-20 04:25:00+00:00,13.609999656677246,13.619999885559082,13.609999656677246,13.619999885559082,30311,0.0,0.0,0.0
2024-11-20 04:30:00+00:00,13.619999885559082,13.619999885559082,13.609999656677246,13.609999656677246,80028,0.0,0.0,0.0
2024-11-20 04:35:00+00:00,13.609999656677246,13.609999656677246,13.59000015258789,13.600000381469727,274512,0.0,0.0,0.0
2024-11-20 04:40:00+00:00,13.59000015258789,13.59000015258789,13.579999923706055,13.579999923706055,113250,0.0,0.0,0.0
2024-11-20 04:45:00+00:00,13.579999923706055,13.59000015258789,13.569999694824219,13.569999694824219,162336,0.0,0.0,0.0
2024-11-20 04:50:00+00:00,13.569999694824219,13.579999923706055,13.569999694824219,13.579999923706055,190708,0.0,0.0,0.0
2024-11-20 04:55:00+00:00,13.59000015258789,13.59000015258789,13.579999923706055,13.579999923706055,131483,0.0,0.0,0.0
2024-11-20 05:00:00+00:00,13.579999923706055,13.59000015258789,13.569999694824219,13.569999694824219,355886,0.0,0.0,0.0
2024-11-20 05:05:00+00:00,13.569999694824219,13.579999923706055,13.5600004196167,13.5600004196167,145522,0.0,0.0,0.0
2024-11-20 05:10:00+00:00,13.5600004196167,13.569999694824219,13.550000190734863,13.5600004196167,293035,0.0,0.0,0.0
2024-11-20 05:15:00+00:00,13.5600004196167,13.59000015258789,13.550000190734863,13.569999694824219,647602,0.0,0.0,0.0
2024-11-20 05:20:00+00:00,13.569999694824219,13.579999923706055,13.5600004196167,13.579999923706055,126919,0.0,0.0,0.0
2024-11-21 01:00:00+00:00,13.550000190734863,13.5600004196167,13.489999771118164,13.489999771118164,0,0.0,0.0,0.0
2024-11-21 01:05:00+00:00,13.489999771118164,13.520000457763672,13.479999542236328,13.520000457763672,96996,0.0,0.0,0.0
2024-11-21 01:10:00+00:00,13.520000457763672,13.529999732971191,13.510000228881836,13.520000457763672,73639,0.0,0.0,0.0
2024-11-21 01:15:00+00:00,13.520000457763672,13.529999732971191,13.520000457763672,13.529999732971191,27898,0.0,0.0,0.0
2024-11-21 01:20:00+00:00,13.539999961853027,13.550000190734863,13.539999961853027,13.550000190734863,15563,0.0,0.0,0.0
2024-11-21 01:25:00+00:00,13.5600004196167,13.5600004196167,13.539999961853027,13.539999961853027,118544,0.0,0.0,0.0
2024-11-21 01:30:00+00:00,13.539999961853027,13.539999961853027,13.529999732971191,13.529999732971191,35101,0.0,0.0,0.0
2024-11-21 01:35:00+00:00,13.529999732971191,13.529999732971191,13.520000457763672,13.520000457763672,101815,0.0,0.0,0.0
2024-11-21 01:40:00+00:00,13.520000457763672,13.520000457763672,13.510000228881836,13.520000457763672,15947,0.0,0.0,0.0
2024-11-21 01:45:00+00:00,13.520000457763672,13.529999732971191,13.520000457763672,13.529999732971191,301805,0.0,0.0,0.0
2024-11-21 01:50:00+00:00,13.550000190734863,13.550000190734863,13.520000457763672,13.520000457763672,63064,0.0,0.0,0.0
2024-11-21 01:55:00+00:00,13.529999732971191,13.539999961853027,13.529999732971191,13.529999732971191,10000,0.0,0.0,0.0
2024-11-21 02:00:00+00:00,13.529999732971191,13.529999732971191,13.529999732971191,13.529999732971191,17466,0.0,0.0,0.0
2024-11-21 02:05:00+00:00,13.529999732971191,13.529999732971191,13.529999732971191,13.529999732971191,12307,0.0,0.0,0.0
2024-11-21 02:10:00+00:00,13.529999732971191,13.529999732971191,13.529999732971191,13.529999732971191,36110,0.0,0.0,0.0
2024-11-21 02:15:00+00:00,13.529999732971191,13.529999732971191,13.510000228881836,13.520000457763672,80846,0.0,0.0,0.0
2024-11-21 02:20:00+00:00,13.520000457763672,13.529999732971191,13.520000457763672,13.529999732971191,85862,0.0,0.0,0.0
2024-11-21 02:25:00+00:00,13.539999961853027,13.539999961853027,13.529999732971191,13.529999732971191,12849,0.0,0.0,0.0
2024-11-21 02:30:00+00:00,13.529999732971191,13.539999961853027,13.529999732971191,13.529999732971191,33197,0.0,0.0,0.0
2024-11-21 02:35:00+00:00,13.529999732971191,13.539999961853027,13.529999732971191,13.529999732971191,31988,0.0,0.0,0.0
2024-11-21 02:40:00+00:00,13.529999732971191,13.529999732971191,13.520000457763672,13.529999732971191,28029,0.0,0.0,0.0
2024-11-21 02:45:00+00:00,13.529999732971191,13.529999732971191,13.510000228881836,13.510000228881836,54600,0.0,0.0,0.0
2024-11-21 02:50:00+00:00,13.520000457763672,13.529999732971191,13.510000228881836,13.529999732971191,17120,0.0,0.0,0.0
2024-11-21 02:55:00+00:00,13.529999732971191,13.529999732971191,13.520000457763672,13.520000457763672,11693,0.0,0.0,0.0
2024-11-21 03:00:00+00:00,13.529999732971191,13.529999732971191,13.529999732971191,13.529999732971191,74700,0.0,0.0,0.0
2024-11-21 03:05:00+00:00,13.539999961853027,13.550000190734863,13.539999961853027,13.539999961853027,83346,0.0,0.0,0.0
2024-11-21 03:10:00+00:00,13.539999961853027,13.550000190734863,13.539999961853027,13.539999961853027,56460,0.0,0.0,0.0
2024-11-21 03:15:00+00:00,13.550000190734863,13.5600004196167,13.550000190734863,13.550000190734863,102330,0.0,0.0,0.0
2024-11-21 03:20:00+00:00,13.5600004196167,13.569999694824219,13.550000190734863,13.569999694824219,242680,0.0,0.0,0.0
2024-11-21 03:25:00+00:00,13.569999694824219,13.579999923706055,13.569999694824219,13.579999923706055,10220,0.0,0.0,0.0
2024-11-21 03:30:00+00:00,13.579999923706055,13.59000015258789,13.579999923706055,13.59000015258789,6558,0.0,0.0,0.0
2024-11-21 03:35:00+00:00,13.59000015258789,13.59000015258789,13.579999923706055,13.579999923706055,29072,0.0,0.0,0.0
2024-11-21 03:40:00+00:00,13.579999923706055,13.59000015258789,13.569999694824219,13.569999694824219,31510,0.0,0.0,0.0
2024-11-21 03:45:00+00:00,13.579999923706055,13.579999923706055,13.579999923706055,13.579999923706055,17320,0.0,0.0,0.0
2024-11-21 03:50:00+00:00,13.579999923706055,13.579999923706055,13.5600004196167,13.5600004196167,23713,0.0,0.0,0.0
2024-11-21 03:55:00+00:00,13.5600004196167,13.5600004196167,13.5600004196167,13.5600004196167,25553,0.0,0.0,0.0
2024-11-21 04:00:00+00:00,13.569999694824219,13.569999694824219,13.5600004196167,13.569999694824219,5689,0.0,0.0,0.0
2024-11-21 04:05:00+00:00,13.5600004196167,13.5600004196167,13.5600004196167,13.5600004196167,22477,0.0,0.0,0.0
2024-11-21 04:10:00+00:00,13.5600004196167,13.569999694824219,13.550000190734863,13.569999694824219,18039,0.0,0.0,0.0
2024-11-21 04:15:00+00:00,13.5600004196167,13.5600004196167,13.539999961853027,13.539999961853027,147003,0.0,0.0,0.0
2024-11-21 04:20:00+00:00,13.529999732971191,13.539999961853027,13.529999732971191,13.529999732971191,114862,0.0,0.0,0.0
2024-11-21 04:25:00+00:00,13.539999961853027,13.550000190734863,13.529999732971191,13.529999732971191,99878,0.0,0.0,0.0
2024-11-21 04:30:00+00:00,13.539999961853027,13.539999961853027,13.520000457763672,13.520000457763672,108637,0.0,0.0,0.0
2024-11-21 04:35:00+00:00,13.520000457763672,13.529999732971191,13.520000457763672,13.520000457763672,116108,0.0,0.0,0.0
2024-11-21 04:40:00+00:00,13.520000457763672,13.529999732971191,13.510000228881836,13.520000457763672,138687,0.0,0.0,0.0
2024-11-21 04:45:00+00:00,13.520000457763672,13.520000457763672,13.5,13.5,133364,0.0,0.0,0.0
2024-11-21 04:50:00+00:00,13.5,13.510000228881836,13.5,13.5,126060,0.0,0.0,0.0
2024-11-21 04:55:00+00:00,13.510000228881836,13.510000228881836,13.5,13.5,148477,0.0,0.0,0.0
2024-11-21 05:00:00+00:00,13.5,13.510000228881836,13.5,13.5,134875,0.0,0.0,0.0
2024-11-21 05:05:00+00:00,13.5,13.510000228881836,13.5,13.510000228881836,115376,0.0,0.0,0.0
2024-11-21 05:10:00+00:00,13.510000228881836,13.510000228881836,13.5,13.510000228881836,116067,0.0,0.0,0.0
2024-11-21 05:15:00+00:00,13.520000457763672,13.520000457763672,13.5,13.5,140138,0.0,0.0,0.0
2024-11-21 05:20:00+00:00,13.510000228881836,13.520000457763672,13.5,13.520000457763672,361120,0.0,0.0,0.0
2024-11-22 01:00:00+00:00,13.619999885559082,13.680000305175781,13.619999885559082,13.680000305175781,0,0.0,0.0,0.0
2024-11-22 01:05:00+00:00,13.680000305175781,13.699999809265137,13.670000076293945,13.680000305175781,141777,0.0,0.0,0.0
2024-11-22 01:10:00+00:00,13.670000076293945,13.699999809265137,13.670000076293945,13.699999809265137,226860,0.0,0.0,0.0
2024-11-22 01:15:00+00:00,13.6899995803833,13.720000267028809,13.6899995803833,13.699999809265137,299946,0.0,0.0,0.0
2024-11-22 01:20:00+00:00,13.699999809265137,13.699999809265137,13.680000305175781,13.680000305175781,49044,0.0,0.0,0.0
2024-11-22 01:25:00+00:00,13.680000305175781,13.680000305175781,13.65999984741211,13.65999984741211,52519,0.0,0.0,0.0
2024-11-22 01:30:00+00:00,13.670000076293945,13.670000076293945,13.65999984741211,13.670000076293945,83658,0.0,0.0,0.0
2024-11-22 01:35:00+00:00,13.670000076293945,13.680000305175781,13.670000076293945,13.680000305175781,17502,0.0,0.0,0.0
2024-11-22 01:40:00+00:00,13.670000076293945,13.670000076293945,13.670000076293945,13.670000076293945,18730,0.0,0.0,0.0
2024-11-22 01:45:00+00:00,13.670000076293945,13.680000305175781,13.65999984741211,13.65999984741211,238357,0.0,0.0,0.0
2024-11-22 01:50:00+00:00,13.649999618530273,13.65999984741211,13.649999618530273,13.65999984741211,20267,0.0,0.0,0.0
2024-11-22 01:55:00+00:00,13.65999984741211,13.680000305175781,13.65999984741211,13.680000305175781,62446,0.0,0.0,0.0
2024-11-22 02:00:00+00:00,13.670000076293945,13.670000076293945,13.670000076293945,13.670000076293945,13313,0.0,0.0,0.0
2024-11-22 02:05:00+00:00,13.670000076293945,13.680000305175781,13.670000076293945,13.670000076293945,15088,0.0,0.0,0.0
2024-11-22 02:10:00+00:00,13.670000076293945,13.670000076293945,13.65999984741211,13.670000076293945,11906,0.0,0.0,0.0
2024-11-22 02:15:00+00:00,13.680000305175781,13.680000305175781,13.670000076293945,13.680000305175781,98180,0.0,0.0,0.0
2024-11-22 02:20:00+00:00,13.680000305175781,13.680000305175781,13.680000305175781,13.680000305175781,1000,0.0,0.0,0.0
2024-11-22 02:25:00+00:00,13.680000305175781,13.680000305175781,13.680000305175781,13.680000305175781,4767,0.0,0.0,0.0
2024-11-22 02:30:00+00:00,13.680000305175781,13.680000305175781,13.680000305175781,13.680000305175781,28886,0.0,0.0,0.0
2024-11-22 02:35:00+00:00,13.680000305175781,13.6899995803833,13.680000305175781,13.6899995803833,15922,0.0,0.0,0.0
2024-11-22 02:40:00+00:00,13.699999809265137,13.720000267028809,13.699999809265137,13.710000038146973,163602,0.0,0.0,0.0
2024-11-22 02:45:00+00:00,13.720000267028809,13.720000267028809,13.710000038146973,13.710000038146973,23162,0.0,0.0,0.0
2024-11-22 02:50:00+00:00,13.710000038146973,13.710000038146973,13.699999809265137,13.710000038146973,43257,0.0,0.0,0.0
2024-11-22 02:55:00+00:00,13.710000038146973,13.720000267028809,13.699999809265137,13.710000038146973,69010,0.0,0.0,0.0
2024-11-22 03:00:00+00:00,13.710000038146973,13.710000038146973,13.699999809265137,13.710000038146973,7884,0.0,0.0,0.0
2024-11-22 03:05:00+00:00,13.710000038146973,13.710000038146973,13.699999809265137,13.699999809265137,9044,0.0,0.0,0.0
2024-11-22 03:10:00+00:00,13.699999809265137,13.710000038146973,13.699999809265137,13.699999809265137,18022,0.0,0.0,0.0
2024-11-22 03:15:00+00:00,13.699999809265137,13.699999809265137,13.699999809265137,13.699999809265137,11812,0.0,0.0,0.0
2024-11-22 03:20:00+00:00,13.710000038146973,13.710000038146973,13.710000038146973,13.710000038146973,48856,0.0,0.0,0.0
2024-11-22 03:25:00+00:00,13.710000038146973,13.710000038146973,13.699999809265137,13.699999809265137,12000,0.0,0.0,0.0
2024-11-22 03:30:00+00:00,13.699999809265137,13.699999809265137,13.6899995803833,13.6899995803833,41099,0.0,0.0,0.0
2024-11-22 03:35:00+00:00,13.680000305175781,13.699999809265137,13.680000305175781,13.699999809265137,138219,0.0,0.0,0.0
2024-11-22 03:40:00+00:00,13.6899995803833,13.699999809265137,13.6899995803833,13.6899995803833,15737,0.0,0.0,0.0
2024-11-22 03:45:00+00:00,13.6899995803833,13.699999809265137,13.6899995803833,13.699999809265137,14022,0.0,0.0,0.0
2024-11-22 03:50:00+00:00,13.699999809265137,13.699999809265137,13.699999809265137,13.699999809265137,29322,0.0,0.0,0.0
2024-11-22 03:55:00+00:00,13.699999809265137,13.710000038146973,13.699999809265137,13.710000038146973,10022,0.0,0.0,0.0
2024-11-22 04:00:00+00:00,13.710000038146973,13.710000038146973,13.710000038146973,13.710000038146973,19219,0.0,0.0,0.0
2024-11-22 04:05:00+00:00,13.710000038146973,13.720000267028809,13.699999809265137,13.699999809265137,14935,0.0,0.0,0.0
2024-11-22 04:10:00+00:00,13.710000038146973,13.710000038146973,13.699999809265137,13.699999809265137,4064,0.0,0.0,0.0
2024-11-22 04:15:00+00:00,13.710000038146973,13.710000038146973,13.710000038146973,13.710000038146973,12080,0.0,0.0,0.0
2024-11-22 04:20:00+00:00,13.710000038146973,13.710000038146973,13.710000038146973,13.710000038146973,10519,0.0,0.0,0.0
2024-11-22 04:25:00+00:00,13.710000038146973,13.720000267028809,13.710000038146973,13.720000267028809,2010,0.0,0.0,0.0
2024-11-22 04:30:00+00:00,13.720000267028809,13.720000267028809,13.699999809265137,13.699999809265137,27939,0.0,0.0,0.0
2024-11-22 04:35:00+00:00,13.699999809265137,13.710000038146973,13.699999809265137,13.710000038146973,127265,0.0,0.0,0.0
2024-11-22 04:40:00+00:00,13.720000267028809,13.720000267028809,13.710000038146973,13.710000038146973,11510,0.0,0.0,0.0
2024-11-22 04:45:00+00:00,13.710000038146973,13.710000038146973,13.699999809265137,13.699999809265137,60010,0.0,0.0,0.0
2024-11-22 04:50:00+00:00,13.699999809265137,13.720000267028809,13.699999809265137,13.720000267028809,46813,0.0,0.0,0.0
2024-11-22 04:55:00+00:00,13.710000038146973,13.720000267028809,13.710000038146973,13.710000038146973,17349,0.0,0.0,0.0
2024-11-22 05:00:00+00:00,13.710000038146973,13.710000038146973,13.710000038146973,13.710000038146973,64105,0.0,0.0,0.0
2024-11-22 05:05:00+00:00,13.710000038146973,13.710000038146973,13.699999809265137,13.699999809265137,26409,0.0,0.0,0.0
2024-11-22 05:10:00+00:00,13.699999809265137,13.710000038146973,13.699999809265137,13.710000038146973,6499,0.0,0.0,0.0
2024-11-22 05:15:00+00:00,13.710000038146973,13.710000038146973,13.6899995803833,13.699999809265137,145114,0.0,0.0,0.0
2024-11-22 05:20:00+00:00,13.6899995803833,13.710000038146973,13.6899995803833,13.699999809265137,55495,0.0,0.0,0.0
2024-11-25 01:00:00+00:00,13.75,13.8100004196167,13.75,13.789999961853027,0,0.0,0.0,0.0
2024-11-25 01:05:00+00:00,13.789999961853027,13.829999923706055,13.789999961853027,13.819999694824219,161079,0.0,0.0,0.0
2024-11-25 01:10:00+00:00,13.819999694824219,13.819999694824219,13.800000190734863,13.800000190734863,109363,0.0,0.0,0.0
2024-11-25 01:15:00+00:00,13.8100004196167,13.819999694824219,13.8100004196167,13.8100004196167,160225,0.0,0.0,0.0
2024-11-25 01:20:00+00:00,13.8100004196167,13.819999694824219,13.8100004196167,13.8100004196167,87580,0.0,0.0,0.0
2024-11-25 01:25:00+00:00,13.8100004196167,13.819999694824219,13.800000190734863,13.819999694824219,45105,0.0,0.0,0.0
2024-11-25 01:30:00+00:00,13.819999694824219,13.829999923706055,13.8100004196167,13.829999923706055,143890,0.0,0.0,0.0
2024-11-25 01:35:00+00:00,13.829999923706055,13.829999923706055,13.819999694824219,13.829999923706055,80860,0.0,0.0,0.0
2024-11-25 01:40:00+00:00,13.829999923706055,13.829999923706055,13.8100004196167,13.8100004196167,41792,0.0,0.0,0.0
2024-11-25 01:45:00+00:00,13.829999923706055,13.829999923706055,13.8100004196167,13.8100004196167,63011,0.0,0.0,0.0
2024-11-25 01:50:00+00:00,13.8100004196167,13.819999694824219,13.8100004196167,13.8100004196167,59260,0.0,0.0,0.0
2024-11-25 01:55:00+00:00,13.819999694824219,13.819999694824219,13.779999732971191,13.789999961853027,225451,0.0,0.0,0.0
2024-11-25 02:00:00+00:00,13.789999961853027,13.789999961853027,13.770000457763672,13.779999732971191,65029,0.0,0.0,0.0
2024-11-25 02:05:00+00:00,13.779999732971191,13.779999732971191,13.770000457763672,13.779999732971191,39670,0.0,0.0,0.0
2024-11-25 02:10:00+00:00,13.779999732971191,13.779999732971191,13.779999732971191,13.779999732971191,34159,0.0,0.0,0.0
2024-11-25 02:15:00+00:00,13.789999961853027,13.789999961853027,13.770000457763672,13.770000457763672,217790,0.0,0.0,0.0
2024-11-25 02:20:00+00:00,13.779999732971191,13.779999732971191,13.770000457763672,13.770000457763672,29341,0.0,0.0,0.0
2024-11-25 02:25:00+00:00,13.770000457763672,13.770000457763672,13.760000228881836,13.770000457763672,39852,0.0,0.0,0.0
2024-11-25 02:30:00+00:00,13.770000457763672,13.779999732971191,13.770000457763672,13.779999732971191,17221,0.0,0.0,0.0
2024-11-25 02:35:00+00:00,13.779999732971191,13.779999732971191,13.760000228881836,13.779999732971191,44020,0.0,0.0,0.0
2024-11-25 02:40:00+00:00,13.770000457763672,13.779999732971191,13.760000228881836,13.770000457763672,24433,0.0,0.0,0.0
2024-11-25 02:45:00+00:00,13.779999732971191,13.789999961853027,13.779999732971191,13.789999961853027,65120,0.0,0.0,0.0
2024-11-25 02:50:00+00:00,13.779999732971191,13.779999732971191,13.770000457763672,13.770000457763672,47036,0.0,0.0,0.0
2024-11-25 02:55:00+00:00,13.779999732971191,13.789999961853027,13.779999732971191,13.789999961853027,22431,0.0,0.0,0.0
2024-11-25 03:00:00+00:00,13.789999961853027,13.789999961853027,13.779999732971191,13.779999732971191,60541,0.0,0.0,0.0
2024-11-25 03:05:00+00:00,13.779999732971191,13.779999732971191,13.779999732971191,13.779999732971191,9153,0.0,0.0,0.0
2024-11-25 03:10:00+00:00,13.779999732971191,13.779999732971191,13.779999732971191,13.779999732971191,51089,0.0,0.0,0.0
2024-11-25 03:15:00+00:00,13.779999732971191,13.779999732971191,13.779999732971191,13.779999732971191,10604,0.0,0.0,0.0
2024-11-25 03:20:00+00:00,13.779999732971191,13.779999732971191,13.770000457763672,13.779999732971191,174051,0.0,0.0,0.0
2024-11-25 03:25:00+00:00,13.779999732971191,13.779999732971191,13.770000457763672,13.770000457763672,8000,0.0,0.0,0.0
2024-11-25 03:30:00+00:00,13.770000457763672,13.770000457763672,13.760000228881836,13.760000228881836,7250,0.0,0.0,0.0
2024-11-25 03:35:00+00:00,13.770000457763672,13.770000457763672,13.770000457763672,13.770000457763672,72125,0.0,0.0,0.0
2024-11-25 03:40:00+00:00,13.770000457763672,13.770000457763672,13.760000228881836,13.770000457763672,134165,0.0,0.0,0.0
2024-11-25 03:45:00+00:00,13.770000457763672,13.770000457763672,13.760000228881836,13.770000457763672,37320,0.0,0.0,0.0
2024-11-25 03:50:00+00:00,13.760000228881836,13.770000457763672,13.760000228881836,13.770000457763672,69310,0.0,0.0,0.0
2024-11-25 03:55:00+00:00,13.770000457763672,13.770000457763672,13.770000457763672,13.770000457763672,7920,0.0,0.0,0.0
2024-11-25 04:00:00+00:00,13.760000228881836,13.770000457763672,13.760000228881836,13.770000457763672,20100,0.0,0.0,0.0
2024-11-25 04:05:00+00:00,13.770000457763672,13.770000457763672,13.760000228881836,13.770000457763672,28268,0.0,0.0,0.0
2024-11-25 04:10:00+00:00,13.760000228881836,13.770000457763672,13.760000228881836,13.770000457763672,22233,0.0,0.0,0.0
2024-11-25 04:15:00+00:00,13.770000457763672,13.779999732971191,13.760000228881836,13.760000228881836,40036,0.0,0.0,0.0
2024-11-25 04:20:00+00:00,13.770000457763672,13.779999732971191,13.770000457763672,13.779999732971191,12862,0.0,0.0,0.0
2024-11-25 04:25:00+00:00,13.779999732971191,13.779999732971191,13.770000457763672,13.770000457763672,92455,0.0,0.0,0.0
2024-11-25 04:30:00+00:00,13.779999732971191,13.779999732971191,13.770000457763672,13.770000457763672,12761,0.0,0.0,0.0
2024-11-25 04:35:00+00:00,13.770000457763672,13.770000457763672,13.770000457763672,13.770000457763672,64689,0.0,0.0,0.0
2024-11-25 04:40:00+00:00,13.779999732971191,13.779999732971191,13.770000457763672,13.770000457763672,40562,0.0,0.0,0.0
2024-11-25 04:45:00+00:00,13.770000457763672,13.770000457763672,13.75,13.760000228881836,233336,0.0,0.0,0.0
2024-11-25 04:50:00+00:00,13.75,13.760000228881836,13.75,13.760000228881836,9393,0.0,0.0,0.0
2024-11-25 04:55:00+00:00,13.760000228881836,13.760000228881836,13.75,13.760000228881836,11378,0.0,0.0,0.0
2024-11-25 05:00:00+00:00,13.75,13.760000228881836,13.75,13.75,19866,0.0,0.0,0.0
2024-11-25 05:05:00+00:00,13.75,13.760000228881836,13.75,13.760000228881836,117253,0.0,0.0,0.0
2024-11-25 05:10:00+00:00,13.75,13.760000228881836,13.75,13.75,76111,0.0,0.0,0.0
2024-11-25 05:15:00+00:00,13.760000228881836,13.760000228881836,13.739999771118164,13.75,287571,0.0,0.0,0.0
2024-11-25 05:20:00+00:00,13.739999771118164,13.75,13.739999771118164,13.75,50278,0.0,0.0,0.0
2024-11-26 01:00:00+00:00,13.649999618530273,13.649999618530273,13.600000381469727,13.609999656677246,0,0.0,0.0,0.0
2024-11-26 01:05:00+00:00,13.619999885559082,13.619999885559082,13.579999923706055,13.579999923706055,316000,0.0,0.0,0.0
2024-11-26 01:10:00+00:00,13.569999694824219,13.579999923706055,13.5600004196167,13.579999923706055,171946,0.0,0.0,0.0
2024-11-26 01:15:00+00:00,13.579999923706055,13.579999923706055,13.5600004196167,13.579999923706055,199648,0.0,0.0,0.0
2024-11-26 01:20:00+00:00,13.579999923706055,13.600000381469727,13.569999694824219,13.600000381469727,50436,0.0,0.0,0.0
2024-11-26 01:25:00+00:00,13.59000015258789,13.600000381469727,13.569999694824219,13.600000381469727,147838,0.0,0.0,0.0
2024-11-26 01:30:00+00:00,13.609999656677246,13.630000114440918,13.600000381469727,13.609999656677246,64883,0.0,0.0,0.0
2024-11-26 01:35:00+00:00,13.619999885559082,13.630000114440918,13.600000381469727,13.609999656677246,112487,0.0,0.0,0.0
2024-11-26 01:40:00+00:00,13.600000381469727,13.619999885559082,13.59000015258789,13.600000381469727,261359,0.0,0.0,0.0
2024-11-26 01:45:00+00:00,13.619999885559082,13.630000114440918,13.600000381469727,13.609999656677246,86891,0.0,0.0,0.0
2024-11-26 01:50:00+00:00,13.600000381469727,13.609999656677246,13.600000381469727,13.600000381469727,37068,0.0,0.0,0.0
2024-11-26 01:55:00+00:00,13.609999656677246,13.619999885559082,13.59000015258789,13.600000381469727,106054,0.0,0.0,0.0
2024-11-26 02:00:00+00:00,13.600000381469727,13.600000381469727,13.59000015258789,13.600000381469727,62516,0.0,0.0,0.0
2024-11-26 02:05:00+00:00,13.600000381469727,13.600000381469727,13.59000015258789,13.600000381469727,21272,0.0,0.0,0.0
2024-11-26 02:10:00+00:00,13.609999656677246,13.609999656677246,13.600000381469727,13.600000381469727,36147,0.0,0.0,0.0
2024-11-26 02:15:00+00:00,13.619999885559082,13.619999885559082,13.600000381469727,13.600000381469727,15003,0.0,0.0,0.0
2024-11-26 02:20:00+00:00,13.600000381469727,13.640000343322754,13.600000381469727,13.640000343322754,832064,0.0,0.0,0.0
2024-11-26 02:25:00+00:00,13.630000114440918,13.640000343322754,13.619999885559082,13.619999885559082,79914,0.0,0.0,0.0
2024-11-26 02:30:00+00:00,13.630000114440918,13.630000114440918,13.609999656677246,13.609999656677246,78505,0.0,0.0,0.0
2024-11-26 02:35:00+00:00,13.609999656677246,13.630000114440918,13.609999656677246,13.609999656677246,29369,0.0,0.0,0.0
2024-11-26 02:40:00+00:00,13.609999656677246,13.630000114440918,13.600000381469727,13.609999656677246,58835,0.0,0.0,0.0
2024-11-26 02:45:00+00:00,13.609999656677246,13.619999885559082,13.600000381469727,13.609999656677246,13503,0.0,0.0,0.0
2024-11-26 02:50:00+00:00,13.600000381469727,13.630000114440918,13.600000381469727,13.619999885559082,13496,0.0,0.0,0.0
2024-11-26 02:55:00+00:00,13.619999885559082,13.630000114440918,13.619999885559082,13.630000114440918,19426,0.0,0.0,0.0
2024-11-26 03:00:00+00:00,13.630000114440918,13.630000114440918,13.619999885559082,13.619999885559082,19537,0.0,0.0,0.0
2024-11-26 03:05:00+00:00,13.640000343322754,13.640000343322754,13.619999885559082,13.619999885559082,19836,0.0,0.0,0.0
2024-11-26 03:10:00+00:00,13.619999885559082,13.640000343322754,13.619999885559082,13.630000114440918,12308,0.0,0.0,0.0
2024-11-26 03:15:00+00:00,13.630000114440918,13.630000114440918,13.619999885559082,13.619999885559082,21564,0.0,0.0,0.0
2024-11-26 03:20:00+00:00,13.649999618530273,13.649999618530273,13.619999885559082,13.619999885559082,40211,0.0,0.0,0.0
2024-11-26 03:25:00+00:00,13.630000114440918,13.630000114440918,13.619999885559082,13.619999885559082,8310,0.0,0.0,0.0
2024-11-26 03:30:00+00:00,13.640000343322754,13.640000343322754,13.630000114440918,13.640000343322754,16582,0.0,0.0,0.0
2024-11-26 03:35:00+00:00,13.630000114440918,13.640000343322754,13.630000114440918,13.640000343322754,20387,0.0,0.0,0.0
2024-11-26 03:40:00+00:00,13.630000114440918,13.630000114440918,13.619999885559082,13.619999885559082,3116,0.0,0.0,0.0
2024-11-26 03:45:00+00:00,13.619999885559082,13.630000114440918,13.619999885559082,13.630000114440918,15495,0.0,0.0,0.0
2024-11-26 03:50:00+00:00,13.630000114440918,13.630000114440918,13.619999885559082,13.630000114440918,6918,0.0,0.0,0.0
2024-11-26 03:55:00+00:00,13.630000114440918,13.630000114440918,13.630000114440918,13.630000114440918,13655,0.0,0.0,0.0
2024-11-26 04:00:00+00:00,13.619999885559082,13.630000114440918,13.619999885559082,13.630000114440918,14878,0.0,0.0,0.0
2024-11-26 04:05:00+00:00,13.630000114440918,13.630000114440918,13.630000114440918,13.630000114440918,13393,0.0,0.0,0.0
2024-11-26 04:10:00+00:00,13.630000114440918,13.630000114440918,13.619999885559082,13.619999885559082,16634,0.0,0.0,0.0
2024-11-26 04:15:00+00:00,13.619999885559082,13.630000114440918,13.619999885559082,13.630000114440918,56918,0.0,0.0,0.0
2024-11-26 04:20:00+00:00,13.630000114440918,13.630000114440918,13.630000114440918,13.630000114440918,4503,0.0,0.0,0.0
2024-11-26 04:25:00+00:00,13.630000114440918,13.630000114440918,13.619999885559082,13.630000114440918,16738,0.0,0.0,0.0
2024-11-26 04:30:00+00:00,13.630000114440918,13.630000114440918,13.630000114440918,13.630000114440918,13022,0.0,0.0,0.0
2024-11-26 04:35:00+00:00,13.630000114440918,13.630000114440918,13.619999885559082,13.619999885559082,13906,0.0,0.0,0.0
2024-11-26 04:40:00+00:00,13.630000114440918,13.630000114440918,13.609999656677246,13.609999656677246,126387,0.0,0.0,0.0
2024-11-26 04:45:00+00:00,13.609999656677246,13.619999885559082,13.600000381469727,13.600000381469727,147063,0.0,0.0,0.0
2024-11-26 04:50:00+00:00,13.609999656677246,13.609999656677246,13.600000381469727,13.609999656677246,364481,0.0,0.0,0.0
2024-11-26 04:55:00+00:00,13.600000381469727,13.600000381469727,13.59000015258789,13.59000015258789,142345,0.0,0.0,0.0
2024-11-26 05:00:00+00:00,13.59000015258789,13.59000015258789,13.579999923706055,13.59000015258789,31296,0.0,0.0,0.0
2024-11-26 05:05:00+00:00,13.59000015258789,13.59000015258789,13.579999923706055,13.579999923706055,49595,0.0,0.0,0.0
2024-11-26 05:10:00+00:00,13.59000015258789,13.59000015258789,13.579999923706055,13.59000015258789,65175,0.0,0.0,0.0
2024-11-26 05:15:00+00:00,13.59000015258789,13.600000381469727,13.59000015258789,13.59000015258789,126214,0.0,0.0,0.0
2024-11-26 05:20:00+00:00,13.59000015258789,13.600000381469727,13.59000015258789,13.600000381469727,593341,0.0,0.0,0.0
2024-11-27 01:00:00+00:00,13.600000381469727,13.600000381469727,13.569999694824219,13.569999694824219,0,0.0,0.0,0.0
2024-11-27 01:05:00+00:00,13.569999694824219,13.569999694824219,13.550000190734863,13.550000190734863,154864,0.0,0.0,0.0
2024-11-27 01:10:00+00:00,13.550000190734863,13.579999923706055,13.550000190734863,13.569999694824219,48526,0.0,0.0,0.0
2024-11-27 01:15:00+00:00,13.579999923706055,13.579999923706055,13.5600004196167,13.5600004196167,107370,0.0,0.0,0.0
2024-11-27 01:20:00+00:00,13.5600004196167,13.5600004196167,13.550000190734863,13.550000190734863,145302,0.0,0.0,0.0
2024-11-27 01:25:00+00:00,13.550000190734863,13.550000190734863,13.520000457763672,13.520000457763672,273483,0.0,0.0,0.0
2024-11-27 01:30:00+00:00,13.529999732971191,13.529999732971191,13.5,13.510000228881836,340427,0.0,0.0,0.0
2024-11-27 01:35:00+00:00,13.510000228881836,13.510000228881836,13.5,13.510000228881836,77663,0.0,0.0,0.0
2024-11-27 01:40:00+00:00,13.510000228881836,13.510000228881836,13.510000228881836,13.510000228881836,210539,0.0,0.0,0.0
2024-11-27 01:45:00+00:00,13.510000228881836,13.510000228881836,13.5,13.5,77996,0.0,0.0,0.0
2024-11-27 01:50:00+00:00,13.510000228881836,13.510000228881836,13.5,13.5,445805,0.0,0.0,0.0
2024-11-27 01:55:00+00:00,13.5,13.5,13.489999771118164,13.489999771118164,43795,0.0,0.0,0.0
2024-11-27 02:00:00+00:00,13.489999771118164,13.5,13.479999542236328,13.479999542236328,236931,0.0,0.0,0.0
2024-11-27 02:05:00+00:00,13.489999771118164,13.5,13.489999771118164,13.5,143974,0.0,0.0,0.0
2024-11-27 02:10:00+00:00,13.5,13.5,13.5,13.5,63375,0.0,0.0,0.0
2024-11-27 02:15:00+00:00,13.5,13.510000228881836,13.5,13.510000228881836,22679,0.0,0.0,0.0
2024-11-27 02:20:00+00:00,13.510000228881836,13.510000228881836,13.510000228881836,13.510000228881836,21821,0.0,0.0,0.0
2024-11-27 02:25:00+00:00,13.510000228881836,13.520000457763672,13.5,13.510000228881836,53175,0.0,0.0,0.0
2024-11-27 02:30:00+00:00,13.510000228881836,13.510000228881836,13.489999771118164,13.489999771118164,208683,0.0,0.0,0.0
2024-11-27 02:35:00+00:00,13.489999771118164,13.5,13.489999771118164,13.5,63900,0.0,0.0,0.0
2024-11-27 02:40:00+00:00,13.5,13.5,13.5,13.5,123038,0.0,0.0,0.0
2024-11-27 02:45:00+00:00,13.5,13.5,13.489999771118164,13.489999771118164,59531,0.0,0.0,0.0
2024-11-27 02:50:00+00:00,13.5,13.510000228881836,13.5,13.510000228881836,17850,0.0,0.0,0.0
2024-11-27 02:55:00+00:00,13.5,13.5,13.5,13.5,2693,0.0,0.0,0.0
2024-11-27 03:00:00+00:00,13.510000228881836,13.510000228881836,13.510000228881836,13.510000228881836,18010,0.0,0.0,0.0
2024-11-27 03:05:00+00:00,13.510000228881836,13.510000228881836,13.5,13.5,94080,0.0,0.0,0.0
2024-11-27 03:10:00+00:00,13.489999771118164,13.510000228881836,13.489999771118164,13.510000228881836,35497,0.0,0.0,0.0
2024-11-27 03:15:00+00:00,13.510000228881836,13.510000228881836,13.5,13.5,76518,0.0,0.0,0.0
2024-11-27 03:20:00+00:00,13.5,13.5,13.5,13.5,26174,0.0,0.0,0.0
2024-11-27 03:25:00+00:00,13.5,13.5,13.489999771118164,13.489999771118164,178876,0.0,0.0,0.0
2024-11-27 03:30:00+00:00,13.489999771118164,13.489999771118164,13.479999542236328,13.489999771118164,476660,0.0,0.0,0.0
2024-11-27 03:35:00+00:00,13.479999542236328,13.489999771118164,13.479999542236328,13.489999771118164,64455,0.0,0.0,0.0
2024-11-27 03:40:00+00:00,13.479999542236328,13.489999771118164,13.470000267028809,13.489999771118164,131938,0.0,0.0,0.0
2024-11-27 03:45:00+00:00,13.489999771118164,13.489999771118164,13.479999542236328,13.489999771118164,177058,0.0,0.0,0.0
2024-11-27 03:50:00+00:00,13.489999771118164,13.489999771118164,13.489999771118164,13.489999771118164,28499,0.0,0.0,0.0
2024-11-27 03:55:00+00:00,13.479999542236328,13.479999542236328,13.470000267028809,13.479999542236328,48276,0.0,0.0,0.0
2024-11-27 04:00:00+00:00,13.479999542236328,13.479999542236328,13.470000267028809,13.470000267028809,63520,0.0,0.0,0.0
2024-11-27 04:05:00+00:00,13.470000267028809,13.479999542236328,13.470000267028809,13.470000267028809,232523,0.0,0.0,0.0
2024-11-27 04:10:00+00:00,13.470000267028809,13.470000267028809,13.449999809265137,13.449999809265137,410249,0.0,0.0,0.0
2024-11-27 04:15:00+00:00,13.449999809265137,13.460000038146973,13.449999809265137,13.449999809265137,222649,0.0,0.0,0.0
2024-11-27 04:20:00+00:00,13.449999809265137,13.449999809265137,13.4399995803833,13.449999809265137,265310,0.0,0.0,0.0
2024-11-27 04:25:00+00:00,13.449999809265137,13.449999809265137,13.4399995803833,13.4399995803833,208340,0.0,0.0,0.0
2024-11-27 04:30:00+00:00,13.4399995803833,13.449999809265137,13.4399995803833,13.4399995803833,74635,0.0,0.0,0.0
2024-11-27 04:35:00+00:00,13.4399995803833,13.449999809265137,13.4399995803833,13.4399995803833,133701,0.0,0.0,0.0
2024-11-27 04:40:00+00:00,13.4399995803833,13.4399995803833,13.430000305175781,13.4399995803833,564600,0.0,0.0,0.0
2024-11-27 04:45:00+00:00,13.4399995803833,13.4399995803833,13.430000305175781,13.430000305175781,209384,0.0,0.0,0.0
2024-11-27 04:50:00+00:00,13.430000305175781,13.430000305175781,13.40999984741211,13.420000076293945,261100,0.0,0.0,0.0
2024-11-27 04:55:00+00:00,13.420000076293945,13.420000076293945,13.40999984741211,13.40999984741211,170374,0.0,0.0,0.0
2024-11-27 05:00:00+00:00,13.40999984741211,13.420000076293945,13.399999618530273,13.40999984741211,228650,0.0,0.0,0.0
2024-11-27 05:05:00+00:00,13.40999984741211,13.40999984741211,13.399999618530273,13.40999984741211,172360,0.0,0.0,0.0
2024-11-27 05:10:00+00:00,13.40999984741211,13.40999984741211,13.399999618530273,13.399999618530273,554483,0.0,0.0,0.0
2024-11-27 05:15:00+00:00,13.399999618530273,13.399999618530273,13.390000343322754,13.390000343322754,138005,0.0,0.0,0.0
2024-11-27 05:20:00+00:00,13.390000343322754,13.399999618530273,13.390000343322754,13.390000343322754,297749,0.0,0.0,0.0
2024-11-28 01:00:00+00:00,13.350000381469727,13.390000343322754,13.350000381469727,13.359999656677246,0,0.0,0.0,0.0
2024-11-28 01:05:00+00:00,13.380000114440918,13.380000114440918,13.329999923706055,13.359999656677246,693012,0.0,0.0,0.0
2024-11-28 01:10:00+00:00,13.369999885559082,13.380000114440918,13.359999656677246,13.359999656677246,92370,0.0,0.0,0.0
2024-11-28 01:15:00+00:00,13.359999656677246,13.369999885559082,13.359999656677246,13.369999885559082,41906,0.0,0.0,0.0
2024-11-28 01:20:00+00:00,13.359999656677246,13.369999885559082,13.329999923706055,13.329999923706055,290369,0.0,0.0,0.0
2024-11-28 01:25:00+00:00,13.329999923706055,13.329999923706055,13.289999961853027,13.300000190734863,553776,0.0,0.0,0.0
2024-11-28 01:30:00+00:00,13.3100004196167,13.34000015258789,13.3100004196167,13.3100004196167,217865,0.0,0.0,0.0
2024-11-28 01:35:00+00:00,13.3100004196167,13.3100004196167,13.300000190734863,13.300000190734863,147156,0.0,0.0,0.0
2024-11-28 01:40:00+00:00,13.3100004196167,13.3100004196167,13.289999961853027,13.300000190734863,213001,0.0,0.0,0.0
2024-11-28 01:45:00+00:00,13.289999961853027,13.319999694824219,13.289999961853027,13.319999694824219,142776,0.0,0.0,0.0
2024-11-28 01:50:00+00:00,13.319999694824219,13.329999923706055,13.289999961853027,13.300000190734863,149613,0.0,0.0,0.0
2024-11-28 01:55:00+00:00,13.300000190734863,13.300000190734863,13.260000228881836,13.260000228881836,363213,0.0,0.0,0.0
2024-11-28 02:00:00+00:00,13.260000228881836,13.289999961853027,13.25,13.279999732971191,381552,0.0,0.0,0.0
2024-11-28 02:05:00+00:00,13.279999732971191,13.300000190734863,13.279999732971191,13.300000190734863,265055,0.0,0.0,0.0
2024-11-28 02:10:00+00:00,13.300000190734863,13.3100004196167,13.279999732971191,13.279999732971191,64075,0.0,0.0,0.0
2024-11-28 02:15:00+00:00,13.279999732971191,13.289999961853027,13.270000457763672,13.270000457763672,95422,0.0,0.0,0.0
2024-11-28 02:20:00+00:00,13.270000457763672,13.289999961853027,13.260000228881836,13.279999732971191,218900,0.0,0.0,0.0
2024-11-28 02:25:00+00:00,13.289999961853027,13.289999961853027,13.279999732971191,13.289999961853027,139175,0.0,0.0,0.0
2024-11-28 02:30:00+00:00,13.289999961853027,13.300000190734863,13.279999732971191,13.300000190734863,100180,0.0,0.0,0.0
2024-11-28 02:35:00+00:00,13.300000190734863,13.300000190734863,13.289999961853027,13.289999961853027,48387,0.0,0.0,0.0
2024-11-28 02:40:00+00:00,13.289999961853027,13.289999961853027,13.289999961853027,13.289999961853027,70345,0.0,0.0,0.0
2024-11-28 02:45:00+00:00,13.289999961853027,13.3100004196167,13.289999961853027,13.3100004196167,226574,0.0,0.0,0.0
2024-11-28 02:50:00+00:00,13.3100004196167,13.359999656677246,13.3100004196167,13.359999656677246,69951,0.0,0.0,0.0
2024-11-28 02:55:00+00:00,13.359999656677246,13.380000114440918,13.34000015258789,13.350000381469727,150630,0.0,0.0,0.0
2024-11-28 03:00:00+00:00,13.350000381469727,13.350000381469727,13.34000015258789,13.350000381469727,21754,0.0,0.0,0.0
2024-11-28 03:05:00+00:00,13.350000381469727,13.359999656677246,13.34000015258789,13.359999656677246,205086,0.0,0.0,0.0
2024-11-28 03:10:00+00:00,13.359999656677246,13.359999656677246,13.350000381469727,13.350000381469727,145773,0.0,0.0,0.0
2024-11-28 03:15:00+00:00,13.350000381469727,13.359999656677246,13.329999923706055,13.359999656677246,157268,0.0,0.0,0.0
2024-11-28 03:20:00+00:00,13.359999656677246,13.359999656677246,13.329999923706055,13.329999923706055,16026,0.0,0.0,0.0
2024-11-28 03:25:00+00:00,13.34000015258789,13.34000015258789,13.329999923706055,13.329999923706055,25988,0.0,0.0,0.0
2024-11-28 03:30:00+00:00,13.329999923706055,13.34000015258789,13.329999923706055,13.329999923706055,14208,0.0,0.0,0.0
2024-11-28 03:35:00+00:00,13.329999923706055,13.329999923706055,13.329999923706055,13.329999923706055,25457,0.0,0.0,0.0
2024-11-28 03:40:00+00:00,13.329999923706055,13.329999923706055,13.329999923706055,13.329999923706055,28780,0.0,0.0,0.0
2024-11-28 03:45:00+00:00,13.329999923706055,13.34000015258789,13.329999923706055,13.34000015258789,25575,0.0,0.0,0.0
2024-11-28 03:50:00+00:00,13.34000015258789,13.34000015258789,13.34000015258789,13.34000015258789,11196,0.0,0.0,0.0
2024-11-28 03:55:00+00:00,13.329999923706055,13.329999923706055,13.319999694824219,13.329999923706055,51274,0.0,0.0,0.0
2024-11-28 04:00:00+00:00,13.329999923706055,13.329999923706055,13.319999694824219,13.319999694824219,40338,0.0,0.0,0.0
2024-11-28 04:05:00+00:00,13.319999694824219,13.319999694824219,13.3100004196167,13.319999694824219,11256,0.0,0.0,0.0
2024-11-28 04:10:00+00:00,13.319999694824219,13.319999694824219,13.3100004196167,13.3100004196167,24599,0.0,0.0,0.0
2024-11-28 04:15:00+00:00,13.3100004196167,13.319999694824219,13.3100004196167,13.3100004196167,19123,0.0,0.0,0.0
2024-11-28 04:20:00+00:00,13.319999694824219,13.319999694824219,13.3100004196167,13.3100004196167,37675,0.0,0.0,0.0
2024-11-28 04:25:00+00:00,13.319999694824219,13.329999923706055,13.3100004196167,13.329999923706055,217748,0.0,0.0,0.0
2024-11-28 04:30:00+00:00,13.34000015258789,13.34000015258789,13.319999694824219,13.329999923706055,31406,0.0,0.0,0.0
2024-11-28 04:35:00+00:00,13.34000015258789,13.34000015258789,13.319999694824219,13.329999923706055,58690,0.0,0.0,0.0
2024-11-28 04:40:00+00:00,13.329999923706055,13.329999923706055,13.329999923706055,13.329999923706055,5754,0.0,0.0,0.0
2024-11-28 04:45:00+00:00,13.329999923706055,13.329999923706055,13.319999694824219,13.329999923706055,21421,0.0,0.0,0.0
2024-11-28 04:50:00+00:00,13.329999923706055,13.329999923706055,13.319999694824219,13.319999694824219,65669,0.0,0.0,0.0
2024-11-28 04:55:00+00:00,13.319999694824219,13.329999923706055,13.319999694824219,13.329999923706055,38834,0.0,0.0,0.0
2024-11-28 05:00:00+00:00,13.329999923706055,13.329999923706055,13.329999923706055,13.329999923706055,45431,0.0,0.0,0.0
2024-11-28 05:05:00+00:00,13.34000015258789,13.34000015258789,13.329999923706055,13.34000015258789,35888,0.0,0.0,0.0
2024-11-28 05:10:00+00:00,13.329999923706055,13.350000381469727,13.329999923706055,13.34000015258789,84300,0.0,0.0,0.0
2024-11-28 05:15:00+00:00,13.34000015258789,13.34000015258789,13.329999923706055,13.329999923706055,78749,0.0,0.0,0.0
2024-11-28 05:20:00+00:00,13.329999923706055,13.34000015258789,13.329999923706055,13.34000015258789,95121,0.0,0.0,0.0
2024-11-29 01:00:00+00:00,13.289999961853027,13.289999961853027,13.199999809265137,13.210000038146973,0,0.0,0.0,0.0
2024-11-29 01:05:00+00:00,13.210000038146973,13.260000228881836,13.210000038146973,13.260000228881836,265024,0.0,0.0,0.0
2024-11-29 01:10:00+00:00,13.270000457763672,13.289999961853027,13.260000228881836,13.289999961853027,142752,0.0,0.0,0.0
2024-11-29 01:15:00+00:00,13.289999961853027,13.289999961853027,13.279999732971191,13.279999732971191,117145,0.0,0.0,0.0
2024-11-29 01:20:00+00:00,13.279999732971191,13.279999732971191,13.279999732971191,13.279999732971191,26258,0.0,0.0,0.0
2024-11-29 01:25:00+00:00,13.289999961853027,13.3100004196167,13.279999732971191,13.3100004196167,144578,0.0,0.0,0.0
2024-11-29 01:30:00+00:00,13.319999694824219,13.319999694824219,13.3100004196167,13.319999694824219,105673,0.0,0.0,0.0
2024-11-29 01:35:00+00:00,13.3100004196167,13.329999923706055,13.3100004196167,13.329999923706055,119264,0.0,0.0,0.0
2024-11-29 01:40:00+00:00,13.329999923706055,13.329999923706055,13.319999694824219,13.319999694824219,63420,0.0,0.0,0.0
2024-11-29 01:45:00+00:00,13.329999923706055,13.329999923706055,13.319999694824219,13.319999694824219,28350,0.0,0.0,0.0
2024-11-29 01:50:00+00:00,13.319999694824219,13.34000015258789,13.319999694824219,13.34000015258789,21250,0.0,0.0,0.0
2024-11-29 01:55:00+00:00,13.34000015258789,13.34000015258789,13.34000015258789,13.34000015258789,51474,0.0,0.0,0.0
2024-11-29 02:00:00+00:00,13.350000381469727,13.359999656677246,13.34000015258789,13.350000381469727,267663,0.0,0.0,0.0
2024-11-29 02:05:00+00:00,13.350000381469727,13.359999656677246,13.350000381469727,13.359999656677246,20052,0.0,0.0,0.0
2024-11-29 02:10:00+00:00,13.359999656677246,13.359999656677246,13.359999656677246,13.359999656677246,21124,0.0,0.0,0.0
2024-11-29 02:15:00+00:00,13.359999656677246,13.359999656677246,13.350000381469727,13.359999656677246,42550,0.0,0.0,0.0
2024-11-29 02:20:00+00:00,13.350000381469727,13.359999656677246,13.350000381469727,13.350000381469727,247800,0.0,0.0,0.0
2024-11-29 02:25:00+00:00,13.359999656677246,13.359999656677246,13.350000381469727,13.359999656677246,308194,0.0,0.0,0.0
2024-11-29 02:30:00+00:00,13.369999885559082,13.369999885559082,13.34000015258789,13.34000015258789,84249,0.0,0.0,0.0
2024-11-29 02:35:00+00:00,13.329999923706055,13.34000015258789,13.329999923706055,13.34000015258789,11573,0.0,0.0,0.0
2024-11-29 02:40:00+00:00,13.350000381469727,13.350000381469727,13.350000381469727,13.350000381469727,16589,0.0,0.0,0.0
2024-11-29 02:45:00+00:00,13.350000381469727,13.350000381469727,13.350000381469727,13.350000381469727,18534,0.0,0.0,0.0
2024-11-29 02:50:00+00:00,13.350000381469727,13.350000381469727,13.350000381469727,13.350000381469727,39859,0.0,0.0,0.0
2024-11-29 02:55:00+00:00,13.350000381469727,13.359999656677246,13.350000381469727,13.359999656677246,15110,0.0,0.0,0.0
2024-11-29 03:00:00+00:00,13.359999656677246,13.359999656677246,13.350000381469727,13.359999656677246,115793,0.0,0.0,0.0
2024-11-29 03:05:00+00:00,13.369999885559082,13.390000343322754,13.369999885559082,13.390000343322754,276702,0.0,0.0,0.0
2024-11-29 03:10:00+00:00,13.399999618530273,13.40999984741211,13.399999618530273,13.40999984741211,8662,0.0,0.0,0.0
2024-11-29 03:15:00+00:00,13.40999984741211,13.40999984741211,13.40999984741211,13.40999984741211,14511,0.0,0.0,0.0
2024-11-29 03:20:00+00:00,13.40999984741211,13.40999984741211,13.399999618530273,13.40999984741211,52574,0.0,0.0,0.0
2024-11-29 03:25:00+00:00,13.399999618530273,13.399999618530273,13.390000343322754,13.390000343322754,73597,0.0,0.0,0.0
2024-11-29 03:30:00+00:00,13.380000114440918,13.390000343322754,13.380000114440918,13.380000114440918,22038,0.0,0.0,0.0
2024-11-29 03:35:00+00:00,13.390000343322754,13.390000343322754,13.369999885559082,13.380000114440918,52293,0.0,0.0,0.0
2024-11-29 03:40:00+00:00,13.369999885559082,13.380000114440918,13.369999885559082,13.380000114440918,12549,0.0,0.0,0.0
2024-11-29 03:45:00+00:00,13.369999885559082,13.369999885559082,13.369999885559082,13.369999885559082,53687,0.0,0.0,0.0
2024-11-29 03:50:00+00:00,13.380000114440918,13.380000114440918,13.380000114440918,13.380000114440918,15149,0.0,0.0,0.0
2024-11-29 03:55:00+00:00,13.380000114440918,13.390000343322754,13.380000114440918,13.390000343322754,89049,0.0,0.0,0.0
2024-11-29 04:00:00+00:00,13.390000343322754,13.390000343322754,13.390000343322754,13.390000343322754,20395,0.0,0.0,0.0
2024-11-29 04:05:00+00:00,13.390000343322754,13.390000343322754,13.380000114440918,13.390000343322754,69154,0.0,0.0,0.0
2024-11-29 04:10:00+00:00,13.390000343322754,13.390000343322754,13.380000114440918,13.390000343322754,51244,0.0,0.0,0.0
2024-11-29 04:15:00+00:00,13.390000343322754,13.390000343322754,13.390000343322754,13.390000343322754,176894,0.0,0.0,0.0
2024-11-29 04:20:00+00:00,13.399999618530273,13.399999618530273,13.399999618530273,13.399999618530273,37724,0.0,0.0,0.0
2024-11-29 04:25:00+00:00,13.399999618530273,13.399999618530273,13.399999618530273,13.399999618530273,58384,0.0,0.0,0.0
2024-11-29 04:30:00+00:00,13.399999618530273,13.40999984741211,13.399999618530273,13.40999984741211,50030,0.0,0.0,0.0
2024-11-29 04:35:00+00:00,13.40999984741211,13.40999984741211,13.390000343322754,13.390000343322754,109990,0.0,0.0,0.0
2024-11-29 04:40:00+00:00,13.399999618530273,13.420000076293945,13.399999618530273,13.420000076293945,9968,0.0,0.0,0.0
2024-11-29 04:45:00+00:00,13.420000076293945,13.420000076293945,13.40999984741211,13.420000076293945,24942,0.0,0.0,0.0
2024-11-29 04:50:00+00:00,13.420000076293945,13.420000076293945,13.40999984741211,13.40999984741211,21058,0.0,0.0,0.0
2024-11-29 04:55:00+00:00,13.420000076293945,13.420000076293945,13.420000076293945,13.420000076293945,9613,0.0,0.0,0.0
2024-11-29 05:00:00+00:00,13.420000076293945,13.420000076293945,13.399999618530273,13.399999618530273,86660,0.0,0.0,0.0
2024-11-29 05:05:00+00:00,13.390000343322754,13.399999618530273,13.390000343322754,13.390000343322754,16192,0.0,0.0,0.0
2024-11-29 05:10:00+00:00,13.390000343322754,13.399999618530273,13.390000343322754,13.390000343322754,148892,0.0,0.0,0.0
2024-11-29 05:15:00+00:00,13.399999618530273,13.399999618530273,13.399999618530273,13.399999618530273,14740,0.0,0.0,0.0
2024-11-29 05:20:00+00:00,13.390000343322754,13.399999618530273,13.390000343322754,13.399999618530273,38839,0.0,0.0,0.0
2024-12-02 01:00:00+00:00,13.470000267028809,13.550000190734863,13.470000267028809,13.550000190734863,0,0.0,0.0,0.0
2024-12-02 01:05:00+00:00,13.550000190734863,13.550000190734863,13.520000457763672,13.529999732971191,203846,0.0,0.0,0.0
2024-12-02 01:10:00+00:00,13.539999961853027,13.550000190734863,13.529999732971191,13.539999961853027,105418,0.0,0.0,0.0
2024-12-02 01:15:00+00:00,13.539999961853027,13.579999923706055,13.539999961853027,13.579999923706055,147559,0.0,0.0,0.0
2024-12-02 01:20:00+00:00,13.569999694824219,13.579999923706055,13.5600004196167,13.5600004196167,51857,0.0,0.0,0.0
2024-12-02 01:25:00+00:00,13.5600004196167,13.579999923706055,13.5600004196167,13.579999923706055,76160,0.0,0.0,0.0
2024-12-02 01:30:00+00:00,13.579999923706055,13.579999923706055,13.569999694824219,13.579999923706055,193150,0.0,0.0,0.0
2024-12-02 01:35:00+00:00,13.579999923706055,13.600000381469727,13.579999923706055,13.600000381469727,70454,0.0,0.0,0.0
2024-12-02 01:40:00+00:00,13.600000381469727,13.600000381469727,13.59000015258789,13.600000381469727,42800,0.0,0.0,0.0
2024-12-02 01:45:00+00:00,13.600000381469727,13.600000381469727,13.59000015258789,13.59000015258789,162714,0.0,0.0,0.0
2024-12-02 01:50:00+00:00,13.59000015258789,13.59000015258789,13.59000015258789,13.59000015258789,80596,0.0,0.0,0.0
2024-12-02 01:55:00+00:00,13.600000381469727,13.600000381469727,13.59000015258789,13.59000015258789,36028,0.0,0.0,0.0
2024-12-02 02:00:00+00:00,13.600000381469727,13.600000381469727,13.579999923706055,13.579999923706055,100063,0.0,0.0,0.0
2024-12-02 02:05:00+00:00,13.600000381469727,13.600000381469727,13.59000015258789,13.59000015258789,54145,0.0,0.0,0.0
2024-12-02 02:10:00+00:00,13.59000015258789,13.600000381469727,13.579999923706055,13.59000015258789,23218,0.0,0.0,0.0
2024-12-02 02:15:00+00:00,13.59000015258789,13.59000015258789,13.59000015258789,13.59000015258789,14881,0.0,0.0,0.0
2024-12-02 02:20:00+00:00,13.59000015258789,13.600000381469727,13.579999923706055,13.600000381469727,23374,0.0,0.0,0.0
2024-12-02 02:25:00+00:00,13.600000381469727,13.600000381469727,13.59000015258789,13.600000381469727,133235,0.0,0.0,0.0
2024-12-02 02:30:00+00:00,13.609999656677246,13.619999885559082,13.609999656677246,13.609999656677246,54351,0.0,0.0,0.0
2024-12-02 02:35:00+00:00,13.619999885559082,13.630000114440918,13.619999885559082,13.619999885559082,55649,0.0,0.0,0.0
2024-12-02 02:40:00+00:00,13.630000114440918,13.630000114440918,13.619999885559082,13.619999885559082,59005,0.0,0.0,0.0
2024-12-02 02:45:00+00:00,13.630000114440918,13.630000114440918,13.619999885559082,13.630000114440918,13028,0.0,0.0,0.0
2024-12-02 02:50:00+00:00,13.619999885559082,13.619999885559082,13.619999885559082,13.619999885559082,16864,0.0,0.0,0.0
2024-12-02 02:55:00+00:00,13.619999885559082,13.630000114440918,13.619999885559082,13.619999885559082,14098,0.0,0.0,0.0
2024-12-02 03:00:00+00:00,13.630000114440918,13.630000114440918,13.619999885559082,13.630000114440918,14462,0.0,0.0,0.0
2024-12-02 03:05:00+00:00,13.630000114440918,13.630000114440918,13.619999885559082,13.619999885559082,36544,0.0,0.0,0.0
2024-12-02 03:10:00+00:00,13.630000114440918,13.630000114440918,13.609999656677246,13.619999885559082,32519,0.0,0.0,0.0
2024-12-02 03:15:00+00:00,13.619999885559082,13.619999885559082,13.609999656677246,13.609999656677246,17419,0.0,0.0,0.0
2024-12-02 03:20:00+00:00,13.609999656677246,13.619999885559082,13.609999656677246,13.609999656677246,24574,0.0,0.0,0.0
2024-12-02 03:25:00+00:00,13.609999656677246,13.619999885559082,13.609999656677246,13.609999656677246,4118,0.0,0.0,0.0
2024-12-02 03:30:00+00:00,13.619999885559082,13.619999885559082,13.600000381469727,13.609999656677246,14137,0.0,0.0,0.0
2024-12-02 03:35:00+00:00,13.609999656677246,13.609999656677246,13.600000381469727,13.609999656677246,11033,0.0,0.0,0.0
2024-12-02 03:40:00+00:00,13.609999656677246,13.609999656677246,13.600000381469727,13.609999656677246,18229,0.0,0.0,0.0
2024-12-02 03:45:00+00:00,13.609999656677246,13.619999885559082,13.609999656677246,13.609999656677246,94853,0.0,0.0,0.0
2024-12-02 03:50:00+00:00,13.609999656677246,13.619999885559082,13.609999656677246,13.619999885559082,14565,0.0,0.0,0.0
2024-12-02 03:55:00+00:00,13.619999885559082,13.619999885559082,13.609999656677246,13.619999885559082,6677,0.0,0.0,0.0
2024-12-02 04:00:00+00:00,13.619999885559082,13.619999885559082,13.609999656677246,13.619999885559082,30356,0.0,0.0,0.0
2024-12-02 04:05:00+00:00,13.609999656677246,13.619999885559082,13.609999656677246,13.619999885559082,13042,0.0,0.0,0.0
2024-12-02 04:10:00+00:00,13.609999656677246,13.619999885559082,13.609999656677246,13.619999885559082,20495,0.0,0.0,0.0
2024-12-02 04:15:00+00:00,13.619999885559082,13.619999885559082,13.619999885559082,13.619999885559082,3119,0.0,0.0,0.0
2024-12-02 04:20:00+00:00,13.619999885559082,13.619999885559082,13.619999885559082,13.619999885559082,6080,0.0,0.0,0.0
2024-12-02 04:25:00+00:00,13.619999885559082,13.619999885559082,13.609999656677246,13.619999885559082,28543,0.0,0.0,0.0
2024-12-02 04:30:00+00:00,13.619999885559082,13.630000114440918,13.619999885559082,13.619999885559082,49139,0.0,0.0,0.0
2024-12-02 04:35:00+00:00,13.619999885559082,13.630000114440918,13.619999885559082,13.619999885559082,31614,0.0,0.0,0.0
2024-12-02 04:40:00+00:00,13.619999885559082,13.630000114440918,13.619999885559082,13.619999885559082,21283,0.0,0.0,0.0
2024-12-02 04:45:00+00:00,13.619999885559082,13.630000114440918,13.619999885559082,13.630000114440918,2374,0.0,0.0,0.0
2024-12-02 04:50:00+00:00,13.630000114440918,13.630000114440918,13.619999885559082,13.619999885559082,11210,0.0,0.0,0.0
2024-12-02 04:55:00+00:00,13.619999885559082,13.619999885559082,13.609999656677246,13.619999885559082,135323,0.0,0.0,0.0
2024-12-02 05:00:00+00:00,13.619999885559082,13.619999885559082,13.619999885559082,13.619999885559082,15060,0.0,0.0,0.0
2024-12-02 05:05:00+00:00,13.619999885559082,13.630000114440918,13.619999885559082,13.630000114440918,33645,0.0,0.0,0.0
2024-12-02 05:10:00+00:00,13.630000114440918,13.630000114440918,13.619999885559082,13.630000114440918,106990,0.0,0.0,0.0
2024-12-02 05:15:00+00:00,13.630000114440918,13.630000114440918,13.630000114440918,13.630000114440918,39605,0.0,0.0,0.0
2024-12-02 05:20:00+00:00,13.630000114440918,13.630000114440918,13.619999885559082,13.630000114440918,243668,0.0,0.0,0.0
2024-12-03 01:00:00+00:00,13.779999732971191,13.800000190734863,13.760000228881836,13.770000457763672,0,0.0,0.0,0.0
2024-12-03 01:05:00+00:00,13.779999732971191,13.779999732971191,13.770000457763672,13.770000457763672,432000,0.0,0.0,0.0
2024-12-03 01:10:00+00:00,13.779999732971191,13.819999694824219,13.779999732971191,13.800000190734863,1249026,0.0,0.0,0.0
2024-12-03 01:15:00+00:00,13.800000190734863,13.819999694824219,13.789999961853027,13.819999694824219,268923,0.0,0.0,0.0
2024-12-03 01:20:00+00:00,13.819999694824219,13.819999694824219,13.8100004196167,13.8100004196167,253380,0.0,0.0,0.0
2024-12-03 01:25:00+00:00,13.819999694824219,13.819999694824219,13.779999732971191,13.789999961853027,187053,0.0,0.0,0.0
2024-12-03 01:30:00+00:00,13.789999961853027,13.800000190734863,13.779999732971191,13.789999961853027,77436,0.0,0.0,0.0
2024-12-03 01:35:00+00:00,13.789999961853027,13.800000190734863,13.779999732971191,13.800000190734863,52835,0.0,0.0,0.0
2024-12-03 01:40:00+00:00,13.800000190734863,13.800000190734863,13.789999961853027,13.800000190734863,56152,0.0,0.0,0.0
2024-12-03 01:45:00+00:00,13.800000190734863,13.8100004196167,13.789999961853027,13.800000190734863,267239,0.0,0.0,0.0
2024-12-03 01:50:00+00:00,13.789999961853027,13.789999961853027,13.779999732971191,13.789999961853027,30008,0.0,0.0,0.0
2024-12-03 01:55:00+00:00,13.779999732971191,13.789999961853027,13.779999732971191,13.779999732971191,35388,0.0,0.0,0.0
2024-12-03 02:00:00+00:00,13.789999961853027,13.789999961853027,13.779999732971191,13.789999961853027,111182,0.0,0.0,0.0
2024-12-03 02:05:00+00:00,13.779999732971191,13.789999961853027,13.779999732971191,13.779999732971191,37008,0.0,0.0,0.0
2024-12-03 02:10:00+00:00,13.779999732971191,13.789999961853027,13.779999732971191,13.789999961853027,37918,0.0,0.0,0.0
2024-12-03 02:15:00+00:00,13.789999961853027,13.789999961853027,13.779999732971191,13.779999732971191,84298,0.0,0.0,0.0
2024-12-03 02:20:00+00:00,13.779999732971191,13.789999961853027,13.779999732971191,13.789999961853027,22627,0.0,0.0,0.0
2024-12-03 02:25:00+00:00,13.779999732971191,13.789999961853027,13.779999732971191,13.789999961853027,58237,0.0,0.0,0.0
2024-12-03 02:30:00+00:00,13.789999961853027,13.789999961853027,13.779999732971191,13.779999732971191,92177,0.0,0.0,0.0
2024-12-03 02:35:00+00:00,13.779999732971191,13.779999732971191,13.760000228881836,13.760000228881836,191598,0.0,0.0,0.0
2024-12-03 02:40:00+00:00,13.760000228881836,13.770000457763672,13.760000228881836,13.770000457763672,18259,0.0,0.0,0.0
2024-12-03 02:45:00+00:00,13.770000457763672,13.779999732971191,13.770000457763672,13.779999732971191,41409,0.0,0.0,0.0
2024-12-03 02:50:00+00:00,13.770000457763672,13.770000457763672,13.770000457763672,13.770000457763672,164228,0.0,0.0,0.0
2024-12-03 02:55:00+00:00,13.770000457763672,13.770000457763672,13.760000228881836,13.770000457763672,36498,0.0,0.0,0.0
2024-12-03 03:00:00+00:00,13.770000457763672,13.770000457763672,13.760000228881836,13.760000228881836,63644,0.0,0.0,0.0
2024-12-03 03:05:00+00:00,13.770000457763672,13.770000457763672,13.760000228881836,13.770000457763672,112696,0.0,0.0,0.0
2024-12-03 03:10:00+00:00,13.770000457763672,13.779999732971191,13.770000457763672,13.779999732971191,52056,0.0,0.0,0.0
2024-12-03 03:15:00+00:00,13.779999732971191,13.779999732971191,13.770000457763672,13.770000457763672,41085,0.0,0.0,0.0
2024-12-03 03:20:00+00:00,13.770000457763672,13.770000457763672,13.770000457763672,13.770000457763672,14734,0.0,0.0,0.0
2024-12-03 03:25:00+00:00,13.779999732971191,13.800000190734863,13.779999732971191,13.800000190734863,89443,0.0,0.0,0.0
2024-12-03 03:30:00+00:00,13.789999961853027,13.800000190734863,13.789999961853027,13.789999961853027,32167,0.0,0.0,0.0
2024-12-03 03:35:00+00:00,13.789999961853027,13.800000190734863,13.789999961853027,13.800000190734863,343841,0.0,0.0,0.0
2024-12-03 03:40:00+00:00,13.8100004196167,13.8100004196167,13.800000190734863,13.8100004196167,11907,0.0,0.0,0.0
2024-12-03 03:45:00+00:00,13.8100004196167,13.8100004196167,13.8100004196167,13.8100004196167,32683,0.0,0.0,0.0
2024-12-03 03:50:00+00:00,13.800000190734863,13.8100004196167,13.789999961853027,13.8100004196167,45029,0.0,0.0,0.0
2024-12-03 03:55:00+00:00,13.8100004196167,13.8100004196167,13.800000190734863,13.8100004196167,27016,0.0,0.0,0.0
2024-12-03 04:00:00+00:00,13.8100004196167,13.8100004196167,13.800000190734863,13.800000190734863,14860,0.0,0.0,0.0
2024-12-03 04:05:00+00:00,13.800000190734863,13.800000190734863,13.789999961853027,13.800000190734863,107002,0.0,0.0,0.0
2024-12-03 04:10:00+00:00,13.800000190734863,13.800000190734863,13.800000190734863,13.800000190734863,52494,0.0,0.0,0.0
2024-12-03 04:15:00+00:00,13.800000190734863,13.800000190734863,13.789999961853027,13.800000190734863,124849,0.0,0.0,0.0
2024-12-03 04:20:00+00:00,13.800000190734863,13.800000190734863,13.800000190734863,13.800000190734863,54606,0.0,0.0,0.0
2024-12-03 04:25:00+00:00,13.800000190734863,13.800000190734863,13.789999961853027,13.789999961853027,129939,0.0,0.0,0.0
2024-12-03 04:30:00+00:00,13.800000190734863,13.800000190734863,13.789999961853027,13.800000190734863,18190,0.0,0.0,0.0
2024-12-03 04:35:00+00:00,13.789999961853027,13.789999961853027,13.770000457763672,13.770000457763672,79010,0.0,0.0,0.0
2024-12-03 04:40:00+00:00,13.770000457763672,13.770000457763672,13.770000457763672,13.770000457763672,270746,0.0,0.0,0.0
2024-12-03 04:45:00+00:00,13.770000457763672,13.779999732971191,13.770000457763672,13.779999732971191,69266,0.0,0.0,0.0
2024-12-03 04:50:00+00:00,13.779999732971191,13.779999732971191,13.770000457763672,13.779999732971191,56010,0.0,0.0,0.0
2024-12-03 04:55:00+00:00,13.779999732971191,13.779999732971191,13.779999732971191,13.779999732971191,12403,0.0,0.0,0.0
2024-12-03 05:00:00+00:00,13.779999732971191,13.779999732971191,13.770000457763672,13.779999732971191,138463,0.0,0.0,0.0
2024-12-03 05:05:00+00:00,13.779999732971191,13.779999732971191,13.770000457763672,13.779999732971191,37007,0.0,0.0,0.0
2024-12-03 05:10:00+00:00,13.779999732971191,13.779999732971191,13.770000457763672,13.770000457763672,180350,0.0,0.0,0.0
2024-12-03 05:15:00+00:00,13.770000457763672,13.770000457763672,13.760000228881836,13.770000457763672,73045,0.0,0.0,0.0
2024-12-03 05:20:00+00:00,13.770000457763672,13.770000457763672,13.760000228881836,13.770000457763672,120886,0.0,0.0,0.0
2024-12-04 01:00:00+00:00,13.880000114440918,13.880000114440918,13.789999961853027,13.8100004196167,0,0.0,0.0,0.0
2024-12-04 01:05:00+00:00,13.8100004196167,13.829999923706055,13.8100004196167,13.8100004196167,140000,0.0,0.0,0.0
2024-12-04 01:10:00+00:00,13.8100004196167,13.8100004196167,13.800000190734863,13.800000190734863,159269,0.0,0.0,0.0
2024-12-04 01:15:00+00:00,13.800000190734863,13.819999694824219,13.789999961853027,13.789999961853027,249426,0.0,0.0,0.0
2024-12-04 01:20:00+00:00,13.789999961853027,13.800000190734863,13.789999961853027,13.800000190734863,43200,0.0,0.0,0.0
2024-12-04 01:25:00+00:00,13.789999961853027,13.800000190734863,13.789999961853027,13.789999961853027,72601,0.0,0.0,0.0
2024-12-04 01:30:00+00:00,13.800000190734863,13.800000190734863,13.789999961853027,13.789999961853027,56052,0.0,0.0,0.0
2024-12-04 01:35:00+00:00,13.800000190734863,13.800000190734863,13.779999732971191,13.789999961853027,74538,0.0,0.0,0.0
2024-12-04 01:40:00+00:00,13.789999961853027,13.800000190734863,13.779999732971191,13.800000190734863,242683,0.0,0.0,0.0
2024-12-04 01:45:00+00:00,13.800000190734863,13.8100004196167,13.800000190734863,13.800000190734863,70019,0.0,0.0,0.0
2024-12-04 01:50:00+00:00,13.800000190734863,13.8100004196167,13.800000190734863,13.8100004196167,54813,0.0,0.0,0.0
2024-12-04 01:55:00+00:00,13.8100004196167,13.8100004196167,13.8100004196167,13.8100004196167,72873,0.0,0.0,0.0
2024-12-04 02:00:00+00:00,13.819999694824219,13.819999694824219,13.8100004196167,13.819999694824219,188670,0.0,0.0,0.0
2024-12-04 02:05:00+00:00,13.819999694824219,13.819999694824219,13.8100004196167,13.819999694824219,91181,0.0,0.0,0.0
2024-12-04 02:10:00+00:00,13.8100004196167,13.8100004196167,13.800000190734863,13.800000190734863,108552,0.0,0.0,0.0
2024-12-04 02:15:00+00:00,13.800000190734863,13.8100004196167,13.800000190734863,13.800000190734863,53184,0.0,0.0,0.0
2024-12-04 02:20:00+00:00,13.800000190734863,13.800000190734863,13.789999961853027,13.800000190734863,20890,0.0,0.0,0.0
2024-12-04 02:25:00+00:00,13.800000190734863,13.8100004196167,13.789999961853027,13.8100004196167,81621,0.0,0.0,0.0
2024-12-04 02:30:00+00:00,13.800000190734863,13.800000190734863,13.800000190734863,13.800000190734863,10362,0.0,0.0,0.0
2024-12-04 02:35:00+00:00,13.789999961853027,13.800000190734863,13.789999961853027,13.800000190734863,20031,0.0,0.0,0.0
2024-12-04 02:40:00+00:00,13.800000190734863,13.800000190734863,13.800000190734863,13.800000190734863,18049,0.0,0.0,0.0
2024-12-04 02:45:00+00:00,13.800000190734863,13.800000190734863,13.789999961853027,13.800000190734863,25020,0.0,0.0,0.0
2024-12-04 02:50:00+00:00,13.800000190734863,13.8100004196167,13.800000190734863,13.800000190734863,246143,0.0,0.0,0.0
2024-12-04 02:55:00+00:00,13.789999961853027,13.800000190734863,13.789999961853027,13.789999961853027,127221,0.0,0.0,0.0
2024-12-04 03:00:00+00:00,13.789999961853027,13.800000190734863,13.789999961853027,13.800000190734863,11102,0.0,0.0,0.0
2024-12-04 03:05:00+00:00,13.800000190734863,13.800000190734863,13.800000190734863,13.800000190734863,17135,0.0,0.0,0.0
2024-12-04 03:10:00+00:00,13.800000190734863,13.800000190734863,13.779999732971191,13.779999732971191,60209,0.0,0.0,0.0
2024-12-04 03:15:00+00:00,13.789999961853027,13.800000190734863,13.789999961853027,13.789999961853027,35369,0.0,0.0,0.0
2024-12-04 03:20:00+00:00,13.789999961853027,13.800000190734863,13.789999961853027,13.789999961853027,13925,0.0,0.0,0.0
2024-12-04 03:25:00+00:00,13.789999961853027,13.800000190734863,13.789999961853027,13.789999961853027,33898,0.0,0.0,0.0
2024-12-04 03:30:00+00:00,13.789999961853027,13.789999961853027,13.789999961853027,13.789999961853027,15099,0.0,0.0,0.0
2024-12-04 03:35:00+00:00,13.800000190734863,13.800000190734863,13.789999961853027,13.800000190734863,205532,0.0,0.0,0.0
2024-12-04 03:40:00+00:00,13.8100004196167,13.8100004196167,13.8100004196167,13.8100004196167,382647,0.0,0.0,0.0
2024-12-04 03:45:00+00:00,13.8100004196167,13.819999694824219,13.8100004196167,13.819999694824219,119537,0.0,0.0,0.0
2024-12-04 03:50:00+00:00,13.819999694824219,13.819999694824219,13.819999694824219,13.819999694824219,18051,0.0,0.0,0.0
2024-12-04 03:55:00+00:00,13.819999694824219,13.819999694824219,13.800000190734863,13.800000190734863,74181,0.0,0.0,0.0
2024-12-04 04:00:00+00:00,13.800000190734863,13.8100004196167,13.800000190734863,13.8100004196167,2303,0.0,0.0,0.0
2024-12-04 04:05:00+00:00,13.8100004196167,13.8100004196167,13.8100004196167,13.8100004196167,14701,0.0,0.0,0.0
2024-12-04 04:10:00+00:00,13.8100004196167,13.8100004196167,13.800000190734863,13.800000190734863,46510,0.0,0.0,0.0
2024-12-04 04:15:00+00:00,13.800000190734863,13.800000190734863,13.800000190734863,13.800000190734863,6035,0.0,0.0,0.0
2024-12-04 04:20:00+00:00,13.800000190734863,13.8100004196167,13.800000190734863,13.800000190734863,40003,0.0,0.0,0.0
2024-12-04 04:25:00+00:00,13.800000190734863,13.8100004196167,13.789999961853027,13.789999961853027,58051,0.0,0.0,0.0
2024-12-04 04:30:00+00:00,13.800000190734863,13.800000190734863,13.789999961853027,13.789999961853027,67451,0.0,0.0,0.0
2024-12-04 04:35:00+00:00,13.800000190734863,13.800000190734863,13.789999961853027,13.789999961853027,64122,0.0,0.0,0.0
2024-12-04 04:40:00+00:00,13.789999961853027,13.8100004196167,13.789999961853027,13.8100004196167,225183,0.0,0.0,0.0
2024-12-04 04:45:00+00:00,13.819999694824219,13.819999694824219,13.8100004196167,13.819999694824219,66917,0.0,0.0,0.0
2024-12-04 04:50:00+00:00,13.8100004196167,13.829999923706055,13.8100004196167,13.829999923706055,105181,0.0,0.0,0.0
2024-12-04 04:55:00+00:00,13.819999694824219,13.819999694824219,13.819999694824219,13.819999694824219,29515,0.0,0.0,0.0
2024-12-04 05:00:00+00:00,13.819999694824219,13.829999923706055,13.819999694824219,13.819999694824219,197555,0.0,0.0,0.0
2024-12-04 05:05:00+00:00,13.819999694824219,13.84000015258789,13.819999694824219,13.829999923706055,77915,0.0,0.0,0.0
2024-12-04 05:10:00+00:00,13.829999923706055,13.84000015258789,13.829999923706055,13.84000015258789,52197,0.0,0.0,0.0
2024-12-04 05:15:00+00:00,13.84000015258789,13.84000015258789,13.84000015258789,13.84000015258789,24375,0.0,0.0,0.0
2024-12-04 05:20:00+00:00,13.84000015258789,13.84000015258789,13.829999923706055,13.829999923706055,87662,0.0,0.0,0.0
2024-12-05 01:00:00+00:00,13.850000381469727,13.920000076293945,13.850000381469727,13.899999618530273,0,0.0,0.0,0.0
2024-12-05 01:05:00+00:00,13.890000343322754,13.899999618530273,13.880000114440918,13.890000343322754,112703,0.0,0.0,0.0
2024-12-05 01:10:00+00:00,13.869999885559082,13.880000114440918,13.869999885559082,13.869999885559082,123264,0.0,0.0,0.0
2024-12-05 01:15:00+00:00,13.869999885559082,13.880000114440918,13.859999656677246,13.859999656677246,162944,0.0,0.0,0.0
2024-12-05 01:20:00+00:00,13.859999656677246,13.869999885559082,13.859999656677246,13.859999656677246,70489,0.0,0.0,0.0
2024-12-05 01:25:00+00:00,13.859999656677246,13.869999885559082,13.850000381469727,13.859999656677246,102680,0.0,0.0,0.0
2024-12-05 01:30:00+00:00,13.869999885559082,13.869999885559082,13.850000381469727,13.859999656677246,86214,0.0,0.0,0.0
2024-12-05 01:35:00+00:00,13.859999656677246,13.859999656677246,13.850000381469727,13.859999656677246,70024,0.0,0.0,0.0
2024-12-05 01:40:00+00:00,13.859999656677246,13.859999656677246,13.850000381469727,13.850000381469727,36334,0.0,0.0,0.0
2024-12-05 01:45:00+00:00,13.850000381469727,13.859999656677246,13.850000381469727,13.850000381469727,128762,0.0,0.0,0.0
2024-12-05 01:50:00+00:00,13.850000381469727,13.859999656677246,13.850000381469727,13.850000381469727,76685,0.0,0.0,0.0
2024-12-05 01:55:00+00:00,13.850000381469727,13.859999656677246,13.850000381469727,13.859999656677246,111545,0.0,0.0,0.0
2024-12-05 02:00:00+00:00,13.850000381469727,13.859999656677246,13.850000381469727,13.859999656677246,103693,0.0,0.0,0.0
2024-12-05 02:05:00+00:00,13.859999656677246,13.869999885559082,13.859999656677246,13.869999885559082,22679,0.0,0.0,0.0
2024-12-05 02:10:00+00:00,13.869999885559082,13.869999885559082,13.869999885559082,13.869999885559082,15973,0.0,0.0,0.0
2024-12-05 02:15:00+00:00,13.869999885559082,13.869999885559082,13.869999885559082,13.869999885559082,10440,0.0,0.0,0.0
2024-12-05 02:20:00+00:00,13.869999885559082,13.880000114440918,13.869999885559082,13.869999885559082,34370,0.0,0.0,0.0
2024-12-05 02:25:00+00:00,13.869999885559082,13.869999885559082,13.869999885559082,13.869999885559082,35195,0.0,0.0,0.0
2024-12-05 02:30:00+00:00,13.869999885559082,13.869999885559082,13.859999656677246,13.869999885559082,647860,0.0,0.0,0.0
2024-12-05 02:35:00+00:00,13.869999885559082,13.869999885559082,13.859999656677246,13.869999885559082,220014,0.0,0.0,0.0
2024-12-05 02:40:00+00:00,13.869999885559082,13.880000114440918,13.869999885559082,13.880000114440918,161475,0.0,0.0,0.0
2024-12-05 02:45:00+00:00,13.869999885559082,13.880000114440918,13.869999885559082,13.880000114440918,69901,0.0,0.0,0.0
2024-12-05 02:50:00+00:00,13.869999885559082,13.880000114440918,13.869999885559082,13.880000114440918,5335,0.0,0.0,0.0
2024-12-05 02:55:00+00:00,13.869999885559082,13.880000114440918,13.869999885559082,13.869999885559082,63514,0.0,0.0,0.0
2024-12-05 03:00:00+00:00,13.869999885559082,13.869999885559082,13.869999885559082,13.869999885559082,23981,0.0,0.0,0.0
2024-12-05 03:05:00+00:00,13.880000114440918,13.880000114440918,13.869999885559082,13.869999885559082,71056,0.0,0.0,0.0
2024-12-05 03:10:00+00:00,13.869999885559082,13.869999885559082,13.859999656677246,13.859999656677246,23578,0.0,0.0,0.0
2024-12-05 03:15:00+00:00,13.869999885559082,13.869999885559082,13.869999885559082,13.869999885559082,2911,0.0,0.0,0.0
2024-12-05 03:20:00+00:00,13.869999885559082,13.869999885559082,13.859999656677246,13.859999656677246,78771,0.0,0.0,0.0
2024-12-05 03:25:00+00:00,13.859999656677246,13.859999656677246,13.859999656677246,13.859999656677246,19239,0.0,0.0,0.0
2024-12-05 03:30:00+00:00,13.869999885559082,13.869999885559082,13.859999656677246,13.869999885559082,17512,0.0,0.0,0.0
2024-12-05 03:35:00+00:00,13.869999885559082,13.869999885559082,13.869999885559082,13.869999885559082,8024,0.0,0.0,0.0
2024-12-05 03:40:00+00:00,13.869999885559082,13.869999885559082,13.869999885559082,13.869999885559082,8329,0.0,0.0,0.0
2024-12-05 03:45:00+00:00,13.859999656677246,13.869999885559082,13.859999656677246,13.859999656677246,14435,0.0,0.0,0.0
2024-12-05 03:50:00+00:00,13.869999885559082,13.869999885559082,13.859999656677246,13.869999885559082,83479,0.0,0.0,0.0
2024-12-05 03:55:00+00:00,13.869999885559082,13.869999885559082,13.869999885559082,13.869999885559082,6479,0.0,0.0,0.0
2024-12-05 04:00:00+00:00,13.869999885559082,13.869999885559082,13.859999656677246,13.869999885559082,129474,0.0,0.0,0.0
2024-12-05 04:05:00+00:00,13.859999656677246,13.869999885559082,13.859999656677246,13.859999656677246,28742,0.0,0.0,0.0
2024-12-05 04:10:00+00:00,13.869999885559082,13.869999885559082,13.859999656677246,13.869999885559082,27047,0.0,0.0,0.0
2024-12-05 04:15:00+00:00,13.859999656677246,13.859999656677246,13.859999656677246,13.859999656677246,4408,0.0,0.0,0.0
2024-12-05 04:20:00+00:00,13.869999885559082,13.869999885559082,13.869999885559082,13.869999885559082,54331,0.0,0.0,0.0
2024-12-05 04:25:00+00:00,13.869999885559082,13.869999885559082,13.869999885559082,13.869999885559082,49101,0.0,0.0,0.0
2024-12-05 04:30:00+00:00,13.880000114440918,13.880000114440918,13.859999656677246,13.880000114440918,48641,0.0,0.0,0.0
2024-12-05 04:35:00+00:00,13.880000114440918,13.880000114440918,13.869999885559082,13.869999885559082,42769,0.0,0.0,0.0
2024-12-05 04:40:00+00:00,13.869999885559082,13.880000114440918,13.869999885559082,13.869999885559082,25902,0.0,0.0,0.0
2024-12-05 04:45:00+00:00,13.880000114440918,13.880000114440918,13.859999656677246,13.869999885559082,151500,0.0,0.0,0.0
2024-12-05 04:50:00+00:00,13.869999885559082,13.880000114440918,13.869999885559082,13.869999885559082,38807,0.0,0.0,0.0
2024-12-05 04:55:00+00:00,13.880000114440918,13.880000114440918,13.869999885559082,13.869999885559082,14924,0.0,0.0,0.0
2024-12-05 05:00:00+00:00,13.869999885559082,13.869999885559082,13.859999656677246,13.859999656677246,40484,0.0,0.0,0.0
2024-12-05 05:05:00+00:00,13.869999885559082,13.869999885559082,13.859999656677246,13.869999885559082,45774,0.0,0.0,0.0
2024-12-05 05:10:00+00:00,13.869999885559082,13.869999885559082,13.859999656677246,13.859999656677246,17127,0.0,0.0,0.0
2024-12-05 05:15:00+00:00,13.869999885559082,13.869999885559082,13.859999656677246,13.859999656677246,23826,0.0,0.0,0.0
2024-12-05 05:20:00+00:00,13.859999656677246,13.869999885559082,13.859999656677246,13.859999656677246,46273,0.0,0.0,0.0
2024-12-06 01:00:00+00:00,13.859999656677246,13.899999618530273,13.859999656677246,13.869999885559082,0,0.0,0.0,0.0
2024-12-06 01:05:00+00:00,13.869999885559082,13.869999885559082,13.850000381469727,13.850000381469727,133877,0.0,0.0,0.0
2024-12-06 01:10:00+00:00,13.850000381469727,13.869999885559082,13.829999923706055,13.869999885559082,277595,0.0,0.0,0.0
2024-12-06 01:15:00+00:00,13.869999885559082,13.880000114440918,13.869999885559082,13.880000114440918,75813,0.0,0.0,0.0
2024-12-06 01:20:00+00:00,13.880000114440918,13.880000114440918,13.869999885559082,13.880000114440918,72026,0.0,0.0,0.0
2024-12-06 01:25:00+00:00,13.869999885559082,13.880000114440918,13.859999656677246,13.869999885559082,15107,0.0,0.0,0.0
2024-12-06 01:30:00+00:00,13.869999885559082,13.880000114440918,13.859999656677246,13.859999656677246,91848,0.0,0.0,0.0
2024-12-06 01:35:00+00:00,13.859999656677246,13.869999885559082,13.859999656677246,13.869999885559082,365017,0.0,0.0,0.0
2024-12-06 01:40:00+00:00,13.880000114440918,13.880000114440918,13.869999885559082,13.869999885559082,41238,0.0,0.0,0.0
2024-12-06 01:45:00+00:00,13.869999885559082,13.869999885559082,13.84000015258789,13.859999656677246,145521,0.0,0.0,0.0
2024-12-06 01:50:00+00:00,13.850000381469727,13.850000381469727,13.84000015258789,13.84000015258789,107834,0.0,0.0,0.0
2024-12-06 01:55:00+00:00,13.829999923706055,13.850000381469727,13.829999923706055,13.850000381469727,86962,0.0,0.0,0.0
2024-12-06 02:00:00+00:00,13.850000381469727,13.850000381469727,13.829999923706055,13.84000015258789,40601,0.0,0.0,0.0
2024-12-06 02:05:00+00:00,13.829999923706055,13.850000381469727,13.829999923706055,13.850000381469727,95137,0.0,0.0,0.0
2024-12-06 02:10:00+00:00,13.850000381469727,13.850000381469727,13.84000015258789,13.850000381469727,6163,0.0,0.0,0.0
2024-12-06 02:15:00+00:00,13.850000381469727,13.859999656677246,13.850000381469727,13.850000381469727,58357,0.0,0.0,0.0
2024-12-06 02:20:00+00:00,13.850000381469727,13.850000381469727,13.850000381469727,13.850000381469727,5639,0.0,0.0,0.0
2024-12-06 02:25:00+00:00,13.850000381469727,13.850000381469727,13.84000015258789,13.84000015258789,17526,0.0,0.0,0.0
2024-12-06 02:30:00+00:00,13.850000381469727,13.850000381469727,13.84000015258789,13.84000015258789,34494,0.0,0.0,0.0
2024-12-06 02:35:00+00:00,13.850000381469727,13.850000381469727,13.829999923706055,13.829999923706055,100117,0.0,0.0,0.0
2024-12-06 02:40:00+00:00,13.829999923706055,13.850000381469727,13.829999923706055,13.84000015258789,27388,0.0,0.0,0.0
2024-12-06 02:45:00+00:00,13.850000381469727,13.850000381469727,13.84000015258789,13.84000015258789,50057,0.0,0.0,0.0
2024-12-06 02:50:00+00:00,13.84000015258789,13.84000015258789,13.829999923706055,13.829999923706055,35297,0.0,0.0,0.0
2024-12-06 02:55:00+00:00,13.84000015258789,13.84000015258789,13.829999923706055,13.829999923706055,214396,0.0,0.0,0.0
2024-12-06 03:00:00+00:00,13.84000015258789,13.84000015258789,13.819999694824219,13.819999694824219,192790,0.0,0.0,0.0
2024-12-06 03:05:00+00:00,13.84000015258789,13.84000015258789,13.819999694824219,13.829999923706055,15474,0.0,0.0,0.0
2024-12-06 03:10:00+00:00,13.829999923706055,13.829999923706055,13.829999923706055,13.829999923706055,10615,0.0,0.0,0.0
2024-12-06 03:15:00+00:00,13.829999923706055,13.829999923706055,13.819999694824219,13.819999694824219,26296,0.0,0.0,0.0
2024-12-06 03:20:00+00:00,13.829999923706055,13.829999923706055,13.819999694824219,13.829999923706055,25925,0.0,0.0,0.0
2024-12-06 03:25:00+00:00,13.829999923706055,13.829999923706055,13.829999923706055,13.829999923706055,2433,0.0,0.0,0.0
2024-12-06 03:30:00+00:00,13.829999923706055,13.829999923706055,13.819999694824219,13.829999923706055,56098,0.0,0.0,0.0
2024-12-06 03:35:00+00:00,13.84000015258789,13.84000015258789,13.84000015258789,13.84000015258789,18357,0.0,0.0,0.0
2024-12-06 03:40:00+00:00,13.829999923706055,13.84000015258789,13.829999923706055,13.84000015258789,27715,0.0,0.0,0.0
2024-12-06 03:45:00+00:00,13.84000015258789,13.84000015258789,13.829999923706055,13.829999923706055,5225,0.0,0.0,0.0
2024-12-06 03:50:00+00:00,13.829999923706055,13.84000015258789,13.829999923706055,13.829999923706055,37219,0.0,0.0,0.0
2024-12-06 03:55:00+00:00,13.829999923706055,13.829999923706055,13.819999694824219,13.819999694824219,254111,0.0,0.0,0.0
2024-12-06 04:00:00+00:00,13.819999694824219,13.819999694824219,13.8100004196167,13.8100004196167,37158,0.0,0.0,0.0
2024-12-06 04:05:00+00:00,13.819999694824219,13.819999694824219,13.8100004196167,13.819999694824219,20187,0.0,0.0,0.0
2024-12-06 04:10:00+00:00,13.819999694824219,13.819999694824219,13.8100004196167,13.819999694824219,26687,0.0,0.0,0.0
2024-12-06 04:15:00+00:00,13.819999694824219,13.819999694824219,13.8100004196167,13.819999694824219,117629,0.0,0.0,0.0
2024-12-06 04:20:00+00:00,13.8100004196167,13.8100004196167,13.800000190734863,13.800000190734863,56876,0.0,0.0,0.0
2024-12-06 04:25:00+00:00,13.800000190734863,13.800000190734863,13.789999961853027,13.789999961853027,253876,0.0,0.0,0.0
2024-12-06 04:30:00+00:00,13.789999961853027,13.800000190734863,13.789999961853027,13.800000190734863,19868,0.0,0.0,0.0
2024-12-06 04:35:00+00:00,13.789999961853027,13.789999961853027,13.779999732971191,13.789999961853027,121552,0.0,0.0,0.0
2024-12-06 04:40:00+00:00,13.789999961853027,13.789999961853027,13.779999732971191,13.779999732971191,78713,0.0,0.0,0.0
2024-12-06 04:45:00+00:00,13.789999961853027,13.800000190734863,13.789999961853027,13.800000190734863,72410,0.0,0.0,0.0
2024-12-06 04:50:00+00:00,13.800000190734863,13.800000190734863,13.789999961853027,13.800000190734863,14665,0.0,0.0,0.0
2024-12-06 04:55:00+00:00,13.800000190734863,13.800000190734863,13.800000190734863,13.800000190734863,113801,0.0,0.0,0.0
2024-12-06 05:00:00+00:00,13.8100004196167,13.819999694824219,13.800000190734863,13.819999694824219,165238,0.0,0.0,0.0
2024-12-06 05:05:00+00:00,13.819999694824219,13.819999694824219,13.8100004196167,13.819999694824219,13730,0.0,0.0,0.0
2024-12-06 05:10:00+00:00,13.819999694824219,13.829999923706055,13.819999694824219,13.829999923706055,60248,0.0,0.0,0.0
2024-12-06 05:15:00+00:00,13.829999923706055,13.829999923706055,13.8100004196167,13.819999694824219,32415,0.0,0.0,0.0
2024-12-06 05:20:00+00:00,13.819999694824219,13.819999694824219,13.8100004196167,13.819999694824219,54201,0.0,0.0,0.0
2024-12-09 01:00:00+00:00,13.819999694824219,13.880000114440918,13.819999694824219,13.859999656677246,0,0.0,0.0,0.0
2024-12-09 01:05:00+00:00,13.859999656677246,13.859999656677246,13.84000015258789,13.84000015258789,116323,0.0,0.0,0.0
2024-12-09 01:10:00+00:00,13.850000381469727,13.880000114440918,13.850000381469727,13.880000114440918,105557,0.0,0.0,0.0
2024-12-09 01:15:00+00:00,13.880000114440918,13.880000114440918,13.859999656677246,13.859999656677246,188742,0.0,0.0,0.0
2024-12-09 01:20:00+00:00,13.859999656677246,13.869999885559082,13.859999656677246,13.869999885559082,40818,0.0,0.0,0.0
2024-12-09 01:25:00+00:00,13.869999885559082,13.869999885559082,13.850000381469727,13.859999656677246,30148,0.0,0.0,0.0
2024-12-09 01:30:00+00:00,13.850000381469727,13.869999885559082,13.850000381469727,13.859999656677246,79693,0.0,0.0,0.0
2024-12-09 01:35:00+00:00,13.859999656677246,13.869999885559082,13.84000015258789,13.869999885559082,245176,0.0,0.0,0.0
2024-12-09 01:40:00+00:00,13.869999885559082,13.869999885559082,13.84000015258789,13.84000015258789,30526,0.0,0.0,0.0
2024-12-09 01:45:00+00:00,13.84000015258789,13.850000381469727,13.84000015258789,13.850000381469727,32965,0.0,0.0,0.0
2024-12-09 01:50:00+00:00,13.84000015258789,13.850000381469727,13.84000015258789,13.850000381469727,112389,0.0,0.0,0.0
2024-12-09 01:55:00+00:00,13.84000015258789,13.859999656677246,13.84000015258789,13.859999656677246,47458,0.0,0.0,0.0
2024-12-09 02:00:00+00:00,13.859999656677246,13.869999885559082,13.850000381469727,13.869999885559082,97548,0.0,0.0,0.0
2024-12-09 02:05:00+00:00,13.869999885559082,13.869999885559082,13.859999656677246,13.869999885559082,26637,0.0,0.0,0.0
2024-12-09 02:10:00+00:00,13.869999885559082,13.869999885559082,13.859999656677246,13.869999885559082,94621,0.0,0.0,0.0
2024-12-09 02:15:00+00:00,13.869999885559082,13.869999885559082,13.869999885559082,13.869999885559082,8464,0.0,0.0,0.0
2024-12-09 02:20:00+00:00,13.869999885559082,13.869999885559082,13.859999656677246,13.869999885559082,10070,0.0,0.0,0.0
2024-12-09 02:25:00+00:00,13.869999885559082,13.869999885559082,13.859999656677246,13.859999656677246,9390,0.0,0.0,0.0
2024-12-09 02:30:00+00:00,13.869999885559082,13.869999885559082,13.859999656677246,13.859999656677246,53048,0.0,0.0,0.0
2024-12-09 02:35:00+00:00,13.869999885559082,13.869999885559082,13.859999656677246,13.869999885559082,35439,0.0,0.0,0.0
2024-12-09 02:40:00+00:00,13.869999885559082,13.869999885559082,13.859999656677246,13.869999885559082,250335,0.0,0.0,0.0
2024-12-09 02:45:00+00:00,13.869999885559082,13.869999885559082,13.859999656677246,13.859999656677246,42645,0.0,0.0,0.0
2024-12-09 02:50:00+00:00,13.859999656677246,13.869999885559082,13.850000381469727,13.859999656677246,74073,0.0,0.0,0.0
2024-12-09 02:55:00+00:00,13.859999656677246,13.859999656677246,13.859999656677246,13.859999656677246,7469,0.0,0.0,0.0
2024-12-09 03:00:00+00:00,13.859999656677246,13.859999656677246,13.850000381469727,13.850000381469727,98109,0.0,0.0,0.0
2024-12-09 03:05:00+00:00,13.859999656677246,13.859999656677246,13.859999656677246,13.859999656677246,6277,0.0,0.0,0.0
2024-12-09 03:10:00+00:00,13.850000381469727,13.859999656677246,13.850000381469727,13.850000381469727,21639,0.0,0.0,0.0
2024-12-09 03:15:00+00:00,13.84000015258789,13.84000015258789,13.829999923706055,13.84000015258789,207208,0.0,0.0,0.0
2024-12-09 03:20:00+00:00,13.84000015258789,13.84000015258789,13.84000015258789,13.84000015258789,5025,0.0,0.0,0.0
2024-12-09 03:25:00+00:00,13.84000015258789,13.850000381469727,13.84000015258789,13.84000015258789,16402,0.0,0.0,0.0
2024-12-09 03:30:00+00:00,13.850000381469727,13.850000381469727,13.84000015258789,13.84000015258789,24129,0.0,0.0,0.0
2024-12-09 03:35:00+00:00,13.84000015258789,13.850000381469727,13.829999923706055,13.850000381469727,16264,0.0,0.0,0.0
2024-12-09 03:40:00+00:00,13.84000015258789,13.850000381469727,13.84000015258789,13.850000381469727,10475,0.0,0.0,0.0
2024-12-09 03:45:00+00:00,13.850000381469727,13.850000381469727,13.84000015258789,13.84000015258789,26125,0.0,0.0,0.0
2024-12-09 03:50:00+00:00,13.84000015258789,13.850000381469727,13.829999923706055,13.829999923706055,8275,0.0,0.0,0.0
2024-12-09 03:55:00+00:00,13.829999923706055,13.84000015258789,13.829999923706055,13.829999923706055,111034,0.0,0.0,0.0
2024-12-09 04:00:00+00:00,13.850000381469727,13.850000381469727,13.84000015258789,13.850000381469727,9160,0.0,0.0,0.0
2024-12-09 04:05:00+00:00,13.84000015258789,13.84000015258789,13.829999923706055,13.829999923706055,8227,0.0,0.0,0.0
2024-12-09 04:10:00+00:00,13.84000015258789,13.84000015258789,13.84000015258789,13.84000015258789,31735,0.0,0.0,0.0
2024-12-09 04:15:00+00:00,13.850000381469727,13.850000381469727,13.850000381469727,13.850000381469727,26287,0.0,0.0,0.0
2024-12-09 04:20:00+00:00,13.84000015258789,13.850000381469727,13.84000015258789,13.850000381469727,23540,0.0,0.0,0.0
2024-12-09 04:25:00+00:00,13.850000381469727,13.850000381469727,13.84000015258789,13.850000381469727,33622,0.0,0.0,0.0
2024-12-09 04:30:00+00:00,13.850000381469727,13.850000381469727,13.84000015258789,13.850000381469727,10914,0.0,0.0,0.0
2024-12-09 04:35:00+00:00,13.850000381469727,13.850000381469727,13.850000381469727,13.850000381469727,74015,0.0,0.0,0.0
2024-12-09 04:40:00+00:00,13.850000381469727,13.850000381469727,13.84000015258789,13.84000015258789,65933,0.0,0.0,0.0
2024-12-09 04:45:00+00:00,13.84000015258789,13.84000015258789,13.84000015258789,13.84000015258789,3475,0.0,0.0,0.0
2024-12-09 04:50:00+00:00,13.84000015258789,13.850000381469727,13.84000015258789,13.84000015258789,24333,0.0,0.0,0.0
2024-12-09 04:55:00+00:00,13.850000381469727,13.850000381469727,13.84000015258789,13.84000015258789,7235,0.0,0.0,0.0
2024-12-09 05:00:00+00:00,13.84000015258789,13.84000015258789,13.829999923706055,13.84000015258789,24667,0.0,0.0,0.0
2024-12-09 05:05:00+00:00,13.84000015258789,13.850000381469727,13.84000015258789,13.850000381469727,17835,0.0,0.0,0.0
2024-12-09 05:10:00+00:00,13.84000015258789,13.850000381469727,13.84000015258789,13.850000381469727,45053,0.0,0.0,0.0
2024-12-09 05:15:00+00:00,13.850000381469727,13.850000381469727,13.84000015258789,13.84000015258789,41986,0.0,0.0,0.0
2024-12-09 05:20:00+00:00,13.84000015258789,13.850000381469727,13.84000015258789,13.850000381469727,19184,0.0,0.0,0.0
2024-12-10 01:00:00+00:00,13.819999694824219,13.850000381469727,13.819999694824219,13.850000381469727,0,0.0,0.0,0.0
2024-12-10 01:05:00+00:00,13.850000381469727,13.880000114440918,13.850000381469727,13.869999885559082,81000,0.0,0.0,0.0
2024-12-10 01:10:00+00:00,13.869999885559082,13.869999885559082,13.869999885559082,13.869999885559082,44653,0.0,0.0,0.0
2024-12-10 01:15:00+00:00,13.859999656677246,13.869999885559082,13.859999656677246,13.869999885559082,72098,0.0,0.0,0.0
2024-12-10 01:20:00+00:00,13.869999885559082,13.869999885559082,13.859999656677246,13.859999656677246,33312,0.0,0.0,0.0
2024-12-10 01:25:00+00:00,13.859999656677246,13.859999656677246,13.850000381469727,13.850000381469727,11713,0.0,0.0,0.0
2024-12-10 01:30:00+00:00,13.859999656677246,13.859999656677246,13.829999923706055,13.829999923706055,122048,0.0,0.0,0.0
2024-12-10 01:35:00+00:00,13.84000015258789,13.84000015258789,13.8100004196167,13.8100004196167,68001,0.0,0.0,0.0
2024-12-10 01:40:00+00:00,13.8100004196167,13.819999694824219,13.800000190734863,13.8100004196167,185653,0.0,0.0,0.0
2024-12-10 01:45:00+00:00,13.8100004196167,13.8100004196167,13.800000190734863,13.800000190734863,27067,0.0,0.0,0.0
2024-12-10 01:50:00+00:00,13.800000190734863,13.8100004196167,13.789999961853027,13.789999961853027,206082,0.0,0.0,0.0
2024-12-10 01:55:00+00:00,13.789999961853027,13.800000190734863,13.789999961853027,13.800000190734863,31402,0.0,0.0,0.0
2024-12-10 02:00:00+00:00,13.800000190734863,13.8100004196167,13.789999961853027,13.800000190734863,76450,0.0,0.0,0.0
2024-12-10 02:05:00+00:00,13.789999961853027,13.800000190734863,13.789999961853027,13.789999961853027,128651,0.0,0.0,0.0
2024-12-10 02:10:00+00:00,13.789999961853027,13.800000190734863,13.789999961853027,13.800000190734863,18036,0.0,0.0,0.0
2024-12-10 02:15:00+00:00,13.800000190734863,13.800000190734863,13.800000190734863,13.800000190734863,22201,0.0,0.0,0.0
2024-12-10 02:20:00+00:00,13.800000190734863,13.8100004196167,13.800000190734863,13.8100004196167,23920,0.0,0.0,0.0
2024-12-10 02:25:00+00:00,13.800000190734863,13.8100004196167,13.800000190734863,13.8100004196167,36220,0.0,0.0,0.0
2024-12-10 02:30:00+00:00,13.8100004196167,13.8100004196167,13.800000190734863,13.800000190734863,11650,0.0,0.0,0.0
2024-12-10 02:35:00+00:00,13.800000190734863,13.8100004196167,13.800000190734863,13.8100004196167,34280,0.0,0.0,0.0
2024-12-10 02:40:00+00:00,13.8100004196167,13.8100004196167,13.800000190734863,13.800000190734863,8295,0.0,0.0,0.0
2024-12-10 02:45:00+00:00,13.8100004196167,13.8100004196167,13.8100004196167,13.8100004196167,13285,0.0,0.0,0.0
2024-12-10 02:50:00+00:00,13.8100004196167,13.8100004196167,13.8100004196167,13.8100004196167,16203,0.0,0.0,0.0
2024-12-10 02:55:00+00:00,13.800000190734863,13.8100004196167,13.800000190734863,13.800000190734863,4188,0.0,0.0,0.0
2024-12-10 03:00:00+00:00,13.8100004196167,13.8100004196167,13.800000190734863,13.8100004196167,38385,0.0,0.0,0.0
2024-12-10 03:05:00+00:00,13.8100004196167,13.8100004196167,13.800000190734863,13.8100004196167,114036,0.0,0.0,0.0
2024-12-10 03:10:00+00:00,13.8100004196167,13.8100004196167,13.800000190734863,13.800000190734863,18127,0.0,0.0,0.0
2024-12-10 03:15:00+00:00,13.800000190734863,13.8100004196167,13.800000190734863,13.8100004196167,11312,0.0,0.0,0.0
2024-12-10 03:20:00+00:00,13.8100004196167,13.8100004196167,13.800000190734863,13.800000190734863,93787,0.0,0.0,0.0
2024-12-10 03:25:00+00:00,13.800000190734863,13.800000190734863,13.800000190734863,13.800000190734863,43882,0.0,0.0,0.0
2024-12-10 03:30:00+00:00,13.789999961853027,13.789999961853027,13.779999732971191,13.779999732971191,85617,0.0,0.0,0.0
2024-12-10 03:35:00+00:00,13.789999961853027,13.789999961853027,13.779999732971191,13.779999732971191,16313,0.0,0.0,0.0
2024-12-10 03:40:00+00:00,13.779999732971191,13.789999961853027,13.779999732971191,13.789999961853027,29067,0.0,0.0,0.0
2024-12-10 03:45:00+00:00,13.789999961853027,13.789999961853027,13.779999732971191,13.789999961853027,23228,0.0,0.0,0.0
2024-12-10 03:50:00+00:00,13.789999961853027,13.800000190734863,13.789999961853027,13.800000190734863,18960,0.0,0.0,0.0
2024-12-10 03:55:00+00:00,13.800000190734863,13.8100004196167,13.800000190734863,13.8100004196167,23221,0.0,0.0,0.0
2024-12-10 04:00:00+00:00,13.8100004196167,13.8100004196167,13.800000190734863,13.800000190734863,26476,0.0,0.0,0.0
2024-12-10 04:05:00+00:00,13.800000190734863,13.8100004196167,13.800000190734863,13.8100004196167,9126,0.0,0.0,0.0
2024-12-10 04:10:00+00:00,13.800000190734863,13.8100004196167,13.800000190734863,13.800000190734863,30230,0.0,0.0,0.0
2024-12-10 04:15:00+00:00,13.800000190734863,13.800000190734863,13.800000190734863,13.800000190734863,19368,0.0,0.0,0.0
2024-12-10 04:20:00+00:00,13.800000190734863,13.800000190734863,13.789999961853027,13.789999961853027,4302,0.0,0.0,0.0
2024-12-10 04:25:00+00:00,13.789999961853027,13.8100004196167,13.789999961853027,13.8100004196167,25010,0.0,0.0,0.0
2024-12-10 04:30:00+00:00,13.8100004196167,13.8100004196167,13.800000190734863,13.800000190734863,15387,0.0,0.0,0.0
2024-12-10 04:35:00+00:00,13.800000190734863,13.8100004196167,13.800000190734863,13.800000190734863,30812,0.0,0.0,0.0
2024-12-10 04:40:00+00:00,13.8100004196167,13.8100004196167,13.800000190734863,13.800000190734863,57860,0.0,0.0,0.0
2024-12-10 04:45:00+00:00,13.800000190734863,13.800000190734863,13.789999961853027,13.800000190734863,17809,0.0,0.0,0.0
2024-12-10 04:50:00+00:00,13.800000190734863,13.800000190734863,13.789999961853027,13.800000190734863,42639,0.0,0.0,0.0
2024-12-10 04:55:00+00:00,13.800000190734863,13.800000190734863,13.789999961853027,13.789999961853027,18053,0.0,0.0,0.0
2024-12-10 05:00:00+00:00,13.800000190734863,13.800000190734863,13.789999961853027,13.800000190734863,32930,0.0,0.0,0.0
2024-12-10 05:05:00+00:00,13.800000190734863,13.800000190734863,13.800000190734863,13.800000190734863,34254,0.0,0.0,0.0
2024-12-10 05:10:00+00:00,13.8100004196167,13.8100004196167,13.800000190734863,13.800000190734863,31565,0.0,0.0,0.0
2024-12-10 05:15:00+00:00,13.800000190734863,13.800000190734863,13.789999961853027,13.789999961853027,37533,0.0,0.0,0.0
2024-12-10 05:20:00+00:00,13.800000190734863,13.800000190734863,13.789999961853027,13.789999961853027,138658,0.0,0.0,0.0
2024-12-11 01:00:00+00:00,13.649999618530273,13.699999809265137,13.649999618530273,13.6899995803833,0,0.0,0.0,0.0
2024-12-11 01:05:00+00:00,13.699999809265137,13.699999809265137,13.680000305175781,13.680000305175781,202501,0.0,0.0,0.0
2024-12-11 01:10:00+00:00,13.699999809265137,13.699999809265137,13.6899995803833,13.699999809265137,75307,0.0,0.0,0.0
2024-12-11 01:15:00+00:00,13.699999809265137,13.720000267028809,13.699999809265137,13.699999809265137,206902,0.0,0.0,0.0
2024-12-11 01:20:00+00:00,13.699999809265137,13.699999809265137,13.699999809265137,13.699999809265137,33330,0.0,0.0,0.0
2024-12-11 01:25:00+00:00,13.699999809265137,13.710000038146973,13.6899995803833,13.710000038146973,52736,0.0,0.0,0.0
2024-12-11 01:30:00+00:00,13.710000038146973,13.720000267028809,13.710000038146973,13.720000267028809,141504,0.0,0.0,0.0
2024-12-11 01:35:00+00:00,13.720000267028809,13.739999771118164,13.710000038146973,13.739999771118164,353543,0.0,0.0,0.0
2024-12-11 01:40:00+00:00,13.739999771118164,13.739999771118164,13.729999542236328,13.739999771118164,35498,0.0,0.0,0.0
2024-12-11 01:45:00+00:00,13.739999771118164,13.75,13.739999771118164,13.75,7487,0.0,0.0,0.0
2024-12-11 01:50:00+00:00,13.75,13.760000228881836,13.75,13.760000228881836,20042,0.0,0.0,0.0
2024-12-11 01:55:00+00:00,13.760000228881836,13.779999732971191,13.760000228881836,13.760000228881836,72406,0.0,0.0,0.0
2024-12-11 02:00:00+00:00,13.760000228881836,13.760000228881836,13.760000228881836,13.760000228881836,44812,0.0,0.0,0.0
2024-12-11 02:05:00+00:00,13.760000228881836,13.760000228881836,13.760000228881836,13.760000228881836,8142,0.0,0.0,0.0
2024-12-11 02:10:00+00:00,13.760000228881836,13.760000228881836,13.760000228881836,13.760000228881836,1001,0.0,0.0,0.0
2024-12-11 02:15:00+00:00,13.760000228881836,13.760000228881836,13.75,13.75,106719,0.0,0.0,0.0
2024-12-11 02:20:00+00:00,13.75,13.75,13.739999771118164,13.739999771118164,149777,0.0,0.0,0.0
2024-12-11 02:25:00+00:00,13.739999771118164,13.739999771118164,13.739999771118164,13.739999771118164,23000,0.0,0.0,0.0
2024-12-11 02:30:00+00:00,13.739999771118164,13.739999771118164,13.729999542236328,13.729999542236328,31103,0.0,0.0,0.0
2024-12-11 02:35:00+00:00,13.729999542236328,13.739999771118164,13.729999542236328,13.729999542236328,35863,0.0,0.0,0.0
2024-12-11 02:40:00+00:00,13.729999542236328,13.739999771118164,13.729999542236328,13.729999542236328,25053,0.0,0.0,0.0
2024-12-11 02:45:00+00:00,13.739999771118164,13.739999771118164,13.729999542236328,13.729999542236328,23142,0.0,0.0,0.0
2024-12-11 02:50:00+00:00,13.739999771118164,13.739999771118164,13.729999542236328,13.739999771118164,22065,0.0,0.0,0.0
2024-12-11 02:55:00+00:00,13.729999542236328,13.739999771118164,13.729999542236328,13.739999771118164,10028,0.0,0.0,0.0
2024-12-11 03:00:00+00:00,13.739999771118164,13.739999771118164,13.739999771118164,13.739999771118164,4313,0.0,0.0,0.0
2024-12-11 03:05:00+00:00,13.739999771118164,13.75,13.739999771118164,13.75,325324,0.0,0.0,0.0
2024-12-11 03:10:00+00:00,13.75,13.75,13.75,13.75,3573,0.0,0.0,0.0
2024-12-11 03:15:00+00:00,13.75,13.75,13.739999771118164,13.739999771118164,29086,0.0,0.0,0.0
2024-12-11 03:20:00+00:00,13.739999771118164,13.75,13.739999771118164,13.739999771118164,7000,0.0,0.0,0.0
2024-12-11 03:25:00+00:00,13.75,13.75,13.75,13.75,6390,0.0,0.0,0.0
2024-12-11 03:30:00+00:00,13.75,13.75,13.75,13.75,8020,0.0,0.0,0.0
2024-12-11 03:35:00+00:00,13.75,13.75,13.739999771118164,13.739999771118164,12014,0.0,0.0,0.0
2024-12-11 03:40:00+00:00,13.739999771118164,13.75,13.739999771118164,13.75,10292,0.0,0.0,0.0
2024-12-11 03:45:00+00:00,13.739999771118164,13.75,13.739999771118164,13.739999771118164,14143,0.0,0.0,0.0
2024-12-11 03:55:00+00:00,13.739999771118164,13.75,13.739999771118164,13.75,27015,0.0,0.0,0.0
2024-12-11 04:00:00+00:00,13.75,13.75,13.729999542236328,13.739999771118164,70411,0.0,0.0,0.0
2024-12-11 04:05:00+00:00,13.739999771118164,13.739999771118164,13.729999542236328,13.739999771118164,89013,0.0,0.0,0.0
2024-12-11 04:10:00+00:00,13.729999542236328,13.729999542236328,13.720000267028809,13.729999542236328,95149,0.0,0.0,0.0
2024-12-11 04:15:00+00:00,13.729999542236328,13.729999542236328,13.720000267028809,13.729999542236328,61125,0.0,0.0,0.0
2024-12-11 04:20:00+00:00,13.720000267028809,13.729999542236328,13.710000038146973,13.720000267028809,163880,0.0,0.0,0.0
2024-12-11 04:25:00+00:00,13.699999809265137,13.710000038146973,13.6899995803833,13.6899995803833,179080,0.0,0.0,0.0
2024-12-11 04:30:00+00:00,13.699999809265137,13.710000038146973,13.699999809265137,13.710000038146973,11140,0.0,0.0,0.0
2024-12-11 04:35:00+00:00,13.710000038146973,13.710000038146973,13.699999809265137,13.699999809265137,42073,0.0,0.0,0.0
2024-12-11 04:40:00+00:00,13.6899995803833,13.6899995803833,13.680000305175781,13.6899995803833,91313,0.0,0.0,0.0
2024-12-11 04:45:00+00:00,13.699999809265137,13.699999809265137,13.699999809265137,13.699999809265137,2165,0.0,0.0,0.0
2024-12-11 04:50:00+00:00,13.699999809265137,13.699999809265137,13.6899995803833,13.699999809265137,23445,0.0,0.0,0.0
2024-12-11 04:55:00+00:00,13.699999809265137,13.699999809265137,13.6899995803833,13.6899995803833,64319,0.0,0.0,0.0
2024-12-11 05:00:00+00:00,13.6899995803833,13.699999809265137,13.6899995803833,13.6899995803833,10700,0.0,0.0,0.0
2024-12-11 05:05:00+00:00,13.699999809265137,13.699999809265137,13.699999809265137,13.699999809265137,49151,0.0,0.0,0.0
2024-12-11 05:10:00+00:00,13.699999809265137,13.710000038146973,13.699999809265137,13.710000038146973,84205,0.0,0.0,0.0
2024-12-11 05:15:00+00:00,13.710000038146973,13.710000038146973,13.6899995803833,13.6899995803833,36097,0.0,0.0,0.0
2024-12-11 05:20:00+00:00,13.699999809265137,13.720000267028809,13.699999809265137,13.710000038146973,16770,0.0,0.0,0.0
2024-12-12 01:00:00+00:00,13.779999732971191,13.850000381469727,13.779999732971191,13.829999923706055,0,0.0,0.0,0.0
2024-12-12 01:05:00+00:00,13.829999923706055,13.84000015258789,13.819999694824219,13.84000015258789,175306,0.0,0.0,0.0
2024-12-12 01:10:00+00:00,13.84000015258789,13.84000015258789,13.829999923706055,13.829999923706055,15008,0.0,0.0,0.0
2024-12-12 01:15:00+00:00,13.829999923706055,13.84000015258789,13.829999923706055,13.84000015258789,25328,0.0,0.0,0.0
2024-12-12 01:20:00+00:00,13.84000015258789,13.850000381469727,13.84000015258789,13.850000381469727,329200,0.0,0.0,0.0
2024-12-12 01:25:00+00:00,13.850000381469727,13.850000381469727,13.829999923706055,13.84000015258789,38318,0.0,0.0,0.0
2024-12-12 01:30:00+00:00,13.84000015258789,13.84000015258789,13.829999923706055,13.84000015258789,317889,0.0,0.0,0.0
2024-12-12 01:35:00+00:00,13.84000015258789,13.84000015258789,13.84000015258789,13.84000015258789,6103,0.0,0.0,0.0
2024-12-12 01:40:00+00:00,13.84000015258789,13.84000015258789,13.829999923706055,13.84000015258789,105001,0.0,0.0,0.0
2024-12-12 01:45:00+00:00,13.850000381469727,13.850000381469727,13.84000015258789,13.850000381469727,49199,0.0,0.0,0.0
2024-12-12 01:50:00+00:00,13.84000015258789,13.84000015258789,13.819999694824219,13.819999694824219,293959,0.0,0.0,0.0
2024-12-12 01:55:00+00:00,13.8100004196167,13.819999694824219,13.8100004196167,13.8100004196167,37050,0.0,0.0,0.0
2024-12-12 02:00:00+00:00,13.8100004196167,13.819999694824219,13.8100004196167,13.8100004196167,111100,0.0,0.0,0.0
2024-12-12 02:05:00+00:00,13.819999694824219,13.819999694824219,13.8100004196167,13.8100004196167,6437,0.0,0.0,0.0
2024-12-12 02:10:00+00:00,13.8100004196167,13.819999694824219,13.8100004196167,13.819999694824219,63415,0.0,0.0,0.0
2024-12-12 02:15:00+00:00,13.8100004196167,13.8100004196167,13.8100004196167,13.8100004196167,8939,0.0,0.0,0.0
2024-12-12 02:20:00+00:00,13.8100004196167,13.8100004196167,13.800000190734863,13.8100004196167,32092,0.0,0.0,0.0
2024-12-12 02:25:00+00:00,13.8100004196167,13.8100004196167,13.800000190734863,13.8100004196167,26031,0.0,0.0,0.0
2024-12-12 02:30:00+00:00,13.819999694824219,13.819999694824219,13.819999694824219,13.819999694824219,136769,0.0,0.0,0.0
2024-12-12 02:35:00+00:00,13.8100004196167,13.829999923706055,13.8100004196167,13.819999694824219,15854,0.0,0.0,0.0
2024-12-12 02:40:00+00:00,13.819999694824219,13.829999923706055,13.819999694824219,13.819999694824219,14540,0.0,0.0,0.0
2024-12-12 02:45:00+00:00,13.829999923706055,13.829999923706055,13.819999694824219,13.819999694824219,13933,0.0,0.0,0.0
2024-12-12 02:50:00+00:00,13.8100004196167,13.8100004196167,13.800000190734863,13.800000190734863,148502,0.0,0.0,0.0
2024-12-12 02:55:00+00:00,13.800000190734863,13.8100004196167,13.800000190734863,13.8100004196167,35203,0.0,0.0,0.0
2024-12-12 03:00:00+00:00,13.819999694824219,13.829999923706055,13.819999694824219,13.829999923706055,70868,0.0,0.0,0.0
2024-12-12 03:05:00+00:00,13.829999923706055,13.829999923706055,13.829999923706055,13.829999923706055,20011,0.0,0.0,0.0
2024-12-12 03:10:00+00:00,13.829999923706055,13.829999923706055,13.829999923706055,13.829999923706055,24318,0.0,0.0,0.0
2024-12-12 03:15:00+00:00,13.829999923706055,13.829999923706055,13.819999694824219,13.819999694824219,45022,0.0,0.0,0.0
2024-12-12 03:20:00+00:00,13.829999923706055,13.829999923706055,13.819999694824219,13.829999923706055,19003,0.0,0.0,0.0
2024-12-12 03:25:00+00:00,13.829999923706055,13.829999923706055,13.819999694824219,13.819999694824219,9175,0.0,0.0,0.0
2024-12-12 03:30:00+00:00,13.819999694824219,13.819999694824219,13.8100004196167,13.819999694824219,41123,0.0,0.0,0.0
2024-12-12 03:35:00+00:00,13.819999694824219,13.819999694824219,13.800000190734863,13.8100004196167,133101,0.0,0.0,0.0
2024-12-12 03:40:00+00:00,13.8100004196167,13.819999694824219,13.800000190734863,13.800000190734863,36156,0.0,0.0,0.0
2024-12-12 03:45:00+00:00,13.8100004196167,13.819999694824219,13.800000190734863,13.819999694824219,37702,0.0,0.0,0.0
2024-12-12 03:50:00+00:00,13.819999694824219,13.819999694824219,13.8100004196167,13.819999694824219,56152,0.0,0.0,0.0
2024-12-12 03:55:00+00:00,13.819999694824219,13.819999694824219,13.8100004196167,13.8100004196167,45912,0.0,0.0,0.0
2024-12-12 04:00:00+00:00,13.819999694824219,13.819999694824219,13.8100004196167,13.819999694824219,30003,0.0,0.0,0.0
2024-12-12 04:05:00+00:00,13.819999694824219,13.819999694824219,13.8100004196167,13.8100004196167,106377,0.0,0.0,0.0
2024-12-12 04:10:00+00:00,13.819999694824219,13.819999694824219,13.8100004196167,13.819999694824219,51045,0.0,0.0,0.0
2024-12-12 04:15:00+00:00,13.819999694824219,13.819999694824219,13.8100004196167,13.819999694824219,44180,0.0,0.0,0.0
2024-12-12 04:20:00+00:00,13.819999694824219,13.819999694824219,13.8100004196167,13.819999694824219,36011,0.0,0.0,0.0
2024-12-12 04:25:00+00:00,13.819999694824219,13.819999694824219,13.8100004196167,13.819999694824219,39086,0.0,0.0,0.0
2024-12-12 04:30:00+00:00,13.819999694824219,13.819999694824219,13.8100004196167,13.819999694824219,34406,0.0,0.0,0.0
2024-12-12 04:35:00+00:00,13.819999694824219,13.819999694824219,13.8100004196167,13.819999694824219,44140,0.0,0.0,0.0
2024-12-12 04:40:00+00:00,13.819999694824219,13.829999923706055,13.8100004196167,13.829999923706055,56100,0.0,0.0,0.0
2024-12-12 04:45:00+00:00,13.829999923706055,13.829999923706055,13.8100004196167,13.829999923706055,47197,0.0,0.0,0.0
2024-12-12 04:50:00+00:00,13.829999923706055,13.829999923706055,13.819999694824219,13.829999923706055,289540,0.0,0.0,0.0
2024-12-12 04:55:00+00:00,13.829999923706055,13.829999923706055,13.819999694824219,13.829999923706055,50810,0.0,0.0,0.0
2024-12-12 05:00:00+00:00,13.829999923706055,13.829999923706055,13.8100004196167,13.829999923706055,59041,0.0,0.0,0.0
2024-12-12 05:05:00+00:00,13.829999923706055,13.829999923706055,13.8100004196167,13.819999694824219,38141,0.0,0.0,0.0
2024-12-12 05:10:00+00:00,13.829999923706055,13.829999923706055,13.829999923706055,13.829999923706055,28331,0.0,0.0,0.0
2024-12-12 05:15:00+00:00,13.829999923706055,13.829999923706055,13.819999694824219,13.829999923706055,105040,0.0,0.0,0.0
2024-12-12 05:20:00+00:00,13.829999923706055,13.829999923706055,13.819999694824219,13.829999923706055,38563,0.0,0.0,0.0
2024-12-13 01:00:00+00:00,13.800000190734863,13.800000190734863,13.770000457763672,13.770000457763672,0,0.0,0.0,0.0
2024-12-13 01:05:00+00:00,13.770000457763672,13.770000457763672,13.75,13.760000228881836,118866,0.0,0.0,0.0
2024-12-13 01:10:00+00:00,13.770000457763672,13.789999961853027,13.760000228881836,13.789999961853027,37000,0.0,0.0,0.0
2024-12-13 01:15:00+00:00,13.779999732971191,13.779999732971191,13.770000457763672,13.779999732971191,79649,0.0,0.0,0.0
2024-12-13 01:20:00+00:00,13.789999961853027,13.789999961853027,13.770000457763672,13.770000457763672,112265,0.0,0.0,0.0
2024-12-13 01:25:00+00:00,13.770000457763672,13.770000457763672,13.760000228881836,13.770000457763672,127262,0.0,0.0,0.0
2024-12-13 01:30:00+00:00,13.779999732971191,13.779999732971191,13.779999732971191,13.779999732971191,22745,0.0,0.0,0.0
2024-12-13 01:35:00+00:00,13.779999732971191,13.789999961853027,13.770000457763672,13.779999732971191,13663,0.0,0.0,0.0
2024-12-13 01:40:00+00:00,13.779999732971191,13.779999732971191,13.770000457763672,13.779999732971191,28118,0.0,0.0,0.0
2024-12-13 01:45:00+00:00,13.779999732971191,13.789999961853027,13.779999732971191,13.789999961853027,40405,0.0,0.0,0.0
2024-12-13 01:50:00+00:00,13.800000190734863,13.800000190734863,13.789999961853027,13.789999961853027,11052,0.0,0.0,0.0
2024-12-13 01:55:00+00:00,13.789999961853027,13.789999961853027,13.779999732971191,13.779999732971191,6567,0.0,0.0,0.0
2024-12-13 02:00:00+00:00,13.789999961853027,13.789999961853027,13.770000457763672,13.770000457763672,145951,0.0,0.0,0.0
2024-12-13 02:05:00+00:00,13.760000228881836,13.770000457763672,13.760000228881836,13.760000228881836,303852,0.0,0.0,0.0
2024-12-13 02:10:00+00:00,13.75,13.760000228881836,13.75,13.760000228881836,18143,0.0,0.0,0.0
2024-12-13 02:15:00+00:00,13.760000228881836,13.760000228881836,13.75,13.75,43761,0.0,0.0,0.0
2024-12-13 02:20:00+00:00,13.760000228881836,13.8100004196167,13.760000228881836,13.8100004196167,132167,0.0,0.0,0.0
2024-12-13 02:25:00+00:00,13.800000190734863,13.819999694824219,13.800000190734863,13.800000190734863,14535,0.0,0.0,0.0
2024-12-13 02:30:00+00:00,13.8100004196167,13.819999694824219,13.800000190734863,13.819999694824219,142155,0.0,0.0,0.0
2024-12-13 02:35:00+00:00,13.819999694824219,13.819999694824219,13.819999694824219,13.819999694824219,16565,0.0,0.0,0.0
2024-12-13 02:40:00+00:00,13.8100004196167,13.8100004196167,13.8100004196167,13.8100004196167,17058,0.0,0.0,0.0
2024-12-13 02:45:00+00:00,13.8100004196167,13.819999694824219,13.8100004196167,13.8100004196167,14442,0.0,0.0,0.0
2024-12-13 02:50:00+00:00,13.8100004196167,13.819999694824219,13.8100004196167,13.819999694824219,153261,0.0,0.0,0.0
2024-12-13 02:55:00+00:00,13.819999694824219,13.829999923706055,13.819999694824219,13.829999923706055,61724,0.0,0.0,0.0
2024-12-13 03:00:00+00:00,13.819999694824219,13.829999923706055,13.819999694824219,13.819999694824219,23171,0.0,0.0,0.0
2024-12-13 03:05:00+00:00,13.819999694824219,13.829999923706055,13.819999694824219,13.819999694824219,76924,0.0,0.0,0.0
2024-12-13 03:10:00+00:00,13.819999694824219,13.829999923706055,13.800000190734863,13.800000190734863,39317,0.0,0.0,0.0
2024-12-13 03:15:00+00:00,13.8100004196167,13.829999923706055,13.8100004196167,13.819999694824219,36641,0.0,0.0,0.0
2024-12-13 03:20:00+00:00,13.8100004196167,13.819999694824219,13.800000190734863,13.8100004196167,31640,0.0,0.0,0.0
2024-12-13 03:25:00+00:00,13.8100004196167,13.819999694824219,13.8100004196167,13.819999694824219,20037,0.0,0.0,0.0
2024-12-13 03:30:00+00:00,13.819999694824219,13.819999694824219,13.819999694824219,13.819999694824219,11094,0.0,0.0,0.0
2024-12-13 03:35:00+00:00,13.8100004196167,13.829999923706055,13.8100004196167,13.829999923706055,27027,0.0,0.0,0.0
2024-12-13 03:40:00+00:00,13.829999923706055,13.829999923706055,13.819999694824219,13.819999694824219,26785,0.0,0.0,0.0
2024-12-13 03:45:00+00:00,13.819999694824219,13.819999694824219,13.8100004196167,13.819999694824219,24829,0.0,0.0,0.0
2024-12-13 03:50:00+00:00,13.819999694824219,13.819999694824219,13.819999694824219,13.819999694824219,22537,0.0,0.0,0.0
2024-12-13 03:55:00+00:00,13.819999694824219,13.819999694824219,13.819999694824219,13.819999694824219,22067,0.0,0.0,0.0
2024-12-13 04:00:00+00:00,13.819999694824219,13.829999923706055,13.819999694824219,13.829999923706055,21254,0.0,0.0,0.0
2024-12-13 04:05:00+00:00,13.829999923706055,13.829999923706055,13.819999694824219,13.819999694824219,61328,0.0,0.0,0.0
2024-12-13 04:10:00+00:00,13.829999923706055,13.829999923706055,13.819999694824219,13.829999923706055,32192,0.0,0.0,0.0
2024-12-13 04:15:00+00:00,13.829999923706055,13.829999923706055,13.819999694824219,13.819999694824219,55407,0.0,0.0,0.0
2024-12-13 04:20:00+00:00,13.829999923706055,13.829999923706055,13.800000190734863,13.829999923706055,33376,0.0,0.0,0.0
2024-12-13 04:25:00+00:00,13.829999923706055,13.829999923706055,13.800000190734863,13.819999694824219,136537,0.0,0.0,0.0
2024-12-13 04:30:00+00:00,13.819999694824219,13.819999694824219,13.8100004196167,13.8100004196167,75353,0.0,0.0,0.0
2024-12-13 04:35:00+00:00,13.800000190734863,13.8100004196167,13.800000190734863,13.800000190734863,111491,0.0,0.0,0.0
2024-12-13 04:40:00+00:00,13.8100004196167,13.8100004196167,13.789999961853027,13.800000190734863,45187,0.0,0.0,0.0
2024-12-13 04:45:00+00:00,13.800000190734863,13.800000190734863,13.789999961853027,13.800000190734863,34540,0.0,0.0,0.0
2024-12-13 04:50:00+00:00,13.8100004196167,13.8100004196167,13.800000190734863,13.8100004196167,30465,0.0,0.0,0.0
2024-12-13 04:55:00+00:00,13.8100004196167,13.8100004196167,13.800000190734863,13.800000190734863,42146,0.0,0.0,0.0
2024-12-13 05:00:00+00:00,13.8100004196167,13.8100004196167,13.800000190734863,13.8100004196167,58276,0.0,0.0,0.0
2024-12-13 05:05:00+00:00,13.8100004196167,13.8100004196167,13.800000190734863,13.8100004196167,56702,0.0,0.0,0.0
2024-12-13 05:10:00+00:00,13.8100004196167,13.8100004196167,13.800000190734863,13.8100004196167,41897,0.0,0.0,0.0
2024-12-13 05:15:00+00:00,13.8100004196167,13.8100004196167,13.800000190734863,13.800000190734863,77774,0.0,0.0,0.0
2024-12-13 05:20:00+00:00,13.800000190734863,13.800000190734863,13.789999961853027,13.789999961853027,61999,0.0,0.0,0.0
2024-12-16 01:00:00+00:00,13.899999618530273,13.949999809265137,13.899999618530273,13.930000305175781,0,0.0,0.0,0.0
2024-12-16 01:05:00+00:00,13.9399995803833,13.949999809265137,13.920000076293945,13.920000076293945,177000,0.0,0.0,0.0
2024-12-16 01:10:00+00:00,13.930000305175781,13.930000305175781,13.899999618530273,13.899999618530273,128301,0.0,0.0,0.0
2024-12-16 01:15:00+00:00,13.90999984741211,13.90999984741211,13.880000114440918,13.890000343322754,80024,0.0,0.0,0.0
2024-12-16 01:20:00+00:00,13.890000343322754,13.899999618530273,13.880000114440918,13.880000114440918,50277,0.0,0.0,0.0
2024-12-16 01:25:00+00:00,13.880000114440918,13.899999618530273,13.869999885559082,13.890000343322754,131641,0.0,0.0,0.0
2024-12-16 01:30:00+00:00,13.890000343322754,13.890000343322754,13.880000114440918,13.890000343322754,45536,0.0,0.0,0.0
2024-12-16 01:35:00+00:00,13.890000343322754,13.890000343322754,13.869999885559082,13.869999885559082,56653,0.0,0.0,0.0
2024-12-16 01:40:00+00:00,13.869999885559082,13.880000114440918,13.859999656677246,13.880000114440918,54177,0.0,0.0,0.0
2024-12-16 01:45:00+00:00,13.880000114440918,13.880000114440918,13.869999885559082,13.880000114440918,24127,0.0,0.0,0.0
2024-12-16 01:50:00+00:00,13.880000114440918,13.880000114440918,13.880000114440918,13.880000114440918,40356,0.0,0.0,0.0
2024-12-16 01:55:00+00:00,13.890000343322754,13.899999618530273,13.880000114440918,13.899999618530273,233959,0.0,0.0,0.0
2024-12-16 02:00:00+00:00,13.899999618530273,13.899999618530273,13.890000343322754,13.899999618530273,45379,0.0,0.0,0.0
2024-12-16 02:05:00+00:00,13.899999618530273,13.899999618530273,13.890000343322754,13.899999618530273,32681,0.0,0.0,0.0
2024-12-16 02:10:00+00:00,13.890000343322754,13.890000343322754,13.880000114440918,13.890000343322754,25398,0.0,0.0,0.0
2024-12-16 02:15:00+00:00,13.890000343322754,13.899999618530273,13.880000114440918,13.880000114440918,130650,0.0,0.0,0.0
2024-12-16 02:20:00+00:00,13.880000114440918,13.880000114440918,13.859999656677246,13.859999656677246,122852,0.0,0.0,0.0
2024-12-16 02:25:00+00:00,13.869999885559082,13.869999885559082,13.859999656677246,13.859999656677246,45187,0.0,0.0,0.0
2024-12-16 02:30:00+00:00,13.859999656677246,13.859999656677246,13.850000381469727,13.850000381469727,32169,0.0,0.0,0.0
2024-12-16 02:35:00+00:00,13.859999656677246,13.859999656677246,13.850000381469727,13.859999656677246,28536,0.0,0.0,0.0
2024-12-16 02:40:00+00:00,13.859999656677246,13.859999656677246,13.850000381469727,13.850000381469727,42217,0.0,0.0,0.0
2024-12-16 02:45:00+00:00,13.850000381469727,13.859999656677246,13.84000015258789,13.850000381469727,80576,0.0,0.0,0.0
2024-12-16 02:50:00+00:00,13.859999656677246,13.859999656677246,13.850000381469727,13.850000381469727,18213,0.0,0.0,0.0
2024-12-16 02:55:00+00:00,13.850000381469727,13.850000381469727,13.84000015258789,13.84000015258789,8829,0.0,0.0,0.0
2024-12-16 03:00:00+00:00,13.850000381469727,13.850000381469727,13.84000015258789,13.84000015258789,21807,0.0,0.0,0.0
2024-12-16 03:05:00+00:00,13.84000015258789,13.850000381469727,13.829999923706055,13.850000381469727,20262,0.0,0.0,0.0
2024-12-16 03:10:00+00:00,13.850000381469727,13.850000381469727,13.84000015258789,13.84000015258789,65102,0.0,0.0,0.0
2024-12-16 03:15:00+00:00,13.850000381469727,13.850000381469727,13.84000015258789,13.84000015258789,15517,0.0,0.0,0.0
2024-12-16 03:20:00+00:00,13.84000015258789,13.84000015258789,13.819999694824219,13.829999923706055,96905,0.0,0.0,0.0
2024-12-16 03:25:00+00:00,13.829999923706055,13.829999923706055,13.8100004196167,13.8100004196167,55456,0.0,0.0,0.0
2024-12-16 03:30:00+00:00,13.819999694824219,13.819999694824219,13.8100004196167,13.8100004196167,25820,0.0,0.0,0.0
2024-12-16 03:35:00+00:00,13.8100004196167,13.819999694824219,13.800000190734863,13.800000190734863,113688,0.0,0.0,0.0
2024-12-16 03:40:00+00:00,13.789999961853027,13.800000190734863,13.789999961853027,13.789999961853027,76653,0.0,0.0,0.0
2024-12-16 03:45:00+00:00,13.800000190734863,13.800000190734863,13.789999961853027,13.800000190734863,47975,0.0,0.0,0.0
2024-12-16 03:50:00+00:00,13.789999961853027,13.800000190734863,13.779999732971191,13.789999961853027,53223,0.0,0.0,0.0
2024-12-16 03:55:00+00:00,13.789999961853027,13.789999961853027,13.779999732971191,13.779999732971191,23592,0.0,0.0,0.0
2024-12-16 04:00:00+00:00,13.779999732971191,13.800000190734863,13.779999732971191,13.800000190734863,16100,0.0,0.0,0.0
2024-12-16 04:05:00+00:00,13.800000190734863,13.800000190734863,13.789999961853027,13.789999961853027,44835,0.0,0.0,0.0
2024-12-16 04:10:00+00:00,13.789999961853027,13.800000190734863,13.789999961853027,13.800000190734863,61366,0.0,0.0,0.0
2024-12-16 04:15:00+00:00,13.789999961853027,13.789999961853027,13.770000457763672,13.789999961853027,85114,0.0,0.0,0.0
2024-12-16 04:20:00+00:00,13.789999961853027,13.789999961853027,13.770000457763672,13.770000457763672,23332,0.0,0.0,0.0
2024-12-16 04:25:00+00:00,13.789999961853027,13.789999961853027,13.770000457763672,13.770000457763672,12899,0.0,0.0,0.0
2024-12-16 04:30:00+00:00,13.779999732971191,13.779999732971191,13.779999732971191,13.779999732971191,37252,0.0,0.0,0.0
2024-12-16 04:35:00+00:00,13.789999961853027,13.789999961853027,13.779999732971191,13.789999961853027,21120,0.0,0.0,0.0
2024-12-16 04:40:00+00:00,13.789999961853027,13.800000190734863,13.789999961853027,13.800000190734863,29370,0.0,0.0,0.0
2024-12-16 04:45:00+00:00,13.800000190734863,13.800000190734863,13.789999961853027,13.789999961853027,59924,0.0,0.0,0.0
2024-12-16 04:50:00+00:00,13.789999961853027,13.789999961853027,13.779999732971191,13.779999732971191,79130,0.0,0.0,0.0
2024-12-16 04:55:00+00:00,13.789999961853027,13.789999961853027,13.770000457763672,13.770000457763672,140612,0.0,0.0,0.0
2024-12-16 05:00:00+00:00,13.770000457763672,13.779999732971191,13.770000457763672,13.779999732971191,18429,0.0,0.0,0.0
2024-12-16 05:05:00+00:00,13.779999732971191,13.779999732971191,13.770000457763672,13.779999732971191,40468,0.0,0.0,0.0
2024-12-16 05:10:00+00:00,13.779999732971191,13.779999732971191,13.770000457763672,13.770000457763672,50251,0.0,0.0,0.0
2024-12-16 05:15:00+00:00,13.770000457763672,13.770000457763672,13.760000228881836,13.760000228881836,79172,0.0,0.0,0.0
2024-12-16 05:20:00+00:00,13.770000457763672,13.779999732971191,13.760000228881836,13.770000457763672,32150,0.0,0.0,0.0
2024-12-17 01:00:00+00:00,13.779999732971191,13.84000015258789,13.779999732971191,13.84000015258789,0,0.0,0.0,0.0
2024-12-17 01:05:00+00:00,13.84000015258789,13.84000015258789,13.829999923706055,13.84000015258789,36870,0.0,0.0,0.0
2024-12-17 01:10:00+00:00,13.84000015258789,13.850000381469727,13.84000015258789,13.84000015258789,129034,0.0,0.0,0.0
2024-12-17 01:15:00+00:00,13.850000381469727,13.859999656677246,13.84000015258789,13.859999656677246,100591,0.0,0.0,0.0
2024-12-17 01:20:00+00:00,13.859999656677246,13.869999885559082,13.850000381469727,13.869999885559082,184201,0.0,0.0,0.0
2024-12-17 01:25:00+00:00,13.859999656677246,13.869999885559082,13.859999656677246,13.869999885559082,83309,0.0,0.0,0.0
2024-12-17 01:30:00+00:00,13.869999885559082,13.869999885559082,13.859999656677246,13.859999656677246,29497,0.0,0.0,0.0
2024-12-17 01:35:00+00:00,13.859999656677246,13.869999885559082,13.859999656677246,13.859999656677246,70265,0.0,0.0,0.0
2024-12-17 01:40:00+00:00,13.859999656677246,13.859999656677246,13.84000015258789,13.850000381469727,47314,0.0,0.0,0.0
2024-12-17 01:45:00+00:00,13.850000381469727,13.859999656677246,13.850000381469727,13.859999656677246,373095,0.0,0.0,0.0
2024-12-17 01:50:00+00:00,13.869999885559082,13.869999885559082,13.859999656677246,13.869999885559082,31917,0.0,0.0,0.0
2024-12-17 01:55:00+00:00,13.859999656677246,13.869999885559082,13.84000015258789,13.859999656677246,97859,0.0,0.0,0.0
2024-12-17 02:00:00+00:00,13.850000381469727,13.859999656677246,13.850000381469727,13.850000381469727,42016,0.0,0.0,0.0
2024-12-17 02:05:00+00:00,13.850000381469727,13.859999656677246,13.850000381469727,13.859999656677246,143464,0.0,0.0,0.0
2024-12-17 02:10:00+00:00,13.850000381469727,13.859999656677246,13.850000381469727,13.859999656677246,25267,0.0,0.0,0.0
2024-12-17 02:15:00+00:00,13.859999656677246,13.859999656677246,13.850000381469727,13.850000381469727,38214,0.0,0.0,0.0
2024-12-17 02:20:00+00:00,13.859999656677246,13.859999656677246,13.850000381469727,13.859999656677246,102946,0.0,0.0,0.0
2024-12-17 02:25:00+00:00,13.850000381469727,13.850000381469727,13.84000015258789,13.84000015258789,188828,0.0,0.0,0.0
2024-12-17 02:30:00+00:00,13.84000015258789,13.84000015258789,13.829999923706055,13.84000015258789,78562,0.0,0.0,0.0
2024-12-17 02:35:00+00:00,13.84000015258789,13.84000015258789,13.84000015258789,13.84000015258789,22125,0.0,0.0,0.0
2024-12-17 02:40:00+00:00,13.829999923706055,13.829999923706055,13.829999923706055,13.829999923706055,1000,0.0,0.0,0.0
2024-12-17 02:45:00+00:00,13.84000015258789,13.84000015258789,13.829999923706055,13.84000015258789,16016,0.0,0.0,0.0
2024-12-17 02:50:00+00:00,13.84000015258789,13.84000015258789,13.84000015258789,13.84000015258789,6242,0.0,0.0,0.0
2024-12-17 02:55:00+00:00,13.829999923706055,13.829999923706055,13.829999923706055,13.829999923706055,13271,0.0,0.0,0.0
2024-12-17 03:00:00+00:00,13.829999923706055,13.829999923706055,13.819999694824219,13.829999923706055,59242,0.0,0.0,0.0
2024-12-17 03:05:00+00:00,13.819999694824219,13.829999923706055,13.819999694824219,13.829999923706055,8094,0.0,0.0,0.0
2024-12-17 03:10:00+00:00,13.829999923706055,13.829999923706055,13.819999694824219,13.819999694824219,31226,0.0,0.0,0.0
2024-12-17 03:15:00+00:00,13.829999923706055,13.829999923706055,13.829999923706055,13.829999923706055,21189,0.0,0.0,0.0
2024-12-17 03:20:00+00:00,13.829999923706055,13.829999923706055,13.829999923706055,13.829999923706055,12506,0.0,0.0,0.0
2024-12-17 03:25:00+00:00,13.84000015258789,13.84000015258789,13.84000015258789,13.84000015258789,6021,0.0,0.0,0.0
2024-12-17 03:30:00+00:00,13.84000015258789,13.84000015258789,13.819999694824219,13.819999694824219,21304,0.0,0.0,0.0
2024-12-17 03:35:00+00:00,13.829999923706055,13.829999923706055,13.829999923706055,13.829999923706055,1017,0.0,0.0,0.0
2024-12-17 03:40:00+00:00,13.84000015258789,13.84000015258789,13.829999923706055,13.829999923706055,2294,0.0,0.0,0.0
2024-12-17 03:45:00+00:00,13.84000015258789,13.84000015258789,13.819999694824219,13.819999694824219,28226,0.0,0.0,0.0
2024-12-17 03:50:00+00:00,13.829999923706055,13.84000015258789,13.829999923706055,13.84000015258789,3615,0.0,0.0,0.0
2024-12-17 03:55:00+00:00,13.829999923706055,13.829999923706055,13.819999694824219,13.819999694824219,17297,0.0,0.0,0.0
2024-12-17 04:00:00+00:00,13.829999923706055,13.829999923706055,13.819999694824219,13.819999694824219,54467,0.0,0.0,0.0
2024-12-17 04:05:00+00:00,13.829999923706055,13.829999923706055,13.819999694824219,13.819999694824219,4017,0.0,0.0,0.0
2024-12-17 04:10:00+00:00,13.829999923706055,13.829999923706055,13.829999923706055,13.829999923706055,99264,0.0,0.0,0.0
2024-12-17 04:15:00+00:00,13.829999923706055,13.829999923706055,13.829999923706055,13.829999923706055,12005,0.0,0.0,0.0
2024-12-17 04:20:00+00:00,13.819999694824219,13.819999694824219,13.8100004196167,13.8100004196167,17626,0.0,0.0,0.0
2024-12-17 04:25:00+00:00,13.8100004196167,13.829999923706055,13.8100004196167,13.829999923706055,7016,0.0,0.0,0.0
2024-12-17 04:30:00+00:00,13.819999694824219,13.819999694824219,13.819999694824219,13.819999694824219,32012,0.0,0.0,0.0
2024-12-17 04:35:00+00:00,13.819999694824219,13.819999694824219,13.819999694824219,13.819999694824219,12454,0.0,0.0,0.0
2024-12-17 04:40:00+00:00,13.819999694824219,13.819999694824219,13.8100004196167,13.819999694824219,24510,0.0,0.0,0.0
2024-12-17 04:45:00+00:00,13.819999694824219,13.819999694824219,13.8100004196167,13.8100004196167,14819,0.0,0.0,0.0
2024-12-17 04:50:00+00:00,13.8100004196167,13.8100004196167,13.8100004196167,13.8100004196167,34862,0.0,0.0,0.0
2024-12-17 04:55:00+00:00,13.8100004196167,13.819999694824219,13.8100004196167,13.8100004196167,10311,0.0,0.0,0.0
2024-12-17 05:00:00+00:00,13.819999694824219,13.819999694824219,13.8100004196167,13.8100004196167,12210,0.0,0.0,0.0
2024-12-17 05:05:00+00:00,13.8100004196167,13.819999694824219,13.8100004196167,13.819999694824219,23583,0.0,0.0,0.0
2024-12-17 05:10:00+00:00,13.8100004196167,13.819999694824219,13.8100004196167,13.819999694824219,31258,0.0,0.0,0.0
2024-12-17 05:15:00+00:00,13.819999694824219,13.819999694824219,13.800000190734863,13.8100004196167,79943,0.0,0.0,0.0
2024-12-17 05:20:00+00:00,13.8100004196167,13.8100004196167,13.800000190734863,13.8100004196167,77812,0.0,0.0,0.0
2024-12-18 01:00:00+00:00,13.800000190734863,13.819999694824219,13.75,13.760000228881836,140000,0.0,0.0,0.0
2024-12-18 01:05:00+00:00,13.770000457763672,13.779999732971191,13.75,13.75,188000,0.0,0.0,0.0
2024-12-18 01:10:00+00:00,13.739999771118164,13.75,13.739999771118164,13.75,66857,0.0,0.0,0.0
2024-12-18 01:15:00+00:00,13.75,13.760000228881836,13.75,13.75,61552,0.0,0.0,0.0
2024-12-18 01:20:00+00:00,13.75,13.75,13.75,13.75,117823,0.0,0.0,0.0
2024-12-18 01:25:00+00:00,13.760000228881836,13.760000228881836,13.75,13.760000228881836,380381,0.0,0.0,0.0
2024-12-18 01:30:00+00:00,13.760000228881836,13.760000228881836,13.75,13.760000228881836,21704,0.0,0.0,0.0
2024-12-18 01:35:00+00:00,13.760000228881836,13.770000457763672,13.760000228881836,13.770000457763672,39628,0.0,0.0,0.0
2024-12-18 01:40:00+00:00,13.760000228881836,13.779999732971191,13.760000228881836,13.779999732971191,25123,0.0,0.0,0.0
2024-12-18 01:45:00+00:00,13.779999732971191,13.800000190734863,13.779999732971191,13.789999961853027,21331,0.0,0.0,0.0
2024-12-18 01:50:00+00:00,13.789999961853027,13.789999961853027,13.779999732971191,13.789999961853027,25548,0.0,0.0,0.0
2024-12-18 01:55:00+00:00,13.789999961853027,13.789999961853027,13.789999961853027,13.789999961853027,21145,0.0,0.0,0.0
2024-12-18 02:00:00+00:00,13.789999961853027,13.800000190734863,13.789999961853027,13.800000190734863,16348,0.0,0.0,0.0
2024-12-18 02:05:00+00:00,13.800000190734863,13.800000190734863,13.789999961853027,13.800000190734863,30582,0.0,0.0,0.0
2024-12-18 02:10:00+00:00,13.789999961853027,13.800000190734863,13.789999961853027,13.800000190734863,4239,0.0,0.0,0.0
2024-12-18 02:15:00+00:00,13.789999961853027,13.8100004196167,13.789999961853027,13.8100004196167,42753,0.0,0.0,0.0
2024-12-18 02:20:00+00:00,13.8100004196167,13.8100004196167,13.8100004196167,13.8100004196167,1000,0.0,0.0,0.0
2024-12-18 02:25:00+00:00,13.800000190734863,13.8100004196167,13.800000190734863,13.800000190734863,21078,0.0,0.0,0.0
2024-12-18 02:30:00+00:00,13.8100004196167,13.8100004196167,13.800000190734863,13.800000190734863,5048,0.0,0.0,0.0
2024-12-18 02:35:00+00:00,13.800000190734863,13.8100004196167,13.800000190734863,13.800000190734863,24147,0.0,0.0,0.0
2024-12-18 02:40:00+00:00,13.800000190734863,13.8100004196167,13.800000190734863,13.800000190734863,36034,0.0,0.0,0.0
2024-12-18 02:45:00+00:00,13.8100004196167,13.8100004196167,13.779999732971191,13.8100004196167,175639,0.0,0.0,0.0
2024-12-18 02:50:00+00:00,13.8100004196167,13.8100004196167,13.800000190734863,13.800000190734863,4691,0.0,0.0,0.0
2024-12-18 02:55:00+00:00,13.800000190734863,13.800000190734863,13.789999961853027,13.800000190734863,15513,0.0,0.0,0.0
2024-12-18 03:00:00+00:00,13.800000190734863,13.800000190734863,13.789999961853027,13.789999961853027,31574,0.0,0.0,0.0
2024-12-18 03:05:00+00:00,13.800000190734863,13.800000190734863,13.789999961853027,13.789999961853027,15306,0.0,0.0,0.0
2024-12-18 03:10:00+00:00,13.800000190734863,13.800000190734863,13.789999961853027,13.800000190734863,3024,0.0,0.0,0.0
2024-12-18 03:15:00+00:00,13.789999961853027,13.789999961853027,13.779999732971191,13.789999961853027,10957,0.0,0.0,0.0
2024-12-18 03:20:00+00:00,13.789999961853027,13.789999961853027,13.789999961853027,13.789999961853027,12324,0.0,0.0,0.0
2024-12-18 03:25:00+00:00,13.779999732971191,13.779999732971191,13.779999732971191,13.779999732971191,82772,0.0,0.0,0.0
2024-12-18 03:30:00+00:00,13.779999732971191,13.779999732971191,13.770000457763672,13.779999732971191,33562,0.0,0.0,0.0
2024-12-18 03:35:00+00:00,13.770000457763672,13.770000457763672,13.770000457763672,13.770000457763672,42288,0.0,0.0,0.0
2024-12-18 03:40:00+00:00,13.770000457763672,13.779999732971191,13.770000457763672,13.770000457763672,22202,0.0,0.0,0.0
2024-12-18 03:45:00+00:00,13.770000457763672,13.779999732971191,13.770000457763672,13.779999732971191,2124,0.0,0.0,0.0
2024-12-18 03:50:00+00:00,13.779999732971191,13.779999732971191,13.770000457763672,13.779999732971191,18362,0.0,0.0,0.0
2024-12-18 03:55:00+00:00,13.779999732971191,13.779999732971191,13.779999732971191,13.779999732971191,7169,0.0,0.0,0.0
2024-12-18 04:00:00+00:00,13.779999732971191,13.779999732971191,13.779999732971191,13.779999732971191,29690,0.0,0.0,0.0
2024-12-18 04:05:00+00:00,13.779999732971191,13.789999961853027,13.779999732971191,13.789999961853027,18320,0.0,0.0,0.0
2024-12-18 04:10:00+00:00,13.789999961853027,13.789999961853027,13.789999961853027,13.789999961853027,20733,0.0,0.0,0.0
2024-12-18 04:15:00+00:00,13.800000190734863,13.800000190734863,13.800000190734863,13.800000190734863,1137,0.0,0.0,0.0
2024-12-18 04:20:00+00:00,13.800000190734863,13.819999694824219,13.800000190734863,13.819999694824219,205630,0.0,0.0,0.0
2024-12-18 04:25:00+00:00,13.819999694824219,13.850000381469727,13.819999694824219,13.850000381469727,99676,0.0,0.0,0.0
2024-12-18 04:30:00+00:00,13.850000381469727,13.859999656677246,13.850000381469727,13.850000381469727,70022,0.0,0.0,0.0
2024-12-18 04:35:00+00:00,13.850000381469727,13.850000381469727,13.84000015258789,13.850000381469727,15290,0.0,0.0,0.0
2024-12-18 04:40:00+00:00,13.850000381469727,13.869999885559082,13.850000381469727,13.859999656677246,96208,0.0,0.0,0.0
2024-12-18 04:45:00+00:00,13.880000114440918,13.880000114440918,13.869999885559082,13.869999885559082,62893,0.0,0.0,0.0
2024-12-18 04:50:00+00:00,13.859999656677246,13.859999656677246,13.850000381469727,13.859999656677246,104920,0.0,0.0,0.0
2024-12-18 04:55:00+00:00,13.859999656677246,13.859999656677246,13.850000381469727,13.859999656677246,51556,0.0,0.0,0.0
2024-12-18 05:00:00+00:00,13.850000381469727,13.850000381469727,13.819999694824219,13.819999694824219,87118,0.0,0.0,0.0
2024-12-18 05:05:00+00:00,13.829999923706055,13.829999923706055,13.819999694824219,13.829999923706055,31504,0.0,0.0,0.0
2024-12-18 05:10:00+00:00,13.829999923706055,13.829999923706055,13.819999694824219,13.819999694824219,15619,0.0,0.0,0.0
2024-12-18 05:15:00+00:00,13.829999923706055,13.84000015258789,13.819999694824219,13.84000015258789,49692,0.0,0.0,0.0
2024-12-18 05:20:00+00:00,13.819999694824219,13.84000015258789,13.819999694824219,13.829999923706055,19093,0.0,0.0,0.0
2024-12-19 01:00:00+00:00,13.649999618530273,13.710000038146973,13.640000343322754,13.6899995803833,0,0.0,0.0,0.0
2024-12-19 01:05:00+00:00,13.6899995803833,13.699999809265137,13.680000305175781,13.699999809265137,266000,0.0,0.0,0.0
2024-12-19 01:10:00+00:00,13.699999809265137,13.699999809265137,13.680000305175781,13.6899995803833,400005,0.0,0.0,0.0
2024-12-19 01:15:00+00:00,13.6899995803833,13.699999809265137,13.680000305175781,13.699999809265137,242510,0.0,0.0,0.0
2024-12-19 01:20:00+00:00,13.699999809265137,13.710000038146973,13.6899995803833,13.710000038146973,65608,0.0,0.0,0.0
2024-12-19 01:25:00+00:00,13.710000038146973,13.720000267028809,13.6899995803833,13.6899995803833,379936,0.0,0.0,0.0
2024-12-19 01:30:00+00:00,13.6899995803833,13.6899995803833,13.65999984741211,13.65999984741211,318036,0.0,0.0,0.0
2024-12-19 01:35:00+00:00,13.670000076293945,13.699999809265137,13.670000076293945,13.6899995803833,288533,0.0,0.0,0.0
2024-12-19 01:40:00+00:00,13.6899995803833,13.699999809265137,13.6899995803833,13.699999809265137,48053,0.0,0.0,0.0
2024-12-19 01:45:00+00:00,13.699999809265137,13.699999809265137,13.6899995803833,13.6899995803833,74937,0.0,0.0,0.0
2024-12-19 01:50:00+00:00,13.6899995803833,13.6899995803833,13.680000305175781,13.680000305175781,201367,0.0,0.0,0.0
2024-12-19 01:55:00+00:00,13.680000305175781,13.6899995803833,13.670000076293945,13.6899995803833,32466,0.0,0.0,0.0
2024-12-19 02:00:00+00:00,13.6899995803833,13.6899995803833,13.680000305175781,13.680000305175781,76656,0.0,0.0,0.0
2024-12-19 02:05:00+00:00,13.680000305175781,13.6899995803833,13.680000305175781,13.6899995803833,31624,0.0,0.0,0.0
2024-12-19 02:10:00+00:00,13.6899995803833,13.699999809265137,13.6899995803833,13.699999809265137,22493,0.0,0.0,0.0
2024-12-19 02:15:00+00:00,13.699999809265137,13.699999809265137,13.6899995803833,13.6899995803833,18037,0.0,0.0,0.0
2024-12-19 02:20:00+00:00,13.699999809265137,13.699999809265137,13.699999809265137,13.699999809265137,36010,0.0,0.0,0.0
2024-12-19 02:25:00+00:00,13.699999809265137,13.699999809265137,13.699999809265137,13.699999809265137,1350,0.0,0.0,0.0
2024-12-19 02:30:00+00:00,13.710000038146973,13.710000038146973,13.699999809265137,13.699999809265137,9450,0.0,0.0,0.0
2024-12-19 02:35:00+00:00,13.710000038146973,13.720000267028809,13.710000038146973,13.720000267028809,22498,0.0,0.0,0.0
2024-12-19 02:40:00+00:00,13.720000267028809,13.720000267028809,13.710000038146973,13.720000267028809,15322,0.0,0.0,0.0
2024-12-19 02:45:00+00:00,13.720000267028809,13.720000267028809,13.710000038146973,13.710000038146973,54066,0.0,0.0,0.0
2024-12-19 02:50:00+00:00,13.710000038146973,13.720000267028809,13.710000038146973,13.720000267028809,19504,0.0,0.0,0.0
2024-12-19 02:55:00+00:00,13.720000267028809,13.720000267028809,13.710000038146973,13.710000038146973,10403,0.0,0.0,0.0
2024-12-19 03:00:00+00:00,13.710000038146973,13.720000267028809,13.710000038146973,13.720000267028809,9393,0.0,0.0,0.0
2024-12-19 03:05:00+00:00,13.720000267028809,13.720000267028809,13.710000038146973,13.710000038146973,17346,0.0,0.0,0.0
2024-12-19 03:10:00+00:00,13.710000038146973,13.710000038146973,13.710000038146973,13.710000038146973,63987,0.0,0.0,0.0
2024-12-19 03:15:00+00:00,13.710000038146973,13.710000038146973,13.699999809265137,13.710000038146973,127853,0.0,0.0,0.0
2024-12-19 03:20:00+00:00,13.710000038146973,13.710000038146973,13.710000038146973,13.710000038146973,21000,0.0,0.0,0.0
2024-12-19 03:25:00+00:00,13.710000038146973,13.710000038146973,13.670000076293945,13.670000076293945,508121,0.0,0.0,0.0
2024-12-19 03:30:00+00:00,13.6899995803833,13.6899995803833,13.680000305175781,13.680000305175781,17261,0.0,0.0,0.0
2024-12-19 03:35:00+00:00,13.680000305175781,13.6899995803833,13.680000305175781,13.680000305175781,62090,0.0,0.0,0.0
2024-12-19 03:40:00+00:00,13.680000305175781,13.6899995803833,13.680000305175781,13.680000305175781,19475,0.0,0.0,0.0
2024-12-19 03:45:00+00:00,13.680000305175781,13.6899995803833,13.680000305175781,13.6899995803833,24882,0.0,0.0,0.0
2024-12-19 03:50:00+00:00,13.6899995803833,13.6899995803833,13.680000305175781,13.6899995803833,122475,0.0,0.0,0.0
2024-12-19 03:55:00+00:00,13.6899995803833,13.6899995803833,13.680000305175781,13.680000305175781,13527,0.0,0.0,0.0
2024-12-19 04:00:00+00:00,13.6899995803833,13.6899995803833,13.680000305175781,13.680000305175781,30873,0.0,0.0,0.0
2024-12-19 04:05:00+00:00,13.680000305175781,13.699999809265137,13.680000305175781,13.6899995803833,128256,0.0,0.0,0.0
2024-12-19 04:10:00+00:00,13.680000305175781,13.699999809265137,13.680000305175781,13.699999809265137,128173,0.0,0.0,0.0
2024-12-19 04:15:00+00:00,13.699999809265137,13.699999809265137,13.699999809265137,13.699999809265137,11210,0.0,0.0,0.0
2024-12-19 04:20:00+00:00,13.699999809265137,13.699999809265137,13.699999809265137,13.699999809265137,24666,0.0,0.0,0.0
2024-12-19 04:25:00+00:00,13.699999809265137,13.710000038146973,13.699999809265137,13.710000038146973,27374,0.0,0.0,0.0
2024-12-19 04:30:00+00:00,13.720000267028809,13.720000267028809,13.699999809265137,13.720000267028809,44383,0.0,0.0,0.0
2024-12-19 04:35:00+00:00,13.720000267028809,13.720000267028809,13.720000267028809,13.720000267028809,6594,0.0,0.0,0.0
2024-12-19 04:40:00+00:00,13.720000267028809,13.720000267028809,13.710000038146973,13.720000267028809,25410,0.0,0.0,0.0
2024-12-19 04:45:00+00:00,13.720000267028809,13.720000267028809,13.720000267028809,13.720000267028809,6910,0.0,0.0,0.0
2024-12-19 04:50:00+00:00,13.710000038146973,13.720000267028809,13.710000038146973,13.710000038146973,40928,0.0,0.0,0.0
2024-12-19 04:55:00+00:00,13.720000267028809,13.729999542236328,13.720000267028809,13.720000267028809,27708,0.0,0.0,0.0
2024-12-19 05:00:00+00:00,13.729999542236328,13.729999542236328,13.729999542236328,13.729999542236328,27365,0.0,0.0,0.0
2024-12-19 05:05:00+00:00,13.729999542236328,13.729999542236328,13.720000267028809,13.729999542236328,25978,0.0,0.0,0.0
2024-12-19 05:10:00+00:00,13.729999542236328,13.739999771118164,13.729999542236328,13.739999771118164,6121,0.0,0.0,0.0
2024-12-19 05:15:00+00:00,13.739999771118164,13.739999771118164,13.729999542236328,13.739999771118164,90560,0.0,0.0,0.0
2024-12-19 05:20:00+00:00,13.760000228881836,13.760000228881836,13.75,13.75,44613,0.0,0.0,0.0
2024-12-20 01:00:00+00:00,13.699999809265137,13.720000267028809,13.680000305175781,13.710000038146973,0,0.0,0.0,0.0
2024-12-20 01:05:00+00:00,13.710000038146973,13.710000038146973,13.699999809265137,13.710000038146973,29678,0.0,0.0,0.0
2024-12-20 01:10:00+00:00,13.710000038146973,13.710000038146973,13.6899995803833,13.699999809265137,129148,0.0,0.0,0.0
2024-12-20 01:15:00+00:00,13.6899995803833,13.6899995803833,13.680000305175781,13.680000305175781,117229,0.0,0.0,0.0
2024-12-20 01:20:00+00:00,13.6899995803833,13.699999809265137,13.680000305175781,13.680000305175781,17532,0.0,0.0,0.0
2024-12-20 01:25:00+00:00,13.699999809265137,13.710000038146973,13.699999809265137,13.699999809265137,9572,0.0,0.0,0.0
2024-12-20 01:30:00+00:00,13.710000038146973,13.720000267028809,13.699999809265137,13.710000038146973,31353,0.0,0.0,0.0
2024-12-20 01:35:00+00:00,13.710000038146973,13.710000038146973,13.699999809265137,13.710000038146973,9144,0.0,0.0,0.0
2024-12-20 01:40:00+00:00,13.710000038146973,13.710000038146973,13.6899995803833,13.6899995803833,147744,0.0,0.0,0.0
2024-12-20 01:45:00+00:00,13.699999809265137,13.699999809265137,13.670000076293945,13.670000076293945,260256,0.0,0.0,0.0
2024-12-20 01:50:00+00:00,13.670000076293945,13.680000305175781,13.670000076293945,13.680000305175781,17622,0.0,0.0,0.0
2024-12-20 01:55:00+00:00,13.680000305175781,13.680000305175781,13.680000305175781,13.680000305175781,36452,0.0,0.0,0.0
2024-12-20 02:00:00+00:00,13.680000305175781,13.680000305175781,13.670000076293945,13.680000305175781,59249,0.0,0.0,0.0
2024-12-20 02:05:00+00:00,13.680000305175781,13.6899995803833,13.680000305175781,13.6899995803833,26730,0.0,0.0,0.0
2024-12-20 02:10:00+00:00,13.6899995803833,13.6899995803833,13.6899995803833,13.6899995803833,19882,0.0,0.0,0.0
2024-12-20 02:15:00+00:00,13.699999809265137,13.699999809265137,13.680000305175781,13.680000305175781,66616,0.0,0.0,0.0
2024-12-20 02:20:00+00:00,13.680000305175781,13.6899995803833,13.670000076293945,13.6899995803833,76478,0.0,0.0,0.0
2024-12-20 02:25:00+00:00,13.6899995803833,13.699999809265137,13.6899995803833,13.699999809265137,16708,0.0,0.0,0.0
2024-12-20 02:30:00+00:00,13.699999809265137,13.699999809265137,13.699999809265137,13.699999809265137,10300,0.0,0.0,0.0
2024-12-20 02:35:00+00:00,13.699999809265137,13.699999809265137,13.6899995803833,13.699999809265137,12993,0.0,0.0,0.0
2024-12-20 02:40:00+00:00,13.699999809265137,13.720000267028809,13.699999809265137,13.720000267028809,58112,0.0,0.0,0.0
2024-12-20 02:45:00+00:00,13.710000038146973,13.710000038146973,13.699999809265137,13.699999809265137,26248,0.0,0.0,0.0
2024-12-20 02:50:00+00:00,13.699999809265137,13.699999809265137,13.6899995803833,13.6899995803833,53001,0.0,0.0,0.0
2024-12-20 02:55:00+00:00,13.6899995803833,13.699999809265137,13.6899995803833,13.6899995803833,24427,0.0,0.0,0.0
2024-12-20 03:00:00+00:00,13.6899995803833,13.699999809265137,13.6899995803833,13.699999809265137,5412,0.0,0.0,0.0
2024-12-20 03:05:00+00:00,13.699999809265137,13.699999809265137,13.699999809265137,13.699999809265137,6400,0.0,0.0,0.0
2024-12-20 03:10:00+00:00,13.699999809265137,13.699999809265137,13.6899995803833,13.6899995803833,20001,0.0,0.0,0.0
2024-12-20 03:15:00+00:00,13.6899995803833,13.699999809265137,13.6899995803833,13.699999809265137,17101,0.0,0.0,0.0
2024-12-20 03:20:00+00:00,13.699999809265137,13.710000038146973,13.699999809265137,13.699999809265137,15169,0.0,0.0,0.0
2024-12-20 03:25:00+00:00,13.699999809265137,13.710000038146973,13.699999809265137,13.710000038146973,15690,0.0,0.0,0.0
2024-12-20 03:30:00+00:00,13.699999809265137,13.699999809265137,13.699999809265137,13.699999809265137,21563,0.0,0.0,0.0
2024-12-20 03:35:00+00:00,13.699999809265137,13.710000038146973,13.6899995803833,13.699999809265137,14100,0.0,0.0,0.0
2024-12-20 03:40:00+00:00,13.699999809265137,13.699999809265137,13.699999809265137,13.699999809265137,6021,0.0,0.0,0.0
2024-12-20 03:45:00+00:00,13.699999809265137,13.699999809265137,13.680000305175781,13.6899995803833,61274,0.0,0.0,0.0
2024-12-20 03:50:00+00:00,13.680000305175781,13.680000305175781,13.680000305175781,13.680000305175781,110338,0.0,0.0,0.0
2024-12-20 03:55:00+00:00,13.6899995803833,13.6899995803833,13.670000076293945,13.6899995803833,19220,0.0,0.0,0.0
2024-12-20 04:00:00+00:00,13.6899995803833,13.6899995803833,13.6899995803833,13.6899995803833,6001,0.0,0.0,0.0
2024-12-20 04:05:00+00:00,13.6899995803833,13.699999809265137,13.6899995803833,13.6899995803833,13895,0.0,0.0,0.0
2024-12-20 04:10:00+00:00,13.6899995803833,13.6899995803833,13.680000305175781,13.680000305175781,78040,0.0,0.0,0.0
2024-12-20 04:15:00+00:00,13.680000305175781,13.6899995803833,13.65999984741211,13.65999984741211,203413,0.0,0.0,0.0
2024-12-20 04:20:00+00:00,13.65999984741211,13.670000076293945,13.65999984741211,13.65999984741211,81320,0.0,0.0,0.0
2024-12-20 04:25:00+00:00,13.65999984741211,13.670000076293945,13.65999984741211,13.670000076293945,127351,0.0,0.0,0.0
2024-12-20 04:30:00+00:00,13.670000076293945,13.670000076293945,13.65999984741211,13.65999984741211,210663,0.0,0.0,0.0
2024-12-20 04:35:00+00:00,13.65999984741211,13.65999984741211,13.649999618530273,13.65999984741211,79866,0.0,0.0,0.0
2024-12-20 04:40:00+00:00,13.670000076293945,13.670000076293945,13.65999984741211,13.670000076293945,18000,0.0,0.0,0.0
2024-12-20 04:45:00+00:00,13.65999984741211,13.65999984741211,13.65999984741211,13.65999984741211,77707,0.0,0.0,0.0
2024-12-20 04:50:00+00:00,13.65999984741211,13.670000076293945,13.65999984741211,13.65999984741211,72380,0.0,0.0,0.0
2024-12-20 04:55:00+00:00,13.670000076293945,13.680000305175781,13.670000076293945,13.680000305175781,299517,0.0,0.0,0.0
2024-12-20 05:00:00+00:00,13.699999809265137,13.699999809265137,13.6899995803833,13.6899995803833,9305,0.0,0.0,0.0
2024-12-20 05:05:00+00:00,13.6899995803833,13.6899995803833,13.6899995803833,13.6899995803833,10239,0.0,0.0,0.0
2024-12-20 05:10:00+00:00,13.699999809265137,13.699999809265137,13.699999809265137,13.699999809265137,152319,0.0,0.0,0.0
2024-12-20 05:15:00+00:00,13.710000038146973,13.720000267028809,13.699999809265137,13.720000267028809,15397,0.0,0.0,0.0
2024-12-20 05:20:00+00:00,13.710000038146973,13.720000267028809,13.699999809265137,13.699999809265137,59551,0.0,0.0,0.0
2024-12-23 01:00:00+00:00,13.770000457763672,13.819999694824219,13.770000457763672,13.800000190734863,0,0.0,0.0,0.0
2024-12-23 01:05:00+00:00,13.800000190734863,13.8100004196167,13.789999961853027,13.789999961853027,85820,0.0,0.0,0.0
2024-12-23 01:10:00+00:00,13.800000190734863,13.829999923706055,13.789999961853027,13.829999923706055,217816,0.0,0.0,0.0
2024-12-23 01:15:00+00:00,13.819999694824219,13.829999923706055,13.8100004196167,13.8100004196167,55358,0.0,0.0,0.0
2024-12-23 01:20:00+00:00,13.8100004196167,13.819999694824219,13.8100004196167,13.8100004196167,40435,0.0,0.0,0.0
2024-12-23 01:25:00+00:00,13.8100004196167,13.819999694824219,13.800000190734863,13.8100004196167,779328,0.0,0.0,0.0
2024-12-23 01:30:00+00:00,13.819999694824219,13.859999656677246,13.819999694824219,13.859999656677246,1119585,0.0,0.0,0.0
2024-12-23 01:35:00+00:00,13.859999656677246,13.869999885559082,13.859999656677246,13.859999656677246,61278,0.0,0.0,0.0
2024-12-23 01:40:00+00:00,13.859999656677246,13.869999885559082,13.859999656677246,13.869999885559082,34029,0.0,0.0,0.0
2024-12-23 01:45:00+00:00,13.859999656677246,13.869999885559082,13.859999656677246,13.869999885559082,73757,0.0,0.0,0.0
2024-12-23 01:50:00+00:00,13.869999885559082,13.869999885559082,13.859999656677246,13.859999656677246,90270,0.0,0.0,0.0
2024-12-23 01:55:00+00:00,13.859999656677246,13.880000114440918,13.859999656677246,13.880000114440918,314454,0.0,0.0,0.0
2024-12-23 02:00:00+00:00,13.890000343322754,13.890000343322754,13.869999885559082,13.869999885559082,14506,0.0,0.0,0.0
2024-12-23 02:05:00+00:00,13.869999885559082,13.880000114440918,13.869999885559082,13.869999885559082,11230,0.0,0.0,0.0
2024-12-23 02:10:00+00:00,13.869999885559082,13.890000343322754,13.869999885559082,13.869999885559082,84017,0.0,0.0,0.0
2024-12-23 02:15:00+00:00,13.880000114440918,13.880000114440918,13.869999885559082,13.880000114440918,42854,0.0,0.0,0.0
2024-12-23 02:20:00+00:00,13.880000114440918,13.890000343322754,13.869999885559082,13.869999885559082,119279,0.0,0.0,0.0
2024-12-23 02:25:00+00:00,13.869999885559082,13.880000114440918,13.869999885559082,13.880000114440918,95199,0.0,0.0,0.0
2024-12-23 02:30:00+00:00,13.869999885559082,13.880000114440918,13.869999885559082,13.880000114440918,81648,0.0,0.0,0.0
2024-12-23 02:35:00+00:00,13.880000114440918,13.880000114440918,13.880000114440918,13.880000114440918,39478,0.0,0.0,0.0
2024-12-23 02:40:00+00:00,13.890000343322754,13.890000343322754,13.890000343322754,13.890000343322754,329495,0.0,0.0,0.0
2024-12-23 02:45:00+00:00,13.899999618530273,13.899999618530273,13.890000343322754,13.890000343322754,171312,0.0,0.0,0.0
2024-12-23 02:50:00+00:00,13.890000343322754,13.890000343322754,13.880000114440918,13.880000114440918,65259,0.0,0.0,0.0
2024-12-23 02:55:00+00:00,13.880000114440918,13.890000343322754,13.880000114440918,13.880000114440918,165017,0.0,0.0,0.0
2024-12-23 03:00:00+00:00,13.890000343322754,13.890000343322754,13.880000114440918,13.880000114440918,124052,0.0,0.0,0.0
2024-12-23 03:05:00+00:00,13.890000343322754,13.890000343322754,13.869999885559082,13.869999885559082,24540,0.0,0.0,0.0
2024-12-23 03:10:00+00:00,13.869999885559082,13.890000343322754,13.869999885559082,13.880000114440918,23029,0.0,0.0,0.0
2024-12-23 03:15:00+00:00,13.880000114440918,13.890000343322754,13.880000114440918,13.880000114440918,61389,0.0,0.0,0.0
2024-12-23 03:20:00+00:00,13.880000114440918,13.890000343322754,13.880000114440918,13.890000343322754,10989,0.0,0.0,0.0
2024-12-23 03:25:00+00:00,13.880000114440918,13.880000114440918,13.880000114440918,13.880000114440918,1000,0.0,0.0,0.0
2024-12-23 03:30:00+00:00,13.880000114440918,13.890000343322754,13.880000114440918,13.880000114440918,16097,0.0,0.0,0.0
2024-12-23 03:35:00+00:00,13.880000114440918,13.890000343322754,13.880000114440918,13.890000343322754,34692,0.0,0.0,0.0
2024-12-23 03:40:00+00:00,13.890000343322754,13.890000343322754,13.880000114440918,13.880000114440918,53040,0.0,0.0,0.0
2024-12-23 03:45:00+00:00,13.880000114440918,13.880000114440918,13.869999885559082,13.869999885559082,34042,0.0,0.0,0.0
2024-12-23 03:50:00+00:00,13.869999885559082,13.880000114440918,13.869999885559082,13.880000114440918,70237,0.0,0.0,0.0
2024-12-23 03:55:00+00:00,13.880000114440918,13.880000114440918,13.869999885559082,13.880000114440918,30110,0.0,0.0,0.0
2024-12-23 04:00:00+00:00,13.880000114440918,13.880000114440918,13.859999656677246,13.859999656677246,273568,0.0,0.0,0.0
2024-12-23 04:05:00+00:00,13.850000381469727,13.859999656677246,13.850000381469727,13.850000381469727,75877,0.0,0.0,0.0
2024-12-23 04:10:00+00:00,13.850000381469727,13.869999885559082,13.850000381469727,13.859999656677246,95197,0.0,0.0,0.0
2024-12-23 04:15:00+00:00,13.869999885559082,13.880000114440918,13.859999656677246,13.869999885559082,123155,0.0,0.0,0.0
2024-12-23 04:20:00+00:00,13.880000114440918,13.880000114440918,13.859999656677246,13.859999656677246,73341,0.0,0.0,0.0
2024-12-23 04:25:00+00:00,13.859999656677246,13.869999885559082,13.859999656677246,13.859999656677246,269228,0.0,0.0,0.0
2024-12-23 04:30:00+00:00,13.869999885559082,13.869999885559082,13.850000381469727,13.859999656677246,77760,0.0,0.0,0.0
2024-12-23 04:35:00+00:00,13.859999656677246,13.869999885559082,13.850000381469727,13.850000381469727,103131,0.0,0.0,0.0
2024-12-23 04:40:00+00:00,13.850000381469727,13.859999656677246,13.850000381469727,13.850000381469727,106757,0.0,0.0,0.0
2024-12-23 04:45:00+00:00,13.850000381469727,13.850000381469727,13.84000015258789,13.84000015258789,58065,0.0,0.0,0.0
2024-12-23 04:50:00+00:00,13.850000381469727,13.850000381469727,13.850000381469727,13.850000381469727,111310,0.0,0.0,0.0
2024-12-23 04:55:00+00:00,13.850000381469727,13.859999656677246,13.84000015258789,13.850000381469727,66415,0.0,0.0,0.0
2024-12-23 05:00:00+00:00,13.850000381469727,13.869999885559082,13.850000381469727,13.850000381469727,117776,0.0,0.0,0.0
2024-12-23 05:05:00+00:00,13.850000381469727,13.869999885559082,13.850000381469727,13.869999885559082,166740,0.0,0.0,0.0
2024-12-23 05:10:00+00:00,13.859999656677246,13.869999885559082,13.850000381469727,13.859999656677246,100472,0.0,0.0,0.0
2024-12-23 05:15:00+00:00,13.869999885559082,13.869999885559082,13.850000381469727,13.850000381469727,72358,0.0,0.0,0.0
2024-12-23 05:20:00+00:00,13.850000381469727,13.859999656677246,13.850000381469727,13.859999656677246,34437,0.0,0.0,0.0
2024-12-24 01:00:00+00:00,13.9399995803833,13.979999542236328,13.9399995803833,13.949999809265137,0,0.0,0.0,0.0
2024-12-24 01:05:00+00:00,13.9399995803833,13.949999809265137,13.9399995803833,13.949999809265137,208908,0.0,0.0,0.0
2024-12-24 01:10:00+00:00,13.9399995803833,13.949999809265137,13.920000076293945,13.920000076293945,178347,0.0,0.0,0.0
2024-12-24 01:15:00+00:00,13.920000076293945,13.930000305175781,13.920000076293945,13.920000076293945,201065,0.0,0.0,0.0
2024-12-24 01:20:00+00:00,13.920000076293945,13.930000305175781,13.920000076293945,13.920000076293945,132208,0.0,0.0,0.0
2024-12-24 01:25:00+00:00,13.920000076293945,13.920000076293945,13.920000076293945,13.920000076293945,60081,0.0,0.0,0.0
2024-12-24 01:30:00+00:00,13.920000076293945,13.920000076293945,13.90999984741211,13.90999984741211,104603,0.0,0.0,0.0
2024-12-24 01:35:00+00:00,13.90999984741211,13.920000076293945,13.90999984741211,13.920000076293945,56809,0.0,0.0,0.0
2024-12-24 01:40:00+00:00,13.90999984741211,13.920000076293945,13.90999984741211,13.920000076293945,84483,0.0,0.0,0.0
2024-12-24 01:45:00+00:00,13.920000076293945,13.930000305175781,13.920000076293945,13.920000076293945,97631,0.0,0.0,0.0
2024-12-24 01:50:00+00:00,13.920000076293945,13.920000076293945,13.90999984741211,13.90999984741211,79360,0.0,0.0,0.0
2024-12-24 01:55:00+00:00,13.90999984741211,13.920000076293945,13.90999984741211,13.920000076293945,25382,0.0,0.0,0.0
2024-12-24 02:00:00+00:00,13.920000076293945,13.930000305175781,13.920000076293945,13.920000076293945,9042,0.0,0.0,0.0
2024-12-24 02:05:00+00:00,13.920000076293945,13.930000305175781,13.920000076293945,13.930000305175781,63246,0.0,0.0,0.0
2024-12-24 02:10:00+00:00,13.920000076293945,13.930000305175781,13.920000076293945,13.920000076293945,130313,0.0,0.0,0.0
2024-12-24 02:15:00+00:00,13.90999984741211,13.920000076293945,13.90999984741211,13.90999984741211,26120,0.0,0.0,0.0
2024-12-24 02:20:00+00:00,13.90999984741211,13.920000076293945,13.90999984741211,13.90999984741211,51146,0.0,0.0,0.0
2024-12-24 02:25:00+00:00,13.920000076293945,13.920000076293945,13.90999984741211,13.920000076293945,29801,0.0,0.0,0.0
2024-12-24 02:30:00+00:00,13.90999984741211,13.920000076293945,13.90999984741211,13.920000076293945,16292,0.0,0.0,0.0
2024-12-24 02:35:00+00:00,13.920000076293945,13.930000305175781,13.920000076293945,13.920000076293945,100479,0.0,0.0,0.0
2024-12-24 02:40:00+00:00,13.920000076293945,13.930000305175781,13.920000076293945,13.920000076293945,22019,0.0,0.0,0.0
2024-12-24 02:45:00+00:00,13.920000076293945,13.920000076293945,13.920000076293945,13.920000076293945,38012,0.0,0.0,0.0
2024-12-24 02:50:00+00:00,13.920000076293945,13.930000305175781,13.920000076293945,13.920000076293945,176665,0.0,0.0,0.0
2024-12-24 02:55:00+00:00,13.920000076293945,13.920000076293945,13.90999984741211,13.90999984741211,31000,0.0,0.0,0.0
2024-12-24 03:00:00+00:00,13.90999984741211,13.90999984741211,13.90999984741211,13.90999984741211,8016,0.0,0.0,0.0
2024-12-24 03:05:00+00:00,13.920000076293945,13.920000076293945,13.899999618530273,13.899999618530273,71814,0.0,0.0,0.0
2024-12-24 03:10:00+00:00,13.899999618530273,13.90999984741211,13.899999618530273,13.90999984741211,44173,0.0,0.0,0.0
2024-12-24 03:15:00+00:00,13.899999618530273,13.899999618530273,13.899999618530273,13.899999618530273,29538,0.0,0.0,0.0
2024-12-24 03:20:00+00:00,13.899999618530273,13.90999984741211,13.899999618530273,13.90999984741211,7422,0.0,0.0,0.0
2024-12-24 03:25:00+00:00,13.90999984741211,13.90999984741211,13.899999618530273,13.899999618530273,10096,0.0,0.0,0.0
2024-12-24 03:30:00+00:00,13.899999618530273,13.899999618530273,13.899999618530273,13.899999618530273,47098,0.0,0.0,0.0
2024-12-24 03:35:00+00:00,13.890000343322754,13.899999618530273,13.890000343322754,13.899999618530273,5323,0.0,0.0,0.0
2024-12-24 03:40:00+00:00,13.899999618530273,13.899999618530273,13.890000343322754,13.899999618530273,49307,0.0,0.0,0.0
2024-12-24 03:45:00+00:00,13.899999618530273,13.899999618530273,13.880000114440918,13.880000114440918,71013,0.0,0.0,0.0
2024-12-24 03:50:00+00:00,13.880000114440918,13.880000114440918,13.880000114440918,13.880000114440918,29858,0.0,0.0,0.0
2024-12-24 03:55:00+00:00,13.869999885559082,13.899999618530273,13.869999885559082,13.890000343322754,29296,0.0,0.0,0.0
2024-12-24 04:00:00+00:00,13.880000114440918,13.880000114440918,13.880000114440918,13.880000114440918,15043,0.0,0.0,0.0
2024-12-24 04:05:00+00:00,13.880000114440918,13.880000114440918,13.869999885559082,13.880000114440918,35081,0.0,0.0,0.0
2024-12-24 04:10:00+00:00,13.869999885559082,13.880000114440918,13.869999885559082,13.880000114440918,7121,0.0,0.0,0.0
2024-12-24 04:15:00+00:00,13.869999885559082,13.880000114440918,13.869999885559082,13.869999885559082,19337,0.0,0.0,0.0
2024-12-24 04:20:00+00:00,13.869999885559082,13.869999885559082,13.869999885559082,13.869999885559082,1003,0.0,0.0,0.0
2024-12-24 04:25:00+00:00,13.869999885559082,13.880000114440918,13.869999885559082,13.869999885559082,23804,0.0,0.0,0.0
2024-12-24 04:30:00+00:00,13.869999885559082,13.869999885559082,13.859999656677246,13.869999885559082,9014,0.0,0.0,0.0
2024-12-24 04:35:00+00:00,13.869999885559082,13.880000114440918,13.869999885559082,13.880000114440918,49849,0.0,0.0,0.0
2024-12-24 04:40:00+00:00,13.869999885559082,13.880000114440918,13.869999885559082,13.880000114440918,9227,0.0,0.0,0.0
2024-12-24 04:45:00+00:00,13.880000114440918,13.880000114440918,13.869999885559082,13.880000114440918,14176,0.0,0.0,0.0
2024-12-24 04:50:00+00:00,13.869999885559082,13.880000114440918,13.869999885559082,13.869999885559082,70650,0.0,0.0,0.0
2024-12-24 04:55:00+00:00,13.869999885559082,13.880000114440918,13.869999885559082,13.880000114440918,117335,0.0,0.0,0.0
2024-12-24 05:00:00+00:00,13.880000114440918,13.880000114440918,13.869999885559082,13.880000114440918,112361,0.0,0.0,0.0
2024-12-24 05:05:00+00:00,13.880000114440918,13.880000114440918,13.869999885559082,13.869999885559082,11217,0.0,0.0,0.0
2024-12-24 05:10:00+00:00,13.869999885559082,13.880000114440918,13.869999885559082,13.880000114440918,35017,0.0,0.0,0.0
2024-12-24 05:15:00+00:00,13.880000114440918,13.880000114440918,13.869999885559082,13.869999885559082,245251,0.0,0.0,0.0
2024-12-24 05:20:00+00:00,13.869999885559082,13.880000114440918,13.869999885559082,13.880000114440918,18236,0.0,0.0,0.0
2024-12-25 01:00:00+00:00,13.869999885559082,13.930000305175781,13.869999885559082,13.930000305175781,0,0.0,0.0,0.0
2024-12-25 01:05:00+00:00,13.930000305175781,13.9399995803833,13.920000076293945,13.930000305175781,105612,0.0,0.0,0.0
2024-12-25 01:10:00+00:00,13.930000305175781,13.930000305175781,13.920000076293945,13.920000076293945,133658,0.0,0.0,0.0
2024-12-25 01:15:00+00:00,13.920000076293945,13.920000076293945,13.90999984741211,13.90999984741211,22334,0.0,0.0,0.0
2024-12-25 01:20:00+00:00,13.90999984741211,13.90999984741211,13.90999984741211,13.90999984741211,64509,0.0,0.0,0.0
2024-12-25 01:25:00+00:00,13.920000076293945,13.920000076293945,13.90999984741211,13.90999984741211,21308,0.0,0.0,0.0
2024-12-25 01:30:00+00:00,13.920000076293945,13.920000076293945,13.899999618530273,13.90999984741211,33782,0.0,0.0,0.0
2024-12-25 01:35:00+00:00,13.899999618530273,13.90999984741211,13.899999618530273,13.90999984741211,20110,0.0,0.0,0.0
2024-12-25 01:40:00+00:00,13.899999618530273,13.90999984741211,13.899999618530273,13.90999984741211,62304,0.0,0.0,0.0
2024-12-25 01:45:00+00:00,13.90999984741211,13.90999984741211,13.899999618530273,13.90999984741211,22372,0.0,0.0,0.0
2024-12-25 01:50:00+00:00,13.90999984741211,13.90999984741211,13.899999618530273,13.899999618530273,73558,0.0,0.0,0.0
2024-12-25 01:55:00+00:00,13.90999984741211,13.920000076293945,13.90999984741211,13.920000076293945,27569,0.0,0.0,0.0
2024-12-25 02:00:00+00:00,13.920000076293945,13.920000076293945,13.90999984741211,13.90999984741211,42609,0.0,0.0,0.0
2024-12-25 02:05:00+00:00,13.90999984741211,13.90999984741211,13.899999618530273,13.899999618530273,5119,0.0,0.0,0.0
2024-12-25 02:10:00+00:00,13.899999618530273,13.90999984741211,13.899999618530273,13.899999618530273,8363,0.0,0.0,0.0
2024-12-25 02:15:00+00:00,13.899999618530273,13.899999618530273,13.899999618530273,13.899999618530273,5413,0.0,0.0,0.0
2024-12-25 02:20:00+00:00,13.90999984741211,13.90999984741211,13.899999618530273,13.899999618530273,25781,0.0,0.0,0.0
2024-12-25 02:25:00+00:00,13.899999618530273,13.899999618530273,13.899999618530273,13.899999618530273,22335,0.0,0.0,0.0
2024-12-25 02:30:00+00:00,13.899999618530273,13.899999618530273,13.890000343322754,13.890000343322754,5006,0.0,0.0,0.0
2024-12-25 02:35:00+00:00,13.890000343322754,13.899999618530273,13.890000343322754,13.899999618530273,50665,0.0,0.0,0.0
2024-12-25 02:40:00+00:00,13.899999618530273,13.899999618530273,13.880000114440918,13.880000114440918,28647,0.0,0.0,0.0
2024-12-25 02:45:00+00:00,13.890000343322754,13.899999618530273,13.880000114440918,13.880000114440918,7786,0.0,0.0,0.0
2024-12-25 02:50:00+00:00,13.880000114440918,13.890000343322754,13.880000114440918,13.890000343322754,8570,0.0,0.0,0.0
2024-12-25 02:55:00+00:00,13.880000114440918,13.890000343322754,13.880000114440918,13.880000114440918,41296,0.0,0.0,0.0
2024-12-25 03:00:00+00:00,13.890000343322754,13.890000343322754,13.890000343322754,13.890000343322754,12113,0.0,0.0,0.0
2024-12-25 03:05:00+00:00,13.890000343322754,13.890000343322754,13.880000114440918,13.890000343322754,13224,0.0,0.0,0.0
2024-12-25 03:10:00+00:00,13.890000343322754,13.890000343322754,13.869999885559082,13.869999885559082,53601,0.0,0.0,0.0
2024-12-25 03:15:00+00:00,13.880000114440918,13.880000114440918,13.880000114440918,13.880000114440918,3989,0.0,0.0,0.0
2024-12-25 03:20:00+00:00,13.880000114440918,13.880000114440918,13.880000114440918,13.880000114440918,36080,0.0,0.0,0.0
2024-12-25 03:25:00+00:00,13.880000114440918,13.880000114440918,13.880000114440918,13.880000114440918,4466,0.0,0.0,0.0
2024-12-25 03:30:00+00:00,13.890000343322754,13.890000343322754,13.880000114440918,13.890000343322754,4299,0.0,0.0,0.0
2024-12-25 03:35:00+00:00,13.890000343322754,13.890000343322754,13.880000114440918,13.880000114440918,22107,0.0,0.0,0.0
2024-12-25 03:40:00+00:00,13.890000343322754,13.890000343322754,13.890000343322754,13.890000343322754,8114,0.0,0.0,0.0
2024-12-25 03:45:00+00:00,13.890000343322754,13.890000343322754,13.880000114440918,13.890000343322754,9130,0.0,0.0,0.0
2024-12-25 03:50:00+00:00,13.890000343322754,13.890000343322754,13.880000114440918,13.890000343322754,28173,0.0,0.0,0.0
2024-12-25 03:55:00+00:00,13.880000114440918,13.890000343322754,13.880000114440918,13.890000343322754,18157,0.0,0.0,0.0
2024-12-25 04:00:00+00:00,13.890000343322754,13.890000343322754,13.880000114440918,13.880000114440918,2139,0.0,0.0,0.0
2024-12-25 04:05:00+00:00,13.890000343322754,13.890000343322754,13.880000114440918,13.880000114440918,26320,0.0,0.0,0.0
2024-12-25 04:10:00+00:00,13.890000343322754,13.899999618530273,13.890000343322754,13.890000343322754,256123,0.0,0.0,0.0
2024-12-25 04:15:00+00:00,13.890000343322754,13.890000343322754,13.890000343322754,13.890000343322754,11909,0.0,0.0,0.0
2024-12-25 04:20:00+00:00,13.890000343322754,13.899999618530273,13.890000343322754,13.890000343322754,40911,0.0,0.0,0.0
2024-12-25 04:25:00+00:00,13.899999618530273,13.899999618530273,13.899999618530273,13.899999618530273,3217,0.0,0.0,0.0
2024-12-25 04:30:00+00:00,13.899999618530273,13.899999618530273,13.899999618530273,13.899999618530273,9994,0.0,0.0,0.0
2024-12-25 04:35:00+00:00,13.890000343322754,13.899999618530273,13.890000343322754,13.890000343322754,107864,0.0,0.0,0.0
2024-12-25 04:40:00+00:00,13.890000343322754,13.90999984741211,13.890000343322754,13.899999618530273,167298,0.0,0.0,0.0
2024-12-25 04:45:00+00:00,13.90999984741211,13.920000076293945,13.90999984741211,13.920000076293945,183610,0.0,0.0,0.0
2024-12-25 04:50:00+00:00,13.920000076293945,13.920000076293945,13.899999618530273,13.899999618530273,25449,0.0,0.0,0.0
2024-12-25 04:55:00+00:00,13.90999984741211,13.90999984741211,13.899999618530273,13.899999618530273,27959,0.0,0.0,0.0
2024-12-25 05:00:00+00:00,13.899999618530273,13.90999984741211,13.899999618530273,13.899999618530273,52190,0.0,0.0,0.0
2024-12-25 05:05:00+00:00,13.899999618530273,13.90999984741211,13.899999618530273,13.90999984741211,10731,0.0,0.0,0.0
2024-12-25 05:10:00+00:00,13.920000076293945,13.920000076293945,13.90999984741211,13.920000076293945,91945,0.0,0.0,0.0
2024-12-25 05:15:00+00:00,13.920000076293945,13.920000076293945,13.899999618530273,13.899999618530273,59218,0.0,0.0,0.0
2024-12-25 05:20:00+00:00,13.899999618530273,13.90999984741211,13.899999618530273,13.899999618530273,66367,0.0,0.0,0.0
2024-12-26 01:00:00+00:00,13.899999618530273,13.930000305175781,13.899999618530273,13.920000076293945,0,0.0,0.0,0.0
2024-12-26 01:05:00+00:00,13.920000076293945,13.930000305175781,13.899999618530273,13.920000076293945,217389,0.0,0.0,0.0
2024-12-26 01:10:00+00:00,13.920000076293945,13.920000076293945,13.90999984741211,13.920000076293945,26779,0.0,0.0,0.0
2024-12-26 01:15:00+00:00,13.920000076293945,13.920000076293945,13.90999984741211,13.920000076293945,47219,0.0,0.0,0.0
2024-12-26 01:20:00+00:00,13.90999984741211,13.90999984741211,13.90999984741211,13.90999984741211,89457,0.0,0.0,0.0
2024-12-26 01:25:00+00:00,13.90999984741211,13.920000076293945,13.90999984741211,13.920000076293945,4561,0.0,0.0,0.0
2024-12-26 01:30:00+00:00,13.920000076293945,13.920000076293945,13.90999984741211,13.90999984741211,36655,0.0,0.0,0.0
2024-12-26 01:35:00+00:00,13.899999618530273,13.899999618530273,13.899999618530273,13.899999618530273,14920,0.0,0.0,0.0
2024-12-26 01:40:00+00:00,13.899999618530273,13.90999984741211,13.899999618530273,13.90999984741211,4893,0.0,0.0,0.0
2024-12-26 01:45:00+00:00,13.90999984741211,13.90999984741211,13.899999618530273,13.899999618530273,54716,0.0,0.0,0.0
2024-12-26 01:50:00+00:00,13.90999984741211,13.90999984741211,13.899999618530273,13.90999984741211,125323,0.0,0.0,0.0
2024-12-26 01:55:00+00:00,13.90999984741211,13.90999984741211,13.899999618530273,13.90999984741211,63104,0.0,0.0,0.0
2024-12-26 02:00:00+00:00,13.90999984741211,13.90999984741211,13.90999984741211,13.90999984741211,80829,0.0,0.0,0.0
2024-12-26 02:05:00+00:00,13.90999984741211,13.920000076293945,13.90999984741211,13.920000076293945,9777,0.0,0.0,0.0
2024-12-26 02:10:00+00:00,13.920000076293945,13.920000076293945,13.920000076293945,13.920000076293945,12033,0.0,0.0,0.0
2024-12-26 02:15:00+00:00,13.920000076293945,13.920000076293945,13.90999984741211,13.90999984741211,29490,0.0,0.0,0.0
2024-12-26 02:20:00+00:00,13.920000076293945,13.920000076293945,13.90999984741211,13.920000076293945,11408,0.0,0.0,0.0
2024-12-26 02:25:00+00:00,13.90999984741211,13.920000076293945,13.90999984741211,13.90999984741211,25902,0.0,0.0,0.0
2024-12-26 02:30:00+00:00,13.920000076293945,13.920000076293945,13.90999984741211,13.90999984741211,40177,0.0,0.0,0.0
2024-12-26 02:35:00+00:00,13.90999984741211,13.920000076293945,13.90999984741211,13.920000076293945,19243,0.0,0.0,0.0
2024-12-26 02:40:00+00:00,13.920000076293945,13.920000076293945,13.90999984741211,13.90999984741211,13065,0.0,0.0,0.0
2024-12-26 02:45:00+00:00,13.920000076293945,13.920000076293945,13.90999984741211,13.920000076293945,26579,0.0,0.0,0.0
2024-12-26 02:50:00+00:00,13.90999984741211,13.90999984741211,13.90999984741211,13.90999984741211,5481,0.0,0.0,0.0
2024-12-26 02:55:00+00:00,13.920000076293945,13.920000076293945,13.90999984741211,13.920000076293945,10023,0.0,0.0,0.0
2024-12-26 03:00:00+00:00,13.920000076293945,13.920000076293945,13.90999984741211,13.90999984741211,24126,0.0,0.0,0.0
2024-12-26 03:05:00+00:00,13.920000076293945,13.920000076293945,13.90999984741211,13.920000076293945,4278,0.0,0.0,0.0
2024-12-26 03:10:00+00:00,13.920000076293945,13.920000076293945,13.90999984741211,13.920000076293945,10334,0.0,0.0,0.0
2024-12-26 03:15:00+00:00,13.920000076293945,13.920000076293945,13.90999984741211,13.90999984741211,30642,0.0,0.0,0.0
2024-12-26 03:20:00+00:00,13.90999984741211,13.920000076293945,13.90999984741211,13.920000076293945,26046,0.0,0.0,0.0
2024-12-26 03:25:00+00:00,13.920000076293945,13.920000076293945,13.90999984741211,13.90999984741211,7310,0.0,0.0,0.0
2024-12-26 03:30:00+00:00,13.920000076293945,13.920000076293945,13.90999984741211,13.920000076293945,27415,0.0,0.0,0.0
2024-12-26 03:35:00+00:00,13.920000076293945,13.920000076293945,13.90999984741211,13.920000076293945,11333,0.0,0.0,0.0
2024-12-26 03:40:00+00:00,13.90999984741211,13.920000076293945,13.90999984741211,13.920000076293945,23256,0.0,0.0,0.0
2024-12-26 03:45:00+00:00,13.90999984741211,13.920000076293945,13.90999984741211,13.920000076293945,31739,0.0,0.0,0.0
2024-12-26 03:50:00+00:00,13.90999984741211,13.90999984741211,13.90999984741211,13.90999984741211,36436,0.0,0.0,0.0
2024-12-26 03:55:00+00:00,13.90999984741211,13.920000076293945,13.90999984741211,13.920000076293945,20093,0.0,0.0,0.0
2024-12-26 04:00:00+00:00,13.920000076293945,13.930000305175781,13.90999984741211,13.920000076293945,426408,0.0,0.0,0.0
2024-12-26 04:05:00+00:00,13.930000305175781,13.930000305175781,13.90999984741211,13.920000076293945,10359,0.0,0.0,0.0
2024-12-26 04:10:00+00:00,13.930000305175781,13.930000305175781,13.920000076293945,13.930000305175781,16685,0.0,0.0,0.0
2024-12-26 04:15:00+00:00,13.930000305175781,13.930000305175781,13.920000076293945,13.920000076293945,13295,0.0,0.0,0.0
2024-12-26 04:20:00+00:00,13.920000076293945,13.930000305175781,13.920000076293945,13.920000076293945,57598,0.0,0.0,0.0
2024-12-26 04:25:00+00:00,13.920000076293945,13.920000076293945,13.920000076293945,13.920000076293945,4266,0.0,0.0,0.0
2024-12-26 04:30:00+00:00,13.920000076293945,13.920000076293945,13.90999984741211,13.920000076293945,16577,0.0,0.0,0.0
2024-12-26 04:35:00+00:00,13.920000076293945,13.920000076293945,13.90999984741211,13.90999984741211,19884,0.0,0.0,0.0
2024-12-26 04:40:00+00:00,13.90999984741211,13.920000076293945,13.90999984741211,13.90999984741211,65356,0.0,0.0,0.0
2024-12-26 04:45:00+00:00,13.90999984741211,13.920000076293945,13.90999984741211,13.90999984741211,49010,0.0,0.0,0.0
2024-12-26 04:50:00+00:00,13.90999984741211,13.90999984741211,13.899999618530273,13.899999618530273,15030,0.0,0.0,0.0
2024-12-26 04:55:00+00:00,13.899999618530273,13.90999984741211,13.899999618530273,13.90999984741211,14484,0.0,0.0,0.0
2024-12-26 05:00:00+00:00,13.90999984741211,13.90999984741211,13.90999984741211,13.90999984741211,8350,0.0,0.0,0.0
2024-12-26 05:05:00+00:00,13.90999984741211,13.90999984741211,13.899999618530273,13.899999618530273,23525,0.0,0.0,0.0
2024-12-26 05:10:00+00:00,13.90999984741211,13.90999984741211,13.899999618530273,13.90999984741211,227121,0.0,0.0,0.0
2024-12-26 05:15:00+00:00,13.90999984741211,13.90999984741211,13.899999618530273,13.90999984741211,32037,0.0,0.0,0.0
2024-12-26 05:20:00+00:00,13.90999984741211,13.90999984741211,13.899999618530273,13.90999984741211,74923,0.0,0.0,0.0
2024-12-27 01:00:00+00:00,13.850000381469727,13.890000343322754,13.850000381469727,13.890000343322754,0,0.0,0.0,0.0
2024-12-27 01:05:00+00:00,13.890000343322754,13.890000343322754,13.880000114440918,13.880000114440918,20774,0.0,0.0,0.0
2024-12-27 01:10:00+00:00,13.890000343322754,13.890000343322754,13.890000343322754,13.890000343322754,10184,0.0,0.0,0.0
2024-12-27 01:15:00+00:00,13.880000114440918,13.890000343322754,13.880000114440918,13.890000343322754,23038,0.0,0.0,0.0
2024-12-27 01:20:00+00:00,13.890000343322754,13.890000343322754,13.890000343322754,13.890000343322754,12735,0.0,0.0,0.0
2024-12-27 01:25:00+00:00,13.890000343322754,13.899999618530273,13.890000343322754,13.899999618530273,101188,0.0,0.0,0.0
2024-12-27 01:30:00+00:00,13.899999618530273,13.899999618530273,13.890000343322754,13.899999618530273,9935,0.0,0.0,0.0
2024-12-27 01:35:00+00:00,13.899999618530273,13.899999618530273,13.890000343322754,13.899999618530273,13532,0.0,0.0,0.0
2024-12-27 01:40:00+00:00,13.890000343322754,13.899999618530273,13.890000343322754,13.899999618530273,14148,0.0,0.0,0.0
2024-12-27 01:45:00+00:00,13.899999618530273,13.899999618530273,13.890000343322754,13.890000343322754,20679,0.0,0.0,0.0
2024-12-27 01:50:00+00:00,13.899999618530273,13.899999618530273,13.899999618530273,13.899999618530273,27696,0.0,0.0,0.0
2024-12-27 01:55:00+00:00,13.899999618530273,13.899999618530273,13.899999618530273,13.899999618530273,10543,0.0,0.0,0.0
2024-12-27 02:00:00+00:00,13.899999618530273,13.899999618530273,13.890000343322754,13.890000343322754,15173,0.0,0.0,0.0
2024-12-27 02:05:00+00:00,13.890000343322754,13.890000343322754,13.890000343322754,13.890000343322754,34336,0.0,0.0,0.0
2024-12-27 02:10:00+00:00,13.890000343322754,13.90999984741211,13.890000343322754,13.899999618530273,77408,0.0,0.0,0.0
2024-12-27 02:15:00+00:00,13.90999984741211,13.90999984741211,13.899999618530273,13.899999618530273,13696,0.0,0.0,0.0
2024-12-27 02:20:00+00:00,13.899999618530273,13.90999984741211,13.899999618530273,13.899999618530273,78194,0.0,0.0,0.0
2024-12-27 02:25:00+00:00,13.90999984741211,13.920000076293945,13.90999984741211,13.90999984741211,23505,0.0,0.0,0.0
2024-12-27 02:30:00+00:00,13.920000076293945,13.930000305175781,13.920000076293945,13.920000076293945,51620,0.0,0.0,0.0
2024-12-27 02:35:00+00:00,13.920000076293945,13.930000305175781,13.920000076293945,13.930000305175781,29843,0.0,0.0,0.0
2024-12-27 02:40:00+00:00,13.920000076293945,13.930000305175781,13.920000076293945,13.930000305175781,27264,0.0,0.0,0.0
2024-12-27 02:45:00+00:00,13.930000305175781,13.930000305175781,13.920000076293945,13.930000305175781,35275,0.0,0.0,0.0
2024-12-27 02:50:00+00:00,13.930000305175781,13.930000305175781,13.920000076293945,13.920000076293945,40336,0.0,0.0,0.0
2024-12-27 02:55:00+00:00,13.920000076293945,13.930000305175781,13.920000076293945,13.920000076293945,10098,0.0,0.0,0.0
2024-12-27 03:00:00+00:00,13.930000305175781,13.930000305175781,13.930000305175781,13.930000305175781,21192,0.0,0.0,0.0
2024-12-27 03:05:00+00:00,13.930000305175781,13.930000305175781,13.920000076293945,13.920000076293945,22045,0.0,0.0,0.0
2024-12-27 03:10:00+00:00,13.920000076293945,13.920000076293945,13.920000076293945,13.920000076293945,19775,0.0,0.0,0.0
2024-12-27 03:15:00+00:00,13.930000305175781,13.930000305175781,13.920000076293945,13.920000076293945,4688,0.0,0.0,0.0
2024-12-27 03:20:00+00:00,13.90999984741211,13.90999984741211,13.90999984741211,13.90999984741211,7024,0.0,0.0,0.0
2024-12-27 03:25:00+00:00,13.90999984741211,13.90999984741211,13.90999984741211,13.90999984741211,12122,0.0,0.0,0.0
2024-12-27 03:30:00+00:00,13.90999984741211,13.920000076293945,13.90999984741211,13.920000076293945,4317,0.0,0.0,0.0
2024-12-27 03:35:00+00:00,13.90999984741211,13.920000076293945,13.90999984741211,13.920000076293945,10035,0.0,0.0,0.0
2024-12-27 03:40:00+00:00,13.920000076293945,13.920000076293945,13.90999984741211,13.90999984741211,7484,0.0,0.0,0.0
2024-12-27 03:45:00+00:00,13.920000076293945,13.920000076293945,13.920000076293945,13.920000076293945,4727,0.0,0.0,0.0
2024-12-27 03:50:00+00:00,13.90999984741211,13.90999984741211,13.90999984741211,13.90999984741211,1000,0.0,0.0,0.0
2024-12-27 03:55:00+00:00,13.90999984741211,13.90999984741211,13.90999984741211,13.90999984741211,6648,0.0,0.0,0.0
2024-12-27 04:00:00+00:00,13.920000076293945,13.920000076293945,13.920000076293945,13.920000076293945,18134,0.0,0.0,0.0
2024-12-27 04:05:00+00:00,13.920000076293945,13.920000076293945,13.90999984741211,13.90999984741211,39115,0.0,0.0,0.0
2024-12-27 04:10:00+00:00,13.90999984741211,13.90999984741211,13.90999984741211,13.90999984741211,139735,0.0,0.0,0.0
2024-12-27 04:15:00+00:00,13.90999984741211,13.920000076293945,13.90999984741211,13.90999984741211,13075,0.0,0.0,0.0
2024-12-27 04:20:00+00:00,13.90999984741211,13.90999984741211,13.90999984741211,13.90999984741211,86012,0.0,0.0,0.0
2024-12-27 04:25:00+00:00,13.90999984741211,13.920000076293945,13.90999984741211,13.920000076293945,16092,0.0,0.0,0.0
2024-12-27 04:30:00+00:00,13.920000076293945,13.920000076293945,13.90999984741211,13.90999984741211,147133,0.0,0.0,0.0
2024-12-27 04:35:00+00:00,13.90999984741211,13.90999984741211,13.899999618530273,13.899999618530273,23093,0.0,0.0,0.0
2024-12-27 04:40:00+00:00,13.90999984741211,13.90999984741211,13.899999618530273,13.90999984741211,57770,0.0,0.0,0.0
2024-12-27 04:45:00+00:00,13.899999618530273,13.90999984741211,13.899999618530273,13.90999984741211,42412,0.0,0.0,0.0
2024-12-27 04:50:00+00:00,13.90999984741211,13.90999984741211,13.90999984741211,13.90999984741211,11418,0.0,0.0,0.0
2024-12-27 04:55:00+00:00,13.90999984741211,13.90999984741211,13.90999984741211,13.90999984741211,12413,0.0,0.0,0.0
2024-12-27 05:00:00+00:00,13.90999984741211,13.920000076293945,13.90999984741211,13.920000076293945,62030,0.0,0.0,0.0
2024-12-27 05:05:00+00:00,13.920000076293945,13.920000076293945,13.90999984741211,13.90999984741211,6674,0.0,0.0,0.0
2024-12-27 05:10:00+00:00,13.90999984741211,13.920000076293945,13.90999984741211,13.920000076293945,506469,0.0,0.0,0.0
2024-12-27 05:15:00+00:00,13.930000305175781,13.930000305175781,13.90999984741211,13.920000076293945,62721,0.0,0.0,0.0
2024-12-27 05:20:00+00:00,13.920000076293945,13.920000076293945,13.920000076293945,13.920000076293945,33088,0.0,0.0,0.0
2024-12-30 01:00:00+00:00,13.899999618530273,13.899999618530273,13.869999885559082,13.890000343322754,0,0.0,0.0,0.0
2024-12-30 01:05:00+00:00,13.890000343322754,13.890000343322754,13.880000114440918,13.880000114440918,50530,0.0,0.0,0.0
2024-12-30 01:10:00+00:00,13.890000343322754,13.90999984741211,13.890000343322754,13.90999984741211,50060,0.0,0.0,0.0
2024-12-30 01:15:00+00:00,13.90999984741211,13.90999984741211,13.890000343322754,13.899999618530273,81063,0.0,0.0,0.0
2024-12-30 01:20:00+00:00,13.890000343322754,13.890000343322754,13.880000114440918,13.890000343322754,41784,0.0,0.0,0.0
2024-12-30 01:25:00+00:00,13.890000343322754,13.890000343322754,13.880000114440918,13.880000114440918,192229,0.0,0.0,0.0
2024-12-30 01:30:00+00:00,13.890000343322754,13.899999618530273,13.890000343322754,13.899999618530273,26289,0.0,0.0,0.0
2024-12-30 01:35:00+00:00,13.899999618530273,13.899999618530273,13.899999618530273,13.899999618530273,11353,0.0,0.0,0.0
2024-12-30 01:40:00+00:00,13.899999618530273,13.899999618530273,13.880000114440918,13.890000343322754,170159,0.0,0.0,0.0
2024-12-30 01:45:00+00:00,13.899999618530273,13.90999984741211,13.899999618530273,13.90999984741211,41882,0.0,0.0,0.0
2024-12-30 01:50:00+00:00,13.920000076293945,13.920000076293945,13.90999984741211,13.90999984741211,25674,0.0,0.0,0.0
2024-12-30 01:55:00+00:00,13.920000076293945,13.920000076293945,13.90999984741211,13.90999984741211,10295,0.0,0.0,0.0
2024-12-30 02:00:00+00:00,13.90999984741211,13.920000076293945,13.90999984741211,13.90999984741211,9388,0.0,0.0,0.0
2024-12-30 02:05:00+00:00,13.90999984741211,13.90999984741211,13.90999984741211,13.90999984741211,7013,0.0,0.0,0.0
2024-12-30 02:10:00+00:00,13.899999618530273,13.90999984741211,13.899999618530273,13.899999618530273,63013,0.0,0.0,0.0
2024-12-30 02:15:00+00:00,13.90999984741211,13.90999984741211,13.899999618530273,13.90999984741211,29114,0.0,0.0,0.0
2024-12-30 02:20:00+00:00,13.90999984741211,13.90999984741211,13.90999984741211,13.90999984741211,6113,0.0,0.0,0.0
2024-12-30 02:25:00+00:00,13.90999984741211,13.90999984741211,13.90999984741211,13.90999984741211,4679,0.0,0.0,0.0
2024-12-30 02:30:00+00:00,13.90999984741211,13.90999984741211,13.90999984741211,13.90999984741211,8722,0.0,0.0,0.0
2024-12-30 02:35:00+00:00,13.90999984741211,13.90999984741211,13.899999618530273,13.90999984741211,9003,0.0,0.0,0.0
2024-12-30 02:40:00+00:00,13.90999984741211,13.90999984741211,13.899999618530273,13.899999618530273,57203,0.0,0.0,0.0
2024-12-30 02:45:00+00:00,13.90999984741211,13.90999984741211,13.899999618530273,13.899999618530273,36113,0.0,0.0,0.0
2024-12-30 02:50:00+00:00,13.899999618530273,13.90999984741211,13.899999618530273,13.899999618530273,17387,0.0,0.0,0.0
2024-12-30 02:55:00+00:00,13.90999984741211,13.90999984741211,13.899999618530273,13.899999618530273,4360,0.0,0.0,0.0
2024-12-30 03:00:00+00:00,13.90999984741211,13.90999984741211,13.899999618530273,13.899999618530273,15485,0.0,0.0,0.0
2024-12-30 03:05:00+00:00,13.899999618530273,13.90999984741211,13.899999618530273,13.90999984741211,14085,0.0,0.0,0.0
2024-12-30 03:10:00+00:00,13.90999984741211,13.90999984741211,13.899999618530273,13.90999984741211,48220,0.0,0.0,0.0
2024-12-30 03:15:00+00:00,13.899999618530273,13.90999984741211,13.899999618530273,13.899999618530273,8718,0.0,0.0,0.0
2024-12-30 03:20:00+00:00,13.899999618530273,13.899999618530273,13.890000343322754,13.890000343322754,4615,0.0,0.0,0.0
2024-12-30 03:25:00+00:00,13.890000343322754,13.899999618530273,13.890000343322754,13.899999618530273,3168,0.0,0.0,0.0
2024-12-30 03:30:00+00:00,13.899999618530273,13.90999984741211,13.899999618530273,13.90999984741211,19497,0.0,0.0,0.0
2024-12-30 03:35:00+00:00,13.90999984741211,13.90999984741211,13.90999984741211,13.90999984741211,2305,0.0,0.0,0.0
2024-12-30 03:40:00+00:00,13.90999984741211,13.90999984741211,13.899999618530273,13.899999618530273,11003,0.0,0.0,0.0
2024-12-30 03:45:00+00:00,13.899999618530273,13.90999984741211,13.899999618530273,13.90999984741211,12441,0.0,0.0,0.0
2024-12-30 03:50:00+00:00,13.899999618530273,13.90999984741211,13.899999618530273,13.90999984741211,12946,0.0,0.0,0.0
2024-12-30 03:55:00+00:00,13.899999618530273,13.90999984741211,13.899999618530273,13.90999984741211,14013,0.0,0.0,0.0
2024-12-30 04:00:00+00:00,13.90999984741211,13.90999984741211,13.90999984741211,13.90999984741211,4744,0.0,0.0,0.0
2024-12-30 04:05:00+00:00,13.90999984741211,13.90999984741211,13.90999984741211,13.90999984741211,2033,0.0,0.0,0.0
2024-12-30 04:10:00+00:00,13.90999984741211,13.90999984741211,13.90999984741211,13.90999984741211,16675,0.0,0.0,0.0
2024-12-30 04:15:00+00:00,13.90999984741211,13.90999984741211,13.899999618530273,13.90999984741211,24085,0.0,0.0,0.0
2024-12-30 04:20:00+00:00,13.90999984741211,13.90999984741211,13.890000343322754,13.890000343322754,59913,0.0,0.0,0.0
2024-12-30 04:25:00+00:00,13.899999618530273,13.899999618530273,13.899999618530273,13.899999618530273,1104,0.0,0.0,0.0
2024-12-30 04:30:00+00:00,13.899999618530273,13.899999618530273,13.899999618530273,13.899999618530273,2344,0.0,0.0,0.0
2024-12-30 04:35:00+00:00,13.899999618530273,13.899999618530273,13.899999618530273,13.899999618530273,4450,0.0,0.0,0.0
2024-12-30 04:40:00+00:00,13.890000343322754,13.899999618530273,13.890000343322754,13.899999618530273,14400,0.0,0.0,0.0
2024-12-30 04:45:00+00:00,13.899999618530273,13.899999618530273,13.890000343322754,13.890000343322754,8010,0.0,0.0,0.0
2024-12-30 04:50:00+00:00,13.899999618530273,13.899999618530273,13.890000343322754,13.899999618530273,11225,0.0,0.0,0.0
2024-12-30 04:55:00+00:00,13.890000343322754,13.899999618530273,13.890000343322754,13.890000343322754,180166,0.0,0.0,0.0
2024-12-30 05:00:00+00:00,13.890000343322754,13.890000343322754,13.890000343322754,13.890000343322754,23100,0.0,0.0,0.0
2024-12-30 05:05:00+00:00,13.890000343322754,13.890000343322754,13.890000343322754,13.890000343322754,17625,0.0,0.0,0.0
2024-12-30 05:10:00+00:00,13.890000343322754,13.890000343322754,13.880000114440918,13.880000114440918,40767,0.0,0.0,0.0
2024-12-30 05:15:00+00:00,13.890000343322754,13.890000343322754,13.880000114440918,13.880000114440918,40033,0.0,0.0,0.0
2024-12-30 05:20:00+00:00,13.880000114440918,13.880000114440918,13.869999885559082,13.880000114440918,333183,0.0,0.0,0.0
2024-12-31 01:00:00+00:00,13.850000381469727,13.850000381469727,13.779999732971191,13.779999732971191,0,0.0,0.0,0.0
2024-12-31 01:05:00+00:00,13.789999961853027,13.789999961853027,13.760000228881836,13.770000457763672,116000,0.0,0.0,0.0
2024-12-31 01:10:00+00:00,13.770000457763672,13.770000457763672,13.760000228881836,13.770000457763672,170295,0.0,0.0,0.0
2024-12-31 01:15:00+00:00,13.770000457763672,13.779999732971191,13.760000228881836,13.779999732971191,250646,0.0,0.0,0.0
2024-12-31 01:20:00+00:00,13.789999961853027,13.8100004196167,13.789999961853027,13.800000190734863,53139,0.0,0.0,0.0
2024-12-31 01:25:00+00:00,13.789999961853027,13.789999961853027,13.770000457763672,13.779999732971191,129846,0.0,0.0,0.0
2024-12-31 01:30:00+00:00,13.779999732971191,13.789999961853027,13.779999732971191,13.789999961853027,58455,0.0,0.0,0.0
2024-12-31 01:35:00+00:00,13.789999961853027,13.789999961853027,13.779999732971191,13.779999732971191,26782,0.0,0.0,0.0
2024-12-31 01:40:00+00:00,13.789999961853027,13.800000190734863,13.789999961853027,13.800000190734863,43311,0.0,0.0,0.0
2024-12-31 01:45:00+00:00,13.800000190734863,13.8100004196167,13.800000190734863,13.8100004196167,24934,0.0,0.0,0.0
2024-12-31 01:50:00+00:00,13.8100004196167,13.8100004196167,13.8100004196167,13.8100004196167,49072,0.0,0.0,0.0
2024-12-31 01:55:00+00:00,13.8100004196167,13.8100004196167,13.800000190734863,13.800000190734863,104843,0.0,0.0,0.0
2024-12-31 02:00:00+00:00,13.800000190734863,13.800000190734863,13.789999961853027,13.800000190734863,58542,0.0,0.0,0.0
2024-12-31 02:05:00+00:00,13.800000190734863,13.800000190734863,13.800000190734863,13.800000190734863,10023,0.0,0.0,0.0
2024-12-31 02:10:00+00:00,13.8100004196167,13.819999694824219,13.8100004196167,13.819999694824219,11739,0.0,0.0,0.0
2024-12-31 02:15:00+00:00,13.819999694824219,13.819999694824219,13.819999694824219,13.819999694824219,24643,0.0,0.0,0.0
2024-12-31 02:20:00+00:00,13.819999694824219,13.819999694824219,13.8100004196167,13.8100004196167,9658,0.0,0.0,0.0
2024-12-31 02:25:00+00:00,13.8100004196167,13.8100004196167,13.8100004196167,13.8100004196167,9358,0.0,0.0,0.0
2024-12-31 02:30:00+00:00,13.819999694824219,13.819999694824219,13.819999694824219,13.819999694824219,97149,0.0,0.0,0.0
2024-12-31 02:35:00+00:00,13.819999694824219,13.819999694824219,13.8100004196167,13.8100004196167,38289,0.0,0.0,0.0
2024-12-31 02:40:00+00:00,13.8100004196167,13.8100004196167,13.8100004196167,13.8100004196167,25943,0.0,0.0,0.0
2024-12-31 02:45:00+00:00,13.8100004196167,13.8100004196167,13.8100004196167,13.8100004196167,13632,0.0,0.0,0.0
2024-12-31 02:50:00+00:00,13.8100004196167,13.8100004196167,13.8100004196167,13.8100004196167,17124,0.0,0.0,0.0
2024-12-31 02:55:00+00:00,13.8100004196167,13.8100004196167,13.800000190734863,13.8100004196167,10738,0.0,0.0,0.0
2024-12-31 03:00:00+00:00,13.800000190734863,13.800000190734863,13.789999961853027,13.800000190734863,144258,0.0,0.0,0.0
2024-12-31 03:05:00+00:00,13.800000190734863,13.800000190734863,13.800000190734863,13.800000190734863,32383,0.0,0.0,0.0
2024-12-31 03:10:00+00:00,13.800000190734863,13.800000190734863,13.800000190734863,13.800000190734863,7220,0.0,0.0,0.0
2024-12-31 03:15:00+00:00,13.800000190734863,13.800000190734863,13.800000190734863,13.800000190734863,4033,0.0,0.0,0.0
2024-12-31 03:20:00+00:00,13.800000190734863,13.8100004196167,13.800000190734863,13.800000190734863,38533,0.0,0.0,0.0
2024-12-31 03:25:00+00:00,13.800000190734863,13.8100004196167,13.789999961853027,13.800000190734863,32233,0.0,0.0,0.0
2024-12-31 03:30:00+00:00,13.800000190734863,13.800000190734863,13.800000190734863,13.800000190734863,22023,0.0,0.0,0.0
2024-12-31 03:35:00+00:00,13.789999961853027,13.800000190734863,13.789999961853027,13.800000190734863,127279,0.0,0.0,0.0
2024-12-31 03:40:00+00:00,13.779999732971191,13.789999961853027,13.779999732971191,13.789999961853027,5023,0.0,0.0,0.0
2024-12-31 03:45:00+00:00,13.789999961853027,13.789999961853027,13.779999732971191,13.789999961853027,21959,0.0,0.0,0.0
2024-12-31 03:50:00+00:00,13.779999732971191,13.789999961853027,13.779999732971191,13.789999961853027,13350,0.0,0.0,0.0
2024-12-31 03:55:00+00:00,13.789999961853027,13.789999961853027,13.779999732971191,13.779999732971191,22581,0.0,0.0,0.0
2024-12-31 04:00:00+00:00,13.779999732971191,13.789999961853027,13.779999732971191,13.789999961853027,22234,0.0,0.0,0.0
2024-12-31 04:05:00+00:00,13.789999961853027,13.789999961853027,13.789999961853027,13.789999961853027,20233,0.0,0.0,0.0
2024-12-31 04:10:00+00:00,13.789999961853027,13.789999961853027,13.779999732971191,13.779999732971191,26729,0.0,0.0,0.0
2024-12-31 04:15:00+00:00,13.779999732971191,13.789999961853027,13.779999732971191,13.779999732971191,3173,0.0,0.0,0.0
2024-12-31 04:20:00+00:00,13.779999732971191,13.789999961853027,13.779999732971191,13.789999961853027,23912,0.0,0.0,0.0
2024-12-31 04:25:00+00:00,13.789999961853027,13.789999961853027,13.789999961853027,13.789999961853027,1000,0.0,0.0,0.0
2024-12-31 04:30:00+00:00,13.800000190734863,13.800000190734863,13.800000190734863,13.800000190734863,123154,0.0,0.0,0.0
2024-12-31 04:35:00+00:00,13.800000190734863,13.800000190734863,13.800000190734863,13.800000190734863,6120,0.0,0.0,0.0
2024-12-31 04:40:00+00:00,13.8100004196167,13.819999694824219,13.8100004196167,13.819999694824219,6080,0.0,0.0,0.0
2024-12-31 04:45:00+00:00,13.819999694824219,13.819999694824219,13.8100004196167,13.8100004196167,54546,0.0,0.0,0.0
2024-12-31 04:50:00+00:00,13.829999923706055,13.829999923706055,13.8100004196167,13.8100004196167,7765,0.0,0.0,0.0
2024-12-31 04:55:00+00:00,13.819999694824219,13.829999923706055,13.819999694824219,13.829999923706055,26984,0.0,0.0,0.0
2024-12-31 05:00:00+00:00,13.829999923706055,13.829999923706055,13.819999694824219,13.829999923706055,23265,0.0,0.0,0.0
2024-12-31 05:05:00+00:00,13.829999923706055,13.84000015258789,13.829999923706055,13.829999923706055,21733,0.0,0.0,0.0
2024-12-31 05:10:00+00:00,13.84000015258789,13.850000381469727,13.829999923706055,13.84000015258789,29119,0.0,0.0,0.0
2024-12-31 05:15:00+00:00,13.84000015258789,13.859999656677246,13.84000015258789,13.850000381469727,46747,0.0,0.0,0.0
2024-12-31 05:20:00+00:00,13.859999656677246,13.859999656677246,13.850000381469727,13.850000381469727,46783,0.0,0.0,0.0
2025-01-02 01:00:00+00:00,13.800000190734863,13.800000190734863,13.779999732971191,13.789999961853027,0,0.0,0.0,0.0
2025-01-02 01:05:00+00:00,13.779999732971191,13.800000190734863,13.779999732971191,13.800000190734863,112793,0.0,0.0,0.0
2025-01-02 01:10:00+00:00,13.800000190734863,13.819999694824219,13.800000190734863,13.8100004196167,53758,0.0,0.0,0.0
2025-01-02 01:15:00+00:00,13.8100004196167,13.8100004196167,13.800000190734863,13.8100004196167,36418,0.0,0.0,0.0
2025-01-02 01:20:00+00:00,13.8100004196167,13.8100004196167,13.800000190734863,13.800000190734863,58668,0.0,0.0,0.0
2025-01-02 01:25:00+00:00,13.8100004196167,13.8100004196167,13.789999961853027,13.789999961853027,140566,0.0,0.0,0.0
2025-01-02 01:30:00+00:00,13.789999961853027,13.789999961853027,13.75,13.75,281284,0.0,0.0,0.0
2025-01-02 01:35:00+00:00,13.75,13.75,13.739999771118164,13.739999771118164,138202,0.0,0.0,0.0
2025-01-02 01:40:00+00:00,13.75,13.770000457763672,13.75,13.770000457763672,18532,0.0,0.0,0.0
2025-01-02 01:45:00+00:00,13.770000457763672,13.800000190734863,13.770000457763672,13.789999961853027,43122,0.0,0.0,0.0
2025-01-02 01:50:00+00:00,13.789999961853027,13.789999961853027,13.779999732971191,13.779999732971191,10125,0.0,0.0,0.0
2025-01-02 01:55:00+00:00,13.789999961853027,13.789999961853027,13.75,13.75,189718,0.0,0.0,0.0
2025-01-02 02:00:00+00:00,13.75,13.770000457763672,13.75,13.760000228881836,136413,0.0,0.0,0.0
2025-01-02 02:05:00+00:00,13.760000228881836,13.770000457763672,13.75,13.75,88914,0.0,0.0,0.0
2025-01-02 02:10:00+00:00,13.75,13.760000228881836,13.75,13.75,216882,0.0,0.0,0.0
2025-01-02 02:15:00+00:00,13.75,13.760000228881836,13.739999771118164,13.760000228881836,37734,0.0,0.0,0.0
2025-01-02 02:20:00+00:00,13.760000228881836,13.760000228881836,13.75,13.75,37841,0.0,0.0,0.0
2025-01-02 02:25:00+00:00,13.760000228881836,13.760000228881836,13.760000228881836,13.760000228881836,5361,0.0,0.0,0.0
2025-01-02 02:30:00+00:00,13.760000228881836,13.760000228881836,13.729999542236328,13.729999542236328,228141,0.0,0.0,0.0
2025-01-02 02:35:00+00:00,13.729999542236328,13.75,13.729999542236328,13.75,24967,0.0,0.0,0.0
2025-01-02 02:40:00+00:00,13.75,13.760000228881836,13.75,13.760000228881836,11131,0.0,0.0,0.0
2025-01-02 02:45:00+00:00,13.760000228881836,13.760000228881836,13.75,13.75,27540,0.0,0.0,0.0
2025-01-02 02:50:00+00:00,13.760000228881836,13.760000228881836,13.75,13.75,46016,0.0,0.0,0.0
2025-01-02 02:55:00+00:00,13.75,13.75,13.739999771118164,13.739999771118164,78963,0.0,0.0,0.0
2025-01-02 03:00:00+00:00,13.729999542236328,13.739999771118164,13.729999542236328,13.739999771118164,11369,0.0,0.0,0.0
2025-01-02 03:05:00+00:00,13.739999771118164,13.739999771118164,13.729999542236328,13.729999542236328,271449,0.0,0.0,0.0
2025-01-02 03:10:00+00:00,13.729999542236328,13.729999542236328,13.710000038146973,13.720000267028809,211476,0.0,0.0,0.0
2025-01-02 03:15:00+00:00,13.710000038146973,13.720000267028809,13.699999809265137,13.720000267028809,29106,0.0,0.0,0.0
2025-01-02 03:20:00+00:00,13.720000267028809,13.729999542236328,13.720000267028809,13.720000267028809,18001,0.0,0.0,0.0
2025-01-02 03:25:00+00:00,13.729999542236328,13.739999771118164,13.729999542236328,13.729999542236328,16690,0.0,0.0,0.0
2025-01-02 03:30:00+00:00,13.729999542236328,13.729999542236328,13.720000267028809,13.729999542236328,74984,0.0,0.0,0.0
2025-01-02 03:35:00+00:00,13.729999542236328,13.729999542236328,13.710000038146973,13.720000267028809,12083,0.0,0.0,0.0
2025-01-02 03:40:00+00:00,13.729999542236328,13.729999542236328,13.710000038146973,13.720000267028809,13506,0.0,0.0,0.0
2025-01-02 03:45:00+00:00,13.710000038146973,13.720000267028809,13.710000038146973,13.720000267028809,53812,0.0,0.0,0.0
2025-01-02 03:50:00+00:00,13.720000267028809,13.720000267028809,13.710000038146973,13.720000267028809,14267,0.0,0.0,0.0
2025-01-02 03:55:00+00:00,13.720000267028809,13.720000267028809,13.710000038146973,13.710000038146973,58150,0.0,0.0,0.0
2025-01-02 04:00:00+00:00,13.720000267028809,13.729999542236328,13.710000038146973,13.720000267028809,75015,0.0,0.0,0.0
2025-01-02 04:05:00+00:00,13.720000267028809,13.729999542236328,13.710000038146973,13.720000267028809,14270,0.0,0.0,0.0
2025-01-02 04:10:00+00:00,13.720000267028809,13.720000267028809,13.699999809265137,13.699999809265137,465030,0.0,0.0,0.0
2025-01-02 04:15:00+00:00,13.699999809265137,13.699999809265137,13.699999809265137,13.699999809265137,59135,0.0,0.0,0.0
2025-01-02 04:20:00+00:00,13.699999809265137,13.710000038146973,13.699999809265137,13.710000038146973,38333,0.0,0.0,0.0
2025-01-02 04:25:00+00:00,13.710000038146973,13.710000038146973,13.699999809265137,13.710000038146973,40997,0.0,0.0,0.0
2025-01-02 04:30:00+00:00,13.720000267028809,13.720000267028809,13.710000038146973,13.710000038146973,11081,0.0,0.0,0.0
2025-01-02 04:35:00+00:00,13.710000038146973,13.720000267028809,13.699999809265137,13.699999809265137,28225,0.0,0.0,0.0
2025-01-02 04:40:00+00:00,13.699999809265137,13.710000038146973,13.699999809265137,13.699999809265137,200803,0.0,0.0,0.0
2025-01-02 04:45:00+00:00,13.699999809265137,13.699999809265137,13.6899995803833,13.699999809265137,14320,0.0,0.0,0.0
2025-01-02 04:50:00+00:00,13.6899995803833,13.699999809265137,13.6899995803833,13.699999809265137,43821,0.0,0.0,0.0
2025-01-02 04:55:00+00:00,13.6899995803833,13.699999809265137,13.6899995803833,13.6899995803833,204392,0.0,0.0,0.0
2025-01-02 05:00:00+00:00,13.6899995803833,13.699999809265137,13.6899995803833,13.6899995803833,66041,0.0,0.0,0.0
2025-01-02 05:05:00+00:00,13.6899995803833,13.710000038146973,13.6899995803833,13.699999809265137,162199,0.0,0.0,0.0
2025-01-02 05:10:00+00:00,13.699999809265137,13.710000038146973,13.6899995803833,13.710000038146973,58232,0.0,0.0,0.0
2025-01-02 05:15:00+00:00,13.710000038146973,13.720000267028809,13.699999809265137,13.720000267028809,170157,0.0,0.0,0.0
2025-01-02 05:20:00+00:00,13.720000267028809,13.729999542236328,13.710000038146973,13.729999542236328,51145,0.0,0.0,0.0
2025-01-03 01:00:00+00:00,13.770000457763672,13.859999656677246,13.760000228881836,13.819999694824219,0,0.0,0.0,0.0
2025-01-03 01:05:00+00:00,13.800000190734863,13.8100004196167,13.779999732971191,13.789999961853027,796000,0.0,0.0,0.0
2025-01-03 01:10:00+00:00,13.800000190734863,13.800000190734863,13.779999732971191,13.779999732971191,170012,0.0,0.0,0.0
2025-01-03 01:15:00+00:00,13.779999732971191,13.779999732971191,13.760000228881836,13.779999732971191,197852,0.0,0.0,0.0
2025-01-03 01:20:00+00:00,13.779999732971191,13.779999732971191,13.760000228881836,13.770000457763672,54747,0.0,0.0,0.0
2025-01-03 01:25:00+00:00,13.770000457763672,13.779999732971191,13.760000228881836,13.760000228881836,45394,0.0,0.0,0.0
2025-01-03 01:30:00+00:00,13.770000457763672,13.770000457763672,13.75,13.75,204521,0.0,0.0,0.0
2025-01-03 01:35:00+00:00,13.75,13.760000228881836,13.729999542236328,13.739999771118164,107225,0.0,0.0,0.0
2025-01-03 01:40:00+00:00,13.739999771118164,13.739999771118164,13.739999771118164,13.739999771118164,22818,0.0,0.0,0.0
2025-01-03 01:45:00+00:00,13.739999771118164,13.739999771118164,13.729999542236328,13.729999542236328,24188,0.0,0.0,0.0
2025-01-03 01:50:00+00:00,13.729999542236328,13.729999542236328,13.720000267028809,13.729999542236328,54697,0.0,0.0,0.0
2025-01-03 01:55:00+00:00,13.729999542236328,13.75,13.720000267028809,13.75,54750,0.0,0.0,0.0
2025-01-03 02:00:00+00:00,13.75,13.75,13.739999771118164,13.739999771118164,45229,0.0,0.0,0.0
2025-01-03 02:05:00+00:00,13.739999771118164,13.739999771118164,13.729999542236328,13.729999542236328,52464,0.0,0.0,0.0
2025-01-03 02:10:00+00:00,13.729999542236328,13.75,13.720000267028809,13.739999771118164,273534,0.0,0.0,0.0
2025-01-03 02:15:00+00:00,13.75,13.75,13.739999771118164,13.75,16854,0.0,0.0,0.0
2025-01-03 02:20:00+00:00,13.739999771118164,13.739999771118164,13.739999771118164,13.739999771118164,50124,0.0,0.0,0.0
2025-01-03 02:25:00+00:00,13.739999771118164,13.75,13.739999771118164,13.75,87617,0.0,0.0,0.0
2025-01-03 02:30:00+00:00,13.75,13.760000228881836,13.75,13.760000228881836,58538,0.0,0.0,0.0
2025-01-03 02:35:00+00:00,13.760000228881836,13.760000228881836,13.75,13.760000228881836,18524,0.0,0.0,0.0
2025-01-03 02:40:00+00:00,13.760000228881836,13.770000457763672,13.760000228881836,13.770000457763672,66618,0.0,0.0,0.0
2025-01-03 02:45:00+00:00,13.770000457763672,13.770000457763672,13.770000457763672,13.770000457763672,172020,0.0,0.0,0.0
2025-01-03 02:50:00+00:00,13.779999732971191,13.779999732971191,13.770000457763672,13.779999732971191,23576,0.0,0.0,0.0
2025-01-03 02:55:00+00:00,13.779999732971191,13.789999961853027,13.779999732971191,13.789999961853027,114087,0.0,0.0,0.0
2025-01-03 03:00:00+00:00,13.789999961853027,13.789999961853027,13.779999732971191,13.789999961853027,17211,0.0,0.0,0.0
2025-01-03 03:05:00+00:00,13.789999961853027,13.8100004196167,13.779999732971191,13.8100004196167,238346,0.0,0.0,0.0
2025-01-03 03:10:00+00:00,13.8100004196167,13.8100004196167,13.800000190734863,13.800000190734863,50324,0.0,0.0,0.0
2025-01-03 03:15:00+00:00,13.800000190734863,13.8100004196167,13.800000190734863,13.800000190734863,79791,0.0,0.0,0.0
2025-01-03 03:20:00+00:00,13.8100004196167,13.8100004196167,13.800000190734863,13.8100004196167,64314,0.0,0.0,0.0
2025-01-03 03:25:00+00:00,13.8100004196167,13.819999694824219,13.800000190734863,13.800000190734863,24339,0.0,0.0,0.0
2025-01-03 03:30:00+00:00,13.8100004196167,13.8100004196167,13.789999961853027,13.789999961853027,61930,0.0,0.0,0.0
2025-01-03 03:35:00+00:00,13.789999961853027,13.800000190734863,13.779999732971191,13.779999732971191,10706,0.0,0.0,0.0
2025-01-03 03:40:00+00:00,13.779999732971191,13.789999961853027,13.770000457763672,13.789999961853027,72010,0.0,0.0,0.0
2025-01-03 03:45:00+00:00,13.789999961853027,13.789999961853027,13.770000457763672,13.770000457763672,15098,0.0,0.0,0.0
2025-01-03 03:50:00+00:00,13.770000457763672,13.770000457763672,13.770000457763672,13.770000457763672,5010,0.0,0.0,0.0
2025-01-03 03:55:00+00:00,13.770000457763672,13.770000457763672,13.770000457763672,13.770000457763672,180143,0.0,0.0,0.0
2025-01-03 04:00:00+00:00,13.779999732971191,13.779999732971191,13.779999732971191,13.779999732971191,1044,0.0,0.0,0.0
2025-01-03 04:05:00+00:00,13.779999732971191,13.779999732971191,13.779999732971191,13.779999732971191,8034,0.0,0.0,0.0
2025-01-03 04:10:00+00:00,13.770000457763672,13.779999732971191,13.760000228881836,13.760000228881836,23277,0.0,0.0,0.0
2025-01-03 04:15:00+00:00,13.770000457763672,13.770000457763672,13.770000457763672,13.770000457763672,5010,0.0,0.0,0.0
2025-01-03 04:20:00+00:00,13.760000228881836,13.770000457763672,13.760000228881836,13.770000457763672,32024,0.0,0.0,0.0
2025-01-03 04:25:00+00:00,13.770000457763672,13.779999732971191,13.770000457763672,13.779999732971191,19034,0.0,0.0,0.0
2025-01-03 04:30:00+00:00,13.779999732971191,13.779999732971191,13.760000228881836,13.770000457763672,10281,0.0,0.0,0.0
2025-01-03 04:35:00+00:00,13.770000457763672,13.779999732971191,13.760000228881836,13.760000228881836,321006,0.0,0.0,0.0
2025-01-03 04:40:00+00:00,13.760000228881836,13.760000228881836,13.760000228881836,13.760000228881836,78510,0.0,0.0,0.0
2025-01-03 04:45:00+00:00,13.760000228881836,13.770000457763672,13.75,13.75,22557,0.0,0.0,0.0
2025-01-03 04:50:00+00:00,13.75,13.75,13.75,13.75,4310,0.0,0.0,0.0
2025-01-03 04:55:00+00:00,13.75,13.75,13.75,13.75,107302,0.0,0.0,0.0
2025-01-03 05:00:00+00:00,13.75,13.75,13.75,13.75,5630,0.0,0.0,0.0
2025-01-03 05:05:00+00:00,13.75,13.75,13.75,13.75,3275,0.0,0.0,0.0
2025-01-03 05:10:00+00:00,13.75,13.75,13.75,13.75,60232,0.0,0.0,0.0
2025-01-06 01:00:00+00:00,13.869999885559082,13.930000305175781,13.869999885559082,13.880000114440918,0,0.0,0.0,0.0
2025-01-06 01:05:00+00:00,13.880000114440918,13.890000343322754,13.880000114440918,13.880000114440918,529542,0.0,0.0,0.0
2025-01-06 01:10:00+00:00,13.890000343322754,13.899999618530273,13.880000114440918,13.899999618530273,865703,0.0,0.0,0.0
2025-01-06 01:15:00+00:00,13.899999618530273,13.90999984741211,13.890000343322754,13.899999618530273,684124,0.0,0.0,0.0
2025-01-06 01:20:00+00:00,13.90999984741211,13.90999984741211,13.890000343322754,13.890000343322754,156691,0.0,0.0,0.0
2025-01-06 01:25:00+00:00,13.890000343322754,13.899999618530273,13.880000114440918,13.899999618530273,439970,0.0,0.0,0.0
2025-01-06 01:30:00+00:00,13.899999618530273,13.899999618530273,13.890000343322754,13.890000343322754,812904,0.0,0.0,0.0
2025-01-06 01:35:00+00:00,13.899999618530273,13.90999984741211,13.890000343322754,13.90999984741211,1303821,0.0,0.0,0.0
2025-01-06 01:40:00+00:00,13.90999984741211,13.920000076293945,13.899999618530273,13.90999984741211,189554,0.0,0.0,0.0
2025-01-06 01:45:00+00:00,13.920000076293945,13.930000305175781,13.90999984741211,13.920000076293945,662184,0.0,0.0,0.0
2025-01-06 01:50:00+00:00,13.930000305175781,13.930000305175781,13.90999984741211,13.920000076293945,441181,0.0,0.0,0.0
2025-01-06 01:55:00+00:00,13.930000305175781,13.930000305175781,13.920000076293945,13.920000076293945,71187,0.0,0.0,0.0
2025-01-06 02:00:00+00:00,13.930000305175781,13.930000305175781,13.920000076293945,13.920000076293945,810471,0.0,0.0,0.0
2025-01-06 02:05:00+00:00,13.920000076293945,13.9399995803833,13.920000076293945,13.930000305175781,313117,0.0,0.0,0.0
2025-01-06 02:10:00+00:00,13.9399995803833,13.949999809265137,13.930000305175781,13.9399995803833,231218,0.0,0.0,0.0
2025-01-06 02:15:00+00:00,13.9399995803833,13.970000267028809,13.9399995803833,13.970000267028809,698451,0.0,0.0,0.0
2025-01-06 02:20:00+00:00,13.970000267028809,13.970000267028809,13.960000038146973,13.970000267028809,181604,0.0,0.0,0.0
2025-01-06 02:25:00+00:00,13.970000267028809,13.970000267028809,13.960000038146973,13.960000038146973,169016,0.0,0.0,0.0
2025-01-06 02:30:00+00:00,13.970000267028809,13.970000267028809,13.960000038146973,13.960000038146973,396278,0.0,0.0,0.0
2025-01-06 02:35:00+00:00,13.970000267028809,13.970000267028809,13.960000038146973,13.960000038146973,104320,0.0,0.0,0.0
2025-01-06 02:40:00+00:00,13.970000267028809,13.970000267028809,13.960000038146973,13.960000038146973,49645,0.0,0.0,0.0
2025-01-06 02:45:00+00:00,13.970000267028809,13.979999542236328,13.960000038146973,13.979999542236328,483051,0.0,0.0,0.0
2025-01-06 02:50:00+00:00,13.979999542236328,13.979999542236328,13.970000267028809,13.970000267028809,161590,0.0,0.0,0.0
2025-01-06 02:55:00+00:00,13.979999542236328,13.979999542236328,13.960000038146973,13.970000267028809,135426,0.0,0.0,0.0
2025-01-06 03:00:00+00:00,13.979999542236328,13.979999542236328,13.970000267028809,13.970000267028809,40294,0.0,0.0,0.0
2025-01-06 03:05:00+00:00,13.979999542236328,13.979999542236328,13.970000267028809,13.970000267028809,387462,0.0,0.0,0.0
2025-01-06 03:10:00+00:00,13.979999542236328,13.979999542236328,13.970000267028809,13.970000267028809,29761,0.0,0.0,0.0
2025-01-06 03:15:00+00:00,13.979999542236328,13.989999771118164,13.979999542236328,13.989999771118164,254364,0.0,0.0,0.0
2025-01-06 03:20:00+00:00,13.989999771118164,14.0,13.979999542236328,13.989999771118164,104013,0.0,0.0,0.0
2025-01-06 03:25:00+00:00,14.0,14.0,13.989999771118164,14.0,921064,0.0,0.0,0.0
2025-01-06 03:30:00+00:00,14.0,14.010000228881836,14.0,14.0,169589,0.0,0.0,0.0
2025-01-06 03:35:00+00:00,14.0,14.010000228881836,14.0,14.0,152786,0.0,0.0,0.0
2025-01-06 03:40:00+00:00,14.0,14.010000228881836,14.0,14.010000228881836,57418,0.0,0.0,0.0
2025-01-06 03:45:00+00:00,14.010000228881836,14.010000228881836,14.0,14.010000228881836,50160,0.0,0.0,0.0
2025-01-06 03:50:00+00:00,14.0,14.010000228881836,14.0,14.0,77052,0.0,0.0,0.0
2025-01-06 03:55:00+00:00,14.0,14.020000457763672,14.0,14.020000457763672,987822,0.0,0.0,0.0
2025-01-06 04:00:00+00:00,14.020000457763672,14.020000457763672,14.010000228881836,14.020000457763672,81485,0.0,0.0,0.0
2025-01-06 04:05:00+00:00,14.020000457763672,14.020000457763672,14.010000228881836,14.010000228881836,21557,0.0,0.0,0.0
2025-01-06 04:10:00+00:00,14.010000228881836,14.020000457763672,14.0,14.0,104615,0.0,0.0,0.0
2025-01-06 04:15:00+00:00,14.0,14.010000228881836,14.0,14.0,49641,0.0,0.0,0.0
2025-01-06 04:20:00+00:00,14.0,14.010000228881836,14.0,14.010000228881836,141661,0.0,0.0,0.0
2025-01-06 04:25:00+00:00,14.010000228881836,14.020000457763672,14.0,14.010000228881836,244608,0.0,0.0,0.0
2025-01-06 04:30:00+00:00,14.020000457763672,14.020000457763672,14.0,14.010000228881836,75394,0.0,0.0,0.0
2025-01-06 04:35:00+00:00,14.0,14.010000228881836,14.0,14.0,97166,0.0,0.0,0.0
2025-01-06 04:40:00+00:00,14.0,14.0,14.0,14.0,14878,0.0,0.0,0.0
2025-01-06 04:45:00+00:00,13.989999771118164,14.0,13.989999771118164,13.989999771118164,153828,0.0,0.0,0.0
2025-01-06 04:50:00+00:00,13.989999771118164,14.0,13.989999771118164,13.989999771118164,188973,0.0,0.0,0.0
2025-01-06 04:55:00+00:00,13.989999771118164,14.0,13.989999771118164,14.0,278410,0.0,0.0,0.0
2025-01-06 05:00:00+00:00,14.0,14.010000228881836,14.0,14.010000228881836,28637,0.0,0.0,0.0
2025-01-06 05:05:00+00:00,14.010000228881836,14.010000228881836,14.0,14.0,52350,0.0,0.0,0.0
2025-01-06 05:10:00+00:00,14.0,14.010000228881836,14.0,14.010000228881836,39642,0.0,0.0,0.0
2025-01-06 05:15:00+00:00,14.010000228881836,14.010000228881836,14.0,14.0,104525,0.0,0.0,0.0
2025-01-06 05:20:00+00:00,14.0,14.010000228881836,14.0,14.0,70125,0.0,0.0,0.0
2025-01-07 01:00:00+00:00,14.149999618530273,14.220000267028809,14.149999618530273,14.199999809265137,0,0.0,0.0,0.0
2025-01-07 01:05:00+00:00,14.199999809265137,14.210000038146973,14.180000305175781,14.1899995803833,730102,0.0,0.0,0.0
2025-01-07 01:10:00+00:00,14.180000305175781,14.180000305175781,14.15999984741211,14.15999984741211,497348,0.0,0.0,0.0
2025-01-07 01:15:00+00:00,14.15999984741211,14.170000076293945,14.149999618530273,14.149999618530273,173119,0.0,0.0,0.0
2025-01-07 01:20:00+00:00,14.149999618530273,14.15999984741211,14.149999618530273,14.149999618530273,794254,0.0,0.0,0.0
2025-01-07 01:25:00+00:00,14.149999618530273,14.170000076293945,14.149999618530273,14.15999984741211,429371,0.0,0.0,0.0
2025-01-07 01:30:00+00:00,14.170000076293945,14.199999809265137,14.15999984741211,14.1899995803833,660725,0.0,0.0,0.0
2025-01-07 01:35:00+00:00,14.1899995803833,14.199999809265137,14.1899995803833,14.1899995803833,710093,0.0,0.0,0.0
2025-01-07 01:40:00+00:00,14.1899995803833,14.199999809265137,14.1899995803833,14.1899995803833,226370,0.0,0.0,0.0
2025-01-07 01:45:00+00:00,14.1899995803833,14.1899995803833,14.180000305175781,14.1899995803833,241793,0.0,0.0,0.0
2025-01-07 01:50:00+00:00,14.1899995803833,14.199999809265137,14.1899995803833,14.199999809265137,145192,0.0,0.0,0.0
2025-01-07 01:55:00+00:00,14.1899995803833,14.199999809265137,14.1899995803833,14.1899995803833,529256,0.0,0.0,0.0
2025-01-07 02:00:00+00:00,14.1899995803833,14.199999809265137,14.1899995803833,14.199999809265137,181995,0.0,0.0,0.0
2025-01-07 02:05:00+00:00,14.210000038146973,14.210000038146973,14.1899995803833,14.199999809265137,224418,0.0,0.0,0.0
2025-01-07 02:10:00+00:00,14.199999809265137,14.210000038146973,14.199999809265137,14.210000038146973,496776,0.0,0.0,0.0
2025-01-07 02:15:00+00:00,14.199999809265137,14.210000038146973,14.199999809265137,14.199999809265137,121218,0.0,0.0,0.0
2025-01-07 02:20:00+00:00,14.199999809265137,14.220000267028809,14.199999809265137,14.210000038146973,413969,0.0,0.0,0.0
2025-01-07 02:25:00+00:00,14.210000038146973,14.210000038146973,14.199999809265137,14.199999809265137,38514,0.0,0.0,0.0
2025-01-07 02:30:00+00:00,14.199999809265137,14.199999809265137,14.180000305175781,14.180000305175781,231361,0.0,0.0,0.0
2025-01-07 02:35:00+00:00,14.180000305175781,14.180000305175781,14.170000076293945,14.170000076293945,8628,0.0,0.0,0.0
2025-01-07 02:40:00+00:00,14.170000076293945,14.180000305175781,14.170000076293945,14.170000076293945,138695,0.0,0.0,0.0
2025-01-07 02:45:00+00:00,14.180000305175781,14.180000305175781,14.170000076293945,14.180000305175781,128592,0.0,0.0,0.0
2025-01-07 02:50:00+00:00,14.180000305175781,14.180000305175781,14.149999618530273,14.149999618530273,100224,0.0,0.0,0.0
2025-01-07 02:55:00+00:00,14.15999984741211,14.15999984741211,14.140000343322754,14.149999618530273,77521,0.0,0.0,0.0
2025-01-07 03:00:00+00:00,14.149999618530273,14.15999984741211,14.140000343322754,14.149999618530273,162405,0.0,0.0,0.0
2025-01-07 03:05:00+00:00,14.149999618530273,14.15999984741211,14.149999618530273,14.149999618530273,79260,0.0,0.0,0.0
2025-01-07 03:10:00+00:00,14.149999618530273,14.15999984741211,14.149999618530273,14.15999984741211,27318,0.0,0.0,0.0
2025-01-07 03:15:00+00:00,14.149999618530273,14.149999618530273,14.149999618530273,14.149999618530273,35007,0.0,0.0,0.0
2025-01-07 03:20:00+00:00,14.15999984741211,14.15999984741211,14.149999618530273,14.15999984741211,35208,0.0,0.0,0.0
2025-01-07 03:25:00+00:00,14.15999984741211,14.15999984741211,14.149999618530273,14.149999618530273,163219,0.0,0.0,0.0
2025-01-07 03:30:00+00:00,14.140000343322754,14.149999618530273,14.130000114440918,14.149999618530273,100128,0.0,0.0,0.0
2025-01-07 03:35:00+00:00,14.149999618530273,14.15999984741211,14.149999618530273,14.149999618530273,25018,0.0,0.0,0.0
2025-01-07 03:40:00+00:00,14.149999618530273,14.15999984741211,14.149999618530273,14.149999618530273,9260,0.0,0.0,0.0
2025-01-07 03:45:00+00:00,14.149999618530273,14.15999984741211,14.149999618530273,14.15999984741211,34996,0.0,0.0,0.0
2025-01-07 03:50:00+00:00,14.149999618530273,14.15999984741211,14.149999618530273,14.15999984741211,263078,0.0,0.0,0.0
2025-01-07 03:55:00+00:00,14.15999984741211,14.170000076293945,14.15999984741211,14.15999984741211,18220,0.0,0.0,0.0
2025-01-07 04:00:00+00:00,14.170000076293945,14.170000076293945,14.170000076293945,14.170000076293945,5007,0.0,0.0,0.0
2025-01-07 04:05:00+00:00,14.15999984741211,14.170000076293945,14.149999618530273,14.15999984741211,64947,0.0,0.0,0.0
2025-01-07 04:10:00+00:00,14.15999984741211,14.170000076293945,14.15999984741211,14.15999984741211,105209,0.0,0.0,0.0
2025-01-07 04:15:00+00:00,14.15999984741211,14.15999984741211,14.149999618530273,14.149999618530273,137844,0.0,0.0,0.0
2025-01-07 04:20:00+00:00,14.15999984741211,14.170000076293945,14.15999984741211,14.170000076293945,163377,0.0,0.0,0.0
2025-01-07 04:25:00+00:00,14.180000305175781,14.180000305175781,14.170000076293945,14.180000305175781,163684,0.0,0.0,0.0
2025-01-07 04:30:00+00:00,14.1899995803833,14.1899995803833,14.180000305175781,14.180000305175781,92844,0.0,0.0,0.0
2025-01-07 04:35:00+00:00,14.170000076293945,14.170000076293945,14.15999984741211,14.170000076293945,83759,0.0,0.0,0.0
2025-01-07 04:40:00+00:00,14.170000076293945,14.180000305175781,14.15999984741211,14.170000076293945,15023,0.0,0.0,0.0
2025-01-07 04:45:00+00:00,14.170000076293945,14.170000076293945,14.149999618530273,14.15999984741211,24560,0.0,0.0,0.0
2025-01-07 04:50:00+00:00,14.15999984741211,14.15999984741211,14.149999618530273,14.15999984741211,81989,0.0,0.0,0.0
2025-01-07 04:55:00+00:00,14.170000076293945,14.170000076293945,14.149999618530273,14.149999618530273,24945,0.0,0.0,0.0
2025-01-07 05:00:00+00:00,14.149999618530273,14.15999984741211,14.149999618530273,14.15999984741211,102289,0.0,0.0,0.0
2025-01-07 05:05:00+00:00,14.15999984741211,14.15999984741211,14.15999984741211,14.15999984741211,70788,0.0,0.0,0.0
2025-01-07 05:10:00+00:00,14.149999618530273,14.15999984741211,14.149999618530273,14.15999984741211,137357,0.0,0.0,0.0
2025-01-07 05:15:00+00:00,14.170000076293945,14.170000076293945,14.15999984741211,14.15999984741211,108821,0.0,0.0,0.0
2025-01-07 05:20:00+00:00,14.15999984741211,14.15999984741211,14.149999618530273,14.149999618530273,59689,0.0,0.0,0.0
2025-01-08 01:00:00+00:00,14.079999923706055,14.079999923706055,14.050000190734863,14.069999694824219,0,0.0,0.0,0.0
2025-01-08 01:05:00+00:00,14.069999694824219,14.09000015258789,14.0600004196167,14.09000015258789,481869,0.0,0.0,0.0
2025-01-08 01:10:00+00:00,14.100000381469727,14.100000381469727,14.09000015258789,14.09000015258789,75273,0.0,0.0,0.0
2025-01-08 01:15:00+00:00,14.100000381469727,14.109999656677246,14.09000015258789,14.109999656677246,88444,0.0,0.0,0.0
2025-01-08 01:20:00+00:00,14.109999656677246,14.119999885559082,14.100000381469727,14.100000381469727,66754,0.0,0.0,0.0
2025-01-08 01:25:00+00:00,14.100000381469727,14.100000381469727,14.079999923706055,14.079999923706055,56191,0.0,0.0,0.0
2025-01-08 01:30:00+00:00,14.079999923706055,14.09000015258789,14.079999923706055,14.09000015258789,33676,0.0,0.0,0.0
2025-01-08 01:35:00+00:00,14.09000015258789,14.09000015258789,14.069999694824219,14.079999923706055,61607,0.0,0.0,0.0
2025-01-08 01:40:00+00:00,14.079999923706055,14.079999923706055,14.069999694824219,14.069999694824219,84677,0.0,0.0,0.0
2025-01-08 01:45:00+00:00,14.069999694824219,14.079999923706055,14.069999694824219,14.069999694824219,22635,0.0,0.0,0.0
2025-01-08 01:50:00+00:00,14.069999694824219,14.079999923706055,14.069999694824219,14.079999923706055,18198,0.0,0.0,0.0
2025-01-08 01:55:00+00:00,14.079999923706055,14.079999923706055,14.069999694824219,14.069999694824219,55548,0.0,0.0,0.0
2025-01-08 02:00:00+00:00,14.069999694824219,14.069999694824219,14.069999694824219,14.069999694824219,96502,0.0,0.0,0.0
2025-01-08 02:05:00+00:00,14.079999923706055,14.09000015258789,14.079999923706055,14.09000015258789,66773,0.0,0.0,0.0
2025-01-08 02:10:00+00:00,14.09000015258789,14.09000015258789,14.09000015258789,14.09000015258789,20636,0.0,0.0,0.0
2025-01-08 02:15:00+00:00,14.09000015258789,14.09000015258789,14.079999923706055,14.079999923706055,106256,0.0,0.0,0.0
2025-01-08 02:20:00+00:00,14.09000015258789,14.09000015258789,14.079999923706055,14.09000015258789,20134,0.0,0.0,0.0
2025-01-08 02:25:00+00:00,14.09000015258789,14.09000015258789,14.079999923706055,14.079999923706055,89355,0.0,0.0,0.0
2025-01-08 02:30:00+00:00,14.079999923706055,14.100000381469727,14.079999923706055,14.09000015258789,24959,0.0,0.0,0.0
2025-01-08 02:35:00+00:00,14.09000015258789,14.100000381469727,14.09000015258789,14.100000381469727,18231,0.0,0.0,0.0
2025-01-08 02:40:00+00:00,14.100000381469727,14.100000381469727,14.09000015258789,14.100000381469727,33816,0.0,0.0,0.0
2025-01-08 02:45:00+00:00,14.100000381469727,14.100000381469727,14.09000015258789,14.100000381469727,89125,0.0,0.0,0.0
2025-01-08 02:50:00+00:00,14.09000015258789,14.100000381469727,14.09000015258789,14.100000381469727,13341,0.0,0.0,0.0
2025-01-08 02:55:00+00:00,14.100000381469727,14.109999656677246,14.100000381469727,14.109999656677246,202129,0.0,0.0,0.0
2025-01-08 03:00:00+00:00,14.109999656677246,14.109999656677246,14.09000015258789,14.100000381469727,252631,0.0,0.0,0.0
2025-01-08 03:05:00+00:00,14.079999923706055,14.079999923706055,14.069999694824219,14.079999923706055,54053,0.0,0.0,0.0
2025-01-08 03:10:00+00:00,14.079999923706055,14.079999923706055,14.0600004196167,14.069999694824219,98795,0.0,0.0,0.0
2025-01-08 03:15:00+00:00,14.069999694824219,14.069999694824219,14.0600004196167,14.0600004196167,18613,0.0,0.0,0.0
2025-01-08 03:20:00+00:00,14.0600004196167,14.069999694824219,14.0600004196167,14.0600004196167,21821,0.0,0.0,0.0
2025-01-08 03:25:00+00:00,14.0600004196167,14.0600004196167,14.0600004196167,14.0600004196167,5044,0.0,0.0,0.0
2025-01-08 03:30:00+00:00,14.0600004196167,14.0600004196167,14.0600004196167,14.0600004196167,27056,0.0,0.0,0.0
2025-01-08 03:35:00+00:00,14.0600004196167,14.0600004196167,14.050000190734863,14.0600004196167,84220,0.0,0.0,0.0
2025-01-08 03:40:00+00:00,14.0600004196167,14.0600004196167,14.050000190734863,14.0600004196167,68015,0.0,0.0,0.0
2025-01-08 03:45:00+00:00,14.0600004196167,14.0600004196167,14.050000190734863,14.0600004196167,25226,0.0,0.0,0.0
2025-01-08 03:50:00+00:00,14.0600004196167,14.0600004196167,14.050000190734863,14.050000190734863,37268,0.0,0.0,0.0
2025-01-08 03:55:00+00:00,14.0600004196167,14.0600004196167,14.050000190734863,14.050000190734863,48448,0.0,0.0,0.0
2025-01-08 04:00:00+00:00,14.0600004196167,14.069999694824219,14.050000190734863,14.069999694824219,38042,0.0,0.0,0.0
2025-01-08 04:05:00+00:00,14.069999694824219,14.069999694824219,14.0600004196167,14.0600004196167,32325,0.0,0.0,0.0
2025-01-08 04:10:00+00:00,14.0600004196167,14.069999694824219,14.0600004196167,14.0600004196167,18730,0.0,0.0,0.0
2025-01-08 04:15:00+00:00,14.0600004196167,14.0600004196167,14.050000190734863,14.0600004196167,40903,0.0,0.0,0.0
2025-01-08 04:20:00+00:00,14.0600004196167,14.0600004196167,14.0600004196167,14.0600004196167,5141,0.0,0.0,0.0
2025-01-08 04:25:00+00:00,14.0600004196167,14.0600004196167,14.0600004196167,14.0600004196167,50400,0.0,0.0,0.0
2025-01-08 04:30:00+00:00,14.0600004196167,14.0600004196167,14.0600004196167,14.0600004196167,6526,0.0,0.0,0.0
2025-01-08 04:35:00+00:00,14.050000190734863,14.050000190734863,14.029999732971191,14.029999732971191,104586,0.0,0.0,0.0
2025-01-08 04:40:00+00:00,14.029999732971191,14.029999732971191,14.020000457763672,14.029999732971191,61588,0.0,0.0,0.0
2025-01-08 04:45:00+00:00,14.020000457763672,14.029999732971191,14.020000457763672,14.029999732971191,58502,0.0,0.0,0.0
2025-01-08 04:50:00+00:00,14.020000457763672,14.029999732971191,14.020000457763672,14.020000457763672,57385,0.0,0.0,0.0
2025-01-08 04:55:00+00:00,14.020000457763672,14.029999732971191,14.020000457763672,14.029999732971191,62148,0.0,0.0,0.0
2025-01-08 05:00:00+00:00,14.029999732971191,14.029999732971191,14.020000457763672,14.029999732971191,54193,0.0,0.0,0.0
2025-01-08 05:05:00+00:00,14.039999961853027,14.039999961853027,14.029999732971191,14.039999961853027,14903,0.0,0.0,0.0
2025-01-08 05:10:00+00:00,14.039999961853027,14.039999961853027,14.039999961853027,14.039999961853027,12335,0.0,0.0,0.0
2025-01-08 05:15:00+00:00,14.039999961853027,14.039999961853027,14.029999732971191,14.029999732971191,55139,0.0,0.0,0.0
2025-01-08 05:20:00+00:00,14.039999961853027,14.039999961853027,14.029999732971191,14.039999961853027,181696,0.0,0.0,0.0
2025-01-09 01:00:00+00:00,14.029999732971191,14.029999732971191,14.0,14.029999732971191,0,0.0,0.0,0.0
2025-01-09 01:05:00+00:00,14.029999732971191,14.039999961853027,14.020000457763672,14.029999732971191,271839,0.0,0.0,0.0
2025-01-09 01:10:00+00:00,14.020000457763672,14.029999732971191,14.010000228881836,14.029999732971191,142435,0.0,0.0,0.0
2025-01-09 01:15:00+00:00,14.029999732971191,14.050000190734863,14.020000457763672,14.029999732971191,136585,0.0,0.0,0.0
2025-01-09 01:20:00+00:00,14.029999732971191,14.039999961853027,14.010000228881836,14.020000457763672,207793,0.0,0.0,0.0
2025-01-09 01:25:00+00:00,14.020000457763672,14.020000457763672,14.0,14.0,153694,0.0,0.0,0.0
2025-01-09 01:30:00+00:00,14.010000228881836,14.010000228881836,13.989999771118164,13.989999771118164,460425,0.0,0.0,0.0
2025-01-09 01:35:00+00:00,13.989999771118164,13.989999771118164,13.960000038146973,13.970000267028809,276428,0.0,0.0,0.0
2025-01-09 01:40:00+00:00,13.970000267028809,14.0,13.970000267028809,13.989999771118164,81213,0.0,0.0,0.0
2025-01-09 01:45:00+00:00,14.0,14.0,14.0,14.0,51415,0.0,0.0,0.0
2025-01-09 01:50:00+00:00,14.0,14.0,13.989999771118164,14.0,33240,0.0,0.0,0.0
2025-01-09 01:55:00+00:00,13.989999771118164,14.0,13.989999771118164,13.989999771118164,93015,0.0,0.0,0.0
2025-01-09 02:00:00+00:00,13.989999771118164,14.0,13.979999542236328,14.0,44118,0.0,0.0,0.0
2025-01-09 02:05:00+00:00,14.0,14.0,13.989999771118164,13.989999771118164,60064,0.0,0.0,0.0
2025-01-09 02:10:00+00:00,13.989999771118164,13.989999771118164,13.979999542236328,13.989999771118164,47639,0.0,0.0,0.0
2025-01-09 02:15:00+00:00,13.989999771118164,13.989999771118164,13.979999542236328,13.989999771118164,34249,0.0,0.0,0.0
2025-01-09 02:20:00+00:00,13.989999771118164,14.0,13.979999542236328,14.0,77623,0.0,0.0,0.0
2025-01-09 02:25:00+00:00,14.0,14.0,13.989999771118164,14.0,31229,0.0,0.0,0.0
2025-01-09 02:30:00+00:00,14.0,14.0,13.989999771118164,13.989999771118164,85580,0.0,0.0,0.0
2025-01-09 02:35:00+00:00,13.989999771118164,14.0,13.989999771118164,13.989999771118164,8173,0.0,0.0,0.0
2025-01-09 02:40:00+00:00,13.989999771118164,13.989999771118164,13.989999771118164,13.989999771118164,69255,0.0,0.0,0.0
2025-01-09 02:45:00+00:00,13.989999771118164,13.989999771118164,13.979999542236328,13.979999542236328,288180,0.0,0.0,0.0
2025-01-09 02:50:00+00:00,13.979999542236328,13.989999771118164,13.979999542236328,13.979999542236328,11539,0.0,0.0,0.0
2025-01-09 02:55:00+00:00,13.979999542236328,13.989999771118164,13.979999542236328,13.979999542236328,42664,0.0,0.0,0.0
2025-01-09 03:00:00+00:00,13.979999542236328,13.979999542236328,13.970000267028809,13.979999542236328,33131,0.0,0.0,0.0
2025-01-09 03:05:00+00:00,13.979999542236328,13.979999542236328,13.970000267028809,13.979999542236328,20375,0.0,0.0,0.0
2025-01-09 03:10:00+00:00,13.970000267028809,13.979999542236328,13.960000038146973,13.970000267028809,182676,0.0,0.0,0.0
2025-01-09 03:15:00+00:00,13.970000267028809,13.970000267028809,13.949999809265137,13.960000038146973,235220,0.0,0.0,0.0
2025-01-09 03:20:00+00:00,13.949999809265137,13.960000038146973,13.949999809265137,13.949999809265137,18089,0.0,0.0,0.0
2025-01-09 03:25:00+00:00,13.949999809265137,13.960000038146973,13.9399995803833,13.949999809265137,506328,0.0,0.0,0.0
2025-01-09 03:30:00+00:00,13.949999809265137,13.960000038146973,13.949999809265137,13.949999809265137,40058,0.0,0.0,0.0
2025-01-09 03:35:00+00:00,13.949999809265137,13.949999809265137,13.9399995803833,13.949999809265137,116458,0.0,0.0,0.0
2025-01-09 03:40:00+00:00,13.949999809265137,13.960000038146973,13.949999809265137,13.960000038146973,13039,0.0,0.0,0.0
2025-01-09 03:45:00+00:00,13.949999809265137,13.949999809265137,13.949999809265137,13.949999809265137,22239,0.0,0.0,0.0
2025-01-09 03:50:00+00:00,13.949999809265137,13.949999809265137,13.920000076293945,13.920000076293945,252043,0.0,0.0,0.0
2025-01-09 03:55:00+00:00,13.920000076293945,13.930000305175781,13.90999984741211,13.90999984741211,315980,0.0,0.0,0.0
2025-01-09 04:00:00+00:00,13.920000076293945,13.9399995803833,13.90999984741211,13.930000305175781,47620,0.0,0.0,0.0
2025-01-09 04:05:00+00:00,13.930000305175781,13.930000305175781,13.930000305175781,13.930000305175781,41429,0.0,0.0,0.0
2025-01-09 04:10:00+00:00,13.930000305175781,13.930000305175781,13.90999984741211,13.90999984741211,124545,0.0,0.0,0.0
2025-01-09 04:15:00+00:00,13.90999984741211,13.90999984741211,13.899999618530273,13.90999984741211,97571,0.0,0.0,0.0
2025-01-09 04:20:00+00:00,13.90999984741211,13.90999984741211,13.899999618530273,13.899999618530273,105348,0.0,0.0,0.0
2025-01-09 04:25:00+00:00,13.899999618530273,13.90999984741211,13.899999618530273,13.899999618530273,237655,0.0,0.0,0.0
2025-01-09 04:30:00+00:00,13.899999618530273,13.899999618530273,13.899999618530273,13.899999618530273,46269,0.0,0.0,0.0
2025-01-09 04:35:00+00:00,13.899999618530273,13.90999984741211,13.890000343322754,13.890000343322754,120151,0.0,0.0,0.0
2025-01-09 04:40:00+00:00,13.899999618530273,13.899999618530273,13.880000114440918,13.880000114440918,316203,0.0,0.0,0.0
2025-01-09 04:45:00+00:00,13.880000114440918,13.899999618530273,13.880000114440918,13.899999618530273,30300,0.0,0.0,0.0
2025-01-09 04:50:00+00:00,13.899999618530273,13.90999984741211,13.890000343322754,13.899999618530273,34267,0.0,0.0,0.0
2025-01-09 04:55:00+00:00,13.899999618530273,13.899999618530273,13.890000343322754,13.899999618530273,73292,0.0,0.0,0.0
2025-01-09 05:00:00+00:00,13.890000343322754,13.890000343322754,13.880000114440918,13.890000343322754,192603,0.0,0.0,0.0
2025-01-09 05:05:00+00:00,13.880000114440918,13.899999618530273,13.880000114440918,13.880000114440918,91170,0.0,0.0,0.0
2025-01-09 05:10:00+00:00,13.890000343322754,13.890000343322754,13.859999656677246,13.859999656677246,247248,0.0,0.0,0.0
2025-01-09 05:15:00+00:00,13.880000114440918,13.880000114440918,13.850000381469727,13.859999656677246,119824,0.0,0.0,0.0
2025-01-09 05:20:00+00:00,13.859999656677246,13.869999885559082,13.850000381469727,13.859999656677246,168673,0.0,0.0,0.0
2025-01-10 01:00:00+00:00,13.859999656677246,13.859999656677246,13.8100004196167,13.819999694824219,0,0.0,0.0,0.0
2025-01-10 01:05:00+00:00,13.829999923706055,13.829999923706055,13.819999694824219,13.829999923706055,153584,0.0,0.0,0.0
2025-01-10 01:10:00+00:00,13.859999656677246,13.859999656677246,13.84000015258789,13.850000381469727,90342,0.0,0.0,0.0
2025-01-10 01:15:00+00:00,13.850000381469727,13.859999656677246,13.850000381469727,13.850000381469727,125869,0.0,0.0,0.0
2025-01-10 01:20:00+00:00,13.850000381469727,13.859999656677246,13.850000381469727,13.859999656677246,68313,0.0,0.0,0.0
2025-01-10 01:25:00+00:00,13.859999656677246,13.859999656677246,13.850000381469727,13.850000381469727,120680,0.0,0.0,0.0
2025-01-10 01:30:00+00:00,13.850000381469727,13.850000381469727,13.829999923706055,13.829999923706055,88046,0.0,0.0,0.0
2025-01-10 01:35:00+00:00,13.829999923706055,13.84000015258789,13.819999694824219,13.829999923706055,178730,0.0,0.0,0.0
2025-01-10 01:40:00+00:00,13.84000015258789,13.84000015258789,13.829999923706055,13.829999923706055,34176,0.0,0.0,0.0
2025-01-10 01:45:00+00:00,13.829999923706055,13.829999923706055,13.819999694824219,13.829999923706055,39737,0.0,0.0,0.0
2025-01-10 01:50:00+00:00,13.829999923706055,13.829999923706055,13.829999923706055,13.829999923706055,27265,0.0,0.0,0.0
2025-01-10 01:55:00+00:00,13.829999923706055,13.829999923706055,13.819999694824219,13.819999694824219,77683,0.0,0.0,0.0
2025-01-10 02:00:00+00:00,13.819999694824219,13.819999694824219,13.789999961853027,13.789999961853027,343147,0.0,0.0,0.0
2025-01-10 02:05:00+00:00,13.789999961853027,13.789999961853027,13.779999732971191,13.779999732971191,87973,0.0,0.0,0.0
2025-01-10 02:10:00+00:00,13.779999732971191,13.800000190734863,13.779999732971191,13.800000190734863,88121,0.0,0.0,0.0
2025-01-10 02:15:00+00:00,13.8100004196167,13.819999694824219,13.8100004196167,13.819999694824219,134854,0.0,0.0,0.0
2025-01-10 02:20:00+00:00,13.8100004196167,13.819999694824219,13.800000190734863,13.800000190734863,46809,0.0,0.0,0.0
2025-01-10 02:25:00+00:00,13.800000190734863,13.819999694824219,13.800000190734863,13.800000190734863,60759,0.0,0.0,0.0
2025-01-10 02:30:00+00:00,13.789999961853027,13.789999961853027,13.789999961853027,13.789999961853027,64874,0.0,0.0,0.0
2025-01-10 02:35:00+00:00,13.800000190734863,13.800000190734863,13.800000190734863,13.800000190734863,1000,0.0,0.0,0.0
2025-01-10 02:40:00+00:00,13.800000190734863,13.800000190734863,13.779999732971191,13.789999961853027,79887,0.0,0.0,0.0
2025-01-10 02:45:00+00:00,13.789999961853027,13.789999961853027,13.779999732971191,13.789999961853027,69865,0.0,0.0,0.0
2025-01-10 02:50:00+00:00,13.789999961853027,13.800000190734863,13.779999732971191,13.800000190734863,69106,0.0,0.0,0.0
2025-01-10 02:55:00+00:00,13.789999961853027,13.800000190734863,13.779999732971191,13.779999732971191,37226,0.0,0.0,0.0
2025-01-10 03:00:00+00:00,13.789999961853027,13.800000190734863,13.789999961853027,13.800000190734863,49734,0.0,0.0,0.0
2025-01-10 03:05:00+00:00,13.8100004196167,13.8100004196167,13.789999961853027,13.800000190734863,9438,0.0,0.0,0.0
2025-01-10 03:10:00+00:00,13.789999961853027,13.8100004196167,13.789999961853027,13.8100004196167,35685,0.0,0.0,0.0
2025-01-10 03:15:00+00:00,13.800000190734863,13.800000190734863,13.800000190734863,13.800000190734863,7000,0.0,0.0,0.0
2025-01-10 03:20:00+00:00,13.800000190734863,13.8100004196167,13.789999961853027,13.800000190734863,31526,0.0,0.0,0.0
2025-01-10 03:25:00+00:00,13.800000190734863,13.800000190734863,13.800000190734863,13.800000190734863,14065,0.0,0.0,0.0
2025-01-10 03:30:00+00:00,13.800000190734863,13.800000190734863,13.800000190734863,13.800000190734863,57232,0.0,0.0,0.0
2025-01-10 03:35:00+00:00,13.800000190734863,13.8100004196167,13.800000190734863,13.8100004196167,49125,0.0,0.0,0.0
2025-01-10 03:40:00+00:00,13.8100004196167,13.8100004196167,13.789999961853027,13.800000190734863,12144,0.0,0.0,0.0
2025-01-10 03:45:00+00:00,13.800000190734863,13.800000190734863,13.800000190734863,13.800000190734863,5532,0.0,0.0,0.0
2025-01-10 03:50:00+00:00,13.800000190734863,13.800000190734863,13.800000190734863,13.800000190734863,16216,0.0,0.0,0.0
2025-01-10 03:55:00+00:00,13.8100004196167,13.8100004196167,13.789999961853027,13.789999961853027,112137,0.0,0.0,0.0
2025-01-10 04:00:00+00:00,13.800000190734863,13.800000190734863,13.779999732971191,13.779999732971191,38319,0.0,0.0,0.0
2025-01-10 04:05:00+00:00,13.779999732971191,13.789999961853027,13.779999732971191,13.789999961853027,23096,0.0,0.0,0.0
2025-01-10 04:10:00+00:00,13.789999961853027,13.789999961853027,13.789999961853027,13.789999961853027,16256,0.0,0.0,0.0
2025-01-10 04:15:00+00:00,13.789999961853027,13.789999961853027,13.779999732971191,13.779999732971191,436659,0.0,0.0,0.0
2025-01-10 04:20:00+00:00,13.789999961853027,13.789999961853027,13.789999961853027,13.789999961853027,3071,0.0,0.0,0.0
2025-01-10 04:25:00+00:00,13.779999732971191,13.789999961853027,13.779999732971191,13.779999732971191,21824,0.0,0.0,0.0
2025-01-10 04:30:00+00:00,13.789999961853027,13.789999961853027,13.779999732971191,13.779999732971191,38501,0.0,0.0,0.0
2025-01-10 04:35:00+00:00,13.779999732971191,13.789999961853027,13.779999732971191,13.779999732971191,31498,0.0,0.0,0.0
2025-01-10 04:40:00+00:00,13.789999961853027,13.789999961853027,13.779999732971191,13.789999961853027,17423,0.0,0.0,0.0
2025-01-10 04:45:00+00:00,13.789999961853027,13.789999961853027,13.779999732971191,13.779999732971191,12681,0.0,0.0,0.0
2025-01-10 04:50:00+00:00,13.779999732971191,13.800000190734863,13.779999732971191,13.800000190734863,116564,0.0,0.0,0.0
2025-01-10 04:55:00+00:00,13.800000190734863,13.8100004196167,13.800000190734863,13.8100004196167,22399,0.0,0.0,0.0
2025-01-10 05:00:00+00:00,13.800000190734863,13.8100004196167,13.800000190734863,13.8100004196167,31734,0.0,0.0,0.0
2025-01-10 05:05:00+00:00,13.8100004196167,13.819999694824219,13.8100004196167,13.8100004196167,92068,0.0,0.0,0.0
2025-01-10 05:10:00+00:00,13.819999694824219,13.850000381469727,13.819999694824219,13.84000015258789,64151,0.0,0.0,0.0
2025-01-10 05:15:00+00:00,13.850000381469727,13.850000381469727,13.829999923706055,13.829999923706055,62024,0.0,0.0,0.0
2025-01-10 05:20:00+00:00,13.829999923706055,13.829999923706055,13.8100004196167,13.819999694824219,206819,0.0,0.0,0.0
2025-01-13 01:00:00+00:00,13.760000228881836,13.779999732971191,13.710000038146973,13.710000038146973,0,0.0,0.0,0.0
2025-01-13 01:05:00+00:00,13.720000267028809,13.720000267028809,13.680000305175781,13.680000305175781,334663,0.0,0.0,0.0
2025-01-13 01:10:00+00:00,13.680000305175781,13.6899995803833,13.65999984741211,13.670000076293945,236781,0.0,0.0,0.0
2025-01-13 01:15:00+00:00,13.670000076293945,13.670000076293945,13.649999618530273,13.65999984741211,85497,0.0,0.0,0.0
2025-01-13 01:20:00+00:00,13.670000076293945,13.670000076293945,13.630000114440918,13.630000114440918,406558,0.0,0.0,0.0
2025-01-13 01:25:00+00:00,13.630000114440918,13.640000343322754,13.600000381469727,13.600000381469727,311263,0.0,0.0,0.0
2025-01-13 01:30:00+00:00,13.609999656677246,13.609999656677246,13.550000190734863,13.579999923706055,438693,0.0,0.0,0.0
2025-01-13 01:35:00+00:00,13.579999923706055,13.579999923706055,13.5600004196167,13.569999694824219,158182,0.0,0.0,0.0
2025-01-13 01:40:00+00:00,13.569999694824219,13.569999694824219,13.510000228881836,13.510000228881836,457460,0.0,0.0,0.0
2025-01-13 01:45:00+00:00,13.520000457763672,13.529999732971191,13.470000267028809,13.520000457763672,503524,0.0,0.0,0.0
2025-01-13 01:50:00+00:00,13.539999961853027,13.569999694824219,13.520000457763672,13.5600004196167,143543,0.0,0.0,0.0
2025-01-13 01:55:00+00:00,13.5600004196167,13.569999694824219,13.520000457763672,13.520000457763672,173032,0.0,0.0,0.0
2025-01-13 02:00:00+00:00,13.539999961853027,13.5600004196167,13.539999961853027,13.5600004196167,63620,0.0,0.0,0.0
2025-01-13 02:05:00+00:00,13.5600004196167,13.579999923706055,13.550000190734863,13.579999923706055,53736,0.0,0.0,0.0
2025-01-13 02:10:00+00:00,13.59000015258789,13.59000015258789,13.5600004196167,13.5600004196167,149191,0.0,0.0,0.0
2025-01-13 02:15:00+00:00,13.569999694824219,13.579999923706055,13.569999694824219,13.579999923706055,22679,0.0,0.0,0.0
2025-01-13 02:20:00+00:00,13.579999923706055,13.600000381469727,13.579999923706055,13.600000381469727,43042,0.0,0.0,0.0
2025-01-13 02:25:00+00:00,13.600000381469727,13.600000381469727,13.59000015258789,13.59000015258789,50929,0.0,0.0,0.0
2025-01-13 02:30:00+00:00,13.59000015258789,13.59000015258789,13.579999923706055,13.579999923706055,21808,0.0,0.0,0.0
2025-01-13 02:35:00+00:00,13.59000015258789,13.59000015258789,13.579999923706055,13.59000015258789,57559,0.0,0.0,0.0
2025-01-13 02:40:00+00:00,13.59000015258789,13.59000015258789,13.579999923706055,13.59000015258789,20437,0.0,0.0,0.0
2025-01-13 02:45:00+00:00,13.600000381469727,13.600000381469727,13.550000190734863,13.5600004196167,319304,0.0,0.0,0.0
2025-01-13 02:50:00+00:00,13.5600004196167,13.5600004196167,13.550000190734863,13.550000190734863,44006,0.0,0.0,0.0
2025-01-13 02:55:00+00:00,13.550000190734863,13.5600004196167,13.550000190734863,13.5600004196167,20164,0.0,0.0,0.0
2025-01-13 03:00:00+00:00,13.5600004196167,13.5600004196167,13.550000190734863,13.5600004196167,24507,0.0,0.0,0.0
2025-01-13 03:05:00+00:00,13.5600004196167,13.5600004196167,13.539999961853027,13.550000190734863,173773,0.0,0.0,0.0
2025-01-13 03:10:00+00:00,13.550000190734863,13.550000190734863,13.489999771118164,13.489999771118164,634223,0.0,0.0,0.0
2025-01-13 03:15:00+00:00,13.489999771118164,13.5,13.489999771118164,13.5,127570,0.0,0.0,0.0
2025-01-13 03:20:00+00:00,13.5,13.5,13.489999771118164,13.5,86508,0.0,0.0,0.0
2025-01-13 03:25:00+00:00,13.489999771118164,13.510000228881836,13.489999771118164,13.5,38472,0.0,0.0,0.0
2025-01-13 03:30:00+00:00,13.5,13.510000228881836,13.5,13.5,92907,0.0,0.0,0.0
2025-01-13 03:35:00+00:00,13.5,13.5,13.5,13.5,57580,0.0,0.0,0.0
2025-01-13 03:40:00+00:00,13.5,13.5,13.489999771118164,13.5,167823,0.0,0.0,0.0
2025-01-13 03:45:00+00:00,13.5,13.510000228881836,13.5,13.5,31119,0.0,0.0,0.0
2025-01-13 03:50:00+00:00,13.5,13.5,13.489999771118164,13.489999771118164,118724,0.0,0.0,0.0
2025-01-13 03:55:00+00:00,13.5,13.510000228881836,13.5,13.510000228881836,13310,0.0,0.0,0.0
2025-01-13 04:00:00+00:00,13.510000228881836,13.520000457763672,13.5,13.520000457763672,271641,0.0,0.0,0.0
2025-01-13 04:05:00+00:00,13.520000457763672,13.520000457763672,13.510000228881836,13.520000457763672,40965,0.0,0.0,0.0
2025-01-13 04:10:00+00:00,13.520000457763672,13.539999961853027,13.520000457763672,13.520000457763672,66919,0.0,0.0,0.0
2025-01-13 04:15:00+00:00,13.520000457763672,13.529999732971191,13.520000457763672,13.520000457763672,65247,0.0,0.0,0.0
2025-01-13 04:20:00+00:00,13.520000457763672,13.520000457763672,13.489999771118164,13.489999771118164,214473,0.0,0.0,0.0
2025-01-13 04:25:00+00:00,13.5,13.5,13.489999771118164,13.5,153579,0.0,0.0,0.0
2025-01-13 04:30:00+00:00,13.5,13.5,13.489999771118164,13.5,52834,0.0,0.0,0.0
2025-01-13 04:35:00+00:00,13.489999771118164,13.5,13.489999771118164,13.5,106591,0.0,0.0,0.0
2025-01-13 04:40:00+00:00,13.5,13.5,13.479999542236328,13.5,78243,0.0,0.0,0.0
2025-01-13 04:45:00+00:00,13.5,13.5,13.489999771118164,13.489999771118164,79241,0.0,0.0,0.0
2025-01-13 04:50:00+00:00,13.489999771118164,13.5,13.489999771118164,13.5,62858,0.0,0.0,0.0
2025-01-13 04:55:00+00:00,13.5,13.510000228881836,13.489999771118164,13.5,57996,0.0,0.0,0.0
2025-01-13 05:00:00+00:00,13.5,13.510000228881836,13.5,13.5,114850,0.0,0.0,0.0
2025-01-13 05:05:00+00:00,13.5,13.5,13.489999771118164,13.5,59404,0.0,0.0,0.0
2025-01-13 05:10:00+00:00,13.5,13.5,13.479999542236328,13.479999542236328,486468,0.0,0.0,0.0
2025-01-13 05:15:00+00:00,13.479999542236328,13.489999771118164,13.470000267028809,13.479999542236328,129043,0.0,0.0,0.0
2025-01-13 05:20:00+00:00,13.489999771118164,13.5,13.479999542236328,13.5,247367,0.0,0.0,0.0
2025-01-14 01:00:00+00:00,13.5,13.539999961853027,13.5,13.510000228881836,0,0.0,0.0,0.0
2025-01-14 01:05:00+00:00,13.520000457763672,13.539999961853027,13.520000457763672,13.539999961853027,98000,0.0,0.0,0.0
2025-01-14 01:10:00+00:00,13.539999961853027,13.5600004196167,13.539999961853027,13.550000190734863,86439,0.0,0.0,0.0
2025-01-14 01:15:00+00:00,13.550000190734863,13.550000190734863,13.529999732971191,13.550000190734863,86396,0.0,0.0,0.0
2025-01-14 01:20:00+00:00,13.550000190734863,13.550000190734863,13.520000457763672,13.520000457763672,182401,0.0,0.0,0.0
2025-01-14 01:25:00+00:00,13.520000457763672,13.539999961853027,13.520000457763672,13.529999732971191,28175,0.0,0.0,0.0
2025-01-14 01:30:00+00:00,13.529999732971191,13.529999732971191,13.520000457763672,13.520000457763672,71126,0.0,0.0,0.0
2025-01-14 01:35:00+00:00,13.520000457763672,13.579999923706055,13.520000457763672,13.569999694824219,168546,0.0,0.0,0.0
2025-01-14 01:40:00+00:00,13.579999923706055,13.579999923706055,13.569999694824219,13.579999923706055,20637,0.0,0.0,0.0
2025-01-14 01:45:00+00:00,13.579999923706055,13.579999923706055,13.569999694824219,13.569999694824219,45707,0.0,0.0,0.0
2025-01-14 01:50:00+00:00,13.579999923706055,13.579999923706055,13.550000190734863,13.579999923706055,45122,0.0,0.0,0.0
2025-01-14 01:55:00+00:00,13.569999694824219,13.569999694824219,13.5600004196167,13.569999694824219,24333,0.0,0.0,0.0
2025-01-14 02:00:00+00:00,13.569999694824219,13.569999694824219,13.5600004196167,13.5600004196167,6433,0.0,0.0,0.0
2025-01-14 02:05:00+00:00,13.5600004196167,13.569999694824219,13.5600004196167,13.5600004196167,50128,0.0,0.0,0.0
2025-01-14 02:10:00+00:00,13.5600004196167,13.5600004196167,13.539999961853027,13.550000190734863,43515,0.0,0.0,0.0
2025-01-14 02:15:00+00:00,13.550000190734863,13.5600004196167,13.539999961853027,13.5600004196167,127623,0.0,0.0,0.0
2025-01-14 02:20:00+00:00,13.5600004196167,13.5600004196167,13.550000190734863,13.5600004196167,9085,0.0,0.0,0.0
2025-01-14 02:25:00+00:00,13.5600004196167,13.5600004196167,13.5600004196167,13.5600004196167,113716,0.0,0.0,0.0
2025-01-14 02:35:00+00:00,13.5600004196167,13.5600004196167,13.5600004196167,13.5600004196167,3235,0.0,0.0,0.0
2025-01-14 02:40:00+00:00,13.569999694824219,13.569999694824219,13.5600004196167,13.5600004196167,35106,0.0,0.0,0.0
2025-01-14 02:45:00+00:00,13.569999694824219,13.579999923706055,13.569999694824219,13.579999923706055,66224,0.0,0.0,0.0
2025-01-14 02:50:00+00:00,13.579999923706055,13.579999923706055,13.569999694824219,13.569999694824219,27820,0.0,0.0,0.0
2025-01-14 02:55:00+00:00,13.569999694824219,13.569999694824219,13.569999694824219,13.569999694824219,12056,0.0,0.0,0.0
2025-01-14 03:00:00+00:00,13.569999694824219,13.579999923706055,13.569999694824219,13.579999923706055,10005,0.0,0.0,0.0
2025-01-14 03:05:00+00:00,13.579999923706055,13.59000015258789,13.579999923706055,13.59000015258789,181102,0.0,0.0,0.0
2025-01-14 03:10:00+00:00,13.59000015258789,13.600000381469727,13.59000015258789,13.600000381469727,94255,0.0,0.0,0.0
2025-01-14 03:15:00+00:00,13.600000381469727,13.609999656677246,13.600000381469727,13.609999656677246,20618,0.0,0.0,0.0
2025-01-14 03:20:00+00:00,13.609999656677246,13.619999885559082,13.609999656677246,13.609999656677246,10987,0.0,0.0,0.0
2025-01-14 03:25:00+00:00,13.600000381469727,13.600000381469727,13.600000381469727,13.600000381469727,9006,0.0,0.0,0.0
2025-01-14 03:30:00+00:00,13.600000381469727,13.609999656677246,13.600000381469727,13.609999656677246,14200,0.0,0.0,0.0
2025-01-14 03:35:00+00:00,13.609999656677246,13.609999656677246,13.600000381469727,13.600000381469727,24146,0.0,0.0,0.0
2025-01-14 03:40:00+00:00,13.600000381469727,13.600000381469727,13.600000381469727,13.600000381469727,17101,0.0,0.0,0.0
2025-01-14 03:50:00+00:00,13.600000381469727,13.600000381469727,13.600000381469727,13.600000381469727,22554,0.0,0.0,0.0
2025-01-14 03:55:00+00:00,13.600000381469727,13.600000381469727,13.600000381469727,13.600000381469727,7681,0.0,0.0,0.0
2025-01-14 04:00:00+00:00,13.600000381469727,13.600000381469727,13.600000381469727,13.600000381469727,13747,0.0,0.0,0.0
2025-01-14 04:05:00+00:00,13.600000381469727,13.600000381469727,13.59000015258789,13.59000015258789,39005,0.0,0.0,0.0
2025-01-14 04:10:00+00:00,13.59000015258789,13.59000015258789,13.59000015258789,13.59000015258789,12825,0.0,0.0,0.0
2025-01-14 04:15:00+00:00,13.59000015258789,13.59000015258789,13.59000015258789,13.59000015258789,7271,0.0,0.0,0.0
2025-01-14 04:20:00+00:00,13.59000015258789,13.59000015258789,13.59000015258789,13.59000015258789,10105,0.0,0.0,0.0
2025-01-14 04:25:00+00:00,13.579999923706055,13.579999923706055,13.579999923706055,13.579999923706055,4005,0.0,0.0,0.0
2025-01-14 04:30:00+00:00,13.59000015258789,13.59000015258789,13.59000015258789,13.59000015258789,6032,0.0,0.0,0.0
2025-01-14 04:35:00+00:00,13.59000015258789,13.59000015258789,13.59000015258789,13.59000015258789,26000,0.0,0.0,0.0
2025-01-14 04:40:00+00:00,13.579999923706055,13.59000015258789,13.579999923706055,13.579999923706055,12119,0.0,0.0,0.0
2025-01-14 04:45:00+00:00,13.579999923706055,13.59000015258789,13.579999923706055,13.59000015258789,68188,0.0,0.0,0.0
2025-01-14 04:50:00+00:00,13.59000015258789,13.59000015258789,13.59000015258789,13.59000015258789,8799,0.0,0.0,0.0
2025-01-14 04:55:00+00:00,13.59000015258789,13.59000015258789,13.59000015258789,13.59000015258789,10732,0.0,0.0,0.0
2025-01-14 05:00:00+00:00,13.59000015258789,13.600000381469727,13.59000015258789,13.600000381469727,17028,0.0,0.0,0.0
2025-01-14 05:05:00+00:00,13.600000381469727,13.600000381469727,13.59000015258789,13.59000015258789,44140,0.0,0.0,0.0
2025-01-14 05:10:00+00:00,13.600000381469727,13.600000381469727,13.59000015258789,13.600000381469727,16827,0.0,0.0,0.0
2025-01-14 05:15:00+00:00,13.609999656677246,13.609999656677246,13.600000381469727,13.600000381469727,33942,0.0,0.0,0.0
2025-01-14 05:20:00+00:00,13.600000381469727,13.609999656677246,13.600000381469727,13.609999656677246,53872,0.0,0.0,0.0
2025-01-15 01:00:00+00:00,13.619999885559082,13.619999885559082,13.579999923706055,13.600000381469727,148000,0.0,0.0,0.0
2025-01-15 01:05:00+00:00,13.600000381469727,13.609999656677246,13.600000381469727,13.609999656677246,51616,0.0,0.0,0.0
2025-01-15 01:10:00+00:00,13.609999656677246,13.609999656677246,13.579999923706055,13.579999923706055,131136,0.0,0.0,0.0
2025-01-15 01:15:00+00:00,13.569999694824219,13.569999694824219,13.5600004196167,13.569999694824219,31670,0.0,0.0,0.0
2025-01-15 01:20:00+00:00,13.569999694824219,13.569999694824219,13.5600004196167,13.5600004196167,60534,0.0,0.0,0.0
2025-01-15 01:25:00+00:00,13.550000190734863,13.550000190734863,13.550000190734863,13.550000190734863,133625,0.0,0.0,0.0
2025-01-15 01:30:00+00:00,13.550000190734863,13.550000190734863,13.539999961853027,13.539999961853027,97835,0.0,0.0,0.0
2025-01-15 01:35:00+00:00,13.529999732971191,13.550000190734863,13.520000457763672,13.550000190734863,106802,0.0,0.0,0.0
2025-01-15 01:40:00+00:00,13.550000190734863,13.550000190734863,13.550000190734863,13.550000190734863,8769,0.0,0.0,0.0
2025-01-15 01:45:00+00:00,13.550000190734863,13.550000190734863,13.550000190734863,13.550000190734863,30096,0.0,0.0,0.0
2025-01-15 01:50:00+00:00,13.5600004196167,13.579999923706055,13.5600004196167,13.579999923706055,18738,0.0,0.0,0.0
2025-01-15 01:55:00+00:00,13.579999923706055,13.579999923706055,13.5600004196167,13.5600004196167,32740,0.0,0.0,0.0
2025-01-15 02:00:00+00:00,13.569999694824219,13.579999923706055,13.5600004196167,13.5600004196167,18430,0.0,0.0,0.0
2025-01-15 02:05:00+00:00,13.569999694824219,13.569999694824219,13.550000190734863,13.5600004196167,110013,0.0,0.0,0.0
2025-01-15 02:10:00+00:00,13.5600004196167,13.5600004196167,13.550000190734863,13.5600004196167,36221,0.0,0.0,0.0
2025-01-15 02:15:00+00:00,13.5600004196167,13.569999694824219,13.5600004196167,13.569999694824219,9020,0.0,0.0,0.0
2025-01-15 02:20:00+00:00,13.5600004196167,13.59000015258789,13.5600004196167,13.59000015258789,34111,0.0,0.0,0.0
2025-01-15 02:25:00+00:00,13.59000015258789,13.600000381469727,13.569999694824219,13.569999694824219,201174,0.0,0.0,0.0
2025-01-15 02:30:00+00:00,13.579999923706055,13.579999923706055,13.569999694824219,13.579999923706055,10260,0.0,0.0,0.0
2025-01-15 02:35:00+00:00,13.579999923706055,13.579999923706055,13.569999694824219,13.569999694824219,27538,0.0,0.0,0.0
2025-01-15 02:40:00+00:00,13.569999694824219,13.569999694824219,13.569999694824219,13.569999694824219,7021,0.0,0.0,0.0
2025-01-15 02:45:00+00:00,13.569999694824219,13.569999694824219,13.5600004196167,13.5600004196167,61401,0.0,0.0,0.0
2025-01-15 02:50:00+00:00,13.5600004196167,13.5600004196167,13.550000190734863,13.5600004196167,52148,0.0,0.0,0.0
2025-01-15 02:55:00+00:00,13.5600004196167,13.5600004196167,13.550000190734863,13.5600004196167,19245,0.0,0.0,0.0
2025-01-15 03:00:00+00:00,13.569999694824219,13.569999694824219,13.5600004196167,13.569999694824219,4503,0.0,0.0,0.0
2025-01-15 03:05:00+00:00,13.569999694824219,13.569999694824219,13.569999694824219,13.569999694824219,9288,0.0,0.0,0.0
2025-01-15 03:10:00+00:00,13.569999694824219,13.569999694824219,13.5600004196167,13.5600004196167,37020,0.0,0.0,0.0
2025-01-15 03:15:00+00:00,13.569999694824219,13.569999694824219,13.550000190734863,13.550000190734863,25284,0.0,0.0,0.0
2025-01-15 03:20:00+00:00,13.550000190734863,13.5600004196167,13.550000190734863,13.5600004196167,9440,0.0,0.0,0.0
2025-01-15 03:25:00+00:00,13.550000190734863,13.5600004196167,13.550000190734863,13.5600004196167,15703,0.0,0.0,0.0
2025-01-15 03:30:00+00:00,13.5600004196167,13.5600004196167,13.550000190734863,13.550000190734863,84142,0.0,0.0,0.0
2025-01-15 03:35:00+00:00,13.550000190734863,13.550000190734863,13.539999961853027,13.539999961853027,13300,0.0,0.0,0.0
2025-01-15 03:40:00+00:00,13.550000190734863,13.550000190734863,13.539999961853027,13.539999961853027,96850,0.0,0.0,0.0
2025-01-15 03:45:00+00:00,13.550000190734863,13.550000190734863,13.520000457763672,13.529999732971191,113365,0.0,0.0,0.0
2025-01-15 03:50:00+00:00,13.520000457763672,13.529999732971191,13.510000228881836,13.510000228881836,152694,0.0,0.0,0.0
2025-01-15 03:55:00+00:00,13.510000228881836,13.520000457763672,13.510000228881836,13.520000457763672,15498,0.0,0.0,0.0
2025-01-15 04:00:00+00:00,13.520000457763672,13.520000457763672,13.510000228881836,13.510000228881836,26596,0.0,0.0,0.0
2025-01-15 04:05:00+00:00,13.510000228881836,13.520000457763672,13.510000228881836,13.510000228881836,54999,0.0,0.0,0.0
2025-01-15 04:10:00+00:00,13.510000228881836,13.520000457763672,13.510000228881836,13.520000457763672,23680,0.0,0.0,0.0
2025-01-15 04:15:00+00:00,13.520000457763672,13.520000457763672,13.510000228881836,13.520000457763672,8274,0.0,0.0,0.0
2025-01-15 04:20:00+00:00,13.520000457763672,13.520000457763672,13.510000228881836,13.510000228881836,33133,0.0,0.0,0.0
2025-01-15 04:25:00+00:00,13.510000228881836,13.510000228881836,13.510000228881836,13.510000228881836,26548,0.0,0.0,0.0
2025-01-15 04:30:00+00:00,13.520000457763672,13.529999732971191,13.520000457763672,13.529999732971191,29827,0.0,0.0,0.0
2025-01-15 04:35:00+00:00,13.529999732971191,13.529999732971191,13.510000228881836,13.510000228881836,137875,0.0,0.0,0.0
2025-01-15 04:40:00+00:00,13.5,13.510000228881836,13.5,13.510000228881836,121570,0.0,0.0,0.0
2025-01-15 04:45:00+00:00,13.510000228881836,13.510000228881836,13.510000228881836,13.510000228881836,42610,0.0,0.0,0.0
2025-01-15 04:50:00+00:00,13.510000228881836,13.510000228881836,13.510000228881836,13.510000228881836,23611,0.0,0.0,0.0
2025-01-15 04:55:00+00:00,13.510000228881836,13.510000228881836,13.510000228881836,13.510000228881836,38458,0.0,0.0,0.0
2025-01-15 05:00:00+00:00,13.510000228881836,13.510000228881836,13.489999771118164,13.5,684364,0.0,0.0,0.0
2025-01-15 05:05:00+00:00,13.5,13.510000228881836,13.5,13.5,33614,0.0,0.0,0.0
2025-01-15 05:10:00+00:00,13.5,13.510000228881836,13.489999771118164,13.489999771118164,53232,0.0,0.0,0.0
2025-01-15 05:15:00+00:00,13.5,13.510000228881836,13.489999771118164,13.5,144296,0.0,0.0,0.0
2025-01-15 05:20:00+00:00,13.5,13.510000228881836,13.5,13.5,112174,0.0,0.0,0.0
2025-01-16 01:00:00+00:00,13.699999809265137,13.729999542236328,13.6899995803833,13.710000038146973,0,0.0,0.0,0.0
2025-01-16 01:05:00+00:00,13.710000038146973,13.729999542236328,13.699999809265137,13.729999542236328,328849,0.0,0.0,0.0
2025-01-16 01:10:00+00:00,13.739999771118164,13.739999771118164,13.710000038146973,13.710000038146973,19232,0.0,0.0,0.0
2025-01-16 01:15:00+00:00,13.710000038146973,13.710000038146973,13.680000305175781,13.699999809265137,69283,0.0,0.0,0.0
2025-01-16 01:20:00+00:00,13.699999809265137,13.710000038146973,13.699999809265137,13.710000038146973,111690,0.0,0.0,0.0
2025-01-16 01:25:00+00:00,13.710000038146973,13.720000267028809,13.710000038146973,13.720000267028809,41695,0.0,0.0,0.0
2025-01-16 01:30:00+00:00,13.710000038146973,13.710000038146973,13.699999809265137,13.699999809265137,42081,0.0,0.0,0.0
2025-01-16 01:35:00+00:00,13.699999809265137,13.699999809265137,13.6899995803833,13.699999809265137,8987,0.0,0.0,0.0
2025-01-16 01:40:00+00:00,13.699999809265137,13.720000267028809,13.6899995803833,13.720000267028809,160916,0.0,0.0,0.0
2025-01-16 01:45:00+00:00,13.720000267028809,13.720000267028809,13.699999809265137,13.710000038146973,28527,0.0,0.0,0.0
2025-01-16 01:50:00+00:00,13.699999809265137,13.710000038146973,13.699999809265137,13.710000038146973,49514,0.0,0.0,0.0
2025-01-16 01:55:00+00:00,13.710000038146973,13.710000038146973,13.699999809265137,13.710000038146973,50072,0.0,0.0,0.0
2025-01-16 02:00:00+00:00,13.6899995803833,13.710000038146973,13.6899995803833,13.6899995803833,19161,0.0,0.0,0.0
2025-01-16 02:05:00+00:00,13.6899995803833,13.699999809265137,13.680000305175781,13.699999809265137,21327,0.0,0.0,0.0
2025-01-16 02:10:00+00:00,13.6899995803833,13.699999809265137,13.6899995803833,13.699999809265137,49156,0.0,0.0,0.0
2025-01-16 02:15:00+00:00,13.699999809265137,13.710000038146973,13.699999809265137,13.699999809265137,223464,0.0,0.0,0.0
2025-01-16 02:20:00+00:00,13.710000038146973,13.710000038146973,13.699999809265137,13.710000038146973,56027,0.0,0.0,0.0
2025-01-16 02:25:00+00:00,13.699999809265137,13.710000038146973,13.699999809265137,13.710000038146973,20419,0.0,0.0,0.0
2025-01-16 02:30:00+00:00,13.710000038146973,13.710000038146973,13.699999809265137,13.699999809265137,18144,0.0,0.0,0.0
2025-01-16 02:35:00+00:00,13.710000038146973,13.710000038146973,13.710000038146973,13.710000038146973,143190,0.0,0.0,0.0
2025-01-16 02:40:00+00:00,13.710000038146973,13.720000267028809,13.710000038146973,13.710000038146973,36118,0.0,0.0,0.0
2025-01-16 02:45:00+00:00,13.720000267028809,13.720000267028809,13.710000038146973,13.710000038146973,38297,0.0,0.0,0.0
2025-01-16 02:50:00+00:00,13.710000038146973,13.720000267028809,13.710000038146973,13.720000267028809,3132,0.0,0.0,0.0
2025-01-16 02:55:00+00:00,13.720000267028809,13.720000267028809,13.710000038146973,13.720000267028809,89694,0.0,0.0,0.0
2025-01-16 03:00:00+00:00,13.729999542236328,13.729999542236328,13.729999542236328,13.729999542236328,257835,0.0,0.0,0.0
2025-01-16 03:05:00+00:00,13.739999771118164,13.75,13.739999771118164,13.75,145351,0.0,0.0,0.0
2025-01-16 03:10:00+00:00,13.739999771118164,13.770000457763672,13.739999771118164,13.770000457763672,199760,0.0,0.0,0.0
2025-01-16 03:15:00+00:00,13.770000457763672,13.770000457763672,13.760000228881836,13.770000457763672,83852,0.0,0.0,0.0
2025-01-16 03:20:00+00:00,13.770000457763672,13.779999732971191,13.770000457763672,13.770000457763672,51658,0.0,0.0,0.0
2025-01-16 03:25:00+00:00,13.770000457763672,13.770000457763672,13.760000228881836,13.770000457763672,25896,0.0,0.0,0.0
2025-01-16 03:30:00+00:00,13.760000228881836,13.770000457763672,13.760000228881836,13.770000457763672,69294,0.0,0.0,0.0
2025-01-16 03:35:00+00:00,13.770000457763672,13.779999732971191,13.770000457763672,13.779999732971191,47144,0.0,0.0,0.0
2025-01-16 03:40:00+00:00,13.770000457763672,13.779999732971191,13.770000457763672,13.770000457763672,37395,0.0,0.0,0.0
2025-01-16 03:45:00+00:00,13.770000457763672,13.779999732971191,13.770000457763672,13.770000457763672,75119,0.0,0.0,0.0
2025-01-16 03:50:00+00:00,13.779999732971191,13.779999732971191,13.770000457763672,13.770000457763672,50479,0.0,0.0,0.0
2025-01-16 03:55:00+00:00,13.770000457763672,13.770000457763672,13.760000228881836,13.760000228881836,9384,0.0,0.0,0.0
2025-01-16 04:00:00+00:00,13.770000457763672,13.770000457763672,13.760000228881836,13.760000228881836,29122,0.0,0.0,0.0
2025-01-16 04:05:00+00:00,13.760000228881836,13.770000457763672,13.760000228881836,13.760000228881836,51407,0.0,0.0,0.0
2025-01-16 04:10:00+00:00,13.760000228881836,13.760000228881836,13.75,13.760000228881836,22082,0.0,0.0,0.0
2025-01-16 04:15:00+00:00,13.770000457763672,13.770000457763672,13.760000228881836,13.770000457763672,10068,0.0,0.0,0.0
2025-01-16 04:20:00+00:00,13.770000457763672,13.770000457763672,13.760000228881836,13.770000457763672,64195,0.0,0.0,0.0
2025-01-16 04:25:00+00:00,13.760000228881836,13.770000457763672,13.760000228881836,13.770000457763672,4554,0.0,0.0,0.0
2025-01-16 04:30:00+00:00,13.770000457763672,13.770000457763672,13.770000457763672,13.770000457763672,317474,0.0,0.0,0.0
2025-01-16 04:35:00+00:00,13.779999732971191,13.779999732971191,13.779999732971191,13.779999732971191,12675,0.0,0.0,0.0
2025-01-16 04:40:00+00:00,13.770000457763672,13.779999732971191,13.770000457763672,13.779999732971191,18298,0.0,0.0,0.0
2025-01-16 04:45:00+00:00,13.779999732971191,13.779999732971191,13.770000457763672,13.779999732971191,135000,0.0,0.0,0.0
2025-01-16 04:50:00+00:00,13.770000457763672,13.770000457763672,13.770000457763672,13.770000457763672,2100,0.0,0.0,0.0
2025-01-16 04:55:00+00:00,13.770000457763672,13.779999732971191,13.770000457763672,13.779999732971191,11372,0.0,0.0,0.0
2025-01-16 05:00:00+00:00,13.770000457763672,13.770000457763672,13.760000228881836,13.760000228881836,74348,0.0,0.0,0.0
2025-01-16 05:05:00+00:00,13.75,13.75,13.75,13.75,26626,0.0,0.0,0.0
2025-01-16 05:10:00+00:00,13.75,13.75,13.729999542236328,13.729999542236328,27702,0.0,0.0,0.0
2025-01-16 05:15:00+00:00,13.75,13.75,13.729999542236328,13.739999771118164,137482,0.0,0.0,0.0
2025-01-16 05:20:00+00:00,13.729999542236328,13.739999771118164,13.720000267028809,13.720000267028809,62768,0.0,0.0,0.0
2025-01-17 01:00:00+00:00,13.800000190734863,13.800000190734863,13.760000228881836,13.760000228881836,0,0.0,0.0,0.0
2025-01-17 01:05:00+00:00,13.760000228881836,13.760000228881836,13.729999542236328,13.729999542236328,106000,0.0,0.0,0.0
2025-01-17 01:10:00+00:00,13.729999542236328,13.75,13.729999542236328,13.739999771118164,85392,0.0,0.0,0.0
2025-01-17 01:15:00+00:00,13.729999542236328,13.729999542236328,13.729999542236328,13.729999542236328,39817,0.0,0.0,0.0
2025-01-17 01:20:00+00:00,13.729999542236328,13.729999542236328,13.670000076293945,13.670000076293945,167915,0.0,0.0,0.0
2025-01-17 01:25:00+00:00,13.6899995803833,13.6899995803833,13.6899995803833,13.6899995803833,4001,0.0,0.0,0.0
2025-01-17 01:30:00+00:00,13.699999809265137,13.699999809265137,13.680000305175781,13.6899995803833,38252,0.0,0.0,0.0
2025-01-17 01:35:00+00:00,13.6899995803833,13.6899995803833,13.6899995803833,13.6899995803833,43175,0.0,0.0,0.0
2025-01-17 01:40:00+00:00,13.6899995803833,13.6899995803833,13.680000305175781,13.680000305175781,57537,0.0,0.0,0.0
2025-01-17 01:45:00+00:00,13.6899995803833,13.6899995803833,13.680000305175781,13.6899995803833,35631,0.0,0.0,0.0
2025-01-17 01:50:00+00:00,13.6899995803833,13.6899995803833,13.6899995803833,13.6899995803833,29277,0.0,0.0,0.0
2025-01-17 01:55:00+00:00,13.680000305175781,13.699999809265137,13.680000305175781,13.699999809265137,11111,0.0,0.0,0.0
2025-01-17 02:00:00+00:00,13.699999809265137,13.729999542236328,13.699999809265137,13.729999542236328,54555,0.0,0.0,0.0
2025-01-17 02:05:00+00:00,13.720000267028809,13.720000267028809,13.720000267028809,13.720000267028809,3226,0.0,0.0,0.0
2025-01-17 02:10:00+00:00,13.729999542236328,13.739999771118164,13.729999542236328,13.739999771118164,85476,0.0,0.0,0.0
2025-01-17 02:15:00+00:00,13.739999771118164,13.75,13.729999542236328,13.739999771118164,28359,0.0,0.0,0.0
2025-01-17 02:20:00+00:00,13.729999542236328,13.739999771118164,13.729999542236328,13.739999771118164,21479,0.0,0.0,0.0
2025-01-17 02:25:00+00:00,13.739999771118164,13.739999771118164,13.729999542236328,13.739999771118164,71854,0.0,0.0,0.0
2025-01-17 02:30:00+00:00,13.729999542236328,13.739999771118164,13.729999542236328,13.739999771118164,6026,0.0,0.0,0.0
2025-01-17 02:35:00+00:00,13.739999771118164,13.75,13.720000267028809,13.720000267028809,62464,0.0,0.0,0.0
2025-01-17 02:40:00+00:00,13.720000267028809,13.720000267028809,13.710000038146973,13.720000267028809,9395,0.0,0.0,0.0
2025-01-17 02:50:00+00:00,13.720000267028809,13.739999771118164,13.720000267028809,13.739999771118164,16363,0.0,0.0,0.0
2025-01-17 02:55:00+00:00,13.720000267028809,13.720000267028809,13.720000267028809,13.720000267028809,6547,0.0,0.0,0.0
2025-01-17 03:00:00+00:00,13.739999771118164,13.739999771118164,13.739999771118164,13.739999771118164,2019,0.0,0.0,0.0
2025-01-17 03:05:00+00:00,13.739999771118164,13.739999771118164,13.729999542236328,13.739999771118164,11322,0.0,0.0,0.0
2025-01-17 03:10:00+00:00,13.739999771118164,13.739999771118164,13.739999771118164,13.739999771118164,8064,0.0,0.0,0.0
2025-01-17 03:15:00+00:00,13.739999771118164,13.739999771118164,13.739999771118164,13.739999771118164,6034,0.0,0.0,0.0
2025-01-17 03:20:00+00:00,13.729999542236328,13.739999771118164,13.729999542236328,13.729999542236328,31668,0.0,0.0,0.0
2025-01-17 03:25:00+00:00,13.729999542236328,13.729999542236328,13.729999542236328,13.729999542236328,8026,0.0,0.0,0.0
2025-01-17 03:30:00+00:00,13.729999542236328,13.75,13.729999542236328,13.75,80009,0.0,0.0,0.0
2025-01-17 03:35:00+00:00,13.760000228881836,13.760000228881836,13.760000228881836,13.760000228881836,21331,0.0,0.0,0.0
2025-01-17 03:40:00+00:00,13.760000228881836,13.760000228881836,13.760000228881836,13.760000228881836,6062,0.0,0.0,0.0
2025-01-17 03:45:00+00:00,13.760000228881836,13.760000228881836,13.75,13.75,96027,0.0,0.0,0.0
2025-01-17 03:50:00+00:00,13.75,13.770000457763672,13.75,13.770000457763672,44420,0.0,0.0,0.0
2025-01-17 03:55:00+00:00,13.770000457763672,13.779999732971191,13.770000457763672,13.779999732971191,21647,0.0,0.0,0.0
2025-01-17 04:00:00+00:00,13.779999732971191,13.779999732971191,13.779999732971191,13.779999732971191,18711,0.0,0.0,0.0
2025-01-17 04:05:00+00:00,13.779999732971191,13.789999961853027,13.779999732971191,13.779999732971191,48153,0.0,0.0,0.0
2025-01-17 04:10:00+00:00,13.789999961853027,13.800000190734863,13.789999961853027,13.789999961853027,41754,0.0,0.0,0.0
2025-01-17 04:15:00+00:00,13.800000190734863,13.800000190734863,13.800000190734863,13.800000190734863,9922,0.0,0.0,0.0
2025-01-17 04:20:00+00:00,13.800000190734863,13.800000190734863,13.800000190734863,13.800000190734863,11410,0.0,0.0,0.0
2025-01-17 04:25:00+00:00,13.789999961853027,13.800000190734863,13.789999961853027,13.789999961853027,25113,0.0,0.0,0.0
2025-01-17 04:30:00+00:00,13.800000190734863,13.800000190734863,13.789999961853027,13.789999961853027,24585,0.0,0.0,0.0
2025-01-17 04:35:00+00:00,13.789999961853027,13.789999961853027,13.789999961853027,13.789999961853027,2017,0.0,0.0,0.0
2025-01-17 04:40:00+00:00,13.789999961853027,13.789999961853027,13.770000457763672,13.770000457763672,27654,0.0,0.0,0.0
2025-01-17 04:45:00+00:00,13.779999732971191,13.779999732971191,13.760000228881836,13.760000228881836,19736,0.0,0.0,0.0
2025-01-17 04:50:00+00:00,13.760000228881836,13.760000228881836,13.760000228881836,13.760000228881836,1976,0.0,0.0,0.0
2025-01-17 04:55:00+00:00,13.760000228881836,13.760000228881836,13.75,13.760000228881836,10474,0.0,0.0,0.0
2025-01-17 05:00:00+00:00,13.760000228881836,13.770000457763672,13.760000228881836,13.770000457763672,56249,0.0,0.0,0.0
2025-01-17 05:05:00+00:00,13.760000228881836,13.770000457763672,13.760000228881836,13.770000457763672,20875,0.0,0.0,0.0
2025-01-17 05:10:00+00:00,13.770000457763672,13.770000457763672,13.760000228881836,13.760000228881836,70615,0.0,0.0,0.0
2025-01-17 05:15:00+00:00,13.770000457763672,13.770000457763672,13.760000228881836,13.770000457763672,64447,0.0,0.0,0.0
2025-01-17 05:20:00+00:00,13.770000457763672,13.779999732971191,13.770000457763672,13.770000457763672,40407,0.0,0.0,0.0
2025-01-20 01:00:00+00:00,13.789999961853027,13.859999656677246,13.789999961853027,13.859999656677246,0,0.0,0.0,0.0
2025-01-20 01:05:00+00:00,13.850000381469727,13.859999656677246,13.84000015258789,13.859999656677246,83511,0.0,0.0,0.0
2025-01-20 01:10:00+00:00,13.859999656677246,13.859999656677246,13.850000381469727,13.859999656677246,85907,0.0,0.0,0.0
2025-01-20 01:15:00+00:00,13.859999656677246,13.880000114440918,13.859999656677246,13.880000114440918,115860,0.0,0.0,0.0
2025-01-20 01:20:00+00:00,13.869999885559082,13.880000114440918,13.869999885559082,13.869999885559082,70560,0.0,0.0,0.0
2025-01-20 01:25:00+00:00,13.880000114440918,13.880000114440918,13.859999656677246,13.859999656677246,62622,0.0,0.0,0.0
2025-01-20 01:30:00+00:00,13.859999656677246,13.869999885559082,13.84000015258789,13.850000381469727,30999,0.0,0.0,0.0
2025-01-20 01:35:00+00:00,13.850000381469727,13.869999885559082,13.850000381469727,13.859999656677246,43724,0.0,0.0,0.0
2025-01-20 01:40:00+00:00,13.859999656677246,13.869999885559082,13.859999656677246,13.859999656677246,31426,0.0,0.0,0.0
2025-01-20 01:45:00+00:00,13.869999885559082,13.880000114440918,13.859999656677246,13.880000114440918,54278,0.0,0.0,0.0
2025-01-20 01:50:00+00:00,13.869999885559082,13.880000114440918,13.869999885559082,13.869999885559082,81733,0.0,0.0,0.0
2025-01-20 01:55:00+00:00,13.880000114440918,13.880000114440918,13.869999885559082,13.880000114440918,76777,0.0,0.0,0.0
2025-01-20 02:00:00+00:00,13.880000114440918,13.880000114440918,13.869999885559082,13.880000114440918,22121,0.0,0.0,0.0
2025-01-20 02:05:00+00:00,13.880000114440918,13.880000114440918,13.859999656677246,13.869999885559082,57786,0.0,0.0,0.0
2025-01-20 02:10:00+00:00,13.869999885559082,13.869999885559082,13.859999656677246,13.869999885559082,26494,0.0,0.0,0.0
2025-01-20 02:15:00+00:00,13.869999885559082,13.869999885559082,13.859999656677246,13.869999885559082,18641,0.0,0.0,0.0
2025-01-20 02:20:00+00:00,13.869999885559082,13.880000114440918,13.869999885559082,13.880000114440918,32342,0.0,0.0,0.0
2025-01-20 02:25:00+00:00,13.880000114440918,13.890000343322754,13.880000114440918,13.890000343322754,208199,0.0,0.0,0.0
2025-01-20 02:30:00+00:00,13.890000343322754,13.890000343322754,13.890000343322754,13.890000343322754,28798,0.0,0.0,0.0
2025-01-20 02:35:00+00:00,13.890000343322754,13.890000343322754,13.869999885559082,13.890000343322754,268728,0.0,0.0,0.0
2025-01-20 02:40:00+00:00,13.880000114440918,13.890000343322754,13.880000114440918,13.880000114440918,10673,0.0,0.0,0.0
2025-01-20 02:45:00+00:00,13.890000343322754,13.890000343322754,13.890000343322754,13.890000343322754,23763,0.0,0.0,0.0
2025-01-20 02:50:00+00:00,13.890000343322754,13.890000343322754,13.880000114440918,13.880000114440918,18847,0.0,0.0,0.0
2025-01-20 02:55:00+00:00,13.880000114440918,13.890000343322754,13.880000114440918,13.890000343322754,9847,0.0,0.0,0.0
2025-01-20 03:00:00+00:00,13.890000343322754,13.890000343322754,13.880000114440918,13.890000343322754,7586,0.0,0.0,0.0
2025-01-20 03:05:00+00:00,13.890000343322754,13.890000343322754,13.880000114440918,13.890000343322754,50791,0.0,0.0,0.0
2025-01-20 03:10:00+00:00,13.890000343322754,13.890000343322754,13.890000343322754,13.890000343322754,2042,0.0,0.0,0.0
2025-01-20 03:15:00+00:00,13.880000114440918,13.899999618530273,13.880000114440918,13.899999618530273,249955,0.0,0.0,0.0
2025-01-20 03:20:00+00:00,13.899999618530273,13.899999618530273,13.890000343322754,13.890000343322754,16572,0.0,0.0,0.0
2025-01-20 03:25:00+00:00,13.899999618530273,13.899999618530273,13.890000343322754,13.899999618530273,21069,0.0,0.0,0.0
2025-01-20 03:30:00+00:00,13.899999618530273,13.899999618530273,13.899999618530273,13.899999618530273,21071,0.0,0.0,0.0
2025-01-20 03:35:00+00:00,13.899999618530273,13.899999618530273,13.880000114440918,13.880000114440918,18582,0.0,0.0,0.0
2025-01-20 03:40:00+00:00,13.890000343322754,13.890000343322754,13.880000114440918,13.890000343322754,39725,0.0,0.0,0.0
2025-01-20 03:45:00+00:00,13.890000343322754,13.890000343322754,13.880000114440918,13.880000114440918,40280,0.0,0.0,0.0
2025-01-20 03:50:00+00:00,13.880000114440918,13.880000114440918,13.880000114440918,13.880000114440918,30204,0.0,0.0,0.0
2025-01-20 03:55:00+00:00,13.890000343322754,13.890000343322754,13.880000114440918,13.880000114440918,8289,0.0,0.0,0.0
2025-01-20 04:00:00+00:00,13.880000114440918,13.880000114440918,13.880000114440918,13.880000114440918,3022,0.0,0.0,0.0
2025-01-20 04:05:00+00:00,13.880000114440918,13.880000114440918,13.869999885559082,13.880000114440918,33042,0.0,0.0,0.0
2025-01-20 04:10:00+00:00,13.880000114440918,13.880000114440918,13.869999885559082,13.880000114440918,4188,0.0,0.0,0.0
2025-01-20 04:15:00+00:00,13.869999885559082,13.880000114440918,13.869999885559082,13.869999885559082,12023,0.0,0.0,0.0
2025-01-20 04:20:00+00:00,13.880000114440918,13.880000114440918,13.880000114440918,13.880000114440918,17022,0.0,0.0,0.0
2025-01-20 04:25:00+00:00,13.869999885559082,13.880000114440918,13.869999885559082,13.869999885559082,49253,0.0,0.0,0.0
2025-01-20 04:30:00+00:00,13.880000114440918,13.880000114440918,13.869999885559082,13.869999885559082,10193,0.0,0.0,0.0
2025-01-20 04:35:00+00:00,13.869999885559082,13.880000114440918,13.869999885559082,13.880000114440918,29411,0.0,0.0,0.0
2025-01-20 04:40:00+00:00,13.869999885559082,13.869999885559082,13.869999885559082,13.869999885559082,16110,0.0,0.0,0.0
2025-01-20 04:45:00+00:00,13.869999885559082,13.869999885559082,13.869999885559082,13.869999885559082,9120,0.0,0.0,0.0
2025-01-20 04:50:00+00:00,13.869999885559082,13.869999885559082,13.859999656677246,13.859999656677246,8189,0.0,0.0,0.0
2025-01-20 04:55:00+00:00,13.859999656677246,13.869999885559082,13.859999656677246,13.869999885559082,24868,0.0,0.0,0.0
2025-01-20 05:00:00+00:00,13.859999656677246,13.869999885559082,13.859999656677246,13.869999885559082,31435,0.0,0.0,0.0
2025-01-20 05:05:00+00:00,13.869999885559082,13.869999885559082,13.859999656677246,13.869999885559082,9176,0.0,0.0,0.0
2025-01-20 05:10:00+00:00,13.869999885559082,13.880000114440918,13.869999885559082,13.880000114440918,20123,0.0,0.0,0.0
2025-01-20 05:15:00+00:00,13.880000114440918,13.880000114440918,13.850000381469727,13.869999885559082,116163,0.0,0.0,0.0
2025-01-20 05:20:00+00:00,13.869999885559082,13.869999885559082,13.850000381469727,13.869999885559082,44831,0.0,0.0,0.0
2025-01-21 01:00:00+00:00,13.869999885559082,13.869999885559082,13.84000015258789,13.859999656677246,0,0.0,0.0,0.0
2025-01-21 01:05:00+00:00,13.850000381469727,13.859999656677246,13.850000381469727,13.859999656677246,49995,0.0,0.0,0.0
2025-01-21 01:10:00+00:00,13.859999656677246,13.859999656677246,13.859999656677246,13.859999656677246,15453,0.0,0.0,0.0
2025-01-21 01:15:00+00:00,13.859999656677246,13.869999885559082,13.859999656677246,13.859999656677246,15279,0.0,0.0,0.0
2025-01-21 01:20:00+00:00,13.859999656677246,13.869999885559082,13.859999656677246,13.869999885559082,25013,0.0,0.0,0.0
2025-01-21 01:25:00+00:00,13.859999656677246,13.859999656677246,13.859999656677246,13.859999656677246,22579,0.0,0.0,0.0
2025-01-21 01:30:00+00:00,13.869999885559082,13.869999885559082,13.869999885559082,13.869999885559082,13050,0.0,0.0,0.0
2025-01-21 01:35:00+00:00,13.869999885559082,13.869999885559082,13.859999656677246,13.859999656677246,34027,0.0,0.0,0.0
2025-01-21 01:40:00+00:00,13.850000381469727,13.850000381469727,13.84000015258789,13.84000015258789,68299,0.0,0.0,0.0
2025-01-21 01:45:00+00:00,13.84000015258789,13.850000381469727,13.84000015258789,13.850000381469727,31136,0.0,0.0,0.0
2025-01-21 01:50:00+00:00,13.850000381469727,13.850000381469727,13.850000381469727,13.850000381469727,15105,0.0,0.0,0.0
2025-01-21 01:55:00+00:00,13.859999656677246,13.869999885559082,13.859999656677246,13.869999885559082,17348,0.0,0.0,0.0
2025-01-21 02:00:00+00:00,13.859999656677246,13.890000343322754,13.859999656677246,13.890000343322754,136060,0.0,0.0,0.0
2025-01-21 02:05:00+00:00,13.890000343322754,13.890000343322754,13.869999885559082,13.869999885559082,9710,0.0,0.0,0.0
2025-01-21 02:10:00+00:00,13.869999885559082,13.869999885559082,13.850000381469727,13.850000381469727,15481,0.0,0.0,0.0
2025-01-21 02:15:00+00:00,13.859999656677246,13.859999656677246,13.850000381469727,13.850000381469727,10797,0.0,0.0,0.0
2025-01-21 02:20:00+00:00,13.859999656677246,13.869999885559082,13.859999656677246,13.869999885559082,15324,0.0,0.0,0.0
2025-01-21 02:25:00+00:00,13.869999885559082,13.869999885559082,13.869999885559082,13.869999885559082,4936,0.0,0.0,0.0
2025-01-21 02:30:00+00:00,13.859999656677246,13.869999885559082,13.859999656677246,13.869999885559082,42329,0.0,0.0,0.0
2025-01-21 02:35:00+00:00,13.869999885559082,13.880000114440918,13.869999885559082,13.880000114440918,88309,0.0,0.0,0.0
2025-01-21 02:40:00+00:00,13.880000114440918,13.890000343322754,13.880000114440918,13.890000343322754,4175,0.0,0.0,0.0
2025-01-21 02:45:00+00:00,13.890000343322754,13.890000343322754,13.890000343322754,13.890000343322754,2018,0.0,0.0,0.0
2025-01-21 02:50:00+00:00,13.880000114440918,13.880000114440918,13.880000114440918,13.880000114440918,6014,0.0,0.0,0.0
2025-01-21 02:55:00+00:00,13.880000114440918,13.880000114440918,13.880000114440918,13.880000114440918,15063,0.0,0.0,0.0
2025-01-21 03:00:00+00:00,13.880000114440918,13.880000114440918,13.869999885559082,13.869999885559082,13350,0.0,0.0,0.0
2025-01-21 03:05:00+00:00,13.869999885559082,13.880000114440918,13.869999885559082,13.880000114440918,5311,0.0,0.0,0.0
2025-01-21 03:10:00+00:00,13.880000114440918,13.880000114440918,13.880000114440918,13.880000114440918,18199,0.0,0.0,0.0
2025-01-21 03:15:00+00:00,13.890000343322754,13.890000343322754,13.890000343322754,13.890000343322754,130154,0.0,0.0,0.0
2025-01-21 03:20:00+00:00,13.890000343322754,13.890000343322754,13.880000114440918,13.890000343322754,24013,0.0,0.0,0.0
2025-01-21 03:25:00+00:00,13.899999618530273,13.920000076293945,13.890000343322754,13.90999984741211,133717,0.0,0.0,0.0
2025-01-21 03:30:00+00:00,13.90999984741211,13.920000076293945,13.90999984741211,13.920000076293945,43313,0.0,0.0,0.0
2025-01-21 03:35:00+00:00,13.920000076293945,13.920000076293945,13.899999618530273,13.899999618530273,39115,0.0,0.0,0.0
2025-01-21 03:40:00+00:00,13.899999618530273,13.920000076293945,13.899999618530273,13.90999984741211,10453,0.0,0.0,0.0
2025-01-21 03:45:00+00:00,13.920000076293945,13.920000076293945,13.899999618530273,13.899999618530273,13778,0.0,0.0,0.0
2025-01-21 03:50:00+00:00,13.899999618530273,13.899999618530273,13.899999618530273,13.899999618530273,20403,0.0,0.0,0.0
2025-01-21 03:55:00+00:00,13.899999618530273,13.90999984741211,13.899999618530273,13.899999618530273,16323,0.0,0.0,0.0
2025-01-21 04:00:00+00:00,13.899999618530273,13.90999984741211,13.899999618530273,13.90999984741211,12053,0.0,0.0,0.0
2025-01-21 04:05:00+00:00,13.90999984741211,13.90999984741211,13.90999984741211,13.90999984741211,16286,0.0,0.0,0.0
2025-01-21 04:10:00+00:00,13.899999618530273,13.90999984741211,13.899999618530273,13.90999984741211,5922,0.0,0.0,0.0
2025-01-21 04:15:00+00:00,13.90999984741211,13.90999984741211,13.90999984741211,13.90999984741211,3054,0.0,0.0,0.0
2025-01-21 04:20:00+00:00,13.90999984741211,13.90999984741211,13.899999618530273,13.899999618530273,19181,0.0,0.0,0.0
2025-01-21 04:25:00+00:00,13.899999618530273,13.90999984741211,13.899999618530273,13.90999984741211,26146,0.0,0.0,0.0
2025-01-21 04:30:00+00:00,13.90999984741211,13.90999984741211,13.90999984741211,13.90999984741211,6575,0.0,0.0,0.0
2025-01-21 04:35:00+00:00,13.90999984741211,13.90999984741211,13.899999618530273,13.899999618530273,67650,0.0,0.0,0.0
2025-01-21 04:40:00+00:00,13.899999618530273,13.899999618530273,13.890000343322754,13.899999618530273,14466,0.0,0.0,0.0
2025-01-21 04:45:00+00:00,13.899999618530273,13.899999618530273,13.890000343322754,13.899999618530273,52810,0.0,0.0,0.0
2025-01-21 04:50:00+00:00,13.899999618530273,13.899999618530273,13.890000343322754,13.890000343322754,15726,0.0,0.0,0.0
2025-01-21 04:55:00+00:00,13.890000343322754,13.890000343322754,13.880000114440918,13.880000114440918,43126,0.0,0.0,0.0
2025-01-21 05:00:00+00:00,13.880000114440918,13.890000343322754,13.880000114440918,13.890000343322754,98200,0.0,0.0,0.0
2025-01-21 05:05:00+00:00,13.890000343322754,13.899999618530273,13.890000343322754,13.899999618530273,70078,0.0,0.0,0.0
2025-01-21 05:10:00+00:00,13.899999618530273,13.899999618530273,13.890000343322754,13.899999618530273,35776,0.0,0.0,0.0
2025-01-21 05:15:00+00:00,13.899999618530273,13.90999984741211,13.899999618530273,13.90999984741211,50132,0.0,0.0,0.0
2025-01-21 05:20:00+00:00,13.899999618530273,13.899999618530273,13.890000343322754,13.890000343322754,18951,0.0,0.0,0.0
2025-01-22 01:00:00+00:00,13.989999771118164,14.029999732971191,13.989999771118164,14.029999732971191,0,0.0,0.0,0.0
2025-01-22 01:05:00+00:00,14.020000457763672,14.029999732971191,14.010000228881836,14.020000457763672,349784,0.0,0.0,0.0
2025-01-22 01:10:00+00:00,14.020000457763672,14.020000457763672,14.010000228881836,14.010000228881836,93259,0.0,0.0,0.0
2025-01-22 01:15:00+00:00,14.010000228881836,14.029999732971191,14.010000228881836,14.029999732971191,262791,0.0,0.0,0.0
2025-01-22 01:20:00+00:00,14.029999732971191,14.029999732971191,14.020000457763672,14.020000457763672,162503,0.0,0.0,0.0
2025-01-22 01:25:00+00:00,14.020000457763672,14.020000457763672,14.010000228881836,14.010000228881836,66106,0.0,0.0,0.0
2025-01-22 01:30:00+00:00,14.020000457763672,14.020000457763672,14.010000228881836,14.020000457763672,274292,0.0,0.0,0.0
2025-01-22 01:35:00+00:00,14.020000457763672,14.020000457763672,14.020000457763672,14.020000457763672,228155,0.0,0.0,0.0
2025-01-22 01:40:00+00:00,14.020000457763672,14.039999961853027,14.020000457763672,14.029999732971191,457270,0.0,0.0,0.0
2025-01-22 01:45:00+00:00,14.029999732971191,14.050000190734863,14.029999732971191,14.039999961853027,157965,0.0,0.0,0.0
2025-01-22 01:50:00+00:00,14.050000190734863,14.050000190734863,14.039999961853027,14.050000190734863,413760,0.0,0.0,0.0
2025-01-22 01:55:00+00:00,14.050000190734863,14.0600004196167,14.050000190734863,14.050000190734863,32255,0.0,0.0,0.0
2025-01-22 02:00:00+00:00,14.050000190734863,14.0600004196167,14.050000190734863,14.050000190734863,332620,0.0,0.0,0.0
2025-01-22 02:05:00+00:00,14.050000190734863,14.069999694824219,14.050000190734863,14.0600004196167,70215,0.0,0.0,0.0
2025-01-22 02:10:00+00:00,14.0600004196167,14.069999694824219,14.0600004196167,14.069999694824219,78568,0.0,0.0,0.0
2025-01-22 02:15:00+00:00,14.0600004196167,14.069999694824219,14.0600004196167,14.069999694824219,85490,0.0,0.0,0.0
2025-01-22 02:20:00+00:00,14.069999694824219,14.069999694824219,14.0600004196167,14.069999694824219,89519,0.0,0.0,0.0
2025-01-22 02:25:00+00:00,14.069999694824219,14.069999694824219,14.0600004196167,14.069999694824219,46101,0.0,0.0,0.0
2025-01-22 02:30:00+00:00,14.0600004196167,14.069999694824219,14.0600004196167,14.069999694824219,158925,0.0,0.0,0.0
2025-01-22 02:35:00+00:00,14.069999694824219,14.069999694824219,14.050000190734863,14.050000190734863,69333,0.0,0.0,0.0
2025-01-22 02:40:00+00:00,14.0600004196167,14.0600004196167,14.050000190734863,14.050000190734863,43639,0.0,0.0,0.0
2025-01-22 02:45:00+00:00,14.0600004196167,14.0600004196167,14.050000190734863,14.050000190734863,34575,0.0,0.0,0.0
2025-01-22 02:50:00+00:00,14.050000190734863,14.0600004196167,14.050000190734863,14.050000190734863,40329,0.0,0.0,0.0
2025-01-22 02:55:00+00:00,14.050000190734863,14.0600004196167,14.039999961853027,14.039999961853027,106220,0.0,0.0,0.0
2025-01-22 03:00:00+00:00,14.039999961853027,14.039999961853027,14.039999961853027,14.039999961853027,28424,0.0,0.0,0.0
2025-01-22 03:05:00+00:00,14.039999961853027,14.050000190734863,14.039999961853027,14.039999961853027,24394,0.0,0.0,0.0
2025-01-22 03:10:00+00:00,14.050000190734863,14.050000190734863,14.039999961853027,14.039999961853027,49429,0.0,0.0,0.0
2025-01-22 03:15:00+00:00,14.039999961853027,14.050000190734863,14.039999961853027,14.039999961853027,80105,0.0,0.0,0.0
2025-01-22 03:20:00+00:00,14.039999961853027,14.039999961853027,14.039999961853027,14.039999961853027,43062,0.0,0.0,0.0
2025-01-22 03:25:00+00:00,14.039999961853027,14.050000190734863,14.039999961853027,14.039999961853027,19030,0.0,0.0,0.0
2025-01-22 03:30:00+00:00,14.039999961853027,14.050000190734863,14.029999732971191,14.050000190734863,142288,0.0,0.0,0.0
2025-01-22 03:35:00+00:00,14.039999961853027,14.039999961853027,14.039999961853027,14.039999961853027,18100,0.0,0.0,0.0
2025-01-22 03:40:00+00:00,14.039999961853027,14.050000190734863,14.039999961853027,14.050000190734863,41095,0.0,0.0,0.0
2025-01-22 03:45:00+00:00,14.050000190734863,14.050000190734863,14.039999961853027,14.039999961853027,137240,0.0,0.0,0.0
2025-01-22 03:50:00+00:00,14.039999961853027,14.039999961853027,14.039999961853027,14.039999961853027,4356,0.0,0.0,0.0
2025-01-22 03:55:00+00:00,14.039999961853027,14.050000190734863,14.039999961853027,14.039999961853027,43284,0.0,0.0,0.0
2025-01-22 04:00:00+00:00,14.039999961853027,14.050000190734863,14.039999961853027,14.050000190734863,44280,0.0,0.0,0.0
2025-01-22 04:05:00+00:00,14.050000190734863,14.050000190734863,14.050000190734863,14.050000190734863,62557,0.0,0.0,0.0
2025-01-22 04:10:00+00:00,14.050000190734863,14.050000190734863,14.039999961853027,14.050000190734863,16629,0.0,0.0,0.0
2025-01-22 04:15:00+00:00,14.050000190734863,14.050000190734863,14.039999961853027,14.039999961853027,38084,0.0,0.0,0.0
2025-01-22 04:20:00+00:00,14.039999961853027,14.050000190734863,14.039999961853027,14.050000190734863,17205,0.0,0.0,0.0
2025-01-22 04:25:00+00:00,14.050000190734863,14.050000190734863,14.039999961853027,14.039999961853027,18300,0.0,0.0,0.0
2025-01-22 04:30:00+00:00,14.050000190734863,14.050000190734863,14.039999961853027,14.050000190734863,83975,0.0,0.0,0.0
2025-01-22 04:35:00+00:00,14.050000190734863,14.0600004196167,14.050000190734863,14.050000190734863,343130,0.0,0.0,0.0
2025-01-22 04:40:00+00:00,14.050000190734863,14.0600004196167,14.050000190734863,14.0600004196167,42857,0.0,0.0,0.0
2025-01-22 04:45:00+00:00,14.0600004196167,14.0600004196167,14.050000190734863,14.0600004196167,329576,0.0,0.0,0.0
2025-01-22 04:50:00+00:00,14.0600004196167,14.069999694824219,14.050000190734863,14.0600004196167,55704,0.0,0.0,0.0
2025-01-22 04:55:00+00:00,14.0600004196167,14.0600004196167,14.050000190734863,14.0600004196167,19157,0.0,0.0,0.0
2025-01-22 05:00:00+00:00,14.0600004196167,14.0600004196167,14.050000190734863,14.050000190734863,62749,0.0,0.0,0.0
2025-01-22 05:05:00+00:00,14.050000190734863,14.0600004196167,14.050000190734863,14.050000190734863,221822,0.0,0.0,0.0
2025-01-22 05:10:00+00:00,14.050000190734863,14.0600004196167,14.050000190734863,14.0600004196167,227935,0.0,0.0,0.0
2025-01-22 05:15:00+00:00,14.0600004196167,14.069999694824219,14.0600004196167,14.069999694824219,118978,0.0,0.0,0.0
2025-01-22 05:20:00+00:00,14.0600004196167,14.069999694824219,14.0600004196167,14.069999694824219,84284,0.0,0.0,0.0
2025-02-03 01:00:00+00:00,13.470000267028809,13.489999771118164,13.460000038146973,13.489999771118164,0,0.0,0.0,0.0
2025-02-03 01:05:00+00:00,13.5,13.5600004196167,13.479999542236328,13.529999732971191,1552944,0.0,0.0,0.0
2025-02-03 01:10:00+00:00,13.539999961853027,13.630000114440918,13.529999732971191,13.630000114440918,482161,0.0,0.0,0.0
2025-02-03 01:15:00+00:00,13.619999885559082,13.640000343322754,13.609999656677246,13.619999885559082,1005362,0.0,0.0,0.0
2025-02-03 01:20:00+00:00,13.630000114440918,13.630000114440918,13.600000381469727,13.619999885559082,310423,0.0,0.0,0.0
2025-02-03 01:25:00+00:00,13.619999885559082,13.630000114440918,13.609999656677246,13.609999656677246,494933,0.0,0.0,0.0
2025-02-03 01:30:00+00:00,13.609999656677246,13.619999885559082,13.59000015258789,13.59000015258789,689105,0.0,0.0,0.0
2025-02-03 01:35:00+00:00,13.59000015258789,13.600000381469727,13.569999694824219,13.579999923706055,793357,0.0,0.0,0.0
2025-02-03 01:40:00+00:00,13.59000015258789,13.600000381469727,13.579999923706055,13.579999923706055,262973,0.0,0.0,0.0
2025-02-03 01:45:00+00:00,13.579999923706055,13.579999923706055,13.569999694824219,13.579999923706055,145046,0.0,0.0,0.0
2025-02-03 01:50:00+00:00,13.579999923706055,13.59000015258789,13.569999694824219,13.59000015258789,89432,0.0,0.0,0.0
2025-02-03 01:55:00+00:00,13.59000015258789,13.59000015258789,13.5600004196167,13.569999694824219,414240,0.0,0.0,0.0
2025-02-03 02:00:00+00:00,13.569999694824219,13.579999923706055,13.569999694824219,13.579999923706055,125835,0.0,0.0,0.0
2025-02-03 02:05:00+00:00,13.579999923706055,13.579999923706055,13.5600004196167,13.569999694824219,166498,0.0,0.0,0.0
2025-02-03 02:10:00+00:00,13.569999694824219,13.569999694824219,13.550000190734863,13.5600004196167,650806,0.0,0.0,0.0
2025-02-03 02:15:00+00:00,13.5600004196167,13.569999694824219,13.550000190734863,13.550000190734863,477182,0.0,0.0,0.0
2025-02-03 02:20:00+00:00,13.550000190734863,13.550000190734863,13.539999961853027,13.550000190734863,111164,0.0,0.0,0.0
2025-02-03 02:25:00+00:00,13.5600004196167,13.569999694824219,13.5600004196167,13.569999694824219,27375,0.0,0.0,0.0
2025-02-03 02:30:00+00:00,13.5600004196167,13.569999694824219,13.5600004196167,13.569999694824219,143370,0.0,0.0,0.0
2025-02-03 02:35:00+00:00,13.569999694824219,13.569999694824219,13.550000190734863,13.5600004196167,199938,0.0,0.0,0.0
2025-02-03 02:40:00+00:00,13.5600004196167,13.5600004196167,13.539999961853027,13.550000190734863,376113,0.0,0.0,0.0
2025-02-03 02:45:00+00:00,13.539999961853027,13.550000190734863,13.539999961853027,13.550000190734863,35755,0.0,0.0,0.0
2025-02-03 02:50:00+00:00,13.550000190734863,13.550000190734863,13.529999732971191,13.539999961853027,183487,0.0,0.0,0.0
2025-02-03 02:55:00+00:00,13.539999961853027,13.550000190734863,13.539999961853027,13.550000190734863,34774,0.0,0.0,0.0
2025-02-03 03:00:00+00:00,13.550000190734863,13.550000190734863,13.539999961853027,13.539999961853027,180992,0.0,0.0,0.0
2025-02-03 03:05:00+00:00,13.539999961853027,13.539999961853027,13.529999732971191,13.539999961853027,78082,0.0,0.0,0.0
2025-02-03 03:10:00+00:00,13.529999732971191,13.550000190734863,13.529999732971191,13.539999961853027,133793,0.0,0.0,0.0
2025-02-03 03:15:00+00:00,13.539999961853027,13.550000190734863,13.539999961853027,13.550000190734863,85406,0.0,0.0,0.0
2025-02-03 03:20:00+00:00,13.550000190734863,13.550000190734863,13.539999961853027,13.550000190734863,40713,0.0,0.0,0.0
2025-02-03 03:25:00+00:00,13.550000190734863,13.550000190734863,13.550000190734863,13.550000190734863,71543,0.0,0.0,0.0
2025-02-03 03:30:00+00:00,13.550000190734863,13.5600004196167,13.539999961853027,13.5600004196167,226635,0.0,0.0,0.0
2025-02-03 03:35:00+00:00,13.5600004196167,13.5600004196167,13.5600004196167,13.5600004196167,29644,0.0,0.0,0.0
2025-02-03 03:40:00+00:00,13.5600004196167,13.5600004196167,13.550000190734863,13.5600004196167,77310,0.0,0.0,0.0
2025-02-03 03:45:00+00:00,13.5600004196167,13.5600004196167,13.550000190734863,13.5600004196167,59922,0.0,0.0,0.0
2025-02-03 03:50:00+00:00,13.5600004196167,13.5600004196167,13.5600004196167,13.5600004196167,47401,0.0,0.0,0.0
2025-02-03 03:55:00+00:00,13.5600004196167,13.5600004196167,13.550000190734863,13.5600004196167,65404,0.0,0.0,0.0
2025-02-03 04:00:00+00:00,13.5600004196167,13.569999694824219,13.550000190734863,13.5600004196167,84506,0.0,0.0,0.0
2025-02-03 04:05:00+00:00,13.5600004196167,13.5600004196167,13.550000190734863,13.550000190734863,459267,0.0,0.0,0.0
2025-02-03 04:10:00+00:00,13.539999961853027,13.5600004196167,13.539999961853027,13.5600004196167,124834,0.0,0.0,0.0
2025-02-03 04:15:00+00:00,13.5600004196167,13.569999694824219,13.550000190734863,13.5600004196167,31705,0.0,0.0,0.0
2025-02-03 04:20:00+00:00,13.569999694824219,13.569999694824219,13.5600004196167,13.569999694824219,208045,0.0,0.0,0.0
2025-02-03 04:25:00+00:00,13.569999694824219,13.569999694824219,13.5600004196167,13.5600004196167,127236,0.0,0.0,0.0
2025-02-03 04:30:00+00:00,13.5600004196167,13.569999694824219,13.5600004196167,13.569999694824219,53796,0.0,0.0,0.0
2025-02-03 04:35:00+00:00,13.569999694824219,13.569999694824219,13.539999961853027,13.550000190734863,312618,0.0,0.0,0.0
2025-02-03 04:40:00+00:00,13.550000190734863,13.5600004196167,13.550000190734863,13.5600004196167,25377,0.0,0.0,0.0
2025-02-03 04:45:00+00:00,13.5600004196167,13.569999694824219,13.550000190734863,13.569999694824219,51521,0.0,0.0,0.0
2025-02-03 04:50:00+00:00,13.569999694824219,13.579999923706055,13.5600004196167,13.579999923706055,97590,0.0,0.0,0.0
2025-02-03 04:55:00+00:00,13.569999694824219,13.579999923706055,13.569999694824219,13.579999923706055,113478,0.0,0.0,0.0
2025-02-03 05:00:00+00:00,13.579999923706055,13.579999923706055,13.569999694824219,13.579999923706055,104463,0.0,0.0,0.0
2025-02-03 05:05:00+00:00,13.579999923706055,13.579999923706055,13.569999694824219,13.579999923706055,313650,0.0,0.0,0.0
2025-02-03 05:10:00+00:00,13.579999923706055,13.579999923706055,13.569999694824219,13.579999923706055,194983,0.0,0.0,0.0
2025-02-03 05:15:00+00:00,13.579999923706055,13.579999923706055,13.5600004196167,13.569999694824219,139466,0.0,0.0,0.0
2025-02-03 05:20:00+00:00,13.569999694824219,13.579999923706055,13.5600004196167,13.579999923706055,181726,0.0,0.0,0.0
2025-02-04 01:00:00+00:00,13.699999809265137,13.699999809265137,13.670000076293945,13.670000076293945,0,0.0,0.0,0.0
2025-02-04 01:05:00+00:00,13.670000076293945,13.680000305175781,13.640000343322754,13.649999618530273,219887,0.0,0.0,0.0
2025-02-04 01:10:00+00:00,13.65999984741211,13.65999984741211,13.640000343322754,13.649999618530273,44097,0.0,0.0,0.0
2025-02-04 01:15:00+00:00,13.649999618530273,13.649999618530273,13.640000343322754,13.649999618530273,143355,0.0,0.0,0.0
2025-02-04 01:20:00+00:00,13.649999618530273,13.65999984741211,13.640000343322754,13.65999984741211,50055,0.0,0.0,0.0
2025-02-04 01:25:00+00:00,13.65999984741211,13.65999984741211,13.640000343322754,13.649999618530273,207146,0.0,0.0,0.0
2025-02-04 01:30:00+00:00,13.649999618530273,13.649999618530273,13.630000114440918,13.630000114440918,83057,0.0,0.0,0.0
2025-02-04 01:35:00+00:00,13.630000114440918,13.630000114440918,13.619999885559082,13.619999885559082,141079,0.0,0.0,0.0
2025-02-04 01:40:00+00:00,13.619999885559082,13.619999885559082,13.619999885559082,13.619999885559082,31140,0.0,0.0,0.0
2025-02-04 01:45:00+00:00,13.609999656677246,13.619999885559082,13.609999656677246,13.609999656677246,140811,0.0,0.0,0.0
2025-02-04 01:50:00+00:00,13.609999656677246,13.619999885559082,13.600000381469727,13.619999885559082,62383,0.0,0.0,0.0
2025-02-04 01:55:00+00:00,13.619999885559082,13.619999885559082,13.619999885559082,13.619999885559082,36258,0.0,0.0,0.0
2025-02-04 02:00:00+00:00,13.619999885559082,13.630000114440918,13.619999885559082,13.630000114440918,22660,0.0,0.0,0.0
2025-02-04 02:05:00+00:00,13.640000343322754,13.640000343322754,13.630000114440918,13.640000343322754,25161,0.0,0.0,0.0
2025-02-04 02:10:00+00:00,13.640000343322754,13.640000343322754,13.630000114440918,13.630000114440918,24652,0.0,0.0,0.0
2025-02-04 02:15:00+00:00,13.630000114440918,13.640000343322754,13.630000114440918,13.640000343322754,6203,0.0,0.0,0.0
2025-02-04 02:20:00+00:00,13.640000343322754,13.640000343322754,13.630000114440918,13.630000114440918,76291,0.0,0.0,0.0
2025-02-04 02:25:00+00:00,13.630000114440918,13.630000114440918,13.619999885559082,13.619999885559082,39486,0.0,0.0,0.0
2025-02-04 02:30:00+00:00,13.619999885559082,13.630000114440918,13.619999885559082,13.630000114440918,5119,0.0,0.0,0.0
2025-02-04 02:35:00+00:00,13.630000114440918,13.630000114440918,13.619999885559082,13.619999885559082,15017,0.0,0.0,0.0
2025-02-04 02:40:00+00:00,13.619999885559082,13.619999885559082,13.609999656677246,13.619999885559082,41962,0.0,0.0,0.0
2025-02-04 02:45:00+00:00,13.619999885559082,13.619999885559082,13.609999656677246,13.619999885559082,52716,0.0,0.0,0.0
2025-02-04 02:50:00+00:00,13.619999885559082,13.619999885559082,13.609999656677246,13.619999885559082,21015,0.0,0.0,0.0
2025-02-04 02:55:00+00:00,13.619999885559082,13.619999885559082,13.619999885559082,13.619999885559082,12024,0.0,0.0,0.0
2025-02-04 03:00:00+00:00,13.630000114440918,13.630000114440918,13.619999885559082,13.619999885559082,32344,0.0,0.0,0.0
2025-02-04 03:05:00+00:00,13.630000114440918,13.630000114440918,13.619999885559082,13.619999885559082,17129,0.0,0.0,0.0
2025-02-04 03:10:00+00:00,13.619999885559082,13.619999885559082,13.619999885559082,13.619999885559082,55669,0.0,0.0,0.0
2025-02-04 03:15:00+00:00,13.619999885559082,13.619999885559082,13.619999885559082,13.619999885559082,3682,0.0,0.0,0.0
2025-02-04 03:20:00+00:00,13.619999885559082,13.619999885559082,13.619999885559082,13.619999885559082,36029,0.0,0.0,0.0
2025-02-04 03:25:00+00:00,13.619999885559082,13.619999885559082,13.609999656677246,13.619999885559082,37841,0.0,0.0,0.0
2025-02-04 03:30:00+00:00,13.619999885559082,13.619999885559082,13.600000381469727,13.600000381469727,120731,0.0,0.0,0.0
2025-02-04 03:35:00+00:00,13.609999656677246,13.619999885559082,13.609999656677246,13.609999656677246,112560,0.0,0.0,0.0
2025-02-04 03:40:00+00:00,13.609999656677246,13.609999656677246,13.600000381469727,13.609999656677246,308330,0.0,0.0,0.0
2025-02-04 03:45:00+00:00,13.609999656677246,13.609999656677246,13.609999656677246,13.609999656677246,2841,0.0,0.0,0.0
2025-02-04 03:50:00+00:00,13.600000381469727,13.600000381469727,13.600000381469727,13.600000381469727,45829,0.0,0.0,0.0
2025-02-04 03:55:00+00:00,13.600000381469727,13.600000381469727,13.59000015258789,13.59000015258789,12142,0.0,0.0,0.0
2025-02-04 04:00:00+00:00,13.600000381469727,13.600000381469727,13.59000015258789,13.59000015258789,24256,0.0,0.0,0.0
2025-02-04 04:05:00+00:00,13.600000381469727,13.600000381469727,13.59000015258789,13.600000381469727,15764,0.0,0.0,0.0
2025-02-04 04:10:00+00:00,13.600000381469727,13.600000381469727,13.59000015258789,13.59000015258789,54668,0.0,0.0,0.0
2025-02-04 04:15:00+00:00,13.59000015258789,13.59000015258789,13.579999923706055,13.59000015258789,11824,0.0,0.0,0.0
2025-02-04 04:20:00+00:00,13.59000015258789,13.59000015258789,13.579999923706055,13.59000015258789,238277,0.0,0.0,0.0
2025-02-04 04:25:00+00:00,13.59000015258789,13.619999885559082,13.59000015258789,13.619999885559082,45744,0.0,0.0,0.0
2025-02-04 04:30:00+00:00,13.619999885559082,13.619999885559082,13.609999656677246,13.609999656677246,57781,0.0,0.0,0.0
2025-02-04 04:35:00+00:00,13.609999656677246,13.619999885559082,13.609999656677246,13.609999656677246,12280,0.0,0.0,0.0
2025-02-04 04:40:00+00:00,13.619999885559082,13.619999885559082,13.609999656677246,13.609999656677246,21267,0.0,0.0,0.0
2025-02-04 04:45:00+00:00,13.619999885559082,13.619999885559082,13.609999656677246,13.619999885559082,13380,0.0,0.0,0.0
2025-02-04 04:50:00+00:00,13.609999656677246,13.609999656677246,13.600000381469727,13.600000381469727,64834,0.0,0.0,0.0
2025-02-04 04:55:00+00:00,13.609999656677246,13.609999656677246,13.609999656677246,13.609999656677246,24713,0.0,0.0,0.0
2025-02-04 05:00:00+00:00,13.609999656677246,13.619999885559082,13.600000381469727,13.609999656677246,33223,0.0,0.0,0.0
2025-02-04 05:05:00+00:00,13.600000381469727,13.600000381469727,13.579999923706055,13.579999923706055,517257,0.0,0.0,0.0
2025-02-04 05:10:00+00:00,13.579999923706055,13.579999923706055,13.5600004196167,13.569999694824219,113602,0.0,0.0,0.0
2025-02-04 05:15:00+00:00,13.579999923706055,13.579999923706055,13.5600004196167,13.5600004196167,50971,0.0,0.0,0.0
2025-02-04 05:20:00+00:00,13.569999694824219,13.569999694824219,13.550000190734863,13.5600004196167,394319,0.0,0.0,0.0
2025-02-05 01:00:00+00:00,13.65999984741211,13.710000038146973,13.65999984741211,13.710000038146973,0,0.0,0.0,0.0
2025-02-05 01:05:00+00:00,13.720000267028809,13.739999771118164,13.710000038146973,13.739999771118164,281544,0.0,0.0,0.0
2025-02-05 01:10:00+00:00,13.739999771118164,13.770000457763672,13.729999542236328,13.770000457763672,242291,0.0,0.0,0.0
2025-02-05 01:15:00+00:00,13.760000228881836,13.779999732971191,13.760000228881836,13.770000457763672,108121,0.0,0.0,0.0
2025-02-05 01:20:00+00:00,13.770000457763672,13.770000457763672,13.760000228881836,13.760000228881836,199540,0.0,0.0,0.0
2025-02-05 01:25:00+00:00,13.760000228881836,13.789999961853027,13.760000228881836,13.789999961853027,199991,0.0,0.0,0.0
2025-02-05 01:30:00+00:00,13.789999961853027,13.789999961853027,13.770000457763672,13.770000457763672,41166,0.0,0.0,0.0
2025-02-05 01:35:00+00:00,13.770000457763672,13.779999732971191,13.760000228881836,13.779999732971191,114872,0.0,0.0,0.0
2025-02-05 01:40:00+00:00,13.779999732971191,13.789999961853027,13.779999732971191,13.779999732971191,83824,0.0,0.0,0.0
2025-02-05 01:45:00+00:00,13.789999961853027,13.789999961853027,13.770000457763672,13.770000457763672,76133,0.0,0.0,0.0
2025-02-05 01:50:00+00:00,13.770000457763672,13.779999732971191,13.770000457763672,13.770000457763672,62321,0.0,0.0,0.0
2025-02-05 01:55:00+00:00,13.779999732971191,13.779999732971191,13.760000228881836,13.760000228881836,80078,0.0,0.0,0.0
2025-02-05 02:00:00+00:00,13.779999732971191,13.779999732971191,13.760000228881836,13.760000228881836,15319,0.0,0.0,0.0
2025-02-05 02:05:00+00:00,13.770000457763672,13.770000457763672,13.760000228881836,13.770000457763672,15011,0.0,0.0,0.0
2025-02-05 02:10:00+00:00,13.770000457763672,13.800000190734863,13.770000457763672,13.800000190734863,528014,0.0,0.0,0.0
2025-02-05 02:15:00+00:00,13.8100004196167,13.8100004196167,13.800000190734863,13.800000190734863,47479,0.0,0.0,0.0
2025-02-05 02:20:00+00:00,13.800000190734863,13.800000190734863,13.789999961853027,13.789999961853027,20681,0.0,0.0,0.0
2025-02-05 02:25:00+00:00,13.789999961853027,13.789999961853027,13.779999732971191,13.789999961853027,20337,0.0,0.0,0.0
2025-02-05 02:30:00+00:00,13.789999961853027,13.800000190734863,13.779999732971191,13.789999961853027,45802,0.0,0.0,0.0
2025-02-05 02:35:00+00:00,13.789999961853027,13.789999961853027,13.779999732971191,13.779999732971191,13056,0.0,0.0,0.0
2025-02-05 02:40:00+00:00,13.779999732971191,13.779999732971191,13.779999732971191,13.779999732971191,18588,0.0,0.0,0.0
2025-02-05 02:45:00+00:00,13.789999961853027,13.800000190734863,13.779999732971191,13.800000190734863,135266,0.0,0.0,0.0
2025-02-05 02:50:00+00:00,13.800000190734863,13.8100004196167,13.779999732971191,13.800000190734863,29022,0.0,0.0,0.0
2025-02-05 02:55:00+00:00,13.8100004196167,13.8100004196167,13.800000190734863,13.8100004196167,24449,0.0,0.0,0.0
2025-02-05 03:00:00+00:00,13.8100004196167,13.8100004196167,13.800000190734863,13.800000190734863,24106,0.0,0.0,0.0
2025-02-05 03:05:00+00:00,13.800000190734863,13.800000190734863,13.800000190734863,13.800000190734863,13517,0.0,0.0,0.0
2025-02-05 03:10:00+00:00,13.800000190734863,13.8100004196167,13.800000190734863,13.8100004196167,14767,0.0,0.0,0.0
2025-02-05 03:15:00+00:00,13.8100004196167,13.8100004196167,13.800000190734863,13.8100004196167,32422,0.0,0.0,0.0
2025-02-05 03:20:00+00:00,13.800000190734863,13.8100004196167,13.800000190734863,13.800000190734863,27067,0.0,0.0,0.0
2025-02-05 03:25:00+00:00,13.800000190734863,13.800000190734863,13.800000190734863,13.800000190734863,28153,0.0,0.0,0.0
2025-02-05 03:30:00+00:00,13.8100004196167,13.8100004196167,13.800000190734863,13.8100004196167,23540,0.0,0.0,0.0
2025-02-05 03:35:00+00:00,13.800000190734863,13.8100004196167,13.800000190734863,13.800000190734863,8046,0.0,0.0,0.0
2025-02-05 03:40:00+00:00,13.800000190734863,13.800000190734863,13.800000190734863,13.800000190734863,9152,0.0,0.0,0.0
2025-02-05 03:45:00+00:00,13.8100004196167,13.8100004196167,13.789999961853027,13.800000190734863,32291,0.0,0.0,0.0
2025-02-05 03:50:00+00:00,13.800000190734863,13.800000190734863,13.789999961853027,13.789999961853027,13191,0.0,0.0,0.0
2025-02-05 03:55:00+00:00,13.789999961853027,13.800000190734863,13.789999961853027,13.800000190734863,24483,0.0,0.0,0.0
2025-02-05 04:00:00+00:00,13.800000190734863,13.800000190734863,13.789999961853027,13.789999961853027,23919,0.0,0.0,0.0
2025-02-05 04:05:00+00:00,13.789999961853027,13.800000190734863,13.789999961853027,13.800000190734863,6726,0.0,0.0,0.0
2025-02-05 04:10:00+00:00,13.789999961853027,13.789999961853027,13.789999961853027,13.789999961853027,12122,0.0,0.0,0.0
2025-02-05 04:15:00+00:00,13.789999961853027,13.800000190734863,13.789999961853027,13.800000190734863,41359,0.0,0.0,0.0
2025-02-05 04:20:00+00:00,13.800000190734863,13.800000190734863,13.779999732971191,13.779999732971191,25889,0.0,0.0,0.0
2025-02-05 04:25:00+00:00,13.800000190734863,13.800000190734863,13.779999732971191,13.789999961853027,35120,0.0,0.0,0.0
2025-02-05 04:30:00+00:00,13.800000190734863,13.800000190734863,13.789999961853027,13.800000190734863,13405,0.0,0.0,0.0
2025-02-05 04:35:00+00:00,13.800000190734863,13.800000190734863,13.789999961853027,13.789999961853027,15172,0.0,0.0,0.0
2025-02-05 04:40:00+00:00,13.789999961853027,13.8100004196167,13.789999961853027,13.8100004196167,213179,0.0,0.0,0.0
2025-02-05 04:45:00+00:00,13.8100004196167,13.819999694824219,13.8100004196167,13.8100004196167,20733,0.0,0.0,0.0
2025-02-05 04:50:00+00:00,13.8100004196167,13.8100004196167,13.800000190734863,13.8100004196167,19521,0.0,0.0,0.0
2025-02-05 04:55:00+00:00,13.800000190734863,13.800000190734863,13.789999961853027,13.800000190734863,27489,0.0,0.0,0.0
2025-02-05 05:00:00+00:00,13.800000190734863,13.800000190734863,13.789999961853027,13.789999961853027,44182,0.0,0.0,0.0
2025-02-05 05:05:00+00:00,13.789999961853027,13.800000190734863,13.770000457763672,13.779999732971191,85183,0.0,0.0,0.0
2025-02-05 05:10:00+00:00,13.770000457763672,13.779999732971191,13.770000457763672,13.779999732971191,33065,0.0,0.0,0.0
2025-02-05 05:15:00+00:00,13.779999732971191,13.789999961853027,13.779999732971191,13.779999732971191,16846,0.0,0.0,0.0
2025-02-05 05:20:00+00:00,13.770000457763672,13.779999732971191,13.770000457763672,13.779999732971191,16865,0.0,0.0,0.0
2025-02-06 01:00:00+00:00,13.84000015258789,13.890000343322754,13.84000015258789,13.890000343322754,0,0.0,0.0,0.0
2025-02-06 01:05:00+00:00,13.880000114440918,13.890000343322754,13.869999885559082,13.869999885559082,66202,0.0,0.0,0.0
2025-02-06 01:10:00+00:00,13.869999885559082,13.890000343322754,13.869999885559082,13.890000343322754,536190,0.0,0.0,0.0
2025-02-06 01:15:00+00:00,13.890000343322754,13.899999618530273,13.880000114440918,13.890000343322754,135658,0.0,0.0,0.0
2025-02-06 01:20:00+00:00,13.890000343322754,13.899999618530273,13.880000114440918,13.890000343322754,60568,0.0,0.0,0.0
2025-02-06 01:25:00+00:00,13.890000343322754,13.890000343322754,13.869999885559082,13.869999885559082,58773,0.0,0.0,0.0
2025-02-06 01:30:00+00:00,13.880000114440918,13.880000114440918,13.869999885559082,13.869999885559082,39659,0.0,0.0,0.0
2025-02-06 01:35:00+00:00,13.869999885559082,13.880000114440918,13.869999885559082,13.880000114440918,92549,0.0,0.0,0.0
2025-02-06 01:40:00+00:00,13.869999885559082,13.869999885559082,13.859999656677246,13.859999656677246,24345,0.0,0.0,0.0
2025-02-06 01:45:00+00:00,13.859999656677246,13.869999885559082,13.859999656677246,13.869999885559082,47202,0.0,0.0,0.0
2025-02-06 01:50:00+00:00,13.869999885559082,13.869999885559082,13.869999885559082,13.869999885559082,26539,0.0,0.0,0.0
2025-02-06 01:55:00+00:00,13.869999885559082,13.880000114440918,13.859999656677246,13.869999885559082,13260,0.0,0.0,0.0
2025-02-06 02:00:00+00:00,13.880000114440918,13.880000114440918,13.869999885559082,13.869999885559082,47642,0.0,0.0,0.0
2025-02-06 02:05:00+00:00,13.869999885559082,13.880000114440918,13.859999656677246,13.859999656677246,67611,0.0,0.0,0.0
2025-02-06 02:10:00+00:00,13.850000381469727,13.859999656677246,13.84000015258789,13.84000015258789,49186,0.0,0.0,0.0
2025-02-06 02:15:00+00:00,13.850000381469727,13.850000381469727,13.84000015258789,13.84000015258789,72427,0.0,0.0,0.0
2025-02-06 02:20:00+00:00,13.84000015258789,13.850000381469727,13.84000015258789,13.850000381469727,54243,0.0,0.0,0.0
2025-02-06 02:25:00+00:00,13.850000381469727,13.850000381469727,13.84000015258789,13.850000381469727,34028,0.0,0.0,0.0
2025-02-06 02:30:00+00:00,13.850000381469727,13.850000381469727,13.850000381469727,13.850000381469727,11531,0.0,0.0,0.0
2025-02-06 02:35:00+00:00,13.850000381469727,13.850000381469727,13.84000015258789,13.84000015258789,38008,0.0,0.0,0.0
2025-02-06 02:40:00+00:00,13.850000381469727,13.850000381469727,13.829999923706055,13.829999923706055,36402,0.0,0.0,0.0
2025-02-06 02:45:00+00:00,13.84000015258789,13.84000015258789,13.829999923706055,13.829999923706055,449497,0.0,0.0,0.0
2025-02-06 02:50:00+00:00,13.829999923706055,13.84000015258789,13.829999923706055,13.84000015258789,4507,0.0,0.0,0.0
2025-02-06 02:55:00+00:00,13.829999923706055,13.84000015258789,13.829999923706055,13.829999923706055,10008,0.0,0.0,0.0
2025-02-06 03:00:00+00:00,13.829999923706055,13.84000015258789,13.829999923706055,13.829999923706055,33476,0.0,0.0,0.0
2025-02-06 03:05:00+00:00,13.84000015258789,13.84000015258789,13.829999923706055,13.829999923706055,18237,0.0,0.0,0.0
2025-02-06 03:10:00+00:00,13.829999923706055,13.829999923706055,13.829999923706055,13.829999923706055,3308,0.0,0.0,0.0
2025-02-06 03:15:00+00:00,13.829999923706055,13.829999923706055,13.819999694824219,13.829999923706055,20508,0.0,0.0,0.0
2025-02-06 03:20:00+00:00,13.819999694824219,13.829999923706055,13.819999694824219,13.829999923706055,25351,0.0,0.0,0.0
2025-02-06 03:25:00+00:00,13.829999923706055,13.829999923706055,13.829999923706055,13.829999923706055,4018,0.0,0.0,0.0
2025-02-06 03:30:00+00:00,13.829999923706055,13.829999923706055,13.819999694824219,13.829999923706055,31123,0.0,0.0,0.0
2025-02-06 03:35:00+00:00,13.819999694824219,13.829999923706055,13.819999694824219,13.829999923706055,24272,0.0,0.0,0.0
2025-02-06 03:40:00+00:00,13.829999923706055,13.829999923706055,13.819999694824219,13.819999694824219,48582,0.0,0.0,0.0
2025-02-06 03:45:00+00:00,13.829999923706055,13.829999923706055,13.829999923706055,13.829999923706055,35042,0.0,0.0,0.0
2025-02-06 03:50:00+00:00,13.829999923706055,13.84000015258789,13.829999923706055,13.84000015258789,21030,0.0,0.0,0.0
2025-02-06 03:55:00+00:00,13.84000015258789,13.850000381469727,13.829999923706055,13.850000381469727,52713,0.0,0.0,0.0
2025-02-06 04:00:00+00:00,13.850000381469727,13.850000381469727,13.850000381469727,13.850000381469727,27080,0.0,0.0,0.0
2025-02-06 04:05:00+00:00,13.850000381469727,13.850000381469727,13.829999923706055,13.850000381469727,29426,0.0,0.0,0.0
2025-02-06 04:10:00+00:00,13.850000381469727,13.850000381469727,13.84000015258789,13.84000015258789,23087,0.0,0.0,0.0
2025-02-06 04:15:00+00:00,13.850000381469727,13.850000381469727,13.84000015258789,13.84000015258789,27686,0.0,0.0,0.0
2025-02-06 04:20:00+00:00,13.850000381469727,13.850000381469727,13.84000015258789,13.850000381469727,34076,0.0,0.0,0.0
2025-02-06 04:25:00+00:00,13.850000381469727,13.850000381469727,13.84000015258789,13.850000381469727,35391,0.0,0.0,0.0
2025-02-06 04:30:00+00:00,13.850000381469727,13.859999656677246,13.850000381469727,13.859999656677246,35395,0.0,0.0,0.0
2025-02-06 04:35:00+00:00,13.859999656677246,13.859999656677246,13.850000381469727,13.850000381469727,37259,0.0,0.0,0.0
2025-02-06 04:40:00+00:00,13.850000381469727,13.850000381469727,13.850000381469727,13.850000381469727,2000,0.0,0.0,0.0
2025-02-06 04:45:00+00:00,13.84000015258789,13.84000015258789,13.84000015258789,13.84000015258789,3145,0.0,0.0,0.0
2025-02-06 04:50:00+00:00,13.84000015258789,13.850000381469727,13.84000015258789,13.84000015258789,12642,0.0,0.0,0.0
2025-02-06 04:55:00+00:00,13.84000015258789,13.850000381469727,13.84000015258789,13.850000381469727,24319,0.0,0.0,0.0
2025-02-06 05:00:00+00:00,13.850000381469727,13.850000381469727,13.84000015258789,13.84000015258789,5600,0.0,0.0,0.0
2025-02-06 05:05:00+00:00,13.850000381469727,13.850000381469727,13.829999923706055,13.829999923706055,51382,0.0,0.0,0.0
2025-02-06 05:10:00+00:00,13.829999923706055,13.829999923706055,13.829999923706055,13.829999923706055,23665,0.0,0.0,0.0
2025-02-06 05:15:00+00:00,13.84000015258789,13.84000015258789,13.819999694824219,13.819999694824219,124705,0.0,0.0,0.0
2025-02-06 05:20:00+00:00,13.819999694824219,13.819999694824219,13.819999694824219,13.819999694824219,31602,0.0,0.0,0.0
2025-02-07 01:00:00+00:00,13.829999923706055,13.859999656677246,13.8100004196167,13.859999656677246,0,0.0,0.0,0.0
2025-02-07 01:05:00+00:00,13.859999656677246,13.869999885559082,13.859999656677246,13.859999656677246,132033,0.0,0.0,0.0
2025-02-07 01:10:00+00:00,13.859999656677246,13.859999656677246,13.84000015258789,13.850000381469727,242934,0.0,0.0,0.0
2025-02-07 01:15:00+00:00,13.850000381469727,13.859999656677246,13.84000015258789,13.859999656677246,376420,0.0,0.0,0.0
2025-02-07 01:20:00+00:00,13.850000381469727,13.850000381469727,13.84000015258789,13.850000381469727,108652,0.0,0.0,0.0
2025-02-07 01:25:00+00:00,13.859999656677246,13.859999656677246,13.850000381469727,13.859999656677246,29694,0.0,0.0,0.0
2025-02-07 01:30:00+00:00,13.859999656677246,13.859999656677246,13.829999923706055,13.829999923706055,48164,0.0,0.0,0.0
2025-02-07 01:35:00+00:00,13.829999923706055,13.84000015258789,13.819999694824219,13.84000015258789,47431,0.0,0.0,0.0
2025-02-07 01:40:00+00:00,13.84000015258789,13.84000015258789,13.829999923706055,13.84000015258789,96272,0.0,0.0,0.0
2025-02-07 01:45:00+00:00,13.84000015258789,13.850000381469727,13.84000015258789,13.850000381469727,164040,0.0,0.0,0.0
2025-02-07 01:50:00+00:00,13.850000381469727,13.850000381469727,13.850000381469727,13.850000381469727,92804,0.0,0.0,0.0
2025-02-07 01:55:00+00:00,13.850000381469727,13.869999885559082,13.850000381469727,13.859999656677246,291263,0.0,0.0,0.0
2025-02-07 02:00:00+00:00,13.859999656677246,13.880000114440918,13.859999656677246,13.869999885559082,35386,0.0,0.0,0.0
2025-02-07 02:05:00+00:00,13.869999885559082,13.880000114440918,13.869999885559082,13.880000114440918,13268,0.0,0.0,0.0
2025-02-07 02:10:00+00:00,13.869999885559082,13.869999885559082,13.869999885559082,13.869999885559082,40360,0.0,0.0,0.0
2025-02-07 02:15:00+00:00,13.880000114440918,13.880000114440918,13.869999885559082,13.869999885559082,45945,0.0,0.0,0.0
2025-02-07 02:20:00+00:00,13.880000114440918,13.880000114440918,13.869999885559082,13.869999885559082,62076,0.0,0.0,0.0
2025-02-07 02:25:00+00:00,13.869999885559082,13.880000114440918,13.869999885559082,13.869999885559082,65257,0.0,0.0,0.0
2025-02-07 02:30:00+00:00,13.869999885559082,13.880000114440918,13.869999885559082,13.880000114440918,17030,0.0,0.0,0.0
2025-02-07 02:35:00+00:00,13.880000114440918,13.880000114440918,13.869999885559082,13.869999885559082,71154,0.0,0.0,0.0
2025-02-07 02:40:00+00:00,13.880000114440918,13.880000114440918,13.869999885559082,13.869999885559082,43035,0.0,0.0,0.0
2025-02-07 02:45:00+00:00,13.880000114440918,13.880000114440918,13.869999885559082,13.869999885559082,36394,0.0,0.0,0.0
2025-02-07 02:50:00+00:00,13.869999885559082,13.880000114440918,13.869999885559082,13.869999885559082,62021,0.0,0.0,0.0
2025-02-07 02:55:00+00:00,13.869999885559082,13.880000114440918,13.869999885559082,13.880000114440918,78053,0.0,0.0,0.0
2025-02-07 03:00:00+00:00,13.880000114440918,13.880000114440918,13.880000114440918,13.880000114440918,83687,0.0,0.0,0.0
2025-02-07 03:05:00+00:00,13.880000114440918,13.880000114440918,13.869999885559082,13.880000114440918,445311,0.0,0.0,0.0
2025-02-07 03:10:00+00:00,13.890000343322754,13.890000343322754,13.880000114440918,13.890000343322754,19041,0.0,0.0,0.0
2025-02-07 03:15:00+00:00,13.890000343322754,13.890000343322754,13.890000343322754,13.890000343322754,10440,0.0,0.0,0.0
2025-02-07 03:20:00+00:00,13.890000343322754,13.890000343322754,13.890000343322754,13.890000343322754,73315,0.0,0.0,0.0
2025-02-07 03:25:00+00:00,13.890000343322754,13.899999618530273,13.890000343322754,13.890000343322754,11179,0.0,0.0,0.0
2025-02-07 03:30:00+00:00,13.899999618530273,13.899999618530273,13.890000343322754,13.890000343322754,53970,0.0,0.0,0.0
2025-02-07 03:35:00+00:00,13.899999618530273,13.899999618530273,13.890000343322754,13.899999618530273,44226,0.0,0.0,0.0
2025-02-07 03:40:00+00:00,13.899999618530273,13.899999618530273,13.890000343322754,13.899999618530273,225295,0.0,0.0,0.0
2025-02-07 03:45:00+00:00,13.899999618530273,13.899999618530273,13.890000343322754,13.899999618530273,13672,0.0,0.0,0.0
2025-02-07 03:50:00+00:00,13.890000343322754,13.899999618530273,13.890000343322754,13.899999618530273,32602,0.0,0.0,0.0
2025-02-07 03:55:00+00:00,13.890000343322754,13.899999618530273,13.890000343322754,13.899999618530273,17458,0.0,0.0,0.0
2025-02-07 04:00:00+00:00,13.899999618530273,13.899999618530273,13.890000343322754,13.890000343322754,11756,0.0,0.0,0.0
2025-02-07 04:05:00+00:00,13.890000343322754,13.890000343322754,13.890000343322754,13.890000343322754,22116,0.0,0.0,0.0
2025-02-07 04:10:00+00:00,13.890000343322754,13.899999618530273,13.890000343322754,13.899999618530273,30038,0.0,0.0,0.0
2025-02-07 04:15:00+00:00,13.899999618530273,13.899999618530273,13.890000343322754,13.890000343322754,20711,0.0,0.0,0.0
2025-02-07 04:20:00+00:00,13.890000343322754,13.899999618530273,13.890000343322754,13.890000343322754,35222,0.0,0.0,0.0
2025-02-07 04:25:00+00:00,13.890000343322754,13.899999618530273,13.890000343322754,13.890000343322754,100184,0.0,0.0,0.0
2025-02-07 04:30:00+00:00,13.890000343322754,13.899999618530273,13.890000343322754,13.890000343322754,18978,0.0,0.0,0.0
2025-02-07 04:35:00+00:00,13.890000343322754,13.890000343322754,13.890000343322754,13.890000343322754,28000,0.0,0.0,0.0
2025-02-07 04:40:00+00:00,13.890000343322754,13.899999618530273,13.890000343322754,13.890000343322754,24240,0.0,0.0,0.0
2025-02-07 04:45:00+00:00,13.890000343322754,13.899999618530273,13.890000343322754,13.899999618530273,30250,0.0,0.0,0.0
2025-02-07 04:50:00+00:00,13.899999618530273,13.899999618530273,13.890000343322754,13.899999618530273,32849,0.0,0.0,0.0
2025-02-07 04:55:00+00:00,13.890000343322754,13.890000343322754,13.880000114440918,13.880000114440918,42402,0.0,0.0,0.0
2025-02-07 05:00:00+00:00,13.890000343322754,13.90999984741211,13.890000343322754,13.90999984741211,227763,0.0,0.0,0.0
2025-02-07 05:05:00+00:00,13.90999984741211,13.9399995803833,13.90999984741211,13.9399995803833,792459,0.0,0.0,0.0
2025-02-07 05:10:00+00:00,13.9399995803833,13.9399995803833,13.930000305175781,13.9399995803833,230155,0.0,0.0,0.0
2025-02-07 05:15:00+00:00,13.9399995803833,13.9399995803833,13.90999984741211,13.920000076293945,60706,0.0,0.0,0.0
2025-02-07 05:20:00+00:00,13.920000076293945,13.9399995803833,13.90999984741211,13.920000076293945,296019,0.0,0.0,0.0
2025-02-10 01:00:00+00:00,13.899999618530273,13.899999618530273,13.84000015258789,13.84000015258789,0,0.0,0.0,0.0
2025-02-10 01:05:00+00:00,13.850000381469727,13.859999656677246,13.84000015258789,13.859999656677246,117201,0.0,0.0,0.0
2025-02-10 01:10:00+00:00,13.859999656677246,13.869999885559082,13.859999656677246,13.869999885559082,64408,0.0,0.0,0.0
2025-02-10 01:15:00+00:00,13.869999885559082,13.869999885559082,13.859999656677246,13.869999885559082,136472,0.0,0.0,0.0
2025-02-10 01:20:00+00:00,13.869999885559082,13.880000114440918,13.859999656677246,13.859999656677246,72910,0.0,0.0,0.0
2025-02-10 01:25:00+00:00,13.850000381469727,13.859999656677246,13.850000381469727,13.859999656677246,51910,0.0,0.0,0.0
2025-02-10 01:30:00+00:00,13.859999656677246,13.859999656677246,13.850000381469727,13.850000381469727,106417,0.0,0.0,0.0
2025-02-10 01:35:00+00:00,13.850000381469727,13.869999885559082,13.850000381469727,13.850000381469727,141571,0.0,0.0,0.0
2025-02-10 01:40:00+00:00,13.850000381469727,13.859999656677246,13.84000015258789,13.850000381469727,62478,0.0,0.0,0.0
2025-02-10 01:45:00+00:00,13.859999656677246,13.859999656677246,13.850000381469727,13.859999656677246,18453,0.0,0.0,0.0
2025-02-10 01:50:00+00:00,13.859999656677246,13.859999656677246,13.850000381469727,13.850000381469727,46412,0.0,0.0,0.0
2025-02-10 01:55:00+00:00,13.850000381469727,13.859999656677246,13.850000381469727,13.850000381469727,37529,0.0,0.0,0.0
2025-02-10 02:00:00+00:00,13.859999656677246,13.859999656677246,13.84000015258789,13.850000381469727,48570,0.0,0.0,0.0
2025-02-10 02:05:00+00:00,13.850000381469727,13.850000381469727,13.84000015258789,13.84000015258789,54856,0.0,0.0,0.0
2025-02-10 02:10:00+00:00,13.850000381469727,13.850000381469727,13.829999923706055,13.829999923706055,187666,0.0,0.0,0.0
2025-02-10 02:15:00+00:00,13.84000015258789,13.850000381469727,13.829999923706055,13.84000015258789,49593,0.0,0.0,0.0
2025-02-10 02:20:00+00:00,13.829999923706055,13.84000015258789,13.829999923706055,13.829999923706055,11393,0.0,0.0,0.0
2025-02-10 02:25:00+00:00,13.84000015258789,13.84000015258789,13.829999923706055,13.829999923706055,119941,0.0,0.0,0.0
2025-02-10 02:30:00+00:00,13.84000015258789,13.84000015258789,13.819999694824219,13.829999923706055,59098,0.0,0.0,0.0
2025-02-10 02:35:00+00:00,13.84000015258789,13.84000015258789,13.829999923706055,13.829999923706055,9503,0.0,0.0,0.0
2025-02-10 02:40:00+00:00,13.84000015258789,13.84000015258789,13.829999923706055,13.84000015258789,19433,0.0,0.0,0.0
2025-02-10 02:45:00+00:00,13.84000015258789,13.850000381469727,13.829999923706055,13.84000015258789,112377,0.0,0.0,0.0
2025-02-10 02:50:00+00:00,13.84000015258789,13.84000015258789,13.829999923706055,13.829999923706055,116537,0.0,0.0,0.0
2025-02-10 02:55:00+00:00,13.829999923706055,13.829999923706055,13.819999694824219,13.829999923706055,52559,0.0,0.0,0.0
2025-02-10 03:00:00+00:00,13.829999923706055,13.829999923706055,13.819999694824219,13.819999694824219,23615,0.0,0.0,0.0
2025-02-10 03:05:00+00:00,13.829999923706055,13.829999923706055,13.819999694824219,13.829999923706055,25453,0.0,0.0,0.0
2025-02-10 03:10:00+00:00,13.829999923706055,13.829999923706055,13.829999923706055,13.829999923706055,9581,0.0,0.0,0.0
2025-02-10 03:15:00+00:00,13.829999923706055,13.829999923706055,13.819999694824219,13.819999694824219,516895,0.0,0.0,0.0
2025-02-10 03:20:00+00:00,13.819999694824219,13.84000015258789,13.819999694824219,13.829999923706055,21743,0.0,0.0,0.0
2025-02-10 03:25:00+00:00,13.829999923706055,13.829999923706055,13.819999694824219,13.829999923706055,54312,0.0,0.0,0.0
2025-02-10 03:30:00+00:00,13.829999923706055,13.829999923706055,13.819999694824219,13.829999923706055,46046,0.0,0.0,0.0
2025-02-10 03:35:00+00:00,13.829999923706055,13.829999923706055,13.819999694824219,13.829999923706055,35136,0.0,0.0,0.0
2025-02-10 03:40:00+00:00,13.819999694824219,13.829999923706055,13.819999694824219,13.819999694824219,16196,0.0,0.0,0.0
2025-02-10 03:45:00+00:00,13.819999694824219,13.829999923706055,13.819999694824219,13.829999923706055,7052,0.0,0.0,0.0
2025-02-10 03:50:00+00:00,13.829999923706055,13.829999923706055,13.819999694824219,13.819999694824219,35048,0.0,0.0,0.0
2025-02-10 03:55:00+00:00,13.829999923706055,13.829999923706055,13.819999694824219,13.829999923706055,14249,0.0,0.0,0.0
2025-02-10 04:00:00+00:00,13.819999694824219,13.829999923706055,13.819999694824219,13.819999694824219,21608,0.0,0.0,0.0
2025-02-10 04:05:00+00:00,13.819999694824219,13.829999923706055,13.8100004196167,13.829999923706055,109288,0.0,0.0,0.0
2025-02-10 04:10:00+00:00,13.819999694824219,13.829999923706055,13.819999694824219,13.829999923706055,20411,0.0,0.0,0.0
2025-02-10 04:15:00+00:00,13.819999694824219,13.829999923706055,13.819999694824219,13.829999923706055,122346,0.0,0.0,0.0
2025-02-10 04:20:00+00:00,13.829999923706055,13.84000015258789,13.819999694824219,13.829999923706055,80817,0.0,0.0,0.0
2025-02-10 04:25:00+00:00,13.829999923706055,13.829999923706055,13.819999694824219,13.829999923706055,10877,0.0,0.0,0.0
2025-02-10 04:30:00+00:00,13.829999923706055,13.829999923706055,13.829999923706055,13.829999923706055,33203,0.0,0.0,0.0
2025-02-10 04:35:00+00:00,13.829999923706055,13.829999923706055,13.829999923706055,13.829999923706055,22695,0.0,0.0,0.0
2025-02-10 04:40:00+00:00,13.829999923706055,13.829999923706055,13.819999694824219,13.819999694824219,36390,0.0,0.0,0.0
2025-02-10 04:45:00+00:00,13.829999923706055,13.829999923706055,13.819999694824219,13.829999923706055,26320,0.0,0.0,0.0
2025-02-10 04:50:00+00:00,13.829999923706055,13.829999923706055,13.829999923706055,13.829999923706055,39290,0.0,0.0,0.0
2025-02-10 04:55:00+00:00,13.829999923706055,13.829999923706055,13.819999694824219,13.819999694824219,42763,0.0,0.0,0.0
2025-02-10 05:00:00+00:00,13.819999694824219,13.829999923706055,13.819999694824219,13.829999923706055,63669,0.0,0.0,0.0
2025-02-10 05:05:00+00:00,13.829999923706055,13.84000015258789,13.829999923706055,13.829999923706055,35465,0.0,0.0,0.0
2025-02-10 05:10:00+00:00,13.84000015258789,13.84000015258789,13.829999923706055,13.84000015258789,35320,0.0,0.0,0.0
2025-02-10 05:15:00+00:00,13.84000015258789,13.84000015258789,13.829999923706055,13.829999923706055,20156,0.0,0.0,0.0
2025-02-10 05:20:00+00:00,13.829999923706055,13.84000015258789,13.829999923706055,13.84000015258789,32806,0.0,0.0,0.0
2025-02-11 01:00:00+00:00,13.899999618530273,13.949999809265137,13.899999618530273,13.9399995803833,0,0.0,0.0,0.0
2025-02-11 01:05:00+00:00,13.9399995803833,13.960000038146973,13.9399995803833,13.949999809265137,491194,0.0,0.0,0.0
2025-02-11 01:10:00+00:00,13.960000038146973,13.970000267028809,13.960000038146973,13.970000267028809,43820,0.0,0.0,0.0
2025-02-11 01:15:00+00:00,13.970000267028809,13.970000267028809,13.949999809265137,13.960000038146973,223416,0.0,0.0,0.0
2025-02-11 01:20:00+00:00,13.960000038146973,13.970000267028809,13.949999809265137,13.949999809265137,142338,0.0,0.0,0.0
2025-02-11 01:25:00+00:00,13.9399995803833,13.9399995803833,13.930000305175781,13.930000305175781,107742,0.0,0.0,0.0
2025-02-11 01:30:00+00:00,13.9399995803833,13.960000038146973,13.9399995803833,13.949999809265137,128185,0.0,0.0,0.0
2025-02-11 01:35:00+00:00,13.949999809265137,13.960000038146973,13.949999809265137,13.949999809265137,85841,0.0,0.0,0.0
2025-02-11 01:40:00+00:00,13.960000038146973,13.960000038146973,13.9399995803833,13.949999809265137,140316,0.0,0.0,0.0
2025-02-11 01:45:00+00:00,13.949999809265137,13.960000038146973,13.949999809265137,13.960000038146973,25038,0.0,0.0,0.0
2025-02-11 01:50:00+00:00,13.960000038146973,13.960000038146973,13.949999809265137,13.960000038146973,90665,0.0,0.0,0.0
2025-02-11 01:55:00+00:00,13.960000038146973,13.960000038146973,13.949999809265137,13.949999809265137,38344,0.0,0.0,0.0
2025-02-11 02:00:00+00:00,13.949999809265137,13.960000038146973,13.949999809265137,13.960000038146973,230966,0.0,0.0,0.0
2025-02-11 02:05:00+00:00,13.960000038146973,13.960000038146973,13.949999809265137,13.949999809265137,69851,0.0,0.0,0.0
2025-02-11 02:10:00+00:00,13.949999809265137,13.949999809265137,13.949999809265137,13.949999809265137,39311,0.0,0.0,0.0
2025-02-11 02:15:00+00:00,13.949999809265137,13.949999809265137,13.930000305175781,13.930000305175781,31044,0.0,0.0,0.0
2025-02-11 02:20:00+00:00,13.9399995803833,13.9399995803833,13.9399995803833,13.9399995803833,5134,0.0,0.0,0.0
2025-02-11 02:25:00+00:00,13.9399995803833,13.9399995803833,13.930000305175781,13.930000305175781,5017,0.0,0.0,0.0
2025-02-11 02:30:00+00:00,13.930000305175781,13.930000305175781,13.920000076293945,13.920000076293945,130041,0.0,0.0,0.0
2025-02-11 02:35:00+00:00,13.930000305175781,13.930000305175781,13.930000305175781,13.930000305175781,6903,0.0,0.0,0.0
2025-02-11 02:40:00+00:00,13.930000305175781,13.930000305175781,13.920000076293945,13.930000305175781,80116,0.0,0.0,0.0
2025-02-11 02:45:00+00:00,13.930000305175781,13.930000305175781,13.920000076293945,13.930000305175781,33223,0.0,0.0,0.0
2025-02-11 02:50:00+00:00,13.920000076293945,13.930000305175781,13.920000076293945,13.930000305175781,13425,0.0,0.0,0.0
2025-02-11 02:55:00+00:00,13.920000076293945,13.920000076293945,13.90999984741211,13.920000076293945,59342,0.0,0.0,0.0
2025-02-11 03:00:00+00:00,13.920000076293945,13.920000076293945,13.90999984741211,13.90999984741211,20027,0.0,0.0,0.0
2025-02-11 03:05:00+00:00,13.90999984741211,13.90999984741211,13.899999618530273,13.90999984741211,41144,0.0,0.0,0.0
2025-02-11 03:10:00+00:00,13.90999984741211,13.90999984741211,13.899999618530273,13.899999618530273,29286,0.0,0.0,0.0
2025-02-11 03:15:00+00:00,13.90999984741211,13.90999984741211,13.899999618530273,13.899999618530273,30097,0.0,0.0,0.0
2025-02-11 03:20:00+00:00,13.90999984741211,13.90999984741211,13.90999984741211,13.90999984741211,55352,0.0,0.0,0.0
2025-02-11 03:25:00+00:00,13.90999984741211,13.90999984741211,13.90999984741211,13.90999984741211,17370,0.0,0.0,0.0
2025-02-11 03:30:00+00:00,13.90999984741211,13.920000076293945,13.90999984741211,13.920000076293945,13036,0.0,0.0,0.0
2025-02-11 03:35:00+00:00,13.920000076293945,13.920000076293945,13.90999984741211,13.920000076293945,47017,0.0,0.0,0.0
2025-02-11 03:40:00+00:00,13.90999984741211,13.920000076293945,13.90999984741211,13.920000076293945,16276,0.0,0.0,0.0
2025-02-11 03:45:00+00:00,13.90999984741211,13.920000076293945,13.90999984741211,13.920000076293945,16130,0.0,0.0,0.0
2025-02-11 03:50:00+00:00,13.920000076293945,13.920000076293945,13.90999984741211,13.90999984741211,4167,0.0,0.0,0.0
2025-02-11 03:55:00+00:00,13.920000076293945,13.920000076293945,13.90999984741211,13.90999984741211,36149,0.0,0.0,0.0
2025-02-11 04:00:00+00:00,13.90999984741211,13.90999984741211,13.90999984741211,13.90999984741211,1072,0.0,0.0,0.0
2025-02-11 04:05:00+00:00,13.899999618530273,13.899999618530273,13.899999618530273,13.899999618530273,9362,0.0,0.0,0.0
2025-02-11 04:10:00+00:00,13.90999984741211,13.90999984741211,13.899999618530273,13.899999618530273,9828,0.0,0.0,0.0
2025-02-11 04:15:00+00:00,13.899999618530273,13.90999984741211,13.899999618530273,13.90999984741211,22175,0.0,0.0,0.0
2025-02-11 04:20:00+00:00,13.90999984741211,13.90999984741211,13.899999618530273,13.90999984741211,28228,0.0,0.0,0.0
2025-02-11 04:25:00+00:00,13.899999618530273,13.899999618530273,13.890000343322754,13.890000343322754,113119,0.0,0.0,0.0
2025-02-11 04:30:00+00:00,13.899999618530273,13.899999618530273,13.890000343322754,13.899999618530273,73587,0.0,0.0,0.0
2025-02-11 04:35:00+00:00,13.899999618530273,13.899999618530273,13.890000343322754,13.890000343322754,26037,0.0,0.0,0.0
2025-02-11 04:40:00+00:00,13.890000343322754,13.890000343322754,13.890000343322754,13.890000343322754,10093,0.0,0.0,0.0
2025-02-11 04:45:00+00:00,13.890000343322754,13.890000343322754,13.890000343322754,13.890000343322754,4912,0.0,0.0,0.0
2025-02-11 04:50:00+00:00,13.890000343322754,13.899999618530273,13.890000343322754,13.890000343322754,14514,0.0,0.0,0.0
2025-02-11 04:55:00+00:00,13.890000343322754,13.899999618530273,13.880000114440918,13.880000114440918,147659,0.0,0.0,0.0
2025-02-11 05:00:00+00:00,13.880000114440918,13.899999618530273,13.880000114440918,13.890000343322754,15156,0.0,0.0,0.0
2025-02-11 05:05:00+00:00,13.890000343322754,13.90999984741211,13.890000343322754,13.90999984741211,136774,0.0,0.0,0.0
2025-02-11 05:10:00+00:00,13.90999984741211,13.90999984741211,13.899999618530273,13.899999618530273,24844,0.0,0.0,0.0
2025-02-11 05:15:00+00:00,13.90999984741211,13.90999984741211,13.899999618530273,13.90999984741211,61962,0.0,0.0,0.0
2025-02-11 05:20:00+00:00,13.90999984741211,13.920000076293945,13.90999984741211,13.90999984741211,80122,0.0,0.0,0.0
2025-02-12 01:00:00+00:00,13.930000305175781,14.0,13.930000305175781,14.0,0,0.0,0.0,0.0
2025-02-12 01:05:00+00:00,14.0,14.010000228881836,14.0,14.0,307260,0.0,0.0,0.0
2025-02-12 01:10:00+00:00,14.0,14.0,13.989999771118164,14.0,258494,0.0,0.0,0.0
2025-02-12 01:15:00+00:00,13.989999771118164,14.0,13.989999771118164,13.989999771118164,68386,0.0,0.0,0.0
2025-02-12 01:20:00+00:00,13.989999771118164,14.0,13.979999542236328,14.0,210256,0.0,0.0,0.0
2025-02-12 01:25:00+00:00,13.989999771118164,13.989999771118164,13.979999542236328,13.979999542236328,50676,0.0,0.0,0.0
2025-02-12 01:30:00+00:00,13.989999771118164,13.989999771118164,13.979999542236328,13.979999542236328,18137,0.0,0.0,0.0
2025-02-12 01:35:00+00:00,13.979999542236328,13.989999771118164,13.970000267028809,13.970000267028809,41873,0.0,0.0,0.0
2025-02-12 01:40:00+00:00,13.970000267028809,13.970000267028809,13.960000038146973,13.970000267028809,28042,0.0,0.0,0.0
2025-02-12 01:45:00+00:00,13.979999542236328,13.979999542236328,13.970000267028809,13.970000267028809,100016,0.0,0.0,0.0
2025-02-12 01:50:00+00:00,13.970000267028809,13.979999542236328,13.970000267028809,13.979999542236328,135267,0.0,0.0,0.0
2025-02-12 01:55:00+00:00,13.989999771118164,13.989999771118164,13.979999542236328,13.979999542236328,34078,0.0,0.0,0.0
2025-02-12 02:00:00+00:00,13.979999542236328,13.989999771118164,13.979999542236328,13.979999542236328,18816,0.0,0.0,0.0
2025-02-12 02:05:00+00:00,13.989999771118164,13.989999771118164,13.979999542236328,13.979999542236328,63766,0.0,0.0,0.0
2025-02-12 02:10:00+00:00,13.979999542236328,13.989999771118164,13.979999542236328,13.979999542236328,15615,0.0,0.0,0.0
2025-02-12 02:15:00+00:00,13.979999542236328,13.989999771118164,13.979999542236328,13.979999542236328,90440,0.0,0.0,0.0
2025-02-12 02:20:00+00:00,13.979999542236328,13.979999542236328,13.979999542236328,13.979999542236328,31016,0.0,0.0,0.0
2025-02-12 02:25:00+00:00,13.979999542236328,13.979999542236328,13.960000038146973,13.960000038146973,120715,0.0,0.0,0.0
2025-02-12 02:30:00+00:00,13.970000267028809,13.970000267028809,13.970000267028809,13.970000267028809,35537,0.0,0.0,0.0
2025-02-12 02:35:00+00:00,13.970000267028809,13.970000267028809,13.949999809265137,13.960000038146973,56109,0.0,0.0,0.0
2025-02-12 02:40:00+00:00,13.949999809265137,13.949999809265137,13.949999809265137,13.949999809265137,38166,0.0,0.0,0.0
2025-02-12 02:45:00+00:00,13.949999809265137,13.949999809265137,13.930000305175781,13.930000305175781,71588,0.0,0.0,0.0
2025-02-12 02:50:00+00:00,13.930000305175781,13.9399995803833,13.920000076293945,13.920000076293945,353365,0.0,0.0,0.0
2025-02-12 02:55:00+00:00,13.920000076293945,13.920000076293945,13.90999984741211,13.920000076293945,137159,0.0,0.0,0.0
2025-02-12 03:00:00+00:00,13.90999984741211,13.930000305175781,13.90999984741211,13.920000076293945,18374,0.0,0.0,0.0
2025-02-12 03:05:00+00:00,13.90999984741211,13.930000305175781,13.90999984741211,13.930000305175781,26023,0.0,0.0,0.0
2025-02-12 03:10:00+00:00,13.920000076293945,13.930000305175781,13.920000076293945,13.920000076293945,13116,0.0,0.0,0.0
2025-02-12 03:15:00+00:00,13.920000076293945,13.930000305175781,13.920000076293945,13.930000305175781,78273,0.0,0.0,0.0
2025-02-12 03:20:00+00:00,13.930000305175781,13.930000305175781,13.920000076293945,13.920000076293945,3488,0.0,0.0,0.0
2025-02-12 03:25:00+00:00,13.930000305175781,13.930000305175781,13.930000305175781,13.930000305175781,21016,0.0,0.0,0.0
2025-02-12 03:30:00+00:00,13.930000305175781,13.9399995803833,13.930000305175781,13.9399995803833,20189,0.0,0.0,0.0
2025-02-12 03:35:00+00:00,13.9399995803833,13.9399995803833,13.930000305175781,13.930000305175781,20017,0.0,0.0,0.0
2025-02-12 03:40:00+00:00,13.930000305175781,13.9399995803833,13.930000305175781,13.9399995803833,33332,0.0,0.0,0.0
2025-02-12 03:45:00+00:00,13.930000305175781,13.930000305175781,13.930000305175781,13.930000305175781,10000,0.0,0.0,0.0
2025-02-12 03:50:00+00:00,13.930000305175781,13.9399995803833,13.920000076293945,13.930000305175781,37762,0.0,0.0,0.0
2025-02-12 03:55:00+00:00,13.930000305175781,13.9399995803833,13.920000076293945,13.920000076293945,69583,0.0,0.0,0.0
2025-02-12 04:00:00+00:00,13.920000076293945,13.920000076293945,13.920000076293945,13.920000076293945,5768,0.0,0.0,0.0
2025-02-12 04:05:00+00:00,13.90999984741211,13.90999984741211,13.90999984741211,13.90999984741211,43790,0.0,0.0,0.0
2025-02-12 04:10:00+00:00,13.90999984741211,13.920000076293945,13.90999984741211,13.920000076293945,52194,0.0,0.0,0.0
2025-02-12 04:15:00+00:00,13.920000076293945,13.920000076293945,13.920000076293945,13.920000076293945,11118,0.0,0.0,0.0
2025-02-12 04:20:00+00:00,13.920000076293945,13.920000076293945,13.90999984741211,13.90999984741211,8924,0.0,0.0,0.0
2025-02-12 04:25:00+00:00,13.90999984741211,13.90999984741211,13.90999984741211,13.90999984741211,20317,0.0,0.0,0.0
2025-02-12 04:30:00+00:00,13.920000076293945,13.920000076293945,13.90999984741211,13.920000076293945,27616,0.0,0.0,0.0
2025-02-12 04:35:00+00:00,13.90999984741211,13.90999984741211,13.90999984741211,13.90999984741211,17010,0.0,0.0,0.0
2025-02-12 04:40:00+00:00,13.899999618530273,13.930000305175781,13.899999618530273,13.930000305175781,38456,0.0,0.0,0.0
2025-02-12 04:45:00+00:00,13.90999984741211,13.90999984741211,13.899999618530273,13.899999618530273,53050,0.0,0.0,0.0
2025-02-12 04:50:00+00:00,13.899999618530273,13.90999984741211,13.899999618530273,13.899999618530273,18426,0.0,0.0,0.0
2025-02-12 04:55:00+00:00,13.90999984741211,13.90999984741211,13.899999618530273,13.90999984741211,33906,0.0,0.0,0.0
2025-02-12 05:00:00+00:00,13.90999984741211,13.90999984741211,13.90999984741211,13.90999984741211,6000,0.0,0.0,0.0
2025-02-12 05:05:00+00:00,13.90999984741211,13.920000076293945,13.90999984741211,13.90999984741211,46245,0.0,0.0,0.0
2025-02-12 05:10:00+00:00,13.920000076293945,13.920000076293945,13.90999984741211,13.920000076293945,19406,0.0,0.0,0.0
2025-02-12 05:15:00+00:00,13.920000076293945,13.920000076293945,13.90999984741211,13.920000076293945,23535,0.0,0.0,0.0
2025-02-12 05:20:00+00:00,13.920000076293945,13.920000076293945,13.90999984741211,13.90999984741211,43189,0.0,0.0,0.0
2025-02-13 01:00:00+00:00,13.9399995803833,13.9399995803833,13.890000343322754,13.890000343322754,0,0.0,0.0,0.0
2025-02-13 01:05:00+00:00,13.890000343322754,13.90999984741211,13.880000114440918,13.90999984741211,94000,0.0,0.0,0.0
2025-02-13 01:10:00+00:00,13.899999618530273,13.920000076293945,13.899999618530273,13.920000076293945,63711,0.0,0.0,0.0
2025-02-13 01:15:00+00:00,13.90999984741211,13.920000076293945,13.90999984741211,13.90999984741211,56045,0.0,0.0,0.0
2025-02-13 01:20:00+00:00,13.90999984741211,13.90999984741211,13.899999618530273,13.90999984741211,115560,0.0,0.0,0.0
2025-02-13 01:25:00+00:00,13.899999618530273,13.899999618530273,13.890000343322754,13.899999618530273,97286,0.0,0.0,0.0
2025-02-13 01:30:00+00:00,13.90999984741211,13.90999984741211,13.899999618530273,13.90999984741211,26928,0.0,0.0,0.0
2025-02-13 01:35:00+00:00,13.920000076293945,13.920000076293945,13.90999984741211,13.90999984741211,44892,0.0,0.0,0.0
2025-02-13 01:40:00+00:00,13.90999984741211,13.930000305175781,13.90999984741211,13.930000305175781,37226,0.0,0.0,0.0
2025-02-13 01:45:00+00:00,13.930000305175781,13.930000305175781,13.920000076293945,13.930000305175781,25791,0.0,0.0,0.0
2025-02-13 01:50:00+00:00,13.920000076293945,13.930000305175781,13.920000076293945,13.920000076293945,48425,0.0,0.0,0.0
2025-02-13 01:55:00+00:00,13.930000305175781,13.930000305175781,13.930000305175781,13.930000305175781,25235,0.0,0.0,0.0
2025-02-13 02:00:00+00:00,13.930000305175781,13.930000305175781,13.920000076293945,13.930000305175781,10709,0.0,0.0,0.0
2025-02-13 02:05:00+00:00,13.930000305175781,13.930000305175781,13.920000076293945,13.920000076293945,74724,0.0,0.0,0.0
2025-02-13 02:10:00+00:00,13.920000076293945,13.930000305175781,13.920000076293945,13.920000076293945,70634,0.0,0.0,0.0
2025-02-13 02:15:00+00:00,13.920000076293945,13.930000305175781,13.920000076293945,13.930000305175781,66985,0.0,0.0,0.0
2025-02-13 02:20:00+00:00,13.920000076293945,13.920000076293945,13.90999984741211,13.920000076293945,15025,0.0,0.0,0.0
2025-02-13 02:25:00+00:00,13.920000076293945,13.930000305175781,13.920000076293945,13.930000305175781,24325,0.0,0.0,0.0
2025-02-13 02:30:00+00:00,13.930000305175781,13.9399995803833,13.930000305175781,13.9399995803833,50363,0.0,0.0,0.0
2025-02-13 02:35:00+00:00,13.9399995803833,13.9399995803833,13.930000305175781,13.9399995803833,11425,0.0,0.0,0.0
2025-02-13 02:40:00+00:00,13.9399995803833,13.9399995803833,13.9399995803833,13.9399995803833,4026,0.0,0.0,0.0
2025-02-13 02:45:00+00:00,13.9399995803833,13.9399995803833,13.930000305175781,13.9399995803833,68810,0.0,0.0,0.0
2025-02-13 02:50:00+00:00,13.9399995803833,13.949999809265137,13.9399995803833,13.949999809265137,116940,0.0,0.0,0.0
2025-02-13 02:55:00+00:00,13.949999809265137,13.949999809265137,13.9399995803833,13.949999809265137,103500,0.0,0.0,0.0
2025-02-13 03:00:00+00:00,13.949999809265137,13.949999809265137,13.9399995803833,13.9399995803833,52455,0.0,0.0,0.0
2025-02-13 03:05:00+00:00,13.9399995803833,13.9399995803833,13.930000305175781,13.9399995803833,78368,0.0,0.0,0.0
2025-02-13 03:10:00+00:00,13.9399995803833,13.949999809265137,13.9399995803833,13.949999809265137,9015,0.0,0.0,0.0
2025-02-13 03:15:00+00:00,13.949999809265137,13.949999809265137,13.930000305175781,13.930000305175781,53696,0.0,0.0,0.0
2025-02-13 03:20:00+00:00,13.9399995803833,13.949999809265137,13.9399995803833,13.949999809265137,6441,0.0,0.0,0.0
2025-02-13 03:25:00+00:00,13.9399995803833,13.949999809265137,13.930000305175781,13.949999809265137,8599,0.0,0.0,0.0
2025-02-13 03:30:00+00:00,13.949999809265137,13.949999809265137,13.930000305175781,13.9399995803833,11111,0.0,0.0,0.0
2025-02-13 03:35:00+00:00,13.930000305175781,13.9399995803833,13.930000305175781,13.9399995803833,12157,0.0,0.0,0.0
2025-02-13 03:40:00+00:00,13.9399995803833,13.949999809265137,13.9399995803833,13.949999809265137,10625,0.0,0.0,0.0
2025-02-13 03:45:00+00:00,13.9399995803833,13.949999809265137,13.9399995803833,13.949999809265137,30026,0.0,0.0,0.0
2025-02-13 03:50:00+00:00,13.949999809265137,13.949999809265137,13.949999809265137,13.949999809265137,47168,0.0,0.0,0.0
2025-02-13 03:55:00+00:00,13.960000038146973,13.960000038146973,13.949999809265137,13.949999809265137,7474,0.0,0.0,0.0
2025-02-13 04:00:00+00:00,13.960000038146973,13.960000038146973,13.960000038146973,13.960000038146973,23055,0.0,0.0,0.0
2025-02-13 04:05:00+00:00,13.960000038146973,13.960000038146973,13.949999809265137,13.949999809265137,6527,0.0,0.0,0.0
2025-02-13 04:10:00+00:00,13.949999809265137,13.960000038146973,13.949999809265137,13.949999809265137,126341,0.0,0.0,0.0
2025-02-13 04:15:00+00:00,13.949999809265137,13.949999809265137,13.949999809265137,13.949999809265137,2190,0.0,0.0,0.0
2025-02-13 04:20:00+00:00,13.949999809265137,13.949999809265137,13.9399995803833,13.949999809265137,23100,0.0,0.0,0.0
2025-02-13 04:25:00+00:00,13.9399995803833,13.949999809265137,13.9399995803833,13.949999809265137,16678,0.0,0.0,0.0
2025-02-13 04:30:00+00:00,13.949999809265137,13.949999809265137,13.9399995803833,13.949999809265137,19299,0.0,0.0,0.0
2025-02-13 04:35:00+00:00,13.949999809265137,13.949999809265137,13.949999809265137,13.949999809265137,12512,0.0,0.0,0.0
2025-02-13 04:40:00+00:00,13.949999809265137,13.949999809265137,13.9399995803833,13.949999809265137,23010,0.0,0.0,0.0
2025-02-13 04:45:00+00:00,13.949999809265137,13.949999809265137,13.9399995803833,13.9399995803833,35010,0.0,0.0,0.0
2025-02-13 04:50:00+00:00,13.949999809265137,13.949999809265137,13.9399995803833,13.9399995803833,52647,0.0,0.0,0.0
2025-02-13 04:55:00+00:00,13.9399995803833,13.949999809265137,13.9399995803833,13.9399995803833,164937,0.0,0.0,0.0
2025-02-13 05:00:00+00:00,13.930000305175781,13.9399995803833,13.930000305175781,13.9399995803833,17406,0.0,0.0,0.0
2025-02-13 05:05:00+00:00,13.949999809265137,13.949999809265137,13.949999809265137,13.949999809265137,6516,0.0,0.0,0.0
2025-02-13 05:10:00+00:00,13.9399995803833,13.949999809265137,13.930000305175781,13.949999809265137,77430,0.0,0.0,0.0
2025-02-13 05:15:00+00:00,13.949999809265137,13.949999809265137,13.930000305175781,13.9399995803833,56614,0.0,0.0,0.0
2025-02-13 05:20:00+00:00,13.9399995803833,13.9399995803833,13.930000305175781,13.9399995803833,21631,0.0,0.0,0.0
2025-02-14 01:00:00+00:00,13.880000114440918,13.880000114440918,13.850000381469727,13.859999656677246,0,0.0,0.0,0.0
2025-02-14 01:05:00+00:00,13.859999656677246,13.869999885559082,13.859999656677246,13.859999656677246,163000,0.0,0.0,0.0
2025-02-14 01:10:00+00:00,13.869999885559082,13.880000114440918,13.859999656677246,13.869999885559082,197999,0.0,0.0,0.0
2025-02-14 01:15:00+00:00,13.880000114440918,13.880000114440918,13.859999656677246,13.869999885559082,196024,0.0,0.0,0.0
2025-02-14 01:20:00+00:00,13.869999885559082,13.880000114440918,13.859999656677246,13.869999885559082,75761,0.0,0.0,0.0
2025-02-14 01:25:00+00:00,13.869999885559082,13.869999885559082,13.850000381469727,13.850000381469727,177462,0.0,0.0,0.0
2025-02-14 01:30:00+00:00,13.859999656677246,13.859999656677246,13.850000381469727,13.850000381469727,267618,0.0,0.0,0.0
2025-02-14 01:35:00+00:00,13.859999656677246,13.859999656677246,13.850000381469727,13.850000381469727,250625,0.0,0.0,0.0
2025-02-14 01:40:00+00:00,13.850000381469727,13.859999656677246,13.850000381469727,13.859999656677246,16720,0.0,0.0,0.0
2025-02-14 01:45:00+00:00,13.859999656677246,13.859999656677246,13.850000381469727,13.859999656677246,38452,0.0,0.0,0.0
2025-02-14 01:50:00+00:00,13.859999656677246,13.859999656677246,13.859999656677246,13.859999656677246,47147,0.0,0.0,0.0
2025-02-14 01:55:00+00:00,13.869999885559082,13.869999885559082,13.859999656677246,13.859999656677246,35192,0.0,0.0,0.0
2025-02-14 02:00:00+00:00,13.859999656677246,13.869999885559082,13.850000381469727,13.859999656677246,139536,0.0,0.0,0.0
2025-02-14 02:05:00+00:00,13.859999656677246,13.859999656677246,13.859999656677246,13.859999656677246,32912,0.0,0.0,0.0
2025-02-14 02:10:00+00:00,13.859999656677246,13.869999885559082,13.859999656677246,13.859999656677246,44418,0.0,0.0,0.0
2025-02-14 02:15:00+00:00,13.850000381469727,13.859999656677246,13.850000381469727,13.859999656677246,49654,0.0,0.0,0.0
2025-02-14 02:20:00+00:00,13.859999656677246,13.859999656677246,13.850000381469727,13.859999656677246,77618,0.0,0.0,0.0
2025-02-14 02:25:00+00:00,13.859999656677246,13.859999656677246,13.850000381469727,13.859999656677246,76383,0.0,0.0,0.0
2025-02-14 02:30:00+00:00,13.859999656677246,13.859999656677246,13.850000381469727,13.859999656677246,46296,0.0,0.0,0.0
2025-02-14 02:35:00+00:00,13.850000381469727,13.859999656677246,13.850000381469727,13.859999656677246,52630,0.0,0.0,0.0
2025-02-14 02:40:00+00:00,13.859999656677246,13.859999656677246,13.850000381469727,13.859999656677246,38899,0.0,0.0,0.0
2025-02-14 02:45:00+00:00,13.859999656677246,13.859999656677246,13.859999656677246,13.859999656677246,39818,0.0,0.0,0.0
2025-02-14 02:50:00+00:00,13.859999656677246,13.859999656677246,13.850000381469727,13.859999656677246,102742,0.0,0.0,0.0
2025-02-14 02:55:00+00:00,13.859999656677246,13.859999656677246,13.850000381469727,13.859999656677246,82642,0.0,0.0,0.0
2025-02-14 03:00:00+00:00,13.859999656677246,13.859999656677246,13.859999656677246,13.859999656677246,5461,0.0,0.0,0.0
2025-02-14 03:05:00+00:00,13.869999885559082,13.869999885559082,13.850000381469727,13.859999656677246,563190,0.0,0.0,0.0
2025-02-14 03:10:00+00:00,13.859999656677246,13.859999656677246,13.850000381469727,13.859999656677246,209207,0.0,0.0,0.0
2025-02-14 03:15:00+00:00,13.850000381469727,13.859999656677246,13.829999923706055,13.84000015258789,453140,0.0,0.0,0.0
2025-02-14 03:20:00+00:00,13.84000015258789,13.84000015258789,13.829999923706055,13.829999923706055,240151,0.0,0.0,0.0
2025-02-14 03:25:00+00:00,13.829999923706055,13.829999923706055,13.829999923706055,13.829999923706055,55904,0.0,0.0,0.0
2025-02-14 03:30:00+00:00,13.829999923706055,13.84000015258789,13.829999923706055,13.829999923706055,13241,0.0,0.0,0.0
2025-02-14 03:35:00+00:00,13.84000015258789,13.84000015258789,13.829999923706055,13.84000015258789,148999,0.0,0.0,0.0
2025-02-14 03:40:00+00:00,13.84000015258789,13.84000015258789,13.84000015258789,13.84000015258789,42319,0.0,0.0,0.0
2025-02-14 03:45:00+00:00,13.84000015258789,13.84000015258789,13.819999694824219,13.819999694824219,129437,0.0,0.0,0.0
2025-02-14 03:50:00+00:00,13.829999923706055,13.829999923706055,13.819999694824219,13.819999694824219,314657,0.0,0.0,0.0
2025-02-14 03:55:00+00:00,13.819999694824219,13.819999694824219,13.8100004196167,13.8100004196167,98917,0.0,0.0,0.0
2025-02-14 04:00:00+00:00,13.819999694824219,13.819999694824219,13.819999694824219,13.819999694824219,31795,0.0,0.0,0.0
2025-02-14 04:05:00+00:00,13.8100004196167,13.819999694824219,13.8100004196167,13.819999694824219,123877,0.0,0.0,0.0
2025-02-14 04:10:00+00:00,13.8100004196167,13.819999694824219,13.8100004196167,13.819999694824219,272446,0.0,0.0,0.0
2025-02-14 04:15:00+00:00,13.819999694824219,13.819999694824219,13.800000190734863,13.8100004196167,188369,0.0,0.0,0.0
2025-02-14 04:20:00+00:00,13.800000190734863,13.8100004196167,13.789999961853027,13.789999961853027,501322,0.0,0.0,0.0
2025-02-14 04:25:00+00:00,13.800000190734863,13.800000190734863,13.789999961853027,13.789999961853027,36864,0.0,0.0,0.0
2025-02-14 04:30:00+00:00,13.800000190734863,13.8100004196167,13.789999961853027,13.800000190734863,145526,0.0,0.0,0.0
2025-02-14 04:35:00+00:00,13.800000190734863,13.8100004196167,13.800000190734863,13.800000190734863,122604,0.0,0.0,0.0
2025-02-14 04:40:00+00:00,13.800000190734863,13.8100004196167,13.800000190734863,13.8100004196167,46252,0.0,0.0,0.0
2025-02-14 04:45:00+00:00,13.8100004196167,13.8100004196167,13.800000190734863,13.8100004196167,36685,0.0,0.0,0.0
2025-02-14 04:50:00+00:00,13.800000190734863,13.8100004196167,13.800000190734863,13.8100004196167,34572,0.0,0.0,0.0
2025-02-14 04:55:00+00:00,13.8100004196167,13.8100004196167,13.800000190734863,13.8100004196167,62332,0.0,0.0,0.0
2025-02-14 05:00:00+00:00,13.8100004196167,13.8100004196167,13.800000190734863,13.8100004196167,35208,0.0,0.0,0.0
2025-02-14 05:05:00+00:00,13.8100004196167,13.8100004196167,13.800000190734863,13.8100004196167,72714,0.0,0.0,0.0
2025-02-14 05:10:00+00:00,13.8100004196167,13.819999694824219,13.800000190734863,13.8100004196167,79108,0.0,0.0,0.0
2025-02-14 05:15:00+00:00,13.819999694824219,13.819999694824219,13.8100004196167,13.8100004196167,144200,0.0,0.0,0.0
2025-02-14 05:20:00+00:00,13.8100004196167,13.819999694824219,13.800000190734863,13.819999694824219,97706,0.0,0.0,0.0
2025-02-17 01:00:00+00:00,13.880000114440918,13.899999618530273,13.859999656677246,13.899999618530273,0,0.0,0.0,0.0
2025-02-17 01:05:00+00:00,13.899999618530273,13.90999984741211,13.899999618530273,13.90999984741211,154491,0.0,0.0,0.0
2025-02-17 01:10:00+00:00,13.90999984741211,13.920000076293945,13.899999618530273,13.899999618530273,143126,0.0,0.0,0.0
2025-02-17 01:15:00+00:00,13.899999618530273,13.920000076293945,13.899999618530273,13.90999984741211,171111,0.0,0.0,0.0
2025-02-17 01:20:00+00:00,13.90999984741211,13.930000305175781,13.90999984741211,13.920000076293945,217081,0.0,0.0,0.0
2025-02-17 01:25:00+00:00,13.90999984741211,13.930000305175781,13.90999984741211,13.930000305175781,125884,0.0,0.0,0.0
2025-02-17 01:30:00+00:00,13.930000305175781,13.930000305175781,13.920000076293945,13.930000305175781,61456,0.0,0.0,0.0
2025-02-17 01:35:00+00:00,13.930000305175781,13.9399995803833,13.920000076293945,13.9399995803833,100605,0.0,0.0,0.0
2025-02-17 01:40:00+00:00,13.9399995803833,13.949999809265137,13.920000076293945,13.9399995803833,93359,0.0,0.0,0.0
2025-02-17 01:45:00+00:00,13.9399995803833,13.9399995803833,13.920000076293945,13.930000305175781,137447,0.0,0.0,0.0
2025-02-17 01:50:00+00:00,13.920000076293945,13.930000305175781,13.90999984741211,13.930000305175781,168430,0.0,0.0,0.0
2025-02-17 01:55:00+00:00,13.9399995803833,13.9399995803833,13.930000305175781,13.9399995803833,34069,0.0,0.0,0.0
2025-02-17 02:00:00+00:00,13.9399995803833,13.9399995803833,13.9399995803833,13.9399995803833,72782,0.0,0.0,0.0
2025-02-17 02:05:00+00:00,13.9399995803833,13.949999809265137,13.9399995803833,13.9399995803833,45119,0.0,0.0,0.0
2025-02-17 02:10:00+00:00,13.930000305175781,13.9399995803833,13.930000305175781,13.9399995803833,21053,0.0,0.0,0.0
2025-02-17 02:15:00+00:00,13.9399995803833,13.9399995803833,13.930000305175781,13.9399995803833,52180,0.0,0.0,0.0
2025-02-17 02:20:00+00:00,13.9399995803833,13.9399995803833,13.920000076293945,13.920000076293945,63841,0.0,0.0,0.0
2025-02-17 02:25:00+00:00,13.920000076293945,13.9399995803833,13.920000076293945,13.9399995803833,27061,0.0,0.0,0.0
2025-02-17 02:30:00+00:00,13.9399995803833,13.9399995803833,13.930000305175781,13.9399995803833,13508,0.0,0.0,0.0
2025-02-17 02:35:00+00:00,13.9399995803833,13.9399995803833,13.930000305175781,13.9399995803833,14147,0.0,0.0,0.0
2025-02-17 02:40:00+00:00,13.930000305175781,13.949999809265137,13.930000305175781,13.949999809265137,236820,0.0,0.0,0.0
2025-02-17 02:45:00+00:00,13.949999809265137,13.949999809265137,13.9399995803833,13.9399995803833,426479,0.0,0.0,0.0
2025-02-17 02:50:00+00:00,13.9399995803833,13.949999809265137,13.9399995803833,13.949999809265137,76529,0.0,0.0,0.0
2025-02-17 02:55:00+00:00,13.949999809265137,13.960000038146973,13.9399995803833,13.9399995803833,90958,0.0,0.0,0.0
2025-02-17 03:00:00+00:00,13.949999809265137,13.949999809265137,13.949999809265137,13.949999809265137,6137,0.0,0.0,0.0
2025-02-17 03:05:00+00:00,13.949999809265137,13.949999809265137,13.9399995803833,13.949999809265137,47429,0.0,0.0,0.0
2025-02-17 03:10:00+00:00,13.949999809265137,13.949999809265137,13.949999809265137,13.949999809265137,49836,0.0,0.0,0.0
2025-02-17 03:15:00+00:00,13.949999809265137,13.949999809265137,13.9399995803833,13.949999809265137,16119,0.0,0.0,0.0
2025-02-17 03:20:00+00:00,13.949999809265137,13.949999809265137,13.9399995803833,13.9399995803833,217309,0.0,0.0,0.0
2025-02-17 03:25:00+00:00,13.949999809265137,13.949999809265137,13.9399995803833,13.9399995803833,16605,0.0,0.0,0.0
2025-02-17 03:30:00+00:00,13.949999809265137,13.949999809265137,13.9399995803833,13.949999809265137,23347,0.0,0.0,0.0
2025-02-17 03:35:00+00:00,13.949999809265137,13.949999809265137,13.9399995803833,13.949999809265137,71032,0.0,0.0,0.0
2025-02-17 03:40:00+00:00,13.949999809265137,13.949999809265137,13.949999809265137,13.949999809265137,4102,0.0,0.0,0.0
2025-02-17 03:45:00+00:00,13.949999809265137,13.960000038146973,13.949999809265137,13.960000038146973,108339,0.0,0.0,0.0
2025-02-17 03:50:00+00:00,13.949999809265137,13.960000038146973,13.949999809265137,13.960000038146973,13488,0.0,0.0,0.0
2025-02-17 03:55:00+00:00,13.949999809265137,13.960000038146973,13.949999809265137,13.949999809265137,46022,0.0,0.0,0.0
2025-02-17 04:00:00+00:00,13.949999809265137,13.960000038146973,13.949999809265137,13.949999809265137,113469,0.0,0.0,0.0
2025-02-17 04:05:00+00:00,13.960000038146973,13.960000038146973,13.949999809265137,13.949999809265137,19531,0.0,0.0,0.0
2025-02-17 04:10:00+00:00,13.949999809265137,13.960000038146973,13.949999809265137,13.949999809265137,22273,0.0,0.0,0.0
2025-02-17 04:15:00+00:00,13.949999809265137,13.949999809265137,13.949999809265137,13.949999809265137,16491,0.0,0.0,0.0
2025-02-17 04:20:00+00:00,13.949999809265137,13.949999809265137,13.9399995803833,13.949999809265137,183601,0.0,0.0,0.0
2025-02-17 04:25:00+00:00,13.9399995803833,13.949999809265137,13.9399995803833,13.949999809265137,17506,0.0,0.0,0.0
2025-02-17 04:30:00+00:00,13.949999809265137,13.949999809265137,13.949999809265137,13.949999809265137,10861,0.0,0.0,0.0
2025-02-17 04:35:00+00:00,13.949999809265137,13.949999809265137,13.9399995803833,13.949999809265137,18610,0.0,0.0,0.0
2025-02-17 04:40:00+00:00,13.949999809265137,13.949999809265137,13.9399995803833,13.9399995803833,30718,0.0,0.0,0.0
2025-02-17 04:45:00+00:00,13.9399995803833,13.960000038146973,13.9399995803833,13.949999809265137,155100,0.0,0.0,0.0
2025-02-17 04:50:00+00:00,13.949999809265137,13.960000038146973,13.949999809265137,13.949999809265137,117648,0.0,0.0,0.0
2025-02-17 04:55:00+00:00,13.949999809265137,13.960000038146973,13.949999809265137,13.960000038146973,55450,0.0,0.0,0.0
2025-02-17 05:00:00+00:00,13.960000038146973,13.960000038146973,13.949999809265137,13.949999809265137,34882,0.0,0.0,0.0
2025-02-17 05:05:00+00:00,13.960000038146973,13.960000038146973,13.9399995803833,13.949999809265137,102796,0.0,0.0,0.0
2025-02-17 05:10:00+00:00,13.949999809265137,13.949999809265137,13.9399995803833,13.949999809265137,4527651,0.0,0.0,0.0
2025-02-17 05:15:00+00:00,13.949999809265137,13.949999809265137,13.949999809265137,13.949999809265137,38667,0.0,0.0,0.0
2025-02-17 05:20:00+00:00,13.949999809265137,13.960000038146973,13.949999809265137,13.949999809265137,43235,0.0,0.0,0.0
2025-02-18 01:00:00+00:00,13.979999542236328,13.979999542236328,13.960000038146973,13.970000267028809,0,0.0,0.0,0.0
2025-02-18 01:05:00+00:00,13.970000267028809,13.979999542236328,13.970000267028809,13.970000267028809,198096,0.0,0.0,0.0
2025-02-18 01:10:00+00:00,13.979999542236328,13.979999542236328,13.970000267028809,13.970000267028809,38047,0.0,0.0,0.0
2025-02-18 01:15:00+00:00,13.970000267028809,13.979999542236328,13.970000267028809,13.970000267028809,51607,0.0,0.0,0.0
2025-02-18 01:20:00+00:00,13.979999542236328,13.979999542236328,13.970000267028809,13.970000267028809,23610,0.0,0.0,0.0
2025-02-18 01:25:00+00:00,13.970000267028809,13.979999542236328,13.970000267028809,13.979999542236328,79783,0.0,0.0,0.0
2025-02-18 01:30:00+00:00,13.979999542236328,13.979999542236328,13.970000267028809,13.979999542236328,38252,0.0,0.0,0.0
2025-02-18 01:35:00+00:00,13.979999542236328,13.979999542236328,13.970000267028809,13.979999542236328,29169,0.0,0.0,0.0
2025-02-18 01:40:00+00:00,13.979999542236328,13.979999542236328,13.970000267028809,13.979999542236328,13416,0.0,0.0,0.0
2025-02-18 01:45:00+00:00,13.970000267028809,13.979999542236328,13.970000267028809,13.979999542236328,117513,0.0,0.0,0.0
2025-02-18 01:50:00+00:00,13.979999542236328,13.979999542236328,13.970000267028809,13.979999542236328,19455,0.0,0.0,0.0
2025-02-18 01:55:00+00:00,13.970000267028809,13.979999542236328,13.970000267028809,13.979999542236328,43753,0.0,0.0,0.0
2025-02-18 02:00:00+00:00,13.979999542236328,13.979999542236328,13.970000267028809,13.979999542236328,60149,0.0,0.0,0.0
2025-02-18 02:05:00+00:00,13.979999542236328,13.979999542236328,13.970000267028809,13.979999542236328,156463,0.0,0.0,0.0
2025-02-18 02:10:00+00:00,13.979999542236328,13.979999542236328,13.970000267028809,13.970000267028809,18441,0.0,0.0,0.0
2025-02-18 02:15:00+00:00,13.970000267028809,13.979999542236328,13.970000267028809,13.979999542236328,112668,0.0,0.0,0.0
2025-02-18 02:20:00+00:00,13.970000267028809,13.979999542236328,13.960000038146973,13.970000267028809,101530,0.0,0.0,0.0
2025-02-18 02:25:00+00:00,13.970000267028809,13.979999542236328,13.970000267028809,13.970000267028809,72080,0.0,0.0,0.0
2025-02-18 02:30:00+00:00,13.979999542236328,13.989999771118164,13.970000267028809,13.979999542236328,307115,0.0,0.0,0.0
2025-02-18 02:35:00+00:00,13.989999771118164,14.0,13.979999542236328,13.989999771118164,397817,0.0,0.0,0.0
2025-02-18 02:40:00+00:00,13.989999771118164,13.989999771118164,13.979999542236328,13.979999542236328,36725,0.0,0.0,0.0
2025-02-18 02:45:00+00:00,13.989999771118164,13.989999771118164,13.979999542236328,13.989999771118164,10938,0.0,0.0,0.0
2025-02-18 02:50:00+00:00,13.989999771118164,13.989999771118164,13.979999542236328,13.979999542236328,8881,0.0,0.0,0.0
2025-02-18 02:55:00+00:00,13.979999542236328,13.989999771118164,13.970000267028809,13.979999542236328,74697,0.0,0.0,0.0
2025-02-18 03:00:00+00:00,13.979999542236328,13.989999771118164,13.979999542236328,13.989999771118164,51888,0.0,0.0,0.0
2025-02-18 03:05:00+00:00,13.989999771118164,13.989999771118164,13.979999542236328,13.979999542236328,12097,0.0,0.0,0.0
2025-02-18 03:10:00+00:00,13.979999542236328,13.989999771118164,13.979999542236328,13.989999771118164,25132,0.0,0.0,0.0
2025-02-18 03:15:00+00:00,13.989999771118164,13.989999771118164,13.989999771118164,13.989999771118164,4697,0.0,0.0,0.0
2025-02-18 03:20:00+00:00,13.989999771118164,13.989999771118164,13.989999771118164,13.989999771118164,27352,0.0,0.0,0.0
2025-02-18 03:25:00+00:00,13.989999771118164,13.989999771118164,13.979999542236328,13.989999771118164,25331,0.0,0.0,0.0
2025-02-18 03:30:00+00:00,13.989999771118164,13.989999771118164,13.979999542236328,13.989999771118164,35822,0.0,0.0,0.0
2025-02-18 03:35:00+00:00,13.989999771118164,13.989999771118164,13.979999542236328,13.989999771118164,14143,0.0,0.0,0.0
2025-02-18 03:40:00+00:00,13.979999542236328,14.0,13.979999542236328,14.0,119141,0.0,0.0,0.0
2025-02-18 03:45:00+00:00,13.989999771118164,14.0,13.989999771118164,13.989999771118164,23167,0.0,0.0,0.0
2025-02-18 03:50:00+00:00,13.989999771118164,14.0,13.989999771118164,14.0,12647,0.0,0.0,0.0
2025-02-18 03:55:00+00:00,13.989999771118164,14.0,13.989999771118164,13.989999771118164,22261,0.0,0.0,0.0
2025-02-18 04:00:00+00:00,14.0,14.0,13.989999771118164,14.0,28646,0.0,0.0,0.0
2025-02-18 04:05:00+00:00,13.989999771118164,14.0,13.989999771118164,14.0,44727,0.0,0.0,0.0
2025-02-18 04:10:00+00:00,13.989999771118164,14.0,13.989999771118164,13.989999771118164,23277,0.0,0.0,0.0
2025-02-18 04:15:00+00:00,14.0,14.0,13.989999771118164,14.0,32071,0.0,0.0,0.0
2025-02-18 04:20:00+00:00,14.0,14.0,14.0,14.0,10486,0.0,0.0,0.0
2025-02-18 04:25:00+00:00,14.0,14.0,14.0,14.0,26351,0.0,0.0,0.0
2025-02-18 04:30:00+00:00,14.0,14.0,14.0,14.0,16232,0.0,0.0,0.0
2025-02-18 04:35:00+00:00,13.989999771118164,14.0,13.989999771118164,14.0,11903,0.0,0.0,0.0
2025-02-18 04:40:00+00:00,13.989999771118164,14.0,13.989999771118164,14.0,973010,0.0,0.0,0.0
2025-02-18 04:45:00+00:00,14.0,14.010000228881836,14.0,14.010000228881836,9710,0.0,0.0,0.0
2025-02-18 04:50:00+00:00,14.010000228881836,14.010000228881836,14.0,14.0,35010,0.0,0.0,0.0
2025-02-18 04:55:00+00:00,14.010000228881836,14.010000228881836,14.0,14.010000228881836,95330,0.0,0.0,0.0
2025-02-18 05:00:00+00:00,14.0,14.020000457763672,14.0,14.010000228881836,254749,0.0,0.0,0.0
2025-02-18 05:05:00+00:00,14.010000228881836,14.020000457763672,14.010000228881836,14.010000228881836,92914,0.0,0.0,0.0
2025-02-18 05:10:00+00:00,14.010000228881836,14.020000457763672,14.010000228881836,14.010000228881836,45794,0.0,0.0,0.0
2025-02-18 05:15:00+00:00,14.020000457763672,14.020000457763672,14.0,14.010000228881836,96442,0.0,0.0,0.0
2025-02-18 05:20:00+00:00,14.010000228881836,14.020000457763672,14.010000228881836,14.020000457763672,139102,0.0,0.0,0.0
2025-02-19 01:00:00+00:00,14.050000190734863,14.050000190734863,14.010000228881836,14.020000457763672,0,0.0,0.0,0.0
2025-02-19 01:05:00+00:00,14.020000457763672,14.020000457763672,14.010000228881836,14.010000228881836,152000,0.0,0.0,0.0
2025-02-19 01:10:00+00:00,14.010000228881836,14.010000228881836,14.0,14.0,291614,0.0,0.0,0.0
2025-02-19 01:15:00+00:00,14.0,14.010000228881836,14.0,14.0,114024,0.0,0.0,0.0
2025-02-19 01:20:00+00:00,14.010000228881836,14.020000457763672,14.010000228881836,14.020000457763672,93669,0.0,0.0,0.0
2025-02-19 01:25:00+00:00,14.020000457763672,14.029999732971191,14.010000228881836,14.029999732971191,170115,0.0,0.0,0.0
2025-02-19 01:30:00+00:00,14.029999732971191,14.029999732971191,14.020000457763672,14.029999732971191,16380,0.0,0.0,0.0
2025-02-19 01:35:00+00:00,14.029999732971191,14.029999732971191,14.020000457763672,14.020000457763672,34292,0.0,0.0,0.0
2025-02-19 01:40:00+00:00,14.029999732971191,14.029999732971191,14.029999732971191,14.029999732971191,119448,0.0,0.0,0.0
2025-02-19 01:45:00+00:00,14.039999961853027,14.039999961853027,14.029999732971191,14.029999732971191,32455,0.0,0.0,0.0
2025-02-19 01:50:00+00:00,14.039999961853027,14.039999961853027,14.029999732971191,14.029999732971191,42408,0.0,0.0,0.0
2025-02-19 01:55:00+00:00,14.029999732971191,14.039999961853027,14.029999732971191,14.039999961853027,87228,0.0,0.0,0.0
2025-02-19 02:00:00+00:00,14.039999961853027,14.039999961853027,14.029999732971191,14.029999732971191,142705,0.0,0.0,0.0
2025-02-19 02:05:00+00:00,14.020000457763672,14.020000457763672,14.010000228881836,14.010000228881836,111584,0.0,0.0,0.0
2025-02-19 02:10:00+00:00,14.010000228881836,14.020000457763672,14.010000228881836,14.010000228881836,21912,0.0,0.0,0.0
2025-02-19 02:15:00+00:00,14.020000457763672,14.020000457763672,14.010000228881836,14.020000457763672,20790,0.0,0.0,0.0
2025-02-19 02:20:00+00:00,14.020000457763672,14.020000457763672,14.010000228881836,14.020000457763672,25067,0.0,0.0,0.0
2025-02-19 02:25:00+00:00,14.010000228881836,14.020000457763672,14.010000228881836,14.020000457763672,70225,0.0,0.0,0.0
2025-02-19 02:30:00+00:00,14.020000457763672,14.020000457763672,14.010000228881836,14.010000228881836,21668,0.0,0.0,0.0
2025-02-19 02:35:00+00:00,14.010000228881836,14.020000457763672,14.0,14.0,44105,0.0,0.0,0.0
2025-02-19 02:40:00+00:00,14.0,14.020000457763672,14.0,14.010000228881836,45135,0.0,0.0,0.0
2025-02-19 02:45:00+00:00,14.020000457763672,14.020000457763672,14.010000228881836,14.010000228881836,15630,0.0,0.0,0.0
2025-02-19 02:50:00+00:00,14.010000228881836,14.020000457763672,14.010000228881836,14.010000228881836,21035,0.0,0.0,0.0
2025-02-19 02:55:00+00:00,14.010000228881836,14.020000457763672,14.010000228881836,14.010000228881836,17336,0.0,0.0,0.0
2025-02-19 03:00:00+00:00,14.020000457763672,14.020000457763672,14.010000228881836,14.020000457763672,5841,0.0,0.0,0.0
2025-02-19 03:05:00+00:00,14.020000457763672,14.029999732971191,14.020000457763672,14.020000457763672,182452,0.0,0.0,0.0
2025-02-19 03:10:00+00:00,14.020000457763672,14.029999732971191,14.020000457763672,14.029999732971191,12626,0.0,0.0,0.0
2025-02-19 03:15:00+00:00,14.029999732971191,14.029999732971191,14.020000457763672,14.020000457763672,38753,0.0,0.0,0.0
2025-02-19 03:20:00+00:00,14.029999732971191,14.029999732971191,14.020000457763672,14.029999732971191,15176,0.0,0.0,0.0
2025-02-19 03:25:00+00:00,14.029999732971191,14.029999732971191,14.020000457763672,14.029999732971191,25406,0.0,0.0,0.0
2025-02-19 03:30:00+00:00,14.029999732971191,14.029999732971191,14.029999732971191,14.029999732971191,42283,0.0,0.0,0.0
2025-02-19 03:35:00+00:00,14.029999732971191,14.029999732971191,14.029999732971191,14.029999732971191,72683,0.0,0.0,0.0
2025-02-19 03:40:00+00:00,14.029999732971191,14.039999961853027,14.029999732971191,14.029999732971191,9546,0.0,0.0,0.0
2025-02-19 03:45:00+00:00,14.029999732971191,14.039999961853027,14.029999732971191,14.039999961853027,105963,0.0,0.0,0.0
2025-02-19 03:50:00+00:00,14.039999961853027,14.039999961853027,14.029999732971191,14.029999732971191,14236,0.0,0.0,0.0
2025-02-19 03:55:00+00:00,14.039999961853027,14.039999961853027,14.020000457763672,14.020000457763672,42202,0.0,0.0,0.0
2025-02-19 04:00:00+00:00,14.029999732971191,14.029999732971191,14.020000457763672,14.029999732971191,19214,0.0,0.0,0.0
2025-02-19 04:05:00+00:00,14.029999732971191,14.029999732971191,14.029999732971191,14.029999732971191,7885,0.0,0.0,0.0
2025-02-19 04:10:00+00:00,14.029999732971191,14.029999732971191,14.020000457763672,14.029999732971191,157234,0.0,0.0,0.0
2025-02-19 04:15:00+00:00,14.029999732971191,14.029999732971191,14.020000457763672,14.029999732971191,60114,0.0,0.0,0.0
2025-02-19 04:20:00+00:00,14.020000457763672,14.029999732971191,14.020000457763672,14.020000457763672,28428,0.0,0.0,0.0
2025-02-19 04:25:00+00:00,14.029999732971191,14.029999732971191,14.020000457763672,14.020000457763672,17553,0.0,0.0,0.0
2025-02-19 04:30:00+00:00,14.029999732971191,14.029999732971191,14.020000457763672,14.020000457763672,69517,0.0,0.0,0.0
2025-02-19 04:35:00+00:00,14.020000457763672,14.029999732971191,14.010000228881836,14.020000457763672,116229,0.0,0.0,0.0
2025-02-19 04:40:00+00:00,14.010000228881836,14.020000457763672,14.010000228881836,14.010000228881836,115536,0.0,0.0,0.0
2025-02-19 04:45:00+00:00,14.010000228881836,14.010000228881836,14.0,14.0,25051,0.0,0.0,0.0
2025-02-19 04:50:00+00:00,14.010000228881836,14.010000228881836,14.010000228881836,14.010000228881836,18449,0.0,0.0,0.0
2025-02-19 04:55:00+00:00,14.0,14.010000228881836,14.0,14.0,176278,0.0,0.0,0.0
2025-02-19 05:00:00+00:00,14.0,14.010000228881836,14.0,14.010000228881836,52470,0.0,0.0,0.0
2025-02-19 05:05:00+00:00,14.010000228881836,14.010000228881836,14.0,14.010000228881836,55764,0.0,0.0,0.0
2025-02-19 05:10:00+00:00,14.010000228881836,14.020000457763672,14.0,14.010000228881836,65042,0.0,0.0,0.0
2025-02-19 05:15:00+00:00,14.010000228881836,14.010000228881836,14.0,14.010000228881836,57846,0.0,0.0,0.0
2025-02-19 05:20:00+00:00,14.010000228881836,14.010000228881836,14.0,14.010000228881836,26991,0.0,0.0,0.0
2025-02-20 01:00:00+00:00,14.0,14.0,13.970000267028809,13.970000267028809,0,0.0,0.0,0.0
2025-02-20 01:05:00+00:00,13.970000267028809,13.970000267028809,13.9399995803833,13.9399995803833,308229,0.0,0.0,0.0
2025-02-20 01:10:00+00:00,13.949999809265137,13.949999809265137,13.9399995803833,13.9399995803833,118319,0.0,0.0,0.0
2025-02-20 01:15:00+00:00,13.9399995803833,13.9399995803833,13.930000305175781,13.9399995803833,89755,0.0,0.0,0.0
2025-02-20 01:20:00+00:00,13.9399995803833,13.9399995803833,13.930000305175781,13.9399995803833,66756,0.0,0.0,0.0
2025-02-20 01:25:00+00:00,13.9399995803833,13.9399995803833,13.930000305175781,13.9399995803833,43805,0.0,0.0,0.0
2025-02-20 01:30:00+00:00,13.9399995803833,13.960000038146973,13.9399995803833,13.949999809265137,87874,0.0,0.0,0.0
2025-02-20 01:35:00+00:00,13.949999809265137,13.960000038146973,13.949999809265137,13.960000038146973,39705,0.0,0.0,0.0
2025-02-20 01:40:00+00:00,13.949999809265137,13.960000038146973,13.9399995803833,13.9399995803833,111647,0.0,0.0,0.0
2025-02-20 01:45:00+00:00,13.949999809265137,13.949999809265137,13.9399995803833,13.9399995803833,77080,0.0,0.0,0.0
2025-02-20 01:50:00+00:00,13.9399995803833,13.9399995803833,13.930000305175781,13.930000305175781,46559,0.0,0.0,0.0
2025-02-20 01:55:00+00:00,13.9399995803833,13.9399995803833,13.930000305175781,13.9399995803833,62013,0.0,0.0,0.0
2025-02-20 02:00:00+00:00,13.9399995803833,13.9399995803833,13.930000305175781,13.9399995803833,52980,0.0,0.0,0.0
2025-02-20 02:05:00+00:00,13.9399995803833,13.9399995803833,13.930000305175781,13.9399995803833,181913,0.0,0.0,0.0
2025-02-20 02:10:00+00:00,13.9399995803833,13.960000038146973,13.9399995803833,13.960000038146973,55448,0.0,0.0,0.0
2025-02-20 02:15:00+00:00,13.960000038146973,13.960000038146973,13.949999809265137,13.960000038146973,32473,0.0,0.0,0.0
2025-02-20 02:20:00+00:00,13.960000038146973,13.960000038146973,13.949999809265137,13.960000038146973,67186,0.0,0.0,0.0
2025-02-20 02:25:00+00:00,13.960000038146973,13.960000038146973,13.960000038146973,13.960000038146973,12428,0.0,0.0,0.0
2025-02-20 02:30:00+00:00,13.960000038146973,13.960000038146973,13.949999809265137,13.949999809265137,20046,0.0,0.0,0.0
2025-02-20 02:35:00+00:00,13.949999809265137,13.960000038146973,13.949999809265137,13.960000038146973,21039,0.0,0.0,0.0
2025-02-20 02:40:00+00:00,13.960000038146973,13.970000267028809,13.960000038146973,13.970000267028809,24223,0.0,0.0,0.0
2025-02-20 02:45:00+00:00,13.970000267028809,13.970000267028809,13.970000267028809,13.970000267028809,9434,0.0,0.0,0.0
2025-02-20 02:50:00+00:00,13.970000267028809,13.970000267028809,13.960000038146973,13.960000038146973,16734,0.0,0.0,0.0
2025-02-20 02:55:00+00:00,13.960000038146973,13.970000267028809,13.960000038146973,13.970000267028809,57100,0.0,0.0,0.0
2025-02-20 03:00:00+00:00,13.970000267028809,13.970000267028809,13.960000038146973,13.960000038146973,62022,0.0,0.0,0.0
2025-02-20 03:05:00+00:00,13.960000038146973,13.960000038146973,13.949999809265137,13.949999809265137,23747,0.0,0.0,0.0
2025-02-20 03:10:00+00:00,13.960000038146973,13.960000038146973,13.949999809265137,13.960000038146973,20133,0.0,0.0,0.0
2025-02-20 03:15:00+00:00,13.960000038146973,13.960000038146973,13.949999809265137,13.949999809265137,13223,0.0,0.0,0.0
2025-02-20 03:20:00+00:00,13.960000038146973,13.979999542236328,13.949999809265137,13.979999542236328,201968,0.0,0.0,0.0
2025-02-20 03:25:00+00:00,13.979999542236328,13.979999542236328,13.970000267028809,13.979999542236328,6130,0.0,0.0,0.0
2025-02-20 03:30:00+00:00,13.979999542236328,13.979999542236328,13.970000267028809,13.970000267028809,29825,0.0,0.0,0.0
2025-02-20 03:35:00+00:00,13.979999542236328,13.979999542236328,13.979999542236328,13.979999542236328,26023,0.0,0.0,0.0
2025-02-20 03:40:00+00:00,13.979999542236328,13.979999542236328,13.970000267028809,13.970000267028809,13909,0.0,0.0,0.0
2025-02-20 03:45:00+00:00,13.979999542236328,13.979999542236328,13.970000267028809,13.979999542236328,16063,0.0,0.0,0.0
2025-02-20 03:50:00+00:00,13.979999542236328,13.989999771118164,13.979999542236328,13.979999542236328,32013,0.0,0.0,0.0
2025-02-20 03:55:00+00:00,13.979999542236328,13.989999771118164,13.979999542236328,13.989999771118164,26824,0.0,0.0,0.0
2025-02-20 04:00:00+00:00,13.989999771118164,13.989999771118164,13.979999542236328,13.979999542236328,15068,0.0,0.0,0.0
2025-02-20 04:05:00+00:00,13.979999542236328,13.989999771118164,13.979999542236328,13.979999542236328,78041,0.0,0.0,0.0
2025-02-20 04:10:00+00:00,13.979999542236328,13.979999542236328,13.970000267028809,13.970000267028809,26177,0.0,0.0,0.0
2025-02-20 04:15:00+00:00,13.979999542236328,13.979999542236328,13.979999542236328,13.979999542236328,3091,0.0,0.0,0.0
2025-02-20 04:20:00+00:00,13.979999542236328,13.979999542236328,13.970000267028809,13.970000267028809,14258,0.0,0.0,0.0
2025-02-20 04:25:00+00:00,13.979999542236328,13.979999542236328,13.979999542236328,13.979999542236328,14214,0.0,0.0,0.0
2025-02-20 04:30:00+00:00,13.979999542236328,13.979999542236328,13.970000267028809,13.979999542236328,16775,0.0,0.0,0.0
2025-02-20 04:35:00+00:00,13.979999542236328,13.979999542236328,13.970000267028809,13.979999542236328,21293,0.0,0.0,0.0
2025-02-20 04:40:00+00:00,13.979999542236328,13.979999542236328,13.979999542236328,13.979999542236328,17350,0.0,0.0,0.0
2025-02-20 04:45:00+00:00,13.979999542236328,13.979999542236328,13.970000267028809,13.970000267028809,83893,0.0,0.0,0.0
2025-02-20 04:50:00+00:00,13.970000267028809,13.979999542236328,13.970000267028809,13.970000267028809,40209,0.0,0.0,0.0
2025-02-20 04:55:00+00:00,13.960000038146973,13.970000267028809,13.960000038146973,13.970000267028809,89000,0.0,0.0,0.0
2025-02-20 05:00:00+00:00,13.979999542236328,13.979999542236328,13.970000267028809,13.979999542236328,41074,0.0,0.0,0.0
2025-02-20 05:05:00+00:00,13.979999542236328,13.979999542236328,13.970000267028809,13.979999542236328,32601,0.0,0.0,0.0
2025-02-20 05:10:00+00:00,13.979999542236328,13.979999542236328,13.970000267028809,13.970000267028809,14508,0.0,0.0,0.0
2025-02-20 05:15:00+00:00,13.979999542236328,13.979999542236328,13.970000267028809,13.970000267028809,247532,0.0,0.0,0.0
2025-02-20 05:20:00+00:00,13.960000038146973,13.979999542236328,13.960000038146973,13.970000267028809,127396,0.0,0.0,0.0
2025-02-21 01:00:00+00:00,13.970000267028809,13.979999542236328,13.970000267028809,13.970000267028809,0,0.0,0.0,0.0
2025-02-21 01:05:00+00:00,13.970000267028809,13.970000267028809,13.960000038146973,13.960000038146973,135450,0.0,0.0,0.0
2025-02-21 01:10:00+00:00,13.970000267028809,13.970000267028809,13.949999809265137,13.949999809265137,44837,0.0,0.0,0.0
2025-02-21 01:15:00+00:00,13.949999809265137,13.960000038146973,13.949999809265137,13.949999809265137,195757,0.0,0.0,0.0
2025-02-21 01:20:00+00:00,13.960000038146973,13.970000267028809,13.960000038146973,13.970000267028809,42455,0.0,0.0,0.0
2025-02-21 01:25:00+00:00,13.970000267028809,13.979999542236328,13.970000267028809,13.979999542236328,34723,0.0,0.0,0.0
2025-02-21 01:30:00+00:00,13.989999771118164,13.989999771118164,13.979999542236328,13.979999542236328,32234,0.0,0.0,0.0
2025-02-21 01:35:00+00:00,13.979999542236328,14.010000228881836,13.979999542236328,14.010000228881836,199634,0.0,0.0,0.0
2025-02-21 01:40:00+00:00,14.010000228881836,14.020000457763672,14.010000228881836,14.020000457763672,70495,0.0,0.0,0.0
2025-02-21 01:45:00+00:00,14.020000457763672,14.020000457763672,14.010000228881836,14.010000228881836,53639,0.0,0.0,0.0
2025-02-21 01:50:00+00:00,14.010000228881836,14.020000457763672,14.010000228881836,14.010000228881836,13706,0.0,0.0,0.0
2025-02-21 01:55:00+00:00,14.010000228881836,14.020000457763672,14.010000228881836,14.020000457763672,117074,0.0,0.0,0.0
2025-02-21 02:00:00+00:00,14.010000228881836,14.020000457763672,14.010000228881836,14.010000228881836,156504,0.0,0.0,0.0
2025-02-21 02:05:00+00:00,14.010000228881836,14.020000457763672,14.0,14.010000228881836,203431,0.0,0.0,0.0
2025-02-21 02:10:00+00:00,14.010000228881836,14.029999732971191,14.010000228881836,14.029999732971191,60858,0.0,0.0,0.0
2025-02-21 02:15:00+00:00,14.029999732971191,14.050000190734863,14.029999732971191,14.050000190734863,137102,0.0,0.0,0.0
2025-02-21 02:20:00+00:00,14.050000190734863,14.0600004196167,14.050000190734863,14.050000190734863,141454,0.0,0.0,0.0
2025-02-21 02:25:00+00:00,14.050000190734863,14.0600004196167,14.050000190734863,14.0600004196167,120996,0.0,0.0,0.0
2025-02-21 02:30:00+00:00,14.0600004196167,14.0600004196167,14.050000190734863,14.0600004196167,45472,0.0,0.0,0.0
2025-02-21 02:35:00+00:00,14.0600004196167,14.0600004196167,14.0600004196167,14.0600004196167,68134,0.0,0.0,0.0
2025-02-21 02:40:00+00:00,14.0600004196167,14.0600004196167,14.0600004196167,14.0600004196167,68255,0.0,0.0,0.0
2025-02-21 02:45:00+00:00,14.0600004196167,14.0600004196167,14.050000190734863,14.0600004196167,14554,0.0,0.0,0.0
2025-02-21 02:50:00+00:00,14.050000190734863,14.0600004196167,14.050000190734863,14.0600004196167,81874,0.0,0.0,0.0
2025-02-21 02:55:00+00:00,14.050000190734863,14.050000190734863,14.050000190734863,14.050000190734863,54000,0.0,0.0,0.0
2025-02-21 03:00:00+00:00,14.0600004196167,14.0600004196167,14.050000190734863,14.050000190734863,269118,0.0,0.0,0.0
2025-02-21 03:05:00+00:00,14.050000190734863,14.0600004196167,14.039999961853027,14.0600004196167,106061,0.0,0.0,0.0
2025-02-21 03:10:00+00:00,14.0600004196167,14.0600004196167,14.050000190734863,14.0600004196167,35570,0.0,0.0,0.0
2025-02-21 03:15:00+00:00,14.050000190734863,14.050000190734863,14.039999961853027,14.050000190734863,13062,0.0,0.0,0.0
2025-02-21 03:20:00+00:00,14.050000190734863,14.0600004196167,14.050000190734863,14.0600004196167,43508,0.0,0.0,0.0
2025-02-21 03:25:00+00:00,14.0600004196167,14.0600004196167,14.050000190734863,14.0600004196167,11180,0.0,0.0,0.0
2025-02-21 03:30:00+00:00,14.0600004196167,14.0600004196167,14.050000190734863,14.0600004196167,10006,0.0,0.0,0.0
2025-02-21 03:35:00+00:00,14.0600004196167,14.0600004196167,14.050000190734863,14.050000190734863,14044,0.0,0.0,0.0
2025-02-21 03:40:00+00:00,14.0600004196167,14.0600004196167,14.050000190734863,14.0600004196167,12605,0.0,0.0,0.0
2025-02-21 03:45:00+00:00,14.0600004196167,14.0600004196167,14.050000190734863,14.0600004196167,331653,0.0,0.0,0.0
2025-02-21 03:50:00+00:00,14.050000190734863,14.0600004196167,14.050000190734863,14.0600004196167,63619,0.0,0.0,0.0
2025-02-21 03:55:00+00:00,14.0600004196167,14.0600004196167,14.0600004196167,14.0600004196167,19318,0.0,0.0,0.0
2025-02-21 04:00:00+00:00,14.0600004196167,14.0600004196167,14.0600004196167,14.0600004196167,39148,0.0,0.0,0.0
2025-02-21 04:05:00+00:00,14.0600004196167,14.0600004196167,14.0600004196167,14.0600004196167,70120,0.0,0.0,0.0
2025-02-21 04:10:00+00:00,14.0600004196167,14.0600004196167,14.0600004196167,14.0600004196167,140118,0.0,0.0,0.0
2025-02-21 04:15:00+00:00,14.050000190734863,14.0600004196167,14.050000190734863,14.0600004196167,41614,0.0,0.0,0.0
2025-02-21 04:20:00+00:00,14.0600004196167,14.069999694824219,14.0600004196167,14.069999694824219,104272,0.0,0.0,0.0
2025-02-21 04:25:00+00:00,14.0600004196167,14.0600004196167,14.0600004196167,14.0600004196167,32330,0.0,0.0,0.0
2025-02-21 04:30:00+00:00,14.0600004196167,14.0600004196167,14.050000190734863,14.0600004196167,54167,0.0,0.0,0.0
2025-02-21 04:35:00+00:00,14.0600004196167,14.0600004196167,14.050000190734863,14.0600004196167,6833,0.0,0.0,0.0
2025-02-21 04:40:00+00:00,14.0600004196167,14.0600004196167,14.050000190734863,14.050000190734863,50908,0.0,0.0,0.0
2025-02-21 04:45:00+00:00,14.050000190734863,14.0600004196167,14.050000190734863,14.050000190734863,64282,0.0,0.0,0.0
2025-02-21 04:50:00+00:00,14.050000190734863,14.0600004196167,14.050000190734863,14.050000190734863,49510,0.0,0.0,0.0
2025-02-21 04:55:00+00:00,14.050000190734863,14.0600004196167,14.050000190734863,14.0600004196167,31826,0.0,0.0,0.0
2025-02-21 05:00:00+00:00,14.0600004196167,14.0600004196167,14.0600004196167,14.0600004196167,229166,0.0,0.0,0.0
2025-02-21 05:05:00+00:00,14.050000190734863,14.050000190734863,14.050000190734863,14.050000190734863,6273,0.0,0.0,0.0
2025-02-21 05:10:00+00:00,14.050000190734863,14.0600004196167,14.050000190734863,14.0600004196167,106484,0.0,0.0,0.0
2025-02-21 05:15:00+00:00,14.069999694824219,14.069999694824219,14.050000190734863,14.050000190734863,199603,0.0,0.0,0.0
2025-02-21 05:20:00+00:00,14.0600004196167,14.0600004196167,14.050000190734863,14.0600004196167,46355,0.0,0.0,0.0
2025-02-24 01:00:00+00:00,13.989999771118164,13.989999771118164,13.970000267028809,13.970000267028809,0,0.0,0.0,0.0
2025-02-24 01:05:00+00:00,13.970000267028809,13.979999542236328,13.960000038146973,13.979999542236328,277266,0.0,0.0,0.0
2025-02-24 01:10:00+00:00,13.989999771118164,13.989999771118164,13.970000267028809,13.970000267028809,89678,0.0,0.0,0.0
2025-02-24 01:15:00+00:00,13.970000267028809,13.979999542236328,13.970000267028809,13.979999542236328,83229,0.0,0.0,0.0
2025-02-24 01:20:00+00:00,13.979999542236328,13.979999542236328,13.970000267028809,13.979999542236328,77616,0.0,0.0,0.0
2025-02-24 01:25:00+00:00,13.979999542236328,13.989999771118164,13.970000267028809,13.979999542236328,322987,0.0,0.0,0.0
2025-02-24 01:30:00+00:00,13.979999542236328,13.989999771118164,13.979999542236328,13.979999542236328,25993,0.0,0.0,0.0
2025-02-24 01:35:00+00:00,13.979999542236328,13.979999542236328,13.970000267028809,13.970000267028809,28969,0.0,0.0,0.0
2025-02-24 01:40:00+00:00,13.979999542236328,13.989999771118164,13.979999542236328,13.979999542236328,47822,0.0,0.0,0.0
2025-02-24 01:45:00+00:00,13.989999771118164,13.989999771118164,13.989999771118164,13.989999771118164,52607,0.0,0.0,0.0
2025-02-24 01:50:00+00:00,14.0,14.010000228881836,14.0,14.0,143381,0.0,0.0,0.0
2025-02-24 01:55:00+00:00,14.0,14.0,14.0,14.0,19588,0.0,0.0,0.0
2025-02-24 02:00:00+00:00,14.0,14.0,13.989999771118164,13.989999771118164,77893,0.0,0.0,0.0
2025-02-24 02:05:00+00:00,13.989999771118164,14.0,13.989999771118164,14.0,14282,0.0,0.0,0.0
2025-02-24 02:10:00+00:00,14.0,14.0,13.989999771118164,14.0,9954,0.0,0.0,0.0
2025-02-24 02:15:00+00:00,13.989999771118164,14.0,13.989999771118164,13.989999771118164,74715,0.0,0.0,0.0
2025-02-24 02:20:00+00:00,14.0,14.0,13.989999771118164,14.0,39446,0.0,0.0,0.0
2025-02-24 02:25:00+00:00,14.0,14.0,13.989999771118164,13.989999771118164,56112,0.0,0.0,0.0
2025-02-24 02:30:00+00:00,14.0,14.0,13.989999771118164,14.0,38106,0.0,0.0,0.0
2025-02-24 02:35:00+00:00,14.0,14.0,14.0,14.0,29109,0.0,0.0,0.0
2025-02-24 02:40:00+00:00,14.0,14.0,13.989999771118164,13.989999771118164,28115,0.0,0.0,0.0
2025-02-24 02:45:00+00:00,14.0,14.010000228881836,13.989999771118164,14.010000228881836,235616,0.0,0.0,0.0
2025-02-24 02:50:00+00:00,14.010000228881836,14.010000228881836,14.0,14.010000228881836,28094,0.0,0.0,0.0
2025-02-24 02:55:00+00:00,14.010000228881836,14.010000228881836,14.010000228881836,14.010000228881836,25702,0.0,0.0,0.0
2025-02-24 03:00:00+00:00,14.010000228881836,14.010000228881836,14.010000228881836,14.010000228881836,30029,0.0,0.0,0.0
2025-02-24 03:05:00+00:00,14.010000228881836,14.010000228881836,14.010000228881836,14.010000228881836,58364,0.0,0.0,0.0
2025-02-24 03:10:00+00:00,14.020000457763672,14.020000457763672,14.010000228881836,14.020000457763672,16217,0.0,0.0,0.0
2025-02-24 03:15:00+00:00,14.010000228881836,14.020000457763672,14.010000228881836,14.020000457763672,30514,0.0,0.0,0.0
2025-02-24 03:20:00+00:00,14.020000457763672,14.029999732971191,14.010000228881836,14.020000457763672,24287,0.0,0.0,0.0
2025-02-24 03:25:00+00:00,14.020000457763672,14.020000457763672,14.010000228881836,14.010000228881836,22015,0.0,0.0,0.0
2025-02-24 03:30:00+00:00,14.020000457763672,14.020000457763672,14.020000457763672,14.020000457763672,2129,0.0,0.0,0.0
2025-02-24 03:35:00+00:00,14.020000457763672,14.020000457763672,14.010000228881836,14.020000457763672,24038,0.0,0.0,0.0
2025-02-24 03:40:00+00:00,14.020000457763672,14.020000457763672,14.020000457763672,14.020000457763672,23000,0.0,0.0,0.0
2025-02-24 03:45:00+00:00,14.020000457763672,14.020000457763672,14.010000228881836,14.020000457763672,30598,0.0,0.0,0.0
2025-02-24 03:50:00+00:00,14.029999732971191,14.029999732971191,14.020000457763672,14.029999732971191,31053,0.0,0.0,0.0
2025-02-24 03:55:00+00:00,14.020000457763672,14.029999732971191,14.020000457763672,14.029999732971191,10831,0.0,0.0,0.0
2025-02-24 04:00:00+00:00,14.029999732971191,14.029999732971191,14.020000457763672,14.020000457763672,9333,0.0,0.0,0.0
2025-02-24 04:05:00+00:00,14.029999732971191,14.029999732971191,14.029999732971191,14.029999732971191,12131,0.0,0.0,0.0
2025-02-24 04:10:00+00:00,14.029999732971191,14.029999732971191,14.020000457763672,14.029999732971191,19569,0.0,0.0,0.0
2025-02-24 04:15:00+00:00,14.020000457763672,14.029999732971191,14.020000457763672,14.029999732971191,20348,0.0,0.0,0.0
2025-02-24 04:20:00+00:00,14.020000457763672,14.029999732971191,14.020000457763672,14.020000457763672,11510,0.0,0.0,0.0
2025-02-24 04:25:00+00:00,14.029999732971191,14.029999732971191,14.020000457763672,14.020000457763672,8474,0.0,0.0,0.0
2025-02-24 04:30:00+00:00,14.029999732971191,14.029999732971191,14.020000457763672,14.029999732971191,21217,0.0,0.0,0.0
2025-02-24 04:35:00+00:00,14.020000457763672,14.029999732971191,14.020000457763672,14.029999732971191,26410,0.0,0.0,0.0
2025-02-24 04:40:00+00:00,14.029999732971191,14.029999732971191,14.020000457763672,14.020000457763672,27229,0.0,0.0,0.0
2025-02-24 04:45:00+00:00,14.020000457763672,14.029999732971191,14.020000457763672,14.029999732971191,14356,0.0,0.0,0.0
2025-02-24 04:50:00+00:00,14.029999732971191,14.029999732971191,14.020000457763672,14.029999732971191,29300,0.0,0.0,0.0
2025-02-24 04:55:00+00:00,14.029999732971191,14.029999732971191,14.020000457763672,14.029999732971191,22101,0.0,0.0,0.0
2025-02-24 05:00:00+00:00,14.020000457763672,14.029999732971191,14.020000457763672,14.029999732971191,97850,0.0,0.0,0.0
2025-02-24 05:05:00+00:00,14.039999961853027,14.039999961853027,14.029999732971191,14.029999732971191,53327,0.0,0.0,0.0
2025-02-24 05:10:00+00:00,14.039999961853027,14.039999961853027,14.029999732971191,14.039999961853027,14107,0.0,0.0,0.0
2025-02-24 05:15:00+00:00,14.039999961853027,14.050000190734863,14.039999961853027,14.039999961853027,9576,0.0,0.0,0.0
2025-02-24 05:20:00+00:00,14.039999961853027,14.050000190734863,14.039999961853027,14.050000190734863,14342,0.0,0.0,0.0
2025-02-25 01:00:00+00:00,13.960000038146973,13.960000038146973,13.90999984741211,13.9399995803833,0,0.0,0.0,0.0
2025-02-25 01:05:00+00:00,13.9399995803833,13.9399995803833,13.890000343322754,13.899999618530273,730000,0.0,0.0,0.0
2025-02-25 01:10:00+00:00,13.899999618530273,13.899999618530273,13.890000343322754,13.890000343322754,398896,0.0,0.0,0.0
2025-02-25 01:15:00+00:00,13.890000343322754,13.899999618530273,13.890000343322754,13.899999618530273,150392,0.0,0.0,0.0
2025-02-25 01:20:00+00:00,13.899999618530273,13.899999618530273,13.880000114440918,13.890000343322754,268580,0.0,0.0,0.0
2025-02-25 01:25:00+00:00,13.890000343322754,13.890000343322754,13.869999885559082,13.880000114440918,477945,0.0,0.0,0.0
2025-02-25 01:30:00+00:00,13.880000114440918,13.890000343322754,13.880000114440918,13.880000114440918,195334,0.0,0.0,0.0
2025-02-25 01:35:00+00:00,13.890000343322754,13.890000343322754,13.880000114440918,13.890000343322754,107176,0.0,0.0,0.0
2025-02-25 01:40:00+00:00,13.890000343322754,13.890000343322754,13.880000114440918,13.890000343322754,42955,0.0,0.0,0.0
2025-02-25 01:45:00+00:00,13.899999618530273,13.899999618530273,13.890000343322754,13.899999618530273,85455,0.0,0.0,0.0
2025-02-25 01:50:00+00:00,13.899999618530273,13.90999984741211,13.890000343322754,13.899999618530273,103353,0.0,0.0,0.0
2025-02-25 01:55:00+00:00,13.899999618530273,13.899999618530273,13.899999618530273,13.899999618530273,85463,0.0,0.0,0.0
2025-02-25 02:00:00+00:00,13.899999618530273,13.930000305175781,13.899999618530273,13.930000305175781,34181,0.0,0.0,0.0
2025-02-25 02:05:00+00:00,13.930000305175781,13.930000305175781,13.920000076293945,13.930000305175781,27963,0.0,0.0,0.0
2025-02-25 02:10:00+00:00,13.9399995803833,13.9399995803833,13.920000076293945,13.930000305175781,65088,0.0,0.0,0.0
2025-02-25 02:15:00+00:00,13.9399995803833,13.9399995803833,13.920000076293945,13.930000305175781,17713,0.0,0.0,0.0
2025-02-25 02:20:00+00:00,13.930000305175781,13.930000305175781,13.920000076293945,13.930000305175781,130011,0.0,0.0,0.0
2025-02-25 02:25:00+00:00,13.930000305175781,13.930000305175781,13.920000076293945,13.930000305175781,26079,0.0,0.0,0.0
2025-02-25 02:30:00+00:00,13.920000076293945,13.930000305175781,13.920000076293945,13.920000076293945,35803,0.0,0.0,0.0
2025-02-25 02:35:00+00:00,13.920000076293945,13.930000305175781,13.920000076293945,13.930000305175781,9473,0.0,0.0,0.0
2025-02-25 02:40:00+00:00,13.920000076293945,13.930000305175781,13.920000076293945,13.930000305175781,22001,0.0,0.0,0.0
2025-02-25 02:45:00+00:00,13.930000305175781,13.930000305175781,13.930000305175781,13.930000305175781,12424,0.0,0.0,0.0
2025-02-25 02:50:00+00:00,13.930000305175781,13.930000305175781,13.920000076293945,13.930000305175781,48913,0.0,0.0,0.0
2025-02-25 02:55:00+00:00,13.930000305175781,13.930000305175781,13.930000305175781,13.930000305175781,11347,0.0,0.0,0.0
2025-02-25 03:00:00+00:00,13.930000305175781,13.930000305175781,13.920000076293945,13.920000076293945,20152,0.0,0.0,0.0
2025-02-25 03:05:00+00:00,13.930000305175781,13.930000305175781,13.920000076293945,13.930000305175781,17126,0.0,0.0,0.0
2025-02-25 03:10:00+00:00,13.930000305175781,13.930000305175781,13.920000076293945,13.930000305175781,33500,0.0,0.0,0.0
2025-02-25 03:15:00+00:00,13.930000305175781,13.930000305175781,13.930000305175781,13.930000305175781,9077,0.0,0.0,0.0
2025-02-25 03:20:00+00:00,13.9399995803833,13.9399995803833,13.930000305175781,13.930000305175781,34533,0.0,0.0,0.0
2025-02-25 03:25:00+00:00,13.9399995803833,13.9399995803833,13.930000305175781,13.930000305175781,116776,0.0,0.0,0.0
2025-02-25 03:30:00+00:00,13.930000305175781,13.930000305175781,13.930000305175781,13.930000305175781,45326,0.0,0.0,0.0
2025-02-25 03:35:00+00:00,13.930000305175781,13.930000305175781,13.930000305175781,13.930000305175781,31225,0.0,0.0,0.0
2025-02-25 03:40:00+00:00,13.930000305175781,13.930000305175781,13.930000305175781,13.930000305175781,17868,0.0,0.0,0.0
2025-02-25 03:45:00+00:00,13.920000076293945,13.930000305175781,13.920000076293945,13.930000305175781,32267,0.0,0.0,0.0
2025-02-25 03:50:00+00:00,13.930000305175781,13.9399995803833,13.930000305175781,13.9399995803833,22887,0.0,0.0,0.0
2025-02-25 03:55:00+00:00,13.9399995803833,13.9399995803833,13.930000305175781,13.930000305175781,131333,0.0,0.0,0.0
2025-02-25 04:00:00+00:00,13.930000305175781,13.930000305175781,13.930000305175781,13.930000305175781,24923,0.0,0.0,0.0
2025-02-25 04:05:00+00:00,13.920000076293945,13.930000305175781,13.920000076293945,13.920000076293945,15255,0.0,0.0,0.0
2025-02-25 04:10:00+00:00,13.930000305175781,13.930000305175781,13.920000076293945,13.930000305175781,62036,0.0,0.0,0.0
2025-02-25 04:15:00+00:00,13.930000305175781,13.9399995803833,13.920000076293945,13.9399995803833,62623,0.0,0.0,0.0
2025-02-25 04:20:00+00:00,13.9399995803833,13.9399995803833,13.930000305175781,13.930000305175781,22214,0.0,0.0,0.0
2025-02-25 04:25:00+00:00,13.930000305175781,13.930000305175781,13.920000076293945,13.930000305175781,92382,0.0,0.0,0.0
2025-02-25 04:30:00+00:00,13.930000305175781,13.930000305175781,13.90999984741211,13.920000076293945,144721,0.0,0.0,0.0
2025-02-25 04:35:00+00:00,13.920000076293945,13.920000076293945,13.90999984741211,13.90999984741211,48349,0.0,0.0,0.0
2025-02-25 04:40:00+00:00,13.90999984741211,13.920000076293945,13.90999984741211,13.90999984741211,38775,0.0,0.0,0.0
2025-02-25 04:45:00+00:00,13.920000076293945,13.920000076293945,13.899999618530273,13.90999984741211,608506,0.0,0.0,0.0
2025-02-25 04:50:00+00:00,13.90999984741211,13.90999984741211,13.890000343322754,13.890000343322754,158080,0.0,0.0,0.0
2025-02-25 04:55:00+00:00,13.899999618530273,13.899999618530273,13.899999618530273,13.899999618530273,28611,0.0,0.0,0.0
2025-02-25 05:00:00+00:00,13.90999984741211,13.90999984741211,13.90999984741211,13.90999984741211,17571,0.0,0.0,0.0
2025-02-25 05:05:00+00:00,13.90999984741211,13.920000076293945,13.90999984741211,13.920000076293945,45584,0.0,0.0,0.0
2025-02-25 05:10:00+00:00,13.90999984741211,13.920000076293945,13.90999984741211,13.90999984741211,71152,0.0,0.0,0.0
2025-02-25 05:15:00+00:00,13.920000076293945,13.920000076293945,13.899999618530273,13.920000076293945,47042,0.0,0.0,0.0
2025-02-25 05:20:00+00:00,13.90999984741211,13.920000076293945,13.90999984741211,13.90999984741211,24806,0.0,0.0,0.0
2025-02-26 01:00:00+00:00,13.880000114440918,13.880000114440918,13.859999656677246,13.859999656677246,0,0.0,0.0,0.0
2025-02-26 01:05:00+00:00,13.859999656677246,13.859999656677246,13.84000015258789,13.84000015258789,272010,0.0,0.0,0.0
2025-02-26 01:10:00+00:00,13.84000015258789,13.84000015258789,13.829999923706055,13.829999923706055,57067,0.0,0.0,0.0
2025-02-26 01:15:00+00:00,13.84000015258789,13.880000114440918,13.84000015258789,13.880000114440918,98687,0.0,0.0,0.0
2025-02-26 01:20:00+00:00,13.880000114440918,13.890000343322754,13.880000114440918,13.890000343322754,42530,0.0,0.0,0.0
2025-02-26 01:25:00+00:00,13.890000343322754,13.90999984741211,13.880000114440918,13.90999984741211,120455,0.0,0.0,0.0
2025-02-26 01:30:00+00:00,13.90999984741211,13.90999984741211,13.899999618530273,13.899999618530273,42057,0.0,0.0,0.0
2025-02-26 01:35:00+00:00,13.90999984741211,13.90999984741211,13.90999984741211,13.90999984741211,4215,0.0,0.0,0.0
2025-02-26 01:40:00+00:00,13.90999984741211,13.920000076293945,13.899999618530273,13.920000076293945,32158,0.0,0.0,0.0
2025-02-26 01:45:00+00:00,13.920000076293945,13.920000076293945,13.90999984741211,13.920000076293945,11199,0.0,0.0,0.0
2025-02-26 01:50:00+00:00,13.920000076293945,13.920000076293945,13.90999984741211,13.920000076293945,40033,0.0,0.0,0.0
2025-02-26 01:55:00+00:00,13.930000305175781,13.930000305175781,13.920000076293945,13.930000305175781,81292,0.0,0.0,0.0
2025-02-26 02:00:00+00:00,13.930000305175781,13.930000305175781,13.920000076293945,13.930000305175781,37892,0.0,0.0,0.0
2025-02-26 02:05:00+00:00,13.930000305175781,13.930000305175781,13.920000076293945,13.920000076293945,13086,0.0,0.0,0.0
2025-02-26 02:10:00+00:00,13.920000076293945,13.930000305175781,13.920000076293945,13.920000076293945,19232,0.0,0.0,0.0
2025-02-26 02:15:00+00:00,13.920000076293945,13.920000076293945,13.90999984741211,13.920000076293945,32068,0.0,0.0,0.0
2025-02-26 02:20:00+00:00,13.920000076293945,13.920000076293945,13.920000076293945,13.920000076293945,78779,0.0,0.0,0.0
2025-02-26 02:25:00+00:00,13.920000076293945,13.930000305175781,13.920000076293945,13.930000305175781,6737,0.0,0.0,0.0
2025-02-26 02:30:00+00:00,13.930000305175781,13.930000305175781,13.920000076293945,13.930000305175781,24032,0.0,0.0,0.0
2025-02-26 02:35:00+00:00,13.930000305175781,13.930000305175781,13.920000076293945,13.930000305175781,15305,0.0,0.0,0.0
2025-02-26 02:40:00+00:00,13.930000305175781,13.930000305175781,13.920000076293945,13.920000076293945,9419,0.0,0.0,0.0
2025-02-26 02:45:00+00:00,13.920000076293945,13.920000076293945,13.90999984741211,13.90999984741211,9349,0.0,0.0,0.0
2025-02-26 02:50:00+00:00,13.920000076293945,13.920000076293945,13.90999984741211,13.920000076293945,15775,0.0,0.0,0.0
2025-02-26 02:55:00+00:00,13.920000076293945,13.920000076293945,13.920000076293945,13.920000076293945,5210,0.0,0.0,0.0
2025-02-26 03:00:00+00:00,13.90999984741211,13.920000076293945,13.90999984741211,13.920000076293945,23442,0.0,0.0,0.0
2025-02-26 03:05:00+00:00,13.920000076293945,13.920000076293945,13.920000076293945,13.920000076293945,18284,0.0,0.0,0.0
2025-02-26 03:10:00+00:00,13.920000076293945,13.930000305175781,13.90999984741211,13.930000305175781,96363,0.0,0.0,0.0
2025-02-26 03:15:00+00:00,13.930000305175781,13.930000305175781,13.920000076293945,13.930000305175781,11109,0.0,0.0,0.0
2025-02-26 03:20:00+00:00,13.930000305175781,13.9399995803833,13.930000305175781,13.9399995803833,66038,0.0,0.0,0.0
2025-02-26 03:25:00+00:00,13.9399995803833,13.9399995803833,13.930000305175781,13.930000305175781,11000,0.0,0.0,0.0
2025-02-26 03:30:00+00:00,13.9399995803833,13.9399995803833,13.9399995803833,13.9399995803833,45882,0.0,0.0,0.0
2025-02-26 03:35:00+00:00,13.9399995803833,13.9399995803833,13.930000305175781,13.9399995803833,5155,0.0,0.0,0.0
2025-02-26 03:40:00+00:00,13.930000305175781,13.930000305175781,13.920000076293945,13.920000076293945,37246,0.0,0.0,0.0
2025-02-26 03:45:00+00:00,13.930000305175781,13.930000305175781,13.920000076293945,13.930000305175781,21813,0.0,0.0,0.0
2025-02-26 03:50:00+00:00,13.930000305175781,13.930000305175781,13.920000076293945,13.930000305175781,14611,0.0,0.0,0.0
2025-02-26 03:55:00+00:00,13.9399995803833,13.9399995803833,13.930000305175781,13.9399995803833,36334,0.0,0.0,0.0
2025-02-26 04:00:00+00:00,13.9399995803833,13.9399995803833,13.9399995803833,13.9399995803833,9232,0.0,0.0,0.0
2025-02-26 04:05:00+00:00,13.9399995803833,13.9399995803833,13.9399995803833,13.9399995803833,7384,0.0,0.0,0.0
2025-02-26 04:10:00+00:00,13.9399995803833,13.9399995803833,13.9399995803833,13.9399995803833,6308,0.0,0.0,0.0
2025-02-26 04:15:00+00:00,13.930000305175781,13.9399995803833,13.930000305175781,13.930000305175781,26118,0.0,0.0,0.0
2025-02-26 04:20:00+00:00,13.930000305175781,13.930000305175781,13.920000076293945,13.930000305175781,8454,0.0,0.0,0.0
2025-02-26 04:25:00+00:00,13.930000305175781,13.930000305175781,13.930000305175781,13.930000305175781,16548,0.0,0.0,0.0
2025-02-26 04:30:00+00:00,13.930000305175781,13.930000305175781,13.930000305175781,13.930000305175781,6549,0.0,0.0,0.0
2025-02-26 04:35:00+00:00,13.930000305175781,13.930000305175781,13.930000305175781,13.930000305175781,8962,0.0,0.0,0.0
2025-02-26 04:40:00+00:00,13.930000305175781,13.930000305175781,13.930000305175781,13.930000305175781,26975,0.0,0.0,0.0
2025-02-26 04:45:00+00:00,13.930000305175781,13.949999809265137,13.920000076293945,13.949999809265137,122080,0.0,0.0,0.0
2025-02-26 04:50:00+00:00,13.9399995803833,13.960000038146973,13.9399995803833,13.960000038146973,86315,0.0,0.0,0.0
2025-02-26 04:55:00+00:00,13.949999809265137,13.960000038146973,13.949999809265137,13.960000038146973,24241,0.0,0.0,0.0
2025-02-26 05:00:00+00:00,13.960000038146973,13.960000038146973,13.949999809265137,13.960000038146973,17938,0.0,0.0,0.0
2025-02-26 05:05:00+00:00,13.960000038146973,13.970000267028809,13.960000038146973,13.970000267028809,92882,0.0,0.0,0.0
2025-02-26 05:10:00+00:00,13.970000267028809,13.979999542236328,13.970000267028809,13.979999542236328,36214,0.0,0.0,0.0
2025-02-26 05:15:00+00:00,13.979999542236328,13.979999542236328,13.970000267028809,13.970000267028809,38788,0.0,0.0,0.0
2025-02-26 05:20:00+00:00,13.960000038146973,13.979999542236328,13.960000038146973,13.979999542236328,81888,0.0,0.0,0.0
2025-02-27 01:00:00+00:00,14.0,14.020000457763672,14.0,14.020000457763672,0,0.0,0.0,0.0
2025-02-27 01:05:00+00:00,14.010000228881836,14.010000228881836,13.989999771118164,13.989999771118164,46023,0.0,0.0,0.0
2025-02-27 01:10:00+00:00,14.0,14.0,14.0,14.0,48110,0.0,0.0,0.0
2025-02-27 01:15:00+00:00,14.0,14.010000228881836,14.0,14.010000228881836,23083,0.0,0.0,0.0
2025-02-27 01:20:00+00:00,14.010000228881836,14.010000228881836,14.0,14.0,153866,0.0,0.0,0.0
2025-02-27 01:25:00+00:00,14.0,14.0,14.0,14.0,59195,0.0,0.0,0.0
2025-02-27 01:30:00+00:00,14.0,14.0,14.0,14.0,38877,0.0,0.0,0.0
2025-02-27 01:35:00+00:00,14.0,14.010000228881836,14.0,14.0,65036,0.0,0.0,0.0
2025-02-27 01:40:00+00:00,14.0,14.010000228881836,14.0,14.0,191130,0.0,0.0,0.0
2025-02-27 01:45:00+00:00,14.0,14.0,13.989999771118164,13.989999771118164,125909,0.0,0.0,0.0
2025-02-27 01:50:00+00:00,13.989999771118164,13.989999771118164,13.979999542236328,13.979999542236328,43131,0.0,0.0,0.0
2025-02-27 01:55:00+00:00,13.979999542236328,13.989999771118164,13.979999542236328,13.979999542236328,52395,0.0,0.0,0.0
2025-02-27 02:00:00+00:00,13.979999542236328,13.979999542236328,13.960000038146973,13.960000038146973,116389,0.0,0.0,0.0
2025-02-27 02:05:00+00:00,13.960000038146973,13.960000038146973,13.899999618530273,13.90999984741211,265300,0.0,0.0,0.0
2025-02-27 02:10:00+00:00,13.90999984741211,13.90999984741211,13.899999618530273,13.899999618530273,62678,0.0,0.0,0.0
2025-02-27 02:15:00+00:00,13.90999984741211,13.90999984741211,13.880000114440918,13.880000114440918,249269,0.0,0.0,0.0
2025-02-27 02:20:00+00:00,13.880000114440918,13.920000076293945,13.880000114440918,13.90999984741211,19871,0.0,0.0,0.0
2025-02-27 02:25:00+00:00,13.90999984741211,13.920000076293945,13.899999618530273,13.90999984741211,49333,0.0,0.0,0.0
2025-02-27 02:30:00+00:00,13.899999618530273,13.90999984741211,13.899999618530273,13.899999618530273,34611,0.0,0.0,0.0
2025-02-27 02:35:00+00:00,13.899999618530273,13.90999984741211,13.899999618530273,13.899999618530273,111570,0.0,0.0,0.0
2025-02-27 02:40:00+00:00,13.899999618530273,13.899999618530273,13.890000343322754,13.899999618530273,63448,0.0,0.0,0.0
2025-02-27 02:45:00+00:00,13.899999618530273,13.899999618530273,13.890000343322754,13.899999618530273,70648,0.0,0.0,0.0
2025-02-27 02:50:00+00:00,13.899999618530273,13.899999618530273,13.869999885559082,13.880000114440918,263279,0.0,0.0,0.0
2025-02-27 02:55:00+00:00,13.880000114440918,13.880000114440918,13.880000114440918,13.880000114440918,3467,0.0,0.0,0.0
2025-02-27 03:00:00+00:00,13.890000343322754,13.899999618530273,13.890000343322754,13.899999618530273,58563,0.0,0.0,0.0
2025-02-27 03:05:00+00:00,13.899999618530273,13.899999618530273,13.890000343322754,13.899999618530273,60187,0.0,0.0,0.0
2025-02-27 03:10:00+00:00,13.899999618530273,13.90999984741211,13.890000343322754,13.90999984741211,10520,0.0,0.0,0.0
2025-02-27 03:15:00+00:00,13.90999984741211,13.90999984741211,13.899999618530273,13.899999618530273,8010,0.0,0.0,0.0
2025-02-27 03:20:00+00:00,13.899999618530273,13.90999984741211,13.899999618530273,13.90999984741211,4935,0.0,0.0,0.0
2025-02-27 03:25:00+00:00,13.90999984741211,13.90999984741211,13.899999618530273,13.899999618530273,11229,0.0,0.0,0.0
2025-02-27 03:30:00+00:00,13.90999984741211,13.90999984741211,13.899999618530273,13.90999984741211,86103,0.0,0.0,0.0
2025-02-27 03:35:00+00:00,13.90999984741211,13.90999984741211,13.899999618530273,13.899999618530273,126370,0.0,0.0,0.0
2025-02-27 03:40:00+00:00,13.899999618530273,13.899999618530273,13.890000343322754,13.890000343322754,12417,0.0,0.0,0.0
2025-02-27 03:45:00+00:00,13.899999618530273,13.899999618530273,13.899999618530273,13.899999618530273,8926,0.0,0.0,0.0
2025-02-27 03:50:00+00:00,13.899999618530273,13.899999618530273,13.890000343322754,13.899999618530273,89975,0.0,0.0,0.0
2025-02-27 03:55:00+00:00,13.899999618530273,13.899999618530273,13.890000343322754,13.890000343322754,27420,0.0,0.0,0.0
2025-02-27 04:00:00+00:00,13.890000343322754,13.899999618530273,13.880000114440918,13.899999618530273,27921,0.0,0.0,0.0
2025-02-27 04:05:00+00:00,13.890000343322754,13.899999618530273,13.890000343322754,13.890000343322754,45129,0.0,0.0,0.0
2025-02-27 04:10:00+00:00,13.890000343322754,13.890000343322754,13.890000343322754,13.890000343322754,9023,0.0,0.0,0.0
2025-02-27 04:15:00+00:00,13.880000114440918,13.890000343322754,13.880000114440918,13.890000343322754,20730,0.0,0.0,0.0
2025-02-27 04:20:00+00:00,13.890000343322754,13.890000343322754,13.890000343322754,13.890000343322754,32031,0.0,0.0,0.0
2025-02-27 04:25:00+00:00,13.890000343322754,13.899999618530273,13.890000343322754,13.890000343322754,25455,0.0,0.0,0.0
2025-02-27 04:30:00+00:00,13.890000343322754,13.899999618530273,13.880000114440918,13.890000343322754,56922,0.0,0.0,0.0
2025-02-27 04:35:00+00:00,13.890000343322754,13.899999618530273,13.890000343322754,13.890000343322754,13058,0.0,0.0,0.0
2025-02-27 04:40:00+00:00,13.890000343322754,13.890000343322754,13.880000114440918,13.890000343322754,395596,0.0,0.0,0.0
2025-02-27 04:45:00+00:00,13.880000114440918,13.880000114440918,13.880000114440918,13.880000114440918,55907,0.0,0.0,0.0
2025-02-27 04:50:00+00:00,13.880000114440918,13.880000114440918,13.880000114440918,13.880000114440918,71589,0.0,0.0,0.0
2025-02-27 04:55:00+00:00,13.869999885559082,13.880000114440918,13.859999656677246,13.859999656677246,489960,0.0,0.0,0.0
2025-02-27 05:00:00+00:00,13.859999656677246,13.869999885559082,13.859999656677246,13.869999885559082,45958,0.0,0.0,0.0
2025-02-27 05:05:00+00:00,13.869999885559082,13.880000114440918,13.859999656677246,13.869999885559082,66135,0.0,0.0,0.0
2025-02-27 05:10:00+00:00,13.859999656677246,13.869999885559082,13.859999656677246,13.859999656677246,82937,0.0,0.0,0.0
2025-02-27 05:15:00+00:00,13.869999885559082,13.869999885559082,13.859999656677246,13.869999885559082,77547,0.0,0.0,0.0
2025-02-27 05:20:00+00:00,13.869999885559082,13.880000114440918,13.869999885559082,13.880000114440918,65510,0.0,0.0,0.0
2025-03-03 01:00:00+00:00,13.65999984741211,13.699999809265137,13.630000114440918,13.680000305175781,0,0.0,0.0,0.0
2025-03-03 01:05:00+00:00,13.680000305175781,13.710000038146973,13.670000076293945,13.699999809265137,481000,0.0,0.0,0.0
2025-03-03 01:10:00+00:00,13.699999809265137,13.710000038146973,13.670000076293945,13.6899995803833,681934,0.0,0.0,0.0
2025-03-03 01:15:00+00:00,13.680000305175781,13.680000305175781,13.649999618530273,13.65999984741211,1273403,0.0,0.0,0.0
2025-03-03 01:20:00+00:00,13.65999984741211,13.680000305175781,13.649999618530273,13.670000076293945,210020,0.0,0.0,0.0
2025-03-03 01:25:00+00:00,13.670000076293945,13.680000305175781,13.649999618530273,13.65999984741211,1021313,0.0,0.0,0.0
2025-03-03 01:30:00+00:00,13.65999984741211,13.65999984741211,13.630000114440918,13.630000114440918,539784,0.0,0.0,0.0
2025-03-03 01:35:00+00:00,13.640000343322754,13.640000343322754,13.619999885559082,13.630000114440918,758989,0.0,0.0,0.0
2025-03-03 01:40:00+00:00,13.619999885559082,13.619999885559082,13.619999885559082,13.619999885559082,232785,0.0,0.0,0.0
2025-03-03 01:45:00+00:00,13.619999885559082,13.670000076293945,13.609999656677246,13.649999618530273,263526,0.0,0.0,0.0
2025-03-03 01:50:00+00:00,13.649999618530273,13.65999984741211,13.640000343322754,13.649999618530273,103857,0.0,0.0,0.0
2025-03-03 01:55:00+00:00,13.649999618530273,13.65999984741211,13.649999618530273,13.65999984741211,30048,0.0,0.0,0.0
2025-03-03 02:00:00+00:00,13.65999984741211,13.65999984741211,13.649999618530273,13.65999984741211,116111,0.0,0.0,0.0
2025-03-03 02:05:00+00:00,13.65999984741211,13.65999984741211,13.649999618530273,13.649999618530273,112037,0.0,0.0,0.0
2025-03-03 02:10:00+00:00,13.65999984741211,13.680000305175781,13.649999618530273,13.680000305175781,65586,0.0,0.0,0.0
2025-03-03 02:15:00+00:00,13.680000305175781,13.680000305175781,13.649999618530273,13.65999984741211,260274,0.0,0.0,0.0
2025-03-03 02:20:00+00:00,13.649999618530273,13.680000305175781,13.649999618530273,13.680000305175781,30086,0.0,0.0,0.0
2025-03-03 02:25:00+00:00,13.680000305175781,13.680000305175781,13.65999984741211,13.65999984741211,111705,0.0,0.0,0.0
2025-03-03 02:30:00+00:00,13.65999984741211,13.670000076293945,13.640000343322754,13.670000076293945,119028,0.0,0.0,0.0
2025-03-03 02:35:00+00:00,13.670000076293945,13.670000076293945,13.65999984741211,13.65999984741211,65106,0.0,0.0,0.0
2025-03-03 02:40:00+00:00,13.65999984741211,13.670000076293945,13.65999984741211,13.670000076293945,57012,0.0,0.0,0.0
2025-03-03 02:45:00+00:00,13.670000076293945,13.670000076293945,13.65999984741211,13.65999984741211,62011,0.0,0.0,0.0
2025-03-03 02:50:00+00:00,13.65999984741211,13.670000076293945,13.65999984741211,13.65999984741211,39471,0.0,0.0,0.0
2025-03-03 02:55:00+00:00,13.65999984741211,13.670000076293945,13.630000114440918,13.630000114440918,547620,0.0,0.0,0.0
2025-03-03 03:00:00+00:00,13.640000343322754,13.649999618530273,13.630000114440918,13.649999618530273,31758,0.0,0.0,0.0
2025-03-03 03:05:00+00:00,13.649999618530273,13.649999618530273,13.649999618530273,13.649999618530273,36131,0.0,0.0,0.0
2025-03-03 03:10:00+00:00,13.649999618530273,13.649999618530273,13.640000343322754,13.640000343322754,112506,0.0,0.0,0.0
2025-03-03 03:15:00+00:00,13.649999618530273,13.649999618530273,13.630000114440918,13.630000114440918,423849,0.0,0.0,0.0
2025-03-03 03:20:00+00:00,13.630000114440918,13.640000343322754,13.619999885559082,13.619999885559082,376327,0.0,0.0,0.0
2025-03-03 03:25:00+00:00,13.619999885559082,13.630000114440918,13.619999885559082,13.619999885559082,321524,0.0,0.0,0.0
2025-03-03 03:30:00+00:00,13.619999885559082,13.630000114440918,13.619999885559082,13.630000114440918,98805,0.0,0.0,0.0
2025-03-03 03:35:00+00:00,13.630000114440918,13.630000114440918,13.619999885559082,13.630000114440918,63724,0.0,0.0,0.0
2025-03-03 03:40:00+00:00,13.619999885559082,13.630000114440918,13.619999885559082,13.630000114440918,101603,0.0,0.0,0.0
2025-03-03 03:45:00+00:00,13.630000114440918,13.649999618530273,13.630000114440918,13.649999618530273,57071,0.0,0.0,0.0
2025-03-03 03:50:00+00:00,13.649999618530273,13.649999618530273,13.640000343322754,13.640000343322754,16838,0.0,0.0,0.0
2025-03-03 03:55:00+00:00,13.649999618530273,13.65999984741211,13.649999618530273,13.65999984741211,133149,0.0,0.0,0.0
2025-03-03 04:00:00+00:00,13.65999984741211,13.65999984741211,13.649999618530273,13.649999618530273,153945,0.0,0.0,0.0
2025-03-03 04:05:00+00:00,13.649999618530273,13.65999984741211,13.640000343322754,13.65999984741211,42144,0.0,0.0,0.0
2025-03-03 04:10:00+00:00,13.65999984741211,13.65999984741211,13.649999618530273,13.65999984741211,38984,0.0,0.0,0.0
2025-03-03 04:15:00+00:00,13.65999984741211,13.670000076293945,13.65999984741211,13.670000076293945,60113,0.0,0.0,0.0
2025-03-03 04:20:00+00:00,13.670000076293945,13.680000305175781,13.670000076293945,13.680000305175781,19456,0.0,0.0,0.0
2025-03-03 04:25:00+00:00,13.680000305175781,13.680000305175781,13.65999984741211,13.670000076293945,55841,0.0,0.0,0.0
2025-03-03 04:30:00+00:00,13.680000305175781,13.680000305175781,13.670000076293945,13.670000076293945,71940,0.0,0.0,0.0
2025-03-03 04:35:00+00:00,13.670000076293945,13.670000076293945,13.670000076293945,13.670000076293945,10719,0.0,0.0,0.0
2025-03-03 04:40:00+00:00,13.670000076293945,13.670000076293945,13.65999984741211,13.670000076293945,74187,0.0,0.0,0.0
2025-03-03 04:45:00+00:00,13.670000076293945,13.670000076293945,13.65999984741211,13.670000076293945,71984,0.0,0.0,0.0
2025-03-03 04:50:00+00:00,13.670000076293945,13.670000076293945,13.65999984741211,13.65999984741211,203656,0.0,0.0,0.0
2025-03-03 04:55:00+00:00,13.65999984741211,13.670000076293945,13.65999984741211,13.65999984741211,20250,0.0,0.0,0.0
2025-03-03 05:00:00+00:00,13.670000076293945,13.670000076293945,13.65999984741211,13.670000076293945,46070,0.0,0.0,0.0
2025-03-03 05:05:00+00:00,13.65999984741211,13.670000076293945,13.649999618530273,13.65999984741211,433995,0.0,0.0,0.0
2025-03-03 05:10:00+00:00,13.65999984741211,13.65999984741211,13.649999618530273,13.65999984741211,36774,0.0,0.0,0.0
2025-03-03 05:15:00+00:00,13.670000076293945,13.670000076293945,13.649999618530273,13.65999984741211,132073,0.0,0.0,0.0
2025-03-03 05:20:00+00:00,13.65999984741211,13.65999984741211,13.640000343322754,13.65999984741211,259825,0.0,0.0,0.0
2025-03-04 01:00:00+00:00,13.489999771118164,13.489999771118164,13.460000038146973,13.470000267028809,0,0.0,0.0,0.0
2025-03-04 01:05:00+00:00,13.470000267028809,13.479999542236328,13.460000038146973,13.470000267028809,759808,0.0,0.0,0.0
2025-03-04 01:10:00+00:00,13.479999542236328,13.5,13.470000267028809,13.5,322119,0.0,0.0,0.0
2025-03-04 01:15:00+00:00,13.5,13.5,13.479999542236328,13.479999542236328,605752,0.0,0.0,0.0
2025-03-04 01:20:00+00:00,13.489999771118164,13.510000228881836,13.479999542236328,13.510000228881836,94456,0.0,0.0,0.0
2025-03-04 01:25:00+00:00,13.5,13.510000228881836,13.5,13.510000228881836,124940,0.0,0.0,0.0
2025-03-04 01:30:00+00:00,13.510000228881836,13.539999961853027,13.510000228881836,13.520000457763672,141748,0.0,0.0,0.0
2025-03-04 01:35:00+00:00,13.529999732971191,13.529999732971191,13.510000228881836,13.529999732971191,140618,0.0,0.0,0.0
2025-03-04 01:40:00+00:00,13.529999732971191,13.539999961853027,13.529999732971191,13.539999961853027,63832,0.0,0.0,0.0
2025-03-04 01:45:00+00:00,13.539999961853027,13.569999694824219,13.539999961853027,13.5600004196167,50924,0.0,0.0,0.0
2025-03-04 01:50:00+00:00,13.5600004196167,13.569999694824219,13.5600004196167,13.5600004196167,196062,0.0,0.0,0.0
2025-03-04 01:55:00+00:00,13.5600004196167,13.5600004196167,13.539999961853027,13.539999961853027,192291,0.0,0.0,0.0
2025-03-04 02:00:00+00:00,13.539999961853027,13.539999961853027,13.529999732971191,13.539999961853027,70783,0.0,0.0,0.0
2025-03-04 02:05:00+00:00,13.550000190734863,13.5600004196167,13.539999961853027,13.5600004196167,70241,0.0,0.0,0.0
2025-03-04 02:10:00+00:00,13.569999694824219,13.59000015258789,13.569999694824219,13.59000015258789,25595,0.0,0.0,0.0
2025-03-04 02:15:00+00:00,13.59000015258789,13.59000015258789,13.569999694824219,13.59000015258789,65736,0.0,0.0,0.0
2025-03-04 02:20:00+00:00,13.59000015258789,13.59000015258789,13.579999923706055,13.59000015258789,69379,0.0,0.0,0.0
2025-03-04 02:25:00+00:00,13.59000015258789,13.600000381469727,13.59000015258789,13.600000381469727,33664,0.0,0.0,0.0
2025-03-04 02:30:00+00:00,13.600000381469727,13.600000381469727,13.59000015258789,13.600000381469727,40405,0.0,0.0,0.0
2025-03-04 02:35:00+00:00,13.600000381469727,13.619999885559082,13.600000381469727,13.619999885559082,114077,0.0,0.0,0.0
2025-03-04 02:40:00+00:00,13.619999885559082,13.649999618530273,13.619999885559082,13.649999618530273,132130,0.0,0.0,0.0
2025-03-04 02:45:00+00:00,13.630000114440918,13.640000343322754,13.630000114440918,13.640000343322754,37166,0.0,0.0,0.0
2025-03-04 02:50:00+00:00,13.649999618530273,13.649999618530273,13.640000343322754,13.640000343322754,30193,0.0,0.0,0.0
2025-03-04 02:55:00+00:00,13.649999618530273,13.649999618530273,13.619999885559082,13.619999885559082,71717,0.0,0.0,0.0
2025-03-04 03:00:00+00:00,13.619999885559082,13.630000114440918,13.619999885559082,13.619999885559082,22130,0.0,0.0,0.0
2025-03-04 03:05:00+00:00,13.619999885559082,13.619999885559082,13.619999885559082,13.619999885559082,38440,0.0,0.0,0.0
2025-03-04 03:10:00+00:00,13.630000114440918,13.630000114440918,13.619999885559082,13.630000114440918,29660,0.0,0.0,0.0
2025-03-04 03:15:00+00:00,13.619999885559082,13.630000114440918,13.619999885559082,13.619999885559082,9540,0.0,0.0,0.0
2025-03-04 03:20:00+00:00,13.630000114440918,13.640000343322754,13.630000114440918,13.640000343322754,25120,0.0,0.0,0.0
2025-03-04 03:25:00+00:00,13.640000343322754,13.649999618530273,13.640000343322754,13.649999618530273,5625,0.0,0.0,0.0
2025-03-04 03:30:00+00:00,13.649999618530273,13.649999618530273,13.640000343322754,13.640000343322754,41417,0.0,0.0,0.0
2025-03-04 03:35:00+00:00,13.640000343322754,13.640000343322754,13.630000114440918,13.630000114440918,43697,0.0,0.0,0.0
2025-03-04 03:40:00+00:00,13.630000114440918,13.630000114440918,13.630000114440918,13.630000114440918,2010,0.0,0.0,0.0
2025-03-04 03:45:00+00:00,13.649999618530273,13.649999618530273,13.649999618530273,13.649999618530273,87891,0.0,0.0,0.0
2025-03-04 03:50:00+00:00,13.649999618530273,13.65999984741211,13.649999618530273,13.649999618530273,34220,0.0,0.0,0.0
2025-03-04 03:55:00+00:00,13.649999618530273,13.649999618530273,13.649999618530273,13.649999618530273,8693,0.0,0.0,0.0
2025-03-04 04:00:00+00:00,13.65999984741211,13.65999984741211,13.649999618530273,13.65999984741211,9414,0.0,0.0,0.0
2025-03-04 04:05:00+00:00,13.649999618530273,13.670000076293945,13.649999618530273,13.670000076293945,117788,0.0,0.0,0.0
2025-03-04 04:10:00+00:00,13.670000076293945,13.680000305175781,13.670000076293945,13.680000305175781,15522,0.0,0.0,0.0
2025-03-04 04:15:00+00:00,13.680000305175781,13.680000305175781,13.670000076293945,13.680000305175781,28906,0.0,0.0,0.0
2025-03-04 04:20:00+00:00,13.680000305175781,13.680000305175781,13.680000305175781,13.680000305175781,72998,0.0,0.0,0.0
2025-03-04 04:25:00+00:00,13.670000076293945,13.680000305175781,13.670000076293945,13.680000305175781,67094,0.0,0.0,0.0
2025-03-04 04:30:00+00:00,13.680000305175781,13.680000305175781,13.680000305175781,13.680000305175781,79782,0.0,0.0,0.0
2025-03-04 04:35:00+00:00,13.680000305175781,13.680000305175781,13.65999984741211,13.65999984741211,62405,0.0,0.0,0.0
2025-03-04 04:40:00+00:00,13.65999984741211,13.65999984741211,13.649999618530273,13.65999984741211,53320,0.0,0.0,0.0
2025-03-04 04:45:00+00:00,13.65999984741211,13.670000076293945,13.65999984741211,13.65999984741211,39364,0.0,0.0,0.0
2025-03-04 04:50:00+00:00,13.65999984741211,13.670000076293945,13.649999618530273,13.670000076293945,24149,0.0,0.0,0.0
2025-03-04 04:55:00+00:00,13.670000076293945,13.670000076293945,13.670000076293945,13.670000076293945,15245,0.0,0.0,0.0
2025-03-04 05:00:00+00:00,13.670000076293945,13.670000076293945,13.649999618530273,13.65999984741211,322137,0.0,0.0,0.0
2025-03-04 05:05:00+00:00,13.670000076293945,13.670000076293945,13.65999984741211,13.670000076293945,72050,0.0,0.0,0.0
2025-03-04 05:10:00+00:00,13.670000076293945,13.670000076293945,13.65999984741211,13.65999984741211,102273,0.0,0.0,0.0
2025-03-04 05:15:00+00:00,13.670000076293945,13.670000076293945,13.649999618530273,13.65999984741211,74309,0.0,0.0,0.0
2025-03-04 05:20:00+00:00,13.65999984741211,13.65999984741211,13.65999984741211,13.65999984741211,37932,0.0,0.0,0.0
2025-03-05 01:00:00+00:00,13.729999542236328,13.760000228881836,13.699999809265137,13.699999809265137,0,0.0,0.0,0.0
2025-03-05 01:05:00+00:00,13.710000038146973,13.720000267028809,13.699999809265137,13.720000267028809,106358,0.0,0.0,0.0
2025-03-05 01:10:00+00:00,13.720000267028809,13.739999771118164,13.720000267028809,13.729999542236328,35216,0.0,0.0,0.0
2025-03-05 01:15:00+00:00,13.729999542236328,13.75,13.729999542236328,13.75,35862,0.0,0.0,0.0
2025-03-05 01:20:00+00:00,13.75,13.75,13.739999771118164,13.75,107630,0.0,0.0,0.0
2025-03-05 01:25:00+00:00,13.75,13.770000457763672,13.739999771118164,13.770000457763672,69861,0.0,0.0,0.0
2025-03-05 01:30:00+00:00,13.770000457763672,13.779999732971191,13.75,13.760000228881836,130896,0.0,0.0,0.0
2025-03-05 01:35:00+00:00,13.75,13.760000228881836,13.75,13.75,10495,0.0,0.0,0.0
2025-03-05 01:40:00+00:00,13.75,13.760000228881836,13.75,13.760000228881836,46387,0.0,0.0,0.0
2025-03-05 01:45:00+00:00,13.770000457763672,13.770000457763672,13.729999542236328,13.729999542236328,115212,0.0,0.0,0.0
2025-03-05 01:50:00+00:00,13.739999771118164,13.739999771118164,13.729999542236328,13.739999771118164,43728,0.0,0.0,0.0
2025-03-05 01:55:00+00:00,13.75,13.75,13.739999771118164,13.75,60732,0.0,0.0,0.0
2025-03-05 02:00:00+00:00,13.75,13.75,13.739999771118164,13.75,7864,0.0,0.0,0.0
2025-03-05 02:05:00+00:00,13.739999771118164,13.75,13.739999771118164,13.739999771118164,64335,0.0,0.0,0.0
2025-03-05 02:10:00+00:00,13.739999771118164,13.75,13.739999771118164,13.739999771118164,23827,0.0,0.0,0.0
2025-03-05 02:15:00+00:00,13.739999771118164,13.739999771118164,13.720000267028809,13.720000267028809,131491,0.0,0.0,0.0
2025-03-05 02:20:00+00:00,13.729999542236328,13.729999542236328,13.729999542236328,13.729999542236328,65160,0.0,0.0,0.0
2025-03-05 02:25:00+00:00,13.739999771118164,13.739999771118164,13.729999542236328,13.739999771118164,35377,0.0,0.0,0.0
2025-03-05 02:30:00+00:00,13.739999771118164,13.739999771118164,13.720000267028809,13.720000267028809,15359,0.0,0.0,0.0
2025-03-05 02:35:00+00:00,13.720000267028809,13.729999542236328,13.720000267028809,13.729999542236328,11057,0.0,0.0,0.0
2025-03-05 02:40:00+00:00,13.739999771118164,13.739999771118164,13.739999771118164,13.739999771118164,5054,0.0,0.0,0.0
2025-03-05 02:45:00+00:00,13.75,13.75,13.739999771118164,13.739999771118164,10125,0.0,0.0,0.0
2025-03-05 02:50:00+00:00,13.739999771118164,13.75,13.739999771118164,13.75,72027,0.0,0.0,0.0
2025-03-05 02:55:00+00:00,13.760000228881836,13.760000228881836,13.739999771118164,13.739999771118164,39135,0.0,0.0,0.0
2025-03-05 03:00:00+00:00,13.739999771118164,13.739999771118164,13.739999771118164,13.739999771118164,8067,0.0,0.0,0.0
2025-03-05 03:05:00+00:00,13.739999771118164,13.75,13.739999771118164,13.75,9157,0.0,0.0,0.0
2025-03-05 03:10:00+00:00,13.75,13.760000228881836,13.739999771118164,13.760000228881836,23182,0.0,0.0,0.0
2025-03-05 03:15:00+00:00,13.760000228881836,13.760000228881836,13.75,13.75,25368,0.0,0.0,0.0
2025-03-05 03:20:00+00:00,13.760000228881836,13.760000228881836,13.760000228881836,13.760000228881836,3298,0.0,0.0,0.0
2025-03-05 03:25:00+00:00,13.75,13.760000228881836,13.75,13.75,7727,0.0,0.0,0.0
2025-03-05 03:30:00+00:00,13.760000228881836,13.760000228881836,13.760000228881836,13.760000228881836,6010,0.0,0.0,0.0
2025-03-05 03:35:00+00:00,13.760000228881836,13.760000228881836,13.75,13.760000228881836,37403,0.0,0.0,0.0
2025-03-05 03:40:00+00:00,13.760000228881836,13.760000228881836,13.760000228881836,13.760000228881836,1805,0.0,0.0,0.0
2025-03-05 03:45:00+00:00,13.760000228881836,13.770000457763672,13.760000228881836,13.760000228881836,45478,0.0,0.0,0.0
2025-03-05 03:50:00+00:00,13.770000457763672,13.770000457763672,13.760000228881836,13.760000228881836,3517,0.0,0.0,0.0
2025-03-05 03:55:00+00:00,13.760000228881836,13.770000457763672,13.760000228881836,13.770000457763672,38018,0.0,0.0,0.0
2025-03-05 04:00:00+00:00,13.770000457763672,13.770000457763672,13.75,13.770000457763672,23749,0.0,0.0,0.0
2025-03-05 04:05:00+00:00,13.770000457763672,13.770000457763672,13.760000228881836,13.760000228881836,12841,0.0,0.0,0.0
2025-03-05 04:10:00+00:00,13.760000228881836,13.770000457763672,13.760000228881836,13.770000457763672,16538,0.0,0.0,0.0
2025-03-05 04:15:00+00:00,13.770000457763672,13.779999732971191,13.770000457763672,13.770000457763672,25820,0.0,0.0,0.0
2025-03-05 04:20:00+00:00,13.779999732971191,13.779999732971191,13.770000457763672,13.779999732971191,60836,0.0,0.0,0.0
2025-03-05 04:25:00+00:00,13.779999732971191,13.779999732971191,13.779999732971191,13.779999732971191,6771,0.0,0.0,0.0
2025-03-05 04:30:00+00:00,13.779999732971191,13.779999732971191,13.779999732971191,13.779999732971191,11251,0.0,0.0,0.0
2025-03-05 04:35:00+00:00,13.779999732971191,13.779999732971191,13.770000457763672,13.779999732971191,26261,0.0,0.0,0.0
2025-03-05 04:40:00+00:00,13.770000457763672,13.779999732971191,13.770000457763672,13.779999732971191,6633,0.0,0.0,0.0
2025-03-05 04:45:00+00:00,13.770000457763672,13.770000457763672,13.770000457763672,13.770000457763672,9374,0.0,0.0,0.0
2025-03-05 04:50:00+00:00,13.770000457763672,13.770000457763672,13.770000457763672,13.770000457763672,8543,0.0,0.0,0.0
2025-03-05 04:55:00+00:00,13.779999732971191,13.779999732971191,13.770000457763672,13.770000457763672,18645,0.0,0.0,0.0
2025-03-05 05:00:00+00:00,13.770000457763672,13.779999732971191,13.770000457763672,13.779999732971191,22686,0.0,0.0,0.0
2025-03-05 05:05:00+00:00,13.779999732971191,13.779999732971191,13.779999732971191,13.779999732971191,5765,0.0,0.0,0.0
2025-03-05 05:10:00+00:00,13.779999732971191,13.779999732971191,13.770000457763672,13.770000457763672,36863,0.0,0.0,0.0
2025-03-05 05:15:00+00:00,13.779999732971191,13.779999732971191,13.770000457763672,13.770000457763672,23087,0.0,0.0,0.0
2025-03-05 05:20:00+00:00,13.770000457763672,13.779999732971191,13.760000228881836,13.770000457763672,102711,0.0,0.0,0.0
2025-03-06 01:00:00+00:00,13.760000228881836,13.789999961853027,13.760000228881836,13.770000457763672,0,0.0,0.0,0.0
2025-03-06 01:05:00+00:00,13.770000457763672,13.770000457763672,13.75,13.770000457763672,135841,0.0,0.0,0.0
2025-03-06 01:10:00+00:00,13.770000457763672,13.779999732971191,13.760000228881836,13.760000228881836,66755,0.0,0.0,0.0
2025-03-06 01:15:00+00:00,13.770000457763672,13.789999961853027,13.760000228881836,13.770000457763672,202024,0.0,0.0,0.0
2025-03-06 01:20:00+00:00,13.770000457763672,13.779999732971191,13.770000457763672,13.770000457763672,35716,0.0,0.0,0.0
2025-03-06 01:25:00+00:00,13.779999732971191,13.779999732971191,13.760000228881836,13.760000228881836,126714,0.0,0.0,0.0
2025-03-06 01:30:00+00:00,13.760000228881836,13.760000228881836,13.75,13.75,100885,0.0,0.0,0.0
2025-03-06 01:35:00+00:00,13.75,13.760000228881836,13.75,13.760000228881836,114119,0.0,0.0,0.0
2025-03-06 01:40:00+00:00,13.760000228881836,13.760000228881836,13.729999542236328,13.75,72622,0.0,0.0,0.0
2025-03-06 01:45:00+00:00,13.75,13.75,13.729999542236328,13.739999771118164,38787,0.0,0.0,0.0
2025-03-06 01:50:00+00:00,13.75,13.75,13.739999771118164,13.75,16716,0.0,0.0,0.0
2025-03-06 01:55:00+00:00,13.75,13.760000228881836,13.75,13.760000228881836,31133,0.0,0.0,0.0
2025-03-06 02:00:00+00:00,13.760000228881836,13.760000228881836,13.75,13.760000228881836,101508,0.0,0.0,0.0
2025-03-06 02:05:00+00:00,13.760000228881836,13.760000228881836,13.75,13.75,8429,0.0,0.0,0.0
2025-03-06 02:10:00+00:00,13.75,13.760000228881836,13.75,13.760000228881836,60998,0.0,0.0,0.0
2025-03-06 02:15:00+00:00,13.760000228881836,13.760000228881836,13.760000228881836,13.760000228881836,12258,0.0,0.0,0.0
2025-03-06 02:20:00+00:00,13.760000228881836,13.760000228881836,13.75,13.75,30388,0.0,0.0,0.0
2025-03-06 02:25:00+00:00,13.760000228881836,13.760000228881836,13.75,13.75,21527,0.0,0.0,0.0
2025-03-06 02:30:00+00:00,13.75,13.760000228881836,13.75,13.760000228881836,35075,0.0,0.0,0.0
2025-03-06 02:35:00+00:00,13.75,13.75,13.729999542236328,13.729999542236328,183560,0.0,0.0,0.0
2025-03-06 02:40:00+00:00,13.729999542236328,13.739999771118164,13.720000267028809,13.729999542236328,69935,0.0,0.0,0.0
2025-03-06 02:45:00+00:00,13.720000267028809,13.729999542236328,13.710000038146973,13.720000267028809,16477,0.0,0.0,0.0
2025-03-06 02:50:00+00:00,13.720000267028809,13.739999771118164,13.720000267028809,13.739999771118164,23423,0.0,0.0,0.0
2025-03-06 02:55:00+00:00,13.739999771118164,13.739999771118164,13.720000267028809,13.720000267028809,23122,0.0,0.0,0.0
2025-03-06 03:00:00+00:00,13.739999771118164,13.739999771118164,13.739999771118164,13.739999771118164,25425,0.0,0.0,0.0
2025-03-06 03:05:00+00:00,13.739999771118164,13.739999771118164,13.720000267028809,13.739999771118164,20196,0.0,0.0,0.0
2025-03-06 03:10:00+00:00,13.729999542236328,13.739999771118164,13.729999542236328,13.729999542236328,15419,0.0,0.0,0.0
2025-03-06 03:15:00+00:00,13.729999542236328,13.729999542236328,13.720000267028809,13.729999542236328,20084,0.0,0.0,0.0
2025-03-06 03:20:00+00:00,13.729999542236328,13.739999771118164,13.729999542236328,13.729999542236328,9024,0.0,0.0,0.0
2025-03-06 03:25:00+00:00,13.739999771118164,13.739999771118164,13.729999542236328,13.739999771118164,4194,0.0,0.0,0.0
2025-03-06 03:30:00+00:00,13.739999771118164,13.739999771118164,13.729999542236328,13.739999771118164,33894,0.0,0.0,0.0
2025-03-06 03:35:00+00:00,13.729999542236328,13.739999771118164,13.729999542236328,13.729999542236328,9050,0.0,0.0,0.0
2025-03-06 03:40:00+00:00,13.729999542236328,13.739999771118164,13.729999542236328,13.739999771118164,7037,0.0,0.0,0.0
2025-03-06 03:45:00+00:00,13.739999771118164,13.739999771118164,13.739999771118164,13.739999771118164,8219,0.0,0.0,0.0
2025-03-06 03:50:00+00:00,13.739999771118164,13.739999771118164,13.729999542236328,13.739999771118164,9170,0.0,0.0,0.0
2025-03-06 03:55:00+00:00,13.729999542236328,13.739999771118164,13.729999542236328,13.729999542236328,20020,0.0,0.0,0.0
2025-03-06 04:00:00+00:00,13.739999771118164,13.739999771118164,13.739999771118164,13.739999771118164,9060,0.0,0.0,0.0
2025-03-06 04:05:00+00:00,13.739999771118164,13.739999771118164,13.739999771118164,13.739999771118164,14006,0.0,0.0,0.0
2025-03-06 04:10:00+00:00,13.739999771118164,13.739999771118164,13.729999542236328,13.739999771118164,11160,0.0,0.0,0.0
2025-03-06 04:15:00+00:00,13.729999542236328,13.739999771118164,13.729999542236328,13.739999771118164,15119,0.0,0.0,0.0
2025-03-06 04:20:00+00:00,13.739999771118164,13.739999771118164,13.729999542236328,13.739999771118164,17901,0.0,0.0,0.0
2025-03-06 04:25:00+00:00,13.739999771118164,13.739999771118164,13.729999542236328,13.739999771118164,34223,0.0,0.0,0.0
2025-03-06 04:30:00+00:00,13.739999771118164,13.739999771118164,13.729999542236328,13.739999771118164,67823,0.0,0.0,0.0
2025-03-06 04:35:00+00:00,13.739999771118164,13.739999771118164,13.739999771118164,13.739999771118164,61290,0.0,0.0,0.0
2025-03-06 04:40:00+00:00,13.75,13.75,13.739999771118164,13.75,78544,0.0,0.0,0.0
2025-03-06 04:45:00+00:00,13.75,13.760000228881836,13.739999771118164,13.739999771118164,58508,0.0,0.0,0.0
2025-03-06 04:50:00+00:00,13.739999771118164,13.75,13.739999771118164,13.75,23878,0.0,0.0,0.0
2025-03-06 04:55:00+00:00,13.75,13.75,13.739999771118164,13.739999771118164,116674,0.0,0.0,0.0
2025-03-06 05:00:00+00:00,13.739999771118164,13.739999771118164,13.739999771118164,13.739999771118164,22863,0.0,0.0,0.0
2025-03-06 05:05:00+00:00,13.739999771118164,13.739999771118164,13.729999542236328,13.729999542236328,106233,0.0,0.0,0.0
2025-03-06 05:10:00+00:00,13.739999771118164,13.739999771118164,13.729999542236328,13.739999771118164,9009,0.0,0.0,0.0
2025-03-06 05:15:00+00:00,13.739999771118164,13.739999771118164,13.729999542236328,13.739999771118164,17136,0.0,0.0,0.0
2025-03-06 05:20:00+00:00,13.739999771118164,13.739999771118164,13.729999542236328,13.739999771118164,72396,0.0,0.0,0.0
2025-03-07 01:00:00+00:00,13.649999618530273,13.649999618530273,13.640000343322754,13.649999618530273,0,0.0,0.0,0.0
2025-03-07 01:05:00+00:00,13.649999618530273,13.680000305175781,13.640000343322754,13.670000076293945,258773,0.0,0.0,0.0
2025-03-07 01:10:00+00:00,13.6899995803833,13.6899995803833,13.670000076293945,13.680000305175781,48007,0.0,0.0,0.0
2025-03-07 01:15:00+00:00,13.680000305175781,13.680000305175781,13.670000076293945,13.680000305175781,42498,0.0,0.0,0.0
2025-03-07 01:20:00+00:00,13.680000305175781,13.680000305175781,13.649999618530273,13.670000076293945,199980,0.0,0.0,0.0
2025-03-07 01:25:00+00:00,13.670000076293945,13.670000076293945,13.670000076293945,13.670000076293945,17299,0.0,0.0,0.0
2025-03-07 01:30:00+00:00,13.680000305175781,13.680000305175781,13.65999984741211,13.65999984741211,59296,0.0,0.0,0.0
2025-03-07 01:35:00+00:00,13.649999618530273,13.65999984741211,13.649999618530273,13.65999984741211,74469,0.0,0.0,0.0
2025-03-07 01:40:00+00:00,13.65999984741211,13.65999984741211,13.65999984741211,13.65999984741211,58437,0.0,0.0,0.0
2025-03-07 01:45:00+00:00,13.65999984741211,13.65999984741211,13.65999984741211,13.65999984741211,6080,0.0,0.0,0.0
2025-03-07 01:50:00+00:00,13.649999618530273,13.649999618530273,13.630000114440918,13.630000114440918,369878,0.0,0.0,0.0
2025-03-07 01:55:00+00:00,13.630000114440918,13.640000343322754,13.619999885559082,13.630000114440918,81537,0.0,0.0,0.0
2025-03-07 02:00:00+00:00,13.619999885559082,13.630000114440918,13.619999885559082,13.619999885559082,92590,0.0,0.0,0.0
2025-03-07 02:05:00+00:00,13.619999885559082,13.619999885559082,13.609999656677246,13.609999656677246,158322,0.0,0.0,0.0
2025-03-07 02:10:00+00:00,13.609999656677246,13.609999656677246,13.600000381469727,13.600000381469727,378629,0.0,0.0,0.0
2025-03-07 02:15:00+00:00,13.609999656677246,13.619999885559082,13.600000381469727,13.619999885559082,160166,0.0,0.0,0.0
2025-03-07 02:20:00+00:00,13.619999885559082,13.619999885559082,13.609999656677246,13.619999885559082,27368,0.0,0.0,0.0
2025-03-07 02:25:00+00:00,13.619999885559082,13.619999885559082,13.609999656677246,13.609999656677246,40138,0.0,0.0,0.0
2025-03-07 02:30:00+00:00,13.619999885559082,13.619999885559082,13.609999656677246,13.609999656677246,58146,0.0,0.0,0.0
2025-03-07 02:35:00+00:00,13.609999656677246,13.609999656677246,13.600000381469727,13.609999656677246,24202,0.0,0.0,0.0
2025-03-07 02:40:00+00:00,13.609999656677246,13.609999656677246,13.600000381469727,13.609999656677246,35798,0.0,0.0,0.0
2025-03-07 02:45:00+00:00,13.609999656677246,13.609999656677246,13.609999656677246,13.609999656677246,80870,0.0,0.0,0.0
2025-03-07 02:50:00+00:00,13.600000381469727,13.609999656677246,13.600000381469727,13.600000381469727,13201,0.0,0.0,0.0
2025-03-07 02:55:00+00:00,13.619999885559082,13.619999885559082,13.600000381469727,13.619999885559082,37391,0.0,0.0,0.0
2025-03-07 03:00:00+00:00,13.619999885559082,13.619999885559082,13.609999656677246,13.619999885559082,32706,0.0,0.0,0.0
2025-03-07 03:05:00+00:00,13.619999885559082,13.619999885559082,13.619999885559082,13.619999885559082,26141,0.0,0.0,0.0
2025-03-07 03:10:00+00:00,13.609999656677246,13.609999656677246,13.600000381469727,13.609999656677246,101673,0.0,0.0,0.0
2025-03-07 03:15:00+00:00,13.609999656677246,13.609999656677246,13.600000381469727,13.600000381469727,20661,0.0,0.0,0.0
2025-03-07 03:20:00+00:00,13.609999656677246,13.609999656677246,13.600000381469727,13.609999656677246,515980,0.0,0.0,0.0
2025-03-07 03:25:00+00:00,13.609999656677246,13.609999656677246,13.600000381469727,13.600000381469727,38646,0.0,0.0,0.0
2025-03-07 03:30:00+00:00,13.609999656677246,13.609999656677246,13.600000381469727,13.609999656677246,45244,0.0,0.0,0.0
2025-03-07 03:35:00+00:00,13.600000381469727,13.609999656677246,13.600000381469727,13.609999656677246,39147,0.0,0.0,0.0
2025-03-07 03:40:00+00:00,13.609999656677246,13.609999656677246,13.609999656677246,13.609999656677246,10210,0.0,0.0,0.0
2025-03-07 03:45:00+00:00,13.609999656677246,13.609999656677246,13.600000381469727,13.609999656677246,31292,0.0,0.0,0.0
2025-03-07 03:50:00+00:00,13.609999656677246,13.609999656677246,13.600000381469727,13.609999656677246,29091,0.0,0.0,0.0
2025-03-07 03:55:00+00:00,13.609999656677246,13.609999656677246,13.600000381469727,13.609999656677246,49370,0.0,0.0,0.0
2025-03-07 04:00:00+00:00,13.609999656677246,13.619999885559082,13.600000381469727,13.600000381469727,57263,0.0,0.0,0.0
2025-03-07 04:05:00+00:00,13.619999885559082,13.619999885559082,13.619999885559082,13.619999885559082,5074,0.0,0.0,0.0
2025-03-07 04:10:00+00:00,13.619999885559082,13.619999885559082,13.609999656677246,13.619999885559082,71645,0.0,0.0,0.0
2025-03-07 04:15:00+00:00,13.609999656677246,13.609999656677246,13.609999656677246,13.609999656677246,14139,0.0,0.0,0.0
2025-03-07 04:20:00+00:00,13.609999656677246,13.619999885559082,13.609999656677246,13.619999885559082,10254,0.0,0.0,0.0
2025-03-07 04:25:00+00:00,13.619999885559082,13.619999885559082,13.600000381469727,13.609999656677246,95100,0.0,0.0,0.0
2025-03-07 04:30:00+00:00,13.619999885559082,13.619999885559082,13.600000381469727,13.600000381469727,308558,0.0,0.0,0.0
2025-03-07 04:35:00+00:00,13.600000381469727,13.600000381469727,13.59000015258789,13.600000381469727,14631,0.0,0.0,0.0
2025-03-07 04:40:00+00:00,13.600000381469727,13.600000381469727,13.59000015258789,13.600000381469727,27388,0.0,0.0,0.0
2025-03-07 04:45:00+00:00,13.609999656677246,13.609999656677246,13.609999656677246,13.609999656677246,7138,0.0,0.0,0.0
2025-03-07 04:50:00+00:00,13.600000381469727,13.609999656677246,13.59000015258789,13.59000015258789,337539,0.0,0.0,0.0
2025-03-07 04:55:00+00:00,13.59000015258789,13.600000381469727,13.579999923706055,13.59000015258789,43089,0.0,0.0,0.0
2025-03-07 05:00:00+00:00,13.59000015258789,13.600000381469727,13.59000015258789,13.600000381469727,23203,0.0,0.0,0.0
2025-03-07 05:05:00+00:00,13.600000381469727,13.600000381469727,13.59000015258789,13.59000015258789,19159,0.0,0.0,0.0
2025-03-07 05:10:00+00:00,13.59000015258789,13.600000381469727,13.59000015258789,13.600000381469727,96306,0.0,0.0,0.0
2025-03-07 05:15:00+00:00,13.600000381469727,13.600000381469727,13.59000015258789,13.59000015258789,22177,0.0,0.0,0.0
2025-03-07 05:20:00+00:00,13.600000381469727,13.600000381469727,13.579999923706055,13.59000015258789,152338,0.0,0.0,0.0
2025-03-10 01:00:00+00:00,13.600000381469727,13.600000381469727,13.579999923706055,13.59000015258789,0,0.0,0.0,0.0
2025-03-10 01:05:00+00:00,13.579999923706055,13.59000015258789,13.550000190734863,13.5600004196167,300471,0.0,0.0,0.0
2025-03-10 01:10:00+00:00,13.5600004196167,13.5600004196167,13.5,13.510000228881836,240460,0.0,0.0,0.0
2025-03-10 01:15:00+00:00,13.520000457763672,13.550000190734863,13.520000457763672,13.520000457763672,237433,0.0,0.0,0.0
2025-03-10 01:20:00+00:00,13.539999961853027,13.539999961853027,13.510000228881836,13.520000457763672,175953,0.0,0.0,0.0
2025-03-10 01:25:00+00:00,13.520000457763672,13.529999732971191,13.520000457763672,13.520000457763672,32471,0.0,0.0,0.0
2025-03-10 01:30:00+00:00,13.510000228881836,13.520000457763672,13.5,13.520000457763672,106053,0.0,0.0,0.0
2025-03-10 01:35:00+00:00,13.520000457763672,13.529999732971191,13.510000228881836,13.529999732971191,60920,0.0,0.0,0.0
2025-03-10 01:40:00+00:00,13.529999732971191,13.539999961853027,13.520000457763672,13.520000457763672,67444,0.0,0.0,0.0
2025-03-10 01:45:00+00:00,13.520000457763672,13.520000457763672,13.5,13.5,671699,0.0,0.0,0.0
2025-03-10 01:50:00+00:00,13.510000228881836,13.510000228881836,13.5,13.510000228881836,26139,0.0,0.0,0.0
2025-03-10 01:55:00+00:00,13.520000457763672,13.529999732971191,13.510000228881836,13.520000457763672,76894,0.0,0.0,0.0
2025-03-10 02:00:00+00:00,13.529999732971191,13.539999961853027,13.520000457763672,13.529999732971191,59567,0.0,0.0,0.0
2025-03-10 02:05:00+00:00,13.539999961853027,13.539999961853027,13.539999961853027,13.539999961853027,19378,0.0,0.0,0.0
2025-03-10 02:10:00+00:00,13.539999961853027,13.550000190734863,13.539999961853027,13.539999961853027,13859,0.0,0.0,0.0
2025-03-10 02:15:00+00:00,13.539999961853027,13.550000190734863,13.539999961853027,13.550000190734863,19264,0.0,0.0,0.0
2025-03-10 02:20:00+00:00,13.550000190734863,13.550000190734863,13.550000190734863,13.550000190734863,27801,0.0,0.0,0.0
2025-03-10 02:25:00+00:00,13.5600004196167,13.5600004196167,13.550000190734863,13.5600004196167,18464,0.0,0.0,0.0
2025-03-10 02:30:00+00:00,13.5600004196167,13.569999694824219,13.550000190734863,13.550000190734863,123615,0.0,0.0,0.0
2025-03-10 02:35:00+00:00,13.569999694824219,13.579999923706055,13.569999694824219,13.579999923706055,26606,0.0,0.0,0.0
2025-03-10 02:40:00+00:00,13.579999923706055,13.59000015258789,13.579999923706055,13.59000015258789,39616,0.0,0.0,0.0
2025-03-10 02:45:00+00:00,13.59000015258789,13.59000015258789,13.579999923706055,13.579999923706055,14322,0.0,0.0,0.0
2025-03-10 02:50:00+00:00,13.59000015258789,13.59000015258789,13.59000015258789,13.59000015258789,8160,0.0,0.0,0.0
2025-03-10 02:55:00+00:00,13.579999923706055,13.579999923706055,13.569999694824219,13.579999923706055,16548,0.0,0.0,0.0
2025-03-10 03:00:00+00:00,13.579999923706055,13.579999923706055,13.569999694824219,13.569999694824219,27007,0.0,0.0,0.0
2025-03-10 03:05:00+00:00,13.569999694824219,13.569999694824219,13.5600004196167,13.569999694824219,16256,0.0,0.0,0.0
2025-03-10 03:10:00+00:00,13.569999694824219,13.569999694824219,13.550000190734863,13.550000190734863,137103,0.0,0.0,0.0
2025-03-10 03:15:00+00:00,13.550000190734863,13.550000190734863,13.550000190734863,13.550000190734863,7153,0.0,0.0,0.0
2025-03-10 03:20:00+00:00,13.539999961853027,13.539999961853027,13.539999961853027,13.539999961853027,12431,0.0,0.0,0.0
2025-03-10 03:25:00+00:00,13.550000190734863,13.550000190734863,13.539999961853027,13.550000190734863,48691,0.0,0.0,0.0
2025-03-10 03:30:00+00:00,13.550000190734863,13.550000190734863,13.529999732971191,13.550000190734863,11108,0.0,0.0,0.0
2025-03-10 03:35:00+00:00,13.550000190734863,13.550000190734863,13.550000190734863,13.550000190734863,7794,0.0,0.0,0.0
2025-03-10 03:40:00+00:00,13.550000190734863,13.5600004196167,13.550000190734863,13.5600004196167,7165,0.0,0.0,0.0
2025-03-10 03:45:00+00:00,13.5600004196167,13.569999694824219,13.550000190734863,13.5600004196167,12419,0.0,0.0,0.0
2025-03-10 03:50:00+00:00,13.569999694824219,13.569999694824219,13.569999694824219,13.569999694824219,4343,0.0,0.0,0.0
2025-03-10 03:55:00+00:00,13.569999694824219,13.569999694824219,13.550000190734863,13.550000190734863,24163,0.0,0.0,0.0
2025-03-10 04:00:00+00:00,13.5600004196167,13.5600004196167,13.550000190734863,13.5600004196167,20701,0.0,0.0,0.0
2025-03-10 04:05:00+00:00,13.5600004196167,13.5600004196167,13.539999961853027,13.5600004196167,18256,0.0,0.0,0.0
2025-03-10 04:10:00+00:00,13.5600004196167,13.5600004196167,13.550000190734863,13.5600004196167,14532,0.0,0.0,0.0
2025-03-10 04:15:00+00:00,13.5600004196167,13.5600004196167,13.5600004196167,13.5600004196167,8783,0.0,0.0,0.0
2025-03-10 04:20:00+00:00,13.5600004196167,13.5600004196167,13.5600004196167,13.5600004196167,8490,0.0,0.0,0.0
2025-03-10 04:25:00+00:00,13.5600004196167,13.5600004196167,13.550000190734863,13.550000190734863,48471,0.0,0.0,0.0
2025-03-10 04:30:00+00:00,13.5600004196167,13.5600004196167,13.539999961853027,13.550000190734863,56100,0.0,0.0,0.0
2025-03-10 04:35:00+00:00,13.550000190734863,13.550000190734863,13.550000190734863,13.550000190734863,21060,0.0,0.0,0.0
2025-03-10 04:40:00+00:00,13.550000190734863,13.550000190734863,13.550000190734863,13.550000190734863,19410,0.0,0.0,0.0
2025-03-10 04:45:00+00:00,13.550000190734863,13.550000190734863,13.550000190734863,13.550000190734863,14320,0.0,0.0,0.0
2025-03-10 04:50:00+00:00,13.5600004196167,13.5600004196167,13.550000190734863,13.550000190734863,26931,0.0,0.0,0.0
2025-03-10 04:55:00+00:00,13.550000190734863,13.550000190734863,13.539999961853027,13.539999961853027,25121,0.0,0.0,0.0
2025-03-10 05:00:00+00:00,13.550000190734863,13.550000190734863,13.539999961853027,13.550000190734863,22530,0.0,0.0,0.0
2025-03-10 05:05:00+00:00,13.550000190734863,13.550000190734863,13.539999961853027,13.539999961853027,232987,0.0,0.0,0.0
2025-03-10 05:10:00+00:00,13.550000190734863,13.550000190734863,13.529999732971191,13.539999961853027,38527,0.0,0.0,0.0
2025-03-10 05:15:00+00:00,13.539999961853027,13.550000190734863,13.539999961853027,13.550000190734863,92689,0.0,0.0,0.0
2025-03-10 05:20:00+00:00,13.550000190734863,13.550000190734863,13.539999961853027,13.539999961853027,138507,0.0,0.0,0.0
2025-03-11 01:00:00+00:00,13.300000190734863,13.3100004196167,13.180000305175781,13.1899995803833,0,0.0,0.0,0.0
2025-03-11 01:05:00+00:00,13.1899995803833,13.1899995803833,13.119999885559082,13.140000343322754,940000,0.0,0.0,0.0
2025-03-11 01:10:00+00:00,13.140000343322754,13.199999809265137,13.140000343322754,13.15999984741211,553473,0.0,0.0,0.0
2025-03-11 01:15:00+00:00,13.15999984741211,13.180000305175781,13.149999618530273,13.180000305175781,299703,0.0,0.0,0.0
2025-03-11 01:20:00+00:00,13.180000305175781,13.350000381469727,13.180000305175781,13.199999809265137,253159,0.0,0.0,0.0
2025-03-11 01:25:00+00:00,13.199999809265137,13.199999809265137,13.170000076293945,13.180000305175781,392782,0.0,0.0,0.0
2025-03-11 01:30:00+00:00,13.1899995803833,13.1899995803833,13.170000076293945,13.170000076293945,399961,0.0,0.0,0.0
2025-03-11 01:35:00+00:00,13.170000076293945,13.210000038146973,13.170000076293945,13.210000038146973,170306,0.0,0.0,0.0
2025-03-11 01:40:00+00:00,13.210000038146973,13.229999542236328,13.210000038146973,13.229999542236328,129403,0.0,0.0,0.0
2025-03-11 01:45:00+00:00,13.220000267028809,13.239999771118164,13.220000267028809,13.239999771118164,184351,0.0,0.0,0.0
2025-03-11 01:50:00+00:00,13.239999771118164,13.25,13.239999771118164,13.25,131627,0.0,0.0,0.0
2025-03-11 01:55:00+00:00,13.25,13.260000228881836,13.25,13.25,66285,0.0,0.0,0.0
2025-03-11 02:00:00+00:00,13.260000228881836,13.260000228881836,13.25,13.260000228881836,80638,0.0,0.0,0.0
2025-03-11 02:05:00+00:00,13.260000228881836,13.260000228881836,13.25,13.25,142089,0.0,0.0,0.0
2025-03-11 02:10:00+00:00,13.260000228881836,13.260000228881836,13.25,13.25,245227,0.0,0.0,0.0
2025-03-11 02:15:00+00:00,13.25,13.260000228881836,13.25,13.260000228881836,141729,0.0,0.0,0.0
2025-03-11 02:20:00+00:00,13.260000228881836,13.289999961853027,13.260000228881836,13.279999732971191,95717,0.0,0.0,0.0
2025-03-11 02:25:00+00:00,13.289999961853027,13.300000190734863,13.279999732971191,13.279999732971191,236551,0.0,0.0,0.0
2025-03-11 02:30:00+00:00,13.270000457763672,13.270000457763672,13.25,13.260000228881836,139992,0.0,0.0,0.0
2025-03-11 02:35:00+00:00,13.25,13.260000228881836,13.25,13.260000228881836,25327,0.0,0.0,0.0
2025-03-11 02:40:00+00:00,13.260000228881836,13.270000457763672,13.260000228881836,13.270000457763672,14139,0.0,0.0,0.0
2025-03-11 02:45:00+00:00,13.270000457763672,13.270000457763672,13.239999771118164,13.25,199265,0.0,0.0,0.0
2025-03-11 02:50:00+00:00,13.25,13.25,13.25,13.25,18560,0.0,0.0,0.0
2025-03-11 02:55:00+00:00,13.25,13.260000228881836,13.25,13.25,24463,0.0,0.0,0.0
2025-03-11 03:00:00+00:00,13.260000228881836,13.279999732971191,13.260000228881836,13.279999732971191,36655,0.0,0.0,0.0
2025-03-11 03:05:00+00:00,13.279999732971191,13.289999961853027,13.279999732971191,13.289999961853027,170174,0.0,0.0,0.0
2025-03-11 03:10:00+00:00,13.289999961853027,13.289999961853027,13.279999732971191,13.279999732971191,103040,0.0,0.0,0.0
2025-03-11 03:15:00+00:00,13.289999961853027,13.289999961853027,13.279999732971191,13.289999961853027,40840,0.0,0.0,0.0
2025-03-11 03:20:00+00:00,13.279999732971191,13.289999961853027,13.270000457763672,13.270000457763672,125763,0.0,0.0,0.0
2025-03-11 03:25:00+00:00,13.260000228881836,13.270000457763672,13.260000228881836,13.270000457763672,22676,0.0,0.0,0.0
2025-03-11 03:30:00+00:00,13.270000457763672,13.270000457763672,13.260000228881836,13.270000457763672,77787,0.0,0.0,0.0
2025-03-11 03:35:00+00:00,13.270000457763672,13.270000457763672,13.25,13.260000228881836,50117,0.0,0.0,0.0
2025-03-11 03:40:00+00:00,13.260000228881836,13.260000228881836,13.260000228881836,13.260000228881836,17127,0.0,0.0,0.0
2025-03-11 03:45:00+00:00,13.260000228881836,13.260000228881836,13.25,13.260000228881836,12457,0.0,0.0,0.0
2025-03-11 03:50:00+00:00,13.260000228881836,13.260000228881836,13.25,13.25,11860,0.0,0.0,0.0
2025-03-11 03:55:00+00:00,13.25,13.260000228881836,13.25,13.25,349917,0.0,0.0,0.0
2025-03-11 04:00:00+00:00,13.260000228881836,13.260000228881836,13.260000228881836,13.260000228881836,85843,0.0,0.0,0.0
2025-03-11 04:05:00+00:00,13.260000228881836,13.270000457763672,13.260000228881836,13.260000228881836,11727,0.0,0.0,0.0
2025-03-11 04:10:00+00:00,13.270000457763672,13.270000457763672,13.260000228881836,13.260000228881836,267693,0.0,0.0,0.0
2025-03-11 04:15:00+00:00,13.270000457763672,13.270000457763672,13.260000228881836,13.270000457763672,44172,0.0,0.0,0.0
2025-03-11 04:20:00+00:00,13.270000457763672,13.279999732971191,13.260000228881836,13.270000457763672,415014,0.0,0.0,0.0
2025-03-11 04:25:00+00:00,13.270000457763672,13.279999732971191,13.270000457763672,13.279999732971191,8358,0.0,0.0,0.0
2025-03-11 04:30:00+00:00,13.289999961853027,13.289999961853027,13.279999732971191,13.289999961853027,37679,0.0,0.0,0.0
2025-03-11 04:35:00+00:00,13.289999961853027,13.289999961853027,13.279999732971191,13.289999961853027,87714,0.0,0.0,0.0
2025-03-11 04:40:00+00:00,13.289999961853027,13.289999961853027,13.279999732971191,13.279999732971191,104726,0.0,0.0,0.0
2025-03-11 04:45:00+00:00,13.279999732971191,13.289999961853027,13.279999732971191,13.289999961853027,23336,0.0,0.0,0.0
2025-03-11 04:50:00+00:00,13.289999961853027,13.289999961853027,13.279999732971191,13.279999732971191,43811,0.0,0.0,0.0
2025-03-11 04:55:00+00:00,13.289999961853027,13.289999961853027,13.279999732971191,13.289999961853027,40158,0.0,0.0,0.0
2025-03-11 05:00:00+00:00,13.289999961853027,13.289999961853027,13.289999961853027,13.289999961853027,35151,0.0,0.0,0.0
2025-03-11 05:05:00+00:00,13.289999961853027,13.289999961853027,13.279999732971191,13.279999732971191,89737,0.0,0.0,0.0
2025-03-11 05:10:00+00:00,13.279999732971191,13.289999961853027,13.279999732971191,13.289999961853027,26363,0.0,0.0,0.0
2025-03-11 05:15:00+00:00,13.289999961853027,13.289999961853027,13.279999732971191,13.279999732971191,152974,0.0,0.0,0.0
2025-03-11 05:20:00+00:00,13.279999732971191,13.279999732971191,13.260000228881836,13.270000457763672,233648,0.0,0.0,0.0
2025-03-12 01:00:00+00:00,13.289999961853027,13.359999656677246,13.279999732971191,13.3100004196167,0,0.0,0.0,0.0
2025-03-12 01:05:00+00:00,13.289999961853027,13.319999694824219,13.289999961853027,13.3100004196167,76639,0.0,0.0,0.0
2025-03-12 01:10:00+00:00,13.3100004196167,13.329999923706055,13.3100004196167,13.329999923706055,28165,0.0,0.0,0.0
2025-03-12 01:15:00+00:00,13.34000015258789,13.350000381469727,13.329999923706055,13.34000015258789,60983,0.0,0.0,0.0
2025-03-12 01:20:00+00:00,13.329999923706055,13.34000015258789,13.329999923706055,13.34000015258789,35116,0.0,0.0,0.0
2025-03-12 01:25:00+00:00,13.34000015258789,13.350000381469727,13.34000015258789,13.34000015258789,44317,0.0,0.0,0.0
2025-03-12 01:30:00+00:00,13.350000381469727,13.350000381469727,13.329999923706055,13.34000015258789,35314,0.0,0.0,0.0
2025-03-12 01:35:00+00:00,13.34000015258789,13.359999656677246,13.34000015258789,13.350000381469727,57431,0.0,0.0,0.0
2025-03-12 01:40:00+00:00,13.359999656677246,13.380000114440918,13.359999656677246,13.359999656677246,58787,0.0,0.0,0.0
2025-03-12 01:45:00+00:00,13.359999656677246,13.369999885559082,13.359999656677246,13.369999885559082,23416,0.0,0.0,0.0
2025-03-12 01:50:00+00:00,13.369999885559082,13.380000114440918,13.369999885559082,13.380000114440918,29703,0.0,0.0,0.0
2025-03-12 01:55:00+00:00,13.380000114440918,13.380000114440918,13.380000114440918,13.380000114440918,14176,0.0,0.0,0.0
2025-03-12 02:00:00+00:00,13.380000114440918,13.380000114440918,13.369999885559082,13.380000114440918,22332,0.0,0.0,0.0
2025-03-12 02:05:00+00:00,13.369999885559082,13.380000114440918,13.369999885559082,13.380000114440918,70819,0.0,0.0,0.0
2025-03-12 02:10:00+00:00,13.380000114440918,13.390000343322754,13.380000114440918,13.390000343322754,31060,0.0,0.0,0.0
2025-03-12 02:15:00+00:00,13.399999618530273,13.40999984741211,13.390000343322754,13.40999984741211,49788,0.0,0.0,0.0
2025-03-12 02:20:00+00:00,13.40999984741211,13.40999984741211,13.399999618530273,13.399999618530273,15618,0.0,0.0,0.0
2025-03-12 02:25:00+00:00,13.399999618530273,13.399999618530273,13.390000343322754,13.399999618530273,16076,0.0,0.0,0.0
2025-03-12 02:30:00+00:00,13.399999618530273,13.399999618530273,13.399999618530273,13.399999618530273,13431,0.0,0.0,0.0
2025-03-12 02:35:00+00:00,13.399999618530273,13.399999618530273,13.390000343322754,13.399999618530273,5327,0.0,0.0,0.0
2025-03-12 02:40:00+00:00,13.399999618530273,13.40999984741211,13.399999618530273,13.40999984741211,31722,0.0,0.0,0.0
2025-03-12 02:45:00+00:00,13.399999618530273,13.430000305175781,13.399999618530273,13.430000305175781,120481,0.0,0.0,0.0
2025-03-12 02:50:00+00:00,13.430000305175781,13.430000305175781,13.430000305175781,13.430000305175781,11422,0.0,0.0,0.0
2025-03-12 02:55:00+00:00,13.430000305175781,13.4399995803833,13.430000305175781,13.4399995803833,45547,0.0,0.0,0.0
2025-03-12 03:00:00+00:00,13.449999809265137,13.449999809265137,13.430000305175781,13.430000305175781,26755,0.0,0.0,0.0
2025-03-12 03:05:00+00:00,13.430000305175781,13.4399995803833,13.430000305175781,13.4399995803833,15905,0.0,0.0,0.0
2025-03-12 03:10:00+00:00,13.4399995803833,13.4399995803833,13.4399995803833,13.4399995803833,41664,0.0,0.0,0.0
2025-03-12 03:15:00+00:00,13.4399995803833,13.4399995803833,13.430000305175781,13.430000305175781,116388,0.0,0.0,0.0
2025-03-12 03:20:00+00:00,13.420000076293945,13.430000305175781,13.420000076293945,13.420000076293945,60370,0.0,0.0,0.0
2025-03-12 03:25:00+00:00,13.420000076293945,13.420000076293945,13.399999618530273,13.40999984741211,22220,0.0,0.0,0.0
2025-03-12 03:30:00+00:00,13.420000076293945,13.420000076293945,13.40999984741211,13.40999984741211,10193,0.0,0.0,0.0
2025-03-12 03:35:00+00:00,13.40999984741211,13.40999984741211,13.399999618530273,13.40999984741211,117178,0.0,0.0,0.0
2025-03-12 03:40:00+00:00,13.40999984741211,13.40999984741211,13.399999618530273,13.40999984741211,5126,0.0,0.0,0.0
2025-03-12 03:45:00+00:00,13.40999984741211,13.40999984741211,13.40999984741211,13.40999984741211,4287,0.0,0.0,0.0
2025-03-12 03:50:00+00:00,13.40999984741211,13.40999984741211,13.399999618530273,13.40999984741211,93116,0.0,0.0,0.0
2025-03-12 03:55:00+00:00,13.40999984741211,13.40999984741211,13.399999618530273,13.399999618530273,71700,0.0,0.0,0.0
2025-03-12 04:00:00+00:00,13.399999618530273,13.399999618530273,13.390000343322754,13.390000343322754,45445,0.0,0.0,0.0
2025-03-12 04:05:00+00:00,13.380000114440918,13.380000114440918,13.369999885559082,13.369999885559082,65624,0.0,0.0,0.0
2025-03-12 04:10:00+00:00,13.369999885559082,13.380000114440918,13.369999885559082,13.369999885559082,81540,0.0,0.0,0.0
2025-03-12 04:15:00+00:00,13.369999885559082,13.380000114440918,13.369999885559082,13.380000114440918,14468,0.0,0.0,0.0
2025-03-12 04:20:00+00:00,13.380000114440918,13.380000114440918,13.369999885559082,13.380000114440918,37139,0.0,0.0,0.0
2025-03-12 04:25:00+00:00,13.380000114440918,13.380000114440918,13.380000114440918,13.380000114440918,8726,0.0,0.0,0.0
2025-03-12 04:30:00+00:00,13.390000343322754,13.390000343322754,13.369999885559082,13.369999885559082,16052,0.0,0.0,0.0
2025-03-12 04:35:00+00:00,13.369999885559082,13.369999885559082,13.359999656677246,13.359999656677246,50037,0.0,0.0,0.0
2025-03-12 04:40:00+00:00,13.359999656677246,13.359999656677246,13.34000015258789,13.34000015258789,154679,0.0,0.0,0.0
2025-03-12 04:45:00+00:00,13.34000015258789,13.34000015258789,13.329999923706055,13.329999923706055,58773,0.0,0.0,0.0
2025-03-12 04:50:00+00:00,13.329999923706055,13.34000015258789,13.329999923706055,13.34000015258789,32890,0.0,0.0,0.0
2025-03-12 04:55:00+00:00,13.34000015258789,13.34000015258789,13.329999923706055,13.34000015258789,11933,0.0,0.0,0.0
2025-03-12 05:00:00+00:00,13.329999923706055,13.329999923706055,13.329999923706055,13.329999923706055,50010,0.0,0.0,0.0
2025-03-12 05:05:00+00:00,13.329999923706055,13.34000015258789,13.329999923706055,13.34000015258789,41094,0.0,0.0,0.0
2025-03-12 05:10:00+00:00,13.34000015258789,13.369999885559082,13.34000015258789,13.369999885559082,27538,0.0,0.0,0.0
2025-03-12 05:15:00+00:00,13.369999885559082,13.369999885559082,13.350000381469727,13.369999885559082,10676,0.0,0.0,0.0
2025-03-12 05:20:00+00:00,13.359999656677246,13.369999885559082,13.359999656677246,13.359999656677246,69854,0.0,0.0,0.0
2025-03-13 01:00:00+00:00,13.5,13.550000190734863,13.5,13.5,0,0.0,0.0,0.0
2025-03-13 01:05:00+00:00,13.5,13.5,13.470000267028809,13.470000267028809,149719,0.0,0.0,0.0
2025-03-13 01:10:00+00:00,13.479999542236328,13.479999542236328,13.470000267028809,13.479999542236328,48191,0.0,0.0,0.0
2025-03-13 01:15:00+00:00,13.470000267028809,13.470000267028809,13.470000267028809,13.470000267028809,8133,0.0,0.0,0.0
2025-03-13 01:20:00+00:00,13.470000267028809,13.479999542236328,13.470000267028809,13.479999542236328,16030,0.0,0.0,0.0
2025-03-13 01:25:00+00:00,13.479999542236328,13.479999542236328,13.470000267028809,13.479999542236328,60369,0.0,0.0,0.0
2025-03-13 01:30:00+00:00,13.489999771118164,13.489999771118164,13.449999809265137,13.460000038146973,53479,0.0,0.0,0.0
2025-03-13 01:35:00+00:00,13.460000038146973,13.460000038146973,13.449999809265137,13.460000038146973,11500,0.0,0.0,0.0
2025-03-13 01:40:00+00:00,13.449999809265137,13.460000038146973,13.449999809265137,13.449999809265137,14030,0.0,0.0,0.0
2025-03-13 01:45:00+00:00,13.460000038146973,13.460000038146973,13.460000038146973,13.460000038146973,14450,0.0,0.0,0.0
2025-03-13 01:50:00+00:00,13.460000038146973,13.460000038146973,13.449999809265137,13.460000038146973,52570,0.0,0.0,0.0
2025-03-13 01:55:00+00:00,13.460000038146973,13.460000038146973,13.449999809265137,13.460000038146973,104803,0.0,0.0,0.0
2025-03-13 02:00:00+00:00,13.470000267028809,13.479999542236328,13.460000038146973,13.470000267028809,10903,0.0,0.0,0.0
2025-03-13 02:05:00+00:00,13.460000038146973,13.460000038146973,13.460000038146973,13.460000038146973,5615,0.0,0.0,0.0
2025-03-13 02:10:00+00:00,13.460000038146973,13.460000038146973,13.449999809265137,13.460000038146973,22168,0.0,0.0,0.0
2025-03-13 02:15:00+00:00,13.449999809265137,13.460000038146973,13.4399995803833,13.4399995803833,79761,0.0,0.0,0.0
2025-03-13 02:20:00+00:00,13.430000305175781,13.430000305175781,13.420000076293945,13.430000305175781,46016,0.0,0.0,0.0
2025-03-13 02:25:00+00:00,13.430000305175781,13.430000305175781,13.420000076293945,13.420000076293945,18031,0.0,0.0,0.0
2025-03-13 02:30:00+00:00,13.420000076293945,13.430000305175781,13.40999984741211,13.40999984741211,52047,0.0,0.0,0.0
2025-03-13 02:35:00+00:00,13.40999984741211,13.420000076293945,13.40999984741211,13.40999984741211,14151,0.0,0.0,0.0
2025-03-13 02:40:00+00:00,13.40999984741211,13.40999984741211,13.40999984741211,13.40999984741211,15400,0.0,0.0,0.0
2025-03-13 02:45:00+00:00,13.40999984741211,13.40999984741211,13.399999618530273,13.399999618530273,83230,0.0,0.0,0.0
2025-03-13 02:50:00+00:00,13.40999984741211,13.40999984741211,13.390000343322754,13.390000343322754,27584,0.0,0.0,0.0
2025-03-13 02:55:00+00:00,13.390000343322754,13.390000343322754,13.369999885559082,13.369999885559082,139708,0.0,0.0,0.0
2025-03-13 03:00:00+00:00,13.380000114440918,13.380000114440918,13.369999885559082,13.380000114440918,49383,0.0,0.0,0.0
2025-03-13 03:05:00+00:00,13.390000343322754,13.390000343322754,13.369999885559082,13.369999885559082,151111,0.0,0.0,0.0
2025-03-13 03:10:00+00:00,13.369999885559082,13.369999885559082,13.369999885559082,13.369999885559082,5339,0.0,0.0,0.0
2025-03-13 03:15:00+00:00,13.369999885559082,13.369999885559082,13.350000381469727,13.350000381469727,77765,0.0,0.0,0.0
2025-03-13 03:20:00+00:00,13.350000381469727,13.359999656677246,13.34000015258789,13.34000015258789,105848,0.0,0.0,0.0
2025-03-13 03:25:00+00:00,13.34000015258789,13.34000015258789,13.329999923706055,13.329999923706055,24138,0.0,0.0,0.0
2025-03-13 03:30:00+00:00,13.329999923706055,13.329999923706055,13.319999694824219,13.319999694824219,53960,0.0,0.0,0.0
2025-03-13 03:35:00+00:00,13.319999694824219,13.329999923706055,13.300000190734863,13.300000190734863,191153,0.0,0.0,0.0
2025-03-13 03:40:00+00:00,13.3100004196167,13.3100004196167,13.300000190734863,13.300000190734863,76224,0.0,0.0,0.0
2025-03-13 03:45:00+00:00,13.300000190734863,13.319999694824219,13.300000190734863,13.319999694824219,31123,0.0,0.0,0.0
2025-03-13 03:50:00+00:00,13.319999694824219,13.319999694824219,13.300000190734863,13.3100004196167,43171,0.0,0.0,0.0
2025-03-13 03:55:00+00:00,13.319999694824219,13.319999694824219,13.300000190734863,13.300000190734863,33758,0.0,0.0,0.0
2025-03-13 04:00:00+00:00,13.3100004196167,13.319999694824219,13.3100004196167,13.319999694824219,5278,0.0,0.0,0.0
2025-03-13 04:05:00+00:00,13.3100004196167,13.329999923706055,13.3100004196167,13.329999923706055,152190,0.0,0.0,0.0
2025-03-13 04:10:00+00:00,13.329999923706055,13.329999923706055,13.319999694824219,13.319999694824219,128608,0.0,0.0,0.0
2025-03-13 04:15:00+00:00,13.34000015258789,13.34000015258789,13.319999694824219,13.319999694824219,18098,0.0,0.0,0.0
2025-03-13 04:20:00+00:00,13.319999694824219,13.329999923706055,13.319999694824219,13.329999923706055,14840,0.0,0.0,0.0
2025-03-13 04:25:00+00:00,13.319999694824219,13.319999694824219,13.300000190734863,13.300000190734863,69650,0.0,0.0,0.0
2025-03-13 04:30:00+00:00,13.3100004196167,13.3100004196167,13.289999961853027,13.289999961853027,118056,0.0,0.0,0.0
2025-03-13 04:35:00+00:00,13.289999961853027,13.289999961853027,13.270000457763672,13.270000457763672,203728,0.0,0.0,0.0
2025-03-13 04:40:00+00:00,13.270000457763672,13.270000457763672,13.260000228881836,13.270000457763672,80256,0.0,0.0,0.0
2025-03-13 04:45:00+00:00,13.270000457763672,13.270000457763672,13.25,13.270000457763672,123550,0.0,0.0,0.0
2025-03-13 04:50:00+00:00,13.270000457763672,13.279999732971191,13.270000457763672,13.279999732971191,18823,0.0,0.0,0.0
2025-03-13 04:55:00+00:00,13.270000457763672,13.279999732971191,13.270000457763672,13.270000457763672,64974,0.0,0.0,0.0
2025-03-13 05:00:00+00:00,13.270000457763672,13.279999732971191,13.270000457763672,13.270000457763672,304687,0.0,0.0,0.0
2025-03-13 05:05:00+00:00,13.270000457763672,13.270000457763672,13.260000228881836,13.270000457763672,99669,0.0,0.0,0.0
2025-03-13 05:10:00+00:00,13.270000457763672,13.270000457763672,13.25,13.25,183599,0.0,0.0,0.0
2025-03-13 05:15:00+00:00,13.260000228881836,13.260000228881836,13.25,13.25,180172,0.0,0.0,0.0
2025-03-13 05:20:00+00:00,13.239999771118164,13.260000228881836,13.239999771118164,13.25,148916,0.0,0.0,0.0
2025-03-14 01:00:00+00:00,13.25,13.25,13.210000038146973,13.210000038146973,0,0.0,0.0,0.0
2025-03-14 01:05:00+00:00,13.210000038146973,13.220000267028809,13.180000305175781,13.220000267028809,405000,0.0,0.0,0.0
2025-03-14 01:10:00+00:00,13.210000038146973,13.25,13.210000038146973,13.239999771118164,34870,0.0,0.0,0.0
2025-03-14 01:15:00+00:00,13.25,13.289999961853027,13.239999771118164,13.270000457763672,44433,0.0,0.0,0.0
2025-03-14 01:20:00+00:00,13.270000457763672,13.279999732971191,13.25,13.260000228881836,35546,0.0,0.0,0.0
2025-03-14 01:25:00+00:00,13.260000228881836,13.260000228881836,13.239999771118164,13.239999771118164,77316,0.0,0.0,0.0
2025-03-14 01:30:00+00:00,13.25,13.25,13.199999809265137,13.199999809265137,180387,0.0,0.0,0.0
2025-03-14 01:35:00+00:00,13.210000038146973,13.210000038146973,13.199999809265137,13.210000038146973,30313,0.0,0.0,0.0
2025-03-14 01:40:00+00:00,13.210000038146973,13.239999771118164,13.210000038146973,13.229999542236328,61202,0.0,0.0,0.0
2025-03-14 01:45:00+00:00,13.229999542236328,13.229999542236328,13.220000267028809,13.220000267028809,42610,0.0,0.0,0.0
2025-03-14 01:50:00+00:00,13.220000267028809,13.220000267028809,13.220000267028809,13.220000267028809,38606,0.0,0.0,0.0
2025-03-14 01:55:00+00:00,13.220000267028809,13.220000267028809,13.210000038146973,13.210000038146973,51034,0.0,0.0,0.0
2025-03-14 02:00:00+00:00,13.210000038146973,13.210000038146973,13.1899995803833,13.1899995803833,208138,0.0,0.0,0.0
2025-03-14 02:05:00+00:00,13.1899995803833,13.199999809265137,13.1899995803833,13.199999809265137,87264,0.0,0.0,0.0
2025-03-14 02:10:00+00:00,13.1899995803833,13.1899995803833,13.180000305175781,13.180000305175781,281007,0.0,0.0,0.0
2025-03-14 02:15:00+00:00,13.170000076293945,13.1899995803833,13.170000076293945,13.1899995803833,135052,0.0,0.0,0.0
2025-03-14 02:20:00+00:00,13.1899995803833,13.1899995803833,13.180000305175781,13.1899995803833,54925,0.0,0.0,0.0
2025-03-14 02:25:00+00:00,13.180000305175781,13.199999809265137,13.180000305175781,13.199999809265137,150029,0.0,0.0,0.0
2025-03-14 02:30:00+00:00,13.199999809265137,13.210000038146973,13.199999809265137,13.199999809265137,26274,0.0,0.0,0.0
2025-03-14 02:35:00+00:00,13.199999809265137,13.199999809265137,13.1899995803833,13.1899995803833,91948,0.0,0.0,0.0
2025-03-14 02:40:00+00:00,13.1899995803833,13.199999809265137,13.1899995803833,13.199999809265137,2032,0.0,0.0,0.0
2025-03-14 02:45:00+00:00,13.199999809265137,13.199999809265137,13.199999809265137,13.199999809265137,36443,0.0,0.0,0.0
2025-03-14 02:50:00+00:00,13.210000038146973,13.220000267028809,13.210000038146973,13.220000267028809,51035,0.0,0.0,0.0
2025-03-14 02:55:00+00:00,13.229999542236328,13.229999542236328,13.220000267028809,13.220000267028809,9335,0.0,0.0,0.0
2025-03-14 03:00:00+00:00,13.229999542236328,13.239999771118164,13.229999542236328,13.239999771118164,48320,0.0,0.0,0.0
2025-03-14 03:05:00+00:00,13.239999771118164,13.239999771118164,13.229999542236328,13.229999542236328,72924,0.0,0.0,0.0
2025-03-14 03:10:00+00:00,13.229999542236328,13.229999542236328,13.220000267028809,13.229999542236328,19972,0.0,0.0,0.0
2025-03-14 03:15:00+00:00,13.229999542236328,13.229999542236328,13.229999542236328,13.229999542236328,3865,0.0,0.0,0.0
2025-03-14 03:20:00+00:00,13.229999542236328,13.229999542236328,13.229999542236328,13.229999542236328,154416,0.0,0.0,0.0
2025-03-14 03:25:00+00:00,13.239999771118164,13.239999771118164,13.229999542236328,13.229999542236328,11160,0.0,0.0,0.0
2025-03-14 03:30:00+00:00,13.239999771118164,13.239999771118164,13.239999771118164,13.239999771118164,2706,0.0,0.0,0.0
2025-03-14 03:35:00+00:00,13.239999771118164,13.239999771118164,13.239999771118164,13.239999771118164,16131,0.0,0.0,0.0
2025-03-14 03:40:00+00:00,13.25,13.25,13.239999771118164,13.239999771118164,28021,0.0,0.0,0.0
2025-03-14 03:45:00+00:00,13.25,13.25,13.239999771118164,13.239999771118164,54977,0.0,0.0,0.0
2025-03-14 03:50:00+00:00,13.25,13.25,13.25,13.25,1019,0.0,0.0,0.0
2025-03-14 03:55:00+00:00,13.239999771118164,13.239999771118164,13.229999542236328,13.229999542236328,48262,0.0,0.0,0.0
2025-03-14 04:00:00+00:00,13.239999771118164,13.239999771118164,13.239999771118164,13.239999771118164,12037,0.0,0.0,0.0
2025-03-14 04:05:00+00:00,13.229999542236328,13.239999771118164,13.229999542236328,13.239999771118164,28823,0.0,0.0,0.0
2025-03-14 04:10:00+00:00,13.239999771118164,13.239999771118164,13.229999542236328,13.229999542236328,38618,0.0,0.0,0.0
2025-03-14 04:15:00+00:00,13.229999542236328,13.229999542236328,13.229999542236328,13.229999542236328,9199,0.0,0.0,0.0
2025-03-14 04:20:00+00:00,13.229999542236328,13.239999771118164,13.229999542236328,13.239999771118164,15560,0.0,0.0,0.0
2025-03-14 04:25:00+00:00,13.229999542236328,13.229999542236328,13.229999542236328,13.229999542236328,8162,0.0,0.0,0.0
2025-03-14 04:30:00+00:00,13.239999771118164,13.239999771118164,13.229999542236328,13.229999542236328,19367,0.0,0.0,0.0
2025-03-14 04:35:00+00:00,13.220000267028809,13.229999542236328,13.220000267028809,13.220000267028809,6110,0.0,0.0,0.0
2025-03-14 04:40:00+00:00,13.220000267028809,13.220000267028809,13.210000038146973,13.210000038146973,78945,0.0,0.0,0.0
2025-03-14 04:45:00+00:00,13.210000038146973,13.210000038146973,13.210000038146973,13.210000038146973,3120,0.0,0.0,0.0
2025-03-14 04:50:00+00:00,13.210000038146973,13.220000267028809,13.210000038146973,13.220000267028809,44854,0.0,0.0,0.0
2025-03-14 04:55:00+00:00,13.210000038146973,13.220000267028809,13.210000038146973,13.220000267028809,59812,0.0,0.0,0.0
2025-03-14 05:00:00+00:00,13.220000267028809,13.239999771118164,13.220000267028809,13.239999771118164,44800,0.0,0.0,0.0
2025-03-14 05:05:00+00:00,13.239999771118164,13.239999771118164,13.229999542236328,13.229999542236328,43974,0.0,0.0,0.0
2025-03-14 05:10:00+00:00,13.229999542236328,13.229999542236328,13.220000267028809,13.220000267028809,22639,0.0,0.0,0.0
2025-03-14 05:15:00+00:00,13.229999542236328,13.239999771118164,13.229999542236328,13.239999771118164,26523,0.0,0.0,0.0
2025-03-14 05:20:00+00:00,13.229999542236328,13.239999771118164,13.229999542236328,13.229999542236328,60870,0.0,0.0,0.0
2025-03-17 01:00:00+00:00,13.289999961853027,13.319999694824219,13.289999961853027,13.289999961853027,0,0.0,0.0,0.0
2025-03-17 01:05:00+00:00,13.289999961853027,13.300000190734863,13.260000228881836,13.289999961853027,434856,0.0,0.0,0.0
2025-03-17 01:10:00+00:00,13.300000190734863,13.300000190734863,13.289999961853027,13.300000190734863,40205,0.0,0.0,0.0
2025-03-17 01:15:00+00:00,13.300000190734863,13.300000190734863,13.279999732971191,13.279999732971191,31166,0.0,0.0,0.0
2025-03-17 01:20:00+00:00,13.289999961853027,13.289999961853027,13.289999961853027,13.289999961853027,122004,0.0,0.0,0.0
2025-03-17 01:25:00+00:00,13.300000190734863,13.300000190734863,13.289999961853027,13.289999961853027,205417,0.0,0.0,0.0
2025-03-17 01:30:00+00:00,13.289999961853027,13.300000190734863,13.289999961853027,13.300000190734863,12238,0.0,0.0,0.0
2025-03-17 01:35:00+00:00,13.289999961853027,13.300000190734863,13.289999961853027,13.300000190734863,25582,0.0,0.0,0.0
2025-03-17 01:40:00+00:00,13.289999961853027,13.329999923706055,13.289999961853027,13.319999694824219,205402,0.0,0.0,0.0
2025-03-17 01:45:00+00:00,13.34000015258789,13.350000381469727,13.34000015258789,13.350000381469727,53587,0.0,0.0,0.0
2025-03-17 01:50:00+00:00,13.350000381469727,13.350000381469727,13.34000015258789,13.34000015258789,50401,0.0,0.0,0.0
2025-03-17 01:55:00+00:00,13.34000015258789,13.34000015258789,13.329999923706055,13.34000015258789,16115,0.0,0.0,0.0
2025-03-17 02:00:00+00:00,13.34000015258789,13.34000015258789,13.329999923706055,13.329999923706055,64938,0.0,0.0,0.0
2025-03-17 02:05:00+00:00,13.329999923706055,13.329999923706055,13.300000190734863,13.3100004196167,41622,0.0,0.0,0.0
2025-03-17 02:10:00+00:00,13.3100004196167,13.3100004196167,13.289999961853027,13.300000190734863,77478,0.0,0.0,0.0
2025-03-17 02:15:00+00:00,13.300000190734863,13.300000190734863,13.289999961853027,13.300000190734863,29142,0.0,0.0,0.0
2025-03-17 02:20:00+00:00,13.300000190734863,13.300000190734863,13.289999961853027,13.300000190734863,19567,0.0,0.0,0.0
2025-03-17 02:25:00+00:00,13.300000190734863,13.3100004196167,13.300000190734863,13.300000190734863,182010,0.0,0.0,0.0
2025-03-17 02:30:00+00:00,13.3100004196167,13.329999923706055,13.3100004196167,13.329999923706055,58290,0.0,0.0,0.0
2025-03-17 02:35:00+00:00,13.329999923706055,13.329999923706055,13.319999694824219,13.329999923706055,30468,0.0,0.0,0.0
2025-03-17 02:40:00+00:00,13.329999923706055,13.34000015258789,13.329999923706055,13.329999923706055,33548,0.0,0.0,0.0
2025-03-17 02:45:00+00:00,13.329999923706055,13.34000015258789,13.329999923706055,13.34000015258789,14247,0.0,0.0,0.0
2025-03-17 02:50:00+00:00,13.34000015258789,13.34000015258789,13.329999923706055,13.329999923706055,26845,0.0,0.0,0.0
2025-03-17 02:55:00+00:00,13.329999923706055,13.34000015258789,13.329999923706055,13.34000015258789,11375,0.0,0.0,0.0
2025-03-17 03:00:00+00:00,13.34000015258789,13.34000015258789,13.329999923706055,13.329999923706055,6172,0.0,0.0,0.0
2025-03-17 03:05:00+00:00,13.329999923706055,13.329999923706055,13.329999923706055,13.329999923706055,17538,0.0,0.0,0.0
2025-03-17 03:10:00+00:00,13.319999694824219,13.329999923706055,13.319999694824219,13.319999694824219,29223,0.0,0.0,0.0
2025-03-17 03:15:00+00:00,13.329999923706055,13.329999923706055,13.329999923706055,13.329999923706055,7153,0.0,0.0,0.0
2025-03-17 03:20:00+00:00,13.329999923706055,13.329999923706055,13.329999923706055,13.329999923706055,3238,0.0,0.0,0.0
2025-03-17 03:25:00+00:00,13.329999923706055,13.329999923706055,13.319999694824219,13.329999923706055,14628,0.0,0.0,0.0
2025-03-17 03:30:00+00:00,13.329999923706055,13.329999923706055,13.319999694824219,13.329999923706055,8056,0.0,0.0,0.0
2025-03-17 03:35:00+00:00,13.329999923706055,13.329999923706055,13.329999923706055,13.329999923706055,6530,0.0,0.0,0.0
2025-03-17 03:40:00+00:00,13.329999923706055,13.329999923706055,13.329999923706055,13.329999923706055,3516,0.0,0.0,0.0
2025-03-17 03:45:00+00:00,13.329999923706055,13.329999923706055,13.329999923706055,13.329999923706055,13112,0.0,0.0,0.0
2025-03-17 03:50:00+00:00,13.329999923706055,13.329999923706055,13.319999694824219,13.329999923706055,18951,0.0,0.0,0.0
2025-03-17 03:55:00+00:00,13.329999923706055,13.329999923706055,13.319999694824219,13.319999694824219,51060,0.0,0.0,0.0
2025-03-17 04:00:00+00:00,13.329999923706055,13.329999923706055,13.329999923706055,13.329999923706055,5313,0.0,0.0,0.0
2025-03-17 04:05:00+00:00,13.319999694824219,13.329999923706055,13.319999694824219,13.319999694824219,18208,0.0,0.0,0.0
2025-03-17 04:10:00+00:00,13.3100004196167,13.3100004196167,13.300000190734863,13.3100004196167,31835,0.0,0.0,0.0
2025-03-17 04:15:00+00:00,13.3100004196167,13.319999694824219,13.3100004196167,13.319999694824219,7302,0.0,0.0,0.0
2025-03-17 04:20:00+00:00,13.329999923706055,13.329999923706055,13.329999923706055,13.329999923706055,7384,0.0,0.0,0.0
2025-03-17 04:25:00+00:00,13.329999923706055,13.329999923706055,13.3100004196167,13.319999694824219,15085,0.0,0.0,0.0
2025-03-17 04:30:00+00:00,13.329999923706055,13.329999923706055,13.319999694824219,13.329999923706055,39614,0.0,0.0,0.0
2025-03-17 04:35:00+00:00,13.319999694824219,13.329999923706055,13.319999694824219,13.319999694824219,24671,0.0,0.0,0.0
2025-03-17 04:40:00+00:00,13.319999694824219,13.319999694824219,13.3100004196167,13.3100004196167,25495,0.0,0.0,0.0
2025-03-17 04:45:00+00:00,13.319999694824219,13.319999694824219,13.3100004196167,13.3100004196167,2230,0.0,0.0,0.0
2025-03-17 04:50:00+00:00,13.3100004196167,13.319999694824219,13.3100004196167,13.319999694824219,11620,0.0,0.0,0.0
2025-03-17 04:55:00+00:00,13.319999694824219,13.319999694824219,13.3100004196167,13.3100004196167,12765,0.0,0.0,0.0
2025-03-17 05:00:00+00:00,13.3100004196167,13.319999694824219,13.300000190734863,13.300000190734863,213480,0.0,0.0,0.0
2025-03-17 05:05:00+00:00,13.300000190734863,13.300000190734863,13.300000190734863,13.300000190734863,75392,0.0,0.0,0.0
2025-03-17 05:10:00+00:00,13.300000190734863,13.300000190734863,13.279999732971191,13.300000190734863,44855,0.0,0.0,0.0
2025-03-17 05:15:00+00:00,13.289999961853027,13.289999961853027,13.279999732971191,13.279999732971191,5970,0.0,0.0,0.0
2025-03-17 05:20:00+00:00,13.289999961853027,13.289999961853027,13.279999732971191,13.279999732971191,97714,0.0,0.0,0.0
2025-03-18 01:00:00+00:00,13.369999885559082,13.380000114440918,13.359999656677246,13.380000114440918,0,0.0,0.0,0.0
2025-03-18 01:05:00+00:00,13.390000343322754,13.399999618530273,13.380000114440918,13.390000343322754,86000,0.0,0.0,0.0
2025-03-18 01:10:00+00:00,13.390000343322754,13.420000076293945,13.390000343322754,13.399999618530273,57158,0.0,0.0,0.0
2025-03-18 01:15:00+00:00,13.399999618530273,13.399999618530273,13.390000343322754,13.399999618530273,10276,0.0,0.0,0.0
2025-03-18 01:20:00+00:00,13.399999618530273,13.399999618530273,13.390000343322754,13.399999618530273,43568,0.0,0.0,0.0
2025-03-18 01:25:00+00:00,13.399999618530273,13.399999618530273,13.390000343322754,13.399999618530273,13223,0.0,0.0,0.0
2025-03-18 01:30:00+00:00,13.399999618530273,13.399999618530273,13.380000114440918,13.380000114440918,114491,0.0,0.0,0.0
2025-03-18 01:35:00+00:00,13.380000114440918,13.390000343322754,13.380000114440918,13.380000114440918,42121,0.0,0.0,0.0
2025-03-18 01:40:00+00:00,13.390000343322754,13.390000343322754,13.380000114440918,13.380000114440918,4435,0.0,0.0,0.0
2025-03-18 01:45:00+00:00,13.390000343322754,13.390000343322754,13.380000114440918,13.380000114440918,15684,0.0,0.0,0.0
2025-03-18 01:50:00+00:00,13.369999885559082,13.380000114440918,13.369999885559082,13.369999885559082,42419,0.0,0.0,0.0
2025-03-18 01:55:00+00:00,13.359999656677246,13.359999656677246,13.34000015258789,13.34000015258789,100073,0.0,0.0,0.0
2025-03-18 02:00:00+00:00,13.34000015258789,13.34000015258789,13.329999923706055,13.329999923706055,17517,0.0,0.0,0.0
2025-03-18 02:05:00+00:00,13.350000381469727,13.350000381469727,13.34000015258789,13.350000381469727,19369,0.0,0.0,0.0
2025-03-18 02:10:00+00:00,13.350000381469727,13.369999885559082,13.350000381469727,13.359999656677246,77135,0.0,0.0,0.0
2025-03-18 02:15:00+00:00,13.369999885559082,13.369999885559082,13.359999656677246,13.359999656677246,15714,0.0,0.0,0.0
2025-03-18 02:20:00+00:00,13.359999656677246,13.359999656677246,13.34000015258789,13.34000015258789,31025,0.0,0.0,0.0
2025-03-18 02:25:00+00:00,13.350000381469727,13.350000381469727,13.34000015258789,13.34000015258789,24557,0.0,0.0,0.0
2025-03-18 02:30:00+00:00,13.329999923706055,13.34000015258789,13.329999923706055,13.34000015258789,14130,0.0,0.0,0.0
2025-03-18 02:35:00+00:00,13.329999923706055,13.329999923706055,13.319999694824219,13.329999923706055,255323,0.0,0.0,0.0
2025-03-18 02:40:00+00:00,13.329999923706055,13.329999923706055,13.319999694824219,13.329999923706055,200121,0.0,0.0,0.0
2025-03-18 02:45:00+00:00,13.329999923706055,13.329999923706055,13.319999694824219,13.329999923706055,21174,0.0,0.0,0.0
2025-03-18 02:50:00+00:00,13.329999923706055,13.329999923706055,13.329999923706055,13.329999923706055,3105,0.0,0.0,0.0
2025-03-18 02:55:00+00:00,13.329999923706055,13.34000015258789,13.329999923706055,13.34000015258789,7617,0.0,0.0,0.0
2025-03-18 03:00:00+00:00,13.34000015258789,13.34000015258789,13.329999923706055,13.34000015258789,22834,0.0,0.0,0.0
2025-03-18 03:05:00+00:00,13.34000015258789,13.350000381469727,13.34000015258789,13.350000381469727,8246,0.0,0.0,0.0
2025-03-18 03:10:00+00:00,13.350000381469727,13.350000381469727,13.350000381469727,13.350000381469727,113145,0.0,0.0,0.0
2025-03-18 03:15:00+00:00,13.34000015258789,13.350000381469727,13.34000015258789,13.34000015258789,52262,0.0,0.0,0.0
2025-03-18 03:20:00+00:00,13.350000381469727,13.350000381469727,13.34000015258789,13.34000015258789,8333,0.0,0.0,0.0
2025-03-18 03:25:00+00:00,13.34000015258789,13.34000015258789,13.329999923706055,13.34000015258789,5927,0.0,0.0,0.0
2025-03-18 03:30:00+00:00,13.350000381469727,13.350000381469727,13.350000381469727,13.350000381469727,8638,0.0,0.0,0.0
2025-03-18 03:35:00+00:00,13.350000381469727,13.350000381469727,13.350000381469727,13.350000381469727,2025,0.0,0.0,0.0
2025-03-18 03:40:00+00:00,13.359999656677246,13.369999885559082,13.359999656677246,13.369999885559082,20452,0.0,0.0,0.0
2025-03-18 03:45:00+00:00,13.369999885559082,13.369999885559082,13.359999656677246,13.359999656677246,6288,0.0,0.0,0.0
2025-03-18 03:50:00+00:00,13.359999656677246,13.369999885559082,13.359999656677246,13.369999885559082,4119,0.0,0.0,0.0
2025-03-18 03:55:00+00:00,13.369999885559082,13.369999885559082,13.369999885559082,13.369999885559082,6380,0.0,0.0,0.0
2025-03-18 04:00:00+00:00,13.359999656677246,13.369999885559082,13.359999656677246,13.369999885559082,32046,0.0,0.0,0.0
2025-03-18 04:05:00+00:00,13.359999656677246,13.380000114440918,13.359999656677246,13.369999885559082,7064,0.0,0.0,0.0
2025-03-18 04:10:00+00:00,13.369999885559082,13.369999885559082,13.359999656677246,13.369999885559082,11039,0.0,0.0,0.0
2025-03-18 04:15:00+00:00,13.369999885559082,13.369999885559082,13.369999885559082,13.369999885559082,10608,0.0,0.0,0.0
2025-03-18 04:20:00+00:00,13.369999885559082,13.369999885559082,13.359999656677246,13.369999885559082,3049,0.0,0.0,0.0
2025-03-18 04:25:00+00:00,13.359999656677246,13.359999656677246,13.359999656677246,13.359999656677246,24800,0.0,0.0,0.0
2025-03-18 04:30:00+00:00,13.359999656677246,13.369999885559082,13.359999656677246,13.369999885559082,11184,0.0,0.0,0.0
2025-03-18 04:35:00+00:00,13.369999885559082,13.369999885559082,13.369999885559082,13.369999885559082,8250,0.0,0.0,0.0
2025-03-18 04:40:00+00:00,13.369999885559082,13.369999885559082,13.359999656677246,13.359999656677246,11070,0.0,0.0,0.0
2025-03-18 04:45:00+00:00,13.369999885559082,13.380000114440918,13.369999885559082,13.380000114440918,21620,0.0,0.0,0.0
2025-03-18 04:50:00+00:00,13.369999885559082,13.369999885559082,13.359999656677246,13.369999885559082,8177,0.0,0.0,0.0
2025-03-18 04:55:00+00:00,13.359999656677246,13.380000114440918,13.359999656677246,13.380000114440918,18335,0.0,0.0,0.0
2025-03-18 05:00:00+00:00,13.380000114440918,13.380000114440918,13.369999885559082,13.369999885559082,7739,0.0,0.0,0.0
2025-03-18 05:05:00+00:00,13.369999885559082,13.380000114440918,13.369999885559082,13.380000114440918,3483,0.0,0.0,0.0
2025-03-18 05:10:00+00:00,13.369999885559082,13.380000114440918,13.369999885559082,13.369999885559082,23649,0.0,0.0,0.0
2025-03-18 05:15:00+00:00,13.369999885559082,13.369999885559082,13.359999656677246,13.359999656677246,9762,0.0,0.0,0.0
2025-03-18 05:20:00+00:00,13.359999656677246,13.369999885559082,13.359999656677246,13.359999656677246,30247,0.0,0.0,0.0
2025-03-19 01:00:00+00:00,13.350000381469727,13.359999656677246,13.350000381469727,13.359999656677246,0,0.0,0.0,0.0
2025-03-19 01:05:00+00:00,13.359999656677246,13.369999885559082,13.359999656677246,13.359999656677246,25459,0.0,0.0,0.0
2025-03-19 01:10:00+00:00,13.359999656677246,13.359999656677246,13.34000015258789,13.34000015258789,49443,0.0,0.0,0.0
2025-03-19 01:15:00+00:00,13.34000015258789,13.350000381469727,13.34000015258789,13.34000015258789,43301,0.0,0.0,0.0
2025-03-19 01:20:00+00:00,13.34000015258789,13.34000015258789,13.329999923706055,13.34000015258789,23174,0.0,0.0,0.0
2025-03-19 01:25:00+00:00,13.350000381469727,13.359999656677246,13.350000381469727,13.359999656677246,7200,0.0,0.0,0.0
2025-03-19 01:30:00+00:00,13.359999656677246,13.359999656677246,13.34000015258789,13.34000015258789,40078,0.0,0.0,0.0
2025-03-19 01:35:00+00:00,13.34000015258789,13.34000015258789,13.34000015258789,13.34000015258789,14021,0.0,0.0,0.0
2025-03-19 01:40:00+00:00,13.329999923706055,13.34000015258789,13.329999923706055,13.329999923706055,25026,0.0,0.0,0.0
2025-03-19 01:45:00+00:00,13.34000015258789,13.350000381469727,13.34000015258789,13.34000015258789,9294,0.0,0.0,0.0
2025-03-19 01:50:00+00:00,13.329999923706055,13.34000015258789,13.329999923706055,13.329999923706055,19150,0.0,0.0,0.0
2025-03-19 01:55:00+00:00,13.329999923706055,13.329999923706055,13.329999923706055,13.329999923706055,1151,0.0,0.0,0.0
2025-03-19 02:00:00+00:00,13.34000015258789,13.34000015258789,13.319999694824219,13.329999923706055,164800,0.0,0.0,0.0
2025-03-19 02:05:00+00:00,13.319999694824219,13.319999694824219,13.319999694824219,13.319999694824219,15902,0.0,0.0,0.0
2025-03-19 02:10:00+00:00,13.319999694824219,13.319999694824219,13.3100004196167,13.3100004196167,15882,0.0,0.0,0.0
2025-03-19 02:15:00+00:00,13.319999694824219,13.319999694824219,13.3100004196167,13.319999694824219,51102,0.0,0.0,0.0
2025-03-19 02:20:00+00:00,13.329999923706055,13.329999923706055,13.300000190734863,13.300000190734863,102328,0.0,0.0,0.0
2025-03-19 02:25:00+00:00,13.3100004196167,13.3100004196167,13.300000190734863,13.300000190734863,33587,0.0,0.0,0.0
2025-03-19 02:30:00+00:00,13.3100004196167,13.3100004196167,13.300000190734863,13.300000190734863,198753,0.0,0.0,0.0
2025-03-19 02:35:00+00:00,13.289999961853027,13.300000190734863,13.279999732971191,13.289999961853027,107660,0.0,0.0,0.0
2025-03-19 02:40:00+00:00,13.289999961853027,13.289999961853027,13.279999732971191,13.289999961853027,6772,0.0,0.0,0.0
2025-03-19 02:45:00+00:00,13.289999961853027,13.289999961853027,13.279999732971191,13.289999961853027,32768,0.0,0.0,0.0
2025-03-19 02:50:00+00:00,13.289999961853027,13.289999961853027,13.289999961853027,13.289999961853027,18462,0.0,0.0,0.0
2025-03-19 02:55:00+00:00,13.289999961853027,13.289999961853027,13.289999961853027,13.289999961853027,25652,0.0,0.0,0.0
2025-03-19 03:00:00+00:00,13.289999961853027,13.289999961853027,13.279999732971191,13.289999961853027,50004,0.0,0.0,0.0
2025-03-19 03:05:00+00:00,13.289999961853027,13.300000190734863,13.279999732971191,13.300000190734863,51112,0.0,0.0,0.0
2025-03-19 03:10:00+00:00,13.289999961853027,13.300000190734863,13.289999961853027,13.300000190734863,9091,0.0,0.0,0.0
2025-03-19 03:15:00+00:00,13.289999961853027,13.289999961853027,13.279999732971191,13.279999732971191,39259,0.0,0.0,0.0
2025-03-19 03:20:00+00:00,13.289999961853027,13.300000190734863,13.279999732971191,13.289999961853027,7051,0.0,0.0,0.0
2025-03-19 03:25:00+00:00,13.289999961853027,13.300000190734863,13.270000457763672,13.270000457763672,153677,0.0,0.0,0.0
2025-03-19 03:30:00+00:00,13.279999732971191,13.279999732971191,13.270000457763672,13.279999732971191,77026,0.0,0.0,0.0
2025-03-19 03:35:00+00:00,13.270000457763672,13.270000457763672,13.270000457763672,13.270000457763672,3054,0.0,0.0,0.0
2025-03-19 03:40:00+00:00,13.279999732971191,13.279999732971191,13.270000457763672,13.270000457763672,3517,0.0,0.0,0.0
2025-03-19 03:45:00+00:00,13.279999732971191,13.279999732971191,13.279999732971191,13.279999732971191,3049,0.0,0.0,0.0
2025-03-19 03:50:00+00:00,13.279999732971191,13.279999732971191,13.270000457763672,13.279999732971191,13146,0.0,0.0,0.0
2025-03-19 03:55:00+00:00,13.279999732971191,13.289999961853027,13.279999732971191,13.289999961853027,4259,0.0,0.0,0.0
2025-03-19 04:00:00+00:00,13.279999732971191,13.279999732971191,13.279999732971191,13.279999732971191,2380,0.0,0.0,0.0
2025-03-19 04:05:00+00:00,13.279999732971191,13.279999732971191,13.270000457763672,13.270000457763672,100975,0.0,0.0,0.0
2025-03-19 04:10:00+00:00,13.270000457763672,13.270000457763672,13.260000228881836,13.270000457763672,231363,0.0,0.0,0.0
2025-03-19 04:15:00+00:00,13.270000457763672,13.270000457763672,13.260000228881836,13.260000228881836,13616,0.0,0.0,0.0
2025-03-19 04:20:00+00:00,13.260000228881836,13.260000228881836,13.25,13.25,22936,0.0,0.0,0.0
2025-03-19 04:25:00+00:00,13.25,13.25,13.25,13.25,41563,0.0,0.0,0.0
2025-03-19 04:30:00+00:00,13.260000228881836,13.260000228881836,13.239999771118164,13.25,196928,0.0,0.0,0.0
2025-03-19 04:35:00+00:00,13.25,13.25,13.229999542236328,13.229999542236328,124935,0.0,0.0,0.0
2025-03-19 04:40:00+00:00,13.229999542236328,13.229999542236328,13.220000267028809,13.220000267028809,25379,0.0,0.0,0.0
2025-03-19 04:45:00+00:00,13.229999542236328,13.229999542236328,13.220000267028809,13.229999542236328,44337,0.0,0.0,0.0
2025-03-19 04:50:00+00:00,13.229999542236328,13.229999542236328,13.229999542236328,13.229999542236328,26284,0.0,0.0,0.0
2025-03-19 04:55:00+00:00,13.229999542236328,13.239999771118164,13.220000267028809,13.229999542236328,43813,0.0,0.0,0.0
2025-03-19 05:00:00+00:00,13.229999542236328,13.229999542236328,13.220000267028809,13.229999542236328,26715,0.0,0.0,0.0
2025-03-19 05:05:00+00:00,13.229999542236328,13.239999771118164,13.229999542236328,13.239999771118164,23629,0.0,0.0,0.0
2025-03-19 05:10:00+00:00,13.239999771118164,13.239999771118164,13.239999771118164,13.239999771118164,30398,0.0,0.0,0.0
2025-03-19 05:15:00+00:00,13.239999771118164,13.239999771118164,13.239999771118164,13.239999771118164,15744,0.0,0.0,0.0
2025-03-19 05:20:00+00:00,13.239999771118164,13.239999771118164,13.229999542236328,13.239999771118164,72438,0.0,0.0,0.0
2025-03-20 01:00:00+00:00,13.350000381469727,13.369999885559082,13.350000381469727,13.369999885559082,0,0.0,0.0,0.0
2025-03-20 01:05:00+00:00,13.369999885559082,13.399999618530273,13.369999885559082,13.399999618530273,110000,0.0,0.0,0.0
2025-03-20 01:10:00+00:00,13.399999618530273,13.430000305175781,13.390000343322754,13.430000305175781,207783,0.0,0.0,0.0
2025-03-20 01:15:00+00:00,13.420000076293945,13.420000076293945,13.399999618530273,13.399999618530273,117053,0.0,0.0,0.0
2025-03-20 01:20:00+00:00,13.390000343322754,13.390000343322754,13.390000343322754,13.390000343322754,35175,0.0,0.0,0.0
2025-03-20 01:25:00+00:00,13.390000343322754,13.399999618530273,13.380000114440918,13.380000114440918,20965,0.0,0.0,0.0
2025-03-20 01:30:00+00:00,13.390000343322754,13.390000343322754,13.380000114440918,13.380000114440918,36337,0.0,0.0,0.0
2025-03-20 01:35:00+00:00,13.369999885559082,13.369999885559082,13.359999656677246,13.359999656677246,20734,0.0,0.0,0.0
2025-03-20 01:40:00+00:00,13.359999656677246,13.359999656677246,13.350000381469727,13.359999656677246,27234,0.0,0.0,0.0
2025-03-20 01:45:00+00:00,13.359999656677246,13.369999885559082,13.359999656677246,13.359999656677246,17556,0.0,0.0,0.0
2025-03-20 01:50:00+00:00,13.369999885559082,13.369999885559082,13.369999885559082,13.369999885559082,49227,0.0,0.0,0.0
2025-03-20 01:55:00+00:00,13.369999885559082,13.380000114440918,13.359999656677246,13.380000114440918,13355,0.0,0.0,0.0
2025-03-20 02:00:00+00:00,13.369999885559082,13.369999885559082,13.359999656677246,13.369999885559082,43591,0.0,0.0,0.0
2025-03-20 02:05:00+00:00,13.369999885559082,13.380000114440918,13.369999885559082,13.380000114440918,3036,0.0,0.0,0.0
2025-03-20 02:10:00+00:00,13.380000114440918,13.380000114440918,13.380000114440918,13.380000114440918,6565,0.0,0.0,0.0
2025-03-20 02:15:00+00:00,13.369999885559082,13.369999885559082,13.369999885559082,13.369999885559082,14292,0.0,0.0,0.0
2025-03-20 02:20:00+00:00,13.369999885559082,13.369999885559082,13.359999656677246,13.369999885559082,12500,0.0,0.0,0.0
2025-03-20 02:25:00+00:00,13.369999885559082,13.369999885559082,13.359999656677246,13.359999656677246,11026,0.0,0.0,0.0
2025-03-20 02:30:00+00:00,13.369999885559082,13.380000114440918,13.359999656677246,13.359999656677246,16625,0.0,0.0,0.0
2025-03-20 02:35:00+00:00,13.359999656677246,13.359999656677246,13.359999656677246,13.359999656677246,2016,0.0,0.0,0.0
2025-03-20 02:40:00+00:00,13.359999656677246,13.369999885559082,13.359999656677246,13.359999656677246,37086,0.0,0.0,0.0
2025-03-20 02:45:00+00:00,13.369999885559082,13.369999885559082,13.369999885559082,13.369999885559082,3225,0.0,0.0,0.0
2025-03-20 02:50:00+00:00,13.369999885559082,13.380000114440918,13.369999885559082,13.380000114440918,52187,0.0,0.0,0.0
2025-03-20 02:55:00+00:00,13.380000114440918,13.380000114440918,13.369999885559082,13.380000114440918,18026,0.0,0.0,0.0
2025-03-20 03:00:00+00:00,13.380000114440918,13.390000343322754,13.380000114440918,13.390000343322754,137275,0.0,0.0,0.0
2025-03-20 03:05:00+00:00,13.369999885559082,13.390000343322754,13.369999885559082,13.390000343322754,18326,0.0,0.0,0.0
2025-03-20 03:10:00+00:00,13.390000343322754,13.40999984741211,13.390000343322754,13.40999984741211,219840,0.0,0.0,0.0
2025-03-20 03:15:00+00:00,13.40999984741211,13.430000305175781,13.40999984741211,13.430000305175781,74845,0.0,0.0,0.0
2025-03-20 03:20:00+00:00,13.430000305175781,13.430000305175781,13.420000076293945,13.420000076293945,12230,0.0,0.0,0.0
2025-03-20 03:25:00+00:00,13.420000076293945,13.420000076293945,13.399999618530273,13.399999618530273,3725,0.0,0.0,0.0
2025-03-20 03:30:00+00:00,13.40999984741211,13.420000076293945,13.40999984741211,13.40999984741211,32041,0.0,0.0,0.0
2025-03-20 03:35:00+00:00,13.40999984741211,13.420000076293945,13.40999984741211,13.420000076293945,67025,0.0,0.0,0.0
2025-03-20 03:40:00+00:00,13.420000076293945,13.420000076293945,13.420000076293945,13.420000076293945,6516,0.0,0.0,0.0
2025-03-20 03:45:00+00:00,13.420000076293945,13.430000305175781,13.420000076293945,13.420000076293945,30711,0.0,0.0,0.0
2025-03-20 03:50:00+00:00,13.420000076293945,13.430000305175781,13.420000076293945,13.420000076293945,9039,0.0,0.0,0.0
2025-03-20 03:55:00+00:00,13.430000305175781,13.430000305175781,13.420000076293945,13.430000305175781,5314,0.0,0.0,0.0
2025-03-20 04:00:00+00:00,13.430000305175781,13.430000305175781,13.420000076293945,13.430000305175781,24040,0.0,0.0,0.0
2025-03-20 04:05:00+00:00,13.430000305175781,13.430000305175781,13.420000076293945,13.420000076293945,26038,0.0,0.0,0.0
2025-03-20 04:10:00+00:00,13.420000076293945,13.430000305175781,13.40999984741211,13.430000305175781,14442,0.0,0.0,0.0
2025-03-20 04:15:00+00:00,13.40999984741211,13.40999984741211,13.40999984741211,13.40999984741211,2015,0.0,0.0,0.0
2025-03-20 04:20:00+00:00,13.40999984741211,13.420000076293945,13.40999984741211,13.420000076293945,33979,0.0,0.0,0.0
2025-03-20 04:25:00+00:00,13.420000076293945,13.420000076293945,13.420000076293945,13.420000076293945,34191,0.0,0.0,0.0
2025-03-20 04:30:00+00:00,13.420000076293945,13.420000076293945,13.420000076293945,13.420000076293945,16318,0.0,0.0,0.0
2025-03-20 04:35:00+00:00,13.40999984741211,13.420000076293945,13.399999618530273,13.420000076293945,47328,0.0,0.0,0.0
2025-03-20 04:40:00+00:00,13.420000076293945,13.420000076293945,13.40999984741211,13.420000076293945,12020,0.0,0.0,0.0
2025-03-20 04:45:00+00:00,13.420000076293945,13.430000305175781,13.420000076293945,13.430000305175781,18064,0.0,0.0,0.0
2025-03-20 04:50:00+00:00,13.430000305175781,13.430000305175781,13.420000076293945,13.430000305175781,18536,0.0,0.0,0.0
2025-03-20 04:55:00+00:00,13.420000076293945,13.430000305175781,13.420000076293945,13.420000076293945,25369,0.0,0.0,0.0
2025-03-20 05:00:00+00:00,13.430000305175781,13.430000305175781,13.420000076293945,13.420000076293945,31453,0.0,0.0,0.0
2025-03-20 05:05:00+00:00,13.420000076293945,13.420000076293945,13.420000076293945,13.420000076293945,210910,0.0,0.0,0.0
2025-03-20 05:10:00+00:00,13.420000076293945,13.420000076293945,13.40999984741211,13.420000076293945,7148,0.0,0.0,0.0
2025-03-20 05:15:00+00:00,13.430000305175781,13.430000305175781,13.430000305175781,13.430000305175781,64496,0.0,0.0,0.0
2025-03-20 05:20:00+00:00,13.430000305175781,13.430000305175781,13.430000305175781,13.430000305175781,5451,0.0,0.0,0.0
2025-03-21 01:00:00+00:00,13.420000076293945,13.420000076293945,13.399999618530273,13.399999618530273,0,0.0,0.0,0.0
2025-03-21 01:05:00+00:00,13.390000343322754,13.390000343322754,13.380000114440918,13.380000114440918,65747,0.0,0.0,0.0
2025-03-21 01:10:00+00:00,13.380000114440918,13.390000343322754,13.380000114440918,13.390000343322754,50012,0.0,0.0,0.0
2025-03-21 01:15:00+00:00,13.390000343322754,13.390000343322754,13.390000343322754,13.390000343322754,6211,0.0,0.0,0.0
2025-03-21 01:20:00+00:00,13.390000343322754,13.390000343322754,13.390000343322754,13.390000343322754,11619,0.0,0.0,0.0
2025-03-21 01:25:00+00:00,13.390000343322754,13.390000343322754,13.390000343322754,13.390000343322754,7398,0.0,0.0,0.0
2025-03-21 01:30:00+00:00,13.390000343322754,13.390000343322754,13.380000114440918,13.380000114440918,28911,0.0,0.0,0.0
2025-03-21 01:35:00+00:00,13.380000114440918,13.390000343322754,13.380000114440918,13.390000343322754,13269,0.0,0.0,0.0
2025-03-21 01:40:00+00:00,13.390000343322754,13.390000343322754,13.369999885559082,13.380000114440918,29647,0.0,0.0,0.0
2025-03-21 01:45:00+00:00,13.380000114440918,13.390000343322754,13.380000114440918,13.390000343322754,4491,0.0,0.0,0.0
2025-03-21 01:50:00+00:00,13.380000114440918,13.390000343322754,13.380000114440918,13.390000343322754,21709,0.0,0.0,0.0
2025-03-21 01:55:00+00:00,13.380000114440918,13.390000343322754,13.380000114440918,13.390000343322754,7600,0.0,0.0,0.0
2025-03-21 02:00:00+00:00,13.380000114440918,13.380000114440918,13.369999885559082,13.369999885559082,19015,0.0,0.0,0.0
2025-03-21 02:05:00+00:00,13.369999885559082,13.380000114440918,13.359999656677246,13.369999885559082,112022,0.0,0.0,0.0
2025-03-21 02:10:00+00:00,13.380000114440918,13.380000114440918,13.369999885559082,13.380000114440918,6075,0.0,0.0,0.0
2025-03-21 02:15:00+00:00,13.380000114440918,13.380000114440918,13.359999656677246,13.359999656677246,65957,0.0,0.0,0.0
2025-03-21 02:20:00+00:00,13.359999656677246,13.359999656677246,13.359999656677246,13.359999656677246,15357,0.0,0.0,0.0
2025-03-21 02:25:00+00:00,13.359999656677246,13.359999656677246,13.350000381469727,13.359999656677246,6242,0.0,0.0,0.0
2025-03-21 02:30:00+00:00,13.350000381469727,13.359999656677246,13.350000381469727,13.359999656677246,3033,0.0,0.0,0.0
2025-03-21 02:35:00+00:00,13.350000381469727,13.359999656677246,13.350000381469727,13.359999656677246,2022,0.0,0.0,0.0
2025-03-21 02:40:00+00:00,13.359999656677246,13.359999656677246,13.350000381469727,13.350000381469727,13192,0.0,0.0,0.0
2025-03-21 02:45:00+00:00,13.359999656677246,13.359999656677246,13.359999656677246,13.359999656677246,8880,0.0,0.0,0.0
2025-03-21 02:50:00+00:00,13.369999885559082,13.380000114440918,13.369999885559082,13.380000114440918,8383,0.0,0.0,0.0
2025-03-21 02:55:00+00:00,13.390000343322754,13.390000343322754,13.390000343322754,13.390000343322754,1163,0.0,0.0,0.0
2025-03-21 03:00:00+00:00,13.390000343322754,13.390000343322754,13.380000114440918,13.380000114440918,13050,0.0,0.0,0.0
2025-03-21 03:05:00+00:00,13.380000114440918,13.380000114440918,13.380000114440918,13.380000114440918,3192,0.0,0.0,0.0
2025-03-21 03:10:00+00:00,13.369999885559082,13.369999885559082,13.369999885559082,13.369999885559082,5023,0.0,0.0,0.0
2025-03-21 03:15:00+00:00,13.380000114440918,13.380000114440918,13.369999885559082,13.369999885559082,2123,0.0,0.0,0.0
2025-03-21 03:20:00+00:00,13.369999885559082,13.380000114440918,13.369999885559082,13.380000114440918,9644,0.0,0.0,0.0
2025-03-21 03:25:00+00:00,13.380000114440918,13.380000114440918,13.359999656677246,13.359999656677246,13045,0.0,0.0,0.0
2025-03-21 03:30:00+00:00,13.380000114440918,13.380000114440918,13.380000114440918,13.380000114440918,1123,0.0,0.0,0.0
2025-03-21 03:35:00+00:00,13.380000114440918,13.380000114440918,13.380000114440918,13.380000114440918,5084,0.0,0.0,0.0
2025-03-21 03:40:00+00:00,13.380000114440918,13.380000114440918,13.380000114440918,13.380000114440918,2323,0.0,0.0,0.0
2025-03-21 03:45:00+00:00,13.380000114440918,13.380000114440918,13.380000114440918,13.380000114440918,8236,0.0,0.0,0.0
2025-03-21 03:50:00+00:00,13.380000114440918,13.380000114440918,13.380000114440918,13.380000114440918,2163,0.0,0.0,0.0
2025-03-21 03:55:00+00:00,13.380000114440918,13.380000114440918,13.380000114440918,13.380000114440918,7238,0.0,0.0,0.0
2025-03-21 04:00:00+00:00,13.380000114440918,13.380000114440918,13.369999885559082,13.369999885559082,7161,0.0,0.0,0.0
2025-03-21 04:05:00+00:00,13.380000114440918,13.380000114440918,13.380000114440918,13.380000114440918,107400,0.0,0.0,0.0
2025-03-21 04:10:00+00:00,13.390000343322754,13.390000343322754,13.380000114440918,13.390000343322754,129827,0.0,0.0,0.0
2025-03-21 04:15:00+00:00,13.399999618530273,13.399999618530273,13.399999618530273,13.399999618530273,8533,0.0,0.0,0.0
2025-03-21 04:20:00+00:00,13.399999618530273,13.399999618530273,13.390000343322754,13.390000343322754,9853,0.0,0.0,0.0
2025-03-21 04:25:00+00:00,13.399999618530273,13.399999618530273,13.390000343322754,13.399999618530273,27774,0.0,0.0,0.0
2025-03-21 04:30:00+00:00,13.399999618530273,13.399999618530273,13.390000343322754,13.399999618530273,9849,0.0,0.0,0.0
2025-03-21 04:35:00+00:00,13.390000343322754,13.399999618530273,13.390000343322754,13.399999618530273,6240,0.0,0.0,0.0
2025-03-21 04:40:00+00:00,13.390000343322754,13.399999618530273,13.390000343322754,13.390000343322754,13120,0.0,0.0,0.0
2025-03-21 04:45:00+00:00,13.390000343322754,13.399999618530273,13.390000343322754,13.399999618530273,12778,0.0,0.0,0.0
2025-03-21 04:50:00+00:00,13.390000343322754,13.399999618530273,13.390000343322754,13.390000343322754,3285,0.0,0.0,0.0
2025-03-21 04:55:00+00:00,13.399999618530273,13.399999618530273,13.380000114440918,13.380000114440918,19587,0.0,0.0,0.0
2025-03-21 05:00:00+00:00,13.380000114440918,13.380000114440918,13.369999885559082,13.380000114440918,66410,0.0,0.0,0.0
2025-03-21 05:05:00+00:00,13.380000114440918,13.380000114440918,13.369999885559082,13.369999885559082,8829,0.0,0.0,0.0
2025-03-21 05:10:00+00:00,13.369999885559082,13.369999885559082,13.350000381469727,13.350000381469727,48736,0.0,0.0,0.0
2025-03-21 05:15:00+00:00,13.359999656677246,13.359999656677246,13.350000381469727,13.350000381469727,181793,0.0,0.0,0.0
2025-03-21 05:20:00+00:00,13.350000381469727,13.350000381469727,13.350000381469727,13.350000381469727,20989,0.0,0.0,0.0
2025-03-24 01:00:00+00:00,13.420000076293945,13.430000305175781,13.420000076293945,13.420000076293945,0,0.0,0.0,0.0
2025-03-24 01:05:00+00:00,13.430000305175781,13.430000305175781,13.399999618530273,13.420000076293945,52000,0.0,0.0,0.0
2025-03-24 01:10:00+00:00,13.40999984741211,13.430000305175781,13.40999984741211,13.420000076293945,16501,0.0,0.0,0.0
2025-03-24 01:15:00+00:00,13.420000076293945,13.420000076293945,13.390000343322754,13.390000343322754,65233,0.0,0.0,0.0
2025-03-24 01:20:00+00:00,13.380000114440918,13.380000114440918,13.369999885559082,13.369999885559082,109648,0.0,0.0,0.0
2025-03-24 01:25:00+00:00,13.380000114440918,13.380000114440918,13.369999885559082,13.369999885559082,10446,0.0,0.0,0.0
2025-03-24 01:30:00+00:00,13.369999885559082,13.369999885559082,13.359999656677246,13.359999656677246,33691,0.0,0.0,0.0
2025-03-24 01:35:00+00:00,13.359999656677246,13.369999885559082,13.359999656677246,13.369999885559082,62237,0.0,0.0,0.0
2025-03-24 01:40:00+00:00,13.369999885559082,13.369999885559082,13.369999885559082,13.369999885559082,4221,0.0,0.0,0.0
2025-03-24 01:45:00+00:00,13.359999656677246,13.369999885559082,13.350000381469727,13.350000381469727,73622,0.0,0.0,0.0
2025-03-24 01:50:00+00:00,13.350000381469727,13.350000381469727,13.350000381469727,13.350000381469727,29518,0.0,0.0,0.0
2025-03-24 01:55:00+00:00,13.34000015258789,13.350000381469727,13.34000015258789,13.350000381469727,13531,0.0,0.0,0.0
2025-03-24 02:00:00+00:00,13.350000381469727,13.350000381469727,13.329999923706055,13.329999923706055,79142,0.0,0.0,0.0
2025-03-24 02:05:00+00:00,13.329999923706055,13.350000381469727,13.329999923706055,13.350000381469727,84136,0.0,0.0,0.0
2025-03-24 02:10:00+00:00,13.350000381469727,13.359999656677246,13.350000381469727,13.359999656677246,13111,0.0,0.0,0.0
2025-03-24 02:15:00+00:00,13.359999656677246,13.359999656677246,13.350000381469727,13.359999656677246,36361,0.0,0.0,0.0
2025-03-24 02:20:00+00:00,13.359999656677246,13.359999656677246,13.359999656677246,13.359999656677246,11637,0.0,0.0,0.0
2025-03-24 02:25:00+00:00,13.350000381469727,13.359999656677246,13.350000381469727,13.359999656677246,3261,0.0,0.0,0.0
2025-03-24 02:30:00+00:00,13.359999656677246,13.359999656677246,13.350000381469727,13.359999656677246,12625,0.0,0.0,0.0
2025-03-24 02:35:00+00:00,13.350000381469727,13.350000381469727,13.34000015258789,13.350000381469727,37754,0.0,0.0,0.0
2025-03-24 02:40:00+00:00,13.350000381469727,13.350000381469727,13.34000015258789,13.34000015258789,19639,0.0,0.0,0.0
2025-03-24 02:45:00+00:00,13.350000381469727,13.350000381469727,13.350000381469727,13.350000381469727,8440,0.0,0.0,0.0
2025-03-24 02:50:00+00:00,13.350000381469727,13.359999656677246,13.34000015258789,13.359999656677246,35021,0.0,0.0,0.0
2025-03-24 02:55:00+00:00,13.359999656677246,13.359999656677246,13.34000015258789,13.350000381469727,58110,0.0,0.0,0.0
2025-03-24 03:00:00+00:00,13.350000381469727,13.350000381469727,13.329999923706055,13.329999923706055,20111,0.0,0.0,0.0
2025-03-24 03:05:00+00:00,13.34000015258789,13.34000015258789,13.329999923706055,13.34000015258789,18685,0.0,0.0,0.0
2025-03-24 03:10:00+00:00,13.34000015258789,13.34000015258789,13.34000015258789,13.34000015258789,5127,0.0,0.0,0.0
2025-03-24 03:15:00+00:00,13.34000015258789,13.34000015258789,13.34000015258789,13.34000015258789,8259,0.0,0.0,0.0
2025-03-24 03:20:00+00:00,13.329999923706055,13.34000015258789,13.329999923706055,13.329999923706055,90021,0.0,0.0,0.0
2025-03-24 03:25:00+00:00,13.329999923706055,13.329999923706055,13.3100004196167,13.3100004196167,99535,0.0,0.0,0.0
2025-03-24 03:30:00+00:00,13.319999694824219,13.319999694824219,13.3100004196167,13.3100004196167,35198,0.0,0.0,0.0
2025-03-24 03:35:00+00:00,13.3100004196167,13.3100004196167,13.300000190734863,13.3100004196167,27811,0.0,0.0,0.0
2025-03-24 03:40:00+00:00,13.3100004196167,13.3100004196167,13.300000190734863,13.300000190734863,38511,0.0,0.0,0.0
2025-03-24 03:45:00+00:00,13.300000190734863,13.319999694824219,13.300000190734863,13.319999694824219,17645,0.0,0.0,0.0
2025-03-24 03:50:00+00:00,13.319999694824219,13.319999694824219,13.3100004196167,13.319999694824219,14701,0.0,0.0,0.0
2025-03-24 03:55:00+00:00,13.319999694824219,13.319999694824219,13.3100004196167,13.319999694824219,30623,0.0,0.0,0.0
2025-03-24 04:00:00+00:00,13.319999694824219,13.319999694824219,13.3100004196167,13.3100004196167,49600,0.0,0.0,0.0
2025-03-24 04:05:00+00:00,13.300000190734863,13.3100004196167,13.300000190734863,13.3100004196167,116994,0.0,0.0,0.0
2025-03-24 04:10:00+00:00,13.3100004196167,13.3100004196167,13.3100004196167,13.3100004196167,6665,0.0,0.0,0.0
2025-03-24 04:15:00+00:00,13.3100004196167,13.3100004196167,13.3100004196167,13.3100004196167,6037,0.0,0.0,0.0
2025-03-24 04:20:00+00:00,13.3100004196167,13.3100004196167,13.300000190734863,13.3100004196167,11961,0.0,0.0,0.0
2025-03-24 04:25:00+00:00,13.3100004196167,13.319999694824219,13.300000190734863,13.319999694824219,48262,0.0,0.0,0.0
2025-03-24 04:30:00+00:00,13.319999694824219,13.319999694824219,13.319999694824219,13.319999694824219,9412,0.0,0.0,0.0
2025-03-24 04:35:00+00:00,13.319999694824219,13.319999694824219,13.3100004196167,13.3100004196167,16230,0.0,0.0,0.0
2025-03-24 04:40:00+00:00,13.3100004196167,13.319999694824219,13.3100004196167,13.3100004196167,10100,0.0,0.0,0.0
2025-03-24 04:45:00+00:00,13.3100004196167,13.3100004196167,13.3100004196167,13.3100004196167,18624,0.0,0.0,0.0
2025-03-24 04:50:00+00:00,13.3100004196167,13.319999694824219,13.3100004196167,13.319999694824219,4610,0.0,0.0,0.0
2025-03-24 04:55:00+00:00,13.3100004196167,13.319999694824219,13.3100004196167,13.319999694824219,4530,0.0,0.0,0.0
2025-03-24 05:00:00+00:00,13.319999694824219,13.319999694824219,13.3100004196167,13.3100004196167,47505,0.0,0.0,0.0
2025-03-24 05:05:00+00:00,13.300000190734863,13.3100004196167,13.300000190734863,13.3100004196167,16387,0.0,0.0,0.0
2025-03-24 05:10:00+00:00,13.3100004196167,13.3100004196167,13.300000190734863,13.300000190734863,84731,0.0,0.0,0.0
2025-03-24 05:15:00+00:00,13.3100004196167,13.3100004196167,13.300000190734863,13.300000190734863,77979,0.0,0.0,0.0
2025-03-24 05:20:00+00:00,13.300000190734863,13.3100004196167,13.300000190734863,13.300000190734863,11792,0.0,0.0,0.0
2025-03-25 01:00:00+00:00,13.399999618530273,13.420000076293945,13.399999618530273,13.420000076293945,45000,0.0,0.0,0.0
2025-03-25 01:05:00+00:00,13.420000076293945,13.420000076293945,13.40999984741211,13.420000076293945,89275,0.0,0.0,0.0
2025-03-25 01:10:00+00:00,13.420000076293945,13.420000076293945,13.40999984741211,13.40999984741211,152909,0.0,0.0,0.0
2025-03-25 01:15:00+00:00,13.40999984741211,13.420000076293945,13.40999984741211,13.420000076293945,17414,0.0,0.0,0.0
2025-03-25 01:20:00+00:00,13.40999984741211,13.420000076293945,13.40999984741211,13.40999984741211,48247,0.0,0.0,0.0
2025-03-25 01:25:00+00:00,13.420000076293945,13.430000305175781,13.40999984741211,13.420000076293945,120599,0.0,0.0,0.0
2025-03-25 01:30:00+00:00,13.430000305175781,13.430000305175781,13.420000076293945,13.420000076293945,41055,0.0,0.0,0.0
2025-03-25 01:35:00+00:00,13.430000305175781,13.430000305175781,13.420000076293945,13.420000076293945,13316,0.0,0.0,0.0
2025-03-25 01:40:00+00:00,13.420000076293945,13.4399995803833,13.420000076293945,13.4399995803833,295279,0.0,0.0,0.0
2025-03-25 01:45:00+00:00,13.449999809265137,13.460000038146973,13.4399995803833,13.460000038146973,52537,0.0,0.0,0.0
2025-03-25 01:50:00+00:00,13.460000038146973,13.460000038146973,13.449999809265137,13.449999809265137,28809,0.0,0.0,0.0
2025-03-25 01:55:00+00:00,13.4399995803833,13.4399995803833,13.420000076293945,13.420000076293945,15175,0.0,0.0,0.0
2025-03-25 02:00:00+00:00,13.430000305175781,13.430000305175781,13.40999984741211,13.40999984741211,79590,0.0,0.0,0.0
2025-03-25 02:05:00+00:00,13.399999618530273,13.40999984741211,13.399999618530273,13.399999618530273,69549,0.0,0.0,0.0
2025-03-25 02:10:00+00:00,13.390000343322754,13.390000343322754,13.380000114440918,13.380000114440918,7737,0.0,0.0,0.0
2025-03-25 02:15:00+00:00,13.390000343322754,13.390000343322754,13.380000114440918,13.380000114440918,14113,0.0,0.0,0.0
2025-03-25 02:20:00+00:00,13.380000114440918,13.390000343322754,13.380000114440918,13.390000343322754,5026,0.0,0.0,0.0
2025-03-25 02:25:00+00:00,13.390000343322754,13.390000343322754,13.380000114440918,13.380000114440918,21053,0.0,0.0,0.0
2025-03-25 02:30:00+00:00,13.390000343322754,13.390000343322754,13.390000343322754,13.390000343322754,13121,0.0,0.0,0.0
2025-03-25 02:35:00+00:00,13.380000114440918,13.390000343322754,13.380000114440918,13.380000114440918,7018,0.0,0.0,0.0
2025-03-25 02:40:00+00:00,13.390000343322754,13.390000343322754,13.380000114440918,13.380000114440918,15018,0.0,0.0,0.0
2025-03-25 02:45:00+00:00,13.390000343322754,13.390000343322754,13.359999656677246,13.369999885559082,61195,0.0,0.0,0.0
2025-03-25 02:50:00+00:00,13.359999656677246,13.359999656677246,13.359999656677246,13.359999656677246,13267,0.0,0.0,0.0
2025-03-25 02:55:00+00:00,13.359999656677246,13.369999885559082,13.359999656677246,13.369999885559082,9750,0.0,0.0,0.0
2025-03-25 03:00:00+00:00,13.369999885559082,13.390000343322754,13.369999885559082,13.380000114440918,53540,0.0,0.0,0.0
2025-03-25 03:05:00+00:00,13.380000114440918,13.380000114440918,13.369999885559082,13.369999885559082,11975,0.0,0.0,0.0
2025-03-25 03:10:00+00:00,13.369999885559082,13.390000343322754,13.369999885559082,13.390000343322754,4263,0.0,0.0,0.0
2025-03-25 03:15:00+00:00,13.380000114440918,13.380000114440918,13.380000114440918,13.380000114440918,2060,0.0,0.0,0.0
2025-03-25 03:20:00+00:00,13.390000343322754,13.390000343322754,13.380000114440918,13.390000343322754,36132,0.0,0.0,0.0
2025-03-25 03:25:00+00:00,13.380000114440918,13.380000114440918,13.380000114440918,13.380000114440918,4000,0.0,0.0,0.0
2025-03-25 03:30:00+00:00,13.380000114440918,13.380000114440918,13.380000114440918,13.380000114440918,6158,0.0,0.0,0.0
2025-03-25 03:35:00+00:00,13.380000114440918,13.390000343322754,13.369999885559082,13.390000343322754,10379,0.0,0.0,0.0
2025-03-25 03:40:00+00:00,13.399999618530273,13.399999618530273,13.380000114440918,13.380000114440918,8763,0.0,0.0,0.0
2025-03-25 03:45:00+00:00,13.380000114440918,13.380000114440918,13.369999885559082,13.380000114440918,4428,0.0,0.0,0.0
2025-03-25 03:50:00+00:00,13.380000114440918,13.380000114440918,13.380000114440918,13.380000114440918,16117,0.0,0.0,0.0
2025-03-25 03:55:00+00:00,13.380000114440918,13.380000114440918,13.369999885559082,13.369999885559082,36040,0.0,0.0,0.0
2025-03-25 04:00:00+00:00,13.380000114440918,13.380000114440918,13.380000114440918,13.380000114440918,3118,0.0,0.0,0.0
2025-03-25 04:05:00+00:00,13.380000114440918,13.380000114440918,13.369999885559082,13.369999885559082,13533,0.0,0.0,0.0
2025-03-25 04:10:00+00:00,13.380000114440918,13.380000114440918,13.380000114440918,13.380000114440918,1303,0.0,0.0,0.0
2025-03-25 04:15:00+00:00,13.369999885559082,13.380000114440918,13.369999885559082,13.369999885559082,8102,0.0,0.0,0.0
2025-03-25 04:20:00+00:00,13.380000114440918,13.380000114440918,13.369999885559082,13.369999885559082,10125,0.0,0.0,0.0
2025-03-25 04:25:00+00:00,13.369999885559082,13.380000114440918,13.359999656677246,13.380000114440918,21241,0.0,0.0,0.0
2025-03-25 04:30:00+00:00,13.380000114440918,13.380000114440918,13.359999656677246,13.369999885559082,38133,0.0,0.0,0.0
2025-03-25 04:35:00+00:00,13.380000114440918,13.390000343322754,13.380000114440918,13.390000343322754,28919,0.0,0.0,0.0
2025-03-25 04:40:00+00:00,13.380000114440918,13.380000114440918,13.380000114440918,13.380000114440918,11000,0.0,0.0,0.0
2025-03-25 04:45:00+00:00,13.380000114440918,13.380000114440918,13.380000114440918,13.380000114440918,12041,0.0,0.0,0.0
2025-03-25 04:50:00+00:00,13.390000343322754,13.390000343322754,13.390000343322754,13.390000343322754,16758,0.0,0.0,0.0
2025-03-25 04:55:00+00:00,13.390000343322754,13.399999618530273,13.390000343322754,13.390000343322754,13668,0.0,0.0,0.0
2025-03-25 05:00:00+00:00,13.399999618530273,13.399999618530273,13.399999618530273,13.399999618530273,3000,0.0,0.0,0.0
2025-03-25 05:05:00+00:00,13.390000343322754,13.399999618530273,13.390000343322754,13.390000343322754,54354,0.0,0.0,0.0
2025-03-25 05:10:00+00:00,13.399999618530273,13.399999618530273,13.390000343322754,13.390000343322754,25174,0.0,0.0,0.0
2025-03-25 05:15:00+00:00,13.399999618530273,13.399999618530273,13.390000343322754,13.399999618530273,20083,0.0,0.0,0.0
2025-03-25 05:20:00+00:00,13.399999618530273,13.399999618530273,13.390000343322754,13.390000343322754,23417,0.0,0.0,0.0
2025-03-26 01:00:00+00:00,13.430000305175781,13.449999809265137,13.430000305175781,13.4399995803833,0,0.0,0.0,0.0
2025-03-26 01:05:00+00:00,13.449999809265137,13.449999809265137,13.430000305175781,13.449999809265137,19000,0.0,0.0,0.0
2025-03-26 01:10:00+00:00,13.449999809265137,13.460000038146973,13.4399995803833,13.449999809265137,152930,0.0,0.0,0.0
2025-03-26 01:15:00+00:00,13.449999809265137,13.449999809265137,13.4399995803833,13.4399995803833,19312,0.0,0.0,0.0
2025-03-26 01:20:00+00:00,13.449999809265137,13.449999809265137,13.4399995803833,13.4399995803833,36730,0.0,0.0,0.0
2025-03-26 01:25:00+00:00,13.4399995803833,13.4399995803833,13.420000076293945,13.420000076293945,70895,0.0,0.0,0.0
2025-03-26 01:30:00+00:00,13.420000076293945,13.420000076293945,13.420000076293945,13.420000076293945,7332,0.0,0.0,0.0
2025-03-26 01:35:00+00:00,13.420000076293945,13.420000076293945,13.40999984741211,13.420000076293945,20175,0.0,0.0,0.0
2025-03-26 01:40:00+00:00,13.420000076293945,13.420000076293945,13.40999984741211,13.420000076293945,19057,0.0,0.0,0.0
2025-03-26 01:45:00+00:00,13.430000305175781,13.430000305175781,13.430000305175781,13.430000305175781,6088,0.0,0.0,0.0
2025-03-26 01:50:00+00:00,13.430000305175781,13.430000305175781,13.430000305175781,13.430000305175781,5292,0.0,0.0,0.0
2025-03-26 01:55:00+00:00,13.430000305175781,13.430000305175781,13.420000076293945,13.420000076293945,11800,0.0,0.0,0.0
2025-03-26 02:00:00+00:00,13.420000076293945,13.420000076293945,13.40999984741211,13.40999984741211,19307,0.0,0.0,0.0
2025-03-26 02:05:00+00:00,13.420000076293945,13.420000076293945,13.40999984741211,13.40999984741211,3723,0.0,0.0,0.0
2025-03-26 02:10:00+00:00,13.420000076293945,13.420000076293945,13.40999984741211,13.40999984741211,51127,0.0,0.0,0.0
2025-03-26 02:15:00+00:00,13.420000076293945,13.420000076293945,13.399999618530273,13.399999618530273,55236,0.0,0.0,0.0
2025-03-26 02:20:00+00:00,13.399999618530273,13.399999618530273,13.390000343322754,13.399999618530273,25172,0.0,0.0,0.0
2025-03-26 02:25:00+00:00,13.399999618530273,13.399999618530273,13.380000114440918,13.380000114440918,121414,0.0,0.0,0.0
2025-03-26 02:30:00+00:00,13.390000343322754,13.390000343322754,13.380000114440918,13.390000343322754,11400,0.0,0.0,0.0
2025-03-26 02:35:00+00:00,13.390000343322754,13.390000343322754,13.380000114440918,13.380000114440918,26022,0.0,0.0,0.0
2025-03-26 02:40:00+00:00,13.380000114440918,13.380000114440918,13.380000114440918,13.380000114440918,7043,0.0,0.0,0.0
2025-03-26 02:45:00+00:00,13.390000343322754,13.399999618530273,13.390000343322754,13.399999618530273,17447,0.0,0.0,0.0
2025-03-26 02:50:00+00:00,13.399999618530273,13.399999618530273,13.399999618530273,13.399999618530273,8837,0.0,0.0,0.0
2025-03-26 02:55:00+00:00,13.399999618530273,13.399999618530273,13.399999618530273,13.399999618530273,5565,0.0,0.0,0.0
2025-03-26 03:00:00+00:00,13.390000343322754,13.399999618530273,13.390000343322754,13.390000343322754,12536,0.0,0.0,0.0
2025-03-26 03:05:00+00:00,13.399999618530273,13.399999618530273,13.390000343322754,13.399999618530273,44080,0.0,0.0,0.0
2025-03-26 03:10:00+00:00,13.399999618530273,13.399999618530273,13.399999618530273,13.399999618530273,15398,0.0,0.0,0.0
2025-03-26 03:15:00+00:00,13.399999618530273,13.399999618530273,13.399999618530273,13.399999618530273,11062,0.0,0.0,0.0
2025-03-26 03:20:00+00:00,13.399999618530273,13.399999618530273,13.390000343322754,13.390000343322754,209076,0.0,0.0,0.0
2025-03-26 03:25:00+00:00,13.399999618530273,13.399999618530273,13.390000343322754,13.399999618530273,5184,0.0,0.0,0.0
2025-03-26 03:30:00+00:00,13.399999618530273,13.399999618530273,13.399999618530273,13.399999618530273,5446,0.0,0.0,0.0
2025-03-26 03:35:00+00:00,13.399999618530273,13.399999618530273,13.399999618530273,13.399999618530273,1128,0.0,0.0,0.0
2025-03-26 03:40:00+00:00,13.390000343322754,13.390000343322754,13.390000343322754,13.390000343322754,35012,0.0,0.0,0.0
2025-03-26 03:45:00+00:00,13.390000343322754,13.390000343322754,13.390000343322754,13.390000343322754,6151,0.0,0.0,0.0
2025-03-26 03:50:00+00:00,13.390000343322754,13.399999618530273,13.390000343322754,13.390000343322754,33012,0.0,0.0,0.0
2025-03-26 03:55:00+00:00,13.380000114440918,13.399999618530273,13.380000114440918,13.399999618530273,11524,0.0,0.0,0.0
2025-03-26 04:00:00+00:00,13.399999618530273,13.399999618530273,13.399999618530273,13.399999618530273,3002,0.0,0.0,0.0
2025-03-26 04:05:00+00:00,13.399999618530273,13.399999618530273,13.399999618530273,13.399999618530273,3193,0.0,0.0,0.0
2025-03-26 04:10:00+00:00,13.399999618530273,13.399999618530273,13.390000343322754,13.399999618530273,8295,0.0,0.0,0.0
2025-03-26 04:15:00+00:00,13.399999618530273,13.399999618530273,13.399999618530273,13.399999618530273,2082,0.0,0.0,0.0
2025-03-26 04:20:00+00:00,13.399999618530273,13.399999618530273,13.390000343322754,13.399999618530273,20226,0.0,0.0,0.0
2025-03-26 04:25:00+00:00,13.399999618530273,13.399999618530273,13.380000114440918,13.380000114440918,21741,0.0,0.0,0.0
2025-03-26 04:30:00+00:00,13.399999618530273,13.399999618530273,13.380000114440918,13.399999618530273,8944,0.0,0.0,0.0
2025-03-26 04:35:00+00:00,13.390000343322754,13.399999618530273,13.390000343322754,13.399999618530273,7140,0.0,0.0,0.0
2025-03-26 04:40:00+00:00,13.399999618530273,13.399999618530273,13.390000343322754,13.390000343322754,4120,0.0,0.0,0.0
2025-03-26 04:45:00+00:00,13.390000343322754,13.390000343322754,13.390000343322754,13.390000343322754,5770,0.0,0.0,0.0
2025-03-26 04:50:00+00:00,13.390000343322754,13.399999618530273,13.390000343322754,13.399999618530273,7971,0.0,0.0,0.0
2025-03-26 04:55:00+00:00,13.390000343322754,13.40999984741211,13.390000343322754,13.40999984741211,169789,0.0,0.0,0.0
2025-03-26 05:00:00+00:00,13.399999618530273,13.399999618530273,13.399999618530273,13.399999618530273,15290,0.0,0.0,0.0
2025-03-26 05:05:00+00:00,13.390000343322754,13.390000343322754,13.390000343322754,13.390000343322754,1610,0.0,0.0,0.0
2025-03-26 05:10:00+00:00,13.40999984741211,13.40999984741211,13.399999618530273,13.399999618530273,5658,0.0,0.0,0.0
2025-03-26 05:15:00+00:00,13.40999984741211,13.40999984741211,13.390000343322754,13.399999618530273,15926,0.0,0.0,0.0
2025-03-26 05:20:00+00:00,13.399999618530273,13.399999618530273,13.399999618530273,13.399999618530273,34721,0.0,0.0,0.0
2025-03-27 01:00:00+00:00,13.270000457763672,13.270000457763672,13.260000228881836,13.270000457763672,0,0.0,0.0,0.0
2025-03-27 01:05:00+00:00,13.260000228881836,13.270000457763672,13.239999771118164,13.239999771118164,281000,0.0,0.0,0.0
2025-03-27 01:10:00+00:00,13.239999771118164,13.25,13.229999542236328,13.25,88824,0.0,0.0,0.0
2025-03-27 01:15:00+00:00,13.260000228881836,13.279999732971191,13.25,13.260000228881836,94173,0.0,0.0,0.0
2025-03-27 01:20:00+00:00,13.279999732971191,13.279999732971191,13.270000457763672,13.270000457763672,59547,0.0,0.0,0.0
2025-03-27 01:25:00+00:00,13.270000457763672,13.270000457763672,13.270000457763672,13.270000457763672,26352,0.0,0.0,0.0
2025-03-27 01:30:00+00:00,13.270000457763672,13.270000457763672,13.25,13.25,138202,0.0,0.0,0.0
2025-03-27 01:35:00+00:00,13.25,13.25,13.239999771118164,13.239999771118164,135083,0.0,0.0,0.0
2025-03-27 01:40:00+00:00,13.239999771118164,13.25,13.239999771118164,13.239999771118164,15755,0.0,0.0,0.0
2025-03-27 01:45:00+00:00,13.239999771118164,13.25,13.239999771118164,13.25,8152,0.0,0.0,0.0
2025-03-27 01:50:00+00:00,13.25,13.25,13.25,13.25,42245,0.0,0.0,0.0
2025-03-27 01:55:00+00:00,13.25,13.25,13.25,13.25,67356,0.0,0.0,0.0
2025-03-27 02:00:00+00:00,13.239999771118164,13.25,13.239999771118164,13.25,9291,0.0,0.0,0.0
2025-03-27 02:05:00+00:00,13.260000228881836,13.260000228881836,13.260000228881836,13.260000228881836,24276,0.0,0.0,0.0
2025-03-27 02:10:00+00:00,13.260000228881836,13.260000228881836,13.25,13.260000228881836,175422,0.0,0.0,0.0
2025-03-27 02:15:00+00:00,13.260000228881836,13.260000228881836,13.25,13.25,13907,0.0,0.0,0.0
2025-03-27 02:20:00+00:00,13.25,13.260000228881836,13.239999771118164,13.239999771118164,88191,0.0,0.0,0.0
2025-03-27 02:25:00+00:00,13.239999771118164,13.25,13.239999771118164,13.239999771118164,29472,0.0,0.0,0.0
2025-03-27 02:30:00+00:00,13.239999771118164,13.25,13.239999771118164,13.25,250106,0.0,0.0,0.0
2025-03-27 02:35:00+00:00,13.25,13.25,13.25,13.25,3414,0.0,0.0,0.0
2025-03-27 02:40:00+00:00,13.25,13.260000228881836,13.239999771118164,13.260000228881836,126285,0.0,0.0,0.0
2025-03-27 02:45:00+00:00,13.25,13.25,13.25,13.25,1925,0.0,0.0,0.0
2025-03-27 02:50:00+00:00,13.25,13.260000228881836,13.25,13.260000228881836,7612,0.0,0.0,0.0
2025-03-27 02:55:00+00:00,13.260000228881836,13.260000228881836,13.25,13.25,35061,0.0,0.0,0.0
2025-03-27 03:00:00+00:00,13.25,13.25,13.239999771118164,13.239999771118164,78190,0.0,0.0,0.0
2025-03-27 03:05:00+00:00,13.25,13.25,13.239999771118164,13.239999771118164,40402,0.0,0.0,0.0
2025-03-27 03:10:00+00:00,13.229999542236328,13.239999771118164,13.220000267028809,13.220000267028809,635162,0.0,0.0,0.0
2025-03-27 03:15:00+00:00,13.220000267028809,13.220000267028809,13.220000267028809,13.220000267028809,8010,0.0,0.0,0.0
2025-03-27 03:20:00+00:00,13.229999542236328,13.229999542236328,13.220000267028809,13.220000267028809,42115,0.0,0.0,0.0
2025-03-27 03:25:00+00:00,13.229999542236328,13.229999542236328,13.220000267028809,13.229999542236328,4192,0.0,0.0,0.0
2025-03-27 03:30:00+00:00,13.229999542236328,13.229999542236328,13.229999542236328,13.229999542236328,49286,0.0,0.0,0.0
2025-03-27 03:35:00+00:00,13.229999542236328,13.229999542236328,13.229999542236328,13.229999542236328,19703,0.0,0.0,0.0
2025-03-27 03:40:00+00:00,13.229999542236328,13.229999542236328,13.220000267028809,13.229999542236328,15200,0.0,0.0,0.0
2025-03-27 03:45:00+00:00,13.229999542236328,13.229999542236328,13.220000267028809,13.229999542236328,230634,0.0,0.0,0.0
2025-03-27 03:50:00+00:00,13.239999771118164,13.239999771118164,13.220000267028809,13.220000267028809,17253,0.0,0.0,0.0
2025-03-27 03:55:00+00:00,13.220000267028809,13.229999542236328,13.220000267028809,13.229999542236328,10178,0.0,0.0,0.0
2025-03-27 04:00:00+00:00,13.229999542236328,13.229999542236328,13.220000267028809,13.220000267028809,21118,0.0,0.0,0.0
2025-03-27 04:05:00+00:00,13.220000267028809,13.229999542236328,13.220000267028809,13.229999542236328,5830,0.0,0.0,0.0
2025-03-27 04:10:00+00:00,13.229999542236328,13.229999542236328,13.229999542236328,13.229999542236328,12984,0.0,0.0,0.0
2025-03-27 04:15:00+00:00,13.220000267028809,13.229999542236328,13.220000267028809,13.229999542236328,37451,0.0,0.0,0.0
2025-03-27 04:20:00+00:00,13.229999542236328,13.229999542236328,13.220000267028809,13.229999542236328,61906,0.0,0.0,0.0
2025-03-27 04:25:00+00:00,13.229999542236328,13.229999542236328,13.229999542236328,13.229999542236328,31847,0.0,0.0,0.0
2025-03-27 04:30:00+00:00,13.229999542236328,13.239999771118164,13.229999542236328,13.229999542236328,41250,0.0,0.0,0.0
2025-03-27 04:35:00+00:00,13.239999771118164,13.239999771118164,13.229999542236328,13.239999771118164,9110,0.0,0.0,0.0
2025-03-27 04:40:00+00:00,13.239999771118164,13.239999771118164,13.239999771118164,13.239999771118164,36435,0.0,0.0,0.0
2025-03-27 04:45:00+00:00,13.239999771118164,13.239999771118164,13.229999542236328,13.229999542236328,53170,0.0,0.0,0.0
2025-03-27 04:50:00+00:00,13.229999542236328,13.229999542236328,13.229999542236328,13.229999542236328,97471,0.0,0.0,0.0
2025-03-27 04:55:00+00:00,13.229999542236328,13.229999542236328,13.229999542236328,13.229999542236328,71182,0.0,0.0,0.0
2025-03-27 05:00:00+00:00,13.229999542236328,13.229999542236328,13.220000267028809,13.229999542236328,116964,0.0,0.0,0.0
2025-03-27 05:05:00+00:00,13.229999542236328,13.229999542236328,13.229999542236328,13.229999542236328,13881,0.0,0.0,0.0
2025-03-27 05:10:00+00:00,13.229999542236328,13.229999542236328,13.220000267028809,13.220000267028809,345562,0.0,0.0,0.0
2025-03-27 05:15:00+00:00,13.229999542236328,13.229999542236328,13.210000038146973,13.220000267028809,89627,0.0,0.0,0.0
2025-03-27 05:20:00+00:00,13.220000267028809,13.229999542236328,13.220000267028809,13.229999542236328,198826,0.0,0.0,0.0
2025-03-28 01:00:00+00:00,13.15999984741211,13.15999984741211,13.109999656677246,13.109999656677246,0,0.0,0.0,0.0
2025-03-28 01:05:00+00:00,13.109999656677246,13.119999885559082,13.109999656677246,13.109999656677246,124349,0.0,0.0,0.0
2025-03-28 01:10:00+00:00,13.119999885559082,13.119999885559082,13.100000381469727,13.119999885559082,112690,0.0,0.0,0.0
2025-03-28 01:15:00+00:00,13.119999885559082,13.15999984741211,13.109999656677246,13.15999984741211,139935,0.0,0.0,0.0
2025-03-28 01:20:00+00:00,13.149999618530273,13.15999984741211,13.149999618530273,13.15999984741211,58884,0.0,0.0,0.0
2025-03-28 01:25:00+00:00,13.149999618530273,13.149999618530273,13.140000343322754,13.140000343322754,69945,0.0,0.0,0.0
2025-03-28 01:30:00+00:00,13.140000343322754,13.140000343322754,13.130000114440918,13.130000114440918,69506,0.0,0.0,0.0
2025-03-28 01:35:00+00:00,13.130000114440918,13.130000114440918,13.119999885559082,13.130000114440918,84118,0.0,0.0,0.0
2025-03-28 01:40:00+00:00,13.119999885559082,13.130000114440918,13.109999656677246,13.109999656677246,174091,0.0,0.0,0.0
2025-03-28 01:45:00+00:00,13.109999656677246,13.119999885559082,13.09000015258789,13.119999885559082,596977,0.0,0.0,0.0
2025-03-28 01:50:00+00:00,13.109999656677246,13.109999656677246,13.09000015258789,13.100000381469727,157705,0.0,0.0,0.0
2025-03-28 01:55:00+00:00,13.100000381469727,13.100000381469727,13.09000015258789,13.100000381469727,54716,0.0,0.0,0.0
2025-03-28 02:00:00+00:00,13.100000381469727,13.100000381469727,13.09000015258789,13.100000381469727,94744,0.0,0.0,0.0
2025-03-28 02:05:00+00:00,13.100000381469727,13.109999656677246,13.100000381469727,13.100000381469727,37858,0.0,0.0,0.0
2025-03-28 02:10:00+00:00,13.109999656677246,13.109999656677246,13.09000015258789,13.100000381469727,104685,0.0,0.0,0.0
2025-03-28 02:15:00+00:00,13.100000381469727,13.100000381469727,13.09000015258789,13.09000015258789,181741,0.0,0.0,0.0
2025-03-28 02:20:00+00:00,13.09000015258789,13.09000015258789,13.069999694824219,13.069999694824219,466880,0.0,0.0,0.0
2025-03-28 02:25:00+00:00,13.079999923706055,13.079999923706055,13.0600004196167,13.069999694824219,63714,0.0,0.0,0.0
2025-03-28 02:30:00+00:00,13.069999694824219,13.069999694824219,13.0600004196167,13.0600004196167,32248,0.0,0.0,0.0
2025-03-28 02:35:00+00:00,13.069999694824219,13.069999694824219,13.0600004196167,13.0600004196167,142660,0.0,0.0,0.0
2025-03-28 02:40:00+00:00,13.069999694824219,13.069999694824219,13.050000190734863,13.0600004196167,152850,0.0,0.0,0.0
2025-03-28 02:45:00+00:00,13.0600004196167,13.0600004196167,13.039999961853027,13.039999961853027,400070,0.0,0.0,0.0
2025-03-28 02:50:00+00:00,13.039999961853027,13.039999961853027,13.020000457763672,13.039999961853027,136175,0.0,0.0,0.0
2025-03-28 02:55:00+00:00,13.029999732971191,13.039999961853027,13.029999732971191,13.029999732971191,193897,0.0,0.0,0.0
2025-03-28 03:00:00+00:00,13.029999732971191,13.029999732971191,13.020000457763672,13.020000457763672,151683,0.0,0.0,0.0
2025-03-28 03:05:00+00:00,13.029999732971191,13.029999732971191,13.029999732971191,13.029999732971191,21310,0.0,0.0,0.0
2025-03-28 03:10:00+00:00,13.029999732971191,13.039999961853027,13.029999732971191,13.039999961853027,215463,0.0,0.0,0.0
2025-03-28 03:15:00+00:00,13.039999961853027,13.039999961853027,13.020000457763672,13.029999732971191,134091,0.0,0.0,0.0
2025-03-28 03:20:00+00:00,13.029999732971191,13.029999732971191,13.020000457763672,13.020000457763672,97614,0.0,0.0,0.0
2025-03-28 03:25:00+00:00,13.020000457763672,13.029999732971191,13.020000457763672,13.029999732971191,20900,0.0,0.0,0.0
2025-03-28 03:30:00+00:00,13.029999732971191,13.029999732971191,13.029999732971191,13.029999732971191,17560,0.0,0.0,0.0
2025-03-28 03:35:00+00:00,13.029999732971191,13.029999732971191,13.020000457763672,13.020000457763672,163766,0.0,0.0,0.0
2025-03-28 03:40:00+00:00,13.020000457763672,13.029999732971191,13.020000457763672,13.029999732971191,40712,0.0,0.0,0.0
2025-03-28 03:45:00+00:00,13.029999732971191,13.029999732971191,13.020000457763672,13.020000457763672,28035,0.0,0.0,0.0
2025-03-28 03:50:00+00:00,13.020000457763672,13.029999732971191,13.010000228881836,13.020000457763672,136176,0.0,0.0,0.0
2025-03-28 03:55:00+00:00,13.020000457763672,13.020000457763672,13.010000228881836,13.010000228881836,88400,0.0,0.0,0.0
2025-03-28 04:00:00+00:00,13.020000457763672,13.020000457763672,13.010000228881836,13.010000228881836,30736,0.0,0.0,0.0
2025-03-28 04:05:00+00:00,13.010000228881836,13.010000228881836,13.010000228881836,13.010000228881836,90612,0.0,0.0,0.0
2025-03-28 04:10:00+00:00,13.010000228881836,13.020000457763672,13.0,13.010000228881836,59060,0.0,0.0,0.0
2025-03-28 04:15:00+00:00,13.0,13.010000228881836,13.0,13.010000228881836,41481,0.0,0.0,0.0
2025-03-28 04:20:00+00:00,13.020000457763672,13.029999732971191,13.010000228881836,13.029999732971191,56872,0.0,0.0,0.0
2025-03-28 04:25:00+00:00,13.029999732971191,13.039999961853027,13.029999732971191,13.039999961853027,12049,0.0,0.0,0.0
2025-03-28 04:30:00+00:00,13.039999961853027,13.050000190734863,13.039999961853027,13.050000190734863,33303,0.0,0.0,0.0
2025-03-28 04:35:00+00:00,13.050000190734863,13.050000190734863,13.039999961853027,13.039999961853027,55781,0.0,0.0,0.0
2025-03-28 04:40:00+00:00,13.050000190734863,13.050000190734863,13.039999961853027,13.050000190734863,24544,0.0,0.0,0.0
2025-03-28 04:45:00+00:00,13.050000190734863,13.050000190734863,13.029999732971191,13.029999732971191,127876,0.0,0.0,0.0
2025-03-28 04:50:00+00:00,13.029999732971191,13.029999732971191,13.020000457763672,13.020000457763672,140990,0.0,0.0,0.0
2025-03-28 04:55:00+00:00,13.020000457763672,13.020000457763672,13.010000228881836,13.020000457763672,40248,0.0,0.0,0.0
2025-03-28 05:00:00+00:00,13.029999732971191,13.039999961853027,13.029999732971191,13.039999961853027,14430,0.0,0.0,0.0
2025-03-28 05:05:00+00:00,13.050000190734863,13.0600004196167,13.039999961853027,13.0600004196167,35972,0.0,0.0,0.0
2025-03-28 05:10:00+00:00,13.0600004196167,13.0600004196167,13.0600004196167,13.0600004196167,22754,0.0,0.0,0.0
2025-03-28 05:15:00+00:00,13.069999694824219,13.069999694824219,13.050000190734863,13.050000190734863,95128,0.0,0.0,0.0
2025-03-28 05:20:00+00:00,13.0600004196167,13.0600004196167,13.050000190734863,13.0600004196167,77851,0.0,0.0,0.0
2025-03-31 01:00:00+00:00,12.720000267028809,12.75,12.699999809265137,12.739999771118164,0,0.0,0.0,0.0
2025-03-31 01:05:00+00:00,12.729999542236328,12.739999771118164,12.670000076293945,12.670000076293945,855000,0.0,0.0,0.0
2025-03-31 01:10:00+00:00,12.680000305175781,12.699999809265137,12.680000305175781,12.6899995803833,252168,0.0,0.0,0.0
2025-03-31 01:15:00+00:00,12.6899995803833,12.699999809265137,12.6899995803833,12.699999809265137,182453,0.0,0.0,0.0
2025-03-31 01:20:00+00:00,12.699999809265137,12.739999771118164,12.6899995803833,12.739999771118164,200376,0.0,0.0,0.0
2025-03-31 01:25:00+00:00,12.739999771118164,12.760000228881836,12.729999542236328,12.760000228881836,146351,0.0,0.0,0.0
2025-03-31 01:30:00+00:00,12.770000457763672,12.770000457763672,12.710000038146973,12.720000267028809,307673,0.0,0.0,0.0
2025-03-31 01:35:00+00:00,12.720000267028809,12.720000267028809,12.699999809265137,12.699999809265137,520533,0.0,0.0,0.0
2025-03-31 01:40:00+00:00,12.710000038146973,12.710000038146973,12.6899995803833,12.699999809265137,125488,0.0,0.0,0.0
2025-03-31 01:45:00+00:00,12.699999809265137,12.699999809265137,12.680000305175781,12.699999809265137,205427,0.0,0.0,0.0
2025-03-31 01:50:00+00:00,12.710000038146973,12.710000038146973,12.699999809265137,12.699999809265137,137922,0.0,0.0,0.0
2025-03-31 01:55:00+00:00,12.710000038146973,12.710000038146973,12.699999809265137,12.699999809265137,39665,0.0,0.0,0.0
2025-03-31 02:00:00+00:00,12.699999809265137,12.710000038146973,12.699999809265137,12.710000038146973,50076,0.0,0.0,0.0
2025-03-31 02:05:00+00:00,12.710000038146973,12.710000038146973,12.6899995803833,12.699999809265137,276970,0.0,0.0,0.0
2025-03-31 02:10:00+00:00,12.6899995803833,12.699999809265137,12.670000076293945,12.670000076293945,722289,0.0,0.0,0.0
2025-03-31 02:15:00+00:00,12.65999984741211,12.670000076293945,12.640000343322754,12.640000343322754,582895,0.0,0.0,0.0
2025-03-31 02:20:00+00:00,12.640000343322754,12.640000343322754,12.619999885559082,12.619999885559082,220895,0.0,0.0,0.0
2025-03-31 02:25:00+00:00,12.619999885559082,12.619999885559082,12.609999656677246,12.619999885559082,149306,0.0,0.0,0.0
2025-03-31 02:30:00+00:00,12.630000114440918,12.649999618530273,12.619999885559082,12.649999618530273,63668,0.0,0.0,0.0
2025-03-31 02:35:00+00:00,12.649999618530273,12.65999984741211,12.640000343322754,12.640000343322754,51930,0.0,0.0,0.0
2025-03-31 02:40:00+00:00,12.649999618530273,12.649999618530273,12.630000114440918,12.640000343322754,47819,0.0,0.0,0.0
2025-03-31 02:45:00+00:00,12.640000343322754,12.640000343322754,12.630000114440918,12.630000114440918,88074,0.0,0.0,0.0
2025-03-31 02:50:00+00:00,12.630000114440918,12.640000343322754,12.619999885559082,12.619999885559082,221742,0.0,0.0,0.0
2025-03-31 02:55:00+00:00,12.630000114440918,12.630000114440918,12.609999656677246,12.619999885559082,89959,0.0,0.0,0.0
2025-03-31 03:00:00+00:00,12.619999885559082,12.619999885559082,12.619999885559082,12.619999885559082,76966,0.0,0.0,0.0
2025-03-31 03:05:00+00:00,12.619999885559082,12.619999885559082,12.600000381469727,12.609999656677246,369302,0.0,0.0,0.0
2025-03-31 03:10:00+00:00,12.600000381469727,12.600000381469727,12.579999923706055,12.579999923706055,316582,0.0,0.0,0.0
2025-03-31 03:15:00+00:00,12.579999923706055,12.579999923706055,12.5600004196167,12.5600004196167,192605,0.0,0.0,0.0
2025-03-31 03:20:00+00:00,12.5600004196167,12.600000381469727,12.5600004196167,12.600000381469727,147184,0.0,0.0,0.0
2025-03-31 03:25:00+00:00,12.609999656677246,12.640000343322754,12.609999656677246,12.630000114440918,50618,0.0,0.0,0.0
2025-03-31 03:30:00+00:00,12.630000114440918,12.630000114440918,12.630000114440918,12.630000114440918,21993,0.0,0.0,0.0
2025-03-31 03:35:00+00:00,12.619999885559082,12.619999885559082,12.59000015258789,12.59000015258789,114624,0.0,0.0,0.0
2025-03-31 03:40:00+00:00,12.600000381469727,12.600000381469727,12.600000381469727,12.600000381469727,79420,0.0,0.0,0.0
2025-03-31 03:45:00+00:00,12.600000381469727,12.600000381469727,12.59000015258789,12.59000015258789,48841,0.0,0.0,0.0
2025-03-31 03:50:00+00:00,12.59000015258789,12.600000381469727,12.579999923706055,12.59000015258789,73579,0.0,0.0,0.0
2025-03-31 03:55:00+00:00,12.59000015258789,12.59000015258789,12.579999923706055,12.579999923706055,44588,0.0,0.0,0.0
2025-03-31 04:00:00+00:00,12.59000015258789,12.59000015258789,12.579999923706055,12.579999923706055,36101,0.0,0.0,0.0
2025-03-31 04:05:00+00:00,12.579999923706055,12.579999923706055,12.569999694824219,12.569999694824219,183162,0.0,0.0,0.0
2025-03-31 04:10:00+00:00,12.5600004196167,12.569999694824219,12.5600004196167,12.5600004196167,144598,0.0,0.0,0.0
2025-03-31 04:15:00+00:00,12.569999694824219,12.569999694824219,12.5600004196167,12.569999694824219,41855,0.0,0.0,0.0
2025-03-31 04:20:00+00:00,12.5600004196167,12.569999694824219,12.5600004196167,12.569999694824219,92525,0.0,0.0,0.0
2025-03-31 04:25:00+00:00,12.569999694824219,12.579999923706055,12.5600004196167,12.579999923706055,562634,0.0,0.0,0.0
2025-03-31 04:30:00+00:00,12.59000015258789,12.600000381469727,12.59000015258789,12.600000381469727,45413,0.0,0.0,0.0
2025-03-31 04:35:00+00:00,12.600000381469727,12.609999656677246,12.600000381469727,12.609999656677246,101822,0.0,0.0,0.0
2025-03-31 04:40:00+00:00,12.609999656677246,12.609999656677246,12.59000015258789,12.59000015258789,132063,0.0,0.0,0.0
2025-03-31 04:45:00+00:00,12.59000015258789,12.600000381469727,12.579999923706055,12.59000015258789,124128,0.0,0.0,0.0
2025-03-31 04:50:00+00:00,12.600000381469727,12.600000381469727,12.579999923706055,12.579999923706055,106676,0.0,0.0,0.0
2025-03-31 04:55:00+00:00,12.579999923706055,12.59000015258789,12.579999923706055,12.579999923706055,95925,0.0,0.0,0.0
2025-03-31 05:00:00+00:00,12.579999923706055,12.59000015258789,12.569999694824219,12.579999923706055,109670,0.0,0.0,0.0
2025-03-31 05:05:00+00:00,12.579999923706055,12.579999923706055,12.569999694824219,12.569999694824219,162731,0.0,0.0,0.0
2025-03-31 05:10:00+00:00,12.579999923706055,12.579999923706055,12.5600004196167,12.579999923706055,288265,0.0,0.0,0.0
2025-03-31 05:15:00+00:00,12.59000015258789,12.59000015258789,12.569999694824219,12.579999923706055,62498,0.0,0.0,0.0
2025-03-31 05:20:00+00:00,12.579999923706055,12.59000015258789,12.569999694824219,12.579999923706055,406254,0.0,0.0,0.0
2025-04-01 01:00:00+00:00,12.630000114440918,12.649999618530273,12.609999656677246,12.640000343322754,0,0.0,0.0,0.0
2025-04-01 01:05:00+00:00,12.649999618530273,12.680000305175781,12.640000343322754,12.670000076293945,178000,0.0,0.0,0.0
2025-04-01 01:10:00+00:00,12.670000076293945,12.6899995803833,12.670000076293945,12.6899995803833,178248,0.0,0.0,0.0
2025-04-01 01:15:00+00:00,12.6899995803833,12.710000038146973,12.680000305175781,12.710000038146973,267360,0.0,0.0,0.0
2025-04-01 01:20:00+00:00,12.710000038146973,12.720000267028809,12.699999809265137,12.699999809265137,242135,0.0,0.0,0.0
2025-04-01 01:25:00+00:00,12.710000038146973,12.710000038146973,12.699999809265137,12.699999809265137,104385,0.0,0.0,0.0
2025-04-01 01:30:00+00:00,12.710000038146973,12.720000267028809,12.699999809265137,12.710000038146973,160917,0.0,0.0,0.0
2025-04-01 01:35:00+00:00,12.720000267028809,12.729999542236328,12.710000038146973,12.720000267028809,36062,0.0,0.0,0.0
2025-04-01 01:40:00+00:00,12.720000267028809,12.739999771118164,12.720000267028809,12.729999542236328,46463,0.0,0.0,0.0
2025-04-01 01:45:00+00:00,12.739999771118164,12.760000228881836,12.739999771118164,12.75,101551,0.0,0.0,0.0
2025-04-01 01:50:00+00:00,12.75,12.760000228881836,12.739999771118164,12.739999771118164,75531,0.0,0.0,0.0
2025-04-01 01:55:00+00:00,12.739999771118164,12.739999771118164,12.720000267028809,12.729999542236328,74937,0.0,0.0,0.0
2025-04-01 02:00:00+00:00,12.729999542236328,12.739999771118164,12.729999542236328,12.739999771118164,30521,0.0,0.0,0.0
2025-04-01 02:05:00+00:00,12.739999771118164,12.739999771118164,12.739999771118164,12.739999771118164,19342,0.0,0.0,0.0
2025-04-01 02:10:00+00:00,12.739999771118164,12.75,12.739999771118164,12.75,152969,0.0,0.0,0.0
2025-04-01 02:15:00+00:00,12.760000228881836,12.760000228881836,12.760000228881836,12.760000228881836,162331,0.0,0.0,0.0
2025-04-01 02:20:00+00:00,12.760000228881836,12.779999732971191,12.760000228881836,12.779999732971191,77358,0.0,0.0,0.0
2025-04-01 02:25:00+00:00,12.770000457763672,12.779999732971191,12.770000457763672,12.779999732971191,35569,0.0,0.0,0.0
2025-04-01 02:30:00+00:00,12.770000457763672,12.770000457763672,12.760000228881836,12.770000457763672,74418,0.0,0.0,0.0
2025-04-01 02:35:00+00:00,12.770000457763672,12.770000457763672,12.75,12.75,25897,0.0,0.0,0.0
2025-04-01 02:40:00+00:00,12.770000457763672,12.770000457763672,12.760000228881836,12.760000228881836,4913,0.0,0.0,0.0
2025-04-01 02:45:00+00:00,12.770000457763672,12.770000457763672,12.770000457763672,12.770000457763672,18222,0.0,0.0,0.0
2025-04-01 02:50:00+00:00,12.779999732971191,12.779999732971191,12.779999732971191,12.779999732971191,8267,0.0,0.0,0.0
2025-04-01 02:55:00+00:00,12.770000457763672,12.770000457763672,12.760000228881836,12.760000228881836,13766,0.0,0.0,0.0
2025-04-01 03:00:00+00:00,12.760000228881836,12.770000457763672,12.760000228881836,12.760000228881836,38308,0.0,0.0,0.0
2025-04-01 03:05:00+00:00,12.770000457763672,12.770000457763672,12.770000457763672,12.770000457763672,21422,0.0,0.0,0.0
2025-04-01 03:10:00+00:00,12.770000457763672,12.779999732971191,12.760000228881836,12.779999732971191,22223,0.0,0.0,0.0
2025-04-01 03:15:00+00:00,12.779999732971191,12.779999732971191,12.779999732971191,12.779999732971191,3403,0.0,0.0,0.0
2025-04-01 03:20:00+00:00,12.779999732971191,12.789999961853027,12.779999732971191,12.789999961853027,36241,0.0,0.0,0.0
2025-04-01 03:25:00+00:00,12.800000190734863,12.800000190734863,12.789999961853027,12.789999961853027,4003,0.0,0.0,0.0
2025-04-01 03:30:00+00:00,12.800000190734863,12.800000190734863,12.789999961853027,12.800000190734863,21442,0.0,0.0,0.0
2025-04-01 03:35:00+00:00,12.800000190734863,12.800000190734863,12.789999961853027,12.789999961853027,23529,0.0,0.0,0.0
2025-04-01 03:40:00+00:00,12.779999732971191,12.800000190734863,12.779999732971191,12.789999961853027,18632,0.0,0.0,0.0
2025-04-01 03:45:00+00:00,12.789999961853027,12.800000190734863,12.789999961853027,12.800000190734863,19984,0.0,0.0,0.0
2025-04-01 03:50:00+00:00,12.800000190734863,12.800000190734863,12.789999961853027,12.789999961853027,31098,0.0,0.0,0.0
2025-04-01 03:55:00+00:00,12.789999961853027,12.800000190734863,12.789999961853027,12.800000190734863,28242,0.0,0.0,0.0
2025-04-01 04:00:00+00:00,12.800000190734863,12.800000190734863,12.779999732971191,12.779999732971191,34606,0.0,0.0,0.0
2025-04-01 04:05:00+00:00,12.779999732971191,12.789999961853027,12.770000457763672,12.770000457763672,61324,0.0,0.0,0.0
2025-04-01 04:10:00+00:00,12.779999732971191,12.789999961853027,12.779999732971191,12.789999961853027,66390,0.0,0.0,0.0
2025-04-01 04:15:00+00:00,12.779999732971191,12.779999732971191,12.779999732971191,12.779999732971191,10376,0.0,0.0,0.0
2025-04-01 04:20:00+00:00,12.779999732971191,12.800000190734863,12.779999732971191,12.800000190734863,44905,0.0,0.0,0.0
2025-04-01 04:25:00+00:00,12.800000190734863,12.800000190734863,12.800000190734863,12.800000190734863,28334,0.0,0.0,0.0
2025-04-01 04:30:00+00:00,12.800000190734863,12.800000190734863,12.800000190734863,12.800000190734863,4002,0.0,0.0,0.0
2025-04-01 04:35:00+00:00,12.800000190734863,12.8100004196167,12.800000190734863,12.8100004196167,31582,0.0,0.0,0.0
2025-04-01 04:40:00+00:00,12.8100004196167,12.8100004196167,12.800000190734863,12.8100004196167,11700,0.0,0.0,0.0
2025-04-01 04:45:00+00:00,12.800000190734863,12.8100004196167,12.800000190734863,12.800000190734863,28240,0.0,0.0,0.0
2025-04-01 04:50:00+00:00,12.800000190734863,12.8100004196167,12.800000190734863,12.8100004196167,12151,0.0,0.0,0.0
2025-04-01 04:55:00+00:00,12.800000190734863,12.8100004196167,12.800000190734863,12.800000190734863,30020,0.0,0.0,0.0
2025-04-01 05:00:00+00:00,12.800000190734863,12.8100004196167,12.800000190734863,12.800000190734863,15187,0.0,0.0,0.0
2025-04-01 05:05:00+00:00,12.800000190734863,12.819999694824219,12.800000190734863,12.819999694824219,129828,0.0,0.0,0.0
2025-04-01 05:10:00+00:00,12.829999923706055,12.829999923706055,12.8100004196167,12.819999694824219,24428,0.0,0.0,0.0
2025-04-01 05:15:00+00:00,12.829999923706055,12.84000015258789,12.829999923706055,12.829999923706055,29580,0.0,0.0,0.0
2025-04-01 05:20:00+00:00,12.829999923706055,12.829999923706055,12.8100004196167,12.8100004196167,20016,0.0,0.0,0.0
2025-04-02 01:00:00+00:00,12.760000228881836,12.819999694824219,12.760000228881836,12.800000190734863,0,0.0,0.0,0.0
2025-04-02 01:05:00+00:00,12.800000190734863,12.829999923706055,12.800000190734863,12.819999694824219,501000,0.0,0.0,0.0
2025-04-02 01:10:00+00:00,12.8100004196167,12.819999694824219,12.800000190734863,12.8100004196167,242038,0.0,0.0,0.0
2025-04-02 01:15:00+00:00,12.8100004196167,12.8100004196167,12.800000190734863,12.8100004196167,492507,0.0,0.0,0.0
2025-04-02 01:20:00+00:00,12.8100004196167,12.8100004196167,12.8100004196167,12.8100004196167,71810,0.0,0.0,0.0
2025-04-02 01:25:00+00:00,12.800000190734863,12.8100004196167,12.800000190734863,12.800000190734863,34982,0.0,0.0,0.0
2025-04-02 01:30:00+00:00,12.8100004196167,12.8100004196167,12.800000190734863,12.8100004196167,238615,0.0,0.0,0.0
2025-04-02 01:35:00+00:00,12.8100004196167,12.819999694824219,12.8100004196167,12.819999694824219,206409,0.0,0.0,0.0
2025-04-02 01:40:00+00:00,12.829999923706055,12.829999923706055,12.8100004196167,12.819999694824219,53611,0.0,0.0,0.0
2025-04-02 01:45:00+00:00,12.819999694824219,12.819999694824219,12.819999694824219,12.819999694824219,161052,0.0,0.0,0.0
2025-04-02 01:50:00+00:00,12.819999694824219,12.819999694824219,12.8100004196167,12.8100004196167,13556,0.0,0.0,0.0
2025-04-02 01:55:00+00:00,12.8100004196167,12.819999694824219,12.8100004196167,12.8100004196167,16718,0.0,0.0,0.0
2025-04-02 02:00:00+00:00,12.8100004196167,12.8100004196167,12.789999961853027,12.800000190734863,92154,0.0,0.0,0.0
2025-04-02 02:05:00+00:00,12.789999961853027,12.789999961853027,12.739999771118164,12.739999771118164,555156,0.0,0.0,0.0
2025-04-02 02:10:00+00:00,12.739999771118164,12.75,12.729999542236328,12.75,162280,0.0,0.0,0.0
2025-04-02 02:15:00+00:00,12.75,12.760000228881836,12.75,12.760000228881836,105794,0.0,0.0,0.0
2025-04-02 02:20:00+00:00,12.760000228881836,12.770000457763672,12.760000228881836,12.760000228881836,28611,0.0,0.0,0.0
2025-04-02 02:25:00+00:00,12.760000228881836,12.789999961853027,12.760000228881836,12.779999732971191,111692,0.0,0.0,0.0
2025-04-02 02:30:00+00:00,12.779999732971191,12.779999732971191,12.779999732971191,12.779999732971191,1458,0.0,0.0,0.0
2025-04-02 02:35:00+00:00,12.779999732971191,12.789999961853027,12.779999732971191,12.789999961853027,14049,0.0,0.0,0.0
2025-04-02 02:40:00+00:00,12.789999961853027,12.789999961853027,12.779999732971191,12.789999961853027,30117,0.0,0.0,0.0
2025-04-02 02:45:00+00:00,12.789999961853027,12.789999961853027,12.779999732971191,12.779999732971191,5788,0.0,0.0,0.0
2025-04-02 02:50:00+00:00,12.770000457763672,12.779999732971191,12.760000228881836,12.760000228881836,138122,0.0,0.0,0.0
2025-04-02 02:55:00+00:00,12.770000457763672,12.770000457763672,12.760000228881836,12.760000228881836,28151,0.0,0.0,0.0
2025-04-02 03:00:00+00:00,12.779999732971191,12.779999732971191,12.779999732971191,12.779999732971191,8069,0.0,0.0,0.0
2025-04-02 03:05:00+00:00,12.779999732971191,12.779999732971191,12.770000457763672,12.770000457763672,32365,0.0,0.0,0.0
2025-04-02 03:10:00+00:00,12.779999732971191,12.779999732971191,12.770000457763672,12.770000457763672,18732,0.0,0.0,0.0
2025-04-02 03:15:00+00:00,12.779999732971191,12.779999732971191,12.760000228881836,12.760000228881836,153187,0.0,0.0,0.0
2025-04-02 03:20:00+00:00,12.770000457763672,12.770000457763672,12.770000457763672,12.770000457763672,2231,0.0,0.0,0.0
2025-04-02 03:25:00+00:00,12.770000457763672,12.770000457763672,12.770000457763672,12.770000457763672,19079,0.0,0.0,0.0
2025-04-02 03:30:00+00:00,12.770000457763672,12.779999732971191,12.760000228881836,12.779999732971191,88849,0.0,0.0,0.0
2025-04-02 03:35:00+00:00,12.779999732971191,12.779999732971191,12.760000228881836,12.760000228881836,14830,0.0,0.0,0.0
2025-04-02 03:40:00+00:00,12.760000228881836,12.760000228881836,12.760000228881836,12.760000228881836,46593,0.0,0.0,0.0
2025-04-02 03:45:00+00:00,12.75,12.75,12.739999771118164,12.739999771118164,492099,0.0,0.0,0.0
2025-04-02 03:50:00+00:00,12.739999771118164,12.739999771118164,12.739999771118164,12.739999771118164,32024,0.0,0.0,0.0
2025-04-02 03:55:00+00:00,12.739999771118164,12.75,12.739999771118164,12.75,39026,0.0,0.0,0.0
2025-04-02 04:00:00+00:00,12.760000228881836,12.760000228881836,12.75,12.75,31921,0.0,0.0,0.0
2025-04-02 04:05:00+00:00,12.75,12.75,12.75,12.75,64505,0.0,0.0,0.0
2025-04-02 04:10:00+00:00,12.75,12.760000228881836,12.739999771118164,12.760000228881836,32751,0.0,0.0,0.0
2025-04-02 04:15:00+00:00,12.760000228881836,12.760000228881836,12.760000228881836,12.760000228881836,79200,0.0,0.0,0.0
2025-04-02 04:20:00+00:00,12.75,12.760000228881836,12.75,12.75,37131,0.0,0.0,0.0
2025-04-02 04:25:00+00:00,12.739999771118164,12.75,12.739999771118164,12.75,70425,0.0,0.0,0.0
2025-04-02 04:30:00+00:00,12.75,12.75,12.729999542236328,12.729999542236328,120275,0.0,0.0,0.0
2025-04-02 04:35:00+00:00,12.729999542236328,12.739999771118164,12.729999542236328,12.739999771118164,17020,0.0,0.0,0.0
2025-04-02 04:40:00+00:00,12.729999542236328,12.729999542236328,12.729999542236328,12.729999542236328,176668,0.0,0.0,0.0
2025-04-02 04:45:00+00:00,12.729999542236328,12.739999771118164,12.729999542236328,12.739999771118164,14372,0.0,0.0,0.0
2025-04-02 04:50:00+00:00,12.739999771118164,12.739999771118164,12.729999542236328,12.729999542236328,43370,0.0,0.0,0.0
2025-04-02 04:55:00+00:00,12.739999771118164,12.75,12.739999771118164,12.75,12769,0.0,0.0,0.0
2025-04-02 05:00:00+00:00,12.75,12.75,12.739999771118164,12.75,20391,0.0,0.0,0.0
2025-04-02 05:05:00+00:00,12.75,12.75,12.739999771118164,12.75,51399,0.0,0.0,0.0
2025-04-02 05:10:00+00:00,12.739999771118164,12.75,12.739999771118164,12.75,256920,0.0,0.0,0.0
2025-04-02 05:15:00+00:00,12.75,12.760000228881836,12.739999771118164,12.760000228881836,155933,0.0,0.0,0.0
2025-04-02 05:20:00+00:00,12.760000228881836,12.760000228881836,12.760000228881836,12.760000228881836,57046,0.0,0.0,0.0
2025-04-07 01:00:00+00:00,11.479999542236328,11.479999542236328,11.479999542236328,11.479999542236328,0,0.0,0.0,0.0
2025-04-07 01:05:00+00:00,11.479999542236328,11.479999542236328,11.479999542236328,11.479999542236328,373000,0.0,0.0,0.0
2025-04-07 01:10:00+00:00,11.479999542236328,11.479999542236328,11.479999542236328,11.479999542236328,187717,0.0,0.0,0.0
2025-04-07 01:15:00+00:00,11.479999542236328,11.479999542236328,11.479999542236328,11.479999542236328,114079,0.0,0.0,0.0
2025-04-07 01:20:00+00:00,11.479999542236328,11.479999542236328,11.479999542236328,11.479999542236328,174482,0.0,0.0,0.0
2025-04-07 01:25:00+00:00,11.479999542236328,11.479999542236328,11.479999542236328,11.479999542236328,116554,0.0,0.0,0.0
2025-04-07 01:30:00+00:00,11.479999542236328,11.479999542236328,11.479999542236328,11.479999542236328,81283,0.0,0.0,0.0
2025-04-07 01:35:00+00:00,11.479999542236328,11.479999542236328,11.479999542236328,11.479999542236328,99387,0.0,0.0,0.0
2025-04-07 01:40:00+00:00,11.479999542236328,11.479999542236328,11.479999542236328,11.479999542236328,49175,0.0,0.0,0.0
2025-04-07 01:45:00+00:00,11.479999542236328,11.479999542236328,11.479999542236328,11.479999542236328,50467,0.0,0.0,0.0
2025-04-07 01:50:00+00:00,11.479999542236328,11.479999542236328,11.479999542236328,11.479999542236328,81700,0.0,0.0,0.0
2025-04-07 01:55:00+00:00,11.479999542236328,11.479999542236328,11.479999542236328,11.479999542236328,44969,0.0,0.0,0.0
2025-04-07 02:00:00+00:00,11.479999542236328,11.479999542236328,11.479999542236328,11.479999542236328,42369,0.0,0.0,0.0
2025-04-07 02:05:00+00:00,11.479999542236328,11.479999542236328,11.479999542236328,11.479999542236328,278903,0.0,0.0,0.0
2025-04-07 02:10:00+00:00,11.479999542236328,11.479999542236328,11.479999542236328,11.479999542236328,30832,0.0,0.0,0.0
2025-04-07 02:15:00+00:00,11.479999542236328,11.479999542236328,11.479999542236328,11.479999542236328,37612,0.0,0.0,0.0
2025-04-07 02:20:00+00:00,11.479999542236328,11.479999542236328,11.479999542236328,11.479999542236328,18322,0.0,0.0,0.0
2025-04-07 02:25:00+00:00,11.479999542236328,11.479999542236328,11.479999542236328,11.479999542236328,15560,0.0,0.0,0.0
2025-04-07 02:30:00+00:00,11.479999542236328,11.479999542236328,11.479999542236328,11.479999542236328,23435,0.0,0.0,0.0
2025-04-07 02:35:00+00:00,11.479999542236328,11.479999542236328,11.479999542236328,11.479999542236328,26564,0.0,0.0,0.0
2025-04-07 02:40:00+00:00,11.479999542236328,11.479999542236328,11.479999542236328,11.479999542236328,18231,0.0,0.0,0.0
2025-04-07 02:45:00+00:00,11.479999542236328,11.479999542236328,11.479999542236328,11.479999542236328,18767,0.0,0.0,0.0
2025-04-07 02:50:00+00:00,11.479999542236328,11.479999542236328,11.479999542236328,11.479999542236328,14867,0.0,0.0,0.0
2025-04-07 02:55:00+00:00,11.479999542236328,11.479999542236328,11.479999542236328,11.479999542236328,11376,0.0,0.0,0.0
2025-04-07 03:00:00+00:00,11.479999542236328,11.479999542236328,11.479999542236328,11.479999542236328,38662,0.0,0.0,0.0
2025-04-07 03:05:00+00:00,11.479999542236328,11.479999542236328,11.479999542236328,11.479999542236328,36498,0.0,0.0,0.0
2025-04-07 03:10:00+00:00,11.479999542236328,11.479999542236328,11.479999542236328,11.479999542236328,13837,0.0,0.0,0.0
2025-04-07 03:15:00+00:00,11.479999542236328,11.479999542236328,11.479999542236328,11.479999542236328,13913,0.0,0.0,0.0
2025-04-07 03:20:00+00:00,11.479999542236328,11.479999542236328,11.479999542236328,11.479999542236328,26519,0.0,0.0,0.0
2025-04-07 03:25:00+00:00,11.479999542236328,11.479999542236328,11.479999542236328,11.479999542236328,7010,0.0,0.0,0.0
2025-04-07 03:30:00+00:00,11.479999542236328,11.479999542236328,11.479999542236328,11.479999542236328,14935,0.0,0.0,0.0
2025-04-07 03:35:00+00:00,11.479999542236328,11.479999542236328,11.479999542236328,11.479999542236328,21103,0.0,0.0,0.0
2025-04-07 03:40:00+00:00,11.479999542236328,11.479999542236328,11.479999542236328,11.479999542236328,11228,0.0,0.0,0.0
2025-04-07 03:45:00+00:00,11.479999542236328,11.479999542236328,11.479999542236328,11.479999542236328,16284,0.0,0.0,0.0
2025-04-07 03:50:00+00:00,11.479999542236328,11.479999542236328,11.479999542236328,11.479999542236328,7429,0.0,0.0,0.0
2025-04-07 03:55:00+00:00,11.479999542236328,11.479999542236328,11.479999542236328,11.479999542236328,31809,0.0,0.0,0.0
2025-04-07 04:00:00+00:00,11.479999542236328,11.479999542236328,11.479999542236328,11.479999542236328,6977,0.0,0.0,0.0
2025-04-07 04:05:00+00:00,11.479999542236328,11.479999542236328,11.479999542236328,11.479999542236328,53677,0.0,0.0,0.0
2025-04-07 04:10:00+00:00,11.479999542236328,11.479999542236328,11.479999542236328,11.479999542236328,9957,0.0,0.0,0.0
2025-04-07 04:15:00+00:00,11.479999542236328,11.479999542236328,11.479999542236328,11.479999542236328,11745,0.0,0.0,0.0
2025-04-07 04:20:00+00:00,11.479999542236328,11.479999542236328,11.479999542236328,11.479999542236328,8245,0.0,0.0,0.0
2025-04-07 04:25:00+00:00,11.479999542236328,11.479999542236328,11.479999542236328,11.479999542236328,11920,0.0,0.0,0.0
2025-04-07 04:30:00+00:00,11.479999542236328,11.479999542236328,11.479999542236328,11.479999542236328,36573,0.0,0.0,0.0
2025-04-07 04:35:00+00:00,11.479999542236328,11.479999542236328,11.479999542236328,11.479999542236328,14364,0.0,0.0,0.0
2025-04-07 04:40:00+00:00,11.479999542236328,11.479999542236328,11.479999542236328,11.479999542236328,24017,0.0,0.0,0.0
2025-04-07 04:45:00+00:00,11.479999542236328,11.479999542236328,11.479999542236328,11.479999542236328,21065,0.0,0.0,0.0
2025-04-07 04:50:00+00:00,11.479999542236328,11.479999542236328,11.479999542236328,11.479999542236328,22556,0.0,0.0,0.0
2025-04-07 04:55:00+00:00,11.479999542236328,11.479999542236328,11.479999542236328,11.479999542236328,13022,0.0,0.0,0.0
2025-04-07 05:00:00+00:00,11.479999542236328,11.479999542236328,11.479999542236328,11.479999542236328,21041,0.0,0.0,0.0
2025-04-07 05:05:00+00:00,11.479999542236328,11.479999542236328,11.479999542236328,11.479999542236328,16435,0.0,0.0,0.0
2025-04-07 05:10:00+00:00,11.479999542236328,11.479999542236328,11.479999542236328,11.479999542236328,16750,0.0,0.0,0.0
2025-04-07 05:15:00+00:00,11.479999542236328,11.479999542236328,11.479999542236328,11.479999542236328,17676,0.0,0.0,0.0
2025-04-07 05:20:00+00:00,11.479999542236328,11.479999542236328,11.479999542236328,11.479999542236328,74689,0.0,0.0,0.0
2025-04-08 01:00:00+00:00,10.65999984741211,11.119999885559082,10.65999984741211,11.100000381469727,0,0.0,0.0,0.0
2025-04-08 01:05:00+00:00,11.079999923706055,11.100000381469727,10.899999618530273,11.0,1546000,0.0,0.0,0.0
2025-04-08 01:10:00+00:00,11.0,11.010000228881836,10.930000305175781,10.949999809265137,902734,0.0,0.0,0.0
2025-04-08 01:15:00+00:00,10.930000305175781,10.960000038146973,10.90999984741211,10.930000305175781,1629887,0.0,0.0,0.0
2025-04-08 01:20:00+00:00,10.949999809265137,11.119999885559082,10.9399995803833,11.109999656677246,457017,0.0,0.0,0.0
2025-04-08 01:25:00+00:00,11.130000114440918,11.199999809265137,11.100000381469727,11.130000114440918,340662,0.0,0.0,0.0
2025-04-08 01:30:00+00:00,11.15999984741211,11.15999984741211,11.100000381469727,11.100000381469727,198456,0.0,0.0,0.0
2025-04-08 01:35:00+00:00,11.100000381469727,11.1899995803833,11.079999923706055,11.149999618530273,966174,0.0,0.0,0.0
2025-04-08 01:40:00+00:00,11.15999984741211,11.15999984741211,11.069999694824219,11.079999923706055,952860,0.0,0.0,0.0
2025-04-08 01:45:00+00:00,11.079999923706055,11.09000015258789,11.029999732971191,11.050000190734863,178761,0.0,0.0,0.0
2025-04-08 01:50:00+00:00,11.039999961853027,11.0600004196167,11.020000457763672,11.020000457763672,340934,0.0,0.0,0.0
2025-04-08 01:55:00+00:00,11.020000457763672,11.020000457763672,11.0,11.0,197794,0.0,0.0,0.0
2025-04-08 02:00:00+00:00,11.020000457763672,11.069999694824219,11.0,11.029999732971191,388614,0.0,0.0,0.0
2025-04-08 02:05:00+00:00,11.029999732971191,11.0600004196167,11.020000457763672,11.020000457763672,379111,0.0,0.0,0.0
2025-04-08 02:10:00+00:00,11.039999961853027,11.0600004196167,11.020000457763672,11.039999961853027,143379,0.0,0.0,0.0
2025-04-08 02:15:00+00:00,11.039999961853027,11.039999961853027,11.010000228881836,11.020000457763672,154247,0.0,0.0,0.0
2025-04-08 02:20:00+00:00,11.020000457763672,11.029999732971191,10.989999771118164,10.989999771118164,695658,0.0,0.0,0.0
2025-04-08 02:25:00+00:00,10.989999771118164,10.989999771118164,10.960000038146973,10.960000038146973,175312,0.0,0.0,0.0
2025-04-08 02:30:00+00:00,10.949999809265137,10.960000038146973,10.930000305175781,10.949999809265137,187882,0.0,0.0,0.0
2025-04-08 02:35:00+00:00,10.949999809265137,10.949999809265137,10.920000076293945,10.920000076293945,189413,0.0,0.0,0.0
2025-04-08 02:40:00+00:00,10.930000305175781,10.930000305175781,10.899999618530273,10.899999618530273,232255,0.0,0.0,0.0
2025-04-08 02:45:00+00:00,10.90999984741211,10.90999984741211,10.869999885559082,10.880000114440918,148987,0.0,0.0,0.0
2025-04-08 02:50:00+00:00,10.880000114440918,10.899999618530273,10.880000114440918,10.880000114440918,148744,0.0,0.0,0.0
2025-04-08 02:55:00+00:00,10.880000114440918,10.899999618530273,10.869999885559082,10.880000114440918,152583,0.0,0.0,0.0
2025-04-08 03:00:00+00:00,10.880000114440918,10.880000114440918,10.859999656677246,10.880000114440918,93773,0.0,0.0,0.0
2025-04-08 03:05:00+00:00,10.880000114440918,10.880000114440918,10.850000381469727,10.859999656677246,165442,0.0,0.0,0.0
2025-04-08 03:10:00+00:00,10.859999656677246,10.859999656677246,10.800000190734863,10.8100004196167,178059,0.0,0.0,0.0
2025-04-08 03:15:00+00:00,10.800000190734863,10.859999656677246,10.800000190734863,10.829999923706055,223412,0.0,0.0,0.0
2025-04-08 03:20:00+00:00,10.829999923706055,10.829999923706055,10.779999732971191,10.789999961853027,1210177,0.0,0.0,0.0
2025-04-08 03:25:00+00:00,10.789999961853027,10.880000114440918,10.779999732971191,10.850000381469727,883459,0.0,0.0,0.0
2025-04-08 03:30:00+00:00,10.859999656677246,10.880000114440918,10.829999923706055,10.880000114440918,132323,0.0,0.0,0.0
2025-04-08 03:35:00+00:00,10.869999885559082,10.880000114440918,10.859999656677246,10.880000114440918,55903,0.0,0.0,0.0
2025-04-08 03:40:00+00:00,10.880000114440918,10.880000114440918,10.850000381469727,10.859999656677246,163793,0.0,0.0,0.0
2025-04-08 03:45:00+00:00,10.859999656677246,10.869999885559082,10.829999923706055,10.850000381469727,75051,0.0,0.0,0.0
2025-04-08 03:50:00+00:00,10.850000381469727,10.850000381469727,10.8100004196167,10.850000381469727,90181,0.0,0.0,0.0
2025-04-08 03:55:00+00:00,10.829999923706055,10.859999656677246,10.819999694824219,10.859999656677246,150018,0.0,0.0,0.0
2025-04-08 04:00:00+00:00,10.859999656677246,10.859999656677246,10.850000381469727,10.850000381469727,53834,0.0,0.0,0.0
2025-04-08 04:05:00+00:00,10.850000381469727,10.869999885559082,10.850000381469727,10.869999885559082,107613,0.0,0.0,0.0
2025-04-08 04:10:00+00:00,10.869999885559082,10.880000114440918,10.859999656677246,10.859999656677246,107096,0.0,0.0,0.0
2025-04-08 04:15:00+00:00,10.859999656677246,10.880000114440918,10.859999656677246,10.859999656677246,63571,0.0,0.0,0.0
2025-04-08 04:20:00+00:00,10.859999656677246,10.859999656677246,10.84000015258789,10.859999656677246,106554,0.0,0.0,0.0
2025-04-08 04:25:00+00:00,10.850000381469727,10.850000381469727,10.84000015258789,10.850000381469727,224458,0.0,0.0,0.0
2025-04-08 04:30:00+00:00,10.850000381469727,10.869999885559082,10.84000015258789,10.869999885559082,164027,0.0,0.0,0.0
2025-04-08 04:35:00+00:00,10.859999656677246,10.880000114440918,10.859999656677246,10.869999885559082,133332,0.0,0.0,0.0
2025-04-08 04:40:00+00:00,10.869999885559082,10.880000114440918,10.869999885559082,10.880000114440918,65018,0.0,0.0,0.0
2025-04-08 04:45:00+00:00,10.880000114440918,10.880000114440918,10.869999885559082,10.880000114440918,145178,0.0,0.0,0.0
2025-04-08 04:50:00+00:00,10.869999885559082,10.899999618530273,10.869999885559082,10.899999618530273,306315,0.0,0.0,0.0
2025-04-08 04:55:00+00:00,10.899999618530273,10.930000305175781,10.890000343322754,10.930000305175781,271641,0.0,0.0,0.0
2025-04-08 05:00:00+00:00,10.9399995803833,11.0,10.930000305175781,11.0,225883,0.0,0.0,0.0
2025-04-08 05:05:00+00:00,10.989999771118164,10.989999771118164,10.960000038146973,10.970000267028809,126106,0.0,0.0,0.0
2025-04-08 05:10:00+00:00,10.960000038146973,10.970000267028809,10.930000305175781,10.930000305175781,121132,0.0,0.0,0.0
2025-04-08 05:15:00+00:00,10.9399995803833,10.9399995803833,10.930000305175781,10.9399995803833,110755,0.0,0.0,0.0
2025-04-08 05:20:00+00:00,10.930000305175781,10.949999809265137,10.920000076293945,10.949999809265137,226288,0.0,0.0,0.0
2025-04-09 01:00:00+00:00,10.899999618530273,10.90999984741211,10.819999694824219,10.819999694824219,0,0.0,0.0,0.0
2025-04-09 01:05:00+00:00,10.819999694824219,10.819999694824219,10.770000457763672,10.779999732971191,548342,0.0,0.0,0.0
2025-04-09 01:10:00+00:00,10.800000190734863,10.930000305175781,10.800000190734863,10.920000076293945,320441,0.0,0.0,0.0
2025-04-09 01:15:00+00:00,10.920000076293945,10.920000076293945,10.84000015258789,10.84000015258789,178764,0.0,0.0,0.0
2025-04-09 01:20:00+00:00,10.829999923706055,10.84000015258789,10.789999961853027,10.800000190734863,141250,0.0,0.0,0.0
2025-04-09 01:25:00+00:00,10.800000190734863,10.800000190734863,10.760000228881836,10.760000228881836,233761,0.0,0.0,0.0
2025-04-09 01:30:00+00:00,10.760000228881836,10.760000228881836,10.720000267028809,10.720000267028809,266263,0.0,0.0,0.0
2025-04-09 01:35:00+00:00,10.720000267028809,10.789999961853027,10.720000267028809,10.770000457763672,148859,0.0,0.0,0.0
2025-04-09 01:40:00+00:00,10.789999961853027,10.800000190734863,10.770000457763672,10.800000190734863,88028,0.0,0.0,0.0
2025-04-09 01:45:00+00:00,10.800000190734863,10.8100004196167,10.770000457763672,10.8100004196167,199238,0.0,0.0,0.0
2025-04-09 01:50:00+00:00,10.819999694824219,10.84000015258789,10.75,10.75,313328,0.0,0.0,0.0
2025-04-09 01:55:00+00:00,10.739999771118164,10.760000228881836,10.729999542236328,10.75,570172,0.0,0.0,0.0
2025-04-09 02:00:00+00:00,10.789999961853027,10.800000190734863,10.760000228881836,10.760000228881836,56172,0.0,0.0,0.0
2025-04-09 02:05:00+00:00,10.760000228881836,10.770000457763672,10.739999771118164,10.739999771118164,97119,0.0,0.0,0.0
2025-04-09 02:10:00+00:00,10.75,10.760000228881836,10.75,10.75,507231,0.0,0.0,0.0
2025-04-09 02:15:00+00:00,10.770000457763672,10.800000190734863,10.770000457763672,10.800000190734863,23278,0.0,0.0,0.0
2025-04-09 02:20:00+00:00,10.800000190734863,10.800000190734863,10.770000457763672,10.770000457763672,49003,0.0,0.0,0.0
2025-04-09 02:25:00+00:00,10.770000457763672,10.770000457763672,10.760000228881836,10.770000457763672,82622,0.0,0.0,0.0
2025-04-09 02:30:00+00:00,10.760000228881836,10.770000457763672,10.75,10.75,32704,0.0,0.0,0.0
2025-04-09 02:35:00+00:00,10.760000228881836,10.760000228881836,10.75,10.75,97044,0.0,0.0,0.0
2025-04-09 02:40:00+00:00,10.760000228881836,10.760000228881836,10.710000038146973,10.710000038146973,233282,0.0,0.0,0.0
2025-04-09 02:45:00+00:00,10.710000038146973,10.710000038146973,10.670000076293945,10.680000305175781,444668,0.0,0.0,0.0
2025-04-09 02:50:00+00:00,10.680000305175781,10.6899995803833,10.65999984741211,10.670000076293945,196243,0.0,0.0,0.0
2025-04-09 02:55:00+00:00,10.65999984741211,10.6899995803833,10.619999885559082,10.630000114440918,230122,0.0,0.0,0.0
2025-04-09 03:00:00+00:00,10.630000114440918,10.630000114440918,10.5600004196167,10.5600004196167,201527,0.0,0.0,0.0
2025-04-09 03:05:00+00:00,10.550000190734863,10.600000381469727,10.529999732971191,10.59000015258789,285550,0.0,0.0,0.0
2025-04-09 03:10:00+00:00,10.569999694824219,10.59000015258789,10.510000228881836,10.529999732971191,135680,0.0,0.0,0.0
2025-04-09 03:15:00+00:00,10.529999732971191,10.529999732971191,10.489999771118164,10.5,355519,0.0,0.0,0.0
2025-04-09 03:20:00+00:00,10.479999542236328,10.5,10.460000038146973,10.479999542236328,319793,0.0,0.0,0.0
2025-04-09 03:25:00+00:00,10.470000267028809,10.5,10.430000305175781,10.470000267028809,260836,0.0,0.0,0.0
2025-04-09 03:30:00+00:00,10.470000267028809,10.520000457763672,10.470000267028809,10.510000228881836,149194,0.0,0.0,0.0
2025-04-09 03:35:00+00:00,10.510000228881836,10.520000457763672,10.460000038146973,10.489999771118164,77313,0.0,0.0,0.0
2025-04-09 03:40:00+00:00,10.470000267028809,10.479999542236328,10.430000305175781,10.430000305175781,112394,0.0,0.0,0.0
2025-04-09 03:45:00+00:00,10.4399995803833,10.4399995803833,10.40999984741211,10.420000076293945,109850,0.0,0.0,0.0
2025-04-09 03:50:00+00:00,10.420000076293945,10.420000076293945,10.399999618530273,10.420000076293945,202107,0.0,0.0,0.0
2025-04-09 03:55:00+00:00,10.40999984741211,10.420000076293945,10.390000343322754,10.399999618530273,325178,0.0,0.0,0.0
2025-04-09 04:00:00+00:00,10.40999984741211,10.470000267028809,10.40999984741211,10.420000076293945,206157,0.0,0.0,0.0
2025-04-09 04:05:00+00:00,10.420000076293945,10.449999809265137,10.329999923706055,10.329999923706055,474890,0.0,0.0,0.0
2025-04-09 04:10:00+00:00,10.34000015258789,10.350000381469727,10.319999694824219,10.319999694824219,110051,0.0,0.0,0.0
2025-04-09 04:15:00+00:00,10.3100004196167,10.319999694824219,10.270000457763672,10.279999732971191,810421,0.0,0.0,0.0
2025-04-09 04:20:00+00:00,10.279999732971191,10.3100004196167,10.279999732971191,10.279999732971191,205147,0.0,0.0,0.0
2025-04-09 04:25:00+00:00,10.289999961853027,10.289999961853027,10.25,10.270000457763672,170031,0.0,0.0,0.0
2025-04-09 04:30:00+00:00,10.270000457763672,10.270000457763672,10.25,10.25,306067,0.0,0.0,0.0
2025-04-09 04:35:00+00:00,10.25,10.25,10.229999542236328,10.229999542236328,294330,0.0,0.0,0.0
2025-04-09 04:40:00+00:00,10.229999542236328,10.270000457763672,10.210000038146973,10.270000457763672,549218,0.0,0.0,0.0
2025-04-09 04:45:00+00:00,10.289999961853027,10.399999618530273,10.260000228881836,10.399999618530273,170129,0.0,0.0,0.0
2025-04-09 05:05:00+00:00,10.239999771118164,10.25,10.220000267028809,10.239999771118164,762367,0.0,0.0,0.0
2025-04-09 05:10:00+00:00,10.239999771118164,10.270000457763672,10.239999771118164,10.260000228881836,213833,0.0,0.0,0.0
2025-04-09 05:15:00+00:00,10.279999732971191,10.289999961853027,10.260000228881836,10.270000457763672,163675,0.0,0.0,0.0
2025-04-09 05:20:00+00:00,10.279999732971191,10.289999961853027,10.270000457763672,10.270000457763672,533492,0.0,0.0,0.0
2025-04-10 01:00:00+00:00,11.25,11.25,11.25,11.25,0,0.0,0.0,0.0
2025-04-10 01:05:00+00:00,11.25,11.25,11.25,11.25,129900,0.0,0.0,0.0
2025-04-10 01:10:00+00:00,11.25,11.25,11.25,11.25,118461,0.0,0.0,0.0
2025-04-10 01:15:00+00:00,11.25,11.25,11.25,11.25,16722,0.0,0.0,0.0
2025-04-10 01:20:00+00:00,11.25,11.25,11.25,11.25,99315,0.0,0.0,0.0
2025-04-10 01:25:00+00:00,11.25,11.25,11.25,11.25,61800,0.0,0.0,0.0
2025-04-10 01:30:00+00:00,11.25,11.25,11.25,11.25,18753,0.0,0.0,0.0
2025-04-10 01:35:00+00:00,11.25,11.25,11.25,11.25,17700,0.0,0.0,0.0
2025-04-10 01:40:00+00:00,11.25,11.25,11.25,11.25,15700,0.0,0.0,0.0
2025-04-10 01:45:00+00:00,11.25,11.25,11.25,11.25,8423,0.0,0.0,0.0
2025-04-10 01:50:00+00:00,11.25,11.25,11.25,11.25,22071,0.0,0.0,0.0
2025-04-10 01:55:00+00:00,11.25,11.25,11.25,11.25,17020,0.0,0.0,0.0
2025-04-10 02:00:00+00:00,11.25,11.25,11.25,11.25,27000,0.0,0.0,0.0
2025-04-10 02:05:00+00:00,11.25,11.25,11.25,11.25,4201,0.0,0.0,0.0
2025-04-10 02:10:00+00:00,11.25,11.25,11.25,11.25,5000,0.0,0.0,0.0
2025-04-10 02:15:00+00:00,11.25,11.25,11.25,11.25,37028,0.0,0.0,0.0
2025-04-10 02:20:00+00:00,11.25,11.25,11.25,11.25,21001,0.0,0.0,0.0
2025-04-10 02:30:00+00:00,11.25,11.25,11.25,11.25,9900,0.0,0.0,0.0
2025-04-10 02:35:00+00:00,11.25,11.25,11.25,11.25,5000,0.0,0.0,0.0
2025-04-10 02:40:00+00:00,11.25,11.25,11.25,11.25,1001,0.0,0.0,0.0
2025-04-10 02:45:00+00:00,11.25,11.25,11.25,11.25,3000,0.0,0.0,0.0
2025-04-10 02:55:00+00:00,11.25,11.25,11.25,11.25,5054,0.0,0.0,0.0
2025-04-10 03:00:00+00:00,11.25,11.25,11.25,11.25,2755,0.0,0.0,0.0
2025-04-10 03:10:00+00:00,11.25,11.25,11.25,11.25,9044,0.0,0.0,0.0
2025-04-10 03:15:00+00:00,11.25,11.25,11.25,11.25,1054,0.0,0.0,0.0
2025-04-10 03:20:00+00:00,11.25,11.25,11.25,11.25,29892,0.0,0.0,0.0
2025-04-10 03:25:00+00:00,11.25,11.25,11.25,11.25,10000,0.0,0.0,0.0
2025-04-10 03:30:00+00:00,11.25,11.25,11.25,11.25,5033,0.0,0.0,0.0
2025-04-10 03:35:00+00:00,11.25,11.25,11.25,11.25,4000,0.0,0.0,0.0
2025-04-10 03:40:00+00:00,11.25,11.25,11.25,11.25,1000,0.0,0.0,0.0
2025-04-10 03:45:00+00:00,11.25,11.25,11.25,11.25,8000,0.0,0.0,0.0
2025-04-10 03:50:00+00:00,11.25,11.25,11.25,11.25,86002,0.0,0.0,0.0
2025-04-10 03:55:00+00:00,11.25,11.25,11.25,11.25,5000,0.0,0.0,0.0
2025-04-10 04:05:00+00:00,11.25,11.25,11.25,11.25,2001,0.0,0.0,0.0
2025-04-10 04:10:00+00:00,11.25,11.25,11.25,11.25,5500,0.0,0.0,0.0
2025-04-10 04:15:00+00:00,11.25,11.25,11.25,11.25,5088,0.0,0.0,0.0
2025-04-10 04:20:00+00:00,11.25,11.25,11.25,11.25,2000,0.0,0.0,0.0
2025-04-10 04:25:00+00:00,11.25,11.25,11.25,11.25,1002,0.0,0.0,0.0
2025-04-10 04:30:00+00:00,11.25,11.25,11.25,11.25,10000,0.0,0.0,0.0
2025-04-10 04:35:00+00:00,11.25,11.25,11.25,11.25,7000,0.0,0.0,0.0
2025-04-10 04:40:00+00:00,11.25,11.25,11.25,11.25,1130,0.0,0.0,0.0
2025-04-10 04:45:00+00:00,11.25,11.25,11.25,11.25,28100,0.0,0.0,0.0
2025-04-10 04:50:00+00:00,11.25,11.25,11.25,11.25,10300,0.0,0.0,0.0
2025-04-10 04:55:00+00:00,11.25,11.25,11.25,11.25,2948,0.0,0.0,0.0
2025-04-10 05:00:00+00:00,11.25,11.25,11.25,11.25,3100,0.0,0.0,0.0
2025-04-10 05:10:00+00:00,11.25,11.25,11.25,11.25,13200,0.0,0.0,0.0
2025-04-10 05:15:00+00:00,11.25,11.25,11.25,11.25,2069,0.0,0.0,0.0
2025-04-11 01:00:00+00:00,10.979999542236328,10.979999542236328,10.899999618530273,10.930000305175781,0,0.0,0.0,0.0
2025-04-11 01:05:00+00:00,10.949999809265137,11.079999923706055,10.930000305175781,11.069999694824219,308000,0.0,0.0,0.0
2025-04-11 01:10:00+00:00,11.0600004196167,11.140000343322754,11.0600004196167,11.140000343322754,226527,0.0,0.0,0.0
2025-04-11 01:15:00+00:00,11.140000343322754,11.239999771118164,11.119999885559082,11.239999771118164,174731,0.0,0.0,0.0
2025-04-11 01:20:00+00:00,11.229999542236328,11.25,11.199999809265137,11.210000038146973,168310,0.0,0.0,0.0
2025-04-11 01:25:00+00:00,11.220000267028809,11.300000190734863,11.220000267028809,11.270000457763672,102160,0.0,0.0,0.0
2025-04-11 01:30:00+00:00,11.260000228881836,11.270000457763672,11.1899995803833,11.1899995803833,83905,0.0,0.0,0.0
2025-04-11 01:35:00+00:00,11.199999809265137,11.300000190734863,11.199999809265137,11.289999961853027,120389,0.0,0.0,0.0
2025-04-11 01:40:00+00:00,11.300000190734863,11.350000381469727,11.300000190734863,11.34000015258789,79979,0.0,0.0,0.0
2025-04-11 01:45:00+00:00,11.34000015258789,11.350000381469727,11.289999961853027,11.289999961853027,105122,0.0,0.0,0.0
2025-04-11 01:50:00+00:00,11.300000190734863,11.319999694824219,11.270000457763672,11.319999694824219,103447,0.0,0.0,0.0
2025-04-11 01:55:00+00:00,11.319999694824219,11.380000114440918,11.319999694824219,11.380000114440918,272157,0.0,0.0,0.0
2025-04-11 02:00:00+00:00,11.380000114440918,11.380000114440918,11.350000381469727,11.350000381469727,25013,0.0,0.0,0.0
2025-04-11 02:05:00+00:00,11.329999923706055,11.329999923706055,11.3100004196167,11.319999694824219,132166,0.0,0.0,0.0
2025-04-11 02:10:00+00:00,11.329999923706055,11.359999656677246,11.329999923706055,11.359999656677246,111780,0.0,0.0,0.0
2025-04-11 02:15:00+00:00,11.359999656677246,11.420000076293945,11.350000381469727,11.420000076293945,156904,0.0,0.0,0.0
2025-04-11 02:20:00+00:00,11.4399995803833,11.460000038146973,11.4399995803833,11.4399995803833,27718,0.0,0.0,0.0
2025-04-11 02:25:00+00:00,11.4399995803833,11.5,11.4399995803833,11.479999542236328,83520,0.0,0.0,0.0
2025-04-11 02:30:00+00:00,11.479999542236328,11.479999542236328,11.470000267028809,11.470000267028809,44218,0.0,0.0,0.0
2025-04-11 02:35:00+00:00,11.470000267028809,11.5,11.460000038146973,11.5,70290,0.0,0.0,0.0
2025-04-11 02:40:00+00:00,11.5,11.5,11.4399995803833,11.449999809265137,49818,0.0,0.0,0.0
2025-04-11 02:45:00+00:00,11.479999542236328,11.510000228881836,11.460000038146973,11.489999771118164,45215,0.0,0.0,0.0
2025-04-11 02:50:00+00:00,11.489999771118164,11.489999771118164,11.470000267028809,11.479999542236328,41397,0.0,0.0,0.0
2025-04-11 02:55:00+00:00,11.470000267028809,11.479999542236328,11.420000076293945,11.420000076293945,94768,0.0,0.0,0.0
2025-04-11 03:00:00+00:00,11.4399995803833,11.4399995803833,11.420000076293945,11.4399995803833,41556,0.0,0.0,0.0
2025-04-11 03:05:00+00:00,11.430000305175781,11.460000038146973,11.430000305175781,11.449999809265137,47268,0.0,0.0,0.0
2025-04-11 03:10:00+00:00,11.449999809265137,11.5,11.449999809265137,11.5,73265,0.0,0.0,0.0
2025-04-11 03:15:00+00:00,11.5,11.5,11.489999771118164,11.489999771118164,18218,0.0,0.0,0.0
2025-04-11 03:20:00+00:00,11.489999771118164,11.510000228881836,11.489999771118164,11.510000228881836,200120,0.0,0.0,0.0
2025-04-11 03:25:00+00:00,11.510000228881836,11.529999732971191,11.5,11.529999732971191,40615,0.0,0.0,0.0
2025-04-11 03:30:00+00:00,11.529999732971191,11.529999732971191,11.510000228881836,11.510000228881836,25156,0.0,0.0,0.0
2025-04-11 03:35:00+00:00,11.520000457763672,11.520000457763672,11.5,11.510000228881836,51367,0.0,0.0,0.0
2025-04-11 03:40:00+00:00,11.510000228881836,11.510000228881836,11.489999771118164,11.5,42238,0.0,0.0,0.0
2025-04-11 03:45:00+00:00,11.5,11.5,11.489999771118164,11.5,26766,0.0,0.0,0.0
2025-04-11 03:50:00+00:00,11.5,11.520000457763672,11.5,11.520000457763672,42810,0.0,0.0,0.0
2025-04-11 03:55:00+00:00,11.520000457763672,11.539999961853027,11.520000457763672,11.529999732971191,53355,0.0,0.0,0.0
2025-04-11 04:00:00+00:00,11.529999732971191,11.539999961853027,11.510000228881836,11.510000228881836,23433,0.0,0.0,0.0
2025-04-11 04:05:00+00:00,11.510000228881836,11.529999732971191,11.510000228881836,11.529999732971191,43845,0.0,0.0,0.0
2025-04-11 04:10:00+00:00,11.529999732971191,11.529999732971191,11.510000228881836,11.510000228881836,11733,0.0,0.0,0.0
2025-04-11 04:15:00+00:00,11.520000457763672,11.520000457763672,11.5,11.520000457763672,18603,0.0,0.0,0.0
2025-04-11 04:20:00+00:00,11.520000457763672,11.520000457763672,11.5,11.5,42945,0.0,0.0,0.0
2025-04-11 04:25:00+00:00,11.510000228881836,11.520000457763672,11.510000228881836,11.520000457763672,28566,0.0,0.0,0.0
2025-04-11 04:30:00+00:00,11.520000457763672,11.539999961853027,11.510000228881836,11.539999961853027,51626,0.0,0.0,0.0
2025-04-11 04:35:00+00:00,11.539999961853027,11.5600004196167,11.539999961853027,11.5600004196167,87753,0.0,0.0,0.0
2025-04-11 04:40:00+00:00,11.5600004196167,11.59000015258789,11.550000190734863,11.579999923706055,30303,0.0,0.0,0.0
2025-04-11 04:45:00+00:00,11.579999923706055,11.579999923706055,11.569999694824219,11.569999694824219,48903,0.0,0.0,0.0
2025-04-11 04:50:00+00:00,11.569999694824219,11.579999923706055,11.5600004196167,11.5600004196167,32868,0.0,0.0,0.0
2025-04-11 04:55:00+00:00,11.569999694824219,11.579999923706055,11.5600004196167,11.579999923706055,66216,0.0,0.0,0.0
2025-04-11 05:00:00+00:00,11.579999923706055,11.59000015258789,11.579999923706055,11.59000015258789,18062,0.0,0.0,0.0
2025-04-11 05:05:00+00:00,11.59000015258789,11.600000381469727,11.59000015258789,11.600000381469727,82784,0.0,0.0,0.0
2025-04-11 05:10:00+00:00,11.600000381469727,11.619999885559082,11.600000381469727,11.609999656677246,32216,0.0,0.0,0.0
2025-04-11 05:15:00+00:00,11.640000343322754,11.640000343322754,11.619999885559082,11.640000343322754,80504,0.0,0.0,0.0
2025-04-11 05:20:00+00:00,11.640000343322754,11.65999984741211,11.640000343322754,11.65999984741211,74108,0.0,0.0,0.0
2025-04-14 01:00:00+00:00,11.819999694824219,11.979999542236328,11.819999694824219,11.930000305175781,0,0.0,0.0,0.0
2025-04-14 01:05:00+00:00,11.930000305175781,11.979999542236328,11.930000305175781,11.979999542236328,321577,0.0,0.0,0.0
2025-04-14 01:10:00+00:00,11.979999542236328,11.979999542236328,11.960000038146973,11.960000038146973,190814,0.0,0.0,0.0
2025-04-14 01:15:00+00:00,11.960000038146973,11.960000038146973,11.850000381469727,11.850000381469727,446547,0.0,0.0,0.0
2025-04-14 01:20:00+00:00,11.84000015258789,11.899999618530273,11.819999694824219,11.819999694824219,170791,0.0,0.0,0.0
2025-04-14 01:25:00+00:00,11.8100004196167,11.850000381469727,11.789999961853027,11.850000381469727,239259,0.0,0.0,0.0
2025-04-14 01:30:00+00:00,11.850000381469727,11.880000114440918,11.819999694824219,11.829999923706055,109087,0.0,0.0,0.0
2025-04-14 01:35:00+00:00,11.829999923706055,11.829999923706055,11.760000228881836,11.770000457763672,166227,0.0,0.0,0.0
2025-04-14 01:40:00+00:00,11.779999732971191,11.819999694824219,11.770000457763672,11.800000190734863,206028,0.0,0.0,0.0
2025-04-14 01:45:00+00:00,11.800000190734863,11.800000190734863,11.779999732971191,11.779999732971191,129478,0.0,0.0,0.0
2025-04-14 01:50:00+00:00,11.770000457763672,11.8100004196167,11.760000228881836,11.779999732971191,164242,0.0,0.0,0.0
2025-04-14 01:55:00+00:00,11.779999732971191,11.8100004196167,11.779999732971191,11.789999961853027,49375,0.0,0.0,0.0
2025-04-14 02:00:00+00:00,11.8100004196167,11.819999694824219,11.789999961853027,11.819999694824219,76824,0.0,0.0,0.0
2025-04-14 02:05:00+00:00,11.819999694824219,11.819999694824219,11.789999961853027,11.800000190734863,254390,0.0,0.0,0.0
2025-04-14 02:10:00+00:00,11.789999961853027,11.8100004196167,11.770000457763672,11.779999732971191,58924,0.0,0.0,0.0
2025-04-14 02:15:00+00:00,11.779999732971191,11.789999961853027,11.760000228881836,11.779999732971191,50006,0.0,0.0,0.0
2025-04-14 02:20:00+00:00,11.779999732971191,11.789999961853027,11.770000457763672,11.770000457763672,34686,0.0,0.0,0.0
2025-04-14 02:25:00+00:00,11.789999961853027,11.819999694824219,11.789999961853027,11.800000190734863,228776,0.0,0.0,0.0
2025-04-14 02:30:00+00:00,11.8100004196167,11.850000381469727,11.800000190734863,11.850000381469727,205004,0.0,0.0,0.0
2025-04-14 02:35:00+00:00,11.850000381469727,11.869999885559082,11.84000015258789,11.869999885559082,31516,0.0,0.0,0.0
2025-04-14 02:40:00+00:00,11.859999656677246,11.880000114440918,11.850000381469727,11.850000381469727,87527,0.0,0.0,0.0
2025-04-14 02:45:00+00:00,11.859999656677246,11.880000114440918,11.850000381469727,11.869999885559082,97329,0.0,0.0,0.0
2025-04-14 02:50:00+00:00,11.869999885559082,11.880000114440918,11.859999656677246,11.880000114440918,23309,0.0,0.0,0.0
2025-04-14 02:55:00+00:00,11.859999656677246,11.880000114440918,11.859999656677246,11.859999656677246,27542,0.0,0.0,0.0
2025-04-14 03:00:00+00:00,11.880000114440918,11.880000114440918,11.819999694824219,11.84000015258789,70016,0.0,0.0,0.0
2025-04-14 03:05:00+00:00,11.829999923706055,11.84000015258789,11.819999694824219,11.829999923706055,13028,0.0,0.0,0.0
2025-04-14 03:10:00+00:00,11.819999694824219,11.84000015258789,11.819999694824219,11.829999923706055,92030,0.0,0.0,0.0
2025-04-14 03:15:00+00:00,11.829999923706055,11.84000015258789,11.819999694824219,11.819999694824219,287577,0.0,0.0,0.0
2025-04-14 03:20:00+00:00,11.829999923706055,11.829999923706055,11.819999694824219,11.829999923706055,6944,0.0,0.0,0.0
2025-04-14 03:25:00+00:00,11.819999694824219,11.84000015258789,11.819999694824219,11.84000015258789,107493,0.0,0.0,0.0
2025-04-14 03:30:00+00:00,11.829999923706055,11.829999923706055,11.8100004196167,11.819999694824219,146578,0.0,0.0,0.0
2025-04-14 03:35:00+00:00,11.819999694824219,11.829999923706055,11.789999961853027,11.829999923706055,411221,0.0,0.0,0.0
2025-04-14 03:40:00+00:00,11.829999923706055,11.829999923706055,11.800000190734863,11.800000190734863,75575,0.0,0.0,0.0
2025-04-14 03:45:00+00:00,11.800000190734863,11.819999694824219,11.800000190734863,11.800000190734863,9098,0.0,0.0,0.0
2025-04-14 03:50:00+00:00,11.819999694824219,11.819999694824219,11.789999961853027,11.789999961853027,16631,0.0,0.0,0.0
2025-04-14 03:55:00+00:00,11.789999961853027,11.8100004196167,11.779999732971191,11.8100004196167,9092,0.0,0.0,0.0
2025-04-14 04:00:00+00:00,11.8100004196167,11.8100004196167,11.779999732971191,11.779999732971191,31219,0.0,0.0,0.0
2025-04-14 04:05:00+00:00,11.779999732971191,11.779999732971191,11.75,11.75,172859,0.0,0.0,0.0
2025-04-14 04:10:00+00:00,11.739999771118164,11.760000228881836,11.729999542236328,11.739999771118164,22701,0.0,0.0,0.0
2025-04-14 04:15:00+00:00,11.739999771118164,11.779999732971191,11.729999542236328,11.75,212267,0.0,0.0,0.0
2025-04-14 04:20:00+00:00,11.75,11.779999732971191,11.739999771118164,11.770000457763672,52120,0.0,0.0,0.0
2025-04-14 04:25:00+00:00,11.729999542236328,11.75,11.729999542236328,11.729999542236328,33025,0.0,0.0,0.0
2025-04-14 04:30:00+00:00,11.729999542236328,11.75,11.720000267028809,11.720000267028809,46283,0.0,0.0,0.0
2025-04-14 04:35:00+00:00,11.720000267028809,11.720000267028809,11.699999809265137,11.710000038146973,76423,0.0,0.0,0.0
2025-04-14 04:40:00+00:00,11.699999809265137,11.699999809265137,11.699999809265137,11.699999809265137,23380,0.0,0.0,0.0
2025-04-14 04:45:00+00:00,11.699999809265137,11.710000038146973,11.6899995803833,11.699999809265137,94721,0.0,0.0,0.0
2025-04-14 04:50:00+00:00,11.710000038146973,11.720000267028809,11.710000038146973,11.720000267028809,12240,0.0,0.0,0.0
2025-04-14 04:55:00+00:00,11.720000267028809,11.729999542236328,11.710000038146973,11.710000038146973,25391,0.0,0.0,0.0
2025-04-14 05:00:00+00:00,11.720000267028809,11.720000267028809,11.699999809265137,11.710000038146973,42603,0.0,0.0,0.0
2025-04-14 05:05:00+00:00,11.710000038146973,11.720000267028809,11.699999809265137,11.699999809265137,29132,0.0,0.0,0.0
2025-04-14 05:10:00+00:00,11.6899995803833,11.699999809265137,11.6899995803833,11.699999809265137,30456,0.0,0.0,0.0
2025-04-14 05:15:00+00:00,11.699999809265137,11.720000267028809,11.699999809265137,11.699999809265137,56660,0.0,0.0,0.0
2025-04-14 05:20:00+00:00,11.699999809265137,11.699999809265137,11.699999809265137,11.699999809265137,103394,0.0,0.0,0.0
2025-04-15 01:00:00+00:00,11.789999961853027,11.789999961853027,11.760000228881836,11.760000228881836,0,0.0,0.0,0.0
2025-04-15 01:05:00+00:00,11.760000228881836,11.760000228881836,11.710000038146973,11.729999542236328,136806,0.0,0.0,0.0
2025-04-15 01:10:00+00:00,11.720000267028809,11.779999732971191,11.720000267028809,11.779999732971191,184149,0.0,0.0,0.0
2025-04-15 01:15:00+00:00,11.779999732971191,11.800000190734863,11.770000457763672,11.770000457763672,95628,0.0,0.0,0.0
2025-04-15 01:20:00+00:00,11.760000228881836,11.760000228881836,11.760000228881836,11.760000228881836,12263,0.0,0.0,0.0
2025-04-15 01:25:00+00:00,11.760000228881836,11.770000457763672,11.760000228881836,11.770000457763672,120246,0.0,0.0,0.0
2025-04-15 01:30:00+00:00,11.770000457763672,11.779999732971191,11.760000228881836,11.770000457763672,129372,0.0,0.0,0.0
2025-04-15 01:35:00+00:00,11.779999732971191,11.779999732971191,11.779999732971191,11.779999732971191,42605,0.0,0.0,0.0
2025-04-15 01:40:00+00:00,11.789999961853027,11.789999961853027,11.779999732971191,11.789999961853027,16299,0.0,0.0,0.0
2025-04-15 01:45:00+00:00,11.789999961853027,11.789999961853027,11.779999732971191,11.779999732971191,31524,0.0,0.0,0.0
2025-04-15 01:50:00+00:00,11.789999961853027,11.789999961853027,11.779999732971191,11.779999732971191,14100,0.0,0.0,0.0
2025-04-15 01:55:00+00:00,11.779999732971191,11.800000190734863,11.779999732971191,11.800000190734863,120510,0.0,0.0,0.0
2025-04-15 02:00:00+00:00,11.8100004196167,11.8100004196167,11.800000190734863,11.800000190734863,100813,0.0,0.0,0.0
2025-04-15 02:05:00+00:00,11.8100004196167,11.84000015258789,11.8100004196167,11.84000015258789,151020,0.0,0.0,0.0
2025-04-15 02:10:00+00:00,11.829999923706055,11.84000015258789,11.829999923706055,11.84000015258789,14530,0.0,0.0,0.0
2025-04-15 02:15:00+00:00,11.84000015258789,11.859999656677246,11.84000015258789,11.859999656677246,69010,0.0,0.0,0.0
2025-04-15 02:20:00+00:00,11.859999656677246,11.859999656677246,11.829999923706055,11.829999923706055,70874,0.0,0.0,0.0
2025-04-15 02:25:00+00:00,11.829999923706055,11.829999923706055,11.819999694824219,11.829999923706055,19202,0.0,0.0,0.0
2025-04-15 02:30:00+00:00,11.84000015258789,11.84000015258789,11.84000015258789,11.84000015258789,3116,0.0,0.0,0.0
2025-04-15 02:35:00+00:00,11.84000015258789,11.850000381469727,11.829999923706055,11.850000381469727,65749,0.0,0.0,0.0
2025-04-15 02:40:00+00:00,11.859999656677246,11.859999656677246,11.850000381469727,11.859999656677246,17209,0.0,0.0,0.0
2025-04-15 02:45:00+00:00,11.869999885559082,11.880000114440918,11.859999656677246,11.880000114440918,30185,0.0,0.0,0.0
2025-04-15 02:50:00+00:00,11.890000343322754,11.890000343322754,11.890000343322754,11.890000343322754,31480,0.0,0.0,0.0
2025-04-15 02:55:00+00:00,11.890000343322754,11.890000343322754,11.890000343322754,11.890000343322754,6250,0.0,0.0,0.0
2025-04-15 03:00:00+00:00,11.880000114440918,11.890000343322754,11.869999885559082,11.869999885559082,63854,0.0,0.0,0.0
2025-04-15 03:05:00+00:00,11.869999885559082,11.869999885559082,11.859999656677246,11.869999885559082,23722,0.0,0.0,0.0
2025-04-15 03:10:00+00:00,11.869999885559082,11.869999885559082,11.869999885559082,11.869999885559082,1242,0.0,0.0,0.0
2025-04-15 03:15:00+00:00,11.869999885559082,11.869999885559082,11.859999656677246,11.869999885559082,9528,0.0,0.0,0.0
2025-04-15 03:20:00+00:00,11.869999885559082,11.880000114440918,11.869999885559082,11.880000114440918,33252,0.0,0.0,0.0
2025-04-15 03:25:00+00:00,11.869999885559082,11.890000343322754,11.859999656677246,11.890000343322754,105099,0.0,0.0,0.0
2025-04-15 03:30:00+00:00,11.890000343322754,11.890000343322754,11.890000343322754,11.890000343322754,20651,0.0,0.0,0.0
2025-04-15 03:35:00+00:00,11.899999618530273,11.899999618530273,11.899999618530273,11.899999618530273,6077,0.0,0.0,0.0
2025-04-15 03:40:00+00:00,11.890000343322754,11.890000343322754,11.880000114440918,11.890000343322754,18445,0.0,0.0,0.0
2025-04-15 03:45:00+00:00,11.899999618530273,11.899999618530273,11.890000343322754,11.899999618530273,17100,0.0,0.0,0.0
2025-04-15 03:50:00+00:00,11.899999618530273,11.899999618530273,11.899999618530273,11.899999618530273,29475,0.0,0.0,0.0
2025-04-15 03:55:00+00:00,11.899999618530273,11.899999618530273,11.890000343322754,11.890000343322754,64137,0.0,0.0,0.0
2025-04-15 04:00:00+00:00,11.890000343322754,11.899999618530273,11.890000343322754,11.890000343322754,16147,0.0,0.0,0.0
2025-04-15 04:05:00+00:00,11.890000343322754,11.899999618530273,11.880000114440918,11.880000114440918,32187,0.0,0.0,0.0
2025-04-15 04:10:00+00:00,11.880000114440918,11.880000114440918,11.880000114440918,11.880000114440918,9285,0.0,0.0,0.0
2025-04-15 04:15:00+00:00,11.880000114440918,11.880000114440918,11.880000114440918,11.880000114440918,20372,0.0,0.0,0.0
2025-04-15 04:20:00+00:00,11.880000114440918,11.880000114440918,11.869999885559082,11.880000114440918,41310,0.0,0.0,0.0
2025-04-15 04:25:00+00:00,11.880000114440918,11.880000114440918,11.880000114440918,11.880000114440918,4695,0.0,0.0,0.0
2025-04-15 04:30:00+00:00,11.890000343322754,11.899999618530273,11.890000343322754,11.899999618530273,6546,0.0,0.0,0.0
2025-04-15 04:35:00+00:00,11.890000343322754,11.899999618530273,11.880000114440918,11.880000114440918,13509,0.0,0.0,0.0
2025-04-15 04:40:00+00:00,11.880000114440918,11.899999618530273,11.880000114440918,11.899999618530273,18326,0.0,0.0,0.0
2025-04-15 04:45:00+00:00,11.899999618530273,11.899999618530273,11.890000343322754,11.890000343322754,16394,0.0,0.0,0.0
2025-04-15 04:50:00+00:00,11.880000114440918,11.890000343322754,11.880000114440918,11.890000343322754,6460,0.0,0.0,0.0
2025-04-15 04:55:00+00:00,11.890000343322754,11.890000343322754,11.880000114440918,11.880000114440918,20295,0.0,0.0,0.0
2025-04-15 05:00:00+00:00,11.880000114440918,11.890000343322754,11.880000114440918,11.880000114440918,17420,0.0,0.0,0.0
2025-04-15 05:05:00+00:00,11.890000343322754,11.890000343322754,11.880000114440918,11.890000343322754,8536,0.0,0.0,0.0
2025-04-15 05:10:00+00:00,11.880000114440918,11.890000343322754,11.880000114440918,11.890000343322754,25722,0.0,0.0,0.0
2025-04-15 05:15:00+00:00,11.890000343322754,11.890000343322754,11.880000114440918,11.880000114440918,34337,0.0,0.0,0.0
2025-04-15 05:20:00+00:00,11.890000343322754,11.890000343322754,11.890000343322754,11.890000343322754,45740,0.0,0.0,0.0
2025-04-16 01:00:00+00:00,11.789999961853027,11.800000190734863,11.760000228881836,11.760000228881836,0,0.0,0.0,0.0
2025-04-16 01:05:00+00:00,11.760000228881836,11.760000228881836,11.729999542236328,11.729999542236328,123746,0.0,0.0,0.0
2025-04-16 01:10:00+00:00,11.739999771118164,11.789999961853027,11.739999771118164,11.789999961853027,68241,0.0,0.0,0.0
2025-04-16 01:15:00+00:00,11.800000190734863,11.800000190734863,11.779999732971191,11.779999732971191,27599,0.0,0.0,0.0
2025-04-16 01:20:00+00:00,11.779999732971191,11.789999961853027,11.770000457763672,11.779999732971191,51568,0.0,0.0,0.0
2025-04-16 01:25:00+00:00,11.779999732971191,11.779999732971191,11.760000228881836,11.770000457763672,23195,0.0,0.0,0.0
2025-04-16 01:30:00+00:00,11.770000457763672,11.770000457763672,11.760000228881836,11.770000457763672,43368,0.0,0.0,0.0
2025-04-16 01:35:00+00:00,11.779999732971191,11.800000190734863,11.779999732971191,11.800000190734863,5342,0.0,0.0,0.0
2025-04-16 01:40:00+00:00,11.800000190734863,11.800000190734863,11.800000190734863,11.800000190734863,46763,0.0,0.0,0.0
2025-04-16 01:45:00+00:00,11.8100004196167,11.819999694824219,11.779999732971191,11.779999732971191,31084,0.0,0.0,0.0
2025-04-16 01:50:00+00:00,11.779999732971191,11.789999961853027,11.770000457763672,11.779999732971191,29204,0.0,0.0,0.0
2025-04-16 01:55:00+00:00,11.779999732971191,11.789999961853027,11.760000228881836,11.770000457763672,31807,0.0,0.0,0.0
2025-04-16 02:00:00+00:00,11.770000457763672,11.779999732971191,11.760000228881836,11.770000457763672,19584,0.0,0.0,0.0
2025-04-16 02:05:00+00:00,11.770000457763672,11.770000457763672,11.739999771118164,11.739999771118164,100665,0.0,0.0,0.0
2025-04-16 02:10:00+00:00,11.739999771118164,11.739999771118164,11.729999542236328,11.729999542236328,52716,0.0,0.0,0.0
2025-04-16 02:15:00+00:00,11.739999771118164,11.739999771118164,11.720000267028809,11.720000267028809,50234,0.0,0.0,0.0
2025-04-16 02:20:00+00:00,11.729999542236328,11.729999542236328,11.720000267028809,11.720000267028809,32748,0.0,0.0,0.0
2025-04-16 02:25:00+00:00,11.720000267028809,11.720000267028809,11.710000038146973,11.710000038146973,44651,0.0,0.0,0.0
2025-04-16 02:30:00+00:00,11.720000267028809,11.729999542236328,11.720000267028809,11.729999542236328,9202,0.0,0.0,0.0
2025-04-16 02:35:00+00:00,11.729999542236328,11.729999542236328,11.710000038146973,11.710000038146973,27694,0.0,0.0,0.0
2025-04-16 02:40:00+00:00,11.710000038146973,11.710000038146973,11.699999809265137,11.699999809265137,123032,0.0,0.0,0.0
2025-04-16 02:45:00+00:00,11.699999809265137,11.710000038146973,11.699999809265137,11.710000038146973,29702,0.0,0.0,0.0
2025-04-16 02:50:00+00:00,11.710000038146973,11.710000038146973,11.699999809265137,11.699999809265137,258913,0.0,0.0,0.0
2025-04-16 02:55:00+00:00,11.699999809265137,11.699999809265137,11.680000305175781,11.680000305175781,97973,0.0,0.0,0.0
2025-04-16 03:00:00+00:00,11.680000305175781,11.699999809265137,11.680000305175781,11.6899995803833,27213,0.0,0.0,0.0
2025-04-16 03:05:00+00:00,11.6899995803833,11.6899995803833,11.6899995803833,11.6899995803833,6872,0.0,0.0,0.0
2025-04-16 03:10:00+00:00,11.680000305175781,11.6899995803833,11.680000305175781,11.6899995803833,25625,0.0,0.0,0.0
2025-04-16 03:15:00+00:00,11.699999809265137,11.699999809265137,11.699999809265137,11.699999809265137,6024,0.0,0.0,0.0
2025-04-16 03:20:00+00:00,11.699999809265137,11.710000038146973,11.699999809265137,11.710000038146973,64847,0.0,0.0,0.0
2025-04-16 03:25:00+00:00,11.720000267028809,11.720000267028809,11.6899995803833,11.710000038146973,38063,0.0,0.0,0.0
2025-04-16 03:30:00+00:00,11.710000038146973,11.720000267028809,11.699999809265137,11.710000038146973,8532,0.0,0.0,0.0
2025-04-16 03:35:00+00:00,11.710000038146973,11.710000038146973,11.710000038146973,11.710000038146973,3329,0.0,0.0,0.0
2025-04-16 03:40:00+00:00,11.710000038146973,11.710000038146973,11.699999809265137,11.699999809265137,9100,0.0,0.0,0.0
2025-04-16 03:45:00+00:00,11.699999809265137,11.699999809265137,11.6899995803833,11.699999809265137,33622,0.0,0.0,0.0
2025-04-16 03:50:00+00:00,11.699999809265137,11.699999809265137,11.670000076293945,11.6899995803833,212522,0.0,0.0,0.0
2025-04-16 03:55:00+00:00,11.6899995803833,11.6899995803833,11.6899995803833,11.6899995803833,23515,0.0,0.0,0.0
2025-04-16 04:00:00+00:00,11.6899995803833,11.6899995803833,11.680000305175781,11.6899995803833,26752,0.0,0.0,0.0
2025-04-16 04:05:00+00:00,11.6899995803833,11.6899995803833,11.670000076293945,11.670000076293945,36738,0.0,0.0,0.0
2025-04-16 04:10:00+00:00,11.670000076293945,11.6899995803833,11.670000076293945,11.6899995803833,105567,0.0,0.0,0.0
2025-04-16 04:15:00+00:00,11.699999809265137,11.710000038146973,11.699999809265137,11.710000038146973,14073,0.0,0.0,0.0
2025-04-16 04:20:00+00:00,11.710000038146973,11.710000038146973,11.699999809265137,11.699999809265137,22652,0.0,0.0,0.0
2025-04-16 04:25:00+00:00,11.710000038146973,11.710000038146973,11.6899995803833,11.6899995803833,55653,0.0,0.0,0.0
2025-04-16 04:30:00+00:00,11.699999809265137,11.699999809265137,11.6899995803833,11.6899995803833,32656,0.0,0.0,0.0
2025-04-16 04:35:00+00:00,11.699999809265137,11.699999809265137,11.6899995803833,11.6899995803833,25630,0.0,0.0,0.0
2025-04-16 04:40:00+00:00,11.699999809265137,11.699999809265137,11.6899995803833,11.6899995803833,14248,0.0,0.0,0.0
2025-04-16 04:45:00+00:00,11.6899995803833,11.6899995803833,11.6899995803833,11.6899995803833,44319,0.0,0.0,0.0
2025-04-16 04:50:00+00:00,11.6899995803833,11.699999809265137,11.6899995803833,11.6899995803833,66688,0.0,0.0,0.0
2025-04-16 04:55:00+00:00,11.6899995803833,11.699999809265137,11.6899995803833,11.6899995803833,10893,0.0,0.0,0.0
2025-04-16 05:00:00+00:00,11.6899995803833,11.699999809265137,11.6899995803833,11.699999809265137,15150,0.0,0.0,0.0
2025-04-16 05:05:00+00:00,11.699999809265137,11.710000038146973,11.699999809265137,11.710000038146973,23055,0.0,0.0,0.0
2025-04-16 05:10:00+00:00,11.699999809265137,11.710000038146973,11.699999809265137,11.699999809265137,39690,0.0,0.0,0.0
2025-04-16 05:15:00+00:00,11.699999809265137,11.699999809265137,11.6899995803833,11.6899995803833,39611,0.0,0.0,0.0
2025-04-16 05:20:00+00:00,11.6899995803833,11.6899995803833,11.680000305175781,11.6899995803833,36020,0.0,0.0,0.0
2025-04-17 01:00:00+00:00,11.600000381469727,11.609999656677246,11.550000190734863,11.550000190734863,0,0.0,0.0,0.0
2025-04-17 01:05:00+00:00,11.529999732971191,11.5600004196167,11.510000228881836,11.5600004196167,106962,0.0,0.0,0.0
2025-04-17 01:10:00+00:00,11.5600004196167,11.569999694824219,11.550000190734863,11.5600004196167,173662,0.0,0.0,0.0
2025-04-17 01:15:00+00:00,11.5600004196167,11.5600004196167,11.550000190734863,11.5600004196167,93305,0.0,0.0,0.0
2025-04-17 01:20:00+00:00,11.569999694824219,11.600000381469727,11.569999694824219,11.600000381469727,92645,0.0,0.0,0.0
2025-04-17 01:25:00+00:00,11.600000381469727,11.600000381469727,11.600000381469727,11.600000381469727,16348,0.0,0.0,0.0
2025-04-17 01:30:00+00:00,11.609999656677246,11.619999885559082,11.579999923706055,11.579999923706055,34724,0.0,0.0,0.0
2025-04-17 01:35:00+00:00,11.569999694824219,11.569999694824219,11.539999961853027,11.550000190734863,49919,0.0,0.0,0.0
2025-04-17 01:40:00+00:00,11.539999961853027,11.539999961853027,11.529999732971191,11.529999732971191,227963,0.0,0.0,0.0
2025-04-17 01:45:00+00:00,11.529999732971191,11.529999732971191,11.520000457763672,11.529999732971191,18378,0.0,0.0,0.0
2025-04-17 01:50:00+00:00,11.520000457763672,11.520000457763672,11.5,11.520000457763672,83903,0.0,0.0,0.0
2025-04-17 01:55:00+00:00,11.510000228881836,11.510000228881836,11.5,11.510000228881836,13243,0.0,0.0,0.0
2025-04-17 02:00:00+00:00,11.520000457763672,11.520000457763672,11.510000228881836,11.520000457763672,12492,0.0,0.0,0.0
2025-04-17 02:05:00+00:00,11.520000457763672,11.529999732971191,11.510000228881836,11.520000457763672,15508,0.0,0.0,0.0
2025-04-17 02:10:00+00:00,11.529999732971191,11.539999961853027,11.529999732971191,11.539999961853027,72477,0.0,0.0,0.0
2025-04-17 02:15:00+00:00,11.539999961853027,11.550000190734863,11.539999961853027,11.550000190734863,41050,0.0,0.0,0.0
2025-04-17 02:20:00+00:00,11.550000190734863,11.569999694824219,11.550000190734863,11.569999694824219,67754,0.0,0.0,0.0
2025-04-17 02:25:00+00:00,11.579999923706055,11.59000015258789,11.579999923706055,11.59000015258789,12420,0.0,0.0,0.0
2025-04-17 02:30:00+00:00,11.59000015258789,11.600000381469727,11.59000015258789,11.600000381469727,19067,0.0,0.0,0.0
2025-04-17 02:35:00+00:00,11.600000381469727,11.600000381469727,11.59000015258789,11.59000015258789,16319,0.0,0.0,0.0
2025-04-17 02:40:00+00:00,11.600000381469727,11.600000381469727,11.59000015258789,11.59000015258789,4113,0.0,0.0,0.0
2025-04-17 02:45:00+00:00,11.59000015258789,11.600000381469727,11.579999923706055,11.579999923706055,19039,0.0,0.0,0.0
2025-04-17 02:50:00+00:00,11.579999923706055,11.59000015258789,11.579999923706055,11.59000015258789,17112,0.0,0.0,0.0
2025-04-17 02:55:00+00:00,11.59000015258789,11.609999656677246,11.579999923706055,11.600000381469727,85677,0.0,0.0,0.0
2025-04-17 03:00:00+00:00,11.600000381469727,11.609999656677246,11.59000015258789,11.609999656677246,32474,0.0,0.0,0.0
2025-04-17 03:05:00+00:00,11.619999885559082,11.619999885559082,11.619999885559082,11.619999885559082,8563,0.0,0.0,0.0
2025-04-17 03:10:00+00:00,11.619999885559082,11.619999885559082,11.619999885559082,11.619999885559082,4816,0.0,0.0,0.0
2025-04-17 03:15:00+00:00,11.619999885559082,11.619999885559082,11.619999885559082,11.619999885559082,2613,0.0,0.0,0.0
2025-04-17 03:20:00+00:00,11.619999885559082,11.640000343322754,11.619999885559082,11.630000114440918,84946,0.0,0.0,0.0
2025-04-17 03:30:00+00:00,11.649999618530273,11.649999618530273,11.630000114440918,11.630000114440918,32487,0.0,0.0,0.0
2025-04-17 03:35:00+00:00,11.630000114440918,11.630000114440918,11.630000114440918,11.630000114440918,2005,0.0,0.0,0.0
2025-04-17 03:40:00+00:00,11.619999885559082,11.630000114440918,11.600000381469727,11.600000381469727,23723,0.0,0.0,0.0
2025-04-17 03:45:00+00:00,11.630000114440918,11.630000114440918,11.609999656677246,11.609999656677246,5546,0.0,0.0,0.0
2025-04-17 03:50:00+00:00,11.609999656677246,11.609999656677246,11.609999656677246,11.609999656677246,6551,0.0,0.0,0.0
2025-04-17 03:55:00+00:00,11.609999656677246,11.609999656677246,11.600000381469727,11.600000381469727,17260,0.0,0.0,0.0
2025-04-17 04:00:00+00:00,11.600000381469727,11.609999656677246,11.600000381469727,11.600000381469727,21259,0.0,0.0,0.0
2025-04-17 04:05:00+00:00,11.600000381469727,11.600000381469727,11.600000381469727,11.600000381469727,3598,0.0,0.0,0.0
2025-04-17 04:10:00+00:00,11.600000381469727,11.609999656677246,11.600000381469727,11.609999656677246,15134,0.0,0.0,0.0
2025-04-17 04:15:00+00:00,11.609999656677246,11.609999656677246,11.59000015258789,11.59000015258789,33199,0.0,0.0,0.0
2025-04-17 04:20:00+00:00,11.600000381469727,11.600000381469727,11.600000381469727,11.600000381469727,1070,0.0,0.0,0.0
2025-04-17 04:25:00+00:00,11.609999656677246,11.609999656677246,11.600000381469727,11.600000381469727,12302,0.0,0.0,0.0
2025-04-17 04:30:00+00:00,11.609999656677246,11.609999656677246,11.600000381469727,11.600000381469727,13137,0.0,0.0,0.0
2025-04-17 04:35:00+00:00,11.600000381469727,11.600000381469727,11.579999923706055,11.579999923706055,51394,0.0,0.0,0.0
2025-04-17 04:40:00+00:00,11.579999923706055,11.579999923706055,11.569999694824219,11.579999923706055,23120,0.0,0.0,0.0
2025-04-17 04:45:00+00:00,11.579999923706055,11.59000015258789,11.579999923706055,11.59000015258789,10058,0.0,0.0,0.0
2025-04-17 04:50:00+00:00,11.59000015258789,11.59000015258789,11.59000015258789,11.59000015258789,3650,0.0,0.0,0.0
2025-04-17 04:55:00+00:00,11.59000015258789,11.59000015258789,11.579999923706055,11.579999923706055,20555,0.0,0.0,0.0
2025-04-17 05:00:00+00:00,11.59000015258789,11.600000381469727,11.59000015258789,11.600000381469727,10050,0.0,0.0,0.0
2025-04-17 05:05:00+00:00,11.600000381469727,11.609999656677246,11.600000381469727,11.609999656677246,15283,0.0,0.0,0.0
2025-04-17 05:10:00+00:00,11.609999656677246,11.609999656677246,11.579999923706055,11.579999923706055,77713,0.0,0.0,0.0
2025-04-17 05:15:00+00:00,11.600000381469727,11.609999656677246,11.600000381469727,11.609999656677246,5279,0.0,0.0,0.0
2025-04-17 05:20:00+00:00,11.609999656677246,11.609999656677246,11.600000381469727,11.600000381469727,31462,0.0,0.0,0.0
2025-04-18 01:00:00+00:00,11.619999885559082,11.619999885559082,11.579999923706055,11.579999923706055,0,0.0,0.0,0.0
2025-04-18 01:05:00+00:00,11.600000381469727,11.600000381469727,11.5600004196167,11.579999923706055,37506,0.0,0.0,0.0
2025-04-18 01:10:00+00:00,11.579999923706055,11.579999923706055,11.5600004196167,11.569999694824219,31447,0.0,0.0,0.0
2025-04-18 01:15:00+00:00,11.569999694824219,11.600000381469727,11.569999694824219,11.600000381469727,54188,0.0,0.0,0.0
2025-04-18 01:20:00+00:00,11.600000381469727,11.609999656677246,11.600000381469727,11.609999656677246,58635,0.0,0.0,0.0
2025-04-18 01:25:00+00:00,11.619999885559082,11.619999885559082,11.619999885559082,11.619999885559082,12550,0.0,0.0,0.0
2025-04-18 01:30:00+00:00,11.619999885559082,11.619999885559082,11.609999656677246,11.619999885559082,9045,0.0,0.0,0.0
2025-04-18 01:35:00+00:00,11.609999656677246,11.619999885559082,11.609999656677246,11.619999885559082,19190,0.0,0.0,0.0
2025-04-18 01:40:00+00:00,11.609999656677246,11.609999656677246,11.59000015258789,11.59000015258789,30307,0.0,0.0,0.0
2025-04-18 01:45:00+00:00,11.600000381469727,11.600000381469727,11.59000015258789,11.59000015258789,28108,0.0,0.0,0.0
2025-04-18 01:50:00+00:00,11.59000015258789,11.59000015258789,11.579999923706055,11.59000015258789,4023,0.0,0.0,0.0
2025-04-18 01:55:00+00:00,11.59000015258789,11.59000015258789,11.59000015258789,11.59000015258789,3667,0.0,0.0,0.0
2025-04-18 02:00:00+00:00,11.59000015258789,11.600000381469727,11.59000015258789,11.600000381469727,5583,0.0,0.0,0.0
2025-04-18 02:05:00+00:00,11.600000381469727,11.609999656677246,11.59000015258789,11.609999656677246,70080,0.0,0.0,0.0
2025-04-18 02:10:00+00:00,11.609999656677246,11.609999656677246,11.600000381469727,11.600000381469727,9695,0.0,0.0,0.0
2025-04-18 02:15:00+00:00,11.600000381469727,11.609999656677246,11.600000381469727,11.609999656677246,12172,0.0,0.0,0.0
2025-04-18 02:20:00+00:00,11.609999656677246,11.619999885559082,11.600000381469727,11.619999885559082,53535,0.0,0.0,0.0
2025-04-18 02:25:00+00:00,11.609999656677246,11.619999885559082,11.600000381469727,11.600000381469727,56053,0.0,0.0,0.0
2025-04-18 02:30:00+00:00,11.609999656677246,11.619999885559082,11.600000381469727,11.619999885559082,43798,0.0,0.0,0.0
2025-04-18 02:35:00+00:00,11.619999885559082,11.619999885559082,11.609999656677246,11.619999885559082,159087,0.0,0.0,0.0
2025-04-18 02:40:00+00:00,11.619999885559082,11.619999885559082,11.619999885559082,11.619999885559082,4141,0.0,0.0,0.0
2025-04-18 02:45:00+00:00,11.619999885559082,11.619999885559082,11.619999885559082,11.619999885559082,4246,0.0,0.0,0.0
2025-04-18 02:50:00+00:00,11.609999656677246,11.609999656677246,11.609999656677246,11.609999656677246,5080,0.0,0.0,0.0
2025-04-18 02:55:00+00:00,11.609999656677246,11.609999656677246,11.609999656677246,11.609999656677246,9559,0.0,0.0,0.0
2025-04-18 03:00:00+00:00,11.600000381469727,11.609999656677246,11.600000381469727,11.609999656677246,34556,0.0,0.0,0.0
2025-04-18 03:05:00+00:00,11.619999885559082,11.619999885559082,11.619999885559082,11.619999885559082,6079,0.0,0.0,0.0
2025-04-18 03:10:00+00:00,11.619999885559082,11.619999885559082,11.600000381469727,11.609999656677246,11316,0.0,0.0,0.0
2025-04-18 03:15:00+00:00,11.609999656677246,11.609999656677246,11.609999656677246,11.609999656677246,1508,0.0,0.0,0.0
2025-04-18 03:20:00+00:00,11.609999656677246,11.609999656677246,11.609999656677246,11.609999656677246,10330,0.0,0.0,0.0
2025-04-18 03:25:00+00:00,11.609999656677246,11.609999656677246,11.600000381469727,11.600000381469727,26057,0.0,0.0,0.0
2025-04-18 03:30:00+00:00,11.600000381469727,11.600000381469727,11.579999923706055,11.579999923706055,29958,0.0,0.0,0.0
2025-04-18 03:35:00+00:00,11.579999923706055,11.59000015258789,11.569999694824219,11.569999694824219,46611,0.0,0.0,0.0
2025-04-18 03:40:00+00:00,11.569999694824219,11.569999694824219,11.569999694824219,11.569999694824219,21531,0.0,0.0,0.0
2025-04-18 03:45:00+00:00,11.569999694824219,11.569999694824219,11.569999694824219,11.569999694824219,14229,0.0,0.0,0.0
2025-04-18 03:50:00+00:00,11.5600004196167,11.5600004196167,11.5600004196167,11.5600004196167,1120,0.0,0.0,0.0
2025-04-18 03:55:00+00:00,11.5600004196167,11.569999694824219,11.5600004196167,11.569999694824219,12072,0.0,0.0,0.0
2025-04-18 04:00:00+00:00,11.569999694824219,11.579999923706055,11.5600004196167,11.569999694824219,54065,0.0,0.0,0.0
2025-04-18 04:05:00+00:00,11.569999694824219,11.569999694824219,11.5600004196167,11.569999694824219,5142,0.0,0.0,0.0
2025-04-18 04:10:00+00:00,11.5600004196167,11.569999694824219,11.5600004196167,11.5600004196167,23758,0.0,0.0,0.0
2025-04-18 04:15:00+00:00,11.569999694824219,11.569999694824219,11.569999694824219,11.569999694824219,13715,0.0,0.0,0.0
2025-04-18 04:20:00+00:00,11.569999694824219,11.569999694824219,11.5600004196167,11.5600004196167,17209,0.0,0.0,0.0
2025-04-18 04:25:00+00:00,11.569999694824219,11.569999694824219,11.569999694824219,11.569999694824219,2331,0.0,0.0,0.0
2025-04-18 04:30:00+00:00,11.569999694824219,11.569999694824219,11.5600004196167,11.5600004196167,2194,0.0,0.0,0.0
2025-04-18 04:35:00+00:00,11.5600004196167,11.5600004196167,11.5600004196167,11.5600004196167,40397,0.0,0.0,0.0
2025-04-18 04:40:00+00:00,11.5600004196167,11.5600004196167,11.5600004196167,11.5600004196167,48623,0.0,0.0,0.0
2025-04-18 04:45:00+00:00,11.5600004196167,11.569999694824219,11.5600004196167,11.569999694824219,2531,0.0,0.0,0.0
2025-04-18 04:50:00+00:00,11.579999923706055,11.579999923706055,11.569999694824219,11.569999694824219,8160,0.0,0.0,0.0
2025-04-18 04:55:00+00:00,11.569999694824219,11.569999694824219,11.569999694824219,11.569999694824219,5925,0.0,0.0,0.0
2025-04-18 05:00:00+00:00,11.569999694824219,11.579999923706055,11.569999694824219,11.569999694824219,8115,0.0,0.0,0.0
2025-04-18 05:05:00+00:00,11.569999694824219,11.579999923706055,11.569999694824219,11.579999923706055,11010,0.0,0.0,0.0
2025-04-18 05:10:00+00:00,11.579999923706055,11.579999923706055,11.569999694824219,11.569999694824219,23135,0.0,0.0,0.0
2025-04-18 05:15:00+00:00,11.579999923706055,11.579999923706055,11.569999694824219,11.579999923706055,16886,0.0,0.0,0.0
2025-04-18 05:20:00+00:00,11.579999923706055,11.579999923706055,11.569999694824219,11.579999923706055,22115,0.0,0.0,0.0
2025-04-21 01:00:00+00:00,11.460000038146973,11.5,11.460000038146973,11.479999542236328,0,0.0,0.0,0.0
2025-04-21 01:05:00+00:00,11.470000267028809,11.489999771118164,11.4399995803833,11.4399995803833,283952,0.0,0.0,0.0
2025-04-21 01:10:00+00:00,11.449999809265137,11.470000267028809,11.4399995803833,11.4399995803833,37215,0.0,0.0,0.0
2025-04-21 01:15:00+00:00,11.4399995803833,11.449999809265137,11.380000114440918,11.380000114440918,203657,0.0,0.0,0.0
2025-04-21 01:20:00+00:00,11.380000114440918,11.40999984741211,11.369999885559082,11.390000343322754,34975,0.0,0.0,0.0
2025-04-21 01:25:00+00:00,11.390000343322754,11.399999618530273,11.369999885559082,11.390000343322754,126704,0.0,0.0,0.0
2025-04-21 01:30:00+00:00,11.399999618530273,11.40999984741211,11.390000343322754,11.399999618530273,45737,0.0,0.0,0.0
2025-04-21 01:35:00+00:00,11.399999618530273,11.399999618530273,11.390000343322754,11.399999618530273,35211,0.0,0.0,0.0
2025-04-21 01:40:00+00:00,11.399999618530273,11.40999984741211,11.390000343322754,11.40999984741211,245969,0.0,0.0,0.0
2025-04-21 01:45:00+00:00,11.420000076293945,11.420000076293945,11.40999984741211,11.40999984741211,31573,0.0,0.0,0.0
2025-04-21 01:50:00+00:00,11.4399995803833,11.4399995803833,11.40999984741211,11.40999984741211,21455,0.0,0.0,0.0
2025-04-21 01:55:00+00:00,11.430000305175781,11.430000305175781,11.40999984741211,11.40999984741211,7537,0.0,0.0,0.0
2025-04-21 02:00:00+00:00,11.4399995803833,11.449999809265137,11.4399995803833,11.449999809265137,23233,0.0,0.0,0.0
2025-04-21 02:05:00+00:00,11.460000038146973,11.460000038146973,11.449999809265137,11.449999809265137,4170,0.0,0.0,0.0
2025-04-21 02:10:00+00:00,11.4399995803833,11.4399995803833,11.430000305175781,11.4399995803833,54050,0.0,0.0,0.0
2025-04-21 02:15:00+00:00,11.449999809265137,11.449999809265137,11.4399995803833,11.4399995803833,11657,0.0,0.0,0.0
2025-04-21 02:20:00+00:00,11.449999809265137,11.460000038146973,11.449999809265137,11.460000038146973,31171,0.0,0.0,0.0
2025-04-21 02:25:00+00:00,11.4399995803833,11.449999809265137,11.420000076293945,11.420000076293945,78458,0.0,0.0,0.0
2025-04-21 02:30:00+00:00,11.430000305175781,11.430000305175781,11.40999984741211,11.40999984741211,26603,0.0,0.0,0.0
2025-04-21 02:35:00+00:00,11.430000305175781,11.430000305175781,11.40999984741211,11.430000305175781,53501,0.0,0.0,0.0
2025-04-21 02:40:00+00:00,11.420000076293945,11.420000076293945,11.380000114440918,11.380000114440918,170426,0.0,0.0,0.0
2025-04-21 02:45:00+00:00,11.380000114440918,11.390000343322754,11.369999885559082,11.380000114440918,21259,0.0,0.0,0.0
2025-04-21 02:50:00+00:00,11.380000114440918,11.380000114440918,11.380000114440918,11.380000114440918,18022,0.0,0.0,0.0
2025-04-21 02:55:00+00:00,11.380000114440918,11.380000114440918,11.380000114440918,11.380000114440918,89163,0.0,0.0,0.0
2025-04-21 03:00:00+00:00,11.390000343322754,11.390000343322754,11.380000114440918,11.380000114440918,6268,0.0,0.0,0.0
2025-04-21 03:05:00+00:00,11.390000343322754,11.390000343322754,11.380000114440918,11.380000114440918,3390,0.0,0.0,0.0
2025-04-21 03:10:00+00:00,11.390000343322754,11.390000343322754,11.369999885559082,11.369999885559082,40676,0.0,0.0,0.0
2025-04-21 03:15:00+00:00,11.380000114440918,11.380000114440918,11.380000114440918,11.380000114440918,2346,0.0,0.0,0.0
2025-04-21 03:20:00+00:00,11.390000343322754,11.390000343322754,11.369999885559082,11.390000343322754,23120,0.0,0.0,0.0
2025-04-21 03:25:00+00:00,11.390000343322754,11.390000343322754,11.390000343322754,11.390000343322754,49693,0.0,0.0,0.0
2025-04-21 03:30:00+00:00,11.390000343322754,11.399999618530273,11.390000343322754,11.390000343322754,6230,0.0,0.0,0.0
2025-04-21 03:35:00+00:00,11.390000343322754,11.390000343322754,11.380000114440918,11.390000343322754,6576,0.0,0.0,0.0
2025-04-21 03:40:00+00:00,11.380000114440918,11.390000343322754,11.380000114440918,11.390000343322754,5266,0.0,0.0,0.0
2025-04-21 03:45:00+00:00,11.399999618530273,11.399999618530273,11.380000114440918,11.380000114440918,13457,0.0,0.0,0.0
2025-04-21 03:50:00+00:00,11.390000343322754,11.390000343322754,11.380000114440918,11.390000343322754,25847,0.0,0.0,0.0
2025-04-21 03:55:00+00:00,11.380000114440918,11.380000114440918,11.369999885559082,11.369999885559082,9576,0.0,0.0,0.0
2025-04-21 04:00:00+00:00,11.380000114440918,11.380000114440918,11.380000114440918,11.380000114440918,2521,0.0,0.0,0.0
2025-04-21 04:05:00+00:00,11.369999885559082,11.380000114440918,11.369999885559082,11.380000114440918,16246,0.0,0.0,0.0
2025-04-21 04:10:00+00:00,11.399999618530273,11.399999618530273,11.399999618530273,11.399999618530273,2099,0.0,0.0,0.0
2025-04-21 04:15:00+00:00,11.399999618530273,11.399999618530273,11.380000114440918,11.380000114440918,24125,0.0,0.0,0.0
2025-04-21 04:20:00+00:00,11.390000343322754,11.390000343322754,11.390000343322754,11.390000343322754,4136,0.0,0.0,0.0
2025-04-21 04:25:00+00:00,11.390000343322754,11.390000343322754,11.380000114440918,11.380000114440918,4898,0.0,0.0,0.0
2025-04-21 04:30:00+00:00,11.390000343322754,11.390000343322754,11.390000343322754,11.390000343322754,6457,0.0,0.0,0.0
2025-04-21 04:35:00+00:00,11.399999618530273,11.399999618530273,11.399999618530273,11.399999618530273,2130,0.0,0.0,0.0
2025-04-21 04:40:00+00:00,11.399999618530273,11.399999618530273,11.380000114440918,11.380000114440918,11268,0.0,0.0,0.0
2025-04-21 04:45:00+00:00,11.399999618530273,11.399999618530273,11.369999885559082,11.369999885559082,24738,0.0,0.0,0.0
2025-04-21 04:50:00+00:00,11.369999885559082,11.380000114440918,11.369999885559082,11.380000114440918,6771,0.0,0.0,0.0
2025-04-21 04:55:00+00:00,11.380000114440918,11.390000343322754,11.380000114440918,11.380000114440918,9005,0.0,0.0,0.0
2025-04-21 05:00:00+00:00,11.390000343322754,11.390000343322754,11.369999885559082,11.380000114440918,17709,0.0,0.0,0.0
2025-04-21 05:05:00+00:00,11.380000114440918,11.380000114440918,11.369999885559082,11.369999885559082,23522,0.0,0.0,0.0
2025-04-21 05:10:00+00:00,11.369999885559082,11.380000114440918,11.369999885559082,11.369999885559082,81649,0.0,0.0,0.0
2025-04-21 05:15:00+00:00,11.380000114440918,11.380000114440918,11.369999885559082,11.369999885559082,49409,0.0,0.0,0.0
2025-04-21 05:20:00+00:00,11.369999885559082,11.369999885559082,11.369999885559082,11.369999885559082,13934,0.0,0.0,0.0
2025-04-22 01:00:00+00:00,11.270000457763672,11.270000457763672,11.260000228881836,11.260000228881836,0,0.0,0.0,0.0
2025-04-22 01:05:00+00:00,11.260000228881836,11.319999694824219,11.260000228881836,11.319999694824219,153672,0.0,0.0,0.0
2025-04-22 01:10:00+00:00,11.319999694824219,11.34000015258789,11.300000190734863,11.329999923706055,62916,0.0,0.0,0.0
2025-04-22 01:15:00+00:00,11.329999923706055,11.34000015258789,11.319999694824219,11.34000015258789,63343,0.0,0.0,0.0
2025-04-22 01:20:00+00:00,11.350000381469727,11.380000114440918,11.34000015258789,11.369999885559082,54241,0.0,0.0,0.0
2025-04-22 01:25:00+00:00,11.369999885559082,11.369999885559082,11.369999885559082,11.369999885559082,10010,0.0,0.0,0.0
2025-04-22 01:30:00+00:00,11.369999885559082,11.369999885559082,11.34000015258789,11.350000381469727,44454,0.0,0.0,0.0
2025-04-22 01:35:00+00:00,11.350000381469727,11.350000381469727,11.350000381469727,11.350000381469727,5342,0.0,0.0,0.0
2025-04-22 01:40:00+00:00,11.350000381469727,11.350000381469727,11.350000381469727,11.350000381469727,56050,0.0,0.0,0.0
2025-04-22 01:45:00+00:00,11.350000381469727,11.359999656677246,11.350000381469727,11.359999656677246,22155,0.0,0.0,0.0
2025-04-22 01:50:00+00:00,11.369999885559082,11.369999885559082,11.359999656677246,11.369999885559082,6050,0.0,0.0,0.0
2025-04-22 01:55:00+00:00,11.369999885559082,11.369999885559082,11.350000381469727,11.350000381469727,10126,0.0,0.0,0.0
2025-04-22 02:00:00+00:00,11.350000381469727,11.350000381469727,11.350000381469727,11.350000381469727,25100,0.0,0.0,0.0
2025-04-22 02:05:00+00:00,11.34000015258789,11.34000015258789,11.34000015258789,11.34000015258789,7025,0.0,0.0,0.0
2025-04-22 02:15:00+00:00,11.350000381469727,11.350000381469727,11.34000015258789,11.34000015258789,6342,0.0,0.0,0.0
2025-04-22 02:20:00+00:00,11.34000015258789,11.34000015258789,11.329999923706055,11.329999923706055,25069,0.0,0.0,0.0
2025-04-22 02:25:00+00:00,11.319999694824219,11.329999923706055,11.3100004196167,11.329999923706055,23511,0.0,0.0,0.0
2025-04-22 02:30:00+00:00,11.329999923706055,11.329999923706055,11.3100004196167,11.3100004196167,12009,0.0,0.0,0.0
2025-04-22 02:35:00+00:00,11.3100004196167,11.3100004196167,11.289999961853027,11.289999961853027,82902,0.0,0.0,0.0
2025-04-22 02:40:00+00:00,11.279999732971191,11.300000190734863,11.279999732971191,11.300000190734863,11038,0.0,0.0,0.0
2025-04-22 02:45:00+00:00,11.300000190734863,11.300000190734863,11.289999961853027,11.289999961853027,14331,0.0,0.0,0.0
2025-04-22 02:50:00+00:00,11.289999961853027,11.289999961853027,11.260000228881836,11.260000228881836,25945,0.0,0.0,0.0
2025-04-22 02:55:00+00:00,11.25,11.260000228881836,11.25,11.260000228881836,19233,0.0,0.0,0.0
2025-04-22 03:00:00+00:00,11.260000228881836,11.260000228881836,11.239999771118164,11.239999771118164,73224,0.0,0.0,0.0
2025-04-22 03:05:00+00:00,11.270000457763672,11.270000457763672,11.220000267028809,11.220000267028809,34562,0.0,0.0,0.0
2025-04-22 03:10:00+00:00,11.229999542236328,11.229999542236328,11.220000267028809,11.229999542236328,41577,0.0,0.0,0.0
2025-04-22 03:15:00+00:00,11.210000038146973,11.210000038146973,11.210000038146973,11.210000038146973,42906,0.0,0.0,0.0
2025-04-22 03:20:00+00:00,11.220000267028809,11.220000267028809,11.220000267028809,11.220000267028809,11657,0.0,0.0,0.0
2025-04-22 03:25:00+00:00,11.220000267028809,11.229999542236328,11.220000267028809,11.220000267028809,15410,0.0,0.0,0.0
2025-04-22 03:30:00+00:00,11.210000038146973,11.220000267028809,11.210000038146973,11.220000267028809,18051,0.0,0.0,0.0
2025-04-22 03:35:00+00:00,11.220000267028809,11.220000267028809,11.220000267028809,11.220000267028809,37091,0.0,0.0,0.0
2025-04-22 03:40:00+00:00,11.220000267028809,11.229999542236328,11.220000267028809,11.229999542236328,21483,0.0,0.0,0.0
2025-04-22 03:45:00+00:00,11.229999542236328,11.229999542236328,11.229999542236328,11.229999542236328,34031,0.0,0.0,0.0
2025-04-22 03:50:00+00:00,11.229999542236328,11.229999542236328,11.229999542236328,11.229999542236328,3116,0.0,0.0,0.0
2025-04-22 03:55:00+00:00,11.220000267028809,11.220000267028809,11.220000267028809,11.220000267028809,2062,0.0,0.0,0.0
2025-04-22 04:00:00+00:00,11.220000267028809,11.229999542236328,11.220000267028809,11.229999542236328,12133,0.0,0.0,0.0
2025-04-22 04:05:00+00:00,11.220000267028809,11.220000267028809,11.220000267028809,11.220000267028809,11276,0.0,0.0,0.0
2025-04-22 04:10:00+00:00,11.229999542236328,11.229999542236328,11.229999542236328,11.229999542236328,27363,0.0,0.0,0.0
2025-04-22 04:15:00+00:00,11.229999542236328,11.229999542236328,11.229999542236328,11.229999542236328,9541,0.0,0.0,0.0
2025-04-22 04:20:00+00:00,11.229999542236328,11.229999542236328,11.229999542236328,11.229999542236328,56241,0.0,0.0,0.0
2025-04-22 04:25:00+00:00,11.239999771118164,11.239999771118164,11.229999542236328,11.239999771118164,21078,0.0,0.0,0.0
2025-04-22 04:30:00+00:00,11.239999771118164,11.239999771118164,11.229999542236328,11.229999542236328,16283,0.0,0.0,0.0
2025-04-22 04:35:00+00:00,11.229999542236328,11.229999542236328,11.229999542236328,11.229999542236328,11499,0.0,0.0,0.0
2025-04-22 04:40:00+00:00,11.229999542236328,11.229999542236328,11.229999542236328,11.229999542236328,5260,0.0,0.0,0.0
2025-04-22 04:45:00+00:00,11.239999771118164,11.239999771118164,11.239999771118164,11.239999771118164,8110,0.0,0.0,0.0
2025-04-22 04:50:00+00:00,11.239999771118164,11.239999771118164,11.220000267028809,11.220000267028809,13002,0.0,0.0,0.0
2025-04-22 04:55:00+00:00,11.220000267028809,11.220000267028809,11.210000038146973,11.210000038146973,67368,0.0,0.0,0.0
2025-04-22 05:00:00+00:00,11.210000038146973,11.220000267028809,11.210000038146973,11.210000038146973,48022,0.0,0.0,0.0
2025-04-22 05:05:00+00:00,11.210000038146973,11.220000267028809,11.210000038146973,11.220000267028809,19799,0.0,0.0,0.0
2025-04-22 05:10:00+00:00,11.210000038146973,11.210000038146973,11.199999809265137,11.199999809265137,16803,0.0,0.0,0.0
2025-04-22 05:15:00+00:00,11.210000038146973,11.210000038146973,11.199999809265137,11.210000038146973,22142,0.0,0.0,0.0
2025-04-22 05:20:00+00:00,11.210000038146973,11.210000038146973,11.199999809265137,11.210000038146973,57358,0.0,0.0,0.0
2025-04-23 01:00:00+00:00,11.489999771118164,11.550000190734863,11.489999771118164,11.550000190734863,0,0.0,0.0,0.0
2025-04-23 01:05:00+00:00,11.539999961853027,11.550000190734863,11.529999732971191,11.550000190734863,79645,0.0,0.0,0.0
2025-04-23 01:10:00+00:00,11.550000190734863,11.59000015258789,11.550000190734863,11.569999694824219,128011,0.0,0.0,0.0
2025-04-23 01:15:00+00:00,11.5600004196167,11.569999694824219,11.5600004196167,11.5600004196167,43687,0.0,0.0,0.0
2025-04-23 01:20:00+00:00,11.5600004196167,11.569999694824219,11.5600004196167,11.5600004196167,36039,0.0,0.0,0.0
2025-04-23 01:25:00+00:00,11.5600004196167,11.600000381469727,11.5600004196167,11.600000381469727,209394,0.0,0.0,0.0
2025-04-23 01:30:00+00:00,11.600000381469727,11.600000381469727,11.579999923706055,11.59000015258789,18678,0.0,0.0,0.0
2025-04-23 01:35:00+00:00,11.59000015258789,11.59000015258789,11.569999694824219,11.569999694824219,13225,0.0,0.0,0.0
2025-04-23 01:40:00+00:00,11.5600004196167,11.569999694824219,11.550000190734863,11.550000190734863,24210,0.0,0.0,0.0
2025-04-23 01:45:00+00:00,11.5600004196167,11.569999694824219,11.550000190734863,11.569999694824219,15031,0.0,0.0,0.0
2025-04-23 01:50:00+00:00,11.5600004196167,11.569999694824219,11.550000190734863,11.550000190734863,19316,0.0,0.0,0.0
2025-04-23 01:55:00+00:00,11.5600004196167,11.5600004196167,11.5600004196167,11.5600004196167,6127,0.0,0.0,0.0
2025-04-23 02:00:00+00:00,11.5600004196167,11.569999694824219,11.550000190734863,11.569999694824219,34532,0.0,0.0,0.0
2025-04-23 02:05:00+00:00,11.579999923706055,11.600000381469727,11.579999923706055,11.600000381469727,108056,0.0,0.0,0.0
2025-04-23 02:10:00+00:00,11.600000381469727,11.609999656677246,11.600000381469727,11.609999656677246,3619,0.0,0.0,0.0
2025-04-23 02:15:00+00:00,11.609999656677246,11.609999656677246,11.59000015258789,11.59000015258789,5199,0.0,0.0,0.0
2025-04-23 02:20:00+00:00,11.59000015258789,11.600000381469727,11.59000015258789,11.600000381469727,15108,0.0,0.0,0.0
2025-04-23 02:25:00+00:00,11.600000381469727,11.609999656677246,11.600000381469727,11.600000381469727,111671,0.0,0.0,0.0
2025-04-23 02:30:00+00:00,11.619999885559082,11.619999885559082,11.600000381469727,11.600000381469727,58161,0.0,0.0,0.0
2025-04-23 02:35:00+00:00,11.609999656677246,11.649999618530273,11.609999656677246,11.649999618530273,59049,0.0,0.0,0.0
2025-04-23 02:40:00+00:00,11.649999618530273,11.649999618530273,11.630000114440918,11.630000114440918,37549,0.0,0.0,0.0
2025-04-23 02:45:00+00:00,11.640000343322754,11.640000343322754,11.640000343322754,11.640000343322754,35475,0.0,0.0,0.0
2025-04-23 02:50:00+00:00,11.630000114440918,11.630000114440918,11.630000114440918,11.630000114440918,7257,0.0,0.0,0.0
2025-04-23 02:55:00+00:00,11.619999885559082,11.619999885559082,11.619999885559082,11.619999885559082,4132,0.0,0.0,0.0
2025-04-23 03:00:00+00:00,11.619999885559082,11.630000114440918,11.619999885559082,11.630000114440918,12462,0.0,0.0,0.0
2025-04-23 03:05:00+00:00,11.640000343322754,11.640000343322754,11.640000343322754,11.640000343322754,11182,0.0,0.0,0.0
2025-04-23 03:10:00+00:00,11.630000114440918,11.630000114440918,11.630000114440918,11.630000114440918,5428,0.0,0.0,0.0
2025-04-23 03:15:00+00:00,11.640000343322754,11.640000343322754,11.630000114440918,11.630000114440918,13294,0.0,0.0,0.0
2025-04-23 03:20:00+00:00,11.630000114440918,11.630000114440918,11.630000114440918,11.630000114440918,7097,0.0,0.0,0.0
2025-04-23 03:25:00+00:00,11.630000114440918,11.630000114440918,11.619999885559082,11.619999885559082,18900,0.0,0.0,0.0
2025-04-23 03:30:00+00:00,11.609999656677246,11.630000114440918,11.609999656677246,11.630000114440918,3071,0.0,0.0,0.0
2025-04-23 03:35:00+00:00,11.619999885559082,11.630000114440918,11.619999885559082,11.630000114440918,14244,0.0,0.0,0.0
2025-04-23 03:40:00+00:00,11.630000114440918,11.630000114440918,11.619999885559082,11.619999885559082,11289,0.0,0.0,0.0
2025-04-23 03:45:00+00:00,11.619999885559082,11.630000114440918,11.619999885559082,11.630000114440918,3111,0.0,0.0,0.0
2025-04-23 03:50:00+00:00,11.630000114440918,11.630000114440918,11.630000114440918,11.630000114440918,34039,0.0,0.0,0.0
2025-04-23 03:55:00+00:00,11.630000114440918,11.630000114440918,11.630000114440918,11.630000114440918,5014,0.0,0.0,0.0
2025-04-23 04:00:00+00:00,11.630000114440918,11.640000343322754,11.619999885559082,11.640000343322754,710274,0.0,0.0,0.0
2025-04-23 04:05:00+00:00,11.640000343322754,11.640000343322754,11.630000114440918,11.630000114440918,6509,0.0,0.0,0.0
2025-04-23 04:10:00+00:00,11.630000114440918,11.640000343322754,11.630000114440918,11.640000343322754,43017,0.0,0.0,0.0
2025-04-23 04:15:00+00:00,11.640000343322754,11.640000343322754,11.640000343322754,11.640000343322754,3044,0.0,0.0,0.0
2025-04-23 04:20:00+00:00,11.640000343322754,11.640000343322754,11.640000343322754,11.640000343322754,50067,0.0,0.0,0.0
2025-04-23 04:25:00+00:00,11.640000343322754,11.65999984741211,11.640000343322754,11.65999984741211,129479,0.0,0.0,0.0
2025-04-23 04:30:00+00:00,11.65999984741211,11.670000076293945,11.649999618530273,11.670000076293945,82914,0.0,0.0,0.0
2025-04-23 04:35:00+00:00,11.65999984741211,11.670000076293945,11.65999984741211,11.65999984741211,9600,0.0,0.0,0.0
2025-04-23 04:40:00+00:00,11.65999984741211,11.670000076293945,11.65999984741211,11.670000076293945,31520,0.0,0.0,0.0
2025-04-23 04:45:00+00:00,11.670000076293945,11.670000076293945,11.65999984741211,11.65999984741211,7250,0.0,0.0,0.0
2025-04-23 04:50:00+00:00,11.670000076293945,11.670000076293945,11.65999984741211,11.65999984741211,54705,0.0,0.0,0.0
2025-04-23 04:55:00+00:00,11.65999984741211,11.670000076293945,11.649999618530273,11.649999618530273,7377,0.0,0.0,0.0
2025-04-23 05:00:00+00:00,11.65999984741211,11.670000076293945,11.65999984741211,11.670000076293945,2510,0.0,0.0,0.0
2025-04-23 05:05:00+00:00,11.65999984741211,11.670000076293945,11.65999984741211,11.670000076293945,68500,0.0,0.0,0.0
2025-04-23 05:10:00+00:00,11.65999984741211,11.65999984741211,11.649999618530273,11.649999618530273,25120,0.0,0.0,0.0
2025-04-23 05:15:00+00:00,11.649999618530273,11.649999618530273,11.640000343322754,11.640000343322754,72460,0.0,0.0,0.0
2025-04-23 05:20:00+00:00,11.630000114440918,11.640000343322754,11.630000114440918,11.630000114440918,75216,0.0,0.0,0.0
2025-04-24 01:00:00+00:00,11.770000457763672,11.770000457763672,11.739999771118164,11.75,0,0.0,0.0,0.0
2025-04-24 01:05:00+00:00,11.739999771118164,11.770000457763672,11.720000267028809,11.770000457763672,173558,0.0,0.0,0.0
2025-04-24 01:10:00+00:00,11.75,11.760000228881836,11.739999771118164,11.739999771118164,44377,0.0,0.0,0.0
2025-04-24 01:15:00+00:00,11.739999771118164,11.739999771118164,11.729999542236328,11.739999771118164,27115,0.0,0.0,0.0
2025-04-24 01:20:00+00:00,11.729999542236328,11.729999542236328,11.670000076293945,11.6899995803833,92302,0.0,0.0,0.0
2025-04-24 01:25:00+00:00,11.680000305175781,11.699999809265137,11.670000076293945,11.699999809265137,55245,0.0,0.0,0.0
2025-04-24 01:30:00+00:00,11.710000038146973,11.739999771118164,11.710000038146973,11.720000267028809,555006,0.0,0.0,0.0
2025-04-24 01:35:00+00:00,11.720000267028809,11.729999542236328,11.720000267028809,11.729999542236328,27420,0.0,0.0,0.0
2025-04-24 01:40:00+00:00,11.729999542236328,11.729999542236328,11.729999542236328,11.729999542236328,5635,0.0,0.0,0.0
2025-04-24 01:45:00+00:00,11.729999542236328,11.729999542236328,11.720000267028809,11.720000267028809,26140,0.0,0.0,0.0
2025-04-24 01:50:00+00:00,11.720000267028809,11.720000267028809,11.720000267028809,11.720000267028809,22029,0.0,0.0,0.0
2025-04-24 01:55:00+00:00,11.699999809265137,11.699999809265137,11.6899995803833,11.6899995803833,20238,0.0,0.0,0.0
2025-04-24 02:00:00+00:00,11.6899995803833,11.6899995803833,11.680000305175781,11.680000305175781,9202,0.0,0.0,0.0
2025-04-24 02:05:00+00:00,11.680000305175781,11.680000305175781,11.680000305175781,11.680000305175781,17091,0.0,0.0,0.0
2025-04-24 02:10:00+00:00,11.6899995803833,11.6899995803833,11.680000305175781,11.680000305175781,9047,0.0,0.0,0.0
2025-04-24 02:15:00+00:00,11.6899995803833,11.6899995803833,11.680000305175781,11.6899995803833,8076,0.0,0.0,0.0
2025-04-24 02:20:00+00:00,11.6899995803833,11.699999809265137,11.6899995803833,11.699999809265137,23021,0.0,0.0,0.0
2025-04-24 02:25:00+00:00,11.699999809265137,11.699999809265137,11.6899995803833,11.6899995803833,10130,0.0,0.0,0.0
2025-04-24 02:30:00+00:00,11.6899995803833,11.6899995803833,11.6899995803833,11.6899995803833,11280,0.0,0.0,0.0
2025-04-24 02:35:00+00:00,11.680000305175781,11.680000305175781,11.680000305175781,11.680000305175781,11023,0.0,0.0,0.0
2025-04-24 02:40:00+00:00,11.680000305175781,11.680000305175781,11.680000305175781,11.680000305175781,40029,0.0,0.0,0.0
2025-04-24 02:45:00+00:00,11.670000076293945,11.670000076293945,11.65999984741211,11.65999984741211,38213,0.0,0.0,0.0
2025-04-24 02:50:00+00:00,11.649999618530273,11.649999618530273,11.630000114440918,11.630000114440918,42702,0.0,0.0,0.0
2025-04-24 02:55:00+00:00,11.630000114440918,11.640000343322754,11.630000114440918,11.640000343322754,14542,0.0,0.0,0.0
2025-04-24 03:00:00+00:00,11.640000343322754,11.640000343322754,11.640000343322754,11.640000343322754,2369,0.0,0.0,0.0
2025-04-24 03:05:00+00:00,11.649999618530273,11.649999618530273,11.640000343322754,11.640000343322754,3560,0.0,0.0,0.0
2025-04-24 03:10:00+00:00,11.649999618530273,11.649999618530273,11.630000114440918,11.649999618530273,14122,0.0,0.0,0.0
2025-04-24 03:15:00+00:00,11.649999618530273,11.649999618530273,11.649999618530273,11.649999618530273,1030,0.0,0.0,0.0
2025-04-24 03:20:00+00:00,11.649999618530273,11.649999618530273,11.619999885559082,11.619999885559082,7968,0.0,0.0,0.0
2025-04-24 03:25:00+00:00,11.619999885559082,11.640000343322754,11.619999885559082,11.640000343322754,7043,0.0,0.0,0.0
2025-04-24 03:30:00+00:00,11.640000343322754,11.640000343322754,11.640000343322754,11.640000343322754,6433,0.0,0.0,0.0
2025-04-24 03:35:00+00:00,11.649999618530273,11.649999618530273,11.649999618530273,11.649999618530273,2011,0.0,0.0,0.0
2025-04-24 03:40:00+00:00,11.640000343322754,11.640000343322754,11.630000114440918,11.630000114440918,32170,0.0,0.0,0.0
2025-04-24 03:45:00+00:00,11.630000114440918,11.649999618530273,11.630000114440918,11.649999618530273,51679,0.0,0.0,0.0
2025-04-24 03:55:00+00:00,11.65999984741211,11.65999984741211,11.65999984741211,11.65999984741211,7226,0.0,0.0,0.0
2025-04-24 04:00:00+00:00,11.65999984741211,11.65999984741211,11.65999984741211,11.65999984741211,14237,0.0,0.0,0.0
2025-04-24 04:05:00+00:00,11.65999984741211,11.65999984741211,11.65999984741211,11.65999984741211,2798,0.0,0.0,0.0
2025-04-24 04:10:00+00:00,11.65999984741211,11.65999984741211,11.649999618530273,11.649999618530273,10336,0.0,0.0,0.0
2025-04-24 04:15:00+00:00,11.640000343322754,11.640000343322754,11.619999885559082,11.619999885559082,5126,0.0,0.0,0.0
2025-04-24 04:20:00+00:00,11.619999885559082,11.619999885559082,11.619999885559082,11.619999885559082,5145,0.0,0.0,0.0
2025-04-24 04:30:00+00:00,11.619999885559082,11.619999885559082,11.619999885559082,11.619999885559082,13221,0.0,0.0,0.0
2025-04-24 04:35:00+00:00,11.619999885559082,11.619999885559082,11.609999656677246,11.609999656677246,6524,0.0,0.0,0.0
2025-04-24 04:40:00+00:00,11.609999656677246,11.609999656677246,11.609999656677246,11.609999656677246,8400,0.0,0.0,0.0
2025-04-24 04:45:00+00:00,11.609999656677246,11.609999656677246,11.609999656677246,11.609999656677246,2020,0.0,0.0,0.0
2025-04-24 04:50:00+00:00,11.619999885559082,11.619999885559082,11.609999656677246,11.609999656677246,4700,0.0,0.0,0.0
2025-04-24 04:55:00+00:00,11.619999885559082,11.619999885559082,11.619999885559082,11.619999885559082,2175,0.0,0.0,0.0
2025-04-24 05:00:00+00:00,11.619999885559082,11.619999885559082,11.609999656677246,11.609999656677246,22000,0.0,0.0,0.0
2025-04-24 05:05:00+00:00,11.609999656677246,11.619999885559082,11.609999656677246,11.609999656677246,7185,0.0,0.0,0.0
2025-04-24 05:10:00+00:00,11.609999656677246,11.619999885559082,11.609999656677246,11.609999656677246,16475,0.0,0.0,0.0
2025-04-24 05:15:00+00:00,11.619999885559082,11.619999885559082,11.609999656677246,11.609999656677246,15284,0.0,0.0,0.0
2025-04-24 05:20:00+00:00,11.619999885559082,11.619999885559082,11.609999656677246,11.609999656677246,26355,0.0,0.0,0.0
2025-04-25 01:00:00+00:00,11.850000381469727,11.949999809265137,11.850000381469727,11.949999809265137,0,0.0,0.0,0.0
2025-04-25 01:05:00+00:00,11.9399995803833,11.960000038146973,11.930000305175781,11.949999809265137,97247,0.0,0.0,0.0
2025-04-25 01:10:00+00:00,11.9399995803833,11.9399995803833,11.90999984741211,11.90999984741211,157684,0.0,0.0,0.0
2025-04-25 01:15:00+00:00,11.90999984741211,11.90999984741211,11.890000343322754,11.890000343322754,33840,0.0,0.0,0.0
2025-04-25 01:20:00+00:00,11.890000343322754,11.899999618530273,11.890000343322754,11.890000343322754,17200,0.0,0.0,0.0
2025-04-25 01:25:00+00:00,11.899999618530273,11.899999618530273,11.890000343322754,11.890000343322754,15268,0.0,0.0,0.0
2025-04-25 01:30:00+00:00,11.899999618530273,11.899999618530273,11.890000343322754,11.890000343322754,45411,0.0,0.0,0.0
2025-04-25 01:35:00+00:00,11.890000343322754,11.920000076293945,11.890000343322754,11.920000076293945,145225,0.0,0.0,0.0
2025-04-25 01:40:00+00:00,11.920000076293945,11.930000305175781,11.920000076293945,11.920000076293945,101276,0.0,0.0,0.0
2025-04-25 01:45:00+00:00,11.920000076293945,11.930000305175781,11.90999984741211,11.90999984741211,32373,0.0,0.0,0.0
2025-04-25 01:50:00+00:00,11.90999984741211,11.90999984741211,11.899999618530273,11.899999618530273,48056,0.0,0.0,0.0
2025-04-25 01:55:00+00:00,11.90999984741211,11.90999984741211,11.890000343322754,11.899999618530273,111123,0.0,0.0,0.0
2025-04-25 02:00:00+00:00,11.899999618530273,11.920000076293945,11.899999618530273,11.920000076293945,65126,0.0,0.0,0.0
2025-04-25 02:05:00+00:00,11.920000076293945,11.920000076293945,11.90999984741211,11.90999984741211,23242,0.0,0.0,0.0
2025-04-25 02:10:00+00:00,11.920000076293945,11.930000305175781,11.920000076293945,11.920000076293945,43259,0.0,0.0,0.0
2025-04-25 02:15:00+00:00,11.920000076293945,11.920000076293945,11.90999984741211,11.90999984741211,12226,0.0,0.0,0.0
2025-04-25 02:20:00+00:00,11.920000076293945,11.920000076293945,11.90999984741211,11.90999984741211,18049,0.0,0.0,0.0
2025-04-25 02:25:00+00:00,11.90999984741211,11.90999984741211,11.90999984741211,11.90999984741211,12346,0.0,0.0,0.0
2025-04-25 02:30:00+00:00,11.90999984741211,11.90999984741211,11.890000343322754,11.890000343322754,71935,0.0,0.0,0.0
2025-04-25 02:35:00+00:00,11.890000343322754,11.920000076293945,11.890000343322754,11.899999618530273,47204,0.0,0.0,0.0
2025-04-25 02:40:00+00:00,11.899999618530273,11.90999984741211,11.890000343322754,11.890000343322754,14615,0.0,0.0,0.0
2025-04-25 02:45:00+00:00,11.890000343322754,11.890000343322754,11.869999885559082,11.880000114440918,38477,0.0,0.0,0.0
2025-04-25 02:50:00+00:00,11.869999885559082,11.869999885559082,11.869999885559082,11.869999885559082,17123,0.0,0.0,0.0
2025-04-25 02:55:00+00:00,11.869999885559082,11.869999885559082,11.859999656677246,11.869999885559082,41070,0.0,0.0,0.0
2025-04-25 03:00:00+00:00,11.869999885559082,11.869999885559082,11.869999885559082,11.869999885559082,1493,0.0,0.0,0.0
2025-04-25 03:05:00+00:00,11.869999885559082,11.869999885559082,11.859999656677246,11.859999656677246,48487,0.0,0.0,0.0
2025-04-25 03:10:00+00:00,11.859999656677246,11.869999885559082,11.859999656677246,11.869999885559082,12246,0.0,0.0,0.0
2025-04-25 03:15:00+00:00,11.869999885559082,11.880000114440918,11.869999885559082,11.880000114440918,37050,0.0,0.0,0.0
2025-04-25 03:20:00+00:00,11.880000114440918,11.890000343322754,11.880000114440918,11.890000343322754,37052,0.0,0.0,0.0
2025-04-25 03:25:00+00:00,11.880000114440918,11.890000343322754,11.880000114440918,11.890000343322754,12177,0.0,0.0,0.0
2025-04-25 03:30:00+00:00,11.890000343322754,11.890000343322754,11.890000343322754,11.890000343322754,3130,0.0,0.0,0.0
2025-04-25 03:35:00+00:00,11.880000114440918,11.880000114440918,11.880000114440918,11.880000114440918,1434,0.0,0.0,0.0
2025-04-25 03:40:00+00:00,11.880000114440918,11.880000114440918,11.869999885559082,11.869999885559082,2033,0.0,0.0,0.0
2025-04-25 03:45:00+00:00,11.859999656677246,11.869999885559082,11.859999656677246,11.869999885559082,19427,0.0,0.0,0.0
2025-04-25 03:50:00+00:00,11.869999885559082,11.869999885559082,11.869999885559082,11.869999885559082,71318,0.0,0.0,0.0
2025-04-25 03:55:00+00:00,11.880000114440918,11.880000114440918,11.880000114440918,11.880000114440918,20177,0.0,0.0,0.0
2025-04-25 04:00:00+00:00,11.880000114440918,11.890000343322754,11.880000114440918,11.890000343322754,71195,0.0,0.0,0.0
2025-04-25 04:05:00+00:00,11.890000343322754,11.90999984741211,11.890000343322754,11.90999984741211,171817,0.0,0.0,0.0
2025-04-25 04:10:00+00:00,11.920000076293945,11.920000076293945,11.920000076293945,11.920000076293945,2839,0.0,0.0,0.0
2025-04-25 04:15:00+00:00,11.920000076293945,11.920000076293945,11.90999984741211,11.90999984741211,11450,0.0,0.0,0.0
2025-04-25 04:20:00+00:00,11.920000076293945,11.920000076293945,11.899999618530273,11.899999618530273,37987,0.0,0.0,0.0
2025-04-25 04:25:00+00:00,11.899999618530273,11.899999618530273,11.890000343322754,11.890000343322754,13649,0.0,0.0,0.0
2025-04-25 04:30:00+00:00,11.899999618530273,11.899999618530273,11.880000114440918,11.890000343322754,56303,0.0,0.0,0.0
2025-04-25 04:35:00+00:00,11.890000343322754,11.890000343322754,11.880000114440918,11.880000114440918,23042,0.0,0.0,0.0
2025-04-25 04:40:00+00:00,11.899999618530273,11.899999618530273,11.899999618530273,11.899999618530273,3200,0.0,0.0,0.0
2025-04-25 04:45:00+00:00,11.890000343322754,11.890000343322754,11.880000114440918,11.880000114440918,21747,0.0,0.0,0.0
2025-04-25 04:50:00+00:00,11.880000114440918,11.890000343322754,11.880000114440918,11.880000114440918,11113,0.0,0.0,0.0
2025-04-25 04:55:00+00:00,11.880000114440918,11.880000114440918,11.880000114440918,11.880000114440918,5422,0.0,0.0,0.0
2025-04-25 05:00:00+00:00,11.869999885559082,11.880000114440918,11.869999885559082,11.880000114440918,3580,0.0,0.0,0.0
2025-04-25 05:05:00+00:00,11.890000343322754,11.890000343322754,11.890000343322754,11.890000343322754,21395,0.0,0.0,0.0
2025-04-25 05:10:00+00:00,11.890000343322754,11.890000343322754,11.880000114440918,11.880000114440918,10704,0.0,0.0,0.0
2025-04-25 05:15:00+00:00,11.890000343322754,11.890000343322754,11.880000114440918,11.880000114440918,8533,0.0,0.0,0.0
2025-04-25 05:20:00+00:00,11.880000114440918,11.880000114440918,11.869999885559082,11.869999885559082,24537,0.0,0.0,0.0
2025-04-28 01:00:00+00:00,11.949999809265137,11.949999809265137,11.930000305175781,11.9399995803833,0,0.0,0.0,0.0
2025-04-28 01:05:00+00:00,11.949999809265137,11.949999809265137,11.920000076293945,11.930000305175781,60000,0.0,0.0,0.0
2025-04-28 01:10:00+00:00,11.930000305175781,11.970000267028809,11.930000305175781,11.960000038146973,82078,0.0,0.0,0.0
2025-04-28 01:15:00+00:00,11.970000267028809,11.970000267028809,11.949999809265137,11.949999809265137,43387,0.0,0.0,0.0
2025-04-28 01:20:00+00:00,11.960000038146973,11.970000267028809,11.960000038146973,11.960000038146973,25546,0.0,0.0,0.0
2025-04-28 01:25:00+00:00,11.960000038146973,11.960000038146973,11.960000038146973,11.960000038146973,25015,0.0,0.0,0.0
2025-04-28 01:30:00+00:00,11.970000267028809,11.970000267028809,11.949999809265137,11.960000038146973,75685,0.0,0.0,0.0
2025-04-28 01:35:00+00:00,11.960000038146973,11.970000267028809,11.960000038146973,11.960000038146973,16366,0.0,0.0,0.0
2025-04-28 01:40:00+00:00,11.970000267028809,11.979999542236328,11.960000038146973,11.979999542236328,104667,0.0,0.0,0.0
2025-04-28 01:45:00+00:00,11.979999542236328,12.0,11.979999542236328,12.0,53777,0.0,0.0,0.0
2025-04-28 01:50:00+00:00,12.0,12.0,11.979999542236328,11.979999542236328,29680,0.0,0.0,0.0
2025-04-28 01:55:00+00:00,11.979999542236328,11.979999542236328,11.970000267028809,11.970000267028809,48142,0.0,0.0,0.0
2025-04-28 02:00:00+00:00,11.979999542236328,11.979999542236328,11.970000267028809,11.970000267028809,46506,0.0,0.0,0.0
2025-04-28 02:05:00+00:00,11.970000267028809,11.979999542236328,11.970000267028809,11.979999542236328,46246,0.0,0.0,0.0
2025-04-28 02:10:00+00:00,11.979999542236328,12.0,11.979999542236328,11.989999771118164,42149,0.0,0.0,0.0
2025-04-28 02:15:00+00:00,11.979999542236328,11.989999771118164,11.979999542236328,11.979999542236328,7363,0.0,0.0,0.0
2025-04-28 02:20:00+00:00,11.979999542236328,11.979999542236328,11.970000267028809,11.979999542236328,4213,0.0,0.0,0.0
2025-04-28 02:25:00+00:00,11.989999771118164,11.989999771118164,11.970000267028809,11.979999542236328,12061,0.0,0.0,0.0
2025-04-28 02:30:00+00:00,11.989999771118164,11.989999771118164,11.979999542236328,11.979999542236328,6161,0.0,0.0,0.0
2025-04-28 02:35:00+00:00,11.979999542236328,11.979999542236328,11.970000267028809,11.970000267028809,11182,0.0,0.0,0.0
2025-04-28 02:40:00+00:00,11.970000267028809,11.970000267028809,11.949999809265137,11.949999809265137,204340,0.0,0.0,0.0
2025-04-28 02:45:00+00:00,11.960000038146973,11.960000038146973,11.960000038146973,11.960000038146973,21969,0.0,0.0,0.0
2025-04-28 02:50:00+00:00,11.960000038146973,11.960000038146973,11.949999809265137,11.949999809265137,30145,0.0,0.0,0.0
2025-04-28 02:55:00+00:00,11.960000038146973,11.960000038146973,11.949999809265137,11.949999809265137,30628,0.0,0.0,0.0
2025-04-28 03:00:00+00:00,11.949999809265137,11.949999809265137,11.949999809265137,11.949999809265137,6486,0.0,0.0,0.0
2025-04-28 03:05:00+00:00,11.949999809265137,11.949999809265137,11.949999809265137,11.949999809265137,6251,0.0,0.0,0.0
2025-04-28 03:10:00+00:00,11.949999809265137,11.949999809265137,11.949999809265137,11.949999809265137,2553,0.0,0.0,0.0
2025-04-28 03:15:00+00:00,11.949999809265137,11.949999809265137,11.9399995803833,11.9399995803833,9130,0.0,0.0,0.0
2025-04-28 03:20:00+00:00,11.949999809265137,11.949999809265137,11.949999809265137,11.949999809265137,4049,0.0,0.0,0.0
2025-04-28 03:25:00+00:00,11.949999809265137,11.949999809265137,11.930000305175781,11.9399995803833,74354,0.0,0.0,0.0
2025-04-28 03:30:00+00:00,11.949999809265137,11.949999809265137,11.949999809265137,11.949999809265137,2345,0.0,0.0,0.0
2025-04-28 03:35:00+00:00,11.9399995803833,11.9399995803833,11.9399995803833,11.9399995803833,3860,0.0,0.0,0.0
2025-04-28 03:40:00+00:00,11.9399995803833,11.9399995803833,11.9399995803833,11.9399995803833,2529,0.0,0.0,0.0
2025-04-28 03:45:00+00:00,11.9399995803833,11.9399995803833,11.9399995803833,11.9399995803833,2031,0.0,0.0,0.0
2025-04-28 03:50:00+00:00,11.9399995803833,11.9399995803833,11.930000305175781,11.930000305175781,23203,0.0,0.0,0.0
2025-04-28 03:55:00+00:00,11.9399995803833,11.9399995803833,11.9399995803833,11.9399995803833,5175,0.0,0.0,0.0
2025-04-28 04:00:00+00:00,11.9399995803833,11.9399995803833,11.9399995803833,11.9399995803833,21054,0.0,0.0,0.0
2025-04-28 04:05:00+00:00,11.949999809265137,11.949999809265137,11.949999809265137,11.949999809265137,55036,0.0,0.0,0.0
2025-04-28 04:10:00+00:00,11.960000038146973,11.960000038146973,11.960000038146973,11.960000038146973,4239,0.0,0.0,0.0
2025-04-28 04:15:00+00:00,11.960000038146973,11.960000038146973,11.960000038146973,11.960000038146973,11113,0.0,0.0,0.0
2025-04-28 04:20:00+00:00,11.960000038146973,11.960000038146973,11.960000038146973,11.960000038146973,3132,0.0,0.0,0.0
2025-04-28 04:25:00+00:00,11.960000038146973,11.960000038146973,11.960000038146973,11.960000038146973,3437,0.0,0.0,0.0
2025-04-28 04:30:00+00:00,11.960000038146973,11.960000038146973,11.960000038146973,11.960000038146973,5256,0.0,0.0,0.0
2025-04-28 04:35:00+00:00,11.960000038146973,11.960000038146973,11.949999809265137,11.949999809265137,3110,0.0,0.0,0.0
2025-04-28 04:40:00+00:00,11.960000038146973,11.960000038146973,11.960000038146973,11.960000038146973,39100,0.0,0.0,0.0
2025-04-28 04:45:00+00:00,11.960000038146973,11.960000038146973,11.960000038146973,11.960000038146973,5383,0.0,0.0,0.0
2025-04-28 04:50:00+00:00,11.970000267028809,11.970000267028809,11.970000267028809,11.970000267028809,7038,0.0,0.0,0.0
2025-04-28 04:55:00+00:00,11.970000267028809,11.970000267028809,11.960000038146973,11.960000038146973,14922,0.0,0.0,0.0
2025-04-28 05:00:00+00:00,11.970000267028809,11.970000267028809,11.960000038146973,11.960000038146973,2250,0.0,0.0,0.0
2025-04-28 05:05:00+00:00,11.949999809265137,11.960000038146973,11.949999809265137,11.949999809265137,14321,0.0,0.0,0.0
2025-04-28 05:10:00+00:00,11.949999809265137,11.949999809265137,11.949999809265137,11.949999809265137,14277,0.0,0.0,0.0
2025-04-28 05:15:00+00:00,11.960000038146973,11.960000038146973,11.949999809265137,11.949999809265137,8293,0.0,0.0,0.0
2025-04-28 05:20:00+00:00,11.949999809265137,11.949999809265137,11.9399995803833,11.9399995803833,20270,0.0,0.0,0.0
2025-04-29 01:00:00+00:00,11.960000038146973,11.960000038146973,11.949999809265137,11.949999809265137,0,0.0,0.0,0.0
2025-04-29 01:05:00+00:00,11.960000038146973,11.970000267028809,11.949999809265137,11.949999809265137,30000,0.0,0.0,0.0
2025-04-29 01:10:00+00:00,11.960000038146973,11.960000038146973,11.960000038146973,11.960000038146973,9822,0.0,0.0,0.0
2025-04-29 01:15:00+00:00,11.960000038146973,11.960000038146973,11.9399995803833,11.949999809265137,36507,0.0,0.0,0.0
2025-04-29 01:20:00+00:00,11.930000305175781,11.9399995803833,11.930000305175781,11.9399995803833,33506,0.0,0.0,0.0
2025-04-29 01:25:00+00:00,11.9399995803833,11.9399995803833,11.9399995803833,11.9399995803833,21118,0.0,0.0,0.0
2025-04-29 01:30:00+00:00,11.949999809265137,11.949999809265137,11.930000305175781,11.930000305175781,23287,0.0,0.0,0.0
2025-04-29 01:35:00+00:00,11.930000305175781,11.930000305175781,11.920000076293945,11.920000076293945,4028,0.0,0.0,0.0
2025-04-29 01:40:00+00:00,11.920000076293945,11.920000076293945,11.920000076293945,11.920000076293945,55028,0.0,0.0,0.0
2025-04-29 01:45:00+00:00,11.930000305175781,11.9399995803833,11.930000305175781,11.9399995803833,29166,0.0,0.0,0.0
2025-04-29 01:50:00+00:00,11.9399995803833,11.949999809265137,11.9399995803833,11.9399995803833,4429,0.0,0.0,0.0
2025-04-29 01:55:00+00:00,11.9399995803833,11.949999809265137,11.9399995803833,11.949999809265137,9037,0.0,0.0,0.0
2025-04-29 02:00:00+00:00,11.949999809265137,11.989999771118164,11.949999809265137,11.989999771118164,175664,0.0,0.0,0.0
2025-04-29 02:05:00+00:00,11.989999771118164,12.0,11.989999771118164,11.989999771118164,9545,0.0,0.0,0.0
2025-04-29 02:10:00+00:00,12.0,12.029999732971191,12.0,12.029999732971191,314314,0.0,0.0,0.0
2025-04-29 02:15:00+00:00,12.039999961853027,12.039999961853027,12.029999732971191,12.039999961853027,8244,0.0,0.0,0.0
2025-04-29 02:20:00+00:00,12.039999961853027,12.039999961853027,12.029999732971191,12.039999961853027,83037,0.0,0.0,0.0
2025-04-29 02:25:00+00:00,12.039999961853027,12.039999961853027,12.039999961853027,12.039999961853027,10072,0.0,0.0,0.0
2025-04-29 02:30:00+00:00,12.039999961853027,12.039999961853027,12.039999961853027,12.039999961853027,34446,0.0,0.0,0.0
2025-04-29 02:35:00+00:00,12.039999961853027,12.039999961853027,12.029999732971191,12.029999732971191,8200,0.0,0.0,0.0
2025-04-29 02:40:00+00:00,12.029999732971191,12.029999732971191,12.029999732971191,12.029999732971191,5553,0.0,0.0,0.0
2025-04-29 02:45:00+00:00,12.029999732971191,12.029999732971191,12.020000457763672,12.020000457763672,22311,0.0,0.0,0.0
2025-04-29 02:50:00+00:00,12.010000228881836,12.010000228881836,12.0,12.0,34177,0.0,0.0,0.0
2025-04-29 02:55:00+00:00,12.010000228881836,12.010000228881836,12.0,12.0,12010,0.0,0.0,0.0
2025-04-29 03:00:00+00:00,12.0,12.010000228881836,12.0,12.0,16286,0.0,0.0,0.0
2025-04-29 03:10:00+00:00,12.010000228881836,12.010000228881836,12.010000228881836,12.010000228881836,6021,0.0,0.0,0.0
2025-04-29 03:15:00+00:00,12.020000457763672,12.020000457763672,12.010000228881836,12.010000228881836,58502,0.0,0.0,0.0
2025-04-29 03:20:00+00:00,12.010000228881836,12.010000228881836,12.010000228881836,12.010000228881836,29106,0.0,0.0,0.0
2025-04-29 03:25:00+00:00,12.010000228881836,12.020000457763672,12.010000228881836,12.020000457763672,86044,0.0,0.0,0.0
2025-04-29 03:30:00+00:00,12.020000457763672,12.020000457763672,12.010000228881836,12.010000228881836,9217,0.0,0.0,0.0
2025-04-29 03:35:00+00:00,12.010000228881836,12.010000228881836,12.0,12.0,16226,0.0,0.0,0.0
2025-04-29 03:40:00+00:00,12.0,12.0,12.0,12.0,23013,0.0,0.0,0.0
2025-04-29 03:45:00+00:00,12.010000228881836,12.010000228881836,12.0,12.010000228881836,12522,0.0,0.0,0.0
2025-04-29 03:50:00+00:00,12.010000228881836,12.020000457763672,12.010000228881836,12.020000457763672,62297,0.0,0.0,0.0
2025-04-29 03:55:00+00:00,12.020000457763672,12.020000457763672,12.010000228881836,12.020000457763672,13031,0.0,0.0,0.0
2025-04-29 04:00:00+00:00,12.029999732971191,12.029999732971191,12.020000457763672,12.020000457763672,5101,0.0,0.0,0.0
2025-04-29 04:05:00+00:00,12.020000457763672,12.020000457763672,12.010000228881836,12.010000228881836,42342,0.0,0.0,0.0
2025-04-29 04:10:00+00:00,12.020000457763672,12.020000457763672,12.020000457763672,12.020000457763672,11677,0.0,0.0,0.0
2025-04-29 04:15:00+00:00,12.020000457763672,12.020000457763672,12.010000228881836,12.020000457763672,7016,0.0,0.0,0.0
2025-04-29 04:20:00+00:00,12.020000457763672,12.020000457763672,12.010000228881836,12.020000457763672,47336,0.0,0.0,0.0
2025-04-29 04:25:00+00:00,12.020000457763672,12.029999732971191,12.020000457763672,12.029999732971191,22256,0.0,0.0,0.0
2025-04-29 04:30:00+00:00,12.029999732971191,12.029999732971191,12.020000457763672,12.029999732971191,72334,0.0,0.0,0.0
2025-04-29 04:35:00+00:00,12.029999732971191,12.029999732971191,12.020000457763672,12.020000457763672,2220,0.0,0.0,0.0
2025-04-29 04:40:00+00:00,12.029999732971191,12.029999732971191,12.020000457763672,12.029999732971191,21310,0.0,0.0,0.0
2025-04-29 04:45:00+00:00,12.029999732971191,12.039999961853027,12.029999732971191,12.039999961853027,36046,0.0,0.0,0.0
2025-04-29 04:50:00+00:00,12.039999961853027,12.039999961853027,12.039999961853027,12.039999961853027,3267,0.0,0.0,0.0
2025-04-29 04:55:00+00:00,12.039999961853027,12.039999961853027,12.039999961853027,12.039999961853027,26474,0.0,0.0,0.0
2025-04-29 05:00:00+00:00,12.039999961853027,12.039999961853027,12.039999961853027,12.039999961853027,27197,0.0,0.0,0.0
2025-04-29 05:05:00+00:00,12.039999961853027,12.039999961853027,12.039999961853027,12.039999961853027,4010,0.0,0.0,0.0
2025-04-29 05:10:00+00:00,12.050000190734863,12.050000190734863,12.039999961853027,12.039999961853027,5161,0.0,0.0,0.0
2025-04-29 05:15:00+00:00,12.050000190734863,12.050000190734863,12.029999732971191,12.029999732971191,12854,0.0,0.0,0.0
2025-04-29 05:20:00+00:00,12.029999732971191,12.039999961853027,12.029999732971191,12.029999732971191,20827,0.0,0.0,0.0
2025-04-30 01:00:00+00:00,12.039999961853027,12.039999961853027,12.010000228881836,12.020000457763672,0,0.0,0.0,0.0
2025-04-30 01:05:00+00:00,12.020000457763672,12.020000457763672,12.010000228881836,12.020000457763672,79987,0.0,0.0,0.0
2025-04-30 01:10:00+00:00,12.020000457763672,12.039999961853027,12.020000457763672,12.039999961853027,18078,0.0,0.0,0.0
2025-04-30 01:15:00+00:00,12.039999961853027,12.039999961853027,12.029999732971191,12.039999961853027,65427,0.0,0.0,0.0
2025-04-30 01:20:00+00:00,12.050000190734863,12.050000190734863,12.029999732971191,12.029999732971191,55027,0.0,0.0,0.0
2025-04-30 01:25:00+00:00,12.029999732971191,12.029999732971191,12.029999732971191,12.029999732971191,9227,0.0,0.0,0.0
2025-04-30 01:30:00+00:00,12.029999732971191,12.029999732971191,12.020000457763672,12.020000457763672,32863,0.0,0.0,0.0
2025-04-30 01:35:00+00:00,12.020000457763672,12.029999732971191,12.020000457763672,12.029999732971191,72689,0.0,0.0,0.0
2025-04-30 01:40:00+00:00,12.029999732971191,12.039999961853027,12.029999732971191,12.029999732971191,114243,0.0,0.0,0.0
2025-04-30 01:45:00+00:00,12.029999732971191,12.029999732971191,12.020000457763672,12.020000457763672,8378,0.0,0.0,0.0
2025-04-30 01:55:00+00:00,12.020000457763672,12.020000457763672,12.020000457763672,12.020000457763672,6021,0.0,0.0,0.0
2025-04-30 02:00:00+00:00,12.029999732971191,12.039999961853027,12.029999732971191,12.029999732971191,16553,0.0,0.0,0.0
2025-04-30 02:05:00+00:00,12.029999732971191,12.050000190734863,12.020000457763672,12.050000190734863,43343,0.0,0.0,0.0
2025-04-30 02:10:00+00:00,12.050000190734863,12.09000015258789,12.050000190734863,12.09000015258789,93343,0.0,0.0,0.0
2025-04-30 02:15:00+00:00,12.09000015258789,12.100000381469727,12.079999923706055,12.079999923706055,6668,0.0,0.0,0.0
2025-04-30 02:20:00+00:00,12.069999694824219,12.069999694824219,12.0600004196167,12.0600004196167,78144,0.0,0.0,0.0
2025-04-30 02:25:00+00:00,12.079999923706055,12.079999923706055,12.0600004196167,12.079999923706055,174199,0.0,0.0,0.0
2025-04-30 02:30:00+00:00,12.069999694824219,12.079999923706055,12.069999694824219,12.079999923706055,6120,0.0,0.0,0.0
2025-04-30 02:35:00+00:00,12.069999694824219,12.069999694824219,12.069999694824219,12.069999694824219,2569,0.0,0.0,0.0
2025-04-30 02:40:00+00:00,12.0600004196167,12.0600004196167,12.0600004196167,12.0600004196167,13038,0.0,0.0,0.0
2025-04-30 02:45:00+00:00,12.0600004196167,12.0600004196167,12.050000190734863,12.050000190734863,12237,0.0,0.0,0.0
2025-04-30 02:50:00+00:00,12.050000190734863,12.050000190734863,12.029999732971191,12.029999732971191,12832,0.0,0.0,0.0
2025-04-30 02:55:00+00:00,12.039999961853027,12.039999961853027,12.020000457763672,12.020000457763672,60045,0.0,0.0,0.0
2025-04-30 03:00:00+00:00,12.020000457763672,12.020000457763672,12.010000228881836,12.020000457763672,58266,0.0,0.0,0.0
2025-04-30 03:05:00+00:00,12.029999732971191,12.029999732971191,12.0,12.0,30277,0.0,0.0,0.0
2025-04-30 03:10:00+00:00,12.0,12.0,11.989999771118164,11.989999771118164,70383,0.0,0.0,0.0
2025-04-30 03:15:00+00:00,11.989999771118164,12.0,11.989999771118164,12.0,14131,0.0,0.0,0.0
2025-04-30 03:20:00+00:00,12.0,12.0,12.0,12.0,13159,0.0,0.0,0.0
2025-04-30 03:30:00+00:00,12.020000457763672,12.020000457763672,12.0,12.0,31676,0.0,0.0,0.0
2025-04-30 03:40:00+00:00,11.989999771118164,11.989999771118164,11.989999771118164,11.989999771118164,11307,0.0,0.0,0.0
2025-04-30 03:45:00+00:00,12.0,12.0,11.989999771118164,12.0,13695,0.0,0.0,0.0
2025-04-30 03:50:00+00:00,12.0,12.0,11.989999771118164,12.0,52050,0.0,0.0,0.0
2025-04-30 03:55:00+00:00,12.010000228881836,12.010000228881836,12.010000228881836,12.010000228881836,34000,0.0,0.0,0.0
2025-04-30 04:00:00+00:00,12.020000457763672,12.020000457763672,12.020000457763672,12.020000457763672,5643,0.0,0.0,0.0
2025-04-30 04:05:00+00:00,12.010000228881836,12.010000228881836,12.010000228881836,12.010000228881836,21529,0.0,0.0,0.0
2025-04-30 04:15:00+00:00,12.020000457763672,12.020000457763672,12.010000228881836,12.020000457763672,23199,0.0,0.0,0.0
2025-04-30 04:20:00+00:00,12.020000457763672,12.020000457763672,12.010000228881836,12.010000228881836,5014,0.0,0.0,0.0
2025-04-30 04:25:00+00:00,12.010000228881836,12.020000457763672,12.010000228881836,12.020000457763672,31024,0.0,0.0,0.0
2025-04-30 04:30:00+00:00,12.020000457763672,12.020000457763672,12.010000228881836,12.010000228881836,8165,0.0,0.0,0.0
2025-04-30 04:35:00+00:00,12.0,12.0,12.0,12.0,22686,0.0,0.0,0.0
2025-04-30 04:40:00+00:00,12.0,12.020000457763672,12.0,12.020000457763672,11000,0.0,0.0,0.0
2025-04-30 04:45:00+00:00,12.010000228881836,12.010000228881836,12.010000228881836,12.010000228881836,11000,0.0,0.0,0.0
2025-04-30 04:50:00+00:00,12.010000228881836,12.010000228881836,12.0,12.0,11164,0.0,0.0,0.0
2025-04-30 04:55:00+00:00,12.0,12.010000228881836,12.0,12.0,23532,0.0,0.0,0.0
2025-04-30 05:00:00+00:00,12.0,12.010000228881836,12.0,12.010000228881836,2000,0.0,0.0,0.0
2025-04-30 05:05:00+00:00,12.010000228881836,12.020000457763672,12.010000228881836,12.010000228881836,60704,0.0,0.0,0.0
2025-04-30 05:10:00+00:00,12.010000228881836,12.010000228881836,12.010000228881836,12.010000228881836,3501,0.0,0.0,0.0
2025-04-30 05:15:00+00:00,12.010000228881836,12.010000228881836,12.0,12.0,86146,0.0,0.0,0.0
2025-04-30 05:20:00+00:00,12.010000228881836,12.010000228881836,12.0,12.0,509486,0.0,0.0,0.0
2025-05-02 01:00:00+00:00,12.220000267028809,12.260000228881836,12.220000267028809,12.25,0,0.0,0.0,0.0
2025-05-02 01:05:00+00:00,12.25,12.25,12.239999771118164,12.239999771118164,76314,0.0,0.0,0.0
2025-05-02 01:10:00+00:00,12.25,12.270000457763672,12.25,12.260000228881836,247865,0.0,0.0,0.0
2025-05-02 01:15:00+00:00,12.260000228881836,12.270000457763672,12.260000228881836,12.260000228881836,105350,0.0,0.0,0.0
2025-05-02 01:20:00+00:00,12.260000228881836,12.270000457763672,12.25,12.260000228881836,127741,0.0,0.0,0.0
2025-05-02 01:25:00+00:00,12.270000457763672,12.270000457763672,12.25,12.25,68114,0.0,0.0,0.0
2025-05-02 01:30:00+00:00,12.25,12.25,12.239999771118164,12.25,41049,0.0,0.0,0.0
2025-05-02 01:35:00+00:00,12.25,12.25,12.239999771118164,12.25,47312,0.0,0.0,0.0
2025-05-02 01:40:00+00:00,12.239999771118164,12.239999771118164,12.229999542236328,12.229999542236328,56001,0.0,0.0,0.0
2025-05-02 01:45:00+00:00,12.229999542236328,12.260000228881836,12.229999542236328,12.260000228881836,88528,0.0,0.0,0.0
2025-05-02 01:50:00+00:00,12.25,12.260000228881836,12.25,12.260000228881836,102129,0.0,0.0,0.0
2025-05-02 01:55:00+00:00,12.270000457763672,12.270000457763672,12.260000228881836,12.260000228881836,22052,0.0,0.0,0.0
2025-05-02 02:00:00+00:00,12.260000228881836,12.270000457763672,12.25,12.25,67161,0.0,0.0,0.0
2025-05-02 02:05:00+00:00,12.270000457763672,12.279999732971191,12.260000228881836,12.279999732971191,241468,0.0,0.0,0.0
2025-05-02 02:10:00+00:00,12.279999732971191,12.279999732971191,12.279999732971191,12.279999732971191,4030,0.0,0.0,0.0
2025-05-02 02:15:00+00:00,12.270000457763672,12.289999961853027,12.270000457763672,12.279999732971191,69037,0.0,0.0,0.0
2025-05-02 02:20:00+00:00,12.279999732971191,12.279999732971191,12.260000228881836,12.279999732971191,78182,0.0,0.0,0.0
2025-05-02 02:25:00+00:00,12.289999961853027,12.289999961853027,12.279999732971191,12.279999732971191,18148,0.0,0.0,0.0
2025-05-02 02:30:00+00:00,12.279999732971191,12.289999961853027,12.279999732971191,12.289999961853027,14027,0.0,0.0,0.0
2025-05-02 02:35:00+00:00,12.289999961853027,12.289999961853027,12.279999732971191,12.289999961853027,56028,0.0,0.0,0.0
2025-05-02 02:40:00+00:00,12.289999961853027,12.300000190734863,12.289999961853027,12.300000190734863,70231,0.0,0.0,0.0
2025-05-02 02:45:00+00:00,12.300000190734863,12.300000190734863,12.279999732971191,12.300000190734863,10054,0.0,0.0,0.0
2025-05-02 02:50:00+00:00,12.300000190734863,12.300000190734863,12.289999961853027,12.300000190734863,7028,0.0,0.0,0.0
2025-05-02 02:55:00+00:00,12.300000190734863,12.300000190734863,12.300000190734863,12.300000190734863,14429,0.0,0.0,0.0
2025-05-02 03:00:00+00:00,12.300000190734863,12.300000190734863,12.279999732971191,12.289999961853027,15310,0.0,0.0,0.0
2025-05-02 03:05:00+00:00,12.289999961853027,12.289999961853027,12.289999961853027,12.289999961853027,12135,0.0,0.0,0.0
2025-05-02 03:10:00+00:00,12.289999961853027,12.300000190734863,12.289999961853027,12.289999961853027,17252,0.0,0.0,0.0
2025-05-02 03:15:00+00:00,12.289999961853027,12.289999961853027,12.289999961853027,12.289999961853027,5328,0.0,0.0,0.0
2025-05-02 03:20:00+00:00,12.289999961853027,12.289999961853027,12.289999961853027,12.289999961853027,7450,0.0,0.0,0.0
2025-05-02 03:25:00+00:00,12.289999961853027,12.289999961853027,12.279999732971191,12.279999732971191,3287,0.0,0.0,0.0
2025-05-02 03:30:00+00:00,12.289999961853027,12.319999694824219,12.289999961853027,12.319999694824219,268095,0.0,0.0,0.0
2025-05-02 03:35:00+00:00,12.3100004196167,12.3100004196167,12.3100004196167,12.3100004196167,3785,0.0,0.0,0.0
2025-05-02 03:40:00+00:00,12.3100004196167,12.319999694824219,12.3100004196167,12.3100004196167,38035,0.0,0.0,0.0
2025-05-02 03:45:00+00:00,12.3100004196167,12.3100004196167,12.3100004196167,12.3100004196167,17198,0.0,0.0,0.0
2025-05-02 03:50:00+00:00,12.319999694824219,12.319999694824219,12.3100004196167,12.3100004196167,14204,0.0,0.0,0.0
2025-05-02 03:55:00+00:00,12.300000190734863,12.3100004196167,12.300000190734863,12.3100004196167,6584,0.0,0.0,0.0
2025-05-02 04:00:00+00:00,12.3100004196167,12.3100004196167,12.300000190734863,12.300000190734863,88203,0.0,0.0,0.0
2025-05-02 04:05:00+00:00,12.300000190734863,12.300000190734863,12.300000190734863,12.300000190734863,8247,0.0,0.0,0.0
2025-05-02 04:10:00+00:00,12.300000190734863,12.3100004196167,12.300000190734863,12.3100004196167,31845,0.0,0.0,0.0
2025-05-02 04:15:00+00:00,12.3100004196167,12.3100004196167,12.3100004196167,12.3100004196167,1140,0.0,0.0,0.0
2025-05-02 04:20:00+00:00,12.3100004196167,12.3100004196167,12.300000190734863,12.300000190734863,29186,0.0,0.0,0.0
2025-05-02 04:25:00+00:00,12.300000190734863,12.300000190734863,12.300000190734863,12.300000190734863,5480,0.0,0.0,0.0
2025-05-02 04:30:00+00:00,12.3100004196167,12.3100004196167,12.300000190734863,12.300000190734863,11261,0.0,0.0,0.0
2025-05-02 04:35:00+00:00,12.300000190734863,12.300000190734863,12.289999961853027,12.300000190734863,22252,0.0,0.0,0.0
2025-05-02 04:40:00+00:00,12.300000190734863,12.300000190734863,12.300000190734863,12.300000190734863,1164,0.0,0.0,0.0
2025-05-02 04:45:00+00:00,12.300000190734863,12.300000190734863,12.289999961853027,12.300000190734863,47270,0.0,0.0,0.0
2025-05-02 04:50:00+00:00,12.300000190734863,12.3100004196167,12.300000190734863,12.300000190734863,35810,0.0,0.0,0.0
2025-05-02 04:55:00+00:00,12.300000190734863,12.3100004196167,12.300000190734863,12.3100004196167,19561,0.0,0.0,0.0
2025-05-02 05:00:00+00:00,12.300000190734863,12.3100004196167,12.300000190734863,12.3100004196167,22197,0.0,0.0,0.0
2025-05-02 05:05:00+00:00,12.3100004196167,12.319999694824219,12.300000190734863,12.319999694824219,206585,0.0,0.0,0.0
2025-05-02 05:10:00+00:00,12.300000190734863,12.3100004196167,12.300000190734863,12.3100004196167,5064,0.0,0.0,0.0
2025-05-02 05:15:00+00:00,12.3100004196167,12.3100004196167,12.300000190734863,12.3100004196167,25721,0.0,0.0,0.0
2025-05-02 05:20:00+00:00,12.3100004196167,12.319999694824219,12.3100004196167,12.319999694824219,26689,0.0,0.0,0.0
2025-05-05 01:00:00+00:00,12.399999618530273,12.420000076293945,12.369999885559082,12.380000114440918,0,0.0,0.0,0.0
2025-05-05 01:05:00+00:00,12.390000343322754,12.390000343322754,12.300000190734863,12.300000190734863,308938,0.0,0.0,0.0
2025-05-05 01:10:00+00:00,12.300000190734863,12.319999694824219,12.300000190734863,12.319999694824219,173217,0.0,0.0,0.0
2025-05-05 01:15:00+00:00,12.319999694824219,12.369999885559082,12.319999694824219,12.329999923706055,136162,0.0,0.0,0.0
2025-05-05 01:20:00+00:00,12.329999923706055,12.34000015258789,12.289999961853027,12.289999961853027,89620,0.0,0.0,0.0
2025-05-05 01:25:00+00:00,12.289999961853027,12.300000190734863,12.25,12.25,71215,0.0,0.0,0.0
2025-05-05 01:30:00+00:00,12.239999771118164,12.239999771118164,12.1899995803833,12.199999809265137,313708,0.0,0.0,0.0
2025-05-05 01:35:00+00:00,12.210000038146973,12.229999542236328,12.149999618530273,12.170000076293945,335957,0.0,0.0,0.0
2025-05-05 01:40:00+00:00,12.180000305175781,12.180000305175781,12.149999618530273,12.149999618530273,45687,0.0,0.0,0.0
2025-05-05 01:45:00+00:00,12.149999618530273,12.15999984741211,12.100000381469727,12.100000381469727,71749,0.0,0.0,0.0
2025-05-05 01:50:00+00:00,12.109999656677246,12.130000114440918,12.09000015258789,12.130000114440918,187046,0.0,0.0,0.0
2025-05-05 01:55:00+00:00,12.119999885559082,12.119999885559082,12.100000381469727,12.109999656677246,100345,0.0,0.0,0.0
2025-05-05 02:00:00+00:00,12.119999885559082,12.149999618530273,12.119999885559082,12.130000114440918,94860,0.0,0.0,0.0
2025-05-05 02:05:00+00:00,12.130000114440918,12.130000114440918,12.0600004196167,12.069999694824219,83519,0.0,0.0,0.0
2025-05-05 02:10:00+00:00,12.0600004196167,12.100000381469727,12.0600004196167,12.100000381469727,91409,0.0,0.0,0.0
2025-05-05 02:15:00+00:00,12.109999656677246,12.119999885559082,12.100000381469727,12.109999656677246,43734,0.0,0.0,0.0
2025-05-05 02:20:00+00:00,12.09000015258789,12.100000381469727,12.09000015258789,12.100000381469727,23238,0.0,0.0,0.0
2025-05-05 02:25:00+00:00,12.100000381469727,12.109999656677246,12.100000381469727,12.109999656677246,13140,0.0,0.0,0.0
2025-05-05 02:30:00+00:00,12.109999656677246,12.130000114440918,12.079999923706055,12.100000381469727,566275,0.0,0.0,0.0
2025-05-05 02:35:00+00:00,12.079999923706055,12.100000381469727,12.079999923706055,12.079999923706055,25507,0.0,0.0,0.0
2025-05-05 02:40:00+00:00,12.100000381469727,12.100000381469727,12.069999694824219,12.069999694824219,38890,0.0,0.0,0.0
2025-05-05 02:45:00+00:00,12.079999923706055,12.09000015258789,12.069999694824219,12.09000015258789,106152,0.0,0.0,0.0
2025-05-05 02:50:00+00:00,12.09000015258789,12.109999656677246,12.09000015258789,12.109999656677246,18187,0.0,0.0,0.0
2025-05-05 02:55:00+00:00,12.119999885559082,12.119999885559082,12.119999885559082,12.119999885559082,3100,0.0,0.0,0.0
2025-05-05 03:00:00+00:00,12.130000114440918,12.140000343322754,12.130000114440918,12.140000343322754,12678,0.0,0.0,0.0
2025-05-05 03:05:00+00:00,12.140000343322754,12.140000343322754,12.100000381469727,12.100000381469727,78909,0.0,0.0,0.0
2025-05-05 03:10:00+00:00,12.100000381469727,12.140000343322754,12.100000381469727,12.130000114440918,17427,0.0,0.0,0.0
2025-05-05 03:15:00+00:00,12.119999885559082,12.130000114440918,12.100000381469727,12.109999656677246,9294,0.0,0.0,0.0
2025-05-05 03:20:00+00:00,12.130000114440918,12.1899995803833,12.130000114440918,12.170000076293945,37352,0.0,0.0,0.0
2025-05-05 03:25:00+00:00,12.170000076293945,12.170000076293945,12.15999984741211,12.170000076293945,3057,0.0,0.0,0.0
2025-05-05 03:30:00+00:00,12.170000076293945,12.199999809265137,12.149999618530273,12.199999809265137,33438,0.0,0.0,0.0
2025-05-05 03:35:00+00:00,12.199999809265137,12.199999809265137,12.180000305175781,12.1899995803833,39177,0.0,0.0,0.0
2025-05-05 03:40:00+00:00,12.1899995803833,12.199999809265137,12.180000305175781,12.1899995803833,4219,0.0,0.0,0.0
2025-05-05 03:45:00+00:00,12.1899995803833,12.1899995803833,12.1899995803833,12.1899995803833,120501,0.0,0.0,0.0
2025-05-05 03:50:00+00:00,12.199999809265137,12.199999809265137,12.1899995803833,12.1899995803833,4207,0.0,0.0,0.0
2025-05-05 03:55:00+00:00,12.199999809265137,12.199999809265137,12.199999809265137,12.199999809265137,5064,0.0,0.0,0.0
2025-05-05 04:00:00+00:00,12.210000038146973,12.210000038146973,12.210000038146973,12.210000038146973,20672,0.0,0.0,0.0
2025-05-05 04:05:00+00:00,12.199999809265137,12.210000038146973,12.1899995803833,12.210000038146973,62128,0.0,0.0,0.0
2025-05-05 04:10:00+00:00,12.199999809265137,12.210000038146973,12.199999809265137,12.210000038146973,10094,0.0,0.0,0.0
2025-05-05 04:15:00+00:00,12.210000038146973,12.210000038146973,12.210000038146973,12.210000038146973,39571,0.0,0.0,0.0
2025-05-05 04:20:00+00:00,12.210000038146973,12.220000267028809,12.210000038146973,12.220000267028809,35200,0.0,0.0,0.0
2025-05-05 04:25:00+00:00,12.220000267028809,12.220000267028809,12.210000038146973,12.220000267028809,4604,0.0,0.0,0.0
2025-05-05 04:30:00+00:00,12.220000267028809,12.220000267028809,12.199999809265137,12.210000038146973,12895,0.0,0.0,0.0
2025-05-05 04:35:00+00:00,12.220000267028809,12.220000267028809,12.220000267028809,12.220000267028809,5120,0.0,0.0,0.0
2025-05-05 04:40:00+00:00,12.210000038146973,12.220000267028809,12.210000038146973,12.220000267028809,27473,0.0,0.0,0.0
2025-05-05 04:45:00+00:00,12.220000267028809,12.220000267028809,12.220000267028809,12.220000267028809,7270,0.0,0.0,0.0
2025-05-05 04:50:00+00:00,12.220000267028809,12.220000267028809,12.199999809265137,12.199999809265137,44867,0.0,0.0,0.0
2025-05-05 04:55:00+00:00,12.1899995803833,12.1899995803833,12.170000076293945,12.170000076293945,17299,0.0,0.0,0.0
2025-05-05 05:00:00+00:00,12.199999809265137,12.199999809265137,12.180000305175781,12.180000305175781,20292,0.0,0.0,0.0
2025-05-05 05:05:00+00:00,12.199999809265137,12.199999809265137,12.180000305175781,12.180000305175781,12311,0.0,0.0,0.0
2025-05-05 05:10:00+00:00,12.180000305175781,12.1899995803833,12.170000076293945,12.180000305175781,30918,0.0,0.0,0.0
2025-05-05 05:15:00+00:00,12.1899995803833,12.1899995803833,12.170000076293945,12.170000076293945,25959,0.0,0.0,0.0
2025-05-05 05:20:00+00:00,12.180000305175781,12.180000305175781,12.170000076293945,12.170000076293945,53706,0.0,0.0,0.0
2025-05-06 01:00:00+00:00,12.119999885559082,12.119999885559082,12.0600004196167,12.09000015258789,0,0.0,0.0,0.0
2025-05-06 01:05:00+00:00,12.09000015258789,12.100000381469727,12.09000015258789,12.09000015258789,103815,0.0,0.0,0.0
2025-05-06 01:10:00+00:00,12.109999656677246,12.119999885559082,12.100000381469727,12.119999885559082,77954,0.0,0.0,0.0
2025-05-06 01:15:00+00:00,12.140000343322754,12.140000343322754,12.119999885559082,12.140000343322754,33235,0.0,0.0,0.0
2025-05-06 01:20:00+00:00,12.140000343322754,12.1899995803833,12.140000343322754,12.1899995803833,52473,0.0,0.0,0.0
2025-05-06 01:25:00+00:00,12.1899995803833,12.1899995803833,12.180000305175781,12.180000305175781,11273,0.0,0.0,0.0
2025-05-06 01:30:00+00:00,12.1899995803833,12.199999809265137,12.1899995803833,12.1899995803833,141603,0.0,0.0,0.0
2025-05-06 01:35:00+00:00,12.180000305175781,12.1899995803833,12.180000305175781,12.1899995803833,6252,0.0,0.0,0.0
2025-05-06 01:40:00+00:00,12.180000305175781,12.180000305175781,12.170000076293945,12.170000076293945,8696,0.0,0.0,0.0
2025-05-06 01:45:00+00:00,12.170000076293945,12.180000305175781,12.149999618530273,12.15999984741211,164173,0.0,0.0,0.0
2025-05-06 01:50:00+00:00,12.15999984741211,12.15999984741211,12.15999984741211,12.15999984741211,6128,0.0,0.0,0.0
2025-05-06 01:55:00+00:00,12.15999984741211,12.180000305175781,12.149999618530273,12.170000076293945,31168,0.0,0.0,0.0
2025-05-06 02:00:00+00:00,12.180000305175781,12.180000305175781,12.180000305175781,12.180000305175781,13232,0.0,0.0,0.0
2025-05-06 02:05:00+00:00,12.180000305175781,12.180000305175781,12.180000305175781,12.180000305175781,25016,0.0,0.0,0.0
2025-05-06 02:10:00+00:00,12.1899995803833,12.210000038146973,12.180000305175781,12.210000038146973,186058,0.0,0.0,0.0
2025-05-06 02:15:00+00:00,12.210000038146973,12.210000038146973,12.1899995803833,12.199999809265137,25416,0.0,0.0,0.0
2025-05-06 02:20:00+00:00,12.199999809265137,12.199999809265137,12.199999809265137,12.199999809265137,3394,0.0,0.0,0.0
2025-05-06 02:25:00+00:00,12.199999809265137,12.199999809265137,12.199999809265137,12.199999809265137,7151,0.0,0.0,0.0
2025-05-06 02:30:00+00:00,12.199999809265137,12.199999809265137,12.199999809265137,12.199999809265137,10044,0.0,0.0,0.0
2025-05-06 02:35:00+00:00,12.199999809265137,12.199999809265137,12.1899995803833,12.199999809265137,52575,0.0,0.0,0.0
2025-05-06 02:40:00+00:00,12.210000038146973,12.220000267028809,12.210000038146973,12.220000267028809,57783,0.0,0.0,0.0
2025-05-06 02:45:00+00:00,12.220000267028809,12.220000267028809,12.199999809265137,12.199999809265137,17171,0.0,0.0,0.0
2025-05-06 02:50:00+00:00,12.210000038146973,12.220000267028809,12.210000038146973,12.220000267028809,10043,0.0,0.0,0.0
2025-05-06 02:55:00+00:00,12.220000267028809,12.220000267028809,12.220000267028809,12.220000267028809,5440,0.0,0.0,0.0
2025-05-06 03:00:00+00:00,12.210000038146973,12.220000267028809,12.199999809265137,12.199999809265137,25067,0.0,0.0,0.0
2025-05-06 03:05:00+00:00,12.210000038146973,12.210000038146973,12.199999809265137,12.199999809265137,5311,0.0,0.0,0.0
2025-05-06 03:10:00+00:00,12.199999809265137,12.199999809265137,12.199999809265137,12.199999809265137,15669,0.0,0.0,0.0
2025-05-06 03:15:00+00:00,12.199999809265137,12.199999809265137,12.1899995803833,12.199999809265137,57058,0.0,0.0,0.0
2025-05-06 03:20:00+00:00,12.210000038146973,12.220000267028809,12.210000038146973,12.220000267028809,2144,0.0,0.0,0.0
2025-05-06 03:25:00+00:00,12.210000038146973,12.220000267028809,12.210000038146973,12.210000038146973,23036,0.0,0.0,0.0
2025-05-06 03:30:00+00:00,12.220000267028809,12.220000267028809,12.220000267028809,12.220000267028809,95094,0.0,0.0,0.0
2025-05-06 03:35:00+00:00,12.220000267028809,12.229999542236328,12.220000267028809,12.229999542236328,52325,0.0,0.0,0.0
2025-05-06 03:40:00+00:00,12.229999542236328,12.229999542236328,12.229999542236328,12.229999542236328,1384,0.0,0.0,0.0
2025-05-06 03:45:00+00:00,12.220000267028809,12.229999542236328,12.210000038146973,12.210000038146973,23084,0.0,0.0,0.0
2025-05-06 03:50:00+00:00,12.229999542236328,12.229999542236328,12.210000038146973,12.210000038146973,8103,0.0,0.0,0.0
2025-05-06 03:55:00+00:00,12.220000267028809,12.220000267028809,12.199999809265137,12.199999809265137,18360,0.0,0.0,0.0
2025-05-06 04:00:00+00:00,12.210000038146973,12.220000267028809,12.210000038146973,12.220000267028809,14262,0.0,0.0,0.0
2025-05-06 04:05:00+00:00,12.210000038146973,12.210000038146973,12.210000038146973,12.210000038146973,2070,0.0,0.0,0.0
2025-05-06 04:10:00+00:00,12.210000038146973,12.220000267028809,12.210000038146973,12.220000267028809,4106,0.0,0.0,0.0
2025-05-06 04:15:00+00:00,12.199999809265137,12.220000267028809,12.199999809265137,12.220000267028809,8109,0.0,0.0,0.0
2025-05-06 04:20:00+00:00,12.210000038146973,12.210000038146973,12.210000038146973,12.210000038146973,5370,0.0,0.0,0.0
2025-05-06 04:25:00+00:00,12.199999809265137,12.210000038146973,12.199999809265137,12.210000038146973,5070,0.0,0.0,0.0
2025-05-06 04:30:00+00:00,12.210000038146973,12.210000038146973,12.210000038146973,12.210000038146973,2260,0.0,0.0,0.0
2025-05-06 04:35:00+00:00,12.199999809265137,12.210000038146973,12.199999809265137,12.199999809265137,22120,0.0,0.0,0.0
2025-05-06 04:40:00+00:00,12.199999809265137,12.220000267028809,12.199999809265137,12.220000267028809,5199,0.0,0.0,0.0
2025-05-06 04:45:00+00:00,12.210000038146973,12.210000038146973,12.199999809265137,12.199999809265137,12410,0.0,0.0,0.0
2025-05-06 04:50:00+00:00,12.199999809265137,12.199999809265137,12.1899995803833,12.1899995803833,11100,0.0,0.0,0.0
2025-05-06 04:55:00+00:00,12.1899995803833,12.1899995803833,12.1899995803833,12.1899995803833,2580,0.0,0.0,0.0
2025-05-06 05:00:00+00:00,12.180000305175781,12.180000305175781,12.180000305175781,12.180000305175781,9300,0.0,0.0,0.0
2025-05-06 05:05:00+00:00,12.1899995803833,12.1899995803833,12.180000305175781,12.1899995803833,6501,0.0,0.0,0.0
2025-05-06 05:10:00+00:00,12.180000305175781,12.180000305175781,12.170000076293945,12.170000076293945,130160,0.0,0.0,0.0
2025-05-06 05:15:00+00:00,12.180000305175781,12.180000305175781,12.170000076293945,12.170000076293945,6845,0.0,0.0,0.0
2025-05-06 05:20:00+00:00,12.170000076293945,12.170000076293945,12.15999984741211,12.15999984741211,152861,0.0,0.0,0.0
2025-05-07 01:00:00+00:00,12.210000038146973,12.319999694824219,12.210000038146973,12.319999694824219,0,0.0,0.0,0.0
2025-05-07 01:05:00+00:00,12.319999694824219,12.319999694824219,12.270000457763672,12.270000457763672,22000,0.0,0.0,0.0
2025-05-07 01:10:00+00:00,12.279999732971191,12.279999732971191,12.260000228881836,12.260000228881836,62647,0.0,0.0,0.0
2025-05-07 01:15:00+00:00,12.260000228881836,12.260000228881836,12.220000267028809,12.220000267028809,522117,0.0,0.0,0.0
2025-05-07 01:20:00+00:00,12.210000038146973,12.210000038146973,12.210000038146973,12.210000038146973,14482,0.0,0.0,0.0
2025-05-07 01:25:00+00:00,12.229999542236328,12.229999542236328,12.220000267028809,12.220000267028809,26019,0.0,0.0,0.0
2025-05-07 01:30:00+00:00,12.210000038146973,12.210000038146973,12.15999984741211,12.170000076293945,35272,0.0,0.0,0.0
2025-05-07 01:35:00+00:00,12.149999618530273,12.149999618530273,12.130000114440918,12.130000114440918,23962,0.0,0.0,0.0
2025-05-07 01:40:00+00:00,12.130000114440918,12.140000343322754,12.130000114440918,12.140000343322754,17625,0.0,0.0,0.0
2025-05-07 01:45:00+00:00,12.140000343322754,12.140000343322754,12.140000343322754,12.140000343322754,20038,0.0,0.0,0.0
2025-05-07 01:50:00+00:00,12.140000343322754,12.180000305175781,12.140000343322754,12.180000305175781,34319,0.0,0.0,0.0
2025-05-07 01:55:00+00:00,12.180000305175781,12.180000305175781,12.170000076293945,12.180000305175781,10066,0.0,0.0,0.0
2025-05-07 02:00:00+00:00,12.170000076293945,12.170000076293945,12.149999618530273,12.149999618530273,18056,0.0,0.0,0.0
2025-05-07 02:05:00+00:00,12.149999618530273,12.170000076293945,12.149999618530273,12.170000076293945,19245,0.0,0.0,0.0
2025-05-07 02:10:00+00:00,12.180000305175781,12.180000305175781,12.15999984741211,12.15999984741211,8049,0.0,0.0,0.0
2025-05-07 02:15:00+00:00,12.170000076293945,12.180000305175781,12.170000076293945,12.180000305175781,2049,0.0,0.0,0.0
2025-05-07 02:20:00+00:00,12.170000076293945,12.170000076293945,12.170000076293945,12.170000076293945,2056,0.0,0.0,0.0
2025-05-07 02:25:00+00:00,12.15999984741211,12.170000076293945,12.15999984741211,12.170000076293945,40343,0.0,0.0,0.0
2025-05-07 02:30:00+00:00,12.170000076293945,12.170000076293945,12.170000076293945,12.170000076293945,9062,0.0,0.0,0.0
2025-05-07 02:35:00+00:00,12.170000076293945,12.180000305175781,12.170000076293945,12.180000305175781,184850,0.0,0.0,0.0
2025-05-07 02:40:00+00:00,12.170000076293945,12.170000076293945,12.15999984741211,12.15999984741211,61127,0.0,0.0,0.0
2025-05-07 02:45:00+00:00,12.15999984741211,12.15999984741211,12.15999984741211,12.15999984741211,52735,0.0,0.0,0.0
2025-05-07 02:50:00+00:00,12.149999618530273,12.15999984741211,12.140000343322754,12.15999984741211,146090,0.0,0.0,0.0
2025-05-07 02:55:00+00:00,12.149999618530273,12.149999618530273,12.140000343322754,12.140000343322754,236518,0.0,0.0,0.0
2025-05-07 03:00:00+00:00,12.140000343322754,12.15999984741211,12.140000343322754,12.15999984741211,13048,0.0,0.0,0.0
2025-05-07 03:05:00+00:00,12.15999984741211,12.15999984741211,12.15999984741211,12.15999984741211,1210,0.0,0.0,0.0
2025-05-07 03:10:00+00:00,12.15999984741211,12.15999984741211,12.15999984741211,12.15999984741211,6213,0.0,0.0,0.0
2025-05-07 03:20:00+00:00,12.15999984741211,12.170000076293945,12.15999984741211,12.15999984741211,10446,0.0,0.0,0.0
2025-05-07 03:25:00+00:00,12.15999984741211,12.170000076293945,12.15999984741211,12.170000076293945,6025,0.0,0.0,0.0
2025-05-07 03:30:00+00:00,12.170000076293945,12.170000076293945,12.15999984741211,12.15999984741211,6134,0.0,0.0,0.0
2025-05-07 03:35:00+00:00,12.15999984741211,12.15999984741211,12.15999984741211,12.15999984741211,2001,0.0,0.0,0.0
2025-05-07 03:40:00+00:00,12.15999984741211,12.15999984741211,12.15999984741211,12.15999984741211,5284,0.0,0.0,0.0
2025-05-07 03:45:00+00:00,12.15999984741211,12.170000076293945,12.15999984741211,12.170000076293945,12110,0.0,0.0,0.0
2025-05-07 03:50:00+00:00,12.170000076293945,12.180000305175781,12.170000076293945,12.180000305175781,28626,0.0,0.0,0.0
2025-05-07 04:00:00+00:00,12.15999984741211,12.15999984741211,12.15999984741211,12.15999984741211,1347,0.0,0.0,0.0
2025-05-07 04:05:00+00:00,12.15999984741211,12.15999984741211,12.15999984741211,12.15999984741211,2047,0.0,0.0,0.0
2025-05-07 04:10:00+00:00,12.180000305175781,12.180000305175781,12.180000305175781,12.180000305175781,32546,0.0,0.0,0.0
2025-05-07 04:15:00+00:00,12.180000305175781,12.1899995803833,12.180000305175781,12.1899995803833,22210,0.0,0.0,0.0
2025-05-07 04:25:00+00:00,12.180000305175781,12.180000305175781,12.180000305175781,12.180000305175781,2116,0.0,0.0,0.0
2025-05-07 04:30:00+00:00,12.180000305175781,12.180000305175781,12.170000076293945,12.170000076293945,29081,0.0,0.0,0.0
2025-05-07 04:35:00+00:00,12.15999984741211,12.15999984741211,12.15999984741211,12.15999984741211,5134,0.0,0.0,0.0
2025-05-07 04:40:00+00:00,12.149999618530273,12.15999984741211,12.140000343322754,12.140000343322754,218221,0.0,0.0,0.0
2025-05-07 04:45:00+00:00,12.149999618530273,12.149999618530273,12.140000343322754,12.149999618530273,14285,0.0,0.0,0.0
2025-05-07 04:50:00+00:00,12.149999618530273,12.149999618530273,12.149999618530273,12.149999618530273,1062,0.0,0.0,0.0
2025-05-07 04:55:00+00:00,12.149999618530273,12.15999984741211,12.149999618530273,12.15999984741211,5184,0.0,0.0,0.0
2025-05-07 05:00:00+00:00,12.149999618530273,12.149999618530273,12.149999618530273,12.149999618530273,9277,0.0,0.0,0.0
2025-05-07 05:05:00+00:00,12.149999618530273,12.149999618530273,12.149999618530273,12.149999618530273,5281,0.0,0.0,0.0
2025-05-07 05:10:00+00:00,12.140000343322754,12.149999618530273,12.140000343322754,12.149999618530273,15039,0.0,0.0,0.0
2025-05-07 05:15:00+00:00,12.15999984741211,12.15999984741211,12.15999984741211,12.15999984741211,6474,0.0,0.0,0.0
2025-05-07 05:20:00+00:00,12.170000076293945,12.170000076293945,12.15999984741211,12.15999984741211,18061,0.0,0.0,0.0
2025-05-08 01:00:00+00:00,12.220000267028809,12.270000457763672,12.220000267028809,12.260000228881836,0,0.0,0.0,0.0
2025-05-08 01:05:00+00:00,12.260000228881836,12.270000457763672,12.25,12.270000457763672,84000,0.0,0.0,0.0
2025-05-08 01:10:00+00:00,12.260000228881836,12.300000190734863,12.260000228881836,12.300000190734863,47367,0.0,0.0,0.0
2025-05-08 01:15:00+00:00,12.300000190734863,12.300000190734863,12.270000457763672,12.279999732971191,42139,0.0,0.0,0.0
2025-05-08 01:20:00+00:00,12.270000457763672,12.279999732971191,12.270000457763672,12.279999732971191,14205,0.0,0.0,0.0
2025-05-08 01:40:00+00:00,12.239999771118164,12.260000228881836,12.239999771118164,12.260000228881836,85112,0.0,0.0,0.0
2025-05-08 01:45:00+00:00,12.270000457763672,12.270000457763672,12.270000457763672,12.270000457763672,1614,0.0,0.0,0.0
2025-05-08 01:50:00+00:00,12.260000228881836,12.270000457763672,12.25,12.270000457763672,31031,0.0,0.0,0.0
2025-05-08 01:55:00+00:00,12.25,12.260000228881836,12.25,12.260000228881836,49436,0.0,0.0,0.0
2025-05-08 02:05:00+00:00,12.260000228881836,12.260000228881836,12.25,12.25,8058,0.0,0.0,0.0
2025-05-08 02:10:00+00:00,12.260000228881836,12.260000228881836,12.229999542236328,12.229999542236328,15333,0.0,0.0,0.0
2025-05-08 02:15:00+00:00,12.229999542236328,12.239999771118164,12.229999542236328,12.239999771118164,33263,0.0,0.0,0.0
2025-05-08 02:20:00+00:00,12.239999771118164,12.25,12.239999771118164,12.25,75067,0.0,0.0,0.0
2025-05-08 02:25:00+00:00,12.260000228881836,12.260000228881836,12.260000228881836,12.260000228881836,6384,0.0,0.0,0.0
2025-05-08 02:35:00+00:00,12.260000228881836,12.260000228881836,12.25,12.260000228881836,22236,0.0,0.0,0.0
2025-05-08 02:40:00+00:00,12.260000228881836,12.270000457763672,12.260000228881836,12.270000457763672,44474,0.0,0.0,0.0
2025-05-08 02:45:00+00:00,12.270000457763672,12.270000457763672,12.260000228881836,12.260000228881836,5053,0.0,0.0,0.0
2025-05-08 02:50:00+00:00,12.270000457763672,12.270000457763672,12.270000457763672,12.270000457763672,26290,0.0,0.0,0.0
2025-05-08 02:55:00+00:00,12.279999732971191,12.279999732971191,12.279999732971191,12.279999732971191,52124,0.0,0.0,0.0
2025-05-08 03:00:00+00:00,12.279999732971191,12.300000190734863,12.279999732971191,12.300000190734863,126782,0.0,0.0,0.0
2025-05-08 03:05:00+00:00,12.3100004196167,12.3100004196167,12.3100004196167,12.3100004196167,1059,0.0,0.0,0.0
2025-05-08 03:10:00+00:00,12.3100004196167,12.3100004196167,12.3100004196167,12.3100004196167,27802,0.0,0.0,0.0
2025-05-08 03:15:00+00:00,12.3100004196167,12.319999694824219,12.3100004196167,12.319999694824219,25265,0.0,0.0,0.0
2025-05-08 03:20:00+00:00,12.329999923706055,12.329999923706055,12.319999694824219,12.319999694824219,17162,0.0,0.0,0.0
2025-05-08 03:25:00+00:00,12.319999694824219,12.329999923706055,12.319999694824219,12.319999694824219,11266,0.0,0.0,0.0
2025-05-08 03:30:00+00:00,12.329999923706055,12.329999923706055,12.319999694824219,12.319999694824219,10031,0.0,0.0,0.0
2025-05-08 03:35:00+00:00,12.319999694824219,12.319999694824219,12.3100004196167,12.3100004196167,7144,0.0,0.0,0.0
2025-05-08 03:45:00+00:00,12.289999961853027,12.300000190734863,12.289999961853027,12.300000190734863,10047,0.0,0.0,0.0
2025-05-08 03:50:00+00:00,12.300000190734863,12.3100004196167,12.300000190734863,12.3100004196167,31054,0.0,0.0,0.0
2025-05-08 03:55:00+00:00,12.319999694824219,12.319999694824219,12.319999694824219,12.319999694824219,1128,0.0,0.0,0.0
2025-05-08 04:00:00+00:00,12.319999694824219,12.319999694824219,12.3100004196167,12.319999694824219,12046,0.0,0.0,0.0
2025-05-08 04:05:00+00:00,12.3100004196167,12.3100004196167,12.300000190734863,12.300000190734863,7041,0.0,0.0,0.0
2025-05-08 04:10:00+00:00,12.300000190734863,12.319999694824219,12.300000190734863,12.319999694824219,70087,0.0,0.0,0.0
2025-05-08 04:15:00+00:00,12.319999694824219,12.329999923706055,12.319999694824219,12.329999923706055,36050,0.0,0.0,0.0
2025-05-08 04:20:00+00:00,12.329999923706055,12.329999923706055,12.329999923706055,12.329999923706055,6769,0.0,0.0,0.0
2025-05-08 04:25:00+00:00,12.319999694824219,12.329999923706055,12.319999694824219,12.319999694824219,16188,0.0,0.0,0.0
2025-05-08 04:30:00+00:00,12.329999923706055,12.34000015258789,12.329999923706055,12.329999923706055,41284,0.0,0.0,0.0
2025-05-08 04:35:00+00:00,12.329999923706055,12.34000015258789,12.329999923706055,12.329999923706055,3324,0.0,0.0,0.0
2025-05-08 04:40:00+00:00,12.329999923706055,12.329999923706055,12.329999923706055,12.329999923706055,29149,0.0,0.0,0.0
2025-05-08 04:45:00+00:00,12.34000015258789,12.350000381469727,12.34000015258789,12.350000381469727,52410,0.0,0.0,0.0
2025-05-08 04:50:00+00:00,12.34000015258789,12.34000015258789,12.34000015258789,12.34000015258789,6671,0.0,0.0,0.0
2025-05-08 05:00:00+00:00,12.350000381469727,12.350000381469727,12.350000381469727,12.350000381469727,80411,0.0,0.0,0.0
2025-05-08 05:05:00+00:00,12.350000381469727,12.350000381469727,12.350000381469727,12.350000381469727,3010,0.0,0.0,0.0
2025-05-08 05:10:00+00:00,12.34000015258789,12.34000015258789,12.329999923706055,12.329999923706055,18517,0.0,0.0,0.0
2025-05-08 05:15:00+00:00,12.329999923706055,12.34000015258789,12.319999694824219,12.329999923706055,48836,0.0,0.0,0.0
2025-05-08 05:20:00+00:00,12.329999923706055,12.329999923706055,12.319999694824219,12.319999694824219,31501,0.0,0.0,0.0
2025-05-09 01:00:00+00:00,12.34000015258789,12.399999618530273,12.34000015258789,12.390000343322754,0,0.0,0.0,0.0
2025-05-09 01:05:00+00:00,12.390000343322754,12.390000343322754,12.390000343322754,12.390000343322754,55630,0.0,0.0,0.0
2025-05-09 01:10:00+00:00,12.380000114440918,12.380000114440918,12.369999885559082,12.369999885559082,55129,0.0,0.0,0.0
2025-05-09 01:15:00+00:00,12.369999885559082,12.40999984741211,12.369999885559082,12.399999618530273,67677,0.0,0.0,0.0
2025-05-09 01:20:00+00:00,12.399999618530273,12.399999618530273,12.399999618530273,12.399999618530273,15426,0.0,0.0,0.0
2025-05-09 01:25:00+00:00,12.399999618530273,12.399999618530273,12.380000114440918,12.380000114440918,23028,0.0,0.0,0.0
2025-05-09 01:30:00+00:00,12.380000114440918,12.380000114440918,12.359999656677246,12.359999656677246,33346,0.0,0.0,0.0
2025-05-09 01:35:00+00:00,12.359999656677246,12.359999656677246,12.350000381469727,12.350000381469727,6467,0.0,0.0,0.0
2025-05-09 01:40:00+00:00,12.350000381469727,12.350000381469727,12.350000381469727,12.350000381469727,15849,0.0,0.0,0.0
2025-05-09 01:45:00+00:00,12.350000381469727,12.369999885559082,12.350000381469727,12.359999656677246,31742,0.0,0.0,0.0
2025-05-09 01:50:00+00:00,12.369999885559082,12.369999885559082,12.369999885559082,12.369999885559082,5091,0.0,0.0,0.0
2025-05-09 01:55:00+00:00,12.369999885559082,12.369999885559082,12.369999885559082,12.369999885559082,16227,0.0,0.0,0.0
2025-05-09 02:00:00+00:00,12.380000114440918,12.380000114440918,12.369999885559082,12.369999885559082,29301,0.0,0.0,0.0
2025-05-09 02:05:00+00:00,12.359999656677246,12.390000343322754,12.359999656677246,12.390000343322754,13292,0.0,0.0,0.0
2025-05-09 02:10:00+00:00,12.390000343322754,12.390000343322754,12.380000114440918,12.380000114440918,11050,0.0,0.0,0.0
2025-05-09 02:15:00+00:00,12.380000114440918,12.380000114440918,12.380000114440918,12.380000114440918,4661,0.0,0.0,0.0
2025-05-09 02:20:00+00:00,12.380000114440918,12.380000114440918,12.380000114440918,12.380000114440918,8049,0.0,0.0,0.0
2025-05-09 02:25:00+00:00,12.380000114440918,12.390000343322754,12.380000114440918,12.390000343322754,17050,0.0,0.0,0.0
2025-05-09 02:30:00+00:00,12.390000343322754,12.399999618530273,12.390000343322754,12.399999618530273,83970,0.0,0.0,0.0
2025-05-09 02:35:00+00:00,12.399999618530273,12.399999618530273,12.399999618530273,12.399999618530273,142103,0.0,0.0,0.0
2025-05-09 02:40:00+00:00,12.399999618530273,12.40999984741211,12.399999618530273,12.40999984741211,47218,0.0,0.0,0.0
2025-05-09 02:45:00+00:00,12.40999984741211,12.420000076293945,12.40999984741211,12.420000076293945,44883,0.0,0.0,0.0
2025-05-09 02:50:00+00:00,12.420000076293945,12.420000076293945,12.40999984741211,12.40999984741211,9050,0.0,0.0,0.0
2025-05-09 02:55:00+00:00,12.40999984741211,12.420000076293945,12.40999984741211,12.420000076293945,12162,0.0,0.0,0.0
2025-05-09 03:00:00+00:00,12.399999618530273,12.399999618530273,12.399999618530273,12.399999618530273,10753,0.0,0.0,0.0
2025-05-09 03:05:00+00:00,12.40999984741211,12.420000076293945,12.40999984741211,12.420000076293945,33154,0.0,0.0,0.0
2025-05-09 03:10:00+00:00,12.420000076293945,12.430000305175781,12.420000076293945,12.430000305175781,45680,0.0,0.0,0.0
2025-05-09 03:15:00+00:00,12.4399995803833,12.4399995803833,12.430000305175781,12.430000305175781,13111,0.0,0.0,0.0
2025-05-09 03:20:00+00:00,12.4399995803833,12.4399995803833,12.420000076293945,12.420000076293945,32051,0.0,0.0,0.0
2025-05-09 03:25:00+00:00,12.420000076293945,12.420000076293945,12.420000076293945,12.420000076293945,32045,0.0,0.0,0.0
2025-05-09 03:30:00+00:00,12.430000305175781,12.449999809265137,12.430000305175781,12.449999809265137,80440,0.0,0.0,0.0
2025-05-09 03:35:00+00:00,12.4399995803833,12.4399995803833,12.4399995803833,12.4399995803833,14816,0.0,0.0,0.0
2025-05-09 03:40:00+00:00,12.4399995803833,12.4399995803833,12.4399995803833,12.4399995803833,2011,0.0,0.0,0.0
2025-05-09 03:45:00+00:00,12.4399995803833,12.4399995803833,12.430000305175781,12.430000305175781,3222,0.0,0.0,0.0
2025-05-09 03:50:00+00:00,12.430000305175781,12.430000305175781,12.430000305175781,12.430000305175781,4016,0.0,0.0,0.0
2025-05-09 03:55:00+00:00,12.4399995803833,12.4399995803833,12.4399995803833,12.4399995803833,40029,0.0,0.0,0.0
2025-05-09 04:00:00+00:00,12.4399995803833,12.449999809265137,12.4399995803833,12.449999809265137,42187,0.0,0.0,0.0
2025-05-09 04:05:00+00:00,12.449999809265137,12.449999809265137,12.4399995803833,12.449999809265137,10070,0.0,0.0,0.0
2025-05-09 04:10:00+00:00,12.449999809265137,12.449999809265137,12.4399995803833,12.4399995803833,37361,0.0,0.0,0.0
2025-05-09 04:15:00+00:00,12.4399995803833,12.4399995803833,12.430000305175781,12.430000305175781,26315,0.0,0.0,0.0
2025-05-09 04:20:00+00:00,12.430000305175781,12.4399995803833,12.420000076293945,12.420000076293945,20060,0.0,0.0,0.0
2025-05-09 04:25:00+00:00,12.430000305175781,12.4399995803833,12.430000305175781,12.4399995803833,29268,0.0,0.0,0.0
2025-05-09 04:30:00+00:00,12.449999809265137,12.449999809265137,12.4399995803833,12.4399995803833,3742,0.0,0.0,0.0
2025-05-09 04:35:00+00:00,12.4399995803833,12.449999809265137,12.4399995803833,12.449999809265137,19644,0.0,0.0,0.0
2025-05-09 04:40:00+00:00,12.449999809265137,12.449999809265137,12.449999809265137,12.449999809265137,10282,0.0,0.0,0.0
2025-05-09 04:45:00+00:00,12.449999809265137,12.449999809265137,12.449999809265137,12.449999809265137,27100,0.0,0.0,0.0
2025-05-09 04:50:00+00:00,12.449999809265137,12.449999809265137,12.4399995803833,12.4399995803833,5073,0.0,0.0,0.0
2025-05-09 04:55:00+00:00,12.4399995803833,12.4399995803833,12.4399995803833,12.4399995803833,7280,0.0,0.0,0.0
2025-05-09 05:00:00+00:00,12.4399995803833,12.449999809265137,12.4399995803833,12.4399995803833,33060,0.0,0.0,0.0
2025-05-09 05:05:00+00:00,12.430000305175781,12.4399995803833,12.430000305175781,12.4399995803833,4552,0.0,0.0,0.0
2025-05-09 05:10:00+00:00,12.4399995803833,12.449999809265137,12.4399995803833,12.4399995803833,23562,0.0,0.0,0.0
2025-05-09 05:15:00+00:00,12.4399995803833,12.449999809265137,12.4399995803833,12.449999809265137,115190,0.0,0.0,0.0
2025-05-09 05:20:00+00:00,12.449999809265137,12.449999809265137,12.4399995803833,12.449999809265137,59911,0.0,0.0,0.0
2025-05-12 01:00:00+00:00,12.529999732971191,12.579999923706055,12.529999732971191,12.579999923706055,0,0.0,0.0,0.0
2025-05-12 01:05:00+00:00,12.59000015258789,12.600000381469727,12.579999923706055,12.600000381469727,233000,0.0,0.0,0.0
2025-05-12 01:10:00+00:00,12.600000381469727,12.609999656677246,12.600000381469727,12.609999656677246,66084,0.0,0.0,0.0
2025-05-12 01:15:00+00:00,12.609999656677246,12.609999656677246,12.600000381469727,12.600000381469727,10397,0.0,0.0,0.0
2025-05-12 01:20:00+00:00,12.600000381469727,12.600000381469727,12.59000015258789,12.600000381469727,86079,0.0,0.0,0.0
2025-05-12 01:25:00+00:00,12.600000381469727,12.600000381469727,12.59000015258789,12.59000015258789,64611,0.0,0.0,0.0
2025-05-12 01:30:00+00:00,12.600000381469727,12.600000381469727,12.59000015258789,12.59000015258789,140694,0.0,0.0,0.0
2025-05-12 01:35:00+00:00,12.59000015258789,12.59000015258789,12.579999923706055,12.59000015258789,99597,0.0,0.0,0.0
2025-05-12 01:40:00+00:00,12.59000015258789,12.59000015258789,12.5600004196167,12.5600004196167,50765,0.0,0.0,0.0
2025-05-12 01:45:00+00:00,12.5600004196167,12.579999923706055,12.5600004196167,12.569999694824219,19043,0.0,0.0,0.0
2025-05-12 01:50:00+00:00,12.579999923706055,12.579999923706055,12.5600004196167,12.5600004196167,36773,0.0,0.0,0.0
2025-05-12 01:55:00+00:00,12.569999694824219,12.569999694824219,12.569999694824219,12.569999694824219,15268,0.0,0.0,0.0
2025-05-12 02:00:00+00:00,12.579999923706055,12.59000015258789,12.579999923706055,12.579999923706055,35851,0.0,0.0,0.0
2025-05-12 02:05:00+00:00,12.579999923706055,12.59000015258789,12.579999923706055,12.579999923706055,19139,0.0,0.0,0.0
2025-05-12 02:10:00+00:00,12.579999923706055,12.59000015258789,12.579999923706055,12.59000015258789,13464,0.0,0.0,0.0
2025-05-12 02:15:00+00:00,12.59000015258789,12.59000015258789,12.579999923706055,12.579999923706055,18538,0.0,0.0,0.0
2025-05-12 02:20:00+00:00,12.579999923706055,12.59000015258789,12.579999923706055,12.59000015258789,53876,0.0,0.0,0.0
2025-05-12 02:25:00+00:00,12.59000015258789,12.600000381469727,12.59000015258789,12.59000015258789,142550,0.0,0.0,0.0
2025-05-12 02:30:00+00:00,12.59000015258789,12.59000015258789,12.579999923706055,12.579999923706055,19250,0.0,0.0,0.0
2025-05-12 02:35:00+00:00,12.579999923706055,12.579999923706055,12.569999694824219,12.569999694824219,46033,0.0,0.0,0.0
2025-05-12 02:40:00+00:00,12.579999923706055,12.579999923706055,12.569999694824219,12.579999923706055,16707,0.0,0.0,0.0
2025-05-12 02:45:00+00:00,12.579999923706055,12.579999923706055,12.579999923706055,12.579999923706055,4693,0.0,0.0,0.0
2025-05-12 02:50:00+00:00,12.579999923706055,12.579999923706055,12.579999923706055,12.579999923706055,10059,0.0,0.0,0.0
2025-05-12 02:55:00+00:00,12.59000015258789,12.59000015258789,12.579999923706055,12.579999923706055,138673,0.0,0.0,0.0
2025-05-12 03:00:00+00:00,12.579999923706055,12.579999923706055,12.5600004196167,12.579999923706055,15062,0.0,0.0,0.0
2025-05-12 03:05:00+00:00,12.579999923706055,12.579999923706055,12.579999923706055,12.579999923706055,4101,0.0,0.0,0.0
2025-05-12 03:10:00+00:00,12.569999694824219,12.569999694824219,12.569999694824219,12.569999694824219,5422,0.0,0.0,0.0
2025-05-12 03:15:00+00:00,12.569999694824219,12.569999694824219,12.5600004196167,12.569999694824219,21140,0.0,0.0,0.0
2025-05-12 03:20:00+00:00,12.569999694824219,12.569999694824219,12.5600004196167,12.5600004196167,11626,0.0,0.0,0.0
2025-05-12 03:25:00+00:00,12.5600004196167,12.5600004196167,12.550000190734863,12.550000190734863,51416,0.0,0.0,0.0
2025-05-12 03:30:00+00:00,12.550000190734863,12.550000190734863,12.539999961853027,12.539999961853027,11439,0.0,0.0,0.0
2025-05-12 03:35:00+00:00,12.539999961853027,12.539999961853027,12.539999961853027,12.539999961853027,14178,0.0,0.0,0.0
2025-05-12 03:40:00+00:00,12.539999961853027,12.539999961853027,12.539999961853027,12.539999961853027,6119,0.0,0.0,0.0
2025-05-12 03:45:00+00:00,12.539999961853027,12.550000190734863,12.529999732971191,12.529999732971191,13318,0.0,0.0,0.0
2025-05-12 03:50:00+00:00,12.529999732971191,12.539999961853027,12.529999732971191,12.539999961853027,9167,0.0,0.0,0.0
2025-05-12 03:55:00+00:00,12.529999732971191,12.539999961853027,12.529999732971191,12.539999961853027,6169,0.0,0.0,0.0
2025-05-12 04:00:00+00:00,12.539999961853027,12.539999961853027,12.539999961853027,12.539999961853027,4458,0.0,0.0,0.0
2025-05-12 04:05:00+00:00,12.539999961853027,12.550000190734863,12.539999961853027,12.550000190734863,13180,0.0,0.0,0.0
2025-05-12 04:10:00+00:00,12.539999961853027,12.539999961853027,12.529999732971191,12.539999961853027,72647,0.0,0.0,0.0
2025-05-12 04:15:00+00:00,12.539999961853027,12.550000190734863,12.539999961853027,12.550000190734863,27063,0.0,0.0,0.0
2025-05-12 04:20:00+00:00,12.550000190734863,12.550000190734863,12.539999961853027,12.550000190734863,6602,0.0,0.0,0.0
2025-05-12 04:25:00+00:00,12.550000190734863,12.550000190734863,12.539999961853027,12.539999961853027,5370,0.0,0.0,0.0
2025-05-12 04:30:00+00:00,12.550000190734863,12.550000190734863,12.550000190734863,12.550000190734863,49970,0.0,0.0,0.0
2025-05-12 04:35:00+00:00,12.550000190734863,12.5600004196167,12.550000190734863,12.5600004196167,2310,0.0,0.0,0.0
2025-05-12 04:40:00+00:00,12.550000190734863,12.550000190734863,12.539999961853027,12.539999961853027,36000,0.0,0.0,0.0
2025-05-12 04:45:00+00:00,12.539999961853027,12.5600004196167,12.539999961853027,12.550000190734863,15010,0.0,0.0,0.0
2025-05-12 04:50:00+00:00,12.550000190734863,12.550000190734863,12.539999961853027,12.539999961853027,6290,0.0,0.0,0.0
2025-05-12 04:55:00+00:00,12.550000190734863,12.5600004196167,12.550000190734863,12.550000190734863,7428,0.0,0.0,0.0
2025-05-12 05:00:00+00:00,12.550000190734863,12.550000190734863,12.539999961853027,12.539999961853027,16180,0.0,0.0,0.0
2025-05-12 05:05:00+00:00,12.550000190734863,12.550000190734863,12.539999961853027,12.550000190734863,30242,0.0,0.0,0.0
2025-05-12 05:10:00+00:00,12.550000190734863,12.550000190734863,12.550000190734863,12.550000190734863,3717,0.0,0.0,0.0
2025-05-12 05:15:00+00:00,12.550000190734863,12.550000190734863,12.539999961853027,12.539999961853027,24543,0.0,0.0,0.0
2025-05-12 05:20:00+00:00,12.539999961853027,12.550000190734863,12.539999961853027,12.550000190734863,129943,0.0,0.0,0.0
2025-05-13 01:00:00+00:00,12.770000457763672,12.949999809265137,12.770000457763672,12.899999618530273,0,0.0,0.0,0.0
2025-05-13 01:05:00+00:00,12.890000343322754,12.890000343322754,12.859999656677246,12.859999656677246,104000,0.0,0.0,0.0
2025-05-13 01:10:00+00:00,12.869999885559082,12.869999885559082,12.829999923706055,12.84000015258789,322404,0.0,0.0,0.0
2025-05-13 01:15:00+00:00,12.829999923706055,12.850000381469727,12.829999923706055,12.84000015258789,230795,0.0,0.0,0.0
2025-05-13 01:20:00+00:00,12.84000015258789,12.869999885559082,12.84000015258789,12.869999885559082,256991,0.0,0.0,0.0
2025-05-13 01:25:00+00:00,12.869999885559082,12.869999885559082,12.869999885559082,12.869999885559082,72804,0.0,0.0,0.0
2025-05-13 01:30:00+00:00,12.880000114440918,12.890000343322754,12.859999656677246,12.890000343322754,99783,0.0,0.0,0.0
2025-05-13 01:35:00+00:00,12.890000343322754,12.890000343322754,12.869999885559082,12.869999885559082,87866,0.0,0.0,0.0
2025-05-13 01:40:00+00:00,12.859999656677246,12.859999656677246,12.850000381469727,12.859999656677246,29295,0.0,0.0,0.0
2025-05-13 01:45:00+00:00,12.859999656677246,12.869999885559082,12.859999656677246,12.869999885559082,53193,0.0,0.0,0.0
2025-05-13 01:50:00+00:00,12.869999885559082,12.869999885559082,12.859999656677246,12.859999656677246,15121,0.0,0.0,0.0
2025-05-13 01:55:00+00:00,12.859999656677246,12.859999656677246,12.850000381469727,12.850000381469727,60242,0.0,0.0,0.0
2025-05-13 02:00:00+00:00,12.869999885559082,12.869999885559082,12.869999885559082,12.869999885559082,20445,0.0,0.0,0.0
2025-05-13 02:05:00+00:00,12.859999656677246,12.859999656677246,12.84000015258789,12.850000381469727,34264,0.0,0.0,0.0
2025-05-13 02:10:00+00:00,12.829999923706055,12.829999923706055,12.819999694824219,12.819999694824219,69708,0.0,0.0,0.0
2025-05-13 02:15:00+00:00,12.819999694824219,12.819999694824219,12.800000190734863,12.8100004196167,144531,0.0,0.0,0.0
2025-05-13 02:20:00+00:00,12.8100004196167,12.819999694824219,12.800000190734863,12.800000190734863,114239,0.0,0.0,0.0
2025-05-13 02:25:00+00:00,12.789999961853027,12.800000190734863,12.789999961853027,12.789999961853027,8005,0.0,0.0,0.0
2025-05-13 02:30:00+00:00,12.789999961853027,12.789999961853027,12.770000457763672,12.770000457763672,60573,0.0,0.0,0.0
2025-05-13 02:35:00+00:00,12.770000457763672,12.789999961853027,12.770000457763672,12.789999961853027,69325,0.0,0.0,0.0
2025-05-13 02:40:00+00:00,12.779999732971191,12.789999961853027,12.779999732971191,12.789999961853027,14579,0.0,0.0,0.0
2025-05-13 02:45:00+00:00,12.800000190734863,12.800000190734863,12.770000457763672,12.770000457763672,15660,0.0,0.0,0.0
2025-05-13 02:50:00+00:00,12.779999732971191,12.779999732971191,12.770000457763672,12.779999732971191,12933,0.0,0.0,0.0
2025-05-13 02:55:00+00:00,12.779999732971191,12.779999732971191,12.779999732971191,12.779999732971191,39093,0.0,0.0,0.0
2025-05-13 03:00:00+00:00,12.779999732971191,12.779999732971191,12.770000457763672,12.770000457763672,50112,0.0,0.0,0.0
2025-05-13 03:05:00+00:00,12.779999732971191,12.779999732971191,12.760000228881836,12.760000228881836,8048,0.0,0.0,0.0
2025-05-13 03:10:00+00:00,12.770000457763672,12.770000457763672,12.770000457763672,12.770000457763672,1059,0.0,0.0,0.0
2025-05-13 03:15:00+00:00,12.770000457763672,12.770000457763672,12.760000228881836,12.770000457763672,34056,0.0,0.0,0.0
2025-05-13 03:20:00+00:00,12.770000457763672,12.779999732971191,12.770000457763672,12.779999732971191,15410,0.0,0.0,0.0
2025-05-13 03:25:00+00:00,12.779999732971191,12.789999961853027,12.779999732971191,12.789999961853027,26081,0.0,0.0,0.0
2025-05-13 03:30:00+00:00,12.789999961853027,12.789999961853027,12.789999961853027,12.789999961853027,7039,0.0,0.0,0.0
2025-05-13 03:35:00+00:00,12.779999732971191,12.789999961853027,12.779999732971191,12.789999961853027,25222,0.0,0.0,0.0
2025-05-13 03:40:00+00:00,12.789999961853027,12.789999961853027,12.779999732971191,12.779999732971191,27205,0.0,0.0,0.0
2025-05-13 03:45:00+00:00,12.779999732971191,12.789999961853027,12.779999732971191,12.789999961853027,7794,0.0,0.0,0.0
2025-05-13 03:50:00+00:00,12.779999732971191,12.779999732971191,12.770000457763672,12.770000457763672,23300,0.0,0.0,0.0
2025-05-13 03:55:00+00:00,12.770000457763672,12.779999732971191,12.770000457763672,12.770000457763672,17048,0.0,0.0,0.0
2025-05-13 04:00:00+00:00,12.779999732971191,12.779999732971191,12.779999732971191,12.779999732971191,1215,0.0,0.0,0.0
2025-05-13 04:05:00+00:00,12.779999732971191,12.789999961853027,12.770000457763672,12.779999732971191,7807,0.0,0.0,0.0
2025-05-13 04:10:00+00:00,12.770000457763672,12.779999732971191,12.770000457763672,12.779999732971191,8518,0.0,0.0,0.0
2025-05-13 04:15:00+00:00,12.779999732971191,12.779999732971191,12.770000457763672,12.779999732971191,7327,0.0,0.0,0.0
2025-05-13 04:20:00+00:00,12.779999732971191,12.779999732971191,12.779999732971191,12.779999732971191,75192,0.0,0.0,0.0
2025-05-13 04:25:00+00:00,12.779999732971191,12.779999732971191,12.770000457763672,12.779999732971191,73352,0.0,0.0,0.0
2025-05-13 04:30:00+00:00,12.789999961853027,12.789999961853027,12.770000457763672,12.770000457763672,3626,0.0,0.0,0.0
2025-05-13 04:35:00+00:00,12.779999732971191,12.779999732971191,12.779999732971191,12.779999732971191,24030,0.0,0.0,0.0
2025-05-13 04:40:00+00:00,12.779999732971191,12.779999732971191,12.770000457763672,12.779999732971191,26506,0.0,0.0,0.0
2025-05-13 04:45:00+00:00,12.770000457763672,12.770000457763672,12.770000457763672,12.770000457763672,3325,0.0,0.0,0.0
2025-05-13 04:50:00+00:00,12.770000457763672,12.779999732971191,12.770000457763672,12.779999732971191,27210,0.0,0.0,0.0
2025-05-13 04:55:00+00:00,12.770000457763672,12.770000457763672,12.760000228881836,12.760000228881836,50285,0.0,0.0,0.0
2025-05-13 05:00:00+00:00,12.770000457763672,12.779999732971191,12.770000457763672,12.779999732971191,48010,0.0,0.0,0.0
2025-05-13 05:05:00+00:00,12.779999732971191,12.779999732971191,12.779999732971191,12.779999732971191,16661,0.0,0.0,0.0
2025-05-13 05:10:00+00:00,12.779999732971191,12.789999961853027,12.779999732971191,12.789999961853027,12400,0.0,0.0,0.0
2025-05-13 05:15:00+00:00,12.789999961853027,12.789999961853027,12.779999732971191,12.779999732971191,23336,0.0,0.0,0.0
2025-05-13 05:20:00+00:00,12.789999961853027,12.789999961853027,12.779999732971191,12.789999961853027,12694,0.0,0.0,0.0
2025-05-14 01:00:00+00:00,12.949999809265137,12.979999542236328,12.949999809265137,12.949999809265137,0,0.0,0.0,0.0
2025-05-14 01:05:00+00:00,12.949999809265137,12.949999809265137,12.9399995803833,12.949999809265137,145425,0.0,0.0,0.0
2025-05-14 01:10:00+00:00,12.949999809265137,12.960000038146973,12.949999809265137,12.949999809265137,57399,0.0,0.0,0.0
2025-05-14 01:15:00+00:00,12.949999809265137,12.960000038146973,12.9399995803833,12.949999809265137,197534,0.0,0.0,0.0
2025-05-14 01:20:00+00:00,12.949999809265137,12.960000038146973,12.949999809265137,12.960000038146973,90048,0.0,0.0,0.0
2025-05-14 01:25:00+00:00,12.960000038146973,12.960000038146973,12.9399995803833,12.960000038146973,95295,0.0,0.0,0.0
2025-05-14 01:30:00+00:00,12.960000038146973,12.960000038146973,12.949999809265137,12.949999809265137,16243,0.0,0.0,0.0
2025-05-14 01:35:00+00:00,12.949999809265137,12.970000267028809,12.949999809265137,12.970000267028809,250740,0.0,0.0,0.0
2025-05-14 01:40:00+00:00,12.970000267028809,13.0,12.970000267028809,12.979999542236328,389720,0.0,0.0,0.0
2025-05-14 01:45:00+00:00,12.979999542236328,12.989999771118164,12.979999542236328,12.979999542236328,12569,0.0,0.0,0.0
2025-05-14 01:50:00+00:00,12.979999542236328,12.989999771118164,12.979999542236328,12.989999771118164,199130,0.0,0.0,0.0
2025-05-14 01:55:00+00:00,12.989999771118164,13.0,12.970000267028809,13.0,246267,0.0,0.0,0.0
2025-05-14 02:00:00+00:00,12.979999542236328,13.0,12.970000267028809,12.979999542236328,60581,0.0,0.0,0.0
2025-05-14 02:05:00+00:00,12.979999542236328,12.979999542236328,12.970000267028809,12.970000267028809,33273,0.0,0.0,0.0
2025-05-14 02:10:00+00:00,12.970000267028809,12.989999771118164,12.970000267028809,12.989999771118164,68158,0.0,0.0,0.0
2025-05-14 02:15:00+00:00,12.989999771118164,13.0,12.989999771118164,12.989999771118164,74714,0.0,0.0,0.0
2025-05-14 02:20:00+00:00,12.989999771118164,12.989999771118164,12.989999771118164,12.989999771118164,19264,0.0,0.0,0.0
2025-05-14 02:25:00+00:00,12.989999771118164,12.989999771118164,12.979999542236328,12.979999542236328,39343,0.0,0.0,0.0
2025-05-14 02:30:00+00:00,12.970000267028809,12.979999542236328,12.970000267028809,12.970000267028809,35261,0.0,0.0,0.0
2025-05-14 02:35:00+00:00,12.960000038146973,12.960000038146973,12.949999809265137,12.960000038146973,81182,0.0,0.0,0.0
2025-05-14 02:40:00+00:00,12.949999809265137,12.960000038146973,12.949999809265137,12.960000038146973,8557,0.0,0.0,0.0
2025-05-14 02:45:00+00:00,12.960000038146973,12.960000038146973,12.949999809265137,12.949999809265137,40852,0.0,0.0,0.0
2025-05-14 02:50:00+00:00,12.949999809265137,12.949999809265137,12.9399995803833,12.9399995803833,15479,0.0,0.0,0.0
2025-05-14 02:55:00+00:00,12.9399995803833,12.949999809265137,12.9399995803833,12.949999809265137,41558,0.0,0.0,0.0
2025-05-14 03:00:00+00:00,12.960000038146973,12.960000038146973,12.960000038146973,12.960000038146973,21348,0.0,0.0,0.0
2025-05-14 03:05:00+00:00,12.970000267028809,12.970000267028809,12.970000267028809,12.970000267028809,25598,0.0,0.0,0.0
2025-05-14 03:10:00+00:00,12.970000267028809,12.970000267028809,12.970000267028809,12.970000267028809,19010,0.0,0.0,0.0
2025-05-14 03:15:00+00:00,12.979999542236328,12.979999542236328,12.979999542236328,12.979999542236328,16353,0.0,0.0,0.0
2025-05-14 03:20:00+00:00,12.989999771118164,12.989999771118164,12.989999771118164,12.989999771118164,4038,0.0,0.0,0.0
2025-05-14 03:25:00+00:00,12.989999771118164,13.010000228881836,12.989999771118164,13.010000228881836,673162,0.0,0.0,0.0
2025-05-14 03:30:00+00:00,13.010000228881836,13.020000457763672,13.010000228881836,13.010000228881836,28357,0.0,0.0,0.0
2025-05-14 03:35:00+00:00,13.0,13.0,13.0,13.0,9124,0.0,0.0,0.0
2025-05-14 03:40:00+00:00,13.0,13.010000228881836,13.0,13.010000228881836,8380,0.0,0.0,0.0
2025-05-14 03:45:00+00:00,13.010000228881836,13.010000228881836,13.0,13.0,42613,0.0,0.0,0.0
2025-05-14 03:50:00+00:00,13.0,13.0,13.0,13.0,1446,0.0,0.0,0.0
2025-05-14 03:55:00+00:00,13.010000228881836,13.010000228881836,13.010000228881836,13.010000228881836,1552,0.0,0.0,0.0
2025-05-14 04:00:00+00:00,13.010000228881836,13.010000228881836,13.010000228881836,13.010000228881836,89024,0.0,0.0,0.0
2025-05-14 04:05:00+00:00,13.0,13.020000457763672,13.0,13.020000457763672,118713,0.0,0.0,0.0
2025-05-14 04:10:00+00:00,13.020000457763672,13.020000457763672,13.010000228881836,13.010000228881836,20227,0.0,0.0,0.0
2025-05-14 04:15:00+00:00,13.010000228881836,13.039999961853027,13.010000228881836,13.020000457763672,180019,0.0,0.0,0.0
2025-05-14 04:20:00+00:00,13.029999732971191,13.039999961853027,13.020000457763672,13.029999732971191,167135,0.0,0.0,0.0
2025-05-14 04:25:00+00:00,13.029999732971191,13.039999961853027,13.020000457763672,13.039999961853027,149117,0.0,0.0,0.0
2025-05-14 04:30:00+00:00,13.039999961853027,13.039999961853027,13.029999732971191,13.039999961853027,158186,0.0,0.0,0.0
2025-05-14 04:35:00+00:00,13.039999961853027,13.050000190734863,13.039999961853027,13.050000190734863,126075,0.0,0.0,0.0
2025-05-14 04:40:00+00:00,13.0600004196167,13.0600004196167,13.050000190734863,13.0600004196167,34238,0.0,0.0,0.0
2025-05-14 04:45:00+00:00,13.0600004196167,13.0600004196167,13.050000190734863,13.050000190734863,30782,0.0,0.0,0.0
2025-05-14 04:50:00+00:00,13.050000190734863,13.0600004196167,13.050000190734863,13.050000190734863,19200,0.0,0.0,0.0
2025-05-14 04:55:00+00:00,13.050000190734863,13.0600004196167,13.050000190734863,13.050000190734863,104564,0.0,0.0,0.0
2025-05-14 05:00:00+00:00,13.050000190734863,13.050000190734863,13.050000190734863,13.050000190734863,38500,0.0,0.0,0.0
2025-05-14 05:05:00+00:00,13.050000190734863,13.050000190734863,13.039999961853027,13.050000190734863,31800,0.0,0.0,0.0
2025-05-14 05:10:00+00:00,13.0600004196167,13.0600004196167,13.050000190734863,13.0600004196167,27193,0.0,0.0,0.0
2025-05-14 05:15:00+00:00,13.0600004196167,13.0600004196167,13.0600004196167,13.0600004196167,42310,0.0,0.0,0.0
2025-05-14 05:20:00+00:00,13.0600004196167,13.0600004196167,13.050000190734863,13.0600004196167,20796,0.0,0.0,0.0
2025-05-15 01:00:00+00:00,13.039999961853027,13.100000381469727,13.039999961853027,13.100000381469727,0,0.0,0.0,0.0
2025-05-15 01:05:00+00:00,13.100000381469727,13.100000381469727,13.069999694824219,13.069999694824219,51744,0.0,0.0,0.0
2025-05-15 01:10:00+00:00,13.069999694824219,13.100000381469727,13.069999694824219,13.100000381469727,85308,0.0,0.0,0.0
2025-05-15 01:15:00+00:00,13.100000381469727,13.100000381469727,13.079999923706055,13.079999923706055,31316,0.0,0.0,0.0
2025-05-15 01:20:00+00:00,13.079999923706055,13.079999923706055,13.050000190734863,13.050000190734863,55588,0.0,0.0,0.0
2025-05-15 01:25:00+00:00,13.039999961853027,13.039999961853027,13.020000457763672,13.029999732971191,30889,0.0,0.0,0.0
2025-05-15 01:30:00+00:00,13.029999732971191,13.029999732971191,13.010000228881836,13.020000457763672,107541,0.0,0.0,0.0
2025-05-15 01:35:00+00:00,13.020000457763672,13.039999961853027,13.020000457763672,13.039999961853027,59233,0.0,0.0,0.0
2025-05-15 01:40:00+00:00,13.039999961853027,13.0600004196167,13.039999961853027,13.0600004196167,210582,0.0,0.0,0.0
2025-05-15 01:45:00+00:00,13.0600004196167,13.069999694824219,13.0600004196167,13.0600004196167,86425,0.0,0.0,0.0
2025-05-15 01:50:00+00:00,13.0600004196167,13.069999694824219,13.0600004196167,13.0600004196167,18318,0.0,0.0,0.0
2025-05-15 01:55:00+00:00,13.0600004196167,13.0600004196167,13.050000190734863,13.0600004196167,216151,0.0,0.0,0.0
2025-05-15 02:00:00+00:00,13.0600004196167,13.0600004196167,13.029999732971191,13.039999961853027,25471,0.0,0.0,0.0
2025-05-15 02:05:00+00:00,13.039999961853027,13.050000190734863,13.039999961853027,13.050000190734863,15302,0.0,0.0,0.0
2025-05-15 02:10:00+00:00,13.050000190734863,13.050000190734863,13.039999961853027,13.039999961853027,73132,0.0,0.0,0.0
2025-05-15 02:15:00+00:00,13.050000190734863,13.050000190734863,13.039999961853027,13.039999961853027,12555,0.0,0.0,0.0
2025-05-15 02:20:00+00:00,13.039999961853027,13.050000190734863,13.029999732971191,13.050000190734863,36082,0.0,0.0,0.0
2025-05-15 02:25:00+00:00,13.029999732971191,13.050000190734863,13.029999732971191,13.039999961853027,66468,0.0,0.0,0.0
2025-05-15 02:30:00+00:00,13.050000190734863,13.0600004196167,13.050000190734863,13.050000190734863,99190,0.0,0.0,0.0
2025-05-15 02:35:00+00:00,13.050000190734863,13.0600004196167,13.039999961853027,13.039999961853027,142497,0.0,0.0,0.0
2025-05-15 02:40:00+00:00,13.039999961853027,13.0600004196167,13.039999961853027,13.0600004196167,12129,0.0,0.0,0.0
2025-05-15 02:45:00+00:00,13.0600004196167,13.0600004196167,13.0600004196167,13.0600004196167,4795,0.0,0.0,0.0
2025-05-15 02:50:00+00:00,13.0600004196167,13.0600004196167,13.050000190734863,13.0600004196167,91190,0.0,0.0,0.0
2025-05-15 02:55:00+00:00,13.0600004196167,13.09000015258789,13.0600004196167,13.09000015258789,97593,0.0,0.0,0.0
2025-05-15 03:00:00+00:00,13.079999923706055,13.09000015258789,13.079999923706055,13.09000015258789,23814,0.0,0.0,0.0
2025-05-15 03:05:00+00:00,13.09000015258789,13.09000015258789,13.09000015258789,13.09000015258789,6533,0.0,0.0,0.0
2025-05-15 03:10:00+00:00,13.09000015258789,13.09000015258789,13.079999923706055,13.079999923706055,27141,0.0,0.0,0.0
2025-05-15 03:15:00+00:00,13.09000015258789,13.09000015258789,13.079999923706055,13.079999923706055,30708,0.0,0.0,0.0
2025-05-15 03:20:00+00:00,13.079999923706055,13.09000015258789,13.079999923706055,13.09000015258789,4748,0.0,0.0,0.0
2025-05-15 03:25:00+00:00,13.09000015258789,13.09000015258789,13.069999694824219,13.069999694824219,13239,0.0,0.0,0.0
2025-05-15 03:30:00+00:00,13.09000015258789,13.09000015258789,13.079999923706055,13.079999923706055,3071,0.0,0.0,0.0
2025-05-15 03:35:00+00:00,13.079999923706055,13.079999923706055,13.079999923706055,13.079999923706055,6023,0.0,0.0,0.0
2025-05-15 03:40:00+00:00,13.079999923706055,13.079999923706055,13.079999923706055,13.079999923706055,2682,0.0,0.0,0.0
2025-05-15 03:45:00+00:00,13.079999923706055,13.079999923706055,13.0600004196167,13.0600004196167,13048,0.0,0.0,0.0
2025-05-15 03:50:00+00:00,13.069999694824219,13.09000015258789,13.069999694824219,13.079999923706055,21140,0.0,0.0,0.0
2025-05-15 03:55:00+00:00,13.079999923706055,13.079999923706055,13.069999694824219,13.069999694824219,3246,0.0,0.0,0.0
2025-05-15 04:00:00+00:00,13.069999694824219,13.069999694824219,13.0600004196167,13.069999694824219,13550,0.0,0.0,0.0
2025-05-15 04:05:00+00:00,13.069999694824219,13.069999694824219,13.069999694824219,13.069999694824219,53144,0.0,0.0,0.0
2025-05-15 04:10:00+00:00,13.079999923706055,13.079999923706055,13.069999694824219,13.069999694824219,30384,0.0,0.0,0.0
2025-05-15 04:15:00+00:00,13.069999694824219,13.069999694824219,13.069999694824219,13.069999694824219,11427,0.0,0.0,0.0
2025-05-15 04:20:00+00:00,13.069999694824219,13.069999694824219,13.069999694824219,13.069999694824219,3165,0.0,0.0,0.0
2025-05-15 04:25:00+00:00,13.0600004196167,13.069999694824219,13.0600004196167,13.069999694824219,9030,0.0,0.0,0.0
2025-05-15 04:30:00+00:00,13.069999694824219,13.069999694824219,13.0600004196167,13.069999694824219,102349,0.0,0.0,0.0
2025-05-15 04:35:00+00:00,13.069999694824219,13.069999694824219,13.069999694824219,13.069999694824219,6000,0.0,0.0,0.0
2025-05-15 04:40:00+00:00,13.069999694824219,13.069999694824219,13.0600004196167,13.069999694824219,49060,0.0,0.0,0.0
2025-05-15 04:45:00+00:00,13.069999694824219,13.069999694824219,13.0600004196167,13.069999694824219,11114,0.0,0.0,0.0
2025-05-15 04:50:00+00:00,13.069999694824219,13.069999694824219,13.0600004196167,13.069999694824219,28210,0.0,0.0,0.0
2025-05-15 04:55:00+00:00,13.069999694824219,13.069999694824219,13.0600004196167,13.0600004196167,16280,0.0,0.0,0.0
2025-05-15 05:00:00+00:00,13.0600004196167,13.0600004196167,13.0600004196167,13.0600004196167,33237,0.0,0.0,0.0
2025-05-15 05:05:00+00:00,13.0600004196167,13.069999694824219,13.0600004196167,13.0600004196167,6061,0.0,0.0,0.0
2025-05-15 05:10:00+00:00,13.0600004196167,13.0600004196167,13.050000190734863,13.050000190734863,37100,0.0,0.0,0.0
2025-05-15 05:15:00+00:00,13.069999694824219,13.069999694824219,13.0600004196167,13.0600004196167,16111,0.0,0.0,0.0
2025-05-15 05:20:00+00:00,13.0600004196167,13.069999694824219,13.050000190734863,13.0600004196167,242226,0.0,0.0,0.0
2025-05-16 01:00:00+00:00,13.0,13.050000190734863,13.0,13.050000190734863,0,0.0,0.0,0.0
2025-05-16 01:05:00+00:00,13.039999961853027,13.069999694824219,13.039999961853027,13.069999694824219,121449,0.0,0.0,0.0
2025-05-16 01:10:00+00:00,13.069999694824219,13.079999923706055,13.0600004196167,13.069999694824219,118714,0.0,0.0,0.0
2025-05-16 01:15:00+00:00,13.069999694824219,13.069999694824219,13.0600004196167,13.0600004196167,18458,0.0,0.0,0.0
2025-05-16 01:20:00+00:00,13.069999694824219,13.069999694824219,13.0600004196167,13.0600004196167,101707,0.0,0.0,0.0
2025-05-16 01:25:00+00:00,13.0600004196167,13.079999923706055,13.0600004196167,13.069999694824219,74086,0.0,0.0,0.0
2025-05-16 01:30:00+00:00,13.09000015258789,13.09000015258789,13.079999923706055,13.079999923706055,56314,0.0,0.0,0.0
2025-05-16 01:35:00+00:00,13.079999923706055,13.109999656677246,13.079999923706055,13.100000381469727,407379,0.0,0.0,0.0
2025-05-16 01:40:00+00:00,13.109999656677246,13.119999885559082,13.109999656677246,13.119999885559082,202045,0.0,0.0,0.0
2025-05-16 01:45:00+00:00,13.119999885559082,13.140000343322754,13.109999656677246,13.130000114440918,167845,0.0,0.0,0.0
2025-05-16 01:50:00+00:00,13.130000114440918,13.130000114440918,13.119999885559082,13.130000114440918,33563,0.0,0.0,0.0
2025-05-16 01:55:00+00:00,13.130000114440918,13.140000343322754,13.130000114440918,13.140000343322754,68516,0.0,0.0,0.0
2025-05-16 02:00:00+00:00,13.140000343322754,13.149999618530273,13.130000114440918,13.149999618530273,152224,0.0,0.0,0.0
2025-05-16 02:05:00+00:00,13.140000343322754,13.149999618530273,13.130000114440918,13.140000343322754,18400,0.0,0.0,0.0
2025-05-16 02:10:00+00:00,13.140000343322754,13.149999618530273,13.130000114440918,13.130000114440918,176175,0.0,0.0,0.0
2025-05-16 02:15:00+00:00,13.130000114440918,13.130000114440918,13.130000114440918,13.130000114440918,18407,0.0,0.0,0.0
2025-05-16 02:20:00+00:00,13.130000114440918,13.149999618530273,13.130000114440918,13.149999618530273,338790,0.0,0.0,0.0
2025-05-16 02:25:00+00:00,13.149999618530273,13.15999984741211,13.149999618530273,13.149999618530273,56947,0.0,0.0,0.0
2025-05-16 02:30:00+00:00,13.149999618530273,13.149999618530273,13.140000343322754,13.149999618530273,57166,0.0,0.0,0.0
2025-05-16 02:35:00+00:00,13.149999618530273,13.170000076293945,13.149999618530273,13.15999984741211,169234,0.0,0.0,0.0
2025-05-16 02:40:00+00:00,13.170000076293945,13.170000076293945,13.15999984741211,13.15999984741211,29522,0.0,0.0,0.0
2025-05-16 02:45:00+00:00,13.170000076293945,13.170000076293945,13.15999984741211,13.15999984741211,31796,0.0,0.0,0.0
2025-05-16 02:50:00+00:00,13.15999984741211,13.15999984741211,13.140000343322754,13.140000343322754,26365,0.0,0.0,0.0
2025-05-16 02:55:00+00:00,13.149999618530273,13.15999984741211,13.149999618530273,13.149999618530273,69507,0.0,0.0,0.0
2025-05-16 03:00:00+00:00,13.149999618530273,13.15999984741211,13.149999618530273,13.15999984741211,19203,0.0,0.0,0.0
2025-05-16 03:05:00+00:00,13.15999984741211,13.15999984741211,13.15999984741211,13.15999984741211,5667,0.0,0.0,0.0
2025-05-16 03:10:00+00:00,13.15999984741211,13.15999984741211,13.149999618530273,13.15999984741211,133266,0.0,0.0,0.0
2025-05-16 03:15:00+00:00,13.15999984741211,13.170000076293945,13.15999984741211,13.15999984741211,20438,0.0,0.0,0.0
2025-05-16 03:20:00+00:00,13.15999984741211,13.170000076293945,13.149999618530273,13.149999618530273,21111,0.0,0.0,0.0
2025-05-16 03:25:00+00:00,13.15999984741211,13.15999984741211,13.149999618530273,13.149999618530273,23016,0.0,0.0,0.0
2025-05-16 03:30:00+00:00,13.15999984741211,13.15999984741211,13.140000343322754,13.15999984741211,14920,0.0,0.0,0.0
2025-05-16 03:35:00+00:00,13.140000343322754,13.149999618530273,13.130000114440918,13.130000114440918,44671,0.0,0.0,0.0
2025-05-16 03:40:00+00:00,13.130000114440918,13.130000114440918,13.119999885559082,13.130000114440918,21902,0.0,0.0,0.0
2025-05-16 03:45:00+00:00,13.130000114440918,13.130000114440918,13.119999885559082,13.119999885559082,7518,0.0,0.0,0.0
2025-05-16 03:50:00+00:00,13.119999885559082,13.130000114440918,13.109999656677246,13.109999656677246,15019,0.0,0.0,0.0
2025-05-16 03:55:00+00:00,13.119999885559082,13.119999885559082,13.119999885559082,13.119999885559082,17106,0.0,0.0,0.0
2025-05-16 04:00:00+00:00,13.130000114440918,13.140000343322754,13.130000114440918,13.140000343322754,12262,0.0,0.0,0.0
2025-05-16 04:05:00+00:00,13.140000343322754,13.140000343322754,13.130000114440918,13.140000343322754,16108,0.0,0.0,0.0
2025-05-16 04:10:00+00:00,13.140000343322754,13.140000343322754,13.130000114440918,13.130000114440918,20228,0.0,0.0,0.0
2025-05-16 04:15:00+00:00,13.140000343322754,13.140000343322754,13.119999885559082,13.130000114440918,7108,0.0,0.0,0.0
2025-05-16 04:20:00+00:00,13.140000343322754,13.140000343322754,13.119999885559082,13.130000114440918,10458,0.0,0.0,0.0
2025-05-16 04:25:00+00:00,13.130000114440918,13.130000114440918,13.130000114440918,13.130000114440918,35256,0.0,0.0,0.0
2025-05-16 04:30:00+00:00,13.140000343322754,13.149999618530273,13.130000114440918,13.149999618530273,71233,0.0,0.0,0.0
2025-05-16 04:35:00+00:00,13.140000343322754,13.149999618530273,13.140000343322754,13.149999618530273,163591,0.0,0.0,0.0
2025-05-16 04:40:00+00:00,13.149999618530273,13.149999618530273,13.149999618530273,13.149999618530273,15549,0.0,0.0,0.0
2025-05-16 04:45:00+00:00,13.140000343322754,13.140000343322754,13.140000343322754,13.140000343322754,5312,0.0,0.0,0.0
2025-05-16 04:50:00+00:00,13.140000343322754,13.149999618530273,13.140000343322754,13.140000343322754,10168,0.0,0.0,0.0
2025-05-16 04:55:00+00:00,13.140000343322754,13.140000343322754,13.140000343322754,13.140000343322754,20527,0.0,0.0,0.0
2025-05-16 05:00:00+00:00,13.140000343322754,13.140000343322754,13.140000343322754,13.140000343322754,29055,0.0,0.0,0.0
2025-05-16 05:05:00+00:00,13.140000343322754,13.149999618530273,13.140000343322754,13.149999618530273,6371,0.0,0.0,0.0
2025-05-16 05:10:00+00:00,13.149999618530273,13.149999618530273,13.140000343322754,13.140000343322754,53066,0.0,0.0,0.0
2025-05-16 05:15:00+00:00,13.149999618530273,13.149999618530273,13.140000343322754,13.140000343322754,12399,0.0,0.0,0.0
2025-05-16 05:20:00+00:00,13.140000343322754,13.149999618530273,13.140000343322754,13.140000343322754,49053,0.0,0.0,0.0
2025-05-19 01:00:00+00:00,13.119999885559082,13.119999885559082,13.079999923706055,13.100000381469727,0,0.0,0.0,0.0
2025-05-19 01:05:00+00:00,13.09000015258789,13.119999885559082,13.09000015258789,13.109999656677246,40064,0.0,0.0,0.0
2025-05-19 01:10:00+00:00,13.100000381469727,13.100000381469727,13.069999694824219,13.069999694824219,134628,0.0,0.0,0.0
2025-05-19 01:15:00+00:00,13.0600004196167,13.069999694824219,13.0600004196167,13.0600004196167,101114,0.0,0.0,0.0
2025-05-19 01:20:00+00:00,13.0600004196167,13.0600004196167,13.050000190734863,13.0600004196167,33155,0.0,0.0,0.0
2025-05-19 01:25:00+00:00,13.0600004196167,13.0600004196167,13.0600004196167,13.0600004196167,18919,0.0,0.0,0.0
2025-05-19 01:30:00+00:00,13.0600004196167,13.0600004196167,13.050000190734863,13.050000190734863,118327,0.0,0.0,0.0
2025-05-19 01:35:00+00:00,13.039999961853027,13.050000190734863,13.029999732971191,13.039999961853027,95750,0.0,0.0,0.0
2025-05-19 01:40:00+00:00,13.039999961853027,13.039999961853027,13.039999961853027,13.039999961853027,16291,0.0,0.0,0.0
2025-05-19 01:45:00+00:00,13.029999732971191,13.039999961853027,13.029999732971191,13.039999961853027,11278,0.0,0.0,0.0
2025-05-19 01:50:00+00:00,13.039999961853027,13.039999961853027,13.029999732971191,13.029999732971191,43253,0.0,0.0,0.0
2025-05-19 01:55:00+00:00,13.029999732971191,13.029999732971191,13.020000457763672,13.020000457763672,12573,0.0,0.0,0.0
2025-05-19 02:00:00+00:00,13.029999732971191,13.029999732971191,13.020000457763672,13.020000457763672,11336,0.0,0.0,0.0
2025-05-19 02:05:00+00:00,13.029999732971191,13.029999732971191,13.029999732971191,13.029999732971191,5174,0.0,0.0,0.0
2025-05-19 02:10:00+00:00,13.029999732971191,13.029999732971191,13.029999732971191,13.029999732971191,7356,0.0,0.0,0.0
2025-05-19 02:15:00+00:00,13.039999961853027,13.050000190734863,13.029999732971191,13.050000190734863,39827,0.0,0.0,0.0
2025-05-19 02:20:00+00:00,13.050000190734863,13.050000190734863,13.029999732971191,13.050000190734863,40060,0.0,0.0,0.0
2025-05-19 02:25:00+00:00,13.050000190734863,13.050000190734863,13.039999961853027,13.039999961853027,3776,0.0,0.0,0.0
2025-05-19 02:30:00+00:00,13.050000190734863,13.050000190734863,13.039999961853027,13.039999961853027,53499,0.0,0.0,0.0
2025-05-19 02:35:00+00:00,13.050000190734863,13.050000190734863,13.029999732971191,13.029999732971191,18407,0.0,0.0,0.0
2025-05-19 02:40:00+00:00,13.039999961853027,13.050000190734863,13.039999961853027,13.050000190734863,118034,0.0,0.0,0.0
2025-05-19 02:45:00+00:00,13.0600004196167,13.069999694824219,13.0600004196167,13.069999694824219,19148,0.0,0.0,0.0
2025-05-19 02:50:00+00:00,13.0600004196167,13.069999694824219,13.0600004196167,13.0600004196167,3027,0.0,0.0,0.0
2025-05-19 02:55:00+00:00,13.069999694824219,13.069999694824219,13.069999694824219,13.069999694824219,2049,0.0,0.0,0.0
2025-05-19 03:00:00+00:00,13.069999694824219,13.069999694824219,13.0600004196167,13.0600004196167,5543,0.0,0.0,0.0
2025-05-19 03:05:00+00:00,13.069999694824219,13.069999694824219,13.050000190734863,13.050000190734863,41074,0.0,0.0,0.0
2025-05-19 03:10:00+00:00,13.039999961853027,13.050000190734863,13.039999961853027,13.039999961853027,51071,0.0,0.0,0.0
2025-05-19 03:15:00+00:00,13.039999961853027,13.050000190734863,13.039999961853027,13.039999961853027,33421,0.0,0.0,0.0
2025-05-19 03:20:00+00:00,13.039999961853027,13.050000190734863,13.039999961853027,13.050000190734863,7491,0.0,0.0,0.0
2025-05-19 03:25:00+00:00,13.039999961853027,13.039999961853027,13.029999732971191,13.039999961853027,5262,0.0,0.0,0.0
2025-05-19 03:30:00+00:00,13.039999961853027,13.039999961853027,13.010000228881836,13.010000228881836,443613,0.0,0.0,0.0
2025-05-19 03:35:00+00:00,13.010000228881836,13.010000228881836,13.0,13.010000228881836,53014,0.0,0.0,0.0
2025-05-19 03:40:00+00:00,13.010000228881836,13.010000228881836,12.989999771118164,12.989999771118164,155896,0.0,0.0,0.0
2025-05-19 03:45:00+00:00,12.989999771118164,13.0,12.979999542236328,13.0,79246,0.0,0.0,0.0
2025-05-19 03:50:00+00:00,13.0,13.0,12.989999771118164,12.989999771118164,9781,0.0,0.0,0.0
2025-05-19 03:55:00+00:00,12.989999771118164,12.989999771118164,12.989999771118164,12.989999771118164,1170,0.0,0.0,0.0
2025-05-19 04:00:00+00:00,12.989999771118164,13.0,12.989999771118164,12.989999771118164,17892,0.0,0.0,0.0
2025-05-19 04:05:00+00:00,13.0,13.0,12.979999542236328,12.989999771118164,21665,0.0,0.0,0.0
2025-05-19 04:10:00+00:00,13.0,13.0,13.0,13.0,2540,0.0,0.0,0.0
2025-05-19 04:15:00+00:00,12.989999771118164,12.989999771118164,12.979999542236328,12.989999771118164,25276,0.0,0.0,0.0
2025-05-19 04:20:00+00:00,12.989999771118164,13.0,12.989999771118164,13.0,7937,0.0,0.0,0.0
2025-05-19 04:25:00+00:00,12.989999771118164,12.989999771118164,12.979999542236328,12.979999542236328,19185,0.0,0.0,0.0
2025-05-19 04:30:00+00:00,13.0,13.0,12.979999542236328,12.989999771118164,6950,0.0,0.0,0.0
2025-05-19 04:35:00+00:00,12.989999771118164,12.989999771118164,12.989999771118164,12.989999771118164,4311,0.0,0.0,0.0
2025-05-19 04:40:00+00:00,12.989999771118164,12.989999771118164,12.970000267028809,12.970000267028809,46350,0.0,0.0,0.0
2025-05-19 04:45:00+00:00,12.970000267028809,12.970000267028809,12.960000038146973,12.960000038146973,67652,0.0,0.0,0.0
2025-05-19 04:50:00+00:00,12.960000038146973,12.970000267028809,12.960000038146973,12.970000267028809,15010,0.0,0.0,0.0
2025-05-19 04:55:00+00:00,12.960000038146973,12.960000038146973,12.949999809265137,12.949999809265137,30917,0.0,0.0,0.0
2025-05-19 05:00:00+00:00,12.949999809265137,12.960000038146973,12.949999809265137,12.960000038146973,10650,0.0,0.0,0.0
2025-05-19 05:05:00+00:00,12.960000038146973,12.960000038146973,12.949999809265137,12.949999809265137,27551,0.0,0.0,0.0
2025-05-19 05:10:00+00:00,12.949999809265137,12.949999809265137,12.9399995803833,12.949999809265137,60003,0.0,0.0,0.0
2025-05-19 05:15:00+00:00,12.949999809265137,12.949999809265137,12.949999809265137,12.949999809265137,24397,0.0,0.0,0.0
2025-05-19 05:20:00+00:00,12.949999809265137,12.949999809265137,12.9399995803833,12.949999809265137,61209,0.0,0.0,0.0
2025-05-20 01:00:00+00:00,13.050000190734863,13.09000015258789,13.050000190734863,13.079999923706055,0,0.0,0.0,0.0
2025-05-20 01:05:00+00:00,13.079999923706055,13.09000015258789,13.079999923706055,13.09000015258789,56295,0.0,0.0,0.0
2025-05-20 01:10:00+00:00,13.09000015258789,13.09000015258789,13.050000190734863,13.0600004196167,34006,0.0,0.0,0.0
2025-05-20 01:15:00+00:00,13.0600004196167,13.079999923706055,13.0600004196167,13.0600004196167,21117,0.0,0.0,0.0
2025-05-20 01:20:00+00:00,13.0600004196167,13.0600004196167,13.050000190734863,13.050000190734863,16873,0.0,0.0,0.0
2025-05-20 01:25:00+00:00,13.050000190734863,13.0600004196167,13.050000190734863,13.050000190734863,31809,0.0,0.0,0.0
2025-05-20 01:30:00+00:00,13.0600004196167,13.0600004196167,13.050000190734863,13.050000190734863,26836,0.0,0.0,0.0
2025-05-20 01:35:00+00:00,13.050000190734863,13.050000190734863,13.050000190734863,13.050000190734863,48084,0.0,0.0,0.0
2025-05-20 01:40:00+00:00,13.050000190734863,13.050000190734863,13.039999961853027,13.039999961853027,67117,0.0,0.0,0.0
2025-05-20 01:45:00+00:00,13.050000190734863,13.050000190734863,13.029999732971191,13.050000190734863,52307,0.0,0.0,0.0
2025-05-20 01:50:00+00:00,13.039999961853027,13.039999961853027,13.029999732971191,13.039999961853027,96368,0.0,0.0,0.0
2025-05-20 01:55:00+00:00,13.039999961853027,13.050000190734863,13.039999961853027,13.050000190734863,47127,0.0,0.0,0.0
2025-05-20 02:00:00+00:00,13.050000190734863,13.0600004196167,13.050000190734863,13.0600004196167,17105,0.0,0.0,0.0
2025-05-20 02:10:00+00:00,13.050000190734863,13.0600004196167,13.050000190734863,13.050000190734863,11030,0.0,0.0,0.0
2025-05-20 02:15:00+00:00,13.050000190734863,13.050000190734863,13.020000457763672,13.020000457763672,13076,0.0,0.0,0.0
2025-05-20 02:20:00+00:00,13.020000457763672,13.020000457763672,13.010000228881836,13.010000228881836,17524,0.0,0.0,0.0
2025-05-20 02:25:00+00:00,13.010000228881836,13.010000228881836,13.0,13.010000228881836,29353,0.0,0.0,0.0
2025-05-20 02:30:00+00:00,13.010000228881836,13.020000457763672,13.010000228881836,13.020000457763672,7061,0.0,0.0,0.0
2025-05-20 02:35:00+00:00,13.010000228881836,13.029999732971191,13.010000228881836,13.029999732971191,85030,0.0,0.0,0.0
2025-05-20 02:40:00+00:00,13.029999732971191,13.039999961853027,13.029999732971191,13.039999961853027,20258,0.0,0.0,0.0
2025-05-20 02:45:00+00:00,13.039999961853027,13.039999961853027,13.029999732971191,13.029999732971191,2068,0.0,0.0,0.0
2025-05-20 02:50:00+00:00,13.029999732971191,13.029999732971191,13.020000457763672,13.029999732971191,35059,0.0,0.0,0.0
2025-05-20 02:55:00+00:00,13.029999732971191,13.029999732971191,13.029999732971191,13.029999732971191,2022,0.0,0.0,0.0
2025-05-20 03:00:00+00:00,13.029999732971191,13.029999732971191,13.029999732971191,13.029999732971191,3455,0.0,0.0,0.0
2025-05-20 03:05:00+00:00,13.039999961853027,13.039999961853027,13.029999732971191,13.029999732971191,18064,0.0,0.0,0.0
2025-05-20 03:10:00+00:00,13.020000457763672,13.020000457763672,13.0,13.010000228881836,17376,0.0,0.0,0.0
2025-05-20 03:15:00+00:00,13.0,13.0,12.989999771118164,12.989999771118164,84181,0.0,0.0,0.0
2025-05-20 03:20:00+00:00,12.989999771118164,13.0,12.989999771118164,13.0,29182,0.0,0.0,0.0
2025-05-20 03:25:00+00:00,12.989999771118164,13.0,12.989999771118164,13.0,6061,0.0,0.0,0.0
2025-05-20 03:30:00+00:00,13.0,13.0,13.0,13.0,12034,0.0,0.0,0.0
2025-05-20 03:35:00+00:00,12.989999771118164,13.0,12.989999771118164,13.0,16024,0.0,0.0,0.0
2025-05-20 03:40:00+00:00,13.0,13.0,12.989999771118164,12.989999771118164,45038,0.0,0.0,0.0
2025-05-20 03:45:00+00:00,12.989999771118164,13.0,12.989999771118164,13.0,3215,0.0,0.0,0.0
2025-05-20 03:50:00+00:00,13.0,13.0,12.989999771118164,12.989999771118164,12069,0.0,0.0,0.0
2025-05-20 03:55:00+00:00,12.989999771118164,12.989999771118164,12.989999771118164,12.989999771118164,8034,0.0,0.0,0.0
2025-05-20 04:00:00+00:00,12.989999771118164,13.0,12.989999771118164,13.0,5183,0.0,0.0,0.0
2025-05-20 04:05:00+00:00,12.989999771118164,12.989999771118164,12.989999771118164,12.989999771118164,8310,0.0,0.0,0.0
2025-05-20 04:10:00+00:00,12.989999771118164,12.989999771118164,12.970000267028809,12.970000267028809,17907,0.0,0.0,0.0
2025-05-20 04:15:00+00:00,12.970000267028809,12.979999542236328,12.970000267028809,12.970000267028809,4069,0.0,0.0,0.0
2025-05-20 04:20:00+00:00,12.970000267028809,12.970000267028809,12.970000267028809,12.970000267028809,13216,0.0,0.0,0.0
2025-05-20 04:25:00+00:00,12.970000267028809,12.970000267028809,12.970000267028809,12.970000267028809,11035,0.0,0.0,0.0
2025-05-20 04:30:00+00:00,12.970000267028809,12.970000267028809,12.960000038146973,12.960000038146973,13147,0.0,0.0,0.0
2025-05-20 04:35:00+00:00,12.960000038146973,12.960000038146973,12.960000038146973,12.960000038146973,9416,0.0,0.0,0.0
2025-05-20 04:40:00+00:00,12.960000038146973,12.960000038146973,12.960000038146973,12.960000038146973,43713,0.0,0.0,0.0
2025-05-20 04:45:00+00:00,12.960000038146973,12.960000038146973,12.960000038146973,12.960000038146973,3273,0.0,0.0,0.0
2025-05-20 04:50:00+00:00,12.960000038146973,12.960000038146973,12.949999809265137,12.949999809265137,31084,0.0,0.0,0.0
2025-05-20 04:55:00+00:00,12.960000038146973,12.970000267028809,12.960000038146973,12.960000038146973,12307,0.0,0.0,0.0
2025-05-20 05:00:00+00:00,12.960000038146973,12.960000038146973,12.960000038146973,12.960000038146973,21393,0.0,0.0,0.0
2025-05-20 05:05:00+00:00,12.970000267028809,12.970000267028809,12.970000267028809,12.970000267028809,31271,0.0,0.0,0.0
2025-05-20 05:10:00+00:00,12.970000267028809,12.979999542236328,12.970000267028809,12.979999542236328,11700,0.0,0.0,0.0
2025-05-20 05:15:00+00:00,12.979999542236328,12.989999771118164,12.970000267028809,12.989999771118164,124977,0.0,0.0,0.0
2025-05-20 05:20:00+00:00,12.979999542236328,12.979999542236328,12.960000038146973,12.960000038146973,13678,0.0,0.0,0.0
2025-05-21 01:00:00+00:00,12.989999771118164,13.029999732971191,12.989999771118164,13.029999732971191,0,0.0,0.0,0.0
2025-05-21 01:05:00+00:00,13.050000190734863,13.069999694824219,13.039999961853027,13.050000190734863,82690,0.0,0.0,0.0
2025-05-21 01:10:00+00:00,13.039999961853027,13.069999694824219,13.039999961853027,13.069999694824219,43069,0.0,0.0,0.0
2025-05-21 01:15:00+00:00,13.069999694824219,13.069999694824219,13.069999694824219,13.069999694824219,22334,0.0,0.0,0.0
2025-05-21 01:20:00+00:00,13.069999694824219,13.069999694824219,13.0600004196167,13.0600004196167,56102,0.0,0.0,0.0
2025-05-21 01:25:00+00:00,13.050000190734863,13.050000190734863,13.050000190734863,13.050000190734863,11412,0.0,0.0,0.0
2025-05-21 01:30:00+00:00,13.0600004196167,13.0600004196167,13.050000190734863,13.050000190734863,13497,0.0,0.0,0.0
2025-05-21 01:35:00+00:00,13.039999961853027,13.039999961853027,13.039999961853027,13.039999961853027,15350,0.0,0.0,0.0
2025-05-21 01:40:00+00:00,13.039999961853027,13.050000190734863,13.029999732971191,13.050000190734863,115387,0.0,0.0,0.0
2025-05-21 01:45:00+00:00,13.050000190734863,13.050000190734863,13.039999961853027,13.039999961853027,150172,0.0,0.0,0.0
2025-05-21 01:50:00+00:00,13.050000190734863,13.0600004196167,13.050000190734863,13.050000190734863,9072,0.0,0.0,0.0
2025-05-21 01:55:00+00:00,13.050000190734863,13.050000190734863,13.050000190734863,13.050000190734863,28623,0.0,0.0,0.0
2025-05-21 02:00:00+00:00,13.029999732971191,13.050000190734863,13.029999732971191,13.029999732971191,8832,0.0,0.0,0.0
2025-05-21 02:05:00+00:00,13.029999732971191,13.029999732971191,13.029999732971191,13.029999732971191,109054,0.0,0.0,0.0
2025-05-21 02:10:00+00:00,13.029999732971191,13.050000190734863,13.029999732971191,13.050000190734863,48039,0.0,0.0,0.0
2025-05-21 02:15:00+00:00,13.0600004196167,13.0600004196167,13.0600004196167,13.0600004196167,10871,0.0,0.0,0.0
2025-05-21 02:20:00+00:00,13.050000190734863,13.050000190734863,13.050000190734863,13.050000190734863,21175,0.0,0.0,0.0
2025-05-21 02:25:00+00:00,13.039999961853027,13.039999961853027,13.039999961853027,13.039999961853027,12587,0.0,0.0,0.0
2025-05-21 02:30:00+00:00,13.039999961853027,13.039999961853027,13.039999961853027,13.039999961853027,43062,0.0,0.0,0.0
2025-05-21 02:35:00+00:00,13.050000190734863,13.0600004196167,13.050000190734863,13.0600004196167,25561,0.0,0.0,0.0
2025-05-21 02:40:00+00:00,13.0600004196167,13.069999694824219,13.0600004196167,13.069999694824219,103128,0.0,0.0,0.0
2025-05-21 02:45:00+00:00,13.0600004196167,13.079999923706055,13.0600004196167,13.079999923706055,202082,0.0,0.0,0.0
2025-05-21 02:50:00+00:00,13.079999923706055,13.079999923706055,13.079999923706055,13.079999923706055,23546,0.0,0.0,0.0
2025-05-21 02:55:00+00:00,13.069999694824219,13.069999694824219,13.069999694824219,13.069999694824219,7023,0.0,0.0,0.0
2025-05-21 03:00:00+00:00,13.069999694824219,13.079999923706055,13.0600004196167,13.079999923706055,173076,0.0,0.0,0.0
2025-05-21 03:05:00+00:00,13.09000015258789,13.09000015258789,13.09000015258789,13.09000015258789,59288,0.0,0.0,0.0
2025-05-21 03:10:00+00:00,13.100000381469727,13.100000381469727,13.100000381469727,13.100000381469727,123465,0.0,0.0,0.0
2025-05-21 03:15:00+00:00,13.100000381469727,13.100000381469727,13.09000015258789,13.09000015258789,20049,0.0,0.0,0.0
2025-05-21 03:20:00+00:00,13.09000015258789,13.09000015258789,13.079999923706055,13.079999923706055,12044,0.0,0.0,0.0
2025-05-21 03:25:00+00:00,13.079999923706055,13.09000015258789,13.069999694824219,13.09000015258789,26271,0.0,0.0,0.0
2025-05-21 03:30:00+00:00,13.069999694824219,13.069999694824219,13.069999694824219,13.069999694824219,1602,0.0,0.0,0.0
2025-05-21 03:35:00+00:00,13.09000015258789,13.09000015258789,13.09000015258789,13.09000015258789,20010,0.0,0.0,0.0
2025-05-21 03:40:00+00:00,13.09000015258789,13.100000381469727,13.09000015258789,13.100000381469727,26220,0.0,0.0,0.0
2025-05-21 03:45:00+00:00,13.100000381469727,13.100000381469727,13.100000381469727,13.100000381469727,2621,0.0,0.0,0.0
2025-05-21 03:50:00+00:00,13.09000015258789,13.09000015258789,13.079999923706055,13.09000015258789,33040,0.0,0.0,0.0
2025-05-21 03:55:00+00:00,13.09000015258789,13.09000015258789,13.079999923706055,13.079999923706055,13239,0.0,0.0,0.0
2025-05-21 04:00:00+00:00,13.079999923706055,13.079999923706055,13.079999923706055,13.079999923706055,1017,0.0,0.0,0.0
2025-05-21 04:05:00+00:00,13.079999923706055,13.09000015258789,13.079999923706055,13.079999923706055,37063,0.0,0.0,0.0
2025-05-21 04:10:00+00:00,13.079999923706055,13.079999923706055,13.079999923706055,13.079999923706055,21287,0.0,0.0,0.0
2025-05-21 04:15:00+00:00,13.079999923706055,13.09000015258789,13.079999923706055,13.079999923706055,10815,0.0,0.0,0.0
2025-05-21 04:20:00+00:00,13.079999923706055,13.079999923706055,13.079999923706055,13.079999923706055,35103,0.0,0.0,0.0
2025-05-21 04:25:00+00:00,13.079999923706055,13.079999923706055,13.079999923706055,13.079999923706055,30047,0.0,0.0,0.0
2025-05-21 04:30:00+00:00,13.09000015258789,13.09000015258789,13.079999923706055,13.09000015258789,62028,0.0,0.0,0.0
2025-05-21 04:35:00+00:00,13.09000015258789,13.09000015258789,13.09000015258789,13.09000015258789,28020,0.0,0.0,0.0
2025-05-21 04:40:00+00:00,13.09000015258789,13.09000015258789,13.09000015258789,13.09000015258789,19135,0.0,0.0,0.0
2025-05-21 04:45:00+00:00,13.09000015258789,13.09000015258789,13.09000015258789,13.09000015258789,23235,0.0,0.0,0.0
2025-05-21 04:50:00+00:00,13.09000015258789,13.100000381469727,13.09000015258789,13.100000381469727,13000,0.0,0.0,0.0
2025-05-21 04:55:00+00:00,13.100000381469727,13.100000381469727,13.09000015258789,13.100000381469727,13216,0.0,0.0,0.0
2025-05-21 05:00:00+00:00,13.100000381469727,13.109999656677246,13.100000381469727,13.109999656677246,164033,0.0,0.0,0.0
2025-05-21 05:05:00+00:00,13.109999656677246,13.119999885559082,13.109999656677246,13.119999885559082,96137,0.0,0.0,0.0
2025-05-21 05:10:00+00:00,13.119999885559082,13.119999885559082,13.119999885559082,13.119999885559082,12494,0.0,0.0,0.0
2025-05-21 05:15:00+00:00,13.119999885559082,13.140000343322754,13.119999885559082,13.140000343322754,156632,0.0,0.0,0.0
2025-05-21 05:20:00+00:00,13.130000114440918,13.140000343322754,13.130000114440918,13.140000343322754,34691,0.0,0.0,0.0
2025-05-22 01:00:00+00:00,13.069999694824219,13.069999694824219,12.989999771118164,13.020000457763672,0,0.0,0.0,0.0
2025-05-22 01:05:00+00:00,13.020000457763672,13.020000457763672,13.020000457763672,13.020000457763672,22849,0.0,0.0,0.0
2025-05-22 01:10:00+00:00,13.020000457763672,13.050000190734863,13.020000457763672,13.050000190734863,25846,0.0,0.0,0.0
2025-05-22 01:15:00+00:00,13.050000190734863,13.050000190734863,13.029999732971191,13.029999732971191,16612,0.0,0.0,0.0
2025-05-22 01:20:00+00:00,13.020000457763672,13.020000457763672,13.010000228881836,13.020000457763672,22659,0.0,0.0,0.0
2025-05-22 01:25:00+00:00,13.020000457763672,13.050000190734863,13.020000457763672,13.050000190734863,87112,0.0,0.0,0.0
2025-05-22 01:30:00+00:00,13.050000190734863,13.050000190734863,13.050000190734863,13.050000190734863,40035,0.0,0.0,0.0
2025-05-22 01:35:00+00:00,13.050000190734863,13.050000190734863,13.039999961853027,13.050000190734863,32126,0.0,0.0,0.0
2025-05-22 01:40:00+00:00,13.050000190734863,13.050000190734863,13.039999961853027,13.039999961853027,7738,0.0,0.0,0.0
2025-05-22 01:45:00+00:00,13.039999961853027,13.039999961853027,13.029999732971191,13.029999732971191,230173,0.0,0.0,0.0
2025-05-22 01:50:00+00:00,13.020000457763672,13.020000457763672,13.020000457763672,13.020000457763672,16046,0.0,0.0,0.0
2025-05-22 01:55:00+00:00,13.020000457763672,13.020000457763672,13.0,13.0,21698,0.0,0.0,0.0
2025-05-22 02:00:00+00:00,13.0,13.010000228881836,12.989999771118164,13.0,38900,0.0,0.0,0.0
2025-05-22 02:05:00+00:00,12.989999771118164,13.010000228881836,12.989999771118164,13.010000228881836,17058,0.0,0.0,0.0
2025-05-22 02:10:00+00:00,13.010000228881836,13.010000228881836,13.010000228881836,13.010000228881836,7034,0.0,0.0,0.0
2025-05-22 02:15:00+00:00,13.010000228881836,13.029999732971191,13.010000228881836,13.020000457763672,20146,0.0,0.0,0.0
2025-05-22 02:20:00+00:00,13.020000457763672,13.029999732971191,13.020000457763672,13.029999732971191,12216,0.0,0.0,0.0
2025-05-22 02:25:00+00:00,13.039999961853027,13.039999961853027,13.039999961853027,13.039999961853027,21005,0.0,0.0,0.0
2025-05-22 02:30:00+00:00,13.050000190734863,13.050000190734863,13.050000190734863,13.050000190734863,2058,0.0,0.0,0.0
2025-05-22 02:35:00+00:00,13.039999961853027,13.039999961853027,13.039999961853027,13.039999961853027,4051,0.0,0.0,0.0
2025-05-22 02:40:00+00:00,13.039999961853027,13.0600004196167,13.039999961853027,13.0600004196167,51028,0.0,0.0,0.0
2025-05-22 02:45:00+00:00,13.0600004196167,13.0600004196167,13.039999961853027,13.039999961853027,6514,0.0,0.0,0.0
2025-05-22 02:50:00+00:00,13.039999961853027,13.050000190734863,13.039999961853027,13.050000190734863,9328,0.0,0.0,0.0
2025-05-22 02:55:00+00:00,13.039999961853027,13.039999961853027,13.039999961853027,13.039999961853027,18036,0.0,0.0,0.0
2025-05-22 03:00:00+00:00,13.039999961853027,13.050000190734863,13.039999961853027,13.050000190734863,6092,0.0,0.0,0.0
2025-05-22 03:10:00+00:00,13.039999961853027,13.039999961853027,13.039999961853027,13.039999961853027,9257,0.0,0.0,0.0
2025-05-22 03:15:00+00:00,13.039999961853027,13.050000190734863,13.039999961853027,13.050000190734863,31030,0.0,0.0,0.0
2025-05-22 03:20:00+00:00,13.050000190734863,13.050000190734863,13.050000190734863,13.050000190734863,1723,0.0,0.0,0.0
2025-05-22 03:25:00+00:00,13.0600004196167,13.0600004196167,13.0600004196167,13.0600004196167,16018,0.0,0.0,0.0
2025-05-22 03:30:00+00:00,13.0600004196167,13.069999694824219,13.0600004196167,13.069999694824219,20544,0.0,0.0,0.0
2025-05-22 03:35:00+00:00,13.079999923706055,13.079999923706055,13.079999923706055,13.079999923706055,22298,0.0,0.0,0.0
2025-05-22 03:40:00+00:00,13.079999923706055,13.09000015258789,13.079999923706055,13.09000015258789,2134,0.0,0.0,0.0
2025-05-22 03:45:00+00:00,13.079999923706055,13.09000015258789,13.079999923706055,13.09000015258789,20101,0.0,0.0,0.0
2025-05-22 03:50:00+00:00,13.09000015258789,13.100000381469727,13.09000015258789,13.100000381469727,13060,0.0,0.0,0.0
2025-05-22 03:55:00+00:00,13.09000015258789,13.09000015258789,13.09000015258789,13.09000015258789,2011,0.0,0.0,0.0
2025-05-22 04:00:00+00:00,13.09000015258789,13.100000381469727,13.09000015258789,13.100000381469727,5075,0.0,0.0,0.0
2025-05-22 04:05:00+00:00,13.079999923706055,13.079999923706055,13.079999923706055,13.079999923706055,4026,0.0,0.0,0.0
2025-05-22 04:10:00+00:00,13.079999923706055,13.079999923706055,13.079999923706055,13.079999923706055,6779,0.0,0.0,0.0
2025-05-22 04:20:00+00:00,13.079999923706055,13.079999923706055,13.079999923706055,13.079999923706055,24014,0.0,0.0,0.0
2025-05-22 04:25:00+00:00,13.079999923706055,13.079999923706055,13.079999923706055,13.079999923706055,4107,0.0,0.0,0.0
2025-05-22 04:30:00+00:00,13.079999923706055,13.09000015258789,13.079999923706055,13.079999923706055,78084,0.0,0.0,0.0
2025-05-22 04:35:00+00:00,13.09000015258789,13.09000015258789,13.09000015258789,13.09000015258789,39020,0.0,0.0,0.0
2025-05-22 04:40:00+00:00,13.09000015258789,13.09000015258789,13.079999923706055,13.079999923706055,3300,0.0,0.0,0.0
2025-05-22 04:45:00+00:00,13.069999694824219,13.069999694824219,13.069999694824219,13.069999694824219,13469,0.0,0.0,0.0
2025-05-22 04:50:00+00:00,13.069999694824219,13.069999694824219,13.069999694824219,13.069999694824219,21020,0.0,0.0,0.0
2025-05-22 04:55:00+00:00,13.069999694824219,13.069999694824219,13.069999694824219,13.069999694824219,16223,0.0,0.0,0.0
2025-05-22 05:00:00+00:00,13.069999694824219,13.079999923706055,13.069999694824219,13.069999694824219,15140,0.0,0.0,0.0
2025-05-22 05:05:00+00:00,13.069999694824219,13.069999694824219,13.069999694824219,13.069999694824219,8578,0.0,0.0,0.0
2025-05-22 05:10:00+00:00,13.069999694824219,13.079999923706055,13.069999694824219,13.079999923706055,126312,0.0,0.0,0.0
2025-05-22 05:15:00+00:00,13.079999923706055,13.079999923706055,13.079999923706055,13.079999923706055,5704,0.0,0.0,0.0
2025-05-22 05:20:00+00:00,13.079999923706055,13.079999923706055,13.079999923706055,13.079999923706055,19083,0.0,0.0,0.0
2025-05-23 01:00:00+00:00,13.1899995803833,13.199999809265137,13.15999984741211,13.170000076293945,0,0.0,0.0,0.0
2025-05-23 01:05:00+00:00,13.15999984741211,13.170000076293945,13.149999618530273,13.149999618530273,112000,0.0,0.0,0.0
2025-05-23 01:10:00+00:00,13.140000343322754,13.149999618530273,13.140000343322754,13.149999618530273,81348,0.0,0.0,0.0
2025-05-23 01:15:00+00:00,13.140000343322754,13.15999984741211,13.140000343322754,13.15999984741211,34165,0.0,0.0,0.0
2025-05-23 01:20:00+00:00,13.149999618530273,13.149999618530273,13.109999656677246,13.119999885559082,30716,0.0,0.0,0.0
2025-05-23 01:25:00+00:00,13.119999885559082,13.119999885559082,13.119999885559082,13.119999885559082,1069,0.0,0.0,0.0
2025-05-23 01:30:00+00:00,13.119999885559082,13.119999885559082,13.109999656677246,13.119999885559082,11125,0.0,0.0,0.0
2025-05-23 01:35:00+00:00,13.100000381469727,13.100000381469727,13.09000015258789,13.100000381469727,34538,0.0,0.0,0.0
2025-05-23 01:40:00+00:00,13.09000015258789,13.100000381469727,13.079999923706055,13.079999923706055,21102,0.0,0.0,0.0
2025-05-23 01:45:00+00:00,13.100000381469727,13.100000381469727,13.079999923706055,13.09000015258789,86346,0.0,0.0,0.0
2025-05-23 01:50:00+00:00,13.109999656677246,13.109999656677246,13.100000381469727,13.100000381469727,5021,0.0,0.0,0.0
2025-05-23 01:55:00+00:00,13.100000381469727,13.100000381469727,13.079999923706055,13.079999923706055,26010,0.0,0.0,0.0
2025-05-23 02:00:00+00:00,13.079999923706055,13.09000015258789,13.079999923706055,13.079999923706055,17912,0.0,0.0,0.0
2025-05-23 02:05:00+00:00,13.079999923706055,13.079999923706055,13.069999694824219,13.069999694824219,14405,0.0,0.0,0.0
2025-05-23 02:10:00+00:00,13.069999694824219,13.069999694824219,13.069999694824219,13.069999694824219,1006,0.0,0.0,0.0
2025-05-23 02:15:00+00:00,13.069999694824219,13.079999923706055,13.069999694824219,13.069999694824219,14392,0.0,0.0,0.0
2025-05-23 02:20:00+00:00,13.079999923706055,13.079999923706055,13.069999694824219,13.069999694824219,19116,0.0,0.0,0.0
2025-05-23 02:25:00+00:00,13.069999694824219,13.079999923706055,13.069999694824219,13.079999923706055,28825,0.0,0.0,0.0
2025-05-23 02:30:00+00:00,13.079999923706055,13.079999923706055,13.079999923706055,13.079999923706055,9128,0.0,0.0,0.0
2025-05-23 02:35:00+00:00,13.079999923706055,13.079999923706055,13.069999694824219,13.069999694824219,15022,0.0,0.0,0.0
2025-05-23 02:40:00+00:00,13.069999694824219,13.069999694824219,13.069999694824219,13.069999694824219,8019,0.0,0.0,0.0
2025-05-23 02:45:00+00:00,13.079999923706055,13.079999923706055,13.069999694824219,13.069999694824219,10189,0.0,0.0,0.0
2025-05-23 02:50:00+00:00,13.069999694824219,13.069999694824219,13.069999694824219,13.069999694824219,5225,0.0,0.0,0.0
2025-05-23 02:55:00+00:00,13.0600004196167,13.069999694824219,13.0600004196167,13.069999694824219,6254,0.0,0.0,0.0
2025-05-23 03:00:00+00:00,13.069999694824219,13.069999694824219,13.0600004196167,13.069999694824219,5118,0.0,0.0,0.0
2025-05-23 03:05:00+00:00,13.069999694824219,13.069999694824219,13.069999694824219,13.069999694824219,2034,0.0,0.0,0.0
2025-05-23 03:10:00+00:00,13.069999694824219,13.069999694824219,13.0600004196167,13.0600004196167,11018,0.0,0.0,0.0
2025-05-23 03:15:00+00:00,13.069999694824219,13.069999694824219,13.069999694824219,13.069999694824219,2082,0.0,0.0,0.0
2025-05-23 03:20:00+00:00,13.0600004196167,13.069999694824219,13.0600004196167,13.069999694824219,7023,0.0,0.0,0.0
2025-05-23 03:25:00+00:00,13.069999694824219,13.069999694824219,13.0600004196167,13.069999694824219,7021,0.0,0.0,0.0
2025-05-23 03:30:00+00:00,13.069999694824219,13.069999694824219,13.069999694824219,13.069999694824219,4074,0.0,0.0,0.0
2025-05-23 03:40:00+00:00,13.069999694824219,13.069999694824219,13.0600004196167,13.0600004196167,6002,0.0,0.0,0.0
2025-05-23 03:45:00+00:00,13.0600004196167,13.069999694824219,13.0600004196167,13.0600004196167,13013,0.0,0.0,0.0
2025-05-23 03:50:00+00:00,13.0600004196167,13.0600004196167,13.050000190734863,13.050000190734863,17264,0.0,0.0,0.0
2025-05-23 03:55:00+00:00,13.050000190734863,13.050000190734863,13.039999961853027,13.039999961853027,33298,0.0,0.0,0.0
2025-05-23 04:00:00+00:00,13.039999961853027,13.050000190734863,13.039999961853027,13.039999961853027,56770,0.0,0.0,0.0
2025-05-23 04:05:00+00:00,13.039999961853027,13.050000190734863,13.039999961853027,13.050000190734863,4205,0.0,0.0,0.0
2025-05-23 04:10:00+00:00,13.039999961853027,13.039999961853027,13.029999732971191,13.039999961853027,108623,0.0,0.0,0.0
2025-05-23 04:15:00+00:00,13.029999732971191,13.039999961853027,13.029999732971191,13.039999961853027,5054,0.0,0.0,0.0
2025-05-23 04:20:00+00:00,13.029999732971191,13.029999732971191,13.020000457763672,13.020000457763672,45078,0.0,0.0,0.0
2025-05-23 04:25:00+00:00,13.020000457763672,13.020000457763672,13.010000228881836,13.010000228881836,28794,0.0,0.0,0.0
2025-05-23 04:30:00+00:00,13.020000457763672,13.020000457763672,13.0,13.0,46550,0.0,0.0,0.0
2025-05-23 04:35:00+00:00,13.020000457763672,13.020000457763672,13.020000457763672,13.020000457763672,52310,0.0,0.0,0.0
2025-05-23 04:40:00+00:00,13.020000457763672,13.020000457763672,13.010000228881836,13.020000457763672,36386,0.0,0.0,0.0
2025-05-23 04:45:00+00:00,13.020000457763672,13.020000457763672,13.010000228881836,13.010000228881836,25160,0.0,0.0,0.0
2025-05-23 04:50:00+00:00,13.010000228881836,13.010000228881836,13.0,13.010000228881836,40850,0.0,0.0,0.0
2025-05-23 04:55:00+00:00,13.0,13.010000228881836,13.0,13.010000228881836,9566,0.0,0.0,0.0
2025-05-23 05:00:00+00:00,13.0,13.010000228881836,13.0,13.010000228881836,47480,0.0,0.0,0.0
2025-05-23 05:05:00+00:00,13.029999732971191,13.029999732971191,13.020000457763672,13.020000457763672,2110,0.0,0.0,0.0
2025-05-23 05:10:00+00:00,13.020000457763672,13.029999732971191,13.020000457763672,13.029999732971191,12554,0.0,0.0,0.0
2025-05-23 05:15:00+00:00,13.029999732971191,13.029999732971191,13.020000457763672,13.020000457763672,19816,0.0,0.0,0.0
2025-05-23 05:20:00+00:00,13.029999732971191,13.039999961853027,13.020000457763672,13.029999732971191,61663,0.0,0.0,0.0
2025-05-26 01:00:00+00:00,13.0600004196167,13.0600004196167,13.0,13.0,0,0.0,0.0,0.0
2025-05-26 01:05:00+00:00,13.0,13.039999961853027,13.0,13.039999961853027,209364,0.0,0.0,0.0
2025-05-26 01:10:00+00:00,13.039999961853027,13.050000190734863,13.029999732971191,13.039999961853027,46788,0.0,0.0,0.0
2025-05-26 01:15:00+00:00,13.050000190734863,13.069999694824219,13.039999961853027,13.069999694824219,51215,0.0,0.0,0.0
2025-05-26 01:20:00+00:00,13.069999694824219,13.069999694824219,13.050000190734863,13.050000190734863,17891,0.0,0.0,0.0
2025-05-26 01:25:00+00:00,13.039999961853027,13.050000190734863,13.029999732971191,13.039999961853027,70525,0.0,0.0,0.0
2025-05-26 01:30:00+00:00,13.039999961853027,13.039999961853027,13.010000228881836,13.020000457763672,21048,0.0,0.0,0.0
2025-05-26 01:35:00+00:00,13.020000457763672,13.020000457763672,13.010000228881836,13.020000457763672,8477,0.0,0.0,0.0
2025-05-26 01:40:00+00:00,13.020000457763672,13.020000457763672,13.010000228881836,13.020000457763672,13237,0.0,0.0,0.0
2025-05-26 01:45:00+00:00,13.020000457763672,13.029999732971191,13.010000228881836,13.029999732971191,40626,0.0,0.0,0.0
2025-05-26 01:50:00+00:00,13.029999732971191,13.029999732971191,13.029999732971191,13.029999732971191,36058,0.0,0.0,0.0
2025-05-26 01:55:00+00:00,13.029999732971191,13.039999961853027,13.029999732971191,13.039999961853027,14198,0.0,0.0,0.0
2025-05-26 02:00:00+00:00,13.039999961853027,13.050000190734863,13.039999961853027,13.050000190734863,43279,0.0,0.0,0.0
2025-05-26 02:05:00+00:00,13.0600004196167,13.069999694824219,13.0600004196167,13.069999694824219,29058,0.0,0.0,0.0
2025-05-26 02:10:00+00:00,13.0600004196167,13.069999694824219,13.0600004196167,13.0600004196167,8927,0.0,0.0,0.0
2025-05-26 02:15:00+00:00,13.069999694824219,13.069999694824219,13.050000190734863,13.069999694824219,53911,0.0,0.0,0.0
2025-05-26 02:20:00+00:00,13.069999694824219,13.069999694824219,13.069999694824219,13.069999694824219,2287,0.0,0.0,0.0
2025-05-26 02:25:00+00:00,13.050000190734863,13.050000190734863,13.039999961853027,13.039999961853027,8085,0.0,0.0,0.0
2025-05-26 02:30:00+00:00,13.039999961853027,13.050000190734863,13.039999961853027,13.050000190734863,7172,0.0,0.0,0.0
2025-05-26 02:35:00+00:00,13.039999961853027,13.039999961853027,13.039999961853027,13.039999961853027,3163,0.0,0.0,0.0
2025-05-26 02:40:00+00:00,13.039999961853027,13.039999961853027,13.029999732971191,13.029999732971191,4073,0.0,0.0,0.0
2025-05-26 02:45:00+00:00,13.039999961853027,13.039999961853027,13.039999961853027,13.039999961853027,5147,0.0,0.0,0.0
2025-05-26 02:50:00+00:00,13.029999732971191,13.039999961853027,13.029999732971191,13.029999732971191,10113,0.0,0.0,0.0
2025-05-26 02:55:00+00:00,13.039999961853027,13.039999961853027,13.039999961853027,13.039999961853027,3158,0.0,0.0,0.0
2025-05-26 03:00:00+00:00,13.029999732971191,13.050000190734863,13.029999732971191,13.050000190734863,20172,0.0,0.0,0.0
2025-05-26 03:05:00+00:00,13.050000190734863,13.050000190734863,13.050000190734863,13.050000190734863,7563,0.0,0.0,0.0
2025-05-26 03:10:00+00:00,13.039999961853027,13.050000190734863,13.039999961853027,13.039999961853027,5119,0.0,0.0,0.0
2025-05-26 03:15:00+00:00,13.039999961853027,13.039999961853027,13.039999961853027,13.039999961853027,2222,0.0,0.0,0.0
2025-05-26 03:20:00+00:00,13.039999961853027,13.039999961853027,13.029999732971191,13.029999732971191,4058,0.0,0.0,0.0
2025-05-26 03:25:00+00:00,13.029999732971191,13.029999732971191,13.020000457763672,13.020000457763672,28053,0.0,0.0,0.0
2025-05-26 03:30:00+00:00,13.039999961853027,13.039999961853027,13.020000457763672,13.020000457763672,5153,0.0,0.0,0.0
2025-05-26 03:35:00+00:00,13.020000457763672,13.020000457763672,13.010000228881836,13.010000228881836,11141,0.0,0.0,0.0
2025-05-26 03:40:00+00:00,13.010000228881836,13.020000457763672,13.010000228881836,13.010000228881836,5024,0.0,0.0,0.0
2025-05-26 03:45:00+00:00,13.010000228881836,13.029999732971191,13.010000228881836,13.020000457763672,5081,0.0,0.0,0.0
2025-05-26 03:50:00+00:00,13.020000457763672,13.020000457763672,13.010000228881836,13.010000228881836,18135,0.0,0.0,0.0
2025-05-26 03:55:00+00:00,13.020000457763672,13.020000457763672,13.0,13.010000228881836,9302,0.0,0.0,0.0
2025-05-26 04:00:00+00:00,13.010000228881836,13.010000228881836,13.0,13.010000228881836,5035,0.0,0.0,0.0
2025-05-26 04:05:00+00:00,13.010000228881836,13.029999732971191,13.0,13.029999732971191,39710,0.0,0.0,0.0
2025-05-26 04:10:00+00:00,13.010000228881836,13.010000228881836,13.0,13.010000228881836,18631,0.0,0.0,0.0
2025-05-26 04:15:00+00:00,13.010000228881836,13.010000228881836,13.0,13.010000228881836,23183,0.0,0.0,0.0
2025-05-26 04:20:00+00:00,13.010000228881836,13.010000228881836,13.010000228881836,13.010000228881836,5016,0.0,0.0,0.0
2025-05-26 04:25:00+00:00,13.010000228881836,13.010000228881836,13.010000228881836,13.010000228881836,35092,0.0,0.0,0.0
2025-05-26 04:30:00+00:00,13.010000228881836,13.020000457763672,13.010000228881836,13.020000457763672,16370,0.0,0.0,0.0
2025-05-26 04:35:00+00:00,13.020000457763672,13.020000457763672,13.020000457763672,13.020000457763672,4469,0.0,0.0,0.0
2025-05-26 04:40:00+00:00,13.020000457763672,13.020000457763672,13.020000457763672,13.020000457763672,16518,0.0,0.0,0.0
2025-05-26 04:50:00+00:00,13.020000457763672,13.020000457763672,13.010000228881836,13.010000228881836,14578,0.0,0.0,0.0
2025-05-26 05:00:00+00:00,13.010000228881836,13.010000228881836,13.0,13.010000228881836,13056,0.0,0.0,0.0
2025-05-26 05:05:00+00:00,13.010000228881836,13.010000228881836,13.0,13.0,79435,0.0,0.0,0.0
2025-05-26 05:10:00+00:00,13.0,13.010000228881836,13.0,13.0,29235,0.0,0.0,0.0
2025-05-26 05:15:00+00:00,13.010000228881836,13.010000228881836,13.0,13.0,24829,0.0,0.0,0.0
2025-05-26 05:20:00+00:00,13.0,13.0,13.0,13.0,59420,0.0,0.0,0.0
2025-05-27 01:00:00+00:00,13.010000228881836,13.010000228881836,12.949999809265137,12.949999809265137,0,0.0,0.0,0.0
2025-05-27 01:05:00+00:00,12.949999809265137,12.979999542236328,12.949999809265137,12.960000038146973,14557,0.0,0.0,0.0
2025-05-27 01:10:00+00:00,12.960000038146973,12.960000038146973,12.949999809265137,12.949999809265137,46814,0.0,0.0,0.0
2025-05-27 01:15:00+00:00,12.949999809265137,12.960000038146973,12.949999809265137,12.949999809265137,88104,0.0,0.0,0.0
2025-05-27 01:20:00+00:00,12.960000038146973,12.960000038146973,12.949999809265137,12.949999809265137,12795,0.0,0.0,0.0
2025-05-27 01:25:00+00:00,12.949999809265137,12.979999542236328,12.949999809265137,12.979999542236328,16239,0.0,0.0,0.0
2025-05-27 01:30:00+00:00,12.989999771118164,12.989999771118164,12.979999542236328,12.979999542236328,8758,0.0,0.0,0.0
2025-05-27 01:35:00+00:00,12.979999542236328,12.979999542236328,12.979999542236328,12.979999542236328,10037,0.0,0.0,0.0
2025-05-27 01:40:00+00:00,12.979999542236328,12.979999542236328,12.970000267028809,12.970000267028809,14037,0.0,0.0,0.0
2025-05-27 01:45:00+00:00,12.970000267028809,12.979999542236328,12.960000038146973,12.979999542236328,6090,0.0,0.0,0.0
2025-05-27 01:50:00+00:00,12.960000038146973,12.960000038146973,12.9399995803833,12.9399995803833,100784,0.0,0.0,0.0
2025-05-27 01:55:00+00:00,12.9399995803833,12.9399995803833,12.899999618530273,12.899999618530273,136532,0.0,0.0,0.0
2025-05-27 02:00:00+00:00,12.899999618530273,12.899999618530273,12.890000343322754,12.890000343322754,36547,0.0,0.0,0.0
2025-05-27 02:05:00+00:00,12.890000343322754,12.899999618530273,12.890000343322754,12.890000343322754,6933,0.0,0.0,0.0
2025-05-27 02:10:00+00:00,12.890000343322754,12.890000343322754,12.869999885559082,12.869999885559082,89248,0.0,0.0,0.0
2025-05-27 02:15:00+00:00,12.880000114440918,12.890000343322754,12.880000114440918,12.890000343322754,20033,0.0,0.0,0.0
2025-05-27 02:20:00+00:00,12.890000343322754,12.890000343322754,12.880000114440918,12.880000114440918,53781,0.0,0.0,0.0
2025-05-27 02:25:00+00:00,12.890000343322754,12.890000343322754,12.890000343322754,12.890000343322754,5000,0.0,0.0,0.0
2025-05-27 02:30:00+00:00,12.890000343322754,12.899999618530273,12.890000343322754,12.899999618530273,60418,0.0,0.0,0.0
2025-05-27 02:35:00+00:00,12.920000076293945,12.920000076293945,12.920000076293945,12.920000076293945,2346,0.0,0.0,0.0
2025-05-27 02:40:00+00:00,12.90999984741211,12.920000076293945,12.90999984741211,12.920000076293945,7095,0.0,0.0,0.0
2025-05-27 02:45:00+00:00,12.920000076293945,12.920000076293945,12.90999984741211,12.90999984741211,11054,0.0,0.0,0.0
2025-05-27 02:50:00+00:00,12.899999618530273,12.899999618530273,12.899999618530273,12.899999618530273,1368,0.0,0.0,0.0
2025-05-27 02:55:00+00:00,12.920000076293945,12.920000076293945,12.920000076293945,12.920000076293945,4023,0.0,0.0,0.0
2025-05-27 03:00:00+00:00,12.920000076293945,12.920000076293945,12.920000076293945,12.920000076293945,6468,0.0,0.0,0.0
2025-05-27 03:05:00+00:00,12.90999984741211,12.90999984741211,12.90999984741211,12.90999984741211,3202,0.0,0.0,0.0
2025-05-27 03:10:00+00:00,12.90999984741211,12.90999984741211,12.899999618530273,12.899999618530273,18444,0.0,0.0,0.0
2025-05-27 03:15:00+00:00,12.90999984741211,12.90999984741211,12.890000343322754,12.890000343322754,6234,0.0,0.0,0.0
2025-05-27 03:20:00+00:00,12.899999618530273,12.899999618530273,12.890000343322754,12.899999618530273,3245,0.0,0.0,0.0
2025-05-27 03:25:00+00:00,12.899999618530273,12.899999618530273,12.899999618530273,12.899999618530273,3021,0.0,0.0,0.0
2025-05-27 03:30:00+00:00,12.899999618530273,12.899999618530273,12.890000343322754,12.890000343322754,12507,0.0,0.0,0.0
2025-05-27 03:35:00+00:00,12.899999618530273,12.899999618530273,12.890000343322754,12.890000343322754,4808,0.0,0.0,0.0
2025-05-27 03:40:00+00:00,12.890000343322754,12.890000343322754,12.890000343322754,12.890000343322754,2201,0.0,0.0,0.0
2025-05-27 03:45:00+00:00,12.890000343322754,12.890000343322754,12.890000343322754,12.890000343322754,3028,0.0,0.0,0.0
2025-05-27 03:50:00+00:00,12.890000343322754,12.890000343322754,12.890000343322754,12.890000343322754,6141,0.0,0.0,0.0
2025-05-27 03:55:00+00:00,12.880000114440918,12.890000343322754,12.880000114440918,12.880000114440918,55806,0.0,0.0,0.0
2025-05-27 04:00:00+00:00,12.880000114440918,12.880000114440918,12.859999656677246,12.869999885559082,47147,0.0,0.0,0.0
2025-05-27 04:05:00+00:00,12.869999885559082,12.869999885559082,12.859999656677246,12.869999885559082,20349,0.0,0.0,0.0
2025-05-27 04:10:00+00:00,12.869999885559082,12.869999885559082,12.859999656677246,12.869999885559082,17125,0.0,0.0,0.0
2025-05-27 04:15:00+00:00,12.869999885559082,12.869999885559082,12.859999656677246,12.859999656677246,9302,0.0,0.0,0.0
2025-05-27 04:20:00+00:00,12.869999885559082,12.869999885559082,12.850000381469727,12.850000381469727,73279,0.0,0.0,0.0
2025-05-27 04:25:00+00:00,12.859999656677246,12.859999656677246,12.850000381469727,12.850000381469727,24335,0.0,0.0,0.0
2025-05-27 04:30:00+00:00,12.859999656677246,12.869999885559082,12.850000381469727,12.850000381469727,34055,0.0,0.0,0.0
2025-05-27 04:35:00+00:00,12.859999656677246,12.859999656677246,12.850000381469727,12.850000381469727,9313,0.0,0.0,0.0
2025-05-27 04:40:00+00:00,12.850000381469727,12.859999656677246,12.850000381469727,12.850000381469727,52348,0.0,0.0,0.0
2025-05-27 04:45:00+00:00,12.859999656677246,12.859999656677246,12.84000015258789,12.84000015258789,74371,0.0,0.0,0.0
2025-05-27 04:50:00+00:00,12.859999656677246,12.859999656677246,12.84000015258789,12.850000381469727,14172,0.0,0.0,0.0
2025-05-27 04:55:00+00:00,12.850000381469727,12.859999656677246,12.850000381469727,12.859999656677246,51294,0.0,0.0,0.0
2025-05-27 05:00:00+00:00,12.859999656677246,12.869999885559082,12.859999656677246,12.869999885559082,24070,0.0,0.0,0.0
2025-05-27 05:05:00+00:00,12.869999885559082,12.869999885559082,12.869999885559082,12.869999885559082,8785,0.0,0.0,0.0
2025-05-27 05:10:00+00:00,12.859999656677246,12.869999885559082,12.859999656677246,12.859999656677246,7389,0.0,0.0,0.0
2025-05-27 05:15:00+00:00,12.869999885559082,12.869999885559082,12.859999656677246,12.869999885559082,14752,0.0,0.0,0.0
2025-05-27 05:20:00+00:00,12.869999885559082,12.869999885559082,12.859999656677246,12.859999656677246,55703,0.0,0.0,0.0
2025-05-28 01:00:00+00:00,12.989999771118164,13.079999923706055,12.989999771118164,13.050000190734863,0,0.0,0.0,0.0
2025-05-28 01:05:00+00:00,13.050000190734863,13.0600004196167,13.029999732971191,13.029999732971191,122275,0.0,0.0,0.0
2025-05-28 01:10:00+00:00,13.029999732971191,13.029999732971191,13.029999732971191,13.029999732971191,30227,0.0,0.0,0.0
2025-05-28 01:15:00+00:00,13.020000457763672,13.039999961853027,13.020000457763672,13.039999961853027,6253,0.0,0.0,0.0
2025-05-28 01:20:00+00:00,13.029999732971191,13.039999961853027,13.020000457763672,13.029999732971191,106027,0.0,0.0,0.0
2025-05-28 01:25:00+00:00,13.029999732971191,13.029999732971191,13.020000457763672,13.020000457763672,18234,0.0,0.0,0.0
2025-05-28 01:30:00+00:00,13.029999732971191,13.029999732971191,12.979999542236328,12.979999542236328,83961,0.0,0.0,0.0
2025-05-28 01:35:00+00:00,12.989999771118164,12.989999771118164,12.989999771118164,12.989999771118164,7213,0.0,0.0,0.0
2025-05-28 01:40:00+00:00,12.979999542236328,12.989999771118164,12.979999542236328,12.989999771118164,40148,0.0,0.0,0.0
2025-05-28 01:45:00+00:00,12.989999771118164,12.989999771118164,12.960000038146973,12.970000267028809,48925,0.0,0.0,0.0
2025-05-28 01:50:00+00:00,12.970000267028809,12.970000267028809,12.970000267028809,12.970000267028809,9135,0.0,0.0,0.0
2025-05-28 01:55:00+00:00,12.960000038146973,12.960000038146973,12.960000038146973,12.960000038146973,1079,0.0,0.0,0.0
2025-05-28 02:00:00+00:00,12.960000038146973,12.960000038146973,12.960000038146973,12.960000038146973,21241,0.0,0.0,0.0
2025-05-28 02:05:00+00:00,12.960000038146973,12.960000038146973,12.960000038146973,12.960000038146973,6211,0.0,0.0,0.0
2025-05-28 02:10:00+00:00,12.960000038146973,12.979999542236328,12.960000038146973,12.979999542236328,22521,0.0,0.0,0.0
2025-05-28 02:15:00+00:00,12.979999542236328,12.979999542236328,12.979999542236328,12.979999542236328,12043,0.0,0.0,0.0
2025-05-28 02:20:00+00:00,12.970000267028809,12.970000267028809,12.949999809265137,12.949999809265137,31817,0.0,0.0,0.0
2025-05-28 02:25:00+00:00,12.9399995803833,12.9399995803833,12.9399995803833,12.9399995803833,1061,0.0,0.0,0.0
2025-05-28 02:30:00+00:00,12.949999809265137,12.970000267028809,12.949999809265137,12.970000267028809,3134,0.0,0.0,0.0
2025-05-28 02:35:00+00:00,12.960000038146973,12.960000038146973,12.949999809265137,12.960000038146973,4223,0.0,0.0,0.0
2025-05-28 02:40:00+00:00,12.960000038146973,12.960000038146973,12.960000038146973,12.960000038146973,5033,0.0,0.0,0.0
2025-05-28 02:45:00+00:00,12.949999809265137,12.949999809265137,12.9399995803833,12.9399995803833,10583,0.0,0.0,0.0
2025-05-28 02:50:00+00:00,12.9399995803833,12.9399995803833,12.9399995803833,12.9399995803833,24081,0.0,0.0,0.0
2025-05-28 02:55:00+00:00,12.930000305175781,12.9399995803833,12.930000305175781,12.9399995803833,37318,0.0,0.0,0.0
2025-05-28 03:00:00+00:00,12.9399995803833,12.949999809265137,12.9399995803833,12.949999809265137,98028,0.0,0.0,0.0
2025-05-28 03:05:00+00:00,12.960000038146973,12.960000038146973,12.960000038146973,12.960000038146973,2162,0.0,0.0,0.0
2025-05-28 03:10:00+00:00,12.960000038146973,12.960000038146973,12.960000038146973,12.960000038146973,8017,0.0,0.0,0.0
2025-05-28 03:15:00+00:00,12.970000267028809,12.970000267028809,12.970000267028809,12.970000267028809,2350,0.0,0.0,0.0
2025-05-28 03:20:00+00:00,12.970000267028809,12.970000267028809,12.970000267028809,12.970000267028809,1222,0.0,0.0,0.0
2025-05-28 03:25:00+00:00,12.949999809265137,12.949999809265137,12.949999809265137,12.949999809265137,1029,0.0,0.0,0.0
2025-05-28 03:30:00+00:00,12.949999809265137,12.949999809265137,12.9399995803833,12.949999809265137,4010,0.0,0.0,0.0
2025-05-28 03:35:00+00:00,12.9399995803833,12.9399995803833,12.9399995803833,12.9399995803833,13108,0.0,0.0,0.0
2025-05-28 03:40:00+00:00,12.9399995803833,12.9399995803833,12.920000076293945,12.920000076293945,10941,0.0,0.0,0.0
2025-05-28 03:45:00+00:00,12.930000305175781,12.930000305175781,12.930000305175781,12.930000305175781,1487,0.0,0.0,0.0
2025-05-28 03:50:00+00:00,12.920000076293945,12.920000076293945,12.920000076293945,12.920000076293945,1975,0.0,0.0,0.0
2025-05-28 03:55:00+00:00,12.90999984741211,12.90999984741211,12.90999984741211,12.90999984741211,7434,0.0,0.0,0.0
2025-05-28 04:00:00+00:00,12.90999984741211,12.90999984741211,12.899999618530273,12.90999984741211,7022,0.0,0.0,0.0
2025-05-28 04:05:00+00:00,12.90999984741211,12.90999984741211,12.90999984741211,12.90999984741211,6006,0.0,0.0,0.0
2025-05-28 04:10:00+00:00,12.90999984741211,12.90999984741211,12.90999984741211,12.90999984741211,26510,0.0,0.0,0.0
2025-05-28 04:15:00+00:00,12.90999984741211,12.90999984741211,12.899999618530273,12.899999618530273,6090,0.0,0.0,0.0
2025-05-28 04:20:00+00:00,12.899999618530273,12.899999618530273,12.899999618530273,12.899999618530273,24160,0.0,0.0,0.0
2025-05-28 04:25:00+00:00,12.899999618530273,12.899999618530273,12.890000343322754,12.890000343322754,11419,0.0,0.0,0.0
2025-05-28 04:30:00+00:00,12.899999618530273,12.899999618530273,12.869999885559082,12.869999885559082,29765,0.0,0.0,0.0
2025-05-28 04:35:00+00:00,12.859999656677246,12.859999656677246,12.859999656677246,12.859999656677246,23104,0.0,0.0,0.0
2025-05-28 04:40:00+00:00,12.859999656677246,12.859999656677246,12.850000381469727,12.859999656677246,51896,0.0,0.0,0.0
2025-05-28 04:45:00+00:00,12.869999885559082,12.890000343322754,12.869999885559082,12.890000343322754,14078,0.0,0.0,0.0
2025-05-28 04:50:00+00:00,12.880000114440918,12.890000343322754,12.880000114440918,12.890000343322754,3082,0.0,0.0,0.0
2025-05-28 04:55:00+00:00,12.880000114440918,12.880000114440918,12.869999885559082,12.869999885559082,8503,0.0,0.0,0.0
2025-05-28 05:00:00+00:00,12.869999885559082,12.869999885559082,12.869999885559082,12.869999885559082,15540,0.0,0.0,0.0
2025-05-28 05:05:00+00:00,12.869999885559082,12.890000343322754,12.869999885559082,12.890000343322754,129646,0.0,0.0,0.0
2025-05-28 05:10:00+00:00,12.890000343322754,12.890000343322754,12.890000343322754,12.890000343322754,37431,0.0,0.0,0.0
2025-05-28 05:15:00+00:00,12.899999618530273,12.899999618530273,12.890000343322754,12.899999618530273,106461,0.0,0.0,0.0
2025-05-28 05:20:00+00:00,12.899999618530273,12.90999984741211,12.899999618530273,12.90999984741211,23563,0.0,0.0,0.0
2025-05-29 01:00:00+00:00,13.050000190734863,13.069999694824219,13.010000228881836,13.039999961853027,0,0.0,0.0,0.0
2025-05-29 01:05:00+00:00,13.010000228881836,13.010000228881836,12.970000267028809,12.970000267028809,174999,0.0,0.0,0.0
2025-05-29 01:10:00+00:00,12.989999771118164,12.989999771118164,12.949999809265137,12.960000038146973,85207,0.0,0.0,0.0
2025-05-29 01:15:00+00:00,12.960000038146973,12.960000038146973,12.960000038146973,12.960000038146973,119832,0.0,0.0,0.0
2025-05-29 01:20:00+00:00,12.949999809265137,12.960000038146973,12.949999809265137,12.960000038146973,54011,0.0,0.0,0.0
2025-05-29 01:25:00+00:00,12.960000038146973,12.970000267028809,12.960000038146973,12.970000267028809,2570,0.0,0.0,0.0
2025-05-29 01:30:00+00:00,12.970000267028809,12.970000267028809,12.960000038146973,12.970000267028809,66936,0.0,0.0,0.0
2025-05-29 01:35:00+00:00,12.979999542236328,12.989999771118164,12.979999542236328,12.989999771118164,32674,0.0,0.0,0.0
2025-05-29 01:40:00+00:00,13.0,13.010000228881836,13.0,13.010000228881836,29810,0.0,0.0,0.0
2025-05-29 01:45:00+00:00,13.010000228881836,13.010000228881836,13.0,13.0,36145,0.0,0.0,0.0
2025-05-29 01:50:00+00:00,13.0,13.0,12.989999771118164,12.989999771118164,14537,0.0,0.0,0.0
2025-05-29 01:55:00+00:00,12.970000267028809,12.989999771118164,12.970000267028809,12.989999771118164,5430,0.0,0.0,0.0
2025-05-29 02:00:00+00:00,12.989999771118164,13.0,12.989999771118164,12.989999771118164,8417,0.0,0.0,0.0
2025-05-29 02:05:00+00:00,12.979999542236328,12.979999542236328,12.979999542236328,12.979999542236328,29534,0.0,0.0,0.0
2025-05-29 02:15:00+00:00,12.979999542236328,12.979999542236328,12.970000267028809,12.970000267028809,15516,0.0,0.0,0.0
2025-05-29 02:20:00+00:00,12.970000267028809,12.970000267028809,12.970000267028809,12.970000267028809,4034,0.0,0.0,0.0
2025-05-29 02:25:00+00:00,12.960000038146973,12.960000038146973,12.949999809265137,12.960000038146973,22458,0.0,0.0,0.0
2025-05-29 02:30:00+00:00,12.960000038146973,12.970000267028809,12.949999809265137,12.949999809265137,64364,0.0,0.0,0.0
2025-05-29 02:35:00+00:00,12.949999809265137,12.949999809265137,12.949999809265137,12.949999809265137,2045,0.0,0.0,0.0
2025-05-29 02:40:00+00:00,12.970000267028809,12.970000267028809,12.960000038146973,12.970000267028809,7345,0.0,0.0,0.0
2025-05-29 02:45:00+00:00,12.970000267028809,12.970000267028809,12.960000038146973,12.960000038146973,12091,0.0,0.0,0.0
2025-05-29 02:50:00+00:00,12.960000038146973,12.960000038146973,12.960000038146973,12.960000038146973,10045,0.0,0.0,0.0
2025-05-29 02:55:00+00:00,12.960000038146973,12.970000267028809,12.949999809265137,12.949999809265137,17061,0.0,0.0,0.0
2025-05-29 03:00:00+00:00,12.970000267028809,12.970000267028809,12.960000038146973,12.970000267028809,31063,0.0,0.0,0.0
2025-05-29 03:05:00+00:00,12.960000038146973,12.970000267028809,12.949999809265137,12.949999809265137,18057,0.0,0.0,0.0
2025-05-29 03:10:00+00:00,12.949999809265137,12.970000267028809,12.949999809265137,12.970000267028809,75034,0.0,0.0,0.0
2025-05-29 03:15:00+00:00,12.979999542236328,12.979999542236328,12.979999542236328,12.979999542236328,1140,0.0,0.0,0.0
2025-05-29 03:20:00+00:00,12.979999542236328,12.979999542236328,12.970000267028809,12.970000267028809,19166,0.0,0.0,0.0
2025-05-29 03:25:00+00:00,12.979999542236328,12.979999542236328,12.979999542236328,12.979999542236328,42051,0.0,0.0,0.0
2025-05-29 03:30:00+00:00,12.989999771118164,12.989999771118164,12.989999771118164,12.989999771118164,10254,0.0,0.0,0.0
2025-05-29 03:35:00+00:00,12.989999771118164,13.0,12.989999771118164,12.989999771118164,12118,0.0,0.0,0.0
2025-05-29 03:40:00+00:00,12.979999542236328,12.979999542236328,12.979999542236328,12.979999542236328,2235,0.0,0.0,0.0
2025-05-29 03:45:00+00:00,12.979999542236328,12.979999542236328,12.979999542236328,12.979999542236328,2146,0.0,0.0,0.0
2025-05-29 03:50:00+00:00,12.970000267028809,12.979999542236328,12.970000267028809,12.970000267028809,6022,0.0,0.0,0.0
2025-05-29 03:55:00+00:00,12.979999542236328,12.979999542236328,12.979999542236328,12.979999542236328,2129,0.0,0.0,0.0
2025-05-29 04:00:00+00:00,12.970000267028809,12.979999542236328,12.970000267028809,12.979999542236328,19623,0.0,0.0,0.0
2025-05-29 04:05:00+00:00,12.979999542236328,12.979999542236328,12.979999542236328,12.979999542236328,2001,0.0,0.0,0.0
2025-05-29 04:10:00+00:00,12.979999542236328,12.979999542236328,12.970000267028809,12.970000267028809,2900,0.0,0.0,0.0
2025-05-29 04:15:00+00:00,12.960000038146973,12.960000038146973,12.949999809265137,12.949999809265137,10006,0.0,0.0,0.0
2025-05-29 04:20:00+00:00,12.960000038146973,12.960000038146973,12.949999809265137,12.949999809265137,25946,0.0,0.0,0.0
2025-05-29 04:25:00+00:00,12.9399995803833,12.949999809265137,12.930000305175781,12.949999809265137,51916,0.0,0.0,0.0
2025-05-29 04:30:00+00:00,12.960000038146973,12.960000038146973,12.960000038146973,12.960000038146973,3230,0.0,0.0,0.0
2025-05-29 04:35:00+00:00,12.960000038146973,12.960000038146973,12.960000038146973,12.960000038146973,1000,0.0,0.0,0.0
2025-05-29 04:40:00+00:00,12.949999809265137,12.960000038146973,12.949999809265137,12.949999809265137,16108,0.0,0.0,0.0
2025-05-29 04:45:00+00:00,12.949999809265137,12.960000038146973,12.949999809265137,12.949999809265137,17250,0.0,0.0,0.0
2025-05-29 04:50:00+00:00,12.949999809265137,12.960000038146973,12.949999809265137,12.960000038146973,60000,0.0,0.0,0.0
2025-05-29 04:55:00+00:00,12.960000038146973,12.960000038146973,12.960000038146973,12.960000038146973,14212,0.0,0.0,0.0
2025-05-29 05:00:00+00:00,12.970000267028809,12.970000267028809,12.949999809265137,12.960000038146973,45100,0.0,0.0,0.0
2025-05-29 05:05:00+00:00,12.960000038146973,12.960000038146973,12.9399995803833,12.949999809265137,130273,0.0,0.0,0.0
2025-05-29 05:10:00+00:00,12.949999809265137,12.949999809265137,12.9399995803833,12.949999809265137,8343,0.0,0.0,0.0
2025-05-29 05:15:00+00:00,12.960000038146973,12.960000038146973,12.949999809265137,12.949999809265137,5122,0.0,0.0,0.0
2025-05-29 05:20:00+00:00,12.949999809265137,12.970000267028809,12.949999809265137,12.970000267028809,94076,0.0,0.0,0.0
2025-06-02 01:00:00+00:00,12.880000114440918,12.890000343322754,12.779999732971191,12.779999732971191,0,0.0,0.0,0.0
2025-06-02 01:05:00+00:00,12.800000190734863,12.819999694824219,12.779999732971191,12.819999694824219,104821,0.0,0.0,0.0
2025-06-02 01:10:00+00:00,12.829999923706055,12.84000015258789,12.819999694824219,12.829999923706055,22857,0.0,0.0,0.0
2025-06-02 01:15:00+00:00,12.829999923706055,12.829999923706055,12.8100004196167,12.8100004196167,82835,0.0,0.0,0.0
2025-06-02 01:20:00+00:00,12.800000190734863,12.800000190734863,12.789999961853027,12.789999961853027,69303,0.0,0.0,0.0
2025-06-02 01:25:00+00:00,12.779999732971191,12.779999732971191,12.770000457763672,12.770000457763672,110525,0.0,0.0,0.0
2025-06-02 01:30:00+00:00,12.770000457763672,12.770000457763672,12.75,12.760000228881836,49159,0.0,0.0,0.0
2025-06-02 01:35:00+00:00,12.760000228881836,12.760000228881836,12.75,12.760000228881836,68106,0.0,0.0,0.0
2025-06-02 01:40:00+00:00,12.75,12.760000228881836,12.739999771118164,12.75,21631,0.0,0.0,0.0
2025-06-02 01:45:00+00:00,12.739999771118164,12.75,12.729999542236328,12.739999771118164,85547,0.0,0.0,0.0
2025-06-02 01:50:00+00:00,12.75,12.75,12.729999542236328,12.729999542236328,224428,0.0,0.0,0.0
2025-06-02 01:55:00+00:00,12.729999542236328,12.729999542236328,12.720000267028809,12.729999542236328,59072,0.0,0.0,0.0
2025-06-02 02:00:00+00:00,12.729999542236328,12.739999771118164,12.729999542236328,12.739999771118164,6353,0.0,0.0,0.0
2025-06-02 02:05:00+00:00,12.75,12.75,12.75,12.75,8620,0.0,0.0,0.0
2025-06-02 02:10:00+00:00,12.739999771118164,12.760000228881836,12.739999771118164,12.760000228881836,93249,0.0,0.0,0.0
2025-06-02 02:15:00+00:00,12.760000228881836,12.770000457763672,12.760000228881836,12.760000228881836,18527,0.0,0.0,0.0
2025-06-02 02:20:00+00:00,12.770000457763672,12.770000457763672,12.770000457763672,12.770000457763672,2118,0.0,0.0,0.0
2025-06-02 02:25:00+00:00,12.770000457763672,12.770000457763672,12.75,12.760000228881836,68302,0.0,0.0,0.0
2025-06-02 02:30:00+00:00,12.760000228881836,12.760000228881836,12.75,12.75,77579,0.0,0.0,0.0
2025-06-02 02:35:00+00:00,12.739999771118164,12.739999771118164,12.739999771118164,12.739999771118164,21432,0.0,0.0,0.0
2025-06-02 02:40:00+00:00,12.739999771118164,12.739999771118164,12.729999542236328,12.729999542236328,58526,0.0,0.0,0.0
2025-06-02 02:45:00+00:00,12.729999542236328,12.729999542236328,12.729999542236328,12.729999542236328,4419,0.0,0.0,0.0
2025-06-02 02:50:00+00:00,12.720000267028809,12.729999542236328,12.710000038146973,12.710000038146973,145755,0.0,0.0,0.0
2025-06-02 02:55:00+00:00,12.710000038146973,12.720000267028809,12.710000038146973,12.710000038146973,22610,0.0,0.0,0.0
2025-06-02 03:00:00+00:00,12.710000038146973,12.710000038146973,12.699999809265137,12.710000038146973,13982,0.0,0.0,0.0
2025-06-02 03:05:00+00:00,12.710000038146973,12.710000038146973,12.699999809265137,12.699999809265137,105563,0.0,0.0,0.0
2025-06-02 03:10:00+00:00,12.699999809265137,12.699999809265137,12.699999809265137,12.699999809265137,17383,0.0,0.0,0.0
2025-06-02 03:15:00+00:00,12.699999809265137,12.710000038146973,12.699999809265137,12.710000038146973,16580,0.0,0.0,0.0
2025-06-02 03:20:00+00:00,12.710000038146973,12.710000038146973,12.699999809265137,12.710000038146973,29178,0.0,0.0,0.0
2025-06-02 03:25:00+00:00,12.699999809265137,12.699999809265137,12.680000305175781,12.6899995803833,61805,0.0,0.0,0.0
2025-06-02 03:30:00+00:00,12.6899995803833,12.6899995803833,12.680000305175781,12.680000305175781,2642,0.0,0.0,0.0
2025-06-02 03:35:00+00:00,12.680000305175781,12.6899995803833,12.680000305175781,12.6899995803833,53605,0.0,0.0,0.0
2025-06-02 03:40:00+00:00,12.6899995803833,12.6899995803833,12.6899995803833,12.6899995803833,14226,0.0,0.0,0.0
2025-06-02 03:45:00+00:00,12.6899995803833,12.6899995803833,12.680000305175781,12.6899995803833,9139,0.0,0.0,0.0
2025-06-02 03:50:00+00:00,12.6899995803833,12.6899995803833,12.6899995803833,12.6899995803833,13586,0.0,0.0,0.0
2025-06-02 03:55:00+00:00,12.6899995803833,12.6899995803833,12.6899995803833,12.6899995803833,7052,0.0,0.0,0.0
2025-06-02 04:00:00+00:00,12.6899995803833,12.699999809265137,12.6899995803833,12.6899995803833,44613,0.0,0.0,0.0
2025-06-02 04:05:00+00:00,12.6899995803833,12.6899995803833,12.6899995803833,12.6899995803833,24377,0.0,0.0,0.0
2025-06-02 04:10:00+00:00,12.6899995803833,12.699999809265137,12.6899995803833,12.699999809265137,6047,0.0,0.0,0.0
2025-06-02 04:15:00+00:00,12.699999809265137,12.699999809265137,12.699999809265137,12.699999809265137,7077,0.0,0.0,0.0
2025-06-02 04:20:00+00:00,12.699999809265137,12.699999809265137,12.699999809265137,12.699999809265137,13491,0.0,0.0,0.0
2025-06-02 04:25:00+00:00,12.699999809265137,12.699999809265137,12.6899995803833,12.699999809265137,15736,0.0,0.0,0.0
2025-06-02 04:30:00+00:00,12.699999809265137,12.699999809265137,12.6899995803833,12.6899995803833,47586,0.0,0.0,0.0
2025-06-02 04:35:00+00:00,12.6899995803833,12.6899995803833,12.6899995803833,12.6899995803833,6729,0.0,0.0,0.0
2025-06-02 04:40:00+00:00,12.699999809265137,12.699999809265137,12.6899995803833,12.699999809265137,14780,0.0,0.0,0.0
2025-06-02 04:45:00+00:00,12.699999809265137,12.699999809265137,12.6899995803833,12.6899995803833,27823,0.0,0.0,0.0
2025-06-02 04:50:00+00:00,12.699999809265137,12.699999809265137,12.6899995803833,12.699999809265137,8026,0.0,0.0,0.0
2025-06-02 04:55:00+00:00,12.699999809265137,12.699999809265137,12.6899995803833,12.6899995803833,13317,0.0,0.0,0.0
2025-06-02 05:00:00+00:00,12.6899995803833,12.720000267028809,12.6899995803833,12.720000267028809,130152,0.0,0.0,0.0
2025-06-02 05:05:00+00:00,12.720000267028809,12.720000267028809,12.710000038146973,12.710000038146973,20569,0.0,0.0,0.0
2025-06-02 05:10:00+00:00,12.710000038146973,12.720000267028809,12.710000038146973,12.720000267028809,3261,0.0,0.0,0.0
2025-06-02 05:15:00+00:00,12.720000267028809,12.720000267028809,12.699999809265137,12.699999809265137,25074,0.0,0.0,0.0
2025-06-02 05:20:00+00:00,12.699999809265137,12.699999809265137,12.6899995803833,12.699999809265137,50420,0.0,0.0,0.0
2025-06-03 01:00:00+00:00,12.819999694824219,12.84000015258789,12.8100004196167,12.829999923706055,0,0.0,0.0,0.0
2025-06-03 01:05:00+00:00,12.84000015258789,12.859999656677246,12.84000015258789,12.859999656677246,55899,0.0,0.0,0.0
2025-06-03 01:10:00+00:00,12.859999656677246,12.859999656677246,12.850000381469727,12.859999656677246,93201,0.0,0.0,0.0
2025-06-03 01:15:00+00:00,12.869999885559082,12.869999885559082,12.859999656677246,12.859999656677246,32862,0.0,0.0,0.0
2025-06-03 01:20:00+00:00,12.859999656677246,12.869999885559082,12.859999656677246,12.869999885559082,66141,0.0,0.0,0.0
2025-06-03 01:25:00+00:00,12.869999885559082,12.880000114440918,12.859999656677246,12.880000114440918,74378,0.0,0.0,0.0
2025-06-03 01:30:00+00:00,12.880000114440918,12.880000114440918,12.880000114440918,12.880000114440918,73288,0.0,0.0,0.0
2025-06-03 01:35:00+00:00,12.890000343322754,12.899999618530273,12.890000343322754,12.890000343322754,21563,0.0,0.0,0.0
2025-06-03 01:40:00+00:00,12.899999618530273,12.899999618530273,12.899999618530273,12.899999618530273,34842,0.0,0.0,0.0
2025-06-03 01:45:00+00:00,12.90999984741211,12.90999984741211,12.899999618530273,12.90999984741211,14270,0.0,0.0,0.0
2025-06-03 01:50:00+00:00,12.90999984741211,12.90999984741211,12.890000343322754,12.899999618530273,51141,0.0,0.0,0.0
2025-06-03 01:55:00+00:00,12.899999618530273,12.899999618530273,12.899999618530273,12.899999618530273,2008,0.0,0.0,0.0
2025-06-03 02:00:00+00:00,12.899999618530273,12.899999618530273,12.880000114440918,12.880000114440918,23817,0.0,0.0,0.0
2025-06-03 02:05:00+00:00,12.880000114440918,12.880000114440918,12.84000015258789,12.84000015258789,107237,0.0,0.0,0.0
2025-06-03 02:10:00+00:00,12.84000015258789,12.84000015258789,12.819999694824219,12.819999694824219,15707,0.0,0.0,0.0
2025-06-03 02:15:00+00:00,12.819999694824219,12.819999694824219,12.800000190734863,12.8100004196167,15740,0.0,0.0,0.0
2025-06-03 02:20:00+00:00,12.819999694824219,12.819999694824219,12.819999694824219,12.819999694824219,1865,0.0,0.0,0.0
2025-06-03 02:25:00+00:00,12.819999694824219,12.819999694824219,12.8100004196167,12.8100004196167,4289,0.0,0.0,0.0
2025-06-03 02:30:00+00:00,12.819999694824219,12.819999694824219,12.800000190734863,12.8100004196167,16166,0.0,0.0,0.0
2025-06-03 02:35:00+00:00,12.8100004196167,12.8100004196167,12.800000190734863,12.800000190734863,20376,0.0,0.0,0.0
2025-06-03 02:40:00+00:00,12.800000190734863,12.800000190734863,12.779999732971191,12.779999732971191,18505,0.0,0.0,0.0
2025-06-03 02:45:00+00:00,12.800000190734863,12.800000190734863,12.789999961853027,12.789999961853027,10142,0.0,0.0,0.0
2025-06-03 02:50:00+00:00,12.789999961853027,12.789999961853027,12.789999961853027,12.789999961853027,26051,0.0,0.0,0.0
2025-06-03 02:55:00+00:00,12.8100004196167,12.8100004196167,12.8100004196167,12.8100004196167,1018,0.0,0.0,0.0
2025-06-03 03:00:00+00:00,12.8100004196167,12.8100004196167,12.800000190734863,12.800000190734863,24196,0.0,0.0,0.0
2025-06-03 03:05:00+00:00,12.8100004196167,12.8100004196167,12.8100004196167,12.8100004196167,1452,0.0,0.0,0.0
2025-06-03 03:15:00+00:00,12.8100004196167,12.8100004196167,12.8100004196167,12.8100004196167,5237,0.0,0.0,0.0
2025-06-03 03:20:00+00:00,12.8100004196167,12.8100004196167,12.8100004196167,12.8100004196167,48343,0.0,0.0,0.0
2025-06-03 03:25:00+00:00,12.8100004196167,12.8100004196167,12.8100004196167,12.8100004196167,3008,0.0,0.0,0.0
2025-06-03 03:30:00+00:00,12.8100004196167,12.8100004196167,12.8100004196167,12.8100004196167,3904,0.0,0.0,0.0
2025-06-03 03:40:00+00:00,12.8100004196167,12.819999694824219,12.8100004196167,12.819999694824219,34140,0.0,0.0,0.0
2025-06-03 03:45:00+00:00,12.819999694824219,12.819999694824219,12.8100004196167,12.8100004196167,51025,0.0,0.0,0.0
2025-06-03 03:50:00+00:00,12.800000190734863,12.800000190734863,12.800000190734863,12.800000190734863,4037,0.0,0.0,0.0
2025-06-03 03:55:00+00:00,12.8100004196167,12.8100004196167,12.8100004196167,12.8100004196167,3253,0.0,0.0,0.0
2025-06-03 04:00:00+00:00,12.800000190734863,12.800000190734863,12.800000190734863,12.800000190734863,130249,0.0,0.0,0.0
2025-06-03 04:05:00+00:00,12.8100004196167,12.8100004196167,12.8100004196167,12.8100004196167,1484,0.0,0.0,0.0
2025-06-03 04:10:00+00:00,12.8100004196167,12.8100004196167,12.8100004196167,12.8100004196167,1478,0.0,0.0,0.0
2025-06-03 04:15:00+00:00,12.800000190734863,12.800000190734863,12.800000190734863,12.800000190734863,1003,0.0,0.0,0.0
2025-06-03 04:20:00+00:00,12.800000190734863,12.800000190734863,12.789999961853027,12.789999961853027,6414,0.0,0.0,0.0
2025-06-03 04:25:00+00:00,12.789999961853027,12.789999961853027,12.789999961853027,12.789999961853027,5006,0.0,0.0,0.0
2025-06-03 04:30:00+00:00,12.800000190734863,12.800000190734863,12.800000190734863,12.800000190734863,8325,0.0,0.0,0.0
2025-06-03 04:35:00+00:00,12.800000190734863,12.800000190734863,12.800000190734863,12.800000190734863,1100,0.0,0.0,0.0
2025-06-03 04:40:00+00:00,12.800000190734863,12.800000190734863,12.800000190734863,12.800000190734863,1110,0.0,0.0,0.0
2025-06-03 04:45:00+00:00,12.789999961853027,12.789999961853027,12.789999961853027,12.789999961853027,5004,0.0,0.0,0.0
2025-06-03 04:50:00+00:00,12.789999961853027,12.789999961853027,12.789999961853027,12.789999961853027,3068,0.0,0.0,0.0
2025-06-03 04:55:00+00:00,12.779999732971191,12.779999732971191,12.779999732971191,12.779999732971191,5182,0.0,0.0,0.0
2025-06-03 05:00:00+00:00,12.789999961853027,12.789999961853027,12.789999961853027,12.789999961853027,12010,0.0,0.0,0.0
2025-06-03 05:05:00+00:00,12.789999961853027,12.789999961853027,12.789999961853027,12.789999961853027,12656,0.0,0.0,0.0
2025-06-03 05:10:00+00:00,12.789999961853027,12.789999961853027,12.789999961853027,12.789999961853027,4126,0.0,0.0,0.0
2025-06-03 05:15:00+00:00,12.800000190734863,12.800000190734863,12.779999732971191,12.779999732971191,12150,0.0,0.0,0.0
2025-06-03 05:20:00+00:00,12.789999961853027,12.800000190734863,12.779999732971191,12.779999732971191,16882,0.0,0.0,0.0
2025-06-04 01:00:00+00:00,12.899999618530273,12.970000267028809,12.899999618530273,12.960000038146973,0,0.0,0.0,0.0
2025-06-04 01:05:00+00:00,12.960000038146973,12.979999542236328,12.960000038146973,12.979999542236328,79000,0.0,0.0,0.0
2025-06-04 01:10:00+00:00,12.989999771118164,12.989999771118164,12.970000267028809,12.979999542236328,127960,0.0,0.0,0.0
2025-06-04 01:15:00+00:00,12.989999771118164,13.0,12.979999542236328,12.989999771118164,154311,0.0,0.0,0.0
2025-06-04 01:20:00+00:00,12.989999771118164,13.010000228881836,12.989999771118164,13.010000228881836,242452,0.0,0.0,0.0
2025-06-04 01:25:00+00:00,13.020000457763672,13.020000457763672,13.020000457763672,13.020000457763672,57734,0.0,0.0,0.0
2025-06-04 01:30:00+00:00,13.029999732971191,13.029999732971191,13.020000457763672,13.020000457763672,43822,0.0,0.0,0.0
2025-06-04 01:35:00+00:00,13.020000457763672,13.029999732971191,13.010000228881836,13.010000228881836,100951,0.0,0.0,0.0
2025-06-04 01:40:00+00:00,13.020000457763672,13.020000457763672,13.010000228881836,13.020000457763672,69468,0.0,0.0,0.0
2025-06-04 01:45:00+00:00,13.020000457763672,13.029999732971191,13.020000457763672,13.020000457763672,48707,0.0,0.0,0.0
2025-06-04 01:50:00+00:00,13.020000457763672,13.029999732971191,13.020000457763672,13.029999732971191,118554,0.0,0.0,0.0
2025-06-04 01:55:00+00:00,13.020000457763672,13.020000457763672,13.010000228881836,13.020000457763672,29823,0.0,0.0,0.0
2025-06-04 02:00:00+00:00,13.010000228881836,13.020000457763672,13.010000228881836,13.010000228881836,26331,0.0,0.0,0.0
2025-06-04 02:05:00+00:00,13.010000228881836,13.010000228881836,13.010000228881836,13.010000228881836,21159,0.0,0.0,0.0
2025-06-04 02:10:00+00:00,13.020000457763672,13.029999732971191,13.020000457763672,13.029999732971191,201479,0.0,0.0,0.0
2025-06-04 02:15:00+00:00,13.020000457763672,13.020000457763672,13.010000228881836,13.010000228881836,5038,0.0,0.0,0.0
2025-06-04 02:20:00+00:00,13.010000228881836,13.020000457763672,13.010000228881836,13.020000457763672,31494,0.0,0.0,0.0
2025-06-04 02:25:00+00:00,13.020000457763672,13.029999732971191,13.020000457763672,13.020000457763672,40368,0.0,0.0,0.0
2025-06-04 02:30:00+00:00,13.029999732971191,13.039999961853027,13.029999732971191,13.029999732971191,255884,0.0,0.0,0.0
2025-06-04 02:35:00+00:00,13.029999732971191,13.029999732971191,13.029999732971191,13.029999732971191,54029,0.0,0.0,0.0
2025-06-04 02:40:00+00:00,13.020000457763672,13.029999732971191,13.020000457763672,13.029999732971191,103042,0.0,0.0,0.0
2025-06-04 02:45:00+00:00,13.029999732971191,13.029999732971191,13.029999732971191,13.029999732971191,12278,0.0,0.0,0.0
2025-06-04 02:50:00+00:00,13.029999732971191,13.029999732971191,13.020000457763672,13.029999732971191,230638,0.0,0.0,0.0
2025-06-04 02:55:00+00:00,13.020000457763672,13.020000457763672,13.020000457763672,13.020000457763672,6186,0.0,0.0,0.0
2025-06-04 03:00:00+00:00,13.020000457763672,13.020000457763672,13.020000457763672,13.020000457763672,8143,0.0,0.0,0.0
2025-06-04 03:05:00+00:00,13.029999732971191,13.029999732971191,13.020000457763672,13.020000457763672,50039,0.0,0.0,0.0
2025-06-04 03:10:00+00:00,13.029999732971191,13.029999732971191,13.020000457763672,13.020000457763672,25467,0.0,0.0,0.0
2025-06-04 03:15:00+00:00,13.020000457763672,13.029999732971191,13.020000457763672,13.029999732971191,26047,0.0,0.0,0.0
2025-06-04 03:20:00+00:00,13.029999732971191,13.029999732971191,13.020000457763672,13.020000457763672,220073,0.0,0.0,0.0
2025-06-04 03:25:00+00:00,13.029999732971191,13.029999732971191,13.029999732971191,13.029999732971191,3013,0.0,0.0,0.0
2025-06-04 03:30:00+00:00,13.029999732971191,13.029999732971191,13.029999732971191,13.029999732971191,6249,0.0,0.0,0.0
2025-06-04 03:35:00+00:00,13.020000457763672,13.020000457763672,13.010000228881836,13.010000228881836,375186,0.0,0.0,0.0
2025-06-04 03:40:00+00:00,13.020000457763672,13.020000457763672,13.010000228881836,13.010000228881836,28364,0.0,0.0,0.0
2025-06-04 03:45:00+00:00,13.010000228881836,13.010000228881836,13.010000228881836,13.010000228881836,220112,0.0,0.0,0.0
2025-06-04 03:50:00+00:00,13.010000228881836,13.010000228881836,13.0,13.0,51050,0.0,0.0,0.0
2025-06-04 03:55:00+00:00,13.0,13.0,13.0,13.0,21074,0.0,0.0,0.0
2025-06-04 04:00:00+00:00,13.0,13.0,13.0,13.0,9030,0.0,0.0,0.0
2025-06-04 04:05:00+00:00,13.0,13.0,12.989999771118164,12.989999771118164,28044,0.0,0.0,0.0
2025-06-04 04:10:00+00:00,12.989999771118164,13.0,12.989999771118164,13.0,44226,0.0,0.0,0.0
2025-06-04 04:15:00+00:00,13.0,13.010000228881836,13.0,13.010000228881836,13492,0.0,0.0,0.0
2025-06-04 04:20:00+00:00,13.010000228881836,13.020000457763672,13.010000228881836,13.020000457763672,106060,0.0,0.0,0.0
2025-06-04 04:25:00+00:00,13.020000457763672,13.020000457763672,13.010000228881836,13.010000228881836,17028,0.0,0.0,0.0
2025-06-04 04:30:00+00:00,13.020000457763672,13.020000457763672,13.010000228881836,13.010000228881836,23237,0.0,0.0,0.0
2025-06-04 04:35:00+00:00,13.010000228881836,13.020000457763672,13.010000228881836,13.010000228881836,213340,0.0,0.0,0.0
2025-06-04 04:40:00+00:00,13.010000228881836,13.010000228881836,13.010000228881836,13.010000228881836,25610,0.0,0.0,0.0
2025-06-04 04:45:00+00:00,13.010000228881836,13.010000228881836,13.010000228881836,13.010000228881836,55411,0.0,0.0,0.0
2025-06-04 04:50:00+00:00,13.010000228881836,13.010000228881836,13.010000228881836,13.010000228881836,38030,0.0,0.0,0.0
2025-06-04 04:55:00+00:00,13.010000228881836,13.010000228881836,13.0,13.0,20125,0.0,0.0,0.0
2025-06-04 05:00:00+00:00,13.010000228881836,13.010000228881836,13.010000228881836,13.010000228881836,14470,0.0,0.0,0.0
2025-06-04 05:05:00+00:00,13.010000228881836,13.010000228881836,13.010000228881836,13.010000228881836,27125,0.0,0.0,0.0
2025-06-04 05:10:00+00:00,13.010000228881836,13.010000228881836,13.0,13.0,34333,0.0,0.0,0.0
2025-06-04 05:15:00+00:00,13.020000457763672,13.020000457763672,13.010000228881836,13.020000457763672,26365,0.0,0.0,0.0
2025-06-04 05:20:00+00:00,13.020000457763672,13.020000457763672,13.010000228881836,13.010000228881836,5425,0.0,0.0,0.0
2025-06-05 01:00:00+00:00,13.039999961853027,13.069999694824219,13.039999961853027,13.069999694824219,0,0.0,0.0,0.0
2025-06-05 01:05:00+00:00,13.0600004196167,13.069999694824219,13.0600004196167,13.069999694824219,79807,0.0,0.0,0.0
2025-06-05 01:10:00+00:00,13.069999694824219,13.069999694824219,13.0600004196167,13.069999694824219,41062,0.0,0.0,0.0
2025-06-05 01:15:00+00:00,13.069999694824219,13.079999923706055,13.069999694824219,13.069999694824219,121831,0.0,0.0,0.0
2025-06-05 01:20:00+00:00,13.069999694824219,13.069999694824219,13.069999694824219,13.069999694824219,12072,0.0,0.0,0.0
2025-06-05 01:25:00+00:00,13.0600004196167,13.069999694824219,13.0600004196167,13.0600004196167,78121,0.0,0.0,0.0
2025-06-05 01:30:00+00:00,13.069999694824219,13.069999694824219,13.050000190734863,13.0600004196167,35337,0.0,0.0,0.0
2025-06-05 01:35:00+00:00,13.0600004196167,13.069999694824219,13.0600004196167,13.069999694824219,109816,0.0,0.0,0.0
2025-06-05 01:40:00+00:00,13.069999694824219,13.069999694824219,13.069999694824219,13.069999694824219,13342,0.0,0.0,0.0
2025-06-05 01:45:00+00:00,13.079999923706055,13.09000015258789,13.079999923706055,13.079999923706055,193572,0.0,0.0,0.0
2025-06-05 01:50:00+00:00,13.079999923706055,13.079999923706055,13.079999923706055,13.079999923706055,19042,0.0,0.0,0.0
2025-06-05 01:55:00+00:00,13.079999923706055,13.079999923706055,13.069999694824219,13.069999694824219,83231,0.0,0.0,0.0
2025-06-05 02:00:00+00:00,13.069999694824219,13.079999923706055,13.0600004196167,13.079999923706055,50045,0.0,0.0,0.0
2025-06-05 02:05:00+00:00,13.079999923706055,13.079999923706055,13.039999961853027,13.039999961853027,29682,0.0,0.0,0.0
2025-06-05 02:10:00+00:00,13.050000190734863,13.050000190734863,13.029999732971191,13.039999961853027,34360,0.0,0.0,0.0
2025-06-05 02:15:00+00:00,13.039999961853027,13.039999961853027,13.020000457763672,13.020000457763672,13186,0.0,0.0,0.0
2025-06-05 02:20:00+00:00,13.029999732971191,13.039999961853027,13.020000457763672,13.020000457763672,29362,0.0,0.0,0.0
2025-06-05 02:25:00+00:00,13.010000228881836,13.020000457763672,13.0,13.010000228881836,57182,0.0,0.0,0.0
2025-06-05 02:30:00+00:00,13.010000228881836,13.010000228881836,13.0,13.010000228881836,24780,0.0,0.0,0.0
2025-06-05 02:35:00+00:00,13.010000228881836,13.020000457763672,13.010000228881836,13.010000228881836,17062,0.0,0.0,0.0
2025-06-05 02:40:00+00:00,13.0,13.010000228881836,13.0,13.0,51043,0.0,0.0,0.0
2025-06-05 02:45:00+00:00,12.989999771118164,12.989999771118164,12.989999771118164,12.989999771118164,2215,0.0,0.0,0.0
2025-06-05 02:50:00+00:00,13.0,13.0,12.989999771118164,13.0,5107,0.0,0.0,0.0
2025-06-05 02:55:00+00:00,12.989999771118164,13.0,12.989999771118164,13.0,30714,0.0,0.0,0.0
2025-06-05 03:00:00+00:00,13.0,13.0,12.989999771118164,12.989999771118164,3043,0.0,0.0,0.0
2025-06-05 03:05:00+00:00,13.0,13.0,13.0,13.0,9499,0.0,0.0,0.0
2025-06-05 03:10:00+00:00,12.989999771118164,13.0,12.989999771118164,13.0,61034,0.0,0.0,0.0
2025-06-05 03:15:00+00:00,13.010000228881836,13.010000228881836,13.0,13.010000228881836,4086,0.0,0.0,0.0
2025-06-05 03:20:00+00:00,13.010000228881836,13.020000457763672,13.010000228881836,13.020000457763672,4407,0.0,0.0,0.0
2025-06-05 03:25:00+00:00,13.010000228881836,13.020000457763672,13.010000228881836,13.020000457763672,2831,0.0,0.0,0.0
2025-06-05 03:30:00+00:00,13.020000457763672,13.020000457763672,13.010000228881836,13.010000228881836,26780,0.0,0.0,0.0
2025-06-05 03:35:00+00:00,13.020000457763672,13.020000457763672,13.010000228881836,13.010000228881836,5303,0.0,0.0,0.0
2025-06-05 03:40:00+00:00,13.010000228881836,13.020000457763672,13.010000228881836,13.010000228881836,6051,0.0,0.0,0.0
2025-06-05 03:45:00+00:00,13.020000457763672,13.020000457763672,13.020000457763672,13.020000457763672,16143,0.0,0.0,0.0
2025-06-05 03:50:00+00:00,13.010000228881836,13.029999732971191,13.010000228881836,13.029999732971191,3594,0.0,0.0,0.0
2025-06-05 03:55:00+00:00,13.010000228881836,13.010000228881836,13.010000228881836,13.010000228881836,1005,0.0,0.0,0.0
2025-06-05 04:00:00+00:00,13.010000228881836,13.020000457763672,13.010000228881836,13.010000228881836,16062,0.0,0.0,0.0
2025-06-05 04:05:00+00:00,13.0,13.010000228881836,13.0,13.010000228881836,13343,0.0,0.0,0.0
2025-06-05 04:10:00+00:00,13.010000228881836,13.010000228881836,13.0,13.010000228881836,4178,0.0,0.0,0.0
2025-06-05 04:15:00+00:00,13.010000228881836,13.010000228881836,13.0,13.0,4655,0.0,0.0,0.0
2025-06-05 04:20:00+00:00,13.010000228881836,13.010000228881836,13.0,13.010000228881836,15225,0.0,0.0,0.0
2025-06-05 04:25:00+00:00,13.0,13.0,12.989999771118164,12.989999771118164,18141,0.0,0.0,0.0
2025-06-05 04:30:00+00:00,13.0,13.0,12.989999771118164,13.0,19644,0.0,0.0,0.0
2025-06-05 04:35:00+00:00,13.0,13.0,13.0,13.0,3004,0.0,0.0,0.0
2025-06-05 04:40:00+00:00,13.0,13.010000228881836,13.0,13.0,6310,0.0,0.0,0.0
2025-06-05 04:45:00+00:00,13.0,13.0,13.0,13.0,23420,0.0,0.0,0.0
2025-06-05 04:50:00+00:00,13.0,13.010000228881836,13.0,13.0,16115,0.0,0.0,0.0
2025-06-05 04:55:00+00:00,13.0,13.0,13.0,13.0,2240,0.0,0.0,0.0
2025-06-05 05:00:00+00:00,12.989999771118164,12.989999771118164,12.989999771118164,12.989999771118164,41220,0.0,0.0,0.0
2025-06-05 05:05:00+00:00,12.989999771118164,12.989999771118164,12.979999542236328,12.979999542236328,54238,0.0,0.0,0.0
2025-06-05 05:10:00+00:00,12.979999542236328,12.989999771118164,12.979999542236328,12.989999771118164,154074,0.0,0.0,0.0
2025-06-05 05:15:00+00:00,12.989999771118164,13.0,12.989999771118164,13.0,19183,0.0,0.0,0.0
2025-06-05 05:20:00+00:00,13.0,13.0,12.989999771118164,13.0,12314,0.0,0.0,0.0
2025-06-06 01:00:00+00:00,13.0,13.0,12.960000038146973,12.970000267028809,0,0.0,0.0,0.0
2025-06-06 01:05:00+00:00,12.979999542236328,13.0,12.979999542236328,13.0,16843,0.0,0.0,0.0
2025-06-06 01:10:00+00:00,12.989999771118164,13.010000228881836,12.989999771118164,13.010000228881836,32389,0.0,0.0,0.0
2025-06-06 01:15:00+00:00,13.010000228881836,13.020000457763672,13.010000228881836,13.020000457763672,26632,0.0,0.0,0.0
2025-06-06 01:20:00+00:00,13.020000457763672,13.020000457763672,13.0,13.0,24733,0.0,0.0,0.0
2025-06-06 01:25:00+00:00,13.010000228881836,13.010000228881836,13.0,13.010000228881836,34387,0.0,0.0,0.0
2025-06-06 01:30:00+00:00,13.0,13.0,12.989999771118164,13.0,25650,0.0,0.0,0.0
2025-06-06 01:35:00+00:00,13.0,13.0,13.0,13.0,113108,0.0,0.0,0.0
2025-06-06 01:40:00+00:00,12.989999771118164,12.989999771118164,12.979999542236328,12.989999771118164,40958,0.0,0.0,0.0
2025-06-06 01:45:00+00:00,12.989999771118164,12.989999771118164,12.970000267028809,12.979999542236328,11260,0.0,0.0,0.0
2025-06-06 01:50:00+00:00,12.979999542236328,12.979999542236328,12.970000267028809,12.970000267028809,24468,0.0,0.0,0.0
2025-06-06 01:55:00+00:00,12.979999542236328,12.979999542236328,12.970000267028809,12.970000267028809,17410,0.0,0.0,0.0
2025-06-06 02:00:00+00:00,12.970000267028809,12.970000267028809,12.970000267028809,12.970000267028809,6174,0.0,0.0,0.0
2025-06-06 02:05:00+00:00,12.970000267028809,12.970000267028809,12.960000038146973,12.960000038146973,72886,0.0,0.0,0.0
2025-06-06 02:10:00+00:00,12.960000038146973,12.960000038146973,12.960000038146973,12.960000038146973,9913,0.0,0.0,0.0
2025-06-06 02:15:00+00:00,12.970000267028809,12.970000267028809,12.960000038146973,12.970000267028809,11274,0.0,0.0,0.0
2025-06-06 02:20:00+00:00,12.970000267028809,12.970000267028809,12.970000267028809,12.970000267028809,9127,0.0,0.0,0.0
2025-06-06 02:25:00+00:00,12.970000267028809,12.970000267028809,12.970000267028809,12.970000267028809,11135,0.0,0.0,0.0
2025-06-06 02:30:00+00:00,12.979999542236328,12.979999542236328,12.979999542236328,12.979999542236328,19174,0.0,0.0,0.0
2025-06-06 02:35:00+00:00,12.979999542236328,12.979999542236328,12.970000267028809,12.979999542236328,10343,0.0,0.0,0.0
2025-06-06 02:40:00+00:00,12.979999542236328,12.979999542236328,12.979999542236328,12.979999542236328,28189,0.0,0.0,0.0
2025-06-06 02:45:00+00:00,12.989999771118164,12.989999771118164,12.979999542236328,12.989999771118164,16683,0.0,0.0,0.0
2025-06-06 02:50:00+00:00,12.989999771118164,12.989999771118164,12.989999771118164,12.989999771118164,3019,0.0,0.0,0.0
2025-06-06 02:55:00+00:00,12.989999771118164,12.989999771118164,12.989999771118164,12.989999771118164,4538,0.0,0.0,0.0
2025-06-06 03:00:00+00:00,12.989999771118164,12.989999771118164,12.979999542236328,12.979999542236328,16538,0.0,0.0,0.0
2025-06-06 03:05:00+00:00,12.979999542236328,12.979999542236328,12.970000267028809,12.970000267028809,19161,0.0,0.0,0.0
2025-06-06 03:10:00+00:00,12.970000267028809,12.970000267028809,12.960000038146973,12.970000267028809,5048,0.0,0.0,0.0
2025-06-06 03:15:00+00:00,12.970000267028809,12.970000267028809,12.960000038146973,12.960000038146973,98035,0.0,0.0,0.0
2025-06-06 03:20:00+00:00,12.970000267028809,12.979999542236328,12.970000267028809,12.979999542236328,48967,0.0,0.0,0.0
2025-06-06 03:25:00+00:00,12.979999542236328,12.989999771118164,12.979999542236328,12.979999542236328,11280,0.0,0.0,0.0
2025-06-06 03:30:00+00:00,12.989999771118164,12.989999771118164,12.960000038146973,12.960000038146973,29111,0.0,0.0,0.0
2025-06-06 03:35:00+00:00,12.970000267028809,12.970000267028809,12.970000267028809,12.970000267028809,5010,0.0,0.0,0.0
2025-06-06 03:40:00+00:00,12.979999542236328,12.979999542236328,12.979999542236328,12.979999542236328,1226,0.0,0.0,0.0
2025-06-06 03:45:00+00:00,12.970000267028809,12.979999542236328,12.970000267028809,12.979999542236328,3868,0.0,0.0,0.0
2025-06-06 03:50:00+00:00,12.979999542236328,12.979999542236328,12.970000267028809,12.970000267028809,3005,0.0,0.0,0.0
2025-06-06 03:55:00+00:00,12.970000267028809,12.970000267028809,12.970000267028809,12.970000267028809,7043,0.0,0.0,0.0
2025-06-06 04:00:00+00:00,12.970000267028809,12.979999542236328,12.960000038146973,12.960000038146973,10355,0.0,0.0,0.0
2025-06-06 04:05:00+00:00,12.970000267028809,12.970000267028809,12.970000267028809,12.970000267028809,2741,0.0,0.0,0.0
2025-06-06 04:10:00+00:00,12.960000038146973,12.970000267028809,12.960000038146973,12.970000267028809,13069,0.0,0.0,0.0
2025-06-06 04:15:00+00:00,12.970000267028809,12.970000267028809,12.970000267028809,12.970000267028809,4755,0.0,0.0,0.0
2025-06-06 04:20:00+00:00,12.970000267028809,12.970000267028809,12.960000038146973,12.960000038146973,8459,0.0,0.0,0.0
2025-06-06 04:25:00+00:00,12.970000267028809,12.970000267028809,12.970000267028809,12.970000267028809,7568,0.0,0.0,0.0
2025-06-06 04:30:00+00:00,12.970000267028809,12.970000267028809,12.960000038146973,12.970000267028809,17520,0.0,0.0,0.0
2025-06-06 04:35:00+00:00,12.960000038146973,12.970000267028809,12.960000038146973,12.970000267028809,5537,0.0,0.0,0.0
2025-06-06 04:40:00+00:00,12.970000267028809,12.970000267028809,12.960000038146973,12.960000038146973,14620,0.0,0.0,0.0
2025-06-06 04:45:00+00:00,12.960000038146973,12.970000267028809,12.960000038146973,12.960000038146973,22744,0.0,0.0,0.0
2025-06-06 04:50:00+00:00,12.970000267028809,12.970000267028809,12.960000038146973,12.960000038146973,7437,0.0,0.0,0.0
2025-06-06 04:55:00+00:00,12.970000267028809,12.970000267028809,12.970000267028809,12.970000267028809,5110,0.0,0.0,0.0
2025-06-06 05:00:00+00:00,12.970000267028809,12.970000267028809,12.960000038146973,12.960000038146973,16277,0.0,0.0,0.0
2025-06-06 05:05:00+00:00,12.970000267028809,12.979999542236328,12.970000267028809,12.970000267028809,9073,0.0,0.0,0.0
2025-06-06 05:10:00+00:00,12.979999542236328,12.979999542236328,12.979999542236328,12.979999542236328,3569,0.0,0.0,0.0
2025-06-06 05:15:00+00:00,12.979999542236328,12.989999771118164,12.979999542236328,12.989999771118164,31212,0.0,0.0,0.0
2025-06-06 05:20:00+00:00,12.979999542236328,12.979999542236328,12.979999542236328,12.979999542236328,8252,0.0,0.0,0.0
2025-06-09 01:00:00+00:00,13.039999961853027,13.079999923706055,13.039999961853027,13.069999694824219,0,0.0,0.0,0.0
2025-06-09 01:05:00+00:00,13.069999694824219,13.069999694824219,13.0600004196167,13.069999694824219,0,0.0,0.0,0.0
2025-06-09 01:10:00+00:00,13.0600004196167,13.069999694824219,13.0600004196167,13.069999694824219,249750,0.0,0.0,0.0
2025-06-09 01:15:00+00:00,13.069999694824219,13.069999694824219,13.050000190734863,13.069999694824219,136433,0.0,0.0,0.0
2025-06-09 01:20:00+00:00,13.069999694824219,13.069999694824219,13.0600004196167,13.0600004196167,40669,0.0,0.0,0.0
2025-06-09 01:25:00+00:00,13.0600004196167,13.069999694824219,13.039999961853027,13.039999961853027,43668,0.0,0.0,0.0
2025-06-09 01:30:00+00:00,13.050000190734863,13.050000190734863,13.029999732971191,13.039999961853027,23894,0.0,0.0,0.0
2025-06-09 01:35:00+00:00,13.020000457763672,13.029999732971191,13.010000228881836,13.010000228881836,187730,0.0,0.0,0.0
2025-06-09 01:40:00+00:00,13.029999732971191,13.029999732971191,13.029999732971191,13.029999732971191,5028,0.0,0.0,0.0
2025-06-09 01:45:00+00:00,13.029999732971191,13.029999732971191,13.020000457763672,13.020000457763672,7043,0.0,0.0,0.0
2025-06-09 01:50:00+00:00,13.029999732971191,13.029999732971191,13.010000228881836,13.010000228881836,15606,0.0,0.0,0.0
2025-06-09 01:55:00+00:00,13.010000228881836,13.020000457763672,13.010000228881836,13.020000457763672,25641,0.0,0.0,0.0
2025-06-09 02:00:00+00:00,13.029999732971191,13.029999732971191,13.010000228881836,13.010000228881836,4193,0.0,0.0,0.0
2025-06-09 02:05:00+00:00,13.020000457763672,13.029999732971191,13.020000457763672,13.029999732971191,24531,0.0,0.0,0.0
2025-06-09 02:10:00+00:00,13.020000457763672,13.020000457763672,13.020000457763672,13.020000457763672,12436,0.0,0.0,0.0
2025-06-09 02:15:00+00:00,13.020000457763672,13.020000457763672,13.020000457763672,13.020000457763672,9652,0.0,0.0,0.0
2025-06-09 02:20:00+00:00,13.020000457763672,13.020000457763672,13.020000457763672,13.020000457763672,1328,0.0,0.0,0.0
2025-06-09 02:25:00+00:00,13.010000228881836,13.010000228881836,13.010000228881836,13.010000228881836,5038,0.0,0.0,0.0
2025-06-09 02:30:00+00:00,13.020000457763672,13.020000457763672,13.010000228881836,13.010000228881836,37284,0.0,0.0,0.0
2025-06-09 02:35:00+00:00,13.020000457763672,13.029999732971191,13.020000457763672,13.029999732971191,134186,0.0,0.0,0.0
2025-06-09 02:40:00+00:00,13.039999961853027,13.039999961853027,13.039999961853027,13.039999961853027,10805,0.0,0.0,0.0
2025-06-09 02:45:00+00:00,13.039999961853027,13.039999961853027,13.029999732971191,13.039999961853027,176698,0.0,0.0,0.0
2025-06-09 02:50:00+00:00,13.039999961853027,13.039999961853027,13.039999961853027,13.039999961853027,1047,0.0,0.0,0.0
2025-06-09 02:55:00+00:00,13.029999732971191,13.039999961853027,13.029999732971191,13.039999961853027,23407,0.0,0.0,0.0
2025-06-09 03:00:00+00:00,13.050000190734863,13.050000190734863,13.029999732971191,13.050000190734863,167210,0.0,0.0,0.0
2025-06-09 03:05:00+00:00,13.0600004196167,13.0600004196167,13.050000190734863,13.050000190734863,9750,0.0,0.0,0.0
2025-06-09 03:10:00+00:00,13.050000190734863,13.050000190734863,13.029999732971191,13.050000190734863,60137,0.0,0.0,0.0
2025-06-09 03:15:00+00:00,13.0600004196167,13.0600004196167,13.050000190734863,13.050000190734863,71247,0.0,0.0,0.0
2025-06-09 03:20:00+00:00,13.050000190734863,13.050000190734863,13.039999961853027,13.039999961853027,15179,0.0,0.0,0.0
2025-06-09 03:25:00+00:00,13.029999732971191,13.029999732971191,13.029999732971191,13.029999732971191,10017,0.0,0.0,0.0
2025-06-09 03:30:00+00:00,13.039999961853027,13.039999961853027,13.039999961853027,13.039999961853027,4448,0.0,0.0,0.0
2025-06-09 03:35:00+00:00,13.020000457763672,13.039999961853027,13.020000457763672,13.039999961853027,16484,0.0,0.0,0.0
2025-06-09 03:40:00+00:00,13.039999961853027,13.039999961853027,13.039999961853027,13.039999961853027,1050,0.0,0.0,0.0
2025-06-09 03:45:00+00:00,13.039999961853027,13.039999961853027,13.020000457763672,13.039999961853027,34042,0.0,0.0,0.0
2025-06-09 03:50:00+00:00,13.029999732971191,13.039999961853027,13.029999732971191,13.029999732971191,69549,0.0,0.0,0.0
2025-06-09 03:55:00+00:00,13.029999732971191,13.039999961853027,13.029999732971191,13.039999961853027,26550,0.0,0.0,0.0
2025-06-09 04:00:00+00:00,13.039999961853027,13.050000190734863,13.039999961853027,13.050000190734863,63379,0.0,0.0,0.0
2025-06-09 04:05:00+00:00,13.050000190734863,13.050000190734863,13.050000190734863,13.050000190734863,11540,0.0,0.0,0.0
2025-06-09 04:10:00+00:00,13.050000190734863,13.050000190734863,13.050000190734863,13.050000190734863,1008,0.0,0.0,0.0
2025-06-09 04:15:00+00:00,13.050000190734863,13.050000190734863,13.039999961853027,13.039999961853027,9824,0.0,0.0,0.0
2025-06-09 04:20:00+00:00,13.039999961853027,13.039999961853027,13.039999961853027,13.039999961853027,8372,0.0,0.0,0.0
2025-06-09 04:25:00+00:00,13.039999961853027,13.039999961853027,13.039999961853027,13.039999961853027,2016,0.0,0.0,0.0
2025-06-09 04:30:00+00:00,13.039999961853027,13.039999961853027,13.029999732971191,13.029999732971191,31562,0.0,0.0,0.0
2025-06-09 04:35:00+00:00,13.039999961853027,13.039999961853027,13.039999961853027,13.039999961853027,63301,0.0,0.0,0.0
2025-06-09 04:40:00+00:00,13.039999961853027,13.039999961853027,13.039999961853027,13.039999961853027,10510,0.0,0.0,0.0
2025-06-09 04:45:00+00:00,13.039999961853027,13.050000190734863,13.029999732971191,13.050000190734863,23925,0.0,0.0,0.0
2025-06-09 04:50:00+00:00,13.050000190734863,13.050000190734863,13.039999961853027,13.039999961853027,27213,0.0,0.0,0.0
2025-06-09 04:55:00+00:00,13.029999732971191,13.039999961853027,13.029999732971191,13.029999732971191,12010,0.0,0.0,0.0
2025-06-09 05:00:00+00:00,13.039999961853027,13.039999961853027,13.039999961853027,13.039999961853027,3252,0.0,0.0,0.0
2025-06-09 05:05:00+00:00,13.039999961853027,13.039999961853027,13.039999961853027,13.039999961853027,18275,0.0,0.0,0.0
2025-06-09 05:10:00+00:00,13.029999732971191,13.039999961853027,13.029999732971191,13.039999961853027,4863,0.0,0.0,0.0
2025-06-09 05:15:00+00:00,13.039999961853027,13.039999961853027,13.029999732971191,13.029999732971191,29676,0.0,0.0,0.0
2025-06-09 05:20:00+00:00,13.029999732971191,13.039999961853027,13.029999732971191,13.029999732971191,25368,0.0,0.0,0.0
2025-06-10 01:00:00+00:00,13.109999656677246,13.140000343322754,13.109999656677246,13.130000114440918,0,0.0,0.0,0.0
2025-06-10 01:05:00+00:00,13.130000114440918,13.149999618530273,13.130000114440918,13.140000343322754,269825,0.0,0.0,0.0
2025-06-10 01:10:00+00:00,13.140000343322754,13.149999618530273,13.140000343322754,13.149999618530273,105660,0.0,0.0,0.0
2025-06-10 01:15:00+00:00,13.140000343322754,13.149999618530273,13.140000343322754,13.149999618530273,58203,0.0,0.0,0.0
2025-06-10 01:20:00+00:00,13.149999618530273,13.15999984741211,13.140000343322754,13.15999984741211,216655,0.0,0.0,0.0
2025-06-10 01:25:00+00:00,13.15999984741211,13.180000305175781,13.15999984741211,13.180000305175781,236972,0.0,0.0,0.0
2025-06-10 01:30:00+00:00,13.1899995803833,13.210000038146973,13.1899995803833,13.210000038146973,166456,0.0,0.0,0.0
2025-06-10 01:35:00+00:00,13.210000038146973,13.220000267028809,13.199999809265137,13.210000038146973,122750,0.0,0.0,0.0
2025-06-10 01:40:00+00:00,13.210000038146973,13.229999542236328,13.210000038146973,13.220000267028809,175887,0.0,0.0,0.0
2025-06-10 01:45:00+00:00,13.229999542236328,13.239999771118164,13.229999542236328,13.239999771118164,193309,0.0,0.0,0.0
2025-06-10 01:50:00+00:00,13.239999771118164,13.25,13.239999771118164,13.239999771118164,181334,0.0,0.0,0.0
2025-06-10 01:55:00+00:00,13.239999771118164,13.260000228881836,13.239999771118164,13.239999771118164,322899,0.0,0.0,0.0
2025-06-10 02:00:00+00:00,13.260000228881836,13.260000228881836,13.239999771118164,13.239999771118164,40667,0.0,0.0,0.0
2025-06-10 02:05:00+00:00,13.239999771118164,13.239999771118164,13.220000267028809,13.229999542236328,217103,0.0,0.0,0.0
2025-06-10 02:10:00+00:00,13.229999542236328,13.239999771118164,13.229999542236328,13.229999542236328,143310,0.0,0.0,0.0
2025-06-10 02:15:00+00:00,13.229999542236328,13.25,13.229999542236328,13.25,135655,0.0,0.0,0.0
2025-06-10 02:20:00+00:00,13.25,13.260000228881836,13.239999771118164,13.25,319025,0.0,0.0,0.0
2025-06-10 02:25:00+00:00,13.25,13.260000228881836,13.25,13.260000228881836,117563,0.0,0.0,0.0
2025-06-10 02:30:00+00:00,13.260000228881836,13.260000228881836,13.25,13.260000228881836,52087,0.0,0.0,0.0
2025-06-10 02:35:00+00:00,13.260000228881836,13.260000228881836,13.25,13.260000228881836,104385,0.0,0.0,0.0
2025-06-10 02:40:00+00:00,13.260000228881836,13.279999732971191,13.25,13.270000457763672,176386,0.0,0.0,0.0
2025-06-10 02:45:00+00:00,13.270000457763672,13.279999732971191,13.270000457763672,13.270000457763672,95526,0.0,0.0,0.0
2025-06-10 02:50:00+00:00,13.270000457763672,13.289999961853027,13.270000457763672,13.279999732971191,114200,0.0,0.0,0.0
2025-06-10 02:55:00+00:00,13.279999732971191,13.279999732971191,13.279999732971191,13.279999732971191,7119,0.0,0.0,0.0
2025-06-10 03:00:00+00:00,13.279999732971191,13.279999732971191,13.279999732971191,13.279999732971191,116373,0.0,0.0,0.0
2025-06-10 03:05:00+00:00,13.279999732971191,13.289999961853027,13.279999732971191,13.279999732971191,21651,0.0,0.0,0.0
2025-06-10 03:10:00+00:00,13.279999732971191,13.300000190734863,13.279999732971191,13.289999961853027,150662,0.0,0.0,0.0
2025-06-10 03:15:00+00:00,13.279999732971191,13.279999732971191,13.279999732971191,13.279999732971191,20224,0.0,0.0,0.0
2025-06-10 03:20:00+00:00,13.289999961853027,13.300000190734863,13.289999961853027,13.300000190734863,44118,0.0,0.0,0.0
2025-06-10 03:25:00+00:00,13.300000190734863,13.300000190734863,13.289999961853027,13.300000190734863,14250,0.0,0.0,0.0
2025-06-10 03:30:00+00:00,13.300000190734863,13.300000190734863,13.289999961853027,13.300000190734863,16827,0.0,0.0,0.0
2025-06-10 03:35:00+00:00,13.289999961853027,13.300000190734863,13.279999732971191,13.300000190734863,86606,0.0,0.0,0.0
2025-06-10 03:40:00+00:00,13.300000190734863,13.300000190734863,13.289999961853027,13.300000190734863,19804,0.0,0.0,0.0
2025-06-10 03:45:00+00:00,13.300000190734863,13.300000190734863,13.289999961853027,13.300000190734863,428060,0.0,0.0,0.0
2025-06-10 03:50:00+00:00,13.300000190734863,13.3100004196167,13.289999961853027,13.300000190734863,13979,0.0,0.0,0.0
2025-06-10 03:55:00+00:00,13.289999961853027,13.300000190734863,13.289999961853027,13.300000190734863,66057,0.0,0.0,0.0
2025-06-10 04:00:00+00:00,13.300000190734863,13.3100004196167,13.300000190734863,13.300000190734863,1009548,0.0,0.0,0.0
2025-06-10 04:05:00+00:00,13.300000190734863,13.3100004196167,13.300000190734863,13.300000190734863,23368,0.0,0.0,0.0
2025-06-10 04:10:00+00:00,13.3100004196167,13.3100004196167,13.300000190734863,13.300000190734863,52378,0.0,0.0,0.0
2025-06-10 04:15:00+00:00,13.300000190734863,13.3100004196167,13.300000190734863,13.3100004196167,54057,0.0,0.0,0.0
2025-06-10 04:20:00+00:00,13.3100004196167,13.3100004196167,13.300000190734863,13.300000190734863,57238,0.0,0.0,0.0
2025-06-10 04:25:00+00:00,13.300000190734863,13.300000190734863,13.300000190734863,13.300000190734863,49312,0.0,0.0,0.0
2025-06-10 04:30:00+00:00,13.3100004196167,13.3100004196167,13.300000190734863,13.300000190734863,11720,0.0,0.0,0.0
2025-06-10 04:35:00+00:00,13.289999961853027,13.300000190734863,13.289999961853027,13.300000190734863,81011,0.0,0.0,0.0
2025-06-10 04:40:00+00:00,13.300000190734863,13.3100004196167,13.300000190734863,13.300000190734863,115845,0.0,0.0,0.0
2025-06-10 04:45:00+00:00,13.300000190734863,13.3100004196167,13.300000190734863,13.3100004196167,20020,0.0,0.0,0.0
2025-06-10 04:50:00+00:00,13.300000190734863,13.3100004196167,13.300000190734863,13.300000190734863,50705,0.0,0.0,0.0
2025-06-10 04:55:00+00:00,13.3100004196167,13.319999694824219,13.3100004196167,13.319999694824219,433120,0.0,0.0,0.0
2025-06-10 05:00:00+00:00,13.319999694824219,13.319999694824219,13.319999694824219,13.319999694824219,94270,0.0,0.0,0.0
2025-06-10 05:05:00+00:00,13.319999694824219,13.319999694824219,13.3100004196167,13.3100004196167,105239,0.0,0.0,0.0
2025-06-10 05:10:00+00:00,13.3100004196167,13.3100004196167,13.3100004196167,13.3100004196167,36655,0.0,0.0,0.0
2025-06-10 05:15:00+00:00,13.319999694824219,13.319999694824219,13.3100004196167,13.3100004196167,119263,0.0,0.0,0.0
2025-06-10 05:20:00+00:00,13.3100004196167,13.3100004196167,13.3100004196167,13.3100004196167,132732,0.0,0.0,0.0
2025-06-11 01:00:00+00:00,13.399999618530273,13.40999984741211,13.399999618530273,13.40999984741211,0,0.0,0.0,0.0
2025-06-11 01:05:00+00:00,13.399999618530273,13.40999984741211,13.390000343322754,13.390000343322754,169021,0.0,0.0,0.0
2025-06-11 01:10:00+00:00,13.390000343322754,13.390000343322754,13.380000114440918,13.380000114440918,50658,0.0,0.0,0.0
2025-06-11 01:15:00+00:00,13.380000114440918,13.399999618530273,13.380000114440918,13.399999618530273,218720,0.0,0.0,0.0
2025-06-11 01:20:00+00:00,13.399999618530273,13.399999618530273,13.399999618530273,13.399999618530273,46539,0.0,0.0,0.0
2025-06-11 01:25:00+00:00,13.399999618530273,13.40999984741211,13.399999618530273,13.399999618530273,74630,0.0,0.0,0.0
2025-06-11 01:30:00+00:00,13.399999618530273,13.40999984741211,13.399999618530273,13.399999618530273,102487,0.0,0.0,0.0
2025-06-11 01:35:00+00:00,13.399999618530273,13.399999618530273,13.399999618530273,13.399999618530273,141028,0.0,0.0,0.0
2025-06-11 01:40:00+00:00,13.399999618530273,13.399999618530273,13.390000343322754,13.399999618530273,406138,0.0,0.0,0.0
2025-06-11 01:45:00+00:00,13.399999618530273,13.40999984741211,13.399999618530273,13.40999984741211,409025,0.0,0.0,0.0
2025-06-11 01:50:00+00:00,13.40999984741211,13.40999984741211,13.399999618530273,13.399999618530273,65133,0.0,0.0,0.0
2025-06-11 01:55:00+00:00,13.40999984741211,13.40999984741211,13.399999618530273,13.40999984741211,115704,0.0,0.0,0.0
2025-06-11 02:00:00+00:00,13.40999984741211,13.40999984741211,13.399999618530273,13.399999618530273,56455,0.0,0.0,0.0
2025-06-11 02:05:00+00:00,13.399999618530273,13.399999618530273,13.380000114440918,13.380000114440918,90318,0.0,0.0,0.0
2025-06-11 02:10:00+00:00,13.380000114440918,13.399999618530273,13.380000114440918,13.399999618530273,21629,0.0,0.0,0.0
2025-06-11 02:15:00+00:00,13.399999618530273,13.399999618530273,13.380000114440918,13.380000114440918,45338,0.0,0.0,0.0
2025-06-11 02:20:00+00:00,13.380000114440918,13.380000114440918,13.369999885559082,13.380000114440918,85032,0.0,0.0,0.0
2025-06-11 02:25:00+00:00,13.369999885559082,13.380000114440918,13.369999885559082,13.380000114440918,39266,0.0,0.0,0.0
2025-06-11 02:30:00+00:00,13.369999885559082,13.380000114440918,13.369999885559082,13.380000114440918,46953,0.0,0.0,0.0
2025-06-11 02:35:00+00:00,13.380000114440918,13.380000114440918,13.369999885559082,13.369999885559082,60210,0.0,0.0,0.0
2025-06-11 02:40:00+00:00,13.380000114440918,13.380000114440918,13.380000114440918,13.380000114440918,46297,0.0,0.0,0.0
2025-06-11 02:45:00+00:00,13.390000343322754,13.390000343322754,13.380000114440918,13.380000114440918,8965,0.0,0.0,0.0
2025-06-11 02:50:00+00:00,13.380000114440918,13.390000343322754,13.380000114440918,13.390000343322754,13034,0.0,0.0,0.0
2025-06-11 02:55:00+00:00,13.390000343322754,13.390000343322754,13.380000114440918,13.380000114440918,52020,0.0,0.0,0.0
2025-06-11 03:00:00+00:00,13.390000343322754,13.390000343322754,13.390000343322754,13.390000343322754,12024,0.0,0.0,0.0
2025-06-11 03:05:00+00:00,13.390000343322754,13.399999618530273,13.390000343322754,13.399999618530273,273234,0.0,0.0,0.0
2025-06-11 03:10:00+00:00,13.399999618530273,13.399999618530273,13.399999618530273,13.399999618530273,7253,0.0,0.0,0.0
2025-06-11 03:15:00+00:00,13.399999618530273,13.399999618530273,13.390000343322754,13.399999618530273,79857,0.0,0.0,0.0
2025-06-11 03:20:00+00:00,13.399999618530273,13.420000076293945,13.399999618530273,13.420000076293945,100538,0.0,0.0,0.0
2025-06-11 03:25:00+00:00,13.420000076293945,13.430000305175781,13.420000076293945,13.420000076293945,537480,0.0,0.0,0.0
2025-06-11 03:30:00+00:00,13.420000076293945,13.430000305175781,13.420000076293945,13.420000076293945,664660,0.0,0.0,0.0
2025-06-11 03:35:00+00:00,13.420000076293945,13.430000305175781,13.420000076293945,13.420000076293945,15019,0.0,0.0,0.0
2025-06-11 03:40:00+00:00,13.420000076293945,13.430000305175781,13.420000076293945,13.430000305175781,35543,0.0,0.0,0.0
2025-06-11 03:45:00+00:00,13.430000305175781,13.430000305175781,13.420000076293945,13.430000305175781,16102,0.0,0.0,0.0
2025-06-11 03:50:00+00:00,13.430000305175781,13.430000305175781,13.420000076293945,13.420000076293945,15094,0.0,0.0,0.0
2025-06-11 03:55:00+00:00,13.430000305175781,13.430000305175781,13.420000076293945,13.420000076293945,54862,0.0,0.0,0.0
2025-06-11 04:00:00+00:00,13.430000305175781,13.430000305175781,13.40999984741211,13.40999984741211,22351,0.0,0.0,0.0
2025-06-11 04:05:00+00:00,13.420000076293945,13.420000076293945,13.420000076293945,13.420000076293945,11319,0.0,0.0,0.0
2025-06-11 04:10:00+00:00,13.420000076293945,13.430000305175781,13.420000076293945,13.420000076293945,31010,0.0,0.0,0.0
2025-06-11 04:15:00+00:00,13.420000076293945,13.430000305175781,13.420000076293945,13.420000076293945,34635,0.0,0.0,0.0
2025-06-11 04:20:00+00:00,13.420000076293945,13.420000076293945,13.420000076293945,13.420000076293945,20097,0.0,0.0,0.0
2025-06-11 04:25:00+00:00,13.420000076293945,13.430000305175781,13.420000076293945,13.430000305175781,52849,0.0,0.0,0.0
2025-06-11 04:30:00+00:00,13.430000305175781,13.430000305175781,13.420000076293945,13.420000076293945,45903,0.0,0.0,0.0
2025-06-11 04:35:00+00:00,13.430000305175781,13.430000305175781,13.420000076293945,13.420000076293945,37685,0.0,0.0,0.0
2025-06-11 04:40:00+00:00,13.430000305175781,13.430000305175781,13.420000076293945,13.430000305175781,286585,0.0,0.0,0.0
2025-06-11 04:45:00+00:00,13.420000076293945,13.430000305175781,13.420000076293945,13.430000305175781,46499,0.0,0.0,0.0
2025-06-11 04:50:00+00:00,13.430000305175781,13.430000305175781,13.420000076293945,13.430000305175781,14160,0.0,0.0,0.0
2025-06-11 04:55:00+00:00,13.430000305175781,13.430000305175781,13.420000076293945,13.430000305175781,19585,0.0,0.0,0.0
2025-06-11 05:00:00+00:00,13.420000076293945,13.420000076293945,13.420000076293945,13.420000076293945,6847,0.0,0.0,0.0
2025-06-11 05:05:00+00:00,13.420000076293945,13.430000305175781,13.420000076293945,13.420000076293945,89454,0.0,0.0,0.0
2025-06-11 05:10:00+00:00,13.420000076293945,13.420000076293945,13.40999984741211,13.420000076293945,62044,0.0,0.0,0.0
2025-06-11 05:15:00+00:00,13.420000076293945,13.420000076293945,13.40999984741211,13.420000076293945,34122,0.0,0.0,0.0
2025-06-11 05:20:00+00:00,13.420000076293945,13.430000305175781,13.420000076293945,13.420000076293945,55882,0.0,0.0,0.0
2025-06-12 01:00:00+00:00,13.40999984741211,13.40999984741211,13.359999656677246,13.359999656677246,0,0.0,0.0,0.0
2025-06-12 01:05:00+00:00,13.369999885559082,13.369999885559082,13.350000381469727,13.369999885559082,143654,0.0,0.0,0.0
2025-06-12 01:10:00+00:00,13.369999885559082,13.369999885559082,13.359999656677246,13.369999885559082,288420,0.0,0.0,0.0
2025-06-12 01:15:00+00:00,13.369999885559082,13.380000114440918,13.359999656677246,13.380000114440918,55446,0.0,0.0,0.0
2025-06-12 01:20:00+00:00,13.380000114440918,13.390000343322754,13.380000114440918,13.380000114440918,47325,0.0,0.0,0.0
2025-06-12 01:25:00+00:00,13.380000114440918,13.390000343322754,13.380000114440918,13.380000114440918,36356,0.0,0.0,0.0
2025-06-12 01:30:00+00:00,13.399999618530273,13.40999984741211,13.390000343322754,13.40999984741211,149334,0.0,0.0,0.0
2025-06-12 01:35:00+00:00,13.40999984741211,13.420000076293945,13.40999984741211,13.420000076293945,39572,0.0,0.0,0.0
2025-06-12 01:40:00+00:00,13.420000076293945,13.420000076293945,13.40999984741211,13.40999984741211,60142,0.0,0.0,0.0
2025-06-12 01:45:00+00:00,13.40999984741211,13.40999984741211,13.399999618530273,13.40999984741211,136023,0.0,0.0,0.0
2025-06-12 01:50:00+00:00,13.40999984741211,13.420000076293945,13.40999984741211,13.420000076293945,18131,0.0,0.0,0.0
2025-06-12 01:55:00+00:00,13.40999984741211,13.40999984741211,13.40999984741211,13.40999984741211,5539,0.0,0.0,0.0
2025-06-12 02:00:00+00:00,13.40999984741211,13.40999984741211,13.380000114440918,13.380000114440918,97120,0.0,0.0,0.0
2025-06-12 02:05:00+00:00,13.380000114440918,13.380000114440918,13.369999885559082,13.380000114440918,61056,0.0,0.0,0.0
2025-06-12 02:10:00+00:00,13.369999885559082,13.380000114440918,13.369999885559082,13.369999885559082,32141,0.0,0.0,0.0
2025-06-12 02:15:00+00:00,13.369999885559082,13.380000114440918,13.369999885559082,13.369999885559082,35820,0.0,0.0,0.0
2025-06-12 02:20:00+00:00,13.369999885559082,13.369999885559082,13.369999885559082,13.369999885559082,13042,0.0,0.0,0.0
2025-06-12 02:25:00+00:00,13.369999885559082,13.369999885559082,13.359999656677246,13.359999656677246,75789,0.0,0.0,0.0
2025-06-12 02:30:00+00:00,13.369999885559082,13.369999885559082,13.359999656677246,13.359999656677246,8068,0.0,0.0,0.0
2025-06-12 02:35:00+00:00,13.359999656677246,13.369999885559082,13.359999656677246,13.359999656677246,10230,0.0,0.0,0.0
2025-06-12 02:40:00+00:00,13.359999656677246,13.359999656677246,13.359999656677246,13.359999656677246,32341,0.0,0.0,0.0
2025-06-12 02:45:00+00:00,13.369999885559082,13.369999885559082,13.359999656677246,13.359999656677246,33633,0.0,0.0,0.0
2025-06-12 02:50:00+00:00,13.359999656677246,13.369999885559082,13.359999656677246,13.369999885559082,32512,0.0,0.0,0.0
2025-06-12 02:55:00+00:00,13.369999885559082,13.369999885559082,13.359999656677246,13.359999656677246,39623,0.0,0.0,0.0
2025-06-12 03:00:00+00:00,13.359999656677246,13.369999885559082,13.359999656677246,13.369999885559082,79766,0.0,0.0,0.0
2025-06-12 03:05:00+00:00,13.369999885559082,13.380000114440918,13.369999885559082,13.380000114440918,8419,0.0,0.0,0.0
2025-06-12 03:10:00+00:00,13.380000114440918,13.380000114440918,13.380000114440918,13.380000114440918,1344,0.0,0.0,0.0
2025-06-12 03:15:00+00:00,13.380000114440918,13.380000114440918,13.380000114440918,13.380000114440918,4432,0.0,0.0,0.0
2025-06-12 03:20:00+00:00,13.380000114440918,13.380000114440918,13.369999885559082,13.369999885559082,11132,0.0,0.0,0.0
2025-06-12 03:25:00+00:00,13.369999885559082,13.380000114440918,13.369999885559082,13.380000114440918,8800,0.0,0.0,0.0
2025-06-12 03:30:00+00:00,13.380000114440918,13.380000114440918,13.369999885559082,13.380000114440918,15017,0.0,0.0,0.0
2025-06-12 03:35:00+00:00,13.380000114440918,13.380000114440918,13.380000114440918,13.380000114440918,4192,0.0,0.0,0.0
2025-06-12 03:40:00+00:00,13.380000114440918,13.380000114440918,13.369999885559082,13.369999885559082,45837,0.0,0.0,0.0
2025-06-12 03:45:00+00:00,13.369999885559082,13.369999885559082,13.369999885559082,13.369999885559082,55110,0.0,0.0,0.0
2025-06-12 03:50:00+00:00,13.369999885559082,13.380000114440918,13.369999885559082,13.380000114440918,0,0.0,0.0,0.0
2025-06-12 03:55:00+00:00,13.369999885559082,13.380000114440918,13.369999885559082,13.380000114440918,1965290,0.0,0.0,0.0
2025-06-12 04:00:00+00:00,13.380000114440918,13.380000114440918,13.369999885559082,13.380000114440918,68032,0.0,0.0,0.0
2025-06-12 04:05:00+00:00,13.369999885559082,13.369999885559082,13.359999656677246,13.359999656677246,42130,0.0,0.0,0.0
2025-06-12 04:10:00+00:00,13.359999656677246,13.380000114440918,13.359999656677246,13.359999656677246,29627,0.0,0.0,0.0
2025-06-12 04:15:00+00:00,13.359999656677246,13.380000114440918,13.359999656677246,13.380000114440918,9341,0.0,0.0,0.0
2025-06-12 04:20:00+00:00,13.380000114440918,13.380000114440918,13.380000114440918,13.380000114440918,16564,0.0,0.0,0.0
2025-06-12 04:25:00+00:00,13.369999885559082,13.380000114440918,13.369999885559082,13.380000114440918,10011,0.0,0.0,0.0
2025-06-12 04:30:00+00:00,13.380000114440918,13.380000114440918,13.369999885559082,13.369999885559082,21154,0.0,0.0,0.0
2025-06-12 04:35:00+00:00,13.369999885559082,13.380000114440918,13.359999656677246,13.380000114440918,32048,0.0,0.0,0.0
2025-06-12 04:40:00+00:00,13.380000114440918,13.380000114440918,13.359999656677246,13.359999656677246,54328,0.0,0.0,0.0
2025-06-12 04:45:00+00:00,13.380000114440918,13.380000114440918,13.369999885559082,13.380000114440918,16095,0.0,0.0,0.0
2025-06-12 04:50:00+00:00,13.380000114440918,13.380000114440918,13.369999885559082,13.369999885559082,79391,0.0,0.0,0.0
2025-06-12 04:55:00+00:00,13.369999885559082,13.380000114440918,13.369999885559082,13.380000114440918,24160,0.0,0.0,0.0
2025-06-12 05:00:00+00:00,13.369999885559082,13.380000114440918,13.369999885559082,13.369999885559082,23570,0.0,0.0,0.0
2025-06-12 05:05:00+00:00,13.380000114440918,13.380000114440918,13.380000114440918,13.380000114440918,1110,0.0,0.0,0.0
2025-06-12 05:10:00+00:00,13.369999885559082,13.380000114440918,13.369999885559082,13.380000114440918,22192,0.0,0.0,0.0
2025-06-12 05:15:00+00:00,13.380000114440918,13.380000114440918,13.369999885559082,13.369999885559082,85196,0.0,0.0,0.0
2025-06-12 05:20:00+00:00,13.369999885559082,13.380000114440918,13.369999885559082,13.369999885559082,95305,0.0,0.0,0.0
2025-06-13 01:00:00+00:00,13.289999961853027,13.289999961853027,13.270000457763672,13.289999961853027,0,0.0,0.0,0.0
2025-06-13 01:05:00+00:00,13.279999732971191,13.279999732971191,13.229999542236328,13.25,233179,0.0,0.0,0.0
2025-06-13 01:10:00+00:00,13.260000228881836,13.270000457763672,13.239999771118164,13.270000457763672,129599,0.0,0.0,0.0
2025-06-13 01:15:00+00:00,13.239999771118164,13.239999771118164,13.210000038146973,13.210000038146973,104160,0.0,0.0,0.0
2025-06-13 01:20:00+00:00,13.210000038146973,13.25,13.210000038146973,13.239999771118164,95512,0.0,0.0,0.0
2025-06-13 01:25:00+00:00,13.239999771118164,13.260000228881836,13.229999542236328,13.260000228881836,119233,0.0,0.0,0.0
2025-06-13 01:30:00+00:00,13.260000228881836,13.270000457763672,13.260000228881836,13.270000457763672,10292,0.0,0.0,0.0
2025-06-13 01:35:00+00:00,13.270000457763672,13.3100004196167,13.270000457763672,13.3100004196167,104774,0.0,0.0,0.0
2025-06-13 01:40:00+00:00,13.3100004196167,13.3100004196167,13.300000190734863,13.300000190734863,166924,0.0,0.0,0.0
2025-06-13 01:45:00+00:00,13.289999961853027,13.300000190734863,13.289999961853027,13.300000190734863,111627,0.0,0.0,0.0
2025-06-13 01:50:00+00:00,13.300000190734863,13.319999694824219,13.300000190734863,13.3100004196167,21892,0.0,0.0,0.0
2025-06-13 01:55:00+00:00,13.319999694824219,13.34000015258789,13.319999694824219,13.34000015258789,194552,0.0,0.0,0.0
2025-06-13 02:00:00+00:00,13.34000015258789,13.34000015258789,13.319999694824219,13.329999923706055,38507,0.0,0.0,0.0
2025-06-13 02:05:00+00:00,13.329999923706055,13.329999923706055,13.319999694824219,13.319999694824219,11075,0.0,0.0,0.0
2025-06-13 02:10:00+00:00,13.319999694824219,13.329999923706055,13.319999694824219,13.329999923706055,14549,0.0,0.0,0.0
2025-06-13 02:15:00+00:00,13.329999923706055,13.329999923706055,13.319999694824219,13.329999923706055,25148,0.0,0.0,0.0
2025-06-13 02:20:00+00:00,13.329999923706055,13.329999923706055,13.319999694824219,13.319999694824219,67771,0.0,0.0,0.0
2025-06-13 02:25:00+00:00,13.3100004196167,13.319999694824219,13.3100004196167,13.319999694824219,124257,0.0,0.0,0.0
2025-06-13 02:30:00+00:00,13.319999694824219,13.319999694824219,13.300000190734863,13.300000190734863,243622,0.0,0.0,0.0
2025-06-13 02:35:00+00:00,13.300000190734863,13.300000190734863,13.279999732971191,13.279999732971191,85359,0.0,0.0,0.0
2025-06-13 02:40:00+00:00,13.289999961853027,13.289999961853027,13.25,13.25,473860,0.0,0.0,0.0
2025-06-13 02:45:00+00:00,13.260000228881836,13.270000457763672,13.25,13.270000457763672,131047,0.0,0.0,0.0
2025-06-13 02:50:00+00:00,13.270000457763672,13.270000457763672,13.260000228881836,13.260000228881836,20335,0.0,0.0,0.0
2025-06-13 02:55:00+00:00,13.270000457763672,13.279999732971191,13.270000457763672,13.279999732971191,32333,0.0,0.0,0.0
2025-06-13 03:00:00+00:00,13.279999732971191,13.279999732971191,13.270000457763672,13.279999732971191,17707,0.0,0.0,0.0
2025-06-13 03:05:00+00:00,13.279999732971191,13.279999732971191,13.270000457763672,13.270000457763672,27651,0.0,0.0,0.0
2025-06-13 03:10:00+00:00,13.279999732971191,13.279999732971191,13.279999732971191,13.279999732971191,1043,0.0,0.0,0.0
2025-06-13 03:15:00+00:00,13.279999732971191,13.279999732971191,13.279999732971191,13.279999732971191,66159,0.0,0.0,0.0
2025-06-13 03:20:00+00:00,13.279999732971191,13.300000190734863,13.279999732971191,13.300000190734863,37053,0.0,0.0,0.0
2025-06-13 03:25:00+00:00,13.300000190734863,13.300000190734863,13.289999961853027,13.289999961853027,6149,0.0,0.0,0.0
2025-06-13 03:30:00+00:00,13.289999961853027,13.289999961853027,13.289999961853027,13.289999961853027,11102,0.0,0.0,0.0
2025-06-13 03:35:00+00:00,13.289999961853027,13.289999961853027,13.279999732971191,13.279999732971191,29445,0.0,0.0,0.0
2025-06-13 03:40:00+00:00,13.279999732971191,13.289999961853027,13.279999732971191,13.289999961853027,20234,0.0,0.0,0.0
2025-06-13 03:45:00+00:00,13.289999961853027,13.289999961853027,13.289999961853027,13.289999961853027,8049,0.0,0.0,0.0
2025-06-13 03:50:00+00:00,13.289999961853027,13.289999961853027,13.279999732971191,13.289999961853027,102524,0.0,0.0,0.0
2025-06-13 03:55:00+00:00,13.289999961853027,13.300000190734863,13.289999961853027,13.300000190734863,54764,0.0,0.0,0.0
2025-06-13 04:00:00+00:00,13.300000190734863,13.300000190734863,13.300000190734863,13.300000190734863,1070,0.0,0.0,0.0
2025-06-13 04:05:00+00:00,13.300000190734863,13.300000190734863,13.300000190734863,13.300000190734863,1158,0.0,0.0,0.0
2025-06-13 04:10:00+00:00,13.289999961853027,13.289999961853027,13.289999961853027,13.289999961853027,28051,0.0,0.0,0.0
2025-06-13 04:15:00+00:00,13.289999961853027,13.289999961853027,13.279999732971191,13.289999961853027,24085,0.0,0.0,0.0
2025-06-13 04:20:00+00:00,13.289999961853027,13.289999961853027,13.289999961853027,13.289999961853027,14187,0.0,0.0,0.0
2025-06-13 04:25:00+00:00,13.279999732971191,13.279999732971191,13.279999732971191,13.279999732971191,14034,0.0,0.0,0.0
2025-06-13 04:30:00+00:00,13.289999961853027,13.289999961853027,13.279999732971191,13.279999732971191,32032,0.0,0.0,0.0
2025-06-13 04:35:00+00:00,13.279999732971191,13.279999732971191,13.279999732971191,13.279999732971191,26122,0.0,0.0,0.0
2025-06-13 04:40:00+00:00,13.279999732971191,13.279999732971191,13.279999732971191,13.279999732971191,9010,0.0,0.0,0.0
2025-06-13 04:45:00+00:00,13.270000457763672,13.289999961853027,13.270000457763672,13.270000457763672,15478,0.0,0.0,0.0
2025-06-13 04:50:00+00:00,13.289999961853027,13.289999961853027,13.279999732971191,13.279999732971191,10246,0.0,0.0,0.0
2025-06-13 04:55:00+00:00,13.279999732971191,13.279999732971191,13.279999732971191,13.279999732971191,12294,0.0,0.0,0.0
2025-06-13 05:00:00+00:00,13.289999961853027,13.289999961853027,13.279999732971191,13.279999732971191,31380,0.0,0.0,0.0
2025-06-13 05:05:00+00:00,13.279999732971191,13.279999732971191,13.270000457763672,13.270000457763672,67424,0.0,0.0,0.0
2025-06-13 05:10:00+00:00,13.270000457763672,13.270000457763672,13.270000457763672,13.270000457763672,78761,0.0,0.0,0.0
2025-06-13 05:15:00+00:00,13.279999732971191,13.279999732971191,13.270000457763672,13.270000457763672,24044,0.0,0.0,0.0
2025-06-13 05:20:00+00:00,13.270000457763672,13.270000457763672,13.260000228881836,13.260000228881836,129872,0.0,0.0,0.0
2025-06-16 01:00:00+00:00,13.199999809265137,13.210000038146973,13.180000305175781,13.199999809265137,0,0.0,0.0,0.0
2025-06-16 01:05:00+00:00,13.199999809265137,13.220000267028809,13.1899995803833,13.220000267028809,401070,0.0,0.0,0.0
2025-06-16 01:10:00+00:00,13.220000267028809,13.25,13.220000267028809,13.229999542236328,78238,0.0,0.0,0.0
2025-06-16 01:15:00+00:00,13.25,13.25,13.220000267028809,13.220000267028809,147398,0.0,0.0,0.0
2025-06-16 01:20:00+00:00,13.220000267028809,13.229999542236328,13.210000038146973,13.210000038146973,45972,0.0,0.0,0.0
2025-06-16 01:25:00+00:00,13.229999542236328,13.229999542236328,13.220000267028809,13.220000267028809,3420,0.0,0.0,0.0
2025-06-16 01:30:00+00:00,13.220000267028809,13.220000267028809,13.210000038146973,13.210000038146973,17941,0.0,0.0,0.0
2025-06-16 01:35:00+00:00,13.220000267028809,13.220000267028809,13.220000267028809,13.220000267028809,11831,0.0,0.0,0.0
2025-06-16 01:40:00+00:00,13.220000267028809,13.229999542236328,13.220000267028809,13.229999542236328,65292,0.0,0.0,0.0
2025-06-16 01:45:00+00:00,13.239999771118164,13.239999771118164,13.220000267028809,13.220000267028809,133229,0.0,0.0,0.0
2025-06-16 01:50:00+00:00,13.220000267028809,13.220000267028809,13.210000038146973,13.220000267028809,62273,0.0,0.0,0.0
2025-06-16 01:55:00+00:00,13.220000267028809,13.239999771118164,13.220000267028809,13.239999771118164,12227,0.0,0.0,0.0
2025-06-16 02:00:00+00:00,13.239999771118164,13.239999771118164,13.210000038146973,13.229999542236328,18862,0.0,0.0,0.0
2025-06-16 02:05:00+00:00,13.229999542236328,13.229999542236328,13.229999542236328,13.229999542236328,3022,0.0,0.0,0.0
2025-06-16 02:10:00+00:00,13.229999542236328,13.239999771118164,13.220000267028809,13.239999771118164,16910,0.0,0.0,0.0
2025-06-16 02:15:00+00:00,13.239999771118164,13.239999771118164,13.220000267028809,13.239999771118164,28118,0.0,0.0,0.0
2025-06-16 02:20:00+00:00,13.239999771118164,13.239999771118164,13.229999542236328,13.229999542236328,9276,0.0,0.0,0.0
2025-06-16 02:25:00+00:00,13.229999542236328,13.229999542236328,13.199999809265137,13.210000038146973,485356,0.0,0.0,0.0
2025-06-16 02:30:00+00:00,13.210000038146973,13.220000267028809,13.210000038146973,13.210000038146973,10838,0.0,0.0,0.0
2025-06-16 02:35:00+00:00,13.210000038146973,13.210000038146973,13.210000038146973,13.210000038146973,21012,0.0,0.0,0.0
2025-06-16 02:40:00+00:00,13.210000038146973,13.210000038146973,13.199999809265137,13.199999809265137,25838,0.0,0.0,0.0
2025-06-16 02:45:00+00:00,13.199999809265137,13.210000038146973,13.1899995803833,13.199999809265137,16229,0.0,0.0,0.0
2025-06-16 02:50:00+00:00,13.199999809265137,13.210000038146973,13.199999809265137,13.210000038146973,24012,0.0,0.0,0.0
2025-06-16 02:55:00+00:00,13.210000038146973,13.210000038146973,13.210000038146973,13.210000038146973,11217,0.0,0.0,0.0
2025-06-16 03:00:00+00:00,13.210000038146973,13.220000267028809,13.199999809265137,13.220000267028809,8294,0.0,0.0,0.0
2025-06-16 03:05:00+00:00,13.220000267028809,13.220000267028809,13.220000267028809,13.220000267028809,14400,0.0,0.0,0.0
2025-06-16 03:10:00+00:00,13.220000267028809,13.220000267028809,13.210000038146973,13.220000267028809,8066,0.0,0.0,0.0
2025-06-16 03:15:00+00:00,13.239999771118164,13.239999771118164,13.239999771118164,13.239999771118164,3042,0.0,0.0,0.0
2025-06-16 03:20:00+00:00,13.229999542236328,13.229999542236328,13.210000038146973,13.229999542236328,5027,0.0,0.0,0.0
2025-06-16 03:25:00+00:00,13.229999542236328,13.229999542236328,13.220000267028809,13.220000267028809,8017,0.0,0.0,0.0
2025-06-16 03:30:00+00:00,13.220000267028809,13.220000267028809,13.220000267028809,13.220000267028809,5379,0.0,0.0,0.0
2025-06-16 03:35:00+00:00,13.220000267028809,13.229999542236328,13.220000267028809,13.229999542236328,34491,0.0,0.0,0.0
2025-06-16 03:40:00+00:00,13.229999542236328,13.229999542236328,13.220000267028809,13.220000267028809,35235,0.0,0.0,0.0
2025-06-16 03:45:00+00:00,13.239999771118164,13.239999771118164,13.220000267028809,13.229999542236328,10181,0.0,0.0,0.0
2025-06-16 03:50:00+00:00,13.229999542236328,13.25,13.210000038146973,13.25,101700,0.0,0.0,0.0
2025-06-16 03:55:00+00:00,13.25,13.25,13.25,13.25,30495,0.0,0.0,0.0
2025-06-16 04:00:00+00:00,13.25,13.25,13.239999771118164,13.25,62564,0.0,0.0,0.0
2025-06-16 04:05:00+00:00,13.25,13.25,13.239999771118164,13.25,10196,0.0,0.0,0.0
2025-06-16 04:10:00+00:00,13.25,13.25,13.25,13.25,4117,0.0,0.0,0.0
2025-06-16 04:15:00+00:00,13.25,13.25,13.239999771118164,13.25,15362,0.0,0.0,0.0
2025-06-16 04:20:00+00:00,13.25,13.25,13.229999542236328,13.229999542236328,21097,0.0,0.0,0.0
2025-06-16 04:25:00+00:00,13.239999771118164,13.239999771118164,13.229999542236328,13.229999542236328,6300,0.0,0.0,0.0
2025-06-16 04:30:00+00:00,13.239999771118164,13.239999771118164,13.239999771118164,13.239999771118164,4553,0.0,0.0,0.0
2025-06-16 04:35:00+00:00,13.239999771118164,13.239999771118164,13.239999771118164,13.239999771118164,7181,0.0,0.0,0.0
2025-06-16 04:40:00+00:00,13.229999542236328,13.229999542236328,13.229999542236328,13.229999542236328,3050,0.0,0.0,0.0
2025-06-16 04:45:00+00:00,13.229999542236328,13.239999771118164,13.229999542236328,13.229999542236328,20720,0.0,0.0,0.0
2025-06-16 04:50:00+00:00,13.229999542236328,13.239999771118164,13.229999542236328,13.239999771118164,26240,0.0,0.0,0.0
2025-06-16 04:55:00+00:00,13.239999771118164,13.239999771118164,13.239999771118164,13.239999771118164,8300,0.0,0.0,0.0
2025-06-16 05:00:00+00:00,13.239999771118164,13.239999771118164,13.239999771118164,13.239999771118164,43551,0.0,0.0,0.0
2025-06-16 05:05:00+00:00,13.25,13.270000457763672,13.25,13.270000457763672,153911,0.0,0.0,0.0
2025-06-16 05:10:00+00:00,13.270000457763672,13.270000457763672,13.270000457763672,13.270000457763672,47553,0.0,0.0,0.0
2025-06-16 05:15:00+00:00,13.270000457763672,13.270000457763672,13.260000228881836,13.260000228881836,23871,0.0,0.0,0.0
2025-06-16 05:20:00+00:00,13.270000457763672,13.270000457763672,13.260000228881836,13.270000457763672,537729,0.0,0.0,0.0
2025-06-17 01:00:00+00:00,13.380000114440918,13.40999984741211,13.380000114440918,13.40999984741211,0,0.0,0.0,0.0
2025-06-17 01:05:00+00:00,13.40999984741211,13.40999984741211,13.399999618530273,13.399999618530273,140000,0.0,0.0,0.0
2025-06-17 01:10:00+00:00,13.390000343322754,13.399999618530273,13.359999656677246,13.359999656677246,50123,0.0,0.0,0.0
2025-06-17 01:15:00+00:00,13.359999656677246,13.369999885559082,13.359999656677246,13.369999885559082,14567,0.0,0.0,0.0
2025-06-17 01:20:00+00:00,13.359999656677246,13.369999885559082,13.350000381469727,13.369999885559082,68610,0.0,0.0,0.0
2025-06-17 01:25:00+00:00,13.369999885559082,13.369999885559082,13.359999656677246,13.359999656677246,62044,0.0,0.0,0.0
2025-06-17 01:30:00+00:00,13.359999656677246,13.359999656677246,13.350000381469727,13.350000381469727,11807,0.0,0.0,0.0
2025-06-17 01:35:00+00:00,13.350000381469727,13.350000381469727,13.350000381469727,13.350000381469727,41256,0.0,0.0,0.0
2025-06-17 01:40:00+00:00,13.350000381469727,13.350000381469727,13.34000015258789,13.34000015258789,56114,0.0,0.0,0.0
2025-06-17 01:45:00+00:00,13.350000381469727,13.369999885559082,13.350000381469727,13.369999885559082,102102,0.0,0.0,0.0
2025-06-17 01:50:00+00:00,13.369999885559082,13.390000343322754,13.369999885559082,13.390000343322754,186237,0.0,0.0,0.0
2025-06-17 01:55:00+00:00,13.390000343322754,13.390000343322754,13.390000343322754,13.390000343322754,39593,0.0,0.0,0.0
2025-06-17 02:00:00+00:00,13.390000343322754,13.399999618530273,13.390000343322754,13.390000343322754,26142,0.0,0.0,0.0
2025-06-17 02:05:00+00:00,13.390000343322754,13.390000343322754,13.350000381469727,13.350000381469727,121045,0.0,0.0,0.0
2025-06-17 02:10:00+00:00,13.369999885559082,13.369999885559082,13.329999923706055,13.329999923706055,477349,0.0,0.0,0.0
2025-06-17 02:15:00+00:00,13.3100004196167,13.319999694824219,13.3100004196167,13.319999694824219,261274,0.0,0.0,0.0
2025-06-17 02:20:00+00:00,13.329999923706055,13.329999923706055,13.329999923706055,13.329999923706055,2839,0.0,0.0,0.0
2025-06-17 02:25:00+00:00,13.329999923706055,13.329999923706055,13.329999923706055,13.329999923706055,37103,0.0,0.0,0.0
2025-06-17 02:30:00+00:00,13.319999694824219,13.319999694824219,13.3100004196167,13.3100004196167,17021,0.0,0.0,0.0
2025-06-17 02:35:00+00:00,13.3100004196167,13.3100004196167,13.3100004196167,13.3100004196167,12208,0.0,0.0,0.0
2025-06-17 02:40:00+00:00,13.3100004196167,13.3100004196167,13.300000190734863,13.3100004196167,7330,0.0,0.0,0.0
2025-06-17 02:45:00+00:00,13.300000190734863,13.319999694824219,13.300000190734863,13.319999694824219,41191,0.0,0.0,0.0
2025-06-17 02:50:00+00:00,13.329999923706055,13.329999923706055,13.329999923706055,13.329999923706055,42125,0.0,0.0,0.0
2025-06-17 02:55:00+00:00,13.350000381469727,13.350000381469727,13.350000381469727,13.350000381469727,1586,0.0,0.0,0.0
2025-06-17 03:00:00+00:00,13.34000015258789,13.350000381469727,13.34000015258789,13.34000015258789,567028,0.0,0.0,0.0
2025-06-17 03:05:00+00:00,13.34000015258789,13.34000015258789,13.34000015258789,13.34000015258789,3021,0.0,0.0,0.0
2025-06-17 03:10:00+00:00,13.329999923706055,13.34000015258789,13.329999923706055,13.34000015258789,29121,0.0,0.0,0.0
2025-06-17 03:15:00+00:00,13.329999923706055,13.34000015258789,13.329999923706055,13.34000015258789,10519,0.0,0.0,0.0
2025-06-17 03:20:00+00:00,13.34000015258789,13.34000015258789,13.319999694824219,13.319999694824219,8013,0.0,0.0,0.0
2025-06-17 03:25:00+00:00,13.319999694824219,13.319999694824219,13.319999694824219,13.319999694824219,12013,0.0,0.0,0.0
2025-06-17 03:30:00+00:00,13.329999923706055,13.329999923706055,13.329999923706055,13.329999923706055,1341,0.0,0.0,0.0
2025-06-17 03:35:00+00:00,13.329999923706055,13.329999923706055,13.3100004196167,13.3100004196167,7148,0.0,0.0,0.0
2025-06-17 03:40:00+00:00,13.319999694824219,13.329999923706055,13.3100004196167,13.319999694824219,43093,0.0,0.0,0.0
2025-06-17 03:45:00+00:00,13.319999694824219,13.319999694824219,13.300000190734863,13.300000190734863,23828,0.0,0.0,0.0
2025-06-17 03:50:00+00:00,13.300000190734863,13.319999694824219,13.300000190734863,13.319999694824219,79033,0.0,0.0,0.0
2025-06-17 03:55:00+00:00,13.300000190734863,13.300000190734863,13.289999961853027,13.289999961853027,34506,0.0,0.0,0.0
2025-06-17 04:00:00+00:00,13.300000190734863,13.300000190734863,13.300000190734863,13.300000190734863,13059,0.0,0.0,0.0
2025-06-17 04:05:00+00:00,13.300000190734863,13.3100004196167,13.300000190734863,13.300000190734863,5027,0.0,0.0,0.0
2025-06-17 04:10:00+00:00,13.300000190734863,13.300000190734863,13.300000190734863,13.300000190734863,74468,0.0,0.0,0.0
2025-06-17 04:15:00+00:00,13.300000190734863,13.300000190734863,13.289999961853027,13.289999961853027,14211,0.0,0.0,0.0
2025-06-17 04:20:00+00:00,13.289999961853027,13.289999961853027,13.289999961853027,13.289999961853027,15164,0.0,0.0,0.0
2025-06-17 04:25:00+00:00,13.300000190734863,13.300000190734863,13.300000190734863,13.300000190734863,28145,0.0,0.0,0.0
2025-06-17 04:30:00+00:00,13.3100004196167,13.3100004196167,13.3100004196167,13.3100004196167,1146,0.0,0.0,0.0
2025-06-17 04:35:00+00:00,13.300000190734863,13.300000190734863,13.300000190734863,13.300000190734863,2010,0.0,0.0,0.0
2025-06-17 04:40:00+00:00,13.300000190734863,13.300000190734863,13.300000190734863,13.300000190734863,2090,0.0,0.0,0.0
2025-06-17 04:45:00+00:00,13.300000190734863,13.300000190734863,13.300000190734863,13.300000190734863,18887,0.0,0.0,0.0
2025-06-17 04:50:00+00:00,13.300000190734863,13.300000190734863,13.300000190734863,13.300000190734863,49839,0.0,0.0,0.0
2025-06-17 04:55:00+00:00,13.300000190734863,13.300000190734863,13.300000190734863,13.300000190734863,2403,0.0,0.0,0.0
2025-06-17 05:00:00+00:00,13.3100004196167,13.3100004196167,13.3100004196167,13.3100004196167,330209,0.0,0.0,0.0
2025-06-17 05:05:00+00:00,13.319999694824219,13.319999694824219,13.3100004196167,13.3100004196167,21737,0.0,0.0,0.0
2025-06-17 05:10:00+00:00,13.319999694824219,13.34000015258789,13.319999694824219,13.329999923706055,59169,0.0,0.0,0.0
2025-06-17 05:15:00+00:00,13.34000015258789,13.34000015258789,13.329999923706055,13.329999923706055,71793,0.0,0.0,0.0
2025-06-17 05:20:00+00:00,13.319999694824219,13.319999694824219,13.319999694824219,13.319999694824219,22942,0.0,0.0,0.0
2025-06-18 01:00:00+00:00,13.329999923706055,13.329999923706055,13.329999923706055,13.329999923706055,0,0.0,0.0,0.0
2025-06-18 01:05:00+00:00,13.329999923706055,13.369999885559082,13.319999694824219,13.359999656677246,134172,0.0,0.0,0.0
2025-06-18 01:10:00+00:00,13.359999656677246,13.369999885559082,13.350000381469727,13.359999656677246,273887,0.0,0.0,0.0
2025-06-18 01:15:00+00:00,13.369999885559082,13.369999885559082,13.359999656677246,13.359999656677246,99719,0.0,0.0,0.0
2025-06-18 01:20:00+00:00,13.359999656677246,13.369999885559082,13.359999656677246,13.359999656677246,48288,0.0,0.0,0.0
2025-06-18 01:25:00+00:00,13.369999885559082,13.369999885559082,13.350000381469727,13.359999656677246,51574,0.0,0.0,0.0
2025-06-18 01:30:00+00:00,13.359999656677246,13.359999656677246,13.350000381469727,13.359999656677246,41335,0.0,0.0,0.0
2025-06-18 01:35:00+00:00,13.359999656677246,13.359999656677246,13.359999656677246,13.359999656677246,43866,0.0,0.0,0.0
2025-06-18 01:40:00+00:00,13.359999656677246,13.359999656677246,13.34000015258789,13.34000015258789,21064,0.0,0.0,0.0
2025-06-18 01:45:00+00:00,13.350000381469727,13.350000381469727,13.34000015258789,13.34000015258789,31185,0.0,0.0,0.0
2025-06-18 01:50:00+00:00,13.34000015258789,13.34000015258789,13.329999923706055,13.329999923706055,149204,0.0,0.0,0.0
2025-06-18 01:55:00+00:00,13.350000381469727,13.350000381469727,13.350000381469727,13.350000381469727,7775,0.0,0.0,0.0
2025-06-18 02:00:00+00:00,13.350000381469727,13.350000381469727,13.350000381469727,13.350000381469727,6372,0.0,0.0,0.0
2025-06-18 02:05:00+00:00,13.34000015258789,13.34000015258789,13.34000015258789,13.34000015258789,68418,0.0,0.0,0.0
2025-06-18 02:10:00+00:00,13.34000015258789,13.350000381469727,13.34000015258789,13.350000381469727,86282,0.0,0.0,0.0
2025-06-18 02:15:00+00:00,13.359999656677246,13.359999656677246,13.350000381469727,13.350000381469727,43063,0.0,0.0,0.0
2025-06-18 02:20:00+00:00,13.350000381469727,13.369999885559082,13.34000015258789,13.369999885559082,794205,0.0,0.0,0.0
2025-06-18 02:25:00+00:00,13.369999885559082,13.380000114440918,13.369999885559082,13.369999885559082,162548,0.0,0.0,0.0
2025-06-18 02:30:00+00:00,13.380000114440918,13.390000343322754,13.380000114440918,13.390000343322754,60204,0.0,0.0,0.0
2025-06-18 02:35:00+00:00,13.390000343322754,13.390000343322754,13.380000114440918,13.380000114440918,5121,0.0,0.0,0.0
2025-06-18 02:40:00+00:00,13.380000114440918,13.390000343322754,13.380000114440918,13.390000343322754,110015,0.0,0.0,0.0
2025-06-18 02:45:00+00:00,13.399999618530273,13.420000076293945,13.390000343322754,13.420000076293945,658355,0.0,0.0,0.0
2025-06-18 02:50:00+00:00,13.40999984741211,13.420000076293945,13.40999984741211,13.420000076293945,4024,0.0,0.0,0.0
2025-06-18 02:55:00+00:00,13.420000076293945,13.420000076293945,13.40999984741211,13.40999984741211,147159,0.0,0.0,0.0
2025-06-18 03:00:00+00:00,13.40999984741211,13.420000076293945,13.40999984741211,13.420000076293945,8068,0.0,0.0,0.0
2025-06-18 03:05:00+00:00,13.40999984741211,13.40999984741211,13.399999618530273,13.399999618530273,12477,0.0,0.0,0.0
2025-06-18 03:10:00+00:00,13.399999618530273,13.399999618530273,13.399999618530273,13.399999618530273,22190,0.0,0.0,0.0
2025-06-18 03:15:00+00:00,13.399999618530273,13.40999984741211,13.399999618530273,13.399999618530273,22473,0.0,0.0,0.0
2025-06-18 03:20:00+00:00,13.399999618530273,13.40999984741211,13.399999618530273,13.40999984741211,153827,0.0,0.0,0.0
2025-06-18 03:25:00+00:00,13.420000076293945,13.420000076293945,13.420000076293945,13.420000076293945,200411,0.0,0.0,0.0
2025-06-18 03:30:00+00:00,13.420000076293945,13.430000305175781,13.420000076293945,13.420000076293945,38554,0.0,0.0,0.0
2025-06-18 03:35:00+00:00,13.420000076293945,13.430000305175781,13.420000076293945,13.420000076293945,48038,0.0,0.0,0.0
2025-06-18 03:40:00+00:00,13.420000076293945,13.430000305175781,13.420000076293945,13.430000305175781,25264,0.0,0.0,0.0
2025-06-18 03:45:00+00:00,13.430000305175781,13.430000305175781,13.420000076293945,13.420000076293945,12015,0.0,0.0,0.0
2025-06-18 03:50:00+00:00,13.420000076293945,13.420000076293945,13.40999984741211,13.40999984741211,126035,0.0,0.0,0.0
2025-06-18 03:55:00+00:00,13.40999984741211,13.40999984741211,13.399999618530273,13.40999984741211,226614,0.0,0.0,0.0
2025-06-18 04:00:00+00:00,13.40999984741211,13.420000076293945,13.399999618530273,13.420000076293945,29370,0.0,0.0,0.0
2025-06-18 04:05:00+00:00,13.399999618530273,13.399999618530273,13.399999618530273,13.399999618530273,30121,0.0,0.0,0.0
2025-06-18 04:10:00+00:00,13.40999984741211,13.40999984741211,13.399999618530273,13.399999618530273,168359,0.0,0.0,0.0
2025-06-18 04:15:00+00:00,13.399999618530273,13.40999984741211,13.399999618530273,13.399999618530273,12075,0.0,0.0,0.0
2025-06-18 04:20:00+00:00,13.399999618530273,13.40999984741211,13.399999618530273,13.40999984741211,38129,0.0,0.0,0.0
2025-06-18 04:25:00+00:00,13.40999984741211,13.420000076293945,13.40999984741211,13.40999984741211,108205,0.0,0.0,0.0
2025-06-18 04:30:00+00:00,13.420000076293945,13.420000076293945,13.399999618530273,13.399999618530273,102462,0.0,0.0,0.0
2025-06-18 04:35:00+00:00,13.399999618530273,13.399999618530273,13.380000114440918,13.380000114440918,24200,0.0,0.0,0.0
2025-06-18 04:40:00+00:00,13.380000114440918,13.390000343322754,13.380000114440918,13.380000114440918,8227,0.0,0.0,0.0
2025-06-18 04:45:00+00:00,13.380000114440918,13.380000114440918,13.369999885559082,13.369999885559082,9250,0.0,0.0,0.0
2025-06-18 04:50:00+00:00,13.369999885559082,13.380000114440918,13.369999885559082,13.369999885559082,109300,0.0,0.0,0.0
2025-06-18 04:55:00+00:00,13.380000114440918,13.380000114440918,13.369999885559082,13.369999885559082,60227,0.0,0.0,0.0
2025-06-18 05:00:00+00:00,13.380000114440918,13.390000343322754,13.380000114440918,13.390000343322754,103400,0.0,0.0,0.0
2025-06-18 05:05:00+00:00,13.399999618530273,13.399999618530273,13.399999618530273,13.399999618530273,48243,0.0,0.0,0.0
2025-06-18 05:10:00+00:00,13.399999618530273,13.399999618530273,13.399999618530273,13.399999618530273,26357,0.0,0.0,0.0
2025-06-18 05:15:00+00:00,13.399999618530273,13.399999618530273,13.399999618530273,13.399999618530273,15217,0.0,0.0,0.0
2025-06-18 05:20:00+00:00,13.399999618530273,13.399999618530273,13.390000343322754,13.399999618530273,22663,0.0,0.0,0.0
2025-06-19 01:00:00+00:00,13.390000343322754,13.390000343322754,13.369999885559082,13.369999885559082,0,0.0,0.0,0.0
2025-06-19 01:05:00+00:00,13.350000381469727,13.350000381469727,13.350000381469727,13.350000381469727,60000,0.0,0.0,0.0
2025-06-19 01:10:00+00:00,13.359999656677246,13.359999656677246,13.350000381469727,13.359999656677246,38964,0.0,0.0,0.0
2025-06-19 01:15:00+00:00,13.359999656677246,13.369999885559082,13.359999656677246,13.369999885559082,141178,0.0,0.0,0.0
2025-06-19 01:20:00+00:00,13.369999885559082,13.369999885559082,13.359999656677246,13.369999885559082,10336,0.0,0.0,0.0
2025-06-19 01:25:00+00:00,13.359999656677246,13.359999656677246,13.350000381469727,13.350000381469727,37090,0.0,0.0,0.0
2025-06-19 01:30:00+00:00,13.359999656677246,13.359999656677246,13.34000015258789,13.34000015258789,11529,0.0,0.0,0.0
2025-06-19 01:35:00+00:00,13.34000015258789,13.34000015258789,13.329999923706055,13.329999923706055,21708,0.0,0.0,0.0
2025-06-19 01:40:00+00:00,13.319999694824219,13.319999694824219,13.3100004196167,13.319999694824219,26997,0.0,0.0,0.0
2025-06-19 01:45:00+00:00,13.3100004196167,13.329999923706055,13.3100004196167,13.329999923706055,46245,0.0,0.0,0.0
2025-06-19 01:50:00+00:00,13.329999923706055,13.329999923706055,13.319999694824219,13.319999694824219,11372,0.0,0.0,0.0
2025-06-19 01:55:00+00:00,13.319999694824219,13.319999694824219,13.3100004196167,13.3100004196167,74100,0.0,0.0,0.0
2025-06-19 02:00:00+00:00,13.319999694824219,13.319999694824219,13.3100004196167,13.3100004196167,17934,0.0,0.0,0.0
2025-06-19 02:05:00+00:00,13.319999694824219,13.329999923706055,13.319999694824219,13.329999923706055,51368,0.0,0.0,0.0
2025-06-19 02:10:00+00:00,13.329999923706055,13.329999923706055,13.319999694824219,13.319999694824219,71218,0.0,0.0,0.0
2025-06-19 02:15:00+00:00,13.319999694824219,13.319999694824219,13.300000190734863,13.300000190734863,67284,0.0,0.0,0.0
2025-06-19 02:20:00+00:00,13.300000190734863,13.300000190734863,13.300000190734863,13.300000190734863,7317,0.0,0.0,0.0
2025-06-19 02:25:00+00:00,13.300000190734863,13.300000190734863,13.300000190734863,13.300000190734863,22602,0.0,0.0,0.0
2025-06-19 02:30:00+00:00,13.3100004196167,13.3100004196167,13.3100004196167,13.3100004196167,7118,0.0,0.0,0.0
2025-06-19 02:35:00+00:00,13.300000190734863,13.3100004196167,13.300000190734863,13.3100004196167,7135,0.0,0.0,0.0
2025-06-19 02:40:00+00:00,13.300000190734863,13.3100004196167,13.300000190734863,13.300000190734863,56333,0.0,0.0,0.0
2025-06-19 02:45:00+00:00,13.3100004196167,13.3100004196167,13.279999732971191,13.279999732971191,39544,0.0,0.0,0.0
2025-06-19 02:50:00+00:00,13.279999732971191,13.289999961853027,13.279999732971191,13.289999961853027,10008,0.0,0.0,0.0
2025-06-19 02:55:00+00:00,13.289999961853027,13.289999961853027,13.270000457763672,13.279999732971191,46159,0.0,0.0,0.0
2025-06-19 03:00:00+00:00,13.289999961853027,13.300000190734863,13.289999961853027,13.300000190734863,15266,0.0,0.0,0.0
2025-06-19 03:05:00+00:00,13.300000190734863,13.300000190734863,13.300000190734863,13.300000190734863,13017,0.0,0.0,0.0
2025-06-19 03:10:00+00:00,13.300000190734863,13.3100004196167,13.300000190734863,13.3100004196167,20726,0.0,0.0,0.0
2025-06-19 03:15:00+00:00,13.3100004196167,13.3100004196167,13.3100004196167,13.3100004196167,6514,0.0,0.0,0.0
2025-06-19 03:20:00+00:00,13.319999694824219,13.319999694824219,13.3100004196167,13.3100004196167,3118,0.0,0.0,0.0
2025-06-19 03:25:00+00:00,13.319999694824219,13.319999694824219,13.319999694824219,13.319999694824219,51030,0.0,0.0,0.0
2025-06-19 03:30:00+00:00,13.329999923706055,13.329999923706055,13.319999694824219,13.319999694824219,8375,0.0,0.0,0.0
2025-06-19 03:35:00+00:00,13.319999694824219,13.319999694824219,13.319999694824219,13.319999694824219,26111,0.0,0.0,0.0
2025-06-19 03:40:00+00:00,13.319999694824219,13.329999923706055,13.319999694824219,13.329999923706055,4121,0.0,0.0,0.0
2025-06-19 03:45:00+00:00,13.329999923706055,13.329999923706055,13.319999694824219,13.319999694824219,10522,0.0,0.0,0.0
2025-06-19 03:50:00+00:00,13.319999694824219,13.329999923706055,13.319999694824219,13.319999694824219,4042,0.0,0.0,0.0
2025-06-19 03:55:00+00:00,13.329999923706055,13.329999923706055,13.319999694824219,13.319999694824219,16010,0.0,0.0,0.0
2025-06-19 04:00:00+00:00,13.329999923706055,13.329999923706055,13.319999694824219,13.319999694824219,108054,0.0,0.0,0.0
2025-06-19 04:05:00+00:00,13.319999694824219,13.319999694824219,13.319999694824219,13.319999694824219,2304,0.0,0.0,0.0
2025-06-19 04:10:00+00:00,13.3100004196167,13.3100004196167,13.3100004196167,13.3100004196167,62427,0.0,0.0,0.0
2025-06-19 04:15:00+00:00,13.3100004196167,13.319999694824219,13.3100004196167,13.319999694824219,4806,0.0,0.0,0.0
2025-06-19 04:20:00+00:00,13.3100004196167,13.3100004196167,13.300000190734863,13.300000190734863,47013,0.0,0.0,0.0
2025-06-19 04:25:00+00:00,13.3100004196167,13.3100004196167,13.300000190734863,13.300000190734863,47066,0.0,0.0,0.0
2025-06-19 04:30:00+00:00,13.3100004196167,13.3100004196167,13.300000190734863,13.300000190734863,14673,0.0,0.0,0.0
2025-06-19 04:35:00+00:00,13.300000190734863,13.300000190734863,13.300000190734863,13.300000190734863,13340,0.0,0.0,0.0
2025-06-19 04:40:00+00:00,13.3100004196167,13.3100004196167,13.300000190734863,13.3100004196167,11360,0.0,0.0,0.0
2025-06-19 04:45:00+00:00,13.3100004196167,13.3100004196167,13.300000190734863,13.3100004196167,9384,0.0,0.0,0.0
2025-06-19 04:50:00+00:00,13.300000190734863,13.300000190734863,13.300000190734863,13.300000190734863,6050,0.0,0.0,0.0
2025-06-19 04:55:00+00:00,13.300000190734863,13.300000190734863,13.300000190734863,13.300000190734863,25114,0.0,0.0,0.0
2025-06-19 05:00:00+00:00,13.300000190734863,13.300000190734863,13.289999961853027,13.289999961853027,253122,0.0,0.0,0.0
2025-06-19 05:05:00+00:00,13.289999961853027,13.289999961853027,13.289999961853027,13.289999961853027,39169,0.0,0.0,0.0
2025-06-19 05:10:00+00:00,13.289999961853027,13.289999961853027,13.279999732971191,13.279999732971191,15106,0.0,0.0,0.0
2025-06-19 05:15:00+00:00,13.289999961853027,13.289999961853027,13.279999732971191,13.279999732971191,25727,0.0,0.0,0.0
2025-06-19 05:20:00+00:00,13.289999961853027,13.289999961853027,13.289999961853027,13.289999961853027,19333,0.0,0.0,0.0
2025-06-20 01:00:00+00:00,13.289999961853027,13.300000190734863,13.289999961853027,13.289999961853027,0,0.0,0.0,0.0
2025-06-20 01:05:00+00:00,13.300000190734863,13.300000190734863,13.260000228881836,13.260000228881836,18071,0.0,0.0,0.0
2025-06-20 01:10:00+00:00,13.260000228881836,13.270000457763672,13.25,13.25,45991,0.0,0.0,0.0
2025-06-20 01:15:00+00:00,13.239999771118164,13.25,13.239999771118164,13.239999771118164,64224,0.0,0.0,0.0
2025-06-20 01:20:00+00:00,13.239999771118164,13.25,13.229999542236328,13.239999771118164,60161,0.0,0.0,0.0
2025-06-20 01:25:00+00:00,13.239999771118164,13.239999771118164,13.229999542236328,13.229999542236328,27073,0.0,0.0,0.0
2025-06-20 01:30:00+00:00,13.229999542236328,13.229999542236328,13.210000038146973,13.210000038146973,53814,0.0,0.0,0.0
2025-06-20 01:35:00+00:00,13.199999809265137,13.199999809265137,13.1899995803833,13.1899995803833,421211,0.0,0.0,0.0
2025-06-20 01:40:00+00:00,13.1899995803833,13.199999809265137,13.1899995803833,13.1899995803833,29845,0.0,0.0,0.0
2025-06-20 01:45:00+00:00,13.1899995803833,13.1899995803833,13.180000305175781,13.180000305175781,61016,0.0,0.0,0.0
2025-06-20 01:50:00+00:00,13.180000305175781,13.180000305175781,13.180000305175781,13.180000305175781,6599,0.0,0.0,0.0
2025-06-20 01:55:00+00:00,13.170000076293945,13.170000076293945,13.170000076293945,13.170000076293945,42536,0.0,0.0,0.0
2025-06-20 02:00:00+00:00,13.180000305175781,13.180000305175781,13.180000305175781,13.180000305175781,13738,0.0,0.0,0.0
2025-06-20 02:05:00+00:00,13.180000305175781,13.180000305175781,13.170000076293945,13.180000305175781,11418,0.0,0.0,0.0
2025-06-20 02:10:00+00:00,13.180000305175781,13.180000305175781,13.15999984741211,13.15999984741211,57110,0.0,0.0,0.0
2025-06-20 02:15:00+00:00,13.15999984741211,13.15999984741211,13.149999618530273,13.15999984741211,50335,0.0,0.0,0.0
2025-06-20 02:20:00+00:00,13.15999984741211,13.15999984741211,13.149999618530273,13.15999984741211,16218,0.0,0.0,0.0
2025-06-20 02:25:00+00:00,13.170000076293945,13.170000076293945,13.170000076293945,13.170000076293945,4181,0.0,0.0,0.0
2025-06-20 02:30:00+00:00,13.170000076293945,13.180000305175781,13.170000076293945,13.180000305175781,95314,0.0,0.0,0.0
2025-06-20 02:35:00+00:00,13.1899995803833,13.199999809265137,13.1899995803833,13.199999809265137,36169,0.0,0.0,0.0
2025-06-20 02:40:00+00:00,13.199999809265137,13.199999809265137,13.1899995803833,13.1899995803833,39059,0.0,0.0,0.0
2025-06-20 02:45:00+00:00,13.1899995803833,13.199999809265137,13.1899995803833,13.199999809265137,3174,0.0,0.0,0.0
2025-06-20 02:50:00+00:00,13.199999809265137,13.199999809265137,13.1899995803833,13.1899995803833,151235,0.0,0.0,0.0
2025-06-20 02:55:00+00:00,13.1899995803833,13.1899995803833,13.1899995803833,13.1899995803833,11530,0.0,0.0,0.0
2025-06-20 03:00:00+00:00,13.180000305175781,13.180000305175781,13.180000305175781,13.180000305175781,29266,0.0,0.0,0.0
2025-06-20 03:05:00+00:00,13.180000305175781,13.180000305175781,13.180000305175781,13.180000305175781,3205,0.0,0.0,0.0
2025-06-20 03:10:00+00:00,13.180000305175781,13.180000305175781,13.180000305175781,13.180000305175781,2144,0.0,0.0,0.0
2025-06-20 03:15:00+00:00,13.180000305175781,13.180000305175781,13.170000076293945,13.170000076293945,10387,0.0,0.0,0.0
2025-06-20 03:20:00+00:00,13.180000305175781,13.1899995803833,13.170000076293945,13.1899995803833,6151,0.0,0.0,0.0
2025-06-20 03:25:00+00:00,13.1899995803833,13.1899995803833,13.1899995803833,13.1899995803833,13269,0.0,0.0,0.0
2025-06-20 03:30:00+00:00,13.199999809265137,13.199999809265137,13.199999809265137,13.199999809265137,13686,0.0,0.0,0.0
2025-06-20 03:35:00+00:00,13.199999809265137,13.199999809265137,13.199999809265137,13.199999809265137,38024,0.0,0.0,0.0
2025-06-20 03:40:00+00:00,13.210000038146973,13.220000267028809,13.210000038146973,13.220000267028809,5124,0.0,0.0,0.0
2025-06-20 03:45:00+00:00,13.210000038146973,13.220000267028809,13.210000038146973,13.220000267028809,8320,0.0,0.0,0.0
2025-06-20 03:50:00+00:00,13.210000038146973,13.229999542236328,13.210000038146973,13.229999542236328,74076,0.0,0.0,0.0
2025-06-20 03:55:00+00:00,13.239999771118164,13.25,13.229999542236328,13.25,40063,0.0,0.0,0.0
2025-06-20 04:00:00+00:00,13.25,13.25,13.25,13.25,6053,0.0,0.0,0.0
2025-06-20 04:05:00+00:00,13.25,13.25,13.25,13.25,5187,0.0,0.0,0.0
2025-06-20 04:10:00+00:00,13.25,13.25,13.25,13.25,34137,0.0,0.0,0.0
2025-06-20 04:15:00+00:00,13.25,13.25,13.239999771118164,13.25,5153,0.0,0.0,0.0
2025-06-20 04:20:00+00:00,13.25,13.25,13.239999771118164,13.25,8682,0.0,0.0,0.0
2025-06-20 04:25:00+00:00,13.25,13.25,13.25,13.25,1055,0.0,0.0,0.0
2025-06-20 04:30:00+00:00,13.25,13.25,13.239999771118164,13.239999771118164,4486,0.0,0.0,0.0
2025-06-20 04:35:00+00:00,13.239999771118164,13.239999771118164,13.239999771118164,13.239999771118164,3010,0.0,0.0,0.0
2025-06-20 04:40:00+00:00,13.239999771118164,13.239999771118164,13.220000267028809,13.220000267028809,18183,0.0,0.0,0.0
2025-06-20 04:45:00+00:00,13.210000038146973,13.210000038146973,13.210000038146973,13.210000038146973,19425,0.0,0.0,0.0
2025-06-20 04:50:00+00:00,13.210000038146973,13.229999542236328,13.210000038146973,13.229999542236328,90110,0.0,0.0,0.0
2025-06-20 04:55:00+00:00,13.229999542236328,13.239999771118164,13.229999542236328,13.239999771118164,37694,0.0,0.0,0.0
2025-06-20 05:00:00+00:00,13.239999771118164,13.239999771118164,13.239999771118164,13.239999771118164,3310,0.0,0.0,0.0
2025-06-20 05:05:00+00:00,13.239999771118164,13.239999771118164,13.229999542236328,13.229999542236328,10010,0.0,0.0,0.0
2025-06-20 05:10:00+00:00,13.229999542236328,13.229999542236328,13.229999542236328,13.229999542236328,17398,0.0,0.0,0.0
2025-06-20 05:15:00+00:00,13.229999542236328,13.229999542236328,13.220000267028809,13.229999542236328,5926,0.0,0.0,0.0
2025-06-20 05:20:00+00:00,13.229999542236328,13.229999542236328,13.220000267028809,13.229999542236328,52161,0.0,0.0,0.0
2025-06-23 01:00:00+00:00,13.100000381469727,13.100000381469727,13.050000190734863,13.0600004196167,0,0.0,0.0,0.0
2025-06-23 01:05:00+00:00,13.069999694824219,13.100000381469727,13.0600004196167,13.100000381469727,79317,0.0,0.0,0.0
2025-06-23 01:10:00+00:00,13.119999885559082,13.140000343322754,13.119999885559082,13.130000114440918,77550,0.0,0.0,0.0
2025-06-23 01:15:00+00:00,13.130000114440918,13.130000114440918,13.09000015258789,13.09000015258789,102353,0.0,0.0,0.0
2025-06-23 01:20:00+00:00,13.09000015258789,13.09000015258789,13.069999694824219,13.079999923706055,62594,0.0,0.0,0.0
2025-06-23 01:25:00+00:00,13.079999923706055,13.079999923706055,13.079999923706055,13.079999923706055,32738,0.0,0.0,0.0
2025-06-23 01:30:00+00:00,13.079999923706055,13.09000015258789,13.0600004196167,13.09000015258789,122909,0.0,0.0,0.0
2025-06-23 01:35:00+00:00,13.09000015258789,13.109999656677246,13.09000015258789,13.100000381469727,164084,0.0,0.0,0.0
2025-06-23 01:40:00+00:00,13.09000015258789,13.100000381469727,13.09000015258789,13.09000015258789,28960,0.0,0.0,0.0
2025-06-23 01:45:00+00:00,13.09000015258789,13.109999656677246,13.09000015258789,13.109999656677246,35645,0.0,0.0,0.0
2025-06-23 01:50:00+00:00,13.109999656677246,13.130000114440918,13.109999656677246,13.130000114440918,52325,0.0,0.0,0.0
2025-06-23 01:55:00+00:00,13.130000114440918,13.130000114440918,13.119999885559082,13.119999885559082,11314,0.0,0.0,0.0
2025-06-23 02:00:00+00:00,13.130000114440918,13.130000114440918,13.119999885559082,13.119999885559082,64510,0.0,0.0,0.0
2025-06-23 02:05:00+00:00,13.119999885559082,13.119999885559082,13.109999656677246,13.119999885559082,55814,0.0,0.0,0.0
2025-06-23 02:10:00+00:00,13.140000343322754,13.140000343322754,13.130000114440918,13.130000114440918,7465,0.0,0.0,0.0
2025-06-23 02:15:00+00:00,13.140000343322754,13.140000343322754,13.140000343322754,13.140000343322754,7005,0.0,0.0,0.0
2025-06-23 02:20:00+00:00,13.140000343322754,13.140000343322754,13.130000114440918,13.140000343322754,9758,0.0,0.0,0.0
2025-06-23 02:25:00+00:00,13.140000343322754,13.140000343322754,13.140000343322754,13.140000343322754,5889,0.0,0.0,0.0
2025-06-23 02:30:00+00:00,13.140000343322754,13.140000343322754,13.140000343322754,13.140000343322754,12438,0.0,0.0,0.0
2025-06-23 02:35:00+00:00,13.130000114440918,13.140000343322754,13.130000114440918,13.140000343322754,52234,0.0,0.0,0.0
2025-06-23 02:40:00+00:00,13.149999618530273,13.149999618530273,13.140000343322754,13.140000343322754,13437,0.0,0.0,0.0
2025-06-23 02:45:00+00:00,13.149999618530273,13.149999618530273,13.140000343322754,13.149999618530273,12416,0.0,0.0,0.0
2025-06-23 02:50:00+00:00,13.149999618530273,13.149999618530273,13.149999618530273,13.149999618530273,34382,0.0,0.0,0.0
2025-06-23 02:55:00+00:00,13.149999618530273,13.149999618530273,13.140000343322754,13.140000343322754,14716,0.0,0.0,0.0
2025-06-23 03:00:00+00:00,13.130000114440918,13.149999618530273,13.119999885559082,13.149999618530273,17145,0.0,0.0,0.0
2025-06-23 03:05:00+00:00,13.149999618530273,13.149999618530273,13.130000114440918,13.130000114440918,5183,0.0,0.0,0.0
2025-06-23 03:10:00+00:00,13.149999618530273,13.149999618530273,13.140000343322754,13.140000343322754,22164,0.0,0.0,0.0
2025-06-23 03:15:00+00:00,13.140000343322754,13.149999618530273,13.140000343322754,13.149999618530273,3270,0.0,0.0,0.0
2025-06-23 03:20:00+00:00,13.149999618530273,13.149999618530273,13.140000343322754,13.140000343322754,6138,0.0,0.0,0.0
2025-06-23 03:25:00+00:00,13.140000343322754,13.149999618530273,13.140000343322754,13.149999618530273,3079,0.0,0.0,0.0
2025-06-23 03:30:00+00:00,13.149999618530273,13.15999984741211,13.149999618530273,13.15999984741211,10049,0.0,0.0,0.0
2025-06-23 03:35:00+00:00,13.15999984741211,13.15999984741211,13.15999984741211,13.15999984741211,3206,0.0,0.0,0.0
2025-06-23 03:40:00+00:00,13.15999984741211,13.15999984741211,13.149999618530273,13.149999618530273,5004,0.0,0.0,0.0
2025-06-23 03:45:00+00:00,13.149999618530273,13.15999984741211,13.149999618530273,13.15999984741211,8084,0.0,0.0,0.0
2025-06-23 03:50:00+00:00,13.15999984741211,13.170000076293945,13.149999618530273,13.149999618530273,8091,0.0,0.0,0.0
2025-06-23 03:55:00+00:00,13.170000076293945,13.170000076293945,13.170000076293945,13.170000076293945,4108,0.0,0.0,0.0
2025-06-23 04:00:00+00:00,13.15999984741211,13.15999984741211,13.15999984741211,13.15999984741211,3129,0.0,0.0,0.0
2025-06-23 04:05:00+00:00,13.149999618530273,13.15999984741211,13.149999618530273,13.15999984741211,6565,0.0,0.0,0.0
2025-06-23 04:10:00+00:00,13.15999984741211,13.15999984741211,13.15999984741211,13.15999984741211,3823,0.0,0.0,0.0
2025-06-23 04:15:00+00:00,13.15999984741211,13.15999984741211,13.149999618530273,13.15999984741211,20284,0.0,0.0,0.0
2025-06-23 04:20:00+00:00,13.15999984741211,13.15999984741211,13.149999618530273,13.15999984741211,7110,0.0,0.0,0.0
2025-06-23 04:25:00+00:00,13.15999984741211,13.15999984741211,13.149999618530273,13.149999618530273,22061,0.0,0.0,0.0
2025-06-23 04:30:00+00:00,13.15999984741211,13.15999984741211,13.149999618530273,13.15999984741211,38328,0.0,0.0,0.0
2025-06-23 04:35:00+00:00,13.15999984741211,13.15999984741211,13.15999984741211,13.15999984741211,11100,0.0,0.0,0.0
2025-06-23 04:40:00+00:00,13.15999984741211,13.15999984741211,13.15999984741211,13.15999984741211,14300,0.0,0.0,0.0
2025-06-23 04:45:00+00:00,13.15999984741211,13.170000076293945,13.15999984741211,13.170000076293945,32080,0.0,0.0,0.0
2025-06-23 04:50:00+00:00,13.170000076293945,13.170000076293945,13.149999618530273,13.149999618530273,16209,0.0,0.0,0.0
2025-06-23 04:55:00+00:00,13.149999618530273,13.170000076293945,13.149999618530273,13.170000076293945,5486,0.0,0.0,0.0
2025-06-23 05:00:00+00:00,13.15999984741211,13.15999984741211,13.149999618530273,13.15999984741211,57116,0.0,0.0,0.0
2025-06-23 05:05:00+00:00,13.15999984741211,13.1899995803833,13.15999984741211,13.1899995803833,42311,0.0,0.0,0.0
2025-06-23 05:10:00+00:00,13.170000076293945,13.180000305175781,13.15999984741211,13.180000305175781,107044,0.0,0.0,0.0
2025-06-23 05:15:00+00:00,13.1899995803833,13.199999809265137,13.180000305175781,13.199999809265137,169805,0.0,0.0,0.0
2025-06-23 05:20:00+00:00,13.199999809265137,13.199999809265137,13.1899995803833,13.1899995803833,16791,0.0,0.0,0.0
2025-06-24 01:00:00+00:00,13.390000343322754,13.390000343322754,13.390000343322754,13.390000343322754,0,0.0,0.0,0.0
2025-06-24 01:05:00+00:00,13.390000343322754,13.449999809265137,13.390000343322754,13.430000305175781,429000,0.0,0.0,0.0
2025-06-24 01:10:00+00:00,13.430000305175781,13.430000305175781,13.420000076293945,13.420000076293945,191530,0.0,0.0,0.0
2025-06-24 01:15:00+00:00,13.420000076293945,13.449999809265137,13.420000076293945,13.449999809265137,225862,0.0,0.0,0.0
2025-06-24 01:20:00+00:00,13.449999809265137,13.449999809265137,13.4399995803833,13.4399995803833,57549,0.0,0.0,0.0
2025-06-24 01:25:00+00:00,13.4399995803833,13.449999809265137,13.420000076293945,13.420000076293945,120198,0.0,0.0,0.0
2025-06-24 01:30:00+00:00,13.420000076293945,13.420000076293945,13.40999984741211,13.40999984741211,25078,0.0,0.0,0.0
2025-06-24 01:35:00+00:00,13.40999984741211,13.40999984741211,13.40999984741211,13.40999984741211,60044,0.0,0.0,0.0
2025-06-24 01:40:00+00:00,13.420000076293945,13.4399995803833,13.420000076293945,13.4399995803833,146069,0.0,0.0,0.0
2025-06-24 01:45:00+00:00,13.4399995803833,13.449999809265137,13.430000305175781,13.4399995803833,88644,0.0,0.0,0.0
2025-06-24 01:50:00+00:00,13.4399995803833,13.4399995803833,13.430000305175781,13.430000305175781,39109,0.0,0.0,0.0
2025-06-24 01:55:00+00:00,13.4399995803833,13.449999809265137,13.430000305175781,13.430000305175781,85034,0.0,0.0,0.0
2025-06-24 02:00:00+00:00,13.4399995803833,13.4399995803833,13.430000305175781,13.4399995803833,16014,0.0,0.0,0.0
2025-06-24 02:05:00+00:00,13.430000305175781,13.430000305175781,13.40999984741211,13.40999984741211,49718,0.0,0.0,0.0
2025-06-24 02:10:00+00:00,13.40999984741211,13.40999984741211,13.40999984741211,13.40999984741211,23447,0.0,0.0,0.0
2025-06-24 02:15:00+00:00,13.399999618530273,13.399999618530273,13.390000343322754,13.390000343322754,335029,0.0,0.0,0.0
2025-06-24 02:20:00+00:00,13.390000343322754,13.399999618530273,13.390000343322754,13.399999618530273,19240,0.0,0.0,0.0
2025-06-24 02:25:00+00:00,13.390000343322754,13.390000343322754,13.390000343322754,13.390000343322754,7068,0.0,0.0,0.0
2025-06-24 02:30:00+00:00,13.399999618530273,13.399999618530273,13.399999618530273,13.399999618530273,49199,0.0,0.0,0.0
2025-06-24 02:35:00+00:00,13.399999618530273,13.399999618530273,13.390000343322754,13.390000343322754,4040,0.0,0.0,0.0
2025-06-24 02:40:00+00:00,13.390000343322754,13.390000343322754,13.390000343322754,13.390000343322754,15336,0.0,0.0,0.0
2025-06-24 02:45:00+00:00,13.390000343322754,13.390000343322754,13.390000343322754,13.390000343322754,3016,0.0,0.0,0.0
2025-06-24 02:50:00+00:00,13.390000343322754,13.390000343322754,13.390000343322754,13.390000343322754,3302,0.0,0.0,0.0
2025-06-24 02:55:00+00:00,13.390000343322754,13.399999618530273,13.390000343322754,13.399999618530273,24196,0.0,0.0,0.0
2025-06-24 03:00:00+00:00,13.399999618530273,13.399999618530273,13.399999618530273,13.399999618530273,52045,0.0,0.0,0.0
2025-06-24 03:05:00+00:00,13.399999618530273,13.399999618530273,13.399999618530273,13.399999618530273,23137,0.0,0.0,0.0
2025-06-24 03:10:00+00:00,13.399999618530273,13.420000076293945,13.399999618530273,13.420000076293945,179260,0.0,0.0,0.0
2025-06-24 03:15:00+00:00,13.40999984741211,13.430000305175781,13.40999984741211,13.420000076293945,67415,0.0,0.0,0.0
2025-06-24 03:20:00+00:00,13.420000076293945,13.4399995803833,13.420000076293945,13.430000305175781,59793,0.0,0.0,0.0
2025-06-24 03:25:00+00:00,13.430000305175781,13.430000305175781,13.430000305175781,13.430000305175781,19313,0.0,0.0,0.0
2025-06-24 03:30:00+00:00,13.4399995803833,13.4399995803833,13.430000305175781,13.4399995803833,114701,0.0,0.0,0.0
2025-06-24 03:35:00+00:00,13.4399995803833,13.449999809265137,13.4399995803833,13.449999809265137,5016,0.0,0.0,0.0
2025-06-24 03:40:00+00:00,13.4399995803833,13.449999809265137,13.4399995803833,13.449999809265137,21678,0.0,0.0,0.0
2025-06-24 03:45:00+00:00,13.4399995803833,13.449999809265137,13.4399995803833,13.449999809265137,83005,0.0,0.0,0.0
2025-06-24 03:50:00+00:00,13.449999809265137,13.449999809265137,13.4399995803833,13.4399995803833,19137,0.0,0.0,0.0
2025-06-24 03:55:00+00:00,13.4399995803833,13.4399995803833,13.4399995803833,13.4399995803833,22027,0.0,0.0,0.0
2025-06-24 04:00:00+00:00,13.4399995803833,13.4399995803833,13.4399995803833,13.4399995803833,4042,0.0,0.0,0.0
2025-06-24 04:05:00+00:00,13.430000305175781,13.4399995803833,13.430000305175781,13.4399995803833,13038,0.0,0.0,0.0
2025-06-24 04:10:00+00:00,13.430000305175781,13.4399995803833,13.430000305175781,13.430000305175781,28758,0.0,0.0,0.0
2025-06-24 04:20:00+00:00,13.420000076293945,13.430000305175781,13.420000076293945,13.420000076293945,87541,0.0,0.0,0.0
2025-06-24 04:25:00+00:00,13.420000076293945,13.420000076293945,13.420000076293945,13.420000076293945,46110,0.0,0.0,0.0
2025-06-24 04:30:00+00:00,13.430000305175781,13.430000305175781,13.420000076293945,13.420000076293945,5413,0.0,0.0,0.0
2025-06-24 04:35:00+00:00,13.420000076293945,13.420000076293945,13.420000076293945,13.420000076293945,31160,0.0,0.0,0.0
2025-06-24 04:40:00+00:00,13.430000305175781,13.4399995803833,13.420000076293945,13.430000305175781,86771,0.0,0.0,0.0
2025-06-24 04:45:00+00:00,13.430000305175781,13.430000305175781,13.430000305175781,13.430000305175781,6610,0.0,0.0,0.0
2025-06-24 04:50:00+00:00,13.4399995803833,13.4399995803833,13.4399995803833,13.4399995803833,611601,0.0,0.0,0.0
2025-06-24 04:55:00+00:00,13.4399995803833,13.449999809265137,13.4399995803833,13.4399995803833,29115,0.0,0.0,0.0
2025-06-24 05:00:00+00:00,13.4399995803833,13.449999809265137,13.4399995803833,13.4399995803833,28795,0.0,0.0,0.0
2025-06-24 05:05:00+00:00,13.4399995803833,13.4399995803833,13.4399995803833,13.4399995803833,17177,0.0,0.0,0.0
2025-06-24 05:10:00+00:00,13.4399995803833,13.4399995803833,13.4399995803833,13.4399995803833,9168,0.0,0.0,0.0
2025-06-24 05:15:00+00:00,13.449999809265137,13.449999809265137,13.4399995803833,13.4399995803833,11658,0.0,0.0,0.0
2025-06-24 05:20:00+00:00,13.4399995803833,13.4399995803833,13.430000305175781,13.4399995803833,79297,0.0,0.0,0.0
2025-06-25 01:00:00+00:00,13.550000190734863,13.5600004196167,13.539999961853027,13.550000190734863,0,0.0,0.0,0.0
2025-06-25 01:05:00+00:00,13.550000190734863,13.550000190734863,13.529999732971191,13.539999961853027,129000,0.0,0.0,0.0
2025-06-25 01:10:00+00:00,13.539999961853027,13.550000190734863,13.539999961853027,13.550000190734863,144945,0.0,0.0,0.0
2025-06-25 01:15:00+00:00,13.539999961853027,13.539999961853027,13.539999961853027,13.539999961853027,130078,0.0,0.0,0.0
2025-06-25 01:20:00+00:00,13.539999961853027,13.539999961853027,13.529999732971191,13.529999732971191,38251,0.0,0.0,0.0
2025-06-25 01:25:00+00:00,13.529999732971191,13.529999732971191,13.520000457763672,13.520000457763672,22000,0.0,0.0,0.0
2025-06-25 01:30:00+00:00,13.529999732971191,13.539999961853027,13.520000457763672,13.539999961853027,216570,0.0,0.0,0.0
2025-06-25 01:35:00+00:00,13.539999961853027,13.550000190734863,13.520000457763672,13.520000457763672,202471,0.0,0.0,0.0
2025-06-25 01:40:00+00:00,13.529999732971191,13.539999961853027,13.529999732971191,13.529999732971191,247213,0.0,0.0,0.0
2025-06-25 01:45:00+00:00,13.529999732971191,13.539999961853027,13.529999732971191,13.529999732971191,36433,0.0,0.0,0.0
2025-06-25 01:50:00+00:00,13.529999732971191,13.529999732971191,13.520000457763672,13.529999732971191,24842,0.0,0.0,0.0
2025-06-25 01:55:00+00:00,13.520000457763672,13.529999732971191,13.520000457763672,13.520000457763672,13163,0.0,0.0,0.0
2025-06-25 02:00:00+00:00,13.529999732971191,13.529999732971191,13.520000457763672,13.520000457763672,50623,0.0,0.0,0.0
2025-06-25 02:05:00+00:00,13.520000457763672,13.529999732971191,13.520000457763672,13.520000457763672,70407,0.0,0.0,0.0
2025-06-25 02:10:00+00:00,13.529999732971191,13.539999961853027,13.529999732971191,13.529999732971191,266346,0.0,0.0,0.0
2025-06-25 02:15:00+00:00,13.539999961853027,13.539999961853027,13.529999732971191,13.529999732971191,85617,0.0,0.0,0.0
2025-06-25 02:20:00+00:00,13.529999732971191,13.539999961853027,13.529999732971191,13.529999732971191,13513,0.0,0.0,0.0
2025-06-25 02:25:00+00:00,13.520000457763672,13.520000457763672,13.520000457763672,13.520000457763672,2011,0.0,0.0,0.0
2025-06-25 02:30:00+00:00,13.520000457763672,13.529999732971191,13.520000457763672,13.520000457763672,43480,0.0,0.0,0.0
2025-06-25 02:35:00+00:00,13.520000457763672,13.529999732971191,13.520000457763672,13.520000457763672,88046,0.0,0.0,0.0
2025-06-25 02:40:00+00:00,13.529999732971191,13.529999732971191,13.520000457763672,13.520000457763672,47068,0.0,0.0,0.0
2025-06-25 02:45:00+00:00,13.520000457763672,13.529999732971191,13.520000457763672,13.529999732971191,2098,0.0,0.0,0.0
2025-06-25 02:50:00+00:00,13.520000457763672,13.529999732971191,13.520000457763672,13.520000457763672,65048,0.0,0.0,0.0
2025-06-25 02:55:00+00:00,13.520000457763672,13.529999732971191,13.520000457763672,13.529999732971191,13087,0.0,0.0,0.0
2025-06-25 03:00:00+00:00,13.539999961853027,13.539999961853027,13.529999732971191,13.529999732971191,4135,0.0,0.0,0.0
2025-06-25 03:05:00+00:00,13.539999961853027,13.539999961853027,13.529999732971191,13.539999961853027,20265,0.0,0.0,0.0
2025-06-25 03:10:00+00:00,13.520000457763672,13.539999961853027,13.520000457763672,13.539999961853027,6027,0.0,0.0,0.0
2025-06-25 03:15:00+00:00,13.529999732971191,13.539999961853027,13.520000457763672,13.539999961853027,21280,0.0,0.0,0.0
2025-06-25 03:20:00+00:00,13.520000457763672,13.550000190734863,13.520000457763672,13.550000190734863,533109,0.0,0.0,0.0
2025-06-25 03:25:00+00:00,13.550000190734863,13.550000190734863,13.550000190734863,13.550000190734863,173187,0.0,0.0,0.0
2025-06-25 03:30:00+00:00,13.5600004196167,13.5600004196167,13.550000190734863,13.5600004196167,523285,0.0,0.0,0.0
2025-06-25 03:35:00+00:00,13.5600004196167,13.5600004196167,13.5600004196167,13.5600004196167,20212,0.0,0.0,0.0
2025-06-25 03:40:00+00:00,13.550000190734863,13.5600004196167,13.550000190734863,13.5600004196167,29027,0.0,0.0,0.0
2025-06-25 03:45:00+00:00,13.5600004196167,13.5600004196167,13.550000190734863,13.550000190734863,19037,0.0,0.0,0.0
2025-06-25 03:50:00+00:00,13.550000190734863,13.550000190734863,13.550000190734863,13.550000190734863,62194,0.0,0.0,0.0
2025-06-25 03:55:00+00:00,13.550000190734863,13.5600004196167,13.550000190734863,13.550000190734863,28192,0.0,0.0,0.0
2025-06-25 04:00:00+00:00,13.550000190734863,13.550000190734863,13.550000190734863,13.550000190734863,30126,0.0,0.0,0.0
2025-06-25 04:05:00+00:00,13.539999961853027,13.550000190734863,13.529999732971191,13.529999732971191,28112,0.0,0.0,0.0
2025-06-25 04:10:00+00:00,13.529999732971191,13.529999732971191,13.529999732971191,13.529999732971191,23568,0.0,0.0,0.0
2025-06-25 04:15:00+00:00,13.529999732971191,13.539999961853027,13.529999732971191,13.529999732971191,31774,0.0,0.0,0.0
2025-06-25 04:20:00+00:00,13.529999732971191,13.529999732971191,13.529999732971191,13.529999732971191,17095,0.0,0.0,0.0
2025-06-25 04:25:00+00:00,13.529999732971191,13.539999961853027,13.529999732971191,13.539999961853027,21809,0.0,0.0,0.0
2025-06-25 04:30:00+00:00,13.539999961853027,13.539999961853027,13.529999732971191,13.529999732971191,8903,0.0,0.0,0.0
2025-06-25 04:35:00+00:00,13.539999961853027,13.539999961853027,13.539999961853027,13.539999961853027,112738,0.0,0.0,0.0
2025-06-25 04:40:00+00:00,13.539999961853027,13.539999961853027,13.539999961853027,13.539999961853027,39175,0.0,0.0,0.0
2025-06-25 04:45:00+00:00,13.539999961853027,13.550000190734863,13.539999961853027,13.550000190734863,82800,0.0,0.0,0.0
2025-06-25 04:50:00+00:00,13.539999961853027,13.550000190734863,13.539999961853027,13.550000190734863,13270,0.0,0.0,0.0
2025-06-25 04:55:00+00:00,13.550000190734863,13.550000190734863,13.539999961853027,13.550000190734863,166937,0.0,0.0,0.0
2025-06-25 05:00:00+00:00,13.539999961853027,13.550000190734863,13.539999961853027,13.550000190734863,56140,0.0,0.0,0.0
2025-06-25 05:05:00+00:00,13.550000190734863,13.5600004196167,13.550000190734863,13.5600004196167,71510,0.0,0.0,0.0
2025-06-25 05:10:00+00:00,13.5600004196167,13.569999694824219,13.5600004196167,13.5600004196167,196492,0.0,0.0,0.0
2025-06-25 05:15:00+00:00,13.5600004196167,13.5600004196167,13.550000190734863,13.550000190734863,73302,0.0,0.0,0.0
2025-06-25 05:20:00+00:00,13.5600004196167,13.5600004196167,13.550000190734863,13.550000190734863,35566,0.0,0.0,0.0
2025-06-26 01:00:00+00:00,13.579999923706055,13.579999923706055,13.569999694824219,13.569999694824219,0,0.0,0.0,0.0
2025-06-26 01:05:00+00:00,13.579999923706055,13.600000381469727,13.579999923706055,13.59000015258789,65000,0.0,0.0,0.0
2025-06-26 01:10:00+00:00,13.600000381469727,13.609999656677246,13.579999923706055,13.600000381469727,589857,0.0,0.0,0.0
2025-06-26 01:15:00+00:00,13.600000381469727,13.609999656677246,13.600000381469727,13.609999656677246,50515,0.0,0.0,0.0
2025-06-26 01:20:00+00:00,13.619999885559082,13.619999885559082,13.619999885559082,13.619999885559082,33426,0.0,0.0,0.0
2025-06-26 01:25:00+00:00,13.600000381469727,13.600000381469727,13.600000381469727,13.600000381469727,21956,0.0,0.0,0.0
2025-06-26 01:30:00+00:00,13.609999656677246,13.609999656677246,13.59000015258789,13.59000015258789,43015,0.0,0.0,0.0
2025-06-26 01:35:00+00:00,13.579999923706055,13.579999923706055,13.569999694824219,13.569999694824219,24769,0.0,0.0,0.0
2025-06-26 01:40:00+00:00,13.579999923706055,13.579999923706055,13.579999923706055,13.579999923706055,4345,0.0,0.0,0.0
2025-06-26 01:45:00+00:00,13.579999923706055,13.59000015258789,13.579999923706055,13.59000015258789,65581,0.0,0.0,0.0
2025-06-26 01:50:00+00:00,13.579999923706055,13.59000015258789,13.569999694824219,13.569999694824219,66106,0.0,0.0,0.0
2025-06-26 01:55:00+00:00,13.579999923706055,13.579999923706055,13.5600004196167,13.5600004196167,3164,0.0,0.0,0.0
2025-06-26 02:00:00+00:00,13.5600004196167,13.579999923706055,13.5600004196167,13.579999923706055,186357,0.0,0.0,0.0
2025-06-26 02:05:00+00:00,13.59000015258789,13.600000381469727,13.579999923706055,13.600000381469727,179355,0.0,0.0,0.0
2025-06-26 02:10:00+00:00,13.600000381469727,13.619999885559082,13.600000381469727,13.619999885559082,339359,0.0,0.0,0.0
2025-06-26 02:15:00+00:00,13.619999885559082,13.640000343322754,13.619999885559082,13.619999885559082,186798,0.0,0.0,0.0
2025-06-26 02:20:00+00:00,13.630000114440918,13.640000343322754,13.609999656677246,13.619999885559082,520635,0.0,0.0,0.0
2025-06-26 02:25:00+00:00,13.619999885559082,13.619999885559082,13.609999656677246,13.609999656677246,3032,0.0,0.0,0.0
2025-06-26 02:30:00+00:00,13.619999885559082,13.619999885559082,13.619999885559082,13.619999885559082,3127,0.0,0.0,0.0
2025-06-26 02:35:00+00:00,13.609999656677246,13.609999656677246,13.600000381469727,13.600000381469727,29340,0.0,0.0,0.0
2025-06-26 02:40:00+00:00,13.600000381469727,13.600000381469727,13.59000015258789,13.59000015258789,31217,0.0,0.0,0.0
2025-06-26 02:45:00+00:00,13.600000381469727,13.600000381469727,13.579999923706055,13.579999923706055,45188,0.0,0.0,0.0
2025-06-26 02:50:00+00:00,13.59000015258789,13.600000381469727,13.579999923706055,13.600000381469727,70251,0.0,0.0,0.0
2025-06-26 02:55:00+00:00,13.600000381469727,13.600000381469727,13.600000381469727,13.600000381469727,2010,0.0,0.0,0.0
2025-06-26 03:00:00+00:00,13.600000381469727,13.600000381469727,13.59000015258789,13.59000015258789,6980,0.0,0.0,0.0
2025-06-26 03:05:00+00:00,13.59000015258789,13.59000015258789,13.59000015258789,13.59000015258789,553838,0.0,0.0,0.0
2025-06-26 03:10:00+00:00,13.59000015258789,13.59000015258789,13.579999923706055,13.579999923706055,20034,0.0,0.0,0.0
2025-06-26 03:15:00+00:00,13.579999923706055,13.579999923706055,13.569999694824219,13.569999694824219,5047,0.0,0.0,0.0
2025-06-26 03:20:00+00:00,13.579999923706055,13.579999923706055,13.569999694824219,13.579999923706055,27132,0.0,0.0,0.0
2025-06-26 03:25:00+00:00,13.579999923706055,13.579999923706055,13.579999923706055,13.579999923706055,8027,0.0,0.0,0.0
2025-06-26 03:30:00+00:00,13.59000015258789,13.59000015258789,13.569999694824219,13.569999694824219,122037,0.0,0.0,0.0
2025-06-26 03:35:00+00:00,13.579999923706055,13.579999923706055,13.579999923706055,13.579999923706055,27331,0.0,0.0,0.0
2025-06-26 03:40:00+00:00,13.59000015258789,13.59000015258789,13.579999923706055,13.579999923706055,409278,0.0,0.0,0.0
2025-06-26 03:45:00+00:00,13.579999923706055,13.579999923706055,13.569999694824219,13.569999694824219,405017,0.0,0.0,0.0
2025-06-26 03:50:00+00:00,13.579999923706055,13.579999923706055,13.569999694824219,13.569999694824219,8223,0.0,0.0,0.0
2025-06-26 03:55:00+00:00,13.579999923706055,13.579999923706055,13.569999694824219,13.569999694824219,20026,0.0,0.0,0.0
2025-06-26 04:00:00+00:00,13.569999694824219,13.569999694824219,13.5600004196167,13.5600004196167,9803,0.0,0.0,0.0
2025-06-26 04:05:00+00:00,13.569999694824219,13.569999694824219,13.569999694824219,13.569999694824219,24580,0.0,0.0,0.0
2025-06-26 04:10:00+00:00,13.569999694824219,13.579999923706055,13.569999694824219,13.579999923706055,3668,0.0,0.0,0.0
2025-06-26 04:20:00+00:00,13.579999923706055,13.579999923706055,13.569999694824219,13.569999694824219,10630,0.0,0.0,0.0
2025-06-26 04:25:00+00:00,13.579999923706055,13.579999923706055,13.569999694824219,13.569999694824219,32027,0.0,0.0,0.0
2025-06-26 04:30:00+00:00,13.579999923706055,13.579999923706055,13.569999694824219,13.569999694824219,13431,0.0,0.0,0.0
2025-06-26 04:35:00+00:00,13.569999694824219,13.569999694824219,13.569999694824219,13.569999694824219,27570,0.0,0.0,0.0
2025-06-26 04:40:00+00:00,13.569999694824219,13.569999694824219,13.569999694824219,13.569999694824219,5020,0.0,0.0,0.0
2025-06-26 04:45:00+00:00,13.569999694824219,13.579999923706055,13.569999694824219,13.579999923706055,186321,0.0,0.0,0.0
2025-06-26 04:50:00+00:00,13.569999694824219,13.569999694824219,13.569999694824219,13.569999694824219,53120,0.0,0.0,0.0
2025-06-26 04:55:00+00:00,13.569999694824219,13.579999923706055,13.569999694824219,13.579999923706055,22491,0.0,0.0,0.0
2025-06-26 05:00:00+00:00,13.579999923706055,13.579999923706055,13.569999694824219,13.579999923706055,145124,0.0,0.0,0.0
2025-06-26 05:05:00+00:00,13.579999923706055,13.579999923706055,13.569999694824219,13.569999694824219,408104,0.0,0.0,0.0
2025-06-26 05:10:00+00:00,13.569999694824219,13.579999923706055,13.569999694824219,13.579999923706055,12863,0.0,0.0,0.0
2025-06-26 05:15:00+00:00,13.579999923706055,13.579999923706055,13.5600004196167,13.5600004196167,84183,0.0,0.0,0.0
2025-06-26 05:20:00+00:00,13.5600004196167,13.5600004196167,13.5600004196167,13.5600004196167,26765,0.0,0.0,0.0
2025-06-27 01:00:00+00:00,13.59000015258789,13.609999656677246,13.59000015258789,13.600000381469727,0,0.0,0.0,0.0
2025-06-27 01:05:00+00:00,13.600000381469727,13.600000381469727,13.569999694824219,13.579999923706055,15991,0.0,0.0,0.0
2025-06-27 01:10:00+00:00,13.579999923706055,13.579999923706055,13.569999694824219,13.569999694824219,50457,0.0,0.0,0.0
2025-06-27 01:15:00+00:00,13.569999694824219,13.569999694824219,13.569999694824219,13.569999694824219,11070,0.0,0.0,0.0
2025-06-27 01:20:00+00:00,13.569999694824219,13.579999923706055,13.5600004196167,13.5600004196167,125013,0.0,0.0,0.0
2025-06-27 01:25:00+00:00,13.550000190734863,13.579999923706055,13.550000190734863,13.579999923706055,35135,0.0,0.0,0.0
2025-06-27 01:30:00+00:00,13.569999694824219,13.569999694824219,13.550000190734863,13.550000190734863,210680,0.0,0.0,0.0
2025-06-27 01:35:00+00:00,13.550000190734863,13.550000190734863,13.539999961853027,13.550000190734863,20213,0.0,0.0,0.0
2025-06-27 01:40:00+00:00,13.550000190734863,13.5600004196167,13.539999961853027,13.5600004196167,33104,0.0,0.0,0.0
2025-06-27 01:45:00+00:00,13.5600004196167,13.5600004196167,13.5600004196167,13.5600004196167,12029,0.0,0.0,0.0
2025-06-27 01:50:00+00:00,13.550000190734863,13.550000190734863,13.550000190734863,13.550000190734863,11391,0.0,0.0,0.0
2025-06-27 01:55:00+00:00,13.5600004196167,13.5600004196167,13.5600004196167,13.5600004196167,24541,0.0,0.0,0.0
2025-06-27 02:00:00+00:00,13.569999694824219,13.569999694824219,13.5600004196167,13.5600004196167,304018,0.0,0.0,0.0
2025-06-27 02:05:00+00:00,13.550000190734863,13.5600004196167,13.550000190734863,13.5600004196167,401030,0.0,0.0,0.0
2025-06-27 02:10:00+00:00,13.550000190734863,13.550000190734863,13.550000190734863,13.550000190734863,43059,0.0,0.0,0.0
2025-06-27 02:15:00+00:00,13.5600004196167,13.5600004196167,13.5600004196167,13.5600004196167,52830,0.0,0.0,0.0
2025-06-27 02:20:00+00:00,13.5600004196167,13.569999694824219,13.5600004196167,13.5600004196167,9658,0.0,0.0,0.0
2025-06-27 02:25:00+00:00,13.5600004196167,13.569999694824219,13.5600004196167,13.5600004196167,374108,0.0,0.0,0.0
2025-06-27 02:30:00+00:00,13.550000190734863,13.5600004196167,13.550000190734863,13.5600004196167,6019,0.0,0.0,0.0
2025-06-27 02:35:00+00:00,13.550000190734863,13.550000190734863,13.529999732971191,13.529999732971191,634224,0.0,0.0,0.0
2025-06-27 02:40:00+00:00,13.529999732971191,13.539999961853027,13.529999732971191,13.529999732971191,19228,0.0,0.0,0.0
2025-06-27 02:45:00+00:00,13.539999961853027,13.550000190734863,13.529999732971191,13.539999961853027,51595,0.0,0.0,0.0
2025-06-27 02:50:00+00:00,13.539999961853027,13.539999961853027,13.539999961853027,13.539999961853027,3154,0.0,0.0,0.0
2025-06-27 02:55:00+00:00,13.539999961853027,13.539999961853027,13.529999732971191,13.539999961853027,19258,0.0,0.0,0.0
2025-06-27 03:00:00+00:00,13.539999961853027,13.539999961853027,13.539999961853027,13.539999961853027,14019,0.0,0.0,0.0
2025-06-27 03:05:00+00:00,13.539999961853027,13.550000190734863,13.539999961853027,13.550000190734863,4044,0.0,0.0,0.0
2025-06-27 03:10:00+00:00,13.539999961853027,13.539999961853027,13.529999732971191,13.529999732971191,45019,0.0,0.0,0.0
2025-06-27 03:15:00+00:00,13.529999732971191,13.529999732971191,13.529999732971191,13.529999732971191,6038,0.0,0.0,0.0
2025-06-27 03:20:00+00:00,13.529999732971191,13.529999732971191,13.529999732971191,13.529999732971191,6029,0.0,0.0,0.0
2025-06-27 03:25:00+00:00,13.529999732971191,13.529999732971191,13.520000457763672,13.529999732971191,254109,0.0,0.0,0.0
2025-06-27 03:30:00+00:00,13.529999732971191,13.529999732971191,13.529999732971191,13.529999732971191,1221,0.0,0.0,0.0
2025-06-27 03:35:00+00:00,13.529999732971191,13.529999732971191,13.529999732971191,13.529999732971191,9395,0.0,0.0,0.0
2025-06-27 03:40:00+00:00,13.529999732971191,13.529999732971191,13.520000457763672,13.520000457763672,12020,0.0,0.0,0.0
2025-06-27 03:45:00+00:00,13.529999732971191,13.529999732971191,13.520000457763672,13.520000457763672,8119,0.0,0.0,0.0
2025-06-27 03:50:00+00:00,13.510000228881836,13.520000457763672,13.510000228881836,13.510000228881836,55115,0.0,0.0,0.0
2025-06-27 03:55:00+00:00,13.520000457763672,13.520000457763672,13.520000457763672,13.520000457763672,10037,0.0,0.0,0.0
2025-06-27 04:00:00+00:00,13.520000457763672,13.520000457763672,13.520000457763672,13.520000457763672,41236,0.0,0.0,0.0
2025-06-27 04:05:00+00:00,13.520000457763672,13.529999732971191,13.520000457763672,13.529999732971191,18461,0.0,0.0,0.0
2025-06-27 04:10:00+00:00,13.520000457763672,13.539999961853027,13.520000457763672,13.539999961853027,93126,0.0,0.0,0.0
2025-06-27 04:15:00+00:00,13.520000457763672,13.529999732971191,13.520000457763672,13.529999732971191,2036,0.0,0.0,0.0
2025-06-27 04:20:00+00:00,13.529999732971191,13.539999961853027,13.529999732971191,13.539999961853027,5044,0.0,0.0,0.0
2025-06-27 04:25:00+00:00,13.539999961853027,13.539999961853027,13.539999961853027,13.539999961853027,44741,0.0,0.0,0.0
2025-06-27 04:30:00+00:00,13.550000190734863,13.550000190734863,13.539999961853027,13.550000190734863,107845,0.0,0.0,0.0
2025-06-27 04:35:00+00:00,13.550000190734863,13.569999694824219,13.550000190734863,13.569999694824219,65560,0.0,0.0,0.0
2025-06-27 04:40:00+00:00,13.579999923706055,13.579999923706055,13.5600004196167,13.569999694824219,17110,0.0,0.0,0.0
2025-06-27 04:45:00+00:00,13.569999694824219,13.569999694824219,13.569999694824219,13.569999694824219,21260,0.0,0.0,0.0
2025-06-27 04:50:00+00:00,13.5600004196167,13.569999694824219,13.5600004196167,13.569999694824219,19068,0.0,0.0,0.0
2025-06-27 05:00:00+00:00,13.569999694824219,13.569999694824219,13.569999694824219,13.569999694824219,1298,0.0,0.0,0.0
2025-06-27 05:05:00+00:00,13.5600004196167,13.569999694824219,13.5600004196167,13.569999694824219,27010,0.0,0.0,0.0
2025-06-27 05:10:00+00:00,13.5600004196167,13.5600004196167,13.5600004196167,13.5600004196167,46597,0.0,0.0,0.0
2025-06-27 05:15:00+00:00,13.569999694824219,13.569999694824219,13.550000190734863,13.550000190734863,6750,0.0,0.0,0.0
2025-06-27 05:20:00+00:00,13.550000190734863,13.5600004196167,13.550000190734863,13.5600004196167,66406,0.0,0.0,0.0
2025-04-30 01:00:00+00:00,12.039999961853027,12.039999961853027,12.010000228881836,12.020000457763672,0,0.0,0.0,0.0
2025-04-30 01:05:00+00:00,12.020000457763672,12.020000457763672,12.010000228881836,12.020000457763672,79987,0.0,0.0,0.0
2025-04-30 01:10:00+00:00,12.020000457763672,12.039999961853027,12.020000457763672,12.039999961853027,18078,0.0,0.0,0.0
2025-04-30 01:15:00+00:00,12.039999961853027,12.039999961853027,12.029999732971191,12.039999961853027,65427,0.0,0.0,0.0
2025-04-30 01:20:00+00:00,12.050000190734863,12.050000190734863,12.029999732971191,12.029999732971191,55027,0.0,0.0,0.0
2025-04-30 01:25:00+00:00,12.029999732971191,12.029999732971191,12.029999732971191,12.029999732971191,9227,0.0,0.0,0.0
2025-04-30 01:30:00+00:00,12.029999732971191,12.029999732971191,12.020000457763672,12.020000457763672,32863,0.0,0.0,0.0
2025-04-30 01:35:00+00:00,12.020000457763672,12.029999732971191,12.020000457763672,12.029999732971191,72689,0.0,0.0,0.0
2025-04-30 01:40:00+00:00,12.029999732971191,12.039999961853027,12.029999732971191,12.029999732971191,114243,0.0,0.0,0.0
2025-04-30 01:45:00+00:00,12.029999732971191,12.029999732971191,12.020000457763672,12.020000457763672,8378,0.0,0.0,0.0
2025-04-30 01:55:00+00:00,12.020000457763672,12.020000457763672,12.020000457763672,12.020000457763672,6021,0.0,0.0,0.0
2025-04-30 02:00:00+00:00,12.029999732971191,12.039999961853027,12.029999732971191,12.029999732971191,16553,0.0,0.0,0.0
2025-04-30 02:05:00+00:00,12.029999732971191,12.050000190734863,12.020000457763672,12.050000190734863,43343,0.0,0.0,0.0
2025-04-30 02:10:00+00:00,12.050000190734863,12.09000015258789,12.050000190734863,12.09000015258789,93343,0.0,0.0,0.0
2025-04-30 02:15:00+00:00,12.09000015258789,12.100000381469727,12.079999923706055,12.079999923706055,6668,0.0,0.0,0.0
2025-04-30 02:20:00+00:00,12.069999694824219,12.069999694824219,12.0600004196167,12.0600004196167,78144,0.0,0.0,0.0
2025-04-30 02:25:00+00:00,12.079999923706055,12.079999923706055,12.0600004196167,12.079999923706055,174199,0.0,0.0,0.0
2025-04-30 02:30:00+00:00,12.069999694824219,12.079999923706055,12.069999694824219,12.079999923706055,6120,0.0,0.0,0.0
2025-04-30 02:35:00+00:00,12.069999694824219,12.069999694824219,12.069999694824219,12.069999694824219,2569,0.0,0.0,0.0
2025-04-30 02:40:00+00:00,12.0600004196167,12.0600004196167,12.0600004196167,12.0600004196167,13038,0.0,0.0,0.0
2025-04-30 02:45:00+00:00,12.0600004196167,12.0600004196167,12.050000190734863,12.050000190734863,12237,0.0,0.0,0.0
2025-04-30 02:50:00+00:00,12.050000190734863,12.050000190734863,12.029999732971191,12.029999732971191,12832,0.0,0.0,0.0
2025-04-30 02:55:00+00:00,12.039999961853027,12.039999961853027,12.020000457763672,12.020000457763672,60045,0.0,0.0,0.0
2025-04-30 03:00:00+00:00,12.020000457763672,12.020000457763672,12.010000228881836,12.020000457763672,58266,0.0,0.0,0.0
2025-04-30 03:05:00+00:00,12.029999732971191,12.029999732971191,12.0,12.0,30277,0.0,0.0,0.0
2025-04-30 03:10:00+00:00,12.0,12.0,11.989999771118164,11.989999771118164,70383,0.0,0.0,0.0
2025-04-30 03:15:00+00:00,11.989999771118164,12.0,11.989999771118164,12.0,14131,0.0,0.0,0.0
2025-04-30 03:20:00+00:00,12.0,12.0,12.0,12.0,13159,0.0,0.0,0.0
2025-04-30 03:30:00+00:00,12.020000457763672,12.020000457763672,12.0,12.0,31676,0.0,0.0,0.0
2025-04-30 03:40:00+00:00,11.989999771118164,11.989999771118164,11.989999771118164,11.989999771118164,11307,0.0,0.0,0.0
2025-04-30 03:45:00+00:00,12.0,12.0,11.989999771118164,12.0,13695,0.0,0.0,0.0
2025-04-30 03:50:00+00:00,12.0,12.0,11.989999771118164,12.0,52050,0.0,0.0,0.0
2025-04-30 03:55:00+00:00,12.010000228881836,12.010000228881836,12.010000228881836,12.010000228881836,34000,0.0,0.0,0.0
2025-04-30 04:00:00+00:00,12.020000457763672,12.020000457763672,12.020000457763672,12.020000457763672,5643,0.0,0.0,0.0
2025-04-30 04:05:00+00:00,12.010000228881836,12.010000228881836,12.010000228881836,12.010000228881836,21529,0.0,0.0,0.0
2025-04-30 04:15:00+00:00,12.020000457763672,12.020000457763672,12.010000228881836,12.020000457763672,23199,0.0,0.0,0.0
2025-04-30 04:20:00+00:00,12.020000457763672,12.020000457763672,12.010000228881836,12.010000228881836,5014,0.0,0.0,0.0
2025-04-30 04:25:00+00:00,12.010000228881836,12.020000457763672,12.010000228881836,12.020000457763672,31024,0.0,0.0,0.0
2025-04-30 04:30:00+00:00,12.020000457763672,12.020000457763672,12.010000228881836,12.010000228881836,8165,0.0,0.0,0.0
2025-04-30 04:35:00+00:00,12.0,12.0,12.0,12.0,22686,0.0,0.0,0.0
2025-04-30 04:40:00+00:00,12.0,12.020000457763672,12.0,12.020000457763672,11000,0.0,0.0,0.0
2025-04-30 04:45:00+00:00,12.010000228881836,12.010000228881836,12.010000228881836,12.010000228881836,11000,0.0,0.0,0.0
2025-04-30 04:50:00+00:00,12.010000228881836,12.010000228881836,12.0,12.0,11164,0.0,0.0,0.0
2025-04-30 04:55:00+00:00,12.0,12.010000228881836,12.0,12.0,23532,0.0,0.0,0.0
2025-04-30 05:00:00+00:00,12.0,12.010000228881836,12.0,12.010000228881836,2000,0.0,0.0,0.0
2025-04-30 05:05:00+00:00,12.010000228881836,12.020000457763672,12.010000228881836,12.010000228881836,60704,0.0,0.0,0.0
2025-04-30 05:10:00+00:00,12.010000228881836,12.010000228881836,12.010000228881836,12.010000228881836,3501,0.0,0.0,0.0
2025-04-30 05:15:00+00:00,12.010000228881836,12.010000228881836,12.0,12.0,86146,0.0,0.0,0.0
2025-04-30 05:20:00+00:00,12.010000228881836,12.010000228881836,12.0,12.0,509486,0.0,0.0,0.0
2025-05-02 01:00:00+00:00,12.220000267028809,12.260000228881836,12.220000267028809,12.25,0,0.0,0.0,0.0
2025-05-02 01:05:00+00:00,12.25,12.25,12.239999771118164,12.239999771118164,76314,0.0,0.0,0.0
2025-05-02 01:10:00+00:00,12.25,12.270000457763672,12.25,12.260000228881836,247865,0.0,0.0,0.0
2025-05-02 01:15:00+00:00,12.260000228881836,12.270000457763672,12.260000228881836,12.260000228881836,105350,0.0,0.0,0.0
2025-05-02 01:20:00+00:00,12.260000228881836,12.270000457763672,12.25,12.260000228881836,127741,0.0,0.0,0.0
2025-05-02 01:25:00+00:00,12.270000457763672,12.270000457763672,12.25,12.25,68114,0.0,0.0,0.0
2025-05-02 01:30:00+00:00,12.25,12.25,12.239999771118164,12.25,41049,0.0,0.0,0.0
2025-05-02 01:35:00+00:00,12.25,12.25,12.239999771118164,12.25,47312,0.0,0.0,0.0
2025-05-02 01:40:00+00:00,12.239999771118164,12.239999771118164,12.229999542236328,12.229999542236328,56001,0.0,0.0,0.0
2025-05-02 01:45:00+00:00,12.229999542236328,12.260000228881836,12.229999542236328,12.260000228881836,88528,0.0,0.0,0.0
2025-05-02 01:50:00+00:00,12.25,12.260000228881836,12.25,12.260000228881836,102129,0.0,0.0,0.0
2025-05-02 01:55:00+00:00,12.270000457763672,12.270000457763672,12.260000228881836,12.260000228881836,22052,0.0,0.0,0.0
2025-05-02 02:00:00+00:00,12.260000228881836,12.270000457763672,12.25,12.25,67161,0.0,0.0,0.0
2025-05-02 02:05:00+00:00,12.270000457763672,12.279999732971191,12.260000228881836,12.279999732971191,241468,0.0,0.0,0.0
2025-05-02 02:10:00+00:00,12.279999732971191,12.279999732971191,12.279999732971191,12.279999732971191,4030,0.0,0.0,0.0
2025-05-02 02:15:00+00:00,12.270000457763672,12.289999961853027,12.270000457763672,12.279999732971191,69037,0.0,0.0,0.0
2025-05-02 02:20:00+00:00,12.279999732971191,12.279999732971191,12.260000228881836,12.279999732971191,78182,0.0,0.0,0.0
2025-05-02 02:25:00+00:00,12.289999961853027,12.289999961853027,12.279999732971191,12.279999732971191,18148,0.0,0.0,0.0
2025-05-02 02:30:00+00:00,12.279999732971191,12.289999961853027,12.279999732971191,12.289999961853027,14027,0.0,0.0,0.0
2025-05-02 02:35:00+00:00,12.289999961853027,12.289999961853027,12.279999732971191,12.289999961853027,56028,0.0,0.0,0.0
2025-05-02 02:40:00+00:00,12.289999961853027,12.300000190734863,12.289999961853027,12.300000190734863,70231,0.0,0.0,0.0
2025-05-02 02:45:00+00:00,12.300000190734863,12.300000190734863,12.279999732971191,12.300000190734863,10054,0.0,0.0,0.0
2025-05-02 02:50:00+00:00,12.300000190734863,12.300000190734863,12.289999961853027,12.300000190734863,7028,0.0,0.0,0.0
2025-05-02 02:55:00+00:00,12.300000190734863,12.300000190734863,12.300000190734863,12.300000190734863,14429,0.0,0.0,0.0
2025-05-02 03:00:00+00:00,12.300000190734863,12.300000190734863,12.279999732971191,12.289999961853027,15310,0.0,0.0,0.0
2025-05-02 03:05:00+00:00,12.289999961853027,12.289999961853027,12.289999961853027,12.289999961853027,12135,0.0,0.0,0.0
2025-05-02 03:10:00+00:00,12.289999961853027,12.300000190734863,12.289999961853027,12.289999961853027,17252,0.0,0.0,0.0
2025-05-02 03:15:00+00:00,12.289999961853027,12.289999961853027,12.289999961853027,12.289999961853027,5328,0.0,0.0,0.0
2025-05-02 03:20:00+00:00,12.289999961853027,12.289999961853027,12.289999961853027,12.289999961853027,7450,0.0,0.0,0.0
2025-05-02 03:25:00+00:00,12.289999961853027,12.289999961853027,12.279999732971191,12.279999732971191,3287,0.0,0.0,0.0
2025-05-02 03:30:00+00:00,12.289999961853027,12.319999694824219,12.289999961853027,12.319999694824219,268095,0.0,0.0,0.0
2025-05-02 03:35:00+00:00,12.3100004196167,12.3100004196167,12.3100004196167,12.3100004196167,3785,0.0,0.0,0.0
2025-05-02 03:40:00+00:00,12.3100004196167,12.319999694824219,12.3100004196167,12.3100004196167,38035,0.0,0.0,0.0
2025-05-02 03:45:00+00:00,12.3100004196167,12.3100004196167,12.3100004196167,12.3100004196167,17198,0.0,0.0,0.0
2025-05-02 03:50:00+00:00,12.319999694824219,12.319999694824219,12.3100004196167,12.3100004196167,14204,0.0,0.0,0.0
2025-05-02 03:55:00+00:00,12.300000190734863,12.3100004196167,12.300000190734863,12.3100004196167,6584,0.0,0.0,0.0
2025-05-02 04:00:00+00:00,12.3100004196167,12.3100004196167,12.300000190734863,12.300000190734863,88203,0.0,0.0,0.0
2025-05-02 04:05:00+00:00,12.300000190734863,12.300000190734863,12.300000190734863,12.300000190734863,8247,0.0,0.0,0.0
2025-05-02 04:10:00+00:00,12.300000190734863,12.3100004196167,12.300000190734863,12.3100004196167,31845,0.0,0.0,0.0
2025-05-02 04:15:00+00:00,12.3100004196167,12.3100004196167,12.3100004196167,12.3100004196167,1140,0.0,0.0,0.0
2025-05-02 04:20:00+00:00,12.3100004196167,12.3100004196167,12.300000190734863,12.300000190734863,29186,0.0,0.0,0.0
2025-05-02 04:25:00+00:00,12.300000190734863,12.300000190734863,12.300000190734863,12.300000190734863,5480,0.0,0.0,0.0
2025-05-02 04:30:00+00:00,12.3100004196167,12.3100004196167,12.300000190734863,12.300000190734863,11261,0.0,0.0,0.0
2025-05-02 04:35:00+00:00,12.300000190734863,12.300000190734863,12.289999961853027,12.300000190734863,22252,0.0,0.0,0.0
2025-05-02 04:40:00+00:00,12.300000190734863,12.300000190734863,12.300000190734863,12.300000190734863,1164,0.0,0.0,0.0
2025-05-02 04:45:00+00:00,12.300000190734863,12.300000190734863,12.289999961853027,12.300000190734863,47270,0.0,0.0,0.0
2025-05-02 04:50:00+00:00,12.300000190734863,12.3100004196167,12.300000190734863,12.300000190734863,35810,0.0,0.0,0.0
2025-05-02 04:55:00+00:00,12.300000190734863,12.3100004196167,12.300000190734863,12.3100004196167,19561,0.0,0.0,0.0
2025-05-02 05:00:00+00:00,12.300000190734863,12.3100004196167,12.300000190734863,12.3100004196167,22197,0.0,0.0,0.0
2025-05-02 05:05:00+00:00,12.3100004196167,12.319999694824219,12.300000190734863,12.319999694824219,206585,0.0,0.0,0.0
2025-05-02 05:10:00+00:00,12.300000190734863,12.3100004196167,12.300000190734863,12.3100004196167,5064,0.0,0.0,0.0
2025-05-02 05:15:00+00:00,12.3100004196167,12.3100004196167,12.300000190734863,12.3100004196167,25721,0.0,0.0,0.0
2025-05-02 05:20:00+00:00,12.3100004196167,12.319999694824219,12.3100004196167,12.319999694824219,26689,0.0,0.0,0.0
2025-05-05 01:00:00+00:00,12.399999618530273,12.420000076293945,12.369999885559082,12.380000114440918,0,0.0,0.0,0.0
2025-05-05 01:05:00+00:00,12.390000343322754,12.390000343322754,12.300000190734863,12.300000190734863,308938,0.0,0.0,0.0
2025-05-05 01:10:00+00:00,12.300000190734863,12.319999694824219,12.300000190734863,12.319999694824219,173217,0.0,0.0,0.0
2025-05-05 01:15:00+00:00,12.319999694824219,12.369999885559082,12.319999694824219,12.329999923706055,136162,0.0,0.0,0.0
2025-05-05 01:20:00+00:00,12.329999923706055,12.34000015258789,12.289999961853027,12.289999961853027,89620,0.0,0.0,0.0
2025-05-05 01:25:00+00:00,12.289999961853027,12.300000190734863,12.25,12.25,71215,0.0,0.0,0.0
2025-05-05 01:30:00+00:00,12.239999771118164,12.239999771118164,12.1899995803833,12.199999809265137,313708,0.0,0.0,0.0
2025-05-05 01:35:00+00:00,12.210000038146973,12.229999542236328,12.149999618530273,12.170000076293945,335957,0.0,0.0,0.0
2025-05-05 01:40:00+00:00,12.180000305175781,12.180000305175781,12.149999618530273,12.149999618530273,45687,0.0,0.0,0.0
2025-05-05 01:45:00+00:00,12.149999618530273,12.15999984741211,12.100000381469727,12.100000381469727,71749,0.0,0.0,0.0
2025-05-05 01:50:00+00:00,12.109999656677246,12.130000114440918,12.09000015258789,12.130000114440918,187046,0.0,0.0,0.0
2025-05-05 01:55:00+00:00,12.119999885559082,12.119999885559082,12.100000381469727,12.109999656677246,100345,0.0,0.0,0.0
2025-05-05 02:00:00+00:00,12.119999885559082,12.149999618530273,12.119999885559082,12.130000114440918,94860,0.0,0.0,0.0
2025-05-05 02:05:00+00:00,12.130000114440918,12.130000114440918,12.0600004196167,12.069999694824219,83519,0.0,0.0,0.0
2025-05-05 02:10:00+00:00,12.0600004196167,12.100000381469727,12.0600004196167,12.100000381469727,91409,0.0,0.0,0.0
2025-05-05 02:15:00+00:00,12.109999656677246,12.119999885559082,12.100000381469727,12.109999656677246,43734,0.0,0.0,0.0
2025-05-05 02:20:00+00:00,12.09000015258789,12.100000381469727,12.09000015258789,12.100000381469727,23238,0.0,0.0,0.0
2025-05-05 02:25:00+00:00,12.100000381469727,12.109999656677246,12.100000381469727,12.109999656677246,13140,0.0,0.0,0.0
2025-05-05 02:30:00+00:00,12.109999656677246,12.130000114440918,12.079999923706055,12.100000381469727,566275,0.0,0.0,0.0
2025-05-05 02:35:00+00:00,12.079999923706055,12.100000381469727,12.079999923706055,12.079999923706055,25507,0.0,0.0,0.0
2025-05-05 02:40:00+00:00,12.100000381469727,12.100000381469727,12.069999694824219,12.069999694824219,38890,0.0,0.0,0.0
2025-05-05 02:45:00+00:00,12.079999923706055,12.09000015258789,12.069999694824219,12.09000015258789,106152,0.0,0.0,0.0
2025-05-05 02:50:00+00:00,12.09000015258789,12.109999656677246,12.09000015258789,12.109999656677246,18187,0.0,0.0,0.0
2025-05-05 02:55:00+00:00,12.119999885559082,12.119999885559082,12.119999885559082,12.119999885559082,3100,0.0,0.0,0.0
2025-05-05 03:00:00+00:00,12.130000114440918,12.140000343322754,12.130000114440918,12.140000343322754,12678,0.0,0.0,0.0
2025-05-05 03:05:00+00:00,12.140000343322754,12.140000343322754,12.100000381469727,12.100000381469727,78909,0.0,0.0,0.0
2025-05-05 03:10:00+00:00,12.100000381469727,12.140000343322754,12.100000381469727,12.130000114440918,17427,0.0,0.0,0.0
2025-05-05 03:15:00+00:00,12.119999885559082,12.130000114440918,12.100000381469727,12.109999656677246,9294,0.0,0.0,0.0
2025-05-05 03:20:00+00:00,12.130000114440918,12.1899995803833,12.130000114440918,12.170000076293945,37352,0.0,0.0,0.0
2025-05-05 03:25:00+00:00,12.170000076293945,12.170000076293945,12.15999984741211,12.170000076293945,3057,0.0,0.0,0.0
2025-05-05 03:30:00+00:00,12.170000076293945,12.199999809265137,12.149999618530273,12.199999809265137,33438,0.0,0.0,0.0
2025-05-05 03:35:00+00:00,12.199999809265137,12.199999809265137,12.180000305175781,12.1899995803833,39177,0.0,0.0,0.0
2025-05-05 03:40:00+00:00,12.1899995803833,12.199999809265137,12.180000305175781,12.1899995803833,4219,0.0,0.0,0.0
2025-05-05 03:45:00+00:00,12.1899995803833,12.1899995803833,12.1899995803833,12.1899995803833,120501,0.0,0.0,0.0
2025-05-05 03:50:00+00:00,12.199999809265137,12.199999809265137,12.1899995803833,12.1899995803833,4207,0.0,0.0,0.0
2025-05-05 03:55:00+00:00,12.199999809265137,12.199999809265137,12.199999809265137,12.199999809265137,5064,0.0,0.0,0.0
2025-05-05 04:00:00+00:00,12.210000038146973,12.210000038146973,12.210000038146973,12.210000038146973,20672,0.0,0.0,0.0
2025-05-05 04:05:00+00:00,12.199999809265137,12.210000038146973,12.1899995803833,12.210000038146973,62128,0.0,0.0,0.0
2025-05-05 04:10:00+00:00,12.199999809265137,12.210000038146973,12.199999809265137,12.210000038146973,10094,0.0,0.0,0.0
2025-05-05 04:15:00+00:00,12.210000038146973,12.210000038146973,12.210000038146973,12.210000038146973,39571,0.0,0.0,0.0
2025-05-05 04:20:00+00:00,12.210000038146973,12.220000267028809,12.210000038146973,12.220000267028809,35200,0.0,0.0,0.0
2025-05-05 04:25:00+00:00,12.220000267028809,12.220000267028809,12.210000038146973,12.220000267028809,4604,0.0,0.0,0.0
2025-05-05 04:30:00+00:00,12.220000267028809,12.220000267028809,12.199999809265137,12.210000038146973,12895,0.0,0.0,0.0
2025-05-05 04:35:00+00:00,12.220000267028809,12.220000267028809,12.220000267028809,12.220000267028809,5120,0.0,0.0,0.0
2025-05-05 04:40:00+00:00,12.210000038146973,12.220000267028809,12.210000038146973,12.220000267028809,27473,0.0,0.0,0.0
2025-05-05 04:45:00+00:00,12.220000267028809,12.220000267028809,12.220000267028809,12.220000267028809,7270,0.0,0.0,0.0
2025-05-05 04:50:00+00:00,12.220000267028809,12.220000267028809,12.199999809265137,12.199999809265137,44867,0.0,0.0,0.0
2025-05-05 04:55:00+00:00,12.1899995803833,12.1899995803833,12.170000076293945,12.170000076293945,17299,0.0,0.0,0.0
2025-05-05 05:00:00+00:00,12.199999809265137,12.199999809265137,12.180000305175781,12.180000305175781,20292,0.0,0.0,0.0
2025-05-05 05:05:00+00:00,12.199999809265137,12.199999809265137,12.180000305175781,12.180000305175781,12311,0.0,0.0,0.0
2025-05-05 05:10:00+00:00,12.180000305175781,12.1899995803833,12.170000076293945,12.180000305175781,30918,0.0,0.0,0.0
2025-05-05 05:15:00+00:00,12.1899995803833,12.1899995803833,12.170000076293945,12.170000076293945,25959,0.0,0.0,0.0
2025-05-05 05:20:00+00:00,12.180000305175781,12.180000305175781,12.170000076293945,12.170000076293945,53706,0.0,0.0,0.0
2025-05-06 01:00:00+00:00,12.119999885559082,12.119999885559082,12.0600004196167,12.09000015258789,0,0.0,0.0,0.0
2025-05-06 01:05:00+00:00,12.09000015258789,12.100000381469727,12.09000015258789,12.09000015258789,103815,0.0,0.0,0.0
2025-05-06 01:10:00+00:00,12.109999656677246,12.119999885559082,12.100000381469727,12.119999885559082,77954,0.0,0.0,0.0
2025-05-06 01:15:00+00:00,12.140000343322754,12.140000343322754,12.119999885559082,12.140000343322754,33235,0.0,0.0,0.0
2025-05-06 01:20:00+00:00,12.140000343322754,12.1899995803833,12.140000343322754,12.1899995803833,52473,0.0,0.0,0.0
2025-05-06 01:25:00+00:00,12.1899995803833,12.1899995803833,12.180000305175781,12.180000305175781,11273,0.0,0.0,0.0
2025-05-06 01:30:00+00:00,12.1899995803833,12.199999809265137,12.1899995803833,12.1899995803833,141603,0.0,0.0,0.0
2025-05-06 01:35:00+00:00,12.180000305175781,12.1899995803833,12.180000305175781,12.1899995803833,6252,0.0,0.0,0.0
2025-05-06 01:40:00+00:00,12.180000305175781,12.180000305175781,12.170000076293945,12.170000076293945,8696,0.0,0.0,0.0
2025-05-06 01:45:00+00:00,12.170000076293945,12.180000305175781,12.149999618530273,12.15999984741211,164173,0.0,0.0,0.0
2025-05-06 01:50:00+00:00,12.15999984741211,12.15999984741211,12.15999984741211,12.15999984741211,6128,0.0,0.0,0.0
2025-05-06 01:55:00+00:00,12.15999984741211,12.180000305175781,12.149999618530273,12.170000076293945,31168,0.0,0.0,0.0
2025-05-06 02:00:00+00:00,12.180000305175781,12.180000305175781,12.180000305175781,12.180000305175781,13232,0.0,0.0,0.0
2025-05-06 02:05:00+00:00,12.180000305175781,12.180000305175781,12.180000305175781,12.180000305175781,25016,0.0,0.0,0.0
2025-05-06 02:10:00+00:00,12.1899995803833,12.210000038146973,12.180000305175781,12.210000038146973,186058,0.0,0.0,0.0
2025-05-06 02:15:00+00:00,12.210000038146973,12.210000038146973,12.1899995803833,12.199999809265137,25416,0.0,0.0,0.0
2025-05-06 02:20:00+00:00,12.199999809265137,12.199999809265137,12.199999809265137,12.199999809265137,3394,0.0,0.0,0.0
2025-05-06 02:25:00+00:00,12.199999809265137,12.199999809265137,12.199999809265137,12.199999809265137,7151,0.0,0.0,0.0
2025-05-06 02:30:00+00:00,12.199999809265137,12.199999809265137,12.199999809265137,12.199999809265137,10044,0.0,0.0,0.0
2025-05-06 02:35:00+00:00,12.199999809265137,12.199999809265137,12.1899995803833,12.199999809265137,52575,0.0,0.0,0.0
2025-05-06 02:40:00+00:00,12.210000038146973,12.220000267028809,12.210000038146973,12.220000267028809,57783,0.0,0.0,0.0
2025-05-06 02:45:00+00:00,12.220000267028809,12.220000267028809,12.199999809265137,12.199999809265137,17171,0.0,0.0,0.0
2025-05-06 02:50:00+00:00,12.210000038146973,12.220000267028809,12.210000038146973,12.220000267028809,10043,0.0,0.0,0.0
2025-05-06 02:55:00+00:00,12.220000267028809,12.220000267028809,12.220000267028809,12.220000267028809,5440,0.0,0.0,0.0
2025-05-06 03:00:00+00:00,12.210000038146973,12.220000267028809,12.199999809265137,12.199999809265137,25067,0.0,0.0,0.0
2025-05-06 03:05:00+00:00,12.210000038146973,12.210000038146973,12.199999809265137,12.199999809265137,5311,0.0,0.0,0.0
2025-05-06 03:10:00+00:00,12.199999809265137,12.199999809265137,12.199999809265137,12.199999809265137,15669,0.0,0.0,0.0
2025-05-06 03:15:00+00:00,12.199999809265137,12.199999809265137,12.1899995803833,12.199999809265137,57058,0.0,0.0,0.0
2025-05-06 03:20:00+00:00,12.210000038146973,12.220000267028809,12.210000038146973,12.220000267028809,2144,0.0,0.0,0.0
2025-05-06 03:25:00+00:00,12.210000038146973,12.220000267028809,12.210000038146973,12.210000038146973,23036,0.0,0.0,0.0
2025-05-06 03:30:00+00:00,12.220000267028809,12.220000267028809,12.220000267028809,12.220000267028809,95036,0.0,0.0,0.0
2025-05-06 03:35:00+00:00,12.220000267028809,12.229999542236328,12.220000267028809,12.229999542236328,52383,0.0,0.0,0.0
2025-05-06 03:40:00+00:00,12.229999542236328,12.229999542236328,12.229999542236328,12.229999542236328,1384,0.0,0.0,0.0
2025-05-06 03:45:00+00:00,12.220000267028809,12.229999542236328,12.210000038146973,12.210000038146973,23084,0.0,0.0,0.0
2025-05-06 03:50:00+00:00,12.229999542236328,12.229999542236328,12.210000038146973,12.210000038146973,8103,0.0,0.0,0.0
2025-05-06 03:55:00+00:00,12.220000267028809,12.220000267028809,12.199999809265137,12.199999809265137,18360,0.0,0.0,0.0
2025-05-06 04:00:00+00:00,12.210000038146973,12.220000267028809,12.210000038146973,12.220000267028809,14262,0.0,0.0,0.0
2025-05-06 04:05:00+00:00,12.210000038146973,12.210000038146973,12.210000038146973,12.210000038146973,2070,0.0,0.0,0.0
2025-05-06 04:10:00+00:00,12.210000038146973,12.220000267028809,12.210000038146973,12.220000267028809,4106,0.0,0.0,0.0
2025-05-06 04:15:00+00:00,12.199999809265137,12.220000267028809,12.199999809265137,12.220000267028809,8109,0.0,0.0,0.0
2025-05-06 04:20:00+00:00,12.210000038146973,12.210000038146973,12.210000038146973,12.210000038146973,5370,0.0,0.0,0.0
2025-05-06 04:25:00+00:00,12.199999809265137,12.210000038146973,12.199999809265137,12.210000038146973,5070,0.0,0.0,0.0
2025-05-06 04:30:00+00:00,12.210000038146973,12.210000038146973,12.210000038146973,12.210000038146973,2260,0.0,0.0,0.0
2025-05-06 04:35:00+00:00,12.199999809265137,12.210000038146973,12.199999809265137,12.199999809265137,22120,0.0,0.0,0.0
2025-05-06 04:40:00+00:00,12.199999809265137,12.220000267028809,12.199999809265137,12.220000267028809,5199,0.0,0.0,0.0
2025-05-06 04:45:00+00:00,12.210000038146973,12.210000038146973,12.199999809265137,12.199999809265137,12410,0.0,0.0,0.0
2025-05-06 04:50:00+00:00,12.199999809265137,12.199999809265137,12.1899995803833,12.1899995803833,11100,0.0,0.0,0.0
2025-05-06 04:55:00+00:00,12.1899995803833,12.1899995803833,12.1899995803833,12.1899995803833,2580,0.0,0.0,0.0
2025-05-06 05:00:00+00:00,12.180000305175781,12.180000305175781,12.180000305175781,12.180000305175781,9300,0.0,0.0,0.0
2025-05-06 05:05:00+00:00,12.1899995803833,12.1899995803833,12.180000305175781,12.1899995803833,6501,0.0,0.0,0.0
2025-05-06 05:10:00+00:00,12.180000305175781,12.180000305175781,12.170000076293945,12.170000076293945,130160,0.0,0.0,0.0
2025-05-06 05:15:00+00:00,12.180000305175781,12.180000305175781,12.170000076293945,12.170000076293945,6845,0.0,0.0,0.0
2025-05-06 05:20:00+00:00,12.170000076293945,12.170000076293945,12.15999984741211,12.15999984741211,152861,0.0,0.0,0.0
2025-05-07 01:00:00+00:00,12.210000038146973,12.319999694824219,12.210000038146973,12.319999694824219,0,0.0,0.0,0.0
2025-05-07 01:05:00+00:00,12.319999694824219,12.319999694824219,12.270000457763672,12.270000457763672,22000,0.0,0.0,0.0
2025-05-07 01:10:00+00:00,12.279999732971191,12.279999732971191,12.260000228881836,12.260000228881836,62647,0.0,0.0,0.0
2025-05-07 01:15:00+00:00,12.260000228881836,12.260000228881836,12.220000267028809,12.220000267028809,522117,0.0,0.0,0.0
2025-05-07 01:20:00+00:00,12.210000038146973,12.210000038146973,12.210000038146973,12.210000038146973,14482,0.0,0.0,0.0
2025-05-07 01:25:00+00:00,12.229999542236328,12.229999542236328,12.220000267028809,12.220000267028809,26019,0.0,0.0,0.0
2025-05-07 01:30:00+00:00,12.210000038146973,12.210000038146973,12.15999984741211,12.170000076293945,35272,0.0,0.0,0.0
2025-05-07 01:35:00+00:00,12.149999618530273,12.149999618530273,12.130000114440918,12.130000114440918,23962,0.0,0.0,0.0
2025-05-07 01:40:00+00:00,12.130000114440918,12.140000343322754,12.130000114440918,12.140000343322754,17625,0.0,0.0,0.0
2025-05-07 01:45:00+00:00,12.140000343322754,12.140000343322754,12.140000343322754,12.140000343322754,20038,0.0,0.0,0.0
2025-05-07 01:50:00+00:00,12.140000343322754,12.180000305175781,12.140000343322754,12.180000305175781,34319,0.0,0.0,0.0
2025-05-07 01:55:00+00:00,12.180000305175781,12.180000305175781,12.170000076293945,12.180000305175781,10066,0.0,0.0,0.0
2025-05-07 02:00:00+00:00,12.170000076293945,12.170000076293945,12.149999618530273,12.149999618530273,18056,0.0,0.0,0.0
2025-05-07 02:05:00+00:00,12.149999618530273,12.170000076293945,12.149999618530273,12.170000076293945,19245,0.0,0.0,0.0
2025-05-07 02:10:00+00:00,12.180000305175781,12.180000305175781,12.15999984741211,12.15999984741211,8049,0.0,0.0,0.0
2025-05-07 02:15:00+00:00,12.170000076293945,12.180000305175781,12.170000076293945,12.180000305175781,2049,0.0,0.0,0.0
2025-05-07 02:20:00+00:00,12.170000076293945,12.170000076293945,12.170000076293945,12.170000076293945,2056,0.0,0.0,0.0
2025-05-07 02:25:00+00:00,12.15999984741211,12.170000076293945,12.15999984741211,12.170000076293945,40343,0.0,0.0,0.0
2025-05-07 02:30:00+00:00,12.170000076293945,12.170000076293945,12.170000076293945,12.170000076293945,9062,0.0,0.0,0.0
2025-05-07 02:35:00+00:00,12.170000076293945,12.180000305175781,12.170000076293945,12.180000305175781,184850,0.0,0.0,0.0
2025-05-07 02:40:00+00:00,12.170000076293945,12.170000076293945,12.15999984741211,12.15999984741211,61127,0.0,0.0,0.0
2025-05-07 02:45:00+00:00,12.15999984741211,12.15999984741211,12.15999984741211,12.15999984741211,52735,0.0,0.0,0.0
2025-05-07 02:50:00+00:00,12.149999618530273,12.15999984741211,12.140000343322754,12.15999984741211,146090,0.0,0.0,0.0
2025-05-07 02:55:00+00:00,12.149999618530273,12.149999618530273,12.140000343322754,12.140000343322754,236518,0.0,0.0,0.0
2025-05-07 03:00:00+00:00,12.140000343322754,12.15999984741211,12.140000343322754,12.15999984741211,13048,0.0,0.0,0.0
2025-05-07 03:05:00+00:00,12.15999984741211,12.15999984741211,12.15999984741211,12.15999984741211,1210,0.0,0.0,0.0
2025-05-07 03:10:00+00:00,12.15999984741211,12.15999984741211,12.15999984741211,12.15999984741211,6213,0.0,0.0,0.0
2025-05-07 03:20:00+00:00,12.15999984741211,12.170000076293945,12.15999984741211,12.15999984741211,10446,0.0,0.0,0.0
2025-05-07 03:25:00+00:00,12.15999984741211,12.170000076293945,12.15999984741211,12.170000076293945,6025,0.0,0.0,0.0
2025-05-07 03:30:00+00:00,12.170000076293945,12.170000076293945,12.15999984741211,12.15999984741211,6134,0.0,0.0,0.0
2025-05-07 03:35:00+00:00,12.15999984741211,12.15999984741211,12.15999984741211,12.15999984741211,2001,0.0,0.0,0.0
2025-05-07 03:40:00+00:00,12.15999984741211,12.15999984741211,12.15999984741211,12.15999984741211,5284,0.0,0.0,0.0
2025-05-07 03:45:00+00:00,12.15999984741211,12.170000076293945,12.15999984741211,12.170000076293945,12110,0.0,0.0,0.0
2025-05-07 03:50:00+00:00,12.170000076293945,12.180000305175781,12.170000076293945,12.180000305175781,28626,0.0,0.0,0.0
2025-05-07 04:00:00+00:00,12.15999984741211,12.15999984741211,12.15999984741211,12.15999984741211,1347,0.0,0.0,0.0
2025-05-07 04:05:00+00:00,12.15999984741211,12.15999984741211,12.15999984741211,12.15999984741211,2047,0.0,0.0,0.0
2025-05-07 04:10:00+00:00,12.180000305175781,12.180000305175781,12.180000305175781,12.180000305175781,32546,0.0,0.0,0.0
2025-05-07 04:15:00+00:00,12.180000305175781,12.1899995803833,12.180000305175781,12.1899995803833,22210,0.0,0.0,0.0
2025-05-07 04:25:00+00:00,12.180000305175781,12.180000305175781,12.180000305175781,12.180000305175781,2116,0.0,0.0,0.0
2025-05-07 04:30:00+00:00,12.180000305175781,12.180000305175781,12.170000076293945,12.170000076293945,29081,0.0,0.0,0.0
2025-05-07 04:35:00+00:00,12.15999984741211,12.15999984741211,12.15999984741211,12.15999984741211,5134,0.0,0.0,0.0
2025-05-07 04:40:00+00:00,12.149999618530273,12.15999984741211,12.140000343322754,12.140000343322754,218221,0.0,0.0,0.0
2025-05-07 04:45:00+00:00,12.149999618530273,12.149999618530273,12.140000343322754,12.149999618530273,14285,0.0,0.0,0.0
2025-05-07 04:50:00+00:00,12.149999618530273,12.149999618530273,12.149999618530273,12.149999618530273,1062,0.0,0.0,0.0
2025-05-07 04:55:00+00:00,12.149999618530273,12.15999984741211,12.149999618530273,12.15999984741211,5184,0.0,0.0,0.0
2025-05-07 05:00:00+00:00,12.149999618530273,12.149999618530273,12.149999618530273,12.149999618530273,9277,0.0,0.0,0.0
2025-05-07 05:05:00+00:00,12.149999618530273,12.149999618530273,12.149999618530273,12.149999618530273,5281,0.0,0.0,0.0
2025-05-07 05:10:00+00:00,12.140000343322754,12.149999618530273,12.140000343322754,12.149999618530273,15039,0.0,0.0,0.0
2025-05-07 05:15:00+00:00,12.15999984741211,12.15999984741211,12.15999984741211,12.15999984741211,6474,0.0,0.0,0.0
2025-05-07 05:20:00+00:00,12.170000076293945,12.170000076293945,12.15999984741211,12.15999984741211,18061,0.0,0.0,0.0
2025-05-08 01:00:00+00:00,12.220000267028809,12.270000457763672,12.220000267028809,12.260000228881836,0,0.0,0.0,0.0
2025-05-08 01:05:00+00:00,12.260000228881836,12.270000457763672,12.25,12.270000457763672,84000,0.0,0.0,0.0
2025-05-08 01:10:00+00:00,12.260000228881836,12.300000190734863,12.260000228881836,12.300000190734863,47367,0.0,0.0,0.0
2025-05-08 01:15:00+00:00,12.300000190734863,12.300000190734863,12.270000457763672,12.279999732971191,42139,0.0,0.0,0.0
2025-05-08 01:20:00+00:00,12.270000457763672,12.279999732971191,12.270000457763672,12.279999732971191,681035,0.0,0.0,0.0
2025-05-08 02:25:00+00:00,12.260000228881836,12.260000228881836,12.260000228881836,12.260000228881836,0,0.0,0.0,0.0
2025-05-08 02:35:00+00:00,12.260000228881836,12.260000228881836,12.25,12.260000228881836,22236,0.0,0.0,0.0
2025-05-08 02:40:00+00:00,12.260000228881836,12.270000457763672,12.260000228881836,12.270000457763672,44474,0.0,0.0,0.0
2025-05-08 02:45:00+00:00,12.270000457763672,12.270000457763672,12.260000228881836,12.260000228881836,5053,0.0,0.0,0.0
2025-05-08 02:50:00+00:00,12.270000457763672,12.270000457763672,12.270000457763672,12.270000457763672,26290,0.0,0.0,0.0
2025-05-08 02:55:00+00:00,12.279999732971191,12.279999732971191,12.279999732971191,12.279999732971191,52124,0.0,0.0,0.0
2025-05-08 03:00:00+00:00,12.279999732971191,12.300000190734863,12.279999732971191,12.300000190734863,126782,0.0,0.0,0.0
2025-05-08 03:05:00+00:00,12.3100004196167,12.3100004196167,12.3100004196167,12.3100004196167,1059,0.0,0.0,0.0
2025-05-08 03:10:00+00:00,12.3100004196167,12.3100004196167,12.3100004196167,12.3100004196167,27802,0.0,0.0,0.0
2025-05-08 03:15:00+00:00,12.3100004196167,12.319999694824219,12.3100004196167,12.319999694824219,25265,0.0,0.0,0.0
2025-05-08 03:20:00+00:00,12.329999923706055,12.329999923706055,12.319999694824219,12.319999694824219,17162,0.0,0.0,0.0
2025-05-08 03:25:00+00:00,12.319999694824219,12.329999923706055,12.319999694824219,12.329999923706055,6068,0.0,0.0,0.0
2025-05-08 03:30:00+00:00,12.319999694824219,12.319999694824219,12.319999694824219,12.319999694824219,15229,0.0,0.0,0.0
2025-05-08 03:35:00+00:00,12.319999694824219,12.319999694824219,12.3100004196167,12.3100004196167,7144,0.0,0.0,0.0
2025-05-08 03:45:00+00:00,12.289999961853027,12.300000190734863,12.289999961853027,12.300000190734863,10047,0.0,0.0,0.0
2025-05-08 03:50:00+00:00,12.300000190734863,12.3100004196167,12.300000190734863,12.3100004196167,31054,0.0,0.0,0.0
2025-05-08 03:55:00+00:00,12.319999694824219,12.319999694824219,12.319999694824219,12.319999694824219,1128,0.0,0.0,0.0
2025-05-08 04:00:00+00:00,12.319999694824219,12.319999694824219,12.3100004196167,12.319999694824219,12046,0.0,0.0,0.0
2025-05-08 04:05:00+00:00,12.3100004196167,12.3100004196167,12.300000190734863,12.300000190734863,7041,0.0,0.0,0.0
2025-05-08 04:10:00+00:00,12.300000190734863,12.319999694824219,12.300000190734863,12.319999694824219,70087,0.0,0.0,0.0
2025-05-08 04:15:00+00:00,12.319999694824219,12.329999923706055,12.319999694824219,12.329999923706055,36050,0.0,0.0,0.0
2025-05-08 04:20:00+00:00,12.329999923706055,12.329999923706055,12.329999923706055,12.329999923706055,6769,0.0,0.0,0.0
2025-05-08 04:25:00+00:00,12.319999694824219,12.329999923706055,12.319999694824219,12.319999694824219,16188,0.0,0.0,0.0
2025-05-08 04:30:00+00:00,12.329999923706055,12.34000015258789,12.329999923706055,12.329999923706055,41284,0.0,0.0,0.0
2025-05-08 04:35:00+00:00,12.329999923706055,12.34000015258789,12.329999923706055,12.329999923706055,3324,0.0,0.0,0.0
2025-05-08 04:40:00+00:00,12.329999923706055,12.329999923706055,12.329999923706055,12.329999923706055,29149,0.0,0.0,0.0
2025-05-08 04:45:00+00:00,12.34000015258789,12.350000381469727,12.34000015258789,12.350000381469727,52410,0.0,0.0,0.0
2025-05-08 04:50:00+00:00,12.34000015258789,12.34000015258789,12.34000015258789,12.34000015258789,6671,0.0,0.0,0.0
2025-05-08 05:00:00+00:00,12.350000381469727,12.350000381469727,12.350000381469727,12.350000381469727,80411,0.0,0.0,0.0
2025-05-08 05:05:00+00:00,12.350000381469727,12.350000381469727,12.350000381469727,12.350000381469727,3010,0.0,0.0,0.0
2025-05-08 05:10:00+00:00,12.34000015258789,12.34000015258789,12.329999923706055,12.329999923706055,18517,0.0,0.0,0.0
2025-05-08 05:15:00+00:00,12.329999923706055,12.34000015258789,12.319999694824219,12.329999923706055,48836,0.0,0.0,0.0
2025-05-08 05:20:00+00:00,12.329999923706055,12.329999923706055,12.319999694824219,12.319999694824219,31501,0.0,0.0,0.0
2025-05-09 01:00:00+00:00,12.34000015258789,12.399999618530273,12.34000015258789,12.390000343322754,0,0.0,0.0,0.0
2025-05-09 01:05:00+00:00,12.390000343322754,12.390000343322754,12.390000343322754,12.390000343322754,55630,0.0,0.0,0.0
2025-05-09 01:10:00+00:00,12.380000114440918,12.380000114440918,12.369999885559082,12.369999885559082,55129,0.0,0.0,0.0
2025-05-09 01:15:00+00:00,12.369999885559082,12.40999984741211,12.369999885559082,12.399999618530273,67677,0.0,0.0,0.0
2025-05-09 01:20:00+00:00,12.399999618530273,12.399999618530273,12.399999618530273,12.399999618530273,15426,0.0,0.0,0.0
2025-05-09 01:25:00+00:00,12.399999618530273,12.399999618530273,12.380000114440918,12.380000114440918,23028,0.0,0.0,0.0
2025-05-09 01:30:00+00:00,12.380000114440918,12.380000114440918,12.359999656677246,12.359999656677246,33346,0.0,0.0,0.0
2025-05-09 01:35:00+00:00,12.359999656677246,12.359999656677246,12.350000381469727,12.350000381469727,6467,0.0,0.0,0.0
2025-05-09 01:40:00+00:00,12.350000381469727,12.350000381469727,12.350000381469727,12.350000381469727,15849,0.0,0.0,0.0
2025-05-09 01:45:00+00:00,12.350000381469727,12.369999885559082,12.350000381469727,12.359999656677246,31742,0.0,0.0,0.0
2025-05-09 01:50:00+00:00,12.369999885559082,12.369999885559082,12.369999885559082,12.369999885559082,5091,0.0,0.0,0.0
2025-05-09 01:55:00+00:00,12.369999885559082,12.369999885559082,12.369999885559082,12.369999885559082,16227,0.0,0.0,0.0
2025-05-09 02:00:00+00:00,12.380000114440918,12.380000114440918,12.369999885559082,12.369999885559082,29301,0.0,0.0,0.0
2025-05-09 02:05:00+00:00,12.359999656677246,12.390000343322754,12.359999656677246,12.390000343322754,13292,0.0,0.0,0.0
2025-05-09 02:10:00+00:00,12.390000343322754,12.390000343322754,12.380000114440918,12.380000114440918,11050,0.0,0.0,0.0
2025-05-09 02:15:00+00:00,12.380000114440918,12.380000114440918,12.380000114440918,12.380000114440918,4661,0.0,0.0,0.0
2025-05-09 02:20:00+00:00,12.380000114440918,12.380000114440918,12.380000114440918,12.380000114440918,8049,0.0,0.0,0.0
2025-05-09 02:25:00+00:00,12.380000114440918,12.390000343322754,12.380000114440918,12.390000343322754,17050,0.0,0.0,0.0
2025-05-09 02:30:00+00:00,12.390000343322754,12.399999618530273,12.390000343322754,12.399999618530273,83970,0.0,0.0,0.0
2025-05-09 02:35:00+00:00,12.399999618530273,12.399999618530273,12.399999618530273,12.399999618530273,142103,0.0,0.0,0.0
2025-05-09 02:40:00+00:00,12.399999618530273,12.40999984741211,12.399999618530273,12.40999984741211,47218,0.0,0.0,0.0
2025-05-09 02:45:00+00:00,12.40999984741211,12.420000076293945,12.40999984741211,12.420000076293945,44883,0.0,0.0,0.0
2025-05-09 02:50:00+00:00,12.420000076293945,12.420000076293945,12.40999984741211,12.40999984741211,9050,0.0,0.0,0.0
2025-05-09 02:55:00+00:00,12.40999984741211,12.420000076293945,12.40999984741211,12.420000076293945,12162,0.0,0.0,0.0
2025-05-09 03:00:00+00:00,12.399999618530273,12.399999618530273,12.399999618530273,12.399999618530273,10753,0.0,0.0,0.0
2025-05-09 03:05:00+00:00,12.40999984741211,12.420000076293945,12.40999984741211,12.420000076293945,33154,0.0,0.0,0.0
2025-05-09 03:10:00+00:00,12.420000076293945,12.430000305175781,12.420000076293945,12.430000305175781,45680,0.0,0.0,0.0
2025-05-09 03:15:00+00:00,12.4399995803833,12.4399995803833,12.430000305175781,12.430000305175781,13111,0.0,0.0,0.0
2025-05-09 03:20:00+00:00,12.4399995803833,12.4399995803833,12.420000076293945,12.420000076293945,32051,0.0,0.0,0.0
2025-05-09 03:25:00+00:00,12.420000076293945,12.420000076293945,12.420000076293945,12.420000076293945,32045,0.0,0.0,0.0
2025-05-09 03:30:00+00:00,12.430000305175781,12.449999809265137,12.430000305175781,12.449999809265137,80440,0.0,0.0,0.0
2025-05-09 03:35:00+00:00,12.4399995803833,12.4399995803833,12.4399995803833,12.4399995803833,14816,0.0,0.0,0.0
2025-05-09 03:40:00+00:00,12.4399995803833,12.4399995803833,12.4399995803833,12.4399995803833,2011,0.0,0.0,0.0
2025-05-09 03:45:00+00:00,12.4399995803833,12.4399995803833,12.430000305175781,12.430000305175781,3222,0.0,0.0,0.0
2025-05-09 03:50:00+00:00,12.430000305175781,12.430000305175781,12.430000305175781,12.430000305175781,4016,0.0,0.0,0.0
2025-05-09 03:55:00+00:00,12.4399995803833,12.4399995803833,12.4399995803833,12.4399995803833,40029,0.0,0.0,0.0
2025-05-09 04:00:00+00:00,12.4399995803833,12.449999809265137,12.4399995803833,12.449999809265137,42187,0.0,0.0,0.0
2025-05-09 04:05:00+00:00,12.449999809265137,12.449999809265137,12.4399995803833,12.449999809265137,10070,0.0,0.0,0.0
2025-05-09 04:10:00+00:00,12.449999809265137,12.449999809265137,12.4399995803833,12.4399995803833,37361,0.0,0.0,0.0
2025-05-09 04:15:00+00:00,12.4399995803833,12.4399995803833,12.430000305175781,12.430000305175781,26315,0.0,0.0,0.0
2025-05-09 04:20:00+00:00,12.430000305175781,12.4399995803833,12.420000076293945,12.420000076293945,20060,0.0,0.0,0.0
2025-05-09 04:25:00+00:00,12.430000305175781,12.4399995803833,12.430000305175781,12.4399995803833,29268,0.0,0.0,0.0
2025-05-09 04:30:00+00:00,12.449999809265137,12.449999809265137,12.4399995803833,12.4399995803833,3742,0.0,0.0,0.0
2025-05-09 04:35:00+00:00,12.4399995803833,12.449999809265137,12.4399995803833,12.449999809265137,19644,0.0,0.0,0.0
2025-05-09 04:40:00+00:00,12.449999809265137,12.449999809265137,12.449999809265137,12.449999809265137,10282,0.0,0.0,0.0
2025-05-09 04:45:00+00:00,12.449999809265137,12.449999809265137,12.449999809265137,12.449999809265137,27100,0.0,0.0,0.0
2025-05-09 04:50:00+00:00,12.449999809265137,12.449999809265137,12.4399995803833,12.4399995803833,5073,0.0,0.0,0.0
2025-05-09 04:55:00+00:00,12.4399995803833,12.4399995803833,12.4399995803833,12.4399995803833,7280,0.0,0.0,0.0
2025-05-09 05:00:00+00:00,12.4399995803833,12.449999809265137,12.4399995803833,12.4399995803833,33060,0.0,0.0,0.0
2025-05-09 05:05:00+00:00,12.430000305175781,12.4399995803833,12.430000305175781,12.4399995803833,4552,0.0,0.0,0.0
2025-05-09 05:10:00+00:00,12.4399995803833,12.449999809265137,12.4399995803833,12.4399995803833,23562,0.0,0.0,0.0
2025-05-09 05:15:00+00:00,12.4399995803833,12.449999809265137,12.4399995803833,12.449999809265137,115190,0.0,0.0,0.0
2025-05-09 05:20:00+00:00,12.449999809265137,12.449999809265137,12.4399995803833,12.449999809265137,59911,0.0,0.0,0.0
2025-05-12 01:00:00+00:00,12.529999732971191,12.579999923706055,12.529999732971191,12.579999923706055,0,0.0,0.0,0.0
2025-05-12 01:05:00+00:00,12.59000015258789,12.600000381469727,12.579999923706055,12.600000381469727,233000,0.0,0.0,0.0
2025-05-12 01:10:00+00:00,12.600000381469727,12.609999656677246,12.600000381469727,12.609999656677246,66084,0.0,0.0,0.0
2025-05-12 01:15:00+00:00,12.609999656677246,12.609999656677246,12.600000381469727,12.600000381469727,10397,0.0,0.0,0.0
2025-05-12 01:20:00+00:00,12.600000381469727,12.600000381469727,12.59000015258789,12.600000381469727,86079,0.0,0.0,0.0
2025-05-12 01:25:00+00:00,12.600000381469727,12.600000381469727,12.59000015258789,12.59000015258789,64611,0.0,0.0,0.0
2025-05-12 01:30:00+00:00,12.600000381469727,12.600000381469727,12.59000015258789,12.59000015258789,140694,0.0,0.0,0.0
2025-05-12 01:35:00+00:00,12.59000015258789,12.59000015258789,12.579999923706055,12.59000015258789,99597,0.0,0.0,0.0
2025-05-12 01:40:00+00:00,12.59000015258789,12.59000015258789,12.5600004196167,12.5600004196167,50765,0.0,0.0,0.0
2025-05-12 01:45:00+00:00,12.5600004196167,12.579999923706055,12.5600004196167,12.569999694824219,19043,0.0,0.0,0.0
2025-05-12 01:50:00+00:00,12.579999923706055,12.579999923706055,12.5600004196167,12.5600004196167,36773,0.0,0.0,0.0
2025-05-12 01:55:00+00:00,12.569999694824219,12.569999694824219,12.569999694824219,12.569999694824219,15268,0.0,0.0,0.0
2025-05-12 02:00:00+00:00,12.579999923706055,12.59000015258789,12.579999923706055,12.579999923706055,35851,0.0,0.0,0.0
2025-05-12 02:05:00+00:00,12.579999923706055,12.59000015258789,12.579999923706055,12.579999923706055,19139,0.0,0.0,0.0
2025-05-12 02:10:00+00:00,12.579999923706055,12.59000015258789,12.579999923706055,12.59000015258789,13464,0.0,0.0,0.0
2025-05-12 02:15:00+00:00,12.59000015258789,12.59000015258789,12.579999923706055,12.579999923706055,18538,0.0,0.0,0.0
2025-05-12 02:20:00+00:00,12.579999923706055,12.59000015258789,12.579999923706055,12.59000015258789,53876,0.0,0.0,0.0
2025-05-12 02:25:00+00:00,12.59000015258789,12.600000381469727,12.59000015258789,12.59000015258789,142550,0.0,0.0,0.0
2025-05-12 02:30:00+00:00,12.59000015258789,12.59000015258789,12.579999923706055,12.579999923706055,19250,0.0,0.0,0.0
2025-05-12 02:35:00+00:00,12.579999923706055,12.579999923706055,12.569999694824219,12.569999694824219,46033,0.0,0.0,0.0
2025-05-12 02:40:00+00:00,12.579999923706055,12.579999923706055,12.569999694824219,12.579999923706055,16707,0.0,0.0,0.0
2025-05-12 02:45:00+00:00,12.579999923706055,12.579999923706055,12.579999923706055,12.579999923706055,4693,0.0,0.0,0.0
2025-05-12 02:50:00+00:00,12.579999923706055,12.579999923706055,12.579999923706055,12.579999923706055,10059,0.0,0.0,0.0
2025-05-12 02:55:00+00:00,12.59000015258789,12.59000015258789,12.579999923706055,12.579999923706055,138673,0.0,0.0,0.0
2025-05-12 03:00:00+00:00,12.579999923706055,12.579999923706055,12.5600004196167,12.579999923706055,15062,0.0,0.0,0.0
2025-05-12 03:05:00+00:00,12.579999923706055,12.579999923706055,12.579999923706055,12.579999923706055,4101,0.0,0.0,0.0
2025-05-12 03:10:00+00:00,12.569999694824219,12.569999694824219,12.569999694824219,12.569999694824219,5422,0.0,0.0,0.0
2025-05-12 03:15:00+00:00,12.569999694824219,12.569999694824219,12.5600004196167,12.569999694824219,21140,0.0,0.0,0.0
2025-05-12 03:20:00+00:00,12.569999694824219,12.569999694824219,12.5600004196167,12.5600004196167,11626,0.0,0.0,0.0
2025-05-12 03:25:00+00:00,12.5600004196167,12.5600004196167,12.550000190734863,12.550000190734863,51416,0.0,0.0,0.0
2025-05-12 03:30:00+00:00,12.550000190734863,12.550000190734863,12.539999961853027,12.539999961853027,11439,0.0,0.0,0.0
2025-05-12 03:35:00+00:00,12.539999961853027,12.539999961853027,12.539999961853027,12.539999961853027,14178,0.0,0.0,0.0
2025-05-12 03:40:00+00:00,12.539999961853027,12.539999961853027,12.539999961853027,12.539999961853027,6119,0.0,0.0,0.0
2025-05-12 03:45:00+00:00,12.539999961853027,12.550000190734863,12.529999732971191,12.529999732971191,13318,0.0,0.0,0.0
2025-05-12 03:50:00+00:00,12.529999732971191,12.539999961853027,12.529999732971191,12.539999961853027,9167,0.0,0.0,0.0
2025-05-12 03:55:00+00:00,12.529999732971191,12.539999961853027,12.529999732971191,12.539999961853027,6169,0.0,0.0,0.0
2025-05-12 04:00:00+00:00,12.539999961853027,12.539999961853027,12.539999961853027,12.539999961853027,4458,0.0,0.0,0.0
2025-05-12 04:05:00+00:00,12.539999961853027,12.550000190734863,12.539999961853027,12.550000190734863,13180,0.0,0.0,0.0
2025-05-12 04:10:00+00:00,12.539999961853027,12.539999961853027,12.529999732971191,12.539999961853027,72647,0.0,0.0,0.0
2025-05-12 04:15:00+00:00,12.539999961853027,12.550000190734863,12.539999961853027,12.550000190734863,27063,0.0,0.0,0.0
2025-05-12 04:20:00+00:00,12.550000190734863,12.550000190734863,12.539999961853027,12.550000190734863,6602,0.0,0.0,0.0
2025-05-12 04:25:00+00:00,12.550000190734863,12.550000190734863,12.539999961853027,12.539999961853027,5370,0.0,0.0,0.0
2025-05-12 04:30:00+00:00,12.550000190734863,12.550000190734863,12.550000190734863,12.550000190734863,49970,0.0,0.0,0.0
2025-05-12 04:35:00+00:00,12.550000190734863,12.5600004196167,12.550000190734863,12.5600004196167,2310,0.0,0.0,0.0
2025-05-12 04:40:00+00:00,12.550000190734863,12.550000190734863,12.539999961853027,12.539999961853027,36000,0.0,0.0,0.0
2025-05-12 04:45:00+00:00,12.539999961853027,12.5600004196167,12.539999961853027,12.550000190734863,15010,0.0,0.0,0.0
2025-05-12 04:50:00+00:00,12.550000190734863,12.550000190734863,12.539999961853027,12.539999961853027,6290,0.0,0.0,0.0
2025-05-12 04:55:00+00:00,12.550000190734863,12.5600004196167,12.550000190734863,12.550000190734863,7428,0.0,0.0,0.0
2025-05-12 05:00:00+00:00,12.550000190734863,12.550000190734863,12.539999961853027,12.539999961853027,16180,0.0,0.0,0.0
2025-05-12 05:05:00+00:00,12.550000190734863,12.550000190734863,12.539999961853027,12.550000190734863,30242,0.0,0.0,0.0
2025-05-12 05:10:00+00:00,12.550000190734863,12.550000190734863,12.550000190734863,12.550000190734863,3717,0.0,0.0,0.0
2025-05-12 05:15:00+00:00,12.550000190734863,12.550000190734863,12.539999961853027,12.539999961853027,24543,0.0,0.0,0.0
2025-05-12 05:20:00+00:00,12.539999961853027,12.550000190734863,12.539999961853027,12.550000190734863,129943,0.0,0.0,0.0
2025-05-13 01:00:00+00:00,12.770000457763672,12.949999809265137,12.770000457763672,12.899999618530273,0,0.0,0.0,0.0
2025-05-13 01:05:00+00:00,12.890000343322754,12.890000343322754,12.859999656677246,12.859999656677246,104000,0.0,0.0,0.0
2025-05-13 01:10:00+00:00,12.869999885559082,12.869999885559082,12.829999923706055,12.84000015258789,322404,0.0,0.0,0.0
2025-05-13 01:15:00+00:00,12.829999923706055,12.850000381469727,12.829999923706055,12.84000015258789,230795,0.0,0.0,0.0
2025-05-13 01:20:00+00:00,12.84000015258789,12.869999885559082,12.84000015258789,12.869999885559082,256991,0.0,0.0,0.0
2025-05-13 01:25:00+00:00,12.869999885559082,12.869999885559082,12.869999885559082,12.869999885559082,72804,0.0,0.0,0.0
2025-05-13 01:30:00+00:00,12.880000114440918,12.890000343322754,12.859999656677246,12.890000343322754,99783,0.0,0.0,0.0
2025-05-13 01:35:00+00:00,12.890000343322754,12.890000343322754,12.869999885559082,12.869999885559082,87866,0.0,0.0,0.0
2025-05-13 01:40:00+00:00,12.859999656677246,12.859999656677246,12.850000381469727,12.859999656677246,29295,0.0,0.0,0.0
2025-05-13 01:45:00+00:00,12.859999656677246,12.869999885559082,12.859999656677246,12.869999885559082,53193,0.0,0.0,0.0
2025-05-13 01:50:00+00:00,12.869999885559082,12.869999885559082,12.859999656677246,12.859999656677246,15121,0.0,0.0,0.0
2025-05-13 01:55:00+00:00,12.859999656677246,12.859999656677246,12.850000381469727,12.850000381469727,60242,0.0,0.0,0.0
2025-05-13 02:00:00+00:00,12.869999885559082,12.869999885559082,12.869999885559082,12.869999885559082,20445,0.0,0.0,0.0
2025-05-13 02:05:00+00:00,12.859999656677246,12.859999656677246,12.84000015258789,12.850000381469727,34264,0.0,0.0,0.0
2025-05-13 02:10:00+00:00,12.829999923706055,12.829999923706055,12.819999694824219,12.819999694824219,69708,0.0,0.0,0.0
2025-05-13 02:15:00+00:00,12.819999694824219,12.819999694824219,12.800000190734863,12.8100004196167,144531,0.0,0.0,0.0
2025-05-13 02:20:00+00:00,12.8100004196167,12.819999694824219,12.800000190734863,12.800000190734863,114239,0.0,0.0,0.0
2025-05-13 02:25:00+00:00,12.789999961853027,12.800000190734863,12.789999961853027,12.789999961853027,8005,0.0,0.0,0.0
2025-05-13 02:30:00+00:00,12.789999961853027,12.789999961853027,12.770000457763672,12.770000457763672,60573,0.0,0.0,0.0
2025-05-13 02:35:00+00:00,12.770000457763672,12.789999961853027,12.770000457763672,12.789999961853027,69325,0.0,0.0,0.0
2025-05-13 02:40:00+00:00,12.779999732971191,12.789999961853027,12.779999732971191,12.789999961853027,14579,0.0,0.0,0.0
2025-05-13 02:45:00+00:00,12.800000190734863,12.800000190734863,12.770000457763672,12.770000457763672,15660,0.0,0.0,0.0
2025-05-13 02:50:00+00:00,12.779999732971191,12.779999732971191,12.770000457763672,12.779999732971191,12933,0.0,0.0,0.0
2025-05-13 02:55:00+00:00,12.779999732971191,12.779999732971191,12.779999732971191,12.779999732971191,39093,0.0,0.0,0.0
2025-05-13 03:00:00+00:00,12.779999732971191,12.779999732971191,12.770000457763672,12.770000457763672,50112,0.0,0.0,0.0
2025-05-13 03:05:00+00:00,12.779999732971191,12.779999732971191,12.760000228881836,12.760000228881836,8048,0.0,0.0,0.0
2025-05-13 03:10:00+00:00,12.770000457763672,12.770000457763672,12.770000457763672,12.770000457763672,1059,0.0,0.0,0.0
2025-05-13 03:15:00+00:00,12.770000457763672,12.770000457763672,12.760000228881836,12.770000457763672,34056,0.0,0.0,0.0
2025-05-13 03:20:00+00:00,12.770000457763672,12.779999732971191,12.770000457763672,12.779999732971191,15410,0.0,0.0,0.0
2025-05-13 03:25:00+00:00,12.779999732971191,12.789999961853027,12.779999732971191,12.789999961853027,26081,0.0,0.0,0.0
2025-05-13 03:30:00+00:00,12.789999961853027,12.789999961853027,12.789999961853027,12.789999961853027,7039,0.0,0.0,0.0
2025-05-13 03:35:00+00:00,12.779999732971191,12.789999961853027,12.779999732971191,12.789999961853027,25222,0.0,0.0,0.0
2025-05-13 03:40:00+00:00,12.789999961853027,12.789999961853027,12.779999732971191,12.779999732971191,27205,0.0,0.0,0.0
2025-05-13 03:45:00+00:00,12.779999732971191,12.789999961853027,12.779999732971191,12.789999961853027,7794,0.0,0.0,0.0
2025-05-13 03:50:00+00:00,12.779999732971191,12.779999732971191,12.770000457763672,12.770000457763672,23300,0.0,0.0,0.0
2025-05-13 03:55:00+00:00,12.770000457763672,12.779999732971191,12.770000457763672,12.770000457763672,17048,0.0,0.0,0.0
2025-05-13 04:00:00+00:00,12.779999732971191,12.779999732971191,12.779999732971191,12.779999732971191,1215,0.0,0.0,0.0
2025-05-13 04:05:00+00:00,12.779999732971191,12.789999961853027,12.770000457763672,12.779999732971191,7807,0.0,0.0,0.0
2025-05-13 04:10:00+00:00,12.770000457763672,12.779999732971191,12.770000457763672,12.779999732971191,8518,0.0,0.0,0.0
2025-05-13 04:15:00+00:00,12.779999732971191,12.779999732971191,12.770000457763672,12.779999732971191,7327,0.0,0.0,0.0
2025-05-13 04:20:00+00:00,12.779999732971191,12.779999732971191,12.779999732971191,12.779999732971191,75192,0.0,0.0,0.0
2025-05-13 04:25:00+00:00,12.779999732971191,12.779999732971191,12.770000457763672,12.779999732971191,73352,0.0,0.0,0.0
2025-05-13 04:30:00+00:00,12.789999961853027,12.789999961853027,12.770000457763672,12.770000457763672,3626,0.0,0.0,0.0
2025-05-13 04:35:00+00:00,12.779999732971191,12.779999732971191,12.779999732971191,12.779999732971191,24030,0.0,0.0,0.0
2025-05-13 04:40:00+00:00,12.779999732971191,12.779999732971191,12.770000457763672,12.779999732971191,26506,0.0,0.0,0.0
2025-05-13 04:45:00+00:00,12.770000457763672,12.770000457763672,12.770000457763672,12.770000457763672,3325,0.0,0.0,0.0
2025-05-13 04:50:00+00:00,12.770000457763672,12.779999732971191,12.770000457763672,12.779999732971191,27210,0.0,0.0,0.0
2025-05-13 04:55:00+00:00,12.770000457763672,12.770000457763672,12.760000228881836,12.760000228881836,50285,0.0,0.0,0.0
2025-05-13 05:00:00+00:00,12.770000457763672,12.779999732971191,12.770000457763672,12.779999732971191,48010,0.0,0.0,0.0
2025-05-13 05:05:00+00:00,12.779999732971191,12.779999732971191,12.779999732971191,12.779999732971191,16661,0.0,0.0,0.0
2025-05-13 05:10:00+00:00,12.779999732971191,12.789999961853027,12.779999732971191,12.789999961853027,12400,0.0,0.0,0.0
2025-05-13 05:15:00+00:00,12.789999961853027,12.789999961853027,12.779999732971191,12.779999732971191,23336,0.0,0.0,0.0
2025-05-13 05:20:00+00:00,12.789999961853027,12.789999961853027,12.779999732971191,12.789999961853027,12694,0.0,0.0,0.0
2025-05-14 01:00:00+00:00,12.949999809265137,12.979999542236328,12.949999809265137,12.949999809265137,0,0.0,0.0,0.0
2025-05-14 01:05:00+00:00,12.949999809265137,12.949999809265137,12.9399995803833,12.949999809265137,145425,0.0,0.0,0.0
2025-05-14 01:10:00+00:00,12.949999809265137,12.960000038146973,12.949999809265137,12.949999809265137,57399,0.0,0.0,0.0
2025-05-14 01:15:00+00:00,12.949999809265137,12.960000038146973,12.9399995803833,12.949999809265137,197534,0.0,0.0,0.0
2025-05-14 01:20:00+00:00,12.949999809265137,12.960000038146973,12.949999809265137,12.960000038146973,90048,0.0,0.0,0.0
2025-05-14 01:25:00+00:00,12.960000038146973,12.960000038146973,12.9399995803833,12.960000038146973,95295,0.0,0.0,0.0
2025-05-14 01:30:00+00:00,12.960000038146973,12.960000038146973,12.949999809265137,12.949999809265137,16243,0.0,0.0,0.0
2025-05-14 01:35:00+00:00,12.949999809265137,12.970000267028809,12.949999809265137,12.970000267028809,250740,0.0,0.0,0.0
2025-05-14 01:40:00+00:00,12.970000267028809,13.0,12.970000267028809,12.979999542236328,389720,0.0,0.0,0.0
2025-05-14 01:45:00+00:00,12.979999542236328,12.989999771118164,12.979999542236328,12.979999542236328,12569,0.0,0.0,0.0
2025-05-14 01:50:00+00:00,12.979999542236328,12.989999771118164,12.979999542236328,12.989999771118164,199130,0.0,0.0,0.0
2025-05-14 01:55:00+00:00,12.989999771118164,13.0,12.970000267028809,13.0,246267,0.0,0.0,0.0
2025-05-14 02:00:00+00:00,12.979999542236328,13.0,12.970000267028809,12.979999542236328,60581,0.0,0.0,0.0
2025-05-14 02:05:00+00:00,12.979999542236328,12.979999542236328,12.970000267028809,12.970000267028809,33273,0.0,0.0,0.0
2025-05-14 02:10:00+00:00,12.970000267028809,12.989999771118164,12.970000267028809,12.989999771118164,68158,0.0,0.0,0.0
2025-05-14 02:15:00+00:00,12.989999771118164,13.0,12.989999771118164,12.989999771118164,74714,0.0,0.0,0.0
2025-05-14 02:20:00+00:00,12.989999771118164,12.989999771118164,12.989999771118164,12.989999771118164,19264,0.0,0.0,0.0
2025-05-14 02:25:00+00:00,12.989999771118164,12.989999771118164,12.979999542236328,12.979999542236328,39343,0.0,0.0,0.0
2025-05-14 02:30:00+00:00,12.970000267028809,12.979999542236328,12.970000267028809,12.970000267028809,35261,0.0,0.0,0.0
2025-05-14 02:35:00+00:00,12.960000038146973,12.960000038146973,12.949999809265137,12.960000038146973,81182,0.0,0.0,0.0
2025-05-14 02:40:00+00:00,12.949999809265137,12.960000038146973,12.949999809265137,12.960000038146973,8557,0.0,0.0,0.0
2025-05-14 02:45:00+00:00,12.960000038146973,12.960000038146973,12.949999809265137,12.949999809265137,40852,0.0,0.0,0.0
2025-05-14 02:50:00+00:00,12.949999809265137,12.949999809265137,12.9399995803833,12.9399995803833,15479,0.0,0.0,0.0
2025-05-14 02:55:00+00:00,12.9399995803833,12.949999809265137,12.9399995803833,12.949999809265137,41558,0.0,0.0,0.0
2025-05-14 03:00:00+00:00,12.960000038146973,12.960000038146973,12.960000038146973,12.960000038146973,21348,0.0,0.0,0.0
2025-05-14 03:05:00+00:00,12.970000267028809,12.970000267028809,12.970000267028809,12.970000267028809,25598,0.0,0.0,0.0
2025-05-14 03:10:00+00:00,12.970000267028809,12.970000267028809,12.970000267028809,12.970000267028809,19010,0.0,0.0,0.0
2025-05-14 03:15:00+00:00,12.979999542236328,12.979999542236328,12.979999542236328,12.979999542236328,16353,0.0,0.0,0.0
2025-05-14 03:20:00+00:00,12.989999771118164,12.989999771118164,12.989999771118164,12.989999771118164,4038,0.0,0.0,0.0
2025-05-14 03:25:00+00:00,12.989999771118164,13.010000228881836,12.989999771118164,13.010000228881836,673162,0.0,0.0,0.0
2025-05-14 03:30:00+00:00,13.010000228881836,13.020000457763672,13.010000228881836,13.010000228881836,28357,0.0,0.0,0.0
2025-05-14 03:35:00+00:00,13.0,13.0,13.0,13.0,9124,0.0,0.0,0.0
2025-05-14 03:40:00+00:00,13.0,13.010000228881836,13.0,13.010000228881836,8380,0.0,0.0,0.0
2025-05-14 03:45:00+00:00,13.010000228881836,13.010000228881836,13.0,13.0,42613,0.0,0.0,0.0
2025-05-14 03:50:00+00:00,13.0,13.0,13.0,13.0,1446,0.0,0.0,0.0
2025-05-14 03:55:00+00:00,13.010000228881836,13.010000228881836,13.010000228881836,13.010000228881836,1552,0.0,0.0,0.0
2025-05-14 04:00:00+00:00,13.010000228881836,13.010000228881836,13.010000228881836,13.010000228881836,89024,0.0,0.0,0.0
2025-05-14 04:05:00+00:00,13.0,13.020000457763672,13.0,13.020000457763672,118713,0.0,0.0,0.0
2025-05-14 04:10:00+00:00,13.020000457763672,13.020000457763672,13.010000228881836,13.010000228881836,20227,0.0,0.0,0.0
2025-05-14 04:15:00+00:00,13.010000228881836,13.039999961853027,13.010000228881836,13.020000457763672,180019,0.0,0.0,0.0
2025-05-14 04:20:00+00:00,13.029999732971191,13.039999961853027,13.020000457763672,13.029999732971191,167135,0.0,0.0,0.0
2025-05-14 04:25:00+00:00,13.029999732971191,13.039999961853027,13.020000457763672,13.039999961853027,149117,0.0,0.0,0.0
2025-05-14 04:30:00+00:00,13.039999961853027,13.039999961853027,13.029999732971191,13.039999961853027,158186,0.0,0.0,0.0
2025-05-14 04:35:00+00:00,13.039999961853027,13.050000190734863,13.039999961853027,13.050000190734863,126075,0.0,0.0,0.0
2025-05-14 04:40:00+00:00,13.0600004196167,13.0600004196167,13.050000190734863,13.0600004196167,34238,0.0,0.0,0.0
2025-05-14 04:45:00+00:00,13.0600004196167,13.0600004196167,13.050000190734863,13.050000190734863,30782,0.0,0.0,0.0
2025-05-14 04:50:00+00:00,13.050000190734863,13.0600004196167,13.050000190734863,13.050000190734863,19200,0.0,0.0,0.0
2025-05-14 04:55:00+00:00,13.050000190734863,13.0600004196167,13.050000190734863,13.050000190734863,104564,0.0,0.0,0.0
2025-05-14 05:00:00+00:00,13.050000190734863,13.050000190734863,13.050000190734863,13.050000190734863,38500,0.0,0.0,0.0
2025-05-14 05:05:00+00:00,13.050000190734863,13.050000190734863,13.039999961853027,13.050000190734863,31800,0.0,0.0,0.0
2025-05-14 05:10:00+00:00,13.0600004196167,13.0600004196167,13.050000190734863,13.0600004196167,27193,0.0,0.0,0.0
2025-05-14 05:15:00+00:00,13.0600004196167,13.0600004196167,13.0600004196167,13.0600004196167,42310,0.0,0.0,0.0
2025-05-14 05:20:00+00:00,13.0600004196167,13.0600004196167,13.050000190734863,13.0600004196167,20796,0.0,0.0,0.0
2025-05-15 01:00:00+00:00,13.039999961853027,13.100000381469727,13.039999961853027,13.100000381469727,0,0.0,0.0,0.0
2025-05-15 01:05:00+00:00,13.100000381469727,13.100000381469727,13.069999694824219,13.069999694824219,51744,0.0,0.0,0.0
2025-05-15 01:10:00+00:00,13.069999694824219,13.100000381469727,13.069999694824219,13.100000381469727,85308,0.0,0.0,0.0
2025-05-15 01:15:00+00:00,13.100000381469727,13.100000381469727,13.079999923706055,13.079999923706055,31316,0.0,0.0,0.0
2025-05-15 01:20:00+00:00,13.079999923706055,13.079999923706055,13.050000190734863,13.050000190734863,55588,0.0,0.0,0.0
2025-05-15 01:25:00+00:00,13.039999961853027,13.039999961853027,13.020000457763672,13.029999732971191,30889,0.0,0.0,0.0
2025-05-15 01:30:00+00:00,13.029999732971191,13.029999732971191,13.010000228881836,13.020000457763672,107541,0.0,0.0,0.0
2025-05-15 01:35:00+00:00,13.020000457763672,13.039999961853027,13.020000457763672,13.039999961853027,59233,0.0,0.0,0.0
2025-05-15 01:40:00+00:00,13.039999961853027,13.0600004196167,13.039999961853027,13.0600004196167,210582,0.0,0.0,0.0
2025-05-15 01:45:00+00:00,13.0600004196167,13.069999694824219,13.0600004196167,13.0600004196167,86425,0.0,0.0,0.0
2025-05-15 01:50:00+00:00,13.0600004196167,13.069999694824219,13.0600004196167,13.0600004196167,18318,0.0,0.0,0.0
2025-05-15 01:55:00+00:00,13.0600004196167,13.0600004196167,13.050000190734863,13.0600004196167,216151,0.0,0.0,0.0
2025-05-15 02:00:00+00:00,13.0600004196167,13.0600004196167,13.029999732971191,13.039999961853027,25471,0.0,0.0,0.0
2025-05-15 02:05:00+00:00,13.039999961853027,13.050000190734863,13.039999961853027,13.050000190734863,15302,0.0,0.0,0.0
2025-05-15 02:10:00+00:00,13.050000190734863,13.050000190734863,13.039999961853027,13.039999961853027,73132,0.0,0.0,0.0
2025-05-15 02:15:00+00:00,13.050000190734863,13.050000190734863,13.039999961853027,13.039999961853027,12555,0.0,0.0,0.0
2025-05-15 02:20:00+00:00,13.039999961853027,13.050000190734863,13.029999732971191,13.050000190734863,36082,0.0,0.0,0.0
2025-05-15 02:25:00+00:00,13.029999732971191,13.050000190734863,13.029999732971191,13.039999961853027,66468,0.0,0.0,0.0
2025-05-15 02:30:00+00:00,13.050000190734863,13.0600004196167,13.050000190734863,13.050000190734863,99190,0.0,0.0,0.0
2025-05-15 02:35:00+00:00,13.050000190734863,13.0600004196167,13.039999961853027,13.039999961853027,142497,0.0,0.0,0.0
2025-05-15 02:40:00+00:00,13.039999961853027,13.0600004196167,13.039999961853027,13.0600004196167,12129,0.0,0.0,0.0
2025-05-15 02:45:00+00:00,13.0600004196167,13.0600004196167,13.0600004196167,13.0600004196167,4795,0.0,0.0,0.0
2025-05-15 02:50:00+00:00,13.0600004196167,13.0600004196167,13.050000190734863,13.0600004196167,91190,0.0,0.0,0.0
2025-05-15 02:55:00+00:00,13.0600004196167,13.09000015258789,13.0600004196167,13.09000015258789,97593,0.0,0.0,0.0
2025-05-15 03:00:00+00:00,13.079999923706055,13.09000015258789,13.079999923706055,13.09000015258789,23814,0.0,0.0,0.0
2025-05-15 03:05:00+00:00,13.09000015258789,13.09000015258789,13.09000015258789,13.09000015258789,6533,0.0,0.0,0.0
2025-05-15 03:10:00+00:00,13.09000015258789,13.09000015258789,13.079999923706055,13.079999923706055,27141,0.0,0.0,0.0
2025-05-15 03:15:00+00:00,13.09000015258789,13.09000015258789,13.079999923706055,13.079999923706055,30708,0.0,0.0,0.0
2025-05-15 03:20:00+00:00,13.079999923706055,13.09000015258789,13.079999923706055,13.09000015258789,4748,0.0,0.0,0.0
2025-05-15 03:25:00+00:00,13.09000015258789,13.09000015258789,13.069999694824219,13.069999694824219,13239,0.0,0.0,0.0
2025-05-15 03:30:00+00:00,13.09000015258789,13.09000015258789,13.079999923706055,13.079999923706055,3071,0.0,0.0,0.0
2025-05-15 03:35:00+00:00,13.079999923706055,13.079999923706055,13.079999923706055,13.079999923706055,6023,0.0,0.0,0.0
2025-05-15 03:40:00+00:00,13.079999923706055,13.079999923706055,13.079999923706055,13.079999923706055,2682,0.0,0.0,0.0
2025-05-15 03:45:00+00:00,13.079999923706055,13.079999923706055,13.0600004196167,13.0600004196167,13048,0.0,0.0,0.0
2025-05-15 03:50:00+00:00,13.069999694824219,13.09000015258789,13.069999694824219,13.079999923706055,21140,0.0,0.0,0.0
2025-05-15 03:55:00+00:00,13.079999923706055,13.079999923706055,13.069999694824219,13.069999694824219,3246,0.0,0.0,0.0
2025-05-15 04:00:00+00:00,13.069999694824219,13.069999694824219,13.0600004196167,13.069999694824219,13550,0.0,0.0,0.0
2025-05-15 04:05:00+00:00,13.069999694824219,13.069999694824219,13.069999694824219,13.069999694824219,53144,0.0,0.0,0.0
2025-05-15 04:10:00+00:00,13.079999923706055,13.079999923706055,13.069999694824219,13.069999694824219,30384,0.0,0.0,0.0
2025-05-15 04:15:00+00:00,13.069999694824219,13.069999694824219,13.069999694824219,13.069999694824219,11427,0.0,0.0,0.0
2025-05-15 04:20:00+00:00,13.069999694824219,13.069999694824219,13.069999694824219,13.069999694824219,3165,0.0,0.0,0.0
2025-05-15 04:25:00+00:00,13.0600004196167,13.069999694824219,13.0600004196167,13.069999694824219,9030,0.0,0.0,0.0
2025-05-15 04:30:00+00:00,13.069999694824219,13.069999694824219,13.0600004196167,13.069999694824219,102349,0.0,0.0,0.0
2025-05-15 04:35:00+00:00,13.069999694824219,13.069999694824219,13.069999694824219,13.069999694824219,6000,0.0,0.0,0.0
2025-05-15 04:40:00+00:00,13.069999694824219,13.069999694824219,13.0600004196167,13.069999694824219,49060,0.0,0.0,0.0
2025-05-15 04:45:00+00:00,13.069999694824219,13.069999694824219,13.0600004196167,13.069999694824219,11114,0.0,0.0,0.0
2025-05-15 04:50:00+00:00,13.069999694824219,13.069999694824219,13.0600004196167,13.069999694824219,28210,0.0,0.0,0.0
2025-05-15 04:55:00+00:00,13.069999694824219,13.069999694824219,13.0600004196167,13.0600004196167,16280,0.0,0.0,0.0
2025-05-15 05:00:00+00:00,13.0600004196167,13.0600004196167,13.0600004196167,13.0600004196167,33237,0.0,0.0,0.0
2025-05-15 05:05:00+00:00,13.0600004196167,13.069999694824219,13.0600004196167,13.0600004196167,6061,0.0,0.0,0.0
2025-05-15 05:10:00+00:00,13.0600004196167,13.0600004196167,13.050000190734863,13.050000190734863,37100,0.0,0.0,0.0
2025-05-15 05:15:00+00:00,13.069999694824219,13.069999694824219,13.0600004196167,13.0600004196167,16111,0.0,0.0,0.0
2025-05-15 05:20:00+00:00,13.0600004196167,13.069999694824219,13.050000190734863,13.0600004196167,242226,0.0,0.0,0.0
2025-05-16 01:00:00+00:00,13.0,13.050000190734863,13.0,13.050000190734863,0,0.0,0.0,0.0
2025-05-16 01:05:00+00:00,13.039999961853027,13.069999694824219,13.039999961853027,13.069999694824219,121449,0.0,0.0,0.0
2025-05-16 01:10:00+00:00,13.069999694824219,13.079999923706055,13.0600004196167,13.069999694824219,118714,0.0,0.0,0.0
2025-05-16 01:15:00+00:00,13.069999694824219,13.069999694824219,13.0600004196167,13.0600004196167,18458,0.0,0.0,0.0
2025-05-16 01:20:00+00:00,13.069999694824219,13.069999694824219,13.0600004196167,13.0600004196167,101707,0.0,0.0,0.0
2025-05-16 01:25:00+00:00,13.0600004196167,13.079999923706055,13.0600004196167,13.069999694824219,74086,0.0,0.0,0.0
2025-05-16 01:30:00+00:00,13.09000015258789,13.09000015258789,13.079999923706055,13.079999923706055,56314,0.0,0.0,0.0
2025-05-16 01:35:00+00:00,13.079999923706055,13.109999656677246,13.079999923706055,13.100000381469727,407379,0.0,0.0,0.0
2025-05-16 01:40:00+00:00,13.109999656677246,13.119999885559082,13.109999656677246,13.119999885559082,202045,0.0,0.0,0.0
2025-05-16 01:45:00+00:00,13.119999885559082,13.140000343322754,13.109999656677246,13.130000114440918,167845,0.0,0.0,0.0
2025-05-16 01:50:00+00:00,13.130000114440918,13.130000114440918,13.119999885559082,13.130000114440918,33563,0.0,0.0,0.0
2025-05-16 01:55:00+00:00,13.130000114440918,13.140000343322754,13.130000114440918,13.140000343322754,68516,0.0,0.0,0.0
2025-05-16 02:00:00+00:00,13.140000343322754,13.149999618530273,13.130000114440918,13.149999618530273,152224,0.0,0.0,0.0
2025-05-16 02:05:00+00:00,13.140000343322754,13.149999618530273,13.130000114440918,13.140000343322754,18400,0.0,0.0,0.0
2025-05-16 02:10:00+00:00,13.140000343322754,13.149999618530273,13.130000114440918,13.130000114440918,176175,0.0,0.0,0.0
2025-05-16 02:15:00+00:00,13.130000114440918,13.130000114440918,13.130000114440918,13.130000114440918,18407,0.0,0.0,0.0
2025-05-16 02:20:00+00:00,13.130000114440918,13.149999618530273,13.130000114440918,13.149999618530273,338790,0.0,0.0,0.0
2025-05-16 02:25:00+00:00,13.149999618530273,13.15999984741211,13.149999618530273,13.149999618530273,56947,0.0,0.0,0.0
2025-05-16 02:30:00+00:00,13.149999618530273,13.149999618530273,13.140000343322754,13.149999618530273,57166,0.0,0.0,0.0
2025-05-16 02:35:00+00:00,13.149999618530273,13.170000076293945,13.149999618530273,13.15999984741211,169234,0.0,0.0,0.0
2025-05-16 02:40:00+00:00,13.170000076293945,13.170000076293945,13.15999984741211,13.15999984741211,29522,0.0,0.0,0.0
2025-05-16 02:45:00+00:00,13.170000076293945,13.170000076293945,13.15999984741211,13.15999984741211,31796,0.0,0.0,0.0
2025-05-16 02:50:00+00:00,13.15999984741211,13.15999984741211,13.140000343322754,13.140000343322754,26365,0.0,0.0,0.0
2025-05-16 02:55:00+00:00,13.149999618530273,13.15999984741211,13.149999618530273,13.149999618530273,69507,0.0,0.0,0.0
2025-05-16 03:00:00+00:00,13.149999618530273,13.15999984741211,13.149999618530273,13.15999984741211,19203,0.0,0.0,0.0
2025-05-16 03:05:00+00:00,13.15999984741211,13.15999984741211,13.15999984741211,13.15999984741211,5667,0.0,0.0,0.0
2025-05-16 03:10:00+00:00,13.15999984741211,13.15999984741211,13.149999618530273,13.15999984741211,133266,0.0,0.0,0.0
2025-05-16 03:15:00+00:00,13.15999984741211,13.170000076293945,13.15999984741211,13.15999984741211,20438,0.0,0.0,0.0
2025-05-16 03:20:00+00:00,13.15999984741211,13.170000076293945,13.149999618530273,13.149999618530273,21111,0.0,0.0,0.0
2025-05-16 03:25:00+00:00,13.15999984741211,13.15999984741211,13.149999618530273,13.149999618530273,23016,0.0,0.0,0.0
2025-05-16 03:30:00+00:00,13.15999984741211,13.15999984741211,13.140000343322754,13.15999984741211,14920,0.0,0.0,0.0
2025-05-16 03:35:00+00:00,13.140000343322754,13.149999618530273,13.130000114440918,13.130000114440918,44671,0.0,0.0,0.0
2025-05-16 03:40:00+00:00,13.130000114440918,13.130000114440918,13.119999885559082,13.130000114440918,21902,0.0,0.0,0.0
2025-05-16 03:45:00+00:00,13.130000114440918,13.130000114440918,13.119999885559082,13.119999885559082,7518,0.0,0.0,0.0
2025-05-16 03:50:00+00:00,13.119999885559082,13.130000114440918,13.109999656677246,13.109999656677246,15019,0.0,0.0,0.0
2025-05-16 03:55:00+00:00,13.119999885559082,13.119999885559082,13.119999885559082,13.119999885559082,17106,0.0,0.0,0.0
2025-05-16 04:00:00+00:00,13.130000114440918,13.140000343322754,13.130000114440918,13.140000343322754,12262,0.0,0.0,0.0
2025-05-16 04:05:00+00:00,13.140000343322754,13.140000343322754,13.130000114440918,13.140000343322754,16108,0.0,0.0,0.0
2025-05-16 04:10:00+00:00,13.140000343322754,13.140000343322754,13.130000114440918,13.130000114440918,20228,0.0,0.0,0.0
2025-05-16 04:15:00+00:00,13.140000343322754,13.140000343322754,13.119999885559082,13.130000114440918,7108,0.0,0.0,0.0
2025-05-16 04:20:00+00:00,13.140000343322754,13.140000343322754,13.119999885559082,13.130000114440918,10458,0.0,0.0,0.0
2025-05-16 04:25:00+00:00,13.130000114440918,13.130000114440918,13.130000114440918,13.130000114440918,35256,0.0,0.0,0.0
2025-05-16 04:30:00+00:00,13.140000343322754,13.149999618530273,13.130000114440918,13.149999618530273,71233,0.0,0.0,0.0
2025-05-16 04:35:00+00:00,13.140000343322754,13.149999618530273,13.140000343322754,13.149999618530273,163591,0.0,0.0,0.0
2025-05-16 04:40:00+00:00,13.149999618530273,13.149999618530273,13.149999618530273,13.149999618530273,15549,0.0,0.0,0.0
2025-05-16 04:45:00+00:00,13.140000343322754,13.140000343322754,13.140000343322754,13.140000343322754,5312,0.0,0.0,0.0
2025-05-16 04:50:00+00:00,13.140000343322754,13.149999618530273,13.140000343322754,13.140000343322754,10168,0.0,0.0,0.0
2025-05-16 04:55:00+00:00,13.140000343322754,13.140000343322754,13.140000343322754,13.140000343322754,20527,0.0,0.0,0.0
2025-05-16 05:00:00+00:00,13.140000343322754,13.140000343322754,13.140000343322754,13.140000343322754,29055,0.0,0.0,0.0
2025-05-16 05:05:00+00:00,13.140000343322754,13.149999618530273,13.140000343322754,13.149999618530273,6371,0.0,0.0,0.0
2025-05-16 05:10:00+00:00,13.149999618530273,13.149999618530273,13.140000343322754,13.140000343322754,53066,0.0,0.0,0.0
2025-05-16 05:15:00+00:00,13.149999618530273,13.149999618530273,13.140000343322754,13.140000343322754,12399,0.0,0.0,0.0
2025-05-16 05:20:00+00:00,13.140000343322754,13.149999618530273,13.140000343322754,13.140000343322754,49053,0.0,0.0,0.0
2025-05-19 01:00:00+00:00,13.119999885559082,13.119999885559082,13.079999923706055,13.100000381469727,0,0.0,0.0,0.0
2025-05-19 01:05:00+00:00,13.09000015258789,13.119999885559082,13.09000015258789,13.109999656677246,40064,0.0,0.0,0.0
2025-05-19 01:10:00+00:00,13.100000381469727,13.100000381469727,13.069999694824219,13.069999694824219,134628,0.0,0.0,0.0
2025-05-19 01:15:00+00:00,13.0600004196167,13.069999694824219,13.0600004196167,13.0600004196167,101114,0.0,0.0,0.0
2025-05-19 01:20:00+00:00,13.0600004196167,13.0600004196167,13.050000190734863,13.0600004196167,33155,0.0,0.0,0.0
2025-05-19 01:25:00+00:00,13.0600004196167,13.0600004196167,13.0600004196167,13.0600004196167,18919,0.0,0.0,0.0
2025-05-19 01:30:00+00:00,13.0600004196167,13.0600004196167,13.050000190734863,13.050000190734863,118327,0.0,0.0,0.0
2025-05-19 01:35:00+00:00,13.039999961853027,13.050000190734863,13.029999732971191,13.039999961853027,95750,0.0,0.0,0.0
2025-05-19 01:40:00+00:00,13.039999961853027,13.039999961853027,13.039999961853027,13.039999961853027,16291,0.0,0.0,0.0
2025-05-19 01:45:00+00:00,13.029999732971191,13.039999961853027,13.029999732971191,13.039999961853027,11278,0.0,0.0,0.0
2025-05-19 01:50:00+00:00,13.039999961853027,13.039999961853027,13.029999732971191,13.029999732971191,43253,0.0,0.0,0.0
2025-05-19 01:55:00+00:00,13.029999732971191,13.029999732971191,13.020000457763672,13.020000457763672,12573,0.0,0.0,0.0
2025-05-19 02:00:00+00:00,13.029999732971191,13.029999732971191,13.020000457763672,13.020000457763672,11336,0.0,0.0,0.0
2025-05-19 02:05:00+00:00,13.029999732971191,13.029999732971191,13.029999732971191,13.029999732971191,5174,0.0,0.0,0.0
2025-05-19 02:10:00+00:00,13.029999732971191,13.029999732971191,13.029999732971191,13.029999732971191,7356,0.0,0.0,0.0
2025-05-19 02:15:00+00:00,13.039999961853027,13.050000190734863,13.029999732971191,13.050000190734863,39827,0.0,0.0,0.0
2025-05-19 02:20:00+00:00,13.050000190734863,13.050000190734863,13.029999732971191,13.050000190734863,40060,0.0,0.0,0.0
2025-05-19 02:25:00+00:00,13.050000190734863,13.050000190734863,13.039999961853027,13.039999961853027,3776,0.0,0.0,0.0
2025-05-19 02:30:00+00:00,13.050000190734863,13.050000190734863,13.039999961853027,13.039999961853027,53499,0.0,0.0,0.0
2025-05-19 02:35:00+00:00,13.050000190734863,13.050000190734863,13.029999732971191,13.029999732971191,18407,0.0,0.0,0.0
2025-05-19 02:40:00+00:00,13.039999961853027,13.050000190734863,13.039999961853027,13.050000190734863,118034,0.0,0.0,0.0
2025-05-19 02:45:00+00:00,13.0600004196167,13.069999694824219,13.0600004196167,13.069999694824219,19148,0.0,0.0,0.0
2025-05-19 02:50:00+00:00,13.0600004196167,13.069999694824219,13.0600004196167,13.0600004196167,3027,0.0,0.0,0.0
2025-05-19 02:55:00+00:00,13.069999694824219,13.069999694824219,13.069999694824219,13.069999694824219,2049,0.0,0.0,0.0
2025-05-19 03:00:00+00:00,13.069999694824219,13.069999694824219,13.0600004196167,13.0600004196167,5543,0.0,0.0,0.0
2025-05-19 03:05:00+00:00,13.069999694824219,13.069999694824219,13.050000190734863,13.050000190734863,41074,0.0,0.0,0.0
2025-05-19 03:10:00+00:00,13.039999961853027,13.050000190734863,13.039999961853027,13.039999961853027,51071,0.0,0.0,0.0
2025-05-19 03:15:00+00:00,13.039999961853027,13.050000190734863,13.039999961853027,13.039999961853027,33421,0.0,0.0,0.0
2025-05-19 03:20:00+00:00,13.039999961853027,13.050000190734863,13.039999961853027,13.050000190734863,7491,0.0,0.0,0.0
2025-05-19 03:25:00+00:00,13.039999961853027,13.039999961853027,13.029999732971191,13.039999961853027,5262,0.0,0.0,0.0
2025-05-19 03:30:00+00:00,13.039999961853027,13.039999961853027,13.010000228881836,13.010000228881836,443613,0.0,0.0,0.0
2025-05-19 03:35:00+00:00,13.010000228881836,13.010000228881836,13.0,13.010000228881836,53014,0.0,0.0,0.0
2025-05-19 03:40:00+00:00,13.010000228881836,13.010000228881836,12.989999771118164,12.989999771118164,155896,0.0,0.0,0.0
2025-05-19 03:45:00+00:00,12.989999771118164,13.0,12.979999542236328,13.0,79246,0.0,0.0,0.0
2025-05-19 03:50:00+00:00,13.0,13.0,12.989999771118164,12.989999771118164,9781,0.0,0.0,0.0
2025-05-19 03:55:00+00:00,12.989999771118164,12.989999771118164,12.989999771118164,12.989999771118164,1170,0.0,0.0,0.0
2025-05-19 04:00:00+00:00,12.989999771118164,13.0,12.989999771118164,12.989999771118164,17892,0.0,0.0,0.0
2025-05-19 04:05:00+00:00,13.0,13.0,12.979999542236328,12.989999771118164,21665,0.0,0.0,0.0
2025-05-19 04:10:00+00:00,13.0,13.0,13.0,13.0,2540,0.0,0.0,0.0
2025-05-19 04:15:00+00:00,12.989999771118164,12.989999771118164,12.979999542236328,12.989999771118164,25276,0.0,0.0,0.0
2025-05-19 04:20:00+00:00,12.989999771118164,13.0,12.989999771118164,13.0,7937,0.0,0.0,0.0
2025-05-19 04:25:00+00:00,12.989999771118164,12.989999771118164,12.979999542236328,12.979999542236328,19185,0.0,0.0,0.0
2025-05-19 04:30:00+00:00,13.0,13.0,12.979999542236328,12.989999771118164,6950,0.0,0.0,0.0
2025-05-19 04:35:00+00:00,12.989999771118164,12.989999771118164,12.989999771118164,12.989999771118164,4311,0.0,0.0,0.0
2025-05-19 04:40:00+00:00,12.989999771118164,12.989999771118164,12.970000267028809,12.970000267028809,46350,0.0,0.0,0.0
2025-05-19 04:45:00+00:00,12.970000267028809,12.970000267028809,12.960000038146973,12.960000038146973,67652,0.0,0.0,0.0
2025-05-19 04:50:00+00:00,12.960000038146973,12.970000267028809,12.960000038146973,12.970000267028809,15010,0.0,0.0,0.0
2025-05-19 04:55:00+00:00,12.960000038146973,12.960000038146973,12.949999809265137,12.949999809265137,30917,0.0,0.0,0.0
2025-05-19 05:00:00+00:00,12.949999809265137,12.960000038146973,12.949999809265137,12.960000038146973,10650,0.0,0.0,0.0
2025-05-19 05:05:00+00:00,12.960000038146973,12.960000038146973,12.949999809265137,12.949999809265137,27551,0.0,0.0,0.0
2025-05-19 05:10:00+00:00,12.949999809265137,12.949999809265137,12.9399995803833,12.949999809265137,60003,0.0,0.0,0.0
2025-05-19 05:15:00+00:00,12.949999809265137,12.949999809265137,12.949999809265137,12.949999809265137,24397,0.0,0.0,0.0
2025-05-19 05:20:00+00:00,12.949999809265137,12.949999809265137,12.9399995803833,12.949999809265137,61209,0.0,0.0,0.0
2025-05-20 01:00:00+00:00,13.050000190734863,13.09000015258789,13.050000190734863,13.079999923706055,0,0.0,0.0,0.0
2025-05-20 01:05:00+00:00,13.079999923706055,13.09000015258789,13.079999923706055,13.09000015258789,56295,0.0,0.0,0.0
2025-05-20 01:10:00+00:00,13.09000015258789,13.09000015258789,13.050000190734863,13.0600004196167,34006,0.0,0.0,0.0
2025-05-20 01:15:00+00:00,13.0600004196167,13.079999923706055,13.0600004196167,13.0600004196167,21117,0.0,0.0,0.0
2025-05-20 01:20:00+00:00,13.0600004196167,13.0600004196167,13.050000190734863,13.050000190734863,16873,0.0,0.0,0.0
2025-05-20 01:25:00+00:00,13.050000190734863,13.0600004196167,13.050000190734863,13.050000190734863,31809,0.0,0.0,0.0
2025-05-20 01:30:00+00:00,13.0600004196167,13.0600004196167,13.050000190734863,13.050000190734863,26836,0.0,0.0,0.0
2025-05-20 01:35:00+00:00,13.050000190734863,13.050000190734863,13.050000190734863,13.050000190734863,48084,0.0,0.0,0.0
2025-05-20 01:40:00+00:00,13.050000190734863,13.050000190734863,13.039999961853027,13.039999961853027,67117,0.0,0.0,0.0
2025-05-20 01:45:00+00:00,13.050000190734863,13.050000190734863,13.029999732971191,13.050000190734863,52307,0.0,0.0,0.0
2025-05-20 01:50:00+00:00,13.039999961853027,13.039999961853027,13.029999732971191,13.039999961853027,96368,0.0,0.0,0.0
2025-05-20 01:55:00+00:00,13.039999961853027,13.050000190734863,13.039999961853027,13.050000190734863,47127,0.0,0.0,0.0
2025-05-20 02:00:00+00:00,13.050000190734863,13.0600004196167,13.050000190734863,13.0600004196167,17105,0.0,0.0,0.0
2025-05-20 02:10:00+00:00,13.050000190734863,13.0600004196167,13.050000190734863,13.050000190734863,11030,0.0,0.0,0.0
2025-05-20 02:15:00+00:00,13.050000190734863,13.050000190734863,13.020000457763672,13.020000457763672,13076,0.0,0.0,0.0
2025-05-20 02:20:00+00:00,13.020000457763672,13.020000457763672,13.010000228881836,13.010000228881836,17524,0.0,0.0,0.0
2025-05-20 02:25:00+00:00,13.010000228881836,13.010000228881836,13.0,13.010000228881836,29353,0.0,0.0,0.0
2025-05-20 02:30:00+00:00,13.010000228881836,13.020000457763672,13.010000228881836,13.020000457763672,7061,0.0,0.0,0.0
2025-05-20 02:35:00+00:00,13.010000228881836,13.029999732971191,13.010000228881836,13.029999732971191,85030,0.0,0.0,0.0
2025-05-20 02:40:00+00:00,13.029999732971191,13.039999961853027,13.029999732971191,13.039999961853027,20258,0.0,0.0,0.0
2025-05-20 02:45:00+00:00,13.039999961853027,13.039999961853027,13.029999732971191,13.029999732971191,2068,0.0,0.0,0.0
2025-05-20 02:50:00+00:00,13.029999732971191,13.029999732971191,13.020000457763672,13.029999732971191,35059,0.0,0.0,0.0
2025-05-20 02:55:00+00:00,13.029999732971191,13.029999732971191,13.029999732971191,13.029999732971191,2022,0.0,0.0,0.0
2025-05-20 03:00:00+00:00,13.029999732971191,13.029999732971191,13.029999732971191,13.029999732971191,3455,0.0,0.0,0.0
2025-05-20 03:05:00+00:00,13.039999961853027,13.039999961853027,13.029999732971191,13.029999732971191,18064,0.0,0.0,0.0
2025-05-20 03:10:00+00:00,13.020000457763672,13.020000457763672,13.0,13.010000228881836,17376,0.0,0.0,0.0
2025-05-20 03:15:00+00:00,13.0,13.0,12.989999771118164,12.989999771118164,84181,0.0,0.0,0.0
2025-05-20 03:20:00+00:00,12.989999771118164,13.0,12.989999771118164,13.0,29182,0.0,0.0,0.0
2025-05-20 03:25:00+00:00,12.989999771118164,13.0,12.989999771118164,13.0,6061,0.0,0.0,0.0
2025-05-20 03:30:00+00:00,13.0,13.0,13.0,13.0,12034,0.0,0.0,0.0
2025-05-20 03:35:00+00:00,12.989999771118164,13.0,12.989999771118164,13.0,16024,0.0,0.0,0.0
2025-05-20 03:40:00+00:00,13.0,13.0,12.989999771118164,12.989999771118164,45038,0.0,0.0,0.0
2025-05-20 03:45:00+00:00,12.989999771118164,13.0,12.989999771118164,13.0,3215,0.0,0.0,0.0
2025-05-20 03:50:00+00:00,13.0,13.0,12.989999771118164,12.989999771118164,12069,0.0,0.0,0.0
2025-05-20 03:55:00+00:00,12.989999771118164,12.989999771118164,12.989999771118164,12.989999771118164,8034,0.0,0.0,0.0
2025-05-20 04:00:00+00:00,12.989999771118164,13.0,12.989999771118164,13.0,5183,0.0,0.0,0.0
2025-05-20 04:05:00+00:00,12.989999771118164,12.989999771118164,12.989999771118164,12.989999771118164,8310,0.0,0.0,0.0
2025-05-20 04:10:00+00:00,12.989999771118164,12.989999771118164,12.970000267028809,12.970000267028809,17907,0.0,0.0,0.0
2025-05-20 04:15:00+00:00,12.970000267028809,12.979999542236328,12.970000267028809,12.970000267028809,4069,0.0,0.0,0.0
2025-05-20 04:20:00+00:00,12.970000267028809,12.970000267028809,12.970000267028809,12.970000267028809,13216,0.0,0.0,0.0
2025-05-20 04:25:00+00:00,12.970000267028809,12.970000267028809,12.970000267028809,12.970000267028809,11035,0.0,0.0,0.0
2025-05-20 04:30:00+00:00,12.970000267028809,12.970000267028809,12.960000038146973,12.960000038146973,13147,0.0,0.0,0.0
2025-05-20 04:35:00+00:00,12.960000038146973,12.960000038146973,12.960000038146973,12.960000038146973,9416,0.0,0.0,0.0
2025-05-20 04:40:00+00:00,12.960000038146973,12.960000038146973,12.960000038146973,12.960000038146973,43713,0.0,0.0,0.0
2025-05-20 04:45:00+00:00,12.960000038146973,12.960000038146973,12.960000038146973,12.960000038146973,3273,0.0,0.0,0.0
2025-05-20 04:50:00+00:00,12.960000038146973,12.960000038146973,12.949999809265137,12.949999809265137,31084,0.0,0.0,0.0
2025-05-20 04:55:00+00:00,12.960000038146973,12.970000267028809,12.960000038146973,12.960000038146973,12307,0.0,0.0,0.0
2025-05-20 05:00:00+00:00,12.960000038146973,12.960000038146973,12.960000038146973,12.960000038146973,21393,0.0,0.0,0.0
2025-05-20 05:05:00+00:00,12.970000267028809,12.970000267028809,12.970000267028809,12.970000267028809,31271,0.0,0.0,0.0
2025-05-20 05:10:00+00:00,12.970000267028809,12.979999542236328,12.970000267028809,12.979999542236328,11700,0.0,0.0,0.0
2025-05-20 05:15:00+00:00,12.979999542236328,12.989999771118164,12.970000267028809,12.989999771118164,124977,0.0,0.0,0.0
2025-05-20 05:20:00+00:00,12.979999542236328,12.979999542236328,12.960000038146973,12.960000038146973,13678,0.0,0.0,0.0
2025-05-21 01:00:00+00:00,12.989999771118164,13.029999732971191,12.989999771118164,13.029999732971191,0,0.0,0.0,0.0
2025-05-21 01:05:00+00:00,13.050000190734863,13.069999694824219,13.039999961853027,13.050000190734863,82690,0.0,0.0,0.0
2025-05-21 01:10:00+00:00,13.039999961853027,13.069999694824219,13.039999961853027,13.069999694824219,43069,0.0,0.0,0.0
2025-05-21 01:15:00+00:00,13.069999694824219,13.069999694824219,13.069999694824219,13.069999694824219,22334,0.0,0.0,0.0
2025-05-21 01:20:00+00:00,13.069999694824219,13.069999694824219,13.0600004196167,13.0600004196167,56102,0.0,0.0,0.0
2025-05-21 01:25:00+00:00,13.050000190734863,13.050000190734863,13.050000190734863,13.050000190734863,11412,0.0,0.0,0.0
2025-05-21 01:30:00+00:00,13.0600004196167,13.0600004196167,13.050000190734863,13.050000190734863,13497,0.0,0.0,0.0
2025-05-21 01:35:00+00:00,13.039999961853027,13.039999961853027,13.039999961853027,13.039999961853027,15350,0.0,0.0,0.0
2025-05-21 01:40:00+00:00,13.039999961853027,13.050000190734863,13.029999732971191,13.050000190734863,115387,0.0,0.0,0.0
2025-05-21 01:45:00+00:00,13.050000190734863,13.050000190734863,13.039999961853027,13.039999961853027,150172,0.0,0.0,0.0
2025-05-21 01:50:00+00:00,13.050000190734863,13.0600004196167,13.050000190734863,13.050000190734863,9072,0.0,0.0,0.0
2025-05-21 01:55:00+00:00,13.050000190734863,13.050000190734863,13.050000190734863,13.050000190734863,28623,0.0,0.0,0.0
2025-05-21 02:00:00+00:00,13.029999732971191,13.050000190734863,13.029999732971191,13.029999732971191,8832,0.0,0.0,0.0
2025-05-21 02:05:00+00:00,13.029999732971191,13.029999732971191,13.029999732971191,13.029999732971191,109054,0.0,0.0,0.0
2025-05-21 02:10:00+00:00,13.029999732971191,13.050000190734863,13.029999732971191,13.050000190734863,48039,0.0,0.0,0.0
2025-05-21 02:15:00+00:00,13.0600004196167,13.0600004196167,13.0600004196167,13.0600004196167,10871,0.0,0.0,0.0
2025-05-21 02:20:00+00:00,13.050000190734863,13.050000190734863,13.050000190734863,13.050000190734863,21175,0.0,0.0,0.0
2025-05-21 02:25:00+00:00,13.039999961853027,13.039999961853027,13.039999961853027,13.039999961853027,12587,0.0,0.0,0.0
2025-05-21 02:30:00+00:00,13.039999961853027,13.039999961853027,13.039999961853027,13.039999961853027,43062,0.0,0.0,0.0
2025-05-21 02:35:00+00:00,13.050000190734863,13.0600004196167,13.050000190734863,13.0600004196167,25561,0.0,0.0,0.0
2025-05-21 02:40:00+00:00,13.0600004196167,13.069999694824219,13.0600004196167,13.069999694824219,103128,0.0,0.0,0.0
2025-05-21 02:45:00+00:00,13.0600004196167,13.079999923706055,13.0600004196167,13.079999923706055,202082,0.0,0.0,0.0
2025-05-21 02:50:00+00:00,13.079999923706055,13.079999923706055,13.079999923706055,13.079999923706055,23546,0.0,0.0,0.0
2025-05-21 02:55:00+00:00,13.069999694824219,13.069999694824219,13.069999694824219,13.069999694824219,7023,0.0,0.0,0.0
2025-05-21 03:00:00+00:00,13.069999694824219,13.079999923706055,13.0600004196167,13.079999923706055,173076,0.0,0.0,0.0
2025-05-21 03:05:00+00:00,13.09000015258789,13.09000015258789,13.09000015258789,13.09000015258789,59288,0.0,0.0,0.0
2025-05-21 03:10:00+00:00,13.100000381469727,13.100000381469727,13.100000381469727,13.100000381469727,123465,0.0,0.0,0.0
2025-05-21 03:15:00+00:00,13.100000381469727,13.100000381469727,13.09000015258789,13.09000015258789,20049,0.0,0.0,0.0
2025-05-21 03:20:00+00:00,13.09000015258789,13.09000015258789,13.079999923706055,13.079999923706055,12044,0.0,0.0,0.0
2025-05-21 03:25:00+00:00,13.079999923706055,13.09000015258789,13.069999694824219,13.09000015258789,26271,0.0,0.0,0.0
2025-05-21 03:30:00+00:00,13.069999694824219,13.069999694824219,13.069999694824219,13.069999694824219,1602,0.0,0.0,0.0
2025-05-21 03:35:00+00:00,13.09000015258789,13.09000015258789,13.09000015258789,13.09000015258789,20010,0.0,0.0,0.0
2025-05-21 03:40:00+00:00,13.09000015258789,13.100000381469727,13.09000015258789,13.100000381469727,26220,0.0,0.0,0.0
2025-05-21 03:45:00+00:00,13.100000381469727,13.100000381469727,13.100000381469727,13.100000381469727,2621,0.0,0.0,0.0
2025-05-21 03:50:00+00:00,13.09000015258789,13.09000015258789,13.079999923706055,13.09000015258789,33040,0.0,0.0,0.0
2025-05-21 03:55:00+00:00,13.09000015258789,13.09000015258789,13.079999923706055,13.079999923706055,13239,0.0,0.0,0.0
2025-05-21 04:00:00+00:00,13.079999923706055,13.079999923706055,13.079999923706055,13.079999923706055,1017,0.0,0.0,0.0
2025-05-21 04:05:00+00:00,13.079999923706055,13.09000015258789,13.079999923706055,13.079999923706055,37063,0.0,0.0,0.0
2025-05-21 04:10:00+00:00,13.079999923706055,13.079999923706055,13.079999923706055,13.079999923706055,21287,0.0,0.0,0.0
2025-05-21 04:15:00+00:00,13.079999923706055,13.09000015258789,13.079999923706055,13.079999923706055,10815,0.0,0.0,0.0
2025-05-21 04:20:00+00:00,13.079999923706055,13.079999923706055,13.079999923706055,13.079999923706055,35103,0.0,0.0,0.0
2025-05-21 04:25:00+00:00,13.079999923706055,13.079999923706055,13.079999923706055,13.079999923706055,30047,0.0,0.0,0.0
2025-05-21 04:30:00+00:00,13.09000015258789,13.09000015258789,13.079999923706055,13.09000015258789,62028,0.0,0.0,0.0
2025-05-21 04:35:00+00:00,13.09000015258789,13.09000015258789,13.09000015258789,13.09000015258789,28020,0.0,0.0,0.0
2025-05-21 04:40:00+00:00,13.09000015258789,13.09000015258789,13.09000015258789,13.09000015258789,19135,0.0,0.0,0.0
2025-05-21 04:45:00+00:00,13.09000015258789,13.09000015258789,13.09000015258789,13.09000015258789,23235,0.0,0.0,0.0
2025-05-21 04:50:00+00:00,13.09000015258789,13.100000381469727,13.09000015258789,13.100000381469727,13000,0.0,0.0,0.0
2025-05-21 04:55:00+00:00,13.100000381469727,13.100000381469727,13.09000015258789,13.100000381469727,13216,0.0,0.0,0.0
2025-05-21 05:00:00+00:00,13.100000381469727,13.109999656677246,13.100000381469727,13.109999656677246,164033,0.0,0.0,0.0
2025-05-21 05:05:00+00:00,13.109999656677246,13.119999885559082,13.109999656677246,13.119999885559082,96137,0.0,0.0,0.0
2025-05-21 05:10:00+00:00,13.119999885559082,13.119999885559082,13.119999885559082,13.119999885559082,12494,0.0,0.0,0.0
2025-05-21 05:15:00+00:00,13.119999885559082,13.140000343322754,13.119999885559082,13.140000343322754,156632,0.0,0.0,0.0
2025-05-21 05:20:00+00:00,13.130000114440918,13.140000343322754,13.130000114440918,13.140000343322754,34691,0.0,0.0,0.0
2025-05-22 01:00:00+00:00,13.069999694824219,13.069999694824219,12.989999771118164,13.020000457763672,0,0.0,0.0,0.0
2025-05-22 01:05:00+00:00,13.020000457763672,13.020000457763672,13.020000457763672,13.020000457763672,22849,0.0,0.0,0.0
2025-05-22 01:10:00+00:00,13.020000457763672,13.050000190734863,13.020000457763672,13.050000190734863,25846,0.0,0.0,0.0
2025-05-22 01:15:00+00:00,13.050000190734863,13.050000190734863,13.029999732971191,13.029999732971191,16612,0.0,0.0,0.0
2025-05-22 01:20:00+00:00,13.020000457763672,13.020000457763672,13.010000228881836,13.010000228881836,20656,0.0,0.0,0.0
2025-05-22 01:25:00+00:00,13.029999732971191,13.050000190734863,13.029999732971191,13.050000190734863,89115,0.0,0.0,0.0
2025-05-22 01:30:00+00:00,13.050000190734863,13.050000190734863,13.050000190734863,13.050000190734863,40035,0.0,0.0,0.0
2025-05-22 01:35:00+00:00,13.050000190734863,13.050000190734863,13.039999961853027,13.050000190734863,32126,0.0,0.0,0.0
2025-05-22 01:40:00+00:00,13.050000190734863,13.050000190734863,13.039999961853027,13.039999961853027,7738,0.0,0.0,0.0
2025-05-22 01:45:00+00:00,13.039999961853027,13.039999961853027,13.029999732971191,13.029999732971191,230173,0.0,0.0,0.0
2025-05-22 01:50:00+00:00,13.020000457763672,13.020000457763672,13.020000457763672,13.020000457763672,16046,0.0,0.0,0.0
2025-05-22 01:55:00+00:00,13.020000457763672,13.020000457763672,13.0,13.0,21698,0.0,0.0,0.0
2025-05-22 02:00:00+00:00,13.0,13.010000228881836,12.989999771118164,13.0,38900,0.0,0.0,0.0
2025-05-22 02:05:00+00:00,12.989999771118164,13.010000228881836,12.989999771118164,13.010000228881836,17058,0.0,0.0,0.0
2025-05-22 02:10:00+00:00,13.010000228881836,13.010000228881836,13.010000228881836,13.010000228881836,7034,0.0,0.0,0.0
2025-05-22 02:15:00+00:00,13.010000228881836,13.029999732971191,13.010000228881836,13.020000457763672,20146,0.0,0.0,0.0
2025-05-22 02:20:00+00:00,13.020000457763672,13.029999732971191,13.020000457763672,13.029999732971191,12216,0.0,0.0,0.0
2025-05-22 02:25:00+00:00,13.039999961853027,13.039999961853027,13.039999961853027,13.039999961853027,21005,0.0,0.0,0.0
2025-05-22 02:30:00+00:00,13.050000190734863,13.050000190734863,13.050000190734863,13.050000190734863,2058,0.0,0.0,0.0
2025-05-22 02:35:00+00:00,13.039999961853027,13.039999961853027,13.039999961853027,13.039999961853027,4051,0.0,0.0,0.0
2025-05-22 02:40:00+00:00,13.039999961853027,13.0600004196167,13.039999961853027,13.0600004196167,51028,0.0,0.0,0.0
2025-05-22 02:45:00+00:00,13.0600004196167,13.0600004196167,13.039999961853027,13.039999961853027,6514,0.0,0.0,0.0
2025-05-22 02:50:00+00:00,13.039999961853027,13.050000190734863,13.039999961853027,13.050000190734863,9328,0.0,0.0,0.0
2025-05-22 02:55:00+00:00,13.039999961853027,13.039999961853027,13.039999961853027,13.039999961853027,18036,0.0,0.0,0.0
2025-05-22 03:00:00+00:00,13.039999961853027,13.050000190734863,13.039999961853027,13.050000190734863,6092,0.0,0.0,0.0
2025-05-22 03:10:00+00:00,13.039999961853027,13.039999961853027,13.039999961853027,13.039999961853027,9257,0.0,0.0,0.0
2025-05-22 03:15:00+00:00,13.039999961853027,13.050000190734863,13.039999961853027,13.050000190734863,31030,0.0,0.0,0.0
2025-05-22 03:20:00+00:00,13.050000190734863,13.050000190734863,13.050000190734863,13.050000190734863,1723,0.0,0.0,0.0
2025-05-22 03:25:00+00:00,13.0600004196167,13.0600004196167,13.0600004196167,13.0600004196167,16018,0.0,0.0,0.0
2025-05-22 03:30:00+00:00,13.0600004196167,13.069999694824219,13.0600004196167,13.069999694824219,20544,0.0,0.0,0.0
2025-05-22 03:35:00+00:00,13.079999923706055,13.079999923706055,13.079999923706055,13.079999923706055,22298,0.0,0.0,0.0
2025-05-22 03:40:00+00:00,13.079999923706055,13.09000015258789,13.079999923706055,13.09000015258789,2134,0.0,0.0,0.0
2025-05-22 03:45:00+00:00,13.079999923706055,13.09000015258789,13.079999923706055,13.09000015258789,20101,0.0,0.0,0.0
2025-05-22 03:50:00+00:00,13.09000015258789,13.100000381469727,13.09000015258789,13.100000381469727,13060,0.0,0.0,0.0
2025-05-22 03:55:00+00:00,13.09000015258789,13.09000015258789,13.09000015258789,13.09000015258789,2011,0.0,0.0,0.0
2025-05-22 04:00:00+00:00,13.09000015258789,13.100000381469727,13.09000015258789,13.100000381469727,5075,0.0,0.0,0.0
2025-05-22 04:05:00+00:00,13.079999923706055,13.079999923706055,13.079999923706055,13.079999923706055,4026,0.0,0.0,0.0
2025-05-22 04:10:00+00:00,13.079999923706055,13.079999923706055,13.079999923706055,13.079999923706055,6779,0.0,0.0,0.0
2025-05-22 04:20:00+00:00,13.079999923706055,13.079999923706055,13.079999923706055,13.079999923706055,24014,0.0,0.0,0.0
2025-05-22 04:25:00+00:00,13.079999923706055,13.079999923706055,13.079999923706055,13.079999923706055,4107,0.0,0.0,0.0
2025-05-22 04:30:00+00:00,13.079999923706055,13.09000015258789,13.069999694824219,13.079999923706055,78084,0.0,0.0,0.0
2025-05-22 04:35:00+00:00,13.09000015258789,13.09000015258789,13.09000015258789,13.09000015258789,39020,0.0,0.0,0.0
2025-05-22 04:40:00+00:00,13.09000015258789,13.09000015258789,13.079999923706055,13.079999923706055,3300,0.0,0.0,0.0
2025-05-22 04:45:00+00:00,13.069999694824219,13.069999694824219,13.069999694824219,13.069999694824219,13469,0.0,0.0,0.0
2025-05-22 04:50:00+00:00,13.069999694824219,13.069999694824219,13.069999694824219,13.069999694824219,21020,0.0,0.0,0.0
2025-05-22 04:55:00+00:00,13.069999694824219,13.069999694824219,13.069999694824219,13.069999694824219,16223,0.0,0.0,0.0
2025-05-22 05:00:00+00:00,13.069999694824219,13.079999923706055,13.069999694824219,13.069999694824219,15140,0.0,0.0,0.0
2025-05-22 05:05:00+00:00,13.069999694824219,13.069999694824219,13.069999694824219,13.069999694824219,8578,0.0,0.0,0.0
2025-05-22 05:10:00+00:00,13.069999694824219,13.079999923706055,13.069999694824219,13.079999923706055,126312,0.0,0.0,0.0
2025-05-22 05:15:00+00:00,13.079999923706055,13.079999923706055,13.079999923706055,13.079999923706055,5704,0.0,0.0,0.0
2025-05-22 05:20:00+00:00,13.079999923706055,13.079999923706055,13.079999923706055,13.079999923706055,19083,0.0,0.0,0.0
2025-05-23 01:00:00+00:00,13.1899995803833,13.199999809265137,13.15999984741211,13.170000076293945,0,0.0,0.0,0.0
2025-05-23 01:05:00+00:00,13.15999984741211,13.170000076293945,13.149999618530273,13.149999618530273,112000,0.0,0.0,0.0
2025-05-23 01:10:00+00:00,13.140000343322754,13.149999618530273,13.140000343322754,13.149999618530273,81348,0.0,0.0,0.0
2025-05-23 01:15:00+00:00,13.140000343322754,13.15999984741211,13.140000343322754,13.15999984741211,34165,0.0,0.0,0.0
2025-05-23 01:20:00+00:00,13.149999618530273,13.149999618530273,13.109999656677246,13.119999885559082,30716,0.0,0.0,0.0
2025-05-23 01:25:00+00:00,13.119999885559082,13.119999885559082,13.119999885559082,13.119999885559082,1069,0.0,0.0,0.0
2025-05-23 01:30:00+00:00,13.119999885559082,13.119999885559082,13.109999656677246,13.119999885559082,11125,0.0,0.0,0.0
2025-05-23 01:35:00+00:00,13.100000381469727,13.100000381469727,13.09000015258789,13.100000381469727,34538,0.0,0.0,0.0
2025-05-23 01:40:00+00:00,13.09000015258789,13.100000381469727,13.079999923706055,13.079999923706055,21102,0.0,0.0,0.0
2025-05-23 01:45:00+00:00,13.100000381469727,13.100000381469727,13.079999923706055,13.09000015258789,86346,0.0,0.0,0.0
2025-05-23 01:50:00+00:00,13.109999656677246,13.109999656677246,13.100000381469727,13.100000381469727,5021,0.0,0.0,0.0
2025-05-23 01:55:00+00:00,13.100000381469727,13.100000381469727,13.079999923706055,13.079999923706055,26010,0.0,0.0,0.0
2025-05-23 02:00:00+00:00,13.079999923706055,13.09000015258789,13.079999923706055,13.079999923706055,17912,0.0,0.0,0.0
2025-05-23 02:05:00+00:00,13.079999923706055,13.079999923706055,13.069999694824219,13.069999694824219,14405,0.0,0.0,0.0
2025-05-23 02:10:00+00:00,13.069999694824219,13.069999694824219,13.069999694824219,13.069999694824219,1006,0.0,0.0,0.0
2025-05-23 02:15:00+00:00,13.069999694824219,13.079999923706055,13.069999694824219,13.069999694824219,14392,0.0,0.0,0.0
2025-05-23 02:20:00+00:00,13.079999923706055,13.079999923706055,13.069999694824219,13.069999694824219,19116,0.0,0.0,0.0
2025-05-23 02:25:00+00:00,13.069999694824219,13.079999923706055,13.069999694824219,13.079999923706055,28825,0.0,0.0,0.0
2025-05-23 02:30:00+00:00,13.079999923706055,13.079999923706055,13.079999923706055,13.079999923706055,9128,0.0,0.0,0.0
2025-05-23 02:35:00+00:00,13.079999923706055,13.079999923706055,13.069999694824219,13.069999694824219,15022,0.0,0.0,0.0
2025-05-23 02:40:00+00:00,13.069999694824219,13.069999694824219,13.069999694824219,13.069999694824219,8019,0.0,0.0,0.0
2025-05-23 02:45:00+00:00,13.079999923706055,13.079999923706055,13.069999694824219,13.069999694824219,10189,0.0,0.0,0.0
2025-05-23 02:50:00+00:00,13.069999694824219,13.069999694824219,13.069999694824219,13.069999694824219,5225,0.0,0.0,0.0
2025-05-23 02:55:00+00:00,13.0600004196167,13.069999694824219,13.0600004196167,13.069999694824219,6254,0.0,0.0,0.0
2025-05-23 03:00:00+00:00,13.069999694824219,13.069999694824219,13.0600004196167,13.069999694824219,5118,0.0,0.0,0.0
2025-05-23 03:05:00+00:00,13.069999694824219,13.069999694824219,13.069999694824219,13.069999694824219,2034,0.0,0.0,0.0
2025-05-23 03:10:00+00:00,13.069999694824219,13.069999694824219,13.0600004196167,13.0600004196167,11018,0.0,0.0,0.0
2025-05-23 03:15:00+00:00,13.069999694824219,13.069999694824219,13.069999694824219,13.069999694824219,2082,0.0,0.0,0.0
2025-05-23 03:20:00+00:00,13.0600004196167,13.069999694824219,13.0600004196167,13.069999694824219,7023,0.0,0.0,0.0
2025-05-23 03:25:00+00:00,13.069999694824219,13.069999694824219,13.0600004196167,13.069999694824219,7021,0.0,0.0,0.0
2025-05-23 03:30:00+00:00,13.069999694824219,13.069999694824219,13.069999694824219,13.069999694824219,4074,0.0,0.0,0.0
2025-05-23 03:40:00+00:00,13.069999694824219,13.069999694824219,13.0600004196167,13.0600004196167,6002,0.0,0.0,0.0
2025-05-23 03:45:00+00:00,13.0600004196167,13.069999694824219,13.0600004196167,13.0600004196167,13013,0.0,0.0,0.0
2025-05-23 03:50:00+00:00,13.0600004196167,13.0600004196167,13.050000190734863,13.050000190734863,17264,0.0,0.0,0.0
2025-05-23 03:55:00+00:00,13.050000190734863,13.050000190734863,13.039999961853027,13.039999961853027,33298,0.0,0.0,0.0
2025-05-23 04:00:00+00:00,13.039999961853027,13.050000190734863,13.039999961853027,13.039999961853027,56770,0.0,0.0,0.0
2025-05-23 04:05:00+00:00,13.039999961853027,13.050000190734863,13.039999961853027,13.050000190734863,4205,0.0,0.0,0.0
2025-05-23 04:10:00+00:00,13.039999961853027,13.039999961853027,13.029999732971191,13.039999961853027,108623,0.0,0.0,0.0
2025-05-23 04:15:00+00:00,13.029999732971191,13.039999961853027,13.029999732971191,13.039999961853027,5054,0.0,0.0,0.0
2025-05-23 04:20:00+00:00,13.029999732971191,13.029999732971191,13.020000457763672,13.020000457763672,45078,0.0,0.0,0.0
2025-05-23 04:25:00+00:00,13.020000457763672,13.020000457763672,13.010000228881836,13.010000228881836,28794,0.0,0.0,0.0
2025-05-23 04:30:00+00:00,13.020000457763672,13.020000457763672,13.0,13.0,46550,0.0,0.0,0.0
2025-05-23 04:35:00+00:00,13.020000457763672,13.020000457763672,13.020000457763672,13.020000457763672,52310,0.0,0.0,0.0
2025-05-23 04:40:00+00:00,13.020000457763672,13.020000457763672,13.010000228881836,13.020000457763672,36386,0.0,0.0,0.0
2025-05-23 04:45:00+00:00,13.020000457763672,13.020000457763672,13.010000228881836,13.010000228881836,25160,0.0,0.0,0.0
2025-05-23 04:50:00+00:00,13.010000228881836,13.010000228881836,13.0,13.010000228881836,40850,0.0,0.0,0.0
2025-05-23 04:55:00+00:00,13.0,13.010000228881836,13.0,13.010000228881836,9566,0.0,0.0,0.0
2025-05-23 05:00:00+00:00,13.0,13.010000228881836,13.0,13.010000228881836,47480,0.0,0.0,0.0
2025-05-23 05:05:00+00:00,13.029999732971191,13.029999732971191,13.020000457763672,13.020000457763672,2110,0.0,0.0,0.0
2025-05-23 05:10:00+00:00,13.020000457763672,13.029999732971191,13.020000457763672,13.029999732971191,12554,0.0,0.0,0.0
2025-05-23 05:15:00+00:00,13.029999732971191,13.029999732971191,13.020000457763672,13.020000457763672,19816,0.0,0.0,0.0
2025-05-23 05:20:00+00:00,13.029999732971191,13.039999961853027,13.020000457763672,13.029999732971191,61663,0.0,0.0,0.0
2025-05-26 01:00:00+00:00,13.0600004196167,13.0600004196167,13.0,13.0,0,0.0,0.0,0.0
2025-05-26 01:05:00+00:00,13.0,13.039999961853027,13.0,13.039999961853027,209364,0.0,0.0,0.0
2025-05-26 01:10:00+00:00,13.039999961853027,13.050000190734863,13.029999732971191,13.039999961853027,46788,0.0,0.0,0.0
2025-05-26 01:15:00+00:00,13.050000190734863,13.069999694824219,13.039999961853027,13.069999694824219,51215,0.0,0.0,0.0
2025-05-26 01:20:00+00:00,13.069999694824219,13.069999694824219,13.050000190734863,13.050000190734863,17891,0.0,0.0,0.0
2025-05-26 01:25:00+00:00,13.039999961853027,13.050000190734863,13.029999732971191,13.039999961853027,70525,0.0,0.0,0.0
2025-05-26 01:30:00+00:00,13.039999961853027,13.039999961853027,13.010000228881836,13.020000457763672,21048,0.0,0.0,0.0
2025-05-26 01:35:00+00:00,13.020000457763672,13.020000457763672,13.010000228881836,13.020000457763672,8477,0.0,0.0,0.0
2025-05-26 01:40:00+00:00,13.020000457763672,13.020000457763672,13.010000228881836,13.020000457763672,13237,0.0,0.0,0.0
2025-05-26 01:45:00+00:00,13.020000457763672,13.029999732971191,13.010000228881836,13.029999732971191,40626,0.0,0.0,0.0
2025-05-26 01:50:00+00:00,13.029999732971191,13.029999732971191,13.029999732971191,13.029999732971191,36058,0.0,0.0,0.0
2025-05-26 01:55:00+00:00,13.029999732971191,13.039999961853027,13.029999732971191,13.039999961853027,14198,0.0,0.0,0.0
2025-05-26 02:00:00+00:00,13.039999961853027,13.050000190734863,13.039999961853027,13.050000190734863,43279,0.0,0.0,0.0
2025-05-26 02:05:00+00:00,13.0600004196167,13.069999694824219,13.0600004196167,13.069999694824219,29058,0.0,0.0,0.0
2025-05-26 02:10:00+00:00,13.0600004196167,13.069999694824219,13.0600004196167,13.0600004196167,8927,0.0,0.0,0.0
2025-05-26 02:15:00+00:00,13.069999694824219,13.069999694824219,13.050000190734863,13.069999694824219,53911,0.0,0.0,0.0
2025-05-26 02:20:00+00:00,13.069999694824219,13.069999694824219,13.069999694824219,13.069999694824219,2287,0.0,0.0,0.0
2025-05-26 02:25:00+00:00,13.050000190734863,13.050000190734863,13.039999961853027,13.039999961853027,8085,0.0,0.0,0.0
2025-05-26 02:30:00+00:00,13.039999961853027,13.050000190734863,13.039999961853027,13.050000190734863,7172,0.0,0.0,0.0
2025-05-26 02:35:00+00:00,13.039999961853027,13.039999961853027,13.039999961853027,13.039999961853027,3163,0.0,0.0,0.0
2025-05-26 02:40:00+00:00,13.039999961853027,13.039999961853027,13.029999732971191,13.029999732971191,4073,0.0,0.0,0.0
2025-05-26 02:45:00+00:00,13.039999961853027,13.039999961853027,13.039999961853027,13.039999961853027,5147,0.0,0.0,0.0
2025-05-26 02:50:00+00:00,13.029999732971191,13.039999961853027,13.029999732971191,13.029999732971191,10113,0.0,0.0,0.0
2025-05-26 02:55:00+00:00,13.039999961853027,13.039999961853027,13.039999961853027,13.039999961853027,3158,0.0,0.0,0.0
2025-05-26 03:00:00+00:00,13.029999732971191,13.050000190734863,13.029999732971191,13.050000190734863,20172,0.0,0.0,0.0
2025-05-26 03:05:00+00:00,13.050000190734863,13.050000190734863,13.050000190734863,13.050000190734863,7563,0.0,0.0,0.0
2025-05-26 03:10:00+00:00,13.039999961853027,13.050000190734863,13.039999961853027,13.039999961853027,5119,0.0,0.0,0.0
2025-05-26 03:15:00+00:00,13.039999961853027,13.039999961853027,13.039999961853027,13.039999961853027,2222,0.0,0.0,0.0
2025-05-26 03:20:00+00:00,13.039999961853027,13.039999961853027,13.029999732971191,13.029999732971191,4058,0.0,0.0,0.0
2025-05-26 03:25:00+00:00,13.029999732971191,13.029999732971191,13.020000457763672,13.020000457763672,28053,0.0,0.0,0.0
2025-05-26 03:30:00+00:00,13.039999961853027,13.039999961853027,13.020000457763672,13.020000457763672,5153,0.0,0.0,0.0
2025-05-26 03:35:00+00:00,13.020000457763672,13.020000457763672,13.010000228881836,13.010000228881836,11141,0.0,0.0,0.0
2025-05-26 03:40:00+00:00,13.010000228881836,13.020000457763672,13.010000228881836,13.010000228881836,5024,0.0,0.0,0.0
2025-05-26 03:45:00+00:00,13.010000228881836,13.029999732971191,13.010000228881836,13.020000457763672,5081,0.0,0.0,0.0
2025-05-26 03:50:00+00:00,13.020000457763672,13.020000457763672,13.010000228881836,13.010000228881836,18135,0.0,0.0,0.0
2025-05-26 03:55:00+00:00,13.020000457763672,13.020000457763672,13.0,13.010000228881836,9302,0.0,0.0,0.0
2025-05-26 04:00:00+00:00,13.010000228881836,13.010000228881836,13.0,13.010000228881836,5035,0.0,0.0,0.0
2025-05-26 04:05:00+00:00,13.010000228881836,13.029999732971191,13.0,13.029999732971191,39710,0.0,0.0,0.0
2025-05-26 04:10:00+00:00,13.010000228881836,13.010000228881836,13.0,13.010000228881836,18631,0.0,0.0,0.0
2025-05-26 04:15:00+00:00,13.010000228881836,13.010000228881836,13.0,13.010000228881836,23183,0.0,0.0,0.0
2025-05-26 04:20:00+00:00,13.010000228881836,13.010000228881836,13.010000228881836,13.010000228881836,5016,0.0,0.0,0.0
2025-05-26 04:25:00+00:00,13.010000228881836,13.010000228881836,13.010000228881836,13.010000228881836,35092,0.0,0.0,0.0
2025-05-26 04:30:00+00:00,13.010000228881836,13.020000457763672,13.010000228881836,13.020000457763672,16370,0.0,0.0,0.0
2025-05-26 04:35:00+00:00,13.020000457763672,13.020000457763672,13.020000457763672,13.020000457763672,4469,0.0,0.0,0.0
2025-05-26 04:40:00+00:00,13.020000457763672,13.020000457763672,13.020000457763672,13.020000457763672,16518,0.0,0.0,0.0
2025-05-26 04:50:00+00:00,13.020000457763672,13.020000457763672,13.010000228881836,13.010000228881836,14578,0.0,0.0,0.0
2025-05-26 05:00:00+00:00,13.010000228881836,13.010000228881836,13.0,13.010000228881836,13056,0.0,0.0,0.0
2025-05-26 05:05:00+00:00,13.010000228881836,13.010000228881836,13.0,13.0,79435,0.0,0.0,0.0
2025-05-26 05:10:00+00:00,13.0,13.010000228881836,13.0,13.0,29235,0.0,0.0,0.0
2025-05-26 05:15:00+00:00,13.010000228881836,13.010000228881836,13.0,13.0,24829,0.0,0.0,0.0
2025-05-26 05:20:00+00:00,13.0,13.0,13.0,13.0,59420,0.0,0.0,0.0
2025-05-27 01:00:00+00:00,13.010000228881836,13.010000228881836,12.949999809265137,12.949999809265137,0,0.0,0.0,0.0
2025-05-27 01:05:00+00:00,12.949999809265137,12.979999542236328,12.949999809265137,12.960000038146973,14557,0.0,0.0,0.0
2025-05-27 01:10:00+00:00,12.960000038146973,12.960000038146973,12.949999809265137,12.949999809265137,46814,0.0,0.0,0.0
2025-05-27 01:15:00+00:00,12.949999809265137,12.960000038146973,12.949999809265137,12.949999809265137,88104,0.0,0.0,0.0
2025-05-27 01:20:00+00:00,12.960000038146973,12.960000038146973,12.949999809265137,12.949999809265137,12795,0.0,0.0,0.0
2025-05-27 01:25:00+00:00,12.949999809265137,12.979999542236328,12.949999809265137,12.979999542236328,16239,0.0,0.0,0.0
2025-05-27 01:30:00+00:00,12.989999771118164,12.989999771118164,12.979999542236328,12.979999542236328,8758,0.0,0.0,0.0
2025-05-27 01:35:00+00:00,12.979999542236328,12.979999542236328,12.979999542236328,12.979999542236328,10037,0.0,0.0,0.0
2025-05-27 01:40:00+00:00,12.979999542236328,12.979999542236328,12.970000267028809,12.970000267028809,14037,0.0,0.0,0.0
2025-05-27 01:45:00+00:00,12.970000267028809,12.979999542236328,12.960000038146973,12.979999542236328,6090,0.0,0.0,0.0
2025-05-27 01:50:00+00:00,12.960000038146973,12.960000038146973,12.9399995803833,12.9399995803833,100784,0.0,0.0,0.0
2025-05-27 01:55:00+00:00,12.9399995803833,12.9399995803833,12.899999618530273,12.899999618530273,136532,0.0,0.0,0.0
2025-05-27 02:00:00+00:00,12.899999618530273,12.899999618530273,12.890000343322754,12.890000343322754,36547,0.0,0.0,0.0
2025-05-27 02:05:00+00:00,12.890000343322754,12.899999618530273,12.890000343322754,12.890000343322754,6933,0.0,0.0,0.0
2025-05-27 02:10:00+00:00,12.890000343322754,12.890000343322754,12.869999885559082,12.869999885559082,89248,0.0,0.0,0.0
2025-05-27 02:15:00+00:00,12.880000114440918,12.890000343322754,12.880000114440918,12.890000343322754,20033,0.0,0.0,0.0
2025-05-27 02:20:00+00:00,12.890000343322754,12.890000343322754,12.880000114440918,12.880000114440918,53781,0.0,0.0,0.0
2025-05-27 02:25:00+00:00,12.890000343322754,12.890000343322754,12.890000343322754,12.890000343322754,5000,0.0,0.0,0.0
2025-05-27 02:30:00+00:00,12.890000343322754,12.899999618530273,12.890000343322754,12.899999618530273,60418,0.0,0.0,0.0
2025-05-27 02:35:00+00:00,12.920000076293945,12.920000076293945,12.920000076293945,12.920000076293945,2346,0.0,0.0,0.0
2025-05-27 02:40:00+00:00,12.90999984741211,12.920000076293945,12.90999984741211,12.920000076293945,7095,0.0,0.0,0.0
2025-05-27 02:45:00+00:00,12.920000076293945,12.920000076293945,12.90999984741211,12.90999984741211,11054,0.0,0.0,0.0
2025-05-27 02:50:00+00:00,12.899999618530273,12.899999618530273,12.899999618530273,12.899999618530273,1368,0.0,0.0,0.0
2025-05-27 02:55:00+00:00,12.920000076293945,12.920000076293945,12.920000076293945,12.920000076293945,4023,0.0,0.0,0.0
2025-05-27 03:00:00+00:00,12.920000076293945,12.920000076293945,12.920000076293945,12.920000076293945,6468,0.0,0.0,0.0
2025-05-27 03:05:00+00:00,12.90999984741211,12.90999984741211,12.90999984741211,12.90999984741211,3202,0.0,0.0,0.0
2025-05-27 03:10:00+00:00,12.90999984741211,12.90999984741211,12.899999618530273,12.899999618530273,18444,0.0,0.0,0.0
2025-05-27 03:15:00+00:00,12.90999984741211,12.90999984741211,12.890000343322754,12.890000343322754,6234,0.0,0.0,0.0
2025-05-27 03:20:00+00:00,12.899999618530273,12.899999618530273,12.890000343322754,12.899999618530273,3245,0.0,0.0,0.0
2025-05-27 03:25:00+00:00,12.899999618530273,12.899999618530273,12.899999618530273,12.899999618530273,3021,0.0,0.0,0.0
2025-05-27 03:30:00+00:00,12.899999618530273,12.899999618530273,12.890000343322754,12.890000343322754,12507,0.0,0.0,0.0
2025-05-27 03:35:00+00:00,12.899999618530273,12.899999618530273,12.890000343322754,12.890000343322754,4808,0.0,0.0,0.0
2025-05-27 03:40:00+00:00,12.890000343322754,12.890000343322754,12.890000343322754,12.890000343322754,2201,0.0,0.0,0.0
2025-05-27 03:45:00+00:00,12.890000343322754,12.890000343322754,12.890000343322754,12.890000343322754,3028,0.0,0.0,0.0
2025-05-27 03:50:00+00:00,12.890000343322754,12.890000343322754,12.890000343322754,12.890000343322754,6141,0.0,0.0,0.0
2025-05-27 03:55:00+00:00,12.880000114440918,12.890000343322754,12.880000114440918,12.880000114440918,55806,0.0,0.0,0.0
2025-05-27 04:00:00+00:00,12.880000114440918,12.880000114440918,12.859999656677246,12.869999885559082,47147,0.0,0.0,0.0
2025-05-27 04:05:00+00:00,12.869999885559082,12.869999885559082,12.859999656677246,12.869999885559082,20349,0.0,0.0,0.0
2025-05-27 04:10:00+00:00,12.869999885559082,12.869999885559082,12.859999656677246,12.869999885559082,17125,0.0,0.0,0.0
2025-05-27 04:15:00+00:00,12.869999885559082,12.869999885559082,12.859999656677246,12.859999656677246,9302,0.0,0.0,0.0
2025-05-27 04:20:00+00:00,12.869999885559082,12.869999885559082,12.850000381469727,12.850000381469727,73279,0.0,0.0,0.0
2025-05-27 04:25:00+00:00,12.859999656677246,12.859999656677246,12.850000381469727,12.850000381469727,24335,0.0,0.0,0.0
2025-05-27 04:30:00+00:00,12.859999656677246,12.869999885559082,12.850000381469727,12.850000381469727,34055,0.0,0.0,0.0
2025-05-27 04:35:00+00:00,12.859999656677246,12.859999656677246,12.850000381469727,12.850000381469727,9313,0.0,0.0,0.0
2025-05-27 04:40:00+00:00,12.850000381469727,12.859999656677246,12.850000381469727,12.850000381469727,52348,0.0,0.0,0.0
2025-05-27 04:45:00+00:00,12.859999656677246,12.859999656677246,12.84000015258789,12.84000015258789,74371,0.0,0.0,0.0
2025-05-27 04:50:00+00:00,12.859999656677246,12.859999656677246,12.84000015258789,12.850000381469727,14172,0.0,0.0,0.0
2025-05-27 04:55:00+00:00,12.850000381469727,12.859999656677246,12.850000381469727,12.859999656677246,51294,0.0,0.0,0.0
2025-05-27 05:00:00+00:00,12.859999656677246,12.869999885559082,12.859999656677246,12.869999885559082,24070,0.0,0.0,0.0
2025-05-27 05:05:00+00:00,12.869999885559082,12.869999885559082,12.869999885559082,12.869999885559082,8785,0.0,0.0,0.0
2025-05-27 05:10:00+00:00,12.859999656677246,12.869999885559082,12.859999656677246,12.859999656677246,7389,0.0,0.0,0.0
2025-05-27 05:15:00+00:00,12.869999885559082,12.869999885559082,12.859999656677246,12.869999885559082,14752,0.0,0.0,0.0
2025-05-27 05:20:00+00:00,12.869999885559082,12.869999885559082,12.859999656677246,12.859999656677246,55703,0.0,0.0,0.0
2025-05-28 01:00:00+00:00,12.989999771118164,13.079999923706055,12.989999771118164,13.050000190734863,0,0.0,0.0,0.0
2025-05-28 01:05:00+00:00,13.050000190734863,13.0600004196167,13.029999732971191,13.029999732971191,122275,0.0,0.0,0.0
2025-05-28 01:10:00+00:00,13.029999732971191,13.029999732971191,13.029999732971191,13.029999732971191,30227,0.0,0.0,0.0
2025-05-28 01:15:00+00:00,13.020000457763672,13.039999961853027,13.020000457763672,13.039999961853027,6253,0.0,0.0,0.0
2025-05-28 01:20:00+00:00,13.029999732971191,13.039999961853027,13.020000457763672,13.029999732971191,106027,0.0,0.0,0.0
2025-05-28 01:25:00+00:00,13.029999732971191,13.029999732971191,13.020000457763672,13.020000457763672,18234,0.0,0.0,0.0
2025-05-28 01:30:00+00:00,13.029999732971191,13.029999732971191,12.979999542236328,12.979999542236328,83961,0.0,0.0,0.0
2025-05-28 01:35:00+00:00,12.989999771118164,12.989999771118164,12.989999771118164,12.989999771118164,7213,0.0,0.0,0.0
2025-05-28 01:40:00+00:00,12.979999542236328,12.989999771118164,12.979999542236328,12.989999771118164,40148,0.0,0.0,0.0
2025-05-28 01:45:00+00:00,12.989999771118164,12.989999771118164,12.960000038146973,12.970000267028809,48925,0.0,0.0,0.0
2025-05-28 01:50:00+00:00,12.970000267028809,12.970000267028809,12.970000267028809,12.970000267028809,9135,0.0,0.0,0.0
2025-05-28 01:55:00+00:00,12.960000038146973,12.960000038146973,12.960000038146973,12.960000038146973,1079,0.0,0.0,0.0
2025-05-28 02:00:00+00:00,12.960000038146973,12.960000038146973,12.960000038146973,12.960000038146973,21241,0.0,0.0,0.0
2025-05-28 02:05:00+00:00,12.960000038146973,12.960000038146973,12.960000038146973,12.960000038146973,6211,0.0,0.0,0.0
2025-05-28 02:10:00+00:00,12.960000038146973,12.979999542236328,12.960000038146973,12.979999542236328,22521,0.0,0.0,0.0
2025-05-28 02:15:00+00:00,12.979999542236328,12.979999542236328,12.979999542236328,12.979999542236328,12043,0.0,0.0,0.0
2025-05-28 02:20:00+00:00,12.970000267028809,12.970000267028809,12.949999809265137,12.949999809265137,31817,0.0,0.0,0.0
2025-05-28 02:25:00+00:00,12.9399995803833,12.9399995803833,12.9399995803833,12.9399995803833,1061,0.0,0.0,0.0
2025-05-28 02:30:00+00:00,12.949999809265137,12.970000267028809,12.949999809265137,12.970000267028809,3134,0.0,0.0,0.0
2025-05-28 02:35:00+00:00,12.960000038146973,12.960000038146973,12.949999809265137,12.960000038146973,4223,0.0,0.0,0.0
2025-05-28 02:40:00+00:00,12.960000038146973,12.960000038146973,12.960000038146973,12.960000038146973,5033,0.0,0.0,0.0
2025-05-28 02:45:00+00:00,12.949999809265137,12.949999809265137,12.9399995803833,12.9399995803833,10583,0.0,0.0,0.0
2025-05-28 02:50:00+00:00,12.9399995803833,12.9399995803833,12.9399995803833,12.9399995803833,24081,0.0,0.0,0.0
2025-05-28 02:55:00+00:00,12.930000305175781,12.9399995803833,12.930000305175781,12.9399995803833,37318,0.0,0.0,0.0
2025-05-28 03:00:00+00:00,12.9399995803833,12.949999809265137,12.9399995803833,12.949999809265137,98028,0.0,0.0,0.0
2025-05-28 03:05:00+00:00,12.960000038146973,12.960000038146973,12.960000038146973,12.960000038146973,2162,0.0,0.0,0.0
2025-05-28 03:10:00+00:00,12.960000038146973,12.960000038146973,12.960000038146973,12.960000038146973,8017,0.0,0.0,0.0
2025-05-28 03:15:00+00:00,12.970000267028809,12.970000267028809,12.970000267028809,12.970000267028809,2350,0.0,0.0,0.0
2025-05-28 03:20:00+00:00,12.970000267028809,12.970000267028809,12.970000267028809,12.970000267028809,1222,0.0,0.0,0.0
2025-05-28 03:25:00+00:00,12.949999809265137,12.949999809265137,12.949999809265137,12.949999809265137,1029,0.0,0.0,0.0
2025-05-28 03:30:00+00:00,12.949999809265137,12.949999809265137,12.9399995803833,12.949999809265137,4010,0.0,0.0,0.0
2025-05-28 03:35:00+00:00,12.9399995803833,12.9399995803833,12.9399995803833,12.9399995803833,13108,0.0,0.0,0.0
2025-05-28 03:40:00+00:00,12.9399995803833,12.9399995803833,12.920000076293945,12.920000076293945,10941,0.0,0.0,0.0
2025-05-28 03:45:00+00:00,12.930000305175781,12.930000305175781,12.930000305175781,12.930000305175781,1487,0.0,0.0,0.0
2025-05-28 03:50:00+00:00,12.920000076293945,12.920000076293945,12.920000076293945,12.920000076293945,1975,0.0,0.0,0.0
2025-05-28 03:55:00+00:00,12.90999984741211,12.90999984741211,12.90999984741211,12.90999984741211,7434,0.0,0.0,0.0
2025-05-28 04:00:00+00:00,12.90999984741211,12.90999984741211,12.899999618530273,12.90999984741211,7022,0.0,0.0,0.0
2025-05-28 04:05:00+00:00,12.90999984741211,12.90999984741211,12.90999984741211,12.90999984741211,6006,0.0,0.0,0.0
2025-05-28 04:10:00+00:00,12.90999984741211,12.90999984741211,12.90999984741211,12.90999984741211,26510,0.0,0.0,0.0
2025-05-28 04:15:00+00:00,12.90999984741211,12.90999984741211,12.899999618530273,12.899999618530273,6090,0.0,0.0,0.0
2025-05-28 04:20:00+00:00,12.899999618530273,12.899999618530273,12.899999618530273,12.899999618530273,24160,0.0,0.0,0.0
2025-05-28 04:25:00+00:00,12.899999618530273,12.899999618530273,12.890000343322754,12.890000343322754,11419,0.0,0.0,0.0
2025-05-28 04:30:00+00:00,12.899999618530273,12.899999618530273,12.869999885559082,12.869999885559082,29765,0.0,0.0,0.0
2025-05-28 04:35:00+00:00,12.859999656677246,12.859999656677246,12.859999656677246,12.859999656677246,23104,0.0,0.0,0.0
2025-05-28 04:40:00+00:00,12.859999656677246,12.859999656677246,12.850000381469727,12.859999656677246,51896,0.0,0.0,0.0
2025-05-28 04:45:00+00:00,12.869999885559082,12.890000343322754,12.869999885559082,12.890000343322754,14078,0.0,0.0,0.0
2025-05-28 04:50:00+00:00,12.880000114440918,12.890000343322754,12.880000114440918,12.890000343322754,3082,0.0,0.0,0.0
2025-05-28 04:55:00+00:00,12.880000114440918,12.880000114440918,12.869999885559082,12.869999885559082,8503,0.0,0.0,0.0
2025-05-28 05:00:00+00:00,12.869999885559082,12.869999885559082,12.869999885559082,12.869999885559082,15540,0.0,0.0,0.0
2025-05-28 05:05:00+00:00,12.869999885559082,12.890000343322754,12.869999885559082,12.890000343322754,129646,0.0,0.0,0.0
2025-05-28 05:10:00+00:00,12.890000343322754,12.890000343322754,12.890000343322754,12.890000343322754,37431,0.0,0.0,0.0
2025-05-28 05:15:00+00:00,12.899999618530273,12.899999618530273,12.890000343322754,12.899999618530273,106461,0.0,0.0,0.0
2025-05-28 05:20:00+00:00,12.899999618530273,12.90999984741211,12.899999618530273,12.90999984741211,23563,0.0,0.0,0.0
2025-05-29 01:00:00+00:00,13.050000190734863,13.069999694824219,13.010000228881836,13.039999961853027,0,0.0,0.0,0.0
2025-05-29 01:05:00+00:00,13.010000228881836,13.010000228881836,12.970000267028809,12.970000267028809,174999,0.0,0.0,0.0
2025-05-29 01:10:00+00:00,12.989999771118164,12.989999771118164,12.949999809265137,12.960000038146973,85207,0.0,0.0,0.0
2025-05-29 01:15:00+00:00,12.960000038146973,12.960000038146973,12.960000038146973,12.960000038146973,119832,0.0,0.0,0.0
2025-05-29 01:20:00+00:00,12.949999809265137,12.960000038146973,12.949999809265137,12.960000038146973,54011,0.0,0.0,0.0
2025-05-29 01:25:00+00:00,12.960000038146973,12.970000267028809,12.960000038146973,12.970000267028809,2570,0.0,0.0,0.0
2025-05-29 01:30:00+00:00,12.970000267028809,12.970000267028809,12.960000038146973,12.970000267028809,66936,0.0,0.0,0.0
2025-05-29 01:35:00+00:00,12.979999542236328,12.989999771118164,12.979999542236328,12.989999771118164,32674,0.0,0.0,0.0
2025-05-29 01:40:00+00:00,13.0,13.010000228881836,13.0,13.010000228881836,29810,0.0,0.0,0.0
2025-05-29 01:45:00+00:00,13.010000228881836,13.010000228881836,13.0,13.0,36145,0.0,0.0,0.0
2025-05-29 01:50:00+00:00,12.989999771118164,13.0,12.989999771118164,12.989999771118164,14537,0.0,0.0,0.0
2025-05-29 01:55:00+00:00,12.970000267028809,12.989999771118164,12.970000267028809,12.989999771118164,5430,0.0,0.0,0.0
2025-05-29 02:00:00+00:00,12.989999771118164,13.0,12.989999771118164,12.989999771118164,8417,0.0,0.0,0.0
2025-05-29 02:05:00+00:00,12.979999542236328,12.979999542236328,12.979999542236328,12.979999542236328,29534,0.0,0.0,0.0
2025-05-29 02:15:00+00:00,12.979999542236328,12.979999542236328,12.970000267028809,12.970000267028809,15516,0.0,0.0,0.0
2025-05-29 02:20:00+00:00,12.970000267028809,12.970000267028809,12.970000267028809,12.970000267028809,4034,0.0,0.0,0.0
2025-05-29 02:25:00+00:00,12.960000038146973,12.960000038146973,12.949999809265137,12.960000038146973,22458,0.0,0.0,0.0
2025-05-29 02:30:00+00:00,12.960000038146973,12.970000267028809,12.949999809265137,12.949999809265137,64364,0.0,0.0,0.0
2025-05-29 02:35:00+00:00,12.949999809265137,12.949999809265137,12.949999809265137,12.949999809265137,2045,0.0,0.0,0.0
2025-05-29 02:40:00+00:00,12.970000267028809,12.970000267028809,12.960000038146973,12.970000267028809,7345,0.0,0.0,0.0
2025-05-29 02:45:00+00:00,12.970000267028809,12.970000267028809,12.960000038146973,12.960000038146973,12091,0.0,0.0,0.0
2025-05-29 02:50:00+00:00,12.960000038146973,12.960000038146973,12.960000038146973,12.960000038146973,10045,0.0,0.0,0.0
2025-05-29 02:55:00+00:00,12.960000038146973,12.970000267028809,12.949999809265137,12.949999809265137,17061,0.0,0.0,0.0
2025-05-29 03:00:00+00:00,12.970000267028809,12.970000267028809,12.960000038146973,12.970000267028809,31063,0.0,0.0,0.0
2025-05-29 03:05:00+00:00,12.960000038146973,12.970000267028809,12.949999809265137,12.949999809265137,18057,0.0,0.0,0.0
2025-05-29 03:10:00+00:00,12.949999809265137,12.970000267028809,12.949999809265137,12.970000267028809,75034,0.0,0.0,0.0
2025-05-29 03:15:00+00:00,12.979999542236328,12.979999542236328,12.979999542236328,12.979999542236328,1140,0.0,0.0,0.0
2025-05-29 03:20:00+00:00,12.979999542236328,12.979999542236328,12.970000267028809,12.970000267028809,19166,0.0,0.0,0.0
2025-05-29 03:25:00+00:00,12.979999542236328,12.979999542236328,12.979999542236328,12.979999542236328,42051,0.0,0.0,0.0
2025-05-29 03:30:00+00:00,12.989999771118164,12.989999771118164,12.989999771118164,12.989999771118164,10254,0.0,0.0,0.0
2025-05-29 03:35:00+00:00,12.989999771118164,13.0,12.989999771118164,12.989999771118164,12118,0.0,0.0,0.0
2025-05-29 03:40:00+00:00,12.979999542236328,12.979999542236328,12.979999542236328,12.979999542236328,2235,0.0,0.0,0.0
2025-05-29 03:45:00+00:00,12.979999542236328,12.979999542236328,12.979999542236328,12.979999542236328,2146,0.0,0.0,0.0
2025-05-29 03:50:00+00:00,12.970000267028809,12.979999542236328,12.970000267028809,12.970000267028809,6022,0.0,0.0,0.0
2025-05-29 03:55:00+00:00,12.979999542236328,12.979999542236328,12.979999542236328,12.979999542236328,2129,0.0,0.0,0.0
2025-05-29 04:00:00+00:00,12.970000267028809,12.979999542236328,12.970000267028809,12.979999542236328,19623,0.0,0.0,0.0
2025-05-29 04:05:00+00:00,12.979999542236328,12.979999542236328,12.979999542236328,12.979999542236328,2001,0.0,0.0,0.0
2025-05-29 04:10:00+00:00,12.979999542236328,12.979999542236328,12.970000267028809,12.970000267028809,2900,0.0,0.0,0.0
2025-05-29 04:15:00+00:00,12.960000038146973,12.960000038146973,12.949999809265137,12.949999809265137,10006,0.0,0.0,0.0
2025-05-29 04:20:00+00:00,12.960000038146973,12.960000038146973,12.949999809265137,12.949999809265137,25946,0.0,0.0,0.0
2025-05-29 04:25:00+00:00,12.9399995803833,12.949999809265137,12.930000305175781,12.949999809265137,51916,0.0,0.0,0.0
2025-05-29 04:30:00+00:00,12.960000038146973,12.960000038146973,12.960000038146973,12.960000038146973,3230,0.0,0.0,0.0
2025-05-29 04:35:00+00:00,12.960000038146973,12.960000038146973,12.960000038146973,12.960000038146973,1000,0.0,0.0,0.0
2025-05-29 04:40:00+00:00,12.949999809265137,12.960000038146973,12.949999809265137,12.949999809265137,16108,0.0,0.0,0.0
2025-05-29 04:45:00+00:00,12.949999809265137,12.960000038146973,12.949999809265137,12.949999809265137,17250,0.0,0.0,0.0
2025-05-29 04:50:00+00:00,12.949999809265137,12.960000038146973,12.949999809265137,12.960000038146973,60000,0.0,0.0,0.0
2025-05-29 04:55:00+00:00,12.960000038146973,12.960000038146973,12.960000038146973,12.960000038146973,14212,0.0,0.0,0.0
2025-05-29 05:00:00+00:00,12.970000267028809,12.970000267028809,12.949999809265137,12.960000038146973,45100,0.0,0.0,0.0
2025-05-29 05:05:00+00:00,12.960000038146973,12.960000038146973,12.9399995803833,12.949999809265137,130273,0.0,0.0,0.0
2025-05-29 05:10:00+00:00,12.949999809265137,12.949999809265137,12.9399995803833,12.949999809265137,8343,0.0,0.0,0.0
2025-05-29 05:15:00+00:00,12.960000038146973,12.960000038146973,12.949999809265137,12.949999809265137,5122,0.0,0.0,0.0
2025-05-29 05:20:00+00:00,12.949999809265137,12.970000267028809,12.949999809265137,12.970000267028809,94076,0.0,0.0,0.0
2025-06-02 01:00:00+00:00,12.880000114440918,12.890000343322754,12.779999732971191,12.779999732971191,0,0.0,0.0,0.0
2025-06-02 01:05:00+00:00,12.800000190734863,12.819999694824219,12.779999732971191,12.819999694824219,104821,0.0,0.0,0.0
2025-06-02 01:10:00+00:00,12.829999923706055,12.84000015258789,12.819999694824219,12.829999923706055,22857,0.0,0.0,0.0
2025-06-02 01:15:00+00:00,12.829999923706055,12.829999923706055,12.8100004196167,12.8100004196167,82835,0.0,0.0,0.0
2025-06-02 01:20:00+00:00,12.800000190734863,12.800000190734863,12.789999961853027,12.789999961853027,69303,0.0,0.0,0.0
2025-06-02 01:25:00+00:00,12.779999732971191,12.779999732971191,12.770000457763672,12.770000457763672,110525,0.0,0.0,0.0
2025-06-02 01:30:00+00:00,12.770000457763672,12.770000457763672,12.75,12.760000228881836,49159,0.0,0.0,0.0
2025-06-02 01:35:00+00:00,12.760000228881836,12.760000228881836,12.75,12.760000228881836,68106,0.0,0.0,0.0
2025-06-02 01:40:00+00:00,12.75,12.760000228881836,12.739999771118164,12.75,21631,0.0,0.0,0.0
2025-06-02 01:45:00+00:00,12.739999771118164,12.75,12.729999542236328,12.739999771118164,85547,0.0,0.0,0.0
2025-06-02 01:50:00+00:00,12.75,12.75,12.729999542236328,12.729999542236328,224428,0.0,0.0,0.0
2025-06-02 01:55:00+00:00,12.729999542236328,12.729999542236328,12.720000267028809,12.729999542236328,59072,0.0,0.0,0.0
2025-06-02 02:00:00+00:00,12.729999542236328,12.739999771118164,12.729999542236328,12.739999771118164,6353,0.0,0.0,0.0
2025-06-02 02:05:00+00:00,12.75,12.75,12.75,12.75,8620,0.0,0.0,0.0
2025-06-02 02:10:00+00:00,12.739999771118164,12.760000228881836,12.739999771118164,12.760000228881836,93249,0.0,0.0,0.0
2025-06-02 02:15:00+00:00,12.760000228881836,12.770000457763672,12.760000228881836,12.760000228881836,18527,0.0,0.0,0.0
2025-06-02 02:20:00+00:00,12.770000457763672,12.770000457763672,12.770000457763672,12.770000457763672,2118,0.0,0.0,0.0
2025-06-02 02:25:00+00:00,12.770000457763672,12.770000457763672,12.75,12.760000228881836,68302,0.0,0.0,0.0
2025-06-02 02:30:00+00:00,12.760000228881836,12.760000228881836,12.75,12.75,77579,0.0,0.0,0.0
2025-06-02 02:35:00+00:00,12.739999771118164,12.739999771118164,12.739999771118164,12.739999771118164,21432,0.0,0.0,0.0
2025-06-02 02:40:00+00:00,12.739999771118164,12.739999771118164,12.729999542236328,12.729999542236328,58526,0.0,0.0,0.0
2025-06-02 02:45:00+00:00,12.729999542236328,12.729999542236328,12.729999542236328,12.729999542236328,4419,0.0,0.0,0.0
2025-06-02 02:50:00+00:00,12.720000267028809,12.729999542236328,12.710000038146973,12.710000038146973,145755,0.0,0.0,0.0
2025-06-02 02:55:00+00:00,12.710000038146973,12.720000267028809,12.710000038146973,12.710000038146973,22610,0.0,0.0,0.0
2025-06-02 03:00:00+00:00,12.710000038146973,12.710000038146973,12.699999809265137,12.710000038146973,13982,0.0,0.0,0.0
2025-06-02 03:05:00+00:00,12.710000038146973,12.710000038146973,12.699999809265137,12.699999809265137,105563,0.0,0.0,0.0
2025-06-02 03:10:00+00:00,12.699999809265137,12.699999809265137,12.699999809265137,12.699999809265137,17383,0.0,0.0,0.0
2025-06-02 03:15:00+00:00,12.699999809265137,12.710000038146973,12.699999809265137,12.710000038146973,16580,0.0,0.0,0.0
2025-06-02 03:20:00+00:00,12.710000038146973,12.710000038146973,12.699999809265137,12.710000038146973,29178,0.0,0.0,0.0
2025-06-02 03:25:00+00:00,12.699999809265137,12.699999809265137,12.680000305175781,12.6899995803833,61805,0.0,0.0,0.0
2025-06-02 03:30:00+00:00,12.6899995803833,12.6899995803833,12.680000305175781,12.680000305175781,2642,0.0,0.0,0.0
2025-06-02 03:35:00+00:00,12.680000305175781,12.6899995803833,12.680000305175781,12.6899995803833,53605,0.0,0.0,0.0
2025-06-02 03:40:00+00:00,12.6899995803833,12.6899995803833,12.6899995803833,12.6899995803833,14226,0.0,0.0,0.0
2025-06-02 03:45:00+00:00,12.6899995803833,12.6899995803833,12.680000305175781,12.6899995803833,9139,0.0,0.0,0.0
2025-06-02 03:50:00+00:00,12.6899995803833,12.6899995803833,12.6899995803833,12.6899995803833,13586,0.0,0.0,0.0
2025-06-02 03:55:00+00:00,12.6899995803833,12.6899995803833,12.6899995803833,12.6899995803833,7052,0.0,0.0,0.0
2025-06-02 04:00:00+00:00,12.6899995803833,12.699999809265137,12.6899995803833,12.6899995803833,44613,0.0,0.0,0.0
2025-06-02 04:05:00+00:00,12.6899995803833,12.6899995803833,12.6899995803833,12.6899995803833,24377,0.0,0.0,0.0
2025-06-02 04:10:00+00:00,12.6899995803833,12.699999809265137,12.6899995803833,12.699999809265137,6047,0.0,0.0,0.0
2025-06-02 04:15:00+00:00,12.699999809265137,12.699999809265137,12.699999809265137,12.699999809265137,7077,0.0,0.0,0.0
2025-06-02 04:20:00+00:00,12.699999809265137,12.699999809265137,12.699999809265137,12.699999809265137,13491,0.0,0.0,0.0
2025-06-02 04:25:00+00:00,12.699999809265137,12.699999809265137,12.6899995803833,12.699999809265137,15736,0.0,0.0,0.0
2025-06-02 04:30:00+00:00,12.699999809265137,12.699999809265137,12.6899995803833,12.6899995803833,47586,0.0,0.0,0.0
2025-06-02 04:35:00+00:00,12.6899995803833,12.6899995803833,12.6899995803833,12.6899995803833,6729,0.0,0.0,0.0
2025-06-02 04:40:00+00:00,12.699999809265137,12.699999809265137,12.6899995803833,12.699999809265137,14780,0.0,0.0,0.0
2025-06-02 04:45:00+00:00,12.699999809265137,12.699999809265137,12.6899995803833,12.6899995803833,27823,0.0,0.0,0.0
2025-06-02 04:50:00+00:00,12.699999809265137,12.699999809265137,12.6899995803833,12.699999809265137,8026,0.0,0.0,0.0
2025-06-02 04:55:00+00:00,12.699999809265137,12.699999809265137,12.6899995803833,12.6899995803833,13317,0.0,0.0,0.0
2025-06-02 05:00:00+00:00,12.6899995803833,12.720000267028809,12.6899995803833,12.720000267028809,130152,0.0,0.0,0.0
2025-06-02 05:05:00+00:00,12.720000267028809,12.720000267028809,12.710000038146973,12.710000038146973,20569,0.0,0.0,0.0
2025-06-02 05:10:00+00:00,12.710000038146973,12.720000267028809,12.710000038146973,12.720000267028809,3261,0.0,0.0,0.0
2025-06-02 05:15:00+00:00,12.720000267028809,12.720000267028809,12.699999809265137,12.699999809265137,25074,0.0,0.0,0.0
2025-06-02 05:20:00+00:00,12.699999809265137,12.699999809265137,12.6899995803833,12.699999809265137,50420,0.0,0.0,0.0
2025-06-03 01:00:00+00:00,12.819999694824219,12.84000015258789,12.8100004196167,12.829999923706055,0,0.0,0.0,0.0
2025-06-03 01:05:00+00:00,12.84000015258789,12.859999656677246,12.84000015258789,12.859999656677246,55899,0.0,0.0,0.0
2025-06-03 01:10:00+00:00,12.859999656677246,12.859999656677246,12.850000381469727,12.859999656677246,93201,0.0,0.0,0.0
2025-06-03 01:15:00+00:00,12.869999885559082,12.869999885559082,12.859999656677246,12.859999656677246,32862,0.0,0.0,0.0
2025-06-03 01:20:00+00:00,12.859999656677246,12.869999885559082,12.859999656677246,12.869999885559082,66141,0.0,0.0,0.0
2025-06-03 01:25:00+00:00,12.869999885559082,12.880000114440918,12.859999656677246,12.880000114440918,74378,0.0,0.0,0.0
2025-06-03 01:30:00+00:00,12.880000114440918,12.880000114440918,12.880000114440918,12.880000114440918,73288,0.0,0.0,0.0
2025-06-03 01:35:00+00:00,12.890000343322754,12.899999618530273,12.890000343322754,12.890000343322754,21563,0.0,0.0,0.0
2025-06-03 01:40:00+00:00,12.899999618530273,12.899999618530273,12.899999618530273,12.899999618530273,34842,0.0,0.0,0.0
2025-06-03 01:45:00+00:00,12.90999984741211,12.90999984741211,12.899999618530273,12.90999984741211,14270,0.0,0.0,0.0
2025-06-03 01:50:00+00:00,12.90999984741211,12.90999984741211,12.890000343322754,12.899999618530273,51141,0.0,0.0,0.0
2025-06-03 01:55:00+00:00,12.899999618530273,12.899999618530273,12.899999618530273,12.899999618530273,2008,0.0,0.0,0.0
2025-06-03 02:00:00+00:00,12.899999618530273,12.899999618530273,12.880000114440918,12.880000114440918,23817,0.0,0.0,0.0
2025-06-03 02:05:00+00:00,12.880000114440918,12.880000114440918,12.84000015258789,12.84000015258789,107237,0.0,0.0,0.0
2025-06-03 02:10:00+00:00,12.84000015258789,12.84000015258789,12.819999694824219,12.819999694824219,15707,0.0,0.0,0.0
2025-06-03 02:15:00+00:00,12.819999694824219,12.819999694824219,12.800000190734863,12.8100004196167,15740,0.0,0.0,0.0
2025-06-03 02:20:00+00:00,12.819999694824219,12.819999694824219,12.819999694824219,12.819999694824219,1865,0.0,0.0,0.0
2025-06-03 02:25:00+00:00,12.819999694824219,12.819999694824219,12.8100004196167,12.8100004196167,4289,0.0,0.0,0.0
2025-06-03 02:30:00+00:00,12.819999694824219,12.819999694824219,12.800000190734863,12.8100004196167,16166,0.0,0.0,0.0
2025-06-03 02:35:00+00:00,12.8100004196167,12.8100004196167,12.800000190734863,12.800000190734863,20376,0.0,0.0,0.0
2025-06-03 02:40:00+00:00,12.800000190734863,12.800000190734863,12.779999732971191,12.779999732971191,18505,0.0,0.0,0.0
2025-06-03 02:45:00+00:00,12.800000190734863,12.800000190734863,12.789999961853027,12.789999961853027,10142,0.0,0.0,0.0
2025-06-03 02:50:00+00:00,12.789999961853027,12.789999961853027,12.789999961853027,12.789999961853027,26051,0.0,0.0,0.0
2025-06-03 02:55:00+00:00,12.8100004196167,12.8100004196167,12.8100004196167,12.8100004196167,1018,0.0,0.0,0.0
2025-06-03 03:00:00+00:00,12.8100004196167,12.8100004196167,12.800000190734863,12.800000190734863,24196,0.0,0.0,0.0
2025-06-03 03:05:00+00:00,12.8100004196167,12.8100004196167,12.8100004196167,12.8100004196167,1452,0.0,0.0,0.0
2025-06-03 03:15:00+00:00,12.8100004196167,12.8100004196167,12.8100004196167,12.8100004196167,5237,0.0,0.0,0.0
2025-06-03 03:20:00+00:00,12.8100004196167,12.8100004196167,12.8100004196167,12.8100004196167,48343,0.0,0.0,0.0
2025-06-03 03:25:00+00:00,12.8100004196167,12.8100004196167,12.8100004196167,12.8100004196167,3008,0.0,0.0,0.0
2025-06-03 03:30:00+00:00,12.8100004196167,12.8100004196167,12.8100004196167,12.8100004196167,3904,0.0,0.0,0.0
2025-06-03 03:40:00+00:00,12.8100004196167,12.819999694824219,12.8100004196167,12.819999694824219,34140,0.0,0.0,0.0
2025-06-03 03:45:00+00:00,12.819999694824219,12.819999694824219,12.8100004196167,12.8100004196167,51025,0.0,0.0,0.0
2025-06-03 03:50:00+00:00,12.800000190734863,12.800000190734863,12.800000190734863,12.800000190734863,4037,0.0,0.0,0.0
2025-06-03 03:55:00+00:00,12.8100004196167,12.8100004196167,12.8100004196167,12.8100004196167,3253,0.0,0.0,0.0
2025-06-03 04:00:00+00:00,12.800000190734863,12.800000190734863,12.800000190734863,12.800000190734863,130249,0.0,0.0,0.0
2025-06-03 04:05:00+00:00,12.8100004196167,12.8100004196167,12.8100004196167,12.8100004196167,1484,0.0,0.0,0.0
2025-06-03 04:10:00+00:00,12.8100004196167,12.8100004196167,12.8100004196167,12.8100004196167,1478,0.0,0.0,0.0
2025-06-03 04:15:00+00:00,12.800000190734863,12.800000190734863,12.800000190734863,12.800000190734863,1003,0.0,0.0,0.0
2025-06-03 04:20:00+00:00,12.800000190734863,12.800000190734863,12.789999961853027,12.789999961853027,6414,0.0,0.0,0.0
2025-06-03 04:25:00+00:00,12.789999961853027,12.789999961853027,12.789999961853027,12.789999961853027,5006,0.0,0.0,0.0
2025-06-03 04:30:00+00:00,12.800000190734863,12.800000190734863,12.800000190734863,12.800000190734863,8325,0.0,0.0,0.0
2025-06-03 04:35:00+00:00,12.800000190734863,12.800000190734863,12.800000190734863,12.800000190734863,1100,0.0,0.0,0.0
2025-06-03 04:40:00+00:00,12.800000190734863,12.800000190734863,12.800000190734863,12.800000190734863,1110,0.0,0.0,0.0
2025-06-03 04:45:00+00:00,12.789999961853027,12.789999961853027,12.789999961853027,12.789999961853027,5004,0.0,0.0,0.0
2025-06-03 04:50:00+00:00,12.789999961853027,12.789999961853027,12.789999961853027,12.789999961853027,3068,0.0,0.0,0.0
2025-06-03 04:55:00+00:00,12.779999732971191,12.779999732971191,12.779999732971191,12.779999732971191,5182,0.0,0.0,0.0
2025-06-03 05:00:00+00:00,12.789999961853027,12.789999961853027,12.789999961853027,12.789999961853027,12010,0.0,0.0,0.0
2025-06-03 05:05:00+00:00,12.789999961853027,12.789999961853027,12.789999961853027,12.789999961853027,12656,0.0,0.0,0.0
2025-06-03 05:10:00+00:00,12.789999961853027,12.789999961853027,12.789999961853027,12.789999961853027,4126,0.0,0.0,0.0
2025-06-03 05:15:00+00:00,12.800000190734863,12.800000190734863,12.779999732971191,12.779999732971191,12150,0.0,0.0,0.0
2025-06-03 05:20:00+00:00,12.789999961853027,12.800000190734863,12.779999732971191,12.779999732971191,16882,0.0,0.0,0.0
2025-06-04 01:00:00+00:00,12.899999618530273,12.970000267028809,12.899999618530273,12.960000038146973,0,0.0,0.0,0.0
2025-06-04 01:05:00+00:00,12.960000038146973,12.979999542236328,12.960000038146973,12.979999542236328,79000,0.0,0.0,0.0
2025-06-04 01:10:00+00:00,12.989999771118164,12.989999771118164,12.970000267028809,12.979999542236328,127960,0.0,0.0,0.0
2025-06-04 01:15:00+00:00,12.989999771118164,13.0,12.979999542236328,12.989999771118164,154311,0.0,0.0,0.0
2025-06-04 01:20:00+00:00,12.989999771118164,13.010000228881836,12.989999771118164,13.010000228881836,242452,0.0,0.0,0.0
2025-06-04 01:25:00+00:00,13.020000457763672,13.020000457763672,13.020000457763672,13.020000457763672,57734,0.0,0.0,0.0
2025-06-04 01:30:00+00:00,13.029999732971191,13.029999732971191,13.020000457763672,13.020000457763672,43822,0.0,0.0,0.0
2025-06-04 01:35:00+00:00,13.020000457763672,13.029999732971191,13.010000228881836,13.010000228881836,100951,0.0,0.0,0.0
2025-06-04 01:40:00+00:00,13.020000457763672,13.020000457763672,13.010000228881836,13.020000457763672,69468,0.0,0.0,0.0
2025-06-04 01:45:00+00:00,13.020000457763672,13.029999732971191,13.020000457763672,13.020000457763672,48707,0.0,0.0,0.0
2025-06-04 01:50:00+00:00,13.020000457763672,13.029999732971191,13.020000457763672,13.029999732971191,118554,0.0,0.0,0.0
2025-06-04 01:55:00+00:00,13.020000457763672,13.020000457763672,13.010000228881836,13.020000457763672,29823,0.0,0.0,0.0
2025-06-04 02:00:00+00:00,13.010000228881836,13.020000457763672,13.010000228881836,13.010000228881836,26331,0.0,0.0,0.0
2025-06-04 02:05:00+00:00,13.010000228881836,13.010000228881836,13.010000228881836,13.010000228881836,21159,0.0,0.0,0.0
2025-06-04 02:10:00+00:00,13.020000457763672,13.029999732971191,13.020000457763672,13.029999732971191,201479,0.0,0.0,0.0
2025-06-04 02:15:00+00:00,13.020000457763672,13.020000457763672,13.010000228881836,13.010000228881836,5038,0.0,0.0,0.0
2025-06-04 02:20:00+00:00,13.010000228881836,13.020000457763672,13.010000228881836,13.020000457763672,31494,0.0,0.0,0.0
2025-06-04 02:25:00+00:00,13.020000457763672,13.029999732971191,13.020000457763672,13.020000457763672,40368,0.0,0.0,0.0
2025-06-04 02:30:00+00:00,13.029999732971191,13.039999961853027,13.029999732971191,13.029999732971191,255885,0.0,0.0,0.0
2025-06-04 02:35:00+00:00,13.029999732971191,13.029999732971191,13.029999732971191,13.029999732971191,54028,0.0,0.0,0.0
2025-06-04 02:40:00+00:00,13.020000457763672,13.029999732971191,13.020000457763672,13.029999732971191,103042,0.0,0.0,0.0
2025-06-04 02:45:00+00:00,13.029999732971191,13.029999732971191,13.029999732971191,13.029999732971191,12278,0.0,0.0,0.0
2025-06-04 02:50:00+00:00,13.029999732971191,13.029999732971191,13.020000457763672,13.029999732971191,230638,0.0,0.0,0.0
2025-06-04 02:55:00+00:00,13.020000457763672,13.020000457763672,13.020000457763672,13.020000457763672,6186,0.0,0.0,0.0
2025-06-04 03:00:00+00:00,13.020000457763672,13.020000457763672,13.020000457763672,13.020000457763672,8143,0.0,0.0,0.0
2025-06-04 03:05:00+00:00,13.029999732971191,13.029999732971191,13.020000457763672,13.020000457763672,50039,0.0,0.0,0.0
2025-06-04 03:10:00+00:00,13.029999732971191,13.029999732971191,13.020000457763672,13.020000457763672,25467,0.0,0.0,0.0
2025-06-04 03:15:00+00:00,13.020000457763672,13.029999732971191,13.020000457763672,13.029999732971191,26047,0.0,0.0,0.0
2025-06-04 03:20:00+00:00,13.029999732971191,13.029999732971191,13.020000457763672,13.020000457763672,220073,0.0,0.0,0.0
2025-06-04 03:25:00+00:00,13.029999732971191,13.029999732971191,13.029999732971191,13.029999732971191,3013,0.0,0.0,0.0
2025-06-04 03:30:00+00:00,13.029999732971191,13.029999732971191,13.029999732971191,13.029999732971191,6249,0.0,0.0,0.0
2025-06-04 03:35:00+00:00,13.020000457763672,13.020000457763672,13.010000228881836,13.010000228881836,375186,0.0,0.0,0.0
2025-06-04 03:40:00+00:00,13.020000457763672,13.020000457763672,13.010000228881836,13.010000228881836,28364,0.0,0.0,0.0
2025-06-04 03:45:00+00:00,13.010000228881836,13.010000228881836,13.010000228881836,13.010000228881836,220112,0.0,0.0,0.0
2025-06-04 03:50:00+00:00,13.010000228881836,13.010000228881836,13.0,13.0,51050,0.0,0.0,0.0
2025-06-04 03:55:00+00:00,13.0,13.0,13.0,13.0,21074,0.0,0.0,0.0
2025-06-04 04:00:00+00:00,13.0,13.0,13.0,13.0,9030,0.0,0.0,0.0
2025-06-04 04:05:00+00:00,13.0,13.0,12.989999771118164,12.989999771118164,28044,0.0,0.0,0.0
2025-06-04 04:10:00+00:00,12.989999771118164,13.0,12.989999771118164,13.0,44226,0.0,0.0,0.0
2025-06-04 04:15:00+00:00,13.0,13.010000228881836,13.0,13.010000228881836,13492,0.0,0.0,0.0
2025-06-04 04:20:00+00:00,13.010000228881836,13.020000457763672,13.010000228881836,13.020000457763672,106060,0.0,0.0,0.0
2025-06-04 04:25:00+00:00,13.020000457763672,13.020000457763672,13.010000228881836,13.010000228881836,17028,0.0,0.0,0.0
2025-06-04 04:30:00+00:00,13.020000457763672,13.020000457763672,13.010000228881836,13.010000228881836,23237,0.0,0.0,0.0
2025-06-04 04:35:00+00:00,13.010000228881836,13.020000457763672,13.010000228881836,13.010000228881836,213340,0.0,0.0,0.0
2025-06-04 04:40:00+00:00,13.010000228881836,13.010000228881836,13.010000228881836,13.010000228881836,25610,0.0,0.0,0.0
2025-06-04 04:45:00+00:00,13.010000228881836,13.010000228881836,13.010000228881836,13.010000228881836,55411,0.0,0.0,0.0
2025-06-04 04:50:00+00:00,13.010000228881836,13.010000228881836,13.010000228881836,13.010000228881836,38030,0.0,0.0,0.0
2025-06-04 04:55:00+00:00,13.010000228881836,13.010000228881836,13.0,13.0,20125,0.0,0.0,0.0
2025-06-04 05:00:00+00:00,13.010000228881836,13.010000228881836,13.010000228881836,13.010000228881836,14470,0.0,0.0,0.0
2025-06-04 05:05:00+00:00,13.010000228881836,13.010000228881836,13.010000228881836,13.010000228881836,27125,0.0,0.0,0.0
2025-06-04 05:10:00+00:00,13.010000228881836,13.010000228881836,13.0,13.0,34333,0.0,0.0,0.0
2025-06-04 05:15:00+00:00,13.020000457763672,13.020000457763672,13.010000228881836,13.020000457763672,26365,0.0,0.0,0.0
2025-06-04 05:20:00+00:00,13.020000457763672,13.020000457763672,13.010000228881836,13.010000228881836,5425,0.0,0.0,0.0
2025-06-05 01:00:00+00:00,13.039999961853027,13.069999694824219,13.039999961853027,13.069999694824219,0,0.0,0.0,0.0
2025-06-05 01:05:00+00:00,13.0600004196167,13.069999694824219,13.0600004196167,13.069999694824219,79807,0.0,0.0,0.0
2025-06-05 01:10:00+00:00,13.069999694824219,13.069999694824219,13.0600004196167,13.069999694824219,41062,0.0,0.0,0.0
2025-06-05 01:15:00+00:00,13.069999694824219,13.079999923706055,13.069999694824219,13.069999694824219,121831,0.0,0.0,0.0
2025-06-05 01:20:00+00:00,13.069999694824219,13.069999694824219,13.069999694824219,13.069999694824219,12072,0.0,0.0,0.0
2025-06-05 01:25:00+00:00,13.0600004196167,13.069999694824219,13.0600004196167,13.0600004196167,78121,0.0,0.0,0.0
2025-06-05 01:30:00+00:00,13.069999694824219,13.069999694824219,13.050000190734863,13.0600004196167,35337,0.0,0.0,0.0
2025-06-05 01:35:00+00:00,13.0600004196167,13.069999694824219,13.0600004196167,13.069999694824219,109816,0.0,0.0,0.0
2025-06-05 01:40:00+00:00,13.069999694824219,13.069999694824219,13.069999694824219,13.069999694824219,13342,0.0,0.0,0.0
2025-06-05 01:45:00+00:00,13.079999923706055,13.09000015258789,13.079999923706055,13.079999923706055,193572,0.0,0.0,0.0
2025-06-05 01:50:00+00:00,13.079999923706055,13.079999923706055,13.079999923706055,13.079999923706055,19042,0.0,0.0,0.0
2025-06-05 01:55:00+00:00,13.079999923706055,13.079999923706055,13.069999694824219,13.069999694824219,83231,0.0,0.0,0.0
2025-06-05 02:00:00+00:00,13.069999694824219,13.079999923706055,13.0600004196167,13.079999923706055,50045,0.0,0.0,0.0
2025-06-05 02:05:00+00:00,13.079999923706055,13.079999923706055,13.039999961853027,13.039999961853027,29682,0.0,0.0,0.0
2025-06-05 02:10:00+00:00,13.050000190734863,13.050000190734863,13.029999732971191,13.039999961853027,34360,0.0,0.0,0.0
2025-06-05 02:15:00+00:00,13.039999961853027,13.039999961853027,13.020000457763672,13.020000457763672,13186,0.0,0.0,0.0
2025-06-05 02:20:00+00:00,13.029999732971191,13.039999961853027,13.020000457763672,13.020000457763672,29362,0.0,0.0,0.0
2025-06-05 02:25:00+00:00,13.010000228881836,13.020000457763672,13.0,13.010000228881836,57182,0.0,0.0,0.0
2025-06-05 02:30:00+00:00,13.010000228881836,13.010000228881836,13.0,13.010000228881836,24780,0.0,0.0,0.0
2025-06-05 02:35:00+00:00,13.010000228881836,13.020000457763672,13.010000228881836,13.010000228881836,17062,0.0,0.0,0.0
2025-06-05 02:40:00+00:00,13.0,13.010000228881836,13.0,13.0,51043,0.0,0.0,0.0
2025-06-05 02:45:00+00:00,12.989999771118164,12.989999771118164,12.989999771118164,12.989999771118164,2215,0.0,0.0,0.0
2025-06-05 02:50:00+00:00,13.0,13.0,12.989999771118164,13.0,5107,0.0,0.0,0.0
2025-06-05 02:55:00+00:00,12.989999771118164,13.0,12.989999771118164,13.0,30714,0.0,0.0,0.0
2025-06-05 03:00:00+00:00,13.0,13.0,12.989999771118164,12.989999771118164,3043,0.0,0.0,0.0
2025-06-05 03:05:00+00:00,13.0,13.0,13.0,13.0,9499,0.0,0.0,0.0
2025-06-05 03:10:00+00:00,12.989999771118164,13.0,12.989999771118164,13.0,61034,0.0,0.0,0.0
2025-06-05 03:15:00+00:00,13.010000228881836,13.010000228881836,13.0,13.010000228881836,4086,0.0,0.0,0.0
2025-06-05 03:20:00+00:00,13.010000228881836,13.020000457763672,13.010000228881836,13.020000457763672,4407,0.0,0.0,0.0
2025-06-05 03:25:00+00:00,13.010000228881836,13.020000457763672,13.010000228881836,13.020000457763672,2831,0.0,0.0,0.0
2025-06-05 03:30:00+00:00,13.020000457763672,13.020000457763672,13.010000228881836,13.010000228881836,26780,0.0,0.0,0.0
2025-06-05 03:35:00+00:00,13.020000457763672,13.020000457763672,13.010000228881836,13.010000228881836,5303,0.0,0.0,0.0
2025-06-05 03:40:00+00:00,13.010000228881836,13.020000457763672,13.010000228881836,13.010000228881836,6051,0.0,0.0,0.0
2025-06-05 03:45:00+00:00,13.020000457763672,13.020000457763672,13.020000457763672,13.020000457763672,16143,0.0,0.0,0.0
2025-06-05 03:50:00+00:00,13.010000228881836,13.029999732971191,13.010000228881836,13.029999732971191,3594,0.0,0.0,0.0
2025-06-05 03:55:00+00:00,13.010000228881836,13.010000228881836,13.010000228881836,13.010000228881836,1005,0.0,0.0,0.0
2025-06-05 04:00:00+00:00,13.010000228881836,13.020000457763672,13.010000228881836,13.010000228881836,16062,0.0,0.0,0.0
2025-06-05 04:05:00+00:00,13.0,13.010000228881836,13.0,13.010000228881836,13343,0.0,0.0,0.0
2025-06-05 04:10:00+00:00,13.010000228881836,13.010000228881836,13.0,13.010000228881836,4178,0.0,0.0,0.0
2025-06-05 04:15:00+00:00,13.010000228881836,13.010000228881836,13.0,13.0,4655,0.0,0.0,0.0
2025-06-05 04:20:00+00:00,13.010000228881836,13.010000228881836,13.0,13.010000228881836,15225,0.0,0.0,0.0
2025-06-05 04:25:00+00:00,13.0,13.0,12.989999771118164,12.989999771118164,18141,0.0,0.0,0.0
2025-06-05 04:30:00+00:00,13.0,13.0,12.989999771118164,13.0,19644,0.0,0.0,0.0
2025-06-05 04:35:00+00:00,13.0,13.0,13.0,13.0,3004,0.0,0.0,0.0
2025-06-05 04:40:00+00:00,13.0,13.010000228881836,13.0,13.0,6310,0.0,0.0,0.0
2025-06-05 04:45:00+00:00,13.0,13.0,13.0,13.0,23420,0.0,0.0,0.0
2025-06-05 04:50:00+00:00,13.0,13.010000228881836,13.0,13.0,16115,0.0,0.0,0.0
2025-06-05 04:55:00+00:00,13.0,13.0,13.0,13.0,2240,0.0,0.0,0.0
2025-06-05 05:00:00+00:00,12.989999771118164,12.989999771118164,12.989999771118164,12.989999771118164,41220,0.0,0.0,0.0
2025-06-05 05:05:00+00:00,12.989999771118164,12.989999771118164,12.979999542236328,12.979999542236328,54238,0.0,0.0,0.0
2025-06-05 05:10:00+00:00,12.979999542236328,12.989999771118164,12.979999542236328,12.989999771118164,154074,0.0,0.0,0.0
2025-06-05 05:15:00+00:00,12.989999771118164,13.0,12.989999771118164,13.0,19183,0.0,0.0,0.0
2025-06-05 05:20:00+00:00,13.0,13.0,12.989999771118164,13.0,12314,0.0,0.0,0.0
2025-06-06 01:00:00+00:00,13.0,13.0,12.960000038146973,12.970000267028809,0,0.0,0.0,0.0
2025-06-06 01:05:00+00:00,12.979999542236328,13.0,12.979999542236328,13.0,16843,0.0,0.0,0.0
2025-06-06 01:10:00+00:00,12.989999771118164,13.010000228881836,12.989999771118164,13.010000228881836,32389,0.0,0.0,0.0
2025-06-06 01:15:00+00:00,13.010000228881836,13.020000457763672,13.010000228881836,13.020000457763672,26632,0.0,0.0,0.0
2025-06-06 01:20:00+00:00,13.020000457763672,13.020000457763672,13.0,13.0,24733,0.0,0.0,0.0
2025-06-06 01:25:00+00:00,13.010000228881836,13.010000228881836,13.0,13.010000228881836,34387,0.0,0.0,0.0
2025-06-06 01:30:00+00:00,13.0,13.0,12.989999771118164,13.0,25650,0.0,0.0,0.0
2025-06-06 01:35:00+00:00,13.0,13.0,13.0,13.0,113108,0.0,0.0,0.0
2025-06-06 01:40:00+00:00,12.989999771118164,12.989999771118164,12.979999542236328,12.989999771118164,40958,0.0,0.0,0.0
2025-06-06 01:45:00+00:00,12.989999771118164,12.989999771118164,12.970000267028809,12.979999542236328,11260,0.0,0.0,0.0
2025-06-06 01:50:00+00:00,12.979999542236328,12.979999542236328,12.970000267028809,12.970000267028809,24468,0.0,0.0,0.0
2025-06-06 01:55:00+00:00,12.979999542236328,12.979999542236328,12.970000267028809,12.970000267028809,17410,0.0,0.0,0.0
2025-06-06 02:00:00+00:00,12.970000267028809,12.970000267028809,12.970000267028809,12.970000267028809,6174,0.0,0.0,0.0
2025-06-06 02:05:00+00:00,12.970000267028809,12.970000267028809,12.960000038146973,12.960000038146973,72886,0.0,0.0,0.0
2025-06-06 02:10:00+00:00,12.960000038146973,12.960000038146973,12.960000038146973,12.960000038146973,9913,0.0,0.0,0.0
2025-06-06 02:15:00+00:00,12.970000267028809,12.970000267028809,12.960000038146973,12.970000267028809,11274,0.0,0.0,0.0
2025-06-06 02:20:00+00:00,12.970000267028809,12.970000267028809,12.970000267028809,12.970000267028809,9127,0.0,0.0,0.0
2025-06-06 02:25:00+00:00,12.970000267028809,12.970000267028809,12.970000267028809,12.970000267028809,14140,0.0,0.0,0.0
2025-06-06 02:30:00+00:00,12.979999542236328,12.979999542236328,12.979999542236328,12.979999542236328,16169,0.0,0.0,0.0
2025-06-06 02:35:00+00:00,12.979999542236328,12.979999542236328,12.970000267028809,12.979999542236328,10343,0.0,0.0,0.0
2025-06-06 02:40:00+00:00,12.979999542236328,12.979999542236328,12.979999542236328,12.979999542236328,28189,0.0,0.0,0.0
2025-06-06 02:45:00+00:00,12.989999771118164,12.989999771118164,12.979999542236328,12.989999771118164,16683,0.0,0.0,0.0
2025-06-06 02:50:00+00:00,12.989999771118164,12.989999771118164,12.989999771118164,12.989999771118164,3019,0.0,0.0,0.0
2025-06-06 02:55:00+00:00,12.989999771118164,12.989999771118164,12.989999771118164,12.989999771118164,4538,0.0,0.0,0.0
2025-06-06 03:00:00+00:00,12.989999771118164,12.989999771118164,12.979999542236328,12.979999542236328,16538,0.0,0.0,0.0
2025-06-06 03:05:00+00:00,12.979999542236328,12.979999542236328,12.970000267028809,12.970000267028809,19161,0.0,0.0,0.0
2025-06-06 03:10:00+00:00,12.970000267028809,12.970000267028809,12.960000038146973,12.970000267028809,5048,0.0,0.0,0.0
2025-06-06 03:15:00+00:00,12.970000267028809,12.970000267028809,12.960000038146973,12.960000038146973,98045,0.0,0.0,0.0
2025-06-06 03:20:00+00:00,12.960000038146973,12.979999542236328,12.960000038146973,12.979999542236328,48957,0.0,0.0,0.0
2025-06-06 03:25:00+00:00,12.979999542236328,12.989999771118164,12.979999542236328,12.979999542236328,11280,0.0,0.0,0.0
2025-06-06 03:30:00+00:00,12.989999771118164,12.989999771118164,12.960000038146973,12.960000038146973,29111,0.0,0.0,0.0
2025-06-06 03:35:00+00:00,12.970000267028809,12.970000267028809,12.970000267028809,12.970000267028809,5010,0.0,0.0,0.0
2025-06-06 03:40:00+00:00,12.979999542236328,12.979999542236328,12.979999542236328,12.979999542236328,1226,0.0,0.0,0.0
2025-06-06 03:45:00+00:00,12.970000267028809,12.979999542236328,12.970000267028809,12.979999542236328,3868,0.0,0.0,0.0
2025-06-06 03:50:00+00:00,12.979999542236328,12.979999542236328,12.970000267028809,12.970000267028809,3005,0.0,0.0,0.0
2025-06-06 03:55:00+00:00,12.970000267028809,12.970000267028809,12.970000267028809,12.970000267028809,7043,0.0,0.0,0.0
2025-06-06 04:00:00+00:00,12.970000267028809,12.979999542236328,12.960000038146973,12.960000038146973,10355,0.0,0.0,0.0
2025-06-06 04:05:00+00:00,12.970000267028809,12.970000267028809,12.970000267028809,12.970000267028809,2741,0.0,0.0,0.0
2025-06-06 04:10:00+00:00,12.960000038146973,12.970000267028809,12.960000038146973,12.970000267028809,13069,0.0,0.0,0.0
2025-06-06 04:15:00+00:00,12.970000267028809,12.970000267028809,12.970000267028809,12.970000267028809,4755,0.0,0.0,0.0
2025-06-06 04:20:00+00:00,12.970000267028809,12.970000267028809,12.960000038146973,12.960000038146973,8459,0.0,0.0,0.0
2025-06-06 04:25:00+00:00,12.970000267028809,12.970000267028809,12.970000267028809,12.970000267028809,7568,0.0,0.0,0.0
2025-06-06 04:30:00+00:00,12.970000267028809,12.970000267028809,12.960000038146973,12.970000267028809,17520,0.0,0.0,0.0
2025-06-06 04:35:00+00:00,12.960000038146973,12.970000267028809,12.960000038146973,12.970000267028809,5537,0.0,0.0,0.0
2025-06-06 04:40:00+00:00,12.970000267028809,12.970000267028809,12.960000038146973,12.960000038146973,14620,0.0,0.0,0.0
2025-06-06 04:45:00+00:00,12.960000038146973,12.970000267028809,12.960000038146973,12.960000038146973,22744,0.0,0.0,0.0
2025-06-06 04:50:00+00:00,12.970000267028809,12.970000267028809,12.960000038146973,12.960000038146973,7437,0.0,0.0,0.0
2025-06-06 04:55:00+00:00,12.970000267028809,12.970000267028809,12.970000267028809,12.970000267028809,5110,0.0,0.0,0.0
2025-06-06 05:00:00+00:00,12.970000267028809,12.970000267028809,12.970000267028809,12.970000267028809,6167,0.0,0.0,0.0
2025-06-06 05:05:00+00:00,12.979999542236328,12.979999542236328,12.970000267028809,12.970000267028809,19183,0.0,0.0,0.0
2025-06-06 05:10:00+00:00,12.979999542236328,12.979999542236328,12.979999542236328,12.979999542236328,3569,0.0,0.0,0.0
2025-06-06 05:15:00+00:00,12.979999542236328,12.989999771118164,12.979999542236328,12.989999771118164,31212,0.0,0.0,0.0
2025-06-06 05:20:00+00:00,12.979999542236328,12.979999542236328,12.979999542236328,12.979999542236328,8252,0.0,0.0,0.0
2025-06-09 01:00:00+00:00,13.039999961853027,13.079999923706055,13.039999961853027,13.069999694824219,0,0.0,0.0,0.0
2025-06-09 01:05:00+00:00,13.069999694824219,13.069999694824219,13.0600004196167,13.069999694824219,33633,0.0,0.0,0.0
2025-06-09 01:10:00+00:00,13.069999694824219,13.069999694824219,13.0600004196167,13.069999694824219,115117,0.0,0.0,0.0
2025-06-09 01:15:00+00:00,13.069999694824219,13.069999694824219,13.050000190734863,13.069999694824219,136433,0.0,0.0,0.0
2025-06-09 01:20:00+00:00,13.069999694824219,13.069999694824219,13.0600004196167,13.0600004196167,40669,0.0,0.0,0.0
2025-06-09 01:25:00+00:00,13.0600004196167,13.069999694824219,13.039999961853027,13.039999961853027,43668,0.0,0.0,0.0
2025-06-09 01:30:00+00:00,13.050000190734863,13.050000190734863,13.029999732971191,13.039999961853027,23894,0.0,0.0,0.0
2025-06-09 01:35:00+00:00,13.020000457763672,13.029999732971191,13.010000228881836,13.010000228881836,187730,0.0,0.0,0.0
2025-06-09 01:40:00+00:00,13.029999732971191,13.029999732971191,13.029999732971191,13.029999732971191,5028,0.0,0.0,0.0
2025-06-09 01:45:00+00:00,13.029999732971191,13.029999732971191,13.020000457763672,13.020000457763672,7043,0.0,0.0,0.0
2025-06-09 01:50:00+00:00,13.029999732971191,13.029999732971191,13.010000228881836,13.010000228881836,15606,0.0,0.0,0.0
2025-06-09 01:55:00+00:00,13.010000228881836,13.020000457763672,13.010000228881836,13.020000457763672,25641,0.0,0.0,0.0
2025-06-09 02:00:00+00:00,13.029999732971191,13.029999732971191,13.010000228881836,13.010000228881836,4193,0.0,0.0,0.0
2025-06-09 02:05:00+00:00,13.020000457763672,13.029999732971191,13.020000457763672,13.029999732971191,24531,0.0,0.0,0.0
2025-06-09 02:10:00+00:00,13.020000457763672,13.020000457763672,13.020000457763672,13.020000457763672,12436,0.0,0.0,0.0
2025-06-09 02:15:00+00:00,13.020000457763672,13.020000457763672,13.020000457763672,13.020000457763672,9652,0.0,0.0,0.0
2025-06-09 02:20:00+00:00,13.020000457763672,13.020000457763672,13.020000457763672,13.020000457763672,1328,0.0,0.0,0.0
2025-06-09 02:25:00+00:00,13.010000228881836,13.010000228881836,13.010000228881836,13.010000228881836,5038,0.0,0.0,0.0
2025-06-09 02:30:00+00:00,13.020000457763672,13.020000457763672,13.010000228881836,13.010000228881836,37284,0.0,0.0,0.0
2025-06-09 02:35:00+00:00,13.020000457763672,13.029999732971191,13.020000457763672,13.029999732971191,134186,0.0,0.0,0.0
2025-06-09 02:40:00+00:00,13.039999961853027,13.039999961853027,13.039999961853027,13.039999961853027,10805,0.0,0.0,0.0
2025-06-09 02:45:00+00:00,13.039999961853027,13.039999961853027,13.029999732971191,13.039999961853027,176698,0.0,0.0,0.0
2025-06-09 02:50:00+00:00,13.039999961853027,13.039999961853027,13.039999961853027,13.039999961853027,1047,0.0,0.0,0.0
2025-06-09 02:55:00+00:00,13.029999732971191,13.039999961853027,13.029999732971191,13.039999961853027,23407,0.0,0.0,0.0
2025-06-09 03:00:00+00:00,13.050000190734863,13.050000190734863,13.029999732971191,13.050000190734863,167210,0.0,0.0,0.0
2025-06-09 03:05:00+00:00,13.0600004196167,13.0600004196167,13.050000190734863,13.050000190734863,9750,0.0,0.0,0.0
2025-06-09 03:10:00+00:00,13.050000190734863,13.050000190734863,13.029999732971191,13.050000190734863,60137,0.0,0.0,0.0
2025-06-09 03:15:00+00:00,13.0600004196167,13.0600004196167,13.050000190734863,13.050000190734863,0,0.0,0.0,0.0
2025-06-09 03:20:00+00:00,13.050000190734863,13.050000190734863,13.039999961853027,13.039999961853027,1499590,0.0,0.0,0.0
2025-06-09 03:25:00+00:00,13.029999732971191,13.029999732971191,13.029999732971191,13.029999732971191,10017,0.0,0.0,0.0
2025-06-09 03:30:00+00:00,13.039999961853027,13.039999961853027,13.039999961853027,13.039999961853027,4448,0.0,0.0,0.0
2025-06-09 03:35:00+00:00,13.020000457763672,13.039999961853027,13.020000457763672,13.039999961853027,16484,0.0,0.0,0.0
2025-06-09 03:40:00+00:00,13.039999961853027,13.039999961853027,13.039999961853027,13.039999961853027,1050,0.0,0.0,0.0
2025-06-09 03:45:00+00:00,13.039999961853027,13.039999961853027,13.020000457763672,13.039999961853027,34042,0.0,0.0,0.0
2025-06-09 03:50:00+00:00,13.029999732971191,13.039999961853027,13.029999732971191,13.029999732971191,69549,0.0,0.0,0.0
2025-06-09 03:55:00+00:00,13.029999732971191,13.039999961853027,13.029999732971191,13.039999961853027,26550,0.0,0.0,0.0
2025-06-09 04:00:00+00:00,13.039999961853027,13.050000190734863,13.039999961853027,13.050000190734863,63379,0.0,0.0,0.0
2025-06-09 04:05:00+00:00,13.050000190734863,13.050000190734863,13.050000190734863,13.050000190734863,11540,0.0,0.0,0.0
2025-06-09 04:10:00+00:00,13.050000190734863,13.050000190734863,13.050000190734863,13.050000190734863,1008,0.0,0.0,0.0
2025-06-09 04:15:00+00:00,13.050000190734863,13.050000190734863,13.039999961853027,13.039999961853027,9824,0.0,0.0,0.0
2025-06-09 04:20:00+00:00,13.039999961853027,13.039999961853027,13.039999961853027,13.039999961853027,8372,0.0,0.0,0.0
2025-06-09 04:25:00+00:00,13.039999961853027,13.039999961853027,13.039999961853027,13.039999961853027,2016,0.0,0.0,0.0
2025-06-09 04:30:00+00:00,13.039999961853027,13.039999961853027,13.029999732971191,13.029999732971191,31562,0.0,0.0,0.0
2025-06-09 04:35:00+00:00,13.039999961853027,13.039999961853027,13.039999961853027,13.039999961853027,63301,0.0,0.0,0.0
2025-06-09 04:40:00+00:00,13.039999961853027,13.039999961853027,13.039999961853027,13.039999961853027,10510,0.0,0.0,0.0
2025-06-09 04:45:00+00:00,13.039999961853027,13.050000190734863,13.029999732971191,13.050000190734863,23925,0.0,0.0,0.0
2025-06-09 04:50:00+00:00,13.050000190734863,13.050000190734863,13.039999961853027,13.039999961853027,27213,0.0,0.0,0.0
2025-06-09 04:55:00+00:00,13.029999732971191,13.039999961853027,13.029999732971191,13.029999732971191,12010,0.0,0.0,0.0
2025-06-09 05:00:00+00:00,13.039999961853027,13.039999961853027,13.039999961853027,13.039999961853027,3252,0.0,0.0,0.0
2025-06-09 05:05:00+00:00,13.039999961853027,13.039999961853027,13.039999961853027,13.039999961853027,18275,0.0,0.0,0.0
2025-06-09 05:10:00+00:00,13.029999732971191,13.039999961853027,13.029999732971191,13.039999961853027,4863,0.0,0.0,0.0
2025-06-09 05:15:00+00:00,13.039999961853027,13.039999961853027,13.029999732971191,13.029999732971191,29676,0.0,0.0,0.0
2025-06-09 05:20:00+00:00,13.029999732971191,13.039999961853027,13.029999732971191,13.029999732971191,25368,0.0,0.0,0.0
2025-06-10 01:00:00+00:00,13.109999656677246,13.140000343322754,13.109999656677246,13.130000114440918,0,0.0,0.0,0.0
2025-06-10 01:05:00+00:00,13.130000114440918,13.149999618530273,13.130000114440918,13.140000343322754,260000,0.0,0.0,0.0
2025-06-10 01:10:00+00:00,13.140000343322754,13.149999618530273,13.140000343322754,13.149999618530273,115485,0.0,0.0,0.0
2025-06-10 01:15:00+00:00,13.140000343322754,13.149999618530273,13.140000343322754,13.149999618530273,58203,0.0,0.0,0.0
2025-06-10 01:20:00+00:00,13.149999618530273,13.15999984741211,13.140000343322754,13.15999984741211,216655,0.0,0.0,0.0
2025-06-10 01:25:00+00:00,13.15999984741211,13.180000305175781,13.15999984741211,13.180000305175781,236972,0.0,0.0,0.0
2025-06-10 01:30:00+00:00,13.1899995803833,13.210000038146973,13.1899995803833,13.210000038146973,166456,0.0,0.0,0.0
2025-06-10 01:35:00+00:00,13.210000038146973,13.220000267028809,13.199999809265137,13.210000038146973,122750,0.0,0.0,0.0
2025-06-10 01:40:00+00:00,13.210000038146973,13.229999542236328,13.210000038146973,13.220000267028809,175887,0.0,0.0,0.0
2025-06-10 01:45:00+00:00,13.229999542236328,13.239999771118164,13.229999542236328,13.239999771118164,193309,0.0,0.0,0.0
2025-06-10 01:50:00+00:00,13.239999771118164,13.25,13.239999771118164,13.239999771118164,181334,0.0,0.0,0.0
2025-06-10 01:55:00+00:00,13.239999771118164,13.260000228881836,13.239999771118164,13.239999771118164,322899,0.0,0.0,0.0
2025-06-10 02:00:00+00:00,13.260000228881836,13.260000228881836,13.239999771118164,13.239999771118164,40667,0.0,0.0,0.0
2025-06-10 02:05:00+00:00,13.239999771118164,13.239999771118164,13.220000267028809,13.229999542236328,217103,0.0,0.0,0.0
2025-06-10 02:10:00+00:00,13.229999542236328,13.239999771118164,13.229999542236328,13.229999542236328,143310,0.0,0.0,0.0
2025-06-10 02:15:00+00:00,13.229999542236328,13.25,13.229999542236328,13.25,135655,0.0,0.0,0.0
2025-06-10 02:20:00+00:00,13.25,13.260000228881836,13.239999771118164,13.25,319025,0.0,0.0,0.0
2025-06-10 02:25:00+00:00,13.25,13.260000228881836,13.25,13.260000228881836,117563,0.0,0.0,0.0
2025-06-10 02:30:00+00:00,13.260000228881836,13.260000228881836,13.25,13.260000228881836,52087,0.0,0.0,0.0
2025-06-10 02:35:00+00:00,13.260000228881836,13.260000228881836,13.25,13.260000228881836,104385,0.0,0.0,0.0
2025-06-10 02:40:00+00:00,13.260000228881836,13.279999732971191,13.25,13.270000457763672,176386,0.0,0.0,0.0
2025-06-10 02:45:00+00:00,13.270000457763672,13.279999732971191,13.270000457763672,13.270000457763672,95526,0.0,0.0,0.0
2025-06-10 02:50:00+00:00,13.270000457763672,13.289999961853027,13.270000457763672,13.279999732971191,114200,0.0,0.0,0.0
2025-06-10 02:55:00+00:00,13.279999732971191,13.279999732971191,13.279999732971191,13.279999732971191,7119,0.0,0.0,0.0
2025-06-10 03:00:00+00:00,13.279999732971191,13.279999732971191,13.279999732971191,13.279999732971191,116373,0.0,0.0,0.0
2025-06-10 03:05:00+00:00,13.279999732971191,13.289999961853027,13.279999732971191,13.279999732971191,21651,0.0,0.0,0.0
2025-06-10 03:10:00+00:00,13.279999732971191,13.300000190734863,13.279999732971191,13.289999961853027,150662,0.0,0.0,0.0
2025-06-10 03:15:00+00:00,13.279999732971191,13.279999732971191,13.279999732971191,13.279999732971191,6219,0.0,0.0,0.0
2025-06-10 03:20:00+00:00,13.300000190734863,13.300000190734863,13.300000190734863,13.300000190734863,58123,0.0,0.0,0.0
2025-06-10 03:25:00+00:00,13.300000190734863,13.300000190734863,13.289999961853027,13.300000190734863,14250,0.0,0.0,0.0
2025-06-10 03:30:00+00:00,13.300000190734863,13.300000190734863,13.289999961853027,13.300000190734863,16827,0.0,0.0,0.0
2025-06-10 03:35:00+00:00,13.289999961853027,13.300000190734863,13.279999732971191,13.300000190734863,86606,0.0,0.0,0.0
2025-06-10 03:40:00+00:00,13.300000190734863,13.300000190734863,13.289999961853027,13.300000190734863,19804,0.0,0.0,0.0
2025-06-10 03:45:00+00:00,13.300000190734863,13.300000190734863,13.289999961853027,13.300000190734863,428060,0.0,0.0,0.0
2025-06-10 03:50:00+00:00,13.300000190734863,13.3100004196167,13.289999961853027,13.300000190734863,13979,0.0,0.0,0.0
2025-06-10 03:55:00+00:00,13.289999961853027,13.300000190734863,13.289999961853027,13.300000190734863,66057,0.0,0.0,0.0
2025-06-10 04:00:00+00:00,13.300000190734863,13.3100004196167,13.300000190734863,13.300000190734863,1009548,0.0,0.0,0.0
2025-06-10 04:05:00+00:00,13.300000190734863,13.3100004196167,13.300000190734863,13.300000190734863,23368,0.0,0.0,0.0
2025-06-10 04:10:00+00:00,13.3100004196167,13.3100004196167,13.300000190734863,13.300000190734863,52378,0.0,0.0,0.0
2025-06-10 04:15:00+00:00,13.300000190734863,13.3100004196167,13.300000190734863,13.3100004196167,54057,0.0,0.0,0.0
2025-06-10 04:20:00+00:00,13.3100004196167,13.3100004196167,13.300000190734863,13.300000190734863,57238,0.0,0.0,0.0
2025-06-10 04:25:00+00:00,13.300000190734863,13.300000190734863,13.300000190734863,13.300000190734863,49312,0.0,0.0,0.0
2025-06-10 04:30:00+00:00,13.3100004196167,13.3100004196167,13.300000190734863,13.300000190734863,11720,0.0,0.0,0.0
2025-06-10 04:35:00+00:00,13.289999961853027,13.300000190734863,13.289999961853027,13.300000190734863,81011,0.0,0.0,0.0
2025-06-10 04:40:00+00:00,13.300000190734863,13.3100004196167,13.300000190734863,13.300000190734863,115845,0.0,0.0,0.0
2025-06-10 04:45:00+00:00,13.300000190734863,13.3100004196167,13.300000190734863,13.3100004196167,20020,0.0,0.0,0.0
2025-06-10 04:50:00+00:00,13.300000190734863,13.3100004196167,13.300000190734863,13.300000190734863,50705,0.0,0.0,0.0
2025-06-10 04:55:00+00:00,13.3100004196167,13.319999694824219,13.3100004196167,13.319999694824219,433120,0.0,0.0,0.0
2025-06-10 05:00:00+00:00,13.319999694824219,13.319999694824219,13.319999694824219,13.319999694824219,94270,0.0,0.0,0.0
2025-06-10 05:05:00+00:00,13.319999694824219,13.319999694824219,13.3100004196167,13.3100004196167,105239,0.0,0.0,0.0
2025-06-10 05:10:00+00:00,13.3100004196167,13.3100004196167,13.3100004196167,13.3100004196167,36655,0.0,0.0,0.0
2025-06-10 05:15:00+00:00,13.319999694824219,13.319999694824219,13.3100004196167,13.3100004196167,119263,0.0,0.0,0.0
2025-06-10 05:20:00+00:00,13.3100004196167,13.3100004196167,13.3100004196167,13.3100004196167,132732,0.0,0.0,0.0
2025-06-11 01:00:00+00:00,13.399999618530273,13.40999984741211,13.399999618530273,13.40999984741211,0,0.0,0.0,0.0
2025-06-11 01:05:00+00:00,13.399999618530273,13.40999984741211,13.390000343322754,13.390000343322754,169021,0.0,0.0,0.0
2025-06-11 01:10:00+00:00,13.390000343322754,13.390000343322754,13.380000114440918,13.380000114440918,50658,0.0,0.0,0.0
2025-06-11 01:15:00+00:00,13.380000114440918,13.399999618530273,13.380000114440918,13.399999618530273,218720,0.0,0.0,0.0
2025-06-11 01:20:00+00:00,13.399999618530273,13.399999618530273,13.399999618530273,13.399999618530273,46539,0.0,0.0,0.0
2025-06-11 01:25:00+00:00,13.399999618530273,13.40999984741211,13.399999618530273,13.399999618530273,74630,0.0,0.0,0.0
2025-06-11 01:30:00+00:00,13.399999618530273,13.40999984741211,13.399999618530273,13.399999618530273,102487,0.0,0.0,0.0
2025-06-11 01:35:00+00:00,13.399999618530273,13.399999618530273,13.399999618530273,13.399999618530273,141028,0.0,0.0,0.0
2025-06-11 01:40:00+00:00,13.399999618530273,13.399999618530273,13.390000343322754,13.399999618530273,406138,0.0,0.0,0.0
2025-06-11 01:45:00+00:00,13.399999618530273,13.40999984741211,13.399999618530273,13.40999984741211,409025,0.0,0.0,0.0
2025-06-11 01:50:00+00:00,13.40999984741211,13.40999984741211,13.399999618530273,13.399999618530273,65133,0.0,0.0,0.0
2025-06-11 01:55:00+00:00,13.40999984741211,13.40999984741211,13.399999618530273,13.40999984741211,115704,0.0,0.0,0.0
2025-06-11 02:00:00+00:00,13.40999984741211,13.40999984741211,13.399999618530273,13.399999618530273,56455,0.0,0.0,0.0
2025-06-11 02:05:00+00:00,13.399999618530273,13.399999618530273,13.380000114440918,13.380000114440918,90318,0.0,0.0,0.0
2025-06-11 02:10:00+00:00,13.380000114440918,13.399999618530273,13.380000114440918,13.399999618530273,21629,0.0,0.0,0.0
2025-06-11 02:15:00+00:00,13.399999618530273,13.399999618530273,13.380000114440918,13.380000114440918,45338,0.0,0.0,0.0
2025-06-11 02:20:00+00:00,13.380000114440918,13.380000114440918,13.369999885559082,13.380000114440918,85032,0.0,0.0,0.0
2025-06-11 02:25:00+00:00,13.369999885559082,13.380000114440918,13.369999885559082,13.380000114440918,39266,0.0,0.0,0.0
2025-06-11 02:30:00+00:00,13.369999885559082,13.380000114440918,13.369999885559082,13.380000114440918,46953,0.0,0.0,0.0
2025-06-11 02:35:00+00:00,13.380000114440918,13.380000114440918,13.369999885559082,13.369999885559082,60210,0.0,0.0,0.0
2025-06-11 02:40:00+00:00,13.380000114440918,13.380000114440918,13.380000114440918,13.380000114440918,46297,0.0,0.0,0.0
2025-06-11 02:45:00+00:00,13.390000343322754,13.390000343322754,13.380000114440918,13.380000114440918,8965,0.0,0.0,0.0
2025-06-11 02:50:00+00:00,13.380000114440918,13.390000343322754,13.380000114440918,13.390000343322754,13034,0.0,0.0,0.0
2025-06-11 02:55:00+00:00,13.390000343322754,13.390000343322754,13.380000114440918,13.380000114440918,52020,0.0,0.0,0.0
2025-06-11 03:00:00+00:00,13.390000343322754,13.390000343322754,13.390000343322754,13.390000343322754,12024,0.0,0.0,0.0
2025-06-11 03:05:00+00:00,13.390000343322754,13.399999618530273,13.390000343322754,13.399999618530273,273234,0.0,0.0,0.0
2025-06-11 03:10:00+00:00,13.399999618530273,13.399999618530273,13.399999618530273,13.399999618530273,7253,0.0,0.0,0.0
2025-06-11 03:15:00+00:00,13.399999618530273,13.399999618530273,13.390000343322754,13.399999618530273,79857,0.0,0.0,0.0
2025-06-11 03:20:00+00:00,13.399999618530273,13.420000076293945,13.399999618530273,13.420000076293945,100538,0.0,0.0,0.0
2025-06-11 03:25:00+00:00,13.420000076293945,13.430000305175781,13.420000076293945,13.420000076293945,537480,0.0,0.0,0.0
2025-06-11 03:30:00+00:00,13.420000076293945,13.430000305175781,13.420000076293945,13.420000076293945,664660,0.0,0.0,0.0
2025-06-11 03:35:00+00:00,13.420000076293945,13.430000305175781,13.420000076293945,13.420000076293945,15019,0.0,0.0,0.0
2025-06-11 03:40:00+00:00,13.420000076293945,13.430000305175781,13.420000076293945,13.430000305175781,35543,0.0,0.0,0.0
2025-06-11 03:45:00+00:00,13.430000305175781,13.430000305175781,13.420000076293945,13.430000305175781,16102,0.0,0.0,0.0
2025-06-11 03:50:00+00:00,13.430000305175781,13.430000305175781,13.420000076293945,13.420000076293945,15094,0.0,0.0,0.0
2025-06-11 03:55:00+00:00,13.430000305175781,13.430000305175781,13.420000076293945,13.420000076293945,54862,0.0,0.0,0.0
2025-06-11 04:00:00+00:00,13.430000305175781,13.430000305175781,13.40999984741211,13.40999984741211,22351,0.0,0.0,0.0
2025-06-11 04:05:00+00:00,13.420000076293945,13.420000076293945,13.420000076293945,13.420000076293945,11319,0.0,0.0,0.0
2025-06-11 04:10:00+00:00,13.420000076293945,13.430000305175781,13.420000076293945,13.420000076293945,31010,0.0,0.0,0.0
2025-06-11 04:15:00+00:00,13.420000076293945,13.430000305175781,13.420000076293945,13.420000076293945,34635,0.0,0.0,0.0
2025-06-11 04:20:00+00:00,13.420000076293945,13.420000076293945,13.420000076293945,13.420000076293945,20097,0.0,0.0,0.0
2025-06-11 04:25:00+00:00,13.420000076293945,13.430000305175781,13.420000076293945,13.430000305175781,52849,0.0,0.0,0.0
2025-06-11 04:30:00+00:00,13.430000305175781,13.430000305175781,13.420000076293945,13.420000076293945,45903,0.0,0.0,0.0
2025-06-11 04:35:00+00:00,13.430000305175781,13.430000305175781,13.420000076293945,13.420000076293945,37685,0.0,0.0,0.0
2025-06-11 04:40:00+00:00,13.430000305175781,13.430000305175781,13.420000076293945,13.430000305175781,285585,0.0,0.0,0.0
2025-06-12 01:00:00+00:00,13.40999984741211,13.40999984741211,13.359999656677246,13.359999656677246,134000,0.0,0.0,0.0
2025-06-12 01:05:00+00:00,13.369999885559082,13.369999885559082,13.350000381469727,13.369999885559082,143654,0.0,0.0,0.0
2025-06-12 01:10:00+00:00,13.369999885559082,13.369999885559082,13.359999656677246,13.369999885559082,288420,0.0,0.0,0.0
2025-06-12 01:15:00+00:00,13.369999885559082,13.380000114440918,13.359999656677246,13.380000114440918,55446,0.0,0.0,0.0
2025-06-12 01:20:00+00:00,13.380000114440918,13.390000343322754,13.380000114440918,13.380000114440918,47325,0.0,0.0,0.0
2025-06-12 01:25:00+00:00,13.380000114440918,13.390000343322754,13.380000114440918,13.380000114440918,36356,0.0,0.0,0.0
2025-06-12 01:30:00+00:00,13.399999618530273,13.40999984741211,13.390000343322754,13.40999984741211,149334,0.0,0.0,0.0
2025-06-12 01:35:00+00:00,13.40999984741211,13.420000076293945,13.40999984741211,13.420000076293945,39572,0.0,0.0,0.0
2025-06-12 01:40:00+00:00,13.420000076293945,13.420000076293945,13.40999984741211,13.40999984741211,60142,0.0,0.0,0.0
2025-06-12 01:45:00+00:00,13.40999984741211,13.40999984741211,13.399999618530273,13.40999984741211,136023,0.0,0.0,0.0
2025-06-12 01:50:00+00:00,13.40999984741211,13.420000076293945,13.40999984741211,13.420000076293945,18131,0.0,0.0,0.0
2025-06-12 01:55:00+00:00,13.40999984741211,13.40999984741211,13.40999984741211,13.40999984741211,5539,0.0,0.0,0.0
2025-06-12 02:00:00+00:00,13.40999984741211,13.40999984741211,13.380000114440918,13.380000114440918,97120,0.0,0.0,0.0
2025-06-12 02:05:00+00:00,13.380000114440918,13.380000114440918,13.369999885559082,13.380000114440918,61056,0.0,0.0,0.0
2025-06-12 02:10:00+00:00,13.369999885559082,13.380000114440918,13.369999885559082,13.369999885559082,32141,0.0,0.0,0.0
2025-06-12 02:15:00+00:00,13.369999885559082,13.380000114440918,13.369999885559082,13.369999885559082,35820,0.0,0.0,0.0
2025-06-12 02:20:00+00:00,13.369999885559082,13.369999885559082,13.369999885559082,13.369999885559082,13042,0.0,0.0,0.0
2025-06-12 02:25:00+00:00,13.369999885559082,13.369999885559082,13.359999656677246,13.359999656677246,75789,0.0,0.0,0.0
2025-06-12 02:30:00+00:00,13.369999885559082,13.369999885559082,13.359999656677246,13.359999656677246,8068,0.0,0.0,0.0
2025-06-12 02:35:00+00:00,13.359999656677246,13.369999885559082,13.359999656677246,13.359999656677246,10230,0.0,0.0,0.0
2025-06-12 02:40:00+00:00,13.359999656677246,13.359999656677246,13.359999656677246,13.359999656677246,32341,0.0,0.0,0.0
2025-06-12 02:45:00+00:00,13.369999885559082,13.369999885559082,13.359999656677246,13.359999656677246,33633,0.0,0.0,0.0
2025-06-12 02:50:00+00:00,13.359999656677246,13.369999885559082,13.359999656677246,13.369999885559082,32512,0.0,0.0,0.0
2025-06-12 02:55:00+00:00,13.369999885559082,13.369999885559082,13.359999656677246,13.359999656677246,39623,0.0,0.0,0.0
2025-06-12 03:00:00+00:00,13.359999656677246,13.380000114440918,13.359999656677246,13.369999885559082,79766,0.0,0.0,0.0
2025-06-12 03:05:00+00:00,13.369999885559082,13.380000114440918,13.369999885559082,13.380000114440918,8419,0.0,0.0,0.0
2025-06-12 03:10:00+00:00,13.380000114440918,13.380000114440918,13.380000114440918,13.380000114440918,1344,0.0,0.0,0.0
2025-06-12 03:15:00+00:00,13.380000114440918,13.380000114440918,13.380000114440918,13.380000114440918,4432,0.0,0.0,0.0
2025-06-12 03:20:00+00:00,13.380000114440918,13.380000114440918,13.369999885559082,13.369999885559082,11108,0.0,0.0,0.0
2025-06-12 03:25:00+00:00,13.380000114440918,13.380000114440918,13.369999885559082,13.380000114440918,8824,0.0,0.0,0.0
2025-06-12 03:30:00+00:00,13.380000114440918,13.380000114440918,13.369999885559082,13.369999885559082,11010,0.0,0.0,0.0
2025-06-12 03:35:00+00:00,13.380000114440918,13.380000114440918,13.380000114440918,13.380000114440918,8199,0.0,0.0,0.0
2025-06-12 03:40:00+00:00,13.380000114440918,13.380000114440918,13.369999885559082,13.369999885559082,45837,0.0,0.0,0.0
2025-06-12 03:45:00+00:00,13.369999885559082,13.369999885559082,13.369999885559082,13.369999885559082,55110,0.0,0.0,0.0
2025-06-12 03:50:00+00:00,13.369999885559082,13.380000114440918,13.369999885559082,13.380000114440918,96908,0.0,0.0,0.0
2025-06-12 03:55:00+00:00,13.369999885559082,13.380000114440918,13.369999885559082,13.380000114440918,49016,0.0,0.0,0.0
2025-06-12 04:00:00+00:00,13.380000114440918,13.380000114440918,13.369999885559082,13.380000114440918,68032,0.0,0.0,0.0
2025-06-12 04:05:00+00:00,13.369999885559082,13.369999885559082,13.359999656677246,13.359999656677246,42130,0.0,0.0,0.0
2025-06-12 04:10:00+00:00,13.359999656677246,13.380000114440918,13.359999656677246,13.359999656677246,29627,0.0,0.0,0.0
2025-06-12 04:15:00+00:00,13.359999656677246,13.380000114440918,13.359999656677246,13.380000114440918,9341,0.0,0.0,0.0
2025-06-12 04:20:00+00:00,13.380000114440918,13.380000114440918,13.380000114440918,13.380000114440918,16564,0.0,0.0,0.0
2025-06-12 04:25:00+00:00,13.369999885559082,13.380000114440918,13.369999885559082,13.380000114440918,10011,0.0,0.0,0.0
2025-06-12 04:30:00+00:00,13.380000114440918,13.380000114440918,13.369999885559082,13.369999885559082,21154,0.0,0.0,0.0
2025-06-12 04:35:00+00:00,13.369999885559082,13.380000114440918,13.359999656677246,13.380000114440918,32048,0.0,0.0,0.0
2025-06-12 04:40:00+00:00,13.380000114440918,13.380000114440918,13.359999656677246,13.359999656677246,54328,0.0,0.0,0.0
2025-06-12 04:45:00+00:00,13.380000114440918,13.380000114440918,13.369999885559082,13.380000114440918,16095,0.0,0.0,0.0
2025-06-12 04:50:00+00:00,13.380000114440918,13.380000114440918,13.369999885559082,13.369999885559082,79391,0.0,0.0,0.0
2025-06-12 04:55:00+00:00,13.369999885559082,13.380000114440918,13.369999885559082,13.380000114440918,24160,0.0,0.0,0.0
2025-06-12 05:00:00+00:00,13.369999885559082,13.380000114440918,13.369999885559082,13.369999885559082,23570,0.0,0.0,0.0
2025-06-12 05:05:00+00:00,13.380000114440918,13.380000114440918,13.380000114440918,13.380000114440918,1110,0.0,0.0,0.0
2025-06-12 05:10:00+00:00,13.369999885559082,13.380000114440918,13.369999885559082,13.380000114440918,22192,0.0,0.0,0.0
2025-06-12 05:15:00+00:00,13.380000114440918,13.380000114440918,13.369999885559082,13.369999885559082,85196,0.0,0.0,0.0
2025-06-12 05:20:00+00:00,13.369999885559082,13.380000114440918,13.369999885559082,13.369999885559082,95305,0.0,0.0,0.0
2025-06-13 01:00:00+00:00,13.289999961853027,13.289999961853027,13.270000457763672,13.289999961853027,0,0.0,0.0,0.0
2025-06-13 01:05:00+00:00,13.279999732971191,13.279999732971191,13.229999542236328,13.25,233179,0.0,0.0,0.0
2025-06-13 01:10:00+00:00,13.260000228881836,13.270000457763672,13.239999771118164,13.270000457763672,129599,0.0,0.0,0.0
2025-06-13 01:15:00+00:00,13.239999771118164,13.239999771118164,13.210000038146973,13.210000038146973,104160,0.0,0.0,0.0
2025-06-13 01:20:00+00:00,13.210000038146973,13.25,13.210000038146973,13.239999771118164,95512,0.0,0.0,0.0
2025-06-13 01:25:00+00:00,13.239999771118164,13.260000228881836,13.229999542236328,13.260000228881836,119233,0.0,0.0,0.0
2025-06-13 01:30:00+00:00,13.260000228881836,13.270000457763672,13.260000228881836,13.270000457763672,10292,0.0,0.0,0.0
2025-06-13 01:35:00+00:00,13.270000457763672,13.3100004196167,13.270000457763672,13.3100004196167,104774,0.0,0.0,0.0
2025-06-13 01:40:00+00:00,13.3100004196167,13.3100004196167,13.300000190734863,13.300000190734863,166924,0.0,0.0,0.0
2025-06-13 01:45:00+00:00,13.289999961853027,13.300000190734863,13.289999961853027,13.300000190734863,111627,0.0,0.0,0.0
2025-06-13 01:50:00+00:00,13.300000190734863,13.319999694824219,13.300000190734863,13.3100004196167,21892,0.0,0.0,0.0
2025-06-13 01:55:00+00:00,13.319999694824219,13.34000015258789,13.319999694824219,13.34000015258789,194552,0.0,0.0,0.0
2025-06-13 02:00:00+00:00,13.34000015258789,13.34000015258789,13.319999694824219,13.329999923706055,38507,0.0,0.0,0.0
2025-06-13 02:05:00+00:00,13.329999923706055,13.329999923706055,13.319999694824219,13.319999694824219,11075,0.0,0.0,0.0
2025-06-13 02:10:00+00:00,13.319999694824219,13.329999923706055,13.319999694824219,13.329999923706055,14549,0.0,0.0,0.0
2025-06-13 02:15:00+00:00,13.329999923706055,13.329999923706055,13.319999694824219,13.329999923706055,25148,0.0,0.0,0.0
2025-06-13 02:20:00+00:00,13.329999923706055,13.329999923706055,13.319999694824219,13.319999694824219,67771,0.0,0.0,0.0
2025-06-13 02:25:00+00:00,13.3100004196167,13.319999694824219,13.3100004196167,13.319999694824219,124257,0.0,0.0,0.0
2025-06-13 02:30:00+00:00,13.319999694824219,13.319999694824219,13.300000190734863,13.300000190734863,243622,0.0,0.0,0.0
2025-06-13 02:35:00+00:00,13.300000190734863,13.300000190734863,13.279999732971191,13.279999732971191,85359,0.0,0.0,0.0
2025-06-13 02:40:00+00:00,13.289999961853027,13.289999961853027,13.25,13.25,473860,0.0,0.0,0.0
2025-06-13 02:45:00+00:00,13.260000228881836,13.270000457763672,13.25,13.270000457763672,131047,0.0,0.0,0.0
2025-06-13 02:50:00+00:00,13.270000457763672,13.270000457763672,13.260000228881836,13.260000228881836,20335,0.0,0.0,0.0
2025-06-13 02:55:00+00:00,13.270000457763672,13.279999732971191,13.270000457763672,13.279999732971191,32333,0.0,0.0,0.0
2025-06-13 03:00:00+00:00,13.279999732971191,13.279999732971191,13.270000457763672,13.279999732971191,17707,0.0,0.0,0.0
2025-06-13 03:05:00+00:00,13.279999732971191,13.279999732971191,13.270000457763672,13.270000457763672,27651,0.0,0.0,0.0
2025-06-13 03:10:00+00:00,13.279999732971191,13.279999732971191,13.279999732971191,13.279999732971191,1043,0.0,0.0,0.0
2025-06-13 03:15:00+00:00,13.279999732971191,13.279999732971191,13.279999732971191,13.279999732971191,66159,0.0,0.0,0.0
2025-06-13 03:20:00+00:00,13.279999732971191,13.300000190734863,13.279999732971191,13.300000190734863,37053,0.0,0.0,0.0
2025-06-13 03:25:00+00:00,13.300000190734863,13.300000190734863,13.289999961853027,13.289999961853027,6149,0.0,0.0,0.0
2025-06-13 03:30:00+00:00,13.289999961853027,13.289999961853027,13.289999961853027,13.289999961853027,11102,0.0,0.0,0.0
2025-06-13 03:35:00+00:00,13.289999961853027,13.289999961853027,13.279999732971191,13.279999732971191,29445,0.0,0.0,0.0
2025-06-13 03:40:00+00:00,13.279999732971191,13.289999961853027,13.279999732971191,13.289999961853027,20234,0.0,0.0,0.0
2025-06-13 03:45:00+00:00,13.289999961853027,13.289999961853027,13.289999961853027,13.289999961853027,8049,0.0,0.0,0.0
2025-06-13 03:50:00+00:00,13.289999961853027,13.289999961853027,13.279999732971191,13.289999961853027,102524,0.0,0.0,0.0
2025-06-13 03:55:00+00:00,13.289999961853027,13.300000190734863,13.289999961853027,13.300000190734863,54764,0.0,0.0,0.0
2025-06-13 04:00:00+00:00,13.300000190734863,13.300000190734863,13.300000190734863,13.300000190734863,1070,0.0,0.0,0.0
2025-06-13 04:05:00+00:00,13.300000190734863,13.300000190734863,13.300000190734863,13.300000190734863,1158,0.0,0.0,0.0
2025-06-13 04:10:00+00:00,13.289999961853027,13.289999961853027,13.289999961853027,13.289999961853027,28051,0.0,0.0,0.0
2025-06-13 04:15:00+00:00,13.289999961853027,13.289999961853027,13.279999732971191,13.289999961853027,24085,0.0,0.0,0.0
2025-06-13 04:20:00+00:00,13.289999961853027,13.289999961853027,13.289999961853027,13.289999961853027,14187,0.0,0.0,0.0
2025-06-13 04:25:00+00:00,13.279999732971191,13.279999732971191,13.279999732971191,13.279999732971191,14034,0.0,0.0,0.0
2025-06-13 04:30:00+00:00,13.289999961853027,13.289999961853027,13.279999732971191,13.279999732971191,32032,0.0,0.0,0.0
2025-06-13 04:35:00+00:00,13.279999732971191,13.279999732971191,13.279999732971191,13.279999732971191,26122,0.0,0.0,0.0
2025-06-13 04:40:00+00:00,13.279999732971191,13.279999732971191,13.279999732971191,13.279999732971191,9010,0.0,0.0,0.0
2025-06-13 04:45:00+00:00,13.270000457763672,13.289999961853027,13.270000457763672,13.270000457763672,15478,0.0,0.0,0.0
2025-06-13 04:50:00+00:00,13.289999961853027,13.289999961853027,13.279999732971191,13.279999732971191,10246,0.0,0.0,0.0
2025-06-13 04:55:00+00:00,13.279999732971191,13.279999732971191,13.279999732971191,13.279999732971191,12294,0.0,0.0,0.0
2025-06-13 05:00:00+00:00,13.289999961853027,13.289999961853027,13.279999732971191,13.279999732971191,31380,0.0,0.0,0.0
2025-06-13 05:05:00+00:00,13.279999732971191,13.279999732971191,13.270000457763672,13.270000457763672,67424,0.0,0.0,0.0
2025-06-13 05:10:00+00:00,13.270000457763672,13.270000457763672,13.270000457763672,13.270000457763672,78761,0.0,0.0,0.0
2025-06-13 05:15:00+00:00,13.279999732971191,13.279999732971191,13.270000457763672,13.270000457763672,24044,0.0,0.0,0.0
2025-06-13 05:20:00+00:00,13.270000457763672,13.270000457763672,13.260000228881836,13.260000228881836,129872,0.0,0.0,0.0
2025-06-16 01:00:00+00:00,13.199999809265137,13.210000038146973,13.180000305175781,13.199999809265137,0,0.0,0.0,0.0
2025-06-16 01:05:00+00:00,13.199999809265137,13.220000267028809,13.1899995803833,13.220000267028809,401070,0.0,0.0,0.0
2025-06-16 01:10:00+00:00,13.220000267028809,13.25,13.220000267028809,13.229999542236328,78238,0.0,0.0,0.0
2025-06-16 01:15:00+00:00,13.25,13.25,13.220000267028809,13.220000267028809,147398,0.0,0.0,0.0
2025-06-16 01:20:00+00:00,13.220000267028809,13.229999542236328,13.210000038146973,13.210000038146973,45972,0.0,0.0,0.0
2025-06-16 01:25:00+00:00,13.229999542236328,13.229999542236328,13.220000267028809,13.220000267028809,3420,0.0,0.0,0.0
2025-06-16 01:30:00+00:00,13.220000267028809,13.220000267028809,13.210000038146973,13.210000038146973,17941,0.0,0.0,0.0
2025-06-16 01:35:00+00:00,13.220000267028809,13.220000267028809,13.220000267028809,13.220000267028809,11831,0.0,0.0,0.0
2025-06-16 01:40:00+00:00,13.220000267028809,13.229999542236328,13.220000267028809,13.229999542236328,65292,0.0,0.0,0.0
2025-06-16 01:45:00+00:00,13.239999771118164,13.239999771118164,13.220000267028809,13.220000267028809,133229,0.0,0.0,0.0
2025-06-16 01:50:00+00:00,13.220000267028809,13.220000267028809,13.210000038146973,13.220000267028809,62273,0.0,0.0,0.0
2025-06-16 01:55:00+00:00,13.220000267028809,13.239999771118164,13.220000267028809,13.239999771118164,12227,0.0,0.0,0.0
2025-06-16 02:00:00+00:00,13.239999771118164,13.239999771118164,13.210000038146973,13.229999542236328,18862,0.0,0.0,0.0
2025-06-16 02:05:00+00:00,13.229999542236328,13.229999542236328,13.229999542236328,13.229999542236328,3022,0.0,0.0,0.0
2025-06-16 02:10:00+00:00,13.229999542236328,13.239999771118164,13.220000267028809,13.239999771118164,16910,0.0,0.0,0.0
2025-06-16 02:15:00+00:00,13.239999771118164,13.239999771118164,13.220000267028809,13.239999771118164,28118,0.0,0.0,0.0
2025-06-16 02:20:00+00:00,13.239999771118164,13.239999771118164,13.229999542236328,13.229999542236328,9276,0.0,0.0,0.0
2025-06-16 02:25:00+00:00,13.229999542236328,13.229999542236328,13.199999809265137,13.210000038146973,485356,0.0,0.0,0.0
2025-06-16 02:30:00+00:00,13.210000038146973,13.220000267028809,13.210000038146973,13.210000038146973,10838,0.0,0.0,0.0
2025-06-16 02:35:00+00:00,13.210000038146973,13.210000038146973,13.210000038146973,13.210000038146973,21012,0.0,0.0,0.0
2025-06-16 02:40:00+00:00,13.210000038146973,13.210000038146973,13.199999809265137,13.199999809265137,25838,0.0,0.0,0.0
2025-06-16 02:45:00+00:00,13.199999809265137,13.210000038146973,13.1899995803833,13.199999809265137,16229,0.0,0.0,0.0
2025-06-16 02:50:00+00:00,13.199999809265137,13.210000038146973,13.199999809265137,13.210000038146973,24012,0.0,0.0,0.0
2025-06-16 02:55:00+00:00,13.210000038146973,13.210000038146973,13.210000038146973,13.210000038146973,11217,0.0,0.0,0.0
2025-06-16 03:00:00+00:00,13.210000038146973,13.220000267028809,13.199999809265137,13.220000267028809,8294,0.0,0.0,0.0
2025-06-16 03:05:00+00:00,13.220000267028809,13.220000267028809,13.220000267028809,13.220000267028809,14400,0.0,0.0,0.0
2025-06-16 03:10:00+00:00,13.220000267028809,13.220000267028809,13.210000038146973,13.220000267028809,8066,0.0,0.0,0.0
2025-06-16 03:15:00+00:00,13.239999771118164,13.239999771118164,13.239999771118164,13.239999771118164,3042,0.0,0.0,0.0
2025-06-16 03:20:00+00:00,13.229999542236328,13.229999542236328,13.210000038146973,13.229999542236328,5027,0.0,0.0,0.0
2025-06-16 03:25:00+00:00,13.229999542236328,13.229999542236328,13.220000267028809,13.220000267028809,8017,0.0,0.0,0.0
2025-06-16 03:30:00+00:00,13.220000267028809,13.220000267028809,13.220000267028809,13.220000267028809,5379,0.0,0.0,0.0
2025-06-16 03:35:00+00:00,13.220000267028809,13.229999542236328,13.220000267028809,13.229999542236328,34491,0.0,0.0,0.0
2025-06-16 03:40:00+00:00,13.229999542236328,13.229999542236328,13.220000267028809,13.220000267028809,35235,0.0,0.0,0.0
2025-06-16 03:45:00+00:00,13.239999771118164,13.239999771118164,13.220000267028809,13.229999542236328,10181,0.0,0.0,0.0
2025-06-16 03:50:00+00:00,13.229999542236328,13.25,13.210000038146973,13.25,101700,0.0,0.0,0.0
2025-06-16 03:55:00+00:00,13.25,13.25,13.25,13.25,30495,0.0,0.0,0.0
2025-06-16 04:00:00+00:00,13.25,13.25,13.239999771118164,13.25,62564,0.0,0.0,0.0
2025-06-16 04:05:00+00:00,13.25,13.25,13.239999771118164,13.25,10196,0.0,0.0,0.0
2025-06-16 04:10:00+00:00,13.25,13.25,13.25,13.25,4117,0.0,0.0,0.0
2025-06-16 04:15:00+00:00,13.25,13.25,13.239999771118164,13.25,15362,0.0,0.0,0.0
2025-06-16 04:20:00+00:00,13.25,13.25,13.229999542236328,13.229999542236328,21097,0.0,0.0,0.0
2025-06-16 04:25:00+00:00,13.239999771118164,13.239999771118164,13.229999542236328,13.229999542236328,6300,0.0,0.0,0.0
2025-06-16 04:30:00+00:00,13.239999771118164,13.239999771118164,13.239999771118164,13.239999771118164,4553,0.0,0.0,0.0
2025-06-16 04:35:00+00:00,13.239999771118164,13.239999771118164,13.239999771118164,13.239999771118164,7181,0.0,0.0,0.0
2025-06-16 04:40:00+00:00,13.229999542236328,13.229999542236328,13.229999542236328,13.229999542236328,3050,0.0,0.0,0.0
2025-06-16 04:45:00+00:00,13.229999542236328,13.239999771118164,13.229999542236328,13.229999542236328,20720,0.0,0.0,0.0
2025-06-16 04:50:00+00:00,13.229999542236328,13.239999771118164,13.229999542236328,13.239999771118164,26240,0.0,0.0,0.0
2025-06-16 04:55:00+00:00,13.239999771118164,13.239999771118164,13.239999771118164,13.239999771118164,8300,0.0,0.0,0.0
2025-06-16 05:00:00+00:00,13.239999771118164,13.239999771118164,13.239999771118164,13.239999771118164,43551,0.0,0.0,0.0
2025-06-16 05:05:00+00:00,13.25,13.270000457763672,13.25,13.270000457763672,153911,0.0,0.0,0.0
2025-06-16 05:10:00+00:00,13.270000457763672,13.270000457763672,13.270000457763672,13.270000457763672,47553,0.0,0.0,0.0
2025-06-16 05:15:00+00:00,13.270000457763672,13.270000457763672,13.260000228881836,13.260000228881836,23871,0.0,0.0,0.0
2025-06-16 05:20:00+00:00,13.270000457763672,13.270000457763672,13.260000228881836,13.270000457763672,537729,0.0,0.0,0.0
2025-06-17 01:00:00+00:00,13.380000114440918,13.40999984741211,13.380000114440918,13.40999984741211,0,0.0,0.0,0.0
2025-06-17 01:05:00+00:00,13.40999984741211,13.40999984741211,13.399999618530273,13.399999618530273,140000,0.0,0.0,0.0
2025-06-17 01:10:00+00:00,13.390000343322754,13.399999618530273,13.359999656677246,13.359999656677246,50123,0.0,0.0,0.0
2025-06-17 01:15:00+00:00,13.359999656677246,13.369999885559082,13.359999656677246,13.369999885559082,14567,0.0,0.0,0.0
2025-06-17 01:20:00+00:00,13.359999656677246,13.369999885559082,13.350000381469727,13.369999885559082,68610,0.0,0.0,0.0
2025-06-17 01:25:00+00:00,13.369999885559082,13.369999885559082,13.359999656677246,13.359999656677246,62044,0.0,0.0,0.0
2025-06-17 01:30:00+00:00,13.359999656677246,13.359999656677246,13.350000381469727,13.350000381469727,11807,0.0,0.0,0.0
2025-06-17 01:35:00+00:00,13.350000381469727,13.350000381469727,13.350000381469727,13.350000381469727,41256,0.0,0.0,0.0
2025-06-17 01:40:00+00:00,13.350000381469727,13.350000381469727,13.34000015258789,13.34000015258789,56114,0.0,0.0,0.0
2025-06-17 01:45:00+00:00,13.350000381469727,13.369999885559082,13.350000381469727,13.369999885559082,102102,0.0,0.0,0.0
2025-06-17 01:50:00+00:00,13.369999885559082,13.390000343322754,13.369999885559082,13.390000343322754,186237,0.0,0.0,0.0
2025-06-17 01:55:00+00:00,13.390000343322754,13.390000343322754,13.390000343322754,13.390000343322754,39593,0.0,0.0,0.0
2025-06-17 02:00:00+00:00,13.390000343322754,13.399999618530273,13.390000343322754,13.390000343322754,26142,0.0,0.0,0.0
2025-06-17 02:05:00+00:00,13.390000343322754,13.390000343322754,13.350000381469727,13.350000381469727,121045,0.0,0.0,0.0
2025-06-17 02:10:00+00:00,13.369999885559082,13.369999885559082,13.329999923706055,13.329999923706055,477349,0.0,0.0,0.0
2025-06-17 02:15:00+00:00,13.3100004196167,13.319999694824219,13.3100004196167,13.319999694824219,261274,0.0,0.0,0.0
2025-06-17 02:20:00+00:00,13.329999923706055,13.329999923706055,13.329999923706055,13.329999923706055,2839,0.0,0.0,0.0
2025-06-17 02:25:00+00:00,13.329999923706055,13.329999923706055,13.329999923706055,13.329999923706055,37103,0.0,0.0,0.0
2025-06-17 02:30:00+00:00,13.319999694824219,13.319999694824219,13.3100004196167,13.3100004196167,17021,0.0,0.0,0.0
2025-06-17 02:35:00+00:00,13.3100004196167,13.3100004196167,13.3100004196167,13.3100004196167,12208,0.0,0.0,0.0
2025-06-17 02:40:00+00:00,13.3100004196167,13.3100004196167,13.300000190734863,13.3100004196167,7330,0.0,0.0,0.0
2025-06-17 02:45:00+00:00,13.300000190734863,13.319999694824219,13.300000190734863,13.319999694824219,41191,0.0,0.0,0.0
2025-06-17 02:50:00+00:00,13.329999923706055,13.329999923706055,13.329999923706055,13.329999923706055,42125,0.0,0.0,0.0
2025-06-17 02:55:00+00:00,13.350000381469727,13.350000381469727,13.350000381469727,13.350000381469727,1586,0.0,0.0,0.0
2025-06-17 03:00:00+00:00,13.34000015258789,13.350000381469727,13.34000015258789,13.34000015258789,567028,0.0,0.0,0.0
2025-06-17 03:05:00+00:00,13.34000015258789,13.34000015258789,13.34000015258789,13.34000015258789,3021,0.0,0.0,0.0
2025-06-17 03:10:00+00:00,13.329999923706055,13.34000015258789,13.329999923706055,13.34000015258789,29121,0.0,0.0,0.0
2025-06-17 03:15:00+00:00,13.329999923706055,13.34000015258789,13.329999923706055,13.34000015258789,10519,0.0,0.0,0.0
2025-06-17 03:20:00+00:00,13.34000015258789,13.34000015258789,13.319999694824219,13.319999694824219,8013,0.0,0.0,0.0
2025-06-17 03:25:00+00:00,13.319999694824219,13.319999694824219,13.319999694824219,13.319999694824219,12013,0.0,0.0,0.0
2025-06-17 03:30:00+00:00,13.329999923706055,13.329999923706055,13.329999923706055,13.329999923706055,1341,0.0,0.0,0.0
2025-06-17 03:35:00+00:00,13.329999923706055,13.329999923706055,13.3100004196167,13.3100004196167,7148,0.0,0.0,0.0
2025-06-17 03:40:00+00:00,13.319999694824219,13.329999923706055,13.3100004196167,13.319999694824219,43093,0.0,0.0,0.0
2025-06-17 03:45:00+00:00,13.319999694824219,13.319999694824219,13.300000190734863,13.300000190734863,23828,0.0,0.0,0.0
2025-06-17 03:50:00+00:00,13.300000190734863,13.319999694824219,13.300000190734863,13.319999694824219,79033,0.0,0.0,0.0
2025-06-17 03:55:00+00:00,13.300000190734863,13.300000190734863,13.289999961853027,13.289999961853027,34506,0.0,0.0,0.0
2025-06-17 04:00:00+00:00,13.300000190734863,13.300000190734863,13.300000190734863,13.300000190734863,13059,0.0,0.0,0.0
2025-06-17 04:05:00+00:00,13.300000190734863,13.3100004196167,13.300000190734863,13.300000190734863,5027,0.0,0.0,0.0
2025-06-17 04:10:00+00:00,13.300000190734863,13.300000190734863,13.300000190734863,13.300000190734863,74468,0.0,0.0,0.0
2025-06-17 04:15:00+00:00,13.300000190734863,13.300000190734863,13.289999961853027,13.289999961853027,14211,0.0,0.0,0.0
2025-06-17 04:20:00+00:00,13.289999961853027,13.289999961853027,13.289999961853027,13.289999961853027,15164,0.0,0.0,0.0
2025-06-17 04:25:00+00:00,13.300000190734863,13.300000190734863,13.300000190734863,13.300000190734863,28145,0.0,0.0,0.0
2025-06-17 04:30:00+00:00,13.3100004196167,13.3100004196167,13.3100004196167,13.3100004196167,1146,0.0,0.0,0.0
2025-06-17 04:35:00+00:00,13.300000190734863,13.300000190734863,13.300000190734863,13.300000190734863,2010,0.0,0.0,0.0
2025-06-17 04:40:00+00:00,13.300000190734863,13.300000190734863,13.300000190734863,13.300000190734863,2090,0.0,0.0,0.0
2025-06-17 04:45:00+00:00,13.300000190734863,13.300000190734863,13.300000190734863,13.300000190734863,18887,0.0,0.0,0.0
2025-06-17 04:50:00+00:00,13.300000190734863,13.300000190734863,13.300000190734863,13.300000190734863,49839,0.0,0.0,0.0
2025-06-17 04:55:00+00:00,13.300000190734863,13.300000190734863,13.300000190734863,13.300000190734863,2403,0.0,0.0,0.0
2025-06-17 05:00:00+00:00,13.3100004196167,13.3100004196167,13.3100004196167,13.3100004196167,330209,0.0,0.0,0.0
2025-06-17 05:05:00+00:00,13.319999694824219,13.319999694824219,13.3100004196167,13.3100004196167,21737,0.0,0.0,0.0
2025-06-17 05:10:00+00:00,13.319999694824219,13.34000015258789,13.319999694824219,13.329999923706055,59169,0.0,0.0,0.0
2025-06-17 05:15:00+00:00,13.34000015258789,13.34000015258789,13.329999923706055,13.329999923706055,71793,0.0,0.0,0.0
2025-06-17 05:20:00+00:00,13.319999694824219,13.319999694824219,13.319999694824219,13.319999694824219,22942,0.0,0.0,0.0
2025-06-18 01:00:00+00:00,13.329999923706055,13.329999923706055,13.329999923706055,13.329999923706055,38000,0.0,0.0,0.0
2025-06-18 01:05:00+00:00,13.329999923706055,13.369999885559082,13.319999694824219,13.359999656677246,134172,0.0,0.0,0.0
2025-06-18 01:10:00+00:00,13.359999656677246,13.369999885559082,13.350000381469727,13.359999656677246,273887,0.0,0.0,0.0
2025-06-18 01:15:00+00:00,13.369999885559082,13.369999885559082,13.359999656677246,13.359999656677246,99719,0.0,0.0,0.0
2025-06-18 01:20:00+00:00,13.359999656677246,13.369999885559082,13.359999656677246,13.359999656677246,48288,0.0,0.0,0.0
2025-06-18 01:25:00+00:00,13.369999885559082,13.369999885559082,13.350000381469727,13.359999656677246,51574,0.0,0.0,0.0
2025-06-18 01:30:00+00:00,13.359999656677246,13.359999656677246,13.350000381469727,13.359999656677246,41335,0.0,0.0,0.0
2025-06-18 01:35:00+00:00,13.359999656677246,13.359999656677246,13.359999656677246,13.359999656677246,43866,0.0,0.0,0.0
2025-06-18 01:40:00+00:00,13.359999656677246,13.359999656677246,13.34000015258789,13.34000015258789,21064,0.0,0.0,0.0
2025-06-18 01:45:00+00:00,13.350000381469727,13.350000381469727,13.34000015258789,13.34000015258789,31185,0.0,0.0,0.0
2025-06-18 01:50:00+00:00,13.34000015258789,13.34000015258789,13.329999923706055,13.329999923706055,149204,0.0,0.0,0.0
2025-06-18 01:55:00+00:00,13.350000381469727,13.350000381469727,13.350000381469727,13.350000381469727,7775,0.0,0.0,0.0
2025-06-18 02:00:00+00:00,13.350000381469727,13.350000381469727,13.350000381469727,13.350000381469727,6372,0.0,0.0,0.0
2025-06-18 02:05:00+00:00,13.34000015258789,13.34000015258789,13.34000015258789,13.34000015258789,68418,0.0,0.0,0.0
2025-06-18 02:10:00+00:00,13.34000015258789,13.350000381469727,13.34000015258789,13.350000381469727,86282,0.0,0.0,0.0
2025-06-18 02:15:00+00:00,13.359999656677246,13.359999656677246,13.350000381469727,13.350000381469727,43063,0.0,0.0,0.0
2025-06-18 02:20:00+00:00,13.350000381469727,13.369999885559082,13.34000015258789,13.369999885559082,794205,0.0,0.0,0.0
2025-06-18 02:25:00+00:00,13.369999885559082,13.380000114440918,13.369999885559082,13.369999885559082,162548,0.0,0.0,0.0
2025-06-18 02:30:00+00:00,13.380000114440918,13.390000343322754,13.380000114440918,13.390000343322754,60204,0.0,0.0,0.0
2025-06-18 02:35:00+00:00,13.390000343322754,13.390000343322754,13.380000114440918,13.380000114440918,5121,0.0,0.0,0.0
2025-06-18 02:40:00+00:00,13.380000114440918,13.390000343322754,13.380000114440918,13.390000343322754,110015,0.0,0.0,0.0
2025-06-18 02:45:00+00:00,13.399999618530273,13.420000076293945,13.390000343322754,13.420000076293945,658355,0.0,0.0,0.0
2025-06-18 02:50:00+00:00,13.40999984741211,13.420000076293945,13.40999984741211,13.420000076293945,4024,0.0,0.0,0.0
2025-06-18 02:55:00+00:00,13.420000076293945,13.420000076293945,13.40999984741211,13.40999984741211,147159,0.0,0.0,0.0
2025-06-18 03:00:00+00:00,13.40999984741211,13.420000076293945,13.40999984741211,13.420000076293945,8068,0.0,0.0,0.0
2025-06-18 03:05:00+00:00,13.40999984741211,13.40999984741211,13.399999618530273,13.399999618530273,12477,0.0,0.0,0.0
2025-06-18 03:10:00+00:00,13.399999618530273,13.399999618530273,13.399999618530273,13.399999618530273,22190,0.0,0.0,0.0
2025-06-18 03:15:00+00:00,13.399999618530273,13.40999984741211,13.399999618530273,13.399999618530273,22473,0.0,0.0,0.0
2025-06-18 03:20:00+00:00,13.399999618530273,13.40999984741211,13.399999618530273,13.40999984741211,153827,0.0,0.0,0.0
2025-06-18 03:25:00+00:00,13.420000076293945,13.420000076293945,13.420000076293945,13.420000076293945,200411,0.0,0.0,0.0
2025-06-18 03:30:00+00:00,13.420000076293945,13.430000305175781,13.420000076293945,13.420000076293945,38554,0.0,0.0,0.0
2025-06-18 03:35:00+00:00,13.420000076293945,13.430000305175781,13.420000076293945,13.420000076293945,48038,0.0,0.0,0.0
2025-06-18 03:40:00+00:00,13.420000076293945,13.430000305175781,13.420000076293945,13.430000305175781,25264,0.0,0.0,0.0
2025-06-18 03:45:00+00:00,13.430000305175781,13.430000305175781,13.420000076293945,13.420000076293945,12015,0.0,0.0,0.0
2025-06-18 03:50:00+00:00,13.420000076293945,13.420000076293945,13.40999984741211,13.40999984741211,126035,0.0,0.0,0.0
2025-06-18 03:55:00+00:00,13.40999984741211,13.40999984741211,13.399999618530273,13.40999984741211,226614,0.0,0.0,0.0
2025-06-18 04:00:00+00:00,13.40999984741211,13.420000076293945,13.399999618530273,13.420000076293945,29370,0.0,0.0,0.0
2025-06-18 04:05:00+00:00,13.399999618530273,13.399999618530273,13.399999618530273,13.399999618530273,30121,0.0,0.0,0.0
2025-06-18 04:10:00+00:00,13.40999984741211,13.40999984741211,13.399999618530273,13.399999618530273,168359,0.0,0.0,0.0
2025-06-18 04:15:00+00:00,13.399999618530273,13.40999984741211,13.399999618530273,13.399999618530273,12075,0.0,0.0,0.0
2025-06-18 04:20:00+00:00,13.399999618530273,13.40999984741211,13.399999618530273,13.40999984741211,38129,0.0,0.0,0.0
2025-06-18 04:25:00+00:00,13.40999984741211,13.420000076293945,13.40999984741211,13.40999984741211,108205,0.0,0.0,0.0
2025-06-18 04:30:00+00:00,13.420000076293945,13.420000076293945,13.399999618530273,13.399999618530273,102462,0.0,0.0,0.0
2025-06-18 04:35:00+00:00,13.399999618530273,13.399999618530273,13.380000114440918,13.380000114440918,24200,0.0,0.0,0.0
2025-06-18 04:40:00+00:00,13.380000114440918,13.390000343322754,13.380000114440918,13.380000114440918,8227,0.0,0.0,0.0
2025-06-18 04:45:00+00:00,13.380000114440918,13.380000114440918,13.369999885559082,13.369999885559082,9250,0.0,0.0,0.0
2025-06-18 04:50:00+00:00,13.369999885559082,13.380000114440918,13.369999885559082,13.369999885559082,109300,0.0,0.0,0.0
2025-06-18 04:55:00+00:00,13.380000114440918,13.380000114440918,13.369999885559082,13.369999885559082,60227,0.0,0.0,0.0
2025-06-18 05:00:00+00:00,13.380000114440918,13.390000343322754,13.380000114440918,13.390000343322754,103400,0.0,0.0,0.0
2025-06-18 05:05:00+00:00,13.399999618530273,13.399999618530273,13.399999618530273,13.399999618530273,48243,0.0,0.0,0.0
2025-06-18 05:10:00+00:00,13.399999618530273,13.399999618530273,13.399999618530273,13.399999618530273,26357,0.0,0.0,0.0
2025-06-18 05:15:00+00:00,13.399999618530273,13.399999618530273,13.399999618530273,13.399999618530273,15217,0.0,0.0,0.0
2025-06-18 05:20:00+00:00,13.399999618530273,13.399999618530273,13.390000343322754,13.399999618530273,22663,0.0,0.0,0.0
2025-06-19 01:00:00+00:00,13.390000343322754,13.390000343322754,13.369999885559082,13.369999885559082,0,0.0,0.0,0.0
2025-06-19 01:05:00+00:00,13.350000381469727,13.350000381469727,13.350000381469727,13.350000381469727,60000,0.0,0.0,0.0
2025-06-19 01:10:00+00:00,13.359999656677246,13.359999656677246,13.350000381469727,13.359999656677246,38964,0.0,0.0,0.0
2025-06-19 01:15:00+00:00,13.359999656677246,13.369999885559082,13.359999656677246,13.369999885559082,141178,0.0,0.0,0.0
2025-06-19 01:20:00+00:00,13.369999885559082,13.369999885559082,13.359999656677246,13.369999885559082,10336,0.0,0.0,0.0
2025-06-19 01:25:00+00:00,13.359999656677246,13.359999656677246,13.350000381469727,13.350000381469727,37090,0.0,0.0,0.0
2025-06-19 01:30:00+00:00,13.359999656677246,13.359999656677246,13.34000015258789,13.34000015258789,11529,0.0,0.0,0.0
2025-06-19 01:35:00+00:00,13.34000015258789,13.34000015258789,13.329999923706055,13.329999923706055,21708,0.0,0.0,0.0
2025-06-19 01:40:00+00:00,13.319999694824219,13.319999694824219,13.3100004196167,13.319999694824219,26997,0.0,0.0,0.0
2025-06-19 01:45:00+00:00,13.3100004196167,13.329999923706055,13.3100004196167,13.329999923706055,46245,0.0,0.0,0.0
2025-06-19 01:50:00+00:00,13.329999923706055,13.329999923706055,13.319999694824219,13.319999694824219,11372,0.0,0.0,0.0
2025-06-19 01:55:00+00:00,13.319999694824219,13.319999694824219,13.3100004196167,13.3100004196167,74100,0.0,0.0,0.0
2025-06-19 02:00:00+00:00,13.319999694824219,13.319999694824219,13.3100004196167,13.3100004196167,17934,0.0,0.0,0.0
2025-06-19 02:05:00+00:00,13.319999694824219,13.329999923706055,13.319999694824219,13.329999923706055,51368,0.0,0.0,0.0
2025-06-19 02:10:00+00:00,13.329999923706055,13.329999923706055,13.319999694824219,13.319999694824219,71218,0.0,0.0,0.0
2025-06-19 02:15:00+00:00,13.319999694824219,13.319999694824219,13.300000190734863,13.300000190734863,67284,0.0,0.0,0.0
2025-06-19 02:20:00+00:00,13.300000190734863,13.300000190734863,13.300000190734863,13.300000190734863,7317,0.0,0.0,0.0
2025-06-19 02:25:00+00:00,13.300000190734863,13.300000190734863,13.300000190734863,13.300000190734863,22602,0.0,0.0,0.0
2025-06-19 02:30:00+00:00,13.3100004196167,13.3100004196167,13.3100004196167,13.3100004196167,7118,0.0,0.0,0.0
2025-06-19 02:35:00+00:00,13.300000190734863,13.3100004196167,13.300000190734863,13.3100004196167,7135,0.0,0.0,0.0
2025-06-19 02:40:00+00:00,13.300000190734863,13.3100004196167,13.300000190734863,13.300000190734863,56333,0.0,0.0,0.0
2025-06-19 02:45:00+00:00,13.3100004196167,13.3100004196167,13.279999732971191,13.279999732971191,39544,0.0,0.0,0.0
2025-06-19 02:50:00+00:00,13.279999732971191,13.289999961853027,13.279999732971191,13.289999961853027,10008,0.0,0.0,0.0
2025-06-19 02:55:00+00:00,13.289999961853027,13.289999961853027,13.270000457763672,13.279999732971191,46159,0.0,0.0,0.0
2025-06-19 03:00:00+00:00,13.289999961853027,13.300000190734863,13.289999961853027,13.300000190734863,15266,0.0,0.0,0.0
2025-06-19 03:05:00+00:00,13.300000190734863,13.300000190734863,13.300000190734863,13.300000190734863,13017,0.0,0.0,0.0
2025-06-19 03:10:00+00:00,13.300000190734863,13.3100004196167,13.300000190734863,13.3100004196167,20726,0.0,0.0,0.0
2025-06-19 03:15:00+00:00,13.3100004196167,13.3100004196167,13.3100004196167,13.3100004196167,6514,0.0,0.0,0.0
2025-06-19 03:20:00+00:00,13.319999694824219,13.319999694824219,13.3100004196167,13.3100004196167,3118,0.0,0.0,0.0
2025-06-19 03:25:00+00:00,13.319999694824219,13.319999694824219,13.319999694824219,13.319999694824219,51030,0.0,0.0,0.0
2025-06-19 03:30:00+00:00,13.329999923706055,13.329999923706055,13.319999694824219,13.319999694824219,8375,0.0,0.0,0.0
2025-06-19 03:35:00+00:00,13.319999694824219,13.319999694824219,13.319999694824219,13.319999694824219,26111,0.0,0.0,0.0
2025-06-19 03:40:00+00:00,13.319999694824219,13.329999923706055,13.319999694824219,13.329999923706055,4121,0.0,0.0,0.0
2025-06-19 03:45:00+00:00,13.329999923706055,13.329999923706055,13.319999694824219,13.319999694824219,10522,0.0,0.0,0.0
2025-06-19 03:50:00+00:00,13.319999694824219,13.329999923706055,13.319999694824219,13.319999694824219,4042,0.0,0.0,0.0
2025-06-19 03:55:00+00:00,13.329999923706055,13.329999923706055,13.319999694824219,13.319999694824219,16010,0.0,0.0,0.0
2025-06-19 04:00:00+00:00,13.329999923706055,13.329999923706055,13.319999694824219,13.319999694824219,108054,0.0,0.0,0.0
2025-06-19 04:05:00+00:00,13.319999694824219,13.319999694824219,13.319999694824219,13.319999694824219,2304,0.0,0.0,0.0
2025-06-19 04:10:00+00:00,13.3100004196167,13.3100004196167,13.3100004196167,13.3100004196167,62427,0.0,0.0,0.0
2025-06-19 04:15:00+00:00,13.3100004196167,13.319999694824219,13.3100004196167,13.319999694824219,4806,0.0,0.0,0.0
2025-06-19 04:20:00+00:00,13.3100004196167,13.3100004196167,13.300000190734863,13.300000190734863,47013,0.0,0.0,0.0
2025-06-19 04:25:00+00:00,13.3100004196167,13.3100004196167,13.300000190734863,13.300000190734863,47066,0.0,0.0,0.0
2025-06-19 04:30:00+00:00,13.3100004196167,13.3100004196167,13.300000190734863,13.300000190734863,14673,0.0,0.0,0.0
2025-06-19 04:35:00+00:00,13.300000190734863,13.300000190734863,13.300000190734863,13.300000190734863,13340,0.0,0.0,0.0
2025-06-19 04:40:00+00:00,13.3100004196167,13.3100004196167,13.300000190734863,13.3100004196167,11360,0.0,0.0,0.0
2025-06-19 04:45:00+00:00,13.3100004196167,13.3100004196167,13.300000190734863,13.3100004196167,9384,0.0,0.0,0.0
2025-06-19 04:50:00+00:00,13.300000190734863,13.300000190734863,13.300000190734863,13.300000190734863,6050,0.0,0.0,0.0
2025-06-19 04:55:00+00:00,13.300000190734863,13.300000190734863,13.300000190734863,13.300000190734863,25114,0.0,0.0,0.0
2025-06-19 05:00:00+00:00,13.300000190734863,13.300000190734863,13.289999961853027,13.289999961853027,253122,0.0,0.0,0.0
2025-06-19 05:05:00+00:00,13.289999961853027,13.289999961853027,13.289999961853027,13.289999961853027,39169,0.0,0.0,0.0
2025-06-19 05:10:00+00:00,13.289999961853027,13.289999961853027,13.279999732971191,13.279999732971191,15106,0.0,0.0,0.0
2025-06-19 05:15:00+00:00,13.289999961853027,13.289999961853027,13.279999732971191,13.279999732971191,25727,0.0,0.0,0.0
2025-06-19 05:20:00+00:00,13.289999961853027,13.289999961853027,13.289999961853027,13.289999961853027,19333,0.0,0.0,0.0
2025-06-20 01:00:00+00:00,13.289999961853027,13.300000190734863,13.289999961853027,13.289999961853027,0,0.0,0.0,0.0
2025-06-20 01:05:00+00:00,13.300000190734863,13.300000190734863,13.260000228881836,13.260000228881836,18071,0.0,0.0,0.0
2025-06-20 01:10:00+00:00,13.260000228881836,13.270000457763672,13.25,13.25,45991,0.0,0.0,0.0
2025-06-20 01:15:00+00:00,13.239999771118164,13.25,13.239999771118164,13.239999771118164,64224,0.0,0.0,0.0
2025-06-20 01:20:00+00:00,13.239999771118164,13.25,13.229999542236328,13.239999771118164,60161,0.0,0.0,0.0
2025-06-20 01:25:00+00:00,13.239999771118164,13.239999771118164,13.229999542236328,13.229999542236328,27073,0.0,0.0,0.0
2025-06-20 01:30:00+00:00,13.229999542236328,13.229999542236328,13.210000038146973,13.210000038146973,53814,0.0,0.0,0.0
2025-06-20 01:35:00+00:00,13.199999809265137,13.199999809265137,13.1899995803833,13.1899995803833,421211,0.0,0.0,0.0
2025-06-20 01:40:00+00:00,13.1899995803833,13.199999809265137,13.1899995803833,13.1899995803833,29845,0.0,0.0,0.0
2025-06-20 01:45:00+00:00,13.1899995803833,13.1899995803833,13.180000305175781,13.180000305175781,61016,0.0,0.0,0.0
2025-06-20 01:50:00+00:00,13.180000305175781,13.180000305175781,13.180000305175781,13.180000305175781,6599,0.0,0.0,0.0
2025-06-20 01:55:00+00:00,13.170000076293945,13.170000076293945,13.170000076293945,13.170000076293945,42536,0.0,0.0,0.0
2025-06-20 02:00:00+00:00,13.180000305175781,13.180000305175781,13.180000305175781,13.180000305175781,13738,0.0,0.0,0.0
2025-06-20 02:05:00+00:00,13.180000305175781,13.180000305175781,13.170000076293945,13.180000305175781,11418,0.0,0.0,0.0
2025-06-20 02:10:00+00:00,13.180000305175781,13.180000305175781,13.15999984741211,13.15999984741211,57110,0.0,0.0,0.0
2025-06-20 02:15:00+00:00,13.15999984741211,13.15999984741211,13.149999618530273,13.15999984741211,50335,0.0,0.0,0.0
2025-06-20 02:20:00+00:00,13.15999984741211,13.15999984741211,13.149999618530273,13.15999984741211,16218,0.0,0.0,0.0
2025-06-20 02:25:00+00:00,13.170000076293945,13.170000076293945,13.170000076293945,13.170000076293945,4181,0.0,0.0,0.0
2025-06-20 02:30:00+00:00,13.170000076293945,13.180000305175781,13.170000076293945,13.180000305175781,95314,0.0,0.0,0.0
2025-06-20 02:35:00+00:00,13.1899995803833,13.199999809265137,13.1899995803833,13.199999809265137,36169,0.0,0.0,0.0
2025-06-20 02:40:00+00:00,13.199999809265137,13.199999809265137,13.1899995803833,13.1899995803833,39059,0.0,0.0,0.0
2025-06-20 02:45:00+00:00,13.1899995803833,13.199999809265137,13.1899995803833,13.199999809265137,3174,0.0,0.0,0.0
2025-06-20 02:50:00+00:00,13.199999809265137,13.199999809265137,13.1899995803833,13.1899995803833,151235,0.0,0.0,0.0
2025-06-20 02:55:00+00:00,13.1899995803833,13.1899995803833,13.1899995803833,13.1899995803833,11530,0.0,0.0,0.0
2025-06-20 03:00:00+00:00,13.180000305175781,13.180000305175781,13.180000305175781,13.180000305175781,29266,0.0,0.0,0.0
2025-06-20 03:05:00+00:00,13.180000305175781,13.180000305175781,13.180000305175781,13.180000305175781,3205,0.0,0.0,0.0
2025-06-20 03:10:00+00:00,13.180000305175781,13.180000305175781,13.180000305175781,13.180000305175781,2144,0.0,0.0,0.0
2025-06-20 03:15:00+00:00,13.180000305175781,13.180000305175781,13.170000076293945,13.170000076293945,10387,0.0,0.0,0.0
2025-06-20 03:20:00+00:00,13.180000305175781,13.1899995803833,13.170000076293945,13.1899995803833,6151,0.0,0.0,0.0
2025-06-20 03:25:00+00:00,13.1899995803833,13.1899995803833,13.1899995803833,13.1899995803833,13269,0.0,0.0,0.0
2025-06-20 03:30:00+00:00,13.199999809265137,13.199999809265137,13.199999809265137,13.199999809265137,13686,0.0,0.0,0.0
2025-06-20 03:35:00+00:00,13.199999809265137,13.199999809265137,13.199999809265137,13.199999809265137,38024,0.0,0.0,0.0
2025-06-20 03:40:00+00:00,13.210000038146973,13.220000267028809,13.210000038146973,13.220000267028809,5124,0.0,0.0,0.0
2025-06-20 03:45:00+00:00,13.210000038146973,13.220000267028809,13.210000038146973,13.220000267028809,8320,0.0,0.0,0.0
2025-06-20 03:50:00+00:00,13.210000038146973,13.229999542236328,13.210000038146973,13.229999542236328,74076,0.0,0.0,0.0
2025-06-20 03:55:00+00:00,13.239999771118164,13.25,13.229999542236328,13.25,40063,0.0,0.0,0.0
2025-06-20 04:00:00+00:00,13.25,13.25,13.25,13.25,6053,0.0,0.0,0.0
2025-06-20 04:05:00+00:00,13.25,13.25,13.25,13.25,5187,0.0,0.0,0.0
2025-06-20 04:10:00+00:00,13.25,13.25,13.25,13.25,34137,0.0,0.0,0.0
2025-06-20 04:15:00+00:00,13.25,13.25,13.239999771118164,13.25,5153,0.0,0.0,0.0
2025-06-20 04:20:00+00:00,13.25,13.25,13.239999771118164,13.25,8682,0.0,0.0,0.0
2025-06-20 04:25:00+00:00,13.25,13.25,13.25,13.25,1055,0.0,0.0,0.0
2025-06-20 04:30:00+00:00,13.25,13.25,13.239999771118164,13.239999771118164,4486,0.0,0.0,0.0
2025-06-20 04:35:00+00:00,13.239999771118164,13.239999771118164,13.239999771118164,13.239999771118164,3010,0.0,0.0,0.0
2025-06-20 04:40:00+00:00,13.239999771118164,13.239999771118164,13.220000267028809,13.220000267028809,18183,0.0,0.0,0.0
2025-06-20 04:45:00+00:00,13.210000038146973,13.210000038146973,13.210000038146973,13.210000038146973,19425,0.0,0.0,0.0
2025-06-20 04:50:00+00:00,13.210000038146973,13.229999542236328,13.210000038146973,13.229999542236328,90110,0.0,0.0,0.0
2025-06-20 04:55:00+00:00,13.229999542236328,13.239999771118164,13.229999542236328,13.239999771118164,37694,0.0,0.0,0.0
2025-06-20 05:00:00+00:00,13.239999771118164,13.239999771118164,13.239999771118164,13.239999771118164,3310,0.0,0.0,0.0
2025-06-20 05:05:00+00:00,13.239999771118164,13.239999771118164,13.229999542236328,13.229999542236328,10010,0.0,0.0,0.0
2025-06-20 05:10:00+00:00,13.229999542236328,13.229999542236328,13.229999542236328,13.229999542236328,17398,0.0,0.0,0.0
2025-06-20 05:15:00+00:00,13.229999542236328,13.229999542236328,13.220000267028809,13.229999542236328,5926,0.0,0.0,0.0
2025-06-20 05:20:00+00:00,13.229999542236328,13.229999542236328,13.220000267028809,13.229999542236328,52161,0.0,0.0,0.0
2025-06-23 01:00:00+00:00,13.100000381469727,13.100000381469727,13.050000190734863,13.0600004196167,0,0.0,0.0,0.0
2025-06-23 01:05:00+00:00,13.069999694824219,13.100000381469727,13.0600004196167,13.100000381469727,79317,0.0,0.0,0.0
2025-06-23 01:10:00+00:00,13.119999885559082,13.140000343322754,13.119999885559082,13.130000114440918,77550,0.0,0.0,0.0
2025-06-23 01:15:00+00:00,13.130000114440918,13.130000114440918,13.09000015258789,13.09000015258789,102353,0.0,0.0,0.0
2025-06-23 01:20:00+00:00,13.09000015258789,13.09000015258789,13.069999694824219,13.079999923706055,62594,0.0,0.0,0.0
2025-06-23 01:25:00+00:00,13.079999923706055,13.079999923706055,13.079999923706055,13.079999923706055,32738,0.0,0.0,0.0
2025-06-23 01:30:00+00:00,13.079999923706055,13.09000015258789,13.0600004196167,13.09000015258789,122909,0.0,0.0,0.0
2025-06-23 01:35:00+00:00,13.09000015258789,13.109999656677246,13.09000015258789,13.100000381469727,164084,0.0,0.0,0.0
2025-06-23 01:40:00+00:00,13.09000015258789,13.100000381469727,13.09000015258789,13.09000015258789,28960,0.0,0.0,0.0
2025-06-23 01:45:00+00:00,13.09000015258789,13.109999656677246,13.09000015258789,13.109999656677246,35645,0.0,0.0,0.0
2025-06-23 01:50:00+00:00,13.109999656677246,13.130000114440918,13.109999656677246,13.130000114440918,52325,0.0,0.0,0.0
2025-06-23 01:55:00+00:00,13.130000114440918,13.130000114440918,13.119999885559082,13.119999885559082,11314,0.0,0.0,0.0
2025-06-23 02:00:00+00:00,13.130000114440918,13.130000114440918,13.119999885559082,13.119999885559082,64510,0.0,0.0,0.0
2025-06-23 02:05:00+00:00,13.119999885559082,13.119999885559082,13.109999656677246,13.119999885559082,55814,0.0,0.0,0.0
2025-06-23 02:10:00+00:00,13.140000343322754,13.140000343322754,13.130000114440918,13.130000114440918,7465,0.0,0.0,0.0
2025-06-23 02:15:00+00:00,13.140000343322754,13.140000343322754,13.140000343322754,13.140000343322754,7005,0.0,0.0,0.0
2025-06-23 02:20:00+00:00,13.140000343322754,13.140000343322754,13.130000114440918,13.140000343322754,9758,0.0,0.0,0.0
2025-06-23 02:25:00+00:00,13.140000343322754,13.140000343322754,13.140000343322754,13.140000343322754,5889,0.0,0.0,0.0
2025-06-23 02:30:00+00:00,13.140000343322754,13.140000343322754,13.140000343322754,13.140000343322754,12438,0.0,0.0,0.0
2025-06-23 02:35:00+00:00,13.130000114440918,13.140000343322754,13.130000114440918,13.140000343322754,52234,0.0,0.0,0.0
2025-06-23 02:40:00+00:00,13.149999618530273,13.149999618530273,13.140000343322754,13.140000343322754,13437,0.0,0.0,0.0
2025-06-23 02:45:00+00:00,13.149999618530273,13.149999618530273,13.140000343322754,13.149999618530273,12416,0.0,0.0,0.0
2025-06-23 02:50:00+00:00,13.149999618530273,13.149999618530273,13.149999618530273,13.149999618530273,34382,0.0,0.0,0.0
2025-06-23 02:55:00+00:00,13.149999618530273,13.149999618530273,13.140000343322754,13.140000343322754,14716,0.0,0.0,0.0
2025-06-23 03:00:00+00:00,13.130000114440918,13.149999618530273,13.119999885559082,13.149999618530273,17145,0.0,0.0,0.0
2025-06-23 03:05:00+00:00,13.149999618530273,13.149999618530273,13.130000114440918,13.130000114440918,5183,0.0,0.0,0.0
2025-06-23 03:10:00+00:00,13.149999618530273,13.149999618530273,13.140000343322754,13.140000343322754,22164,0.0,0.0,0.0
2025-06-23 03:15:00+00:00,13.140000343322754,13.149999618530273,13.140000343322754,13.149999618530273,3270,0.0,0.0,0.0
2025-06-23 03:20:00+00:00,13.149999618530273,13.149999618530273,13.140000343322754,13.140000343322754,6138,0.0,0.0,0.0
2025-06-23 03:25:00+00:00,13.140000343322754,13.149999618530273,13.140000343322754,13.149999618530273,3079,0.0,0.0,0.0
2025-06-23 03:30:00+00:00,13.149999618530273,13.15999984741211,13.149999618530273,13.15999984741211,10049,0.0,0.0,0.0
2025-06-23 03:35:00+00:00,13.15999984741211,13.15999984741211,13.15999984741211,13.15999984741211,3206,0.0,0.0,0.0
2025-06-23 03:40:00+00:00,13.15999984741211,13.15999984741211,13.149999618530273,13.149999618530273,5004,0.0,0.0,0.0
2025-06-23 03:45:00+00:00,13.149999618530273,13.15999984741211,13.149999618530273,13.15999984741211,8084,0.0,0.0,0.0
2025-06-23 03:50:00+00:00,13.15999984741211,13.170000076293945,13.149999618530273,13.149999618530273,8091,0.0,0.0,0.0
2025-06-23 03:55:00+00:00,13.170000076293945,13.170000076293945,13.170000076293945,13.170000076293945,4108,0.0,0.0,0.0
2025-06-23 04:00:00+00:00,13.15999984741211,13.15999984741211,13.15999984741211,13.15999984741211,3129,0.0,0.0,0.0
2025-06-23 04:05:00+00:00,13.149999618530273,13.15999984741211,13.149999618530273,13.15999984741211,6565,0.0,0.0,0.0
2025-06-23 04:10:00+00:00,13.15999984741211,13.15999984741211,13.15999984741211,13.15999984741211,3823,0.0,0.0,0.0
2025-06-23 04:15:00+00:00,13.15999984741211,13.15999984741211,13.149999618530273,13.15999984741211,20284,0.0,0.0,0.0
2025-06-23 04:20:00+00:00,13.15999984741211,13.15999984741211,13.149999618530273,13.15999984741211,7110,0.0,0.0,0.0
2025-06-23 04:25:00+00:00,13.15999984741211,13.15999984741211,13.149999618530273,13.149999618530273,22061,0.0,0.0,0.0
2025-06-23 04:30:00+00:00,13.15999984741211,13.15999984741211,13.149999618530273,13.15999984741211,38328,0.0,0.0,0.0
2025-06-23 04:35:00+00:00,13.15999984741211,13.15999984741211,13.15999984741211,13.15999984741211,11100,0.0,0.0,0.0
2025-06-23 04:40:00+00:00,13.15999984741211,13.15999984741211,13.15999984741211,13.15999984741211,14300,0.0,0.0,0.0
2025-06-23 04:45:00+00:00,13.15999984741211,13.170000076293945,13.15999984741211,13.170000076293945,32080,0.0,0.0,0.0
2025-06-23 04:50:00+00:00,13.170000076293945,13.170000076293945,13.149999618530273,13.149999618530273,16209,0.0,0.0,0.0
2025-06-23 04:55:00+00:00,13.149999618530273,13.170000076293945,13.149999618530273,13.170000076293945,5486,0.0,0.0,0.0
2025-06-23 05:00:00+00:00,13.15999984741211,13.15999984741211,13.149999618530273,13.15999984741211,57116,0.0,0.0,0.0
2025-06-23 05:05:00+00:00,13.15999984741211,13.1899995803833,13.15999984741211,13.1899995803833,42311,0.0,0.0,0.0
2025-06-23 05:10:00+00:00,13.170000076293945,13.180000305175781,13.15999984741211,13.180000305175781,107044,0.0,0.0,0.0
2025-06-23 05:15:00+00:00,13.1899995803833,13.199999809265137,13.180000305175781,13.199999809265137,169805,0.0,0.0,0.0
2025-06-23 05:20:00+00:00,13.199999809265137,13.199999809265137,13.1899995803833,13.1899995803833,16791,0.0,0.0,0.0
2025-06-24 01:00:00+00:00,13.390000343322754,13.390000343322754,13.390000343322754,13.390000343322754,0,0.0,0.0,0.0
2025-06-24 01:05:00+00:00,13.390000343322754,13.449999809265137,13.390000343322754,13.430000305175781,429000,0.0,0.0,0.0
2025-06-24 01:10:00+00:00,13.430000305175781,13.430000305175781,13.420000076293945,13.420000076293945,191530,0.0,0.0,0.0
2025-06-24 01:15:00+00:00,13.420000076293945,13.449999809265137,13.420000076293945,13.449999809265137,225862,0.0,0.0,0.0
2025-06-24 01:20:00+00:00,13.449999809265137,13.449999809265137,13.4399995803833,13.4399995803833,57549,0.0,0.0,0.0
2025-06-24 01:25:00+00:00,13.4399995803833,13.449999809265137,13.420000076293945,13.420000076293945,120198,0.0,0.0,0.0
2025-06-24 01:30:00+00:00,13.420000076293945,13.420000076293945,13.40999984741211,13.40999984741211,25078,0.0,0.0,0.0
2025-06-24 01:35:00+00:00,13.40999984741211,13.40999984741211,13.40999984741211,13.40999984741211,60044,0.0,0.0,0.0
2025-06-24 01:40:00+00:00,13.420000076293945,13.4399995803833,13.420000076293945,13.4399995803833,146069,0.0,0.0,0.0
2025-06-24 01:45:00+00:00,13.4399995803833,13.449999809265137,13.430000305175781,13.4399995803833,88644,0.0,0.0,0.0
2025-06-24 01:50:00+00:00,13.4399995803833,13.4399995803833,13.430000305175781,13.430000305175781,39109,0.0,0.0,0.0
2025-06-24 01:55:00+00:00,13.4399995803833,13.449999809265137,13.430000305175781,13.430000305175781,85034,0.0,0.0,0.0
2025-06-24 02:00:00+00:00,13.4399995803833,13.4399995803833,13.430000305175781,13.4399995803833,16014,0.0,0.0,0.0
2025-06-24 02:05:00+00:00,13.430000305175781,13.430000305175781,13.40999984741211,13.40999984741211,49718,0.0,0.0,0.0
2025-06-24 02:10:00+00:00,13.40999984741211,13.40999984741211,13.40999984741211,13.40999984741211,23447,0.0,0.0,0.0
2025-06-24 02:15:00+00:00,13.399999618530273,13.399999618530273,13.390000343322754,13.390000343322754,335029,0.0,0.0,0.0
2025-06-24 02:20:00+00:00,13.390000343322754,13.399999618530273,13.390000343322754,13.399999618530273,19240,0.0,0.0,0.0
2025-06-24 02:25:00+00:00,13.390000343322754,13.390000343322754,13.390000343322754,13.390000343322754,7068,0.0,0.0,0.0
2025-06-24 02:30:00+00:00,13.399999618530273,13.399999618530273,13.399999618530273,13.399999618530273,49199,0.0,0.0,0.0
2025-06-24 02:35:00+00:00,13.399999618530273,13.399999618530273,13.390000343322754,13.390000343322754,4040,0.0,0.0,0.0
2025-06-24 02:40:00+00:00,13.390000343322754,13.390000343322754,13.390000343322754,13.390000343322754,15336,0.0,0.0,0.0
2025-06-24 02:45:00+00:00,13.390000343322754,13.390000343322754,13.390000343322754,13.390000343322754,3016,0.0,0.0,0.0
2025-06-24 02:50:00+00:00,13.390000343322754,13.390000343322754,13.390000343322754,13.390000343322754,3302,0.0,0.0,0.0
2025-06-24 02:55:00+00:00,13.390000343322754,13.399999618530273,13.390000343322754,13.399999618530273,24196,0.0,0.0,0.0
2025-06-24 03:00:00+00:00,13.399999618530273,13.399999618530273,13.399999618530273,13.399999618530273,52045,0.0,0.0,0.0
2025-06-24 03:05:00+00:00,13.399999618530273,13.399999618530273,13.399999618530273,13.399999618530273,23137,0.0,0.0,0.0
2025-06-24 03:10:00+00:00,13.399999618530273,13.420000076293945,13.399999618530273,13.420000076293945,179260,0.0,0.0,0.0
2025-06-24 03:15:00+00:00,13.40999984741211,13.430000305175781,13.40999984741211,13.420000076293945,67415,0.0,0.0,0.0
2025-06-24 03:20:00+00:00,13.420000076293945,13.4399995803833,13.420000076293945,13.430000305175781,59793,0.0,0.0,0.0
2025-06-24 03:25:00+00:00,13.430000305175781,13.430000305175781,13.430000305175781,13.430000305175781,19313,0.0,0.0,0.0
2025-06-24 03:30:00+00:00,13.4399995803833,13.4399995803833,13.430000305175781,13.4399995803833,114701,0.0,0.0,0.0
2025-06-24 03:35:00+00:00,13.4399995803833,13.449999809265137,13.4399995803833,13.449999809265137,5016,0.0,0.0,0.0
2025-06-24 03:40:00+00:00,13.4399995803833,13.449999809265137,13.4399995803833,13.449999809265137,21678,0.0,0.0,0.0
2025-06-24 03:45:00+00:00,13.4399995803833,13.449999809265137,13.4399995803833,13.449999809265137,83005,0.0,0.0,0.0
2025-06-24 03:50:00+00:00,13.449999809265137,13.449999809265137,13.4399995803833,13.4399995803833,19137,0.0,0.0,0.0
2025-06-24 03:55:00+00:00,13.4399995803833,13.4399995803833,13.4399995803833,13.4399995803833,22027,0.0,0.0,0.0
2025-06-24 04:00:00+00:00,13.4399995803833,13.4399995803833,13.4399995803833,13.4399995803833,4042,0.0,0.0,0.0
2025-06-24 04:05:00+00:00,13.430000305175781,13.4399995803833,13.430000305175781,13.4399995803833,13038,0.0,0.0,0.0
2025-06-24 04:10:00+00:00,13.430000305175781,13.4399995803833,13.430000305175781,13.430000305175781,28758,0.0,0.0,0.0
2025-06-24 04:20:00+00:00,13.420000076293945,13.430000305175781,13.420000076293945,13.420000076293945,87541,0.0,0.0,0.0
2025-06-24 04:25:00+00:00,13.420000076293945,13.420000076293945,13.420000076293945,13.420000076293945,46110,0.0,0.0,0.0
2025-06-24 04:30:00+00:00,13.430000305175781,13.430000305175781,13.420000076293945,13.420000076293945,5413,0.0,0.0,0.0
2025-06-24 04:35:00+00:00,13.420000076293945,13.420000076293945,13.420000076293945,13.420000076293945,31160,0.0,0.0,0.0
2025-06-24 04:40:00+00:00,13.430000305175781,13.4399995803833,13.420000076293945,13.430000305175781,86771,0.0,0.0,0.0
2025-06-24 04:45:00+00:00,13.430000305175781,13.430000305175781,13.430000305175781,13.430000305175781,6610,0.0,0.0,0.0
2025-06-24 04:50:00+00:00,13.4399995803833,13.4399995803833,13.4399995803833,13.4399995803833,611601,0.0,0.0,0.0
2025-06-24 04:55:00+00:00,13.4399995803833,13.449999809265137,13.4399995803833,13.4399995803833,29115,0.0,0.0,0.0
2025-06-24 05:00:00+00:00,13.4399995803833,13.449999809265137,13.4399995803833,13.4399995803833,28795,0.0,0.0,0.0
2025-06-24 05:05:00+00:00,13.4399995803833,13.4399995803833,13.4399995803833,13.4399995803833,17177,0.0,0.0,0.0
2025-06-24 05:10:00+00:00,13.4399995803833,13.4399995803833,13.4399995803833,13.4399995803833,9168,0.0,0.0,0.0
2025-06-24 05:15:00+00:00,13.449999809265137,13.449999809265137,13.4399995803833,13.4399995803833,11658,0.0,0.0,0.0
2025-06-24 05:20:00+00:00,13.4399995803833,13.4399995803833,13.430000305175781,13.4399995803833,79297,0.0,0.0,0.0
2025-06-25 01:00:00+00:00,13.550000190734863,13.5600004196167,13.539999961853027,13.550000190734863,0,0.0,0.0,0.0
2025-06-25 01:05:00+00:00,13.550000190734863,13.550000190734863,13.529999732971191,13.539999961853027,129000,0.0,0.0,0.0
2025-06-25 01:10:00+00:00,13.539999961853027,13.550000190734863,13.539999961853027,13.550000190734863,144945,0.0,0.0,0.0
2025-06-25 01:15:00+00:00,13.539999961853027,13.539999961853027,13.539999961853027,13.539999961853027,130078,0.0,0.0,0.0
2025-06-25 01:20:00+00:00,13.539999961853027,13.539999961853027,13.529999732971191,13.529999732971191,38251,0.0,0.0,0.0
2025-06-25 01:25:00+00:00,13.529999732971191,13.529999732971191,13.520000457763672,13.520000457763672,22000,0.0,0.0,0.0
2025-06-25 01:30:00+00:00,13.529999732971191,13.539999961853027,13.520000457763672,13.539999961853027,216570,0.0,0.0,0.0
2025-06-25 01:35:00+00:00,13.539999961853027,13.550000190734863,13.520000457763672,13.520000457763672,202471,0.0,0.0,0.0
2025-06-25 01:40:00+00:00,13.529999732971191,13.539999961853027,13.529999732971191,13.529999732971191,247213,0.0,0.0,0.0
2025-06-25 01:45:00+00:00,13.529999732971191,13.539999961853027,13.529999732971191,13.529999732971191,36433,0.0,0.0,0.0
2025-06-25 01:50:00+00:00,13.529999732971191,13.529999732971191,13.520000457763672,13.529999732971191,24842,0.0,0.0,0.0
2025-06-25 01:55:00+00:00,13.520000457763672,13.529999732971191,13.520000457763672,13.520000457763672,13163,0.0,0.0,0.0
2025-06-25 02:00:00+00:00,13.529999732971191,13.529999732971191,13.520000457763672,13.520000457763672,50623,0.0,0.0,0.0
2025-06-25 02:05:00+00:00,13.520000457763672,13.529999732971191,13.520000457763672,13.520000457763672,70407,0.0,0.0,0.0
2025-06-25 02:10:00+00:00,13.529999732971191,13.539999961853027,13.529999732971191,13.529999732971191,266346,0.0,0.0,0.0
2025-06-25 02:15:00+00:00,13.539999961853027,13.539999961853027,13.529999732971191,13.529999732971191,85617,0.0,0.0,0.0
2025-06-25 02:20:00+00:00,13.529999732971191,13.539999961853027,13.529999732971191,13.529999732971191,13513,0.0,0.0,0.0
2025-06-25 02:25:00+00:00,13.520000457763672,13.520000457763672,13.520000457763672,13.520000457763672,2011,0.0,0.0,0.0
2025-06-25 02:30:00+00:00,13.520000457763672,13.529999732971191,13.520000457763672,13.520000457763672,43480,0.0,0.0,0.0
2025-06-25 02:35:00+00:00,13.520000457763672,13.529999732971191,13.520000457763672,13.520000457763672,88046,0.0,0.0,0.0
2025-06-25 02:40:00+00:00,13.529999732971191,13.529999732971191,13.520000457763672,13.520000457763672,47068,0.0,0.0,0.0
2025-06-25 02:45:00+00:00,13.520000457763672,13.529999732971191,13.520000457763672,13.529999732971191,2098,0.0,0.0,0.0
2025-06-25 02:50:00+00:00,13.520000457763672,13.529999732971191,13.520000457763672,13.520000457763672,65048,0.0,0.0,0.0
2025-06-25 02:55:00+00:00,13.520000457763672,13.529999732971191,13.520000457763672,13.529999732971191,13087,0.0,0.0,0.0
2025-06-25 03:00:00+00:00,13.539999961853027,13.539999961853027,13.529999732971191,13.529999732971191,4135,0.0,0.0,0.0
2025-06-25 03:05:00+00:00,13.539999961853027,13.539999961853027,13.529999732971191,13.539999961853027,20265,0.0,0.0,0.0
2025-06-25 03:10:00+00:00,13.520000457763672,13.539999961853027,13.520000457763672,13.539999961853027,6027,0.0,0.0,0.0
2025-06-25 03:15:00+00:00,13.529999732971191,13.539999961853027,13.520000457763672,13.539999961853027,21280,0.0,0.0,0.0
2025-06-25 03:20:00+00:00,13.520000457763672,13.550000190734863,13.520000457763672,13.550000190734863,533109,0.0,0.0,0.0
2025-06-25 03:25:00+00:00,13.550000190734863,13.550000190734863,13.550000190734863,13.550000190734863,173187,0.0,0.0,0.0
2025-06-25 03:30:00+00:00,13.5600004196167,13.5600004196167,13.550000190734863,13.5600004196167,523285,0.0,0.0,0.0
2025-06-25 03:35:00+00:00,13.5600004196167,13.5600004196167,13.5600004196167,13.5600004196167,20212,0.0,0.0,0.0
2025-06-25 03:40:00+00:00,13.550000190734863,13.5600004196167,13.550000190734863,13.5600004196167,29027,0.0,0.0,0.0
2025-06-25 03:45:00+00:00,13.5600004196167,13.5600004196167,13.550000190734863,13.550000190734863,19037,0.0,0.0,0.0
2025-06-25 03:50:00+00:00,13.550000190734863,13.550000190734863,13.550000190734863,13.550000190734863,62194,0.0,0.0,0.0
2025-06-25 03:55:00+00:00,13.550000190734863,13.5600004196167,13.550000190734863,13.550000190734863,28192,0.0,0.0,0.0
2025-06-25 04:00:00+00:00,13.550000190734863,13.550000190734863,13.550000190734863,13.550000190734863,30126,0.0,0.0,0.0
2025-06-25 04:05:00+00:00,13.539999961853027,13.550000190734863,13.529999732971191,13.529999732971191,28112,0.0,0.0,0.0
2025-06-25 04:10:00+00:00,13.529999732971191,13.529999732971191,13.529999732971191,13.529999732971191,23568,0.0,0.0,0.0
2025-06-25 04:15:00+00:00,13.529999732971191,13.539999961853027,13.529999732971191,13.529999732971191,31774,0.0,0.0,0.0
2025-06-25 04:20:00+00:00,13.529999732971191,13.529999732971191,13.529999732971191,13.529999732971191,17095,0.0,0.0,0.0
2025-06-25 04:25:00+00:00,13.529999732971191,13.539999961853027,13.529999732971191,13.539999961853027,21809,0.0,0.0,0.0
2025-06-25 04:30:00+00:00,13.539999961853027,13.539999961853027,13.529999732971191,13.529999732971191,8903,0.0,0.0,0.0
2025-06-25 04:35:00+00:00,13.539999961853027,13.539999961853027,13.539999961853027,13.539999961853027,112738,0.0,0.0,0.0
2025-06-25 04:40:00+00:00,13.539999961853027,13.539999961853027,13.539999961853027,13.539999961853027,39175,0.0,0.0,0.0
2025-06-25 04:45:00+00:00,13.539999961853027,13.550000190734863,13.539999961853027,13.550000190734863,82800,0.0,0.0,0.0
2025-06-25 04:50:00+00:00,13.539999961853027,13.550000190734863,13.539999961853027,13.550000190734863,13270,0.0,0.0,0.0
2025-06-25 04:55:00+00:00,13.550000190734863,13.550000190734863,13.539999961853027,13.550000190734863,166937,0.0,0.0,0.0
2025-06-25 05:00:00+00:00,13.539999961853027,13.550000190734863,13.539999961853027,13.550000190734863,56140,0.0,0.0,0.0
2025-06-25 05:05:00+00:00,13.550000190734863,13.5600004196167,13.550000190734863,13.5600004196167,71510,0.0,0.0,0.0
2025-06-25 05:10:00+00:00,13.5600004196167,13.569999694824219,13.5600004196167,13.5600004196167,196492,0.0,0.0,0.0
2025-06-25 05:15:00+00:00,13.5600004196167,13.5600004196167,13.550000190734863,13.550000190734863,73302,0.0,0.0,0.0
2025-06-25 05:20:00+00:00,13.5600004196167,13.5600004196167,13.550000190734863,13.550000190734863,35566,0.0,0.0,0.0
2025-06-26 01:00:00+00:00,13.579999923706055,13.579999923706055,13.569999694824219,13.569999694824219,0,0.0,0.0,0.0
2025-06-26 01:05:00+00:00,13.579999923706055,13.600000381469727,13.579999923706055,13.59000015258789,65000,0.0,0.0,0.0
2025-06-26 01:10:00+00:00,13.600000381469727,13.609999656677246,13.579999923706055,13.600000381469727,589857,0.0,0.0,0.0
2025-06-26 01:15:00+00:00,13.600000381469727,13.609999656677246,13.600000381469727,13.609999656677246,50515,0.0,0.0,0.0
2025-06-26 01:20:00+00:00,13.619999885559082,13.619999885559082,13.619999885559082,13.619999885559082,33426,0.0,0.0,0.0
2025-06-26 01:25:00+00:00,13.600000381469727,13.600000381469727,13.600000381469727,13.600000381469727,21956,0.0,0.0,0.0
2025-06-26 01:30:00+00:00,13.609999656677246,13.609999656677246,13.59000015258789,13.59000015258789,43015,0.0,0.0,0.0
2025-06-26 01:35:00+00:00,13.579999923706055,13.579999923706055,13.569999694824219,13.569999694824219,24769,0.0,0.0,0.0
2025-06-26 01:40:00+00:00,13.579999923706055,13.579999923706055,13.579999923706055,13.579999923706055,4345,0.0,0.0,0.0
2025-06-26 01:45:00+00:00,13.579999923706055,13.59000015258789,13.579999923706055,13.59000015258789,65581,0.0,0.0,0.0
2025-06-26 01:50:00+00:00,13.579999923706055,13.59000015258789,13.569999694824219,13.569999694824219,66106,0.0,0.0,0.0
2025-06-26 01:55:00+00:00,13.579999923706055,13.579999923706055,13.5600004196167,13.5600004196167,3164,0.0,0.0,0.0
2025-06-26 02:00:00+00:00,13.5600004196167,13.579999923706055,13.5600004196167,13.579999923706055,186357,0.0,0.0,0.0
2025-06-26 02:05:00+00:00,13.59000015258789,13.600000381469727,13.579999923706055,13.600000381469727,179355,0.0,0.0,0.0
2025-06-26 02:10:00+00:00,13.600000381469727,13.619999885559082,13.600000381469727,13.619999885559082,339359,0.0,0.0,0.0
2025-06-26 02:15:00+00:00,13.619999885559082,13.640000343322754,13.619999885559082,13.619999885559082,186798,0.0,0.0,0.0
2025-06-26 02:20:00+00:00,13.630000114440918,13.640000343322754,13.609999656677246,13.619999885559082,520635,0.0,0.0,0.0
2025-06-26 02:25:00+00:00,13.619999885559082,13.619999885559082,13.609999656677246,13.609999656677246,3032,0.0,0.0,0.0
2025-06-26 02:30:00+00:00,13.619999885559082,13.619999885559082,13.619999885559082,13.619999885559082,3127,0.0,0.0,0.0
2025-06-26 02:35:00+00:00,13.609999656677246,13.609999656677246,13.600000381469727,13.600000381469727,29340,0.0,0.0,0.0
2025-06-26 02:40:00+00:00,13.600000381469727,13.600000381469727,13.59000015258789,13.59000015258789,31217,0.0,0.0,0.0
2025-06-26 02:45:00+00:00,13.600000381469727,13.600000381469727,13.579999923706055,13.579999923706055,45188,0.0,0.0,0.0
2025-06-26 02:50:00+00:00,13.59000015258789,13.600000381469727,13.579999923706055,13.600000381469727,70251,0.0,0.0,0.0
2025-06-26 02:55:00+00:00,13.600000381469727,13.600000381469727,13.600000381469727,13.600000381469727,2010,0.0,0.0,0.0
2025-06-26 03:00:00+00:00,13.600000381469727,13.600000381469727,13.59000015258789,13.59000015258789,6980,0.0,0.0,0.0
2025-06-26 03:05:00+00:00,13.59000015258789,13.59000015258789,13.59000015258789,13.59000015258789,553838,0.0,0.0,0.0
2025-06-26 03:10:00+00:00,13.59000015258789,13.59000015258789,13.579999923706055,13.579999923706055,20034,0.0,0.0,0.0
2025-06-26 03:15:00+00:00,13.579999923706055,13.579999923706055,13.569999694824219,13.569999694824219,5047,0.0,0.0,0.0
2025-06-26 03:20:00+00:00,13.579999923706055,13.579999923706055,13.569999694824219,13.579999923706055,27132,0.0,0.0,0.0
2025-06-26 03:25:00+00:00,13.579999923706055,13.579999923706055,13.579999923706055,13.579999923706055,8027,0.0,0.0,0.0
2025-06-26 03:30:00+00:00,13.59000015258789,13.59000015258789,13.569999694824219,13.569999694824219,122037,0.0,0.0,0.0
2025-06-26 03:35:00+00:00,13.579999923706055,13.579999923706055,13.579999923706055,13.579999923706055,27331,0.0,0.0,0.0
2025-06-26 03:40:00+00:00,13.59000015258789,13.59000015258789,13.579999923706055,13.579999923706055,409278,0.0,0.0,0.0
2025-06-26 03:45:00+00:00,13.579999923706055,13.579999923706055,13.569999694824219,13.569999694824219,405017,0.0,0.0,0.0
2025-06-26 03:50:00+00:00,13.579999923706055,13.579999923706055,13.569999694824219,13.569999694824219,8223,0.0,0.0,0.0
2025-06-26 03:55:00+00:00,13.579999923706055,13.579999923706055,13.569999694824219,13.569999694824219,20026,0.0,0.0,0.0
2025-06-26 04:00:00+00:00,13.569999694824219,13.569999694824219,13.5600004196167,13.5600004196167,9803,0.0,0.0,0.0
2025-06-26 04:05:00+00:00,13.569999694824219,13.569999694824219,13.569999694824219,13.569999694824219,24580,0.0,0.0,0.0
2025-06-26 04:10:00+00:00,13.569999694824219,13.579999923706055,13.569999694824219,13.579999923706055,3668,0.0,0.0,0.0
2025-06-26 04:20:00+00:00,13.579999923706055,13.579999923706055,13.569999694824219,13.569999694824219,10630,0.0,0.0,0.0
2025-06-26 04:25:00+00:00,13.579999923706055,13.579999923706055,13.569999694824219,13.569999694824219,32027,0.0,0.0,0.0
2025-06-26 04:30:00+00:00,13.579999923706055,13.579999923706055,13.569999694824219,13.569999694824219,13431,0.0,0.0,0.0
2025-06-26 04:35:00+00:00,13.569999694824219,13.569999694824219,13.569999694824219,13.569999694824219,27570,0.0,0.0,0.0
2025-06-26 04:40:00+00:00,13.569999694824219,13.569999694824219,13.569999694824219,13.569999694824219,5020,0.0,0.0,0.0
2025-06-26 04:45:00+00:00,13.569999694824219,13.579999923706055,13.569999694824219,13.579999923706055,186321,0.0,0.0,0.0
2025-06-26 04:50:00+00:00,13.569999694824219,13.569999694824219,13.569999694824219,13.569999694824219,53120,0.0,0.0,0.0
2025-06-26 04:55:00+00:00,13.569999694824219,13.579999923706055,13.569999694824219,13.579999923706055,22491,0.0,0.0,0.0
2025-06-26 05:00:00+00:00,13.579999923706055,13.579999923706055,13.569999694824219,13.579999923706055,145124,0.0,0.0,0.0
2025-06-26 05:05:00+00:00,13.579999923706055,13.579999923706055,13.569999694824219,13.569999694824219,408104,0.0,0.0,0.0
2025-06-26 05:10:00+00:00,13.569999694824219,13.579999923706055,13.569999694824219,13.579999923706055,12863,0.0,0.0,0.0
2025-06-26 05:15:00+00:00,13.579999923706055,13.579999923706055,13.5600004196167,13.5600004196167,84183,0.0,0.0,0.0
2025-06-26 05:20:00+00:00,13.5600004196167,13.5600004196167,13.5600004196167,13.5600004196167,26765,0.0,0.0,0.0
2025-06-27 01:00:00+00:00,13.59000015258789,13.609999656677246,13.59000015258789,13.600000381469727,0,0.0,0.0,0.0
2025-06-27 01:05:00+00:00,13.600000381469727,13.600000381469727,13.569999694824219,13.579999923706055,15991,0.0,0.0,0.0
2025-06-27 01:10:00+00:00,13.579999923706055,13.579999923706055,13.569999694824219,13.569999694824219,50457,0.0,0.0,0.0
2025-06-27 01:15:00+00:00,13.569999694824219,13.569999694824219,13.569999694824219,13.569999694824219,11070,0.0,0.0,0.0
2025-06-27 01:20:00+00:00,13.569999694824219,13.579999923706055,13.5600004196167,13.5600004196167,125013,0.0,0.0,0.0
2025-06-27 01:25:00+00:00,13.550000190734863,13.579999923706055,13.550000190734863,13.579999923706055,35135,0.0,0.0,0.0
2025-06-27 01:30:00+00:00,13.569999694824219,13.569999694824219,13.550000190734863,13.550000190734863,210680,0.0,0.0,0.0
2025-06-27 01:35:00+00:00,13.550000190734863,13.550000190734863,13.539999961853027,13.550000190734863,20213,0.0,0.0,0.0
2025-06-27 01:40:00+00:00,13.550000190734863,13.5600004196167,13.539999961853027,13.5600004196167,33104,0.0,0.0,0.0
2025-06-27 01:45:00+00:00,13.5600004196167,13.5600004196167,13.5600004196167,13.5600004196167,12029,0.0,0.0,0.0
2025-06-27 01:50:00+00:00,13.550000190734863,13.550000190734863,13.550000190734863,13.550000190734863,11391,0.0,0.0,0.0
2025-06-27 01:55:00+00:00,13.5600004196167,13.5600004196167,13.5600004196167,13.5600004196167,24541,0.0,0.0,0.0
2025-06-27 02:00:00+00:00,13.569999694824219,13.569999694824219,13.5600004196167,13.5600004196167,304018,0.0,0.0,0.0
2025-06-27 02:05:00+00:00,13.550000190734863,13.5600004196167,13.550000190734863,13.5600004196167,401030,0.0,0.0,0.0
2025-06-27 02:10:00+00:00,13.550000190734863,13.550000190734863,13.550000190734863,13.550000190734863,43059,0.0,0.0,0.0
2025-06-27 02:15:00+00:00,13.5600004196167,13.5600004196167,13.5600004196167,13.5600004196167,52830,0.0,0.0,0.0
2025-06-27 02:20:00+00:00,13.5600004196167,13.569999694824219,13.5600004196167,13.5600004196167,9658,0.0,0.0,0.0
2025-06-27 02:25:00+00:00,13.5600004196167,13.569999694824219,13.5600004196167,13.5600004196167,374108,0.0,0.0,0.0
2025-06-27 02:30:00+00:00,13.550000190734863,13.5600004196167,13.550000190734863,13.5600004196167,6019,0.0,0.0,0.0
2025-06-27 02:35:00+00:00,13.550000190734863,13.550000190734863,13.529999732971191,13.529999732971191,634224,0.0,0.0,0.0
2025-06-27 02:40:00+00:00,13.529999732971191,13.539999961853027,13.529999732971191,13.529999732971191,19228,0.0,0.0,0.0
2025-06-27 02:45:00+00:00,13.539999961853027,13.550000190734863,13.529999732971191,13.539999961853027,51595,0.0,0.0,0.0
2025-06-27 02:50:00+00:00,13.539999961853027,13.539999961853027,13.539999961853027,13.539999961853027,3154,0.0,0.0,0.0
2025-06-27 02:55:00+00:00,13.539999961853027,13.539999961853027,13.529999732971191,13.539999961853027,19258,0.0,0.0,0.0
2025-06-27 03:00:00+00:00,13.539999961853027,13.539999961853027,13.539999961853027,13.539999961853027,14019,0.0,0.0,0.0
2025-06-27 03:05:00+00:00,13.539999961853027,13.550000190734863,13.539999961853027,13.550000190734863,4044,0.0,0.0,0.0
2025-06-27 03:10:00+00:00,13.539999961853027,13.539999961853027,13.529999732971191,13.529999732971191,45019,0.0,0.0,0.0
2025-06-27 03:15:00+00:00,13.529999732971191,13.529999732971191,13.529999732971191,13.529999732971191,6038,0.0,0.0,0.0
2025-06-27 03:20:00+00:00,13.529999732971191,13.529999732971191,13.529999732971191,13.529999732971191,6029,0.0,0.0,0.0
2025-06-27 03:25:00+00:00,13.529999732971191,13.529999732971191,13.520000457763672,13.529999732971191,254109,0.0,0.0,0.0
2025-06-27 03:30:00+00:00,13.529999732971191,13.529999732971191,13.529999732971191,13.529999732971191,1221,0.0,0.0,0.0
2025-06-27 03:35:00+00:00,13.529999732971191,13.529999732971191,13.529999732971191,13.529999732971191,9395,0.0,0.0,0.0
2025-06-27 03:40:00+00:00,13.529999732971191,13.529999732971191,13.520000457763672,13.520000457763672,12020,0.0,0.0,0.0
2025-06-27 03:45:00+00:00,13.529999732971191,13.529999732971191,13.520000457763672,13.520000457763672,8119,0.0,0.0,0.0
2025-06-27 03:50:00+00:00,13.510000228881836,13.520000457763672,13.510000228881836,13.510000228881836,55115,0.0,0.0,0.0
2025-06-27 03:55:00+00:00,13.520000457763672,13.520000457763672,13.520000457763672,13.520000457763672,10037,0.0,0.0,0.0
2025-06-27 04:00:00+00:00,13.520000457763672,13.520000457763672,13.520000457763672,13.520000457763672,41236,0.0,0.0,0.0
2025-06-27 04:05:00+00:00,13.520000457763672,13.529999732971191,13.520000457763672,13.529999732971191,18461,0.0,0.0,0.0
2025-06-27 04:10:00+00:00,13.520000457763672,13.539999961853027,13.520000457763672,13.539999961853027,93126,0.0,0.0,0.0
2025-06-27 04:15:00+00:00,13.520000457763672,13.529999732971191,13.520000457763672,13.529999732971191,2036,0.0,0.0,0.0
2025-06-27 04:20:00+00:00,13.529999732971191,13.539999961853027,13.529999732971191,13.539999961853027,5044,0.0,0.0,0.0
2025-06-27 04:25:00+00:00,13.539999961853027,13.539999961853027,13.539999961853027,13.539999961853027,44741,0.0,0.0,0.0
2025-06-27 04:30:00+00:00,13.550000190734863,13.550000190734863,13.539999961853027,13.550000190734863,107845,0.0,0.0,0.0
2025-06-27 04:35:00+00:00,13.550000190734863,13.569999694824219,13.550000190734863,13.569999694824219,65560,0.0,0.0,0.0
2025-06-27 04:40:00+00:00,13.579999923706055,13.579999923706055,13.5600004196167,13.569999694824219,17110,0.0,0.0,0.0
2025-06-27 04:45:00+00:00,13.569999694824219,13.569999694824219,13.569999694824219,13.569999694824219,21260,0.0,0.0,0.0
2025-06-27 04:50:00+00:00,13.5600004196167,13.569999694824219,13.5600004196167,13.569999694824219,19068,0.0,0.0,0.0
2025-06-27 05:00:00+00:00,13.569999694824219,13.569999694824219,13.569999694824219,13.569999694824219,1298,0.0,0.0,0.0
2025-06-27 05:05:00+00:00,13.5600004196167,13.569999694824219,13.5600004196167,13.569999694824219,27010,0.0,0.0,0.0
2025-06-27 05:10:00+00:00,13.5600004196167,13.5600004196167,13.5600004196167,13.5600004196167,46597,0.0,0.0,0.0
2025-06-27 05:15:00+00:00,13.569999694824219,13.569999694824219,13.550000190734863,13.550000190734863,6750,0.0,0.0,0.0
2025-06-27 05:20:00+00:00,13.550000190734863,13.5600004196167,13.550000190734863,13.5600004196167,66406,0.0,0.0,0.0
2025-05-02 01:00:00+00:00,12.220000267028809,12.260000228881836,12.220000267028809,12.25,0,0.0,0.0,0.0
2025-05-02 01:05:00+00:00,12.25,12.25,12.239999771118164,12.239999771118164,76314,0.0,0.0,0.0
2025-05-02 01:10:00+00:00,12.25,12.270000457763672,12.25,12.260000228881836,247865,0.0,0.0,0.0
2025-05-02 01:15:00+00:00,12.260000228881836,12.270000457763672,12.260000228881836,12.260000228881836,105350,0.0,0.0,0.0
2025-05-02 01:20:00+00:00,12.260000228881836,12.270000457763672,12.25,12.260000228881836,127741,0.0,0.0,0.0
2025-05-02 01:25:00+00:00,12.270000457763672,12.270000457763672,12.25,12.25,68114,0.0,0.0,0.0
2025-05-02 01:30:00+00:00,12.25,12.25,12.239999771118164,12.25,41049,0.0,0.0,0.0
2025-05-02 01:35:00+00:00,12.25,12.25,12.239999771118164,12.25,47312,0.0,0.0,0.0
2025-05-02 01:40:00+00:00,12.239999771118164,12.239999771118164,12.229999542236328,12.229999542236328,56001,0.0,0.0,0.0
2025-05-02 01:45:00+00:00,12.229999542236328,12.260000228881836,12.229999542236328,12.260000228881836,88528,0.0,0.0,0.0
2025-05-02 01:50:00+00:00,12.25,12.260000228881836,12.25,12.260000228881836,102129,0.0,0.0,0.0
2025-05-02 01:55:00+00:00,12.270000457763672,12.270000457763672,12.260000228881836,12.260000228881836,22052,0.0,0.0,0.0
2025-05-02 02:00:00+00:00,12.260000228881836,12.270000457763672,12.25,12.25,67161,0.0,0.0,0.0
2025-05-02 02:05:00+00:00,12.270000457763672,12.279999732971191,12.260000228881836,12.279999732971191,241468,0.0,0.0,0.0
2025-05-02 02:10:00+00:00,12.279999732971191,12.279999732971191,12.279999732971191,12.279999732971191,4030,0.0,0.0,0.0
2025-05-02 02:15:00+00:00,12.270000457763672,12.289999961853027,12.270000457763672,12.279999732971191,69037,0.0,0.0,0.0
2025-05-02 02:20:00+00:00,12.279999732971191,12.279999732971191,12.260000228881836,12.279999732971191,78182,0.0,0.0,0.0
2025-05-02 02:25:00+00:00,12.289999961853027,12.289999961853027,12.279999732971191,12.279999732971191,18148,0.0,0.0,0.0
2025-05-02 02:30:00+00:00,12.279999732971191,12.289999961853027,12.279999732971191,12.289999961853027,14027,0.0,0.0,0.0
2025-05-02 02:35:00+00:00,12.289999961853027,12.289999961853027,12.279999732971191,12.289999961853027,56028,0.0,0.0,0.0
2025-05-02 02:40:00+00:00,12.289999961853027,12.300000190734863,12.289999961853027,12.300000190734863,70231,0.0,0.0,0.0
2025-05-02 02:45:00+00:00,12.300000190734863,12.300000190734863,12.279999732971191,12.300000190734863,10054,0.0,0.0,0.0
2025-05-02 02:50:00+00:00,12.300000190734863,12.300000190734863,12.289999961853027,12.300000190734863,7028,0.0,0.0,0.0
2025-05-02 02:55:00+00:00,12.300000190734863,12.300000190734863,12.300000190734863,12.300000190734863,14429,0.0,0.0,0.0
2025-05-02 03:00:00+00:00,12.300000190734863,12.300000190734863,12.279999732971191,12.289999961853027,15310,0.0,0.0,0.0
2025-05-02 03:05:00+00:00,12.289999961853027,12.289999961853027,12.289999961853027,12.289999961853027,12135,0.0,0.0,0.0
2025-05-02 03:10:00+00:00,12.289999961853027,12.300000190734863,12.289999961853027,12.289999961853027,17252,0.0,0.0,0.0
2025-05-02 03:15:00+00:00,12.289999961853027,12.289999961853027,12.289999961853027,12.289999961853027,5328,0.0,0.0,0.0
2025-05-02 03:20:00+00:00,12.289999961853027,12.289999961853027,12.289999961853027,12.289999961853027,7450,0.0,0.0,0.0
2025-05-02 03:25:00+00:00,12.289999961853027,12.289999961853027,12.279999732971191,12.279999732971191,3287,0.0,0.0,0.0
2025-05-02 03:30:00+00:00,12.289999961853027,12.319999694824219,12.289999961853027,12.319999694824219,268095,0.0,0.0,0.0
2025-05-02 03:35:00+00:00,12.3100004196167,12.3100004196167,12.3100004196167,12.3100004196167,3785,0.0,0.0,0.0
2025-05-02 03:40:00+00:00,12.3100004196167,12.319999694824219,12.3100004196167,12.3100004196167,38035,0.0,0.0,0.0
2025-05-02 03:45:00+00:00,12.3100004196167,12.3100004196167,12.3100004196167,12.3100004196167,17198,0.0,0.0,0.0
2025-05-02 03:50:00+00:00,12.319999694824219,12.319999694824219,12.3100004196167,12.3100004196167,14204,0.0,0.0,0.0
2025-05-02 03:55:00+00:00,12.300000190734863,12.3100004196167,12.300000190734863,12.3100004196167,6584,0.0,0.0,0.0
2025-05-02 04:00:00+00:00,12.3100004196167,12.3100004196167,12.300000190734863,12.300000190734863,88203,0.0,0.0,0.0
2025-05-02 04:05:00+00:00,12.300000190734863,12.300000190734863,12.300000190734863,12.300000190734863,8247,0.0,0.0,0.0
2025-05-02 04:10:00+00:00,12.300000190734863,12.3100004196167,12.300000190734863,12.3100004196167,31845,0.0,0.0,0.0
2025-05-02 04:15:00+00:00,12.3100004196167,12.3100004196167,12.3100004196167,12.3100004196167,1140,0.0,0.0,0.0
2025-05-02 04:20:00+00:00,12.3100004196167,12.3100004196167,12.300000190734863,12.300000190734863,29186,0.0,0.0,0.0
2025-05-02 04:25:00+00:00,12.300000190734863,12.300000190734863,12.300000190734863,12.300000190734863,5480,0.0,0.0,0.0
2025-05-02 04:30:00+00:00,12.3100004196167,12.3100004196167,12.300000190734863,12.300000190734863,11261,0.0,0.0,0.0
2025-05-02 04:35:00+00:00,12.300000190734863,12.300000190734863,12.289999961853027,12.300000190734863,22252,0.0,0.0,0.0
2025-05-02 04:40:00+00:00,12.300000190734863,12.300000190734863,12.300000190734863,12.300000190734863,1164,0.0,0.0,0.0
2025-05-02 04:45:00+00:00,12.300000190734863,12.300000190734863,12.289999961853027,12.300000190734863,47270,0.0,0.0,0.0
2025-05-02 04:50:00+00:00,12.300000190734863,12.3100004196167,12.300000190734863,12.300000190734863,35810,0.0,0.0,0.0
2025-05-02 04:55:00+00:00,12.300000190734863,12.3100004196167,12.300000190734863,12.3100004196167,19561,0.0,0.0,0.0
2025-05-02 05:00:00+00:00,12.300000190734863,12.3100004196167,12.300000190734863,12.3100004196167,22197,0.0,0.0,0.0
2025-05-02 05:05:00+00:00,12.3100004196167,12.319999694824219,12.300000190734863,12.319999694824219,206585,0.0,0.0,0.0
2025-05-02 05:10:00+00:00,12.300000190734863,12.3100004196167,12.300000190734863,12.3100004196167,5064,0.0,0.0,0.0
2025-05-02 05:15:00+00:00,12.3100004196167,12.3100004196167,12.300000190734863,12.3100004196167,25721,0.0,0.0,0.0
2025-05-02 05:20:00+00:00,12.3100004196167,12.319999694824219,12.3100004196167,12.319999694824219,26689,0.0,0.0,0.0
2025-05-05 01:00:00+00:00,12.399999618530273,12.420000076293945,12.369999885559082,12.380000114440918,0,0.0,0.0,0.0
2025-05-05 01:05:00+00:00,12.390000343322754,12.390000343322754,12.300000190734863,12.300000190734863,308938,0.0,0.0,0.0
2025-05-05 01:10:00+00:00,12.300000190734863,12.319999694824219,12.300000190734863,12.319999694824219,173217,0.0,0.0,0.0
2025-05-05 01:15:00+00:00,12.319999694824219,12.369999885559082,12.319999694824219,12.329999923706055,136162,0.0,0.0,0.0
2025-05-05 01:20:00+00:00,12.329999923706055,12.34000015258789,12.289999961853027,12.289999961853027,89620,0.0,0.0,0.0
2025-05-05 01:25:00+00:00,12.289999961853027,12.300000190734863,12.25,12.25,71215,0.0,0.0,0.0
2025-05-05 01:30:00+00:00,12.239999771118164,12.239999771118164,12.1899995803833,12.199999809265137,313708,0.0,0.0,0.0
2025-05-05 01:35:00+00:00,12.210000038146973,12.229999542236328,12.149999618530273,12.170000076293945,335957,0.0,0.0,0.0
2025-05-05 01:40:00+00:00,12.180000305175781,12.180000305175781,12.149999618530273,12.149999618530273,45687,0.0,0.0,0.0
2025-05-05 01:45:00+00:00,12.149999618530273,12.15999984741211,12.100000381469727,12.100000381469727,71749,0.0,0.0,0.0
2025-05-05 01:50:00+00:00,12.109999656677246,12.130000114440918,12.09000015258789,12.130000114440918,187046,0.0,0.0,0.0
2025-05-05 01:55:00+00:00,12.119999885559082,12.119999885559082,12.100000381469727,12.109999656677246,100345,0.0,0.0,0.0
2025-05-05 02:00:00+00:00,12.119999885559082,12.149999618530273,12.119999885559082,12.130000114440918,94860,0.0,0.0,0.0
2025-05-05 02:05:00+00:00,12.130000114440918,12.130000114440918,12.0600004196167,12.069999694824219,83519,0.0,0.0,0.0
2025-05-05 02:10:00+00:00,12.0600004196167,12.100000381469727,12.0600004196167,12.100000381469727,91409,0.0,0.0,0.0
2025-05-05 02:15:00+00:00,12.109999656677246,12.119999885559082,12.100000381469727,12.109999656677246,43734,0.0,0.0,0.0
2025-05-05 02:20:00+00:00,12.09000015258789,12.100000381469727,12.09000015258789,12.100000381469727,23238,0.0,0.0,0.0
2025-05-05 02:25:00+00:00,12.100000381469727,12.109999656677246,12.100000381469727,12.109999656677246,13140,0.0,0.0,0.0
2025-05-05 02:30:00+00:00,12.109999656677246,12.130000114440918,12.079999923706055,12.100000381469727,566275,0.0,0.0,0.0
2025-05-05 02:35:00+00:00,12.079999923706055,12.100000381469727,12.079999923706055,12.079999923706055,25507,0.0,0.0,0.0
2025-05-05 02:40:00+00:00,12.100000381469727,12.100000381469727,12.069999694824219,12.069999694824219,38890,0.0,0.0,0.0
2025-05-05 02:45:00+00:00,12.079999923706055,12.09000015258789,12.069999694824219,12.09000015258789,106152,0.0,0.0,0.0
2025-05-05 02:50:00+00:00,12.09000015258789,12.109999656677246,12.09000015258789,12.109999656677246,18187,0.0,0.0,0.0
2025-05-05 02:55:00+00:00,12.119999885559082,12.119999885559082,12.119999885559082,12.119999885559082,3100,0.0,0.0,0.0
2025-05-05 03:00:00+00:00,12.130000114440918,12.140000343322754,12.130000114440918,12.140000343322754,12678,0.0,0.0,0.0
2025-05-05 03:05:00+00:00,12.140000343322754,12.140000343322754,12.100000381469727,12.100000381469727,78909,0.0,0.0,0.0
2025-05-05 03:10:00+00:00,12.100000381469727,12.140000343322754,12.100000381469727,12.130000114440918,17427,0.0,0.0,0.0
2025-05-05 03:15:00+00:00,12.119999885559082,12.130000114440918,12.100000381469727,12.109999656677246,9294,0.0,0.0,0.0
2025-05-05 03:20:00+00:00,12.130000114440918,12.1899995803833,12.130000114440918,12.170000076293945,37352,0.0,0.0,0.0
2025-05-05 03:25:00+00:00,12.170000076293945,12.170000076293945,12.15999984741211,12.170000076293945,3057,0.0,0.0,0.0
2025-05-05 03:30:00+00:00,12.170000076293945,12.199999809265137,12.149999618530273,12.199999809265137,33438,0.0,0.0,0.0
2025-05-05 03:35:00+00:00,12.199999809265137,12.199999809265137,12.180000305175781,12.1899995803833,39177,0.0,0.0,0.0
2025-05-05 03:40:00+00:00,12.1899995803833,12.199999809265137,12.180000305175781,12.1899995803833,4219,0.0,0.0,0.0
2025-05-05 03:45:00+00:00,12.1899995803833,12.1899995803833,12.1899995803833,12.1899995803833,120501,0.0,0.0,0.0
2025-05-05 03:50:00+00:00,12.199999809265137,12.199999809265137,12.1899995803833,12.1899995803833,4207,0.0,0.0,0.0
2025-05-05 03:55:00+00:00,12.199999809265137,12.199999809265137,12.199999809265137,12.199999809265137,5064,0.0,0.0,0.0
2025-05-05 04:00:00+00:00,12.210000038146973,12.210000038146973,12.210000038146973,12.210000038146973,20672,0.0,0.0,0.0
2025-05-05 04:05:00+00:00,12.199999809265137,12.210000038146973,12.1899995803833,12.210000038146973,62128,0.0,0.0,0.0
2025-05-05 04:10:00+00:00,12.199999809265137,12.210000038146973,12.199999809265137,12.210000038146973,10094,0.0,0.0,0.0
2025-05-05 04:15:00+00:00,12.210000038146973,12.210000038146973,12.210000038146973,12.210000038146973,39571,0.0,0.0,0.0
2025-05-05 04:20:00+00:00,12.210000038146973,12.220000267028809,12.210000038146973,12.220000267028809,35200,0.0,0.0,0.0
2025-05-05 04:25:00+00:00,12.220000267028809,12.220000267028809,12.210000038146973,12.220000267028809,4604,0.0,0.0,0.0
2025-05-05 04:30:00+00:00,12.220000267028809,12.220000267028809,12.199999809265137,12.210000038146973,12895,0.0,0.0,0.0
2025-05-05 04:35:00+00:00,12.220000267028809,12.220000267028809,12.220000267028809,12.220000267028809,5120,0.0,0.0,0.0
2025-05-05 04:40:00+00:00,12.210000038146973,12.220000267028809,12.210000038146973,12.220000267028809,27473,0.0,0.0,0.0
2025-05-05 04:45:00+00:00,12.220000267028809,12.220000267028809,12.220000267028809,12.220000267028809,7270,0.0,0.0,0.0
2025-05-05 04:50:00+00:00,12.220000267028809,12.220000267028809,12.199999809265137,12.199999809265137,44867,0.0,0.0,0.0
2025-05-05 04:55:00+00:00,12.1899995803833,12.1899995803833,12.170000076293945,12.170000076293945,17299,0.0,0.0,0.0
2025-05-05 05:00:00+00:00,12.199999809265137,12.199999809265137,12.180000305175781,12.180000305175781,20292,0.0,0.0,0.0
2025-05-05 05:05:00+00:00,12.199999809265137,12.199999809265137,12.180000305175781,12.180000305175781,12311,0.0,0.0,0.0
2025-05-05 05:10:00+00:00,12.180000305175781,12.1899995803833,12.170000076293945,12.180000305175781,30918,0.0,0.0,0.0
2025-05-05 05:15:00+00:00,12.1899995803833,12.1899995803833,12.170000076293945,12.170000076293945,25959,0.0,0.0,0.0
2025-05-05 05:20:00+00:00,12.180000305175781,12.180000305175781,12.170000076293945,12.170000076293945,53706,0.0,0.0,0.0
2025-05-06 01:00:00+00:00,12.119999885559082,12.119999885559082,12.0600004196167,12.09000015258789,0,0.0,0.0,0.0
2025-05-06 01:05:00+00:00,12.09000015258789,12.100000381469727,12.09000015258789,12.09000015258789,103815,0.0,0.0,0.0
2025-05-06 01:10:00+00:00,12.109999656677246,12.119999885559082,12.100000381469727,12.119999885559082,77954,0.0,0.0,0.0
2025-05-06 01:15:00+00:00,12.140000343322754,12.140000343322754,12.119999885559082,12.140000343322754,33235,0.0,0.0,0.0
2025-05-06 01:20:00+00:00,12.140000343322754,12.1899995803833,12.140000343322754,12.1899995803833,52473,0.0,0.0,0.0
2025-05-06 01:25:00+00:00,12.1899995803833,12.1899995803833,12.180000305175781,12.180000305175781,11273,0.0,0.0,0.0
2025-05-06 01:30:00+00:00,12.1899995803833,12.199999809265137,12.1899995803833,12.1899995803833,141603,0.0,0.0,0.0
2025-05-06 01:35:00+00:00,12.180000305175781,12.1899995803833,12.180000305175781,12.1899995803833,6252,0.0,0.0,0.0
2025-05-06 01:40:00+00:00,12.180000305175781,12.180000305175781,12.170000076293945,12.170000076293945,8696,0.0,0.0,0.0
2025-05-06 01:45:00+00:00,12.170000076293945,12.180000305175781,12.149999618530273,12.15999984741211,164173,0.0,0.0,0.0
2025-05-06 01:50:00+00:00,12.15999984741211,12.15999984741211,12.15999984741211,12.15999984741211,6128,0.0,0.0,0.0
2025-05-06 01:55:00+00:00,12.15999984741211,12.180000305175781,12.149999618530273,12.170000076293945,31168,0.0,0.0,0.0
2025-05-06 02:00:00+00:00,12.180000305175781,12.180000305175781,12.180000305175781,12.180000305175781,13232,0.0,0.0,0.0
2025-05-06 02:05:00+00:00,12.180000305175781,12.180000305175781,12.180000305175781,12.180000305175781,25016,0.0,0.0,0.0
2025-05-06 02:10:00+00:00,12.1899995803833,12.210000038146973,12.180000305175781,12.210000038146973,186058,0.0,0.0,0.0
2025-05-06 02:15:00+00:00,12.210000038146973,12.210000038146973,12.1899995803833,12.199999809265137,25416,0.0,0.0,0.0
2025-05-06 02:20:00+00:00,12.199999809265137,12.199999809265137,12.199999809265137,12.199999809265137,3394,0.0,0.0,0.0
2025-05-06 02:25:00+00:00,12.199999809265137,12.199999809265137,12.199999809265137,12.199999809265137,7151,0.0,0.0,0.0
2025-05-06 02:30:00+00:00,12.199999809265137,12.199999809265137,12.199999809265137,12.199999809265137,10044,0.0,0.0,0.0
2025-05-06 02:35:00+00:00,12.199999809265137,12.199999809265137,12.1899995803833,12.199999809265137,52575,0.0,0.0,0.0
2025-05-06 02:40:00+00:00,12.210000038146973,12.220000267028809,12.210000038146973,12.220000267028809,57783,0.0,0.0,0.0
2025-05-06 02:45:00+00:00,12.220000267028809,12.220000267028809,12.199999809265137,12.199999809265137,17171,0.0,0.0,0.0
2025-05-06 02:50:00+00:00,12.210000038146973,12.220000267028809,12.210000038146973,12.220000267028809,10043,0.0,0.0,0.0
2025-05-06 02:55:00+00:00,12.220000267028809,12.220000267028809,12.220000267028809,12.220000267028809,5440,0.0,0.0,0.0
2025-05-06 03:00:00+00:00,12.210000038146973,12.220000267028809,12.199999809265137,12.199999809265137,25067,0.0,0.0,0.0
2025-05-06 03:05:00+00:00,12.210000038146973,12.210000038146973,12.199999809265137,12.199999809265137,5311,0.0,0.0,0.0
2025-05-06 03:10:00+00:00,12.199999809265137,12.199999809265137,12.199999809265137,12.199999809265137,15669,0.0,0.0,0.0
2025-05-06 03:15:00+00:00,12.199999809265137,12.199999809265137,12.1899995803833,12.199999809265137,57058,0.0,0.0,0.0
2025-05-06 03:20:00+00:00,12.210000038146973,12.220000267028809,12.210000038146973,12.220000267028809,2144,0.0,0.0,0.0
2025-05-06 03:25:00+00:00,12.210000038146973,12.220000267028809,12.210000038146973,12.210000038146973,23036,0.0,0.0,0.0
2025-05-06 03:30:00+00:00,12.220000267028809,12.220000267028809,12.220000267028809,12.220000267028809,95094,0.0,0.0,0.0
2025-05-06 03:35:00+00:00,12.220000267028809,12.229999542236328,12.220000267028809,12.229999542236328,52325,0.0,0.0,0.0
2025-05-06 03:40:00+00:00,12.229999542236328,12.229999542236328,12.229999542236328,12.229999542236328,1384,0.0,0.0,0.0
2025-05-06 03:45:00+00:00,12.220000267028809,12.229999542236328,12.210000038146973,12.210000038146973,23084,0.0,0.0,0.0
2025-05-06 03:50:00+00:00,12.229999542236328,12.229999542236328,12.210000038146973,12.210000038146973,8103,0.0,0.0,0.0
2025-05-06 03:55:00+00:00,12.220000267028809,12.220000267028809,12.199999809265137,12.199999809265137,18360,0.0,0.0,0.0
2025-05-06 04:00:00+00:00,12.210000038146973,12.220000267028809,12.210000038146973,12.220000267028809,14262,0.0,0.0,0.0
2025-05-06 04:05:00+00:00,12.210000038146973,12.210000038146973,12.210000038146973,12.210000038146973,2070,0.0,0.0,0.0
2025-05-06 04:10:00+00:00,12.210000038146973,12.220000267028809,12.210000038146973,12.220000267028809,4106,0.0,0.0,0.0
2025-05-06 04:15:00+00:00,12.199999809265137,12.220000267028809,12.199999809265137,12.220000267028809,8109,0.0,0.0,0.0
2025-05-06 04:20:00+00:00,12.210000038146973,12.210000038146973,12.210000038146973,12.210000038146973,5370,0.0,0.0,0.0
2025-05-06 04:25:00+00:00,12.199999809265137,12.210000038146973,12.199999809265137,12.210000038146973,5070,0.0,0.0,0.0
2025-05-06 04:30:00+00:00,12.210000038146973,12.210000038146973,12.210000038146973,12.210000038146973,2260,0.0,0.0,0.0
2025-05-06 04:35:00+00:00,12.199999809265137,12.210000038146973,12.199999809265137,12.199999809265137,22120,0.0,0.0,0.0
2025-05-06 04:40:00+00:00,12.199999809265137,12.220000267028809,12.199999809265137,12.220000267028809,5199,0.0,0.0,0.0
2025-05-06 04:45:00+00:00,12.210000038146973,12.210000038146973,12.199999809265137,12.199999809265137,12410,0.0,0.0,0.0
2025-05-06 04:50:00+00:00,12.199999809265137,12.199999809265137,12.1899995803833,12.1899995803833,11100,0.0,0.0,0.0
2025-05-06 04:55:00+00:00,12.1899995803833,12.1899995803833,12.1899995803833,12.1899995803833,2580,0.0,0.0,0.0
2025-05-06 05:00:00+00:00,12.180000305175781,12.180000305175781,12.180000305175781,12.180000305175781,9300,0.0,0.0,0.0
2025-05-06 05:05:00+00:00,12.1899995803833,12.1899995803833,12.180000305175781,12.1899995803833,6501,0.0,0.0,0.0
2025-05-06 05:10:00+00:00,12.180000305175781,12.180000305175781,12.170000076293945,12.170000076293945,130160,0.0,0.0,0.0
2025-05-06 05:15:00+00:00,12.180000305175781,12.180000305175781,12.170000076293945,12.170000076293945,6845,0.0,0.0,0.0
2025-05-06 05:20:00+00:00,12.170000076293945,12.170000076293945,12.15999984741211,12.15999984741211,152861,0.0,0.0,0.0
2025-05-07 01:00:00+00:00,12.210000038146973,12.319999694824219,12.210000038146973,12.319999694824219,0,0.0,0.0,0.0
2025-05-07 01:05:00+00:00,12.319999694824219,12.319999694824219,12.270000457763672,12.270000457763672,22000,0.0,0.0,0.0
2025-05-07 01:10:00+00:00,12.279999732971191,12.279999732971191,12.260000228881836,12.260000228881836,62647,0.0,0.0,0.0
2025-05-07 01:15:00+00:00,12.260000228881836,12.260000228881836,12.220000267028809,12.220000267028809,522117,0.0,0.0,0.0
2025-05-07 01:20:00+00:00,12.210000038146973,12.210000038146973,12.210000038146973,12.210000038146973,14482,0.0,0.0,0.0
2025-05-07 01:25:00+00:00,12.229999542236328,12.229999542236328,12.220000267028809,12.220000267028809,26019,0.0,0.0,0.0
2025-05-07 01:30:00+00:00,12.210000038146973,12.210000038146973,12.15999984741211,12.170000076293945,35272,0.0,0.0,0.0
2025-05-07 01:35:00+00:00,12.149999618530273,12.149999618530273,12.130000114440918,12.130000114440918,23962,0.0,0.0,0.0
2025-05-07 01:40:00+00:00,12.130000114440918,12.140000343322754,12.130000114440918,12.140000343322754,17625,0.0,0.0,0.0
2025-05-07 01:45:00+00:00,12.140000343322754,12.140000343322754,12.140000343322754,12.140000343322754,20038,0.0,0.0,0.0
2025-05-07 01:50:00+00:00,12.140000343322754,12.180000305175781,12.140000343322754,12.180000305175781,34319,0.0,0.0,0.0
2025-05-07 01:55:00+00:00,12.180000305175781,12.180000305175781,12.170000076293945,12.180000305175781,10066,0.0,0.0,0.0
2025-05-07 02:00:00+00:00,12.170000076293945,12.170000076293945,12.149999618530273,12.149999618530273,18056,0.0,0.0,0.0
2025-05-07 02:05:00+00:00,12.149999618530273,12.170000076293945,12.149999618530273,12.170000076293945,19245,0.0,0.0,0.0
2025-05-07 02:10:00+00:00,12.180000305175781,12.180000305175781,12.15999984741211,12.15999984741211,8049,0.0,0.0,0.0
2025-05-07 02:15:00+00:00,12.170000076293945,12.180000305175781,12.170000076293945,12.180000305175781,2049,0.0,0.0,0.0
2025-05-07 02:20:00+00:00,12.170000076293945,12.170000076293945,12.170000076293945,12.170000076293945,2056,0.0,0.0,0.0
2025-05-07 02:25:00+00:00,12.15999984741211,12.170000076293945,12.15999984741211,12.170000076293945,40343,0.0,0.0,0.0
2025-05-07 02:30:00+00:00,12.170000076293945,12.170000076293945,12.170000076293945,12.170000076293945,9062,0.0,0.0,0.0
2025-05-07 02:35:00+00:00,12.170000076293945,12.180000305175781,12.170000076293945,12.180000305175781,184850,0.0,0.0,0.0
2025-05-07 02:40:00+00:00,12.170000076293945,12.170000076293945,12.15999984741211,12.15999984741211,61127,0.0,0.0,0.0
2025-05-07 02:45:00+00:00,12.15999984741211,12.15999984741211,12.15999984741211,12.15999984741211,52735,0.0,0.0,0.0
2025-05-07 02:50:00+00:00,12.149999618530273,12.15999984741211,12.140000343322754,12.15999984741211,146090,0.0,0.0,0.0
2025-05-07 02:55:00+00:00,12.149999618530273,12.149999618530273,12.140000343322754,12.140000343322754,236518,0.0,0.0,0.0
2025-05-07 03:00:00+00:00,12.140000343322754,12.15999984741211,12.140000343322754,12.15999984741211,13048,0.0,0.0,0.0
2025-05-07 03:05:00+00:00,12.15999984741211,12.15999984741211,12.15999984741211,12.15999984741211,1210,0.0,0.0,0.0
2025-05-07 03:10:00+00:00,12.15999984741211,12.15999984741211,12.15999984741211,12.15999984741211,6213,0.0,0.0,0.0
2025-05-07 03:20:00+00:00,12.15999984741211,12.170000076293945,12.15999984741211,12.15999984741211,10446,0.0,0.0,0.0
2025-05-07 03:25:00+00:00,12.15999984741211,12.170000076293945,12.15999984741211,12.170000076293945,6025,0.0,0.0,0.0
2025-05-07 03:30:00+00:00,12.170000076293945,12.170000076293945,12.15999984741211,12.15999984741211,6134,0.0,0.0,0.0
2025-05-07 03:35:00+00:00,12.15999984741211,12.15999984741211,12.15999984741211,12.15999984741211,2001,0.0,0.0,0.0
2025-05-07 03:40:00+00:00,12.15999984741211,12.15999984741211,12.15999984741211,12.15999984741211,5284,0.0,0.0,0.0
2025-05-07 03:45:00+00:00,12.15999984741211,12.170000076293945,12.15999984741211,12.170000076293945,12110,0.0,0.0,0.0
2025-05-07 03:50:00+00:00,12.170000076293945,12.180000305175781,12.170000076293945,12.180000305175781,28626,0.0,0.0,0.0
2025-05-07 04:00:00+00:00,12.15999984741211,12.15999984741211,12.15999984741211,12.15999984741211,1347,0.0,0.0,0.0
2025-05-07 04:05:00+00:00,12.15999984741211,12.15999984741211,12.15999984741211,12.15999984741211,2047,0.0,0.0,0.0
2025-05-07 04:10:00+00:00,12.180000305175781,12.180000305175781,12.180000305175781,12.180000305175781,32546,0.0,0.0,0.0
2025-05-07 04:15:00+00:00,12.180000305175781,12.1899995803833,12.180000305175781,12.1899995803833,22210,0.0,0.0,0.0
2025-05-07 04:25:00+00:00,12.180000305175781,12.180000305175781,12.180000305175781,12.180000305175781,2116,0.0,0.0,0.0
2025-05-07 04:30:00+00:00,12.180000305175781,12.180000305175781,12.170000076293945,12.170000076293945,29081,0.0,0.0,0.0
2025-05-07 04:35:00+00:00,12.15999984741211,12.15999984741211,12.15999984741211,12.15999984741211,5134,0.0,0.0,0.0
2025-05-07 04:40:00+00:00,12.149999618530273,12.15999984741211,12.140000343322754,12.140000343322754,218221,0.0,0.0,0.0
2025-05-07 04:45:00+00:00,12.149999618530273,12.149999618530273,12.140000343322754,12.149999618530273,14285,0.0,0.0,0.0
2025-05-07 04:50:00+00:00,12.149999618530273,12.149999618530273,12.149999618530273,12.149999618530273,1062,0.0,0.0,0.0
2025-05-07 04:55:00+00:00,12.149999618530273,12.15999984741211,12.149999618530273,12.15999984741211,5184,0.0,0.0,0.0
2025-05-07 05:00:00+00:00,12.149999618530273,12.149999618530273,12.149999618530273,12.149999618530273,9277,0.0,0.0,0.0
2025-05-07 05:05:00+00:00,12.149999618530273,12.149999618530273,12.149999618530273,12.149999618530273,5281,0.0,0.0,0.0
2025-05-07 05:10:00+00:00,12.140000343322754,12.149999618530273,12.140000343322754,12.149999618530273,15039,0.0,0.0,0.0
2025-05-07 05:15:00+00:00,12.15999984741211,12.15999984741211,12.15999984741211,12.15999984741211,6474,0.0,0.0,0.0
2025-05-07 05:20:00+00:00,12.170000076293945,12.170000076293945,12.15999984741211,12.15999984741211,18061,0.0,0.0,0.0
2025-05-08 01:00:00+00:00,12.220000267028809,12.270000457763672,12.220000267028809,12.260000228881836,0,0.0,0.0,0.0
2025-05-08 01:05:00+00:00,12.260000228881836,12.270000457763672,12.25,12.270000457763672,84000,0.0,0.0,0.0
2025-05-08 01:10:00+00:00,12.260000228881836,12.300000190734863,12.260000228881836,12.300000190734863,47367,0.0,0.0,0.0
2025-05-08 01:15:00+00:00,12.300000190734863,12.300000190734863,12.270000457763672,12.279999732971191,42139,0.0,0.0,0.0
2025-05-08 01:20:00+00:00,12.270000457763672,12.279999732971191,12.270000457763672,12.279999732971191,14205,0.0,0.0,0.0
2025-05-08 01:40:00+00:00,12.239999771118164,12.260000228881836,12.239999771118164,12.260000228881836,85112,0.0,0.0,0.0
2025-05-08 01:45:00+00:00,12.270000457763672,12.270000457763672,12.270000457763672,12.270000457763672,1614,0.0,0.0,0.0
2025-05-08 01:50:00+00:00,12.260000228881836,12.270000457763672,12.25,12.270000457763672,31031,0.0,0.0,0.0
2025-05-08 01:55:00+00:00,12.25,12.260000228881836,12.25,12.260000228881836,49436,0.0,0.0,0.0
2025-05-08 02:05:00+00:00,12.260000228881836,12.260000228881836,12.25,12.25,8058,0.0,0.0,0.0
2025-05-08 02:10:00+00:00,12.260000228881836,12.260000228881836,12.229999542236328,12.229999542236328,15333,0.0,0.0,0.0
2025-05-08 02:15:00+00:00,12.229999542236328,12.239999771118164,12.229999542236328,12.239999771118164,33263,0.0,0.0,0.0
2025-05-08 02:20:00+00:00,12.239999771118164,12.25,12.239999771118164,12.25,75067,0.0,0.0,0.0
2025-05-08 02:25:00+00:00,12.260000228881836,12.260000228881836,12.260000228881836,12.260000228881836,6384,0.0,0.0,0.0
2025-05-08 02:35:00+00:00,12.260000228881836,12.260000228881836,12.25,12.260000228881836,22236,0.0,0.0,0.0
2025-05-08 02:40:00+00:00,12.260000228881836,12.270000457763672,12.260000228881836,12.270000457763672,44474,0.0,0.0,0.0
2025-05-08 02:45:00+00:00,12.270000457763672,12.270000457763672,12.260000228881836,12.260000228881836,5053,0.0,0.0,0.0
2025-05-08 02:50:00+00:00,12.270000457763672,12.270000457763672,12.270000457763672,12.270000457763672,26290,0.0,0.0,0.0
2025-05-08 02:55:00+00:00,12.279999732971191,12.279999732971191,12.279999732971191,12.279999732971191,52124,0.0,0.0,0.0
2025-05-08 03:00:00+00:00,12.279999732971191,12.300000190734863,12.279999732971191,12.300000190734863,126782,0.0,0.0,0.0
2025-05-08 03:05:00+00:00,12.3100004196167,12.3100004196167,12.3100004196167,12.3100004196167,1059,0.0,0.0,0.0
2025-05-08 03:10:00+00:00,12.3100004196167,12.3100004196167,12.3100004196167,12.3100004196167,27802,0.0,0.0,0.0
2025-05-08 03:15:00+00:00,12.3100004196167,12.319999694824219,12.3100004196167,12.319999694824219,25265,0.0,0.0,0.0
2025-05-08 03:20:00+00:00,12.329999923706055,12.329999923706055,12.319999694824219,12.319999694824219,17162,0.0,0.0,0.0
2025-05-08 03:25:00+00:00,12.319999694824219,12.329999923706055,12.319999694824219,12.319999694824219,11266,0.0,0.0,0.0
2025-05-08 03:30:00+00:00,12.329999923706055,12.329999923706055,12.319999694824219,12.319999694824219,10031,0.0,0.0,0.0
2025-05-08 03:35:00+00:00,12.319999694824219,12.319999694824219,12.3100004196167,12.3100004196167,7144,0.0,0.0,0.0
2025-05-08 03:45:00+00:00,12.289999961853027,12.300000190734863,12.289999961853027,12.300000190734863,10047,0.0,0.0,0.0
2025-05-08 03:50:00+00:00,12.300000190734863,12.3100004196167,12.300000190734863,12.3100004196167,31054,0.0,0.0,0.0
2025-05-08 03:55:00+00:00,12.319999694824219,12.319999694824219,12.319999694824219,12.319999694824219,1128,0.0,0.0,0.0
2025-05-08 04:00:00+00:00,12.319999694824219,12.319999694824219,12.3100004196167,12.319999694824219,12046,0.0,0.0,0.0
2025-05-08 04:05:00+00:00,12.3100004196167,12.3100004196167,12.300000190734863,12.300000190734863,7041,0.0,0.0,0.0
2025-05-08 04:10:00+00:00,12.300000190734863,12.319999694824219,12.300000190734863,12.319999694824219,70087,0.0,0.0,0.0
2025-05-08 04:15:00+00:00,12.319999694824219,12.329999923706055,12.319999694824219,12.329999923706055,36050,0.0,0.0,0.0
2025-05-08 04:20:00+00:00,12.329999923706055,12.329999923706055,12.329999923706055,12.329999923706055,6769,0.0,0.0,0.0
2025-05-08 04:25:00+00:00,12.319999694824219,12.329999923706055,12.319999694824219,12.319999694824219,16188,0.0,0.0,0.0
2025-05-08 04:30:00+00:00,12.329999923706055,12.34000015258789,12.329999923706055,12.329999923706055,41284,0.0,0.0,0.0
2025-05-08 04:35:00+00:00,12.329999923706055,12.34000015258789,12.329999923706055,12.329999923706055,3324,0.0,0.0,0.0
2025-05-08 04:40:00+00:00,12.329999923706055,12.329999923706055,12.329999923706055,12.329999923706055,29149,0.0,0.0,0.0
2025-05-08 04:45:00+00:00,12.34000015258789,12.350000381469727,12.34000015258789,12.350000381469727,52410,0.0,0.0,0.0
2025-05-08 04:50:00+00:00,12.34000015258789,12.34000015258789,12.34000015258789,12.34000015258789,6671,0.0,0.0,0.0
2025-05-08 05:00:00+00:00,12.350000381469727,12.350000381469727,12.350000381469727,12.350000381469727,80411,0.0,0.0,0.0
2025-05-08 05:05:00+00:00,12.350000381469727,12.350000381469727,12.350000381469727,12.350000381469727,3010,0.0,0.0,0.0
2025-05-08 05:10:00+00:00,12.34000015258789,12.34000015258789,12.329999923706055,12.329999923706055,18517,0.0,0.0,0.0
2025-05-08 05:15:00+00:00,12.329999923706055,12.34000015258789,12.319999694824219,12.329999923706055,48836,0.0,0.0,0.0
2025-05-08 05:20:00+00:00,12.329999923706055,12.329999923706055,12.319999694824219,12.319999694824219,31501,0.0,0.0,0.0
2025-05-09 01:00:00+00:00,12.34000015258789,12.399999618530273,12.34000015258789,12.390000343322754,0,0.0,0.0,0.0
2025-05-09 01:05:00+00:00,12.390000343322754,12.390000343322754,12.390000343322754,12.390000343322754,55630,0.0,0.0,0.0
2025-05-09 01:10:00+00:00,12.380000114440918,12.380000114440918,12.369999885559082,12.369999885559082,55129,0.0,0.0,0.0
2025-05-09 01:15:00+00:00,12.369999885559082,12.40999984741211,12.369999885559082,12.399999618530273,67677,0.0,0.0,0.0
2025-05-09 01:20:00+00:00,12.399999618530273,12.399999618530273,12.399999618530273,12.399999618530273,15426,0.0,0.0,0.0
2025-05-09 01:25:00+00:00,12.399999618530273,12.399999618530273,12.380000114440918,12.380000114440918,23028,0.0,0.0,0.0
2025-05-09 01:30:00+00:00,12.380000114440918,12.380000114440918,12.359999656677246,12.359999656677246,33346,0.0,0.0,0.0
2025-05-09 01:35:00+00:00,12.359999656677246,12.359999656677246,12.350000381469727,12.350000381469727,6467,0.0,0.0,0.0
2025-05-09 01:40:00+00:00,12.350000381469727,12.350000381469727,12.350000381469727,12.350000381469727,15849,0.0,0.0,0.0
2025-05-09 01:45:00+00:00,12.350000381469727,12.369999885559082,12.350000381469727,12.359999656677246,31742,0.0,0.0,0.0
2025-05-09 01:50:00+00:00,12.369999885559082,12.369999885559082,12.369999885559082,12.369999885559082,5091,0.0,0.0,0.0
2025-05-09 01:55:00+00:00,12.369999885559082,12.369999885559082,12.369999885559082,12.369999885559082,16227,0.0,0.0,0.0
2025-05-09 02:00:00+00:00,12.380000114440918,12.380000114440918,12.369999885559082,12.369999885559082,29301,0.0,0.0,0.0
2025-05-09 02:05:00+00:00,12.359999656677246,12.390000343322754,12.359999656677246,12.390000343322754,13292,0.0,0.0,0.0
2025-05-09 02:10:00+00:00,12.390000343322754,12.390000343322754,12.380000114440918,12.380000114440918,11050,0.0,0.0,0.0
2025-05-09 02:15:00+00:00,12.380000114440918,12.380000114440918,12.380000114440918,12.380000114440918,4661,0.0,0.0,0.0
2025-05-09 02:20:00+00:00,12.380000114440918,12.380000114440918,12.380000114440918,12.380000114440918,8049,0.0,0.0,0.0
2025-05-09 02:25:00+00:00,12.380000114440918,12.390000343322754,12.380000114440918,12.390000343322754,17050,0.0,0.0,0.0
2025-05-09 02:30:00+00:00,12.390000343322754,12.399999618530273,12.390000343322754,12.399999618530273,83970,0.0,0.0,0.0
2025-05-09 02:35:00+00:00,12.399999618530273,12.399999618530273,12.399999618530273,12.399999618530273,142103,0.0,0.0,0.0
2025-05-09 02:40:00+00:00,12.399999618530273,12.40999984741211,12.399999618530273,12.40999984741211,47218,0.0,0.0,0.0
2025-05-09 02:45:00+00:00,12.40999984741211,12.420000076293945,12.40999984741211,12.420000076293945,44883,0.0,0.0,0.0
2025-05-09 02:50:00+00:00,12.420000076293945,12.420000076293945,12.40999984741211,12.40999984741211,9050,0.0,0.0,0.0
2025-05-09 02:55:00+00:00,12.40999984741211,12.420000076293945,12.40999984741211,12.420000076293945,12162,0.0,0.0,0.0
2025-05-09 03:00:00+00:00,12.399999618530273,12.399999618530273,12.399999618530273,12.399999618530273,10753,0.0,0.0,0.0
2025-05-09 03:05:00+00:00,12.40999984741211,12.420000076293945,12.40999984741211,12.420000076293945,33154,0.0,0.0,0.0
2025-05-09 03:10:00+00:00,12.420000076293945,12.430000305175781,12.420000076293945,12.430000305175781,45680,0.0,0.0,0.0
2025-05-09 03:15:00+00:00,12.4399995803833,12.4399995803833,12.430000305175781,12.430000305175781,13111,0.0,0.0,0.0
2025-05-09 03:20:00+00:00,12.4399995803833,12.4399995803833,12.420000076293945,12.420000076293945,32051,0.0,0.0,0.0
2025-05-09 03:25:00+00:00,12.420000076293945,12.420000076293945,12.420000076293945,12.420000076293945,32045,0.0,0.0,0.0
2025-05-09 03:30:00+00:00,12.430000305175781,12.449999809265137,12.430000305175781,12.449999809265137,80440,0.0,0.0,0.0
2025-05-09 03:35:00+00:00,12.4399995803833,12.4399995803833,12.4399995803833,12.4399995803833,14816,0.0,0.0,0.0
2025-05-09 03:40:00+00:00,12.4399995803833,12.4399995803833,12.4399995803833,12.4399995803833,2011,0.0,0.0,0.0
2025-05-09 03:45:00+00:00,12.4399995803833,12.4399995803833,12.430000305175781,12.430000305175781,3222,0.0,0.0,0.0
2025-05-09 03:50:00+00:00,12.430000305175781,12.430000305175781,12.430000305175781,12.430000305175781,4016,0.0,0.0,0.0
2025-05-09 03:55:00+00:00,12.4399995803833,12.4399995803833,12.4399995803833,12.4399995803833,40029,0.0,0.0,0.0
2025-05-09 04:00:00+00:00,12.4399995803833,12.449999809265137,12.4399995803833,12.449999809265137,42187,0.0,0.0,0.0
2025-05-09 04:05:00+00:00,12.449999809265137,12.449999809265137,12.4399995803833,12.449999809265137,10070,0.0,0.0,0.0
2025-05-09 04:10:00+00:00,12.449999809265137,12.449999809265137,12.4399995803833,12.4399995803833,37361,0.0,0.0,0.0
2025-05-09 04:15:00+00:00,12.4399995803833,12.4399995803833,12.430000305175781,12.430000305175781,26315,0.0,0.0,0.0
2025-05-09 04:20:00+00:00,12.430000305175781,12.4399995803833,12.420000076293945,12.420000076293945,20060,0.0,0.0,0.0
2025-05-09 04:25:00+00:00,12.430000305175781,12.4399995803833,12.430000305175781,12.4399995803833,29268,0.0,0.0,0.0
2025-05-09 04:30:00+00:00,12.449999809265137,12.449999809265137,12.4399995803833,12.4399995803833,3742,0.0,0.0,0.0
2025-05-09 04:35:00+00:00,12.4399995803833,12.449999809265137,12.4399995803833,12.449999809265137,19644,0.0,0.0,0.0
2025-05-09 04:40:00+00:00,12.449999809265137,12.449999809265137,12.449999809265137,12.449999809265137,10282,0.0,0.0,0.0
2025-05-09 04:45:00+00:00,12.449999809265137,12.449999809265137,12.449999809265137,12.449999809265137,27100,0.0,0.0,0.0
2025-05-09 04:50:00+00:00,12.449999809265137,12.449999809265137,12.4399995803833,12.4399995803833,5073,0.0,0.0,0.0
2025-05-09 04:55:00+00:00,12.4399995803833,12.4399995803833,12.4399995803833,12.4399995803833,7280,0.0,0.0,0.0
2025-05-09 05:00:00+00:00,12.4399995803833,12.449999809265137,12.4399995803833,12.4399995803833,33060,0.0,0.0,0.0
2025-05-09 05:05:00+00:00,12.430000305175781,12.4399995803833,12.430000305175781,12.4399995803833,4552,0.0,0.0,0.0
2025-05-09 05:10:00+00:00,12.4399995803833,12.449999809265137,12.4399995803833,12.4399995803833,23562,0.0,0.0,0.0
2025-05-09 05:15:00+00:00,12.4399995803833,12.449999809265137,12.4399995803833,12.449999809265137,115190,0.0,0.0,0.0
2025-05-09 05:20:00+00:00,12.449999809265137,12.449999809265137,12.4399995803833,12.449999809265137,59911,0.0,0.0,0.0
2025-05-12 01:00:00+00:00,12.529999732971191,12.579999923706055,12.529999732971191,12.579999923706055,0,0.0,0.0,0.0
2025-05-12 01:05:00+00:00,12.59000015258789,12.600000381469727,12.579999923706055,12.600000381469727,233000,0.0,0.0,0.0
2025-05-12 01:10:00+00:00,12.600000381469727,12.609999656677246,12.600000381469727,12.609999656677246,66084,0.0,0.0,0.0
2025-05-12 01:15:00+00:00,12.609999656677246,12.609999656677246,12.600000381469727,12.600000381469727,10397,0.0,0.0,0.0
2025-05-12 01:20:00+00:00,12.600000381469727,12.600000381469727,12.59000015258789,12.600000381469727,86079,0.0,0.0,0.0
2025-05-12 01:25:00+00:00,12.600000381469727,12.600000381469727,12.59000015258789,12.59000015258789,64611,0.0,0.0,0.0
2025-05-12 01:30:00+00:00,12.600000381469727,12.600000381469727,12.59000015258789,12.59000015258789,140694,0.0,0.0,0.0
2025-05-12 01:35:00+00:00,12.59000015258789,12.59000015258789,12.579999923706055,12.59000015258789,99597,0.0,0.0,0.0
2025-05-12 01:40:00+00:00,12.59000015258789,12.59000015258789,12.5600004196167,12.5600004196167,50765,0.0,0.0,0.0
2025-05-12 01:45:00+00:00,12.5600004196167,12.579999923706055,12.5600004196167,12.569999694824219,19043,0.0,0.0,0.0
2025-05-12 01:50:00+00:00,12.579999923706055,12.579999923706055,12.5600004196167,12.5600004196167,36773,0.0,0.0,0.0
2025-05-12 01:55:00+00:00,12.569999694824219,12.569999694824219,12.569999694824219,12.569999694824219,15268,0.0,0.0,0.0
2025-05-12 02:00:00+00:00,12.579999923706055,12.59000015258789,12.579999923706055,12.579999923706055,35851,0.0,0.0,0.0
2025-05-12 02:05:00+00:00,12.579999923706055,12.59000015258789,12.579999923706055,12.579999923706055,19139,0.0,0.0,0.0
2025-05-12 02:10:00+00:00,12.579999923706055,12.59000015258789,12.579999923706055,12.59000015258789,13464,0.0,0.0,0.0
2025-05-12 02:15:00+00:00,12.59000015258789,12.59000015258789,12.579999923706055,12.579999923706055,18538,0.0,0.0,0.0
2025-05-12 02:20:00+00:00,12.579999923706055,12.59000015258789,12.579999923706055,12.59000015258789,53876,0.0,0.0,0.0
2025-05-12 02:25:00+00:00,12.59000015258789,12.600000381469727,12.59000015258789,12.59000015258789,142550,0.0,0.0,0.0
2025-05-12 02:30:00+00:00,12.59000015258789,12.59000015258789,12.579999923706055,12.579999923706055,19250,0.0,0.0,0.0
2025-05-12 02:35:00+00:00,12.579999923706055,12.579999923706055,12.569999694824219,12.569999694824219,46033,0.0,0.0,0.0
2025-05-12 02:40:00+00:00,12.579999923706055,12.579999923706055,12.569999694824219,12.579999923706055,16707,0.0,0.0,0.0
2025-05-12 02:45:00+00:00,12.579999923706055,12.579999923706055,12.579999923706055,12.579999923706055,4693,0.0,0.0,0.0
2025-05-12 02:50:00+00:00,12.579999923706055,12.579999923706055,12.579999923706055,12.579999923706055,10059,0.0,0.0,0.0
2025-05-12 02:55:00+00:00,12.59000015258789,12.59000015258789,12.579999923706055,12.579999923706055,138673,0.0,0.0,0.0
2025-05-12 03:00:00+00:00,12.579999923706055,12.579999923706055,12.5600004196167,12.579999923706055,15062,0.0,0.0,0.0
2025-05-12 03:05:00+00:00,12.579999923706055,12.579999923706055,12.579999923706055,12.579999923706055,4101,0.0,0.0,0.0
2025-05-12 03:10:00+00:00,12.569999694824219,12.569999694824219,12.569999694824219,12.569999694824219,5422,0.0,0.0,0.0
2025-05-12 03:15:00+00:00,12.569999694824219,12.569999694824219,12.5600004196167,12.569999694824219,21140,0.0,0.0,0.0
2025-05-12 03:20:00+00:00,12.569999694824219,12.569999694824219,12.5600004196167,12.5600004196167,11626,0.0,0.0,0.0
2025-05-12 03:25:00+00:00,12.5600004196167,12.5600004196167,12.550000190734863,12.550000190734863,51416,0.0,0.0,0.0
2025-05-12 03:30:00+00:00,12.550000190734863,12.550000190734863,12.539999961853027,12.539999961853027,11439,0.0,0.0,0.0
2025-05-12 03:35:00+00:00,12.539999961853027,12.539999961853027,12.539999961853027,12.539999961853027,14178,0.0,0.0,0.0
2025-05-12 03:40:00+00:00,12.539999961853027,12.539999961853027,12.539999961853027,12.539999961853027,6119,0.0,0.0,0.0
2025-05-12 03:45:00+00:00,12.539999961853027,12.550000190734863,12.529999732971191,12.529999732971191,13318,0.0,0.0,0.0
2025-05-12 03:50:00+00:00,12.529999732971191,12.539999961853027,12.529999732971191,12.539999961853027,9167,0.0,0.0,0.0
2025-05-12 03:55:00+00:00,12.529999732971191,12.539999961853027,12.529999732971191,12.539999961853027,6169,0.0,0.0,0.0
2025-05-12 04:00:00+00:00,12.539999961853027,12.539999961853027,12.539999961853027,12.539999961853027,4458,0.0,0.0,0.0
2025-05-12 04:05:00+00:00,12.539999961853027,12.550000190734863,12.539999961853027,12.550000190734863,13180,0.0,0.0,0.0
2025-05-12 04:10:00+00:00,12.539999961853027,12.539999961853027,12.529999732971191,12.539999961853027,72647,0.0,0.0,0.0
2025-05-12 04:15:00+00:00,12.539999961853027,12.550000190734863,12.539999961853027,12.550000190734863,27063,0.0,0.0,0.0
2025-05-12 04:20:00+00:00,12.550000190734863,12.550000190734863,12.539999961853027,12.550000190734863,6602,0.0,0.0,0.0
2025-05-12 04:25:00+00:00,12.550000190734863,12.550000190734863,12.539999961853027,12.539999961853027,5370,0.0,0.0,0.0
2025-05-12 04:30:00+00:00,12.550000190734863,12.550000190734863,12.550000190734863,12.550000190734863,49970,0.0,0.0,0.0
2025-05-12 04:35:00+00:00,12.550000190734863,12.5600004196167,12.550000190734863,12.5600004196167,2310,0.0,0.0,0.0
2025-05-12 04:40:00+00:00,12.550000190734863,12.550000190734863,12.539999961853027,12.539999961853027,36000,0.0,0.0,0.0
2025-05-12 04:45:00+00:00,12.539999961853027,12.5600004196167,12.539999961853027,12.550000190734863,15010,0.0,0.0,0.0
2025-05-12 04:50:00+00:00,12.550000190734863,12.550000190734863,12.539999961853027,12.539999961853027,6290,0.0,0.0,0.0
2025-05-12 04:55:00+00:00,12.550000190734863,12.5600004196167,12.550000190734863,12.550000190734863,7428,0.0,0.0,0.0
2025-05-12 05:00:00+00:00,12.550000190734863,12.550000190734863,12.539999961853027,12.539999961853027,16180,0.0,0.0,0.0
2025-05-12 05:05:00+00:00,12.550000190734863,12.550000190734863,12.539999961853027,12.550000190734863,30242,0.0,0.0,0.0
2025-05-12 05:10:00+00:00,12.550000190734863,12.550000190734863,12.550000190734863,12.550000190734863,3717,0.0,0.0,0.0
2025-05-12 05:15:00+00:00,12.550000190734863,12.550000190734863,12.539999961853027,12.539999961853027,24543,0.0,0.0,0.0
2025-05-12 05:20:00+00:00,12.539999961853027,12.550000190734863,12.539999961853027,12.550000190734863,129943,0.0,0.0,0.0
2025-05-13 01:00:00+00:00,12.770000457763672,12.949999809265137,12.770000457763672,12.899999618530273,571000,0.0,0.0,0.0
2025-05-13 01:05:00+00:00,12.890000343322754,12.890000343322754,12.859999656677246,12.859999656677246,104000,0.0,0.0,0.0
2025-05-13 01:10:00+00:00,12.869999885559082,12.869999885559082,12.829999923706055,12.84000015258789,322404,0.0,0.0,0.0
2025-05-13 01:15:00+00:00,12.829999923706055,12.850000381469727,12.829999923706055,12.84000015258789,230795,0.0,0.0,0.0
2025-05-13 01:20:00+00:00,12.84000015258789,12.869999885559082,12.84000015258789,12.869999885559082,256991,0.0,0.0,0.0
2025-05-13 01:25:00+00:00,12.869999885559082,12.869999885559082,12.869999885559082,12.869999885559082,72804,0.0,0.0,0.0
2025-05-13 01:30:00+00:00,12.880000114440918,12.890000343322754,12.859999656677246,12.890000343322754,99783,0.0,0.0,0.0
2025-05-13 01:35:00+00:00,12.890000343322754,12.890000343322754,12.869999885559082,12.869999885559082,87866,0.0,0.0,0.0
2025-05-13 01:40:00+00:00,12.859999656677246,12.859999656677246,12.850000381469727,12.859999656677246,29295,0.0,0.0,0.0
2025-05-13 01:45:00+00:00,12.859999656677246,12.869999885559082,12.859999656677246,12.869999885559082,53193,0.0,0.0,0.0
2025-05-13 01:50:00+00:00,12.869999885559082,12.869999885559082,12.859999656677246,12.859999656677246,15121,0.0,0.0,0.0
2025-05-13 01:55:00+00:00,12.859999656677246,12.859999656677246,12.850000381469727,12.850000381469727,60242,0.0,0.0,0.0
2025-05-13 02:00:00+00:00,12.869999885559082,12.869999885559082,12.869999885559082,12.869999885559082,20445,0.0,0.0,0.0
2025-05-13 02:05:00+00:00,12.859999656677246,12.859999656677246,12.84000015258789,12.850000381469727,34264,0.0,0.0,0.0
2025-05-13 02:10:00+00:00,12.829999923706055,12.829999923706055,12.819999694824219,12.819999694824219,69708,0.0,0.0,0.0
2025-05-13 02:15:00+00:00,12.819999694824219,12.819999694824219,12.800000190734863,12.8100004196167,144531,0.0,0.0,0.0
2025-05-13 02:20:00+00:00,12.8100004196167,12.819999694824219,12.800000190734863,12.800000190734863,114239,0.0,0.0,0.0
2025-05-13 02:25:00+00:00,12.789999961853027,12.800000190734863,12.789999961853027,12.789999961853027,8005,0.0,0.0,0.0
2025-05-13 02:30:00+00:00,12.789999961853027,12.789999961853027,12.770000457763672,12.770000457763672,60573,0.0,0.0,0.0
2025-05-13 02:35:00+00:00,12.770000457763672,12.789999961853027,12.770000457763672,12.789999961853027,69325,0.0,0.0,0.0
2025-05-13 02:40:00+00:00,12.779999732971191,12.789999961853027,12.779999732971191,12.789999961853027,14579,0.0,0.0,0.0
2025-05-13 02:45:00+00:00,12.800000190734863,12.800000190734863,12.770000457763672,12.770000457763672,15660,0.0,0.0,0.0
2025-05-13 02:50:00+00:00,12.779999732971191,12.779999732971191,12.770000457763672,12.779999732971191,12933,0.0,0.0,0.0
2025-05-13 02:55:00+00:00,12.779999732971191,12.779999732971191,12.779999732971191,12.779999732971191,39093,0.0,0.0,0.0
2025-05-13 03:00:00+00:00,12.779999732971191,12.779999732971191,12.770000457763672,12.770000457763672,50112,0.0,0.0,0.0
2025-05-13 03:05:00+00:00,12.779999732971191,12.779999732971191,12.760000228881836,12.760000228881836,8048,0.0,0.0,0.0
2025-05-13 03:10:00+00:00,12.770000457763672,12.770000457763672,12.770000457763672,12.770000457763672,1059,0.0,0.0,0.0
2025-05-13 03:15:00+00:00,12.770000457763672,12.770000457763672,12.760000228881836,12.770000457763672,34056,0.0,0.0,0.0
2025-05-13 03:20:00+00:00,12.770000457763672,12.779999732971191,12.770000457763672,12.779999732971191,15410,0.0,0.0,0.0
2025-05-13 03:25:00+00:00,12.779999732971191,12.789999961853027,12.779999732971191,12.789999961853027,26081,0.0,0.0,0.0
2025-05-13 03:30:00+00:00,12.789999961853027,12.789999961853027,12.789999961853027,12.789999961853027,7039,0.0,0.0,0.0
2025-05-13 03:35:00+00:00,12.779999732971191,12.789999961853027,12.779999732971191,12.789999961853027,25222,0.0,0.0,0.0
2025-05-13 03:40:00+00:00,12.789999961853027,12.789999961853027,12.779999732971191,12.779999732971191,27205,0.0,0.0,0.0
2025-05-13 03:45:00+00:00,12.779999732971191,12.789999961853027,12.779999732971191,12.789999961853027,7794,0.0,0.0,0.0
2025-05-13 03:50:00+00:00,12.779999732971191,12.779999732971191,12.770000457763672,12.770000457763672,23300,0.0,0.0,0.0
2025-05-13 03:55:00+00:00,12.770000457763672,12.779999732971191,12.770000457763672,12.770000457763672,17048,0.0,0.0,0.0
2025-05-13 04:00:00+00:00,12.779999732971191,12.779999732971191,12.779999732971191,12.779999732971191,1215,0.0,0.0,0.0
2025-05-13 04:05:00+00:00,12.779999732971191,12.789999961853027,12.770000457763672,12.779999732971191,7807,0.0,0.0,0.0
2025-05-13 04:10:00+00:00,12.770000457763672,12.779999732971191,12.770000457763672,12.779999732971191,8518,0.0,0.0,0.0
2025-05-13 04:15:00+00:00,12.779999732971191,12.779999732971191,12.770000457763672,12.779999732971191,7327,0.0,0.0,0.0
2025-05-13 04:20:00+00:00,12.779999732971191,12.779999732971191,12.779999732971191,12.779999732971191,75192,0.0,0.0,0.0
2025-05-13 04:25:00+00:00,12.779999732971191,12.779999732971191,12.770000457763672,12.779999732971191,73352,0.0,0.0,0.0
2025-05-13 04:30:00+00:00,12.789999961853027,12.789999961853027,12.770000457763672,12.770000457763672,3626,0.0,0.0,0.0
2025-05-13 04:35:00+00:00,12.779999732971191,12.779999732971191,12.779999732971191,12.779999732971191,24030,0.0,0.0,0.0
2025-05-13 04:40:00+00:00,12.779999732971191,12.779999732971191,12.770000457763672,12.779999732971191,26506,0.0,0.0,0.0
2025-05-13 04:45:00+00:00,12.770000457763672,12.770000457763672,12.770000457763672,12.770000457763672,3325,0.0,0.0,0.0
2025-05-13 04:50:00+00:00,12.770000457763672,12.779999732971191,12.770000457763672,12.779999732971191,27210,0.0,0.0,0.0
2025-05-13 04:55:00+00:00,12.770000457763672,12.770000457763672,12.760000228881836,12.760000228881836,50285,0.0,0.0,0.0
2025-05-13 05:00:00+00:00,12.770000457763672,12.779999732971191,12.770000457763672,12.779999732971191,48010,0.0,0.0,0.0
2025-05-13 05:05:00+00:00,12.779999732971191,12.779999732971191,12.779999732971191,12.779999732971191,16661,0.0,0.0,0.0
2025-05-13 05:10:00+00:00,12.779999732971191,12.789999961853027,12.779999732971191,12.789999961853027,12400,0.0,0.0,0.0
2025-05-13 05:15:00+00:00,12.789999961853027,12.789999961853027,12.779999732971191,12.779999732971191,23336,0.0,0.0,0.0
2025-05-13 05:20:00+00:00,12.789999961853027,12.789999961853027,12.779999732971191,12.789999961853027,12694,0.0,0.0,0.0
2025-05-14 01:00:00+00:00,12.949999809265137,12.979999542236328,12.949999809265137,12.949999809265137,207000,0.0,0.0,0.0
2025-05-14 01:05:00+00:00,12.949999809265137,12.949999809265137,12.9399995803833,12.949999809265137,145425,0.0,0.0,0.0
2025-05-14 01:10:00+00:00,12.949999809265137,12.960000038146973,12.949999809265137,12.949999809265137,57399,0.0,0.0,0.0
2025-05-14 01:15:00+00:00,12.949999809265137,12.960000038146973,12.9399995803833,12.949999809265137,197534,0.0,0.0,0.0
2025-05-14 01:20:00+00:00,12.949999809265137,12.960000038146973,12.949999809265137,12.960000038146973,90048,0.0,0.0,0.0
2025-05-14 01:25:00+00:00,12.960000038146973,12.960000038146973,12.9399995803833,12.960000038146973,95295,0.0,0.0,0.0
2025-05-14 01:30:00+00:00,12.960000038146973,12.960000038146973,12.949999809265137,12.949999809265137,16243,0.0,0.0,0.0
2025-05-14 01:35:00+00:00,12.949999809265137,12.970000267028809,12.949999809265137,12.970000267028809,250740,0.0,0.0,0.0
2025-05-14 01:40:00+00:00,12.970000267028809,13.0,12.970000267028809,12.979999542236328,389720,0.0,0.0,0.0
2025-05-14 01:45:00+00:00,12.979999542236328,12.989999771118164,12.979999542236328,12.979999542236328,12569,0.0,0.0,0.0
2025-05-14 01:50:00+00:00,12.979999542236328,12.989999771118164,12.979999542236328,12.989999771118164,199130,0.0,0.0,0.0
2025-05-14 01:55:00+00:00,12.989999771118164,13.0,12.970000267028809,13.0,246267,0.0,0.0,0.0
2025-05-14 02:00:00+00:00,12.979999542236328,13.0,12.970000267028809,12.979999542236328,60581,0.0,0.0,0.0
2025-05-14 02:05:00+00:00,12.979999542236328,12.979999542236328,12.970000267028809,12.970000267028809,33273,0.0,0.0,0.0
2025-05-14 02:10:00+00:00,12.970000267028809,12.989999771118164,12.970000267028809,12.989999771118164,68158,0.0,0.0,0.0
2025-05-14 02:15:00+00:00,12.989999771118164,13.0,12.989999771118164,12.989999771118164,74714,0.0,0.0,0.0
2025-05-14 02:20:00+00:00,12.989999771118164,12.989999771118164,12.989999771118164,12.989999771118164,19264,0.0,0.0,0.0
2025-05-14 02:25:00+00:00,12.989999771118164,12.989999771118164,12.979999542236328,12.979999542236328,39343,0.0,0.0,0.0
2025-05-14 02:30:00+00:00,12.970000267028809,12.979999542236328,12.970000267028809,12.970000267028809,35261,0.0,0.0,0.0
2025-05-14 02:35:00+00:00,12.960000038146973,12.960000038146973,12.949999809265137,12.960000038146973,81182,0.0,0.0,0.0
2025-05-14 02:40:00+00:00,12.949999809265137,12.960000038146973,12.949999809265137,12.960000038146973,8557,0.0,0.0,0.0
2025-05-14 02:45:00+00:00,12.960000038146973,12.960000038146973,12.949999809265137,12.949999809265137,40852,0.0,0.0,0.0
2025-05-14 02:50:00+00:00,12.949999809265137,12.949999809265137,12.9399995803833,12.9399995803833,15479,0.0,0.0,0.0
2025-05-14 02:55:00+00:00,12.9399995803833,12.949999809265137,12.9399995803833,12.949999809265137,41558,0.0,0.0,0.0
2025-05-14 03:00:00+00:00,12.960000038146973,12.960000038146973,12.960000038146973,12.960000038146973,21348,0.0,0.0,0.0
2025-05-14 03:05:00+00:00,12.970000267028809,12.970000267028809,12.970000267028809,12.970000267028809,25598,0.0,0.0,0.0
2025-05-14 03:10:00+00:00,12.970000267028809,12.970000267028809,12.970000267028809,12.970000267028809,19010,0.0,0.0,0.0
2025-05-14 03:15:00+00:00,12.979999542236328,12.979999542236328,12.979999542236328,12.979999542236328,16353,0.0,0.0,0.0
2025-05-14 03:20:00+00:00,12.989999771118164,12.989999771118164,12.989999771118164,12.989999771118164,4038,0.0,0.0,0.0
2025-05-14 03:25:00+00:00,12.989999771118164,13.010000228881836,12.989999771118164,13.010000228881836,673162,0.0,0.0,0.0
2025-05-14 03:30:00+00:00,13.010000228881836,13.020000457763672,13.010000228881836,13.010000228881836,28357,0.0,0.0,0.0
2025-05-14 03:35:00+00:00,13.0,13.0,13.0,13.0,9124,0.0,0.0,0.0
2025-05-14 03:40:00+00:00,13.0,13.010000228881836,13.0,13.010000228881836,8380,0.0,0.0,0.0
2025-05-14 03:45:00+00:00,13.010000228881836,13.010000228881836,13.0,13.0,42613,0.0,0.0,0.0
2025-05-14 03:50:00+00:00,13.0,13.0,13.0,13.0,1446,0.0,0.0,0.0
2025-05-14 03:55:00+00:00,13.010000228881836,13.010000228881836,13.010000228881836,13.010000228881836,1552,0.0,0.0,0.0
2025-05-14 04:00:00+00:00,13.010000228881836,13.010000228881836,13.010000228881836,13.010000228881836,89024,0.0,0.0,0.0
2025-05-14 04:05:00+00:00,13.0,13.020000457763672,13.0,13.020000457763672,118713,0.0,0.0,0.0
2025-05-14 04:10:00+00:00,13.020000457763672,13.020000457763672,13.010000228881836,13.010000228881836,20227,0.0,0.0,0.0
2025-05-14 04:15:00+00:00,13.010000228881836,13.039999961853027,13.010000228881836,13.020000457763672,180019,0.0,0.0,0.0
2025-05-14 04:20:00+00:00,13.029999732971191,13.039999961853027,13.020000457763672,13.029999732971191,167135,0.0,0.0,0.0
2025-05-14 04:25:00+00:00,13.029999732971191,13.039999961853027,13.020000457763672,13.039999961853027,149117,0.0,0.0,0.0
2025-05-14 04:30:00+00:00,13.039999961853027,13.039999961853027,13.029999732971191,13.039999961853027,158186,0.0,0.0,0.0
2025-05-14 04:35:00+00:00,13.039999961853027,13.050000190734863,13.039999961853027,13.050000190734863,126075,0.0,0.0,0.0
2025-05-14 04:40:00+00:00,13.0600004196167,13.0600004196167,13.050000190734863,13.0600004196167,34238,0.0,0.0,0.0
2025-05-14 04:45:00+00:00,13.0600004196167,13.0600004196167,13.050000190734863,13.050000190734863,30782,0.0,0.0,0.0
2025-05-14 04:50:00+00:00,13.050000190734863,13.0600004196167,13.050000190734863,13.050000190734863,19200,0.0,0.0,0.0
2025-05-14 04:55:00+00:00,13.050000190734863,13.0600004196167,13.050000190734863,13.050000190734863,104564,0.0,0.0,0.0
2025-05-14 05:00:00+00:00,13.050000190734863,13.050000190734863,13.050000190734863,13.050000190734863,38500,0.0,0.0,0.0
2025-05-14 05:05:00+00:00,13.050000190734863,13.050000190734863,13.039999961853027,13.050000190734863,31800,0.0,0.0,0.0
2025-05-14 05:10:00+00:00,13.0600004196167,13.0600004196167,13.050000190734863,13.0600004196167,27193,0.0,0.0,0.0
2025-05-14 05:15:00+00:00,13.0600004196167,13.0600004196167,13.0600004196167,13.0600004196167,42310,0.0,0.0,0.0
2025-05-14 05:20:00+00:00,13.0600004196167,13.0600004196167,13.050000190734863,13.0600004196167,20796,0.0,0.0,0.0
2025-05-15 01:00:00+00:00,13.039999961853027,13.100000381469727,13.039999961853027,13.100000381469727,0,0.0,0.0,0.0
2025-05-15 01:05:00+00:00,13.100000381469727,13.100000381469727,13.069999694824219,13.069999694824219,51744,0.0,0.0,0.0
2025-05-15 01:10:00+00:00,13.069999694824219,13.100000381469727,13.069999694824219,13.100000381469727,85308,0.0,0.0,0.0
2025-05-15 01:15:00+00:00,13.100000381469727,13.100000381469727,13.079999923706055,13.079999923706055,31316,0.0,0.0,0.0
2025-05-15 01:20:00+00:00,13.079999923706055,13.079999923706055,13.050000190734863,13.050000190734863,55588,0.0,0.0,0.0
2025-05-15 01:25:00+00:00,13.039999961853027,13.039999961853027,13.020000457763672,13.029999732971191,30889,0.0,0.0,0.0
2025-05-15 01:30:00+00:00,13.029999732971191,13.029999732971191,13.010000228881836,13.020000457763672,107541,0.0,0.0,0.0
2025-05-15 01:35:00+00:00,13.020000457763672,13.039999961853027,13.020000457763672,13.039999961853027,59233,0.0,0.0,0.0
2025-05-15 01:40:00+00:00,13.039999961853027,13.0600004196167,13.039999961853027,13.0600004196167,210582,0.0,0.0,0.0
2025-05-15 01:45:00+00:00,13.0600004196167,13.069999694824219,13.0600004196167,13.0600004196167,86425,0.0,0.0,0.0
2025-05-15 01:50:00+00:00,13.0600004196167,13.069999694824219,13.0600004196167,13.0600004196167,18318,0.0,0.0,0.0
2025-05-15 01:55:00+00:00,13.0600004196167,13.0600004196167,13.050000190734863,13.0600004196167,216151,0.0,0.0,0.0
2025-05-15 02:00:00+00:00,13.0600004196167,13.0600004196167,13.029999732971191,13.039999961853027,25471,0.0,0.0,0.0
2025-05-15 02:05:00+00:00,13.039999961853027,13.050000190734863,13.039999961853027,13.050000190734863,15302,0.0,0.0,0.0
2025-05-15 02:10:00+00:00,13.050000190734863,13.050000190734863,13.039999961853027,13.039999961853027,73132,0.0,0.0,0.0
2025-05-15 02:15:00+00:00,13.050000190734863,13.050000190734863,13.039999961853027,13.039999961853027,12555,0.0,0.0,0.0
2025-05-15 02:20:00+00:00,13.039999961853027,13.050000190734863,13.029999732971191,13.050000190734863,36082,0.0,0.0,0.0
2025-05-15 02:25:00+00:00,13.029999732971191,13.050000190734863,13.029999732971191,13.039999961853027,66468,0.0,0.0,0.0
2025-05-15 02:30:00+00:00,13.050000190734863,13.0600004196167,13.050000190734863,13.050000190734863,99190,0.0,0.0,0.0
2025-05-15 02:35:00+00:00,13.050000190734863,13.0600004196167,13.039999961853027,13.039999961853027,142497,0.0,0.0,0.0
2025-05-15 02:40:00+00:00,13.039999961853027,13.0600004196167,13.039999961853027,13.0600004196167,12129,0.0,0.0,0.0
2025-05-15 02:45:00+00:00,13.0600004196167,13.0600004196167,13.0600004196167,13.0600004196167,4795,0.0,0.0,0.0
2025-05-15 02:50:00+00:00,13.0600004196167,13.0600004196167,13.050000190734863,13.0600004196167,91190,0.0,0.0,0.0
2025-05-15 02:55:00+00:00,13.0600004196167,13.09000015258789,13.0600004196167,13.09000015258789,97593,0.0,0.0,0.0
2025-05-15 03:00:00+00:00,13.079999923706055,13.09000015258789,13.079999923706055,13.09000015258789,23814,0.0,0.0,0.0
2025-05-15 03:05:00+00:00,13.09000015258789,13.09000015258789,13.09000015258789,13.09000015258789,6533,0.0,0.0,0.0
2025-05-15 03:10:00+00:00,13.09000015258789,13.09000015258789,13.079999923706055,13.079999923706055,27141,0.0,0.0,0.0
2025-05-15 03:15:00+00:00,13.09000015258789,13.09000015258789,13.079999923706055,13.079999923706055,30708,0.0,0.0,0.0
2025-05-15 03:20:00+00:00,13.079999923706055,13.09000015258789,13.079999923706055,13.09000015258789,4748,0.0,0.0,0.0
2025-05-15 03:25:00+00:00,13.09000015258789,13.09000015258789,13.069999694824219,13.069999694824219,13239,0.0,0.0,0.0
2025-05-15 03:30:00+00:00,13.09000015258789,13.09000015258789,13.079999923706055,13.079999923706055,3071,0.0,0.0,0.0
2025-05-15 03:35:00+00:00,13.079999923706055,13.079999923706055,13.079999923706055,13.079999923706055,6023,0.0,0.0,0.0
2025-05-15 03:40:00+00:00,13.079999923706055,13.079999923706055,13.079999923706055,13.079999923706055,2682,0.0,0.0,0.0
2025-05-15 03:45:00+00:00,13.079999923706055,13.079999923706055,13.0600004196167,13.0600004196167,13048,0.0,0.0,0.0
2025-05-15 03:50:00+00:00,13.069999694824219,13.09000015258789,13.069999694824219,13.079999923706055,21140,0.0,0.0,0.0
2025-05-15 03:55:00+00:00,13.079999923706055,13.079999923706055,13.069999694824219,13.069999694824219,3246,0.0,0.0,0.0
2025-05-15 04:00:00+00:00,13.069999694824219,13.069999694824219,13.0600004196167,13.069999694824219,13550,0.0,0.0,0.0
2025-05-15 04:05:00+00:00,13.069999694824219,13.069999694824219,13.069999694824219,13.069999694824219,53144,0.0,0.0,0.0
2025-05-15 04:10:00+00:00,13.079999923706055,13.079999923706055,13.069999694824219,13.069999694824219,30384,0.0,0.0,0.0
2025-05-15 04:15:00+00:00,13.069999694824219,13.069999694824219,13.069999694824219,13.069999694824219,11427,0.0,0.0,0.0
2025-05-15 04:20:00+00:00,13.069999694824219,13.069999694824219,13.069999694824219,13.069999694824219,3165,0.0,0.0,0.0
2025-05-15 04:25:00+00:00,13.0600004196167,13.069999694824219,13.0600004196167,13.069999694824219,9030,0.0,0.0,0.0
2025-05-15 04:30:00+00:00,13.069999694824219,13.069999694824219,13.0600004196167,13.069999694824219,102349,0.0,0.0,0.0
2025-05-15 04:35:00+00:00,13.069999694824219,13.069999694824219,13.069999694824219,13.069999694824219,6000,0.0,0.0,0.0
2025-05-15 04:40:00+00:00,13.069999694824219,13.069999694824219,13.0600004196167,13.069999694824219,49060,0.0,0.0,0.0
2025-05-15 04:45:00+00:00,13.069999694824219,13.069999694824219,13.0600004196167,13.069999694824219,11114,0.0,0.0,0.0
2025-05-15 04:50:00+00:00,13.069999694824219,13.069999694824219,13.0600004196167,13.069999694824219,28210,0.0,0.0,0.0
2025-05-15 04:55:00+00:00,13.069999694824219,13.069999694824219,13.0600004196167,13.0600004196167,16280,0.0,0.0,0.0
2025-05-15 05:00:00+00:00,13.0600004196167,13.0600004196167,13.0600004196167,13.0600004196167,33237,0.0,0.0,0.0
2025-05-15 05:05:00+00:00,13.0600004196167,13.069999694824219,13.0600004196167,13.0600004196167,6061,0.0,0.0,0.0
2025-05-15 05:10:00+00:00,13.0600004196167,13.0600004196167,13.050000190734863,13.050000190734863,37100,0.0,0.0,0.0
2025-05-15 05:15:00+00:00,13.069999694824219,13.069999694824219,13.0600004196167,13.0600004196167,16111,0.0,0.0,0.0
2025-05-15 05:20:00+00:00,13.0600004196167,13.069999694824219,13.050000190734863,13.0600004196167,242226,0.0,0.0,0.0
2025-05-16 01:00:00+00:00,13.0,13.050000190734863,13.0,13.050000190734863,0,0.0,0.0,0.0
2025-05-16 01:05:00+00:00,13.039999961853027,13.069999694824219,13.039999961853027,13.069999694824219,121449,0.0,0.0,0.0
2025-05-16 01:10:00+00:00,13.069999694824219,13.079999923706055,13.0600004196167,13.069999694824219,118714,0.0,0.0,0.0
2025-05-16 01:15:00+00:00,13.069999694824219,13.069999694824219,13.0600004196167,13.0600004196167,18458,0.0,0.0,0.0
2025-05-16 01:20:00+00:00,13.069999694824219,13.069999694824219,13.0600004196167,13.0600004196167,101707,0.0,0.0,0.0
2025-05-16 01:25:00+00:00,13.0600004196167,13.079999923706055,13.0600004196167,13.069999694824219,74086,0.0,0.0,0.0
2025-05-16 01:30:00+00:00,13.09000015258789,13.09000015258789,13.079999923706055,13.079999923706055,56314,0.0,0.0,0.0
2025-05-16 01:35:00+00:00,13.079999923706055,13.109999656677246,13.079999923706055,13.100000381469727,407379,0.0,0.0,0.0
2025-05-16 01:40:00+00:00,13.109999656677246,13.119999885559082,13.109999656677246,13.119999885559082,202045,0.0,0.0,0.0
2025-05-16 01:45:00+00:00,13.119999885559082,13.140000343322754,13.109999656677246,13.130000114440918,167845,0.0,0.0,0.0
2025-05-16 01:50:00+00:00,13.130000114440918,13.130000114440918,13.119999885559082,13.130000114440918,33563,0.0,0.0,0.0
2025-05-16 01:55:00+00:00,13.130000114440918,13.140000343322754,13.130000114440918,13.140000343322754,68516,0.0,0.0,0.0
2025-05-16 02:00:00+00:00,13.140000343322754,13.149999618530273,13.130000114440918,13.149999618530273,152224,0.0,0.0,0.0
2025-05-16 02:05:00+00:00,13.140000343322754,13.149999618530273,13.130000114440918,13.140000343322754,18400,0.0,0.0,0.0
2025-05-16 02:10:00+00:00,13.140000343322754,13.149999618530273,13.130000114440918,13.130000114440918,176175,0.0,0.0,0.0
2025-05-16 02:15:00+00:00,13.130000114440918,13.130000114440918,13.130000114440918,13.130000114440918,18407,0.0,0.0,0.0
2025-05-16 02:20:00+00:00,13.130000114440918,13.149999618530273,13.130000114440918,13.149999618530273,338790,0.0,0.0,0.0
2025-05-16 02:25:00+00:00,13.149999618530273,13.15999984741211,13.149999618530273,13.149999618530273,56947,0.0,0.0,0.0
2025-05-16 02:30:00+00:00,13.149999618530273,13.149999618530273,13.140000343322754,13.149999618530273,57166,0.0,0.0,0.0
2025-05-16 02:35:00+00:00,13.149999618530273,13.170000076293945,13.149999618530273,13.15999984741211,169234,0.0,0.0,0.0
2025-05-16 02:40:00+00:00,13.170000076293945,13.170000076293945,13.15999984741211,13.15999984741211,29522,0.0,0.0,0.0
2025-05-16 02:45:00+00:00,13.170000076293945,13.170000076293945,13.15999984741211,13.15999984741211,31796,0.0,0.0,0.0
2025-05-16 02:50:00+00:00,13.15999984741211,13.15999984741211,13.140000343322754,13.140000343322754,26365,0.0,0.0,0.0
2025-05-16 02:55:00+00:00,13.149999618530273,13.15999984741211,13.149999618530273,13.149999618530273,69507,0.0,0.0,0.0
2025-05-16 03:00:00+00:00,13.149999618530273,13.15999984741211,13.149999618530273,13.15999984741211,19203,0.0,0.0,0.0
2025-05-16 03:05:00+00:00,13.15999984741211,13.15999984741211,13.15999984741211,13.15999984741211,5667,0.0,0.0,0.0
2025-05-16 03:10:00+00:00,13.15999984741211,13.15999984741211,13.149999618530273,13.15999984741211,133266,0.0,0.0,0.0
2025-05-16 03:15:00+00:00,13.15999984741211,13.170000076293945,13.15999984741211,13.15999984741211,20438,0.0,0.0,0.0
2025-05-16 03:20:00+00:00,13.15999984741211,13.170000076293945,13.149999618530273,13.149999618530273,21111,0.0,0.0,0.0
2025-05-16 03:25:00+00:00,13.15999984741211,13.15999984741211,13.149999618530273,13.149999618530273,23016,0.0,0.0,0.0
2025-05-16 03:30:00+00:00,13.15999984741211,13.15999984741211,13.140000343322754,13.15999984741211,14920,0.0,0.0,0.0
2025-05-16 03:35:00+00:00,13.140000343322754,13.149999618530273,13.130000114440918,13.130000114440918,44671,0.0,0.0,0.0
2025-05-16 03:40:00+00:00,13.130000114440918,13.130000114440918,13.119999885559082,13.130000114440918,21902,0.0,0.0,0.0
2025-05-16 03:45:00+00:00,13.130000114440918,13.130000114440918,13.119999885559082,13.119999885559082,7518,0.0,0.0,0.0
2025-05-16 03:50:00+00:00,13.119999885559082,13.130000114440918,13.109999656677246,13.109999656677246,15019,0.0,0.0,0.0
2025-05-16 03:55:00+00:00,13.119999885559082,13.119999885559082,13.119999885559082,13.119999885559082,17106,0.0,0.0,0.0
2025-05-16 04:00:00+00:00,13.130000114440918,13.140000343322754,13.130000114440918,13.140000343322754,12262,0.0,0.0,0.0
2025-05-16 04:05:00+00:00,13.140000343322754,13.140000343322754,13.130000114440918,13.140000343322754,16108,0.0,0.0,0.0
2025-05-16 04:10:00+00:00,13.140000343322754,13.140000343322754,13.130000114440918,13.130000114440918,20228,0.0,0.0,0.0
2025-05-16 04:15:00+00:00,13.140000343322754,13.140000343322754,13.119999885559082,13.130000114440918,7108,0.0,0.0,0.0
2025-05-16 04:20:00+00:00,13.140000343322754,13.140000343322754,13.119999885559082,13.130000114440918,10458,0.0,0.0,0.0
2025-05-16 04:25:00+00:00,13.130000114440918,13.130000114440918,13.130000114440918,13.130000114440918,35256,0.0,0.0,0.0
2025-05-16 04:30:00+00:00,13.140000343322754,13.149999618530273,13.130000114440918,13.149999618530273,71233,0.0,0.0,0.0
2025-05-16 04:35:00+00:00,13.140000343322754,13.149999618530273,13.140000343322754,13.149999618530273,163591,0.0,0.0,0.0
2025-05-16 04:40:00+00:00,13.149999618530273,13.149999618530273,13.149999618530273,13.149999618530273,15549,0.0,0.0,0.0
2025-05-16 04:45:00+00:00,13.140000343322754,13.140000343322754,13.140000343322754,13.140000343322754,5312,0.0,0.0,0.0
2025-05-16 04:50:00+00:00,13.140000343322754,13.149999618530273,13.140000343322754,13.140000343322754,10168,0.0,0.0,0.0
2025-05-16 04:55:00+00:00,13.140000343322754,13.140000343322754,13.140000343322754,13.140000343322754,20527,0.0,0.0,0.0
2025-05-16 05:00:00+00:00,13.140000343322754,13.140000343322754,13.140000343322754,13.140000343322754,29055,0.0,0.0,0.0
2025-05-16 05:05:00+00:00,13.140000343322754,13.149999618530273,13.140000343322754,13.149999618530273,6371,0.0,0.0,0.0
2025-05-16 05:10:00+00:00,13.149999618530273,13.149999618530273,13.140000343322754,13.140000343322754,53066,0.0,0.0,0.0
2025-05-16 05:15:00+00:00,13.149999618530273,13.149999618530273,13.140000343322754,13.140000343322754,12399,0.0,0.0,0.0
2025-05-16 05:20:00+00:00,13.140000343322754,13.149999618530273,13.140000343322754,13.140000343322754,49053,0.0,0.0,0.0
2025-05-19 01:00:00+00:00,13.119999885559082,13.119999885559082,13.079999923706055,13.100000381469727,0,0.0,0.0,0.0
2025-05-19 01:05:00+00:00,13.09000015258789,13.119999885559082,13.09000015258789,13.109999656677246,40064,0.0,0.0,0.0
2025-05-19 01:10:00+00:00,13.100000381469727,13.100000381469727,13.069999694824219,13.069999694824219,134628,0.0,0.0,0.0
2025-05-19 01:15:00+00:00,13.0600004196167,13.069999694824219,13.0600004196167,13.0600004196167,101114,0.0,0.0,0.0
2025-05-19 01:20:00+00:00,13.0600004196167,13.0600004196167,13.050000190734863,13.0600004196167,33155,0.0,0.0,0.0
2025-05-19 01:25:00+00:00,13.0600004196167,13.0600004196167,13.0600004196167,13.0600004196167,18919,0.0,0.0,0.0
2025-05-19 01:30:00+00:00,13.0600004196167,13.0600004196167,13.050000190734863,13.050000190734863,118327,0.0,0.0,0.0
2025-05-19 01:35:00+00:00,13.039999961853027,13.050000190734863,13.029999732971191,13.039999961853027,95750,0.0,0.0,0.0
2025-05-19 01:40:00+00:00,13.039999961853027,13.039999961853027,13.039999961853027,13.039999961853027,16291,0.0,0.0,0.0
2025-05-19 01:45:00+00:00,13.029999732971191,13.039999961853027,13.029999732971191,13.039999961853027,11278,0.0,0.0,0.0
2025-05-19 01:50:00+00:00,13.039999961853027,13.039999961853027,13.029999732971191,13.029999732971191,43253,0.0,0.0,0.0
2025-05-19 01:55:00+00:00,13.029999732971191,13.029999732971191,13.020000457763672,13.020000457763672,12573,0.0,0.0,0.0
2025-05-19 02:00:00+00:00,13.029999732971191,13.029999732971191,13.020000457763672,13.020000457763672,11336,0.0,0.0,0.0
2025-05-19 02:05:00+00:00,13.029999732971191,13.029999732971191,13.029999732971191,13.029999732971191,5174,0.0,0.0,0.0
2025-05-19 02:10:00+00:00,13.029999732971191,13.029999732971191,13.029999732971191,13.029999732971191,7356,0.0,0.0,0.0
2025-05-19 02:15:00+00:00,13.039999961853027,13.050000190734863,13.029999732971191,13.050000190734863,39827,0.0,0.0,0.0
2025-05-19 02:20:00+00:00,13.050000190734863,13.050000190734863,13.029999732971191,13.050000190734863,40060,0.0,0.0,0.0
2025-05-19 02:25:00+00:00,13.050000190734863,13.050000190734863,13.039999961853027,13.039999961853027,3776,0.0,0.0,0.0
2025-05-19 02:30:00+00:00,13.050000190734863,13.050000190734863,13.039999961853027,13.039999961853027,53499,0.0,0.0,0.0
2025-05-19 02:35:00+00:00,13.050000190734863,13.050000190734863,13.029999732971191,13.029999732971191,18407,0.0,0.0,0.0
2025-05-19 02:40:00+00:00,13.039999961853027,13.050000190734863,13.039999961853027,13.050000190734863,118034,0.0,0.0,0.0
2025-05-19 02:45:00+00:00,13.0600004196167,13.069999694824219,13.0600004196167,13.069999694824219,19148,0.0,0.0,0.0
2025-05-19 02:50:00+00:00,13.0600004196167,13.069999694824219,13.0600004196167,13.0600004196167,3027,0.0,0.0,0.0
2025-05-19 02:55:00+00:00,13.069999694824219,13.069999694824219,13.069999694824219,13.069999694824219,2049,0.0,0.0,0.0
2025-05-19 03:00:00+00:00,13.069999694824219,13.069999694824219,13.0600004196167,13.0600004196167,5543,0.0,0.0,0.0
2025-05-19 03:05:00+00:00,13.069999694824219,13.069999694824219,13.050000190734863,13.050000190734863,41074,0.0,0.0,0.0
2025-05-19 03:10:00+00:00,13.039999961853027,13.050000190734863,13.039999961853027,13.039999961853027,51071,0.0,0.0,0.0
2025-05-19 03:15:00+00:00,13.039999961853027,13.050000190734863,13.039999961853027,13.039999961853027,33421,0.0,0.0,0.0
2025-05-19 03:20:00+00:00,13.039999961853027,13.050000190734863,13.039999961853027,13.050000190734863,7491,0.0,0.0,0.0
2025-05-19 03:25:00+00:00,13.039999961853027,13.039999961853027,13.029999732971191,13.039999961853027,5262,0.0,0.0,0.0
2025-05-19 03:30:00+00:00,13.039999961853027,13.039999961853027,13.010000228881836,13.010000228881836,443613,0.0,0.0,0.0
2025-05-19 03:35:00+00:00,13.010000228881836,13.010000228881836,13.0,13.010000228881836,53014,0.0,0.0,0.0
2025-05-19 03:40:00+00:00,13.010000228881836,13.010000228881836,12.989999771118164,12.989999771118164,155896,0.0,0.0,0.0
2025-05-19 03:45:00+00:00,12.989999771118164,13.0,12.979999542236328,13.0,79246,0.0,0.0,0.0
2025-05-19 03:50:00+00:00,13.0,13.0,12.989999771118164,12.989999771118164,9781,0.0,0.0,0.0
2025-05-19 03:55:00+00:00,12.989999771118164,12.989999771118164,12.989999771118164,12.989999771118164,1170,0.0,0.0,0.0
2025-05-19 04:00:00+00:00,12.989999771118164,13.0,12.989999771118164,12.989999771118164,17892,0.0,0.0,0.0
2025-05-19 04:05:00+00:00,13.0,13.0,12.979999542236328,12.989999771118164,21665,0.0,0.0,0.0
2025-05-19 04:10:00+00:00,13.0,13.0,13.0,13.0,2540,0.0,0.0,0.0
2025-05-19 04:15:00+00:00,12.989999771118164,12.989999771118164,12.979999542236328,12.989999771118164,25276,0.0,0.0,0.0
2025-05-19 04:20:00+00:00,12.989999771118164,13.0,12.989999771118164,13.0,7937,0.0,0.0,0.0
2025-05-19 04:25:00+00:00,12.989999771118164,12.989999771118164,12.979999542236328,12.979999542236328,19185,0.0,0.0,0.0
2025-05-19 04:30:00+00:00,13.0,13.0,12.979999542236328,12.989999771118164,6950,0.0,0.0,0.0
2025-05-19 04:35:00+00:00,12.989999771118164,12.989999771118164,12.989999771118164,12.989999771118164,4311,0.0,0.0,0.0
2025-05-19 04:40:00+00:00,12.989999771118164,12.989999771118164,12.970000267028809,12.970000267028809,46350,0.0,0.0,0.0
2025-05-19 04:45:00+00:00,12.970000267028809,12.970000267028809,12.960000038146973,12.960000038146973,67652,0.0,0.0,0.0
2025-05-19 04:50:00+00:00,12.960000038146973,12.970000267028809,12.960000038146973,12.970000267028809,15010,0.0,0.0,0.0
2025-05-19 04:55:00+00:00,12.960000038146973,12.960000038146973,12.949999809265137,12.949999809265137,30917,0.0,0.0,0.0
2025-05-19 05:00:00+00:00,12.949999809265137,12.960000038146973,12.949999809265137,12.960000038146973,10650,0.0,0.0,0.0
2025-05-19 05:05:00+00:00,12.960000038146973,12.960000038146973,12.949999809265137,12.949999809265137,27551,0.0,0.0,0.0
2025-05-19 05:10:00+00:00,12.949999809265137,12.949999809265137,12.9399995803833,12.949999809265137,60003,0.0,0.0,0.0
2025-05-19 05:15:00+00:00,12.949999809265137,12.949999809265137,12.949999809265137,12.949999809265137,24397,0.0,0.0,0.0
2025-05-19 05:20:00+00:00,12.949999809265137,12.949999809265137,12.9399995803833,12.949999809265137,61209,0.0,0.0,0.0
2025-05-20 01:00:00+00:00,13.050000190734863,13.09000015258789,13.050000190734863,13.079999923706055,0,0.0,0.0,0.0
2025-05-20 01:05:00+00:00,13.079999923706055,13.09000015258789,13.079999923706055,13.09000015258789,56295,0.0,0.0,0.0
2025-05-20 01:10:00+00:00,13.09000015258789,13.09000015258789,13.050000190734863,13.0600004196167,34006,0.0,0.0,0.0
2025-05-20 01:15:00+00:00,13.0600004196167,13.079999923706055,13.0600004196167,13.0600004196167,21117,0.0,0.0,0.0
2025-05-20 01:20:00+00:00,13.0600004196167,13.0600004196167,13.050000190734863,13.050000190734863,16873,0.0,0.0,0.0
2025-05-20 01:25:00+00:00,13.050000190734863,13.0600004196167,13.050000190734863,13.050000190734863,31809,0.0,0.0,0.0
2025-05-20 01:30:00+00:00,13.0600004196167,13.0600004196167,13.050000190734863,13.050000190734863,26836,0.0,0.0,0.0
2025-05-20 01:35:00+00:00,13.050000190734863,13.050000190734863,13.050000190734863,13.050000190734863,48084,0.0,0.0,0.0
2025-05-20 01:40:00+00:00,13.050000190734863,13.050000190734863,13.039999961853027,13.039999961853027,67117,0.0,0.0,0.0
2025-05-20 01:45:00+00:00,13.050000190734863,13.050000190734863,13.029999732971191,13.050000190734863,52307,0.0,0.0,0.0
2025-05-20 01:50:00+00:00,13.039999961853027,13.039999961853027,13.029999732971191,13.039999961853027,96368,0.0,0.0,0.0
2025-05-20 01:55:00+00:00,13.039999961853027,13.050000190734863,13.039999961853027,13.050000190734863,47127,0.0,0.0,0.0
2025-05-20 02:00:00+00:00,13.050000190734863,13.0600004196167,13.050000190734863,13.0600004196167,17105,0.0,0.0,0.0
2025-05-20 02:10:00+00:00,13.050000190734863,13.0600004196167,13.050000190734863,13.050000190734863,11030,0.0,0.0,0.0
2025-05-20 02:15:00+00:00,13.050000190734863,13.050000190734863,13.020000457763672,13.020000457763672,13076,0.0,0.0,0.0
2025-05-20 02:20:00+00:00,13.020000457763672,13.020000457763672,13.010000228881836,13.010000228881836,17524,0.0,0.0,0.0
2025-05-20 02:25:00+00:00,13.010000228881836,13.010000228881836,13.0,13.010000228881836,29353,0.0,0.0,0.0
2025-05-20 02:30:00+00:00,13.010000228881836,13.020000457763672,13.010000228881836,13.020000457763672,7061,0.0,0.0,0.0
2025-05-20 02:35:00+00:00,13.010000228881836,13.029999732971191,13.010000228881836,13.029999732971191,85030,0.0,0.0,0.0
2025-05-20 02:40:00+00:00,13.029999732971191,13.039999961853027,13.029999732971191,13.039999961853027,20258,0.0,0.0,0.0
2025-05-20 02:45:00+00:00,13.039999961853027,13.039999961853027,13.029999732971191,13.029999732971191,2068,0.0,0.0,0.0
2025-05-20 02:50:00+00:00,13.029999732971191,13.029999732971191,13.020000457763672,13.029999732971191,35059,0.0,0.0,0.0
2025-05-20 02:55:00+00:00,13.029999732971191,13.029999732971191,13.029999732971191,13.029999732971191,2022,0.0,0.0,0.0
2025-05-20 03:00:00+00:00,13.029999732971191,13.029999732971191,13.029999732971191,13.029999732971191,3455,0.0,0.0,0.0
2025-05-20 03:05:00+00:00,13.039999961853027,13.039999961853027,13.029999732971191,13.029999732971191,18064,0.0,0.0,0.0
2025-05-20 03:10:00+00:00,13.020000457763672,13.020000457763672,13.0,13.010000228881836,17376,0.0,0.0,0.0
2025-05-20 03:15:00+00:00,13.0,13.0,12.989999771118164,12.989999771118164,84181,0.0,0.0,0.0
2025-05-20 03:20:00+00:00,12.989999771118164,13.0,12.989999771118164,13.0,29182,0.0,0.0,0.0
2025-05-20 03:25:00+00:00,12.989999771118164,13.0,12.989999771118164,13.0,6061,0.0,0.0,0.0
2025-05-20 03:30:00+00:00,13.0,13.0,13.0,13.0,12034,0.0,0.0,0.0
2025-05-20 03:35:00+00:00,12.989999771118164,13.0,12.989999771118164,13.0,16024,0.0,0.0,0.0
2025-05-20 03:40:00+00:00,13.0,13.0,12.989999771118164,12.989999771118164,45038,0.0,0.0,0.0
2025-05-20 03:45:00+00:00,12.989999771118164,13.0,12.989999771118164,13.0,3215,0.0,0.0,0.0
2025-05-20 03:50:00+00:00,13.0,13.0,12.989999771118164,12.989999771118164,12069,0.0,0.0,0.0
2025-05-20 03:55:00+00:00,12.989999771118164,12.989999771118164,12.989999771118164,12.989999771118164,8034,0.0,0.0,0.0
2025-05-20 04:00:00+00:00,12.989999771118164,13.0,12.989999771118164,13.0,5183,0.0,0.0,0.0
2025-05-20 04:05:00+00:00,12.989999771118164,12.989999771118164,12.989999771118164,12.989999771118164,8310,0.0,0.0,0.0
2025-05-20 04:10:00+00:00,12.989999771118164,12.989999771118164,12.970000267028809,12.970000267028809,17907,0.0,0.0,0.0
2025-05-20 04:15:00+00:00,12.970000267028809,12.979999542236328,12.970000267028809,12.970000267028809,4069,0.0,0.0,0.0
2025-05-20 04:20:00+00:00,12.970000267028809,12.970000267028809,12.970000267028809,12.970000267028809,13216,0.0,0.0,0.0
2025-05-20 04:25:00+00:00,12.970000267028809,12.970000267028809,12.970000267028809,12.970000267028809,11035,0.0,0.0,0.0
2025-05-20 04:30:00+00:00,12.970000267028809,12.970000267028809,12.960000038146973,12.960000038146973,13147,0.0,0.0,0.0
2025-05-20 04:35:00+00:00,12.960000038146973,12.960000038146973,12.960000038146973,12.960000038146973,9416,0.0,0.0,0.0
2025-05-20 04:40:00+00:00,12.960000038146973,12.960000038146973,12.960000038146973,12.960000038146973,43713,0.0,0.0,0.0
2025-05-20 04:45:00+00:00,12.960000038146973,12.960000038146973,12.960000038146973,12.960000038146973,3273,0.0,0.0,0.0
2025-05-20 04:50:00+00:00,12.960000038146973,12.960000038146973,12.949999809265137,12.949999809265137,31084,0.0,0.0,0.0
2025-05-20 04:55:00+00:00,12.960000038146973,12.970000267028809,12.960000038146973,12.960000038146973,12307,0.0,0.0,0.0
2025-05-20 05:00:00+00:00,12.960000038146973,12.960000038146973,12.960000038146973,12.960000038146973,21393,0.0,0.0,0.0
2025-05-20 05:05:00+00:00,12.970000267028809,12.970000267028809,12.970000267028809,12.970000267028809,31271,0.0,0.0,0.0
2025-05-20 05:10:00+00:00,12.970000267028809,12.979999542236328,12.970000267028809,12.979999542236328,11700,0.0,0.0,0.0
2025-05-20 05:15:00+00:00,12.979999542236328,12.989999771118164,12.970000267028809,12.989999771118164,124977,0.0,0.0,0.0
2025-05-20 05:20:00+00:00,12.979999542236328,12.979999542236328,12.960000038146973,12.960000038146973,13678,0.0,0.0,0.0
2025-05-21 01:00:00+00:00,12.989999771118164,13.029999732971191,12.989999771118164,13.029999732971191,0,0.0,0.0,0.0
2025-05-21 01:05:00+00:00,13.050000190734863,13.069999694824219,13.039999961853027,13.050000190734863,82690,0.0,0.0,0.0
2025-05-21 01:10:00+00:00,13.039999961853027,13.069999694824219,13.039999961853027,13.069999694824219,43069,0.0,0.0,0.0
2025-05-21 01:15:00+00:00,13.069999694824219,13.069999694824219,13.069999694824219,13.069999694824219,22334,0.0,0.0,0.0
2025-05-21 01:20:00+00:00,13.069999694824219,13.069999694824219,13.0600004196167,13.0600004196167,56102,0.0,0.0,0.0
2025-05-21 01:25:00+00:00,13.050000190734863,13.050000190734863,13.050000190734863,13.050000190734863,11412,0.0,0.0,0.0
2025-05-21 01:30:00+00:00,13.0600004196167,13.0600004196167,13.050000190734863,13.050000190734863,13497,0.0,0.0,0.0
2025-05-21 01:35:00+00:00,13.039999961853027,13.039999961853027,13.039999961853027,13.039999961853027,15350,0.0,0.0,0.0
2025-05-21 01:40:00+00:00,13.039999961853027,13.050000190734863,13.029999732971191,13.050000190734863,115387,0.0,0.0,0.0
2025-05-21 01:45:00+00:00,13.050000190734863,13.050000190734863,13.039999961853027,13.039999961853027,150172,0.0,0.0,0.0
2025-05-21 01:50:00+00:00,13.050000190734863,13.0600004196167,13.050000190734863,13.050000190734863,9072,0.0,0.0,0.0
2025-05-21 01:55:00+00:00,13.050000190734863,13.050000190734863,13.050000190734863,13.050000190734863,28623,0.0,0.0,0.0
2025-05-21 02:00:00+00:00,13.029999732971191,13.050000190734863,13.029999732971191,13.029999732971191,8832,0.0,0.0,0.0
2025-05-21 02:05:00+00:00,13.029999732971191,13.029999732971191,13.029999732971191,13.029999732971191,109054,0.0,0.0,0.0
2025-05-21 02:10:00+00:00,13.029999732971191,13.050000190734863,13.029999732971191,13.050000190734863,48039,0.0,0.0,0.0
2025-05-21 02:15:00+00:00,13.0600004196167,13.0600004196167,13.0600004196167,13.0600004196167,10871,0.0,0.0,0.0
2025-05-21 02:20:00+00:00,13.050000190734863,13.050000190734863,13.050000190734863,13.050000190734863,21175,0.0,0.0,0.0
2025-05-21 02:25:00+00:00,13.039999961853027,13.039999961853027,13.039999961853027,13.039999961853027,12587,0.0,0.0,0.0
2025-05-21 02:30:00+00:00,13.039999961853027,13.039999961853027,13.039999961853027,13.039999961853027,43062,0.0,0.0,0.0
2025-05-21 02:35:00+00:00,13.050000190734863,13.0600004196167,13.050000190734863,13.0600004196167,25561,0.0,0.0,0.0
2025-05-21 02:40:00+00:00,13.0600004196167,13.069999694824219,13.0600004196167,13.069999694824219,103128,0.0,0.0,0.0
2025-05-21 02:45:00+00:00,13.0600004196167,13.079999923706055,13.0600004196167,13.079999923706055,202082,0.0,0.0,0.0
2025-05-21 02:50:00+00:00,13.079999923706055,13.079999923706055,13.079999923706055,13.079999923706055,23546,0.0,0.0,0.0
2025-05-21 02:55:00+00:00,13.069999694824219,13.069999694824219,13.069999694824219,13.069999694824219,7023,0.0,0.0,0.0
2025-05-21 03:00:00+00:00,13.069999694824219,13.079999923706055,13.0600004196167,13.079999923706055,173076,0.0,0.0,0.0
2025-05-21 03:05:00+00:00,13.09000015258789,13.09000015258789,13.09000015258789,13.09000015258789,59288,0.0,0.0,0.0
2025-05-21 03:10:00+00:00,13.100000381469727,13.100000381469727,13.100000381469727,13.100000381469727,123465,0.0,0.0,0.0
2025-05-21 03:15:00+00:00,13.100000381469727,13.100000381469727,13.09000015258789,13.09000015258789,20049,0.0,0.0,0.0
2025-05-21 03:20:00+00:00,13.09000015258789,13.09000015258789,13.079999923706055,13.079999923706055,12044,0.0,0.0,0.0
2025-05-21 03:25:00+00:00,13.079999923706055,13.09000015258789,13.069999694824219,13.09000015258789,26271,0.0,0.0,0.0
2025-05-21 03:30:00+00:00,13.069999694824219,13.069999694824219,13.069999694824219,13.069999694824219,1602,0.0,0.0,0.0
2025-05-21 03:35:00+00:00,13.09000015258789,13.09000015258789,13.09000015258789,13.09000015258789,20010,0.0,0.0,0.0
2025-05-21 03:40:00+00:00,13.09000015258789,13.100000381469727,13.09000015258789,13.100000381469727,26220,0.0,0.0,0.0
2025-05-21 03:45:00+00:00,13.100000381469727,13.100000381469727,13.100000381469727,13.100000381469727,2621,0.0,0.0,0.0
2025-05-21 03:50:00+00:00,13.09000015258789,13.09000015258789,13.079999923706055,13.09000015258789,33040,0.0,0.0,0.0
2025-05-21 03:55:00+00:00,13.09000015258789,13.09000015258789,13.079999923706055,13.079999923706055,13239,0.0,0.0,0.0
2025-05-21 04:00:00+00:00,13.079999923706055,13.079999923706055,13.079999923706055,13.079999923706055,1017,0.0,0.0,0.0
2025-05-21 04:05:00+00:00,13.079999923706055,13.09000015258789,13.079999923706055,13.079999923706055,37063,0.0,0.0,0.0
2025-05-21 04:10:00+00:00,13.079999923706055,13.079999923706055,13.079999923706055,13.079999923706055,21287,0.0,0.0,0.0
2025-05-21 04:15:00+00:00,13.079999923706055,13.09000015258789,13.079999923706055,13.079999923706055,10815,0.0,0.0,0.0
2025-05-21 04:20:00+00:00,13.079999923706055,13.079999923706055,13.079999923706055,13.079999923706055,35103,0.0,0.0,0.0
2025-05-21 04:25:00+00:00,13.079999923706055,13.079999923706055,13.079999923706055,13.079999923706055,30047,0.0,0.0,0.0
2025-05-21 04:30:00+00:00,13.09000015258789,13.09000015258789,13.079999923706055,13.09000015258789,62028,0.0,0.0,0.0
2025-05-21 04:35:00+00:00,13.09000015258789,13.09000015258789,13.09000015258789,13.09000015258789,28020,0.0,0.0,0.0
2025-05-21 04:40:00+00:00,13.09000015258789,13.09000015258789,13.09000015258789,13.09000015258789,19135,0.0,0.0,0.0
2025-05-21 04:45:00+00:00,13.09000015258789,13.09000015258789,13.09000015258789,13.09000015258789,23235,0.0,0.0,0.0
2025-05-21 04:50:00+00:00,13.09000015258789,13.100000381469727,13.09000015258789,13.100000381469727,13000,0.0,0.0,0.0
2025-05-21 04:55:00+00:00,13.100000381469727,13.100000381469727,13.09000015258789,13.100000381469727,13216,0.0,0.0,0.0
2025-05-21 05:00:00+00:00,13.100000381469727,13.109999656677246,13.100000381469727,13.109999656677246,164033,0.0,0.0,0.0
2025-05-21 05:05:00+00:00,13.109999656677246,13.119999885559082,13.109999656677246,13.119999885559082,96137,0.0,0.0,0.0
2025-05-21 05:10:00+00:00,13.119999885559082,13.119999885559082,13.119999885559082,13.119999885559082,12494,0.0,0.0,0.0
2025-05-21 05:15:00+00:00,13.119999885559082,13.140000343322754,13.119999885559082,13.140000343322754,156632,0.0,0.0,0.0
2025-05-21 05:20:00+00:00,13.130000114440918,13.140000343322754,13.130000114440918,13.140000343322754,34691,0.0,0.0,0.0
2025-05-22 01:00:00+00:00,13.069999694824219,13.069999694824219,12.989999771118164,13.020000457763672,0,0.0,0.0,0.0
2025-05-22 01:05:00+00:00,13.020000457763672,13.020000457763672,13.020000457763672,13.020000457763672,22849,0.0,0.0,0.0
2025-05-22 01:10:00+00:00,13.020000457763672,13.050000190734863,13.020000457763672,13.050000190734863,25846,0.0,0.0,0.0
2025-05-22 01:15:00+00:00,13.050000190734863,13.050000190734863,13.029999732971191,13.029999732971191,16612,0.0,0.0,0.0
2025-05-22 01:20:00+00:00,13.020000457763672,13.020000457763672,13.010000228881836,13.020000457763672,22659,0.0,0.0,0.0
2025-05-22 01:25:00+00:00,13.020000457763672,13.050000190734863,13.020000457763672,13.050000190734863,87112,0.0,0.0,0.0
2025-05-22 01:30:00+00:00,13.050000190734863,13.050000190734863,13.050000190734863,13.050000190734863,40035,0.0,0.0,0.0
2025-05-22 01:35:00+00:00,13.050000190734863,13.050000190734863,13.039999961853027,13.050000190734863,32126,0.0,0.0,0.0
2025-05-22 01:40:00+00:00,13.050000190734863,13.050000190734863,13.039999961853027,13.039999961853027,7738,0.0,0.0,0.0
2025-05-22 01:45:00+00:00,13.039999961853027,13.039999961853027,13.029999732971191,13.029999732971191,230173,0.0,0.0,0.0
2025-05-22 01:50:00+00:00,13.020000457763672,13.020000457763672,13.020000457763672,13.020000457763672,16046,0.0,0.0,0.0
2025-05-22 01:55:00+00:00,13.020000457763672,13.020000457763672,13.0,13.0,21698,0.0,0.0,0.0
2025-05-22 02:00:00+00:00,13.0,13.010000228881836,12.989999771118164,13.0,38900,0.0,0.0,0.0
2025-05-22 02:05:00+00:00,12.989999771118164,13.010000228881836,12.989999771118164,13.010000228881836,17058,0.0,0.0,0.0
2025-05-22 02:10:00+00:00,13.010000228881836,13.010000228881836,13.010000228881836,13.010000228881836,7034,0.0,0.0,0.0
2025-05-22 02:15:00+00:00,13.010000228881836,13.029999732971191,13.010000228881836,13.020000457763672,20146,0.0,0.0,0.0
2025-05-22 02:20:00+00:00,13.020000457763672,13.029999732971191,13.020000457763672,13.029999732971191,12216,0.0,0.0,0.0
2025-05-22 02:25:00+00:00,13.039999961853027,13.039999961853027,13.039999961853027,13.039999961853027,21005,0.0,0.0,0.0
2025-05-22 02:30:00+00:00,13.050000190734863,13.050000190734863,13.050000190734863,13.050000190734863,2058,0.0,0.0,0.0
2025-05-22 02:35:00+00:00,13.039999961853027,13.039999961853027,13.039999961853027,13.039999961853027,4051,0.0,0.0,0.0
2025-05-22 02:40:00+00:00,13.039999961853027,13.0600004196167,13.039999961853027,13.0600004196167,51028,0.0,0.0,0.0
2025-05-22 02:45:00+00:00,13.0600004196167,13.0600004196167,13.039999961853027,13.039999961853027,6514,0.0,0.0,0.0
2025-05-22 02:50:00+00:00,13.039999961853027,13.050000190734863,13.039999961853027,13.050000190734863,9328,0.0,0.0,0.0
2025-05-22 02:55:00+00:00,13.039999961853027,13.039999961853027,13.039999961853027,13.039999961853027,18036,0.0,0.0,0.0
2025-05-22 03:00:00+00:00,13.039999961853027,13.050000190734863,13.039999961853027,13.050000190734863,6092,0.0,0.0,0.0
2025-05-22 03:10:00+00:00,13.039999961853027,13.039999961853027,13.039999961853027,13.039999961853027,9257,0.0,0.0,0.0
2025-05-22 03:15:00+00:00,13.039999961853027,13.050000190734863,13.039999961853027,13.050000190734863,31030,0.0,0.0,0.0
2025-05-22 03:20:00+00:00,13.050000190734863,13.050000190734863,13.050000190734863,13.050000190734863,1723,0.0,0.0,0.0
2025-05-22 03:25:00+00:00,13.0600004196167,13.0600004196167,13.0600004196167,13.0600004196167,16018,0.0,0.0,0.0
2025-05-22 03:30:00+00:00,13.0600004196167,13.069999694824219,13.0600004196167,13.069999694824219,20544,0.0,0.0,0.0
2025-05-22 03:35:00+00:00,13.079999923706055,13.079999923706055,13.079999923706055,13.079999923706055,22298,0.0,0.0,0.0
2025-05-22 03:40:00+00:00,13.079999923706055,13.09000015258789,13.079999923706055,13.09000015258789,2134,0.0,0.0,0.0
2025-05-22 03:45:00+00:00,13.079999923706055,13.09000015258789,13.079999923706055,13.09000015258789,20101,0.0,0.0,0.0
2025-05-22 03:50:00+00:00,13.09000015258789,13.100000381469727,13.09000015258789,13.100000381469727,13060,0.0,0.0,0.0
2025-05-22 03:55:00+00:00,13.09000015258789,13.09000015258789,13.09000015258789,13.09000015258789,2011,0.0,0.0,0.0
2025-05-22 04:00:00+00:00,13.09000015258789,13.100000381469727,13.09000015258789,13.100000381469727,5075,0.0,0.0,0.0
2025-05-22 04:05:00+00:00,13.079999923706055,13.079999923706055,13.079999923706055,13.079999923706055,4026,0.0,0.0,0.0
2025-05-22 04:10:00+00:00,13.079999923706055,13.079999923706055,13.079999923706055,13.079999923706055,6779,0.0,0.0,0.0
2025-05-22 04:20:00+00:00,13.079999923706055,13.079999923706055,13.079999923706055,13.079999923706055,24014,0.0,0.0,0.0
2025-05-22 04:25:00+00:00,13.079999923706055,13.079999923706055,13.079999923706055,13.079999923706055,4107,0.0,0.0,0.0
2025-05-22 04:30:00+00:00,13.079999923706055,13.09000015258789,13.079999923706055,13.079999923706055,78084,0.0,0.0,0.0
2025-05-22 04:35:00+00:00,13.09000015258789,13.09000015258789,13.09000015258789,13.09000015258789,39020,0.0,0.0,0.0
2025-05-22 04:40:00+00:00,13.09000015258789,13.09000015258789,13.079999923706055,13.079999923706055,3300,0.0,0.0,0.0
2025-05-22 04:45:00+00:00,13.069999694824219,13.069999694824219,13.069999694824219,13.069999694824219,13469,0.0,0.0,0.0
2025-05-22 04:50:00+00:00,13.069999694824219,13.069999694824219,13.069999694824219,13.069999694824219,21020,0.0,0.0,0.0
2025-05-22 04:55:00+00:00,13.069999694824219,13.069999694824219,13.069999694824219,13.069999694824219,16223,0.0,0.0,0.0
2025-05-22 05:00:00+00:00,13.069999694824219,13.079999923706055,13.069999694824219,13.069999694824219,15140,0.0,0.0,0.0
2025-05-22 05:05:00+00:00,13.069999694824219,13.069999694824219,13.069999694824219,13.069999694824219,8578,0.0,0.0,0.0
2025-05-22 05:10:00+00:00,13.069999694824219,13.079999923706055,13.069999694824219,13.079999923706055,126312,0.0,0.0,0.0
2025-05-22 05:15:00+00:00,13.079999923706055,13.079999923706055,13.079999923706055,13.079999923706055,5704,0.0,0.0,0.0
2025-05-22 05:20:00+00:00,13.079999923706055,13.079999923706055,13.079999923706055,13.079999923706055,19083,0.0,0.0,0.0
2025-05-23 01:00:00+00:00,13.1899995803833,13.199999809265137,13.15999984741211,13.170000076293945,0,0.0,0.0,0.0
2025-05-23 01:05:00+00:00,13.15999984741211,13.170000076293945,13.149999618530273,13.149999618530273,112000,0.0,0.0,0.0
2025-05-23 01:10:00+00:00,13.140000343322754,13.149999618530273,13.140000343322754,13.149999618530273,81348,0.0,0.0,0.0
2025-05-23 01:15:00+00:00,13.140000343322754,13.15999984741211,13.140000343322754,13.15999984741211,34165,0.0,0.0,0.0
2025-05-23 01:20:00+00:00,13.149999618530273,13.149999618530273,13.109999656677246,13.119999885559082,30716,0.0,0.0,0.0
2025-05-23 01:25:00+00:00,13.119999885559082,13.119999885559082,13.119999885559082,13.119999885559082,1069,0.0,0.0,0.0
2025-05-23 01:30:00+00:00,13.119999885559082,13.119999885559082,13.109999656677246,13.119999885559082,11125,0.0,0.0,0.0
2025-05-23 01:35:00+00:00,13.100000381469727,13.100000381469727,13.09000015258789,13.100000381469727,34538,0.0,0.0,0.0
2025-05-23 01:40:00+00:00,13.09000015258789,13.100000381469727,13.079999923706055,13.079999923706055,21102,0.0,0.0,0.0
2025-05-23 01:45:00+00:00,13.100000381469727,13.100000381469727,13.079999923706055,13.09000015258789,86346,0.0,0.0,0.0
2025-05-23 01:50:00+00:00,13.109999656677246,13.109999656677246,13.100000381469727,13.100000381469727,5021,0.0,0.0,0.0
2025-05-23 01:55:00+00:00,13.100000381469727,13.100000381469727,13.079999923706055,13.079999923706055,26010,0.0,0.0,0.0
2025-05-23 02:00:00+00:00,13.079999923706055,13.09000015258789,13.079999923706055,13.079999923706055,17912,0.0,0.0,0.0
2025-05-23 02:05:00+00:00,13.079999923706055,13.079999923706055,13.069999694824219,13.069999694824219,14405,0.0,0.0,0.0
2025-05-23 02:10:00+00:00,13.069999694824219,13.069999694824219,13.069999694824219,13.069999694824219,1006,0.0,0.0,0.0
2025-05-23 02:15:00+00:00,13.069999694824219,13.079999923706055,13.069999694824219,13.069999694824219,14392,0.0,0.0,0.0
2025-05-23 02:20:00+00:00,13.079999923706055,13.079999923706055,13.069999694824219,13.069999694824219,19116,0.0,0.0,0.0
2025-05-23 02:25:00+00:00,13.069999694824219,13.079999923706055,13.069999694824219,13.079999923706055,28825,0.0,0.0,0.0
2025-05-23 02:30:00+00:00,13.079999923706055,13.079999923706055,13.079999923706055,13.079999923706055,9128,0.0,0.0,0.0
2025-05-23 02:35:00+00:00,13.079999923706055,13.079999923706055,13.069999694824219,13.069999694824219,15022,0.0,0.0,0.0
2025-05-23 02:40:00+00:00,13.069999694824219,13.069999694824219,13.069999694824219,13.069999694824219,8019,0.0,0.0,0.0
2025-05-23 02:45:00+00:00,13.079999923706055,13.079999923706055,13.069999694824219,13.069999694824219,10189,0.0,0.0,0.0
2025-05-23 02:50:00+00:00,13.069999694824219,13.069999694824219,13.069999694824219,13.069999694824219,5225,0.0,0.0,0.0
2025-05-23 02:55:00+00:00,13.0600004196167,13.069999694824219,13.0600004196167,13.069999694824219,6254,0.0,0.0,0.0
2025-05-23 03:00:00+00:00,13.069999694824219,13.069999694824219,13.0600004196167,13.069999694824219,5118,0.0,0.0,0.0
2025-05-23 03:05:00+00:00,13.069999694824219,13.069999694824219,13.069999694824219,13.069999694824219,2034,0.0,0.0,0.0
2025-05-23 03:10:00+00:00,13.069999694824219,13.069999694824219,13.0600004196167,13.0600004196167,11018,0.0,0.0,0.0
2025-05-23 03:15:00+00:00,13.069999694824219,13.069999694824219,13.069999694824219,13.069999694824219,2082,0.0,0.0,0.0
2025-05-23 03:20:00+00:00,13.0600004196167,13.069999694824219,13.0600004196167,13.069999694824219,7023,0.0,0.0,0.0
2025-05-23 03:25:00+00:00,13.069999694824219,13.069999694824219,13.0600004196167,13.069999694824219,7021,0.0,0.0,0.0
2025-05-23 03:30:00+00:00,13.069999694824219,13.069999694824219,13.069999694824219,13.069999694824219,4074,0.0,0.0,0.0
2025-05-23 03:40:00+00:00,13.069999694824219,13.069999694824219,13.0600004196167,13.0600004196167,6002,0.0,0.0,0.0
2025-05-23 03:45:00+00:00,13.0600004196167,13.069999694824219,13.0600004196167,13.0600004196167,13013,0.0,0.0,0.0
2025-05-23 03:50:00+00:00,13.0600004196167,13.0600004196167,13.050000190734863,13.050000190734863,17264,0.0,0.0,0.0
2025-05-23 03:55:00+00:00,13.050000190734863,13.050000190734863,13.039999961853027,13.039999961853027,33298,0.0,0.0,0.0
2025-05-23 04:00:00+00:00,13.039999961853027,13.050000190734863,13.039999961853027,13.039999961853027,56770,0.0,0.0,0.0
2025-05-23 04:05:00+00:00,13.039999961853027,13.050000190734863,13.039999961853027,13.050000190734863,4205,0.0,0.0,0.0
2025-05-23 04:10:00+00:00,13.039999961853027,13.039999961853027,13.029999732971191,13.039999961853027,108623,0.0,0.0,0.0
2025-05-23 04:15:00+00:00,13.029999732971191,13.039999961853027,13.029999732971191,13.039999961853027,5054,0.0,0.0,0.0
2025-05-23 04:20:00+00:00,13.029999732971191,13.029999732971191,13.020000457763672,13.020000457763672,45078,0.0,0.0,0.0
2025-05-23 04:25:00+00:00,13.020000457763672,13.020000457763672,13.010000228881836,13.010000228881836,28794,0.0,0.0,0.0
2025-05-23 04:30:00+00:00,13.020000457763672,13.020000457763672,13.0,13.0,46550,0.0,0.0,0.0
2025-05-23 04:35:00+00:00,13.020000457763672,13.020000457763672,13.020000457763672,13.020000457763672,52310,0.0,0.0,0.0
2025-05-23 04:40:00+00:00,13.020000457763672,13.020000457763672,13.010000228881836,13.020000457763672,36386,0.0,0.0,0.0
2025-05-23 04:45:00+00:00,13.020000457763672,13.020000457763672,13.010000228881836,13.010000228881836,25160,0.0,0.0,0.0
2025-05-23 04:50:00+00:00,13.010000228881836,13.010000228881836,13.0,13.010000228881836,40850,0.0,0.0,0.0
2025-05-23 04:55:00+00:00,13.0,13.010000228881836,13.0,13.010000228881836,9566,0.0,0.0,0.0
2025-05-23 05:00:00+00:00,13.0,13.010000228881836,13.0,13.010000228881836,47480,0.0,0.0,0.0
2025-05-23 05:05:00+00:00,13.029999732971191,13.029999732971191,13.020000457763672,13.020000457763672,2110,0.0,0.0,0.0
2025-05-23 05:10:00+00:00,13.020000457763672,13.029999732971191,13.020000457763672,13.029999732971191,12554,0.0,0.0,0.0
2025-05-23 05:15:00+00:00,13.029999732971191,13.029999732971191,13.020000457763672,13.020000457763672,19816,0.0,0.0,0.0
2025-05-23 05:20:00+00:00,13.029999732971191,13.039999961853027,13.020000457763672,13.029999732971191,61663,0.0,0.0,0.0
2025-05-26 01:00:00+00:00,13.0600004196167,13.0600004196167,13.0,13.0,0,0.0,0.0,0.0
2025-05-26 01:05:00+00:00,13.0,13.039999961853027,13.0,13.039999961853027,209364,0.0,0.0,0.0
2025-05-26 01:10:00+00:00,13.039999961853027,13.050000190734863,13.029999732971191,13.039999961853027,46788,0.0,0.0,0.0
2025-05-26 01:15:00+00:00,13.050000190734863,13.069999694824219,13.039999961853027,13.069999694824219,51215,0.0,0.0,0.0
2025-05-26 01:20:00+00:00,13.069999694824219,13.069999694824219,13.050000190734863,13.050000190734863,17891,0.0,0.0,0.0
2025-05-26 01:25:00+00:00,13.039999961853027,13.050000190734863,13.029999732971191,13.039999961853027,70525,0.0,0.0,0.0
2025-05-26 01:30:00+00:00,13.039999961853027,13.039999961853027,13.010000228881836,13.020000457763672,21048,0.0,0.0,0.0
2025-05-26 01:35:00+00:00,13.020000457763672,13.020000457763672,13.010000228881836,13.020000457763672,8477,0.0,0.0,0.0
2025-05-26 01:40:00+00:00,13.020000457763672,13.020000457763672,13.010000228881836,13.020000457763672,13237,0.0,0.0,0.0
2025-05-26 01:45:00+00:00,13.020000457763672,13.029999732971191,13.010000228881836,13.029999732971191,40626,0.0,0.0,0.0
2025-05-26 01:50:00+00:00,13.029999732971191,13.029999732971191,13.029999732971191,13.029999732971191,36058,0.0,0.0,0.0
2025-05-26 01:55:00+00:00,13.029999732971191,13.039999961853027,13.029999732971191,13.039999961853027,14198,0.0,0.0,0.0
2025-05-26 02:00:00+00:00,13.039999961853027,13.050000190734863,13.039999961853027,13.050000190734863,43279,0.0,0.0,0.0
2025-05-26 02:05:00+00:00,13.0600004196167,13.069999694824219,13.0600004196167,13.069999694824219,29058,0.0,0.0,0.0
2025-05-26 02:10:00+00:00,13.0600004196167,13.069999694824219,13.0600004196167,13.0600004196167,8927,0.0,0.0,0.0
2025-05-26 02:15:00+00:00,13.069999694824219,13.069999694824219,13.050000190734863,13.069999694824219,53911,0.0,0.0,0.0
2025-05-26 02:20:00+00:00,13.069999694824219,13.069999694824219,13.069999694824219,13.069999694824219,2287,0.0,0.0,0.0
2025-05-26 02:25:00+00:00,13.050000190734863,13.050000190734863,13.039999961853027,13.039999961853027,8085,0.0,0.0,0.0
2025-05-26 02:30:00+00:00,13.039999961853027,13.050000190734863,13.039999961853027,13.050000190734863,7172,0.0,0.0,0.0
2025-05-26 02:35:00+00:00,13.039999961853027,13.039999961853027,13.039999961853027,13.039999961853027,3163,0.0,0.0,0.0
2025-05-26 02:40:00+00:00,13.039999961853027,13.039999961853027,13.029999732971191,13.029999732971191,4073,0.0,0.0,0.0
2025-05-26 02:45:00+00:00,13.039999961853027,13.039999961853027,13.039999961853027,13.039999961853027,5147,0.0,0.0,0.0
2025-05-26 02:50:00+00:00,13.029999732971191,13.039999961853027,13.029999732971191,13.029999732971191,10113,0.0,0.0,0.0
2025-05-26 02:55:00+00:00,13.039999961853027,13.039999961853027,13.039999961853027,13.039999961853027,3158,0.0,0.0,0.0
2025-05-26 03:00:00+00:00,13.029999732971191,13.050000190734863,13.029999732971191,13.050000190734863,20172,0.0,0.0,0.0
2025-05-26 03:05:00+00:00,13.050000190734863,13.050000190734863,13.050000190734863,13.050000190734863,7563,0.0,0.0,0.0
2025-05-26 03:10:00+00:00,13.039999961853027,13.050000190734863,13.039999961853027,13.039999961853027,5119,0.0,0.0,0.0
2025-05-26 03:15:00+00:00,13.039999961853027,13.039999961853027,13.039999961853027,13.039999961853027,2222,0.0,0.0,0.0
2025-05-26 03:20:00+00:00,13.039999961853027,13.039999961853027,13.029999732971191,13.029999732971191,4058,0.0,0.0,0.0
2025-05-26 03:25:00+00:00,13.029999732971191,13.029999732971191,13.020000457763672,13.020000457763672,28053,0.0,0.0,0.0
2025-05-26 03:30:00+00:00,13.039999961853027,13.039999961853027,13.020000457763672,13.020000457763672,5153,0.0,0.0,0.0
2025-05-26 03:35:00+00:00,13.020000457763672,13.020000457763672,13.010000228881836,13.010000228881836,11141,0.0,0.0,0.0
2025-05-26 03:40:00+00:00,13.010000228881836,13.020000457763672,13.010000228881836,13.010000228881836,5024,0.0,0.0,0.0
2025-05-26 03:45:00+00:00,13.010000228881836,13.029999732971191,13.010000228881836,13.020000457763672,5081,0.0,0.0,0.0
2025-05-26 03:50:00+00:00,13.020000457763672,13.020000457763672,13.010000228881836,13.010000228881836,18135,0.0,0.0,0.0
2025-05-26 03:55:00+00:00,13.020000457763672,13.020000457763672,13.0,13.010000228881836,9302,0.0,0.0,0.0
2025-05-26 04:00:00+00:00,13.010000228881836,13.010000228881836,13.0,13.010000228881836,5035,0.0,0.0,0.0
2025-05-26 04:05:00+00:00,13.010000228881836,13.029999732971191,13.0,13.029999732971191,39710,0.0,0.0,0.0
2025-05-26 04:10:00+00:00,13.010000228881836,13.010000228881836,13.0,13.010000228881836,18631,0.0,0.0,0.0
2025-05-26 04:15:00+00:00,13.010000228881836,13.010000228881836,13.0,13.010000228881836,23183,0.0,0.0,0.0
2025-05-26 04:20:00+00:00,13.010000228881836,13.010000228881836,13.010000228881836,13.010000228881836,5016,0.0,0.0,0.0
2025-05-26 04:25:00+00:00,13.010000228881836,13.010000228881836,13.010000228881836,13.010000228881836,35092,0.0,0.0,0.0
2025-05-26 04:30:00+00:00,13.010000228881836,13.020000457763672,13.010000228881836,13.020000457763672,16370,0.0,0.0,0.0
2025-05-26 04:35:00+00:00,13.020000457763672,13.020000457763672,13.020000457763672,13.020000457763672,4469,0.0,0.0,0.0
2025-05-26 04:40:00+00:00,13.020000457763672,13.020000457763672,13.020000457763672,13.020000457763672,16518,0.0,0.0,0.0
2025-05-26 04:50:00+00:00,13.020000457763672,13.020000457763672,13.010000228881836,13.010000228881836,14578,0.0,0.0,0.0
2025-05-26 05:00:00+00:00,13.010000228881836,13.010000228881836,13.0,13.010000228881836,13056,0.0,0.0,0.0
2025-05-26 05:05:00+00:00,13.010000228881836,13.010000228881836,13.0,13.0,79435,0.0,0.0,0.0
2025-05-26 05:10:00+00:00,13.0,13.010000228881836,13.0,13.0,29235,0.0,0.0,0.0
2025-05-26 05:15:00+00:00,13.010000228881836,13.010000228881836,13.0,13.0,24829,0.0,0.0,0.0
2025-05-26 05:20:00+00:00,13.0,13.0,13.0,13.0,59420,0.0,0.0,0.0
2025-05-27 01:00:00+00:00,13.010000228881836,13.010000228881836,12.949999809265137,12.949999809265137,0,0.0,0.0,0.0
2025-05-27 01:05:00+00:00,12.949999809265137,12.979999542236328,12.949999809265137,12.960000038146973,14557,0.0,0.0,0.0
2025-05-27 01:10:00+00:00,12.960000038146973,12.960000038146973,12.949999809265137,12.949999809265137,46814,0.0,0.0,0.0
2025-05-27 01:15:00+00:00,12.949999809265137,12.960000038146973,12.949999809265137,12.949999809265137,88104,0.0,0.0,0.0
2025-05-27 01:20:00+00:00,12.960000038146973,12.960000038146973,12.949999809265137,12.949999809265137,12795,0.0,0.0,0.0
2025-05-27 01:25:00+00:00,12.949999809265137,12.979999542236328,12.949999809265137,12.979999542236328,16239,0.0,0.0,0.0
2025-05-27 01:30:00+00:00,12.989999771118164,12.989999771118164,12.979999542236328,12.979999542236328,8758,0.0,0.0,0.0
2025-05-27 01:35:00+00:00,12.979999542236328,12.979999542236328,12.979999542236328,12.979999542236328,10037,0.0,0.0,0.0
2025-05-27 01:40:00+00:00,12.979999542236328,12.979999542236328,12.970000267028809,12.970000267028809,14037,0.0,0.0,0.0
2025-05-27 01:45:00+00:00,12.970000267028809,12.979999542236328,12.960000038146973,12.979999542236328,6090,0.0,0.0,0.0
2025-05-27 01:50:00+00:00,12.960000038146973,12.960000038146973,12.9399995803833,12.9399995803833,100784,0.0,0.0,0.0
2025-05-27 01:55:00+00:00,12.9399995803833,12.9399995803833,12.899999618530273,12.899999618530273,136532,0.0,0.0,0.0
2025-05-27 02:00:00+00:00,12.899999618530273,12.899999618530273,12.890000343322754,12.890000343322754,36547,0.0,0.0,0.0
2025-05-27 02:05:00+00:00,12.890000343322754,12.899999618530273,12.890000343322754,12.890000343322754,6933,0.0,0.0,0.0
2025-05-27 02:10:00+00:00,12.890000343322754,12.890000343322754,12.869999885559082,12.869999885559082,89248,0.0,0.0,0.0
2025-05-27 02:15:00+00:00,12.880000114440918,12.890000343322754,12.880000114440918,12.890000343322754,20033,0.0,0.0,0.0
2025-05-27 02:20:00+00:00,12.890000343322754,12.890000343322754,12.880000114440918,12.880000114440918,53781,0.0,0.0,0.0
2025-05-27 02:25:00+00:00,12.890000343322754,12.890000343322754,12.890000343322754,12.890000343322754,5000,0.0,0.0,0.0
2025-05-27 02:30:00+00:00,12.890000343322754,12.899999618530273,12.890000343322754,12.899999618530273,60418,0.0,0.0,0.0
2025-05-27 02:35:00+00:00,12.920000076293945,12.920000076293945,12.920000076293945,12.920000076293945,2346,0.0,0.0,0.0
2025-05-27 02:40:00+00:00,12.90999984741211,12.920000076293945,12.90999984741211,12.920000076293945,7095,0.0,0.0,0.0
2025-05-27 02:45:00+00:00,12.920000076293945,12.920000076293945,12.90999984741211,12.90999984741211,11054,0.0,0.0,0.0
2025-05-27 02:50:00+00:00,12.899999618530273,12.899999618530273,12.899999618530273,12.899999618530273,1368,0.0,0.0,0.0
2025-05-27 02:55:00+00:00,12.920000076293945,12.920000076293945,12.920000076293945,12.920000076293945,4023,0.0,0.0,0.0
2025-05-27 03:00:00+00:00,12.920000076293945,12.920000076293945,12.920000076293945,12.920000076293945,6468,0.0,0.0,0.0
2025-05-27 03:05:00+00:00,12.90999984741211,12.90999984741211,12.90999984741211,12.90999984741211,3202,0.0,0.0,0.0
2025-05-27 03:10:00+00:00,12.90999984741211,12.90999984741211,12.899999618530273,12.899999618530273,18444,0.0,0.0,0.0
2025-05-27 03:15:00+00:00,12.90999984741211,12.90999984741211,12.890000343322754,12.890000343322754,6234,0.0,0.0,0.0
2025-05-27 03:20:00+00:00,12.899999618530273,12.899999618530273,12.890000343322754,12.899999618530273,3245,0.0,0.0,0.0
2025-05-27 03:25:00+00:00,12.899999618530273,12.899999618530273,12.899999618530273,12.899999618530273,3021,0.0,0.0,0.0
2025-05-27 03:30:00+00:00,12.899999618530273,12.899999618530273,12.890000343322754,12.890000343322754,12507,0.0,0.0,0.0
2025-05-27 03:35:00+00:00,12.899999618530273,12.899999618530273,12.890000343322754,12.890000343322754,4808,0.0,0.0,0.0
2025-05-27 03:40:00+00:00,12.890000343322754,12.890000343322754,12.890000343322754,12.890000343322754,2201,0.0,0.0,0.0
2025-05-27 03:45:00+00:00,12.890000343322754,12.890000343322754,12.890000343322754,12.890000343322754,3028,0.0,0.0,0.0
2025-05-27 03:50:00+00:00,12.890000343322754,12.890000343322754,12.890000343322754,12.890000343322754,6141,0.0,0.0,0.0
2025-05-27 03:55:00+00:00,12.880000114440918,12.890000343322754,12.880000114440918,12.880000114440918,55806,0.0,0.0,0.0
2025-05-27 04:00:00+00:00,12.880000114440918,12.880000114440918,12.859999656677246,12.869999885559082,47147,0.0,0.0,0.0
2025-05-27 04:05:00+00:00,12.869999885559082,12.869999885559082,12.859999656677246,12.869999885559082,20349,0.0,0.0,0.0
2025-05-27 04:10:00+00:00,12.869999885559082,12.869999885559082,12.859999656677246,12.869999885559082,17125,0.0,0.0,0.0
2025-05-27 04:15:00+00:00,12.869999885559082,12.869999885559082,12.859999656677246,12.859999656677246,9302,0.0,0.0,0.0
2025-05-27 04:20:00+00:00,12.869999885559082,12.869999885559082,12.850000381469727,12.850000381469727,73279,0.0,0.0,0.0
2025-05-27 04:25:00+00:00,12.859999656677246,12.859999656677246,12.850000381469727,12.850000381469727,24335,0.0,0.0,0.0
2025-05-27 04:30:00+00:00,12.859999656677246,12.869999885559082,12.850000381469727,12.850000381469727,34055,0.0,0.0,0.0
2025-05-27 04:35:00+00:00,12.859999656677246,12.859999656677246,12.850000381469727,12.850000381469727,9313,0.0,0.0,0.0
2025-05-27 04:40:00+00:00,12.850000381469727,12.859999656677246,12.850000381469727,12.850000381469727,52348,0.0,0.0,0.0
2025-05-27 04:45:00+00:00,12.859999656677246,12.859999656677246,12.84000015258789,12.84000015258789,74371,0.0,0.0,0.0
2025-05-27 04:50:00+00:00,12.859999656677246,12.859999656677246,12.84000015258789,12.850000381469727,14172,0.0,0.0,0.0
2025-05-27 04:55:00+00:00,12.850000381469727,12.859999656677246,12.850000381469727,12.859999656677246,51294,0.0,0.0,0.0
2025-05-27 05:00:00+00:00,12.859999656677246,12.869999885559082,12.859999656677246,12.869999885559082,24070,0.0,0.0,0.0
2025-05-27 05:05:00+00:00,12.869999885559082,12.869999885559082,12.869999885559082,12.869999885559082,8785,0.0,0.0,0.0
2025-05-27 05:10:00+00:00,12.859999656677246,12.869999885559082,12.859999656677246,12.859999656677246,7389,0.0,0.0,0.0
2025-05-27 05:15:00+00:00,12.869999885559082,12.869999885559082,12.859999656677246,12.869999885559082,14752,0.0,0.0,0.0
2025-05-27 05:20:00+00:00,12.869999885559082,12.869999885559082,12.859999656677246,12.859999656677246,55703,0.0,0.0,0.0
2025-05-28 01:00:00+00:00,12.989999771118164,13.079999923706055,12.989999771118164,13.050000190734863,0,0.0,0.0,0.0
2025-05-28 01:05:00+00:00,13.050000190734863,13.0600004196167,13.029999732971191,13.029999732971191,122275,0.0,0.0,0.0
2025-05-28 01:10:00+00:00,13.029999732971191,13.029999732971191,13.029999732971191,13.029999732971191,30227,0.0,0.0,0.0
2025-05-28 01:15:00+00:00,13.020000457763672,13.039999961853027,13.020000457763672,13.039999961853027,6253,0.0,0.0,0.0
2025-05-28 01:20:00+00:00,13.029999732971191,13.039999961853027,13.020000457763672,13.029999732971191,106027,0.0,0.0,0.0
2025-05-28 01:25:00+00:00,13.029999732971191,13.029999732971191,13.020000457763672,13.020000457763672,18234,0.0,0.0,0.0
2025-05-28 01:30:00+00:00,13.029999732971191,13.029999732971191,12.979999542236328,12.979999542236328,83961,0.0,0.0,0.0
2025-05-28 01:35:00+00:00,12.989999771118164,12.989999771118164,12.989999771118164,12.989999771118164,7213,0.0,0.0,0.0
2025-05-28 01:40:00+00:00,12.979999542236328,12.989999771118164,12.979999542236328,12.989999771118164,40148,0.0,0.0,0.0
2025-05-28 01:45:00+00:00,12.989999771118164,12.989999771118164,12.960000038146973,12.970000267028809,48925,0.0,0.0,0.0
2025-05-28 01:50:00+00:00,12.970000267028809,12.970000267028809,12.970000267028809,12.970000267028809,9135,0.0,0.0,0.0
2025-05-28 01:55:00+00:00,12.960000038146973,12.960000038146973,12.960000038146973,12.960000038146973,1079,0.0,0.0,0.0
2025-05-28 02:00:00+00:00,12.960000038146973,12.960000038146973,12.960000038146973,12.960000038146973,21241,0.0,0.0,0.0
2025-05-28 02:05:00+00:00,12.960000038146973,12.960000038146973,12.960000038146973,12.960000038146973,6211,0.0,0.0,0.0
2025-05-28 02:10:00+00:00,12.960000038146973,12.979999542236328,12.960000038146973,12.979999542236328,22521,0.0,0.0,0.0
2025-05-28 02:15:00+00:00,12.979999542236328,12.979999542236328,12.979999542236328,12.979999542236328,12043,0.0,0.0,0.0
2025-05-28 02:20:00+00:00,12.970000267028809,12.970000267028809,12.949999809265137,12.949999809265137,31817,0.0,0.0,0.0
2025-05-28 02:25:00+00:00,12.9399995803833,12.9399995803833,12.9399995803833,12.9399995803833,1061,0.0,0.0,0.0
2025-05-28 02:30:00+00:00,12.949999809265137,12.970000267028809,12.949999809265137,12.970000267028809,3134,0.0,0.0,0.0
2025-05-28 02:35:00+00:00,12.960000038146973,12.960000038146973,12.949999809265137,12.960000038146973,4223,0.0,0.0,0.0
2025-05-28 02:40:00+00:00,12.960000038146973,12.960000038146973,12.960000038146973,12.960000038146973,5033,0.0,0.0,0.0
2025-05-28 02:45:00+00:00,12.949999809265137,12.949999809265137,12.9399995803833,12.9399995803833,10583,0.0,0.0,0.0
2025-05-28 02:50:00+00:00,12.9399995803833,12.9399995803833,12.9399995803833,12.9399995803833,24081,0.0,0.0,0.0
2025-05-28 02:55:00+00:00,12.930000305175781,12.9399995803833,12.930000305175781,12.9399995803833,37318,0.0,0.0,0.0
2025-05-28 03:00:00+00:00,12.9399995803833,12.949999809265137,12.9399995803833,12.949999809265137,98028,0.0,0.0,0.0
2025-05-28 03:05:00+00:00,12.960000038146973,12.960000038146973,12.960000038146973,12.960000038146973,2162,0.0,0.0,0.0
2025-05-28 03:10:00+00:00,12.960000038146973,12.960000038146973,12.960000038146973,12.960000038146973,8017,0.0,0.0,0.0
2025-05-28 03:15:00+00:00,12.970000267028809,12.970000267028809,12.970000267028809,12.970000267028809,2350,0.0,0.0,0.0
2025-05-28 03:20:00+00:00,12.970000267028809,12.970000267028809,12.970000267028809,12.970000267028809,1222,0.0,0.0,0.0
2025-05-28 03:25:00+00:00,12.949999809265137,12.949999809265137,12.949999809265137,12.949999809265137,1029,0.0,0.0,0.0
2025-05-28 03:30:00+00:00,12.949999809265137,12.949999809265137,12.9399995803833,12.949999809265137,4010,0.0,0.0,0.0
2025-05-28 03:35:00+00:00,12.9399995803833,12.9399995803833,12.9399995803833,12.9399995803833,13108,0.0,0.0,0.0
2025-05-28 03:40:00+00:00,12.9399995803833,12.9399995803833,12.920000076293945,12.920000076293945,10941,0.0,0.0,0.0
2025-05-28 03:45:00+00:00,12.930000305175781,12.930000305175781,12.930000305175781,12.930000305175781,1487,0.0,0.0,0.0
2025-05-28 03:50:00+00:00,12.920000076293945,12.920000076293945,12.920000076293945,12.920000076293945,1975,0.0,0.0,0.0
2025-05-28 03:55:00+00:00,12.90999984741211,12.90999984741211,12.90999984741211,12.90999984741211,7434,0.0,0.0,0.0
2025-05-28 04:00:00+00:00,12.90999984741211,12.90999984741211,12.899999618530273,12.90999984741211,7022,0.0,0.0,0.0
2025-05-28 04:05:00+00:00,12.90999984741211,12.90999984741211,12.90999984741211,12.90999984741211,6006,0.0,0.0,0.0
2025-05-28 04:10:00+00:00,12.90999984741211,12.90999984741211,12.90999984741211,12.90999984741211,26510,0.0,0.0,0.0
2025-05-28 04:15:00+00:00,12.90999984741211,12.90999984741211,12.899999618530273,12.899999618530273,6090,0.0,0.0,0.0
2025-05-28 04:20:00+00:00,12.899999618530273,12.899999618530273,12.899999618530273,12.899999618530273,24160,0.0,0.0,0.0
2025-05-28 04:25:00+00:00,12.899999618530273,12.899999618530273,12.890000343322754,12.890000343322754,11419,0.0,0.0,0.0
2025-05-28 04:30:00+00:00,12.899999618530273,12.899999618530273,12.869999885559082,12.869999885559082,29765,0.0,0.0,0.0
2025-05-28 04:35:00+00:00,12.859999656677246,12.859999656677246,12.859999656677246,12.859999656677246,23104,0.0,0.0,0.0
2025-05-28 04:40:00+00:00,12.859999656677246,12.859999656677246,12.850000381469727,12.859999656677246,51896,0.0,0.0,0.0
2025-05-28 04:45:00+00:00,12.869999885559082,12.890000343322754,12.869999885559082,12.890000343322754,14078,0.0,0.0,0.0
2025-05-28 04:50:00+00:00,12.880000114440918,12.890000343322754,12.880000114440918,12.890000343322754,3082,0.0,0.0,0.0
2025-05-28 04:55:00+00:00,12.880000114440918,12.880000114440918,12.869999885559082,12.869999885559082,8503,0.0,0.0,0.0
2025-05-28 05:00:00+00:00,12.869999885559082,12.869999885559082,12.869999885559082,12.869999885559082,15540,0.0,0.0,0.0
2025-05-28 05:05:00+00:00,12.869999885559082,12.890000343322754,12.869999885559082,12.890000343322754,129646,0.0,0.0,0.0
2025-05-28 05:10:00+00:00,12.890000343322754,12.890000343322754,12.890000343322754,12.890000343322754,37431,0.0,0.0,0.0
2025-05-28 05:15:00+00:00,12.899999618530273,12.899999618530273,12.890000343322754,12.899999618530273,106461,0.0,0.0,0.0
2025-05-28 05:20:00+00:00,12.899999618530273,12.90999984741211,12.899999618530273,12.90999984741211,23563,0.0,0.0,0.0
2025-05-29 01:00:00+00:00,13.050000190734863,13.069999694824219,13.010000228881836,13.039999961853027,0,0.0,0.0,0.0
2025-05-29 01:05:00+00:00,13.010000228881836,13.010000228881836,12.970000267028809,12.970000267028809,174999,0.0,0.0,0.0
2025-05-29 01:10:00+00:00,12.989999771118164,12.989999771118164,12.949999809265137,12.960000038146973,85207,0.0,0.0,0.0
2025-05-29 01:15:00+00:00,12.960000038146973,12.960000038146973,12.960000038146973,12.960000038146973,119832,0.0,0.0,0.0
2025-05-29 01:20:00+00:00,12.949999809265137,12.960000038146973,12.949999809265137,12.960000038146973,54011,0.0,0.0,0.0
2025-05-29 01:25:00+00:00,12.960000038146973,12.970000267028809,12.960000038146973,12.970000267028809,2570,0.0,0.0,0.0
2025-05-29 01:30:00+00:00,12.970000267028809,12.970000267028809,12.960000038146973,12.970000267028809,66936,0.0,0.0,0.0
2025-05-29 01:35:00+00:00,12.979999542236328,12.989999771118164,12.979999542236328,12.989999771118164,32674,0.0,0.0,0.0
2025-05-29 01:40:00+00:00,13.0,13.010000228881836,13.0,13.010000228881836,29810,0.0,0.0,0.0
2025-05-29 01:45:00+00:00,13.010000228881836,13.010000228881836,13.0,13.0,36145,0.0,0.0,0.0
2025-05-29 01:50:00+00:00,13.0,13.0,12.989999771118164,12.989999771118164,14537,0.0,0.0,0.0
2025-05-29 01:55:00+00:00,12.970000267028809,12.989999771118164,12.970000267028809,12.989999771118164,5430,0.0,0.0,0.0
2025-05-29 02:00:00+00:00,12.989999771118164,13.0,12.989999771118164,12.989999771118164,8417,0.0,0.0,0.0
2025-05-29 02:05:00+00:00,12.979999542236328,12.979999542236328,12.979999542236328,12.979999542236328,29534,0.0,0.0,0.0
2025-05-29 02:15:00+00:00,12.979999542236328,12.979999542236328,12.970000267028809,12.970000267028809,15516,0.0,0.0,0.0
2025-05-29 02:20:00+00:00,12.970000267028809,12.970000267028809,12.970000267028809,12.970000267028809,4034,0.0,0.0,0.0
2025-05-29 02:25:00+00:00,12.960000038146973,12.960000038146973,12.949999809265137,12.960000038146973,22458,0.0,0.0,0.0
2025-05-29 02:30:00+00:00,12.960000038146973,12.970000267028809,12.949999809265137,12.949999809265137,64364,0.0,0.0,0.0
2025-05-29 02:35:00+00:00,12.949999809265137,12.949999809265137,12.949999809265137,12.949999809265137,2045,0.0,0.0,0.0
2025-05-29 02:40:00+00:00,12.970000267028809,12.970000267028809,12.960000038146973,12.970000267028809,7345,0.0,0.0,0.0
2025-05-29 02:45:00+00:00,12.970000267028809,12.970000267028809,12.960000038146973,12.960000038146973,12091,0.0,0.0,0.0
2025-05-29 02:50:00+00:00,12.960000038146973,12.960000038146973,12.960000038146973,12.960000038146973,10045,0.0,0.0,0.0
2025-05-29 02:55:00+00:00,12.960000038146973,12.970000267028809,12.949999809265137,12.949999809265137,17061,0.0,0.0,0.0
2025-05-29 03:00:00+00:00,12.970000267028809,12.970000267028809,12.960000038146973,12.970000267028809,31063,0.0,0.0,0.0
2025-05-29 03:05:00+00:00,12.960000038146973,12.970000267028809,12.949999809265137,12.949999809265137,18057,0.0,0.0,0.0
2025-05-29 03:10:00+00:00,12.949999809265137,12.970000267028809,12.949999809265137,12.970000267028809,75034,0.0,0.0,0.0
2025-05-29 03:15:00+00:00,12.979999542236328,12.979999542236328,12.979999542236328,12.979999542236328,1140,0.0,0.0,0.0
2025-05-29 03:20:00+00:00,12.979999542236328,12.979999542236328,12.970000267028809,12.970000267028809,19166,0.0,0.0,0.0
2025-05-29 03:25:00+00:00,12.979999542236328,12.979999542236328,12.979999542236328,12.979999542236328,42051,0.0,0.0,0.0
2025-05-29 03:30:00+00:00,12.989999771118164,12.989999771118164,12.989999771118164,12.989999771118164,10254,0.0,0.0,0.0
2025-05-29 03:35:00+00:00,12.989999771118164,13.0,12.989999771118164,12.989999771118164,12118,0.0,0.0,0.0
2025-05-29 03:40:00+00:00,12.979999542236328,12.979999542236328,12.979999542236328,12.979999542236328,2235,0.0,0.0,0.0
2025-05-29 03:45:00+00:00,12.979999542236328,12.979999542236328,12.979999542236328,12.979999542236328,2146,0.0,0.0,0.0
2025-05-29 03:50:00+00:00,12.970000267028809,12.979999542236328,12.970000267028809,12.970000267028809,6022,0.0,0.0,0.0
2025-05-29 03:55:00+00:00,12.979999542236328,12.979999542236328,12.979999542236328,12.979999542236328,2129,0.0,0.0,0.0
2025-05-29 04:00:00+00:00,12.970000267028809,12.979999542236328,12.970000267028809,12.979999542236328,19623,0.0,0.0,0.0
2025-05-29 04:05:00+00:00,12.979999542236328,12.979999542236328,12.979999542236328,12.979999542236328,2001,0.0,0.0,0.0
2025-05-29 04:10:00+00:00,12.979999542236328,12.979999542236328,12.970000267028809,12.970000267028809,2900,0.0,0.0,0.0
2025-05-29 04:15:00+00:00,12.960000038146973,12.960000038146973,12.949999809265137,12.949999809265137,10006,0.0,0.0,0.0
2025-05-29 04:20:00+00:00,12.960000038146973,12.960000038146973,12.949999809265137,12.949999809265137,25946,0.0,0.0,0.0
2025-05-29 04:25:00+00:00,12.9399995803833,12.949999809265137,12.930000305175781,12.949999809265137,51916,0.0,0.0,0.0
2025-05-29 04:30:00+00:00,12.960000038146973,12.960000038146973,12.960000038146973,12.960000038146973,3230,0.0,0.0,0.0
2025-05-29 04:35:00+00:00,12.960000038146973,12.960000038146973,12.960000038146973,12.960000038146973,1000,0.0,0.0,0.0
2025-05-29 04:40:00+00:00,12.949999809265137,12.960000038146973,12.949999809265137,12.949999809265137,16108,0.0,0.0,0.0
2025-05-29 04:45:00+00:00,12.949999809265137,12.960000038146973,12.949999809265137,12.949999809265137,17250,0.0,0.0,0.0
2025-05-29 04:50:00+00:00,12.949999809265137,12.960000038146973,12.949999809265137,12.960000038146973,60000,0.0,0.0,0.0
2025-05-29 04:55:00+00:00,12.960000038146973,12.960000038146973,12.960000038146973,12.960000038146973,14212,0.0,0.0,0.0
2025-05-29 05:00:00+00:00,12.970000267028809,12.970000267028809,12.949999809265137,12.960000038146973,45100,0.0,0.0,0.0
2025-05-29 05:05:00+00:00,12.960000038146973,12.960000038146973,12.9399995803833,12.949999809265137,130273,0.0,0.0,0.0
2025-05-29 05:10:00+00:00,12.949999809265137,12.949999809265137,12.9399995803833,12.949999809265137,8343,0.0,0.0,0.0
2025-05-29 05:15:00+00:00,12.960000038146973,12.960000038146973,12.949999809265137,12.949999809265137,5122,0.0,0.0,0.0
2025-05-29 05:20:00+00:00,12.949999809265137,12.970000267028809,12.949999809265137,12.970000267028809,94076,0.0,0.0,0.0
2025-06-02 01:00:00+00:00,12.880000114440918,12.890000343322754,12.779999732971191,12.779999732971191,0,0.0,0.0,0.0
2025-06-02 01:05:00+00:00,12.800000190734863,12.819999694824219,12.779999732971191,12.819999694824219,104821,0.0,0.0,0.0
2025-06-02 01:10:00+00:00,12.829999923706055,12.84000015258789,12.819999694824219,12.829999923706055,22857,0.0,0.0,0.0
2025-06-02 01:15:00+00:00,12.829999923706055,12.829999923706055,12.8100004196167,12.8100004196167,82835,0.0,0.0,0.0
2025-06-02 01:20:00+00:00,12.800000190734863,12.800000190734863,12.789999961853027,12.789999961853027,69303,0.0,0.0,0.0
2025-06-02 01:25:00+00:00,12.779999732971191,12.779999732971191,12.770000457763672,12.770000457763672,110525,0.0,0.0,0.0
2025-06-02 01:30:00+00:00,12.770000457763672,12.770000457763672,12.75,12.760000228881836,49159,0.0,0.0,0.0
2025-06-02 01:35:00+00:00,12.760000228881836,12.760000228881836,12.75,12.760000228881836,68106,0.0,0.0,0.0
2025-06-02 01:40:00+00:00,12.75,12.760000228881836,12.739999771118164,12.75,21631,0.0,0.0,0.0
2025-06-02 01:45:00+00:00,12.739999771118164,12.75,12.729999542236328,12.739999771118164,85547,0.0,0.0,0.0
2025-06-02 01:50:00+00:00,12.75,12.75,12.729999542236328,12.729999542236328,224428,0.0,0.0,0.0
2025-06-02 01:55:00+00:00,12.729999542236328,12.729999542236328,12.720000267028809,12.729999542236328,59072,0.0,0.0,0.0
2025-06-02 02:00:00+00:00,12.729999542236328,12.739999771118164,12.729999542236328,12.739999771118164,6353,0.0,0.0,0.0
2025-06-02 02:05:00+00:00,12.75,12.75,12.75,12.75,8620,0.0,0.0,0.0
2025-06-02 02:10:00+00:00,12.739999771118164,12.760000228881836,12.739999771118164,12.760000228881836,93249,0.0,0.0,0.0
2025-06-02 02:15:00+00:00,12.760000228881836,12.770000457763672,12.760000228881836,12.760000228881836,18527,0.0,0.0,0.0
2025-06-02 02:20:00+00:00,12.770000457763672,12.770000457763672,12.770000457763672,12.770000457763672,2118,0.0,0.0,0.0
2025-06-02 02:25:00+00:00,12.770000457763672,12.770000457763672,12.75,12.760000228881836,68302,0.0,0.0,0.0
2025-06-02 02:30:00+00:00,12.760000228881836,12.760000228881836,12.75,12.75,77579,0.0,0.0,0.0
2025-06-02 02:35:00+00:00,12.739999771118164,12.739999771118164,12.739999771118164,12.739999771118164,21432,0.0,0.0,0.0
2025-06-02 02:40:00+00:00,12.739999771118164,12.739999771118164,12.729999542236328,12.729999542236328,58526,0.0,0.0,0.0
2025-06-02 02:45:00+00:00,12.729999542236328,12.729999542236328,12.729999542236328,12.729999542236328,4419,0.0,0.0,0.0
2025-06-02 02:50:00+00:00,12.720000267028809,12.729999542236328,12.710000038146973,12.710000038146973,145755,0.0,0.0,0.0
2025-06-02 02:55:00+00:00,12.710000038146973,12.720000267028809,12.710000038146973,12.710000038146973,22610,0.0,0.0,0.0
2025-06-02 03:00:00+00:00,12.710000038146973,12.710000038146973,12.699999809265137,12.710000038146973,13982,0.0,0.0,0.0
2025-06-02 03:05:00+00:00,12.710000038146973,12.710000038146973,12.699999809265137,12.699999809265137,105563,0.0,0.0,0.0
2025-06-02 03:10:00+00:00,12.699999809265137,12.699999809265137,12.699999809265137,12.699999809265137,17383,0.0,0.0,0.0
2025-06-02 03:15:00+00:00,12.699999809265137,12.710000038146973,12.699999809265137,12.710000038146973,16580,0.0,0.0,0.0
2025-06-02 03:20:00+00:00,12.710000038146973,12.710000038146973,12.699999809265137,12.710000038146973,29178,0.0,0.0,0.0
2025-06-02 03:25:00+00:00,12.699999809265137,12.699999809265137,12.680000305175781,12.6899995803833,61805,0.0,0.0,0.0
2025-06-02 03:30:00+00:00,12.6899995803833,12.6899995803833,12.680000305175781,12.680000305175781,2642,0.0,0.0,0.0
2025-06-02 03:35:00+00:00,12.680000305175781,12.6899995803833,12.680000305175781,12.6899995803833,53605,0.0,0.0,0.0
2025-06-02 03:40:00+00:00,12.6899995803833,12.6899995803833,12.6899995803833,12.6899995803833,14226,0.0,0.0,0.0
2025-06-02 03:45:00+00:00,12.6899995803833,12.6899995803833,12.680000305175781,12.6899995803833,9139,0.0,0.0,0.0
2025-06-02 03:50:00+00:00,12.6899995803833,12.6899995803833,12.6899995803833,12.6899995803833,13586,0.0,0.0,0.0
2025-06-02 03:55:00+00:00,12.6899995803833,12.6899995803833,12.6899995803833,12.6899995803833,7052,0.0,0.0,0.0
2025-06-02 04:00:00+00:00,12.6899995803833,12.699999809265137,12.6899995803833,12.6899995803833,44613,0.0,0.0,0.0
2025-06-02 04:05:00+00:00,12.6899995803833,12.6899995803833,12.6899995803833,12.6899995803833,24377,0.0,0.0,0.0
2025-06-02 04:10:00+00:00,12.6899995803833,12.699999809265137,12.6899995803833,12.699999809265137,6047,0.0,0.0,0.0
2025-06-02 04:15:00+00:00,12.699999809265137,12.699999809265137,12.699999809265137,12.699999809265137,7077,0.0,0.0,0.0
2025-06-02 04:20:00+00:00,12.699999809265137,12.699999809265137,12.699999809265137,12.699999809265137,13491,0.0,0.0,0.0
2025-06-02 04:25:00+00:00,12.699999809265137,12.699999809265137,12.6899995803833,12.699999809265137,15736,0.0,0.0,0.0
2025-06-02 04:30:00+00:00,12.699999809265137,12.699999809265137,12.6899995803833,12.6899995803833,47586,0.0,0.0,0.0
2025-06-02 04:35:00+00:00,12.6899995803833,12.6899995803833,12.6899995803833,12.6899995803833,6729,0.0,0.0,0.0
2025-06-02 04:40:00+00:00,12.699999809265137,12.699999809265137,12.6899995803833,12.699999809265137,14780,0.0,0.0,0.0
2025-06-02 04:45:00+00:00,12.699999809265137,12.699999809265137,12.6899995803833,12.6899995803833,27823,0.0,0.0,0.0
2025-06-02 04:50:00+00:00,12.699999809265137,12.699999809265137,12.6899995803833,12.699999809265137,8026,0.0,0.0,0.0
2025-06-02 04:55:00+00:00,12.699999809265137,12.699999809265137,12.6899995803833,12.6899995803833,13317,0.0,0.0,0.0
2025-06-02 05:00:00+00:00,12.6899995803833,12.720000267028809,12.6899995803833,12.720000267028809,130152,0.0,0.0,0.0
2025-06-02 05:05:00+00:00,12.720000267028809,12.720000267028809,12.710000038146973,12.710000038146973,20569,0.0,0.0,0.0
2025-06-02 05:10:00+00:00,12.710000038146973,12.720000267028809,12.710000038146973,12.720000267028809,3261,0.0,0.0,0.0
2025-06-02 05:15:00+00:00,12.720000267028809,12.720000267028809,12.699999809265137,12.699999809265137,25074,0.0,0.0,0.0
2025-06-02 05:20:00+00:00,12.699999809265137,12.699999809265137,12.6899995803833,12.699999809265137,50420,0.0,0.0,0.0
2025-06-03 01:00:00+00:00,12.819999694824219,12.84000015258789,12.8100004196167,12.829999923706055,0,0.0,0.0,0.0
2025-06-03 01:05:00+00:00,12.84000015258789,12.859999656677246,12.84000015258789,12.859999656677246,55899,0.0,0.0,0.0
2025-06-03 01:10:00+00:00,12.859999656677246,12.859999656677246,12.850000381469727,12.859999656677246,93201,0.0,0.0,0.0
2025-06-03 01:15:00+00:00,12.869999885559082,12.869999885559082,12.859999656677246,12.859999656677246,32862,0.0,0.0,0.0
2025-06-03 01:20:00+00:00,12.859999656677246,12.869999885559082,12.859999656677246,12.869999885559082,66141,0.0,0.0,0.0
2025-06-03 01:25:00+00:00,12.869999885559082,12.880000114440918,12.859999656677246,12.880000114440918,74378,0.0,0.0,0.0
2025-06-03 01:30:00+00:00,12.880000114440918,12.880000114440918,12.880000114440918,12.880000114440918,73288,0.0,0.0,0.0
2025-06-03 01:35:00+00:00,12.890000343322754,12.899999618530273,12.890000343322754,12.890000343322754,21563,0.0,0.0,0.0
2025-06-03 01:40:00+00:00,12.899999618530273,12.899999618530273,12.899999618530273,12.899999618530273,34842,0.0,0.0,0.0
2025-06-03 01:45:00+00:00,12.90999984741211,12.90999984741211,12.899999618530273,12.90999984741211,14270,0.0,0.0,0.0
2025-06-03 01:50:00+00:00,12.90999984741211,12.90999984741211,12.890000343322754,12.899999618530273,51141,0.0,0.0,0.0
2025-06-03 01:55:00+00:00,12.899999618530273,12.899999618530273,12.899999618530273,12.899999618530273,2008,0.0,0.0,0.0
2025-06-03 02:00:00+00:00,12.899999618530273,12.899999618530273,12.880000114440918,12.880000114440918,23817,0.0,0.0,0.0
2025-06-03 02:05:00+00:00,12.880000114440918,12.880000114440918,12.84000015258789,12.84000015258789,107237,0.0,0.0,0.0
2025-06-03 02:10:00+00:00,12.84000015258789,12.84000015258789,12.819999694824219,12.819999694824219,15707,0.0,0.0,0.0
2025-06-03 02:15:00+00:00,12.819999694824219,12.819999694824219,12.800000190734863,12.8100004196167,15740,0.0,0.0,0.0
2025-06-03 02:20:00+00:00,12.819999694824219,12.819999694824219,12.819999694824219,12.819999694824219,1865,0.0,0.0,0.0
2025-06-03 02:25:00+00:00,12.819999694824219,12.819999694824219,12.8100004196167,12.8100004196167,4289,0.0,0.0,0.0
2025-06-03 02:30:00+00:00,12.819999694824219,12.819999694824219,12.800000190734863,12.8100004196167,16166,0.0,0.0,0.0
2025-06-03 02:35:00+00:00,12.8100004196167,12.8100004196167,12.800000190734863,12.800000190734863,20376,0.0,0.0,0.0
2025-06-03 02:40:00+00:00,12.800000190734863,12.800000190734863,12.779999732971191,12.779999732971191,18505,0.0,0.0,0.0
2025-06-03 02:45:00+00:00,12.800000190734863,12.800000190734863,12.789999961853027,12.789999961853027,10142,0.0,0.0,0.0
2025-06-03 02:50:00+00:00,12.789999961853027,12.789999961853027,12.789999961853027,12.789999961853027,26051,0.0,0.0,0.0
2025-06-03 02:55:00+00:00,12.8100004196167,12.8100004196167,12.8100004196167,12.8100004196167,1018,0.0,0.0,0.0
2025-06-03 03:00:00+00:00,12.8100004196167,12.8100004196167,12.800000190734863,12.800000190734863,24196,0.0,0.0,0.0
2025-06-03 03:05:00+00:00,12.8100004196167,12.8100004196167,12.8100004196167,12.8100004196167,1452,0.0,0.0,0.0
2025-06-03 03:15:00+00:00,12.8100004196167,12.8100004196167,12.8100004196167,12.8100004196167,5237,0.0,0.0,0.0
2025-06-03 03:20:00+00:00,12.8100004196167,12.8100004196167,12.8100004196167,12.8100004196167,48343,0.0,0.0,0.0
2025-06-03 03:25:00+00:00,12.8100004196167,12.8100004196167,12.8100004196167,12.8100004196167,3008,0.0,0.0,0.0
2025-06-03 03:30:00+00:00,12.8100004196167,12.8100004196167,12.8100004196167,12.8100004196167,3904,0.0,0.0,0.0
2025-06-03 03:40:00+00:00,12.8100004196167,12.819999694824219,12.8100004196167,12.819999694824219,34140,0.0,0.0,0.0
2025-06-03 03:45:00+00:00,12.819999694824219,12.819999694824219,12.8100004196167,12.8100004196167,51025,0.0,0.0,0.0
2025-06-03 03:50:00+00:00,12.800000190734863,12.800000190734863,12.800000190734863,12.800000190734863,4037,0.0,0.0,0.0
2025-06-03 03:55:00+00:00,12.8100004196167,12.8100004196167,12.8100004196167,12.8100004196167,3253,0.0,0.0,0.0
2025-06-03 04:00:00+00:00,12.800000190734863,12.800000190734863,12.800000190734863,12.800000190734863,130249,0.0,0.0,0.0
2025-06-03 04:05:00+00:00,12.8100004196167,12.8100004196167,12.8100004196167,12.8100004196167,1484,0.0,0.0,0.0
2025-06-03 04:10:00+00:00,12.8100004196167,12.8100004196167,12.8100004196167,12.8100004196167,1478,0.0,0.0,0.0
2025-06-03 04:15:00+00:00,12.800000190734863,12.800000190734863,12.800000190734863,12.800000190734863,1003,0.0,0.0,0.0
2025-06-03 04:20:00+00:00,12.800000190734863,12.800000190734863,12.789999961853027,12.789999961853027,6414,0.0,0.0,0.0
2025-06-03 04:25:00+00:00,12.789999961853027,12.789999961853027,12.789999961853027,12.789999961853027,5006,0.0,0.0,0.0
2025-06-03 04:30:00+00:00,12.800000190734863,12.800000190734863,12.800000190734863,12.800000190734863,8325,0.0,0.0,0.0
2025-06-03 04:35:00+00:00,12.800000190734863,12.800000190734863,12.800000190734863,12.800000190734863,1100,0.0,0.0,0.0
2025-06-03 04:40:00+00:00,12.800000190734863,12.800000190734863,12.800000190734863,12.800000190734863,1110,0.0,0.0,0.0
2025-06-03 04:45:00+00:00,12.789999961853027,12.789999961853027,12.789999961853027,12.789999961853027,5004,0.0,0.0,0.0
2025-06-03 04:50:00+00:00,12.789999961853027,12.789999961853027,12.789999961853027,12.789999961853027,3068,0.0,0.0,0.0
2025-06-03 04:55:00+00:00,12.779999732971191,12.779999732971191,12.779999732971191,12.779999732971191,5182,0.0,0.0,0.0
2025-06-03 05:00:00+00:00,12.789999961853027,12.789999961853027,12.789999961853027,12.789999961853027,12010,0.0,0.0,0.0
2025-06-03 05:05:00+00:00,12.789999961853027,12.789999961853027,12.789999961853027,12.789999961853027,12656,0.0,0.0,0.0
2025-06-03 05:10:00+00:00,12.789999961853027,12.789999961853027,12.789999961853027,12.789999961853027,4126,0.0,0.0,0.0
2025-06-03 05:15:00+00:00,12.800000190734863,12.800000190734863,12.779999732971191,12.779999732971191,12150,0.0,0.0,0.0
2025-06-03 05:20:00+00:00,12.789999961853027,12.800000190734863,12.779999732971191,12.779999732971191,16882,0.0,0.0,0.0
2025-06-04 01:00:00+00:00,12.899999618530273,12.970000267028809,12.899999618530273,12.960000038146973,92000,0.0,0.0,0.0
2025-06-04 01:05:00+00:00,12.960000038146973,12.979999542236328,12.960000038146973,12.979999542236328,79000,0.0,0.0,0.0
2025-06-04 01:10:00+00:00,12.989999771118164,12.989999771118164,12.970000267028809,12.979999542236328,127960,0.0,0.0,0.0
2025-06-04 01:15:00+00:00,12.989999771118164,13.0,12.979999542236328,12.989999771118164,154311,0.0,0.0,0.0
2025-06-04 01:20:00+00:00,12.989999771118164,13.010000228881836,12.989999771118164,13.010000228881836,242452,0.0,0.0,0.0
2025-06-04 01:25:00+00:00,13.020000457763672,13.020000457763672,13.020000457763672,13.020000457763672,57734,0.0,0.0,0.0
2025-06-04 01:30:00+00:00,13.029999732971191,13.029999732971191,13.020000457763672,13.020000457763672,43822,0.0,0.0,0.0
2025-06-04 01:35:00+00:00,13.020000457763672,13.029999732971191,13.010000228881836,13.010000228881836,100951,0.0,0.0,0.0
2025-06-04 01:40:00+00:00,13.020000457763672,13.020000457763672,13.010000228881836,13.020000457763672,69468,0.0,0.0,0.0
2025-06-04 01:45:00+00:00,13.020000457763672,13.029999732971191,13.020000457763672,13.020000457763672,48707,0.0,0.0,0.0
2025-06-04 01:50:00+00:00,13.020000457763672,13.029999732971191,13.020000457763672,13.029999732971191,118554,0.0,0.0,0.0
2025-06-04 01:55:00+00:00,13.020000457763672,13.020000457763672,13.010000228881836,13.020000457763672,29823,0.0,0.0,0.0
2025-06-04 02:00:00+00:00,13.010000228881836,13.020000457763672,13.010000228881836,13.010000228881836,26331,0.0,0.0,0.0
2025-06-04 02:05:00+00:00,13.010000228881836,13.010000228881836,13.010000228881836,13.010000228881836,21159,0.0,0.0,0.0
2025-06-04 02:10:00+00:00,13.020000457763672,13.029999732971191,13.020000457763672,13.029999732971191,201479,0.0,0.0,0.0
2025-06-04 02:15:00+00:00,13.020000457763672,13.020000457763672,13.010000228881836,13.010000228881836,5038,0.0,0.0,0.0
2025-06-04 02:20:00+00:00,13.010000228881836,13.020000457763672,13.010000228881836,13.020000457763672,31494,0.0,0.0,0.0
2025-06-04 02:25:00+00:00,13.020000457763672,13.029999732971191,13.020000457763672,13.020000457763672,40368,0.0,0.0,0.0
2025-06-04 02:30:00+00:00,13.029999732971191,13.039999961853027,13.029999732971191,13.029999732971191,255884,0.0,0.0,0.0
2025-06-04 02:35:00+00:00,13.029999732971191,13.029999732971191,13.029999732971191,13.029999732971191,54029,0.0,0.0,0.0
2025-06-04 02:40:00+00:00,13.020000457763672,13.029999732971191,13.020000457763672,13.029999732971191,103042,0.0,0.0,0.0
2025-06-04 02:45:00+00:00,13.029999732971191,13.029999732971191,13.029999732971191,13.029999732971191,12278,0.0,0.0,0.0
2025-06-04 02:50:00+00:00,13.029999732971191,13.029999732971191,13.020000457763672,13.029999732971191,230638,0.0,0.0,0.0
2025-06-04 02:55:00+00:00,13.020000457763672,13.020000457763672,13.020000457763672,13.020000457763672,6186,0.0,0.0,0.0
2025-06-04 03:00:00+00:00,13.020000457763672,13.020000457763672,13.020000457763672,13.020000457763672,8143,0.0,0.0,0.0
2025-06-04 03:05:00+00:00,13.029999732971191,13.029999732971191,13.020000457763672,13.020000457763672,50039,0.0,0.0,0.0
2025-06-04 03:10:00+00:00,13.029999732971191,13.029999732971191,13.020000457763672,13.020000457763672,25467,0.0,0.0,0.0
2025-06-04 03:15:00+00:00,13.020000457763672,13.029999732971191,13.020000457763672,13.029999732971191,26047,0.0,0.0,0.0
2025-06-04 03:20:00+00:00,13.029999732971191,13.029999732971191,13.020000457763672,13.020000457763672,220073,0.0,0.0,0.0
2025-06-04 03:25:00+00:00,13.029999732971191,13.029999732971191,13.029999732971191,13.029999732971191,3013,0.0,0.0,0.0
2025-06-04 03:30:00+00:00,13.029999732971191,13.029999732971191,13.029999732971191,13.029999732971191,6249,0.0,0.0,0.0
2025-06-04 03:35:00+00:00,13.020000457763672,13.020000457763672,13.010000228881836,13.010000228881836,375186,0.0,0.0,0.0
2025-06-04 03:40:00+00:00,13.020000457763672,13.020000457763672,13.010000228881836,13.010000228881836,28364,0.0,0.0,0.0
2025-06-04 03:45:00+00:00,13.010000228881836,13.010000228881836,13.010000228881836,13.010000228881836,220112,0.0,0.0,0.0
2025-06-04 03:50:00+00:00,13.010000228881836,13.010000228881836,13.0,13.0,51050,0.0,0.0,0.0
2025-06-04 03:55:00+00:00,13.0,13.0,13.0,13.0,21074,0.0,0.0,0.0
2025-06-04 04:00:00+00:00,13.0,13.0,13.0,13.0,9030,0.0,0.0,0.0
2025-06-04 04:05:00+00:00,13.0,13.0,12.989999771118164,12.989999771118164,28044,0.0,0.0,0.0
2025-06-04 04:10:00+00:00,12.989999771118164,13.0,12.989999771118164,13.0,44226,0.0,0.0,0.0
2025-06-04 04:15:00+00:00,13.0,13.010000228881836,13.0,13.010000228881836,13492,0.0,0.0,0.0
2025-06-04 04:20:00+00:00,13.010000228881836,13.020000457763672,13.010000228881836,13.020000457763672,106060,0.0,0.0,0.0
2025-06-04 04:25:00+00:00,13.020000457763672,13.020000457763672,13.010000228881836,13.010000228881836,17028,0.0,0.0,0.0
2025-06-04 04:30:00+00:00,13.020000457763672,13.020000457763672,13.010000228881836,13.010000228881836,23237,0.0,0.0,0.0
2025-06-04 04:35:00+00:00,13.010000228881836,13.020000457763672,13.010000228881836,13.010000228881836,213340,0.0,0.0,0.0
2025-06-04 04:40:00+00:00,13.010000228881836,13.010000228881836,13.010000228881836,13.010000228881836,25610,0.0,0.0,0.0
2025-06-04 04:45:00+00:00,13.010000228881836,13.010000228881836,13.010000228881836,13.010000228881836,55411,0.0,0.0,0.0
2025-06-04 04:50:00+00:00,13.010000228881836,13.010000228881836,13.010000228881836,13.010000228881836,38030,0.0,0.0,0.0
2025-06-04 04:55:00+00:00,13.010000228881836,13.010000228881836,13.0,13.0,20125,0.0,0.0,0.0
2025-06-04 05:00:00+00:00,13.010000228881836,13.010000228881836,13.010000228881836,13.010000228881836,14470,0.0,0.0,0.0
2025-06-04 05:05:00+00:00,13.010000228881836,13.010000228881836,13.010000228881836,13.010000228881836,27125,0.0,0.0,0.0
2025-06-04 05:10:00+00:00,13.010000228881836,13.010000228881836,13.0,13.0,34333,0.0,0.0,0.0
2025-06-04 05:15:00+00:00,13.020000457763672,13.020000457763672,13.010000228881836,13.020000457763672,26365,0.0,0.0,0.0
2025-06-04 05:20:00+00:00,13.020000457763672,13.020000457763672,13.010000228881836,13.010000228881836,5425,0.0,0.0,0.0
2025-06-05 01:00:00+00:00,13.039999961853027,13.069999694824219,13.039999961853027,13.069999694824219,160000,0.0,0.0,0.0
2025-06-05 01:05:00+00:00,13.0600004196167,13.069999694824219,13.0600004196167,13.069999694824219,79807,0.0,0.0,0.0
2025-06-05 01:10:00+00:00,13.069999694824219,13.069999694824219,13.0600004196167,13.069999694824219,41062,0.0,0.0,0.0
2025-06-05 01:15:00+00:00,13.069999694824219,13.079999923706055,13.069999694824219,13.069999694824219,121831,0.0,0.0,0.0
2025-06-05 01:20:00+00:00,13.069999694824219,13.069999694824219,13.069999694824219,13.069999694824219,12072,0.0,0.0,0.0
2025-06-05 01:25:00+00:00,13.0600004196167,13.069999694824219,13.0600004196167,13.0600004196167,78121,0.0,0.0,0.0
2025-06-05 01:30:00+00:00,13.069999694824219,13.069999694824219,13.050000190734863,13.0600004196167,35337,0.0,0.0,0.0
2025-06-05 01:35:00+00:00,13.0600004196167,13.069999694824219,13.0600004196167,13.069999694824219,109816,0.0,0.0,0.0
2025-06-05 01:40:00+00:00,13.069999694824219,13.069999694824219,13.069999694824219,13.069999694824219,13342,0.0,0.0,0.0
2025-06-05 01:45:00+00:00,13.079999923706055,13.09000015258789,13.079999923706055,13.079999923706055,193572,0.0,0.0,0.0
2025-06-05 01:50:00+00:00,13.079999923706055,13.079999923706055,13.079999923706055,13.079999923706055,19042,0.0,0.0,0.0
2025-06-05 01:55:00+00:00,13.079999923706055,13.079999923706055,13.069999694824219,13.069999694824219,83231,0.0,0.0,0.0
2025-06-05 02:00:00+00:00,13.069999694824219,13.079999923706055,13.0600004196167,13.079999923706055,50045,0.0,0.0,0.0
2025-06-05 02:05:00+00:00,13.079999923706055,13.079999923706055,13.039999961853027,13.039999961853027,29682,0.0,0.0,0.0
2025-06-05 02:10:00+00:00,13.050000190734863,13.050000190734863,13.029999732971191,13.039999961853027,34360,0.0,0.0,0.0
2025-06-05 02:15:00+00:00,13.039999961853027,13.039999961853027,13.020000457763672,13.020000457763672,13186,0.0,0.0,0.0
2025-06-05 02:20:00+00:00,13.029999732971191,13.039999961853027,13.020000457763672,13.020000457763672,29362,0.0,0.0,0.0
2025-06-05 02:25:00+00:00,13.010000228881836,13.020000457763672,13.0,13.010000228881836,57182,0.0,0.0,0.0
2025-06-05 02:30:00+00:00,13.010000228881836,13.010000228881836,13.0,13.010000228881836,24780,0.0,0.0,0.0
2025-06-05 02:35:00+00:00,13.010000228881836,13.020000457763672,13.010000228881836,13.010000228881836,17062,0.0,0.0,0.0
2025-06-05 02:40:00+00:00,13.0,13.010000228881836,13.0,13.0,51043,0.0,0.0,0.0
2025-06-05 02:45:00+00:00,12.989999771118164,12.989999771118164,12.989999771118164,12.989999771118164,2215,0.0,0.0,0.0
2025-06-05 02:50:00+00:00,13.0,13.0,12.989999771118164,13.0,5107,0.0,0.0,0.0
2025-06-05 02:55:00+00:00,12.989999771118164,13.0,12.989999771118164,13.0,30714,0.0,0.0,0.0
2025-06-05 03:00:00+00:00,13.0,13.0,12.989999771118164,12.989999771118164,3043,0.0,0.0,0.0
2025-06-05 03:05:00+00:00,13.0,13.0,13.0,13.0,9499,0.0,0.0,0.0
2025-06-05 03:10:00+00:00,12.989999771118164,13.0,12.989999771118164,13.0,61034,0.0,0.0,0.0
2025-06-05 03:15:00+00:00,13.010000228881836,13.010000228881836,13.0,13.010000228881836,4086,0.0,0.0,0.0
2025-06-05 03:20:00+00:00,13.010000228881836,13.020000457763672,13.010000228881836,13.020000457763672,4407,0.0,0.0,0.0
2025-06-05 03:25:00+00:00,13.010000228881836,13.020000457763672,13.010000228881836,13.020000457763672,2831,0.0,0.0,0.0
2025-06-05 03:30:00+00:00,13.020000457763672,13.020000457763672,13.010000228881836,13.010000228881836,26780,0.0,0.0,0.0
2025-06-05 03:35:00+00:00,13.020000457763672,13.020000457763672,13.010000228881836,13.010000228881836,5303,0.0,0.0,0.0
2025-06-05 03:40:00+00:00,13.010000228881836,13.020000457763672,13.010000228881836,13.010000228881836,6051,0.0,0.0,0.0
2025-06-05 03:45:00+00:00,13.020000457763672,13.020000457763672,13.020000457763672,13.020000457763672,16143,0.0,0.0,0.0
2025-06-05 03:50:00+00:00,13.010000228881836,13.029999732971191,13.010000228881836,13.029999732971191,3594,0.0,0.0,0.0
2025-06-05 03:55:00+00:00,13.010000228881836,13.010000228881836,13.010000228881836,13.010000228881836,1005,0.0,0.0,0.0
2025-06-05 04:00:00+00:00,13.010000228881836,13.020000457763672,13.010000228881836,13.010000228881836,16062,0.0,0.0,0.0
2025-06-05 04:05:00+00:00,13.0,13.010000228881836,13.0,13.010000228881836,13343,0.0,0.0,0.0
2025-06-05 04:10:00+00:00,13.010000228881836,13.010000228881836,13.0,13.010000228881836,4178,0.0,0.0,0.0
2025-06-05 04:15:00+00:00,13.010000228881836,13.010000228881836,13.0,13.0,4655,0.0,0.0,0.0
2025-06-05 04:20:00+00:00,13.010000228881836,13.010000228881836,13.0,13.010000228881836,15225,0.0,0.0,0.0
2025-06-05 04:25:00+00:00,13.0,13.0,12.989999771118164,12.989999771118164,18141,0.0,0.0,0.0
2025-06-05 04:30:00+00:00,13.0,13.0,12.989999771118164,13.0,19644,0.0,0.0,0.0
2025-06-05 04:35:00+00:00,13.0,13.0,13.0,13.0,3004,0.0,0.0,0.0
2025-06-05 04:40:00+00:00,13.0,13.010000228881836,13.0,13.0,6310,0.0,0.0,0.0
2025-06-05 04:45:00+00:00,13.0,13.0,13.0,13.0,23420,0.0,0.0,0.0
2025-06-05 04:50:00+00:00,13.0,13.010000228881836,13.0,13.0,16115,0.0,0.0,0.0
2025-06-05 04:55:00+00:00,13.0,13.0,13.0,13.0,2240,0.0,0.0,0.0
2025-06-05 05:00:00+00:00,12.989999771118164,12.989999771118164,12.989999771118164,12.989999771118164,41220,0.0,0.0,0.0
2025-06-05 05:05:00+00:00,12.989999771118164,12.989999771118164,12.979999542236328,12.979999542236328,54238,0.0,0.0,0.0
2025-06-05 05:10:00+00:00,12.979999542236328,12.989999771118164,12.979999542236328,12.989999771118164,154074,0.0,0.0,0.0
2025-06-05 05:15:00+00:00,12.989999771118164,13.0,12.989999771118164,13.0,19183,0.0,0.0,0.0
2025-06-05 05:20:00+00:00,13.0,13.0,12.989999771118164,13.0,12314,0.0,0.0,0.0
2025-06-06 01:00:00+00:00,13.0,13.0,12.960000038146973,12.970000267028809,197000,0.0,0.0,0.0
2025-06-06 01:05:00+00:00,12.979999542236328,13.0,12.979999542236328,13.0,16843,0.0,0.0,0.0
2025-06-06 01:10:00+00:00,12.989999771118164,13.010000228881836,12.989999771118164,13.010000228881836,32389,0.0,0.0,0.0
2025-06-06 01:15:00+00:00,13.010000228881836,13.020000457763672,13.010000228881836,13.020000457763672,26632,0.0,0.0,0.0
2025-06-06 01:20:00+00:00,13.020000457763672,13.020000457763672,13.0,13.0,24733,0.0,0.0,0.0
2025-06-06 01:25:00+00:00,13.010000228881836,13.010000228881836,13.0,13.010000228881836,34387,0.0,0.0,0.0
2025-06-06 01:30:00+00:00,13.0,13.0,12.989999771118164,13.0,25650,0.0,0.0,0.0
2025-06-06 01:35:00+00:00,13.0,13.0,13.0,13.0,113108,0.0,0.0,0.0
2025-06-06 01:40:00+00:00,12.989999771118164,12.989999771118164,12.979999542236328,12.989999771118164,40958,0.0,0.0,0.0
2025-06-06 01:45:00+00:00,12.989999771118164,12.989999771118164,12.970000267028809,12.979999542236328,11260,0.0,0.0,0.0
2025-06-06 01:50:00+00:00,12.979999542236328,12.979999542236328,12.970000267028809,12.970000267028809,24468,0.0,0.0,0.0
2025-06-06 01:55:00+00:00,12.979999542236328,12.979999542236328,12.970000267028809,12.970000267028809,17410,0.0,0.0,0.0
2025-06-06 02:00:00+00:00,12.970000267028809,12.970000267028809,12.970000267028809,12.970000267028809,6174,0.0,0.0,0.0
2025-06-06 02:05:00+00:00,12.970000267028809,12.970000267028809,12.960000038146973,12.960000038146973,72886,0.0,0.0,0.0
2025-06-06 02:10:00+00:00,12.960000038146973,12.960000038146973,12.960000038146973,12.960000038146973,9913,0.0,0.0,0.0
2025-06-06 02:15:00+00:00,12.970000267028809,12.970000267028809,12.960000038146973,12.970000267028809,11274,0.0,0.0,0.0
2025-06-06 02:20:00+00:00,12.970000267028809,12.970000267028809,12.970000267028809,12.970000267028809,9127,0.0,0.0,0.0
2025-06-06 02:25:00+00:00,12.970000267028809,12.970000267028809,12.970000267028809,12.970000267028809,11135,0.0,0.0,0.0
2025-06-06 02:30:00+00:00,12.979999542236328,12.979999542236328,12.979999542236328,12.979999542236328,19174,0.0,0.0,0.0
2025-06-06 02:35:00+00:00,12.979999542236328,12.979999542236328,12.970000267028809,12.979999542236328,10343,0.0,0.0,0.0
2025-06-06 02:40:00+00:00,12.979999542236328,12.979999542236328,12.979999542236328,12.979999542236328,28189,0.0,0.0,0.0
2025-06-06 02:45:00+00:00,12.989999771118164,12.989999771118164,12.979999542236328,12.989999771118164,16683,0.0,0.0,0.0
2025-06-06 02:50:00+00:00,12.989999771118164,12.989999771118164,12.989999771118164,12.989999771118164,3019,0.0,0.0,0.0
2025-06-06 02:55:00+00:00,12.989999771118164,12.989999771118164,12.989999771118164,12.989999771118164,4538,0.0,0.0,0.0
2025-06-06 03:00:00+00:00,12.989999771118164,12.989999771118164,12.979999542236328,12.979999542236328,16538,0.0,0.0,0.0
2025-06-06 03:05:00+00:00,12.979999542236328,12.979999542236328,12.970000267028809,12.970000267028809,19161,0.0,0.0,0.0
2025-06-06 03:10:00+00:00,12.970000267028809,12.970000267028809,12.960000038146973,12.970000267028809,5048,0.0,0.0,0.0
2025-06-06 03:15:00+00:00,12.970000267028809,12.970000267028809,12.960000038146973,12.960000038146973,98035,0.0,0.0,0.0
2025-06-06 03:20:00+00:00,12.970000267028809,12.979999542236328,12.970000267028809,12.979999542236328,48967,0.0,0.0,0.0
2025-06-06 03:25:00+00:00,12.979999542236328,12.989999771118164,12.979999542236328,12.979999542236328,11280,0.0,0.0,0.0
2025-06-06 03:30:00+00:00,12.989999771118164,12.989999771118164,12.960000038146973,12.960000038146973,29111,0.0,0.0,0.0
2025-06-06 03:35:00+00:00,12.970000267028809,12.970000267028809,12.970000267028809,12.970000267028809,5010,0.0,0.0,0.0
2025-06-06 03:40:00+00:00,12.979999542236328,12.979999542236328,12.979999542236328,12.979999542236328,1226,0.0,0.0,0.0
2025-06-06 03:45:00+00:00,12.970000267028809,12.979999542236328,12.970000267028809,12.979999542236328,3868,0.0,0.0,0.0
2025-06-06 03:50:00+00:00,12.979999542236328,12.979999542236328,12.970000267028809,12.970000267028809,3005,0.0,0.0,0.0
2025-06-06 03:55:00+00:00,12.970000267028809,12.970000267028809,12.970000267028809,12.970000267028809,7043,0.0,0.0,0.0
2025-06-06 04:00:00+00:00,12.970000267028809,12.979999542236328,12.960000038146973,12.960000038146973,10355,0.0,0.0,0.0
2025-06-06 04:05:00+00:00,12.970000267028809,12.970000267028809,12.970000267028809,12.970000267028809,2741,0.0,0.0,0.0
2025-06-06 04:10:00+00:00,12.960000038146973,12.970000267028809,12.960000038146973,12.970000267028809,13069,0.0,0.0,0.0
2025-06-06 04:15:00+00:00,12.970000267028809,12.970000267028809,12.970000267028809,12.970000267028809,4755,0.0,0.0,0.0
2025-06-06 04:20:00+00:00,12.970000267028809,12.970000267028809,12.960000038146973,12.960000038146973,8459,0.0,0.0,0.0
2025-06-06 04:25:00+00:00,12.970000267028809,12.970000267028809,12.970000267028809,12.970000267028809,7568,0.0,0.0,0.0
2025-06-06 04:30:00+00:00,12.970000267028809,12.970000267028809,12.960000038146973,12.970000267028809,17520,0.0,0.0,0.0
2025-06-06 04:35:00+00:00,12.960000038146973,12.970000267028809,12.960000038146973,12.970000267028809,5537,0.0,0.0,0.0
2025-06-06 04:40:00+00:00,12.970000267028809,12.970000267028809,12.960000038146973,12.960000038146973,14620,0.0,0.0,0.0
2025-06-06 04:45:00+00:00,12.960000038146973,12.970000267028809,12.960000038146973,12.960000038146973,22744,0.0,0.0,0.0
2025-06-06 04:50:00+00:00,12.970000267028809,12.970000267028809,12.960000038146973,12.960000038146973,7437,0.0,0.0,0.0
2025-06-06 04:55:00+00:00,12.970000267028809,12.970000267028809,12.970000267028809,12.970000267028809,5110,0.0,0.0,0.0
2025-06-06 05:00:00+00:00,12.970000267028809,12.970000267028809,12.960000038146973,12.960000038146973,16277,0.0,0.0,0.0
2025-06-06 05:05:00+00:00,12.970000267028809,12.979999542236328,12.970000267028809,12.970000267028809,9073,0.0,0.0,0.0
2025-06-06 05:10:00+00:00,12.979999542236328,12.979999542236328,12.979999542236328,12.979999542236328,3569,0.0,0.0,0.0
2025-06-06 05:15:00+00:00,12.979999542236328,12.989999771118164,12.979999542236328,12.989999771118164,31212,0.0,0.0,0.0
2025-06-06 05:20:00+00:00,12.979999542236328,12.979999542236328,12.979999542236328,12.979999542236328,8252,0.0,0.0,0.0
2025-06-09 01:00:00+00:00,13.039999961853027,13.079999923706055,13.039999961853027,13.069999694824219,0,0.0,0.0,0.0
2025-06-09 01:05:00+00:00,13.069999694824219,13.069999694824219,13.0600004196167,13.069999694824219,0,0.0,0.0,0.0
2025-06-09 01:10:00+00:00,13.0600004196167,13.069999694824219,13.0600004196167,13.069999694824219,249750,0.0,0.0,0.0
2025-06-09 01:15:00+00:00,13.069999694824219,13.069999694824219,13.050000190734863,13.069999694824219,136433,0.0,0.0,0.0
2025-06-09 01:20:00+00:00,13.069999694824219,13.069999694824219,13.0600004196167,13.0600004196167,40669,0.0,0.0,0.0
2025-06-09 01:25:00+00:00,13.0600004196167,13.069999694824219,13.039999961853027,13.039999961853027,43668,0.0,0.0,0.0
2025-06-09 01:30:00+00:00,13.050000190734863,13.050000190734863,13.029999732971191,13.039999961853027,23894,0.0,0.0,0.0
2025-06-09 01:35:00+00:00,13.020000457763672,13.029999732971191,13.010000228881836,13.010000228881836,187730,0.0,0.0,0.0
2025-06-09 01:40:00+00:00,13.029999732971191,13.029999732971191,13.029999732971191,13.029999732971191,5028,0.0,0.0,0.0
2025-06-09 01:45:00+00:00,13.029999732971191,13.029999732971191,13.020000457763672,13.020000457763672,7043,0.0,0.0,0.0
2025-06-09 01:50:00+00:00,13.029999732971191,13.029999732971191,13.010000228881836,13.010000228881836,15606,0.0,0.0,0.0
2025-06-09 01:55:00+00:00,13.010000228881836,13.020000457763672,13.010000228881836,13.020000457763672,25641,0.0,0.0,0.0
2025-06-09 02:00:00+00:00,13.029999732971191,13.029999732971191,13.010000228881836,13.010000228881836,4193,0.0,0.0,0.0
2025-06-09 02:05:00+00:00,13.020000457763672,13.029999732971191,13.020000457763672,13.029999732971191,24531,0.0,0.0,0.0
2025-06-09 02:10:00+00:00,13.020000457763672,13.020000457763672,13.020000457763672,13.020000457763672,12436,0.0,0.0,0.0
2025-06-09 02:15:00+00:00,13.020000457763672,13.020000457763672,13.020000457763672,13.020000457763672,9652,0.0,0.0,0.0
2025-06-09 02:20:00+00:00,13.020000457763672,13.020000457763672,13.020000457763672,13.020000457763672,1328,0.0,0.0,0.0
2025-06-09 02:25:00+00:00,13.010000228881836,13.010000228881836,13.010000228881836,13.010000228881836,5038,0.0,0.0,0.0
2025-06-09 02:30:00+00:00,13.020000457763672,13.020000457763672,13.010000228881836,13.010000228881836,37284,0.0,0.0,0.0
2025-06-09 02:35:00+00:00,13.020000457763672,13.029999732971191,13.020000457763672,13.029999732971191,134186,0.0,0.0,0.0
2025-06-09 02:40:00+00:00,13.039999961853027,13.039999961853027,13.039999961853027,13.039999961853027,10805,0.0,0.0,0.0
2025-06-09 02:45:00+00:00,13.039999961853027,13.039999961853027,13.029999732971191,13.039999961853027,176698,0.0,0.0,0.0
2025-06-09 02:50:00+00:00,13.039999961853027,13.039999961853027,13.039999961853027,13.039999961853027,1047,0.0,0.0,0.0
2025-06-09 02:55:00+00:00,13.029999732971191,13.039999961853027,13.029999732971191,13.039999961853027,23407,0.0,0.0,0.0
2025-06-09 03:00:00+00:00,13.050000190734863,13.050000190734863,13.029999732971191,13.050000190734863,167210,0.0,0.0,0.0
2025-06-09 03:05:00+00:00,13.0600004196167,13.0600004196167,13.050000190734863,13.050000190734863,9750,0.0,0.0,0.0
2025-06-09 03:10:00+00:00,13.050000190734863,13.050000190734863,13.029999732971191,13.050000190734863,60137,0.0,0.0,0.0
2025-06-09 03:15:00+00:00,13.0600004196167,13.0600004196167,13.050000190734863,13.050000190734863,71247,0.0,0.0,0.0
2025-06-09 03:20:00+00:00,13.050000190734863,13.050000190734863,13.039999961853027,13.039999961853027,15179,0.0,0.0,0.0
2025-06-09 03:25:00+00:00,13.029999732971191,13.029999732971191,13.029999732971191,13.029999732971191,10017,0.0,0.0,0.0
2025-06-09 03:30:00+00:00,13.039999961853027,13.039999961853027,13.039999961853027,13.039999961853027,4448,0.0,0.0,0.0
2025-06-09 03:35:00+00:00,13.020000457763672,13.039999961853027,13.020000457763672,13.039999961853027,16484,0.0,0.0,0.0
2025-06-09 03:40:00+00:00,13.039999961853027,13.039999961853027,13.039999961853027,13.039999961853027,1050,0.0,0.0,0.0
2025-06-09 03:45:00+00:00,13.039999961853027,13.039999961853027,13.020000457763672,13.039999961853027,34042,0.0,0.0,0.0
2025-06-09 03:50:00+00:00,13.029999732971191,13.039999961853027,13.029999732971191,13.029999732971191,69549,0.0,0.0,0.0
2025-06-09 03:55:00+00:00,13.029999732971191,13.039999961853027,13.029999732971191,13.039999961853027,26550,0.0,0.0,0.0
2025-06-09 04:00:00+00:00,13.039999961853027,13.050000190734863,13.039999961853027,13.050000190734863,63379,0.0,0.0,0.0
2025-06-09 04:05:00+00:00,13.050000190734863,13.050000190734863,13.050000190734863,13.050000190734863,11540,0.0,0.0,0.0
2025-06-09 04:10:00+00:00,13.050000190734863,13.050000190734863,13.050000190734863,13.050000190734863,1008,0.0,0.0,0.0
2025-06-09 04:15:00+00:00,13.050000190734863,13.050000190734863,13.039999961853027,13.039999961853027,9824,0.0,0.0,0.0
2025-06-09 04:20:00+00:00,13.039999961853027,13.039999961853027,13.039999961853027,13.039999961853027,8372,0.0,0.0,0.0
2025-06-09 04:25:00+00:00,13.039999961853027,13.039999961853027,13.039999961853027,13.039999961853027,2016,0.0,0.0,0.0
2025-06-09 04:30:00+00:00,13.039999961853027,13.039999961853027,13.029999732971191,13.029999732971191,31562,0.0,0.0,0.0
2025-06-09 04:35:00+00:00,13.039999961853027,13.039999961853027,13.039999961853027,13.039999961853027,63301,0.0,0.0,0.0
2025-06-09 04:40:00+00:00,13.039999961853027,13.039999961853027,13.039999961853027,13.039999961853027,10510,0.0,0.0,0.0
2025-06-09 04:45:00+00:00,13.039999961853027,13.050000190734863,13.029999732971191,13.050000190734863,23925,0.0,0.0,0.0
2025-06-09 04:50:00+00:00,13.050000190734863,13.050000190734863,13.039999961853027,13.039999961853027,27213,0.0,0.0,0.0
2025-06-09 04:55:00+00:00,13.029999732971191,13.039999961853027,13.029999732971191,13.029999732971191,12010,0.0,0.0,0.0
2025-06-09 05:00:00+00:00,13.039999961853027,13.039999961853027,13.039999961853027,13.039999961853027,3252,0.0,0.0,0.0
2025-06-09 05:05:00+00:00,13.039999961853027,13.039999961853027,13.039999961853027,13.039999961853027,18275,0.0,0.0,0.0
2025-06-09 05:10:00+00:00,13.029999732971191,13.039999961853027,13.029999732971191,13.039999961853027,4863,0.0,0.0,0.0
2025-06-09 05:15:00+00:00,13.039999961853027,13.039999961853027,13.029999732971191,13.029999732971191,29676,0.0,0.0,0.0
2025-06-09 05:20:00+00:00,13.029999732971191,13.039999961853027,13.029999732971191,13.029999732971191,25368,0.0,0.0,0.0
2025-06-10 01:00:00+00:00,13.109999656677246,13.140000343322754,13.109999656677246,13.130000114440918,145000,0.0,0.0,0.0
2025-06-10 01:05:00+00:00,13.130000114440918,13.149999618530273,13.130000114440918,13.140000343322754,269825,0.0,0.0,0.0
2025-06-10 01:10:00+00:00,13.140000343322754,13.149999618530273,13.140000343322754,13.149999618530273,105660,0.0,0.0,0.0
2025-06-10 01:15:00+00:00,13.140000343322754,13.149999618530273,13.140000343322754,13.149999618530273,58203,0.0,0.0,0.0
2025-06-10 01:20:00+00:00,13.149999618530273,13.15999984741211,13.140000343322754,13.15999984741211,216655,0.0,0.0,0.0
2025-06-10 01:25:00+00:00,13.15999984741211,13.180000305175781,13.15999984741211,13.180000305175781,236972,0.0,0.0,0.0
2025-06-10 01:30:00+00:00,13.1899995803833,13.210000038146973,13.1899995803833,13.210000038146973,166456,0.0,0.0,0.0
2025-06-10 01:35:00+00:00,13.210000038146973,13.220000267028809,13.199999809265137,13.210000038146973,122750,0.0,0.0,0.0
2025-06-10 01:40:00+00:00,13.210000038146973,13.229999542236328,13.210000038146973,13.220000267028809,175887,0.0,0.0,0.0
2025-06-10 01:45:00+00:00,13.229999542236328,13.239999771118164,13.229999542236328,13.239999771118164,193309,0.0,0.0,0.0
2025-06-10 01:50:00+00:00,13.239999771118164,13.25,13.239999771118164,13.239999771118164,181334,0.0,0.0,0.0
2025-06-10 01:55:00+00:00,13.239999771118164,13.260000228881836,13.239999771118164,13.239999771118164,322899,0.0,0.0,0.0
2025-06-10 02:00:00+00:00,13.260000228881836,13.260000228881836,13.239999771118164,13.239999771118164,40667,0.0,0.0,0.0
2025-06-10 02:05:00+00:00,13.239999771118164,13.239999771118164,13.220000267028809,13.229999542236328,217103,0.0,0.0,0.0
2025-06-10 02:10:00+00:00,13.229999542236328,13.239999771118164,13.229999542236328,13.229999542236328,143310,0.0,0.0,0.0
2025-06-10 02:15:00+00:00,13.229999542236328,13.25,13.229999542236328,13.25,135655,0.0,0.0,0.0
2025-06-10 02:20:00+00:00,13.25,13.260000228881836,13.239999771118164,13.25,319025,0.0,0.0,0.0
2025-06-10 02:25:00+00:00,13.25,13.260000228881836,13.25,13.260000228881836,117563,0.0,0.0,0.0
2025-06-10 02:30:00+00:00,13.260000228881836,13.260000228881836,13.25,13.260000228881836,52087,0.0,0.0,0.0
2025-06-10 02:35:00+00:00,13.260000228881836,13.260000228881836,13.25,13.260000228881836,104385,0.0,0.0,0.0
2025-06-10 02:40:00+00:00,13.260000228881836,13.279999732971191,13.25,13.270000457763672,176386,0.0,0.0,0.0
2025-06-10 02:45:00+00:00,13.270000457763672,13.279999732971191,13.270000457763672,13.270000457763672,95526,0.0,0.0,0.0
2025-06-10 02:50:00+00:00,13.270000457763672,13.289999961853027,13.270000457763672,13.279999732971191,114200,0.0,0.0,0.0
2025-06-10 02:55:00+00:00,13.279999732971191,13.279999732971191,13.279999732971191,13.279999732971191,7119,0.0,0.0,0.0
2025-06-10 03:00:00+00:00,13.279999732971191,13.279999732971191,13.279999732971191,13.279999732971191,116373,0.0,0.0,0.0
2025-06-10 03:05:00+00:00,13.279999732971191,13.289999961853027,13.279999732971191,13.279999732971191,21651,0.0,0.0,0.0
2025-06-10 03:10:00+00:00,13.279999732971191,13.300000190734863,13.279999732971191,13.289999961853027,150662,0.0,0.0,0.0
2025-06-10 03:15:00+00:00,13.279999732971191,13.279999732971191,13.279999732971191,13.279999732971191,20224,0.0,0.0,0.0
2025-06-10 03:20:00+00:00,13.289999961853027,13.300000190734863,13.289999961853027,13.300000190734863,44118,0.0,0.0,0.0
2025-06-10 03:25:00+00:00,13.300000190734863,13.300000190734863,13.289999961853027,13.300000190734863,14250,0.0,0.0,0.0
2025-06-10 03:30:00+00:00,13.300000190734863,13.300000190734863,13.289999961853027,13.300000190734863,16827,0.0,0.0,0.0
2025-06-10 03:35:00+00:00,13.289999961853027,13.300000190734863,13.279999732971191,13.300000190734863,86606,0.0,0.0,0.0
2025-06-10 03:40:00+00:00,13.300000190734863,13.300000190734863,13.289999961853027,13.300000190734863,19804,0.0,0.0,0.0
2025-06-10 03:45:00+00:00,13.300000190734863,13.300000190734863,13.289999961853027,13.300000190734863,428060,0.0,0.0,0.0
2025-06-10 03:50:00+00:00,13.300000190734863,13.3100004196167,13.289999961853027,13.300000190734863,13979,0.0,0.0,0.0
2025-06-10 03:55:00+00:00,13.289999961853027,13.300000190734863,13.289999961853027,13.300000190734863,66057,0.0,0.0,0.0
2025-06-10 04:00:00+00:00,13.300000190734863,13.3100004196167,13.300000190734863,13.300000190734863,1009548,0.0,0.0,0.0
2025-06-10 04:05:00+00:00,13.300000190734863,13.3100004196167,13.300000190734863,13.300000190734863,23368,0.0,0.0,0.0
2025-06-10 04:10:00+00:00,13.3100004196167,13.3100004196167,13.300000190734863,13.300000190734863,52378,0.0,0.0,0.0
2025-06-10 04:15:00+00:00,13.300000190734863,13.3100004196167,13.300000190734863,13.3100004196167,54057,0.0,0.0,0.0
2025-06-10 04:20:00+00:00,13.3100004196167,13.3100004196167,13.300000190734863,13.300000190734863,57238,0.0,0.0,0.0
2025-06-10 04:25:00+00:00,13.300000190734863,13.300000190734863,13.300000190734863,13.300000190734863,49312,0.0,0.0,0.0
2025-06-10 04:30:00+00:00,13.3100004196167,13.3100004196167,13.300000190734863,13.300000190734863,11720,0.0,0.0,0.0
2025-06-10 04:35:00+00:00,13.289999961853027,13.300000190734863,13.289999961853027,13.300000190734863,81011,0.0,0.0,0.0
2025-06-10 04:40:00+00:00,13.300000190734863,13.3100004196167,13.300000190734863,13.300000190734863,115845,0.0,0.0,0.0
2025-06-10 04:45:00+00:00,13.300000190734863,13.3100004196167,13.300000190734863,13.3100004196167,20020,0.0,0.0,0.0
2025-06-10 04:50:00+00:00,13.300000190734863,13.3100004196167,13.300000190734863,13.300000190734863,50705,0.0,0.0,0.0
2025-06-10 04:55:00+00:00,13.3100004196167,13.319999694824219,13.3100004196167,13.319999694824219,433120,0.0,0.0,0.0
2025-06-10 05:00:00+00:00,13.319999694824219,13.319999694824219,13.319999694824219,13.319999694824219,94270,0.0,0.0,0.0
2025-06-10 05:05:00+00:00,13.319999694824219,13.319999694824219,13.3100004196167,13.3100004196167,105239,0.0,0.0,0.0
2025-06-10 05:10:00+00:00,13.3100004196167,13.3100004196167,13.3100004196167,13.3100004196167,36655,0.0,0.0,0.0
2025-06-10 05:15:00+00:00,13.319999694824219,13.319999694824219,13.3100004196167,13.3100004196167,119263,0.0,0.0,0.0
2025-06-10 05:20:00+00:00,13.3100004196167,13.3100004196167,13.3100004196167,13.3100004196167,132732,0.0,0.0,0.0
2025-06-11 01:00:00+00:00,13.399999618530273,13.40999984741211,13.399999618530273,13.40999984741211,529000,0.0,0.0,0.0
2025-06-11 01:05:00+00:00,13.399999618530273,13.40999984741211,13.390000343322754,13.390000343322754,169021,0.0,0.0,0.0
2025-06-11 01:10:00+00:00,13.390000343322754,13.390000343322754,13.380000114440918,13.380000114440918,50658,0.0,0.0,0.0
2025-06-11 01:15:00+00:00,13.380000114440918,13.399999618530273,13.380000114440918,13.399999618530273,218720,0.0,0.0,0.0
2025-06-11 01:20:00+00:00,13.399999618530273,13.399999618530273,13.399999618530273,13.399999618530273,46539,0.0,0.0,0.0
2025-06-11 01:25:00+00:00,13.399999618530273,13.40999984741211,13.399999618530273,13.399999618530273,74630,0.0,0.0,0.0
2025-06-11 01:30:00+00:00,13.399999618530273,13.40999984741211,13.399999618530273,13.399999618530273,102487,0.0,0.0,0.0
2025-06-11 01:35:00+00:00,13.399999618530273,13.399999618530273,13.399999618530273,13.399999618530273,141028,0.0,0.0,0.0
2025-06-11 01:40:00+00:00,13.399999618530273,13.399999618530273,13.390000343322754,13.399999618530273,406138,0.0,0.0,0.0
2025-06-11 01:45:00+00:00,13.399999618530273,13.40999984741211,13.399999618530273,13.40999984741211,409025,0.0,0.0,0.0
2025-06-11 01:50:00+00:00,13.40999984741211,13.40999984741211,13.399999618530273,13.399999618530273,65133,0.0,0.0,0.0
2025-06-11 01:55:00+00:00,13.40999984741211,13.40999984741211,13.399999618530273,13.40999984741211,115704,0.0,0.0,0.0
2025-06-11 02:00:00+00:00,13.40999984741211,13.40999984741211,13.399999618530273,13.399999618530273,56455,0.0,0.0,0.0
2025-06-11 02:05:00+00:00,13.399999618530273,13.399999618530273,13.380000114440918,13.380000114440918,90318,0.0,0.0,0.0
2025-06-11 02:10:00+00:00,13.380000114440918,13.399999618530273,13.380000114440918,13.399999618530273,21629,0.0,0.0,0.0
2025-06-11 02:15:00+00:00,13.399999618530273,13.399999618530273,13.380000114440918,13.380000114440918,45338,0.0,0.0,0.0
2025-06-11 02:20:00+00:00,13.380000114440918,13.380000114440918,13.369999885559082,13.380000114440918,85032,0.0,0.0,0.0
2025-06-11 02:25:00+00:00,13.369999885559082,13.380000114440918,13.369999885559082,13.380000114440918,39266,0.0,0.0,0.0
2025-06-11 02:30:00+00:00,13.369999885559082,13.380000114440918,13.369999885559082,13.380000114440918,46953,0.0,0.0,0.0
2025-06-11 02:35:00+00:00,13.380000114440918,13.380000114440918,13.369999885559082,13.369999885559082,60210,0.0,0.0,0.0
2025-06-11 02:40:00+00:00,13.380000114440918,13.380000114440918,13.380000114440918,13.380000114440918,46297,0.0,0.0,0.0
2025-06-11 02:45:00+00:00,13.390000343322754,13.390000343322754,13.380000114440918,13.380000114440918,8965,0.0,0.0,0.0
2025-06-11 02:50:00+00:00,13.380000114440918,13.390000343322754,13.380000114440918,13.390000343322754,13034,0.0,0.0,0.0
2025-06-11 02:55:00+00:00,13.390000343322754,13.390000343322754,13.380000114440918,13.380000114440918,52020,0.0,0.0,0.0
2025-06-11 03:00:00+00:00,13.390000343322754,13.390000343322754,13.390000343322754,13.390000343322754,12024,0.0,0.0,0.0
2025-06-11 03:05:00+00:00,13.390000343322754,13.399999618530273,13.390000343322754,13.399999618530273,273234,0.0,0.0,0.0
2025-06-11 03:10:00+00:00,13.399999618530273,13.399999618530273,13.399999618530273,13.399999618530273,7253,0.0,0.0,0.0
2025-06-11 03:15:00+00:00,13.399999618530273,13.399999618530273,13.390000343322754,13.399999618530273,79857,0.0,0.0,0.0
2025-06-11 03:20:00+00:00,13.399999618530273,13.420000076293945,13.399999618530273,13.420000076293945,100538,0.0,0.0,0.0
2025-06-11 03:25:00+00:00,13.420000076293945,13.430000305175781,13.420000076293945,13.420000076293945,537480,0.0,0.0,0.0
2025-06-11 03:30:00+00:00,13.420000076293945,13.430000305175781,13.420000076293945,13.420000076293945,664660,0.0,0.0,0.0
2025-06-11 03:35:00+00:00,13.420000076293945,13.430000305175781,13.420000076293945,13.420000076293945,15019,0.0,0.0,0.0
2025-06-11 03:40:00+00:00,13.420000076293945,13.430000305175781,13.420000076293945,13.430000305175781,35543,0.0,0.0,0.0
2025-06-11 03:45:00+00:00,13.430000305175781,13.430000305175781,13.420000076293945,13.430000305175781,16102,0.0,0.0,0.0
2025-06-11 03:50:00+00:00,13.430000305175781,13.430000305175781,13.420000076293945,13.420000076293945,15094,0.0,0.0,0.0
2025-06-11 03:55:00+00:00,13.430000305175781,13.430000305175781,13.420000076293945,13.420000076293945,54862,0.0,0.0,0.0
2025-06-11 04:00:00+00:00,13.430000305175781,13.430000305175781,13.40999984741211,13.40999984741211,22351,0.0,0.0,0.0
2025-06-11 04:05:00+00:00,13.420000076293945,13.420000076293945,13.420000076293945,13.420000076293945,11319,0.0,0.0,0.0
2025-06-11 04:10:00+00:00,13.420000076293945,13.430000305175781,13.420000076293945,13.420000076293945,31010,0.0,0.0,0.0
2025-06-11 04:15:00+00:00,13.420000076293945,13.430000305175781,13.420000076293945,13.420000076293945,34635,0.0,0.0,0.0
2025-06-11 04:20:00+00:00,13.420000076293945,13.420000076293945,13.420000076293945,13.420000076293945,20097,0.0,0.0,0.0
2025-06-11 04:25:00+00:00,13.420000076293945,13.430000305175781,13.420000076293945,13.430000305175781,52849,0.0,0.0,0.0
2025-06-11 04:30:00+00:00,13.430000305175781,13.430000305175781,13.420000076293945,13.420000076293945,45903,0.0,0.0,0.0
2025-06-11 04:35:00+00:00,13.430000305175781,13.430000305175781,13.420000076293945,13.420000076293945,37685,0.0,0.0,0.0
2025-06-11 04:40:00+00:00,13.430000305175781,13.430000305175781,13.420000076293945,13.430000305175781,286585,0.0,0.0,0.0
2025-06-11 04:45:00+00:00,13.420000076293945,13.430000305175781,13.420000076293945,13.430000305175781,46499,0.0,0.0,0.0
2025-06-11 04:50:00+00:00,13.430000305175781,13.430000305175781,13.420000076293945,13.430000305175781,14160,0.0,0.0,0.0
2025-06-11 04:55:00+00:00,13.430000305175781,13.430000305175781,13.420000076293945,13.430000305175781,19585,0.0,0.0,0.0
2025-06-11 05:00:00+00:00,13.420000076293945,13.420000076293945,13.420000076293945,13.420000076293945,6847,0.0,0.0,0.0
2025-06-11 05:05:00+00:00,13.420000076293945,13.430000305175781,13.420000076293945,13.420000076293945,89454,0.0,0.0,0.0
2025-06-11 05:10:00+00:00,13.420000076293945,13.420000076293945,13.40999984741211,13.420000076293945,62044,0.0,0.0,0.0
2025-06-11 05:15:00+00:00,13.420000076293945,13.420000076293945,13.40999984741211,13.420000076293945,34122,0.0,0.0,0.0
2025-06-11 05:20:00+00:00,13.420000076293945,13.430000305175781,13.420000076293945,13.420000076293945,55882,0.0,0.0,0.0
2025-06-12 01:00:00+00:00,13.40999984741211,13.40999984741211,13.359999656677246,13.359999656677246,134000,0.0,0.0,0.0
2025-06-12 01:05:00+00:00,13.369999885559082,13.369999885559082,13.350000381469727,13.369999885559082,143654,0.0,0.0,0.0
2025-06-12 01:10:00+00:00,13.369999885559082,13.369999885559082,13.359999656677246,13.369999885559082,288420,0.0,0.0,0.0
2025-06-12 01:15:00+00:00,13.369999885559082,13.380000114440918,13.359999656677246,13.380000114440918,55446,0.0,0.0,0.0
2025-06-12 01:20:00+00:00,13.380000114440918,13.390000343322754,13.380000114440918,13.380000114440918,47325,0.0,0.0,0.0
2025-06-12 01:25:00+00:00,13.380000114440918,13.390000343322754,13.380000114440918,13.380000114440918,36356,0.0,0.0,0.0
2025-06-12 01:30:00+00:00,13.399999618530273,13.40999984741211,13.390000343322754,13.40999984741211,149334,0.0,0.0,0.0
2025-06-12 01:35:00+00:00,13.40999984741211,13.420000076293945,13.40999984741211,13.420000076293945,39572,0.0,0.0,0.0
2025-06-12 01:40:00+00:00,13.420000076293945,13.420000076293945,13.40999984741211,13.40999984741211,60142,0.0,0.0,0.0
2025-06-12 01:45:00+00:00,13.40999984741211,13.40999984741211,13.399999618530273,13.40999984741211,136023,0.0,0.0,0.0
2025-06-12 01:50:00+00:00,13.40999984741211,13.420000076293945,13.40999984741211,13.420000076293945,18131,0.0,0.0,0.0
2025-06-12 01:55:00+00:00,13.40999984741211,13.40999984741211,13.40999984741211,13.40999984741211,5539,0.0,0.0,0.0
2025-06-12 02:00:00+00:00,13.40999984741211,13.40999984741211,13.380000114440918,13.380000114440918,97120,0.0,0.0,0.0
2025-06-12 02:05:00+00:00,13.380000114440918,13.380000114440918,13.369999885559082,13.380000114440918,61056,0.0,0.0,0.0
2025-06-12 02:10:00+00:00,13.369999885559082,13.380000114440918,13.369999885559082,13.369999885559082,32141,0.0,0.0,0.0
2025-06-12 02:15:00+00:00,13.369999885559082,13.380000114440918,13.369999885559082,13.369999885559082,35820,0.0,0.0,0.0
2025-06-12 02:20:00+00:00,13.369999885559082,13.369999885559082,13.369999885559082,13.369999885559082,13042,0.0,0.0,0.0
2025-06-12 02:25:00+00:00,13.369999885559082,13.369999885559082,13.359999656677246,13.359999656677246,75789,0.0,0.0,0.0
2025-06-12 02:30:00+00:00,13.369999885559082,13.369999885559082,13.359999656677246,13.359999656677246,8068,0.0,0.0,0.0
2025-06-12 02:35:00+00:00,13.359999656677246,13.369999885559082,13.359999656677246,13.359999656677246,10230,0.0,0.0,0.0
2025-06-12 02:40:00+00:00,13.359999656677246,13.359999656677246,13.359999656677246,13.359999656677246,32341,0.0,0.0,0.0
2025-06-12 02:45:00+00:00,13.369999885559082,13.369999885559082,13.359999656677246,13.359999656677246,33633,0.0,0.0,0.0
2025-06-12 02:50:00+00:00,13.359999656677246,13.369999885559082,13.359999656677246,13.369999885559082,32512,0.0,0.0,0.0
2025-06-12 02:55:00+00:00,13.369999885559082,13.369999885559082,13.359999656677246,13.359999656677246,39623,0.0,0.0,0.0
2025-06-12 03:00:00+00:00,13.359999656677246,13.380000114440918,13.359999656677246,13.369999885559082,79766,0.0,0.0,0.0
2025-06-12 03:05:00+00:00,13.369999885559082,13.380000114440918,13.369999885559082,13.380000114440918,8419,0.0,0.0,0.0
2025-06-12 03:10:00+00:00,13.380000114440918,13.380000114440918,13.380000114440918,13.380000114440918,1344,0.0,0.0,0.0
2025-06-12 03:15:00+00:00,13.380000114440918,13.380000114440918,13.380000114440918,13.380000114440918,4432,0.0,0.0,0.0
2025-06-12 03:20:00+00:00,13.380000114440918,13.380000114440918,13.369999885559082,13.369999885559082,11108,0.0,0.0,0.0
2025-06-12 03:25:00+00:00,13.380000114440918,13.380000114440918,13.369999885559082,13.380000114440918,8824,0.0,0.0,0.0
2025-06-12 03:30:00+00:00,13.380000114440918,13.380000114440918,13.369999885559082,13.369999885559082,11010,0.0,0.0,0.0
2025-06-12 03:35:00+00:00,13.380000114440918,13.380000114440918,13.380000114440918,13.380000114440918,8199,0.0,0.0,0.0
2025-06-12 03:40:00+00:00,13.380000114440918,13.380000114440918,13.369999885559082,13.369999885559082,45837,0.0,0.0,0.0
2025-06-12 03:45:00+00:00,13.369999885559082,13.369999885559082,13.369999885559082,13.369999885559082,55110,0.0,0.0,0.0
2025-06-12 03:50:00+00:00,13.369999885559082,13.380000114440918,13.369999885559082,13.380000114440918,96908,0.0,0.0,0.0
2025-06-12 03:55:00+00:00,13.369999885559082,13.380000114440918,13.369999885559082,13.380000114440918,49016,0.0,0.0,0.0
2025-06-12 04:00:00+00:00,13.380000114440918,13.380000114440918,13.369999885559082,13.380000114440918,68032,0.0,0.0,0.0
2025-06-12 04:05:00+00:00,13.369999885559082,13.369999885559082,13.359999656677246,13.359999656677246,42130,0.0,0.0,0.0
2025-06-12 04:10:00+00:00,13.359999656677246,13.380000114440918,13.359999656677246,13.359999656677246,29627,0.0,0.0,0.0
2025-06-12 04:15:00+00:00,13.359999656677246,13.380000114440918,13.359999656677246,13.380000114440918,9341,0.0,0.0,0.0
2025-06-12 04:20:00+00:00,13.380000114440918,13.380000114440918,13.380000114440918,13.380000114440918,16564,0.0,0.0,0.0
2025-06-12 04:25:00+00:00,13.369999885559082,13.380000114440918,13.369999885559082,13.380000114440918,10011,0.0,0.0,0.0
2025-06-12 04:30:00+00:00,13.380000114440918,13.380000114440918,13.369999885559082,13.369999885559082,21154,0.0,0.0,0.0
2025-06-12 04:35:00+00:00,13.369999885559082,13.380000114440918,13.359999656677246,13.380000114440918,32048,0.0,0.0,0.0
2025-06-12 04:40:00+00:00,13.380000114440918,13.380000114440918,13.359999656677246,13.359999656677246,54328,0.0,0.0,0.0
2025-06-12 04:45:00+00:00,13.380000114440918,13.380000114440918,13.369999885559082,13.380000114440918,16095,0.0,0.0,0.0
2025-06-12 04:50:00+00:00,13.380000114440918,13.380000114440918,13.369999885559082,13.369999885559082,79391,0.0,0.0,0.0
2025-06-12 04:55:00+00:00,13.369999885559082,13.380000114440918,13.369999885559082,13.380000114440918,24160,0.0,0.0,0.0
2025-06-12 05:00:00+00:00,13.369999885559082,13.380000114440918,13.369999885559082,13.369999885559082,23570,0.0,0.0,0.0
2025-06-12 05:05:00+00:00,13.380000114440918,13.380000114440918,13.380000114440918,13.380000114440918,1110,0.0,0.0,0.0
2025-06-12 05:10:00+00:00,13.369999885559082,13.380000114440918,13.369999885559082,13.380000114440918,22192,0.0,0.0,0.0
2025-06-12 05:15:00+00:00,13.380000114440918,13.380000114440918,13.369999885559082,13.369999885559082,85196,0.0,0.0,0.0
2025-06-12 05:20:00+00:00,13.369999885559082,13.380000114440918,13.369999885559082,13.369999885559082,95305,0.0,0.0,0.0
2025-06-13 01:00:00+00:00,13.289999961853027,13.289999961853027,13.270000457763672,13.289999961853027,157000,0.0,0.0,0.0
2025-06-13 01:05:00+00:00,13.279999732971191,13.279999732971191,13.229999542236328,13.25,233179,0.0,0.0,0.0
2025-06-13 01:10:00+00:00,13.260000228881836,13.270000457763672,13.239999771118164,13.270000457763672,129599,0.0,0.0,0.0
2025-06-13 01:15:00+00:00,13.239999771118164,13.239999771118164,13.210000038146973,13.210000038146973,104160,0.0,0.0,0.0
2025-06-13 01:20:00+00:00,13.210000038146973,13.25,13.210000038146973,13.239999771118164,95512,0.0,0.0,0.0
2025-06-13 01:25:00+00:00,13.239999771118164,13.260000228881836,13.229999542236328,13.260000228881836,119233,0.0,0.0,0.0
2025-06-13 01:30:00+00:00,13.260000228881836,13.270000457763672,13.260000228881836,13.270000457763672,10292,0.0,0.0,0.0
2025-06-13 01:35:00+00:00,13.270000457763672,13.3100004196167,13.270000457763672,13.3100004196167,104774,0.0,0.0,0.0
2025-06-13 01:40:00+00:00,13.3100004196167,13.3100004196167,13.300000190734863,13.300000190734863,166924,0.0,0.0,0.0
2025-06-13 01:45:00+00:00,13.289999961853027,13.300000190734863,13.289999961853027,13.300000190734863,111627,0.0,0.0,0.0
2025-06-13 01:50:00+00:00,13.300000190734863,13.319999694824219,13.300000190734863,13.3100004196167,21892,0.0,0.0,0.0
2025-06-13 01:55:00+00:00,13.319999694824219,13.34000015258789,13.319999694824219,13.34000015258789,194552,0.0,0.0,0.0
2025-06-13 02:00:00+00:00,13.34000015258789,13.34000015258789,13.319999694824219,13.329999923706055,38507,0.0,0.0,0.0
2025-06-13 02:05:00+00:00,13.329999923706055,13.329999923706055,13.319999694824219,13.319999694824219,11075,0.0,0.0,0.0
2025-06-13 02:10:00+00:00,13.319999694824219,13.329999923706055,13.319999694824219,13.329999923706055,14549,0.0,0.0,0.0
2025-06-13 02:15:00+00:00,13.329999923706055,13.329999923706055,13.319999694824219,13.329999923706055,25148,0.0,0.0,0.0
2025-06-13 02:20:00+00:00,13.329999923706055,13.329999923706055,13.319999694824219,13.319999694824219,67771,0.0,0.0,0.0
2025-06-13 02:25:00+00:00,13.3100004196167,13.319999694824219,13.3100004196167,13.319999694824219,124257,0.0,0.0,0.0
2025-06-13 02:30:00+00:00,13.319999694824219,13.319999694824219,13.300000190734863,13.300000190734863,243622,0.0,0.0,0.0
2025-06-13 02:35:00+00:00,13.300000190734863,13.300000190734863,13.279999732971191,13.279999732971191,85359,0.0,0.0,0.0
2025-06-13 02:40:00+00:00,13.289999961853027,13.289999961853027,13.25,13.25,473860,0.0,0.0,0.0
2025-06-13 02:45:00+00:00,13.260000228881836,13.270000457763672,13.25,13.270000457763672,131047,0.0,0.0,0.0
2025-06-13 02:50:00+00:00,13.270000457763672,13.270000457763672,13.260000228881836,13.260000228881836,20335,0.0,0.0,0.0
2025-06-13 02:55:00+00:00,13.270000457763672,13.279999732971191,13.270000457763672,13.279999732971191,32333,0.0,0.0,0.0
2025-06-13 03:00:00+00:00,13.279999732971191,13.279999732971191,13.270000457763672,13.279999732971191,17707,0.0,0.0,0.0
2025-06-13 03:05:00+00:00,13.279999732971191,13.279999732971191,13.270000457763672,13.270000457763672,27651,0.0,0.0,0.0
2025-06-13 03:10:00+00:00,13.279999732971191,13.279999732971191,13.279999732971191,13.279999732971191,1043,0.0,0.0,0.0
2025-06-13 03:15:00+00:00,13.279999732971191,13.279999732971191,13.279999732971191,13.279999732971191,66159,0.0,0.0,0.0
2025-06-13 03:20:00+00:00,13.279999732971191,13.300000190734863,13.279999732971191,13.300000190734863,37053,0.0,0.0,0.0
2025-06-13 03:25:00+00:00,13.300000190734863,13.300000190734863,13.289999961853027,13.289999961853027,6149,0.0,0.0,0.0
2025-06-13 03:30:00+00:00,13.289999961853027,13.289999961853027,13.289999961853027,13.289999961853027,11102,0.0,0.0,0.0
2025-06-13 03:35:00+00:00,13.289999961853027,13.289999961853027,13.279999732971191,13.279999732971191,29445,0.0,0.0,0.0
2025-06-13 03:40:00+00:00,13.279999732971191,13.289999961853027,13.279999732971191,13.289999961853027,20234,0.0,0.0,0.0
2025-06-13 03:45:00+00:00,13.289999961853027,13.289999961853027,13.289999961853027,13.289999961853027,8049,0.0,0.0,0.0
2025-06-13 03:50:00+00:00,13.289999961853027,13.289999961853027,13.279999732971191,13.289999961853027,102524,0.0,0.0,0.0
2025-06-13 03:55:00+00:00,13.289999961853027,13.300000190734863,13.289999961853027,13.300000190734863,54764,0.0,0.0,0.0
2025-06-13 04:00:00+00:00,13.300000190734863,13.300000190734863,13.300000190734863,13.300000190734863,1070,0.0,0.0,0.0
2025-06-13 04:05:00+00:00,13.300000190734863,13.300000190734863,13.300000190734863,13.300000190734863,1158,0.0,0.0,0.0
2025-06-13 04:10:00+00:00,13.289999961853027,13.289999961853027,13.289999961853027,13.289999961853027,28051,0.0,0.0,0.0
2025-06-13 04:15:00+00:00,13.289999961853027,13.289999961853027,13.279999732971191,13.289999961853027,24085,0.0,0.0,0.0
2025-06-13 04:20:00+00:00,13.289999961853027,13.289999961853027,13.289999961853027,13.289999961853027,14187,0.0,0.0,0.0
2025-06-13 04:25:00+00:00,13.279999732971191,13.279999732971191,13.279999732971191,13.279999732971191,14034,0.0,0.0,0.0
2025-06-13 04:30:00+00:00,13.289999961853027,13.289999961853027,13.279999732971191,13.279999732971191,32032,0.0,0.0,0.0
2025-06-13 04:35:00+00:00,13.279999732971191,13.279999732971191,13.279999732971191,13.279999732971191,26122,0.0,0.0,0.0
2025-06-13 04:40:00+00:00,13.279999732971191,13.279999732971191,13.279999732971191,13.279999732971191,9010,0.0,0.0,0.0
2025-06-13 04:45:00+00:00,13.270000457763672,13.289999961853027,13.270000457763672,13.270000457763672,15478,0.0,0.0,0.0
2025-06-13 04:50:00+00:00,13.289999961853027,13.289999961853027,13.279999732971191,13.279999732971191,10246,0.0,0.0,0.0
2025-06-13 04:55:00+00:00,13.279999732971191,13.279999732971191,13.279999732971191,13.279999732971191,12294,0.0,0.0,0.0
2025-06-13 05:00:00+00:00,13.289999961853027,13.289999961853027,13.279999732971191,13.279999732971191,31380,0.0,0.0,0.0
2025-06-13 05:05:00+00:00,13.279999732971191,13.279999732971191,13.270000457763672,13.270000457763672,67424,0.0,0.0,0.0
2025-06-13 05:10:00+00:00,13.270000457763672,13.270000457763672,13.270000457763672,13.270000457763672,78761,0.0,0.0,0.0
2025-06-13 05:15:00+00:00,13.279999732971191,13.279999732971191,13.270000457763672,13.270000457763672,24044,0.0,0.0,0.0
2025-06-13 05:20:00+00:00,13.270000457763672,13.270000457763672,13.260000228881836,13.260000228881836,129872,0.0,0.0,0.0
2025-06-16 01:00:00+00:00,13.199999809265137,13.210000038146973,13.180000305175781,13.199999809265137,88000,0.0,0.0,0.0
2025-06-16 01:05:00+00:00,13.199999809265137,13.220000267028809,13.1899995803833,13.220000267028809,401070,0.0,0.0,0.0
2025-06-16 01:10:00+00:00,13.220000267028809,13.25,13.220000267028809,13.229999542236328,78238,0.0,0.0,0.0
2025-06-16 01:15:00+00:00,13.25,13.25,13.220000267028809,13.220000267028809,147398,0.0,0.0,0.0
2025-06-16 01:20:00+00:00,13.220000267028809,13.229999542236328,13.210000038146973,13.210000038146973,45972,0.0,0.0,0.0
2025-06-16 01:25:00+00:00,13.229999542236328,13.229999542236328,13.220000267028809,13.220000267028809,3420,0.0,0.0,0.0
2025-06-16 01:30:00+00:00,13.220000267028809,13.220000267028809,13.210000038146973,13.210000038146973,17941,0.0,0.0,0.0
2025-06-16 01:35:00+00:00,13.220000267028809,13.220000267028809,13.220000267028809,13.220000267028809,11831,0.0,0.0,0.0
2025-06-16 01:40:00+00:00,13.220000267028809,13.229999542236328,13.220000267028809,13.229999542236328,65292,0.0,0.0,0.0
2025-06-16 01:45:00+00:00,13.239999771118164,13.239999771118164,13.220000267028809,13.220000267028809,133229,0.0,0.0,0.0
2025-06-16 01:50:00+00:00,13.220000267028809,13.220000267028809,13.210000038146973,13.220000267028809,62273,0.0,0.0,0.0
2025-06-16 01:55:00+00:00,13.220000267028809,13.239999771118164,13.220000267028809,13.239999771118164,12227,0.0,0.0,0.0
2025-06-16 02:00:00+00:00,13.239999771118164,13.239999771118164,13.210000038146973,13.229999542236328,18862,0.0,0.0,0.0
2025-06-16 02:05:00+00:00,13.229999542236328,13.229999542236328,13.229999542236328,13.229999542236328,3022,0.0,0.0,0.0
2025-06-16 02:10:00+00:00,13.229999542236328,13.239999771118164,13.220000267028809,13.239999771118164,16910,0.0,0.0,0.0
2025-06-16 02:15:00+00:00,13.239999771118164,13.239999771118164,13.220000267028809,13.239999771118164,28118,0.0,0.0,0.0
2025-06-16 02:20:00+00:00,13.239999771118164,13.239999771118164,13.229999542236328,13.229999542236328,9276,0.0,0.0,0.0
2025-06-16 02:25:00+00:00,13.229999542236328,13.229999542236328,13.199999809265137,13.210000038146973,485356,0.0,0.0,0.0
2025-06-16 02:30:00+00:00,13.210000038146973,13.220000267028809,13.210000038146973,13.210000038146973,10838,0.0,0.0,0.0
2025-06-16 02:35:00+00:00,13.210000038146973,13.210000038146973,13.210000038146973,13.210000038146973,21012,0.0,0.0,0.0
2025-06-16 02:40:00+00:00,13.210000038146973,13.210000038146973,13.199999809265137,13.199999809265137,25838,0.0,0.0,0.0
2025-06-16 02:45:00+00:00,13.199999809265137,13.210000038146973,13.1899995803833,13.199999809265137,16229,0.0,0.0,0.0
2025-06-16 02:50:00+00:00,13.199999809265137,13.210000038146973,13.199999809265137,13.210000038146973,24012,0.0,0.0,0.0
2025-06-16 02:55:00+00:00,13.210000038146973,13.210000038146973,13.210000038146973,13.210000038146973,11217,0.0,0.0,0.0
2025-06-16 03:00:00+00:00,13.210000038146973,13.220000267028809,13.199999809265137,13.220000267028809,8294,0.0,0.0,0.0
2025-06-16 03:05:00+00:00,13.220000267028809,13.220000267028809,13.220000267028809,13.220000267028809,14400,0.0,0.0,0.0
2025-06-16 03:10:00+00:00,13.220000267028809,13.220000267028809,13.210000038146973,13.220000267028809,8066,0.0,0.0,0.0
2025-06-16 03:15:00+00:00,13.239999771118164,13.239999771118164,13.239999771118164,13.239999771118164,3042,0.0,0.0,0.0
2025-06-16 03:20:00+00:00,13.229999542236328,13.229999542236328,13.210000038146973,13.229999542236328,5027,0.0,0.0,0.0
2025-06-16 03:25:00+00:00,13.229999542236328,13.229999542236328,13.220000267028809,13.220000267028809,8017,0.0,0.0,0.0
2025-06-16 03:30:00+00:00,13.220000267028809,13.220000267028809,13.220000267028809,13.220000267028809,5379,0.0,0.0,0.0
2025-06-16 03:35:00+00:00,13.220000267028809,13.229999542236328,13.220000267028809,13.229999542236328,34491,0.0,0.0,0.0
2025-06-16 03:40:00+00:00,13.229999542236328,13.229999542236328,13.220000267028809,13.220000267028809,35235,0.0,0.0,0.0
2025-06-16 03:45:00+00:00,13.239999771118164,13.239999771118164,13.220000267028809,13.229999542236328,10181,0.0,0.0,0.0
2025-06-16 03:50:00+00:00,13.229999542236328,13.25,13.210000038146973,13.25,101700,0.0,0.0,0.0
2025-06-16 03:55:00+00:00,13.25,13.25,13.25,13.25,30495,0.0,0.0,0.0
2025-06-16 04:00:00+00:00,13.25,13.25,13.239999771118164,13.25,62564,0.0,0.0,0.0
2025-06-16 04:05:00+00:00,13.25,13.25,13.239999771118164,13.25,10196,0.0,0.0,0.0
2025-06-16 04:10:00+00:00,13.25,13.25,13.25,13.25,4117,0.0,0.0,0.0
2025-06-16 04:15:00+00:00,13.25,13.25,13.239999771118164,13.25,15362,0.0,0.0,0.0
2025-06-16 04:20:00+00:00,13.25,13.25,13.229999542236328,13.229999542236328,21097,0.0,0.0,0.0
2025-06-16 04:25:00+00:00,13.239999771118164,13.239999771118164,13.229999542236328,13.229999542236328,6300,0.0,0.0,0.0
2025-06-16 04:30:00+00:00,13.239999771118164,13.239999771118164,13.239999771118164,13.239999771118164,4553,0.0,0.0,0.0
2025-06-16 04:35:00+00:00,13.239999771118164,13.239999771118164,13.239999771118164,13.239999771118164,7181,0.0,0.0,0.0
2025-06-16 04:40:00+00:00,13.229999542236328,13.229999542236328,13.229999542236328,13.229999542236328,3050,0.0,0.0,0.0
2025-06-16 04:45:00+00:00,13.229999542236328,13.239999771118164,13.229999542236328,13.229999542236328,20720,0.0,0.0,0.0
2025-06-16 04:50:00+00:00,13.229999542236328,13.239999771118164,13.229999542236328,13.239999771118164,26240,0.0,0.0,0.0
2025-06-16 04:55:00+00:00,13.239999771118164,13.239999771118164,13.239999771118164,13.239999771118164,8300,0.0,0.0,0.0
2025-06-16 05:00:00+00:00,13.239999771118164,13.239999771118164,13.239999771118164,13.239999771118164,43551,0.0,0.0,0.0
2025-06-16 05:05:00+00:00,13.25,13.270000457763672,13.25,13.270000457763672,153911,0.0,0.0,0.0
2025-06-16 05:10:00+00:00,13.270000457763672,13.270000457763672,13.270000457763672,13.270000457763672,47553,0.0,0.0,0.0
2025-06-16 05:15:00+00:00,13.270000457763672,13.270000457763672,13.260000228881836,13.260000228881836,23871,0.0,0.0,0.0
2025-06-16 05:20:00+00:00,13.270000457763672,13.270000457763672,13.260000228881836,13.270000457763672,537729,0.0,0.0,0.0
2025-06-17 01:00:00+00:00,13.380000114440918,13.40999984741211,13.380000114440918,13.40999984741211,146000,0.0,0.0,0.0
2025-06-17 01:05:00+00:00,13.40999984741211,13.40999984741211,13.399999618530273,13.399999618530273,140000,0.0,0.0,0.0
2025-06-17 01:10:00+00:00,13.390000343322754,13.399999618530273,13.359999656677246,13.359999656677246,50123,0.0,0.0,0.0
2025-06-17 01:15:00+00:00,13.359999656677246,13.369999885559082,13.359999656677246,13.369999885559082,14567,0.0,0.0,0.0
2025-06-17 01:20:00+00:00,13.359999656677246,13.369999885559082,13.350000381469727,13.369999885559082,68610,0.0,0.0,0.0
2025-06-17 01:25:00+00:00,13.369999885559082,13.369999885559082,13.359999656677246,13.359999656677246,62044,0.0,0.0,0.0
2025-06-17 01:30:00+00:00,13.359999656677246,13.359999656677246,13.350000381469727,13.350000381469727,11807,0.0,0.0,0.0
2025-06-17 01:35:00+00:00,13.350000381469727,13.350000381469727,13.350000381469727,13.350000381469727,41256,0.0,0.0,0.0
2025-06-17 01:40:00+00:00,13.350000381469727,13.350000381469727,13.34000015258789,13.34000015258789,56114,0.0,0.0,0.0
2025-06-17 01:45:00+00:00,13.350000381469727,13.369999885559082,13.350000381469727,13.369999885559082,102102,0.0,0.0,0.0
2025-06-17 01:50:00+00:00,13.369999885559082,13.390000343322754,13.369999885559082,13.390000343322754,186237,0.0,0.0,0.0
2025-06-17 01:55:00+00:00,13.390000343322754,13.390000343322754,13.390000343322754,13.390000343322754,39593,0.0,0.0,0.0
2025-06-17 02:00:00+00:00,13.390000343322754,13.399999618530273,13.390000343322754,13.390000343322754,26142,0.0,0.0,0.0
2025-06-17 02:05:00+00:00,13.390000343322754,13.390000343322754,13.350000381469727,13.350000381469727,121045,0.0,0.0,0.0
2025-06-17 02:10:00+00:00,13.369999885559082,13.369999885559082,13.329999923706055,13.329999923706055,477349,0.0,0.0,0.0
2025-06-17 02:15:00+00:00,13.3100004196167,13.319999694824219,13.3100004196167,13.319999694824219,261274,0.0,0.0,0.0
2025-06-17 02:20:00+00:00,13.329999923706055,13.329999923706055,13.329999923706055,13.329999923706055,2839,0.0,0.0,0.0
2025-06-17 02:25:00+00:00,13.329999923706055,13.329999923706055,13.329999923706055,13.329999923706055,37103,0.0,0.0,0.0
2025-06-17 02:30:00+00:00,13.319999694824219,13.319999694824219,13.3100004196167,13.3100004196167,17021,0.0,0.0,0.0
2025-06-17 02:35:00+00:00,13.3100004196167,13.3100004196167,13.3100004196167,13.3100004196167,12208,0.0,0.0,0.0
2025-06-17 02:40:00+00:00,13.3100004196167,13.3100004196167,13.300000190734863,13.3100004196167,7330,0.0,0.0,0.0
2025-06-17 02:45:00+00:00,13.300000190734863,13.319999694824219,13.300000190734863,13.319999694824219,41191,0.0,0.0,0.0
2025-06-17 02:50:00+00:00,13.329999923706055,13.329999923706055,13.329999923706055,13.329999923706055,42125,0.0,0.0,0.0
2025-06-17 02:55:00+00:00,13.350000381469727,13.350000381469727,13.350000381469727,13.350000381469727,1586,0.0,0.0,0.0
2025-06-17 03:00:00+00:00,13.34000015258789,13.350000381469727,13.34000015258789,13.34000015258789,567028,0.0,0.0,0.0
2025-06-17 03:05:00+00:00,13.34000015258789,13.34000015258789,13.34000015258789,13.34000015258789,3021,0.0,0.0,0.0
2025-06-17 03:10:00+00:00,13.329999923706055,13.34000015258789,13.329999923706055,13.34000015258789,29121,0.0,0.0,0.0
2025-06-17 03:15:00+00:00,13.329999923706055,13.34000015258789,13.329999923706055,13.34000015258789,10519,0.0,0.0,0.0
2025-06-17 03:20:00+00:00,13.34000015258789,13.34000015258789,13.319999694824219,13.319999694824219,8013,0.0,0.0,0.0
2025-06-17 03:25:00+00:00,13.319999694824219,13.319999694824219,13.319999694824219,13.319999694824219,12013,0.0,0.0,0.0
2025-06-17 03:30:00+00:00,13.329999923706055,13.329999923706055,13.329999923706055,13.329999923706055,1341,0.0,0.0,0.0
2025-06-17 03:35:00+00:00,13.329999923706055,13.329999923706055,13.3100004196167,13.3100004196167,7148,0.0,0.0,0.0
2025-06-17 03:40:00+00:00,13.319999694824219,13.329999923706055,13.3100004196167,13.319999694824219,43093,0.0,0.0,0.0
2025-06-17 03:45:00+00:00,13.319999694824219,13.319999694824219,13.300000190734863,13.300000190734863,23828,0.0,0.0,0.0
2025-06-17 03:50:00+00:00,13.300000190734863,13.319999694824219,13.300000190734863,13.319999694824219,79033,0.0,0.0,0.0
2025-06-17 03:55:00+00:00,13.300000190734863,13.300000190734863,13.289999961853027,13.289999961853027,34506,0.0,0.0,0.0
2025-06-17 04:00:00+00:00,13.300000190734863,13.300000190734863,13.300000190734863,13.300000190734863,13059,0.0,0.0,0.0
2025-06-17 04:05:00+00:00,13.300000190734863,13.3100004196167,13.300000190734863,13.300000190734863,5027,0.0,0.0,0.0
2025-06-17 04:10:00+00:00,13.300000190734863,13.300000190734863,13.300000190734863,13.300000190734863,74468,0.0,0.0,0.0
2025-06-17 04:15:00+00:00,13.300000190734863,13.300000190734863,13.289999961853027,13.289999961853027,14211,0.0,0.0,0.0
2025-06-17 04:20:00+00:00,13.289999961853027,13.289999961853027,13.289999961853027,13.289999961853027,15164,0.0,0.0,0.0
2025-06-17 04:25:00+00:00,13.300000190734863,13.300000190734863,13.300000190734863,13.300000190734863,28145,0.0,0.0,0.0
2025-06-17 04:30:00+00:00,13.3100004196167,13.3100004196167,13.3100004196167,13.3100004196167,1146,0.0,0.0,0.0
2025-06-17 04:35:00+00:00,13.300000190734863,13.300000190734863,13.300000190734863,13.300000190734863,2010,0.0,0.0,0.0
2025-06-17 04:40:00+00:00,13.300000190734863,13.300000190734863,13.300000190734863,13.300000190734863,2090,0.0,0.0,0.0
2025-06-17 04:45:00+00:00,13.300000190734863,13.300000190734863,13.300000190734863,13.300000190734863,18887,0.0,0.0,0.0
2025-06-17 04:50:00+00:00,13.300000190734863,13.300000190734863,13.300000190734863,13.300000190734863,49839,0.0,0.0,0.0
2025-06-17 04:55:00+00:00,13.300000190734863,13.300000190734863,13.300000190734863,13.300000190734863,2403,0.0,0.0,0.0
2025-06-17 05:00:00+00:00,13.3100004196167,13.3100004196167,13.3100004196167,13.3100004196167,330209,0.0,0.0,0.0
2025-06-17 05:05:00+00:00,13.319999694824219,13.319999694824219,13.3100004196167,13.3100004196167,21737,0.0,0.0,0.0
2025-06-17 05:10:00+00:00,13.319999694824219,13.34000015258789,13.319999694824219,13.329999923706055,59169,0.0,0.0,0.0
2025-06-17 05:15:00+00:00,13.34000015258789,13.34000015258789,13.329999923706055,13.329999923706055,71793,0.0,0.0,0.0
2025-06-17 05:20:00+00:00,13.319999694824219,13.319999694824219,13.319999694824219,13.319999694824219,22942,0.0,0.0,0.0
2025-06-18 01:00:00+00:00,13.329999923706055,13.329999923706055,13.329999923706055,13.329999923706055,38000,0.0,0.0,0.0
2025-06-18 01:05:00+00:00,13.329999923706055,13.369999885559082,13.319999694824219,13.359999656677246,134172,0.0,0.0,0.0
2025-06-18 01:10:00+00:00,13.359999656677246,13.369999885559082,13.350000381469727,13.359999656677246,273887,0.0,0.0,0.0
2025-06-18 01:15:00+00:00,13.369999885559082,13.369999885559082,13.359999656677246,13.359999656677246,99719,0.0,0.0,0.0
2025-06-18 01:20:00+00:00,13.359999656677246,13.369999885559082,13.359999656677246,13.359999656677246,48288,0.0,0.0,0.0
2025-06-18 01:25:00+00:00,13.369999885559082,13.369999885559082,13.350000381469727,13.359999656677246,51574,0.0,0.0,0.0
2025-06-18 01:30:00+00:00,13.359999656677246,13.359999656677246,13.350000381469727,13.359999656677246,41335,0.0,0.0,0.0
2025-06-18 01:35:00+00:00,13.359999656677246,13.359999656677246,13.359999656677246,13.359999656677246,43866,0.0,0.0,0.0
2025-06-18 01:40:00+00:00,13.359999656677246,13.359999656677246,13.34000015258789,13.34000015258789,21064,0.0,0.0,0.0
2025-06-18 01:45:00+00:00,13.350000381469727,13.350000381469727,13.34000015258789,13.34000015258789,31185,0.0,0.0,0.0
2025-06-18 01:50:00+00:00,13.34000015258789,13.34000015258789,13.329999923706055,13.329999923706055,149204,0.0,0.0,0.0
2025-06-18 01:55:00+00:00,13.350000381469727,13.350000381469727,13.350000381469727,13.350000381469727,7775,0.0,0.0,0.0
2025-06-18 02:00:00+00:00,13.350000381469727,13.350000381469727,13.350000381469727,13.350000381469727,6372,0.0,0.0,0.0
2025-06-18 02:05:00+00:00,13.34000015258789,13.34000015258789,13.34000015258789,13.34000015258789,68418,0.0,0.0,0.0
2025-06-18 02:10:00+00:00,13.34000015258789,13.350000381469727,13.34000015258789,13.350000381469727,86282,0.0,0.0,0.0
2025-06-18 02:15:00+00:00,13.359999656677246,13.359999656677246,13.350000381469727,13.350000381469727,43063,0.0,0.0,0.0
2025-06-18 02:20:00+00:00,13.350000381469727,13.369999885559082,13.34000015258789,13.369999885559082,794205,0.0,0.0,0.0
2025-06-18 02:25:00+00:00,13.369999885559082,13.380000114440918,13.369999885559082,13.369999885559082,162548,0.0,0.0,0.0
2025-06-18 02:30:00+00:00,13.380000114440918,13.390000343322754,13.380000114440918,13.390000343322754,60204,0.0,0.0,0.0
2025-06-18 02:35:00+00:00,13.390000343322754,13.390000343322754,13.380000114440918,13.380000114440918,5121,0.0,0.0,0.0
2025-06-18 02:40:00+00:00,13.380000114440918,13.390000343322754,13.380000114440918,13.390000343322754,110015,0.0,0.0,0.0
2025-06-18 02:45:00+00:00,13.399999618530273,13.420000076293945,13.390000343322754,13.420000076293945,658355,0.0,0.0,0.0
2025-06-18 02:50:00+00:00,13.40999984741211,13.420000076293945,13.40999984741211,13.420000076293945,4024,0.0,0.0,0.0
2025-06-18 02:55:00+00:00,13.420000076293945,13.420000076293945,13.40999984741211,13.40999984741211,147159,0.0,0.0,0.0
2025-06-18 03:00:00+00:00,13.40999984741211,13.420000076293945,13.40999984741211,13.420000076293945,8068,0.0,0.0,0.0
2025-06-18 03:05:00+00:00,13.40999984741211,13.40999984741211,13.399999618530273,13.399999618530273,12477,0.0,0.0,0.0
2025-06-18 03:10:00+00:00,13.399999618530273,13.399999618530273,13.399999618530273,13.399999618530273,22190,0.0,0.0,0.0
2025-06-18 03:15:00+00:00,13.399999618530273,13.40999984741211,13.399999618530273,13.399999618530273,22473,0.0,0.0,0.0
2025-06-18 03:20:00+00:00,13.399999618530273,13.40999984741211,13.399999618530273,13.40999984741211,153827,0.0,0.0,0.0
2025-06-18 03:25:00+00:00,13.420000076293945,13.420000076293945,13.420000076293945,13.420000076293945,200411,0.0,0.0,0.0
2025-06-18 03:30:00+00:00,13.420000076293945,13.430000305175781,13.420000076293945,13.420000076293945,38554,0.0,0.0,0.0
2025-06-18 03:35:00+00:00,13.420000076293945,13.430000305175781,13.420000076293945,13.420000076293945,48038,0.0,0.0,0.0
2025-06-18 03:40:00+00:00,13.420000076293945,13.430000305175781,13.420000076293945,13.430000305175781,25264,0.0,0.0,0.0
2025-06-18 03:45:00+00:00,13.430000305175781,13.430000305175781,13.420000076293945,13.420000076293945,12015,0.0,0.0,0.0
2025-06-18 03:50:00+00:00,13.420000076293945,13.420000076293945,13.40999984741211,13.40999984741211,126035,0.0,0.0,0.0
2025-06-18 03:55:00+00:00,13.40999984741211,13.40999984741211,13.399999618530273,13.40999984741211,226614,0.0,0.0,0.0
2025-06-18 04:00:00+00:00,13.40999984741211,13.420000076293945,13.399999618530273,13.420000076293945,29370,0.0,0.0,0.0
2025-06-18 04:05:00+00:00,13.399999618530273,13.399999618530273,13.399999618530273,13.399999618530273,30121,0.0,0.0,0.0
2025-06-18 04:10:00+00:00,13.40999984741211,13.40999984741211,13.399999618530273,13.399999618530273,168359,0.0,0.0,0.0
2025-06-18 04:15:00+00:00,13.399999618530273,13.40999984741211,13.399999618530273,13.399999618530273,12075,0.0,0.0,0.0
2025-06-18 04:20:00+00:00,13.399999618530273,13.40999984741211,13.399999618530273,13.40999984741211,38129,0.0,0.0,0.0
2025-06-18 04:25:00+00:00,13.40999984741211,13.420000076293945,13.40999984741211,13.40999984741211,108205,0.0,0.0,0.0
2025-06-18 04:30:00+00:00,13.420000076293945,13.420000076293945,13.399999618530273,13.399999618530273,102462,0.0,0.0,0.0
2025-06-18 04:35:00+00:00,13.399999618530273,13.399999618530273,13.380000114440918,13.380000114440918,24200,0.0,0.0,0.0
2025-06-18 04:40:00+00:00,13.380000114440918,13.390000343322754,13.380000114440918,13.380000114440918,8227,0.0,0.0,0.0
2025-06-18 04:45:00+00:00,13.380000114440918,13.380000114440918,13.369999885559082,13.369999885559082,9250,0.0,0.0,0.0
2025-06-18 04:50:00+00:00,13.369999885559082,13.380000114440918,13.369999885559082,13.369999885559082,109300,0.0,0.0,0.0
2025-06-18 04:55:00+00:00,13.380000114440918,13.380000114440918,13.369999885559082,13.369999885559082,60227,0.0,0.0,0.0
2025-06-18 05:00:00+00:00,13.380000114440918,13.390000343322754,13.380000114440918,13.390000343322754,103400,0.0,0.0,0.0
2025-06-18 05:05:00+00:00,13.399999618530273,13.399999618530273,13.399999618530273,13.399999618530273,48243,0.0,0.0,0.0
2025-06-18 05:10:00+00:00,13.399999618530273,13.399999618530273,13.399999618530273,13.399999618530273,26357,0.0,0.0,0.0
2025-06-18 05:15:00+00:00,13.399999618530273,13.399999618530273,13.399999618530273,13.399999618530273,15217,0.0,0.0,0.0
2025-06-18 05:20:00+00:00,13.399999618530273,13.399999618530273,13.390000343322754,13.399999618530273,22663,0.0,0.0,0.0
2025-06-19 01:00:00+00:00,13.390000343322754,13.390000343322754,13.369999885559082,13.369999885559082,111000,0.0,0.0,0.0
2025-06-19 01:05:00+00:00,13.350000381469727,13.350000381469727,13.350000381469727,13.350000381469727,60000,0.0,0.0,0.0
2025-06-19 01:10:00+00:00,13.359999656677246,13.359999656677246,13.350000381469727,13.359999656677246,38964,0.0,0.0,0.0
2025-06-19 01:15:00+00:00,13.359999656677246,13.369999885559082,13.359999656677246,13.369999885559082,141178,0.0,0.0,0.0
2025-06-19 01:20:00+00:00,13.369999885559082,13.369999885559082,13.359999656677246,13.369999885559082,10336,0.0,0.0,0.0
2025-06-19 01:25:00+00:00,13.359999656677246,13.359999656677246,13.350000381469727,13.350000381469727,37090,0.0,0.0,0.0
2025-06-19 01:30:00+00:00,13.359999656677246,13.359999656677246,13.34000015258789,13.34000015258789,11529,0.0,0.0,0.0
2025-06-19 01:35:00+00:00,13.34000015258789,13.34000015258789,13.329999923706055,13.329999923706055,21708,0.0,0.0,0.0
2025-06-19 01:40:00+00:00,13.319999694824219,13.319999694824219,13.3100004196167,13.319999694824219,26997,0.0,0.0,0.0
2025-06-19 01:45:00+00:00,13.3100004196167,13.329999923706055,13.3100004196167,13.329999923706055,46245,0.0,0.0,0.0
2025-06-19 01:50:00+00:00,13.329999923706055,13.329999923706055,13.319999694824219,13.319999694824219,11372,0.0,0.0,0.0
2025-06-19 01:55:00+00:00,13.319999694824219,13.319999694824219,13.3100004196167,13.3100004196167,74100,0.0,0.0,0.0
2025-06-19 02:00:00+00:00,13.319999694824219,13.319999694824219,13.3100004196167,13.3100004196167,17934,0.0,0.0,0.0
2025-06-19 02:05:00+00:00,13.319999694824219,13.329999923706055,13.319999694824219,13.329999923706055,51368,0.0,0.0,0.0
2025-06-19 02:10:00+00:00,13.329999923706055,13.329999923706055,13.319999694824219,13.319999694824219,71218,0.0,0.0,0.0
2025-06-19 02:15:00+00:00,13.319999694824219,13.319999694824219,13.300000190734863,13.300000190734863,67284,0.0,0.0,0.0
2025-06-19 02:20:00+00:00,13.300000190734863,13.300000190734863,13.300000190734863,13.300000190734863,7317,0.0,0.0,0.0
2025-06-19 02:25:00+00:00,13.300000190734863,13.300000190734863,13.300000190734863,13.300000190734863,22602,0.0,0.0,0.0
2025-06-19 02:30:00+00:00,13.3100004196167,13.3100004196167,13.3100004196167,13.3100004196167,7118,0.0,0.0,0.0
2025-06-19 02:35:00+00:00,13.300000190734863,13.3100004196167,13.300000190734863,13.3100004196167,7135,0.0,0.0,0.0
2025-06-19 02:40:00+00:00,13.300000190734863,13.3100004196167,13.300000190734863,13.300000190734863,56333,0.0,0.0,0.0
2025-06-19 02:45:00+00:00,13.3100004196167,13.3100004196167,13.279999732971191,13.279999732971191,39544,0.0,0.0,0.0
2025-06-19 02:50:00+00:00,13.279999732971191,13.289999961853027,13.279999732971191,13.289999961853027,10008,0.0,0.0,0.0
2025-06-19 02:55:00+00:00,13.289999961853027,13.289999961853027,13.270000457763672,13.279999732971191,46159,0.0,0.0,0.0
2025-06-19 03:00:00+00:00,13.289999961853027,13.300000190734863,13.289999961853027,13.300000190734863,15266,0.0,0.0,0.0
2025-06-19 03:05:00+00:00,13.300000190734863,13.300000190734863,13.300000190734863,13.300000190734863,13017,0.0,0.0,0.0
2025-06-19 03:10:00+00:00,13.300000190734863,13.3100004196167,13.300000190734863,13.3100004196167,20726,0.0,0.0,0.0
2025-06-19 03:15:00+00:00,13.3100004196167,13.3100004196167,13.3100004196167,13.3100004196167,6514,0.0,0.0,0.0
2025-06-19 03:20:00+00:00,13.319999694824219,13.319999694824219,13.3100004196167,13.3100004196167,3118,0.0,0.0,0.0
2025-06-19 03:25:00+00:00,13.319999694824219,13.319999694824219,13.319999694824219,13.319999694824219,51030,0.0,0.0,0.0
2025-06-19 03:30:00+00:00,13.329999923706055,13.329999923706055,13.319999694824219,13.319999694824219,8375,0.0,0.0,0.0
2025-06-19 03:35:00+00:00,13.319999694824219,13.319999694824219,13.319999694824219,13.319999694824219,26111,0.0,0.0,0.0
2025-06-19 03:40:00+00:00,13.319999694824219,13.329999923706055,13.319999694824219,13.329999923706055,4121,0.0,0.0,0.0
2025-06-19 03:45:00+00:00,13.329999923706055,13.329999923706055,13.319999694824219,13.319999694824219,10522,0.0,0.0,0.0
2025-06-19 03:50:00+00:00,13.319999694824219,13.329999923706055,13.319999694824219,13.319999694824219,4042,0.0,0.0,0.0
2025-06-19 03:55:00+00:00,13.329999923706055,13.329999923706055,13.319999694824219,13.319999694824219,16010,0.0,0.0,0.0
2025-06-19 04:00:00+00:00,13.329999923706055,13.329999923706055,13.319999694824219,13.319999694824219,108054,0.0,0.0,0.0
2025-06-19 04:05:00+00:00,13.319999694824219,13.319999694824219,13.319999694824219,13.319999694824219,2304,0.0,0.0,0.0
2025-06-19 04:10:00+00:00,13.3100004196167,13.3100004196167,13.3100004196167,13.3100004196167,62427,0.0,0.0,0.0
2025-06-19 04:15:00+00:00,13.3100004196167,13.319999694824219,13.3100004196167,13.319999694824219,4806,0.0,0.0,0.0
2025-06-19 04:20:00+00:00,13.3100004196167,13.3100004196167,13.300000190734863,13.300000190734863,47013,0.0,0.0,0.0
2025-06-19 04:25:00+00:00,13.3100004196167,13.3100004196167,13.300000190734863,13.300000190734863,47066,0.0,0.0,0.0
2025-06-19 04:30:00+00:00,13.3100004196167,13.3100004196167,13.300000190734863,13.300000190734863,14673,0.0,0.0,0.0
2025-06-19 04:35:00+00:00,13.300000190734863,13.300000190734863,13.300000190734863,13.300000190734863,13340,0.0,0.0,0.0
2025-06-19 04:40:00+00:00,13.3100004196167,13.3100004196167,13.300000190734863,13.3100004196167,11360,0.0,0.0,0.0
2025-06-19 04:45:00+00:00,13.3100004196167,13.3100004196167,13.300000190734863,13.3100004196167,9384,0.0,0.0,0.0
2025-06-19 04:50:00+00:00,13.300000190734863,13.300000190734863,13.300000190734863,13.300000190734863,6050,0.0,0.0,0.0
2025-06-19 04:55:00+00:00,13.300000190734863,13.300000190734863,13.300000190734863,13.300000190734863,25114,0.0,0.0,0.0
2025-06-19 05:00:00+00:00,13.300000190734863,13.300000190734863,13.289999961853027,13.289999961853027,253122,0.0,0.0,0.0
2025-06-19 05:05:00+00:00,13.289999961853027,13.289999961853027,13.289999961853027,13.289999961853027,39169,0.0,0.0,0.0
2025-06-19 05:10:00+00:00,13.289999961853027,13.289999961853027,13.279999732971191,13.279999732971191,15106,0.0,0.0,0.0
2025-06-19 05:15:00+00:00,13.289999961853027,13.289999961853027,13.279999732971191,13.279999732971191,25727,0.0,0.0,0.0
2025-06-19 05:20:00+00:00,13.289999961853027,13.289999961853027,13.289999961853027,13.289999961853027,19333,0.0,0.0,0.0
2025-06-20 01:00:00+00:00,13.289999961853027,13.300000190734863,13.289999961853027,13.289999961853027,41000,0.0,0.0,0.0
2025-06-20 01:05:00+00:00,13.300000190734863,13.300000190734863,13.260000228881836,13.260000228881836,18071,0.0,0.0,0.0
2025-06-20 01:10:00+00:00,13.260000228881836,13.270000457763672,13.25,13.25,45991,0.0,0.0,0.0
2025-06-20 01:15:00+00:00,13.239999771118164,13.25,13.239999771118164,13.239999771118164,64224,0.0,0.0,0.0
2025-06-20 01:20:00+00:00,13.239999771118164,13.25,13.229999542236328,13.239999771118164,60161,0.0,0.0,0.0
2025-06-20 01:25:00+00:00,13.239999771118164,13.239999771118164,13.229999542236328,13.229999542236328,27073,0.0,0.0,0.0
2025-06-20 01:30:00+00:00,13.229999542236328,13.229999542236328,13.210000038146973,13.210000038146973,53814,0.0,0.0,0.0
2025-06-20 01:35:00+00:00,13.199999809265137,13.199999809265137,13.1899995803833,13.1899995803833,421211,0.0,0.0,0.0
2025-06-20 01:40:00+00:00,13.1899995803833,13.199999809265137,13.1899995803833,13.1899995803833,29845,0.0,0.0,0.0
2025-06-20 01:45:00+00:00,13.1899995803833,13.1899995803833,13.180000305175781,13.180000305175781,61016,0.0,0.0,0.0
2025-06-20 01:50:00+00:00,13.180000305175781,13.180000305175781,13.180000305175781,13.180000305175781,6599,0.0,0.0,0.0
2025-06-20 01:55:00+00:00,13.170000076293945,13.170000076293945,13.170000076293945,13.170000076293945,42536,0.0,0.0,0.0
2025-06-20 02:00:00+00:00,13.180000305175781,13.180000305175781,13.180000305175781,13.180000305175781,13738,0.0,0.0,0.0
2025-06-20 02:05:00+00:00,13.180000305175781,13.180000305175781,13.170000076293945,13.180000305175781,11418,0.0,0.0,0.0
2025-06-20 02:10:00+00:00,13.180000305175781,13.180000305175781,13.15999984741211,13.15999984741211,57110,0.0,0.0,0.0
2025-06-20 02:15:00+00:00,13.15999984741211,13.15999984741211,13.149999618530273,13.15999984741211,50335,0.0,0.0,0.0
2025-06-20 02:20:00+00:00,13.15999984741211,13.15999984741211,13.149999618530273,13.15999984741211,16218,0.0,0.0,0.0
2025-06-20 02:25:00+00:00,13.170000076293945,13.170000076293945,13.170000076293945,13.170000076293945,4181,0.0,0.0,0.0
2025-06-20 02:30:00+00:00,13.170000076293945,13.180000305175781,13.170000076293945,13.180000305175781,95314,0.0,0.0,0.0
2025-06-20 02:35:00+00:00,13.1899995803833,13.199999809265137,13.1899995803833,13.199999809265137,36169,0.0,0.0,0.0
2025-06-20 02:40:00+00:00,13.199999809265137,13.199999809265137,13.1899995803833,13.1899995803833,39059,0.0,0.0,0.0
2025-06-20 02:45:00+00:00,13.1899995803833,13.199999809265137,13.1899995803833,13.199999809265137,3174,0.0,0.0,0.0
2025-06-20 02:50:00+00:00,13.199999809265137,13.199999809265137,13.1899995803833,13.1899995803833,151235,0.0,0.0,0.0
2025-06-20 02:55:00+00:00,13.1899995803833,13.1899995803833,13.1899995803833,13.1899995803833,11530,0.0,0.0,0.0
2025-06-20 03:00:00+00:00,13.180000305175781,13.180000305175781,13.180000305175781,13.180000305175781,29266,0.0,0.0,0.0
2025-06-20 03:05:00+00:00,13.180000305175781,13.180000305175781,13.180000305175781,13.180000305175781,3205,0.0,0.0,0.0
2025-06-20 03:10:00+00:00,13.180000305175781,13.180000305175781,13.180000305175781,13.180000305175781,2144,0.0,0.0,0.0
2025-06-20 03:15:00+00:00,13.180000305175781,13.180000305175781,13.170000076293945,13.170000076293945,10387,0.0,0.0,0.0
2025-06-20 03:20:00+00:00,13.180000305175781,13.1899995803833,13.170000076293945,13.1899995803833,6151,0.0,0.0,0.0
2025-06-20 03:25:00+00:00,13.1899995803833,13.1899995803833,13.1899995803833,13.1899995803833,13269,0.0,0.0,0.0
2025-06-20 03:30:00+00:00,13.199999809265137,13.199999809265137,13.199999809265137,13.199999809265137,13686,0.0,0.0,0.0
2025-06-20 03:35:00+00:00,13.199999809265137,13.199999809265137,13.199999809265137,13.199999809265137,38024,0.0,0.0,0.0
2025-06-20 03:40:00+00:00,13.210000038146973,13.220000267028809,13.210000038146973,13.220000267028809,5124,0.0,0.0,0.0
2025-06-20 03:45:00+00:00,13.210000038146973,13.220000267028809,13.210000038146973,13.220000267028809,8320,0.0,0.0,0.0
2025-06-20 03:50:00+00:00,13.210000038146973,13.229999542236328,13.210000038146973,13.229999542236328,74076,0.0,0.0,0.0
2025-06-20 03:55:00+00:00,13.239999771118164,13.25,13.229999542236328,13.25,40063,0.0,0.0,0.0
2025-06-20 04:00:00+00:00,13.25,13.25,13.25,13.25,6053,0.0,0.0,0.0
2025-06-20 04:05:00+00:00,13.25,13.25,13.25,13.25,5187,0.0,0.0,0.0
2025-06-20 04:10:00+00:00,13.25,13.25,13.25,13.25,34137,0.0,0.0,0.0
2025-06-20 04:15:00+00:00,13.25,13.25,13.239999771118164,13.25,5153,0.0,0.0,0.0
2025-06-20 04:20:00+00:00,13.25,13.25,13.239999771118164,13.25,8682,0.0,0.0,0.0
2025-06-20 04:25:00+00:00,13.25,13.25,13.25,13.25,1055,0.0,0.0,0.0
2025-06-20 04:30:00+00:00,13.25,13.25,13.239999771118164,13.239999771118164,4486,0.0,0.0,0.0
2025-06-20 04:35:00+00:00,13.239999771118164,13.239999771118164,13.239999771118164,13.239999771118164,3010,0.0,0.0,0.0
2025-06-20 04:40:00+00:00,13.239999771118164,13.239999771118164,13.220000267028809,13.220000267028809,18183,0.0,0.0,0.0
2025-06-20 04:45:00+00:00,13.210000038146973,13.210000038146973,13.210000038146973,13.210000038146973,19425,0.0,0.0,0.0
2025-06-20 04:50:00+00:00,13.210000038146973,13.229999542236328,13.210000038146973,13.229999542236328,90110,0.0,0.0,0.0
2025-06-20 04:55:00+00:00,13.229999542236328,13.239999771118164,13.229999542236328,13.239999771118164,37694,0.0,0.0,0.0
2025-06-20 05:00:00+00:00,13.239999771118164,13.239999771118164,13.239999771118164,13.239999771118164,3310,0.0,0.0,0.0
2025-06-20 05:05:00+00:00,13.239999771118164,13.239999771118164,13.229999542236328,13.229999542236328,10010,0.0,0.0,0.0
2025-06-20 05:10:00+00:00,13.229999542236328,13.229999542236328,13.229999542236328,13.229999542236328,17398,0.0,0.0,0.0
2025-06-20 05:15:00+00:00,13.229999542236328,13.229999542236328,13.220000267028809,13.229999542236328,5926,0.0,0.0,0.0
2025-06-20 05:20:00+00:00,13.229999542236328,13.229999542236328,13.220000267028809,13.229999542236328,52161,0.0,0.0,0.0
2025-06-23 01:00:00+00:00,13.100000381469727,13.100000381469727,13.050000190734863,13.0600004196167,0,0.0,0.0,0.0
2025-06-23 01:05:00+00:00,13.069999694824219,13.100000381469727,13.0600004196167,13.100000381469727,79317,0.0,0.0,0.0
2025-06-23 01:10:00+00:00,13.119999885559082,13.140000343322754,13.119999885559082,13.130000114440918,77550,0.0,0.0,0.0
2025-06-23 01:15:00+00:00,13.130000114440918,13.130000114440918,13.09000015258789,13.09000015258789,102353,0.0,0.0,0.0
2025-06-23 01:20:00+00:00,13.09000015258789,13.09000015258789,13.069999694824219,13.079999923706055,62594,0.0,0.0,0.0
2025-06-23 01:25:00+00:00,13.079999923706055,13.079999923706055,13.079999923706055,13.079999923706055,32738,0.0,0.0,0.0
2025-06-23 01:30:00+00:00,13.079999923706055,13.09000015258789,13.0600004196167,13.09000015258789,122909,0.0,0.0,0.0
2025-06-23 01:35:00+00:00,13.09000015258789,13.109999656677246,13.09000015258789,13.100000381469727,164084,0.0,0.0,0.0
2025-06-23 01:40:00+00:00,13.09000015258789,13.100000381469727,13.09000015258789,13.09000015258789,28960,0.0,0.0,0.0
2025-06-23 01:45:00+00:00,13.09000015258789,13.109999656677246,13.09000015258789,13.109999656677246,35645,0.0,0.0,0.0
2025-06-23 01:50:00+00:00,13.109999656677246,13.130000114440918,13.109999656677246,13.130000114440918,52325,0.0,0.0,0.0
2025-06-23 01:55:00+00:00,13.130000114440918,13.130000114440918,13.119999885559082,13.119999885559082,11314,0.0,0.0,0.0
2025-06-23 02:00:00+00:00,13.130000114440918,13.130000114440918,13.119999885559082,13.119999885559082,64510,0.0,0.0,0.0
2025-06-23 02:05:00+00:00,13.119999885559082,13.119999885559082,13.109999656677246,13.119999885559082,55814,0.0,0.0,0.0
2025-06-23 02:10:00+00:00,13.140000343322754,13.140000343322754,13.130000114440918,13.130000114440918,7465,0.0,0.0,0.0
2025-06-23 02:15:00+00:00,13.140000343322754,13.140000343322754,13.140000343322754,13.140000343322754,7005,0.0,0.0,0.0
2025-06-23 02:20:00+00:00,13.140000343322754,13.140000343322754,13.130000114440918,13.140000343322754,9758,0.0,0.0,0.0
2025-06-23 02:25:00+00:00,13.140000343322754,13.140000343322754,13.140000343322754,13.140000343322754,5889,0.0,0.0,0.0
2025-06-23 02:30:00+00:00,13.140000343322754,13.140000343322754,13.140000343322754,13.140000343322754,12438,0.0,0.0,0.0
2025-06-23 02:35:00+00:00,13.130000114440918,13.140000343322754,13.130000114440918,13.140000343322754,52234,0.0,0.0,0.0
2025-06-23 02:40:00+00:00,13.149999618530273,13.149999618530273,13.140000343322754,13.140000343322754,13437,0.0,0.0,0.0
2025-06-23 02:45:00+00:00,13.149999618530273,13.149999618530273,13.140000343322754,13.149999618530273,12416,0.0,0.0,0.0
2025-06-23 02:50:00+00:00,13.149999618530273,13.149999618530273,13.149999618530273,13.149999618530273,34382,0.0,0.0,0.0
2025-06-23 02:55:00+00:00,13.149999618530273,13.149999618530273,13.140000343322754,13.140000343322754,14716,0.0,0.0,0.0
2025-06-23 03:00:00+00:00,13.130000114440918,13.149999618530273,13.119999885559082,13.149999618530273,17145,0.0,0.0,0.0
2025-06-23 03:05:00+00:00,13.149999618530273,13.149999618530273,13.130000114440918,13.130000114440918,5183,0.0,0.0,0.0
2025-06-23 03:10:00+00:00,13.149999618530273,13.149999618530273,13.140000343322754,13.140000343322754,22164,0.0,0.0,0.0
2025-06-23 03:15:00+00:00,13.140000343322754,13.149999618530273,13.140000343322754,13.149999618530273,3270,0.0,0.0,0.0
2025-06-23 03:20:00+00:00,13.149999618530273,13.149999618530273,13.140000343322754,13.140000343322754,6138,0.0,0.0,0.0
2025-06-23 03:25:00+00:00,13.140000343322754,13.149999618530273,13.140000343322754,13.149999618530273,3079,0.0,0.0,0.0
2025-06-23 03:30:00+00:00,13.149999618530273,13.15999984741211,13.149999618530273,13.15999984741211,10049,0.0,0.0,0.0
2025-06-23 03:35:00+00:00,13.15999984741211,13.15999984741211,13.15999984741211,13.15999984741211,3206,0.0,0.0,0.0
2025-06-23 03:40:00+00:00,13.15999984741211,13.15999984741211,13.149999618530273,13.149999618530273,5004,0.0,0.0,0.0
2025-06-23 03:45:00+00:00,13.149999618530273,13.15999984741211,13.149999618530273,13.15999984741211,8084,0.0,0.0,0.0
2025-06-23 03:50:00+00:00,13.15999984741211,13.170000076293945,13.149999618530273,13.149999618530273,8091,0.0,0.0,0.0
2025-06-23 03:55:00+00:00,13.170000076293945,13.170000076293945,13.170000076293945,13.170000076293945,4108,0.0,0.0,0.0
2025-06-23 04:00:00+00:00,13.15999984741211,13.15999984741211,13.15999984741211,13.15999984741211,3129,0.0,0.0,0.0
2025-06-23 04:05:00+00:00,13.149999618530273,13.15999984741211,13.149999618530273,13.15999984741211,6565,0.0,0.0,0.0
2025-06-23 04:10:00+00:00,13.15999984741211,13.15999984741211,13.15999984741211,13.15999984741211,3823,0.0,0.0,0.0
2025-06-23 04:15:00+00:00,13.15999984741211,13.15999984741211,13.149999618530273,13.15999984741211,20284,0.0,0.0,0.0
2025-06-23 04:20:00+00:00,13.15999984741211,13.15999984741211,13.149999618530273,13.15999984741211,7110,0.0,0.0,0.0
2025-06-23 04:25:00+00:00,13.15999984741211,13.15999984741211,13.149999618530273,13.149999618530273,22061,0.0,0.0,0.0
2025-06-23 04:30:00+00:00,13.15999984741211,13.15999984741211,13.149999618530273,13.15999984741211,38328,0.0,0.0,0.0
2025-06-23 04:35:00+00:00,13.15999984741211,13.15999984741211,13.15999984741211,13.15999984741211,11100,0.0,0.0,0.0
2025-06-23 04:40:00+00:00,13.15999984741211,13.15999984741211,13.15999984741211,13.15999984741211,14300,0.0,0.0,0.0
2025-06-23 04:45:00+00:00,13.15999984741211,13.170000076293945,13.15999984741211,13.170000076293945,32080,0.0,0.0,0.0
2025-06-23 04:50:00+00:00,13.170000076293945,13.170000076293945,13.149999618530273,13.149999618530273,16209,0.0,0.0,0.0
2025-06-23 04:55:00+00:00,13.149999618530273,13.170000076293945,13.149999618530273,13.170000076293945,5486,0.0,0.0,0.0
2025-06-23 05:00:00+00:00,13.15999984741211,13.15999984741211,13.149999618530273,13.15999984741211,57116,0.0,0.0,0.0
2025-06-23 05:05:00+00:00,13.15999984741211,13.1899995803833,13.15999984741211,13.1899995803833,42311,0.0,0.0,0.0
2025-06-23 05:10:00+00:00,13.170000076293945,13.180000305175781,13.15999984741211,13.180000305175781,107044,0.0,0.0,0.0
2025-06-23 05:15:00+00:00,13.1899995803833,13.199999809265137,13.180000305175781,13.199999809265137,169805,0.0,0.0,0.0
2025-06-23 05:20:00+00:00,13.199999809265137,13.199999809265137,13.1899995803833,13.1899995803833,16791,0.0,0.0,0.0
2025-06-24 01:00:00+00:00,13.390000343322754,13.390000343322754,13.390000343322754,13.390000343322754,64000,0.0,0.0,0.0
2025-06-24 01:05:00+00:00,13.390000343322754,13.449999809265137,13.390000343322754,13.430000305175781,429000,0.0,0.0,0.0
2025-06-24 01:10:00+00:00,13.430000305175781,13.430000305175781,13.420000076293945,13.420000076293945,191530,0.0,0.0,0.0
2025-06-24 01:15:00+00:00,13.420000076293945,13.449999809265137,13.420000076293945,13.449999809265137,225862,0.0,0.0,0.0
2025-06-24 01:20:00+00:00,13.449999809265137,13.449999809265137,13.4399995803833,13.4399995803833,57549,0.0,0.0,0.0
2025-06-24 01:25:00+00:00,13.4399995803833,13.449999809265137,13.420000076293945,13.420000076293945,120198,0.0,0.0,0.0
2025-06-24 01:30:00+00:00,13.420000076293945,13.420000076293945,13.40999984741211,13.40999984741211,25078,0.0,0.0,0.0
2025-06-24 01:35:00+00:00,13.40999984741211,13.40999984741211,13.40999984741211,13.40999984741211,60044,0.0,0.0,0.0
2025-06-24 01:40:00+00:00,13.420000076293945,13.4399995803833,13.420000076293945,13.4399995803833,146069,0.0,0.0,0.0
2025-06-24 01:45:00+00:00,13.4399995803833,13.449999809265137,13.430000305175781,13.4399995803833,88644,0.0,0.0,0.0
2025-06-24 01:50:00+00:00,13.4399995803833,13.4399995803833,13.430000305175781,13.430000305175781,39109,0.0,0.0,0.0
2025-06-24 01:55:00+00:00,13.4399995803833,13.449999809265137,13.430000305175781,13.430000305175781,85034,0.0,0.0,0.0
2025-06-24 02:00:00+00:00,13.4399995803833,13.4399995803833,13.430000305175781,13.4399995803833,16014,0.0,0.0,0.0
2025-06-24 02:05:00+00:00,13.430000305175781,13.430000305175781,13.40999984741211,13.40999984741211,49718,0.0,0.0,0.0
2025-06-24 02:10:00+00:00,13.40999984741211,13.40999984741211,13.40999984741211,13.40999984741211,23447,0.0,0.0,0.0
2025-06-24 02:15:00+00:00,13.399999618530273,13.399999618530273,13.390000343322754,13.390000343322754,335029,0.0,0.0,0.0
2025-06-24 02:20:00+00:00,13.390000343322754,13.399999618530273,13.390000343322754,13.399999618530273,19240,0.0,0.0,0.0
2025-06-24 02:25:00+00:00,13.390000343322754,13.390000343322754,13.390000343322754,13.390000343322754,7068,0.0,0.0,0.0
2025-06-24 02:30:00+00:00,13.399999618530273,13.399999618530273,13.399999618530273,13.399999618530273,49199,0.0,0.0,0.0
2025-06-24 02:35:00+00:00,13.399999618530273,13.399999618530273,13.390000343322754,13.390000343322754,4040,0.0,0.0,0.0
2025-06-24 02:40:00+00:00,13.390000343322754,13.390000343322754,13.390000343322754,13.390000343322754,15336,0.0,0.0,0.0
2025-06-24 02:45:00+00:00,13.390000343322754,13.390000343322754,13.390000343322754,13.390000343322754,3016,0.0,0.0,0.0
2025-06-24 02:50:00+00:00,13.390000343322754,13.390000343322754,13.390000343322754,13.390000343322754,3302,0.0,0.0,0.0
2025-06-24 02:55:00+00:00,13.390000343322754,13.399999618530273,13.390000343322754,13.399999618530273,24196,0.0,0.0,0.0
2025-06-24 03:00:00+00:00,13.399999618530273,13.399999618530273,13.399999618530273,13.399999618530273,52045,0.0,0.0,0.0
2025-06-24 03:05:00+00:00,13.399999618530273,13.399999618530273,13.399999618530273,13.399999618530273,23137,0.0,0.0,0.0
2025-06-24 03:10:00+00:00,13.399999618530273,13.420000076293945,13.399999618530273,13.420000076293945,179260,0.0,0.0,0.0
2025-06-24 03:15:00+00:00,13.40999984741211,13.430000305175781,13.40999984741211,13.420000076293945,67415,0.0,0.0,0.0
2025-06-24 03:20:00+00:00,13.420000076293945,13.4399995803833,13.420000076293945,13.430000305175781,59793,0.0,0.0,0.0
2025-06-24 03:25:00+00:00,13.430000305175781,13.430000305175781,13.430000305175781,13.430000305175781,19313,0.0,0.0,0.0
2025-06-24 03:30:00+00:00,13.4399995803833,13.4399995803833,13.430000305175781,13.4399995803833,114701,0.0,0.0,0.0
2025-06-24 03:35:00+00:00,13.4399995803833,13.449999809265137,13.4399995803833,13.449999809265137,5016,0.0,0.0,0.0
2025-06-24 03:40:00+00:00,13.4399995803833,13.449999809265137,13.4399995803833,13.449999809265137,21678,0.0,0.0,0.0
2025-06-24 03:45:00+00:00,13.4399995803833,13.449999809265137,13.4399995803833,13.449999809265137,83005,0.0,0.0,0.0
2025-06-24 03:50:00+00:00,13.449999809265137,13.449999809265137,13.4399995803833,13.4399995803833,19137,0.0,0.0,0.0
2025-06-24 03:55:00+00:00,13.4399995803833,13.4399995803833,13.4399995803833,13.4399995803833,22027,0.0,0.0,0.0
2025-06-24 04:00:00+00:00,13.4399995803833,13.4399995803833,13.4399995803833,13.4399995803833,4042,0.0,0.0,0.0
2025-06-24 04:05:00+00:00,13.430000305175781,13.4399995803833,13.430000305175781,13.4399995803833,13038,0.0,0.0,0.0
2025-06-24 04:10:00+00:00,13.430000305175781,13.4399995803833,13.430000305175781,13.430000305175781,28758,0.0,0.0,0.0
2025-06-24 04:20:00+00:00,13.420000076293945,13.430000305175781,13.420000076293945,13.420000076293945,87541,0.0,0.0,0.0
2025-06-24 04:25:00+00:00,13.420000076293945,13.420000076293945,13.420000076293945,13.420000076293945,46110,0.0,0.0,0.0
2025-06-24 04:30:00+00:00,13.430000305175781,13.430000305175781,13.420000076293945,13.420000076293945,5413,0.0,0.0,0.0
2025-06-24 04:35:00+00:00,13.420000076293945,13.420000076293945,13.420000076293945,13.420000076293945,31160,0.0,0.0,0.0
2025-06-24 04:40:00+00:00,13.430000305175781,13.4399995803833,13.420000076293945,13.430000305175781,86771,0.0,0.0,0.0
2025-06-24 04:45:00+00:00,13.430000305175781,13.430000305175781,13.430000305175781,13.430000305175781,6610,0.0,0.0,0.0
2025-06-24 04:50:00+00:00,13.4399995803833,13.4399995803833,13.4399995803833,13.4399995803833,611601,0.0,0.0,0.0
2025-06-24 04:55:00+00:00,13.4399995803833,13.449999809265137,13.4399995803833,13.4399995803833,29115,0.0,0.0,0.0
2025-06-24 05:00:00+00:00,13.4399995803833,13.449999809265137,13.4399995803833,13.4399995803833,28795,0.0,0.0,0.0
2025-06-24 05:05:00+00:00,13.4399995803833,13.4399995803833,13.4399995803833,13.4399995803833,17177,0.0,0.0,0.0
2025-06-24 05:10:00+00:00,13.4399995803833,13.4399995803833,13.4399995803833,13.4399995803833,9168,0.0,0.0,0.0
2025-06-24 05:15:00+00:00,13.449999809265137,13.449999809265137,13.4399995803833,13.4399995803833,11658,0.0,0.0,0.0
2025-06-24 05:20:00+00:00,13.4399995803833,13.4399995803833,13.430000305175781,13.4399995803833,79297,0.0,0.0,0.0
2025-06-25 01:00:00+00:00,13.550000190734863,13.5600004196167,13.539999961853027,13.550000190734863,321000,0.0,0.0,0.0
2025-06-25 01:05:00+00:00,13.550000190734863,13.550000190734863,13.529999732971191,13.539999961853027,129000,0.0,0.0,0.0
2025-06-25 01:10:00+00:00,13.539999961853027,13.550000190734863,13.539999961853027,13.550000190734863,144945,0.0,0.0,0.0
2025-06-25 01:15:00+00:00,13.539999961853027,13.539999961853027,13.539999961853027,13.539999961853027,130078,0.0,0.0,0.0
2025-06-25 01:20:00+00:00,13.539999961853027,13.539999961853027,13.529999732971191,13.529999732971191,38251,0.0,0.0,0.0
2025-06-25 01:25:00+00:00,13.529999732971191,13.529999732971191,13.520000457763672,13.520000457763672,22000,0.0,0.0,0.0
2025-06-25 01:30:00+00:00,13.529999732971191,13.539999961853027,13.520000457763672,13.539999961853027,216570,0.0,0.0,0.0
2025-06-25 01:35:00+00:00,13.539999961853027,13.550000190734863,13.520000457763672,13.520000457763672,202471,0.0,0.0,0.0
2025-06-25 01:40:00+00:00,13.529999732971191,13.539999961853027,13.529999732971191,13.529999732971191,247213,0.0,0.0,0.0
2025-06-25 01:45:00+00:00,13.529999732971191,13.539999961853027,13.529999732971191,13.529999732971191,36433,0.0,0.0,0.0
2025-06-25 01:50:00+00:00,13.529999732971191,13.529999732971191,13.520000457763672,13.529999732971191,24842,0.0,0.0,0.0
2025-06-25 01:55:00+00:00,13.520000457763672,13.529999732971191,13.520000457763672,13.520000457763672,13163,0.0,0.0,0.0
2025-06-25 02:00:00+00:00,13.529999732971191,13.529999732971191,13.520000457763672,13.520000457763672,50623,0.0,0.0,0.0
2025-06-25 02:05:00+00:00,13.520000457763672,13.529999732971191,13.520000457763672,13.520000457763672,70407,0.0,0.0,0.0
2025-06-25 02:10:00+00:00,13.529999732971191,13.539999961853027,13.529999732971191,13.529999732971191,266346,0.0,0.0,0.0
2025-06-25 02:15:00+00:00,13.539999961853027,13.539999961853027,13.529999732971191,13.529999732971191,85617,0.0,0.0,0.0
2025-06-25 02:20:00+00:00,13.529999732971191,13.539999961853027,13.529999732971191,13.529999732971191,13513,0.0,0.0,0.0
2025-06-25 02:25:00+00:00,13.520000457763672,13.520000457763672,13.520000457763672,13.520000457763672,2011,0.0,0.0,0.0
2025-06-25 02:30:00+00:00,13.520000457763672,13.529999732971191,13.520000457763672,13.520000457763672,43480,0.0,0.0,0.0
2025-06-25 02:35:00+00:00,13.520000457763672,13.529999732971191,13.520000457763672,13.520000457763672,88046,0.0,0.0,0.0
2025-06-25 02:40:00+00:00,13.529999732971191,13.529999732971191,13.520000457763672,13.520000457763672,47068,0.0,0.0,0.0
2025-06-25 02:45:00+00:00,13.520000457763672,13.529999732971191,13.520000457763672,13.529999732971191,2098,0.0,0.0,0.0
2025-06-25 02:50:00+00:00,13.520000457763672,13.529999732971191,13.520000457763672,13.520000457763672,65048,0.0,0.0,0.0
2025-06-25 02:55:00+00:00,13.520000457763672,13.529999732971191,13.520000457763672,13.529999732971191,13087,0.0,0.0,0.0
2025-06-25 03:00:00+00:00,13.539999961853027,13.539999961853027,13.529999732971191,13.529999732971191,4135,0.0,0.0,0.0
2025-06-25 03:05:00+00:00,13.539999961853027,13.539999961853027,13.529999732971191,13.539999961853027,20265,0.0,0.0,0.0
2025-06-25 03:10:00+00:00,13.520000457763672,13.539999961853027,13.520000457763672,13.539999961853027,6027,0.0,0.0,0.0
2025-06-25 03:15:00+00:00,13.529999732971191,13.539999961853027,13.520000457763672,13.539999961853027,21280,0.0,0.0,0.0
2025-06-25 03:20:00+00:00,13.520000457763672,13.550000190734863,13.520000457763672,13.550000190734863,533109,0.0,0.0,0.0
2025-06-25 03:25:00+00:00,13.550000190734863,13.550000190734863,13.550000190734863,13.550000190734863,173187,0.0,0.0,0.0
2025-06-25 03:30:00+00:00,13.5600004196167,13.5600004196167,13.550000190734863,13.5600004196167,523285,0.0,0.0,0.0
2025-06-25 03:35:00+00:00,13.5600004196167,13.5600004196167,13.5600004196167,13.5600004196167,20212,0.0,0.0,0.0
2025-06-25 03:40:00+00:00,13.550000190734863,13.5600004196167,13.550000190734863,13.5600004196167,29027,0.0,0.0,0.0
2025-06-25 03:45:00+00:00,13.5600004196167,13.5600004196167,13.550000190734863,13.550000190734863,19037,0.0,0.0,0.0
2025-06-25 03:50:00+00:00,13.550000190734863,13.550000190734863,13.550000190734863,13.550000190734863,62194,0.0,0.0,0.0
2025-06-25 03:55:00+00:00,13.550000190734863,13.5600004196167,13.550000190734863,13.550000190734863,28192,0.0,0.0,0.0
2025-06-25 04:00:00+00:00,13.550000190734863,13.550000190734863,13.550000190734863,13.550000190734863,30126,0.0,0.0,0.0
2025-06-25 04:05:00+00:00,13.539999961853027,13.550000190734863,13.529999732971191,13.529999732971191,28112,0.0,0.0,0.0
2025-06-25 04:10:00+00:00,13.529999732971191,13.529999732971191,13.529999732971191,13.529999732971191,23568,0.0,0.0,0.0
2025-06-25 04:15:00+00:00,13.529999732971191,13.539999961853027,13.529999732971191,13.529999732971191,31774,0.0,0.0,0.0
2025-06-25 04:20:00+00:00,13.529999732971191,13.529999732971191,13.529999732971191,13.529999732971191,17095,0.0,0.0,0.0
2025-06-25 04:25:00+00:00,13.529999732971191,13.539999961853027,13.529999732971191,13.539999961853027,21809,0.0,0.0,0.0
2025-06-25 04:30:00+00:00,13.539999961853027,13.539999961853027,13.529999732971191,13.529999732971191,8903,0.0,0.0,0.0
2025-06-25 04:35:00+00:00,13.539999961853027,13.539999961853027,13.539999961853027,13.539999961853027,112738,0.0,0.0,0.0
2025-06-25 04:40:00+00:00,13.539999961853027,13.539999961853027,13.539999961853027,13.539999961853027,39175,0.0,0.0,0.0
2025-06-25 04:45:00+00:00,13.539999961853027,13.550000190734863,13.539999961853027,13.550000190734863,82800,0.0,0.0,0.0
2025-06-25 04:50:00+00:00,13.539999961853027,13.550000190734863,13.539999961853027,13.550000190734863,13270,0.0,0.0,0.0
2025-06-25 04:55:00+00:00,13.550000190734863,13.550000190734863,13.539999961853027,13.550000190734863,166937,0.0,0.0,0.0
2025-06-25 05:00:00+00:00,13.539999961853027,13.550000190734863,13.539999961853027,13.550000190734863,56140,0.0,0.0,0.0
2025-06-25 05:05:00+00:00,13.550000190734863,13.5600004196167,13.550000190734863,13.5600004196167,71510,0.0,0.0,0.0
2025-06-25 05:10:00+00:00,13.5600004196167,13.569999694824219,13.5600004196167,13.5600004196167,196492,0.0,0.0,0.0
2025-06-25 05:15:00+00:00,13.5600004196167,13.5600004196167,13.550000190734863,13.550000190734863,73302,0.0,0.0,0.0
2025-06-25 05:20:00+00:00,13.5600004196167,13.5600004196167,13.550000190734863,13.550000190734863,35566,0.0,0.0,0.0
2025-06-26 01:00:00+00:00,13.579999923706055,13.579999923706055,13.569999694824219,13.569999694824219,182000,0.0,0.0,0.0
2025-06-26 01:05:00+00:00,13.579999923706055,13.600000381469727,13.579999923706055,13.59000015258789,65000,0.0,0.0,0.0
2025-06-26 01:10:00+00:00,13.600000381469727,13.609999656677246,13.579999923706055,13.600000381469727,589857,0.0,0.0,0.0
2025-06-26 01:15:00+00:00,13.600000381469727,13.609999656677246,13.600000381469727,13.609999656677246,50515,0.0,0.0,0.0
2025-06-26 01:20:00+00:00,13.619999885559082,13.619999885559082,13.619999885559082,13.619999885559082,33426,0.0,0.0,0.0
2025-06-26 01:25:00+00:00,13.600000381469727,13.600000381469727,13.600000381469727,13.600000381469727,21956,0.0,0.0,0.0
2025-06-26 01:30:00+00:00,13.609999656677246,13.609999656677246,13.59000015258789,13.59000015258789,43015,0.0,0.0,0.0
2025-06-26 01:35:00+00:00,13.579999923706055,13.579999923706055,13.569999694824219,13.569999694824219,24769,0.0,0.0,0.0
2025-06-26 01:40:00+00:00,13.579999923706055,13.579999923706055,13.579999923706055,13.579999923706055,4345,0.0,0.0,0.0
2025-06-26 01:45:00+00:00,13.579999923706055,13.59000015258789,13.579999923706055,13.59000015258789,65581,0.0,0.0,0.0
2025-06-26 01:50:00+00:00,13.579999923706055,13.59000015258789,13.569999694824219,13.569999694824219,66106,0.0,0.0,0.0
2025-06-26 01:55:00+00:00,13.579999923706055,13.579999923706055,13.5600004196167,13.5600004196167,3164,0.0,0.0,0.0
2025-06-26 02:00:00+00:00,13.5600004196167,13.579999923706055,13.5600004196167,13.579999923706055,186357,0.0,0.0,0.0
2025-06-26 02:05:00+00:00,13.59000015258789,13.600000381469727,13.579999923706055,13.600000381469727,179355,0.0,0.0,0.0
2025-06-26 02:10:00+00:00,13.600000381469727,13.619999885559082,13.600000381469727,13.619999885559082,339359,0.0,0.0,0.0
2025-06-26 02:15:00+00:00,13.619999885559082,13.640000343322754,13.619999885559082,13.619999885559082,186798,0.0,0.0,0.0
2025-06-26 02:20:00+00:00,13.630000114440918,13.640000343322754,13.609999656677246,13.619999885559082,520635,0.0,0.0,0.0
2025-06-26 02:25:00+00:00,13.619999885559082,13.619999885559082,13.609999656677246,13.609999656677246,3032,0.0,0.0,0.0
2025-06-26 02:30:00+00:00,13.619999885559082,13.619999885559082,13.619999885559082,13.619999885559082,3127,0.0,0.0,0.0
2025-06-26 02:35:00+00:00,13.609999656677246,13.609999656677246,13.600000381469727,13.600000381469727,29340,0.0,0.0,0.0
2025-06-26 02:40:00+00:00,13.600000381469727,13.600000381469727,13.59000015258789,13.59000015258789,31217,0.0,0.0,0.0
2025-06-26 02:45:00+00:00,13.600000381469727,13.600000381469727,13.579999923706055,13.579999923706055,45188,0.0,0.0,0.0
2025-06-26 02:50:00+00:00,13.59000015258789,13.600000381469727,13.579999923706055,13.600000381469727,70251,0.0,0.0,0.0
2025-06-26 02:55:00+00:00,13.600000381469727,13.600000381469727,13.600000381469727,13.600000381469727,2010,0.0,0.0,0.0
2025-06-26 03:00:00+00:00,13.600000381469727,13.600000381469727,13.59000015258789,13.59000015258789,6980,0.0,0.0,0.0
2025-06-26 03:05:00+00:00,13.59000015258789,13.59000015258789,13.59000015258789,13.59000015258789,553838,0.0,0.0,0.0
2025-06-26 03:10:00+00:00,13.59000015258789,13.59000015258789,13.579999923706055,13.579999923706055,20034,0.0,0.0,0.0
2025-06-26 03:15:00+00:00,13.579999923706055,13.579999923706055,13.569999694824219,13.569999694824219,5047,0.0,0.0,0.0
2025-06-26 03:20:00+00:00,13.579999923706055,13.579999923706055,13.569999694824219,13.579999923706055,27132,0.0,0.0,0.0
2025-06-26 03:25:00+00:00,13.579999923706055,13.579999923706055,13.579999923706055,13.579999923706055,8027,0.0,0.0,0.0
2025-06-26 03:30:00+00:00,13.59000015258789,13.59000015258789,13.569999694824219,13.569999694824219,122037,0.0,0.0,0.0
2025-06-26 03:35:00+00:00,13.579999923706055,13.579999923706055,13.579999923706055,13.579999923706055,27331,0.0,0.0,0.0
2025-06-26 03:40:00+00:00,13.59000015258789,13.59000015258789,13.579999923706055,13.579999923706055,409278,0.0,0.0,0.0
2025-06-26 03:45:00+00:00,13.579999923706055,13.579999923706055,13.569999694824219,13.569999694824219,405017,0.0,0.0,0.0
2025-06-26 03:50:00+00:00,13.579999923706055,13.579999923706055,13.569999694824219,13.569999694824219,8223,0.0,0.0,0.0
2025-06-26 03:55:00+00:00,13.579999923706055,13.579999923706055,13.569999694824219,13.569999694824219,20026,0.0,0.0,0.0
2025-06-26 04:00:00+00:00,13.569999694824219,13.569999694824219,13.5600004196167,13.5600004196167,9803,0.0,0.0,0.0
2025-06-26 04:05:00+00:00,13.569999694824219,13.569999694824219,13.569999694824219,13.569999694824219,24580,0.0,0.0,0.0
2025-06-26 04:10:00+00:00,13.569999694824219,13.579999923706055,13.569999694824219,13.579999923706055,3668,0.0,0.0,0.0
2025-06-26 04:20:00+00:00,13.579999923706055,13.579999923706055,13.569999694824219,13.569999694824219,10630,0.0,0.0,0.0
2025-06-26 04:25:00+00:00,13.579999923706055,13.579999923706055,13.569999694824219,13.569999694824219,32027,0.0,0.0,0.0
2025-06-26 04:30:00+00:00,13.579999923706055,13.579999923706055,13.569999694824219,13.569999694824219,13431,0.0,0.0,0.0
2025-06-26 04:35:00+00:00,13.569999694824219,13.569999694824219,13.569999694824219,13.569999694824219,27570,0.0,0.0,0.0
2025-06-26 04:40:00+00:00,13.569999694824219,13.569999694824219,13.569999694824219,13.569999694824219,5020,0.0,0.0,0.0
2025-06-26 04:45:00+00:00,13.569999694824219,13.579999923706055,13.569999694824219,13.579999923706055,186321,0.0,0.0,0.0
2025-06-26 04:50:00+00:00,13.569999694824219,13.569999694824219,13.569999694824219,13.569999694824219,53120,0.0,0.0,0.0
2025-06-26 04:55:00+00:00,13.569999694824219,13.579999923706055,13.569999694824219,13.579999923706055,22491,0.0,0.0,0.0
2025-06-26 05:00:00+00:00,13.579999923706055,13.579999923706055,13.569999694824219,13.579999923706055,145124,0.0,0.0,0.0
2025-06-26 05:05:00+00:00,13.579999923706055,13.579999923706055,13.569999694824219,13.569999694824219,408104,0.0,0.0,0.0
2025-06-26 05:10:00+00:00,13.569999694824219,13.579999923706055,13.569999694824219,13.579999923706055,12863,0.0,0.0,0.0
2025-06-26 05:15:00+00:00,13.579999923706055,13.579999923706055,13.5600004196167,13.5600004196167,84183,0.0,0.0,0.0
2025-06-26 05:20:00+00:00,13.5600004196167,13.5600004196167,13.5600004196167,13.5600004196167,26765,0.0,0.0,0.0
2025-06-27 01:00:00+00:00,13.59000015258789,13.609999656677246,13.59000015258789,13.600000381469727,581000,0.0,0.0,0.0
2025-06-27 01:05:00+00:00,13.600000381469727,13.600000381469727,13.569999694824219,13.579999923706055,15991,0.0,0.0,0.0
2025-06-27 01:10:00+00:00,13.579999923706055,13.579999923706055,13.569999694824219,13.569999694824219,50457,0.0,0.0,0.0
2025-06-27 01:15:00+00:00,13.569999694824219,13.569999694824219,13.569999694824219,13.569999694824219,11070,0.0,0.0,0.0
2025-06-27 01:20:00+00:00,13.569999694824219,13.579999923706055,13.5600004196167,13.5600004196167,125013,0.0,0.0,0.0
2025-06-27 01:25:00+00:00,13.550000190734863,13.579999923706055,13.550000190734863,13.579999923706055,35135,0.0,0.0,0.0
2025-06-27 01:30:00+00:00,13.569999694824219,13.569999694824219,13.550000190734863,13.550000190734863,210680,0.0,0.0,0.0
2025-06-27 01:35:00+00:00,13.550000190734863,13.550000190734863,13.539999961853027,13.550000190734863,20213,0.0,0.0,0.0
2025-06-27 01:40:00+00:00,13.550000190734863,13.5600004196167,13.539999961853027,13.5600004196167,33104,0.0,0.0,0.0
2025-06-27 01:45:00+00:00,13.5600004196167,13.5600004196167,13.5600004196167,13.5600004196167,12029,0.0,0.0,0.0
2025-06-27 01:50:00+00:00,13.550000190734863,13.550000190734863,13.550000190734863,13.550000190734863,11391,0.0,0.0,0.0
2025-06-27 01:55:00+00:00,13.5600004196167,13.5600004196167,13.5600004196167,13.5600004196167,24541,0.0,0.0,0.0
2025-06-27 02:00:00+00:00,13.569999694824219,13.569999694824219,13.5600004196167,13.5600004196167,304018,0.0,0.0,0.0
2025-06-27 02:05:00+00:00,13.550000190734863,13.5600004196167,13.550000190734863,13.5600004196167,401030,0.0,0.0,0.0
2025-06-27 02:10:00+00:00,13.550000190734863,13.550000190734863,13.550000190734863,13.550000190734863,43059,0.0,0.0,0.0
2025-06-27 02:15:00+00:00,13.5600004196167,13.5600004196167,13.5600004196167,13.5600004196167,52830,0.0,0.0,0.0
2025-06-27 02:20:00+00:00,13.5600004196167,13.569999694824219,13.5600004196167,13.5600004196167,9658,0.0,0.0,0.0
2025-06-27 02:25:00+00:00,13.5600004196167,13.569999694824219,13.5600004196167,13.5600004196167,374108,0.0,0.0,0.0
2025-06-27 02:30:00+00:00,13.550000190734863,13.5600004196167,13.550000190734863,13.5600004196167,6019,0.0,0.0,0.0
2025-06-27 02:35:00+00:00,13.550000190734863,13.550000190734863,13.529999732971191,13.529999732971191,634224,0.0,0.0,0.0
2025-06-27 02:40:00+00:00,13.529999732971191,13.539999961853027,13.529999732971191,13.529999732971191,19228,0.0,0.0,0.0
2025-06-27 02:45:00+00:00,13.539999961853027,13.550000190734863,13.529999732971191,13.539999961853027,51595,0.0,0.0,0.0
2025-06-27 02:50:00+00:00,13.539999961853027,13.539999961853027,13.539999961853027,13.539999961853027,3154,0.0,0.0,0.0
2025-06-27 02:55:00+00:00,13.539999961853027,13.539999961853027,13.529999732971191,13.539999961853027,19258,0.0,0.0,0.0
2025-06-27 03:00:00+00:00,13.539999961853027,13.539999961853027,13.539999961853027,13.539999961853027,14019,0.0,0.0,0.0
2025-06-27 03:05:00+00:00,13.539999961853027,13.550000190734863,13.539999961853027,13.550000190734863,4044,0.0,0.0,0.0
2025-06-27 03:10:00+00:00,13.539999961853027,13.539999961853027,13.529999732971191,13.529999732971191,45019,0.0,0.0,0.0
2025-06-27 03:15:00+00:00,13.529999732971191,13.529999732971191,13.529999732971191,13.529999732971191,6038,0.0,0.0,0.0
2025-06-27 03:20:00+00:00,13.529999732971191,13.529999732971191,13.529999732971191,13.529999732971191,6029,0.0,0.0,0.0
2025-06-27 03:25:00+00:00,13.529999732971191,13.529999732971191,13.520000457763672,13.529999732971191,254109,0.0,0.0,0.0
2025-06-27 03:30:00+00:00,13.529999732971191,13.529999732971191,13.529999732971191,13.529999732971191,1221,0.0,0.0,0.0
2025-06-27 03:35:00+00:00,13.529999732971191,13.529999732971191,13.529999732971191,13.529999732971191,9395,0.0,0.0,0.0
2025-06-27 03:40:00+00:00,13.529999732971191,13.529999732971191,13.520000457763672,13.520000457763672,12020,0.0,0.0,0.0
2025-06-27 03:45:00+00:00,13.529999732971191,13.529999732971191,13.520000457763672,13.520000457763672,8119,0.0,0.0,0.0
2025-06-27 03:50:00+00:00,13.510000228881836,13.520000457763672,13.510000228881836,13.510000228881836,55115,0.0,0.0,0.0
2025-06-27 03:55:00+00:00,13.520000457763672,13.520000457763672,13.520000457763672,13.520000457763672,10037,0.0,0.0,0.0
2025-06-27 04:00:00+00:00,13.520000457763672,13.520000457763672,13.520000457763672,13.520000457763672,41236,0.0,0.0,0.0
2025-06-27 04:05:00+00:00,13.520000457763672,13.529999732971191,13.520000457763672,13.529999732971191,18461,0.0,0.0,0.0
2025-06-27 04:10:00+00:00,13.520000457763672,13.539999961853027,13.520000457763672,13.539999961853027,93126,0.0,0.0,0.0
2025-06-27 04:15:00+00:00,13.520000457763672,13.529999732971191,13.520000457763672,13.529999732971191,2036,0.0,0.0,0.0
2025-06-27 04:20:00+00:00,13.529999732971191,13.539999961853027,13.529999732971191,13.539999961853027,5044,0.0,0.0,0.0
2025-06-27 04:25:00+00:00,13.539999961853027,13.539999961853027,13.539999961853027,13.539999961853027,44741,0.0,0.0,0.0
2025-06-27 04:30:00+00:00,13.550000190734863,13.550000190734863,13.539999961853027,13.550000190734863,107845,0.0,0.0,0.0
2025-06-27 04:35:00+00:00,13.550000190734863,13.569999694824219,13.550000190734863,13.569999694824219,65560,0.0,0.0,0.0
2025-06-27 04:40:00+00:00,13.579999923706055,13.579999923706055,13.5600004196167,13.569999694824219,17110,0.0,0.0,0.0
2025-06-27 04:45:00+00:00,13.569999694824219,13.569999694824219,13.569999694824219,13.569999694824219,21260,0.0,0.0,0.0
2025-06-27 04:50:00+00:00,13.5600004196167,13.569999694824219,13.5600004196167,13.569999694824219,19068,0.0,0.0,0.0
2025-06-27 05:00:00+00:00,13.569999694824219,13.569999694824219,13.569999694824219,13.569999694824219,1298,0.0,0.0,0.0
2025-06-27 05:05:00+00:00,13.5600004196167,13.569999694824219,13.5600004196167,13.569999694824219,27010,0.0,0.0,0.0
2025-06-27 05:10:00+00:00,13.5600004196167,13.5600004196167,13.5600004196167,13.5600004196167,46597,0.0,0.0,0.0
2025-06-27 05:15:00+00:00,13.569999694824219,13.569999694824219,13.550000190734863,13.550000190734863,6750,0.0,0.0,0.0
2025-06-27 05:20:00+00:00,13.550000190734863,13.5600004196167,13.550000190734863,13.5600004196167,66406,0.0,0.0,0.0
2025-05-02 01:00:00+00:00,12.220000267028809,12.260000228881836,12.220000267028809,12.25,0,0.0,0.0,0.0
2025-05-02 01:05:00+00:00,12.25,12.25,12.239999771118164,12.239999771118164,76314,0.0,0.0,0.0
2025-05-02 01:10:00+00:00,12.25,12.270000457763672,12.25,12.260000228881836,247865,0.0,0.0,0.0
2025-05-02 01:15:00+00:00,12.260000228881836,12.270000457763672,12.260000228881836,12.260000228881836,105350,0.0,0.0,0.0
2025-05-02 01:20:00+00:00,12.260000228881836,12.270000457763672,12.25,12.260000228881836,127741,0.0,0.0,0.0
2025-05-02 01:25:00+00:00,12.270000457763672,12.270000457763672,12.25,12.25,68114,0.0,0.0,0.0
2025-05-02 01:30:00+00:00,12.25,12.25,12.239999771118164,12.25,41049,0.0,0.0,0.0
2025-05-02 01:35:00+00:00,12.25,12.25,12.239999771118164,12.25,47312,0.0,0.0,0.0
2025-05-02 01:40:00+00:00,12.239999771118164,12.239999771118164,12.229999542236328,12.229999542236328,56001,0.0,0.0,0.0
2025-05-02 01:45:00+00:00,12.229999542236328,12.260000228881836,12.229999542236328,12.260000228881836,88528,0.0,0.0,0.0
2025-05-02 01:50:00+00:00,12.25,12.260000228881836,12.25,12.260000228881836,102129,0.0,0.0,0.0
2025-05-02 01:55:00+00:00,12.270000457763672,12.270000457763672,12.260000228881836,12.260000228881836,22052,0.0,0.0,0.0
2025-05-02 02:00:00+00:00,12.260000228881836,12.270000457763672,12.25,12.25,67161,0.0,0.0,0.0
2025-05-02 02:05:00+00:00,12.270000457763672,12.279999732971191,12.260000228881836,12.279999732971191,241468,0.0,0.0,0.0
2025-05-02 02:10:00+00:00,12.279999732971191,12.279999732971191,12.279999732971191,12.279999732971191,4030,0.0,0.0,0.0
2025-05-02 02:15:00+00:00,12.270000457763672,12.289999961853027,12.270000457763672,12.279999732971191,69037,0.0,0.0,0.0
2025-05-02 02:20:00+00:00,12.279999732971191,12.279999732971191,12.260000228881836,12.279999732971191,78182,0.0,0.0,0.0
2025-05-02 02:25:00+00:00,12.289999961853027,12.289999961853027,12.279999732971191,12.279999732971191,18148,0.0,0.0,0.0
2025-05-02 02:30:00+00:00,12.279999732971191,12.289999961853027,12.279999732971191,12.289999961853027,14027,0.0,0.0,0.0
2025-05-02 02:35:00+00:00,12.289999961853027,12.289999961853027,12.279999732971191,12.289999961853027,56028,0.0,0.0,0.0
2025-05-02 02:40:00+00:00,12.289999961853027,12.300000190734863,12.289999961853027,12.300000190734863,70231,0.0,0.0,0.0
2025-05-02 02:45:00+00:00,12.300000190734863,12.300000190734863,12.279999732971191,12.300000190734863,10054,0.0,0.0,0.0
2025-05-02 02:50:00+00:00,12.300000190734863,12.300000190734863,12.289999961853027,12.300000190734863,7028,0.0,0.0,0.0
2025-05-02 02:55:00+00:00,12.300000190734863,12.300000190734863,12.300000190734863,12.300000190734863,14429,0.0,0.0,0.0
2025-05-02 03:00:00+00:00,12.300000190734863,12.300000190734863,12.279999732971191,12.289999961853027,15310,0.0,0.0,0.0
2025-05-02 03:05:00+00:00,12.289999961853027,12.289999961853027,12.289999961853027,12.289999961853027,12135,0.0,0.0,0.0
2025-05-02 03:10:00+00:00,12.289999961853027,12.300000190734863,12.289999961853027,12.289999961853027,17252,0.0,0.0,0.0
2025-05-02 03:15:00+00:00,12.289999961853027,12.289999961853027,12.289999961853027,12.289999961853027,5328,0.0,0.0,0.0
2025-05-02 03:20:00+00:00,12.289999961853027,12.289999961853027,12.289999961853027,12.289999961853027,7450,0.0,0.0,0.0
2025-05-02 03:25:00+00:00,12.289999961853027,12.289999961853027,12.279999732971191,12.279999732971191,3287,0.0,0.0,0.0
2025-05-02 03:30:00+00:00,12.289999961853027,12.319999694824219,12.289999961853027,12.319999694824219,268095,0.0,0.0,0.0
2025-05-02 03:35:00+00:00,12.3100004196167,12.3100004196167,12.3100004196167,12.3100004196167,3785,0.0,0.0,0.0
2025-05-02 03:40:00+00:00,12.3100004196167,12.319999694824219,12.3100004196167,12.3100004196167,38035,0.0,0.0,0.0
2025-05-02 03:45:00+00:00,12.3100004196167,12.3100004196167,12.3100004196167,12.3100004196167,17198,0.0,0.0,0.0
2025-05-02 03:50:00+00:00,12.319999694824219,12.319999694824219,12.3100004196167,12.3100004196167,14204,0.0,0.0,0.0
2025-05-02 03:55:00+00:00,12.300000190734863,12.3100004196167,12.300000190734863,12.3100004196167,6584,0.0,0.0,0.0
2025-05-02 04:00:00+00:00,12.3100004196167,12.3100004196167,12.300000190734863,12.300000190734863,88203,0.0,0.0,0.0
2025-05-02 04:05:00+00:00,12.300000190734863,12.300000190734863,12.300000190734863,12.300000190734863,8247,0.0,0.0,0.0
2025-05-02 04:10:00+00:00,12.300000190734863,12.3100004196167,12.300000190734863,12.3100004196167,31845,0.0,0.0,0.0
2025-05-02 04:15:00+00:00,12.3100004196167,12.3100004196167,12.3100004196167,12.3100004196167,1140,0.0,0.0,0.0
2025-05-02 04:20:00+00:00,12.3100004196167,12.3100004196167,12.300000190734863,12.300000190734863,29186,0.0,0.0,0.0
2025-05-02 04:25:00+00:00,12.300000190734863,12.300000190734863,12.300000190734863,12.300000190734863,5480,0.0,0.0,0.0
2025-05-02 04:30:00+00:00,12.3100004196167,12.3100004196167,12.300000190734863,12.300000190734863,11261,0.0,0.0,0.0
2025-05-02 04:35:00+00:00,12.300000190734863,12.300000190734863,12.289999961853027,12.300000190734863,22252,0.0,0.0,0.0
2025-05-02 04:40:00+00:00,12.300000190734863,12.300000190734863,12.300000190734863,12.300000190734863,1164,0.0,0.0,0.0
2025-05-02 04:45:00+00:00,12.300000190734863,12.300000190734863,12.289999961853027,12.300000190734863,47270,0.0,0.0,0.0
2025-05-02 04:50:00+00:00,12.300000190734863,12.3100004196167,12.300000190734863,12.300000190734863,35810,0.0,0.0,0.0
2025-05-02 04:55:00+00:00,12.300000190734863,12.3100004196167,12.300000190734863,12.3100004196167,19561,0.0,0.0,0.0
2025-05-02 05:00:00+00:00,12.300000190734863,12.3100004196167,12.300000190734863,12.3100004196167,22197,0.0,0.0,0.0
2025-05-02 05:05:00+00:00,12.3100004196167,12.319999694824219,12.300000190734863,12.319999694824219,206585,0.0,0.0,0.0
2025-05-02 05:10:00+00:00,12.300000190734863,12.3100004196167,12.300000190734863,12.3100004196167,5064,0.0,0.0,0.0
2025-05-02 05:15:00+00:00,12.3100004196167,12.3100004196167,12.300000190734863,12.3100004196167,25721,0.0,0.0,0.0
2025-05-02 05:20:00+00:00,12.3100004196167,12.319999694824219,12.3100004196167,12.319999694824219,26689,0.0,0.0,0.0
2025-05-05 01:00:00+00:00,12.399999618530273,12.420000076293945,12.369999885559082,12.380000114440918,0,0.0,0.0,0.0
2025-05-05 01:05:00+00:00,12.390000343322754,12.390000343322754,12.300000190734863,12.300000190734863,308938,0.0,0.0,0.0
2025-05-05 01:10:00+00:00,12.300000190734863,12.319999694824219,12.300000190734863,12.319999694824219,173217,0.0,0.0,0.0
2025-05-05 01:15:00+00:00,12.319999694824219,12.369999885559082,12.319999694824219,12.329999923706055,136162,0.0,0.0,0.0
2025-05-05 01:20:00+00:00,12.329999923706055,12.34000015258789,12.289999961853027,12.289999961853027,89620,0.0,0.0,0.0
2025-05-05 01:25:00+00:00,12.289999961853027,12.300000190734863,12.25,12.25,71215,0.0,0.0,0.0
2025-05-05 01:30:00+00:00,12.239999771118164,12.239999771118164,12.1899995803833,12.199999809265137,313708,0.0,0.0,0.0
2025-05-05 01:35:00+00:00,12.210000038146973,12.229999542236328,12.149999618530273,12.170000076293945,335957,0.0,0.0,0.0
2025-05-05 01:40:00+00:00,12.180000305175781,12.180000305175781,12.149999618530273,12.149999618530273,45687,0.0,0.0,0.0
2025-05-05 01:45:00+00:00,12.149999618530273,12.15999984741211,12.100000381469727,12.100000381469727,71749,0.0,0.0,0.0
2025-05-05 01:50:00+00:00,12.109999656677246,12.130000114440918,12.09000015258789,12.130000114440918,187046,0.0,0.0,0.0
2025-05-05 01:55:00+00:00,12.119999885559082,12.119999885559082,12.100000381469727,12.109999656677246,100345,0.0,0.0,0.0
2025-05-05 02:00:00+00:00,12.119999885559082,12.149999618530273,12.119999885559082,12.130000114440918,94860,0.0,0.0,0.0
2025-05-05 02:05:00+00:00,12.130000114440918,12.130000114440918,12.0600004196167,12.069999694824219,83519,0.0,0.0,0.0
2025-05-05 02:10:00+00:00,12.0600004196167,12.100000381469727,12.0600004196167,12.100000381469727,91409,0.0,0.0,0.0
2025-05-05 02:15:00+00:00,12.109999656677246,12.119999885559082,12.100000381469727,12.109999656677246,43734,0.0,0.0,0.0
2025-05-05 02:20:00+00:00,12.09000015258789,12.100000381469727,12.09000015258789,12.100000381469727,23238,0.0,0.0,0.0
2025-05-05 02:25:00+00:00,12.100000381469727,12.109999656677246,12.100000381469727,12.109999656677246,13140,0.0,0.0,0.0
2025-05-05 02:30:00+00:00,12.109999656677246,12.130000114440918,12.079999923706055,12.100000381469727,566275,0.0,0.0,0.0
2025-05-05 02:35:00+00:00,12.079999923706055,12.100000381469727,12.079999923706055,12.079999923706055,25507,0.0,0.0,0.0
2025-05-05 02:40:00+00:00,12.100000381469727,12.100000381469727,12.069999694824219,12.069999694824219,38890,0.0,0.0,0.0
2025-05-05 02:45:00+00:00,12.079999923706055,12.09000015258789,12.069999694824219,12.09000015258789,106152,0.0,0.0,0.0
2025-05-05 02:50:00+00:00,12.09000015258789,12.109999656677246,12.09000015258789,12.109999656677246,18187,0.0,0.0,0.0
2025-05-05 02:55:00+00:00,12.119999885559082,12.119999885559082,12.119999885559082,12.119999885559082,3100,0.0,0.0,0.0
2025-05-05 03:00:00+00:00,12.130000114440918,12.140000343322754,12.130000114440918,12.140000343322754,12678,0.0,0.0,0.0
2025-05-05 03:05:00+00:00,12.140000343322754,12.140000343322754,12.100000381469727,12.100000381469727,78909,0.0,0.0,0.0
2025-05-05 03:10:00+00:00,12.100000381469727,12.140000343322754,12.100000381469727,12.130000114440918,17427,0.0,0.0,0.0
2025-05-05 03:15:00+00:00,12.119999885559082,12.130000114440918,12.100000381469727,12.109999656677246,9294,0.0,0.0,0.0
2025-05-05 03:20:00+00:00,12.130000114440918,12.1899995803833,12.130000114440918,12.170000076293945,37352,0.0,0.0,0.0
2025-05-05 03:25:00+00:00,12.170000076293945,12.170000076293945,12.15999984741211,12.170000076293945,3057,0.0,0.0,0.0
2025-05-05 03:30:00+00:00,12.170000076293945,12.199999809265137,12.149999618530273,12.199999809265137,33438,0.0,0.0,0.0
2025-05-05 03:35:00+00:00,12.199999809265137,12.199999809265137,12.180000305175781,12.1899995803833,39177,0.0,0.0,0.0
2025-05-05 03:40:00+00:00,12.1899995803833,12.199999809265137,12.180000305175781,12.1899995803833,4219,0.0,0.0,0.0
2025-05-05 03:45:00+00:00,12.1899995803833,12.1899995803833,12.1899995803833,12.1899995803833,120501,0.0,0.0,0.0
2025-05-05 03:50:00+00:00,12.199999809265137,12.199999809265137,12.1899995803833,12.1899995803833,4207,0.0,0.0,0.0
2025-05-05 03:55:00+00:00,12.199999809265137,12.199999809265137,12.199999809265137,12.199999809265137,5064,0.0,0.0,0.0
2025-05-05 04:00:00+00:00,12.210000038146973,12.210000038146973,12.210000038146973,12.210000038146973,20672,0.0,0.0,0.0
2025-05-05 04:05:00+00:00,12.199999809265137,12.210000038146973,12.1899995803833,12.210000038146973,62128,0.0,0.0,0.0
2025-05-05 04:10:00+00:00,12.199999809265137,12.210000038146973,12.199999809265137,12.210000038146973,10094,0.0,0.0,0.0
2025-05-05 04:15:00+00:00,12.210000038146973,12.210000038146973,12.210000038146973,12.210000038146973,39571,0.0,0.0,0.0
2025-05-05 04:20:00+00:00,12.210000038146973,12.220000267028809,12.210000038146973,12.220000267028809,35200,0.0,0.0,0.0
2025-05-05 04:25:00+00:00,12.220000267028809,12.220000267028809,12.210000038146973,12.220000267028809,4604,0.0,0.0,0.0
2025-05-05 04:30:00+00:00,12.220000267028809,12.220000267028809,12.199999809265137,12.210000038146973,12895,0.0,0.0,0.0
2025-05-05 04:35:00+00:00,12.220000267028809,12.220000267028809,12.220000267028809,12.220000267028809,5120,0.0,0.0,0.0
2025-05-05 04:40:00+00:00,12.210000038146973,12.220000267028809,12.210000038146973,12.220000267028809,27473,0.0,0.0,0.0
2025-05-05 04:45:00+00:00,12.220000267028809,12.220000267028809,12.220000267028809,12.220000267028809,7270,0.0,0.0,0.0
2025-05-05 04:50:00+00:00,12.220000267028809,12.220000267028809,12.199999809265137,12.199999809265137,44867,0.0,0.0,0.0
2025-05-05 04:55:00+00:00,12.1899995803833,12.1899995803833,12.170000076293945,12.170000076293945,17299,0.0,0.0,0.0
2025-05-05 05:00:00+00:00,12.199999809265137,12.199999809265137,12.180000305175781,12.180000305175781,20292,0.0,0.0,0.0
2025-05-05 05:05:00+00:00,12.199999809265137,12.199999809265137,12.180000305175781,12.180000305175781,12311,0.0,0.0,0.0
2025-05-05 05:10:00+00:00,12.180000305175781,12.1899995803833,12.170000076293945,12.180000305175781,30918,0.0,0.0,0.0
2025-05-05 05:15:00+00:00,12.1899995803833,12.1899995803833,12.170000076293945,12.170000076293945,25959,0.0,0.0,0.0
2025-05-05 05:20:00+00:00,12.180000305175781,12.180000305175781,12.170000076293945,12.170000076293945,53706,0.0,0.0,0.0
2025-05-06 01:00:00+00:00,12.119999885559082,12.119999885559082,12.0600004196167,12.09000015258789,0,0.0,0.0,0.0
2025-05-06 01:05:00+00:00,12.09000015258789,12.100000381469727,12.09000015258789,12.09000015258789,103815,0.0,0.0,0.0
2025-05-06 01:10:00+00:00,12.109999656677246,12.119999885559082,12.100000381469727,12.119999885559082,77954,0.0,0.0,0.0
2025-05-06 01:15:00+00:00,12.140000343322754,12.140000343322754,12.119999885559082,12.140000343322754,33235,0.0,0.0,0.0
2025-05-06 01:20:00+00:00,12.140000343322754,12.1899995803833,12.140000343322754,12.1899995803833,52473,0.0,0.0,0.0
2025-05-06 01:25:00+00:00,12.1899995803833,12.1899995803833,12.180000305175781,12.180000305175781,11273,0.0,0.0,0.0
2025-05-06 01:30:00+00:00,12.1899995803833,12.199999809265137,12.1899995803833,12.1899995803833,141603,0.0,0.0,0.0
2025-05-06 01:35:00+00:00,12.180000305175781,12.1899995803833,12.180000305175781,12.1899995803833,6252,0.0,0.0,0.0
2025-05-06 01:40:00+00:00,12.180000305175781,12.180000305175781,12.170000076293945,12.170000076293945,8696,0.0,0.0,0.0
2025-05-06 01:45:00+00:00,12.170000076293945,12.180000305175781,12.149999618530273,12.15999984741211,164173,0.0,0.0,0.0
2025-05-06 01:50:00+00:00,12.15999984741211,12.15999984741211,12.15999984741211,12.15999984741211,6128,0.0,0.0,0.0
2025-05-06 01:55:00+00:00,12.15999984741211,12.180000305175781,12.149999618530273,12.170000076293945,31168,0.0,0.0,0.0
2025-05-06 02:00:00+00:00,12.180000305175781,12.180000305175781,12.180000305175781,12.180000305175781,13232,0.0,0.0,0.0
2025-05-06 02:05:00+00:00,12.180000305175781,12.180000305175781,12.180000305175781,12.180000305175781,25016,0.0,0.0,0.0
2025-05-06 02:10:00+00:00,12.1899995803833,12.210000038146973,12.180000305175781,12.210000038146973,186058,0.0,0.0,0.0
2025-05-06 02:15:00+00:00,12.210000038146973,12.210000038146973,12.1899995803833,12.199999809265137,25416,0.0,0.0,0.0
2025-05-06 02:20:00+00:00,12.199999809265137,12.199999809265137,12.199999809265137,12.199999809265137,3394,0.0,0.0,0.0
2025-05-06 02:25:00+00:00,12.199999809265137,12.199999809265137,12.199999809265137,12.199999809265137,7151,0.0,0.0,0.0
2025-05-06 02:30:00+00:00,12.199999809265137,12.199999809265137,12.199999809265137,12.199999809265137,10044,0.0,0.0,0.0
2025-05-06 02:35:00+00:00,12.199999809265137,12.199999809265137,12.1899995803833,12.199999809265137,52575,0.0,0.0,0.0
2025-05-06 02:40:00+00:00,12.210000038146973,12.220000267028809,12.210000038146973,12.220000267028809,57783,0.0,0.0,0.0
2025-05-06 02:45:00+00:00,12.220000267028809,12.220000267028809,12.199999809265137,12.199999809265137,17171,0.0,0.0,0.0
2025-05-06 02:50:00+00:00,12.210000038146973,12.220000267028809,12.210000038146973,12.220000267028809,10043,0.0,0.0,0.0
2025-05-06 02:55:00+00:00,12.220000267028809,12.220000267028809,12.220000267028809,12.220000267028809,5440,0.0,0.0,0.0
2025-05-06 03:00:00+00:00,12.210000038146973,12.220000267028809,12.199999809265137,12.199999809265137,25067,0.0,0.0,0.0
2025-05-06 03:05:00+00:00,12.210000038146973,12.210000038146973,12.199999809265137,12.199999809265137,5311,0.0,0.0,0.0
2025-05-06 03:10:00+00:00,12.199999809265137,12.199999809265137,12.199999809265137,12.199999809265137,15669,0.0,0.0,0.0
2025-05-06 03:15:00+00:00,12.199999809265137,12.199999809265137,12.1899995803833,12.199999809265137,57058,0.0,0.0,0.0
2025-05-06 03:20:00+00:00,12.210000038146973,12.220000267028809,12.210000038146973,12.220000267028809,2144,0.0,0.0,0.0
2025-05-06 03:25:00+00:00,12.210000038146973,12.220000267028809,12.210000038146973,12.210000038146973,23036,0.0,0.0,0.0
2025-05-06 03:30:00+00:00,12.220000267028809,12.220000267028809,12.220000267028809,12.220000267028809,95036,0.0,0.0,0.0
2025-05-06 03:35:00+00:00,12.220000267028809,12.229999542236328,12.220000267028809,12.229999542236328,52383,0.0,0.0,0.0
2025-05-06 03:40:00+00:00,12.229999542236328,12.229999542236328,12.229999542236328,12.229999542236328,1384,0.0,0.0,0.0
2025-05-06 03:45:00+00:00,12.220000267028809,12.229999542236328,12.210000038146973,12.210000038146973,23084,0.0,0.0,0.0
2025-05-06 03:50:00+00:00,12.229999542236328,12.229999542236328,12.210000038146973,12.210000038146973,8103,0.0,0.0,0.0
2025-05-06 03:55:00+00:00,12.220000267028809,12.220000267028809,12.199999809265137,12.199999809265137,18360,0.0,0.0,0.0
2025-05-06 04:00:00+00:00,12.210000038146973,12.220000267028809,12.210000038146973,12.220000267028809,14262,0.0,0.0,0.0
2025-05-06 04:05:00+00:00,12.210000038146973,12.210000038146973,12.210000038146973,12.210000038146973,2070,0.0,0.0,0.0
2025-05-06 04:10:00+00:00,12.210000038146973,12.220000267028809,12.210000038146973,12.220000267028809,4106,0.0,0.0,0.0
2025-05-06 04:15:00+00:00,12.199999809265137,12.220000267028809,12.199999809265137,12.220000267028809,8109,0.0,0.0,0.0
2025-05-06 04:20:00+00:00,12.210000038146973,12.210000038146973,12.210000038146973,12.210000038146973,5370,0.0,0.0,0.0
2025-05-06 04:25:00+00:00,12.199999809265137,12.210000038146973,12.199999809265137,12.210000038146973,5070,0.0,0.0,0.0
2025-05-06 04:30:00+00:00,12.210000038146973,12.210000038146973,12.210000038146973,12.210000038146973,2260,0.0,0.0,0.0
2025-05-06 04:35:00+00:00,12.199999809265137,12.210000038146973,12.199999809265137,12.199999809265137,22120,0.0,0.0,0.0
2025-05-06 04:40:00+00:00,12.199999809265137,12.220000267028809,12.199999809265137,12.220000267028809,5199,0.0,0.0,0.0
2025-05-06 04:45:00+00:00,12.210000038146973,12.210000038146973,12.199999809265137,12.199999809265137,12410,0.0,0.0,0.0
2025-05-06 04:50:00+00:00,12.199999809265137,12.199999809265137,12.1899995803833,12.1899995803833,11100,0.0,0.0,0.0
2025-05-06 04:55:00+00:00,12.1899995803833,12.1899995803833,12.1899995803833,12.1899995803833,2580,0.0,0.0,0.0
2025-05-06 05:00:00+00:00,12.180000305175781,12.180000305175781,12.180000305175781,12.180000305175781,9300,0.0,0.0,0.0
2025-05-06 05:05:00+00:00,12.1899995803833,12.1899995803833,12.180000305175781,12.1899995803833,6501,0.0,0.0,0.0
2025-05-06 05:10:00+00:00,12.180000305175781,12.180000305175781,12.170000076293945,12.170000076293945,130160,0.0,0.0,0.0
2025-05-06 05:15:00+00:00,12.180000305175781,12.180000305175781,12.170000076293945,12.170000076293945,6845,0.0,0.0,0.0
2025-05-06 05:20:00+00:00,12.170000076293945,12.170000076293945,12.15999984741211,12.15999984741211,152861,0.0,0.0,0.0
2025-05-07 01:00:00+00:00,12.210000038146973,12.319999694824219,12.210000038146973,12.319999694824219,0,0.0,0.0,0.0
2025-05-07 01:05:00+00:00,12.319999694824219,12.319999694824219,12.270000457763672,12.270000457763672,22000,0.0,0.0,0.0
2025-05-07 01:10:00+00:00,12.279999732971191,12.279999732971191,12.260000228881836,12.260000228881836,62647,0.0,0.0,0.0
2025-05-07 01:15:00+00:00,12.260000228881836,12.260000228881836,12.220000267028809,12.220000267028809,522117,0.0,0.0,0.0
2025-05-07 01:20:00+00:00,12.210000038146973,12.210000038146973,12.210000038146973,12.210000038146973,14482,0.0,0.0,0.0
2025-05-07 01:25:00+00:00,12.229999542236328,12.229999542236328,12.220000267028809,12.220000267028809,26019,0.0,0.0,0.0
2025-05-07 01:30:00+00:00,12.210000038146973,12.210000038146973,12.15999984741211,12.170000076293945,35272,0.0,0.0,0.0
2025-05-07 01:35:00+00:00,12.149999618530273,12.149999618530273,12.130000114440918,12.130000114440918,23962,0.0,0.0,0.0
2025-05-07 01:40:00+00:00,12.130000114440918,12.140000343322754,12.130000114440918,12.140000343322754,17625,0.0,0.0,0.0
2025-05-07 01:45:00+00:00,12.140000343322754,12.140000343322754,12.140000343322754,12.140000343322754,20038,0.0,0.0,0.0
2025-05-07 01:50:00+00:00,12.140000343322754,12.180000305175781,12.140000343322754,12.180000305175781,34319,0.0,0.0,0.0
2025-05-07 01:55:00+00:00,12.180000305175781,12.180000305175781,12.170000076293945,12.180000305175781,10066,0.0,0.0,0.0
2025-05-07 02:00:00+00:00,12.170000076293945,12.170000076293945,12.149999618530273,12.149999618530273,18056,0.0,0.0,0.0
2025-05-07 02:05:00+00:00,12.149999618530273,12.170000076293945,12.149999618530273,12.170000076293945,19245,0.0,0.0,0.0
2025-05-07 02:10:00+00:00,12.180000305175781,12.180000305175781,12.15999984741211,12.15999984741211,8049,0.0,0.0,0.0
2025-05-07 02:15:00+00:00,12.170000076293945,12.180000305175781,12.170000076293945,12.180000305175781,2049,0.0,0.0,0.0
2025-05-07 02:20:00+00:00,12.170000076293945,12.170000076293945,12.170000076293945,12.170000076293945,2056,0.0,0.0,0.0
2025-05-07 02:25:00+00:00,12.15999984741211,12.170000076293945,12.15999984741211,12.170000076293945,40343,0.0,0.0,0.0
2025-05-07 02:30:00+00:00,12.170000076293945,12.170000076293945,12.170000076293945,12.170000076293945,9062,0.0,0.0,0.0
2025-05-07 02:35:00+00:00,12.170000076293945,12.180000305175781,12.170000076293945,12.180000305175781,184850,0.0,0.0,0.0
2025-05-07 02:40:00+00:00,12.170000076293945,12.170000076293945,12.15999984741211,12.15999984741211,61127,0.0,0.0,0.0
2025-05-07 02:45:00+00:00,12.15999984741211,12.15999984741211,12.15999984741211,12.15999984741211,52735,0.0,0.0,0.0
2025-05-07 02:50:00+00:00,12.149999618530273,12.15999984741211,12.140000343322754,12.15999984741211,146090,0.0,0.0,0.0
2025-05-07 02:55:00+00:00,12.149999618530273,12.149999618530273,12.140000343322754,12.140000343322754,236518,0.0,0.0,0.0
2025-05-07 03:00:00+00:00,12.140000343322754,12.15999984741211,12.140000343322754,12.15999984741211,13048,0.0,0.0,0.0
2025-05-07 03:05:00+00:00,12.15999984741211,12.15999984741211,12.15999984741211,12.15999984741211,1210,0.0,0.0,0.0
2025-05-07 03:10:00+00:00,12.15999984741211,12.15999984741211,12.15999984741211,12.15999984741211,6213,0.0,0.0,0.0
2025-05-07 03:20:00+00:00,12.15999984741211,12.170000076293945,12.15999984741211,12.15999984741211,10446,0.0,0.0,0.0
2025-05-07 03:25:00+00:00,12.15999984741211,12.170000076293945,12.15999984741211,12.170000076293945,6025,0.0,0.0,0.0
2025-05-07 03:30:00+00:00,12.170000076293945,12.170000076293945,12.15999984741211,12.15999984741211,6134,0.0,0.0,0.0
2025-05-07 03:35:00+00:00,12.15999984741211,12.15999984741211,12.15999984741211,12.15999984741211,2001,0.0,0.0,0.0
2025-05-07 03:40:00+00:00,12.15999984741211,12.15999984741211,12.15999984741211,12.15999984741211,5284,0.0,0.0,0.0
2025-05-07 03:45:00+00:00,12.15999984741211,12.170000076293945,12.15999984741211,12.170000076293945,12110,0.0,0.0,0.0
2025-05-07 03:50:00+00:00,12.170000076293945,12.180000305175781,12.170000076293945,12.180000305175781,28626,0.0,0.0,0.0
2025-05-07 04:00:00+00:00,12.15999984741211,12.15999984741211,12.15999984741211,12.15999984741211,1347,0.0,0.0,0.0
2025-05-07 04:05:00+00:00,12.15999984741211,12.15999984741211,12.15999984741211,12.15999984741211,2047,0.0,0.0,0.0
2025-05-07 04:10:00+00:00,12.180000305175781,12.180000305175781,12.180000305175781,12.180000305175781,32546,0.0,0.0,0.0
2025-05-07 04:15:00+00:00,12.180000305175781,12.1899995803833,12.180000305175781,12.1899995803833,22210,0.0,0.0,0.0
2025-05-07 04:25:00+00:00,12.180000305175781,12.180000305175781,12.180000305175781,12.180000305175781,2116,0.0,0.0,0.0
2025-05-07 04:30:00+00:00,12.180000305175781,12.180000305175781,12.170000076293945,12.170000076293945,29081,0.0,0.0,0.0
2025-05-07 04:35:00+00:00,12.15999984741211,12.15999984741211,12.15999984741211,12.15999984741211,5134,0.0,0.0,0.0
2025-05-07 04:40:00+00:00,12.149999618530273,12.15999984741211,12.140000343322754,12.140000343322754,218221,0.0,0.0,0.0
2025-05-07 04:45:00+00:00,12.149999618530273,12.149999618530273,12.140000343322754,12.149999618530273,14285,0.0,0.0,0.0
2025-05-07 04:50:00+00:00,12.149999618530273,12.149999618530273,12.149999618530273,12.149999618530273,1062,0.0,0.0,0.0
2025-05-07 04:55:00+00:00,12.149999618530273,12.15999984741211,12.149999618530273,12.15999984741211,5184,0.0,0.0,0.0
2025-05-07 05:00:00+00:00,12.149999618530273,12.149999618530273,12.149999618530273,12.149999618530273,9277,0.0,0.0,0.0
2025-05-07 05:05:00+00:00,12.149999618530273,12.149999618530273,12.149999618530273,12.149999618530273,5281,0.0,0.0,0.0
2025-05-07 05:10:00+00:00,12.140000343322754,12.149999618530273,12.140000343322754,12.149999618530273,15039,0.0,0.0,0.0
2025-05-07 05:15:00+00:00,12.15999984741211,12.15999984741211,12.15999984741211,12.15999984741211,6474,0.0,0.0,0.0
2025-05-07 05:20:00+00:00,12.170000076293945,12.170000076293945,12.15999984741211,12.15999984741211,18061,0.0,0.0,0.0
2025-05-08 01:00:00+00:00,12.220000267028809,12.270000457763672,12.220000267028809,12.260000228881836,0,0.0,0.0,0.0
2025-05-08 01:05:00+00:00,12.260000228881836,12.270000457763672,12.25,12.270000457763672,84000,0.0,0.0,0.0
2025-05-08 01:10:00+00:00,12.260000228881836,12.300000190734863,12.260000228881836,12.300000190734863,47367,0.0,0.0,0.0
2025-05-08 01:15:00+00:00,12.300000190734863,12.300000190734863,12.270000457763672,12.279999732971191,42139,0.0,0.0,0.0
2025-05-08 01:20:00+00:00,12.270000457763672,12.279999732971191,12.270000457763672,12.279999732971191,681035,0.0,0.0,0.0
2025-05-08 02:25:00+00:00,12.260000228881836,12.260000228881836,12.260000228881836,12.260000228881836,0,0.0,0.0,0.0
2025-05-08 02:35:00+00:00,12.260000228881836,12.260000228881836,12.25,12.260000228881836,22236,0.0,0.0,0.0
2025-05-08 02:40:00+00:00,12.260000228881836,12.270000457763672,12.260000228881836,12.270000457763672,44474,0.0,0.0,0.0
2025-05-08 02:45:00+00:00,12.270000457763672,12.270000457763672,12.260000228881836,12.260000228881836,5053,0.0,0.0,0.0
2025-05-08 02:50:00+00:00,12.270000457763672,12.270000457763672,12.270000457763672,12.270000457763672,26290,0.0,0.0,0.0
2025-05-08 02:55:00+00:00,12.279999732971191,12.279999732971191,12.279999732971191,12.279999732971191,52124,0.0,0.0,0.0
2025-05-08 03:00:00+00:00,12.279999732971191,12.300000190734863,12.279999732971191,12.300000190734863,126782,0.0,0.0,0.0
2025-05-08 03:05:00+00:00,12.3100004196167,12.3100004196167,12.3100004196167,12.3100004196167,1059,0.0,0.0,0.0
2025-05-08 03:10:00+00:00,12.3100004196167,12.3100004196167,12.3100004196167,12.3100004196167,27802,0.0,0.0,0.0
2025-05-08 03:15:00+00:00,12.3100004196167,12.319999694824219,12.3100004196167,12.319999694824219,25265,0.0,0.0,0.0
2025-05-08 03:20:00+00:00,12.329999923706055,12.329999923706055,12.319999694824219,12.319999694824219,17162,0.0,0.0,0.0
2025-05-08 03:25:00+00:00,12.319999694824219,12.329999923706055,12.319999694824219,12.329999923706055,6068,0.0,0.0,0.0
2025-05-08 03:30:00+00:00,12.319999694824219,12.319999694824219,12.319999694824219,12.319999694824219,15229,0.0,0.0,0.0
2025-05-08 03:35:00+00:00,12.319999694824219,12.319999694824219,12.3100004196167,12.3100004196167,7144,0.0,0.0,0.0
2025-05-08 03:45:00+00:00,12.289999961853027,12.300000190734863,12.289999961853027,12.300000190734863,10047,0.0,0.0,0.0
2025-05-08 03:50:00+00:00,12.300000190734863,12.3100004196167,12.300000190734863,12.3100004196167,31054,0.0,0.0,0.0
2025-05-08 03:55:00+00:00,12.319999694824219,12.319999694824219,12.319999694824219,12.319999694824219,1128,0.0,0.0,0.0
2025-05-08 04:00:00+00:00,12.319999694824219,12.319999694824219,12.3100004196167,12.319999694824219,12046,0.0,0.0,0.0
2025-05-08 04:05:00+00:00,12.3100004196167,12.3100004196167,12.300000190734863,12.300000190734863,7041,0.0,0.0,0.0
2025-05-08 04:10:00+00:00,12.300000190734863,12.319999694824219,12.300000190734863,12.319999694824219,70087,0.0,0.0,0.0
2025-05-08 04:15:00+00:00,12.319999694824219,12.329999923706055,12.319999694824219,12.329999923706055,36050,0.0,0.0,0.0
2025-05-08 04:20:00+00:00,12.329999923706055,12.329999923706055,12.329999923706055,12.329999923706055,6769,0.0,0.0,0.0
2025-05-08 04:25:00+00:00,12.319999694824219,12.329999923706055,12.319999694824219,12.319999694824219,16188,0.0,0.0,0.0
2025-05-08 04:30:00+00:00,12.329999923706055,12.34000015258789,12.329999923706055,12.329999923706055,41284,0.0,0.0,0.0
2025-05-08 04:35:00+00:00,12.329999923706055,12.34000015258789,12.329999923706055,12.329999923706055,3324,0.0,0.0,0.0
2025-05-08 04:40:00+00:00,12.329999923706055,12.329999923706055,12.329999923706055,12.329999923706055,29149,0.0,0.0,0.0
2025-05-08 04:45:00+00:00,12.34000015258789,12.350000381469727,12.34000015258789,12.350000381469727,52410,0.0,0.0,0.0
2025-05-08 04:50:00+00:00,12.34000015258789,12.34000015258789,12.34000015258789,12.34000015258789,6671,0.0,0.0,0.0
2025-05-08 05:00:00+00:00,12.350000381469727,12.350000381469727,12.350000381469727,12.350000381469727,80411,0.0,0.0,0.0
2025-05-08 05:05:00+00:00,12.350000381469727,12.350000381469727,12.350000381469727,12.350000381469727,3010,0.0,0.0,0.0
2025-05-08 05:10:00+00:00,12.34000015258789,12.34000015258789,12.329999923706055,12.329999923706055,18517,0.0,0.0,0.0
2025-05-08 05:15:00+00:00,12.329999923706055,12.34000015258789,12.319999694824219,12.329999923706055,48836,0.0,0.0,0.0
2025-05-08 05:20:00+00:00,12.329999923706055,12.329999923706055,12.319999694824219,12.319999694824219,31501,0.0,0.0,0.0
2025-05-09 01:00:00+00:00,12.34000015258789,12.399999618530273,12.34000015258789,12.390000343322754,0,0.0,0.0,0.0
2025-05-09 01:05:00+00:00,12.390000343322754,12.390000343322754,12.390000343322754,12.390000343322754,55630,0.0,0.0,0.0
2025-05-09 01:10:00+00:00,12.380000114440918,12.380000114440918,12.369999885559082,12.369999885559082,55129,0.0,0.0,0.0
2025-05-09 01:15:00+00:00,12.369999885559082,12.40999984741211,12.369999885559082,12.399999618530273,67677,0.0,0.0,0.0
2025-05-09 01:20:00+00:00,12.399999618530273,12.399999618530273,12.399999618530273,12.399999618530273,15426,0.0,0.0,0.0
2025-05-09 01:25:00+00:00,12.399999618530273,12.399999618530273,12.380000114440918,12.380000114440918,23028,0.0,0.0,0.0
2025-05-09 01:30:00+00:00,12.380000114440918,12.380000114440918,12.359999656677246,12.359999656677246,33346,0.0,0.0,0.0
2025-05-09 01:35:00+00:00,12.359999656677246,12.359999656677246,12.350000381469727,12.350000381469727,6467,0.0,0.0,0.0
2025-05-09 01:40:00+00:00,12.350000381469727,12.350000381469727,12.350000381469727,12.350000381469727,15849,0.0,0.0,0.0
2025-05-09 01:45:00+00:00,12.350000381469727,12.369999885559082,12.350000381469727,12.359999656677246,31742,0.0,0.0,0.0
2025-05-09 01:50:00+00:00,12.369999885559082,12.369999885559082,12.369999885559082,12.369999885559082,5091,0.0,0.0,0.0
2025-05-09 01:55:00+00:00,12.369999885559082,12.369999885559082,12.369999885559082,12.369999885559082,16227,0.0,0.0,0.0
2025-05-09 02:00:00+00:00,12.380000114440918,12.380000114440918,12.369999885559082,12.369999885559082,29301,0.0,0.0,0.0
2025-05-09 02:05:00+00:00,12.359999656677246,12.390000343322754,12.359999656677246,12.390000343322754,13292,0.0,0.0,0.0
2025-05-09 02:10:00+00:00,12.390000343322754,12.390000343322754,12.380000114440918,12.380000114440918,11050,0.0,0.0,0.0
2025-05-09 02:15:00+00:00,12.380000114440918,12.380000114440918,12.380000114440918,12.380000114440918,4661,0.0,0.0,0.0
2025-05-09 02:20:00+00:00,12.380000114440918,12.380000114440918,12.380000114440918,12.380000114440918,8049,0.0,0.0,0.0
2025-05-09 02:25:00+00:00,12.380000114440918,12.390000343322754,12.380000114440918,12.390000343322754,17050,0.0,0.0,0.0
2025-05-09 02:30:00+00:00,12.390000343322754,12.399999618530273,12.390000343322754,12.399999618530273,83970,0.0,0.0,0.0
2025-05-09 02:35:00+00:00,12.399999618530273,12.399999618530273,12.399999618530273,12.399999618530273,142103,0.0,0.0,0.0
2025-05-09 02:40:00+00:00,12.399999618530273,12.40999984741211,12.399999618530273,12.40999984741211,47218,0.0,0.0,0.0
2025-05-09 02:45:00+00:00,12.40999984741211,12.420000076293945,12.40999984741211,12.420000076293945,44883,0.0,0.0,0.0
2025-05-09 02:50:00+00:00,12.420000076293945,12.420000076293945,12.40999984741211,12.40999984741211,9050,0.0,0.0,0.0
2025-05-09 02:55:00+00:00,12.40999984741211,12.420000076293945,12.40999984741211,12.420000076293945,12162,0.0,0.0,0.0
2025-05-09 03:00:00+00:00,12.399999618530273,12.399999618530273,12.399999618530273,12.399999618530273,10753,0.0,0.0,0.0
2025-05-09 03:05:00+00:00,12.40999984741211,12.420000076293945,12.40999984741211,12.420000076293945,33154,0.0,0.0,0.0
2025-05-09 03:10:00+00:00,12.420000076293945,12.430000305175781,12.420000076293945,12.430000305175781,45680,0.0,0.0,0.0
2025-05-09 03:15:00+00:00,12.4399995803833,12.4399995803833,12.430000305175781,12.430000305175781,13111,0.0,0.0,0.0
2025-05-09 03:20:00+00:00,12.4399995803833,12.4399995803833,12.420000076293945,12.420000076293945,32051,0.0,0.0,0.0
2025-05-09 03:25:00+00:00,12.420000076293945,12.420000076293945,12.420000076293945,12.420000076293945,32045,0.0,0.0,0.0
2025-05-09 03:30:00+00:00,12.430000305175781,12.449999809265137,12.430000305175781,12.449999809265137,80440,0.0,0.0,0.0
2025-05-09 03:35:00+00:00,12.4399995803833,12.4399995803833,12.4399995803833,12.4399995803833,14816,0.0,0.0,0.0
2025-05-09 03:40:00+00:00,12.4399995803833,12.4399995803833,12.4399995803833,12.4399995803833,2011,0.0,0.0,0.0
2025-05-09 03:45:00+00:00,12.4399995803833,12.4399995803833,12.430000305175781,12.430000305175781,3222,0.0,0.0,0.0
2025-05-09 03:50:00+00:00,12.430000305175781,12.430000305175781,12.430000305175781,12.430000305175781,4016,0.0,0.0,0.0
2025-05-09 03:55:00+00:00,12.4399995803833,12.4399995803833,12.4399995803833,12.4399995803833,40029,0.0,0.0,0.0
2025-05-09 04:00:00+00:00,12.4399995803833,12.449999809265137,12.4399995803833,12.449999809265137,42187,0.0,0.0,0.0
2025-05-09 04:05:00+00:00,12.449999809265137,12.449999809265137,12.4399995803833,12.449999809265137,10070,0.0,0.0,0.0
2025-05-09 04:10:00+00:00,12.449999809265137,12.449999809265137,12.4399995803833,12.4399995803833,37361,0.0,0.0,0.0
2025-05-09 04:15:00+00:00,12.4399995803833,12.4399995803833,12.430000305175781,12.430000305175781,26315,0.0,0.0,0.0
2025-05-09 04:20:00+00:00,12.430000305175781,12.4399995803833,12.420000076293945,12.420000076293945,20060,0.0,0.0,0.0
2025-05-09 04:25:00+00:00,12.430000305175781,12.4399995803833,12.430000305175781,12.4399995803833,29268,0.0,0.0,0.0
2025-05-09 04:30:00+00:00,12.449999809265137,12.449999809265137,12.4399995803833,12.4399995803833,3742,0.0,0.0,0.0
2025-05-09 04:35:00+00:00,12.4399995803833,12.449999809265137,12.4399995803833,12.449999809265137,19644,0.0,0.0,0.0
2025-05-09 04:40:00+00:00,12.449999809265137,12.449999809265137,12.449999809265137,12.449999809265137,10282,0.0,0.0,0.0
2025-05-09 04:45:00+00:00,12.449999809265137,12.449999809265137,12.449999809265137,12.449999809265137,27100,0.0,0.0,0.0
2025-05-09 04:50:00+00:00,12.449999809265137,12.449999809265137,12.4399995803833,12.4399995803833,5073,0.0,0.0,0.0
2025-05-09 04:55:00+00:00,12.4399995803833,12.4399995803833,12.4399995803833,12.4399995803833,7280,0.0,0.0,0.0
2025-05-09 05:00:00+00:00,12.4399995803833,12.449999809265137,12.4399995803833,12.4399995803833,33060,0.0,0.0,0.0
2025-05-09 05:05:00+00:00,12.430000305175781,12.4399995803833,12.430000305175781,12.4399995803833,4552,0.0,0.0,0.0
2025-05-09 05:10:00+00:00,12.4399995803833,12.449999809265137,12.4399995803833,12.4399995803833,23562,0.0,0.0,0.0
2025-05-09 05:15:00+00:00,12.4399995803833,12.449999809265137,12.4399995803833,12.449999809265137,115190,0.0,0.0,0.0
2025-05-09 05:20:00+00:00,12.449999809265137,12.449999809265137,12.4399995803833,12.449999809265137,59911,0.0,0.0,0.0
2025-05-12 01:00:00+00:00,12.529999732971191,12.579999923706055,12.529999732971191,12.579999923706055,0,0.0,0.0,0.0
2025-05-12 01:05:00+00:00,12.59000015258789,12.600000381469727,12.579999923706055,12.600000381469727,233000,0.0,0.0,0.0
2025-05-12 01:10:00+00:00,12.600000381469727,12.609999656677246,12.600000381469727,12.609999656677246,66084,0.0,0.0,0.0
2025-05-12 01:15:00+00:00,12.609999656677246,12.609999656677246,12.600000381469727,12.600000381469727,10397,0.0,0.0,0.0
2025-05-12 01:20:00+00:00,12.600000381469727,12.600000381469727,12.59000015258789,12.600000381469727,86079,0.0,0.0,0.0
2025-05-12 01:25:00+00:00,12.600000381469727,12.600000381469727,12.59000015258789,12.59000015258789,64611,0.0,0.0,0.0
2025-05-12 01:30:00+00:00,12.600000381469727,12.600000381469727,12.59000015258789,12.59000015258789,140694,0.0,0.0,0.0
2025-05-12 01:35:00+00:00,12.59000015258789,12.59000015258789,12.579999923706055,12.59000015258789,99597,0.0,0.0,0.0
2025-05-12 01:40:00+00:00,12.59000015258789,12.59000015258789,12.5600004196167,12.5600004196167,50765,0.0,0.0,0.0
2025-05-12 01:45:00+00:00,12.5600004196167,12.579999923706055,12.5600004196167,12.569999694824219,19043,0.0,0.0,0.0
2025-05-12 01:50:00+00:00,12.579999923706055,12.579999923706055,12.5600004196167,12.5600004196167,36773,0.0,0.0,0.0
2025-05-12 01:55:00+00:00,12.569999694824219,12.569999694824219,12.569999694824219,12.569999694824219,15268,0.0,0.0,0.0
2025-05-12 02:00:00+00:00,12.579999923706055,12.59000015258789,12.579999923706055,12.579999923706055,35851,0.0,0.0,0.0
2025-05-12 02:05:00+00:00,12.579999923706055,12.59000015258789,12.579999923706055,12.579999923706055,19139,0.0,0.0,0.0
2025-05-12 02:10:00+00:00,12.579999923706055,12.59000015258789,12.579999923706055,12.59000015258789,13464,0.0,0.0,0.0
2025-05-12 02:15:00+00:00,12.59000015258789,12.59000015258789,12.579999923706055,12.579999923706055,18538,0.0,0.0,0.0
2025-05-12 02:20:00+00:00,12.579999923706055,12.59000015258789,12.579999923706055,12.59000015258789,53876,0.0,0.0,0.0
2025-05-12 02:25:00+00:00,12.59000015258789,12.600000381469727,12.59000015258789,12.59000015258789,142550,0.0,0.0,0.0
2025-05-12 02:30:00+00:00,12.59000015258789,12.59000015258789,12.579999923706055,12.579999923706055,19250,0.0,0.0,0.0
2025-05-12 02:35:00+00:00,12.579999923706055,12.579999923706055,12.569999694824219,12.569999694824219,46033,0.0,0.0,0.0
2025-05-12 02:40:00+00:00,12.579999923706055,12.579999923706055,12.569999694824219,12.579999923706055,16707,0.0,0.0,0.0
2025-05-12 02:45:00+00:00,12.579999923706055,12.579999923706055,12.579999923706055,12.579999923706055,4693,0.0,0.0,0.0
2025-05-12 02:50:00+00:00,12.579999923706055,12.579999923706055,12.579999923706055,12.579999923706055,10059,0.0,0.0,0.0
2025-05-12 02:55:00+00:00,12.59000015258789,12.59000015258789,12.579999923706055,12.579999923706055,138673,0.0,0.0,0.0
2025-05-12 03:00:00+00:00,12.579999923706055,12.579999923706055,12.5600004196167,12.579999923706055,15062,0.0,0.0,0.0
2025-05-12 03:05:00+00:00,12.579999923706055,12.579999923706055,12.579999923706055,12.579999923706055,4101,0.0,0.0,0.0
2025-05-12 03:10:00+00:00,12.569999694824219,12.569999694824219,12.569999694824219,12.569999694824219,5422,0.0,0.0,0.0
2025-05-12 03:15:00+00:00,12.569999694824219,12.569999694824219,12.5600004196167,12.569999694824219,21140,0.0,0.0,0.0
2025-05-12 03:20:00+00:00,12.569999694824219,12.569999694824219,12.5600004196167,12.5600004196167,11626,0.0,0.0,0.0
2025-05-12 03:25:00+00:00,12.5600004196167,12.5600004196167,12.550000190734863,12.550000190734863,51416,0.0,0.0,0.0
2025-05-12 03:30:00+00:00,12.550000190734863,12.550000190734863,12.539999961853027,12.539999961853027,11439,0.0,0.0,0.0
2025-05-12 03:35:00+00:00,12.539999961853027,12.539999961853027,12.539999961853027,12.539999961853027,14178,0.0,0.0,0.0
2025-05-12 03:40:00+00:00,12.539999961853027,12.539999961853027,12.539999961853027,12.539999961853027,6119,0.0,0.0,0.0
2025-05-12 03:45:00+00:00,12.539999961853027,12.550000190734863,12.529999732971191,12.529999732971191,13318,0.0,0.0,0.0
2025-05-12 03:50:00+00:00,12.529999732971191,12.539999961853027,12.529999732971191,12.539999961853027,9167,0.0,0.0,0.0
2025-05-12 03:55:00+00:00,12.529999732971191,12.539999961853027,12.529999732971191,12.539999961853027,6169,0.0,0.0,0.0
2025-05-12 04:00:00+00:00,12.539999961853027,12.539999961853027,12.539999961853027,12.539999961853027,4458,0.0,0.0,0.0
2025-05-12 04:05:00+00:00,12.539999961853027,12.550000190734863,12.539999961853027,12.550000190734863,13180,0.0,0.0,0.0
2025-05-12 04:10:00+00:00,12.539999961853027,12.539999961853027,12.529999732971191,12.539999961853027,72647,0.0,0.0,0.0
2025-05-12 04:15:00+00:00,12.539999961853027,12.550000190734863,12.539999961853027,12.550000190734863,27063,0.0,0.0,0.0
2025-05-12 04:20:00+00:00,12.550000190734863,12.550000190734863,12.539999961853027,12.550000190734863,6602,0.0,0.0,0.0
2025-05-12 04:25:00+00:00,12.550000190734863,12.550000190734863,12.539999961853027,12.539999961853027,5370,0.0,0.0,0.0
2025-05-12 04:30:00+00:00,12.550000190734863,12.550000190734863,12.550000190734863,12.550000190734863,49970,0.0,0.0,0.0
2025-05-12 04:35:00+00:00,12.550000190734863,12.5600004196167,12.550000190734863,12.5600004196167,2310,0.0,0.0,0.0
2025-05-12 04:40:00+00:00,12.550000190734863,12.550000190734863,12.539999961853027,12.539999961853027,36000,0.0,0.0,0.0
2025-05-12 04:45:00+00:00,12.539999961853027,12.5600004196167,12.539999961853027,12.550000190734863,15010,0.0,0.0,0.0
2025-05-12 04:50:00+00:00,12.550000190734863,12.550000190734863,12.539999961853027,12.539999961853027,6290,0.0,0.0,0.0
2025-05-12 04:55:00+00:00,12.550000190734863,12.5600004196167,12.550000190734863,12.550000190734863,7428,0.0,0.0,0.0
2025-05-12 05:00:00+00:00,12.550000190734863,12.550000190734863,12.539999961853027,12.539999961853027,16180,0.0,0.0,0.0
2025-05-12 05:05:00+00:00,12.550000190734863,12.550000190734863,12.539999961853027,12.550000190734863,30242,0.0,0.0,0.0
2025-05-12 05:10:00+00:00,12.550000190734863,12.550000190734863,12.550000190734863,12.550000190734863,3717,0.0,0.0,0.0
2025-05-12 05:15:00+00:00,12.550000190734863,12.550000190734863,12.539999961853027,12.539999961853027,24543,0.0,0.0,0.0
2025-05-12 05:20:00+00:00,12.539999961853027,12.550000190734863,12.539999961853027,12.550000190734863,129943,0.0,0.0,0.0
2025-05-13 01:00:00+00:00,12.770000457763672,12.949999809265137,12.770000457763672,12.899999618530273,0,0.0,0.0,0.0
2025-05-13 01:05:00+00:00,12.890000343322754,12.890000343322754,12.859999656677246,12.859999656677246,104000,0.0,0.0,0.0
2025-05-13 01:10:00+00:00,12.869999885559082,12.869999885559082,12.829999923706055,12.84000015258789,322404,0.0,0.0,0.0
2025-05-13 01:15:00+00:00,12.829999923706055,12.850000381469727,12.829999923706055,12.84000015258789,230795,0.0,0.0,0.0
2025-05-13 01:20:00+00:00,12.84000015258789,12.869999885559082,12.84000015258789,12.869999885559082,256991,0.0,0.0,0.0
2025-05-13 01:25:00+00:00,12.869999885559082,12.869999885559082,12.869999885559082,12.869999885559082,72804,0.0,0.0,0.0
2025-05-13 01:30:00+00:00,12.880000114440918,12.890000343322754,12.859999656677246,12.890000343322754,99783,0.0,0.0,0.0
2025-05-13 01:35:00+00:00,12.890000343322754,12.890000343322754,12.869999885559082,12.869999885559082,87866,0.0,0.0,0.0
2025-05-13 01:40:00+00:00,12.859999656677246,12.859999656677246,12.850000381469727,12.859999656677246,29295,0.0,0.0,0.0
2025-05-13 01:45:00+00:00,12.859999656677246,12.869999885559082,12.859999656677246,12.869999885559082,53193,0.0,0.0,0.0
2025-05-13 01:50:00+00:00,12.869999885559082,12.869999885559082,12.859999656677246,12.859999656677246,15121,0.0,0.0,0.0
2025-05-13 01:55:00+00:00,12.859999656677246,12.859999656677246,12.850000381469727,12.850000381469727,60242,0.0,0.0,0.0
2025-05-13 02:00:00+00:00,12.869999885559082,12.869999885559082,12.869999885559082,12.869999885559082,20445,0.0,0.0,0.0
2025-05-13 02:05:00+00:00,12.859999656677246,12.859999656677246,12.84000015258789,12.850000381469727,34264,0.0,0.0,0.0
2025-05-13 02:10:00+00:00,12.829999923706055,12.829999923706055,12.819999694824219,12.819999694824219,69708,0.0,0.0,0.0
2025-05-13 02:15:00+00:00,12.819999694824219,12.819999694824219,12.800000190734863,12.8100004196167,144531,0.0,0.0,0.0
2025-05-13 02:20:00+00:00,12.8100004196167,12.819999694824219,12.800000190734863,12.800000190734863,114239,0.0,0.0,0.0
2025-05-13 02:25:00+00:00,12.789999961853027,12.800000190734863,12.789999961853027,12.789999961853027,8005,0.0,0.0,0.0
2025-05-13 02:30:00+00:00,12.789999961853027,12.789999961853027,12.770000457763672,12.770000457763672,60573,0.0,0.0,0.0
2025-05-13 02:35:00+00:00,12.770000457763672,12.789999961853027,12.770000457763672,12.789999961853027,69325,0.0,0.0,0.0
2025-05-13 02:40:00+00:00,12.779999732971191,12.789999961853027,12.779999732971191,12.789999961853027,14579,0.0,0.0,0.0
2025-05-13 02:45:00+00:00,12.800000190734863,12.800000190734863,12.770000457763672,12.770000457763672,15660,0.0,0.0,0.0
2025-05-13 02:50:00+00:00,12.779999732971191,12.779999732971191,12.770000457763672,12.779999732971191,12933,0.0,0.0,0.0
2025-05-13 02:55:00+00:00,12.779999732971191,12.779999732971191,12.779999732971191,12.779999732971191,39093,0.0,0.0,0.0
2025-05-13 03:00:00+00:00,12.779999732971191,12.779999732971191,12.770000457763672,12.770000457763672,50112,0.0,0.0,0.0
2025-05-13 03:05:00+00:00,12.779999732971191,12.779999732971191,12.760000228881836,12.760000228881836,8048,0.0,0.0,0.0
2025-05-13 03:10:00+00:00,12.770000457763672,12.770000457763672,12.770000457763672,12.770000457763672,1059,0.0,0.0,0.0
2025-05-13 03:15:00+00:00,12.770000457763672,12.770000457763672,12.760000228881836,12.770000457763672,34056,0.0,0.0,0.0
2025-05-13 03:20:00+00:00,12.770000457763672,12.779999732971191,12.770000457763672,12.779999732971191,15410,0.0,0.0,0.0
2025-05-13 03:25:00+00:00,12.779999732971191,12.789999961853027,12.779999732971191,12.789999961853027,26081,0.0,0.0,0.0
2025-05-13 03:30:00+00:00,12.789999961853027,12.789999961853027,12.789999961853027,12.789999961853027,7039,0.0,0.0,0.0
2025-05-13 03:35:00+00:00,12.779999732971191,12.789999961853027,12.779999732971191,12.789999961853027,25222,0.0,0.0,0.0
2025-05-13 03:40:00+00:00,12.789999961853027,12.789999961853027,12.779999732971191,12.779999732971191,27205,0.0,0.0,0.0
2025-05-13 03:45:00+00:00,12.779999732971191,12.789999961853027,12.779999732971191,12.789999961853027,7794,0.0,0.0,0.0
2025-05-13 03:50:00+00:00,12.779999732971191,12.779999732971191,12.770000457763672,12.770000457763672,23300,0.0,0.0,0.0
2025-05-13 03:55:00+00:00,12.770000457763672,12.779999732971191,12.770000457763672,12.770000457763672,17048,0.0,0.0,0.0
2025-05-13 04:00:00+00:00,12.779999732971191,12.779999732971191,12.779999732971191,12.779999732971191,1215,0.0,0.0,0.0
2025-05-13 04:05:00+00:00,12.779999732971191,12.789999961853027,12.770000457763672,12.779999732971191,7807,0.0,0.0,0.0
2025-05-13 04:10:00+00:00,12.770000457763672,12.779999732971191,12.770000457763672,12.779999732971191,8518,0.0,0.0,0.0
2025-05-13 04:15:00+00:00,12.779999732971191,12.779999732971191,12.770000457763672,12.779999732971191,7327,0.0,0.0,0.0
2025-05-13 04:20:00+00:00,12.779999732971191,12.779999732971191,12.779999732971191,12.779999732971191,75192,0.0,0.0,0.0
2025-05-13 04:25:00+00:00,12.779999732971191,12.779999732971191,12.770000457763672,12.779999732971191,73352,0.0,0.0,0.0
2025-05-13 04:30:00+00:00,12.789999961853027,12.789999961853027,12.770000457763672,12.770000457763672,3626,0.0,0.0,0.0
2025-05-13 04:35:00+00:00,12.779999732971191,12.779999732971191,12.779999732971191,12.779999732971191,24030,0.0,0.0,0.0
2025-05-13 04:40:00+00:00,12.779999732971191,12.779999732971191,12.770000457763672,12.779999732971191,26506,0.0,0.0,0.0
2025-05-13 04:45:00+00:00,12.770000457763672,12.770000457763672,12.770000457763672,12.770000457763672,3325,0.0,0.0,0.0
2025-05-13 04:50:00+00:00,12.770000457763672,12.779999732971191,12.770000457763672,12.779999732971191,27210,0.0,0.0,0.0
2025-05-13 04:55:00+00:00,12.770000457763672,12.770000457763672,12.760000228881836,12.760000228881836,50285,0.0,0.0,0.0
2025-05-13 05:00:00+00:00,12.770000457763672,12.779999732971191,12.770000457763672,12.779999732971191,48010,0.0,0.0,0.0
2025-05-13 05:05:00+00:00,12.779999732971191,12.779999732971191,12.779999732971191,12.779999732971191,16661,0.0,0.0,0.0
2025-05-13 05:10:00+00:00,12.779999732971191,12.789999961853027,12.779999732971191,12.789999961853027,12400,0.0,0.0,0.0
2025-05-13 05:15:00+00:00,12.789999961853027,12.789999961853027,12.779999732971191,12.779999732971191,23336,0.0,0.0,0.0
2025-05-13 05:20:00+00:00,12.789999961853027,12.789999961853027,12.779999732971191,12.789999961853027,12694,0.0,0.0,0.0
2025-05-14 01:00:00+00:00,12.949999809265137,12.979999542236328,12.949999809265137,12.949999809265137,0,0.0,0.0,0.0
2025-05-14 01:05:00+00:00,12.949999809265137,12.949999809265137,12.9399995803833,12.949999809265137,145425,0.0,0.0,0.0
2025-05-14 01:10:00+00:00,12.949999809265137,12.960000038146973,12.949999809265137,12.949999809265137,57399,0.0,0.0,0.0
2025-05-14 01:15:00+00:00,12.949999809265137,12.960000038146973,12.9399995803833,12.949999809265137,197534,0.0,0.0,0.0
2025-05-14 01:20:00+00:00,12.949999809265137,12.960000038146973,12.949999809265137,12.960000038146973,90048,0.0,0.0,0.0
2025-05-14 01:25:00+00:00,12.960000038146973,12.960000038146973,12.9399995803833,12.960000038146973,95295,0.0,0.0,0.0
2025-05-14 01:30:00+00:00,12.960000038146973,12.960000038146973,12.949999809265137,12.949999809265137,16243,0.0,0.0,0.0
2025-05-14 01:35:00+00:00,12.949999809265137,12.970000267028809,12.949999809265137,12.970000267028809,250740,0.0,0.0,0.0
2025-05-14 01:40:00+00:00,12.970000267028809,13.0,12.970000267028809,12.979999542236328,389720,0.0,0.0,0.0
2025-05-14 01:45:00+00:00,12.979999542236328,12.989999771118164,12.979999542236328,12.979999542236328,12569,0.0,0.0,0.0
2025-05-14 01:50:00+00:00,12.979999542236328,12.989999771118164,12.979999542236328,12.989999771118164,199130,0.0,0.0,0.0
2025-05-14 01:55:00+00:00,12.989999771118164,13.0,12.970000267028809,13.0,246267,0.0,0.0,0.0
2025-05-14 02:00:00+00:00,12.979999542236328,13.0,12.970000267028809,12.979999542236328,60581,0.0,0.0,0.0
2025-05-14 02:05:00+00:00,12.979999542236328,12.979999542236328,12.970000267028809,12.970000267028809,33273,0.0,0.0,0.0
2025-05-14 02:10:00+00:00,12.970000267028809,12.989999771118164,12.970000267028809,12.989999771118164,68158,0.0,0.0,0.0
2025-05-14 02:15:00+00:00,12.989999771118164,13.0,12.989999771118164,12.989999771118164,74714,0.0,0.0,0.0
2025-05-14 02:20:00+00:00,12.989999771118164,12.989999771118164,12.989999771118164,12.989999771118164,19264,0.0,0.0,0.0
2025-05-14 02:25:00+00:00,12.989999771118164,12.989999771118164,12.979999542236328,12.979999542236328,39343,0.0,0.0,0.0
2025-05-14 02:30:00+00:00,12.970000267028809,12.979999542236328,12.970000267028809,12.970000267028809,35261,0.0,0.0,0.0
2025-05-14 02:35:00+00:00,12.960000038146973,12.960000038146973,12.949999809265137,12.960000038146973,81182,0.0,0.0,0.0
2025-05-14 02:40:00+00:00,12.949999809265137,12.960000038146973,12.949999809265137,12.960000038146973,8557,0.0,0.0,0.0
2025-05-14 02:45:00+00:00,12.960000038146973,12.960000038146973,12.949999809265137,12.949999809265137,40852,0.0,0.0,0.0
2025-05-14 02:50:00+00:00,12.949999809265137,12.949999809265137,12.9399995803833,12.9399995803833,15479,0.0,0.0,0.0
2025-05-14 02:55:00+00:00,12.9399995803833,12.949999809265137,12.9399995803833,12.949999809265137,41558,0.0,0.0,0.0
2025-05-14 03:00:00+00:00,12.960000038146973,12.960000038146973,12.960000038146973,12.960000038146973,21348,0.0,0.0,0.0
2025-05-14 03:05:00+00:00,12.970000267028809,12.970000267028809,12.970000267028809,12.970000267028809,25598,0.0,0.0,0.0
2025-05-14 03:10:00+00:00,12.970000267028809,12.970000267028809,12.970000267028809,12.970000267028809,19010,0.0,0.0,0.0
2025-05-14 03:15:00+00:00,12.979999542236328,12.979999542236328,12.979999542236328,12.979999542236328,16353,0.0,0.0,0.0
2025-05-14 03:20:00+00:00,12.989999771118164,12.989999771118164,12.989999771118164,12.989999771118164,4038,0.0,0.0,0.0
2025-05-14 03:25:00+00:00,12.989999771118164,13.010000228881836,12.989999771118164,13.010000228881836,673162,0.0,0.0,0.0
2025-05-14 03:30:00+00:00,13.010000228881836,13.020000457763672,13.010000228881836,13.010000228881836,28357,0.0,0.0,0.0
2025-05-14 03:35:00+00:00,13.0,13.0,13.0,13.0,9124,0.0,0.0,0.0
2025-05-14 03:40:00+00:00,13.0,13.010000228881836,13.0,13.010000228881836,8380,0.0,0.0,0.0
2025-05-14 03:45:00+00:00,13.010000228881836,13.010000228881836,13.0,13.0,42613,0.0,0.0,0.0
2025-05-14 03:50:00+00:00,13.0,13.0,13.0,13.0,1446,0.0,0.0,0.0
2025-05-14 03:55:00+00:00,13.010000228881836,13.010000228881836,13.010000228881836,13.010000228881836,1552,0.0,0.0,0.0
2025-05-14 04:00:00+00:00,13.010000228881836,13.010000228881836,13.010000228881836,13.010000228881836,89024,0.0,0.0,0.0
2025-05-14 04:05:00+00:00,13.0,13.020000457763672,13.0,13.020000457763672,118713,0.0,0.0,0.0
2025-05-14 04:10:00+00:00,13.020000457763672,13.020000457763672,13.010000228881836,13.010000228881836,20227,0.0,0.0,0.0
2025-05-14 04:15:00+00:00,13.010000228881836,13.039999961853027,13.010000228881836,13.020000457763672,180019,0.0,0.0,0.0
2025-05-14 04:20:00+00:00,13.029999732971191,13.039999961853027,13.020000457763672,13.029999732971191,167135,0.0,0.0,0.0
2025-05-14 04:25:00+00:00,13.029999732971191,13.039999961853027,13.020000457763672,13.039999961853027,149117,0.0,0.0,0.0
2025-05-14 04:30:00+00:00,13.039999961853027,13.039999961853027,13.029999732971191,13.039999961853027,158186,0.0,0.0,0.0
2025-05-14 04:35:00+00:00,13.039999961853027,13.050000190734863,13.039999961853027,13.050000190734863,126075,0.0,0.0,0.0
2025-05-14 04:40:00+00:00,13.0600004196167,13.0600004196167,13.050000190734863,13.0600004196167,34238,0.0,0.0,0.0
2025-05-14 04:45:00+00:00,13.0600004196167,13.0600004196167,13.050000190734863,13.050000190734863,30782,0.0,0.0,0.0
2025-05-14 04:50:00+00:00,13.050000190734863,13.0600004196167,13.050000190734863,13.050000190734863,19200,0.0,0.0,0.0
2025-05-14 04:55:00+00:00,13.050000190734863,13.0600004196167,13.050000190734863,13.050000190734863,104564,0.0,0.0,0.0
2025-05-14 05:00:00+00:00,13.050000190734863,13.050000190734863,13.050000190734863,13.050000190734863,38500,0.0,0.0,0.0
2025-05-14 05:05:00+00:00,13.050000190734863,13.050000190734863,13.039999961853027,13.050000190734863,31800,0.0,0.0,0.0
2025-05-14 05:10:00+00:00,13.0600004196167,13.0600004196167,13.050000190734863,13.0600004196167,27193,0.0,0.0,0.0
2025-05-14 05:15:00+00:00,13.0600004196167,13.0600004196167,13.0600004196167,13.0600004196167,42310,0.0,0.0,0.0
2025-05-14 05:20:00+00:00,13.0600004196167,13.0600004196167,13.050000190734863,13.0600004196167,20796,0.0,0.0,0.0
2025-05-15 01:00:00+00:00,13.039999961853027,13.100000381469727,13.039999961853027,13.100000381469727,0,0.0,0.0,0.0
2025-05-15 01:05:00+00:00,13.100000381469727,13.100000381469727,13.069999694824219,13.069999694824219,51744,0.0,0.0,0.0
2025-05-15 01:10:00+00:00,13.069999694824219,13.100000381469727,13.069999694824219,13.100000381469727,85308,0.0,0.0,0.0
2025-05-15 01:15:00+00:00,13.100000381469727,13.100000381469727,13.079999923706055,13.079999923706055,31316,0.0,0.0,0.0
2025-05-15 01:20:00+00:00,13.079999923706055,13.079999923706055,13.050000190734863,13.050000190734863,55588,0.0,0.0,0.0
2025-05-15 01:25:00+00:00,13.039999961853027,13.039999961853027,13.020000457763672,13.029999732971191,30889,0.0,0.0,0.0
2025-05-15 01:30:00+00:00,13.029999732971191,13.029999732971191,13.010000228881836,13.020000457763672,107541,0.0,0.0,0.0
2025-05-15 01:35:00+00:00,13.020000457763672,13.039999961853027,13.020000457763672,13.039999961853027,59233,0.0,0.0,0.0
2025-05-15 01:40:00+00:00,13.039999961853027,13.0600004196167,13.039999961853027,13.0600004196167,210582,0.0,0.0,0.0
2025-05-15 01:45:00+00:00,13.0600004196167,13.069999694824219,13.0600004196167,13.0600004196167,86425,0.0,0.0,0.0
2025-05-15 01:50:00+00:00,13.0600004196167,13.069999694824219,13.0600004196167,13.0600004196167,18318,0.0,0.0,0.0
2025-05-15 01:55:00+00:00,13.0600004196167,13.0600004196167,13.050000190734863,13.0600004196167,216151,0.0,0.0,0.0
2025-05-15 02:00:00+00:00,13.0600004196167,13.0600004196167,13.029999732971191,13.039999961853027,25471,0.0,0.0,0.0
2025-05-15 02:05:00+00:00,13.039999961853027,13.050000190734863,13.039999961853027,13.050000190734863,15302,0.0,0.0,0.0
2025-05-15 02:10:00+00:00,13.050000190734863,13.050000190734863,13.039999961853027,13.039999961853027,73132,0.0,0.0,0.0
2025-05-15 02:15:00+00:00,13.050000190734863,13.050000190734863,13.039999961853027,13.039999961853027,12555,0.0,0.0,0.0
2025-05-15 02:20:00+00:00,13.039999961853027,13.050000190734863,13.029999732971191,13.050000190734863,36082,0.0,0.0,0.0
2025-05-15 02:25:00+00:00,13.029999732971191,13.050000190734863,13.029999732971191,13.039999961853027,66468,0.0,0.0,0.0
2025-05-15 02:30:00+00:00,13.050000190734863,13.0600004196167,13.050000190734863,13.050000190734863,99190,0.0,0.0,0.0
2025-05-15 02:35:00+00:00,13.050000190734863,13.0600004196167,13.039999961853027,13.039999961853027,142497,0.0,0.0,0.0
2025-05-15 02:40:00+00:00,13.039999961853027,13.0600004196167,13.039999961853027,13.0600004196167,12129,0.0,0.0,0.0
2025-05-15 02:45:00+00:00,13.0600004196167,13.0600004196167,13.0600004196167,13.0600004196167,4795,0.0,0.0,0.0
2025-05-15 02:50:00+00:00,13.0600004196167,13.0600004196167,13.050000190734863,13.0600004196167,91190,0.0,0.0,0.0
2025-05-15 02:55:00+00:00,13.0600004196167,13.09000015258789,13.0600004196167,13.09000015258789,97593,0.0,0.0,0.0
2025-05-15 03:00:00+00:00,13.079999923706055,13.09000015258789,13.079999923706055,13.09000015258789,23814,0.0,0.0,0.0
2025-05-15 03:05:00+00:00,13.09000015258789,13.09000015258789,13.09000015258789,13.09000015258789,6533,0.0,0.0,0.0
2025-05-15 03:10:00+00:00,13.09000015258789,13.09000015258789,13.079999923706055,13.079999923706055,27141,0.0,0.0,0.0
2025-05-15 03:15:00+00:00,13.09000015258789,13.09000015258789,13.079999923706055,13.079999923706055,30708,0.0,0.0,0.0
2025-05-15 03:20:00+00:00,13.079999923706055,13.09000015258789,13.079999923706055,13.09000015258789,4748,0.0,0.0,0.0
2025-05-15 03:25:00+00:00,13.09000015258789,13.09000015258789,13.069999694824219,13.069999694824219,13239,0.0,0.0,0.0
2025-05-15 03:30:00+00:00,13.09000015258789,13.09000015258789,13.079999923706055,13.079999923706055,3071,0.0,0.0,0.0
2025-05-15 03:35:00+00:00,13.079999923706055,13.079999923706055,13.079999923706055,13.079999923706055,6023,0.0,0.0,0.0
2025-05-15 03:40:00+00:00,13.079999923706055,13.079999923706055,13.079999923706055,13.079999923706055,2682,0.0,0.0,0.0
2025-05-15 03:45:00+00:00,13.079999923706055,13.079999923706055,13.0600004196167,13.0600004196167,13048,0.0,0.0,0.0
2025-05-15 03:50:00+00:00,13.069999694824219,13.09000015258789,13.069999694824219,13.079999923706055,21140,0.0,0.0,0.0
2025-05-15 03:55:00+00:00,13.079999923706055,13.079999923706055,13.069999694824219,13.069999694824219,3246,0.0,0.0,0.0
2025-05-15 04:00:00+00:00,13.069999694824219,13.069999694824219,13.0600004196167,13.069999694824219,13550,0.0,0.0,0.0
2025-05-15 04:05:00+00:00,13.069999694824219,13.069999694824219,13.069999694824219,13.069999694824219,53144,0.0,0.0,0.0
2025-05-15 04:10:00+00:00,13.079999923706055,13.079999923706055,13.069999694824219,13.069999694824219,30384,0.0,0.0,0.0
2025-05-15 04:15:00+00:00,13.069999694824219,13.069999694824219,13.069999694824219,13.069999694824219,11427,0.0,0.0,0.0
2025-05-15 04:20:00+00:00,13.069999694824219,13.069999694824219,13.069999694824219,13.069999694824219,3165,0.0,0.0,0.0
2025-05-15 04:25:00+00:00,13.0600004196167,13.069999694824219,13.0600004196167,13.069999694824219,9030,0.0,0.0,0.0
2025-05-15 04:30:00+00:00,13.069999694824219,13.069999694824219,13.0600004196167,13.069999694824219,102349,0.0,0.0,0.0
2025-05-15 04:35:00+00:00,13.069999694824219,13.069999694824219,13.069999694824219,13.069999694824219,6000,0.0,0.0,0.0
2025-05-15 04:40:00+00:00,13.069999694824219,13.069999694824219,13.0600004196167,13.069999694824219,49060,0.0,0.0,0.0
2025-05-15 04:45:00+00:00,13.069999694824219,13.069999694824219,13.0600004196167,13.069999694824219,11114,0.0,0.0,0.0
2025-05-15 04:50:00+00:00,13.069999694824219,13.069999694824219,13.0600004196167,13.069999694824219,28210,0.0,0.0,0.0
2025-05-15 04:55:00+00:00,13.069999694824219,13.069999694824219,13.0600004196167,13.0600004196167,16280,0.0,0.0,0.0
2025-05-15 05:00:00+00:00,13.0600004196167,13.0600004196167,13.0600004196167,13.0600004196167,33237,0.0,0.0,0.0
2025-05-15 05:05:00+00:00,13.0600004196167,13.069999694824219,13.0600004196167,13.0600004196167,6061,0.0,0.0,0.0
2025-05-15 05:10:00+00:00,13.0600004196167,13.0600004196167,13.050000190734863,13.050000190734863,37100,0.0,0.0,0.0
2025-05-15 05:15:00+00:00,13.069999694824219,13.069999694824219,13.0600004196167,13.0600004196167,16111,0.0,0.0,0.0
2025-05-15 05:20:00+00:00,13.0600004196167,13.069999694824219,13.050000190734863,13.0600004196167,242226,0.0,0.0,0.0
2025-05-16 01:00:00+00:00,13.0,13.050000190734863,13.0,13.050000190734863,0,0.0,0.0,0.0
2025-05-16 01:05:00+00:00,13.039999961853027,13.069999694824219,13.039999961853027,13.069999694824219,121449,0.0,0.0,0.0
2025-05-16 01:10:00+00:00,13.069999694824219,13.079999923706055,13.0600004196167,13.069999694824219,118714,0.0,0.0,0.0
2025-05-16 01:15:00+00:00,13.069999694824219,13.069999694824219,13.0600004196167,13.0600004196167,18458,0.0,0.0,0.0
2025-05-16 01:20:00+00:00,13.069999694824219,13.069999694824219,13.0600004196167,13.0600004196167,101707,0.0,0.0,0.0
2025-05-16 01:25:00+00:00,13.0600004196167,13.079999923706055,13.0600004196167,13.069999694824219,74086,0.0,0.0,0.0
2025-05-16 01:30:00+00:00,13.09000015258789,13.09000015258789,13.079999923706055,13.079999923706055,56314,0.0,0.0,0.0
2025-05-16 01:35:00+00:00,13.079999923706055,13.109999656677246,13.079999923706055,13.100000381469727,407379,0.0,0.0,0.0
2025-05-16 01:40:00+00:00,13.109999656677246,13.119999885559082,13.109999656677246,13.119999885559082,202045,0.0,0.0,0.0
2025-05-16 01:45:00+00:00,13.119999885559082,13.140000343322754,13.109999656677246,13.130000114440918,167845,0.0,0.0,0.0
2025-05-16 01:50:00+00:00,13.130000114440918,13.130000114440918,13.119999885559082,13.130000114440918,33563,0.0,0.0,0.0
2025-05-16 01:55:00+00:00,13.130000114440918,13.140000343322754,13.130000114440918,13.140000343322754,68516,0.0,0.0,0.0
2025-05-16 02:00:00+00:00,13.140000343322754,13.149999618530273,13.130000114440918,13.149999618530273,152224,0.0,0.0,0.0
2025-05-16 02:05:00+00:00,13.140000343322754,13.149999618530273,13.130000114440918,13.140000343322754,18400,0.0,0.0,0.0
2025-05-16 02:10:00+00:00,13.140000343322754,13.149999618530273,13.130000114440918,13.130000114440918,176175,0.0,0.0,0.0
2025-05-16 02:15:00+00:00,13.130000114440918,13.130000114440918,13.130000114440918,13.130000114440918,18407,0.0,0.0,0.0
2025-05-16 02:20:00+00:00,13.130000114440918,13.149999618530273,13.130000114440918,13.149999618530273,338790,0.0,0.0,0.0
2025-05-16 02:25:00+00:00,13.149999618530273,13.15999984741211,13.149999618530273,13.149999618530273,56947,0.0,0.0,0.0
2025-05-16 02:30:00+00:00,13.149999618530273,13.149999618530273,13.140000343322754,13.149999618530273,57166,0.0,0.0,0.0
2025-05-16 02:35:00+00:00,13.149999618530273,13.170000076293945,13.149999618530273,13.15999984741211,169234,0.0,0.0,0.0
2025-05-16 02:40:00+00:00,13.170000076293945,13.170000076293945,13.15999984741211,13.15999984741211,29522,0.0,0.0,0.0
2025-05-16 02:45:00+00:00,13.170000076293945,13.170000076293945,13.15999984741211,13.15999984741211,31796,0.0,0.0,0.0
2025-05-16 02:50:00+00:00,13.15999984741211,13.15999984741211,13.140000343322754,13.140000343322754,26365,0.0,0.0,0.0
2025-05-16 02:55:00+00:00,13.149999618530273,13.15999984741211,13.149999618530273,13.149999618530273,69507,0.0,0.0,0.0
2025-05-16 03:00:00+00:00,13.149999618530273,13.15999984741211,13.149999618530273,13.15999984741211,19203,0.0,0.0,0.0
2025-05-16 03:05:00+00:00,13.15999984741211,13.15999984741211,13.15999984741211,13.15999984741211,5667,0.0,0.0,0.0
2025-05-16 03:10:00+00:00,13.15999984741211,13.15999984741211,13.149999618530273,13.15999984741211,133266,0.0,0.0,0.0
2025-05-16 03:15:00+00:00,13.15999984741211,13.170000076293945,13.15999984741211,13.15999984741211,20438,0.0,0.0,0.0
2025-05-16 03:20:00+00:00,13.15999984741211,13.170000076293945,13.149999618530273,13.149999618530273,21111,0.0,0.0,0.0
2025-05-16 03:25:00+00:00,13.15999984741211,13.15999984741211,13.149999618530273,13.149999618530273,23016,0.0,0.0,0.0
2025-05-16 03:30:00+00:00,13.15999984741211,13.15999984741211,13.140000343322754,13.15999984741211,14920,0.0,0.0,0.0
2025-05-16 03:35:00+00:00,13.140000343322754,13.149999618530273,13.130000114440918,13.130000114440918,44671,0.0,0.0,0.0
2025-05-16 03:40:00+00:00,13.130000114440918,13.130000114440918,13.119999885559082,13.130000114440918,21902,0.0,0.0,0.0
2025-05-16 03:45:00+00:00,13.130000114440918,13.130000114440918,13.119999885559082,13.119999885559082,7518,0.0,0.0,0.0
2025-05-16 03:50:00+00:00,13.119999885559082,13.130000114440918,13.109999656677246,13.109999656677246,15019,0.0,0.0,0.0
2025-05-16 03:55:00+00:00,13.119999885559082,13.119999885559082,13.119999885559082,13.119999885559082,17106,0.0,0.0,0.0
2025-05-16 04:00:00+00:00,13.130000114440918,13.140000343322754,13.130000114440918,13.140000343322754,12262,0.0,0.0,0.0
2025-05-16 04:05:00+00:00,13.140000343322754,13.140000343322754,13.130000114440918,13.140000343322754,16108,0.0,0.0,0.0
2025-05-16 04:10:00+00:00,13.140000343322754,13.140000343322754,13.130000114440918,13.130000114440918,20228,0.0,0.0,0.0
2025-05-16 04:15:00+00:00,13.140000343322754,13.140000343322754,13.119999885559082,13.130000114440918,7108,0.0,0.0,0.0
2025-05-16 04:20:00+00:00,13.140000343322754,13.140000343322754,13.119999885559082,13.130000114440918,10458,0.0,0.0,0.0
2025-05-16 04:25:00+00:00,13.130000114440918,13.130000114440918,13.130000114440918,13.130000114440918,35256,0.0,0.0,0.0
2025-05-16 04:30:00+00:00,13.140000343322754,13.149999618530273,13.130000114440918,13.149999618530273,71233,0.0,0.0,0.0
2025-05-16 04:35:00+00:00,13.140000343322754,13.149999618530273,13.140000343322754,13.149999618530273,163591,0.0,0.0,0.0
2025-05-16 04:40:00+00:00,13.149999618530273,13.149999618530273,13.149999618530273,13.149999618530273,15549,0.0,0.0,0.0
2025-05-16 04:45:00+00:00,13.140000343322754,13.140000343322754,13.140000343322754,13.140000343322754,5312,0.0,0.0,0.0
2025-05-16 04:50:00+00:00,13.140000343322754,13.149999618530273,13.140000343322754,13.140000343322754,10168,0.0,0.0,0.0
2025-05-16 04:55:00+00:00,13.140000343322754,13.140000343322754,13.140000343322754,13.140000343322754,20527,0.0,0.0,0.0
2025-05-16 05:00:00+00:00,13.140000343322754,13.140000343322754,13.140000343322754,13.140000343322754,29055,0.0,0.0,0.0
2025-05-16 05:05:00+00:00,13.140000343322754,13.149999618530273,13.140000343322754,13.149999618530273,6371,0.0,0.0,0.0
2025-05-16 05:10:00+00:00,13.149999618530273,13.149999618530273,13.140000343322754,13.140000343322754,53066,0.0,0.0,0.0
2025-05-16 05:15:00+00:00,13.149999618530273,13.149999618530273,13.140000343322754,13.140000343322754,12399,0.0,0.0,0.0
2025-05-16 05:20:00+00:00,13.140000343322754,13.149999618530273,13.140000343322754,13.140000343322754,49053,0.0,0.0,0.0
2025-05-19 01:00:00+00:00,13.119999885559082,13.119999885559082,13.079999923706055,13.100000381469727,0,0.0,0.0,0.0
2025-05-19 01:05:00+00:00,13.09000015258789,13.119999885559082,13.09000015258789,13.109999656677246,40064,0.0,0.0,0.0
2025-05-19 01:10:00+00:00,13.100000381469727,13.100000381469727,13.069999694824219,13.069999694824219,134628,0.0,0.0,0.0
2025-05-19 01:15:00+00:00,13.0600004196167,13.069999694824219,13.0600004196167,13.0600004196167,101114,0.0,0.0,0.0
2025-05-19 01:20:00+00:00,13.0600004196167,13.0600004196167,13.050000190734863,13.0600004196167,33155,0.0,0.0,0.0
2025-05-19 01:25:00+00:00,13.0600004196167,13.0600004196167,13.0600004196167,13.0600004196167,18919,0.0,0.0,0.0
2025-05-19 01:30:00+00:00,13.0600004196167,13.0600004196167,13.050000190734863,13.050000190734863,118327,0.0,0.0,0.0
2025-05-19 01:35:00+00:00,13.039999961853027,13.050000190734863,13.029999732971191,13.039999961853027,95750,0.0,0.0,0.0
2025-05-19 01:40:00+00:00,13.039999961853027,13.039999961853027,13.039999961853027,13.039999961853027,16291,0.0,0.0,0.0
2025-05-19 01:45:00+00:00,13.029999732971191,13.039999961853027,13.029999732971191,13.039999961853027,11278,0.0,0.0,0.0
2025-05-19 01:50:00+00:00,13.039999961853027,13.039999961853027,13.029999732971191,13.029999732971191,43253,0.0,0.0,0.0
2025-05-19 01:55:00+00:00,13.029999732971191,13.029999732971191,13.020000457763672,13.020000457763672,12573,0.0,0.0,0.0
2025-05-19 02:00:00+00:00,13.029999732971191,13.029999732971191,13.020000457763672,13.020000457763672,11336,0.0,0.0,0.0
2025-05-19 02:05:00+00:00,13.029999732971191,13.029999732971191,13.029999732971191,13.029999732971191,5174,0.0,0.0,0.0
2025-05-19 02:10:00+00:00,13.029999732971191,13.029999732971191,13.029999732971191,13.029999732971191,7356,0.0,0.0,0.0
2025-05-19 02:15:00+00:00,13.039999961853027,13.050000190734863,13.029999732971191,13.050000190734863,39827,0.0,0.0,0.0
2025-05-19 02:20:00+00:00,13.050000190734863,13.050000190734863,13.029999732971191,13.050000190734863,40060,0.0,0.0,0.0
2025-05-19 02:25:00+00:00,13.050000190734863,13.050000190734863,13.039999961853027,13.039999961853027,3776,0.0,0.0,0.0
2025-05-19 02:30:00+00:00,13.050000190734863,13.050000190734863,13.039999961853027,13.039999961853027,53499,0.0,0.0,0.0
2025-05-19 02:35:00+00:00,13.050000190734863,13.050000190734863,13.029999732971191,13.029999732971191,18407,0.0,0.0,0.0
2025-05-19 02:40:00+00:00,13.039999961853027,13.050000190734863,13.039999961853027,13.050000190734863,118034,0.0,0.0,0.0
2025-05-19 02:45:00+00:00,13.0600004196167,13.069999694824219,13.0600004196167,13.069999694824219,19148,0.0,0.0,0.0
2025-05-19 02:50:00+00:00,13.0600004196167,13.069999694824219,13.0600004196167,13.0600004196167,3027,0.0,0.0,0.0
2025-05-19 02:55:00+00:00,13.069999694824219,13.069999694824219,13.069999694824219,13.069999694824219,2049,0.0,0.0,0.0
2025-05-19 03:00:00+00:00,13.069999694824219,13.069999694824219,13.0600004196167,13.0600004196167,5543,0.0,0.0,0.0
2025-05-19 03:05:00+00:00,13.069999694824219,13.069999694824219,13.050000190734863,13.050000190734863,41074,0.0,0.0,0.0
2025-05-19 03:10:00+00:00,13.039999961853027,13.050000190734863,13.039999961853027,13.039999961853027,51071,0.0,0.0,0.0
2025-05-19 03:15:00+00:00,13.039999961853027,13.050000190734863,13.039999961853027,13.039999961853027,33421,0.0,0.0,0.0
2025-05-19 03:20:00+00:00,13.039999961853027,13.050000190734863,13.039999961853027,13.050000190734863,7491,0.0,0.0,0.0
2025-05-19 03:25:00+00:00,13.039999961853027,13.039999961853027,13.029999732971191,13.039999961853027,5262,0.0,0.0,0.0
2025-05-19 03:30:00+00:00,13.039999961853027,13.039999961853027,13.010000228881836,13.010000228881836,443613,0.0,0.0,0.0
2025-05-19 03:35:00+00:00,13.010000228881836,13.010000228881836,13.0,13.010000228881836,53014,0.0,0.0,0.0
2025-05-19 03:40:00+00:00,13.010000228881836,13.010000228881836,12.989999771118164,12.989999771118164,155896,0.0,0.0,0.0
2025-05-19 03:45:00+00:00,12.989999771118164,13.0,12.979999542236328,13.0,79246,0.0,0.0,0.0
2025-05-19 03:50:00+00:00,13.0,13.0,12.989999771118164,12.989999771118164,9781,0.0,0.0,0.0
2025-05-19 03:55:00+00:00,12.989999771118164,12.989999771118164,12.989999771118164,12.989999771118164,1170,0.0,0.0,0.0
2025-05-19 04:00:00+00:00,12.989999771118164,13.0,12.989999771118164,12.989999771118164,17892,0.0,0.0,0.0
2025-05-19 04:05:00+00:00,13.0,13.0,12.979999542236328,12.989999771118164,21665,0.0,0.0,0.0
2025-05-19 04:10:00+00:00,13.0,13.0,13.0,13.0,2540,0.0,0.0,0.0
2025-05-19 04:15:00+00:00,12.989999771118164,12.989999771118164,12.979999542236328,12.989999771118164,25276,0.0,0.0,0.0
2025-05-19 04:20:00+00:00,12.989999771118164,13.0,12.989999771118164,13.0,7937,0.0,0.0,0.0
2025-05-19 04:25:00+00:00,12.989999771118164,12.989999771118164,12.979999542236328,12.979999542236328,19185,0.0,0.0,0.0
2025-05-19 04:30:00+00:00,13.0,13.0,12.979999542236328,12.989999771118164,6950,0.0,0.0,0.0
2025-05-19 04:35:00+00:00,12.989999771118164,12.989999771118164,12.989999771118164,12.989999771118164,4311,0.0,0.0,0.0
2025-05-19 04:40:00+00:00,12.989999771118164,12.989999771118164,12.970000267028809,12.970000267028809,46350,0.0,0.0,0.0
2025-05-19 04:45:00+00:00,12.970000267028809,12.970000267028809,12.960000038146973,12.960000038146973,67652,0.0,0.0,0.0
2025-05-19 04:50:00+00:00,12.960000038146973,12.970000267028809,12.960000038146973,12.970000267028809,15010,0.0,0.0,0.0
2025-05-19 04:55:00+00:00,12.960000038146973,12.960000038146973,12.949999809265137,12.949999809265137,30917,0.0,0.0,0.0
2025-05-19 05:00:00+00:00,12.949999809265137,12.960000038146973,12.949999809265137,12.960000038146973,10650,0.0,0.0,0.0
2025-05-19 05:05:00+00:00,12.960000038146973,12.960000038146973,12.949999809265137,12.949999809265137,27551,0.0,0.0,0.0
2025-05-19 05:10:00+00:00,12.949999809265137,12.949999809265137,12.9399995803833,12.949999809265137,60003,0.0,0.0,0.0
2025-05-19 05:15:00+00:00,12.949999809265137,12.949999809265137,12.949999809265137,12.949999809265137,24397,0.0,0.0,0.0
2025-05-19 05:20:00+00:00,12.949999809265137,12.949999809265137,12.9399995803833,12.949999809265137,61209,0.0,0.0,0.0
2025-05-20 01:00:00+00:00,13.050000190734863,13.09000015258789,13.050000190734863,13.079999923706055,0,0.0,0.0,0.0
2025-05-20 01:05:00+00:00,13.079999923706055,13.09000015258789,13.079999923706055,13.09000015258789,56295,0.0,0.0,0.0
2025-05-20 01:10:00+00:00,13.09000015258789,13.09000015258789,13.050000190734863,13.0600004196167,34006,0.0,0.0,0.0
2025-05-20 01:15:00+00:00,13.0600004196167,13.079999923706055,13.0600004196167,13.0600004196167,21117,0.0,0.0,0.0
2025-05-20 01:20:00+00:00,13.0600004196167,13.0600004196167,13.050000190734863,13.050000190734863,16873,0.0,0.0,0.0
2025-05-20 01:25:00+00:00,13.050000190734863,13.0600004196167,13.050000190734863,13.050000190734863,31809,0.0,0.0,0.0
2025-05-20 01:30:00+00:00,13.0600004196167,13.0600004196167,13.050000190734863,13.050000190734863,26836,0.0,0.0,0.0
2025-05-20 01:35:00+00:00,13.050000190734863,13.050000190734863,13.050000190734863,13.050000190734863,48084,0.0,0.0,0.0
2025-05-20 01:40:00+00:00,13.050000190734863,13.050000190734863,13.039999961853027,13.039999961853027,67117,0.0,0.0,0.0
2025-05-20 01:45:00+00:00,13.050000190734863,13.050000190734863,13.029999732971191,13.050000190734863,52307,0.0,0.0,0.0
2025-05-20 01:50:00+00:00,13.039999961853027,13.039999961853027,13.029999732971191,13.039999961853027,96368,0.0,0.0,0.0
2025-05-20 01:55:00+00:00,13.039999961853027,13.050000190734863,13.039999961853027,13.050000190734863,47127,0.0,0.0,0.0
2025-05-20 02:00:00+00:00,13.050000190734863,13.0600004196167,13.050000190734863,13.0600004196167,17105,0.0,0.0,0.0
2025-05-20 02:10:00+00:00,13.050000190734863,13.0600004196167,13.050000190734863,13.050000190734863,11030,0.0,0.0,0.0
2025-05-20 02:15:00+00:00,13.050000190734863,13.050000190734863,13.020000457763672,13.020000457763672,13076,0.0,0.0,0.0
2025-05-20 02:20:00+00:00,13.020000457763672,13.020000457763672,13.010000228881836,13.010000228881836,17524,0.0,0.0,0.0
2025-05-20 02:25:00+00:00,13.010000228881836,13.010000228881836,13.0,13.010000228881836,29353,0.0,0.0,0.0
2025-05-20 02:30:00+00:00,13.010000228881836,13.020000457763672,13.010000228881836,13.020000457763672,7061,0.0,0.0,0.0
2025-05-20 02:35:00+00:00,13.010000228881836,13.029999732971191,13.010000228881836,13.029999732971191,85030,0.0,0.0,0.0
2025-05-20 02:40:00+00:00,13.029999732971191,13.039999961853027,13.029999732971191,13.039999961853027,20258,0.0,0.0,0.0
2025-05-20 02:45:00+00:00,13.039999961853027,13.039999961853027,13.029999732971191,13.029999732971191,2068,0.0,0.0,0.0
2025-05-20 02:50:00+00:00,13.029999732971191,13.029999732971191,13.020000457763672,13.029999732971191,35059,0.0,0.0,0.0
2025-05-20 02:55:00+00:00,13.029999732971191,13.029999732971191,13.029999732971191,13.029999732971191,2022,0.0,0.0,0.0
2025-05-20 03:00:00+00:00,13.029999732971191,13.029999732971191,13.029999732971191,13.029999732971191,3455,0.0,0.0,0.0
2025-05-20 03:05:00+00:00,13.039999961853027,13.039999961853027,13.029999732971191,13.029999732971191,18064,0.0,0.0,0.0
2025-05-20 03:10:00+00:00,13.020000457763672,13.020000457763672,13.0,13.010000228881836,17376,0.0,0.0,0.0
2025-05-20 03:15:00+00:00,13.0,13.0,12.989999771118164,12.989999771118164,84181,0.0,0.0,0.0
2025-05-20 03:20:00+00:00,12.989999771118164,13.0,12.989999771118164,13.0,29182,0.0,0.0,0.0
2025-05-20 03:25:00+00:00,12.989999771118164,13.0,12.989999771118164,13.0,6061,0.0,0.0,0.0
2025-05-20 03:30:00+00:00,13.0,13.0,13.0,13.0,12034,0.0,0.0,0.0
2025-05-20 03:35:00+00:00,12.989999771118164,13.0,12.989999771118164,13.0,16024,0.0,0.0,0.0
2025-05-20 03:40:00+00:00,13.0,13.0,12.989999771118164,12.989999771118164,45038,0.0,0.0,0.0
2025-05-20 03:45:00+00:00,12.989999771118164,13.0,12.989999771118164,13.0,3215,0.0,0.0,0.0
2025-05-20 03:50:00+00:00,13.0,13.0,12.989999771118164,12.989999771118164,12069,0.0,0.0,0.0
2025-05-20 03:55:00+00:00,12.989999771118164,12.989999771118164,12.989999771118164,12.989999771118164,8034,0.0,0.0,0.0
2025-05-20 04:00:00+00:00,12.989999771118164,13.0,12.989999771118164,13.0,5183,0.0,0.0,0.0
2025-05-20 04:05:00+00:00,12.989999771118164,12.989999771118164,12.989999771118164,12.989999771118164,8310,0.0,0.0,0.0
2025-05-20 04:10:00+00:00,12.989999771118164,12.989999771118164,12.970000267028809,12.970000267028809,17907,0.0,0.0,0.0
2025-05-20 04:15:00+00:00,12.970000267028809,12.979999542236328,12.970000267028809,12.970000267028809,4069,0.0,0.0,0.0
2025-05-20 04:20:00+00:00,12.970000267028809,12.970000267028809,12.970000267028809,12.970000267028809,13216,0.0,0.0,0.0
2025-05-20 04:25:00+00:00,12.970000267028809,12.970000267028809,12.970000267028809,12.970000267028809,11035,0.0,0.0,0.0
2025-05-20 04:30:00+00:00,12.970000267028809,12.970000267028809,12.960000038146973,12.960000038146973,13147,0.0,0.0,0.0
2025-05-20 04:35:00+00:00,12.960000038146973,12.960000038146973,12.960000038146973,12.960000038146973,9416,0.0,0.0,0.0
2025-05-20 04:40:00+00:00,12.960000038146973,12.960000038146973,12.960000038146973,12.960000038146973,43713,0.0,0.0,0.0
2025-05-20 04:45:00+00:00,12.960000038146973,12.960000038146973,12.960000038146973,12.960000038146973,3273,0.0,0.0,0.0
2025-05-20 04:50:00+00:00,12.960000038146973,12.960000038146973,12.949999809265137,12.949999809265137,31084,0.0,0.0,0.0
2025-05-20 04:55:00+00:00,12.960000038146973,12.970000267028809,12.960000038146973,12.960000038146973,12307,0.0,0.0,0.0
2025-05-20 05:00:00+00:00,12.960000038146973,12.960000038146973,12.960000038146973,12.960000038146973,21393,0.0,0.0,0.0
2025-05-20 05:05:00+00:00,12.970000267028809,12.970000267028809,12.970000267028809,12.970000267028809,31271,0.0,0.0,0.0
2025-05-20 05:10:00+00:00,12.970000267028809,12.979999542236328,12.970000267028809,12.979999542236328,11700,0.0,0.0,0.0
2025-05-20 05:15:00+00:00,12.979999542236328,12.989999771118164,12.970000267028809,12.989999771118164,124977,0.0,0.0,0.0
2025-05-20 05:20:00+00:00,12.979999542236328,12.979999542236328,12.960000038146973,12.960000038146973,13678,0.0,0.0,0.0
2025-05-21 01:00:00+00:00,12.989999771118164,13.029999732971191,12.989999771118164,13.029999732971191,0,0.0,0.0,0.0
2025-05-21 01:05:00+00:00,13.050000190734863,13.069999694824219,13.039999961853027,13.050000190734863,82690,0.0,0.0,0.0
2025-05-21 01:10:00+00:00,13.039999961853027,13.069999694824219,13.039999961853027,13.069999694824219,43069,0.0,0.0,0.0
2025-05-21 01:15:00+00:00,13.069999694824219,13.069999694824219,13.069999694824219,13.069999694824219,22334,0.0,0.0,0.0
2025-05-21 01:20:00+00:00,13.069999694824219,13.069999694824219,13.0600004196167,13.0600004196167,56102,0.0,0.0,0.0
2025-05-21 01:25:00+00:00,13.050000190734863,13.050000190734863,13.050000190734863,13.050000190734863,11412,0.0,0.0,0.0
2025-05-21 01:30:00+00:00,13.0600004196167,13.0600004196167,13.050000190734863,13.050000190734863,13497,0.0,0.0,0.0
2025-05-21 01:35:00+00:00,13.039999961853027,13.039999961853027,13.039999961853027,13.039999961853027,15350,0.0,0.0,0.0
2025-05-21 01:40:00+00:00,13.039999961853027,13.050000190734863,13.029999732971191,13.050000190734863,115387,0.0,0.0,0.0
2025-05-21 01:45:00+00:00,13.050000190734863,13.050000190734863,13.039999961853027,13.039999961853027,150172,0.0,0.0,0.0
2025-05-21 01:50:00+00:00,13.050000190734863,13.0600004196167,13.050000190734863,13.050000190734863,9072,0.0,0.0,0.0
2025-05-21 01:55:00+00:00,13.050000190734863,13.050000190734863,13.050000190734863,13.050000190734863,28623,0.0,0.0,0.0
2025-05-21 02:00:00+00:00,13.029999732971191,13.050000190734863,13.029999732971191,13.029999732971191,8832,0.0,0.0,0.0
2025-05-21 02:05:00+00:00,13.029999732971191,13.029999732971191,13.029999732971191,13.029999732971191,109054,0.0,0.0,0.0
2025-05-21 02:10:00+00:00,13.029999732971191,13.050000190734863,13.029999732971191,13.050000190734863,48039,0.0,0.0,0.0
2025-05-21 02:15:00+00:00,13.0600004196167,13.0600004196167,13.0600004196167,13.0600004196167,10871,0.0,0.0,0.0
2025-05-21 02:20:00+00:00,13.050000190734863,13.050000190734863,13.050000190734863,13.050000190734863,21175,0.0,0.0,0.0
2025-05-21 02:25:00+00:00,13.039999961853027,13.039999961853027,13.039999961853027,13.039999961853027,12587,0.0,0.0,0.0
2025-05-21 02:30:00+00:00,13.039999961853027,13.039999961853027,13.039999961853027,13.039999961853027,43062,0.0,0.0,0.0
2025-05-21 02:35:00+00:00,13.050000190734863,13.0600004196167,13.050000190734863,13.0600004196167,25561,0.0,0.0,0.0
2025-05-21 02:40:00+00:00,13.0600004196167,13.069999694824219,13.0600004196167,13.069999694824219,103128,0.0,0.0,0.0
2025-05-21 02:45:00+00:00,13.0600004196167,13.079999923706055,13.0600004196167,13.079999923706055,202082,0.0,0.0,0.0
2025-05-21 02:50:00+00:00,13.079999923706055,13.079999923706055,13.079999923706055,13.079999923706055,23546,0.0,0.0,0.0
2025-05-21 02:55:00+00:00,13.069999694824219,13.069999694824219,13.069999694824219,13.069999694824219,7023,0.0,0.0,0.0
2025-05-21 03:00:00+00:00,13.069999694824219,13.079999923706055,13.0600004196167,13.079999923706055,173076,0.0,0.0,0.0
2025-05-21 03:05:00+00:00,13.09000015258789,13.09000015258789,13.09000015258789,13.09000015258789,59288,0.0,0.0,0.0
2025-05-21 03:10:00+00:00,13.100000381469727,13.100000381469727,13.100000381469727,13.100000381469727,123465,0.0,0.0,0.0
2025-05-21 03:15:00+00:00,13.100000381469727,13.100000381469727,13.09000015258789,13.09000015258789,20049,0.0,0.0,0.0
2025-05-21 03:20:00+00:00,13.09000015258789,13.09000015258789,13.079999923706055,13.079999923706055,12044,0.0,0.0,0.0
2025-05-21 03:25:00+00:00,13.079999923706055,13.09000015258789,13.069999694824219,13.09000015258789,26271,0.0,0.0,0.0
2025-05-21 03:30:00+00:00,13.069999694824219,13.069999694824219,13.069999694824219,13.069999694824219,1602,0.0,0.0,0.0
2025-05-21 03:35:00+00:00,13.09000015258789,13.09000015258789,13.09000015258789,13.09000015258789,20010,0.0,0.0,0.0
2025-05-21 03:40:00+00:00,13.09000015258789,13.100000381469727,13.09000015258789,13.100000381469727,26220,0.0,0.0,0.0
2025-05-21 03:45:00+00:00,13.100000381469727,13.100000381469727,13.100000381469727,13.100000381469727,2621,0.0,0.0,0.0
2025-05-21 03:50:00+00:00,13.09000015258789,13.09000015258789,13.079999923706055,13.09000015258789,33040,0.0,0.0,0.0
2025-05-21 03:55:00+00:00,13.09000015258789,13.09000015258789,13.079999923706055,13.079999923706055,13239,0.0,0.0,0.0
2025-05-21 04:00:00+00:00,13.079999923706055,13.079999923706055,13.079999923706055,13.079999923706055,1017,0.0,0.0,0.0
2025-05-21 04:05:00+00:00,13.079999923706055,13.09000015258789,13.079999923706055,13.079999923706055,37063,0.0,0.0,0.0
2025-05-21 04:10:00+00:00,13.079999923706055,13.079999923706055,13.079999923706055,13.079999923706055,21287,0.0,0.0,0.0
2025-05-21 04:15:00+00:00,13.079999923706055,13.09000015258789,13.079999923706055,13.079999923706055,10815,0.0,0.0,0.0
2025-05-21 04:20:00+00:00,13.079999923706055,13.079999923706055,13.079999923706055,13.079999923706055,35103,0.0,0.0,0.0
2025-05-21 04:25:00+00:00,13.079999923706055,13.079999923706055,13.079999923706055,13.079999923706055,30047,0.0,0.0,0.0
2025-05-21 04:30:00+00:00,13.09000015258789,13.09000015258789,13.079999923706055,13.09000015258789,62028,0.0,0.0,0.0
2025-05-21 04:35:00+00:00,13.09000015258789,13.09000015258789,13.09000015258789,13.09000015258789,28020,0.0,0.0,0.0
2025-05-21 04:40:00+00:00,13.09000015258789,13.09000015258789,13.09000015258789,13.09000015258789,19135,0.0,0.0,0.0
2025-05-21 04:45:00+00:00,13.09000015258789,13.09000015258789,13.09000015258789,13.09000015258789,23235,0.0,0.0,0.0
2025-05-21 04:50:00+00:00,13.09000015258789,13.100000381469727,13.09000015258789,13.100000381469727,13000,0.0,0.0,0.0
2025-05-21 04:55:00+00:00,13.100000381469727,13.100000381469727,13.09000015258789,13.100000381469727,13216,0.0,0.0,0.0
2025-05-21 05:00:00+00:00,13.100000381469727,13.109999656677246,13.100000381469727,13.109999656677246,164033,0.0,0.0,0.0
2025-05-21 05:05:00+00:00,13.109999656677246,13.119999885559082,13.109999656677246,13.119999885559082,96137,0.0,0.0,0.0
2025-05-21 05:10:00+00:00,13.119999885559082,13.119999885559082,13.119999885559082,13.119999885559082,12494,0.0,0.0,0.0
2025-05-21 05:15:00+00:00,13.119999885559082,13.140000343322754,13.119999885559082,13.140000343322754,156632,0.0,0.0,0.0
2025-05-21 05:20:00+00:00,13.130000114440918,13.140000343322754,13.130000114440918,13.140000343322754,34691,0.0,0.0,0.0
2025-05-22 01:00:00+00:00,13.069999694824219,13.069999694824219,12.989999771118164,13.020000457763672,0,0.0,0.0,0.0
2025-05-22 01:05:00+00:00,13.020000457763672,13.020000457763672,13.020000457763672,13.020000457763672,22849,0.0,0.0,0.0
2025-05-22 01:10:00+00:00,13.020000457763672,13.050000190734863,13.020000457763672,13.050000190734863,25846,0.0,0.0,0.0
2025-05-22 01:15:00+00:00,13.050000190734863,13.050000190734863,13.029999732971191,13.029999732971191,16612,0.0,0.0,0.0
2025-05-22 01:20:00+00:00,13.020000457763672,13.020000457763672,13.010000228881836,13.010000228881836,20656,0.0,0.0,0.0
2025-05-22 01:25:00+00:00,13.029999732971191,13.050000190734863,13.029999732971191,13.050000190734863,89115,0.0,0.0,0.0
2025-05-22 01:30:00+00:00,13.050000190734863,13.050000190734863,13.050000190734863,13.050000190734863,40035,0.0,0.0,0.0
2025-05-22 01:35:00+00:00,13.050000190734863,13.050000190734863,13.039999961853027,13.050000190734863,32126,0.0,0.0,0.0
2025-05-22 01:40:00+00:00,13.050000190734863,13.050000190734863,13.039999961853027,13.039999961853027,7738,0.0,0.0,0.0
2025-05-22 01:45:00+00:00,13.039999961853027,13.039999961853027,13.029999732971191,13.029999732971191,230173,0.0,0.0,0.0
2025-05-22 01:50:00+00:00,13.020000457763672,13.020000457763672,13.020000457763672,13.020000457763672,16046,0.0,0.0,0.0
2025-05-22 01:55:00+00:00,13.020000457763672,13.020000457763672,13.0,13.0,21698,0.0,0.0,0.0
2025-05-22 02:00:00+00:00,13.0,13.010000228881836,12.989999771118164,13.0,38900,0.0,0.0,0.0
2025-05-22 02:05:00+00:00,12.989999771118164,13.010000228881836,12.989999771118164,13.010000228881836,17058,0.0,0.0,0.0
2025-05-22 02:10:00+00:00,13.010000228881836,13.010000228881836,13.010000228881836,13.010000228881836,7034,0.0,0.0,0.0
2025-05-22 02:15:00+00:00,13.010000228881836,13.029999732971191,13.010000228881836,13.020000457763672,20146,0.0,0.0,0.0
2025-05-22 02:20:00+00:00,13.020000457763672,13.029999732971191,13.020000457763672,13.029999732971191,12216,0.0,0.0,0.0
2025-05-22 02:25:00+00:00,13.039999961853027,13.039999961853027,13.039999961853027,13.039999961853027,21005,0.0,0.0,0.0
2025-05-22 02:30:00+00:00,13.050000190734863,13.050000190734863,13.050000190734863,13.050000190734863,2058,0.0,0.0,0.0
2025-05-22 02:35:00+00:00,13.039999961853027,13.039999961853027,13.039999961853027,13.039999961853027,4051,0.0,0.0,0.0
2025-05-22 02:40:00+00:00,13.039999961853027,13.0600004196167,13.039999961853027,13.0600004196167,51028,0.0,0.0,0.0
2025-05-22 02:45:00+00:00,13.0600004196167,13.0600004196167,13.039999961853027,13.039999961853027,6514,0.0,0.0,0.0
2025-05-22 02:50:00+00:00,13.039999961853027,13.050000190734863,13.039999961853027,13.050000190734863,9328,0.0,0.0,0.0
2025-05-22 02:55:00+00:00,13.039999961853027,13.039999961853027,13.039999961853027,13.039999961853027,18036,0.0,0.0,0.0
2025-05-22 03:00:00+00:00,13.039999961853027,13.050000190734863,13.039999961853027,13.050000190734863,6092,0.0,0.0,0.0
2025-05-22 03:10:00+00:00,13.039999961853027,13.039999961853027,13.039999961853027,13.039999961853027,9257,0.0,0.0,0.0
2025-05-22 03:15:00+00:00,13.039999961853027,13.050000190734863,13.039999961853027,13.050000190734863,31030,0.0,0.0,0.0
2025-05-22 03:20:00+00:00,13.050000190734863,13.050000190734863,13.050000190734863,13.050000190734863,1723,0.0,0.0,0.0
2025-05-22 03:25:00+00:00,13.0600004196167,13.0600004196167,13.0600004196167,13.0600004196167,16018,0.0,0.0,0.0
2025-05-22 03:30:00+00:00,13.0600004196167,13.069999694824219,13.0600004196167,13.069999694824219,20544,0.0,0.0,0.0
2025-05-22 03:35:00+00:00,13.079999923706055,13.079999923706055,13.079999923706055,13.079999923706055,22298,0.0,0.0,0.0
2025-05-22 03:40:00+00:00,13.079999923706055,13.09000015258789,13.079999923706055,13.09000015258789,2134,0.0,0.0,0.0
2025-05-22 03:45:00+00:00,13.079999923706055,13.09000015258789,13.079999923706055,13.09000015258789,20101,0.0,0.0,0.0
2025-05-22 03:50:00+00:00,13.09000015258789,13.100000381469727,13.09000015258789,13.100000381469727,13060,0.0,0.0,0.0
2025-05-22 03:55:00+00:00,13.09000015258789,13.09000015258789,13.09000015258789,13.09000015258789,2011,0.0,0.0,0.0
2025-05-22 04:00:00+00:00,13.09000015258789,13.100000381469727,13.09000015258789,13.100000381469727,5075,0.0,0.0,0.0
2025-05-22 04:05:00+00:00,13.079999923706055,13.079999923706055,13.079999923706055,13.079999923706055,4026,0.0,0.0,0.0
2025-05-22 04:10:00+00:00,13.079999923706055,13.079999923706055,13.079999923706055,13.079999923706055,6779,0.0,0.0,0.0
2025-05-22 04:20:00+00:00,13.079999923706055,13.079999923706055,13.079999923706055,13.079999923706055,24014,0.0,0.0,0.0
2025-05-22 04:25:00+00:00,13.079999923706055,13.079999923706055,13.079999923706055,13.079999923706055,4107,0.0,0.0,0.0
2025-05-22 04:30:00+00:00,13.079999923706055,13.09000015258789,13.069999694824219,13.079999923706055,78084,0.0,0.0,0.0
2025-05-22 04:35:00+00:00,13.09000015258789,13.09000015258789,13.09000015258789,13.09000015258789,39020,0.0,0.0,0.0
2025-05-22 04:40:00+00:00,13.09000015258789,13.09000015258789,13.079999923706055,13.079999923706055,3300,0.0,0.0,0.0
2025-05-22 04:45:00+00:00,13.069999694824219,13.069999694824219,13.069999694824219,13.069999694824219,13469,0.0,0.0,0.0
2025-05-22 04:50:00+00:00,13.069999694824219,13.069999694824219,13.069999694824219,13.069999694824219,21020,0.0,0.0,0.0
2025-05-22 04:55:00+00:00,13.069999694824219,13.069999694824219,13.069999694824219,13.069999694824219,16223,0.0,0.0,0.0
2025-05-22 05:00:00+00:00,13.069999694824219,13.079999923706055,13.069999694824219,13.069999694824219,15140,0.0,0.0,0.0
2025-05-22 05:05:00+00:00,13.069999694824219,13.069999694824219,13.069999694824219,13.069999694824219,8578,0.0,0.0,0.0
2025-05-22 05:10:00+00:00,13.069999694824219,13.079999923706055,13.069999694824219,13.079999923706055,126312,0.0,0.0,0.0
2025-05-22 05:15:00+00:00,13.079999923706055,13.079999923706055,13.079999923706055,13.079999923706055,5704,0.0,0.0,0.0
2025-05-22 05:20:00+00:00,13.079999923706055,13.079999923706055,13.079999923706055,13.079999923706055,19083,0.0,0.0,0.0
2025-05-23 01:00:00+00:00,13.1899995803833,13.199999809265137,13.15999984741211,13.170000076293945,0,0.0,0.0,0.0
2025-05-23 01:05:00+00:00,13.15999984741211,13.170000076293945,13.149999618530273,13.149999618530273,112000,0.0,0.0,0.0
2025-05-23 01:10:00+00:00,13.140000343322754,13.149999618530273,13.140000343322754,13.149999618530273,81348,0.0,0.0,0.0
2025-05-23 01:15:00+00:00,13.140000343322754,13.15999984741211,13.140000343322754,13.15999984741211,34165,0.0,0.0,0.0
2025-05-23 01:20:00+00:00,13.149999618530273,13.149999618530273,13.109999656677246,13.119999885559082,30716,0.0,0.0,0.0
2025-05-23 01:25:00+00:00,13.119999885559082,13.119999885559082,13.119999885559082,13.119999885559082,1069,0.0,0.0,0.0
2025-05-23 01:30:00+00:00,13.119999885559082,13.119999885559082,13.109999656677246,13.119999885559082,11125,0.0,0.0,0.0
2025-05-23 01:35:00+00:00,13.100000381469727,13.100000381469727,13.09000015258789,13.100000381469727,34538,0.0,0.0,0.0
2025-05-23 01:40:00+00:00,13.09000015258789,13.100000381469727,13.079999923706055,13.079999923706055,21102,0.0,0.0,0.0
2025-05-23 01:45:00+00:00,13.100000381469727,13.100000381469727,13.079999923706055,13.09000015258789,86346,0.0,0.0,0.0
2025-05-23 01:50:00+00:00,13.109999656677246,13.109999656677246,13.100000381469727,13.100000381469727,5021,0.0,0.0,0.0
2025-05-23 01:55:00+00:00,13.100000381469727,13.100000381469727,13.079999923706055,13.079999923706055,26010,0.0,0.0,0.0
2025-05-23 02:00:00+00:00,13.079999923706055,13.09000015258789,13.079999923706055,13.079999923706055,17912,0.0,0.0,0.0
2025-05-23 02:05:00+00:00,13.079999923706055,13.079999923706055,13.069999694824219,13.069999694824219,14405,0.0,0.0,0.0
2025-05-23 02:10:00+00:00,13.069999694824219,13.069999694824219,13.069999694824219,13.069999694824219,1006,0.0,0.0,0.0
2025-05-23 02:15:00+00:00,13.069999694824219,13.079999923706055,13.069999694824219,13.069999694824219,14392,0.0,0.0,0.0
2025-05-23 02:20:00+00:00,13.079999923706055,13.079999923706055,13.069999694824219,13.069999694824219,19116,0.0,0.0,0.0
2025-05-23 02:25:00+00:00,13.069999694824219,13.079999923706055,13.069999694824219,13.079999923706055,28825,0.0,0.0,0.0
2025-05-23 02:30:00+00:00,13.079999923706055,13.079999923706055,13.079999923706055,13.079999923706055,9128,0.0,0.0,0.0
2025-05-23 02:35:00+00:00,13.079999923706055,13.079999923706055,13.069999694824219,13.069999694824219,15022,0.0,0.0,0.0
2025-05-23 02:40:00+00:00,13.069999694824219,13.069999694824219,13.069999694824219,13.069999694824219,8019,0.0,0.0,0.0
2025-05-23 02:45:00+00:00,13.079999923706055,13.079999923706055,13.069999694824219,13.069999694824219,10189,0.0,0.0,0.0
2025-05-23 02:50:00+00:00,13.069999694824219,13.069999694824219,13.069999694824219,13.069999694824219,5225,0.0,0.0,0.0
2025-05-23 02:55:00+00:00,13.0600004196167,13.069999694824219,13.0600004196167,13.069999694824219,6254,0.0,0.0,0.0
2025-05-23 03:00:00+00:00,13.069999694824219,13.069999694824219,13.0600004196167,13.069999694824219,5118,0.0,0.0,0.0
2025-05-23 03:05:00+00:00,13.069999694824219,13.069999694824219,13.069999694824219,13.069999694824219,2034,0.0,0.0,0.0
2025-05-23 03:10:00+00:00,13.069999694824219,13.069999694824219,13.0600004196167,13.0600004196167,11018,0.0,0.0,0.0
2025-05-23 03:15:00+00:00,13.069999694824219,13.069999694824219,13.069999694824219,13.069999694824219,2082,0.0,0.0,0.0
2025-05-23 03:20:00+00:00,13.0600004196167,13.069999694824219,13.0600004196167,13.069999694824219,7023,0.0,0.0,0.0
2025-05-23 03:25:00+00:00,13.069999694824219,13.069999694824219,13.0600004196167,13.069999694824219,7021,0.0,0.0,0.0
2025-05-23 03:30:00+00:00,13.069999694824219,13.069999694824219,13.069999694824219,13.069999694824219,4074,0.0,0.0,0.0
2025-05-23 03:40:00+00:00,13.069999694824219,13.069999694824219,13.0600004196167,13.0600004196167,6002,0.0,0.0,0.0
2025-05-23 03:45:00+00:00,13.0600004196167,13.069999694824219,13.0600004196167,13.0600004196167,13013,0.0,0.0,0.0
2025-05-23 03:50:00+00:00,13.0600004196167,13.0600004196167,13.050000190734863,13.050000190734863,17264,0.0,0.0,0.0
2025-05-23 03:55:00+00:00,13.050000190734863,13.050000190734863,13.039999961853027,13.039999961853027,33298,0.0,0.0,0.0
2025-05-23 04:00:00+00:00,13.039999961853027,13.050000190734863,13.039999961853027,13.039999961853027,56770,0.0,0.0,0.0
2025-05-23 04:05:00+00:00,13.039999961853027,13.050000190734863,13.039999961853027,13.050000190734863,4205,0.0,0.0,0.0
2025-05-23 04:10:00+00:00,13.039999961853027,13.039999961853027,13.029999732971191,13.039999961853027,108623,0.0,0.0,0.0
2025-05-23 04:15:00+00:00,13.029999732971191,13.039999961853027,13.029999732971191,13.039999961853027,5054,0.0,0.0,0.0
2025-05-23 04:20:00+00:00,13.029999732971191,13.029999732971191,13.020000457763672,13.020000457763672,45078,0.0,0.0,0.0
2025-05-23 04:25:00+00:00,13.020000457763672,13.020000457763672,13.010000228881836,13.010000228881836,28794,0.0,0.0,0.0
2025-05-23 04:30:00+00:00,13.020000457763672,13.020000457763672,13.0,13.0,46550,0.0,0.0,0.0
2025-05-23 04:35:00+00:00,13.020000457763672,13.020000457763672,13.020000457763672,13.020000457763672,52310,0.0,0.0,0.0
2025-05-23 04:40:00+00:00,13.020000457763672,13.020000457763672,13.010000228881836,13.020000457763672,36386,0.0,0.0,0.0
2025-05-23 04:45:00+00:00,13.020000457763672,13.020000457763672,13.010000228881836,13.010000228881836,25160,0.0,0.0,0.0
2025-05-23 04:50:00+00:00,13.010000228881836,13.010000228881836,13.0,13.010000228881836,40850,0.0,0.0,0.0
2025-05-23 04:55:00+00:00,13.0,13.010000228881836,13.0,13.010000228881836,9566,0.0,0.0,0.0
2025-05-23 05:00:00+00:00,13.0,13.010000228881836,13.0,13.010000228881836,47480,0.0,0.0,0.0
2025-05-23 05:05:00+00:00,13.029999732971191,13.029999732971191,13.020000457763672,13.020000457763672,2110,0.0,0.0,0.0
2025-05-23 05:10:00+00:00,13.020000457763672,13.029999732971191,13.020000457763672,13.029999732971191,12554,0.0,0.0,0.0
2025-05-23 05:15:00+00:00,13.029999732971191,13.029999732971191,13.020000457763672,13.020000457763672,19816,0.0,0.0,0.0
2025-05-23 05:20:00+00:00,13.029999732971191,13.039999961853027,13.020000457763672,13.029999732971191,61663,0.0,0.0,0.0
2025-05-26 01:00:00+00:00,13.0600004196167,13.0600004196167,13.0,13.0,0,0.0,0.0,0.0
2025-05-26 01:05:00+00:00,13.0,13.039999961853027,13.0,13.039999961853027,209364,0.0,0.0,0.0
2025-05-26 01:10:00+00:00,13.039999961853027,13.050000190734863,13.029999732971191,13.039999961853027,46788,0.0,0.0,0.0
2025-05-26 01:15:00+00:00,13.050000190734863,13.069999694824219,13.039999961853027,13.069999694824219,51215,0.0,0.0,0.0
2025-05-26 01:20:00+00:00,13.069999694824219,13.069999694824219,13.050000190734863,13.050000190734863,17891,0.0,0.0,0.0
2025-05-26 01:25:00+00:00,13.039999961853027,13.050000190734863,13.029999732971191,13.039999961853027,70525,0.0,0.0,0.0
2025-05-26 01:30:00+00:00,13.039999961853027,13.039999961853027,13.010000228881836,13.020000457763672,21048,0.0,0.0,0.0
2025-05-26 01:35:00+00:00,13.020000457763672,13.020000457763672,13.010000228881836,13.020000457763672,8477,0.0,0.0,0.0
2025-05-26 01:40:00+00:00,13.020000457763672,13.020000457763672,13.010000228881836,13.020000457763672,13237,0.0,0.0,0.0
2025-05-26 01:45:00+00:00,13.020000457763672,13.029999732971191,13.010000228881836,13.029999732971191,40626,0.0,0.0,0.0
2025-05-26 01:50:00+00:00,13.029999732971191,13.029999732971191,13.029999732971191,13.029999732971191,36058,0.0,0.0,0.0
2025-05-26 01:55:00+00:00,13.029999732971191,13.039999961853027,13.029999732971191,13.039999961853027,14198,0.0,0.0,0.0
2025-05-26 02:00:00+00:00,13.039999961853027,13.050000190734863,13.039999961853027,13.050000190734863,43279,0.0,0.0,0.0
2025-05-26 02:05:00+00:00,13.0600004196167,13.069999694824219,13.0600004196167,13.069999694824219,29058,0.0,0.0,0.0
2025-05-26 02:10:00+00:00,13.0600004196167,13.069999694824219,13.0600004196167,13.0600004196167,8927,0.0,0.0,0.0
2025-05-26 02:15:00+00:00,13.069999694824219,13.069999694824219,13.050000190734863,13.069999694824219,53911,0.0,0.0,0.0
2025-05-26 02:20:00+00:00,13.069999694824219,13.069999694824219,13.069999694824219,13.069999694824219,2287,0.0,0.0,0.0
2025-05-26 02:25:00+00:00,13.050000190734863,13.050000190734863,13.039999961853027,13.039999961853027,8085,0.0,0.0,0.0
2025-05-26 02:30:00+00:00,13.039999961853027,13.050000190734863,13.039999961853027,13.050000190734863,7172,0.0,0.0,0.0
2025-05-26 02:35:00+00:00,13.039999961853027,13.039999961853027,13.039999961853027,13.039999961853027,3163,0.0,0.0,0.0
2025-05-26 02:40:00+00:00,13.039999961853027,13.039999961853027,13.029999732971191,13.029999732971191,4073,0.0,0.0,0.0
2025-05-26 02:45:00+00:00,13.039999961853027,13.039999961853027,13.039999961853027,13.039999961853027,5147,0.0,0.0,0.0
2025-05-26 02:50:00+00:00,13.029999732971191,13.039999961853027,13.029999732971191,13.029999732971191,10113,0.0,0.0,0.0
2025-05-26 02:55:00+00:00,13.039999961853027,13.039999961853027,13.039999961853027,13.039999961853027,3158,0.0,0.0,0.0
2025-05-26 03:00:00+00:00,13.029999732971191,13.050000190734863,13.029999732971191,13.050000190734863,20172,0.0,0.0,0.0
2025-05-26 03:05:00+00:00,13.050000190734863,13.050000190734863,13.050000190734863,13.050000190734863,7563,0.0,0.0,0.0
2025-05-26 03:10:00+00:00,13.039999961853027,13.050000190734863,13.039999961853027,13.039999961853027,5119,0.0,0.0,0.0
2025-05-26 03:15:00+00:00,13.039999961853027,13.039999961853027,13.039999961853027,13.039999961853027,2222,0.0,0.0,0.0
2025-05-26 03:20:00+00:00,13.039999961853027,13.039999961853027,13.029999732971191,13.029999732971191,4058,0.0,0.0,0.0
2025-05-26 03:25:00+00:00,13.029999732971191,13.029999732971191,13.020000457763672,13.020000457763672,28053,0.0,0.0,0.0
2025-05-26 03:30:00+00:00,13.039999961853027,13.039999961853027,13.020000457763672,13.020000457763672,5153,0.0,0.0,0.0
2025-05-26 03:35:00+00:00,13.020000457763672,13.020000457763672,13.010000228881836,13.010000228881836,11141,0.0,0.0,0.0
2025-05-26 03:40:00+00:00,13.010000228881836,13.020000457763672,13.010000228881836,13.010000228881836,5024,0.0,0.0,0.0
2025-05-26 03:45:00+00:00,13.010000228881836,13.029999732971191,13.010000228881836,13.020000457763672,5081,0.0,0.0,0.0
2025-05-26 03:50:00+00:00,13.020000457763672,13.020000457763672,13.010000228881836,13.010000228881836,18135,0.0,0.0,0.0
2025-05-26 03:55:00+00:00,13.020000457763672,13.020000457763672,13.0,13.010000228881836,9302,0.0,0.0,0.0
2025-05-26 04:00:00+00:00,13.010000228881836,13.010000228881836,13.0,13.010000228881836,5035,0.0,0.0,0.0
2025-05-26 04:05:00+00:00,13.010000228881836,13.029999732971191,13.0,13.029999732971191,39710,0.0,0.0,0.0
2025-05-26 04:10:00+00:00,13.010000228881836,13.010000228881836,13.0,13.010000228881836,18631,0.0,0.0,0.0
2025-05-26 04:15:00+00:00,13.010000228881836,13.010000228881836,13.0,13.010000228881836,23183,0.0,0.0,0.0
2025-05-26 04:20:00+00:00,13.010000228881836,13.010000228881836,13.010000228881836,13.010000228881836,5016,0.0,0.0,0.0
2025-05-26 04:25:00+00:00,13.010000228881836,13.010000228881836,13.010000228881836,13.010000228881836,35092,0.0,0.0,0.0
2025-05-26 04:30:00+00:00,13.010000228881836,13.020000457763672,13.010000228881836,13.020000457763672,16370,0.0,0.0,0.0
2025-05-26 04:35:00+00:00,13.020000457763672,13.020000457763672,13.020000457763672,13.020000457763672,4469,0.0,0.0,0.0
2025-05-26 04:40:00+00:00,13.020000457763672,13.020000457763672,13.020000457763672,13.020000457763672,16518,0.0,0.0,0.0
2025-05-26 04:50:00+00:00,13.020000457763672,13.020000457763672,13.010000228881836,13.010000228881836,14578,0.0,0.0,0.0
2025-05-26 05:00:00+00:00,13.010000228881836,13.010000228881836,13.0,13.010000228881836,13056,0.0,0.0,0.0
2025-05-26 05:05:00+00:00,13.010000228881836,13.010000228881836,13.0,13.0,79435,0.0,0.0,0.0
2025-05-26 05:10:00+00:00,13.0,13.010000228881836,13.0,13.0,29235,0.0,0.0,0.0
2025-05-26 05:15:00+00:00,13.010000228881836,13.010000228881836,13.0,13.0,24829,0.0,0.0,0.0
2025-05-26 05:20:00+00:00,13.0,13.0,13.0,13.0,59420,0.0,0.0,0.0
2025-05-27 01:00:00+00:00,13.010000228881836,13.010000228881836,12.949999809265137,12.949999809265137,0,0.0,0.0,0.0
2025-05-27 01:05:00+00:00,12.949999809265137,12.979999542236328,12.949999809265137,12.960000038146973,14557,0.0,0.0,0.0
2025-05-27 01:10:00+00:00,12.960000038146973,12.960000038146973,12.949999809265137,12.949999809265137,46814,0.0,0.0,0.0
2025-05-27 01:15:00+00:00,12.949999809265137,12.960000038146973,12.949999809265137,12.949999809265137,88104,0.0,0.0,0.0
2025-05-27 01:20:00+00:00,12.960000038146973,12.960000038146973,12.949999809265137,12.949999809265137,12795,0.0,0.0,0.0
2025-05-27 01:25:00+00:00,12.949999809265137,12.979999542236328,12.949999809265137,12.979999542236328,16239,0.0,0.0,0.0
2025-05-27 01:30:00+00:00,12.989999771118164,12.989999771118164,12.979999542236328,12.979999542236328,8758,0.0,0.0,0.0
2025-05-27 01:35:00+00:00,12.979999542236328,12.979999542236328,12.979999542236328,12.979999542236328,10037,0.0,0.0,0.0
2025-05-27 01:40:00+00:00,12.979999542236328,12.979999542236328,12.970000267028809,12.970000267028809,14037,0.0,0.0,0.0
2025-05-27 01:45:00+00:00,12.970000267028809,12.979999542236328,12.960000038146973,12.979999542236328,6090,0.0,0.0,0.0
2025-05-27 01:50:00+00:00,12.960000038146973,12.960000038146973,12.9399995803833,12.9399995803833,100784,0.0,0.0,0.0
2025-05-27 01:55:00+00:00,12.9399995803833,12.9399995803833,12.899999618530273,12.899999618530273,136532,0.0,0.0,0.0
2025-05-27 02:00:00+00:00,12.899999618530273,12.899999618530273,12.890000343322754,12.890000343322754,36547,0.0,0.0,0.0
2025-05-27 02:05:00+00:00,12.890000343322754,12.899999618530273,12.890000343322754,12.890000343322754,6933,0.0,0.0,0.0
2025-05-27 02:10:00+00:00,12.890000343322754,12.890000343322754,12.869999885559082,12.869999885559082,89248,0.0,0.0,0.0
2025-05-27 02:15:00+00:00,12.880000114440918,12.890000343322754,12.880000114440918,12.890000343322754,20033,0.0,0.0,0.0
2025-05-27 02:20:00+00:00,12.890000343322754,12.890000343322754,12.880000114440918,12.880000114440918,53781,0.0,0.0,0.0
2025-05-27 02:25:00+00:00,12.890000343322754,12.890000343322754,12.890000343322754,12.890000343322754,5000,0.0,0.0,0.0
2025-05-27 02:30:00+00:00,12.890000343322754,12.899999618530273,12.890000343322754,12.899999618530273,60418,0.0,0.0,0.0
2025-05-27 02:35:00+00:00,12.920000076293945,12.920000076293945,12.920000076293945,12.920000076293945,2346,0.0,0.0,0.0
2025-05-27 02:40:00+00:00,12.90999984741211,12.920000076293945,12.90999984741211,12.920000076293945,7095,0.0,0.0,0.0
2025-05-27 02:45:00+00:00,12.920000076293945,12.920000076293945,12.90999984741211,12.90999984741211,11054,0.0,0.0,0.0
2025-05-27 02:50:00+00:00,12.899999618530273,12.899999618530273,12.899999618530273,12.899999618530273,1368,0.0,0.0,0.0
2025-05-27 02:55:00+00:00,12.920000076293945,12.920000076293945,12.920000076293945,12.920000076293945,4023,0.0,0.0,0.0
2025-05-27 03:00:00+00:00,12.920000076293945,12.920000076293945,12.920000076293945,12.920000076293945,6468,0.0,0.0,0.0
2025-05-27 03:05:00+00:00,12.90999984741211,12.90999984741211,12.90999984741211,12.90999984741211,3202,0.0,0.0,0.0
2025-05-27 03:10:00+00:00,12.90999984741211,12.90999984741211,12.899999618530273,12.899999618530273,18444,0.0,0.0,0.0
2025-05-27 03:15:00+00:00,12.90999984741211,12.90999984741211,12.890000343322754,12.890000343322754,6234,0.0,0.0,0.0
2025-05-27 03:20:00+00:00,12.899999618530273,12.899999618530273,12.890000343322754,12.899999618530273,3245,0.0,0.0,0.0
2025-05-27 03:25:00+00:00,12.899999618530273,12.899999618530273,12.899999618530273,12.899999618530273,3021,0.0,0.0,0.0
2025-05-27 03:30:00+00:00,12.899999618530273,12.899999618530273,12.890000343322754,12.890000343322754,12507,0.0,0.0,0.0
2025-05-27 03:35:00+00:00,12.899999618530273,12.899999618530273,12.890000343322754,12.890000343322754,4808,0.0,0.0,0.0
2025-05-27 03:40:00+00:00,12.890000343322754,12.890000343322754,12.890000343322754,12.890000343322754,2201,0.0,0.0,0.0
2025-05-27 03:45:00+00:00,12.890000343322754,12.890000343322754,12.890000343322754,12.890000343322754,3028,0.0,0.0,0.0
2025-05-27 03:50:00+00:00,12.890000343322754,12.890000343322754,12.890000343322754,12.890000343322754,6141,0.0,0.0,0.0
2025-05-27 03:55:00+00:00,12.880000114440918,12.890000343322754,12.880000114440918,12.880000114440918,55806,0.0,0.0,0.0
2025-05-27 04:00:00+00:00,12.880000114440918,12.880000114440918,12.859999656677246,12.869999885559082,47147,0.0,0.0,0.0
2025-05-27 04:05:00+00:00,12.869999885559082,12.869999885559082,12.859999656677246,12.869999885559082,20349,0.0,0.0,0.0
2025-05-27 04:10:00+00:00,12.869999885559082,12.869999885559082,12.859999656677246,12.869999885559082,17125,0.0,0.0,0.0
2025-05-27 04:15:00+00:00,12.869999885559082,12.869999885559082,12.859999656677246,12.859999656677246,9302,0.0,0.0,0.0
2025-05-27 04:20:00+00:00,12.869999885559082,12.869999885559082,12.850000381469727,12.850000381469727,73279,0.0,0.0,0.0
2025-05-27 04:25:00+00:00,12.859999656677246,12.859999656677246,12.850000381469727,12.850000381469727,24335,0.0,0.0,0.0
2025-05-27 04:30:00+00:00,12.859999656677246,12.869999885559082,12.850000381469727,12.850000381469727,34055,0.0,0.0,0.0
2025-05-27 04:35:00+00:00,12.859999656677246,12.859999656677246,12.850000381469727,12.850000381469727,9313,0.0,0.0,0.0
2025-05-27 04:40:00+00:00,12.850000381469727,12.859999656677246,12.850000381469727,12.850000381469727,52348,0.0,0.0,0.0
2025-05-27 04:45:00+00:00,12.859999656677246,12.859999656677246,12.84000015258789,12.84000015258789,74371,0.0,0.0,0.0
2025-05-27 04:50:00+00:00,12.859999656677246,12.859999656677246,12.84000015258789,12.850000381469727,14172,0.0,0.0,0.0
2025-05-27 04:55:00+00:00,12.850000381469727,12.859999656677246,12.850000381469727,12.859999656677246,51294,0.0,0.0,0.0
2025-05-27 05:00:00+00:00,12.859999656677246,12.869999885559082,12.859999656677246,12.869999885559082,24070,0.0,0.0,0.0
2025-05-27 05:05:00+00:00,12.869999885559082,12.869999885559082,12.869999885559082,12.869999885559082,8785,0.0,0.0,0.0
2025-05-27 05:10:00+00:00,12.859999656677246,12.869999885559082,12.859999656677246,12.859999656677246,7389,0.0,0.0,0.0
2025-05-27 05:15:00+00:00,12.869999885559082,12.869999885559082,12.859999656677246,12.869999885559082,14752,0.0,0.0,0.0
2025-05-27 05:20:00+00:00,12.869999885559082,12.869999885559082,12.859999656677246,12.859999656677246,55703,0.0,0.0,0.0
2025-05-28 01:00:00+00:00,12.989999771118164,13.079999923706055,12.989999771118164,13.050000190734863,0,0.0,0.0,0.0
2025-05-28 01:05:00+00:00,13.050000190734863,13.0600004196167,13.029999732971191,13.029999732971191,122275,0.0,0.0,0.0
2025-05-28 01:10:00+00:00,13.029999732971191,13.029999732971191,13.029999732971191,13.029999732971191,30227,0.0,0.0,0.0
2025-05-28 01:15:00+00:00,13.020000457763672,13.039999961853027,13.020000457763672,13.039999961853027,6253,0.0,0.0,0.0
2025-05-28 01:20:00+00:00,13.029999732971191,13.039999961853027,13.020000457763672,13.029999732971191,106027,0.0,0.0,0.0
2025-05-28 01:25:00+00:00,13.029999732971191,13.029999732971191,13.020000457763672,13.020000457763672,18234,0.0,0.0,0.0
2025-05-28 01:30:00+00:00,13.029999732971191,13.029999732971191,12.979999542236328,12.979999542236328,83961,0.0,0.0,0.0
2025-05-28 01:35:00+00:00,12.989999771118164,12.989999771118164,12.989999771118164,12.989999771118164,7213,0.0,0.0,0.0
2025-05-28 01:40:00+00:00,12.979999542236328,12.989999771118164,12.979999542236328,12.989999771118164,40148,0.0,0.0,0.0
2025-05-28 01:45:00+00:00,12.989999771118164,12.989999771118164,12.960000038146973,12.970000267028809,48925,0.0,0.0,0.0
2025-05-28 01:50:00+00:00,12.970000267028809,12.970000267028809,12.970000267028809,12.970000267028809,9135,0.0,0.0,0.0
2025-05-28 01:55:00+00:00,12.960000038146973,12.960000038146973,12.960000038146973,12.960000038146973,1079,0.0,0.0,0.0
2025-05-28 02:00:00+00:00,12.960000038146973,12.960000038146973,12.960000038146973,12.960000038146973,21241,0.0,0.0,0.0
2025-05-28 02:05:00+00:00,12.960000038146973,12.960000038146973,12.960000038146973,12.960000038146973,6211,0.0,0.0,0.0
2025-05-28 02:10:00+00:00,12.960000038146973,12.979999542236328,12.960000038146973,12.979999542236328,22521,0.0,0.0,0.0
2025-05-28 02:15:00+00:00,12.979999542236328,12.979999542236328,12.979999542236328,12.979999542236328,12043,0.0,0.0,0.0
2025-05-28 02:20:00+00:00,12.970000267028809,12.970000267028809,12.949999809265137,12.949999809265137,31817,0.0,0.0,0.0
2025-05-28 02:25:00+00:00,12.9399995803833,12.9399995803833,12.9399995803833,12.9399995803833,1061,0.0,0.0,0.0
2025-05-28 02:30:00+00:00,12.949999809265137,12.970000267028809,12.949999809265137,12.970000267028809,3134,0.0,0.0,0.0
2025-05-28 02:35:00+00:00,12.960000038146973,12.960000038146973,12.949999809265137,12.960000038146973,4223,0.0,0.0,0.0
2025-05-28 02:40:00+00:00,12.960000038146973,12.960000038146973,12.960000038146973,12.960000038146973,5033,0.0,0.0,0.0
2025-05-28 02:45:00+00:00,12.949999809265137,12.949999809265137,12.9399995803833,12.9399995803833,10583,0.0,0.0,0.0
2025-05-28 02:50:00+00:00,12.9399995803833,12.9399995803833,12.9399995803833,12.9399995803833,24081,0.0,0.0,0.0
2025-05-28 02:55:00+00:00,12.930000305175781,12.9399995803833,12.930000305175781,12.9399995803833,37318,0.0,0.0,0.0
2025-05-28 03:00:00+00:00,12.9399995803833,12.949999809265137,12.9399995803833,12.949999809265137,98028,0.0,0.0,0.0
2025-05-28 03:05:00+00:00,12.960000038146973,12.960000038146973,12.960000038146973,12.960000038146973,2162,0.0,0.0,0.0
2025-05-28 03:10:00+00:00,12.960000038146973,12.960000038146973,12.960000038146973,12.960000038146973,8017,0.0,0.0,0.0
2025-05-28 03:15:00+00:00,12.970000267028809,12.970000267028809,12.970000267028809,12.970000267028809,2350,0.0,0.0,0.0
2025-05-28 03:20:00+00:00,12.970000267028809,12.970000267028809,12.970000267028809,12.970000267028809,1222,0.0,0.0,0.0
2025-05-28 03:25:00+00:00,12.949999809265137,12.949999809265137,12.949999809265137,12.949999809265137,1029,0.0,0.0,0.0
2025-05-28 03:30:00+00:00,12.949999809265137,12.949999809265137,12.9399995803833,12.949999809265137,4010,0.0,0.0,0.0
2025-05-28 03:35:00+00:00,12.9399995803833,12.9399995803833,12.9399995803833,12.9399995803833,13108,0.0,0.0,0.0
2025-05-28 03:40:00+00:00,12.9399995803833,12.9399995803833,12.920000076293945,12.920000076293945,10941,0.0,0.0,0.0
2025-05-28 03:45:00+00:00,12.930000305175781,12.930000305175781,12.930000305175781,12.930000305175781,1487,0.0,0.0,0.0
2025-05-28 03:50:00+00:00,12.920000076293945,12.920000076293945,12.920000076293945,12.920000076293945,1975,0.0,0.0,0.0
2025-05-28 03:55:00+00:00,12.90999984741211,12.90999984741211,12.90999984741211,12.90999984741211,7434,0.0,0.0,0.0
2025-05-28 04:00:00+00:00,12.90999984741211,12.90999984741211,12.899999618530273,12.90999984741211,7022,0.0,0.0,0.0
2025-05-28 04:05:00+00:00,12.90999984741211,12.90999984741211,12.90999984741211,12.90999984741211,6006,0.0,0.0,0.0
2025-05-28 04:10:00+00:00,12.90999984741211,12.90999984741211,12.90999984741211,12.90999984741211,26510,0.0,0.0,0.0
2025-05-28 04:15:00+00:00,12.90999984741211,12.90999984741211,12.899999618530273,12.899999618530273,6090,0.0,0.0,0.0
2025-05-28 04:20:00+00:00,12.899999618530273,12.899999618530273,12.899999618530273,12.899999618530273,24160,0.0,0.0,0.0
2025-05-28 04:25:00+00:00,12.899999618530273,12.899999618530273,12.890000343322754,12.890000343322754,11419,0.0,0.0,0.0
2025-05-28 04:30:00+00:00,12.899999618530273,12.899999618530273,12.869999885559082,12.869999885559082,29765,0.0,0.0,0.0
2025-05-28 04:35:00+00:00,12.859999656677246,12.859999656677246,12.859999656677246,12.859999656677246,23104,0.0,0.0,0.0
2025-05-28 04:40:00+00:00,12.859999656677246,12.859999656677246,12.850000381469727,12.859999656677246,51896,0.0,0.0,0.0
2025-05-28 04:45:00+00:00,12.869999885559082,12.890000343322754,12.869999885559082,12.890000343322754,14078,0.0,0.0,0.0
2025-05-28 04:50:00+00:00,12.880000114440918,12.890000343322754,12.880000114440918,12.890000343322754,3082,0.0,0.0,0.0
2025-05-28 04:55:00+00:00,12.880000114440918,12.880000114440918,12.869999885559082,12.869999885559082,8503,0.0,0.0,0.0
2025-05-28 05:00:00+00:00,12.869999885559082,12.869999885559082,12.869999885559082,12.869999885559082,15540,0.0,0.0,0.0
2025-05-28 05:05:00+00:00,12.869999885559082,12.890000343322754,12.869999885559082,12.890000343322754,129646,0.0,0.0,0.0
2025-05-28 05:10:00+00:00,12.890000343322754,12.890000343322754,12.890000343322754,12.890000343322754,37431,0.0,0.0,0.0
2025-05-28 05:15:00+00:00,12.899999618530273,12.899999618530273,12.890000343322754,12.899999618530273,106461,0.0,0.0,0.0
2025-05-28 05:20:00+00:00,12.899999618530273,12.90999984741211,12.899999618530273,12.90999984741211,23563,0.0,0.0,0.0
2025-05-29 01:00:00+00:00,13.050000190734863,13.069999694824219,13.010000228881836,13.039999961853027,0,0.0,0.0,0.0
2025-05-29 01:05:00+00:00,13.010000228881836,13.010000228881836,12.970000267028809,12.970000267028809,174999,0.0,0.0,0.0
2025-05-29 01:10:00+00:00,12.989999771118164,12.989999771118164,12.949999809265137,12.960000038146973,85207,0.0,0.0,0.0
2025-05-29 01:15:00+00:00,12.960000038146973,12.960000038146973,12.960000038146973,12.960000038146973,119832,0.0,0.0,0.0
2025-05-29 01:20:00+00:00,12.949999809265137,12.960000038146973,12.949999809265137,12.960000038146973,54011,0.0,0.0,0.0
2025-05-29 01:25:00+00:00,12.960000038146973,12.970000267028809,12.960000038146973,12.970000267028809,2570,0.0,0.0,0.0
2025-05-29 01:30:00+00:00,12.970000267028809,12.970000267028809,12.960000038146973,12.970000267028809,66936,0.0,0.0,0.0
2025-05-29 01:35:00+00:00,12.979999542236328,12.989999771118164,12.979999542236328,12.989999771118164,32674,0.0,0.0,0.0
2025-05-29 01:40:00+00:00,13.0,13.010000228881836,13.0,13.010000228881836,29810,0.0,0.0,0.0
2025-05-29 01:45:00+00:00,13.010000228881836,13.010000228881836,13.0,13.0,36145,0.0,0.0,0.0
2025-05-29 01:50:00+00:00,12.989999771118164,13.0,12.989999771118164,12.989999771118164,14537,0.0,0.0,0.0
2025-05-29 01:55:00+00:00,12.970000267028809,12.989999771118164,12.970000267028809,12.989999771118164,5430,0.0,0.0,0.0
2025-05-29 02:00:00+00:00,12.989999771118164,13.0,12.989999771118164,12.989999771118164,8417,0.0,0.0,0.0
2025-05-29 02:05:00+00:00,12.979999542236328,12.979999542236328,12.979999542236328,12.979999542236328,29534,0.0,0.0,0.0
2025-05-29 02:15:00+00:00,12.979999542236328,12.979999542236328,12.970000267028809,12.970000267028809,15516,0.0,0.0,0.0
2025-05-29 02:20:00+00:00,12.970000267028809,12.970000267028809,12.970000267028809,12.970000267028809,4034,0.0,0.0,0.0
2025-05-29 02:25:00+00:00,12.960000038146973,12.960000038146973,12.949999809265137,12.960000038146973,22458,0.0,0.0,0.0
2025-05-29 02:30:00+00:00,12.960000038146973,12.970000267028809,12.949999809265137,12.949999809265137,64364,0.0,0.0,0.0
2025-05-29 02:35:00+00:00,12.949999809265137,12.949999809265137,12.949999809265137,12.949999809265137,2045,0.0,0.0,0.0
2025-05-29 02:40:00+00:00,12.970000267028809,12.970000267028809,12.960000038146973,12.970000267028809,7345,0.0,0.0,0.0
2025-05-29 02:45:00+00:00,12.970000267028809,12.970000267028809,12.960000038146973,12.960000038146973,12091,0.0,0.0,0.0
2025-05-29 02:50:00+00:00,12.960000038146973,12.960000038146973,12.960000038146973,12.960000038146973,10045,0.0,0.0,0.0
2025-05-29 02:55:00+00:00,12.960000038146973,12.970000267028809,12.949999809265137,12.949999809265137,17061,0.0,0.0,0.0
2025-05-29 03:00:00+00:00,12.970000267028809,12.970000267028809,12.960000038146973,12.970000267028809,31063,0.0,0.0,0.0
2025-05-29 03:05:00+00:00,12.960000038146973,12.970000267028809,12.949999809265137,12.949999809265137,18057,0.0,0.0,0.0
2025-05-29 03:10:00+00:00,12.949999809265137,12.970000267028809,12.949999809265137,12.970000267028809,75034,0.0,0.0,0.0
2025-05-29 03:15:00+00:00,12.979999542236328,12.979999542236328,12.979999542236328,12.979999542236328,1140,0.0,0.0,0.0
2025-05-29 03:20:00+00:00,12.979999542236328,12.979999542236328,12.970000267028809,12.970000267028809,19166,0.0,0.0,0.0
2025-05-29 03:25:00+00:00,12.979999542236328,12.979999542236328,12.979999542236328,12.979999542236328,42051,0.0,0.0,0.0
2025-05-29 03:30:00+00:00,12.989999771118164,12.989999771118164,12.989999771118164,12.989999771118164,10254,0.0,0.0,0.0
2025-05-29 03:35:00+00:00,12.989999771118164,13.0,12.989999771118164,12.989999771118164,12118,0.0,0.0,0.0
2025-05-29 03:40:00+00:00,12.979999542236328,12.979999542236328,12.979999542236328,12.979999542236328,2235,0.0,0.0,0.0
2025-05-29 03:45:00+00:00,12.979999542236328,12.979999542236328,12.979999542236328,12.979999542236328,2146,0.0,0.0,0.0
2025-05-29 03:50:00+00:00,12.970000267028809,12.979999542236328,12.970000267028809,12.970000267028809,6022,0.0,0.0,0.0
2025-05-29 03:55:00+00:00,12.979999542236328,12.979999542236328,12.979999542236328,12.979999542236328,2129,0.0,0.0,0.0
2025-05-29 04:00:00+00:00,12.970000267028809,12.979999542236328,12.970000267028809,12.979999542236328,19623,0.0,0.0,0.0
2025-05-29 04:05:00+00:00,12.979999542236328,12.979999542236328,12.979999542236328,12.979999542236328,2001,0.0,0.0,0.0
2025-05-29 04:10:00+00:00,12.979999542236328,12.979999542236328,12.970000267028809,12.970000267028809,2900,0.0,0.0,0.0
2025-05-29 04:15:00+00:00,12.960000038146973,12.960000038146973,12.949999809265137,12.949999809265137,10006,0.0,0.0,0.0
2025-05-29 04:20:00+00:00,12.960000038146973,12.960000038146973,12.949999809265137,12.949999809265137,25946,0.0,0.0,0.0
2025-05-29 04:25:00+00:00,12.9399995803833,12.949999809265137,12.930000305175781,12.949999809265137,51916,0.0,0.0,0.0
2025-05-29 04:30:00+00:00,12.960000038146973,12.960000038146973,12.960000038146973,12.960000038146973,3230,0.0,0.0,0.0
2025-05-29 04:35:00+00:00,12.960000038146973,12.960000038146973,12.960000038146973,12.960000038146973,1000,0.0,0.0,0.0
2025-05-29 04:40:00+00:00,12.949999809265137,12.960000038146973,12.949999809265137,12.949999809265137,16108,0.0,0.0,0.0
2025-05-29 04:45:00+00:00,12.949999809265137,12.960000038146973,12.949999809265137,12.949999809265137,17250,0.0,0.0,0.0
2025-05-29 04:50:00+00:00,12.949999809265137,12.960000038146973,12.949999809265137,12.960000038146973,60000,0.0,0.0,0.0
2025-05-29 04:55:00+00:00,12.960000038146973,12.960000038146973,12.960000038146973,12.960000038146973,14212,0.0,0.0,0.0
2025-05-29 05:00:00+00:00,12.970000267028809,12.970000267028809,12.949999809265137,12.960000038146973,45100,0.0,0.0,0.0
2025-05-29 05:05:00+00:00,12.960000038146973,12.960000038146973,12.9399995803833,12.949999809265137,130273,0.0,0.0,0.0
2025-05-29 05:10:00+00:00,12.949999809265137,12.949999809265137,12.9399995803833,12.949999809265137,8343,0.0,0.0,0.0
2025-05-29 05:15:00+00:00,12.960000038146973,12.960000038146973,12.949999809265137,12.949999809265137,5122,0.0,0.0,0.0
2025-05-29 05:20:00+00:00,12.949999809265137,12.970000267028809,12.949999809265137,12.970000267028809,94076,0.0,0.0,0.0
2025-06-02 01:00:00+00:00,12.880000114440918,12.890000343322754,12.779999732971191,12.779999732971191,0,0.0,0.0,0.0
2025-06-02 01:05:00+00:00,12.800000190734863,12.819999694824219,12.779999732971191,12.819999694824219,104821,0.0,0.0,0.0
2025-06-02 01:10:00+00:00,12.829999923706055,12.84000015258789,12.819999694824219,12.829999923706055,22857,0.0,0.0,0.0
2025-06-02 01:15:00+00:00,12.829999923706055,12.829999923706055,12.8100004196167,12.8100004196167,82835,0.0,0.0,0.0
2025-06-02 01:20:00+00:00,12.800000190734863,12.800000190734863,12.789999961853027,12.789999961853027,69303,0.0,0.0,0.0
2025-06-02 01:25:00+00:00,12.779999732971191,12.779999732971191,12.770000457763672,12.770000457763672,110525,0.0,0.0,0.0
2025-06-02 01:30:00+00:00,12.770000457763672,12.770000457763672,12.75,12.760000228881836,49159,0.0,0.0,0.0
2025-06-02 01:35:00+00:00,12.760000228881836,12.760000228881836,12.75,12.760000228881836,68106,0.0,0.0,0.0
2025-06-02 01:40:00+00:00,12.75,12.760000228881836,12.739999771118164,12.75,21631,0.0,0.0,0.0
2025-06-02 01:45:00+00:00,12.739999771118164,12.75,12.729999542236328,12.739999771118164,85547,0.0,0.0,0.0
2025-06-02 01:50:00+00:00,12.75,12.75,12.729999542236328,12.729999542236328,224428,0.0,0.0,0.0
2025-06-02 01:55:00+00:00,12.729999542236328,12.729999542236328,12.720000267028809,12.729999542236328,59072,0.0,0.0,0.0
2025-06-02 02:00:00+00:00,12.729999542236328,12.739999771118164,12.729999542236328,12.739999771118164,6353,0.0,0.0,0.0
2025-06-02 02:05:00+00:00,12.75,12.75,12.75,12.75,8620,0.0,0.0,0.0
2025-06-02 02:10:00+00:00,12.739999771118164,12.760000228881836,12.739999771118164,12.760000228881836,93249,0.0,0.0,0.0
2025-06-02 02:15:00+00:00,12.760000228881836,12.770000457763672,12.760000228881836,12.760000228881836,18527,0.0,0.0,0.0
2025-06-02 02:20:00+00:00,12.770000457763672,12.770000457763672,12.770000457763672,12.770000457763672,2118,0.0,0.0,0.0
2025-06-02 02:25:00+00:00,12.770000457763672,12.770000457763672,12.75,12.760000228881836,68302,0.0,0.0,0.0
2025-06-02 02:30:00+00:00,12.760000228881836,12.760000228881836,12.75,12.75,77579,0.0,0.0,0.0
2025-06-02 02:35:00+00:00,12.739999771118164,12.739999771118164,12.739999771118164,12.739999771118164,21432,0.0,0.0,0.0
2025-06-02 02:40:00+00:00,12.739999771118164,12.739999771118164,12.729999542236328,12.729999542236328,58526,0.0,0.0,0.0
2025-06-02 02:45:00+00:00,12.729999542236328,12.729999542236328,12.729999542236328,12.729999542236328,4419,0.0,0.0,0.0
2025-06-02 02:50:00+00:00,12.720000267028809,12.729999542236328,12.710000038146973,12.710000038146973,145755,0.0,0.0,0.0
2025-06-02 02:55:00+00:00,12.710000038146973,12.720000267028809,12.710000038146973,12.710000038146973,22610,0.0,0.0,0.0
2025-06-02 03:00:00+00:00,12.710000038146973,12.710000038146973,12.699999809265137,12.710000038146973,13982,0.0,0.0,0.0
2025-06-02 03:05:00+00:00,12.710000038146973,12.710000038146973,12.699999809265137,12.699999809265137,105563,0.0,0.0,0.0
2025-06-02 03:10:00+00:00,12.699999809265137,12.699999809265137,12.699999809265137,12.699999809265137,17383,0.0,0.0,0.0
2025-06-02 03:15:00+00:00,12.699999809265137,12.710000038146973,12.699999809265137,12.710000038146973,16580,0.0,0.0,0.0
2025-06-02 03:20:00+00:00,12.710000038146973,12.710000038146973,12.699999809265137,12.710000038146973,29178,0.0,0.0,0.0
2025-06-02 03:25:00+00:00,12.699999809265137,12.699999809265137,12.680000305175781,12.6899995803833,61805,0.0,0.0,0.0
2025-06-02 03:30:00+00:00,12.6899995803833,12.6899995803833,12.680000305175781,12.680000305175781,2642,0.0,0.0,0.0
2025-06-02 03:35:00+00:00,12.680000305175781,12.6899995803833,12.680000305175781,12.6899995803833,53605,0.0,0.0,0.0
2025-06-02 03:40:00+00:00,12.6899995803833,12.6899995803833,12.6899995803833,12.6899995803833,14226,0.0,0.0,0.0
2025-06-02 03:45:00+00:00,12.6899995803833,12.6899995803833,12.680000305175781,12.6899995803833,9139,0.0,0.0,0.0
2025-06-02 03:50:00+00:00,12.6899995803833,12.6899995803833,12.6899995803833,12.6899995803833,13586,0.0,0.0,0.0
2025-06-02 03:55:00+00:00,12.6899995803833,12.6899995803833,12.6899995803833,12.6899995803833,7052,0.0,0.0,0.0
2025-06-02 04:00:00+00:00,12.6899995803833,12.699999809265137,12.6899995803833,12.6899995803833,44613,0.0,0.0,0.0
2025-06-02 04:05:00+00:00,12.6899995803833,12.6899995803833,12.6899995803833,12.6899995803833,24377,0.0,0.0,0.0
2025-06-02 04:10:00+00:00,12.6899995803833,12.699999809265137,12.6899995803833,12.699999809265137,6047,0.0,0.0,0.0
2025-06-02 04:15:00+00:00,12.699999809265137,12.699999809265137,12.699999809265137,12.699999809265137,7077,0.0,0.0,0.0
2025-06-02 04:20:00+00:00,12.699999809265137,12.699999809265137,12.699999809265137,12.699999809265137,13491,0.0,0.0,0.0
2025-06-02 04:25:00+00:00,12.699999809265137,12.699999809265137,12.6899995803833,12.699999809265137,15736,0.0,0.0,0.0
2025-06-02 04:30:00+00:00,12.699999809265137,12.699999809265137,12.6899995803833,12.6899995803833,47586,0.0,0.0,0.0
2025-06-02 04:35:00+00:00,12.6899995803833,12.6899995803833,12.6899995803833,12.6899995803833,6729,0.0,0.0,0.0
2025-06-02 04:40:00+00:00,12.699999809265137,12.699999809265137,12.6899995803833,12.699999809265137,14780,0.0,0.0,0.0
2025-06-02 04:45:00+00:00,12.699999809265137,12.699999809265137,12.6899995803833,12.6899995803833,27823,0.0,0.0,0.0
2025-06-02 04:50:00+00:00,12.699999809265137,12.699999809265137,12.6899995803833,12.699999809265137,8026,0.0,0.0,0.0
2025-06-02 04:55:00+00:00,12.699999809265137,12.699999809265137,12.6899995803833,12.6899995803833,13317,0.0,0.0,0.0
2025-06-02 05:00:00+00:00,12.6899995803833,12.720000267028809,12.6899995803833,12.720000267028809,130152,0.0,0.0,0.0
2025-06-02 05:05:00+00:00,12.720000267028809,12.720000267028809,12.710000038146973,12.710000038146973,20569,0.0,0.0,0.0
2025-06-02 05:10:00+00:00,12.710000038146973,12.720000267028809,12.710000038146973,12.720000267028809,3261,0.0,0.0,0.0
2025-06-02 05:15:00+00:00,12.720000267028809,12.720000267028809,12.699999809265137,12.699999809265137,25074,0.0,0.0,0.0
2025-06-02 05:20:00+00:00,12.699999809265137,12.699999809265137,12.6899995803833,12.699999809265137,50420,0.0,0.0,0.0
2025-06-03 01:00:00+00:00,12.819999694824219,12.84000015258789,12.8100004196167,12.829999923706055,0,0.0,0.0,0.0
2025-06-03 01:05:00+00:00,12.84000015258789,12.859999656677246,12.84000015258789,12.859999656677246,55899,0.0,0.0,0.0
2025-06-03 01:10:00+00:00,12.859999656677246,12.859999656677246,12.850000381469727,12.859999656677246,93201,0.0,0.0,0.0
2025-06-03 01:15:00+00:00,12.869999885559082,12.869999885559082,12.859999656677246,12.859999656677246,32862,0.0,0.0,0.0
2025-06-03 01:20:00+00:00,12.859999656677246,12.869999885559082,12.859999656677246,12.869999885559082,66141,0.0,0.0,0.0
2025-06-03 01:25:00+00:00,12.869999885559082,12.880000114440918,12.859999656677246,12.880000114440918,74378,0.0,0.0,0.0
2025-06-03 01:30:00+00:00,12.880000114440918,12.880000114440918,12.880000114440918,12.880000114440918,73288,0.0,0.0,0.0
2025-06-03 01:35:00+00:00,12.890000343322754,12.899999618530273,12.890000343322754,12.890000343322754,21563,0.0,0.0,0.0
2025-06-03 01:40:00+00:00,12.899999618530273,12.899999618530273,12.899999618530273,12.899999618530273,34842,0.0,0.0,0.0
2025-06-03 01:45:00+00:00,12.90999984741211,12.90999984741211,12.899999618530273,12.90999984741211,14270,0.0,0.0,0.0
2025-06-03 01:50:00+00:00,12.90999984741211,12.90999984741211,12.890000343322754,12.899999618530273,51141,0.0,0.0,0.0
2025-06-03 01:55:00+00:00,12.899999618530273,12.899999618530273,12.899999618530273,12.899999618530273,2008,0.0,0.0,0.0
2025-06-03 02:00:00+00:00,12.899999618530273,12.899999618530273,12.880000114440918,12.880000114440918,23817,0.0,0.0,0.0
2025-06-03 02:05:00+00:00,12.880000114440918,12.880000114440918,12.84000015258789,12.84000015258789,107237,0.0,0.0,0.0
2025-06-03 02:10:00+00:00,12.84000015258789,12.84000015258789,12.819999694824219,12.819999694824219,15707,0.0,0.0,0.0
2025-06-03 02:15:00+00:00,12.819999694824219,12.819999694824219,12.800000190734863,12.8100004196167,15740,0.0,0.0,0.0
2025-06-03 02:20:00+00:00,12.819999694824219,12.819999694824219,12.819999694824219,12.819999694824219,1865,0.0,0.0,0.0
2025-06-03 02:25:00+00:00,12.819999694824219,12.819999694824219,12.8100004196167,12.8100004196167,4289,0.0,0.0,0.0
2025-06-03 02:30:00+00:00,12.819999694824219,12.819999694824219,12.800000190734863,12.8100004196167,16166,0.0,0.0,0.0
2025-06-03 02:35:00+00:00,12.8100004196167,12.8100004196167,12.800000190734863,12.800000190734863,20376,0.0,0.0,0.0
2025-06-03 02:40:00+00:00,12.800000190734863,12.800000190734863,12.779999732971191,12.779999732971191,18505,0.0,0.0,0.0
2025-06-03 02:45:00+00:00,12.800000190734863,12.800000190734863,12.789999961853027,12.789999961853027,10142,0.0,0.0,0.0
2025-06-03 02:50:00+00:00,12.789999961853027,12.789999961853027,12.789999961853027,12.789999961853027,26051,0.0,0.0,0.0
2025-06-03 02:55:00+00:00,12.8100004196167,12.8100004196167,12.8100004196167,12.8100004196167,1018,0.0,0.0,0.0
2025-06-03 03:00:00+00:00,12.8100004196167,12.8100004196167,12.800000190734863,12.800000190734863,24196,0.0,0.0,0.0
2025-06-03 03:05:00+00:00,12.8100004196167,12.8100004196167,12.8100004196167,12.8100004196167,1452,0.0,0.0,0.0
2025-06-03 03:15:00+00:00,12.8100004196167,12.8100004196167,12.8100004196167,12.8100004196167,5237,0.0,0.0,0.0
2025-06-03 03:20:00+00:00,12.8100004196167,12.8100004196167,12.8100004196167,12.8100004196167,48343,0.0,0.0,0.0
2025-06-03 03:25:00+00:00,12.8100004196167,12.8100004196167,12.8100004196167,12.8100004196167,3008,0.0,0.0,0.0
2025-06-03 03:30:00+00:00,12.8100004196167,12.8100004196167,12.8100004196167,12.8100004196167,3904,0.0,0.0,0.0
2025-06-03 03:40:00+00:00,12.8100004196167,12.819999694824219,12.8100004196167,12.819999694824219,34140,0.0,0.0,0.0
2025-06-03 03:45:00+00:00,12.819999694824219,12.819999694824219,12.8100004196167,12.8100004196167,51025,0.0,0.0,0.0
2025-06-03 03:50:00+00:00,12.800000190734863,12.800000190734863,12.800000190734863,12.800000190734863,4037,0.0,0.0,0.0
2025-06-03 03:55:00+00:00,12.8100004196167,12.8100004196167,12.8100004196167,12.8100004196167,3253,0.0,0.0,0.0
2025-06-03 04:00:00+00:00,12.800000190734863,12.800000190734863,12.800000190734863,12.800000190734863,130249,0.0,0.0,0.0
2025-06-03 04:05:00+00:00,12.8100004196167,12.8100004196167,12.8100004196167,12.8100004196167,1484,0.0,0.0,0.0
2025-06-03 04:10:00+00:00,12.8100004196167,12.8100004196167,12.8100004196167,12.8100004196167,1478,0.0,0.0,0.0
2025-06-03 04:15:00+00:00,12.800000190734863,12.800000190734863,12.800000190734863,12.800000190734863,1003,0.0,0.0,0.0
2025-06-03 04:20:00+00:00,12.800000190734863,12.800000190734863,12.789999961853027,12.789999961853027,6414,0.0,0.0,0.0
2025-06-03 04:25:00+00:00,12.789999961853027,12.789999961853027,12.789999961853027,12.789999961853027,5006,0.0,0.0,0.0
2025-06-03 04:30:00+00:00,12.800000190734863,12.800000190734863,12.800000190734863,12.800000190734863,8325,0.0,0.0,0.0
2025-06-03 04:35:00+00:00,12.800000190734863,12.800000190734863,12.800000190734863,12.800000190734863,1100,0.0,0.0,0.0
2025-06-03 04:40:00+00:00,12.800000190734863,12.800000190734863,12.800000190734863,12.800000190734863,1110,0.0,0.0,0.0
2025-06-03 04:45:00+00:00,12.789999961853027,12.789999961853027,12.789999961853027,12.789999961853027,5004,0.0,0.0,0.0
2025-06-03 04:50:00+00:00,12.789999961853027,12.789999961853027,12.789999961853027,12.789999961853027,3068,0.0,0.0,0.0
2025-06-03 04:55:00+00:00,12.779999732971191,12.779999732971191,12.779999732971191,12.779999732971191,5182,0.0,0.0,0.0
2025-06-03 05:00:00+00:00,12.789999961853027,12.789999961853027,12.789999961853027,12.789999961853027,12010,0.0,0.0,0.0
2025-06-03 05:05:00+00:00,12.789999961853027,12.789999961853027,12.789999961853027,12.789999961853027,12656,0.0,0.0,0.0
2025-06-03 05:10:00+00:00,12.789999961853027,12.789999961853027,12.789999961853027,12.789999961853027,4126,0.0,0.0,0.0
2025-06-03 05:15:00+00:00,12.800000190734863,12.800000190734863,12.779999732971191,12.779999732971191,12150,0.0,0.0,0.0
2025-06-03 05:20:00+00:00,12.789999961853027,12.800000190734863,12.779999732971191,12.779999732971191,16882,0.0,0.0,0.0
2025-06-04 01:00:00+00:00,12.899999618530273,12.970000267028809,12.899999618530273,12.960000038146973,0,0.0,0.0,0.0
2025-06-04 01:05:00+00:00,12.960000038146973,12.979999542236328,12.960000038146973,12.979999542236328,79000,0.0,0.0,0.0
2025-06-04 01:10:00+00:00,12.989999771118164,12.989999771118164,12.970000267028809,12.979999542236328,127960,0.0,0.0,0.0
2025-06-04 01:15:00+00:00,12.989999771118164,13.0,12.979999542236328,12.989999771118164,154311,0.0,0.0,0.0
2025-06-04 01:20:00+00:00,12.989999771118164,13.010000228881836,12.989999771118164,13.010000228881836,242452,0.0,0.0,0.0
2025-06-04 01:25:00+00:00,13.020000457763672,13.020000457763672,13.020000457763672,13.020000457763672,57734,0.0,0.0,0.0
2025-06-04 01:30:00+00:00,13.029999732971191,13.029999732971191,13.020000457763672,13.020000457763672,43822,0.0,0.0,0.0
2025-06-04 01:35:00+00:00,13.020000457763672,13.029999732971191,13.010000228881836,13.010000228881836,100951,0.0,0.0,0.0
2025-06-04 01:40:00+00:00,13.020000457763672,13.020000457763672,13.010000228881836,13.020000457763672,69468,0.0,0.0,0.0
2025-06-04 01:45:00+00:00,13.020000457763672,13.029999732971191,13.020000457763672,13.020000457763672,48707,0.0,0.0,0.0
2025-06-04 01:50:00+00:00,13.020000457763672,13.029999732971191,13.020000457763672,13.029999732971191,118554,0.0,0.0,0.0
2025-06-04 01:55:00+00:00,13.020000457763672,13.020000457763672,13.010000228881836,13.020000457763672,29823,0.0,0.0,0.0
2025-06-04 02:00:00+00:00,13.010000228881836,13.020000457763672,13.010000228881836,13.010000228881836,26331,0.0,0.0,0.0
2025-06-04 02:05:00+00:00,13.010000228881836,13.010000228881836,13.010000228881836,13.010000228881836,21159,0.0,0.0,0.0
2025-06-04 02:10:00+00:00,13.020000457763672,13.029999732971191,13.020000457763672,13.029999732971191,201479,0.0,0.0,0.0
2025-06-04 02:15:00+00:00,13.020000457763672,13.020000457763672,13.010000228881836,13.010000228881836,5038,0.0,0.0,0.0
2025-06-04 02:20:00+00:00,13.010000228881836,13.020000457763672,13.010000228881836,13.020000457763672,31494,0.0,0.0,0.0
2025-06-04 02:25:00+00:00,13.020000457763672,13.029999732971191,13.020000457763672,13.020000457763672,40368,0.0,0.0,0.0
2025-06-04 02:30:00+00:00,13.029999732971191,13.039999961853027,13.029999732971191,13.029999732971191,255885,0.0,0.0,0.0
2025-06-04 02:35:00+00:00,13.029999732971191,13.029999732971191,13.029999732971191,13.029999732971191,54028,0.0,0.0,0.0
2025-06-04 02:40:00+00:00,13.020000457763672,13.029999732971191,13.020000457763672,13.029999732971191,103042,0.0,0.0,0.0
2025-06-04 02:45:00+00:00,13.029999732971191,13.029999732971191,13.029999732971191,13.029999732971191,12278,0.0,0.0,0.0
2025-06-04 02:50:00+00:00,13.029999732971191,13.029999732971191,13.020000457763672,13.029999732971191,230638,0.0,0.0,0.0
2025-06-04 02:55:00+00:00,13.020000457763672,13.020000457763672,13.020000457763672,13.020000457763672,6186,0.0,0.0,0.0
2025-06-04 03:00:00+00:00,13.020000457763672,13.020000457763672,13.020000457763672,13.020000457763672,8143,0.0,0.0,0.0
2025-06-04 03:05:00+00:00,13.029999732971191,13.029999732971191,13.020000457763672,13.020000457763672,50039,0.0,0.0,0.0
2025-06-04 03:10:00+00:00,13.029999732971191,13.029999732971191,13.020000457763672,13.020000457763672,25467,0.0,0.0,0.0
2025-06-04 03:15:00+00:00,13.020000457763672,13.029999732971191,13.020000457763672,13.029999732971191,26047,0.0,0.0,0.0
2025-06-04 03:20:00+00:00,13.029999732971191,13.029999732971191,13.020000457763672,13.020000457763672,220073,0.0,0.0,0.0
2025-06-04 03:25:00+00:00,13.029999732971191,13.029999732971191,13.029999732971191,13.029999732971191,3013,0.0,0.0,0.0
2025-06-04 03:30:00+00:00,13.029999732971191,13.029999732971191,13.029999732971191,13.029999732971191,6249,0.0,0.0,0.0
2025-06-04 03:35:00+00:00,13.020000457763672,13.020000457763672,13.010000228881836,13.010000228881836,375186,0.0,0.0,0.0
2025-06-04 03:40:00+00:00,13.020000457763672,13.020000457763672,13.010000228881836,13.010000228881836,28364,0.0,0.0,0.0
2025-06-04 03:45:00+00:00,13.010000228881836,13.010000228881836,13.010000228881836,13.010000228881836,220112,0.0,0.0,0.0
2025-06-04 03:50:00+00:00,13.010000228881836,13.010000228881836,13.0,13.0,51050,0.0,0.0,0.0
2025-06-04 03:55:00+00:00,13.0,13.0,13.0,13.0,21074,0.0,0.0,0.0
2025-06-04 04:00:00+00:00,13.0,13.0,13.0,13.0,9030,0.0,0.0,0.0
2025-06-04 04:05:00+00:00,13.0,13.0,12.989999771118164,12.989999771118164,28044,0.0,0.0,0.0
2025-06-04 04:10:00+00:00,12.989999771118164,13.0,12.989999771118164,13.0,44226,0.0,0.0,0.0
2025-06-04 04:15:00+00:00,13.0,13.010000228881836,13.0,13.010000228881836,13492,0.0,0.0,0.0
2025-06-04 04:20:00+00:00,13.010000228881836,13.020000457763672,13.010000228881836,13.020000457763672,106060,0.0,0.0,0.0
2025-06-04 04:25:00+00:00,13.020000457763672,13.020000457763672,13.010000228881836,13.010000228881836,17028,0.0,0.0,0.0
2025-06-04 04:30:00+00:00,13.020000457763672,13.020000457763672,13.010000228881836,13.010000228881836,23237,0.0,0.0,0.0
2025-06-04 04:35:00+00:00,13.010000228881836,13.020000457763672,13.010000228881836,13.010000228881836,213340,0.0,0.0,0.0
2025-06-04 04:40:00+00:00,13.010000228881836,13.010000228881836,13.010000228881836,13.010000228881836,25610,0.0,0.0,0.0
2025-06-04 04:45:00+00:00,13.010000228881836,13.010000228881836,13.010000228881836,13.010000228881836,55411,0.0,0.0,0.0
2025-06-04 04:50:00+00:00,13.010000228881836,13.010000228881836,13.010000228881836,13.010000228881836,38030,0.0,0.0,0.0
2025-06-04 04:55:00+00:00,13.010000228881836,13.010000228881836,13.0,13.0,20125,0.0,0.0,0.0
2025-06-04 05:00:00+00:00,13.010000228881836,13.010000228881836,13.010000228881836,13.010000228881836,14470,0.0,0.0,0.0
2025-06-04 05:05:00+00:00,13.010000228881836,13.010000228881836,13.010000228881836,13.010000228881836,27125,0.0,0.0,0.0
2025-06-04 05:10:00+00:00,13.010000228881836,13.010000228881836,13.0,13.0,34333,0.0,0.0,0.0
2025-06-04 05:15:00+00:00,13.020000457763672,13.020000457763672,13.010000228881836,13.020000457763672,26365,0.0,0.0,0.0
2025-06-04 05:20:00+00:00,13.020000457763672,13.020000457763672,13.010000228881836,13.010000228881836,5425,0.0,0.0,0.0
2025-06-05 01:00:00+00:00,13.039999961853027,13.069999694824219,13.039999961853027,13.069999694824219,0,0.0,0.0,0.0
2025-06-05 01:05:00+00:00,13.0600004196167,13.069999694824219,13.0600004196167,13.069999694824219,79807,0.0,0.0,0.0
2025-06-05 01:10:00+00:00,13.069999694824219,13.069999694824219,13.0600004196167,13.069999694824219,41062,0.0,0.0,0.0
2025-06-05 01:15:00+00:00,13.069999694824219,13.079999923706055,13.069999694824219,13.069999694824219,121831,0.0,0.0,0.0
2025-06-05 01:20:00+00:00,13.069999694824219,13.069999694824219,13.069999694824219,13.069999694824219,12072,0.0,0.0,0.0
2025-06-05 01:25:00+00:00,13.0600004196167,13.069999694824219,13.0600004196167,13.0600004196167,78121,0.0,0.0,0.0
2025-06-05 01:30:00+00:00,13.069999694824219,13.069999694824219,13.050000190734863,13.0600004196167,35337,0.0,0.0,0.0
2025-06-05 01:35:00+00:00,13.0600004196167,13.069999694824219,13.0600004196167,13.069999694824219,109816,0.0,0.0,0.0
2025-06-05 01:40:00+00:00,13.069999694824219,13.069999694824219,13.069999694824219,13.069999694824219,13342,0.0,0.0,0.0
2025-06-05 01:45:00+00:00,13.079999923706055,13.09000015258789,13.079999923706055,13.079999923706055,193572,0.0,0.0,0.0
2025-06-05 01:50:00+00:00,13.079999923706055,13.079999923706055,13.079999923706055,13.079999923706055,19042,0.0,0.0,0.0
2025-06-05 01:55:00+00:00,13.079999923706055,13.079999923706055,13.069999694824219,13.069999694824219,83231,0.0,0.0,0.0
2025-06-05 02:00:00+00:00,13.069999694824219,13.079999923706055,13.0600004196167,13.079999923706055,50045,0.0,0.0,0.0
2025-06-05 02:05:00+00:00,13.079999923706055,13.079999923706055,13.039999961853027,13.039999961853027,29682,0.0,0.0,0.0
2025-06-05 02:10:00+00:00,13.050000190734863,13.050000190734863,13.029999732971191,13.039999961853027,34360,0.0,0.0,0.0
2025-06-05 02:15:00+00:00,13.039999961853027,13.039999961853027,13.020000457763672,13.020000457763672,13186,0.0,0.0,0.0
2025-06-05 02:20:00+00:00,13.029999732971191,13.039999961853027,13.020000457763672,13.020000457763672,29362,0.0,0.0,0.0
2025-06-05 02:25:00+00:00,13.010000228881836,13.020000457763672,13.0,13.010000228881836,57182,0.0,0.0,0.0
2025-06-05 02:30:00+00:00,13.010000228881836,13.010000228881836,13.0,13.010000228881836,24780,0.0,0.0,0.0
2025-06-05 02:35:00+00:00,13.010000228881836,13.020000457763672,13.010000228881836,13.010000228881836,17062,0.0,0.0,0.0
2025-06-05 02:40:00+00:00,13.0,13.010000228881836,13.0,13.0,51043,0.0,0.0,0.0
2025-06-05 02:45:00+00:00,12.989999771118164,12.989999771118164,12.989999771118164,12.989999771118164,2215,0.0,0.0,0.0
2025-06-05 02:50:00+00:00,13.0,13.0,12.989999771118164,13.0,5107,0.0,0.0,0.0
2025-06-05 02:55:00+00:00,12.989999771118164,13.0,12.989999771118164,13.0,30714,0.0,0.0,0.0
2025-06-05 03:00:00+00:00,13.0,13.0,12.989999771118164,12.989999771118164,3043,0.0,0.0,0.0
2025-06-05 03:05:00+00:00,13.0,13.0,13.0,13.0,9499,0.0,0.0,0.0
2025-06-05 03:10:00+00:00,12.989999771118164,13.0,12.989999771118164,13.0,61034,0.0,0.0,0.0
2025-06-05 03:15:00+00:00,13.010000228881836,13.010000228881836,13.0,13.010000228881836,4086,0.0,0.0,0.0
2025-06-05 03:20:00+00:00,13.010000228881836,13.020000457763672,13.010000228881836,13.020000457763672,4407,0.0,0.0,0.0
2025-06-05 03:25:00+00:00,13.010000228881836,13.020000457763672,13.010000228881836,13.020000457763672,2831,0.0,0.0,0.0
2025-06-05 03:30:00+00:00,13.020000457763672,13.020000457763672,13.010000228881836,13.010000228881836,26780,0.0,0.0,0.0
2025-06-05 03:35:00+00:00,13.020000457763672,13.020000457763672,13.010000228881836,13.010000228881836,5303,0.0,0.0,0.0
2025-06-05 03:40:00+00:00,13.010000228881836,13.020000457763672,13.010000228881836,13.010000228881836,6051,0.0,0.0,0.0
2025-06-05 03:45:00+00:00,13.020000457763672,13.020000457763672,13.020000457763672,13.020000457763672,16143,0.0,0.0,0.0
2025-06-05 03:50:00+00:00,13.010000228881836,13.029999732971191,13.010000228881836,13.029999732971191,3594,0.0,0.0,0.0
2025-06-05 03:55:00+00:00,13.010000228881836,13.010000228881836,13.010000228881836,13.010000228881836,1005,0.0,0.0,0.0
2025-06-05 04:00:00+00:00,13.010000228881836,13.020000457763672,13.010000228881836,13.010000228881836,16062,0.0,0.0,0.0
2025-06-05 04:05:00+00:00,13.0,13.010000228881836,13.0,13.010000228881836,13343,0.0,0.0,0.0
2025-06-05 04:10:00+00:00,13.010000228881836,13.010000228881836,13.0,13.010000228881836,4178,0.0,0.0,0.0
2025-06-05 04:15:00+00:00,13.010000228881836,13.010000228881836,13.0,13.0,4655,0.0,0.0,0.0
2025-06-05 04:20:00+00:00,13.010000228881836,13.010000228881836,13.0,13.010000228881836,15225,0.0,0.0,0.0
2025-06-05 04:25:00+00:00,13.0,13.0,12.989999771118164,12.989999771118164,18141,0.0,0.0,0.0
2025-06-05 04:30:00+00:00,13.0,13.0,12.989999771118164,13.0,19644,0.0,0.0,0.0
2025-06-05 04:35:00+00:00,13.0,13.0,13.0,13.0,3004,0.0,0.0,0.0
2025-06-05 04:40:00+00:00,13.0,13.010000228881836,13.0,13.0,6310,0.0,0.0,0.0
2025-06-05 04:45:00+00:00,13.0,13.0,13.0,13.0,23420,0.0,0.0,0.0
2025-06-05 04:50:00+00:00,13.0,13.010000228881836,13.0,13.0,16115,0.0,0.0,0.0
2025-06-05 04:55:00+00:00,13.0,13.0,13.0,13.0,2240,0.0,0.0,0.0
2025-06-05 05:00:00+00:00,12.989999771118164,12.989999771118164,12.989999771118164,12.989999771118164,41220,0.0,0.0,0.0
2025-06-05 05:05:00+00:00,12.989999771118164,12.989999771118164,12.979999542236328,12.979999542236328,54238,0.0,0.0,0.0
2025-06-05 05:10:00+00:00,12.979999542236328,12.989999771118164,12.979999542236328,12.989999771118164,154074,0.0,0.0,0.0
2025-06-05 05:15:00+00:00,12.989999771118164,13.0,12.989999771118164,13.0,19183,0.0,0.0,0.0
2025-06-05 05:20:00+00:00,13.0,13.0,12.989999771118164,13.0,12314,0.0,0.0,0.0
2025-06-06 01:00:00+00:00,13.0,13.0,12.960000038146973,12.970000267028809,0,0.0,0.0,0.0
2025-06-06 01:05:00+00:00,12.979999542236328,13.0,12.979999542236328,13.0,16843,0.0,0.0,0.0
2025-06-06 01:10:00+00:00,12.989999771118164,13.010000228881836,12.989999771118164,13.010000228881836,32389,0.0,0.0,0.0
2025-06-06 01:15:00+00:00,13.010000228881836,13.020000457763672,13.010000228881836,13.020000457763672,26632,0.0,0.0,0.0
2025-06-06 01:20:00+00:00,13.020000457763672,13.020000457763672,13.0,13.0,24733,0.0,0.0,0.0
2025-06-06 01:25:00+00:00,13.010000228881836,13.010000228881836,13.0,13.010000228881836,34387,0.0,0.0,0.0
2025-06-06 01:30:00+00:00,13.0,13.0,12.989999771118164,13.0,25650,0.0,0.0,0.0
2025-06-06 01:35:00+00:00,13.0,13.0,13.0,13.0,113108,0.0,0.0,0.0
2025-06-06 01:40:00+00:00,12.989999771118164,12.989999771118164,12.979999542236328,12.989999771118164,40958,0.0,0.0,0.0
2025-06-06 01:45:00+00:00,12.989999771118164,12.989999771118164,12.970000267028809,12.979999542236328,11260,0.0,0.0,0.0
2025-06-06 01:50:00+00:00,12.979999542236328,12.979999542236328,12.970000267028809,12.970000267028809,24468,0.0,0.0,0.0
2025-06-06 01:55:00+00:00,12.979999542236328,12.979999542236328,12.970000267028809,12.970000267028809,17410,0.0,0.0,0.0
2025-06-06 02:00:00+00:00,12.970000267028809,12.970000267028809,12.970000267028809,12.970000267028809,6174,0.0,0.0,0.0
2025-06-06 02:05:00+00:00,12.970000267028809,12.970000267028809,12.960000038146973,12.960000038146973,72886,0.0,0.0,0.0
2025-06-06 02:10:00+00:00,12.960000038146973,12.960000038146973,12.960000038146973,12.960000038146973,9913,0.0,0.0,0.0
2025-06-06 02:15:00+00:00,12.970000267028809,12.970000267028809,12.960000038146973,12.970000267028809,11274,0.0,0.0,0.0
2025-06-06 02:20:00+00:00,12.970000267028809,12.970000267028809,12.970000267028809,12.970000267028809,9127,0.0,0.0,0.0
2025-06-06 02:25:00+00:00,12.970000267028809,12.970000267028809,12.970000267028809,12.970000267028809,14140,0.0,0.0,0.0
2025-06-06 02:30:00+00:00,12.979999542236328,12.979999542236328,12.979999542236328,12.979999542236328,16169,0.0,0.0,0.0
2025-06-06 02:35:00+00:00,12.979999542236328,12.979999542236328,12.970000267028809,12.979999542236328,10343,0.0,0.0,0.0
2025-06-06 02:40:00+00:00,12.979999542236328,12.979999542236328,12.979999542236328,12.979999542236328,28189,0.0,0.0,0.0
2025-06-06 02:45:00+00:00,12.989999771118164,12.989999771118164,12.979999542236328,12.989999771118164,16683,0.0,0.0,0.0
2025-06-06 02:50:00+00:00,12.989999771118164,12.989999771118164,12.989999771118164,12.989999771118164,3019,0.0,0.0,0.0
2025-06-06 02:55:00+00:00,12.989999771118164,12.989999771118164,12.989999771118164,12.989999771118164,4538,0.0,0.0,0.0
2025-06-06 03:00:00+00:00,12.989999771118164,12.989999771118164,12.979999542236328,12.979999542236328,16538,0.0,0.0,0.0
2025-06-06 03:05:00+00:00,12.979999542236328,12.979999542236328,12.970000267028809,12.970000267028809,19161,0.0,0.0,0.0
2025-06-06 03:10:00+00:00,12.970000267028809,12.970000267028809,12.960000038146973,12.970000267028809,5048,0.0,0.0,0.0
2025-06-06 03:15:00+00:00,12.970000267028809,12.970000267028809,12.960000038146973,12.960000038146973,98045,0.0,0.0,0.0
2025-06-06 03:20:00+00:00,12.960000038146973,12.979999542236328,12.960000038146973,12.979999542236328,48957,0.0,0.0,0.0
2025-06-06 03:25:00+00:00,12.979999542236328,12.989999771118164,12.979999542236328,12.979999542236328,11280,0.0,0.0,0.0
2025-06-06 03:30:00+00:00,12.989999771118164,12.989999771118164,12.960000038146973,12.960000038146973,29111,0.0,0.0,0.0
2025-06-06 03:35:00+00:00,12.970000267028809,12.970000267028809,12.970000267028809,12.970000267028809,5010,0.0,0.0,0.0
2025-06-06 03:40:00+00:00,12.979999542236328,12.979999542236328,12.979999542236328,12.979999542236328,1226,0.0,0.0,0.0
2025-06-06 03:45:00+00:00,12.970000267028809,12.979999542236328,12.970000267028809,12.979999542236328,3868,0.0,0.0,0.0
2025-06-06 03:50:00+00:00,12.979999542236328,12.979999542236328,12.970000267028809,12.970000267028809,3005,0.0,0.0,0.0
2025-06-06 03:55:00+00:00,12.970000267028809,12.970000267028809,12.970000267028809,12.970000267028809,7043,0.0,0.0,0.0
2025-06-06 04:00:00+00:00,12.970000267028809,12.979999542236328,12.960000038146973,12.960000038146973,10355,0.0,0.0,0.0
2025-06-06 04:05:00+00:00,12.970000267028809,12.970000267028809,12.970000267028809,12.970000267028809,2741,0.0,0.0,0.0
2025-06-06 04:10:00+00:00,12.960000038146973,12.970000267028809,12.960000038146973,12.970000267028809,13069,0.0,0.0,0.0
2025-06-06 04:15:00+00:00,12.970000267028809,12.970000267028809,12.970000267028809,12.970000267028809,4755,0.0,0.0,0.0
2025-06-06 04:20:00+00:00,12.970000267028809,12.970000267028809,12.960000038146973,12.960000038146973,8459,0.0,0.0,0.0
2025-06-06 04:25:00+00:00,12.970000267028809,12.970000267028809,12.970000267028809,12.970000267028809,7568,0.0,0.0,0.0
2025-06-06 04:30:00+00:00,12.970000267028809,12.970000267028809,12.960000038146973,12.970000267028809,17520,0.0,0.0,0.0
2025-06-06 04:35:00+00:00,12.960000038146973,12.970000267028809,12.960000038146973,12.970000267028809,5537,0.0,0.0,0.0
2025-06-06 04:40:00+00:00,12.970000267028809,12.970000267028809,12.960000038146973,12.960000038146973,14620,0.0,0.0,0.0
2025-06-06 04:45:00+00:00,12.960000038146973,12.970000267028809,12.960000038146973,12.960000038146973,22744,0.0,0.0,0.0
2025-06-06 04:50:00+00:00,12.970000267028809,12.970000267028809,12.960000038146973,12.960000038146973,7437,0.0,0.0,0.0
2025-06-06 04:55:00+00:00,12.970000267028809,12.970000267028809,12.970000267028809,12.970000267028809,5110,0.0,0.0,0.0
2025-06-06 05:00:00+00:00,12.970000267028809,12.970000267028809,12.970000267028809,12.970000267028809,6167,0.0,0.0,0.0
2025-06-06 05:05:00+00:00,12.979999542236328,12.979999542236328,12.970000267028809,12.970000267028809,19183,0.0,0.0,0.0
2025-06-06 05:10:00+00:00,12.979999542236328,12.979999542236328,12.979999542236328,12.979999542236328,3569,0.0,0.0,0.0
2025-06-06 05:15:00+00:00,12.979999542236328,12.989999771118164,12.979999542236328,12.989999771118164,31212,0.0,0.0,0.0
2025-06-06 05:20:00+00:00,12.979999542236328,12.979999542236328,12.979999542236328,12.979999542236328,8252,0.0,0.0,0.0
2025-06-09 01:00:00+00:00,13.039999961853027,13.079999923706055,13.039999961853027,13.069999694824219,0,0.0,0.0,0.0
2025-06-09 01:05:00+00:00,13.069999694824219,13.069999694824219,13.0600004196167,13.069999694824219,33633,0.0,0.0,0.0
2025-06-09 01:10:00+00:00,13.069999694824219,13.069999694824219,13.0600004196167,13.069999694824219,115117,0.0,0.0,0.0
2025-06-09 01:15:00+00:00,13.069999694824219,13.069999694824219,13.050000190734863,13.069999694824219,136433,0.0,0.0,0.0
2025-06-09 01:20:00+00:00,13.069999694824219,13.069999694824219,13.0600004196167,13.0600004196167,40669,0.0,0.0,0.0
2025-06-09 01:25:00+00:00,13.0600004196167,13.069999694824219,13.039999961853027,13.039999961853027,43668,0.0,0.0,0.0
2025-06-09 01:30:00+00:00,13.050000190734863,13.050000190734863,13.029999732971191,13.039999961853027,23894,0.0,0.0,0.0
2025-06-09 01:35:00+00:00,13.020000457763672,13.029999732971191,13.010000228881836,13.010000228881836,187730,0.0,0.0,0.0
2025-06-09 01:40:00+00:00,13.029999732971191,13.029999732971191,13.029999732971191,13.029999732971191,5028,0.0,0.0,0.0
2025-06-09 01:45:00+00:00,13.029999732971191,13.029999732971191,13.020000457763672,13.020000457763672,7043,0.0,0.0,0.0
2025-06-09 01:50:00+00:00,13.029999732971191,13.029999732971191,13.010000228881836,13.010000228881836,15606,0.0,0.0,0.0
2025-06-09 01:55:00+00:00,13.010000228881836,13.020000457763672,13.010000228881836,13.020000457763672,25641,0.0,0.0,0.0
2025-06-09 02:00:00+00:00,13.029999732971191,13.029999732971191,13.010000228881836,13.010000228881836,4193,0.0,0.0,0.0
2025-06-09 02:05:00+00:00,13.020000457763672,13.029999732971191,13.020000457763672,13.029999732971191,24531,0.0,0.0,0.0
2025-06-09 02:10:00+00:00,13.020000457763672,13.020000457763672,13.020000457763672,13.020000457763672,12436,0.0,0.0,0.0
2025-06-09 02:15:00+00:00,13.020000457763672,13.020000457763672,13.020000457763672,13.020000457763672,9652,0.0,0.0,0.0
2025-06-09 02:20:00+00:00,13.020000457763672,13.020000457763672,13.020000457763672,13.020000457763672,1328,0.0,0.0,0.0
2025-06-09 02:25:00+00:00,13.010000228881836,13.010000228881836,13.010000228881836,13.010000228881836,5038,0.0,0.0,0.0
2025-06-09 02:30:00+00:00,13.020000457763672,13.020000457763672,13.010000228881836,13.010000228881836,37284,0.0,0.0,0.0
2025-06-09 02:35:00+00:00,13.020000457763672,13.029999732971191,13.020000457763672,13.029999732971191,134186,0.0,0.0,0.0
2025-06-09 02:40:00+00:00,13.039999961853027,13.039999961853027,13.039999961853027,13.039999961853027,10805,0.0,0.0,0.0
2025-06-09 02:45:00+00:00,13.039999961853027,13.039999961853027,13.029999732971191,13.039999961853027,176698,0.0,0.0,0.0
2025-06-09 02:50:00+00:00,13.039999961853027,13.039999961853027,13.039999961853027,13.039999961853027,1047,0.0,0.0,0.0
2025-06-09 02:55:00+00:00,13.029999732971191,13.039999961853027,13.029999732971191,13.039999961853027,23407,0.0,0.0,0.0
2025-06-09 03:00:00+00:00,13.050000190734863,13.050000190734863,13.029999732971191,13.050000190734863,167210,0.0,0.0,0.0
2025-06-09 03:05:00+00:00,13.0600004196167,13.0600004196167,13.050000190734863,13.050000190734863,9750,0.0,0.0,0.0
2025-06-09 03:10:00+00:00,13.050000190734863,13.050000190734863,13.029999732971191,13.050000190734863,60137,0.0,0.0,0.0
2025-06-09 03:15:00+00:00,13.0600004196167,13.0600004196167,13.050000190734863,13.050000190734863,0,0.0,0.0,0.0
2025-06-09 03:20:00+00:00,13.050000190734863,13.050000190734863,13.039999961853027,13.039999961853027,1499590,0.0,0.0,0.0
2025-06-09 03:25:00+00:00,13.029999732971191,13.029999732971191,13.029999732971191,13.029999732971191,10017,0.0,0.0,0.0
2025-06-09 03:30:00+00:00,13.039999961853027,13.039999961853027,13.039999961853027,13.039999961853027,4448,0.0,0.0,0.0
2025-06-09 03:35:00+00:00,13.020000457763672,13.039999961853027,13.020000457763672,13.039999961853027,16484,0.0,0.0,0.0
2025-06-09 03:40:00+00:00,13.039999961853027,13.039999961853027,13.039999961853027,13.039999961853027,1050,0.0,0.0,0.0
2025-06-09 03:45:00+00:00,13.039999961853027,13.039999961853027,13.020000457763672,13.039999961853027,34042,0.0,0.0,0.0
2025-06-09 03:50:00+00:00,13.029999732971191,13.039999961853027,13.029999732971191,13.029999732971191,69549,0.0,0.0,0.0
2025-06-09 03:55:00+00:00,13.029999732971191,13.039999961853027,13.029999732971191,13.039999961853027,26550,0.0,0.0,0.0
2025-06-09 04:00:00+00:00,13.039999961853027,13.050000190734863,13.039999961853027,13.050000190734863,63379,0.0,0.0,0.0
2025-06-09 04:05:00+00:00,13.050000190734863,13.050000190734863,13.050000190734863,13.050000190734863,11540,0.0,0.0,0.0
2025-06-09 04:10:00+00:00,13.050000190734863,13.050000190734863,13.050000190734863,13.050000190734863,1008,0.0,0.0,0.0
2025-06-09 04:15:00+00:00,13.050000190734863,13.050000190734863,13.039999961853027,13.039999961853027,9824,0.0,0.0,0.0
2025-06-09 04:20:00+00:00,13.039999961853027,13.039999961853027,13.039999961853027,13.039999961853027,8372,0.0,0.0,0.0
2025-06-09 04:25:00+00:00,13.039999961853027,13.039999961853027,13.039999961853027,13.039999961853027,2016,0.0,0.0,0.0
2025-06-09 04:30:00+00:00,13.039999961853027,13.039999961853027,13.029999732971191,13.029999732971191,31562,0.0,0.0,0.0
2025-06-09 04:35:00+00:00,13.039999961853027,13.039999961853027,13.039999961853027,13.039999961853027,63301,0.0,0.0,0.0
2025-06-09 04:40:00+00:00,13.039999961853027,13.039999961853027,13.039999961853027,13.039999961853027,10510,0.0,0.0,0.0
2025-06-09 04:45:00+00:00,13.039999961853027,13.050000190734863,13.029999732971191,13.050000190734863,23925,0.0,0.0,0.0
2025-06-09 04:50:00+00:00,13.050000190734863,13.050000190734863,13.039999961853027,13.039999961853027,27213,0.0,0.0,0.0
2025-06-09 04:55:00+00:00,13.029999732971191,13.039999961853027,13.029999732971191,13.029999732971191,12010,0.0,0.0,0.0
2025-06-09 05:00:00+00:00,13.039999961853027,13.039999961853027,13.039999961853027,13.039999961853027,3252,0.0,0.0,0.0
2025-06-09 05:05:00+00:00,13.039999961853027,13.039999961853027,13.039999961853027,13.039999961853027,18275,0.0,0.0,0.0
2025-06-09 05:10:00+00:00,13.029999732971191,13.039999961853027,13.029999732971191,13.039999961853027,4863,0.0,0.0,0.0
2025-06-09 05:15:00+00:00,13.039999961853027,13.039999961853027,13.029999732971191,13.029999732971191,29676,0.0,0.0,0.0
2025-06-09 05:20:00+00:00,13.029999732971191,13.039999961853027,13.029999732971191,13.029999732971191,25368,0.0,0.0,0.0
2025-06-10 01:00:00+00:00,13.109999656677246,13.140000343322754,13.109999656677246,13.130000114440918,0,0.0,0.0,0.0
2025-06-10 01:05:00+00:00,13.130000114440918,13.149999618530273,13.130000114440918,13.140000343322754,260000,0.0,0.0,0.0
2025-06-10 01:10:00+00:00,13.140000343322754,13.149999618530273,13.140000343322754,13.149999618530273,115485,0.0,0.0,0.0
2025-06-10 01:15:00+00:00,13.140000343322754,13.149999618530273,13.140000343322754,13.149999618530273,58203,0.0,0.0,0.0
2025-06-10 01:20:00+00:00,13.149999618530273,13.15999984741211,13.140000343322754,13.15999984741211,216655,0.0,0.0,0.0
2025-06-10 01:25:00+00:00,13.15999984741211,13.180000305175781,13.15999984741211,13.180000305175781,236972,0.0,0.0,0.0
2025-06-10 01:30:00+00:00,13.1899995803833,13.210000038146973,13.1899995803833,13.210000038146973,166456,0.0,0.0,0.0
2025-06-10 01:35:00+00:00,13.210000038146973,13.220000267028809,13.199999809265137,13.210000038146973,122750,0.0,0.0,0.0
2025-06-10 01:40:00+00:00,13.210000038146973,13.229999542236328,13.210000038146973,13.220000267028809,175887,0.0,0.0,0.0
2025-06-10 01:45:00+00:00,13.229999542236328,13.239999771118164,13.229999542236328,13.239999771118164,193309,0.0,0.0,0.0
2025-06-10 01:50:00+00:00,13.239999771118164,13.25,13.239999771118164,13.239999771118164,181334,0.0,0.0,0.0
2025-06-10 01:55:00+00:00,13.239999771118164,13.260000228881836,13.239999771118164,13.239999771118164,322899,0.0,0.0,0.0
2025-06-10 02:00:00+00:00,13.260000228881836,13.260000228881836,13.239999771118164,13.239999771118164,40667,0.0,0.0,0.0
2025-06-10 02:05:00+00:00,13.239999771118164,13.239999771118164,13.220000267028809,13.229999542236328,217103,0.0,0.0,0.0
2025-06-10 02:10:00+00:00,13.229999542236328,13.239999771118164,13.229999542236328,13.229999542236328,143310,0.0,0.0,0.0
2025-06-10 02:15:00+00:00,13.229999542236328,13.25,13.229999542236328,13.25,135655,0.0,0.0,0.0
2025-06-10 02:20:00+00:00,13.25,13.260000228881836,13.239999771118164,13.25,319025,0.0,0.0,0.0
2025-06-10 02:25:00+00:00,13.25,13.260000228881836,13.25,13.260000228881836,117563,0.0,0.0,0.0
2025-06-10 02:30:00+00:00,13.260000228881836,13.260000228881836,13.25,13.260000228881836,52087,0.0,0.0,0.0
2025-06-10 02:35:00+00:00,13.260000228881836,13.260000228881836,13.25,13.260000228881836,104385,0.0,0.0,0.0
2025-06-10 02:40:00+00:00,13.260000228881836,13.279999732971191,13.25,13.270000457763672,176386,0.0,0.0,0.0
2025-06-10 02:45:00+00:00,13.270000457763672,13.279999732971191,13.270000457763672,13.270000457763672,95526,0.0,0.0,0.0
2025-06-10 02:50:00+00:00,13.270000457763672,13.289999961853027,13.270000457763672,13.279999732971191,114200,0.0,0.0,0.0
2025-06-10 02:55:00+00:00,13.279999732971191,13.279999732971191,13.279999732971191,13.279999732971191,7119,0.0,0.0,0.0
2025-06-10 03:00:00+00:00,13.279999732971191,13.279999732971191,13.279999732971191,13.279999732971191,116373,0.0,0.0,0.0
2025-06-10 03:05:00+00:00,13.279999732971191,13.289999961853027,13.279999732971191,13.279999732971191,21651,0.0,0.0,0.0
2025-06-10 03:10:00+00:00,13.279999732971191,13.300000190734863,13.279999732971191,13.289999961853027,150662,0.0,0.0,0.0
2025-06-10 03:15:00+00:00,13.279999732971191,13.279999732971191,13.279999732971191,13.279999732971191,6219,0.0,0.0,0.0
2025-06-10 03:20:00+00:00,13.300000190734863,13.300000190734863,13.300000190734863,13.300000190734863,58123,0.0,0.0,0.0
2025-06-10 03:25:00+00:00,13.300000190734863,13.300000190734863,13.289999961853027,13.300000190734863,14250,0.0,0.0,0.0
2025-06-10 03:30:00+00:00,13.300000190734863,13.300000190734863,13.289999961853027,13.300000190734863,16827,0.0,0.0,0.0
2025-06-10 03:35:00+00:00,13.289999961853027,13.300000190734863,13.279999732971191,13.300000190734863,86606,0.0,0.0,0.0
2025-06-10 03:40:00+00:00,13.300000190734863,13.300000190734863,13.289999961853027,13.300000190734863,19804,0.0,0.0,0.0
2025-06-10 03:45:00+00:00,13.300000190734863,13.300000190734863,13.289999961853027,13.300000190734863,428060,0.0,0.0,0.0
2025-06-10 03:50:00+00:00,13.300000190734863,13.3100004196167,13.289999961853027,13.300000190734863,13979,0.0,0.0,0.0
2025-06-10 03:55:00+00:00,13.289999961853027,13.300000190734863,13.289999961853027,13.300000190734863,66057,0.0,0.0,0.0
2025-06-10 04:00:00+00:00,13.300000190734863,13.3100004196167,13.300000190734863,13.300000190734863,1009548,0.0,0.0,0.0
2025-06-10 04:05:00+00:00,13.300000190734863,13.3100004196167,13.300000190734863,13.300000190734863,23368,0.0,0.0,0.0
2025-06-10 04:10:00+00:00,13.3100004196167,13.3100004196167,13.300000190734863,13.300000190734863,52378,0.0,0.0,0.0
2025-06-10 04:15:00+00:00,13.300000190734863,13.3100004196167,13.300000190734863,13.3100004196167,54057,0.0,0.0,0.0
2025-06-10 04:20:00+00:00,13.3100004196167,13.3100004196167,13.300000190734863,13.300000190734863,57238,0.0,0.0,0.0
2025-06-10 04:25:00+00:00,13.300000190734863,13.300000190734863,13.300000190734863,13.300000190734863,49312,0.0,0.0,0.0
2025-06-10 04:30:00+00:00,13.3100004196167,13.3100004196167,13.300000190734863,13.300000190734863,11720,0.0,0.0,0.0
2025-06-10 04:35:00+00:00,13.289999961853027,13.300000190734863,13.289999961853027,13.300000190734863,81011,0.0,0.0,0.0
2025-06-10 04:40:00+00:00,13.300000190734863,13.3100004196167,13.300000190734863,13.300000190734863,115845,0.0,0.0,0.0
2025-06-10 04:45:00+00:00,13.300000190734863,13.3100004196167,13.300000190734863,13.3100004196167,20020,0.0,0.0,0.0
2025-06-10 04:50:00+00:00,13.300000190734863,13.3100004196167,13.300000190734863,13.300000190734863,50705,0.0,0.0,0.0
2025-06-10 04:55:00+00:00,13.3100004196167,13.319999694824219,13.3100004196167,13.319999694824219,433120,0.0,0.0,0.0
2025-06-10 05:00:00+00:00,13.319999694824219,13.319999694824219,13.319999694824219,13.319999694824219,94270,0.0,0.0,0.0
2025-06-10 05:05:00+00:00,13.319999694824219,13.319999694824219,13.3100004196167,13.3100004196167,105239,0.0,0.0,0.0
2025-06-10 05:10:00+00:00,13.3100004196167,13.3100004196167,13.3100004196167,13.3100004196167,36655,0.0,0.0,0.0
2025-06-10 05:15:00+00:00,13.319999694824219,13.319999694824219,13.3100004196167,13.3100004196167,119263,0.0,0.0,0.0
2025-06-10 05:20:00+00:00,13.3100004196167,13.3100004196167,13.3100004196167,13.3100004196167,132732,0.0,0.0,0.0
2025-06-11 01:00:00+00:00,13.399999618530273,13.40999984741211,13.399999618530273,13.40999984741211,0,0.0,0.0,0.0
2025-06-11 01:05:00+00:00,13.399999618530273,13.40999984741211,13.390000343322754,13.390000343322754,169021,0.0,0.0,0.0
2025-06-11 01:10:00+00:00,13.390000343322754,13.390000343322754,13.380000114440918,13.380000114440918,50658,0.0,0.0,0.0
2025-06-11 01:15:00+00:00,13.380000114440918,13.399999618530273,13.380000114440918,13.399999618530273,218720,0.0,0.0,0.0
2025-06-11 01:20:00+00:00,13.399999618530273,13.399999618530273,13.399999618530273,13.399999618530273,46539,0.0,0.0,0.0
2025-06-11 01:25:00+00:00,13.399999618530273,13.40999984741211,13.399999618530273,13.399999618530273,74630,0.0,0.0,0.0
2025-06-11 01:30:00+00:00,13.399999618530273,13.40999984741211,13.399999618530273,13.399999618530273,102487,0.0,0.0,0.0
2025-06-11 01:35:00+00:00,13.399999618530273,13.399999618530273,13.399999618530273,13.399999618530273,141028,0.0,0.0,0.0
2025-06-11 01:40:00+00:00,13.399999618530273,13.399999618530273,13.390000343322754,13.399999618530273,406138,0.0,0.0,0.0
2025-06-11 01:45:00+00:00,13.399999618530273,13.40999984741211,13.399999618530273,13.40999984741211,409025,0.0,0.0,0.0
2025-06-11 01:50:00+00:00,13.40999984741211,13.40999984741211,13.399999618530273,13.399999618530273,65133,0.0,0.0,0.0
2025-06-11 01:55:00+00:00,13.40999984741211,13.40999984741211,13.399999618530273,13.40999984741211,115704,0.0,0.0,0.0
2025-06-11 02:00:00+00:00,13.40999984741211,13.40999984741211,13.399999618530273,13.399999618530273,56455,0.0,0.0,0.0
2025-06-11 02:05:00+00:00,13.399999618530273,13.399999618530273,13.380000114440918,13.380000114440918,90318,0.0,0.0,0.0
2025-06-11 02:10:00+00:00,13.380000114440918,13.399999618530273,13.380000114440918,13.399999618530273,21629,0.0,0.0,0.0
2025-06-11 02:15:00+00:00,13.399999618530273,13.399999618530273,13.380000114440918,13.380000114440918,45338,0.0,0.0,0.0
2025-06-11 02:20:00+00:00,13.380000114440918,13.380000114440918,13.369999885559082,13.380000114440918,85032,0.0,0.0,0.0
2025-06-11 02:25:00+00:00,13.369999885559082,13.380000114440918,13.369999885559082,13.380000114440918,39266,0.0,0.0,0.0
2025-06-11 02:30:00+00:00,13.369999885559082,13.380000114440918,13.369999885559082,13.380000114440918,46953,0.0,0.0,0.0
2025-06-11 02:35:00+00:00,13.380000114440918,13.380000114440918,13.369999885559082,13.369999885559082,60210,0.0,0.0,0.0
2025-06-11 02:40:00+00:00,13.380000114440918,13.380000114440918,13.380000114440918,13.380000114440918,46297,0.0,0.0,0.0
2025-06-11 02:45:00+00:00,13.390000343322754,13.390000343322754,13.380000114440918,13.380000114440918,8965,0.0,0.0,0.0
2025-06-11 02:50:00+00:00,13.380000114440918,13.390000343322754,13.380000114440918,13.390000343322754,13034,0.0,0.0,0.0
2025-06-11 02:55:00+00:00,13.390000343322754,13.390000343322754,13.380000114440918,13.380000114440918,52020,0.0,0.0,0.0
2025-06-11 03:00:00+00:00,13.390000343322754,13.390000343322754,13.390000343322754,13.390000343322754,12024,0.0,0.0,0.0
2025-06-11 03:05:00+00:00,13.390000343322754,13.399999618530273,13.390000343322754,13.399999618530273,273234,0.0,0.0,0.0
2025-06-11 03:10:00+00:00,13.399999618530273,13.399999618530273,13.399999618530273,13.399999618530273,7253,0.0,0.0,0.0
2025-06-11 03:15:00+00:00,13.399999618530273,13.399999618530273,13.390000343322754,13.399999618530273,79857,0.0,0.0,0.0
2025-06-11 03:20:00+00:00,13.399999618530273,13.420000076293945,13.399999618530273,13.420000076293945,100538,0.0,0.0,0.0
2025-06-11 03:25:00+00:00,13.420000076293945,13.430000305175781,13.420000076293945,13.420000076293945,537480,0.0,0.0,0.0
2025-06-11 03:30:00+00:00,13.420000076293945,13.430000305175781,13.420000076293945,13.420000076293945,664660,0.0,0.0,0.0
2025-06-11 03:35:00+00:00,13.420000076293945,13.430000305175781,13.420000076293945,13.420000076293945,15019,0.0,0.0,0.0
2025-06-11 03:40:00+00:00,13.420000076293945,13.430000305175781,13.420000076293945,13.430000305175781,35543,0.0,0.0,0.0
2025-06-11 03:45:00+00:00,13.430000305175781,13.430000305175781,13.420000076293945,13.430000305175781,16102,0.0,0.0,0.0
2025-06-11 03:50:00+00:00,13.430000305175781,13.430000305175781,13.420000076293945,13.420000076293945,15094,0.0,0.0,0.0
2025-06-11 03:55:00+00:00,13.430000305175781,13.430000305175781,13.420000076293945,13.420000076293945,54862,0.0,0.0,0.0
2025-06-11 04:00:00+00:00,13.430000305175781,13.430000305175781,13.40999984741211,13.40999984741211,22351,0.0,0.0,0.0
2025-06-11 04:05:00+00:00,13.420000076293945,13.420000076293945,13.420000076293945,13.420000076293945,11319,0.0,0.0,0.0
2025-06-11 04:10:00+00:00,13.420000076293945,13.430000305175781,13.420000076293945,13.420000076293945,31010,0.0,0.0,0.0
2025-06-11 04:15:00+00:00,13.420000076293945,13.430000305175781,13.420000076293945,13.420000076293945,34635,0.0,0.0,0.0
2025-06-11 04:20:00+00:00,13.420000076293945,13.420000076293945,13.420000076293945,13.420000076293945,20097,0.0,0.0,0.0
2025-06-11 04:25:00+00:00,13.420000076293945,13.430000305175781,13.420000076293945,13.430000305175781,52849,0.0,0.0,0.0
2025-06-11 04:30:00+00:00,13.430000305175781,13.430000305175781,13.420000076293945,13.420000076293945,45903,0.0,0.0,0.0
2025-06-11 04:35:00+00:00,13.430000305175781,13.430000305175781,13.420000076293945,13.420000076293945,37685,0.0,0.0,0.0
2025-06-11 04:40:00+00:00,13.430000305175781,13.430000305175781,13.420000076293945,13.430000305175781,285585,0.0,0.0,0.0
2025-06-12 01:00:00+00:00,13.40999984741211,13.40999984741211,13.359999656677246,13.359999656677246,134000,0.0,0.0,0.0
2025-06-12 01:05:00+00:00,13.369999885559082,13.369999885559082,13.350000381469727,13.369999885559082,143654,0.0,0.0,0.0
2025-06-12 01:10:00+00:00,13.369999885559082,13.369999885559082,13.359999656677246,13.369999885559082,288420,0.0,0.0,0.0
2025-06-12 01:15:00+00:00,13.369999885559082,13.380000114440918,13.359999656677246,13.380000114440918,55446,0.0,0.0,0.0
2025-06-12 01:20:00+00:00,13.380000114440918,13.390000343322754,13.380000114440918,13.380000114440918,47325,0.0,0.0,0.0
2025-06-12 01:25:00+00:00,13.380000114440918,13.390000343322754,13.380000114440918,13.380000114440918,36356,0.0,0.0,0.0
2025-06-12 01:30:00+00:00,13.399999618530273,13.40999984741211,13.390000343322754,13.40999984741211,149334,0.0,0.0,0.0
2025-06-12 01:35:00+00:00,13.40999984741211,13.420000076293945,13.40999984741211,13.420000076293945,39572,0.0,0.0,0.0
2025-06-12 01:40:00+00:00,13.420000076293945,13.420000076293945,13.40999984741211,13.40999984741211,60142,0.0,0.0,0.0
2025-06-12 01:45:00+00:00,13.40999984741211,13.40999984741211,13.399999618530273,13.40999984741211,136023,0.0,0.0,0.0
2025-06-12 01:50:00+00:00,13.40999984741211,13.420000076293945,13.40999984741211,13.420000076293945,18131,0.0,0.0,0.0
2025-06-12 01:55:00+00:00,13.40999984741211,13.40999984741211,13.40999984741211,13.40999984741211,5539,0.0,0.0,0.0
2025-06-12 02:00:00+00:00,13.40999984741211,13.40999984741211,13.380000114440918,13.380000114440918,97120,0.0,0.0,0.0
2025-06-12 02:05:00+00:00,13.380000114440918,13.380000114440918,13.369999885559082,13.380000114440918,61056,0.0,0.0,0.0
2025-06-12 02:10:00+00:00,13.369999885559082,13.380000114440918,13.369999885559082,13.369999885559082,32141,0.0,0.0,0.0
2025-06-12 02:15:00+00:00,13.369999885559082,13.380000114440918,13.369999885559082,13.369999885559082,35820,0.0,0.0,0.0
2025-06-12 02:20:00+00:00,13.369999885559082,13.369999885559082,13.369999885559082,13.369999885559082,13042,0.0,0.0,0.0
2025-06-12 02:25:00+00:00,13.369999885559082,13.369999885559082,13.359999656677246,13.359999656677246,75789,0.0,0.0,0.0
2025-06-12 02:30:00+00:00,13.369999885559082,13.369999885559082,13.359999656677246,13.359999656677246,8068,0.0,0.0,0.0
2025-06-12 02:35:00+00:00,13.359999656677246,13.369999885559082,13.359999656677246,13.359999656677246,10230,0.0,0.0,0.0
2025-06-12 02:40:00+00:00,13.359999656677246,13.359999656677246,13.359999656677246,13.359999656677246,32341,0.0,0.0,0.0
2025-06-12 02:45:00+00:00,13.369999885559082,13.369999885559082,13.359999656677246,13.359999656677246,33633,0.0,0.0,0.0
2025-06-12 02:50:00+00:00,13.359999656677246,13.369999885559082,13.359999656677246,13.369999885559082,32512,0.0,0.0,0.0
2025-06-12 02:55:00+00:00,13.369999885559082,13.369999885559082,13.359999656677246,13.359999656677246,39623,0.0,0.0,0.0
2025-06-12 03:00:00+00:00,13.359999656677246,13.380000114440918,13.359999656677246,13.369999885559082,79766,0.0,0.0,0.0
2025-06-12 03:05:00+00:00,13.369999885559082,13.380000114440918,13.369999885559082,13.380000114440918,8419,0.0,0.0,0.0
2025-06-12 03:10:00+00:00,13.380000114440918,13.380000114440918,13.380000114440918,13.380000114440918,1344,0.0,0.0,0.0
2025-06-12 03:15:00+00:00,13.380000114440918,13.380000114440918,13.380000114440918,13.380000114440918,4432,0.0,0.0,0.0
2025-06-12 03:20:00+00:00,13.380000114440918,13.380000114440918,13.369999885559082,13.369999885559082,11108,0.0,0.0,0.0
2025-06-12 03:25:00+00:00,13.380000114440918,13.380000114440918,13.369999885559082,13.380000114440918,8824,0.0,0.0,0.0
2025-06-12 03:30:00+00:00,13.380000114440918,13.380000114440918,13.369999885559082,13.369999885559082,11010,0.0,0.0,0.0
2025-06-12 03:35:00+00:00,13.380000114440918,13.380000114440918,13.380000114440918,13.380000114440918,8199,0.0,0.0,0.0
2025-06-12 03:40:00+00:00,13.380000114440918,13.380000114440918,13.369999885559082,13.369999885559082,45837,0.0,0.0,0.0
2025-06-12 03:45:00+00:00,13.369999885559082,13.369999885559082,13.369999885559082,13.369999885559082,55110,0.0,0.0,0.0
2025-06-12 03:50:00+00:00,13.369999885559082,13.380000114440918,13.369999885559082,13.380000114440918,96908,0.0,0.0,0.0
2025-06-12 03:55:00+00:00,13.369999885559082,13.380000114440918,13.369999885559082,13.380000114440918,49016,0.0,0.0,0.0
2025-06-12 04:00:00+00:00,13.380000114440918,13.380000114440918,13.369999885559082,13.380000114440918,68032,0.0,0.0,0.0
2025-06-12 04:05:00+00:00,13.369999885559082,13.369999885559082,13.359999656677246,13.359999656677246,42130,0.0,0.0,0.0
2025-06-12 04:10:00+00:00,13.359999656677246,13.380000114440918,13.359999656677246,13.359999656677246,29627,0.0,0.0,0.0
2025-06-12 04:15:00+00:00,13.359999656677246,13.380000114440918,13.359999656677246,13.380000114440918,9341,0.0,0.0,0.0
2025-06-12 04:20:00+00:00,13.380000114440918,13.380000114440918,13.380000114440918,13.380000114440918,16564,0.0,0.0,0.0
2025-06-12 04:25:00+00:00,13.369999885559082,13.380000114440918,13.369999885559082,13.380000114440918,10011,0.0,0.0,0.0
2025-06-12 04:30:00+00:00,13.380000114440918,13.380000114440918,13.369999885559082,13.369999885559082,21154,0.0,0.0,0.0
2025-06-12 04:35:00+00:00,13.369999885559082,13.380000114440918,13.359999656677246,13.380000114440918,32048,0.0,0.0,0.0
2025-06-12 04:40:00+00:00,13.380000114440918,13.380000114440918,13.359999656677246,13.359999656677246,54328,0.0,0.0,0.0
2025-06-12 04:45:00+00:00,13.380000114440918,13.380000114440918,13.369999885559082,13.380000114440918,16095,0.0,0.0,0.0
2025-06-12 04:50:00+00:00,13.380000114440918,13.380000114440918,13.369999885559082,13.369999885559082,79391,0.0,0.0,0.0
2025-06-12 04:55:00+00:00,13.369999885559082,13.380000114440918,13.369999885559082,13.380000114440918,24160,0.0,0.0,0.0
2025-06-12 05:00:00+00:00,13.369999885559082,13.380000114440918,13.369999885559082,13.369999885559082,23570,0.0,0.0,0.0
2025-06-12 05:05:00+00:00,13.380000114440918,13.380000114440918,13.380000114440918,13.380000114440918,1110,0.0,0.0,0.0
2025-06-12 05:10:00+00:00,13.369999885559082,13.380000114440918,13.369999885559082,13.380000114440918,22192,0.0,0.0,0.0
2025-06-12 05:15:00+00:00,13.380000114440918,13.380000114440918,13.369999885559082,13.369999885559082,85196,0.0,0.0,0.0
2025-06-12 05:20:00+00:00,13.369999885559082,13.380000114440918,13.369999885559082,13.369999885559082,95305,0.0,0.0,0.0
2025-06-13 01:00:00+00:00,13.289999961853027,13.289999961853027,13.270000457763672,13.289999961853027,0,0.0,0.0,0.0
2025-06-13 01:05:00+00:00,13.279999732971191,13.279999732971191,13.229999542236328,13.25,233179,0.0,0.0,0.0
2025-06-13 01:10:00+00:00,13.260000228881836,13.270000457763672,13.239999771118164,13.270000457763672,129599,0.0,0.0,0.0
2025-06-13 01:15:00+00:00,13.239999771118164,13.239999771118164,13.210000038146973,13.210000038146973,104160,0.0,0.0,0.0
2025-06-13 01:20:00+00:00,13.210000038146973,13.25,13.210000038146973,13.239999771118164,95512,0.0,0.0,0.0
2025-06-13 01:25:00+00:00,13.239999771118164,13.260000228881836,13.229999542236328,13.260000228881836,119233,0.0,0.0,0.0
2025-06-13 01:30:00+00:00,13.260000228881836,13.270000457763672,13.260000228881836,13.270000457763672,10292,0.0,0.0,0.0
2025-06-13 01:35:00+00:00,13.270000457763672,13.3100004196167,13.270000457763672,13.3100004196167,104774,0.0,0.0,0.0
2025-06-13 01:40:00+00:00,13.3100004196167,13.3100004196167,13.300000190734863,13.300000190734863,166924,0.0,0.0,0.0
2025-06-13 01:45:00+00:00,13.289999961853027,13.300000190734863,13.289999961853027,13.300000190734863,111627,0.0,0.0,0.0
2025-06-13 01:50:00+00:00,13.300000190734863,13.319999694824219,13.300000190734863,13.3100004196167,21892,0.0,0.0,0.0
2025-06-13 01:55:00+00:00,13.319999694824219,13.34000015258789,13.319999694824219,13.34000015258789,194552,0.0,0.0,0.0
2025-06-13 02:00:00+00:00,13.34000015258789,13.34000015258789,13.319999694824219,13.329999923706055,38507,0.0,0.0,0.0
2025-06-13 02:05:00+00:00,13.329999923706055,13.329999923706055,13.319999694824219,13.319999694824219,11075,0.0,0.0,0.0
2025-06-13 02:10:00+00:00,13.319999694824219,13.329999923706055,13.319999694824219,13.329999923706055,14549,0.0,0.0,0.0
2025-06-13 02:15:00+00:00,13.329999923706055,13.329999923706055,13.319999694824219,13.329999923706055,25148,0.0,0.0,0.0
2025-06-13 02:20:00+00:00,13.329999923706055,13.329999923706055,13.319999694824219,13.319999694824219,67771,0.0,0.0,0.0
2025-06-13 02:25:00+00:00,13.3100004196167,13.319999694824219,13.3100004196167,13.319999694824219,124257,0.0,0.0,0.0
2025-06-13 02:30:00+00:00,13.319999694824219,13.319999694824219,13.300000190734863,13.300000190734863,243622,0.0,0.0,0.0
2025-06-13 02:35:00+00:00,13.300000190734863,13.300000190734863,13.279999732971191,13.279999732971191,85359,0.0,0.0,0.0
2025-06-13 02:40:00+00:00,13.289999961853027,13.289999961853027,13.25,13.25,473860,0.0,0.0,0.0
2025-06-13 02:45:00+00:00,13.260000228881836,13.270000457763672,13.25,13.270000457763672,131047,0.0,0.0,0.0
2025-06-13 02:50:00+00:00,13.270000457763672,13.270000457763672,13.260000228881836,13.260000228881836,20335,0.0,0.0,0.0
2025-06-13 02:55:00+00:00,13.270000457763672,13.279999732971191,13.270000457763672,13.279999732971191,32333,0.0,0.0,0.0
2025-06-13 03:00:00+00:00,13.279999732971191,13.279999732971191,13.270000457763672,13.279999732971191,17707,0.0,0.0,0.0
2025-06-13 03:05:00+00:00,13.279999732971191,13.279999732971191,13.270000457763672,13.270000457763672,27651,0.0,0.0,0.0
2025-06-13 03:10:00+00:00,13.279999732971191,13.279999732971191,13.279999732971191,13.279999732971191,1043,0.0,0.0,0.0
2025-06-13 03:15:00+00:00,13.279999732971191,13.279999732971191,13.279999732971191,13.279999732971191,66159,0.0,0.0,0.0
2025-06-13 03:20:00+00:00,13.279999732971191,13.300000190734863,13.279999732971191,13.300000190734863,37053,0.0,0.0,0.0
2025-06-13 03:25:00+00:00,13.300000190734863,13.300000190734863,13.289999961853027,13.289999961853027,6149,0.0,0.0,0.0
2025-06-13 03:30:00+00:00,13.289999961853027,13.289999961853027,13.289999961853027,13.289999961853027,11102,0.0,0.0,0.0
2025-06-13 03:35:00+00:00,13.289999961853027,13.289999961853027,13.279999732971191,13.279999732971191,29445,0.0,0.0,0.0
2025-06-13 03:40:00+00:00,13.279999732971191,13.289999961853027,13.279999732971191,13.289999961853027,20234,0.0,0.0,0.0
2025-06-13 03:45:00+00:00,13.289999961853027,13.289999961853027,13.289999961853027,13.289999961853027,8049,0.0,0.0,0.0
2025-06-13 03:50:00+00:00,13.289999961853027,13.289999961853027,13.279999732971191,13.289999961853027,102524,0.0,0.0,0.0
2025-06-13 03:55:00+00:00,13.289999961853027,13.300000190734863,13.289999961853027,13.300000190734863,54764,0.0,0.0,0.0
2025-06-13 04:00:00+00:00,13.300000190734863,13.300000190734863,13.300000190734863,13.300000190734863,1070,0.0,0.0,0.0
2025-06-13 04:05:00+00:00,13.300000190734863,13.300000190734863,13.300000190734863,13.300000190734863,1158,0.0,0.0,0.0
2025-06-13 04:10:00+00:00,13.289999961853027,13.289999961853027,13.289999961853027,13.289999961853027,28051,0.0,0.0,0.0
2025-06-13 04:15:00+00:00,13.289999961853027,13.289999961853027,13.279999732971191,13.289999961853027,24085,0.0,0.0,0.0
2025-06-13 04:20:00+00:00,13.289999961853027,13.289999961853027,13.289999961853027,13.289999961853027,14187,0.0,0.0,0.0
2025-06-13 04:25:00+00:00,13.279999732971191,13.279999732971191,13.279999732971191,13.279999732971191,14034,0.0,0.0,0.0
2025-06-13 04:30:00+00:00,13.289999961853027,13.289999961853027,13.279999732971191,13.279999732971191,32032,0.0,0.0,0.0
2025-06-13 04:35:00+00:00,13.279999732971191,13.279999732971191,13.279999732971191,13.279999732971191,26122,0.0,0.0,0.0
2025-06-13 04:40:00+00:00,13.279999732971191,13.279999732971191,13.279999732971191,13.279999732971191,9010,0.0,0.0,0.0
2025-06-13 04:45:00+00:00,13.270000457763672,13.289999961853027,13.270000457763672,13.270000457763672,15478,0.0,0.0,0.0
2025-06-13 04:50:00+00:00,13.289999961853027,13.289999961853027,13.279999732971191,13.279999732971191,10246,0.0,0.0,0.0
2025-06-13 04:55:00+00:00,13.279999732971191,13.279999732971191,13.279999732971191,13.279999732971191,12294,0.0,0.0,0.0
2025-06-13 05:00:00+00:00,13.289999961853027,13.289999961853027,13.279999732971191,13.279999732971191,31380,0.0,0.0,0.0
2025-06-13 05:05:00+00:00,13.279999732971191,13.279999732971191,13.270000457763672,13.270000457763672,67424,0.0,0.0,0.0
2025-06-13 05:10:00+00:00,13.270000457763672,13.270000457763672,13.270000457763672,13.270000457763672,78761,0.0,0.0,0.0
2025-06-13 05:15:00+00:00,13.279999732971191,13.279999732971191,13.270000457763672,13.270000457763672,24044,0.0,0.0,0.0
2025-06-13 05:20:00+00:00,13.270000457763672,13.270000457763672,13.260000228881836,13.260000228881836,129872,0.0,0.0,0.0
2025-06-16 01:00:00+00:00,13.199999809265137,13.210000038146973,13.180000305175781,13.199999809265137,0,0.0,0.0,0.0
2025-06-16 01:05:00+00:00,13.199999809265137,13.220000267028809,13.1899995803833,13.220000267028809,401070,0.0,0.0,0.0
2025-06-16 01:10:00+00:00,13.220000267028809,13.25,13.220000267028809,13.229999542236328,78238,0.0,0.0,0.0
2025-06-16 01:15:00+00:00,13.25,13.25,13.220000267028809,13.220000267028809,147398,0.0,0.0,0.0
2025-06-16 01:20:00+00:00,13.220000267028809,13.229999542236328,13.210000038146973,13.210000038146973,45972,0.0,0.0,0.0
2025-06-16 01:25:00+00:00,13.229999542236328,13.229999542236328,13.220000267028809,13.220000267028809,3420,0.0,0.0,0.0
2025-06-16 01:30:00+00:00,13.220000267028809,13.220000267028809,13.210000038146973,13.210000038146973,17941,0.0,0.0,0.0
2025-06-16 01:35:00+00:00,13.220000267028809,13.220000267028809,13.220000267028809,13.220000267028809,11831,0.0,0.0,0.0
2025-06-16 01:40:00+00:00,13.220000267028809,13.229999542236328,13.220000267028809,13.229999542236328,65292,0.0,0.0,0.0
2025-06-16 01:45:00+00:00,13.239999771118164,13.239999771118164,13.220000267028809,13.220000267028809,133229,0.0,0.0,0.0
2025-06-16 01:50:00+00:00,13.220000267028809,13.220000267028809,13.210000038146973,13.220000267028809,62273,0.0,0.0,0.0
2025-06-16 01:55:00+00:00,13.220000267028809,13.239999771118164,13.220000267028809,13.239999771118164,12227,0.0,0.0,0.0
2025-06-16 02:00:00+00:00,13.239999771118164,13.239999771118164,13.210000038146973,13.229999542236328,18862,0.0,0.0,0.0
2025-06-16 02:05:00+00:00,13.229999542236328,13.229999542236328,13.229999542236328,13.229999542236328,3022,0.0,0.0,0.0
2025-06-16 02:10:00+00:00,13.229999542236328,13.239999771118164,13.220000267028809,13.239999771118164,16910,0.0,0.0,0.0
2025-06-16 02:15:00+00:00,13.239999771118164,13.239999771118164,13.220000267028809,13.239999771118164,28118,0.0,0.0,0.0
2025-06-16 02:20:00+00:00,13.239999771118164,13.239999771118164,13.229999542236328,13.229999542236328,9276,0.0,0.0,0.0
2025-06-16 02:25:00+00:00,13.229999542236328,13.229999542236328,13.199999809265137,13.210000038146973,485356,0.0,0.0,0.0
2025-06-16 02:30:00+00:00,13.210000038146973,13.220000267028809,13.210000038146973,13.210000038146973,10838,0.0,0.0,0.0
2025-06-16 02:35:00+00:00,13.210000038146973,13.210000038146973,13.210000038146973,13.210000038146973,21012,0.0,0.0,0.0
2025-06-16 02:40:00+00:00,13.210000038146973,13.210000038146973,13.199999809265137,13.199999809265137,25838,0.0,0.0,0.0
2025-06-16 02:45:00+00:00,13.199999809265137,13.210000038146973,13.1899995803833,13.199999809265137,16229,0.0,0.0,0.0
2025-06-16 02:50:00+00:00,13.199999809265137,13.210000038146973,13.199999809265137,13.210000038146973,24012,0.0,0.0,0.0
2025-06-16 02:55:00+00:00,13.210000038146973,13.210000038146973,13.210000038146973,13.210000038146973,11217,0.0,0.0,0.0
2025-06-16 03:00:00+00:00,13.210000038146973,13.220000267028809,13.199999809265137,13.220000267028809,8294,0.0,0.0,0.0
2025-06-16 03:05:00+00:00,13.220000267028809,13.220000267028809,13.220000267028809,13.220000267028809,14400,0.0,0.0,0.0
2025-06-16 03:10:00+00:00,13.220000267028809,13.220000267028809,13.210000038146973,13.220000267028809,8066,0.0,0.0,0.0
2025-06-16 03:15:00+00:00,13.239999771118164,13.239999771118164,13.239999771118164,13.239999771118164,3042,0.0,0.0,0.0
2025-06-16 03:20:00+00:00,13.229999542236328,13.229999542236328,13.210000038146973,13.229999542236328,5027,0.0,0.0,0.0
2025-06-16 03:25:00+00:00,13.229999542236328,13.229999542236328,13.220000267028809,13.220000267028809,8017,0.0,0.0,0.0
2025-06-16 03:30:00+00:00,13.220000267028809,13.220000267028809,13.220000267028809,13.220000267028809,5379,0.0,0.0,0.0
2025-06-16 03:35:00+00:00,13.220000267028809,13.229999542236328,13.220000267028809,13.229999542236328,34491,0.0,0.0,0.0
2025-06-16 03:40:00+00:00,13.229999542236328,13.229999542236328,13.220000267028809,13.220000267028809,35235,0.0,0.0,0.0
2025-06-16 03:45:00+00:00,13.239999771118164,13.239999771118164,13.220000267028809,13.229999542236328,10181,0.0,0.0,0.0
2025-06-16 03:50:00+00:00,13.229999542236328,13.25,13.210000038146973,13.25,101700,0.0,0.0,0.0
2025-06-16 03:55:00+00:00,13.25,13.25,13.25,13.25,30495,0.0,0.0,0.0
2025-06-16 04:00:00+00:00,13.25,13.25,13.239999771118164,13.25,62564,0.0,0.0,0.0
2025-06-16 04:05:00+00:00,13.25,13.25,13.239999771118164,13.25,10196,0.0,0.0,0.0
2025-06-16 04:10:00+00:00,13.25,13.25,13.25,13.25,4117,0.0,0.0,0.0
2025-06-16 04:15:00+00:00,13.25,13.25,13.239999771118164,13.25,15362,0.0,0.0,0.0
2025-06-16 04:20:00+00:00,13.25,13.25,13.229999542236328,13.229999542236328,21097,0.0,0.0,0.0
2025-06-16 04:25:00+00:00,13.239999771118164,13.239999771118164,13.229999542236328,13.229999542236328,6300,0.0,0.0,0.0
2025-06-16 04:30:00+00:00,13.239999771118164,13.239999771118164,13.239999771118164,13.239999771118164,4553,0.0,0.0,0.0
2025-06-16 04:35:00+00:00,13.239999771118164,13.239999771118164,13.239999771118164,13.239999771118164,7181,0.0,0.0,0.0
2025-06-16 04:40:00+00:00,13.229999542236328,13.229999542236328,13.229999542236328,13.229999542236328,3050,0.0,0.0,0.0
2025-06-16 04:45:00+00:00,13.229999542236328,13.239999771118164,13.229999542236328,13.229999542236328,20720,0.0,0.0,0.0
2025-06-16 04:50:00+00:00,13.229999542236328,13.239999771118164,13.229999542236328,13.239999771118164,26240,0.0,0.0,0.0
2025-06-16 04:55:00+00:00,13.239999771118164,13.239999771118164,13.239999771118164,13.239999771118164,8300,0.0,0.0,0.0
2025-06-16 05:00:00+00:00,13.239999771118164,13.239999771118164,13.239999771118164,13.239999771118164,43551,0.0,0.0,0.0
2025-06-16 05:05:00+00:00,13.25,13.270000457763672,13.25,13.270000457763672,153911,0.0,0.0,0.0
2025-06-16 05:10:00+00:00,13.270000457763672,13.270000457763672,13.270000457763672,13.270000457763672,47553,0.0,0.0,0.0
2025-06-16 05:15:00+00:00,13.270000457763672,13.270000457763672,13.260000228881836,13.260000228881836,23871,0.0,0.0,0.0
2025-06-16 05:20:00+00:00,13.270000457763672,13.270000457763672,13.260000228881836,13.270000457763672,537729,0.0,0.0,0.0
2025-06-17 01:00:00+00:00,13.380000114440918,13.40999984741211,13.380000114440918,13.40999984741211,0,0.0,0.0,0.0
2025-06-17 01:05:00+00:00,13.40999984741211,13.40999984741211,13.399999618530273,13.399999618530273,140000,0.0,0.0,0.0
2025-06-17 01:10:00+00:00,13.390000343322754,13.399999618530273,13.359999656677246,13.359999656677246,50123,0.0,0.0,0.0
2025-06-17 01:15:00+00:00,13.359999656677246,13.369999885559082,13.359999656677246,13.369999885559082,14567,0.0,0.0,0.0
2025-06-17 01:20:00+00:00,13.359999656677246,13.369999885559082,13.350000381469727,13.369999885559082,68610,0.0,0.0,0.0
2025-06-17 01:25:00+00:00,13.369999885559082,13.369999885559082,13.359999656677246,13.359999656677246,62044,0.0,0.0,0.0
2025-06-17 01:30:00+00:00,13.359999656677246,13.359999656677246,13.350000381469727,13.350000381469727,11807,0.0,0.0,0.0
2025-06-17 01:35:00+00:00,13.350000381469727,13.350000381469727,13.350000381469727,13.350000381469727,41256,0.0,0.0,0.0
2025-06-17 01:40:00+00:00,13.350000381469727,13.350000381469727,13.34000015258789,13.34000015258789,56114,0.0,0.0,0.0
2025-06-17 01:45:00+00:00,13.350000381469727,13.369999885559082,13.350000381469727,13.369999885559082,102102,0.0,0.0,0.0
2025-06-17 01:50:00+00:00,13.369999885559082,13.390000343322754,13.369999885559082,13.390000343322754,186237,0.0,0.0,0.0
2025-06-17 01:55:00+00:00,13.390000343322754,13.390000343322754,13.390000343322754,13.390000343322754,39593,0.0,0.0,0.0
2025-06-17 02:00:00+00:00,13.390000343322754,13.399999618530273,13.390000343322754,13.390000343322754,26142,0.0,0.0,0.0
2025-06-17 02:05:00+00:00,13.390000343322754,13.390000343322754,13.350000381469727,13.350000381469727,121045,0.0,0.0,0.0
2025-06-17 02:10:00+00:00,13.369999885559082,13.369999885559082,13.329999923706055,13.329999923706055,477349,0.0,0.0,0.0
2025-06-17 02:15:00+00:00,13.3100004196167,13.319999694824219,13.3100004196167,13.319999694824219,261274,0.0,0.0,0.0
2025-06-17 02:20:00+00:00,13.329999923706055,13.329999923706055,13.329999923706055,13.329999923706055,2839,0.0,0.0,0.0
2025-06-17 02:25:00+00:00,13.329999923706055,13.329999923706055,13.329999923706055,13.329999923706055,37103,0.0,0.0,0.0
2025-06-17 02:30:00+00:00,13.319999694824219,13.319999694824219,13.3100004196167,13.3100004196167,17021,0.0,0.0,0.0
2025-06-17 02:35:00+00:00,13.3100004196167,13.3100004196167,13.3100004196167,13.3100004196167,12208,0.0,0.0,0.0
2025-06-17 02:40:00+00:00,13.3100004196167,13.3100004196167,13.300000190734863,13.3100004196167,7330,0.0,0.0,0.0
2025-06-17 02:45:00+00:00,13.300000190734863,13.319999694824219,13.300000190734863,13.319999694824219,41191,0.0,0.0,0.0
2025-06-17 02:50:00+00:00,13.329999923706055,13.329999923706055,13.329999923706055,13.329999923706055,42125,0.0,0.0,0.0
2025-06-17 02:55:00+00:00,13.350000381469727,13.350000381469727,13.350000381469727,13.350000381469727,1586,0.0,0.0,0.0
2025-06-17 03:00:00+00:00,13.34000015258789,13.350000381469727,13.34000015258789,13.34000015258789,567028,0.0,0.0,0.0
2025-06-17 03:05:00+00:00,13.34000015258789,13.34000015258789,13.34000015258789,13.34000015258789,3021,0.0,0.0,0.0
2025-06-17 03:10:00+00:00,13.329999923706055,13.34000015258789,13.329999923706055,13.34000015258789,29121,0.0,0.0,0.0
2025-06-17 03:15:00+00:00,13.329999923706055,13.34000015258789,13.329999923706055,13.34000015258789,10519,0.0,0.0,0.0
2025-06-17 03:20:00+00:00,13.34000015258789,13.34000015258789,13.319999694824219,13.319999694824219,8013,0.0,0.0,0.0
2025-06-17 03:25:00+00:00,13.319999694824219,13.319999694824219,13.319999694824219,13.319999694824219,12013,0.0,0.0,0.0
2025-06-17 03:30:00+00:00,13.329999923706055,13.329999923706055,13.329999923706055,13.329999923706055,1341,0.0,0.0,0.0
2025-06-17 03:35:00+00:00,13.329999923706055,13.329999923706055,13.3100004196167,13.3100004196167,7148,0.0,0.0,0.0
2025-06-17 03:40:00+00:00,13.319999694824219,13.329999923706055,13.3100004196167,13.319999694824219,43093,0.0,0.0,0.0
2025-06-17 03:45:00+00:00,13.319999694824219,13.319999694824219,13.300000190734863,13.300000190734863,23828,0.0,0.0,0.0
2025-06-17 03:50:00+00:00,13.300000190734863,13.319999694824219,13.300000190734863,13.319999694824219,79033,0.0,0.0,0.0
2025-06-17 03:55:00+00:00,13.300000190734863,13.300000190734863,13.289999961853027,13.289999961853027,34506,0.0,0.0,0.0
2025-06-17 04:00:00+00:00,13.300000190734863,13.300000190734863,13.300000190734863,13.300000190734863,13059,0.0,0.0,0.0
2025-06-17 04:05:00+00:00,13.300000190734863,13.3100004196167,13.300000190734863,13.300000190734863,5027,0.0,0.0,0.0
2025-06-17 04:10:00+00:00,13.300000190734863,13.300000190734863,13.300000190734863,13.300000190734863,74468,0.0,0.0,0.0
2025-06-17 04:15:00+00:00,13.300000190734863,13.300000190734863,13.289999961853027,13.289999961853027,14211,0.0,0.0,0.0
2025-06-17 04:20:00+00:00,13.289999961853027,13.289999961853027,13.289999961853027,13.289999961853027,15164,0.0,0.0,0.0
2025-06-17 04:25:00+00:00,13.300000190734863,13.300000190734863,13.300000190734863,13.300000190734863,28145,0.0,0.0,0.0
2025-06-17 04:30:00+00:00,13.3100004196167,13.3100004196167,13.3100004196167,13.3100004196167,1146,0.0,0.0,0.0
2025-06-17 04:35:00+00:00,13.300000190734863,13.300000190734863,13.300000190734863,13.300000190734863,2010,0.0,0.0,0.0
2025-06-17 04:40:00+00:00,13.300000190734863,13.300000190734863,13.300000190734863,13.300000190734863,2090,0.0,0.0,0.0
2025-06-17 04:45:00+00:00,13.300000190734863,13.300000190734863,13.300000190734863,13.300000190734863,18887,0.0,0.0,0.0
2025-06-17 04:50:00+00:00,13.300000190734863,13.300000190734863,13.300000190734863,13.300000190734863,49839,0.0,0.0,0.0
2025-06-17 04:55:00+00:00,13.300000190734863,13.300000190734863,13.300000190734863,13.300000190734863,2403,0.0,0.0,0.0
2025-06-17 05:00:00+00:00,13.3100004196167,13.3100004196167,13.3100004196167,13.3100004196167,330209,0.0,0.0,0.0
2025-06-17 05:05:00+00:00,13.319999694824219,13.319999694824219,13.3100004196167,13.3100004196167,21737,0.0,0.0,0.0
2025-06-17 05:10:00+00:00,13.319999694824219,13.34000015258789,13.319999694824219,13.329999923706055,59169,0.0,0.0,0.0
2025-06-17 05:15:00+00:00,13.34000015258789,13.34000015258789,13.329999923706055,13.329999923706055,71793,0.0,0.0,0.0
2025-06-17 05:20:00+00:00,13.319999694824219,13.319999694824219,13.319999694824219,13.319999694824219,22942,0.0,0.0,0.0
2025-06-18 01:00:00+00:00,13.329999923706055,13.329999923706055,13.329999923706055,13.329999923706055,38000,0.0,0.0,0.0
2025-06-18 01:05:00+00:00,13.329999923706055,13.369999885559082,13.319999694824219,13.359999656677246,134172,0.0,0.0,0.0
2025-06-18 01:10:00+00:00,13.359999656677246,13.369999885559082,13.350000381469727,13.359999656677246,273887,0.0,0.0,0.0
2025-06-18 01:15:00+00:00,13.369999885559082,13.369999885559082,13.359999656677246,13.359999656677246,99719,0.0,0.0,0.0
2025-06-18 01:20:00+00:00,13.359999656677246,13.369999885559082,13.359999656677246,13.359999656677246,48288,0.0,0.0,0.0
2025-06-18 01:25:00+00:00,13.369999885559082,13.369999885559082,13.350000381469727,13.359999656677246,51574,0.0,0.0,0.0
2025-06-18 01:30:00+00:00,13.359999656677246,13.359999656677246,13.350000381469727,13.359999656677246,41335,0.0,0.0,0.0
2025-06-18 01:35:00+00:00,13.359999656677246,13.359999656677246,13.359999656677246,13.359999656677246,43866,0.0,0.0,0.0
2025-06-18 01:40:00+00:00,13.359999656677246,13.359999656677246,13.34000015258789,13.34000015258789,21064,0.0,0.0,0.0
2025-06-18 01:45:00+00:00,13.350000381469727,13.350000381469727,13.34000015258789,13.34000015258789,31185,0.0,0.0,0.0
2025-06-18 01:50:00+00:00,13.34000015258789,13.34000015258789,13.329999923706055,13.329999923706055,149204,0.0,0.0,0.0
2025-06-18 01:55:00+00:00,13.350000381469727,13.350000381469727,13.350000381469727,13.350000381469727,7775,0.0,0.0,0.0
2025-06-18 02:00:00+00:00,13.350000381469727,13.350000381469727,13.350000381469727,13.350000381469727,6372,0.0,0.0,0.0
2025-06-18 02:05:00+00:00,13.34000015258789,13.34000015258789,13.34000015258789,13.34000015258789,68418,0.0,0.0,0.0
2025-06-18 02:10:00+00:00,13.34000015258789,13.350000381469727,13.34000015258789,13.350000381469727,86282,0.0,0.0,0.0
2025-06-18 02:15:00+00:00,13.359999656677246,13.359999656677246,13.350000381469727,13.350000381469727,43063,0.0,0.0,0.0
2025-06-18 02:20:00+00:00,13.350000381469727,13.369999885559082,13.34000015258789,13.369999885559082,794205,0.0,0.0,0.0
2025-06-18 02:25:00+00:00,13.369999885559082,13.380000114440918,13.369999885559082,13.369999885559082,162548,0.0,0.0,0.0
2025-06-18 02:30:00+00:00,13.380000114440918,13.390000343322754,13.380000114440918,13.390000343322754,60204,0.0,0.0,0.0
2025-06-18 02:35:00+00:00,13.390000343322754,13.390000343322754,13.380000114440918,13.380000114440918,5121,0.0,0.0,0.0
2025-06-18 02:40:00+00:00,13.380000114440918,13.390000343322754,13.380000114440918,13.390000343322754,110015,0.0,0.0,0.0
2025-06-18 02:45:00+00:00,13.399999618530273,13.420000076293945,13.390000343322754,13.420000076293945,658355,0.0,0.0,0.0
2025-06-18 02:50:00+00:00,13.40999984741211,13.420000076293945,13.40999984741211,13.420000076293945,4024,0.0,0.0,0.0
2025-06-18 02:55:00+00:00,13.420000076293945,13.420000076293945,13.40999984741211,13.40999984741211,147159,0.0,0.0,0.0
2025-06-18 03:00:00+00:00,13.40999984741211,13.420000076293945,13.40999984741211,13.420000076293945,8068,0.0,0.0,0.0
2025-06-18 03:05:00+00:00,13.40999984741211,13.40999984741211,13.399999618530273,13.399999618530273,12477,0.0,0.0,0.0
2025-06-18 03:10:00+00:00,13.399999618530273,13.399999618530273,13.399999618530273,13.399999618530273,22190,0.0,0.0,0.0
2025-06-18 03:15:00+00:00,13.399999618530273,13.40999984741211,13.399999618530273,13.399999618530273,22473,0.0,0.0,0.0
2025-06-18 03:20:00+00:00,13.399999618530273,13.40999984741211,13.399999618530273,13.40999984741211,153827,0.0,0.0,0.0
2025-06-18 03:25:00+00:00,13.420000076293945,13.420000076293945,13.420000076293945,13.420000076293945,200411,0.0,0.0,0.0
2025-06-18 03:30:00+00:00,13.420000076293945,13.430000305175781,13.420000076293945,13.420000076293945,38554,0.0,0.0,0.0
2025-06-18 03:35:00+00:00,13.420000076293945,13.430000305175781,13.420000076293945,13.420000076293945,48038,0.0,0.0,0.0
2025-06-18 03:40:00+00:00,13.420000076293945,13.430000305175781,13.420000076293945,13.430000305175781,25264,0.0,0.0,0.0
2025-06-18 03:45:00+00:00,13.430000305175781,13.430000305175781,13.420000076293945,13.420000076293945,12015,0.0,0.0,0.0
2025-06-18 03:50:00+00:00,13.420000076293945,13.420000076293945,13.40999984741211,13.40999984741211,126035,0.0,0.0,0.0
2025-06-18 03:55:00+00:00,13.40999984741211,13.40999984741211,13.399999618530273,13.40999984741211,226614,0.0,0.0,0.0
2025-06-18 04:00:00+00:00,13.40999984741211,13.420000076293945,13.399999618530273,13.420000076293945,29370,0.0,0.0,0.0
2025-06-18 04:05:00+00:00,13.399999618530273,13.399999618530273,13.399999618530273,13.399999618530273,30121,0.0,0.0,0.0
2025-06-18 04:10:00+00:00,13.40999984741211,13.40999984741211,13.399999618530273,13.399999618530273,168359,0.0,0.0,0.0
2025-06-18 04:15:00+00:00,13.399999618530273,13.40999984741211,13.399999618530273,13.399999618530273,12075,0.0,0.0,0.0
2025-06-18 04:20:00+00:00,13.399999618530273,13.40999984741211,13.399999618530273,13.40999984741211,38129,0.0,0.0,0.0
2025-06-18 04:25:00+00:00,13.40999984741211,13.420000076293945,13.40999984741211,13.40999984741211,108205,0.0,0.0,0.0
2025-06-18 04:30:00+00:00,13.420000076293945,13.420000076293945,13.399999618530273,13.399999618530273,102462,0.0,0.0,0.0
2025-06-18 04:35:00+00:00,13.399999618530273,13.399999618530273,13.380000114440918,13.380000114440918,24200,0.0,0.0,0.0
2025-06-18 04:40:00+00:00,13.380000114440918,13.390000343322754,13.380000114440918,13.380000114440918,8227,0.0,0.0,0.0
2025-06-18 04:45:00+00:00,13.380000114440918,13.380000114440918,13.369999885559082,13.369999885559082,9250,0.0,0.0,0.0
2025-06-18 04:50:00+00:00,13.369999885559082,13.380000114440918,13.369999885559082,13.369999885559082,109300,0.0,0.0,0.0
2025-06-18 04:55:00+00:00,13.380000114440918,13.380000114440918,13.369999885559082,13.369999885559082,60227,0.0,0.0,0.0
2025-06-18 05:00:00+00:00,13.380000114440918,13.390000343322754,13.380000114440918,13.390000343322754,103400,0.0,0.0,0.0
2025-06-18 05:05:00+00:00,13.399999618530273,13.399999618530273,13.399999618530273,13.399999618530273,48243,0.0,0.0,0.0
2025-06-18 05:10:00+00:00,13.399999618530273,13.399999618530273,13.399999618530273,13.399999618530273,26357,0.0,0.0,0.0
2025-06-18 05:15:00+00:00,13.399999618530273,13.399999618530273,13.399999618530273,13.399999618530273,15217,0.0,0.0,0.0
2025-06-18 05:20:00+00:00,13.399999618530273,13.399999618530273,13.390000343322754,13.399999618530273,22663,0.0,0.0,0.0
2025-06-19 01:00:00+00:00,13.390000343322754,13.390000343322754,13.369999885559082,13.369999885559082,0,0.0,0.0,0.0
2025-06-19 01:05:00+00:00,13.350000381469727,13.350000381469727,13.350000381469727,13.350000381469727,60000,0.0,0.0,0.0
2025-06-19 01:10:00+00:00,13.359999656677246,13.359999656677246,13.350000381469727,13.359999656677246,38964,0.0,0.0,0.0
2025-06-19 01:15:00+00:00,13.359999656677246,13.369999885559082,13.359999656677246,13.369999885559082,141178,0.0,0.0,0.0
2025-06-19 01:20:00+00:00,13.369999885559082,13.369999885559082,13.359999656677246,13.369999885559082,10336,0.0,0.0,0.0
2025-06-19 01:25:00+00:00,13.359999656677246,13.359999656677246,13.350000381469727,13.350000381469727,37090,0.0,0.0,0.0
2025-06-19 01:30:00+00:00,13.359999656677246,13.359999656677246,13.34000015258789,13.34000015258789,11529,0.0,0.0,0.0
2025-06-19 01:35:00+00:00,13.34000015258789,13.34000015258789,13.329999923706055,13.329999923706055,21708,0.0,0.0,0.0
2025-06-19 01:40:00+00:00,13.319999694824219,13.319999694824219,13.3100004196167,13.319999694824219,26997,0.0,0.0,0.0
2025-06-19 01:45:00+00:00,13.3100004196167,13.329999923706055,13.3100004196167,13.329999923706055,46245,0.0,0.0,0.0
2025-06-19 01:50:00+00:00,13.329999923706055,13.329999923706055,13.319999694824219,13.319999694824219,11372,0.0,0.0,0.0
2025-06-19 01:55:00+00:00,13.319999694824219,13.319999694824219,13.3100004196167,13.3100004196167,74100,0.0,0.0,0.0
2025-06-19 02:00:00+00:00,13.319999694824219,13.319999694824219,13.3100004196167,13.3100004196167,17934,0.0,0.0,0.0
2025-06-19 02:05:00+00:00,13.319999694824219,13.329999923706055,13.319999694824219,13.329999923706055,51368,0.0,0.0,0.0
2025-06-19 02:10:00+00:00,13.329999923706055,13.329999923706055,13.319999694824219,13.319999694824219,71218,0.0,0.0,0.0
2025-06-19 02:15:00+00:00,13.319999694824219,13.319999694824219,13.300000190734863,13.300000190734863,67284,0.0,0.0,0.0
2025-06-19 02:20:00+00:00,13.300000190734863,13.300000190734863,13.300000190734863,13.300000190734863,7317,0.0,0.0,0.0
2025-06-19 02:25:00+00:00,13.300000190734863,13.300000190734863,13.300000190734863,13.300000190734863,22602,0.0,0.0,0.0
2025-06-19 02:30:00+00:00,13.3100004196167,13.3100004196167,13.3100004196167,13.3100004196167,7118,0.0,0.0,0.0
2025-06-19 02:35:00+00:00,13.300000190734863,13.3100004196167,13.300000190734863,13.3100004196167,7135,0.0,0.0,0.0
2025-06-19 02:40:00+00:00,13.300000190734863,13.3100004196167,13.300000190734863,13.300000190734863,56333,0.0,0.0,0.0
2025-06-19 02:45:00+00:00,13.3100004196167,13.3100004196167,13.279999732971191,13.279999732971191,39544,0.0,0.0,0.0
2025-06-19 02:50:00+00:00,13.279999732971191,13.289999961853027,13.279999732971191,13.289999961853027,10008,0.0,0.0,0.0
2025-06-19 02:55:00+00:00,13.289999961853027,13.289999961853027,13.270000457763672,13.279999732971191,46159,0.0,0.0,0.0
2025-06-19 03:00:00+00:00,13.289999961853027,13.300000190734863,13.289999961853027,13.300000190734863,15266,0.0,0.0,0.0
2025-06-19 03:05:00+00:00,13.300000190734863,13.300000190734863,13.300000190734863,13.300000190734863,13017,0.0,0.0,0.0
2025-06-19 03:10:00+00:00,13.300000190734863,13.3100004196167,13.300000190734863,13.3100004196167,20726,0.0,0.0,0.0
2025-06-19 03:15:00+00:00,13.3100004196167,13.3100004196167,13.3100004196167,13.3100004196167,6514,0.0,0.0,0.0
2025-06-19 03:20:00+00:00,13.319999694824219,13.319999694824219,13.3100004196167,13.3100004196167,3118,0.0,0.0,0.0
2025-06-19 03:25:00+00:00,13.319999694824219,13.319999694824219,13.319999694824219,13.319999694824219,51030,0.0,0.0,0.0
2025-06-19 03:30:00+00:00,13.329999923706055,13.329999923706055,13.319999694824219,13.319999694824219,8375,0.0,0.0,0.0
2025-06-19 03:35:00+00:00,13.319999694824219,13.319999694824219,13.319999694824219,13.319999694824219,26111,0.0,0.0,0.0
2025-06-19 03:40:00+00:00,13.319999694824219,13.329999923706055,13.319999694824219,13.329999923706055,4121,0.0,0.0,0.0
2025-06-19 03:45:00+00:00,13.329999923706055,13.329999923706055,13.319999694824219,13.319999694824219,10522,0.0,0.0,0.0
2025-06-19 03:50:00+00:00,13.319999694824219,13.329999923706055,13.319999694824219,13.319999694824219,4042,0.0,0.0,0.0
2025-06-19 03:55:00+00:00,13.329999923706055,13.329999923706055,13.319999694824219,13.319999694824219,16010,0.0,0.0,0.0
2025-06-19 04:00:00+00:00,13.329999923706055,13.329999923706055,13.319999694824219,13.319999694824219,108054,0.0,0.0,0.0
2025-06-19 04:05:00+00:00,13.319999694824219,13.319999694824219,13.319999694824219,13.319999694824219,2304,0.0,0.0,0.0
2025-06-19 04:10:00+00:00,13.3100004196167,13.3100004196167,13.3100004196167,13.3100004196167,62427,0.0,0.0,0.0
2025-06-19 04:15:00+00:00,13.3100004196167,13.319999694824219,13.3100004196167,13.319999694824219,4806,0.0,0.0,0.0
2025-06-19 04:20:00+00:00,13.3100004196167,13.3100004196167,13.300000190734863,13.300000190734863,47013,0.0,0.0,0.0
2025-06-19 04:25:00+00:00,13.3100004196167,13.3100004196167,13.300000190734863,13.300000190734863,47066,0.0,0.0,0.0
2025-06-19 04:30:00+00:00,13.3100004196167,13.3100004196167,13.300000190734863,13.300000190734863,14673,0.0,0.0,0.0
2025-06-19 04:35:00+00:00,13.300000190734863,13.300000190734863,13.300000190734863,13.300000190734863,13340,0.0,0.0,0.0
2025-06-19 04:40:00+00:00,13.3100004196167,13.3100004196167,13.300000190734863,13.3100004196167,11360,0.0,0.0,0.0
2025-06-19 04:45:00+00:00,13.3100004196167,13.3100004196167,13.300000190734863,13.3100004196167,9384,0.0,0.0,0.0
2025-06-19 04:50:00+00:00,13.300000190734863,13.300000190734863,13.300000190734863,13.300000190734863,6050,0.0,0.0,0.0
2025-06-19 04:55:00+00:00,13.300000190734863,13.300000190734863,13.300000190734863,13.300000190734863,25114,0.0,0.0,0.0
2025-06-19 05:00:00+00:00,13.300000190734863,13.300000190734863,13.289999961853027,13.289999961853027,253122,0.0,0.0,0.0
2025-06-19 05:05:00+00:00,13.289999961853027,13.289999961853027,13.289999961853027,13.289999961853027,39169,0.0,0.0,0.0
2025-06-19 05:10:00+00:00,13.289999961853027,13.289999961853027,13.279999732971191,13.279999732971191,15106,0.0,0.0,0.0
2025-06-19 05:15:00+00:00,13.289999961853027,13.289999961853027,13.279999732971191,13.279999732971191,25727,0.0,0.0,0.0
2025-06-19 05:20:00+00:00,13.289999961853027,13.289999961853027,13.289999961853027,13.289999961853027,19333,0.0,0.0,0.0
2025-06-20 01:00:00+00:00,13.289999961853027,13.300000190734863,13.289999961853027,13.289999961853027,0,0.0,0.0,0.0
2025-06-20 01:05:00+00:00,13.300000190734863,13.300000190734863,13.260000228881836,13.260000228881836,18071,0.0,0.0,0.0
2025-06-20 01:10:00+00:00,13.260000228881836,13.270000457763672,13.25,13.25,45991,0.0,0.0,0.0
2025-06-20 01:15:00+00:00,13.239999771118164,13.25,13.239999771118164,13.239999771118164,64224,0.0,0.0,0.0
2025-06-20 01:20:00+00:00,13.239999771118164,13.25,13.229999542236328,13.239999771118164,60161,0.0,0.0,0.0
2025-06-20 01:25:00+00:00,13.239999771118164,13.239999771118164,13.229999542236328,13.229999542236328,27073,0.0,0.0,0.0
2025-06-20 01:30:00+00:00,13.229999542236328,13.229999542236328,13.210000038146973,13.210000038146973,53814,0.0,0.0,0.0
2025-06-20 01:35:00+00:00,13.199999809265137,13.199999809265137,13.1899995803833,13.1899995803833,421211,0.0,0.0,0.0
2025-06-20 01:40:00+00:00,13.1899995803833,13.199999809265137,13.1899995803833,13.1899995803833,29845,0.0,0.0,0.0
2025-06-20 01:45:00+00:00,13.1899995803833,13.1899995803833,13.180000305175781,13.180000305175781,61016,0.0,0.0,0.0
2025-06-20 01:50:00+00:00,13.180000305175781,13.180000305175781,13.180000305175781,13.180000305175781,6599,0.0,0.0,0.0
2025-06-20 01:55:00+00:00,13.170000076293945,13.170000076293945,13.170000076293945,13.170000076293945,42536,0.0,0.0,0.0
2025-06-20 02:00:00+00:00,13.180000305175781,13.180000305175781,13.180000305175781,13.180000305175781,13738,0.0,0.0,0.0
2025-06-20 02:05:00+00:00,13.180000305175781,13.180000305175781,13.170000076293945,13.180000305175781,11418,0.0,0.0,0.0
2025-06-20 02:10:00+00:00,13.180000305175781,13.180000305175781,13.15999984741211,13.15999984741211,57110,0.0,0.0,0.0
2025-06-20 02:15:00+00:00,13.15999984741211,13.15999984741211,13.149999618530273,13.15999984741211,50335,0.0,0.0,0.0
2025-06-20 02:20:00+00:00,13.15999984741211,13.15999984741211,13.149999618530273,13.15999984741211,16218,0.0,0.0,0.0
2025-06-20 02:25:00+00:00,13.170000076293945,13.170000076293945,13.170000076293945,13.170000076293945,4181,0.0,0.0,0.0
2025-06-20 02:30:00+00:00,13.170000076293945,13.180000305175781,13.170000076293945,13.180000305175781,95314,0.0,0.0,0.0
2025-06-20 02:35:00+00:00,13.1899995803833,13.199999809265137,13.1899995803833,13.199999809265137,36169,0.0,0.0,0.0
2025-06-20 02:40:00+00:00,13.199999809265137,13.199999809265137,13.1899995803833,13.1899995803833,39059,0.0,0.0,0.0
2025-06-20 02:45:00+00:00,13.1899995803833,13.199999809265137,13.1899995803833,13.199999809265137,3174,0.0,0.0,0.0
2025-06-20 02:50:00+00:00,13.199999809265137,13.199999809265137,13.1899995803833,13.1899995803833,151235,0.0,0.0,0.0
2025-06-20 02:55:00+00:00,13.1899995803833,13.1899995803833,13.1899995803833,13.1899995803833,11530,0.0,0.0,0.0
2025-06-20 03:00:00+00:00,13.180000305175781,13.180000305175781,13.180000305175781,13.180000305175781,29266,0.0,0.0,0.0
2025-06-20 03:05:00+00:00,13.180000305175781,13.180000305175781,13.180000305175781,13.180000305175781,3205,0.0,0.0,0.0
2025-06-20 03:10:00+00:00,13.180000305175781,13.180000305175781,13.180000305175781,13.180000305175781,2144,0.0,0.0,0.0
2025-06-20 03:15:00+00:00,13.180000305175781,13.180000305175781,13.170000076293945,13.170000076293945,10387,0.0,0.0,0.0
2025-06-20 03:20:00+00:00,13.180000305175781,13.1899995803833,13.170000076293945,13.1899995803833,6151,0.0,0.0,0.0
2025-06-20 03:25:00+00:00,13.1899995803833,13.1899995803833,13.1899995803833,13.1899995803833,13269,0.0,0.0,0.0
2025-06-20 03:30:00+00:00,13.199999809265137,13.199999809265137,13.199999809265137,13.199999809265137,13686,0.0,0.0,0.0
2025-06-20 03:35:00+00:00,13.199999809265137,13.199999809265137,13.199999809265137,13.199999809265137,38024,0.0,0.0,0.0
2025-06-20 03:40:00+00:00,13.210000038146973,13.220000267028809,13.210000038146973,13.220000267028809,5124,0.0,0.0,0.0
2025-06-20 03:45:00+00:00,13.210000038146973,13.220000267028809,13.210000038146973,13.220000267028809,8320,0.0,0.0,0.0
2025-06-20 03:50:00+00:00,13.210000038146973,13.229999542236328,13.210000038146973,13.229999542236328,74076,0.0,0.0,0.0
2025-06-20 03:55:00+00:00,13.239999771118164,13.25,13.229999542236328,13.25,40063,0.0,0.0,0.0
2025-06-20 04:00:00+00:00,13.25,13.25,13.25,13.25,6053,0.0,0.0,0.0
2025-06-20 04:05:00+00:00,13.25,13.25,13.25,13.25,5187,0.0,0.0,0.0
2025-06-20 04:10:00+00:00,13.25,13.25,13.25,13.25,34137,0.0,0.0,0.0
2025-06-20 04:15:00+00:00,13.25,13.25,13.239999771118164,13.25,5153,0.0,0.0,0.0
2025-06-20 04:20:00+00:00,13.25,13.25,13.239999771118164,13.25,8682,0.0,0.0,0.0
2025-06-20 04:25:00+00:00,13.25,13.25,13.25,13.25,1055,0.0,0.0,0.0
2025-06-20 04:30:00+00:00,13.25,13.25,13.239999771118164,13.239999771118164,4486,0.0,0.0,0.0
2025-06-20 04:35:00+00:00,13.239999771118164,13.239999771118164,13.239999771118164,13.239999771118164,3010,0.0,0.0,0.0
2025-06-20 04:40:00+00:00,13.239999771118164,13.239999771118164,13.220000267028809,13.220000267028809,18183,0.0,0.0,0.0
2025-06-20 04:45:00+00:00,13.210000038146973,13.210000038146973,13.210000038146973,13.210000038146973,19425,0.0,0.0,0.0
2025-06-20 04:50:00+00:00,13.210000038146973,13.229999542236328,13.210000038146973,13.229999542236328,90110,0.0,0.0,0.0
2025-06-20 04:55:00+00:00,13.229999542236328,13.239999771118164,13.229999542236328,13.239999771118164,37694,0.0,0.0,0.0
2025-06-20 05:00:00+00:00,13.239999771118164,13.239999771118164,13.239999771118164,13.239999771118164,3310,0.0,0.0,0.0
2025-06-20 05:05:00+00:00,13.239999771118164,13.239999771118164,13.229999542236328,13.229999542236328,10010,0.0,0.0,0.0
2025-06-20 05:10:00+00:00,13.229999542236328,13.229999542236328,13.229999542236328,13.229999542236328,17398,0.0,0.0,0.0
2025-06-20 05:15:00+00:00,13.229999542236328,13.229999542236328,13.220000267028809,13.229999542236328,5926,0.0,0.0,0.0
2025-06-20 05:20:00+00:00,13.229999542236328,13.229999542236328,13.220000267028809,13.229999542236328,52161,0.0,0.0,0.0
2025-06-23 01:00:00+00:00,13.100000381469727,13.100000381469727,13.050000190734863,13.0600004196167,0,0.0,0.0,0.0
2025-06-23 01:05:00+00:00,13.069999694824219,13.100000381469727,13.0600004196167,13.100000381469727,79317,0.0,0.0,0.0
2025-06-23 01:10:00+00:00,13.119999885559082,13.140000343322754,13.119999885559082,13.130000114440918,77550,0.0,0.0,0.0
2025-06-23 01:15:00+00:00,13.130000114440918,13.130000114440918,13.09000015258789,13.09000015258789,102353,0.0,0.0,0.0
2025-06-23 01:20:00+00:00,13.09000015258789,13.09000015258789,13.069999694824219,13.079999923706055,62594,0.0,0.0,0.0
2025-06-23 01:25:00+00:00,13.079999923706055,13.079999923706055,13.079999923706055,13.079999923706055,32738,0.0,0.0,0.0
2025-06-23 01:30:00+00:00,13.079999923706055,13.09000015258789,13.0600004196167,13.09000015258789,122909,0.0,0.0,0.0
2025-06-23 01:35:00+00:00,13.09000015258789,13.109999656677246,13.09000015258789,13.100000381469727,164084,0.0,0.0,0.0
2025-06-23 01:40:00+00:00,13.09000015258789,13.100000381469727,13.09000015258789,13.09000015258789,28960,0.0,0.0,0.0
2025-06-23 01:45:00+00:00,13.09000015258789,13.109999656677246,13.09000015258789,13.109999656677246,35645,0.0,0.0,0.0
2025-06-23 01:50:00+00:00,13.109999656677246,13.130000114440918,13.109999656677246,13.130000114440918,52325,0.0,0.0,0.0
2025-06-23 01:55:00+00:00,13.130000114440918,13.130000114440918,13.119999885559082,13.119999885559082,11314,0.0,0.0,0.0
2025-06-23 02:00:00+00:00,13.130000114440918,13.130000114440918,13.119999885559082,13.119999885559082,64510,0.0,0.0,0.0
2025-06-23 02:05:00+00:00,13.119999885559082,13.119999885559082,13.109999656677246,13.119999885559082,55814,0.0,0.0,0.0
2025-06-23 02:10:00+00:00,13.140000343322754,13.140000343322754,13.130000114440918,13.130000114440918,7465,0.0,0.0,0.0
2025-06-23 02:15:00+00:00,13.140000343322754,13.140000343322754,13.140000343322754,13.140000343322754,7005,0.0,0.0,0.0
2025-06-23 02:20:00+00:00,13.140000343322754,13.140000343322754,13.130000114440918,13.140000343322754,9758,0.0,0.0,0.0
2025-06-23 02:25:00+00:00,13.140000343322754,13.140000343322754,13.140000343322754,13.140000343322754,5889,0.0,0.0,0.0
2025-06-23 02:30:00+00:00,13.140000343322754,13.140000343322754,13.140000343322754,13.140000343322754,12438,0.0,0.0,0.0
2025-06-23 02:35:00+00:00,13.130000114440918,13.140000343322754,13.130000114440918,13.140000343322754,52234,0.0,0.0,0.0
2025-06-23 02:40:00+00:00,13.149999618530273,13.149999618530273,13.140000343322754,13.140000343322754,13437,0.0,0.0,0.0
2025-06-23 02:45:00+00:00,13.149999618530273,13.149999618530273,13.140000343322754,13.149999618530273,12416,0.0,0.0,0.0
2025-06-23 02:50:00+00:00,13.149999618530273,13.149999618530273,13.149999618530273,13.149999618530273,34382,0.0,0.0,0.0
2025-06-23 02:55:00+00:00,13.149999618530273,13.149999618530273,13.140000343322754,13.140000343322754,14716,0.0,0.0,0.0
2025-06-23 03:00:00+00:00,13.130000114440918,13.149999618530273,13.119999885559082,13.149999618530273,17145,0.0,0.0,0.0
2025-06-23 03:05:00+00:00,13.149999618530273,13.149999618530273,13.130000114440918,13.130000114440918,5183,0.0,0.0,0.0
2025-06-23 03:10:00+00:00,13.149999618530273,13.149999618530273,13.140000343322754,13.140000343322754,22164,0.0,0.0,0.0
2025-06-23 03:15:00+00:00,13.140000343322754,13.149999618530273,13.140000343322754,13.149999618530273,3270,0.0,0.0,0.0
2025-06-23 03:20:00+00:00,13.149999618530273,13.149999618530273,13.140000343322754,13.140000343322754,6138,0.0,0.0,0.0
2025-06-23 03:25:00+00:00,13.140000343322754,13.149999618530273,13.140000343322754,13.149999618530273,3079,0.0,0.0,0.0
2025-06-23 03:30:00+00:00,13.149999618530273,13.15999984741211,13.149999618530273,13.15999984741211,10049,0.0,0.0,0.0
2025-06-23 03:35:00+00:00,13.15999984741211,13.15999984741211,13.15999984741211,13.15999984741211,3206,0.0,0.0,0.0
2025-06-23 03:40:00+00:00,13.15999984741211,13.15999984741211,13.149999618530273,13.149999618530273,5004,0.0,0.0,0.0
2025-06-23 03:45:00+00:00,13.149999618530273,13.15999984741211,13.149999618530273,13.15999984741211,8084,0.0,0.0,0.0
2025-06-23 03:50:00+00:00,13.15999984741211,13.170000076293945,13.149999618530273,13.149999618530273,8091,0.0,0.0,0.0
2025-06-23 03:55:00+00:00,13.170000076293945,13.170000076293945,13.170000076293945,13.170000076293945,4108,0.0,0.0,0.0
2025-06-23 04:00:00+00:00,13.15999984741211,13.15999984741211,13.15999984741211,13.15999984741211,3129,0.0,0.0,0.0
2025-06-23 04:05:00+00:00,13.149999618530273,13.15999984741211,13.149999618530273,13.15999984741211,6565,0.0,0.0,0.0
2025-06-23 04:10:00+00:00,13.15999984741211,13.15999984741211,13.15999984741211,13.15999984741211,3823,0.0,0.0,0.0
2025-06-23 04:15:00+00:00,13.15999984741211,13.15999984741211,13.149999618530273,13.15999984741211,20284,0.0,0.0,0.0
2025-06-23 04:20:00+00:00,13.15999984741211,13.15999984741211,13.149999618530273,13.15999984741211,7110,0.0,0.0,0.0
2025-06-23 04:25:00+00:00,13.15999984741211,13.15999984741211,13.149999618530273,13.149999618530273,22061,0.0,0.0,0.0
2025-06-23 04:30:00+00:00,13.15999984741211,13.15999984741211,13.149999618530273,13.15999984741211,38328,0.0,0.0,0.0
2025-06-23 04:35:00+00:00,13.15999984741211,13.15999984741211,13.15999984741211,13.15999984741211,11100,0.0,0.0,0.0
2025-06-23 04:40:00+00:00,13.15999984741211,13.15999984741211,13.15999984741211,13.15999984741211,14300,0.0,0.0,0.0
2025-06-23 04:45:00+00:00,13.15999984741211,13.170000076293945,13.15999984741211,13.170000076293945,32080,0.0,0.0,0.0
2025-06-23 04:50:00+00:00,13.170000076293945,13.170000076293945,13.149999618530273,13.149999618530273,16209,0.0,0.0,0.0
2025-06-23 04:55:00+00:00,13.149999618530273,13.170000076293945,13.149999618530273,13.170000076293945,5486,0.0,0.0,0.0
2025-06-23 05:00:00+00:00,13.15999984741211,13.15999984741211,13.149999618530273,13.15999984741211,57116,0.0,0.0,0.0
2025-06-23 05:05:00+00:00,13.15999984741211,13.1899995803833,13.15999984741211,13.1899995803833,42311,0.0,0.0,0.0
2025-06-23 05:10:00+00:00,13.170000076293945,13.180000305175781,13.15999984741211,13.180000305175781,107044,0.0,0.0,0.0
2025-06-23 05:15:00+00:00,13.1899995803833,13.199999809265137,13.180000305175781,13.199999809265137,169805,0.0,0.0,0.0
2025-06-23 05:20:00+00:00,13.199999809265137,13.199999809265137,13.1899995803833,13.1899995803833,16791,0.0,0.0,0.0
2025-06-24 01:00:00+00:00,13.390000343322754,13.390000343322754,13.390000343322754,13.390000343322754,0,0.0,0.0,0.0
2025-06-24 01:05:00+00:00,13.390000343322754,13.449999809265137,13.390000343322754,13.430000305175781,429000,0.0,0.0,0.0
2025-06-24 01:10:00+00:00,13.430000305175781,13.430000305175781,13.420000076293945,13.420000076293945,191530,0.0,0.0,0.0
2025-06-24 01:15:00+00:00,13.420000076293945,13.449999809265137,13.420000076293945,13.449999809265137,225862,0.0,0.0,0.0
2025-06-24 01:20:00+00:00,13.449999809265137,13.449999809265137,13.4399995803833,13.4399995803833,57549,0.0,0.0,0.0
2025-06-24 01:25:00+00:00,13.4399995803833,13.449999809265137,13.420000076293945,13.420000076293945,120198,0.0,0.0,0.0
2025-06-24 01:30:00+00:00,13.420000076293945,13.420000076293945,13.40999984741211,13.40999984741211,25078,0.0,0.0,0.0
2025-06-24 01:35:00+00:00,13.40999984741211,13.40999984741211,13.40999984741211,13.40999984741211,60044,0.0,0.0,0.0
2025-06-24 01:40:00+00:00,13.420000076293945,13.4399995803833,13.420000076293945,13.4399995803833,146069,0.0,0.0,0.0
2025-06-24 01:45:00+00:00,13.4399995803833,13.449999809265137,13.430000305175781,13.4399995803833,88644,0.0,0.0,0.0
2025-06-24 01:50:00+00:00,13.4399995803833,13.4399995803833,13.430000305175781,13.430000305175781,39109,0.0,0.0,0.0
2025-06-24 01:55:00+00:00,13.4399995803833,13.449999809265137,13.430000305175781,13.430000305175781,85034,0.0,0.0,0.0
2025-06-24 02:00:00+00:00,13.4399995803833,13.4399995803833,13.430000305175781,13.4399995803833,16014,0.0,0.0,0.0
2025-06-24 02:05:00+00:00,13.430000305175781,13.430000305175781,13.40999984741211,13.40999984741211,49718,0.0,0.0,0.0
2025-06-24 02:10:00+00:00,13.40999984741211,13.40999984741211,13.40999984741211,13.40999984741211,23447,0.0,0.0,0.0
2025-06-24 02:15:00+00:00,13.399999618530273,13.399999618530273,13.390000343322754,13.390000343322754,335029,0.0,0.0,0.0
2025-06-24 02:20:00+00:00,13.390000343322754,13.399999618530273,13.390000343322754,13.399999618530273,19240,0.0,0.0,0.0
2025-06-24 02:25:00+00:00,13.390000343322754,13.390000343322754,13.390000343322754,13.390000343322754,7068,0.0,0.0,0.0
2025-06-24 02:30:00+00:00,13.399999618530273,13.399999618530273,13.399999618530273,13.399999618530273,49199,0.0,0.0,0.0
2025-06-24 02:35:00+00:00,13.399999618530273,13.399999618530273,13.390000343322754,13.390000343322754,4040,0.0,0.0,0.0
2025-06-24 02:40:00+00:00,13.390000343322754,13.390000343322754,13.390000343322754,13.390000343322754,15336,0.0,0.0,0.0
2025-06-24 02:45:00+00:00,13.390000343322754,13.390000343322754,13.390000343322754,13.390000343322754,3016,0.0,0.0,0.0
2025-06-24 02:50:00+00:00,13.390000343322754,13.390000343322754,13.390000343322754,13.390000343322754,3302,0.0,0.0,0.0
2025-06-24 02:55:00+00:00,13.390000343322754,13.399999618530273,13.390000343322754,13.399999618530273,24196,0.0,0.0,0.0
2025-06-24 03:00:00+00:00,13.399999618530273,13.399999618530273,13.399999618530273,13.399999618530273,52045,0.0,0.0,0.0
2025-06-24 03:05:00+00:00,13.399999618530273,13.399999618530273,13.399999618530273,13.399999618530273,23137,0.0,0.0,0.0
2025-06-24 03:10:00+00:00,13.399999618530273,13.420000076293945,13.399999618530273,13.420000076293945,179260,0.0,0.0,0.0
2025-06-24 03:15:00+00:00,13.40999984741211,13.430000305175781,13.40999984741211,13.420000076293945,67415,0.0,0.0,0.0
2025-06-24 03:20:00+00:00,13.420000076293945,13.4399995803833,13.420000076293945,13.430000305175781,59793,0.0,0.0,0.0
2025-06-24 03:25:00+00:00,13.430000305175781,13.430000305175781,13.430000305175781,13.430000305175781,19313,0.0,0.0,0.0
2025-06-24 03:30:00+00:00,13.4399995803833,13.4399995803833,13.430000305175781,13.4399995803833,114701,0.0,0.0,0.0
2025-06-24 03:35:00+00:00,13.4399995803833,13.449999809265137,13.4399995803833,13.449999809265137,5016,0.0,0.0,0.0
2025-06-24 03:40:00+00:00,13.4399995803833,13.449999809265137,13.4399995803833,13.449999809265137,21678,0.0,0.0,0.0
2025-06-24 03:45:00+00:00,13.4399995803833,13.449999809265137,13.4399995803833,13.449999809265137,83005,0.0,0.0,0.0
2025-06-24 03:50:00+00:00,13.449999809265137,13.449999809265137,13.4399995803833,13.4399995803833,19137,0.0,0.0,0.0
2025-06-24 03:55:00+00:00,13.4399995803833,13.4399995803833,13.4399995803833,13.4399995803833,22027,0.0,0.0,0.0
2025-06-24 04:00:00+00:00,13.4399995803833,13.4399995803833,13.4399995803833,13.4399995803833,4042,0.0,0.0,0.0
2025-06-24 04:05:00+00:00,13.430000305175781,13.4399995803833,13.430000305175781,13.4399995803833,13038,0.0,0.0,0.0
2025-06-24 04:10:00+00:00,13.430000305175781,13.4399995803833,13.430000305175781,13.430000305175781,28758,0.0,0.0,0.0
2025-06-24 04:20:00+00:00,13.420000076293945,13.430000305175781,13.420000076293945,13.420000076293945,87541,0.0,0.0,0.0
2025-06-24 04:25:00+00:00,13.420000076293945,13.420000076293945,13.420000076293945,13.420000076293945,46110,0.0,0.0,0.0
2025-06-24 04:30:00+00:00,13.430000305175781,13.430000305175781,13.420000076293945,13.420000076293945,5413,0.0,0.0,0.0
2025-06-24 04:35:00+00:00,13.420000076293945,13.420000076293945,13.420000076293945,13.420000076293945,31160,0.0,0.0,0.0
2025-06-24 04:40:00+00:00,13.430000305175781,13.4399995803833,13.420000076293945,13.430000305175781,86771,0.0,0.0,0.0
2025-06-24 04:45:00+00:00,13.430000305175781,13.430000305175781,13.430000305175781,13.430000305175781,6610,0.0,0.0,0.0
2025-06-24 04:50:00+00:00,13.4399995803833,13.4399995803833,13.4399995803833,13.4399995803833,611601,0.0,0.0,0.0
2025-06-24 04:55:00+00:00,13.4399995803833,13.449999809265137,13.4399995803833,13.4399995803833,29115,0.0,0.0,0.0
2025-06-24 05:00:00+00:00,13.4399995803833,13.449999809265137,13.4399995803833,13.4399995803833,28795,0.0,0.0,0.0
2025-06-24 05:05:00+00:00,13.4399995803833,13.4399995803833,13.4399995803833,13.4399995803833,17177,0.0,0.0,0.0
2025-06-24 05:10:00+00:00,13.4399995803833,13.4399995803833,13.4399995803833,13.4399995803833,9168,0.0,0.0,0.0
2025-06-24 05:15:00+00:00,13.449999809265137,13.449999809265137,13.4399995803833,13.4399995803833,11658,0.0,0.0,0.0
2025-06-24 05:20:00+00:00,13.4399995803833,13.4399995803833,13.430000305175781,13.4399995803833,79297,0.0,0.0,0.0
2025-06-25 01:00:00+00:00,13.550000190734863,13.5600004196167,13.539999961853027,13.550000190734863,0,0.0,0.0,0.0
2025-06-25 01:05:00+00:00,13.550000190734863,13.550000190734863,13.529999732971191,13.539999961853027,129000,0.0,0.0,0.0
2025-06-25 01:10:00+00:00,13.539999961853027,13.550000190734863,13.539999961853027,13.550000190734863,144945,0.0,0.0,0.0
2025-06-25 01:15:00+00:00,13.539999961853027,13.539999961853027,13.539999961853027,13.539999961853027,130078,0.0,0.0,0.0
2025-06-25 01:20:00+00:00,13.539999961853027,13.539999961853027,13.529999732971191,13.529999732971191,38251,0.0,0.0,0.0
2025-06-25 01:25:00+00:00,13.529999732971191,13.529999732971191,13.520000457763672,13.520000457763672,22000,0.0,0.0,0.0
2025-06-25 01:30:00+00:00,13.529999732971191,13.539999961853027,13.520000457763672,13.539999961853027,216570,0.0,0.0,0.0
2025-06-25 01:35:00+00:00,13.539999961853027,13.550000190734863,13.520000457763672,13.520000457763672,202471,0.0,0.0,0.0
2025-06-25 01:40:00+00:00,13.529999732971191,13.539999961853027,13.529999732971191,13.529999732971191,247213,0.0,0.0,0.0
2025-06-25 01:45:00+00:00,13.529999732971191,13.539999961853027,13.529999732971191,13.529999732971191,36433,0.0,0.0,0.0
2025-06-25 01:50:00+00:00,13.529999732971191,13.529999732971191,13.520000457763672,13.529999732971191,24842,0.0,0.0,0.0
2025-06-25 01:55:00+00:00,13.520000457763672,13.529999732971191,13.520000457763672,13.520000457763672,13163,0.0,0.0,0.0
2025-06-25 02:00:00+00:00,13.529999732971191,13.529999732971191,13.520000457763672,13.520000457763672,50623,0.0,0.0,0.0
2025-06-25 02:05:00+00:00,13.520000457763672,13.529999732971191,13.520000457763672,13.520000457763672,70407,0.0,0.0,0.0
2025-06-25 02:10:00+00:00,13.529999732971191,13.539999961853027,13.529999732971191,13.529999732971191,266346,0.0,0.0,0.0
2025-06-25 02:15:00+00:00,13.539999961853027,13.539999961853027,13.529999732971191,13.529999732971191,85617,0.0,0.0,0.0
2025-06-25 02:20:00+00:00,13.529999732971191,13.539999961853027,13.529999732971191,13.529999732971191,13513,0.0,0.0,0.0
2025-06-25 02:25:00+00:00,13.520000457763672,13.520000457763672,13.520000457763672,13.520000457763672,2011,0.0,0.0,0.0
2025-06-25 02:30:00+00:00,13.520000457763672,13.529999732971191,13.520000457763672,13.520000457763672,43480,0.0,0.0,0.0
2025-06-25 02:35:00+00:00,13.520000457763672,13.529999732971191,13.520000457763672,13.520000457763672,88046,0.0,0.0,0.0
2025-06-25 02:40:00+00:00,13.529999732971191,13.529999732971191,13.520000457763672,13.520000457763672,47068,0.0,0.0,0.0
2025-06-25 02:45:00+00:00,13.520000457763672,13.529999732971191,13.520000457763672,13.529999732971191,2098,0.0,0.0,0.0
2025-06-25 02:50:00+00:00,13.520000457763672,13.529999732971191,13.520000457763672,13.520000457763672,65048,0.0,0.0,0.0
2025-06-25 02:55:00+00:00,13.520000457763672,13.529999732971191,13.520000457763672,13.529999732971191,13087,0.0,0.0,0.0
2025-06-25 03:00:00+00:00,13.539999961853027,13.539999961853027,13.529999732971191,13.529999732971191,4135,0.0,0.0,0.0
2025-06-25 03:05:00+00:00,13.539999961853027,13.539999961853027,13.529999732971191,13.539999961853027,20265,0.0,0.0,0.0
2025-06-25 03:10:00+00:00,13.520000457763672,13.539999961853027,13.520000457763672,13.539999961853027,6027,0.0,0.0,0.0
2025-06-25 03:15:00+00:00,13.529999732971191,13.539999961853027,13.520000457763672,13.539999961853027,21280,0.0,0.0,0.0
2025-06-25 03:20:00+00:00,13.520000457763672,13.550000190734863,13.520000457763672,13.550000190734863,533109,0.0,0.0,0.0
2025-06-25 03:25:00+00:00,13.550000190734863,13.550000190734863,13.550000190734863,13.550000190734863,173187,0.0,0.0,0.0
2025-06-25 03:30:00+00:00,13.5600004196167,13.5600004196167,13.550000190734863,13.5600004196167,523285,0.0,0.0,0.0
2025-06-25 03:35:00+00:00,13.5600004196167,13.5600004196167,13.5600004196167,13.5600004196167,20212,0.0,0.0,0.0
2025-06-25 03:40:00+00:00,13.550000190734863,13.5600004196167,13.550000190734863,13.5600004196167,29027,0.0,0.0,0.0
2025-06-25 03:45:00+00:00,13.5600004196167,13.5600004196167,13.550000190734863,13.550000190734863,19037,0.0,0.0,0.0
2025-06-25 03:50:00+00:00,13.550000190734863,13.550000190734863,13.550000190734863,13.550000190734863,62194,0.0,0.0,0.0
2025-06-25 03:55:00+00:00,13.550000190734863,13.5600004196167,13.550000190734863,13.550000190734863,28192,0.0,0.0,0.0
2025-06-25 04:00:00+00:00,13.550000190734863,13.550000190734863,13.550000190734863,13.550000190734863,30126,0.0,0.0,0.0
2025-06-25 04:05:00+00:00,13.539999961853027,13.550000190734863,13.529999732971191,13.529999732971191,28112,0.0,0.0,0.0
2025-06-25 04:10:00+00:00,13.529999732971191,13.529999732971191,13.529999732971191,13.529999732971191,23568,0.0,0.0,0.0
2025-06-25 04:15:00+00:00,13.529999732971191,13.539999961853027,13.529999732971191,13.529999732971191,31774,0.0,0.0,0.0
2025-06-25 04:20:00+00:00,13.529999732971191,13.529999732971191,13.529999732971191,13.529999732971191,17095,0.0,0.0,0.0
2025-06-25 04:25:00+00:00,13.529999732971191,13.539999961853027,13.529999732971191,13.539999961853027,21809,0.0,0.0,0.0
2025-06-25 04:30:00+00:00,13.539999961853027,13.539999961853027,13.529999732971191,13.529999732971191,8903,0.0,0.0,0.0
2025-06-25 04:35:00+00:00,13.539999961853027,13.539999961853027,13.539999961853027,13.539999961853027,112738,0.0,0.0,0.0
2025-06-25 04:40:00+00:00,13.539999961853027,13.539999961853027,13.539999961853027,13.539999961853027,39175,0.0,0.0,0.0
2025-06-25 04:45:00+00:00,13.539999961853027,13.550000190734863,13.539999961853027,13.550000190734863,82800,0.0,0.0,0.0
2025-06-25 04:50:00+00:00,13.539999961853027,13.550000190734863,13.539999961853027,13.550000190734863,13270,0.0,0.0,0.0
2025-06-25 04:55:00+00:00,13.550000190734863,13.550000190734863,13.539999961853027,13.550000190734863,166937,0.0,0.0,0.0
2025-06-25 05:00:00+00:00,13.539999961853027,13.550000190734863,13.539999961853027,13.550000190734863,56140,0.0,0.0,0.0
2025-06-25 05:05:00+00:00,13.550000190734863,13.5600004196167,13.550000190734863,13.5600004196167,71510,0.0,0.0,0.0
2025-06-25 05:10:00+00:00,13.5600004196167,13.569999694824219,13.5600004196167,13.5600004196167,196492,0.0,0.0,0.0
2025-06-25 05:15:00+00:00,13.5600004196167,13.5600004196167,13.550000190734863,13.550000190734863,73302,0.0,0.0,0.0
2025-06-25 05:20:00+00:00,13.5600004196167,13.5600004196167,13.550000190734863,13.550000190734863,35566,0.0,0.0,0.0
2025-06-26 01:00:00+00:00,13.579999923706055,13.579999923706055,13.569999694824219,13.569999694824219,0,0.0,0.0,0.0
2025-06-26 01:05:00+00:00,13.579999923706055,13.600000381469727,13.579999923706055,13.59000015258789,65000,0.0,0.0,0.0
2025-06-26 01:10:00+00:00,13.600000381469727,13.609999656677246,13.579999923706055,13.600000381469727,589857,0.0,0.0,0.0
2025-06-26 01:15:00+00:00,13.600000381469727,13.609999656677246,13.600000381469727,13.609999656677246,50515,0.0,0.0,0.0
2025-06-26 01:20:00+00:00,13.619999885559082,13.619999885559082,13.619999885559082,13.619999885559082,33426,0.0,0.0,0.0
2025-06-26 01:25:00+00:00,13.600000381469727,13.600000381469727,13.600000381469727,13.600000381469727,21956,0.0,0.0,0.0
2025-06-26 01:30:00+00:00,13.609999656677246,13.609999656677246,13.59000015258789,13.59000015258789,43015,0.0,0.0,0.0
2025-06-26 01:35:00+00:00,13.579999923706055,13.579999923706055,13.569999694824219,13.569999694824219,24769,0.0,0.0,0.0
2025-06-26 01:40:00+00:00,13.579999923706055,13.579999923706055,13.579999923706055,13.579999923706055,4345,0.0,0.0,0.0
2025-06-26 01:45:00+00:00,13.579999923706055,13.59000015258789,13.579999923706055,13.59000015258789,65581,0.0,0.0,0.0
2025-06-26 01:50:00+00:00,13.579999923706055,13.59000015258789,13.569999694824219,13.569999694824219,66106,0.0,0.0,0.0
2025-06-26 01:55:00+00:00,13.579999923706055,13.579999923706055,13.5600004196167,13.5600004196167,3164,0.0,0.0,0.0
2025-06-26 02:00:00+00:00,13.5600004196167,13.579999923706055,13.5600004196167,13.579999923706055,186357,0.0,0.0,0.0
2025-06-26 02:05:00+00:00,13.59000015258789,13.600000381469727,13.579999923706055,13.600000381469727,179355,0.0,0.0,0.0
2025-06-26 02:10:00+00:00,13.600000381469727,13.619999885559082,13.600000381469727,13.619999885559082,339359,0.0,0.0,0.0
2025-06-26 02:15:00+00:00,13.619999885559082,13.640000343322754,13.619999885559082,13.619999885559082,186798,0.0,0.0,0.0
2025-06-26 02:20:00+00:00,13.630000114440918,13.640000343322754,13.609999656677246,13.619999885559082,520635,0.0,0.0,0.0
2025-06-26 02:25:00+00:00,13.619999885559082,13.619999885559082,13.609999656677246,13.609999656677246,3032,0.0,0.0,0.0
2025-06-26 02:30:00+00:00,13.619999885559082,13.619999885559082,13.619999885559082,13.619999885559082,3127,0.0,0.0,0.0
2025-06-26 02:35:00+00:00,13.609999656677246,13.609999656677246,13.600000381469727,13.600000381469727,29340,0.0,0.0,0.0
2025-06-26 02:40:00+00:00,13.600000381469727,13.600000381469727,13.59000015258789,13.59000015258789,31217,0.0,0.0,0.0
2025-06-26 02:45:00+00:00,13.600000381469727,13.600000381469727,13.579999923706055,13.579999923706055,45188,0.0,0.0,0.0
2025-06-26 02:50:00+00:00,13.59000015258789,13.600000381469727,13.579999923706055,13.600000381469727,70251,0.0,0.0,0.0
2025-06-26 02:55:00+00:00,13.600000381469727,13.600000381469727,13.600000381469727,13.600000381469727,2010,0.0,0.0,0.0
2025-06-26 03:00:00+00:00,13.600000381469727,13.600000381469727,13.59000015258789,13.59000015258789,6980,0.0,0.0,0.0
2025-06-26 03:05:00+00:00,13.59000015258789,13.59000015258789,13.59000015258789,13.59000015258789,553838,0.0,0.0,0.0
2025-06-26 03:10:00+00:00,13.59000015258789,13.59000015258789,13.579999923706055,13.579999923706055,20034,0.0,0.0,0.0
2025-06-26 03:15:00+00:00,13.579999923706055,13.579999923706055,13.569999694824219,13.569999694824219,5047,0.0,0.0,0.0
2025-06-26 03:20:00+00:00,13.579999923706055,13.579999923706055,13.569999694824219,13.579999923706055,27132,0.0,0.0,0.0
2025-06-26 03:25:00+00:00,13.579999923706055,13.579999923706055,13.579999923706055,13.579999923706055,8027,0.0,0.0,0.0
2025-06-26 03:30:00+00:00,13.59000015258789,13.59000015258789,13.569999694824219,13.569999694824219,122037,0.0,0.0,0.0
2025-06-26 03:35:00+00:00,13.579999923706055,13.579999923706055,13.579999923706055,13.579999923706055,27331,0.0,0.0,0.0
2025-06-26 03:40:00+00:00,13.59000015258789,13.59000015258789,13.579999923706055,13.579999923706055,409278,0.0,0.0,0.0
2025-06-26 03:45:00+00:00,13.579999923706055,13.579999923706055,13.569999694824219,13.569999694824219,405017,0.0,0.0,0.0
2025-06-26 03:50:00+00:00,13.579999923706055,13.579999923706055,13.569999694824219,13.569999694824219,8223,0.0,0.0,0.0
2025-06-26 03:55:00+00:00,13.579999923706055,13.579999923706055,13.569999694824219,13.569999694824219,20026,0.0,0.0,0.0
2025-06-26 04:00:00+00:00,13.569999694824219,13.569999694824219,13.5600004196167,13.5600004196167,9803,0.0,0.0,0.0
2025-06-26 04:05:00+00:00,13.569999694824219,13.569999694824219,13.569999694824219,13.569999694824219,24580,0.0,0.0,0.0
2025-06-26 04:10:00+00:00,13.569999694824219,13.579999923706055,13.569999694824219,13.579999923706055,3668,0.0,0.0,0.0
2025-06-26 04:20:00+00:00,13.579999923706055,13.579999923706055,13.569999694824219,13.569999694824219,10630,0.0,0.0,0.0
2025-06-26 04:25:00+00:00,13.579999923706055,13.579999923706055,13.569999694824219,13.569999694824219,32027,0.0,0.0,0.0
2025-06-26 04:30:00+00:00,13.579999923706055,13.579999923706055,13.569999694824219,13.569999694824219,13431,0.0,0.0,0.0
2025-06-26 04:35:00+00:00,13.569999694824219,13.569999694824219,13.569999694824219,13.569999694824219,27570,0.0,0.0,0.0
2025-06-26 04:40:00+00:00,13.569999694824219,13.569999694824219,13.569999694824219,13.569999694824219,5020,0.0,0.0,0.0
2025-06-26 04:45:00+00:00,13.569999694824219,13.579999923706055,13.569999694824219,13.579999923706055,186321,0.0,0.0,0.0
2025-06-26 04:50:00+00:00,13.569999694824219,13.569999694824219,13.569999694824219,13.569999694824219,53120,0.0,0.0,0.0
2025-06-26 04:55:00+00:00,13.569999694824219,13.579999923706055,13.569999694824219,13.579999923706055,22491,0.0,0.0,0.0
2025-06-26 05:00:00+00:00,13.579999923706055,13.579999923706055,13.569999694824219,13.579999923706055,145124,0.0,0.0,0.0
2025-06-26 05:05:00+00:00,13.579999923706055,13.579999923706055,13.569999694824219,13.569999694824219,408104,0.0,0.0,0.0
2025-06-26 05:10:00+00:00,13.569999694824219,13.579999923706055,13.569999694824219,13.579999923706055,12863,0.0,0.0,0.0
2025-06-26 05:15:00+00:00,13.579999923706055,13.579999923706055,13.5600004196167,13.5600004196167,84183,0.0,0.0,0.0
2025-06-26 05:20:00+00:00,13.5600004196167,13.5600004196167,13.5600004196167,13.5600004196167,26765,0.0,0.0,0.0
2025-06-27 01:00:00+00:00,13.59000015258789,13.609999656677246,13.59000015258789,13.600000381469727,0,0.0,0.0,0.0
2025-06-27 01:05:00+00:00,13.600000381469727,13.600000381469727,13.569999694824219,13.579999923706055,15991,0.0,0.0,0.0
2025-06-27 01:10:00+00:00,13.579999923706055,13.579999923706055,13.569999694824219,13.569999694824219,50457,0.0,0.0,0.0
2025-06-27 01:15:00+00:00,13.569999694824219,13.569999694824219,13.569999694824219,13.569999694824219,11070,0.0,0.0,0.0
2025-06-27 01:20:00+00:00,13.569999694824219,13.579999923706055,13.5600004196167,13.5600004196167,125013,0.0,0.0,0.0
2025-06-27 01:25:00+00:00,13.550000190734863,13.579999923706055,13.550000190734863,13.579999923706055,35135,0.0,0.0,0.0
2025-06-27 01:30:00+00:00,13.569999694824219,13.569999694824219,13.550000190734863,13.550000190734863,210680,0.0,0.0,0.0
2025-06-27 01:35:00+00:00,13.550000190734863,13.550000190734863,13.539999961853027,13.550000190734863,20213,0.0,0.0,0.0
2025-06-27 01:40:00+00:00,13.550000190734863,13.5600004196167,13.539999961853027,13.5600004196167,33104,0.0,0.0,0.0
2025-06-27 01:45:00+00:00,13.5600004196167,13.5600004196167,13.5600004196167,13.5600004196167,12029,0.0,0.0,0.0
2025-06-27 01:50:00+00:00,13.550000190734863,13.550000190734863,13.550000190734863,13.550000190734863,11391,0.0,0.0,0.0
2025-06-27 01:55:00+00:00,13.5600004196167,13.5600004196167,13.5600004196167,13.5600004196167,24541,0.0,0.0,0.0
2025-06-27 02:00:00+00:00,13.569999694824219,13.569999694824219,13.5600004196167,13.5600004196167,304018,0.0,0.0,0.0
2025-06-27 02:05:00+00:00,13.550000190734863,13.5600004196167,13.550000190734863,13.5600004196167,401030,0.0,0.0,0.0
2025-06-27 02:10:00+00:00,13.550000190734863,13.550000190734863,13.550000190734863,13.550000190734863,43059,0.0,0.0,0.0
2025-06-27 02:15:00+00:00,13.5600004196167,13.5600004196167,13.5600004196167,13.5600004196167,52830,0.0,0.0,0.0
2025-06-27 02:20:00+00:00,13.5600004196167,13.569999694824219,13.5600004196167,13.5600004196167,9658,0.0,0.0,0.0
2025-06-27 02:25:00+00:00,13.5600004196167,13.569999694824219,13.5600004196167,13.5600004196167,374108,0.0,0.0,0.0
2025-06-27 02:30:00+00:00,13.550000190734863,13.5600004196167,13.550000190734863,13.5600004196167,6019,0.0,0.0,0.0
2025-06-27 02:35:00+00:00,13.550000190734863,13.550000190734863,13.529999732971191,13.529999732971191,634224,0.0,0.0,0.0
2025-06-27 02:40:00+00:00,13.529999732971191,13.539999961853027,13.529999732971191,13.529999732971191,19228,0.0,0.0,0.0
2025-06-27 02:45:00+00:00,13.539999961853027,13.550000190734863,13.529999732971191,13.539999961853027,51595,0.0,0.0,0.0
2025-06-27 02:50:00+00:00,13.539999961853027,13.539999961853027,13.539999961853027,13.539999961853027,3154,0.0,0.0,0.0
2025-06-27 02:55:00+00:00,13.539999961853027,13.539999961853027,13.529999732971191,13.539999961853027,19258,0.0,0.0,0.0
2025-06-27 03:00:00+00:00,13.539999961853027,13.539999961853027,13.539999961853027,13.539999961853027,14019,0.0,0.0,0.0
2025-06-27 03:05:00+00:00,13.539999961853027,13.550000190734863,13.539999961853027,13.550000190734863,4044,0.0,0.0,0.0
2025-06-27 03:10:00+00:00,13.539999961853027,13.539999961853027,13.529999732971191,13.529999732971191,45019,0.0,0.0,0.0
2025-06-27 03:15:00+00:00,13.529999732971191,13.529999732971191,13.529999732971191,13.529999732971191,6038,0.0,0.0,0.0
2025-06-27 03:20:00+00:00,13.529999732971191,13.529999732971191,13.529999732971191,13.529999732971191,6029,0.0,0.0,0.0
2025-06-27 03:25:00+00:00,13.529999732971191,13.529999732971191,13.520000457763672,13.529999732971191,254109,0.0,0.0,0.0
2025-06-27 03:30:00+00:00,13.529999732971191,13.529999732971191,13.529999732971191,13.529999732971191,1221,0.0,0.0,0.0
2025-06-27 03:35:00+00:00,13.529999732971191,13.529999732971191,13.529999732971191,13.529999732971191,9395,0.0,0.0,0.0
2025-06-27 03:40:00+00:00,13.529999732971191,13.529999732971191,13.520000457763672,13.520000457763672,12020,0.0,0.0,0.0
2025-06-27 03:45:00+00:00,13.529999732971191,13.529999732971191,13.520000457763672,13.520000457763672,8119,0.0,0.0,0.0
2025-06-27 03:50:00+00:00,13.510000228881836,13.520000457763672,13.510000228881836,13.510000228881836,55115,0.0,0.0,0.0
2025-06-27 03:55:00+00:00,13.520000457763672,13.520000457763672,13.520000457763672,13.520000457763672,10037,0.0,0.0,0.0
2025-06-27 04:00:00+00:00,13.520000457763672,13.520000457763672,13.520000457763672,13.520000457763672,41236,0.0,0.0,0.0
2025-06-27 04:05:00+00:00,13.520000457763672,13.529999732971191,13.520000457763672,13.529999732971191,18461,0.0,0.0,0.0
2025-06-27 04:10:00+00:00,13.520000457763672,13.539999961853027,13.520000457763672,13.539999961853027,93126,0.0,0.0,0.0
2025-06-27 04:15:00+00:00,13.520000457763672,13.529999732971191,13.520000457763672,13.529999732971191,2036,0.0,0.0,0.0
2025-06-27 04:20:00+00:00,13.529999732971191,13.539999961853027,13.529999732971191,13.539999961853027,5044,0.0,0.0,0.0
2025-06-27 04:25:00+00:00,13.539999961853027,13.539999961853027,13.539999961853027,13.539999961853027,44741,0.0,0.0,0.0
2025-06-27 04:30:00+00:00,13.550000190734863,13.550000190734863,13.539999961853027,13.550000190734863,107845,0.0,0.0,0.0
2025-06-27 04:35:00+00:00,13.550000190734863,13.569999694824219,13.550000190734863,13.569999694824219,65560,0.0,0.0,0.0
2025-06-27 04:40:00+00:00,13.579999923706055,13.579999923706055,13.5600004196167,13.569999694824219,17110,0.0,0.0,0.0
2025-06-27 04:45:00+00:00,13.569999694824219,13.569999694824219,13.569999694824219,13.569999694824219,21260,0.0,0.0,0.0
2025-06-27 04:50:00+00:00,13.5600004196167,13.569999694824219,13.5600004196167,13.569999694824219,19068,0.0,0.0,0.0
2025-06-27 05:00:00+00:00,13.569999694824219,13.569999694824219,13.569999694824219,13.569999694824219,1298,0.0,0.0,0.0
2025-06-27 05:05:00+00:00,13.5600004196167,13.569999694824219,13.5600004196167,13.569999694824219,27010,0.0,0.0,0.0
2025-06-27 05:10:00+00:00,13.5600004196167,13.5600004196167,13.5600004196167,13.5600004196167,46597,0.0,0.0,0.0
2025-06-27 05:15:00+00:00,13.569999694824219,13.569999694824219,13.550000190734863,13.550000190734863,6750,0.0,0.0,0.0
2025-06-27 05:20:00+00:00,13.550000190734863,13.5600004196167,13.550000190734863,13.5600004196167,66406,0.0,0.0,0.0
2025-06-30 01:00:00+00:00,13.600000381469727,13.609999656677246,13.569999694824219,13.569999694824219,0,0.0,0.0,0.0
2025-06-30 01:05:00+00:00,13.5600004196167,13.579999923706055,13.550000190734863,13.579999923706055,137864,0.0,0.0,0.0
2025-06-30 01:10:00+00:00,13.5600004196167,13.579999923706055,13.5600004196167,13.569999694824219,90646,0.0,0.0,0.0
2025-06-30 01:15:00+00:00,13.579999923706055,13.579999923706055,13.5600004196167,13.569999694824219,126890,0.0,0.0,0.0
2025-06-30 01:20:00+00:00,13.5600004196167,13.579999923706055,13.5600004196167,13.579999923706055,78055,0.0,0.0,0.0
2025-06-30 01:25:00+00:00,13.579999923706055,13.579999923706055,13.5600004196167,13.569999694824219,9289,0.0,0.0,0.0
2025-06-30 01:30:00+00:00,13.579999923706055,13.579999923706055,13.569999694824219,13.569999694824219,21437,0.0,0.0,0.0
2025-06-30 01:35:00+00:00,13.579999923706055,13.579999923706055,13.569999694824219,13.579999923706055,249692,0.0,0.0,0.0
2025-06-30 01:40:00+00:00,13.59000015258789,13.59000015258789,13.579999923706055,13.579999923706055,17293,0.0,0.0,0.0
2025-06-30 01:45:00+00:00,13.579999923706055,13.59000015258789,13.579999923706055,13.59000015258789,27137,0.0,0.0,0.0
2025-06-30 01:50:00+00:00,13.59000015258789,13.59000015258789,13.579999923706055,13.579999923706055,3044,0.0,0.0,0.0
2025-06-30 01:55:00+00:00,13.569999694824219,13.579999923706055,13.569999694824219,13.569999694824219,16422,0.0,0.0,0.0
2025-06-30 02:00:00+00:00,13.579999923706055,13.579999923706055,13.579999923706055,13.579999923706055,4151,0.0,0.0,0.0
2025-06-30 02:05:00+00:00,13.579999923706055,13.579999923706055,13.569999694824219,13.569999694824219,8250,0.0,0.0,0.0
2025-06-30 02:10:00+00:00,13.579999923706055,13.579999923706055,13.569999694824219,13.579999923706055,7175,0.0,0.0,0.0
2025-06-30 02:15:00+00:00,13.579999923706055,13.579999923706055,13.569999694824219,13.579999923706055,29393,0.0,0.0,0.0
2025-06-30 02:20:00+00:00,13.579999923706055,13.579999923706055,13.569999694824219,13.579999923706055,99160,0.0,0.0,0.0
2025-06-30 02:25:00+00:00,13.579999923706055,13.579999923706055,13.569999694824219,13.579999923706055,27357,0.0,0.0,0.0
2025-06-30 02:30:00+00:00,13.579999923706055,13.579999923706055,13.569999694824219,13.569999694824219,5307,0.0,0.0,0.0
2025-06-30 02:35:00+00:00,13.579999923706055,13.579999923706055,13.579999923706055,13.579999923706055,13601,0.0,0.0,0.0
2025-06-30 02:40:00+00:00,13.579999923706055,13.579999923706055,13.579999923706055,13.579999923706055,2107,0.0,0.0,0.0
2025-06-30 02:45:00+00:00,13.569999694824219,13.579999923706055,13.569999694824219,13.569999694824219,62114,0.0,0.0,0.0
2025-06-30 02:50:00+00:00,13.5600004196167,13.569999694824219,13.5600004196167,13.569999694824219,11192,0.0,0.0,0.0
2025-06-30 02:55:00+00:00,13.569999694824219,13.569999694824219,13.5600004196167,13.5600004196167,19131,0.0,0.0,0.0
2025-06-30 03:00:00+00:00,13.550000190734863,13.5600004196167,13.550000190734863,13.550000190734863,89945,0.0,0.0,0.0
2025-06-30 03:05:00+00:00,13.5600004196167,13.5600004196167,13.550000190734863,13.550000190734863,82414,0.0,0.0,0.0
2025-06-30 03:10:00+00:00,13.550000190734863,13.550000190734863,13.550000190734863,13.550000190734863,27044,0.0,0.0,0.0
2025-06-30 03:15:00+00:00,13.5600004196167,13.5600004196167,13.550000190734863,13.550000190734863,7087,0.0,0.0,0.0
2025-06-30 03:20:00+00:00,13.539999961853027,13.539999961853027,13.539999961853027,13.539999961853027,2535,0.0,0.0,0.0
2025-06-30 03:25:00+00:00,13.550000190734863,13.550000190734863,13.550000190734863,13.550000190734863,12017,0.0,0.0,0.0
2025-06-30 03:30:00+00:00,13.550000190734863,13.550000190734863,13.539999961853027,13.550000190734863,13587,0.0,0.0,0.0
2025-06-30 03:35:00+00:00,13.550000190734863,13.5600004196167,13.539999961853027,13.5600004196167,156222,0.0,0.0,0.0
2025-06-30 03:40:00+00:00,13.5600004196167,13.5600004196167,13.539999961853027,13.539999961853027,11508,0.0,0.0,0.0
2025-06-30 03:45:00+00:00,13.529999732971191,13.539999961853027,13.529999732971191,13.539999961853027,3517,0.0,0.0,0.0
2025-06-30 03:50:00+00:00,13.539999961853027,13.550000190734863,13.539999961853027,13.550000190734863,17214,0.0,0.0,0.0
2025-06-30 03:55:00+00:00,13.539999961853027,13.539999961853027,13.539999961853027,13.539999961853027,5383,0.0,0.0,0.0
2025-06-30 04:00:00+00:00,13.539999961853027,13.539999961853027,13.529999732971191,13.529999732971191,7584,0.0,0.0,0.0
2025-06-30 04:05:00+00:00,13.5600004196167,13.5600004196167,13.5600004196167,13.5600004196167,2297,0.0,0.0,0.0
2025-06-30 04:10:00+00:00,13.5600004196167,13.5600004196167,13.5600004196167,13.5600004196167,7277,0.0,0.0,0.0
2025-06-30 04:15:00+00:00,13.5600004196167,13.5600004196167,13.5600004196167,13.5600004196167,6267,0.0,0.0,0.0
2025-06-30 04:20:00+00:00,13.5600004196167,13.5600004196167,13.550000190734863,13.5600004196167,25885,0.0,0.0,0.0
2025-06-30 04:25:00+00:00,13.5600004196167,13.5600004196167,13.550000190734863,13.550000190734863,9375,0.0,0.0,0.0
2025-06-30 04:30:00+00:00,13.5600004196167,13.5600004196167,13.550000190734863,13.5600004196167,25899,0.0,0.0,0.0
2025-06-30 04:35:00+00:00,13.550000190734863,13.5600004196167,13.550000190734863,13.5600004196167,51125,0.0,0.0,0.0
2025-06-30 04:40:00+00:00,13.550000190734863,13.5600004196167,13.550000190734863,13.5600004196167,11100,0.0,0.0,0.0
2025-06-30 04:45:00+00:00,13.5600004196167,13.5600004196167,13.5600004196167,13.5600004196167,11098,0.0,0.0,0.0
2025-06-30 04:50:00+00:00,13.550000190734863,13.5600004196167,13.550000190734863,13.5600004196167,17875,0.0,0.0,0.0
2025-06-30 04:55:00+00:00,13.5600004196167,13.5600004196167,13.550000190734863,13.550000190734863,5466,0.0,0.0,0.0
2025-06-30 05:00:00+00:00,13.550000190734863,13.550000190734863,13.550000190734863,13.550000190734863,9138,0.0,0.0,0.0
2025-06-30 05:05:00+00:00,13.550000190734863,13.550000190734863,13.550000190734863,13.550000190734863,72226,0.0,0.0,0.0
2025-06-30 05:10:00+00:00,13.550000190734863,13.569999694824219,13.550000190734863,13.569999694824219,70132,0.0,0.0,0.0
2025-06-30 05:15:00+00:00,13.569999694824219,13.569999694824219,13.550000190734863,13.550000190734863,14702,0.0,0.0,0.0
2025-06-30 05:20:00+00:00,13.550000190734863,13.5600004196167,13.550000190734863,13.550000190734863,45252,0.0,0.0,0.0
2025-05-05 01:00:00+00:00,12.399999618530273,12.420000076293945,12.369999885559082,12.380000114440918,0,0.0,0.0,0.0
2025-05-05 01:05:00+00:00,12.390000343322754,12.390000343322754,12.300000190734863,12.300000190734863,308938,0.0,0.0,0.0
2025-05-05 01:10:00+00:00,12.300000190734863,12.319999694824219,12.300000190734863,12.319999694824219,173217,0.0,0.0,0.0
2025-05-05 01:15:00+00:00,12.319999694824219,12.369999885559082,12.319999694824219,12.329999923706055,136162,0.0,0.0,0.0
2025-05-05 01:20:00+00:00,12.329999923706055,12.34000015258789,12.289999961853027,12.289999961853027,89620,0.0,0.0,0.0
2025-05-05 01:25:00+00:00,12.289999961853027,12.300000190734863,12.25,12.25,71215,0.0,0.0,0.0
2025-05-05 01:30:00+00:00,12.239999771118164,12.239999771118164,12.1899995803833,12.199999809265137,313708,0.0,0.0,0.0
2025-05-05 01:35:00+00:00,12.210000038146973,12.229999542236328,12.149999618530273,12.170000076293945,335957,0.0,0.0,0.0
2025-05-05 01:40:00+00:00,12.180000305175781,12.180000305175781,12.149999618530273,12.149999618530273,45687,0.0,0.0,0.0
2025-05-05 01:45:00+00:00,12.149999618530273,12.15999984741211,12.100000381469727,12.100000381469727,71749,0.0,0.0,0.0
2025-05-05 01:50:00+00:00,12.109999656677246,12.130000114440918,12.09000015258789,12.130000114440918,187046,0.0,0.0,0.0
2025-05-05 01:55:00+00:00,12.119999885559082,12.119999885559082,12.100000381469727,12.109999656677246,100345,0.0,0.0,0.0
2025-05-05 02:00:00+00:00,12.119999885559082,12.149999618530273,12.119999885559082,12.130000114440918,94860,0.0,0.0,0.0
2025-05-05 02:05:00+00:00,12.130000114440918,12.130000114440918,12.0600004196167,12.069999694824219,83519,0.0,0.0,0.0
2025-05-05 02:10:00+00:00,12.0600004196167,12.100000381469727,12.0600004196167,12.100000381469727,91409,0.0,0.0,0.0
2025-05-05 02:15:00+00:00,12.109999656677246,12.119999885559082,12.100000381469727,12.109999656677246,43734,0.0,0.0,0.0
2025-05-05 02:20:00+00:00,12.09000015258789,12.100000381469727,12.09000015258789,12.100000381469727,23238,0.0,0.0,0.0
2025-05-05 02:25:00+00:00,12.100000381469727,12.109999656677246,12.100000381469727,12.109999656677246,13140,0.0,0.0,0.0
2025-05-05 02:30:00+00:00,12.109999656677246,12.130000114440918,12.079999923706055,12.100000381469727,566275,0.0,0.0,0.0
2025-05-05 02:35:00+00:00,12.079999923706055,12.100000381469727,12.079999923706055,12.079999923706055,25507,0.0,0.0,0.0
2025-05-05 02:40:00+00:00,12.100000381469727,12.100000381469727,12.069999694824219,12.069999694824219,38890,0.0,0.0,0.0
2025-05-05 02:45:00+00:00,12.079999923706055,12.09000015258789,12.069999694824219,12.09000015258789,106152,0.0,0.0,0.0
2025-05-05 02:50:00+00:00,12.09000015258789,12.109999656677246,12.09000015258789,12.109999656677246,18187,0.0,0.0,0.0
2025-05-05 02:55:00+00:00,12.119999885559082,12.119999885559082,12.119999885559082,12.119999885559082,3100,0.0,0.0,0.0
2025-05-05 03:00:00+00:00,12.130000114440918,12.140000343322754,12.130000114440918,12.140000343322754,12678,0.0,0.0,0.0
2025-05-05 03:05:00+00:00,12.140000343322754,12.140000343322754,12.100000381469727,12.100000381469727,78909,0.0,0.0,0.0
2025-05-05 03:10:00+00:00,12.100000381469727,12.140000343322754,12.100000381469727,12.130000114440918,17427,0.0,0.0,0.0
2025-05-05 03:15:00+00:00,12.119999885559082,12.130000114440918,12.100000381469727,12.109999656677246,9294,0.0,0.0,0.0
2025-05-05 03:20:00+00:00,12.130000114440918,12.1899995803833,12.130000114440918,12.170000076293945,37352,0.0,0.0,0.0
2025-05-05 03:25:00+00:00,12.170000076293945,12.170000076293945,12.15999984741211,12.170000076293945,3057,0.0,0.0,0.0
2025-05-05 03:30:00+00:00,12.170000076293945,12.199999809265137,12.149999618530273,12.199999809265137,33438,0.0,0.0,0.0
2025-05-05 03:35:00+00:00,12.199999809265137,12.199999809265137,12.180000305175781,12.1899995803833,39177,0.0,0.0,0.0
2025-05-05 03:40:00+00:00,12.1899995803833,12.199999809265137,12.180000305175781,12.1899995803833,4219,0.0,0.0,0.0
2025-05-05 03:45:00+00:00,12.1899995803833,12.1899995803833,12.1899995803833,12.1899995803833,120501,0.0,0.0,0.0
2025-05-05 03:50:00+00:00,12.199999809265137,12.199999809265137,12.1899995803833,12.1899995803833,4207,0.0,0.0,0.0
2025-05-05 03:55:00+00:00,12.199999809265137,12.199999809265137,12.199999809265137,12.199999809265137,5064,0.0,0.0,0.0
2025-05-05 04:00:00+00:00,12.210000038146973,12.210000038146973,12.210000038146973,12.210000038146973,20672,0.0,0.0,0.0
2025-05-05 04:05:00+00:00,12.199999809265137,12.210000038146973,12.1899995803833,12.210000038146973,62128,0.0,0.0,0.0
2025-05-05 04:10:00+00:00,12.199999809265137,12.210000038146973,12.199999809265137,12.210000038146973,10094,0.0,0.0,0.0
2025-05-05 04:15:00+00:00,12.210000038146973,12.210000038146973,12.210000038146973,12.210000038146973,39571,0.0,0.0,0.0
2025-05-05 04:20:00+00:00,12.210000038146973,12.220000267028809,12.210000038146973,12.220000267028809,35200,0.0,0.0,0.0
2025-05-05 04:25:00+00:00,12.220000267028809,12.220000267028809,12.210000038146973,12.220000267028809,4604,0.0,0.0,0.0
2025-05-05 04:30:00+00:00,12.220000267028809,12.220000267028809,12.199999809265137,12.210000038146973,12895,0.0,0.0,0.0
2025-05-05 04:35:00+00:00,12.220000267028809,12.220000267028809,12.220000267028809,12.220000267028809,5120,0.0,0.0,0.0
2025-05-05 04:40:00+00:00,12.210000038146973,12.220000267028809,12.210000038146973,12.220000267028809,27473,0.0,0.0,0.0
2025-05-05 04:45:00+00:00,12.220000267028809,12.220000267028809,12.220000267028809,12.220000267028809,7270,0.0,0.0,0.0
2025-05-05 04:50:00+00:00,12.220000267028809,12.220000267028809,12.199999809265137,12.199999809265137,44867,0.0,0.0,0.0
2025-05-05 04:55:00+00:00,12.1899995803833,12.1899995803833,12.170000076293945,12.170000076293945,17299,0.0,0.0,0.0
2025-05-05 05:00:00+00:00,12.199999809265137,12.199999809265137,12.180000305175781,12.180000305175781,20292,0.0,0.0,0.0
2025-05-05 05:05:00+00:00,12.199999809265137,12.199999809265137,12.180000305175781,12.180000305175781,12311,0.0,0.0,0.0
2025-05-05 05:10:00+00:00,12.180000305175781,12.1899995803833,12.170000076293945,12.180000305175781,30918,0.0,0.0,0.0
2025-05-05 05:15:00+00:00,12.1899995803833,12.1899995803833,12.170000076293945,12.170000076293945,25959,0.0,0.0,0.0
2025-05-05 05:20:00+00:00,12.180000305175781,12.180000305175781,12.170000076293945,12.170000076293945,53706,0.0,0.0,0.0
2025-05-06 01:00:00+00:00,12.119999885559082,12.119999885559082,12.0600004196167,12.09000015258789,0,0.0,0.0,0.0
2025-05-06 01:05:00+00:00,12.09000015258789,12.100000381469727,12.09000015258789,12.09000015258789,103815,0.0,0.0,0.0
2025-05-06 01:10:00+00:00,12.109999656677246,12.119999885559082,12.100000381469727,12.119999885559082,77954,0.0,0.0,0.0
2025-05-06 01:15:00+00:00,12.140000343322754,12.140000343322754,12.119999885559082,12.140000343322754,33235,0.0,0.0,0.0
2025-05-06 01:20:00+00:00,12.140000343322754,12.1899995803833,12.140000343322754,12.1899995803833,52473,0.0,0.0,0.0
2025-05-06 01:25:00+00:00,12.1899995803833,12.1899995803833,12.180000305175781,12.180000305175781,11273,0.0,0.0,0.0
2025-05-06 01:30:00+00:00,12.1899995803833,12.199999809265137,12.1899995803833,12.1899995803833,141603,0.0,0.0,0.0
2025-05-06 01:35:00+00:00,12.180000305175781,12.1899995803833,12.180000305175781,12.1899995803833,6252,0.0,0.0,0.0
2025-05-06 01:40:00+00:00,12.180000305175781,12.180000305175781,12.170000076293945,12.170000076293945,8696,0.0,0.0,0.0
2025-05-06 01:45:00+00:00,12.170000076293945,12.180000305175781,12.149999618530273,12.15999984741211,164173,0.0,0.0,0.0
2025-05-06 01:50:00+00:00,12.15999984741211,12.15999984741211,12.15999984741211,12.15999984741211,6128,0.0,0.0,0.0
2025-05-06 01:55:00+00:00,12.15999984741211,12.180000305175781,12.149999618530273,12.170000076293945,31168,0.0,0.0,0.0
2025-05-06 02:00:00+00:00,12.180000305175781,12.180000305175781,12.180000305175781,12.180000305175781,13232,0.0,0.0,0.0
2025-05-06 02:05:00+00:00,12.180000305175781,12.180000305175781,12.180000305175781,12.180000305175781,25016,0.0,0.0,0.0
2025-05-06 02:10:00+00:00,12.1899995803833,12.210000038146973,12.180000305175781,12.210000038146973,186058,0.0,0.0,0.0
2025-05-06 02:15:00+00:00,12.210000038146973,12.210000038146973,12.1899995803833,12.199999809265137,25416,0.0,0.0,0.0
2025-05-06 02:20:00+00:00,12.199999809265137,12.199999809265137,12.199999809265137,12.199999809265137,3394,0.0,0.0,0.0
2025-05-06 02:25:00+00:00,12.199999809265137,12.199999809265137,12.199999809265137,12.199999809265137,7151,0.0,0.0,0.0
2025-05-06 02:30:00+00:00,12.199999809265137,12.199999809265137,12.199999809265137,12.199999809265137,10044,0.0,0.0,0.0
2025-05-06 02:35:00+00:00,12.199999809265137,12.199999809265137,12.1899995803833,12.199999809265137,52575,0.0,0.0,0.0
2025-05-06 02:40:00+00:00,12.210000038146973,12.220000267028809,12.210000038146973,12.220000267028809,57783,0.0,0.0,0.0
2025-05-06 02:45:00+00:00,12.220000267028809,12.220000267028809,12.199999809265137,12.199999809265137,17171,0.0,0.0,0.0
2025-05-06 02:50:00+00:00,12.210000038146973,12.220000267028809,12.210000038146973,12.220000267028809,10043,0.0,0.0,0.0
2025-05-06 02:55:00+00:00,12.220000267028809,12.220000267028809,12.220000267028809,12.220000267028809,5440,0.0,0.0,0.0
2025-05-06 03:00:00+00:00,12.210000038146973,12.220000267028809,12.199999809265137,12.199999809265137,25067,0.0,0.0,0.0
2025-05-06 03:05:00+00:00,12.210000038146973,12.210000038146973,12.199999809265137,12.199999809265137,5311,0.0,0.0,0.0
2025-05-06 03:10:00+00:00,12.199999809265137,12.199999809265137,12.199999809265137,12.199999809265137,15669,0.0,0.0,0.0
2025-05-06 03:15:00+00:00,12.199999809265137,12.199999809265137,12.1899995803833,12.199999809265137,57058,0.0,0.0,0.0
2025-05-06 03:20:00+00:00,12.210000038146973,12.220000267028809,12.210000038146973,12.220000267028809,2144,0.0,0.0,0.0
2025-05-06 03:25:00+00:00,12.210000038146973,12.220000267028809,12.210000038146973,12.210000038146973,23036,0.0,0.0,0.0
2025-05-06 03:30:00+00:00,12.220000267028809,12.220000267028809,12.220000267028809,12.220000267028809,95036,0.0,0.0,0.0
2025-05-06 03:35:00+00:00,12.220000267028809,12.229999542236328,12.220000267028809,12.229999542236328,52383,0.0,0.0,0.0
2025-05-06 03:40:00+00:00,12.229999542236328,12.229999542236328,12.229999542236328,12.229999542236328,1384,0.0,0.0,0.0
2025-05-06 03:45:00+00:00,12.220000267028809,12.229999542236328,12.210000038146973,12.210000038146973,23084,0.0,0.0,0.0
2025-05-06 03:50:00+00:00,12.229999542236328,12.229999542236328,12.210000038146973,12.210000038146973,8103,0.0,0.0,0.0
2025-05-06 03:55:00+00:00,12.220000267028809,12.220000267028809,12.199999809265137,12.199999809265137,18360,0.0,0.0,0.0
2025-05-06 04:00:00+00:00,12.210000038146973,12.220000267028809,12.210000038146973,12.220000267028809,14262,0.0,0.0,0.0
2025-05-06 04:05:00+00:00,12.210000038146973,12.210000038146973,12.210000038146973,12.210000038146973,2070,0.0,0.0,0.0
2025-05-06 04:10:00+00:00,12.210000038146973,12.220000267028809,12.210000038146973,12.220000267028809,4106,0.0,0.0,0.0
2025-05-06 04:15:00+00:00,12.199999809265137,12.220000267028809,12.199999809265137,12.220000267028809,8109,0.0,0.0,0.0
2025-05-06 04:20:00+00:00,12.210000038146973,12.210000038146973,12.210000038146973,12.210000038146973,5370,0.0,0.0,0.0
2025-05-06 04:25:00+00:00,12.199999809265137,12.210000038146973,12.199999809265137,12.210000038146973,5070,0.0,0.0,0.0
2025-05-06 04:30:00+00:00,12.210000038146973,12.210000038146973,12.210000038146973,12.210000038146973,2260,0.0,0.0,0.0
2025-05-06 04:35:00+00:00,12.199999809265137,12.210000038146973,12.199999809265137,12.199999809265137,22120,0.0,0.0,0.0
2025-05-06 04:40:00+00:00,12.199999809265137,12.220000267028809,12.199999809265137,12.220000267028809,5199,0.0,0.0,0.0
2025-05-06 04:45:00+00:00,12.210000038146973,12.210000038146973,12.199999809265137,12.199999809265137,12410,0.0,0.0,0.0
2025-05-06 04:50:00+00:00,12.199999809265137,12.199999809265137,12.1899995803833,12.1899995803833,11100,0.0,0.0,0.0
2025-05-06 04:55:00+00:00,12.1899995803833,12.1899995803833,12.1899995803833,12.1899995803833,2580,0.0,0.0,0.0
2025-05-06 05:00:00+00:00,12.180000305175781,12.180000305175781,12.180000305175781,12.180000305175781,9300,0.0,0.0,0.0
2025-05-06 05:05:00+00:00,12.1899995803833,12.1899995803833,12.180000305175781,12.1899995803833,6501,0.0,0.0,0.0
2025-05-06 05:10:00+00:00,12.180000305175781,12.180000305175781,12.170000076293945,12.170000076293945,130160,0.0,0.0,0.0
2025-05-06 05:15:00+00:00,12.180000305175781,12.180000305175781,12.170000076293945,12.170000076293945,6845,0.0,0.0,0.0
2025-05-06 05:20:00+00:00,12.170000076293945,12.170000076293945,12.15999984741211,12.15999984741211,152861,0.0,0.0,0.0
2025-05-07 01:00:00+00:00,12.210000038146973,12.319999694824219,12.210000038146973,12.319999694824219,0,0.0,0.0,0.0
2025-05-07 01:05:00+00:00,12.319999694824219,12.319999694824219,12.270000457763672,12.270000457763672,22000,0.0,0.0,0.0
2025-05-07 01:10:00+00:00,12.279999732971191,12.279999732971191,12.260000228881836,12.260000228881836,62647,0.0,0.0,0.0
2025-05-07 01:15:00+00:00,12.260000228881836,12.260000228881836,12.220000267028809,12.220000267028809,522117,0.0,0.0,0.0
2025-05-07 01:20:00+00:00,12.210000038146973,12.210000038146973,12.210000038146973,12.210000038146973,14482,0.0,0.0,0.0
2025-05-07 01:25:00+00:00,12.229999542236328,12.229999542236328,12.220000267028809,12.220000267028809,26019,0.0,0.0,0.0
2025-05-07 01:30:00+00:00,12.210000038146973,12.210000038146973,12.15999984741211,12.170000076293945,35272,0.0,0.0,0.0
2025-05-07 01:35:00+00:00,12.149999618530273,12.149999618530273,12.130000114440918,12.130000114440918,23962,0.0,0.0,0.0
2025-05-07 01:40:00+00:00,12.130000114440918,12.140000343322754,12.130000114440918,12.140000343322754,17625,0.0,0.0,0.0
2025-05-07 01:45:00+00:00,12.140000343322754,12.140000343322754,12.140000343322754,12.140000343322754,20038,0.0,0.0,0.0
2025-05-07 01:50:00+00:00,12.140000343322754,12.180000305175781,12.140000343322754,12.180000305175781,34319,0.0,0.0,0.0
2025-05-07 01:55:00+00:00,12.180000305175781,12.180000305175781,12.170000076293945,12.180000305175781,10066,0.0,0.0,0.0
2025-05-07 02:00:00+00:00,12.170000076293945,12.170000076293945,12.149999618530273,12.149999618530273,18056,0.0,0.0,0.0
2025-05-07 02:05:00+00:00,12.149999618530273,12.170000076293945,12.149999618530273,12.170000076293945,19245,0.0,0.0,0.0
2025-05-07 02:10:00+00:00,12.180000305175781,12.180000305175781,12.15999984741211,12.15999984741211,8049,0.0,0.0,0.0
2025-05-07 02:15:00+00:00,12.170000076293945,12.180000305175781,12.170000076293945,12.180000305175781,2049,0.0,0.0,0.0
2025-05-07 02:20:00+00:00,12.170000076293945,12.170000076293945,12.170000076293945,12.170000076293945,2056,0.0,0.0,0.0
2025-05-07 02:25:00+00:00,12.15999984741211,12.170000076293945,12.15999984741211,12.170000076293945,40343,0.0,0.0,0.0
2025-05-07 02:30:00+00:00,12.170000076293945,12.170000076293945,12.170000076293945,12.170000076293945,9062,0.0,0.0,0.0
2025-05-07 02:35:00+00:00,12.170000076293945,12.180000305175781,12.170000076293945,12.180000305175781,184850,0.0,0.0,0.0
2025-05-07 02:40:00+00:00,12.170000076293945,12.170000076293945,12.15999984741211,12.15999984741211,61127,0.0,0.0,0.0
2025-05-07 02:45:00+00:00,12.15999984741211,12.15999984741211,12.15999984741211,12.15999984741211,52735,0.0,0.0,0.0
2025-05-07 02:50:00+00:00,12.149999618530273,12.15999984741211,12.140000343322754,12.15999984741211,146090,0.0,0.0,0.0
2025-05-07 02:55:00+00:00,12.149999618530273,12.149999618530273,12.140000343322754,12.140000343322754,236518,0.0,0.0,0.0
2025-05-07 03:00:00+00:00,12.140000343322754,12.15999984741211,12.140000343322754,12.15999984741211,13048,0.0,0.0,0.0
2025-05-07 03:05:00+00:00,12.15999984741211,12.15999984741211,12.15999984741211,12.15999984741211,1210,0.0,0.0,0.0
2025-05-07 03:10:00+00:00,12.15999984741211,12.15999984741211,12.15999984741211,12.15999984741211,6213,0.0,0.0,0.0
2025-05-07 03:20:00+00:00,12.15999984741211,12.170000076293945,12.15999984741211,12.15999984741211,10446,0.0,0.0,0.0
2025-05-07 03:25:00+00:00,12.15999984741211,12.170000076293945,12.15999984741211,12.170000076293945,6025,0.0,0.0,0.0
2025-05-07 03:30:00+00:00,12.170000076293945,12.170000076293945,12.15999984741211,12.15999984741211,6134,0.0,0.0,0.0
2025-05-07 03:35:00+00:00,12.15999984741211,12.15999984741211,12.15999984741211,12.15999984741211,2001,0.0,0.0,0.0
2025-05-07 03:40:00+00:00,12.15999984741211,12.15999984741211,12.15999984741211,12.15999984741211,5284,0.0,0.0,0.0
2025-05-07 03:45:00+00:00,12.15999984741211,12.170000076293945,12.15999984741211,12.170000076293945,12110,0.0,0.0,0.0
2025-05-07 03:50:00+00:00,12.170000076293945,12.180000305175781,12.170000076293945,12.180000305175781,28626,0.0,0.0,0.0
2025-05-07 04:00:00+00:00,12.15999984741211,12.15999984741211,12.15999984741211,12.15999984741211,1347,0.0,0.0,0.0
2025-05-07 04:05:00+00:00,12.15999984741211,12.15999984741211,12.15999984741211,12.15999984741211,2047,0.0,0.0,0.0
2025-05-07 04:10:00+00:00,12.180000305175781,12.180000305175781,12.180000305175781,12.180000305175781,32546,0.0,0.0,0.0
2025-05-07 04:15:00+00:00,12.180000305175781,12.1899995803833,12.180000305175781,12.1899995803833,22210,0.0,0.0,0.0
2025-05-07 04:25:00+00:00,12.180000305175781,12.180000305175781,12.180000305175781,12.180000305175781,2116,0.0,0.0,0.0
2025-05-07 04:30:00+00:00,12.180000305175781,12.180000305175781,12.170000076293945,12.170000076293945,29081,0.0,0.0,0.0
2025-05-07 04:35:00+00:00,12.15999984741211,12.15999984741211,12.15999984741211,12.15999984741211,5134,0.0,0.0,0.0
2025-05-07 04:40:00+00:00,12.149999618530273,12.15999984741211,12.140000343322754,12.140000343322754,218221,0.0,0.0,0.0
2025-05-07 04:45:00+00:00,12.149999618530273,12.149999618530273,12.140000343322754,12.149999618530273,14285,0.0,0.0,0.0
2025-05-07 04:50:00+00:00,12.149999618530273,12.149999618530273,12.149999618530273,12.149999618530273,1062,0.0,0.0,0.0
2025-05-07 04:55:00+00:00,12.149999618530273,12.15999984741211,12.149999618530273,12.15999984741211,5184,0.0,0.0,0.0
2025-05-07 05:00:00+00:00,12.149999618530273,12.149999618530273,12.149999618530273,12.149999618530273,9277,0.0,0.0,0.0
2025-05-07 05:05:00+00:00,12.149999618530273,12.149999618530273,12.149999618530273,12.149999618530273,5281,0.0,0.0,0.0
2025-05-07 05:10:00+00:00,12.140000343322754,12.149999618530273,12.140000343322754,12.149999618530273,15039,0.0,0.0,0.0
2025-05-07 05:15:00+00:00,12.15999984741211,12.15999984741211,12.15999984741211,12.15999984741211,6474,0.0,0.0,0.0
2025-05-07 05:20:00+00:00,12.170000076293945,12.170000076293945,12.15999984741211,12.15999984741211,18061,0.0,0.0,0.0
2025-05-08 01:00:00+00:00,12.220000267028809,12.270000457763672,12.220000267028809,12.260000228881836,0,0.0,0.0,0.0
2025-05-08 01:05:00+00:00,12.260000228881836,12.270000457763672,12.25,12.270000457763672,84000,0.0,0.0,0.0
2025-05-08 01:10:00+00:00,12.260000228881836,12.300000190734863,12.260000228881836,12.300000190734863,47367,0.0,0.0,0.0
2025-05-08 01:15:00+00:00,12.300000190734863,12.300000190734863,12.270000457763672,12.279999732971191,42139,0.0,0.0,0.0
2025-05-08 01:20:00+00:00,12.270000457763672,12.279999732971191,12.270000457763672,12.279999732971191,681035,0.0,0.0,0.0
2025-05-08 02:25:00+00:00,12.260000228881836,12.260000228881836,12.260000228881836,12.260000228881836,0,0.0,0.0,0.0
2025-05-08 02:35:00+00:00,12.260000228881836,12.260000228881836,12.25,12.260000228881836,22236,0.0,0.0,0.0
2025-05-08 02:40:00+00:00,12.260000228881836,12.270000457763672,12.260000228881836,12.270000457763672,44474,0.0,0.0,0.0
2025-05-08 02:45:00+00:00,12.270000457763672,12.270000457763672,12.260000228881836,12.260000228881836,5053,0.0,0.0,0.0
2025-05-08 02:50:00+00:00,12.270000457763672,12.270000457763672,12.270000457763672,12.270000457763672,26290,0.0,0.0,0.0
2025-05-08 02:55:00+00:00,12.279999732971191,12.279999732971191,12.279999732971191,12.279999732971191,52124,0.0,0.0,0.0
2025-05-08 03:00:00+00:00,12.279999732971191,12.300000190734863,12.279999732971191,12.300000190734863,126782,0.0,0.0,0.0
2025-05-08 03:05:00+00:00,12.3100004196167,12.3100004196167,12.3100004196167,12.3100004196167,1059,0.0,0.0,0.0
2025-05-08 03:10:00+00:00,12.3100004196167,12.3100004196167,12.3100004196167,12.3100004196167,27802,0.0,0.0,0.0
2025-05-08 03:15:00+00:00,12.3100004196167,12.319999694824219,12.3100004196167,12.319999694824219,25265,0.0,0.0,0.0
2025-05-08 03:20:00+00:00,12.329999923706055,12.329999923706055,12.319999694824219,12.319999694824219,17162,0.0,0.0,0.0
2025-05-08 03:25:00+00:00,12.319999694824219,12.329999923706055,12.319999694824219,12.329999923706055,6068,0.0,0.0,0.0
2025-05-08 03:30:00+00:00,12.319999694824219,12.319999694824219,12.319999694824219,12.319999694824219,15229,0.0,0.0,0.0
2025-05-08 03:35:00+00:00,12.319999694824219,12.319999694824219,12.3100004196167,12.3100004196167,7144,0.0,0.0,0.0
2025-05-08 03:45:00+00:00,12.289999961853027,12.300000190734863,12.289999961853027,12.300000190734863,10047,0.0,0.0,0.0
2025-05-08 03:50:00+00:00,12.300000190734863,12.3100004196167,12.300000190734863,12.3100004196167,31054,0.0,0.0,0.0
2025-05-08 03:55:00+00:00,12.319999694824219,12.319999694824219,12.319999694824219,12.319999694824219,1128,0.0,0.0,0.0
2025-05-08 04:00:00+00:00,12.319999694824219,12.319999694824219,12.3100004196167,12.319999694824219,12046,0.0,0.0,0.0
2025-05-08 04:05:00+00:00,12.3100004196167,12.3100004196167,12.300000190734863,12.300000190734863,7041,0.0,0.0,0.0
2025-05-08 04:10:00+00:00,12.300000190734863,12.319999694824219,12.300000190734863,12.319999694824219,70087,0.0,0.0,0.0
2025-05-08 04:15:00+00:00,12.319999694824219,12.329999923706055,12.319999694824219,12.329999923706055,36050,0.0,0.0,0.0
2025-05-08 04:20:00+00:00,12.329999923706055,12.329999923706055,12.329999923706055,12.329999923706055,6769,0.0,0.0,0.0
2025-05-08 04:25:00+00:00,12.319999694824219,12.329999923706055,12.319999694824219,12.319999694824219,16188,0.0,0.0,0.0
2025-05-08 04:30:00+00:00,12.329999923706055,12.34000015258789,12.329999923706055,12.329999923706055,41284,0.0,0.0,0.0
2025-05-08 04:35:00+00:00,12.329999923706055,12.34000015258789,12.329999923706055,12.329999923706055,3324,0.0,0.0,0.0
2025-05-08 04:40:00+00:00,12.329999923706055,12.329999923706055,12.329999923706055,12.329999923706055,29149,0.0,0.0,0.0
2025-05-08 04:45:00+00:00,12.34000015258789,12.350000381469727,12.34000015258789,12.350000381469727,52410,0.0,0.0,0.0
2025-05-08 04:50:00+00:00,12.34000015258789,12.34000015258789,12.34000015258789,12.34000015258789,6671,0.0,0.0,0.0
2025-05-08 05:00:00+00:00,12.350000381469727,12.350000381469727,12.350000381469727,12.350000381469727,80411,0.0,0.0,0.0
2025-05-08 05:05:00+00:00,12.350000381469727,12.350000381469727,12.350000381469727,12.350000381469727,3010,0.0,0.0,0.0
2025-05-08 05:10:00+00:00,12.34000015258789,12.34000015258789,12.329999923706055,12.329999923706055,18517,0.0,0.0,0.0
2025-05-08 05:15:00+00:00,12.329999923706055,12.34000015258789,12.319999694824219,12.329999923706055,48836,0.0,0.0,0.0
2025-05-08 05:20:00+00:00,12.329999923706055,12.329999923706055,12.319999694824219,12.319999694824219,31501,0.0,0.0,0.0
2025-05-09 01:00:00+00:00,12.34000015258789,12.399999618530273,12.34000015258789,12.390000343322754,0,0.0,0.0,0.0
2025-05-09 01:05:00+00:00,12.390000343322754,12.390000343322754,12.390000343322754,12.390000343322754,55630,0.0,0.0,0.0
2025-05-09 01:10:00+00:00,12.380000114440918,12.380000114440918,12.369999885559082,12.369999885559082,55129,0.0,0.0,0.0
2025-05-09 01:15:00+00:00,12.369999885559082,12.40999984741211,12.369999885559082,12.399999618530273,67677,0.0,0.0,0.0
2025-05-09 01:20:00+00:00,12.399999618530273,12.399999618530273,12.399999618530273,12.399999618530273,15426,0.0,0.0,0.0
2025-05-09 01:25:00+00:00,12.399999618530273,12.399999618530273,12.380000114440918,12.380000114440918,23028,0.0,0.0,0.0
2025-05-09 01:30:00+00:00,12.380000114440918,12.380000114440918,12.359999656677246,12.359999656677246,33346,0.0,0.0,0.0
2025-05-09 01:35:00+00:00,12.359999656677246,12.359999656677246,12.350000381469727,12.350000381469727,6467,0.0,0.0,0.0
2025-05-09 01:40:00+00:00,12.350000381469727,12.350000381469727,12.350000381469727,12.350000381469727,15849,0.0,0.0,0.0
2025-05-09 01:45:00+00:00,12.350000381469727,12.369999885559082,12.350000381469727,12.359999656677246,31742,0.0,0.0,0.0
2025-05-09 01:50:00+00:00,12.369999885559082,12.369999885559082,12.369999885559082,12.369999885559082,5091,0.0,0.0,0.0
2025-05-09 01:55:00+00:00,12.369999885559082,12.369999885559082,12.369999885559082,12.369999885559082,16227,0.0,0.0,0.0
2025-05-09 02:00:00+00:00,12.380000114440918,12.380000114440918,12.369999885559082,12.369999885559082,29301,0.0,0.0,0.0
2025-05-09 02:05:00+00:00,12.359999656677246,12.390000343322754,12.359999656677246,12.390000343322754,13292,0.0,0.0,0.0
2025-05-09 02:10:00+00:00,12.390000343322754,12.390000343322754,12.380000114440918,12.380000114440918,11050,0.0,0.0,0.0
2025-05-09 02:15:00+00:00,12.380000114440918,12.380000114440918,12.380000114440918,12.380000114440918,4661,0.0,0.0,0.0
2025-05-09 02:20:00+00:00,12.380000114440918,12.380000114440918,12.380000114440918,12.380000114440918,8049,0.0,0.0,0.0
2025-05-09 02:25:00+00:00,12.380000114440918,12.390000343322754,12.380000114440918,12.390000343322754,17050,0.0,0.0,0.0
2025-05-09 02:30:00+00:00,12.390000343322754,12.399999618530273,12.390000343322754,12.399999618530273,83970,0.0,0.0,0.0
2025-05-09 02:35:00+00:00,12.399999618530273,12.399999618530273,12.399999618530273,12.399999618530273,142103,0.0,0.0,0.0
2025-05-09 02:40:00+00:00,12.399999618530273,12.40999984741211,12.399999618530273,12.40999984741211,47218,0.0,0.0,0.0
2025-05-09 02:45:00+00:00,12.40999984741211,12.420000076293945,12.40999984741211,12.420000076293945,44883,0.0,0.0,0.0
2025-05-09 02:50:00+00:00,12.420000076293945,12.420000076293945,12.40999984741211,12.40999984741211,9050,0.0,0.0,0.0
2025-05-09 02:55:00+00:00,12.40999984741211,12.420000076293945,12.40999984741211,12.420000076293945,12162,0.0,0.0,0.0
2025-05-09 03:00:00+00:00,12.399999618530273,12.399999618530273,12.399999618530273,12.399999618530273,10753,0.0,0.0,0.0
2025-05-09 03:05:00+00:00,12.40999984741211,12.420000076293945,12.40999984741211,12.420000076293945,33154,0.0,0.0,0.0
2025-05-09 03:10:00+00:00,12.420000076293945,12.430000305175781,12.420000076293945,12.430000305175781,45680,0.0,0.0,0.0
2025-05-09 03:15:00+00:00,12.4399995803833,12.4399995803833,12.430000305175781,12.430000305175781,13111,0.0,0.0,0.0
2025-05-09 03:20:00+00:00,12.4399995803833,12.4399995803833,12.420000076293945,12.420000076293945,32051,0.0,0.0,0.0
2025-05-09 03:25:00+00:00,12.420000076293945,12.420000076293945,12.420000076293945,12.420000076293945,32045,0.0,0.0,0.0
2025-05-09 03:30:00+00:00,12.430000305175781,12.449999809265137,12.430000305175781,12.449999809265137,80440,0.0,0.0,0.0
2025-05-09 03:35:00+00:00,12.4399995803833,12.4399995803833,12.4399995803833,12.4399995803833,14816,0.0,0.0,0.0
2025-05-09 03:40:00+00:00,12.4399995803833,12.4399995803833,12.4399995803833,12.4399995803833,2011,0.0,0.0,0.0
2025-05-09 03:45:00+00:00,12.4399995803833,12.4399995803833,12.430000305175781,12.430000305175781,3222,0.0,0.0,0.0
2025-05-09 03:50:00+00:00,12.430000305175781,12.430000305175781,12.430000305175781,12.430000305175781,4016,0.0,0.0,0.0
2025-05-09 03:55:00+00:00,12.4399995803833,12.4399995803833,12.4399995803833,12.4399995803833,40029,0.0,0.0,0.0
2025-05-09 04:00:00+00:00,12.4399995803833,12.449999809265137,12.4399995803833,12.449999809265137,42187,0.0,0.0,0.0
2025-05-09 04:05:00+00:00,12.449999809265137,12.449999809265137,12.4399995803833,12.449999809265137,10070,0.0,0.0,0.0
2025-05-09 04:10:00+00:00,12.449999809265137,12.449999809265137,12.4399995803833,12.4399995803833,37361,0.0,0.0,0.0
2025-05-09 04:15:00+00:00,12.4399995803833,12.4399995803833,12.430000305175781,12.430000305175781,26315,0.0,0.0,0.0
2025-05-09 04:20:00+00:00,12.430000305175781,12.4399995803833,12.420000076293945,12.420000076293945,20060,0.0,0.0,0.0
2025-05-09 04:25:00+00:00,12.430000305175781,12.4399995803833,12.430000305175781,12.4399995803833,29268,0.0,0.0,0.0
2025-05-09 04:30:00+00:00,12.449999809265137,12.449999809265137,12.4399995803833,12.4399995803833,3742,0.0,0.0,0.0
2025-05-09 04:35:00+00:00,12.4399995803833,12.449999809265137,12.4399995803833,12.449999809265137,19644,0.0,0.0,0.0
2025-05-09 04:40:00+00:00,12.449999809265137,12.449999809265137,12.449999809265137,12.449999809265137,10282,0.0,0.0,0.0
2025-05-09 04:45:00+00:00,12.449999809265137,12.449999809265137,12.449999809265137,12.449999809265137,27100,0.0,0.0,0.0
2025-05-09 04:50:00+00:00,12.449999809265137,12.449999809265137,12.4399995803833,12.4399995803833,5073,0.0,0.0,0.0
2025-05-09 04:55:00+00:00,12.4399995803833,12.4399995803833,12.4399995803833,12.4399995803833,7280,0.0,0.0,0.0
2025-05-09 05:00:00+00:00,12.4399995803833,12.449999809265137,12.4399995803833,12.4399995803833,33060,0.0,0.0,0.0
2025-05-09 05:05:00+00:00,12.430000305175781,12.4399995803833,12.430000305175781,12.4399995803833,4552,0.0,0.0,0.0
2025-05-09 05:10:00+00:00,12.4399995803833,12.449999809265137,12.4399995803833,12.4399995803833,23562,0.0,0.0,0.0
2025-05-09 05:15:00+00:00,12.4399995803833,12.449999809265137,12.4399995803833,12.449999809265137,115190,0.0,0.0,0.0
2025-05-09 05:20:00+00:00,12.449999809265137,12.449999809265137,12.4399995803833,12.449999809265137,59911,0.0,0.0,0.0
2025-05-12 01:00:00+00:00,12.529999732971191,12.579999923706055,12.529999732971191,12.579999923706055,0,0.0,0.0,0.0
2025-05-12 01:05:00+00:00,12.59000015258789,12.600000381469727,12.579999923706055,12.600000381469727,233000,0.0,0.0,0.0
2025-05-12 01:10:00+00:00,12.600000381469727,12.609999656677246,12.600000381469727,12.609999656677246,66084,0.0,0.0,0.0
2025-05-12 01:15:00+00:00,12.609999656677246,12.609999656677246,12.600000381469727,12.600000381469727,10397,0.0,0.0,0.0
2025-05-12 01:20:00+00:00,12.600000381469727,12.600000381469727,12.59000015258789,12.600000381469727,86079,0.0,0.0,0.0
2025-05-12 01:25:00+00:00,12.600000381469727,12.600000381469727,12.59000015258789,12.59000015258789,64611,0.0,0.0,0.0
2025-05-12 01:30:00+00:00,12.600000381469727,12.600000381469727,12.59000015258789,12.59000015258789,140694,0.0,0.0,0.0
2025-05-12 01:35:00+00:00,12.59000015258789,12.59000015258789,12.579999923706055,12.59000015258789,99597,0.0,0.0,0.0
2025-05-12 01:40:00+00:00,12.59000015258789,12.59000015258789,12.5600004196167,12.5600004196167,50765,0.0,0.0,0.0
2025-05-12 01:45:00+00:00,12.5600004196167,12.579999923706055,12.5600004196167,12.569999694824219,19043,0.0,0.0,0.0
2025-05-12 01:50:00+00:00,12.579999923706055,12.579999923706055,12.5600004196167,12.5600004196167,36773,0.0,0.0,0.0
2025-05-12 01:55:00+00:00,12.569999694824219,12.569999694824219,12.569999694824219,12.569999694824219,15268,0.0,0.0,0.0
2025-05-12 02:00:00+00:00,12.579999923706055,12.59000015258789,12.579999923706055,12.579999923706055,35851,0.0,0.0,0.0
2025-05-12 02:05:00+00:00,12.579999923706055,12.59000015258789,12.579999923706055,12.579999923706055,19139,0.0,0.0,0.0
2025-05-12 02:10:00+00:00,12.579999923706055,12.59000015258789,12.579999923706055,12.59000015258789,13464,0.0,0.0,0.0
2025-05-12 02:15:00+00:00,12.59000015258789,12.59000015258789,12.579999923706055,12.579999923706055,18538,0.0,0.0,0.0
2025-05-12 02:20:00+00:00,12.579999923706055,12.59000015258789,12.579999923706055,12.59000015258789,53876,0.0,0.0,0.0
2025-05-12 02:25:00+00:00,12.59000015258789,12.600000381469727,12.59000015258789,12.59000015258789,142550,0.0,0.0,0.0
2025-05-12 02:30:00+00:00,12.59000015258789,12.59000015258789,12.579999923706055,12.579999923706055,19250,0.0,0.0,0.0
2025-05-12 02:35:00+00:00,12.579999923706055,12.579999923706055,12.569999694824219,12.569999694824219,46033,0.0,0.0,0.0
2025-05-12 02:40:00+00:00,12.579999923706055,12.579999923706055,12.569999694824219,12.579999923706055,16707,0.0,0.0,0.0
2025-05-12 02:45:00+00:00,12.579999923706055,12.579999923706055,12.579999923706055,12.579999923706055,4693,0.0,0.0,0.0
2025-05-12 02:50:00+00:00,12.579999923706055,12.579999923706055,12.579999923706055,12.579999923706055,10059,0.0,0.0,0.0
2025-05-12 02:55:00+00:00,12.59000015258789,12.59000015258789,12.579999923706055,12.579999923706055,138673,0.0,0.0,0.0
2025-05-12 03:00:00+00:00,12.579999923706055,12.579999923706055,12.5600004196167,12.579999923706055,15062,0.0,0.0,0.0
2025-05-12 03:05:00+00:00,12.579999923706055,12.579999923706055,12.579999923706055,12.579999923706055,4101,0.0,0.0,0.0
2025-05-12 03:10:00+00:00,12.569999694824219,12.569999694824219,12.569999694824219,12.569999694824219,5422,0.0,0.0,0.0
2025-05-12 03:15:00+00:00,12.569999694824219,12.569999694824219,12.5600004196167,12.569999694824219,21140,0.0,0.0,0.0
2025-05-12 03:20:00+00:00,12.569999694824219,12.569999694824219,12.5600004196167,12.5600004196167,11626,0.0,0.0,0.0
2025-05-12 03:25:00+00:00,12.5600004196167,12.5600004196167,12.550000190734863,12.550000190734863,51416,0.0,0.0,0.0
2025-05-12 03:30:00+00:00,12.550000190734863,12.550000190734863,12.539999961853027,12.539999961853027,11439,0.0,0.0,0.0
2025-05-12 03:35:00+00:00,12.539999961853027,12.539999961853027,12.539999961853027,12.539999961853027,14178,0.0,0.0,0.0
2025-05-12 03:40:00+00:00,12.539999961853027,12.539999961853027,12.539999961853027,12.539999961853027,6119,0.0,0.0,0.0
2025-05-12 03:45:00+00:00,12.539999961853027,12.550000190734863,12.529999732971191,12.529999732971191,13318,0.0,0.0,0.0
2025-05-12 03:50:00+00:00,12.529999732971191,12.539999961853027,12.529999732971191,12.539999961853027,9167,0.0,0.0,0.0
2025-05-12 03:55:00+00:00,12.529999732971191,12.539999961853027,12.529999732971191,12.539999961853027,6169,0.0,0.0,0.0
2025-05-12 04:00:00+00:00,12.539999961853027,12.539999961853027,12.539999961853027,12.539999961853027,4458,0.0,0.0,0.0
2025-05-12 04:05:00+00:00,12.539999961853027,12.550000190734863,12.539999961853027,12.550000190734863,13180,0.0,0.0,0.0
2025-05-12 04:10:00+00:00,12.539999961853027,12.539999961853027,12.529999732971191,12.539999961853027,72647,0.0,0.0,0.0
2025-05-12 04:15:00+00:00,12.539999961853027,12.550000190734863,12.539999961853027,12.550000190734863,27063,0.0,0.0,0.0
2025-05-12 04:20:00+00:00,12.550000190734863,12.550000190734863,12.539999961853027,12.550000190734863,6602,0.0,0.0,0.0
2025-05-12 04:25:00+00:00,12.550000190734863,12.550000190734863,12.539999961853027,12.539999961853027,5370,0.0,0.0,0.0
2025-05-12 04:30:00+00:00,12.550000190734863,12.550000190734863,12.550000190734863,12.550000190734863,49970,0.0,0.0,0.0
2025-05-12 04:35:00+00:00,12.550000190734863,12.5600004196167,12.550000190734863,12.5600004196167,2310,0.0,0.0,0.0
2025-05-12 04:40:00+00:00,12.550000190734863,12.550000190734863,12.539999961853027,12.539999961853027,36000,0.0,0.0,0.0
2025-05-12 04:45:00+00:00,12.539999961853027,12.5600004196167,12.539999961853027,12.550000190734863,15010,0.0,0.0,0.0
2025-05-12 04:50:00+00:00,12.550000190734863,12.550000190734863,12.539999961853027,12.539999961853027,6290,0.0,0.0,0.0
2025-05-12 04:55:00+00:00,12.550000190734863,12.5600004196167,12.550000190734863,12.550000190734863,7428,0.0,0.0,0.0
2025-05-12 05:00:00+00:00,12.550000190734863,12.550000190734863,12.539999961853027,12.539999961853027,16180,0.0,0.0,0.0
2025-05-12 05:05:00+00:00,12.550000190734863,12.550000190734863,12.539999961853027,12.550000190734863,30242,0.0,0.0,0.0
2025-05-12 05:10:00+00:00,12.550000190734863,12.550000190734863,12.550000190734863,12.550000190734863,3717,0.0,0.0,0.0
2025-05-12 05:15:00+00:00,12.550000190734863,12.550000190734863,12.539999961853027,12.539999961853027,24543,0.0,0.0,0.0
2025-05-12 05:20:00+00:00,12.539999961853027,12.550000190734863,12.539999961853027,12.550000190734863,129943,0.0,0.0,0.0
2025-05-13 01:00:00+00:00,12.770000457763672,12.949999809265137,12.770000457763672,12.899999618530273,0,0.0,0.0,0.0
2025-05-13 01:05:00+00:00,12.890000343322754,12.890000343322754,12.859999656677246,12.859999656677246,104000,0.0,0.0,0.0
2025-05-13 01:10:00+00:00,12.869999885559082,12.869999885559082,12.829999923706055,12.84000015258789,322404,0.0,0.0,0.0
2025-05-13 01:15:00+00:00,12.829999923706055,12.850000381469727,12.829999923706055,12.84000015258789,230795,0.0,0.0,0.0
2025-05-13 01:20:00+00:00,12.84000015258789,12.869999885559082,12.84000015258789,12.869999885559082,256991,0.0,0.0,0.0
2025-05-13 01:25:00+00:00,12.869999885559082,12.869999885559082,12.869999885559082,12.869999885559082,72804,0.0,0.0,0.0
2025-05-13 01:30:00+00:00,12.880000114440918,12.890000343322754,12.859999656677246,12.890000343322754,99783,0.0,0.0,0.0
2025-05-13 01:35:00+00:00,12.890000343322754,12.890000343322754,12.869999885559082,12.869999885559082,87866,0.0,0.0,0.0
2025-05-13 01:40:00+00:00,12.859999656677246,12.859999656677246,12.850000381469727,12.859999656677246,29295,0.0,0.0,0.0
2025-05-13 01:45:00+00:00,12.859999656677246,12.869999885559082,12.859999656677246,12.869999885559082,53193,0.0,0.0,0.0
2025-05-13 01:50:00+00:00,12.869999885559082,12.869999885559082,12.859999656677246,12.859999656677246,15121,0.0,0.0,0.0
2025-05-13 01:55:00+00:00,12.859999656677246,12.859999656677246,12.850000381469727,12.850000381469727,60242,0.0,0.0,0.0
2025-05-13 02:00:00+00:00,12.869999885559082,12.869999885559082,12.869999885559082,12.869999885559082,20445,0.0,0.0,0.0
2025-05-13 02:05:00+00:00,12.859999656677246,12.859999656677246,12.84000015258789,12.850000381469727,34264,0.0,0.0,0.0
2025-05-13 02:10:00+00:00,12.829999923706055,12.829999923706055,12.819999694824219,12.819999694824219,69708,0.0,0.0,0.0
2025-05-13 02:15:00+00:00,12.819999694824219,12.819999694824219,12.800000190734863,12.8100004196167,144531,0.0,0.0,0.0
2025-05-13 02:20:00+00:00,12.8100004196167,12.819999694824219,12.800000190734863,12.800000190734863,114239,0.0,0.0,0.0
2025-05-13 02:25:00+00:00,12.789999961853027,12.800000190734863,12.789999961853027,12.789999961853027,8005,0.0,0.0,0.0
2025-05-13 02:30:00+00:00,12.789999961853027,12.789999961853027,12.770000457763672,12.770000457763672,60573,0.0,0.0,0.0
2025-05-13 02:35:00+00:00,12.770000457763672,12.789999961853027,12.770000457763672,12.789999961853027,69325,0.0,0.0,0.0
2025-05-13 02:40:00+00:00,12.779999732971191,12.789999961853027,12.779999732971191,12.789999961853027,14579,0.0,0.0,0.0
2025-05-13 02:45:00+00:00,12.800000190734863,12.800000190734863,12.770000457763672,12.770000457763672,15660,0.0,0.0,0.0
2025-05-13 02:50:00+00:00,12.779999732971191,12.779999732971191,12.770000457763672,12.779999732971191,12933,0.0,0.0,0.0
2025-05-13 02:55:00+00:00,12.779999732971191,12.779999732971191,12.779999732971191,12.779999732971191,39093,0.0,0.0,0.0
2025-05-13 03:00:00+00:00,12.779999732971191,12.779999732971191,12.770000457763672,12.770000457763672,50112,0.0,0.0,0.0
2025-05-13 03:05:00+00:00,12.779999732971191,12.779999732971191,12.760000228881836,12.760000228881836,8048,0.0,0.0,0.0
2025-05-13 03:10:00+00:00,12.770000457763672,12.770000457763672,12.770000457763672,12.770000457763672,1059,0.0,0.0,0.0
2025-05-13 03:15:00+00:00,12.770000457763672,12.770000457763672,12.760000228881836,12.770000457763672,34056,0.0,0.0,0.0
2025-05-13 03:20:00+00:00,12.770000457763672,12.779999732971191,12.770000457763672,12.779999732971191,15410,0.0,0.0,0.0
2025-05-13 03:25:00+00:00,12.779999732971191,12.789999961853027,12.779999732971191,12.789999961853027,26081,0.0,0.0,0.0
2025-05-13 03:30:00+00:00,12.789999961853027,12.789999961853027,12.789999961853027,12.789999961853027,7039,0.0,0.0,0.0
2025-05-13 03:35:00+00:00,12.779999732971191,12.789999961853027,12.779999732971191,12.789999961853027,25222,0.0,0.0,0.0
2025-05-13 03:40:00+00:00,12.789999961853027,12.789999961853027,12.779999732971191,12.779999732971191,27205,0.0,0.0,0.0
2025-05-13 03:45:00+00:00,12.779999732971191,12.789999961853027,12.779999732971191,12.789999961853027,7794,0.0,0.0,0.0
2025-05-13 03:50:00+00:00,12.779999732971191,12.779999732971191,12.770000457763672,12.770000457763672,23300,0.0,0.0,0.0
2025-05-13 03:55:00+00:00,12.770000457763672,12.779999732971191,12.770000457763672,12.770000457763672,17048,0.0,0.0,0.0
2025-05-13 04:00:00+00:00,12.779999732971191,12.779999732971191,12.779999732971191,12.779999732971191,1215,0.0,0.0,0.0
2025-05-13 04:05:00+00:00,12.779999732971191,12.789999961853027,12.770000457763672,12.779999732971191,7807,0.0,0.0,0.0
2025-05-13 04:10:00+00:00,12.770000457763672,12.779999732971191,12.770000457763672,12.779999732971191,8518,0.0,0.0,0.0
2025-05-13 04:15:00+00:00,12.779999732971191,12.779999732971191,12.770000457763672,12.779999732971191,7327,0.0,0.0,0.0
2025-05-13 04:20:00+00:00,12.779999732971191,12.779999732971191,12.779999732971191,12.779999732971191,75192,0.0,0.0,0.0
2025-05-13 04:25:00+00:00,12.779999732971191,12.779999732971191,12.770000457763672,12.779999732971191,73352,0.0,0.0,0.0
2025-05-13 04:30:00+00:00,12.789999961853027,12.789999961853027,12.770000457763672,12.770000457763672,3626,0.0,0.0,0.0
2025-05-13 04:35:00+00:00,12.779999732971191,12.779999732971191,12.779999732971191,12.779999732971191,24030,0.0,0.0,0.0
2025-05-13 04:40:00+00:00,12.779999732971191,12.779999732971191,12.770000457763672,12.779999732971191,26506,0.0,0.0,0.0
2025-05-13 04:45:00+00:00,12.770000457763672,12.770000457763672,12.770000457763672,12.770000457763672,3325,0.0,0.0,0.0
2025-05-13 04:50:00+00:00,12.770000457763672,12.779999732971191,12.770000457763672,12.779999732971191,27210,0.0,0.0,0.0
2025-05-13 04:55:00+00:00,12.770000457763672,12.770000457763672,12.760000228881836,12.760000228881836,50285,0.0,0.0,0.0
2025-05-13 05:00:00+00:00,12.770000457763672,12.779999732971191,12.770000457763672,12.779999732971191,48010,0.0,0.0,0.0
2025-05-13 05:05:00+00:00,12.779999732971191,12.779999732971191,12.779999732971191,12.779999732971191,16661,0.0,0.0,0.0
2025-05-13 05:10:00+00:00,12.779999732971191,12.789999961853027,12.779999732971191,12.789999961853027,12400,0.0,0.0,0.0
2025-05-13 05:15:00+00:00,12.789999961853027,12.789999961853027,12.779999732971191,12.779999732971191,23336,0.0,0.0,0.0
2025-05-13 05:20:00+00:00,12.789999961853027,12.789999961853027,12.779999732971191,12.789999961853027,12694,0.0,0.0,0.0
2025-05-14 01:00:00+00:00,12.949999809265137,12.979999542236328,12.949999809265137,12.949999809265137,0,0.0,0.0,0.0
2025-05-14 01:05:00+00:00,12.949999809265137,12.949999809265137,12.9399995803833,12.949999809265137,145425,0.0,0.0,0.0
2025-05-14 01:10:00+00:00,12.949999809265137,12.960000038146973,12.949999809265137,12.949999809265137,57399,0.0,0.0,0.0
2025-05-14 01:15:00+00:00,12.949999809265137,12.960000038146973,12.9399995803833,12.949999809265137,197534,0.0,0.0,0.0
2025-05-14 01:20:00+00:00,12.949999809265137,12.960000038146973,12.949999809265137,12.960000038146973,90048,0.0,0.0,0.0
2025-05-14 01:25:00+00:00,12.960000038146973,12.960000038146973,12.9399995803833,12.960000038146973,95295,0.0,0.0,0.0
2025-05-14 01:30:00+00:00,12.960000038146973,12.960000038146973,12.949999809265137,12.949999809265137,16243,0.0,0.0,0.0
2025-05-14 01:35:00+00:00,12.949999809265137,12.970000267028809,12.949999809265137,12.970000267028809,250740,0.0,0.0,0.0
2025-05-14 01:40:00+00:00,12.970000267028809,13.0,12.970000267028809,12.979999542236328,389720,0.0,0.0,0.0
2025-05-14 01:45:00+00:00,12.979999542236328,12.989999771118164,12.979999542236328,12.979999542236328,12569,0.0,0.0,0.0
2025-05-14 01:50:00+00:00,12.979999542236328,12.989999771118164,12.979999542236328,12.989999771118164,199130,0.0,0.0,0.0
2025-05-14 01:55:00+00:00,12.989999771118164,13.0,12.970000267028809,13.0,246267,0.0,0.0,0.0
2025-05-14 02:00:00+00:00,12.979999542236328,13.0,12.970000267028809,12.979999542236328,60581,0.0,0.0,0.0
2025-05-14 02:05:00+00:00,12.979999542236328,12.979999542236328,12.970000267028809,12.970000267028809,33273,0.0,0.0,0.0
2025-05-14 02:10:00+00:00,12.970000267028809,12.989999771118164,12.970000267028809,12.989999771118164,68158,0.0,0.0,0.0
2025-05-14 02:15:00+00:00,12.989999771118164,13.0,12.989999771118164,12.989999771118164,74714,0.0,0.0,0.0
2025-05-14 02:20:00+00:00,12.989999771118164,12.989999771118164,12.989999771118164,12.989999771118164,19264,0.0,0.0,0.0
2025-05-14 02:25:00+00:00,12.989999771118164,12.989999771118164,12.979999542236328,12.979999542236328,39343,0.0,0.0,0.0
2025-05-14 02:30:00+00:00,12.970000267028809,12.979999542236328,12.970000267028809,12.970000267028809,35261,0.0,0.0,0.0
2025-05-14 02:35:00+00:00,12.960000038146973,12.960000038146973,12.949999809265137,12.960000038146973,81182,0.0,0.0,0.0
2025-05-14 02:40:00+00:00,12.949999809265137,12.960000038146973,12.949999809265137,12.960000038146973,8557,0.0,0.0,0.0
2025-05-14 02:45:00+00:00,12.960000038146973,12.960000038146973,12.949999809265137,12.949999809265137,40852,0.0,0.0,0.0
2025-05-14 02:50:00+00:00,12.949999809265137,12.949999809265137,12.9399995803833,12.9399995803833,15479,0.0,0.0,0.0
2025-05-14 02:55:00+00:00,12.9399995803833,12.949999809265137,12.9399995803833,12.949999809265137,41558,0.0,0.0,0.0
2025-05-14 03:00:00+00:00,12.960000038146973,12.960000038146973,12.960000038146973,12.960000038146973,21348,0.0,0.0,0.0
2025-05-14 03:05:00+00:00,12.970000267028809,12.970000267028809,12.970000267028809,12.970000267028809,25598,0.0,0.0,0.0
2025-05-14 03:10:00+00:00,12.970000267028809,12.970000267028809,12.970000267028809,12.970000267028809,19010,0.0,0.0,0.0
2025-05-14 03:15:00+00:00,12.979999542236328,12.979999542236328,12.979999542236328,12.979999542236328,16353,0.0,0.0,0.0
2025-05-14 03:20:00+00:00,12.989999771118164,12.989999771118164,12.989999771118164,12.989999771118164,4038,0.0,0.0,0.0
2025-05-14 03:25:00+00:00,12.989999771118164,13.010000228881836,12.989999771118164,13.010000228881836,673162,0.0,0.0,0.0
2025-05-14 03:30:00+00:00,13.010000228881836,13.020000457763672,13.010000228881836,13.010000228881836,28357,0.0,0.0,0.0
2025-05-14 03:35:00+00:00,13.0,13.0,13.0,13.0,9124,0.0,0.0,0.0
2025-05-14 03:40:00+00:00,13.0,13.010000228881836,13.0,13.010000228881836,8380,0.0,0.0,0.0
2025-05-14 03:45:00+00:00,13.010000228881836,13.010000228881836,13.0,13.0,42613,0.0,0.0,0.0
2025-05-14 03:50:00+00:00,13.0,13.0,13.0,13.0,1446,0.0,0.0,0.0
2025-05-14 03:55:00+00:00,13.010000228881836,13.010000228881836,13.010000228881836,13.010000228881836,1552,0.0,0.0,0.0
2025-05-14 04:00:00+00:00,13.010000228881836,13.010000228881836,13.010000228881836,13.010000228881836,89024,0.0,0.0,0.0
2025-05-14 04:05:00+00:00,13.0,13.020000457763672,13.0,13.020000457763672,118713,0.0,0.0,0.0
2025-05-14 04:10:00+00:00,13.020000457763672,13.020000457763672,13.010000228881836,13.010000228881836,20227,0.0,0.0,0.0
2025-05-14 04:15:00+00:00,13.010000228881836,13.039999961853027,13.010000228881836,13.020000457763672,180019,0.0,0.0,0.0
2025-05-14 04:20:00+00:00,13.029999732971191,13.039999961853027,13.020000457763672,13.029999732971191,167135,0.0,0.0,0.0
2025-05-14 04:25:00+00:00,13.029999732971191,13.039999961853027,13.020000457763672,13.039999961853027,149117,0.0,0.0,0.0
2025-05-14 04:30:00+00:00,13.039999961853027,13.039999961853027,13.029999732971191,13.039999961853027,158186,0.0,0.0,0.0
2025-05-14 04:35:00+00:00,13.039999961853027,13.050000190734863,13.039999961853027,13.050000190734863,126075,0.0,0.0,0.0
2025-05-14 04:40:00+00:00,13.0600004196167,13.0600004196167,13.050000190734863,13.0600004196167,34238,0.0,0.0,0.0
2025-05-14 04:45:00+00:00,13.0600004196167,13.0600004196167,13.050000190734863,13.050000190734863,30782,0.0,0.0,0.0
2025-05-14 04:50:00+00:00,13.050000190734863,13.0600004196167,13.050000190734863,13.050000190734863,19200,0.0,0.0,0.0
2025-05-14 04:55:00+00:00,13.050000190734863,13.0600004196167,13.050000190734863,13.050000190734863,104564,0.0,0.0,0.0
2025-05-14 05:00:00+00:00,13.050000190734863,13.050000190734863,13.050000190734863,13.050000190734863,38500,0.0,0.0,0.0
2025-05-14 05:05:00+00:00,13.050000190734863,13.050000190734863,13.039999961853027,13.050000190734863,31800,0.0,0.0,0.0
2025-05-14 05:10:00+00:00,13.0600004196167,13.0600004196167,13.050000190734863,13.0600004196167,27193,0.0,0.0,0.0
2025-05-14 05:15:00+00:00,13.0600004196167,13.0600004196167,13.0600004196167,13.0600004196167,42310,0.0,0.0,0.0
2025-05-14 05:20:00+00:00,13.0600004196167,13.0600004196167,13.050000190734863,13.0600004196167,20796,0.0,0.0,0.0
2025-05-15 01:00:00+00:00,13.039999961853027,13.100000381469727,13.039999961853027,13.100000381469727,0,0.0,0.0,0.0
2025-05-15 01:05:00+00:00,13.100000381469727,13.100000381469727,13.069999694824219,13.069999694824219,51744,0.0,0.0,0.0
2025-05-15 01:10:00+00:00,13.069999694824219,13.100000381469727,13.069999694824219,13.100000381469727,85308,0.0,0.0,0.0
2025-05-15 01:15:00+00:00,13.100000381469727,13.100000381469727,13.079999923706055,13.079999923706055,31316,0.0,0.0,0.0
2025-05-15 01:20:00+00:00,13.079999923706055,13.079999923706055,13.050000190734863,13.050000190734863,55588,0.0,0.0,0.0
2025-05-15 01:25:00+00:00,13.039999961853027,13.039999961853027,13.020000457763672,13.029999732971191,30889,0.0,0.0,0.0
2025-05-15 01:30:00+00:00,13.029999732971191,13.029999732971191,13.010000228881836,13.020000457763672,107541,0.0,0.0,0.0
2025-05-15 01:35:00+00:00,13.020000457763672,13.039999961853027,13.020000457763672,13.039999961853027,59233,0.0,0.0,0.0
2025-05-15 01:40:00+00:00,13.039999961853027,13.0600004196167,13.039999961853027,13.0600004196167,210582,0.0,0.0,0.0
2025-05-15 01:45:00+00:00,13.0600004196167,13.069999694824219,13.0600004196167,13.0600004196167,86425,0.0,0.0,0.0
2025-05-15 01:50:00+00:00,13.0600004196167,13.069999694824219,13.0600004196167,13.0600004196167,18318,0.0,0.0,0.0
2025-05-15 01:55:00+00:00,13.0600004196167,13.0600004196167,13.050000190734863,13.0600004196167,216151,0.0,0.0,0.0
2025-05-15 02:00:00+00:00,13.0600004196167,13.0600004196167,13.029999732971191,13.039999961853027,25471,0.0,0.0,0.0
2025-05-15 02:05:00+00:00,13.039999961853027,13.050000190734863,13.039999961853027,13.050000190734863,15302,0.0,0.0,0.0
2025-05-15 02:10:00+00:00,13.050000190734863,13.050000190734863,13.039999961853027,13.039999961853027,73132,0.0,0.0,0.0
2025-05-15 02:15:00+00:00,13.050000190734863,13.050000190734863,13.039999961853027,13.039999961853027,12555,0.0,0.0,0.0
2025-05-15 02:20:00+00:00,13.039999961853027,13.050000190734863,13.029999732971191,13.050000190734863,36082,0.0,0.0,0.0
2025-05-15 02:25:00+00:00,13.029999732971191,13.050000190734863,13.029999732971191,13.039999961853027,66468,0.0,0.0,0.0
2025-05-15 02:30:00+00:00,13.050000190734863,13.0600004196167,13.050000190734863,13.050000190734863,99190,0.0,0.0,0.0
2025-05-15 02:35:00+00:00,13.050000190734863,13.0600004196167,13.039999961853027,13.039999961853027,142497,0.0,0.0,0.0
2025-05-15 02:40:00+00:00,13.039999961853027,13.0600004196167,13.039999961853027,13.0600004196167,12129,0.0,0.0,0.0
2025-05-15 02:45:00+00:00,13.0600004196167,13.0600004196167,13.0600004196167,13.0600004196167,4795,0.0,0.0,0.0
2025-05-15 02:50:00+00:00,13.0600004196167,13.0600004196167,13.050000190734863,13.0600004196167,91190,0.0,0.0,0.0
2025-05-15 02:55:00+00:00,13.0600004196167,13.09000015258789,13.0600004196167,13.09000015258789,97593,0.0,0.0,0.0
2025-05-15 03:00:00+00:00,13.079999923706055,13.09000015258789,13.079999923706055,13.09000015258789,23814,0.0,0.0,0.0
2025-05-15 03:05:00+00:00,13.09000015258789,13.09000015258789,13.09000015258789,13.09000015258789,6533,0.0,0.0,0.0
2025-05-15 03:10:00+00:00,13.09000015258789,13.09000015258789,13.079999923706055,13.079999923706055,27141,0.0,0.0,0.0
2025-05-15 03:15:00+00:00,13.09000015258789,13.09000015258789,13.079999923706055,13.079999923706055,30708,0.0,0.0,0.0
2025-05-15 03:20:00+00:00,13.079999923706055,13.09000015258789,13.079999923706055,13.09000015258789,4748,0.0,0.0,0.0
2025-05-15 03:25:00+00:00,13.09000015258789,13.09000015258789,13.069999694824219,13.069999694824219,13239,0.0,0.0,0.0
2025-05-15 03:30:00+00:00,13.09000015258789,13.09000015258789,13.079999923706055,13.079999923706055,3071,0.0,0.0,0.0
2025-05-15 03:35:00+00:00,13.079999923706055,13.079999923706055,13.079999923706055,13.079999923706055,6023,0.0,0.0,0.0
2025-05-15 03:40:00+00:00,13.079999923706055,13.079999923706055,13.079999923706055,13.079999923706055,2682,0.0,0.0,0.0
2025-05-15 03:45:00+00:00,13.079999923706055,13.079999923706055,13.0600004196167,13.0600004196167,13048,0.0,0.0,0.0
2025-05-15 03:50:00+00:00,13.069999694824219,13.09000015258789,13.069999694824219,13.079999923706055,21140,0.0,0.0,0.0
2025-05-15 03:55:00+00:00,13.079999923706055,13.079999923706055,13.069999694824219,13.069999694824219,3246,0.0,0.0,0.0
2025-05-15 04:00:00+00:00,13.069999694824219,13.069999694824219,13.0600004196167,13.069999694824219,13550,0.0,0.0,0.0
2025-05-15 04:05:00+00:00,13.069999694824219,13.069999694824219,13.069999694824219,13.069999694824219,53144,0.0,0.0,0.0
2025-05-15 04:10:00+00:00,13.079999923706055,13.079999923706055,13.069999694824219,13.069999694824219,30384,0.0,0.0,0.0
2025-05-15 04:15:00+00:00,13.069999694824219,13.069999694824219,13.069999694824219,13.069999694824219,11427,0.0,0.0,0.0
2025-05-15 04:20:00+00:00,13.069999694824219,13.069999694824219,13.069999694824219,13.069999694824219,3165,0.0,0.0,0.0
2025-05-15 04:25:00+00:00,13.0600004196167,13.069999694824219,13.0600004196167,13.069999694824219,9030,0.0,0.0,0.0
2025-05-15 04:30:00+00:00,13.069999694824219,13.069999694824219,13.0600004196167,13.069999694824219,102349,0.0,0.0,0.0
2025-05-15 04:35:00+00:00,13.069999694824219,13.069999694824219,13.069999694824219,13.069999694824219,6000,0.0,0.0,0.0
2025-05-15 04:40:00+00:00,13.069999694824219,13.069999694824219,13.0600004196167,13.069999694824219,49060,0.0,0.0,0.0
2025-05-15 04:45:00+00:00,13.069999694824219,13.069999694824219,13.0600004196167,13.069999694824219,11114,0.0,0.0,0.0
2025-05-15 04:50:00+00:00,13.069999694824219,13.069999694824219,13.0600004196167,13.069999694824219,28210,0.0,0.0,0.0
2025-05-15 04:55:00+00:00,13.069999694824219,13.069999694824219,13.0600004196167,13.0600004196167,16280,0.0,0.0,0.0
2025-05-15 05:00:00+00:00,13.0600004196167,13.0600004196167,13.0600004196167,13.0600004196167,33237,0.0,0.0,0.0
2025-05-15 05:05:00+00:00,13.0600004196167,13.069999694824219,13.0600004196167,13.0600004196167,6061,0.0,0.0,0.0
2025-05-15 05:10:00+00:00,13.0600004196167,13.0600004196167,13.050000190734863,13.050000190734863,37100,0.0,0.0,0.0
2025-05-15 05:15:00+00:00,13.069999694824219,13.069999694824219,13.0600004196167,13.0600004196167,16111,0.0,0.0,0.0
2025-05-15 05:20:00+00:00,13.0600004196167,13.069999694824219,13.050000190734863,13.0600004196167,242226,0.0,0.0,0.0
2025-05-16 01:00:00+00:00,13.0,13.050000190734863,13.0,13.050000190734863,0,0.0,0.0,0.0
2025-05-16 01:05:00+00:00,13.039999961853027,13.069999694824219,13.039999961853027,13.069999694824219,121449,0.0,0.0,0.0
2025-05-16 01:10:00+00:00,13.069999694824219,13.079999923706055,13.0600004196167,13.069999694824219,118714,0.0,0.0,0.0
2025-05-16 01:15:00+00:00,13.069999694824219,13.069999694824219,13.0600004196167,13.0600004196167,18458,0.0,0.0,0.0
2025-05-16 01:20:00+00:00,13.069999694824219,13.069999694824219,13.0600004196167,13.0600004196167,101707,0.0,0.0,0.0
2025-05-16 01:25:00+00:00,13.0600004196167,13.079999923706055,13.0600004196167,13.069999694824219,74086,0.0,0.0,0.0
2025-05-16 01:30:00+00:00,13.09000015258789,13.09000015258789,13.079999923706055,13.079999923706055,56314,0.0,0.0,0.0
2025-05-16 01:35:00+00:00,13.079999923706055,13.109999656677246,13.079999923706055,13.100000381469727,407379,0.0,0.0,0.0
2025-05-16 01:40:00+00:00,13.109999656677246,13.119999885559082,13.109999656677246,13.119999885559082,202045,0.0,0.0,0.0
2025-05-16 01:45:00+00:00,13.119999885559082,13.140000343322754,13.109999656677246,13.130000114440918,167845,0.0,0.0,0.0
2025-05-16 01:50:00+00:00,13.130000114440918,13.130000114440918,13.119999885559082,13.130000114440918,33563,0.0,0.0,0.0
2025-05-16 01:55:00+00:00,13.130000114440918,13.140000343322754,13.130000114440918,13.140000343322754,68516,0.0,0.0,0.0
2025-05-16 02:00:00+00:00,13.140000343322754,13.149999618530273,13.130000114440918,13.149999618530273,152224,0.0,0.0,0.0
2025-05-16 02:05:00+00:00,13.140000343322754,13.149999618530273,13.130000114440918,13.140000343322754,18400,0.0,0.0,0.0
2025-05-16 02:10:00+00:00,13.140000343322754,13.149999618530273,13.130000114440918,13.130000114440918,176175,0.0,0.0,0.0
2025-05-16 02:15:00+00:00,13.130000114440918,13.130000114440918,13.130000114440918,13.130000114440918,18407,0.0,0.0,0.0
2025-05-16 02:20:00+00:00,13.130000114440918,13.149999618530273,13.130000114440918,13.149999618530273,338790,0.0,0.0,0.0
2025-05-16 02:25:00+00:00,13.149999618530273,13.15999984741211,13.149999618530273,13.149999618530273,56947,0.0,0.0,0.0
2025-05-16 02:30:00+00:00,13.149999618530273,13.149999618530273,13.140000343322754,13.149999618530273,57166,0.0,0.0,0.0
2025-05-16 02:35:00+00:00,13.149999618530273,13.170000076293945,13.149999618530273,13.15999984741211,169234,0.0,0.0,0.0
2025-05-16 02:40:00+00:00,13.170000076293945,13.170000076293945,13.15999984741211,13.15999984741211,29522,0.0,0.0,0.0
2025-05-16 02:45:00+00:00,13.170000076293945,13.170000076293945,13.15999984741211,13.15999984741211,31796,0.0,0.0,0.0
2025-05-16 02:50:00+00:00,13.15999984741211,13.15999984741211,13.140000343322754,13.140000343322754,26365,0.0,0.0,0.0
2025-05-16 02:55:00+00:00,13.149999618530273,13.15999984741211,13.149999618530273,13.149999618530273,69507,0.0,0.0,0.0
2025-05-16 03:00:00+00:00,13.149999618530273,13.15999984741211,13.149999618530273,13.15999984741211,19203,0.0,0.0,0.0
2025-05-16 03:05:00+00:00,13.15999984741211,13.15999984741211,13.15999984741211,13.15999984741211,5667,0.0,0.0,0.0
2025-05-16 03:10:00+00:00,13.15999984741211,13.15999984741211,13.149999618530273,13.15999984741211,133266,0.0,0.0,0.0
2025-05-16 03:15:00+00:00,13.15999984741211,13.170000076293945,13.15999984741211,13.15999984741211,20438,0.0,0.0,0.0
2025-05-16 03:20:00+00:00,13.15999984741211,13.170000076293945,13.149999618530273,13.149999618530273,21111,0.0,0.0,0.0
2025-05-16 03:25:00+00:00,13.15999984741211,13.15999984741211,13.149999618530273,13.149999618530273,23016,0.0,0.0,0.0
2025-05-16 03:30:00+00:00,13.15999984741211,13.15999984741211,13.140000343322754,13.15999984741211,14920,0.0,0.0,0.0
2025-05-16 03:35:00+00:00,13.140000343322754,13.149999618530273,13.130000114440918,13.130000114440918,44671,0.0,0.0,0.0
2025-05-16 03:40:00+00:00,13.130000114440918,13.130000114440918,13.119999885559082,13.130000114440918,21902,0.0,0.0,0.0
2025-05-16 03:45:00+00:00,13.130000114440918,13.130000114440918,13.119999885559082,13.119999885559082,7518,0.0,0.0,0.0
2025-05-16 03:50:00+00:00,13.119999885559082,13.130000114440918,13.109999656677246,13.109999656677246,15019,0.0,0.0,0.0
2025-05-16 03:55:00+00:00,13.119999885559082,13.119999885559082,13.119999885559082,13.119999885559082,17106,0.0,0.0,0.0
2025-05-16 04:00:00+00:00,13.130000114440918,13.140000343322754,13.130000114440918,13.140000343322754,12262,0.0,0.0,0.0
2025-05-16 04:05:00+00:00,13.140000343322754,13.140000343322754,13.130000114440918,13.140000343322754,16108,0.0,0.0,0.0
2025-05-16 04:10:00+00:00,13.140000343322754,13.140000343322754,13.130000114440918,13.130000114440918,20228,0.0,0.0,0.0
2025-05-16 04:15:00+00:00,13.140000343322754,13.140000343322754,13.119999885559082,13.130000114440918,7108,0.0,0.0,0.0
2025-05-16 04:20:00+00:00,13.140000343322754,13.140000343322754,13.119999885559082,13.130000114440918,10458,0.0,0.0,0.0
2025-05-16 04:25:00+00:00,13.130000114440918,13.130000114440918,13.130000114440918,13.130000114440918,35256,0.0,0.0,0.0
2025-05-16 04:30:00+00:00,13.140000343322754,13.149999618530273,13.130000114440918,13.149999618530273,71233,0.0,0.0,0.0
2025-05-16 04:35:00+00:00,13.140000343322754,13.149999618530273,13.140000343322754,13.149999618530273,163591,0.0,0.0,0.0
2025-05-16 04:40:00+00:00,13.149999618530273,13.149999618530273,13.149999618530273,13.149999618530273,15549,0.0,0.0,0.0
2025-05-16 04:45:00+00:00,13.140000343322754,13.140000343322754,13.140000343322754,13.140000343322754,5312,0.0,0.0,0.0
2025-05-16 04:50:00+00:00,13.140000343322754,13.149999618530273,13.140000343322754,13.140000343322754,10168,0.0,0.0,0.0
2025-05-16 04:55:00+00:00,13.140000343322754,13.140000343322754,13.140000343322754,13.140000343322754,20527,0.0,0.0,0.0
2025-05-16 05:00:00+00:00,13.140000343322754,13.140000343322754,13.140000343322754,13.140000343322754,29055,0.0,0.0,0.0
2025-05-16 05:05:00+00:00,13.140000343322754,13.149999618530273,13.140000343322754,13.149999618530273,6371,0.0,0.0,0.0
2025-05-16 05:10:00+00:00,13.149999618530273,13.149999618530273,13.140000343322754,13.140000343322754,53066,0.0,0.0,0.0
2025-05-16 05:15:00+00:00,13.149999618530273,13.149999618530273,13.140000343322754,13.140000343322754,12399,0.0,0.0,0.0
2025-05-16 05:20:00+00:00,13.140000343322754,13.149999618530273,13.140000343322754,13.140000343322754,49053,0.0,0.0,0.0
2025-05-19 01:00:00+00:00,13.119999885559082,13.119999885559082,13.079999923706055,13.100000381469727,0,0.0,0.0,0.0
2025-05-19 01:05:00+00:00,13.09000015258789,13.119999885559082,13.09000015258789,13.109999656677246,40064,0.0,0.0,0.0
2025-05-19 01:10:00+00:00,13.100000381469727,13.100000381469727,13.069999694824219,13.069999694824219,134628,0.0,0.0,0.0
2025-05-19 01:15:00+00:00,13.0600004196167,13.069999694824219,13.0600004196167,13.0600004196167,101114,0.0,0.0,0.0
2025-05-19 01:20:00+00:00,13.0600004196167,13.0600004196167,13.050000190734863,13.0600004196167,33155,0.0,0.0,0.0
2025-05-19 01:25:00+00:00,13.0600004196167,13.0600004196167,13.0600004196167,13.0600004196167,18919,0.0,0.0,0.0
2025-05-19 01:30:00+00:00,13.0600004196167,13.0600004196167,13.050000190734863,13.050000190734863,118327,0.0,0.0,0.0
2025-05-19 01:35:00+00:00,13.039999961853027,13.050000190734863,13.029999732971191,13.039999961853027,95750,0.0,0.0,0.0
2025-05-19 01:40:00+00:00,13.039999961853027,13.039999961853027,13.039999961853027,13.039999961853027,16291,0.0,0.0,0.0
2025-05-19 01:45:00+00:00,13.029999732971191,13.039999961853027,13.029999732971191,13.039999961853027,11278,0.0,0.0,0.0
2025-05-19 01:50:00+00:00,13.039999961853027,13.039999961853027,13.029999732971191,13.029999732971191,43253,0.0,0.0,0.0
2025-05-19 01:55:00+00:00,13.029999732971191,13.029999732971191,13.020000457763672,13.020000457763672,12573,0.0,0.0,0.0
2025-05-19 02:00:00+00:00,13.029999732971191,13.029999732971191,13.020000457763672,13.020000457763672,11336,0.0,0.0,0.0
2025-05-19 02:05:00+00:00,13.029999732971191,13.029999732971191,13.029999732971191,13.029999732971191,5174,0.0,0.0,0.0
2025-05-19 02:10:00+00:00,13.029999732971191,13.029999732971191,13.029999732971191,13.029999732971191,7356,0.0,0.0,0.0
2025-05-19 02:15:00+00:00,13.039999961853027,13.050000190734863,13.029999732971191,13.050000190734863,39827,0.0,0.0,0.0
2025-05-19 02:20:00+00:00,13.050000190734863,13.050000190734863,13.029999732971191,13.050000190734863,40060,0.0,0.0,0.0
2025-05-19 02:25:00+00:00,13.050000190734863,13.050000190734863,13.039999961853027,13.039999961853027,3776,0.0,0.0,0.0
2025-05-19 02:30:00+00:00,13.050000190734863,13.050000190734863,13.039999961853027,13.039999961853027,53499,0.0,0.0,0.0
2025-05-19 02:35:00+00:00,13.050000190734863,13.050000190734863,13.029999732971191,13.029999732971191,18407,0.0,0.0,0.0
2025-05-19 02:40:00+00:00,13.039999961853027,13.050000190734863,13.039999961853027,13.050000190734863,118034,0.0,0.0,0.0
2025-05-19 02:45:00+00:00,13.0600004196167,13.069999694824219,13.0600004196167,13.069999694824219,19148,0.0,0.0,0.0
2025-05-19 02:50:00+00:00,13.0600004196167,13.069999694824219,13.0600004196167,13.0600004196167,3027,0.0,0.0,0.0
2025-05-19 02:55:00+00:00,13.069999694824219,13.069999694824219,13.069999694824219,13.069999694824219,2049,0.0,0.0,0.0
2025-05-19 03:00:00+00:00,13.069999694824219,13.069999694824219,13.0600004196167,13.0600004196167,5543,0.0,0.0,0.0
2025-05-19 03:05:00+00:00,13.069999694824219,13.069999694824219,13.050000190734863,13.050000190734863,41074,0.0,0.0,0.0
2025-05-19 03:10:00+00:00,13.039999961853027,13.050000190734863,13.039999961853027,13.039999961853027,51071,0.0,0.0,0.0
2025-05-19 03:15:00+00:00,13.039999961853027,13.050000190734863,13.039999961853027,13.039999961853027,33421,0.0,0.0,0.0
2025-05-19 03:20:00+00:00,13.039999961853027,13.050000190734863,13.039999961853027,13.050000190734863,7491,0.0,0.0,0.0
2025-05-19 03:25:00+00:00,13.039999961853027,13.039999961853027,13.029999732971191,13.039999961853027,5262,0.0,0.0,0.0
2025-05-19 03:30:00+00:00,13.039999961853027,13.039999961853027,13.010000228881836,13.010000228881836,443613,0.0,0.0,0.0
2025-05-19 03:35:00+00:00,13.010000228881836,13.010000228881836,13.0,13.010000228881836,53014,0.0,0.0,0.0
2025-05-19 03:40:00+00:00,13.010000228881836,13.010000228881836,12.989999771118164,12.989999771118164,155896,0.0,0.0,0.0
2025-05-19 03:45:00+00:00,12.989999771118164,13.0,12.979999542236328,13.0,79246,0.0,0.0,0.0
2025-05-19 03:50:00+00:00,13.0,13.0,12.989999771118164,12.989999771118164,9781,0.0,0.0,0.0
2025-05-19 03:55:00+00:00,12.989999771118164,12.989999771118164,12.989999771118164,12.989999771118164,1170,0.0,0.0,0.0
2025-05-19 04:00:00+00:00,12.989999771118164,13.0,12.989999771118164,12.989999771118164,17892,0.0,0.0,0.0
2025-05-19 04:05:00+00:00,13.0,13.0,12.979999542236328,12.989999771118164,21665,0.0,0.0,0.0
2025-05-19 04:10:00+00:00,13.0,13.0,13.0,13.0,2540,0.0,0.0,0.0
2025-05-19 04:15:00+00:00,12.989999771118164,12.989999771118164,12.979999542236328,12.989999771118164,25276,0.0,0.0,0.0
2025-05-19 04:20:00+00:00,12.989999771118164,13.0,12.989999771118164,13.0,7937,0.0,0.0,0.0
2025-05-19 04:25:00+00:00,12.989999771118164,12.989999771118164,12.979999542236328,12.979999542236328,19185,0.0,0.0,0.0
2025-05-19 04:30:00+00:00,13.0,13.0,12.979999542236328,12.989999771118164,6950,0.0,0.0,0.0
2025-05-19 04:35:00+00:00,12.989999771118164,12.989999771118164,12.989999771118164,12.989999771118164,4311,0.0,0.0,0.0
2025-05-19 04:40:00+00:00,12.989999771118164,12.989999771118164,12.970000267028809,12.970000267028809,46350,0.0,0.0,0.0
2025-05-19 04:45:00+00:00,12.970000267028809,12.970000267028809,12.960000038146973,12.960000038146973,67652,0.0,0.0,0.0
2025-05-19 04:50:00+00:00,12.960000038146973,12.970000267028809,12.960000038146973,12.970000267028809,15010,0.0,0.0,0.0
2025-05-19 04:55:00+00:00,12.960000038146973,12.960000038146973,12.949999809265137,12.949999809265137,30917,0.0,0.0,0.0
2025-05-19 05:00:00+00:00,12.949999809265137,12.960000038146973,12.949999809265137,12.960000038146973,10650,0.0,0.0,0.0
2025-05-19 05:05:00+00:00,12.960000038146973,12.960000038146973,12.949999809265137,12.949999809265137,27551,0.0,0.0,0.0
2025-05-19 05:10:00+00:00,12.949999809265137,12.949999809265137,12.9399995803833,12.949999809265137,60003,0.0,0.0,0.0
2025-05-19 05:15:00+00:00,12.949999809265137,12.949999809265137,12.949999809265137,12.949999809265137,24397,0.0,0.0,0.0
2025-05-19 05:20:00+00:00,12.949999809265137,12.949999809265137,12.9399995803833,12.949999809265137,61209,0.0,0.0,0.0
2025-05-20 01:00:00+00:00,13.050000190734863,13.09000015258789,13.050000190734863,13.079999923706055,0,0.0,0.0,0.0
2025-05-20 01:05:00+00:00,13.079999923706055,13.09000015258789,13.079999923706055,13.09000015258789,56295,0.0,0.0,0.0
2025-05-20 01:10:00+00:00,13.09000015258789,13.09000015258789,13.050000190734863,13.0600004196167,34006,0.0,0.0,0.0
2025-05-20 01:15:00+00:00,13.0600004196167,13.079999923706055,13.0600004196167,13.0600004196167,21117,0.0,0.0,0.0
2025-05-20 01:20:00+00:00,13.0600004196167,13.0600004196167,13.050000190734863,13.050000190734863,16873,0.0,0.0,0.0
2025-05-20 01:25:00+00:00,13.050000190734863,13.0600004196167,13.050000190734863,13.050000190734863,31809,0.0,0.0,0.0
2025-05-20 01:30:00+00:00,13.0600004196167,13.0600004196167,13.050000190734863,13.050000190734863,26836,0.0,0.0,0.0
2025-05-20 01:35:00+00:00,13.050000190734863,13.050000190734863,13.050000190734863,13.050000190734863,48084,0.0,0.0,0.0
2025-05-20 01:40:00+00:00,13.050000190734863,13.050000190734863,13.039999961853027,13.039999961853027,67117,0.0,0.0,0.0
2025-05-20 01:45:00+00:00,13.050000190734863,13.050000190734863,13.029999732971191,13.050000190734863,52307,0.0,0.0,0.0
2025-05-20 01:50:00+00:00,13.039999961853027,13.039999961853027,13.029999732971191,13.039999961853027,96368,0.0,0.0,0.0
2025-05-20 01:55:00+00:00,13.039999961853027,13.050000190734863,13.039999961853027,13.050000190734863,47127,0.0,0.0,0.0
2025-05-20 02:00:00+00:00,13.050000190734863,13.0600004196167,13.050000190734863,13.0600004196167,17105,0.0,0.0,0.0
2025-05-20 02:10:00+00:00,13.050000190734863,13.0600004196167,13.050000190734863,13.050000190734863,11030,0.0,0.0,0.0
2025-05-20 02:15:00+00:00,13.050000190734863,13.050000190734863,13.020000457763672,13.020000457763672,13076,0.0,0.0,0.0
2025-05-20 02:20:00+00:00,13.020000457763672,13.020000457763672,13.010000228881836,13.010000228881836,17524,0.0,0.0,0.0
2025-05-20 02:25:00+00:00,13.010000228881836,13.010000228881836,13.0,13.010000228881836,29353,0.0,0.0,0.0
2025-05-20 02:30:00+00:00,13.010000228881836,13.020000457763672,13.010000228881836,13.020000457763672,7061,0.0,0.0,0.0
2025-05-20 02:35:00+00:00,13.010000228881836,13.029999732971191,13.010000228881836,13.029999732971191,85030,0.0,0.0,0.0
2025-05-20 02:40:00+00:00,13.029999732971191,13.039999961853027,13.029999732971191,13.039999961853027,20258,0.0,0.0,0.0
2025-05-20 02:45:00+00:00,13.039999961853027,13.039999961853027,13.029999732971191,13.029999732971191,2068,0.0,0.0,0.0
2025-05-20 02:50:00+00:00,13.029999732971191,13.029999732971191,13.020000457763672,13.029999732971191,35059,0.0,0.0,0.0
2025-05-20 02:55:00+00:00,13.029999732971191,13.029999732971191,13.029999732971191,13.029999732971191,2022,0.0,0.0,0.0
2025-05-20 03:00:00+00:00,13.029999732971191,13.029999732971191,13.029999732971191,13.029999732971191,3455,0.0,0.0,0.0
2025-05-20 03:05:00+00:00,13.039999961853027,13.039999961853027,13.029999732971191,13.029999732971191,18064,0.0,0.0,0.0
2025-05-20 03:10:00+00:00,13.020000457763672,13.020000457763672,13.0,13.010000228881836,17376,0.0,0.0,0.0
2025-05-20 03:15:00+00:00,13.0,13.0,12.989999771118164,12.989999771118164,84181,0.0,0.0,0.0
2025-05-20 03:20:00+00:00,12.989999771118164,13.0,12.989999771118164,13.0,29182,0.0,0.0,0.0
2025-05-20 03:25:00+00:00,12.989999771118164,13.0,12.989999771118164,13.0,6061,0.0,0.0,0.0
2025-05-20 03:30:00+00:00,13.0,13.0,13.0,13.0,12034,0.0,0.0,0.0
2025-05-20 03:35:00+00:00,12.989999771118164,13.0,12.989999771118164,13.0,16024,0.0,0.0,0.0
2025-05-20 03:40:00+00:00,13.0,13.0,12.989999771118164,12.989999771118164,45038,0.0,0.0,0.0
2025-05-20 03:45:00+00:00,12.989999771118164,13.0,12.989999771118164,13.0,3215,0.0,0.0,0.0
2025-05-20 03:50:00+00:00,13.0,13.0,12.989999771118164,12.989999771118164,12069,0.0,0.0,0.0
2025-05-20 03:55:00+00:00,12.989999771118164,12.989999771118164,12.989999771118164,12.989999771118164,8034,0.0,0.0,0.0
2025-05-20 04:00:00+00:00,12.989999771118164,13.0,12.989999771118164,13.0,5183,0.0,0.0,0.0
2025-05-20 04:05:00+00:00,12.989999771118164,12.989999771118164,12.989999771118164,12.989999771118164,8310,0.0,0.0,0.0
2025-05-20 04:10:00+00:00,12.989999771118164,12.989999771118164,12.970000267028809,12.970000267028809,17907,0.0,0.0,0.0
2025-05-20 04:15:00+00:00,12.970000267028809,12.979999542236328,12.970000267028809,12.970000267028809,4069,0.0,0.0,0.0
2025-05-20 04:20:00+00:00,12.970000267028809,12.970000267028809,12.970000267028809,12.970000267028809,13216,0.0,0.0,0.0
2025-05-20 04:25:00+00:00,12.970000267028809,12.970000267028809,12.970000267028809,12.970000267028809,11035,0.0,0.0,0.0
2025-05-20 04:30:00+00:00,12.970000267028809,12.970000267028809,12.960000038146973,12.960000038146973,13147,0.0,0.0,0.0
2025-05-20 04:35:00+00:00,12.960000038146973,12.960000038146973,12.960000038146973,12.960000038146973,9416,0.0,0.0,0.0
2025-05-20 04:40:00+00:00,12.960000038146973,12.960000038146973,12.960000038146973,12.960000038146973,43713,0.0,0.0,0.0
2025-05-20 04:45:00+00:00,12.960000038146973,12.960000038146973,12.960000038146973,12.960000038146973,3273,0.0,0.0,0.0
2025-05-20 04:50:00+00:00,12.960000038146973,12.960000038146973,12.949999809265137,12.949999809265137,31084,0.0,0.0,0.0
2025-05-20 04:55:00+00:00,12.960000038146973,12.970000267028809,12.960000038146973,12.960000038146973,12307,0.0,0.0,0.0
2025-05-20 05:00:00+00:00,12.960000038146973,12.960000038146973,12.960000038146973,12.960000038146973,21393,0.0,0.0,0.0
2025-05-20 05:05:00+00:00,12.970000267028809,12.970000267028809,12.970000267028809,12.970000267028809,31271,0.0,0.0,0.0
2025-05-20 05:10:00+00:00,12.970000267028809,12.979999542236328,12.970000267028809,12.979999542236328,11700,0.0,0.0,0.0
2025-05-20 05:15:00+00:00,12.979999542236328,12.989999771118164,12.970000267028809,12.989999771118164,124977,0.0,0.0,0.0
2025-05-20 05:20:00+00:00,12.979999542236328,12.979999542236328,12.960000038146973,12.960000038146973,13678,0.0,0.0,0.0
2025-05-21 01:00:00+00:00,12.989999771118164,13.029999732971191,12.989999771118164,13.029999732971191,0,0.0,0.0,0.0
2025-05-21 01:05:00+00:00,13.050000190734863,13.069999694824219,13.039999961853027,13.050000190734863,82690,0.0,0.0,0.0
2025-05-21 01:10:00+00:00,13.039999961853027,13.069999694824219,13.039999961853027,13.069999694824219,43069,0.0,0.0,0.0
2025-05-21 01:15:00+00:00,13.069999694824219,13.069999694824219,13.069999694824219,13.069999694824219,22334,0.0,0.0,0.0
2025-05-21 01:20:00+00:00,13.069999694824219,13.069999694824219,13.0600004196167,13.0600004196167,56102,0.0,0.0,0.0
2025-05-21 01:25:00+00:00,13.050000190734863,13.050000190734863,13.050000190734863,13.050000190734863,11412,0.0,0.0,0.0
2025-05-21 01:30:00+00:00,13.0600004196167,13.0600004196167,13.050000190734863,13.050000190734863,13497,0.0,0.0,0.0
2025-05-21 01:35:00+00:00,13.039999961853027,13.039999961853027,13.039999961853027,13.039999961853027,15350,0.0,0.0,0.0
2025-05-21 01:40:00+00:00,13.039999961853027,13.050000190734863,13.029999732971191,13.050000190734863,115387,0.0,0.0,0.0
2025-05-21 01:45:00+00:00,13.050000190734863,13.050000190734863,13.039999961853027,13.039999961853027,150172,0.0,0.0,0.0
2025-05-21 01:50:00+00:00,13.050000190734863,13.0600004196167,13.050000190734863,13.050000190734863,9072,0.0,0.0,0.0
2025-05-21 01:55:00+00:00,13.050000190734863,13.050000190734863,13.050000190734863,13.050000190734863,28623,0.0,0.0,0.0
2025-05-21 02:00:00+00:00,13.029999732971191,13.050000190734863,13.029999732971191,13.029999732971191,8832,0.0,0.0,0.0
2025-05-21 02:05:00+00:00,13.029999732971191,13.029999732971191,13.029999732971191,13.029999732971191,109054,0.0,0.0,0.0
2025-05-21 02:10:00+00:00,13.029999732971191,13.050000190734863,13.029999732971191,13.050000190734863,48039,0.0,0.0,0.0
2025-05-21 02:15:00+00:00,13.0600004196167,13.0600004196167,13.0600004196167,13.0600004196167,10871,0.0,0.0,0.0
2025-05-21 02:20:00+00:00,13.050000190734863,13.050000190734863,13.050000190734863,13.050000190734863,21175,0.0,0.0,0.0
2025-05-21 02:25:00+00:00,13.039999961853027,13.039999961853027,13.039999961853027,13.039999961853027,12587,0.0,0.0,0.0
2025-05-21 02:30:00+00:00,13.039999961853027,13.039999961853027,13.039999961853027,13.039999961853027,43062,0.0,0.0,0.0
2025-05-21 02:35:00+00:00,13.050000190734863,13.0600004196167,13.050000190734863,13.0600004196167,25561,0.0,0.0,0.0
2025-05-21 02:40:00+00:00,13.0600004196167,13.069999694824219,13.0600004196167,13.069999694824219,103128,0.0,0.0,0.0
2025-05-21 02:45:00+00:00,13.0600004196167,13.079999923706055,13.0600004196167,13.079999923706055,202082,0.0,0.0,0.0
2025-05-21 02:50:00+00:00,13.079999923706055,13.079999923706055,13.079999923706055,13.079999923706055,23546,0.0,0.0,0.0
2025-05-21 02:55:00+00:00,13.069999694824219,13.069999694824219,13.069999694824219,13.069999694824219,7023,0.0,0.0,0.0
2025-05-21 03:00:00+00:00,13.069999694824219,13.079999923706055,13.0600004196167,13.079999923706055,173076,0.0,0.0,0.0
2025-05-21 03:05:00+00:00,13.09000015258789,13.09000015258789,13.09000015258789,13.09000015258789,59288,0.0,0.0,0.0
2025-05-21 03:10:00+00:00,13.100000381469727,13.100000381469727,13.100000381469727,13.100000381469727,123465,0.0,0.0,0.0
2025-05-21 03:15:00+00:00,13.100000381469727,13.100000381469727,13.09000015258789,13.09000015258789,20049,0.0,0.0,0.0
2025-05-21 03:20:00+00:00,13.09000015258789,13.09000015258789,13.079999923706055,13.079999923706055,12044,0.0,0.0,0.0
2025-05-21 03:25:00+00:00,13.079999923706055,13.09000015258789,13.069999694824219,13.09000015258789,26271,0.0,0.0,0.0
2025-05-21 03:30:00+00:00,13.069999694824219,13.069999694824219,13.069999694824219,13.069999694824219,1602,0.0,0.0,0.0
2025-05-21 03:35:00+00:00,13.09000015258789,13.09000015258789,13.09000015258789,13.09000015258789,20010,0.0,0.0,0.0
2025-05-21 03:40:00+00:00,13.09000015258789,13.100000381469727,13.09000015258789,13.100000381469727,26220,0.0,0.0,0.0
2025-05-21 03:45:00+00:00,13.100000381469727,13.100000381469727,13.100000381469727,13.100000381469727,2621,0.0,0.0,0.0
2025-05-21 03:50:00+00:00,13.09000015258789,13.09000015258789,13.079999923706055,13.09000015258789,33040,0.0,0.0,0.0
2025-05-21 03:55:00+00:00,13.09000015258789,13.09000015258789,13.079999923706055,13.079999923706055,13239,0.0,0.0,0.0
2025-05-21 04:00:00+00:00,13.079999923706055,13.079999923706055,13.079999923706055,13.079999923706055,1017,0.0,0.0,0.0
2025-05-21 04:05:00+00:00,13.079999923706055,13.09000015258789,13.079999923706055,13.079999923706055,37063,0.0,0.0,0.0
2025-05-21 04:10:00+00:00,13.079999923706055,13.079999923706055,13.079999923706055,13.079999923706055,21287,0.0,0.0,0.0
2025-05-21 04:15:00+00:00,13.079999923706055,13.09000015258789,13.079999923706055,13.079999923706055,10815,0.0,0.0,0.0
2025-05-21 04:20:00+00:00,13.079999923706055,13.079999923706055,13.079999923706055,13.079999923706055,35103,0.0,0.0,0.0
2025-05-21 04:25:00+00:00,13.079999923706055,13.079999923706055,13.079999923706055,13.079999923706055,30047,0.0,0.0,0.0
2025-05-21 04:30:00+00:00,13.09000015258789,13.09000015258789,13.079999923706055,13.09000015258789,62028,0.0,0.0,0.0
2025-05-21 04:35:00+00:00,13.09000015258789,13.09000015258789,13.09000015258789,13.09000015258789,28020,0.0,0.0,0.0
2025-05-21 04:40:00+00:00,13.09000015258789,13.09000015258789,13.09000015258789,13.09000015258789,19135,0.0,0.0,0.0
2025-05-21 04:45:00+00:00,13.09000015258789,13.09000015258789,13.09000015258789,13.09000015258789,23235,0.0,0.0,0.0
2025-05-21 04:50:00+00:00,13.09000015258789,13.100000381469727,13.09000015258789,13.100000381469727,13000,0.0,0.0,0.0
2025-05-21 04:55:00+00:00,13.100000381469727,13.100000381469727,13.09000015258789,13.100000381469727,13216,0.0,0.0,0.0
2025-05-21 05:00:00+00:00,13.100000381469727,13.109999656677246,13.100000381469727,13.109999656677246,164033,0.0,0.0,0.0
2025-05-21 05:05:00+00:00,13.109999656677246,13.119999885559082,13.109999656677246,13.119999885559082,96137,0.0,0.0,0.0
2025-05-21 05:10:00+00:00,13.119999885559082,13.119999885559082,13.119999885559082,13.119999885559082,12494,0.0,0.0,0.0
2025-05-21 05:15:00+00:00,13.119999885559082,13.140000343322754,13.119999885559082,13.140000343322754,156632,0.0,0.0,0.0
2025-05-21 05:20:00+00:00,13.130000114440918,13.140000343322754,13.130000114440918,13.140000343322754,34691,0.0,0.0,0.0
2025-05-22 01:00:00+00:00,13.069999694824219,13.069999694824219,12.989999771118164,13.020000457763672,0,0.0,0.0,0.0
2025-05-22 01:05:00+00:00,13.020000457763672,13.020000457763672,13.020000457763672,13.020000457763672,22849,0.0,0.0,0.0
2025-05-22 01:10:00+00:00,13.020000457763672,13.050000190734863,13.020000457763672,13.050000190734863,25846,0.0,0.0,0.0
2025-05-22 01:15:00+00:00,13.050000190734863,13.050000190734863,13.029999732971191,13.029999732971191,16612,0.0,0.0,0.0
2025-05-22 01:20:00+00:00,13.020000457763672,13.020000457763672,13.010000228881836,13.010000228881836,20656,0.0,0.0,0.0
2025-05-22 01:25:00+00:00,13.029999732971191,13.050000190734863,13.029999732971191,13.050000190734863,89115,0.0,0.0,0.0
2025-05-22 01:30:00+00:00,13.050000190734863,13.050000190734863,13.050000190734863,13.050000190734863,40035,0.0,0.0,0.0
2025-05-22 01:35:00+00:00,13.050000190734863,13.050000190734863,13.039999961853027,13.050000190734863,32126,0.0,0.0,0.0
2025-05-22 01:40:00+00:00,13.050000190734863,13.050000190734863,13.039999961853027,13.039999961853027,7738,0.0,0.0,0.0
2025-05-22 01:45:00+00:00,13.039999961853027,13.039999961853027,13.029999732971191,13.029999732971191,230173,0.0,0.0,0.0
2025-05-22 01:50:00+00:00,13.020000457763672,13.020000457763672,13.020000457763672,13.020000457763672,16046,0.0,0.0,0.0
2025-05-22 01:55:00+00:00,13.020000457763672,13.020000457763672,13.0,13.0,21698,0.0,0.0,0.0
2025-05-22 02:00:00+00:00,13.0,13.010000228881836,12.989999771118164,13.0,38900,0.0,0.0,0.0
2025-05-22 02:05:00+00:00,12.989999771118164,13.010000228881836,12.989999771118164,13.010000228881836,17058,0.0,0.0,0.0
2025-05-22 02:10:00+00:00,13.010000228881836,13.010000228881836,13.010000228881836,13.010000228881836,7034,0.0,0.0,0.0
2025-05-22 02:15:00+00:00,13.010000228881836,13.029999732971191,13.010000228881836,13.020000457763672,20146,0.0,0.0,0.0
2025-05-22 02:20:00+00:00,13.020000457763672,13.029999732971191,13.020000457763672,13.029999732971191,12216,0.0,0.0,0.0
2025-05-22 02:25:00+00:00,13.039999961853027,13.039999961853027,13.039999961853027,13.039999961853027,21005,0.0,0.0,0.0
2025-05-22 02:30:00+00:00,13.050000190734863,13.050000190734863,13.050000190734863,13.050000190734863,2058,0.0,0.0,0.0
2025-05-22 02:35:00+00:00,13.039999961853027,13.039999961853027,13.039999961853027,13.039999961853027,4051,0.0,0.0,0.0
2025-05-22 02:40:00+00:00,13.039999961853027,13.0600004196167,13.039999961853027,13.0600004196167,51028,0.0,0.0,0.0
2025-05-22 02:45:00+00:00,13.0600004196167,13.0600004196167,13.039999961853027,13.039999961853027,6514,0.0,0.0,0.0
2025-05-22 02:50:00+00:00,13.039999961853027,13.050000190734863,13.039999961853027,13.050000190734863,9328,0.0,0.0,0.0
2025-05-22 02:55:00+00:00,13.039999961853027,13.039999961853027,13.039999961853027,13.039999961853027,18036,0.0,0.0,0.0
2025-05-22 03:00:00+00:00,13.039999961853027,13.050000190734863,13.039999961853027,13.050000190734863,6092,0.0,0.0,0.0
2025-05-22 03:10:00+00:00,13.039999961853027,13.039999961853027,13.039999961853027,13.039999961853027,9257,0.0,0.0,0.0
2025-05-22 03:15:00+00:00,13.039999961853027,13.050000190734863,13.039999961853027,13.050000190734863,31030,0.0,0.0,0.0
2025-05-22 03:20:00+00:00,13.050000190734863,13.050000190734863,13.050000190734863,13.050000190734863,1723,0.0,0.0,0.0
2025-05-22 03:25:00+00:00,13.0600004196167,13.0600004196167,13.0600004196167,13.0600004196167,16018,0.0,0.0,0.0
2025-05-22 03:30:00+00:00,13.0600004196167,13.069999694824219,13.0600004196167,13.069999694824219,20544,0.0,0.0,0.0
2025-05-22 03:35:00+00:00,13.079999923706055,13.079999923706055,13.079999923706055,13.079999923706055,22298,0.0,0.0,0.0
2025-05-22 03:40:00+00:00,13.079999923706055,13.09000015258789,13.079999923706055,13.09000015258789,2134,0.0,0.0,0.0
2025-05-22 03:45:00+00:00,13.079999923706055,13.09000015258789,13.079999923706055,13.09000015258789,20101,0.0,0.0,0.0
2025-05-22 03:50:00+00:00,13.09000015258789,13.100000381469727,13.09000015258789,13.100000381469727,13060,0.0,0.0,0.0
2025-05-22 03:55:00+00:00,13.09000015258789,13.09000015258789,13.09000015258789,13.09000015258789,2011,0.0,0.0,0.0
2025-05-22 04:00:00+00:00,13.09000015258789,13.100000381469727,13.09000015258789,13.100000381469727,5075,0.0,0.0,0.0
2025-05-22 04:05:00+00:00,13.079999923706055,13.079999923706055,13.079999923706055,13.079999923706055,4026,0.0,0.0,0.0
2025-05-22 04:10:00+00:00,13.079999923706055,13.079999923706055,13.079999923706055,13.079999923706055,6779,0.0,0.0,0.0
2025-05-22 04:20:00+00:00,13.079999923706055,13.079999923706055,13.079999923706055,13.079999923706055,24014,0.0,0.0,0.0
2025-05-22 04:25:00+00:00,13.079999923706055,13.079999923706055,13.079999923706055,13.079999923706055,4107,0.0,0.0,0.0
2025-05-22 04:30:00+00:00,13.079999923706055,13.09000015258789,13.069999694824219,13.079999923706055,78084,0.0,0.0,0.0
2025-05-22 04:35:00+00:00,13.09000015258789,13.09000015258789,13.09000015258789,13.09000015258789,39020,0.0,0.0,0.0
2025-05-22 04:40:00+00:00,13.09000015258789,13.09000015258789,13.079999923706055,13.079999923706055,3300,0.0,0.0,0.0
2025-05-22 04:45:00+00:00,13.069999694824219,13.069999694824219,13.069999694824219,13.069999694824219,13469,0.0,0.0,0.0
2025-05-22 04:50:00+00:00,13.069999694824219,13.069999694824219,13.069999694824219,13.069999694824219,21020,0.0,0.0,0.0
2025-05-22 04:55:00+00:00,13.069999694824219,13.069999694824219,13.069999694824219,13.069999694824219,16223,0.0,0.0,0.0
2025-05-22 05:00:00+00:00,13.069999694824219,13.079999923706055,13.069999694824219,13.069999694824219,15140,0.0,0.0,0.0
2025-05-22 05:05:00+00:00,13.069999694824219,13.069999694824219,13.069999694824219,13.069999694824219,8578,0.0,0.0,0.0
2025-05-22 05:10:00+00:00,13.069999694824219,13.079999923706055,13.069999694824219,13.079999923706055,126312,0.0,0.0,0.0
2025-05-22 05:15:00+00:00,13.079999923706055,13.079999923706055,13.079999923706055,13.079999923706055,5704,0.0,0.0,0.0
2025-05-22 05:20:00+00:00,13.079999923706055,13.079999923706055,13.079999923706055,13.079999923706055,19083,0.0,0.0,0.0
2025-05-23 01:00:00+00:00,13.1899995803833,13.199999809265137,13.15999984741211,13.170000076293945,0,0.0,0.0,0.0
2025-05-23 01:05:00+00:00,13.15999984741211,13.170000076293945,13.149999618530273,13.149999618530273,112000,0.0,0.0,0.0
2025-05-23 01:10:00+00:00,13.140000343322754,13.149999618530273,13.140000343322754,13.149999618530273,81348,0.0,0.0,0.0
2025-05-23 01:15:00+00:00,13.140000343322754,13.15999984741211,13.140000343322754,13.15999984741211,34165,0.0,0.0,0.0
2025-05-23 01:20:00+00:00,13.149999618530273,13.149999618530273,13.109999656677246,13.119999885559082,30716,0.0,0.0,0.0
2025-05-23 01:25:00+00:00,13.119999885559082,13.119999885559082,13.119999885559082,13.119999885559082,1069,0.0,0.0,0.0
2025-05-23 01:30:00+00:00,13.119999885559082,13.119999885559082,13.109999656677246,13.119999885559082,11125,0.0,0.0,0.0
2025-05-23 01:35:00+00:00,13.100000381469727,13.100000381469727,13.09000015258789,13.100000381469727,34538,0.0,0.0,0.0
2025-05-23 01:40:00+00:00,13.09000015258789,13.100000381469727,13.079999923706055,13.079999923706055,21102,0.0,0.0,0.0
2025-05-23 01:45:00+00:00,13.100000381469727,13.100000381469727,13.079999923706055,13.09000015258789,86346,0.0,0.0,0.0
2025-05-23 01:50:00+00:00,13.109999656677246,13.109999656677246,13.100000381469727,13.100000381469727,5021,0.0,0.0,0.0
2025-05-23 01:55:00+00:00,13.100000381469727,13.100000381469727,13.079999923706055,13.079999923706055,26010,0.0,0.0,0.0
2025-05-23 02:00:00+00:00,13.079999923706055,13.09000015258789,13.079999923706055,13.079999923706055,17912,0.0,0.0,0.0
2025-05-23 02:05:00+00:00,13.079999923706055,13.079999923706055,13.069999694824219,13.069999694824219,14405,0.0,0.0,0.0
2025-05-23 02:10:00+00:00,13.069999694824219,13.069999694824219,13.069999694824219,13.069999694824219,1006,0.0,0.0,0.0
2025-05-23 02:15:00+00:00,13.069999694824219,13.079999923706055,13.069999694824219,13.069999694824219,14392,0.0,0.0,0.0
2025-05-23 02:20:00+00:00,13.079999923706055,13.079999923706055,13.069999694824219,13.069999694824219,19116,0.0,0.0,0.0
2025-05-23 02:25:00+00:00,13.069999694824219,13.079999923706055,13.069999694824219,13.079999923706055,28825,0.0,0.0,0.0
2025-05-23 02:30:00+00:00,13.079999923706055,13.079999923706055,13.079999923706055,13.079999923706055,9128,0.0,0.0,0.0
2025-05-23 02:35:00+00:00,13.079999923706055,13.079999923706055,13.069999694824219,13.069999694824219,15022,0.0,0.0,0.0
2025-05-23 02:40:00+00:00,13.069999694824219,13.069999694824219,13.069999694824219,13.069999694824219,8019,0.0,0.0,0.0
2025-05-23 02:45:00+00:00,13.079999923706055,13.079999923706055,13.069999694824219,13.069999694824219,10189,0.0,0.0,0.0
2025-05-23 02:50:00+00:00,13.069999694824219,13.069999694824219,13.069999694824219,13.069999694824219,5225,0.0,0.0,0.0
2025-05-23 02:55:00+00:00,13.0600004196167,13.069999694824219,13.0600004196167,13.069999694824219,6254,0.0,0.0,0.0
2025-05-23 03:00:00+00:00,13.069999694824219,13.069999694824219,13.0600004196167,13.069999694824219,5118,0.0,0.0,0.0
2025-05-23 03:05:00+00:00,13.069999694824219,13.069999694824219,13.069999694824219,13.069999694824219,2034,0.0,0.0,0.0
2025-05-23 03:10:00+00:00,13.069999694824219,13.069999694824219,13.0600004196167,13.0600004196167,11018,0.0,0.0,0.0
2025-05-23 03:15:00+00:00,13.069999694824219,13.069999694824219,13.069999694824219,13.069999694824219,2082,0.0,0.0,0.0
2025-05-23 03:20:00+00:00,13.0600004196167,13.069999694824219,13.0600004196167,13.069999694824219,7023,0.0,0.0,0.0
2025-05-23 03:25:00+00:00,13.069999694824219,13.069999694824219,13.0600004196167,13.069999694824219,7021,0.0,0.0,0.0
2025-05-23 03:30:00+00:00,13.069999694824219,13.069999694824219,13.069999694824219,13.069999694824219,4074,0.0,0.0,0.0
2025-05-23 03:40:00+00:00,13.069999694824219,13.069999694824219,13.0600004196167,13.0600004196167,6002,0.0,0.0,0.0
2025-05-23 03:45:00+00:00,13.0600004196167,13.069999694824219,13.0600004196167,13.0600004196167,13013,0.0,0.0,0.0
2025-05-23 03:50:00+00:00,13.0600004196167,13.0600004196167,13.050000190734863,13.050000190734863,17264,0.0,0.0,0.0
2025-05-23 03:55:00+00:00,13.050000190734863,13.050000190734863,13.039999961853027,13.039999961853027,33298,0.0,0.0,0.0
2025-05-23 04:00:00+00:00,13.039999961853027,13.050000190734863,13.039999961853027,13.039999961853027,56770,0.0,0.0,0.0
2025-05-23 04:05:00+00:00,13.039999961853027,13.050000190734863,13.039999961853027,13.050000190734863,4205,0.0,0.0,0.0
2025-05-23 04:10:00+00:00,13.039999961853027,13.039999961853027,13.029999732971191,13.039999961853027,108623,0.0,0.0,0.0
2025-05-23 04:15:00+00:00,13.029999732971191,13.039999961853027,13.029999732971191,13.039999961853027,5054,0.0,0.0,0.0
2025-05-23 04:20:00+00:00,13.029999732971191,13.029999732971191,13.020000457763672,13.020000457763672,45078,0.0,0.0,0.0
2025-05-23 04:25:00+00:00,13.020000457763672,13.020000457763672,13.010000228881836,13.010000228881836,28794,0.0,0.0,0.0
2025-05-23 04:30:00+00:00,13.020000457763672,13.020000457763672,13.0,13.0,46550,0.0,0.0,0.0
2025-05-23 04:35:00+00:00,13.020000457763672,13.020000457763672,13.020000457763672,13.020000457763672,52310,0.0,0.0,0.0
2025-05-23 04:40:00+00:00,13.020000457763672,13.020000457763672,13.010000228881836,13.020000457763672,36386,0.0,0.0,0.0
2025-05-23 04:45:00+00:00,13.020000457763672,13.020000457763672,13.010000228881836,13.010000228881836,25160,0.0,0.0,0.0
2025-05-23 04:50:00+00:00,13.010000228881836,13.010000228881836,13.0,13.010000228881836,40850,0.0,0.0,0.0
2025-05-23 04:55:00+00:00,13.0,13.010000228881836,13.0,13.010000228881836,9566,0.0,0.0,0.0
2025-05-23 05:00:00+00:00,13.0,13.010000228881836,13.0,13.010000228881836,47480,0.0,0.0,0.0
2025-05-23 05:05:00+00:00,13.029999732971191,13.029999732971191,13.020000457763672,13.020000457763672,2110,0.0,0.0,0.0
2025-05-23 05:10:00+00:00,13.020000457763672,13.029999732971191,13.020000457763672,13.029999732971191,12554,0.0,0.0,0.0
2025-05-23 05:15:00+00:00,13.029999732971191,13.029999732971191,13.020000457763672,13.020000457763672,19816,0.0,0.0,0.0
2025-05-23 05:20:00+00:00,13.029999732971191,13.039999961853027,13.020000457763672,13.029999732971191,61663,0.0,0.0,0.0
2025-05-26 01:00:00+00:00,13.0600004196167,13.0600004196167,13.0,13.0,0,0.0,0.0,0.0
2025-05-26 01:05:00+00:00,13.0,13.039999961853027,13.0,13.039999961853027,209364,0.0,0.0,0.0
2025-05-26 01:10:00+00:00,13.039999961853027,13.050000190734863,13.029999732971191,13.039999961853027,46788,0.0,0.0,0.0
2025-05-26 01:15:00+00:00,13.050000190734863,13.069999694824219,13.039999961853027,13.069999694824219,51215,0.0,0.0,0.0
2025-05-26 01:20:00+00:00,13.069999694824219,13.069999694824219,13.050000190734863,13.050000190734863,17891,0.0,0.0,0.0
2025-05-26 01:25:00+00:00,13.039999961853027,13.050000190734863,13.029999732971191,13.039999961853027,70525,0.0,0.0,0.0
2025-05-26 01:30:00+00:00,13.039999961853027,13.039999961853027,13.010000228881836,13.020000457763672,21048,0.0,0.0,0.0
2025-05-26 01:35:00+00:00,13.020000457763672,13.020000457763672,13.010000228881836,13.020000457763672,8477,0.0,0.0,0.0
2025-05-26 01:40:00+00:00,13.020000457763672,13.020000457763672,13.010000228881836,13.020000457763672,13237,0.0,0.0,0.0
2025-05-26 01:45:00+00:00,13.020000457763672,13.029999732971191,13.010000228881836,13.029999732971191,40626,0.0,0.0,0.0
2025-05-26 01:50:00+00:00,13.029999732971191,13.029999732971191,13.029999732971191,13.029999732971191,36058,0.0,0.0,0.0
2025-05-26 01:55:00+00:00,13.029999732971191,13.039999961853027,13.029999732971191,13.039999961853027,14198,0.0,0.0,0.0
2025-05-26 02:00:00+00:00,13.039999961853027,13.050000190734863,13.039999961853027,13.050000190734863,43279,0.0,0.0,0.0
2025-05-26 02:05:00+00:00,13.0600004196167,13.069999694824219,13.0600004196167,13.069999694824219,29058,0.0,0.0,0.0
2025-05-26 02:10:00+00:00,13.0600004196167,13.069999694824219,13.0600004196167,13.0600004196167,8927,0.0,0.0,0.0
2025-05-26 02:15:00+00:00,13.069999694824219,13.069999694824219,13.050000190734863,13.069999694824219,53911,0.0,0.0,0.0
2025-05-26 02:20:00+00:00,13.069999694824219,13.069999694824219,13.069999694824219,13.069999694824219,2287,0.0,0.0,0.0
2025-05-26 02:25:00+00:00,13.050000190734863,13.050000190734863,13.039999961853027,13.039999961853027,8085,0.0,0.0,0.0
2025-05-26 02:30:00+00:00,13.039999961853027,13.050000190734863,13.039999961853027,13.050000190734863,7172,0.0,0.0,0.0
2025-05-26 02:35:00+00:00,13.039999961853027,13.039999961853027,13.039999961853027,13.039999961853027,3163,0.0,0.0,0.0
2025-05-26 02:40:00+00:00,13.039999961853027,13.039999961853027,13.029999732971191,13.029999732971191,4073,0.0,0.0,0.0
2025-05-26 02:45:00+00:00,13.039999961853027,13.039999961853027,13.039999961853027,13.039999961853027,5147,0.0,0.0,0.0
2025-05-26 02:50:00+00:00,13.029999732971191,13.039999961853027,13.029999732971191,13.029999732971191,10113,0.0,0.0,0.0
2025-05-26 02:55:00+00:00,13.039999961853027,13.039999961853027,13.039999961853027,13.039999961853027,3158,0.0,0.0,0.0
2025-05-26 03:00:00+00:00,13.029999732971191,13.050000190734863,13.029999732971191,13.050000190734863,20172,0.0,0.0,0.0
2025-05-26 03:05:00+00:00,13.050000190734863,13.050000190734863,13.050000190734863,13.050000190734863,7563,0.0,0.0,0.0
2025-05-26 03:10:00+00:00,13.039999961853027,13.050000190734863,13.039999961853027,13.039999961853027,5119,0.0,0.0,0.0
2025-05-26 03:15:00+00:00,13.039999961853027,13.039999961853027,13.039999961853027,13.039999961853027,2222,0.0,0.0,0.0
2025-05-26 03:20:00+00:00,13.039999961853027,13.039999961853027,13.029999732971191,13.029999732971191,4058,0.0,0.0,0.0
2025-05-26 03:25:00+00:00,13.029999732971191,13.029999732971191,13.020000457763672,13.020000457763672,28053,0.0,0.0,0.0
2025-05-26 03:30:00+00:00,13.039999961853027,13.039999961853027,13.020000457763672,13.020000457763672,5153,0.0,0.0,0.0
2025-05-26 03:35:00+00:00,13.020000457763672,13.020000457763672,13.010000228881836,13.010000228881836,11141,0.0,0.0,0.0
2025-05-26 03:40:00+00:00,13.010000228881836,13.020000457763672,13.010000228881836,13.010000228881836,5024,0.0,0.0,0.0
2025-05-26 03:45:00+00:00,13.010000228881836,13.029999732971191,13.010000228881836,13.020000457763672,5081,0.0,0.0,0.0
2025-05-26 03:50:00+00:00,13.020000457763672,13.020000457763672,13.010000228881836,13.010000228881836,18135,0.0,0.0,0.0
2025-05-26 03:55:00+00:00,13.020000457763672,13.020000457763672,13.0,13.010000228881836,9302,0.0,0.0,0.0
2025-05-26 04:00:00+00:00,13.010000228881836,13.010000228881836,13.0,13.010000228881836,5035,0.0,0.0,0.0
2025-05-26 04:05:00+00:00,13.010000228881836,13.029999732971191,13.0,13.029999732971191,39710,0.0,0.0,0.0
2025-05-26 04:10:00+00:00,13.010000228881836,13.010000228881836,13.0,13.010000228881836,18631,0.0,0.0,0.0
2025-05-26 04:15:00+00:00,13.010000228881836,13.010000228881836,13.0,13.010000228881836,23183,0.0,0.0,0.0
2025-05-26 04:20:00+00:00,13.010000228881836,13.010000228881836,13.010000228881836,13.010000228881836,5016,0.0,0.0,0.0
2025-05-26 04:25:00+00:00,13.010000228881836,13.010000228881836,13.010000228881836,13.010000228881836,35092,0.0,0.0,0.0
2025-05-26 04:30:00+00:00,13.010000228881836,13.020000457763672,13.010000228881836,13.020000457763672,16370,0.0,0.0,0.0
2025-05-26 04:35:00+00:00,13.020000457763672,13.020000457763672,13.020000457763672,13.020000457763672,4469,0.0,0.0,0.0
2025-05-26 04:40:00+00:00,13.020000457763672,13.020000457763672,13.020000457763672,13.020000457763672,16518,0.0,0.0,0.0
2025-05-26 04:50:00+00:00,13.020000457763672,13.020000457763672,13.010000228881836,13.010000228881836,14578,0.0,0.0,0.0
2025-05-26 05:00:00+00:00,13.010000228881836,13.010000228881836,13.0,13.010000228881836,13056,0.0,0.0,0.0
2025-05-26 05:05:00+00:00,13.010000228881836,13.010000228881836,13.0,13.0,79435,0.0,0.0,0.0
2025-05-26 05:10:00+00:00,13.0,13.010000228881836,13.0,13.0,29235,0.0,0.0,0.0
2025-05-26 05:15:00+00:00,13.010000228881836,13.010000228881836,13.0,13.0,24829,0.0,0.0,0.0
2025-05-26 05:20:00+00:00,13.0,13.0,13.0,13.0,59420,0.0,0.0,0.0
2025-05-27 01:00:00+00:00,13.010000228881836,13.010000228881836,12.949999809265137,12.949999809265137,0,0.0,0.0,0.0
2025-05-27 01:05:00+00:00,12.949999809265137,12.979999542236328,12.949999809265137,12.960000038146973,14557,0.0,0.0,0.0
2025-05-27 01:10:00+00:00,12.960000038146973,12.960000038146973,12.949999809265137,12.949999809265137,46814,0.0,0.0,0.0
2025-05-27 01:15:00+00:00,12.949999809265137,12.960000038146973,12.949999809265137,12.949999809265137,88104,0.0,0.0,0.0
2025-05-27 01:20:00+00:00,12.960000038146973,12.960000038146973,12.949999809265137,12.949999809265137,12795,0.0,0.0,0.0
2025-05-27 01:25:00+00:00,12.949999809265137,12.979999542236328,12.949999809265137,12.979999542236328,16239,0.0,0.0,0.0
2025-05-27 01:30:00+00:00,12.989999771118164,12.989999771118164,12.979999542236328,12.979999542236328,8758,0.0,0.0,0.0
2025-05-27 01:35:00+00:00,12.979999542236328,12.979999542236328,12.979999542236328,12.979999542236328,10037,0.0,0.0,0.0
2025-05-27 01:40:00+00:00,12.979999542236328,12.979999542236328,12.970000267028809,12.970000267028809,14037,0.0,0.0,0.0
2025-05-27 01:45:00+00:00,12.970000267028809,12.979999542236328,12.960000038146973,12.979999542236328,6090,0.0,0.0,0.0
2025-05-27 01:50:00+00:00,12.960000038146973,12.960000038146973,12.9399995803833,12.9399995803833,100784,0.0,0.0,0.0
2025-05-27 01:55:00+00:00,12.9399995803833,12.9399995803833,12.899999618530273,12.899999618530273,136532,0.0,0.0,0.0
2025-05-27 02:00:00+00:00,12.899999618530273,12.899999618530273,12.890000343322754,12.890000343322754,36547,0.0,0.0,0.0
2025-05-27 02:05:00+00:00,12.890000343322754,12.899999618530273,12.890000343322754,12.890000343322754,6933,0.0,0.0,0.0
2025-05-27 02:10:00+00:00,12.890000343322754,12.890000343322754,12.869999885559082,12.869999885559082,89248,0.0,0.0,0.0
2025-05-27 02:15:00+00:00,12.880000114440918,12.890000343322754,12.880000114440918,12.890000343322754,20033,0.0,0.0,0.0
2025-05-27 02:20:00+00:00,12.890000343322754,12.890000343322754,12.880000114440918,12.880000114440918,53781,0.0,0.0,0.0
2025-05-27 02:25:00+00:00,12.890000343322754,12.890000343322754,12.890000343322754,12.890000343322754,5000,0.0,0.0,0.0
2025-05-27 02:30:00+00:00,12.890000343322754,12.899999618530273,12.890000343322754,12.899999618530273,60418,0.0,0.0,0.0
2025-05-27 02:35:00+00:00,12.920000076293945,12.920000076293945,12.920000076293945,12.920000076293945,2346,0.0,0.0,0.0
2025-05-27 02:40:00+00:00,12.90999984741211,12.920000076293945,12.90999984741211,12.920000076293945,7095,0.0,0.0,0.0
2025-05-27 02:45:00+00:00,12.920000076293945,12.920000076293945,12.90999984741211,12.90999984741211,11054,0.0,0.0,0.0
2025-05-27 02:50:00+00:00,12.899999618530273,12.899999618530273,12.899999618530273,12.899999618530273,1368,0.0,0.0,0.0
2025-05-27 02:55:00+00:00,12.920000076293945,12.920000076293945,12.920000076293945,12.920000076293945,4023,0.0,0.0,0.0
2025-05-27 03:00:00+00:00,12.920000076293945,12.920000076293945,12.920000076293945,12.920000076293945,6468,0.0,0.0,0.0
2025-05-27 03:05:00+00:00,12.90999984741211,12.90999984741211,12.90999984741211,12.90999984741211,3202,0.0,0.0,0.0
2025-05-27 03:10:00+00:00,12.90999984741211,12.90999984741211,12.899999618530273,12.899999618530273,18444,0.0,0.0,0.0
2025-05-27 03:15:00+00:00,12.90999984741211,12.90999984741211,12.890000343322754,12.890000343322754,6234,0.0,0.0,0.0
2025-05-27 03:20:00+00:00,12.899999618530273,12.899999618530273,12.890000343322754,12.899999618530273,3245,0.0,0.0,0.0
2025-05-27 03:25:00+00:00,12.899999618530273,12.899999618530273,12.899999618530273,12.899999618530273,3021,0.0,0.0,0.0
2025-05-27 03:30:00+00:00,12.899999618530273,12.899999618530273,12.890000343322754,12.890000343322754,12507,0.0,0.0,0.0
2025-05-27 03:35:00+00:00,12.899999618530273,12.899999618530273,12.890000343322754,12.890000343322754,4808,0.0,0.0,0.0
2025-05-27 03:40:00+00:00,12.890000343322754,12.890000343322754,12.890000343322754,12.890000343322754,2201,0.0,0.0,0.0
2025-05-27 03:45:00+00:00,12.890000343322754,12.890000343322754,12.890000343322754,12.890000343322754,3028,0.0,0.0,0.0
2025-05-27 03:50:00+00:00,12.890000343322754,12.890000343322754,12.890000343322754,12.890000343322754,6141,0.0,0.0,0.0
2025-05-27 03:55:00+00:00,12.880000114440918,12.890000343322754,12.880000114440918,12.880000114440918,55806,0.0,0.0,0.0
2025-05-27 04:00:00+00:00,12.880000114440918,12.880000114440918,12.859999656677246,12.869999885559082,47147,0.0,0.0,0.0
2025-05-27 04:05:00+00:00,12.869999885559082,12.869999885559082,12.859999656677246,12.869999885559082,20349,0.0,0.0,0.0
2025-05-27 04:10:00+00:00,12.869999885559082,12.869999885559082,12.859999656677246,12.869999885559082,17125,0.0,0.0,0.0
2025-05-27 04:15:00+00:00,12.869999885559082,12.869999885559082,12.859999656677246,12.859999656677246,9302,0.0,0.0,0.0
2025-05-27 04:20:00+00:00,12.869999885559082,12.869999885559082,12.850000381469727,12.850000381469727,73279,0.0,0.0,0.0
2025-05-27 04:25:00+00:00,12.859999656677246,12.859999656677246,12.850000381469727,12.850000381469727,24335,0.0,0.0,0.0
2025-05-27 04:30:00+00:00,12.859999656677246,12.869999885559082,12.850000381469727,12.850000381469727,34055,0.0,0.0,0.0
2025-05-27 04:35:00+00:00,12.859999656677246,12.859999656677246,12.850000381469727,12.850000381469727,9313,0.0,0.0,0.0
2025-05-27 04:40:00+00:00,12.850000381469727,12.859999656677246,12.850000381469727,12.850000381469727,52348,0.0,0.0,0.0
2025-05-27 04:45:00+00:00,12.859999656677246,12.859999656677246,12.84000015258789,12.84000015258789,74371,0.0,0.0,0.0
2025-05-27 04:50:00+00:00,12.859999656677246,12.859999656677246,12.84000015258789,12.850000381469727,14172,0.0,0.0,0.0
2025-05-27 04:55:00+00:00,12.850000381469727,12.859999656677246,12.850000381469727,12.859999656677246,51294,0.0,0.0,0.0
2025-05-27 05:00:00+00:00,12.859999656677246,12.869999885559082,12.859999656677246,12.869999885559082,24070,0.0,0.0,0.0
2025-05-27 05:05:00+00:00,12.869999885559082,12.869999885559082,12.869999885559082,12.869999885559082,8785,0.0,0.0,0.0
2025-05-27 05:10:00+00:00,12.859999656677246,12.869999885559082,12.859999656677246,12.859999656677246,7389,0.0,0.0,0.0
2025-05-27 05:15:00+00:00,12.869999885559082,12.869999885559082,12.859999656677246,12.869999885559082,14752,0.0,0.0,0.0
2025-05-27 05:20:00+00:00,12.869999885559082,12.869999885559082,12.859999656677246,12.859999656677246,55703,0.0,0.0,0.0
2025-05-28 01:00:00+00:00,12.989999771118164,13.079999923706055,12.989999771118164,13.050000190734863,0,0.0,0.0,0.0
2025-05-28 01:05:00+00:00,13.050000190734863,13.0600004196167,13.029999732971191,13.029999732971191,122275,0.0,0.0,0.0
2025-05-28 01:10:00+00:00,13.029999732971191,13.029999732971191,13.029999732971191,13.029999732971191,30227,0.0,0.0,0.0
2025-05-28 01:15:00+00:00,13.020000457763672,13.039999961853027,13.020000457763672,13.039999961853027,6253,0.0,0.0,0.0
2025-05-28 01:20:00+00:00,13.029999732971191,13.039999961853027,13.020000457763672,13.029999732971191,106027,0.0,0.0,0.0
2025-05-28 01:25:00+00:00,13.029999732971191,13.029999732971191,13.020000457763672,13.020000457763672,18234,0.0,0.0,0.0
2025-05-28 01:30:00+00:00,13.029999732971191,13.029999732971191,12.979999542236328,12.979999542236328,83961,0.0,0.0,0.0
2025-05-28 01:35:00+00:00,12.989999771118164,12.989999771118164,12.989999771118164,12.989999771118164,7213,0.0,0.0,0.0
2025-05-28 01:40:00+00:00,12.979999542236328,12.989999771118164,12.979999542236328,12.989999771118164,40148,0.0,0.0,0.0
2025-05-28 01:45:00+00:00,12.989999771118164,12.989999771118164,12.960000038146973,12.970000267028809,48925,0.0,0.0,0.0
2025-05-28 01:50:00+00:00,12.970000267028809,12.970000267028809,12.970000267028809,12.970000267028809,9135,0.0,0.0,0.0
2025-05-28 01:55:00+00:00,12.960000038146973,12.960000038146973,12.960000038146973,12.960000038146973,1079,0.0,0.0,0.0
2025-05-28 02:00:00+00:00,12.960000038146973,12.960000038146973,12.960000038146973,12.960000038146973,21241,0.0,0.0,0.0
2025-05-28 02:05:00+00:00,12.960000038146973,12.960000038146973,12.960000038146973,12.960000038146973,6211,0.0,0.0,0.0
2025-05-28 02:10:00+00:00,12.960000038146973,12.979999542236328,12.960000038146973,12.979999542236328,22521,0.0,0.0,0.0
2025-05-28 02:15:00+00:00,12.979999542236328,12.979999542236328,12.979999542236328,12.979999542236328,12043,0.0,0.0,0.0
2025-05-28 02:20:00+00:00,12.970000267028809,12.970000267028809,12.949999809265137,12.949999809265137,31817,0.0,0.0,0.0
2025-05-28 02:25:00+00:00,12.9399995803833,12.9399995803833,12.9399995803833,12.9399995803833,1061,0.0,0.0,0.0
2025-05-28 02:30:00+00:00,12.949999809265137,12.970000267028809,12.949999809265137,12.970000267028809,3134,0.0,0.0,0.0
2025-05-28 02:35:00+00:00,12.960000038146973,12.960000038146973,12.949999809265137,12.960000038146973,4223,0.0,0.0,0.0
2025-05-28 02:40:00+00:00,12.960000038146973,12.960000038146973,12.960000038146973,12.960000038146973,5033,0.0,0.0,0.0
2025-05-28 02:45:00+00:00,12.949999809265137,12.949999809265137,12.9399995803833,12.9399995803833,10583,0.0,0.0,0.0
2025-05-28 02:50:00+00:00,12.9399995803833,12.9399995803833,12.9399995803833,12.9399995803833,24081,0.0,0.0,0.0
2025-05-28 02:55:00+00:00,12.930000305175781,12.9399995803833,12.930000305175781,12.9399995803833,37318,0.0,0.0,0.0
2025-05-28 03:00:00+00:00,12.9399995803833,12.949999809265137,12.9399995803833,12.949999809265137,98028,0.0,0.0,0.0
2025-05-28 03:05:00+00:00,12.960000038146973,12.960000038146973,12.960000038146973,12.960000038146973,2162,0.0,0.0,0.0
2025-05-28 03:10:00+00:00,12.960000038146973,12.960000038146973,12.960000038146973,12.960000038146973,8017,0.0,0.0,0.0
2025-05-28 03:15:00+00:00,12.970000267028809,12.970000267028809,12.970000267028809,12.970000267028809,2350,0.0,0.0,0.0
2025-05-28 03:20:00+00:00,12.970000267028809,12.970000267028809,12.970000267028809,12.970000267028809,1222,0.0,0.0,0.0
2025-05-28 03:25:00+00:00,12.949999809265137,12.949999809265137,12.949999809265137,12.949999809265137,1029,0.0,0.0,0.0
2025-05-28 03:30:00+00:00,12.949999809265137,12.949999809265137,12.9399995803833,12.949999809265137,4010,0.0,0.0,0.0
2025-05-28 03:35:00+00:00,12.9399995803833,12.9399995803833,12.9399995803833,12.9399995803833,13108,0.0,0.0,0.0
2025-05-28 03:40:00+00:00,12.9399995803833,12.9399995803833,12.920000076293945,12.920000076293945,10941,0.0,0.0,0.0
2025-05-28 03:45:00+00:00,12.930000305175781,12.930000305175781,12.930000305175781,12.930000305175781,1487,0.0,0.0,0.0
2025-05-28 03:50:00+00:00,12.920000076293945,12.920000076293945,12.920000076293945,12.920000076293945,1975,0.0,0.0,0.0
2025-05-28 03:55:00+00:00,12.90999984741211,12.90999984741211,12.90999984741211,12.90999984741211,7434,0.0,0.0,0.0
2025-05-28 04:00:00+00:00,12.90999984741211,12.90999984741211,12.899999618530273,12.90999984741211,7022,0.0,0.0,0.0
2025-05-28 04:05:00+00:00,12.90999984741211,12.90999984741211,12.90999984741211,12.90999984741211,6006,0.0,0.0,0.0
2025-05-28 04:10:00+00:00,12.90999984741211,12.90999984741211,12.90999984741211,12.90999984741211,26510,0.0,0.0,0.0
2025-05-28 04:15:00+00:00,12.90999984741211,12.90999984741211,12.899999618530273,12.899999618530273,6090,0.0,0.0,0.0
2025-05-28 04:20:00+00:00,12.899999618530273,12.899999618530273,12.899999618530273,12.899999618530273,24160,0.0,0.0,0.0
2025-05-28 04:25:00+00:00,12.899999618530273,12.899999618530273,12.890000343322754,12.890000343322754,11419,0.0,0.0,0.0
2025-05-28 04:30:00+00:00,12.899999618530273,12.899999618530273,12.869999885559082,12.869999885559082,29765,0.0,0.0,0.0
2025-05-28 04:35:00+00:00,12.859999656677246,12.859999656677246,12.859999656677246,12.859999656677246,23104,0.0,0.0,0.0
2025-05-28 04:40:00+00:00,12.859999656677246,12.859999656677246,12.850000381469727,12.859999656677246,51896,0.0,0.0,0.0
2025-05-28 04:45:00+00:00,12.869999885559082,12.890000343322754,12.869999885559082,12.890000343322754,14078,0.0,0.0,0.0
2025-05-28 04:50:00+00:00,12.880000114440918,12.890000343322754,12.880000114440918,12.890000343322754,3082,0.0,0.0,0.0
2025-05-28 04:55:00+00:00,12.880000114440918,12.880000114440918,12.869999885559082,12.869999885559082,8503,0.0,0.0,0.0
2025-05-28 05:00:00+00:00,12.869999885559082,12.869999885559082,12.869999885559082,12.869999885559082,15540,0.0,0.0,0.0
2025-05-28 05:05:00+00:00,12.869999885559082,12.890000343322754,12.869999885559082,12.890000343322754,129646,0.0,0.0,0.0
2025-05-28 05:10:00+00:00,12.890000343322754,12.890000343322754,12.890000343322754,12.890000343322754,37431,0.0,0.0,0.0
2025-05-28 05:15:00+00:00,12.899999618530273,12.899999618530273,12.890000343322754,12.899999618530273,106461,0.0,0.0,0.0
2025-05-28 05:20:00+00:00,12.899999618530273,12.90999984741211,12.899999618530273,12.90999984741211,23563,0.0,0.0,0.0
2025-05-29 01:00:00+00:00,13.050000190734863,13.069999694824219,13.010000228881836,13.039999961853027,0,0.0,0.0,0.0
2025-05-29 01:05:00+00:00,13.010000228881836,13.010000228881836,12.970000267028809,12.970000267028809,174999,0.0,0.0,0.0
2025-05-29 01:10:00+00:00,12.989999771118164,12.989999771118164,12.949999809265137,12.960000038146973,85207,0.0,0.0,0.0
2025-05-29 01:15:00+00:00,12.960000038146973,12.960000038146973,12.960000038146973,12.960000038146973,119832,0.0,0.0,0.0
2025-05-29 01:20:00+00:00,12.949999809265137,12.960000038146973,12.949999809265137,12.960000038146973,54011,0.0,0.0,0.0
2025-05-29 01:25:00+00:00,12.960000038146973,12.970000267028809,12.960000038146973,12.970000267028809,2570,0.0,0.0,0.0
2025-05-29 01:30:00+00:00,12.970000267028809,12.970000267028809,12.960000038146973,12.970000267028809,66936,0.0,0.0,0.0
2025-05-29 01:35:00+00:00,12.979999542236328,12.989999771118164,12.979999542236328,12.989999771118164,32674,0.0,0.0,0.0
2025-05-29 01:40:00+00:00,13.0,13.010000228881836,13.0,13.010000228881836,29810,0.0,0.0,0.0
2025-05-29 01:45:00+00:00,13.010000228881836,13.010000228881836,13.0,13.0,36145,0.0,0.0,0.0
2025-05-29 01:50:00+00:00,12.989999771118164,13.0,12.989999771118164,12.989999771118164,14537,0.0,0.0,0.0
2025-05-29 01:55:00+00:00,12.970000267028809,12.989999771118164,12.970000267028809,12.989999771118164,5430,0.0,0.0,0.0
2025-05-29 02:00:00+00:00,12.989999771118164,13.0,12.989999771118164,12.989999771118164,8417,0.0,0.0,0.0
2025-05-29 02:05:00+00:00,12.979999542236328,12.979999542236328,12.979999542236328,12.979999542236328,29534,0.0,0.0,0.0
2025-05-29 02:15:00+00:00,12.979999542236328,12.979999542236328,12.970000267028809,12.970000267028809,15516,0.0,0.0,0.0
2025-05-29 02:20:00+00:00,12.970000267028809,12.970000267028809,12.970000267028809,12.970000267028809,4034,0.0,0.0,0.0
2025-05-29 02:25:00+00:00,12.960000038146973,12.960000038146973,12.949999809265137,12.960000038146973,22458,0.0,0.0,0.0
2025-05-29 02:30:00+00:00,12.960000038146973,12.970000267028809,12.949999809265137,12.949999809265137,64364,0.0,0.0,0.0
2025-05-29 02:35:00+00:00,12.949999809265137,12.949999809265137,12.949999809265137,12.949999809265137,2045,0.0,0.0,0.0
2025-05-29 02:40:00+00:00,12.970000267028809,12.970000267028809,12.960000038146973,12.970000267028809,7345,0.0,0.0,0.0
2025-05-29 02:45:00+00:00,12.970000267028809,12.970000267028809,12.960000038146973,12.960000038146973,12091,0.0,0.0,0.0
2025-05-29 02:50:00+00:00,12.960000038146973,12.960000038146973,12.960000038146973,12.960000038146973,10045,0.0,0.0,0.0
2025-05-29 02:55:00+00:00,12.960000038146973,12.970000267028809,12.949999809265137,12.949999809265137,17061,0.0,0.0,0.0
2025-05-29 03:00:00+00:00,12.970000267028809,12.970000267028809,12.960000038146973,12.970000267028809,31063,0.0,0.0,0.0
2025-05-29 03:05:00+00:00,12.960000038146973,12.970000267028809,12.949999809265137,12.949999809265137,18057,0.0,0.0,0.0
2025-05-29 03:10:00+00:00,12.949999809265137,12.970000267028809,12.949999809265137,12.970000267028809,75034,0.0,0.0,0.0
2025-05-29 03:15:00+00:00,12.979999542236328,12.979999542236328,12.979999542236328,12.979999542236328,1140,0.0,0.0,0.0
2025-05-29 03:20:00+00:00,12.979999542236328,12.979999542236328,12.970000267028809,12.970000267028809,19166,0.0,0.0,0.0
2025-05-29 03:25:00+00:00,12.979999542236328,12.979999542236328,12.979999542236328,12.979999542236328,42051,0.0,0.0,0.0
2025-05-29 03:30:00+00:00,12.989999771118164,12.989999771118164,12.989999771118164,12.989999771118164,10254,0.0,0.0,0.0
2025-05-29 03:35:00+00:00,12.989999771118164,13.0,12.989999771118164,12.989999771118164,12118,0.0,0.0,0.0
2025-05-29 03:40:00+00:00,12.979999542236328,12.979999542236328,12.979999542236328,12.979999542236328,2235,0.0,0.0,0.0
2025-05-29 03:45:00+00:00,12.979999542236328,12.979999542236328,12.979999542236328,12.979999542236328,2146,0.0,0.0,0.0
2025-05-29 03:50:00+00:00,12.970000267028809,12.979999542236328,12.970000267028809,12.970000267028809,6022,0.0,0.0,0.0
2025-05-29 03:55:00+00:00,12.979999542236328,12.979999542236328,12.979999542236328,12.979999542236328,2129,0.0,0.0,0.0
2025-05-29 04:00:00+00:00,12.970000267028809,12.979999542236328,12.970000267028809,12.979999542236328,19623,0.0,0.0,0.0
2025-05-29 04:05:00+00:00,12.979999542236328,12.979999542236328,12.979999542236328,12.979999542236328,2001,0.0,0.0,0.0
2025-05-29 04:10:00+00:00,12.979999542236328,12.979999542236328,12.970000267028809,12.970000267028809,2900,0.0,0.0,0.0
2025-05-29 04:15:00+00:00,12.960000038146973,12.960000038146973,12.949999809265137,12.949999809265137,10006,0.0,0.0,0.0
2025-05-29 04:20:00+00:00,12.960000038146973,12.960000038146973,12.949999809265137,12.949999809265137,25946,0.0,0.0,0.0
2025-05-29 04:25:00+00:00,12.9399995803833,12.949999809265137,12.930000305175781,12.949999809265137,51916,0.0,0.0,0.0
2025-05-29 04:30:00+00:00,12.960000038146973,12.960000038146973,12.960000038146973,12.960000038146973,3230,0.0,0.0,0.0
2025-05-29 04:35:00+00:00,12.960000038146973,12.960000038146973,12.960000038146973,12.960000038146973,1000,0.0,0.0,0.0
2025-05-29 04:40:00+00:00,12.949999809265137,12.960000038146973,12.949999809265137,12.949999809265137,16108,0.0,0.0,0.0
2025-05-29 04:45:00+00:00,12.949999809265137,12.960000038146973,12.949999809265137,12.949999809265137,17250,0.0,0.0,0.0
2025-05-29 04:50:00+00:00,12.949999809265137,12.960000038146973,12.949999809265137,12.960000038146973,60000,0.0,0.0,0.0
2025-05-29 04:55:00+00:00,12.960000038146973,12.960000038146973,12.960000038146973,12.960000038146973,14212,0.0,0.0,0.0
2025-05-29 05:00:00+00:00,12.970000267028809,12.970000267028809,12.949999809265137,12.960000038146973,45100,0.0,0.0,0.0
2025-05-29 05:05:00+00:00,12.960000038146973,12.960000038146973,12.9399995803833,12.949999809265137,130273,0.0,0.0,0.0
2025-05-29 05:10:00+00:00,12.949999809265137,12.949999809265137,12.9399995803833,12.949999809265137,8343,0.0,0.0,0.0
2025-05-29 05:15:00+00:00,12.960000038146973,12.960000038146973,12.949999809265137,12.949999809265137,5122,0.0,0.0,0.0
2025-05-29 05:20:00+00:00,12.949999809265137,12.970000267028809,12.949999809265137,12.970000267028809,94076,0.0,0.0,0.0
2025-06-02 01:00:00+00:00,12.880000114440918,12.890000343322754,12.779999732971191,12.779999732971191,0,0.0,0.0,0.0
2025-06-02 01:05:00+00:00,12.800000190734863,12.819999694824219,12.779999732971191,12.819999694824219,104821,0.0,0.0,0.0
2025-06-02 01:10:00+00:00,12.829999923706055,12.84000015258789,12.819999694824219,12.829999923706055,22857,0.0,0.0,0.0
2025-06-02 01:15:00+00:00,12.829999923706055,12.829999923706055,12.8100004196167,12.8100004196167,82835,0.0,0.0,0.0
2025-06-02 01:20:00+00:00,12.800000190734863,12.800000190734863,12.789999961853027,12.789999961853027,69303,0.0,0.0,0.0
2025-06-02 01:25:00+00:00,12.779999732971191,12.779999732971191,12.770000457763672,12.770000457763672,110525,0.0,0.0,0.0
2025-06-02 01:30:00+00:00,12.770000457763672,12.770000457763672,12.75,12.760000228881836,49159,0.0,0.0,0.0
2025-06-02 01:35:00+00:00,12.760000228881836,12.760000228881836,12.75,12.760000228881836,68106,0.0,0.0,0.0
2025-06-02 01:40:00+00:00,12.75,12.760000228881836,12.739999771118164,12.75,21631,0.0,0.0,0.0
2025-06-02 01:45:00+00:00,12.739999771118164,12.75,12.729999542236328,12.739999771118164,85547,0.0,0.0,0.0
2025-06-02 01:50:00+00:00,12.75,12.75,12.729999542236328,12.729999542236328,224428,0.0,0.0,0.0
2025-06-02 01:55:00+00:00,12.729999542236328,12.729999542236328,12.720000267028809,12.729999542236328,59072,0.0,0.0,0.0
2025-06-02 02:00:00+00:00,12.729999542236328,12.739999771118164,12.729999542236328,12.739999771118164,6353,0.0,0.0,0.0
2025-06-02 02:05:00+00:00,12.75,12.75,12.75,12.75,8620,0.0,0.0,0.0
2025-06-02 02:10:00+00:00,12.739999771118164,12.760000228881836,12.739999771118164,12.760000228881836,93249,0.0,0.0,0.0
2025-06-02 02:15:00+00:00,12.760000228881836,12.770000457763672,12.760000228881836,12.760000228881836,18527,0.0,0.0,0.0
2025-06-02 02:20:00+00:00,12.770000457763672,12.770000457763672,12.770000457763672,12.770000457763672,2118,0.0,0.0,0.0
2025-06-02 02:25:00+00:00,12.770000457763672,12.770000457763672,12.75,12.760000228881836,68302,0.0,0.0,0.0
2025-06-02 02:30:00+00:00,12.760000228881836,12.760000228881836,12.75,12.75,77579,0.0,0.0,0.0
2025-06-02 02:35:00+00:00,12.739999771118164,12.739999771118164,12.739999771118164,12.739999771118164,21432,0.0,0.0,0.0
2025-06-02 02:40:00+00:00,12.739999771118164,12.739999771118164,12.729999542236328,12.729999542236328,58526,0.0,0.0,0.0
2025-06-02 02:45:00+00:00,12.729999542236328,12.729999542236328,12.729999542236328,12.729999542236328,4419,0.0,0.0,0.0
2025-06-02 02:50:00+00:00,12.720000267028809,12.729999542236328,12.710000038146973,12.710000038146973,145755,0.0,0.0,0.0
2025-06-02 02:55:00+00:00,12.710000038146973,12.720000267028809,12.710000038146973,12.710000038146973,22610,0.0,0.0,0.0
2025-06-02 03:00:00+00:00,12.710000038146973,12.710000038146973,12.699999809265137,12.710000038146973,13982,0.0,0.0,0.0
2025-06-02 03:05:00+00:00,12.710000038146973,12.710000038146973,12.699999809265137,12.699999809265137,105563,0.0,0.0,0.0
2025-06-02 03:10:00+00:00,12.699999809265137,12.699999809265137,12.699999809265137,12.699999809265137,17383,0.0,0.0,0.0
2025-06-02 03:15:00+00:00,12.699999809265137,12.710000038146973,12.699999809265137,12.710000038146973,16580,0.0,0.0,0.0
2025-06-02 03:20:00+00:00,12.710000038146973,12.710000038146973,12.699999809265137,12.710000038146973,29178,0.0,0.0,0.0
2025-06-02 03:25:00+00:00,12.699999809265137,12.699999809265137,12.680000305175781,12.6899995803833,61805,0.0,0.0,0.0
2025-06-02 03:30:00+00:00,12.6899995803833,12.6899995803833,12.680000305175781,12.680000305175781,2642,0.0,0.0,0.0
2025-06-02 03:35:00+00:00,12.680000305175781,12.6899995803833,12.680000305175781,12.6899995803833,53605,0.0,0.0,0.0
2025-06-02 03:40:00+00:00,12.6899995803833,12.6899995803833,12.6899995803833,12.6899995803833,14226,0.0,0.0,0.0
2025-06-02 03:45:00+00:00,12.6899995803833,12.6899995803833,12.680000305175781,12.6899995803833,9139,0.0,0.0,0.0
2025-06-02 03:50:00+00:00,12.6899995803833,12.6899995803833,12.6899995803833,12.6899995803833,13586,0.0,0.0,0.0
2025-06-02 03:55:00+00:00,12.6899995803833,12.6899995803833,12.6899995803833,12.6899995803833,7052,0.0,0.0,0.0
2025-06-02 04:00:00+00:00,12.6899995803833,12.699999809265137,12.6899995803833,12.6899995803833,44613,0.0,0.0,0.0
2025-06-02 04:05:00+00:00,12.6899995803833,12.6899995803833,12.6899995803833,12.6899995803833,24377,0.0,0.0,0.0
2025-06-02 04:10:00+00:00,12.6899995803833,12.699999809265137,12.6899995803833,12.699999809265137,6047,0.0,0.0,0.0
2025-06-02 04:15:00+00:00,12.699999809265137,12.699999809265137,12.699999809265137,12.699999809265137,7077,0.0,0.0,0.0
2025-06-02 04:20:00+00:00,12.699999809265137,12.699999809265137,12.699999809265137,12.699999809265137,13491,0.0,0.0,0.0
2025-06-02 04:25:00+00:00,12.699999809265137,12.699999809265137,12.6899995803833,12.699999809265137,15736,0.0,0.0,0.0
2025-06-02 04:30:00+00:00,12.699999809265137,12.699999809265137,12.6899995803833,12.6899995803833,47586,0.0,0.0,0.0
2025-06-02 04:35:00+00:00,12.6899995803833,12.6899995803833,12.6899995803833,12.6899995803833,6729,0.0,0.0,0.0
2025-06-02 04:40:00+00:00,12.699999809265137,12.699999809265137,12.6899995803833,12.699999809265137,14780,0.0,0.0,0.0
2025-06-02 04:45:00+00:00,12.699999809265137,12.699999809265137,12.6899995803833,12.6899995803833,27823,0.0,0.0,0.0
2025-06-02 04:50:00+00:00,12.699999809265137,12.699999809265137,12.6899995803833,12.699999809265137,8026,0.0,0.0,0.0
2025-06-02 04:55:00+00:00,12.699999809265137,12.699999809265137,12.6899995803833,12.6899995803833,13317,0.0,0.0,0.0
2025-06-02 05:00:00+00:00,12.6899995803833,12.720000267028809,12.6899995803833,12.720000267028809,130152,0.0,0.0,0.0
2025-06-02 05:05:00+00:00,12.720000267028809,12.720000267028809,12.710000038146973,12.710000038146973,20569,0.0,0.0,0.0
2025-06-02 05:10:00+00:00,12.710000038146973,12.720000267028809,12.710000038146973,12.720000267028809,3261,0.0,0.0,0.0
2025-06-02 05:15:00+00:00,12.720000267028809,12.720000267028809,12.699999809265137,12.699999809265137,25074,0.0,0.0,0.0
2025-06-02 05:20:00+00:00,12.699999809265137,12.699999809265137,12.6899995803833,12.699999809265137,50420,0.0,0.0,0.0
2025-06-03 01:00:00+00:00,12.819999694824219,12.84000015258789,12.8100004196167,12.829999923706055,0,0.0,0.0,0.0
2025-06-03 01:05:00+00:00,12.84000015258789,12.859999656677246,12.84000015258789,12.859999656677246,55899,0.0,0.0,0.0
2025-06-03 01:10:00+00:00,12.859999656677246,12.859999656677246,12.850000381469727,12.859999656677246,93201,0.0,0.0,0.0
2025-06-03 01:15:00+00:00,12.869999885559082,12.869999885559082,12.859999656677246,12.859999656677246,32862,0.0,0.0,0.0
2025-06-03 01:20:00+00:00,12.859999656677246,12.869999885559082,12.859999656677246,12.869999885559082,66141,0.0,0.0,0.0
2025-06-03 01:25:00+00:00,12.869999885559082,12.880000114440918,12.859999656677246,12.880000114440918,74378,0.0,0.0,0.0
2025-06-03 01:30:00+00:00,12.880000114440918,12.880000114440918,12.880000114440918,12.880000114440918,73288,0.0,0.0,0.0
2025-06-03 01:35:00+00:00,12.890000343322754,12.899999618530273,12.890000343322754,12.890000343322754,21563,0.0,0.0,0.0
2025-06-03 01:40:00+00:00,12.899999618530273,12.899999618530273,12.899999618530273,12.899999618530273,34842,0.0,0.0,0.0
2025-06-03 01:45:00+00:00,12.90999984741211,12.90999984741211,12.899999618530273,12.90999984741211,14270,0.0,0.0,0.0
2025-06-03 01:50:00+00:00,12.90999984741211,12.90999984741211,12.890000343322754,12.899999618530273,51141,0.0,0.0,0.0
2025-06-03 01:55:00+00:00,12.899999618530273,12.899999618530273,12.899999618530273,12.899999618530273,2008,0.0,0.0,0.0
2025-06-03 02:00:00+00:00,12.899999618530273,12.899999618530273,12.880000114440918,12.880000114440918,23817,0.0,0.0,0.0
2025-06-03 02:05:00+00:00,12.880000114440918,12.880000114440918,12.84000015258789,12.84000015258789,107237,0.0,0.0,0.0
2025-06-03 02:10:00+00:00,12.84000015258789,12.84000015258789,12.819999694824219,12.819999694824219,15707,0.0,0.0,0.0
2025-06-03 02:15:00+00:00,12.819999694824219,12.819999694824219,12.800000190734863,12.8100004196167,15740,0.0,0.0,0.0
2025-06-03 02:20:00+00:00,12.819999694824219,12.819999694824219,12.819999694824219,12.819999694824219,1865,0.0,0.0,0.0
2025-06-03 02:25:00+00:00,12.819999694824219,12.819999694824219,12.8100004196167,12.8100004196167,4289,0.0,0.0,0.0
2025-06-03 02:30:00+00:00,12.819999694824219,12.819999694824219,12.800000190734863,12.8100004196167,16166,0.0,0.0,0.0
2025-06-03 02:35:00+00:00,12.8100004196167,12.8100004196167,12.800000190734863,12.800000190734863,20376,0.0,0.0,0.0
2025-06-03 02:40:00+00:00,12.800000190734863,12.800000190734863,12.779999732971191,12.779999732971191,18505,0.0,0.0,0.0
2025-06-03 02:45:00+00:00,12.800000190734863,12.800000190734863,12.789999961853027,12.789999961853027,10142,0.0,0.0,0.0
2025-06-03 02:50:00+00:00,12.789999961853027,12.789999961853027,12.789999961853027,12.789999961853027,26051,0.0,0.0,0.0
2025-06-03 02:55:00+00:00,12.8100004196167,12.8100004196167,12.8100004196167,12.8100004196167,1018,0.0,0.0,0.0
2025-06-03 03:00:00+00:00,12.8100004196167,12.8100004196167,12.800000190734863,12.800000190734863,24196,0.0,0.0,0.0
2025-06-03 03:05:00+00:00,12.8100004196167,12.8100004196167,12.8100004196167,12.8100004196167,1452,0.0,0.0,0.0
2025-06-03 03:15:00+00:00,12.8100004196167,12.8100004196167,12.8100004196167,12.8100004196167,5237,0.0,0.0,0.0
2025-06-03 03:20:00+00:00,12.8100004196167,12.8100004196167,12.8100004196167,12.8100004196167,48343,0.0,0.0,0.0
2025-06-03 03:25:00+00:00,12.8100004196167,12.8100004196167,12.8100004196167,12.8100004196167,3008,0.0,0.0,0.0
2025-06-03 03:30:00+00:00,12.8100004196167,12.8100004196167,12.8100004196167,12.8100004196167,3904,0.0,0.0,0.0
2025-06-03 03:40:00+00:00,12.8100004196167,12.819999694824219,12.8100004196167,12.819999694824219,34140,0.0,0.0,0.0
2025-06-03 03:45:00+00:00,12.819999694824219,12.819999694824219,12.8100004196167,12.8100004196167,51025,0.0,0.0,0.0
2025-06-03 03:50:00+00:00,12.800000190734863,12.800000190734863,12.800000190734863,12.800000190734863,4037,0.0,0.0,0.0
2025-06-03 03:55:00+00:00,12.8100004196167,12.8100004196167,12.8100004196167,12.8100004196167,3253,0.0,0.0,0.0
2025-06-03 04:00:00+00:00,12.800000190734863,12.800000190734863,12.800000190734863,12.800000190734863,130249,0.0,0.0,0.0
2025-06-03 04:05:00+00:00,12.8100004196167,12.8100004196167,12.8100004196167,12.8100004196167,1484,0.0,0.0,0.0
2025-06-03 04:10:00+00:00,12.8100004196167,12.8100004196167,12.8100004196167,12.8100004196167,1478,0.0,0.0,0.0
2025-06-03 04:15:00+00:00,12.800000190734863,12.800000190734863,12.800000190734863,12.800000190734863,1003,0.0,0.0,0.0
2025-06-03 04:20:00+00:00,12.800000190734863,12.800000190734863,12.789999961853027,12.789999961853027,6414,0.0,0.0,0.0
2025-06-03 04:25:00+00:00,12.789999961853027,12.789999961853027,12.789999961853027,12.789999961853027,5006,0.0,0.0,0.0
2025-06-03 04:30:00+00:00,12.800000190734863,12.800000190734863,12.800000190734863,12.800000190734863,8325,0.0,0.0,0.0
2025-06-03 04:35:00+00:00,12.800000190734863,12.800000190734863,12.800000190734863,12.800000190734863,1100,0.0,0.0,0.0
2025-06-03 04:40:00+00:00,12.800000190734863,12.800000190734863,12.800000190734863,12.800000190734863,1110,0.0,0.0,0.0
2025-06-03 04:45:00+00:00,12.789999961853027,12.789999961853027,12.789999961853027,12.789999961853027,5004,0.0,0.0,0.0
2025-06-03 04:50:00+00:00,12.789999961853027,12.789999961853027,12.789999961853027,12.789999961853027,3068,0.0,0.0,0.0
2025-06-03 04:55:00+00:00,12.779999732971191,12.779999732971191,12.779999732971191,12.779999732971191,5182,0.0,0.0,0.0
2025-06-03 05:00:00+00:00,12.789999961853027,12.789999961853027,12.789999961853027,12.789999961853027,12010,0.0,0.0,0.0
2025-06-03 05:05:00+00:00,12.789999961853027,12.789999961853027,12.789999961853027,12.789999961853027,12656,0.0,0.0,0.0
2025-06-03 05:10:00+00:00,12.789999961853027,12.789999961853027,12.789999961853027,12.789999961853027,4126,0.0,0.0,0.0
2025-06-03 05:15:00+00:00,12.800000190734863,12.800000190734863,12.779999732971191,12.779999732971191,12150,0.0,0.0,0.0
2025-06-03 05:20:00+00:00,12.789999961853027,12.800000190734863,12.779999732971191,12.779999732971191,16882,0.0,0.0,0.0
2025-06-04 01:00:00+00:00,12.899999618530273,12.970000267028809,12.899999618530273,12.960000038146973,0,0.0,0.0,0.0
2025-06-04 01:05:00+00:00,12.960000038146973,12.979999542236328,12.960000038146973,12.979999542236328,79000,0.0,0.0,0.0
2025-06-04 01:10:00+00:00,12.989999771118164,12.989999771118164,12.970000267028809,12.979999542236328,127960,0.0,0.0,0.0
2025-06-04 01:15:00+00:00,12.989999771118164,13.0,12.979999542236328,12.989999771118164,154311,0.0,0.0,0.0
2025-06-04 01:20:00+00:00,12.989999771118164,13.010000228881836,12.989999771118164,13.010000228881836,242452,0.0,0.0,0.0
2025-06-04 01:25:00+00:00,13.020000457763672,13.020000457763672,13.020000457763672,13.020000457763672,57734,0.0,0.0,0.0
2025-06-04 01:30:00+00:00,13.029999732971191,13.029999732971191,13.020000457763672,13.020000457763672,43822,0.0,0.0,0.0
2025-06-04 01:35:00+00:00,13.020000457763672,13.029999732971191,13.010000228881836,13.010000228881836,100951,0.0,0.0,0.0
2025-06-04 01:40:00+00:00,13.020000457763672,13.020000457763672,13.010000228881836,13.020000457763672,69468,0.0,0.0,0.0
2025-06-04 01:45:00+00:00,13.020000457763672,13.029999732971191,13.020000457763672,13.020000457763672,48707,0.0,0.0,0.0
2025-06-04 01:50:00+00:00,13.020000457763672,13.029999732971191,13.020000457763672,13.029999732971191,118554,0.0,0.0,0.0
2025-06-04 01:55:00+00:00,13.020000457763672,13.020000457763672,13.010000228881836,13.020000457763672,29823,0.0,0.0,0.0
2025-06-04 02:00:00+00:00,13.010000228881836,13.020000457763672,13.010000228881836,13.010000228881836,26331,0.0,0.0,0.0
2025-06-04 02:05:00+00:00,13.010000228881836,13.010000228881836,13.010000228881836,13.010000228881836,21159,0.0,0.0,0.0
2025-06-04 02:10:00+00:00,13.020000457763672,13.029999732971191,13.020000457763672,13.029999732971191,201479,0.0,0.0,0.0
2025-06-04 02:15:00+00:00,13.020000457763672,13.020000457763672,13.010000228881836,13.010000228881836,5038,0.0,0.0,0.0
2025-06-04 02:20:00+00:00,13.010000228881836,13.020000457763672,13.010000228881836,13.020000457763672,31494,0.0,0.0,0.0
2025-06-04 02:25:00+00:00,13.020000457763672,13.029999732971191,13.020000457763672,13.020000457763672,40368,0.0,0.0,0.0
2025-06-04 02:30:00+00:00,13.029999732971191,13.039999961853027,13.029999732971191,13.029999732971191,255885,0.0,0.0,0.0
2025-06-04 02:35:00+00:00,13.029999732971191,13.029999732971191,13.029999732971191,13.029999732971191,54028,0.0,0.0,0.0
2025-06-04 02:40:00+00:00,13.020000457763672,13.029999732971191,13.020000457763672,13.029999732971191,103042,0.0,0.0,0.0
2025-06-04 02:45:00+00:00,13.029999732971191,13.029999732971191,13.029999732971191,13.029999732971191,12278,0.0,0.0,0.0
2025-06-04 02:50:00+00:00,13.029999732971191,13.029999732971191,13.020000457763672,13.029999732971191,230638,0.0,0.0,0.0
2025-06-04 02:55:00+00:00,13.020000457763672,13.020000457763672,13.020000457763672,13.020000457763672,6186,0.0,0.0,0.0
2025-06-04 03:00:00+00:00,13.020000457763672,13.020000457763672,13.020000457763672,13.020000457763672,8143,0.0,0.0,0.0
2025-06-04 03:05:00+00:00,13.029999732971191,13.029999732971191,13.020000457763672,13.020000457763672,50039,0.0,0.0,0.0
2025-06-04 03:10:00+00:00,13.029999732971191,13.029999732971191,13.020000457763672,13.020000457763672,25467,0.0,0.0,0.0
2025-06-04 03:15:00+00:00,13.020000457763672,13.029999732971191,13.020000457763672,13.029999732971191,26047,0.0,0.0,0.0
2025-06-04 03:20:00+00:00,13.029999732971191,13.029999732971191,13.020000457763672,13.020000457763672,220073,0.0,0.0,0.0
2025-06-04 03:25:00+00:00,13.029999732971191,13.029999732971191,13.029999732971191,13.029999732971191,3013,0.0,0.0,0.0
2025-06-04 03:30:00+00:00,13.029999732971191,13.029999732971191,13.029999732971191,13.029999732971191,6249,0.0,0.0,0.0
2025-06-04 03:35:00+00:00,13.020000457763672,13.020000457763672,13.010000228881836,13.010000228881836,375186,0.0,0.0,0.0
2025-06-04 03:40:00+00:00,13.020000457763672,13.020000457763672,13.010000228881836,13.010000228881836,28364,0.0,0.0,0.0
2025-06-04 03:45:00+00:00,13.010000228881836,13.010000228881836,13.010000228881836,13.010000228881836,220112,0.0,0.0,0.0
2025-06-04 03:50:00+00:00,13.010000228881836,13.010000228881836,13.0,13.0,51050,0.0,0.0,0.0
2025-06-04 03:55:00+00:00,13.0,13.0,13.0,13.0,21074,0.0,0.0,0.0
2025-06-04 04:00:00+00:00,13.0,13.0,13.0,13.0,9030,0.0,0.0,0.0
2025-06-04 04:05:00+00:00,13.0,13.0,12.989999771118164,12.989999771118164,28044,0.0,0.0,0.0
2025-06-04 04:10:00+00:00,12.989999771118164,13.0,12.989999771118164,13.0,44226,0.0,0.0,0.0
2025-06-04 04:15:00+00:00,13.0,13.010000228881836,13.0,13.010000228881836,13492,0.0,0.0,0.0
2025-06-04 04:20:00+00:00,13.010000228881836,13.020000457763672,13.010000228881836,13.020000457763672,106060,0.0,0.0,0.0
2025-06-04 04:25:00+00:00,13.020000457763672,13.020000457763672,13.010000228881836,13.010000228881836,17028,0.0,0.0,0.0
2025-06-04 04:30:00+00:00,13.020000457763672,13.020000457763672,13.010000228881836,13.010000228881836,23237,0.0,0.0,0.0
2025-06-04 04:35:00+00:00,13.010000228881836,13.020000457763672,13.010000228881836,13.010000228881836,213340,0.0,0.0,0.0
2025-06-04 04:40:00+00:00,13.010000228881836,13.010000228881836,13.010000228881836,13.010000228881836,25610,0.0,0.0,0.0
2025-06-04 04:45:00+00:00,13.010000228881836,13.010000228881836,13.010000228881836,13.010000228881836,55411,0.0,0.0,0.0
2025-06-04 04:50:00+00:00,13.010000228881836,13.010000228881836,13.010000228881836,13.010000228881836,38030,0.0,0.0,0.0
2025-06-04 04:55:00+00:00,13.010000228881836,13.010000228881836,13.0,13.0,20125,0.0,0.0,0.0
2025-06-04 05:00:00+00:00,13.010000228881836,13.010000228881836,13.010000228881836,13.010000228881836,14470,0.0,0.0,0.0
2025-06-04 05:05:00+00:00,13.010000228881836,13.010000228881836,13.010000228881836,13.010000228881836,27125,0.0,0.0,0.0
2025-06-04 05:10:00+00:00,13.010000228881836,13.010000228881836,13.0,13.0,34333,0.0,0.0,0.0
2025-06-04 05:15:00+00:00,13.020000457763672,13.020000457763672,13.010000228881836,13.020000457763672,26365,0.0,0.0,0.0
2025-06-04 05:20:00+00:00,13.020000457763672,13.020000457763672,13.010000228881836,13.010000228881836,5425,0.0,0.0,0.0
2025-06-05 01:00:00+00:00,13.039999961853027,13.069999694824219,13.039999961853027,13.069999694824219,0,0.0,0.0,0.0
2025-06-05 01:05:00+00:00,13.0600004196167,13.069999694824219,13.0600004196167,13.069999694824219,79807,0.0,0.0,0.0
2025-06-05 01:10:00+00:00,13.069999694824219,13.069999694824219,13.0600004196167,13.069999694824219,41062,0.0,0.0,0.0
2025-06-05 01:15:00+00:00,13.069999694824219,13.079999923706055,13.069999694824219,13.069999694824219,121831,0.0,0.0,0.0
2025-06-05 01:20:00+00:00,13.069999694824219,13.069999694824219,13.069999694824219,13.069999694824219,12072,0.0,0.0,0.0
2025-06-05 01:25:00+00:00,13.0600004196167,13.069999694824219,13.0600004196167,13.0600004196167,78121,0.0,0.0,0.0
2025-06-05 01:30:00+00:00,13.069999694824219,13.069999694824219,13.050000190734863,13.0600004196167,35337,0.0,0.0,0.0
2025-06-05 01:35:00+00:00,13.0600004196167,13.069999694824219,13.0600004196167,13.069999694824219,109816,0.0,0.0,0.0
2025-06-05 01:40:00+00:00,13.069999694824219,13.069999694824219,13.069999694824219,13.069999694824219,13342,0.0,0.0,0.0
2025-06-05 01:45:00+00:00,13.079999923706055,13.09000015258789,13.079999923706055,13.079999923706055,193572,0.0,0.0,0.0
2025-06-05 01:50:00+00:00,13.079999923706055,13.079999923706055,13.079999923706055,13.079999923706055,19042,0.0,0.0,0.0
2025-06-05 01:55:00+00:00,13.079999923706055,13.079999923706055,13.069999694824219,13.069999694824219,83231,0.0,0.0,0.0
2025-06-05 02:00:00+00:00,13.069999694824219,13.079999923706055,13.0600004196167,13.079999923706055,50045,0.0,0.0,0.0
2025-06-05 02:05:00+00:00,13.079999923706055,13.079999923706055,13.039999961853027,13.039999961853027,29682,0.0,0.0,0.0
2025-06-05 02:10:00+00:00,13.050000190734863,13.050000190734863,13.029999732971191,13.039999961853027,34360,0.0,0.0,0.0
2025-06-05 02:15:00+00:00,13.039999961853027,13.039999961853027,13.020000457763672,13.020000457763672,13186,0.0,0.0,0.0
2025-06-05 02:20:00+00:00,13.029999732971191,13.039999961853027,13.020000457763672,13.020000457763672,29362,0.0,0.0,0.0
2025-06-05 02:25:00+00:00,13.010000228881836,13.020000457763672,13.0,13.010000228881836,57182,0.0,0.0,0.0
2025-06-05 02:30:00+00:00,13.010000228881836,13.010000228881836,13.0,13.010000228881836,24780,0.0,0.0,0.0
2025-06-05 02:35:00+00:00,13.010000228881836,13.020000457763672,13.010000228881836,13.010000228881836,17062,0.0,0.0,0.0
2025-06-05 02:40:00+00:00,13.0,13.010000228881836,13.0,13.0,51043,0.0,0.0,0.0
2025-06-05 02:45:00+00:00,12.989999771118164,12.989999771118164,12.989999771118164,12.989999771118164,2215,0.0,0.0,0.0
2025-06-05 02:50:00+00:00,13.0,13.0,12.989999771118164,13.0,5107,0.0,0.0,0.0
2025-06-05 02:55:00+00:00,12.989999771118164,13.0,12.989999771118164,13.0,30714,0.0,0.0,0.0
2025-06-05 03:00:00+00:00,13.0,13.0,12.989999771118164,12.989999771118164,3043,0.0,0.0,0.0
2025-06-05 03:05:00+00:00,13.0,13.0,13.0,13.0,9499,0.0,0.0,0.0
2025-06-05 03:10:00+00:00,12.989999771118164,13.0,12.989999771118164,13.0,61034,0.0,0.0,0.0
2025-06-05 03:15:00+00:00,13.010000228881836,13.010000228881836,13.0,13.010000228881836,4086,0.0,0.0,0.0
2025-06-05 03:20:00+00:00,13.010000228881836,13.020000457763672,13.010000228881836,13.020000457763672,4407,0.0,0.0,0.0
2025-06-05 03:25:00+00:00,13.010000228881836,13.020000457763672,13.010000228881836,13.020000457763672,2831,0.0,0.0,0.0
2025-06-05 03:30:00+00:00,13.020000457763672,13.020000457763672,13.010000228881836,13.010000228881836,26780,0.0,0.0,0.0
2025-06-05 03:35:00+00:00,13.020000457763672,13.020000457763672,13.010000228881836,13.010000228881836,5303,0.0,0.0,0.0
2025-06-05 03:40:00+00:00,13.010000228881836,13.020000457763672,13.010000228881836,13.010000228881836,6051,0.0,0.0,0.0
2025-06-05 03:45:00+00:00,13.020000457763672,13.020000457763672,13.020000457763672,13.020000457763672,16143,0.0,0.0,0.0
2025-06-05 03:50:00+00:00,13.010000228881836,13.029999732971191,13.010000228881836,13.029999732971191,3594,0.0,0.0,0.0
2025-06-05 03:55:00+00:00,13.010000228881836,13.010000228881836,13.010000228881836,13.010000228881836,1005,0.0,0.0,0.0
2025-06-05 04:00:00+00:00,13.010000228881836,13.020000457763672,13.010000228881836,13.010000228881836,16062,0.0,0.0,0.0
2025-06-05 04:05:00+00:00,13.0,13.010000228881836,13.0,13.010000228881836,13343,0.0,0.0,0.0
2025-06-05 04:10:00+00:00,13.010000228881836,13.010000228881836,13.0,13.010000228881836,4178,0.0,0.0,0.0
2025-06-05 04:15:00+00:00,13.010000228881836,13.010000228881836,13.0,13.0,4655,0.0,0.0,0.0
2025-06-05 04:20:00+00:00,13.010000228881836,13.010000228881836,13.0,13.010000228881836,15225,0.0,0.0,0.0
2025-06-05 04:25:00+00:00,13.0,13.0,12.989999771118164,12.989999771118164,18141,0.0,0.0,0.0
2025-06-05 04:30:00+00:00,13.0,13.0,12.989999771118164,13.0,19644,0.0,0.0,0.0
2025-06-05 04:35:00+00:00,13.0,13.0,13.0,13.0,3004,0.0,0.0,0.0
2025-06-05 04:40:00+00:00,13.0,13.010000228881836,13.0,13.0,6310,0.0,0.0,0.0
2025-06-05 04:45:00+00:00,13.0,13.0,13.0,13.0,23420,0.0,0.0,0.0
2025-06-05 04:50:00+00:00,13.0,13.010000228881836,13.0,13.0,16115,0.0,0.0,0.0
2025-06-05 04:55:00+00:00,13.0,13.0,13.0,13.0,2240,0.0,0.0,0.0
2025-06-05 05:00:00+00:00,12.989999771118164,12.989999771118164,12.989999771118164,12.989999771118164,41220,0.0,0.0,0.0
2025-06-05 05:05:00+00:00,12.989999771118164,12.989999771118164,12.979999542236328,12.979999542236328,54238,0.0,0.0,0.0
2025-06-05 05:10:00+00:00,12.979999542236328,12.989999771118164,12.979999542236328,12.989999771118164,154074,0.0,0.0,0.0
2025-06-05 05:15:00+00:00,12.989999771118164,13.0,12.989999771118164,13.0,19183,0.0,0.0,0.0
2025-06-05 05:20:00+00:00,13.0,13.0,12.989999771118164,13.0,12314,0.0,0.0,0.0
2025-06-06 01:00:00+00:00,13.0,13.0,12.960000038146973,12.970000267028809,0,0.0,0.0,0.0
2025-06-06 01:05:00+00:00,12.979999542236328,13.0,12.979999542236328,13.0,16843,0.0,0.0,0.0
2025-06-06 01:10:00+00:00,12.989999771118164,13.010000228881836,12.989999771118164,13.010000228881836,32389,0.0,0.0,0.0
2025-06-06 01:15:00+00:00,13.010000228881836,13.020000457763672,13.010000228881836,13.020000457763672,26632,0.0,0.0,0.0
2025-06-06 01:20:00+00:00,13.020000457763672,13.020000457763672,13.0,13.0,24733,0.0,0.0,0.0
2025-06-06 01:25:00+00:00,13.010000228881836,13.010000228881836,13.0,13.010000228881836,34387,0.0,0.0,0.0
2025-06-06 01:30:00+00:00,13.0,13.0,12.989999771118164,13.0,25650,0.0,0.0,0.0
2025-06-06 01:35:00+00:00,13.0,13.0,13.0,13.0,113108,0.0,0.0,0.0
2025-06-06 01:40:00+00:00,12.989999771118164,12.989999771118164,12.979999542236328,12.989999771118164,40958,0.0,0.0,0.0
2025-06-06 01:45:00+00:00,12.989999771118164,12.989999771118164,12.970000267028809,12.979999542236328,11260,0.0,0.0,0.0
2025-06-06 01:50:00+00:00,12.979999542236328,12.979999542236328,12.970000267028809,12.970000267028809,24468,0.0,0.0,0.0
2025-06-06 01:55:00+00:00,12.979999542236328,12.979999542236328,12.970000267028809,12.970000267028809,17410,0.0,0.0,0.0
2025-06-06 02:00:00+00:00,12.970000267028809,12.970000267028809,12.970000267028809,12.970000267028809,6174,0.0,0.0,0.0
2025-06-06 02:05:00+00:00,12.970000267028809,12.970000267028809,12.960000038146973,12.960000038146973,72886,0.0,0.0,0.0
2025-06-06 02:10:00+00:00,12.960000038146973,12.960000038146973,12.960000038146973,12.960000038146973,9913,0.0,0.0,0.0
2025-06-06 02:15:00+00:00,12.970000267028809,12.970000267028809,12.960000038146973,12.970000267028809,11274,0.0,0.0,0.0
2025-06-06 02:20:00+00:00,12.970000267028809,12.970000267028809,12.970000267028809,12.970000267028809,9127,0.0,0.0,0.0
2025-06-06 02:25:00+00:00,12.970000267028809,12.970000267028809,12.970000267028809,12.970000267028809,14140,0.0,0.0,0.0
2025-06-06 02:30:00+00:00,12.979999542236328,12.979999542236328,12.979999542236328,12.979999542236328,16169,0.0,0.0,0.0
2025-06-06 02:35:00+00:00,12.979999542236328,12.979999542236328,12.970000267028809,12.979999542236328,10343,0.0,0.0,0.0
2025-06-06 02:40:00+00:00,12.979999542236328,12.979999542236328,12.979999542236328,12.979999542236328,28189,0.0,0.0,0.0
2025-06-06 02:45:00+00:00,12.989999771118164,12.989999771118164,12.979999542236328,12.989999771118164,16683,0.0,0.0,0.0
2025-06-06 02:50:00+00:00,12.989999771118164,12.989999771118164,12.989999771118164,12.989999771118164,3019,0.0,0.0,0.0
2025-06-06 02:55:00+00:00,12.989999771118164,12.989999771118164,12.989999771118164,12.989999771118164,4538,0.0,0.0,0.0
2025-06-06 03:00:00+00:00,12.989999771118164,12.989999771118164,12.979999542236328,12.979999542236328,16538,0.0,0.0,0.0
2025-06-06 03:05:00+00:00,12.979999542236328,12.979999542236328,12.970000267028809,12.970000267028809,19161,0.0,0.0,0.0
2025-06-06 03:10:00+00:00,12.970000267028809,12.970000267028809,12.960000038146973,12.970000267028809,5048,0.0,0.0,0.0
2025-06-06 03:15:00+00:00,12.970000267028809,12.970000267028809,12.960000038146973,12.960000038146973,98045,0.0,0.0,0.0
2025-06-06 03:20:00+00:00,12.960000038146973,12.979999542236328,12.960000038146973,12.979999542236328,48957,0.0,0.0,0.0
2025-06-06 03:25:00+00:00,12.979999542236328,12.989999771118164,12.979999542236328,12.979999542236328,11280,0.0,0.0,0.0
2025-06-06 03:30:00+00:00,12.989999771118164,12.989999771118164,12.960000038146973,12.960000038146973,29111,0.0,0.0,0.0
2025-06-06 03:35:00+00:00,12.970000267028809,12.970000267028809,12.970000267028809,12.970000267028809,5010,0.0,0.0,0.0
2025-06-06 03:40:00+00:00,12.979999542236328,12.979999542236328,12.979999542236328,12.979999542236328,1226,0.0,0.0,0.0
2025-06-06 03:45:00+00:00,12.970000267028809,12.979999542236328,12.970000267028809,12.979999542236328,3868,0.0,0.0,0.0
2025-06-06 03:50:00+00:00,12.979999542236328,12.979999542236328,12.970000267028809,12.970000267028809,3005,0.0,0.0,0.0
2025-06-06 03:55:00+00:00,12.970000267028809,12.970000267028809,12.970000267028809,12.970000267028809,7043,0.0,0.0,0.0
2025-06-06 04:00:00+00:00,12.970000267028809,12.979999542236328,12.960000038146973,12.960000038146973,10355,0.0,0.0,0.0
2025-06-06 04:05:00+00:00,12.970000267028809,12.970000267028809,12.970000267028809,12.970000267028809,2741,0.0,0.0,0.0
2025-06-06 04:10:00+00:00,12.960000038146973,12.970000267028809,12.960000038146973,12.970000267028809,13069,0.0,0.0,0.0
2025-06-06 04:15:00+00:00,12.970000267028809,12.970000267028809,12.970000267028809,12.970000267028809,4755,0.0,0.0,0.0
2025-06-06 04:20:00+00:00,12.970000267028809,12.970000267028809,12.960000038146973,12.960000038146973,8459,0.0,0.0,0.0
2025-06-06 04:25:00+00:00,12.970000267028809,12.970000267028809,12.970000267028809,12.970000267028809,7568,0.0,0.0,0.0
2025-06-06 04:30:00+00:00,12.970000267028809,12.970000267028809,12.960000038146973,12.970000267028809,17520,0.0,0.0,0.0
2025-06-06 04:35:00+00:00,12.960000038146973,12.970000267028809,12.960000038146973,12.970000267028809,5537,0.0,0.0,0.0
2025-06-06 04:40:00+00:00,12.970000267028809,12.970000267028809,12.960000038146973,12.960000038146973,14620,0.0,0.0,0.0
2025-06-06 04:45:00+00:00,12.960000038146973,12.970000267028809,12.960000038146973,12.960000038146973,22744,0.0,0.0,0.0
2025-06-06 04:50:00+00:00,12.970000267028809,12.970000267028809,12.960000038146973,12.960000038146973,7437,0.0,0.0,0.0
2025-06-06 04:55:00+00:00,12.970000267028809,12.970000267028809,12.970000267028809,12.970000267028809,5110,0.0,0.0,0.0
2025-06-06 05:00:00+00:00,12.970000267028809,12.970000267028809,12.970000267028809,12.970000267028809,6167,0.0,0.0,0.0
2025-06-06 05:05:00+00:00,12.979999542236328,12.979999542236328,12.970000267028809,12.970000267028809,19183,0.0,0.0,0.0
2025-06-06 05:10:00+00:00,12.979999542236328,12.979999542236328,12.979999542236328,12.979999542236328,3569,0.0,0.0,0.0
2025-06-06 05:15:00+00:00,12.979999542236328,12.989999771118164,12.979999542236328,12.989999771118164,31212,0.0,0.0,0.0
2025-06-06 05:20:00+00:00,12.979999542236328,12.979999542236328,12.979999542236328,12.979999542236328,8252,0.0,0.0,0.0
2025-06-09 01:00:00+00:00,13.039999961853027,13.079999923706055,13.039999961853027,13.069999694824219,0,0.0,0.0,0.0
2025-06-09 01:05:00+00:00,13.069999694824219,13.069999694824219,13.0600004196167,13.069999694824219,33633,0.0,0.0,0.0
2025-06-09 01:10:00+00:00,13.069999694824219,13.069999694824219,13.0600004196167,13.069999694824219,115117,0.0,0.0,0.0
2025-06-09 01:15:00+00:00,13.069999694824219,13.069999694824219,13.050000190734863,13.069999694824219,136433,0.0,0.0,0.0
2025-06-09 01:20:00+00:00,13.069999694824219,13.069999694824219,13.0600004196167,13.0600004196167,40669,0.0,0.0,0.0
2025-06-09 01:25:00+00:00,13.0600004196167,13.069999694824219,13.039999961853027,13.039999961853027,43668,0.0,0.0,0.0
2025-06-09 01:30:00+00:00,13.050000190734863,13.050000190734863,13.029999732971191,13.039999961853027,23894,0.0,0.0,0.0
2025-06-09 01:35:00+00:00,13.020000457763672,13.029999732971191,13.010000228881836,13.010000228881836,187730,0.0,0.0,0.0
2025-06-09 01:40:00+00:00,13.029999732971191,13.029999732971191,13.029999732971191,13.029999732971191,5028,0.0,0.0,0.0
2025-06-09 01:45:00+00:00,13.029999732971191,13.029999732971191,13.020000457763672,13.020000457763672,7043,0.0,0.0,0.0
2025-06-09 01:50:00+00:00,13.029999732971191,13.029999732971191,13.010000228881836,13.010000228881836,15606,0.0,0.0,0.0
2025-06-09 01:55:00+00:00,13.010000228881836,13.020000457763672,13.010000228881836,13.020000457763672,25641,0.0,0.0,0.0
2025-06-09 02:00:00+00:00,13.029999732971191,13.029999732971191,13.010000228881836,13.010000228881836,4193,0.0,0.0,0.0
2025-06-09 02:05:00+00:00,13.020000457763672,13.029999732971191,13.020000457763672,13.029999732971191,24531,0.0,0.0,0.0
2025-06-09 02:10:00+00:00,13.020000457763672,13.020000457763672,13.020000457763672,13.020000457763672,12436,0.0,0.0,0.0
2025-06-09 02:15:00+00:00,13.020000457763672,13.020000457763672,13.020000457763672,13.020000457763672,9652,0.0,0.0,0.0
2025-06-09 02:20:00+00:00,13.020000457763672,13.020000457763672,13.020000457763672,13.020000457763672,1328,0.0,0.0,0.0
2025-06-09 02:25:00+00:00,13.010000228881836,13.010000228881836,13.010000228881836,13.010000228881836,5038,0.0,0.0,0.0
2025-06-09 02:30:00+00:00,13.020000457763672,13.020000457763672,13.010000228881836,13.010000228881836,37284,0.0,0.0,0.0
2025-06-09 02:35:00+00:00,13.020000457763672,13.029999732971191,13.020000457763672,13.029999732971191,134186,0.0,0.0,0.0
2025-06-09 02:40:00+00:00,13.039999961853027,13.039999961853027,13.039999961853027,13.039999961853027,10805,0.0,0.0,0.0
2025-06-09 02:45:00+00:00,13.039999961853027,13.039999961853027,13.029999732971191,13.039999961853027,176698,0.0,0.0,0.0
2025-06-09 02:50:00+00:00,13.039999961853027,13.039999961853027,13.039999961853027,13.039999961853027,1047,0.0,0.0,0.0
2025-06-09 02:55:00+00:00,13.029999732971191,13.039999961853027,13.029999732971191,13.039999961853027,23407,0.0,0.0,0.0
2025-06-09 03:00:00+00:00,13.050000190734863,13.050000190734863,13.029999732971191,13.050000190734863,167210,0.0,0.0,0.0
2025-06-09 03:05:00+00:00,13.0600004196167,13.0600004196167,13.050000190734863,13.050000190734863,9750,0.0,0.0,0.0
2025-06-09 03:10:00+00:00,13.050000190734863,13.050000190734863,13.029999732971191,13.050000190734863,60137,0.0,0.0,0.0
2025-06-09 03:15:00+00:00,13.0600004196167,13.0600004196167,13.050000190734863,13.050000190734863,0,0.0,0.0,0.0
2025-06-09 03:20:00+00:00,13.050000190734863,13.050000190734863,13.039999961853027,13.039999961853027,1499590,0.0,0.0,0.0
2025-06-09 03:25:00+00:00,13.029999732971191,13.029999732971191,13.029999732971191,13.029999732971191,10017,0.0,0.0,0.0
2025-06-09 03:30:00+00:00,13.039999961853027,13.039999961853027,13.039999961853027,13.039999961853027,4448,0.0,0.0,0.0
2025-06-09 03:35:00+00:00,13.020000457763672,13.039999961853027,13.020000457763672,13.039999961853027,16484,0.0,0.0,0.0
2025-06-09 03:40:00+00:00,13.039999961853027,13.039999961853027,13.039999961853027,13.039999961853027,1050,0.0,0.0,0.0
2025-06-09 03:45:00+00:00,13.039999961853027,13.039999961853027,13.020000457763672,13.039999961853027,34042,0.0,0.0,0.0
2025-06-09 03:50:00+00:00,13.029999732971191,13.039999961853027,13.029999732971191,13.029999732971191,69549,0.0,0.0,0.0
2025-06-09 03:55:00+00:00,13.029999732971191,13.039999961853027,13.029999732971191,13.039999961853027,26550,0.0,0.0,0.0
2025-06-09 04:00:00+00:00,13.039999961853027,13.050000190734863,13.039999961853027,13.050000190734863,63379,0.0,0.0,0.0
2025-06-09 04:05:00+00:00,13.050000190734863,13.050000190734863,13.050000190734863,13.050000190734863,11540,0.0,0.0,0.0
2025-06-09 04:10:00+00:00,13.050000190734863,13.050000190734863,13.050000190734863,13.050000190734863,1008,0.0,0.0,0.0
2025-06-09 04:15:00+00:00,13.050000190734863,13.050000190734863,13.039999961853027,13.039999961853027,9824,0.0,0.0,0.0
2025-06-09 04:20:00+00:00,13.039999961853027,13.039999961853027,13.039999961853027,13.039999961853027,8372,0.0,0.0,0.0
2025-06-09 04:25:00+00:00,13.039999961853027,13.039999961853027,13.039999961853027,13.039999961853027,2016,0.0,0.0,0.0
2025-06-09 04:30:00+00:00,13.039999961853027,13.039999961853027,13.029999732971191,13.029999732971191,31562,0.0,0.0,0.0
2025-06-09 04:35:00+00:00,13.039999961853027,13.039999961853027,13.039999961853027,13.039999961853027,63301,0.0,0.0,0.0
2025-06-09 04:40:00+00:00,13.039999961853027,13.039999961853027,13.039999961853027,13.039999961853027,10510,0.0,0.0,0.0
2025-06-09 04:45:00+00:00,13.039999961853027,13.050000190734863,13.029999732971191,13.050000190734863,23925,0.0,0.0,0.0
2025-06-09 04:50:00+00:00,13.050000190734863,13.050000190734863,13.039999961853027,13.039999961853027,27213,0.0,0.0,0.0
2025-06-09 04:55:00+00:00,13.029999732971191,13.039999961853027,13.029999732971191,13.029999732971191,12010,0.0,0.0,0.0
2025-06-09 05:00:00+00:00,13.039999961853027,13.039999961853027,13.039999961853027,13.039999961853027,3252,0.0,0.0,0.0
2025-06-09 05:05:00+00:00,13.039999961853027,13.039999961853027,13.039999961853027,13.039999961853027,18275,0.0,0.0,0.0
2025-06-09 05:10:00+00:00,13.029999732971191,13.039999961853027,13.029999732971191,13.039999961853027,4863,0.0,0.0,0.0
2025-06-09 05:15:00+00:00,13.039999961853027,13.039999961853027,13.029999732971191,13.029999732971191,29676,0.0,0.0,0.0
2025-06-09 05:20:00+00:00,13.029999732971191,13.039999961853027,13.029999732971191,13.029999732971191,25368,0.0,0.0,0.0
2025-06-10 01:00:00+00:00,13.109999656677246,13.140000343322754,13.109999656677246,13.130000114440918,0,0.0,0.0,0.0
2025-06-10 01:05:00+00:00,13.130000114440918,13.149999618530273,13.130000114440918,13.140000343322754,260000,0.0,0.0,0.0
2025-06-10 01:10:00+00:00,13.140000343322754,13.149999618530273,13.140000343322754,13.149999618530273,115485,0.0,0.0,0.0
2025-06-10 01:15:00+00:00,13.140000343322754,13.149999618530273,13.140000343322754,13.149999618530273,58203,0.0,0.0,0.0
2025-06-10 01:20:00+00:00,13.149999618530273,13.15999984741211,13.140000343322754,13.15999984741211,216655,0.0,0.0,0.0
2025-06-10 01:25:00+00:00,13.15999984741211,13.180000305175781,13.15999984741211,13.180000305175781,236972,0.0,0.0,0.0
2025-06-10 01:30:00+00:00,13.1899995803833,13.210000038146973,13.1899995803833,13.210000038146973,166456,0.0,0.0,0.0
2025-06-10 01:35:00+00:00,13.210000038146973,13.220000267028809,13.199999809265137,13.210000038146973,122750,0.0,0.0,0.0
2025-06-10 01:40:00+00:00,13.210000038146973,13.229999542236328,13.210000038146973,13.220000267028809,175887,0.0,0.0,0.0
2025-06-10 01:45:00+00:00,13.229999542236328,13.239999771118164,13.229999542236328,13.239999771118164,193309,0.0,0.0,0.0
2025-06-10 01:50:00+00:00,13.239999771118164,13.25,13.239999771118164,13.239999771118164,181334,0.0,0.0,0.0
2025-06-10 01:55:00+00:00,13.239999771118164,13.260000228881836,13.239999771118164,13.239999771118164,322899,0.0,0.0,0.0
2025-06-10 02:00:00+00:00,13.260000228881836,13.260000228881836,13.239999771118164,13.239999771118164,40667,0.0,0.0,0.0
2025-06-10 02:05:00+00:00,13.239999771118164,13.239999771118164,13.220000267028809,13.229999542236328,217103,0.0,0.0,0.0
2025-06-10 02:10:00+00:00,13.229999542236328,13.239999771118164,13.229999542236328,13.229999542236328,143310,0.0,0.0,0.0
2025-06-10 02:15:00+00:00,13.229999542236328,13.25,13.229999542236328,13.25,135655,0.0,0.0,0.0
2025-06-10 02:20:00+00:00,13.25,13.260000228881836,13.239999771118164,13.25,319025,0.0,0.0,0.0
2025-06-10 02:25:00+00:00,13.25,13.260000228881836,13.25,13.260000228881836,117563,0.0,0.0,0.0
2025-06-10 02:30:00+00:00,13.260000228881836,13.260000228881836,13.25,13.260000228881836,52087,0.0,0.0,0.0
2025-06-10 02:35:00+00:00,13.260000228881836,13.260000228881836,13.25,13.260000228881836,104385,0.0,0.0,0.0
2025-06-10 02:40:00+00:00,13.260000228881836,13.279999732971191,13.25,13.270000457763672,176386,0.0,0.0,0.0
2025-06-10 02:45:00+00:00,13.270000457763672,13.279999732971191,13.270000457763672,13.270000457763672,95526,0.0,0.0,0.0
2025-06-10 02:50:00+00:00,13.270000457763672,13.289999961853027,13.270000457763672,13.279999732971191,114200,0.0,0.0,0.0
2025-06-10 02:55:00+00:00,13.279999732971191,13.279999732971191,13.279999732971191,13.279999732971191,7119,0.0,0.0,0.0
2025-06-10 03:00:00+00:00,13.279999732971191,13.279999732971191,13.279999732971191,13.279999732971191,116373,0.0,0.0,0.0
2025-06-10 03:05:00+00:00,13.279999732971191,13.289999961853027,13.279999732971191,13.279999732971191,21651,0.0,0.0,0.0
2025-06-10 03:10:00+00:00,13.279999732971191,13.300000190734863,13.279999732971191,13.289999961853027,150662,0.0,0.0,0.0
2025-06-10 03:15:00+00:00,13.279999732971191,13.279999732971191,13.279999732971191,13.279999732971191,6219,0.0,0.0,0.0
2025-06-10 03:20:00+00:00,13.300000190734863,13.300000190734863,13.300000190734863,13.300000190734863,58123,0.0,0.0,0.0
2025-06-10 03:25:00+00:00,13.300000190734863,13.300000190734863,13.289999961853027,13.300000190734863,14250,0.0,0.0,0.0
2025-06-10 03:30:00+00:00,13.300000190734863,13.300000190734863,13.289999961853027,13.300000190734863,16827,0.0,0.0,0.0
2025-06-10 03:35:00+00:00,13.289999961853027,13.300000190734863,13.279999732971191,13.300000190734863,86606,0.0,0.0,0.0
2025-06-10 03:40:00+00:00,13.300000190734863,13.300000190734863,13.289999961853027,13.300000190734863,19804,0.0,0.0,0.0
2025-06-10 03:45:00+00:00,13.300000190734863,13.300000190734863,13.289999961853027,13.300000190734863,428060,0.0,0.0,0.0
2025-06-10 03:50:00+00:00,13.300000190734863,13.3100004196167,13.289999961853027,13.300000190734863,13979,0.0,0.0,0.0
2025-06-10 03:55:00+00:00,13.289999961853027,13.300000190734863,13.289999961853027,13.300000190734863,66057,0.0,0.0,0.0
2025-06-10 04:00:00+00:00,13.300000190734863,13.3100004196167,13.300000190734863,13.300000190734863,1009548,0.0,0.0,0.0
2025-06-10 04:05:00+00:00,13.300000190734863,13.3100004196167,13.300000190734863,13.300000190734863,23368,0.0,0.0,0.0
2025-06-10 04:10:00+00:00,13.3100004196167,13.3100004196167,13.300000190734863,13.300000190734863,52378,0.0,0.0,0.0
2025-06-10 04:15:00+00:00,13.300000190734863,13.3100004196167,13.300000190734863,13.3100004196167,54057,0.0,0.0,0.0
2025-06-10 04:20:00+00:00,13.3100004196167,13.3100004196167,13.300000190734863,13.300000190734863,57238,0.0,0.0,0.0
2025-06-10 04:25:00+00:00,13.300000190734863,13.300000190734863,13.300000190734863,13.300000190734863,49312,0.0,0.0,0.0
2025-06-10 04:30:00+00:00,13.3100004196167,13.3100004196167,13.300000190734863,13.300000190734863,11720,0.0,0.0,0.0
2025-06-10 04:35:00+00:00,13.289999961853027,13.300000190734863,13.289999961853027,13.300000190734863,81011,0.0,0.0,0.0
2025-06-10 04:40:00+00:00,13.300000190734863,13.3100004196167,13.300000190734863,13.300000190734863,115845,0.0,0.0,0.0
2025-06-10 04:45:00+00:00,13.300000190734863,13.3100004196167,13.300000190734863,13.3100004196167,20020,0.0,0.0,0.0
2025-06-10 04:50:00+00:00,13.300000190734863,13.3100004196167,13.300000190734863,13.300000190734863,50705,0.0,0.0,0.0
2025-06-10 04:55:00+00:00,13.3100004196167,13.319999694824219,13.3100004196167,13.319999694824219,433120,0.0,0.0,0.0
2025-06-10 05:00:00+00:00,13.319999694824219,13.319999694824219,13.319999694824219,13.319999694824219,94270,0.0,0.0,0.0
2025-06-10 05:05:00+00:00,13.319999694824219,13.319999694824219,13.3100004196167,13.3100004196167,105239,0.0,0.0,0.0
2025-06-10 05:10:00+00:00,13.3100004196167,13.3100004196167,13.3100004196167,13.3100004196167,36655,0.0,0.0,0.0
2025-06-10 05:15:00+00:00,13.319999694824219,13.319999694824219,13.3100004196167,13.3100004196167,119263,0.0,0.0,0.0
2025-06-10 05:20:00+00:00,13.3100004196167,13.3100004196167,13.3100004196167,13.3100004196167,132732,0.0,0.0,0.0
2025-06-11 01:00:00+00:00,13.399999618530273,13.40999984741211,13.399999618530273,13.40999984741211,0,0.0,0.0,0.0
2025-06-11 01:05:00+00:00,13.399999618530273,13.40999984741211,13.390000343322754,13.390000343322754,169021,0.0,0.0,0.0
2025-06-11 01:10:00+00:00,13.390000343322754,13.390000343322754,13.380000114440918,13.380000114440918,50658,0.0,0.0,0.0
2025-06-11 01:15:00+00:00,13.380000114440918,13.399999618530273,13.380000114440918,13.399999618530273,218720,0.0,0.0,0.0
2025-06-11 01:20:00+00:00,13.399999618530273,13.399999618530273,13.399999618530273,13.399999618530273,46539,0.0,0.0,0.0
2025-06-11 01:25:00+00:00,13.399999618530273,13.40999984741211,13.399999618530273,13.399999618530273,74630,0.0,0.0,0.0
2025-06-11 01:30:00+00:00,13.399999618530273,13.40999984741211,13.399999618530273,13.399999618530273,102487,0.0,0.0,0.0
2025-06-11 01:35:00+00:00,13.399999618530273,13.399999618530273,13.399999618530273,13.399999618530273,141028,0.0,0.0,0.0
2025-06-11 01:40:00+00:00,13.399999618530273,13.399999618530273,13.390000343322754,13.399999618530273,406138,0.0,0.0,0.0
2025-06-11 01:45:00+00:00,13.399999618530273,13.40999984741211,13.399999618530273,13.40999984741211,409025,0.0,0.0,0.0
2025-06-11 01:50:00+00:00,13.40999984741211,13.40999984741211,13.399999618530273,13.399999618530273,65133,0.0,0.0,0.0
2025-06-11 01:55:00+00:00,13.40999984741211,13.40999984741211,13.399999618530273,13.40999984741211,115704,0.0,0.0,0.0
2025-06-11 02:00:00+00:00,13.40999984741211,13.40999984741211,13.399999618530273,13.399999618530273,56455,0.0,0.0,0.0
2025-06-11 02:05:00+00:00,13.399999618530273,13.399999618530273,13.380000114440918,13.380000114440918,90318,0.0,0.0,0.0
2025-06-11 02:10:00+00:00,13.380000114440918,13.399999618530273,13.380000114440918,13.399999618530273,21629,0.0,0.0,0.0
2025-06-11 02:15:00+00:00,13.399999618530273,13.399999618530273,13.380000114440918,13.380000114440918,45338,0.0,0.0,0.0
2025-06-11 02:20:00+00:00,13.380000114440918,13.380000114440918,13.369999885559082,13.380000114440918,85032,0.0,0.0,0.0
2025-06-11 02:25:00+00:00,13.369999885559082,13.380000114440918,13.369999885559082,13.380000114440918,39266,0.0,0.0,0.0
2025-06-11 02:30:00+00:00,13.369999885559082,13.380000114440918,13.369999885559082,13.380000114440918,46953,0.0,0.0,0.0
2025-06-11 02:35:00+00:00,13.380000114440918,13.380000114440918,13.369999885559082,13.369999885559082,60210,0.0,0.0,0.0
2025-06-11 02:40:00+00:00,13.380000114440918,13.380000114440918,13.380000114440918,13.380000114440918,46297,0.0,0.0,0.0
2025-06-11 02:45:00+00:00,13.390000343322754,13.390000343322754,13.380000114440918,13.380000114440918,8965,0.0,0.0,0.0
2025-06-11 02:50:00+00:00,13.380000114440918,13.390000343322754,13.380000114440918,13.390000343322754,13034,0.0,0.0,0.0
2025-06-11 02:55:00+00:00,13.390000343322754,13.390000343322754,13.380000114440918,13.380000114440918,52020,0.0,0.0,0.0
2025-06-11 03:00:00+00:00,13.390000343322754,13.390000343322754,13.390000343322754,13.390000343322754,12024,0.0,0.0,0.0
2025-06-11 03:05:00+00:00,13.390000343322754,13.399999618530273,13.390000343322754,13.399999618530273,273234,0.0,0.0,0.0
2025-06-11 03:10:00+00:00,13.399999618530273,13.399999618530273,13.399999618530273,13.399999618530273,7253,0.0,0.0,0.0
2025-06-11 03:15:00+00:00,13.399999618530273,13.399999618530273,13.390000343322754,13.399999618530273,79857,0.0,0.0,0.0
2025-06-11 03:20:00+00:00,13.399999618530273,13.420000076293945,13.399999618530273,13.420000076293945,100538,0.0,0.0,0.0
2025-06-11 03:25:00+00:00,13.420000076293945,13.430000305175781,13.420000076293945,13.420000076293945,537480,0.0,0.0,0.0
2025-06-11 03:30:00+00:00,13.420000076293945,13.430000305175781,13.420000076293945,13.420000076293945,664660,0.0,0.0,0.0
2025-06-11 03:35:00+00:00,13.420000076293945,13.430000305175781,13.420000076293945,13.420000076293945,15019,0.0,0.0,0.0
2025-06-11 03:40:00+00:00,13.420000076293945,13.430000305175781,13.420000076293945,13.430000305175781,35543,0.0,0.0,0.0
2025-06-11 03:45:00+00:00,13.430000305175781,13.430000305175781,13.420000076293945,13.430000305175781,16102,0.0,0.0,0.0
2025-06-11 03:50:00+00:00,13.430000305175781,13.430000305175781,13.420000076293945,13.420000076293945,15094,0.0,0.0,0.0
2025-06-11 03:55:00+00:00,13.430000305175781,13.430000305175781,13.420000076293945,13.420000076293945,54862,0.0,0.0,0.0
2025-06-11 04:00:00+00:00,13.430000305175781,13.430000305175781,13.40999984741211,13.40999984741211,22351,0.0,0.0,0.0
2025-06-11 04:05:00+00:00,13.420000076293945,13.420000076293945,13.420000076293945,13.420000076293945,11319,0.0,0.0,0.0
2025-06-11 04:10:00+00:00,13.420000076293945,13.430000305175781,13.420000076293945,13.420000076293945,31010,0.0,0.0,0.0
2025-06-11 04:15:00+00:00,13.420000076293945,13.430000305175781,13.420000076293945,13.420000076293945,34635,0.0,0.0,0.0
2025-06-11 04:20:00+00:00,13.420000076293945,13.420000076293945,13.420000076293945,13.420000076293945,20097,0.0,0.0,0.0
2025-06-11 04:25:00+00:00,13.420000076293945,13.430000305175781,13.420000076293945,13.430000305175781,52849,0.0,0.0,0.0
2025-06-11 04:30:00+00:00,13.430000305175781,13.430000305175781,13.420000076293945,13.420000076293945,45903,0.0,0.0,0.0
2025-06-11 04:35:00+00:00,13.430000305175781,13.430000305175781,13.420000076293945,13.420000076293945,37685,0.0,0.0,0.0
2025-06-11 04:40:00+00:00,13.430000305175781,13.430000305175781,13.420000076293945,13.430000305175781,285585,0.0,0.0,0.0
2025-06-12 01:00:00+00:00,13.40999984741211,13.40999984741211,13.359999656677246,13.359999656677246,134000,0.0,0.0,0.0
2025-06-12 01:05:00+00:00,13.369999885559082,13.369999885559082,13.350000381469727,13.369999885559082,143654,0.0,0.0,0.0
2025-06-12 01:10:00+00:00,13.369999885559082,13.369999885559082,13.359999656677246,13.369999885559082,288420,0.0,0.0,0.0
2025-06-12 01:15:00+00:00,13.369999885559082,13.380000114440918,13.359999656677246,13.380000114440918,55446,0.0,0.0,0.0
2025-06-12 01:20:00+00:00,13.380000114440918,13.390000343322754,13.380000114440918,13.380000114440918,47325,0.0,0.0,0.0
2025-06-12 01:25:00+00:00,13.380000114440918,13.390000343322754,13.380000114440918,13.380000114440918,36356,0.0,0.0,0.0
2025-06-12 01:30:00+00:00,13.399999618530273,13.40999984741211,13.390000343322754,13.40999984741211,149334,0.0,0.0,0.0
2025-06-12 01:35:00+00:00,13.40999984741211,13.420000076293945,13.40999984741211,13.420000076293945,39572,0.0,0.0,0.0
2025-06-12 01:40:00+00:00,13.420000076293945,13.420000076293945,13.40999984741211,13.40999984741211,60142,0.0,0.0,0.0
2025-06-12 01:45:00+00:00,13.40999984741211,13.40999984741211,13.399999618530273,13.40999984741211,136023,0.0,0.0,0.0
2025-06-12 01:50:00+00:00,13.40999984741211,13.420000076293945,13.40999984741211,13.420000076293945,18131,0.0,0.0,0.0
2025-06-12 01:55:00+00:00,13.40999984741211,13.40999984741211,13.40999984741211,13.40999984741211,5539,0.0,0.0,0.0
2025-06-12 02:00:00+00:00,13.40999984741211,13.40999984741211,13.380000114440918,13.380000114440918,97120,0.0,0.0,0.0
2025-06-12 02:05:00+00:00,13.380000114440918,13.380000114440918,13.369999885559082,13.380000114440918,61056,0.0,0.0,0.0
2025-06-12 02:10:00+00:00,13.369999885559082,13.380000114440918,13.369999885559082,13.369999885559082,32141,0.0,0.0,0.0
2025-06-12 02:15:00+00:00,13.369999885559082,13.380000114440918,13.369999885559082,13.369999885559082,35820,0.0,0.0,0.0
2025-06-12 02:20:00+00:00,13.369999885559082,13.369999885559082,13.369999885559082,13.369999885559082,13042,0.0,0.0,0.0
2025-06-12 02:25:00+00:00,13.369999885559082,13.369999885559082,13.359999656677246,13.359999656677246,75789,0.0,0.0,0.0
2025-06-12 02:30:00+00:00,13.369999885559082,13.369999885559082,13.359999656677246,13.359999656677246,8068,0.0,0.0,0.0
2025-06-12 02:35:00+00:00,13.359999656677246,13.369999885559082,13.359999656677246,13.359999656677246,10230,0.0,0.0,0.0
2025-06-12 02:40:00+00:00,13.359999656677246,13.359999656677246,13.359999656677246,13.359999656677246,32341,0.0,0.0,0.0
2025-06-12 02:45:00+00:00,13.369999885559082,13.369999885559082,13.359999656677246,13.359999656677246,33633,0.0,0.0,0.0
2025-06-12 02:50:00+00:00,13.359999656677246,13.369999885559082,13.359999656677246,13.369999885559082,32512,0.0,0.0,0.0
2025-06-12 02:55:00+00:00,13.369999885559082,13.369999885559082,13.359999656677246,13.359999656677246,39623,0.0,0.0,0.0
2025-06-12 03:00:00+00:00,13.359999656677246,13.380000114440918,13.359999656677246,13.369999885559082,79766,0.0,0.0,0.0
2025-06-12 03:05:00+00:00,13.369999885559082,13.380000114440918,13.369999885559082,13.380000114440918,8419,0.0,0.0,0.0
2025-06-12 03:10:00+00:00,13.380000114440918,13.380000114440918,13.380000114440918,13.380000114440918,1344,0.0,0.0,0.0
2025-06-12 03:15:00+00:00,13.380000114440918,13.380000114440918,13.380000114440918,13.380000114440918,4432,0.0,0.0,0.0
2025-06-12 03:20:00+00:00,13.380000114440918,13.380000114440918,13.369999885559082,13.369999885559082,11108,0.0,0.0,0.0
2025-06-12 03:25:00+00:00,13.380000114440918,13.380000114440918,13.369999885559082,13.380000114440918,8824,0.0,0.0,0.0
2025-06-12 03:30:00+00:00,13.380000114440918,13.380000114440918,13.369999885559082,13.369999885559082,11010,0.0,0.0,0.0
2025-06-12 03:35:00+00:00,13.380000114440918,13.380000114440918,13.380000114440918,13.380000114440918,8199,0.0,0.0,0.0
2025-06-12 03:40:00+00:00,13.380000114440918,13.380000114440918,13.369999885559082,13.369999885559082,45837,0.0,0.0,0.0
2025-06-12 03:45:00+00:00,13.369999885559082,13.369999885559082,13.369999885559082,13.369999885559082,55110,0.0,0.0,0.0
2025-06-12 03:50:00+00:00,13.369999885559082,13.380000114440918,13.369999885559082,13.380000114440918,96908,0.0,0.0,0.0
2025-06-12 03:55:00+00:00,13.369999885559082,13.380000114440918,13.369999885559082,13.380000114440918,49016,0.0,0.0,0.0
2025-06-12 04:00:00+00:00,13.380000114440918,13.380000114440918,13.369999885559082,13.380000114440918,68032,0.0,0.0,0.0
2025-06-12 04:05:00+00:00,13.369999885559082,13.369999885559082,13.359999656677246,13.359999656677246,42130,0.0,0.0,0.0
2025-06-12 04:10:00+00:00,13.359999656677246,13.380000114440918,13.359999656677246,13.359999656677246,29627,0.0,0.0,0.0
2025-06-12 04:15:00+00:00,13.359999656677246,13.380000114440918,13.359999656677246,13.380000114440918,9341,0.0,0.0,0.0
2025-06-12 04:20:00+00:00,13.380000114440918,13.380000114440918,13.380000114440918,13.380000114440918,16564,0.0,0.0,0.0
2025-06-12 04:25:00+00:00,13.369999885559082,13.380000114440918,13.369999885559082,13.380000114440918,10011,0.0,0.0,0.0
2025-06-12 04:30:00+00:00,13.380000114440918,13.380000114440918,13.369999885559082,13.369999885559082,21154,0.0,0.0,0.0
2025-06-12 04:35:00+00:00,13.369999885559082,13.380000114440918,13.359999656677246,13.380000114440918,32048,0.0,0.0,0.0
2025-06-12 04:40:00+00:00,13.380000114440918,13.380000114440918,13.359999656677246,13.359999656677246,54328,0.0,0.0,0.0
2025-06-12 04:45:00+00:00,13.380000114440918,13.380000114440918,13.369999885559082,13.380000114440918,16095,0.0,0.0,0.0
2025-06-12 04:50:00+00:00,13.380000114440918,13.380000114440918,13.369999885559082,13.369999885559082,79391,0.0,0.0,0.0
2025-06-12 04:55:00+00:00,13.369999885559082,13.380000114440918,13.369999885559082,13.380000114440918,24160,0.0,0.0,0.0
2025-06-12 05:00:00+00:00,13.369999885559082,13.380000114440918,13.369999885559082,13.369999885559082,23570,0.0,0.0,0.0
2025-06-12 05:05:00+00:00,13.380000114440918,13.380000114440918,13.380000114440918,13.380000114440918,1110,0.0,0.0,0.0
2025-06-12 05:10:00+00:00,13.369999885559082,13.380000114440918,13.369999885559082,13.380000114440918,22192,0.0,0.0,0.0
2025-06-12 05:15:00+00:00,13.380000114440918,13.380000114440918,13.369999885559082,13.369999885559082,85196,0.0,0.0,0.0
2025-06-12 05:20:00+00:00,13.369999885559082,13.380000114440918,13.369999885559082,13.369999885559082,95305,0.0,0.0,0.0
2025-06-13 01:00:00+00:00,13.289999961853027,13.289999961853027,13.270000457763672,13.289999961853027,0,0.0,0.0,0.0
2025-06-13 01:05:00+00:00,13.279999732971191,13.279999732971191,13.229999542236328,13.25,233179,0.0,0.0,0.0
2025-06-13 01:10:00+00:00,13.260000228881836,13.270000457763672,13.239999771118164,13.270000457763672,129599,0.0,0.0,0.0
2025-06-13 01:15:00+00:00,13.239999771118164,13.239999771118164,13.210000038146973,13.210000038146973,104160,0.0,0.0,0.0
2025-06-13 01:20:00+00:00,13.210000038146973,13.25,13.210000038146973,13.239999771118164,95512,0.0,0.0,0.0
2025-06-13 01:25:00+00:00,13.239999771118164,13.260000228881836,13.229999542236328,13.260000228881836,119233,0.0,0.0,0.0
2025-06-13 01:30:00+00:00,13.260000228881836,13.270000457763672,13.260000228881836,13.270000457763672,10292,0.0,0.0,0.0
2025-06-13 01:35:00+00:00,13.270000457763672,13.3100004196167,13.270000457763672,13.3100004196167,104774,0.0,0.0,0.0
2025-06-13 01:40:00+00:00,13.3100004196167,13.3100004196167,13.300000190734863,13.300000190734863,166924,0.0,0.0,0.0
2025-06-13 01:45:00+00:00,13.289999961853027,13.300000190734863,13.289999961853027,13.300000190734863,111627,0.0,0.0,0.0
2025-06-13 01:50:00+00:00,13.300000190734863,13.319999694824219,13.300000190734863,13.3100004196167,21892,0.0,0.0,0.0
2025-06-13 01:55:00+00:00,13.319999694824219,13.34000015258789,13.319999694824219,13.34000015258789,194552,0.0,0.0,0.0
2025-06-13 02:00:00+00:00,13.34000015258789,13.34000015258789,13.319999694824219,13.329999923706055,38507,0.0,0.0,0.0
2025-06-13 02:05:00+00:00,13.329999923706055,13.329999923706055,13.319999694824219,13.319999694824219,11075,0.0,0.0,0.0
2025-06-13 02:10:00+00:00,13.319999694824219,13.329999923706055,13.319999694824219,13.329999923706055,14549,0.0,0.0,0.0
2025-06-13 02:15:00+00:00,13.329999923706055,13.329999923706055,13.319999694824219,13.329999923706055,25148,0.0,0.0,0.0
2025-06-13 02:20:00+00:00,13.329999923706055,13.329999923706055,13.319999694824219,13.319999694824219,67771,0.0,0.0,0.0
2025-06-13 02:25:00+00:00,13.3100004196167,13.319999694824219,13.3100004196167,13.319999694824219,124257,0.0,0.0,0.0
2025-06-13 02:30:00+00:00,13.319999694824219,13.319999694824219,13.300000190734863,13.300000190734863,243622,0.0,0.0,0.0
2025-06-13 02:35:00+00:00,13.300000190734863,13.300000190734863,13.279999732971191,13.279999732971191,85359,0.0,0.0,0.0
2025-06-13 02:40:00+00:00,13.289999961853027,13.289999961853027,13.25,13.25,473860,0.0,0.0,0.0
2025-06-13 02:45:00+00:00,13.260000228881836,13.270000457763672,13.25,13.270000457763672,131047,0.0,0.0,0.0
2025-06-13 02:50:00+00:00,13.270000457763672,13.270000457763672,13.260000228881836,13.260000228881836,20335,0.0,0.0,0.0
2025-06-13 02:55:00+00:00,13.270000457763672,13.279999732971191,13.270000457763672,13.279999732971191,32333,0.0,0.0,0.0
2025-06-13 03:00:00+00:00,13.279999732971191,13.279999732971191,13.270000457763672,13.279999732971191,17707,0.0,0.0,0.0
2025-06-13 03:05:00+00:00,13.279999732971191,13.279999732971191,13.270000457763672,13.270000457763672,27651,0.0,0.0,0.0
2025-06-13 03:10:00+00:00,13.279999732971191,13.279999732971191,13.279999732971191,13.279999732971191,1043,0.0,0.0,0.0
2025-06-13 03:15:00+00:00,13.279999732971191,13.279999732971191,13.279999732971191,13.279999732971191,66159,0.0,0.0,0.0
2025-06-13 03:20:00+00:00,13.279999732971191,13.300000190734863,13.279999732971191,13.300000190734863,37053,0.0,0.0,0.0
2025-06-13 03:25:00+00:00,13.300000190734863,13.300000190734863,13.289999961853027,13.289999961853027,6149,0.0,0.0,0.0
2025-06-13 03:30:00+00:00,13.289999961853027,13.289999961853027,13.289999961853027,13.289999961853027,11102,0.0,0.0,0.0
2025-06-13 03:35:00+00:00,13.289999961853027,13.289999961853027,13.279999732971191,13.279999732971191,29445,0.0,0.0,0.0
2025-06-13 03:40:00+00:00,13.279999732971191,13.289999961853027,13.279999732971191,13.289999961853027,20234,0.0,0.0,0.0
2025-06-13 03:45:00+00:00,13.289999961853027,13.289999961853027,13.289999961853027,13.289999961853027,8049,0.0,0.0,0.0
2025-06-13 03:50:00+00:00,13.289999961853027,13.289999961853027,13.279999732971191,13.289999961853027,102524,0.0,0.0,0.0
2025-06-13 03:55:00+00:00,13.289999961853027,13.300000190734863,13.289999961853027,13.300000190734863,54764,0.0,0.0,0.0
2025-06-13 04:00:00+00:00,13.300000190734863,13.300000190734863,13.300000190734863,13.300000190734863,1070,0.0,0.0,0.0
2025-06-13 04:05:00+00:00,13.300000190734863,13.300000190734863,13.300000190734863,13.300000190734863,1158,0.0,0.0,0.0
2025-06-13 04:10:00+00:00,13.289999961853027,13.289999961853027,13.289999961853027,13.289999961853027,28051,0.0,0.0,0.0
2025-06-13 04:15:00+00:00,13.289999961853027,13.289999961853027,13.279999732971191,13.289999961853027,24085,0.0,0.0,0.0
2025-06-13 04:20:00+00:00,13.289999961853027,13.289999961853027,13.289999961853027,13.289999961853027,14187,0.0,0.0,0.0
2025-06-13 04:25:00+00:00,13.279999732971191,13.279999732971191,13.279999732971191,13.279999732971191,14034,0.0,0.0,0.0
2025-06-13 04:30:00+00:00,13.289999961853027,13.289999961853027,13.279999732971191,13.279999732971191,32032,0.0,0.0,0.0
2025-06-13 04:35:00+00:00,13.279999732971191,13.279999732971191,13.279999732971191,13.279999732971191,26122,0.0,0.0,0.0
2025-06-13 04:40:00+00:00,13.279999732971191,13.279999732971191,13.279999732971191,13.279999732971191,9010,0.0,0.0,0.0
2025-06-13 04:45:00+00:00,13.270000457763672,13.289999961853027,13.270000457763672,13.270000457763672,15478,0.0,0.0,0.0
2025-06-13 04:50:00+00:00,13.289999961853027,13.289999961853027,13.279999732971191,13.279999732971191,10246,0.0,0.0,0.0
2025-06-13 04:55:00+00:00,13.279999732971191,13.279999732971191,13.279999732971191,13.279999732971191,12294,0.0,0.0,0.0
2025-06-13 05:00:00+00:00,13.289999961853027,13.289999961853027,13.279999732971191,13.279999732971191,31380,0.0,0.0,0.0
2025-06-13 05:05:00+00:00,13.279999732971191,13.279999732971191,13.270000457763672,13.270000457763672,67424,0.0,0.0,0.0
2025-06-13 05:10:00+00:00,13.270000457763672,13.270000457763672,13.270000457763672,13.270000457763672,78761,0.0,0.0,0.0
2025-06-13 05:15:00+00:00,13.279999732971191,13.279999732971191,13.270000457763672,13.270000457763672,24044,0.0,0.0,0.0
2025-06-13 05:20:00+00:00,13.270000457763672,13.270000457763672,13.260000228881836,13.260000228881836,129872,0.0,0.0,0.0
2025-06-16 01:00:00+00:00,13.199999809265137,13.210000038146973,13.180000305175781,13.199999809265137,0,0.0,0.0,0.0
2025-06-16 01:05:00+00:00,13.199999809265137,13.220000267028809,13.1899995803833,13.220000267028809,401070,0.0,0.0,0.0
2025-06-16 01:10:00+00:00,13.220000267028809,13.25,13.220000267028809,13.229999542236328,78238,0.0,0.0,0.0
2025-06-16 01:15:00+00:00,13.25,13.25,13.220000267028809,13.220000267028809,147398,0.0,0.0,0.0
2025-06-16 01:20:00+00:00,13.220000267028809,13.229999542236328,13.210000038146973,13.210000038146973,45972,0.0,0.0,0.0
2025-06-16 01:25:00+00:00,13.229999542236328,13.229999542236328,13.220000267028809,13.220000267028809,3420,0.0,0.0,0.0
2025-06-16 01:30:00+00:00,13.220000267028809,13.220000267028809,13.210000038146973,13.210000038146973,17941,0.0,0.0,0.0
2025-06-16 01:35:00+00:00,13.220000267028809,13.220000267028809,13.220000267028809,13.220000267028809,11831,0.0,0.0,0.0
2025-06-16 01:40:00+00:00,13.220000267028809,13.229999542236328,13.220000267028809,13.229999542236328,65292,0.0,0.0,0.0
2025-06-16 01:45:00+00:00,13.239999771118164,13.239999771118164,13.220000267028809,13.220000267028809,133229,0.0,0.0,0.0
2025-06-16 01:50:00+00:00,13.220000267028809,13.220000267028809,13.210000038146973,13.220000267028809,62273,0.0,0.0,0.0
2025-06-16 01:55:00+00:00,13.220000267028809,13.239999771118164,13.220000267028809,13.239999771118164,12227,0.0,0.0,0.0
2025-06-16 02:00:00+00:00,13.239999771118164,13.239999771118164,13.210000038146973,13.229999542236328,18862,0.0,0.0,0.0
2025-06-16 02:05:00+00:00,13.229999542236328,13.229999542236328,13.229999542236328,13.229999542236328,3022,0.0,0.0,0.0
2025-06-16 02:10:00+00:00,13.229999542236328,13.239999771118164,13.220000267028809,13.239999771118164,16910,0.0,0.0,0.0
2025-06-16 02:15:00+00:00,13.239999771118164,13.239999771118164,13.220000267028809,13.239999771118164,28118,0.0,0.0,0.0
2025-06-16 02:20:00+00:00,13.239999771118164,13.239999771118164,13.229999542236328,13.229999542236328,9276,0.0,0.0,0.0
2025-06-16 02:25:00+00:00,13.229999542236328,13.229999542236328,13.199999809265137,13.210000038146973,485356,0.0,0.0,0.0
2025-06-16 02:30:00+00:00,13.210000038146973,13.220000267028809,13.210000038146973,13.210000038146973,10838,0.0,0.0,0.0
2025-06-16 02:35:00+00:00,13.210000038146973,13.210000038146973,13.210000038146973,13.210000038146973,21012,0.0,0.0,0.0
2025-06-16 02:40:00+00:00,13.210000038146973,13.210000038146973,13.199999809265137,13.199999809265137,25838,0.0,0.0,0.0
2025-06-16 02:45:00+00:00,13.199999809265137,13.210000038146973,13.1899995803833,13.199999809265137,16229,0.0,0.0,0.0
2025-06-16 02:50:00+00:00,13.199999809265137,13.210000038146973,13.199999809265137,13.210000038146973,24012,0.0,0.0,0.0
2025-06-16 02:55:00+00:00,13.210000038146973,13.210000038146973,13.210000038146973,13.210000038146973,11217,0.0,0.0,0.0
2025-06-16 03:00:00+00:00,13.210000038146973,13.220000267028809,13.199999809265137,13.220000267028809,8294,0.0,0.0,0.0
2025-06-16 03:05:00+00:00,13.220000267028809,13.220000267028809,13.220000267028809,13.220000267028809,14400,0.0,0.0,0.0
2025-06-16 03:10:00+00:00,13.220000267028809,13.220000267028809,13.210000038146973,13.220000267028809,8066,0.0,0.0,0.0
2025-06-16 03:15:00+00:00,13.239999771118164,13.239999771118164,13.239999771118164,13.239999771118164,3042,0.0,0.0,0.0
2025-06-16 03:20:00+00:00,13.229999542236328,13.229999542236328,13.210000038146973,13.229999542236328,5027,0.0,0.0,0.0
2025-06-16 03:25:00+00:00,13.229999542236328,13.229999542236328,13.220000267028809,13.220000267028809,8017,0.0,0.0,0.0
2025-06-16 03:30:00+00:00,13.220000267028809,13.220000267028809,13.220000267028809,13.220000267028809,5379,0.0,0.0,0.0
2025-06-16 03:35:00+00:00,13.220000267028809,13.229999542236328,13.220000267028809,13.229999542236328,34491,0.0,0.0,0.0
2025-06-16 03:40:00+00:00,13.229999542236328,13.229999542236328,13.220000267028809,13.220000267028809,35235,0.0,0.0,0.0
2025-06-16 03:45:00+00:00,13.239999771118164,13.239999771118164,13.220000267028809,13.229999542236328,10181,0.0,0.0,0.0
2025-06-16 03:50:00+00:00,13.229999542236328,13.25,13.210000038146973,13.25,101700,0.0,0.0,0.0
2025-06-16 03:55:00+00:00,13.25,13.25,13.25,13.25,30495,0.0,0.0,0.0
2025-06-16 04:00:00+00:00,13.25,13.25,13.239999771118164,13.25,62564,0.0,0.0,0.0
2025-06-16 04:05:00+00:00,13.25,13.25,13.239999771118164,13.25,10196,0.0,0.0,0.0
2025-06-16 04:10:00+00:00,13.25,13.25,13.25,13.25,4117,0.0,0.0,0.0
2025-06-16 04:15:00+00:00,13.25,13.25,13.239999771118164,13.25,15362,0.0,0.0,0.0
2025-06-16 04:20:00+00:00,13.25,13.25,13.229999542236328,13.229999542236328,21097,0.0,0.0,0.0
2025-06-16 04:25:00+00:00,13.239999771118164,13.239999771118164,13.229999542236328,13.229999542236328,6300,0.0,0.0,0.0
2025-06-16 04:30:00+00:00,13.239999771118164,13.239999771118164,13.239999771118164,13.239999771118164,4553,0.0,0.0,0.0
2025-06-16 04:35:00+00:00,13.239999771118164,13.239999771118164,13.239999771118164,13.239999771118164,7181,0.0,0.0,0.0
2025-06-16 04:40:00+00:00,13.229999542236328,13.229999542236328,13.229999542236328,13.229999542236328,3050,0.0,0.0,0.0
2025-06-16 04:45:00+00:00,13.229999542236328,13.239999771118164,13.229999542236328,13.229999542236328,20720,0.0,0.0,0.0
2025-06-16 04:50:00+00:00,13.229999542236328,13.239999771118164,13.229999542236328,13.239999771118164,26240,0.0,0.0,0.0
2025-06-16 04:55:00+00:00,13.239999771118164,13.239999771118164,13.239999771118164,13.239999771118164,8300,0.0,0.0,0.0
2025-06-16 05:00:00+00:00,13.239999771118164,13.239999771118164,13.239999771118164,13.239999771118164,43551,0.0,0.0,0.0
2025-06-16 05:05:00+00:00,13.25,13.270000457763672,13.25,13.270000457763672,153911,0.0,0.0,0.0
2025-06-16 05:10:00+00:00,13.270000457763672,13.270000457763672,13.270000457763672,13.270000457763672,47553,0.0,0.0,0.0
2025-06-16 05:15:00+00:00,13.270000457763672,13.270000457763672,13.260000228881836,13.260000228881836,23871,0.0,0.0,0.0
2025-06-16 05:20:00+00:00,13.270000457763672,13.270000457763672,13.260000228881836,13.270000457763672,537729,0.0,0.0,0.0
2025-06-17 01:00:00+00:00,13.380000114440918,13.40999984741211,13.380000114440918,13.40999984741211,0,0.0,0.0,0.0
2025-06-17 01:05:00+00:00,13.40999984741211,13.40999984741211,13.399999618530273,13.399999618530273,140000,0.0,0.0,0.0
2025-06-17 01:10:00+00:00,13.390000343322754,13.399999618530273,13.359999656677246,13.359999656677246,50123,0.0,0.0,0.0
2025-06-17 01:15:00+00:00,13.359999656677246,13.369999885559082,13.359999656677246,13.369999885559082,14567,0.0,0.0,0.0
2025-06-17 01:20:00+00:00,13.359999656677246,13.369999885559082,13.350000381469727,13.369999885559082,68610,0.0,0.0,0.0
2025-06-17 01:25:00+00:00,13.369999885559082,13.369999885559082,13.359999656677246,13.359999656677246,62044,0.0,0.0,0.0
2025-06-17 01:30:00+00:00,13.359999656677246,13.359999656677246,13.350000381469727,13.350000381469727,11807,0.0,0.0,0.0
2025-06-17 01:35:00+00:00,13.350000381469727,13.350000381469727,13.350000381469727,13.350000381469727,41256,0.0,0.0,0.0
2025-06-17 01:40:00+00:00,13.350000381469727,13.350000381469727,13.34000015258789,13.34000015258789,56114,0.0,0.0,0.0
2025-06-17 01:45:00+00:00,13.350000381469727,13.369999885559082,13.350000381469727,13.369999885559082,102102,0.0,0.0,0.0
2025-06-17 01:50:00+00:00,13.369999885559082,13.390000343322754,13.369999885559082,13.390000343322754,186237,0.0,0.0,0.0
2025-06-17 01:55:00+00:00,13.390000343322754,13.390000343322754,13.390000343322754,13.390000343322754,39593,0.0,0.0,0.0
2025-06-17 02:00:00+00:00,13.390000343322754,13.399999618530273,13.390000343322754,13.390000343322754,26142,0.0,0.0,0.0
2025-06-17 02:05:00+00:00,13.390000343322754,13.390000343322754,13.350000381469727,13.350000381469727,121045,0.0,0.0,0.0
2025-06-17 02:10:00+00:00,13.369999885559082,13.369999885559082,13.329999923706055,13.329999923706055,477349,0.0,0.0,0.0
2025-06-17 02:15:00+00:00,13.3100004196167,13.319999694824219,13.3100004196167,13.319999694824219,261274,0.0,0.0,0.0
2025-06-17 02:20:00+00:00,13.329999923706055,13.329999923706055,13.329999923706055,13.329999923706055,2839,0.0,0.0,0.0
2025-06-17 02:25:00+00:00,13.329999923706055,13.329999923706055,13.329999923706055,13.329999923706055,37103,0.0,0.0,0.0
2025-06-17 02:30:00+00:00,13.319999694824219,13.319999694824219,13.3100004196167,13.3100004196167,17021,0.0,0.0,0.0
2025-06-17 02:35:00+00:00,13.3100004196167,13.3100004196167,13.3100004196167,13.3100004196167,12208,0.0,0.0,0.0
2025-06-17 02:40:00+00:00,13.3100004196167,13.3100004196167,13.300000190734863,13.3100004196167,7330,0.0,0.0,0.0
2025-06-17 02:45:00+00:00,13.300000190734863,13.319999694824219,13.300000190734863,13.319999694824219,41191,0.0,0.0,0.0
2025-06-17 02:50:00+00:00,13.329999923706055,13.329999923706055,13.329999923706055,13.329999923706055,42125,0.0,0.0,0.0
2025-06-17 02:55:00+00:00,13.350000381469727,13.350000381469727,13.350000381469727,13.350000381469727,1586,0.0,0.0,0.0
2025-06-17 03:00:00+00:00,13.34000015258789,13.350000381469727,13.34000015258789,13.34000015258789,567028,0.0,0.0,0.0
2025-06-17 03:05:00+00:00,13.34000015258789,13.34000015258789,13.34000015258789,13.34000015258789,3021,0.0,0.0,0.0
2025-06-17 03:10:00+00:00,13.329999923706055,13.34000015258789,13.329999923706055,13.34000015258789,29121,0.0,0.0,0.0
2025-06-17 03:15:00+00:00,13.329999923706055,13.34000015258789,13.329999923706055,13.34000015258789,10519,0.0,0.0,0.0
2025-06-17 03:20:00+00:00,13.34000015258789,13.34000015258789,13.319999694824219,13.319999694824219,8013,0.0,0.0,0.0
2025-06-17 03:25:00+00:00,13.319999694824219,13.319999694824219,13.319999694824219,13.319999694824219,12013,0.0,0.0,0.0
2025-06-17 03:30:00+00:00,13.329999923706055,13.329999923706055,13.329999923706055,13.329999923706055,1341,0.0,0.0,0.0
2025-06-17 03:35:00+00:00,13.329999923706055,13.329999923706055,13.3100004196167,13.3100004196167,7148,0.0,0.0,0.0
2025-06-17 03:40:00+00:00,13.319999694824219,13.329999923706055,13.3100004196167,13.319999694824219,43093,0.0,0.0,0.0
2025-06-17 03:45:00+00:00,13.319999694824219,13.319999694824219,13.300000190734863,13.300000190734863,23828,0.0,0.0,0.0
2025-06-17 03:50:00+00:00,13.300000190734863,13.319999694824219,13.300000190734863,13.319999694824219,79033,0.0,0.0,0.0
2025-06-17 03:55:00+00:00,13.300000190734863,13.300000190734863,13.289999961853027,13.289999961853027,34506,0.0,0.0,0.0
2025-06-17 04:00:00+00:00,13.300000190734863,13.300000190734863,13.300000190734863,13.300000190734863,13059,0.0,0.0,0.0
2025-06-17 04:05:00+00:00,13.300000190734863,13.3100004196167,13.300000190734863,13.300000190734863,5027,0.0,0.0,0.0
2025-06-17 04:10:00+00:00,13.300000190734863,13.300000190734863,13.300000190734863,13.300000190734863,74468,0.0,0.0,0.0
2025-06-17 04:15:00+00:00,13.300000190734863,13.300000190734863,13.289999961853027,13.289999961853027,14211,0.0,0.0,0.0
2025-06-17 04:20:00+00:00,13.289999961853027,13.289999961853027,13.289999961853027,13.289999961853027,15164,0.0,0.0,0.0
2025-06-17 04:25:00+00:00,13.300000190734863,13.300000190734863,13.300000190734863,13.300000190734863,28145,0.0,0.0,0.0
2025-06-17 04:30:00+00:00,13.3100004196167,13.3100004196167,13.3100004196167,13.3100004196167,1146,0.0,0.0,0.0
2025-06-17 04:35:00+00:00,13.300000190734863,13.300000190734863,13.300000190734863,13.300000190734863,2010,0.0,0.0,0.0
2025-06-17 04:40:00+00:00,13.300000190734863,13.300000190734863,13.300000190734863,13.300000190734863,2090,0.0,0.0,0.0
2025-06-17 04:45:00+00:00,13.300000190734863,13.300000190734863,13.300000190734863,13.300000190734863,18887,0.0,0.0,0.0
2025-06-17 04:50:00+00:00,13.300000190734863,13.300000190734863,13.300000190734863,13.300000190734863,49839,0.0,0.0,0.0
2025-06-17 04:55:00+00:00,13.300000190734863,13.300000190734863,13.300000190734863,13.300000190734863,2403,0.0,0.0,0.0
2025-06-17 05:00:00+00:00,13.3100004196167,13.3100004196167,13.3100004196167,13.3100004196167,330209,0.0,0.0,0.0
2025-06-17 05:05:00+00:00,13.319999694824219,13.319999694824219,13.3100004196167,13.3100004196167,21737,0.0,0.0,0.0
2025-06-17 05:10:00+00:00,13.319999694824219,13.34000015258789,13.319999694824219,13.329999923706055,59169,0.0,0.0,0.0
2025-06-17 05:15:00+00:00,13.34000015258789,13.34000015258789,13.329999923706055,13.329999923706055,71793,0.0,0.0,0.0
2025-06-17 05:20:00+00:00,13.319999694824219,13.319999694824219,13.319999694824219,13.319999694824219,22942,0.0,0.0,0.0
2025-06-18 01:00:00+00:00,13.329999923706055,13.329999923706055,13.329999923706055,13.329999923706055,38000,0.0,0.0,0.0
2025-06-18 01:05:00+00:00,13.329999923706055,13.369999885559082,13.319999694824219,13.359999656677246,134172,0.0,0.0,0.0
2025-06-18 01:10:00+00:00,13.359999656677246,13.369999885559082,13.350000381469727,13.359999656677246,273887,0.0,0.0,0.0
2025-06-18 01:15:00+00:00,13.369999885559082,13.369999885559082,13.359999656677246,13.359999656677246,99719,0.0,0.0,0.0
2025-06-18 01:20:00+00:00,13.359999656677246,13.369999885559082,13.359999656677246,13.359999656677246,48288,0.0,0.0,0.0
2025-06-18 01:25:00+00:00,13.369999885559082,13.369999885559082,13.350000381469727,13.359999656677246,51574,0.0,0.0,0.0
2025-06-18 01:30:00+00:00,13.359999656677246,13.359999656677246,13.350000381469727,13.359999656677246,41335,0.0,0.0,0.0
2025-06-18 01:35:00+00:00,13.359999656677246,13.359999656677246,13.359999656677246,13.359999656677246,43866,0.0,0.0,0.0
2025-06-18 01:40:00+00:00,13.359999656677246,13.359999656677246,13.34000015258789,13.34000015258789,21064,0.0,0.0,0.0
2025-06-18 01:45:00+00:00,13.350000381469727,13.350000381469727,13.34000015258789,13.34000015258789,31185,0.0,0.0,0.0
2025-06-18 01:50:00+00:00,13.34000015258789,13.34000015258789,13.329999923706055,13.329999923706055,149204,0.0,0.0,0.0
2025-06-18 01:55:00+00:00,13.350000381469727,13.350000381469727,13.350000381469727,13.350000381469727,7775,0.0,0.0,0.0
2025-06-18 02:00:00+00:00,13.350000381469727,13.350000381469727,13.350000381469727,13.350000381469727,6372,0.0,0.0,0.0
2025-06-18 02:05:00+00:00,13.34000015258789,13.34000015258789,13.34000015258789,13.34000015258789,68418,0.0,0.0,0.0
2025-06-18 02:10:00+00:00,13.34000015258789,13.350000381469727,13.34000015258789,13.350000381469727,86282,0.0,0.0,0.0
2025-06-18 02:15:00+00:00,13.359999656677246,13.359999656677246,13.350000381469727,13.350000381469727,43063,0.0,0.0,0.0
2025-06-18 02:20:00+00:00,13.350000381469727,13.369999885559082,13.34000015258789,13.369999885559082,794205,0.0,0.0,0.0
2025-06-18 02:25:00+00:00,13.369999885559082,13.380000114440918,13.369999885559082,13.369999885559082,162548,0.0,0.0,0.0
2025-06-18 02:30:00+00:00,13.380000114440918,13.390000343322754,13.380000114440918,13.390000343322754,60204,0.0,0.0,0.0
2025-06-18 02:35:00+00:00,13.390000343322754,13.390000343322754,13.380000114440918,13.380000114440918,5121,0.0,0.0,0.0
2025-06-18 02:40:00+00:00,13.380000114440918,13.390000343322754,13.380000114440918,13.390000343322754,110015,0.0,0.0,0.0
2025-06-18 02:45:00+00:00,13.399999618530273,13.420000076293945,13.390000343322754,13.420000076293945,658355,0.0,0.0,0.0
2025-06-18 02:50:00+00:00,13.40999984741211,13.420000076293945,13.40999984741211,13.420000076293945,4024,0.0,0.0,0.0
2025-06-18 02:55:00+00:00,13.420000076293945,13.420000076293945,13.40999984741211,13.40999984741211,147159,0.0,0.0,0.0
2025-06-18 03:00:00+00:00,13.40999984741211,13.420000076293945,13.40999984741211,13.420000076293945,8068,0.0,0.0,0.0
2025-06-18 03:05:00+00:00,13.40999984741211,13.40999984741211,13.399999618530273,13.399999618530273,12477,0.0,0.0,0.0
2025-06-18 03:10:00+00:00,13.399999618530273,13.399999618530273,13.399999618530273,13.399999618530273,22190,0.0,0.0,0.0
2025-06-18 03:15:00+00:00,13.399999618530273,13.40999984741211,13.399999618530273,13.399999618530273,22473,0.0,0.0,0.0
2025-06-18 03:20:00+00:00,13.399999618530273,13.40999984741211,13.399999618530273,13.40999984741211,153827,0.0,0.0,0.0
2025-06-18 03:25:00+00:00,13.420000076293945,13.420000076293945,13.420000076293945,13.420000076293945,200411,0.0,0.0,0.0
2025-06-18 03:30:00+00:00,13.420000076293945,13.430000305175781,13.420000076293945,13.420000076293945,38554,0.0,0.0,0.0
2025-06-18 03:35:00+00:00,13.420000076293945,13.430000305175781,13.420000076293945,13.420000076293945,48038,0.0,0.0,0.0
2025-06-18 03:40:00+00:00,13.420000076293945,13.430000305175781,13.420000076293945,13.430000305175781,25264,0.0,0.0,0.0
2025-06-18 03:45:00+00:00,13.430000305175781,13.430000305175781,13.420000076293945,13.420000076293945,12015,0.0,0.0,0.0
2025-06-18 03:50:00+00:00,13.420000076293945,13.420000076293945,13.40999984741211,13.40999984741211,126035,0.0,0.0,0.0
2025-06-18 03:55:00+00:00,13.40999984741211,13.40999984741211,13.399999618530273,13.40999984741211,226614,0.0,0.0,0.0
2025-06-18 04:00:00+00:00,13.40999984741211,13.420000076293945,13.399999618530273,13.420000076293945,29370,0.0,0.0,0.0
2025-06-18 04:05:00+00:00,13.399999618530273,13.399999618530273,13.399999618530273,13.399999618530273,30121,0.0,0.0,0.0
2025-06-18 04:10:00+00:00,13.40999984741211,13.40999984741211,13.399999618530273,13.399999618530273,168359,0.0,0.0,0.0
2025-06-18 04:15:00+00:00,13.399999618530273,13.40999984741211,13.399999618530273,13.399999618530273,12075,0.0,0.0,0.0
2025-06-18 04:20:00+00:00,13.399999618530273,13.40999984741211,13.399999618530273,13.40999984741211,38129,0.0,0.0,0.0
2025-06-18 04:25:00+00:00,13.40999984741211,13.420000076293945,13.40999984741211,13.40999984741211,108205,0.0,0.0,0.0
2025-06-18 04:30:00+00:00,13.420000076293945,13.420000076293945,13.399999618530273,13.399999618530273,102462,0.0,0.0,0.0
2025-06-18 04:35:00+00:00,13.399999618530273,13.399999618530273,13.380000114440918,13.380000114440918,24200,0.0,0.0,0.0
2025-06-18 04:40:00+00:00,13.380000114440918,13.390000343322754,13.380000114440918,13.380000114440918,8227,0.0,0.0,0.0
2025-06-18 04:45:00+00:00,13.380000114440918,13.380000114440918,13.369999885559082,13.369999885559082,9250,0.0,0.0,0.0
2025-06-18 04:50:00+00:00,13.369999885559082,13.380000114440918,13.369999885559082,13.369999885559082,109300,0.0,0.0,0.0
2025-06-18 04:55:00+00:00,13.380000114440918,13.380000114440918,13.369999885559082,13.369999885559082,60227,0.0,0.0,0.0
2025-06-18 05:00:00+00:00,13.380000114440918,13.390000343322754,13.380000114440918,13.390000343322754,103400,0.0,0.0,0.0
2025-06-18 05:05:00+00:00,13.399999618530273,13.399999618530273,13.399999618530273,13.399999618530273,48243,0.0,0.0,0.0
2025-06-18 05:10:00+00:00,13.399999618530273,13.399999618530273,13.399999618530273,13.399999618530273,26357,0.0,0.0,0.0
2025-06-18 05:15:00+00:00,13.399999618530273,13.399999618530273,13.399999618530273,13.399999618530273,15217,0.0,0.0,0.0
2025-06-18 05:20:00+00:00,13.399999618530273,13.399999618530273,13.390000343322754,13.399999618530273,22663,0.0,0.0,0.0
2025-06-19 01:00:00+00:00,13.390000343322754,13.390000343322754,13.369999885559082,13.369999885559082,0,0.0,0.0,0.0
2025-06-19 01:05:00+00:00,13.350000381469727,13.350000381469727,13.350000381469727,13.350000381469727,60000,0.0,0.0,0.0
2025-06-19 01:10:00+00:00,13.359999656677246,13.359999656677246,13.350000381469727,13.359999656677246,38964,0.0,0.0,0.0
2025-06-19 01:15:00+00:00,13.359999656677246,13.369999885559082,13.359999656677246,13.369999885559082,141178,0.0,0.0,0.0
2025-06-19 01:20:00+00:00,13.369999885559082,13.369999885559082,13.359999656677246,13.369999885559082,10336,0.0,0.0,0.0
2025-06-19 01:25:00+00:00,13.359999656677246,13.359999656677246,13.350000381469727,13.350000381469727,37090,0.0,0.0,0.0
2025-06-19 01:30:00+00:00,13.359999656677246,13.359999656677246,13.34000015258789,13.34000015258789,11529,0.0,0.0,0.0
2025-06-19 01:35:00+00:00,13.34000015258789,13.34000015258789,13.329999923706055,13.329999923706055,21708,0.0,0.0,0.0
2025-06-19 01:40:00+00:00,13.319999694824219,13.319999694824219,13.3100004196167,13.319999694824219,26997,0.0,0.0,0.0
2025-06-19 01:45:00+00:00,13.3100004196167,13.329999923706055,13.3100004196167,13.329999923706055,46245,0.0,0.0,0.0
2025-06-19 01:50:00+00:00,13.329999923706055,13.329999923706055,13.319999694824219,13.319999694824219,11372,0.0,0.0,0.0
2025-06-19 01:55:00+00:00,13.319999694824219,13.319999694824219,13.3100004196167,13.3100004196167,74100,0.0,0.0,0.0
2025-06-19 02:00:00+00:00,13.319999694824219,13.319999694824219,13.3100004196167,13.3100004196167,17934,0.0,0.0,0.0
2025-06-19 02:05:00+00:00,13.319999694824219,13.329999923706055,13.319999694824219,13.329999923706055,51368,0.0,0.0,0.0
2025-06-19 02:10:00+00:00,13.329999923706055,13.329999923706055,13.319999694824219,13.319999694824219,71218,0.0,0.0,0.0
2025-06-19 02:15:00+00:00,13.319999694824219,13.319999694824219,13.300000190734863,13.300000190734863,67284,0.0,0.0,0.0
2025-06-19 02:20:00+00:00,13.300000190734863,13.300000190734863,13.300000190734863,13.300000190734863,7317,0.0,0.0,0.0
2025-06-19 02:25:00+00:00,13.300000190734863,13.300000190734863,13.300000190734863,13.300000190734863,22602,0.0,0.0,0.0
2025-06-19 02:30:00+00:00,13.3100004196167,13.3100004196167,13.3100004196167,13.3100004196167,7118,0.0,0.0,0.0
2025-06-19 02:35:00+00:00,13.300000190734863,13.3100004196167,13.300000190734863,13.3100004196167,7135,0.0,0.0,0.0
2025-06-19 02:40:00+00:00,13.300000190734863,13.3100004196167,13.300000190734863,13.300000190734863,56333,0.0,0.0,0.0
2025-06-19 02:45:00+00:00,13.3100004196167,13.3100004196167,13.279999732971191,13.279999732971191,39544,0.0,0.0,0.0
2025-06-19 02:50:00+00:00,13.279999732971191,13.289999961853027,13.279999732971191,13.289999961853027,10008,0.0,0.0,0.0
2025-06-19 02:55:00+00:00,13.289999961853027,13.289999961853027,13.270000457763672,13.279999732971191,46159,0.0,0.0,0.0
2025-06-19 03:00:00+00:00,13.289999961853027,13.300000190734863,13.289999961853027,13.300000190734863,15266,0.0,0.0,0.0
2025-06-19 03:05:00+00:00,13.300000190734863,13.300000190734863,13.300000190734863,13.300000190734863,13017,0.0,0.0,0.0
2025-06-19 03:10:00+00:00,13.300000190734863,13.3100004196167,13.300000190734863,13.3100004196167,20726,0.0,0.0,0.0
2025-06-19 03:15:00+00:00,13.3100004196167,13.3100004196167,13.3100004196167,13.3100004196167,6514,0.0,0.0,0.0
2025-06-19 03:20:00+00:00,13.319999694824219,13.319999694824219,13.3100004196167,13.3100004196167,3118,0.0,0.0,0.0
2025-06-19 03:25:00+00:00,13.319999694824219,13.319999694824219,13.319999694824219,13.319999694824219,51030,0.0,0.0,0.0
2025-06-19 03:30:00+00:00,13.329999923706055,13.329999923706055,13.319999694824219,13.319999694824219,8375,0.0,0.0,0.0
2025-06-19 03:35:00+00:00,13.319999694824219,13.319999694824219,13.319999694824219,13.319999694824219,26111,0.0,0.0,0.0
2025-06-19 03:40:00+00:00,13.319999694824219,13.329999923706055,13.319999694824219,13.329999923706055,4121,0.0,0.0,0.0
2025-06-19 03:45:00+00:00,13.329999923706055,13.329999923706055,13.319999694824219,13.319999694824219,10522,0.0,0.0,0.0
2025-06-19 03:50:00+00:00,13.319999694824219,13.329999923706055,13.319999694824219,13.319999694824219,4042,0.0,0.0,0.0
2025-06-19 03:55:00+00:00,13.329999923706055,13.329999923706055,13.319999694824219,13.319999694824219,16010,0.0,0.0,0.0
2025-06-19 04:00:00+00:00,13.329999923706055,13.329999923706055,13.319999694824219,13.319999694824219,108054,0.0,0.0,0.0
2025-06-19 04:05:00+00:00,13.319999694824219,13.319999694824219,13.319999694824219,13.319999694824219,2304,0.0,0.0,0.0
2025-06-19 04:10:00+00:00,13.3100004196167,13.3100004196167,13.3100004196167,13.3100004196167,62427,0.0,0.0,0.0
2025-06-19 04:15:00+00:00,13.3100004196167,13.319999694824219,13.3100004196167,13.319999694824219,4806,0.0,0.0,0.0
2025-06-19 04:20:00+00:00,13.3100004196167,13.3100004196167,13.300000190734863,13.300000190734863,47013,0.0,0.0,0.0
2025-06-19 04:25:00+00:00,13.3100004196167,13.3100004196167,13.300000190734863,13.300000190734863,47066,0.0,0.0,0.0
2025-06-19 04:30:00+00:00,13.3100004196167,13.3100004196167,13.300000190734863,13.300000190734863,14673,0.0,0.0,0.0
2025-06-19 04:35:00+00:00,13.300000190734863,13.300000190734863,13.300000190734863,13.300000190734863,13340,0.0,0.0,0.0
2025-06-19 04:40:00+00:00,13.3100004196167,13.3100004196167,13.300000190734863,13.3100004196167,11360,0.0,0.0,0.0
2025-06-19 04:45:00+00:00,13.3100004196167,13.3100004196167,13.300000190734863,13.3100004196167,9384,0.0,0.0,0.0
2025-06-19 04:50:00+00:00,13.300000190734863,13.300000190734863,13.300000190734863,13.300000190734863,6050,0.0,0.0,0.0
2025-06-19 04:55:00+00:00,13.300000190734863,13.300000190734863,13.300000190734863,13.300000190734863,25114,0.0,0.0,0.0
2025-06-19 05:00:00+00:00,13.300000190734863,13.300000190734863,13.289999961853027,13.289999961853027,253122,0.0,0.0,0.0
2025-06-19 05:05:00+00:00,13.289999961853027,13.289999961853027,13.289999961853027,13.289999961853027,39169,0.0,0.0,0.0
2025-06-19 05:10:00+00:00,13.289999961853027,13.289999961853027,13.279999732971191,13.279999732971191,15106,0.0,0.0,0.0
2025-06-19 05:15:00+00:00,13.289999961853027,13.289999961853027,13.279999732971191,13.279999732971191,25727,0.0,0.0,0.0
2025-06-19 05:20:00+00:00,13.289999961853027,13.289999961853027,13.289999961853027,13.289999961853027,19333,0.0,0.0,0.0
2025-06-20 01:00:00+00:00,13.289999961853027,13.300000190734863,13.289999961853027,13.289999961853027,0,0.0,0.0,0.0
2025-06-20 01:05:00+00:00,13.300000190734863,13.300000190734863,13.260000228881836,13.260000228881836,18071,0.0,0.0,0.0
2025-06-20 01:10:00+00:00,13.260000228881836,13.270000457763672,13.25,13.25,45991,0.0,0.0,0.0
2025-06-20 01:15:00+00:00,13.239999771118164,13.25,13.239999771118164,13.239999771118164,64224,0.0,0.0,0.0
2025-06-20 01:20:00+00:00,13.239999771118164,13.25,13.229999542236328,13.239999771118164,60161,0.0,0.0,0.0
2025-06-20 01:25:00+00:00,13.239999771118164,13.239999771118164,13.229999542236328,13.229999542236328,27073,0.0,0.0,0.0
2025-06-20 01:30:00+00:00,13.229999542236328,13.229999542236328,13.210000038146973,13.210000038146973,53814,0.0,0.0,0.0
2025-06-20 01:35:00+00:00,13.199999809265137,13.199999809265137,13.1899995803833,13.1899995803833,421211,0.0,0.0,0.0
2025-06-20 01:40:00+00:00,13.1899995803833,13.199999809265137,13.1899995803833,13.1899995803833,29845,0.0,0.0,0.0
2025-06-20 01:45:00+00:00,13.1899995803833,13.1899995803833,13.180000305175781,13.180000305175781,61016,0.0,0.0,0.0
2025-06-20 01:50:00+00:00,13.180000305175781,13.180000305175781,13.180000305175781,13.180000305175781,6599,0.0,0.0,0.0
2025-06-20 01:55:00+00:00,13.170000076293945,13.170000076293945,13.170000076293945,13.170000076293945,42536,0.0,0.0,0.0
2025-06-20 02:00:00+00:00,13.180000305175781,13.180000305175781,13.180000305175781,13.180000305175781,13738,0.0,0.0,0.0
2025-06-20 02:05:00+00:00,13.180000305175781,13.180000305175781,13.170000076293945,13.180000305175781,11418,0.0,0.0,0.0
2025-06-20 02:10:00+00:00,13.180000305175781,13.180000305175781,13.15999984741211,13.15999984741211,57110,0.0,0.0,0.0
2025-06-20 02:15:00+00:00,13.15999984741211,13.15999984741211,13.149999618530273,13.15999984741211,50335,0.0,0.0,0.0
2025-06-20 02:20:00+00:00,13.15999984741211,13.15999984741211,13.149999618530273,13.15999984741211,16218,0.0,0.0,0.0
2025-06-20 02:25:00+00:00,13.170000076293945,13.170000076293945,13.170000076293945,13.170000076293945,4181,0.0,0.0,0.0
2025-06-20 02:30:00+00:00,13.170000076293945,13.180000305175781,13.170000076293945,13.180000305175781,95314,0.0,0.0,0.0
2025-06-20 02:35:00+00:00,13.1899995803833,13.199999809265137,13.1899995803833,13.199999809265137,36169,0.0,0.0,0.0
2025-06-20 02:40:00+00:00,13.199999809265137,13.199999809265137,13.1899995803833,13.1899995803833,39059,0.0,0.0,0.0
2025-06-20 02:45:00+00:00,13.1899995803833,13.199999809265137,13.1899995803833,13.199999809265137,3174,0.0,0.0,0.0
2025-06-20 02:50:00+00:00,13.199999809265137,13.199999809265137,13.1899995803833,13.1899995803833,151235,0.0,0.0,0.0
2025-06-20 02:55:00+00:00,13.1899995803833,13.1899995803833,13.1899995803833,13.1899995803833,11530,0.0,0.0,0.0
2025-06-20 03:00:00+00:00,13.180000305175781,13.180000305175781,13.180000305175781,13.180000305175781,29266,0.0,0.0,0.0
2025-06-20 03:05:00+00:00,13.180000305175781,13.180000305175781,13.180000305175781,13.180000305175781,3205,0.0,0.0,0.0
2025-06-20 03:10:00+00:00,13.180000305175781,13.180000305175781,13.180000305175781,13.180000305175781,2144,0.0,0.0,0.0
2025-06-20 03:15:00+00:00,13.180000305175781,13.180000305175781,13.170000076293945,13.170000076293945,10387,0.0,0.0,0.0
2025-06-20 03:20:00+00:00,13.180000305175781,13.1899995803833,13.170000076293945,13.1899995803833,6151,0.0,0.0,0.0
2025-06-20 03:25:00+00:00,13.1899995803833,13.1899995803833,13.1899995803833,13.1899995803833,13269,0.0,0.0,0.0
2025-06-20 03:30:00+00:00,13.199999809265137,13.199999809265137,13.199999809265137,13.199999809265137,13686,0.0,0.0,0.0
2025-06-20 03:35:00+00:00,13.199999809265137,13.199999809265137,13.199999809265137,13.199999809265137,38024,0.0,0.0,0.0
2025-06-20 03:40:00+00:00,13.210000038146973,13.220000267028809,13.210000038146973,13.220000267028809,5124,0.0,0.0,0.0
2025-06-20 03:45:00+00:00,13.210000038146973,13.220000267028809,13.210000038146973,13.220000267028809,8320,0.0,0.0,0.0
2025-06-20 03:50:00+00:00,13.210000038146973,13.229999542236328,13.210000038146973,13.229999542236328,74076,0.0,0.0,0.0
2025-06-20 03:55:00+00:00,13.239999771118164,13.25,13.229999542236328,13.25,40063,0.0,0.0,0.0
2025-06-20 04:00:00+00:00,13.25,13.25,13.25,13.25,6053,0.0,0.0,0.0
2025-06-20 04:05:00+00:00,13.25,13.25,13.25,13.25,5187,0.0,0.0,0.0
2025-06-20 04:10:00+00:00,13.25,13.25,13.25,13.25,34137,0.0,0.0,0.0
2025-06-20 04:15:00+00:00,13.25,13.25,13.239999771118164,13.25,5153,0.0,0.0,0.0
2025-06-20 04:20:00+00:00,13.25,13.25,13.239999771118164,13.25,8682,0.0,0.0,0.0
2025-06-20 04:25:00+00:00,13.25,13.25,13.25,13.25,1055,0.0,0.0,0.0
2025-06-20 04:30:00+00:00,13.25,13.25,13.239999771118164,13.239999771118164,4486,0.0,0.0,0.0
2025-06-20 04:35:00+00:00,13.239999771118164,13.239999771118164,13.239999771118164,13.239999771118164,3010,0.0,0.0,0.0
2025-06-20 04:40:00+00:00,13.239999771118164,13.239999771118164,13.220000267028809,13.220000267028809,18183,0.0,0.0,0.0
2025-06-20 04:45:00+00:00,13.210000038146973,13.210000038146973,13.210000038146973,13.210000038146973,19425,0.0,0.0,0.0
2025-06-20 04:50:00+00:00,13.210000038146973,13.229999542236328,13.210000038146973,13.229999542236328,90110,0.0,0.0,0.0
2025-06-20 04:55:00+00:00,13.229999542236328,13.239999771118164,13.229999542236328,13.239999771118164,37694,0.0,0.0,0.0
2025-06-20 05:00:00+00:00,13.239999771118164,13.239999771118164,13.239999771118164,13.239999771118164,3310,0.0,0.0,0.0
2025-06-20 05:05:00+00:00,13.239999771118164,13.239999771118164,13.229999542236328,13.229999542236328,10010,0.0,0.0,0.0
2025-06-20 05:10:00+00:00,13.229999542236328,13.229999542236328,13.229999542236328,13.229999542236328,17398,0.0,0.0,0.0
2025-06-20 05:15:00+00:00,13.229999542236328,13.229999542236328,13.220000267028809,13.229999542236328,5926,0.0,0.0,0.0
2025-06-20 05:20:00+00:00,13.229999542236328,13.229999542236328,13.220000267028809,13.229999542236328,52161,0.0,0.0,0.0
2025-06-23 01:00:00+00:00,13.100000381469727,13.100000381469727,13.050000190734863,13.0600004196167,0,0.0,0.0,0.0
2025-06-23 01:05:00+00:00,13.069999694824219,13.100000381469727,13.0600004196167,13.100000381469727,79317,0.0,0.0,0.0
2025-06-23 01:10:00+00:00,13.119999885559082,13.140000343322754,13.119999885559082,13.130000114440918,77550,0.0,0.0,0.0
2025-06-23 01:15:00+00:00,13.130000114440918,13.130000114440918,13.09000015258789,13.09000015258789,102353,0.0,0.0,0.0
2025-06-23 01:20:00+00:00,13.09000015258789,13.09000015258789,13.069999694824219,13.079999923706055,62594,0.0,0.0,0.0
2025-06-23 01:25:00+00:00,13.079999923706055,13.079999923706055,13.079999923706055,13.079999923706055,32738,0.0,0.0,0.0
2025-06-23 01:30:00+00:00,13.079999923706055,13.09000015258789,13.0600004196167,13.09000015258789,122909,0.0,0.0,0.0
2025-06-23 01:35:00+00:00,13.09000015258789,13.109999656677246,13.09000015258789,13.100000381469727,164084,0.0,0.0,0.0
2025-06-23 01:40:00+00:00,13.09000015258789,13.100000381469727,13.09000015258789,13.09000015258789,28960,0.0,0.0,0.0
2025-06-23 01:45:00+00:00,13.09000015258789,13.109999656677246,13.09000015258789,13.109999656677246,35645,0.0,0.0,0.0
2025-06-23 01:50:00+00:00,13.109999656677246,13.130000114440918,13.109999656677246,13.130000114440918,52325,0.0,0.0,0.0
2025-06-23 01:55:00+00:00,13.130000114440918,13.130000114440918,13.119999885559082,13.119999885559082,11314,0.0,0.0,0.0
2025-06-23 02:00:00+00:00,13.130000114440918,13.130000114440918,13.119999885559082,13.119999885559082,64510,0.0,0.0,0.0
2025-06-23 02:05:00+00:00,13.119999885559082,13.119999885559082,13.109999656677246,13.119999885559082,55814,0.0,0.0,0.0
2025-06-23 02:10:00+00:00,13.140000343322754,13.140000343322754,13.130000114440918,13.130000114440918,7465,0.0,0.0,0.0
2025-06-23 02:15:00+00:00,13.140000343322754,13.140000343322754,13.140000343322754,13.140000343322754,7005,0.0,0.0,0.0
2025-06-23 02:20:00+00:00,13.140000343322754,13.140000343322754,13.130000114440918,13.140000343322754,9758,0.0,0.0,0.0
2025-06-23 02:25:00+00:00,13.140000343322754,13.140000343322754,13.140000343322754,13.140000343322754,5889,0.0,0.0,0.0
2025-06-23 02:30:00+00:00,13.140000343322754,13.140000343322754,13.140000343322754,13.140000343322754,12438,0.0,0.0,0.0
2025-06-23 02:35:00+00:00,13.130000114440918,13.140000343322754,13.130000114440918,13.140000343322754,52234,0.0,0.0,0.0
2025-06-23 02:40:00+00:00,13.149999618530273,13.149999618530273,13.140000343322754,13.140000343322754,13437,0.0,0.0,0.0
2025-06-23 02:45:00+00:00,13.149999618530273,13.149999618530273,13.140000343322754,13.149999618530273,12416,0.0,0.0,0.0
2025-06-23 02:50:00+00:00,13.149999618530273,13.149999618530273,13.149999618530273,13.149999618530273,34382,0.0,0.0,0.0
2025-06-23 02:55:00+00:00,13.149999618530273,13.149999618530273,13.140000343322754,13.140000343322754,14716,0.0,0.0,0.0
2025-06-23 03:00:00+00:00,13.130000114440918,13.149999618530273,13.119999885559082,13.149999618530273,17145,0.0,0.0,0.0
2025-06-23 03:05:00+00:00,13.149999618530273,13.149999618530273,13.130000114440918,13.130000114440918,5183,0.0,0.0,0.0
2025-06-23 03:10:00+00:00,13.149999618530273,13.149999618530273,13.140000343322754,13.140000343322754,22164,0.0,0.0,0.0
2025-06-23 03:15:00+00:00,13.140000343322754,13.149999618530273,13.140000343322754,13.149999618530273,3270,0.0,0.0,0.0
2025-06-23 03:20:00+00:00,13.149999618530273,13.149999618530273,13.140000343322754,13.140000343322754,6138,0.0,0.0,0.0
2025-06-23 03:25:00+00:00,13.140000343322754,13.149999618530273,13.140000343322754,13.149999618530273,3079,0.0,0.0,0.0
2025-06-23 03:30:00+00:00,13.149999618530273,13.15999984741211,13.149999618530273,13.15999984741211,10049,0.0,0.0,0.0
2025-06-23 03:35:00+00:00,13.15999984741211,13.15999984741211,13.15999984741211,13.15999984741211,3206,0.0,0.0,0.0
2025-06-23 03:40:00+00:00,13.15999984741211,13.15999984741211,13.149999618530273,13.149999618530273,5004,0.0,0.0,0.0
2025-06-23 03:45:00+00:00,13.149999618530273,13.15999984741211,13.149999618530273,13.15999984741211,8084,0.0,0.0,0.0
2025-06-23 03:50:00+00:00,13.15999984741211,13.170000076293945,13.149999618530273,13.149999618530273,8091,0.0,0.0,0.0
2025-06-23 03:55:00+00:00,13.170000076293945,13.170000076293945,13.170000076293945,13.170000076293945,4108,0.0,0.0,0.0
2025-06-23 04:00:00+00:00,13.15999984741211,13.15999984741211,13.15999984741211,13.15999984741211,3129,0.0,0.0,0.0
2025-06-23 04:05:00+00:00,13.149999618530273,13.15999984741211,13.149999618530273,13.15999984741211,6565,0.0,0.0,0.0
2025-06-23 04:10:00+00:00,13.15999984741211,13.15999984741211,13.15999984741211,13.15999984741211,3823,0.0,0.0,0.0
2025-06-23 04:15:00+00:00,13.15999984741211,13.15999984741211,13.149999618530273,13.15999984741211,20284,0.0,0.0,0.0
2025-06-23 04:20:00+00:00,13.15999984741211,13.15999984741211,13.149999618530273,13.15999984741211,7110,0.0,0.0,0.0
2025-06-23 04:25:00+00:00,13.15999984741211,13.15999984741211,13.149999618530273,13.149999618530273,22061,0.0,0.0,0.0
2025-06-23 04:30:00+00:00,13.15999984741211,13.15999984741211,13.149999618530273,13.15999984741211,38328,0.0,0.0,0.0
2025-06-23 04:35:00+00:00,13.15999984741211,13.15999984741211,13.15999984741211,13.15999984741211,11100,0.0,0.0,0.0
2025-06-23 04:40:00+00:00,13.15999984741211,13.15999984741211,13.15999984741211,13.15999984741211,14300,0.0,0.0,0.0
2025-06-23 04:45:00+00:00,13.15999984741211,13.170000076293945,13.15999984741211,13.170000076293945,32080,0.0,0.0,0.0
2025-06-23 04:50:00+00:00,13.170000076293945,13.170000076293945,13.149999618530273,13.149999618530273,16209,0.0,0.0,0.0
2025-06-23 04:55:00+00:00,13.149999618530273,13.170000076293945,13.149999618530273,13.170000076293945,5486,0.0,0.0,0.0
2025-06-23 05:00:00+00:00,13.15999984741211,13.15999984741211,13.149999618530273,13.15999984741211,57116,0.0,0.0,0.0
2025-06-23 05:05:00+00:00,13.15999984741211,13.1899995803833,13.15999984741211,13.1899995803833,42311,0.0,0.0,0.0
2025-06-23 05:10:00+00:00,13.170000076293945,13.180000305175781,13.15999984741211,13.180000305175781,107044,0.0,0.0,0.0
2025-06-23 05:15:00+00:00,13.1899995803833,13.199999809265137,13.180000305175781,13.199999809265137,169805,0.0,0.0,0.0
2025-06-23 05:20:00+00:00,13.199999809265137,13.199999809265137,13.1899995803833,13.1899995803833,16791,0.0,0.0,0.0
2025-06-24 01:00:00+00:00,13.390000343322754,13.390000343322754,13.390000343322754,13.390000343322754,0,0.0,0.0,0.0
2025-06-24 01:05:00+00:00,13.390000343322754,13.449999809265137,13.390000343322754,13.430000305175781,429000,0.0,0.0,0.0
2025-06-24 01:10:00+00:00,13.430000305175781,13.430000305175781,13.420000076293945,13.420000076293945,191530,0.0,0.0,0.0
2025-06-24 01:15:00+00:00,13.420000076293945,13.449999809265137,13.420000076293945,13.449999809265137,225862,0.0,0.0,0.0
2025-06-24 01:20:00+00:00,13.449999809265137,13.449999809265137,13.4399995803833,13.4399995803833,57549,0.0,0.0,0.0
2025-06-24 01:25:00+00:00,13.4399995803833,13.449999809265137,13.420000076293945,13.420000076293945,120198,0.0,0.0,0.0
2025-06-24 01:30:00+00:00,13.420000076293945,13.420000076293945,13.40999984741211,13.40999984741211,25078,0.0,0.0,0.0
2025-06-24 01:35:00+00:00,13.40999984741211,13.40999984741211,13.40999984741211,13.40999984741211,60044,0.0,0.0,0.0
2025-06-24 01:40:00+00:00,13.420000076293945,13.4399995803833,13.420000076293945,13.4399995803833,146069,0.0,0.0,0.0
2025-06-24 01:45:00+00:00,13.4399995803833,13.449999809265137,13.430000305175781,13.4399995803833,88644,0.0,0.0,0.0
2025-06-24 01:50:00+00:00,13.4399995803833,13.4399995803833,13.430000305175781,13.430000305175781,39109,0.0,0.0,0.0
2025-06-24 01:55:00+00:00,13.4399995803833,13.449999809265137,13.430000305175781,13.430000305175781,85034,0.0,0.0,0.0
2025-06-24 02:00:00+00:00,13.4399995803833,13.4399995803833,13.430000305175781,13.4399995803833,16014,0.0,0.0,0.0
2025-06-24 02:05:00+00:00,13.430000305175781,13.430000305175781,13.40999984741211,13.40999984741211,49718,0.0,0.0,0.0
2025-06-24 02:10:00+00:00,13.40999984741211,13.40999984741211,13.40999984741211,13.40999984741211,23447,0.0,0.0,0.0
2025-06-24 02:15:00+00:00,13.399999618530273,13.399999618530273,13.390000343322754,13.390000343322754,335029,0.0,0.0,0.0
2025-06-24 02:20:00+00:00,13.390000343322754,13.399999618530273,13.390000343322754,13.399999618530273,19240,0.0,0.0,0.0
2025-06-24 02:25:00+00:00,13.390000343322754,13.390000343322754,13.390000343322754,13.390000343322754,7068,0.0,0.0,0.0
2025-06-24 02:30:00+00:00,13.399999618530273,13.399999618530273,13.399999618530273,13.399999618530273,49199,0.0,0.0,0.0
2025-06-24 02:35:00+00:00,13.399999618530273,13.399999618530273,13.390000343322754,13.390000343322754,4040,0.0,0.0,0.0
2025-06-24 02:40:00+00:00,13.390000343322754,13.390000343322754,13.390000343322754,13.390000343322754,15336,0.0,0.0,0.0
2025-06-24 02:45:00+00:00,13.390000343322754,13.390000343322754,13.390000343322754,13.390000343322754,3016,0.0,0.0,0.0
2025-06-24 02:50:00+00:00,13.390000343322754,13.390000343322754,13.390000343322754,13.390000343322754,3302,0.0,0.0,0.0
2025-06-24 02:55:00+00:00,13.390000343322754,13.399999618530273,13.390000343322754,13.399999618530273,24196,0.0,0.0,0.0
2025-06-24 03:00:00+00:00,13.399999618530273,13.399999618530273,13.399999618530273,13.399999618530273,52045,0.0,0.0,0.0
2025-06-24 03:05:00+00:00,13.399999618530273,13.399999618530273,13.399999618530273,13.399999618530273,23137,0.0,0.0,0.0
2025-06-24 03:10:00+00:00,13.399999618530273,13.420000076293945,13.399999618530273,13.420000076293945,179260,0.0,0.0,0.0
2025-06-24 03:15:00+00:00,13.40999984741211,13.430000305175781,13.40999984741211,13.420000076293945,67415,0.0,0.0,0.0
2025-06-24 03:20:00+00:00,13.420000076293945,13.4399995803833,13.420000076293945,13.430000305175781,59793,0.0,0.0,0.0
2025-06-24 03:25:00+00:00,13.430000305175781,13.430000305175781,13.430000305175781,13.430000305175781,19313,0.0,0.0,0.0
2025-06-24 03:30:00+00:00,13.4399995803833,13.4399995803833,13.430000305175781,13.4399995803833,114701,0.0,0.0,0.0
2025-06-24 03:35:00+00:00,13.4399995803833,13.449999809265137,13.4399995803833,13.449999809265137,5016,0.0,0.0,0.0
2025-06-24 03:40:00+00:00,13.4399995803833,13.449999809265137,13.4399995803833,13.449999809265137,21678,0.0,0.0,0.0
2025-06-24 03:45:00+00:00,13.4399995803833,13.449999809265137,13.4399995803833,13.449999809265137,83005,0.0,0.0,0.0
2025-06-24 03:50:00+00:00,13.449999809265137,13.449999809265137,13.4399995803833,13.4399995803833,19137,0.0,0.0,0.0
2025-06-24 03:55:00+00:00,13.4399995803833,13.4399995803833,13.4399995803833,13.4399995803833,22027,0.0,0.0,0.0
2025-06-24 04:00:00+00:00,13.4399995803833,13.4399995803833,13.4399995803833,13.4399995803833,4042,0.0,0.0,0.0
2025-06-24 04:05:00+00:00,13.430000305175781,13.4399995803833,13.430000305175781,13.4399995803833,13038,0.0,0.0,0.0
2025-06-24 04:10:00+00:00,13.430000305175781,13.4399995803833,13.430000305175781,13.430000305175781,28758,0.0,0.0,0.0
2025-06-24 04:20:00+00:00,13.420000076293945,13.430000305175781,13.420000076293945,13.420000076293945,87541,0.0,0.0,0.0
2025-06-24 04:25:00+00:00,13.420000076293945,13.420000076293945,13.420000076293945,13.420000076293945,46110,0.0,0.0,0.0
2025-06-24 04:30:00+00:00,13.430000305175781,13.430000305175781,13.420000076293945,13.420000076293945,5413,0.0,0.0,0.0
2025-06-24 04:35:00+00:00,13.420000076293945,13.420000076293945,13.420000076293945,13.420000076293945,31160,0.0,0.0,0.0
2025-06-24 04:40:00+00:00,13.430000305175781,13.4399995803833,13.420000076293945,13.430000305175781,86771,0.0,0.0,0.0
2025-06-24 04:45:00+00:00,13.430000305175781,13.430000305175781,13.430000305175781,13.430000305175781,6610,0.0,0.0,0.0
2025-06-24 04:50:00+00:00,13.4399995803833,13.4399995803833,13.4399995803833,13.4399995803833,611601,0.0,0.0,0.0
2025-06-24 04:55:00+00:00,13.4399995803833,13.449999809265137,13.4399995803833,13.4399995803833,29115,0.0,0.0,0.0
2025-06-24 05:00:00+00:00,13.4399995803833,13.449999809265137,13.4399995803833,13.4399995803833,28795,0.0,0.0,0.0
2025-06-24 05:05:00+00:00,13.4399995803833,13.4399995803833,13.4399995803833,13.4399995803833,17177,0.0,0.0,0.0
2025-06-24 05:10:00+00:00,13.4399995803833,13.4399995803833,13.4399995803833,13.4399995803833,9168,0.0,0.0,0.0
2025-06-24 05:15:00+00:00,13.449999809265137,13.449999809265137,13.4399995803833,13.4399995803833,11658,0.0,0.0,0.0
2025-06-24 05:20:00+00:00,13.4399995803833,13.4399995803833,13.430000305175781,13.4399995803833,79297,0.0,0.0,0.0
2025-06-25 01:00:00+00:00,13.550000190734863,13.5600004196167,13.539999961853027,13.550000190734863,0,0.0,0.0,0.0
2025-06-25 01:05:00+00:00,13.550000190734863,13.550000190734863,13.529999732971191,13.539999961853027,129000,0.0,0.0,0.0
2025-06-25 01:10:00+00:00,13.539999961853027,13.550000190734863,13.539999961853027,13.550000190734863,144945,0.0,0.0,0.0
2025-06-25 01:15:00+00:00,13.539999961853027,13.539999961853027,13.539999961853027,13.539999961853027,130078,0.0,0.0,0.0
2025-06-25 01:20:00+00:00,13.539999961853027,13.539999961853027,13.529999732971191,13.529999732971191,38251,0.0,0.0,0.0
2025-06-25 01:25:00+00:00,13.529999732971191,13.529999732971191,13.520000457763672,13.520000457763672,22000,0.0,0.0,0.0
2025-06-25 01:30:00+00:00,13.529999732971191,13.539999961853027,13.520000457763672,13.539999961853027,216570,0.0,0.0,0.0
2025-06-25 01:35:00+00:00,13.539999961853027,13.550000190734863,13.520000457763672,13.520000457763672,202471,0.0,0.0,0.0
2025-06-25 01:40:00+00:00,13.529999732971191,13.539999961853027,13.529999732971191,13.529999732971191,247213,0.0,0.0,0.0
2025-06-25 01:45:00+00:00,13.529999732971191,13.539999961853027,13.529999732971191,13.529999732971191,36433,0.0,0.0,0.0
2025-06-25 01:50:00+00:00,13.529999732971191,13.529999732971191,13.520000457763672,13.529999732971191,24842,0.0,0.0,0.0
2025-06-25 01:55:00+00:00,13.520000457763672,13.529999732971191,13.520000457763672,13.520000457763672,13163,0.0,0.0,0.0
2025-06-25 02:00:00+00:00,13.529999732971191,13.529999732971191,13.520000457763672,13.520000457763672,50623,0.0,0.0,0.0
2025-06-25 02:05:00+00:00,13.520000457763672,13.529999732971191,13.520000457763672,13.520000457763672,70407,0.0,0.0,0.0
2025-06-25 02:10:00+00:00,13.529999732971191,13.539999961853027,13.529999732971191,13.529999732971191,266346,0.0,0.0,0.0
2025-06-25 02:15:00+00:00,13.539999961853027,13.539999961853027,13.529999732971191,13.529999732971191,85617,0.0,0.0,0.0
2025-06-25 02:20:00+00:00,13.529999732971191,13.539999961853027,13.529999732971191,13.529999732971191,13513,0.0,0.0,0.0
2025-06-25 02:25:00+00:00,13.520000457763672,13.520000457763672,13.520000457763672,13.520000457763672,2011,0.0,0.0,0.0
2025-06-25 02:30:00+00:00,13.520000457763672,13.529999732971191,13.520000457763672,13.520000457763672,43480,0.0,0.0,0.0
2025-06-25 02:35:00+00:00,13.520000457763672,13.529999732971191,13.520000457763672,13.520000457763672,88046,0.0,0.0,0.0
2025-06-25 02:40:00+00:00,13.529999732971191,13.529999732971191,13.520000457763672,13.520000457763672,47068,0.0,0.0,0.0
2025-06-25 02:45:00+00:00,13.520000457763672,13.529999732971191,13.520000457763672,13.529999732971191,2098,0.0,0.0,0.0
2025-06-25 02:50:00+00:00,13.520000457763672,13.529999732971191,13.520000457763672,13.520000457763672,65048,0.0,0.0,0.0
2025-06-25 02:55:00+00:00,13.520000457763672,13.529999732971191,13.520000457763672,13.529999732971191,13087,0.0,0.0,0.0
2025-06-25 03:00:00+00:00,13.539999961853027,13.539999961853027,13.529999732971191,13.529999732971191,4135,0.0,0.0,0.0
2025-06-25 03:05:00+00:00,13.539999961853027,13.539999961853027,13.529999732971191,13.539999961853027,20265,0.0,0.0,0.0
2025-06-25 03:10:00+00:00,13.520000457763672,13.539999961853027,13.520000457763672,13.539999961853027,6027,0.0,0.0,0.0
2025-06-25 03:15:00+00:00,13.529999732971191,13.539999961853027,13.520000457763672,13.539999961853027,21280,0.0,0.0,0.0
2025-06-25 03:20:00+00:00,13.520000457763672,13.550000190734863,13.520000457763672,13.550000190734863,533109,0.0,0.0,0.0
2025-06-25 03:25:00+00:00,13.550000190734863,13.550000190734863,13.550000190734863,13.550000190734863,173187,0.0,0.0,0.0
2025-06-25 03:30:00+00:00,13.5600004196167,13.5600004196167,13.550000190734863,13.5600004196167,523285,0.0,0.0,0.0
2025-06-25 03:35:00+00:00,13.5600004196167,13.5600004196167,13.5600004196167,13.5600004196167,20212,0.0,0.0,0.0
2025-06-25 03:40:00+00:00,13.550000190734863,13.5600004196167,13.550000190734863,13.5600004196167,29027,0.0,0.0,0.0
2025-06-25 03:45:00+00:00,13.5600004196167,13.5600004196167,13.550000190734863,13.550000190734863,19037,0.0,0.0,0.0
2025-06-25 03:50:00+00:00,13.550000190734863,13.550000190734863,13.550000190734863,13.550000190734863,62194,0.0,0.0,0.0
2025-06-25 03:55:00+00:00,13.550000190734863,13.5600004196167,13.550000190734863,13.550000190734863,28192,0.0,0.0,0.0
2025-06-25 04:00:00+00:00,13.550000190734863,13.550000190734863,13.550000190734863,13.550000190734863,30126,0.0,0.0,0.0
2025-06-25 04:05:00+00:00,13.539999961853027,13.550000190734863,13.529999732971191,13.529999732971191,28112,0.0,0.0,0.0
2025-06-25 04:10:00+00:00,13.529999732971191,13.529999732971191,13.529999732971191,13.529999732971191,23568,0.0,0.0,0.0
2025-06-25 04:15:00+00:00,13.529999732971191,13.539999961853027,13.529999732971191,13.529999732971191,31774,0.0,0.0,0.0
2025-06-25 04:20:00+00:00,13.529999732971191,13.529999732971191,13.529999732971191,13.529999732971191,17095,0.0,0.0,0.0
2025-06-25 04:25:00+00:00,13.529999732971191,13.539999961853027,13.529999732971191,13.539999961853027,21809,0.0,0.0,0.0
2025-06-25 04:30:00+00:00,13.539999961853027,13.539999961853027,13.529999732971191,13.529999732971191,8903,0.0,0.0,0.0
2025-06-25 04:35:00+00:00,13.539999961853027,13.539999961853027,13.539999961853027,13.539999961853027,112738,0.0,0.0,0.0
2025-06-25 04:40:00+00:00,13.539999961853027,13.539999961853027,13.539999961853027,13.539999961853027,39175,0.0,0.0,0.0
2025-06-25 04:45:00+00:00,13.539999961853027,13.550000190734863,13.539999961853027,13.550000190734863,82800,0.0,0.0,0.0
2025-06-25 04:50:00+00:00,13.539999961853027,13.550000190734863,13.539999961853027,13.550000190734863,13270,0.0,0.0,0.0
2025-06-25 04:55:00+00:00,13.550000190734863,13.550000190734863,13.539999961853027,13.550000190734863,166937,0.0,0.0,0.0
2025-06-25 05:00:00+00:00,13.539999961853027,13.550000190734863,13.539999961853027,13.550000190734863,56140,0.0,0.0,0.0
2025-06-25 05:05:00+00:00,13.550000190734863,13.5600004196167,13.550000190734863,13.5600004196167,71510,0.0,0.0,0.0
2025-06-25 05:10:00+00:00,13.5600004196167,13.569999694824219,13.5600004196167,13.5600004196167,196492,0.0,0.0,0.0
2025-06-25 05:15:00+00:00,13.5600004196167,13.5600004196167,13.550000190734863,13.550000190734863,73302,0.0,0.0,0.0
2025-06-25 05:20:00+00:00,13.5600004196167,13.5600004196167,13.550000190734863,13.550000190734863,35566,0.0,0.0,0.0
2025-06-26 01:00:00+00:00,13.579999923706055,13.579999923706055,13.569999694824219,13.569999694824219,0,0.0,0.0,0.0
2025-06-26 01:05:00+00:00,13.579999923706055,13.600000381469727,13.579999923706055,13.59000015258789,65000,0.0,0.0,0.0
2025-06-26 01:10:00+00:00,13.600000381469727,13.609999656677246,13.579999923706055,13.600000381469727,589857,0.0,0.0,0.0
2025-06-26 01:15:00+00:00,13.600000381469727,13.609999656677246,13.600000381469727,13.609999656677246,50515,0.0,0.0,0.0
2025-06-26 01:20:00+00:00,13.619999885559082,13.619999885559082,13.619999885559082,13.619999885559082,33426,0.0,0.0,0.0
2025-06-26 01:25:00+00:00,13.600000381469727,13.600000381469727,13.600000381469727,13.600000381469727,21956,0.0,0.0,0.0
2025-06-26 01:30:00+00:00,13.609999656677246,13.609999656677246,13.59000015258789,13.59000015258789,43015,0.0,0.0,0.0
2025-06-26 01:35:00+00:00,13.579999923706055,13.579999923706055,13.569999694824219,13.569999694824219,24769,0.0,0.0,0.0
2025-06-26 01:40:00+00:00,13.579999923706055,13.579999923706055,13.579999923706055,13.579999923706055,4345,0.0,0.0,0.0
2025-06-26 01:45:00+00:00,13.579999923706055,13.59000015258789,13.579999923706055,13.59000015258789,65581,0.0,0.0,0.0
2025-06-26 01:50:00+00:00,13.579999923706055,13.59000015258789,13.569999694824219,13.569999694824219,66106,0.0,0.0,0.0
2025-06-26 01:55:00+00:00,13.579999923706055,13.579999923706055,13.5600004196167,13.5600004196167,3164,0.0,0.0,0.0
2025-06-26 02:00:00+00:00,13.5600004196167,13.579999923706055,13.5600004196167,13.579999923706055,186357,0.0,0.0,0.0
2025-06-26 02:05:00+00:00,13.59000015258789,13.600000381469727,13.579999923706055,13.600000381469727,179355,0.0,0.0,0.0
2025-06-26 02:10:00+00:00,13.600000381469727,13.619999885559082,13.600000381469727,13.619999885559082,339359,0.0,0.0,0.0
2025-06-26 02:15:00+00:00,13.619999885559082,13.640000343322754,13.619999885559082,13.619999885559082,186798,0.0,0.0,0.0
2025-06-26 02:20:00+00:00,13.630000114440918,13.640000343322754,13.609999656677246,13.619999885559082,520635,0.0,0.0,0.0
2025-06-26 02:25:00+00:00,13.619999885559082,13.619999885559082,13.609999656677246,13.609999656677246,3032,0.0,0.0,0.0
2025-06-26 02:30:00+00:00,13.619999885559082,13.619999885559082,13.619999885559082,13.619999885559082,3127,0.0,0.0,0.0
2025-06-26 02:35:00+00:00,13.609999656677246,13.609999656677246,13.600000381469727,13.600000381469727,29340,0.0,0.0,0.0
2025-06-26 02:40:00+00:00,13.600000381469727,13.600000381469727,13.59000015258789,13.59000015258789,31217,0.0,0.0,0.0
2025-06-26 02:45:00+00:00,13.600000381469727,13.600000381469727,13.579999923706055,13.579999923706055,45188,0.0,0.0,0.0
2025-06-26 02:50:00+00:00,13.59000015258789,13.600000381469727,13.579999923706055,13.600000381469727,70251,0.0,0.0,0.0
2025-06-26 02:55:00+00:00,13.600000381469727,13.600000381469727,13.600000381469727,13.600000381469727,2010,0.0,0.0,0.0
2025-06-26 03:00:00+00:00,13.600000381469727,13.600000381469727,13.59000015258789,13.59000015258789,6980,0.0,0.0,0.0
2025-06-26 03:05:00+00:00,13.59000015258789,13.59000015258789,13.59000015258789,13.59000015258789,553838,0.0,0.0,0.0
2025-06-26 03:10:00+00:00,13.59000015258789,13.59000015258789,13.579999923706055,13.579999923706055,20034,0.0,0.0,0.0
2025-06-26 03:15:00+00:00,13.579999923706055,13.579999923706055,13.569999694824219,13.569999694824219,5047,0.0,0.0,0.0
2025-06-26 03:20:00+00:00,13.579999923706055,13.579999923706055,13.569999694824219,13.579999923706055,27132,0.0,0.0,0.0
2025-06-26 03:25:00+00:00,13.579999923706055,13.579999923706055,13.579999923706055,13.579999923706055,8027,0.0,0.0,0.0
2025-06-26 03:30:00+00:00,13.59000015258789,13.59000015258789,13.569999694824219,13.569999694824219,122037,0.0,0.0,0.0
2025-06-26 03:35:00+00:00,13.579999923706055,13.579999923706055,13.579999923706055,13.579999923706055,27331,0.0,0.0,0.0
2025-06-26 03:40:00+00:00,13.59000015258789,13.59000015258789,13.579999923706055,13.579999923706055,409278,0.0,0.0,0.0
2025-06-26 03:45:00+00:00,13.579999923706055,13.579999923706055,13.569999694824219,13.569999694824219,405017,0.0,0.0,0.0
2025-06-26 03:50:00+00:00,13.579999923706055,13.579999923706055,13.569999694824219,13.569999694824219,8223,0.0,0.0,0.0
2025-06-26 03:55:00+00:00,13.579999923706055,13.579999923706055,13.569999694824219,13.569999694824219,20026,0.0,0.0,0.0
2025-06-26 04:00:00+00:00,13.569999694824219,13.569999694824219,13.5600004196167,13.5600004196167,9803,0.0,0.0,0.0
2025-06-26 04:05:00+00:00,13.569999694824219,13.569999694824219,13.569999694824219,13.569999694824219,24580,0.0,0.0,0.0
2025-06-26 04:10:00+00:00,13.569999694824219,13.579999923706055,13.569999694824219,13.579999923706055,3668,0.0,0.0,0.0
2025-06-26 04:20:00+00:00,13.579999923706055,13.579999923706055,13.569999694824219,13.569999694824219,10630,0.0,0.0,0.0
2025-06-26 04:25:00+00:00,13.579999923706055,13.579999923706055,13.569999694824219,13.569999694824219,32027,0.0,0.0,0.0
2025-06-26 04:30:00+00:00,13.579999923706055,13.579999923706055,13.569999694824219,13.569999694824219,13431,0.0,0.0,0.0
2025-06-26 04:35:00+00:00,13.569999694824219,13.569999694824219,13.569999694824219,13.569999694824219,27570,0.0,0.0,0.0
2025-06-26 04:40:00+00:00,13.569999694824219,13.569999694824219,13.569999694824219,13.569999694824219,5020,0.0,0.0,0.0
2025-06-26 04:45:00+00:00,13.569999694824219,13.579999923706055,13.569999694824219,13.579999923706055,186321,0.0,0.0,0.0
2025-06-26 04:50:00+00:00,13.569999694824219,13.569999694824219,13.569999694824219,13.569999694824219,53120,0.0,0.0,0.0
2025-06-26 04:55:00+00:00,13.569999694824219,13.579999923706055,13.569999694824219,13.579999923706055,22491,0.0,0.0,0.0
2025-06-26 05:00:00+00:00,13.579999923706055,13.579999923706055,13.569999694824219,13.579999923706055,145124,0.0,0.0,0.0
2025-06-26 05:05:00+00:00,13.579999923706055,13.579999923706055,13.569999694824219,13.569999694824219,408104,0.0,0.0,0.0
2025-06-26 05:10:00+00:00,13.569999694824219,13.579999923706055,13.569999694824219,13.579999923706055,12863,0.0,0.0,0.0
2025-06-26 05:15:00+00:00,13.579999923706055,13.579999923706055,13.5600004196167,13.5600004196167,84183,0.0,0.0,0.0
2025-06-26 05:20:00+00:00,13.5600004196167,13.5600004196167,13.5600004196167,13.5600004196167,26765,0.0,0.0,0.0
2025-06-27 01:00:00+00:00,13.59000015258789,13.609999656677246,13.59000015258789,13.600000381469727,0,0.0,0.0,0.0
2025-06-27 01:05:00+00:00,13.600000381469727,13.600000381469727,13.569999694824219,13.579999923706055,15991,0.0,0.0,0.0
2025-06-27 01:10:00+00:00,13.579999923706055,13.579999923706055,13.569999694824219,13.569999694824219,50457,0.0,0.0,0.0
2025-06-27 01:15:00+00:00,13.569999694824219,13.569999694824219,13.569999694824219,13.569999694824219,11070,0.0,0.0,0.0
2025-06-27 01:20:00+00:00,13.569999694824219,13.579999923706055,13.5600004196167,13.5600004196167,125013,0.0,0.0,0.0
2025-06-27 01:25:00+00:00,13.550000190734863,13.579999923706055,13.550000190734863,13.579999923706055,35135,0.0,0.0,0.0
2025-06-27 01:30:00+00:00,13.569999694824219,13.569999694824219,13.550000190734863,13.550000190734863,210680,0.0,0.0,0.0
2025-06-27 01:35:00+00:00,13.550000190734863,13.550000190734863,13.539999961853027,13.550000190734863,20213,0.0,0.0,0.0
2025-06-27 01:40:00+00:00,13.550000190734863,13.5600004196167,13.539999961853027,13.5600004196167,33104,0.0,0.0,0.0
2025-06-27 01:45:00+00:00,13.5600004196167,13.5600004196167,13.5600004196167,13.5600004196167,12029,0.0,0.0,0.0
2025-06-27 01:50:00+00:00,13.550000190734863,13.550000190734863,13.550000190734863,13.550000190734863,11391,0.0,0.0,0.0
2025-06-27 01:55:00+00:00,13.5600004196167,13.5600004196167,13.5600004196167,13.5600004196167,24541,0.0,0.0,0.0
2025-06-27 02:00:00+00:00,13.569999694824219,13.569999694824219,13.5600004196167,13.5600004196167,304018,0.0,0.0,0.0
2025-06-27 02:05:00+00:00,13.550000190734863,13.5600004196167,13.550000190734863,13.5600004196167,401030,0.0,0.0,0.0
2025-06-27 02:10:00+00:00,13.550000190734863,13.550000190734863,13.550000190734863,13.550000190734863,43059,0.0,0.0,0.0
2025-06-27 02:15:00+00:00,13.5600004196167,13.5600004196167,13.5600004196167,13.5600004196167,52830,0.0,0.0,0.0
2025-06-27 02:20:00+00:00,13.5600004196167,13.569999694824219,13.5600004196167,13.5600004196167,9658,0.0,0.0,0.0
2025-06-27 02:25:00+00:00,13.5600004196167,13.569999694824219,13.5600004196167,13.5600004196167,374108,0.0,0.0,0.0
2025-06-27 02:30:00+00:00,13.550000190734863,13.5600004196167,13.550000190734863,13.5600004196167,6019,0.0,0.0,0.0
2025-06-27 02:35:00+00:00,13.550000190734863,13.550000190734863,13.529999732971191,13.529999732971191,634224,0.0,0.0,0.0
2025-06-27 02:40:00+00:00,13.529999732971191,13.539999961853027,13.529999732971191,13.529999732971191,19228,0.0,0.0,0.0
2025-06-27 02:45:00+00:00,13.539999961853027,13.550000190734863,13.529999732971191,13.539999961853027,51595,0.0,0.0,0.0
2025-06-27 02:50:00+00:00,13.539999961853027,13.539999961853027,13.539999961853027,13.539999961853027,3154,0.0,0.0,0.0
2025-06-27 02:55:00+00:00,13.539999961853027,13.539999961853027,13.529999732971191,13.539999961853027,19258,0.0,0.0,0.0
2025-06-27 03:00:00+00:00,13.539999961853027,13.539999961853027,13.539999961853027,13.539999961853027,14019,0.0,0.0,0.0
2025-06-27 03:05:00+00:00,13.539999961853027,13.550000190734863,13.539999961853027,13.550000190734863,4044,0.0,0.0,0.0
2025-06-27 03:10:00+00:00,13.539999961853027,13.539999961853027,13.529999732971191,13.529999732971191,45019,0.0,0.0,0.0
2025-06-27 03:15:00+00:00,13.529999732971191,13.529999732971191,13.529999732971191,13.529999732971191,6038,0.0,0.0,0.0
2025-06-27 03:20:00+00:00,13.529999732971191,13.529999732971191,13.529999732971191,13.529999732971191,6029,0.0,0.0,0.0
2025-06-27 03:25:00+00:00,13.529999732971191,13.529999732971191,13.520000457763672,13.529999732971191,254109,0.0,0.0,0.0
2025-06-27 03:30:00+00:00,13.529999732971191,13.529999732971191,13.529999732971191,13.529999732971191,1221,0.0,0.0,0.0
2025-06-27 03:35:00+00:00,13.529999732971191,13.529999732971191,13.529999732971191,13.529999732971191,9395,0.0,0.0,0.0
2025-06-27 03:40:00+00:00,13.529999732971191,13.529999732971191,13.520000457763672,13.520000457763672,12020,0.0,0.0,0.0
2025-06-27 03:45:00+00:00,13.529999732971191,13.529999732971191,13.520000457763672,13.520000457763672,8119,0.0,0.0,0.0
2025-06-27 03:50:00+00:00,13.510000228881836,13.520000457763672,13.510000228881836,13.510000228881836,55115,0.0,0.0,0.0
2025-06-27 03:55:00+00:00,13.520000457763672,13.520000457763672,13.520000457763672,13.520000457763672,10037,0.0,0.0,0.0
2025-06-27 04:00:00+00:00,13.520000457763672,13.520000457763672,13.520000457763672,13.520000457763672,41236,0.0,0.0,0.0
2025-06-27 04:05:00+00:00,13.520000457763672,13.529999732971191,13.520000457763672,13.529999732971191,18461,0.0,0.0,0.0
2025-06-27 04:10:00+00:00,13.520000457763672,13.539999961853027,13.520000457763672,13.539999961853027,93126,0.0,0.0,0.0
2025-06-27 04:15:00+00:00,13.520000457763672,13.529999732971191,13.520000457763672,13.529999732971191,2036,0.0,0.0,0.0
2025-06-27 04:20:00+00:00,13.529999732971191,13.539999961853027,13.529999732971191,13.539999961853027,5044,0.0,0.0,0.0
2025-06-27 04:25:00+00:00,13.539999961853027,13.539999961853027,13.539999961853027,13.539999961853027,44741,0.0,0.0,0.0
2025-06-27 04:30:00+00:00,13.550000190734863,13.550000190734863,13.539999961853027,13.550000190734863,107845,0.0,0.0,0.0
2025-06-27 04:35:00+00:00,13.550000190734863,13.569999694824219,13.550000190734863,13.569999694824219,65560,0.0,0.0,0.0
2025-06-27 04:40:00+00:00,13.579999923706055,13.579999923706055,13.5600004196167,13.569999694824219,17110,0.0,0.0,0.0
2025-06-27 04:45:00+00:00,13.569999694824219,13.569999694824219,13.569999694824219,13.569999694824219,21260,0.0,0.0,0.0
2025-06-27 04:50:00+00:00,13.5600004196167,13.569999694824219,13.5600004196167,13.569999694824219,19068,0.0,0.0,0.0
2025-06-27 05:00:00+00:00,13.569999694824219,13.569999694824219,13.569999694824219,13.569999694824219,1298,0.0,0.0,0.0
2025-06-27 05:05:00+00:00,13.5600004196167,13.569999694824219,13.5600004196167,13.569999694824219,27010,0.0,0.0,0.0
2025-06-27 05:10:00+00:00,13.5600004196167,13.5600004196167,13.5600004196167,13.5600004196167,46597,0.0,0.0,0.0
2025-06-27 05:15:00+00:00,13.569999694824219,13.569999694824219,13.550000190734863,13.550000190734863,6750,0.0,0.0,0.0
2025-06-27 05:20:00+00:00,13.550000190734863,13.5600004196167,13.550000190734863,13.5600004196167,66406,0.0,0.0,0.0
2025-06-30 01:00:00+00:00,13.600000381469727,13.609999656677246,13.569999694824219,13.569999694824219,0,0.0,0.0,0.0
2025-06-30 01:05:00+00:00,13.5600004196167,13.579999923706055,13.550000190734863,13.579999923706055,137864,0.0,0.0,0.0
2025-06-30 01:10:00+00:00,13.5600004196167,13.579999923706055,13.5600004196167,13.569999694824219,90646,0.0,0.0,0.0
2025-06-30 01:15:00+00:00,13.579999923706055,13.579999923706055,13.5600004196167,13.569999694824219,126890,0.0,0.0,0.0
2025-06-30 01:20:00+00:00,13.5600004196167,13.579999923706055,13.5600004196167,13.579999923706055,78055,0.0,0.0,0.0
2025-06-30 01:25:00+00:00,13.579999923706055,13.579999923706055,13.5600004196167,13.569999694824219,9289,0.0,0.0,0.0
2025-06-30 01:30:00+00:00,13.579999923706055,13.579999923706055,13.569999694824219,13.569999694824219,21437,0.0,0.0,0.0
2025-06-30 01:35:00+00:00,13.579999923706055,13.579999923706055,13.569999694824219,13.579999923706055,249692,0.0,0.0,0.0
2025-06-30 01:40:00+00:00,13.59000015258789,13.59000015258789,13.579999923706055,13.579999923706055,17293,0.0,0.0,0.0
2025-06-30 01:45:00+00:00,13.579999923706055,13.59000015258789,13.579999923706055,13.59000015258789,27137,0.0,0.0,0.0
2025-06-30 01:50:00+00:00,13.59000015258789,13.59000015258789,13.579999923706055,13.579999923706055,3044,0.0,0.0,0.0
2025-06-30 01:55:00+00:00,13.569999694824219,13.579999923706055,13.569999694824219,13.569999694824219,16422,0.0,0.0,0.0
2025-06-30 02:00:00+00:00,13.579999923706055,13.579999923706055,13.579999923706055,13.579999923706055,4151,0.0,0.0,0.0
2025-06-30 02:05:00+00:00,13.579999923706055,13.579999923706055,13.569999694824219,13.569999694824219,8250,0.0,0.0,0.0
2025-06-30 02:10:00+00:00,13.579999923706055,13.579999923706055,13.569999694824219,13.579999923706055,7175,0.0,0.0,0.0
2025-06-30 02:15:00+00:00,13.579999923706055,13.579999923706055,13.569999694824219,13.579999923706055,29393,0.0,0.0,0.0
2025-06-30 02:20:00+00:00,13.579999923706055,13.579999923706055,13.569999694824219,13.579999923706055,99160,0.0,0.0,0.0
2025-06-30 02:25:00+00:00,13.579999923706055,13.579999923706055,13.569999694824219,13.579999923706055,27357,0.0,0.0,0.0
2025-06-30 02:30:00+00:00,13.579999923706055,13.579999923706055,13.569999694824219,13.569999694824219,5307,0.0,0.0,0.0
2025-06-30 02:35:00+00:00,13.579999923706055,13.579999923706055,13.579999923706055,13.579999923706055,13601,0.0,0.0,0.0
2025-06-30 02:40:00+00:00,13.579999923706055,13.579999923706055,13.579999923706055,13.579999923706055,2107,0.0,0.0,0.0
2025-06-30 02:45:00+00:00,13.569999694824219,13.579999923706055,13.569999694824219,13.569999694824219,62114,0.0,0.0,0.0
2025-06-30 02:50:00+00:00,13.5600004196167,13.569999694824219,13.5600004196167,13.569999694824219,11192,0.0,0.0,0.0
2025-06-30 02:55:00+00:00,13.569999694824219,13.569999694824219,13.5600004196167,13.5600004196167,19131,0.0,0.0,0.0
2025-06-30 03:00:00+00:00,13.550000190734863,13.5600004196167,13.550000190734863,13.550000190734863,89945,0.0,0.0,0.0
2025-06-30 03:05:00+00:00,13.5600004196167,13.5600004196167,13.550000190734863,13.550000190734863,82414,0.0,0.0,0.0
2025-06-30 03:10:00+00:00,13.550000190734863,13.550000190734863,13.550000190734863,13.550000190734863,27044,0.0,0.0,0.0
2025-06-30 03:15:00+00:00,13.5600004196167,13.5600004196167,13.550000190734863,13.550000190734863,7087,0.0,0.0,0.0
2025-06-30 03:20:00+00:00,13.539999961853027,13.539999961853027,13.539999961853027,13.539999961853027,2535,0.0,0.0,0.0
2025-06-30 03:25:00+00:00,13.550000190734863,13.550000190734863,13.550000190734863,13.550000190734863,12017,0.0,0.0,0.0
2025-06-30 03:30:00+00:00,13.550000190734863,13.550000190734863,13.539999961853027,13.550000190734863,13587,0.0,0.0,0.0
2025-06-30 03:35:00+00:00,13.550000190734863,13.5600004196167,13.539999961853027,13.5600004196167,156222,0.0,0.0,0.0
2025-06-30 03:40:00+00:00,13.5600004196167,13.5600004196167,13.539999961853027,13.539999961853027,11508,0.0,0.0,0.0
2025-06-30 03:45:00+00:00,13.529999732971191,13.539999961853027,13.529999732971191,13.539999961853027,3517,0.0,0.0,0.0
2025-06-30 03:50:00+00:00,13.539999961853027,13.550000190734863,13.539999961853027,13.550000190734863,17214,0.0,0.0,0.0
2025-06-30 03:55:00+00:00,13.539999961853027,13.539999961853027,13.539999961853027,13.539999961853027,5383,0.0,0.0,0.0
2025-06-30 04:00:00+00:00,13.539999961853027,13.539999961853027,13.529999732971191,13.529999732971191,7584,0.0,0.0,0.0
2025-06-30 04:05:00+00:00,13.5600004196167,13.5600004196167,13.5600004196167,13.5600004196167,2297,0.0,0.0,0.0
2025-06-30 04:10:00+00:00,13.5600004196167,13.5600004196167,13.5600004196167,13.5600004196167,7277,0.0,0.0,0.0
2025-06-30 04:15:00+00:00,13.5600004196167,13.5600004196167,13.5600004196167,13.5600004196167,6267,0.0,0.0,0.0
2025-06-30 04:20:00+00:00,13.5600004196167,13.5600004196167,13.550000190734863,13.5600004196167,25885,0.0,0.0,0.0
2025-06-30 04:25:00+00:00,13.5600004196167,13.5600004196167,13.550000190734863,13.550000190734863,9375,0.0,0.0,0.0
2025-06-30 04:30:00+00:00,13.5600004196167,13.5600004196167,13.550000190734863,13.5600004196167,25899,0.0,0.0,0.0
2025-06-30 04:35:00+00:00,13.550000190734863,13.5600004196167,13.550000190734863,13.5600004196167,51125,0.0,0.0,0.0
2025-06-30 04:40:00+00:00,13.550000190734863,13.5600004196167,13.550000190734863,13.5600004196167,11100,0.0,0.0,0.0
2025-06-30 04:45:00+00:00,13.5600004196167,13.5600004196167,13.5600004196167,13.5600004196167,11098,0.0,0.0,0.0
2025-06-30 04:50:00+00:00,13.550000190734863,13.5600004196167,13.550000190734863,13.5600004196167,17875,0.0,0.0,0.0
2025-06-30 04:55:00+00:00,13.5600004196167,13.5600004196167,13.550000190734863,13.550000190734863,5466,0.0,0.0,0.0
2025-06-30 05:00:00+00:00,13.550000190734863,13.550000190734863,13.550000190734863,13.550000190734863,9138,0.0,0.0,0.0
2025-06-30 05:05:00+00:00,13.550000190734863,13.550000190734863,13.550000190734863,13.550000190734863,72226,0.0,0.0,0.0
2025-06-30 05:10:00+00:00,13.550000190734863,13.569999694824219,13.550000190734863,13.569999694824219,70132,0.0,0.0,0.0
2025-06-30 05:15:00+00:00,13.569999694824219,13.569999694824219,13.550000190734863,13.550000190734863,14702,0.0,0.0,0.0
2025-06-30 05:20:00+00:00,13.550000190734863,13.5600004196167,13.550000190734863,13.550000190734863,45252,0.0,0.0,0.0
2025-07-01 01:00:00+00:00,13.600000381469727,13.640000343322754,13.600000381469727,13.630000114440918,0,0.0,0.0,0.0
2025-07-01 01:05:00+00:00,13.640000343322754,13.680000305175781,13.640000343322754,13.680000305175781,432000,0.0,0.0,0.0
2025-07-01 01:10:00+00:00,13.680000305175781,13.699999809265137,13.680000305175781,13.699999809265137,390148,0.0,0.0,0.0
2025-07-01 01:15:00+00:00,13.699999809265137,13.710000038146973,13.699999809265137,13.699999809265137,81735,0.0,0.0,0.0
2025-07-01 01:20:00+00:00,13.6899995803833,13.710000038146973,13.6899995803833,13.699999809265137,279199,0.0,0.0,0.0
2025-07-01 01:25:00+00:00,13.699999809265137,13.710000038146973,13.6899995803833,13.699999809265137,114801,0.0,0.0,0.0
2025-07-01 01:30:00+00:00,13.699999809265137,13.729999542236328,13.6899995803833,13.729999542236328,654180,0.0,0.0,0.0
2025-07-01 01:35:00+00:00,13.739999771118164,13.760000228881836,13.739999771118164,13.760000228881836,450457,0.0,0.0,0.0
2025-07-01 01:40:00+00:00,13.75,13.779999732971191,13.75,13.770000457763672,272022,0.0,0.0,0.0
2025-07-01 01:45:00+00:00,13.770000457763672,13.770000457763672,13.760000228881836,13.770000457763672,162583,0.0,0.0,0.0
2025-07-01 01:50:00+00:00,13.770000457763672,13.770000457763672,13.760000228881836,13.760000228881836,26111,0.0,0.0,0.0
2025-07-01 01:55:00+00:00,13.760000228881836,13.779999732971191,13.760000228881836,13.779999732971191,350183,0.0,0.0,0.0
2025-07-01 02:00:00+00:00,13.779999732971191,13.779999732971191,13.770000457763672,13.770000457763672,5292,0.0,0.0,0.0
2025-07-01 02:05:00+00:00,13.770000457763672,13.770000457763672,13.760000228881836,13.760000228881836,42133,0.0,0.0,0.0
2025-07-01 02:10:00+00:00,13.770000457763672,13.779999732971191,13.760000228881836,13.770000457763672,596433,0.0,0.0,0.0
2025-07-01 02:15:00+00:00,13.770000457763672,13.770000457763672,13.770000457763672,13.770000457763672,43245,0.0,0.0,0.0
2025-07-01 02:20:00+00:00,13.770000457763672,13.770000457763672,13.770000457763672,13.770000457763672,25264,0.0,0.0,0.0
2025-07-01 02:25:00+00:00,13.760000228881836,13.770000457763672,13.760000228881836,13.760000228881836,41542,0.0,0.0,0.0
2025-07-01 02:30:00+00:00,13.760000228881836,13.760000228881836,13.75,13.75,44434,0.0,0.0,0.0
2025-07-01 02:35:00+00:00,13.75,13.75,13.739999771118164,13.75,47044,0.0,0.0,0.0
2025-07-01 02:40:00+00:00,13.75,13.75,13.75,13.75,2058,0.0,0.0,0.0
2025-07-01 02:45:00+00:00,13.739999771118164,13.739999771118164,13.739999771118164,13.739999771118164,5449,0.0,0.0,0.0
2025-07-01 02:50:00+00:00,13.729999542236328,13.739999771118164,13.729999542236328,13.739999771118164,69094,0.0,0.0,0.0
2025-07-01 02:55:00+00:00,13.75,13.760000228881836,13.739999771118164,13.75,197010,0.0,0.0,0.0
2025-07-01 03:00:00+00:00,13.760000228881836,13.760000228881836,13.75,13.75,73802,0.0,0.0,0.0
2025-07-01 03:05:00+00:00,13.75,13.75,13.739999771118164,13.739999771118164,7253,0.0,0.0,0.0
2025-07-01 03:10:00+00:00,13.739999771118164,13.739999771118164,13.739999771118164,13.739999771118164,15820,0.0,0.0,0.0
2025-07-01 03:15:00+00:00,13.739999771118164,13.739999771118164,13.720000267028809,13.720000267028809,16490,0.0,0.0,0.0
2025-07-01 03:20:00+00:00,13.720000267028809,13.729999542236328,13.710000038146973,13.729999542236328,17157,0.0,0.0,0.0
2025-07-01 03:25:00+00:00,13.720000267028809,13.720000267028809,13.699999809265137,13.699999809265137,79362,0.0,0.0,0.0
2025-07-01 03:30:00+00:00,13.710000038146973,13.710000038146973,13.6899995803833,13.6899995803833,212213,0.0,0.0,0.0
2025-07-01 03:35:00+00:00,13.699999809265137,13.699999809265137,13.680000305175781,13.680000305175781,16054,0.0,0.0,0.0
2025-07-01 03:40:00+00:00,13.680000305175781,13.680000305175781,13.670000076293945,13.670000076293945,13566,0.0,0.0,0.0
2025-07-01 03:45:00+00:00,13.680000305175781,13.680000305175781,13.670000076293945,13.670000076293945,29275,0.0,0.0,0.0
2025-07-01 03:50:00+00:00,13.680000305175781,13.680000305175781,13.670000076293945,13.670000076293945,2798,0.0,0.0,0.0
2025-07-01 03:55:00+00:00,13.670000076293945,13.680000305175781,13.670000076293945,13.680000305175781,35145,0.0,0.0,0.0
2025-07-01 04:00:00+00:00,13.670000076293945,13.699999809265137,13.670000076293945,13.699999809265137,36052,0.0,0.0,0.0
2025-07-01 04:05:00+00:00,13.699999809265137,13.699999809265137,13.680000305175781,13.680000305175781,6169,0.0,0.0,0.0
2025-07-01 04:10:00+00:00,13.680000305175781,13.680000305175781,13.670000076293945,13.670000076293945,7414,0.0,0.0,0.0
2025-07-01 04:15:00+00:00,13.680000305175781,13.680000305175781,13.680000305175781,13.680000305175781,4117,0.0,0.0,0.0
2025-07-01 04:20:00+00:00,13.670000076293945,13.670000076293945,13.640000343322754,13.640000343322754,217928,0.0,0.0,0.0
2025-07-01 04:25:00+00:00,13.640000343322754,13.640000343322754,13.630000114440918,13.630000114440918,12017,0.0,0.0,0.0
2025-07-01 04:30:00+00:00,13.640000343322754,13.640000343322754,13.630000114440918,13.630000114440918,26143,0.0,0.0,0.0
2025-07-01 04:35:00+00:00,13.630000114440918,13.640000343322754,13.630000114440918,13.640000343322754,54720,0.0,0.0,0.0
2025-07-01 04:40:00+00:00,13.640000343322754,13.640000343322754,13.630000114440918,13.630000114440918,14020,0.0,0.0,0.0
2025-07-01 04:45:00+00:00,13.630000114440918,13.640000343322754,13.630000114440918,13.640000343322754,5510,0.0,0.0,0.0
2025-07-01 04:50:00+00:00,13.640000343322754,13.640000343322754,13.630000114440918,13.640000343322754,87035,0.0,0.0,0.0
2025-07-01 04:55:00+00:00,13.640000343322754,13.649999618530273,13.640000343322754,13.640000343322754,25292,0.0,0.0,0.0
2025-07-01 05:00:00+00:00,13.640000343322754,13.649999618530273,13.640000343322754,13.649999618530273,38030,0.0,0.0,0.0
2025-07-01 05:05:00+00:00,13.649999618530273,13.649999618530273,13.640000343322754,13.640000343322754,42640,0.0,0.0,0.0
2025-07-01 05:10:00+00:00,13.640000343322754,13.640000343322754,13.640000343322754,13.640000343322754,6362,0.0,0.0,0.0
2025-07-01 05:15:00+00:00,13.649999618530273,13.649999618530273,13.649999618530273,13.649999618530273,2930,0.0,0.0,0.0
2025-07-01 05:20:00+00:00,13.649999618530273,13.65999984741211,13.649999618530273,13.65999984741211,43810,0.0,0.0,0.0
2025-07-01 05:25:00+00:00,13.649999618530273,13.649999618530273,13.640000343322754,13.640000343322754,20869,0.0,0.0,0.0
2025-05-05 01:00:00+00:00,12.399999618530273,12.420000076293945,12.369999885559082,12.380000114440918,0,0.0,0.0,0.0
2025-05-05 01:05:00+00:00,12.390000343322754,12.390000343322754,12.300000190734863,12.300000190734863,308938,0.0,0.0,0.0
2025-05-05 01:10:00+00:00,12.300000190734863,12.319999694824219,12.300000190734863,12.319999694824219,173217,0.0,0.0,0.0
2025-05-05 01:15:00+00:00,12.319999694824219,12.369999885559082,12.319999694824219,12.329999923706055,136162,0.0,0.0,0.0
2025-05-05 01:20:00+00:00,12.329999923706055,12.34000015258789,12.289999961853027,12.289999961853027,89620,0.0,0.0,0.0
2025-05-05 01:25:00+00:00,12.289999961853027,12.300000190734863,12.25,12.25,71215,0.0,0.0,0.0
2025-05-05 01:30:00+00:00,12.239999771118164,12.239999771118164,12.1899995803833,12.199999809265137,313708,0.0,0.0,0.0
2025-05-05 01:35:00+00:00,12.210000038146973,12.229999542236328,12.149999618530273,12.170000076293945,335957,0.0,0.0,0.0
2025-05-05 01:40:00+00:00,12.180000305175781,12.180000305175781,12.149999618530273,12.149999618530273,45687,0.0,0.0,0.0
2025-05-05 01:45:00+00:00,12.149999618530273,12.15999984741211,12.100000381469727,12.100000381469727,71749,0.0,0.0,0.0
2025-05-05 01:50:00+00:00,12.109999656677246,12.130000114440918,12.09000015258789,12.130000114440918,187046,0.0,0.0,0.0
2025-05-05 01:55:00+00:00,12.119999885559082,12.119999885559082,12.100000381469727,12.109999656677246,100345,0.0,0.0,0.0
2025-05-05 02:00:00+00:00,12.119999885559082,12.149999618530273,12.119999885559082,12.130000114440918,94860,0.0,0.0,0.0
2025-05-05 02:05:00+00:00,12.130000114440918,12.130000114440918,12.0600004196167,12.069999694824219,83519,0.0,0.0,0.0
2025-05-05 02:10:00+00:00,12.0600004196167,12.100000381469727,12.0600004196167,12.100000381469727,91409,0.0,0.0,0.0
2025-05-05 02:15:00+00:00,12.109999656677246,12.119999885559082,12.100000381469727,12.109999656677246,43734,0.0,0.0,0.0
2025-05-05 02:20:00+00:00,12.09000015258789,12.100000381469727,12.09000015258789,12.100000381469727,23238,0.0,0.0,0.0
2025-05-05 02:25:00+00:00,12.100000381469727,12.109999656677246,12.100000381469727,12.109999656677246,13140,0.0,0.0,0.0
2025-05-05 02:30:00+00:00,12.109999656677246,12.130000114440918,12.079999923706055,12.100000381469727,566275,0.0,0.0,0.0
2025-05-05 02:35:00+00:00,12.079999923706055,12.100000381469727,12.079999923706055,12.079999923706055,25507,0.0,0.0,0.0
2025-05-05 02:40:00+00:00,12.100000381469727,12.100000381469727,12.069999694824219,12.069999694824219,38890,0.0,0.0,0.0
2025-05-05 02:45:00+00:00,12.079999923706055,12.09000015258789,12.069999694824219,12.09000015258789,106152,0.0,0.0,0.0
2025-05-05 02:50:00+00:00,12.09000015258789,12.109999656677246,12.09000015258789,12.109999656677246,18187,0.0,0.0,0.0
2025-05-05 02:55:00+00:00,12.119999885559082,12.119999885559082,12.119999885559082,12.119999885559082,3100,0.0,0.0,0.0
2025-05-05 03:00:00+00:00,12.130000114440918,12.140000343322754,12.130000114440918,12.140000343322754,12678,0.0,0.0,0.0
2025-05-05 03:05:00+00:00,12.140000343322754,12.140000343322754,12.100000381469727,12.100000381469727,78909,0.0,0.0,0.0
2025-05-05 03:10:00+00:00,12.100000381469727,12.140000343322754,12.100000381469727,12.130000114440918,17427,0.0,0.0,0.0
2025-05-05 03:15:00+00:00,12.119999885559082,12.130000114440918,12.100000381469727,12.109999656677246,9294,0.0,0.0,0.0
2025-05-05 03:20:00+00:00,12.130000114440918,12.1899995803833,12.130000114440918,12.170000076293945,37352,0.0,0.0,0.0
2025-05-05 03:25:00+00:00,12.170000076293945,12.170000076293945,12.15999984741211,12.170000076293945,3057,0.0,0.0,0.0
2025-05-05 03:30:00+00:00,12.170000076293945,12.199999809265137,12.149999618530273,12.199999809265137,33438,0.0,0.0,0.0
2025-05-05 03:35:00+00:00,12.199999809265137,12.199999809265137,12.180000305175781,12.1899995803833,39177,0.0,0.0,0.0
2025-05-05 03:40:00+00:00,12.1899995803833,12.199999809265137,12.180000305175781,12.1899995803833,4219,0.0,0.0,0.0
2025-05-05 03:45:00+00:00,12.1899995803833,12.1899995803833,12.1899995803833,12.1899995803833,120501,0.0,0.0,0.0
2025-05-05 03:50:00+00:00,12.199999809265137,12.199999809265137,12.1899995803833,12.1899995803833,4207,0.0,0.0,0.0
2025-05-05 03:55:00+00:00,12.199999809265137,12.199999809265137,12.199999809265137,12.199999809265137,5064,0.0,0.0,0.0
2025-05-05 04:00:00+00:00,12.210000038146973,12.210000038146973,12.210000038146973,12.210000038146973,20672,0.0,0.0,0.0
2025-05-05 04:05:00+00:00,12.199999809265137,12.210000038146973,12.1899995803833,12.210000038146973,62128,0.0,0.0,0.0
2025-05-05 04:10:00+00:00,12.199999809265137,12.210000038146973,12.199999809265137,12.210000038146973,10094,0.0,0.0,0.0
2025-05-05 04:15:00+00:00,12.210000038146973,12.210000038146973,12.210000038146973,12.210000038146973,39571,0.0,0.0,0.0
2025-05-05 04:20:00+00:00,12.210000038146973,12.220000267028809,12.210000038146973,12.220000267028809,35200,0.0,0.0,0.0
2025-05-05 04:25:00+00:00,12.220000267028809,12.220000267028809,12.210000038146973,12.220000267028809,4604,0.0,0.0,0.0
2025-05-05 04:30:00+00:00,12.220000267028809,12.220000267028809,12.199999809265137,12.210000038146973,12895,0.0,0.0,0.0
2025-05-05 04:35:00+00:00,12.220000267028809,12.220000267028809,12.220000267028809,12.220000267028809,5120,0.0,0.0,0.0
2025-05-05 04:40:00+00:00,12.210000038146973,12.220000267028809,12.210000038146973,12.220000267028809,27473,0.0,0.0,0.0
2025-05-05 04:45:00+00:00,12.220000267028809,12.220000267028809,12.220000267028809,12.220000267028809,7270,0.0,0.0,0.0
2025-05-05 04:50:00+00:00,12.220000267028809,12.220000267028809,12.199999809265137,12.199999809265137,44867,0.0,0.0,0.0
2025-05-05 04:55:00+00:00,12.1899995803833,12.1899995803833,12.170000076293945,12.170000076293945,17299,0.0,0.0,0.0
2025-05-05 05:00:00+00:00,12.199999809265137,12.199999809265137,12.180000305175781,12.180000305175781,20292,0.0,0.0,0.0
2025-05-05 05:05:00+00:00,12.199999809265137,12.199999809265137,12.180000305175781,12.180000305175781,12311,0.0,0.0,0.0
2025-05-05 05:10:00+00:00,12.180000305175781,12.1899995803833,12.170000076293945,12.180000305175781,30918,0.0,0.0,0.0
2025-05-05 05:15:00+00:00,12.1899995803833,12.1899995803833,12.170000076293945,12.170000076293945,25959,0.0,0.0,0.0
2025-05-05 05:20:00+00:00,12.180000305175781,12.180000305175781,12.170000076293945,12.170000076293945,53706,0.0,0.0,0.0
2025-05-06 01:00:00+00:00,12.119999885559082,12.119999885559082,12.0600004196167,12.09000015258789,0,0.0,0.0,0.0
2025-05-06 01:05:00+00:00,12.09000015258789,12.100000381469727,12.09000015258789,12.09000015258789,103815,0.0,0.0,0.0
2025-05-06 01:10:00+00:00,12.109999656677246,12.119999885559082,12.100000381469727,12.119999885559082,77954,0.0,0.0,0.0
2025-05-06 01:15:00+00:00,12.140000343322754,12.140000343322754,12.119999885559082,12.140000343322754,33235,0.0,0.0,0.0
2025-05-06 01:20:00+00:00,12.140000343322754,12.1899995803833,12.140000343322754,12.1899995803833,52473,0.0,0.0,0.0
2025-05-06 01:25:00+00:00,12.1899995803833,12.1899995803833,12.180000305175781,12.180000305175781,11273,0.0,0.0,0.0
2025-05-06 01:30:00+00:00,12.1899995803833,12.199999809265137,12.1899995803833,12.1899995803833,141603,0.0,0.0,0.0
2025-05-06 01:35:00+00:00,12.180000305175781,12.1899995803833,12.180000305175781,12.1899995803833,6252,0.0,0.0,0.0
2025-05-06 01:40:00+00:00,12.180000305175781,12.180000305175781,12.170000076293945,12.170000076293945,8696,0.0,0.0,0.0
2025-05-06 01:45:00+00:00,12.170000076293945,12.180000305175781,12.149999618530273,12.15999984741211,164173,0.0,0.0,0.0
2025-05-06 01:50:00+00:00,12.15999984741211,12.15999984741211,12.15999984741211,12.15999984741211,6128,0.0,0.0,0.0
2025-05-06 01:55:00+00:00,12.15999984741211,12.180000305175781,12.149999618530273,12.170000076293945,31168,0.0,0.0,0.0
2025-05-06 02:00:00+00:00,12.180000305175781,12.180000305175781,12.180000305175781,12.180000305175781,13232,0.0,0.0,0.0
2025-05-06 02:05:00+00:00,12.180000305175781,12.180000305175781,12.180000305175781,12.180000305175781,25016,0.0,0.0,0.0
2025-05-06 02:10:00+00:00,12.1899995803833,12.210000038146973,12.180000305175781,12.210000038146973,186058,0.0,0.0,0.0
2025-05-06 02:15:00+00:00,12.210000038146973,12.210000038146973,12.1899995803833,12.199999809265137,25416,0.0,0.0,0.0
2025-05-06 02:20:00+00:00,12.199999809265137,12.199999809265137,12.199999809265137,12.199999809265137,3394,0.0,0.0,0.0
2025-05-06 02:25:00+00:00,12.199999809265137,12.199999809265137,12.199999809265137,12.199999809265137,7151,0.0,0.0,0.0
2025-05-06 02:30:00+00:00,12.199999809265137,12.199999809265137,12.199999809265137,12.199999809265137,10044,0.0,0.0,0.0
2025-05-06 02:35:00+00:00,12.199999809265137,12.199999809265137,12.1899995803833,12.199999809265137,52575,0.0,0.0,0.0
2025-05-06 02:40:00+00:00,12.210000038146973,12.220000267028809,12.210000038146973,12.220000267028809,57783,0.0,0.0,0.0
2025-05-06 02:45:00+00:00,12.220000267028809,12.220000267028809,12.199999809265137,12.199999809265137,17171,0.0,0.0,0.0
2025-05-06 02:50:00+00:00,12.210000038146973,12.220000267028809,12.210000038146973,12.220000267028809,10043,0.0,0.0,0.0
2025-05-06 02:55:00+00:00,12.220000267028809,12.220000267028809,12.220000267028809,12.220000267028809,5440,0.0,0.0,0.0
2025-05-06 03:00:00+00:00,12.210000038146973,12.220000267028809,12.199999809265137,12.199999809265137,25067,0.0,0.0,0.0
2025-05-06 03:05:00+00:00,12.210000038146973,12.210000038146973,12.199999809265137,12.199999809265137,5311,0.0,0.0,0.0
2025-05-06 03:10:00+00:00,12.199999809265137,12.199999809265137,12.199999809265137,12.199999809265137,15669,0.0,0.0,0.0
2025-05-06 03:15:00+00:00,12.199999809265137,12.199999809265137,12.1899995803833,12.199999809265137,57058,0.0,0.0,0.0
2025-05-06 03:20:00+00:00,12.210000038146973,12.220000267028809,12.210000038146973,12.220000267028809,2144,0.0,0.0,0.0
2025-05-06 03:25:00+00:00,12.210000038146973,12.220000267028809,12.210000038146973,12.210000038146973,23036,0.0,0.0,0.0
2025-05-06 03:30:00+00:00,12.220000267028809,12.220000267028809,12.220000267028809,12.220000267028809,95036,0.0,0.0,0.0
2025-05-06 03:35:00+00:00,12.220000267028809,12.229999542236328,12.220000267028809,12.229999542236328,52383,0.0,0.0,0.0
2025-05-06 03:40:00+00:00,12.229999542236328,12.229999542236328,12.229999542236328,12.229999542236328,1384,0.0,0.0,0.0
2025-05-06 03:45:00+00:00,12.220000267028809,12.229999542236328,12.210000038146973,12.210000038146973,23084,0.0,0.0,0.0
2025-05-06 03:50:00+00:00,12.229999542236328,12.229999542236328,12.210000038146973,12.210000038146973,8103,0.0,0.0,0.0
2025-05-06 03:55:00+00:00,12.220000267028809,12.220000267028809,12.199999809265137,12.199999809265137,18360,0.0,0.0,0.0
2025-05-06 04:00:00+00:00,12.210000038146973,12.220000267028809,12.210000038146973,12.220000267028809,14262,0.0,0.0,0.0
2025-05-06 04:05:00+00:00,12.210000038146973,12.210000038146973,12.210000038146973,12.210000038146973,2070,0.0,0.0,0.0
2025-05-06 04:10:00+00:00,12.210000038146973,12.220000267028809,12.210000038146973,12.220000267028809,4106,0.0,0.0,0.0
2025-05-06 04:15:00+00:00,12.199999809265137,12.220000267028809,12.199999809265137,12.220000267028809,8109,0.0,0.0,0.0
2025-05-06 04:20:00+00:00,12.210000038146973,12.210000038146973,12.210000038146973,12.210000038146973,5370,0.0,0.0,0.0
2025-05-06 04:25:00+00:00,12.199999809265137,12.210000038146973,12.199999809265137,12.210000038146973,5070,0.0,0.0,0.0
2025-05-06 04:30:00+00:00,12.210000038146973,12.210000038146973,12.210000038146973,12.210000038146973,2260,0.0,0.0,0.0
2025-05-06 04:35:00+00:00,12.199999809265137,12.210000038146973,12.199999809265137,12.199999809265137,22120,0.0,0.0,0.0
2025-05-06 04:40:00+00:00,12.199999809265137,12.220000267028809,12.199999809265137,12.220000267028809,5199,0.0,0.0,0.0
2025-05-06 04:45:00+00:00,12.210000038146973,12.210000038146973,12.199999809265137,12.199999809265137,12410,0.0,0.0,0.0
2025-05-06 04:50:00+00:00,12.199999809265137,12.199999809265137,12.1899995803833,12.1899995803833,11100,0.0,0.0,0.0
2025-05-06 04:55:00+00:00,12.1899995803833,12.1899995803833,12.1899995803833,12.1899995803833,2580,0.0,0.0,0.0
2025-05-06 05:00:00+00:00,12.180000305175781,12.180000305175781,12.180000305175781,12.180000305175781,9300,0.0,0.0,0.0
2025-05-06 05:05:00+00:00,12.1899995803833,12.1899995803833,12.180000305175781,12.1899995803833,6501,0.0,0.0,0.0
2025-05-06 05:10:00+00:00,12.180000305175781,12.180000305175781,12.170000076293945,12.170000076293945,130160,0.0,0.0,0.0
2025-05-06 05:15:00+00:00,12.180000305175781,12.180000305175781,12.170000076293945,12.170000076293945,6845,0.0,0.0,0.0
2025-05-06 05:20:00+00:00,12.170000076293945,12.170000076293945,12.15999984741211,12.15999984741211,152861,0.0,0.0,0.0
2025-05-07 01:00:00+00:00,12.210000038146973,12.319999694824219,12.210000038146973,12.319999694824219,0,0.0,0.0,0.0
2025-05-07 01:05:00+00:00,12.319999694824219,12.319999694824219,12.270000457763672,12.270000457763672,22000,0.0,0.0,0.0
2025-05-07 01:10:00+00:00,12.279999732971191,12.279999732971191,12.260000228881836,12.260000228881836,62647,0.0,0.0,0.0
2025-05-07 01:15:00+00:00,12.260000228881836,12.260000228881836,12.220000267028809,12.220000267028809,522117,0.0,0.0,0.0
2025-05-07 01:20:00+00:00,12.210000038146973,12.210000038146973,12.210000038146973,12.210000038146973,14482,0.0,0.0,0.0
2025-05-07 01:25:00+00:00,12.229999542236328,12.229999542236328,12.220000267028809,12.220000267028809,26019,0.0,0.0,0.0
2025-05-07 01:30:00+00:00,12.210000038146973,12.210000038146973,12.15999984741211,12.170000076293945,35272,0.0,0.0,0.0
2025-05-07 01:35:00+00:00,12.149999618530273,12.149999618530273,12.130000114440918,12.130000114440918,23962,0.0,0.0,0.0
2025-05-07 01:40:00+00:00,12.130000114440918,12.140000343322754,12.130000114440918,12.140000343322754,17625,0.0,0.0,0.0
2025-05-07 01:45:00+00:00,12.140000343322754,12.140000343322754,12.140000343322754,12.140000343322754,20038,0.0,0.0,0.0
2025-05-07 01:50:00+00:00,12.140000343322754,12.180000305175781,12.140000343322754,12.180000305175781,34319,0.0,0.0,0.0
2025-05-07 01:55:00+00:00,12.180000305175781,12.180000305175781,12.170000076293945,12.180000305175781,10066,0.0,0.0,0.0
2025-05-07 02:00:00+00:00,12.170000076293945,12.170000076293945,12.149999618530273,12.149999618530273,18056,0.0,0.0,0.0
2025-05-07 02:05:00+00:00,12.149999618530273,12.170000076293945,12.149999618530273,12.170000076293945,19245,0.0,0.0,0.0
2025-05-07 02:10:00+00:00,12.180000305175781,12.180000305175781,12.15999984741211,12.15999984741211,8049,0.0,0.0,0.0
2025-05-07 02:15:00+00:00,12.170000076293945,12.180000305175781,12.170000076293945,12.180000305175781,2049,0.0,0.0,0.0
2025-05-07 02:20:00+00:00,12.170000076293945,12.170000076293945,12.170000076293945,12.170000076293945,2056,0.0,0.0,0.0
2025-05-07 02:25:00+00:00,12.15999984741211,12.170000076293945,12.15999984741211,12.170000076293945,40343,0.0,0.0,0.0
2025-05-07 02:30:00+00:00,12.170000076293945,12.170000076293945,12.170000076293945,12.170000076293945,9062,0.0,0.0,0.0
2025-05-07 02:35:00+00:00,12.170000076293945,12.180000305175781,12.170000076293945,12.180000305175781,184850,0.0,0.0,0.0
2025-05-07 02:40:00+00:00,12.170000076293945,12.170000076293945,12.15999984741211,12.15999984741211,61127,0.0,0.0,0.0
2025-05-07 02:45:00+00:00,12.15999984741211,12.15999984741211,12.15999984741211,12.15999984741211,52735,0.0,0.0,0.0
2025-05-07 02:50:00+00:00,12.149999618530273,12.15999984741211,12.140000343322754,12.15999984741211,146090,0.0,0.0,0.0
2025-05-07 02:55:00+00:00,12.149999618530273,12.149999618530273,12.140000343322754,12.140000343322754,236518,0.0,0.0,0.0
2025-05-07 03:00:00+00:00,12.140000343322754,12.15999984741211,12.140000343322754,12.15999984741211,13048,0.0,0.0,0.0
2025-05-07 03:05:00+00:00,12.15999984741211,12.15999984741211,12.15999984741211,12.15999984741211,1210,0.0,0.0,0.0
2025-05-07 03:10:00+00:00,12.15999984741211,12.15999984741211,12.15999984741211,12.15999984741211,6213,0.0,0.0,0.0
2025-05-07 03:20:00+00:00,12.15999984741211,12.170000076293945,12.15999984741211,12.15999984741211,10446,0.0,0.0,0.0
2025-05-07 03:25:00+00:00,12.15999984741211,12.170000076293945,12.15999984741211,12.170000076293945,6025,0.0,0.0,0.0
2025-05-07 03:30:00+00:00,12.170000076293945,12.170000076293945,12.15999984741211,12.15999984741211,6134,0.0,0.0,0.0
2025-05-07 03:35:00+00:00,12.15999984741211,12.15999984741211,12.15999984741211,12.15999984741211,2001,0.0,0.0,0.0
2025-05-07 03:40:00+00:00,12.15999984741211,12.15999984741211,12.15999984741211,12.15999984741211,5284,0.0,0.0,0.0
2025-05-07 03:45:00+00:00,12.15999984741211,12.170000076293945,12.15999984741211,12.170000076293945,12110,0.0,0.0,0.0
2025-05-07 03:50:00+00:00,12.170000076293945,12.180000305175781,12.170000076293945,12.180000305175781,28626,0.0,0.0,0.0
2025-05-07 04:00:00+00:00,12.15999984741211,12.15999984741211,12.15999984741211,12.15999984741211,1347,0.0,0.0,0.0
2025-05-07 04:05:00+00:00,12.15999984741211,12.15999984741211,12.15999984741211,12.15999984741211,2047,0.0,0.0,0.0
2025-05-07 04:10:00+00:00,12.180000305175781,12.180000305175781,12.180000305175781,12.180000305175781,32546,0.0,0.0,0.0
2025-05-07 04:15:00+00:00,12.180000305175781,12.1899995803833,12.180000305175781,12.1899995803833,22210,0.0,0.0,0.0
2025-05-07 04:25:00+00:00,12.180000305175781,12.180000305175781,12.180000305175781,12.180000305175781,2116,0.0,0.0,0.0
2025-05-07 04:30:00+00:00,12.180000305175781,12.180000305175781,12.170000076293945,12.170000076293945,29081,0.0,0.0,0.0
2025-05-07 04:35:00+00:00,12.15999984741211,12.15999984741211,12.15999984741211,12.15999984741211,5134,0.0,0.0,0.0
2025-05-07 04:40:00+00:00,12.149999618530273,12.15999984741211,12.140000343322754,12.140000343322754,218221,0.0,0.0,0.0
2025-05-07 04:45:00+00:00,12.149999618530273,12.149999618530273,12.140000343322754,12.149999618530273,14285,0.0,0.0,0.0
2025-05-07 04:50:00+00:00,12.149999618530273,12.149999618530273,12.149999618530273,12.149999618530273,1062,0.0,0.0,0.0
2025-05-07 04:55:00+00:00,12.149999618530273,12.15999984741211,12.149999618530273,12.15999984741211,5184,0.0,0.0,0.0
2025-05-07 05:00:00+00:00,12.149999618530273,12.149999618530273,12.149999618530273,12.149999618530273,9277,0.0,0.0,0.0
2025-05-07 05:05:00+00:00,12.149999618530273,12.149999618530273,12.149999618530273,12.149999618530273,5281,0.0,0.0,0.0
2025-05-07 05:10:00+00:00,12.140000343322754,12.149999618530273,12.140000343322754,12.149999618530273,15039,0.0,0.0,0.0
2025-05-07 05:15:00+00:00,12.15999984741211,12.15999984741211,12.15999984741211,12.15999984741211,6474,0.0,0.0,0.0
2025-05-07 05:20:00+00:00,12.170000076293945,12.170000076293945,12.15999984741211,12.15999984741211,18061,0.0,0.0,0.0
2025-05-08 01:00:00+00:00,12.220000267028809,12.270000457763672,12.220000267028809,12.260000228881836,0,0.0,0.0,0.0
2025-05-08 01:05:00+00:00,12.260000228881836,12.270000457763672,12.25,12.270000457763672,84000,0.0,0.0,0.0
2025-05-08 01:10:00+00:00,12.260000228881836,12.300000190734863,12.260000228881836,12.300000190734863,47367,0.0,0.0,0.0
2025-05-08 01:15:00+00:00,12.300000190734863,12.300000190734863,12.270000457763672,12.279999732971191,42139,0.0,0.0,0.0
2025-05-08 01:20:00+00:00,12.270000457763672,12.279999732971191,12.270000457763672,12.279999732971191,681035,0.0,0.0,0.0
2025-05-08 02:25:00+00:00,12.260000228881836,12.260000228881836,12.260000228881836,12.260000228881836,0,0.0,0.0,0.0
2025-05-08 02:35:00+00:00,12.260000228881836,12.260000228881836,12.25,12.260000228881836,22236,0.0,0.0,0.0
2025-05-08 02:40:00+00:00,12.260000228881836,12.270000457763672,12.260000228881836,12.270000457763672,44474,0.0,0.0,0.0
2025-05-08 02:45:00+00:00,12.270000457763672,12.270000457763672,12.260000228881836,12.260000228881836,5053,0.0,0.0,0.0
2025-05-08 02:50:00+00:00,12.270000457763672,12.270000457763672,12.270000457763672,12.270000457763672,26290,0.0,0.0,0.0
2025-05-08 02:55:00+00:00,12.279999732971191,12.279999732971191,12.279999732971191,12.279999732971191,52124,0.0,0.0,0.0
2025-05-08 03:00:00+00:00,12.279999732971191,12.300000190734863,12.279999732971191,12.300000190734863,126782,0.0,0.0,0.0
2025-05-08 03:05:00+00:00,12.3100004196167,12.3100004196167,12.3100004196167,12.3100004196167,1059,0.0,0.0,0.0
2025-05-08 03:10:00+00:00,12.3100004196167,12.3100004196167,12.3100004196167,12.3100004196167,27802,0.0,0.0,0.0
2025-05-08 03:15:00+00:00,12.3100004196167,12.319999694824219,12.3100004196167,12.319999694824219,25265,0.0,0.0,0.0
2025-05-08 03:20:00+00:00,12.329999923706055,12.329999923706055,12.319999694824219,12.319999694824219,17162,0.0,0.0,0.0
2025-05-08 03:25:00+00:00,12.319999694824219,12.329999923706055,12.319999694824219,12.329999923706055,6068,0.0,0.0,0.0
2025-05-08 03:30:00+00:00,12.319999694824219,12.319999694824219,12.319999694824219,12.319999694824219,15229,0.0,0.0,0.0
2025-05-08 03:35:00+00:00,12.319999694824219,12.319999694824219,12.3100004196167,12.3100004196167,7144,0.0,0.0,0.0
2025-05-08 03:45:00+00:00,12.289999961853027,12.300000190734863,12.289999961853027,12.300000190734863,10047,0.0,0.0,0.0
2025-05-08 03:50:00+00:00,12.300000190734863,12.3100004196167,12.300000190734863,12.3100004196167,31054,0.0,0.0,0.0
2025-05-08 03:55:00+00:00,12.319999694824219,12.319999694824219,12.319999694824219,12.319999694824219,1128,0.0,0.0,0.0
2025-05-08 04:00:00+00:00,12.319999694824219,12.319999694824219,12.3100004196167,12.319999694824219,12046,0.0,0.0,0.0
2025-05-08 04:05:00+00:00,12.3100004196167,12.3100004196167,12.300000190734863,12.300000190734863,7041,0.0,0.0,0.0
2025-05-08 04:10:00+00:00,12.300000190734863,12.319999694824219,12.300000190734863,12.319999694824219,70087,0.0,0.0,0.0
2025-05-08 04:15:00+00:00,12.319999694824219,12.329999923706055,12.319999694824219,12.329999923706055,36050,0.0,0.0,0.0
2025-05-08 04:20:00+00:00,12.329999923706055,12.329999923706055,12.329999923706055,12.329999923706055,6769,0.0,0.0,0.0
2025-05-08 04:25:00+00:00,12.319999694824219,12.329999923706055,12.319999694824219,12.319999694824219,16188,0.0,0.0,0.0
2025-05-08 04:30:00+00:00,12.329999923706055,12.34000015258789,12.329999923706055,12.329999923706055,41284,0.0,0.0,0.0
2025-05-08 04:35:00+00:00,12.329999923706055,12.34000015258789,12.329999923706055,12.329999923706055,3324,0.0,0.0,0.0
2025-05-08 04:40:00+00:00,12.329999923706055,12.329999923706055,12.329999923706055,12.329999923706055,29149,0.0,0.0,0.0
2025-05-08 04:45:00+00:00,12.34000015258789,12.350000381469727,12.34000015258789,12.350000381469727,52410,0.0,0.0,0.0
2025-05-08 04:50:00+00:00,12.34000015258789,12.34000015258789,12.34000015258789,12.34000015258789,6671,0.0,0.0,0.0
2025-05-08 05:00:00+00:00,12.350000381469727,12.350000381469727,12.350000381469727,12.350000381469727,80411,0.0,0.0,0.0
2025-05-08 05:05:00+00:00,12.350000381469727,12.350000381469727,12.350000381469727,12.350000381469727,3010,0.0,0.0,0.0
2025-05-08 05:10:00+00:00,12.34000015258789,12.34000015258789,12.329999923706055,12.329999923706055,18517,0.0,0.0,0.0
2025-05-08 05:15:00+00:00,12.329999923706055,12.34000015258789,12.319999694824219,12.329999923706055,48836,0.0,0.0,0.0
2025-05-08 05:20:00+00:00,12.329999923706055,12.329999923706055,12.319999694824219,12.319999694824219,31501,0.0,0.0,0.0
2025-05-09 01:00:00+00:00,12.34000015258789,12.399999618530273,12.34000015258789,12.390000343322754,0,0.0,0.0,0.0
2025-05-09 01:05:00+00:00,12.390000343322754,12.390000343322754,12.390000343322754,12.390000343322754,55630,0.0,0.0,0.0
2025-05-09 01:10:00+00:00,12.380000114440918,12.380000114440918,12.369999885559082,12.369999885559082,55129,0.0,0.0,0.0
2025-05-09 01:15:00+00:00,12.369999885559082,12.40999984741211,12.369999885559082,12.399999618530273,67677,0.0,0.0,0.0
2025-05-09 01:20:00+00:00,12.399999618530273,12.399999618530273,12.399999618530273,12.399999618530273,15426,0.0,0.0,0.0
2025-05-09 01:25:00+00:00,12.399999618530273,12.399999618530273,12.380000114440918,12.380000114440918,23028,0.0,0.0,0.0
2025-05-09 01:30:00+00:00,12.380000114440918,12.380000114440918,12.359999656677246,12.359999656677246,33346,0.0,0.0,0.0
2025-05-09 01:35:00+00:00,12.359999656677246,12.359999656677246,12.350000381469727,12.350000381469727,6467,0.0,0.0,0.0
2025-05-09 01:40:00+00:00,12.350000381469727,12.350000381469727,12.350000381469727,12.350000381469727,15849,0.0,0.0,0.0
2025-05-09 01:45:00+00:00,12.350000381469727,12.369999885559082,12.350000381469727,12.359999656677246,31742,0.0,0.0,0.0
2025-05-09 01:50:00+00:00,12.369999885559082,12.369999885559082,12.369999885559082,12.369999885559082,5091,0.0,0.0,0.0
2025-05-09 01:55:00+00:00,12.369999885559082,12.369999885559082,12.369999885559082,12.369999885559082,16227,0.0,0.0,0.0
2025-05-09 02:00:00+00:00,12.380000114440918,12.380000114440918,12.369999885559082,12.369999885559082,29301,0.0,0.0,0.0
2025-05-09 02:05:00+00:00,12.359999656677246,12.390000343322754,12.359999656677246,12.390000343322754,13292,0.0,0.0,0.0
2025-05-09 02:10:00+00:00,12.390000343322754,12.390000343322754,12.380000114440918,12.380000114440918,11050,0.0,0.0,0.0
2025-05-09 02:15:00+00:00,12.380000114440918,12.380000114440918,12.380000114440918,12.380000114440918,4661,0.0,0.0,0.0
2025-05-09 02:20:00+00:00,12.380000114440918,12.380000114440918,12.380000114440918,12.380000114440918,8049,0.0,0.0,0.0
2025-05-09 02:25:00+00:00,12.380000114440918,12.390000343322754,12.380000114440918,12.390000343322754,17050,0.0,0.0,0.0
2025-05-09 02:30:00+00:00,12.390000343322754,12.399999618530273,12.390000343322754,12.399999618530273,83970,0.0,0.0,0.0
2025-05-09 02:35:00+00:00,12.399999618530273,12.399999618530273,12.399999618530273,12.399999618530273,142103,0.0,0.0,0.0
2025-05-09 02:40:00+00:00,12.399999618530273,12.40999984741211,12.399999618530273,12.40999984741211,47218,0.0,0.0,0.0
2025-05-09 02:45:00+00:00,12.40999984741211,12.420000076293945,12.40999984741211,12.420000076293945,44883,0.0,0.0,0.0
2025-05-09 02:50:00+00:00,12.420000076293945,12.420000076293945,12.40999984741211,12.40999984741211,9050,0.0,0.0,0.0
2025-05-09 02:55:00+00:00,12.40999984741211,12.420000076293945,12.40999984741211,12.420000076293945,12162,0.0,0.0,0.0
2025-05-09 03:00:00+00:00,12.399999618530273,12.399999618530273,12.399999618530273,12.399999618530273,10753,0.0,0.0,0.0
2025-05-09 03:05:00+00:00,12.40999984741211,12.420000076293945,12.40999984741211,12.420000076293945,33154,0.0,0.0,0.0
2025-05-09 03:10:00+00:00,12.420000076293945,12.430000305175781,12.420000076293945,12.430000305175781,45680,0.0,0.0,0.0
2025-05-09 03:15:00+00:00,12.4399995803833,12.4399995803833,12.430000305175781,12.430000305175781,13111,0.0,0.0,0.0
2025-05-09 03:20:00+00:00,12.4399995803833,12.4399995803833,12.420000076293945,12.420000076293945,32051,0.0,0.0,0.0
2025-05-09 03:25:00+00:00,12.420000076293945,12.420000076293945,12.420000076293945,12.420000076293945,32045,0.0,0.0,0.0
2025-05-09 03:30:00+00:00,12.430000305175781,12.449999809265137,12.430000305175781,12.449999809265137,80440,0.0,0.0,0.0
2025-05-09 03:35:00+00:00,12.4399995803833,12.4399995803833,12.4399995803833,12.4399995803833,14816,0.0,0.0,0.0
2025-05-09 03:40:00+00:00,12.4399995803833,12.4399995803833,12.4399995803833,12.4399995803833,2011,0.0,0.0,0.0
2025-05-09 03:45:00+00:00,12.4399995803833,12.4399995803833,12.430000305175781,12.430000305175781,3222,0.0,0.0,0.0
2025-05-09 03:50:00+00:00,12.430000305175781,12.430000305175781,12.430000305175781,12.430000305175781,4016,0.0,0.0,0.0
2025-05-09 03:55:00+00:00,12.4399995803833,12.4399995803833,12.4399995803833,12.4399995803833,40029,0.0,0.0,0.0
2025-05-09 04:00:00+00:00,12.4399995803833,12.449999809265137,12.4399995803833,12.449999809265137,42187,0.0,0.0,0.0
2025-05-09 04:05:00+00:00,12.449999809265137,12.449999809265137,12.4399995803833,12.449999809265137,10070,0.0,0.0,0.0
2025-05-09 04:10:00+00:00,12.449999809265137,12.449999809265137,12.4399995803833,12.4399995803833,37361,0.0,0.0,0.0
2025-05-09 04:15:00+00:00,12.4399995803833,12.4399995803833,12.430000305175781,12.430000305175781,26315,0.0,0.0,0.0
2025-05-09 04:20:00+00:00,12.430000305175781,12.4399995803833,12.420000076293945,12.420000076293945,20060,0.0,0.0,0.0
2025-05-09 04:25:00+00:00,12.430000305175781,12.4399995803833,12.430000305175781,12.4399995803833,29268,0.0,0.0,0.0
2025-05-09 04:30:00+00:00,12.449999809265137,12.449999809265137,12.4399995803833,12.4399995803833,3742,0.0,0.0,0.0
2025-05-09 04:35:00+00:00,12.4399995803833,12.449999809265137,12.4399995803833,12.449999809265137,19644,0.0,0.0,0.0
2025-05-09 04:40:00+00:00,12.449999809265137,12.449999809265137,12.449999809265137,12.449999809265137,10282,0.0,0.0,0.0
2025-05-09 04:45:00+00:00,12.449999809265137,12.449999809265137,12.449999809265137,12.449999809265137,27100,0.0,0.0,0.0
2025-05-09 04:50:00+00:00,12.449999809265137,12.449999809265137,12.4399995803833,12.4399995803833,5073,0.0,0.0,0.0
2025-05-09 04:55:00+00:00,12.4399995803833,12.4399995803833,12.4399995803833,12.4399995803833,7280,0.0,0.0,0.0
2025-05-09 05:00:00+00:00,12.4399995803833,12.449999809265137,12.4399995803833,12.4399995803833,33060,0.0,0.0,0.0
2025-05-09 05:05:00+00:00,12.430000305175781,12.4399995803833,12.430000305175781,12.4399995803833,4552,0.0,0.0,0.0
2025-05-09 05:10:00+00:00,12.4399995803833,12.449999809265137,12.4399995803833,12.4399995803833,23562,0.0,0.0,0.0
2025-05-09 05:15:00+00:00,12.4399995803833,12.449999809265137,12.4399995803833,12.449999809265137,115190,0.0,0.0,0.0
2025-05-09 05:20:00+00:00,12.449999809265137,12.449999809265137,12.4399995803833,12.449999809265137,59911,0.0,0.0,0.0
2025-05-12 01:00:00+00:00,12.529999732971191,12.579999923706055,12.529999732971191,12.579999923706055,0,0.0,0.0,0.0
2025-05-12 01:05:00+00:00,12.59000015258789,12.600000381469727,12.579999923706055,12.600000381469727,233000,0.0,0.0,0.0
2025-05-12 01:10:00+00:00,12.600000381469727,12.609999656677246,12.600000381469727,12.609999656677246,66084,0.0,0.0,0.0
2025-05-12 01:15:00+00:00,12.609999656677246,12.609999656677246,12.600000381469727,12.600000381469727,10397,0.0,0.0,0.0
2025-05-12 01:20:00+00:00,12.600000381469727,12.600000381469727,12.59000015258789,12.600000381469727,86079,0.0,0.0,0.0
2025-05-12 01:25:00+00:00,12.600000381469727,12.600000381469727,12.59000015258789,12.59000015258789,64611,0.0,0.0,0.0
2025-05-12 01:30:00+00:00,12.600000381469727,12.600000381469727,12.59000015258789,12.59000015258789,140694,0.0,0.0,0.0
2025-05-12 01:35:00+00:00,12.59000015258789,12.59000015258789,12.579999923706055,12.59000015258789,99597,0.0,0.0,0.0
2025-05-12 01:40:00+00:00,12.59000015258789,12.59000015258789,12.5600004196167,12.5600004196167,50765,0.0,0.0,0.0
2025-05-12 01:45:00+00:00,12.5600004196167,12.579999923706055,12.5600004196167,12.569999694824219,19043,0.0,0.0,0.0
2025-05-12 01:50:00+00:00,12.579999923706055,12.579999923706055,12.5600004196167,12.5600004196167,36773,0.0,0.0,0.0
2025-05-12 01:55:00+00:00,12.569999694824219,12.569999694824219,12.569999694824219,12.569999694824219,15268,0.0,0.0,0.0
2025-05-12 02:00:00+00:00,12.579999923706055,12.59000015258789,12.579999923706055,12.579999923706055,35851,0.0,0.0,0.0
2025-05-12 02:05:00+00:00,12.579999923706055,12.59000015258789,12.579999923706055,12.579999923706055,19139,0.0,0.0,0.0
2025-05-12 02:10:00+00:00,12.579999923706055,12.59000015258789,12.579999923706055,12.59000015258789,13464,0.0,0.0,0.0
2025-05-12 02:15:00+00:00,12.59000015258789,12.59000015258789,12.579999923706055,12.579999923706055,18538,0.0,0.0,0.0
2025-05-12 02:20:00+00:00,12.579999923706055,12.59000015258789,12.579999923706055,12.59000015258789,53876,0.0,0.0,0.0
2025-05-12 02:25:00+00:00,12.59000015258789,12.600000381469727,12.59000015258789,12.59000015258789,142550,0.0,0.0,0.0
2025-05-12 02:30:00+00:00,12.59000015258789,12.59000015258789,12.579999923706055,12.579999923706055,19250,0.0,0.0,0.0
2025-05-12 02:35:00+00:00,12.579999923706055,12.579999923706055,12.569999694824219,12.569999694824219,46033,0.0,0.0,0.0
2025-05-12 02:40:00+00:00,12.579999923706055,12.579999923706055,12.569999694824219,12.579999923706055,16707,0.0,0.0,0.0
2025-05-12 02:45:00+00:00,12.579999923706055,12.579999923706055,12.579999923706055,12.579999923706055,4693,0.0,0.0,0.0
2025-05-12 02:50:00+00:00,12.579999923706055,12.579999923706055,12.579999923706055,12.579999923706055,10059,0.0,0.0,0.0
2025-05-12 02:55:00+00:00,12.59000015258789,12.59000015258789,12.579999923706055,12.579999923706055,138673,0.0,0.0,0.0
2025-05-12 03:00:00+00:00,12.579999923706055,12.579999923706055,12.5600004196167,12.579999923706055,15062,0.0,0.0,0.0
2025-05-12 03:05:00+00:00,12.579999923706055,12.579999923706055,12.579999923706055,12.579999923706055,4101,0.0,0.0,0.0
2025-05-12 03:10:00+00:00,12.569999694824219,12.569999694824219,12.569999694824219,12.569999694824219,5422,0.0,0.0,0.0
2025-05-12 03:15:00+00:00,12.569999694824219,12.569999694824219,12.5600004196167,12.569999694824219,21140,0.0,0.0,0.0
2025-05-12 03:20:00+00:00,12.569999694824219,12.569999694824219,12.5600004196167,12.5600004196167,11626,0.0,0.0,0.0
2025-05-12 03:25:00+00:00,12.5600004196167,12.5600004196167,12.550000190734863,12.550000190734863,51416,0.0,0.0,0.0
2025-05-12 03:30:00+00:00,12.550000190734863,12.550000190734863,12.539999961853027,12.539999961853027,11439,0.0,0.0,0.0
2025-05-12 03:35:00+00:00,12.539999961853027,12.539999961853027,12.539999961853027,12.539999961853027,14178,0.0,0.0,0.0
2025-05-12 03:40:00+00:00,12.539999961853027,12.539999961853027,12.539999961853027,12.539999961853027,6119,0.0,0.0,0.0
2025-05-12 03:45:00+00:00,12.539999961853027,12.550000190734863,12.529999732971191,12.529999732971191,13318,0.0,0.0,0.0
2025-05-12 03:50:00+00:00,12.529999732971191,12.539999961853027,12.529999732971191,12.539999961853027,9167,0.0,0.0,0.0
2025-05-12 03:55:00+00:00,12.529999732971191,12.539999961853027,12.529999732971191,12.539999961853027,6169,0.0,0.0,0.0
2025-05-12 04:00:00+00:00,12.539999961853027,12.539999961853027,12.539999961853027,12.539999961853027,4458,0.0,0.0,0.0
2025-05-12 04:05:00+00:00,12.539999961853027,12.550000190734863,12.539999961853027,12.550000190734863,13180,0.0,0.0,0.0
2025-05-12 04:10:00+00:00,12.539999961853027,12.539999961853027,12.529999732971191,12.539999961853027,72647,0.0,0.0,0.0
2025-05-12 04:15:00+00:00,12.539999961853027,12.550000190734863,12.539999961853027,12.550000190734863,27063,0.0,0.0,0.0
2025-05-12 04:20:00+00:00,12.550000190734863,12.550000190734863,12.539999961853027,12.550000190734863,6602,0.0,0.0,0.0
2025-05-12 04:25:00+00:00,12.550000190734863,12.550000190734863,12.539999961853027,12.539999961853027,5370,0.0,0.0,0.0
2025-05-12 04:30:00+00:00,12.550000190734863,12.550000190734863,12.550000190734863,12.550000190734863,49970,0.0,0.0,0.0
2025-05-12 04:35:00+00:00,12.550000190734863,12.5600004196167,12.550000190734863,12.5600004196167,2310,0.0,0.0,0.0
2025-05-12 04:40:00+00:00,12.550000190734863,12.550000190734863,12.539999961853027,12.539999961853027,36000,0.0,0.0,0.0
2025-05-12 04:45:00+00:00,12.539999961853027,12.5600004196167,12.539999961853027,12.550000190734863,15010,0.0,0.0,0.0
2025-05-12 04:50:00+00:00,12.550000190734863,12.550000190734863,12.539999961853027,12.539999961853027,6290,0.0,0.0,0.0
2025-05-12 04:55:00+00:00,12.550000190734863,12.5600004196167,12.550000190734863,12.550000190734863,7428,0.0,0.0,0.0
2025-05-12 05:00:00+00:00,12.550000190734863,12.550000190734863,12.539999961853027,12.539999961853027,16180,0.0,0.0,0.0
2025-05-12 05:05:00+00:00,12.550000190734863,12.550000190734863,12.539999961853027,12.550000190734863,30242,0.0,0.0,0.0
2025-05-12 05:10:00+00:00,12.550000190734863,12.550000190734863,12.550000190734863,12.550000190734863,3717,0.0,0.0,0.0
2025-05-12 05:15:00+00:00,12.550000190734863,12.550000190734863,12.539999961853027,12.539999961853027,24543,0.0,0.0,0.0
2025-05-12 05:20:00+00:00,12.539999961853027,12.550000190734863,12.539999961853027,12.550000190734863,129943,0.0,0.0,0.0
2025-05-13 01:00:00+00:00,12.770000457763672,12.949999809265137,12.770000457763672,12.899999618530273,0,0.0,0.0,0.0
2025-05-13 01:05:00+00:00,12.890000343322754,12.890000343322754,12.859999656677246,12.859999656677246,104000,0.0,0.0,0.0
2025-05-13 01:10:00+00:00,12.869999885559082,12.869999885559082,12.829999923706055,12.84000015258789,322404,0.0,0.0,0.0
2025-05-13 01:15:00+00:00,12.829999923706055,12.850000381469727,12.829999923706055,12.84000015258789,230795,0.0,0.0,0.0
2025-05-13 01:20:00+00:00,12.84000015258789,12.869999885559082,12.84000015258789,12.869999885559082,256991,0.0,0.0,0.0
2025-05-13 01:25:00+00:00,12.869999885559082,12.869999885559082,12.869999885559082,12.869999885559082,72804,0.0,0.0,0.0
2025-05-13 01:30:00+00:00,12.880000114440918,12.890000343322754,12.859999656677246,12.890000343322754,99783,0.0,0.0,0.0
2025-05-13 01:35:00+00:00,12.890000343322754,12.890000343322754,12.869999885559082,12.869999885559082,87866,0.0,0.0,0.0
2025-05-13 01:40:00+00:00,12.859999656677246,12.859999656677246,12.850000381469727,12.859999656677246,29295,0.0,0.0,0.0
2025-05-13 01:45:00+00:00,12.859999656677246,12.869999885559082,12.859999656677246,12.869999885559082,53193,0.0,0.0,0.0
2025-05-13 01:50:00+00:00,12.869999885559082,12.869999885559082,12.859999656677246,12.859999656677246,15121,0.0,0.0,0.0
2025-05-13 01:55:00+00:00,12.859999656677246,12.859999656677246,12.850000381469727,12.850000381469727,60242,0.0,0.0,0.0
2025-05-13 02:00:00+00:00,12.869999885559082,12.869999885559082,12.869999885559082,12.869999885559082,20445,0.0,0.0,0.0
2025-05-13 02:05:00+00:00,12.859999656677246,12.859999656677246,12.84000015258789,12.850000381469727,34264,0.0,0.0,0.0
2025-05-13 02:10:00+00:00,12.829999923706055,12.829999923706055,12.819999694824219,12.819999694824219,69708,0.0,0.0,0.0
2025-05-13 02:15:00+00:00,12.819999694824219,12.819999694824219,12.800000190734863,12.8100004196167,144531,0.0,0.0,0.0
2025-05-13 02:20:00+00:00,12.8100004196167,12.819999694824219,12.800000190734863,12.800000190734863,114239,0.0,0.0,0.0
2025-05-13 02:25:00+00:00,12.789999961853027,12.800000190734863,12.789999961853027,12.789999961853027,8005,0.0,0.0,0.0
2025-05-13 02:30:00+00:00,12.789999961853027,12.789999961853027,12.770000457763672,12.770000457763672,60573,0.0,0.0,0.0
2025-05-13 02:35:00+00:00,12.770000457763672,12.789999961853027,12.770000457763672,12.789999961853027,69325,0.0,0.0,0.0
2025-05-13 02:40:00+00:00,12.779999732971191,12.789999961853027,12.779999732971191,12.789999961853027,14579,0.0,0.0,0.0
2025-05-13 02:45:00+00:00,12.800000190734863,12.800000190734863,12.770000457763672,12.770000457763672,15660,0.0,0.0,0.0
2025-05-13 02:50:00+00:00,12.779999732971191,12.779999732971191,12.770000457763672,12.779999732971191,12933,0.0,0.0,0.0
2025-05-13 02:55:00+00:00,12.779999732971191,12.779999732971191,12.779999732971191,12.779999732971191,39093,0.0,0.0,0.0
2025-05-13 03:00:00+00:00,12.779999732971191,12.779999732971191,12.770000457763672,12.770000457763672,50112,0.0,0.0,0.0
2025-05-13 03:05:00+00:00,12.779999732971191,12.779999732971191,12.760000228881836,12.760000228881836,8048,0.0,0.0,0.0
2025-05-13 03:10:00+00:00,12.770000457763672,12.770000457763672,12.770000457763672,12.770000457763672,1059,0.0,0.0,0.0
2025-05-13 03:15:00+00:00,12.770000457763672,12.770000457763672,12.760000228881836,12.770000457763672,34056,0.0,0.0,0.0
2025-05-13 03:20:00+00:00,12.770000457763672,12.779999732971191,12.770000457763672,12.779999732971191,15410,0.0,0.0,0.0
2025-05-13 03:25:00+00:00,12.779999732971191,12.789999961853027,12.779999732971191,12.789999961853027,26081,0.0,0.0,0.0
2025-05-13 03:30:00+00:00,12.789999961853027,12.789999961853027,12.789999961853027,12.789999961853027,7039,0.0,0.0,0.0
2025-05-13 03:35:00+00:00,12.779999732971191,12.789999961853027,12.779999732971191,12.789999961853027,25222,0.0,0.0,0.0
2025-05-13 03:40:00+00:00,12.789999961853027,12.789999961853027,12.779999732971191,12.779999732971191,27205,0.0,0.0,0.0
2025-05-13 03:45:00+00:00,12.779999732971191,12.789999961853027,12.779999732971191,12.789999961853027,7794,0.0,0.0,0.0
2025-05-13 03:50:00+00:00,12.779999732971191,12.779999732971191,12.770000457763672,12.770000457763672,23300,0.0,0.0,0.0
2025-05-13 03:55:00+00:00,12.770000457763672,12.779999732971191,12.770000457763672,12.770000457763672,17048,0.0,0.0,0.0
2025-05-13 04:00:00+00:00,12.779999732971191,12.779999732971191,12.779999732971191,12.779999732971191,1215,0.0,0.0,0.0
2025-05-13 04:05:00+00:00,12.779999732971191,12.789999961853027,12.770000457763672,12.779999732971191,7807,0.0,0.0,0.0
2025-05-13 04:10:00+00:00,12.770000457763672,12.779999732971191,12.770000457763672,12.779999732971191,8518,0.0,0.0,0.0
2025-05-13 04:15:00+00:00,12.779999732971191,12.779999732971191,12.770000457763672,12.779999732971191,7327,0.0,0.0,0.0
2025-05-13 04:20:00+00:00,12.779999732971191,12.779999732971191,12.779999732971191,12.779999732971191,75192,0.0,0.0,0.0
2025-05-13 04:25:00+00:00,12.779999732971191,12.779999732971191,12.770000457763672,12.779999732971191,73352,0.0,0.0,0.0
2025-05-13 04:30:00+00:00,12.789999961853027,12.789999961853027,12.770000457763672,12.770000457763672,3626,0.0,0.0,0.0
2025-05-13 04:35:00+00:00,12.779999732971191,12.779999732971191,12.779999732971191,12.779999732971191,24030,0.0,0.0,0.0
2025-05-13 04:40:00+00:00,12.779999732971191,12.779999732971191,12.770000457763672,12.779999732971191,26506,0.0,0.0,0.0
2025-05-13 04:45:00+00:00,12.770000457763672,12.770000457763672,12.770000457763672,12.770000457763672,3325,0.0,0.0,0.0
2025-05-13 04:50:00+00:00,12.770000457763672,12.779999732971191,12.770000457763672,12.779999732971191,27210,0.0,0.0,0.0
2025-05-13 04:55:00+00:00,12.770000457763672,12.770000457763672,12.760000228881836,12.760000228881836,50285,0.0,0.0,0.0
2025-05-13 05:00:00+00:00,12.770000457763672,12.779999732971191,12.770000457763672,12.779999732971191,48010,0.0,0.0,0.0
2025-05-13 05:05:00+00:00,12.779999732971191,12.779999732971191,12.779999732971191,12.779999732971191,16661,0.0,0.0,0.0
2025-05-13 05:10:00+00:00,12.779999732971191,12.789999961853027,12.779999732971191,12.789999961853027,12400,0.0,0.0,0.0
2025-05-13 05:15:00+00:00,12.789999961853027,12.789999961853027,12.779999732971191,12.779999732971191,23336,0.0,0.0,0.0
2025-05-13 05:20:00+00:00,12.789999961853027,12.789999961853027,12.779999732971191,12.789999961853027,12694,0.0,0.0,0.0
2025-05-14 01:00:00+00:00,12.949999809265137,12.979999542236328,12.949999809265137,12.949999809265137,0,0.0,0.0,0.0
2025-05-14 01:05:00+00:00,12.949999809265137,12.949999809265137,12.9399995803833,12.949999809265137,145425,0.0,0.0,0.0
2025-05-14 01:10:00+00:00,12.949999809265137,12.960000038146973,12.949999809265137,12.949999809265137,57399,0.0,0.0,0.0
2025-05-14 01:15:00+00:00,12.949999809265137,12.960000038146973,12.9399995803833,12.949999809265137,197534,0.0,0.0,0.0
2025-05-14 01:20:00+00:00,12.949999809265137,12.960000038146973,12.949999809265137,12.960000038146973,90048,0.0,0.0,0.0
2025-05-14 01:25:00+00:00,12.960000038146973,12.960000038146973,12.9399995803833,12.960000038146973,95295,0.0,0.0,0.0
2025-05-14 01:30:00+00:00,12.960000038146973,12.960000038146973,12.949999809265137,12.949999809265137,16243,0.0,0.0,0.0
2025-05-14 01:35:00+00:00,12.949999809265137,12.970000267028809,12.949999809265137,12.970000267028809,250740,0.0,0.0,0.0
2025-05-14 01:40:00+00:00,12.970000267028809,13.0,12.970000267028809,12.979999542236328,389720,0.0,0.0,0.0
2025-05-14 01:45:00+00:00,12.979999542236328,12.989999771118164,12.979999542236328,12.979999542236328,12569,0.0,0.0,0.0
2025-05-14 01:50:00+00:00,12.979999542236328,12.989999771118164,12.979999542236328,12.989999771118164,199130,0.0,0.0,0.0
2025-05-14 01:55:00+00:00,12.989999771118164,13.0,12.970000267028809,13.0,246267,0.0,0.0,0.0
2025-05-14 02:00:00+00:00,12.979999542236328,13.0,12.970000267028809,12.979999542236328,60581,0.0,0.0,0.0
2025-05-14 02:05:00+00:00,12.979999542236328,12.979999542236328,12.970000267028809,12.970000267028809,33273,0.0,0.0,0.0
2025-05-14 02:10:00+00:00,12.970000267028809,12.989999771118164,12.970000267028809,12.989999771118164,68158,0.0,0.0,0.0
2025-05-14 02:15:00+00:00,12.989999771118164,13.0,12.989999771118164,12.989999771118164,74714,0.0,0.0,0.0
2025-05-14 02:20:00+00:00,12.989999771118164,12.989999771118164,12.989999771118164,12.989999771118164,19264,0.0,0.0,0.0
2025-05-14 02:25:00+00:00,12.989999771118164,12.989999771118164,12.979999542236328,12.979999542236328,39343,0.0,0.0,0.0
2025-05-14 02:30:00+00:00,12.970000267028809,12.979999542236328,12.970000267028809,12.970000267028809,35261,0.0,0.0,0.0
2025-05-14 02:35:00+00:00,12.960000038146973,12.960000038146973,12.949999809265137,12.960000038146973,81182,0.0,0.0,0.0
2025-05-14 02:40:00+00:00,12.949999809265137,12.960000038146973,12.949999809265137,12.960000038146973,8557,0.0,0.0,0.0
2025-05-14 02:45:00+00:00,12.960000038146973,12.960000038146973,12.949999809265137,12.949999809265137,40852,0.0,0.0,0.0
2025-05-14 02:50:00+00:00,12.949999809265137,12.949999809265137,12.9399995803833,12.9399995803833,15479,0.0,0.0,0.0
2025-05-14 02:55:00+00:00,12.9399995803833,12.949999809265137,12.9399995803833,12.949999809265137,41558,0.0,0.0,0.0
2025-05-14 03:00:00+00:00,12.960000038146973,12.960000038146973,12.960000038146973,12.960000038146973,21348,0.0,0.0,0.0
2025-05-14 03:05:00+00:00,12.970000267028809,12.970000267028809,12.970000267028809,12.970000267028809,25598,0.0,0.0,0.0
2025-05-14 03:10:00+00:00,12.970000267028809,12.970000267028809,12.970000267028809,12.970000267028809,19010,0.0,0.0,0.0
2025-05-14 03:15:00+00:00,12.979999542236328,12.979999542236328,12.979999542236328,12.979999542236328,16353,0.0,0.0,0.0
2025-05-14 03:20:00+00:00,12.989999771118164,12.989999771118164,12.989999771118164,12.989999771118164,4038,0.0,0.0,0.0
2025-05-14 03:25:00+00:00,12.989999771118164,13.010000228881836,12.989999771118164,13.010000228881836,673162,0.0,0.0,0.0
2025-05-14 03:30:00+00:00,13.010000228881836,13.020000457763672,13.010000228881836,13.010000228881836,28357,0.0,0.0,0.0
2025-05-14 03:35:00+00:00,13.0,13.0,13.0,13.0,9124,0.0,0.0,0.0
2025-05-14 03:40:00+00:00,13.0,13.010000228881836,13.0,13.010000228881836,8380,0.0,0.0,0.0
2025-05-14 03:45:00+00:00,13.010000228881836,13.010000228881836,13.0,13.0,42613,0.0,0.0,0.0
2025-05-14 03:50:00+00:00,13.0,13.0,13.0,13.0,1446,0.0,0.0,0.0
2025-05-14 03:55:00+00:00,13.010000228881836,13.010000228881836,13.010000228881836,13.010000228881836,1552,0.0,0.0,0.0
2025-05-14 04:00:00+00:00,13.010000228881836,13.010000228881836,13.010000228881836,13.010000228881836,89024,0.0,0.0,0.0
2025-05-14 04:05:00+00:00,13.0,13.020000457763672,13.0,13.020000457763672,118713,0.0,0.0,0.0
2025-05-14 04:10:00+00:00,13.020000457763672,13.020000457763672,13.010000228881836,13.010000228881836,20227,0.0,0.0,0.0
2025-05-14 04:15:00+00:00,13.010000228881836,13.039999961853027,13.010000228881836,13.020000457763672,180019,0.0,0.0,0.0
2025-05-14 04:20:00+00:00,13.029999732971191,13.039999961853027,13.020000457763672,13.029999732971191,167135,0.0,0.0,0.0
2025-05-14 04:25:00+00:00,13.029999732971191,13.039999961853027,13.020000457763672,13.039999961853027,149117,0.0,0.0,0.0
2025-05-14 04:30:00+00:00,13.039999961853027,13.039999961853027,13.029999732971191,13.039999961853027,158186,0.0,0.0,0.0
2025-05-14 04:35:00+00:00,13.039999961853027,13.050000190734863,13.039999961853027,13.050000190734863,126075,0.0,0.0,0.0
2025-05-14 04:40:00+00:00,13.0600004196167,13.0600004196167,13.050000190734863,13.0600004196167,34238,0.0,0.0,0.0
2025-05-14 04:45:00+00:00,13.0600004196167,13.0600004196167,13.050000190734863,13.050000190734863,30782,0.0,0.0,0.0
2025-05-14 04:50:00+00:00,13.050000190734863,13.0600004196167,13.050000190734863,13.050000190734863,19200,0.0,0.0,0.0
2025-05-14 04:55:00+00:00,13.050000190734863,13.0600004196167,13.050000190734863,13.050000190734863,104564,0.0,0.0,0.0
2025-05-14 05:00:00+00:00,13.050000190734863,13.050000190734863,13.050000190734863,13.050000190734863,38500,0.0,0.0,0.0
2025-05-14 05:05:00+00:00,13.050000190734863,13.050000190734863,13.039999961853027,13.050000190734863,31800,0.0,0.0,0.0
2025-05-14 05:10:00+00:00,13.0600004196167,13.0600004196167,13.050000190734863,13.0600004196167,27193,0.0,0.0,0.0
2025-05-14 05:15:00+00:00,13.0600004196167,13.0600004196167,13.0600004196167,13.0600004196167,42310,0.0,0.0,0.0
2025-05-14 05:20:00+00:00,13.0600004196167,13.0600004196167,13.050000190734863,13.0600004196167,20796,0.0,0.0,0.0
2025-05-15 01:00:00+00:00,13.039999961853027,13.100000381469727,13.039999961853027,13.100000381469727,0,0.0,0.0,0.0
2025-05-15 01:05:00+00:00,13.100000381469727,13.100000381469727,13.069999694824219,13.069999694824219,51744,0.0,0.0,0.0
2025-05-15 01:10:00+00:00,13.069999694824219,13.100000381469727,13.069999694824219,13.100000381469727,85308,0.0,0.0,0.0
2025-05-15 01:15:00+00:00,13.100000381469727,13.100000381469727,13.079999923706055,13.079999923706055,31316,0.0,0.0,0.0
2025-05-15 01:20:00+00:00,13.079999923706055,13.079999923706055,13.050000190734863,13.050000190734863,55588,0.0,0.0,0.0
2025-05-15 01:25:00+00:00,13.039999961853027,13.039999961853027,13.020000457763672,13.029999732971191,30889,0.0,0.0,0.0
2025-05-15 01:30:00+00:00,13.029999732971191,13.029999732971191,13.010000228881836,13.020000457763672,107541,0.0,0.0,0.0
2025-05-15 01:35:00+00:00,13.020000457763672,13.039999961853027,13.020000457763672,13.039999961853027,59233,0.0,0.0,0.0
2025-05-15 01:40:00+00:00,13.039999961853027,13.0600004196167,13.039999961853027,13.0600004196167,210582,0.0,0.0,0.0
2025-05-15 01:45:00+00:00,13.0600004196167,13.069999694824219,13.0600004196167,13.0600004196167,86425,0.0,0.0,0.0
2025-05-15 01:50:00+00:00,13.0600004196167,13.069999694824219,13.0600004196167,13.0600004196167,18318,0.0,0.0,0.0
2025-05-15 01:55:00+00:00,13.0600004196167,13.0600004196167,13.050000190734863,13.0600004196167,216151,0.0,0.0,0.0
2025-05-15 02:00:00+00:00,13.0600004196167,13.0600004196167,13.029999732971191,13.039999961853027,25471,0.0,0.0,0.0
2025-05-15 02:05:00+00:00,13.039999961853027,13.050000190734863,13.039999961853027,13.050000190734863,15302,0.0,0.0,0.0
2025-05-15 02:10:00+00:00,13.050000190734863,13.050000190734863,13.039999961853027,13.039999961853027,73132,0.0,0.0,0.0
2025-05-15 02:15:00+00:00,13.050000190734863,13.050000190734863,13.039999961853027,13.039999961853027,12555,0.0,0.0,0.0
2025-05-15 02:20:00+00:00,13.039999961853027,13.050000190734863,13.029999732971191,13.050000190734863,36082,0.0,0.0,0.0
2025-05-15 02:25:00+00:00,13.029999732971191,13.050000190734863,13.029999732971191,13.039999961853027,66468,0.0,0.0,0.0
2025-05-15 02:30:00+00:00,13.050000190734863,13.0600004196167,13.050000190734863,13.050000190734863,99190,0.0,0.0,0.0
2025-05-15 02:35:00+00:00,13.050000190734863,13.0600004196167,13.039999961853027,13.039999961853027,142497,0.0,0.0,0.0
2025-05-15 02:40:00+00:00,13.039999961853027,13.0600004196167,13.039999961853027,13.0600004196167,12129,0.0,0.0,0.0
2025-05-15 02:45:00+00:00,13.0600004196167,13.0600004196167,13.0600004196167,13.0600004196167,4795,0.0,0.0,0.0
2025-05-15 02:50:00+00:00,13.0600004196167,13.0600004196167,13.050000190734863,13.0600004196167,91190,0.0,0.0,0.0
2025-05-15 02:55:00+00:00,13.0600004196167,13.09000015258789,13.0600004196167,13.09000015258789,97593,0.0,0.0,0.0
2025-05-15 03:00:00+00:00,13.079999923706055,13.09000015258789,13.079999923706055,13.09000015258789,23814,0.0,0.0,0.0
2025-05-15 03:05:00+00:00,13.09000015258789,13.09000015258789,13.09000015258789,13.09000015258789,6533,0.0,0.0,0.0
2025-05-15 03:10:00+00:00,13.09000015258789,13.09000015258789,13.079999923706055,13.079999923706055,27141,0.0,0.0,0.0
2025-05-15 03:15:00+00:00,13.09000015258789,13.09000015258789,13.079999923706055,13.079999923706055,30708,0.0,0.0,0.0
2025-05-15 03:20:00+00:00,13.079999923706055,13.09000015258789,13.079999923706055,13.09000015258789,4748,0.0,0.0,0.0
2025-05-15 03:25:00+00:00,13.09000015258789,13.09000015258789,13.069999694824219,13.069999694824219,13239,0.0,0.0,0.0
2025-05-15 03:30:00+00:00,13.09000015258789,13.09000015258789,13.079999923706055,13.079999923706055,3071,0.0,0.0,0.0
2025-05-15 03:35:00+00:00,13.079999923706055,13.079999923706055,13.079999923706055,13.079999923706055,6023,0.0,0.0,0.0
2025-05-15 03:40:00+00:00,13.079999923706055,13.079999923706055,13.079999923706055,13.079999923706055,2682,0.0,0.0,0.0
2025-05-15 03:45:00+00:00,13.079999923706055,13.079999923706055,13.0600004196167,13.0600004196167,13048,0.0,0.0,0.0
2025-05-15 03:50:00+00:00,13.069999694824219,13.09000015258789,13.069999694824219,13.079999923706055,21140,0.0,0.0,0.0
2025-05-15 03:55:00+00:00,13.079999923706055,13.079999923706055,13.069999694824219,13.069999694824219,3246,0.0,0.0,0.0
2025-05-15 04:00:00+00:00,13.069999694824219,13.069999694824219,13.0600004196167,13.069999694824219,13550,0.0,0.0,0.0
2025-05-15 04:05:00+00:00,13.069999694824219,13.069999694824219,13.069999694824219,13.069999694824219,53144,0.0,0.0,0.0
2025-05-15 04:10:00+00:00,13.079999923706055,13.079999923706055,13.069999694824219,13.069999694824219,30384,0.0,0.0,0.0
2025-05-15 04:15:00+00:00,13.069999694824219,13.069999694824219,13.069999694824219,13.069999694824219,11427,0.0,0.0,0.0
2025-05-15 04:20:00+00:00,13.069999694824219,13.069999694824219,13.069999694824219,13.069999694824219,3165,0.0,0.0,0.0
2025-05-15 04:25:00+00:00,13.0600004196167,13.069999694824219,13.0600004196167,13.069999694824219,9030,0.0,0.0,0.0
2025-05-15 04:30:00+00:00,13.069999694824219,13.069999694824219,13.0600004196167,13.069999694824219,102349,0.0,0.0,0.0
2025-05-15 04:35:00+00:00,13.069999694824219,13.069999694824219,13.069999694824219,13.069999694824219,6000,0.0,0.0,0.0
2025-05-15 04:40:00+00:00,13.069999694824219,13.069999694824219,13.0600004196167,13.069999694824219,49060,0.0,0.0,0.0
2025-05-15 04:45:00+00:00,13.069999694824219,13.069999694824219,13.0600004196167,13.069999694824219,11114,0.0,0.0,0.0
2025-05-15 04:50:00+00:00,13.069999694824219,13.069999694824219,13.0600004196167,13.069999694824219,28210,0.0,0.0,0.0
2025-05-15 04:55:00+00:00,13.069999694824219,13.069999694824219,13.0600004196167,13.0600004196167,16280,0.0,0.0,0.0
2025-05-15 05:00:00+00:00,13.0600004196167,13.0600004196167,13.0600004196167,13.0600004196167,33237,0.0,0.0,0.0
2025-05-15 05:05:00+00:00,13.0600004196167,13.069999694824219,13.0600004196167,13.0600004196167,6061,0.0,0.0,0.0
2025-05-15 05:10:00+00:00,13.0600004196167,13.0600004196167,13.050000190734863,13.050000190734863,37100,0.0,0.0,0.0
2025-05-15 05:15:00+00:00,13.069999694824219,13.069999694824219,13.0600004196167,13.0600004196167,16111,0.0,0.0,0.0
2025-05-15 05:20:00+00:00,13.0600004196167,13.069999694824219,13.050000190734863,13.0600004196167,242226,0.0,0.0,0.0
2025-05-16 01:00:00+00:00,13.0,13.050000190734863,13.0,13.050000190734863,0,0.0,0.0,0.0
2025-05-16 01:05:00+00:00,13.039999961853027,13.069999694824219,13.039999961853027,13.069999694824219,121449,0.0,0.0,0.0
2025-05-16 01:10:00+00:00,13.069999694824219,13.079999923706055,13.0600004196167,13.069999694824219,118714,0.0,0.0,0.0
2025-05-16 01:15:00+00:00,13.069999694824219,13.069999694824219,13.0600004196167,13.0600004196167,18458,0.0,0.0,0.0
2025-05-16 01:20:00+00:00,13.069999694824219,13.069999694824219,13.0600004196167,13.0600004196167,101707,0.0,0.0,0.0
2025-05-16 01:25:00+00:00,13.0600004196167,13.079999923706055,13.0600004196167,13.069999694824219,74086,0.0,0.0,0.0
2025-05-16 01:30:00+00:00,13.09000015258789,13.09000015258789,13.079999923706055,13.079999923706055,56314,0.0,0.0,0.0
2025-05-16 01:35:00+00:00,13.079999923706055,13.109999656677246,13.079999923706055,13.100000381469727,407379,0.0,0.0,0.0
2025-05-16 01:40:00+00:00,13.109999656677246,13.119999885559082,13.109999656677246,13.119999885559082,202045,0.0,0.0,0.0
2025-05-16 01:45:00+00:00,13.119999885559082,13.140000343322754,13.109999656677246,13.130000114440918,167845,0.0,0.0,0.0
2025-05-16 01:50:00+00:00,13.130000114440918,13.130000114440918,13.119999885559082,13.130000114440918,33563,0.0,0.0,0.0
2025-05-16 01:55:00+00:00,13.130000114440918,13.140000343322754,13.130000114440918,13.140000343322754,68516,0.0,0.0,0.0
2025-05-16 02:00:00+00:00,13.140000343322754,13.149999618530273,13.130000114440918,13.149999618530273,152224,0.0,0.0,0.0
2025-05-16 02:05:00+00:00,13.140000343322754,13.149999618530273,13.130000114440918,13.140000343322754,18400,0.0,0.0,0.0
2025-05-16 02:10:00+00:00,13.140000343322754,13.149999618530273,13.130000114440918,13.130000114440918,176175,0.0,0.0,0.0
2025-05-16 02:15:00+00:00,13.130000114440918,13.130000114440918,13.130000114440918,13.130000114440918,18407,0.0,0.0,0.0
2025-05-16 02:20:00+00:00,13.130000114440918,13.149999618530273,13.130000114440918,13.149999618530273,338790,0.0,0.0,0.0
2025-05-16 02:25:00+00:00,13.149999618530273,13.15999984741211,13.149999618530273,13.149999618530273,56947,0.0,0.0,0.0
2025-05-16 02:30:00+00:00,13.149999618530273,13.149999618530273,13.140000343322754,13.149999618530273,57166,0.0,0.0,0.0
2025-05-16 02:35:00+00:00,13.149999618530273,13.170000076293945,13.149999618530273,13.15999984741211,169234,0.0,0.0,0.0
2025-05-16 02:40:00+00:00,13.170000076293945,13.170000076293945,13.15999984741211,13.15999984741211,29522,0.0,0.0,0.0
2025-05-16 02:45:00+00:00,13.170000076293945,13.170000076293945,13.15999984741211,13.15999984741211,31796,0.0,0.0,0.0
2025-05-16 02:50:00+00:00,13.15999984741211,13.15999984741211,13.140000343322754,13.140000343322754,26365,0.0,0.0,0.0
2025-05-16 02:55:00+00:00,13.149999618530273,13.15999984741211,13.149999618530273,13.149999618530273,69507,0.0,0.0,0.0
2025-05-16 03:00:00+00:00,13.149999618530273,13.15999984741211,13.149999618530273,13.15999984741211,19203,0.0,0.0,0.0
2025-05-16 03:05:00+00:00,13.15999984741211,13.15999984741211,13.15999984741211,13.15999984741211,5667,0.0,0.0,0.0
2025-05-16 03:10:00+00:00,13.15999984741211,13.15999984741211,13.149999618530273,13.15999984741211,133266,0.0,0.0,0.0
2025-05-16 03:15:00+00:00,13.15999984741211,13.170000076293945,13.15999984741211,13.15999984741211,20438,0.0,0.0,0.0
2025-05-16 03:20:00+00:00,13.15999984741211,13.170000076293945,13.149999618530273,13.149999618530273,21111,0.0,0.0,0.0
2025-05-16 03:25:00+00:00,13.15999984741211,13.15999984741211,13.149999618530273,13.149999618530273,23016,0.0,0.0,0.0
2025-05-16 03:30:00+00:00,13.15999984741211,13.15999984741211,13.140000343322754,13.15999984741211,14920,0.0,0.0,0.0
2025-05-16 03:35:00+00:00,13.140000343322754,13.149999618530273,13.130000114440918,13.130000114440918,44671,0.0,0.0,0.0
2025-05-16 03:40:00+00:00,13.130000114440918,13.130000114440918,13.119999885559082,13.130000114440918,21902,0.0,0.0,0.0
2025-05-16 03:45:00+00:00,13.130000114440918,13.130000114440918,13.119999885559082,13.119999885559082,7518,0.0,0.0,0.0
2025-05-16 03:50:00+00:00,13.119999885559082,13.130000114440918,13.109999656677246,13.109999656677246,15019,0.0,0.0,0.0
2025-05-16 03:55:00+00:00,13.119999885559082,13.119999885559082,13.119999885559082,13.119999885559082,17106,0.0,0.0,0.0
2025-05-16 04:00:00+00:00,13.130000114440918,13.140000343322754,13.130000114440918,13.140000343322754,12262,0.0,0.0,0.0
2025-05-16 04:05:00+00:00,13.140000343322754,13.140000343322754,13.130000114440918,13.140000343322754,16108,0.0,0.0,0.0
2025-05-16 04:10:00+00:00,13.140000343322754,13.140000343322754,13.130000114440918,13.130000114440918,20228,0.0,0.0,0.0
2025-05-16 04:15:00+00:00,13.140000343322754,13.140000343322754,13.119999885559082,13.130000114440918,7108,0.0,0.0,0.0
2025-05-16 04:20:00+00:00,13.140000343322754,13.140000343322754,13.119999885559082,13.130000114440918,10458,0.0,0.0,0.0
2025-05-16 04:25:00+00:00,13.130000114440918,13.130000114440918,13.130000114440918,13.130000114440918,35256,0.0,0.0,0.0
2025-05-16 04:30:00+00:00,13.140000343322754,13.149999618530273,13.130000114440918,13.149999618530273,71233,0.0,0.0,0.0
2025-05-16 04:35:00+00:00,13.140000343322754,13.149999618530273,13.140000343322754,13.149999618530273,163591,0.0,0.0,0.0
2025-05-16 04:40:00+00:00,13.149999618530273,13.149999618530273,13.149999618530273,13.149999618530273,15549,0.0,0.0,0.0
2025-05-16 04:45:00+00:00,13.140000343322754,13.140000343322754,13.140000343322754,13.140000343322754,5312,0.0,0.0,0.0
2025-05-16 04:50:00+00:00,13.140000343322754,13.149999618530273,13.140000343322754,13.140000343322754,10168,0.0,0.0,0.0
2025-05-16 04:55:00+00:00,13.140000343322754,13.140000343322754,13.140000343322754,13.140000343322754,20527,0.0,0.0,0.0
2025-05-16 05:00:00+00:00,13.140000343322754,13.140000343322754,13.140000343322754,13.140000343322754,29055,0.0,0.0,0.0
2025-05-16 05:05:00+00:00,13.140000343322754,13.149999618530273,13.140000343322754,13.149999618530273,6371,0.0,0.0,0.0
2025-05-16 05:10:00+00:00,13.149999618530273,13.149999618530273,13.140000343322754,13.140000343322754,53066,0.0,0.0,0.0
2025-05-16 05:15:00+00:00,13.149999618530273,13.149999618530273,13.140000343322754,13.140000343322754,12399,0.0,0.0,0.0
2025-05-16 05:20:00+00:00,13.140000343322754,13.149999618530273,13.140000343322754,13.140000343322754,49053,0.0,0.0,0.0
2025-05-19 01:00:00+00:00,13.119999885559082,13.119999885559082,13.079999923706055,13.100000381469727,0,0.0,0.0,0.0
2025-05-19 01:05:00+00:00,13.09000015258789,13.119999885559082,13.09000015258789,13.109999656677246,40064,0.0,0.0,0.0
2025-05-19 01:10:00+00:00,13.100000381469727,13.100000381469727,13.069999694824219,13.069999694824219,134628,0.0,0.0,0.0
2025-05-19 01:15:00+00:00,13.0600004196167,13.069999694824219,13.0600004196167,13.0600004196167,101114,0.0,0.0,0.0
2025-05-19 01:20:00+00:00,13.0600004196167,13.0600004196167,13.050000190734863,13.0600004196167,33155,0.0,0.0,0.0
2025-05-19 01:25:00+00:00,13.0600004196167,13.0600004196167,13.0600004196167,13.0600004196167,18919,0.0,0.0,0.0
2025-05-19 01:30:00+00:00,13.0600004196167,13.0600004196167,13.050000190734863,13.050000190734863,118327,0.0,0.0,0.0
2025-05-19 01:35:00+00:00,13.039999961853027,13.050000190734863,13.029999732971191,13.039999961853027,95750,0.0,0.0,0.0
2025-05-19 01:40:00+00:00,13.039999961853027,13.039999961853027,13.039999961853027,13.039999961853027,16291,0.0,0.0,0.0
2025-05-19 01:45:00+00:00,13.029999732971191,13.039999961853027,13.029999732971191,13.039999961853027,11278,0.0,0.0,0.0
2025-05-19 01:50:00+00:00,13.039999961853027,13.039999961853027,13.029999732971191,13.029999732971191,43253,0.0,0.0,0.0
2025-05-19 01:55:00+00:00,13.029999732971191,13.029999732971191,13.020000457763672,13.020000457763672,12573,0.0,0.0,0.0
2025-05-19 02:00:00+00:00,13.029999732971191,13.029999732971191,13.020000457763672,13.020000457763672,11336,0.0,0.0,0.0
2025-05-19 02:05:00+00:00,13.029999732971191,13.029999732971191,13.029999732971191,13.029999732971191,5174,0.0,0.0,0.0
2025-05-19 02:10:00+00:00,13.029999732971191,13.029999732971191,13.029999732971191,13.029999732971191,7356,0.0,0.0,0.0
2025-05-19 02:15:00+00:00,13.039999961853027,13.050000190734863,13.029999732971191,13.050000190734863,39827,0.0,0.0,0.0
2025-05-19 02:20:00+00:00,13.050000190734863,13.050000190734863,13.029999732971191,13.050000190734863,40060,0.0,0.0,0.0
2025-05-19 02:25:00+00:00,13.050000190734863,13.050000190734863,13.039999961853027,13.039999961853027,3776,0.0,0.0,0.0
2025-05-19 02:30:00+00:00,13.050000190734863,13.050000190734863,13.039999961853027,13.039999961853027,53499,0.0,0.0,0.0
2025-05-19 02:35:00+00:00,13.050000190734863,13.050000190734863,13.029999732971191,13.029999732971191,18407,0.0,0.0,0.0
2025-05-19 02:40:00+00:00,13.039999961853027,13.050000190734863,13.039999961853027,13.050000190734863,118034,0.0,0.0,0.0
2025-05-19 02:45:00+00:00,13.0600004196167,13.069999694824219,13.0600004196167,13.069999694824219,19148,0.0,0.0,0.0
2025-05-19 02:50:00+00:00,13.0600004196167,13.069999694824219,13.0600004196167,13.0600004196167,3027,0.0,0.0,0.0
2025-05-19 02:55:00+00:00,13.069999694824219,13.069999694824219,13.069999694824219,13.069999694824219,2049,0.0,0.0,0.0
2025-05-19 03:00:00+00:00,13.069999694824219,13.069999694824219,13.0600004196167,13.0600004196167,5543,0.0,0.0,0.0
2025-05-19 03:05:00+00:00,13.069999694824219,13.069999694824219,13.050000190734863,13.050000190734863,41074,0.0,0.0,0.0
2025-05-19 03:10:00+00:00,13.039999961853027,13.050000190734863,13.039999961853027,13.039999961853027,51071,0.0,0.0,0.0
2025-05-19 03:15:00+00:00,13.039999961853027,13.050000190734863,13.039999961853027,13.039999961853027,33421,0.0,0.0,0.0
2025-05-19 03:20:00+00:00,13.039999961853027,13.050000190734863,13.039999961853027,13.050000190734863,7491,0.0,0.0,0.0
2025-05-19 03:25:00+00:00,13.039999961853027,13.039999961853027,13.029999732971191,13.039999961853027,5262,0.0,0.0,0.0
2025-05-19 03:30:00+00:00,13.039999961853027,13.039999961853027,13.010000228881836,13.010000228881836,443613,0.0,0.0,0.0
2025-05-19 03:35:00+00:00,13.010000228881836,13.010000228881836,13.0,13.010000228881836,53014,0.0,0.0,0.0
2025-05-19 03:40:00+00:00,13.010000228881836,13.010000228881836,12.989999771118164,12.989999771118164,155896,0.0,0.0,0.0
2025-05-19 03:45:00+00:00,12.989999771118164,13.0,12.979999542236328,13.0,79246,0.0,0.0,0.0
2025-05-19 03:50:00+00:00,13.0,13.0,12.989999771118164,12.989999771118164,9781,0.0,0.0,0.0
2025-05-19 03:55:00+00:00,12.989999771118164,12.989999771118164,12.989999771118164,12.989999771118164,1170,0.0,0.0,0.0
2025-05-19 04:00:00+00:00,12.989999771118164,13.0,12.989999771118164,12.989999771118164,17892,0.0,0.0,0.0
2025-05-19 04:05:00+00:00,13.0,13.0,12.979999542236328,12.989999771118164,21665,0.0,0.0,0.0
2025-05-19 04:10:00+00:00,13.0,13.0,13.0,13.0,2540,0.0,0.0,0.0
2025-05-19 04:15:00+00:00,12.989999771118164,12.989999771118164,12.979999542236328,12.989999771118164,25276,0.0,0.0,0.0
2025-05-19 04:20:00+00:00,12.989999771118164,13.0,12.989999771118164,13.0,7937,0.0,0.0,0.0
2025-05-19 04:25:00+00:00,12.989999771118164,12.989999771118164,12.979999542236328,12.979999542236328,19185,0.0,0.0,0.0
2025-05-19 04:30:00+00:00,13.0,13.0,12.979999542236328,12.989999771118164,6950,0.0,0.0,0.0
2025-05-19 04:35:00+00:00,12.989999771118164,12.989999771118164,12.989999771118164,12.989999771118164,4311,0.0,0.0,0.0
2025-05-19 04:40:00+00:00,12.989999771118164,12.989999771118164,12.970000267028809,12.970000267028809,46350,0.0,0.0,0.0
2025-05-19 04:45:00+00:00,12.970000267028809,12.970000267028809,12.960000038146973,12.960000038146973,67652,0.0,0.0,0.0
2025-05-19 04:50:00+00:00,12.960000038146973,12.970000267028809,12.960000038146973,12.970000267028809,15010,0.0,0.0,0.0
2025-05-19 04:55:00+00:00,12.960000038146973,12.960000038146973,12.949999809265137,12.949999809265137,30917,0.0,0.0,0.0
2025-05-19 05:00:00+00:00,12.949999809265137,12.960000038146973,12.949999809265137,12.960000038146973,10650,0.0,0.0,0.0
2025-05-19 05:05:00+00:00,12.960000038146973,12.960000038146973,12.949999809265137,12.949999809265137,27551,0.0,0.0,0.0
2025-05-19 05:10:00+00:00,12.949999809265137,12.949999809265137,12.9399995803833,12.949999809265137,60003,0.0,0.0,0.0
2025-05-19 05:15:00+00:00,12.949999809265137,12.949999809265137,12.949999809265137,12.949999809265137,24397,0.0,0.0,0.0
2025-05-19 05:20:00+00:00,12.949999809265137,12.949999809265137,12.9399995803833,12.949999809265137,61209,0.0,0.0,0.0
2025-05-20 01:00:00+00:00,13.050000190734863,13.09000015258789,13.050000190734863,13.079999923706055,0,0.0,0.0,0.0
2025-05-20 01:05:00+00:00,13.079999923706055,13.09000015258789,13.079999923706055,13.09000015258789,56295,0.0,0.0,0.0
2025-05-20 01:10:00+00:00,13.09000015258789,13.09000015258789,13.050000190734863,13.0600004196167,34006,0.0,0.0,0.0
2025-05-20 01:15:00+00:00,13.0600004196167,13.079999923706055,13.0600004196167,13.0600004196167,21117,0.0,0.0,0.0
2025-05-20 01:20:00+00:00,13.0600004196167,13.0600004196167,13.050000190734863,13.050000190734863,16873,0.0,0.0,0.0
2025-05-20 01:25:00+00:00,13.050000190734863,13.0600004196167,13.050000190734863,13.050000190734863,31809,0.0,0.0,0.0
2025-05-20 01:30:00+00:00,13.0600004196167,13.0600004196167,13.050000190734863,13.050000190734863,26836,0.0,0.0,0.0
2025-05-20 01:35:00+00:00,13.050000190734863,13.050000190734863,13.050000190734863,13.050000190734863,48084,0.0,0.0,0.0
2025-05-20 01:40:00+00:00,13.050000190734863,13.050000190734863,13.039999961853027,13.039999961853027,67117,0.0,0.0,0.0
2025-05-20 01:45:00+00:00,13.050000190734863,13.050000190734863,13.029999732971191,13.050000190734863,52307,0.0,0.0,0.0
2025-05-20 01:50:00+00:00,13.039999961853027,13.039999961853027,13.029999732971191,13.039999961853027,96368,0.0,0.0,0.0
2025-05-20 01:55:00+00:00,13.039999961853027,13.050000190734863,13.039999961853027,13.050000190734863,47127,0.0,0.0,0.0
2025-05-20 02:00:00+00:00,13.050000190734863,13.0600004196167,13.050000190734863,13.0600004196167,17105,0.0,0.0,0.0
2025-05-20 02:10:00+00:00,13.050000190734863,13.0600004196167,13.050000190734863,13.050000190734863,11030,0.0,0.0,0.0
2025-05-20 02:15:00+00:00,13.050000190734863,13.050000190734863,13.020000457763672,13.020000457763672,13076,0.0,0.0,0.0
2025-05-20 02:20:00+00:00,13.020000457763672,13.020000457763672,13.010000228881836,13.010000228881836,17524,0.0,0.0,0.0
2025-05-20 02:25:00+00:00,13.010000228881836,13.010000228881836,13.0,13.010000228881836,29353,0.0,0.0,0.0
2025-05-20 02:30:00+00:00,13.010000228881836,13.020000457763672,13.010000228881836,13.020000457763672,7061,0.0,0.0,0.0
2025-05-20 02:35:00+00:00,13.010000228881836,13.029999732971191,13.010000228881836,13.029999732971191,85030,0.0,0.0,0.0
2025-05-20 02:40:00+00:00,13.029999732971191,13.039999961853027,13.029999732971191,13.039999961853027,20258,0.0,0.0,0.0
2025-05-20 02:45:00+00:00,13.039999961853027,13.039999961853027,13.029999732971191,13.029999732971191,2068,0.0,0.0,0.0
2025-05-20 02:50:00+00:00,13.029999732971191,13.029999732971191,13.020000457763672,13.029999732971191,35059,0.0,0.0,0.0
2025-05-20 02:55:00+00:00,13.029999732971191,13.029999732971191,13.029999732971191,13.029999732971191,2022,0.0,0.0,0.0
2025-05-20 03:00:00+00:00,13.029999732971191,13.029999732971191,13.029999732971191,13.029999732971191,3455,0.0,0.0,0.0
2025-05-20 03:05:00+00:00,13.039999961853027,13.039999961853027,13.029999732971191,13.029999732971191,18064,0.0,0.0,0.0
2025-05-20 03:10:00+00:00,13.020000457763672,13.020000457763672,13.0,13.010000228881836,17376,0.0,0.0,0.0
2025-05-20 03:15:00+00:00,13.0,13.0,12.989999771118164,12.989999771118164,84181,0.0,0.0,0.0
2025-05-20 03:20:00+00:00,12.989999771118164,13.0,12.989999771118164,13.0,29182,0.0,0.0,0.0
2025-05-20 03:25:00+00:00,12.989999771118164,13.0,12.989999771118164,13.0,6061,0.0,0.0,0.0
2025-05-20 03:30:00+00:00,13.0,13.0,13.0,13.0,12034,0.0,0.0,0.0
2025-05-20 03:35:00+00:00,12.989999771118164,13.0,12.989999771118164,13.0,16024,0.0,0.0,0.0
2025-05-20 03:40:00+00:00,13.0,13.0,12.989999771118164,12.989999771118164,45038,0.0,0.0,0.0
2025-05-20 03:45:00+00:00,12.989999771118164,13.0,12.989999771118164,13.0,3215,0.0,0.0,0.0
2025-05-20 03:50:00+00:00,13.0,13.0,12.989999771118164,12.989999771118164,12069,0.0,0.0,0.0
2025-05-20 03:55:00+00:00,12.989999771118164,12.989999771118164,12.989999771118164,12.989999771118164,8034,0.0,0.0,0.0
2025-05-20 04:00:00+00:00,12.989999771118164,13.0,12.989999771118164,13.0,5183,0.0,0.0,0.0
2025-05-20 04:05:00+00:00,12.989999771118164,12.989999771118164,12.989999771118164,12.989999771118164,8310,0.0,0.0,0.0
2025-05-20 04:10:00+00:00,12.989999771118164,12.989999771118164,12.970000267028809,12.970000267028809,17907,0.0,0.0,0.0
2025-05-20 04:15:00+00:00,12.970000267028809,12.979999542236328,12.970000267028809,12.970000267028809,4069,0.0,0.0,0.0
2025-05-20 04:20:00+00:00,12.970000267028809,12.970000267028809,12.970000267028809,12.970000267028809,13216,0.0,0.0,0.0
2025-05-20 04:25:00+00:00,12.970000267028809,12.970000267028809,12.970000267028809,12.970000267028809,11035,0.0,0.0,0.0
2025-05-20 04:30:00+00:00,12.970000267028809,12.970000267028809,12.960000038146973,12.960000038146973,13147,0.0,0.0,0.0
2025-05-20 04:35:00+00:00,12.960000038146973,12.960000038146973,12.960000038146973,12.960000038146973,9416,0.0,0.0,0.0
2025-05-20 04:40:00+00:00,12.960000038146973,12.960000038146973,12.960000038146973,12.960000038146973,43713,0.0,0.0,0.0
2025-05-20 04:45:00+00:00,12.960000038146973,12.960000038146973,12.960000038146973,12.960000038146973,3273,0.0,0.0,0.0
2025-05-20 04:50:00+00:00,12.960000038146973,12.960000038146973,12.949999809265137,12.949999809265137,31084,0.0,0.0,0.0
2025-05-20 04:55:00+00:00,12.960000038146973,12.970000267028809,12.960000038146973,12.960000038146973,12307,0.0,0.0,0.0
2025-05-20 05:00:00+00:00,12.960000038146973,12.960000038146973,12.960000038146973,12.960000038146973,21393,0.0,0.0,0.0
2025-05-20 05:05:00+00:00,12.970000267028809,12.970000267028809,12.970000267028809,12.970000267028809,31271,0.0,0.0,0.0
2025-05-20 05:10:00+00:00,12.970000267028809,12.979999542236328,12.970000267028809,12.979999542236328,11700,0.0,0.0,0.0
2025-05-20 05:15:00+00:00,12.979999542236328,12.989999771118164,12.970000267028809,12.989999771118164,124977,0.0,0.0,0.0
2025-05-20 05:20:00+00:00,12.979999542236328,12.979999542236328,12.960000038146973,12.960000038146973,13678,0.0,0.0,0.0
2025-05-21 01:00:00+00:00,12.989999771118164,13.029999732971191,12.989999771118164,13.029999732971191,0,0.0,0.0,0.0
2025-05-21 01:05:00+00:00,13.050000190734863,13.069999694824219,13.039999961853027,13.050000190734863,82690,0.0,0.0,0.0
2025-05-21 01:10:00+00:00,13.039999961853027,13.069999694824219,13.039999961853027,13.069999694824219,43069,0.0,0.0,0.0
2025-05-21 01:15:00+00:00,13.069999694824219,13.069999694824219,13.069999694824219,13.069999694824219,22334,0.0,0.0,0.0
2025-05-21 01:20:00+00:00,13.069999694824219,13.069999694824219,13.0600004196167,13.0600004196167,56102,0.0,0.0,0.0
2025-05-21 01:25:00+00:00,13.050000190734863,13.050000190734863,13.050000190734863,13.050000190734863,11412,0.0,0.0,0.0
2025-05-21 01:30:00+00:00,13.0600004196167,13.0600004196167,13.050000190734863,13.050000190734863,13497,0.0,0.0,0.0
2025-05-21 01:35:00+00:00,13.039999961853027,13.039999961853027,13.039999961853027,13.039999961853027,15350,0.0,0.0,0.0
2025-05-21 01:40:00+00:00,13.039999961853027,13.050000190734863,13.029999732971191,13.050000190734863,115387,0.0,0.0,0.0
2025-05-21 01:45:00+00:00,13.050000190734863,13.050000190734863,13.039999961853027,13.039999961853027,150172,0.0,0.0,0.0
2025-05-21 01:50:00+00:00,13.050000190734863,13.0600004196167,13.050000190734863,13.050000190734863,9072,0.0,0.0,0.0
2025-05-21 01:55:00+00:00,13.050000190734863,13.050000190734863,13.050000190734863,13.050000190734863,28623,0.0,0.0,0.0
2025-05-21 02:00:00+00:00,13.029999732971191,13.050000190734863,13.029999732971191,13.029999732971191,8832,0.0,0.0,0.0
2025-05-21 02:05:00+00:00,13.029999732971191,13.029999732971191,13.029999732971191,13.029999732971191,109054,0.0,0.0,0.0
2025-05-21 02:10:00+00:00,13.029999732971191,13.050000190734863,13.029999732971191,13.050000190734863,48039,0.0,0.0,0.0
2025-05-21 02:15:00+00:00,13.0600004196167,13.0600004196167,13.0600004196167,13.0600004196167,10871,0.0,0.0,0.0
2025-05-21 02:20:00+00:00,13.050000190734863,13.050000190734863,13.050000190734863,13.050000190734863,21175,0.0,0.0,0.0
2025-05-21 02:25:00+00:00,13.039999961853027,13.039999961853027,13.039999961853027,13.039999961853027,12587,0.0,0.0,0.0
2025-05-21 02:30:00+00:00,13.039999961853027,13.039999961853027,13.039999961853027,13.039999961853027,43062,0.0,0.0,0.0
2025-05-21 02:35:00+00:00,13.050000190734863,13.0600004196167,13.050000190734863,13.0600004196167,25561,0.0,0.0,0.0
2025-05-21 02:40:00+00:00,13.0600004196167,13.069999694824219,13.0600004196167,13.069999694824219,103128,0.0,0.0,0.0
2025-05-21 02:45:00+00:00,13.0600004196167,13.079999923706055,13.0600004196167,13.079999923706055,202082,0.0,0.0,0.0
2025-05-21 02:50:00+00:00,13.079999923706055,13.079999923706055,13.079999923706055,13.079999923706055,23546,0.0,0.0,0.0
2025-05-21 02:55:00+00:00,13.069999694824219,13.069999694824219,13.069999694824219,13.069999694824219,7023,0.0,0.0,0.0
2025-05-21 03:00:00+00:00,13.069999694824219,13.079999923706055,13.0600004196167,13.079999923706055,173076,0.0,0.0,0.0
2025-05-21 03:05:00+00:00,13.09000015258789,13.09000015258789,13.09000015258789,13.09000015258789,59288,0.0,0.0,0.0
2025-05-21 03:10:00+00:00,13.100000381469727,13.100000381469727,13.100000381469727,13.100000381469727,123465,0.0,0.0,0.0
2025-05-21 03:15:00+00:00,13.100000381469727,13.100000381469727,13.09000015258789,13.09000015258789,20049,0.0,0.0,0.0
2025-05-21 03:20:00+00:00,13.09000015258789,13.09000015258789,13.079999923706055,13.079999923706055,12044,0.0,0.0,0.0
2025-05-21 03:25:00+00:00,13.079999923706055,13.09000015258789,13.069999694824219,13.09000015258789,26271,0.0,0.0,0.0
2025-05-21 03:30:00+00:00,13.069999694824219,13.069999694824219,13.069999694824219,13.069999694824219,1602,0.0,0.0,0.0
2025-05-21 03:35:00+00:00,13.09000015258789,13.09000015258789,13.09000015258789,13.09000015258789,20010,0.0,0.0,0.0
2025-05-21 03:40:00+00:00,13.09000015258789,13.100000381469727,13.09000015258789,13.100000381469727,26220,0.0,0.0,0.0
2025-05-21 03:45:00+00:00,13.100000381469727,13.100000381469727,13.100000381469727,13.100000381469727,2621,0.0,0.0,0.0
2025-05-21 03:50:00+00:00,13.09000015258789,13.09000015258789,13.079999923706055,13.09000015258789,33040,0.0,0.0,0.0
2025-05-21 03:55:00+00:00,13.09000015258789,13.09000015258789,13.079999923706055,13.079999923706055,13239,0.0,0.0,0.0
2025-05-21 04:00:00+00:00,13.079999923706055,13.079999923706055,13.079999923706055,13.079999923706055,1017,0.0,0.0,0.0
2025-05-21 04:05:00+00:00,13.079999923706055,13.09000015258789,13.079999923706055,13.079999923706055,37063,0.0,0.0,0.0
2025-05-21 04:10:00+00:00,13.079999923706055,13.079999923706055,13.079999923706055,13.079999923706055,21287,0.0,0.0,0.0
2025-05-21 04:15:00+00:00,13.079999923706055,13.09000015258789,13.079999923706055,13.079999923706055,10815,0.0,0.0,0.0
2025-05-21 04:20:00+00:00,13.079999923706055,13.079999923706055,13.079999923706055,13.079999923706055,35103,0.0,0.0,0.0
2025-05-21 04:25:00+00:00,13.079999923706055,13.079999923706055,13.079999923706055,13.079999923706055,30047,0.0,0.0,0.0
2025-05-21 04:30:00+00:00,13.09000015258789,13.09000015258789,13.079999923706055,13.09000015258789,62028,0.0,0.0,0.0
2025-05-21 04:35:00+00:00,13.09000015258789,13.09000015258789,13.09000015258789,13.09000015258789,28020,0.0,0.0,0.0
2025-05-21 04:40:00+00:00,13.09000015258789,13.09000015258789,13.09000015258789,13.09000015258789,19135,0.0,0.0,0.0
2025-05-21 04:45:00+00:00,13.09000015258789,13.09000015258789,13.09000015258789,13.09000015258789,23235,0.0,0.0,0.0
2025-05-21 04:50:00+00:00,13.09000015258789,13.100000381469727,13.09000015258789,13.100000381469727,13000,0.0,0.0,0.0
2025-05-21 04:55:00+00:00,13.100000381469727,13.100000381469727,13.09000015258789,13.100000381469727,13216,0.0,0.0,0.0
2025-05-21 05:00:00+00:00,13.100000381469727,13.109999656677246,13.100000381469727,13.109999656677246,164033,0.0,0.0,0.0
2025-05-21 05:05:00+00:00,13.109999656677246,13.119999885559082,13.109999656677246,13.119999885559082,96137,0.0,0.0,0.0
2025-05-21 05:10:00+00:00,13.119999885559082,13.119999885559082,13.119999885559082,13.119999885559082,12494,0.0,0.0,0.0
2025-05-21 05:15:00+00:00,13.119999885559082,13.140000343322754,13.119999885559082,13.140000343322754,156632,0.0,0.0,0.0
2025-05-21 05:20:00+00:00,13.130000114440918,13.140000343322754,13.130000114440918,13.140000343322754,34691,0.0,0.0,0.0
2025-05-22 01:00:00+00:00,13.069999694824219,13.069999694824219,12.989999771118164,13.020000457763672,0,0.0,0.0,0.0
2025-05-22 01:05:00+00:00,13.020000457763672,13.020000457763672,13.020000457763672,13.020000457763672,22849,0.0,0.0,0.0
2025-05-22 01:10:00+00:00,13.020000457763672,13.050000190734863,13.020000457763672,13.050000190734863,25846,0.0,0.0,0.0
2025-05-22 01:15:00+00:00,13.050000190734863,13.050000190734863,13.029999732971191,13.029999732971191,16612,0.0,0.0,0.0
2025-05-22 01:20:00+00:00,13.020000457763672,13.020000457763672,13.010000228881836,13.010000228881836,20656,0.0,0.0,0.0
2025-05-22 01:25:00+00:00,13.029999732971191,13.050000190734863,13.029999732971191,13.050000190734863,89115,0.0,0.0,0.0
2025-05-22 01:30:00+00:00,13.050000190734863,13.050000190734863,13.050000190734863,13.050000190734863,40035,0.0,0.0,0.0
2025-05-22 01:35:00+00:00,13.050000190734863,13.050000190734863,13.039999961853027,13.050000190734863,32126,0.0,0.0,0.0
2025-05-22 01:40:00+00:00,13.050000190734863,13.050000190734863,13.039999961853027,13.039999961853027,7738,0.0,0.0,0.0
2025-05-22 01:45:00+00:00,13.039999961853027,13.039999961853027,13.029999732971191,13.029999732971191,230173,0.0,0.0,0.0
2025-05-22 01:50:00+00:00,13.020000457763672,13.020000457763672,13.020000457763672,13.020000457763672,16046,0.0,0.0,0.0
2025-05-22 01:55:00+00:00,13.020000457763672,13.020000457763672,13.0,13.0,21698,0.0,0.0,0.0
2025-05-22 02:00:00+00:00,13.0,13.010000228881836,12.989999771118164,13.0,38900,0.0,0.0,0.0
2025-05-22 02:05:00+00:00,12.989999771118164,13.010000228881836,12.989999771118164,13.010000228881836,17058,0.0,0.0,0.0
2025-05-22 02:10:00+00:00,13.010000228881836,13.010000228881836,13.010000228881836,13.010000228881836,7034,0.0,0.0,0.0
2025-05-22 02:15:00+00:00,13.010000228881836,13.029999732971191,13.010000228881836,13.020000457763672,20146,0.0,0.0,0.0
2025-05-22 02:20:00+00:00,13.020000457763672,13.029999732971191,13.020000457763672,13.029999732971191,12216,0.0,0.0,0.0
2025-05-22 02:25:00+00:00,13.039999961853027,13.039999961853027,13.039999961853027,13.039999961853027,21005,0.0,0.0,0.0
2025-05-22 02:30:00+00:00,13.050000190734863,13.050000190734863,13.050000190734863,13.050000190734863,2058,0.0,0.0,0.0
2025-05-22 02:35:00+00:00,13.039999961853027,13.039999961853027,13.039999961853027,13.039999961853027,4051,0.0,0.0,0.0
2025-05-22 02:40:00+00:00,13.039999961853027,13.0600004196167,13.039999961853027,13.0600004196167,51028,0.0,0.0,0.0
2025-05-22 02:45:00+00:00,13.0600004196167,13.0600004196167,13.039999961853027,13.039999961853027,6514,0.0,0.0,0.0
2025-05-22 02:50:00+00:00,13.039999961853027,13.050000190734863,13.039999961853027,13.050000190734863,9328,0.0,0.0,0.0
2025-05-22 02:55:00+00:00,13.039999961853027,13.039999961853027,13.039999961853027,13.039999961853027,18036,0.0,0.0,0.0
2025-05-22 03:00:00+00:00,13.039999961853027,13.050000190734863,13.039999961853027,13.050000190734863,6092,0.0,0.0,0.0
2025-05-22 03:10:00+00:00,13.039999961853027,13.039999961853027,13.039999961853027,13.039999961853027,9257,0.0,0.0,0.0
2025-05-22 03:15:00+00:00,13.039999961853027,13.050000190734863,13.039999961853027,13.050000190734863,31030,0.0,0.0,0.0
2025-05-22 03:20:00+00:00,13.050000190734863,13.050000190734863,13.050000190734863,13.050000190734863,1723,0.0,0.0,0.0
2025-05-22 03:25:00+00:00,13.0600004196167,13.0600004196167,13.0600004196167,13.0600004196167,16018,0.0,0.0,0.0
2025-05-22 03:30:00+00:00,13.0600004196167,13.069999694824219,13.0600004196167,13.069999694824219,20544,0.0,0.0,0.0
2025-05-22 03:35:00+00:00,13.079999923706055,13.079999923706055,13.079999923706055,13.079999923706055,22298,0.0,0.0,0.0
2025-05-22 03:40:00+00:00,13.079999923706055,13.09000015258789,13.079999923706055,13.09000015258789,2134,0.0,0.0,0.0
2025-05-22 03:45:00+00:00,13.079999923706055,13.09000015258789,13.079999923706055,13.09000015258789,20101,0.0,0.0,0.0
2025-05-22 03:50:00+00:00,13.09000015258789,13.100000381469727,13.09000015258789,13.100000381469727,13060,0.0,0.0,0.0
2025-05-22 03:55:00+00:00,13.09000015258789,13.09000015258789,13.09000015258789,13.09000015258789,2011,0.0,0.0,0.0
2025-05-22 04:00:00+00:00,13.09000015258789,13.100000381469727,13.09000015258789,13.100000381469727,5075,0.0,0.0,0.0
2025-05-22 04:05:00+00:00,13.079999923706055,13.079999923706055,13.079999923706055,13.079999923706055,4026,0.0,0.0,0.0
2025-05-22 04:10:00+00:00,13.079999923706055,13.079999923706055,13.079999923706055,13.079999923706055,6779,0.0,0.0,0.0
2025-05-22 04:20:00+00:00,13.079999923706055,13.079999923706055,13.079999923706055,13.079999923706055,24014,0.0,0.0,0.0
2025-05-22 04:25:00+00:00,13.079999923706055,13.079999923706055,13.079999923706055,13.079999923706055,4107,0.0,0.0,0.0
2025-05-22 04:30:00+00:00,13.079999923706055,13.09000015258789,13.069999694824219,13.079999923706055,78084,0.0,0.0,0.0
2025-05-22 04:35:00+00:00,13.09000015258789,13.09000015258789,13.09000015258789,13.09000015258789,39020,0.0,0.0,0.0
2025-05-22 04:40:00+00:00,13.09000015258789,13.09000015258789,13.079999923706055,13.079999923706055,3300,0.0,0.0,0.0
2025-05-22 04:45:00+00:00,13.069999694824219,13.069999694824219,13.069999694824219,13.069999694824219,13469,0.0,0.0,0.0
2025-05-22 04:50:00+00:00,13.069999694824219,13.069999694824219,13.069999694824219,13.069999694824219,21020,0.0,0.0,0.0
2025-05-22 04:55:00+00:00,13.069999694824219,13.069999694824219,13.069999694824219,13.069999694824219,16223,0.0,0.0,0.0
2025-05-22 05:00:00+00:00,13.069999694824219,13.079999923706055,13.069999694824219,13.069999694824219,15140,0.0,0.0,0.0
2025-05-22 05:05:00+00:00,13.069999694824219,13.069999694824219,13.069999694824219,13.069999694824219,8578,0.0,0.0,0.0
2025-05-22 05:10:00+00:00,13.069999694824219,13.079999923706055,13.069999694824219,13.079999923706055,126312,0.0,0.0,0.0
2025-05-22 05:15:00+00:00,13.079999923706055,13.079999923706055,13.079999923706055,13.079999923706055,5704,0.0,0.0,0.0
2025-05-22 05:20:00+00:00,13.079999923706055,13.079999923706055,13.079999923706055,13.079999923706055,19083,0.0,0.0,0.0
2025-05-23 01:00:00+00:00,13.1899995803833,13.199999809265137,13.15999984741211,13.170000076293945,0,0.0,0.0,0.0
2025-05-23 01:05:00+00:00,13.15999984741211,13.170000076293945,13.149999618530273,13.149999618530273,112000,0.0,0.0,0.0
2025-05-23 01:10:00+00:00,13.140000343322754,13.149999618530273,13.140000343322754,13.149999618530273,81348,0.0,0.0,0.0
2025-05-23 01:15:00+00:00,13.140000343322754,13.15999984741211,13.140000343322754,13.15999984741211,34165,0.0,0.0,0.0
2025-05-23 01:20:00+00:00,13.149999618530273,13.149999618530273,13.109999656677246,13.119999885559082,30716,0.0,0.0,0.0
2025-05-23 01:25:00+00:00,13.119999885559082,13.119999885559082,13.119999885559082,13.119999885559082,1069,0.0,0.0,0.0
2025-05-23 01:30:00+00:00,13.119999885559082,13.119999885559082,13.109999656677246,13.119999885559082,11125,0.0,0.0,0.0
2025-05-23 01:35:00+00:00,13.100000381469727,13.100000381469727,13.09000015258789,13.100000381469727,34538,0.0,0.0,0.0
2025-05-23 01:40:00+00:00,13.09000015258789,13.100000381469727,13.079999923706055,13.079999923706055,21102,0.0,0.0,0.0
2025-05-23 01:45:00+00:00,13.100000381469727,13.100000381469727,13.079999923706055,13.09000015258789,86346,0.0,0.0,0.0
2025-05-23 01:50:00+00:00,13.109999656677246,13.109999656677246,13.100000381469727,13.100000381469727,5021,0.0,0.0,0.0
2025-05-23 01:55:00+00:00,13.100000381469727,13.100000381469727,13.079999923706055,13.079999923706055,26010,0.0,0.0,0.0
2025-05-23 02:00:00+00:00,13.079999923706055,13.09000015258789,13.079999923706055,13.079999923706055,17912,0.0,0.0,0.0
2025-05-23 02:05:00+00:00,13.079999923706055,13.079999923706055,13.069999694824219,13.069999694824219,14405,0.0,0.0,0.0
2025-05-23 02:10:00+00:00,13.069999694824219,13.069999694824219,13.069999694824219,13.069999694824219,1006,0.0,0.0,0.0
2025-05-23 02:15:00+00:00,13.069999694824219,13.079999923706055,13.069999694824219,13.069999694824219,14392,0.0,0.0,0.0
2025-05-23 02:20:00+00:00,13.079999923706055,13.079999923706055,13.069999694824219,13.069999694824219,19116,0.0,0.0,0.0
2025-05-23 02:25:00+00:00,13.069999694824219,13.079999923706055,13.069999694824219,13.079999923706055,28825,0.0,0.0,0.0
2025-05-23 02:30:00+00:00,13.079999923706055,13.079999923706055,13.079999923706055,13.079999923706055,9128,0.0,0.0,0.0
2025-05-23 02:35:00+00:00,13.079999923706055,13.079999923706055,13.069999694824219,13.069999694824219,15022,0.0,0.0,0.0
2025-05-23 02:40:00+00:00,13.069999694824219,13.069999694824219,13.069999694824219,13.069999694824219,8019,0.0,0.0,0.0
2025-05-23 02:45:00+00:00,13.079999923706055,13.079999923706055,13.069999694824219,13.069999694824219,10189,0.0,0.0,0.0
2025-05-23 02:50:00+00:00,13.069999694824219,13.069999694824219,13.069999694824219,13.069999694824219,5225,0.0,0.0,0.0
2025-05-23 02:55:00+00:00,13.0600004196167,13.069999694824219,13.0600004196167,13.069999694824219,6254,0.0,0.0,0.0
2025-05-23 03:00:00+00:00,13.069999694824219,13.069999694824219,13.0600004196167,13.069999694824219,5118,0.0,0.0,0.0
2025-05-23 03:05:00+00:00,13.069999694824219,13.069999694824219,13.069999694824219,13.069999694824219,2034,0.0,0.0,0.0
2025-05-23 03:10:00+00:00,13.069999694824219,13.069999694824219,13.0600004196167,13.0600004196167,11018,0.0,0.0,0.0
2025-05-23 03:15:00+00:00,13.069999694824219,13.069999694824219,13.069999694824219,13.069999694824219,2082,0.0,0.0,0.0
2025-05-23 03:20:00+00:00,13.0600004196167,13.069999694824219,13.0600004196167,13.069999694824219,7023,0.0,0.0,0.0
2025-05-23 03:25:00+00:00,13.069999694824219,13.069999694824219,13.0600004196167,13.069999694824219,7021,0.0,0.0,0.0
2025-05-23 03:30:00+00:00,13.069999694824219,13.069999694824219,13.069999694824219,13.069999694824219,4074,0.0,0.0,0.0
2025-05-23 03:40:00+00:00,13.069999694824219,13.069999694824219,13.0600004196167,13.0600004196167,6002,0.0,0.0,0.0
2025-05-23 03:45:00+00:00,13.0600004196167,13.069999694824219,13.0600004196167,13.0600004196167,13013,0.0,0.0,0.0
2025-05-23 03:50:00+00:00,13.0600004196167,13.0600004196167,13.050000190734863,13.050000190734863,17264,0.0,0.0,0.0
2025-05-23 03:55:00+00:00,13.050000190734863,13.050000190734863,13.039999961853027,13.039999961853027,33298,0.0,0.0,0.0
2025-05-23 04:00:00+00:00,13.039999961853027,13.050000190734863,13.039999961853027,13.039999961853027,56770,0.0,0.0,0.0
2025-05-23 04:05:00+00:00,13.039999961853027,13.050000190734863,13.039999961853027,13.050000190734863,4205,0.0,0.0,0.0
2025-05-23 04:10:00+00:00,13.039999961853027,13.039999961853027,13.029999732971191,13.039999961853027,108623,0.0,0.0,0.0
2025-05-23 04:15:00+00:00,13.029999732971191,13.039999961853027,13.029999732971191,13.039999961853027,5054,0.0,0.0,0.0
2025-05-23 04:20:00+00:00,13.029999732971191,13.029999732971191,13.020000457763672,13.020000457763672,45078,0.0,0.0,0.0
2025-05-23 04:25:00+00:00,13.020000457763672,13.020000457763672,13.010000228881836,13.010000228881836,28794,0.0,0.0,0.0
2025-05-23 04:30:00+00:00,13.020000457763672,13.020000457763672,13.0,13.0,46550,0.0,0.0,0.0
2025-05-23 04:35:00+00:00,13.020000457763672,13.020000457763672,13.020000457763672,13.020000457763672,52310,0.0,0.0,0.0
2025-05-23 04:40:00+00:00,13.020000457763672,13.020000457763672,13.010000228881836,13.020000457763672,36386,0.0,0.0,0.0
2025-05-23 04:45:00+00:00,13.020000457763672,13.020000457763672,13.010000228881836,13.010000228881836,25160,0.0,0.0,0.0
2025-05-23 04:50:00+00:00,13.010000228881836,13.010000228881836,13.0,13.010000228881836,40850,0.0,0.0,0.0
2025-05-23 04:55:00+00:00,13.0,13.010000228881836,13.0,13.010000228881836,9566,0.0,0.0,0.0
2025-05-23 05:00:00+00:00,13.0,13.010000228881836,13.0,13.010000228881836,47480,0.0,0.0,0.0
2025-05-23 05:05:00+00:00,13.029999732971191,13.029999732971191,13.020000457763672,13.020000457763672,2110,0.0,0.0,0.0
2025-05-23 05:10:00+00:00,13.020000457763672,13.029999732971191,13.020000457763672,13.029999732971191,12554,0.0,0.0,0.0
2025-05-23 05:15:00+00:00,13.029999732971191,13.029999732971191,13.020000457763672,13.020000457763672,19816,0.0,0.0,0.0
2025-05-23 05:20:00+00:00,13.029999732971191,13.039999961853027,13.020000457763672,13.029999732971191,61663,0.0,0.0,0.0
2025-05-26 01:00:00+00:00,13.0600004196167,13.0600004196167,13.0,13.0,0,0.0,0.0,0.0
2025-05-26 01:05:00+00:00,13.0,13.039999961853027,13.0,13.039999961853027,209364,0.0,0.0,0.0
2025-05-26 01:10:00+00:00,13.039999961853027,13.050000190734863,13.029999732971191,13.039999961853027,46788,0.0,0.0,0.0
2025-05-26 01:15:00+00:00,13.050000190734863,13.069999694824219,13.039999961853027,13.069999694824219,51215,0.0,0.0,0.0
2025-05-26 01:20:00+00:00,13.069999694824219,13.069999694824219,13.050000190734863,13.050000190734863,17891,0.0,0.0,0.0
2025-05-26 01:25:00+00:00,13.039999961853027,13.050000190734863,13.029999732971191,13.039999961853027,70525,0.0,0.0,0.0
2025-05-26 01:30:00+00:00,13.039999961853027,13.039999961853027,13.010000228881836,13.020000457763672,21048,0.0,0.0,0.0
2025-05-26 01:35:00+00:00,13.020000457763672,13.020000457763672,13.010000228881836,13.020000457763672,8477,0.0,0.0,0.0
2025-05-26 01:40:00+00:00,13.020000457763672,13.020000457763672,13.010000228881836,13.020000457763672,13237,0.0,0.0,0.0
2025-05-26 01:45:00+00:00,13.020000457763672,13.029999732971191,13.010000228881836,13.029999732971191,40626,0.0,0.0,0.0
2025-05-26 01:50:00+00:00,13.029999732971191,13.029999732971191,13.029999732971191,13.029999732971191,36058,0.0,0.0,0.0
2025-05-26 01:55:00+00:00,13.029999732971191,13.039999961853027,13.029999732971191,13.039999961853027,14198,0.0,0.0,0.0
2025-05-26 02:00:00+00:00,13.039999961853027,13.050000190734863,13.039999961853027,13.050000190734863,43279,0.0,0.0,0.0
2025-05-26 02:05:00+00:00,13.0600004196167,13.069999694824219,13.0600004196167,13.069999694824219,29058,0.0,0.0,0.0
2025-05-26 02:10:00+00:00,13.0600004196167,13.069999694824219,13.0600004196167,13.0600004196167,8927,0.0,0.0,0.0
2025-05-26 02:15:00+00:00,13.069999694824219,13.069999694824219,13.050000190734863,13.069999694824219,53911,0.0,0.0,0.0
2025-05-26 02:20:00+00:00,13.069999694824219,13.069999694824219,13.069999694824219,13.069999694824219,2287,0.0,0.0,0.0
2025-05-26 02:25:00+00:00,13.050000190734863,13.050000190734863,13.039999961853027,13.039999961853027,8085,0.0,0.0,0.0
2025-05-26 02:30:00+00:00,13.039999961853027,13.050000190734863,13.039999961853027,13.050000190734863,7172,0.0,0.0,0.0
2025-05-26 02:35:00+00:00,13.039999961853027,13.039999961853027,13.039999961853027,13.039999961853027,3163,0.0,0.0,0.0
2025-05-26 02:40:00+00:00,13.039999961853027,13.039999961853027,13.029999732971191,13.029999732971191,4073,0.0,0.0,0.0
2025-05-26 02:45:00+00:00,13.039999961853027,13.039999961853027,13.039999961853027,13.039999961853027,5147,0.0,0.0,0.0
2025-05-26 02:50:00+00:00,13.029999732971191,13.039999961853027,13.029999732971191,13.029999732971191,10113,0.0,0.0,0.0
2025-05-26 02:55:00+00:00,13.039999961853027,13.039999961853027,13.039999961853027,13.039999961853027,3158,0.0,0.0,0.0
2025-05-26 03:00:00+00:00,13.029999732971191,13.050000190734863,13.029999732971191,13.050000190734863,20172,0.0,0.0,0.0
2025-05-26 03:05:00+00:00,13.050000190734863,13.050000190734863,13.050000190734863,13.050000190734863,7563,0.0,0.0,0.0
2025-05-26 03:10:00+00:00,13.039999961853027,13.050000190734863,13.039999961853027,13.039999961853027,5119,0.0,0.0,0.0
2025-05-26 03:15:00+00:00,13.039999961853027,13.039999961853027,13.039999961853027,13.039999961853027,2222,0.0,0.0,0.0
2025-05-26 03:20:00+00:00,13.039999961853027,13.039999961853027,13.029999732971191,13.029999732971191,4058,0.0,0.0,0.0
2025-05-26 03:25:00+00:00,13.029999732971191,13.029999732971191,13.020000457763672,13.020000457763672,28053,0.0,0.0,0.0
2025-05-26 03:30:00+00:00,13.039999961853027,13.039999961853027,13.020000457763672,13.020000457763672,5153,0.0,0.0,0.0
2025-05-26 03:35:00+00:00,13.020000457763672,13.020000457763672,13.010000228881836,13.010000228881836,11141,0.0,0.0,0.0
2025-05-26 03:40:00+00:00,13.010000228881836,13.020000457763672,13.010000228881836,13.010000228881836,5024,0.0,0.0,0.0
2025-05-26 03:45:00+00:00,13.010000228881836,13.029999732971191,13.010000228881836,13.020000457763672,5081,0.0,0.0,0.0
2025-05-26 03:50:00+00:00,13.020000457763672,13.020000457763672,13.010000228881836,13.010000228881836,18135,0.0,0.0,0.0
2025-05-26 03:55:00+00:00,13.020000457763672,13.020000457763672,13.0,13.010000228881836,9302,0.0,0.0,0.0
2025-05-26 04:00:00+00:00,13.010000228881836,13.010000228881836,13.0,13.010000228881836,5035,0.0,0.0,0.0
2025-05-26 04:05:00+00:00,13.010000228881836,13.029999732971191,13.0,13.029999732971191,39710,0.0,0.0,0.0
2025-05-26 04:10:00+00:00,13.010000228881836,13.010000228881836,13.0,13.010000228881836,18631,0.0,0.0,0.0
2025-05-26 04:15:00+00:00,13.010000228881836,13.010000228881836,13.0,13.010000228881836,23183,0.0,0.0,0.0
2025-05-26 04:20:00+00:00,13.010000228881836,13.010000228881836,13.010000228881836,13.010000228881836,5016,0.0,0.0,0.0
2025-05-26 04:25:00+00:00,13.010000228881836,13.010000228881836,13.010000228881836,13.010000228881836,35092,0.0,0.0,0.0
2025-05-26 04:30:00+00:00,13.010000228881836,13.020000457763672,13.010000228881836,13.020000457763672,16370,0.0,0.0,0.0
2025-05-26 04:35:00+00:00,13.020000457763672,13.020000457763672,13.020000457763672,13.020000457763672,4469,0.0,0.0,0.0
2025-05-26 04:40:00+00:00,13.020000457763672,13.020000457763672,13.020000457763672,13.020000457763672,16518,0.0,0.0,0.0
2025-05-26 04:50:00+00:00,13.020000457763672,13.020000457763672,13.010000228881836,13.010000228881836,14578,0.0,0.0,0.0
2025-05-26 05:00:00+00:00,13.010000228881836,13.010000228881836,13.0,13.010000228881836,13056,0.0,0.0,0.0
2025-05-26 05:05:00+00:00,13.010000228881836,13.010000228881836,13.0,13.0,79435,0.0,0.0,0.0
2025-05-26 05:10:00+00:00,13.0,13.010000228881836,13.0,13.0,29235,0.0,0.0,0.0
2025-05-26 05:15:00+00:00,13.010000228881836,13.010000228881836,13.0,13.0,24829,0.0,0.0,0.0
2025-05-26 05:20:00+00:00,13.0,13.0,13.0,13.0,59420,0.0,0.0,0.0
2025-05-27 01:00:00+00:00,13.010000228881836,13.010000228881836,12.949999809265137,12.949999809265137,0,0.0,0.0,0.0
2025-05-27 01:05:00+00:00,12.949999809265137,12.979999542236328,12.949999809265137,12.960000038146973,14557,0.0,0.0,0.0
2025-05-27 01:10:00+00:00,12.960000038146973,12.960000038146973,12.949999809265137,12.949999809265137,46814,0.0,0.0,0.0
2025-05-27 01:15:00+00:00,12.949999809265137,12.960000038146973,12.949999809265137,12.949999809265137,88104,0.0,0.0,0.0
2025-05-27 01:20:00+00:00,12.960000038146973,12.960000038146973,12.949999809265137,12.949999809265137,12795,0.0,0.0,0.0
2025-05-27 01:25:00+00:00,12.949999809265137,12.979999542236328,12.949999809265137,12.979999542236328,16239,0.0,0.0,0.0
2025-05-27 01:30:00+00:00,12.989999771118164,12.989999771118164,12.979999542236328,12.979999542236328,8758,0.0,0.0,0.0
2025-05-27 01:35:00+00:00,12.979999542236328,12.979999542236328,12.979999542236328,12.979999542236328,10037,0.0,0.0,0.0
2025-05-27 01:40:00+00:00,12.979999542236328,12.979999542236328,12.970000267028809,12.970000267028809,14037,0.0,0.0,0.0
2025-05-27 01:45:00+00:00,12.970000267028809,12.979999542236328,12.960000038146973,12.979999542236328,6090,0.0,0.0,0.0
2025-05-27 01:50:00+00:00,12.960000038146973,12.960000038146973,12.9399995803833,12.9399995803833,100784,0.0,0.0,0.0
2025-05-27 01:55:00+00:00,12.9399995803833,12.9399995803833,12.899999618530273,12.899999618530273,136532,0.0,0.0,0.0
2025-05-27 02:00:00+00:00,12.899999618530273,12.899999618530273,12.890000343322754,12.890000343322754,36547,0.0,0.0,0.0
2025-05-27 02:05:00+00:00,12.890000343322754,12.899999618530273,12.890000343322754,12.890000343322754,6933,0.0,0.0,0.0
2025-05-27 02:10:00+00:00,12.890000343322754,12.890000343322754,12.869999885559082,12.869999885559082,89248,0.0,0.0,0.0
2025-05-27 02:15:00+00:00,12.880000114440918,12.890000343322754,12.880000114440918,12.890000343322754,20033,0.0,0.0,0.0
2025-05-27 02:20:00+00:00,12.890000343322754,12.890000343322754,12.880000114440918,12.880000114440918,53781,0.0,0.0,0.0
2025-05-27 02:25:00+00:00,12.890000343322754,12.890000343322754,12.890000343322754,12.890000343322754,5000,0.0,0.0,0.0
2025-05-27 02:30:00+00:00,12.890000343322754,12.899999618530273,12.890000343322754,12.899999618530273,60418,0.0,0.0,0.0
2025-05-27 02:35:00+00:00,12.920000076293945,12.920000076293945,12.920000076293945,12.920000076293945,2346,0.0,0.0,0.0
2025-05-27 02:40:00+00:00,12.90999984741211,12.920000076293945,12.90999984741211,12.920000076293945,7095,0.0,0.0,0.0
2025-05-27 02:45:00+00:00,12.920000076293945,12.920000076293945,12.90999984741211,12.90999984741211,11054,0.0,0.0,0.0
2025-05-27 02:50:00+00:00,12.899999618530273,12.899999618530273,12.899999618530273,12.899999618530273,1368,0.0,0.0,0.0
2025-05-27 02:55:00+00:00,12.920000076293945,12.920000076293945,12.920000076293945,12.920000076293945,4023,0.0,0.0,0.0
2025-05-27 03:00:00+00:00,12.920000076293945,12.920000076293945,12.920000076293945,12.920000076293945,6468,0.0,0.0,0.0
2025-05-27 03:05:00+00:00,12.90999984741211,12.90999984741211,12.90999984741211,12.90999984741211,3202,0.0,0.0,0.0
2025-05-27 03:10:00+00:00,12.90999984741211,12.90999984741211,12.899999618530273,12.899999618530273,18444,0.0,0.0,0.0
2025-05-27 03:15:00+00:00,12.90999984741211,12.90999984741211,12.890000343322754,12.890000343322754,6234,0.0,0.0,0.0
2025-05-27 03:20:00+00:00,12.899999618530273,12.899999618530273,12.890000343322754,12.899999618530273,3245,0.0,0.0,0.0
2025-05-27 03:25:00+00:00,12.899999618530273,12.899999618530273,12.899999618530273,12.899999618530273,3021,0.0,0.0,0.0
2025-05-27 03:30:00+00:00,12.899999618530273,12.899999618530273,12.890000343322754,12.890000343322754,12507,0.0,0.0,0.0
2025-05-27 03:35:00+00:00,12.899999618530273,12.899999618530273,12.890000343322754,12.890000343322754,4808,0.0,0.0,0.0
2025-05-27 03:40:00+00:00,12.890000343322754,12.890000343322754,12.890000343322754,12.890000343322754,2201,0.0,0.0,0.0
2025-05-27 03:45:00+00:00,12.890000343322754,12.890000343322754,12.890000343322754,12.890000343322754,3028,0.0,0.0,0.0
2025-05-27 03:50:00+00:00,12.890000343322754,12.890000343322754,12.890000343322754,12.890000343322754,6141,0.0,0.0,0.0
2025-05-27 03:55:00+00:00,12.880000114440918,12.890000343322754,12.880000114440918,12.880000114440918,55806,0.0,0.0,0.0
2025-05-27 04:00:00+00:00,12.880000114440918,12.880000114440918,12.859999656677246,12.869999885559082,47147,0.0,0.0,0.0
2025-05-27 04:05:00+00:00,12.869999885559082,12.869999885559082,12.859999656677246,12.869999885559082,20349,0.0,0.0,0.0
2025-05-27 04:10:00+00:00,12.869999885559082,12.869999885559082,12.859999656677246,12.869999885559082,17125,0.0,0.0,0.0
2025-05-27 04:15:00+00:00,12.869999885559082,12.869999885559082,12.859999656677246,12.859999656677246,9302,0.0,0.0,0.0
2025-05-27 04:20:00+00:00,12.869999885559082,12.869999885559082,12.850000381469727,12.850000381469727,73279,0.0,0.0,0.0
2025-05-27 04:25:00+00:00,12.859999656677246,12.859999656677246,12.850000381469727,12.850000381469727,24335,0.0,0.0,0.0
2025-05-27 04:30:00+00:00,12.859999656677246,12.869999885559082,12.850000381469727,12.850000381469727,34055,0.0,0.0,0.0
2025-05-27 04:35:00+00:00,12.859999656677246,12.859999656677246,12.850000381469727,12.850000381469727,9313,0.0,0.0,0.0
2025-05-27 04:40:00+00:00,12.850000381469727,12.859999656677246,12.850000381469727,12.850000381469727,52348,0.0,0.0,0.0
2025-05-27 04:45:00+00:00,12.859999656677246,12.859999656677246,12.84000015258789,12.84000015258789,74371,0.0,0.0,0.0
2025-05-27 04:50:00+00:00,12.859999656677246,12.859999656677246,12.84000015258789,12.850000381469727,14172,0.0,0.0,0.0
2025-05-27 04:55:00+00:00,12.850000381469727,12.859999656677246,12.850000381469727,12.859999656677246,51294,0.0,0.0,0.0
2025-05-27 05:00:00+00:00,12.859999656677246,12.869999885559082,12.859999656677246,12.869999885559082,24070,0.0,0.0,0.0
2025-05-27 05:05:00+00:00,12.869999885559082,12.869999885559082,12.869999885559082,12.869999885559082,8785,0.0,0.0,0.0
2025-05-27 05:10:00+00:00,12.859999656677246,12.869999885559082,12.859999656677246,12.859999656677246,7389,0.0,0.0,0.0
2025-05-27 05:15:00+00:00,12.869999885559082,12.869999885559082,12.859999656677246,12.869999885559082,14752,0.0,0.0,0.0
2025-05-27 05:20:00+00:00,12.869999885559082,12.869999885559082,12.859999656677246,12.859999656677246,55703,0.0,0.0,0.0
2025-05-28 01:00:00+00:00,12.989999771118164,13.079999923706055,12.989999771118164,13.050000190734863,0,0.0,0.0,0.0
2025-05-28 01:05:00+00:00,13.050000190734863,13.0600004196167,13.029999732971191,13.029999732971191,122275,0.0,0.0,0.0
2025-05-28 01:10:00+00:00,13.029999732971191,13.029999732971191,13.029999732971191,13.029999732971191,30227,0.0,0.0,0.0
2025-05-28 01:15:00+00:00,13.020000457763672,13.039999961853027,13.020000457763672,13.039999961853027,6253,0.0,0.0,0.0
2025-05-28 01:20:00+00:00,13.029999732971191,13.039999961853027,13.020000457763672,13.029999732971191,106027,0.0,0.0,0.0
2025-05-28 01:25:00+00:00,13.029999732971191,13.029999732971191,13.020000457763672,13.020000457763672,18234,0.0,0.0,0.0
2025-05-28 01:30:00+00:00,13.029999732971191,13.029999732971191,12.979999542236328,12.979999542236328,83961,0.0,0.0,0.0
2025-05-28 01:35:00+00:00,12.989999771118164,12.989999771118164,12.989999771118164,12.989999771118164,7213,0.0,0.0,0.0
2025-05-28 01:40:00+00:00,12.979999542236328,12.989999771118164,12.979999542236328,12.989999771118164,40148,0.0,0.0,0.0
2025-05-28 01:45:00+00:00,12.989999771118164,12.989999771118164,12.960000038146973,12.970000267028809,48925,0.0,0.0,0.0
2025-05-28 01:50:00+00:00,12.970000267028809,12.970000267028809,12.970000267028809,12.970000267028809,9135,0.0,0.0,0.0
2025-05-28 01:55:00+00:00,12.960000038146973,12.960000038146973,12.960000038146973,12.960000038146973,1079,0.0,0.0,0.0
2025-05-28 02:00:00+00:00,12.960000038146973,12.960000038146973,12.960000038146973,12.960000038146973,21241,0.0,0.0,0.0
2025-05-28 02:05:00+00:00,12.960000038146973,12.960000038146973,12.960000038146973,12.960000038146973,6211,0.0,0.0,0.0
2025-05-28 02:10:00+00:00,12.960000038146973,12.979999542236328,12.960000038146973,12.979999542236328,22521,0.0,0.0,0.0
2025-05-28 02:15:00+00:00,12.979999542236328,12.979999542236328,12.979999542236328,12.979999542236328,12043,0.0,0.0,0.0
2025-05-28 02:20:00+00:00,12.970000267028809,12.970000267028809,12.949999809265137,12.949999809265137,31817,0.0,0.0,0.0
2025-05-28 02:25:00+00:00,12.9399995803833,12.9399995803833,12.9399995803833,12.9399995803833,1061,0.0,0.0,0.0
2025-05-28 02:30:00+00:00,12.949999809265137,12.970000267028809,12.949999809265137,12.970000267028809,3134,0.0,0.0,0.0
2025-05-28 02:35:00+00:00,12.960000038146973,12.960000038146973,12.949999809265137,12.960000038146973,4223,0.0,0.0,0.0
2025-05-28 02:40:00+00:00,12.960000038146973,12.960000038146973,12.960000038146973,12.960000038146973,5033,0.0,0.0,0.0
2025-05-28 02:45:00+00:00,12.949999809265137,12.949999809265137,12.9399995803833,12.9399995803833,10583,0.0,0.0,0.0
2025-05-28 02:50:00+00:00,12.9399995803833,12.9399995803833,12.9399995803833,12.9399995803833,24081,0.0,0.0,0.0
2025-05-28 02:55:00+00:00,12.930000305175781,12.9399995803833,12.930000305175781,12.9399995803833,37318,0.0,0.0,0.0
2025-05-28 03:00:00+00:00,12.9399995803833,12.949999809265137,12.9399995803833,12.949999809265137,98028,0.0,0.0,0.0
2025-05-28 03:05:00+00:00,12.960000038146973,12.960000038146973,12.960000038146973,12.960000038146973,2162,0.0,0.0,0.0
2025-05-28 03:10:00+00:00,12.960000038146973,12.960000038146973,12.960000038146973,12.960000038146973,8017,0.0,0.0,0.0
2025-05-28 03:15:00+00:00,12.970000267028809,12.970000267028809,12.970000267028809,12.970000267028809,2350,0.0,0.0,0.0
2025-05-28 03:20:00+00:00,12.970000267028809,12.970000267028809,12.970000267028809,12.970000267028809,1222,0.0,0.0,0.0
2025-05-28 03:25:00+00:00,12.949999809265137,12.949999809265137,12.949999809265137,12.949999809265137,1029,0.0,0.0,0.0
2025-05-28 03:30:00+00:00,12.949999809265137,12.949999809265137,12.9399995803833,12.949999809265137,4010,0.0,0.0,0.0
2025-05-28 03:35:00+00:00,12.9399995803833,12.9399995803833,12.9399995803833,12.9399995803833,13108,0.0,0.0,0.0
2025-05-28 03:40:00+00:00,12.9399995803833,12.9399995803833,12.920000076293945,12.920000076293945,10941,0.0,0.0,0.0
2025-05-28 03:45:00+00:00,12.930000305175781,12.930000305175781,12.930000305175781,12.930000305175781,1487,0.0,0.0,0.0
2025-05-28 03:50:00+00:00,12.920000076293945,12.920000076293945,12.920000076293945,12.920000076293945,1975,0.0,0.0,0.0
2025-05-28 03:55:00+00:00,12.90999984741211,12.90999984741211,12.90999984741211,12.90999984741211,7434,0.0,0.0,0.0
2025-05-28 04:00:00+00:00,12.90999984741211,12.90999984741211,12.899999618530273,12.90999984741211,7022,0.0,0.0,0.0
2025-05-28 04:05:00+00:00,12.90999984741211,12.90999984741211,12.90999984741211,12.90999984741211,6006,0.0,0.0,0.0
2025-05-28 04:10:00+00:00,12.90999984741211,12.90999984741211,12.90999984741211,12.90999984741211,26510,0.0,0.0,0.0
2025-05-28 04:15:00+00:00,12.90999984741211,12.90999984741211,12.899999618530273,12.899999618530273,6090,0.0,0.0,0.0
2025-05-28 04:20:00+00:00,12.899999618530273,12.899999618530273,12.899999618530273,12.899999618530273,24160,0.0,0.0,0.0
2025-05-28 04:25:00+00:00,12.899999618530273,12.899999618530273,12.890000343322754,12.890000343322754,11419,0.0,0.0,0.0
2025-05-28 04:30:00+00:00,12.899999618530273,12.899999618530273,12.869999885559082,12.869999885559082,29765,0.0,0.0,0.0
2025-05-28 04:35:00+00:00,12.859999656677246,12.859999656677246,12.859999656677246,12.859999656677246,23104,0.0,0.0,0.0
2025-05-28 04:40:00+00:00,12.859999656677246,12.859999656677246,12.850000381469727,12.859999656677246,51896,0.0,0.0,0.0
2025-05-28 04:45:00+00:00,12.869999885559082,12.890000343322754,12.869999885559082,12.890000343322754,14078,0.0,0.0,0.0
2025-05-28 04:50:00+00:00,12.880000114440918,12.890000343322754,12.880000114440918,12.890000343322754,3082,0.0,0.0,0.0
2025-05-28 04:55:00+00:00,12.880000114440918,12.880000114440918,12.869999885559082,12.869999885559082,8503,0.0,0.0,0.0
2025-05-28 05:00:00+00:00,12.869999885559082,12.869999885559082,12.869999885559082,12.869999885559082,15540,0.0,0.0,0.0
2025-05-28 05:05:00+00:00,12.869999885559082,12.890000343322754,12.869999885559082,12.890000343322754,129646,0.0,0.0,0.0
2025-05-28 05:10:00+00:00,12.890000343322754,12.890000343322754,12.890000343322754,12.890000343322754,37431,0.0,0.0,0.0
2025-05-28 05:15:00+00:00,12.899999618530273,12.899999618530273,12.890000343322754,12.899999618530273,106461,0.0,0.0,0.0
2025-05-28 05:20:00+00:00,12.899999618530273,12.90999984741211,12.899999618530273,12.90999984741211,23563,0.0,0.0,0.0
2025-05-29 01:00:00+00:00,13.050000190734863,13.069999694824219,13.010000228881836,13.039999961853027,0,0.0,0.0,0.0
2025-05-29 01:05:00+00:00,13.010000228881836,13.010000228881836,12.970000267028809,12.970000267028809,174999,0.0,0.0,0.0
2025-05-29 01:10:00+00:00,12.989999771118164,12.989999771118164,12.949999809265137,12.960000038146973,85207,0.0,0.0,0.0
2025-05-29 01:15:00+00:00,12.960000038146973,12.960000038146973,12.960000038146973,12.960000038146973,119832,0.0,0.0,0.0
2025-05-29 01:20:00+00:00,12.949999809265137,12.960000038146973,12.949999809265137,12.960000038146973,54011,0.0,0.0,0.0
2025-05-29 01:25:00+00:00,12.960000038146973,12.970000267028809,12.960000038146973,12.970000267028809,2570,0.0,0.0,0.0
2025-05-29 01:30:00+00:00,12.970000267028809,12.970000267028809,12.960000038146973,12.970000267028809,66936,0.0,0.0,0.0
2025-05-29 01:35:00+00:00,12.979999542236328,12.989999771118164,12.979999542236328,12.989999771118164,32674,0.0,0.0,0.0
2025-05-29 01:40:00+00:00,13.0,13.010000228881836,13.0,13.010000228881836,29810,0.0,0.0,0.0
2025-05-29 01:45:00+00:00,13.010000228881836,13.010000228881836,13.0,13.0,36145,0.0,0.0,0.0
2025-05-29 01:50:00+00:00,12.989999771118164,13.0,12.989999771118164,12.989999771118164,14537,0.0,0.0,0.0
2025-05-29 01:55:00+00:00,12.970000267028809,12.989999771118164,12.970000267028809,12.989999771118164,5430,0.0,0.0,0.0
2025-05-29 02:00:00+00:00,12.989999771118164,13.0,12.989999771118164,12.989999771118164,8417,0.0,0.0,0.0
2025-05-29 02:05:00+00:00,12.979999542236328,12.979999542236328,12.979999542236328,12.979999542236328,29534,0.0,0.0,0.0
2025-05-29 02:15:00+00:00,12.979999542236328,12.979999542236328,12.970000267028809,12.970000267028809,15516,0.0,0.0,0.0
2025-05-29 02:20:00+00:00,12.970000267028809,12.970000267028809,12.970000267028809,12.970000267028809,4034,0.0,0.0,0.0
2025-05-29 02:25:00+00:00,12.960000038146973,12.960000038146973,12.949999809265137,12.960000038146973,22458,0.0,0.0,0.0
2025-05-29 02:30:00+00:00,12.960000038146973,12.970000267028809,12.949999809265137,12.949999809265137,64364,0.0,0.0,0.0
2025-05-29 02:35:00+00:00,12.949999809265137,12.949999809265137,12.949999809265137,12.949999809265137,2045,0.0,0.0,0.0
2025-05-29 02:40:00+00:00,12.970000267028809,12.970000267028809,12.960000038146973,12.970000267028809,7345,0.0,0.0,0.0
2025-05-29 02:45:00+00:00,12.970000267028809,12.970000267028809,12.960000038146973,12.960000038146973,12091,0.0,0.0,0.0
2025-05-29 02:50:00+00:00,12.960000038146973,12.960000038146973,12.960000038146973,12.960000038146973,10045,0.0,0.0,0.0
2025-05-29 02:55:00+00:00,12.960000038146973,12.970000267028809,12.949999809265137,12.949999809265137,17061,0.0,0.0,0.0
2025-05-29 03:00:00+00:00,12.970000267028809,12.970000267028809,12.960000038146973,12.970000267028809,31063,0.0,0.0,0.0
2025-05-29 03:05:00+00:00,12.960000038146973,12.970000267028809,12.949999809265137,12.949999809265137,18057,0.0,0.0,0.0
2025-05-29 03:10:00+00:00,12.949999809265137,12.970000267028809,12.949999809265137,12.970000267028809,75034,0.0,0.0,0.0
2025-05-29 03:15:00+00:00,12.979999542236328,12.979999542236328,12.979999542236328,12.979999542236328,1140,0.0,0.0,0.0
2025-05-29 03:20:00+00:00,12.979999542236328,12.979999542236328,12.970000267028809,12.970000267028809,19166,0.0,0.0,0.0
2025-05-29 03:25:00+00:00,12.979999542236328,12.979999542236328,12.979999542236328,12.979999542236328,42051,0.0,0.0,0.0
2025-05-29 03:30:00+00:00,12.989999771118164,12.989999771118164,12.989999771118164,12.989999771118164,10254,0.0,0.0,0.0
2025-05-29 03:35:00+00:00,12.989999771118164,13.0,12.989999771118164,12.989999771118164,12118,0.0,0.0,0.0
2025-05-29 03:40:00+00:00,12.979999542236328,12.979999542236328,12.979999542236328,12.979999542236328,2235,0.0,0.0,0.0
2025-05-29 03:45:00+00:00,12.979999542236328,12.979999542236328,12.979999542236328,12.979999542236328,2146,0.0,0.0,0.0
2025-05-29 03:50:00+00:00,12.970000267028809,12.979999542236328,12.970000267028809,12.970000267028809,6022,0.0,0.0,0.0
2025-05-29 03:55:00+00:00,12.979999542236328,12.979999542236328,12.979999542236328,12.979999542236328,2129,0.0,0.0,0.0
2025-05-29 04:00:00+00:00,12.970000267028809,12.979999542236328,12.970000267028809,12.979999542236328,19623,0.0,0.0,0.0
2025-05-29 04:05:00+00:00,12.979999542236328,12.979999542236328,12.979999542236328,12.979999542236328,2001,0.0,0.0,0.0
2025-05-29 04:10:00+00:00,12.979999542236328,12.979999542236328,12.970000267028809,12.970000267028809,2900,0.0,0.0,0.0
2025-05-29 04:15:00+00:00,12.960000038146973,12.960000038146973,12.949999809265137,12.949999809265137,10006,0.0,0.0,0.0
2025-05-29 04:20:00+00:00,12.960000038146973,12.960000038146973,12.949999809265137,12.949999809265137,25946,0.0,0.0,0.0
2025-05-29 04:25:00+00:00,12.9399995803833,12.949999809265137,12.930000305175781,12.949999809265137,51916,0.0,0.0,0.0
2025-05-29 04:30:00+00:00,12.960000038146973,12.960000038146973,12.960000038146973,12.960000038146973,3230,0.0,0.0,0.0
2025-05-29 04:35:00+00:00,12.960000038146973,12.960000038146973,12.960000038146973,12.960000038146973,1000,0.0,0.0,0.0
2025-05-29 04:40:00+00:00,12.949999809265137,12.960000038146973,12.949999809265137,12.949999809265137,16108,0.0,0.0,0.0
2025-05-29 04:45:00+00:00,12.949999809265137,12.960000038146973,12.949999809265137,12.949999809265137,17250,0.0,0.0,0.0
2025-05-29 04:50:00+00:00,12.949999809265137,12.960000038146973,12.949999809265137,12.960000038146973,60000,0.0,0.0,0.0
2025-05-29 04:55:00+00:00,12.960000038146973,12.960000038146973,12.960000038146973,12.960000038146973,14212,0.0,0.0,0.0
2025-05-29 05:00:00+00:00,12.970000267028809,12.970000267028809,12.949999809265137,12.960000038146973,45100,0.0,0.0,0.0
2025-05-29 05:05:00+00:00,12.960000038146973,12.960000038146973,12.9399995803833,12.949999809265137,130273,0.0,0.0,0.0
2025-05-29 05:10:00+00:00,12.949999809265137,12.949999809265137,12.9399995803833,12.949999809265137,8343,0.0,0.0,0.0
2025-05-29 05:15:00+00:00,12.960000038146973,12.960000038146973,12.949999809265137,12.949999809265137,5122,0.0,0.0,0.0
2025-05-29 05:20:00+00:00,12.949999809265137,12.970000267028809,12.949999809265137,12.970000267028809,94076,0.0,0.0,0.0
2025-06-02 01:00:00+00:00,12.880000114440918,12.890000343322754,12.779999732971191,12.779999732971191,0,0.0,0.0,0.0
2025-06-02 01:05:00+00:00,12.800000190734863,12.819999694824219,12.779999732971191,12.819999694824219,104821,0.0,0.0,0.0
2025-06-02 01:10:00+00:00,12.829999923706055,12.84000015258789,12.819999694824219,12.829999923706055,22857,0.0,0.0,0.0
2025-06-02 01:15:00+00:00,12.829999923706055,12.829999923706055,12.8100004196167,12.8100004196167,82835,0.0,0.0,0.0
2025-06-02 01:20:00+00:00,12.800000190734863,12.800000190734863,12.789999961853027,12.789999961853027,69303,0.0,0.0,0.0
2025-06-02 01:25:00+00:00,12.779999732971191,12.779999732971191,12.770000457763672,12.770000457763672,110525,0.0,0.0,0.0
2025-06-02 01:30:00+00:00,12.770000457763672,12.770000457763672,12.75,12.760000228881836,49159,0.0,0.0,0.0
2025-06-02 01:35:00+00:00,12.760000228881836,12.760000228881836,12.75,12.760000228881836,68106,0.0,0.0,0.0
2025-06-02 01:40:00+00:00,12.75,12.760000228881836,12.739999771118164,12.75,21631,0.0,0.0,0.0
2025-06-02 01:45:00+00:00,12.739999771118164,12.75,12.729999542236328,12.739999771118164,85547,0.0,0.0,0.0
2025-06-02 01:50:00+00:00,12.75,12.75,12.729999542236328,12.729999542236328,224428,0.0,0.0,0.0
2025-06-02 01:55:00+00:00,12.729999542236328,12.729999542236328,12.720000267028809,12.729999542236328,59072,0.0,0.0,0.0
2025-06-02 02:00:00+00:00,12.729999542236328,12.739999771118164,12.729999542236328,12.739999771118164,6353,0.0,0.0,0.0
2025-06-02 02:05:00+00:00,12.75,12.75,12.75,12.75,8620,0.0,0.0,0.0
2025-06-02 02:10:00+00:00,12.739999771118164,12.760000228881836,12.739999771118164,12.760000228881836,93249,0.0,0.0,0.0
2025-06-02 02:15:00+00:00,12.760000228881836,12.770000457763672,12.760000228881836,12.760000228881836,18527,0.0,0.0,0.0
2025-06-02 02:20:00+00:00,12.770000457763672,12.770000457763672,12.770000457763672,12.770000457763672,2118,0.0,0.0,0.0
2025-06-02 02:25:00+00:00,12.770000457763672,12.770000457763672,12.75,12.760000228881836,68302,0.0,0.0,0.0
2025-06-02 02:30:00+00:00,12.760000228881836,12.760000228881836,12.75,12.75,77579,0.0,0.0,0.0
2025-06-02 02:35:00+00:00,12.739999771118164,12.739999771118164,12.739999771118164,12.739999771118164,21432,0.0,0.0,0.0
2025-06-02 02:40:00+00:00,12.739999771118164,12.739999771118164,12.729999542236328,12.729999542236328,58526,0.0,0.0,0.0
2025-06-02 02:45:00+00:00,12.729999542236328,12.729999542236328,12.729999542236328,12.729999542236328,4419,0.0,0.0,0.0
2025-06-02 02:50:00+00:00,12.720000267028809,12.729999542236328,12.710000038146973,12.710000038146973,145755,0.0,0.0,0.0
2025-06-02 02:55:00+00:00,12.710000038146973,12.720000267028809,12.710000038146973,12.710000038146973,22610,0.0,0.0,0.0
2025-06-02 03:00:00+00:00,12.710000038146973,12.710000038146973,12.699999809265137,12.710000038146973,13982,0.0,0.0,0.0
2025-06-02 03:05:00+00:00,12.710000038146973,12.710000038146973,12.699999809265137,12.699999809265137,105563,0.0,0.0,0.0
2025-06-02 03:10:00+00:00,12.699999809265137,12.699999809265137,12.699999809265137,12.699999809265137,17383,0.0,0.0,0.0
2025-06-02 03:15:00+00:00,12.699999809265137,12.710000038146973,12.699999809265137,12.710000038146973,16580,0.0,0.0,0.0
2025-06-02 03:20:00+00:00,12.710000038146973,12.710000038146973,12.699999809265137,12.710000038146973,29178,0.0,0.0,0.0
2025-06-02 03:25:00+00:00,12.699999809265137,12.699999809265137,12.680000305175781,12.6899995803833,61805,0.0,0.0,0.0
2025-06-02 03:30:00+00:00,12.6899995803833,12.6899995803833,12.680000305175781,12.680000305175781,2642,0.0,0.0,0.0
2025-06-02 03:35:00+00:00,12.680000305175781,12.6899995803833,12.680000305175781,12.6899995803833,53605,0.0,0.0,0.0
2025-06-02 03:40:00+00:00,12.6899995803833,12.6899995803833,12.6899995803833,12.6899995803833,14226,0.0,0.0,0.0
2025-06-02 03:45:00+00:00,12.6899995803833,12.6899995803833,12.680000305175781,12.6899995803833,9139,0.0,0.0,0.0
2025-06-02 03:50:00+00:00,12.6899995803833,12.6899995803833,12.6899995803833,12.6899995803833,13586,0.0,0.0,0.0
2025-06-02 03:55:00+00:00,12.6899995803833,12.6899995803833,12.6899995803833,12.6899995803833,7052,0.0,0.0,0.0
2025-06-02 04:00:00+00:00,12.6899995803833,12.699999809265137,12.6899995803833,12.6899995803833,44613,0.0,0.0,0.0
2025-06-02 04:05:00+00:00,12.6899995803833,12.6899995803833,12.6899995803833,12.6899995803833,24377,0.0,0.0,0.0
2025-06-02 04:10:00+00:00,12.6899995803833,12.699999809265137,12.6899995803833,12.699999809265137,6047,0.0,0.0,0.0
2025-06-02 04:15:00+00:00,12.699999809265137,12.699999809265137,12.699999809265137,12.699999809265137,7077,0.0,0.0,0.0
2025-06-02 04:20:00+00:00,12.699999809265137,12.699999809265137,12.699999809265137,12.699999809265137,13491,0.0,0.0,0.0
2025-06-02 04:25:00+00:00,12.699999809265137,12.699999809265137,12.6899995803833,12.699999809265137,15736,0.0,0.0,0.0
2025-06-02 04:30:00+00:00,12.699999809265137,12.699999809265137,12.6899995803833,12.6899995803833,47586,0.0,0.0,0.0
2025-06-02 04:35:00+00:00,12.6899995803833,12.6899995803833,12.6899995803833,12.6899995803833,6729,0.0,0.0,0.0
2025-06-02 04:40:00+00:00,12.699999809265137,12.699999809265137,12.6899995803833,12.699999809265137,14780,0.0,0.0,0.0
2025-06-02 04:45:00+00:00,12.699999809265137,12.699999809265137,12.6899995803833,12.6899995803833,27823,0.0,0.0,0.0
2025-06-02 04:50:00+00:00,12.699999809265137,12.699999809265137,12.6899995803833,12.699999809265137,8026,0.0,0.0,0.0
2025-06-02 04:55:00+00:00,12.699999809265137,12.699999809265137,12.6899995803833,12.6899995803833,13317,0.0,0.0,0.0
2025-06-02 05:00:00+00:00,12.6899995803833,12.720000267028809,12.6899995803833,12.720000267028809,130152,0.0,0.0,0.0
2025-06-02 05:05:00+00:00,12.720000267028809,12.720000267028809,12.710000038146973,12.710000038146973,20569,0.0,0.0,0.0
2025-06-02 05:10:00+00:00,12.710000038146973,12.720000267028809,12.710000038146973,12.720000267028809,3261,0.0,0.0,0.0
2025-06-02 05:15:00+00:00,12.720000267028809,12.720000267028809,12.699999809265137,12.699999809265137,25074,0.0,0.0,0.0
2025-06-02 05:20:00+00:00,12.699999809265137,12.699999809265137,12.6899995803833,12.699999809265137,50420,0.0,0.0,0.0
2025-06-03 01:00:00+00:00,12.819999694824219,12.84000015258789,12.8100004196167,12.829999923706055,0,0.0,0.0,0.0
2025-06-03 01:05:00+00:00,12.84000015258789,12.859999656677246,12.84000015258789,12.859999656677246,55899,0.0,0.0,0.0
2025-06-03 01:10:00+00:00,12.859999656677246,12.859999656677246,12.850000381469727,12.859999656677246,93201,0.0,0.0,0.0
2025-06-03 01:15:00+00:00,12.869999885559082,12.869999885559082,12.859999656677246,12.859999656677246,32862,0.0,0.0,0.0
2025-06-03 01:20:00+00:00,12.859999656677246,12.869999885559082,12.859999656677246,12.869999885559082,66141,0.0,0.0,0.0
2025-06-03 01:25:00+00:00,12.869999885559082,12.880000114440918,12.859999656677246,12.880000114440918,74378,0.0,0.0,0.0
2025-06-03 01:30:00+00:00,12.880000114440918,12.880000114440918,12.880000114440918,12.880000114440918,73288,0.0,0.0,0.0
2025-06-03 01:35:00+00:00,12.890000343322754,12.899999618530273,12.890000343322754,12.890000343322754,21563,0.0,0.0,0.0
2025-06-03 01:40:00+00:00,12.899999618530273,12.899999618530273,12.899999618530273,12.899999618530273,34842,0.0,0.0,0.0
2025-06-03 01:45:00+00:00,12.90999984741211,12.90999984741211,12.899999618530273,12.90999984741211,14270,0.0,0.0,0.0
2025-06-03 01:50:00+00:00,12.90999984741211,12.90999984741211,12.890000343322754,12.899999618530273,51141,0.0,0.0,0.0
2025-06-03 01:55:00+00:00,12.899999618530273,12.899999618530273,12.899999618530273,12.899999618530273,2008,0.0,0.0,0.0
2025-06-03 02:00:00+00:00,12.899999618530273,12.899999618530273,12.880000114440918,12.880000114440918,23817,0.0,0.0,0.0
2025-06-03 02:05:00+00:00,12.880000114440918,12.880000114440918,12.84000015258789,12.84000015258789,107237,0.0,0.0,0.0
2025-06-03 02:10:00+00:00,12.84000015258789,12.84000015258789,12.819999694824219,12.819999694824219,15707,0.0,0.0,0.0
2025-06-03 02:15:00+00:00,12.819999694824219,12.819999694824219,12.800000190734863,12.8100004196167,15740,0.0,0.0,0.0
2025-06-03 02:20:00+00:00,12.819999694824219,12.819999694824219,12.819999694824219,12.819999694824219,1865,0.0,0.0,0.0
2025-06-03 02:25:00+00:00,12.819999694824219,12.819999694824219,12.8100004196167,12.8100004196167,4289,0.0,0.0,0.0
2025-06-03 02:30:00+00:00,12.819999694824219,12.819999694824219,12.800000190734863,12.8100004196167,16166,0.0,0.0,0.0
2025-06-03 02:35:00+00:00,12.8100004196167,12.8100004196167,12.800000190734863,12.800000190734863,20376,0.0,0.0,0.0
2025-06-03 02:40:00+00:00,12.800000190734863,12.800000190734863,12.779999732971191,12.779999732971191,18505,0.0,0.0,0.0
2025-06-03 02:45:00+00:00,12.800000190734863,12.800000190734863,12.789999961853027,12.789999961853027,10142,0.0,0.0,0.0
2025-06-03 02:50:00+00:00,12.789999961853027,12.789999961853027,12.789999961853027,12.789999961853027,26051,0.0,0.0,0.0
2025-06-03 02:55:00+00:00,12.8100004196167,12.8100004196167,12.8100004196167,12.8100004196167,1018,0.0,0.0,0.0
2025-06-03 03:00:00+00:00,12.8100004196167,12.8100004196167,12.800000190734863,12.800000190734863,24196,0.0,0.0,0.0
2025-06-03 03:05:00+00:00,12.8100004196167,12.8100004196167,12.8100004196167,12.8100004196167,1452,0.0,0.0,0.0
2025-06-03 03:15:00+00:00,12.8100004196167,12.8100004196167,12.8100004196167,12.8100004196167,5237,0.0,0.0,0.0
2025-06-03 03:20:00+00:00,12.8100004196167,12.8100004196167,12.8100004196167,12.8100004196167,48343,0.0,0.0,0.0
2025-06-03 03:25:00+00:00,12.8100004196167,12.8100004196167,12.8100004196167,12.8100004196167,3008,0.0,0.0,0.0
2025-06-03 03:30:00+00:00,12.8100004196167,12.8100004196167,12.8100004196167,12.8100004196167,3904,0.0,0.0,0.0
2025-06-03 03:40:00+00:00,12.8100004196167,12.819999694824219,12.8100004196167,12.819999694824219,34140,0.0,0.0,0.0
2025-06-03 03:45:00+00:00,12.819999694824219,12.819999694824219,12.8100004196167,12.8100004196167,51025,0.0,0.0,0.0
2025-06-03 03:50:00+00:00,12.800000190734863,12.800000190734863,12.800000190734863,12.800000190734863,4037,0.0,0.0,0.0
2025-06-03 03:55:00+00:00,12.8100004196167,12.8100004196167,12.8100004196167,12.8100004196167,3253,0.0,0.0,0.0
2025-06-03 04:00:00+00:00,12.800000190734863,12.800000190734863,12.800000190734863,12.800000190734863,130249,0.0,0.0,0.0
2025-06-03 04:05:00+00:00,12.8100004196167,12.8100004196167,12.8100004196167,12.8100004196167,1484,0.0,0.0,0.0
2025-06-03 04:10:00+00:00,12.8100004196167,12.8100004196167,12.8100004196167,12.8100004196167,1478,0.0,0.0,0.0
2025-06-03 04:15:00+00:00,12.800000190734863,12.800000190734863,12.800000190734863,12.800000190734863,1003,0.0,0.0,0.0
2025-06-03 04:20:00+00:00,12.800000190734863,12.800000190734863,12.789999961853027,12.789999961853027,6414,0.0,0.0,0.0
2025-06-03 04:25:00+00:00,12.789999961853027,12.789999961853027,12.789999961853027,12.789999961853027,5006,0.0,0.0,0.0
2025-06-03 04:30:00+00:00,12.800000190734863,12.800000190734863,12.800000190734863,12.800000190734863,8325,0.0,0.0,0.0
2025-06-03 04:35:00+00:00,12.800000190734863,12.800000190734863,12.800000190734863,12.800000190734863,1100,0.0,0.0,0.0
2025-06-03 04:40:00+00:00,12.800000190734863,12.800000190734863,12.800000190734863,12.800000190734863,1110,0.0,0.0,0.0
2025-06-03 04:45:00+00:00,12.789999961853027,12.789999961853027,12.789999961853027,12.789999961853027,5004,0.0,0.0,0.0
2025-06-03 04:50:00+00:00,12.789999961853027,12.789999961853027,12.789999961853027,12.789999961853027,3068,0.0,0.0,0.0
2025-06-03 04:55:00+00:00,12.779999732971191,12.779999732971191,12.779999732971191,12.779999732971191,5182,0.0,0.0,0.0
2025-06-03 05:00:00+00:00,12.789999961853027,12.789999961853027,12.789999961853027,12.789999961853027,12010,0.0,0.0,0.0
2025-06-03 05:05:00+00:00,12.789999961853027,12.789999961853027,12.789999961853027,12.789999961853027,12656,0.0,0.0,0.0
2025-06-03 05:10:00+00:00,12.789999961853027,12.789999961853027,12.789999961853027,12.789999961853027,4126,0.0,0.0,0.0
2025-06-03 05:15:00+00:00,12.800000190734863,12.800000190734863,12.779999732971191,12.779999732971191,12150,0.0,0.0,0.0
2025-06-03 05:20:00+00:00,12.789999961853027,12.800000190734863,12.779999732971191,12.779999732971191,16882,0.0,0.0,0.0
2025-06-04 01:00:00+00:00,12.899999618530273,12.970000267028809,12.899999618530273,12.960000038146973,0,0.0,0.0,0.0
2025-06-04 01:05:00+00:00,12.960000038146973,12.979999542236328,12.960000038146973,12.979999542236328,79000,0.0,0.0,0.0
2025-06-04 01:10:00+00:00,12.989999771118164,12.989999771118164,12.970000267028809,12.979999542236328,127960,0.0,0.0,0.0
2025-06-04 01:15:00+00:00,12.989999771118164,13.0,12.979999542236328,12.989999771118164,154311,0.0,0.0,0.0
2025-06-04 01:20:00+00:00,12.989999771118164,13.010000228881836,12.989999771118164,13.010000228881836,242452,0.0,0.0,0.0
2025-06-04 01:25:00+00:00,13.020000457763672,13.020000457763672,13.020000457763672,13.020000457763672,57734,0.0,0.0,0.0
2025-06-04 01:30:00+00:00,13.029999732971191,13.029999732971191,13.020000457763672,13.020000457763672,43822,0.0,0.0,0.0
2025-06-04 01:35:00+00:00,13.020000457763672,13.029999732971191,13.010000228881836,13.010000228881836,100951,0.0,0.0,0.0
2025-06-04 01:40:00+00:00,13.020000457763672,13.020000457763672,13.010000228881836,13.020000457763672,69468,0.0,0.0,0.0
2025-06-04 01:45:00+00:00,13.020000457763672,13.029999732971191,13.020000457763672,13.020000457763672,48707,0.0,0.0,0.0
2025-06-04 01:50:00+00:00,13.020000457763672,13.029999732971191,13.020000457763672,13.029999732971191,118554,0.0,0.0,0.0
2025-06-04 01:55:00+00:00,13.020000457763672,13.020000457763672,13.010000228881836,13.020000457763672,29823,0.0,0.0,0.0
2025-06-04 02:00:00+00:00,13.010000228881836,13.020000457763672,13.010000228881836,13.010000228881836,26331,0.0,0.0,0.0
2025-06-04 02:05:00+00:00,13.010000228881836,13.010000228881836,13.010000228881836,13.010000228881836,21159,0.0,0.0,0.0
2025-06-04 02:10:00+00:00,13.020000457763672,13.029999732971191,13.020000457763672,13.029999732971191,201479,0.0,0.0,0.0
2025-06-04 02:15:00+00:00,13.020000457763672,13.020000457763672,13.010000228881836,13.010000228881836,5038,0.0,0.0,0.0
2025-06-04 02:20:00+00:00,13.010000228881836,13.020000457763672,13.010000228881836,13.020000457763672,31494,0.0,0.0,0.0
2025-06-04 02:25:00+00:00,13.020000457763672,13.029999732971191,13.020000457763672,13.020000457763672,40368,0.0,0.0,0.0
2025-06-04 02:30:00+00:00,13.029999732971191,13.039999961853027,13.029999732971191,13.029999732971191,255885,0.0,0.0,0.0
2025-06-04 02:35:00+00:00,13.029999732971191,13.029999732971191,13.029999732971191,13.029999732971191,54028,0.0,0.0,0.0
2025-06-04 02:40:00+00:00,13.020000457763672,13.029999732971191,13.020000457763672,13.029999732971191,103042,0.0,0.0,0.0
2025-06-04 02:45:00+00:00,13.029999732971191,13.029999732971191,13.029999732971191,13.029999732971191,12278,0.0,0.0,0.0
2025-06-04 02:50:00+00:00,13.029999732971191,13.029999732971191,13.020000457763672,13.029999732971191,230638,0.0,0.0,0.0
2025-06-04 02:55:00+00:00,13.020000457763672,13.020000457763672,13.020000457763672,13.020000457763672,6186,0.0,0.0,0.0
2025-06-04 03:00:00+00:00,13.020000457763672,13.020000457763672,13.020000457763672,13.020000457763672,8143,0.0,0.0,0.0
2025-06-04 03:05:00+00:00,13.029999732971191,13.029999732971191,13.020000457763672,13.020000457763672,50039,0.0,0.0,0.0
2025-06-04 03:10:00+00:00,13.029999732971191,13.029999732971191,13.020000457763672,13.020000457763672,25467,0.0,0.0,0.0
2025-06-04 03:15:00+00:00,13.020000457763672,13.029999732971191,13.020000457763672,13.029999732971191,26047,0.0,0.0,0.0
2025-06-04 03:20:00+00:00,13.029999732971191,13.029999732971191,13.020000457763672,13.020000457763672,220073,0.0,0.0,0.0
2025-06-04 03:25:00+00:00,13.029999732971191,13.029999732971191,13.029999732971191,13.029999732971191,3013,0.0,0.0,0.0
2025-06-04 03:30:00+00:00,13.029999732971191,13.029999732971191,13.029999732971191,13.029999732971191,6249,0.0,0.0,0.0
2025-06-04 03:35:00+00:00,13.020000457763672,13.020000457763672,13.010000228881836,13.010000228881836,375186,0.0,0.0,0.0
2025-06-04 03:40:00+00:00,13.020000457763672,13.020000457763672,13.010000228881836,13.010000228881836,28364,0.0,0.0,0.0
2025-06-04 03:45:00+00:00,13.010000228881836,13.010000228881836,13.010000228881836,13.010000228881836,220112,0.0,0.0,0.0
2025-06-04 03:50:00+00:00,13.010000228881836,13.010000228881836,13.0,13.0,51050,0.0,0.0,0.0
2025-06-04 03:55:00+00:00,13.0,13.0,13.0,13.0,21074,0.0,0.0,0.0
2025-06-04 04:00:00+00:00,13.0,13.0,13.0,13.0,9030,0.0,0.0,0.0
2025-06-04 04:05:00+00:00,13.0,13.0,12.989999771118164,12.989999771118164,28044,0.0,0.0,0.0
2025-06-04 04:10:00+00:00,12.989999771118164,13.0,12.989999771118164,13.0,44226,0.0,0.0,0.0
2025-06-04 04:15:00+00:00,13.0,13.010000228881836,13.0,13.010000228881836,13492,0.0,0.0,0.0
2025-06-04 04:20:00+00:00,13.010000228881836,13.020000457763672,13.010000228881836,13.020000457763672,106060,0.0,0.0,0.0
2025-06-04 04:25:00+00:00,13.020000457763672,13.020000457763672,13.010000228881836,13.010000228881836,17028,0.0,0.0,0.0
2025-06-04 04:30:00+00:00,13.020000457763672,13.020000457763672,13.010000228881836,13.010000228881836,23237,0.0,0.0,0.0
2025-06-04 04:35:00+00:00,13.010000228881836,13.020000457763672,13.010000228881836,13.010000228881836,213340,0.0,0.0,0.0
2025-06-04 04:40:00+00:00,13.010000228881836,13.010000228881836,13.010000228881836,13.010000228881836,25610,0.0,0.0,0.0
2025-06-04 04:45:00+00:00,13.010000228881836,13.010000228881836,13.010000228881836,13.010000228881836,55411,0.0,0.0,0.0
2025-06-04 04:50:00+00:00,13.010000228881836,13.010000228881836,13.010000228881836,13.010000228881836,38030,0.0,0.0,0.0
2025-06-04 04:55:00+00:00,13.010000228881836,13.010000228881836,13.0,13.0,20125,0.0,0.0,0.0
2025-06-04 05:00:00+00:00,13.010000228881836,13.010000228881836,13.010000228881836,13.010000228881836,14470,0.0,0.0,0.0
2025-06-04 05:05:00+00:00,13.010000228881836,13.010000228881836,13.010000228881836,13.010000228881836,27125,0.0,0.0,0.0
2025-06-04 05:10:00+00:00,13.010000228881836,13.010000228881836,13.0,13.0,34333,0.0,0.0,0.0
2025-06-04 05:15:00+00:00,13.020000457763672,13.020000457763672,13.010000228881836,13.020000457763672,26365,0.0,0.0,0.0
2025-06-04 05:20:00+00:00,13.020000457763672,13.020000457763672,13.010000228881836,13.010000228881836,5425,0.0,0.0,0.0
2025-06-05 01:00:00+00:00,13.039999961853027,13.069999694824219,13.039999961853027,13.069999694824219,0,0.0,0.0,0.0
2025-06-05 01:05:00+00:00,13.0600004196167,13.069999694824219,13.0600004196167,13.069999694824219,79807,0.0,0.0,0.0
2025-06-05 01:10:00+00:00,13.069999694824219,13.069999694824219,13.0600004196167,13.069999694824219,41062,0.0,0.0,0.0
2025-06-05 01:15:00+00:00,13.069999694824219,13.079999923706055,13.069999694824219,13.069999694824219,121831,0.0,0.0,0.0
2025-06-05 01:20:00+00:00,13.069999694824219,13.069999694824219,13.069999694824219,13.069999694824219,12072,0.0,0.0,0.0
2025-06-05 01:25:00+00:00,13.0600004196167,13.069999694824219,13.0600004196167,13.0600004196167,78121,0.0,0.0,0.0
2025-06-05 01:30:00+00:00,13.069999694824219,13.069999694824219,13.050000190734863,13.0600004196167,35337,0.0,0.0,0.0
2025-06-05 01:35:00+00:00,13.0600004196167,13.069999694824219,13.0600004196167,13.069999694824219,109816,0.0,0.0,0.0
2025-06-05 01:40:00+00:00,13.069999694824219,13.069999694824219,13.069999694824219,13.069999694824219,13342,0.0,0.0,0.0
2025-06-05 01:45:00+00:00,13.079999923706055,13.09000015258789,13.079999923706055,13.079999923706055,193572,0.0,0.0,0.0
2025-06-05 01:50:00+00:00,13.079999923706055,13.079999923706055,13.079999923706055,13.079999923706055,19042,0.0,0.0,0.0
2025-06-05 01:55:00+00:00,13.079999923706055,13.079999923706055,13.069999694824219,13.069999694824219,83231,0.0,0.0,0.0
2025-06-05 02:00:00+00:00,13.069999694824219,13.079999923706055,13.0600004196167,13.079999923706055,50045,0.0,0.0,0.0
2025-06-05 02:05:00+00:00,13.079999923706055,13.079999923706055,13.039999961853027,13.039999961853027,29682,0.0,0.0,0.0
2025-06-05 02:10:00+00:00,13.050000190734863,13.050000190734863,13.029999732971191,13.039999961853027,34360,0.0,0.0,0.0
2025-06-05 02:15:00+00:00,13.039999961853027,13.039999961853027,13.020000457763672,13.020000457763672,13186,0.0,0.0,0.0
2025-06-05 02:20:00+00:00,13.029999732971191,13.039999961853027,13.020000457763672,13.020000457763672,29362,0.0,0.0,0.0
2025-06-05 02:25:00+00:00,13.010000228881836,13.020000457763672,13.0,13.010000228881836,57182,0.0,0.0,0.0
2025-06-05 02:30:00+00:00,13.010000228881836,13.010000228881836,13.0,13.010000228881836,24780,0.0,0.0,0.0
2025-06-05 02:35:00+00:00,13.010000228881836,13.020000457763672,13.010000228881836,13.010000228881836,17062,0.0,0.0,0.0
2025-06-05 02:40:00+00:00,13.0,13.010000228881836,13.0,13.0,51043,0.0,0.0,0.0
2025-06-05 02:45:00+00:00,12.989999771118164,12.989999771118164,12.989999771118164,12.989999771118164,2215,0.0,0.0,0.0
2025-06-05 02:50:00+00:00,13.0,13.0,12.989999771118164,13.0,5107,0.0,0.0,0.0
2025-06-05 02:55:00+00:00,12.989999771118164,13.0,12.989999771118164,13.0,30714,0.0,0.0,0.0
2025-06-05 03:00:00+00:00,13.0,13.0,12.989999771118164,12.989999771118164,3043,0.0,0.0,0.0
2025-06-05 03:05:00+00:00,13.0,13.0,13.0,13.0,9499,0.0,0.0,0.0
2025-06-05 03:10:00+00:00,12.989999771118164,13.0,12.989999771118164,13.0,61034,0.0,0.0,0.0
2025-06-05 03:15:00+00:00,13.010000228881836,13.010000228881836,13.0,13.010000228881836,4086,0.0,0.0,0.0
2025-06-05 03:20:00+00:00,13.010000228881836,13.020000457763672,13.010000228881836,13.020000457763672,4407,0.0,0.0,0.0
2025-06-05 03:25:00+00:00,13.010000228881836,13.020000457763672,13.010000228881836,13.020000457763672,2831,0.0,0.0,0.0
2025-06-05 03:30:00+00:00,13.020000457763672,13.020000457763672,13.010000228881836,13.010000228881836,26780,0.0,0.0,0.0
2025-06-05 03:35:00+00:00,13.020000457763672,13.020000457763672,13.010000228881836,13.010000228881836,5303,0.0,0.0,0.0
2025-06-05 03:40:00+00:00,13.010000228881836,13.020000457763672,13.010000228881836,13.010000228881836,6051,0.0,0.0,0.0
2025-06-05 03:45:00+00:00,13.020000457763672,13.020000457763672,13.020000457763672,13.020000457763672,16143,0.0,0.0,0.0
2025-06-05 03:50:00+00:00,13.010000228881836,13.029999732971191,13.010000228881836,13.029999732971191,3594,0.0,0.0,0.0
2025-06-05 03:55:00+00:00,13.010000228881836,13.010000228881836,13.010000228881836,13.010000228881836,1005,0.0,0.0,0.0
2025-06-05 04:00:00+00:00,13.010000228881836,13.020000457763672,13.010000228881836,13.010000228881836,16062,0.0,0.0,0.0
2025-06-05 04:05:00+00:00,13.0,13.010000228881836,13.0,13.010000228881836,13343,0.0,0.0,0.0
2025-06-05 04:10:00+00:00,13.010000228881836,13.010000228881836,13.0,13.010000228881836,4178,0.0,0.0,0.0
2025-06-05 04:15:00+00:00,13.010000228881836,13.010000228881836,13.0,13.0,4655,0.0,0.0,0.0
2025-06-05 04:20:00+00:00,13.010000228881836,13.010000228881836,13.0,13.010000228881836,15225,0.0,0.0,0.0
2025-06-05 04:25:00+00:00,13.0,13.0,12.989999771118164,12.989999771118164,18141,0.0,0.0,0.0
2025-06-05 04:30:00+00:00,13.0,13.0,12.989999771118164,13.0,19644,0.0,0.0,0.0
2025-06-05 04:35:00+00:00,13.0,13.0,13.0,13.0,3004,0.0,0.0,0.0
2025-06-05 04:40:00+00:00,13.0,13.010000228881836,13.0,13.0,6310,0.0,0.0,0.0
2025-06-05 04:45:00+00:00,13.0,13.0,13.0,13.0,23420,0.0,0.0,0.0
2025-06-05 04:50:00+00:00,13.0,13.010000228881836,13.0,13.0,16115,0.0,0.0,0.0
2025-06-05 04:55:00+00:00,13.0,13.0,13.0,13.0,2240,0.0,0.0,0.0
2025-06-05 05:00:00+00:00,12.989999771118164,12.989999771118164,12.989999771118164,12.989999771118164,41220,0.0,0.0,0.0
2025-06-05 05:05:00+00:00,12.989999771118164,12.989999771118164,12.979999542236328,12.979999542236328,54238,0.0,0.0,0.0
2025-06-05 05:10:00+00:00,12.979999542236328,12.989999771118164,12.979999542236328,12.989999771118164,154074,0.0,0.0,0.0
2025-06-05 05:15:00+00:00,12.989999771118164,13.0,12.989999771118164,13.0,19183,0.0,0.0,0.0
2025-06-05 05:20:00+00:00,13.0,13.0,12.989999771118164,13.0,12314,0.0,0.0,0.0
2025-06-06 01:00:00+00:00,13.0,13.0,12.960000038146973,12.970000267028809,0,0.0,0.0,0.0
2025-06-06 01:05:00+00:00,12.979999542236328,13.0,12.979999542236328,13.0,16843,0.0,0.0,0.0
2025-06-06 01:10:00+00:00,12.989999771118164,13.010000228881836,12.989999771118164,13.010000228881836,32389,0.0,0.0,0.0
2025-06-06 01:15:00+00:00,13.010000228881836,13.020000457763672,13.010000228881836,13.020000457763672,26632,0.0,0.0,0.0
2025-06-06 01:20:00+00:00,13.020000457763672,13.020000457763672,13.0,13.0,24733,0.0,0.0,0.0
2025-06-06 01:25:00+00:00,13.010000228881836,13.010000228881836,13.0,13.010000228881836,34387,0.0,0.0,0.0
2025-06-06 01:30:00+00:00,13.0,13.0,12.989999771118164,13.0,25650,0.0,0.0,0.0
2025-06-06 01:35:00+00:00,13.0,13.0,13.0,13.0,113108,0.0,0.0,0.0
2025-06-06 01:40:00+00:00,12.989999771118164,12.989999771118164,12.979999542236328,12.989999771118164,40958,0.0,0.0,0.0
2025-06-06 01:45:00+00:00,12.989999771118164,12.989999771118164,12.970000267028809,12.979999542236328,11260,0.0,0.0,0.0
2025-06-06 01:50:00+00:00,12.979999542236328,12.979999542236328,12.970000267028809,12.970000267028809,24468,0.0,0.0,0.0
2025-06-06 01:55:00+00:00,12.979999542236328,12.979999542236328,12.970000267028809,12.970000267028809,17410,0.0,0.0,0.0
2025-06-06 02:00:00+00:00,12.970000267028809,12.970000267028809,12.970000267028809,12.970000267028809,6174,0.0,0.0,0.0
2025-06-06 02:05:00+00:00,12.970000267028809,12.970000267028809,12.960000038146973,12.960000038146973,72886,0.0,0.0,0.0
2025-06-06 02:10:00+00:00,12.960000038146973,12.960000038146973,12.960000038146973,12.960000038146973,9913,0.0,0.0,0.0
2025-06-06 02:15:00+00:00,12.970000267028809,12.970000267028809,12.960000038146973,12.970000267028809,11274,0.0,0.0,0.0
2025-06-06 02:20:00+00:00,12.970000267028809,12.970000267028809,12.970000267028809,12.970000267028809,9127,0.0,0.0,0.0
2025-06-06 02:25:00+00:00,12.970000267028809,12.970000267028809,12.970000267028809,12.970000267028809,14140,0.0,0.0,0.0
2025-06-06 02:30:00+00:00,12.979999542236328,12.979999542236328,12.979999542236328,12.979999542236328,16169,0.0,0.0,0.0
2025-06-06 02:35:00+00:00,12.979999542236328,12.979999542236328,12.970000267028809,12.979999542236328,10343,0.0,0.0,0.0
2025-06-06 02:40:00+00:00,12.979999542236328,12.979999542236328,12.979999542236328,12.979999542236328,28189,0.0,0.0,0.0
2025-06-06 02:45:00+00:00,12.989999771118164,12.989999771118164,12.979999542236328,12.989999771118164,16683,0.0,0.0,0.0
2025-06-06 02:50:00+00:00,12.989999771118164,12.989999771118164,12.989999771118164,12.989999771118164,3019,0.0,0.0,0.0
2025-06-06 02:55:00+00:00,12.989999771118164,12.989999771118164,12.989999771118164,12.989999771118164,4538,0.0,0.0,0.0
2025-06-06 03:00:00+00:00,12.989999771118164,12.989999771118164,12.979999542236328,12.979999542236328,16538,0.0,0.0,0.0
2025-06-06 03:05:00+00:00,12.979999542236328,12.979999542236328,12.970000267028809,12.970000267028809,19161,0.0,0.0,0.0
2025-06-06 03:10:00+00:00,12.970000267028809,12.970000267028809,12.960000038146973,12.970000267028809,5048,0.0,0.0,0.0
2025-06-06 03:15:00+00:00,12.970000267028809,12.970000267028809,12.960000038146973,12.960000038146973,98045,0.0,0.0,0.0
2025-06-06 03:20:00+00:00,12.960000038146973,12.979999542236328,12.960000038146973,12.979999542236328,48957,0.0,0.0,0.0
2025-06-06 03:25:00+00:00,12.979999542236328,12.989999771118164,12.979999542236328,12.979999542236328,11280,0.0,0.0,0.0
2025-06-06 03:30:00+00:00,12.989999771118164,12.989999771118164,12.960000038146973,12.960000038146973,29111,0.0,0.0,0.0
2025-06-06 03:35:00+00:00,12.970000267028809,12.970000267028809,12.970000267028809,12.970000267028809,5010,0.0,0.0,0.0
2025-06-06 03:40:00+00:00,12.979999542236328,12.979999542236328,12.979999542236328,12.979999542236328,1226,0.0,0.0,0.0
2025-06-06 03:45:00+00:00,12.970000267028809,12.979999542236328,12.970000267028809,12.979999542236328,3868,0.0,0.0,0.0
2025-06-06 03:50:00+00:00,12.979999542236328,12.979999542236328,12.970000267028809,12.970000267028809,3005,0.0,0.0,0.0
2025-06-06 03:55:00+00:00,12.970000267028809,12.970000267028809,12.970000267028809,12.970000267028809,7043,0.0,0.0,0.0
2025-06-06 04:00:00+00:00,12.970000267028809,12.979999542236328,12.960000038146973,12.960000038146973,10355,0.0,0.0,0.0
2025-06-06 04:05:00+00:00,12.970000267028809,12.970000267028809,12.970000267028809,12.970000267028809,2741,0.0,0.0,0.0
2025-06-06 04:10:00+00:00,12.960000038146973,12.970000267028809,12.960000038146973,12.970000267028809,13069,0.0,0.0,0.0
2025-06-06 04:15:00+00:00,12.970000267028809,12.970000267028809,12.970000267028809,12.970000267028809,4755,0.0,0.0,0.0
2025-06-06 04:20:00+00:00,12.970000267028809,12.970000267028809,12.960000038146973,12.960000038146973,8459,0.0,0.0,0.0
2025-06-06 04:25:00+00:00,12.970000267028809,12.970000267028809,12.970000267028809,12.970000267028809,7568,0.0,0.0,0.0
2025-06-06 04:30:00+00:00,12.970000267028809,12.970000267028809,12.960000038146973,12.970000267028809,17520,0.0,0.0,0.0
2025-06-06 04:35:00+00:00,12.960000038146973,12.970000267028809,12.960000038146973,12.970000267028809,5537,0.0,0.0,0.0
2025-06-06 04:40:00+00:00,12.970000267028809,12.970000267028809,12.960000038146973,12.960000038146973,14620,0.0,0.0,0.0
2025-06-06 04:45:00+00:00,12.960000038146973,12.970000267028809,12.960000038146973,12.960000038146973,22744,0.0,0.0,0.0
2025-06-06 04:50:00+00:00,12.970000267028809,12.970000267028809,12.960000038146973,12.960000038146973,7437,0.0,0.0,0.0
2025-06-06 04:55:00+00:00,12.970000267028809,12.970000267028809,12.970000267028809,12.970000267028809,5110,0.0,0.0,0.0
2025-06-06 05:00:00+00:00,12.970000267028809,12.970000267028809,12.970000267028809,12.970000267028809,6167,0.0,0.0,0.0
2025-06-06 05:05:00+00:00,12.979999542236328,12.979999542236328,12.970000267028809,12.970000267028809,19183,0.0,0.0,0.0
2025-06-06 05:10:00+00:00,12.979999542236328,12.979999542236328,12.979999542236328,12.979999542236328,3569,0.0,0.0,0.0
2025-06-06 05:15:00+00:00,12.979999542236328,12.989999771118164,12.979999542236328,12.989999771118164,31212,0.0,0.0,0.0
2025-06-06 05:20:00+00:00,12.979999542236328,12.979999542236328,12.979999542236328,12.979999542236328,8252,0.0,0.0,0.0
2025-06-09 01:00:00+00:00,13.039999961853027,13.079999923706055,13.039999961853027,13.069999694824219,0,0.0,0.0,0.0
2025-06-09 01:05:00+00:00,13.069999694824219,13.069999694824219,13.0600004196167,13.069999694824219,33633,0.0,0.0,0.0
2025-06-09 01:10:00+00:00,13.069999694824219,13.069999694824219,13.0600004196167,13.069999694824219,115117,0.0,0.0,0.0
2025-06-09 01:15:00+00:00,13.069999694824219,13.069999694824219,13.050000190734863,13.069999694824219,136433,0.0,0.0,0.0
2025-06-09 01:20:00+00:00,13.069999694824219,13.069999694824219,13.0600004196167,13.0600004196167,40669,0.0,0.0,0.0
2025-06-09 01:25:00+00:00,13.0600004196167,13.069999694824219,13.039999961853027,13.039999961853027,43668,0.0,0.0,0.0
2025-06-09 01:30:00+00:00,13.050000190734863,13.050000190734863,13.029999732971191,13.039999961853027,23894,0.0,0.0,0.0
2025-06-09 01:35:00+00:00,13.020000457763672,13.029999732971191,13.010000228881836,13.010000228881836,187730,0.0,0.0,0.0
2025-06-09 01:40:00+00:00,13.029999732971191,13.029999732971191,13.029999732971191,13.029999732971191,5028,0.0,0.0,0.0
2025-06-09 01:45:00+00:00,13.029999732971191,13.029999732971191,13.020000457763672,13.020000457763672,7043,0.0,0.0,0.0
2025-06-09 01:50:00+00:00,13.029999732971191,13.029999732971191,13.010000228881836,13.010000228881836,15606,0.0,0.0,0.0
2025-06-09 01:55:00+00:00,13.010000228881836,13.020000457763672,13.010000228881836,13.020000457763672,25641,0.0,0.0,0.0
2025-06-09 02:00:00+00:00,13.029999732971191,13.029999732971191,13.010000228881836,13.010000228881836,4193,0.0,0.0,0.0
2025-06-09 02:05:00+00:00,13.020000457763672,13.029999732971191,13.020000457763672,13.029999732971191,24531,0.0,0.0,0.0
2025-06-09 02:10:00+00:00,13.020000457763672,13.020000457763672,13.020000457763672,13.020000457763672,12436,0.0,0.0,0.0
2025-06-09 02:15:00+00:00,13.020000457763672,13.020000457763672,13.020000457763672,13.020000457763672,9652,0.0,0.0,0.0
2025-06-09 02:20:00+00:00,13.020000457763672,13.020000457763672,13.020000457763672,13.020000457763672,1328,0.0,0.0,0.0
2025-06-09 02:25:00+00:00,13.010000228881836,13.010000228881836,13.010000228881836,13.010000228881836,5038,0.0,0.0,0.0
2025-06-09 02:30:00+00:00,13.020000457763672,13.020000457763672,13.010000228881836,13.010000228881836,37284,0.0,0.0,0.0
2025-06-09 02:35:00+00:00,13.020000457763672,13.029999732971191,13.020000457763672,13.029999732971191,134186,0.0,0.0,0.0
2025-06-09 02:40:00+00:00,13.039999961853027,13.039999961853027,13.039999961853027,13.039999961853027,10805,0.0,0.0,0.0
2025-06-09 02:45:00+00:00,13.039999961853027,13.039999961853027,13.029999732971191,13.039999961853027,176698,0.0,0.0,0.0
2025-06-09 02:50:00+00:00,13.039999961853027,13.039999961853027,13.039999961853027,13.039999961853027,1047,0.0,0.0,0.0
2025-06-09 02:55:00+00:00,13.029999732971191,13.039999961853027,13.029999732971191,13.039999961853027,23407,0.0,0.0,0.0
2025-06-09 03:00:00+00:00,13.050000190734863,13.050000190734863,13.029999732971191,13.050000190734863,167210,0.0,0.0,0.0
2025-06-09 03:05:00+00:00,13.0600004196167,13.0600004196167,13.050000190734863,13.050000190734863,9750,0.0,0.0,0.0
2025-06-09 03:10:00+00:00,13.050000190734863,13.050000190734863,13.029999732971191,13.050000190734863,60137,0.0,0.0,0.0
2025-06-09 03:15:00+00:00,13.0600004196167,13.0600004196167,13.050000190734863,13.050000190734863,0,0.0,0.0,0.0
2025-06-09 03:20:00+00:00,13.050000190734863,13.050000190734863,13.039999961853027,13.039999961853027,1499590,0.0,0.0,0.0
2025-06-09 03:25:00+00:00,13.029999732971191,13.029999732971191,13.029999732971191,13.029999732971191,10017,0.0,0.0,0.0
2025-06-09 03:30:00+00:00,13.039999961853027,13.039999961853027,13.039999961853027,13.039999961853027,4448,0.0,0.0,0.0
2025-06-09 03:35:00+00:00,13.020000457763672,13.039999961853027,13.020000457763672,13.039999961853027,16484,0.0,0.0,0.0
2025-06-09 03:40:00+00:00,13.039999961853027,13.039999961853027,13.039999961853027,13.039999961853027,1050,0.0,0.0,0.0
2025-06-09 03:45:00+00:00,13.039999961853027,13.039999961853027,13.020000457763672,13.039999961853027,34042,0.0,0.0,0.0
2025-06-09 03:50:00+00:00,13.029999732971191,13.039999961853027,13.029999732971191,13.029999732971191,69549,0.0,0.0,0.0
2025-06-09 03:55:00+00:00,13.029999732971191,13.039999961853027,13.029999732971191,13.039999961853027,26550,0.0,0.0,0.0
2025-06-09 04:00:00+00:00,13.039999961853027,13.050000190734863,13.039999961853027,13.050000190734863,63379,0.0,0.0,0.0
2025-06-09 04:05:00+00:00,13.050000190734863,13.050000190734863,13.050000190734863,13.050000190734863,11540,0.0,0.0,0.0
2025-06-09 04:10:00+00:00,13.050000190734863,13.050000190734863,13.050000190734863,13.050000190734863,1008,0.0,0.0,0.0
2025-06-09 04:15:00+00:00,13.050000190734863,13.050000190734863,13.039999961853027,13.039999961853027,9824,0.0,0.0,0.0
2025-06-09 04:20:00+00:00,13.039999961853027,13.039999961853027,13.039999961853027,13.039999961853027,8372,0.0,0.0,0.0
2025-06-09 04:25:00+00:00,13.039999961853027,13.039999961853027,13.039999961853027,13.039999961853027,2016,0.0,0.0,0.0
2025-06-09 04:30:00+00:00,13.039999961853027,13.039999961853027,13.029999732971191,13.029999732971191,31562,0.0,0.0,0.0
2025-06-09 04:35:00+00:00,13.039999961853027,13.039999961853027,13.039999961853027,13.039999961853027,63301,0.0,0.0,0.0
2025-06-09 04:40:00+00:00,13.039999961853027,13.039999961853027,13.039999961853027,13.039999961853027,10510,0.0,0.0,0.0
2025-06-09 04:45:00+00:00,13.039999961853027,13.050000190734863,13.029999732971191,13.050000190734863,23925,0.0,0.0,0.0
2025-06-09 04:50:00+00:00,13.050000190734863,13.050000190734863,13.039999961853027,13.039999961853027,27213,0.0,0.0,0.0
2025-06-09 04:55:00+00:00,13.029999732971191,13.039999961853027,13.029999732971191,13.029999732971191,12010,0.0,0.0,0.0
2025-06-09 05:00:00+00:00,13.039999961853027,13.039999961853027,13.039999961853027,13.039999961853027,3252,0.0,0.0,0.0
2025-06-09 05:05:00+00:00,13.039999961853027,13.039999961853027,13.039999961853027,13.039999961853027,18275,0.0,0.0,0.0
2025-06-09 05:10:00+00:00,13.029999732971191,13.039999961853027,13.029999732971191,13.039999961853027,4863,0.0,0.0,0.0
2025-06-09 05:15:00+00:00,13.039999961853027,13.039999961853027,13.029999732971191,13.029999732971191,29676,0.0,0.0,0.0
2025-06-09 05:20:00+00:00,13.029999732971191,13.039999961853027,13.029999732971191,13.029999732971191,25368,0.0,0.0,0.0
2025-06-10 01:00:00+00:00,13.109999656677246,13.140000343322754,13.109999656677246,13.130000114440918,0,0.0,0.0,0.0
2025-06-10 01:05:00+00:00,13.130000114440918,13.149999618530273,13.130000114440918,13.140000343322754,260000,0.0,0.0,0.0
2025-06-10 01:10:00+00:00,13.140000343322754,13.149999618530273,13.140000343322754,13.149999618530273,115485,0.0,0.0,0.0
2025-06-10 01:15:00+00:00,13.140000343322754,13.149999618530273,13.140000343322754,13.149999618530273,58203,0.0,0.0,0.0
2025-06-10 01:20:00+00:00,13.149999618530273,13.15999984741211,13.140000343322754,13.15999984741211,216655,0.0,0.0,0.0
2025-06-10 01:25:00+00:00,13.15999984741211,13.180000305175781,13.15999984741211,13.180000305175781,236972,0.0,0.0,0.0
2025-06-10 01:30:00+00:00,13.1899995803833,13.210000038146973,13.1899995803833,13.210000038146973,166456,0.0,0.0,0.0
2025-06-10 01:35:00+00:00,13.210000038146973,13.220000267028809,13.199999809265137,13.210000038146973,122750,0.0,0.0,0.0
2025-06-10 01:40:00+00:00,13.210000038146973,13.229999542236328,13.210000038146973,13.220000267028809,175887,0.0,0.0,0.0
2025-06-10 01:45:00+00:00,13.229999542236328,13.239999771118164,13.229999542236328,13.239999771118164,193309,0.0,0.0,0.0
2025-06-10 01:50:00+00:00,13.239999771118164,13.25,13.239999771118164,13.239999771118164,181334,0.0,0.0,0.0
2025-06-10 01:55:00+00:00,13.239999771118164,13.260000228881836,13.239999771118164,13.239999771118164,322899,0.0,0.0,0.0
2025-06-10 02:00:00+00:00,13.260000228881836,13.260000228881836,13.239999771118164,13.239999771118164,40667,0.0,0.0,0.0
2025-06-10 02:05:00+00:00,13.239999771118164,13.239999771118164,13.220000267028809,13.229999542236328,217103,0.0,0.0,0.0
2025-06-10 02:10:00+00:00,13.229999542236328,13.239999771118164,13.229999542236328,13.229999542236328,143310,0.0,0.0,0.0
2025-06-10 02:15:00+00:00,13.229999542236328,13.25,13.229999542236328,13.25,135655,0.0,0.0,0.0
2025-06-10 02:20:00+00:00,13.25,13.260000228881836,13.239999771118164,13.25,319025,0.0,0.0,0.0
2025-06-10 02:25:00+00:00,13.25,13.260000228881836,13.25,13.260000228881836,117563,0.0,0.0,0.0
2025-06-10 02:30:00+00:00,13.260000228881836,13.260000228881836,13.25,13.260000228881836,52087,0.0,0.0,0.0
2025-06-10 02:35:00+00:00,13.260000228881836,13.260000228881836,13.25,13.260000228881836,104385,0.0,0.0,0.0
2025-06-10 02:40:00+00:00,13.260000228881836,13.279999732971191,13.25,13.270000457763672,176386,0.0,0.0,0.0
2025-06-10 02:45:00+00:00,13.270000457763672,13.279999732971191,13.270000457763672,13.270000457763672,95526,0.0,0.0,0.0
2025-06-10 02:50:00+00:00,13.270000457763672,13.289999961853027,13.270000457763672,13.279999732971191,114200,0.0,0.0,0.0
2025-06-10 02:55:00+00:00,13.279999732971191,13.279999732971191,13.279999732971191,13.279999732971191,7119,0.0,0.0,0.0
2025-06-10 03:00:00+00:00,13.279999732971191,13.279999732971191,13.279999732971191,13.279999732971191,116373,0.0,0.0,0.0
2025-06-10 03:05:00+00:00,13.279999732971191,13.289999961853027,13.279999732971191,13.279999732971191,21651,0.0,0.0,0.0
2025-06-10 03:10:00+00:00,13.279999732971191,13.300000190734863,13.279999732971191,13.289999961853027,150662,0.0,0.0,0.0
2025-06-10 03:15:00+00:00,13.279999732971191,13.279999732971191,13.279999732971191,13.279999732971191,6219,0.0,0.0,0.0
2025-06-10 03:20:00+00:00,13.300000190734863,13.300000190734863,13.300000190734863,13.300000190734863,58123,0.0,0.0,0.0
2025-06-10 03:25:00+00:00,13.300000190734863,13.300000190734863,13.289999961853027,13.300000190734863,14250,0.0,0.0,0.0
2025-06-10 03:30:00+00:00,13.300000190734863,13.300000190734863,13.289999961853027,13.300000190734863,16827,0.0,0.0,0.0
2025-06-10 03:35:00+00:00,13.289999961853027,13.300000190734863,13.279999732971191,13.300000190734863,86606,0.0,0.0,0.0
2025-06-10 03:40:00+00:00,13.300000190734863,13.300000190734863,13.289999961853027,13.300000190734863,19804,0.0,0.0,0.0
2025-06-10 03:45:00+00:00,13.300000190734863,13.300000190734863,13.289999961853027,13.300000190734863,428060,0.0,0.0,0.0
2025-06-10 03:50:00+00:00,13.300000190734863,13.3100004196167,13.289999961853027,13.300000190734863,13979,0.0,0.0,0.0
2025-06-10 03:55:00+00:00,13.289999961853027,13.300000190734863,13.289999961853027,13.300000190734863,66057,0.0,0.0,0.0
2025-06-10 04:00:00+00:00,13.300000190734863,13.3100004196167,13.300000190734863,13.300000190734863,1009548,0.0,0.0,0.0
2025-06-10 04:05:00+00:00,13.300000190734863,13.3100004196167,13.300000190734863,13.300000190734863,23368,0.0,0.0,0.0
2025-06-10 04:10:00+00:00,13.3100004196167,13.3100004196167,13.300000190734863,13.300000190734863,52378,0.0,0.0,0.0
2025-06-10 04:15:00+00:00,13.300000190734863,13.3100004196167,13.300000190734863,13.3100004196167,54057,0.0,0.0,0.0
2025-06-10 04:20:00+00:00,13.3100004196167,13.3100004196167,13.300000190734863,13.300000190734863,57238,0.0,0.0,0.0
2025-06-10 04:25:00+00:00,13.300000190734863,13.300000190734863,13.300000190734863,13.300000190734863,49312,0.0,0.0,0.0
2025-06-10 04:30:00+00:00,13.3100004196167,13.3100004196167,13.300000190734863,13.300000190734863,11720,0.0,0.0,0.0
2025-06-10 04:35:00+00:00,13.289999961853027,13.300000190734863,13.289999961853027,13.300000190734863,81011,0.0,0.0,0.0
2025-06-10 04:40:00+00:00,13.300000190734863,13.3100004196167,13.300000190734863,13.300000190734863,115845,0.0,0.0,0.0
2025-06-10 04:45:00+00:00,13.300000190734863,13.3100004196167,13.300000190734863,13.3100004196167,20020,0.0,0.0,0.0
2025-06-10 04:50:00+00:00,13.300000190734863,13.3100004196167,13.300000190734863,13.300000190734863,50705,0.0,0.0,0.0
2025-06-10 04:55:00+00:00,13.3100004196167,13.319999694824219,13.3100004196167,13.319999694824219,433120,0.0,0.0,0.0
2025-06-10 05:00:00+00:00,13.319999694824219,13.319999694824219,13.319999694824219,13.319999694824219,94270,0.0,0.0,0.0
2025-06-10 05:05:00+00:00,13.319999694824219,13.319999694824219,13.3100004196167,13.3100004196167,105239,0.0,0.0,0.0
2025-06-10 05:10:00+00:00,13.3100004196167,13.3100004196167,13.3100004196167,13.3100004196167,36655,0.0,0.0,0.0
2025-06-10 05:15:00+00:00,13.319999694824219,13.319999694824219,13.3100004196167,13.3100004196167,119263,0.0,0.0,0.0
2025-06-10 05:20:00+00:00,13.3100004196167,13.3100004196167,13.3100004196167,13.3100004196167,132732,0.0,0.0,0.0
2025-06-11 01:00:00+00:00,13.399999618530273,13.40999984741211,13.399999618530273,13.40999984741211,0,0.0,0.0,0.0
2025-06-11 01:05:00+00:00,13.399999618530273,13.40999984741211,13.390000343322754,13.390000343322754,169021,0.0,0.0,0.0
2025-06-11 01:10:00+00:00,13.390000343322754,13.390000343322754,13.380000114440918,13.380000114440918,50658,0.0,0.0,0.0
2025-06-11 01:15:00+00:00,13.380000114440918,13.399999618530273,13.380000114440918,13.399999618530273,218720,0.0,0.0,0.0
2025-06-11 01:20:00+00:00,13.399999618530273,13.399999618530273,13.399999618530273,13.399999618530273,46539,0.0,0.0,0.0
2025-06-11 01:25:00+00:00,13.399999618530273,13.40999984741211,13.399999618530273,13.399999618530273,74630,0.0,0.0,0.0
2025-06-11 01:30:00+00:00,13.399999618530273,13.40999984741211,13.399999618530273,13.399999618530273,102487,0.0,0.0,0.0
2025-06-11 01:35:00+00:00,13.399999618530273,13.399999618530273,13.399999618530273,13.399999618530273,141028,0.0,0.0,0.0
2025-06-11 01:40:00+00:00,13.399999618530273,13.399999618530273,13.390000343322754,13.399999618530273,406138,0.0,0.0,0.0
2025-06-11 01:45:00+00:00,13.399999618530273,13.40999984741211,13.399999618530273,13.40999984741211,409025,0.0,0.0,0.0
2025-06-11 01:50:00+00:00,13.40999984741211,13.40999984741211,13.399999618530273,13.399999618530273,65133,0.0,0.0,0.0
2025-06-11 01:55:00+00:00,13.40999984741211,13.40999984741211,13.399999618530273,13.40999984741211,115704,0.0,0.0,0.0
2025-06-11 02:00:00+00:00,13.40999984741211,13.40999984741211,13.399999618530273,13.399999618530273,56455,0.0,0.0,0.0
2025-06-11 02:05:00+00:00,13.399999618530273,13.399999618530273,13.380000114440918,13.380000114440918,90318,0.0,0.0,0.0
2025-06-11 02:10:00+00:00,13.380000114440918,13.399999618530273,13.380000114440918,13.399999618530273,21629,0.0,0.0,0.0
2025-06-11 02:15:00+00:00,13.399999618530273,13.399999618530273,13.380000114440918,13.380000114440918,45338,0.0,0.0,0.0
2025-06-11 02:20:00+00:00,13.380000114440918,13.380000114440918,13.369999885559082,13.380000114440918,85032,0.0,0.0,0.0
2025-06-11 02:25:00+00:00,13.369999885559082,13.380000114440918,13.369999885559082,13.380000114440918,39266,0.0,0.0,0.0
2025-06-11 02:30:00+00:00,13.369999885559082,13.380000114440918,13.369999885559082,13.380000114440918,46953,0.0,0.0,0.0
2025-06-11 02:35:00+00:00,13.380000114440918,13.380000114440918,13.369999885559082,13.369999885559082,60210,0.0,0.0,0.0
2025-06-11 02:40:00+00:00,13.380000114440918,13.380000114440918,13.380000114440918,13.380000114440918,46297,0.0,0.0,0.0
2025-06-11 02:45:00+00:00,13.390000343322754,13.390000343322754,13.380000114440918,13.380000114440918,8965,0.0,0.0,0.0
2025-06-11 02:50:00+00:00,13.380000114440918,13.390000343322754,13.380000114440918,13.390000343322754,13034,0.0,0.0,0.0
2025-06-11 02:55:00+00:00,13.390000343322754,13.390000343322754,13.380000114440918,13.380000114440918,52020,0.0,0.0,0.0
2025-06-11 03:00:00+00:00,13.390000343322754,13.390000343322754,13.390000343322754,13.390000343322754,12024,0.0,0.0,0.0
2025-06-11 03:05:00+00:00,13.390000343322754,13.399999618530273,13.390000343322754,13.399999618530273,273234,0.0,0.0,0.0
2025-06-11 03:10:00+00:00,13.399999618530273,13.399999618530273,13.399999618530273,13.399999618530273,7253,0.0,0.0,0.0
2025-06-11 03:15:00+00:00,13.399999618530273,13.399999618530273,13.390000343322754,13.399999618530273,79857,0.0,0.0,0.0
2025-06-11 03:20:00+00:00,13.399999618530273,13.420000076293945,13.399999618530273,13.420000076293945,100538,0.0,0.0,0.0
2025-06-11 03:25:00+00:00,13.420000076293945,13.430000305175781,13.420000076293945,13.420000076293945,537480,0.0,0.0,0.0
2025-06-11 03:30:00+00:00,13.420000076293945,13.430000305175781,13.420000076293945,13.420000076293945,664660,0.0,0.0,0.0
2025-06-11 03:35:00+00:00,13.420000076293945,13.430000305175781,13.420000076293945,13.420000076293945,15019,0.0,0.0,0.0
2025-06-11 03:40:00+00:00,13.420000076293945,13.430000305175781,13.420000076293945,13.430000305175781,35543,0.0,0.0,0.0
2025-06-11 03:45:00+00:00,13.430000305175781,13.430000305175781,13.420000076293945,13.430000305175781,16102,0.0,0.0,0.0
2025-06-11 03:50:00+00:00,13.430000305175781,13.430000305175781,13.420000076293945,13.420000076293945,15094,0.0,0.0,0.0
2025-06-11 03:55:00+00:00,13.430000305175781,13.430000305175781,13.420000076293945,13.420000076293945,54862,0.0,0.0,0.0
2025-06-11 04:00:00+00:00,13.430000305175781,13.430000305175781,13.40999984741211,13.40999984741211,22351,0.0,0.0,0.0
2025-06-11 04:05:00+00:00,13.420000076293945,13.420000076293945,13.420000076293945,13.420000076293945,11319,0.0,0.0,0.0
2025-06-11 04:10:00+00:00,13.420000076293945,13.430000305175781,13.420000076293945,13.420000076293945,31010,0.0,0.0,0.0
2025-06-11 04:15:00+00:00,13.420000076293945,13.430000305175781,13.420000076293945,13.420000076293945,34635,0.0,0.0,0.0
2025-06-11 04:20:00+00:00,13.420000076293945,13.420000076293945,13.420000076293945,13.420000076293945,20097,0.0,0.0,0.0
2025-06-11 04:25:00+00:00,13.420000076293945,13.430000305175781,13.420000076293945,13.430000305175781,52849,0.0,0.0,0.0
2025-06-11 04:30:00+00:00,13.430000305175781,13.430000305175781,13.420000076293945,13.420000076293945,45903,0.0,0.0,0.0
2025-06-11 04:35:00+00:00,13.430000305175781,13.430000305175781,13.420000076293945,13.420000076293945,37685,0.0,0.0,0.0
2025-06-11 04:40:00+00:00,13.430000305175781,13.430000305175781,13.420000076293945,13.430000305175781,285585,0.0,0.0,0.0
2025-06-12 01:00:00+00:00,13.40999984741211,13.40999984741211,13.359999656677246,13.359999656677246,134000,0.0,0.0,0.0
2025-06-12 01:05:00+00:00,13.369999885559082,13.369999885559082,13.350000381469727,13.369999885559082,143654,0.0,0.0,0.0
2025-06-12 01:10:00+00:00,13.369999885559082,13.369999885559082,13.359999656677246,13.369999885559082,288420,0.0,0.0,0.0
2025-06-12 01:15:00+00:00,13.369999885559082,13.380000114440918,13.359999656677246,13.380000114440918,55446,0.0,0.0,0.0
2025-06-12 01:20:00+00:00,13.380000114440918,13.390000343322754,13.380000114440918,13.380000114440918,47325,0.0,0.0,0.0
2025-06-12 01:25:00+00:00,13.380000114440918,13.390000343322754,13.380000114440918,13.380000114440918,36356,0.0,0.0,0.0
2025-06-12 01:30:00+00:00,13.399999618530273,13.40999984741211,13.390000343322754,13.40999984741211,149334,0.0,0.0,0.0
2025-06-12 01:35:00+00:00,13.40999984741211,13.420000076293945,13.40999984741211,13.420000076293945,39572,0.0,0.0,0.0
2025-06-12 01:40:00+00:00,13.420000076293945,13.420000076293945,13.40999984741211,13.40999984741211,60142,0.0,0.0,0.0
2025-06-12 01:45:00+00:00,13.40999984741211,13.40999984741211,13.399999618530273,13.40999984741211,136023,0.0,0.0,0.0
2025-06-12 01:50:00+00:00,13.40999984741211,13.420000076293945,13.40999984741211,13.420000076293945,18131,0.0,0.0,0.0
2025-06-12 01:55:00+00:00,13.40999984741211,13.40999984741211,13.40999984741211,13.40999984741211,5539,0.0,0.0,0.0
2025-06-12 02:00:00+00:00,13.40999984741211,13.40999984741211,13.380000114440918,13.380000114440918,97120,0.0,0.0,0.0
2025-06-12 02:05:00+00:00,13.380000114440918,13.380000114440918,13.369999885559082,13.380000114440918,61056,0.0,0.0,0.0
2025-06-12 02:10:00+00:00,13.369999885559082,13.380000114440918,13.369999885559082,13.369999885559082,32141,0.0,0.0,0.0
2025-06-12 02:15:00+00:00,13.369999885559082,13.380000114440918,13.369999885559082,13.369999885559082,35820,0.0,0.0,0.0
2025-06-12 02:20:00+00:00,13.369999885559082,13.369999885559082,13.369999885559082,13.369999885559082,13042,0.0,0.0,0.0
2025-06-12 02:25:00+00:00,13.369999885559082,13.369999885559082,13.359999656677246,13.359999656677246,75789,0.0,0.0,0.0
2025-06-12 02:30:00+00:00,13.369999885559082,13.369999885559082,13.359999656677246,13.359999656677246,8068,0.0,0.0,0.0
2025-06-12 02:35:00+00:00,13.359999656677246,13.369999885559082,13.359999656677246,13.359999656677246,10230,0.0,0.0,0.0
2025-06-12 02:40:00+00:00,13.359999656677246,13.359999656677246,13.359999656677246,13.359999656677246,32341,0.0,0.0,0.0
2025-06-12 02:45:00+00:00,13.369999885559082,13.369999885559082,13.359999656677246,13.359999656677246,33633,0.0,0.0,0.0
2025-06-12 02:50:00+00:00,13.359999656677246,13.369999885559082,13.359999656677246,13.369999885559082,32512,0.0,0.0,0.0
2025-06-12 02:55:00+00:00,13.369999885559082,13.369999885559082,13.359999656677246,13.359999656677246,39623,0.0,0.0,0.0
2025-06-12 03:00:00+00:00,13.359999656677246,13.380000114440918,13.359999656677246,13.369999885559082,79766,0.0,0.0,0.0
2025-06-12 03:05:00+00:00,13.369999885559082,13.380000114440918,13.369999885559082,13.380000114440918,8419,0.0,0.0,0.0
2025-06-12 03:10:00+00:00,13.380000114440918,13.380000114440918,13.380000114440918,13.380000114440918,1344,0.0,0.0,0.0
2025-06-12 03:15:00+00:00,13.380000114440918,13.380000114440918,13.380000114440918,13.380000114440918,4432,0.0,0.0,0.0
2025-06-12 03:20:00+00:00,13.380000114440918,13.380000114440918,13.369999885559082,13.369999885559082,11108,0.0,0.0,0.0
2025-06-12 03:25:00+00:00,13.380000114440918,13.380000114440918,13.369999885559082,13.380000114440918,8824,0.0,0.0,0.0
2025-06-12 03:30:00+00:00,13.380000114440918,13.380000114440918,13.369999885559082,13.369999885559082,11010,0.0,0.0,0.0
2025-06-12 03:35:00+00:00,13.380000114440918,13.380000114440918,13.380000114440918,13.380000114440918,8199,0.0,0.0,0.0
2025-06-12 03:40:00+00:00,13.380000114440918,13.380000114440918,13.369999885559082,13.369999885559082,45837,0.0,0.0,0.0
2025-06-12 03:45:00+00:00,13.369999885559082,13.369999885559082,13.369999885559082,13.369999885559082,55110,0.0,0.0,0.0
2025-06-12 03:50:00+00:00,13.369999885559082,13.380000114440918,13.369999885559082,13.380000114440918,96908,0.0,0.0,0.0
2025-06-12 03:55:00+00:00,13.369999885559082,13.380000114440918,13.369999885559082,13.380000114440918,49016,0.0,0.0,0.0
2025-06-12 04:00:00+00:00,13.380000114440918,13.380000114440918,13.369999885559082,13.380000114440918,68032,0.0,0.0,0.0
2025-06-12 04:05:00+00:00,13.369999885559082,13.369999885559082,13.359999656677246,13.359999656677246,42130,0.0,0.0,0.0
2025-06-12 04:10:00+00:00,13.359999656677246,13.380000114440918,13.359999656677246,13.359999656677246,29627,0.0,0.0,0.0
2025-06-12 04:15:00+00:00,13.359999656677246,13.380000114440918,13.359999656677246,13.380000114440918,9341,0.0,0.0,0.0
2025-06-12 04:20:00+00:00,13.380000114440918,13.380000114440918,13.380000114440918,13.380000114440918,16564,0.0,0.0,0.0
2025-06-12 04:25:00+00:00,13.369999885559082,13.380000114440918,13.369999885559082,13.380000114440918,10011,0.0,0.0,0.0
2025-06-12 04:30:00+00:00,13.380000114440918,13.380000114440918,13.369999885559082,13.369999885559082,21154,0.0,0.0,0.0
2025-06-12 04:35:00+00:00,13.369999885559082,13.380000114440918,13.359999656677246,13.380000114440918,32048,0.0,0.0,0.0
2025-06-12 04:40:00+00:00,13.380000114440918,13.380000114440918,13.359999656677246,13.359999656677246,54328,0.0,0.0,0.0
2025-06-12 04:45:00+00:00,13.380000114440918,13.380000114440918,13.369999885559082,13.380000114440918,16095,0.0,0.0,0.0
2025-06-12 04:50:00+00:00,13.380000114440918,13.380000114440918,13.369999885559082,13.369999885559082,79391,0.0,0.0,0.0
2025-06-12 04:55:00+00:00,13.369999885559082,13.380000114440918,13.369999885559082,13.380000114440918,24160,0.0,0.0,0.0
2025-06-12 05:00:00+00:00,13.369999885559082,13.380000114440918,13.369999885559082,13.369999885559082,23570,0.0,0.0,0.0
2025-06-12 05:05:00+00:00,13.380000114440918,13.380000114440918,13.380000114440918,13.380000114440918,1110,0.0,0.0,0.0
2025-06-12 05:10:00+00:00,13.369999885559082,13.380000114440918,13.369999885559082,13.380000114440918,22192,0.0,0.0,0.0
2025-06-12 05:15:00+00:00,13.380000114440918,13.380000114440918,13.369999885559082,13.369999885559082,85196,0.0,0.0,0.0
2025-06-12 05:20:00+00:00,13.369999885559082,13.380000114440918,13.369999885559082,13.369999885559082,95305,0.0,0.0,0.0
2025-06-13 01:00:00+00:00,13.289999961853027,13.289999961853027,13.270000457763672,13.289999961853027,0,0.0,0.0,0.0
2025-06-13 01:05:00+00:00,13.279999732971191,13.279999732971191,13.229999542236328,13.25,233179,0.0,0.0,0.0
2025-06-13 01:10:00+00:00,13.260000228881836,13.270000457763672,13.239999771118164,13.270000457763672,129599,0.0,0.0,0.0
2025-06-13 01:15:00+00:00,13.239999771118164,13.239999771118164,13.210000038146973,13.210000038146973,104160,0.0,0.0,0.0
2025-06-13 01:20:00+00:00,13.210000038146973,13.25,13.210000038146973,13.239999771118164,95512,0.0,0.0,0.0
2025-06-13 01:25:00+00:00,13.239999771118164,13.260000228881836,13.229999542236328,13.260000228881836,119233,0.0,0.0,0.0
2025-06-13 01:30:00+00:00,13.260000228881836,13.270000457763672,13.260000228881836,13.270000457763672,10292,0.0,0.0,0.0
2025-06-13 01:35:00+00:00,13.270000457763672,13.3100004196167,13.270000457763672,13.3100004196167,104774,0.0,0.0,0.0
2025-06-13 01:40:00+00:00,13.3100004196167,13.3100004196167,13.300000190734863,13.300000190734863,166924,0.0,0.0,0.0
2025-06-13 01:45:00+00:00,13.289999961853027,13.300000190734863,13.289999961853027,13.300000190734863,111627,0.0,0.0,0.0
2025-06-13 01:50:00+00:00,13.300000190734863,13.319999694824219,13.300000190734863,13.3100004196167,21892,0.0,0.0,0.0
2025-06-13 01:55:00+00:00,13.319999694824219,13.34000015258789,13.319999694824219,13.34000015258789,194552,0.0,0.0,0.0
2025-06-13 02:00:00+00:00,13.34000015258789,13.34000015258789,13.319999694824219,13.329999923706055,38507,0.0,0.0,0.0
2025-06-13 02:05:00+00:00,13.329999923706055,13.329999923706055,13.319999694824219,13.319999694824219,11075,0.0,0.0,0.0
2025-06-13 02:10:00+00:00,13.319999694824219,13.329999923706055,13.319999694824219,13.329999923706055,14549,0.0,0.0,0.0
2025-06-13 02:15:00+00:00,13.329999923706055,13.329999923706055,13.319999694824219,13.329999923706055,25148,0.0,0.0,0.0
2025-06-13 02:20:00+00:00,13.329999923706055,13.329999923706055,13.319999694824219,13.319999694824219,67771,0.0,0.0,0.0
2025-06-13 02:25:00+00:00,13.3100004196167,13.319999694824219,13.3100004196167,13.319999694824219,124257,0.0,0.0,0.0
2025-06-13 02:30:00+00:00,13.319999694824219,13.319999694824219,13.300000190734863,13.300000190734863,243622,0.0,0.0,0.0
2025-06-13 02:35:00+00:00,13.300000190734863,13.300000190734863,13.279999732971191,13.279999732971191,85359,0.0,0.0,0.0
2025-06-13 02:40:00+00:00,13.289999961853027,13.289999961853027,13.25,13.25,473860,0.0,0.0,0.0
2025-06-13 02:45:00+00:00,13.260000228881836,13.270000457763672,13.25,13.270000457763672,131047,0.0,0.0,0.0
2025-06-13 02:50:00+00:00,13.270000457763672,13.270000457763672,13.260000228881836,13.260000228881836,20335,0.0,0.0,0.0
2025-06-13 02:55:00+00:00,13.270000457763672,13.279999732971191,13.270000457763672,13.279999732971191,32333,0.0,0.0,0.0
2025-06-13 03:00:00+00:00,13.279999732971191,13.279999732971191,13.270000457763672,13.279999732971191,17707,0.0,0.0,0.0
2025-06-13 03:05:00+00:00,13.279999732971191,13.279999732971191,13.270000457763672,13.270000457763672,27651,0.0,0.0,0.0
2025-06-13 03:10:00+00:00,13.279999732971191,13.279999732971191,13.279999732971191,13.279999732971191,1043,0.0,0.0,0.0
2025-06-13 03:15:00+00:00,13.279999732971191,13.279999732971191,13.279999732971191,13.279999732971191,66159,0.0,0.0,0.0
2025-06-13 03:20:00+00:00,13.279999732971191,13.300000190734863,13.279999732971191,13.300000190734863,37053,0.0,0.0,0.0
2025-06-13 03:25:00+00:00,13.300000190734863,13.300000190734863,13.289999961853027,13.289999961853027,6149,0.0,0.0,0.0
2025-06-13 03:30:00+00:00,13.289999961853027,13.289999961853027,13.289999961853027,13.289999961853027,11102,0.0,0.0,0.0
2025-06-13 03:35:00+00:00,13.289999961853027,13.289999961853027,13.279999732971191,13.279999732971191,29445,0.0,0.0,0.0
2025-06-13 03:40:00+00:00,13.279999732971191,13.289999961853027,13.279999732971191,13.289999961853027,20234,0.0,0.0,0.0
2025-06-13 03:45:00+00:00,13.289999961853027,13.289999961853027,13.289999961853027,13.289999961853027,8049,0.0,0.0,0.0
2025-06-13 03:50:00+00:00,13.289999961853027,13.289999961853027,13.279999732971191,13.289999961853027,102524,0.0,0.0,0.0
2025-06-13 03:55:00+00:00,13.289999961853027,13.300000190734863,13.289999961853027,13.300000190734863,54764,0.0,0.0,0.0
2025-06-13 04:00:00+00:00,13.300000190734863,13.300000190734863,13.300000190734863,13.300000190734863,1070,0.0,0.0,0.0
2025-06-13 04:05:00+00:00,13.300000190734863,13.300000190734863,13.300000190734863,13.300000190734863,1158,0.0,0.0,0.0
2025-06-13 04:10:00+00:00,13.289999961853027,13.289999961853027,13.289999961853027,13.289999961853027,28051,0.0,0.0,0.0
2025-06-13 04:15:00+00:00,13.289999961853027,13.289999961853027,13.279999732971191,13.289999961853027,24085,0.0,0.0,0.0
2025-06-13 04:20:00+00:00,13.289999961853027,13.289999961853027,13.289999961853027,13.289999961853027,14187,0.0,0.0,0.0
2025-06-13 04:25:00+00:00,13.279999732971191,13.279999732971191,13.279999732971191,13.279999732971191,14034,0.0,0.0,0.0
2025-06-13 04:30:00+00:00,13.289999961853027,13.289999961853027,13.279999732971191,13.279999732971191,32032,0.0,0.0,0.0
2025-06-13 04:35:00+00:00,13.279999732971191,13.279999732971191,13.279999732971191,13.279999732971191,26122,0.0,0.0,0.0
2025-06-13 04:40:00+00:00,13.279999732971191,13.279999732971191,13.279999732971191,13.279999732971191,9010,0.0,0.0,0.0
2025-06-13 04:45:00+00:00,13.270000457763672,13.289999961853027,13.270000457763672,13.270000457763672,15478,0.0,0.0,0.0
2025-06-13 04:50:00+00:00,13.289999961853027,13.289999961853027,13.279999732971191,13.279999732971191,10246,0.0,0.0,0.0
2025-06-13 04:55:00+00:00,13.279999732971191,13.279999732971191,13.279999732971191,13.279999732971191,12294,0.0,0.0,0.0
2025-06-13 05:00:00+00:00,13.289999961853027,13.289999961853027,13.279999732971191,13.279999732971191,31380,0.0,0.0,0.0
2025-06-13 05:05:00+00:00,13.279999732971191,13.279999732971191,13.270000457763672,13.270000457763672,67424,0.0,0.0,0.0
2025-06-13 05:10:00+00:00,13.270000457763672,13.270000457763672,13.270000457763672,13.270000457763672,78761,0.0,0.0,0.0
2025-06-13 05:15:00+00:00,13.279999732971191,13.279999732971191,13.270000457763672,13.270000457763672,24044,0.0,0.0,0.0
2025-06-13 05:20:00+00:00,13.270000457763672,13.270000457763672,13.260000228881836,13.260000228881836,129872,0.0,0.0,0.0
2025-06-16 01:00:00+00:00,13.199999809265137,13.210000038146973,13.180000305175781,13.199999809265137,0,0.0,0.0,0.0
2025-06-16 01:05:00+00:00,13.199999809265137,13.220000267028809,13.1899995803833,13.220000267028809,401070,0.0,0.0,0.0
2025-06-16 01:10:00+00:00,13.220000267028809,13.25,13.220000267028809,13.229999542236328,78238,0.0,0.0,0.0
2025-06-16 01:15:00+00:00,13.25,13.25,13.220000267028809,13.220000267028809,147398,0.0,0.0,0.0
2025-06-16 01:20:00+00:00,13.220000267028809,13.229999542236328,13.210000038146973,13.210000038146973,45972,0.0,0.0,0.0
2025-06-16 01:25:00+00:00,13.229999542236328,13.229999542236328,13.220000267028809,13.220000267028809,3420,0.0,0.0,0.0
2025-06-16 01:30:00+00:00,13.220000267028809,13.220000267028809,13.210000038146973,13.210000038146973,17941,0.0,0.0,0.0
2025-06-16 01:35:00+00:00,13.220000267028809,13.220000267028809,13.220000267028809,13.220000267028809,11831,0.0,0.0,0.0
2025-06-16 01:40:00+00:00,13.220000267028809,13.229999542236328,13.220000267028809,13.229999542236328,65292,0.0,0.0,0.0
2025-06-16 01:45:00+00:00,13.239999771118164,13.239999771118164,13.220000267028809,13.220000267028809,133229,0.0,0.0,0.0
2025-06-16 01:50:00+00:00,13.220000267028809,13.220000267028809,13.210000038146973,13.220000267028809,62273,0.0,0.0,0.0
2025-06-16 01:55:00+00:00,13.220000267028809,13.239999771118164,13.220000267028809,13.239999771118164,12227,0.0,0.0,0.0
2025-06-16 02:00:00+00:00,13.239999771118164,13.239999771118164,13.210000038146973,13.229999542236328,18862,0.0,0.0,0.0
2025-06-16 02:05:00+00:00,13.229999542236328,13.229999542236328,13.229999542236328,13.229999542236328,3022,0.0,0.0,0.0
2025-06-16 02:10:00+00:00,13.229999542236328,13.239999771118164,13.220000267028809,13.239999771118164,16910,0.0,0.0,0.0
2025-06-16 02:15:00+00:00,13.239999771118164,13.239999771118164,13.220000267028809,13.239999771118164,28118,0.0,0.0,0.0
2025-06-16 02:20:00+00:00,13.239999771118164,13.239999771118164,13.229999542236328,13.229999542236328,9276,0.0,0.0,0.0
2025-06-16 02:25:00+00:00,13.229999542236328,13.229999542236328,13.199999809265137,13.210000038146973,485356,0.0,0.0,0.0
2025-06-16 02:30:00+00:00,13.210000038146973,13.220000267028809,13.210000038146973,13.210000038146973,10838,0.0,0.0,0.0
2025-06-16 02:35:00+00:00,13.210000038146973,13.210000038146973,13.210000038146973,13.210000038146973,21012,0.0,0.0,0.0
2025-06-16 02:40:00+00:00,13.210000038146973,13.210000038146973,13.199999809265137,13.199999809265137,25838,0.0,0.0,0.0
2025-06-16 02:45:00+00:00,13.199999809265137,13.210000038146973,13.1899995803833,13.199999809265137,16229,0.0,0.0,0.0
2025-06-16 02:50:00+00:00,13.199999809265137,13.210000038146973,13.199999809265137,13.210000038146973,24012,0.0,0.0,0.0
2025-06-16 02:55:00+00:00,13.210000038146973,13.210000038146973,13.210000038146973,13.210000038146973,11217,0.0,0.0,0.0
2025-06-16 03:00:00+00:00,13.210000038146973,13.220000267028809,13.199999809265137,13.220000267028809,8294,0.0,0.0,0.0
2025-06-16 03:05:00+00:00,13.220000267028809,13.220000267028809,13.220000267028809,13.220000267028809,14400,0.0,0.0,0.0
2025-06-16 03:10:00+00:00,13.220000267028809,13.220000267028809,13.210000038146973,13.220000267028809,8066,0.0,0.0,0.0
2025-06-16 03:15:00+00:00,13.239999771118164,13.239999771118164,13.239999771118164,13.239999771118164,3042,0.0,0.0,0.0
2025-06-16 03:20:00+00:00,13.229999542236328,13.229999542236328,13.210000038146973,13.229999542236328,5027,0.0,0.0,0.0
2025-06-16 03:25:00+00:00,13.229999542236328,13.229999542236328,13.220000267028809,13.220000267028809,8017,0.0,0.0,0.0
2025-06-16 03:30:00+00:00,13.220000267028809,13.220000267028809,13.220000267028809,13.220000267028809,5379,0.0,0.0,0.0
2025-06-16 03:35:00+00:00,13.220000267028809,13.229999542236328,13.220000267028809,13.229999542236328,34491,0.0,0.0,0.0
2025-06-16 03:40:00+00:00,13.229999542236328,13.229999542236328,13.220000267028809,13.220000267028809,35235,0.0,0.0,0.0
2025-06-16 03:45:00+00:00,13.239999771118164,13.239999771118164,13.220000267028809,13.229999542236328,10181,0.0,0.0,0.0
2025-06-16 03:50:00+00:00,13.229999542236328,13.25,13.210000038146973,13.25,101700,0.0,0.0,0.0
2025-06-16 03:55:00+00:00,13.25,13.25,13.25,13.25,30495,0.0,0.0,0.0
2025-06-16 04:00:00+00:00,13.25,13.25,13.239999771118164,13.25,62564,0.0,0.0,0.0
2025-06-16 04:05:00+00:00,13.25,13.25,13.239999771118164,13.25,10196,0.0,0.0,0.0
2025-06-16 04:10:00+00:00,13.25,13.25,13.25,13.25,4117,0.0,0.0,0.0
2025-06-16 04:15:00+00:00,13.25,13.25,13.239999771118164,13.25,15362,0.0,0.0,0.0
2025-06-16 04:20:00+00:00,13.25,13.25,13.229999542236328,13.229999542236328,21097,0.0,0.0,0.0
2025-06-16 04:25:00+00:00,13.239999771118164,13.239999771118164,13.229999542236328,13.229999542236328,6300,0.0,0.0,0.0
2025-06-16 04:30:00+00:00,13.239999771118164,13.239999771118164,13.239999771118164,13.239999771118164,4553,0.0,0.0,0.0
2025-06-16 04:35:00+00:00,13.239999771118164,13.239999771118164,13.239999771118164,13.239999771118164,7181,0.0,0.0,0.0
2025-06-16 04:40:00+00:00,13.229999542236328,13.229999542236328,13.229999542236328,13.229999542236328,3050,0.0,0.0,0.0
2025-06-16 04:45:00+00:00,13.229999542236328,13.239999771118164,13.229999542236328,13.229999542236328,20720,0.0,0.0,0.0
2025-06-16 04:50:00+00:00,13.229999542236328,13.239999771118164,13.229999542236328,13.239999771118164,26240,0.0,0.0,0.0
2025-06-16 04:55:00+00:00,13.239999771118164,13.239999771118164,13.239999771118164,13.239999771118164,8300,0.0,0.0,0.0
2025-06-16 05:00:00+00:00,13.239999771118164,13.239999771118164,13.239999771118164,13.239999771118164,43551,0.0,0.0,0.0
2025-06-16 05:05:00+00:00,13.25,13.270000457763672,13.25,13.270000457763672,153911,0.0,0.0,0.0
2025-06-16 05:10:00+00:00,13.270000457763672,13.270000457763672,13.270000457763672,13.270000457763672,47553,0.0,0.0,0.0
2025-06-16 05:15:00+00:00,13.270000457763672,13.270000457763672,13.260000228881836,13.260000228881836,23871,0.0,0.0,0.0
2025-06-16 05:20:00+00:00,13.270000457763672,13.270000457763672,13.260000228881836,13.270000457763672,537729,0.0,0.0,0.0
2025-06-17 01:00:00+00:00,13.380000114440918,13.40999984741211,13.380000114440918,13.40999984741211,0,0.0,0.0,0.0
2025-06-17 01:05:00+00:00,13.40999984741211,13.40999984741211,13.399999618530273,13.399999618530273,140000,0.0,0.0,0.0
2025-06-17 01:10:00+00:00,13.390000343322754,13.399999618530273,13.359999656677246,13.359999656677246,50123,0.0,0.0,0.0
2025-06-17 01:15:00+00:00,13.359999656677246,13.369999885559082,13.359999656677246,13.369999885559082,14567,0.0,0.0,0.0
2025-06-17 01:20:00+00:00,13.359999656677246,13.369999885559082,13.350000381469727,13.369999885559082,68610,0.0,0.0,0.0
2025-06-17 01:25:00+00:00,13.369999885559082,13.369999885559082,13.359999656677246,13.359999656677246,62044,0.0,0.0,0.0
2025-06-17 01:30:00+00:00,13.359999656677246,13.359999656677246,13.350000381469727,13.350000381469727,11807,0.0,0.0,0.0
2025-06-17 01:35:00+00:00,13.350000381469727,13.350000381469727,13.350000381469727,13.350000381469727,41256,0.0,0.0,0.0
2025-06-17 01:40:00+00:00,13.350000381469727,13.350000381469727,13.34000015258789,13.34000015258789,56114,0.0,0.0,0.0
2025-06-17 01:45:00+00:00,13.350000381469727,13.369999885559082,13.350000381469727,13.369999885559082,102102,0.0,0.0,0.0
2025-06-17 01:50:00+00:00,13.369999885559082,13.390000343322754,13.369999885559082,13.390000343322754,186237,0.0,0.0,0.0
2025-06-17 01:55:00+00:00,13.390000343322754,13.390000343322754,13.390000343322754,13.390000343322754,39593,0.0,0.0,0.0
2025-06-17 02:00:00+00:00,13.390000343322754,13.399999618530273,13.390000343322754,13.390000343322754,26142,0.0,0.0,0.0
2025-06-17 02:05:00+00:00,13.390000343322754,13.390000343322754,13.350000381469727,13.350000381469727,121045,0.0,0.0,0.0
2025-06-17 02:10:00+00:00,13.369999885559082,13.369999885559082,13.329999923706055,13.329999923706055,477349,0.0,0.0,0.0
2025-06-17 02:15:00+00:00,13.3100004196167,13.319999694824219,13.3100004196167,13.319999694824219,261274,0.0,0.0,0.0
2025-06-17 02:20:00+00:00,13.329999923706055,13.329999923706055,13.329999923706055,13.329999923706055,2839,0.0,0.0,0.0
2025-06-17 02:25:00+00:00,13.329999923706055,13.329999923706055,13.329999923706055,13.329999923706055,37103,0.0,0.0,0.0
2025-06-17 02:30:00+00:00,13.319999694824219,13.319999694824219,13.3100004196167,13.3100004196167,17021,0.0,0.0,0.0
2025-06-17 02:35:00+00:00,13.3100004196167,13.3100004196167,13.3100004196167,13.3100004196167,12208,0.0,0.0,0.0
2025-06-17 02:40:00+00:00,13.3100004196167,13.3100004196167,13.300000190734863,13.3100004196167,7330,0.0,0.0,0.0
2025-06-17 02:45:00+00:00,13.300000190734863,13.319999694824219,13.300000190734863,13.319999694824219,41191,0.0,0.0,0.0
2025-06-17 02:50:00+00:00,13.329999923706055,13.329999923706055,13.329999923706055,13.329999923706055,42125,0.0,0.0,0.0
2025-06-17 02:55:00+00:00,13.350000381469727,13.350000381469727,13.350000381469727,13.350000381469727,1586,0.0,0.0,0.0
2025-06-17 03:00:00+00:00,13.34000015258789,13.350000381469727,13.34000015258789,13.34000015258789,567028,0.0,0.0,0.0
2025-06-17 03:05:00+00:00,13.34000015258789,13.34000015258789,13.34000015258789,13.34000015258789,3021,0.0,0.0,0.0
2025-06-17 03:10:00+00:00,13.329999923706055,13.34000015258789,13.329999923706055,13.34000015258789,29121,0.0,0.0,0.0
2025-06-17 03:15:00+00:00,13.329999923706055,13.34000015258789,13.329999923706055,13.34000015258789,10519,0.0,0.0,0.0
2025-06-17 03:20:00+00:00,13.34000015258789,13.34000015258789,13.319999694824219,13.319999694824219,8013,0.0,0.0,0.0
2025-06-17 03:25:00+00:00,13.319999694824219,13.319999694824219,13.319999694824219,13.319999694824219,12013,0.0,0.0,0.0
2025-06-17 03:30:00+00:00,13.329999923706055,13.329999923706055,13.329999923706055,13.329999923706055,1341,0.0,0.0,0.0
2025-06-17 03:35:00+00:00,13.329999923706055,13.329999923706055,13.3100004196167,13.3100004196167,7148,0.0,0.0,0.0
2025-06-17 03:40:00+00:00,13.319999694824219,13.329999923706055,13.3100004196167,13.319999694824219,43093,0.0,0.0,0.0
2025-06-17 03:45:00+00:00,13.319999694824219,13.319999694824219,13.300000190734863,13.300000190734863,23828,0.0,0.0,0.0
2025-06-17 03:50:00+00:00,13.300000190734863,13.319999694824219,13.300000190734863,13.319999694824219,79033,0.0,0.0,0.0
2025-06-17 03:55:00+00:00,13.300000190734863,13.300000190734863,13.289999961853027,13.289999961853027,34506,0.0,0.0,0.0
2025-06-17 04:00:00+00:00,13.300000190734863,13.300000190734863,13.300000190734863,13.300000190734863,13059,0.0,0.0,0.0
2025-06-17 04:05:00+00:00,13.300000190734863,13.3100004196167,13.300000190734863,13.300000190734863,5027,0.0,0.0,0.0
2025-06-17 04:10:00+00:00,13.300000190734863,13.300000190734863,13.300000190734863,13.300000190734863,74468,0.0,0.0,0.0
2025-06-17 04:15:00+00:00,13.300000190734863,13.300000190734863,13.289999961853027,13.289999961853027,14211,0.0,0.0,0.0
2025-06-17 04:20:00+00:00,13.289999961853027,13.289999961853027,13.289999961853027,13.289999961853027,15164,0.0,0.0,0.0
2025-06-17 04:25:00+00:00,13.300000190734863,13.300000190734863,13.300000190734863,13.300000190734863,28145,0.0,0.0,0.0
2025-06-17 04:30:00+00:00,13.3100004196167,13.3100004196167,13.3100004196167,13.3100004196167,1146,0.0,0.0,0.0
2025-06-17 04:35:00+00:00,13.300000190734863,13.300000190734863,13.300000190734863,13.300000190734863,2010,0.0,0.0,0.0
2025-06-17 04:40:00+00:00,13.300000190734863,13.300000190734863,13.300000190734863,13.300000190734863,2090,0.0,0.0,0.0
2025-06-17 04:45:00+00:00,13.300000190734863,13.300000190734863,13.300000190734863,13.300000190734863,18887,0.0,0.0,0.0
2025-06-17 04:50:00+00:00,13.300000190734863,13.300000190734863,13.300000190734863,13.300000190734863,49839,0.0,0.0,0.0
2025-06-17 04:55:00+00:00,13.300000190734863,13.300000190734863,13.300000190734863,13.300000190734863,2403,0.0,0.0,0.0
2025-06-17 05:00:00+00:00,13.3100004196167,13.3100004196167,13.3100004196167,13.3100004196167,330209,0.0,0.0,0.0
2025-06-17 05:05:00+00:00,13.319999694824219,13.319999694824219,13.3100004196167,13.3100004196167,21737,0.0,0.0,0.0
2025-06-17 05:10:00+00:00,13.319999694824219,13.34000015258789,13.319999694824219,13.329999923706055,59169,0.0,0.0,0.0
2025-06-17 05:15:00+00:00,13.34000015258789,13.34000015258789,13.329999923706055,13.329999923706055,71793,0.0,0.0,0.0
2025-06-17 05:20:00+00:00,13.319999694824219,13.319999694824219,13.319999694824219,13.319999694824219,22942,0.0,0.0,0.0
2025-06-18 01:00:00+00:00,13.329999923706055,13.329999923706055,13.329999923706055,13.329999923706055,38000,0.0,0.0,0.0
2025-06-18 01:05:00+00:00,13.329999923706055,13.369999885559082,13.319999694824219,13.359999656677246,134172,0.0,0.0,0.0
2025-06-18 01:10:00+00:00,13.359999656677246,13.369999885559082,13.350000381469727,13.359999656677246,273887,0.0,0.0,0.0
2025-06-18 01:15:00+00:00,13.369999885559082,13.369999885559082,13.359999656677246,13.359999656677246,99719,0.0,0.0,0.0
2025-06-18 01:20:00+00:00,13.359999656677246,13.369999885559082,13.359999656677246,13.359999656677246,48288,0.0,0.0,0.0
2025-06-18 01:25:00+00:00,13.369999885559082,13.369999885559082,13.350000381469727,13.359999656677246,51574,0.0,0.0,0.0
2025-06-18 01:30:00+00:00,13.359999656677246,13.359999656677246,13.350000381469727,13.359999656677246,41335,0.0,0.0,0.0
2025-06-18 01:35:00+00:00,13.359999656677246,13.359999656677246,13.359999656677246,13.359999656677246,43866,0.0,0.0,0.0
2025-06-18 01:40:00+00:00,13.359999656677246,13.359999656677246,13.34000015258789,13.34000015258789,21064,0.0,0.0,0.0
2025-06-18 01:45:00+00:00,13.350000381469727,13.350000381469727,13.34000015258789,13.34000015258789,31185,0.0,0.0,0.0
2025-06-18 01:50:00+00:00,13.34000015258789,13.34000015258789,13.329999923706055,13.329999923706055,149204,0.0,0.0,0.0
2025-06-18 01:55:00+00:00,13.350000381469727,13.350000381469727,13.350000381469727,13.350000381469727,7775,0.0,0.0,0.0
2025-06-18 02:00:00+00:00,13.350000381469727,13.350000381469727,13.350000381469727,13.350000381469727,6372,0.0,0.0,0.0
2025-06-18 02:05:00+00:00,13.34000015258789,13.34000015258789,13.34000015258789,13.34000015258789,68418,0.0,0.0,0.0
2025-06-18 02:10:00+00:00,13.34000015258789,13.350000381469727,13.34000015258789,13.350000381469727,86282,0.0,0.0,0.0
2025-06-18 02:15:00+00:00,13.359999656677246,13.359999656677246,13.350000381469727,13.350000381469727,43063,0.0,0.0,0.0
2025-06-18 02:20:00+00:00,13.350000381469727,13.369999885559082,13.34000015258789,13.369999885559082,794205,0.0,0.0,0.0
2025-06-18 02:25:00+00:00,13.369999885559082,13.380000114440918,13.369999885559082,13.369999885559082,162548,0.0,0.0,0.0
2025-06-18 02:30:00+00:00,13.380000114440918,13.390000343322754,13.380000114440918,13.390000343322754,60204,0.0,0.0,0.0
2025-06-18 02:35:00+00:00,13.390000343322754,13.390000343322754,13.380000114440918,13.380000114440918,5121,0.0,0.0,0.0
2025-06-18 02:40:00+00:00,13.380000114440918,13.390000343322754,13.380000114440918,13.390000343322754,110015,0.0,0.0,0.0
2025-06-18 02:45:00+00:00,13.399999618530273,13.420000076293945,13.390000343322754,13.420000076293945,658355,0.0,0.0,0.0
2025-06-18 02:50:00+00:00,13.40999984741211,13.420000076293945,13.40999984741211,13.420000076293945,4024,0.0,0.0,0.0
2025-06-18 02:55:00+00:00,13.420000076293945,13.420000076293945,13.40999984741211,13.40999984741211,147159,0.0,0.0,0.0
2025-06-18 03:00:00+00:00,13.40999984741211,13.420000076293945,13.40999984741211,13.420000076293945,8068,0.0,0.0,0.0
2025-06-18 03:05:00+00:00,13.40999984741211,13.40999984741211,13.399999618530273,13.399999618530273,12477,0.0,0.0,0.0
2025-06-18 03:10:00+00:00,13.399999618530273,13.399999618530273,13.399999618530273,13.399999618530273,22190,0.0,0.0,0.0
2025-06-18 03:15:00+00:00,13.399999618530273,13.40999984741211,13.399999618530273,13.399999618530273,22473,0.0,0.0,0.0
2025-06-18 03:20:00+00:00,13.399999618530273,13.40999984741211,13.399999618530273,13.40999984741211,153827,0.0,0.0,0.0
2025-06-18 03:25:00+00:00,13.420000076293945,13.420000076293945,13.420000076293945,13.420000076293945,200411,0.0,0.0,0.0
2025-06-18 03:30:00+00:00,13.420000076293945,13.430000305175781,13.420000076293945,13.420000076293945,38554,0.0,0.0,0.0
2025-06-18 03:35:00+00:00,13.420000076293945,13.430000305175781,13.420000076293945,13.420000076293945,48038,0.0,0.0,0.0
2025-06-18 03:40:00+00:00,13.420000076293945,13.430000305175781,13.420000076293945,13.430000305175781,25264,0.0,0.0,0.0
2025-06-18 03:45:00+00:00,13.430000305175781,13.430000305175781,13.420000076293945,13.420000076293945,12015,0.0,0.0,0.0
2025-06-18 03:50:00+00:00,13.420000076293945,13.420000076293945,13.40999984741211,13.40999984741211,126035,0.0,0.0,0.0
2025-06-18 03:55:00+00:00,13.40999984741211,13.40999984741211,13.399999618530273,13.40999984741211,226614,0.0,0.0,0.0
2025-06-18 04:00:00+00:00,13.40999984741211,13.420000076293945,13.399999618530273,13.420000076293945,29370,0.0,0.0,0.0
2025-06-18 04:05:00+00:00,13.399999618530273,13.399999618530273,13.399999618530273,13.399999618530273,30121,0.0,0.0,0.0
2025-06-18 04:10:00+00:00,13.40999984741211,13.40999984741211,13.399999618530273,13.399999618530273,168359,0.0,0.0,0.0
2025-06-18 04:15:00+00:00,13.399999618530273,13.40999984741211,13.399999618530273,13.399999618530273,12075,0.0,0.0,0.0
2025-06-18 04:20:00+00:00,13.399999618530273,13.40999984741211,13.399999618530273,13.40999984741211,38129,0.0,0.0,0.0
2025-06-18 04:25:00+00:00,13.40999984741211,13.420000076293945,13.40999984741211,13.40999984741211,108205,0.0,0.0,0.0
2025-06-18 04:30:00+00:00,13.420000076293945,13.420000076293945,13.399999618530273,13.399999618530273,102462,0.0,0.0,0.0
2025-06-18 04:35:00+00:00,13.399999618530273,13.399999618530273,13.380000114440918,13.380000114440918,24200,0.0,0.0,0.0
2025-06-18 04:40:00+00:00,13.380000114440918,13.390000343322754,13.380000114440918,13.380000114440918,8227,0.0,0.0,0.0
2025-06-18 04:45:00+00:00,13.380000114440918,13.380000114440918,13.369999885559082,13.369999885559082,9250,0.0,0.0,0.0
2025-06-18 04:50:00+00:00,13.369999885559082,13.380000114440918,13.369999885559082,13.369999885559082,109300,0.0,0.0,0.0
2025-06-18 04:55:00+00:00,13.380000114440918,13.380000114440918,13.369999885559082,13.369999885559082,60227,0.0,0.0,0.0
2025-06-18 05:00:00+00:00,13.380000114440918,13.390000343322754,13.380000114440918,13.390000343322754,103400,0.0,0.0,0.0
2025-06-18 05:05:00+00:00,13.399999618530273,13.399999618530273,13.399999618530273,13.399999618530273,48243,0.0,0.0,0.0
2025-06-18 05:10:00+00:00,13.399999618530273,13.399999618530273,13.399999618530273,13.399999618530273,26357,0.0,0.0,0.0
2025-06-18 05:15:00+00:00,13.399999618530273,13.399999618530273,13.399999618530273,13.399999618530273,15217,0.0,0.0,0.0
2025-06-18 05:20:00+00:00,13.399999618530273,13.399999618530273,13.390000343322754,13.399999618530273,22663,0.0,0.0,0.0
2025-06-19 01:00:00+00:00,13.390000343322754,13.390000343322754,13.369999885559082,13.369999885559082,0,0.0,0.0,0.0
2025-06-19 01:05:00+00:00,13.350000381469727,13.350000381469727,13.350000381469727,13.350000381469727,60000,0.0,0.0,0.0
2025-06-19 01:10:00+00:00,13.359999656677246,13.359999656677246,13.350000381469727,13.359999656677246,38964,0.0,0.0,0.0
2025-06-19 01:15:00+00:00,13.359999656677246,13.369999885559082,13.359999656677246,13.369999885559082,141178,0.0,0.0,0.0
2025-06-19 01:20:00+00:00,13.369999885559082,13.369999885559082,13.359999656677246,13.369999885559082,10336,0.0,0.0,0.0
2025-06-19 01:25:00+00:00,13.359999656677246,13.359999656677246,13.350000381469727,13.350000381469727,37090,0.0,0.0,0.0
2025-06-19 01:30:00+00:00,13.359999656677246,13.359999656677246,13.34000015258789,13.34000015258789,11529,0.0,0.0,0.0
2025-06-19 01:35:00+00:00,13.34000015258789,13.34000015258789,13.329999923706055,13.329999923706055,21708,0.0,0.0,0.0
2025-06-19 01:40:00+00:00,13.319999694824219,13.319999694824219,13.3100004196167,13.319999694824219,26997,0.0,0.0,0.0
2025-06-19 01:45:00+00:00,13.3100004196167,13.329999923706055,13.3100004196167,13.329999923706055,46245,0.0,0.0,0.0
2025-06-19 01:50:00+00:00,13.329999923706055,13.329999923706055,13.319999694824219,13.319999694824219,11372,0.0,0.0,0.0
2025-06-19 01:55:00+00:00,13.319999694824219,13.319999694824219,13.3100004196167,13.3100004196167,74100,0.0,0.0,0.0
2025-06-19 02:00:00+00:00,13.319999694824219,13.319999694824219,13.3100004196167,13.3100004196167,17934,0.0,0.0,0.0
2025-06-19 02:05:00+00:00,13.319999694824219,13.329999923706055,13.319999694824219,13.329999923706055,51368,0.0,0.0,0.0
2025-06-19 02:10:00+00:00,13.329999923706055,13.329999923706055,13.319999694824219,13.319999694824219,71218,0.0,0.0,0.0
2025-06-19 02:15:00+00:00,13.319999694824219,13.319999694824219,13.300000190734863,13.300000190734863,67284,0.0,0.0,0.0
2025-06-19 02:20:00+00:00,13.300000190734863,13.300000190734863,13.300000190734863,13.300000190734863,7317,0.0,0.0,0.0
2025-06-19 02:25:00+00:00,13.300000190734863,13.300000190734863,13.300000190734863,13.300000190734863,22602,0.0,0.0,0.0
2025-06-19 02:30:00+00:00,13.3100004196167,13.3100004196167,13.3100004196167,13.3100004196167,7118,0.0,0.0,0.0
2025-06-19 02:35:00+00:00,13.300000190734863,13.3100004196167,13.300000190734863,13.3100004196167,7135,0.0,0.0,0.0
2025-06-19 02:40:00+00:00,13.300000190734863,13.3100004196167,13.300000190734863,13.300000190734863,56333,0.0,0.0,0.0
2025-06-19 02:45:00+00:00,13.3100004196167,13.3100004196167,13.279999732971191,13.279999732971191,39544,0.0,0.0,0.0
2025-06-19 02:50:00+00:00,13.279999732971191,13.289999961853027,13.279999732971191,13.289999961853027,10008,0.0,0.0,0.0
2025-06-19 02:55:00+00:00,13.289999961853027,13.289999961853027,13.270000457763672,13.279999732971191,46159,0.0,0.0,0.0
2025-06-19 03:00:00+00:00,13.289999961853027,13.300000190734863,13.289999961853027,13.300000190734863,15266,0.0,0.0,0.0
2025-06-19 03:05:00+00:00,13.300000190734863,13.300000190734863,13.300000190734863,13.300000190734863,13017,0.0,0.0,0.0
2025-06-19 03:10:00+00:00,13.300000190734863,13.3100004196167,13.300000190734863,13.3100004196167,20726,0.0,0.0,0.0
2025-06-19 03:15:00+00:00,13.3100004196167,13.3100004196167,13.3100004196167,13.3100004196167,6514,0.0,0.0,0.0
2025-06-19 03:20:00+00:00,13.319999694824219,13.319999694824219,13.3100004196167,13.3100004196167,3118,0.0,0.0,0.0
2025-06-19 03:25:00+00:00,13.319999694824219,13.319999694824219,13.319999694824219,13.319999694824219,51030,0.0,0.0,0.0
2025-06-19 03:30:00+00:00,13.329999923706055,13.329999923706055,13.319999694824219,13.319999694824219,8375,0.0,0.0,0.0
2025-06-19 03:35:00+00:00,13.319999694824219,13.319999694824219,13.319999694824219,13.319999694824219,26111,0.0,0.0,0.0
2025-06-19 03:40:00+00:00,13.319999694824219,13.329999923706055,13.319999694824219,13.329999923706055,4121,0.0,0.0,0.0
2025-06-19 03:45:00+00:00,13.329999923706055,13.329999923706055,13.319999694824219,13.319999694824219,10522,0.0,0.0,0.0
2025-06-19 03:50:00+00:00,13.319999694824219,13.329999923706055,13.319999694824219,13.319999694824219,4042,0.0,0.0,0.0
2025-06-19 03:55:00+00:00,13.329999923706055,13.329999923706055,13.319999694824219,13.319999694824219,16010,0.0,0.0,0.0
2025-06-19 04:00:00+00:00,13.329999923706055,13.329999923706055,13.319999694824219,13.319999694824219,108054,0.0,0.0,0.0
2025-06-19 04:05:00+00:00,13.319999694824219,13.319999694824219,13.319999694824219,13.319999694824219,2304,0.0,0.0,0.0
2025-06-19 04:10:00+00:00,13.3100004196167,13.3100004196167,13.3100004196167,13.3100004196167,62427,0.0,0.0,0.0
2025-06-19 04:15:00+00:00,13.3100004196167,13.319999694824219,13.3100004196167,13.319999694824219,4806,0.0,0.0,0.0
2025-06-19 04:20:00+00:00,13.3100004196167,13.3100004196167,13.300000190734863,13.300000190734863,47013,0.0,0.0,0.0
2025-06-19 04:25:00+00:00,13.3100004196167,13.3100004196167,13.300000190734863,13.300000190734863,47066,0.0,0.0,0.0
2025-06-19 04:30:00+00:00,13.3100004196167,13.3100004196167,13.300000190734863,13.300000190734863,14673,0.0,0.0,0.0
2025-06-19 04:35:00+00:00,13.300000190734863,13.300000190734863,13.300000190734863,13.300000190734863,13340,0.0,0.0,0.0
2025-06-19 04:40:00+00:00,13.3100004196167,13.3100004196167,13.300000190734863,13.3100004196167,11360,0.0,0.0,0.0
2025-06-19 04:45:00+00:00,13.3100004196167,13.3100004196167,13.300000190734863,13.3100004196167,9384,0.0,0.0,0.0
2025-06-19 04:50:00+00:00,13.300000190734863,13.300000190734863,13.300000190734863,13.300000190734863,6050,0.0,0.0,0.0
2025-06-19 04:55:00+00:00,13.300000190734863,13.300000190734863,13.300000190734863,13.300000190734863,25114,0.0,0.0,0.0
2025-06-19 05:00:00+00:00,13.300000190734863,13.300000190734863,13.289999961853027,13.289999961853027,253122,0.0,0.0,0.0
2025-06-19 05:05:00+00:00,13.289999961853027,13.289999961853027,13.289999961853027,13.289999961853027,39169,0.0,0.0,0.0
2025-06-19 05:10:00+00:00,13.289999961853027,13.289999961853027,13.279999732971191,13.279999732971191,15106,0.0,0.0,0.0
2025-06-19 05:15:00+00:00,13.289999961853027,13.289999961853027,13.279999732971191,13.279999732971191,25727,0.0,0.0,0.0
2025-06-19 05:20:00+00:00,13.289999961853027,13.289999961853027,13.289999961853027,13.289999961853027,19333,0.0,0.0,0.0
2025-06-20 01:00:00+00:00,13.289999961853027,13.300000190734863,13.289999961853027,13.289999961853027,0,0.0,0.0,0.0
2025-06-20 01:05:00+00:00,13.300000190734863,13.300000190734863,13.260000228881836,13.260000228881836,18071,0.0,0.0,0.0
2025-06-20 01:10:00+00:00,13.260000228881836,13.270000457763672,13.25,13.25,45991,0.0,0.0,0.0
2025-06-20 01:15:00+00:00,13.239999771118164,13.25,13.239999771118164,13.239999771118164,64224,0.0,0.0,0.0
2025-06-20 01:20:00+00:00,13.239999771118164,13.25,13.229999542236328,13.239999771118164,60161,0.0,0.0,0.0
2025-06-20 01:25:00+00:00,13.239999771118164,13.239999771118164,13.229999542236328,13.229999542236328,27073,0.0,0.0,0.0
2025-06-20 01:30:00+00:00,13.229999542236328,13.229999542236328,13.210000038146973,13.210000038146973,53814,0.0,0.0,0.0
2025-06-20 01:35:00+00:00,13.199999809265137,13.199999809265137,13.1899995803833,13.1899995803833,421211,0.0,0.0,0.0
2025-06-20 01:40:00+00:00,13.1899995803833,13.199999809265137,13.1899995803833,13.1899995803833,29845,0.0,0.0,0.0
2025-06-20 01:45:00+00:00,13.1899995803833,13.1899995803833,13.180000305175781,13.180000305175781,61016,0.0,0.0,0.0
2025-06-20 01:50:00+00:00,13.180000305175781,13.180000305175781,13.180000305175781,13.180000305175781,6599,0.0,0.0,0.0
2025-06-20 01:55:00+00:00,13.170000076293945,13.170000076293945,13.170000076293945,13.170000076293945,42536,0.0,0.0,0.0
2025-06-20 02:00:00+00:00,13.180000305175781,13.180000305175781,13.180000305175781,13.180000305175781,13738,0.0,0.0,0.0
2025-06-20 02:05:00+00:00,13.180000305175781,13.180000305175781,13.170000076293945,13.180000305175781,11418,0.0,0.0,0.0
2025-06-20 02:10:00+00:00,13.180000305175781,13.180000305175781,13.15999984741211,13.15999984741211,57110,0.0,0.0,0.0
2025-06-20 02:15:00+00:00,13.15999984741211,13.15999984741211,13.149999618530273,13.15999984741211,50335,0.0,0.0,0.0
2025-06-20 02:20:00+00:00,13.15999984741211,13.15999984741211,13.149999618530273,13.15999984741211,16218,0.0,0.0,0.0
2025-06-20 02:25:00+00:00,13.170000076293945,13.170000076293945,13.170000076293945,13.170000076293945,4181,0.0,0.0,0.0
2025-06-20 02:30:00+00:00,13.170000076293945,13.180000305175781,13.170000076293945,13.180000305175781,95314,0.0,0.0,0.0
2025-06-20 02:35:00+00:00,13.1899995803833,13.199999809265137,13.1899995803833,13.199999809265137,36169,0.0,0.0,0.0
2025-06-20 02:40:00+00:00,13.199999809265137,13.199999809265137,13.1899995803833,13.1899995803833,39059,0.0,0.0,0.0
2025-06-20 02:45:00+00:00,13.1899995803833,13.199999809265137,13.1899995803833,13.199999809265137,3174,0.0,0.0,0.0
2025-06-20 02:50:00+00:00,13.199999809265137,13.199999809265137,13.1899995803833,13.1899995803833,151235,0.0,0.0,0.0
2025-06-20 02:55:00+00:00,13.1899995803833,13.1899995803833,13.1899995803833,13.1899995803833,11530,0.0,0.0,0.0
2025-06-20 03:00:00+00:00,13.180000305175781,13.180000305175781,13.180000305175781,13.180000305175781,29266,0.0,0.0,0.0
2025-06-20 03:05:00+00:00,13.180000305175781,13.180000305175781,13.180000305175781,13.180000305175781,3205,0.0,0.0,0.0
2025-06-20 03:10:00+00:00,13.180000305175781,13.180000305175781,13.180000305175781,13.180000305175781,2144,0.0,0.0,0.0
2025-06-20 03:15:00+00:00,13.180000305175781,13.180000305175781,13.170000076293945,13.170000076293945,10387,0.0,0.0,0.0
2025-06-20 03:20:00+00:00,13.180000305175781,13.1899995803833,13.170000076293945,13.1899995803833,6151,0.0,0.0,0.0
2025-06-20 03:25:00+00:00,13.1899995803833,13.1899995803833,13.1899995803833,13.1899995803833,13269,0.0,0.0,0.0
2025-06-20 03:30:00+00:00,13.199999809265137,13.199999809265137,13.199999809265137,13.199999809265137,13686,0.0,0.0,0.0
2025-06-20 03:35:00+00:00,13.199999809265137,13.199999809265137,13.199999809265137,13.199999809265137,38024,0.0,0.0,0.0
2025-06-20 03:40:00+00:00,13.210000038146973,13.220000267028809,13.210000038146973,13.220000267028809,5124,0.0,0.0,0.0
2025-06-20 03:45:00+00:00,13.210000038146973,13.220000267028809,13.210000038146973,13.220000267028809,8320,0.0,0.0,0.0
2025-06-20 03:50:00+00:00,13.210000038146973,13.229999542236328,13.210000038146973,13.229999542236328,74076,0.0,0.0,0.0
2025-06-20 03:55:00+00:00,13.239999771118164,13.25,13.229999542236328,13.25,40063,0.0,0.0,0.0
2025-06-20 04:00:00+00:00,13.25,13.25,13.25,13.25,6053,0.0,0.0,0.0
2025-06-20 04:05:00+00:00,13.25,13.25,13.25,13.25,5187,0.0,0.0,0.0
2025-06-20 04:10:00+00:00,13.25,13.25,13.25,13.25,34137,0.0,0.0,0.0
2025-06-20 04:15:00+00:00,13.25,13.25,13.239999771118164,13.25,5153,0.0,0.0,0.0
2025-06-20 04:20:00+00:00,13.25,13.25,13.239999771118164,13.25,8682,0.0,0.0,0.0
2025-06-20 04:25:00+00:00,13.25,13.25,13.25,13.25,1055,0.0,0.0,0.0
2025-06-20 04:30:00+00:00,13.25,13.25,13.239999771118164,13.239999771118164,4486,0.0,0.0,0.0
2025-06-20 04:35:00+00:00,13.239999771118164,13.239999771118164,13.239999771118164,13.239999771118164,3010,0.0,0.0,0.0
2025-06-20 04:40:00+00:00,13.239999771118164,13.239999771118164,13.220000267028809,13.220000267028809,18183,0.0,0.0,0.0
2025-06-20 04:45:00+00:00,13.210000038146973,13.210000038146973,13.210000038146973,13.210000038146973,19425,0.0,0.0,0.0
2025-06-20 04:50:00+00:00,13.210000038146973,13.229999542236328,13.210000038146973,13.229999542236328,90110,0.0,0.0,0.0
2025-06-20 04:55:00+00:00,13.229999542236328,13.239999771118164,13.229999542236328,13.239999771118164,37694,0.0,0.0,0.0
2025-06-20 05:00:00+00:00,13.239999771118164,13.239999771118164,13.239999771118164,13.239999771118164,3310,0.0,0.0,0.0
2025-06-20 05:05:00+00:00,13.239999771118164,13.239999771118164,13.229999542236328,13.229999542236328,10010,0.0,0.0,0.0
2025-06-20 05:10:00+00:00,13.229999542236328,13.229999542236328,13.229999542236328,13.229999542236328,17398,0.0,0.0,0.0
2025-06-20 05:15:00+00:00,13.229999542236328,13.229999542236328,13.220000267028809,13.229999542236328,5926,0.0,0.0,0.0
2025-06-20 05:20:00+00:00,13.229999542236328,13.229999542236328,13.220000267028809,13.229999542236328,52161,0.0,0.0,0.0
2025-06-23 01:00:00+00:00,13.100000381469727,13.100000381469727,13.050000190734863,13.0600004196167,0,0.0,0.0,0.0
2025-06-23 01:05:00+00:00,13.069999694824219,13.100000381469727,13.0600004196167,13.100000381469727,79317,0.0,0.0,0.0
2025-06-23 01:10:00+00:00,13.119999885559082,13.140000343322754,13.119999885559082,13.130000114440918,77550,0.0,0.0,0.0
2025-06-23 01:15:00+00:00,13.130000114440918,13.130000114440918,13.09000015258789,13.09000015258789,102353,0.0,0.0,0.0
2025-06-23 01:20:00+00:00,13.09000015258789,13.09000015258789,13.069999694824219,13.079999923706055,62594,0.0,0.0,0.0
2025-06-23 01:25:00+00:00,13.079999923706055,13.079999923706055,13.079999923706055,13.079999923706055,32738,0.0,0.0,0.0
2025-06-23 01:30:00+00:00,13.079999923706055,13.09000015258789,13.0600004196167,13.09000015258789,122909,0.0,0.0,0.0
2025-06-23 01:35:00+00:00,13.09000015258789,13.109999656677246,13.09000015258789,13.100000381469727,164084,0.0,0.0,0.0
2025-06-23 01:40:00+00:00,13.09000015258789,13.100000381469727,13.09000015258789,13.09000015258789,28960,0.0,0.0,0.0
2025-06-23 01:45:00+00:00,13.09000015258789,13.109999656677246,13.09000015258789,13.109999656677246,35645,0.0,0.0,0.0
2025-06-23 01:50:00+00:00,13.109999656677246,13.130000114440918,13.109999656677246,13.130000114440918,52325,0.0,0.0,0.0
2025-06-23 01:55:00+00:00,13.130000114440918,13.130000114440918,13.119999885559082,13.119999885559082,11314,0.0,0.0,0.0
2025-06-23 02:00:00+00:00,13.130000114440918,13.130000114440918,13.119999885559082,13.119999885559082,64510,0.0,0.0,0.0
2025-06-23 02:05:00+00:00,13.119999885559082,13.119999885559082,13.109999656677246,13.119999885559082,55814,0.0,0.0,0.0
2025-06-23 02:10:00+00:00,13.140000343322754,13.140000343322754,13.130000114440918,13.130000114440918,7465,0.0,0.0,0.0
2025-06-23 02:15:00+00:00,13.140000343322754,13.140000343322754,13.140000343322754,13.140000343322754,7005,0.0,0.0,0.0
2025-06-23 02:20:00+00:00,13.140000343322754,13.140000343322754,13.130000114440918,13.140000343322754,9758,0.0,0.0,0.0
2025-06-23 02:25:00+00:00,13.140000343322754,13.140000343322754,13.140000343322754,13.140000343322754,5889,0.0,0.0,0.0
2025-06-23 02:30:00+00:00,13.140000343322754,13.140000343322754,13.140000343322754,13.140000343322754,12438,0.0,0.0,0.0
2025-06-23 02:35:00+00:00,13.130000114440918,13.140000343322754,13.130000114440918,13.140000343322754,52234,0.0,0.0,0.0
2025-06-23 02:40:00+00:00,13.149999618530273,13.149999618530273,13.140000343322754,13.140000343322754,13437,0.0,0.0,0.0
2025-06-23 02:45:00+00:00,13.149999618530273,13.149999618530273,13.140000343322754,13.149999618530273,12416,0.0,0.0,0.0
2025-06-23 02:50:00+00:00,13.149999618530273,13.149999618530273,13.149999618530273,13.149999618530273,34382,0.0,0.0,0.0
2025-06-23 02:55:00+00:00,13.149999618530273,13.149999618530273,13.140000343322754,13.140000343322754,14716,0.0,0.0,0.0
2025-06-23 03:00:00+00:00,13.130000114440918,13.149999618530273,13.119999885559082,13.149999618530273,17145,0.0,0.0,0.0
2025-06-23 03:05:00+00:00,13.149999618530273,13.149999618530273,13.130000114440918,13.130000114440918,5183,0.0,0.0,0.0
2025-06-23 03:10:00+00:00,13.149999618530273,13.149999618530273,13.140000343322754,13.140000343322754,22164,0.0,0.0,0.0
2025-06-23 03:15:00+00:00,13.140000343322754,13.149999618530273,13.140000343322754,13.149999618530273,3270,0.0,0.0,0.0
2025-06-23 03:20:00+00:00,13.149999618530273,13.149999618530273,13.140000343322754,13.140000343322754,6138,0.0,0.0,0.0
2025-06-23 03:25:00+00:00,13.140000343322754,13.149999618530273,13.140000343322754,13.149999618530273,3079,0.0,0.0,0.0
2025-06-23 03:30:00+00:00,13.149999618530273,13.15999984741211,13.149999618530273,13.15999984741211,10049,0.0,0.0,0.0
2025-06-23 03:35:00+00:00,13.15999984741211,13.15999984741211,13.15999984741211,13.15999984741211,3206,0.0,0.0,0.0
2025-06-23 03:40:00+00:00,13.15999984741211,13.15999984741211,13.149999618530273,13.149999618530273,5004,0.0,0.0,0.0
2025-06-23 03:45:00+00:00,13.149999618530273,13.15999984741211,13.149999618530273,13.15999984741211,8084,0.0,0.0,0.0
2025-06-23 03:50:00+00:00,13.15999984741211,13.170000076293945,13.149999618530273,13.149999618530273,8091,0.0,0.0,0.0
2025-06-23 03:55:00+00:00,13.170000076293945,13.170000076293945,13.170000076293945,13.170000076293945,4108,0.0,0.0,0.0
2025-06-23 04:00:00+00:00,13.15999984741211,13.15999984741211,13.15999984741211,13.15999984741211,3129,0.0,0.0,0.0
2025-06-23 04:05:00+00:00,13.149999618530273,13.15999984741211,13.149999618530273,13.15999984741211,6565,0.0,0.0,0.0
2025-06-23 04:10:00+00:00,13.15999984741211,13.15999984741211,13.15999984741211,13.15999984741211,3823,0.0,0.0,0.0
2025-06-23 04:15:00+00:00,13.15999984741211,13.15999984741211,13.149999618530273,13.15999984741211,20284,0.0,0.0,0.0
2025-06-23 04:20:00+00:00,13.15999984741211,13.15999984741211,13.149999618530273,13.15999984741211,7110,0.0,0.0,0.0
2025-06-23 04:25:00+00:00,13.15999984741211,13.15999984741211,13.149999618530273,13.149999618530273,22061,0.0,0.0,0.0
2025-06-23 04:30:00+00:00,13.15999984741211,13.15999984741211,13.149999618530273,13.15999984741211,38328,0.0,0.0,0.0
2025-06-23 04:35:00+00:00,13.15999984741211,13.15999984741211,13.15999984741211,13.15999984741211,11100,0.0,0.0,0.0
2025-06-23 04:40:00+00:00,13.15999984741211,13.15999984741211,13.15999984741211,13.15999984741211,14300,0.0,0.0,0.0
2025-06-23 04:45:00+00:00,13.15999984741211,13.170000076293945,13.15999984741211,13.170000076293945,32080,0.0,0.0,0.0
2025-06-23 04:50:00+00:00,13.170000076293945,13.170000076293945,13.149999618530273,13.149999618530273,16209,0.0,0.0,0.0
2025-06-23 04:55:00+00:00,13.149999618530273,13.170000076293945,13.149999618530273,13.170000076293945,5486,0.0,0.0,0.0
2025-06-23 05:00:00+00:00,13.15999984741211,13.15999984741211,13.149999618530273,13.15999984741211,57116,0.0,0.0,0.0
2025-06-23 05:05:00+00:00,13.15999984741211,13.1899995803833,13.15999984741211,13.1899995803833,42311,0.0,0.0,0.0
2025-06-23 05:10:00+00:00,13.170000076293945,13.180000305175781,13.15999984741211,13.180000305175781,107044,0.0,0.0,0.0
2025-06-23 05:15:00+00:00,13.1899995803833,13.199999809265137,13.180000305175781,13.199999809265137,169805,0.0,0.0,0.0
2025-06-23 05:20:00+00:00,13.199999809265137,13.199999809265137,13.1899995803833,13.1899995803833,16791,0.0,0.0,0.0
2025-06-24 01:00:00+00:00,13.390000343322754,13.390000343322754,13.390000343322754,13.390000343322754,0,0.0,0.0,0.0
2025-06-24 01:05:00+00:00,13.390000343322754,13.449999809265137,13.390000343322754,13.430000305175781,429000,0.0,0.0,0.0
2025-06-24 01:10:00+00:00,13.430000305175781,13.430000305175781,13.420000076293945,13.420000076293945,191530,0.0,0.0,0.0
2025-06-24 01:15:00+00:00,13.420000076293945,13.449999809265137,13.420000076293945,13.449999809265137,225862,0.0,0.0,0.0
2025-06-24 01:20:00+00:00,13.449999809265137,13.449999809265137,13.4399995803833,13.4399995803833,57549,0.0,0.0,0.0
2025-06-24 01:25:00+00:00,13.4399995803833,13.449999809265137,13.420000076293945,13.420000076293945,120198,0.0,0.0,0.0
2025-06-24 01:30:00+00:00,13.420000076293945,13.420000076293945,13.40999984741211,13.40999984741211,25078,0.0,0.0,0.0
2025-06-24 01:35:00+00:00,13.40999984741211,13.40999984741211,13.40999984741211,13.40999984741211,60044,0.0,0.0,0.0
2025-06-24 01:40:00+00:00,13.420000076293945,13.4399995803833,13.420000076293945,13.4399995803833,146069,0.0,0.0,0.0
2025-06-24 01:45:00+00:00,13.4399995803833,13.449999809265137,13.430000305175781,13.4399995803833,88644,0.0,0.0,0.0
2025-06-24 01:50:00+00:00,13.4399995803833,13.4399995803833,13.430000305175781,13.430000305175781,39109,0.0,0.0,0.0
2025-06-24 01:55:00+00:00,13.4399995803833,13.449999809265137,13.430000305175781,13.430000305175781,85034,0.0,0.0,0.0
2025-06-24 02:00:00+00:00,13.4399995803833,13.4399995803833,13.430000305175781,13.4399995803833,16014,0.0,0.0,0.0
2025-06-24 02:05:00+00:00,13.430000305175781,13.430000305175781,13.40999984741211,13.40999984741211,49718,0.0,0.0,0.0
2025-06-24 02:10:00+00:00,13.40999984741211,13.40999984741211,13.40999984741211,13.40999984741211,23447,0.0,0.0,0.0
2025-06-24 02:15:00+00:00,13.399999618530273,13.399999618530273,13.390000343322754,13.390000343322754,335029,0.0,0.0,0.0
2025-06-24 02:20:00+00:00,13.390000343322754,13.399999618530273,13.390000343322754,13.399999618530273,19240,0.0,0.0,0.0
2025-06-24 02:25:00+00:00,13.390000343322754,13.390000343322754,13.390000343322754,13.390000343322754,7068,0.0,0.0,0.0
2025-06-24 02:30:00+00:00,13.399999618530273,13.399999618530273,13.399999618530273,13.399999618530273,49199,0.0,0.0,0.0
2025-06-24 02:35:00+00:00,13.399999618530273,13.399999618530273,13.390000343322754,13.390000343322754,4040,0.0,0.0,0.0
2025-06-24 02:40:00+00:00,13.390000343322754,13.390000343322754,13.390000343322754,13.390000343322754,15336,0.0,0.0,0.0
2025-06-24 02:45:00+00:00,13.390000343322754,13.390000343322754,13.390000343322754,13.390000343322754,3016,0.0,0.0,0.0
2025-06-24 02:50:00+00:00,13.390000343322754,13.390000343322754,13.390000343322754,13.390000343322754,3302,0.0,0.0,0.0
2025-06-24 02:55:00+00:00,13.390000343322754,13.399999618530273,13.390000343322754,13.399999618530273,24196,0.0,0.0,0.0
2025-06-24 03:00:00+00:00,13.399999618530273,13.399999618530273,13.399999618530273,13.399999618530273,52045,0.0,0.0,0.0
2025-06-24 03:05:00+00:00,13.399999618530273,13.399999618530273,13.399999618530273,13.399999618530273,23137,0.0,0.0,0.0
2025-06-24 03:10:00+00:00,13.399999618530273,13.420000076293945,13.399999618530273,13.420000076293945,179260,0.0,0.0,0.0
2025-06-24 03:15:00+00:00,13.40999984741211,13.430000305175781,13.40999984741211,13.420000076293945,67415,0.0,0.0,0.0
2025-06-24 03:20:00+00:00,13.420000076293945,13.4399995803833,13.420000076293945,13.430000305175781,59793,0.0,0.0,0.0
2025-06-24 03:25:00+00:00,13.430000305175781,13.430000305175781,13.430000305175781,13.430000305175781,19313,0.0,0.0,0.0
2025-06-24 03:30:00+00:00,13.4399995803833,13.4399995803833,13.430000305175781,13.4399995803833,114701,0.0,0.0,0.0
2025-06-24 03:35:00+00:00,13.4399995803833,13.449999809265137,13.4399995803833,13.449999809265137,5016,0.0,0.0,0.0
2025-06-24 03:40:00+00:00,13.4399995803833,13.449999809265137,13.4399995803833,13.449999809265137,21678,0.0,0.0,0.0
2025-06-24 03:45:00+00:00,13.4399995803833,13.449999809265137,13.4399995803833,13.449999809265137,83005,0.0,0.0,0.0
2025-06-24 03:50:00+00:00,13.449999809265137,13.449999809265137,13.4399995803833,13.4399995803833,19137,0.0,0.0,0.0
2025-06-24 03:55:00+00:00,13.4399995803833,13.4399995803833,13.4399995803833,13.4399995803833,22027,0.0,0.0,0.0
2025-06-24 04:00:00+00:00,13.4399995803833,13.4399995803833,13.4399995803833,13.4399995803833,4042,0.0,0.0,0.0
2025-06-24 04:05:00+00:00,13.430000305175781,13.4399995803833,13.430000305175781,13.4399995803833,13038,0.0,0.0,0.0
2025-06-24 04:10:00+00:00,13.430000305175781,13.4399995803833,13.430000305175781,13.430000305175781,28758,0.0,0.0,0.0
2025-06-24 04:20:00+00:00,13.420000076293945,13.430000305175781,13.420000076293945,13.420000076293945,87541,0.0,0.0,0.0
2025-06-24 04:25:00+00:00,13.420000076293945,13.420000076293945,13.420000076293945,13.420000076293945,46110,0.0,0.0,0.0
2025-06-24 04:30:00+00:00,13.430000305175781,13.430000305175781,13.420000076293945,13.420000076293945,5413,0.0,0.0,0.0
2025-06-24 04:35:00+00:00,13.420000076293945,13.420000076293945,13.420000076293945,13.420000076293945,31160,0.0,0.0,0.0
2025-06-24 04:40:00+00:00,13.430000305175781,13.4399995803833,13.420000076293945,13.430000305175781,86771,0.0,0.0,0.0
2025-06-24 04:45:00+00:00,13.430000305175781,13.430000305175781,13.430000305175781,13.430000305175781,6610,0.0,0.0,0.0
2025-06-24 04:50:00+00:00,13.4399995803833,13.4399995803833,13.4399995803833,13.4399995803833,611601,0.0,0.0,0.0
2025-06-24 04:55:00+00:00,13.4399995803833,13.449999809265137,13.4399995803833,13.4399995803833,29115,0.0,0.0,0.0
2025-06-24 05:00:00+00:00,13.4399995803833,13.449999809265137,13.4399995803833,13.4399995803833,28795,0.0,0.0,0.0
2025-06-24 05:05:00+00:00,13.4399995803833,13.4399995803833,13.4399995803833,13.4399995803833,17177,0.0,0.0,0.0
2025-06-24 05:10:00+00:00,13.4399995803833,13.4399995803833,13.4399995803833,13.4399995803833,9168,0.0,0.0,0.0
2025-06-24 05:15:00+00:00,13.449999809265137,13.449999809265137,13.4399995803833,13.4399995803833,11658,0.0,0.0,0.0
2025-06-24 05:20:00+00:00,13.4399995803833,13.4399995803833,13.430000305175781,13.4399995803833,79297,0.0,0.0,0.0
2025-06-25 01:00:00+00:00,13.550000190734863,13.5600004196167,13.539999961853027,13.550000190734863,0,0.0,0.0,0.0
2025-06-25 01:05:00+00:00,13.550000190734863,13.550000190734863,13.529999732971191,13.539999961853027,129000,0.0,0.0,0.0
2025-06-25 01:10:00+00:00,13.539999961853027,13.550000190734863,13.539999961853027,13.550000190734863,144945,0.0,0.0,0.0
2025-06-25 01:15:00+00:00,13.539999961853027,13.539999961853027,13.539999961853027,13.539999961853027,130078,0.0,0.0,0.0
2025-06-25 01:20:00+00:00,13.539999961853027,13.539999961853027,13.529999732971191,13.529999732971191,38251,0.0,0.0,0.0
2025-06-25 01:25:00+00:00,13.529999732971191,13.529999732971191,13.520000457763672,13.520000457763672,22000,0.0,0.0,0.0
2025-06-25 01:30:00+00:00,13.529999732971191,13.539999961853027,13.520000457763672,13.539999961853027,216570,0.0,0.0,0.0
2025-06-25 01:35:00+00:00,13.539999961853027,13.550000190734863,13.520000457763672,13.520000457763672,202471,0.0,0.0,0.0
2025-06-25 01:40:00+00:00,13.529999732971191,13.539999961853027,13.529999732971191,13.529999732971191,247213,0.0,0.0,0.0
2025-06-25 01:45:00+00:00,13.529999732971191,13.539999961853027,13.529999732971191,13.529999732971191,36433,0.0,0.0,0.0
2025-06-25 01:50:00+00:00,13.529999732971191,13.529999732971191,13.520000457763672,13.529999732971191,24842,0.0,0.0,0.0
2025-06-25 01:55:00+00:00,13.520000457763672,13.529999732971191,13.520000457763672,13.520000457763672,13163,0.0,0.0,0.0
2025-06-25 02:00:00+00:00,13.529999732971191,13.529999732971191,13.520000457763672,13.520000457763672,50623,0.0,0.0,0.0
2025-06-25 02:05:00+00:00,13.520000457763672,13.529999732971191,13.520000457763672,13.520000457763672,70407,0.0,0.0,0.0
2025-06-25 02:10:00+00:00,13.529999732971191,13.539999961853027,13.529999732971191,13.529999732971191,266346,0.0,0.0,0.0
2025-06-25 02:15:00+00:00,13.539999961853027,13.539999961853027,13.529999732971191,13.529999732971191,85617,0.0,0.0,0.0
2025-06-25 02:20:00+00:00,13.529999732971191,13.539999961853027,13.529999732971191,13.529999732971191,13513,0.0,0.0,0.0
2025-06-25 02:25:00+00:00,13.520000457763672,13.520000457763672,13.520000457763672,13.520000457763672,2011,0.0,0.0,0.0
2025-06-25 02:30:00+00:00,13.520000457763672,13.529999732971191,13.520000457763672,13.520000457763672,43480,0.0,0.0,0.0
2025-06-25 02:35:00+00:00,13.520000457763672,13.529999732971191,13.520000457763672,13.520000457763672,88046,0.0,0.0,0.0
2025-06-25 02:40:00+00:00,13.529999732971191,13.529999732971191,13.520000457763672,13.520000457763672,47068,0.0,0.0,0.0
2025-06-25 02:45:00+00:00,13.520000457763672,13.529999732971191,13.520000457763672,13.529999732971191,2098,0.0,0.0,0.0
2025-06-25 02:50:00+00:00,13.520000457763672,13.529999732971191,13.520000457763672,13.520000457763672,65048,0.0,0.0,0.0
2025-06-25 02:55:00+00:00,13.520000457763672,13.529999732971191,13.520000457763672,13.529999732971191,13087,0.0,0.0,0.0
2025-06-25 03:00:00+00:00,13.539999961853027,13.539999961853027,13.529999732971191,13.529999732971191,4135,0.0,0.0,0.0
2025-06-25 03:05:00+00:00,13.539999961853027,13.539999961853027,13.529999732971191,13.539999961853027,20265,0.0,0.0,0.0
2025-06-25 03:10:00+00:00,13.520000457763672,13.539999961853027,13.520000457763672,13.539999961853027,6027,0.0,0.0,0.0
2025-06-25 03:15:00+00:00,13.529999732971191,13.539999961853027,13.520000457763672,13.539999961853027,21280,0.0,0.0,0.0
2025-06-25 03:20:00+00:00,13.520000457763672,13.550000190734863,13.520000457763672,13.550000190734863,533109,0.0,0.0,0.0
2025-06-25 03:25:00+00:00,13.550000190734863,13.550000190734863,13.550000190734863,13.550000190734863,173187,0.0,0.0,0.0
2025-06-25 03:30:00+00:00,13.5600004196167,13.5600004196167,13.550000190734863,13.5600004196167,523285,0.0,0.0,0.0
2025-06-25 03:35:00+00:00,13.5600004196167,13.5600004196167,13.5600004196167,13.5600004196167,20212,0.0,0.0,0.0
2025-06-25 03:40:00+00:00,13.550000190734863,13.5600004196167,13.550000190734863,13.5600004196167,29027,0.0,0.0,0.0
2025-06-25 03:45:00+00:00,13.5600004196167,13.5600004196167,13.550000190734863,13.550000190734863,19037,0.0,0.0,0.0
2025-06-25 03:50:00+00:00,13.550000190734863,13.550000190734863,13.550000190734863,13.550000190734863,62194,0.0,0.0,0.0
2025-06-25 03:55:00+00:00,13.550000190734863,13.5600004196167,13.550000190734863,13.550000190734863,28192,0.0,0.0,0.0
2025-06-25 04:00:00+00:00,13.550000190734863,13.550000190734863,13.550000190734863,13.550000190734863,30126,0.0,0.0,0.0
2025-06-25 04:05:00+00:00,13.539999961853027,13.550000190734863,13.529999732971191,13.529999732971191,28112,0.0,0.0,0.0
2025-06-25 04:10:00+00:00,13.529999732971191,13.529999732971191,13.529999732971191,13.529999732971191,23568,0.0,0.0,0.0
2025-06-25 04:15:00+00:00,13.529999732971191,13.539999961853027,13.529999732971191,13.529999732971191,31774,0.0,0.0,0.0
2025-06-25 04:20:00+00:00,13.529999732971191,13.529999732971191,13.529999732971191,13.529999732971191,17095,0.0,0.0,0.0
2025-06-25 04:25:00+00:00,13.529999732971191,13.539999961853027,13.529999732971191,13.539999961853027,21809,0.0,0.0,0.0
2025-06-25 04:30:00+00:00,13.539999961853027,13.539999961853027,13.529999732971191,13.529999732971191,8903,0.0,0.0,0.0
2025-06-25 04:35:00+00:00,13.539999961853027,13.539999961853027,13.539999961853027,13.539999961853027,112738,0.0,0.0,0.0
2025-06-25 04:40:00+00:00,13.539999961853027,13.539999961853027,13.539999961853027,13.539999961853027,39175,0.0,0.0,0.0
2025-06-25 04:45:00+00:00,13.539999961853027,13.550000190734863,13.539999961853027,13.550000190734863,82800,0.0,0.0,0.0
2025-06-25 04:50:00+00:00,13.539999961853027,13.550000190734863,13.539999961853027,13.550000190734863,13270,0.0,0.0,0.0
2025-06-25 04:55:00+00:00,13.550000190734863,13.550000190734863,13.539999961853027,13.550000190734863,166937,0.0,0.0,0.0
2025-06-25 05:00:00+00:00,13.539999961853027,13.550000190734863,13.539999961853027,13.550000190734863,56140,0.0,0.0,0.0
2025-06-25 05:05:00+00:00,13.550000190734863,13.5600004196167,13.550000190734863,13.5600004196167,71510,0.0,0.0,0.0
2025-06-25 05:10:00+00:00,13.5600004196167,13.569999694824219,13.5600004196167,13.5600004196167,196492,0.0,0.0,0.0
2025-06-25 05:15:00+00:00,13.5600004196167,13.5600004196167,13.550000190734863,13.550000190734863,73302,0.0,0.0,0.0
2025-06-25 05:20:00+00:00,13.5600004196167,13.5600004196167,13.550000190734863,13.550000190734863,35566,0.0,0.0,0.0
2025-06-26 01:00:00+00:00,13.579999923706055,13.579999923706055,13.569999694824219,13.569999694824219,0,0.0,0.0,0.0
2025-06-26 01:05:00+00:00,13.579999923706055,13.600000381469727,13.579999923706055,13.59000015258789,65000,0.0,0.0,0.0
2025-06-26 01:10:00+00:00,13.600000381469727,13.609999656677246,13.579999923706055,13.600000381469727,589857,0.0,0.0,0.0
2025-06-26 01:15:00+00:00,13.600000381469727,13.609999656677246,13.600000381469727,13.609999656677246,50515,0.0,0.0,0.0
2025-06-26 01:20:00+00:00,13.619999885559082,13.619999885559082,13.619999885559082,13.619999885559082,33426,0.0,0.0,0.0
2025-06-26 01:25:00+00:00,13.600000381469727,13.600000381469727,13.600000381469727,13.600000381469727,21956,0.0,0.0,0.0
2025-06-26 01:30:00+00:00,13.609999656677246,13.609999656677246,13.59000015258789,13.59000015258789,43015,0.0,0.0,0.0
2025-06-26 01:35:00+00:00,13.579999923706055,13.579999923706055,13.569999694824219,13.569999694824219,24769,0.0,0.0,0.0
2025-06-26 01:40:00+00:00,13.579999923706055,13.579999923706055,13.579999923706055,13.579999923706055,4345,0.0,0.0,0.0
2025-06-26 01:45:00+00:00,13.579999923706055,13.59000015258789,13.579999923706055,13.59000015258789,65581,0.0,0.0,0.0
2025-06-26 01:50:00+00:00,13.579999923706055,13.59000015258789,13.569999694824219,13.569999694824219,66106,0.0,0.0,0.0
2025-06-26 01:55:00+00:00,13.579999923706055,13.579999923706055,13.5600004196167,13.5600004196167,3164,0.0,0.0,0.0
2025-06-26 02:00:00+00:00,13.5600004196167,13.579999923706055,13.5600004196167,13.579999923706055,186357,0.0,0.0,0.0
2025-06-26 02:05:00+00:00,13.59000015258789,13.600000381469727,13.579999923706055,13.600000381469727,179355,0.0,0.0,0.0
2025-06-26 02:10:00+00:00,13.600000381469727,13.619999885559082,13.600000381469727,13.619999885559082,339359,0.0,0.0,0.0
2025-06-26 02:15:00+00:00,13.619999885559082,13.640000343322754,13.619999885559082,13.619999885559082,186798,0.0,0.0,0.0
2025-06-26 02:20:00+00:00,13.630000114440918,13.640000343322754,13.609999656677246,13.619999885559082,520635,0.0,0.0,0.0
2025-06-26 02:25:00+00:00,13.619999885559082,13.619999885559082,13.609999656677246,13.609999656677246,3032,0.0,0.0,0.0
2025-06-26 02:30:00+00:00,13.619999885559082,13.619999885559082,13.619999885559082,13.619999885559082,3127,0.0,0.0,0.0
2025-06-26 02:35:00+00:00,13.609999656677246,13.609999656677246,13.600000381469727,13.600000381469727,29340,0.0,0.0,0.0
2025-06-26 02:40:00+00:00,13.600000381469727,13.600000381469727,13.59000015258789,13.59000015258789,31217,0.0,0.0,0.0
2025-06-26 02:45:00+00:00,13.600000381469727,13.600000381469727,13.579999923706055,13.579999923706055,45188,0.0,0.0,0.0
2025-06-26 02:50:00+00:00,13.59000015258789,13.600000381469727,13.579999923706055,13.600000381469727,70251,0.0,0.0,0.0
2025-06-26 02:55:00+00:00,13.600000381469727,13.600000381469727,13.600000381469727,13.600000381469727,2010,0.0,0.0,0.0
2025-06-26 03:00:00+00:00,13.600000381469727,13.600000381469727,13.59000015258789,13.59000015258789,6980,0.0,0.0,0.0
2025-06-26 03:05:00+00:00,13.59000015258789,13.59000015258789,13.59000015258789,13.59000015258789,553838,0.0,0.0,0.0
2025-06-26 03:10:00+00:00,13.59000015258789,13.59000015258789,13.579999923706055,13.579999923706055,20034,0.0,0.0,0.0
2025-06-26 03:15:00+00:00,13.579999923706055,13.579999923706055,13.569999694824219,13.569999694824219,5047,0.0,0.0,0.0
2025-06-26 03:20:00+00:00,13.579999923706055,13.579999923706055,13.569999694824219,13.579999923706055,27132,0.0,0.0,0.0
2025-06-26 03:25:00+00:00,13.579999923706055,13.579999923706055,13.579999923706055,13.579999923706055,8027,0.0,0.0,0.0
2025-06-26 03:30:00+00:00,13.59000015258789,13.59000015258789,13.569999694824219,13.569999694824219,122037,0.0,0.0,0.0
2025-06-26 03:35:00+00:00,13.579999923706055,13.579999923706055,13.579999923706055,13.579999923706055,27331,0.0,0.0,0.0
2025-06-26 03:40:00+00:00,13.59000015258789,13.59000015258789,13.579999923706055,13.579999923706055,409278,0.0,0.0,0.0
2025-06-26 03:45:00+00:00,13.579999923706055,13.579999923706055,13.569999694824219,13.569999694824219,405017,0.0,0.0,0.0
2025-06-26 03:50:00+00:00,13.579999923706055,13.579999923706055,13.569999694824219,13.569999694824219,8223,0.0,0.0,0.0
2025-06-26 03:55:00+00:00,13.579999923706055,13.579999923706055,13.569999694824219,13.569999694824219,20026,0.0,0.0,0.0
2025-06-26 04:00:00+00:00,13.569999694824219,13.569999694824219,13.5600004196167,13.5600004196167,9803,0.0,0.0,0.0
2025-06-26 04:05:00+00:00,13.569999694824219,13.569999694824219,13.569999694824219,13.569999694824219,24580,0.0,0.0,0.0
2025-06-26 04:10:00+00:00,13.569999694824219,13.579999923706055,13.569999694824219,13.579999923706055,3668,0.0,0.0,0.0
2025-06-26 04:20:00+00:00,13.579999923706055,13.579999923706055,13.569999694824219,13.569999694824219,10630,0.0,0.0,0.0
2025-06-26 04:25:00+00:00,13.579999923706055,13.579999923706055,13.569999694824219,13.569999694824219,32027,0.0,0.0,0.0
2025-06-26 04:30:00+00:00,13.579999923706055,13.579999923706055,13.569999694824219,13.569999694824219,13431,0.0,0.0,0.0
2025-06-26 04:35:00+00:00,13.569999694824219,13.569999694824219,13.569999694824219,13.569999694824219,27570,0.0,0.0,0.0
2025-06-26 04:40:00+00:00,13.569999694824219,13.569999694824219,13.569999694824219,13.569999694824219,5020,0.0,0.0,0.0
2025-06-26 04:45:00+00:00,13.569999694824219,13.579999923706055,13.569999694824219,13.579999923706055,186321,0.0,0.0,0.0
2025-06-26 04:50:00+00:00,13.569999694824219,13.569999694824219,13.569999694824219,13.569999694824219,53120,0.0,0.0,0.0
2025-06-26 04:55:00+00:00,13.569999694824219,13.579999923706055,13.569999694824219,13.579999923706055,22491,0.0,0.0,0.0
2025-06-26 05:00:00+00:00,13.579999923706055,13.579999923706055,13.569999694824219,13.579999923706055,145124,0.0,0.0,0.0
2025-06-26 05:05:00+00:00,13.579999923706055,13.579999923706055,13.569999694824219,13.569999694824219,408104,0.0,0.0,0.0
2025-06-26 05:10:00+00:00,13.569999694824219,13.579999923706055,13.569999694824219,13.579999923706055,12863,0.0,0.0,0.0
2025-06-26 05:15:00+00:00,13.579999923706055,13.579999923706055,13.5600004196167,13.5600004196167,84183,0.0,0.0,0.0
2025-06-26 05:20:00+00:00,13.5600004196167,13.5600004196167,13.5600004196167,13.5600004196167,26765,0.0,0.0,0.0
2025-06-27 01:00:00+00:00,13.59000015258789,13.609999656677246,13.59000015258789,13.600000381469727,0,0.0,0.0,0.0
2025-06-27 01:05:00+00:00,13.600000381469727,13.600000381469727,13.569999694824219,13.579999923706055,15991,0.0,0.0,0.0
2025-06-27 01:10:00+00:00,13.579999923706055,13.579999923706055,13.569999694824219,13.569999694824219,50457,0.0,0.0,0.0
2025-06-27 01:15:00+00:00,13.569999694824219,13.569999694824219,13.569999694824219,13.569999694824219,11070,0.0,0.0,0.0
2025-06-27 01:20:00+00:00,13.569999694824219,13.579999923706055,13.5600004196167,13.5600004196167,125013,0.0,0.0,0.0
2025-06-27 01:25:00+00:00,13.550000190734863,13.579999923706055,13.550000190734863,13.579999923706055,35135,0.0,0.0,0.0
2025-06-27 01:30:00+00:00,13.569999694824219,13.569999694824219,13.550000190734863,13.550000190734863,210680,0.0,0.0,0.0
2025-06-27 01:35:00+00:00,13.550000190734863,13.550000190734863,13.539999961853027,13.550000190734863,20213,0.0,0.0,0.0
2025-06-27 01:40:00+00:00,13.550000190734863,13.5600004196167,13.539999961853027,13.5600004196167,33104,0.0,0.0,0.0
2025-06-27 01:45:00+00:00,13.5600004196167,13.5600004196167,13.5600004196167,13.5600004196167,12029,0.0,0.0,0.0
2025-06-27 01:50:00+00:00,13.550000190734863,13.550000190734863,13.550000190734863,13.550000190734863,11391,0.0,0.0,0.0
2025-06-27 01:55:00+00:00,13.5600004196167,13.5600004196167,13.5600004196167,13.5600004196167,24541,0.0,0.0,0.0
2025-06-27 02:00:00+00:00,13.569999694824219,13.569999694824219,13.5600004196167,13.5600004196167,304018,0.0,0.0,0.0
2025-06-27 02:05:00+00:00,13.550000190734863,13.5600004196167,13.550000190734863,13.5600004196167,401030,0.0,0.0,0.0
2025-06-27 02:10:00+00:00,13.550000190734863,13.550000190734863,13.550000190734863,13.550000190734863,43059,0.0,0.0,0.0
2025-06-27 02:15:00+00:00,13.5600004196167,13.5600004196167,13.5600004196167,13.5600004196167,52830,0.0,0.0,0.0
2025-06-27 02:20:00+00:00,13.5600004196167,13.569999694824219,13.5600004196167,13.5600004196167,9658,0.0,0.0,0.0
2025-06-27 02:25:00+00:00,13.5600004196167,13.569999694824219,13.5600004196167,13.5600004196167,374108,0.0,0.0,0.0
2025-06-27 02:30:00+00:00,13.550000190734863,13.5600004196167,13.550000190734863,13.5600004196167,6019,0.0,0.0,0.0
2025-06-27 02:35:00+00:00,13.550000190734863,13.550000190734863,13.529999732971191,13.529999732971191,634224,0.0,0.0,0.0
2025-06-27 02:40:00+00:00,13.529999732971191,13.539999961853027,13.529999732971191,13.529999732971191,19228,0.0,0.0,0.0
2025-06-27 02:45:00+00:00,13.539999961853027,13.550000190734863,13.529999732971191,13.539999961853027,51595,0.0,0.0,0.0
2025-06-27 02:50:00+00:00,13.539999961853027,13.539999961853027,13.539999961853027,13.539999961853027,3154,0.0,0.0,0.0
2025-06-27 02:55:00+00:00,13.539999961853027,13.539999961853027,13.529999732971191,13.539999961853027,19258,0.0,0.0,0.0
2025-06-27 03:00:00+00:00,13.539999961853027,13.539999961853027,13.539999961853027,13.539999961853027,14019,0.0,0.0,0.0
2025-06-27 03:05:00+00:00,13.539999961853027,13.550000190734863,13.539999961853027,13.550000190734863,4044,0.0,0.0,0.0
2025-06-27 03:10:00+00:00,13.539999961853027,13.539999961853027,13.529999732971191,13.529999732971191,45019,0.0,0.0,0.0
2025-06-27 03:15:00+00:00,13.529999732971191,13.529999732971191,13.529999732971191,13.529999732971191,6038,0.0,0.0,0.0
2025-06-27 03:20:00+00:00,13.529999732971191,13.529999732971191,13.529999732971191,13.529999732971191,6029,0.0,0.0,0.0
2025-06-27 03:25:00+00:00,13.529999732971191,13.529999732971191,13.520000457763672,13.529999732971191,254109,0.0,0.0,0.0
2025-06-27 03:30:00+00:00,13.529999732971191,13.529999732971191,13.529999732971191,13.529999732971191,1221,0.0,0.0,0.0
2025-06-27 03:35:00+00:00,13.529999732971191,13.529999732971191,13.529999732971191,13.529999732971191,9395,0.0,0.0,0.0
2025-06-27 03:40:00+00:00,13.529999732971191,13.529999732971191,13.520000457763672,13.520000457763672,12020,0.0,0.0,0.0
2025-06-27 03:45:00+00:00,13.529999732971191,13.529999732971191,13.520000457763672,13.520000457763672,8119,0.0,0.0,0.0
2025-06-27 03:50:00+00:00,13.510000228881836,13.520000457763672,13.510000228881836,13.510000228881836,55115,0.0,0.0,0.0
2025-06-27 03:55:00+00:00,13.520000457763672,13.520000457763672,13.520000457763672,13.520000457763672,10037,0.0,0.0,0.0
2025-06-27 04:00:00+00:00,13.520000457763672,13.520000457763672,13.520000457763672,13.520000457763672,41236,0.0,0.0,0.0
2025-06-27 04:05:00+00:00,13.520000457763672,13.529999732971191,13.520000457763672,13.529999732971191,18461,0.0,0.0,0.0
2025-06-27 04:10:00+00:00,13.520000457763672,13.539999961853027,13.520000457763672,13.539999961853027,93126,0.0,0.0,0.0
2025-06-27 04:15:00+00:00,13.520000457763672,13.529999732971191,13.520000457763672,13.529999732971191,2036,0.0,0.0,0.0
2025-06-27 04:20:00+00:00,13.529999732971191,13.539999961853027,13.529999732971191,13.539999961853027,5044,0.0,0.0,0.0
2025-06-27 04:25:00+00:00,13.539999961853027,13.539999961853027,13.539999961853027,13.539999961853027,44741,0.0,0.0,0.0
2025-06-27 04:30:00+00:00,13.550000190734863,13.550000190734863,13.539999961853027,13.550000190734863,107845,0.0,0.0,0.0
2025-06-27 04:35:00+00:00,13.550000190734863,13.569999694824219,13.550000190734863,13.569999694824219,65560,0.0,0.0,0.0
2025-06-27 04:40:00+00:00,13.579999923706055,13.579999923706055,13.5600004196167,13.569999694824219,17110,0.0,0.0,0.0
2025-06-27 04:45:00+00:00,13.569999694824219,13.569999694824219,13.569999694824219,13.569999694824219,21260,0.0,0.0,0.0
2025-06-27 04:50:00+00:00,13.5600004196167,13.569999694824219,13.5600004196167,13.569999694824219,19068,0.0,0.0,0.0
2025-06-27 05:00:00+00:00,13.569999694824219,13.569999694824219,13.569999694824219,13.569999694824219,1298,0.0,0.0,0.0
2025-06-27 05:05:00+00:00,13.5600004196167,13.569999694824219,13.5600004196167,13.569999694824219,27010,0.0,0.0,0.0
2025-06-27 05:10:00+00:00,13.5600004196167,13.5600004196167,13.5600004196167,13.5600004196167,46597,0.0,0.0,0.0
2025-06-27 05:15:00+00:00,13.569999694824219,13.569999694824219,13.550000190734863,13.550000190734863,6750,0.0,0.0,0.0
2025-06-27 05:20:00+00:00,13.550000190734863,13.5600004196167,13.550000190734863,13.5600004196167,66406,0.0,0.0,0.0
2025-06-30 01:00:00+00:00,13.600000381469727,13.609999656677246,13.569999694824219,13.569999694824219,0,0.0,0.0,0.0
2025-06-30 01:05:00+00:00,13.5600004196167,13.579999923706055,13.550000190734863,13.579999923706055,137864,0.0,0.0,0.0
2025-06-30 01:10:00+00:00,13.5600004196167,13.579999923706055,13.5600004196167,13.569999694824219,90646,0.0,0.0,0.0
2025-06-30 01:15:00+00:00,13.579999923706055,13.579999923706055,13.5600004196167,13.569999694824219,126890,0.0,0.0,0.0
2025-06-30 01:20:00+00:00,13.5600004196167,13.579999923706055,13.5600004196167,13.579999923706055,78055,0.0,0.0,0.0
2025-06-30 01:25:00+00:00,13.579999923706055,13.579999923706055,13.5600004196167,13.569999694824219,9289,0.0,0.0,0.0
2025-06-30 01:30:00+00:00,13.579999923706055,13.579999923706055,13.569999694824219,13.569999694824219,21437,0.0,0.0,0.0
2025-06-30 01:35:00+00:00,13.579999923706055,13.579999923706055,13.569999694824219,13.579999923706055,249692,0.0,0.0,0.0
2025-06-30 01:40:00+00:00,13.59000015258789,13.59000015258789,13.579999923706055,13.579999923706055,17293,0.0,0.0,0.0
2025-06-30 01:45:00+00:00,13.579999923706055,13.59000015258789,13.579999923706055,13.59000015258789,27137,0.0,0.0,0.0
2025-06-30 01:50:00+00:00,13.59000015258789,13.59000015258789,13.579999923706055,13.579999923706055,3044,0.0,0.0,0.0
2025-06-30 01:55:00+00:00,13.569999694824219,13.579999923706055,13.569999694824219,13.569999694824219,16422,0.0,0.0,0.0
2025-06-30 02:00:00+00:00,13.579999923706055,13.579999923706055,13.579999923706055,13.579999923706055,4151,0.0,0.0,0.0
2025-06-30 02:05:00+00:00,13.579999923706055,13.579999923706055,13.569999694824219,13.569999694824219,8250,0.0,0.0,0.0
2025-06-30 02:10:00+00:00,13.579999923706055,13.579999923706055,13.569999694824219,13.579999923706055,7175,0.0,0.0,0.0
2025-06-30 02:15:00+00:00,13.579999923706055,13.579999923706055,13.569999694824219,13.579999923706055,29393,0.0,0.0,0.0
2025-06-30 02:20:00+00:00,13.579999923706055,13.579999923706055,13.569999694824219,13.579999923706055,99160,0.0,0.0,0.0
2025-06-30 02:25:00+00:00,13.579999923706055,13.579999923706055,13.569999694824219,13.579999923706055,27357,0.0,0.0,0.0
2025-06-30 02:30:00+00:00,13.579999923706055,13.579999923706055,13.569999694824219,13.569999694824219,5307,0.0,0.0,0.0
2025-06-30 02:35:00+00:00,13.579999923706055,13.579999923706055,13.579999923706055,13.579999923706055,13601,0.0,0.0,0.0
2025-06-30 02:40:00+00:00,13.579999923706055,13.579999923706055,13.579999923706055,13.579999923706055,2107,0.0,0.0,0.0
2025-06-30 02:45:00+00:00,13.569999694824219,13.579999923706055,13.569999694824219,13.569999694824219,62114,0.0,0.0,0.0
2025-06-30 02:50:00+00:00,13.5600004196167,13.569999694824219,13.5600004196167,13.569999694824219,11192,0.0,0.0,0.0
2025-06-30 02:55:00+00:00,13.569999694824219,13.569999694824219,13.5600004196167,13.5600004196167,19131,0.0,0.0,0.0
2025-06-30 03:00:00+00:00,13.550000190734863,13.5600004196167,13.550000190734863,13.550000190734863,89945,0.0,0.0,0.0
2025-06-30 03:05:00+00:00,13.5600004196167,13.5600004196167,13.550000190734863,13.550000190734863,82414,0.0,0.0,0.0
2025-06-30 03:10:00+00:00,13.550000190734863,13.550000190734863,13.550000190734863,13.550000190734863,27044,0.0,0.0,0.0
2025-06-30 03:15:00+00:00,13.5600004196167,13.5600004196167,13.550000190734863,13.550000190734863,7087,0.0,0.0,0.0
2025-06-30 03:20:00+00:00,13.539999961853027,13.539999961853027,13.539999961853027,13.539999961853027,2535,0.0,0.0,0.0
2025-06-30 03:25:00+00:00,13.550000190734863,13.550000190734863,13.550000190734863,13.550000190734863,12017,0.0,0.0,0.0
2025-06-30 03:30:00+00:00,13.550000190734863,13.550000190734863,13.539999961853027,13.550000190734863,13587,0.0,0.0,0.0
2025-06-30 03:35:00+00:00,13.550000190734863,13.5600004196167,13.539999961853027,13.5600004196167,156222,0.0,0.0,0.0
2025-06-30 03:40:00+00:00,13.5600004196167,13.5600004196167,13.539999961853027,13.539999961853027,11508,0.0,0.0,0.0
2025-06-30 03:45:00+00:00,13.529999732971191,13.539999961853027,13.529999732971191,13.539999961853027,3517,0.0,0.0,0.0
2025-06-30 03:50:00+00:00,13.539999961853027,13.550000190734863,13.539999961853027,13.550000190734863,17214,0.0,0.0,0.0
2025-06-30 03:55:00+00:00,13.539999961853027,13.539999961853027,13.539999961853027,13.539999961853027,5383,0.0,0.0,0.0
2025-06-30 04:00:00+00:00,13.539999961853027,13.539999961853027,13.529999732971191,13.529999732971191,7584,0.0,0.0,0.0
2025-06-30 04:05:00+00:00,13.5600004196167,13.5600004196167,13.5600004196167,13.5600004196167,2297,0.0,0.0,0.0
2025-06-30 04:10:00+00:00,13.5600004196167,13.5600004196167,13.5600004196167,13.5600004196167,7277,0.0,0.0,0.0
2025-06-30 04:15:00+00:00,13.5600004196167,13.5600004196167,13.5600004196167,13.5600004196167,6267,0.0,0.0,0.0
2025-06-30 04:20:00+00:00,13.5600004196167,13.5600004196167,13.550000190734863,13.5600004196167,25885,0.0,0.0,0.0
2025-06-30 04:25:00+00:00,13.5600004196167,13.5600004196167,13.550000190734863,13.550000190734863,9375,0.0,0.0,0.0
2025-06-30 04:30:00+00:00,13.5600004196167,13.5600004196167,13.550000190734863,13.5600004196167,25899,0.0,0.0,0.0
2025-06-30 04:35:00+00:00,13.550000190734863,13.5600004196167,13.550000190734863,13.5600004196167,51125,0.0,0.0,0.0
2025-06-30 04:40:00+00:00,13.550000190734863,13.5600004196167,13.550000190734863,13.5600004196167,11100,0.0,0.0,0.0
2025-06-30 04:45:00+00:00,13.5600004196167,13.5600004196167,13.5600004196167,13.5600004196167,11098,0.0,0.0,0.0
2025-06-30 04:50:00+00:00,13.550000190734863,13.5600004196167,13.550000190734863,13.5600004196167,17875,0.0,0.0,0.0
2025-06-30 04:55:00+00:00,13.5600004196167,13.5600004196167,13.550000190734863,13.550000190734863,5466,0.0,0.0,0.0
2025-06-30 05:00:00+00:00,13.550000190734863,13.550000190734863,13.550000190734863,13.550000190734863,9138,0.0,0.0,0.0
2025-06-30 05:05:00+00:00,13.550000190734863,13.550000190734863,13.550000190734863,13.550000190734863,72226,0.0,0.0,0.0
2025-06-30 05:10:00+00:00,13.550000190734863,13.569999694824219,13.550000190734863,13.569999694824219,70132,0.0,0.0,0.0
2025-06-30 05:15:00+00:00,13.569999694824219,13.569999694824219,13.550000190734863,13.550000190734863,14702,0.0,0.0,0.0
2025-06-30 05:20:00+00:00,13.550000190734863,13.5600004196167,13.550000190734863,13.550000190734863,45252,0.0,0.0,0.0
2025-07-01 01:00:00+00:00,13.600000381469727,13.640000343322754,13.600000381469727,13.630000114440918,0,0.0,0.0,0.0
2025-07-01 01:05:00+00:00,13.640000343322754,13.680000305175781,13.640000343322754,13.680000305175781,432000,0.0,0.0,0.0
2025-07-01 01:10:00+00:00,13.680000305175781,13.699999809265137,13.680000305175781,13.699999809265137,390148,0.0,0.0,0.0
2025-07-01 01:15:00+00:00,13.699999809265137,13.710000038146973,13.699999809265137,13.699999809265137,81735,0.0,0.0,0.0
2025-07-01 01:20:00+00:00,13.6899995803833,13.710000038146973,13.6899995803833,13.699999809265137,279199,0.0,0.0,0.0
2025-07-01 01:25:00+00:00,13.699999809265137,13.710000038146973,13.6899995803833,13.699999809265137,114801,0.0,0.0,0.0
2025-07-01 01:30:00+00:00,13.699999809265137,13.729999542236328,13.6899995803833,13.729999542236328,654180,0.0,0.0,0.0
2025-07-01 01:35:00+00:00,13.739999771118164,13.760000228881836,13.739999771118164,13.760000228881836,450457,0.0,0.0,0.0
2025-07-01 01:40:00+00:00,13.75,13.779999732971191,13.75,13.770000457763672,272022,0.0,0.0,0.0
2025-07-01 01:45:00+00:00,13.770000457763672,13.770000457763672,13.760000228881836,13.770000457763672,162583,0.0,0.0,0.0
2025-07-01 01:50:00+00:00,13.770000457763672,13.770000457763672,13.760000228881836,13.760000228881836,26111,0.0,0.0,0.0
2025-07-01 01:55:00+00:00,13.760000228881836,13.779999732971191,13.760000228881836,13.779999732971191,350183,0.0,0.0,0.0
2025-07-01 02:00:00+00:00,13.779999732971191,13.779999732971191,13.770000457763672,13.770000457763672,5292,0.0,0.0,0.0
2025-07-01 02:05:00+00:00,13.770000457763672,13.770000457763672,13.760000228881836,13.760000228881836,42133,0.0,0.0,0.0
2025-07-01 02:10:00+00:00,13.770000457763672,13.779999732971191,13.760000228881836,13.770000457763672,596433,0.0,0.0,0.0
2025-07-01 02:15:00+00:00,13.770000457763672,13.770000457763672,13.770000457763672,13.770000457763672,43245,0.0,0.0,0.0
2025-07-01 02:20:00+00:00,13.770000457763672,13.770000457763672,13.770000457763672,13.770000457763672,25264,0.0,0.0,0.0
2025-07-01 02:25:00+00:00,13.760000228881836,13.770000457763672,13.760000228881836,13.760000228881836,41542,0.0,0.0,0.0
2025-07-01 02:30:00+00:00,13.760000228881836,13.760000228881836,13.75,13.75,44434,0.0,0.0,0.0
2025-07-01 02:35:00+00:00,13.75,13.75,13.739999771118164,13.75,47044,0.0,0.0,0.0
2025-07-01 02:40:00+00:00,13.75,13.75,13.75,13.75,2058,0.0,0.0,0.0
2025-07-01 02:45:00+00:00,13.739999771118164,13.739999771118164,13.739999771118164,13.739999771118164,5449,0.0,0.0,0.0
2025-07-01 02:50:00+00:00,13.729999542236328,13.739999771118164,13.729999542236328,13.739999771118164,69094,0.0,0.0,0.0
2025-07-01 02:55:00+00:00,13.75,13.760000228881836,13.739999771118164,13.75,197010,0.0,0.0,0.0
2025-07-01 03:00:00+00:00,13.760000228881836,13.760000228881836,13.75,13.75,73802,0.0,0.0,0.0
2025-07-01 03:05:00+00:00,13.75,13.75,13.739999771118164,13.739999771118164,7253,0.0,0.0,0.0
2025-07-01 03:10:00+00:00,13.739999771118164,13.739999771118164,13.739999771118164,13.739999771118164,15820,0.0,0.0,0.0
2025-07-01 03:15:00+00:00,13.739999771118164,13.739999771118164,13.720000267028809,13.720000267028809,16490,0.0,0.0,0.0
2025-07-01 03:20:00+00:00,13.720000267028809,13.729999542236328,13.710000038146973,13.729999542236328,17157,0.0,0.0,0.0
2025-07-01 03:25:00+00:00,13.720000267028809,13.720000267028809,13.699999809265137,13.699999809265137,79362,0.0,0.0,0.0
2025-07-01 03:30:00+00:00,13.710000038146973,13.710000038146973,13.6899995803833,13.6899995803833,212213,0.0,0.0,0.0
2025-07-01 03:35:00+00:00,13.699999809265137,13.699999809265137,13.680000305175781,13.680000305175781,16054,0.0,0.0,0.0
2025-07-01 03:40:00+00:00,13.680000305175781,13.680000305175781,13.670000076293945,13.670000076293945,13566,0.0,0.0,0.0
2025-07-01 03:45:00+00:00,13.680000305175781,13.680000305175781,13.670000076293945,13.670000076293945,29275,0.0,0.0,0.0
2025-07-01 03:50:00+00:00,13.680000305175781,13.680000305175781,13.670000076293945,13.670000076293945,2798,0.0,0.0,0.0
2025-07-01 03:55:00+00:00,13.670000076293945,13.680000305175781,13.670000076293945,13.680000305175781,35145,0.0,0.0,0.0
2025-07-01 04:00:00+00:00,13.670000076293945,13.699999809265137,13.670000076293945,13.699999809265137,36052,0.0,0.0,0.0
2025-07-01 04:05:00+00:00,13.699999809265137,13.699999809265137,13.680000305175781,13.680000305175781,6169,0.0,0.0,0.0
2025-07-01 04:10:00+00:00,13.680000305175781,13.680000305175781,13.670000076293945,13.670000076293945,7414,0.0,0.0,0.0
2025-07-01 04:15:00+00:00,13.680000305175781,13.680000305175781,13.680000305175781,13.680000305175781,4117,0.0,0.0,0.0
2025-07-01 04:20:00+00:00,13.670000076293945,13.670000076293945,13.640000343322754,13.640000343322754,217928,0.0,0.0,0.0
2025-07-01 04:25:00+00:00,13.640000343322754,13.640000343322754,13.630000114440918,13.630000114440918,12017,0.0,0.0,0.0
2025-07-01 04:30:00+00:00,13.640000343322754,13.640000343322754,13.630000114440918,13.630000114440918,26143,0.0,0.0,0.0
2025-07-01 04:35:00+00:00,13.630000114440918,13.640000343322754,13.630000114440918,13.640000343322754,54720,0.0,0.0,0.0
2025-07-01 04:40:00+00:00,13.640000343322754,13.640000343322754,13.630000114440918,13.630000114440918,14020,0.0,0.0,0.0
2025-07-01 04:45:00+00:00,13.630000114440918,13.640000343322754,13.630000114440918,13.640000343322754,5510,0.0,0.0,0.0
2025-07-01 04:50:00+00:00,13.640000343322754,13.640000343322754,13.630000114440918,13.640000343322754,87035,0.0,0.0,0.0
2025-07-01 04:55:00+00:00,13.640000343322754,13.649999618530273,13.640000343322754,13.640000343322754,25292,0.0,0.0,0.0
2025-07-01 05:00:00+00:00,13.640000343322754,13.649999618530273,13.640000343322754,13.649999618530273,38030,0.0,0.0,0.0
2025-07-01 05:05:00+00:00,13.649999618530273,13.649999618530273,13.640000343322754,13.640000343322754,42640,0.0,0.0,0.0
2025-07-01 05:10:00+00:00,13.640000343322754,13.640000343322754,13.640000343322754,13.640000343322754,6362,0.0,0.0,0.0
2025-07-01 05:15:00+00:00,13.649999618530273,13.649999618530273,13.649999618530273,13.649999618530273,2930,0.0,0.0,0.0
2025-07-01 05:20:00+00:00,13.649999618530273,13.65999984741211,13.649999618530273,13.65999984741211,43810,0.0,0.0,0.0
2025-07-01 05:25:00+00:00,13.649999618530273,13.649999618530273,13.640000343322754,13.640000343322754,20869,0.0,0.0,0.0
2025-07-02 01:00:00+00:00,13.600000381469727,13.630000114440918,13.600000381469727,13.600000381469727,0,0.0,0.0,0.0
2025-07-02 01:05:00+00:00,13.619999885559082,13.640000343322754,13.619999885559082,13.640000343322754,204621,0.0,0.0,0.0
2025-07-02 01:10:00+00:00,13.640000343322754,13.640000343322754,13.619999885559082,13.619999885559082,157240,0.0,0.0,0.0
2025-07-02 01:15:00+00:00,13.619999885559082,13.640000343322754,13.619999885559082,13.630000114440918,48829,0.0,0.0,0.0
2025-07-02 01:20:00+00:00,13.619999885559082,13.630000114440918,13.619999885559082,13.630000114440918,76353,0.0,0.0,0.0
2025-07-02 01:25:00+00:00,13.619999885559082,13.630000114440918,13.619999885559082,13.630000114440918,42000,0.0,0.0,0.0
2025-07-02 01:30:00+00:00,13.630000114440918,13.630000114440918,13.619999885559082,13.619999885559082,37968,0.0,0.0,0.0
2025-07-02 01:35:00+00:00,13.630000114440918,13.630000114440918,13.630000114440918,13.630000114440918,5129,0.0,0.0,0.0
2025-07-02 01:40:00+00:00,13.619999885559082,13.619999885559082,13.619999885559082,13.619999885559082,58310,0.0,0.0,0.0
2025-07-02 01:45:00+00:00,13.619999885559082,13.630000114440918,13.619999885559082,13.630000114440918,4055,0.0,0.0,0.0
2025-07-02 01:50:00+00:00,13.630000114440918,13.630000114440918,13.619999885559082,13.619999885559082,8054,0.0,0.0,0.0
2025-07-02 01:55:00+00:00,13.619999885559082,13.619999885559082,13.619999885559082,13.619999885559082,16396,0.0,0.0,0.0
2025-07-02 02:00:00+00:00,13.619999885559082,13.630000114440918,13.619999885559082,13.630000114440918,174273,0.0,0.0,0.0
2025-07-02 02:05:00+00:00,13.640000343322754,13.640000343322754,13.640000343322754,13.640000343322754,6684,0.0,0.0,0.0
2025-07-02 02:10:00+00:00,13.640000343322754,13.640000343322754,13.619999885559082,13.630000114440918,216115,0.0,0.0,0.0
2025-07-02 02:15:00+00:00,13.630000114440918,13.640000343322754,13.630000114440918,13.640000343322754,15276,0.0,0.0,0.0
2025-07-02 02:20:00+00:00,13.640000343322754,13.640000343322754,13.630000114440918,13.630000114440918,4422,0.0,0.0,0.0
2025-07-02 02:25:00+00:00,13.630000114440918,13.630000114440918,13.630000114440918,13.630000114440918,20843,0.0,0.0,0.0
2025-07-02 02:30:00+00:00,13.630000114440918,13.640000343322754,13.630000114440918,13.640000343322754,154230,0.0,0.0,0.0
2025-07-02 02:35:00+00:00,13.649999618530273,13.65999984741211,13.649999618530273,13.65999984741211,107927,0.0,0.0,0.0
2025-07-02 02:40:00+00:00,13.65999984741211,13.65999984741211,13.65999984741211,13.65999984741211,14054,0.0,0.0,0.0
2025-07-02 02:45:00+00:00,13.65999984741211,13.65999984741211,13.65999984741211,13.65999984741211,8833,0.0,0.0,0.0
2025-07-02 02:50:00+00:00,13.65999984741211,13.65999984741211,13.65999984741211,13.65999984741211,2305,0.0,0.0,0.0
2025-07-02 02:55:00+00:00,13.65999984741211,13.65999984741211,13.65999984741211,13.65999984741211,2034,0.0,0.0,0.0
2025-07-02 03:00:00+00:00,13.65999984741211,13.65999984741211,13.65999984741211,13.65999984741211,15045,0.0,0.0,0.0
2025-07-02 03:05:00+00:00,13.65999984741211,13.65999984741211,13.65999984741211,13.65999984741211,17309,0.0,0.0,0.0
2025-07-02 03:10:00+00:00,13.65999984741211,13.65999984741211,13.65999984741211,13.65999984741211,16283,0.0,0.0,0.0
2025-07-02 03:15:00+00:00,13.649999618530273,13.65999984741211,13.649999618530273,13.65999984741211,50026,0.0,0.0,0.0
2025-07-02 03:20:00+00:00,13.670000076293945,13.670000076293945,13.65999984741211,13.65999984741211,3323,0.0,0.0,0.0
2025-07-02 03:25:00+00:00,13.65999984741211,13.65999984741211,13.65999984741211,13.65999984741211,30499,0.0,0.0,0.0
2025-07-02 03:35:00+00:00,13.649999618530273,13.65999984741211,13.649999618530273,13.65999984741211,138041,0.0,0.0,0.0
2025-07-02 03:40:00+00:00,13.65999984741211,13.670000076293945,13.65999984741211,13.670000076293945,2042,0.0,0.0,0.0
2025-07-02 03:45:00+00:00,13.65999984741211,13.65999984741211,13.649999618530273,13.65999984741211,34436,0.0,0.0,0.0
2025-07-02 03:55:00+00:00,13.65999984741211,13.65999984741211,13.649999618530273,13.649999618530273,26286,0.0,0.0,0.0
2025-07-02 04:05:00+00:00,13.65999984741211,13.65999984741211,13.65999984741211,13.65999984741211,15047,0.0,0.0,0.0
2025-07-02 04:10:00+00:00,13.65999984741211,13.65999984741211,13.65999984741211,13.65999984741211,4214,0.0,0.0,0.0
2025-07-02 04:15:00+00:00,13.65999984741211,13.65999984741211,13.65999984741211,13.65999984741211,16142,0.0,0.0,0.0
2025-07-02 04:20:00+00:00,13.65999984741211,13.65999984741211,13.65999984741211,13.65999984741211,17759,0.0,0.0,0.0
2025-07-02 04:25:00+00:00,13.670000076293945,13.670000076293945,13.670000076293945,13.670000076293945,100541,0.0,0.0,0.0
2025-07-02 04:30:00+00:00,13.670000076293945,13.670000076293945,13.670000076293945,13.670000076293945,13194,0.0,0.0,0.0
2025-07-02 04:35:00+00:00,13.680000305175781,13.680000305175781,13.680000305175781,13.680000305175781,8551,0.0,0.0,0.0
2025-07-02 04:40:00+00:00,13.680000305175781,13.680000305175781,13.670000076293945,13.670000076293945,160191,0.0,0.0,0.0
2025-07-02 04:45:00+00:00,13.670000076293945,13.670000076293945,13.670000076293945,13.670000076293945,8610,0.0,0.0,0.0
2025-07-02 04:50:00+00:00,13.670000076293945,13.680000305175781,13.670000076293945,13.670000076293945,82040,0.0,0.0,0.0
2025-07-02 04:55:00+00:00,13.670000076293945,13.680000305175781,13.670000076293945,13.680000305175781,25091,0.0,0.0,0.0
2025-07-02 05:00:00+00:00,13.670000076293945,13.680000305175781,13.670000076293945,13.680000305175781,6286,0.0,0.0,0.0
2025-07-02 05:05:00+00:00,13.680000305175781,13.680000305175781,13.670000076293945,13.670000076293945,178350,0.0,0.0,0.0
2025-07-02 05:10:00+00:00,13.670000076293945,13.670000076293945,13.670000076293945,13.670000076293945,30722,0.0,0.0,0.0
2025-07-02 05:15:00+00:00,13.680000305175781,13.680000305175781,13.670000076293945,13.670000076293945,77510,0.0,0.0,0.0
2025-07-02 05:20:00+00:00,13.680000305175781,13.680000305175781,13.670000076293945,13.670000076293945,26703,0.0,0.0,0.0
2025-05-05 01:00:00+00:00,12.399999618530273,12.420000076293945,12.369999885559082,12.380000114440918,0,0.0,0.0,0.0
2025-05-05 01:05:00+00:00,12.390000343322754,12.390000343322754,12.300000190734863,12.300000190734863,308938,0.0,0.0,0.0
2025-05-05 01:10:00+00:00,12.300000190734863,12.319999694824219,12.300000190734863,12.319999694824219,173217,0.0,0.0,0.0
2025-05-05 01:15:00+00:00,12.319999694824219,12.369999885559082,12.319999694824219,12.329999923706055,136162,0.0,0.0,0.0
2025-05-05 01:20:00+00:00,12.329999923706055,12.34000015258789,12.289999961853027,12.289999961853027,89620,0.0,0.0,0.0
2025-05-05 01:25:00+00:00,12.289999961853027,12.300000190734863,12.25,12.25,71215,0.0,0.0,0.0
2025-05-05 01:30:00+00:00,12.239999771118164,12.239999771118164,12.1899995803833,12.199999809265137,313708,0.0,0.0,0.0
2025-05-05 01:35:00+00:00,12.210000038146973,12.229999542236328,12.149999618530273,12.170000076293945,335957,0.0,0.0,0.0
2025-05-05 01:40:00+00:00,12.180000305175781,12.180000305175781,12.149999618530273,12.149999618530273,45687,0.0,0.0,0.0
2025-05-05 01:45:00+00:00,12.149999618530273,12.15999984741211,12.100000381469727,12.100000381469727,71749,0.0,0.0,0.0
2025-05-05 01:50:00+00:00,12.109999656677246,12.130000114440918,12.09000015258789,12.130000114440918,187046,0.0,0.0,0.0
2025-05-05 01:55:00+00:00,12.119999885559082,12.119999885559082,12.100000381469727,12.109999656677246,100345,0.0,0.0,0.0
2025-05-05 02:00:00+00:00,12.119999885559082,12.149999618530273,12.119999885559082,12.130000114440918,94860,0.0,0.0,0.0
2025-05-05 02:05:00+00:00,12.130000114440918,12.130000114440918,12.0600004196167,12.069999694824219,83519,0.0,0.0,0.0
2025-05-05 02:10:00+00:00,12.0600004196167,12.100000381469727,12.0600004196167,12.100000381469727,91409,0.0,0.0,0.0
2025-05-05 02:15:00+00:00,12.109999656677246,12.119999885559082,12.100000381469727,12.109999656677246,43734,0.0,0.0,0.0
2025-05-05 02:20:00+00:00,12.09000015258789,12.100000381469727,12.09000015258789,12.100000381469727,23238,0.0,0.0,0.0
2025-05-05 02:25:00+00:00,12.100000381469727,12.109999656677246,12.100000381469727,12.109999656677246,13140,0.0,0.0,0.0
2025-05-05 02:30:00+00:00,12.109999656677246,12.130000114440918,12.079999923706055,12.100000381469727,566275,0.0,0.0,0.0
2025-05-05 02:35:00+00:00,12.079999923706055,12.100000381469727,12.079999923706055,12.079999923706055,25507,0.0,0.0,0.0
2025-05-05 02:40:00+00:00,12.100000381469727,12.100000381469727,12.069999694824219,12.069999694824219,38890,0.0,0.0,0.0
2025-05-05 02:45:00+00:00,12.079999923706055,12.09000015258789,12.069999694824219,12.09000015258789,106152,0.0,0.0,0.0
2025-05-05 02:50:00+00:00,12.09000015258789,12.109999656677246,12.09000015258789,12.109999656677246,18187,0.0,0.0,0.0
2025-05-05 02:55:00+00:00,12.119999885559082,12.119999885559082,12.119999885559082,12.119999885559082,3100,0.0,0.0,0.0
2025-05-05 03:00:00+00:00,12.130000114440918,12.140000343322754,12.130000114440918,12.140000343322754,12678,0.0,0.0,0.0
2025-05-05 03:05:00+00:00,12.140000343322754,12.140000343322754,12.100000381469727,12.100000381469727,78909,0.0,0.0,0.0
2025-05-05 03:10:00+00:00,12.100000381469727,12.140000343322754,12.100000381469727,12.130000114440918,17427,0.0,0.0,0.0
2025-05-05 03:15:00+00:00,12.119999885559082,12.130000114440918,12.100000381469727,12.109999656677246,9294,0.0,0.0,0.0
2025-05-05 03:20:00+00:00,12.130000114440918,12.1899995803833,12.130000114440918,12.170000076293945,37352,0.0,0.0,0.0
2025-05-05 03:25:00+00:00,12.170000076293945,12.170000076293945,12.15999984741211,12.170000076293945,3057,0.0,0.0,0.0
2025-05-05 03:30:00+00:00,12.170000076293945,12.199999809265137,12.149999618530273,12.199999809265137,33438,0.0,0.0,0.0
2025-05-05 03:35:00+00:00,12.199999809265137,12.199999809265137,12.180000305175781,12.1899995803833,39177,0.0,0.0,0.0
2025-05-05 03:40:00+00:00,12.1899995803833,12.199999809265137,12.180000305175781,12.1899995803833,4219,0.0,0.0,0.0
2025-05-05 03:45:00+00:00,12.1899995803833,12.1899995803833,12.1899995803833,12.1899995803833,120501,0.0,0.0,0.0
2025-05-05 03:50:00+00:00,12.199999809265137,12.199999809265137,12.1899995803833,12.1899995803833,4207,0.0,0.0,0.0
2025-05-05 03:55:00+00:00,12.199999809265137,12.199999809265137,12.199999809265137,12.199999809265137,5064,0.0,0.0,0.0
2025-05-05 04:00:00+00:00,12.210000038146973,12.210000038146973,12.210000038146973,12.210000038146973,20672,0.0,0.0,0.0
2025-05-05 04:05:00+00:00,12.199999809265137,12.210000038146973,12.1899995803833,12.210000038146973,62128,0.0,0.0,0.0
2025-05-05 04:10:00+00:00,12.199999809265137,12.210000038146973,12.199999809265137,12.210000038146973,10094,0.0,0.0,0.0
2025-05-05 04:15:00+00:00,12.210000038146973,12.210000038146973,12.210000038146973,12.210000038146973,39571,0.0,0.0,0.0
2025-05-05 04:20:00+00:00,12.210000038146973,12.220000267028809,12.210000038146973,12.220000267028809,35200,0.0,0.0,0.0
2025-05-05 04:25:00+00:00,12.220000267028809,12.220000267028809,12.210000038146973,12.220000267028809,4604,0.0,0.0,0.0
2025-05-05 04:30:00+00:00,12.220000267028809,12.220000267028809,12.199999809265137,12.210000038146973,12895,0.0,0.0,0.0
2025-05-05 04:35:00+00:00,12.220000267028809,12.220000267028809,12.220000267028809,12.220000267028809,5120,0.0,0.0,0.0
2025-05-05 04:40:00+00:00,12.210000038146973,12.220000267028809,12.210000038146973,12.220000267028809,27473,0.0,0.0,0.0
2025-05-05 04:45:00+00:00,12.220000267028809,12.220000267028809,12.220000267028809,12.220000267028809,7270,0.0,0.0,0.0
2025-05-05 04:50:00+00:00,12.220000267028809,12.220000267028809,12.199999809265137,12.199999809265137,44867,0.0,0.0,0.0
2025-05-05 04:55:00+00:00,12.1899995803833,12.1899995803833,12.170000076293945,12.170000076293945,17299,0.0,0.0,0.0
2025-05-05 05:00:00+00:00,12.199999809265137,12.199999809265137,12.180000305175781,12.180000305175781,20292,0.0,0.0,0.0
2025-05-05 05:05:00+00:00,12.199999809265137,12.199999809265137,12.180000305175781,12.180000305175781,12311,0.0,0.0,0.0
2025-05-05 05:10:00+00:00,12.180000305175781,12.1899995803833,12.170000076293945,12.180000305175781,30918,0.0,0.0,0.0
2025-05-05 05:15:00+00:00,12.1899995803833,12.1899995803833,12.170000076293945,12.170000076293945,25959,0.0,0.0,0.0
2025-05-05 05:20:00+00:00,12.180000305175781,12.180000305175781,12.170000076293945,12.170000076293945,53706,0.0,0.0,0.0
2025-05-06 01:00:00+00:00,12.119999885559082,12.119999885559082,12.0600004196167,12.09000015258789,0,0.0,0.0,0.0
2025-05-06 01:05:00+00:00,12.09000015258789,12.100000381469727,12.09000015258789,12.09000015258789,103815,0.0,0.0,0.0
2025-05-06 01:10:00+00:00,12.109999656677246,12.119999885559082,12.100000381469727,12.119999885559082,77954,0.0,0.0,0.0
2025-05-06 01:15:00+00:00,12.140000343322754,12.140000343322754,12.119999885559082,12.140000343322754,33235,0.0,0.0,0.0
2025-05-06 01:20:00+00:00,12.140000343322754,12.1899995803833,12.140000343322754,12.1899995803833,52473,0.0,0.0,0.0
2025-05-06 01:25:00+00:00,12.1899995803833,12.1899995803833,12.180000305175781,12.180000305175781,11273,0.0,0.0,0.0
2025-05-06 01:30:00+00:00,12.1899995803833,12.199999809265137,12.1899995803833,12.1899995803833,141603,0.0,0.0,0.0
2025-05-06 01:35:00+00:00,12.180000305175781,12.1899995803833,12.180000305175781,12.1899995803833,6252,0.0,0.0,0.0
2025-05-06 01:40:00+00:00,12.180000305175781,12.180000305175781,12.170000076293945,12.170000076293945,8696,0.0,0.0,0.0
2025-05-06 01:45:00+00:00,12.170000076293945,12.180000305175781,12.149999618530273,12.15999984741211,164173,0.0,0.0,0.0
2025-05-06 01:50:00+00:00,12.15999984741211,12.15999984741211,12.15999984741211,12.15999984741211,6128,0.0,0.0,0.0
2025-05-06 01:55:00+00:00,12.15999984741211,12.180000305175781,12.149999618530273,12.170000076293945,31168,0.0,0.0,0.0
2025-05-06 02:00:00+00:00,12.180000305175781,12.180000305175781,12.180000305175781,12.180000305175781,13232,0.0,0.0,0.0
2025-05-06 02:05:00+00:00,12.180000305175781,12.180000305175781,12.180000305175781,12.180000305175781,25016,0.0,0.0,0.0
2025-05-06 02:10:00+00:00,12.1899995803833,12.210000038146973,12.180000305175781,12.210000038146973,186058,0.0,0.0,0.0
2025-05-06 02:15:00+00:00,12.210000038146973,12.210000038146973,12.1899995803833,12.199999809265137,25416,0.0,0.0,0.0
2025-05-06 02:20:00+00:00,12.199999809265137,12.199999809265137,12.199999809265137,12.199999809265137,3394,0.0,0.0,0.0
2025-05-06 02:25:00+00:00,12.199999809265137,12.199999809265137,12.199999809265137,12.199999809265137,7151,0.0,0.0,0.0
2025-05-06 02:30:00+00:00,12.199999809265137,12.199999809265137,12.199999809265137,12.199999809265137,10044,0.0,0.0,0.0
2025-05-06 02:35:00+00:00,12.199999809265137,12.199999809265137,12.1899995803833,12.199999809265137,52575,0.0,0.0,0.0
2025-05-06 02:40:00+00:00,12.210000038146973,12.220000267028809,12.210000038146973,12.220000267028809,57783,0.0,0.0,0.0
2025-05-06 02:45:00+00:00,12.220000267028809,12.220000267028809,12.199999809265137,12.199999809265137,17171,0.0,0.0,0.0
2025-05-06 02:50:00+00:00,12.210000038146973,12.220000267028809,12.210000038146973,12.220000267028809,10043,0.0,0.0,0.0
2025-05-06 02:55:00+00:00,12.220000267028809,12.220000267028809,12.220000267028809,12.220000267028809,5440,0.0,0.0,0.0
2025-05-06 03:00:00+00:00,12.210000038146973,12.220000267028809,12.199999809265137,12.199999809265137,25067,0.0,0.0,0.0
2025-05-06 03:05:00+00:00,12.210000038146973,12.210000038146973,12.199999809265137,12.199999809265137,5311,0.0,0.0,0.0
2025-05-06 03:10:00+00:00,12.199999809265137,12.199999809265137,12.199999809265137,12.199999809265137,15669,0.0,0.0,0.0
2025-05-06 03:15:00+00:00,12.199999809265137,12.199999809265137,12.1899995803833,12.199999809265137,57058,0.0,0.0,0.0
2025-05-06 03:20:00+00:00,12.210000038146973,12.220000267028809,12.210000038146973,12.220000267028809,2144,0.0,0.0,0.0
2025-05-06 03:25:00+00:00,12.210000038146973,12.220000267028809,12.210000038146973,12.210000038146973,23036,0.0,0.0,0.0
2025-05-06 03:30:00+00:00,12.220000267028809,12.220000267028809,12.220000267028809,12.220000267028809,95036,0.0,0.0,0.0
2025-05-06 03:35:00+00:00,12.220000267028809,12.229999542236328,12.220000267028809,12.229999542236328,52383,0.0,0.0,0.0
2025-05-06 03:40:00+00:00,12.229999542236328,12.229999542236328,12.229999542236328,12.229999542236328,1384,0.0,0.0,0.0
2025-05-06 03:45:00+00:00,12.220000267028809,12.229999542236328,12.210000038146973,12.210000038146973,23084,0.0,0.0,0.0
2025-05-06 03:50:00+00:00,12.229999542236328,12.229999542236328,12.210000038146973,12.210000038146973,8103,0.0,0.0,0.0
2025-05-06 03:55:00+00:00,12.220000267028809,12.220000267028809,12.199999809265137,12.199999809265137,18360,0.0,0.0,0.0
2025-05-06 04:00:00+00:00,12.210000038146973,12.220000267028809,12.210000038146973,12.220000267028809,14262,0.0,0.0,0.0
2025-05-06 04:05:00+00:00,12.210000038146973,12.210000038146973,12.210000038146973,12.210000038146973,2070,0.0,0.0,0.0
2025-05-06 04:10:00+00:00,12.210000038146973,12.220000267028809,12.210000038146973,12.220000267028809,4106,0.0,0.0,0.0
2025-05-06 04:15:00+00:00,12.199999809265137,12.220000267028809,12.199999809265137,12.220000267028809,8109,0.0,0.0,0.0
2025-05-06 04:20:00+00:00,12.210000038146973,12.210000038146973,12.210000038146973,12.210000038146973,5370,0.0,0.0,0.0
2025-05-06 04:25:00+00:00,12.199999809265137,12.210000038146973,12.199999809265137,12.210000038146973,5070,0.0,0.0,0.0
2025-05-06 04:30:00+00:00,12.210000038146973,12.210000038146973,12.210000038146973,12.210000038146973,2260,0.0,0.0,0.0
2025-05-06 04:35:00+00:00,12.199999809265137,12.210000038146973,12.199999809265137,12.199999809265137,22120,0.0,0.0,0.0
2025-05-06 04:40:00+00:00,12.199999809265137,12.220000267028809,12.199999809265137,12.220000267028809,5199,0.0,0.0,0.0
2025-05-06 04:45:00+00:00,12.210000038146973,12.210000038146973,12.199999809265137,12.199999809265137,12410,0.0,0.0,0.0
2025-05-06 04:50:00+00:00,12.199999809265137,12.199999809265137,12.1899995803833,12.1899995803833,11100,0.0,0.0,0.0
2025-05-06 04:55:00+00:00,12.1899995803833,12.1899995803833,12.1899995803833,12.1899995803833,2580,0.0,0.0,0.0
2025-05-06 05:00:00+00:00,12.180000305175781,12.180000305175781,12.180000305175781,12.180000305175781,9300,0.0,0.0,0.0
2025-05-06 05:05:00+00:00,12.1899995803833,12.1899995803833,12.180000305175781,12.1899995803833,6501,0.0,0.0,0.0
2025-05-06 05:10:00+00:00,12.180000305175781,12.180000305175781,12.170000076293945,12.170000076293945,130160,0.0,0.0,0.0
2025-05-06 05:15:00+00:00,12.180000305175781,12.180000305175781,12.170000076293945,12.170000076293945,6845,0.0,0.0,0.0
2025-05-06 05:20:00+00:00,12.170000076293945,12.170000076293945,12.15999984741211,12.15999984741211,152861,0.0,0.0,0.0
2025-05-07 01:00:00+00:00,12.210000038146973,12.319999694824219,12.210000038146973,12.319999694824219,0,0.0,0.0,0.0
2025-05-07 01:05:00+00:00,12.319999694824219,12.319999694824219,12.270000457763672,12.270000457763672,22000,0.0,0.0,0.0
2025-05-07 01:10:00+00:00,12.279999732971191,12.279999732971191,12.260000228881836,12.260000228881836,62647,0.0,0.0,0.0
2025-05-07 01:15:00+00:00,12.260000228881836,12.260000228881836,12.220000267028809,12.220000267028809,522117,0.0,0.0,0.0
2025-05-07 01:20:00+00:00,12.210000038146973,12.210000038146973,12.210000038146973,12.210000038146973,14482,0.0,0.0,0.0
2025-05-07 01:25:00+00:00,12.229999542236328,12.229999542236328,12.220000267028809,12.220000267028809,26019,0.0,0.0,0.0
2025-05-07 01:30:00+00:00,12.210000038146973,12.210000038146973,12.15999984741211,12.170000076293945,35272,0.0,0.0,0.0
2025-05-07 01:35:00+00:00,12.149999618530273,12.149999618530273,12.130000114440918,12.130000114440918,23962,0.0,0.0,0.0
2025-05-07 01:40:00+00:00,12.130000114440918,12.140000343322754,12.130000114440918,12.140000343322754,17625,0.0,0.0,0.0
2025-05-07 01:45:00+00:00,12.140000343322754,12.140000343322754,12.140000343322754,12.140000343322754,20038,0.0,0.0,0.0
2025-05-07 01:50:00+00:00,12.140000343322754,12.180000305175781,12.140000343322754,12.180000305175781,34319,0.0,0.0,0.0
2025-05-07 01:55:00+00:00,12.180000305175781,12.180000305175781,12.170000076293945,12.180000305175781,10066,0.0,0.0,0.0
2025-05-07 02:00:00+00:00,12.170000076293945,12.170000076293945,12.149999618530273,12.149999618530273,18056,0.0,0.0,0.0
2025-05-07 02:05:00+00:00,12.149999618530273,12.170000076293945,12.149999618530273,12.170000076293945,19245,0.0,0.0,0.0
2025-05-07 02:10:00+00:00,12.180000305175781,12.180000305175781,12.15999984741211,12.15999984741211,8049,0.0,0.0,0.0
2025-05-07 02:15:00+00:00,12.170000076293945,12.180000305175781,12.170000076293945,12.180000305175781,2049,0.0,0.0,0.0
2025-05-07 02:20:00+00:00,12.170000076293945,12.170000076293945,12.170000076293945,12.170000076293945,2056,0.0,0.0,0.0
2025-05-07 02:25:00+00:00,12.15999984741211,12.170000076293945,12.15999984741211,12.170000076293945,40343,0.0,0.0,0.0
2025-05-07 02:30:00+00:00,12.170000076293945,12.170000076293945,12.170000076293945,12.170000076293945,9062,0.0,0.0,0.0
2025-05-07 02:35:00+00:00,12.170000076293945,12.180000305175781,12.170000076293945,12.180000305175781,184850,0.0,0.0,0.0
2025-05-07 02:40:00+00:00,12.170000076293945,12.170000076293945,12.15999984741211,12.15999984741211,61127,0.0,0.0,0.0
2025-05-07 02:45:00+00:00,12.15999984741211,12.15999984741211,12.15999984741211,12.15999984741211,52735,0.0,0.0,0.0
2025-05-07 02:50:00+00:00,12.149999618530273,12.15999984741211,12.140000343322754,12.15999984741211,146090,0.0,0.0,0.0
2025-05-07 02:55:00+00:00,12.149999618530273,12.149999618530273,12.140000343322754,12.140000343322754,236518,0.0,0.0,0.0
2025-05-07 03:00:00+00:00,12.140000343322754,12.15999984741211,12.140000343322754,12.15999984741211,13048,0.0,0.0,0.0
2025-05-07 03:05:00+00:00,12.15999984741211,12.15999984741211,12.15999984741211,12.15999984741211,1210,0.0,0.0,0.0
2025-05-07 03:10:00+00:00,12.15999984741211,12.15999984741211,12.15999984741211,12.15999984741211,6213,0.0,0.0,0.0
2025-05-07 03:20:00+00:00,12.15999984741211,12.170000076293945,12.15999984741211,12.15999984741211,10446,0.0,0.0,0.0
2025-05-07 03:25:00+00:00,12.15999984741211,12.170000076293945,12.15999984741211,12.170000076293945,6025,0.0,0.0,0.0
2025-05-07 03:30:00+00:00,12.170000076293945,12.170000076293945,12.15999984741211,12.15999984741211,6134,0.0,0.0,0.0
2025-05-07 03:35:00+00:00,12.15999984741211,12.15999984741211,12.15999984741211,12.15999984741211,2001,0.0,0.0,0.0
2025-05-07 03:40:00+00:00,12.15999984741211,12.15999984741211,12.15999984741211,12.15999984741211,5284,0.0,0.0,0.0
2025-05-07 03:45:00+00:00,12.15999984741211,12.170000076293945,12.15999984741211,12.170000076293945,12110,0.0,0.0,0.0
2025-05-07 03:50:00+00:00,12.170000076293945,12.180000305175781,12.170000076293945,12.180000305175781,28626,0.0,0.0,0.0
2025-05-07 04:00:00+00:00,12.15999984741211,12.15999984741211,12.15999984741211,12.15999984741211,1347,0.0,0.0,0.0
2025-05-07 04:05:00+00:00,12.15999984741211,12.15999984741211,12.15999984741211,12.15999984741211,2047,0.0,0.0,0.0
2025-05-07 04:10:00+00:00,12.180000305175781,12.180000305175781,12.180000305175781,12.180000305175781,32546,0.0,0.0,0.0
2025-05-07 04:15:00+00:00,12.180000305175781,12.1899995803833,12.180000305175781,12.1899995803833,22210,0.0,0.0,0.0
2025-05-07 04:25:00+00:00,12.180000305175781,12.180000305175781,12.180000305175781,12.180000305175781,2116,0.0,0.0,0.0
2025-05-07 04:30:00+00:00,12.180000305175781,12.180000305175781,12.170000076293945,12.170000076293945,29081,0.0,0.0,0.0
2025-05-07 04:35:00+00:00,12.15999984741211,12.15999984741211,12.15999984741211,12.15999984741211,5134,0.0,0.0,0.0
2025-05-07 04:40:00+00:00,12.149999618530273,12.15999984741211,12.140000343322754,12.140000343322754,218221,0.0,0.0,0.0
2025-05-07 04:45:00+00:00,12.149999618530273,12.149999618530273,12.140000343322754,12.149999618530273,14285,0.0,0.0,0.0
2025-05-07 04:50:00+00:00,12.149999618530273,12.149999618530273,12.149999618530273,12.149999618530273,1062,0.0,0.0,0.0
2025-05-07 04:55:00+00:00,12.149999618530273,12.15999984741211,12.149999618530273,12.15999984741211,5184,0.0,0.0,0.0
2025-05-07 05:00:00+00:00,12.149999618530273,12.149999618530273,12.149999618530273,12.149999618530273,9277,0.0,0.0,0.0
2025-05-07 05:05:00+00:00,12.149999618530273,12.149999618530273,12.149999618530273,12.149999618530273,5281,0.0,0.0,0.0
2025-05-07 05:10:00+00:00,12.140000343322754,12.149999618530273,12.140000343322754,12.149999618530273,15039,0.0,0.0,0.0
2025-05-07 05:15:00+00:00,12.15999984741211,12.15999984741211,12.15999984741211,12.15999984741211,6474,0.0,0.0,0.0
2025-05-07 05:20:00+00:00,12.170000076293945,12.170000076293945,12.15999984741211,12.15999984741211,18061,0.0,0.0,0.0
2025-05-08 01:00:00+00:00,12.220000267028809,12.270000457763672,12.220000267028809,12.260000228881836,0,0.0,0.0,0.0
2025-05-08 01:05:00+00:00,12.260000228881836,12.270000457763672,12.25,12.270000457763672,84000,0.0,0.0,0.0
2025-05-08 01:10:00+00:00,12.260000228881836,12.300000190734863,12.260000228881836,12.300000190734863,47367,0.0,0.0,0.0
2025-05-08 01:15:00+00:00,12.300000190734863,12.300000190734863,12.270000457763672,12.279999732971191,42139,0.0,0.0,0.0
2025-05-08 01:20:00+00:00,12.270000457763672,12.279999732971191,12.270000457763672,12.279999732971191,681035,0.0,0.0,0.0
2025-05-08 02:25:00+00:00,12.260000228881836,12.260000228881836,12.260000228881836,12.260000228881836,0,0.0,0.0,0.0
2025-05-08 02:35:00+00:00,12.260000228881836,12.260000228881836,12.25,12.260000228881836,22236,0.0,0.0,0.0
2025-05-08 02:40:00+00:00,12.260000228881836,12.270000457763672,12.260000228881836,12.270000457763672,44474,0.0,0.0,0.0
2025-05-08 02:45:00+00:00,12.270000457763672,12.270000457763672,12.260000228881836,12.260000228881836,5053,0.0,0.0,0.0
2025-05-08 02:50:00+00:00,12.270000457763672,12.270000457763672,12.270000457763672,12.270000457763672,26290,0.0,0.0,0.0
2025-05-08 02:55:00+00:00,12.279999732971191,12.279999732971191,12.279999732971191,12.279999732971191,52124,0.0,0.0,0.0
2025-05-08 03:00:00+00:00,12.279999732971191,12.300000190734863,12.279999732971191,12.300000190734863,126782,0.0,0.0,0.0
2025-05-08 03:05:00+00:00,12.3100004196167,12.3100004196167,12.3100004196167,12.3100004196167,1059,0.0,0.0,0.0
2025-05-08 03:10:00+00:00,12.3100004196167,12.3100004196167,12.3100004196167,12.3100004196167,27802,0.0,0.0,0.0
2025-05-08 03:15:00+00:00,12.3100004196167,12.319999694824219,12.3100004196167,12.319999694824219,25265,0.0,0.0,0.0
2025-05-08 03:20:00+00:00,12.329999923706055,12.329999923706055,12.319999694824219,12.319999694824219,17162,0.0,0.0,0.0
2025-05-08 03:25:00+00:00,12.319999694824219,12.329999923706055,12.319999694824219,12.329999923706055,6068,0.0,0.0,0.0
2025-05-08 03:30:00+00:00,12.319999694824219,12.319999694824219,12.319999694824219,12.319999694824219,15229,0.0,0.0,0.0
2025-05-08 03:35:00+00:00,12.319999694824219,12.319999694824219,12.3100004196167,12.3100004196167,7144,0.0,0.0,0.0
2025-05-08 03:45:00+00:00,12.289999961853027,12.300000190734863,12.289999961853027,12.300000190734863,10047,0.0,0.0,0.0
2025-05-08 03:50:00+00:00,12.300000190734863,12.3100004196167,12.300000190734863,12.3100004196167,31054,0.0,0.0,0.0
2025-05-08 03:55:00+00:00,12.319999694824219,12.319999694824219,12.319999694824219,12.319999694824219,1128,0.0,0.0,0.0
2025-05-08 04:00:00+00:00,12.319999694824219,12.319999694824219,12.3100004196167,12.319999694824219,12046,0.0,0.0,0.0
2025-05-08 04:05:00+00:00,12.3100004196167,12.3100004196167,12.300000190734863,12.300000190734863,7041,0.0,0.0,0.0
2025-05-08 04:10:00+00:00,12.300000190734863,12.319999694824219,12.300000190734863,12.319999694824219,70087,0.0,0.0,0.0
2025-05-08 04:15:00+00:00,12.319999694824219,12.329999923706055,12.319999694824219,12.329999923706055,36050,0.0,0.0,0.0
2025-05-08 04:20:00+00:00,12.329999923706055,12.329999923706055,12.329999923706055,12.329999923706055,6769,0.0,0.0,0.0
2025-05-08 04:25:00+00:00,12.319999694824219,12.329999923706055,12.319999694824219,12.319999694824219,16188,0.0,0.0,0.0
2025-05-08 04:30:00+00:00,12.329999923706055,12.34000015258789,12.329999923706055,12.329999923706055,41284,0.0,0.0,0.0
2025-05-08 04:35:00+00:00,12.329999923706055,12.34000015258789,12.329999923706055,12.329999923706055,3324,0.0,0.0,0.0
2025-05-08 04:40:00+00:00,12.329999923706055,12.329999923706055,12.329999923706055,12.329999923706055,29149,0.0,0.0,0.0
2025-05-08 04:45:00+00:00,12.34000015258789,12.350000381469727,12.34000015258789,12.350000381469727,52410,0.0,0.0,0.0
2025-05-08 04:50:00+00:00,12.34000015258789,12.34000015258789,12.34000015258789,12.34000015258789,6671,0.0,0.0,0.0
2025-05-08 05:00:00+00:00,12.350000381469727,12.350000381469727,12.350000381469727,12.350000381469727,80411,0.0,0.0,0.0
2025-05-08 05:05:00+00:00,12.350000381469727,12.350000381469727,12.350000381469727,12.350000381469727,3010,0.0,0.0,0.0
2025-05-08 05:10:00+00:00,12.34000015258789,12.34000015258789,12.329999923706055,12.329999923706055,18517,0.0,0.0,0.0
2025-05-08 05:15:00+00:00,12.329999923706055,12.34000015258789,12.319999694824219,12.329999923706055,48836,0.0,0.0,0.0
2025-05-08 05:20:00+00:00,12.329999923706055,12.329999923706055,12.319999694824219,12.319999694824219,31501,0.0,0.0,0.0
2025-05-09 01:00:00+00:00,12.34000015258789,12.399999618530273,12.34000015258789,12.390000343322754,0,0.0,0.0,0.0
2025-05-09 01:05:00+00:00,12.390000343322754,12.390000343322754,12.390000343322754,12.390000343322754,55630,0.0,0.0,0.0
2025-05-09 01:10:00+00:00,12.380000114440918,12.380000114440918,12.369999885559082,12.369999885559082,55129,0.0,0.0,0.0
2025-05-09 01:15:00+00:00,12.369999885559082,12.40999984741211,12.369999885559082,12.399999618530273,67677,0.0,0.0,0.0
2025-05-09 01:20:00+00:00,12.399999618530273,12.399999618530273,12.399999618530273,12.399999618530273,15426,0.0,0.0,0.0
2025-05-09 01:25:00+00:00,12.399999618530273,12.399999618530273,12.380000114440918,12.380000114440918,23028,0.0,0.0,0.0
2025-05-09 01:30:00+00:00,12.380000114440918,12.380000114440918,12.359999656677246,12.359999656677246,33346,0.0,0.0,0.0
2025-05-09 01:35:00+00:00,12.359999656677246,12.359999656677246,12.350000381469727,12.350000381469727,6467,0.0,0.0,0.0
2025-05-09 01:40:00+00:00,12.350000381469727,12.350000381469727,12.350000381469727,12.350000381469727,15849,0.0,0.0,0.0
2025-05-09 01:45:00+00:00,12.350000381469727,12.369999885559082,12.350000381469727,12.359999656677246,31742,0.0,0.0,0.0
2025-05-09 01:50:00+00:00,12.369999885559082,12.369999885559082,12.369999885559082,12.369999885559082,5091,0.0,0.0,0.0
2025-05-09 01:55:00+00:00,12.369999885559082,12.369999885559082,12.369999885559082,12.369999885559082,16227,0.0,0.0,0.0
2025-05-09 02:00:00+00:00,12.380000114440918,12.380000114440918,12.369999885559082,12.369999885559082,29301,0.0,0.0,0.0
2025-05-09 02:05:00+00:00,12.359999656677246,12.390000343322754,12.359999656677246,12.390000343322754,13292,0.0,0.0,0.0
2025-05-09 02:10:00+00:00,12.390000343322754,12.390000343322754,12.380000114440918,12.380000114440918,11050,0.0,0.0,0.0
2025-05-09 02:15:00+00:00,12.380000114440918,12.380000114440918,12.380000114440918,12.380000114440918,4661,0.0,0.0,0.0
2025-05-09 02:20:00+00:00,12.380000114440918,12.380000114440918,12.380000114440918,12.380000114440918,8049,0.0,0.0,0.0
2025-05-09 02:25:00+00:00,12.380000114440918,12.390000343322754,12.380000114440918,12.390000343322754,17050,0.0,0.0,0.0
2025-05-09 02:30:00+00:00,12.390000343322754,12.399999618530273,12.390000343322754,12.399999618530273,83970,0.0,0.0,0.0
2025-05-09 02:35:00+00:00,12.399999618530273,12.399999618530273,12.399999618530273,12.399999618530273,142103,0.0,0.0,0.0
2025-05-09 02:40:00+00:00,12.399999618530273,12.40999984741211,12.399999618530273,12.40999984741211,47218,0.0,0.0,0.0
2025-05-09 02:45:00+00:00,12.40999984741211,12.420000076293945,12.40999984741211,12.420000076293945,44883,0.0,0.0,0.0
2025-05-09 02:50:00+00:00,12.420000076293945,12.420000076293945,12.40999984741211,12.40999984741211,9050,0.0,0.0,0.0
2025-05-09 02:55:00+00:00,12.40999984741211,12.420000076293945,12.40999984741211,12.420000076293945,12162,0.0,0.0,0.0
2025-05-09 03:00:00+00:00,12.399999618530273,12.399999618530273,12.399999618530273,12.399999618530273,10753,0.0,0.0,0.0
2025-05-09 03:05:00+00:00,12.40999984741211,12.420000076293945,12.40999984741211,12.420000076293945,33154,0.0,0.0,0.0
2025-05-09 03:10:00+00:00,12.420000076293945,12.430000305175781,12.420000076293945,12.430000305175781,45680,0.0,0.0,0.0
2025-05-09 03:15:00+00:00,12.4399995803833,12.4399995803833,12.430000305175781,12.430000305175781,13111,0.0,0.0,0.0
2025-05-09 03:20:00+00:00,12.4399995803833,12.4399995803833,12.420000076293945,12.420000076293945,32051,0.0,0.0,0.0
2025-05-09 03:25:00+00:00,12.420000076293945,12.420000076293945,12.420000076293945,12.420000076293945,32045,0.0,0.0,0.0
2025-05-09 03:30:00+00:00,12.430000305175781,12.449999809265137,12.430000305175781,12.449999809265137,80440,0.0,0.0,0.0
2025-05-09 03:35:00+00:00,12.4399995803833,12.4399995803833,12.4399995803833,12.4399995803833,14816,0.0,0.0,0.0
2025-05-09 03:40:00+00:00,12.4399995803833,12.4399995803833,12.4399995803833,12.4399995803833,2011,0.0,0.0,0.0
2025-05-09 03:45:00+00:00,12.4399995803833,12.4399995803833,12.430000305175781,12.430000305175781,3222,0.0,0.0,0.0
2025-05-09 03:50:00+00:00,12.430000305175781,12.430000305175781,12.430000305175781,12.430000305175781,4016,0.0,0.0,0.0
2025-05-09 03:55:00+00:00,12.4399995803833,12.4399995803833,12.4399995803833,12.4399995803833,40029,0.0,0.0,0.0
2025-05-09 04:00:00+00:00,12.4399995803833,12.449999809265137,12.4399995803833,12.449999809265137,42187,0.0,0.0,0.0
2025-05-09 04:05:00+00:00,12.449999809265137,12.449999809265137,12.4399995803833,12.449999809265137,10070,0.0,0.0,0.0
2025-05-09 04:10:00+00:00,12.449999809265137,12.449999809265137,12.4399995803833,12.4399995803833,37361,0.0,0.0,0.0
2025-05-09 04:15:00+00:00,12.4399995803833,12.4399995803833,12.430000305175781,12.430000305175781,26315,0.0,0.0,0.0
2025-05-09 04:20:00+00:00,12.430000305175781,12.4399995803833,12.420000076293945,12.420000076293945,20060,0.0,0.0,0.0
2025-05-09 04:25:00+00:00,12.430000305175781,12.4399995803833,12.430000305175781,12.4399995803833,29268,0.0,0.0,0.0
2025-05-09 04:30:00+00:00,12.449999809265137,12.449999809265137,12.4399995803833,12.4399995803833,3742,0.0,0.0,0.0
2025-05-09 04:35:00+00:00,12.4399995803833,12.449999809265137,12.4399995803833,12.449999809265137,19644,0.0,0.0,0.0
2025-05-09 04:40:00+00:00,12.449999809265137,12.449999809265137,12.449999809265137,12.449999809265137,10282,0.0,0.0,0.0
2025-05-09 04:45:00+00:00,12.449999809265137,12.449999809265137,12.449999809265137,12.449999809265137,27100,0.0,0.0,0.0
2025-05-09 04:50:00+00:00,12.449999809265137,12.449999809265137,12.4399995803833,12.4399995803833,5073,0.0,0.0,0.0
2025-05-09 04:55:00+00:00,12.4399995803833,12.4399995803833,12.4399995803833,12.4399995803833,7280,0.0,0.0,0.0
2025-05-09 05:00:00+00:00,12.4399995803833,12.449999809265137,12.4399995803833,12.4399995803833,33060,0.0,0.0,0.0
2025-05-09 05:05:00+00:00,12.430000305175781,12.4399995803833,12.430000305175781,12.4399995803833,4552,0.0,0.0,0.0
2025-05-09 05:10:00+00:00,12.4399995803833,12.449999809265137,12.4399995803833,12.4399995803833,23562,0.0,0.0,0.0
2025-05-09 05:15:00+00:00,12.4399995803833,12.449999809265137,12.4399995803833,12.449999809265137,115190,0.0,0.0,0.0
2025-05-09 05:20:00+00:00,12.449999809265137,12.449999809265137,12.4399995803833,12.449999809265137,59911,0.0,0.0,0.0
2025-05-12 01:00:00+00:00,12.529999732971191,12.579999923706055,12.529999732971191,12.579999923706055,0,0.0,0.0,0.0
2025-05-12 01:05:00+00:00,12.59000015258789,12.600000381469727,12.579999923706055,12.600000381469727,233000,0.0,0.0,0.0
2025-05-12 01:10:00+00:00,12.600000381469727,12.609999656677246,12.600000381469727,12.609999656677246,66084,0.0,0.0,0.0
2025-05-12 01:15:00+00:00,12.609999656677246,12.609999656677246,12.600000381469727,12.600000381469727,10397,0.0,0.0,0.0
2025-05-12 01:20:00+00:00,12.600000381469727,12.600000381469727,12.59000015258789,12.600000381469727,86079,0.0,0.0,0.0
2025-05-12 01:25:00+00:00,12.600000381469727,12.600000381469727,12.59000015258789,12.59000015258789,64611,0.0,0.0,0.0
2025-05-12 01:30:00+00:00,12.600000381469727,12.600000381469727,12.59000015258789,12.59000015258789,140694,0.0,0.0,0.0
2025-05-12 01:35:00+00:00,12.59000015258789,12.59000015258789,12.579999923706055,12.59000015258789,99597,0.0,0.0,0.0
2025-05-12 01:40:00+00:00,12.59000015258789,12.59000015258789,12.5600004196167,12.5600004196167,50765,0.0,0.0,0.0
2025-05-12 01:45:00+00:00,12.5600004196167,12.579999923706055,12.5600004196167,12.569999694824219,19043,0.0,0.0,0.0
2025-05-12 01:50:00+00:00,12.579999923706055,12.579999923706055,12.5600004196167,12.5600004196167,36773,0.0,0.0,0.0
2025-05-12 01:55:00+00:00,12.569999694824219,12.569999694824219,12.569999694824219,12.569999694824219,15268,0.0,0.0,0.0
2025-05-12 02:00:00+00:00,12.579999923706055,12.59000015258789,12.579999923706055,12.579999923706055,35851,0.0,0.0,0.0
2025-05-12 02:05:00+00:00,12.579999923706055,12.59000015258789,12.579999923706055,12.579999923706055,19139,0.0,0.0,0.0
2025-05-12 02:10:00+00:00,12.579999923706055,12.59000015258789,12.579999923706055,12.59000015258789,13464,0.0,0.0,0.0
2025-05-12 02:15:00+00:00,12.59000015258789,12.59000015258789,12.579999923706055,12.579999923706055,18538,0.0,0.0,0.0
2025-05-12 02:20:00+00:00,12.579999923706055,12.59000015258789,12.579999923706055,12.59000015258789,53876,0.0,0.0,0.0
2025-05-12 02:25:00+00:00,12.59000015258789,12.600000381469727,12.59000015258789,12.59000015258789,142550,0.0,0.0,0.0
2025-05-12 02:30:00+00:00,12.59000015258789,12.59000015258789,12.579999923706055,12.579999923706055,19250,0.0,0.0,0.0
2025-05-12 02:35:00+00:00,12.579999923706055,12.579999923706055,12.569999694824219,12.569999694824219,46033,0.0,0.0,0.0
2025-05-12 02:40:00+00:00,12.579999923706055,12.579999923706055,12.569999694824219,12.579999923706055,16707,0.0,0.0,0.0
2025-05-12 02:45:00+00:00,12.579999923706055,12.579999923706055,12.579999923706055,12.579999923706055,4693,0.0,0.0,0.0
2025-05-12 02:50:00+00:00,12.579999923706055,12.579999923706055,12.579999923706055,12.579999923706055,10059,0.0,0.0,0.0
2025-05-12 02:55:00+00:00,12.59000015258789,12.59000015258789,12.579999923706055,12.579999923706055,138673,0.0,0.0,0.0
2025-05-12 03:00:00+00:00,12.579999923706055,12.579999923706055,12.5600004196167,12.579999923706055,15062,0.0,0.0,0.0
2025-05-12 03:05:00+00:00,12.579999923706055,12.579999923706055,12.579999923706055,12.579999923706055,4101,0.0,0.0,0.0
2025-05-12 03:10:00+00:00,12.569999694824219,12.569999694824219,12.569999694824219,12.569999694824219,5422,0.0,0.0,0.0
2025-05-12 03:15:00+00:00,12.569999694824219,12.569999694824219,12.5600004196167,12.569999694824219,21140,0.0,0.0,0.0
2025-05-12 03:20:00+00:00,12.569999694824219,12.569999694824219,12.5600004196167,12.5600004196167,11626,0.0,0.0,0.0
2025-05-12 03:25:00+00:00,12.5600004196167,12.5600004196167,12.550000190734863,12.550000190734863,51416,0.0,0.0,0.0
2025-05-12 03:30:00+00:00,12.550000190734863,12.550000190734863,12.539999961853027,12.539999961853027,11439,0.0,0.0,0.0
2025-05-12 03:35:00+00:00,12.539999961853027,12.539999961853027,12.539999961853027,12.539999961853027,14178,0.0,0.0,0.0
2025-05-12 03:40:00+00:00,12.539999961853027,12.539999961853027,12.539999961853027,12.539999961853027,6119,0.0,0.0,0.0
2025-05-12 03:45:00+00:00,12.539999961853027,12.550000190734863,12.529999732971191,12.529999732971191,13318,0.0,0.0,0.0
2025-05-12 03:50:00+00:00,12.529999732971191,12.539999961853027,12.529999732971191,12.539999961853027,9167,0.0,0.0,0.0
2025-05-12 03:55:00+00:00,12.529999732971191,12.539999961853027,12.529999732971191,12.539999961853027,6169,0.0,0.0,0.0
2025-05-12 04:00:00+00:00,12.539999961853027,12.539999961853027,12.539999961853027,12.539999961853027,4458,0.0,0.0,0.0
2025-05-12 04:05:00+00:00,12.539999961853027,12.550000190734863,12.539999961853027,12.550000190734863,13180,0.0,0.0,0.0
2025-05-12 04:10:00+00:00,12.539999961853027,12.539999961853027,12.529999732971191,12.539999961853027,72647,0.0,0.0,0.0
2025-05-12 04:15:00+00:00,12.539999961853027,12.550000190734863,12.539999961853027,12.550000190734863,27063,0.0,0.0,0.0
2025-05-12 04:20:00+00:00,12.550000190734863,12.550000190734863,12.539999961853027,12.550000190734863,6602,0.0,0.0,0.0
2025-05-12 04:25:00+00:00,12.550000190734863,12.550000190734863,12.539999961853027,12.539999961853027,5370,0.0,0.0,0.0
2025-05-12 04:30:00+00:00,12.550000190734863,12.550000190734863,12.550000190734863,12.550000190734863,49970,0.0,0.0,0.0
2025-05-12 04:35:00+00:00,12.550000190734863,12.5600004196167,12.550000190734863,12.5600004196167,2310,0.0,0.0,0.0
2025-05-12 04:40:00+00:00,12.550000190734863,12.550000190734863,12.539999961853027,12.539999961853027,36000,0.0,0.0,0.0
2025-05-12 04:45:00+00:00,12.539999961853027,12.5600004196167,12.539999961853027,12.550000190734863,15010,0.0,0.0,0.0
2025-05-12 04:50:00+00:00,12.550000190734863,12.550000190734863,12.539999961853027,12.539999961853027,6290,0.0,0.0,0.0
2025-05-12 04:55:00+00:00,12.550000190734863,12.5600004196167,12.550000190734863,12.550000190734863,7428,0.0,0.0,0.0
2025-05-12 05:00:00+00:00,12.550000190734863,12.550000190734863,12.539999961853027,12.539999961853027,16180,0.0,0.0,0.0
2025-05-12 05:05:00+00:00,12.550000190734863,12.550000190734863,12.539999961853027,12.550000190734863,30242,0.0,0.0,0.0
2025-05-12 05:10:00+00:00,12.550000190734863,12.550000190734863,12.550000190734863,12.550000190734863,3717,0.0,0.0,0.0
2025-05-12 05:15:00+00:00,12.550000190734863,12.550000190734863,12.539999961853027,12.539999961853027,24543,0.0,0.0,0.0
2025-05-12 05:20:00+00:00,12.539999961853027,12.550000190734863,12.539999961853027,12.550000190734863,129943,0.0,0.0,0.0
2025-05-13 01:00:00+00:00,12.770000457763672,12.949999809265137,12.770000457763672,12.899999618530273,0,0.0,0.0,0.0
2025-05-13 01:05:00+00:00,12.890000343322754,12.890000343322754,12.859999656677246,12.859999656677246,104000,0.0,0.0,0.0
2025-05-13 01:10:00+00:00,12.869999885559082,12.869999885559082,12.829999923706055,12.84000015258789,322404,0.0,0.0,0.0
2025-05-13 01:15:00+00:00,12.829999923706055,12.850000381469727,12.829999923706055,12.84000015258789,230795,0.0,0.0,0.0
2025-05-13 01:20:00+00:00,12.84000015258789,12.869999885559082,12.84000015258789,12.869999885559082,256991,0.0,0.0,0.0
2025-05-13 01:25:00+00:00,12.869999885559082,12.869999885559082,12.869999885559082,12.869999885559082,72804,0.0,0.0,0.0
2025-05-13 01:30:00+00:00,12.880000114440918,12.890000343322754,12.859999656677246,12.890000343322754,99783,0.0,0.0,0.0
2025-05-13 01:35:00+00:00,12.890000343322754,12.890000343322754,12.869999885559082,12.869999885559082,87866,0.0,0.0,0.0
2025-05-13 01:40:00+00:00,12.859999656677246,12.859999656677246,12.850000381469727,12.859999656677246,29295,0.0,0.0,0.0
2025-05-13 01:45:00+00:00,12.859999656677246,12.869999885559082,12.859999656677246,12.869999885559082,53193,0.0,0.0,0.0
2025-05-13 01:50:00+00:00,12.869999885559082,12.869999885559082,12.859999656677246,12.859999656677246,15121,0.0,0.0,0.0
2025-05-13 01:55:00+00:00,12.859999656677246,12.859999656677246,12.850000381469727,12.850000381469727,60242,0.0,0.0,0.0
2025-05-13 02:00:00+00:00,12.869999885559082,12.869999885559082,12.869999885559082,12.869999885559082,20445,0.0,0.0,0.0
2025-05-13 02:05:00+00:00,12.859999656677246,12.859999656677246,12.84000015258789,12.850000381469727,34264,0.0,0.0,0.0
2025-05-13 02:10:00+00:00,12.829999923706055,12.829999923706055,12.819999694824219,12.819999694824219,69708,0.0,0.0,0.0
2025-05-13 02:15:00+00:00,12.819999694824219,12.819999694824219,12.800000190734863,12.8100004196167,144531,0.0,0.0,0.0
2025-05-13 02:20:00+00:00,12.8100004196167,12.819999694824219,12.800000190734863,12.800000190734863,114239,0.0,0.0,0.0
2025-05-13 02:25:00+00:00,12.789999961853027,12.800000190734863,12.789999961853027,12.789999961853027,8005,0.0,0.0,0.0
2025-05-13 02:30:00+00:00,12.789999961853027,12.789999961853027,12.770000457763672,12.770000457763672,60573,0.0,0.0,0.0
2025-05-13 02:35:00+00:00,12.770000457763672,12.789999961853027,12.770000457763672,12.789999961853027,69325,0.0,0.0,0.0
2025-05-13 02:40:00+00:00,12.779999732971191,12.789999961853027,12.779999732971191,12.789999961853027,14579,0.0,0.0,0.0
2025-05-13 02:45:00+00:00,12.800000190734863,12.800000190734863,12.770000457763672,12.770000457763672,15660,0.0,0.0,0.0
2025-05-13 02:50:00+00:00,12.779999732971191,12.779999732971191,12.770000457763672,12.779999732971191,12933,0.0,0.0,0.0
2025-05-13 02:55:00+00:00,12.779999732971191,12.779999732971191,12.779999732971191,12.779999732971191,39093,0.0,0.0,0.0
2025-05-13 03:00:00+00:00,12.779999732971191,12.779999732971191,12.770000457763672,12.770000457763672,50112,0.0,0.0,0.0
2025-05-13 03:05:00+00:00,12.779999732971191,12.779999732971191,12.760000228881836,12.760000228881836,8048,0.0,0.0,0.0
2025-05-13 03:10:00+00:00,12.770000457763672,12.770000457763672,12.770000457763672,12.770000457763672,1059,0.0,0.0,0.0
2025-05-13 03:15:00+00:00,12.770000457763672,12.770000457763672,12.760000228881836,12.770000457763672,34056,0.0,0.0,0.0
2025-05-13 03:20:00+00:00,12.770000457763672,12.779999732971191,12.770000457763672,12.779999732971191,15410,0.0,0.0,0.0
2025-05-13 03:25:00+00:00,12.779999732971191,12.789999961853027,12.779999732971191,12.789999961853027,26081,0.0,0.0,0.0
2025-05-13 03:30:00+00:00,12.789999961853027,12.789999961853027,12.789999961853027,12.789999961853027,7039,0.0,0.0,0.0
2025-05-13 03:35:00+00:00,12.779999732971191,12.789999961853027,12.779999732971191,12.789999961853027,25222,0.0,0.0,0.0
2025-05-13 03:40:00+00:00,12.789999961853027,12.789999961853027,12.779999732971191,12.779999732971191,27205,0.0,0.0,0.0
2025-05-13 03:45:00+00:00,12.779999732971191,12.789999961853027,12.779999732971191,12.789999961853027,7794,0.0,0.0,0.0
2025-05-13 03:50:00+00:00,12.779999732971191,12.779999732971191,12.770000457763672,12.770000457763672,23300,0.0,0.0,0.0
2025-05-13 03:55:00+00:00,12.770000457763672,12.779999732971191,12.770000457763672,12.770000457763672,17048,0.0,0.0,0.0
2025-05-13 04:00:00+00:00,12.779999732971191,12.779999732971191,12.779999732971191,12.779999732971191,1215,0.0,0.0,0.0
2025-05-13 04:05:00+00:00,12.779999732971191,12.789999961853027,12.770000457763672,12.779999732971191,7807,0.0,0.0,0.0
2025-05-13 04:10:00+00:00,12.770000457763672,12.779999732971191,12.770000457763672,12.779999732971191,8518,0.0,0.0,0.0
2025-05-13 04:15:00+00:00,12.779999732971191,12.779999732971191,12.770000457763672,12.779999732971191,7327,0.0,0.0,0.0
2025-05-13 04:20:00+00:00,12.779999732971191,12.779999732971191,12.779999732971191,12.779999732971191,75192,0.0,0.0,0.0
2025-05-13 04:25:00+00:00,12.779999732971191,12.779999732971191,12.770000457763672,12.779999732971191,73352,0.0,0.0,0.0
2025-05-13 04:30:00+00:00,12.789999961853027,12.789999961853027,12.770000457763672,12.770000457763672,3626,0.0,0.0,0.0
2025-05-13 04:35:00+00:00,12.779999732971191,12.779999732971191,12.779999732971191,12.779999732971191,24030,0.0,0.0,0.0
2025-05-13 04:40:00+00:00,12.779999732971191,12.779999732971191,12.770000457763672,12.779999732971191,26506,0.0,0.0,0.0
2025-05-13 04:45:00+00:00,12.770000457763672,12.770000457763672,12.770000457763672,12.770000457763672,3325,0.0,0.0,0.0
2025-05-13 04:50:00+00:00,12.770000457763672,12.779999732971191,12.770000457763672,12.779999732971191,27210,0.0,0.0,0.0
2025-05-13 04:55:00+00:00,12.770000457763672,12.770000457763672,12.760000228881836,12.760000228881836,50285,0.0,0.0,0.0
2025-05-13 05:00:00+00:00,12.770000457763672,12.779999732971191,12.770000457763672,12.779999732971191,48010,0.0,0.0,0.0
2025-05-13 05:05:00+00:00,12.779999732971191,12.779999732971191,12.779999732971191,12.779999732971191,16661,0.0,0.0,0.0
2025-05-13 05:10:00+00:00,12.779999732971191,12.789999961853027,12.779999732971191,12.789999961853027,12400,0.0,0.0,0.0
2025-05-13 05:15:00+00:00,12.789999961853027,12.789999961853027,12.779999732971191,12.779999732971191,23336,0.0,0.0,0.0
2025-05-13 05:20:00+00:00,12.789999961853027,12.789999961853027,12.779999732971191,12.789999961853027,12694,0.0,0.0,0.0
2025-05-14 01:00:00+00:00,12.949999809265137,12.979999542236328,12.949999809265137,12.949999809265137,0,0.0,0.0,0.0
2025-05-14 01:05:00+00:00,12.949999809265137,12.949999809265137,12.9399995803833,12.949999809265137,145425,0.0,0.0,0.0
2025-05-14 01:10:00+00:00,12.949999809265137,12.960000038146973,12.949999809265137,12.949999809265137,57399,0.0,0.0,0.0
2025-05-14 01:15:00+00:00,12.949999809265137,12.960000038146973,12.9399995803833,12.949999809265137,197534,0.0,0.0,0.0
2025-05-14 01:20:00+00:00,12.949999809265137,12.960000038146973,12.949999809265137,12.960000038146973,90048,0.0,0.0,0.0
2025-05-14 01:25:00+00:00,12.960000038146973,12.960000038146973,12.9399995803833,12.960000038146973,95295,0.0,0.0,0.0
2025-05-14 01:30:00+00:00,12.960000038146973,12.960000038146973,12.949999809265137,12.949999809265137,16243,0.0,0.0,0.0
2025-05-14 01:35:00+00:00,12.949999809265137,12.970000267028809,12.949999809265137,12.970000267028809,250740,0.0,0.0,0.0
2025-05-14 01:40:00+00:00,12.970000267028809,13.0,12.970000267028809,12.979999542236328,389720,0.0,0.0,0.0
2025-05-14 01:45:00+00:00,12.979999542236328,12.989999771118164,12.979999542236328,12.979999542236328,12569,0.0,0.0,0.0
2025-05-14 01:50:00+00:00,12.979999542236328,12.989999771118164,12.979999542236328,12.989999771118164,199130,0.0,0.0,0.0
2025-05-14 01:55:00+00:00,12.989999771118164,13.0,12.970000267028809,13.0,246267,0.0,0.0,0.0
2025-05-14 02:00:00+00:00,12.979999542236328,13.0,12.970000267028809,12.979999542236328,60581,0.0,0.0,0.0
2025-05-14 02:05:00+00:00,12.979999542236328,12.979999542236328,12.970000267028809,12.970000267028809,33273,0.0,0.0,0.0
2025-05-14 02:10:00+00:00,12.970000267028809,12.989999771118164,12.970000267028809,12.989999771118164,68158,0.0,0.0,0.0
2025-05-14 02:15:00+00:00,12.989999771118164,13.0,12.989999771118164,12.989999771118164,74714,0.0,0.0,0.0
2025-05-14 02:20:00+00:00,12.989999771118164,12.989999771118164,12.989999771118164,12.989999771118164,19264,0.0,0.0,0.0
2025-05-14 02:25:00+00:00,12.989999771118164,12.989999771118164,12.979999542236328,12.979999542236328,39343,0.0,0.0,0.0
2025-05-14 02:30:00+00:00,12.970000267028809,12.979999542236328,12.970000267028809,12.970000267028809,35261,0.0,0.0,0.0
2025-05-14 02:35:00+00:00,12.960000038146973,12.960000038146973,12.949999809265137,12.960000038146973,81182,0.0,0.0,0.0
2025-05-14 02:40:00+00:00,12.949999809265137,12.960000038146973,12.949999809265137,12.960000038146973,8557,0.0,0.0,0.0
2025-05-14 02:45:00+00:00,12.960000038146973,12.960000038146973,12.949999809265137,12.949999809265137,40852,0.0,0.0,0.0
2025-05-14 02:50:00+00:00,12.949999809265137,12.949999809265137,12.9399995803833,12.9399995803833,15479,0.0,0.0,0.0
2025-05-14 02:55:00+00:00,12.9399995803833,12.949999809265137,12.9399995803833,12.949999809265137,41558,0.0,0.0,0.0
2025-05-14 03:00:00+00:00,12.960000038146973,12.960000038146973,12.960000038146973,12.960000038146973,21348,0.0,0.0,0.0
2025-05-14 03:05:00+00:00,12.970000267028809,12.970000267028809,12.970000267028809,12.970000267028809,25598,0.0,0.0,0.0
2025-05-14 03:10:00+00:00,12.970000267028809,12.970000267028809,12.970000267028809,12.970000267028809,19010,0.0,0.0,0.0
2025-05-14 03:15:00+00:00,12.979999542236328,12.979999542236328,12.979999542236328,12.979999542236328,16353,0.0,0.0,0.0
2025-05-14 03:20:00+00:00,12.989999771118164,12.989999771118164,12.989999771118164,12.989999771118164,4038,0.0,0.0,0.0
2025-05-14 03:25:00+00:00,12.989999771118164,13.010000228881836,12.989999771118164,13.010000228881836,673162,0.0,0.0,0.0
2025-05-14 03:30:00+00:00,13.010000228881836,13.020000457763672,13.010000228881836,13.010000228881836,28357,0.0,0.0,0.0
2025-05-14 03:35:00+00:00,13.0,13.0,13.0,13.0,9124,0.0,0.0,0.0
2025-05-14 03:40:00+00:00,13.0,13.010000228881836,13.0,13.010000228881836,8380,0.0,0.0,0.0
2025-05-14 03:45:00+00:00,13.010000228881836,13.010000228881836,13.0,13.0,42613,0.0,0.0,0.0
2025-05-14 03:50:00+00:00,13.0,13.0,13.0,13.0,1446,0.0,0.0,0.0
2025-05-14 03:55:00+00:00,13.010000228881836,13.010000228881836,13.010000228881836,13.010000228881836,1552,0.0,0.0,0.0
2025-05-14 04:00:00+00:00,13.010000228881836,13.010000228881836,13.010000228881836,13.010000228881836,89024,0.0,0.0,0.0
2025-05-14 04:05:00+00:00,13.0,13.020000457763672,13.0,13.020000457763672,118713,0.0,0.0,0.0
2025-05-14 04:10:00+00:00,13.020000457763672,13.020000457763672,13.010000228881836,13.010000228881836,20227,0.0,0.0,0.0
2025-05-14 04:15:00+00:00,13.010000228881836,13.039999961853027,13.010000228881836,13.020000457763672,180019,0.0,0.0,0.0
2025-05-14 04:20:00+00:00,13.029999732971191,13.039999961853027,13.020000457763672,13.029999732971191,167135,0.0,0.0,0.0
2025-05-14 04:25:00+00:00,13.029999732971191,13.039999961853027,13.020000457763672,13.039999961853027,149117,0.0,0.0,0.0
2025-05-14 04:30:00+00:00,13.039999961853027,13.039999961853027,13.029999732971191,13.039999961853027,158186,0.0,0.0,0.0
2025-05-14 04:35:00+00:00,13.039999961853027,13.050000190734863,13.039999961853027,13.050000190734863,126075,0.0,0.0,0.0
2025-05-14 04:40:00+00:00,13.0600004196167,13.0600004196167,13.050000190734863,13.0600004196167,34238,0.0,0.0,0.0
2025-05-14 04:45:00+00:00,13.0600004196167,13.0600004196167,13.050000190734863,13.050000190734863,30782,0.0,0.0,0.0
2025-05-14 04:50:00+00:00,13.050000190734863,13.0600004196167,13.050000190734863,13.050000190734863,19200,0.0,0.0,0.0
2025-05-14 04:55:00+00:00,13.050000190734863,13.0600004196167,13.050000190734863,13.050000190734863,104564,0.0,0.0,0.0
2025-05-14 05:00:00+00:00,13.050000190734863,13.050000190734863,13.050000190734863,13.050000190734863,38500,0.0,0.0,0.0
2025-05-14 05:05:00+00:00,13.050000190734863,13.050000190734863,13.039999961853027,13.050000190734863,31800,0.0,0.0,0.0
2025-05-14 05:10:00+00:00,13.0600004196167,13.0600004196167,13.050000190734863,13.0600004196167,27193,0.0,0.0,0.0
2025-05-14 05:15:00+00:00,13.0600004196167,13.0600004196167,13.0600004196167,13.0600004196167,42310,0.0,0.0,0.0
2025-05-14 05:20:00+00:00,13.0600004196167,13.0600004196167,13.050000190734863,13.0600004196167,20796,0.0,0.0,0.0
2025-05-15 01:00:00+00:00,13.039999961853027,13.100000381469727,13.039999961853027,13.100000381469727,0,0.0,0.0,0.0
2025-05-15 01:05:00+00:00,13.100000381469727,13.100000381469727,13.069999694824219,13.069999694824219,51744,0.0,0.0,0.0
2025-05-15 01:10:00+00:00,13.069999694824219,13.100000381469727,13.069999694824219,13.100000381469727,85308,0.0,0.0,0.0
2025-05-15 01:15:00+00:00,13.100000381469727,13.100000381469727,13.079999923706055,13.079999923706055,31316,0.0,0.0,0.0
2025-05-15 01:20:00+00:00,13.079999923706055,13.079999923706055,13.050000190734863,13.050000190734863,55588,0.0,0.0,0.0
2025-05-15 01:25:00+00:00,13.039999961853027,13.039999961853027,13.020000457763672,13.029999732971191,30889,0.0,0.0,0.0
2025-05-15 01:30:00+00:00,13.029999732971191,13.029999732971191,13.010000228881836,13.020000457763672,107541,0.0,0.0,0.0
2025-05-15 01:35:00+00:00,13.020000457763672,13.039999961853027,13.020000457763672,13.039999961853027,59233,0.0,0.0,0.0
2025-05-15 01:40:00+00:00,13.039999961853027,13.0600004196167,13.039999961853027,13.0600004196167,210582,0.0,0.0,0.0
2025-05-15 01:45:00+00:00,13.0600004196167,13.069999694824219,13.0600004196167,13.0600004196167,86425,0.0,0.0,0.0
2025-05-15 01:50:00+00:00,13.0600004196167,13.069999694824219,13.0600004196167,13.0600004196167,18318,0.0,0.0,0.0
2025-05-15 01:55:00+00:00,13.0600004196167,13.0600004196167,13.050000190734863,13.0600004196167,216151,0.0,0.0,0.0
2025-05-15 02:00:00+00:00,13.0600004196167,13.0600004196167,13.029999732971191,13.039999961853027,25471,0.0,0.0,0.0
2025-05-15 02:05:00+00:00,13.039999961853027,13.050000190734863,13.039999961853027,13.050000190734863,15302,0.0,0.0,0.0
2025-05-15 02:10:00+00:00,13.050000190734863,13.050000190734863,13.039999961853027,13.039999961853027,73132,0.0,0.0,0.0
2025-05-15 02:15:00+00:00,13.050000190734863,13.050000190734863,13.039999961853027,13.039999961853027,12555,0.0,0.0,0.0
2025-05-15 02:20:00+00:00,13.039999961853027,13.050000190734863,13.029999732971191,13.050000190734863,36082,0.0,0.0,0.0
2025-05-15 02:25:00+00:00,13.029999732971191,13.050000190734863,13.029999732971191,13.039999961853027,66468,0.0,0.0,0.0
2025-05-15 02:30:00+00:00,13.050000190734863,13.0600004196167,13.050000190734863,13.050000190734863,99190,0.0,0.0,0.0
2025-05-15 02:35:00+00:00,13.050000190734863,13.0600004196167,13.039999961853027,13.039999961853027,142497,0.0,0.0,0.0
2025-05-15 02:40:00+00:00,13.039999961853027,13.0600004196167,13.039999961853027,13.0600004196167,12129,0.0,0.0,0.0
2025-05-15 02:45:00+00:00,13.0600004196167,13.0600004196167,13.0600004196167,13.0600004196167,4795,0.0,0.0,0.0
2025-05-15 02:50:00+00:00,13.0600004196167,13.0600004196167,13.050000190734863,13.0600004196167,91190,0.0,0.0,0.0
2025-05-15 02:55:00+00:00,13.0600004196167,13.09000015258789,13.0600004196167,13.09000015258789,97593,0.0,0.0,0.0
2025-05-15 03:00:00+00:00,13.079999923706055,13.09000015258789,13.079999923706055,13.09000015258789,23814,0.0,0.0,0.0
2025-05-15 03:05:00+00:00,13.09000015258789,13.09000015258789,13.09000015258789,13.09000015258789,6533,0.0,0.0,0.0
2025-05-15 03:10:00+00:00,13.09000015258789,13.09000015258789,13.079999923706055,13.079999923706055,27141,0.0,0.0,0.0
2025-05-15 03:15:00+00:00,13.09000015258789,13.09000015258789,13.079999923706055,13.079999923706055,30708,0.0,0.0,0.0
2025-05-15 03:20:00+00:00,13.079999923706055,13.09000015258789,13.079999923706055,13.09000015258789,4748,0.0,0.0,0.0
2025-05-15 03:25:00+00:00,13.09000015258789,13.09000015258789,13.069999694824219,13.069999694824219,13239,0.0,0.0,0.0
2025-05-15 03:30:00+00:00,13.09000015258789,13.09000015258789,13.079999923706055,13.079999923706055,3071,0.0,0.0,0.0
2025-05-15 03:35:00+00:00,13.079999923706055,13.079999923706055,13.079999923706055,13.079999923706055,6023,0.0,0.0,0.0
2025-05-15 03:40:00+00:00,13.079999923706055,13.079999923706055,13.079999923706055,13.079999923706055,2682,0.0,0.0,0.0
2025-05-15 03:45:00+00:00,13.079999923706055,13.079999923706055,13.0600004196167,13.0600004196167,13048,0.0,0.0,0.0
2025-05-15 03:50:00+00:00,13.069999694824219,13.09000015258789,13.069999694824219,13.079999923706055,21140,0.0,0.0,0.0
2025-05-15 03:55:00+00:00,13.079999923706055,13.079999923706055,13.069999694824219,13.069999694824219,3246,0.0,0.0,0.0
2025-05-15 04:00:00+00:00,13.069999694824219,13.069999694824219,13.0600004196167,13.069999694824219,13550,0.0,0.0,0.0
2025-05-15 04:05:00+00:00,13.069999694824219,13.069999694824219,13.069999694824219,13.069999694824219,53144,0.0,0.0,0.0
2025-05-15 04:10:00+00:00,13.079999923706055,13.079999923706055,13.069999694824219,13.069999694824219,30384,0.0,0.0,0.0
2025-05-15 04:15:00+00:00,13.069999694824219,13.069999694824219,13.069999694824219,13.069999694824219,11427,0.0,0.0,0.0
2025-05-15 04:20:00+00:00,13.069999694824219,13.069999694824219,13.069999694824219,13.069999694824219,3165,0.0,0.0,0.0
2025-05-15 04:25:00+00:00,13.0600004196167,13.069999694824219,13.0600004196167,13.069999694824219,9030,0.0,0.0,0.0
2025-05-15 04:30:00+00:00,13.069999694824219,13.069999694824219,13.0600004196167,13.069999694824219,102349,0.0,0.0,0.0
2025-05-15 04:35:00+00:00,13.069999694824219,13.069999694824219,13.069999694824219,13.069999694824219,6000,0.0,0.0,0.0
2025-05-15 04:40:00+00:00,13.069999694824219,13.069999694824219,13.0600004196167,13.069999694824219,49060,0.0,0.0,0.0
2025-05-15 04:45:00+00:00,13.069999694824219,13.069999694824219,13.0600004196167,13.069999694824219,11114,0.0,0.0,0.0
2025-05-15 04:50:00+00:00,13.069999694824219,13.069999694824219,13.0600004196167,13.069999694824219,28210,0.0,0.0,0.0
2025-05-15 04:55:00+00:00,13.069999694824219,13.069999694824219,13.0600004196167,13.0600004196167,16280,0.0,0.0,0.0
2025-05-15 05:00:00+00:00,13.0600004196167,13.0600004196167,13.0600004196167,13.0600004196167,33237,0.0,0.0,0.0
2025-05-15 05:05:00+00:00,13.0600004196167,13.069999694824219,13.0600004196167,13.0600004196167,6061,0.0,0.0,0.0
2025-05-15 05:10:00+00:00,13.0600004196167,13.0600004196167,13.050000190734863,13.050000190734863,37100,0.0,0.0,0.0
2025-05-15 05:15:00+00:00,13.069999694824219,13.069999694824219,13.0600004196167,13.0600004196167,16111,0.0,0.0,0.0
2025-05-15 05:20:00+00:00,13.0600004196167,13.069999694824219,13.050000190734863,13.0600004196167,242226,0.0,0.0,0.0
2025-05-16 01:00:00+00:00,13.0,13.050000190734863,13.0,13.050000190734863,0,0.0,0.0,0.0
2025-05-16 01:05:00+00:00,13.039999961853027,13.069999694824219,13.039999961853027,13.069999694824219,121449,0.0,0.0,0.0
2025-05-16 01:10:00+00:00,13.069999694824219,13.079999923706055,13.0600004196167,13.069999694824219,118714,0.0,0.0,0.0
2025-05-16 01:15:00+00:00,13.069999694824219,13.069999694824219,13.0600004196167,13.0600004196167,18458,0.0,0.0,0.0
2025-05-16 01:20:00+00:00,13.069999694824219,13.069999694824219,13.0600004196167,13.0600004196167,101707,0.0,0.0,0.0
2025-05-16 01:25:00+00:00,13.0600004196167,13.079999923706055,13.0600004196167,13.069999694824219,74086,0.0,0.0,0.0
2025-05-16 01:30:00+00:00,13.09000015258789,13.09000015258789,13.079999923706055,13.079999923706055,56314,0.0,0.0,0.0
2025-05-16 01:35:00+00:00,13.079999923706055,13.109999656677246,13.079999923706055,13.100000381469727,407379,0.0,0.0,0.0
2025-05-16 01:40:00+00:00,13.109999656677246,13.119999885559082,13.109999656677246,13.119999885559082,202045,0.0,0.0,0.0
2025-05-16 01:45:00+00:00,13.119999885559082,13.140000343322754,13.109999656677246,13.130000114440918,167845,0.0,0.0,0.0
2025-05-16 01:50:00+00:00,13.130000114440918,13.130000114440918,13.119999885559082,13.130000114440918,33563,0.0,0.0,0.0
2025-05-16 01:55:00+00:00,13.130000114440918,13.140000343322754,13.130000114440918,13.140000343322754,68516,0.0,0.0,0.0
2025-05-16 02:00:00+00:00,13.140000343322754,13.149999618530273,13.130000114440918,13.149999618530273,152224,0.0,0.0,0.0
2025-05-16 02:05:00+00:00,13.140000343322754,13.149999618530273,13.130000114440918,13.140000343322754,18400,0.0,0.0,0.0
2025-05-16 02:10:00+00:00,13.140000343322754,13.149999618530273,13.130000114440918,13.130000114440918,176175,0.0,0.0,0.0
2025-05-16 02:15:00+00:00,13.130000114440918,13.130000114440918,13.130000114440918,13.130000114440918,18407,0.0,0.0,0.0
2025-05-16 02:20:00+00:00,13.130000114440918,13.149999618530273,13.130000114440918,13.149999618530273,338790,0.0,0.0,0.0
2025-05-16 02:25:00+00:00,13.149999618530273,13.15999984741211,13.149999618530273,13.149999618530273,56947,0.0,0.0,0.0
2025-05-16 02:30:00+00:00,13.149999618530273,13.149999618530273,13.140000343322754,13.149999618530273,57166,0.0,0.0,0.0
2025-05-16 02:35:00+00:00,13.149999618530273,13.170000076293945,13.149999618530273,13.15999984741211,169234,0.0,0.0,0.0
2025-05-16 02:40:00+00:00,13.170000076293945,13.170000076293945,13.15999984741211,13.15999984741211,29522,0.0,0.0,0.0
2025-05-16 02:45:00+00:00,13.170000076293945,13.170000076293945,13.15999984741211,13.15999984741211,31796,0.0,0.0,0.0
2025-05-16 02:50:00+00:00,13.15999984741211,13.15999984741211,13.140000343322754,13.140000343322754,26365,0.0,0.0,0.0
2025-05-16 02:55:00+00:00,13.149999618530273,13.15999984741211,13.149999618530273,13.149999618530273,69507,0.0,0.0,0.0
2025-05-16 03:00:00+00:00,13.149999618530273,13.15999984741211,13.149999618530273,13.15999984741211,19203,0.0,0.0,0.0
2025-05-16 03:05:00+00:00,13.15999984741211,13.15999984741211,13.15999984741211,13.15999984741211,5667,0.0,0.0,0.0
2025-05-16 03:10:00+00:00,13.15999984741211,13.15999984741211,13.149999618530273,13.15999984741211,133266,0.0,0.0,0.0
2025-05-16 03:15:00+00:00,13.15999984741211,13.170000076293945,13.15999984741211,13.15999984741211,20438,0.0,0.0,0.0
2025-05-16 03:20:00+00:00,13.15999984741211,13.170000076293945,13.149999618530273,13.149999618530273,21111,0.0,0.0,0.0
2025-05-16 03:25:00+00:00,13.15999984741211,13.15999984741211,13.149999618530273,13.149999618530273,23016,0.0,0.0,0.0
2025-05-16 03:30:00+00:00,13.15999984741211,13.15999984741211,13.140000343322754,13.15999984741211,14920,0.0,0.0,0.0
2025-05-16 03:35:00+00:00,13.140000343322754,13.149999618530273,13.130000114440918,13.130000114440918,44671,0.0,0.0,0.0
2025-05-16 03:40:00+00:00,13.130000114440918,13.130000114440918,13.119999885559082,13.130000114440918,21902,0.0,0.0,0.0
2025-05-16 03:45:00+00:00,13.130000114440918,13.130000114440918,13.119999885559082,13.119999885559082,7518,0.0,0.0,0.0
2025-05-16 03:50:00+00:00,13.119999885559082,13.130000114440918,13.109999656677246,13.109999656677246,15019,0.0,0.0,0.0
2025-05-16 03:55:00+00:00,13.119999885559082,13.119999885559082,13.119999885559082,13.119999885559082,17106,0.0,0.0,0.0
2025-05-16 04:00:00+00:00,13.130000114440918,13.140000343322754,13.130000114440918,13.140000343322754,12262,0.0,0.0,0.0
2025-05-16 04:05:00+00:00,13.140000343322754,13.140000343322754,13.130000114440918,13.140000343322754,16108,0.0,0.0,0.0
2025-05-16 04:10:00+00:00,13.140000343322754,13.140000343322754,13.130000114440918,13.130000114440918,20228,0.0,0.0,0.0
2025-05-16 04:15:00+00:00,13.140000343322754,13.140000343322754,13.119999885559082,13.130000114440918,7108,0.0,0.0,0.0
2025-05-16 04:20:00+00:00,13.140000343322754,13.140000343322754,13.119999885559082,13.130000114440918,10458,0.0,0.0,0.0
2025-05-16 04:25:00+00:00,13.130000114440918,13.130000114440918,13.130000114440918,13.130000114440918,35256,0.0,0.0,0.0
2025-05-16 04:30:00+00:00,13.140000343322754,13.149999618530273,13.130000114440918,13.149999618530273,71233,0.0,0.0,0.0
2025-05-16 04:35:00+00:00,13.140000343322754,13.149999618530273,13.140000343322754,13.149999618530273,163591,0.0,0.0,0.0
2025-05-16 04:40:00+00:00,13.149999618530273,13.149999618530273,13.149999618530273,13.149999618530273,15549,0.0,0.0,0.0
2025-05-16 04:45:00+00:00,13.140000343322754,13.140000343322754,13.140000343322754,13.140000343322754,5312,0.0,0.0,0.0
2025-05-16 04:50:00+00:00,13.140000343322754,13.149999618530273,13.140000343322754,13.140000343322754,10168,0.0,0.0,0.0
2025-05-16 04:55:00+00:00,13.140000343322754,13.140000343322754,13.140000343322754,13.140000343322754,20527,0.0,0.0,0.0
2025-05-16 05:00:00+00:00,13.140000343322754,13.140000343322754,13.140000343322754,13.140000343322754,29055,0.0,0.0,0.0
2025-05-16 05:05:00+00:00,13.140000343322754,13.149999618530273,13.140000343322754,13.149999618530273,6371,0.0,0.0,0.0
2025-05-16 05:10:00+00:00,13.149999618530273,13.149999618530273,13.140000343322754,13.140000343322754,53066,0.0,0.0,0.0
2025-05-16 05:15:00+00:00,13.149999618530273,13.149999618530273,13.140000343322754,13.140000343322754,12399,0.0,0.0,0.0
2025-05-16 05:20:00+00:00,13.140000343322754,13.149999618530273,13.140000343322754,13.140000343322754,49053,0.0,0.0,0.0
2025-05-19 01:00:00+00:00,13.119999885559082,13.119999885559082,13.079999923706055,13.100000381469727,0,0.0,0.0,0.0
2025-05-19 01:05:00+00:00,13.09000015258789,13.119999885559082,13.09000015258789,13.109999656677246,40064,0.0,0.0,0.0
2025-05-19 01:10:00+00:00,13.100000381469727,13.100000381469727,13.069999694824219,13.069999694824219,134628,0.0,0.0,0.0
2025-05-19 01:15:00+00:00,13.0600004196167,13.069999694824219,13.0600004196167,13.0600004196167,101114,0.0,0.0,0.0
2025-05-19 01:20:00+00:00,13.0600004196167,13.0600004196167,13.050000190734863,13.0600004196167,33155,0.0,0.0,0.0
2025-05-19 01:25:00+00:00,13.0600004196167,13.0600004196167,13.0600004196167,13.0600004196167,18919,0.0,0.0,0.0
2025-05-19 01:30:00+00:00,13.0600004196167,13.0600004196167,13.050000190734863,13.050000190734863,118327,0.0,0.0,0.0
2025-05-19 01:35:00+00:00,13.039999961853027,13.050000190734863,13.029999732971191,13.039999961853027,95750,0.0,0.0,0.0
2025-05-19 01:40:00+00:00,13.039999961853027,13.039999961853027,13.039999961853027,13.039999961853027,16291,0.0,0.0,0.0
2025-05-19 01:45:00+00:00,13.029999732971191,13.039999961853027,13.029999732971191,13.039999961853027,11278,0.0,0.0,0.0
2025-05-19 01:50:00+00:00,13.039999961853027,13.039999961853027,13.029999732971191,13.029999732971191,43253,0.0,0.0,0.0
2025-05-19 01:55:00+00:00,13.029999732971191,13.029999732971191,13.020000457763672,13.020000457763672,12573,0.0,0.0,0.0
2025-05-19 02:00:00+00:00,13.029999732971191,13.029999732971191,13.020000457763672,13.020000457763672,11336,0.0,0.0,0.0
2025-05-19 02:05:00+00:00,13.029999732971191,13.029999732971191,13.029999732971191,13.029999732971191,5174,0.0,0.0,0.0
2025-05-19 02:10:00+00:00,13.029999732971191,13.029999732971191,13.029999732971191,13.029999732971191,7356,0.0,0.0,0.0
2025-05-19 02:15:00+00:00,13.039999961853027,13.050000190734863,13.029999732971191,13.050000190734863,39827,0.0,0.0,0.0
2025-05-19 02:20:00+00:00,13.050000190734863,13.050000190734863,13.029999732971191,13.050000190734863,40060,0.0,0.0,0.0
2025-05-19 02:25:00+00:00,13.050000190734863,13.050000190734863,13.039999961853027,13.039999961853027,3776,0.0,0.0,0.0
2025-05-19 02:30:00+00:00,13.050000190734863,13.050000190734863,13.039999961853027,13.039999961853027,53499,0.0,0.0,0.0
2025-05-19 02:35:00+00:00,13.050000190734863,13.050000190734863,13.029999732971191,13.029999732971191,18407,0.0,0.0,0.0
2025-05-19 02:40:00+00:00,13.039999961853027,13.050000190734863,13.039999961853027,13.050000190734863,118034,0.0,0.0,0.0
2025-05-19 02:45:00+00:00,13.0600004196167,13.069999694824219,13.0600004196167,13.069999694824219,19148,0.0,0.0,0.0
2025-05-19 02:50:00+00:00,13.0600004196167,13.069999694824219,13.0600004196167,13.0600004196167,3027,0.0,0.0,0.0
2025-05-19 02:55:00+00:00,13.069999694824219,13.069999694824219,13.069999694824219,13.069999694824219,2049,0.0,0.0,0.0
2025-05-19 03:00:00+00:00,13.069999694824219,13.069999694824219,13.0600004196167,13.0600004196167,5543,0.0,0.0,0.0
2025-05-19 03:05:00+00:00,13.069999694824219,13.069999694824219,13.050000190734863,13.050000190734863,41074,0.0,0.0,0.0
2025-05-19 03:10:00+00:00,13.039999961853027,13.050000190734863,13.039999961853027,13.039999961853027,51071,0.0,0.0,0.0
2025-05-19 03:15:00+00:00,13.039999961853027,13.050000190734863,13.039999961853027,13.039999961853027,33421,0.0,0.0,0.0
2025-05-19 03:20:00+00:00,13.039999961853027,13.050000190734863,13.039999961853027,13.050000190734863,7491,0.0,0.0,0.0
2025-05-19 03:25:00+00:00,13.039999961853027,13.039999961853027,13.029999732971191,13.039999961853027,5262,0.0,0.0,0.0
2025-05-19 03:30:00+00:00,13.039999961853027,13.039999961853027,13.010000228881836,13.010000228881836,443613,0.0,0.0,0.0
2025-05-19 03:35:00+00:00,13.010000228881836,13.010000228881836,13.0,13.010000228881836,53014,0.0,0.0,0.0
2025-05-19 03:40:00+00:00,13.010000228881836,13.010000228881836,12.989999771118164,12.989999771118164,155896,0.0,0.0,0.0
2025-05-19 03:45:00+00:00,12.989999771118164,13.0,12.979999542236328,13.0,79246,0.0,0.0,0.0
2025-05-19 03:50:00+00:00,13.0,13.0,12.989999771118164,12.989999771118164,9781,0.0,0.0,0.0
2025-05-19 03:55:00+00:00,12.989999771118164,12.989999771118164,12.989999771118164,12.989999771118164,1170,0.0,0.0,0.0
2025-05-19 04:00:00+00:00,12.989999771118164,13.0,12.989999771118164,12.989999771118164,17892,0.0,0.0,0.0
2025-05-19 04:05:00+00:00,13.0,13.0,12.979999542236328,12.989999771118164,21665,0.0,0.0,0.0
2025-05-19 04:10:00+00:00,13.0,13.0,13.0,13.0,2540,0.0,0.0,0.0
2025-05-19 04:15:00+00:00,12.989999771118164,12.989999771118164,12.979999542236328,12.989999771118164,25276,0.0,0.0,0.0
2025-05-19 04:20:00+00:00,12.989999771118164,13.0,12.989999771118164,13.0,7937,0.0,0.0,0.0
2025-05-19 04:25:00+00:00,12.989999771118164,12.989999771118164,12.979999542236328,12.979999542236328,19185,0.0,0.0,0.0
2025-05-19 04:30:00+00:00,13.0,13.0,12.979999542236328,12.989999771118164,6950,0.0,0.0,0.0
2025-05-19 04:35:00+00:00,12.989999771118164,12.989999771118164,12.989999771118164,12.989999771118164,4311,0.0,0.0,0.0
2025-05-19 04:40:00+00:00,12.989999771118164,12.989999771118164,12.970000267028809,12.970000267028809,46350,0.0,0.0,0.0
2025-05-19 04:45:00+00:00,12.970000267028809,12.970000267028809,12.960000038146973,12.960000038146973,67652,0.0,0.0,0.0
2025-05-19 04:50:00+00:00,12.960000038146973,12.970000267028809,12.960000038146973,12.970000267028809,15010,0.0,0.0,0.0
2025-05-19 04:55:00+00:00,12.960000038146973,12.960000038146973,12.949999809265137,12.949999809265137,30917,0.0,0.0,0.0
2025-05-19 05:00:00+00:00,12.949999809265137,12.960000038146973,12.949999809265137,12.960000038146973,10650,0.0,0.0,0.0
2025-05-19 05:05:00+00:00,12.960000038146973,12.960000038146973,12.949999809265137,12.949999809265137,27551,0.0,0.0,0.0
2025-05-19 05:10:00+00:00,12.949999809265137,12.949999809265137,12.9399995803833,12.949999809265137,60003,0.0,0.0,0.0
2025-05-19 05:15:00+00:00,12.949999809265137,12.949999809265137,12.949999809265137,12.949999809265137,24397,0.0,0.0,0.0
2025-05-19 05:20:00+00:00,12.949999809265137,12.949999809265137,12.9399995803833,12.949999809265137,61209,0.0,0.0,0.0
2025-05-20 01:00:00+00:00,13.050000190734863,13.09000015258789,13.050000190734863,13.079999923706055,0,0.0,0.0,0.0
2025-05-20 01:05:00+00:00,13.079999923706055,13.09000015258789,13.079999923706055,13.09000015258789,56295,0.0,0.0,0.0
2025-05-20 01:10:00+00:00,13.09000015258789,13.09000015258789,13.050000190734863,13.0600004196167,34006,0.0,0.0,0.0
2025-05-20 01:15:00+00:00,13.0600004196167,13.079999923706055,13.0600004196167,13.0600004196167,21117,0.0,0.0,0.0
2025-05-20 01:20:00+00:00,13.0600004196167,13.0600004196167,13.050000190734863,13.050000190734863,16873,0.0,0.0,0.0
2025-05-20 01:25:00+00:00,13.050000190734863,13.0600004196167,13.050000190734863,13.050000190734863,31809,0.0,0.0,0.0
2025-05-20 01:30:00+00:00,13.0600004196167,13.0600004196167,13.050000190734863,13.050000190734863,26836,0.0,0.0,0.0
2025-05-20 01:35:00+00:00,13.050000190734863,13.050000190734863,13.050000190734863,13.050000190734863,48084,0.0,0.0,0.0
2025-05-20 01:40:00+00:00,13.050000190734863,13.050000190734863,13.039999961853027,13.039999961853027,67117,0.0,0.0,0.0
2025-05-20 01:45:00+00:00,13.050000190734863,13.050000190734863,13.029999732971191,13.050000190734863,52307,0.0,0.0,0.0
2025-05-20 01:50:00+00:00,13.039999961853027,13.039999961853027,13.029999732971191,13.039999961853027,96368,0.0,0.0,0.0
2025-05-20 01:55:00+00:00,13.039999961853027,13.050000190734863,13.039999961853027,13.050000190734863,47127,0.0,0.0,0.0
2025-05-20 02:00:00+00:00,13.050000190734863,13.0600004196167,13.050000190734863,13.0600004196167,17105,0.0,0.0,0.0
2025-05-20 02:10:00+00:00,13.050000190734863,13.0600004196167,13.050000190734863,13.050000190734863,11030,0.0,0.0,0.0
2025-05-20 02:15:00+00:00,13.050000190734863,13.050000190734863,13.020000457763672,13.020000457763672,13076,0.0,0.0,0.0
2025-05-20 02:20:00+00:00,13.020000457763672,13.020000457763672,13.010000228881836,13.010000228881836,17524,0.0,0.0,0.0
2025-05-20 02:25:00+00:00,13.010000228881836,13.010000228881836,13.0,13.010000228881836,29353,0.0,0.0,0.0
2025-05-20 02:30:00+00:00,13.010000228881836,13.020000457763672,13.010000228881836,13.020000457763672,7061,0.0,0.0,0.0
2025-05-20 02:35:00+00:00,13.010000228881836,13.029999732971191,13.010000228881836,13.029999732971191,85030,0.0,0.0,0.0
2025-05-20 02:40:00+00:00,13.029999732971191,13.039999961853027,13.029999732971191,13.039999961853027,20258,0.0,0.0,0.0
2025-05-20 02:45:00+00:00,13.039999961853027,13.039999961853027,13.029999732971191,13.029999732971191,2068,0.0,0.0,0.0
2025-05-20 02:50:00+00:00,13.029999732971191,13.029999732971191,13.020000457763672,13.029999732971191,35059,0.0,0.0,0.0
2025-05-20 02:55:00+00:00,13.029999732971191,13.029999732971191,13.029999732971191,13.029999732971191,2022,0.0,0.0,0.0
2025-05-20 03:00:00+00:00,13.029999732971191,13.029999732971191,13.029999732971191,13.029999732971191,3455,0.0,0.0,0.0
2025-05-20 03:05:00+00:00,13.039999961853027,13.039999961853027,13.029999732971191,13.029999732971191,18064,0.0,0.0,0.0
2025-05-20 03:10:00+00:00,13.020000457763672,13.020000457763672,13.0,13.010000228881836,17376,0.0,0.0,0.0
2025-05-20 03:15:00+00:00,13.0,13.0,12.989999771118164,12.989999771118164,84181,0.0,0.0,0.0
2025-05-20 03:20:00+00:00,12.989999771118164,13.0,12.989999771118164,13.0,29182,0.0,0.0,0.0
2025-05-20 03:25:00+00:00,12.989999771118164,13.0,12.989999771118164,13.0,6061,0.0,0.0,0.0
2025-05-20 03:30:00+00:00,13.0,13.0,13.0,13.0,12034,0.0,0.0,0.0
2025-05-20 03:35:00+00:00,12.989999771118164,13.0,12.989999771118164,13.0,16024,0.0,0.0,0.0
2025-05-20 03:40:00+00:00,13.0,13.0,12.989999771118164,12.989999771118164,45038,0.0,0.0,0.0
2025-05-20 03:45:00+00:00,12.989999771118164,13.0,12.989999771118164,13.0,3215,0.0,0.0,0.0
2025-05-20 03:50:00+00:00,13.0,13.0,12.989999771118164,12.989999771118164,12069,0.0,0.0,0.0
2025-05-20 03:55:00+00:00,12.989999771118164,12.989999771118164,12.989999771118164,12.989999771118164,8034,0.0,0.0,0.0
2025-05-20 04:00:00+00:00,12.989999771118164,13.0,12.989999771118164,13.0,5183,0.0,0.0,0.0
2025-05-20 04:05:00+00:00,12.989999771118164,12.989999771118164,12.989999771118164,12.989999771118164,8310,0.0,0.0,0.0
2025-05-20 04:10:00+00:00,12.989999771118164,12.989999771118164,12.970000267028809,12.970000267028809,17907,0.0,0.0,0.0
2025-05-20 04:15:00+00:00,12.970000267028809,12.979999542236328,12.970000267028809,12.970000267028809,4069,0.0,0.0,0.0
2025-05-20 04:20:00+00:00,12.970000267028809,12.970000267028809,12.970000267028809,12.970000267028809,13216,0.0,0.0,0.0
2025-05-20 04:25:00+00:00,12.970000267028809,12.970000267028809,12.970000267028809,12.970000267028809,11035,0.0,0.0,0.0
2025-05-20 04:30:00+00:00,12.970000267028809,12.970000267028809,12.960000038146973,12.960000038146973,13147,0.0,0.0,0.0
2025-05-20 04:35:00+00:00,12.960000038146973,12.960000038146973,12.960000038146973,12.960000038146973,9416,0.0,0.0,0.0
2025-05-20 04:40:00+00:00,12.960000038146973,12.960000038146973,12.960000038146973,12.960000038146973,43713,0.0,0.0,0.0
2025-05-20 04:45:00+00:00,12.960000038146973,12.960000038146973,12.960000038146973,12.960000038146973,3273,0.0,0.0,0.0
2025-05-20 04:50:00+00:00,12.960000038146973,12.960000038146973,12.949999809265137,12.949999809265137,31084,0.0,0.0,0.0
2025-05-20 04:55:00+00:00,12.960000038146973,12.970000267028809,12.960000038146973,12.960000038146973,12307,0.0,0.0,0.0
2025-05-20 05:00:00+00:00,12.960000038146973,12.960000038146973,12.960000038146973,12.960000038146973,21393,0.0,0.0,0.0
2025-05-20 05:05:00+00:00,12.970000267028809,12.970000267028809,12.970000267028809,12.970000267028809,31271,0.0,0.0,0.0
2025-05-20 05:10:00+00:00,12.970000267028809,12.979999542236328,12.970000267028809,12.979999542236328,11700,0.0,0.0,0.0
2025-05-20 05:15:00+00:00,12.979999542236328,12.989999771118164,12.970000267028809,12.989999771118164,124977,0.0,0.0,0.0
2025-05-20 05:20:00+00:00,12.979999542236328,12.979999542236328,12.960000038146973,12.960000038146973,13678,0.0,0.0,0.0
2025-05-21 01:00:00+00:00,12.989999771118164,13.029999732971191,12.989999771118164,13.029999732971191,0,0.0,0.0,0.0
2025-05-21 01:05:00+00:00,13.050000190734863,13.069999694824219,13.039999961853027,13.050000190734863,82690,0.0,0.0,0.0
2025-05-21 01:10:00+00:00,13.039999961853027,13.069999694824219,13.039999961853027,13.069999694824219,43069,0.0,0.0,0.0
2025-05-21 01:15:00+00:00,13.069999694824219,13.069999694824219,13.069999694824219,13.069999694824219,22334,0.0,0.0,0.0
2025-05-21 01:20:00+00:00,13.069999694824219,13.069999694824219,13.0600004196167,13.0600004196167,56102,0.0,0.0,0.0
2025-05-21 01:25:00+00:00,13.050000190734863,13.050000190734863,13.050000190734863,13.050000190734863,11412,0.0,0.0,0.0
2025-05-21 01:30:00+00:00,13.0600004196167,13.0600004196167,13.050000190734863,13.050000190734863,13497,0.0,0.0,0.0
2025-05-21 01:35:00+00:00,13.039999961853027,13.039999961853027,13.039999961853027,13.039999961853027,15350,0.0,0.0,0.0
2025-05-21 01:40:00+00:00,13.039999961853027,13.050000190734863,13.029999732971191,13.050000190734863,115387,0.0,0.0,0.0
2025-05-21 01:45:00+00:00,13.050000190734863,13.050000190734863,13.039999961853027,13.039999961853027,150172,0.0,0.0,0.0
2025-05-21 01:50:00+00:00,13.050000190734863,13.0600004196167,13.050000190734863,13.050000190734863,9072,0.0,0.0,0.0
2025-05-21 01:55:00+00:00,13.050000190734863,13.050000190734863,13.050000190734863,13.050000190734863,28623,0.0,0.0,0.0
2025-05-21 02:00:00+00:00,13.029999732971191,13.050000190734863,13.029999732971191,13.029999732971191,8832,0.0,0.0,0.0
2025-05-21 02:05:00+00:00,13.029999732971191,13.029999732971191,13.029999732971191,13.029999732971191,109054,0.0,0.0,0.0
2025-05-21 02:10:00+00:00,13.029999732971191,13.050000190734863,13.029999732971191,13.050000190734863,48039,0.0,0.0,0.0
2025-05-21 02:15:00+00:00,13.0600004196167,13.0600004196167,13.0600004196167,13.0600004196167,10871,0.0,0.0,0.0
2025-05-21 02:20:00+00:00,13.050000190734863,13.050000190734863,13.050000190734863,13.050000190734863,21175,0.0,0.0,0.0
2025-05-21 02:25:00+00:00,13.039999961853027,13.039999961853027,13.039999961853027,13.039999961853027,12587,0.0,0.0,0.0
2025-05-21 02:30:00+00:00,13.039999961853027,13.039999961853027,13.039999961853027,13.039999961853027,43062,0.0,0.0,0.0
2025-05-21 02:35:00+00:00,13.050000190734863,13.0600004196167,13.050000190734863,13.0600004196167,25561,0.0,0.0,0.0
2025-05-21 02:40:00+00:00,13.0600004196167,13.069999694824219,13.0600004196167,13.069999694824219,103128,0.0,0.0,0.0
2025-05-21 02:45:00+00:00,13.0600004196167,13.079999923706055,13.0600004196167,13.079999923706055,202082,0.0,0.0,0.0
2025-05-21 02:50:00+00:00,13.079999923706055,13.079999923706055,13.079999923706055,13.079999923706055,23546,0.0,0.0,0.0
2025-05-21 02:55:00+00:00,13.069999694824219,13.069999694824219,13.069999694824219,13.069999694824219,7023,0.0,0.0,0.0
2025-05-21 03:00:00+00:00,13.069999694824219,13.079999923706055,13.0600004196167,13.079999923706055,173076,0.0,0.0,0.0
2025-05-21 03:05:00+00:00,13.09000015258789,13.09000015258789,13.09000015258789,13.09000015258789,59288,0.0,0.0,0.0
2025-05-21 03:10:00+00:00,13.100000381469727,13.100000381469727,13.100000381469727,13.100000381469727,123465,0.0,0.0,0.0
2025-05-21 03:15:00+00:00,13.100000381469727,13.100000381469727,13.09000015258789,13.09000015258789,20049,0.0,0.0,0.0
2025-05-21 03:20:00+00:00,13.09000015258789,13.09000015258789,13.079999923706055,13.079999923706055,12044,0.0,0.0,0.0
2025-05-21 03:25:00+00:00,13.079999923706055,13.09000015258789,13.069999694824219,13.09000015258789,26271,0.0,0.0,0.0
2025-05-21 03:30:00+00:00,13.069999694824219,13.069999694824219,13.069999694824219,13.069999694824219,1602,0.0,0.0,0.0
2025-05-21 03:35:00+00:00,13.09000015258789,13.09000015258789,13.09000015258789,13.09000015258789,20010,0.0,0.0,0.0
2025-05-21 03:40:00+00:00,13.09000015258789,13.100000381469727,13.09000015258789,13.100000381469727,26220,0.0,0.0,0.0
2025-05-21 03:45:00+00:00,13.100000381469727,13.100000381469727,13.100000381469727,13.100000381469727,2621,0.0,0.0,0.0
2025-05-21 03:50:00+00:00,13.09000015258789,13.09000015258789,13.079999923706055,13.09000015258789,33040,0.0,0.0,0.0
2025-05-21 03:55:00+00:00,13.09000015258789,13.09000015258789,13.079999923706055,13.079999923706055,13239,0.0,0.0,0.0
2025-05-21 04:00:00+00:00,13.079999923706055,13.079999923706055,13.079999923706055,13.079999923706055,1017,0.0,0.0,0.0
2025-05-21 04:05:00+00:00,13.079999923706055,13.09000015258789,13.079999923706055,13.079999923706055,37063,0.0,0.0,0.0
2025-05-21 04:10:00+00:00,13.079999923706055,13.079999923706055,13.079999923706055,13.079999923706055,21287,0.0,0.0,0.0
2025-05-21 04:15:00+00:00,13.079999923706055,13.09000015258789,13.079999923706055,13.079999923706055,10815,0.0,0.0,0.0
2025-05-21 04:20:00+00:00,13.079999923706055,13.079999923706055,13.079999923706055,13.079999923706055,35103,0.0,0.0,0.0
2025-05-21 04:25:00+00:00,13.079999923706055,13.079999923706055,13.079999923706055,13.079999923706055,30047,0.0,0.0,0.0
2025-05-21 04:30:00+00:00,13.09000015258789,13.09000015258789,13.079999923706055,13.09000015258789,62028,0.0,0.0,0.0
2025-05-21 04:35:00+00:00,13.09000015258789,13.09000015258789,13.09000015258789,13.09000015258789,28020,0.0,0.0,0.0
2025-05-21 04:40:00+00:00,13.09000015258789,13.09000015258789,13.09000015258789,13.09000015258789,19135,0.0,0.0,0.0
2025-05-21 04:45:00+00:00,13.09000015258789,13.09000015258789,13.09000015258789,13.09000015258789,23235,0.0,0.0,0.0
2025-05-21 04:50:00+00:00,13.09000015258789,13.100000381469727,13.09000015258789,13.100000381469727,13000,0.0,0.0,0.0
2025-05-21 04:55:00+00:00,13.100000381469727,13.100000381469727,13.09000015258789,13.100000381469727,13216,0.0,0.0,0.0
2025-05-21 05:00:00+00:00,13.100000381469727,13.109999656677246,13.100000381469727,13.109999656677246,164033,0.0,0.0,0.0
2025-05-21 05:05:00+00:00,13.109999656677246,13.119999885559082,13.109999656677246,13.119999885559082,96137,0.0,0.0,0.0
2025-05-21 05:10:00+00:00,13.119999885559082,13.119999885559082,13.119999885559082,13.119999885559082,12494,0.0,0.0,0.0
2025-05-21 05:15:00+00:00,13.119999885559082,13.140000343322754,13.119999885559082,13.140000343322754,156632,0.0,0.0,0.0
2025-05-21 05:20:00+00:00,13.130000114440918,13.140000343322754,13.130000114440918,13.140000343322754,34691,0.0,0.0,0.0
2025-05-22 01:00:00+00:00,13.069999694824219,13.069999694824219,12.989999771118164,13.020000457763672,0,0.0,0.0,0.0
2025-05-22 01:05:00+00:00,13.020000457763672,13.020000457763672,13.020000457763672,13.020000457763672,22849,0.0,0.0,0.0
2025-05-22 01:10:00+00:00,13.020000457763672,13.050000190734863,13.020000457763672,13.050000190734863,25846,0.0,0.0,0.0
2025-05-22 01:15:00+00:00,13.050000190734863,13.050000190734863,13.029999732971191,13.029999732971191,16612,0.0,0.0,0.0
2025-05-22 01:20:00+00:00,13.020000457763672,13.020000457763672,13.010000228881836,13.010000228881836,20656,0.0,0.0,0.0
2025-05-22 01:25:00+00:00,13.029999732971191,13.050000190734863,13.029999732971191,13.050000190734863,89115,0.0,0.0,0.0
2025-05-22 01:30:00+00:00,13.050000190734863,13.050000190734863,13.050000190734863,13.050000190734863,40035,0.0,0.0,0.0
2025-05-22 01:35:00+00:00,13.050000190734863,13.050000190734863,13.039999961853027,13.050000190734863,32126,0.0,0.0,0.0
2025-05-22 01:40:00+00:00,13.050000190734863,13.050000190734863,13.039999961853027,13.039999961853027,7738,0.0,0.0,0.0
2025-05-22 01:45:00+00:00,13.039999961853027,13.039999961853027,13.029999732971191,13.029999732971191,230173,0.0,0.0,0.0
2025-05-22 01:50:00+00:00,13.020000457763672,13.020000457763672,13.020000457763672,13.020000457763672,16046,0.0,0.0,0.0
2025-05-22 01:55:00+00:00,13.020000457763672,13.020000457763672,13.0,13.0,21698,0.0,0.0,0.0
2025-05-22 02:00:00+00:00,13.0,13.010000228881836,12.989999771118164,13.0,38900,0.0,0.0,0.0
2025-05-22 02:05:00+00:00,12.989999771118164,13.010000228881836,12.989999771118164,13.010000228881836,17058,0.0,0.0,0.0
2025-05-22 02:10:00+00:00,13.010000228881836,13.010000228881836,13.010000228881836,13.010000228881836,7034,0.0,0.0,0.0
2025-05-22 02:15:00+00:00,13.010000228881836,13.029999732971191,13.010000228881836,13.020000457763672,20146,0.0,0.0,0.0
2025-05-22 02:20:00+00:00,13.020000457763672,13.029999732971191,13.020000457763672,13.029999732971191,12216,0.0,0.0,0.0
2025-05-22 02:25:00+00:00,13.039999961853027,13.039999961853027,13.039999961853027,13.039999961853027,21005,0.0,0.0,0.0
2025-05-22 02:30:00+00:00,13.050000190734863,13.050000190734863,13.050000190734863,13.050000190734863,2058,0.0,0.0,0.0
2025-05-22 02:35:00+00:00,13.039999961853027,13.039999961853027,13.039999961853027,13.039999961853027,4051,0.0,0.0,0.0
2025-05-22 02:40:00+00:00,13.039999961853027,13.0600004196167,13.039999961853027,13.0600004196167,51028,0.0,0.0,0.0
2025-05-22 02:45:00+00:00,13.0600004196167,13.0600004196167,13.039999961853027,13.039999961853027,6514,0.0,0.0,0.0
2025-05-22 02:50:00+00:00,13.039999961853027,13.050000190734863,13.039999961853027,13.050000190734863,9328,0.0,0.0,0.0
2025-05-22 02:55:00+00:00,13.039999961853027,13.039999961853027,13.039999961853027,13.039999961853027,18036,0.0,0.0,0.0
2025-05-22 03:00:00+00:00,13.039999961853027,13.050000190734863,13.039999961853027,13.050000190734863,6092,0.0,0.0,0.0
2025-05-22 03:10:00+00:00,13.039999961853027,13.039999961853027,13.039999961853027,13.039999961853027,9257,0.0,0.0,0.0
2025-05-22 03:15:00+00:00,13.039999961853027,13.050000190734863,13.039999961853027,13.050000190734863,31030,0.0,0.0,0.0
2025-05-22 03:20:00+00:00,13.050000190734863,13.050000190734863,13.050000190734863,13.050000190734863,1723,0.0,0.0,0.0
2025-05-22 03:25:00+00:00,13.0600004196167,13.0600004196167,13.0600004196167,13.0600004196167,16018,0.0,0.0,0.0
2025-05-22 03:30:00+00:00,13.0600004196167,13.069999694824219,13.0600004196167,13.069999694824219,20544,0.0,0.0,0.0
2025-05-22 03:35:00+00:00,13.079999923706055,13.079999923706055,13.079999923706055,13.079999923706055,22298,0.0,0.0,0.0
2025-05-22 03:40:00+00:00,13.079999923706055,13.09000015258789,13.079999923706055,13.09000015258789,2134,0.0,0.0,0.0
2025-05-22 03:45:00+00:00,13.079999923706055,13.09000015258789,13.079999923706055,13.09000015258789,20101,0.0,0.0,0.0
2025-05-22 03:50:00+00:00,13.09000015258789,13.100000381469727,13.09000015258789,13.100000381469727,13060,0.0,0.0,0.0
2025-05-22 03:55:00+00:00,13.09000015258789,13.09000015258789,13.09000015258789,13.09000015258789,2011,0.0,0.0,0.0
2025-05-22 04:00:00+00:00,13.09000015258789,13.100000381469727,13.09000015258789,13.100000381469727,5075,0.0,0.0,0.0
2025-05-22 04:05:00+00:00,13.079999923706055,13.079999923706055,13.079999923706055,13.079999923706055,4026,0.0,0.0,0.0
2025-05-22 04:10:00+00:00,13.079999923706055,13.079999923706055,13.079999923706055,13.079999923706055,6779,0.0,0.0,0.0
2025-05-22 04:20:00+00:00,13.079999923706055,13.079999923706055,13.079999923706055,13.079999923706055,24014,0.0,0.0,0.0
2025-05-22 04:25:00+00:00,13.079999923706055,13.079999923706055,13.079999923706055,13.079999923706055,4107,0.0,0.0,0.0
2025-05-22 04:30:00+00:00,13.079999923706055,13.09000015258789,13.069999694824219,13.079999923706055,78084,0.0,0.0,0.0
2025-05-22 04:35:00+00:00,13.09000015258789,13.09000015258789,13.09000015258789,13.09000015258789,39020,0.0,0.0,0.0
2025-05-22 04:40:00+00:00,13.09000015258789,13.09000015258789,13.079999923706055,13.079999923706055,3300,0.0,0.0,0.0
2025-05-22 04:45:00+00:00,13.069999694824219,13.069999694824219,13.069999694824219,13.069999694824219,13469,0.0,0.0,0.0
2025-05-22 04:50:00+00:00,13.069999694824219,13.069999694824219,13.069999694824219,13.069999694824219,21020,0.0,0.0,0.0
2025-05-22 04:55:00+00:00,13.069999694824219,13.069999694824219,13.069999694824219,13.069999694824219,16223,0.0,0.0,0.0
2025-05-22 05:00:00+00:00,13.069999694824219,13.079999923706055,13.069999694824219,13.069999694824219,15140,0.0,0.0,0.0
2025-05-22 05:05:00+00:00,13.069999694824219,13.069999694824219,13.069999694824219,13.069999694824219,8578,0.0,0.0,0.0
2025-05-22 05:10:00+00:00,13.069999694824219,13.079999923706055,13.069999694824219,13.079999923706055,126312,0.0,0.0,0.0
2025-05-22 05:15:00+00:00,13.079999923706055,13.079999923706055,13.079999923706055,13.079999923706055,5704,0.0,0.0,0.0
2025-05-22 05:20:00+00:00,13.079999923706055,13.079999923706055,13.079999923706055,13.079999923706055,19083,0.0,0.0,0.0
2025-05-23 01:00:00+00:00,13.1899995803833,13.199999809265137,13.15999984741211,13.170000076293945,0,0.0,0.0,0.0
2025-05-23 01:05:00+00:00,13.15999984741211,13.170000076293945,13.149999618530273,13.149999618530273,112000,0.0,0.0,0.0
2025-05-23 01:10:00+00:00,13.140000343322754,13.149999618530273,13.140000343322754,13.149999618530273,81348,0.0,0.0,0.0
2025-05-23 01:15:00+00:00,13.140000343322754,13.15999984741211,13.140000343322754,13.15999984741211,34165,0.0,0.0,0.0
2025-05-23 01:20:00+00:00,13.149999618530273,13.149999618530273,13.109999656677246,13.119999885559082,30716,0.0,0.0,0.0
2025-05-23 01:25:00+00:00,13.119999885559082,13.119999885559082,13.119999885559082,13.119999885559082,1069,0.0,0.0,0.0
2025-05-23 01:30:00+00:00,13.119999885559082,13.119999885559082,13.109999656677246,13.119999885559082,11125,0.0,0.0,0.0
2025-05-23 01:35:00+00:00,13.100000381469727,13.100000381469727,13.09000015258789,13.100000381469727,34538,0.0,0.0,0.0
2025-05-23 01:40:00+00:00,13.09000015258789,13.100000381469727,13.079999923706055,13.079999923706055,21102,0.0,0.0,0.0
2025-05-23 01:45:00+00:00,13.100000381469727,13.100000381469727,13.079999923706055,13.09000015258789,86346,0.0,0.0,0.0
2025-05-23 01:50:00+00:00,13.109999656677246,13.109999656677246,13.100000381469727,13.100000381469727,5021,0.0,0.0,0.0
2025-05-23 01:55:00+00:00,13.100000381469727,13.100000381469727,13.079999923706055,13.079999923706055,26010,0.0,0.0,0.0
2025-05-23 02:00:00+00:00,13.079999923706055,13.09000015258789,13.079999923706055,13.079999923706055,17912,0.0,0.0,0.0
2025-05-23 02:05:00+00:00,13.079999923706055,13.079999923706055,13.069999694824219,13.069999694824219,14405,0.0,0.0,0.0
2025-05-23 02:10:00+00:00,13.069999694824219,13.069999694824219,13.069999694824219,13.069999694824219,1006,0.0,0.0,0.0
2025-05-23 02:15:00+00:00,13.069999694824219,13.079999923706055,13.069999694824219,13.069999694824219,14392,0.0,0.0,0.0
2025-05-23 02:20:00+00:00,13.079999923706055,13.079999923706055,13.069999694824219,13.069999694824219,19116,0.0,0.0,0.0
2025-05-23 02:25:00+00:00,13.069999694824219,13.079999923706055,13.069999694824219,13.079999923706055,28825,0.0,0.0,0.0
2025-05-23 02:30:00+00:00,13.079999923706055,13.079999923706055,13.079999923706055,13.079999923706055,9128,0.0,0.0,0.0
2025-05-23 02:35:00+00:00,13.079999923706055,13.079999923706055,13.069999694824219,13.069999694824219,15022,0.0,0.0,0.0
2025-05-23 02:40:00+00:00,13.069999694824219,13.069999694824219,13.069999694824219,13.069999694824219,8019,0.0,0.0,0.0
2025-05-23 02:45:00+00:00,13.079999923706055,13.079999923706055,13.069999694824219,13.069999694824219,10189,0.0,0.0,0.0
2025-05-23 02:50:00+00:00,13.069999694824219,13.069999694824219,13.069999694824219,13.069999694824219,5225,0.0,0.0,0.0
2025-05-23 02:55:00+00:00,13.0600004196167,13.069999694824219,13.0600004196167,13.069999694824219,6254,0.0,0.0,0.0
2025-05-23 03:00:00+00:00,13.069999694824219,13.069999694824219,13.0600004196167,13.069999694824219,5118,0.0,0.0,0.0
2025-05-23 03:05:00+00:00,13.069999694824219,13.069999694824219,13.069999694824219,13.069999694824219,2034,0.0,0.0,0.0
2025-05-23 03:10:00+00:00,13.069999694824219,13.069999694824219,13.0600004196167,13.0600004196167,11018,0.0,0.0,0.0
2025-05-23 03:15:00+00:00,13.069999694824219,13.069999694824219,13.069999694824219,13.069999694824219,2082,0.0,0.0,0.0
2025-05-23 03:20:00+00:00,13.0600004196167,13.069999694824219,13.0600004196167,13.069999694824219,7023,0.0,0.0,0.0
2025-05-23 03:25:00+00:00,13.069999694824219,13.069999694824219,13.0600004196167,13.069999694824219,7021,0.0,0.0,0.0
2025-05-23 03:30:00+00:00,13.069999694824219,13.069999694824219,13.069999694824219,13.069999694824219,4074,0.0,0.0,0.0
2025-05-23 03:40:00+00:00,13.069999694824219,13.069999694824219,13.0600004196167,13.0600004196167,6002,0.0,0.0,0.0
2025-05-23 03:45:00+00:00,13.0600004196167,13.069999694824219,13.0600004196167,13.0600004196167,13013,0.0,0.0,0.0
2025-05-23 03:50:00+00:00,13.0600004196167,13.0600004196167,13.050000190734863,13.050000190734863,17264,0.0,0.0,0.0
2025-05-23 03:55:00+00:00,13.050000190734863,13.050000190734863,13.039999961853027,13.039999961853027,33298,0.0,0.0,0.0
2025-05-23 04:00:00+00:00,13.039999961853027,13.050000190734863,13.039999961853027,13.039999961853027,56770,0.0,0.0,0.0
2025-05-23 04:05:00+00:00,13.039999961853027,13.050000190734863,13.039999961853027,13.050000190734863,4205,0.0,0.0,0.0
2025-05-23 04:10:00+00:00,13.039999961853027,13.039999961853027,13.029999732971191,13.039999961853027,108623,0.0,0.0,0.0
2025-05-23 04:15:00+00:00,13.029999732971191,13.039999961853027,13.029999732971191,13.039999961853027,5054,0.0,0.0,0.0
2025-05-23 04:20:00+00:00,13.029999732971191,13.029999732971191,13.020000457763672,13.020000457763672,45078,0.0,0.0,0.0
2025-05-23 04:25:00+00:00,13.020000457763672,13.020000457763672,13.010000228881836,13.010000228881836,28794,0.0,0.0,0.0
2025-05-23 04:30:00+00:00,13.020000457763672,13.020000457763672,13.0,13.0,46550,0.0,0.0,0.0
2025-05-23 04:35:00+00:00,13.020000457763672,13.020000457763672,13.020000457763672,13.020000457763672,52310,0.0,0.0,0.0
2025-05-23 04:40:00+00:00,13.020000457763672,13.020000457763672,13.010000228881836,13.020000457763672,36386,0.0,0.0,0.0
2025-05-23 04:45:00+00:00,13.020000457763672,13.020000457763672,13.010000228881836,13.010000228881836,25160,0.0,0.0,0.0
2025-05-23 04:50:00+00:00,13.010000228881836,13.010000228881836,13.0,13.010000228881836,40850,0.0,0.0,0.0
2025-05-23 04:55:00+00:00,13.0,13.010000228881836,13.0,13.010000228881836,9566,0.0,0.0,0.0
2025-05-23 05:00:00+00:00,13.0,13.010000228881836,13.0,13.010000228881836,47480,0.0,0.0,0.0
2025-05-23 05:05:00+00:00,13.029999732971191,13.029999732971191,13.020000457763672,13.020000457763672,2110,0.0,0.0,0.0
2025-05-23 05:10:00+00:00,13.020000457763672,13.029999732971191,13.020000457763672,13.029999732971191,12554,0.0,0.0,0.0
2025-05-23 05:15:00+00:00,13.029999732971191,13.029999732971191,13.020000457763672,13.020000457763672,19816,0.0,0.0,0.0
2025-05-23 05:20:00+00:00,13.029999732971191,13.039999961853027,13.020000457763672,13.029999732971191,61663,0.0,0.0,0.0
2025-05-26 01:00:00+00:00,13.0600004196167,13.0600004196167,13.0,13.0,0,0.0,0.0,0.0
2025-05-26 01:05:00+00:00,13.0,13.039999961853027,13.0,13.039999961853027,209364,0.0,0.0,0.0
2025-05-26 01:10:00+00:00,13.039999961853027,13.050000190734863,13.029999732971191,13.039999961853027,46788,0.0,0.0,0.0
2025-05-26 01:15:00+00:00,13.050000190734863,13.069999694824219,13.039999961853027,13.069999694824219,51215,0.0,0.0,0.0
2025-05-26 01:20:00+00:00,13.069999694824219,13.069999694824219,13.050000190734863,13.050000190734863,17891,0.0,0.0,0.0
2025-05-26 01:25:00+00:00,13.039999961853027,13.050000190734863,13.029999732971191,13.039999961853027,70525,0.0,0.0,0.0
2025-05-26 01:30:00+00:00,13.039999961853027,13.039999961853027,13.010000228881836,13.020000457763672,21048,0.0,0.0,0.0
2025-05-26 01:35:00+00:00,13.020000457763672,13.020000457763672,13.010000228881836,13.020000457763672,8477,0.0,0.0,0.0
2025-05-26 01:40:00+00:00,13.020000457763672,13.020000457763672,13.010000228881836,13.020000457763672,13237,0.0,0.0,0.0
2025-05-26 01:45:00+00:00,13.020000457763672,13.029999732971191,13.010000228881836,13.029999732971191,40626,0.0,0.0,0.0
2025-05-26 01:50:00+00:00,13.029999732971191,13.029999732971191,13.029999732971191,13.029999732971191,36058,0.0,0.0,0.0
2025-05-26 01:55:00+00:00,13.029999732971191,13.039999961853027,13.029999732971191,13.039999961853027,14198,0.0,0.0,0.0
2025-05-26 02:00:00+00:00,13.039999961853027,13.050000190734863,13.039999961853027,13.050000190734863,43279,0.0,0.0,0.0
2025-05-26 02:05:00+00:00,13.0600004196167,13.069999694824219,13.0600004196167,13.069999694824219,29058,0.0,0.0,0.0
2025-05-26 02:10:00+00:00,13.0600004196167,13.069999694824219,13.0600004196167,13.0600004196167,8927,0.0,0.0,0.0
2025-05-26 02:15:00+00:00,13.069999694824219,13.069999694824219,13.050000190734863,13.069999694824219,53911,0.0,0.0,0.0
2025-05-26 02:20:00+00:00,13.069999694824219,13.069999694824219,13.069999694824219,13.069999694824219,2287,0.0,0.0,0.0
2025-05-26 02:25:00+00:00,13.050000190734863,13.050000190734863,13.039999961853027,13.039999961853027,8085,0.0,0.0,0.0
2025-05-26 02:30:00+00:00,13.039999961853027,13.050000190734863,13.039999961853027,13.050000190734863,7172,0.0,0.0,0.0
2025-05-26 02:35:00+00:00,13.039999961853027,13.039999961853027,13.039999961853027,13.039999961853027,3163,0.0,0.0,0.0
2025-05-26 02:40:00+00:00,13.039999961853027,13.039999961853027,13.029999732971191,13.029999732971191,4073,0.0,0.0,0.0
2025-05-26 02:45:00+00:00,13.039999961853027,13.039999961853027,13.039999961853027,13.039999961853027,5147,0.0,0.0,0.0
2025-05-26 02:50:00+00:00,13.029999732971191,13.039999961853027,13.029999732971191,13.029999732971191,10113,0.0,0.0,0.0
2025-05-26 02:55:00+00:00,13.039999961853027,13.039999961853027,13.039999961853027,13.039999961853027,3158,0.0,0.0,0.0
2025-05-26 03:00:00+00:00,13.029999732971191,13.050000190734863,13.029999732971191,13.050000190734863,20172,0.0,0.0,0.0
2025-05-26 03:05:00+00:00,13.050000190734863,13.050000190734863,13.050000190734863,13.050000190734863,7563,0.0,0.0,0.0
2025-05-26 03:10:00+00:00,13.039999961853027,13.050000190734863,13.039999961853027,13.039999961853027,5119,0.0,0.0,0.0
2025-05-26 03:15:00+00:00,13.039999961853027,13.039999961853027,13.039999961853027,13.039999961853027,2222,0.0,0.0,0.0
2025-05-26 03:20:00+00:00,13.039999961853027,13.039999961853027,13.029999732971191,13.029999732971191,4058,0.0,0.0,0.0
2025-05-26 03:25:00+00:00,13.029999732971191,13.029999732971191,13.020000457763672,13.020000457763672,28053,0.0,0.0,0.0
2025-05-26 03:30:00+00:00,13.039999961853027,13.039999961853027,13.020000457763672,13.020000457763672,5153,0.0,0.0,0.0
2025-05-26 03:35:00+00:00,13.020000457763672,13.020000457763672,13.010000228881836,13.010000228881836,11141,0.0,0.0,0.0
2025-05-26 03:40:00+00:00,13.010000228881836,13.020000457763672,13.010000228881836,13.010000228881836,5024,0.0,0.0,0.0
2025-05-26 03:45:00+00:00,13.010000228881836,13.029999732971191,13.010000228881836,13.020000457763672,5081,0.0,0.0,0.0
2025-05-26 03:50:00+00:00,13.020000457763672,13.020000457763672,13.010000228881836,13.010000228881836,18135,0.0,0.0,0.0
2025-05-26 03:55:00+00:00,13.020000457763672,13.020000457763672,13.0,13.010000228881836,9302,0.0,0.0,0.0
2025-05-26 04:00:00+00:00,13.010000228881836,13.010000228881836,13.0,13.010000228881836,5035,0.0,0.0,0.0
2025-05-26 04:05:00+00:00,13.010000228881836,13.029999732971191,13.0,13.029999732971191,39710,0.0,0.0,0.0
2025-05-26 04:10:00+00:00,13.010000228881836,13.010000228881836,13.0,13.010000228881836,18631,0.0,0.0,0.0
2025-05-26 04:15:00+00:00,13.010000228881836,13.010000228881836,13.0,13.010000228881836,23183,0.0,0.0,0.0
2025-05-26 04:20:00+00:00,13.010000228881836,13.010000228881836,13.010000228881836,13.010000228881836,5016,0.0,0.0,0.0
2025-05-26 04:25:00+00:00,13.010000228881836,13.010000228881836,13.010000228881836,13.010000228881836,35092,0.0,0.0,0.0
2025-05-26 04:30:00+00:00,13.010000228881836,13.020000457763672,13.010000228881836,13.020000457763672,16370,0.0,0.0,0.0
2025-05-26 04:35:00+00:00,13.020000457763672,13.020000457763672,13.020000457763672,13.020000457763672,4469,0.0,0.0,0.0
2025-05-26 04:40:00+00:00,13.020000457763672,13.020000457763672,13.020000457763672,13.020000457763672,16518,0.0,0.0,0.0
2025-05-26 04:50:00+00:00,13.020000457763672,13.020000457763672,13.010000228881836,13.010000228881836,14578,0.0,0.0,0.0
2025-05-26 05:00:00+00:00,13.010000228881836,13.010000228881836,13.0,13.010000228881836,13056,0.0,0.0,0.0
2025-05-26 05:05:00+00:00,13.010000228881836,13.010000228881836,13.0,13.0,79435,0.0,0.0,0.0
2025-05-26 05:10:00+00:00,13.0,13.010000228881836,13.0,13.0,29235,0.0,0.0,0.0
2025-05-26 05:15:00+00:00,13.010000228881836,13.010000228881836,13.0,13.0,24829,0.0,0.0,0.0
2025-05-26 05:20:00+00:00,13.0,13.0,13.0,13.0,59420,0.0,0.0,0.0
2025-05-27 01:00:00+00:00,13.010000228881836,13.010000228881836,12.949999809265137,12.949999809265137,0,0.0,0.0,0.0
2025-05-27 01:05:00+00:00,12.949999809265137,12.979999542236328,12.949999809265137,12.960000038146973,14557,0.0,0.0,0.0
2025-05-27 01:10:00+00:00,12.960000038146973,12.960000038146973,12.949999809265137,12.949999809265137,46814,0.0,0.0,0.0
2025-05-27 01:15:00+00:00,12.949999809265137,12.960000038146973,12.949999809265137,12.949999809265137,88104,0.0,0.0,0.0
2025-05-27 01:20:00+00:00,12.960000038146973,12.960000038146973,12.949999809265137,12.949999809265137,12795,0.0,0.0,0.0
2025-05-27 01:25:00+00:00,12.949999809265137,12.979999542236328,12.949999809265137,12.979999542236328,16239,0.0,0.0,0.0
2025-05-27 01:30:00+00:00,12.989999771118164,12.989999771118164,12.979999542236328,12.979999542236328,8758,0.0,0.0,0.0
2025-05-27 01:35:00+00:00,12.979999542236328,12.979999542236328,12.979999542236328,12.979999542236328,10037,0.0,0.0,0.0
2025-05-27 01:40:00+00:00,12.979999542236328,12.979999542236328,12.970000267028809,12.970000267028809,14037,0.0,0.0,0.0
2025-05-27 01:45:00+00:00,12.970000267028809,12.979999542236328,12.960000038146973,12.979999542236328,6090,0.0,0.0,0.0
2025-05-27 01:50:00+00:00,12.960000038146973,12.960000038146973,12.9399995803833,12.9399995803833,100784,0.0,0.0,0.0
2025-05-27 01:55:00+00:00,12.9399995803833,12.9399995803833,12.899999618530273,12.899999618530273,136532,0.0,0.0,0.0
2025-05-27 02:00:00+00:00,12.899999618530273,12.899999618530273,12.890000343322754,12.890000343322754,36547,0.0,0.0,0.0
2025-05-27 02:05:00+00:00,12.890000343322754,12.899999618530273,12.890000343322754,12.890000343322754,6933,0.0,0.0,0.0
2025-05-27 02:10:00+00:00,12.890000343322754,12.890000343322754,12.869999885559082,12.869999885559082,89248,0.0,0.0,0.0
2025-05-27 02:15:00+00:00,12.880000114440918,12.890000343322754,12.880000114440918,12.890000343322754,20033,0.0,0.0,0.0
2025-05-27 02:20:00+00:00,12.890000343322754,12.890000343322754,12.880000114440918,12.880000114440918,53781,0.0,0.0,0.0
2025-05-27 02:25:00+00:00,12.890000343322754,12.890000343322754,12.890000343322754,12.890000343322754,5000,0.0,0.0,0.0
2025-05-27 02:30:00+00:00,12.890000343322754,12.899999618530273,12.890000343322754,12.899999618530273,60418,0.0,0.0,0.0
2025-05-27 02:35:00+00:00,12.920000076293945,12.920000076293945,12.920000076293945,12.920000076293945,2346,0.0,0.0,0.0
2025-05-27 02:40:00+00:00,12.90999984741211,12.920000076293945,12.90999984741211,12.920000076293945,7095,0.0,0.0,0.0
2025-05-27 02:45:00+00:00,12.920000076293945,12.920000076293945,12.90999984741211,12.90999984741211,11054,0.0,0.0,0.0
2025-05-27 02:50:00+00:00,12.899999618530273,12.899999618530273,12.899999618530273,12.899999618530273,1368,0.0,0.0,0.0
2025-05-27 02:55:00+00:00,12.920000076293945,12.920000076293945,12.920000076293945,12.920000076293945,4023,0.0,0.0,0.0
2025-05-27 03:00:00+00:00,12.920000076293945,12.920000076293945,12.920000076293945,12.920000076293945,6468,0.0,0.0,0.0
2025-05-27 03:05:00+00:00,12.90999984741211,12.90999984741211,12.90999984741211,12.90999984741211,3202,0.0,0.0,0.0
2025-05-27 03:10:00+00:00,12.90999984741211,12.90999984741211,12.899999618530273,12.899999618530273,18444,0.0,0.0,0.0
2025-05-27 03:15:00+00:00,12.90999984741211,12.90999984741211,12.890000343322754,12.890000343322754,6234,0.0,0.0,0.0
2025-05-27 03:20:00+00:00,12.899999618530273,12.899999618530273,12.890000343322754,12.899999618530273,3245,0.0,0.0,0.0
2025-05-27 03:25:00+00:00,12.899999618530273,12.899999618530273,12.899999618530273,12.899999618530273,3021,0.0,0.0,0.0
2025-05-27 03:30:00+00:00,12.899999618530273,12.899999618530273,12.890000343322754,12.890000343322754,12507,0.0,0.0,0.0
2025-05-27 03:35:00+00:00,12.899999618530273,12.899999618530273,12.890000343322754,12.890000343322754,4808,0.0,0.0,0.0
2025-05-27 03:40:00+00:00,12.890000343322754,12.890000343322754,12.890000343322754,12.890000343322754,2201,0.0,0.0,0.0
2025-05-27 03:45:00+00:00,12.890000343322754,12.890000343322754,12.890000343322754,12.890000343322754,3028,0.0,0.0,0.0
2025-05-27 03:50:00+00:00,12.890000343322754,12.890000343322754,12.890000343322754,12.890000343322754,6141,0.0,0.0,0.0
2025-05-27 03:55:00+00:00,12.880000114440918,12.890000343322754,12.880000114440918,12.880000114440918,55806,0.0,0.0,0.0
2025-05-27 04:00:00+00:00,12.880000114440918,12.880000114440918,12.859999656677246,12.869999885559082,47147,0.0,0.0,0.0
2025-05-27 04:05:00+00:00,12.869999885559082,12.869999885559082,12.859999656677246,12.869999885559082,20349,0.0,0.0,0.0
2025-05-27 04:10:00+00:00,12.869999885559082,12.869999885559082,12.859999656677246,12.869999885559082,17125,0.0,0.0,0.0
2025-05-27 04:15:00+00:00,12.869999885559082,12.869999885559082,12.859999656677246,12.859999656677246,9302,0.0,0.0,0.0
2025-05-27 04:20:00+00:00,12.869999885559082,12.869999885559082,12.850000381469727,12.850000381469727,73279,0.0,0.0,0.0
2025-05-27 04:25:00+00:00,12.859999656677246,12.859999656677246,12.850000381469727,12.850000381469727,24335,0.0,0.0,0.0
2025-05-27 04:30:00+00:00,12.859999656677246,12.869999885559082,12.850000381469727,12.850000381469727,34055,0.0,0.0,0.0
2025-05-27 04:35:00+00:00,12.859999656677246,12.859999656677246,12.850000381469727,12.850000381469727,9313,0.0,0.0,0.0
2025-05-27 04:40:00+00:00,12.850000381469727,12.859999656677246,12.850000381469727,12.850000381469727,52348,0.0,0.0,0.0
2025-05-27 04:45:00+00:00,12.859999656677246,12.859999656677246,12.84000015258789,12.84000015258789,74371,0.0,0.0,0.0
2025-05-27 04:50:00+00:00,12.859999656677246,12.859999656677246,12.84000015258789,12.850000381469727,14172,0.0,0.0,0.0
2025-05-27 04:55:00+00:00,12.850000381469727,12.859999656677246,12.850000381469727,12.859999656677246,51294,0.0,0.0,0.0
2025-05-27 05:00:00+00:00,12.859999656677246,12.869999885559082,12.859999656677246,12.869999885559082,24070,0.0,0.0,0.0
2025-05-27 05:05:00+00:00,12.869999885559082,12.869999885559082,12.869999885559082,12.869999885559082,8785,0.0,0.0,0.0
2025-05-27 05:10:00+00:00,12.859999656677246,12.869999885559082,12.859999656677246,12.859999656677246,7389,0.0,0.0,0.0
2025-05-27 05:15:00+00:00,12.869999885559082,12.869999885559082,12.859999656677246,12.869999885559082,14752,0.0,0.0,0.0
2025-05-27 05:20:00+00:00,12.869999885559082,12.869999885559082,12.859999656677246,12.859999656677246,55703,0.0,0.0,0.0
2025-05-28 01:00:00+00:00,12.989999771118164,13.079999923706055,12.989999771118164,13.050000190734863,0,0.0,0.0,0.0
2025-05-28 01:05:00+00:00,13.050000190734863,13.0600004196167,13.029999732971191,13.029999732971191,122275,0.0,0.0,0.0
2025-05-28 01:10:00+00:00,13.029999732971191,13.029999732971191,13.029999732971191,13.029999732971191,30227,0.0,0.0,0.0
2025-05-28 01:15:00+00:00,13.020000457763672,13.039999961853027,13.020000457763672,13.039999961853027,6253,0.0,0.0,0.0
2025-05-28 01:20:00+00:00,13.029999732971191,13.039999961853027,13.020000457763672,13.029999732971191,106027,0.0,0.0,0.0
2025-05-28 01:25:00+00:00,13.029999732971191,13.029999732971191,13.020000457763672,13.020000457763672,18234,0.0,0.0,0.0
2025-05-28 01:30:00+00:00,13.029999732971191,13.029999732971191,12.979999542236328,12.979999542236328,83961,0.0,0.0,0.0
2025-05-28 01:35:00+00:00,12.989999771118164,12.989999771118164,12.989999771118164,12.989999771118164,7213,0.0,0.0,0.0
2025-05-28 01:40:00+00:00,12.979999542236328,12.989999771118164,12.979999542236328,12.989999771118164,40148,0.0,0.0,0.0
2025-05-28 01:45:00+00:00,12.989999771118164,12.989999771118164,12.960000038146973,12.970000267028809,48925,0.0,0.0,0.0
2025-05-28 01:50:00+00:00,12.970000267028809,12.970000267028809,12.970000267028809,12.970000267028809,9135,0.0,0.0,0.0
2025-05-28 01:55:00+00:00,12.960000038146973,12.960000038146973,12.960000038146973,12.960000038146973,1079,0.0,0.0,0.0
2025-05-28 02:00:00+00:00,12.960000038146973,12.960000038146973,12.960000038146973,12.960000038146973,21241,0.0,0.0,0.0
2025-05-28 02:05:00+00:00,12.960000038146973,12.960000038146973,12.960000038146973,12.960000038146973,6211,0.0,0.0,0.0
2025-05-28 02:10:00+00:00,12.960000038146973,12.979999542236328,12.960000038146973,12.979999542236328,22521,0.0,0.0,0.0
2025-05-28 02:15:00+00:00,12.979999542236328,12.979999542236328,12.979999542236328,12.979999542236328,12043,0.0,0.0,0.0
2025-05-28 02:20:00+00:00,12.970000267028809,12.970000267028809,12.949999809265137,12.949999809265137,31817,0.0,0.0,0.0
2025-05-28 02:25:00+00:00,12.9399995803833,12.9399995803833,12.9399995803833,12.9399995803833,1061,0.0,0.0,0.0
2025-05-28 02:30:00+00:00,12.949999809265137,12.970000267028809,12.949999809265137,12.970000267028809,3134,0.0,0.0,0.0
2025-05-28 02:35:00+00:00,12.960000038146973,12.960000038146973,12.949999809265137,12.960000038146973,4223,0.0,0.0,0.0
2025-05-28 02:40:00+00:00,12.960000038146973,12.960000038146973,12.960000038146973,12.960000038146973,5033,0.0,0.0,0.0
2025-05-28 02:45:00+00:00,12.949999809265137,12.949999809265137,12.9399995803833,12.9399995803833,10583,0.0,0.0,0.0
2025-05-28 02:50:00+00:00,12.9399995803833,12.9399995803833,12.9399995803833,12.9399995803833,24081,0.0,0.0,0.0
2025-05-28 02:55:00+00:00,12.930000305175781,12.9399995803833,12.930000305175781,12.9399995803833,37318,0.0,0.0,0.0
2025-05-28 03:00:00+00:00,12.9399995803833,12.949999809265137,12.9399995803833,12.949999809265137,98028,0.0,0.0,0.0
2025-05-28 03:05:00+00:00,12.960000038146973,12.960000038146973,12.960000038146973,12.960000038146973,2162,0.0,0.0,0.0
2025-05-28 03:10:00+00:00,12.960000038146973,12.960000038146973,12.960000038146973,12.960000038146973,8017,0.0,0.0,0.0
2025-05-28 03:15:00+00:00,12.970000267028809,12.970000267028809,12.970000267028809,12.970000267028809,2350,0.0,0.0,0.0
2025-05-28 03:20:00+00:00,12.970000267028809,12.970000267028809,12.970000267028809,12.970000267028809,1222,0.0,0.0,0.0
2025-05-28 03:25:00+00:00,12.949999809265137,12.949999809265137,12.949999809265137,12.949999809265137,1029,0.0,0.0,0.0
2025-05-28 03:30:00+00:00,12.949999809265137,12.949999809265137,12.9399995803833,12.949999809265137,4010,0.0,0.0,0.0
2025-05-28 03:35:00+00:00,12.9399995803833,12.9399995803833,12.9399995803833,12.9399995803833,13108,0.0,0.0,0.0
2025-05-28 03:40:00+00:00,12.9399995803833,12.9399995803833,12.920000076293945,12.920000076293945,10941,0.0,0.0,0.0
2025-05-28 03:45:00+00:00,12.930000305175781,12.930000305175781,12.930000305175781,12.930000305175781,1487,0.0,0.0,0.0
2025-05-28 03:50:00+00:00,12.920000076293945,12.920000076293945,12.920000076293945,12.920000076293945,1975,0.0,0.0,0.0
2025-05-28 03:55:00+00:00,12.90999984741211,12.90999984741211,12.90999984741211,12.90999984741211,7434,0.0,0.0,0.0
2025-05-28 04:00:00+00:00,12.90999984741211,12.90999984741211,12.899999618530273,12.90999984741211,7022,0.0,0.0,0.0
2025-05-28 04:05:00+00:00,12.90999984741211,12.90999984741211,12.90999984741211,12.90999984741211,6006,0.0,0.0,0.0
2025-05-28 04:10:00+00:00,12.90999984741211,12.90999984741211,12.90999984741211,12.90999984741211,26510,0.0,0.0,0.0
2025-05-28 04:15:00+00:00,12.90999984741211,12.90999984741211,12.899999618530273,12.899999618530273,6090,0.0,0.0,0.0
2025-05-28 04:20:00+00:00,12.899999618530273,12.899999618530273,12.899999618530273,12.899999618530273,24160,0.0,0.0,0.0
2025-05-28 04:25:00+00:00,12.899999618530273,12.899999618530273,12.890000343322754,12.890000343322754,11419,0.0,0.0,0.0
2025-05-28 04:30:00+00:00,12.899999618530273,12.899999618530273,12.869999885559082,12.869999885559082,29765,0.0,0.0,0.0
2025-05-28 04:35:00+00:00,12.859999656677246,12.859999656677246,12.859999656677246,12.859999656677246,23104,0.0,0.0,0.0
2025-05-28 04:40:00+00:00,12.859999656677246,12.859999656677246,12.850000381469727,12.859999656677246,51896,0.0,0.0,0.0
2025-05-28 04:45:00+00:00,12.869999885559082,12.890000343322754,12.869999885559082,12.890000343322754,14078,0.0,0.0,0.0
2025-05-28 04:50:00+00:00,12.880000114440918,12.890000343322754,12.880000114440918,12.890000343322754,3082,0.0,0.0,0.0
2025-05-28 04:55:00+00:00,12.880000114440918,12.880000114440918,12.869999885559082,12.869999885559082,8503,0.0,0.0,0.0
2025-05-28 05:00:00+00:00,12.869999885559082,12.869999885559082,12.869999885559082,12.869999885559082,15540,0.0,0.0,0.0
2025-05-28 05:05:00+00:00,12.869999885559082,12.890000343322754,12.869999885559082,12.890000343322754,129646,0.0,0.0,0.0
2025-05-28 05:10:00+00:00,12.890000343322754,12.890000343322754,12.890000343322754,12.890000343322754,37431,0.0,0.0,0.0
2025-05-28 05:15:00+00:00,12.899999618530273,12.899999618530273,12.890000343322754,12.899999618530273,106461,0.0,0.0,0.0
2025-05-28 05:20:00+00:00,12.899999618530273,12.90999984741211,12.899999618530273,12.90999984741211,23563,0.0,0.0,0.0
2025-05-29 01:00:00+00:00,13.050000190734863,13.069999694824219,13.010000228881836,13.039999961853027,0,0.0,0.0,0.0
2025-05-29 01:05:00+00:00,13.010000228881836,13.010000228881836,12.970000267028809,12.970000267028809,174999,0.0,0.0,0.0
2025-05-29 01:10:00+00:00,12.989999771118164,12.989999771118164,12.949999809265137,12.960000038146973,85207,0.0,0.0,0.0
2025-05-29 01:15:00+00:00,12.960000038146973,12.960000038146973,12.960000038146973,12.960000038146973,119832,0.0,0.0,0.0
2025-05-29 01:20:00+00:00,12.949999809265137,12.960000038146973,12.949999809265137,12.960000038146973,54011,0.0,0.0,0.0
2025-05-29 01:25:00+00:00,12.960000038146973,12.970000267028809,12.960000038146973,12.970000267028809,2570,0.0,0.0,0.0
2025-05-29 01:30:00+00:00,12.970000267028809,12.970000267028809,12.960000038146973,12.970000267028809,66936,0.0,0.0,0.0
2025-05-29 01:35:00+00:00,12.979999542236328,12.989999771118164,12.979999542236328,12.989999771118164,32674,0.0,0.0,0.0
2025-05-29 01:40:00+00:00,13.0,13.010000228881836,13.0,13.010000228881836,29810,0.0,0.0,0.0
2025-05-29 01:45:00+00:00,13.010000228881836,13.010000228881836,13.0,13.0,36145,0.0,0.0,0.0
2025-05-29 01:50:00+00:00,12.989999771118164,13.0,12.989999771118164,12.989999771118164,14537,0.0,0.0,0.0
2025-05-29 01:55:00+00:00,12.970000267028809,12.989999771118164,12.970000267028809,12.989999771118164,5430,0.0,0.0,0.0
2025-05-29 02:00:00+00:00,12.989999771118164,13.0,12.989999771118164,12.989999771118164,8417,0.0,0.0,0.0
2025-05-29 02:05:00+00:00,12.979999542236328,12.979999542236328,12.979999542236328,12.979999542236328,29534,0.0,0.0,0.0
2025-05-29 02:15:00+00:00,12.979999542236328,12.979999542236328,12.970000267028809,12.970000267028809,15516,0.0,0.0,0.0
2025-05-29 02:20:00+00:00,12.970000267028809,12.970000267028809,12.970000267028809,12.970000267028809,4034,0.0,0.0,0.0
2025-05-29 02:25:00+00:00,12.960000038146973,12.960000038146973,12.949999809265137,12.960000038146973,22458,0.0,0.0,0.0
2025-05-29 02:30:00+00:00,12.960000038146973,12.970000267028809,12.949999809265137,12.949999809265137,64364,0.0,0.0,0.0
2025-05-29 02:35:00+00:00,12.949999809265137,12.949999809265137,12.949999809265137,12.949999809265137,2045,0.0,0.0,0.0
2025-05-29 02:40:00+00:00,12.970000267028809,12.970000267028809,12.960000038146973,12.970000267028809,7345,0.0,0.0,0.0
2025-05-29 02:45:00+00:00,12.970000267028809,12.970000267028809,12.960000038146973,12.960000038146973,12091,0.0,0.0,0.0
2025-05-29 02:50:00+00:00,12.960000038146973,12.960000038146973,12.960000038146973,12.960000038146973,10045,0.0,0.0,0.0
2025-05-29 02:55:00+00:00,12.960000038146973,12.970000267028809,12.949999809265137,12.949999809265137,17061,0.0,0.0,0.0
2025-05-29 03:00:00+00:00,12.970000267028809,12.970000267028809,12.960000038146973,12.970000267028809,31063,0.0,0.0,0.0
2025-05-29 03:05:00+00:00,12.960000038146973,12.970000267028809,12.949999809265137,12.949999809265137,18057,0.0,0.0,0.0
2025-05-29 03:10:00+00:00,12.949999809265137,12.970000267028809,12.949999809265137,12.970000267028809,75034,0.0,0.0,0.0
2025-05-29 03:15:00+00:00,12.979999542236328,12.979999542236328,12.979999542236328,12.979999542236328,1140,0.0,0.0,0.0
2025-05-29 03:20:00+00:00,12.979999542236328,12.979999542236328,12.970000267028809,12.970000267028809,19166,0.0,0.0,0.0
2025-05-29 03:25:00+00:00,12.979999542236328,12.979999542236328,12.979999542236328,12.979999542236328,42051,0.0,0.0,0.0
2025-05-29 03:30:00+00:00,12.989999771118164,12.989999771118164,12.989999771118164,12.989999771118164,10254,0.0,0.0,0.0
2025-05-29 03:35:00+00:00,12.989999771118164,13.0,12.989999771118164,12.989999771118164,12118,0.0,0.0,0.0
2025-05-29 03:40:00+00:00,12.979999542236328,12.979999542236328,12.979999542236328,12.979999542236328,2235,0.0,0.0,0.0
2025-05-29 03:45:00+00:00,12.979999542236328,12.979999542236328,12.979999542236328,12.979999542236328,2146,0.0,0.0,0.0
2025-05-29 03:50:00+00:00,12.970000267028809,12.979999542236328,12.970000267028809,12.970000267028809,6022,0.0,0.0,0.0
2025-05-29 03:55:00+00:00,12.979999542236328,12.979999542236328,12.979999542236328,12.979999542236328,2129,0.0,0.0,0.0
2025-05-29 04:00:00+00:00,12.970000267028809,12.979999542236328,12.970000267028809,12.979999542236328,19623,0.0,0.0,0.0
2025-05-29 04:05:00+00:00,12.979999542236328,12.979999542236328,12.979999542236328,12.979999542236328,2001,0.0,0.0,0.0
2025-05-29 04:10:00+00:00,12.979999542236328,12.979999542236328,12.970000267028809,12.970000267028809,2900,0.0,0.0,0.0
2025-05-29 04:15:00+00:00,12.960000038146973,12.960000038146973,12.949999809265137,12.949999809265137,10006,0.0,0.0,0.0
2025-05-29 04:20:00+00:00,12.960000038146973,12.960000038146973,12.949999809265137,12.949999809265137,25946,0.0,0.0,0.0
2025-05-29 04:25:00+00:00,12.9399995803833,12.949999809265137,12.930000305175781,12.949999809265137,51916,0.0,0.0,0.0
2025-05-29 04:30:00+00:00,12.960000038146973,12.960000038146973,12.960000038146973,12.960000038146973,3230,0.0,0.0,0.0
2025-05-29 04:35:00+00:00,12.960000038146973,12.960000038146973,12.960000038146973,12.960000038146973,1000,0.0,0.0,0.0
2025-05-29 04:40:00+00:00,12.949999809265137,12.960000038146973,12.949999809265137,12.949999809265137,16108,0.0,0.0,0.0
2025-05-29 04:45:00+00:00,12.949999809265137,12.960000038146973,12.949999809265137,12.949999809265137,17250,0.0,0.0,0.0
2025-05-29 04:50:00+00:00,12.949999809265137,12.960000038146973,12.949999809265137,12.960000038146973,60000,0.0,0.0,0.0
2025-05-29 04:55:00+00:00,12.960000038146973,12.960000038146973,12.960000038146973,12.960000038146973,14212,0.0,0.0,0.0
2025-05-29 05:00:00+00:00,12.970000267028809,12.970000267028809,12.949999809265137,12.960000038146973,45100,0.0,0.0,0.0
2025-05-29 05:05:00+00:00,12.960000038146973,12.960000038146973,12.9399995803833,12.949999809265137,130273,0.0,0.0,0.0
2025-05-29 05:10:00+00:00,12.949999809265137,12.949999809265137,12.9399995803833,12.949999809265137,8343,0.0,0.0,0.0
2025-05-29 05:15:00+00:00,12.960000038146973,12.960000038146973,12.949999809265137,12.949999809265137,5122,0.0,0.0,0.0
2025-05-29 05:20:00+00:00,12.949999809265137,12.970000267028809,12.949999809265137,12.970000267028809,94076,0.0,0.0,0.0
2025-06-02 01:00:00+00:00,12.880000114440918,12.890000343322754,12.779999732971191,12.779999732971191,0,0.0,0.0,0.0
2025-06-02 01:05:00+00:00,12.800000190734863,12.819999694824219,12.779999732971191,12.819999694824219,104821,0.0,0.0,0.0
2025-06-02 01:10:00+00:00,12.829999923706055,12.84000015258789,12.819999694824219,12.829999923706055,22857,0.0,0.0,0.0
2025-06-02 01:15:00+00:00,12.829999923706055,12.829999923706055,12.8100004196167,12.8100004196167,82835,0.0,0.0,0.0
2025-06-02 01:20:00+00:00,12.800000190734863,12.800000190734863,12.789999961853027,12.789999961853027,69303,0.0,0.0,0.0
2025-06-02 01:25:00+00:00,12.779999732971191,12.779999732971191,12.770000457763672,12.770000457763672,110525,0.0,0.0,0.0
2025-06-02 01:30:00+00:00,12.770000457763672,12.770000457763672,12.75,12.760000228881836,49159,0.0,0.0,0.0
2025-06-02 01:35:00+00:00,12.760000228881836,12.760000228881836,12.75,12.760000228881836,68106,0.0,0.0,0.0
2025-06-02 01:40:00+00:00,12.75,12.760000228881836,12.739999771118164,12.75,21631,0.0,0.0,0.0
2025-06-02 01:45:00+00:00,12.739999771118164,12.75,12.729999542236328,12.739999771118164,85547,0.0,0.0,0.0
2025-06-02 01:50:00+00:00,12.75,12.75,12.729999542236328,12.729999542236328,224428,0.0,0.0,0.0
2025-06-02 01:55:00+00:00,12.729999542236328,12.729999542236328,12.720000267028809,12.729999542236328,59072,0.0,0.0,0.0
2025-06-02 02:00:00+00:00,12.729999542236328,12.739999771118164,12.729999542236328,12.739999771118164,6353,0.0,0.0,0.0
2025-06-02 02:05:00+00:00,12.75,12.75,12.75,12.75,8620,0.0,0.0,0.0
2025-06-02 02:10:00+00:00,12.739999771118164,12.760000228881836,12.739999771118164,12.760000228881836,93249,0.0,0.0,0.0
2025-06-02 02:15:00+00:00,12.760000228881836,12.770000457763672,12.760000228881836,12.760000228881836,18527,0.0,0.0,0.0
2025-06-02 02:20:00+00:00,12.770000457763672,12.770000457763672,12.770000457763672,12.770000457763672,2118,0.0,0.0,0.0
2025-06-02 02:25:00+00:00,12.770000457763672,12.770000457763672,12.75,12.760000228881836,68302,0.0,0.0,0.0
2025-06-02 02:30:00+00:00,12.760000228881836,12.760000228881836,12.75,12.75,77579,0.0,0.0,0.0
2025-06-02 02:35:00+00:00,12.739999771118164,12.739999771118164,12.739999771118164,12.739999771118164,21432,0.0,0.0,0.0
2025-06-02 02:40:00+00:00,12.739999771118164,12.739999771118164,12.729999542236328,12.729999542236328,58526,0.0,0.0,0.0
2025-06-02 02:45:00+00:00,12.729999542236328,12.729999542236328,12.729999542236328,12.729999542236328,4419,0.0,0.0,0.0
2025-06-02 02:50:00+00:00,12.720000267028809,12.729999542236328,12.710000038146973,12.710000038146973,145755,0.0,0.0,0.0
2025-06-02 02:55:00+00:00,12.710000038146973,12.720000267028809,12.710000038146973,12.710000038146973,22610,0.0,0.0,0.0
2025-06-02 03:00:00+00:00,12.710000038146973,12.710000038146973,12.699999809265137,12.710000038146973,13982,0.0,0.0,0.0
2025-06-02 03:05:00+00:00,12.710000038146973,12.710000038146973,12.699999809265137,12.699999809265137,105563,0.0,0.0,0.0
2025-06-02 03:10:00+00:00,12.699999809265137,12.699999809265137,12.699999809265137,12.699999809265137,17383,0.0,0.0,0.0
2025-06-02 03:15:00+00:00,12.699999809265137,12.710000038146973,12.699999809265137,12.710000038146973,16580,0.0,0.0,0.0
2025-06-02 03:20:00+00:00,12.710000038146973,12.710000038146973,12.699999809265137,12.710000038146973,29178,0.0,0.0,0.0
2025-06-02 03:25:00+00:00,12.699999809265137,12.699999809265137,12.680000305175781,12.6899995803833,61805,0.0,0.0,0.0
2025-06-02 03:30:00+00:00,12.6899995803833,12.6899995803833,12.680000305175781,12.680000305175781,2642,0.0,0.0,0.0
2025-06-02 03:35:00+00:00,12.680000305175781,12.6899995803833,12.680000305175781,12.6899995803833,53605,0.0,0.0,0.0
2025-06-02 03:40:00+00:00,12.6899995803833,12.6899995803833,12.6899995803833,12.6899995803833,14226,0.0,0.0,0.0
2025-06-02 03:45:00+00:00,12.6899995803833,12.6899995803833,12.680000305175781,12.6899995803833,9139,0.0,0.0,0.0
2025-06-02 03:50:00+00:00,12.6899995803833,12.6899995803833,12.6899995803833,12.6899995803833,13586,0.0,0.0,0.0
2025-06-02 03:55:00+00:00,12.6899995803833,12.6899995803833,12.6899995803833,12.6899995803833,7052,0.0,0.0,0.0
2025-06-02 04:00:00+00:00,12.6899995803833,12.699999809265137,12.6899995803833,12.6899995803833,44613,0.0,0.0,0.0
2025-06-02 04:05:00+00:00,12.6899995803833,12.6899995803833,12.6899995803833,12.6899995803833,24377,0.0,0.0,0.0
2025-06-02 04:10:00+00:00,12.6899995803833,12.699999809265137,12.6899995803833,12.699999809265137,6047,0.0,0.0,0.0
2025-06-02 04:15:00+00:00,12.699999809265137,12.699999809265137,12.699999809265137,12.699999809265137,7077,0.0,0.0,0.0
2025-06-02 04:20:00+00:00,12.699999809265137,12.699999809265137,12.699999809265137,12.699999809265137,13491,0.0,0.0,0.0
2025-06-02 04:25:00+00:00,12.699999809265137,12.699999809265137,12.6899995803833,12.699999809265137,15736,0.0,0.0,0.0
2025-06-02 04:30:00+00:00,12.699999809265137,12.699999809265137,12.6899995803833,12.6899995803833,47586,0.0,0.0,0.0
2025-06-02 04:35:00+00:00,12.6899995803833,12.6899995803833,12.6899995803833,12.6899995803833,6729,0.0,0.0,0.0
2025-06-02 04:40:00+00:00,12.699999809265137,12.699999809265137,12.6899995803833,12.699999809265137,14780,0.0,0.0,0.0
2025-06-02 04:45:00+00:00,12.699999809265137,12.699999809265137,12.6899995803833,12.6899995803833,27823,0.0,0.0,0.0
2025-06-02 04:50:00+00:00,12.699999809265137,12.699999809265137,12.6899995803833,12.699999809265137,8026,0.0,0.0,0.0
2025-06-02 04:55:00+00:00,12.699999809265137,12.699999809265137,12.6899995803833,12.6899995803833,13317,0.0,0.0,0.0
2025-06-02 05:00:00+00:00,12.6899995803833,12.720000267028809,12.6899995803833,12.720000267028809,130152,0.0,0.0,0.0
2025-06-02 05:05:00+00:00,12.720000267028809,12.720000267028809,12.710000038146973,12.710000038146973,20569,0.0,0.0,0.0
2025-06-02 05:10:00+00:00,12.710000038146973,12.720000267028809,12.710000038146973,12.720000267028809,3261,0.0,0.0,0.0
2025-06-02 05:15:00+00:00,12.720000267028809,12.720000267028809,12.699999809265137,12.699999809265137,25074,0.0,0.0,0.0
2025-06-02 05:20:00+00:00,12.699999809265137,12.699999809265137,12.6899995803833,12.699999809265137,50420,0.0,0.0,0.0
2025-06-03 01:00:00+00:00,12.819999694824219,12.84000015258789,12.8100004196167,12.829999923706055,0,0.0,0.0,0.0
2025-06-03 01:05:00+00:00,12.84000015258789,12.859999656677246,12.84000015258789,12.859999656677246,55899,0.0,0.0,0.0
2025-06-03 01:10:00+00:00,12.859999656677246,12.859999656677246,12.850000381469727,12.859999656677246,93201,0.0,0.0,0.0
2025-06-03 01:15:00+00:00,12.869999885559082,12.869999885559082,12.859999656677246,12.859999656677246,32862,0.0,0.0,0.0
2025-06-03 01:20:00+00:00,12.859999656677246,12.869999885559082,12.859999656677246,12.869999885559082,66141,0.0,0.0,0.0
2025-06-03 01:25:00+00:00,12.869999885559082,12.880000114440918,12.859999656677246,12.880000114440918,74378,0.0,0.0,0.0
2025-06-03 01:30:00+00:00,12.880000114440918,12.880000114440918,12.880000114440918,12.880000114440918,73288,0.0,0.0,0.0
2025-06-03 01:35:00+00:00,12.890000343322754,12.899999618530273,12.890000343322754,12.890000343322754,21563,0.0,0.0,0.0
2025-06-03 01:40:00+00:00,12.899999618530273,12.899999618530273,12.899999618530273,12.899999618530273,34842,0.0,0.0,0.0
2025-06-03 01:45:00+00:00,12.90999984741211,12.90999984741211,12.899999618530273,12.90999984741211,14270,0.0,0.0,0.0
2025-06-03 01:50:00+00:00,12.90999984741211,12.90999984741211,12.890000343322754,12.899999618530273,51141,0.0,0.0,0.0
2025-06-03 01:55:00+00:00,12.899999618530273,12.899999618530273,12.899999618530273,12.899999618530273,2008,0.0,0.0,0.0
2025-06-03 02:00:00+00:00,12.899999618530273,12.899999618530273,12.880000114440918,12.880000114440918,23817,0.0,0.0,0.0
2025-06-03 02:05:00+00:00,12.880000114440918,12.880000114440918,12.84000015258789,12.84000015258789,107237,0.0,0.0,0.0
2025-06-03 02:10:00+00:00,12.84000015258789,12.84000015258789,12.819999694824219,12.819999694824219,15707,0.0,0.0,0.0
2025-06-03 02:15:00+00:00,12.819999694824219,12.819999694824219,12.800000190734863,12.8100004196167,15740,0.0,0.0,0.0
2025-06-03 02:20:00+00:00,12.819999694824219,12.819999694824219,12.819999694824219,12.819999694824219,1865,0.0,0.0,0.0
2025-06-03 02:25:00+00:00,12.819999694824219,12.819999694824219,12.8100004196167,12.8100004196167,4289,0.0,0.0,0.0
2025-06-03 02:30:00+00:00,12.819999694824219,12.819999694824219,12.800000190734863,12.8100004196167,16166,0.0,0.0,0.0
2025-06-03 02:35:00+00:00,12.8100004196167,12.8100004196167,12.800000190734863,12.800000190734863,20376,0.0,0.0,0.0
2025-06-03 02:40:00+00:00,12.800000190734863,12.800000190734863,12.779999732971191,12.779999732971191,18505,0.0,0.0,0.0
2025-06-03 02:45:00+00:00,12.800000190734863,12.800000190734863,12.789999961853027,12.789999961853027,10142,0.0,0.0,0.0
2025-06-03 02:50:00+00:00,12.789999961853027,12.789999961853027,12.789999961853027,12.789999961853027,26051,0.0,0.0,0.0
2025-06-03 02:55:00+00:00,12.8100004196167,12.8100004196167,12.8100004196167,12.8100004196167,1018,0.0,0.0,0.0
2025-06-03 03:00:00+00:00,12.8100004196167,12.8100004196167,12.800000190734863,12.800000190734863,24196,0.0,0.0,0.0
2025-06-03 03:05:00+00:00,12.8100004196167,12.8100004196167,12.8100004196167,12.8100004196167,1452,0.0,0.0,0.0
2025-06-03 03:15:00+00:00,12.8100004196167,12.8100004196167,12.8100004196167,12.8100004196167,5237,0.0,0.0,0.0
2025-06-03 03:20:00+00:00,12.8100004196167,12.8100004196167,12.8100004196167,12.8100004196167,48343,0.0,0.0,0.0
2025-06-03 03:25:00+00:00,12.8100004196167,12.8100004196167,12.8100004196167,12.8100004196167,3008,0.0,0.0,0.0
2025-06-03 03:30:00+00:00,12.8100004196167,12.8100004196167,12.8100004196167,12.8100004196167,3904,0.0,0.0,0.0
2025-06-03 03:40:00+00:00,12.8100004196167,12.819999694824219,12.8100004196167,12.819999694824219,34140,0.0,0.0,0.0
2025-06-03 03:45:00+00:00,12.819999694824219,12.819999694824219,12.8100004196167,12.8100004196167,51025,0.0,0.0,0.0
2025-06-03 03:50:00+00:00,12.800000190734863,12.800000190734863,12.800000190734863,12.800000190734863,4037,0.0,0.0,0.0
2025-06-03 03:55:00+00:00,12.8100004196167,12.8100004196167,12.8100004196167,12.8100004196167,3253,0.0,0.0,0.0
2025-06-03 04:00:00+00:00,12.800000190734863,12.800000190734863,12.800000190734863,12.800000190734863,130249,0.0,0.0,0.0
2025-06-03 04:05:00+00:00,12.8100004196167,12.8100004196167,12.8100004196167,12.8100004196167,1484,0.0,0.0,0.0
2025-06-03 04:10:00+00:00,12.8100004196167,12.8100004196167,12.8100004196167,12.8100004196167,1478,0.0,0.0,0.0
2025-06-03 04:15:00+00:00,12.800000190734863,12.800000190734863,12.800000190734863,12.800000190734863,1003,0.0,0.0,0.0
2025-06-03 04:20:00+00:00,12.800000190734863,12.800000190734863,12.789999961853027,12.789999961853027,6414,0.0,0.0,0.0
2025-06-03 04:25:00+00:00,12.789999961853027,12.789999961853027,12.789999961853027,12.789999961853027,5006,0.0,0.0,0.0
2025-06-03 04:30:00+00:00,12.800000190734863,12.800000190734863,12.800000190734863,12.800000190734863,8325,0.0,0.0,0.0
2025-06-03 04:35:00+00:00,12.800000190734863,12.800000190734863,12.800000190734863,12.800000190734863,1100,0.0,0.0,0.0
2025-06-03 04:40:00+00:00,12.800000190734863,12.800000190734863,12.800000190734863,12.800000190734863,1110,0.0,0.0,0.0
2025-06-03 04:45:00+00:00,12.789999961853027,12.789999961853027,12.789999961853027,12.789999961853027,5004,0.0,0.0,0.0
2025-06-03 04:50:00+00:00,12.789999961853027,12.789999961853027,12.789999961853027,12.789999961853027,3068,0.0,0.0,0.0
2025-06-03 04:55:00+00:00,12.779999732971191,12.779999732971191,12.779999732971191,12.779999732971191,5182,0.0,0.0,0.0
2025-06-03 05:00:00+00:00,12.789999961853027,12.789999961853027,12.789999961853027,12.789999961853027,12010,0.0,0.0,0.0
2025-06-03 05:05:00+00:00,12.789999961853027,12.789999961853027,12.789999961853027,12.789999961853027,12656,0.0,0.0,0.0
2025-06-03 05:10:00+00:00,12.789999961853027,12.789999961853027,12.789999961853027,12.789999961853027,4126,0.0,0.0,0.0
2025-06-03 05:15:00+00:00,12.800000190734863,12.800000190734863,12.779999732971191,12.779999732971191,12150,0.0,0.0,0.0
2025-06-03 05:20:00+00:00,12.789999961853027,12.800000190734863,12.779999732971191,12.779999732971191,16882,0.0,0.0,0.0
2025-06-04 01:00:00+00:00,12.899999618530273,12.970000267028809,12.899999618530273,12.960000038146973,0,0.0,0.0,0.0
2025-06-04 01:05:00+00:00,12.960000038146973,12.979999542236328,12.960000038146973,12.979999542236328,79000,0.0,0.0,0.0
2025-06-04 01:10:00+00:00,12.989999771118164,12.989999771118164,12.970000267028809,12.979999542236328,127960,0.0,0.0,0.0
2025-06-04 01:15:00+00:00,12.989999771118164,13.0,12.979999542236328,12.989999771118164,154311,0.0,0.0,0.0
2025-06-04 01:20:00+00:00,12.989999771118164,13.010000228881836,12.989999771118164,13.010000228881836,242452,0.0,0.0,0.0
2025-06-04 01:25:00+00:00,13.020000457763672,13.020000457763672,13.020000457763672,13.020000457763672,57734,0.0,0.0,0.0
2025-06-04 01:30:00+00:00,13.029999732971191,13.029999732971191,13.020000457763672,13.020000457763672,43822,0.0,0.0,0.0
2025-06-04 01:35:00+00:00,13.020000457763672,13.029999732971191,13.010000228881836,13.010000228881836,100951,0.0,0.0,0.0
2025-06-04 01:40:00+00:00,13.020000457763672,13.020000457763672,13.010000228881836,13.020000457763672,69468,0.0,0.0,0.0
2025-06-04 01:45:00+00:00,13.020000457763672,13.029999732971191,13.020000457763672,13.020000457763672,48707,0.0,0.0,0.0
2025-06-04 01:50:00+00:00,13.020000457763672,13.029999732971191,13.020000457763672,13.029999732971191,118554,0.0,0.0,0.0
2025-06-04 01:55:00+00:00,13.020000457763672,13.020000457763672,13.010000228881836,13.020000457763672,29823,0.0,0.0,0.0
2025-06-04 02:00:00+00:00,13.010000228881836,13.020000457763672,13.010000228881836,13.010000228881836,26331,0.0,0.0,0.0
2025-06-04 02:05:00+00:00,13.010000228881836,13.010000228881836,13.010000228881836,13.010000228881836,21159,0.0,0.0,0.0
2025-06-04 02:10:00+00:00,13.020000457763672,13.029999732971191,13.020000457763672,13.029999732971191,201479,0.0,0.0,0.0
2025-06-04 02:15:00+00:00,13.020000457763672,13.020000457763672,13.010000228881836,13.010000228881836,5038,0.0,0.0,0.0
2025-06-04 02:20:00+00:00,13.010000228881836,13.020000457763672,13.010000228881836,13.020000457763672,31494,0.0,0.0,0.0
2025-06-04 02:25:00+00:00,13.020000457763672,13.029999732971191,13.020000457763672,13.020000457763672,40368,0.0,0.0,0.0
2025-06-04 02:30:00+00:00,13.029999732971191,13.039999961853027,13.029999732971191,13.029999732971191,255885,0.0,0.0,0.0
2025-06-04 02:35:00+00:00,13.029999732971191,13.029999732971191,13.029999732971191,13.029999732971191,54028,0.0,0.0,0.0
2025-06-04 02:40:00+00:00,13.020000457763672,13.029999732971191,13.020000457763672,13.029999732971191,103042,0.0,0.0,0.0
2025-06-04 02:45:00+00:00,13.029999732971191,13.029999732971191,13.029999732971191,13.029999732971191,12278,0.0,0.0,0.0
2025-06-04 02:50:00+00:00,13.029999732971191,13.029999732971191,13.020000457763672,13.029999732971191,230638,0.0,0.0,0.0
2025-06-04 02:55:00+00:00,13.020000457763672,13.020000457763672,13.020000457763672,13.020000457763672,6186,0.0,0.0,0.0
2025-06-04 03:00:00+00:00,13.020000457763672,13.020000457763672,13.020000457763672,13.020000457763672,8143,0.0,0.0,0.0
2025-06-04 03:05:00+00:00,13.029999732971191,13.029999732971191,13.020000457763672,13.020000457763672,50039,0.0,0.0,0.0
2025-06-04 03:10:00+00:00,13.029999732971191,13.029999732971191,13.020000457763672,13.020000457763672,25467,0.0,0.0,0.0
2025-06-04 03:15:00+00:00,13.020000457763672,13.029999732971191,13.020000457763672,13.029999732971191,26047,0.0,0.0,0.0
2025-06-04 03:20:00+00:00,13.029999732971191,13.029999732971191,13.020000457763672,13.020000457763672,220073,0.0,0.0,0.0
2025-06-04 03:25:00+00:00,13.029999732971191,13.029999732971191,13.029999732971191,13.029999732971191,3013,0.0,0.0,0.0
2025-06-04 03:30:00+00:00,13.029999732971191,13.029999732971191,13.029999732971191,13.029999732971191,6249,0.0,0.0,0.0
2025-06-04 03:35:00+00:00,13.020000457763672,13.020000457763672,13.010000228881836,13.010000228881836,375186,0.0,0.0,0.0
2025-06-04 03:40:00+00:00,13.020000457763672,13.020000457763672,13.010000228881836,13.010000228881836,28364,0.0,0.0,0.0
2025-06-04 03:45:00+00:00,13.010000228881836,13.010000228881836,13.010000228881836,13.010000228881836,220112,0.0,0.0,0.0
2025-06-04 03:50:00+00:00,13.010000228881836,13.010000228881836,13.0,13.0,51050,0.0,0.0,0.0
2025-06-04 03:55:00+00:00,13.0,13.0,13.0,13.0,21074,0.0,0.0,0.0
2025-06-04 04:00:00+00:00,13.0,13.0,13.0,13.0,9030,0.0,0.0,0.0
2025-06-04 04:05:00+00:00,13.0,13.0,12.989999771118164,12.989999771118164,28044,0.0,0.0,0.0
2025-06-04 04:10:00+00:00,12.989999771118164,13.0,12.989999771118164,13.0,44226,0.0,0.0,0.0
2025-06-04 04:15:00+00:00,13.0,13.010000228881836,13.0,13.010000228881836,13492,0.0,0.0,0.0
2025-06-04 04:20:00+00:00,13.010000228881836,13.020000457763672,13.010000228881836,13.020000457763672,106060,0.0,0.0,0.0
2025-06-04 04:25:00+00:00,13.020000457763672,13.020000457763672,13.010000228881836,13.010000228881836,17028,0.0,0.0,0.0
2025-06-04 04:30:00+00:00,13.020000457763672,13.020000457763672,13.010000228881836,13.010000228881836,23237,0.0,0.0,0.0
2025-06-04 04:35:00+00:00,13.010000228881836,13.020000457763672,13.010000228881836,13.010000228881836,213340,0.0,0.0,0.0
2025-06-04 04:40:00+00:00,13.010000228881836,13.010000228881836,13.010000228881836,13.010000228881836,25610,0.0,0.0,0.0
2025-06-04 04:45:00+00:00,13.010000228881836,13.010000228881836,13.010000228881836,13.010000228881836,55411,0.0,0.0,0.0
2025-06-04 04:50:00+00:00,13.010000228881836,13.010000228881836,13.010000228881836,13.010000228881836,38030,0.0,0.0,0.0
2025-06-04 04:55:00+00:00,13.010000228881836,13.010000228881836,13.0,13.0,20125,0.0,0.0,0.0
2025-06-04 05:00:00+00:00,13.010000228881836,13.010000228881836,13.010000228881836,13.010000228881836,14470,0.0,0.0,0.0
2025-06-04 05:05:00+00:00,13.010000228881836,13.010000228881836,13.010000228881836,13.010000228881836,27125,0.0,0.0,0.0
2025-06-04 05:10:00+00:00,13.010000228881836,13.010000228881836,13.0,13.0,34333,0.0,0.0,0.0
2025-06-04 05:15:00+00:00,13.020000457763672,13.020000457763672,13.010000228881836,13.020000457763672,26365,0.0,0.0,0.0
2025-06-04 05:20:00+00:00,13.020000457763672,13.020000457763672,13.010000228881836,13.010000228881836,5425,0.0,0.0,0.0
2025-06-05 01:00:00+00:00,13.039999961853027,13.069999694824219,13.039999961853027,13.069999694824219,0,0.0,0.0,0.0
2025-06-05 01:05:00+00:00,13.0600004196167,13.069999694824219,13.0600004196167,13.069999694824219,79807,0.0,0.0,0.0
2025-06-05 01:10:00+00:00,13.069999694824219,13.069999694824219,13.0600004196167,13.069999694824219,41062,0.0,0.0,0.0
2025-06-05 01:15:00+00:00,13.069999694824219,13.079999923706055,13.069999694824219,13.069999694824219,121831,0.0,0.0,0.0
2025-06-05 01:20:00+00:00,13.069999694824219,13.069999694824219,13.069999694824219,13.069999694824219,12072,0.0,0.0,0.0
2025-06-05 01:25:00+00:00,13.0600004196167,13.069999694824219,13.0600004196167,13.0600004196167,78121,0.0,0.0,0.0
2025-06-05 01:30:00+00:00,13.069999694824219,13.069999694824219,13.050000190734863,13.0600004196167,35337,0.0,0.0,0.0
2025-06-05 01:35:00+00:00,13.0600004196167,13.069999694824219,13.0600004196167,13.069999694824219,109816,0.0,0.0,0.0
2025-06-05 01:40:00+00:00,13.069999694824219,13.069999694824219,13.069999694824219,13.069999694824219,13342,0.0,0.0,0.0
2025-06-05 01:45:00+00:00,13.079999923706055,13.09000015258789,13.079999923706055,13.079999923706055,193572,0.0,0.0,0.0
2025-06-05 01:50:00+00:00,13.079999923706055,13.079999923706055,13.079999923706055,13.079999923706055,19042,0.0,0.0,0.0
2025-06-05 01:55:00+00:00,13.079999923706055,13.079999923706055,13.069999694824219,13.069999694824219,83231,0.0,0.0,0.0
2025-06-05 02:00:00+00:00,13.069999694824219,13.079999923706055,13.0600004196167,13.079999923706055,50045,0.0,0.0,0.0
2025-06-05 02:05:00+00:00,13.079999923706055,13.079999923706055,13.039999961853027,13.039999961853027,29682,0.0,0.0,0.0
2025-06-05 02:10:00+00:00,13.050000190734863,13.050000190734863,13.029999732971191,13.039999961853027,34360,0.0,0.0,0.0
2025-06-05 02:15:00+00:00,13.039999961853027,13.039999961853027,13.020000457763672,13.020000457763672,13186,0.0,0.0,0.0
2025-06-05 02:20:00+00:00,13.029999732971191,13.039999961853027,13.020000457763672,13.020000457763672,29362,0.0,0.0,0.0
2025-06-05 02:25:00+00:00,13.010000228881836,13.020000457763672,13.0,13.010000228881836,57182,0.0,0.0,0.0
2025-06-05 02:30:00+00:00,13.010000228881836,13.010000228881836,13.0,13.010000228881836,24780,0.0,0.0,0.0
2025-06-05 02:35:00+00:00,13.010000228881836,13.020000457763672,13.010000228881836,13.010000228881836,17062,0.0,0.0,0.0
2025-06-05 02:40:00+00:00,13.0,13.010000228881836,13.0,13.0,51043,0.0,0.0,0.0
2025-06-05 02:45:00+00:00,12.989999771118164,12.989999771118164,12.989999771118164,12.989999771118164,2215,0.0,0.0,0.0
2025-06-05 02:50:00+00:00,13.0,13.0,12.989999771118164,13.0,5107,0.0,0.0,0.0
2025-06-05 02:55:00+00:00,12.989999771118164,13.0,12.989999771118164,13.0,30714,0.0,0.0,0.0
2025-06-05 03:00:00+00:00,13.0,13.0,12.989999771118164,12.989999771118164,3043,0.0,0.0,0.0
2025-06-05 03:05:00+00:00,13.0,13.0,13.0,13.0,9499,0.0,0.0,0.0
2025-06-05 03:10:00+00:00,12.989999771118164,13.0,12.989999771118164,13.0,61034,0.0,0.0,0.0
2025-06-05 03:15:00+00:00,13.010000228881836,13.010000228881836,13.0,13.010000228881836,4086,0.0,0.0,0.0
2025-06-05 03:20:00+00:00,13.010000228881836,13.020000457763672,13.010000228881836,13.020000457763672,4407,0.0,0.0,0.0
2025-06-05 03:25:00+00:00,13.010000228881836,13.020000457763672,13.010000228881836,13.020000457763672,2831,0.0,0.0,0.0
2025-06-05 03:30:00+00:00,13.020000457763672,13.020000457763672,13.010000228881836,13.010000228881836,26780,0.0,0.0,0.0
2025-06-05 03:35:00+00:00,13.020000457763672,13.020000457763672,13.010000228881836,13.010000228881836,5303,0.0,0.0,0.0
2025-06-05 03:40:00+00:00,13.010000228881836,13.020000457763672,13.010000228881836,13.010000228881836,6051,0.0,0.0,0.0
2025-06-05 03:45:00+00:00,13.020000457763672,13.020000457763672,13.020000457763672,13.020000457763672,16143,0.0,0.0,0.0
2025-06-05 03:50:00+00:00,13.010000228881836,13.029999732971191,13.010000228881836,13.029999732971191,3594,0.0,0.0,0.0
2025-06-05 03:55:00+00:00,13.010000228881836,13.010000228881836,13.010000228881836,13.010000228881836,1005,0.0,0.0,0.0
2025-06-05 04:00:00+00:00,13.010000228881836,13.020000457763672,13.010000228881836,13.010000228881836,16062,0.0,0.0,0.0
2025-06-05 04:05:00+00:00,13.0,13.010000228881836,13.0,13.010000228881836,13343,0.0,0.0,0.0
2025-06-05 04:10:00+00:00,13.010000228881836,13.010000228881836,13.0,13.010000228881836,4178,0.0,0.0,0.0
2025-06-05 04:15:00+00:00,13.010000228881836,13.010000228881836,13.0,13.0,4655,0.0,0.0,0.0
2025-06-05 04:20:00+00:00,13.010000228881836,13.010000228881836,13.0,13.010000228881836,15225,0.0,0.0,0.0
2025-06-05 04:25:00+00:00,13.0,13.0,12.989999771118164,12.989999771118164,18141,0.0,0.0,0.0
2025-06-05 04:30:00+00:00,13.0,13.0,12.989999771118164,13.0,19644,0.0,0.0,0.0
2025-06-05 04:35:00+00:00,13.0,13.0,13.0,13.0,3004,0.0,0.0,0.0
2025-06-05 04:40:00+00:00,13.0,13.010000228881836,13.0,13.0,6310,0.0,0.0,0.0
2025-06-05 04:45:00+00:00,13.0,13.0,13.0,13.0,23420,0.0,0.0,0.0
2025-06-05 04:50:00+00:00,13.0,13.010000228881836,13.0,13.0,16115,0.0,0.0,0.0
2025-06-05 04:55:00+00:00,13.0,13.0,13.0,13.0,2240,0.0,0.0,0.0
2025-06-05 05:00:00+00:00,12.989999771118164,12.989999771118164,12.989999771118164,12.989999771118164,41220,0.0,0.0,0.0
2025-06-05 05:05:00+00:00,12.989999771118164,12.989999771118164,12.979999542236328,12.979999542236328,54238,0.0,0.0,0.0
2025-06-05 05:10:00+00:00,12.979999542236328,12.989999771118164,12.979999542236328,12.989999771118164,154074,0.0,0.0,0.0
2025-06-05 05:15:00+00:00,12.989999771118164,13.0,12.989999771118164,13.0,19183,0.0,0.0,0.0
2025-06-05 05:20:00+00:00,13.0,13.0,12.989999771118164,13.0,12314,0.0,0.0,0.0
2025-06-06 01:00:00+00:00,13.0,13.0,12.960000038146973,12.970000267028809,0,0.0,0.0,0.0
2025-06-06 01:05:00+00:00,12.979999542236328,13.0,12.979999542236328,13.0,16843,0.0,0.0,0.0
2025-06-06 01:10:00+00:00,12.989999771118164,13.010000228881836,12.989999771118164,13.010000228881836,32389,0.0,0.0,0.0
2025-06-06 01:15:00+00:00,13.010000228881836,13.020000457763672,13.010000228881836,13.020000457763672,26632,0.0,0.0,0.0
2025-06-06 01:20:00+00:00,13.020000457763672,13.020000457763672,13.0,13.0,24733,0.0,0.0,0.0
2025-06-06 01:25:00+00:00,13.010000228881836,13.010000228881836,13.0,13.010000228881836,34387,0.0,0.0,0.0
2025-06-06 01:30:00+00:00,13.0,13.0,12.989999771118164,13.0,25650,0.0,0.0,0.0
2025-06-06 01:35:00+00:00,13.0,13.0,13.0,13.0,113108,0.0,0.0,0.0
2025-06-06 01:40:00+00:00,12.989999771118164,12.989999771118164,12.979999542236328,12.989999771118164,40958,0.0,0.0,0.0
2025-06-06 01:45:00+00:00,12.989999771118164,12.989999771118164,12.970000267028809,12.979999542236328,11260,0.0,0.0,0.0
2025-06-06 01:50:00+00:00,12.979999542236328,12.979999542236328,12.970000267028809,12.970000267028809,24468,0.0,0.0,0.0
2025-06-06 01:55:00+00:00,12.979999542236328,12.979999542236328,12.970000267028809,12.970000267028809,17410,0.0,0.0,0.0
2025-06-06 02:00:00+00:00,12.970000267028809,12.970000267028809,12.970000267028809,12.970000267028809,6174,0.0,0.0,0.0
2025-06-06 02:05:00+00:00,12.970000267028809,12.970000267028809,12.960000038146973,12.960000038146973,72886,0.0,0.0,0.0
2025-06-06 02:10:00+00:00,12.960000038146973,12.960000038146973,12.960000038146973,12.960000038146973,9913,0.0,0.0,0.0
2025-06-06 02:15:00+00:00,12.970000267028809,12.970000267028809,12.960000038146973,12.970000267028809,11274,0.0,0.0,0.0
2025-06-06 02:20:00+00:00,12.970000267028809,12.970000267028809,12.970000267028809,12.970000267028809,9127,0.0,0.0,0.0
2025-06-06 02:25:00+00:00,12.970000267028809,12.970000267028809,12.970000267028809,12.970000267028809,14140,0.0,0.0,0.0
2025-06-06 02:30:00+00:00,12.979999542236328,12.979999542236328,12.979999542236328,12.979999542236328,16169,0.0,0.0,0.0
2025-06-06 02:35:00+00:00,12.979999542236328,12.979999542236328,12.970000267028809,12.979999542236328,10343,0.0,0.0,0.0
2025-06-06 02:40:00+00:00,12.979999542236328,12.979999542236328,12.979999542236328,12.979999542236328,28189,0.0,0.0,0.0
2025-06-06 02:45:00+00:00,12.989999771118164,12.989999771118164,12.979999542236328,12.989999771118164,16683,0.0,0.0,0.0
2025-06-06 02:50:00+00:00,12.989999771118164,12.989999771118164,12.989999771118164,12.989999771118164,3019,0.0,0.0,0.0
2025-06-06 02:55:00+00:00,12.989999771118164,12.989999771118164,12.989999771118164,12.989999771118164,4538,0.0,0.0,0.0
2025-06-06 03:00:00+00:00,12.989999771118164,12.989999771118164,12.979999542236328,12.979999542236328,16538,0.0,0.0,0.0
2025-06-06 03:05:00+00:00,12.979999542236328,12.979999542236328,12.970000267028809,12.970000267028809,19161,0.0,0.0,0.0
2025-06-06 03:10:00+00:00,12.970000267028809,12.970000267028809,12.960000038146973,12.970000267028809,5048,0.0,0.0,0.0
2025-06-06 03:15:00+00:00,12.970000267028809,12.970000267028809,12.960000038146973,12.960000038146973,98045,0.0,0.0,0.0
2025-06-06 03:20:00+00:00,12.960000038146973,12.979999542236328,12.960000038146973,12.979999542236328,48957,0.0,0.0,0.0
2025-06-06 03:25:00+00:00,12.979999542236328,12.989999771118164,12.979999542236328,12.979999542236328,11280,0.0,0.0,0.0
2025-06-06 03:30:00+00:00,12.989999771118164,12.989999771118164,12.960000038146973,12.960000038146973,29111,0.0,0.0,0.0
2025-06-06 03:35:00+00:00,12.970000267028809,12.970000267028809,12.970000267028809,12.970000267028809,5010,0.0,0.0,0.0
2025-06-06 03:40:00+00:00,12.979999542236328,12.979999542236328,12.979999542236328,12.979999542236328,1226,0.0,0.0,0.0
2025-06-06 03:45:00+00:00,12.970000267028809,12.979999542236328,12.970000267028809,12.979999542236328,3868,0.0,0.0,0.0
2025-06-06 03:50:00+00:00,12.979999542236328,12.979999542236328,12.970000267028809,12.970000267028809,3005,0.0,0.0,0.0
2025-06-06 03:55:00+00:00,12.970000267028809,12.970000267028809,12.970000267028809,12.970000267028809,7043,0.0,0.0,0.0
2025-06-06 04:00:00+00:00,12.970000267028809,12.979999542236328,12.960000038146973,12.960000038146973,10355,0.0,0.0,0.0
2025-06-06 04:05:00+00:00,12.970000267028809,12.970000267028809,12.970000267028809,12.970000267028809,2741,0.0,0.0,0.0
2025-06-06 04:10:00+00:00,12.960000038146973,12.970000267028809,12.960000038146973,12.970000267028809,13069,0.0,0.0,0.0
2025-06-06 04:15:00+00:00,12.970000267028809,12.970000267028809,12.970000267028809,12.970000267028809,4755,0.0,0.0,0.0
2025-06-06 04:20:00+00:00,12.970000267028809,12.970000267028809,12.960000038146973,12.960000038146973,8459,0.0,0.0,0.0
2025-06-06 04:25:00+00:00,12.970000267028809,12.970000267028809,12.970000267028809,12.970000267028809,7568,0.0,0.0,0.0
2025-06-06 04:30:00+00:00,12.970000267028809,12.970000267028809,12.960000038146973,12.970000267028809,17520,0.0,0.0,0.0
2025-06-06 04:35:00+00:00,12.960000038146973,12.970000267028809,12.960000038146973,12.970000267028809,5537,0.0,0.0,0.0
2025-06-06 04:40:00+00:00,12.970000267028809,12.970000267028809,12.960000038146973,12.960000038146973,14620,0.0,0.0,0.0
2025-06-06 04:45:00+00:00,12.960000038146973,12.970000267028809,12.960000038146973,12.960000038146973,22744,0.0,0.0,0.0
2025-06-06 04:50:00+00:00,12.970000267028809,12.970000267028809,12.960000038146973,12.960000038146973,7437,0.0,0.0,0.0
2025-06-06 04:55:00+00:00,12.970000267028809,12.970000267028809,12.970000267028809,12.970000267028809,5110,0.0,0.0,0.0
2025-06-06 05:00:00+00:00,12.970000267028809,12.970000267028809,12.970000267028809,12.970000267028809,6167,0.0,0.0,0.0
2025-06-06 05:05:00+00:00,12.979999542236328,12.979999542236328,12.970000267028809,12.970000267028809,19183,0.0,0.0,0.0
2025-06-06 05:10:00+00:00,12.979999542236328,12.979999542236328,12.979999542236328,12.979999542236328,3569,0.0,0.0,0.0
2025-06-06 05:15:00+00:00,12.979999542236328,12.989999771118164,12.979999542236328,12.989999771118164,31212,0.0,0.0,0.0
2025-06-06 05:20:00+00:00,12.979999542236328,12.979999542236328,12.979999542236328,12.979999542236328,8252,0.0,0.0,0.0
2025-06-09 01:00:00+00:00,13.039999961853027,13.079999923706055,13.039999961853027,13.069999694824219,0,0.0,0.0,0.0
2025-06-09 01:05:00+00:00,13.069999694824219,13.069999694824219,13.0600004196167,13.069999694824219,33633,0.0,0.0,0.0
2025-06-09 01:10:00+00:00,13.069999694824219,13.069999694824219,13.0600004196167,13.069999694824219,115117,0.0,0.0,0.0
2025-06-09 01:15:00+00:00,13.069999694824219,13.069999694824219,13.050000190734863,13.069999694824219,136433,0.0,0.0,0.0
2025-06-09 01:20:00+00:00,13.069999694824219,13.069999694824219,13.0600004196167,13.0600004196167,40669,0.0,0.0,0.0
2025-06-09 01:25:00+00:00,13.0600004196167,13.069999694824219,13.039999961853027,13.039999961853027,43668,0.0,0.0,0.0
2025-06-09 01:30:00+00:00,13.050000190734863,13.050000190734863,13.029999732971191,13.039999961853027,23894,0.0,0.0,0.0
2025-06-09 01:35:00+00:00,13.020000457763672,13.029999732971191,13.010000228881836,13.010000228881836,187730,0.0,0.0,0.0
2025-06-09 01:40:00+00:00,13.029999732971191,13.029999732971191,13.029999732971191,13.029999732971191,5028,0.0,0.0,0.0
2025-06-09 01:45:00+00:00,13.029999732971191,13.029999732971191,13.020000457763672,13.020000457763672,7043,0.0,0.0,0.0
2025-06-09 01:50:00+00:00,13.029999732971191,13.029999732971191,13.010000228881836,13.010000228881836,15606,0.0,0.0,0.0
2025-06-09 01:55:00+00:00,13.010000228881836,13.020000457763672,13.010000228881836,13.020000457763672,25641,0.0,0.0,0.0
2025-06-09 02:00:00+00:00,13.029999732971191,13.029999732971191,13.010000228881836,13.010000228881836,4193,0.0,0.0,0.0
2025-06-09 02:05:00+00:00,13.020000457763672,13.029999732971191,13.020000457763672,13.029999732971191,24531,0.0,0.0,0.0
2025-06-09 02:10:00+00:00,13.020000457763672,13.020000457763672,13.020000457763672,13.020000457763672,12436,0.0,0.0,0.0
2025-06-09 02:15:00+00:00,13.020000457763672,13.020000457763672,13.020000457763672,13.020000457763672,9652,0.0,0.0,0.0
2025-06-09 02:20:00+00:00,13.020000457763672,13.020000457763672,13.020000457763672,13.020000457763672,1328,0.0,0.0,0.0
2025-06-09 02:25:00+00:00,13.010000228881836,13.010000228881836,13.010000228881836,13.010000228881836,5038,0.0,0.0,0.0
2025-06-09 02:30:00+00:00,13.020000457763672,13.020000457763672,13.010000228881836,13.010000228881836,37284,0.0,0.0,0.0
2025-06-09 02:35:00+00:00,13.020000457763672,13.029999732971191,13.020000457763672,13.029999732971191,134186,0.0,0.0,0.0
2025-06-09 02:40:00+00:00,13.039999961853027,13.039999961853027,13.039999961853027,13.039999961853027,10805,0.0,0.0,0.0
2025-06-09 02:45:00+00:00,13.039999961853027,13.039999961853027,13.029999732971191,13.039999961853027,176698,0.0,0.0,0.0
2025-06-09 02:50:00+00:00,13.039999961853027,13.039999961853027,13.039999961853027,13.039999961853027,1047,0.0,0.0,0.0
2025-06-09 02:55:00+00:00,13.029999732971191,13.039999961853027,13.029999732971191,13.039999961853027,23407,0.0,0.0,0.0
2025-06-09 03:00:00+00:00,13.050000190734863,13.050000190734863,13.029999732971191,13.050000190734863,167210,0.0,0.0,0.0
2025-06-09 03:05:00+00:00,13.0600004196167,13.0600004196167,13.050000190734863,13.050000190734863,9750,0.0,0.0,0.0
2025-06-09 03:10:00+00:00,13.050000190734863,13.050000190734863,13.029999732971191,13.050000190734863,60137,0.0,0.0,0.0
2025-06-09 03:15:00+00:00,13.0600004196167,13.0600004196167,13.050000190734863,13.050000190734863,0,0.0,0.0,0.0
2025-06-09 03:20:00+00:00,13.050000190734863,13.050000190734863,13.039999961853027,13.039999961853027,1499590,0.0,0.0,0.0
2025-06-09 03:25:00+00:00,13.029999732971191,13.029999732971191,13.029999732971191,13.029999732971191,10017,0.0,0.0,0.0
2025-06-09 03:30:00+00:00,13.039999961853027,13.039999961853027,13.039999961853027,13.039999961853027,4448,0.0,0.0,0.0
2025-06-09 03:35:00+00:00,13.020000457763672,13.039999961853027,13.020000457763672,13.039999961853027,16484,0.0,0.0,0.0
2025-06-09 03:40:00+00:00,13.039999961853027,13.039999961853027,13.039999961853027,13.039999961853027,1050,0.0,0.0,0.0
2025-06-09 03:45:00+00:00,13.039999961853027,13.039999961853027,13.020000457763672,13.039999961853027,34042,0.0,0.0,0.0
2025-06-09 03:50:00+00:00,13.029999732971191,13.039999961853027,13.029999732971191,13.029999732971191,69549,0.0,0.0,0.0
2025-06-09 03:55:00+00:00,13.029999732971191,13.039999961853027,13.029999732971191,13.039999961853027,26550,0.0,0.0,0.0
2025-06-09 04:00:00+00:00,13.039999961853027,13.050000190734863,13.039999961853027,13.050000190734863,63379,0.0,0.0,0.0
2025-06-09 04:05:00+00:00,13.050000190734863,13.050000190734863,13.050000190734863,13.050000190734863,11540,0.0,0.0,0.0
2025-06-09 04:10:00+00:00,13.050000190734863,13.050000190734863,13.050000190734863,13.050000190734863,1008,0.0,0.0,0.0
2025-06-09 04:15:00+00:00,13.050000190734863,13.050000190734863,13.039999961853027,13.039999961853027,9824,0.0,0.0,0.0
2025-06-09 04:20:00+00:00,13.039999961853027,13.039999961853027,13.039999961853027,13.039999961853027,8372,0.0,0.0,0.0
2025-06-09 04:25:00+00:00,13.039999961853027,13.039999961853027,13.039999961853027,13.039999961853027,2016,0.0,0.0,0.0
2025-06-09 04:30:00+00:00,13.039999961853027,13.039999961853027,13.029999732971191,13.029999732971191,31562,0.0,0.0,0.0
2025-06-09 04:35:00+00:00,13.039999961853027,13.039999961853027,13.039999961853027,13.039999961853027,63301,0.0,0.0,0.0
2025-06-09 04:40:00+00:00,13.039999961853027,13.039999961853027,13.039999961853027,13.039999961853027,10510,0.0,0.0,0.0
2025-06-09 04:45:00+00:00,13.039999961853027,13.050000190734863,13.029999732971191,13.050000190734863,23925,0.0,0.0,0.0
2025-06-09 04:50:00+00:00,13.050000190734863,13.050000190734863,13.039999961853027,13.039999961853027,27213,0.0,0.0,0.0
2025-06-09 04:55:00+00:00,13.029999732971191,13.039999961853027,13.029999732971191,13.029999732971191,12010,0.0,0.0,0.0
2025-06-09 05:00:00+00:00,13.039999961853027,13.039999961853027,13.039999961853027,13.039999961853027,3252,0.0,0.0,0.0
2025-06-09 05:05:00+00:00,13.039999961853027,13.039999961853027,13.039999961853027,13.039999961853027,18275,0.0,0.0,0.0
2025-06-09 05:10:00+00:00,13.029999732971191,13.039999961853027,13.029999732971191,13.039999961853027,4863,0.0,0.0,0.0
2025-06-09 05:15:00+00:00,13.039999961853027,13.039999961853027,13.029999732971191,13.029999732971191,29676,0.0,0.0,0.0
2025-06-09 05:20:00+00:00,13.029999732971191,13.039999961853027,13.029999732971191,13.029999732971191,25368,0.0,0.0,0.0
2025-06-10 01:00:00+00:00,13.109999656677246,13.140000343322754,13.109999656677246,13.130000114440918,0,0.0,0.0,0.0
2025-06-10 01:05:00+00:00,13.130000114440918,13.149999618530273,13.130000114440918,13.140000343322754,260000,0.0,0.0,0.0
2025-06-10 01:10:00+00:00,13.140000343322754,13.149999618530273,13.140000343322754,13.149999618530273,115485,0.0,0.0,0.0
2025-06-10 01:15:00+00:00,13.140000343322754,13.149999618530273,13.140000343322754,13.149999618530273,58203,0.0,0.0,0.0
2025-06-10 01:20:00+00:00,13.149999618530273,13.15999984741211,13.140000343322754,13.15999984741211,216655,0.0,0.0,0.0
2025-06-10 01:25:00+00:00,13.15999984741211,13.180000305175781,13.15999984741211,13.180000305175781,236972,0.0,0.0,0.0
2025-06-10 01:30:00+00:00,13.1899995803833,13.210000038146973,13.1899995803833,13.210000038146973,166456,0.0,0.0,0.0
2025-06-10 01:35:00+00:00,13.210000038146973,13.220000267028809,13.199999809265137,13.210000038146973,122750,0.0,0.0,0.0
2025-06-10 01:40:00+00:00,13.210000038146973,13.229999542236328,13.210000038146973,13.220000267028809,175887,0.0,0.0,0.0
2025-06-10 01:45:00+00:00,13.229999542236328,13.239999771118164,13.229999542236328,13.239999771118164,193309,0.0,0.0,0.0
2025-06-10 01:50:00+00:00,13.239999771118164,13.25,13.239999771118164,13.239999771118164,181334,0.0,0.0,0.0
2025-06-10 01:55:00+00:00,13.239999771118164,13.260000228881836,13.239999771118164,13.239999771118164,322899,0.0,0.0,0.0
2025-06-10 02:00:00+00:00,13.260000228881836,13.260000228881836,13.239999771118164,13.239999771118164,40667,0.0,0.0,0.0
2025-06-10 02:05:00+00:00,13.239999771118164,13.239999771118164,13.220000267028809,13.229999542236328,217103,0.0,0.0,0.0
2025-06-10 02:10:00+00:00,13.229999542236328,13.239999771118164,13.229999542236328,13.229999542236328,143310,0.0,0.0,0.0
2025-06-10 02:15:00+00:00,13.229999542236328,13.25,13.229999542236328,13.25,135655,0.0,0.0,0.0
2025-06-10 02:20:00+00:00,13.25,13.260000228881836,13.239999771118164,13.25,319025,0.0,0.0,0.0
2025-06-10 02:25:00+00:00,13.25,13.260000228881836,13.25,13.260000228881836,117563,0.0,0.0,0.0
2025-06-10 02:30:00+00:00,13.260000228881836,13.260000228881836,13.25,13.260000228881836,52087,0.0,0.0,0.0
2025-06-10 02:35:00+00:00,13.260000228881836,13.260000228881836,13.25,13.260000228881836,104385,0.0,0.0,0.0
2025-06-10 02:40:00+00:00,13.260000228881836,13.279999732971191,13.25,13.270000457763672,176386,0.0,0.0,0.0
2025-06-10 02:45:00+00:00,13.270000457763672,13.279999732971191,13.270000457763672,13.270000457763672,95526,0.0,0.0,0.0
2025-06-10 02:50:00+00:00,13.270000457763672,13.289999961853027,13.270000457763672,13.279999732971191,114200,0.0,0.0,0.0
2025-06-10 02:55:00+00:00,13.279999732971191,13.279999732971191,13.279999732971191,13.279999732971191,7119,0.0,0.0,0.0
2025-06-10 03:00:00+00:00,13.279999732971191,13.279999732971191,13.279999732971191,13.279999732971191,116373,0.0,0.0,0.0
2025-06-10 03:05:00+00:00,13.279999732971191,13.289999961853027,13.279999732971191,13.279999732971191,21651,0.0,0.0,0.0
2025-06-10 03:10:00+00:00,13.279999732971191,13.300000190734863,13.279999732971191,13.289999961853027,150662,0.0,0.0,0.0
2025-06-10 03:15:00+00:00,13.279999732971191,13.279999732971191,13.279999732971191,13.279999732971191,6219,0.0,0.0,0.0
2025-06-10 03:20:00+00:00,13.300000190734863,13.300000190734863,13.300000190734863,13.300000190734863,58123,0.0,0.0,0.0
2025-06-10 03:25:00+00:00,13.300000190734863,13.300000190734863,13.289999961853027,13.300000190734863,14250,0.0,0.0,0.0
2025-06-10 03:30:00+00:00,13.300000190734863,13.300000190734863,13.289999961853027,13.300000190734863,16827,0.0,0.0,0.0
2025-06-10 03:35:00+00:00,13.289999961853027,13.300000190734863,13.279999732971191,13.300000190734863,86606,0.0,0.0,0.0
2025-06-10 03:40:00+00:00,13.300000190734863,13.300000190734863,13.289999961853027,13.300000190734863,19804,0.0,0.0,0.0
2025-06-10 03:45:00+00:00,13.300000190734863,13.300000190734863,13.289999961853027,13.300000190734863,428060,0.0,0.0,0.0
2025-06-10 03:50:00+00:00,13.300000190734863,13.3100004196167,13.289999961853027,13.300000190734863,13979,0.0,0.0,0.0
2025-06-10 03:55:00+00:00,13.289999961853027,13.300000190734863,13.289999961853027,13.300000190734863,66057,0.0,0.0,0.0
2025-06-10 04:00:00+00:00,13.300000190734863,13.3100004196167,13.300000190734863,13.300000190734863,1009548,0.0,0.0,0.0
2025-06-10 04:05:00+00:00,13.300000190734863,13.3100004196167,13.300000190734863,13.300000190734863,23368,0.0,0.0,0.0
2025-06-10 04:10:00+00:00,13.3100004196167,13.3100004196167,13.300000190734863,13.300000190734863,52378,0.0,0.0,0.0
2025-06-10 04:15:00+00:00,13.300000190734863,13.3100004196167,13.300000190734863,13.3100004196167,54057,0.0,0.0,0.0
2025-06-10 04:20:00+00:00,13.3100004196167,13.3100004196167,13.300000190734863,13.300000190734863,57238,0.0,0.0,0.0
2025-06-10 04:25:00+00:00,13.300000190734863,13.300000190734863,13.300000190734863,13.300000190734863,49312,0.0,0.0,0.0
2025-06-10 04:30:00+00:00,13.3100004196167,13.3100004196167,13.300000190734863,13.300000190734863,11720,0.0,0.0,0.0
2025-06-10 04:35:00+00:00,13.289999961853027,13.300000190734863,13.289999961853027,13.300000190734863,81011,0.0,0.0,0.0
2025-06-10 04:40:00+00:00,13.300000190734863,13.3100004196167,13.300000190734863,13.300000190734863,115845,0.0,0.0,0.0
2025-06-10 04:45:00+00:00,13.300000190734863,13.3100004196167,13.300000190734863,13.3100004196167,20020,0.0,0.0,0.0
2025-06-10 04:50:00+00:00,13.300000190734863,13.3100004196167,13.300000190734863,13.300000190734863,50705,0.0,0.0,0.0
2025-06-10 04:55:00+00:00,13.3100004196167,13.319999694824219,13.3100004196167,13.319999694824219,433120,0.0,0.0,0.0
2025-06-10 05:00:00+00:00,13.319999694824219,13.319999694824219,13.319999694824219,13.319999694824219,94270,0.0,0.0,0.0
2025-06-10 05:05:00+00:00,13.319999694824219,13.319999694824219,13.3100004196167,13.3100004196167,105239,0.0,0.0,0.0
2025-06-10 05:10:00+00:00,13.3100004196167,13.3100004196167,13.3100004196167,13.3100004196167,36655,0.0,0.0,0.0
2025-06-10 05:15:00+00:00,13.319999694824219,13.319999694824219,13.3100004196167,13.3100004196167,119263,0.0,0.0,0.0
2025-06-10 05:20:00+00:00,13.3100004196167,13.3100004196167,13.3100004196167,13.3100004196167,132732,0.0,0.0,0.0
2025-06-11 01:00:00+00:00,13.399999618530273,13.40999984741211,13.399999618530273,13.40999984741211,0,0.0,0.0,0.0
2025-06-11 01:05:00+00:00,13.399999618530273,13.40999984741211,13.390000343322754,13.390000343322754,169021,0.0,0.0,0.0
2025-06-11 01:10:00+00:00,13.390000343322754,13.390000343322754,13.380000114440918,13.380000114440918,50658,0.0,0.0,0.0
2025-06-11 01:15:00+00:00,13.380000114440918,13.399999618530273,13.380000114440918,13.399999618530273,218720,0.0,0.0,0.0
2025-06-11 01:20:00+00:00,13.399999618530273,13.399999618530273,13.399999618530273,13.399999618530273,46539,0.0,0.0,0.0
2025-06-11 01:25:00+00:00,13.399999618530273,13.40999984741211,13.399999618530273,13.399999618530273,74630,0.0,0.0,0.0
2025-06-11 01:30:00+00:00,13.399999618530273,13.40999984741211,13.399999618530273,13.399999618530273,102487,0.0,0.0,0.0
2025-06-11 01:35:00+00:00,13.399999618530273,13.399999618530273,13.399999618530273,13.399999618530273,141028,0.0,0.0,0.0
2025-06-11 01:40:00+00:00,13.399999618530273,13.399999618530273,13.390000343322754,13.399999618530273,406138,0.0,0.0,0.0
2025-06-11 01:45:00+00:00,13.399999618530273,13.40999984741211,13.399999618530273,13.40999984741211,409025,0.0,0.0,0.0
2025-06-11 01:50:00+00:00,13.40999984741211,13.40999984741211,13.399999618530273,13.399999618530273,65133,0.0,0.0,0.0
2025-06-11 01:55:00+00:00,13.40999984741211,13.40999984741211,13.399999618530273,13.40999984741211,115704,0.0,0.0,0.0
2025-06-11 02:00:00+00:00,13.40999984741211,13.40999984741211,13.399999618530273,13.399999618530273,56455,0.0,0.0,0.0
2025-06-11 02:05:00+00:00,13.399999618530273,13.399999618530273,13.380000114440918,13.380000114440918,90318,0.0,0.0,0.0
2025-06-11 02:10:00+00:00,13.380000114440918,13.399999618530273,13.380000114440918,13.399999618530273,21629,0.0,0.0,0.0
2025-06-11 02:15:00+00:00,13.399999618530273,13.399999618530273,13.380000114440918,13.380000114440918,45338,0.0,0.0,0.0
2025-06-11 02:20:00+00:00,13.380000114440918,13.380000114440918,13.369999885559082,13.380000114440918,85032,0.0,0.0,0.0
2025-06-11 02:25:00+00:00,13.369999885559082,13.380000114440918,13.369999885559082,13.380000114440918,39266,0.0,0.0,0.0
2025-06-11 02:30:00+00:00,13.369999885559082,13.380000114440918,13.369999885559082,13.380000114440918,46953,0.0,0.0,0.0
2025-06-11 02:35:00+00:00,13.380000114440918,13.380000114440918,13.369999885559082,13.369999885559082,60210,0.0,0.0,0.0
2025-06-11 02:40:00+00:00,13.380000114440918,13.380000114440918,13.380000114440918,13.380000114440918,46297,0.0,0.0,0.0
2025-06-11 02:45:00+00:00,13.390000343322754,13.390000343322754,13.380000114440918,13.380000114440918,8965,0.0,0.0,0.0
2025-06-11 02:50:00+00:00,13.380000114440918,13.390000343322754,13.380000114440918,13.390000343322754,13034,0.0,0.0,0.0
2025-06-11 02:55:00+00:00,13.390000343322754,13.390000343322754,13.380000114440918,13.380000114440918,52020,0.0,0.0,0.0
2025-06-11 03:00:00+00:00,13.390000343322754,13.390000343322754,13.390000343322754,13.390000343322754,12024,0.0,0.0,0.0
2025-06-11 03:05:00+00:00,13.390000343322754,13.399999618530273,13.390000343322754,13.399999618530273,273234,0.0,0.0,0.0
2025-06-11 03:10:00+00:00,13.399999618530273,13.399999618530273,13.399999618530273,13.399999618530273,7253,0.0,0.0,0.0
2025-06-11 03:15:00+00:00,13.399999618530273,13.399999618530273,13.390000343322754,13.399999618530273,79857,0.0,0.0,0.0
2025-06-11 03:20:00+00:00,13.399999618530273,13.420000076293945,13.399999618530273,13.420000076293945,100538,0.0,0.0,0.0
2025-06-11 03:25:00+00:00,13.420000076293945,13.430000305175781,13.420000076293945,13.420000076293945,537480,0.0,0.0,0.0
2025-06-11 03:30:00+00:00,13.420000076293945,13.430000305175781,13.420000076293945,13.420000076293945,664660,0.0,0.0,0.0
2025-06-11 03:35:00+00:00,13.420000076293945,13.430000305175781,13.420000076293945,13.420000076293945,15019,0.0,0.0,0.0
2025-06-11 03:40:00+00:00,13.420000076293945,13.430000305175781,13.420000076293945,13.430000305175781,35543,0.0,0.0,0.0
2025-06-11 03:45:00+00:00,13.430000305175781,13.430000305175781,13.420000076293945,13.430000305175781,16102,0.0,0.0,0.0
2025-06-11 03:50:00+00:00,13.430000305175781,13.430000305175781,13.420000076293945,13.420000076293945,15094,0.0,0.0,0.0
2025-06-11 03:55:00+00:00,13.430000305175781,13.430000305175781,13.420000076293945,13.420000076293945,54862,0.0,0.0,0.0
2025-06-11 04:00:00+00:00,13.430000305175781,13.430000305175781,13.40999984741211,13.40999984741211,22351,0.0,0.0,0.0
2025-06-11 04:05:00+00:00,13.420000076293945,13.420000076293945,13.420000076293945,13.420000076293945,11319,0.0,0.0,0.0
2025-06-11 04:10:00+00:00,13.420000076293945,13.430000305175781,13.420000076293945,13.420000076293945,31010,0.0,0.0,0.0
2025-06-11 04:15:00+00:00,13.420000076293945,13.430000305175781,13.420000076293945,13.420000076293945,34635,0.0,0.0,0.0
2025-06-11 04:20:00+00:00,13.420000076293945,13.420000076293945,13.420000076293945,13.420000076293945,20097,0.0,0.0,0.0
2025-06-11 04:25:00+00:00,13.420000076293945,13.430000305175781,13.420000076293945,13.430000305175781,52849,0.0,0.0,0.0
2025-06-11 04:30:00+00:00,13.430000305175781,13.430000305175781,13.420000076293945,13.420000076293945,45903,0.0,0.0,0.0
2025-06-11 04:35:00+00:00,13.430000305175781,13.430000305175781,13.420000076293945,13.420000076293945,37685,0.0,0.0,0.0
2025-06-11 04:40:00+00:00,13.430000305175781,13.430000305175781,13.420000076293945,13.430000305175781,285585,0.0,0.0,0.0
2025-06-12 01:00:00+00:00,13.40999984741211,13.40999984741211,13.359999656677246,13.359999656677246,134000,0.0,0.0,0.0
2025-06-12 01:05:00+00:00,13.369999885559082,13.369999885559082,13.350000381469727,13.369999885559082,143654,0.0,0.0,0.0
2025-06-12 01:10:00+00:00,13.369999885559082,13.369999885559082,13.359999656677246,13.369999885559082,288420,0.0,0.0,0.0
2025-06-12 01:15:00+00:00,13.369999885559082,13.380000114440918,13.359999656677246,13.380000114440918,55446,0.0,0.0,0.0
2025-06-12 01:20:00+00:00,13.380000114440918,13.390000343322754,13.380000114440918,13.380000114440918,47325,0.0,0.0,0.0
2025-06-12 01:25:00+00:00,13.380000114440918,13.390000343322754,13.380000114440918,13.380000114440918,36356,0.0,0.0,0.0
2025-06-12 01:30:00+00:00,13.399999618530273,13.40999984741211,13.390000343322754,13.40999984741211,149334,0.0,0.0,0.0
2025-06-12 01:35:00+00:00,13.40999984741211,13.420000076293945,13.40999984741211,13.420000076293945,39572,0.0,0.0,0.0
2025-06-12 01:40:00+00:00,13.420000076293945,13.420000076293945,13.40999984741211,13.40999984741211,60142,0.0,0.0,0.0
2025-06-12 01:45:00+00:00,13.40999984741211,13.40999984741211,13.399999618530273,13.40999984741211,136023,0.0,0.0,0.0
2025-06-12 01:50:00+00:00,13.40999984741211,13.420000076293945,13.40999984741211,13.420000076293945,18131,0.0,0.0,0.0
2025-06-12 01:55:00+00:00,13.40999984741211,13.40999984741211,13.40999984741211,13.40999984741211,5539,0.0,0.0,0.0
2025-06-12 02:00:00+00:00,13.40999984741211,13.40999984741211,13.380000114440918,13.380000114440918,97120,0.0,0.0,0.0
2025-06-12 02:05:00+00:00,13.380000114440918,13.380000114440918,13.369999885559082,13.380000114440918,61056,0.0,0.0,0.0
2025-06-12 02:10:00+00:00,13.369999885559082,13.380000114440918,13.369999885559082,13.369999885559082,32141,0.0,0.0,0.0
2025-06-12 02:15:00+00:00,13.369999885559082,13.380000114440918,13.369999885559082,13.369999885559082,35820,0.0,0.0,0.0
2025-06-12 02:20:00+00:00,13.369999885559082,13.369999885559082,13.369999885559082,13.369999885559082,13042,0.0,0.0,0.0
2025-06-12 02:25:00+00:00,13.369999885559082,13.369999885559082,13.359999656677246,13.359999656677246,75789,0.0,0.0,0.0
2025-06-12 02:30:00+00:00,13.369999885559082,13.369999885559082,13.359999656677246,13.359999656677246,8068,0.0,0.0,0.0
2025-06-12 02:35:00+00:00,13.359999656677246,13.369999885559082,13.359999656677246,13.359999656677246,10230,0.0,0.0,0.0
2025-06-12 02:40:00+00:00,13.359999656677246,13.359999656677246,13.359999656677246,13.359999656677246,32341,0.0,0.0,0.0
2025-06-12 02:45:00+00:00,13.369999885559082,13.369999885559082,13.359999656677246,13.359999656677246,33633,0.0,0.0,0.0
2025-06-12 02:50:00+00:00,13.359999656677246,13.369999885559082,13.359999656677246,13.369999885559082,32512,0.0,0.0,0.0
2025-06-12 02:55:00+00:00,13.369999885559082,13.369999885559082,13.359999656677246,13.359999656677246,39623,0.0,0.0,0.0
2025-06-12 03:00:00+00:00,13.359999656677246,13.380000114440918,13.359999656677246,13.369999885559082,79766,0.0,0.0,0.0
2025-06-12 03:05:00+00:00,13.369999885559082,13.380000114440918,13.369999885559082,13.380000114440918,8419,0.0,0.0,0.0
2025-06-12 03:10:00+00:00,13.380000114440918,13.380000114440918,13.380000114440918,13.380000114440918,1344,0.0,0.0,0.0
2025-06-12 03:15:00+00:00,13.380000114440918,13.380000114440918,13.380000114440918,13.380000114440918,4432,0.0,0.0,0.0
2025-06-12 03:20:00+00:00,13.380000114440918,13.380000114440918,13.369999885559082,13.369999885559082,11108,0.0,0.0,0.0
2025-06-12 03:25:00+00:00,13.380000114440918,13.380000114440918,13.369999885559082,13.380000114440918,8824,0.0,0.0,0.0
2025-06-12 03:30:00+00:00,13.380000114440918,13.380000114440918,13.369999885559082,13.369999885559082,11010,0.0,0.0,0.0
2025-06-12 03:35:00+00:00,13.380000114440918,13.380000114440918,13.380000114440918,13.380000114440918,8199,0.0,0.0,0.0
2025-06-12 03:40:00+00:00,13.380000114440918,13.380000114440918,13.369999885559082,13.369999885559082,45837,0.0,0.0,0.0
2025-06-12 03:45:00+00:00,13.369999885559082,13.369999885559082,13.369999885559082,13.369999885559082,55110,0.0,0.0,0.0
2025-06-12 03:50:00+00:00,13.369999885559082,13.380000114440918,13.369999885559082,13.380000114440918,96908,0.0,0.0,0.0
2025-06-12 03:55:00+00:00,13.369999885559082,13.380000114440918,13.369999885559082,13.380000114440918,49016,0.0,0.0,0.0
2025-06-12 04:00:00+00:00,13.380000114440918,13.380000114440918,13.369999885559082,13.380000114440918,68032,0.0,0.0,0.0
2025-06-12 04:05:00+00:00,13.369999885559082,13.369999885559082,13.359999656677246,13.359999656677246,42130,0.0,0.0,0.0
2025-06-12 04:10:00+00:00,13.359999656677246,13.380000114440918,13.359999656677246,13.359999656677246,29627,0.0,0.0,0.0
2025-06-12 04:15:00+00:00,13.359999656677246,13.380000114440918,13.359999656677246,13.380000114440918,9341,0.0,0.0,0.0
2025-06-12 04:20:00+00:00,13.380000114440918,13.380000114440918,13.380000114440918,13.380000114440918,16564,0.0,0.0,0.0
2025-06-12 04:25:00+00:00,13.369999885559082,13.380000114440918,13.369999885559082,13.380000114440918,10011,0.0,0.0,0.0
2025-06-12 04:30:00+00:00,13.380000114440918,13.380000114440918,13.369999885559082,13.369999885559082,21154,0.0,0.0,0.0
2025-06-12 04:35:00+00:00,13.369999885559082,13.380000114440918,13.359999656677246,13.380000114440918,32048,0.0,0.0,0.0
2025-06-12 04:40:00+00:00,13.380000114440918,13.380000114440918,13.359999656677246,13.359999656677246,54328,0.0,0.0,0.0
2025-06-12 04:45:00+00:00,13.380000114440918,13.380000114440918,13.369999885559082,13.380000114440918,16095,0.0,0.0,0.0
2025-06-12 04:50:00+00:00,13.380000114440918,13.380000114440918,13.369999885559082,13.369999885559082,79391,0.0,0.0,0.0
2025-06-12 04:55:00+00:00,13.369999885559082,13.380000114440918,13.369999885559082,13.380000114440918,24160,0.0,0.0,0.0
2025-06-12 05:00:00+00:00,13.369999885559082,13.380000114440918,13.369999885559082,13.369999885559082,23570,0.0,0.0,0.0
2025-06-12 05:05:00+00:00,13.380000114440918,13.380000114440918,13.380000114440918,13.380000114440918,1110,0.0,0.0,0.0
2025-06-12 05:10:00+00:00,13.369999885559082,13.380000114440918,13.369999885559082,13.380000114440918,22192,0.0,0.0,0.0
2025-06-12 05:15:00+00:00,13.380000114440918,13.380000114440918,13.369999885559082,13.369999885559082,85196,0.0,0.0,0.0
2025-06-12 05:20:00+00:00,13.369999885559082,13.380000114440918,13.369999885559082,13.369999885559082,95305,0.0,0.0,0.0
2025-06-13 01:00:00+00:00,13.289999961853027,13.289999961853027,13.270000457763672,13.289999961853027,0,0.0,0.0,0.0
2025-06-13 01:05:00+00:00,13.279999732971191,13.279999732971191,13.229999542236328,13.25,233179,0.0,0.0,0.0
2025-06-13 01:10:00+00:00,13.260000228881836,13.270000457763672,13.239999771118164,13.270000457763672,129599,0.0,0.0,0.0
2025-06-13 01:15:00+00:00,13.239999771118164,13.239999771118164,13.210000038146973,13.210000038146973,104160,0.0,0.0,0.0
2025-06-13 01:20:00+00:00,13.210000038146973,13.25,13.210000038146973,13.239999771118164,95512,0.0,0.0,0.0
2025-06-13 01:25:00+00:00,13.239999771118164,13.260000228881836,13.229999542236328,13.260000228881836,119233,0.0,0.0,0.0
2025-06-13 01:30:00+00:00,13.260000228881836,13.270000457763672,13.260000228881836,13.270000457763672,10292,0.0,0.0,0.0
2025-06-13 01:35:00+00:00,13.270000457763672,13.3100004196167,13.270000457763672,13.3100004196167,104774,0.0,0.0,0.0
2025-06-13 01:40:00+00:00,13.3100004196167,13.3100004196167,13.300000190734863,13.300000190734863,166924,0.0,0.0,0.0
2025-06-13 01:45:00+00:00,13.289999961853027,13.300000190734863,13.289999961853027,13.300000190734863,111627,0.0,0.0,0.0
2025-06-13 01:50:00+00:00,13.300000190734863,13.319999694824219,13.300000190734863,13.3100004196167,21892,0.0,0.0,0.0
2025-06-13 01:55:00+00:00,13.319999694824219,13.34000015258789,13.319999694824219,13.34000015258789,194552,0.0,0.0,0.0
2025-06-13 02:00:00+00:00,13.34000015258789,13.34000015258789,13.319999694824219,13.329999923706055,38507,0.0,0.0,0.0
2025-06-13 02:05:00+00:00,13.329999923706055,13.329999923706055,13.319999694824219,13.319999694824219,11075,0.0,0.0,0.0
2025-06-13 02:10:00+00:00,13.319999694824219,13.329999923706055,13.319999694824219,13.329999923706055,14549,0.0,0.0,0.0
2025-06-13 02:15:00+00:00,13.329999923706055,13.329999923706055,13.319999694824219,13.329999923706055,25148,0.0,0.0,0.0
2025-06-13 02:20:00+00:00,13.329999923706055,13.329999923706055,13.319999694824219,13.319999694824219,67771,0.0,0.0,0.0
2025-06-13 02:25:00+00:00,13.3100004196167,13.319999694824219,13.3100004196167,13.319999694824219,124257,0.0,0.0,0.0
2025-06-13 02:30:00+00:00,13.319999694824219,13.319999694824219,13.300000190734863,13.300000190734863,243622,0.0,0.0,0.0
2025-06-13 02:35:00+00:00,13.300000190734863,13.300000190734863,13.279999732971191,13.279999732971191,85359,0.0,0.0,0.0
2025-06-13 02:40:00+00:00,13.289999961853027,13.289999961853027,13.25,13.25,473860,0.0,0.0,0.0
2025-06-13 02:45:00+00:00,13.260000228881836,13.270000457763672,13.25,13.270000457763672,131047,0.0,0.0,0.0
2025-06-13 02:50:00+00:00,13.270000457763672,13.270000457763672,13.260000228881836,13.260000228881836,20335,0.0,0.0,0.0
2025-06-13 02:55:00+00:00,13.270000457763672,13.279999732971191,13.270000457763672,13.279999732971191,32333,0.0,0.0,0.0
2025-06-13 03:00:00+00:00,13.279999732971191,13.279999732971191,13.270000457763672,13.279999732971191,17707,0.0,0.0,0.0
2025-06-13 03:05:00+00:00,13.279999732971191,13.279999732971191,13.270000457763672,13.270000457763672,27651,0.0,0.0,0.0
2025-06-13 03:10:00+00:00,13.279999732971191,13.279999732971191,13.279999732971191,13.279999732971191,1043,0.0,0.0,0.0
2025-06-13 03:15:00+00:00,13.279999732971191,13.279999732971191,13.279999732971191,13.279999732971191,66159,0.0,0.0,0.0
2025-06-13 03:20:00+00:00,13.279999732971191,13.300000190734863,13.279999732971191,13.300000190734863,37053,0.0,0.0,0.0
2025-06-13 03:25:00+00:00,13.300000190734863,13.300000190734863,13.289999961853027,13.289999961853027,6149,0.0,0.0,0.0
2025-06-13 03:30:00+00:00,13.289999961853027,13.289999961853027,13.289999961853027,13.289999961853027,11102,0.0,0.0,0.0
2025-06-13 03:35:00+00:00,13.289999961853027,13.289999961853027,13.279999732971191,13.279999732971191,29445,0.0,0.0,0.0
2025-06-13 03:40:00+00:00,13.279999732971191,13.289999961853027,13.279999732971191,13.289999961853027,20234,0.0,0.0,0.0
2025-06-13 03:45:00+00:00,13.289999961853027,13.289999961853027,13.289999961853027,13.289999961853027,8049,0.0,0.0,0.0
2025-06-13 03:50:00+00:00,13.289999961853027,13.289999961853027,13.279999732971191,13.289999961853027,102524,0.0,0.0,0.0
2025-06-13 03:55:00+00:00,13.289999961853027,13.300000190734863,13.289999961853027,13.300000190734863,54764,0.0,0.0,0.0
2025-06-13 04:00:00+00:00,13.300000190734863,13.300000190734863,13.300000190734863,13.300000190734863,1070,0.0,0.0,0.0
2025-06-13 04:05:00+00:00,13.300000190734863,13.300000190734863,13.300000190734863,13.300000190734863,1158,0.0,0.0,0.0
2025-06-13 04:10:00+00:00,13.289999961853027,13.289999961853027,13.289999961853027,13.289999961853027,28051,0.0,0.0,0.0
2025-06-13 04:15:00+00:00,13.289999961853027,13.289999961853027,13.279999732971191,13.289999961853027,24085,0.0,0.0,0.0
2025-06-13 04:20:00+00:00,13.289999961853027,13.289999961853027,13.289999961853027,13.289999961853027,14187,0.0,0.0,0.0
2025-06-13 04:25:00+00:00,13.279999732971191,13.279999732971191,13.279999732971191,13.279999732971191,14034,0.0,0.0,0.0
2025-06-13 04:30:00+00:00,13.289999961853027,13.289999961853027,13.279999732971191,13.279999732971191,32032,0.0,0.0,0.0
2025-06-13 04:35:00+00:00,13.279999732971191,13.279999732971191,13.279999732971191,13.279999732971191,26122,0.0,0.0,0.0
2025-06-13 04:40:00+00:00,13.279999732971191,13.279999732971191,13.279999732971191,13.279999732971191,9010,0.0,0.0,0.0
2025-06-13 04:45:00+00:00,13.270000457763672,13.289999961853027,13.270000457763672,13.270000457763672,15478,0.0,0.0,0.0
2025-06-13 04:50:00+00:00,13.289999961853027,13.289999961853027,13.279999732971191,13.279999732971191,10246,0.0,0.0,0.0
2025-06-13 04:55:00+00:00,13.279999732971191,13.279999732971191,13.279999732971191,13.279999732971191,12294,0.0,0.0,0.0
2025-06-13 05:00:00+00:00,13.289999961853027,13.289999961853027,13.279999732971191,13.279999732971191,31380,0.0,0.0,0.0
2025-06-13 05:05:00+00:00,13.279999732971191,13.279999732971191,13.270000457763672,13.270000457763672,67424,0.0,0.0,0.0
2025-06-13 05:10:00+00:00,13.270000457763672,13.270000457763672,13.270000457763672,13.270000457763672,78761,0.0,0.0,0.0
2025-06-13 05:15:00+00:00,13.279999732971191,13.279999732971191,13.270000457763672,13.270000457763672,24044,0.0,0.0,0.0
2025-06-13 05:20:00+00:00,13.270000457763672,13.270000457763672,13.260000228881836,13.260000228881836,129872,0.0,0.0,0.0
2025-06-16 01:00:00+00:00,13.199999809265137,13.210000038146973,13.180000305175781,13.199999809265137,0,0.0,0.0,0.0
2025-06-16 01:05:00+00:00,13.199999809265137,13.220000267028809,13.1899995803833,13.220000267028809,401070,0.0,0.0,0.0
2025-06-16 01:10:00+00:00,13.220000267028809,13.25,13.220000267028809,13.229999542236328,78238,0.0,0.0,0.0
2025-06-16 01:15:00+00:00,13.25,13.25,13.220000267028809,13.220000267028809,147398,0.0,0.0,0.0
2025-06-16 01:20:00+00:00,13.220000267028809,13.229999542236328,13.210000038146973,13.210000038146973,45972,0.0,0.0,0.0
2025-06-16 01:25:00+00:00,13.229999542236328,13.229999542236328,13.220000267028809,13.220000267028809,3420,0.0,0.0,0.0
2025-06-16 01:30:00+00:00,13.220000267028809,13.220000267028809,13.210000038146973,13.210000038146973,17941,0.0,0.0,0.0
2025-06-16 01:35:00+00:00,13.220000267028809,13.220000267028809,13.220000267028809,13.220000267028809,11831,0.0,0.0,0.0
2025-06-16 01:40:00+00:00,13.220000267028809,13.229999542236328,13.220000267028809,13.229999542236328,65292,0.0,0.0,0.0
2025-06-16 01:45:00+00:00,13.239999771118164,13.239999771118164,13.220000267028809,13.220000267028809,133229,0.0,0.0,0.0
2025-06-16 01:50:00+00:00,13.220000267028809,13.220000267028809,13.210000038146973,13.220000267028809,62273,0.0,0.0,0.0
2025-06-16 01:55:00+00:00,13.220000267028809,13.239999771118164,13.220000267028809,13.239999771118164,12227,0.0,0.0,0.0
2025-06-16 02:00:00+00:00,13.239999771118164,13.239999771118164,13.210000038146973,13.229999542236328,18862,0.0,0.0,0.0
2025-06-16 02:05:00+00:00,13.229999542236328,13.229999542236328,13.229999542236328,13.229999542236328,3022,0.0,0.0,0.0
2025-06-16 02:10:00+00:00,13.229999542236328,13.239999771118164,13.220000267028809,13.239999771118164,16910,0.0,0.0,0.0
2025-06-16 02:15:00+00:00,13.239999771118164,13.239999771118164,13.220000267028809,13.239999771118164,28118,0.0,0.0,0.0
2025-06-16 02:20:00+00:00,13.239999771118164,13.239999771118164,13.229999542236328,13.229999542236328,9276,0.0,0.0,0.0
2025-06-16 02:25:00+00:00,13.229999542236328,13.229999542236328,13.199999809265137,13.210000038146973,485356,0.0,0.0,0.0
2025-06-16 02:30:00+00:00,13.210000038146973,13.220000267028809,13.210000038146973,13.210000038146973,10838,0.0,0.0,0.0
2025-06-16 02:35:00+00:00,13.210000038146973,13.210000038146973,13.210000038146973,13.210000038146973,21012,0.0,0.0,0.0
2025-06-16 02:40:00+00:00,13.210000038146973,13.210000038146973,13.199999809265137,13.199999809265137,25838,0.0,0.0,0.0
2025-06-16 02:45:00+00:00,13.199999809265137,13.210000038146973,13.1899995803833,13.199999809265137,16229,0.0,0.0,0.0
2025-06-16 02:50:00+00:00,13.199999809265137,13.210000038146973,13.199999809265137,13.210000038146973,24012,0.0,0.0,0.0
2025-06-16 02:55:00+00:00,13.210000038146973,13.210000038146973,13.210000038146973,13.210000038146973,11217,0.0,0.0,0.0
2025-06-16 03:00:00+00:00,13.210000038146973,13.220000267028809,13.199999809265137,13.220000267028809,8294,0.0,0.0,0.0
2025-06-16 03:05:00+00:00,13.220000267028809,13.220000267028809,13.220000267028809,13.220000267028809,14400,0.0,0.0,0.0
2025-06-16 03:10:00+00:00,13.220000267028809,13.220000267028809,13.210000038146973,13.220000267028809,8066,0.0,0.0,0.0
2025-06-16 03:15:00+00:00,13.239999771118164,13.239999771118164,13.239999771118164,13.239999771118164,3042,0.0,0.0,0.0
2025-06-16 03:20:00+00:00,13.229999542236328,13.229999542236328,13.210000038146973,13.229999542236328,5027,0.0,0.0,0.0
2025-06-16 03:25:00+00:00,13.229999542236328,13.229999542236328,13.220000267028809,13.220000267028809,8017,0.0,0.0,0.0
2025-06-16 03:30:00+00:00,13.220000267028809,13.220000267028809,13.220000267028809,13.220000267028809,5379,0.0,0.0,0.0
2025-06-16 03:35:00+00:00,13.220000267028809,13.229999542236328,13.220000267028809,13.229999542236328,34491,0.0,0.0,0.0
2025-06-16 03:40:00+00:00,13.229999542236328,13.229999542236328,13.220000267028809,13.220000267028809,35235,0.0,0.0,0.0
2025-06-16 03:45:00+00:00,13.239999771118164,13.239999771118164,13.220000267028809,13.229999542236328,10181,0.0,0.0,0.0
2025-06-16 03:50:00+00:00,13.229999542236328,13.25,13.210000038146973,13.25,101700,0.0,0.0,0.0
2025-06-16 03:55:00+00:00,13.25,13.25,13.25,13.25,30495,0.0,0.0,0.0
2025-06-16 04:00:00+00:00,13.25,13.25,13.239999771118164,13.25,62564,0.0,0.0,0.0
2025-06-16 04:05:00+00:00,13.25,13.25,13.239999771118164,13.25,10196,0.0,0.0,0.0
2025-06-16 04:10:00+00:00,13.25,13.25,13.25,13.25,4117,0.0,0.0,0.0
2025-06-16 04:15:00+00:00,13.25,13.25,13.239999771118164,13.25,15362,0.0,0.0,0.0
2025-06-16 04:20:00+00:00,13.25,13.25,13.229999542236328,13.229999542236328,21097,0.0,0.0,0.0
2025-06-16 04:25:00+00:00,13.239999771118164,13.239999771118164,13.229999542236328,13.229999542236328,6300,0.0,0.0,0.0
2025-06-16 04:30:00+00:00,13.239999771118164,13.239999771118164,13.239999771118164,13.239999771118164,4553,0.0,0.0,0.0
2025-06-16 04:35:00+00:00,13.239999771118164,13.239999771118164,13.239999771118164,13.239999771118164,7181,0.0,0.0,0.0
2025-06-16 04:40:00+00:00,13.229999542236328,13.229999542236328,13.229999542236328,13.229999542236328,3050,0.0,0.0,0.0
2025-06-16 04:45:00+00:00,13.229999542236328,13.239999771118164,13.229999542236328,13.229999542236328,20720,0.0,0.0,0.0
2025-06-16 04:50:00+00:00,13.229999542236328,13.239999771118164,13.229999542236328,13.239999771118164,26240,0.0,0.0,0.0
2025-06-16 04:55:00+00:00,13.239999771118164,13.239999771118164,13.239999771118164,13.239999771118164,8300,0.0,0.0,0.0
2025-06-16 05:00:00+00:00,13.239999771118164,13.239999771118164,13.239999771118164,13.239999771118164,43551,0.0,0.0,0.0
2025-06-16 05:05:00+00:00,13.25,13.270000457763672,13.25,13.270000457763672,153911,0.0,0.0,0.0
2025-06-16 05:10:00+00:00,13.270000457763672,13.270000457763672,13.270000457763672,13.270000457763672,47553,0.0,0.0,0.0
2025-06-16 05:15:00+00:00,13.270000457763672,13.270000457763672,13.260000228881836,13.260000228881836,23871,0.0,0.0,0.0
2025-06-16 05:20:00+00:00,13.270000457763672,13.270000457763672,13.260000228881836,13.270000457763672,537729,0.0,0.0,0.0
2025-06-17 01:00:00+00:00,13.380000114440918,13.40999984741211,13.380000114440918,13.40999984741211,0,0.0,0.0,0.0
2025-06-17 01:05:00+00:00,13.40999984741211,13.40999984741211,13.399999618530273,13.399999618530273,140000,0.0,0.0,0.0
2025-06-17 01:10:00+00:00,13.390000343322754,13.399999618530273,13.359999656677246,13.359999656677246,50123,0.0,0.0,0.0
2025-06-17 01:15:00+00:00,13.359999656677246,13.369999885559082,13.359999656677246,13.369999885559082,14567,0.0,0.0,0.0
2025-06-17 01:20:00+00:00,13.359999656677246,13.369999885559082,13.350000381469727,13.369999885559082,68610,0.0,0.0,0.0
2025-06-17 01:25:00+00:00,13.369999885559082,13.369999885559082,13.359999656677246,13.359999656677246,62044,0.0,0.0,0.0
2025-06-17 01:30:00+00:00,13.359999656677246,13.359999656677246,13.350000381469727,13.350000381469727,11807,0.0,0.0,0.0
2025-06-17 01:35:00+00:00,13.350000381469727,13.350000381469727,13.350000381469727,13.350000381469727,41256,0.0,0.0,0.0
2025-06-17 01:40:00+00:00,13.350000381469727,13.350000381469727,13.34000015258789,13.34000015258789,56114,0.0,0.0,0.0
2025-06-17 01:45:00+00:00,13.350000381469727,13.369999885559082,13.350000381469727,13.369999885559082,102102,0.0,0.0,0.0
2025-06-17 01:50:00+00:00,13.369999885559082,13.390000343322754,13.369999885559082,13.390000343322754,186237,0.0,0.0,0.0
2025-06-17 01:55:00+00:00,13.390000343322754,13.390000343322754,13.390000343322754,13.390000343322754,39593,0.0,0.0,0.0
2025-06-17 02:00:00+00:00,13.390000343322754,13.399999618530273,13.390000343322754,13.390000343322754,26142,0.0,0.0,0.0
2025-06-17 02:05:00+00:00,13.390000343322754,13.390000343322754,13.350000381469727,13.350000381469727,121045,0.0,0.0,0.0
2025-06-17 02:10:00+00:00,13.369999885559082,13.369999885559082,13.329999923706055,13.329999923706055,477349,0.0,0.0,0.0
2025-06-17 02:15:00+00:00,13.3100004196167,13.319999694824219,13.3100004196167,13.319999694824219,261274,0.0,0.0,0.0
2025-06-17 02:20:00+00:00,13.329999923706055,13.329999923706055,13.329999923706055,13.329999923706055,2839,0.0,0.0,0.0
2025-06-17 02:25:00+00:00,13.329999923706055,13.329999923706055,13.329999923706055,13.329999923706055,37103,0.0,0.0,0.0
2025-06-17 02:30:00+00:00,13.319999694824219,13.319999694824219,13.3100004196167,13.3100004196167,17021,0.0,0.0,0.0
2025-06-17 02:35:00+00:00,13.3100004196167,13.3100004196167,13.3100004196167,13.3100004196167,12208,0.0,0.0,0.0
2025-06-17 02:40:00+00:00,13.3100004196167,13.3100004196167,13.300000190734863,13.3100004196167,7330,0.0,0.0,0.0
2025-06-17 02:45:00+00:00,13.300000190734863,13.319999694824219,13.300000190734863,13.319999694824219,41191,0.0,0.0,0.0
2025-06-17 02:50:00+00:00,13.329999923706055,13.329999923706055,13.329999923706055,13.329999923706055,42125,0.0,0.0,0.0
2025-06-17 02:55:00+00:00,13.350000381469727,13.350000381469727,13.350000381469727,13.350000381469727,1586,0.0,0.0,0.0
2025-06-17 03:00:00+00:00,13.34000015258789,13.350000381469727,13.34000015258789,13.34000015258789,567028,0.0,0.0,0.0
2025-06-17 03:05:00+00:00,13.34000015258789,13.34000015258789,13.34000015258789,13.34000015258789,3021,0.0,0.0,0.0
2025-06-17 03:10:00+00:00,13.329999923706055,13.34000015258789,13.329999923706055,13.34000015258789,29121,0.0,0.0,0.0
2025-06-17 03:15:00+00:00,13.329999923706055,13.34000015258789,13.329999923706055,13.34000015258789,10519,0.0,0.0,0.0
2025-06-17 03:20:00+00:00,13.34000015258789,13.34000015258789,13.319999694824219,13.319999694824219,8013,0.0,0.0,0.0
2025-06-17 03:25:00+00:00,13.319999694824219,13.319999694824219,13.319999694824219,13.319999694824219,12013,0.0,0.0,0.0
2025-06-17 03:30:00+00:00,13.329999923706055,13.329999923706055,13.329999923706055,13.329999923706055,1341,0.0,0.0,0.0
2025-06-17 03:35:00+00:00,13.329999923706055,13.329999923706055,13.3100004196167,13.3100004196167,7148,0.0,0.0,0.0
2025-06-17 03:40:00+00:00,13.319999694824219,13.329999923706055,13.3100004196167,13.319999694824219,43093,0.0,0.0,0.0
2025-06-17 03:45:00+00:00,13.319999694824219,13.319999694824219,13.300000190734863,13.300000190734863,23828,0.0,0.0,0.0
2025-06-17 03:50:00+00:00,13.300000190734863,13.319999694824219,13.300000190734863,13.319999694824219,79033,0.0,0.0,0.0
2025-06-17 03:55:00+00:00,13.300000190734863,13.300000190734863,13.289999961853027,13.289999961853027,34506,0.0,0.0,0.0
2025-06-17 04:00:00+00:00,13.300000190734863,13.300000190734863,13.300000190734863,13.300000190734863,13059,0.0,0.0,0.0
2025-06-17 04:05:00+00:00,13.300000190734863,13.3100004196167,13.300000190734863,13.300000190734863,5027,0.0,0.0,0.0
2025-06-17 04:10:00+00:00,13.300000190734863,13.300000190734863,13.300000190734863,13.300000190734863,74468,0.0,0.0,0.0
2025-06-17 04:15:00+00:00,13.300000190734863,13.300000190734863,13.289999961853027,13.289999961853027,14211,0.0,0.0,0.0
2025-06-17 04:20:00+00:00,13.289999961853027,13.289999961853027,13.289999961853027,13.289999961853027,15164,0.0,0.0,0.0
2025-06-17 04:25:00+00:00,13.300000190734863,13.300000190734863,13.300000190734863,13.300000190734863,28145,0.0,0.0,0.0
2025-06-17 04:30:00+00:00,13.3100004196167,13.3100004196167,13.3100004196167,13.3100004196167,1146,0.0,0.0,0.0
2025-06-17 04:35:00+00:00,13.300000190734863,13.300000190734863,13.300000190734863,13.300000190734863,2010,0.0,0.0,0.0
2025-06-17 04:40:00+00:00,13.300000190734863,13.300000190734863,13.300000190734863,13.300000190734863,2090,0.0,0.0,0.0
2025-06-17 04:45:00+00:00,13.300000190734863,13.300000190734863,13.300000190734863,13.300000190734863,18887,0.0,0.0,0.0
2025-06-17 04:50:00+00:00,13.300000190734863,13.300000190734863,13.300000190734863,13.300000190734863,49839,0.0,0.0,0.0
2025-06-17 04:55:00+00:00,13.300000190734863,13.300000190734863,13.300000190734863,13.300000190734863,2403,0.0,0.0,0.0
2025-06-17 05:00:00+00:00,13.3100004196167,13.3100004196167,13.3100004196167,13.3100004196167,330209,0.0,0.0,0.0
2025-06-17 05:05:00+00:00,13.319999694824219,13.319999694824219,13.3100004196167,13.3100004196167,21737,0.0,0.0,0.0
2025-06-17 05:10:00+00:00,13.319999694824219,13.34000015258789,13.319999694824219,13.329999923706055,59169,0.0,0.0,0.0
2025-06-17 05:15:00+00:00,13.34000015258789,13.34000015258789,13.329999923706055,13.329999923706055,71793,0.0,0.0,0.0
2025-06-17 05:20:00+00:00,13.319999694824219,13.319999694824219,13.319999694824219,13.319999694824219,22942,0.0,0.0,0.0
2025-06-18 01:00:00+00:00,13.329999923706055,13.329999923706055,13.329999923706055,13.329999923706055,38000,0.0,0.0,0.0
2025-06-18 01:05:00+00:00,13.329999923706055,13.369999885559082,13.319999694824219,13.359999656677246,134172,0.0,0.0,0.0
2025-06-18 01:10:00+00:00,13.359999656677246,13.369999885559082,13.350000381469727,13.359999656677246,273887,0.0,0.0,0.0
2025-06-18 01:15:00+00:00,13.369999885559082,13.369999885559082,13.359999656677246,13.359999656677246,99719,0.0,0.0,0.0
2025-06-18 01:20:00+00:00,13.359999656677246,13.369999885559082,13.359999656677246,13.359999656677246,48288,0.0,0.0,0.0
2025-06-18 01:25:00+00:00,13.369999885559082,13.369999885559082,13.350000381469727,13.359999656677246,51574,0.0,0.0,0.0
2025-06-18 01:30:00+00:00,13.359999656677246,13.359999656677246,13.350000381469727,13.359999656677246,41335,0.0,0.0,0.0
2025-06-18 01:35:00+00:00,13.359999656677246,13.359999656677246,13.359999656677246,13.359999656677246,43866,0.0,0.0,0.0
2025-06-18 01:40:00+00:00,13.359999656677246,13.359999656677246,13.34000015258789,13.34000015258789,21064,0.0,0.0,0.0
2025-06-18 01:45:00+00:00,13.350000381469727,13.350000381469727,13.34000015258789,13.34000015258789,31185,0.0,0.0,0.0
2025-06-18 01:50:00+00:00,13.34000015258789,13.34000015258789,13.329999923706055,13.329999923706055,149204,0.0,0.0,0.0
2025-06-18 01:55:00+00:00,13.350000381469727,13.350000381469727,13.350000381469727,13.350000381469727,7775,0.0,0.0,0.0
2025-06-18 02:00:00+00:00,13.350000381469727,13.350000381469727,13.350000381469727,13.350000381469727,6372,0.0,0.0,0.0
2025-06-18 02:05:00+00:00,13.34000015258789,13.34000015258789,13.34000015258789,13.34000015258789,68418,0.0,0.0,0.0
2025-06-18 02:10:00+00:00,13.34000015258789,13.350000381469727,13.34000015258789,13.350000381469727,86282,0.0,0.0,0.0
2025-06-18 02:15:00+00:00,13.359999656677246,13.359999656677246,13.350000381469727,13.350000381469727,43063,0.0,0.0,0.0
2025-06-18 02:20:00+00:00,13.350000381469727,13.369999885559082,13.34000015258789,13.369999885559082,794205,0.0,0.0,0.0
2025-06-18 02:25:00+00:00,13.369999885559082,13.380000114440918,13.369999885559082,13.369999885559082,162548,0.0,0.0,0.0
2025-06-18 02:30:00+00:00,13.380000114440918,13.390000343322754,13.380000114440918,13.390000343322754,60204,0.0,0.0,0.0
2025-06-18 02:35:00+00:00,13.390000343322754,13.390000343322754,13.380000114440918,13.380000114440918,5121,0.0,0.0,0.0
2025-06-18 02:40:00+00:00,13.380000114440918,13.390000343322754,13.380000114440918,13.390000343322754,110015,0.0,0.0,0.0
2025-06-18 02:45:00+00:00,13.399999618530273,13.420000076293945,13.390000343322754,13.420000076293945,658355,0.0,0.0,0.0
2025-06-18 02:50:00+00:00,13.40999984741211,13.420000076293945,13.40999984741211,13.420000076293945,4024,0.0,0.0,0.0
2025-06-18 02:55:00+00:00,13.420000076293945,13.420000076293945,13.40999984741211,13.40999984741211,147159,0.0,0.0,0.0
2025-06-18 03:00:00+00:00,13.40999984741211,13.420000076293945,13.40999984741211,13.420000076293945,8068,0.0,0.0,0.0
2025-06-18 03:05:00+00:00,13.40999984741211,13.40999984741211,13.399999618530273,13.399999618530273,12477,0.0,0.0,0.0
2025-06-18 03:10:00+00:00,13.399999618530273,13.399999618530273,13.399999618530273,13.399999618530273,22190,0.0,0.0,0.0
2025-06-18 03:15:00+00:00,13.399999618530273,13.40999984741211,13.399999618530273,13.399999618530273,22473,0.0,0.0,0.0
2025-06-18 03:20:00+00:00,13.399999618530273,13.40999984741211,13.399999618530273,13.40999984741211,153827,0.0,0.0,0.0
2025-06-18 03:25:00+00:00,13.420000076293945,13.420000076293945,13.420000076293945,13.420000076293945,200411,0.0,0.0,0.0
2025-06-18 03:30:00+00:00,13.420000076293945,13.430000305175781,13.420000076293945,13.420000076293945,38554,0.0,0.0,0.0
2025-06-18 03:35:00+00:00,13.420000076293945,13.430000305175781,13.420000076293945,13.420000076293945,48038,0.0,0.0,0.0
2025-06-18 03:40:00+00:00,13.420000076293945,13.430000305175781,13.420000076293945,13.430000305175781,25264,0.0,0.0,0.0
2025-06-18 03:45:00+00:00,13.430000305175781,13.430000305175781,13.420000076293945,13.420000076293945,12015,0.0,0.0,0.0
2025-06-18 03:50:00+00:00,13.420000076293945,13.420000076293945,13.40999984741211,13.40999984741211,126035,0.0,0.0,0.0
2025-06-18 03:55:00+00:00,13.40999984741211,13.40999984741211,13.399999618530273,13.40999984741211,226614,0.0,0.0,0.0
2025-06-18 04:00:00+00:00,13.40999984741211,13.420000076293945,13.399999618530273,13.420000076293945,29370,0.0,0.0,0.0
2025-06-18 04:05:00+00:00,13.399999618530273,13.399999618530273,13.399999618530273,13.399999618530273,30121,0.0,0.0,0.0
2025-06-18 04:10:00+00:00,13.40999984741211,13.40999984741211,13.399999618530273,13.399999618530273,168359,0.0,0.0,0.0
2025-06-18 04:15:00+00:00,13.399999618530273,13.40999984741211,13.399999618530273,13.399999618530273,12075,0.0,0.0,0.0
2025-06-18 04:20:00+00:00,13.399999618530273,13.40999984741211,13.399999618530273,13.40999984741211,38129,0.0,0.0,0.0
2025-06-18 04:25:00+00:00,13.40999984741211,13.420000076293945,13.40999984741211,13.40999984741211,108205,0.0,0.0,0.0
2025-06-18 04:30:00+00:00,13.420000076293945,13.420000076293945,13.399999618530273,13.399999618530273,102462,0.0,0.0,0.0
2025-06-18 04:35:00+00:00,13.399999618530273,13.399999618530273,13.380000114440918,13.380000114440918,24200,0.0,0.0,0.0
2025-06-18 04:40:00+00:00,13.380000114440918,13.390000343322754,13.380000114440918,13.380000114440918,8227,0.0,0.0,0.0
2025-06-18 04:45:00+00:00,13.380000114440918,13.380000114440918,13.369999885559082,13.369999885559082,9250,0.0,0.0,0.0
2025-06-18 04:50:00+00:00,13.369999885559082,13.380000114440918,13.369999885559082,13.369999885559082,109300,0.0,0.0,0.0
2025-06-18 04:55:00+00:00,13.380000114440918,13.380000114440918,13.369999885559082,13.369999885559082,60227,0.0,0.0,0.0
2025-06-18 05:00:00+00:00,13.380000114440918,13.390000343322754,13.380000114440918,13.390000343322754,103400,0.0,0.0,0.0
2025-06-18 05:05:00+00:00,13.399999618530273,13.399999618530273,13.399999618530273,13.399999618530273,48243,0.0,0.0,0.0
2025-06-18 05:10:00+00:00,13.399999618530273,13.399999618530273,13.399999618530273,13.399999618530273,26357,0.0,0.0,0.0
2025-06-18 05:15:00+00:00,13.399999618530273,13.399999618530273,13.399999618530273,13.399999618530273,15217,0.0,0.0,0.0
2025-06-18 05:20:00+00:00,13.399999618530273,13.399999618530273,13.390000343322754,13.399999618530273,22663,0.0,0.0,0.0
2025-06-19 01:00:00+00:00,13.390000343322754,13.390000343322754,13.369999885559082,13.369999885559082,0,0.0,0.0,0.0
2025-06-19 01:05:00+00:00,13.350000381469727,13.350000381469727,13.350000381469727,13.350000381469727,60000,0.0,0.0,0.0
2025-06-19 01:10:00+00:00,13.359999656677246,13.359999656677246,13.350000381469727,13.359999656677246,38964,0.0,0.0,0.0
2025-06-19 01:15:00+00:00,13.359999656677246,13.369999885559082,13.359999656677246,13.369999885559082,141178,0.0,0.0,0.0
2025-06-19 01:20:00+00:00,13.369999885559082,13.369999885559082,13.359999656677246,13.369999885559082,10336,0.0,0.0,0.0
2025-06-19 01:25:00+00:00,13.359999656677246,13.359999656677246,13.350000381469727,13.350000381469727,37090,0.0,0.0,0.0
2025-06-19 01:30:00+00:00,13.359999656677246,13.359999656677246,13.34000015258789,13.34000015258789,11529,0.0,0.0,0.0
2025-06-19 01:35:00+00:00,13.34000015258789,13.34000015258789,13.329999923706055,13.329999923706055,21708,0.0,0.0,0.0
2025-06-19 01:40:00+00:00,13.319999694824219,13.319999694824219,13.3100004196167,13.319999694824219,26997,0.0,0.0,0.0
2025-06-19 01:45:00+00:00,13.3100004196167,13.329999923706055,13.3100004196167,13.329999923706055,46245,0.0,0.0,0.0
2025-06-19 01:50:00+00:00,13.329999923706055,13.329999923706055,13.319999694824219,13.319999694824219,11372,0.0,0.0,0.0
2025-06-19 01:55:00+00:00,13.319999694824219,13.319999694824219,13.3100004196167,13.3100004196167,74100,0.0,0.0,0.0
2025-06-19 02:00:00+00:00,13.319999694824219,13.319999694824219,13.3100004196167,13.3100004196167,17934,0.0,0.0,0.0
2025-06-19 02:05:00+00:00,13.319999694824219,13.329999923706055,13.319999694824219,13.329999923706055,51368,0.0,0.0,0.0
2025-06-19 02:10:00+00:00,13.329999923706055,13.329999923706055,13.319999694824219,13.319999694824219,71218,0.0,0.0,0.0
2025-06-19 02:15:00+00:00,13.319999694824219,13.319999694824219,13.300000190734863,13.300000190734863,67284,0.0,0.0,0.0
2025-06-19 02:20:00+00:00,13.300000190734863,13.300000190734863,13.300000190734863,13.300000190734863,7317,0.0,0.0,0.0
2025-06-19 02:25:00+00:00,13.300000190734863,13.300000190734863,13.300000190734863,13.300000190734863,22602,0.0,0.0,0.0
2025-06-19 02:30:00+00:00,13.3100004196167,13.3100004196167,13.3100004196167,13.3100004196167,7118,0.0,0.0,0.0
2025-06-19 02:35:00+00:00,13.300000190734863,13.3100004196167,13.300000190734863,13.3100004196167,7135,0.0,0.0,0.0
2025-06-19 02:40:00+00:00,13.300000190734863,13.3100004196167,13.300000190734863,13.300000190734863,56333,0.0,0.0,0.0
2025-06-19 02:45:00+00:00,13.3100004196167,13.3100004196167,13.279999732971191,13.279999732971191,39544,0.0,0.0,0.0
2025-06-19 02:50:00+00:00,13.279999732971191,13.289999961853027,13.279999732971191,13.289999961853027,10008,0.0,0.0,0.0
2025-06-19 02:55:00+00:00,13.289999961853027,13.289999961853027,13.270000457763672,13.279999732971191,46159,0.0,0.0,0.0
2025-06-19 03:00:00+00:00,13.289999961853027,13.300000190734863,13.289999961853027,13.300000190734863,15266,0.0,0.0,0.0
2025-06-19 03:05:00+00:00,13.300000190734863,13.300000190734863,13.300000190734863,13.300000190734863,13017,0.0,0.0,0.0
2025-06-19 03:10:00+00:00,13.300000190734863,13.3100004196167,13.300000190734863,13.3100004196167,20726,0.0,0.0,0.0
2025-06-19 03:15:00+00:00,13.3100004196167,13.3100004196167,13.3100004196167,13.3100004196167,6514,0.0,0.0,0.0
2025-06-19 03:20:00+00:00,13.319999694824219,13.319999694824219,13.3100004196167,13.3100004196167,3118,0.0,0.0,0.0
2025-06-19 03:25:00+00:00,13.319999694824219,13.319999694824219,13.319999694824219,13.319999694824219,51030,0.0,0.0,0.0
2025-06-19 03:30:00+00:00,13.329999923706055,13.329999923706055,13.319999694824219,13.319999694824219,8375,0.0,0.0,0.0
2025-06-19 03:35:00+00:00,13.319999694824219,13.319999694824219,13.319999694824219,13.319999694824219,26111,0.0,0.0,0.0
2025-06-19 03:40:00+00:00,13.319999694824219,13.329999923706055,13.319999694824219,13.329999923706055,4121,0.0,0.0,0.0
2025-06-19 03:45:00+00:00,13.329999923706055,13.329999923706055,13.319999694824219,13.319999694824219,10522,0.0,0.0,0.0
2025-06-19 03:50:00+00:00,13.319999694824219,13.329999923706055,13.319999694824219,13.319999694824219,4042,0.0,0.0,0.0
2025-06-19 03:55:00+00:00,13.329999923706055,13.329999923706055,13.319999694824219,13.319999694824219,16010,0.0,0.0,0.0
2025-06-19 04:00:00+00:00,13.329999923706055,13.329999923706055,13.319999694824219,13.319999694824219,108054,0.0,0.0,0.0
2025-06-19 04:05:00+00:00,13.319999694824219,13.319999694824219,13.319999694824219,13.319999694824219,2304,0.0,0.0,0.0
2025-06-19 04:10:00+00:00,13.3100004196167,13.3100004196167,13.3100004196167,13.3100004196167,62427,0.0,0.0,0.0
2025-06-19 04:15:00+00:00,13.3100004196167,13.319999694824219,13.3100004196167,13.319999694824219,4806,0.0,0.0,0.0
2025-06-19 04:20:00+00:00,13.3100004196167,13.3100004196167,13.300000190734863,13.300000190734863,47013,0.0,0.0,0.0
2025-06-19 04:25:00+00:00,13.3100004196167,13.3100004196167,13.300000190734863,13.300000190734863,47066,0.0,0.0,0.0
2025-06-19 04:30:00+00:00,13.3100004196167,13.3100004196167,13.300000190734863,13.300000190734863,14673,0.0,0.0,0.0
2025-06-19 04:35:00+00:00,13.300000190734863,13.300000190734863,13.300000190734863,13.300000190734863,13340,0.0,0.0,0.0
2025-06-19 04:40:00+00:00,13.3100004196167,13.3100004196167,13.300000190734863,13.3100004196167,11360,0.0,0.0,0.0
2025-06-19 04:45:00+00:00,13.3100004196167,13.3100004196167,13.300000190734863,13.3100004196167,9384,0.0,0.0,0.0
2025-06-19 04:50:00+00:00,13.300000190734863,13.300000190734863,13.300000190734863,13.300000190734863,6050,0.0,0.0,0.0
2025-06-19 04:55:00+00:00,13.300000190734863,13.300000190734863,13.300000190734863,13.300000190734863,25114,0.0,0.0,0.0
2025-06-19 05:00:00+00:00,13.300000190734863,13.300000190734863,13.289999961853027,13.289999961853027,253122,0.0,0.0,0.0
2025-06-19 05:05:00+00:00,13.289999961853027,13.289999961853027,13.289999961853027,13.289999961853027,39169,0.0,0.0,0.0
2025-06-19 05:10:00+00:00,13.289999961853027,13.289999961853027,13.279999732971191,13.279999732971191,15106,0.0,0.0,0.0
2025-06-19 05:15:00+00:00,13.289999961853027,13.289999961853027,13.279999732971191,13.279999732971191,25727,0.0,0.0,0.0
2025-06-19 05:20:00+00:00,13.289999961853027,13.289999961853027,13.289999961853027,13.289999961853027,19333,0.0,0.0,0.0
2025-06-20 01:00:00+00:00,13.289999961853027,13.300000190734863,13.289999961853027,13.289999961853027,0,0.0,0.0,0.0
2025-06-20 01:05:00+00:00,13.300000190734863,13.300000190734863,13.260000228881836,13.260000228881836,18071,0.0,0.0,0.0
2025-06-20 01:10:00+00:00,13.260000228881836,13.270000457763672,13.25,13.25,45991,0.0,0.0,0.0
2025-06-20 01:15:00+00:00,13.239999771118164,13.25,13.239999771118164,13.239999771118164,64224,0.0,0.0,0.0
2025-06-20 01:20:00+00:00,13.239999771118164,13.25,13.229999542236328,13.239999771118164,60161,0.0,0.0,0.0
2025-06-20 01:25:00+00:00,13.239999771118164,13.239999771118164,13.229999542236328,13.229999542236328,27073,0.0,0.0,0.0
2025-06-20 01:30:00+00:00,13.229999542236328,13.229999542236328,13.210000038146973,13.210000038146973,53814,0.0,0.0,0.0
2025-06-20 01:35:00+00:00,13.199999809265137,13.199999809265137,13.1899995803833,13.1899995803833,421211,0.0,0.0,0.0
2025-06-20 01:40:00+00:00,13.1899995803833,13.199999809265137,13.1899995803833,13.1899995803833,29845,0.0,0.0,0.0
2025-06-20 01:45:00+00:00,13.1899995803833,13.1899995803833,13.180000305175781,13.180000305175781,61016,0.0,0.0,0.0
2025-06-20 01:50:00+00:00,13.180000305175781,13.180000305175781,13.180000305175781,13.180000305175781,6599,0.0,0.0,0.0
2025-06-20 01:55:00+00:00,13.170000076293945,13.170000076293945,13.170000076293945,13.170000076293945,42536,0.0,0.0,0.0
2025-06-20 02:00:00+00:00,13.180000305175781,13.180000305175781,13.180000305175781,13.180000305175781,13738,0.0,0.0,0.0
2025-06-20 02:05:00+00:00,13.180000305175781,13.180000305175781,13.170000076293945,13.180000305175781,11418,0.0,0.0,0.0
2025-06-20 02:10:00+00:00,13.180000305175781,13.180000305175781,13.15999984741211,13.15999984741211,57110,0.0,0.0,0.0
2025-06-20 02:15:00+00:00,13.15999984741211,13.15999984741211,13.149999618530273,13.15999984741211,50335,0.0,0.0,0.0
2025-06-20 02:20:00+00:00,13.15999984741211,13.15999984741211,13.149999618530273,13.15999984741211,16218,0.0,0.0,0.0
2025-06-20 02:25:00+00:00,13.170000076293945,13.170000076293945,13.170000076293945,13.170000076293945,4181,0.0,0.0,0.0
2025-06-20 02:30:00+00:00,13.170000076293945,13.180000305175781,13.170000076293945,13.180000305175781,95314,0.0,0.0,0.0
2025-06-20 02:35:00+00:00,13.1899995803833,13.199999809265137,13.1899995803833,13.199999809265137,36169,0.0,0.0,0.0
2025-06-20 02:40:00+00:00,13.199999809265137,13.199999809265137,13.1899995803833,13.1899995803833,39059,0.0,0.0,0.0
2025-06-20 02:45:00+00:00,13.1899995803833,13.199999809265137,13.1899995803833,13.199999809265137,3174,0.0,0.0,0.0
2025-06-20 02:50:00+00:00,13.199999809265137,13.199999809265137,13.1899995803833,13.1899995803833,151235,0.0,0.0,0.0
2025-06-20 02:55:00+00:00,13.1899995803833,13.1899995803833,13.1899995803833,13.1899995803833,11530,0.0,0.0,0.0
2025-06-20 03:00:00+00:00,13.180000305175781,13.180000305175781,13.180000305175781,13.180000305175781,29266,0.0,0.0,0.0
2025-06-20 03:05:00+00:00,13.180000305175781,13.180000305175781,13.180000305175781,13.180000305175781,3205,0.0,0.0,0.0
2025-06-20 03:10:00+00:00,13.180000305175781,13.180000305175781,13.180000305175781,13.180000305175781,2144,0.0,0.0,0.0
2025-06-20 03:15:00+00:00,13.180000305175781,13.180000305175781,13.170000076293945,13.170000076293945,10387,0.0,0.0,0.0
2025-06-20 03:20:00+00:00,13.180000305175781,13.1899995803833,13.170000076293945,13.1899995803833,6151,0.0,0.0,0.0
2025-06-20 03:25:00+00:00,13.1899995803833,13.1899995803833,13.1899995803833,13.1899995803833,13269,0.0,0.0,0.0
2025-06-20 03:30:00+00:00,13.199999809265137,13.199999809265137,13.199999809265137,13.199999809265137,13686,0.0,0.0,0.0
2025-06-20 03:35:00+00:00,13.199999809265137,13.199999809265137,13.199999809265137,13.199999809265137,38024,0.0,0.0,0.0
2025-06-20 03:40:00+00:00,13.210000038146973,13.220000267028809,13.210000038146973,13.220000267028809,5124,0.0,0.0,0.0
2025-06-20 03:45:00+00:00,13.210000038146973,13.220000267028809,13.210000038146973,13.220000267028809,8320,0.0,0.0,0.0
2025-06-20 03:50:00+00:00,13.210000038146973,13.229999542236328,13.210000038146973,13.229999542236328,74076,0.0,0.0,0.0
2025-06-20 03:55:00+00:00,13.239999771118164,13.25,13.229999542236328,13.25,40063,0.0,0.0,0.0
2025-06-20 04:00:00+00:00,13.25,13.25,13.25,13.25,6053,0.0,0.0,0.0
2025-06-20 04:05:00+00:00,13.25,13.25,13.25,13.25,5187,0.0,0.0,0.0
2025-06-20 04:10:00+00:00,13.25,13.25,13.25,13.25,34137,0.0,0.0,0.0
2025-06-20 04:15:00+00:00,13.25,13.25,13.239999771118164,13.25,5153,0.0,0.0,0.0
2025-06-20 04:20:00+00:00,13.25,13.25,13.239999771118164,13.25,8682,0.0,0.0,0.0
2025-06-20 04:25:00+00:00,13.25,13.25,13.25,13.25,1055,0.0,0.0,0.0
2025-06-20 04:30:00+00:00,13.25,13.25,13.239999771118164,13.239999771118164,4486,0.0,0.0,0.0
2025-06-20 04:35:00+00:00,13.239999771118164,13.239999771118164,13.239999771118164,13.239999771118164,3010,0.0,0.0,0.0
2025-06-20 04:40:00+00:00,13.239999771118164,13.239999771118164,13.220000267028809,13.220000267028809,18183,0.0,0.0,0.0
2025-06-20 04:45:00+00:00,13.210000038146973,13.210000038146973,13.210000038146973,13.210000038146973,19425,0.0,0.0,0.0
2025-06-20 04:50:00+00:00,13.210000038146973,13.229999542236328,13.210000038146973,13.229999542236328,90110,0.0,0.0,0.0
2025-06-20 04:55:00+00:00,13.229999542236328,13.239999771118164,13.229999542236328,13.239999771118164,37694,0.0,0.0,0.0
2025-06-20 05:00:00+00:00,13.239999771118164,13.239999771118164,13.239999771118164,13.239999771118164,3310,0.0,0.0,0.0
2025-06-20 05:05:00+00:00,13.239999771118164,13.239999771118164,13.229999542236328,13.229999542236328,10010,0.0,0.0,0.0
2025-06-20 05:10:00+00:00,13.229999542236328,13.229999542236328,13.229999542236328,13.229999542236328,17398,0.0,0.0,0.0
2025-06-20 05:15:00+00:00,13.229999542236328,13.229999542236328,13.220000267028809,13.229999542236328,5926,0.0,0.0,0.0
2025-06-20 05:20:00+00:00,13.229999542236328,13.229999542236328,13.220000267028809,13.229999542236328,52161,0.0,0.0,0.0
2025-06-23 01:00:00+00:00,13.100000381469727,13.100000381469727,13.050000190734863,13.0600004196167,0,0.0,0.0,0.0
2025-06-23 01:05:00+00:00,13.069999694824219,13.100000381469727,13.0600004196167,13.100000381469727,79317,0.0,0.0,0.0
2025-06-23 01:10:00+00:00,13.119999885559082,13.140000343322754,13.119999885559082,13.130000114440918,77550,0.0,0.0,0.0
2025-06-23 01:15:00+00:00,13.130000114440918,13.130000114440918,13.09000015258789,13.09000015258789,102353,0.0,0.0,0.0
2025-06-23 01:20:00+00:00,13.09000015258789,13.09000015258789,13.069999694824219,13.079999923706055,62594,0.0,0.0,0.0
2025-06-23 01:25:00+00:00,13.079999923706055,13.079999923706055,13.079999923706055,13.079999923706055,32738,0.0,0.0,0.0
2025-06-23 01:30:00+00:00,13.079999923706055,13.09000015258789,13.0600004196167,13.09000015258789,122909,0.0,0.0,0.0
2025-06-23 01:35:00+00:00,13.09000015258789,13.109999656677246,13.09000015258789,13.100000381469727,164084,0.0,0.0,0.0
2025-06-23 01:40:00+00:00,13.09000015258789,13.100000381469727,13.09000015258789,13.09000015258789,28960,0.0,0.0,0.0
2025-06-23 01:45:00+00:00,13.09000015258789,13.109999656677246,13.09000015258789,13.109999656677246,35645,0.0,0.0,0.0
2025-06-23 01:50:00+00:00,13.109999656677246,13.130000114440918,13.109999656677246,13.130000114440918,52325,0.0,0.0,0.0
2025-06-23 01:55:00+00:00,13.130000114440918,13.130000114440918,13.119999885559082,13.119999885559082,11314,0.0,0.0,0.0
2025-06-23 02:00:00+00:00,13.130000114440918,13.130000114440918,13.119999885559082,13.119999885559082,64510,0.0,0.0,0.0
2025-06-23 02:05:00+00:00,13.119999885559082,13.119999885559082,13.109999656677246,13.119999885559082,55814,0.0,0.0,0.0
2025-06-23 02:10:00+00:00,13.140000343322754,13.140000343322754,13.130000114440918,13.130000114440918,7465,0.0,0.0,0.0
2025-06-23 02:15:00+00:00,13.140000343322754,13.140000343322754,13.140000343322754,13.140000343322754,7005,0.0,0.0,0.0
2025-06-23 02:20:00+00:00,13.140000343322754,13.140000343322754,13.130000114440918,13.140000343322754,9758,0.0,0.0,0.0
2025-06-23 02:25:00+00:00,13.140000343322754,13.140000343322754,13.140000343322754,13.140000343322754,5889,0.0,0.0,0.0
2025-06-23 02:30:00+00:00,13.140000343322754,13.140000343322754,13.140000343322754,13.140000343322754,12438,0.0,0.0,0.0
2025-06-23 02:35:00+00:00,13.130000114440918,13.140000343322754,13.130000114440918,13.140000343322754,52234,0.0,0.0,0.0
2025-06-23 02:40:00+00:00,13.149999618530273,13.149999618530273,13.140000343322754,13.140000343322754,13437,0.0,0.0,0.0
2025-06-23 02:45:00+00:00,13.149999618530273,13.149999618530273,13.140000343322754,13.149999618530273,12416,0.0,0.0,0.0
2025-06-23 02:50:00+00:00,13.149999618530273,13.149999618530273,13.149999618530273,13.149999618530273,34382,0.0,0.0,0.0
2025-06-23 02:55:00+00:00,13.149999618530273,13.149999618530273,13.140000343322754,13.140000343322754,14716,0.0,0.0,0.0
2025-06-23 03:00:00+00:00,13.130000114440918,13.149999618530273,13.119999885559082,13.149999618530273,17145,0.0,0.0,0.0
2025-06-23 03:05:00+00:00,13.149999618530273,13.149999618530273,13.130000114440918,13.130000114440918,5183,0.0,0.0,0.0
2025-06-23 03:10:00+00:00,13.149999618530273,13.149999618530273,13.140000343322754,13.140000343322754,22164,0.0,0.0,0.0
2025-06-23 03:15:00+00:00,13.140000343322754,13.149999618530273,13.140000343322754,13.149999618530273,3270,0.0,0.0,0.0
2025-06-23 03:20:00+00:00,13.149999618530273,13.149999618530273,13.140000343322754,13.140000343322754,6138,0.0,0.0,0.0
2025-06-23 03:25:00+00:00,13.140000343322754,13.149999618530273,13.140000343322754,13.149999618530273,3079,0.0,0.0,0.0
2025-06-23 03:30:00+00:00,13.149999618530273,13.15999984741211,13.149999618530273,13.15999984741211,10049,0.0,0.0,0.0
2025-06-23 03:35:00+00:00,13.15999984741211,13.15999984741211,13.15999984741211,13.15999984741211,3206,0.0,0.0,0.0
2025-06-23 03:40:00+00:00,13.15999984741211,13.15999984741211,13.149999618530273,13.149999618530273,5004,0.0,0.0,0.0
2025-06-23 03:45:00+00:00,13.149999618530273,13.15999984741211,13.149999618530273,13.15999984741211,8084,0.0,0.0,0.0
2025-06-23 03:50:00+00:00,13.15999984741211,13.170000076293945,13.149999618530273,13.149999618530273,8091,0.0,0.0,0.0
2025-06-23 03:55:00+00:00,13.170000076293945,13.170000076293945,13.170000076293945,13.170000076293945,4108,0.0,0.0,0.0
2025-06-23 04:00:00+00:00,13.15999984741211,13.15999984741211,13.15999984741211,13.15999984741211,3129,0.0,0.0,0.0
2025-06-23 04:05:00+00:00,13.149999618530273,13.15999984741211,13.149999618530273,13.15999984741211,6565,0.0,0.0,0.0
2025-06-23 04:10:00+00:00,13.15999984741211,13.15999984741211,13.15999984741211,13.15999984741211,3823,0.0,0.0,0.0
2025-06-23 04:15:00+00:00,13.15999984741211,13.15999984741211,13.149999618530273,13.15999984741211,20284,0.0,0.0,0.0
2025-06-23 04:20:00+00:00,13.15999984741211,13.15999984741211,13.149999618530273,13.15999984741211,7110,0.0,0.0,0.0
2025-06-23 04:25:00+00:00,13.15999984741211,13.15999984741211,13.149999618530273,13.149999618530273,22061,0.0,0.0,0.0
2025-06-23 04:30:00+00:00,13.15999984741211,13.15999984741211,13.149999618530273,13.15999984741211,38328,0.0,0.0,0.0
2025-06-23 04:35:00+00:00,13.15999984741211,13.15999984741211,13.15999984741211,13.15999984741211,11100,0.0,0.0,0.0
2025-06-23 04:40:00+00:00,13.15999984741211,13.15999984741211,13.15999984741211,13.15999984741211,14300,0.0,0.0,0.0
2025-06-23 04:45:00+00:00,13.15999984741211,13.170000076293945,13.15999984741211,13.170000076293945,32080,0.0,0.0,0.0
2025-06-23 04:50:00+00:00,13.170000076293945,13.170000076293945,13.149999618530273,13.149999618530273,16209,0.0,0.0,0.0
2025-06-23 04:55:00+00:00,13.149999618530273,13.170000076293945,13.149999618530273,13.170000076293945,5486,0.0,0.0,0.0
2025-06-23 05:00:00+00:00,13.15999984741211,13.15999984741211,13.149999618530273,13.15999984741211,57116,0.0,0.0,0.0
2025-06-23 05:05:00+00:00,13.15999984741211,13.1899995803833,13.15999984741211,13.1899995803833,42311,0.0,0.0,0.0
2025-06-23 05:10:00+00:00,13.170000076293945,13.180000305175781,13.15999984741211,13.180000305175781,107044,0.0,0.0,0.0
2025-06-23 05:15:00+00:00,13.1899995803833,13.199999809265137,13.180000305175781,13.199999809265137,169805,0.0,0.0,0.0
2025-06-23 05:20:00+00:00,13.199999809265137,13.199999809265137,13.1899995803833,13.1899995803833,16791,0.0,0.0,0.0
2025-06-24 01:00:00+00:00,13.390000343322754,13.390000343322754,13.390000343322754,13.390000343322754,0,0.0,0.0,0.0
2025-06-24 01:05:00+00:00,13.390000343322754,13.449999809265137,13.390000343322754,13.430000305175781,429000,0.0,0.0,0.0
2025-06-24 01:10:00+00:00,13.430000305175781,13.430000305175781,13.420000076293945,13.420000076293945,191530,0.0,0.0,0.0
2025-06-24 01:15:00+00:00,13.420000076293945,13.449999809265137,13.420000076293945,13.449999809265137,225862,0.0,0.0,0.0
2025-06-24 01:20:00+00:00,13.449999809265137,13.449999809265137,13.4399995803833,13.4399995803833,57549,0.0,0.0,0.0
2025-06-24 01:25:00+00:00,13.4399995803833,13.449999809265137,13.420000076293945,13.420000076293945,120198,0.0,0.0,0.0
2025-06-24 01:30:00+00:00,13.420000076293945,13.420000076293945,13.40999984741211,13.40999984741211,25078,0.0,0.0,0.0
2025-06-24 01:35:00+00:00,13.40999984741211,13.40999984741211,13.40999984741211,13.40999984741211,60044,0.0,0.0,0.0
2025-06-24 01:40:00+00:00,13.420000076293945,13.4399995803833,13.420000076293945,13.4399995803833,146069,0.0,0.0,0.0
2025-06-24 01:45:00+00:00,13.4399995803833,13.449999809265137,13.430000305175781,13.4399995803833,88644,0.0,0.0,0.0
2025-06-24 01:50:00+00:00,13.4399995803833,13.4399995803833,13.430000305175781,13.430000305175781,39109,0.0,0.0,0.0
2025-06-24 01:55:00+00:00,13.4399995803833,13.449999809265137,13.430000305175781,13.430000305175781,85034,0.0,0.0,0.0
2025-06-24 02:00:00+00:00,13.4399995803833,13.4399995803833,13.430000305175781,13.4399995803833,16014,0.0,0.0,0.0
2025-06-24 02:05:00+00:00,13.430000305175781,13.430000305175781,13.40999984741211,13.40999984741211,49718,0.0,0.0,0.0
2025-06-24 02:10:00+00:00,13.40999984741211,13.40999984741211,13.40999984741211,13.40999984741211,23447,0.0,0.0,0.0
2025-06-24 02:15:00+00:00,13.399999618530273,13.399999618530273,13.390000343322754,13.390000343322754,335029,0.0,0.0,0.0
2025-06-24 02:20:00+00:00,13.390000343322754,13.399999618530273,13.390000343322754,13.399999618530273,19240,0.0,0.0,0.0
2025-06-24 02:25:00+00:00,13.390000343322754,13.390000343322754,13.390000343322754,13.390000343322754,7068,0.0,0.0,0.0
2025-06-24 02:30:00+00:00,13.399999618530273,13.399999618530273,13.399999618530273,13.399999618530273,49199,0.0,0.0,0.0
2025-06-24 02:35:00+00:00,13.399999618530273,13.399999618530273,13.390000343322754,13.390000343322754,4040,0.0,0.0,0.0
2025-06-24 02:40:00+00:00,13.390000343322754,13.390000343322754,13.390000343322754,13.390000343322754,15336,0.0,0.0,0.0
2025-06-24 02:45:00+00:00,13.390000343322754,13.390000343322754,13.390000343322754,13.390000343322754,3016,0.0,0.0,0.0
2025-06-24 02:50:00+00:00,13.390000343322754,13.390000343322754,13.390000343322754,13.390000343322754,3302,0.0,0.0,0.0
2025-06-24 02:55:00+00:00,13.390000343322754,13.399999618530273,13.390000343322754,13.399999618530273,24196,0.0,0.0,0.0
2025-06-24 03:00:00+00:00,13.399999618530273,13.399999618530273,13.399999618530273,13.399999618530273,52045,0.0,0.0,0.0
2025-06-24 03:05:00+00:00,13.399999618530273,13.399999618530273,13.399999618530273,13.399999618530273,23137,0.0,0.0,0.0
2025-06-24 03:10:00+00:00,13.399999618530273,13.420000076293945,13.399999618530273,13.420000076293945,179260,0.0,0.0,0.0
2025-06-24 03:15:00+00:00,13.40999984741211,13.430000305175781,13.40999984741211,13.420000076293945,67415,0.0,0.0,0.0
2025-06-24 03:20:00+00:00,13.420000076293945,13.4399995803833,13.420000076293945,13.430000305175781,59793,0.0,0.0,0.0
2025-06-24 03:25:00+00:00,13.430000305175781,13.430000305175781,13.430000305175781,13.430000305175781,19313,0.0,0.0,0.0
2025-06-24 03:30:00+00:00,13.4399995803833,13.4399995803833,13.430000305175781,13.4399995803833,114701,0.0,0.0,0.0
2025-06-24 03:35:00+00:00,13.4399995803833,13.449999809265137,13.4399995803833,13.449999809265137,5016,0.0,0.0,0.0
2025-06-24 03:40:00+00:00,13.4399995803833,13.449999809265137,13.4399995803833,13.449999809265137,21678,0.0,0.0,0.0
2025-06-24 03:45:00+00:00,13.4399995803833,13.449999809265137,13.4399995803833,13.449999809265137,83005,0.0,0.0,0.0
2025-06-24 03:50:00+00:00,13.449999809265137,13.449999809265137,13.4399995803833,13.4399995803833,19137,0.0,0.0,0.0
2025-06-24 03:55:00+00:00,13.4399995803833,13.4399995803833,13.4399995803833,13.4399995803833,22027,0.0,0.0,0.0
2025-06-24 04:00:00+00:00,13.4399995803833,13.4399995803833,13.4399995803833,13.4399995803833,4042,0.0,0.0,0.0
2025-06-24 04:05:00+00:00,13.430000305175781,13.4399995803833,13.430000305175781,13.4399995803833,13038,0.0,0.0,0.0
2025-06-24 04:10:00+00:00,13.430000305175781,13.4399995803833,13.430000305175781,13.430000305175781,28758,0.0,0.0,0.0
2025-06-24 04:20:00+00:00,13.420000076293945,13.430000305175781,13.420000076293945,13.420000076293945,87541,0.0,0.0,0.0
2025-06-24 04:25:00+00:00,13.420000076293945,13.420000076293945,13.420000076293945,13.420000076293945,46110,0.0,0.0,0.0
2025-06-24 04:30:00+00:00,13.430000305175781,13.430000305175781,13.420000076293945,13.420000076293945,5413,0.0,0.0,0.0
2025-06-24 04:35:00+00:00,13.420000076293945,13.420000076293945,13.420000076293945,13.420000076293945,31160,0.0,0.0,0.0
2025-06-24 04:40:00+00:00,13.430000305175781,13.4399995803833,13.420000076293945,13.430000305175781,86771,0.0,0.0,0.0
2025-06-24 04:45:00+00:00,13.430000305175781,13.430000305175781,13.430000305175781,13.430000305175781,6610,0.0,0.0,0.0
2025-06-24 04:50:00+00:00,13.4399995803833,13.4399995803833,13.4399995803833,13.4399995803833,611601,0.0,0.0,0.0
2025-06-24 04:55:00+00:00,13.4399995803833,13.449999809265137,13.4399995803833,13.4399995803833,29115,0.0,0.0,0.0
2025-06-24 05:00:00+00:00,13.4399995803833,13.449999809265137,13.4399995803833,13.4399995803833,28795,0.0,0.0,0.0
2025-06-24 05:05:00+00:00,13.4399995803833,13.4399995803833,13.4399995803833,13.4399995803833,17177,0.0,0.0,0.0
2025-06-24 05:10:00+00:00,13.4399995803833,13.4399995803833,13.4399995803833,13.4399995803833,9168,0.0,0.0,0.0
2025-06-24 05:15:00+00:00,13.449999809265137,13.449999809265137,13.4399995803833,13.4399995803833,11658,0.0,0.0,0.0
2025-06-24 05:20:00+00:00,13.4399995803833,13.4399995803833,13.430000305175781,13.4399995803833,79297,0.0,0.0,0.0
2025-06-25 01:00:00+00:00,13.550000190734863,13.5600004196167,13.539999961853027,13.550000190734863,0,0.0,0.0,0.0
2025-06-25 01:05:00+00:00,13.550000190734863,13.550000190734863,13.529999732971191,13.539999961853027,129000,0.0,0.0,0.0
2025-06-25 01:10:00+00:00,13.539999961853027,13.550000190734863,13.539999961853027,13.550000190734863,144945,0.0,0.0,0.0
2025-06-25 01:15:00+00:00,13.539999961853027,13.539999961853027,13.539999961853027,13.539999961853027,130078,0.0,0.0,0.0
2025-06-25 01:20:00+00:00,13.539999961853027,13.539999961853027,13.529999732971191,13.529999732971191,38251,0.0,0.0,0.0
2025-06-25 01:25:00+00:00,13.529999732971191,13.529999732971191,13.520000457763672,13.520000457763672,22000,0.0,0.0,0.0
2025-06-25 01:30:00+00:00,13.529999732971191,13.539999961853027,13.520000457763672,13.539999961853027,216570,0.0,0.0,0.0
2025-06-25 01:35:00+00:00,13.539999961853027,13.550000190734863,13.520000457763672,13.520000457763672,202471,0.0,0.0,0.0
2025-06-25 01:40:00+00:00,13.529999732971191,13.539999961853027,13.529999732971191,13.529999732971191,247213,0.0,0.0,0.0
2025-06-25 01:45:00+00:00,13.529999732971191,13.539999961853027,13.529999732971191,13.529999732971191,36433,0.0,0.0,0.0
2025-06-25 01:50:00+00:00,13.529999732971191,13.529999732971191,13.520000457763672,13.529999732971191,24842,0.0,0.0,0.0
2025-06-25 01:55:00+00:00,13.520000457763672,13.529999732971191,13.520000457763672,13.520000457763672,13163,0.0,0.0,0.0
2025-06-25 02:00:00+00:00,13.529999732971191,13.529999732971191,13.520000457763672,13.520000457763672,50623,0.0,0.0,0.0
2025-06-25 02:05:00+00:00,13.520000457763672,13.529999732971191,13.520000457763672,13.520000457763672,70407,0.0,0.0,0.0
2025-06-25 02:10:00+00:00,13.529999732971191,13.539999961853027,13.529999732971191,13.529999732971191,266346,0.0,0.0,0.0
2025-06-25 02:15:00+00:00,13.539999961853027,13.539999961853027,13.529999732971191,13.529999732971191,85617,0.0,0.0,0.0
2025-06-25 02:20:00+00:00,13.529999732971191,13.539999961853027,13.529999732971191,13.529999732971191,13513,0.0,0.0,0.0
2025-06-25 02:25:00+00:00,13.520000457763672,13.520000457763672,13.520000457763672,13.520000457763672,2011,0.0,0.0,0.0
2025-06-25 02:30:00+00:00,13.520000457763672,13.529999732971191,13.520000457763672,13.520000457763672,43480,0.0,0.0,0.0
2025-06-25 02:35:00+00:00,13.520000457763672,13.529999732971191,13.520000457763672,13.520000457763672,88046,0.0,0.0,0.0
2025-06-25 02:40:00+00:00,13.529999732971191,13.529999732971191,13.520000457763672,13.520000457763672,47068,0.0,0.0,0.0
2025-06-25 02:45:00+00:00,13.520000457763672,13.529999732971191,13.520000457763672,13.529999732971191,2098,0.0,0.0,0.0
2025-06-25 02:50:00+00:00,13.520000457763672,13.529999732971191,13.520000457763672,13.520000457763672,65048,0.0,0.0,0.0
2025-06-25 02:55:00+00:00,13.520000457763672,13.529999732971191,13.520000457763672,13.529999732971191,13087,0.0,0.0,0.0
2025-06-25 03:00:00+00:00,13.539999961853027,13.539999961853027,13.529999732971191,13.529999732971191,4135,0.0,0.0,0.0
2025-06-25 03:05:00+00:00,13.539999961853027,13.539999961853027,13.529999732971191,13.539999961853027,20265,0.0,0.0,0.0
2025-06-25 03:10:00+00:00,13.520000457763672,13.539999961853027,13.520000457763672,13.539999961853027,6027,0.0,0.0,0.0
2025-06-25 03:15:00+00:00,13.529999732971191,13.539999961853027,13.520000457763672,13.539999961853027,21280,0.0,0.0,0.0
2025-06-25 03:20:00+00:00,13.520000457763672,13.550000190734863,13.520000457763672,13.550000190734863,533109,0.0,0.0,0.0
2025-06-25 03:25:00+00:00,13.550000190734863,13.550000190734863,13.550000190734863,13.550000190734863,173187,0.0,0.0,0.0
2025-06-25 03:30:00+00:00,13.5600004196167,13.5600004196167,13.550000190734863,13.5600004196167,523285,0.0,0.0,0.0
2025-06-25 03:35:00+00:00,13.5600004196167,13.5600004196167,13.5600004196167,13.5600004196167,20212,0.0,0.0,0.0
2025-06-25 03:40:00+00:00,13.550000190734863,13.5600004196167,13.550000190734863,13.5600004196167,29027,0.0,0.0,0.0
2025-06-25 03:45:00+00:00,13.5600004196167,13.5600004196167,13.550000190734863,13.550000190734863,19037,0.0,0.0,0.0
2025-06-25 03:50:00+00:00,13.550000190734863,13.550000190734863,13.550000190734863,13.550000190734863,62194,0.0,0.0,0.0
2025-06-25 03:55:00+00:00,13.550000190734863,13.5600004196167,13.550000190734863,13.550000190734863,28192,0.0,0.0,0.0
2025-06-25 04:00:00+00:00,13.550000190734863,13.550000190734863,13.550000190734863,13.550000190734863,30126,0.0,0.0,0.0
2025-06-25 04:05:00+00:00,13.539999961853027,13.550000190734863,13.529999732971191,13.529999732971191,28112,0.0,0.0,0.0
2025-06-25 04:10:00+00:00,13.529999732971191,13.529999732971191,13.529999732971191,13.529999732971191,23568,0.0,0.0,0.0
2025-06-25 04:15:00+00:00,13.529999732971191,13.539999961853027,13.529999732971191,13.529999732971191,31774,0.0,0.0,0.0
2025-06-25 04:20:00+00:00,13.529999732971191,13.529999732971191,13.529999732971191,13.529999732971191,17095,0.0,0.0,0.0
2025-06-25 04:25:00+00:00,13.529999732971191,13.539999961853027,13.529999732971191,13.539999961853027,21809,0.0,0.0,0.0
2025-06-25 04:30:00+00:00,13.539999961853027,13.539999961853027,13.529999732971191,13.529999732971191,8903,0.0,0.0,0.0
2025-06-25 04:35:00+00:00,13.539999961853027,13.539999961853027,13.539999961853027,13.539999961853027,112738,0.0,0.0,0.0
2025-06-25 04:40:00+00:00,13.539999961853027,13.539999961853027,13.539999961853027,13.539999961853027,39175,0.0,0.0,0.0
2025-06-25 04:45:00+00:00,13.539999961853027,13.550000190734863,13.539999961853027,13.550000190734863,82800,0.0,0.0,0.0
2025-06-25 04:50:00+00:00,13.539999961853027,13.550000190734863,13.539999961853027,13.550000190734863,13270,0.0,0.0,0.0
2025-06-25 04:55:00+00:00,13.550000190734863,13.550000190734863,13.539999961853027,13.550000190734863,166937,0.0,0.0,0.0
2025-06-25 05:00:00+00:00,13.539999961853027,13.550000190734863,13.539999961853027,13.550000190734863,56140,0.0,0.0,0.0
2025-06-25 05:05:00+00:00,13.550000190734863,13.5600004196167,13.550000190734863,13.5600004196167,71510,0.0,0.0,0.0
2025-06-25 05:10:00+00:00,13.5600004196167,13.569999694824219,13.5600004196167,13.5600004196167,196492,0.0,0.0,0.0
2025-06-25 05:15:00+00:00,13.5600004196167,13.5600004196167,13.550000190734863,13.550000190734863,73302,0.0,0.0,0.0
2025-06-25 05:20:00+00:00,13.5600004196167,13.5600004196167,13.550000190734863,13.550000190734863,35566,0.0,0.0,0.0
2025-06-26 01:00:00+00:00,13.579999923706055,13.579999923706055,13.569999694824219,13.569999694824219,0,0.0,0.0,0.0
2025-06-26 01:05:00+00:00,13.579999923706055,13.600000381469727,13.579999923706055,13.59000015258789,65000,0.0,0.0,0.0
2025-06-26 01:10:00+00:00,13.600000381469727,13.609999656677246,13.579999923706055,13.600000381469727,589857,0.0,0.0,0.0
2025-06-26 01:15:00+00:00,13.600000381469727,13.609999656677246,13.600000381469727,13.609999656677246,50515,0.0,0.0,0.0
2025-06-26 01:20:00+00:00,13.619999885559082,13.619999885559082,13.619999885559082,13.619999885559082,33426,0.0,0.0,0.0
2025-06-26 01:25:00+00:00,13.600000381469727,13.600000381469727,13.600000381469727,13.600000381469727,21956,0.0,0.0,0.0
2025-06-26 01:30:00+00:00,13.609999656677246,13.609999656677246,13.59000015258789,13.59000015258789,43015,0.0,0.0,0.0
2025-06-26 01:35:00+00:00,13.579999923706055,13.579999923706055,13.569999694824219,13.569999694824219,24769,0.0,0.0,0.0
2025-06-26 01:40:00+00:00,13.579999923706055,13.579999923706055,13.579999923706055,13.579999923706055,4345,0.0,0.0,0.0
2025-06-26 01:45:00+00:00,13.579999923706055,13.59000015258789,13.579999923706055,13.59000015258789,65581,0.0,0.0,0.0
2025-06-26 01:50:00+00:00,13.579999923706055,13.59000015258789,13.569999694824219,13.569999694824219,66106,0.0,0.0,0.0
2025-06-26 01:55:00+00:00,13.579999923706055,13.579999923706055,13.5600004196167,13.5600004196167,3164,0.0,0.0,0.0
2025-06-26 02:00:00+00:00,13.5600004196167,13.579999923706055,13.5600004196167,13.579999923706055,186357,0.0,0.0,0.0
2025-06-26 02:05:00+00:00,13.59000015258789,13.600000381469727,13.579999923706055,13.600000381469727,179355,0.0,0.0,0.0
2025-06-26 02:10:00+00:00,13.600000381469727,13.619999885559082,13.600000381469727,13.619999885559082,339359,0.0,0.0,0.0
2025-06-26 02:15:00+00:00,13.619999885559082,13.640000343322754,13.619999885559082,13.619999885559082,186798,0.0,0.0,0.0
2025-06-26 02:20:00+00:00,13.630000114440918,13.640000343322754,13.609999656677246,13.619999885559082,520635,0.0,0.0,0.0
2025-06-26 02:25:00+00:00,13.619999885559082,13.619999885559082,13.609999656677246,13.609999656677246,3032,0.0,0.0,0.0
2025-06-26 02:30:00+00:00,13.619999885559082,13.619999885559082,13.619999885559082,13.619999885559082,3127,0.0,0.0,0.0
2025-06-26 02:35:00+00:00,13.609999656677246,13.609999656677246,13.600000381469727,13.600000381469727,29340,0.0,0.0,0.0
2025-06-26 02:40:00+00:00,13.600000381469727,13.600000381469727,13.59000015258789,13.59000015258789,31217,0.0,0.0,0.0
2025-06-26 02:45:00+00:00,13.600000381469727,13.600000381469727,13.579999923706055,13.579999923706055,45188,0.0,0.0,0.0
2025-06-26 02:50:00+00:00,13.59000015258789,13.600000381469727,13.579999923706055,13.600000381469727,70251,0.0,0.0,0.0
2025-06-26 02:55:00+00:00,13.600000381469727,13.600000381469727,13.600000381469727,13.600000381469727,2010,0.0,0.0,0.0
2025-06-26 03:00:00+00:00,13.600000381469727,13.600000381469727,13.59000015258789,13.59000015258789,6980,0.0,0.0,0.0
2025-06-26 03:05:00+00:00,13.59000015258789,13.59000015258789,13.59000015258789,13.59000015258789,553838,0.0,0.0,0.0
2025-06-26 03:10:00+00:00,13.59000015258789,13.59000015258789,13.579999923706055,13.579999923706055,20034,0.0,0.0,0.0
2025-06-26 03:15:00+00:00,13.579999923706055,13.579999923706055,13.569999694824219,13.569999694824219,5047,0.0,0.0,0.0
2025-06-26 03:20:00+00:00,13.579999923706055,13.579999923706055,13.569999694824219,13.579999923706055,27132,0.0,0.0,0.0
2025-06-26 03:25:00+00:00,13.579999923706055,13.579999923706055,13.579999923706055,13.579999923706055,8027,0.0,0.0,0.0
2025-06-26 03:30:00+00:00,13.59000015258789,13.59000015258789,13.569999694824219,13.569999694824219,122037,0.0,0.0,0.0
2025-06-26 03:35:00+00:00,13.579999923706055,13.579999923706055,13.579999923706055,13.579999923706055,27331,0.0,0.0,0.0
2025-06-26 03:40:00+00:00,13.59000015258789,13.59000015258789,13.579999923706055,13.579999923706055,409278,0.0,0.0,0.0
2025-06-26 03:45:00+00:00,13.579999923706055,13.579999923706055,13.569999694824219,13.569999694824219,405017,0.0,0.0,0.0
2025-06-26 03:50:00+00:00,13.579999923706055,13.579999923706055,13.569999694824219,13.569999694824219,8223,0.0,0.0,0.0
2025-06-26 03:55:00+00:00,13.579999923706055,13.579999923706055,13.569999694824219,13.569999694824219,20026,0.0,0.0,0.0
2025-06-26 04:00:00+00:00,13.569999694824219,13.569999694824219,13.5600004196167,13.5600004196167,9803,0.0,0.0,0.0
2025-06-26 04:05:00+00:00,13.569999694824219,13.569999694824219,13.569999694824219,13.569999694824219,24580,0.0,0.0,0.0
2025-06-26 04:10:00+00:00,13.569999694824219,13.579999923706055,13.569999694824219,13.579999923706055,3668,0.0,0.0,0.0
2025-06-26 04:20:00+00:00,13.579999923706055,13.579999923706055,13.569999694824219,13.569999694824219,10630,0.0,0.0,0.0
2025-06-26 04:25:00+00:00,13.579999923706055,13.579999923706055,13.569999694824219,13.569999694824219,32027,0.0,0.0,0.0
2025-06-26 04:30:00+00:00,13.579999923706055,13.579999923706055,13.569999694824219,13.569999694824219,13431,0.0,0.0,0.0
2025-06-26 04:35:00+00:00,13.569999694824219,13.569999694824219,13.569999694824219,13.569999694824219,27570,0.0,0.0,0.0
2025-06-26 04:40:00+00:00,13.569999694824219,13.569999694824219,13.569999694824219,13.569999694824219,5020,0.0,0.0,0.0
2025-06-26 04:45:00+00:00,13.569999694824219,13.579999923706055,13.569999694824219,13.579999923706055,186321,0.0,0.0,0.0
2025-06-26 04:50:00+00:00,13.569999694824219,13.569999694824219,13.569999694824219,13.569999694824219,53120,0.0,0.0,0.0
2025-06-26 04:55:00+00:00,13.569999694824219,13.579999923706055,13.569999694824219,13.579999923706055,22491,0.0,0.0,0.0
2025-06-26 05:00:00+00:00,13.579999923706055,13.579999923706055,13.569999694824219,13.579999923706055,145124,0.0,0.0,0.0
2025-06-26 05:05:00+00:00,13.579999923706055,13.579999923706055,13.569999694824219,13.569999694824219,408104,0.0,0.0,0.0
2025-06-26 05:10:00+00:00,13.569999694824219,13.579999923706055,13.569999694824219,13.579999923706055,12863,0.0,0.0,0.0
2025-06-26 05:15:00+00:00,13.579999923706055,13.579999923706055,13.5600004196167,13.5600004196167,84183,0.0,0.0,0.0
2025-06-26 05:20:00+00:00,13.5600004196167,13.5600004196167,13.5600004196167,13.5600004196167,26765,0.0,0.0,0.0
2025-06-27 01:00:00+00:00,13.59000015258789,13.609999656677246,13.59000015258789,13.600000381469727,0,0.0,0.0,0.0
2025-06-27 01:05:00+00:00,13.600000381469727,13.600000381469727,13.569999694824219,13.579999923706055,15991,0.0,0.0,0.0
2025-06-27 01:10:00+00:00,13.579999923706055,13.579999923706055,13.569999694824219,13.569999694824219,50457,0.0,0.0,0.0
2025-06-27 01:15:00+00:00,13.569999694824219,13.569999694824219,13.569999694824219,13.569999694824219,11070,0.0,0.0,0.0
2025-06-27 01:20:00+00:00,13.569999694824219,13.579999923706055,13.5600004196167,13.5600004196167,125013,0.0,0.0,0.0
2025-06-27 01:25:00+00:00,13.550000190734863,13.579999923706055,13.550000190734863,13.579999923706055,35135,0.0,0.0,0.0
2025-06-27 01:30:00+00:00,13.569999694824219,13.569999694824219,13.550000190734863,13.550000190734863,210680,0.0,0.0,0.0
2025-06-27 01:35:00+00:00,13.550000190734863,13.550000190734863,13.539999961853027,13.550000190734863,20213,0.0,0.0,0.0
2025-06-27 01:40:00+00:00,13.550000190734863,13.5600004196167,13.539999961853027,13.5600004196167,33104,0.0,0.0,0.0
2025-06-27 01:45:00+00:00,13.5600004196167,13.5600004196167,13.5600004196167,13.5600004196167,12029,0.0,0.0,0.0
2025-06-27 01:50:00+00:00,13.550000190734863,13.550000190734863,13.550000190734863,13.550000190734863,11391,0.0,0.0,0.0
2025-06-27 01:55:00+00:00,13.5600004196167,13.5600004196167,13.5600004196167,13.5600004196167,24541,0.0,0.0,0.0
2025-06-27 02:00:00+00:00,13.569999694824219,13.569999694824219,13.5600004196167,13.5600004196167,304018,0.0,0.0,0.0
2025-06-27 02:05:00+00:00,13.550000190734863,13.5600004196167,13.550000190734863,13.5600004196167,401030,0.0,0.0,0.0
2025-06-27 02:10:00+00:00,13.550000190734863,13.550000190734863,13.550000190734863,13.550000190734863,43059,0.0,0.0,0.0
2025-06-27 02:15:00+00:00,13.5600004196167,13.5600004196167,13.5600004196167,13.5600004196167,52830,0.0,0.0,0.0
2025-06-27 02:20:00+00:00,13.5600004196167,13.569999694824219,13.5600004196167,13.5600004196167,9658,0.0,0.0,0.0
2025-06-27 02:25:00+00:00,13.5600004196167,13.569999694824219,13.5600004196167,13.5600004196167,374108,0.0,0.0,0.0
2025-06-27 02:30:00+00:00,13.550000190734863,13.5600004196167,13.550000190734863,13.5600004196167,6019,0.0,0.0,0.0
2025-06-27 02:35:00+00:00,13.550000190734863,13.550000190734863,13.529999732971191,13.529999732971191,634224,0.0,0.0,0.0
2025-06-27 02:40:00+00:00,13.529999732971191,13.539999961853027,13.529999732971191,13.529999732971191,19228,0.0,0.0,0.0
2025-06-27 02:45:00+00:00,13.539999961853027,13.550000190734863,13.529999732971191,13.539999961853027,51595,0.0,0.0,0.0
2025-06-27 02:50:00+00:00,13.539999961853027,13.539999961853027,13.539999961853027,13.539999961853027,3154,0.0,0.0,0.0
2025-06-27 02:55:00+00:00,13.539999961853027,13.539999961853027,13.529999732971191,13.539999961853027,19258,0.0,0.0,0.0
2025-06-27 03:00:00+00:00,13.539999961853027,13.539999961853027,13.539999961853027,13.539999961853027,14019,0.0,0.0,0.0
2025-06-27 03:05:00+00:00,13.539999961853027,13.550000190734863,13.539999961853027,13.550000190734863,4044,0.0,0.0,0.0
2025-06-27 03:10:00+00:00,13.539999961853027,13.539999961853027,13.529999732971191,13.529999732971191,45019,0.0,0.0,0.0
2025-06-27 03:15:00+00:00,13.529999732971191,13.529999732971191,13.529999732971191,13.529999732971191,6038,0.0,0.0,0.0
2025-06-27 03:20:00+00:00,13.529999732971191,13.529999732971191,13.529999732971191,13.529999732971191,6029,0.0,0.0,0.0
2025-06-27 03:25:00+00:00,13.529999732971191,13.529999732971191,13.520000457763672,13.529999732971191,254109,0.0,0.0,0.0
2025-06-27 03:30:00+00:00,13.529999732971191,13.529999732971191,13.529999732971191,13.529999732971191,1221,0.0,0.0,0.0
2025-06-27 03:35:00+00:00,13.529999732971191,13.529999732971191,13.529999732971191,13.529999732971191,9395,0.0,0.0,0.0
2025-06-27 03:40:00+00:00,13.529999732971191,13.529999732971191,13.520000457763672,13.520000457763672,12020,0.0,0.0,0.0
2025-06-27 03:45:00+00:00,13.529999732971191,13.529999732971191,13.520000457763672,13.520000457763672,8119,0.0,0.0,0.0
2025-06-27 03:50:00+00:00,13.510000228881836,13.520000457763672,13.510000228881836,13.510000228881836,55115,0.0,0.0,0.0
2025-06-27 03:55:00+00:00,13.520000457763672,13.520000457763672,13.520000457763672,13.520000457763672,10037,0.0,0.0,0.0
2025-06-27 04:00:00+00:00,13.520000457763672,13.520000457763672,13.520000457763672,13.520000457763672,41236,0.0,0.0,0.0
2025-06-27 04:05:00+00:00,13.520000457763672,13.529999732971191,13.520000457763672,13.529999732971191,18461,0.0,0.0,0.0
2025-06-27 04:10:00+00:00,13.520000457763672,13.539999961853027,13.520000457763672,13.539999961853027,93126,0.0,0.0,0.0
2025-06-27 04:15:00+00:00,13.520000457763672,13.529999732971191,13.520000457763672,13.529999732971191,2036,0.0,0.0,0.0
2025-06-27 04:20:00+00:00,13.529999732971191,13.539999961853027,13.529999732971191,13.539999961853027,5044,0.0,0.0,0.0
2025-06-27 04:25:00+00:00,13.539999961853027,13.539999961853027,13.539999961853027,13.539999961853027,44741,0.0,0.0,0.0
2025-06-27 04:30:00+00:00,13.550000190734863,13.550000190734863,13.539999961853027,13.550000190734863,107845,0.0,0.0,0.0
2025-06-27 04:35:00+00:00,13.550000190734863,13.569999694824219,13.550000190734863,13.569999694824219,65560,0.0,0.0,0.0
2025-06-27 04:40:00+00:00,13.579999923706055,13.579999923706055,13.5600004196167,13.569999694824219,17110,0.0,0.0,0.0
2025-06-27 04:45:00+00:00,13.569999694824219,13.569999694824219,13.569999694824219,13.569999694824219,21260,0.0,0.0,0.0
2025-06-27 04:50:00+00:00,13.5600004196167,13.569999694824219,13.5600004196167,13.569999694824219,19068,0.0,0.0,0.0
2025-06-27 05:00:00+00:00,13.569999694824219,13.569999694824219,13.569999694824219,13.569999694824219,1298,0.0,0.0,0.0
2025-06-27 05:05:00+00:00,13.5600004196167,13.569999694824219,13.5600004196167,13.569999694824219,27010,0.0,0.0,0.0
2025-06-27 05:10:00+00:00,13.5600004196167,13.5600004196167,13.5600004196167,13.5600004196167,46597,0.0,0.0,0.0
2025-06-27 05:15:00+00:00,13.569999694824219,13.569999694824219,13.550000190734863,13.550000190734863,6750,0.0,0.0,0.0
2025-06-27 05:20:00+00:00,13.550000190734863,13.5600004196167,13.550000190734863,13.5600004196167,66406,0.0,0.0,0.0
2025-06-30 01:00:00+00:00,13.600000381469727,13.609999656677246,13.569999694824219,13.569999694824219,0,0.0,0.0,0.0
2025-06-30 01:05:00+00:00,13.5600004196167,13.579999923706055,13.550000190734863,13.579999923706055,137864,0.0,0.0,0.0
2025-06-30 01:10:00+00:00,13.5600004196167,13.579999923706055,13.5600004196167,13.569999694824219,90646,0.0,0.0,0.0
2025-06-30 01:15:00+00:00,13.579999923706055,13.579999923706055,13.5600004196167,13.569999694824219,126890,0.0,0.0,0.0
2025-06-30 01:20:00+00:00,13.5600004196167,13.579999923706055,13.5600004196167,13.579999923706055,78055,0.0,0.0,0.0
2025-06-30 01:25:00+00:00,13.579999923706055,13.579999923706055,13.5600004196167,13.569999694824219,9289,0.0,0.0,0.0
2025-06-30 01:30:00+00:00,13.579999923706055,13.579999923706055,13.569999694824219,13.569999694824219,21437,0.0,0.0,0.0
2025-06-30 01:35:00+00:00,13.579999923706055,13.579999923706055,13.569999694824219,13.579999923706055,249692,0.0,0.0,0.0
2025-06-30 01:40:00+00:00,13.59000015258789,13.59000015258789,13.579999923706055,13.579999923706055,17293,0.0,0.0,0.0
2025-06-30 01:45:00+00:00,13.579999923706055,13.59000015258789,13.579999923706055,13.59000015258789,27137,0.0,0.0,0.0
2025-06-30 01:50:00+00:00,13.59000015258789,13.59000015258789,13.579999923706055,13.579999923706055,3044,0.0,0.0,0.0
2025-06-30 01:55:00+00:00,13.569999694824219,13.579999923706055,13.569999694824219,13.569999694824219,16422,0.0,0.0,0.0
2025-06-30 02:00:00+00:00,13.579999923706055,13.579999923706055,13.579999923706055,13.579999923706055,4151,0.0,0.0,0.0
2025-06-30 02:05:00+00:00,13.579999923706055,13.579999923706055,13.569999694824219,13.569999694824219,8250,0.0,0.0,0.0
2025-06-30 02:10:00+00:00,13.579999923706055,13.579999923706055,13.569999694824219,13.579999923706055,7175,0.0,0.0,0.0
2025-06-30 02:15:00+00:00,13.579999923706055,13.579999923706055,13.569999694824219,13.579999923706055,29393,0.0,0.0,0.0
2025-06-30 02:20:00+00:00,13.579999923706055,13.579999923706055,13.569999694824219,13.579999923706055,99160,0.0,0.0,0.0
2025-06-30 02:25:00+00:00,13.579999923706055,13.579999923706055,13.569999694824219,13.579999923706055,27357,0.0,0.0,0.0
2025-06-30 02:30:00+00:00,13.579999923706055,13.579999923706055,13.569999694824219,13.569999694824219,5307,0.0,0.0,0.0
2025-06-30 02:35:00+00:00,13.579999923706055,13.579999923706055,13.579999923706055,13.579999923706055,13601,0.0,0.0,0.0
2025-06-30 02:40:00+00:00,13.579999923706055,13.579999923706055,13.579999923706055,13.579999923706055,2107,0.0,0.0,0.0
2025-06-30 02:45:00+00:00,13.569999694824219,13.579999923706055,13.569999694824219,13.569999694824219,62114,0.0,0.0,0.0
2025-06-30 02:50:00+00:00,13.5600004196167,13.569999694824219,13.5600004196167,13.569999694824219,11192,0.0,0.0,0.0
2025-06-30 02:55:00+00:00,13.569999694824219,13.569999694824219,13.5600004196167,13.5600004196167,19131,0.0,0.0,0.0
2025-06-30 03:00:00+00:00,13.550000190734863,13.5600004196167,13.550000190734863,13.550000190734863,89945,0.0,0.0,0.0
2025-06-30 03:05:00+00:00,13.5600004196167,13.5600004196167,13.550000190734863,13.550000190734863,82414,0.0,0.0,0.0
2025-06-30 03:10:00+00:00,13.550000190734863,13.550000190734863,13.550000190734863,13.550000190734863,27044,0.0,0.0,0.0
2025-06-30 03:15:00+00:00,13.5600004196167,13.5600004196167,13.550000190734863,13.550000190734863,7087,0.0,0.0,0.0
2025-06-30 03:20:00+00:00,13.539999961853027,13.539999961853027,13.539999961853027,13.539999961853027,2535,0.0,0.0,0.0
2025-06-30 03:25:00+00:00,13.550000190734863,13.550000190734863,13.550000190734863,13.550000190734863,12017,0.0,0.0,0.0
2025-06-30 03:30:00+00:00,13.550000190734863,13.550000190734863,13.539999961853027,13.550000190734863,13587,0.0,0.0,0.0
2025-06-30 03:35:00+00:00,13.550000190734863,13.5600004196167,13.539999961853027,13.5600004196167,156222,0.0,0.0,0.0
2025-06-30 03:40:00+00:00,13.5600004196167,13.5600004196167,13.539999961853027,13.539999961853027,11508,0.0,0.0,0.0
2025-06-30 03:45:00+00:00,13.529999732971191,13.539999961853027,13.529999732971191,13.539999961853027,3517,0.0,0.0,0.0
2025-06-30 03:50:00+00:00,13.539999961853027,13.550000190734863,13.539999961853027,13.550000190734863,17214,0.0,0.0,0.0
2025-06-30 03:55:00+00:00,13.539999961853027,13.539999961853027,13.539999961853027,13.539999961853027,5383,0.0,0.0,0.0
2025-06-30 04:00:00+00:00,13.539999961853027,13.539999961853027,13.529999732971191,13.529999732971191,7584,0.0,0.0,0.0
2025-06-30 04:05:00+00:00,13.5600004196167,13.5600004196167,13.5600004196167,13.5600004196167,2297,0.0,0.0,0.0
2025-06-30 04:10:00+00:00,13.5600004196167,13.5600004196167,13.5600004196167,13.5600004196167,7277,0.0,0.0,0.0
2025-06-30 04:15:00+00:00,13.5600004196167,13.5600004196167,13.5600004196167,13.5600004196167,6267,0.0,0.0,0.0
2025-06-30 04:20:00+00:00,13.5600004196167,13.5600004196167,13.550000190734863,13.5600004196167,25885,0.0,0.0,0.0
2025-06-30 04:25:00+00:00,13.5600004196167,13.5600004196167,13.550000190734863,13.550000190734863,9375,0.0,0.0,0.0
2025-06-30 04:30:00+00:00,13.5600004196167,13.5600004196167,13.550000190734863,13.5600004196167,25899,0.0,0.0,0.0
2025-06-30 04:35:00+00:00,13.550000190734863,13.5600004196167,13.550000190734863,13.5600004196167,51125,0.0,0.0,0.0
2025-06-30 04:40:00+00:00,13.550000190734863,13.5600004196167,13.550000190734863,13.5600004196167,11100,0.0,0.0,0.0
2025-06-30 04:45:00+00:00,13.5600004196167,13.5600004196167,13.5600004196167,13.5600004196167,11098,0.0,0.0,0.0
2025-06-30 04:50:00+00:00,13.550000190734863,13.5600004196167,13.550000190734863,13.5600004196167,17875,0.0,0.0,0.0
2025-06-30 04:55:00+00:00,13.5600004196167,13.5600004196167,13.550000190734863,13.550000190734863,5466,0.0,0.0,0.0
2025-06-30 05:00:00+00:00,13.550000190734863,13.550000190734863,13.550000190734863,13.550000190734863,9138,0.0,0.0,0.0
2025-06-30 05:05:00+00:00,13.550000190734863,13.550000190734863,13.550000190734863,13.550000190734863,72226,0.0,0.0,0.0
2025-06-30 05:10:00+00:00,13.550000190734863,13.569999694824219,13.550000190734863,13.569999694824219,70132,0.0,0.0,0.0
2025-06-30 05:15:00+00:00,13.569999694824219,13.569999694824219,13.550000190734863,13.550000190734863,14702,0.0,0.0,0.0
2025-06-30 05:20:00+00:00,13.550000190734863,13.5600004196167,13.550000190734863,13.550000190734863,45252,0.0,0.0,0.0
2025-07-01 01:00:00+00:00,13.600000381469727,13.640000343322754,13.600000381469727,13.630000114440918,0,0.0,0.0,0.0
2025-07-01 01:05:00+00:00,13.640000343322754,13.680000305175781,13.640000343322754,13.680000305175781,432000,0.0,0.0,0.0
2025-07-01 01:10:00+00:00,13.680000305175781,13.699999809265137,13.680000305175781,13.699999809265137,390148,0.0,0.0,0.0
2025-07-01 01:15:00+00:00,13.699999809265137,13.710000038146973,13.699999809265137,13.699999809265137,81735,0.0,0.0,0.0
2025-07-01 01:20:00+00:00,13.6899995803833,13.710000038146973,13.6899995803833,13.699999809265137,279199,0.0,0.0,0.0
2025-07-01 01:25:00+00:00,13.699999809265137,13.710000038146973,13.6899995803833,13.699999809265137,114801,0.0,0.0,0.0
2025-07-01 01:30:00+00:00,13.699999809265137,13.729999542236328,13.6899995803833,13.729999542236328,654180,0.0,0.0,0.0
2025-07-01 01:35:00+00:00,13.739999771118164,13.760000228881836,13.739999771118164,13.760000228881836,450457,0.0,0.0,0.0
2025-07-01 01:40:00+00:00,13.75,13.779999732971191,13.75,13.770000457763672,272022,0.0,0.0,0.0
2025-07-01 01:45:00+00:00,13.770000457763672,13.770000457763672,13.760000228881836,13.770000457763672,162583,0.0,0.0,0.0
2025-07-01 01:50:00+00:00,13.770000457763672,13.770000457763672,13.760000228881836,13.760000228881836,26111,0.0,0.0,0.0
2025-07-01 01:55:00+00:00,13.760000228881836,13.779999732971191,13.760000228881836,13.779999732971191,350183,0.0,0.0,0.0
2025-07-01 02:00:00+00:00,13.779999732971191,13.779999732971191,13.770000457763672,13.770000457763672,5292,0.0,0.0,0.0
2025-07-01 02:05:00+00:00,13.770000457763672,13.770000457763672,13.760000228881836,13.760000228881836,42133,0.0,0.0,0.0
2025-07-01 02:10:00+00:00,13.770000457763672,13.779999732971191,13.760000228881836,13.770000457763672,596433,0.0,0.0,0.0
2025-07-01 02:15:00+00:00,13.770000457763672,13.770000457763672,13.770000457763672,13.770000457763672,43245,0.0,0.0,0.0
2025-07-01 02:20:00+00:00,13.770000457763672,13.770000457763672,13.770000457763672,13.770000457763672,25264,0.0,0.0,0.0
2025-07-01 02:25:00+00:00,13.760000228881836,13.770000457763672,13.760000228881836,13.760000228881836,41542,0.0,0.0,0.0
2025-07-01 02:30:00+00:00,13.760000228881836,13.760000228881836,13.75,13.75,44434,0.0,0.0,0.0
2025-07-01 02:35:00+00:00,13.75,13.75,13.739999771118164,13.75,47044,0.0,0.0,0.0
2025-07-01 02:40:00+00:00,13.75,13.75,13.75,13.75,2058,0.0,0.0,0.0
2025-07-01 02:45:00+00:00,13.739999771118164,13.739999771118164,13.739999771118164,13.739999771118164,5449,0.0,0.0,0.0
2025-07-01 02:50:00+00:00,13.729999542236328,13.739999771118164,13.729999542236328,13.739999771118164,69094,0.0,0.0,0.0
2025-07-01 02:55:00+00:00,13.75,13.760000228881836,13.739999771118164,13.75,197010,0.0,0.0,0.0
2025-07-01 03:00:00+00:00,13.760000228881836,13.760000228881836,13.75,13.75,73802,0.0,0.0,0.0
2025-07-01 03:05:00+00:00,13.75,13.75,13.739999771118164,13.739999771118164,7253,0.0,0.0,0.0
2025-07-01 03:10:00+00:00,13.739999771118164,13.739999771118164,13.739999771118164,13.739999771118164,15820,0.0,0.0,0.0
2025-07-01 03:15:00+00:00,13.739999771118164,13.739999771118164,13.720000267028809,13.720000267028809,16490,0.0,0.0,0.0
2025-07-01 03:20:00+00:00,13.720000267028809,13.729999542236328,13.710000038146973,13.729999542236328,17157,0.0,0.0,0.0
2025-07-01 03:25:00+00:00,13.720000267028809,13.720000267028809,13.699999809265137,13.699999809265137,79362,0.0,0.0,0.0
2025-07-01 03:30:00+00:00,13.710000038146973,13.710000038146973,13.6899995803833,13.6899995803833,212213,0.0,0.0,0.0
2025-07-01 03:35:00+00:00,13.699999809265137,13.699999809265137,13.680000305175781,13.680000305175781,16054,0.0,0.0,0.0
2025-07-01 03:40:00+00:00,13.680000305175781,13.680000305175781,13.670000076293945,13.670000076293945,13566,0.0,0.0,0.0
2025-07-01 03:45:00+00:00,13.680000305175781,13.680000305175781,13.670000076293945,13.670000076293945,29275,0.0,0.0,0.0
2025-07-01 03:50:00+00:00,13.680000305175781,13.680000305175781,13.670000076293945,13.670000076293945,2798,0.0,0.0,0.0
2025-07-01 03:55:00+00:00,13.670000076293945,13.680000305175781,13.670000076293945,13.680000305175781,35145,0.0,0.0,0.0
2025-07-01 04:00:00+00:00,13.670000076293945,13.699999809265137,13.670000076293945,13.699999809265137,36052,0.0,0.0,0.0
2025-07-01 04:05:00+00:00,13.699999809265137,13.699999809265137,13.680000305175781,13.680000305175781,6169,0.0,0.0,0.0
2025-07-01 04:10:00+00:00,13.680000305175781,13.680000305175781,13.670000076293945,13.670000076293945,7414,0.0,0.0,0.0
2025-07-01 04:15:00+00:00,13.680000305175781,13.680000305175781,13.680000305175781,13.680000305175781,4117,0.0,0.0,0.0
2025-07-01 04:20:00+00:00,13.670000076293945,13.670000076293945,13.640000343322754,13.640000343322754,217928,0.0,0.0,0.0
2025-07-01 04:25:00+00:00,13.640000343322754,13.640000343322754,13.630000114440918,13.630000114440918,12017,0.0,0.0,0.0
2025-07-01 04:30:00+00:00,13.640000343322754,13.640000343322754,13.630000114440918,13.630000114440918,26143,0.0,0.0,0.0
2025-07-01 04:35:00+00:00,13.630000114440918,13.640000343322754,13.630000114440918,13.640000343322754,54720,0.0,0.0,0.0
2025-07-01 04:40:00+00:00,13.640000343322754,13.640000343322754,13.630000114440918,13.630000114440918,14020,0.0,0.0,0.0
2025-07-01 04:45:00+00:00,13.630000114440918,13.640000343322754,13.630000114440918,13.640000343322754,5510,0.0,0.0,0.0
2025-07-01 04:50:00+00:00,13.640000343322754,13.640000343322754,13.630000114440918,13.640000343322754,87035,0.0,0.0,0.0
2025-07-01 04:55:00+00:00,13.640000343322754,13.649999618530273,13.640000343322754,13.640000343322754,25292,0.0,0.0,0.0
2025-07-01 05:00:00+00:00,13.640000343322754,13.649999618530273,13.640000343322754,13.649999618530273,38030,0.0,0.0,0.0
2025-07-01 05:05:00+00:00,13.649999618530273,13.649999618530273,13.640000343322754,13.640000343322754,42640,0.0,0.0,0.0
2025-07-01 05:10:00+00:00,13.640000343322754,13.640000343322754,13.640000343322754,13.640000343322754,6362,0.0,0.0,0.0
2025-07-01 05:15:00+00:00,13.649999618530273,13.649999618530273,13.649999618530273,13.649999618530273,2930,0.0,0.0,0.0
2025-07-01 05:20:00+00:00,13.649999618530273,13.65999984741211,13.649999618530273,13.65999984741211,43810,0.0,0.0,0.0
2025-07-01 05:25:00+00:00,13.649999618530273,13.649999618530273,13.640000343322754,13.640000343322754,20869,0.0,0.0,0.0
2025-07-02 01:00:00+00:00,13.600000381469727,13.630000114440918,13.600000381469727,13.600000381469727,0,0.0,0.0,0.0
2025-07-02 01:05:00+00:00,13.619999885559082,13.640000343322754,13.619999885559082,13.640000343322754,204621,0.0,0.0,0.0
2025-07-02 01:10:00+00:00,13.640000343322754,13.640000343322754,13.619999885559082,13.619999885559082,157240,0.0,0.0,0.0
2025-07-02 01:15:00+00:00,13.619999885559082,13.640000343322754,13.619999885559082,13.630000114440918,48829,0.0,0.0,0.0
2025-07-02 01:20:00+00:00,13.619999885559082,13.630000114440918,13.619999885559082,13.630000114440918,76353,0.0,0.0,0.0
2025-07-02 01:25:00+00:00,13.619999885559082,13.630000114440918,13.619999885559082,13.630000114440918,42000,0.0,0.0,0.0
2025-07-02 01:30:00+00:00,13.630000114440918,13.630000114440918,13.619999885559082,13.619999885559082,37968,0.0,0.0,0.0
2025-07-02 01:35:00+00:00,13.630000114440918,13.630000114440918,13.630000114440918,13.630000114440918,5129,0.0,0.0,0.0
2025-07-02 01:40:00+00:00,13.619999885559082,13.619999885559082,13.619999885559082,13.619999885559082,58310,0.0,0.0,0.0
2025-07-02 01:45:00+00:00,13.619999885559082,13.630000114440918,13.619999885559082,13.630000114440918,4055,0.0,0.0,0.0
2025-07-02 01:50:00+00:00,13.630000114440918,13.630000114440918,13.619999885559082,13.619999885559082,8054,0.0,0.0,0.0
2025-07-02 01:55:00+00:00,13.619999885559082,13.619999885559082,13.619999885559082,13.619999885559082,16396,0.0,0.0,0.0
2025-07-02 02:00:00+00:00,13.619999885559082,13.630000114440918,13.619999885559082,13.630000114440918,174273,0.0,0.0,0.0
2025-07-02 02:05:00+00:00,13.640000343322754,13.640000343322754,13.640000343322754,13.640000343322754,6684,0.0,0.0,0.0
2025-07-02 02:10:00+00:00,13.640000343322754,13.640000343322754,13.619999885559082,13.630000114440918,216115,0.0,0.0,0.0
2025-07-02 02:15:00+00:00,13.630000114440918,13.640000343322754,13.630000114440918,13.640000343322754,15276,0.0,0.0,0.0
2025-07-02 02:20:00+00:00,13.640000343322754,13.640000343322754,13.630000114440918,13.630000114440918,4422,0.0,0.0,0.0
2025-07-02 02:25:00+00:00,13.630000114440918,13.630000114440918,13.630000114440918,13.630000114440918,20843,0.0,0.0,0.0
2025-07-02 02:30:00+00:00,13.630000114440918,13.640000343322754,13.630000114440918,13.640000343322754,154230,0.0,0.0,0.0
2025-07-02 02:35:00+00:00,13.649999618530273,13.65999984741211,13.649999618530273,13.65999984741211,107927,0.0,0.0,0.0
2025-07-02 02:40:00+00:00,13.65999984741211,13.65999984741211,13.65999984741211,13.65999984741211,14054,0.0,0.0,0.0
2025-07-02 02:45:00+00:00,13.65999984741211,13.65999984741211,13.65999984741211,13.65999984741211,8833,0.0,0.0,0.0
2025-07-02 02:50:00+00:00,13.65999984741211,13.65999984741211,13.65999984741211,13.65999984741211,2305,0.0,0.0,0.0
2025-07-02 02:55:00+00:00,13.65999984741211,13.65999984741211,13.65999984741211,13.65999984741211,2034,0.0,0.0,0.0
2025-07-02 03:00:00+00:00,13.65999984741211,13.65999984741211,13.65999984741211,13.65999984741211,15045,0.0,0.0,0.0
2025-07-02 03:05:00+00:00,13.65999984741211,13.65999984741211,13.65999984741211,13.65999984741211,17309,0.0,0.0,0.0
2025-07-02 03:10:00+00:00,13.65999984741211,13.65999984741211,13.65999984741211,13.65999984741211,16283,0.0,0.0,0.0
2025-07-02 03:15:00+00:00,13.649999618530273,13.65999984741211,13.649999618530273,13.65999984741211,50026,0.0,0.0,0.0
2025-07-02 03:20:00+00:00,13.670000076293945,13.670000076293945,13.65999984741211,13.65999984741211,3323,0.0,0.0,0.0
2025-07-02 03:25:00+00:00,13.65999984741211,13.65999984741211,13.65999984741211,13.65999984741211,30499,0.0,0.0,0.0
2025-07-02 03:35:00+00:00,13.649999618530273,13.65999984741211,13.649999618530273,13.65999984741211,138041,0.0,0.0,0.0
2025-07-02 03:40:00+00:00,13.65999984741211,13.670000076293945,13.65999984741211,13.670000076293945,2042,0.0,0.0,0.0
2025-07-02 03:45:00+00:00,13.65999984741211,13.65999984741211,13.649999618530273,13.65999984741211,34436,0.0,0.0,0.0
2025-07-02 03:55:00+00:00,13.65999984741211,13.65999984741211,13.649999618530273,13.649999618530273,26286,0.0,0.0,0.0
2025-07-02 04:05:00+00:00,13.65999984741211,13.65999984741211,13.65999984741211,13.65999984741211,15047,0.0,0.0,0.0
2025-07-02 04:10:00+00:00,13.65999984741211,13.65999984741211,13.65999984741211,13.65999984741211,4214,0.0,0.0,0.0
2025-07-02 04:15:00+00:00,13.65999984741211,13.65999984741211,13.65999984741211,13.65999984741211,16142,0.0,0.0,0.0
2025-07-02 04:20:00+00:00,13.65999984741211,13.65999984741211,13.65999984741211,13.65999984741211,17759,0.0,0.0,0.0
2025-07-02 04:25:00+00:00,13.670000076293945,13.670000076293945,13.670000076293945,13.670000076293945,100541,0.0,0.0,0.0
2025-07-02 04:30:00+00:00,13.670000076293945,13.670000076293945,13.670000076293945,13.670000076293945,13194,0.0,0.0,0.0
2025-07-02 04:35:00+00:00,13.680000305175781,13.680000305175781,13.680000305175781,13.680000305175781,8551,0.0,0.0,0.0
2025-07-02 04:40:00+00:00,13.680000305175781,13.680000305175781,13.670000076293945,13.670000076293945,160191,0.0,0.0,0.0
2025-07-02 04:45:00+00:00,13.670000076293945,13.670000076293945,13.670000076293945,13.670000076293945,8610,0.0,0.0,0.0
2025-07-02 04:50:00+00:00,13.670000076293945,13.680000305175781,13.670000076293945,13.670000076293945,82040,0.0,0.0,0.0
2025-07-02 04:55:00+00:00,13.670000076293945,13.680000305175781,13.670000076293945,13.680000305175781,25091,0.0,0.0,0.0
2025-07-02 05:00:00+00:00,13.670000076293945,13.680000305175781,13.670000076293945,13.680000305175781,6286,0.0,0.0,0.0
2025-07-02 05:05:00+00:00,13.680000305175781,13.680000305175781,13.670000076293945,13.670000076293945,178350,0.0,0.0,0.0
2025-07-02 05:10:00+00:00,13.670000076293945,13.670000076293945,13.670000076293945,13.670000076293945,30722,0.0,0.0,0.0
2025-07-02 05:15:00+00:00,13.680000305175781,13.680000305175781,13.670000076293945,13.670000076293945,77510,0.0,0.0,0.0
2025-07-02 05:20:00+00:00,13.680000305175781,13.680000305175781,13.670000076293945,13.670000076293945,26703,0.0,0.0,0.0
2025-07-03 01:00:00+00:00,13.800000190734863,13.819999694824219,13.800000190734863,13.819999694824219,0,0.0,0.0,0.0
2025-07-03 01:05:00+00:00,13.800000190734863,13.8100004196167,13.800000190734863,13.8100004196167,219805,0.0,0.0,0.0
2025-07-03 01:10:00+00:00,13.8100004196167,13.819999694824219,13.8100004196167,13.819999694824219,147130,0.0,0.0,0.0
2025-07-03 01:15:00+00:00,13.8100004196167,13.8100004196167,13.789999961853027,13.8100004196167,264294,0.0,0.0,0.0
2025-07-03 01:20:00+00:00,13.8100004196167,13.819999694824219,13.800000190734863,13.819999694824219,145578,0.0,0.0,0.0
2025-07-03 01:25:00+00:00,13.819999694824219,13.829999923706055,13.819999694824219,13.829999923706055,484572,0.0,0.0,0.0
2025-07-03 01:30:00+00:00,13.829999923706055,13.84000015258789,13.829999923706055,13.84000015258789,356138,0.0,0.0,0.0
2025-07-03 01:35:00+00:00,13.84000015258789,13.850000381469727,13.829999923706055,13.829999923706055,76171,0.0,0.0,0.0
2025-07-03 01:40:00+00:00,13.829999923706055,13.84000015258789,13.829999923706055,13.829999923706055,66074,0.0,0.0,0.0
2025-07-03 01:45:00+00:00,13.84000015258789,13.84000015258789,13.829999923706055,13.829999923706055,236425,0.0,0.0,0.0
2025-07-03 01:50:00+00:00,13.84000015258789,13.84000015258789,13.829999923706055,13.829999923706055,89417,0.0,0.0,0.0
2025-07-03 01:55:00+00:00,13.829999923706055,13.84000015258789,13.829999923706055,13.84000015258789,392714,0.0,0.0,0.0
2025-07-03 02:00:00+00:00,13.850000381469727,13.850000381469727,13.829999923706055,13.84000015258789,252639,0.0,0.0,0.0
2025-07-03 02:05:00+00:00,13.84000015258789,13.850000381469727,13.84000015258789,13.84000015258789,118629,0.0,0.0,0.0
2025-07-03 02:10:00+00:00,13.84000015258789,13.850000381469727,13.84000015258789,13.850000381469727,956495,0.0,0.0,0.0
2025-07-03 02:15:00+00:00,13.859999656677246,13.859999656677246,13.84000015258789,13.850000381469727,29359,0.0,0.0,0.0
2025-07-03 02:20:00+00:00,13.850000381469727,13.850000381469727,13.84000015258789,13.84000015258789,45111,0.0,0.0,0.0
2025-07-03 02:25:00+00:00,13.850000381469727,13.850000381469727,13.84000015258789,13.84000015258789,24598,0.0,0.0,0.0
2025-07-03 02:30:00+00:00,13.850000381469727,13.850000381469727,13.84000015258789,13.84000015258789,124141,0.0,0.0,0.0
2025-07-03 02:35:00+00:00,13.84000015258789,13.84000015258789,13.829999923706055,13.84000015258789,14010,0.0,0.0,0.0
2025-07-03 02:40:00+00:00,13.84000015258789,13.84000015258789,13.829999923706055,13.84000015258789,73124,0.0,0.0,0.0
2025-07-03 02:45:00+00:00,13.84000015258789,13.850000381469727,13.84000015258789,13.850000381469727,48973,0.0,0.0,0.0
2025-07-03 02:50:00+00:00,13.84000015258789,13.850000381469727,13.84000015258789,13.84000015258789,44117,0.0,0.0,0.0
2025-07-03 02:55:00+00:00,13.850000381469727,13.850000381469727,13.84000015258789,13.84000015258789,86010,0.0,0.0,0.0
2025-07-03 03:00:00+00:00,13.84000015258789,13.850000381469727,13.829999923706055,13.84000015258789,58330,0.0,0.0,0.0
2025-07-03 03:05:00+00:00,13.84000015258789,13.850000381469727,13.84000015258789,13.84000015258789,34164,0.0,0.0,0.0
2025-07-03 03:10:00+00:00,13.84000015258789,13.850000381469727,13.84000015258789,13.84000015258789,27027,0.0,0.0,0.0
2025-07-03 03:15:00+00:00,13.84000015258789,13.850000381469727,13.84000015258789,13.84000015258789,95425,0.0,0.0,0.0
2025-07-03 03:20:00+00:00,13.850000381469727,13.850000381469727,13.84000015258789,13.84000015258789,15340,0.0,0.0,0.0
2025-07-03 03:25:00+00:00,13.84000015258789,13.850000381469727,13.84000015258789,13.84000015258789,295372,0.0,0.0,0.0
2025-07-03 03:30:00+00:00,13.850000381469727,13.850000381469727,13.84000015258789,13.850000381469727,330264,0.0,0.0,0.0
2025-07-03 03:35:00+00:00,13.850000381469727,13.850000381469727,13.850000381469727,13.850000381469727,23321,0.0,0.0,0.0
2025-07-03 03:40:00+00:00,13.850000381469727,13.859999656677246,13.850000381469727,13.850000381469727,205020,0.0,0.0,0.0
2025-07-03 03:45:00+00:00,13.850000381469727,13.850000381469727,13.84000015258789,13.84000015258789,34491,0.0,0.0,0.0
2025-07-03 03:50:00+00:00,13.84000015258789,13.850000381469727,13.84000015258789,13.850000381469727,43153,0.0,0.0,0.0
2025-07-03 03:55:00+00:00,13.850000381469727,13.850000381469727,13.84000015258789,13.84000015258789,57443,0.0,0.0,0.0
2025-07-03 04:00:00+00:00,13.84000015258789,13.84000015258789,13.84000015258789,13.84000015258789,1020,0.0,0.0,0.0
2025-07-03 04:05:00+00:00,13.84000015258789,13.850000381469727,13.84000015258789,13.84000015258789,68638,0.0,0.0,0.0
2025-07-03 04:10:00+00:00,13.84000015258789,13.850000381469727,13.84000015258789,13.84000015258789,52182,0.0,0.0,0.0
2025-07-03 04:15:00+00:00,13.84000015258789,13.859999656677246,13.84000015258789,13.850000381469727,123031,0.0,0.0,0.0
2025-07-03 04:20:00+00:00,13.850000381469727,13.850000381469727,13.829999923706055,13.829999923706055,23176,0.0,0.0,0.0
2025-07-03 04:25:00+00:00,13.829999923706055,13.84000015258789,13.829999923706055,13.84000015258789,27000,0.0,0.0,0.0
2025-07-03 04:30:00+00:00,13.850000381469727,13.850000381469727,13.84000015258789,13.850000381469727,155933,0.0,0.0,0.0
2025-07-03 04:35:00+00:00,13.84000015258789,13.850000381469727,13.84000015258789,13.850000381469727,23008,0.0,0.0,0.0
2025-07-03 04:40:00+00:00,13.84000015258789,13.850000381469727,13.84000015258789,13.84000015258789,27420,0.0,0.0,0.0
2025-07-03 04:45:00+00:00,13.84000015258789,13.850000381469727,13.829999923706055,13.850000381469727,103100,0.0,0.0,0.0
2025-07-03 04:50:00+00:00,13.84000015258789,13.850000381469727,13.829999923706055,13.850000381469727,49221,0.0,0.0,0.0
2025-07-03 04:55:00+00:00,13.829999923706055,13.850000381469727,13.829999923706055,13.84000015258789,26948,0.0,0.0,0.0
2025-07-03 05:00:00+00:00,13.84000015258789,13.850000381469727,13.84000015258789,13.850000381469727,46975,0.0,0.0,0.0
2025-07-03 05:05:00+00:00,13.850000381469727,13.850000381469727,13.84000015258789,13.84000015258789,176810,0.0,0.0,0.0
2025-07-03 05:10:00+00:00,13.850000381469727,13.850000381469727,13.850000381469727,13.850000381469727,2051,0.0,0.0,0.0
2025-07-03 05:15:00+00:00,13.850000381469727,13.850000381469727,13.84000015258789,13.850000381469727,115634,0.0,0.0,0.0
2025-07-03 05:20:00+00:00,13.84000015258789,13.850000381469727,13.84000015258789,13.84000015258789,127539,0.0,0.0,0.0
2025-05-06 01:00:00+00:00,12.119999885559082,12.119999885559082,12.0600004196167,12.09000015258789,0,0.0,0.0,0.0
2025-05-06 01:05:00+00:00,12.09000015258789,12.100000381469727,12.09000015258789,12.09000015258789,103815,0.0,0.0,0.0
2025-05-06 01:10:00+00:00,12.109999656677246,12.119999885559082,12.100000381469727,12.119999885559082,77954,0.0,0.0,0.0
2025-05-06 01:15:00+00:00,12.140000343322754,12.140000343322754,12.119999885559082,12.140000343322754,33235,0.0,0.0,0.0
2025-05-06 01:20:00+00:00,12.140000343322754,12.1899995803833,12.140000343322754,12.1899995803833,52473,0.0,0.0,0.0
2025-05-06 01:25:00+00:00,12.1899995803833,12.1899995803833,12.180000305175781,12.180000305175781,11273,0.0,0.0,0.0
2025-05-06 01:30:00+00:00,12.1899995803833,12.199999809265137,12.1899995803833,12.1899995803833,141603,0.0,0.0,0.0
2025-05-06 01:35:00+00:00,12.180000305175781,12.1899995803833,12.180000305175781,12.1899995803833,6252,0.0,0.0,0.0
2025-05-06 01:40:00+00:00,12.180000305175781,12.180000305175781,12.170000076293945,12.170000076293945,8696,0.0,0.0,0.0
2025-05-06 01:45:00+00:00,12.170000076293945,12.180000305175781,12.149999618530273,12.15999984741211,164173,0.0,0.0,0.0
2025-05-06 01:50:00+00:00,12.15999984741211,12.15999984741211,12.15999984741211,12.15999984741211,6128,0.0,0.0,0.0
2025-05-06 01:55:00+00:00,12.15999984741211,12.180000305175781,12.149999618530273,12.170000076293945,31168,0.0,0.0,0.0
2025-05-06 02:00:00+00:00,12.180000305175781,12.180000305175781,12.180000305175781,12.180000305175781,13232,0.0,0.0,0.0
2025-05-06 02:05:00+00:00,12.180000305175781,12.180000305175781,12.180000305175781,12.180000305175781,25016,0.0,0.0,0.0
2025-05-06 02:10:00+00:00,12.1899995803833,12.210000038146973,12.180000305175781,12.210000038146973,186058,0.0,0.0,0.0
2025-05-06 02:15:00+00:00,12.210000038146973,12.210000038146973,12.1899995803833,12.199999809265137,25416,0.0,0.0,0.0
2025-05-06 02:20:00+00:00,12.199999809265137,12.199999809265137,12.199999809265137,12.199999809265137,3394,0.0,0.0,0.0
2025-05-06 02:25:00+00:00,12.199999809265137,12.199999809265137,12.199999809265137,12.199999809265137,7151,0.0,0.0,0.0
2025-05-06 02:30:00+00:00,12.199999809265137,12.199999809265137,12.199999809265137,12.199999809265137,10044,0.0,0.0,0.0
2025-05-06 02:35:00+00:00,12.199999809265137,12.199999809265137,12.1899995803833,12.199999809265137,52575,0.0,0.0,0.0
2025-05-06 02:40:00+00:00,12.210000038146973,12.220000267028809,12.210000038146973,12.220000267028809,57783,0.0,0.0,0.0
2025-05-06 02:45:00+00:00,12.220000267028809,12.220000267028809,12.199999809265137,12.199999809265137,17171,0.0,0.0,0.0
2025-05-06 02:50:00+00:00,12.210000038146973,12.220000267028809,12.210000038146973,12.220000267028809,10043,0.0,0.0,0.0
2025-05-06 02:55:00+00:00,12.220000267028809,12.220000267028809,12.220000267028809,12.220000267028809,5440,0.0,0.0,0.0
2025-05-06 03:00:00+00:00,12.210000038146973,12.220000267028809,12.199999809265137,12.199999809265137,25067,0.0,0.0,0.0
2025-05-06 03:05:00+00:00,12.210000038146973,12.210000038146973,12.199999809265137,12.199999809265137,5311,0.0,0.0,0.0
2025-05-06 03:10:00+00:00,12.199999809265137,12.199999809265137,12.199999809265137,12.199999809265137,15669,0.0,0.0,0.0
2025-05-06 03:15:00+00:00,12.199999809265137,12.199999809265137,12.1899995803833,12.199999809265137,57058,0.0,0.0,0.0
2025-05-06 03:20:00+00:00,12.210000038146973,12.220000267028809,12.210000038146973,12.220000267028809,2144,0.0,0.0,0.0
2025-05-06 03:25:00+00:00,12.210000038146973,12.220000267028809,12.210000038146973,12.210000038146973,23036,0.0,0.0,0.0
2025-05-06 03:30:00+00:00,12.220000267028809,12.220000267028809,12.220000267028809,12.220000267028809,95094,0.0,0.0,0.0
2025-05-06 03:35:00+00:00,12.220000267028809,12.229999542236328,12.220000267028809,12.229999542236328,52325,0.0,0.0,0.0
2025-05-06 03:40:00+00:00,12.229999542236328,12.229999542236328,12.229999542236328,12.229999542236328,1384,0.0,0.0,0.0
2025-05-06 03:45:00+00:00,12.220000267028809,12.229999542236328,12.210000038146973,12.210000038146973,23084,0.0,0.0,0.0
2025-05-06 03:50:00+00:00,12.229999542236328,12.229999542236328,12.210000038146973,12.210000038146973,8103,0.0,0.0,0.0
2025-05-06 03:55:00+00:00,12.220000267028809,12.220000267028809,12.199999809265137,12.199999809265137,18360,0.0,0.0,0.0
2025-05-06 04:00:00+00:00,12.210000038146973,12.220000267028809,12.210000038146973,12.220000267028809,14262,0.0,0.0,0.0
2025-05-06 04:05:00+00:00,12.210000038146973,12.210000038146973,12.210000038146973,12.210000038146973,2070,0.0,0.0,0.0
2025-05-06 04:10:00+00:00,12.210000038146973,12.220000267028809,12.210000038146973,12.220000267028809,4106,0.0,0.0,0.0
2025-05-06 04:15:00+00:00,12.199999809265137,12.220000267028809,12.199999809265137,12.220000267028809,8109,0.0,0.0,0.0
2025-05-06 04:20:00+00:00,12.210000038146973,12.210000038146973,12.210000038146973,12.210000038146973,5370,0.0,0.0,0.0
2025-05-06 04:25:00+00:00,12.199999809265137,12.210000038146973,12.199999809265137,12.210000038146973,5070,0.0,0.0,0.0
2025-05-06 04:30:00+00:00,12.210000038146973,12.210000038146973,12.210000038146973,12.210000038146973,2260,0.0,0.0,0.0
2025-05-06 04:35:00+00:00,12.199999809265137,12.210000038146973,12.199999809265137,12.199999809265137,22120,0.0,0.0,0.0
2025-05-06 04:40:00+00:00,12.199999809265137,12.220000267028809,12.199999809265137,12.220000267028809,5199,0.0,0.0,0.0
2025-05-06 04:45:00+00:00,12.210000038146973,12.210000038146973,12.199999809265137,12.199999809265137,12410,0.0,0.0,0.0
2025-05-06 04:50:00+00:00,12.199999809265137,12.199999809265137,12.1899995803833,12.1899995803833,11100,0.0,0.0,0.0
2025-05-06 04:55:00+00:00,12.1899995803833,12.1899995803833,12.1899995803833,12.1899995803833,2580,0.0,0.0,0.0
2025-05-06 05:00:00+00:00,12.180000305175781,12.180000305175781,12.180000305175781,12.180000305175781,9300,0.0,0.0,0.0
2025-05-06 05:05:00+00:00,12.1899995803833,12.1899995803833,12.180000305175781,12.1899995803833,6501,0.0,0.0,0.0
2025-05-06 05:10:00+00:00,12.180000305175781,12.180000305175781,12.170000076293945,12.170000076293945,130160,0.0,0.0,0.0
2025-05-06 05:15:00+00:00,12.180000305175781,12.180000305175781,12.170000076293945,12.170000076293945,6845,0.0,0.0,0.0
2025-05-06 05:20:00+00:00,12.170000076293945,12.170000076293945,12.15999984741211,12.15999984741211,152861,0.0,0.0,0.0
2025-05-07 01:00:00+00:00,12.210000038146973,12.319999694824219,12.210000038146973,12.319999694824219,0,0.0,0.0,0.0
2025-05-07 01:05:00+00:00,12.319999694824219,12.319999694824219,12.270000457763672,12.270000457763672,22000,0.0,0.0,0.0
2025-05-07 01:10:00+00:00,12.279999732971191,12.279999732971191,12.260000228881836,12.260000228881836,62647,0.0,0.0,0.0
2025-05-07 01:15:00+00:00,12.260000228881836,12.260000228881836,12.220000267028809,12.220000267028809,522117,0.0,0.0,0.0
2025-05-07 01:20:00+00:00,12.210000038146973,12.210000038146973,12.210000038146973,12.210000038146973,14482,0.0,0.0,0.0
2025-05-07 01:25:00+00:00,12.229999542236328,12.229999542236328,12.220000267028809,12.220000267028809,26019,0.0,0.0,0.0
2025-05-07 01:30:00+00:00,12.210000038146973,12.210000038146973,12.15999984741211,12.170000076293945,35272,0.0,0.0,0.0
2025-05-07 01:35:00+00:00,12.149999618530273,12.149999618530273,12.130000114440918,12.130000114440918,23962,0.0,0.0,0.0
2025-05-07 01:40:00+00:00,12.130000114440918,12.140000343322754,12.130000114440918,12.140000343322754,17625,0.0,0.0,0.0
2025-05-07 01:45:00+00:00,12.140000343322754,12.140000343322754,12.140000343322754,12.140000343322754,20038,0.0,0.0,0.0
2025-05-07 01:50:00+00:00,12.140000343322754,12.180000305175781,12.140000343322754,12.180000305175781,34319,0.0,0.0,0.0
2025-05-07 01:55:00+00:00,12.180000305175781,12.180000305175781,12.170000076293945,12.180000305175781,10066,0.0,0.0,0.0
2025-05-07 02:00:00+00:00,12.170000076293945,12.170000076293945,12.149999618530273,12.149999618530273,18056,0.0,0.0,0.0
2025-05-07 02:05:00+00:00,12.149999618530273,12.170000076293945,12.149999618530273,12.170000076293945,19245,0.0,0.0,0.0
2025-05-07 02:10:00+00:00,12.180000305175781,12.180000305175781,12.15999984741211,12.15999984741211,8049,0.0,0.0,0.0
2025-05-07 02:15:00+00:00,12.170000076293945,12.180000305175781,12.170000076293945,12.180000305175781,2049,0.0,0.0,0.0
2025-05-07 02:20:00+00:00,12.170000076293945,12.170000076293945,12.170000076293945,12.170000076293945,2056,0.0,0.0,0.0
2025-05-07 02:25:00+00:00,12.15999984741211,12.170000076293945,12.15999984741211,12.170000076293945,40343,0.0,0.0,0.0
2025-05-07 02:30:00+00:00,12.170000076293945,12.170000076293945,12.170000076293945,12.170000076293945,9062,0.0,0.0,0.0
2025-05-07 02:35:00+00:00,12.170000076293945,12.180000305175781,12.170000076293945,12.180000305175781,184850,0.0,0.0,0.0
2025-05-07 02:40:00+00:00,12.170000076293945,12.170000076293945,12.15999984741211,12.15999984741211,61127,0.0,0.0,0.0
2025-05-07 02:45:00+00:00,12.15999984741211,12.15999984741211,12.15999984741211,12.15999984741211,52735,0.0,0.0,0.0
2025-05-07 02:50:00+00:00,12.149999618530273,12.15999984741211,12.140000343322754,12.15999984741211,146090,0.0,0.0,0.0
2025-05-07 02:55:00+00:00,12.149999618530273,12.149999618530273,12.140000343322754,12.140000343322754,236518,0.0,0.0,0.0
2025-05-07 03:00:00+00:00,12.140000343322754,12.15999984741211,12.140000343322754,12.15999984741211,13048,0.0,0.0,0.0
2025-05-07 03:05:00+00:00,12.15999984741211,12.15999984741211,12.15999984741211,12.15999984741211,1210,0.0,0.0,0.0
2025-05-07 03:10:00+00:00,12.15999984741211,12.15999984741211,12.15999984741211,12.15999984741211,6213,0.0,0.0,0.0
2025-05-07 03:20:00+00:00,12.15999984741211,12.170000076293945,12.15999984741211,12.15999984741211,10446,0.0,0.0,0.0
2025-05-07 03:25:00+00:00,12.15999984741211,12.170000076293945,12.15999984741211,12.170000076293945,6025,0.0,0.0,0.0
2025-05-07 03:30:00+00:00,12.170000076293945,12.170000076293945,12.15999984741211,12.15999984741211,6134,0.0,0.0,0.0
2025-05-07 03:35:00+00:00,12.15999984741211,12.15999984741211,12.15999984741211,12.15999984741211,2001,0.0,0.0,0.0
2025-05-07 03:40:00+00:00,12.15999984741211,12.15999984741211,12.15999984741211,12.15999984741211,5284,0.0,0.0,0.0
2025-05-07 03:45:00+00:00,12.15999984741211,12.170000076293945,12.15999984741211,12.170000076293945,12110,0.0,0.0,0.0
2025-05-07 03:50:00+00:00,12.170000076293945,12.180000305175781,12.170000076293945,12.180000305175781,28626,0.0,0.0,0.0
2025-05-07 04:00:00+00:00,12.15999984741211,12.15999984741211,12.15999984741211,12.15999984741211,1347,0.0,0.0,0.0
2025-05-07 04:05:00+00:00,12.15999984741211,12.15999984741211,12.15999984741211,12.15999984741211,2047,0.0,0.0,0.0
2025-05-07 04:10:00+00:00,12.180000305175781,12.180000305175781,12.180000305175781,12.180000305175781,32546,0.0,0.0,0.0
2025-05-07 04:15:00+00:00,12.180000305175781,12.1899995803833,12.180000305175781,12.1899995803833,22210,0.0,0.0,0.0
2025-05-07 04:25:00+00:00,12.180000305175781,12.180000305175781,12.180000305175781,12.180000305175781,2116,0.0,0.0,0.0
2025-05-07 04:30:00+00:00,12.180000305175781,12.180000305175781,12.170000076293945,12.170000076293945,29081,0.0,0.0,0.0
2025-05-07 04:35:00+00:00,12.15999984741211,12.15999984741211,12.15999984741211,12.15999984741211,5134,0.0,0.0,0.0
2025-05-07 04:40:00+00:00,12.149999618530273,12.15999984741211,12.140000343322754,12.140000343322754,218221,0.0,0.0,0.0
2025-05-07 04:45:00+00:00,12.149999618530273,12.149999618530273,12.140000343322754,12.149999618530273,14285,0.0,0.0,0.0
2025-05-07 04:50:00+00:00,12.149999618530273,12.149999618530273,12.149999618530273,12.149999618530273,1062,0.0,0.0,0.0
2025-05-07 04:55:00+00:00,12.149999618530273,12.15999984741211,12.149999618530273,12.15999984741211,5184,0.0,0.0,0.0
2025-05-07 05:00:00+00:00,12.149999618530273,12.149999618530273,12.149999618530273,12.149999618530273,9277,0.0,0.0,0.0
2025-05-07 05:05:00+00:00,12.149999618530273,12.149999618530273,12.149999618530273,12.149999618530273,5281,0.0,0.0,0.0
2025-05-07 05:10:00+00:00,12.140000343322754,12.149999618530273,12.140000343322754,12.149999618530273,15039,0.0,0.0,0.0
2025-05-07 05:15:00+00:00,12.15999984741211,12.15999984741211,12.15999984741211,12.15999984741211,6474,0.0,0.0,0.0
2025-05-07 05:20:00+00:00,12.170000076293945,12.170000076293945,12.15999984741211,12.15999984741211,18061,0.0,0.0,0.0
2025-05-08 01:00:00+00:00,12.220000267028809,12.270000457763672,12.220000267028809,12.260000228881836,0,0.0,0.0,0.0
2025-05-08 01:05:00+00:00,12.260000228881836,12.270000457763672,12.25,12.270000457763672,84000,0.0,0.0,0.0
2025-05-08 01:10:00+00:00,12.260000228881836,12.300000190734863,12.260000228881836,12.300000190734863,47367,0.0,0.0,0.0
2025-05-08 01:15:00+00:00,12.300000190734863,12.300000190734863,12.270000457763672,12.279999732971191,42139,0.0,0.0,0.0
2025-05-08 01:20:00+00:00,12.270000457763672,12.279999732971191,12.270000457763672,12.279999732971191,14205,0.0,0.0,0.0
2025-05-08 01:40:00+00:00,12.239999771118164,12.260000228881836,12.239999771118164,12.260000228881836,85112,0.0,0.0,0.0
2025-05-08 01:45:00+00:00,12.270000457763672,12.270000457763672,12.270000457763672,12.270000457763672,1614,0.0,0.0,0.0
2025-05-08 01:50:00+00:00,12.260000228881836,12.270000457763672,12.25,12.270000457763672,31031,0.0,0.0,0.0
2025-05-08 01:55:00+00:00,12.25,12.260000228881836,12.25,12.260000228881836,49436,0.0,0.0,0.0
2025-05-08 02:05:00+00:00,12.260000228881836,12.260000228881836,12.25,12.25,8058,0.0,0.0,0.0
2025-05-08 02:10:00+00:00,12.260000228881836,12.260000228881836,12.229999542236328,12.229999542236328,15333,0.0,0.0,0.0
2025-05-08 02:15:00+00:00,12.229999542236328,12.239999771118164,12.229999542236328,12.239999771118164,33263,0.0,0.0,0.0
2025-05-08 02:20:00+00:00,12.239999771118164,12.25,12.239999771118164,12.25,75067,0.0,0.0,0.0
2025-05-08 02:25:00+00:00,12.260000228881836,12.260000228881836,12.260000228881836,12.260000228881836,6384,0.0,0.0,0.0
2025-05-08 02:35:00+00:00,12.260000228881836,12.260000228881836,12.25,12.260000228881836,22236,0.0,0.0,0.0
2025-05-08 02:40:00+00:00,12.260000228881836,12.270000457763672,12.260000228881836,12.270000457763672,44474,0.0,0.0,0.0
2025-05-08 02:45:00+00:00,12.270000457763672,12.270000457763672,12.260000228881836,12.260000228881836,5053,0.0,0.0,0.0
2025-05-08 02:50:00+00:00,12.270000457763672,12.270000457763672,12.270000457763672,12.270000457763672,26290,0.0,0.0,0.0
2025-05-08 02:55:00+00:00,12.279999732971191,12.279999732971191,12.279999732971191,12.279999732971191,52124,0.0,0.0,0.0
2025-05-08 03:00:00+00:00,12.279999732971191,12.300000190734863,12.279999732971191,12.300000190734863,126782,0.0,0.0,0.0
2025-05-08 03:05:00+00:00,12.3100004196167,12.3100004196167,12.3100004196167,12.3100004196167,1059,0.0,0.0,0.0
2025-05-08 03:10:00+00:00,12.3100004196167,12.3100004196167,12.3100004196167,12.3100004196167,27802,0.0,0.0,0.0
2025-05-08 03:15:00+00:00,12.3100004196167,12.319999694824219,12.3100004196167,12.319999694824219,25265,0.0,0.0,0.0
2025-05-08 03:20:00+00:00,12.329999923706055,12.329999923706055,12.319999694824219,12.319999694824219,17162,0.0,0.0,0.0
2025-05-08 03:25:00+00:00,12.319999694824219,12.329999923706055,12.319999694824219,12.319999694824219,11266,0.0,0.0,0.0
2025-05-08 03:30:00+00:00,12.329999923706055,12.329999923706055,12.319999694824219,12.319999694824219,10031,0.0,0.0,0.0
2025-05-08 03:35:00+00:00,12.319999694824219,12.319999694824219,12.3100004196167,12.3100004196167,7144,0.0,0.0,0.0
2025-05-08 03:45:00+00:00,12.289999961853027,12.300000190734863,12.289999961853027,12.300000190734863,10047,0.0,0.0,0.0
2025-05-08 03:50:00+00:00,12.300000190734863,12.3100004196167,12.300000190734863,12.3100004196167,31054,0.0,0.0,0.0
2025-05-08 03:55:00+00:00,12.319999694824219,12.319999694824219,12.319999694824219,12.319999694824219,1128,0.0,0.0,0.0
2025-05-08 04:00:00+00:00,12.319999694824219,12.319999694824219,12.3100004196167,12.319999694824219,12046,0.0,0.0,0.0
2025-05-08 04:05:00+00:00,12.3100004196167,12.3100004196167,12.300000190734863,12.300000190734863,7041,0.0,0.0,0.0
2025-05-08 04:10:00+00:00,12.300000190734863,12.319999694824219,12.300000190734863,12.319999694824219,70087,0.0,0.0,0.0
2025-05-08 04:15:00+00:00,12.319999694824219,12.329999923706055,12.319999694824219,12.329999923706055,36050,0.0,0.0,0.0
2025-05-08 04:20:00+00:00,12.329999923706055,12.329999923706055,12.329999923706055,12.329999923706055,6769,0.0,0.0,0.0
2025-05-08 04:25:00+00:00,12.319999694824219,12.329999923706055,12.319999694824219,12.319999694824219,16188,0.0,0.0,0.0
2025-05-08 04:30:00+00:00,12.329999923706055,12.34000015258789,12.329999923706055,12.329999923706055,41284,0.0,0.0,0.0
2025-05-08 04:35:00+00:00,12.329999923706055,12.34000015258789,12.329999923706055,12.329999923706055,3324,0.0,0.0,0.0
2025-05-08 04:40:00+00:00,12.329999923706055,12.329999923706055,12.329999923706055,12.329999923706055,29149,0.0,0.0,0.0
2025-05-08 04:45:00+00:00,12.34000015258789,12.350000381469727,12.34000015258789,12.350000381469727,52410,0.0,0.0,0.0
2025-05-08 04:50:00+00:00,12.34000015258789,12.34000015258789,12.34000015258789,12.34000015258789,6671,0.0,0.0,0.0
2025-05-08 05:00:00+00:00,12.350000381469727,12.350000381469727,12.350000381469727,12.350000381469727,80411,0.0,0.0,0.0
2025-05-08 05:05:00+00:00,12.350000381469727,12.350000381469727,12.350000381469727,12.350000381469727,3010,0.0,0.0,0.0
2025-05-08 05:10:00+00:00,12.34000015258789,12.34000015258789,12.329999923706055,12.329999923706055,18517,0.0,0.0,0.0
2025-05-08 05:15:00+00:00,12.329999923706055,12.34000015258789,12.319999694824219,12.329999923706055,48836,0.0,0.0,0.0
2025-05-08 05:20:00+00:00,12.329999923706055,12.329999923706055,12.319999694824219,12.319999694824219,31501,0.0,0.0,0.0
2025-05-09 01:00:00+00:00,12.34000015258789,12.399999618530273,12.34000015258789,12.390000343322754,0,0.0,0.0,0.0
2025-05-09 01:05:00+00:00,12.390000343322754,12.390000343322754,12.390000343322754,12.390000343322754,55630,0.0,0.0,0.0
2025-05-09 01:10:00+00:00,12.380000114440918,12.380000114440918,12.369999885559082,12.369999885559082,55129,0.0,0.0,0.0
2025-05-09 01:15:00+00:00,12.369999885559082,12.40999984741211,12.369999885559082,12.399999618530273,67677,0.0,0.0,0.0
2025-05-09 01:20:00+00:00,12.399999618530273,12.399999618530273,12.399999618530273,12.399999618530273,15426,0.0,0.0,0.0
2025-05-09 01:25:00+00:00,12.399999618530273,12.399999618530273,12.380000114440918,12.380000114440918,23028,0.0,0.0,0.0
2025-05-09 01:30:00+00:00,12.380000114440918,12.380000114440918,12.359999656677246,12.359999656677246,33346,0.0,0.0,0.0
2025-05-09 01:35:00+00:00,12.359999656677246,12.359999656677246,12.350000381469727,12.350000381469727,6467,0.0,0.0,0.0
2025-05-09 01:40:00+00:00,12.350000381469727,12.350000381469727,12.350000381469727,12.350000381469727,15849,0.0,0.0,0.0
2025-05-09 01:45:00+00:00,12.350000381469727,12.369999885559082,12.350000381469727,12.359999656677246,31742,0.0,0.0,0.0
2025-05-09 01:50:00+00:00,12.369999885559082,12.369999885559082,12.369999885559082,12.369999885559082,5091,0.0,0.0,0.0
2025-05-09 01:55:00+00:00,12.369999885559082,12.369999885559082,12.369999885559082,12.369999885559082,16227,0.0,0.0,0.0
2025-05-09 02:00:00+00:00,12.380000114440918,12.380000114440918,12.369999885559082,12.369999885559082,29301,0.0,0.0,0.0
2025-05-09 02:05:00+00:00,12.359999656677246,12.390000343322754,12.359999656677246,12.390000343322754,13292,0.0,0.0,0.0
2025-05-09 02:10:00+00:00,12.390000343322754,12.390000343322754,12.380000114440918,12.380000114440918,11050,0.0,0.0,0.0
2025-05-09 02:15:00+00:00,12.380000114440918,12.380000114440918,12.380000114440918,12.380000114440918,4661,0.0,0.0,0.0
2025-05-09 02:20:00+00:00,12.380000114440918,12.380000114440918,12.380000114440918,12.380000114440918,8049,0.0,0.0,0.0
2025-05-09 02:25:00+00:00,12.380000114440918,12.390000343322754,12.380000114440918,12.390000343322754,17050,0.0,0.0,0.0
2025-05-09 02:30:00+00:00,12.390000343322754,12.399999618530273,12.390000343322754,12.399999618530273,83970,0.0,0.0,0.0
2025-05-09 02:35:00+00:00,12.399999618530273,12.399999618530273,12.399999618530273,12.399999618530273,142103,0.0,0.0,0.0
2025-05-09 02:40:00+00:00,12.399999618530273,12.40999984741211,12.399999618530273,12.40999984741211,47218,0.0,0.0,0.0
2025-05-09 02:45:00+00:00,12.40999984741211,12.420000076293945,12.40999984741211,12.420000076293945,44883,0.0,0.0,0.0
2025-05-09 02:50:00+00:00,12.420000076293945,12.420000076293945,12.40999984741211,12.40999984741211,9050,0.0,0.0,0.0
2025-05-09 02:55:00+00:00,12.40999984741211,12.420000076293945,12.40999984741211,12.420000076293945,12162,0.0,0.0,0.0
2025-05-09 03:00:00+00:00,12.399999618530273,12.399999618530273,12.399999618530273,12.399999618530273,10753,0.0,0.0,0.0
2025-05-09 03:05:00+00:00,12.40999984741211,12.420000076293945,12.40999984741211,12.420000076293945,33154,0.0,0.0,0.0
2025-05-09 03:10:00+00:00,12.420000076293945,12.430000305175781,12.420000076293945,12.430000305175781,45680,0.0,0.0,0.0
2025-05-09 03:15:00+00:00,12.4399995803833,12.4399995803833,12.430000305175781,12.430000305175781,13111,0.0,0.0,0.0
2025-05-09 03:20:00+00:00,12.4399995803833,12.4399995803833,12.420000076293945,12.420000076293945,32051,0.0,0.0,0.0
2025-05-09 03:25:00+00:00,12.420000076293945,12.420000076293945,12.420000076293945,12.420000076293945,32045,0.0,0.0,0.0
2025-05-09 03:30:00+00:00,12.430000305175781,12.449999809265137,12.430000305175781,12.449999809265137,80440,0.0,0.0,0.0
2025-05-09 03:35:00+00:00,12.4399995803833,12.4399995803833,12.4399995803833,12.4399995803833,14816,0.0,0.0,0.0
2025-05-09 03:40:00+00:00,12.4399995803833,12.4399995803833,12.4399995803833,12.4399995803833,2011,0.0,0.0,0.0
2025-05-09 03:45:00+00:00,12.4399995803833,12.4399995803833,12.430000305175781,12.430000305175781,3222,0.0,0.0,0.0
2025-05-09 03:50:00+00:00,12.430000305175781,12.430000305175781,12.430000305175781,12.430000305175781,4016,0.0,0.0,0.0
2025-05-09 03:55:00+00:00,12.4399995803833,12.4399995803833,12.4399995803833,12.4399995803833,40029,0.0,0.0,0.0
2025-05-09 04:00:00+00:00,12.4399995803833,12.449999809265137,12.4399995803833,12.449999809265137,42187,0.0,0.0,0.0
2025-05-09 04:05:00+00:00,12.449999809265137,12.449999809265137,12.4399995803833,12.449999809265137,10070,0.0,0.0,0.0
2025-05-09 04:10:00+00:00,12.449999809265137,12.449999809265137,12.4399995803833,12.4399995803833,37361,0.0,0.0,0.0
2025-05-09 04:15:00+00:00,12.4399995803833,12.4399995803833,12.430000305175781,12.430000305175781,26315,0.0,0.0,0.0
2025-05-09 04:20:00+00:00,12.430000305175781,12.4399995803833,12.420000076293945,12.420000076293945,20060,0.0,0.0,0.0
2025-05-09 04:25:00+00:00,12.430000305175781,12.4399995803833,12.430000305175781,12.4399995803833,29268,0.0,0.0,0.0
2025-05-09 04:30:00+00:00,12.449999809265137,12.449999809265137,12.4399995803833,12.4399995803833,3742,0.0,0.0,0.0
2025-05-09 04:35:00+00:00,12.4399995803833,12.449999809265137,12.4399995803833,12.449999809265137,19644,0.0,0.0,0.0
2025-05-09 04:40:00+00:00,12.449999809265137,12.449999809265137,12.449999809265137,12.449999809265137,10282,0.0,0.0,0.0
2025-05-09 04:45:00+00:00,12.449999809265137,12.449999809265137,12.449999809265137,12.449999809265137,27100,0.0,0.0,0.0
2025-05-09 04:50:00+00:00,12.449999809265137,12.449999809265137,12.4399995803833,12.4399995803833,5073,0.0,0.0,0.0
2025-05-09 04:55:00+00:00,12.4399995803833,12.4399995803833,12.4399995803833,12.4399995803833,7280,0.0,0.0,0.0
2025-05-09 05:00:00+00:00,12.4399995803833,12.449999809265137,12.4399995803833,12.4399995803833,33060,0.0,0.0,0.0
2025-05-09 05:05:00+00:00,12.430000305175781,12.4399995803833,12.430000305175781,12.4399995803833,4552,0.0,0.0,0.0
2025-05-09 05:10:00+00:00,12.4399995803833,12.449999809265137,12.4399995803833,12.4399995803833,23562,0.0,0.0,0.0
2025-05-09 05:15:00+00:00,12.4399995803833,12.449999809265137,12.4399995803833,12.449999809265137,115190,0.0,0.0,0.0
2025-05-09 05:20:00+00:00,12.449999809265137,12.449999809265137,12.4399995803833,12.449999809265137,59911,0.0,0.0,0.0
2025-05-12 01:00:00+00:00,12.529999732971191,12.579999923706055,12.529999732971191,12.579999923706055,0,0.0,0.0,0.0
2025-05-12 01:05:00+00:00,12.59000015258789,12.600000381469727,12.579999923706055,12.600000381469727,233000,0.0,0.0,0.0
2025-05-12 01:10:00+00:00,12.600000381469727,12.609999656677246,12.600000381469727,12.609999656677246,66084,0.0,0.0,0.0
2025-05-12 01:15:00+00:00,12.609999656677246,12.609999656677246,12.600000381469727,12.600000381469727,10397,0.0,0.0,0.0
2025-05-12 01:20:00+00:00,12.600000381469727,12.600000381469727,12.59000015258789,12.600000381469727,86079,0.0,0.0,0.0
2025-05-12 01:25:00+00:00,12.600000381469727,12.600000381469727,12.59000015258789,12.59000015258789,64611,0.0,0.0,0.0
2025-05-12 01:30:00+00:00,12.600000381469727,12.600000381469727,12.59000015258789,12.59000015258789,140694,0.0,0.0,0.0
2025-05-12 01:35:00+00:00,12.59000015258789,12.59000015258789,12.579999923706055,12.59000015258789,99597,0.0,0.0,0.0
2025-05-12 01:40:00+00:00,12.59000015258789,12.59000015258789,12.5600004196167,12.5600004196167,50765,0.0,0.0,0.0
2025-05-12 01:45:00+00:00,12.5600004196167,12.579999923706055,12.5600004196167,12.569999694824219,19043,0.0,0.0,0.0
2025-05-12 01:50:00+00:00,12.579999923706055,12.579999923706055,12.5600004196167,12.5600004196167,36773,0.0,0.0,0.0
2025-05-12 01:55:00+00:00,12.569999694824219,12.569999694824219,12.569999694824219,12.569999694824219,15268,0.0,0.0,0.0
2025-05-12 02:00:00+00:00,12.579999923706055,12.59000015258789,12.579999923706055,12.579999923706055,35851,0.0,0.0,0.0
2025-05-12 02:05:00+00:00,12.579999923706055,12.59000015258789,12.579999923706055,12.579999923706055,19139,0.0,0.0,0.0
2025-05-12 02:10:00+00:00,12.579999923706055,12.59000015258789,12.579999923706055,12.59000015258789,13464,0.0,0.0,0.0
2025-05-12 02:15:00+00:00,12.59000015258789,12.59000015258789,12.579999923706055,12.579999923706055,18538,0.0,0.0,0.0
2025-05-12 02:20:00+00:00,12.579999923706055,12.59000015258789,12.579999923706055,12.59000015258789,53876,0.0,0.0,0.0
2025-05-12 02:25:00+00:00,12.59000015258789,12.600000381469727,12.59000015258789,12.59000015258789,142550,0.0,0.0,0.0
2025-05-12 02:30:00+00:00,12.59000015258789,12.59000015258789,12.579999923706055,12.579999923706055,19250,0.0,0.0,0.0
2025-05-12 02:35:00+00:00,12.579999923706055,12.579999923706055,12.569999694824219,12.569999694824219,46033,0.0,0.0,0.0
2025-05-12 02:40:00+00:00,12.579999923706055,12.579999923706055,12.569999694824219,12.579999923706055,16707,0.0,0.0,0.0
2025-05-12 02:45:00+00:00,12.579999923706055,12.579999923706055,12.579999923706055,12.579999923706055,4693,0.0,0.0,0.0
2025-05-12 02:50:00+00:00,12.579999923706055,12.579999923706055,12.579999923706055,12.579999923706055,10059,0.0,0.0,0.0
2025-05-12 02:55:00+00:00,12.59000015258789,12.59000015258789,12.579999923706055,12.579999923706055,138673,0.0,0.0,0.0
2025-05-12 03:00:00+00:00,12.579999923706055,12.579999923706055,12.5600004196167,12.579999923706055,15062,0.0,0.0,0.0
2025-05-12 03:05:00+00:00,12.579999923706055,12.579999923706055,12.579999923706055,12.579999923706055,4101,0.0,0.0,0.0
2025-05-12 03:10:00+00:00,12.569999694824219,12.569999694824219,12.569999694824219,12.569999694824219,5422,0.0,0.0,0.0
2025-05-12 03:15:00+00:00,12.569999694824219,12.569999694824219,12.5600004196167,12.569999694824219,21140,0.0,0.0,0.0
2025-05-12 03:20:00+00:00,12.569999694824219,12.569999694824219,12.5600004196167,12.5600004196167,11626,0.0,0.0,0.0
2025-05-12 03:25:00+00:00,12.5600004196167,12.5600004196167,12.550000190734863,12.550000190734863,51416,0.0,0.0,0.0
2025-05-12 03:30:00+00:00,12.550000190734863,12.550000190734863,12.539999961853027,12.539999961853027,11439,0.0,0.0,0.0
2025-05-12 03:35:00+00:00,12.539999961853027,12.539999961853027,12.539999961853027,12.539999961853027,14178,0.0,0.0,0.0
2025-05-12 03:40:00+00:00,12.539999961853027,12.539999961853027,12.539999961853027,12.539999961853027,6119,0.0,0.0,0.0
2025-05-12 03:45:00+00:00,12.539999961853027,12.550000190734863,12.529999732971191,12.529999732971191,13318,0.0,0.0,0.0
2025-05-12 03:50:00+00:00,12.529999732971191,12.539999961853027,12.529999732971191,12.539999961853027,9167,0.0,0.0,0.0
2025-05-12 03:55:00+00:00,12.529999732971191,12.539999961853027,12.529999732971191,12.539999961853027,6169,0.0,0.0,0.0
2025-05-12 04:00:00+00:00,12.539999961853027,12.539999961853027,12.539999961853027,12.539999961853027,4458,0.0,0.0,0.0
2025-05-12 04:05:00+00:00,12.539999961853027,12.550000190734863,12.539999961853027,12.550000190734863,13180,0.0,0.0,0.0
2025-05-12 04:10:00+00:00,12.539999961853027,12.539999961853027,12.529999732971191,12.539999961853027,72647,0.0,0.0,0.0
2025-05-12 04:15:00+00:00,12.539999961853027,12.550000190734863,12.539999961853027,12.550000190734863,27063,0.0,0.0,0.0
2025-05-12 04:20:00+00:00,12.550000190734863,12.550000190734863,12.539999961853027,12.550000190734863,6602,0.0,0.0,0.0
2025-05-12 04:25:00+00:00,12.550000190734863,12.550000190734863,12.539999961853027,12.539999961853027,5370,0.0,0.0,0.0
2025-05-12 04:30:00+00:00,12.550000190734863,12.550000190734863,12.550000190734863,12.550000190734863,49970,0.0,0.0,0.0
2025-05-12 04:35:00+00:00,12.550000190734863,12.5600004196167,12.550000190734863,12.5600004196167,2310,0.0,0.0,0.0
2025-05-12 04:40:00+00:00,12.550000190734863,12.550000190734863,12.539999961853027,12.539999961853027,36000,0.0,0.0,0.0
2025-05-12 04:45:00+00:00,12.539999961853027,12.5600004196167,12.539999961853027,12.550000190734863,15010,0.0,0.0,0.0
2025-05-12 04:50:00+00:00,12.550000190734863,12.550000190734863,12.539999961853027,12.539999961853027,6290,0.0,0.0,0.0
2025-05-12 04:55:00+00:00,12.550000190734863,12.5600004196167,12.550000190734863,12.550000190734863,7428,0.0,0.0,0.0
2025-05-12 05:00:00+00:00,12.550000190734863,12.550000190734863,12.539999961853027,12.539999961853027,16180,0.0,0.0,0.0
2025-05-12 05:05:00+00:00,12.550000190734863,12.550000190734863,12.539999961853027,12.550000190734863,30242,0.0,0.0,0.0
2025-05-12 05:10:00+00:00,12.550000190734863,12.550000190734863,12.550000190734863,12.550000190734863,3717,0.0,0.0,0.0
2025-05-12 05:15:00+00:00,12.550000190734863,12.550000190734863,12.539999961853027,12.539999961853027,24543,0.0,0.0,0.0
2025-05-12 05:20:00+00:00,12.539999961853027,12.550000190734863,12.539999961853027,12.550000190734863,129943,0.0,0.0,0.0
2025-05-13 01:00:00+00:00,12.770000457763672,12.949999809265137,12.770000457763672,12.899999618530273,571000,0.0,0.0,0.0
2025-05-13 01:05:00+00:00,12.890000343322754,12.890000343322754,12.859999656677246,12.859999656677246,104000,0.0,0.0,0.0
2025-05-13 01:10:00+00:00,12.869999885559082,12.869999885559082,12.829999923706055,12.84000015258789,322404,0.0,0.0,0.0
2025-05-13 01:15:00+00:00,12.829999923706055,12.850000381469727,12.829999923706055,12.84000015258789,230795,0.0,0.0,0.0
2025-05-13 01:20:00+00:00,12.84000015258789,12.869999885559082,12.84000015258789,12.869999885559082,256991,0.0,0.0,0.0
2025-05-13 01:25:00+00:00,12.869999885559082,12.869999885559082,12.869999885559082,12.869999885559082,72804,0.0,0.0,0.0
2025-05-13 01:30:00+00:00,12.880000114440918,12.890000343322754,12.859999656677246,12.890000343322754,99783,0.0,0.0,0.0
2025-05-13 01:35:00+00:00,12.890000343322754,12.890000343322754,12.869999885559082,12.869999885559082,87866,0.0,0.0,0.0
2025-05-13 01:40:00+00:00,12.859999656677246,12.859999656677246,12.850000381469727,12.859999656677246,29295,0.0,0.0,0.0
2025-05-13 01:45:00+00:00,12.859999656677246,12.869999885559082,12.859999656677246,12.869999885559082,53193,0.0,0.0,0.0
2025-05-13 01:50:00+00:00,12.869999885559082,12.869999885559082,12.859999656677246,12.859999656677246,15121,0.0,0.0,0.0
2025-05-13 01:55:00+00:00,12.859999656677246,12.859999656677246,12.850000381469727,12.850000381469727,60242,0.0,0.0,0.0
2025-05-13 02:00:00+00:00,12.869999885559082,12.869999885559082,12.869999885559082,12.869999885559082,20445,0.0,0.0,0.0
2025-05-13 02:05:00+00:00,12.859999656677246,12.859999656677246,12.84000015258789,12.850000381469727,34264,0.0,0.0,0.0
2025-05-13 02:10:00+00:00,12.829999923706055,12.829999923706055,12.819999694824219,12.819999694824219,69708,0.0,0.0,0.0
2025-05-13 02:15:00+00:00,12.819999694824219,12.819999694824219,12.800000190734863,12.8100004196167,144531,0.0,0.0,0.0
2025-05-13 02:20:00+00:00,12.8100004196167,12.819999694824219,12.800000190734863,12.800000190734863,114239,0.0,0.0,0.0
2025-05-13 02:25:00+00:00,12.789999961853027,12.800000190734863,12.789999961853027,12.789999961853027,8005,0.0,0.0,0.0
2025-05-13 02:30:00+00:00,12.789999961853027,12.789999961853027,12.770000457763672,12.770000457763672,60573,0.0,0.0,0.0
2025-05-13 02:35:00+00:00,12.770000457763672,12.789999961853027,12.770000457763672,12.789999961853027,69325,0.0,0.0,0.0
2025-05-13 02:40:00+00:00,12.779999732971191,12.789999961853027,12.779999732971191,12.789999961853027,14579,0.0,0.0,0.0
2025-05-13 02:45:00+00:00,12.800000190734863,12.800000190734863,12.770000457763672,12.770000457763672,15660,0.0,0.0,0.0
2025-05-13 02:50:00+00:00,12.779999732971191,12.779999732971191,12.770000457763672,12.779999732971191,12933,0.0,0.0,0.0
2025-05-13 02:55:00+00:00,12.779999732971191,12.779999732971191,12.779999732971191,12.779999732971191,39093,0.0,0.0,0.0
2025-05-13 03:00:00+00:00,12.779999732971191,12.779999732971191,12.770000457763672,12.770000457763672,50112,0.0,0.0,0.0
2025-05-13 03:05:00+00:00,12.779999732971191,12.779999732971191,12.760000228881836,12.760000228881836,8048,0.0,0.0,0.0
2025-05-13 03:10:00+00:00,12.770000457763672,12.770000457763672,12.770000457763672,12.770000457763672,1059,0.0,0.0,0.0
2025-05-13 03:15:00+00:00,12.770000457763672,12.770000457763672,12.760000228881836,12.770000457763672,34056,0.0,0.0,0.0
2025-05-13 03:20:00+00:00,12.770000457763672,12.779999732971191,12.770000457763672,12.779999732971191,15410,0.0,0.0,0.0
2025-05-13 03:25:00+00:00,12.779999732971191,12.789999961853027,12.779999732971191,12.789999961853027,26081,0.0,0.0,0.0
2025-05-13 03:30:00+00:00,12.789999961853027,12.789999961853027,12.789999961853027,12.789999961853027,7039,0.0,0.0,0.0
2025-05-13 03:35:00+00:00,12.779999732971191,12.789999961853027,12.779999732971191,12.789999961853027,25222,0.0,0.0,0.0
2025-05-13 03:40:00+00:00,12.789999961853027,12.789999961853027,12.779999732971191,12.779999732971191,27205,0.0,0.0,0.0
2025-05-13 03:45:00+00:00,12.779999732971191,12.789999961853027,12.779999732971191,12.789999961853027,7794,0.0,0.0,0.0
2025-05-13 03:50:00+00:00,12.779999732971191,12.779999732971191,12.770000457763672,12.770000457763672,23300,0.0,0.0,0.0
2025-05-13 03:55:00+00:00,12.770000457763672,12.779999732971191,12.770000457763672,12.770000457763672,17048,0.0,0.0,0.0
2025-05-13 04:00:00+00:00,12.779999732971191,12.779999732971191,12.779999732971191,12.779999732971191,1215,0.0,0.0,0.0
2025-05-13 04:05:00+00:00,12.779999732971191,12.789999961853027,12.770000457763672,12.779999732971191,7807,0.0,0.0,0.0
2025-05-13 04:10:00+00:00,12.770000457763672,12.779999732971191,12.770000457763672,12.779999732971191,8518,0.0,0.0,0.0
2025-05-13 04:15:00+00:00,12.779999732971191,12.779999732971191,12.770000457763672,12.779999732971191,7327,0.0,0.0,0.0
2025-05-13 04:20:00+00:00,12.779999732971191,12.779999732971191,12.779999732971191,12.779999732971191,75192,0.0,0.0,0.0
2025-05-13 04:25:00+00:00,12.779999732971191,12.779999732971191,12.770000457763672,12.779999732971191,73352,0.0,0.0,0.0
2025-05-13 04:30:00+00:00,12.789999961853027,12.789999961853027,12.770000457763672,12.770000457763672,3626,0.0,0.0,0.0
2025-05-13 04:35:00+00:00,12.779999732971191,12.779999732971191,12.779999732971191,12.779999732971191,24030,0.0,0.0,0.0
2025-05-13 04:40:00+00:00,12.779999732971191,12.779999732971191,12.770000457763672,12.779999732971191,26506,0.0,0.0,0.0
2025-05-13 04:45:00+00:00,12.770000457763672,12.770000457763672,12.770000457763672,12.770000457763672,3325,0.0,0.0,0.0
2025-05-13 04:50:00+00:00,12.770000457763672,12.779999732971191,12.770000457763672,12.779999732971191,27210,0.0,0.0,0.0
2025-05-13 04:55:00+00:00,12.770000457763672,12.770000457763672,12.760000228881836,12.760000228881836,50285,0.0,0.0,0.0
2025-05-13 05:00:00+00:00,12.770000457763672,12.779999732971191,12.770000457763672,12.779999732971191,48010,0.0,0.0,0.0
2025-05-13 05:05:00+00:00,12.779999732971191,12.779999732971191,12.779999732971191,12.779999732971191,16661,0.0,0.0,0.0
2025-05-13 05:10:00+00:00,12.779999732971191,12.789999961853027,12.779999732971191,12.789999961853027,12400,0.0,0.0,0.0
2025-05-13 05:15:00+00:00,12.789999961853027,12.789999961853027,12.779999732971191,12.779999732971191,23336,0.0,0.0,0.0
2025-05-13 05:20:00+00:00,12.789999961853027,12.789999961853027,12.779999732971191,12.789999961853027,12694,0.0,0.0,0.0
2025-05-14 01:00:00+00:00,12.949999809265137,12.979999542236328,12.949999809265137,12.949999809265137,207000,0.0,0.0,0.0
2025-05-14 01:05:00+00:00,12.949999809265137,12.949999809265137,12.9399995803833,12.949999809265137,145425,0.0,0.0,0.0
2025-05-14 01:10:00+00:00,12.949999809265137,12.960000038146973,12.949999809265137,12.949999809265137,57399,0.0,0.0,0.0
2025-05-14 01:15:00+00:00,12.949999809265137,12.960000038146973,12.9399995803833,12.949999809265137,197534,0.0,0.0,0.0
2025-05-14 01:20:00+00:00,12.949999809265137,12.960000038146973,12.949999809265137,12.960000038146973,90048,0.0,0.0,0.0
2025-05-14 01:25:00+00:00,12.960000038146973,12.960000038146973,12.9399995803833,12.960000038146973,95295,0.0,0.0,0.0
2025-05-14 01:30:00+00:00,12.960000038146973,12.960000038146973,12.949999809265137,12.949999809265137,16243,0.0,0.0,0.0
2025-05-14 01:35:00+00:00,12.949999809265137,12.970000267028809,12.949999809265137,12.970000267028809,250740,0.0,0.0,0.0
2025-05-14 01:40:00+00:00,12.970000267028809,13.0,12.970000267028809,12.979999542236328,389720,0.0,0.0,0.0
2025-05-14 01:45:00+00:00,12.979999542236328,12.989999771118164,12.979999542236328,12.979999542236328,12569,0.0,0.0,0.0
2025-05-14 01:50:00+00:00,12.979999542236328,12.989999771118164,12.979999542236328,12.989999771118164,199130,0.0,0.0,0.0
2025-05-14 01:55:00+00:00,12.989999771118164,13.0,12.970000267028809,13.0,246267,0.0,0.0,0.0
2025-05-14 02:00:00+00:00,12.979999542236328,13.0,12.970000267028809,12.979999542236328,60581,0.0,0.0,0.0
2025-05-14 02:05:00+00:00,12.979999542236328,12.979999542236328,12.970000267028809,12.970000267028809,33273,0.0,0.0,0.0
2025-05-14 02:10:00+00:00,12.970000267028809,12.989999771118164,12.970000267028809,12.989999771118164,68158,0.0,0.0,0.0
2025-05-14 02:15:00+00:00,12.989999771118164,13.0,12.989999771118164,12.989999771118164,74714,0.0,0.0,0.0
2025-05-14 02:20:00+00:00,12.989999771118164,12.989999771118164,12.989999771118164,12.989999771118164,19264,0.0,0.0,0.0
2025-05-14 02:25:00+00:00,12.989999771118164,12.989999771118164,12.979999542236328,12.979999542236328,39343,0.0,0.0,0.0
2025-05-14 02:30:00+00:00,12.970000267028809,12.979999542236328,12.970000267028809,12.970000267028809,35261,0.0,0.0,0.0
2025-05-14 02:35:00+00:00,12.960000038146973,12.960000038146973,12.949999809265137,12.960000038146973,81182,0.0,0.0,0.0
2025-05-14 02:40:00+00:00,12.949999809265137,12.960000038146973,12.949999809265137,12.960000038146973,8557,0.0,0.0,0.0
2025-05-14 02:45:00+00:00,12.960000038146973,12.960000038146973,12.949999809265137,12.949999809265137,40852,0.0,0.0,0.0
2025-05-14 02:50:00+00:00,12.949999809265137,12.949999809265137,12.9399995803833,12.9399995803833,15479,0.0,0.0,0.0
2025-05-14 02:55:00+00:00,12.9399995803833,12.949999809265137,12.9399995803833,12.949999809265137,41558,0.0,0.0,0.0
2025-05-14 03:00:00+00:00,12.960000038146973,12.960000038146973,12.960000038146973,12.960000038146973,21348,0.0,0.0,0.0
2025-05-14 03:05:00+00:00,12.970000267028809,12.970000267028809,12.970000267028809,12.970000267028809,25598,0.0,0.0,0.0
2025-05-14 03:10:00+00:00,12.970000267028809,12.970000267028809,12.970000267028809,12.970000267028809,19010,0.0,0.0,0.0
2025-05-14 03:15:00+00:00,12.979999542236328,12.979999542236328,12.979999542236328,12.979999542236328,16353,0.0,0.0,0.0
2025-05-14 03:20:00+00:00,12.989999771118164,12.989999771118164,12.989999771118164,12.989999771118164,4038,0.0,0.0,0.0
2025-05-14 03:25:00+00:00,12.989999771118164,13.010000228881836,12.989999771118164,13.010000228881836,673162,0.0,0.0,0.0
2025-05-14 03:30:00+00:00,13.010000228881836,13.020000457763672,13.010000228881836,13.010000228881836,28357,0.0,0.0,0.0
2025-05-14 03:35:00+00:00,13.0,13.0,13.0,13.0,9124,0.0,0.0,0.0
2025-05-14 03:40:00+00:00,13.0,13.010000228881836,13.0,13.010000228881836,8380,0.0,0.0,0.0
2025-05-14 03:45:00+00:00,13.010000228881836,13.010000228881836,13.0,13.0,42613,0.0,0.0,0.0
2025-05-14 03:50:00+00:00,13.0,13.0,13.0,13.0,1446,0.0,0.0,0.0
2025-05-14 03:55:00+00:00,13.010000228881836,13.010000228881836,13.010000228881836,13.010000228881836,1552,0.0,0.0,0.0
2025-05-14 04:00:00+00:00,13.010000228881836,13.010000228881836,13.010000228881836,13.010000228881836,89024,0.0,0.0,0.0
2025-05-14 04:05:00+00:00,13.0,13.020000457763672,13.0,13.020000457763672,118713,0.0,0.0,0.0
2025-05-14 04:10:00+00:00,13.020000457763672,13.020000457763672,13.010000228881836,13.010000228881836,20227,0.0,0.0,0.0
2025-05-14 04:15:00+00:00,13.010000228881836,13.039999961853027,13.010000228881836,13.020000457763672,180019,0.0,0.0,0.0
2025-05-14 04:20:00+00:00,13.029999732971191,13.039999961853027,13.020000457763672,13.029999732971191,167135,0.0,0.0,0.0
2025-05-14 04:25:00+00:00,13.029999732971191,13.039999961853027,13.020000457763672,13.039999961853027,149117,0.0,0.0,0.0
2025-05-14 04:30:00+00:00,13.039999961853027,13.039999961853027,13.029999732971191,13.039999961853027,158186,0.0,0.0,0.0
2025-05-14 04:35:00+00:00,13.039999961853027,13.050000190734863,13.039999961853027,13.050000190734863,126075,0.0,0.0,0.0
2025-05-14 04:40:00+00:00,13.0600004196167,13.0600004196167,13.050000190734863,13.0600004196167,34238,0.0,0.0,0.0
2025-05-14 04:45:00+00:00,13.0600004196167,13.0600004196167,13.050000190734863,13.050000190734863,30782,0.0,0.0,0.0
2025-05-14 04:50:00+00:00,13.050000190734863,13.0600004196167,13.050000190734863,13.050000190734863,19200,0.0,0.0,0.0
2025-05-14 04:55:00+00:00,13.050000190734863,13.0600004196167,13.050000190734863,13.050000190734863,104564,0.0,0.0,0.0
2025-05-14 05:00:00+00:00,13.050000190734863,13.050000190734863,13.050000190734863,13.050000190734863,38500,0.0,0.0,0.0
2025-05-14 05:05:00+00:00,13.050000190734863,13.050000190734863,13.039999961853027,13.050000190734863,31800,0.0,0.0,0.0
2025-05-14 05:10:00+00:00,13.0600004196167,13.0600004196167,13.050000190734863,13.0600004196167,27193,0.0,0.0,0.0
2025-05-14 05:15:00+00:00,13.0600004196167,13.0600004196167,13.0600004196167,13.0600004196167,42310,0.0,0.0,0.0
2025-05-14 05:20:00+00:00,13.0600004196167,13.0600004196167,13.050000190734863,13.0600004196167,20796,0.0,0.0,0.0
2025-05-15 01:00:00+00:00,13.039999961853027,13.100000381469727,13.039999961853027,13.100000381469727,0,0.0,0.0,0.0
2025-05-15 01:05:00+00:00,13.100000381469727,13.100000381469727,13.069999694824219,13.069999694824219,51744,0.0,0.0,0.0
2025-05-15 01:10:00+00:00,13.069999694824219,13.100000381469727,13.069999694824219,13.100000381469727,85308,0.0,0.0,0.0
2025-05-15 01:15:00+00:00,13.100000381469727,13.100000381469727,13.079999923706055,13.079999923706055,31316,0.0,0.0,0.0
2025-05-15 01:20:00+00:00,13.079999923706055,13.079999923706055,13.050000190734863,13.050000190734863,55588,0.0,0.0,0.0
2025-05-15 01:25:00+00:00,13.039999961853027,13.039999961853027,13.020000457763672,13.029999732971191,30889,0.0,0.0,0.0
2025-05-15 01:30:00+00:00,13.029999732971191,13.029999732971191,13.010000228881836,13.020000457763672,107541,0.0,0.0,0.0
2025-05-15 01:35:00+00:00,13.020000457763672,13.039999961853027,13.020000457763672,13.039999961853027,59233,0.0,0.0,0.0
2025-05-15 01:40:00+00:00,13.039999961853027,13.0600004196167,13.039999961853027,13.0600004196167,210582,0.0,0.0,0.0
2025-05-15 01:45:00+00:00,13.0600004196167,13.069999694824219,13.0600004196167,13.0600004196167,86425,0.0,0.0,0.0
2025-05-15 01:50:00+00:00,13.0600004196167,13.069999694824219,13.0600004196167,13.0600004196167,18318,0.0,0.0,0.0
2025-05-15 01:55:00+00:00,13.0600004196167,13.0600004196167,13.050000190734863,13.0600004196167,216151,0.0,0.0,0.0
2025-05-15 02:00:00+00:00,13.0600004196167,13.0600004196167,13.029999732971191,13.039999961853027,25471,0.0,0.0,0.0
2025-05-15 02:05:00+00:00,13.039999961853027,13.050000190734863,13.039999961853027,13.050000190734863,15302,0.0,0.0,0.0
2025-05-15 02:10:00+00:00,13.050000190734863,13.050000190734863,13.039999961853027,13.039999961853027,73132,0.0,0.0,0.0
2025-05-15 02:15:00+00:00,13.050000190734863,13.050000190734863,13.039999961853027,13.039999961853027,12555,0.0,0.0,0.0
2025-05-15 02:20:00+00:00,13.039999961853027,13.050000190734863,13.029999732971191,13.050000190734863,36082,0.0,0.0,0.0
2025-05-15 02:25:00+00:00,13.029999732971191,13.050000190734863,13.029999732971191,13.039999961853027,66468,0.0,0.0,0.0
2025-05-15 02:30:00+00:00,13.050000190734863,13.0600004196167,13.050000190734863,13.050000190734863,99190,0.0,0.0,0.0
2025-05-15 02:35:00+00:00,13.050000190734863,13.0600004196167,13.039999961853027,13.039999961853027,142497,0.0,0.0,0.0
2025-05-15 02:40:00+00:00,13.039999961853027,13.0600004196167,13.039999961853027,13.0600004196167,12129,0.0,0.0,0.0
2025-05-15 02:45:00+00:00,13.0600004196167,13.0600004196167,13.0600004196167,13.0600004196167,4795,0.0,0.0,0.0
2025-05-15 02:50:00+00:00,13.0600004196167,13.0600004196167,13.050000190734863,13.0600004196167,91190,0.0,0.0,0.0
2025-05-15 02:55:00+00:00,13.0600004196167,13.09000015258789,13.0600004196167,13.09000015258789,97593,0.0,0.0,0.0
2025-05-15 03:00:00+00:00,13.079999923706055,13.09000015258789,13.079999923706055,13.09000015258789,23814,0.0,0.0,0.0
2025-05-15 03:05:00+00:00,13.09000015258789,13.09000015258789,13.09000015258789,13.09000015258789,6533,0.0,0.0,0.0
2025-05-15 03:10:00+00:00,13.09000015258789,13.09000015258789,13.079999923706055,13.079999923706055,27141,0.0,0.0,0.0
2025-05-15 03:15:00+00:00,13.09000015258789,13.09000015258789,13.079999923706055,13.079999923706055,30708,0.0,0.0,0.0
2025-05-15 03:20:00+00:00,13.079999923706055,13.09000015258789,13.079999923706055,13.09000015258789,4748,0.0,0.0,0.0
2025-05-15 03:25:00+00:00,13.09000015258789,13.09000015258789,13.069999694824219,13.069999694824219,13239,0.0,0.0,0.0
2025-05-15 03:30:00+00:00,13.09000015258789,13.09000015258789,13.079999923706055,13.079999923706055,3071,0.0,0.0,0.0
2025-05-15 03:35:00+00:00,13.079999923706055,13.079999923706055,13.079999923706055,13.079999923706055,6023,0.0,0.0,0.0
2025-05-15 03:40:00+00:00,13.079999923706055,13.079999923706055,13.079999923706055,13.079999923706055,2682,0.0,0.0,0.0
2025-05-15 03:45:00+00:00,13.079999923706055,13.079999923706055,13.0600004196167,13.0600004196167,13048,0.0,0.0,0.0
2025-05-15 03:50:00+00:00,13.069999694824219,13.09000015258789,13.069999694824219,13.079999923706055,21140,0.0,0.0,0.0
2025-05-15 03:55:00+00:00,13.079999923706055,13.079999923706055,13.069999694824219,13.069999694824219,3246,0.0,0.0,0.0
2025-05-15 04:00:00+00:00,13.069999694824219,13.069999694824219,13.0600004196167,13.069999694824219,13550,0.0,0.0,0.0
2025-05-15 04:05:00+00:00,13.069999694824219,13.069999694824219,13.069999694824219,13.069999694824219,53144,0.0,0.0,0.0
2025-05-15 04:10:00+00:00,13.079999923706055,13.079999923706055,13.069999694824219,13.069999694824219,30384,0.0,0.0,0.0
2025-05-15 04:15:00+00:00,13.069999694824219,13.069999694824219,13.069999694824219,13.069999694824219,11427,0.0,0.0,0.0
2025-05-15 04:20:00+00:00,13.069999694824219,13.069999694824219,13.069999694824219,13.069999694824219,3165,0.0,0.0,0.0
2025-05-15 04:25:00+00:00,13.0600004196167,13.069999694824219,13.0600004196167,13.069999694824219,9030,0.0,0.0,0.0
2025-05-15 04:30:00+00:00,13.069999694824219,13.069999694824219,13.0600004196167,13.069999694824219,102349,0.0,0.0,0.0
2025-05-15 04:35:00+00:00,13.069999694824219,13.069999694824219,13.069999694824219,13.069999694824219,6000,0.0,0.0,0.0
2025-05-15 04:40:00+00:00,13.069999694824219,13.069999694824219,13.0600004196167,13.069999694824219,49060,0.0,0.0,0.0
2025-05-15 04:45:00+00:00,13.069999694824219,13.069999694824219,13.0600004196167,13.069999694824219,11114,0.0,0.0,0.0
2025-05-15 04:50:00+00:00,13.069999694824219,13.069999694824219,13.0600004196167,13.069999694824219,28210,0.0,0.0,0.0
2025-05-15 04:55:00+00:00,13.069999694824219,13.069999694824219,13.0600004196167,13.0600004196167,16280,0.0,0.0,0.0
2025-05-15 05:00:00+00:00,13.0600004196167,13.0600004196167,13.0600004196167,13.0600004196167,33237,0.0,0.0,0.0
2025-05-15 05:05:00+00:00,13.0600004196167,13.069999694824219,13.0600004196167,13.0600004196167,6061,0.0,0.0,0.0
2025-05-15 05:10:00+00:00,13.0600004196167,13.0600004196167,13.050000190734863,13.050000190734863,37100,0.0,0.0,0.0
2025-05-15 05:15:00+00:00,13.069999694824219,13.069999694824219,13.0600004196167,13.0600004196167,16111,0.0,0.0,0.0
2025-05-15 05:20:00+00:00,13.0600004196167,13.069999694824219,13.050000190734863,13.0600004196167,242226,0.0,0.0,0.0
2025-05-16 01:00:00+00:00,13.0,13.050000190734863,13.0,13.050000190734863,0,0.0,0.0,0.0
2025-05-16 01:05:00+00:00,13.039999961853027,13.069999694824219,13.039999961853027,13.069999694824219,121449,0.0,0.0,0.0
2025-05-16 01:10:00+00:00,13.069999694824219,13.079999923706055,13.0600004196167,13.069999694824219,118714,0.0,0.0,0.0
2025-05-16 01:15:00+00:00,13.069999694824219,13.069999694824219,13.0600004196167,13.0600004196167,18458,0.0,0.0,0.0
2025-05-16 01:20:00+00:00,13.069999694824219,13.069999694824219,13.0600004196167,13.0600004196167,101707,0.0,0.0,0.0
2025-05-16 01:25:00+00:00,13.0600004196167,13.079999923706055,13.0600004196167,13.069999694824219,74086,0.0,0.0,0.0
2025-05-16 01:30:00+00:00,13.09000015258789,13.09000015258789,13.079999923706055,13.079999923706055,56314,0.0,0.0,0.0
2025-05-16 01:35:00+00:00,13.079999923706055,13.109999656677246,13.079999923706055,13.100000381469727,407379,0.0,0.0,0.0
2025-05-16 01:40:00+00:00,13.109999656677246,13.119999885559082,13.109999656677246,13.119999885559082,202045,0.0,0.0,0.0
2025-05-16 01:45:00+00:00,13.119999885559082,13.140000343322754,13.109999656677246,13.130000114440918,167845,0.0,0.0,0.0
2025-05-16 01:50:00+00:00,13.130000114440918,13.130000114440918,13.119999885559082,13.130000114440918,33563,0.0,0.0,0.0
2025-05-16 01:55:00+00:00,13.130000114440918,13.140000343322754,13.130000114440918,13.140000343322754,68516,0.0,0.0,0.0
2025-05-16 02:00:00+00:00,13.140000343322754,13.149999618530273,13.130000114440918,13.149999618530273,152224,0.0,0.0,0.0
2025-05-16 02:05:00+00:00,13.140000343322754,13.149999618530273,13.130000114440918,13.140000343322754,18400,0.0,0.0,0.0
2025-05-16 02:10:00+00:00,13.140000343322754,13.149999618530273,13.130000114440918,13.130000114440918,176175,0.0,0.0,0.0
2025-05-16 02:15:00+00:00,13.130000114440918,13.130000114440918,13.130000114440918,13.130000114440918,18407,0.0,0.0,0.0
2025-05-16 02:20:00+00:00,13.130000114440918,13.149999618530273,13.130000114440918,13.149999618530273,338790,0.0,0.0,0.0
2025-05-16 02:25:00+00:00,13.149999618530273,13.15999984741211,13.149999618530273,13.149999618530273,56947,0.0,0.0,0.0
2025-05-16 02:30:00+00:00,13.149999618530273,13.149999618530273,13.140000343322754,13.149999618530273,57166,0.0,0.0,0.0
2025-05-16 02:35:00+00:00,13.149999618530273,13.170000076293945,13.149999618530273,13.15999984741211,169234,0.0,0.0,0.0
2025-05-16 02:40:00+00:00,13.170000076293945,13.170000076293945,13.15999984741211,13.15999984741211,29522,0.0,0.0,0.0
2025-05-16 02:45:00+00:00,13.170000076293945,13.170000076293945,13.15999984741211,13.15999984741211,31796,0.0,0.0,0.0
2025-05-16 02:50:00+00:00,13.15999984741211,13.15999984741211,13.140000343322754,13.140000343322754,26365,0.0,0.0,0.0
2025-05-16 02:55:00+00:00,13.149999618530273,13.15999984741211,13.149999618530273,13.149999618530273,69507,0.0,0.0,0.0
2025-05-16 03:00:00+00:00,13.149999618530273,13.15999984741211,13.149999618530273,13.15999984741211,19203,0.0,0.0,0.0
2025-05-16 03:05:00+00:00,13.15999984741211,13.15999984741211,13.15999984741211,13.15999984741211,5667,0.0,0.0,0.0
2025-05-16 03:10:00+00:00,13.15999984741211,13.15999984741211,13.149999618530273,13.15999984741211,133266,0.0,0.0,0.0
2025-05-16 03:15:00+00:00,13.15999984741211,13.170000076293945,13.15999984741211,13.15999984741211,20438,0.0,0.0,0.0
2025-05-16 03:20:00+00:00,13.15999984741211,13.170000076293945,13.149999618530273,13.149999618530273,21111,0.0,0.0,0.0
2025-05-16 03:25:00+00:00,13.15999984741211,13.15999984741211,13.149999618530273,13.149999618530273,23016,0.0,0.0,0.0
2025-05-16 03:30:00+00:00,13.15999984741211,13.15999984741211,13.140000343322754,13.15999984741211,14920,0.0,0.0,0.0
2025-05-16 03:35:00+00:00,13.140000343322754,13.149999618530273,13.130000114440918,13.130000114440918,44671,0.0,0.0,0.0
2025-05-16 03:40:00+00:00,13.130000114440918,13.130000114440918,13.119999885559082,13.130000114440918,21902,0.0,0.0,0.0
2025-05-16 03:45:00+00:00,13.130000114440918,13.130000114440918,13.119999885559082,13.119999885559082,7518,0.0,0.0,0.0
2025-05-16 03:50:00+00:00,13.119999885559082,13.130000114440918,13.109999656677246,13.109999656677246,15019,0.0,0.0,0.0
2025-05-16 03:55:00+00:00,13.119999885559082,13.119999885559082,13.119999885559082,13.119999885559082,17106,0.0,0.0,0.0
2025-05-16 04:00:00+00:00,13.130000114440918,13.140000343322754,13.130000114440918,13.140000343322754,12262,0.0,0.0,0.0
2025-05-16 04:05:00+00:00,13.140000343322754,13.140000343322754,13.130000114440918,13.140000343322754,16108,0.0,0.0,0.0
2025-05-16 04:10:00+00:00,13.140000343322754,13.140000343322754,13.130000114440918,13.130000114440918,20228,0.0,0.0,0.0
2025-05-16 04:15:00+00:00,13.140000343322754,13.140000343322754,13.119999885559082,13.130000114440918,7108,0.0,0.0,0.0
2025-05-16 04:20:00+00:00,13.140000343322754,13.140000343322754,13.119999885559082,13.130000114440918,10458,0.0,0.0,0.0
2025-05-16 04:25:00+00:00,13.130000114440918,13.130000114440918,13.130000114440918,13.130000114440918,35256,0.0,0.0,0.0
2025-05-16 04:30:00+00:00,13.140000343322754,13.149999618530273,13.130000114440918,13.149999618530273,71233,0.0,0.0,0.0
2025-05-16 04:35:00+00:00,13.140000343322754,13.149999618530273,13.140000343322754,13.149999618530273,163591,0.0,0.0,0.0
2025-05-16 04:40:00+00:00,13.149999618530273,13.149999618530273,13.149999618530273,13.149999618530273,15549,0.0,0.0,0.0
2025-05-16 04:45:00+00:00,13.140000343322754,13.140000343322754,13.140000343322754,13.140000343322754,5312,0.0,0.0,0.0
2025-05-16 04:50:00+00:00,13.140000343322754,13.149999618530273,13.140000343322754,13.140000343322754,10168,0.0,0.0,0.0
2025-05-16 04:55:00+00:00,13.140000343322754,13.140000343322754,13.140000343322754,13.140000343322754,20527,0.0,0.0,0.0
2025-05-16 05:00:00+00:00,13.140000343322754,13.140000343322754,13.140000343322754,13.140000343322754,29055,0.0,0.0,0.0
2025-05-16 05:05:00+00:00,13.140000343322754,13.149999618530273,13.140000343322754,13.149999618530273,6371,0.0,0.0,0.0
2025-05-16 05:10:00+00:00,13.149999618530273,13.149999618530273,13.140000343322754,13.140000343322754,53066,0.0,0.0,0.0
2025-05-16 05:15:00+00:00,13.149999618530273,13.149999618530273,13.140000343322754,13.140000343322754,12399,0.0,0.0,0.0
2025-05-16 05:20:00+00:00,13.140000343322754,13.149999618530273,13.140000343322754,13.140000343322754,49053,0.0,0.0,0.0
2025-05-19 01:00:00+00:00,13.119999885559082,13.119999885559082,13.079999923706055,13.100000381469727,0,0.0,0.0,0.0
2025-05-19 01:05:00+00:00,13.09000015258789,13.119999885559082,13.09000015258789,13.109999656677246,40064,0.0,0.0,0.0
2025-05-19 01:10:00+00:00,13.100000381469727,13.100000381469727,13.069999694824219,13.069999694824219,134628,0.0,0.0,0.0
2025-05-19 01:15:00+00:00,13.0600004196167,13.069999694824219,13.0600004196167,13.0600004196167,101114,0.0,0.0,0.0
2025-05-19 01:20:00+00:00,13.0600004196167,13.0600004196167,13.050000190734863,13.0600004196167,33155,0.0,0.0,0.0
2025-05-19 01:25:00+00:00,13.0600004196167,13.0600004196167,13.0600004196167,13.0600004196167,18919,0.0,0.0,0.0
2025-05-19 01:30:00+00:00,13.0600004196167,13.0600004196167,13.050000190734863,13.050000190734863,118327,0.0,0.0,0.0
2025-05-19 01:35:00+00:00,13.039999961853027,13.050000190734863,13.029999732971191,13.039999961853027,95750,0.0,0.0,0.0
2025-05-19 01:40:00+00:00,13.039999961853027,13.039999961853027,13.039999961853027,13.039999961853027,16291,0.0,0.0,0.0
2025-05-19 01:45:00+00:00,13.029999732971191,13.039999961853027,13.029999732971191,13.039999961853027,11278,0.0,0.0,0.0
2025-05-19 01:50:00+00:00,13.039999961853027,13.039999961853027,13.029999732971191,13.029999732971191,43253,0.0,0.0,0.0
2025-05-19 01:55:00+00:00,13.029999732971191,13.029999732971191,13.020000457763672,13.020000457763672,12573,0.0,0.0,0.0
2025-05-19 02:00:00+00:00,13.029999732971191,13.029999732971191,13.020000457763672,13.020000457763672,11336,0.0,0.0,0.0
2025-05-19 02:05:00+00:00,13.029999732971191,13.029999732971191,13.029999732971191,13.029999732971191,5174,0.0,0.0,0.0
2025-05-19 02:10:00+00:00,13.029999732971191,13.029999732971191,13.029999732971191,13.029999732971191,7356,0.0,0.0,0.0
2025-05-19 02:15:00+00:00,13.039999961853027,13.050000190734863,13.029999732971191,13.050000190734863,39827,0.0,0.0,0.0
2025-05-19 02:20:00+00:00,13.050000190734863,13.050000190734863,13.029999732971191,13.050000190734863,40060,0.0,0.0,0.0
2025-05-19 02:25:00+00:00,13.050000190734863,13.050000190734863,13.039999961853027,13.039999961853027,3776,0.0,0.0,0.0
2025-05-19 02:30:00+00:00,13.050000190734863,13.050000190734863,13.039999961853027,13.039999961853027,53499,0.0,0.0,0.0
2025-05-19 02:35:00+00:00,13.050000190734863,13.050000190734863,13.029999732971191,13.029999732971191,18407,0.0,0.0,0.0
2025-05-19 02:40:00+00:00,13.039999961853027,13.050000190734863,13.039999961853027,13.050000190734863,118034,0.0,0.0,0.0
2025-05-19 02:45:00+00:00,13.0600004196167,13.069999694824219,13.0600004196167,13.069999694824219,19148,0.0,0.0,0.0
2025-05-19 02:50:00+00:00,13.0600004196167,13.069999694824219,13.0600004196167,13.0600004196167,3027,0.0,0.0,0.0
2025-05-19 02:55:00+00:00,13.069999694824219,13.069999694824219,13.069999694824219,13.069999694824219,2049,0.0,0.0,0.0
2025-05-19 03:00:00+00:00,13.069999694824219,13.069999694824219,13.0600004196167,13.0600004196167,5543,0.0,0.0,0.0
2025-05-19 03:05:00+00:00,13.069999694824219,13.069999694824219,13.050000190734863,13.050000190734863,41074,0.0,0.0,0.0
2025-05-19 03:10:00+00:00,13.039999961853027,13.050000190734863,13.039999961853027,13.039999961853027,51071,0.0,0.0,0.0
2025-05-19 03:15:00+00:00,13.039999961853027,13.050000190734863,13.039999961853027,13.039999961853027,33421,0.0,0.0,0.0
2025-05-19 03:20:00+00:00,13.039999961853027,13.050000190734863,13.039999961853027,13.050000190734863,7491,0.0,0.0,0.0
2025-05-19 03:25:00+00:00,13.039999961853027,13.039999961853027,13.029999732971191,13.039999961853027,5262,0.0,0.0,0.0
2025-05-19 03:30:00+00:00,13.039999961853027,13.039999961853027,13.010000228881836,13.010000228881836,443613,0.0,0.0,0.0
2025-05-19 03:35:00+00:00,13.010000228881836,13.010000228881836,13.0,13.010000228881836,53014,0.0,0.0,0.0
2025-05-19 03:40:00+00:00,13.010000228881836,13.010000228881836,12.989999771118164,12.989999771118164,155896,0.0,0.0,0.0
2025-05-19 03:45:00+00:00,12.989999771118164,13.0,12.979999542236328,13.0,79246,0.0,0.0,0.0
2025-05-19 03:50:00+00:00,13.0,13.0,12.989999771118164,12.989999771118164,9781,0.0,0.0,0.0
2025-05-19 03:55:00+00:00,12.989999771118164,12.989999771118164,12.989999771118164,12.989999771118164,1170,0.0,0.0,0.0
2025-05-19 04:00:00+00:00,12.989999771118164,13.0,12.989999771118164,12.989999771118164,17892,0.0,0.0,0.0
2025-05-19 04:05:00+00:00,13.0,13.0,12.979999542236328,12.989999771118164,21665,0.0,0.0,0.0
2025-05-19 04:10:00+00:00,13.0,13.0,13.0,13.0,2540,0.0,0.0,0.0
2025-05-19 04:15:00+00:00,12.989999771118164,12.989999771118164,12.979999542236328,12.989999771118164,25276,0.0,0.0,0.0
2025-05-19 04:20:00+00:00,12.989999771118164,13.0,12.989999771118164,13.0,7937,0.0,0.0,0.0
2025-05-19 04:25:00+00:00,12.989999771118164,12.989999771118164,12.979999542236328,12.979999542236328,19185,0.0,0.0,0.0
2025-05-19 04:30:00+00:00,13.0,13.0,12.979999542236328,12.989999771118164,6950,0.0,0.0,0.0
2025-05-19 04:35:00+00:00,12.989999771118164,12.989999771118164,12.989999771118164,12.989999771118164,4311,0.0,0.0,0.0
2025-05-19 04:40:00+00:00,12.989999771118164,12.989999771118164,12.970000267028809,12.970000267028809,46350,0.0,0.0,0.0
2025-05-19 04:45:00+00:00,12.970000267028809,12.970000267028809,12.960000038146973,12.960000038146973,67652,0.0,0.0,0.0
2025-05-19 04:50:00+00:00,12.960000038146973,12.970000267028809,12.960000038146973,12.970000267028809,15010,0.0,0.0,0.0
2025-05-19 04:55:00+00:00,12.960000038146973,12.960000038146973,12.949999809265137,12.949999809265137,30917,0.0,0.0,0.0
2025-05-19 05:00:00+00:00,12.949999809265137,12.960000038146973,12.949999809265137,12.960000038146973,10650,0.0,0.0,0.0
2025-05-19 05:05:00+00:00,12.960000038146973,12.960000038146973,12.949999809265137,12.949999809265137,27551,0.0,0.0,0.0
2025-05-19 05:10:00+00:00,12.949999809265137,12.949999809265137,12.9399995803833,12.949999809265137,60003,0.0,0.0,0.0
2025-05-19 05:15:00+00:00,12.949999809265137,12.949999809265137,12.949999809265137,12.949999809265137,24397,0.0,0.0,0.0
2025-05-19 05:20:00+00:00,12.949999809265137,12.949999809265137,12.9399995803833,12.949999809265137,61209,0.0,0.0,0.0
2025-05-20 01:00:00+00:00,13.050000190734863,13.09000015258789,13.050000190734863,13.079999923706055,0,0.0,0.0,0.0
2025-05-20 01:05:00+00:00,13.079999923706055,13.09000015258789,13.079999923706055,13.09000015258789,56295,0.0,0.0,0.0
2025-05-20 01:10:00+00:00,13.09000015258789,13.09000015258789,13.050000190734863,13.0600004196167,34006,0.0,0.0,0.0
2025-05-20 01:15:00+00:00,13.0600004196167,13.079999923706055,13.0600004196167,13.0600004196167,21117,0.0,0.0,0.0
2025-05-20 01:20:00+00:00,13.0600004196167,13.0600004196167,13.050000190734863,13.050000190734863,16873,0.0,0.0,0.0
2025-05-20 01:25:00+00:00,13.050000190734863,13.0600004196167,13.050000190734863,13.050000190734863,31809,0.0,0.0,0.0
2025-05-20 01:30:00+00:00,13.0600004196167,13.0600004196167,13.050000190734863,13.050000190734863,26836,0.0,0.0,0.0
2025-05-20 01:35:00+00:00,13.050000190734863,13.050000190734863,13.050000190734863,13.050000190734863,48084,0.0,0.0,0.0
2025-05-20 01:40:00+00:00,13.050000190734863,13.050000190734863,13.039999961853027,13.039999961853027,67117,0.0,0.0,0.0
2025-05-20 01:45:00+00:00,13.050000190734863,13.050000190734863,13.029999732971191,13.050000190734863,52307,0.0,0.0,0.0
2025-05-20 01:50:00+00:00,13.039999961853027,13.039999961853027,13.029999732971191,13.039999961853027,96368,0.0,0.0,0.0
2025-05-20 01:55:00+00:00,13.039999961853027,13.050000190734863,13.039999961853027,13.050000190734863,47127,0.0,0.0,0.0
2025-05-20 02:00:00+00:00,13.050000190734863,13.0600004196167,13.050000190734863,13.0600004196167,17105,0.0,0.0,0.0
2025-05-20 02:10:00+00:00,13.050000190734863,13.0600004196167,13.050000190734863,13.050000190734863,11030,0.0,0.0,0.0
2025-05-20 02:15:00+00:00,13.050000190734863,13.050000190734863,13.020000457763672,13.020000457763672,13076,0.0,0.0,0.0
2025-05-20 02:20:00+00:00,13.020000457763672,13.020000457763672,13.010000228881836,13.010000228881836,17524,0.0,0.0,0.0
2025-05-20 02:25:00+00:00,13.010000228881836,13.010000228881836,13.0,13.010000228881836,29353,0.0,0.0,0.0
2025-05-20 02:30:00+00:00,13.010000228881836,13.020000457763672,13.010000228881836,13.020000457763672,7061,0.0,0.0,0.0
2025-05-20 02:35:00+00:00,13.010000228881836,13.029999732971191,13.010000228881836,13.029999732971191,85030,0.0,0.0,0.0
2025-05-20 02:40:00+00:00,13.029999732971191,13.039999961853027,13.029999732971191,13.039999961853027,20258,0.0,0.0,0.0
2025-05-20 02:45:00+00:00,13.039999961853027,13.039999961853027,13.029999732971191,13.029999732971191,2068,0.0,0.0,0.0
2025-05-20 02:50:00+00:00,13.029999732971191,13.029999732971191,13.020000457763672,13.029999732971191,35059,0.0,0.0,0.0
2025-05-20 02:55:00+00:00,13.029999732971191,13.029999732971191,13.029999732971191,13.029999732971191,2022,0.0,0.0,0.0
2025-05-20 03:00:00+00:00,13.029999732971191,13.029999732971191,13.029999732971191,13.029999732971191,3455,0.0,0.0,0.0
2025-05-20 03:05:00+00:00,13.039999961853027,13.039999961853027,13.029999732971191,13.029999732971191,18064,0.0,0.0,0.0
2025-05-20 03:10:00+00:00,13.020000457763672,13.020000457763672,13.0,13.010000228881836,17376,0.0,0.0,0.0
2025-05-20 03:15:00+00:00,13.0,13.0,12.989999771118164,12.989999771118164,84181,0.0,0.0,0.0
2025-05-20 03:20:00+00:00,12.989999771118164,13.0,12.989999771118164,13.0,29182,0.0,0.0,0.0
2025-05-20 03:25:00+00:00,12.989999771118164,13.0,12.989999771118164,13.0,6061,0.0,0.0,0.0
2025-05-20 03:30:00+00:00,13.0,13.0,13.0,13.0,12034,0.0,0.0,0.0
2025-05-20 03:35:00+00:00,12.989999771118164,13.0,12.989999771118164,13.0,16024,0.0,0.0,0.0
2025-05-20 03:40:00+00:00,13.0,13.0,12.989999771118164,12.989999771118164,45038,0.0,0.0,0.0
2025-05-20 03:45:00+00:00,12.989999771118164,13.0,12.989999771118164,13.0,3215,0.0,0.0,0.0
2025-05-20 03:50:00+00:00,13.0,13.0,12.989999771118164,12.989999771118164,12069,0.0,0.0,0.0
2025-05-20 03:55:00+00:00,12.989999771118164,12.989999771118164,12.989999771118164,12.989999771118164,8034,0.0,0.0,0.0
2025-05-20 04:00:00+00:00,12.989999771118164,13.0,12.989999771118164,13.0,5183,0.0,0.0,0.0
2025-05-20 04:05:00+00:00,12.989999771118164,12.989999771118164,12.989999771118164,12.989999771118164,8310,0.0,0.0,0.0
2025-05-20 04:10:00+00:00,12.989999771118164,12.989999771118164,12.970000267028809,12.970000267028809,17907,0.0,0.0,0.0
2025-05-20 04:15:00+00:00,12.970000267028809,12.979999542236328,12.970000267028809,12.970000267028809,4069,0.0,0.0,0.0
2025-05-20 04:20:00+00:00,12.970000267028809,12.970000267028809,12.970000267028809,12.970000267028809,13216,0.0,0.0,0.0
2025-05-20 04:25:00+00:00,12.970000267028809,12.970000267028809,12.970000267028809,12.970000267028809,11035,0.0,0.0,0.0
2025-05-20 04:30:00+00:00,12.970000267028809,12.970000267028809,12.960000038146973,12.960000038146973,13147,0.0,0.0,0.0
2025-05-20 04:35:00+00:00,12.960000038146973,12.960000038146973,12.960000038146973,12.960000038146973,9416,0.0,0.0,0.0
2025-05-20 04:40:00+00:00,12.960000038146973,12.960000038146973,12.960000038146973,12.960000038146973,43713,0.0,0.0,0.0
2025-05-20 04:45:00+00:00,12.960000038146973,12.960000038146973,12.960000038146973,12.960000038146973,3273,0.0,0.0,0.0
2025-05-20 04:50:00+00:00,12.960000038146973,12.960000038146973,12.949999809265137,12.949999809265137,31084,0.0,0.0,0.0
2025-05-20 04:55:00+00:00,12.960000038146973,12.970000267028809,12.960000038146973,12.960000038146973,12307,0.0,0.0,0.0
2025-05-20 05:00:00+00:00,12.960000038146973,12.960000038146973,12.960000038146973,12.960000038146973,21393,0.0,0.0,0.0
2025-05-20 05:05:00+00:00,12.970000267028809,12.970000267028809,12.970000267028809,12.970000267028809,31271,0.0,0.0,0.0
2025-05-20 05:10:00+00:00,12.970000267028809,12.979999542236328,12.970000267028809,12.979999542236328,11700,0.0,0.0,0.0
2025-05-20 05:15:00+00:00,12.979999542236328,12.989999771118164,12.970000267028809,12.989999771118164,124977,0.0,0.0,0.0
2025-05-20 05:20:00+00:00,12.979999542236328,12.979999542236328,12.960000038146973,12.960000038146973,13678,0.0,0.0,0.0
2025-05-21 01:00:00+00:00,12.989999771118164,13.029999732971191,12.989999771118164,13.029999732971191,0,0.0,0.0,0.0
2025-05-21 01:05:00+00:00,13.050000190734863,13.069999694824219,13.039999961853027,13.050000190734863,82690,0.0,0.0,0.0
2025-05-21 01:10:00+00:00,13.039999961853027,13.069999694824219,13.039999961853027,13.069999694824219,43069,0.0,0.0,0.0
2025-05-21 01:15:00+00:00,13.069999694824219,13.069999694824219,13.069999694824219,13.069999694824219,22334,0.0,0.0,0.0
2025-05-21 01:20:00+00:00,13.069999694824219,13.069999694824219,13.0600004196167,13.0600004196167,56102,0.0,0.0,0.0
2025-05-21 01:25:00+00:00,13.050000190734863,13.050000190734863,13.050000190734863,13.050000190734863,11412,0.0,0.0,0.0
2025-05-21 01:30:00+00:00,13.0600004196167,13.0600004196167,13.050000190734863,13.050000190734863,13497,0.0,0.0,0.0
2025-05-21 01:35:00+00:00,13.039999961853027,13.039999961853027,13.039999961853027,13.039999961853027,15350,0.0,0.0,0.0
2025-05-21 01:40:00+00:00,13.039999961853027,13.050000190734863,13.029999732971191,13.050000190734863,115387,0.0,0.0,0.0
2025-05-21 01:45:00+00:00,13.050000190734863,13.050000190734863,13.039999961853027,13.039999961853027,150172,0.0,0.0,0.0
2025-05-21 01:50:00+00:00,13.050000190734863,13.0600004196167,13.050000190734863,13.050000190734863,9072,0.0,0.0,0.0
2025-05-21 01:55:00+00:00,13.050000190734863,13.050000190734863,13.050000190734863,13.050000190734863,28623,0.0,0.0,0.0
2025-05-21 02:00:00+00:00,13.029999732971191,13.050000190734863,13.029999732971191,13.029999732971191,8832,0.0,0.0,0.0
2025-05-21 02:05:00+00:00,13.029999732971191,13.029999732971191,13.029999732971191,13.029999732971191,109054,0.0,0.0,0.0
2025-05-21 02:10:00+00:00,13.029999732971191,13.050000190734863,13.029999732971191,13.050000190734863,48039,0.0,0.0,0.0
2025-05-21 02:15:00+00:00,13.0600004196167,13.0600004196167,13.0600004196167,13.0600004196167,10871,0.0,0.0,0.0
2025-05-21 02:20:00+00:00,13.050000190734863,13.050000190734863,13.050000190734863,13.050000190734863,21175,0.0,0.0,0.0
2025-05-21 02:25:00+00:00,13.039999961853027,13.039999961853027,13.039999961853027,13.039999961853027,12587,0.0,0.0,0.0
2025-05-21 02:30:00+00:00,13.039999961853027,13.039999961853027,13.039999961853027,13.039999961853027,43062,0.0,0.0,0.0
2025-05-21 02:35:00+00:00,13.050000190734863,13.0600004196167,13.050000190734863,13.0600004196167,25561,0.0,0.0,0.0
2025-05-21 02:40:00+00:00,13.0600004196167,13.069999694824219,13.0600004196167,13.069999694824219,103128,0.0,0.0,0.0
2025-05-21 02:45:00+00:00,13.0600004196167,13.079999923706055,13.0600004196167,13.079999923706055,202082,0.0,0.0,0.0
2025-05-21 02:50:00+00:00,13.079999923706055,13.079999923706055,13.079999923706055,13.079999923706055,23546,0.0,0.0,0.0
2025-05-21 02:55:00+00:00,13.069999694824219,13.069999694824219,13.069999694824219,13.069999694824219,7023,0.0,0.0,0.0
2025-05-21 03:00:00+00:00,13.069999694824219,13.079999923706055,13.0600004196167,13.079999923706055,173076,0.0,0.0,0.0
2025-05-21 03:05:00+00:00,13.09000015258789,13.09000015258789,13.09000015258789,13.09000015258789,59288,0.0,0.0,0.0
2025-05-21 03:10:00+00:00,13.100000381469727,13.100000381469727,13.100000381469727,13.100000381469727,123465,0.0,0.0,0.0
2025-05-21 03:15:00+00:00,13.100000381469727,13.100000381469727,13.09000015258789,13.09000015258789,20049,0.0,0.0,0.0
2025-05-21 03:20:00+00:00,13.09000015258789,13.09000015258789,13.079999923706055,13.079999923706055,12044,0.0,0.0,0.0
2025-05-21 03:25:00+00:00,13.079999923706055,13.09000015258789,13.069999694824219,13.09000015258789,26271,0.0,0.0,0.0
2025-05-21 03:30:00+00:00,13.069999694824219,13.069999694824219,13.069999694824219,13.069999694824219,1602,0.0,0.0,0.0
2025-05-21 03:35:00+00:00,13.09000015258789,13.09000015258789,13.09000015258789,13.09000015258789,20010,0.0,0.0,0.0
2025-05-21 03:40:00+00:00,13.09000015258789,13.100000381469727,13.09000015258789,13.100000381469727,26220,0.0,0.0,0.0
2025-05-21 03:45:00+00:00,13.100000381469727,13.100000381469727,13.100000381469727,13.100000381469727,2621,0.0,0.0,0.0
2025-05-21 03:50:00+00:00,13.09000015258789,13.09000015258789,13.079999923706055,13.09000015258789,33040,0.0,0.0,0.0
2025-05-21 03:55:00+00:00,13.09000015258789,13.09000015258789,13.079999923706055,13.079999923706055,13239,0.0,0.0,0.0
2025-05-21 04:00:00+00:00,13.079999923706055,13.079999923706055,13.079999923706055,13.079999923706055,1017,0.0,0.0,0.0
2025-05-21 04:05:00+00:00,13.079999923706055,13.09000015258789,13.079999923706055,13.079999923706055,37063,0.0,0.0,0.0
2025-05-21 04:10:00+00:00,13.079999923706055,13.079999923706055,13.079999923706055,13.079999923706055,21287,0.0,0.0,0.0
2025-05-21 04:15:00+00:00,13.079999923706055,13.09000015258789,13.079999923706055,13.079999923706055,10815,0.0,0.0,0.0
2025-05-21 04:20:00+00:00,13.079999923706055,13.079999923706055,13.079999923706055,13.079999923706055,35103,0.0,0.0,0.0
2025-05-21 04:25:00+00:00,13.079999923706055,13.079999923706055,13.079999923706055,13.079999923706055,30047,0.0,0.0,0.0
2025-05-21 04:30:00+00:00,13.09000015258789,13.09000015258789,13.079999923706055,13.09000015258789,62028,0.0,0.0,0.0
2025-05-21 04:35:00+00:00,13.09000015258789,13.09000015258789,13.09000015258789,13.09000015258789,28020,0.0,0.0,0.0
2025-05-21 04:40:00+00:00,13.09000015258789,13.09000015258789,13.09000015258789,13.09000015258789,19135,0.0,0.0,0.0
2025-05-21 04:45:00+00:00,13.09000015258789,13.09000015258789,13.09000015258789,13.09000015258789,23235,0.0,0.0,0.0
2025-05-21 04:50:00+00:00,13.09000015258789,13.100000381469727,13.09000015258789,13.100000381469727,13000,0.0,0.0,0.0
2025-05-21 04:55:00+00:00,13.100000381469727,13.100000381469727,13.09000015258789,13.100000381469727,13216,0.0,0.0,0.0
2025-05-21 05:00:00+00:00,13.100000381469727,13.109999656677246,13.100000381469727,13.109999656677246,164033,0.0,0.0,0.0
2025-05-21 05:05:00+00:00,13.109999656677246,13.119999885559082,13.109999656677246,13.119999885559082,96137,0.0,0.0,0.0
2025-05-21 05:10:00+00:00,13.119999885559082,13.119999885559082,13.119999885559082,13.119999885559082,12494,0.0,0.0,0.0
2025-05-21 05:15:00+00:00,13.119999885559082,13.140000343322754,13.119999885559082,13.140000343322754,156632,0.0,0.0,0.0
2025-05-21 05:20:00+00:00,13.130000114440918,13.140000343322754,13.130000114440918,13.140000343322754,34691,0.0,0.0,0.0
2025-05-22 01:00:00+00:00,13.069999694824219,13.069999694824219,12.989999771118164,13.020000457763672,0,0.0,0.0,0.0
2025-05-22 01:05:00+00:00,13.020000457763672,13.020000457763672,13.020000457763672,13.020000457763672,22849,0.0,0.0,0.0
2025-05-22 01:10:00+00:00,13.020000457763672,13.050000190734863,13.020000457763672,13.050000190734863,25846,0.0,0.0,0.0
2025-05-22 01:15:00+00:00,13.050000190734863,13.050000190734863,13.029999732971191,13.029999732971191,16612,0.0,0.0,0.0
2025-05-22 01:20:00+00:00,13.020000457763672,13.020000457763672,13.010000228881836,13.020000457763672,22659,0.0,0.0,0.0
2025-05-22 01:25:00+00:00,13.020000457763672,13.050000190734863,13.020000457763672,13.050000190734863,87112,0.0,0.0,0.0
2025-05-22 01:30:00+00:00,13.050000190734863,13.050000190734863,13.050000190734863,13.050000190734863,40035,0.0,0.0,0.0
2025-05-22 01:35:00+00:00,13.050000190734863,13.050000190734863,13.039999961853027,13.050000190734863,32126,0.0,0.0,0.0
2025-05-22 01:40:00+00:00,13.050000190734863,13.050000190734863,13.039999961853027,13.039999961853027,7738,0.0,0.0,0.0
2025-05-22 01:45:00+00:00,13.039999961853027,13.039999961853027,13.029999732971191,13.029999732971191,230173,0.0,0.0,0.0
2025-05-22 01:50:00+00:00,13.020000457763672,13.020000457763672,13.020000457763672,13.020000457763672,16046,0.0,0.0,0.0
2025-05-22 01:55:00+00:00,13.020000457763672,13.020000457763672,13.0,13.0,21698,0.0,0.0,0.0
2025-05-22 02:00:00+00:00,13.0,13.010000228881836,12.989999771118164,13.0,38900,0.0,0.0,0.0
2025-05-22 02:05:00+00:00,12.989999771118164,13.010000228881836,12.989999771118164,13.010000228881836,17058,0.0,0.0,0.0
2025-05-22 02:10:00+00:00,13.010000228881836,13.010000228881836,13.010000228881836,13.010000228881836,7034,0.0,0.0,0.0
2025-05-22 02:15:00+00:00,13.010000228881836,13.029999732971191,13.010000228881836,13.020000457763672,20146,0.0,0.0,0.0
2025-05-22 02:20:00+00:00,13.020000457763672,13.029999732971191,13.020000457763672,13.029999732971191,12216,0.0,0.0,0.0
2025-05-22 02:25:00+00:00,13.039999961853027,13.039999961853027,13.039999961853027,13.039999961853027,21005,0.0,0.0,0.0
2025-05-22 02:30:00+00:00,13.050000190734863,13.050000190734863,13.050000190734863,13.050000190734863,2058,0.0,0.0,0.0
2025-05-22 02:35:00+00:00,13.039999961853027,13.039999961853027,13.039999961853027,13.039999961853027,4051,0.0,0.0,0.0
2025-05-22 02:40:00+00:00,13.039999961853027,13.0600004196167,13.039999961853027,13.0600004196167,51028,0.0,0.0,0.0
2025-05-22 02:45:00+00:00,13.0600004196167,13.0600004196167,13.039999961853027,13.039999961853027,6514,0.0,0.0,0.0
2025-05-22 02:50:00+00:00,13.039999961853027,13.050000190734863,13.039999961853027,13.050000190734863,9328,0.0,0.0,0.0
2025-05-22 02:55:00+00:00,13.039999961853027,13.039999961853027,13.039999961853027,13.039999961853027,18036,0.0,0.0,0.0
2025-05-22 03:00:00+00:00,13.039999961853027,13.050000190734863,13.039999961853027,13.050000190734863,6092,0.0,0.0,0.0
2025-05-22 03:10:00+00:00,13.039999961853027,13.039999961853027,13.039999961853027,13.039999961853027,9257,0.0,0.0,0.0
2025-05-22 03:15:00+00:00,13.039999961853027,13.050000190734863,13.039999961853027,13.050000190734863,31030,0.0,0.0,0.0
2025-05-22 03:20:00+00:00,13.050000190734863,13.050000190734863,13.050000190734863,13.050000190734863,1723,0.0,0.0,0.0
2025-05-22 03:25:00+00:00,13.0600004196167,13.0600004196167,13.0600004196167,13.0600004196167,16018,0.0,0.0,0.0
2025-05-22 03:30:00+00:00,13.0600004196167,13.069999694824219,13.0600004196167,13.069999694824219,20544,0.0,0.0,0.0
2025-05-22 03:35:00+00:00,13.079999923706055,13.079999923706055,13.079999923706055,13.079999923706055,22298,0.0,0.0,0.0
2025-05-22 03:40:00+00:00,13.079999923706055,13.09000015258789,13.079999923706055,13.09000015258789,2134,0.0,0.0,0.0
2025-05-22 03:45:00+00:00,13.079999923706055,13.09000015258789,13.079999923706055,13.09000015258789,20101,0.0,0.0,0.0
2025-05-22 03:50:00+00:00,13.09000015258789,13.100000381469727,13.09000015258789,13.100000381469727,13060,0.0,0.0,0.0
2025-05-22 03:55:00+00:00,13.09000015258789,13.09000015258789,13.09000015258789,13.09000015258789,2011,0.0,0.0,0.0
2025-05-22 04:00:00+00:00,13.09000015258789,13.100000381469727,13.09000015258789,13.100000381469727,5075,0.0,0.0,0.0
2025-05-22 04:05:00+00:00,13.079999923706055,13.079999923706055,13.079999923706055,13.079999923706055,4026,0.0,0.0,0.0
2025-05-22 04:10:00+00:00,13.079999923706055,13.079999923706055,13.079999923706055,13.079999923706055,6779,0.0,0.0,0.0
2025-05-22 04:20:00+00:00,13.079999923706055,13.079999923706055,13.079999923706055,13.079999923706055,24014,0.0,0.0,0.0
2025-05-22 04:25:00+00:00,13.079999923706055,13.079999923706055,13.079999923706055,13.079999923706055,4107,0.0,0.0,0.0
2025-05-22 04:30:00+00:00,13.079999923706055,13.09000015258789,13.079999923706055,13.079999923706055,78084,0.0,0.0,0.0
2025-05-22 04:35:00+00:00,13.09000015258789,13.09000015258789,13.09000015258789,13.09000015258789,39020,0.0,0.0,0.0
2025-05-22 04:40:00+00:00,13.09000015258789,13.09000015258789,13.079999923706055,13.079999923706055,3300,0.0,0.0,0.0
2025-05-22 04:45:00+00:00,13.069999694824219,13.069999694824219,13.069999694824219,13.069999694824219,13469,0.0,0.0,0.0
2025-05-22 04:50:00+00:00,13.069999694824219,13.069999694824219,13.069999694824219,13.069999694824219,21020,0.0,0.0,0.0
2025-05-22 04:55:00+00:00,13.069999694824219,13.069999694824219,13.069999694824219,13.069999694824219,16223,0.0,0.0,0.0
2025-05-22 05:00:00+00:00,13.069999694824219,13.079999923706055,13.069999694824219,13.069999694824219,15140,0.0,0.0,0.0
2025-05-22 05:05:00+00:00,13.069999694824219,13.069999694824219,13.069999694824219,13.069999694824219,8578,0.0,0.0,0.0
2025-05-22 05:10:00+00:00,13.069999694824219,13.079999923706055,13.069999694824219,13.079999923706055,126312,0.0,0.0,0.0
2025-05-22 05:15:00+00:00,13.079999923706055,13.079999923706055,13.079999923706055,13.079999923706055,5704,0.0,0.0,0.0
2025-05-22 05:20:00+00:00,13.079999923706055,13.079999923706055,13.079999923706055,13.079999923706055,19083,0.0,0.0,0.0
2025-05-23 01:00:00+00:00,13.1899995803833,13.199999809265137,13.15999984741211,13.170000076293945,0,0.0,0.0,0.0
2025-05-23 01:05:00+00:00,13.15999984741211,13.170000076293945,13.149999618530273,13.149999618530273,112000,0.0,0.0,0.0
2025-05-23 01:10:00+00:00,13.140000343322754,13.149999618530273,13.140000343322754,13.149999618530273,81348,0.0,0.0,0.0
2025-05-23 01:15:00+00:00,13.140000343322754,13.15999984741211,13.140000343322754,13.15999984741211,34165,0.0,0.0,0.0
2025-05-23 01:20:00+00:00,13.149999618530273,13.149999618530273,13.109999656677246,13.119999885559082,30716,0.0,0.0,0.0
2025-05-23 01:25:00+00:00,13.119999885559082,13.119999885559082,13.119999885559082,13.119999885559082,1069,0.0,0.0,0.0
2025-05-23 01:30:00+00:00,13.119999885559082,13.119999885559082,13.109999656677246,13.119999885559082,11125,0.0,0.0,0.0
2025-05-23 01:35:00+00:00,13.100000381469727,13.100000381469727,13.09000015258789,13.100000381469727,34538,0.0,0.0,0.0
2025-05-23 01:40:00+00:00,13.09000015258789,13.100000381469727,13.079999923706055,13.079999923706055,21102,0.0,0.0,0.0
2025-05-23 01:45:00+00:00,13.100000381469727,13.100000381469727,13.079999923706055,13.09000015258789,86346,0.0,0.0,0.0
2025-05-23 01:50:00+00:00,13.109999656677246,13.109999656677246,13.100000381469727,13.100000381469727,5021,0.0,0.0,0.0
2025-05-23 01:55:00+00:00,13.100000381469727,13.100000381469727,13.079999923706055,13.079999923706055,26010,0.0,0.0,0.0
2025-05-23 02:00:00+00:00,13.079999923706055,13.09000015258789,13.079999923706055,13.079999923706055,17912,0.0,0.0,0.0
2025-05-23 02:05:00+00:00,13.079999923706055,13.079999923706055,13.069999694824219,13.069999694824219,14405,0.0,0.0,0.0
2025-05-23 02:10:00+00:00,13.069999694824219,13.069999694824219,13.069999694824219,13.069999694824219,1006,0.0,0.0,0.0
2025-05-23 02:15:00+00:00,13.069999694824219,13.079999923706055,13.069999694824219,13.069999694824219,14392,0.0,0.0,0.0
2025-05-23 02:20:00+00:00,13.079999923706055,13.079999923706055,13.069999694824219,13.069999694824219,19116,0.0,0.0,0.0
2025-05-23 02:25:00+00:00,13.069999694824219,13.079999923706055,13.069999694824219,13.079999923706055,28825,0.0,0.0,0.0
2025-05-23 02:30:00+00:00,13.079999923706055,13.079999923706055,13.079999923706055,13.079999923706055,9128,0.0,0.0,0.0
2025-05-23 02:35:00+00:00,13.079999923706055,13.079999923706055,13.069999694824219,13.069999694824219,15022,0.0,0.0,0.0
2025-05-23 02:40:00+00:00,13.069999694824219,13.069999694824219,13.069999694824219,13.069999694824219,8019,0.0,0.0,0.0
2025-05-23 02:45:00+00:00,13.079999923706055,13.079999923706055,13.069999694824219,13.069999694824219,10189,0.0,0.0,0.0
2025-05-23 02:50:00+00:00,13.069999694824219,13.069999694824219,13.069999694824219,13.069999694824219,5225,0.0,0.0,0.0
2025-05-23 02:55:00+00:00,13.0600004196167,13.069999694824219,13.0600004196167,13.069999694824219,6254,0.0,0.0,0.0
2025-05-23 03:00:00+00:00,13.069999694824219,13.069999694824219,13.0600004196167,13.069999694824219,5118,0.0,0.0,0.0
2025-05-23 03:05:00+00:00,13.069999694824219,13.069999694824219,13.069999694824219,13.069999694824219,2034,0.0,0.0,0.0
2025-05-23 03:10:00+00:00,13.069999694824219,13.069999694824219,13.0600004196167,13.0600004196167,11018,0.0,0.0,0.0
2025-05-23 03:15:00+00:00,13.069999694824219,13.069999694824219,13.069999694824219,13.069999694824219,2082,0.0,0.0,0.0
2025-05-23 03:20:00+00:00,13.0600004196167,13.069999694824219,13.0600004196167,13.069999694824219,7023,0.0,0.0,0.0
2025-05-23 03:25:00+00:00,13.069999694824219,13.069999694824219,13.0600004196167,13.069999694824219,7021,0.0,0.0,0.0
2025-05-23 03:30:00+00:00,13.069999694824219,13.069999694824219,13.069999694824219,13.069999694824219,4074,0.0,0.0,0.0
2025-05-23 03:40:00+00:00,13.069999694824219,13.069999694824219,13.0600004196167,13.0600004196167,6002,0.0,0.0,0.0
2025-05-23 03:45:00+00:00,13.0600004196167,13.069999694824219,13.0600004196167,13.0600004196167,13013,0.0,0.0,0.0
2025-05-23 03:50:00+00:00,13.0600004196167,13.0600004196167,13.050000190734863,13.050000190734863,17264,0.0,0.0,0.0
2025-05-23 03:55:00+00:00,13.050000190734863,13.050000190734863,13.039999961853027,13.039999961853027,33298,0.0,0.0,0.0
2025-05-23 04:00:00+00:00,13.039999961853027,13.050000190734863,13.039999961853027,13.039999961853027,56770,0.0,0.0,0.0
2025-05-23 04:05:00+00:00,13.039999961853027,13.050000190734863,13.039999961853027,13.050000190734863,4205,0.0,0.0,0.0
2025-05-23 04:10:00+00:00,13.039999961853027,13.039999961853027,13.029999732971191,13.039999961853027,108623,0.0,0.0,0.0
2025-05-23 04:15:00+00:00,13.029999732971191,13.039999961853027,13.029999732971191,13.039999961853027,5054,0.0,0.0,0.0
2025-05-23 04:20:00+00:00,13.029999732971191,13.029999732971191,13.020000457763672,13.020000457763672,45078,0.0,0.0,0.0
2025-05-23 04:25:00+00:00,13.020000457763672,13.020000457763672,13.010000228881836,13.010000228881836,28794,0.0,0.0,0.0
2025-05-23 04:30:00+00:00,13.020000457763672,13.020000457763672,13.0,13.0,46550,0.0,0.0,0.0
2025-05-23 04:35:00+00:00,13.020000457763672,13.020000457763672,13.020000457763672,13.020000457763672,52310,0.0,0.0,0.0
2025-05-23 04:40:00+00:00,13.020000457763672,13.020000457763672,13.010000228881836,13.020000457763672,36386,0.0,0.0,0.0
2025-05-23 04:45:00+00:00,13.020000457763672,13.020000457763672,13.010000228881836,13.010000228881836,25160,0.0,0.0,0.0
2025-05-23 04:50:00+00:00,13.010000228881836,13.010000228881836,13.0,13.010000228881836,40850,0.0,0.0,0.0
2025-05-23 04:55:00+00:00,13.0,13.010000228881836,13.0,13.010000228881836,9566,0.0,0.0,0.0
2025-05-23 05:00:00+00:00,13.0,13.010000228881836,13.0,13.010000228881836,47480,0.0,0.0,0.0
2025-05-23 05:05:00+00:00,13.029999732971191,13.029999732971191,13.020000457763672,13.020000457763672,2110,0.0,0.0,0.0
2025-05-23 05:10:00+00:00,13.020000457763672,13.029999732971191,13.020000457763672,13.029999732971191,12554,0.0,0.0,0.0
2025-05-23 05:15:00+00:00,13.029999732971191,13.029999732971191,13.020000457763672,13.020000457763672,19816,0.0,0.0,0.0
2025-05-23 05:20:00+00:00,13.029999732971191,13.039999961853027,13.020000457763672,13.029999732971191,61663,0.0,0.0,0.0
2025-05-26 01:00:00+00:00,13.0600004196167,13.0600004196167,13.0,13.0,0,0.0,0.0,0.0
2025-05-26 01:05:00+00:00,13.0,13.039999961853027,13.0,13.039999961853027,209364,0.0,0.0,0.0
2025-05-26 01:10:00+00:00,13.039999961853027,13.050000190734863,13.029999732971191,13.039999961853027,46788,0.0,0.0,0.0
2025-05-26 01:15:00+00:00,13.050000190734863,13.069999694824219,13.039999961853027,13.069999694824219,51215,0.0,0.0,0.0
2025-05-26 01:20:00+00:00,13.069999694824219,13.069999694824219,13.050000190734863,13.050000190734863,17891,0.0,0.0,0.0
2025-05-26 01:25:00+00:00,13.039999961853027,13.050000190734863,13.029999732971191,13.039999961853027,70525,0.0,0.0,0.0
2025-05-26 01:30:00+00:00,13.039999961853027,13.039999961853027,13.010000228881836,13.020000457763672,21048,0.0,0.0,0.0
2025-05-26 01:35:00+00:00,13.020000457763672,13.020000457763672,13.010000228881836,13.020000457763672,8477,0.0,0.0,0.0
2025-05-26 01:40:00+00:00,13.020000457763672,13.020000457763672,13.010000228881836,13.020000457763672,13237,0.0,0.0,0.0
2025-05-26 01:45:00+00:00,13.020000457763672,13.029999732971191,13.010000228881836,13.029999732971191,40626,0.0,0.0,0.0
2025-05-26 01:50:00+00:00,13.029999732971191,13.029999732971191,13.029999732971191,13.029999732971191,36058,0.0,0.0,0.0
2025-05-26 01:55:00+00:00,13.029999732971191,13.039999961853027,13.029999732971191,13.039999961853027,14198,0.0,0.0,0.0
2025-05-26 02:00:00+00:00,13.039999961853027,13.050000190734863,13.039999961853027,13.050000190734863,43279,0.0,0.0,0.0
2025-05-26 02:05:00+00:00,13.0600004196167,13.069999694824219,13.0600004196167,13.069999694824219,29058,0.0,0.0,0.0
2025-05-26 02:10:00+00:00,13.0600004196167,13.069999694824219,13.0600004196167,13.0600004196167,8927,0.0,0.0,0.0
2025-05-26 02:15:00+00:00,13.069999694824219,13.069999694824219,13.050000190734863,13.069999694824219,53911,0.0,0.0,0.0
2025-05-26 02:20:00+00:00,13.069999694824219,13.069999694824219,13.069999694824219,13.069999694824219,2287,0.0,0.0,0.0
2025-05-26 02:25:00+00:00,13.050000190734863,13.050000190734863,13.039999961853027,13.039999961853027,8085,0.0,0.0,0.0
2025-05-26 02:30:00+00:00,13.039999961853027,13.050000190734863,13.039999961853027,13.050000190734863,7172,0.0,0.0,0.0
2025-05-26 02:35:00+00:00,13.039999961853027,13.039999961853027,13.039999961853027,13.039999961853027,3163,0.0,0.0,0.0
2025-05-26 02:40:00+00:00,13.039999961853027,13.039999961853027,13.029999732971191,13.029999732971191,4073,0.0,0.0,0.0
2025-05-26 02:45:00+00:00,13.039999961853027,13.039999961853027,13.039999961853027,13.039999961853027,5147,0.0,0.0,0.0
2025-05-26 02:50:00+00:00,13.029999732971191,13.039999961853027,13.029999732971191,13.029999732971191,10113,0.0,0.0,0.0
2025-05-26 02:55:00+00:00,13.039999961853027,13.039999961853027,13.039999961853027,13.039999961853027,3158,0.0,0.0,0.0
2025-05-26 03:00:00+00:00,13.029999732971191,13.050000190734863,13.029999732971191,13.050000190734863,20172,0.0,0.0,0.0
2025-05-26 03:05:00+00:00,13.050000190734863,13.050000190734863,13.050000190734863,13.050000190734863,7563,0.0,0.0,0.0
2025-05-26 03:10:00+00:00,13.039999961853027,13.050000190734863,13.039999961853027,13.039999961853027,5119,0.0,0.0,0.0
2025-05-26 03:15:00+00:00,13.039999961853027,13.039999961853027,13.039999961853027,13.039999961853027,2222,0.0,0.0,0.0
2025-05-26 03:20:00+00:00,13.039999961853027,13.039999961853027,13.029999732971191,13.029999732971191,4058,0.0,0.0,0.0
2025-05-26 03:25:00+00:00,13.029999732971191,13.029999732971191,13.020000457763672,13.020000457763672,28053,0.0,0.0,0.0
2025-05-26 03:30:00+00:00,13.039999961853027,13.039999961853027,13.020000457763672,13.020000457763672,5153,0.0,0.0,0.0
2025-05-26 03:35:00+00:00,13.020000457763672,13.020000457763672,13.010000228881836,13.010000228881836,11141,0.0,0.0,0.0
2025-05-26 03:40:00+00:00,13.010000228881836,13.020000457763672,13.010000228881836,13.010000228881836,5024,0.0,0.0,0.0
2025-05-26 03:45:00+00:00,13.010000228881836,13.029999732971191,13.010000228881836,13.020000457763672,5081,0.0,0.0,0.0
2025-05-26 03:50:00+00:00,13.020000457763672,13.020000457763672,13.010000228881836,13.010000228881836,18135,0.0,0.0,0.0
2025-05-26 03:55:00+00:00,13.020000457763672,13.020000457763672,13.0,13.010000228881836,9302,0.0,0.0,0.0
2025-05-26 04:00:00+00:00,13.010000228881836,13.010000228881836,13.0,13.010000228881836,5035,0.0,0.0,0.0
2025-05-26 04:05:00+00:00,13.010000228881836,13.029999732971191,13.0,13.029999732971191,39710,0.0,0.0,0.0
2025-05-26 04:10:00+00:00,13.010000228881836,13.010000228881836,13.0,13.010000228881836,18631,0.0,0.0,0.0
2025-05-26 04:15:00+00:00,13.010000228881836,13.010000228881836,13.0,13.010000228881836,23183,0.0,0.0,0.0
2025-05-26 04:20:00+00:00,13.010000228881836,13.010000228881836,13.010000228881836,13.010000228881836,5016,0.0,0.0,0.0
2025-05-26 04:25:00+00:00,13.010000228881836,13.010000228881836,13.010000228881836,13.010000228881836,35092,0.0,0.0,0.0
2025-05-26 04:30:00+00:00,13.010000228881836,13.020000457763672,13.010000228881836,13.020000457763672,16370,0.0,0.0,0.0
2025-05-26 04:35:00+00:00,13.020000457763672,13.020000457763672,13.020000457763672,13.020000457763672,4469,0.0,0.0,0.0
2025-05-26 04:40:00+00:00,13.020000457763672,13.020000457763672,13.020000457763672,13.020000457763672,16518,0.0,0.0,0.0
2025-05-26 04:50:00+00:00,13.020000457763672,13.020000457763672,13.010000228881836,13.010000228881836,14578,0.0,0.0,0.0
2025-05-26 05:00:00+00:00,13.010000228881836,13.010000228881836,13.0,13.010000228881836,13056,0.0,0.0,0.0
2025-05-26 05:05:00+00:00,13.010000228881836,13.010000228881836,13.0,13.0,79435,0.0,0.0,0.0
2025-05-26 05:10:00+00:00,13.0,13.010000228881836,13.0,13.0,29235,0.0,0.0,0.0
2025-05-26 05:15:00+00:00,13.010000228881836,13.010000228881836,13.0,13.0,24829,0.0,0.0,0.0
2025-05-26 05:20:00+00:00,13.0,13.0,13.0,13.0,59420,0.0,0.0,0.0
2025-05-27 01:00:00+00:00,13.010000228881836,13.010000228881836,12.949999809265137,12.949999809265137,0,0.0,0.0,0.0
2025-05-27 01:05:00+00:00,12.949999809265137,12.979999542236328,12.949999809265137,12.960000038146973,14557,0.0,0.0,0.0
2025-05-27 01:10:00+00:00,12.960000038146973,12.960000038146973,12.949999809265137,12.949999809265137,46814,0.0,0.0,0.0
2025-05-27 01:15:00+00:00,12.949999809265137,12.960000038146973,12.949999809265137,12.949999809265137,88104,0.0,0.0,0.0
2025-05-27 01:20:00+00:00,12.960000038146973,12.960000038146973,12.949999809265137,12.949999809265137,12795,0.0,0.0,0.0
2025-05-27 01:25:00+00:00,12.949999809265137,12.979999542236328,12.949999809265137,12.979999542236328,16239,0.0,0.0,0.0
2025-05-27 01:30:00+00:00,12.989999771118164,12.989999771118164,12.979999542236328,12.979999542236328,8758,0.0,0.0,0.0
2025-05-27 01:35:00+00:00,12.979999542236328,12.979999542236328,12.979999542236328,12.979999542236328,10037,0.0,0.0,0.0
2025-05-27 01:40:00+00:00,12.979999542236328,12.979999542236328,12.970000267028809,12.970000267028809,14037,0.0,0.0,0.0
2025-05-27 01:45:00+00:00,12.970000267028809,12.979999542236328,12.960000038146973,12.979999542236328,6090,0.0,0.0,0.0
2025-05-27 01:50:00+00:00,12.960000038146973,12.960000038146973,12.9399995803833,12.9399995803833,100784,0.0,0.0,0.0
2025-05-27 01:55:00+00:00,12.9399995803833,12.9399995803833,12.899999618530273,12.899999618530273,136532,0.0,0.0,0.0
2025-05-27 02:00:00+00:00,12.899999618530273,12.899999618530273,12.890000343322754,12.890000343322754,36547,0.0,0.0,0.0
2025-05-27 02:05:00+00:00,12.890000343322754,12.899999618530273,12.890000343322754,12.890000343322754,6933,0.0,0.0,0.0
2025-05-27 02:10:00+00:00,12.890000343322754,12.890000343322754,12.869999885559082,12.869999885559082,89248,0.0,0.0,0.0
2025-05-27 02:15:00+00:00,12.880000114440918,12.890000343322754,12.880000114440918,12.890000343322754,20033,0.0,0.0,0.0
2025-05-27 02:20:00+00:00,12.890000343322754,12.890000343322754,12.880000114440918,12.880000114440918,53781,0.0,0.0,0.0
2025-05-27 02:25:00+00:00,12.890000343322754,12.890000343322754,12.890000343322754,12.890000343322754,5000,0.0,0.0,0.0
2025-05-27 02:30:00+00:00,12.890000343322754,12.899999618530273,12.890000343322754,12.899999618530273,60418,0.0,0.0,0.0
2025-05-27 02:35:00+00:00,12.920000076293945,12.920000076293945,12.920000076293945,12.920000076293945,2346,0.0,0.0,0.0
2025-05-27 02:40:00+00:00,12.90999984741211,12.920000076293945,12.90999984741211,12.920000076293945,7095,0.0,0.0,0.0
2025-05-27 02:45:00+00:00,12.920000076293945,12.920000076293945,12.90999984741211,12.90999984741211,11054,0.0,0.0,0.0
2025-05-27 02:50:00+00:00,12.899999618530273,12.899999618530273,12.899999618530273,12.899999618530273,1368,0.0,0.0,0.0
2025-05-27 02:55:00+00:00,12.920000076293945,12.920000076293945,12.920000076293945,12.920000076293945,4023,0.0,0.0,0.0
2025-05-27 03:00:00+00:00,12.920000076293945,12.920000076293945,12.920000076293945,12.920000076293945,6468,0.0,0.0,0.0
2025-05-27 03:05:00+00:00,12.90999984741211,12.90999984741211,12.90999984741211,12.90999984741211,3202,0.0,0.0,0.0
2025-05-27 03:10:00+00:00,12.90999984741211,12.90999984741211,12.899999618530273,12.899999618530273,18444,0.0,0.0,0.0
2025-05-27 03:15:00+00:00,12.90999984741211,12.90999984741211,12.890000343322754,12.890000343322754,6234,0.0,0.0,0.0
2025-05-27 03:20:00+00:00,12.899999618530273,12.899999618530273,12.890000343322754,12.899999618530273,3245,0.0,0.0,0.0
2025-05-27 03:25:00+00:00,12.899999618530273,12.899999618530273,12.899999618530273,12.899999618530273,3021,0.0,0.0,0.0
2025-05-27 03:30:00+00:00,12.899999618530273,12.899999618530273,12.890000343322754,12.890000343322754,12507,0.0,0.0,0.0
2025-05-27 03:35:00+00:00,12.899999618530273,12.899999618530273,12.890000343322754,12.890000343322754,4808,0.0,0.0,0.0
2025-05-27 03:40:00+00:00,12.890000343322754,12.890000343322754,12.890000343322754,12.890000343322754,2201,0.0,0.0,0.0
2025-05-27 03:45:00+00:00,12.890000343322754,12.890000343322754,12.890000343322754,12.890000343322754,3028,0.0,0.0,0.0
2025-05-27 03:50:00+00:00,12.890000343322754,12.890000343322754,12.890000343322754,12.890000343322754,6141,0.0,0.0,0.0
2025-05-27 03:55:00+00:00,12.880000114440918,12.890000343322754,12.880000114440918,12.880000114440918,55806,0.0,0.0,0.0
2025-05-27 04:00:00+00:00,12.880000114440918,12.880000114440918,12.859999656677246,12.869999885559082,47147,0.0,0.0,0.0
2025-05-27 04:05:00+00:00,12.869999885559082,12.869999885559082,12.859999656677246,12.869999885559082,20349,0.0,0.0,0.0
2025-05-27 04:10:00+00:00,12.869999885559082,12.869999885559082,12.859999656677246,12.869999885559082,17125,0.0,0.0,0.0
2025-05-27 04:15:00+00:00,12.869999885559082,12.869999885559082,12.859999656677246,12.859999656677246,9302,0.0,0.0,0.0
2025-05-27 04:20:00+00:00,12.869999885559082,12.869999885559082,12.850000381469727,12.850000381469727,73279,0.0,0.0,0.0
2025-05-27 04:25:00+00:00,12.859999656677246,12.859999656677246,12.850000381469727,12.850000381469727,24335,0.0,0.0,0.0
2025-05-27 04:30:00+00:00,12.859999656677246,12.869999885559082,12.850000381469727,12.850000381469727,34055,0.0,0.0,0.0
2025-05-27 04:35:00+00:00,12.859999656677246,12.859999656677246,12.850000381469727,12.850000381469727,9313,0.0,0.0,0.0
2025-05-27 04:40:00+00:00,12.850000381469727,12.859999656677246,12.850000381469727,12.850000381469727,52348,0.0,0.0,0.0
2025-05-27 04:45:00+00:00,12.859999656677246,12.859999656677246,12.84000015258789,12.84000015258789,74371,0.0,0.0,0.0
2025-05-27 04:50:00+00:00,12.859999656677246,12.859999656677246,12.84000015258789,12.850000381469727,14172,0.0,0.0,0.0
2025-05-27 04:55:00+00:00,12.850000381469727,12.859999656677246,12.850000381469727,12.859999656677246,51294,0.0,0.0,0.0
2025-05-27 05:00:00+00:00,12.859999656677246,12.869999885559082,12.859999656677246,12.869999885559082,24070,0.0,0.0,0.0
2025-05-27 05:05:00+00:00,12.869999885559082,12.869999885559082,12.869999885559082,12.869999885559082,8785,0.0,0.0,0.0
2025-05-27 05:10:00+00:00,12.859999656677246,12.869999885559082,12.859999656677246,12.859999656677246,7389,0.0,0.0,0.0
2025-05-27 05:15:00+00:00,12.869999885559082,12.869999885559082,12.859999656677246,12.869999885559082,14752,0.0,0.0,0.0
2025-05-27 05:20:00+00:00,12.869999885559082,12.869999885559082,12.859999656677246,12.859999656677246,55703,0.0,0.0,0.0
2025-05-28 01:00:00+00:00,12.989999771118164,13.079999923706055,12.989999771118164,13.050000190734863,0,0.0,0.0,0.0
2025-05-28 01:05:00+00:00,13.050000190734863,13.0600004196167,13.029999732971191,13.029999732971191,122275,0.0,0.0,0.0
2025-05-28 01:10:00+00:00,13.029999732971191,13.029999732971191,13.029999732971191,13.029999732971191,30227,0.0,0.0,0.0
2025-05-28 01:15:00+00:00,13.020000457763672,13.039999961853027,13.020000457763672,13.039999961853027,6253,0.0,0.0,0.0
2025-05-28 01:20:00+00:00,13.029999732971191,13.039999961853027,13.020000457763672,13.029999732971191,106027,0.0,0.0,0.0
2025-05-28 01:25:00+00:00,13.029999732971191,13.029999732971191,13.020000457763672,13.020000457763672,18234,0.0,0.0,0.0
2025-05-28 01:30:00+00:00,13.029999732971191,13.029999732971191,12.979999542236328,12.979999542236328,83961,0.0,0.0,0.0
2025-05-28 01:35:00+00:00,12.989999771118164,12.989999771118164,12.989999771118164,12.989999771118164,7213,0.0,0.0,0.0
2025-05-28 01:40:00+00:00,12.979999542236328,12.989999771118164,12.979999542236328,12.989999771118164,40148,0.0,0.0,0.0
2025-05-28 01:45:00+00:00,12.989999771118164,12.989999771118164,12.960000038146973,12.970000267028809,48925,0.0,0.0,0.0
2025-05-28 01:50:00+00:00,12.970000267028809,12.970000267028809,12.970000267028809,12.970000267028809,9135,0.0,0.0,0.0
2025-05-28 01:55:00+00:00,12.960000038146973,12.960000038146973,12.960000038146973,12.960000038146973,1079,0.0,0.0,0.0
2025-05-28 02:00:00+00:00,12.960000038146973,12.960000038146973,12.960000038146973,12.960000038146973,21241,0.0,0.0,0.0
2025-05-28 02:05:00+00:00,12.960000038146973,12.960000038146973,12.960000038146973,12.960000038146973,6211,0.0,0.0,0.0
2025-05-28 02:10:00+00:00,12.960000038146973,12.979999542236328,12.960000038146973,12.979999542236328,22521,0.0,0.0,0.0
2025-05-28 02:15:00+00:00,12.979999542236328,12.979999542236328,12.979999542236328,12.979999542236328,12043,0.0,0.0,0.0
2025-05-28 02:20:00+00:00,12.970000267028809,12.970000267028809,12.949999809265137,12.949999809265137,31817,0.0,0.0,0.0
2025-05-28 02:25:00+00:00,12.9399995803833,12.9399995803833,12.9399995803833,12.9399995803833,1061,0.0,0.0,0.0
2025-05-28 02:30:00+00:00,12.949999809265137,12.970000267028809,12.949999809265137,12.970000267028809,3134,0.0,0.0,0.0
2025-05-28 02:35:00+00:00,12.960000038146973,12.960000038146973,12.949999809265137,12.960000038146973,4223,0.0,0.0,0.0
2025-05-28 02:40:00+00:00,12.960000038146973,12.960000038146973,12.960000038146973,12.960000038146973,5033,0.0,0.0,0.0
2025-05-28 02:45:00+00:00,12.949999809265137,12.949999809265137,12.9399995803833,12.9399995803833,10583,0.0,0.0,0.0
2025-05-28 02:50:00+00:00,12.9399995803833,12.9399995803833,12.9399995803833,12.9399995803833,24081,0.0,0.0,0.0
2025-05-28 02:55:00+00:00,12.930000305175781,12.9399995803833,12.930000305175781,12.9399995803833,37318,0.0,0.0,0.0
2025-05-28 03:00:00+00:00,12.9399995803833,12.949999809265137,12.9399995803833,12.949999809265137,98028,0.0,0.0,0.0
2025-05-28 03:05:00+00:00,12.960000038146973,12.960000038146973,12.960000038146973,12.960000038146973,2162,0.0,0.0,0.0
2025-05-28 03:10:00+00:00,12.960000038146973,12.960000038146973,12.960000038146973,12.960000038146973,8017,0.0,0.0,0.0
2025-05-28 03:15:00+00:00,12.970000267028809,12.970000267028809,12.970000267028809,12.970000267028809,2350,0.0,0.0,0.0
2025-05-28 03:20:00+00:00,12.970000267028809,12.970000267028809,12.970000267028809,12.970000267028809,1222,0.0,0.0,0.0
2025-05-28 03:25:00+00:00,12.949999809265137,12.949999809265137,12.949999809265137,12.949999809265137,1029,0.0,0.0,0.0
2025-05-28 03:30:00+00:00,12.949999809265137,12.949999809265137,12.9399995803833,12.949999809265137,4010,0.0,0.0,0.0
2025-05-28 03:35:00+00:00,12.9399995803833,12.9399995803833,12.9399995803833,12.9399995803833,13108,0.0,0.0,0.0
2025-05-28 03:40:00+00:00,12.9399995803833,12.9399995803833,12.920000076293945,12.920000076293945,10941,0.0,0.0,0.0
2025-05-28 03:45:00+00:00,12.930000305175781,12.930000305175781,12.930000305175781,12.930000305175781,1487,0.0,0.0,0.0
2025-05-28 03:50:00+00:00,12.920000076293945,12.920000076293945,12.920000076293945,12.920000076293945,1975,0.0,0.0,0.0
2025-05-28 03:55:00+00:00,12.90999984741211,12.90999984741211,12.90999984741211,12.90999984741211,7434,0.0,0.0,0.0
2025-05-28 04:00:00+00:00,12.90999984741211,12.90999984741211,12.899999618530273,12.90999984741211,7022,0.0,0.0,0.0
2025-05-28 04:05:00+00:00,12.90999984741211,12.90999984741211,12.90999984741211,12.90999984741211,6006,0.0,0.0,0.0
2025-05-28 04:10:00+00:00,12.90999984741211,12.90999984741211,12.90999984741211,12.90999984741211,26510,0.0,0.0,0.0
2025-05-28 04:15:00+00:00,12.90999984741211,12.90999984741211,12.899999618530273,12.899999618530273,6090,0.0,0.0,0.0
2025-05-28 04:20:00+00:00,12.899999618530273,12.899999618530273,12.899999618530273,12.899999618530273,24160,0.0,0.0,0.0
2025-05-28 04:25:00+00:00,12.899999618530273,12.899999618530273,12.890000343322754,12.890000343322754,11419,0.0,0.0,0.0
2025-05-28 04:30:00+00:00,12.899999618530273,12.899999618530273,12.869999885559082,12.869999885559082,29765,0.0,0.0,0.0
2025-05-28 04:35:00+00:00,12.859999656677246,12.859999656677246,12.859999656677246,12.859999656677246,23104,0.0,0.0,0.0
2025-05-28 04:40:00+00:00,12.859999656677246,12.859999656677246,12.850000381469727,12.859999656677246,51896,0.0,0.0,0.0
2025-05-28 04:45:00+00:00,12.869999885559082,12.890000343322754,12.869999885559082,12.890000343322754,14078,0.0,0.0,0.0
2025-05-28 04:50:00+00:00,12.880000114440918,12.890000343322754,12.880000114440918,12.890000343322754,3082,0.0,0.0,0.0
2025-05-28 04:55:00+00:00,12.880000114440918,12.880000114440918,12.869999885559082,12.869999885559082,8503,0.0,0.0,0.0
2025-05-28 05:00:00+00:00,12.869999885559082,12.869999885559082,12.869999885559082,12.869999885559082,15540,0.0,0.0,0.0
2025-05-28 05:05:00+00:00,12.869999885559082,12.890000343322754,12.869999885559082,12.890000343322754,129646,0.0,0.0,0.0
2025-05-28 05:10:00+00:00,12.890000343322754,12.890000343322754,12.890000343322754,12.890000343322754,37431,0.0,0.0,0.0
2025-05-28 05:15:00+00:00,12.899999618530273,12.899999618530273,12.890000343322754,12.899999618530273,106461,0.0,0.0,0.0
2025-05-28 05:20:00+00:00,12.899999618530273,12.90999984741211,12.899999618530273,12.90999984741211,23563,0.0,0.0,0.0
2025-05-29 01:00:00+00:00,13.050000190734863,13.069999694824219,13.010000228881836,13.039999961853027,0,0.0,0.0,0.0
2025-05-29 01:05:00+00:00,13.010000228881836,13.010000228881836,12.970000267028809,12.970000267028809,174999,0.0,0.0,0.0
2025-05-29 01:10:00+00:00,12.989999771118164,12.989999771118164,12.949999809265137,12.960000038146973,85207,0.0,0.0,0.0
2025-05-29 01:15:00+00:00,12.960000038146973,12.960000038146973,12.960000038146973,12.960000038146973,119832,0.0,0.0,0.0
2025-05-29 01:20:00+00:00,12.949999809265137,12.960000038146973,12.949999809265137,12.960000038146973,54011,0.0,0.0,0.0
2025-05-29 01:25:00+00:00,12.960000038146973,12.970000267028809,12.960000038146973,12.970000267028809,2570,0.0,0.0,0.0
2025-05-29 01:30:00+00:00,12.970000267028809,12.970000267028809,12.960000038146973,12.970000267028809,66936,0.0,0.0,0.0
2025-05-29 01:35:00+00:00,12.979999542236328,12.989999771118164,12.979999542236328,12.989999771118164,32674,0.0,0.0,0.0
2025-05-29 01:40:00+00:00,13.0,13.010000228881836,13.0,13.010000228881836,29810,0.0,0.0,0.0
2025-05-29 01:45:00+00:00,13.010000228881836,13.010000228881836,13.0,13.0,36145,0.0,0.0,0.0
2025-05-29 01:50:00+00:00,13.0,13.0,12.989999771118164,12.989999771118164,14537,0.0,0.0,0.0
2025-05-29 01:55:00+00:00,12.970000267028809,12.989999771118164,12.970000267028809,12.989999771118164,5430,0.0,0.0,0.0
2025-05-29 02:00:00+00:00,12.989999771118164,13.0,12.989999771118164,12.989999771118164,8417,0.0,0.0,0.0
2025-05-29 02:05:00+00:00,12.979999542236328,12.979999542236328,12.979999542236328,12.979999542236328,29534,0.0,0.0,0.0
2025-05-29 02:15:00+00:00,12.979999542236328,12.979999542236328,12.970000267028809,12.970000267028809,15516,0.0,0.0,0.0
2025-05-29 02:20:00+00:00,12.970000267028809,12.970000267028809,12.970000267028809,12.970000267028809,4034,0.0,0.0,0.0
2025-05-29 02:25:00+00:00,12.960000038146973,12.960000038146973,12.949999809265137,12.960000038146973,22458,0.0,0.0,0.0
2025-05-29 02:30:00+00:00,12.960000038146973,12.970000267028809,12.949999809265137,12.949999809265137,64364,0.0,0.0,0.0
2025-05-29 02:35:00+00:00,12.949999809265137,12.949999809265137,12.949999809265137,12.949999809265137,2045,0.0,0.0,0.0
2025-05-29 02:40:00+00:00,12.970000267028809,12.970000267028809,12.960000038146973,12.970000267028809,7345,0.0,0.0,0.0
2025-05-29 02:45:00+00:00,12.970000267028809,12.970000267028809,12.960000038146973,12.960000038146973,12091,0.0,0.0,0.0
2025-05-29 02:50:00+00:00,12.960000038146973,12.960000038146973,12.960000038146973,12.960000038146973,10045,0.0,0.0,0.0
2025-05-29 02:55:00+00:00,12.960000038146973,12.970000267028809,12.949999809265137,12.949999809265137,17061,0.0,0.0,0.0
2025-05-29 03:00:00+00:00,12.970000267028809,12.970000267028809,12.960000038146973,12.970000267028809,31063,0.0,0.0,0.0
2025-05-29 03:05:00+00:00,12.960000038146973,12.970000267028809,12.949999809265137,12.949999809265137,18057,0.0,0.0,0.0
2025-05-29 03:10:00+00:00,12.949999809265137,12.970000267028809,12.949999809265137,12.970000267028809,75034,0.0,0.0,0.0
2025-05-29 03:15:00+00:00,12.979999542236328,12.979999542236328,12.979999542236328,12.979999542236328,1140,0.0,0.0,0.0
2025-05-29 03:20:00+00:00,12.979999542236328,12.979999542236328,12.970000267028809,12.970000267028809,19166,0.0,0.0,0.0
2025-05-29 03:25:00+00:00,12.979999542236328,12.979999542236328,12.979999542236328,12.979999542236328,42051,0.0,0.0,0.0
2025-05-29 03:30:00+00:00,12.989999771118164,12.989999771118164,12.989999771118164,12.989999771118164,10254,0.0,0.0,0.0
2025-05-29 03:35:00+00:00,12.989999771118164,13.0,12.989999771118164,12.989999771118164,12118,0.0,0.0,0.0
2025-05-29 03:40:00+00:00,12.979999542236328,12.979999542236328,12.979999542236328,12.979999542236328,2235,0.0,0.0,0.0
2025-05-29 03:45:00+00:00,12.979999542236328,12.979999542236328,12.979999542236328,12.979999542236328,2146,0.0,0.0,0.0
2025-05-29 03:50:00+00:00,12.970000267028809,12.979999542236328,12.970000267028809,12.970000267028809,6022,0.0,0.0,0.0
2025-05-29 03:55:00+00:00,12.979999542236328,12.979999542236328,12.979999542236328,12.979999542236328,2129,0.0,0.0,0.0
2025-05-29 04:00:00+00:00,12.970000267028809,12.979999542236328,12.970000267028809,12.979999542236328,19623,0.0,0.0,0.0
2025-05-29 04:05:00+00:00,12.979999542236328,12.979999542236328,12.979999542236328,12.979999542236328,2001,0.0,0.0,0.0
2025-05-29 04:10:00+00:00,12.979999542236328,12.979999542236328,12.970000267028809,12.970000267028809,2900,0.0,0.0,0.0
2025-05-29 04:15:00+00:00,12.960000038146973,12.960000038146973,12.949999809265137,12.949999809265137,10006,0.0,0.0,0.0
2025-05-29 04:20:00+00:00,12.960000038146973,12.960000038146973,12.949999809265137,12.949999809265137,25946,0.0,0.0,0.0
2025-05-29 04:25:00+00:00,12.9399995803833,12.949999809265137,12.930000305175781,12.949999809265137,51916,0.0,0.0,0.0
2025-05-29 04:30:00+00:00,12.960000038146973,12.960000038146973,12.960000038146973,12.960000038146973,3230,0.0,0.0,0.0
2025-05-29 04:35:00+00:00,12.960000038146973,12.960000038146973,12.960000038146973,12.960000038146973,1000,0.0,0.0,0.0
2025-05-29 04:40:00+00:00,12.949999809265137,12.960000038146973,12.949999809265137,12.949999809265137,16108,0.0,0.0,0.0
2025-05-29 04:45:00+00:00,12.949999809265137,12.960000038146973,12.949999809265137,12.949999809265137,17250,0.0,0.0,0.0
2025-05-29 04:50:00+00:00,12.949999809265137,12.960000038146973,12.949999809265137,12.960000038146973,60000,0.0,0.0,0.0
2025-05-29 04:55:00+00:00,12.960000038146973,12.960000038146973,12.960000038146973,12.960000038146973,14212,0.0,0.0,0.0
2025-05-29 05:00:00+00:00,12.970000267028809,12.970000267028809,12.949999809265137,12.960000038146973,45100,0.0,0.0,0.0
2025-05-29 05:05:00+00:00,12.960000038146973,12.960000038146973,12.9399995803833,12.949999809265137,130273,0.0,0.0,0.0
2025-05-29 05:10:00+00:00,12.949999809265137,12.949999809265137,12.9399995803833,12.949999809265137,8343,0.0,0.0,0.0
2025-05-29 05:15:00+00:00,12.960000038146973,12.960000038146973,12.949999809265137,12.949999809265137,5122,0.0,0.0,0.0
2025-05-29 05:20:00+00:00,12.949999809265137,12.970000267028809,12.949999809265137,12.970000267028809,94076,0.0,0.0,0.0
2025-06-02 01:00:00+00:00,12.880000114440918,12.890000343322754,12.779999732971191,12.779999732971191,0,0.0,0.0,0.0
2025-06-02 01:05:00+00:00,12.800000190734863,12.819999694824219,12.779999732971191,12.819999694824219,104821,0.0,0.0,0.0
2025-06-02 01:10:00+00:00,12.829999923706055,12.84000015258789,12.819999694824219,12.829999923706055,22857,0.0,0.0,0.0
2025-06-02 01:15:00+00:00,12.829999923706055,12.829999923706055,12.8100004196167,12.8100004196167,82835,0.0,0.0,0.0
2025-06-02 01:20:00+00:00,12.800000190734863,12.800000190734863,12.789999961853027,12.789999961853027,69303,0.0,0.0,0.0
2025-06-02 01:25:00+00:00,12.779999732971191,12.779999732971191,12.770000457763672,12.770000457763672,110525,0.0,0.0,0.0
2025-06-02 01:30:00+00:00,12.770000457763672,12.770000457763672,12.75,12.760000228881836,49159,0.0,0.0,0.0
2025-06-02 01:35:00+00:00,12.760000228881836,12.760000228881836,12.75,12.760000228881836,68106,0.0,0.0,0.0
2025-06-02 01:40:00+00:00,12.75,12.760000228881836,12.739999771118164,12.75,21631,0.0,0.0,0.0
2025-06-02 01:45:00+00:00,12.739999771118164,12.75,12.729999542236328,12.739999771118164,85547,0.0,0.0,0.0
2025-06-02 01:50:00+00:00,12.75,12.75,12.729999542236328,12.729999542236328,224428,0.0,0.0,0.0
2025-06-02 01:55:00+00:00,12.729999542236328,12.729999542236328,12.720000267028809,12.729999542236328,59072,0.0,0.0,0.0
2025-06-02 02:00:00+00:00,12.729999542236328,12.739999771118164,12.729999542236328,12.739999771118164,6353,0.0,0.0,0.0
2025-06-02 02:05:00+00:00,12.75,12.75,12.75,12.75,8620,0.0,0.0,0.0
2025-06-02 02:10:00+00:00,12.739999771118164,12.760000228881836,12.739999771118164,12.760000228881836,93249,0.0,0.0,0.0
2025-06-02 02:15:00+00:00,12.760000228881836,12.770000457763672,12.760000228881836,12.760000228881836,18527,0.0,0.0,0.0
2025-06-02 02:20:00+00:00,12.770000457763672,12.770000457763672,12.770000457763672,12.770000457763672,2118,0.0,0.0,0.0
2025-06-02 02:25:00+00:00,12.770000457763672,12.770000457763672,12.75,12.760000228881836,68302,0.0,0.0,0.0
2025-06-02 02:30:00+00:00,12.760000228881836,12.760000228881836,12.75,12.75,77579,0.0,0.0,0.0
2025-06-02 02:35:00+00:00,12.739999771118164,12.739999771118164,12.739999771118164,12.739999771118164,21432,0.0,0.0,0.0
2025-06-02 02:40:00+00:00,12.739999771118164,12.739999771118164,12.729999542236328,12.729999542236328,58526,0.0,0.0,0.0
2025-06-02 02:45:00+00:00,12.729999542236328,12.729999542236328,12.729999542236328,12.729999542236328,4419,0.0,0.0,0.0
2025-06-02 02:50:00+00:00,12.720000267028809,12.729999542236328,12.710000038146973,12.710000038146973,145755,0.0,0.0,0.0
2025-06-02 02:55:00+00:00,12.710000038146973,12.720000267028809,12.710000038146973,12.710000038146973,22610,0.0,0.0,0.0
2025-06-02 03:00:00+00:00,12.710000038146973,12.710000038146973,12.699999809265137,12.710000038146973,13982,0.0,0.0,0.0
2025-06-02 03:05:00+00:00,12.710000038146973,12.710000038146973,12.699999809265137,12.699999809265137,105563,0.0,0.0,0.0
2025-06-02 03:10:00+00:00,12.699999809265137,12.699999809265137,12.699999809265137,12.699999809265137,17383,0.0,0.0,0.0
2025-06-02 03:15:00+00:00,12.699999809265137,12.710000038146973,12.699999809265137,12.710000038146973,16580,0.0,0.0,0.0
2025-06-02 03:20:00+00:00,12.710000038146973,12.710000038146973,12.699999809265137,12.710000038146973,29178,0.0,0.0,0.0
2025-06-02 03:25:00+00:00,12.699999809265137,12.699999809265137,12.680000305175781,12.6899995803833,61805,0.0,0.0,0.0
2025-06-02 03:30:00+00:00,12.6899995803833,12.6899995803833,12.680000305175781,12.680000305175781,2642,0.0,0.0,0.0
2025-06-02 03:35:00+00:00,12.680000305175781,12.6899995803833,12.680000305175781,12.6899995803833,53605,0.0,0.0,0.0
2025-06-02 03:40:00+00:00,12.6899995803833,12.6899995803833,12.6899995803833,12.6899995803833,14226,0.0,0.0,0.0
2025-06-02 03:45:00+00:00,12.6899995803833,12.6899995803833,12.680000305175781,12.6899995803833,9139,0.0,0.0,0.0
2025-06-02 03:50:00+00:00,12.6899995803833,12.6899995803833,12.6899995803833,12.6899995803833,13586,0.0,0.0,0.0
2025-06-02 03:55:00+00:00,12.6899995803833,12.6899995803833,12.6899995803833,12.6899995803833,7052,0.0,0.0,0.0
2025-06-02 04:00:00+00:00,12.6899995803833,12.699999809265137,12.6899995803833,12.6899995803833,44613,0.0,0.0,0.0
2025-06-02 04:05:00+00:00,12.6899995803833,12.6899995803833,12.6899995803833,12.6899995803833,24377,0.0,0.0,0.0
2025-06-02 04:10:00+00:00,12.6899995803833,12.699999809265137,12.6899995803833,12.699999809265137,6047,0.0,0.0,0.0
2025-06-02 04:15:00+00:00,12.699999809265137,12.699999809265137,12.699999809265137,12.699999809265137,7077,0.0,0.0,0.0
2025-06-02 04:20:00+00:00,12.699999809265137,12.699999809265137,12.699999809265137,12.699999809265137,13491,0.0,0.0,0.0
2025-06-02 04:25:00+00:00,12.699999809265137,12.699999809265137,12.6899995803833,12.699999809265137,15736,0.0,0.0,0.0
2025-06-02 04:30:00+00:00,12.699999809265137,12.699999809265137,12.6899995803833,12.6899995803833,47586,0.0,0.0,0.0
2025-06-02 04:35:00+00:00,12.6899995803833,12.6899995803833,12.6899995803833,12.6899995803833,6729,0.0,0.0,0.0
2025-06-02 04:40:00+00:00,12.699999809265137,12.699999809265137,12.6899995803833,12.699999809265137,14780,0.0,0.0,0.0
2025-06-02 04:45:00+00:00,12.699999809265137,12.699999809265137,12.6899995803833,12.6899995803833,27823,0.0,0.0,0.0
2025-06-02 04:50:00+00:00,12.699999809265137,12.699999809265137,12.6899995803833,12.699999809265137,8026,0.0,0.0,0.0
2025-06-02 04:55:00+00:00,12.699999809265137,12.699999809265137,12.6899995803833,12.6899995803833,13317,0.0,0.0,0.0
2025-06-02 05:00:00+00:00,12.6899995803833,12.720000267028809,12.6899995803833,12.720000267028809,130152,0.0,0.0,0.0
2025-06-02 05:05:00+00:00,12.720000267028809,12.720000267028809,12.710000038146973,12.710000038146973,20569,0.0,0.0,0.0
2025-06-02 05:10:00+00:00,12.710000038146973,12.720000267028809,12.710000038146973,12.720000267028809,3261,0.0,0.0,0.0
2025-06-02 05:15:00+00:00,12.720000267028809,12.720000267028809,12.699999809265137,12.699999809265137,25074,0.0,0.0,0.0
2025-06-02 05:20:00+00:00,12.699999809265137,12.699999809265137,12.6899995803833,12.699999809265137,50420,0.0,0.0,0.0
2025-06-03 01:00:00+00:00,12.819999694824219,12.84000015258789,12.8100004196167,12.829999923706055,0,0.0,0.0,0.0
2025-06-03 01:05:00+00:00,12.84000015258789,12.859999656677246,12.84000015258789,12.859999656677246,55899,0.0,0.0,0.0
2025-06-03 01:10:00+00:00,12.859999656677246,12.859999656677246,12.850000381469727,12.859999656677246,93201,0.0,0.0,0.0
2025-06-03 01:15:00+00:00,12.869999885559082,12.869999885559082,12.859999656677246,12.859999656677246,32862,0.0,0.0,0.0
2025-06-03 01:20:00+00:00,12.859999656677246,12.869999885559082,12.859999656677246,12.869999885559082,66141,0.0,0.0,0.0
2025-06-03 01:25:00+00:00,12.869999885559082,12.880000114440918,12.859999656677246,12.880000114440918,74378,0.0,0.0,0.0
2025-06-03 01:30:00+00:00,12.880000114440918,12.880000114440918,12.880000114440918,12.880000114440918,73288,0.0,0.0,0.0
2025-06-03 01:35:00+00:00,12.890000343322754,12.899999618530273,12.890000343322754,12.890000343322754,21563,0.0,0.0,0.0
2025-06-03 01:40:00+00:00,12.899999618530273,12.899999618530273,12.899999618530273,12.899999618530273,34842,0.0,0.0,0.0
2025-06-03 01:45:00+00:00,12.90999984741211,12.90999984741211,12.899999618530273,12.90999984741211,14270,0.0,0.0,0.0
2025-06-03 01:50:00+00:00,12.90999984741211,12.90999984741211,12.890000343322754,12.899999618530273,51141,0.0,0.0,0.0
2025-06-03 01:55:00+00:00,12.899999618530273,12.899999618530273,12.899999618530273,12.899999618530273,2008,0.0,0.0,0.0
2025-06-03 02:00:00+00:00,12.899999618530273,12.899999618530273,12.880000114440918,12.880000114440918,23817,0.0,0.0,0.0
2025-06-03 02:05:00+00:00,12.880000114440918,12.880000114440918,12.84000015258789,12.84000015258789,107237,0.0,0.0,0.0
2025-06-03 02:10:00+00:00,12.84000015258789,12.84000015258789,12.819999694824219,12.819999694824219,15707,0.0,0.0,0.0
2025-06-03 02:15:00+00:00,12.819999694824219,12.819999694824219,12.800000190734863,12.8100004196167,15740,0.0,0.0,0.0
2025-06-03 02:20:00+00:00,12.819999694824219,12.819999694824219,12.819999694824219,12.819999694824219,1865,0.0,0.0,0.0
2025-06-03 02:25:00+00:00,12.819999694824219,12.819999694824219,12.8100004196167,12.8100004196167,4289,0.0,0.0,0.0
2025-06-03 02:30:00+00:00,12.819999694824219,12.819999694824219,12.800000190734863,12.8100004196167,16166,0.0,0.0,0.0
2025-06-03 02:35:00+00:00,12.8100004196167,12.8100004196167,12.800000190734863,12.800000190734863,20376,0.0,0.0,0.0
2025-06-03 02:40:00+00:00,12.800000190734863,12.800000190734863,12.779999732971191,12.779999732971191,18505,0.0,0.0,0.0
2025-06-03 02:45:00+00:00,12.800000190734863,12.800000190734863,12.789999961853027,12.789999961853027,10142,0.0,0.0,0.0
2025-06-03 02:50:00+00:00,12.789999961853027,12.789999961853027,12.789999961853027,12.789999961853027,26051,0.0,0.0,0.0
2025-06-03 02:55:00+00:00,12.8100004196167,12.8100004196167,12.8100004196167,12.8100004196167,1018,0.0,0.0,0.0
2025-06-03 03:00:00+00:00,12.8100004196167,12.8100004196167,12.800000190734863,12.800000190734863,24196,0.0,0.0,0.0
2025-06-03 03:05:00+00:00,12.8100004196167,12.8100004196167,12.8100004196167,12.8100004196167,1452,0.0,0.0,0.0
2025-06-03 03:15:00+00:00,12.8100004196167,12.8100004196167,12.8100004196167,12.8100004196167,5237,0.0,0.0,0.0
2025-06-03 03:20:00+00:00,12.8100004196167,12.8100004196167,12.8100004196167,12.8100004196167,48343,0.0,0.0,0.0
2025-06-03 03:25:00+00:00,12.8100004196167,12.8100004196167,12.8100004196167,12.8100004196167,3008,0.0,0.0,0.0
2025-06-03 03:30:00+00:00,12.8100004196167,12.8100004196167,12.8100004196167,12.8100004196167,3904,0.0,0.0,0.0
2025-06-03 03:40:00+00:00,12.8100004196167,12.819999694824219,12.8100004196167,12.819999694824219,34140,0.0,0.0,0.0
2025-06-03 03:45:00+00:00,12.819999694824219,12.819999694824219,12.8100004196167,12.8100004196167,51025,0.0,0.0,0.0
2025-06-03 03:50:00+00:00,12.800000190734863,12.800000190734863,12.800000190734863,12.800000190734863,4037,0.0,0.0,0.0
2025-06-03 03:55:00+00:00,12.8100004196167,12.8100004196167,12.8100004196167,12.8100004196167,3253,0.0,0.0,0.0
2025-06-03 04:00:00+00:00,12.800000190734863,12.800000190734863,12.800000190734863,12.800000190734863,130249,0.0,0.0,0.0
2025-06-03 04:05:00+00:00,12.8100004196167,12.8100004196167,12.8100004196167,12.8100004196167,1484,0.0,0.0,0.0
2025-06-03 04:10:00+00:00,12.8100004196167,12.8100004196167,12.8100004196167,12.8100004196167,1478,0.0,0.0,0.0
2025-06-03 04:15:00+00:00,12.800000190734863,12.800000190734863,12.800000190734863,12.800000190734863,1003,0.0,0.0,0.0
2025-06-03 04:20:00+00:00,12.800000190734863,12.800000190734863,12.789999961853027,12.789999961853027,6414,0.0,0.0,0.0
2025-06-03 04:25:00+00:00,12.789999961853027,12.789999961853027,12.789999961853027,12.789999961853027,5006,0.0,0.0,0.0
2025-06-03 04:30:00+00:00,12.800000190734863,12.800000190734863,12.800000190734863,12.800000190734863,8325,0.0,0.0,0.0
2025-06-03 04:35:00+00:00,12.800000190734863,12.800000190734863,12.800000190734863,12.800000190734863,1100,0.0,0.0,0.0
2025-06-03 04:40:00+00:00,12.800000190734863,12.800000190734863,12.800000190734863,12.800000190734863,1110,0.0,0.0,0.0
2025-06-03 04:45:00+00:00,12.789999961853027,12.789999961853027,12.789999961853027,12.789999961853027,5004,0.0,0.0,0.0
2025-06-03 04:50:00+00:00,12.789999961853027,12.789999961853027,12.789999961853027,12.789999961853027,3068,0.0,0.0,0.0
2025-06-03 04:55:00+00:00,12.779999732971191,12.779999732971191,12.779999732971191,12.779999732971191,5182,0.0,0.0,0.0
2025-06-03 05:00:00+00:00,12.789999961853027,12.789999961853027,12.789999961853027,12.789999961853027,12010,0.0,0.0,0.0
2025-06-03 05:05:00+00:00,12.789999961853027,12.789999961853027,12.789999961853027,12.789999961853027,12656,0.0,0.0,0.0
2025-06-03 05:10:00+00:00,12.789999961853027,12.789999961853027,12.789999961853027,12.789999961853027,4126,0.0,0.0,0.0
2025-06-03 05:15:00+00:00,12.800000190734863,12.800000190734863,12.779999732971191,12.779999732971191,12150,0.0,0.0,0.0
2025-06-03 05:20:00+00:00,12.789999961853027,12.800000190734863,12.779999732971191,12.779999732971191,16882,0.0,0.0,0.0
2025-06-04 01:00:00+00:00,12.899999618530273,12.970000267028809,12.899999618530273,12.960000038146973,92000,0.0,0.0,0.0
2025-06-04 01:05:00+00:00,12.960000038146973,12.979999542236328,12.960000038146973,12.979999542236328,79000,0.0,0.0,0.0
2025-06-04 01:10:00+00:00,12.989999771118164,12.989999771118164,12.970000267028809,12.979999542236328,127960,0.0,0.0,0.0
2025-06-04 01:15:00+00:00,12.989999771118164,13.0,12.979999542236328,12.989999771118164,154311,0.0,0.0,0.0
2025-06-04 01:20:00+00:00,12.989999771118164,13.010000228881836,12.989999771118164,13.010000228881836,242452,0.0,0.0,0.0
2025-06-04 01:25:00+00:00,13.020000457763672,13.020000457763672,13.020000457763672,13.020000457763672,57734,0.0,0.0,0.0
2025-06-04 01:30:00+00:00,13.029999732971191,13.029999732971191,13.020000457763672,13.020000457763672,43822,0.0,0.0,0.0
2025-06-04 01:35:00+00:00,13.020000457763672,13.029999732971191,13.010000228881836,13.010000228881836,100951,0.0,0.0,0.0
2025-06-04 01:40:00+00:00,13.020000457763672,13.020000457763672,13.010000228881836,13.020000457763672,69468,0.0,0.0,0.0
2025-06-04 01:45:00+00:00,13.020000457763672,13.029999732971191,13.020000457763672,13.020000457763672,48707,0.0,0.0,0.0
2025-06-04 01:50:00+00:00,13.020000457763672,13.029999732971191,13.020000457763672,13.029999732971191,118554,0.0,0.0,0.0
2025-06-04 01:55:00+00:00,13.020000457763672,13.020000457763672,13.010000228881836,13.020000457763672,29823,0.0,0.0,0.0
2025-06-04 02:00:00+00:00,13.010000228881836,13.020000457763672,13.010000228881836,13.010000228881836,26331,0.0,0.0,0.0
2025-06-04 02:05:00+00:00,13.010000228881836,13.010000228881836,13.010000228881836,13.010000228881836,21159,0.0,0.0,0.0
2025-06-04 02:10:00+00:00,13.020000457763672,13.029999732971191,13.020000457763672,13.029999732971191,201479,0.0,0.0,0.0
2025-06-04 02:15:00+00:00,13.020000457763672,13.020000457763672,13.010000228881836,13.010000228881836,5038,0.0,0.0,0.0
2025-06-04 02:20:00+00:00,13.010000228881836,13.020000457763672,13.010000228881836,13.020000457763672,31494,0.0,0.0,0.0
2025-06-04 02:25:00+00:00,13.020000457763672,13.029999732971191,13.020000457763672,13.020000457763672,40368,0.0,0.0,0.0
2025-06-04 02:30:00+00:00,13.029999732971191,13.039999961853027,13.029999732971191,13.029999732971191,255884,0.0,0.0,0.0
2025-06-04 02:35:00+00:00,13.029999732971191,13.029999732971191,13.029999732971191,13.029999732971191,54029,0.0,0.0,0.0
2025-06-04 02:40:00+00:00,13.020000457763672,13.029999732971191,13.020000457763672,13.029999732971191,103042,0.0,0.0,0.0
2025-06-04 02:45:00+00:00,13.029999732971191,13.029999732971191,13.029999732971191,13.029999732971191,12278,0.0,0.0,0.0
2025-06-04 02:50:00+00:00,13.029999732971191,13.029999732971191,13.020000457763672,13.029999732971191,230638,0.0,0.0,0.0
2025-06-04 02:55:00+00:00,13.020000457763672,13.020000457763672,13.020000457763672,13.020000457763672,6186,0.0,0.0,0.0
2025-06-04 03:00:00+00:00,13.020000457763672,13.020000457763672,13.020000457763672,13.020000457763672,8143,0.0,0.0,0.0
2025-06-04 03:05:00+00:00,13.029999732971191,13.029999732971191,13.020000457763672,13.020000457763672,50039,0.0,0.0,0.0
2025-06-04 03:10:00+00:00,13.029999732971191,13.029999732971191,13.020000457763672,13.020000457763672,25467,0.0,0.0,0.0
2025-06-04 03:15:00+00:00,13.020000457763672,13.029999732971191,13.020000457763672,13.029999732971191,26047,0.0,0.0,0.0
2025-06-04 03:20:00+00:00,13.029999732971191,13.029999732971191,13.020000457763672,13.020000457763672,220073,0.0,0.0,0.0
2025-06-04 03:25:00+00:00,13.029999732971191,13.029999732971191,13.029999732971191,13.029999732971191,3013,0.0,0.0,0.0
2025-06-04 03:30:00+00:00,13.029999732971191,13.029999732971191,13.029999732971191,13.029999732971191,6249,0.0,0.0,0.0
2025-06-04 03:35:00+00:00,13.020000457763672,13.020000457763672,13.010000228881836,13.010000228881836,375186,0.0,0.0,0.0
2025-06-04 03:40:00+00:00,13.020000457763672,13.020000457763672,13.010000228881836,13.010000228881836,28364,0.0,0.0,0.0
2025-06-04 03:45:00+00:00,13.010000228881836,13.010000228881836,13.010000228881836,13.010000228881836,220112,0.0,0.0,0.0
2025-06-04 03:50:00+00:00,13.010000228881836,13.010000228881836,13.0,13.0,51050,0.0,0.0,0.0
2025-06-04 03:55:00+00:00,13.0,13.0,13.0,13.0,21074,0.0,0.0,0.0
2025-06-04 04:00:00+00:00,13.0,13.0,13.0,13.0,9030,0.0,0.0,0.0
2025-06-04 04:05:00+00:00,13.0,13.0,12.989999771118164,12.989999771118164,28044,0.0,0.0,0.0
2025-06-04 04:10:00+00:00,12.989999771118164,13.0,12.989999771118164,13.0,44226,0.0,0.0,0.0
2025-06-04 04:15:00+00:00,13.0,13.010000228881836,13.0,13.010000228881836,13492,0.0,0.0,0.0
2025-06-04 04:20:00+00:00,13.010000228881836,13.020000457763672,13.010000228881836,13.020000457763672,106060,0.0,0.0,0.0
2025-06-04 04:25:00+00:00,13.020000457763672,13.020000457763672,13.010000228881836,13.010000228881836,17028,0.0,0.0,0.0
2025-06-04 04:30:00+00:00,13.020000457763672,13.020000457763672,13.010000228881836,13.010000228881836,23237,0.0,0.0,0.0
2025-06-04 04:35:00+00:00,13.010000228881836,13.020000457763672,13.010000228881836,13.010000228881836,213340,0.0,0.0,0.0
2025-06-04 04:40:00+00:00,13.010000228881836,13.010000228881836,13.010000228881836,13.010000228881836,25610,0.0,0.0,0.0
2025-06-04 04:45:00+00:00,13.010000228881836,13.010000228881836,13.010000228881836,13.010000228881836,55411,0.0,0.0,0.0
2025-06-04 04:50:00+00:00,13.010000228881836,13.010000228881836,13.010000228881836,13.010000228881836,38030,0.0,0.0,0.0
2025-06-04 04:55:00+00:00,13.010000228881836,13.010000228881836,13.0,13.0,20125,0.0,0.0,0.0
2025-06-04 05:00:00+00:00,13.010000228881836,13.010000228881836,13.010000228881836,13.010000228881836,14470,0.0,0.0,0.0
2025-06-04 05:05:00+00:00,13.010000228881836,13.010000228881836,13.010000228881836,13.010000228881836,27125,0.0,0.0,0.0
2025-06-04 05:10:00+00:00,13.010000228881836,13.010000228881836,13.0,13.0,34333,0.0,0.0,0.0
2025-06-04 05:15:00+00:00,13.020000457763672,13.020000457763672,13.010000228881836,13.020000457763672,26365,0.0,0.0,0.0
2025-06-04 05:20:00+00:00,13.020000457763672,13.020000457763672,13.010000228881836,13.010000228881836,5425,0.0,0.0,0.0
2025-06-05 01:00:00+00:00,13.039999961853027,13.069999694824219,13.039999961853027,13.069999694824219,160000,0.0,0.0,0.0
2025-06-05 01:05:00+00:00,13.0600004196167,13.069999694824219,13.0600004196167,13.069999694824219,79807,0.0,0.0,0.0
2025-06-05 01:10:00+00:00,13.069999694824219,13.069999694824219,13.0600004196167,13.069999694824219,41062,0.0,0.0,0.0
2025-06-05 01:15:00+00:00,13.069999694824219,13.079999923706055,13.069999694824219,13.069999694824219,121831,0.0,0.0,0.0
2025-06-05 01:20:00+00:00,13.069999694824219,13.069999694824219,13.069999694824219,13.069999694824219,12072,0.0,0.0,0.0
2025-06-05 01:25:00+00:00,13.0600004196167,13.069999694824219,13.0600004196167,13.0600004196167,78121,0.0,0.0,0.0
2025-06-05 01:30:00+00:00,13.069999694824219,13.069999694824219,13.050000190734863,13.0600004196167,35337,0.0,0.0,0.0
2025-06-05 01:35:00+00:00,13.0600004196167,13.069999694824219,13.0600004196167,13.069999694824219,109816,0.0,0.0,0.0
2025-06-05 01:40:00+00:00,13.069999694824219,13.069999694824219,13.069999694824219,13.069999694824219,13342,0.0,0.0,0.0
2025-06-05 01:45:00+00:00,13.079999923706055,13.09000015258789,13.079999923706055,13.079999923706055,193572,0.0,0.0,0.0
2025-06-05 01:50:00+00:00,13.079999923706055,13.079999923706055,13.079999923706055,13.079999923706055,19042,0.0,0.0,0.0
2025-06-05 01:55:00+00:00,13.079999923706055,13.079999923706055,13.069999694824219,13.069999694824219,83231,0.0,0.0,0.0
2025-06-05 02:00:00+00:00,13.069999694824219,13.079999923706055,13.0600004196167,13.079999923706055,50045,0.0,0.0,0.0
2025-06-05 02:05:00+00:00,13.079999923706055,13.079999923706055,13.039999961853027,13.039999961853027,29682,0.0,0.0,0.0
2025-06-05 02:10:00+00:00,13.050000190734863,13.050000190734863,13.029999732971191,13.039999961853027,34360,0.0,0.0,0.0
2025-06-05 02:15:00+00:00,13.039999961853027,13.039999961853027,13.020000457763672,13.020000457763672,13186,0.0,0.0,0.0
2025-06-05 02:20:00+00:00,13.029999732971191,13.039999961853027,13.020000457763672,13.020000457763672,29362,0.0,0.0,0.0
2025-06-05 02:25:00+00:00,13.010000228881836,13.020000457763672,13.0,13.010000228881836,57182,0.0,0.0,0.0
2025-06-05 02:30:00+00:00,13.010000228881836,13.010000228881836,13.0,13.010000228881836,24780,0.0,0.0,0.0
2025-06-05 02:35:00+00:00,13.010000228881836,13.020000457763672,13.010000228881836,13.010000228881836,17062,0.0,0.0,0.0
2025-06-05 02:40:00+00:00,13.0,13.010000228881836,13.0,13.0,51043,0.0,0.0,0.0
2025-06-05 02:45:00+00:00,12.989999771118164,12.989999771118164,12.989999771118164,12.989999771118164,2215,0.0,0.0,0.0
2025-06-05 02:50:00+00:00,13.0,13.0,12.989999771118164,13.0,5107,0.0,0.0,0.0
2025-06-05 02:55:00+00:00,12.989999771118164,13.0,12.989999771118164,13.0,30714,0.0,0.0,0.0
2025-06-05 03:00:00+00:00,13.0,13.0,12.989999771118164,12.989999771118164,3043,0.0,0.0,0.0
2025-06-05 03:05:00+00:00,13.0,13.0,13.0,13.0,9499,0.0,0.0,0.0
2025-06-05 03:10:00+00:00,12.989999771118164,13.0,12.989999771118164,13.0,61034,0.0,0.0,0.0
2025-06-05 03:15:00+00:00,13.010000228881836,13.010000228881836,13.0,13.010000228881836,4086,0.0,0.0,0.0
2025-06-05 03:20:00+00:00,13.010000228881836,13.020000457763672,13.010000228881836,13.020000457763672,4407,0.0,0.0,0.0
2025-06-05 03:25:00+00:00,13.010000228881836,13.020000457763672,13.010000228881836,13.020000457763672,2831,0.0,0.0,0.0
2025-06-05 03:30:00+00:00,13.020000457763672,13.020000457763672,13.010000228881836,13.010000228881836,26780,0.0,0.0,0.0
2025-06-05 03:35:00+00:00,13.020000457763672,13.020000457763672,13.010000228881836,13.010000228881836,5303,0.0,0.0,0.0
2025-06-05 03:40:00+00:00,13.010000228881836,13.020000457763672,13.010000228881836,13.010000228881836,6051,0.0,0.0,0.0
2025-06-05 03:45:00+00:00,13.020000457763672,13.020000457763672,13.020000457763672,13.020000457763672,16143,0.0,0.0,0.0
2025-06-05 03:50:00+00:00,13.010000228881836,13.029999732971191,13.010000228881836,13.029999732971191,3594,0.0,0.0,0.0
2025-06-05 03:55:00+00:00,13.010000228881836,13.010000228881836,13.010000228881836,13.010000228881836,1005,0.0,0.0,0.0
2025-06-05 04:00:00+00:00,13.010000228881836,13.020000457763672,13.010000228881836,13.010000228881836,16062,0.0,0.0,0.0
2025-06-05 04:05:00+00:00,13.0,13.010000228881836,13.0,13.010000228881836,13343,0.0,0.0,0.0
2025-06-05 04:10:00+00:00,13.010000228881836,13.010000228881836,13.0,13.010000228881836,4178,0.0,0.0,0.0
2025-06-05 04:15:00+00:00,13.010000228881836,13.010000228881836,13.0,13.0,4655,0.0,0.0,0.0
2025-06-05 04:20:00+00:00,13.010000228881836,13.010000228881836,13.0,13.010000228881836,15225,0.0,0.0,0.0
2025-06-05 04:25:00+00:00,13.0,13.0,12.989999771118164,12.989999771118164,18141,0.0,0.0,0.0
2025-06-05 04:30:00+00:00,13.0,13.0,12.989999771118164,13.0,19644,0.0,0.0,0.0
2025-06-05 04:35:00+00:00,13.0,13.0,13.0,13.0,3004,0.0,0.0,0.0
2025-06-05 04:40:00+00:00,13.0,13.010000228881836,13.0,13.0,6310,0.0,0.0,0.0
2025-06-05 04:45:00+00:00,13.0,13.0,13.0,13.0,23420,0.0,0.0,0.0
2025-06-05 04:50:00+00:00,13.0,13.010000228881836,13.0,13.0,16115,0.0,0.0,0.0
2025-06-05 04:55:00+00:00,13.0,13.0,13.0,13.0,2240,0.0,0.0,0.0
2025-06-05 05:00:00+00:00,12.989999771118164,12.989999771118164,12.989999771118164,12.989999771118164,41220,0.0,0.0,0.0
2025-06-05 05:05:00+00:00,12.989999771118164,12.989999771118164,12.979999542236328,12.979999542236328,54238,0.0,0.0,0.0
2025-06-05 05:10:00+00:00,12.979999542236328,12.989999771118164,12.979999542236328,12.989999771118164,154074,0.0,0.0,0.0
2025-06-05 05:15:00+00:00,12.989999771118164,13.0,12.989999771118164,13.0,19183,0.0,0.0,0.0
2025-06-05 05:20:00+00:00,13.0,13.0,12.989999771118164,13.0,12314,0.0,0.0,0.0
2025-06-06 01:00:00+00:00,13.0,13.0,12.960000038146973,12.970000267028809,197000,0.0,0.0,0.0
2025-06-06 01:05:00+00:00,12.979999542236328,13.0,12.979999542236328,13.0,16843,0.0,0.0,0.0
2025-06-06 01:10:00+00:00,12.989999771118164,13.010000228881836,12.989999771118164,13.010000228881836,32389,0.0,0.0,0.0
2025-06-06 01:15:00+00:00,13.010000228881836,13.020000457763672,13.010000228881836,13.020000457763672,26632,0.0,0.0,0.0
2025-06-06 01:20:00+00:00,13.020000457763672,13.020000457763672,13.0,13.0,24733,0.0,0.0,0.0
2025-06-06 01:25:00+00:00,13.010000228881836,13.010000228881836,13.0,13.010000228881836,34387,0.0,0.0,0.0
2025-06-06 01:30:00+00:00,13.0,13.0,12.989999771118164,13.0,25650,0.0,0.0,0.0
2025-06-06 01:35:00+00:00,13.0,13.0,13.0,13.0,113108,0.0,0.0,0.0
2025-06-06 01:40:00+00:00,12.989999771118164,12.989999771118164,12.979999542236328,12.989999771118164,40958,0.0,0.0,0.0
2025-06-06 01:45:00+00:00,12.989999771118164,12.989999771118164,12.970000267028809,12.979999542236328,11260,0.0,0.0,0.0
2025-06-06 01:50:00+00:00,12.979999542236328,12.979999542236328,12.970000267028809,12.970000267028809,24468,0.0,0.0,0.0
2025-06-06 01:55:00+00:00,12.979999542236328,12.979999542236328,12.970000267028809,12.970000267028809,17410,0.0,0.0,0.0
2025-06-06 02:00:00+00:00,12.970000267028809,12.970000267028809,12.970000267028809,12.970000267028809,6174,0.0,0.0,0.0
2025-06-06 02:05:00+00:00,12.970000267028809,12.970000267028809,12.960000038146973,12.960000038146973,72886,0.0,0.0,0.0
2025-06-06 02:10:00+00:00,12.960000038146973,12.960000038146973,12.960000038146973,12.960000038146973,9913,0.0,0.0,0.0
2025-06-06 02:15:00+00:00,12.970000267028809,12.970000267028809,12.960000038146973,12.970000267028809,11274,0.0,0.0,0.0
2025-06-06 02:20:00+00:00,12.970000267028809,12.970000267028809,12.970000267028809,12.970000267028809,9127,0.0,0.0,0.0
2025-06-06 02:25:00+00:00,12.970000267028809,12.970000267028809,12.970000267028809,12.970000267028809,11135,0.0,0.0,0.0
2025-06-06 02:30:00+00:00,12.979999542236328,12.979999542236328,12.979999542236328,12.979999542236328,19174,0.0,0.0,0.0
2025-06-06 02:35:00+00:00,12.979999542236328,12.979999542236328,12.970000267028809,12.979999542236328,10343,0.0,0.0,0.0
2025-06-06 02:40:00+00:00,12.979999542236328,12.979999542236328,12.979999542236328,12.979999542236328,28189,0.0,0.0,0.0
2025-06-06 02:45:00+00:00,12.989999771118164,12.989999771118164,12.979999542236328,12.989999771118164,16683,0.0,0.0,0.0
2025-06-06 02:50:00+00:00,12.989999771118164,12.989999771118164,12.989999771118164,12.989999771118164,3019,0.0,0.0,0.0
2025-06-06 02:55:00+00:00,12.989999771118164,12.989999771118164,12.989999771118164,12.989999771118164,4538,0.0,0.0,0.0
2025-06-06 03:00:00+00:00,12.989999771118164,12.989999771118164,12.979999542236328,12.979999542236328,16538,0.0,0.0,0.0
2025-06-06 03:05:00+00:00,12.979999542236328,12.979999542236328,12.970000267028809,12.970000267028809,19161,0.0,0.0,0.0
2025-06-06 03:10:00+00:00,12.970000267028809,12.970000267028809,12.960000038146973,12.970000267028809,5048,0.0,0.0,0.0
2025-06-06 03:15:00+00:00,12.970000267028809,12.970000267028809,12.960000038146973,12.960000038146973,98035,0.0,0.0,0.0
2025-06-06 03:20:00+00:00,12.970000267028809,12.979999542236328,12.970000267028809,12.979999542236328,48967,0.0,0.0,0.0
2025-06-06 03:25:00+00:00,12.979999542236328,12.989999771118164,12.979999542236328,12.979999542236328,11280,0.0,0.0,0.0
2025-06-06 03:30:00+00:00,12.989999771118164,12.989999771118164,12.960000038146973,12.960000038146973,29111,0.0,0.0,0.0
2025-06-06 03:35:00+00:00,12.970000267028809,12.970000267028809,12.970000267028809,12.970000267028809,5010,0.0,0.0,0.0
2025-06-06 03:40:00+00:00,12.979999542236328,12.979999542236328,12.979999542236328,12.979999542236328,1226,0.0,0.0,0.0
2025-06-06 03:45:00+00:00,12.970000267028809,12.979999542236328,12.970000267028809,12.979999542236328,3868,0.0,0.0,0.0
2025-06-06 03:50:00+00:00,12.979999542236328,12.979999542236328,12.970000267028809,12.970000267028809,3005,0.0,0.0,0.0
2025-06-06 03:55:00+00:00,12.970000267028809,12.970000267028809,12.970000267028809,12.970000267028809,7043,0.0,0.0,0.0
2025-06-06 04:00:00+00:00,12.970000267028809,12.979999542236328,12.960000038146973,12.960000038146973,10355,0.0,0.0,0.0
2025-06-06 04:05:00+00:00,12.970000267028809,12.970000267028809,12.970000267028809,12.970000267028809,2741,0.0,0.0,0.0
2025-06-06 04:10:00+00:00,12.960000038146973,12.970000267028809,12.960000038146973,12.970000267028809,13069,0.0,0.0,0.0
2025-06-06 04:15:00+00:00,12.970000267028809,12.970000267028809,12.970000267028809,12.970000267028809,4755,0.0,0.0,0.0
2025-06-06 04:20:00+00:00,12.970000267028809,12.970000267028809,12.960000038146973,12.960000038146973,8459,0.0,0.0,0.0
2025-06-06 04:25:00+00:00,12.970000267028809,12.970000267028809,12.970000267028809,12.970000267028809,7568,0.0,0.0,0.0
2025-06-06 04:30:00+00:00,12.970000267028809,12.970000267028809,12.960000038146973,12.970000267028809,17520,0.0,0.0,0.0
2025-06-06 04:35:00+00:00,12.960000038146973,12.970000267028809,12.960000038146973,12.970000267028809,5537,0.0,0.0,0.0
2025-06-06 04:40:00+00:00,12.970000267028809,12.970000267028809,12.960000038146973,12.960000038146973,14620,0.0,0.0,0.0
2025-06-06 04:45:00+00:00,12.960000038146973,12.970000267028809,12.960000038146973,12.960000038146973,22744,0.0,0.0,0.0
2025-06-06 04:50:00+00:00,12.970000267028809,12.970000267028809,12.960000038146973,12.960000038146973,7437,0.0,0.0,0.0
2025-06-06 04:55:00+00:00,12.970000267028809,12.970000267028809,12.970000267028809,12.970000267028809,5110,0.0,0.0,0.0
2025-06-06 05:00:00+00:00,12.970000267028809,12.970000267028809,12.960000038146973,12.960000038146973,16277,0.0,0.0,0.0
2025-06-06 05:05:00+00:00,12.970000267028809,12.979999542236328,12.970000267028809,12.970000267028809,9073,0.0,0.0,0.0
2025-06-06 05:10:00+00:00,12.979999542236328,12.979999542236328,12.979999542236328,12.979999542236328,3569,0.0,0.0,0.0
2025-06-06 05:15:00+00:00,12.979999542236328,12.989999771118164,12.979999542236328,12.989999771118164,31212,0.0,0.0,0.0
2025-06-06 05:20:00+00:00,12.979999542236328,12.979999542236328,12.979999542236328,12.979999542236328,8252,0.0,0.0,0.0
2025-06-09 01:00:00+00:00,13.039999961853027,13.079999923706055,13.039999961853027,13.069999694824219,0,0.0,0.0,0.0
2025-06-09 01:05:00+00:00,13.069999694824219,13.069999694824219,13.0600004196167,13.069999694824219,0,0.0,0.0,0.0
2025-06-09 01:10:00+00:00,13.0600004196167,13.069999694824219,13.0600004196167,13.069999694824219,249750,0.0,0.0,0.0
2025-06-09 01:15:00+00:00,13.069999694824219,13.069999694824219,13.050000190734863,13.069999694824219,136433,0.0,0.0,0.0
2025-06-09 01:20:00+00:00,13.069999694824219,13.069999694824219,13.0600004196167,13.0600004196167,40669,0.0,0.0,0.0
2025-06-09 01:25:00+00:00,13.0600004196167,13.069999694824219,13.039999961853027,13.039999961853027,43668,0.0,0.0,0.0
2025-06-09 01:30:00+00:00,13.050000190734863,13.050000190734863,13.029999732971191,13.039999961853027,23894,0.0,0.0,0.0
2025-06-09 01:35:00+00:00,13.020000457763672,13.029999732971191,13.010000228881836,13.010000228881836,187730,0.0,0.0,0.0
2025-06-09 01:40:00+00:00,13.029999732971191,13.029999732971191,13.029999732971191,13.029999732971191,5028,0.0,0.0,0.0
2025-06-09 01:45:00+00:00,13.029999732971191,13.029999732971191,13.020000457763672,13.020000457763672,7043,0.0,0.0,0.0
2025-06-09 01:50:00+00:00,13.029999732971191,13.029999732971191,13.010000228881836,13.010000228881836,15606,0.0,0.0,0.0
2025-06-09 01:55:00+00:00,13.010000228881836,13.020000457763672,13.010000228881836,13.020000457763672,25641,0.0,0.0,0.0
2025-06-09 02:00:00+00:00,13.029999732971191,13.029999732971191,13.010000228881836,13.010000228881836,4193,0.0,0.0,0.0
2025-06-09 02:05:00+00:00,13.020000457763672,13.029999732971191,13.020000457763672,13.029999732971191,24531,0.0,0.0,0.0
2025-06-09 02:10:00+00:00,13.020000457763672,13.020000457763672,13.020000457763672,13.020000457763672,12436,0.0,0.0,0.0
2025-06-09 02:15:00+00:00,13.020000457763672,13.020000457763672,13.020000457763672,13.020000457763672,9652,0.0,0.0,0.0
2025-06-09 02:20:00+00:00,13.020000457763672,13.020000457763672,13.020000457763672,13.020000457763672,1328,0.0,0.0,0.0
2025-06-09 02:25:00+00:00,13.010000228881836,13.010000228881836,13.010000228881836,13.010000228881836,5038,0.0,0.0,0.0
2025-06-09 02:30:00+00:00,13.020000457763672,13.020000457763672,13.010000228881836,13.010000228881836,37284,0.0,0.0,0.0
2025-06-09 02:35:00+00:00,13.020000457763672,13.029999732971191,13.020000457763672,13.029999732971191,134186,0.0,0.0,0.0
2025-06-09 02:40:00+00:00,13.039999961853027,13.039999961853027,13.039999961853027,13.039999961853027,10805,0.0,0.0,0.0
2025-06-09 02:45:00+00:00,13.039999961853027,13.039999961853027,13.029999732971191,13.039999961853027,176698,0.0,0.0,0.0
2025-06-09 02:50:00+00:00,13.039999961853027,13.039999961853027,13.039999961853027,13.039999961853027,1047,0.0,0.0,0.0
2025-06-09 02:55:00+00:00,13.029999732971191,13.039999961853027,13.029999732971191,13.039999961853027,23407,0.0,0.0,0.0
2025-06-09 03:00:00+00:00,13.050000190734863,13.050000190734863,13.029999732971191,13.050000190734863,167210,0.0,0.0,0.0
2025-06-09 03:05:00+00:00,13.0600004196167,13.0600004196167,13.050000190734863,13.050000190734863,9750,0.0,0.0,0.0
2025-06-09 03:10:00+00:00,13.050000190734863,13.050000190734863,13.029999732971191,13.050000190734863,60137,0.0,0.0,0.0
2025-06-09 03:15:00+00:00,13.0600004196167,13.0600004196167,13.050000190734863,13.050000190734863,71247,0.0,0.0,0.0
2025-06-09 03:20:00+00:00,13.050000190734863,13.050000190734863,13.039999961853027,13.039999961853027,15179,0.0,0.0,0.0
2025-06-09 03:25:00+00:00,13.029999732971191,13.029999732971191,13.029999732971191,13.029999732971191,10017,0.0,0.0,0.0
2025-06-09 03:30:00+00:00,13.039999961853027,13.039999961853027,13.039999961853027,13.039999961853027,4448,0.0,0.0,0.0
2025-06-09 03:35:00+00:00,13.020000457763672,13.039999961853027,13.020000457763672,13.039999961853027,16484,0.0,0.0,0.0
2025-06-09 03:40:00+00:00,13.039999961853027,13.039999961853027,13.039999961853027,13.039999961853027,1050,0.0,0.0,0.0
2025-06-09 03:45:00+00:00,13.039999961853027,13.039999961853027,13.020000457763672,13.039999961853027,34042,0.0,0.0,0.0
2025-06-09 03:50:00+00:00,13.029999732971191,13.039999961853027,13.029999732971191,13.029999732971191,69549,0.0,0.0,0.0
2025-06-09 03:55:00+00:00,13.029999732971191,13.039999961853027,13.029999732971191,13.039999961853027,26550,0.0,0.0,0.0
2025-06-09 04:00:00+00:00,13.039999961853027,13.050000190734863,13.039999961853027,13.050000190734863,63379,0.0,0.0,0.0
2025-06-09 04:05:00+00:00,13.050000190734863,13.050000190734863,13.050000190734863,13.050000190734863,11540,0.0,0.0,0.0
2025-06-09 04:10:00+00:00,13.050000190734863,13.050000190734863,13.050000190734863,13.050000190734863,1008,0.0,0.0,0.0
2025-06-09 04:15:00+00:00,13.050000190734863,13.050000190734863,13.039999961853027,13.039999961853027,9824,0.0,0.0,0.0
2025-06-09 04:20:00+00:00,13.039999961853027,13.039999961853027,13.039999961853027,13.039999961853027,8372,0.0,0.0,0.0
2025-06-09 04:25:00+00:00,13.039999961853027,13.039999961853027,13.039999961853027,13.039999961853027,2016,0.0,0.0,0.0
2025-06-09 04:30:00+00:00,13.039999961853027,13.039999961853027,13.029999732971191,13.029999732971191,31562,0.0,0.0,0.0
2025-06-09 04:35:00+00:00,13.039999961853027,13.039999961853027,13.039999961853027,13.039999961853027,63301,0.0,0.0,0.0
2025-06-09 04:40:00+00:00,13.039999961853027,13.039999961853027,13.039999961853027,13.039999961853027,10510,0.0,0.0,0.0
2025-06-09 04:45:00+00:00,13.039999961853027,13.050000190734863,13.029999732971191,13.050000190734863,23925,0.0,0.0,0.0
2025-06-09 04:50:00+00:00,13.050000190734863,13.050000190734863,13.039999961853027,13.039999961853027,27213,0.0,0.0,0.0
2025-06-09 04:55:00+00:00,13.029999732971191,13.039999961853027,13.029999732971191,13.029999732971191,12010,0.0,0.0,0.0
2025-06-09 05:00:00+00:00,13.039999961853027,13.039999961853027,13.039999961853027,13.039999961853027,3252,0.0,0.0,0.0
2025-06-09 05:05:00+00:00,13.039999961853027,13.039999961853027,13.039999961853027,13.039999961853027,18275,0.0,0.0,0.0
2025-06-09 05:10:00+00:00,13.029999732971191,13.039999961853027,13.029999732971191,13.039999961853027,4863,0.0,0.0,0.0
2025-06-09 05:15:00+00:00,13.039999961853027,13.039999961853027,13.029999732971191,13.029999732971191,29676,0.0,0.0,0.0
2025-06-09 05:20:00+00:00,13.029999732971191,13.039999961853027,13.029999732971191,13.029999732971191,25368,0.0,0.0,0.0
2025-06-10 01:00:00+00:00,13.109999656677246,13.140000343322754,13.109999656677246,13.130000114440918,145000,0.0,0.0,0.0
2025-06-10 01:05:00+00:00,13.130000114440918,13.149999618530273,13.130000114440918,13.140000343322754,269825,0.0,0.0,0.0
2025-06-10 01:10:00+00:00,13.140000343322754,13.149999618530273,13.140000343322754,13.149999618530273,105660,0.0,0.0,0.0
2025-06-10 01:15:00+00:00,13.140000343322754,13.149999618530273,13.140000343322754,13.149999618530273,58203,0.0,0.0,0.0
2025-06-10 01:20:00+00:00,13.149999618530273,13.15999984741211,13.140000343322754,13.15999984741211,216655,0.0,0.0,0.0
2025-06-10 01:25:00+00:00,13.15999984741211,13.180000305175781,13.15999984741211,13.180000305175781,236972,0.0,0.0,0.0
2025-06-10 01:30:00+00:00,13.1899995803833,13.210000038146973,13.1899995803833,13.210000038146973,166456,0.0,0.0,0.0
2025-06-10 01:35:00+00:00,13.210000038146973,13.220000267028809,13.199999809265137,13.210000038146973,122750,0.0,0.0,0.0
2025-06-10 01:40:00+00:00,13.210000038146973,13.229999542236328,13.210000038146973,13.220000267028809,175887,0.0,0.0,0.0
2025-06-10 01:45:00+00:00,13.229999542236328,13.239999771118164,13.229999542236328,13.239999771118164,193309,0.0,0.0,0.0
2025-06-10 01:50:00+00:00,13.239999771118164,13.25,13.239999771118164,13.239999771118164,181334,0.0,0.0,0.0
2025-06-10 01:55:00+00:00,13.239999771118164,13.260000228881836,13.239999771118164,13.239999771118164,322899,0.0,0.0,0.0
2025-06-10 02:00:00+00:00,13.260000228881836,13.260000228881836,13.239999771118164,13.239999771118164,40667,0.0,0.0,0.0
2025-06-10 02:05:00+00:00,13.239999771118164,13.239999771118164,13.220000267028809,13.229999542236328,217103,0.0,0.0,0.0
2025-06-10 02:10:00+00:00,13.229999542236328,13.239999771118164,13.229999542236328,13.229999542236328,143310,0.0,0.0,0.0
2025-06-10 02:15:00+00:00,13.229999542236328,13.25,13.229999542236328,13.25,135655,0.0,0.0,0.0
2025-06-10 02:20:00+00:00,13.25,13.260000228881836,13.239999771118164,13.25,319025,0.0,0.0,0.0
2025-06-10 02:25:00+00:00,13.25,13.260000228881836,13.25,13.260000228881836,117563,0.0,0.0,0.0
2025-06-10 02:30:00+00:00,13.260000228881836,13.260000228881836,13.25,13.260000228881836,52087,0.0,0.0,0.0
2025-06-10 02:35:00+00:00,13.260000228881836,13.260000228881836,13.25,13.260000228881836,104385,0.0,0.0,0.0
2025-06-10 02:40:00+00:00,13.260000228881836,13.279999732971191,13.25,13.270000457763672,176386,0.0,0.0,0.0
2025-06-10 02:45:00+00:00,13.270000457763672,13.279999732971191,13.270000457763672,13.270000457763672,95526,0.0,0.0,0.0
2025-06-10 02:50:00+00:00,13.270000457763672,13.289999961853027,13.270000457763672,13.279999732971191,114200,0.0,0.0,0.0
2025-06-10 02:55:00+00:00,13.279999732971191,13.279999732971191,13.279999732971191,13.279999732971191,7119,0.0,0.0,0.0
2025-06-10 03:00:00+00:00,13.279999732971191,13.279999732971191,13.279999732971191,13.279999732971191,116373,0.0,0.0,0.0
2025-06-10 03:05:00+00:00,13.279999732971191,13.289999961853027,13.279999732971191,13.279999732971191,21651,0.0,0.0,0.0
2025-06-10 03:10:00+00:00,13.279999732971191,13.300000190734863,13.279999732971191,13.289999961853027,150662,0.0,0.0,0.0
2025-06-10 03:15:00+00:00,13.279999732971191,13.279999732971191,13.279999732971191,13.279999732971191,20224,0.0,0.0,0.0
2025-06-10 03:20:00+00:00,13.289999961853027,13.300000190734863,13.289999961853027,13.300000190734863,44118,0.0,0.0,0.0
2025-06-10 03:25:00+00:00,13.300000190734863,13.300000190734863,13.289999961853027,13.300000190734863,14250,0.0,0.0,0.0
2025-06-10 03:30:00+00:00,13.300000190734863,13.300000190734863,13.289999961853027,13.300000190734863,16827,0.0,0.0,0.0
2025-06-10 03:35:00+00:00,13.289999961853027,13.300000190734863,13.279999732971191,13.300000190734863,86606,0.0,0.0,0.0
2025-06-10 03:40:00+00:00,13.300000190734863,13.300000190734863,13.289999961853027,13.300000190734863,19804,0.0,0.0,0.0
2025-06-10 03:45:00+00:00,13.300000190734863,13.300000190734863,13.289999961853027,13.300000190734863,428060,0.0,0.0,0.0
2025-06-10 03:50:00+00:00,13.300000190734863,13.3100004196167,13.289999961853027,13.300000190734863,13979,0.0,0.0,0.0
2025-06-10 03:55:00+00:00,13.289999961853027,13.300000190734863,13.289999961853027,13.300000190734863,66057,0.0,0.0,0.0
2025-06-10 04:00:00+00:00,13.300000190734863,13.3100004196167,13.300000190734863,13.300000190734863,1009548,0.0,0.0,0.0
2025-06-10 04:05:00+00:00,13.300000190734863,13.3100004196167,13.300000190734863,13.300000190734863,23368,0.0,0.0,0.0
2025-06-10 04:10:00+00:00,13.3100004196167,13.3100004196167,13.300000190734863,13.300000190734863,52378,0.0,0.0,0.0
2025-06-10 04:15:00+00:00,13.300000190734863,13.3100004196167,13.300000190734863,13.3100004196167,54057,0.0,0.0,0.0
2025-06-10 04:20:00+00:00,13.3100004196167,13.3100004196167,13.300000190734863,13.300000190734863,57238,0.0,0.0,0.0
2025-06-10 04:25:00+00:00,13.300000190734863,13.300000190734863,13.300000190734863,13.300000190734863,49312,0.0,0.0,0.0
2025-06-10 04:30:00+00:00,13.3100004196167,13.3100004196167,13.300000190734863,13.300000190734863,11720,0.0,0.0,0.0
2025-06-10 04:35:00+00:00,13.289999961853027,13.300000190734863,13.289999961853027,13.300000190734863,81011,0.0,0.0,0.0
2025-06-10 04:40:00+00:00,13.300000190734863,13.3100004196167,13.300000190734863,13.300000190734863,115845,0.0,0.0,0.0
2025-06-10 04:45:00+00:00,13.300000190734863,13.3100004196167,13.300000190734863,13.3100004196167,20020,0.0,0.0,0.0
2025-06-10 04:50:00+00:00,13.300000190734863,13.3100004196167,13.300000190734863,13.300000190734863,50705,0.0,0.0,0.0
2025-06-10 04:55:00+00:00,13.3100004196167,13.319999694824219,13.3100004196167,13.319999694824219,433120,0.0,0.0,0.0
2025-06-10 05:00:00+00:00,13.319999694824219,13.319999694824219,13.319999694824219,13.319999694824219,94270,0.0,0.0,0.0
2025-06-10 05:05:00+00:00,13.319999694824219,13.319999694824219,13.3100004196167,13.3100004196167,105239,0.0,0.0,0.0
2025-06-10 05:10:00+00:00,13.3100004196167,13.3100004196167,13.3100004196167,13.3100004196167,36655,0.0,0.0,0.0
2025-06-10 05:15:00+00:00,13.319999694824219,13.319999694824219,13.3100004196167,13.3100004196167,119263,0.0,0.0,0.0
2025-06-10 05:20:00+00:00,13.3100004196167,13.3100004196167,13.3100004196167,13.3100004196167,132732,0.0,0.0,0.0
2025-06-11 01:00:00+00:00,13.399999618530273,13.40999984741211,13.399999618530273,13.40999984741211,529000,0.0,0.0,0.0
2025-06-11 01:05:00+00:00,13.399999618530273,13.40999984741211,13.390000343322754,13.390000343322754,169021,0.0,0.0,0.0
2025-06-11 01:10:00+00:00,13.390000343322754,13.390000343322754,13.380000114440918,13.380000114440918,50658,0.0,0.0,0.0
2025-06-11 01:15:00+00:00,13.380000114440918,13.399999618530273,13.380000114440918,13.399999618530273,218720,0.0,0.0,0.0
2025-06-11 01:20:00+00:00,13.399999618530273,13.399999618530273,13.399999618530273,13.399999618530273,46539,0.0,0.0,0.0
2025-06-11 01:25:00+00:00,13.399999618530273,13.40999984741211,13.399999618530273,13.399999618530273,74630,0.0,0.0,0.0
2025-06-11 01:30:00+00:00,13.399999618530273,13.40999984741211,13.399999618530273,13.399999618530273,102487,0.0,0.0,0.0
2025-06-11 01:35:00+00:00,13.399999618530273,13.399999618530273,13.399999618530273,13.399999618530273,141028,0.0,0.0,0.0
2025-06-11 01:40:00+00:00,13.399999618530273,13.399999618530273,13.390000343322754,13.399999618530273,406138,0.0,0.0,0.0
2025-06-11 01:45:00+00:00,13.399999618530273,13.40999984741211,13.399999618530273,13.40999984741211,409025,0.0,0.0,0.0
2025-06-11 01:50:00+00:00,13.40999984741211,13.40999984741211,13.399999618530273,13.399999618530273,65133,0.0,0.0,0.0
2025-06-11 01:55:00+00:00,13.40999984741211,13.40999984741211,13.399999618530273,13.40999984741211,115704,0.0,0.0,0.0
2025-06-11 02:00:00+00:00,13.40999984741211,13.40999984741211,13.399999618530273,13.399999618530273,56455,0.0,0.0,0.0
2025-06-11 02:05:00+00:00,13.399999618530273,13.399999618530273,13.380000114440918,13.380000114440918,90318,0.0,0.0,0.0
2025-06-11 02:10:00+00:00,13.380000114440918,13.399999618530273,13.380000114440918,13.399999618530273,21629,0.0,0.0,0.0
2025-06-11 02:15:00+00:00,13.399999618530273,13.399999618530273,13.380000114440918,13.380000114440918,45338,0.0,0.0,0.0
2025-06-11 02:20:00+00:00,13.380000114440918,13.380000114440918,13.369999885559082,13.380000114440918,85032,0.0,0.0,0.0
2025-06-11 02:25:00+00:00,13.369999885559082,13.380000114440918,13.369999885559082,13.380000114440918,39266,0.0,0.0,0.0
2025-06-11 02:30:00+00:00,13.369999885559082,13.380000114440918,13.369999885559082,13.380000114440918,46953,0.0,0.0,0.0
2025-06-11 02:35:00+00:00,13.380000114440918,13.380000114440918,13.369999885559082,13.369999885559082,60210,0.0,0.0,0.0
2025-06-11 02:40:00+00:00,13.380000114440918,13.380000114440918,13.380000114440918,13.380000114440918,46297,0.0,0.0,0.0
2025-06-11 02:45:00+00:00,13.390000343322754,13.390000343322754,13.380000114440918,13.380000114440918,8965,0.0,0.0,0.0
2025-06-11 02:50:00+00:00,13.380000114440918,13.390000343322754,13.380000114440918,13.390000343322754,13034,0.0,0.0,0.0
2025-06-11 02:55:00+00:00,13.390000343322754,13.390000343322754,13.380000114440918,13.380000114440918,52020,0.0,0.0,0.0
2025-06-11 03:00:00+00:00,13.390000343322754,13.390000343322754,13.390000343322754,13.390000343322754,12024,0.0,0.0,0.0
2025-06-11 03:05:00+00:00,13.390000343322754,13.399999618530273,13.390000343322754,13.399999618530273,273234,0.0,0.0,0.0
2025-06-11 03:10:00+00:00,13.399999618530273,13.399999618530273,13.399999618530273,13.399999618530273,7253,0.0,0.0,0.0
2025-06-11 03:15:00+00:00,13.399999618530273,13.399999618530273,13.390000343322754,13.399999618530273,79857,0.0,0.0,0.0
2025-06-11 03:20:00+00:00,13.399999618530273,13.420000076293945,13.399999618530273,13.420000076293945,100538,0.0,0.0,0.0
2025-06-11 03:25:00+00:00,13.420000076293945,13.430000305175781,13.420000076293945,13.420000076293945,537480,0.0,0.0,0.0
2025-06-11 03:30:00+00:00,13.420000076293945,13.430000305175781,13.420000076293945,13.420000076293945,664660,0.0,0.0,0.0
2025-06-11 03:35:00+00:00,13.420000076293945,13.430000305175781,13.420000076293945,13.420000076293945,15019,0.0,0.0,0.0
2025-06-11 03:40:00+00:00,13.420000076293945,13.430000305175781,13.420000076293945,13.430000305175781,35543,0.0,0.0,0.0
2025-06-11 03:45:00+00:00,13.430000305175781,13.430000305175781,13.420000076293945,13.430000305175781,16102,0.0,0.0,0.0
2025-06-11 03:50:00+00:00,13.430000305175781,13.430000305175781,13.420000076293945,13.420000076293945,15094,0.0,0.0,0.0
2025-06-11 03:55:00+00:00,13.430000305175781,13.430000305175781,13.420000076293945,13.420000076293945,54862,0.0,0.0,0.0
2025-06-11 04:00:00+00:00,13.430000305175781,13.430000305175781,13.40999984741211,13.40999984741211,22351,0.0,0.0,0.0
2025-06-11 04:05:00+00:00,13.420000076293945,13.420000076293945,13.420000076293945,13.420000076293945,11319,0.0,0.0,0.0
2025-06-11 04:10:00+00:00,13.420000076293945,13.430000305175781,13.420000076293945,13.420000076293945,31010,0.0,0.0,0.0
2025-06-11 04:15:00+00:00,13.420000076293945,13.430000305175781,13.420000076293945,13.420000076293945,34635,0.0,0.0,0.0
2025-06-11 04:20:00+00:00,13.420000076293945,13.420000076293945,13.420000076293945,13.420000076293945,20097,0.0,0.0,0.0
2025-06-11 04:25:00+00:00,13.420000076293945,13.430000305175781,13.420000076293945,13.430000305175781,52849,0.0,0.0,0.0
2025-06-11 04:30:00+00:00,13.430000305175781,13.430000305175781,13.420000076293945,13.420000076293945,45903,0.0,0.0,0.0
2025-06-11 04:35:00+00:00,13.430000305175781,13.430000305175781,13.420000076293945,13.420000076293945,37685,0.0,0.0,0.0
2025-06-11 04:40:00+00:00,13.430000305175781,13.430000305175781,13.420000076293945,13.430000305175781,286585,0.0,0.0,0.0
2025-06-11 04:45:00+00:00,13.420000076293945,13.430000305175781,13.420000076293945,13.430000305175781,46499,0.0,0.0,0.0
2025-06-11 04:50:00+00:00,13.430000305175781,13.430000305175781,13.420000076293945,13.430000305175781,14160,0.0,0.0,0.0
2025-06-11 04:55:00+00:00,13.430000305175781,13.430000305175781,13.420000076293945,13.430000305175781,19585,0.0,0.0,0.0
2025-06-11 05:00:00+00:00,13.420000076293945,13.420000076293945,13.420000076293945,13.420000076293945,6847,0.0,0.0,0.0
2025-06-11 05:05:00+00:00,13.420000076293945,13.430000305175781,13.420000076293945,13.420000076293945,89454,0.0,0.0,0.0
2025-06-11 05:10:00+00:00,13.420000076293945,13.420000076293945,13.40999984741211,13.420000076293945,62044,0.0,0.0,0.0
2025-06-11 05:15:00+00:00,13.420000076293945,13.420000076293945,13.40999984741211,13.420000076293945,34122,0.0,0.0,0.0
2025-06-11 05:20:00+00:00,13.420000076293945,13.430000305175781,13.420000076293945,13.420000076293945,55882,0.0,0.0,0.0
2025-06-12 01:00:00+00:00,13.40999984741211,13.40999984741211,13.359999656677246,13.359999656677246,134000,0.0,0.0,0.0
2025-06-12 01:05:00+00:00,13.369999885559082,13.369999885559082,13.350000381469727,13.369999885559082,143654,0.0,0.0,0.0
2025-06-12 01:10:00+00:00,13.369999885559082,13.369999885559082,13.359999656677246,13.369999885559082,288420,0.0,0.0,0.0
2025-06-12 01:15:00+00:00,13.369999885559082,13.380000114440918,13.359999656677246,13.380000114440918,55446,0.0,0.0,0.0
2025-06-12 01:20:00+00:00,13.380000114440918,13.390000343322754,13.380000114440918,13.380000114440918,47325,0.0,0.0,0.0
2025-06-12 01:25:00+00:00,13.380000114440918,13.390000343322754,13.380000114440918,13.380000114440918,36356,0.0,0.0,0.0
2025-06-12 01:30:00+00:00,13.399999618530273,13.40999984741211,13.390000343322754,13.40999984741211,149334,0.0,0.0,0.0
2025-06-12 01:35:00+00:00,13.40999984741211,13.420000076293945,13.40999984741211,13.420000076293945,39572,0.0,0.0,0.0
2025-06-12 01:40:00+00:00,13.420000076293945,13.420000076293945,13.40999984741211,13.40999984741211,60142,0.0,0.0,0.0
2025-06-12 01:45:00+00:00,13.40999984741211,13.40999984741211,13.399999618530273,13.40999984741211,136023,0.0,0.0,0.0
2025-06-12 01:50:00+00:00,13.40999984741211,13.420000076293945,13.40999984741211,13.420000076293945,18131,0.0,0.0,0.0
2025-06-12 01:55:00+00:00,13.40999984741211,13.40999984741211,13.40999984741211,13.40999984741211,5539,0.0,0.0,0.0
2025-06-12 02:00:00+00:00,13.40999984741211,13.40999984741211,13.380000114440918,13.380000114440918,97120,0.0,0.0,0.0
2025-06-12 02:05:00+00:00,13.380000114440918,13.380000114440918,13.369999885559082,13.380000114440918,61056,0.0,0.0,0.0
2025-06-12 02:10:00+00:00,13.369999885559082,13.380000114440918,13.369999885559082,13.369999885559082,32141,0.0,0.0,0.0
2025-06-12 02:15:00+00:00,13.369999885559082,13.380000114440918,13.369999885559082,13.369999885559082,35820,0.0,0.0,0.0
2025-06-12 02:20:00+00:00,13.369999885559082,13.369999885559082,13.369999885559082,13.369999885559082,13042,0.0,0.0,0.0
2025-06-12 02:25:00+00:00,13.369999885559082,13.369999885559082,13.359999656677246,13.359999656677246,75789,0.0,0.0,0.0
2025-06-12 02:30:00+00:00,13.369999885559082,13.369999885559082,13.359999656677246,13.359999656677246,8068,0.0,0.0,0.0
2025-06-12 02:35:00+00:00,13.359999656677246,13.369999885559082,13.359999656677246,13.359999656677246,10230,0.0,0.0,0.0
2025-06-12 02:40:00+00:00,13.359999656677246,13.359999656677246,13.359999656677246,13.359999656677246,32341,0.0,0.0,0.0
2025-06-12 02:45:00+00:00,13.369999885559082,13.369999885559082,13.359999656677246,13.359999656677246,33633,0.0,0.0,0.0
2025-06-12 02:50:00+00:00,13.359999656677246,13.369999885559082,13.359999656677246,13.369999885559082,32512,0.0,0.0,0.0
2025-06-12 02:55:00+00:00,13.369999885559082,13.369999885559082,13.359999656677246,13.359999656677246,39623,0.0,0.0,0.0
2025-06-12 03:00:00+00:00,13.359999656677246,13.380000114440918,13.359999656677246,13.369999885559082,79766,0.0,0.0,0.0
2025-06-12 03:05:00+00:00,13.369999885559082,13.380000114440918,13.369999885559082,13.380000114440918,8419,0.0,0.0,0.0
2025-06-12 03:10:00+00:00,13.380000114440918,13.380000114440918,13.380000114440918,13.380000114440918,1344,0.0,0.0,0.0
2025-06-12 03:15:00+00:00,13.380000114440918,13.380000114440918,13.380000114440918,13.380000114440918,4432,0.0,0.0,0.0
2025-06-12 03:20:00+00:00,13.380000114440918,13.380000114440918,13.369999885559082,13.369999885559082,11108,0.0,0.0,0.0
2025-06-12 03:25:00+00:00,13.380000114440918,13.380000114440918,13.369999885559082,13.380000114440918,8824,0.0,0.0,0.0
2025-06-12 03:30:00+00:00,13.380000114440918,13.380000114440918,13.369999885559082,13.369999885559082,11010,0.0,0.0,0.0
2025-06-12 03:35:00+00:00,13.380000114440918,13.380000114440918,13.380000114440918,13.380000114440918,8199,0.0,0.0,0.0
2025-06-12 03:40:00+00:00,13.380000114440918,13.380000114440918,13.369999885559082,13.369999885559082,45837,0.0,0.0,0.0
2025-06-12 03:45:00+00:00,13.369999885559082,13.369999885559082,13.369999885559082,13.369999885559082,55110,0.0,0.0,0.0
2025-06-12 03:50:00+00:00,13.369999885559082,13.380000114440918,13.369999885559082,13.380000114440918,96908,0.0,0.0,0.0
2025-06-12 03:55:00+00:00,13.369999885559082,13.380000114440918,13.369999885559082,13.380000114440918,49016,0.0,0.0,0.0
2025-06-12 04:00:00+00:00,13.380000114440918,13.380000114440918,13.369999885559082,13.380000114440918,68032,0.0,0.0,0.0
2025-06-12 04:05:00+00:00,13.369999885559082,13.369999885559082,13.359999656677246,13.359999656677246,42130,0.0,0.0,0.0
2025-06-12 04:10:00+00:00,13.359999656677246,13.380000114440918,13.359999656677246,13.359999656677246,29627,0.0,0.0,0.0
2025-06-12 04:15:00+00:00,13.359999656677246,13.380000114440918,13.359999656677246,13.380000114440918,9341,0.0,0.0,0.0
2025-06-12 04:20:00+00:00,13.380000114440918,13.380000114440918,13.380000114440918,13.380000114440918,16564,0.0,0.0,0.0
2025-06-12 04:25:00+00:00,13.369999885559082,13.380000114440918,13.369999885559082,13.380000114440918,10011,0.0,0.0,0.0
2025-06-12 04:30:00+00:00,13.380000114440918,13.380000114440918,13.369999885559082,13.369999885559082,21154,0.0,0.0,0.0
2025-06-12 04:35:00+00:00,13.369999885559082,13.380000114440918,13.359999656677246,13.380000114440918,32048,0.0,0.0,0.0
2025-06-12 04:40:00+00:00,13.380000114440918,13.380000114440918,13.359999656677246,13.359999656677246,54328,0.0,0.0,0.0
2025-06-12 04:45:00+00:00,13.380000114440918,13.380000114440918,13.369999885559082,13.380000114440918,16095,0.0,0.0,0.0
2025-06-12 04:50:00+00:00,13.380000114440918,13.380000114440918,13.369999885559082,13.369999885559082,79391,0.0,0.0,0.0
2025-06-12 04:55:00+00:00,13.369999885559082,13.380000114440918,13.369999885559082,13.380000114440918,24160,0.0,0.0,0.0
2025-06-12 05:00:00+00:00,13.369999885559082,13.380000114440918,13.369999885559082,13.369999885559082,23570,0.0,0.0,0.0
2025-06-12 05:05:00+00:00,13.380000114440918,13.380000114440918,13.380000114440918,13.380000114440918,1110,0.0,0.0,0.0
2025-06-12 05:10:00+00:00,13.369999885559082,13.380000114440918,13.369999885559082,13.380000114440918,22192,0.0,0.0,0.0
2025-06-12 05:15:00+00:00,13.380000114440918,13.380000114440918,13.369999885559082,13.369999885559082,85196,0.0,0.0,0.0
2025-06-12 05:20:00+00:00,13.369999885559082,13.380000114440918,13.369999885559082,13.369999885559082,95305,0.0,0.0,0.0
2025-06-13 01:00:00+00:00,13.289999961853027,13.289999961853027,13.270000457763672,13.289999961853027,157000,0.0,0.0,0.0
2025-06-13 01:05:00+00:00,13.279999732971191,13.279999732971191,13.229999542236328,13.25,233179,0.0,0.0,0.0
2025-06-13 01:10:00+00:00,13.260000228881836,13.270000457763672,13.239999771118164,13.270000457763672,129599,0.0,0.0,0.0
2025-06-13 01:15:00+00:00,13.239999771118164,13.239999771118164,13.210000038146973,13.210000038146973,104160,0.0,0.0,0.0
2025-06-13 01:20:00+00:00,13.210000038146973,13.25,13.210000038146973,13.239999771118164,95512,0.0,0.0,0.0
2025-06-13 01:25:00+00:00,13.239999771118164,13.260000228881836,13.229999542236328,13.260000228881836,119233,0.0,0.0,0.0
2025-06-13 01:30:00+00:00,13.260000228881836,13.270000457763672,13.260000228881836,13.270000457763672,10292,0.0,0.0,0.0
2025-06-13 01:35:00+00:00,13.270000457763672,13.3100004196167,13.270000457763672,13.3100004196167,104774,0.0,0.0,0.0
2025-06-13 01:40:00+00:00,13.3100004196167,13.3100004196167,13.300000190734863,13.300000190734863,166924,0.0,0.0,0.0
2025-06-13 01:45:00+00:00,13.289999961853027,13.300000190734863,13.289999961853027,13.300000190734863,111627,0.0,0.0,0.0
2025-06-13 01:50:00+00:00,13.300000190734863,13.319999694824219,13.300000190734863,13.3100004196167,21892,0.0,0.0,0.0
2025-06-13 01:55:00+00:00,13.319999694824219,13.34000015258789,13.319999694824219,13.34000015258789,194552,0.0,0.0,0.0
2025-06-13 02:00:00+00:00,13.34000015258789,13.34000015258789,13.319999694824219,13.329999923706055,38507,0.0,0.0,0.0
2025-06-13 02:05:00+00:00,13.329999923706055,13.329999923706055,13.319999694824219,13.319999694824219,11075,0.0,0.0,0.0
2025-06-13 02:10:00+00:00,13.319999694824219,13.329999923706055,13.319999694824219,13.329999923706055,14549,0.0,0.0,0.0
2025-06-13 02:15:00+00:00,13.329999923706055,13.329999923706055,13.319999694824219,13.329999923706055,25148,0.0,0.0,0.0
2025-06-13 02:20:00+00:00,13.329999923706055,13.329999923706055,13.319999694824219,13.319999694824219,67771,0.0,0.0,0.0
2025-06-13 02:25:00+00:00,13.3100004196167,13.319999694824219,13.3100004196167,13.319999694824219,124257,0.0,0.0,0.0
2025-06-13 02:30:00+00:00,13.319999694824219,13.319999694824219,13.300000190734863,13.300000190734863,243622,0.0,0.0,0.0
2025-06-13 02:35:00+00:00,13.300000190734863,13.300000190734863,13.279999732971191,13.279999732971191,85359,0.0,0.0,0.0
2025-06-13 02:40:00+00:00,13.289999961853027,13.289999961853027,13.25,13.25,473860,0.0,0.0,0.0
2025-06-13 02:45:00+00:00,13.260000228881836,13.270000457763672,13.25,13.270000457763672,131047,0.0,0.0,0.0
2025-06-13 02:50:00+00:00,13.270000457763672,13.270000457763672,13.260000228881836,13.260000228881836,20335,0.0,0.0,0.0
2025-06-13 02:55:00+00:00,13.270000457763672,13.279999732971191,13.270000457763672,13.279999732971191,32333,0.0,0.0,0.0
2025-06-13 03:00:00+00:00,13.279999732971191,13.279999732971191,13.270000457763672,13.279999732971191,17707,0.0,0.0,0.0
2025-06-13 03:05:00+00:00,13.279999732971191,13.279999732971191,13.270000457763672,13.270000457763672,27651,0.0,0.0,0.0
2025-06-13 03:10:00+00:00,13.279999732971191,13.279999732971191,13.279999732971191,13.279999732971191,1043,0.0,0.0,0.0
2025-06-13 03:15:00+00:00,13.279999732971191,13.279999732971191,13.279999732971191,13.279999732971191,66159,0.0,0.0,0.0
2025-06-13 03:20:00+00:00,13.279999732971191,13.300000190734863,13.279999732971191,13.300000190734863,37053,0.0,0.0,0.0
2025-06-13 03:25:00+00:00,13.300000190734863,13.300000190734863,13.289999961853027,13.289999961853027,6149,0.0,0.0,0.0
2025-06-13 03:30:00+00:00,13.289999961853027,13.289999961853027,13.289999961853027,13.289999961853027,11102,0.0,0.0,0.0
2025-06-13 03:35:00+00:00,13.289999961853027,13.289999961853027,13.279999732971191,13.279999732971191,29445,0.0,0.0,0.0
2025-06-13 03:40:00+00:00,13.279999732971191,13.289999961853027,13.279999732971191,13.289999961853027,20234,0.0,0.0,0.0
2025-06-13 03:45:00+00:00,13.289999961853027,13.289999961853027,13.289999961853027,13.289999961853027,8049,0.0,0.0,0.0
2025-06-13 03:50:00+00:00,13.289999961853027,13.289999961853027,13.279999732971191,13.289999961853027,102524,0.0,0.0,0.0
2025-06-13 03:55:00+00:00,13.289999961853027,13.300000190734863,13.289999961853027,13.300000190734863,54764,0.0,0.0,0.0
2025-06-13 04:00:00+00:00,13.300000190734863,13.300000190734863,13.300000190734863,13.300000190734863,1070,0.0,0.0,0.0
2025-06-13 04:05:00+00:00,13.300000190734863,13.300000190734863,13.300000190734863,13.300000190734863,1158,0.0,0.0,0.0
2025-06-13 04:10:00+00:00,13.289999961853027,13.289999961853027,13.289999961853027,13.289999961853027,28051,0.0,0.0,0.0
2025-06-13 04:15:00+00:00,13.289999961853027,13.289999961853027,13.279999732971191,13.289999961853027,24085,0.0,0.0,0.0
2025-06-13 04:20:00+00:00,13.289999961853027,13.289999961853027,13.289999961853027,13.289999961853027,14187,0.0,0.0,0.0
2025-06-13 04:25:00+00:00,13.279999732971191,13.279999732971191,13.279999732971191,13.279999732971191,14034,0.0,0.0,0.0
2025-06-13 04:30:00+00:00,13.289999961853027,13.289999961853027,13.279999732971191,13.279999732971191,32032,0.0,0.0,0.0
2025-06-13 04:35:00+00:00,13.279999732971191,13.279999732971191,13.279999732971191,13.279999732971191,26122,0.0,0.0,0.0
2025-06-13 04:40:00+00:00,13.279999732971191,13.279999732971191,13.279999732971191,13.279999732971191,9010,0.0,0.0,0.0
2025-06-13 04:45:00+00:00,13.270000457763672,13.289999961853027,13.270000457763672,13.270000457763672,15478,0.0,0.0,0.0
2025-06-13 04:50:00+00:00,13.289999961853027,13.289999961853027,13.279999732971191,13.279999732971191,10246,0.0,0.0,0.0
2025-06-13 04:55:00+00:00,13.279999732971191,13.279999732971191,13.279999732971191,13.279999732971191,12294,0.0,0.0,0.0
2025-06-13 05:00:00+00:00,13.289999961853027,13.289999961853027,13.279999732971191,13.279999732971191,31380,0.0,0.0,0.0
2025-06-13 05:05:00+00:00,13.279999732971191,13.279999732971191,13.270000457763672,13.270000457763672,67424,0.0,0.0,0.0
2025-06-13 05:10:00+00:00,13.270000457763672,13.270000457763672,13.270000457763672,13.270000457763672,78761,0.0,0.0,0.0
2025-06-13 05:15:00+00:00,13.279999732971191,13.279999732971191,13.270000457763672,13.270000457763672,24044,0.0,0.0,0.0
2025-06-13 05:20:00+00:00,13.270000457763672,13.270000457763672,13.260000228881836,13.260000228881836,129872,0.0,0.0,0.0
2025-06-16 01:00:00+00:00,13.199999809265137,13.210000038146973,13.180000305175781,13.199999809265137,88000,0.0,0.0,0.0
2025-06-16 01:05:00+00:00,13.199999809265137,13.220000267028809,13.1899995803833,13.220000267028809,401070,0.0,0.0,0.0
2025-06-16 01:10:00+00:00,13.220000267028809,13.25,13.220000267028809,13.229999542236328,78238,0.0,0.0,0.0
2025-06-16 01:15:00+00:00,13.25,13.25,13.220000267028809,13.220000267028809,147398,0.0,0.0,0.0
2025-06-16 01:20:00+00:00,13.220000267028809,13.229999542236328,13.210000038146973,13.210000038146973,45972,0.0,0.0,0.0
2025-06-16 01:25:00+00:00,13.229999542236328,13.229999542236328,13.220000267028809,13.220000267028809,3420,0.0,0.0,0.0
2025-06-16 01:30:00+00:00,13.220000267028809,13.220000267028809,13.210000038146973,13.210000038146973,17941,0.0,0.0,0.0
2025-06-16 01:35:00+00:00,13.220000267028809,13.220000267028809,13.220000267028809,13.220000267028809,11831,0.0,0.0,0.0
2025-06-16 01:40:00+00:00,13.220000267028809,13.229999542236328,13.220000267028809,13.229999542236328,65292,0.0,0.0,0.0
2025-06-16 01:45:00+00:00,13.239999771118164,13.239999771118164,13.220000267028809,13.220000267028809,133229,0.0,0.0,0.0
2025-06-16 01:50:00+00:00,13.220000267028809,13.220000267028809,13.210000038146973,13.220000267028809,62273,0.0,0.0,0.0
2025-06-16 01:55:00+00:00,13.220000267028809,13.239999771118164,13.220000267028809,13.239999771118164,12227,0.0,0.0,0.0
2025-06-16 02:00:00+00:00,13.239999771118164,13.239999771118164,13.210000038146973,13.229999542236328,18862,0.0,0.0,0.0
2025-06-16 02:05:00+00:00,13.229999542236328,13.229999542236328,13.229999542236328,13.229999542236328,3022,0.0,0.0,0.0
2025-06-16 02:10:00+00:00,13.229999542236328,13.239999771118164,13.220000267028809,13.239999771118164,16910,0.0,0.0,0.0
2025-06-16 02:15:00+00:00,13.239999771118164,13.239999771118164,13.220000267028809,13.239999771118164,28118,0.0,0.0,0.0
2025-06-16 02:20:00+00:00,13.239999771118164,13.239999771118164,13.229999542236328,13.229999542236328,9276,0.0,0.0,0.0
2025-06-16 02:25:00+00:00,13.229999542236328,13.229999542236328,13.199999809265137,13.210000038146973,485356,0.0,0.0,0.0
2025-06-16 02:30:00+00:00,13.210000038146973,13.220000267028809,13.210000038146973,13.210000038146973,10838,0.0,0.0,0.0
2025-06-16 02:35:00+00:00,13.210000038146973,13.210000038146973,13.210000038146973,13.210000038146973,21012,0.0,0.0,0.0
2025-06-16 02:40:00+00:00,13.210000038146973,13.210000038146973,13.199999809265137,13.199999809265137,25838,0.0,0.0,0.0
2025-06-16 02:45:00+00:00,13.199999809265137,13.210000038146973,13.1899995803833,13.199999809265137,16229,0.0,0.0,0.0
2025-06-16 02:50:00+00:00,13.199999809265137,13.210000038146973,13.199999809265137,13.210000038146973,24012,0.0,0.0,0.0
2025-06-16 02:55:00+00:00,13.210000038146973,13.210000038146973,13.210000038146973,13.210000038146973,11217,0.0,0.0,0.0
2025-06-16 03:00:00+00:00,13.210000038146973,13.220000267028809,13.199999809265137,13.220000267028809,8294,0.0,0.0,0.0
2025-06-16 03:05:00+00:00,13.220000267028809,13.220000267028809,13.220000267028809,13.220000267028809,14400,0.0,0.0,0.0
2025-06-16 03:10:00+00:00,13.220000267028809,13.220000267028809,13.210000038146973,13.220000267028809,8066,0.0,0.0,0.0
2025-06-16 03:15:00+00:00,13.239999771118164,13.239999771118164,13.239999771118164,13.239999771118164,3042,0.0,0.0,0.0
2025-06-16 03:20:00+00:00,13.229999542236328,13.229999542236328,13.210000038146973,13.229999542236328,5027,0.0,0.0,0.0
2025-06-16 03:25:00+00:00,13.229999542236328,13.229999542236328,13.220000267028809,13.220000267028809,8017,0.0,0.0,0.0
2025-06-16 03:30:00+00:00,13.220000267028809,13.220000267028809,13.220000267028809,13.220000267028809,5379,0.0,0.0,0.0
2025-06-16 03:35:00+00:00,13.220000267028809,13.229999542236328,13.220000267028809,13.229999542236328,34491,0.0,0.0,0.0
2025-06-16 03:40:00+00:00,13.229999542236328,13.229999542236328,13.220000267028809,13.220000267028809,35235,0.0,0.0,0.0
2025-06-16 03:45:00+00:00,13.239999771118164,13.239999771118164,13.220000267028809,13.229999542236328,10181,0.0,0.0,0.0
2025-06-16 03:50:00+00:00,13.229999542236328,13.25,13.210000038146973,13.25,101700,0.0,0.0,0.0
2025-06-16 03:55:00+00:00,13.25,13.25,13.25,13.25,30495,0.0,0.0,0.0
2025-06-16 04:00:00+00:00,13.25,13.25,13.239999771118164,13.25,62564,0.0,0.0,0.0
2025-06-16 04:05:00+00:00,13.25,13.25,13.239999771118164,13.25,10196,0.0,0.0,0.0
2025-06-16 04:10:00+00:00,13.25,13.25,13.25,13.25,4117,0.0,0.0,0.0
2025-06-16 04:15:00+00:00,13.25,13.25,13.239999771118164,13.25,15362,0.0,0.0,0.0
2025-06-16 04:20:00+00:00,13.25,13.25,13.229999542236328,13.229999542236328,21097,0.0,0.0,0.0
2025-06-16 04:25:00+00:00,13.239999771118164,13.239999771118164,13.229999542236328,13.229999542236328,6300,0.0,0.0,0.0
2025-06-16 04:30:00+00:00,13.239999771118164,13.239999771118164,13.239999771118164,13.239999771118164,4553,0.0,0.0,0.0
2025-06-16 04:35:00+00:00,13.239999771118164,13.239999771118164,13.239999771118164,13.239999771118164,7181,0.0,0.0,0.0
2025-06-16 04:40:00+00:00,13.229999542236328,13.229999542236328,13.229999542236328,13.229999542236328,3050,0.0,0.0,0.0
2025-06-16 04:45:00+00:00,13.229999542236328,13.239999771118164,13.229999542236328,13.229999542236328,20720,0.0,0.0,0.0
2025-06-16 04:50:00+00:00,13.229999542236328,13.239999771118164,13.229999542236328,13.239999771118164,26240,0.0,0.0,0.0
2025-06-16 04:55:00+00:00,13.239999771118164,13.239999771118164,13.239999771118164,13.239999771118164,8300,0.0,0.0,0.0
2025-06-16 05:00:00+00:00,13.239999771118164,13.239999771118164,13.239999771118164,13.239999771118164,43551,0.0,0.0,0.0
2025-06-16 05:05:00+00:00,13.25,13.270000457763672,13.25,13.270000457763672,153911,0.0,0.0,0.0
2025-06-16 05:10:00+00:00,13.270000457763672,13.270000457763672,13.270000457763672,13.270000457763672,47553,0.0,0.0,0.0
2025-06-16 05:15:00+00:00,13.270000457763672,13.270000457763672,13.260000228881836,13.260000228881836,23871,0.0,0.0,0.0
2025-06-16 05:20:00+00:00,13.270000457763672,13.270000457763672,13.260000228881836,13.270000457763672,537729,0.0,0.0,0.0
2025-06-17 01:00:00+00:00,13.380000114440918,13.40999984741211,13.380000114440918,13.40999984741211,146000,0.0,0.0,0.0
2025-06-17 01:05:00+00:00,13.40999984741211,13.40999984741211,13.399999618530273,13.399999618530273,140000,0.0,0.0,0.0
2025-06-17 01:10:00+00:00,13.390000343322754,13.399999618530273,13.359999656677246,13.359999656677246,50123,0.0,0.0,0.0
2025-06-17 01:15:00+00:00,13.359999656677246,13.369999885559082,13.359999656677246,13.369999885559082,14567,0.0,0.0,0.0
2025-06-17 01:20:00+00:00,13.359999656677246,13.369999885559082,13.350000381469727,13.369999885559082,68610,0.0,0.0,0.0
2025-06-17 01:25:00+00:00,13.369999885559082,13.369999885559082,13.359999656677246,13.359999656677246,62044,0.0,0.0,0.0
2025-06-17 01:30:00+00:00,13.359999656677246,13.359999656677246,13.350000381469727,13.350000381469727,11807,0.0,0.0,0.0
2025-06-17 01:35:00+00:00,13.350000381469727,13.350000381469727,13.350000381469727,13.350000381469727,41256,0.0,0.0,0.0
2025-06-17 01:40:00+00:00,13.350000381469727,13.350000381469727,13.34000015258789,13.34000015258789,56114,0.0,0.0,0.0
2025-06-17 01:45:00+00:00,13.350000381469727,13.369999885559082,13.350000381469727,13.369999885559082,102102,0.0,0.0,0.0
2025-06-17 01:50:00+00:00,13.369999885559082,13.390000343322754,13.369999885559082,13.390000343322754,186237,0.0,0.0,0.0
2025-06-17 01:55:00+00:00,13.390000343322754,13.390000343322754,13.390000343322754,13.390000343322754,39593,0.0,0.0,0.0
2025-06-17 02:00:00+00:00,13.390000343322754,13.399999618530273,13.390000343322754,13.390000343322754,26142,0.0,0.0,0.0
2025-06-17 02:05:00+00:00,13.390000343322754,13.390000343322754,13.350000381469727,13.350000381469727,121045,0.0,0.0,0.0
2025-06-17 02:10:00+00:00,13.369999885559082,13.369999885559082,13.329999923706055,13.329999923706055,477349,0.0,0.0,0.0
2025-06-17 02:15:00+00:00,13.3100004196167,13.319999694824219,13.3100004196167,13.319999694824219,261274,0.0,0.0,0.0
2025-06-17 02:20:00+00:00,13.329999923706055,13.329999923706055,13.329999923706055,13.329999923706055,2839,0.0,0.0,0.0
2025-06-17 02:25:00+00:00,13.329999923706055,13.329999923706055,13.329999923706055,13.329999923706055,37103,0.0,0.0,0.0
2025-06-17 02:30:00+00:00,13.319999694824219,13.319999694824219,13.3100004196167,13.3100004196167,17021,0.0,0.0,0.0
2025-06-17 02:35:00+00:00,13.3100004196167,13.3100004196167,13.3100004196167,13.3100004196167,12208,0.0,0.0,0.0
2025-06-17 02:40:00+00:00,13.3100004196167,13.3100004196167,13.300000190734863,13.3100004196167,7330,0.0,0.0,0.0
2025-06-17 02:45:00+00:00,13.300000190734863,13.319999694824219,13.300000190734863,13.319999694824219,41191,0.0,0.0,0.0
2025-06-17 02:50:00+00:00,13.329999923706055,13.329999923706055,13.329999923706055,13.329999923706055,42125,0.0,0.0,0.0
2025-06-17 02:55:00+00:00,13.350000381469727,13.350000381469727,13.350000381469727,13.350000381469727,1586,0.0,0.0,0.0
2025-06-17 03:00:00+00:00,13.34000015258789,13.350000381469727,13.34000015258789,13.34000015258789,567028,0.0,0.0,0.0
2025-06-17 03:05:00+00:00,13.34000015258789,13.34000015258789,13.34000015258789,13.34000015258789,3021,0.0,0.0,0.0
2025-06-17 03:10:00+00:00,13.329999923706055,13.34000015258789,13.329999923706055,13.34000015258789,29121,0.0,0.0,0.0
2025-06-17 03:15:00+00:00,13.329999923706055,13.34000015258789,13.329999923706055,13.34000015258789,10519,0.0,0.0,0.0
2025-06-17 03:20:00+00:00,13.34000015258789,13.34000015258789,13.319999694824219,13.319999694824219,8013,0.0,0.0,0.0
2025-06-17 03:25:00+00:00,13.319999694824219,13.319999694824219,13.319999694824219,13.319999694824219,12013,0.0,0.0,0.0
2025-06-17 03:30:00+00:00,13.329999923706055,13.329999923706055,13.329999923706055,13.329999923706055,1341,0.0,0.0,0.0
2025-06-17 03:35:00+00:00,13.329999923706055,13.329999923706055,13.3100004196167,13.3100004196167,7148,0.0,0.0,0.0
2025-06-17 03:40:00+00:00,13.319999694824219,13.329999923706055,13.3100004196167,13.319999694824219,43093,0.0,0.0,0.0
2025-06-17 03:45:00+00:00,13.319999694824219,13.319999694824219,13.300000190734863,13.300000190734863,23828,0.0,0.0,0.0
2025-06-17 03:50:00+00:00,13.300000190734863,13.319999694824219,13.300000190734863,13.319999694824219,79033,0.0,0.0,0.0
2025-06-17 03:55:00+00:00,13.300000190734863,13.300000190734863,13.289999961853027,13.289999961853027,34506,0.0,0.0,0.0
2025-06-17 04:00:00+00:00,13.300000190734863,13.300000190734863,13.300000190734863,13.300000190734863,13059,0.0,0.0,0.0
2025-06-17 04:05:00+00:00,13.300000190734863,13.3100004196167,13.300000190734863,13.300000190734863,5027,0.0,0.0,0.0
2025-06-17 04:10:00+00:00,13.300000190734863,13.300000190734863,13.300000190734863,13.300000190734863,74468,0.0,0.0,0.0
2025-06-17 04:15:00+00:00,13.300000190734863,13.300000190734863,13.289999961853027,13.289999961853027,14211,0.0,0.0,0.0
2025-06-17 04:20:00+00:00,13.289999961853027,13.289999961853027,13.289999961853027,13.289999961853027,15164,0.0,0.0,0.0
2025-06-17 04:25:00+00:00,13.300000190734863,13.300000190734863,13.300000190734863,13.300000190734863,28145,0.0,0.0,0.0
2025-06-17 04:30:00+00:00,13.3100004196167,13.3100004196167,13.3100004196167,13.3100004196167,1146,0.0,0.0,0.0
2025-06-17 04:35:00+00:00,13.300000190734863,13.300000190734863,13.300000190734863,13.300000190734863,2010,0.0,0.0,0.0
2025-06-17 04:40:00+00:00,13.300000190734863,13.300000190734863,13.300000190734863,13.300000190734863,2090,0.0,0.0,0.0
2025-06-17 04:45:00+00:00,13.300000190734863,13.300000190734863,13.300000190734863,13.300000190734863,18887,0.0,0.0,0.0
2025-06-17 04:50:00+00:00,13.300000190734863,13.300000190734863,13.300000190734863,13.300000190734863,49839,0.0,0.0,0.0
2025-06-17 04:55:00+00:00,13.300000190734863,13.300000190734863,13.300000190734863,13.300000190734863,2403,0.0,0.0,0.0
2025-06-17 05:00:00+00:00,13.3100004196167,13.3100004196167,13.3100004196167,13.3100004196167,330209,0.0,0.0,0.0
2025-06-17 05:05:00+00:00,13.319999694824219,13.319999694824219,13.3100004196167,13.3100004196167,21737,0.0,0.0,0.0
2025-06-17 05:10:00+00:00,13.319999694824219,13.34000015258789,13.319999694824219,13.329999923706055,59169,0.0,0.0,0.0
2025-06-17 05:15:00+00:00,13.34000015258789,13.34000015258789,13.329999923706055,13.329999923706055,71793,0.0,0.0,0.0
2025-06-17 05:20:00+00:00,13.319999694824219,13.319999694824219,13.319999694824219,13.319999694824219,22942,0.0,0.0,0.0
2025-06-18 01:00:00+00:00,13.329999923706055,13.329999923706055,13.329999923706055,13.329999923706055,38000,0.0,0.0,0.0
2025-06-18 01:05:00+00:00,13.329999923706055,13.369999885559082,13.319999694824219,13.359999656677246,134172,0.0,0.0,0.0
2025-06-18 01:10:00+00:00,13.359999656677246,13.369999885559082,13.350000381469727,13.359999656677246,273887,0.0,0.0,0.0
2025-06-18 01:15:00+00:00,13.369999885559082,13.369999885559082,13.359999656677246,13.359999656677246,99719,0.0,0.0,0.0
2025-06-18 01:20:00+00:00,13.359999656677246,13.369999885559082,13.359999656677246,13.359999656677246,48288,0.0,0.0,0.0
2025-06-18 01:25:00+00:00,13.369999885559082,13.369999885559082,13.350000381469727,13.359999656677246,51574,0.0,0.0,0.0
2025-06-18 01:30:00+00:00,13.359999656677246,13.359999656677246,13.350000381469727,13.359999656677246,41335,0.0,0.0,0.0
2025-06-18 01:35:00+00:00,13.359999656677246,13.359999656677246,13.359999656677246,13.359999656677246,43866,0.0,0.0,0.0
2025-06-18 01:40:00+00:00,13.359999656677246,13.359999656677246,13.34000015258789,13.34000015258789,21064,0.0,0.0,0.0
2025-06-18 01:45:00+00:00,13.350000381469727,13.350000381469727,13.34000015258789,13.34000015258789,31185,0.0,0.0,0.0
2025-06-18 01:50:00+00:00,13.34000015258789,13.34000015258789,13.329999923706055,13.329999923706055,149204,0.0,0.0,0.0
2025-06-18 01:55:00+00:00,13.350000381469727,13.350000381469727,13.350000381469727,13.350000381469727,7775,0.0,0.0,0.0
2025-06-18 02:00:00+00:00,13.350000381469727,13.350000381469727,13.350000381469727,13.350000381469727,6372,0.0,0.0,0.0
2025-06-18 02:05:00+00:00,13.34000015258789,13.34000015258789,13.34000015258789,13.34000015258789,68418,0.0,0.0,0.0
2025-06-18 02:10:00+00:00,13.34000015258789,13.350000381469727,13.34000015258789,13.350000381469727,86282,0.0,0.0,0.0
2025-06-18 02:15:00+00:00,13.359999656677246,13.359999656677246,13.350000381469727,13.350000381469727,43063,0.0,0.0,0.0
2025-06-18 02:20:00+00:00,13.350000381469727,13.369999885559082,13.34000015258789,13.369999885559082,794205,0.0,0.0,0.0
2025-06-18 02:25:00+00:00,13.369999885559082,13.380000114440918,13.369999885559082,13.369999885559082,162548,0.0,0.0,0.0
2025-06-18 02:30:00+00:00,13.380000114440918,13.390000343322754,13.380000114440918,13.390000343322754,60204,0.0,0.0,0.0
2025-06-18 02:35:00+00:00,13.390000343322754,13.390000343322754,13.380000114440918,13.380000114440918,5121,0.0,0.0,0.0
2025-06-18 02:40:00+00:00,13.380000114440918,13.390000343322754,13.380000114440918,13.390000343322754,110015,0.0,0.0,0.0
2025-06-18 02:45:00+00:00,13.399999618530273,13.420000076293945,13.390000343322754,13.420000076293945,658355,0.0,0.0,0.0
2025-06-18 02:50:00+00:00,13.40999984741211,13.420000076293945,13.40999984741211,13.420000076293945,4024,0.0,0.0,0.0
2025-06-18 02:55:00+00:00,13.420000076293945,13.420000076293945,13.40999984741211,13.40999984741211,147159,0.0,0.0,0.0
2025-06-18 03:00:00+00:00,13.40999984741211,13.420000076293945,13.40999984741211,13.420000076293945,8068,0.0,0.0,0.0
2025-06-18 03:05:00+00:00,13.40999984741211,13.40999984741211,13.399999618530273,13.399999618530273,12477,0.0,0.0,0.0
2025-06-18 03:10:00+00:00,13.399999618530273,13.399999618530273,13.399999618530273,13.399999618530273,22190,0.0,0.0,0.0
2025-06-18 03:15:00+00:00,13.399999618530273,13.40999984741211,13.399999618530273,13.399999618530273,22473,0.0,0.0,0.0
2025-06-18 03:20:00+00:00,13.399999618530273,13.40999984741211,13.399999618530273,13.40999984741211,153827,0.0,0.0,0.0
2025-06-18 03:25:00+00:00,13.420000076293945,13.420000076293945,13.420000076293945,13.420000076293945,200411,0.0,0.0,0.0
2025-06-18 03:30:00+00:00,13.420000076293945,13.430000305175781,13.420000076293945,13.420000076293945,38554,0.0,0.0,0.0
2025-06-18 03:35:00+00:00,13.420000076293945,13.430000305175781,13.420000076293945,13.420000076293945,48038,0.0,0.0,0.0
2025-06-18 03:40:00+00:00,13.420000076293945,13.430000305175781,13.420000076293945,13.430000305175781,25264,0.0,0.0,0.0
2025-06-18 03:45:00+00:00,13.430000305175781,13.430000305175781,13.420000076293945,13.420000076293945,12015,0.0,0.0,0.0
2025-06-18 03:50:00+00:00,13.420000076293945,13.420000076293945,13.40999984741211,13.40999984741211,126035,0.0,0.0,0.0
2025-06-18 03:55:00+00:00,13.40999984741211,13.40999984741211,13.399999618530273,13.40999984741211,226614,0.0,0.0,0.0
2025-06-18 04:00:00+00:00,13.40999984741211,13.420000076293945,13.399999618530273,13.420000076293945,29370,0.0,0.0,0.0
2025-06-18 04:05:00+00:00,13.399999618530273,13.399999618530273,13.399999618530273,13.399999618530273,30121,0.0,0.0,0.0
2025-06-18 04:10:00+00:00,13.40999984741211,13.40999984741211,13.399999618530273,13.399999618530273,168359,0.0,0.0,0.0
2025-06-18 04:15:00+00:00,13.399999618530273,13.40999984741211,13.399999618530273,13.399999618530273,12075,0.0,0.0,0.0
2025-06-18 04:20:00+00:00,13.399999618530273,13.40999984741211,13.399999618530273,13.40999984741211,38129,0.0,0.0,0.0
2025-06-18 04:25:00+00:00,13.40999984741211,13.420000076293945,13.40999984741211,13.40999984741211,108205,0.0,0.0,0.0
2025-06-18 04:30:00+00:00,13.420000076293945,13.420000076293945,13.399999618530273,13.399999618530273,102462,0.0,0.0,0.0
2025-06-18 04:35:00+00:00,13.399999618530273,13.399999618530273,13.380000114440918,13.380000114440918,24200,0.0,0.0,0.0
2025-06-18 04:40:00+00:00,13.380000114440918,13.390000343322754,13.380000114440918,13.380000114440918,8227,0.0,0.0,0.0
2025-06-18 04:45:00+00:00,13.380000114440918,13.380000114440918,13.369999885559082,13.369999885559082,9250,0.0,0.0,0.0
2025-06-18 04:50:00+00:00,13.369999885559082,13.380000114440918,13.369999885559082,13.369999885559082,109300,0.0,0.0,0.0
2025-06-18 04:55:00+00:00,13.380000114440918,13.380000114440918,13.369999885559082,13.369999885559082,60227,0.0,0.0,0.0
2025-06-18 05:00:00+00:00,13.380000114440918,13.390000343322754,13.380000114440918,13.390000343322754,103400,0.0,0.0,0.0
2025-06-18 05:05:00+00:00,13.399999618530273,13.399999618530273,13.399999618530273,13.399999618530273,48243,0.0,0.0,0.0
2025-06-18 05:10:00+00:00,13.399999618530273,13.399999618530273,13.399999618530273,13.399999618530273,26357,0.0,0.0,0.0
2025-06-18 05:15:00+00:00,13.399999618530273,13.399999618530273,13.399999618530273,13.399999618530273,15217,0.0,0.0,0.0
2025-06-18 05:20:00+00:00,13.399999618530273,13.399999618530273,13.390000343322754,13.399999618530273,22663,0.0,0.0,0.0
2025-06-19 01:00:00+00:00,13.390000343322754,13.390000343322754,13.369999885559082,13.369999885559082,111000,0.0,0.0,0.0
2025-06-19 01:05:00+00:00,13.350000381469727,13.350000381469727,13.350000381469727,13.350000381469727,60000,0.0,0.0,0.0
2025-06-19 01:10:00+00:00,13.359999656677246,13.359999656677246,13.350000381469727,13.359999656677246,38964,0.0,0.0,0.0
2025-06-19 01:15:00+00:00,13.359999656677246,13.369999885559082,13.359999656677246,13.369999885559082,141178,0.0,0.0,0.0
2025-06-19 01:20:00+00:00,13.369999885559082,13.369999885559082,13.359999656677246,13.369999885559082,10336,0.0,0.0,0.0
2025-06-19 01:25:00+00:00,13.359999656677246,13.359999656677246,13.350000381469727,13.350000381469727,37090,0.0,0.0,0.0
2025-06-19 01:30:00+00:00,13.359999656677246,13.359999656677246,13.34000015258789,13.34000015258789,11529,0.0,0.0,0.0
2025-06-19 01:35:00+00:00,13.34000015258789,13.34000015258789,13.329999923706055,13.329999923706055,21708,0.0,0.0,0.0
2025-06-19 01:40:00+00:00,13.319999694824219,13.319999694824219,13.3100004196167,13.319999694824219,26997,0.0,0.0,0.0
2025-06-19 01:45:00+00:00,13.3100004196167,13.329999923706055,13.3100004196167,13.329999923706055,46245,0.0,0.0,0.0
2025-06-19 01:50:00+00:00,13.329999923706055,13.329999923706055,13.319999694824219,13.319999694824219,11372,0.0,0.0,0.0
2025-06-19 01:55:00+00:00,13.319999694824219,13.319999694824219,13.3100004196167,13.3100004196167,74100,0.0,0.0,0.0
2025-06-19 02:00:00+00:00,13.319999694824219,13.319999694824219,13.3100004196167,13.3100004196167,17934,0.0,0.0,0.0
2025-06-19 02:05:00+00:00,13.319999694824219,13.329999923706055,13.319999694824219,13.329999923706055,51368,0.0,0.0,0.0
2025-06-19 02:10:00+00:00,13.329999923706055,13.329999923706055,13.319999694824219,13.319999694824219,71218,0.0,0.0,0.0
2025-06-19 02:15:00+00:00,13.319999694824219,13.319999694824219,13.300000190734863,13.300000190734863,67284,0.0,0.0,0.0
2025-06-19 02:20:00+00:00,13.300000190734863,13.300000190734863,13.300000190734863,13.300000190734863,7317,0.0,0.0,0.0
2025-06-19 02:25:00+00:00,13.300000190734863,13.300000190734863,13.300000190734863,13.300000190734863,22602,0.0,0.0,0.0
2025-06-19 02:30:00+00:00,13.3100004196167,13.3100004196167,13.3100004196167,13.3100004196167,7118,0.0,0.0,0.0
2025-06-19 02:35:00+00:00,13.300000190734863,13.3100004196167,13.300000190734863,13.3100004196167,7135,0.0,0.0,0.0
2025-06-19 02:40:00+00:00,13.300000190734863,13.3100004196167,13.300000190734863,13.300000190734863,56333,0.0,0.0,0.0
2025-06-19 02:45:00+00:00,13.3100004196167,13.3100004196167,13.279999732971191,13.279999732971191,39544,0.0,0.0,0.0
2025-06-19 02:50:00+00:00,13.279999732971191,13.289999961853027,13.279999732971191,13.289999961853027,10008,0.0,0.0,0.0
2025-06-19 02:55:00+00:00,13.289999961853027,13.289999961853027,13.270000457763672,13.279999732971191,46159,0.0,0.0,0.0
2025-06-19 03:00:00+00:00,13.289999961853027,13.300000190734863,13.289999961853027,13.300000190734863,15266,0.0,0.0,0.0
2025-06-19 03:05:00+00:00,13.300000190734863,13.300000190734863,13.300000190734863,13.300000190734863,13017,0.0,0.0,0.0
2025-06-19 03:10:00+00:00,13.300000190734863,13.3100004196167,13.300000190734863,13.3100004196167,20726,0.0,0.0,0.0
2025-06-19 03:15:00+00:00,13.3100004196167,13.3100004196167,13.3100004196167,13.3100004196167,6514,0.0,0.0,0.0
2025-06-19 03:20:00+00:00,13.319999694824219,13.319999694824219,13.3100004196167,13.3100004196167,3118,0.0,0.0,0.0
2025-06-19 03:25:00+00:00,13.319999694824219,13.319999694824219,13.319999694824219,13.319999694824219,51030,0.0,0.0,0.0
2025-06-19 03:30:00+00:00,13.329999923706055,13.329999923706055,13.319999694824219,13.319999694824219,8375,0.0,0.0,0.0
2025-06-19 03:35:00+00:00,13.319999694824219,13.319999694824219,13.319999694824219,13.319999694824219,26111,0.0,0.0,0.0
2025-06-19 03:40:00+00:00,13.319999694824219,13.329999923706055,13.319999694824219,13.329999923706055,4121,0.0,0.0,0.0
2025-06-19 03:45:00+00:00,13.329999923706055,13.329999923706055,13.319999694824219,13.319999694824219,10522,0.0,0.0,0.0
2025-06-19 03:50:00+00:00,13.319999694824219,13.329999923706055,13.319999694824219,13.319999694824219,4042,0.0,0.0,0.0
2025-06-19 03:55:00+00:00,13.329999923706055,13.329999923706055,13.319999694824219,13.319999694824219,16010,0.0,0.0,0.0
2025-06-19 04:00:00+00:00,13.329999923706055,13.329999923706055,13.319999694824219,13.319999694824219,108054,0.0,0.0,0.0
2025-06-19 04:05:00+00:00,13.319999694824219,13.319999694824219,13.319999694824219,13.319999694824219,2304,0.0,0.0,0.0
2025-06-19 04:10:00+00:00,13.3100004196167,13.3100004196167,13.3100004196167,13.3100004196167,62427,0.0,0.0,0.0
2025-06-19 04:15:00+00:00,13.3100004196167,13.319999694824219,13.3100004196167,13.319999694824219,4806,0.0,0.0,0.0
2025-06-19 04:20:00+00:00,13.3100004196167,13.3100004196167,13.300000190734863,13.300000190734863,47013,0.0,0.0,0.0
2025-06-19 04:25:00+00:00,13.3100004196167,13.3100004196167,13.300000190734863,13.300000190734863,47066,0.0,0.0,0.0
2025-06-19 04:30:00+00:00,13.3100004196167,13.3100004196167,13.300000190734863,13.300000190734863,14673,0.0,0.0,0.0
2025-06-19 04:35:00+00:00,13.300000190734863,13.300000190734863,13.300000190734863,13.300000190734863,13340,0.0,0.0,0.0
2025-06-19 04:40:00+00:00,13.3100004196167,13.3100004196167,13.300000190734863,13.3100004196167,11360,0.0,0.0,0.0
2025-06-19 04:45:00+00:00,13.3100004196167,13.3100004196167,13.300000190734863,13.3100004196167,9384,0.0,0.0,0.0
2025-06-19 04:50:00+00:00,13.300000190734863,13.300000190734863,13.300000190734863,13.300000190734863,6050,0.0,0.0,0.0
2025-06-19 04:55:00+00:00,13.300000190734863,13.300000190734863,13.300000190734863,13.300000190734863,25114,0.0,0.0,0.0
2025-06-19 05:00:00+00:00,13.300000190734863,13.300000190734863,13.289999961853027,13.289999961853027,253122,0.0,0.0,0.0
2025-06-19 05:05:00+00:00,13.289999961853027,13.289999961853027,13.289999961853027,13.289999961853027,39169,0.0,0.0,0.0
2025-06-19 05:10:00+00:00,13.289999961853027,13.289999961853027,13.279999732971191,13.279999732971191,15106,0.0,0.0,0.0
2025-06-19 05:15:00+00:00,13.289999961853027,13.289999961853027,13.279999732971191,13.279999732971191,25727,0.0,0.0,0.0
2025-06-19 05:20:00+00:00,13.289999961853027,13.289999961853027,13.289999961853027,13.289999961853027,19333,0.0,0.0,0.0
2025-06-20 01:00:00+00:00,13.289999961853027,13.300000190734863,13.289999961853027,13.289999961853027,41000,0.0,0.0,0.0
2025-06-20 01:05:00+00:00,13.300000190734863,13.300000190734863,13.260000228881836,13.260000228881836,18071,0.0,0.0,0.0
2025-06-20 01:10:00+00:00,13.260000228881836,13.270000457763672,13.25,13.25,45991,0.0,0.0,0.0
2025-06-20 01:15:00+00:00,13.239999771118164,13.25,13.239999771118164,13.239999771118164,64224,0.0,0.0,0.0
2025-06-20 01:20:00+00:00,13.239999771118164,13.25,13.229999542236328,13.239999771118164,60161,0.0,0.0,0.0
2025-06-20 01:25:00+00:00,13.239999771118164,13.239999771118164,13.229999542236328,13.229999542236328,27073,0.0,0.0,0.0
2025-06-20 01:30:00+00:00,13.229999542236328,13.229999542236328,13.210000038146973,13.210000038146973,53814,0.0,0.0,0.0
2025-06-20 01:35:00+00:00,13.199999809265137,13.199999809265137,13.1899995803833,13.1899995803833,421211,0.0,0.0,0.0
2025-06-20 01:40:00+00:00,13.1899995803833,13.199999809265137,13.1899995803833,13.1899995803833,29845,0.0,0.0,0.0
2025-06-20 01:45:00+00:00,13.1899995803833,13.1899995803833,13.180000305175781,13.180000305175781,61016,0.0,0.0,0.0
2025-06-20 01:50:00+00:00,13.180000305175781,13.180000305175781,13.180000305175781,13.180000305175781,6599,0.0,0.0,0.0
2025-06-20 01:55:00+00:00,13.170000076293945,13.170000076293945,13.170000076293945,13.170000076293945,42536,0.0,0.0,0.0
2025-06-20 02:00:00+00:00,13.180000305175781,13.180000305175781,13.180000305175781,13.180000305175781,13738,0.0,0.0,0.0
2025-06-20 02:05:00+00:00,13.180000305175781,13.180000305175781,13.170000076293945,13.180000305175781,11418,0.0,0.0,0.0
2025-06-20 02:10:00+00:00,13.180000305175781,13.180000305175781,13.15999984741211,13.15999984741211,57110,0.0,0.0,0.0
2025-06-20 02:15:00+00:00,13.15999984741211,13.15999984741211,13.149999618530273,13.15999984741211,50335,0.0,0.0,0.0
2025-06-20 02:20:00+00:00,13.15999984741211,13.15999984741211,13.149999618530273,13.15999984741211,16218,0.0,0.0,0.0
2025-06-20 02:25:00+00:00,13.170000076293945,13.170000076293945,13.170000076293945,13.170000076293945,4181,0.0,0.0,0.0
2025-06-20 02:30:00+00:00,13.170000076293945,13.180000305175781,13.170000076293945,13.180000305175781,95314,0.0,0.0,0.0
2025-06-20 02:35:00+00:00,13.1899995803833,13.199999809265137,13.1899995803833,13.199999809265137,36169,0.0,0.0,0.0
2025-06-20 02:40:00+00:00,13.199999809265137,13.199999809265137,13.1899995803833,13.1899995803833,39059,0.0,0.0,0.0
2025-06-20 02:45:00+00:00,13.1899995803833,13.199999809265137,13.1899995803833,13.199999809265137,3174,0.0,0.0,0.0
2025-06-20 02:50:00+00:00,13.199999809265137,13.199999809265137,13.1899995803833,13.1899995803833,151235,0.0,0.0,0.0
2025-06-20 02:55:00+00:00,13.1899995803833,13.1899995803833,13.1899995803833,13.1899995803833,11530,0.0,0.0,0.0
2025-06-20 03:00:00+00:00,13.180000305175781,13.180000305175781,13.180000305175781,13.180000305175781,29266,0.0,0.0,0.0
2025-06-20 03:05:00+00:00,13.180000305175781,13.180000305175781,13.180000305175781,13.180000305175781,3205,0.0,0.0,0.0
2025-06-20 03:10:00+00:00,13.180000305175781,13.180000305175781,13.180000305175781,13.180000305175781,2144,0.0,0.0,0.0
2025-06-20 03:15:00+00:00,13.180000305175781,13.180000305175781,13.170000076293945,13.170000076293945,10387,0.0,0.0,0.0
2025-06-20 03:20:00+00:00,13.180000305175781,13.1899995803833,13.170000076293945,13.1899995803833,6151,0.0,0.0,0.0
2025-06-20 03:25:00+00:00,13.1899995803833,13.1899995803833,13.1899995803833,13.1899995803833,13269,0.0,0.0,0.0
2025-06-20 03:30:00+00:00,13.199999809265137,13.199999809265137,13.199999809265137,13.199999809265137,13686,0.0,0.0,0.0
2025-06-20 03:35:00+00:00,13.199999809265137,13.199999809265137,13.199999809265137,13.199999809265137,38024,0.0,0.0,0.0
2025-06-20 03:40:00+00:00,13.210000038146973,13.220000267028809,13.210000038146973,13.220000267028809,5124,0.0,0.0,0.0
2025-06-20 03:45:00+00:00,13.210000038146973,13.220000267028809,13.210000038146973,13.220000267028809,8320,0.0,0.0,0.0
2025-06-20 03:50:00+00:00,13.210000038146973,13.229999542236328,13.210000038146973,13.229999542236328,74076,0.0,0.0,0.0
2025-06-20 03:55:00+00:00,13.239999771118164,13.25,13.229999542236328,13.25,40063,0.0,0.0,0.0
2025-06-20 04:00:00+00:00,13.25,13.25,13.25,13.25,6053,0.0,0.0,0.0
2025-06-20 04:05:00+00:00,13.25,13.25,13.25,13.25,5187,0.0,0.0,0.0
2025-06-20 04:10:00+00:00,13.25,13.25,13.25,13.25,34137,0.0,0.0,0.0
2025-06-20 04:15:00+00:00,13.25,13.25,13.239999771118164,13.25,5153,0.0,0.0,0.0
2025-06-20 04:20:00+00:00,13.25,13.25,13.239999771118164,13.25,8682,0.0,0.0,0.0
2025-06-20 04:25:00+00:00,13.25,13.25,13.25,13.25,1055,0.0,0.0,0.0
2025-06-20 04:30:00+00:00,13.25,13.25,13.239999771118164,13.239999771118164,4486,0.0,0.0,0.0
2025-06-20 04:35:00+00:00,13.239999771118164,13.239999771118164,13.239999771118164,13.239999771118164,3010,0.0,0.0,0.0
2025-06-20 04:40:00+00:00,13.239999771118164,13.239999771118164,13.220000267028809,13.220000267028809,18183,0.0,0.0,0.0
2025-06-20 04:45:00+00:00,13.210000038146973,13.210000038146973,13.210000038146973,13.210000038146973,19425,0.0,0.0,0.0
2025-06-20 04:50:00+00:00,13.210000038146973,13.229999542236328,13.210000038146973,13.229999542236328,90110,0.0,0.0,0.0
2025-06-20 04:55:00+00:00,13.229999542236328,13.239999771118164,13.229999542236328,13.239999771118164,37694,0.0,0.0,0.0
2025-06-20 05:00:00+00:00,13.239999771118164,13.239999771118164,13.239999771118164,13.239999771118164,3310,0.0,0.0,0.0
2025-06-20 05:05:00+00:00,13.239999771118164,13.239999771118164,13.229999542236328,13.229999542236328,10010,0.0,0.0,0.0
2025-06-20 05:10:00+00:00,13.229999542236328,13.229999542236328,13.229999542236328,13.229999542236328,17398,0.0,0.0,0.0
2025-06-20 05:15:00+00:00,13.229999542236328,13.229999542236328,13.220000267028809,13.229999542236328,5926,0.0,0.0,0.0
2025-06-20 05:20:00+00:00,13.229999542236328,13.229999542236328,13.220000267028809,13.229999542236328,52161,0.0,0.0,0.0
2025-06-23 01:00:00+00:00,13.100000381469727,13.100000381469727,13.050000190734863,13.0600004196167,0,0.0,0.0,0.0
2025-06-23 01:05:00+00:00,13.069999694824219,13.100000381469727,13.0600004196167,13.100000381469727,79317,0.0,0.0,0.0
2025-06-23 01:10:00+00:00,13.119999885559082,13.140000343322754,13.119999885559082,13.130000114440918,77550,0.0,0.0,0.0
2025-06-23 01:15:00+00:00,13.130000114440918,13.130000114440918,13.09000015258789,13.09000015258789,102353,0.0,0.0,0.0
2025-06-23 01:20:00+00:00,13.09000015258789,13.09000015258789,13.069999694824219,13.079999923706055,62594,0.0,0.0,0.0
2025-06-23 01:25:00+00:00,13.079999923706055,13.079999923706055,13.079999923706055,13.079999923706055,32738,0.0,0.0,0.0
2025-06-23 01:30:00+00:00,13.079999923706055,13.09000015258789,13.0600004196167,13.09000015258789,122909,0.0,0.0,0.0
2025-06-23 01:35:00+00:00,13.09000015258789,13.109999656677246,13.09000015258789,13.100000381469727,164084,0.0,0.0,0.0
2025-06-23 01:40:00+00:00,13.09000015258789,13.100000381469727,13.09000015258789,13.09000015258789,28960,0.0,0.0,0.0
2025-06-23 01:45:00+00:00,13.09000015258789,13.109999656677246,13.09000015258789,13.109999656677246,35645,0.0,0.0,0.0
2025-06-23 01:50:00+00:00,13.109999656677246,13.130000114440918,13.109999656677246,13.130000114440918,52325,0.0,0.0,0.0
2025-06-23 01:55:00+00:00,13.130000114440918,13.130000114440918,13.119999885559082,13.119999885559082,11314,0.0,0.0,0.0
2025-06-23 02:00:00+00:00,13.130000114440918,13.130000114440918,13.119999885559082,13.119999885559082,64510,0.0,0.0,0.0
2025-06-23 02:05:00+00:00,13.119999885559082,13.119999885559082,13.109999656677246,13.119999885559082,55814,0.0,0.0,0.0
2025-06-23 02:10:00+00:00,13.140000343322754,13.140000343322754,13.130000114440918,13.130000114440918,7465,0.0,0.0,0.0
2025-06-23 02:15:00+00:00,13.140000343322754,13.140000343322754,13.140000343322754,13.140000343322754,7005,0.0,0.0,0.0
2025-06-23 02:20:00+00:00,13.140000343322754,13.140000343322754,13.130000114440918,13.140000343322754,9758,0.0,0.0,0.0
2025-06-23 02:25:00+00:00,13.140000343322754,13.140000343322754,13.140000343322754,13.140000343322754,5889,0.0,0.0,0.0
2025-06-23 02:30:00+00:00,13.140000343322754,13.140000343322754,13.140000343322754,13.140000343322754,12438,0.0,0.0,0.0
2025-06-23 02:35:00+00:00,13.130000114440918,13.140000343322754,13.130000114440918,13.140000343322754,52234,0.0,0.0,0.0
2025-06-23 02:40:00+00:00,13.149999618530273,13.149999618530273,13.140000343322754,13.140000343322754,13437,0.0,0.0,0.0
2025-06-23 02:45:00+00:00,13.149999618530273,13.149999618530273,13.140000343322754,13.149999618530273,12416,0.0,0.0,0.0
2025-06-23 02:50:00+00:00,13.149999618530273,13.149999618530273,13.149999618530273,13.149999618530273,34382,0.0,0.0,0.0
2025-06-23 02:55:00+00:00,13.149999618530273,13.149999618530273,13.140000343322754,13.140000343322754,14716,0.0,0.0,0.0
2025-06-23 03:00:00+00:00,13.130000114440918,13.149999618530273,13.119999885559082,13.149999618530273,17145,0.0,0.0,0.0
2025-06-23 03:05:00+00:00,13.149999618530273,13.149999618530273,13.130000114440918,13.130000114440918,5183,0.0,0.0,0.0
2025-06-23 03:10:00+00:00,13.149999618530273,13.149999618530273,13.140000343322754,13.140000343322754,22164,0.0,0.0,0.0
2025-06-23 03:15:00+00:00,13.140000343322754,13.149999618530273,13.140000343322754,13.149999618530273,3270,0.0,0.0,0.0
2025-06-23 03:20:00+00:00,13.149999618530273,13.149999618530273,13.140000343322754,13.140000343322754,6138,0.0,0.0,0.0
2025-06-23 03:25:00+00:00,13.140000343322754,13.149999618530273,13.140000343322754,13.149999618530273,3079,0.0,0.0,0.0
2025-06-23 03:30:00+00:00,13.149999618530273,13.15999984741211,13.149999618530273,13.15999984741211,10049,0.0,0.0,0.0
2025-06-23 03:35:00+00:00,13.15999984741211,13.15999984741211,13.15999984741211,13.15999984741211,3206,0.0,0.0,0.0
2025-06-23 03:40:00+00:00,13.15999984741211,13.15999984741211,13.149999618530273,13.149999618530273,5004,0.0,0.0,0.0
2025-06-23 03:45:00+00:00,13.149999618530273,13.15999984741211,13.149999618530273,13.15999984741211,8084,0.0,0.0,0.0
2025-06-23 03:50:00+00:00,13.15999984741211,13.170000076293945,13.149999618530273,13.149999618530273,8091,0.0,0.0,0.0
2025-06-23 03:55:00+00:00,13.170000076293945,13.170000076293945,13.170000076293945,13.170000076293945,4108,0.0,0.0,0.0
2025-06-23 04:00:00+00:00,13.15999984741211,13.15999984741211,13.15999984741211,13.15999984741211,3129,0.0,0.0,0.0
2025-06-23 04:05:00+00:00,13.149999618530273,13.15999984741211,13.149999618530273,13.15999984741211,6565,0.0,0.0,0.0
2025-06-23 04:10:00+00:00,13.15999984741211,13.15999984741211,13.15999984741211,13.15999984741211,3823,0.0,0.0,0.0
2025-06-23 04:15:00+00:00,13.15999984741211,13.15999984741211,13.149999618530273,13.15999984741211,20284,0.0,0.0,0.0
2025-06-23 04:20:00+00:00,13.15999984741211,13.15999984741211,13.149999618530273,13.15999984741211,7110,0.0,0.0,0.0
2025-06-23 04:25:00+00:00,13.15999984741211,13.15999984741211,13.149999618530273,13.149999618530273,22061,0.0,0.0,0.0
2025-06-23 04:30:00+00:00,13.15999984741211,13.15999984741211,13.149999618530273,13.15999984741211,38328,0.0,0.0,0.0
2025-06-23 04:35:00+00:00,13.15999984741211,13.15999984741211,13.15999984741211,13.15999984741211,11100,0.0,0.0,0.0
2025-06-23 04:40:00+00:00,13.15999984741211,13.15999984741211,13.15999984741211,13.15999984741211,14300,0.0,0.0,0.0
2025-06-23 04:45:00+00:00,13.15999984741211,13.170000076293945,13.15999984741211,13.170000076293945,32080,0.0,0.0,0.0
2025-06-23 04:50:00+00:00,13.170000076293945,13.170000076293945,13.149999618530273,13.149999618530273,16209,0.0,0.0,0.0
2025-06-23 04:55:00+00:00,13.149999618530273,13.170000076293945,13.149999618530273,13.170000076293945,5486,0.0,0.0,0.0
2025-06-23 05:00:00+00:00,13.15999984741211,13.15999984741211,13.149999618530273,13.15999984741211,57116,0.0,0.0,0.0
2025-06-23 05:05:00+00:00,13.15999984741211,13.1899995803833,13.15999984741211,13.1899995803833,42311,0.0,0.0,0.0
2025-06-23 05:10:00+00:00,13.170000076293945,13.180000305175781,13.15999984741211,13.180000305175781,107044,0.0,0.0,0.0
2025-06-23 05:15:00+00:00,13.1899995803833,13.199999809265137,13.180000305175781,13.199999809265137,169805,0.0,0.0,0.0
2025-06-23 05:20:00+00:00,13.199999809265137,13.199999809265137,13.1899995803833,13.1899995803833,16791,0.0,0.0,0.0
2025-06-24 01:00:00+00:00,13.390000343322754,13.390000343322754,13.390000343322754,13.390000343322754,64000,0.0,0.0,0.0
2025-06-24 01:05:00+00:00,13.390000343322754,13.449999809265137,13.390000343322754,13.430000305175781,429000,0.0,0.0,0.0
2025-06-24 01:10:00+00:00,13.430000305175781,13.430000305175781,13.420000076293945,13.420000076293945,191530,0.0,0.0,0.0
2025-06-24 01:15:00+00:00,13.420000076293945,13.449999809265137,13.420000076293945,13.449999809265137,225862,0.0,0.0,0.0
2025-06-24 01:20:00+00:00,13.449999809265137,13.449999809265137,13.4399995803833,13.4399995803833,57549,0.0,0.0,0.0
2025-06-24 01:25:00+00:00,13.4399995803833,13.449999809265137,13.420000076293945,13.420000076293945,120198,0.0,0.0,0.0
2025-06-24 01:30:00+00:00,13.420000076293945,13.420000076293945,13.40999984741211,13.40999984741211,25078,0.0,0.0,0.0
2025-06-24 01:35:00+00:00,13.40999984741211,13.40999984741211,13.40999984741211,13.40999984741211,60044,0.0,0.0,0.0
2025-06-24 01:40:00+00:00,13.420000076293945,13.4399995803833,13.420000076293945,13.4399995803833,146069,0.0,0.0,0.0
2025-06-24 01:45:00+00:00,13.4399995803833,13.449999809265137,13.430000305175781,13.4399995803833,88644,0.0,0.0,0.0
2025-06-24 01:50:00+00:00,13.4399995803833,13.4399995803833,13.430000305175781,13.430000305175781,39109,0.0,0.0,0.0
2025-06-24 01:55:00+00:00,13.4399995803833,13.449999809265137,13.430000305175781,13.430000305175781,85034,0.0,0.0,0.0
2025-06-24 02:00:00+00:00,13.4399995803833,13.4399995803833,13.430000305175781,13.4399995803833,16014,0.0,0.0,0.0
2025-06-24 02:05:00+00:00,13.430000305175781,13.430000305175781,13.40999984741211,13.40999984741211,49718,0.0,0.0,0.0
2025-06-24 02:10:00+00:00,13.40999984741211,13.40999984741211,13.40999984741211,13.40999984741211,23447,0.0,0.0,0.0
2025-06-24 02:15:00+00:00,13.399999618530273,13.399999618530273,13.390000343322754,13.390000343322754,335029,0.0,0.0,0.0
2025-06-24 02:20:00+00:00,13.390000343322754,13.399999618530273,13.390000343322754,13.399999618530273,19240,0.0,0.0,0.0
2025-06-24 02:25:00+00:00,13.390000343322754,13.390000343322754,13.390000343322754,13.390000343322754,7068,0.0,0.0,0.0
2025-06-24 02:30:00+00:00,13.399999618530273,13.399999618530273,13.399999618530273,13.399999618530273,49199,0.0,0.0,0.0
2025-06-24 02:35:00+00:00,13.399999618530273,13.399999618530273,13.390000343322754,13.390000343322754,4040,0.0,0.0,0.0
2025-06-24 02:40:00+00:00,13.390000343322754,13.390000343322754,13.390000343322754,13.390000343322754,15336,0.0,0.0,0.0
2025-06-24 02:45:00+00:00,13.390000343322754,13.390000343322754,13.390000343322754,13.390000343322754,3016,0.0,0.0,0.0
2025-06-24 02:50:00+00:00,13.390000343322754,13.390000343322754,13.390000343322754,13.390000343322754,3302,0.0,0.0,0.0
2025-06-24 02:55:00+00:00,13.390000343322754,13.399999618530273,13.390000343322754,13.399999618530273,24196,0.0,0.0,0.0
2025-06-24 03:00:00+00:00,13.399999618530273,13.399999618530273,13.399999618530273,13.399999618530273,52045,0.0,0.0,0.0
2025-06-24 03:05:00+00:00,13.399999618530273,13.399999618530273,13.399999618530273,13.399999618530273,23137,0.0,0.0,0.0
2025-06-24 03:10:00+00:00,13.399999618530273,13.420000076293945,13.399999618530273,13.420000076293945,179260,0.0,0.0,0.0
2025-06-24 03:15:00+00:00,13.40999984741211,13.430000305175781,13.40999984741211,13.420000076293945,67415,0.0,0.0,0.0
2025-06-24 03:20:00+00:00,13.420000076293945,13.4399995803833,13.420000076293945,13.430000305175781,59793,0.0,0.0,0.0
2025-06-24 03:25:00+00:00,13.430000305175781,13.430000305175781,13.430000305175781,13.430000305175781,19313,0.0,0.0,0.0
2025-06-24 03:30:00+00:00,13.4399995803833,13.4399995803833,13.430000305175781,13.4399995803833,114701,0.0,0.0,0.0
2025-06-24 03:35:00+00:00,13.4399995803833,13.449999809265137,13.4399995803833,13.449999809265137,5016,0.0,0.0,0.0
2025-06-24 03:40:00+00:00,13.4399995803833,13.449999809265137,13.4399995803833,13.449999809265137,21678,0.0,0.0,0.0
2025-06-24 03:45:00+00:00,13.4399995803833,13.449999809265137,13.4399995803833,13.449999809265137,83005,0.0,0.0,0.0
2025-06-24 03:50:00+00:00,13.449999809265137,13.449999809265137,13.4399995803833,13.4399995803833,19137,0.0,0.0,0.0
2025-06-24 03:55:00+00:00,13.4399995803833,13.4399995803833,13.4399995803833,13.4399995803833,22027,0.0,0.0,0.0
2025-06-24 04:00:00+00:00,13.4399995803833,13.4399995803833,13.4399995803833,13.4399995803833,4042,0.0,0.0,0.0
2025-06-24 04:05:00+00:00,13.430000305175781,13.4399995803833,13.430000305175781,13.4399995803833,13038,0.0,0.0,0.0
2025-06-24 04:10:00+00:00,13.430000305175781,13.4399995803833,13.430000305175781,13.430000305175781,28758,0.0,0.0,0.0
2025-06-24 04:20:00+00:00,13.420000076293945,13.430000305175781,13.420000076293945,13.420000076293945,87541,0.0,0.0,0.0
2025-06-24 04:25:00+00:00,13.420000076293945,13.420000076293945,13.420000076293945,13.420000076293945,46110,0.0,0.0,0.0
2025-06-24 04:30:00+00:00,13.430000305175781,13.430000305175781,13.420000076293945,13.420000076293945,5413,0.0,0.0,0.0
2025-06-24 04:35:00+00:00,13.420000076293945,13.420000076293945,13.420000076293945,13.420000076293945,31160,0.0,0.0,0.0
2025-06-24 04:40:00+00:00,13.430000305175781,13.4399995803833,13.420000076293945,13.430000305175781,86771,0.0,0.0,0.0
2025-06-24 04:45:00+00:00,13.430000305175781,13.430000305175781,13.430000305175781,13.430000305175781,6610,0.0,0.0,0.0
2025-06-24 04:50:00+00:00,13.4399995803833,13.4399995803833,13.4399995803833,13.4399995803833,611601,0.0,0.0,0.0
2025-06-24 04:55:00+00:00,13.4399995803833,13.449999809265137,13.4399995803833,13.4399995803833,29115,0.0,0.0,0.0
2025-06-24 05:00:00+00:00,13.4399995803833,13.449999809265137,13.4399995803833,13.4399995803833,28795,0.0,0.0,0.0
2025-06-24 05:05:00+00:00,13.4399995803833,13.4399995803833,13.4399995803833,13.4399995803833,17177,0.0,0.0,0.0
2025-06-24 05:10:00+00:00,13.4399995803833,13.4399995803833,13.4399995803833,13.4399995803833,9168,0.0,0.0,0.0
2025-06-24 05:15:00+00:00,13.449999809265137,13.449999809265137,13.4399995803833,13.4399995803833,11658,0.0,0.0,0.0
2025-06-24 05:20:00+00:00,13.4399995803833,13.4399995803833,13.430000305175781,13.4399995803833,79297,0.0,0.0,0.0
2025-06-25 01:00:00+00:00,13.550000190734863,13.5600004196167,13.539999961853027,13.550000190734863,321000,0.0,0.0,0.0
2025-06-25 01:05:00+00:00,13.550000190734863,13.550000190734863,13.529999732971191,13.539999961853027,129000,0.0,0.0,0.0
2025-06-25 01:10:00+00:00,13.539999961853027,13.550000190734863,13.539999961853027,13.550000190734863,144945,0.0,0.0,0.0
2025-06-25 01:15:00+00:00,13.539999961853027,13.539999961853027,13.539999961853027,13.539999961853027,130078,0.0,0.0,0.0
2025-06-25 01:20:00+00:00,13.539999961853027,13.539999961853027,13.529999732971191,13.529999732971191,38251,0.0,0.0,0.0
2025-06-25 01:25:00+00:00,13.529999732971191,13.529999732971191,13.520000457763672,13.520000457763672,22000,0.0,0.0,0.0
2025-06-25 01:30:00+00:00,13.529999732971191,13.539999961853027,13.520000457763672,13.539999961853027,216570,0.0,0.0,0.0
2025-06-25 01:35:00+00:00,13.539999961853027,13.550000190734863,13.520000457763672,13.520000457763672,202471,0.0,0.0,0.0
2025-06-25 01:40:00+00:00,13.529999732971191,13.539999961853027,13.529999732971191,13.529999732971191,247213,0.0,0.0,0.0
2025-06-25 01:45:00+00:00,13.529999732971191,13.539999961853027,13.529999732971191,13.529999732971191,36433,0.0,0.0,0.0
2025-06-25 01:50:00+00:00,13.529999732971191,13.529999732971191,13.520000457763672,13.529999732971191,24842,0.0,0.0,0.0
2025-06-25 01:55:00+00:00,13.520000457763672,13.529999732971191,13.520000457763672,13.520000457763672,13163,0.0,0.0,0.0
2025-06-25 02:00:00+00:00,13.529999732971191,13.529999732971191,13.520000457763672,13.520000457763672,50623,0.0,0.0,0.0
2025-06-25 02:05:00+00:00,13.520000457763672,13.529999732971191,13.520000457763672,13.520000457763672,70407,0.0,0.0,0.0
2025-06-25 02:10:00+00:00,13.529999732971191,13.539999961853027,13.529999732971191,13.529999732971191,266346,0.0,0.0,0.0
2025-06-25 02:15:00+00:00,13.539999961853027,13.539999961853027,13.529999732971191,13.529999732971191,85617,0.0,0.0,0.0
2025-06-25 02:20:00+00:00,13.529999732971191,13.539999961853027,13.529999732971191,13.529999732971191,13513,0.0,0.0,0.0
2025-06-25 02:25:00+00:00,13.520000457763672,13.520000457763672,13.520000457763672,13.520000457763672,2011,0.0,0.0,0.0
2025-06-25 02:30:00+00:00,13.520000457763672,13.529999732971191,13.520000457763672,13.520000457763672,43480,0.0,0.0,0.0
2025-06-25 02:35:00+00:00,13.520000457763672,13.529999732971191,13.520000457763672,13.520000457763672,88046,0.0,0.0,0.0
2025-06-25 02:40:00+00:00,13.529999732971191,13.529999732971191,13.520000457763672,13.520000457763672,47068,0.0,0.0,0.0
2025-06-25 02:45:00+00:00,13.520000457763672,13.529999732971191,13.520000457763672,13.529999732971191,2098,0.0,0.0,0.0
2025-06-25 02:50:00+00:00,13.520000457763672,13.529999732971191,13.520000457763672,13.520000457763672,65048,0.0,0.0,0.0
2025-06-25 02:55:00+00:00,13.520000457763672,13.529999732971191,13.520000457763672,13.529999732971191,13087,0.0,0.0,0.0
2025-06-25 03:00:00+00:00,13.539999961853027,13.539999961853027,13.529999732971191,13.529999732971191,4135,0.0,0.0,0.0
2025-06-25 03:05:00+00:00,13.539999961853027,13.539999961853027,13.529999732971191,13.539999961853027,20265,0.0,0.0,0.0
2025-06-25 03:10:00+00:00,13.520000457763672,13.539999961853027,13.520000457763672,13.539999961853027,6027,0.0,0.0,0.0
2025-06-25 03:15:00+00:00,13.529999732971191,13.539999961853027,13.520000457763672,13.539999961853027,21280,0.0,0.0,0.0
2025-06-25 03:20:00+00:00,13.520000457763672,13.550000190734863,13.520000457763672,13.550000190734863,533109,0.0,0.0,0.0
2025-06-25 03:25:00+00:00,13.550000190734863,13.550000190734863,13.550000190734863,13.550000190734863,173187,0.0,0.0,0.0
2025-06-25 03:30:00+00:00,13.5600004196167,13.5600004196167,13.550000190734863,13.5600004196167,523285,0.0,0.0,0.0
2025-06-25 03:35:00+00:00,13.5600004196167,13.5600004196167,13.5600004196167,13.5600004196167,20212,0.0,0.0,0.0
2025-06-25 03:40:00+00:00,13.550000190734863,13.5600004196167,13.550000190734863,13.5600004196167,29027,0.0,0.0,0.0
2025-06-25 03:45:00+00:00,13.5600004196167,13.5600004196167,13.550000190734863,13.550000190734863,19037,0.0,0.0,0.0
2025-06-25 03:50:00+00:00,13.550000190734863,13.550000190734863,13.550000190734863,13.550000190734863,62194,0.0,0.0,0.0
2025-06-25 03:55:00+00:00,13.550000190734863,13.5600004196167,13.550000190734863,13.550000190734863,28192,0.0,0.0,0.0
2025-06-25 04:00:00+00:00,13.550000190734863,13.550000190734863,13.550000190734863,13.550000190734863,30126,0.0,0.0,0.0
2025-06-25 04:05:00+00:00,13.539999961853027,13.550000190734863,13.529999732971191,13.529999732971191,28112,0.0,0.0,0.0
2025-06-25 04:10:00+00:00,13.529999732971191,13.529999732971191,13.529999732971191,13.529999732971191,23568,0.0,0.0,0.0
2025-06-25 04:15:00+00:00,13.529999732971191,13.539999961853027,13.529999732971191,13.529999732971191,31774,0.0,0.0,0.0
2025-06-25 04:20:00+00:00,13.529999732971191,13.529999732971191,13.529999732971191,13.529999732971191,17095,0.0,0.0,0.0
2025-06-25 04:25:00+00:00,13.529999732971191,13.539999961853027,13.529999732971191,13.539999961853027,21809,0.0,0.0,0.0
2025-06-25 04:30:00+00:00,13.539999961853027,13.539999961853027,13.529999732971191,13.529999732971191,8903,0.0,0.0,0.0
2025-06-25 04:35:00+00:00,13.539999961853027,13.539999961853027,13.539999961853027,13.539999961853027,112738,0.0,0.0,0.0
2025-06-25 04:40:00+00:00,13.539999961853027,13.539999961853027,13.539999961853027,13.539999961853027,39175,0.0,0.0,0.0
2025-06-25 04:45:00+00:00,13.539999961853027,13.550000190734863,13.539999961853027,13.550000190734863,82800,0.0,0.0,0.0
2025-06-25 04:50:00+00:00,13.539999961853027,13.550000190734863,13.539999961853027,13.550000190734863,13270,0.0,0.0,0.0
2025-06-25 04:55:00+00:00,13.550000190734863,13.550000190734863,13.539999961853027,13.550000190734863,166937,0.0,0.0,0.0
2025-06-25 05:00:00+00:00,13.539999961853027,13.550000190734863,13.539999961853027,13.550000190734863,56140,0.0,0.0,0.0
2025-06-25 05:05:00+00:00,13.550000190734863,13.5600004196167,13.550000190734863,13.5600004196167,71510,0.0,0.0,0.0
2025-06-25 05:10:00+00:00,13.5600004196167,13.569999694824219,13.5600004196167,13.5600004196167,196492,0.0,0.0,0.0
2025-06-25 05:15:00+00:00,13.5600004196167,13.5600004196167,13.550000190734863,13.550000190734863,73302,0.0,0.0,0.0
2025-06-25 05:20:00+00:00,13.5600004196167,13.5600004196167,13.550000190734863,13.550000190734863,35566,0.0,0.0,0.0
2025-06-26 01:00:00+00:00,13.579999923706055,13.579999923706055,13.569999694824219,13.569999694824219,182000,0.0,0.0,0.0
2025-06-26 01:05:00+00:00,13.579999923706055,13.600000381469727,13.579999923706055,13.59000015258789,65000,0.0,0.0,0.0
2025-06-26 01:10:00+00:00,13.600000381469727,13.609999656677246,13.579999923706055,13.600000381469727,589857,0.0,0.0,0.0
2025-06-26 01:15:00+00:00,13.600000381469727,13.609999656677246,13.600000381469727,13.609999656677246,50515,0.0,0.0,0.0
2025-06-26 01:20:00+00:00,13.619999885559082,13.619999885559082,13.619999885559082,13.619999885559082,33426,0.0,0.0,0.0
2025-06-26 01:25:00+00:00,13.600000381469727,13.600000381469727,13.600000381469727,13.600000381469727,21956,0.0,0.0,0.0
2025-06-26 01:30:00+00:00,13.609999656677246,13.609999656677246,13.59000015258789,13.59000015258789,43015,0.0,0.0,0.0
2025-06-26 01:35:00+00:00,13.579999923706055,13.579999923706055,13.569999694824219,13.569999694824219,24769,0.0,0.0,0.0
2025-06-26 01:40:00+00:00,13.579999923706055,13.579999923706055,13.579999923706055,13.579999923706055,4345,0.0,0.0,0.0
2025-06-26 01:45:00+00:00,13.579999923706055,13.59000015258789,13.579999923706055,13.59000015258789,65581,0.0,0.0,0.0
2025-06-26 01:50:00+00:00,13.579999923706055,13.59000015258789,13.569999694824219,13.569999694824219,66106,0.0,0.0,0.0
2025-06-26 01:55:00+00:00,13.579999923706055,13.579999923706055,13.5600004196167,13.5600004196167,3164,0.0,0.0,0.0
2025-06-26 02:00:00+00:00,13.5600004196167,13.579999923706055,13.5600004196167,13.579999923706055,186357,0.0,0.0,0.0
2025-06-26 02:05:00+00:00,13.59000015258789,13.600000381469727,13.579999923706055,13.600000381469727,179355,0.0,0.0,0.0
2025-06-26 02:10:00+00:00,13.600000381469727,13.619999885559082,13.600000381469727,13.619999885559082,339359,0.0,0.0,0.0
2025-06-26 02:15:00+00:00,13.619999885559082,13.640000343322754,13.619999885559082,13.619999885559082,186798,0.0,0.0,0.0
2025-06-26 02:20:00+00:00,13.630000114440918,13.640000343322754,13.609999656677246,13.619999885559082,520635,0.0,0.0,0.0
2025-06-26 02:25:00+00:00,13.619999885559082,13.619999885559082,13.609999656677246,13.609999656677246,3032,0.0,0.0,0.0
2025-06-26 02:30:00+00:00,13.619999885559082,13.619999885559082,13.619999885559082,13.619999885559082,3127,0.0,0.0,0.0
2025-06-26 02:35:00+00:00,13.609999656677246,13.609999656677246,13.600000381469727,13.600000381469727,29340,0.0,0.0,0.0
2025-06-26 02:40:00+00:00,13.600000381469727,13.600000381469727,13.59000015258789,13.59000015258789,31217,0.0,0.0,0.0
2025-06-26 02:45:00+00:00,13.600000381469727,13.600000381469727,13.579999923706055,13.579999923706055,45188,0.0,0.0,0.0
2025-06-26 02:50:00+00:00,13.59000015258789,13.600000381469727,13.579999923706055,13.600000381469727,70251,0.0,0.0,0.0
2025-06-26 02:55:00+00:00,13.600000381469727,13.600000381469727,13.600000381469727,13.600000381469727,2010,0.0,0.0,0.0
2025-06-26 03:00:00+00:00,13.600000381469727,13.600000381469727,13.59000015258789,13.59000015258789,6980,0.0,0.0,0.0
2025-06-26 03:05:00+00:00,13.59000015258789,13.59000015258789,13.59000015258789,13.59000015258789,553838,0.0,0.0,0.0
2025-06-26 03:10:00+00:00,13.59000015258789,13.59000015258789,13.579999923706055,13.579999923706055,20034,0.0,0.0,0.0
2025-06-26 03:15:00+00:00,13.579999923706055,13.579999923706055,13.569999694824219,13.569999694824219,5047,0.0,0.0,0.0
2025-06-26 03:20:00+00:00,13.579999923706055,13.579999923706055,13.569999694824219,13.579999923706055,27132,0.0,0.0,0.0
2025-06-26 03:25:00+00:00,13.579999923706055,13.579999923706055,13.579999923706055,13.579999923706055,8027,0.0,0.0,0.0
2025-06-26 03:30:00+00:00,13.59000015258789,13.59000015258789,13.569999694824219,13.569999694824219,122037,0.0,0.0,0.0
2025-06-26 03:35:00+00:00,13.579999923706055,13.579999923706055,13.579999923706055,13.579999923706055,27331,0.0,0.0,0.0
2025-06-26 03:40:00+00:00,13.59000015258789,13.59000015258789,13.579999923706055,13.579999923706055,409278,0.0,0.0,0.0
2025-06-26 03:45:00+00:00,13.579999923706055,13.579999923706055,13.569999694824219,13.569999694824219,405017,0.0,0.0,0.0
2025-06-26 03:50:00+00:00,13.579999923706055,13.579999923706055,13.569999694824219,13.569999694824219,8223,0.0,0.0,0.0
2025-06-26 03:55:00+00:00,13.579999923706055,13.579999923706055,13.569999694824219,13.569999694824219,20026,0.0,0.0,0.0
2025-06-26 04:00:00+00:00,13.569999694824219,13.569999694824219,13.5600004196167,13.5600004196167,9803,0.0,0.0,0.0
2025-06-26 04:05:00+00:00,13.569999694824219,13.569999694824219,13.569999694824219,13.569999694824219,24580,0.0,0.0,0.0
2025-06-26 04:10:00+00:00,13.569999694824219,13.579999923706055,13.569999694824219,13.579999923706055,3668,0.0,0.0,0.0
2025-06-26 04:20:00+00:00,13.579999923706055,13.579999923706055,13.569999694824219,13.569999694824219,10630,0.0,0.0,0.0
2025-06-26 04:25:00+00:00,13.579999923706055,13.579999923706055,13.569999694824219,13.569999694824219,32027,0.0,0.0,0.0
2025-06-26 04:30:00+00:00,13.579999923706055,13.579999923706055,13.569999694824219,13.569999694824219,13431,0.0,0.0,0.0
2025-06-26 04:35:00+00:00,13.569999694824219,13.569999694824219,13.569999694824219,13.569999694824219,27570,0.0,0.0,0.0
2025-06-26 04:40:00+00:00,13.569999694824219,13.569999694824219,13.569999694824219,13.569999694824219,5020,0.0,0.0,0.0
2025-06-26 04:45:00+00:00,13.569999694824219,13.579999923706055,13.569999694824219,13.579999923706055,186321,0.0,0.0,0.0
2025-06-26 04:50:00+00:00,13.569999694824219,13.569999694824219,13.569999694824219,13.569999694824219,53120,0.0,0.0,0.0
2025-06-26 04:55:00+00:00,13.569999694824219,13.579999923706055,13.569999694824219,13.579999923706055,22491,0.0,0.0,0.0
2025-06-26 05:00:00+00:00,13.579999923706055,13.579999923706055,13.569999694824219,13.579999923706055,145124,0.0,0.0,0.0
2025-06-26 05:05:00+00:00,13.579999923706055,13.579999923706055,13.569999694824219,13.569999694824219,408104,0.0,0.0,0.0
2025-06-26 05:10:00+00:00,13.569999694824219,13.579999923706055,13.569999694824219,13.579999923706055,12863,0.0,0.0,0.0
2025-06-26 05:15:00+00:00,13.579999923706055,13.579999923706055,13.5600004196167,13.5600004196167,84183,0.0,0.0,0.0
2025-06-26 05:20:00+00:00,13.5600004196167,13.5600004196167,13.5600004196167,13.5600004196167,26765,0.0,0.0,0.0
2025-06-27 01:00:00+00:00,13.59000015258789,13.609999656677246,13.59000015258789,13.600000381469727,581000,0.0,0.0,0.0
2025-06-27 01:05:00+00:00,13.600000381469727,13.600000381469727,13.569999694824219,13.579999923706055,15991,0.0,0.0,0.0
2025-06-27 01:10:00+00:00,13.579999923706055,13.579999923706055,13.569999694824219,13.569999694824219,50457,0.0,0.0,0.0
2025-06-27 01:15:00+00:00,13.569999694824219,13.569999694824219,13.569999694824219,13.569999694824219,11070,0.0,0.0,0.0
2025-06-27 01:20:00+00:00,13.569999694824219,13.579999923706055,13.5600004196167,13.5600004196167,125013,0.0,0.0,0.0
2025-06-27 01:25:00+00:00,13.550000190734863,13.579999923706055,13.550000190734863,13.579999923706055,35135,0.0,0.0,0.0
2025-06-27 01:30:00+00:00,13.569999694824219,13.569999694824219,13.550000190734863,13.550000190734863,210680,0.0,0.0,0.0
2025-06-27 01:35:00+00:00,13.550000190734863,13.550000190734863,13.539999961853027,13.550000190734863,20213,0.0,0.0,0.0
2025-06-27 01:40:00+00:00,13.550000190734863,13.5600004196167,13.539999961853027,13.5600004196167,33104,0.0,0.0,0.0
2025-06-27 01:45:00+00:00,13.5600004196167,13.5600004196167,13.5600004196167,13.5600004196167,12029,0.0,0.0,0.0
2025-06-27 01:50:00+00:00,13.550000190734863,13.550000190734863,13.550000190734863,13.550000190734863,11391,0.0,0.0,0.0
2025-06-27 01:55:00+00:00,13.5600004196167,13.5600004196167,13.5600004196167,13.5600004196167,24541,0.0,0.0,0.0
2025-06-27 02:00:00+00:00,13.569999694824219,13.569999694824219,13.5600004196167,13.5600004196167,304018,0.0,0.0,0.0
2025-06-27 02:05:00+00:00,13.550000190734863,13.5600004196167,13.550000190734863,13.5600004196167,401030,0.0,0.0,0.0
2025-06-27 02:10:00+00:00,13.550000190734863,13.550000190734863,13.550000190734863,13.550000190734863,43059,0.0,0.0,0.0
2025-06-27 02:15:00+00:00,13.5600004196167,13.5600004196167,13.5600004196167,13.5600004196167,52830,0.0,0.0,0.0
2025-06-27 02:20:00+00:00,13.5600004196167,13.569999694824219,13.5600004196167,13.5600004196167,9658,0.0,0.0,0.0
2025-06-27 02:25:00+00:00,13.5600004196167,13.569999694824219,13.5600004196167,13.5600004196167,374108,0.0,0.0,0.0
2025-06-27 02:30:00+00:00,13.550000190734863,13.5600004196167,13.550000190734863,13.5600004196167,6019,0.0,0.0,0.0
2025-06-27 02:35:00+00:00,13.550000190734863,13.550000190734863,13.529999732971191,13.529999732971191,634224,0.0,0.0,0.0
2025-06-27 02:40:00+00:00,13.529999732971191,13.539999961853027,13.529999732971191,13.529999732971191,19228,0.0,0.0,0.0
2025-06-27 02:45:00+00:00,13.539999961853027,13.550000190734863,13.529999732971191,13.539999961853027,51595,0.0,0.0,0.0
2025-06-27 02:50:00+00:00,13.539999961853027,13.539999961853027,13.539999961853027,13.539999961853027,3154,0.0,0.0,0.0
2025-06-27 02:55:00+00:00,13.539999961853027,13.539999961853027,13.529999732971191,13.539999961853027,19258,0.0,0.0,0.0
2025-06-27 03:00:00+00:00,13.539999961853027,13.539999961853027,13.539999961853027,13.539999961853027,14019,0.0,0.0,0.0
2025-06-27 03:05:00+00:00,13.539999961853027,13.550000190734863,13.539999961853027,13.550000190734863,4044,0.0,0.0,0.0
2025-06-27 03:10:00+00:00,13.539999961853027,13.539999961853027,13.529999732971191,13.529999732971191,45019,0.0,0.0,0.0
2025-06-27 03:15:00+00:00,13.529999732971191,13.529999732971191,13.529999732971191,13.529999732971191,6038,0.0,0.0,0.0
2025-06-27 03:20:00+00:00,13.529999732971191,13.529999732971191,13.529999732971191,13.529999732971191,6029,0.0,0.0,0.0
2025-06-27 03:25:00+00:00,13.529999732971191,13.529999732971191,13.520000457763672,13.529999732971191,254109,0.0,0.0,0.0
2025-06-27 03:30:00+00:00,13.529999732971191,13.529999732971191,13.529999732971191,13.529999732971191,1221,0.0,0.0,0.0
2025-06-27 03:35:00+00:00,13.529999732971191,13.529999732971191,13.529999732971191,13.529999732971191,9395,0.0,0.0,0.0
2025-06-27 03:40:00+00:00,13.529999732971191,13.529999732971191,13.520000457763672,13.520000457763672,12020,0.0,0.0,0.0
2025-06-27 03:45:00+00:00,13.529999732971191,13.529999732971191,13.520000457763672,13.520000457763672,8119,0.0,0.0,0.0
2025-06-27 03:50:00+00:00,13.510000228881836,13.520000457763672,13.510000228881836,13.510000228881836,55115,0.0,0.0,0.0
2025-06-27 03:55:00+00:00,13.520000457763672,13.520000457763672,13.520000457763672,13.520000457763672,10037,0.0,0.0,0.0
2025-06-27 04:00:00+00:00,13.520000457763672,13.520000457763672,13.520000457763672,13.520000457763672,41236,0.0,0.0,0.0
2025-06-27 04:05:00+00:00,13.520000457763672,13.529999732971191,13.520000457763672,13.529999732971191,18461,0.0,0.0,0.0
2025-06-27 04:10:00+00:00,13.520000457763672,13.539999961853027,13.520000457763672,13.539999961853027,93126,0.0,0.0,0.0
2025-06-27 04:15:00+00:00,13.520000457763672,13.529999732971191,13.520000457763672,13.529999732971191,2036,0.0,0.0,0.0
2025-06-27 04:20:00+00:00,13.529999732971191,13.539999961853027,13.529999732971191,13.539999961853027,5044,0.0,0.0,0.0
2025-06-27 04:25:00+00:00,13.539999961853027,13.539999961853027,13.539999961853027,13.539999961853027,44741,0.0,0.0,0.0
2025-06-27 04:30:00+00:00,13.550000190734863,13.550000190734863,13.539999961853027,13.550000190734863,107845,0.0,0.0,0.0
2025-06-27 04:35:00+00:00,13.550000190734863,13.569999694824219,13.550000190734863,13.569999694824219,65560,0.0,0.0,0.0
2025-06-27 04:40:00+00:00,13.579999923706055,13.579999923706055,13.5600004196167,13.569999694824219,17110,0.0,0.0,0.0
2025-06-27 04:45:00+00:00,13.569999694824219,13.569999694824219,13.569999694824219,13.569999694824219,21260,0.0,0.0,0.0
2025-06-27 04:50:00+00:00,13.5600004196167,13.569999694824219,13.5600004196167,13.569999694824219,19068,0.0,0.0,0.0
2025-06-27 05:00:00+00:00,13.569999694824219,13.569999694824219,13.569999694824219,13.569999694824219,1298,0.0,0.0,0.0
2025-06-27 05:05:00+00:00,13.5600004196167,13.569999694824219,13.5600004196167,13.569999694824219,27010,0.0,0.0,0.0
2025-06-27 05:10:00+00:00,13.5600004196167,13.5600004196167,13.5600004196167,13.5600004196167,46597,0.0,0.0,0.0
2025-06-27 05:15:00+00:00,13.569999694824219,13.569999694824219,13.550000190734863,13.550000190734863,6750,0.0,0.0,0.0
2025-06-27 05:20:00+00:00,13.550000190734863,13.5600004196167,13.550000190734863,13.5600004196167,66406,0.0,0.0,0.0
2025-06-30 01:00:00+00:00,13.600000381469727,13.609999656677246,13.569999694824219,13.569999694824219,0,0.0,0.0,0.0
2025-06-30 01:05:00+00:00,13.5600004196167,13.579999923706055,13.550000190734863,13.579999923706055,137864,0.0,0.0,0.0
2025-06-30 01:10:00+00:00,13.5600004196167,13.579999923706055,13.5600004196167,13.569999694824219,90646,0.0,0.0,0.0
2025-06-30 01:15:00+00:00,13.579999923706055,13.579999923706055,13.5600004196167,13.569999694824219,126890,0.0,0.0,0.0
2025-06-30 01:20:00+00:00,13.5600004196167,13.579999923706055,13.5600004196167,13.579999923706055,78055,0.0,0.0,0.0
2025-06-30 01:25:00+00:00,13.579999923706055,13.579999923706055,13.5600004196167,13.569999694824219,9289,0.0,0.0,0.0
2025-06-30 01:30:00+00:00,13.579999923706055,13.579999923706055,13.569999694824219,13.569999694824219,21437,0.0,0.0,0.0
2025-06-30 01:35:00+00:00,13.579999923706055,13.579999923706055,13.569999694824219,13.579999923706055,249692,0.0,0.0,0.0
2025-06-30 01:40:00+00:00,13.59000015258789,13.59000015258789,13.579999923706055,13.579999923706055,17293,0.0,0.0,0.0
2025-06-30 01:45:00+00:00,13.579999923706055,13.59000015258789,13.579999923706055,13.59000015258789,27137,0.0,0.0,0.0
2025-06-30 01:50:00+00:00,13.59000015258789,13.59000015258789,13.579999923706055,13.579999923706055,3044,0.0,0.0,0.0
2025-06-30 01:55:00+00:00,13.569999694824219,13.579999923706055,13.569999694824219,13.569999694824219,16422,0.0,0.0,0.0
2025-06-30 02:00:00+00:00,13.579999923706055,13.579999923706055,13.579999923706055,13.579999923706055,4151,0.0,0.0,0.0
2025-06-30 02:05:00+00:00,13.579999923706055,13.579999923706055,13.569999694824219,13.569999694824219,8250,0.0,0.0,0.0
2025-06-30 02:10:00+00:00,13.579999923706055,13.579999923706055,13.569999694824219,13.579999923706055,7175,0.0,0.0,0.0
2025-06-30 02:15:00+00:00,13.579999923706055,13.579999923706055,13.569999694824219,13.579999923706055,29393,0.0,0.0,0.0
2025-06-30 02:20:00+00:00,13.579999923706055,13.579999923706055,13.569999694824219,13.579999923706055,99160,0.0,0.0,0.0
2025-06-30 02:25:00+00:00,13.579999923706055,13.579999923706055,13.569999694824219,13.579999923706055,27357,0.0,0.0,0.0
2025-06-30 02:30:00+00:00,13.579999923706055,13.579999923706055,13.569999694824219,13.569999694824219,5307,0.0,0.0,0.0
2025-06-30 02:35:00+00:00,13.579999923706055,13.579999923706055,13.579999923706055,13.579999923706055,13601,0.0,0.0,0.0
2025-06-30 02:40:00+00:00,13.579999923706055,13.579999923706055,13.579999923706055,13.579999923706055,2107,0.0,0.0,0.0
2025-06-30 02:45:00+00:00,13.569999694824219,13.579999923706055,13.569999694824219,13.569999694824219,62114,0.0,0.0,0.0
2025-06-30 02:50:00+00:00,13.5600004196167,13.569999694824219,13.5600004196167,13.569999694824219,11192,0.0,0.0,0.0
2025-06-30 02:55:00+00:00,13.569999694824219,13.569999694824219,13.5600004196167,13.5600004196167,19131,0.0,0.0,0.0
2025-06-30 03:00:00+00:00,13.550000190734863,13.5600004196167,13.550000190734863,13.550000190734863,89945,0.0,0.0,0.0
2025-06-30 03:05:00+00:00,13.5600004196167,13.5600004196167,13.550000190734863,13.550000190734863,82414,0.0,0.0,0.0
2025-06-30 03:10:00+00:00,13.550000190734863,13.550000190734863,13.550000190734863,13.550000190734863,27044,0.0,0.0,0.0
2025-06-30 03:15:00+00:00,13.5600004196167,13.5600004196167,13.550000190734863,13.550000190734863,7087,0.0,0.0,0.0
2025-06-30 03:20:00+00:00,13.539999961853027,13.539999961853027,13.539999961853027,13.539999961853027,2535,0.0,0.0,0.0
2025-06-30 03:25:00+00:00,13.550000190734863,13.550000190734863,13.550000190734863,13.550000190734863,12017,0.0,0.0,0.0
2025-06-30 03:30:00+00:00,13.550000190734863,13.550000190734863,13.539999961853027,13.550000190734863,13587,0.0,0.0,0.0
2025-06-30 03:35:00+00:00,13.550000190734863,13.5600004196167,13.539999961853027,13.5600004196167,156222,0.0,0.0,0.0
2025-06-30 03:40:00+00:00,13.5600004196167,13.5600004196167,13.539999961853027,13.539999961853027,11508,0.0,0.0,0.0
2025-06-30 03:45:00+00:00,13.529999732971191,13.539999961853027,13.529999732971191,13.539999961853027,3517,0.0,0.0,0.0
2025-06-30 03:50:00+00:00,13.539999961853027,13.550000190734863,13.539999961853027,13.550000190734863,17214,0.0,0.0,0.0
2025-06-30 03:55:00+00:00,13.539999961853027,13.539999961853027,13.539999961853027,13.539999961853027,5383,0.0,0.0,0.0
2025-06-30 04:00:00+00:00,13.539999961853027,13.539999961853027,13.529999732971191,13.529999732971191,7584,0.0,0.0,0.0
2025-06-30 04:05:00+00:00,13.5600004196167,13.5600004196167,13.5600004196167,13.5600004196167,2297,0.0,0.0,0.0
2025-06-30 04:10:00+00:00,13.5600004196167,13.5600004196167,13.5600004196167,13.5600004196167,7277,0.0,0.0,0.0
2025-06-30 04:15:00+00:00,13.5600004196167,13.5600004196167,13.5600004196167,13.5600004196167,6267,0.0,0.0,0.0
2025-06-30 04:20:00+00:00,13.5600004196167,13.5600004196167,13.550000190734863,13.5600004196167,25885,0.0,0.0,0.0
2025-06-30 04:25:00+00:00,13.5600004196167,13.5600004196167,13.550000190734863,13.550000190734863,9375,0.0,0.0,0.0
2025-06-30 04:30:00+00:00,13.5600004196167,13.5600004196167,13.550000190734863,13.5600004196167,25899,0.0,0.0,0.0
2025-06-30 04:35:00+00:00,13.550000190734863,13.5600004196167,13.550000190734863,13.5600004196167,51125,0.0,0.0,0.0
2025-06-30 04:40:00+00:00,13.550000190734863,13.5600004196167,13.550000190734863,13.5600004196167,11100,0.0,0.0,0.0
2025-06-30 04:45:00+00:00,13.5600004196167,13.5600004196167,13.5600004196167,13.5600004196167,11098,0.0,0.0,0.0
2025-06-30 04:50:00+00:00,13.550000190734863,13.5600004196167,13.550000190734863,13.5600004196167,17875,0.0,0.0,0.0
2025-06-30 04:55:00+00:00,13.5600004196167,13.5600004196167,13.550000190734863,13.550000190734863,5466,0.0,0.0,0.0
2025-06-30 05:00:00+00:00,13.550000190734863,13.550000190734863,13.550000190734863,13.550000190734863,9138,0.0,0.0,0.0
2025-06-30 05:05:00+00:00,13.550000190734863,13.550000190734863,13.550000190734863,13.550000190734863,72226,0.0,0.0,0.0
2025-06-30 05:10:00+00:00,13.550000190734863,13.569999694824219,13.550000190734863,13.569999694824219,70132,0.0,0.0,0.0
2025-06-30 05:15:00+00:00,13.569999694824219,13.569999694824219,13.550000190734863,13.550000190734863,14702,0.0,0.0,0.0
2025-06-30 05:20:00+00:00,13.550000190734863,13.5600004196167,13.550000190734863,13.550000190734863,45252,0.0,0.0,0.0
2025-07-01 01:00:00+00:00,13.600000381469727,13.640000343322754,13.600000381469727,13.630000114440918,342000,0.0,0.0,0.0
2025-07-01 01:05:00+00:00,13.640000343322754,13.680000305175781,13.640000343322754,13.680000305175781,432000,0.0,0.0,0.0
2025-07-01 01:10:00+00:00,13.680000305175781,13.699999809265137,13.680000305175781,13.699999809265137,390148,0.0,0.0,0.0
2025-07-01 01:15:00+00:00,13.699999809265137,13.710000038146973,13.699999809265137,13.699999809265137,81735,0.0,0.0,0.0
2025-07-01 01:20:00+00:00,13.6899995803833,13.710000038146973,13.6899995803833,13.699999809265137,279199,0.0,0.0,0.0
2025-07-01 01:25:00+00:00,13.699999809265137,13.710000038146973,13.6899995803833,13.699999809265137,114801,0.0,0.0,0.0
2025-07-01 01:30:00+00:00,13.699999809265137,13.729999542236328,13.6899995803833,13.729999542236328,654180,0.0,0.0,0.0
2025-07-01 01:35:00+00:00,13.739999771118164,13.760000228881836,13.739999771118164,13.760000228881836,450457,0.0,0.0,0.0
2025-07-01 01:40:00+00:00,13.75,13.779999732971191,13.75,13.770000457763672,272022,0.0,0.0,0.0
2025-07-01 01:45:00+00:00,13.770000457763672,13.770000457763672,13.760000228881836,13.770000457763672,162583,0.0,0.0,0.0
2025-07-01 01:50:00+00:00,13.770000457763672,13.770000457763672,13.760000228881836,13.760000228881836,26111,0.0,0.0,0.0
2025-07-01 01:55:00+00:00,13.760000228881836,13.779999732971191,13.760000228881836,13.779999732971191,350183,0.0,0.0,0.0
2025-07-01 02:00:00+00:00,13.779999732971191,13.779999732971191,13.770000457763672,13.770000457763672,5292,0.0,0.0,0.0
2025-07-01 02:05:00+00:00,13.770000457763672,13.770000457763672,13.760000228881836,13.760000228881836,42133,0.0,0.0,0.0
2025-07-01 02:10:00+00:00,13.770000457763672,13.779999732971191,13.760000228881836,13.770000457763672,596433,0.0,0.0,0.0
2025-07-01 02:15:00+00:00,13.770000457763672,13.770000457763672,13.770000457763672,13.770000457763672,43245,0.0,0.0,0.0
2025-07-01 02:20:00+00:00,13.770000457763672,13.770000457763672,13.770000457763672,13.770000457763672,25264,0.0,0.0,0.0
2025-07-01 02:25:00+00:00,13.760000228881836,13.770000457763672,13.760000228881836,13.760000228881836,41542,0.0,0.0,0.0
2025-07-01 02:30:00+00:00,13.760000228881836,13.760000228881836,13.75,13.75,44434,0.0,0.0,0.0
2025-07-01 02:35:00+00:00,13.75,13.75,13.739999771118164,13.75,47044,0.0,0.0,0.0
2025-07-01 02:40:00+00:00,13.75,13.75,13.75,13.75,2058,0.0,0.0,0.0
2025-07-01 02:45:00+00:00,13.739999771118164,13.739999771118164,13.739999771118164,13.739999771118164,5449,0.0,0.0,0.0
2025-07-01 02:50:00+00:00,13.729999542236328,13.739999771118164,13.729999542236328,13.739999771118164,69094,0.0,0.0,0.0
2025-07-01 02:55:00+00:00,13.75,13.760000228881836,13.739999771118164,13.75,197010,0.0,0.0,0.0
2025-07-01 03:00:00+00:00,13.760000228881836,13.760000228881836,13.75,13.75,73802,0.0,0.0,0.0
2025-07-01 03:05:00+00:00,13.75,13.75,13.739999771118164,13.739999771118164,7253,0.0,0.0,0.0
2025-07-01 03:10:00+00:00,13.739999771118164,13.739999771118164,13.739999771118164,13.739999771118164,15820,0.0,0.0,0.0
2025-07-01 03:15:00+00:00,13.739999771118164,13.739999771118164,13.720000267028809,13.720000267028809,16490,0.0,0.0,0.0
2025-07-01 03:20:00+00:00,13.720000267028809,13.729999542236328,13.710000038146973,13.729999542236328,17157,0.0,0.0,0.0
2025-07-01 03:25:00+00:00,13.720000267028809,13.720000267028809,13.699999809265137,13.699999809265137,79362,0.0,0.0,0.0
2025-07-01 03:30:00+00:00,13.710000038146973,13.710000038146973,13.6899995803833,13.6899995803833,212213,0.0,0.0,0.0
2025-07-01 03:35:00+00:00,13.699999809265137,13.699999809265137,13.680000305175781,13.680000305175781,16054,0.0,0.0,0.0
2025-07-01 03:40:00+00:00,13.680000305175781,13.680000305175781,13.670000076293945,13.670000076293945,13566,0.0,0.0,0.0
2025-07-01 03:45:00+00:00,13.680000305175781,13.680000305175781,13.670000076293945,13.670000076293945,29275,0.0,0.0,0.0
2025-07-01 03:50:00+00:00,13.680000305175781,13.680000305175781,13.670000076293945,13.670000076293945,2798,0.0,0.0,0.0
2025-07-01 03:55:00+00:00,13.670000076293945,13.680000305175781,13.670000076293945,13.680000305175781,35145,0.0,0.0,0.0
2025-07-01 04:00:00+00:00,13.670000076293945,13.699999809265137,13.670000076293945,13.699999809265137,36052,0.0,0.0,0.0
2025-07-01 04:05:00+00:00,13.699999809265137,13.699999809265137,13.680000305175781,13.680000305175781,6169,0.0,0.0,0.0
2025-07-01 04:10:00+00:00,13.680000305175781,13.680000305175781,13.670000076293945,13.670000076293945,7414,0.0,0.0,0.0
2025-07-01 04:15:00+00:00,13.680000305175781,13.680000305175781,13.680000305175781,13.680000305175781,4117,0.0,0.0,0.0
2025-07-01 04:20:00+00:00,13.670000076293945,13.670000076293945,13.640000343322754,13.640000343322754,217928,0.0,0.0,0.0
2025-07-01 04:25:00+00:00,13.640000343322754,13.640000343322754,13.630000114440918,13.630000114440918,12017,0.0,0.0,0.0
2025-07-01 04:30:00+00:00,13.640000343322754,13.640000343322754,13.630000114440918,13.630000114440918,26143,0.0,0.0,0.0
2025-07-01 04:35:00+00:00,13.630000114440918,13.640000343322754,13.630000114440918,13.640000343322754,54720,0.0,0.0,0.0
2025-07-01 04:40:00+00:00,13.640000343322754,13.640000343322754,13.630000114440918,13.630000114440918,14020,0.0,0.0,0.0
2025-07-01 04:45:00+00:00,13.630000114440918,13.640000343322754,13.630000114440918,13.640000343322754,5510,0.0,0.0,0.0
2025-07-01 04:50:00+00:00,13.640000343322754,13.640000343322754,13.630000114440918,13.640000343322754,87035,0.0,0.0,0.0
2025-07-01 04:55:00+00:00,13.640000343322754,13.649999618530273,13.640000343322754,13.640000343322754,25292,0.0,0.0,0.0
2025-07-01 05:00:00+00:00,13.640000343322754,13.649999618530273,13.640000343322754,13.649999618530273,38030,0.0,0.0,0.0
2025-07-01 05:05:00+00:00,13.649999618530273,13.649999618530273,13.640000343322754,13.640000343322754,42640,0.0,0.0,0.0
2025-07-01 05:10:00+00:00,13.640000343322754,13.640000343322754,13.640000343322754,13.640000343322754,6362,0.0,0.0,0.0
2025-07-01 05:15:00+00:00,13.649999618530273,13.649999618530273,13.649999618530273,13.649999618530273,2930,0.0,0.0,0.0
2025-07-01 05:20:00+00:00,13.649999618530273,13.65999984741211,13.649999618530273,13.65999984741211,43810,0.0,0.0,0.0
2025-07-01 05:25:00+00:00,13.649999618530273,13.649999618530273,13.640000343322754,13.640000343322754,20869,0.0,0.0,0.0
2025-07-02 01:00:00+00:00,13.600000381469727,13.630000114440918,13.600000381469727,13.600000381469727,74000,0.0,0.0,0.0
2025-07-02 01:05:00+00:00,13.619999885559082,13.640000343322754,13.619999885559082,13.640000343322754,204621,0.0,0.0,0.0
2025-07-02 01:10:00+00:00,13.640000343322754,13.640000343322754,13.619999885559082,13.619999885559082,157240,0.0,0.0,0.0
2025-07-02 01:15:00+00:00,13.619999885559082,13.640000343322754,13.619999885559082,13.630000114440918,48829,0.0,0.0,0.0
2025-07-02 01:20:00+00:00,13.619999885559082,13.630000114440918,13.619999885559082,13.630000114440918,76353,0.0,0.0,0.0
2025-07-02 01:25:00+00:00,13.619999885559082,13.630000114440918,13.619999885559082,13.630000114440918,42000,0.0,0.0,0.0
2025-07-02 01:30:00+00:00,13.630000114440918,13.630000114440918,13.619999885559082,13.619999885559082,37968,0.0,0.0,0.0
2025-07-02 01:35:00+00:00,13.630000114440918,13.630000114440918,13.630000114440918,13.630000114440918,5129,0.0,0.0,0.0
2025-07-02 01:40:00+00:00,13.619999885559082,13.619999885559082,13.619999885559082,13.619999885559082,58310,0.0,0.0,0.0
2025-07-02 01:45:00+00:00,13.619999885559082,13.630000114440918,13.619999885559082,13.630000114440918,4055,0.0,0.0,0.0
2025-07-02 01:50:00+00:00,13.630000114440918,13.630000114440918,13.619999885559082,13.619999885559082,8054,0.0,0.0,0.0
2025-07-02 01:55:00+00:00,13.619999885559082,13.619999885559082,13.619999885559082,13.619999885559082,16396,0.0,0.0,0.0
2025-07-02 02:00:00+00:00,13.619999885559082,13.630000114440918,13.619999885559082,13.630000114440918,174273,0.0,0.0,0.0
2025-07-02 02:05:00+00:00,13.640000343322754,13.640000343322754,13.640000343322754,13.640000343322754,6684,0.0,0.0,0.0
2025-07-02 02:10:00+00:00,13.640000343322754,13.640000343322754,13.619999885559082,13.630000114440918,216115,0.0,0.0,0.0
2025-07-02 02:15:00+00:00,13.630000114440918,13.640000343322754,13.630000114440918,13.640000343322754,15276,0.0,0.0,0.0
2025-07-02 02:20:00+00:00,13.640000343322754,13.640000343322754,13.630000114440918,13.630000114440918,4422,0.0,0.0,0.0
2025-07-02 02:25:00+00:00,13.630000114440918,13.630000114440918,13.630000114440918,13.630000114440918,20843,0.0,0.0,0.0
2025-07-02 02:30:00+00:00,13.630000114440918,13.640000343322754,13.630000114440918,13.640000343322754,154230,0.0,0.0,0.0
2025-07-02 02:35:00+00:00,13.649999618530273,13.65999984741211,13.649999618530273,13.65999984741211,107927,0.0,0.0,0.0
2025-07-02 02:40:00+00:00,13.65999984741211,13.65999984741211,13.65999984741211,13.65999984741211,14054,0.0,0.0,0.0
2025-07-02 02:45:00+00:00,13.65999984741211,13.65999984741211,13.65999984741211,13.65999984741211,8833,0.0,0.0,0.0
2025-07-02 02:50:00+00:00,13.65999984741211,13.65999984741211,13.65999984741211,13.65999984741211,2305,0.0,0.0,0.0
2025-07-02 02:55:00+00:00,13.65999984741211,13.65999984741211,13.65999984741211,13.65999984741211,2034,0.0,0.0,0.0
2025-07-02 03:00:00+00:00,13.65999984741211,13.65999984741211,13.65999984741211,13.65999984741211,15045,0.0,0.0,0.0
2025-07-02 03:05:00+00:00,13.65999984741211,13.65999984741211,13.65999984741211,13.65999984741211,17309,0.0,0.0,0.0
2025-07-02 03:10:00+00:00,13.65999984741211,13.65999984741211,13.65999984741211,13.65999984741211,16283,0.0,0.0,0.0
2025-07-02 03:15:00+00:00,13.649999618530273,13.65999984741211,13.649999618530273,13.65999984741211,50026,0.0,0.0,0.0
2025-07-02 03:20:00+00:00,13.670000076293945,13.670000076293945,13.65999984741211,13.65999984741211,3323,0.0,0.0,0.0
2025-07-02 03:25:00+00:00,13.65999984741211,13.65999984741211,13.65999984741211,13.65999984741211,30499,0.0,0.0,0.0
2025-07-02 03:35:00+00:00,13.649999618530273,13.65999984741211,13.649999618530273,13.65999984741211,138041,0.0,0.0,0.0
2025-07-02 03:40:00+00:00,13.65999984741211,13.670000076293945,13.65999984741211,13.670000076293945,2042,0.0,0.0,0.0
2025-07-02 03:45:00+00:00,13.65999984741211,13.65999984741211,13.649999618530273,13.65999984741211,34436,0.0,0.0,0.0
2025-07-02 03:55:00+00:00,13.65999984741211,13.65999984741211,13.649999618530273,13.649999618530273,26286,0.0,0.0,0.0
2025-07-02 04:05:00+00:00,13.65999984741211,13.65999984741211,13.65999984741211,13.65999984741211,15047,0.0,0.0,0.0
2025-07-02 04:10:00+00:00,13.65999984741211,13.65999984741211,13.65999984741211,13.65999984741211,4214,0.0,0.0,0.0
2025-07-02 04:15:00+00:00,13.65999984741211,13.65999984741211,13.65999984741211,13.65999984741211,16142,0.0,0.0,0.0
2025-07-02 04:20:00+00:00,13.65999984741211,13.65999984741211,13.65999984741211,13.65999984741211,17759,0.0,0.0,0.0
2025-07-02 04:25:00+00:00,13.670000076293945,13.670000076293945,13.670000076293945,13.670000076293945,100541,0.0,0.0,0.0
2025-07-02 04:30:00+00:00,13.670000076293945,13.670000076293945,13.670000076293945,13.670000076293945,13194,0.0,0.0,0.0
2025-07-02 04:35:00+00:00,13.680000305175781,13.680000305175781,13.680000305175781,13.680000305175781,8551,0.0,0.0,0.0
2025-07-02 04:40:00+00:00,13.680000305175781,13.680000305175781,13.670000076293945,13.670000076293945,160191,0.0,0.0,0.0
2025-07-02 04:45:00+00:00,13.670000076293945,13.670000076293945,13.670000076293945,13.670000076293945,8610,0.0,0.0,0.0
2025-07-02 04:50:00+00:00,13.670000076293945,13.680000305175781,13.670000076293945,13.670000076293945,82040,0.0,0.0,0.0
2025-07-02 04:55:00+00:00,13.670000076293945,13.680000305175781,13.670000076293945,13.680000305175781,25091,0.0,0.0,0.0
2025-07-02 05:00:00+00:00,13.670000076293945,13.680000305175781,13.670000076293945,13.680000305175781,6286,0.0,0.0,0.0
2025-07-02 05:05:00+00:00,13.680000305175781,13.680000305175781,13.670000076293945,13.670000076293945,178350,0.0,0.0,0.0
2025-07-02 05:10:00+00:00,13.670000076293945,13.670000076293945,13.670000076293945,13.670000076293945,30722,0.0,0.0,0.0
2025-07-02 05:15:00+00:00,13.680000305175781,13.680000305175781,13.670000076293945,13.670000076293945,77510,0.0,0.0,0.0
2025-07-02 05:20:00+00:00,13.680000305175781,13.680000305175781,13.670000076293945,13.670000076293945,26703,0.0,0.0,0.0
2025-07-03 01:00:00+00:00,13.800000190734863,13.819999694824219,13.800000190734863,13.819999694824219,424000,0.0,0.0,0.0
2025-07-03 01:05:00+00:00,13.800000190734863,13.8100004196167,13.800000190734863,13.8100004196167,219805,0.0,0.0,0.0
2025-07-03 01:10:00+00:00,13.8100004196167,13.819999694824219,13.8100004196167,13.819999694824219,147130,0.0,0.0,0.0
2025-07-03 01:15:00+00:00,13.8100004196167,13.8100004196167,13.789999961853027,13.8100004196167,264294,0.0,0.0,0.0
2025-07-03 01:20:00+00:00,13.8100004196167,13.819999694824219,13.800000190734863,13.819999694824219,145578,0.0,0.0,0.0
2025-07-03 01:25:00+00:00,13.819999694824219,13.829999923706055,13.819999694824219,13.829999923706055,484572,0.0,0.0,0.0
2025-07-03 01:30:00+00:00,13.829999923706055,13.84000015258789,13.829999923706055,13.84000015258789,356138,0.0,0.0,0.0
2025-07-03 01:35:00+00:00,13.84000015258789,13.850000381469727,13.829999923706055,13.829999923706055,76171,0.0,0.0,0.0
2025-07-03 01:40:00+00:00,13.829999923706055,13.84000015258789,13.829999923706055,13.829999923706055,66074,0.0,0.0,0.0
2025-07-03 01:45:00+00:00,13.84000015258789,13.84000015258789,13.829999923706055,13.829999923706055,236425,0.0,0.0,0.0
2025-07-03 01:50:00+00:00,13.84000015258789,13.84000015258789,13.829999923706055,13.829999923706055,89417,0.0,0.0,0.0
2025-07-03 01:55:00+00:00,13.829999923706055,13.84000015258789,13.829999923706055,13.84000015258789,392714,0.0,0.0,0.0
2025-07-03 02:00:00+00:00,13.850000381469727,13.850000381469727,13.829999923706055,13.84000015258789,252639,0.0,0.0,0.0
2025-07-03 02:05:00+00:00,13.84000015258789,13.850000381469727,13.84000015258789,13.84000015258789,118629,0.0,0.0,0.0
2025-07-03 02:10:00+00:00,13.84000015258789,13.850000381469727,13.84000015258789,13.850000381469727,956495,0.0,0.0,0.0
2025-07-03 02:15:00+00:00,13.859999656677246,13.859999656677246,13.84000015258789,13.850000381469727,29359,0.0,0.0,0.0
2025-07-03 02:20:00+00:00,13.850000381469727,13.850000381469727,13.84000015258789,13.84000015258789,45111,0.0,0.0,0.0
2025-07-03 02:25:00+00:00,13.850000381469727,13.850000381469727,13.84000015258789,13.84000015258789,24598,0.0,0.0,0.0
2025-07-03 02:30:00+00:00,13.850000381469727,13.850000381469727,13.84000015258789,13.84000015258789,124141,0.0,0.0,0.0
2025-07-03 02:35:00+00:00,13.84000015258789,13.84000015258789,13.829999923706055,13.84000015258789,14010,0.0,0.0,0.0
2025-07-03 02:40:00+00:00,13.84000015258789,13.84000015258789,13.829999923706055,13.84000015258789,73124,0.0,0.0,0.0
2025-07-03 02:45:00+00:00,13.84000015258789,13.850000381469727,13.84000015258789,13.850000381469727,48973,0.0,0.0,0.0
2025-07-03 02:50:00+00:00,13.84000015258789,13.850000381469727,13.84000015258789,13.84000015258789,44117,0.0,0.0,0.0
2025-07-03 02:55:00+00:00,13.850000381469727,13.850000381469727,13.84000015258789,13.84000015258789,86010,0.0,0.0,0.0
2025-07-03 03:00:00+00:00,13.84000015258789,13.850000381469727,13.829999923706055,13.84000015258789,58330,0.0,0.0,0.0
2025-07-03 03:05:00+00:00,13.84000015258789,13.850000381469727,13.84000015258789,13.84000015258789,34164,0.0,0.0,0.0
2025-07-03 03:10:00+00:00,13.84000015258789,13.850000381469727,13.84000015258789,13.84000015258789,27027,0.0,0.0,0.0
2025-07-03 03:15:00+00:00,13.84000015258789,13.850000381469727,13.84000015258789,13.84000015258789,95425,0.0,0.0,0.0
2025-07-03 03:20:00+00:00,13.850000381469727,13.850000381469727,13.84000015258789,13.84000015258789,15340,0.0,0.0,0.0
2025-07-03 03:25:00+00:00,13.84000015258789,13.850000381469727,13.84000015258789,13.84000015258789,295372,0.0,0.0,0.0
2025-07-03 03:30:00+00:00,13.850000381469727,13.850000381469727,13.84000015258789,13.850000381469727,330264,0.0,0.0,0.0
2025-07-03 03:35:00+00:00,13.850000381469727,13.850000381469727,13.850000381469727,13.850000381469727,23321,0.0,0.0,0.0
2025-07-03 03:40:00+00:00,13.850000381469727,13.859999656677246,13.850000381469727,13.850000381469727,205020,0.0,0.0,0.0
2025-07-03 03:45:00+00:00,13.850000381469727,13.850000381469727,13.84000015258789,13.84000015258789,34491,0.0,0.0,0.0
2025-07-03 03:50:00+00:00,13.84000015258789,13.850000381469727,13.84000015258789,13.850000381469727,43153,0.0,0.0,0.0
2025-07-03 03:55:00+00:00,13.850000381469727,13.850000381469727,13.84000015258789,13.84000015258789,57443,0.0,0.0,0.0
2025-07-03 04:00:00+00:00,13.84000015258789,13.84000015258789,13.84000015258789,13.84000015258789,1020,0.0,0.0,0.0
2025-07-03 04:05:00+00:00,13.84000015258789,13.850000381469727,13.84000015258789,13.84000015258789,68638,0.0,0.0,0.0
2025-07-03 04:10:00+00:00,13.84000015258789,13.850000381469727,13.84000015258789,13.84000015258789,52182,0.0,0.0,0.0
2025-07-03 04:15:00+00:00,13.84000015258789,13.859999656677246,13.84000015258789,13.850000381469727,123031,0.0,0.0,0.0
2025-07-03 04:20:00+00:00,13.850000381469727,13.850000381469727,13.829999923706055,13.829999923706055,23176,0.0,0.0,0.0
2025-07-03 04:25:00+00:00,13.829999923706055,13.84000015258789,13.829999923706055,13.84000015258789,27000,0.0,0.0,0.0
2025-07-03 04:30:00+00:00,13.850000381469727,13.850000381469727,13.84000015258789,13.850000381469727,155933,0.0,0.0,0.0
2025-07-03 04:35:00+00:00,13.84000015258789,13.850000381469727,13.84000015258789,13.850000381469727,23008,0.0,0.0,0.0
2025-07-03 04:40:00+00:00,13.84000015258789,13.850000381469727,13.84000015258789,13.84000015258789,27420,0.0,0.0,0.0
2025-07-03 04:45:00+00:00,13.84000015258789,13.850000381469727,13.829999923706055,13.850000381469727,103100,0.0,0.0,0.0
2025-07-03 04:50:00+00:00,13.84000015258789,13.850000381469727,13.829999923706055,13.850000381469727,49221,0.0,0.0,0.0
2025-07-03 04:55:00+00:00,13.829999923706055,13.850000381469727,13.829999923706055,13.84000015258789,26948,0.0,0.0,0.0
2025-07-03 05:00:00+00:00,13.84000015258789,13.850000381469727,13.84000015258789,13.850000381469727,46975,0.0,0.0,0.0
2025-07-03 05:05:00+00:00,13.850000381469727,13.850000381469727,13.84000015258789,13.84000015258789,176810,0.0,0.0,0.0
2025-07-03 05:10:00+00:00,13.850000381469727,13.850000381469727,13.850000381469727,13.850000381469727,2051,0.0,0.0,0.0
2025-07-03 05:15:00+00:00,13.850000381469727,13.850000381469727,13.84000015258789,13.850000381469727,115634,0.0,0.0,0.0
2025-07-03 05:20:00+00:00,13.84000015258789,13.850000381469727,13.84000015258789,13.84000015258789,127539,0.0,0.0,0.0
2025-07-04 01:00:00+00:00,13.869999885559082,13.899999618530273,13.869999885559082,13.890000343322754,639000,0.0,0.0,0.0
2025-07-04 01:05:00+00:00,13.890000343322754,13.890000343322754,13.880000114440918,13.880000114440918,267000,0.0,0.0,0.0
2025-07-04 01:10:00+00:00,13.880000114440918,13.890000343322754,13.869999885559082,13.890000343322754,139172,0.0,0.0,0.0
2025-07-04 01:15:00+00:00,13.869999885559082,13.869999885559082,13.859999656677246,13.859999656677246,32723,0.0,0.0,0.0
2025-07-04 01:20:00+00:00,13.859999656677246,13.859999656677246,13.850000381469727,13.850000381469727,180438,0.0,0.0,0.0
2025-07-04 01:25:00+00:00,13.850000381469727,13.859999656677246,13.84000015258789,13.850000381469727,226764,0.0,0.0,0.0
2025-07-04 01:30:00+00:00,13.850000381469727,13.850000381469727,13.819999694824219,13.84000015258789,74482,0.0,0.0,0.0
2025-07-04 01:35:00+00:00,13.819999694824219,13.819999694824219,13.8100004196167,13.819999694824219,19918,0.0,0.0,0.0
2025-07-04 01:40:00+00:00,13.8100004196167,13.8100004196167,13.800000190734863,13.800000190734863,14419,0.0,0.0,0.0
2025-07-04 01:45:00+00:00,13.800000190734863,13.800000190734863,13.770000457763672,13.770000457763672,87106,0.0,0.0,0.0
2025-07-04 01:50:00+00:00,13.770000457763672,13.779999732971191,13.770000457763672,13.779999732971191,52645,0.0,0.0,0.0
2025-07-04 01:55:00+00:00,13.779999732971191,13.779999732971191,13.779999732971191,13.779999732971191,20386,0.0,0.0,0.0
2025-07-04 02:00:00+00:00,13.779999732971191,13.789999961853027,13.770000457763672,13.770000457763672,111357,0.0,0.0,0.0
2025-07-04 02:05:00+00:00,13.779999732971191,13.779999732971191,13.75,13.770000457763672,126675,0.0,0.0,0.0
2025-07-04 02:10:00+00:00,13.770000457763672,13.770000457763672,13.770000457763672,13.770000457763672,15080,0.0,0.0,0.0
2025-07-04 02:15:00+00:00,13.770000457763672,13.770000457763672,13.770000457763672,13.770000457763672,1083,0.0,0.0,0.0
2025-07-04 02:20:00+00:00,13.770000457763672,13.770000457763672,13.760000228881836,13.770000457763672,69258,0.0,0.0,0.0
2025-07-04 02:25:00+00:00,13.760000228881836,13.770000457763672,13.760000228881836,13.770000457763672,11032,0.0,0.0,0.0
2025-07-04 02:30:00+00:00,13.779999732971191,13.779999732971191,13.770000457763672,13.779999732971191,27241,0.0,0.0,0.0
2025-07-04 02:35:00+00:00,13.770000457763672,13.779999732971191,13.770000457763672,13.779999732971191,98018,0.0,0.0,0.0
2025-07-04 02:40:00+00:00,13.770000457763672,13.789999961853027,13.770000457763672,13.789999961853027,14576,0.0,0.0,0.0
2025-07-04 02:45:00+00:00,13.789999961853027,13.800000190734863,13.779999732971191,13.779999732971191,119913,0.0,0.0,0.0
2025-07-04 02:50:00+00:00,13.779999732971191,13.779999732971191,13.779999732971191,13.779999732971191,4162,0.0,0.0,0.0
2025-07-04 02:55:00+00:00,13.789999961853027,13.789999961853027,13.779999732971191,13.789999961853027,9036,0.0,0.0,0.0
2025-07-04 03:00:00+00:00,13.779999732971191,13.779999732971191,13.779999732971191,13.779999732971191,8242,0.0,0.0,0.0
2025-07-04 03:05:00+00:00,13.779999732971191,13.779999732971191,13.779999732971191,13.779999732971191,34053,0.0,0.0,0.0
2025-07-04 03:10:00+00:00,13.770000457763672,13.779999732971191,13.770000457763672,13.779999732971191,4333,0.0,0.0,0.0
2025-07-04 03:15:00+00:00,13.770000457763672,13.779999732971191,13.770000457763672,13.779999732971191,44022,0.0,0.0,0.0
2025-07-04 03:20:00+00:00,13.789999961853027,13.789999961853027,13.789999961853027,13.789999961853027,3053,0.0,0.0,0.0
2025-07-04 03:25:00+00:00,13.779999732971191,13.779999732971191,13.779999732971191,13.779999732971191,1000,0.0,0.0,0.0
2025-07-04 03:30:00+00:00,13.779999732971191,13.779999732971191,13.779999732971191,13.779999732971191,27052,0.0,0.0,0.0
2025-07-04 03:35:00+00:00,13.779999732971191,13.779999732971191,13.770000457763672,13.770000457763672,52853,0.0,0.0,0.0
2025-07-04 03:40:00+00:00,13.760000228881836,13.760000228881836,13.75,13.760000228881836,25622,0.0,0.0,0.0
2025-07-04 03:45:00+00:00,13.75,13.760000228881836,13.75,13.760000228881836,9050,0.0,0.0,0.0
2025-07-04 03:50:00+00:00,13.75,13.760000228881836,13.75,13.75,54156,0.0,0.0,0.0
2025-07-04 03:55:00+00:00,13.75,13.75,13.75,13.75,1311,0.0,0.0,0.0
2025-07-04 04:00:00+00:00,13.75,13.75,13.75,13.75,66051,0.0,0.0,0.0
2025-07-04 04:05:00+00:00,13.760000228881836,13.760000228881836,13.739999771118164,13.739999771118164,17030,0.0,0.0,0.0
2025-07-04 04:10:00+00:00,13.739999771118164,13.760000228881836,13.739999771118164,13.760000228881836,30534,0.0,0.0,0.0
2025-07-04 04:15:00+00:00,13.75,13.75,13.75,13.75,56635,0.0,0.0,0.0
2025-07-04 04:20:00+00:00,13.75,13.75,13.739999771118164,13.75,32576,0.0,0.0,0.0
2025-07-04 04:25:00+00:00,13.75,13.75,13.739999771118164,13.739999771118164,76069,0.0,0.0,0.0
2025-07-04 04:30:00+00:00,13.75,13.75,13.75,13.75,7737,0.0,0.0,0.0
2025-07-04 04:35:00+00:00,13.75,13.75,13.739999771118164,13.739999771118164,58577,0.0,0.0,0.0
2025-07-04 04:40:00+00:00,13.75,13.75,13.75,13.75,39020,0.0,0.0,0.0
2025-07-04 04:45:00+00:00,13.75,13.760000228881836,13.75,13.75,37021,0.0,0.0,0.0
2025-07-04 04:50:00+00:00,13.75,13.760000228881836,13.75,13.760000228881836,29010,0.0,0.0,0.0
2025-07-04 04:55:00+00:00,13.760000228881836,13.760000228881836,13.75,13.75,57645,0.0,0.0,0.0
2025-07-04 05:00:00+00:00,13.75,13.760000228881836,13.739999771118164,13.739999771118164,49060,0.0,0.0,0.0
2025-07-04 05:05:00+00:00,13.739999771118164,13.739999771118164,13.739999771118164,13.739999771118164,58651,0.0,0.0,0.0
2025-07-04 05:10:00+00:00,13.739999771118164,13.739999771118164,13.729999542236328,13.729999542236328,8027,0.0,0.0,0.0
2025-07-04 05:15:00+00:00,13.739999771118164,13.739999771118164,13.729999542236328,13.739999771118164,23812,0.0,0.0,0.0
2025-07-04 05:20:00+00:00,13.739999771118164,13.739999771118164,13.729999542236328,13.729999542236328,70499,0.0,0.0,0.0
2025-05-07 01:00:00+00:00,12.210000038146973,12.319999694824219,12.210000038146973,12.319999694824219,0,0.0,0.0,0.0
2025-05-07 01:05:00+00:00,12.319999694824219,12.319999694824219,12.270000457763672,12.270000457763672,22000,0.0,0.0,0.0
2025-05-07 01:10:00+00:00,12.279999732971191,12.279999732971191,12.260000228881836,12.260000228881836,62647,0.0,0.0,0.0
2025-05-07 01:15:00+00:00,12.260000228881836,12.260000228881836,12.220000267028809,12.220000267028809,522117,0.0,0.0,0.0
2025-05-07 01:20:00+00:00,12.210000038146973,12.210000038146973,12.210000038146973,12.210000038146973,14482,0.0,0.0,0.0
2025-05-07 01:25:00+00:00,12.229999542236328,12.229999542236328,12.220000267028809,12.220000267028809,26019,0.0,0.0,0.0
2025-05-07 01:30:00+00:00,12.210000038146973,12.210000038146973,12.15999984741211,12.170000076293945,35272,0.0,0.0,0.0
2025-05-07 01:35:00+00:00,12.149999618530273,12.149999618530273,12.130000114440918,12.130000114440918,23962,0.0,0.0,0.0
2025-05-07 01:40:00+00:00,12.130000114440918,12.140000343322754,12.130000114440918,12.140000343322754,17625,0.0,0.0,0.0
2025-05-07 01:45:00+00:00,12.140000343322754,12.140000343322754,12.140000343322754,12.140000343322754,20038,0.0,0.0,0.0
2025-05-07 01:50:00+00:00,12.140000343322754,12.180000305175781,12.140000343322754,12.180000305175781,34319,0.0,0.0,0.0
2025-05-07 01:55:00+00:00,12.180000305175781,12.180000305175781,12.170000076293945,12.180000305175781,10066,0.0,0.0,0.0
2025-05-07 02:00:00+00:00,12.170000076293945,12.170000076293945,12.149999618530273,12.149999618530273,18056,0.0,0.0,0.0
2025-05-07 02:05:00+00:00,12.149999618530273,12.170000076293945,12.149999618530273,12.170000076293945,19245,0.0,0.0,0.0
2025-05-07 02:10:00+00:00,12.180000305175781,12.180000305175781,12.15999984741211,12.15999984741211,8049,0.0,0.0,0.0
2025-05-07 02:15:00+00:00,12.170000076293945,12.180000305175781,12.170000076293945,12.180000305175781,2049,0.0,0.0,0.0
2025-05-07 02:20:00+00:00,12.170000076293945,12.170000076293945,12.170000076293945,12.170000076293945,2056,0.0,0.0,0.0
2025-05-07 02:25:00+00:00,12.15999984741211,12.170000076293945,12.15999984741211,12.170000076293945,40343,0.0,0.0,0.0
2025-05-07 02:30:00+00:00,12.170000076293945,12.170000076293945,12.170000076293945,12.170000076293945,9062,0.0,0.0,0.0
2025-05-07 02:35:00+00:00,12.170000076293945,12.180000305175781,12.170000076293945,12.180000305175781,184850,0.0,0.0,0.0
2025-05-07 02:40:00+00:00,12.170000076293945,12.170000076293945,12.15999984741211,12.15999984741211,61127,0.0,0.0,0.0
2025-05-07 02:45:00+00:00,12.15999984741211,12.15999984741211,12.15999984741211,12.15999984741211,52735,0.0,0.0,0.0
2025-05-07 02:50:00+00:00,12.149999618530273,12.15999984741211,12.140000343322754,12.15999984741211,146090,0.0,0.0,0.0
2025-05-07 02:55:00+00:00,12.149999618530273,12.149999618530273,12.140000343322754,12.140000343322754,236518,0.0,0.0,0.0
2025-05-07 03:00:00+00:00,12.140000343322754,12.15999984741211,12.140000343322754,12.15999984741211,13048,0.0,0.0,0.0
2025-05-07 03:05:00+00:00,12.15999984741211,12.15999984741211,12.15999984741211,12.15999984741211,1210,0.0,0.0,0.0
2025-05-07 03:10:00+00:00,12.15999984741211,12.15999984741211,12.15999984741211,12.15999984741211,6213,0.0,0.0,0.0
2025-05-07 03:20:00+00:00,12.15999984741211,12.170000076293945,12.15999984741211,12.15999984741211,10446,0.0,0.0,0.0
2025-05-07 03:25:00+00:00,12.15999984741211,12.170000076293945,12.15999984741211,12.170000076293945,6025,0.0,0.0,0.0
2025-05-07 03:30:00+00:00,12.170000076293945,12.170000076293945,12.15999984741211,12.15999984741211,6134,0.0,0.0,0.0
2025-05-07 03:35:00+00:00,12.15999984741211,12.15999984741211,12.15999984741211,12.15999984741211,2001,0.0,0.0,0.0
2025-05-07 03:40:00+00:00,12.15999984741211,12.15999984741211,12.15999984741211,12.15999984741211,5284,0.0,0.0,0.0
2025-05-07 03:45:00+00:00,12.15999984741211,12.170000076293945,12.15999984741211,12.170000076293945,12110,0.0,0.0,0.0
2025-05-07 03:50:00+00:00,12.170000076293945,12.180000305175781,12.170000076293945,12.180000305175781,28626,0.0,0.0,0.0
2025-05-07 04:00:00+00:00,12.15999984741211,12.15999984741211,12.15999984741211,12.15999984741211,1347,0.0,0.0,0.0
2025-05-07 04:05:00+00:00,12.15999984741211,12.15999984741211,12.15999984741211,12.15999984741211,2047,0.0,0.0,0.0
2025-05-07 04:10:00+00:00,12.180000305175781,12.180000305175781,12.180000305175781,12.180000305175781,32546,0.0,0.0,0.0
2025-05-07 04:15:00+00:00,12.180000305175781,12.1899995803833,12.180000305175781,12.1899995803833,22210,0.0,0.0,0.0
2025-05-07 04:25:00+00:00,12.180000305175781,12.180000305175781,12.180000305175781,12.180000305175781,2116,0.0,0.0,0.0
2025-05-07 04:30:00+00:00,12.180000305175781,12.180000305175781,12.170000076293945,12.170000076293945,29081,0.0,0.0,0.0
2025-05-07 04:35:00+00:00,12.15999984741211,12.15999984741211,12.15999984741211,12.15999984741211,5134,0.0,0.0,0.0
2025-05-07 04:40:00+00:00,12.149999618530273,12.15999984741211,12.140000343322754,12.140000343322754,218221,0.0,0.0,0.0
2025-05-07 04:45:00+00:00,12.149999618530273,12.149999618530273,12.140000343322754,12.149999618530273,14285,0.0,0.0,0.0
2025-05-07 04:50:00+00:00,12.149999618530273,12.149999618530273,12.149999618530273,12.149999618530273,1062,0.0,0.0,0.0
2025-05-07 04:55:00+00:00,12.149999618530273,12.15999984741211,12.149999618530273,12.15999984741211,5184,0.0,0.0,0.0
2025-05-07 05:00:00+00:00,12.149999618530273,12.149999618530273,12.149999618530273,12.149999618530273,9277,0.0,0.0,0.0
2025-05-07 05:05:00+00:00,12.149999618530273,12.149999618530273,12.149999618530273,12.149999618530273,5281,0.0,0.0,0.0
2025-05-07 05:10:00+00:00,12.140000343322754,12.149999618530273,12.140000343322754,12.149999618530273,15039,0.0,0.0,0.0
2025-05-07 05:15:00+00:00,12.15999984741211,12.15999984741211,12.15999984741211,12.15999984741211,6474,0.0,0.0,0.0
2025-05-07 05:20:00+00:00,12.170000076293945,12.170000076293945,12.15999984741211,12.15999984741211,18061,0.0,0.0,0.0
2025-05-08 01:00:00+00:00,12.220000267028809,12.270000457763672,12.220000267028809,12.260000228881836,0,0.0,0.0,0.0
2025-05-08 01:05:00+00:00,12.260000228881836,12.270000457763672,12.25,12.270000457763672,84000,0.0,0.0,0.0
2025-05-08 01:10:00+00:00,12.260000228881836,12.300000190734863,12.260000228881836,12.300000190734863,47367,0.0,0.0,0.0
2025-05-08 01:15:00+00:00,12.300000190734863,12.300000190734863,12.270000457763672,12.279999732971191,42139,0.0,0.0,0.0
2025-05-08 01:20:00+00:00,12.270000457763672,12.279999732971191,12.270000457763672,12.279999732971191,681035,0.0,0.0,0.0
2025-05-08 02:25:00+00:00,12.260000228881836,12.260000228881836,12.260000228881836,12.260000228881836,0,0.0,0.0,0.0
2025-05-08 02:35:00+00:00,12.260000228881836,12.260000228881836,12.25,12.260000228881836,22236,0.0,0.0,0.0
2025-05-08 02:40:00+00:00,12.260000228881836,12.270000457763672,12.260000228881836,12.270000457763672,44474,0.0,0.0,0.0
2025-05-08 02:45:00+00:00,12.270000457763672,12.270000457763672,12.260000228881836,12.260000228881836,5053,0.0,0.0,0.0
2025-05-08 02:50:00+00:00,12.270000457763672,12.270000457763672,12.270000457763672,12.270000457763672,26290,0.0,0.0,0.0
2025-05-08 02:55:00+00:00,12.279999732971191,12.279999732971191,12.279999732971191,12.279999732971191,52124,0.0,0.0,0.0
2025-05-08 03:00:00+00:00,12.279999732971191,12.300000190734863,12.279999732971191,12.300000190734863,126782,0.0,0.0,0.0
2025-05-08 03:05:00+00:00,12.3100004196167,12.3100004196167,12.3100004196167,12.3100004196167,1059,0.0,0.0,0.0
2025-05-08 03:10:00+00:00,12.3100004196167,12.3100004196167,12.3100004196167,12.3100004196167,27802,0.0,0.0,0.0
2025-05-08 03:15:00+00:00,12.3100004196167,12.319999694824219,12.3100004196167,12.319999694824219,25265,0.0,0.0,0.0
2025-05-08 03:20:00+00:00,12.329999923706055,12.329999923706055,12.319999694824219,12.319999694824219,17162,0.0,0.0,0.0
2025-05-08 03:25:00+00:00,12.319999694824219,12.329999923706055,12.319999694824219,12.329999923706055,6068,0.0,0.0,0.0
2025-05-08 03:30:00+00:00,12.319999694824219,12.319999694824219,12.319999694824219,12.319999694824219,15229,0.0,0.0,0.0
2025-05-08 03:35:00+00:00,12.319999694824219,12.319999694824219,12.3100004196167,12.3100004196167,7144,0.0,0.0,0.0
2025-05-08 03:45:00+00:00,12.289999961853027,12.300000190734863,12.289999961853027,12.300000190734863,10047,0.0,0.0,0.0
2025-05-08 03:50:00+00:00,12.300000190734863,12.3100004196167,12.300000190734863,12.3100004196167,31054,0.0,0.0,0.0
2025-05-08 03:55:00+00:00,12.319999694824219,12.319999694824219,12.319999694824219,12.319999694824219,1128,0.0,0.0,0.0
2025-05-08 04:00:00+00:00,12.319999694824219,12.319999694824219,12.3100004196167,12.319999694824219,12046,0.0,0.0,0.0
2025-05-08 04:05:00+00:00,12.3100004196167,12.3100004196167,12.300000190734863,12.300000190734863,7041,0.0,0.0,0.0
2025-05-08 04:10:00+00:00,12.300000190734863,12.319999694824219,12.300000190734863,12.319999694824219,70087,0.0,0.0,0.0
2025-05-08 04:15:00+00:00,12.319999694824219,12.329999923706055,12.319999694824219,12.329999923706055,36050,0.0,0.0,0.0
2025-05-08 04:20:00+00:00,12.329999923706055,12.329999923706055,12.329999923706055,12.329999923706055,6769,0.0,0.0,0.0
2025-05-08 04:25:00+00:00,12.319999694824219,12.329999923706055,12.319999694824219,12.319999694824219,16188,0.0,0.0,0.0
2025-05-08 04:30:00+00:00,12.329999923706055,12.34000015258789,12.329999923706055,12.329999923706055,41284,0.0,0.0,0.0
2025-05-08 04:35:00+00:00,12.329999923706055,12.34000015258789,12.329999923706055,12.329999923706055,3324,0.0,0.0,0.0
2025-05-08 04:40:00+00:00,12.329999923706055,12.329999923706055,12.329999923706055,12.329999923706055,29149,0.0,0.0,0.0
2025-05-08 04:45:00+00:00,12.34000015258789,12.350000381469727,12.34000015258789,12.350000381469727,52410,0.0,0.0,0.0
2025-05-08 04:50:00+00:00,12.34000015258789,12.34000015258789,12.34000015258789,12.34000015258789,6671,0.0,0.0,0.0
2025-05-08 05:00:00+00:00,12.350000381469727,12.350000381469727,12.350000381469727,12.350000381469727,80411,0.0,0.0,0.0
2025-05-08 05:05:00+00:00,12.350000381469727,12.350000381469727,12.350000381469727,12.350000381469727,3010,0.0,0.0,0.0
2025-05-08 05:10:00+00:00,12.34000015258789,12.34000015258789,12.329999923706055,12.329999923706055,18517,0.0,0.0,0.0
2025-05-08 05:15:00+00:00,12.329999923706055,12.34000015258789,12.319999694824219,12.329999923706055,48836,0.0,0.0,0.0
2025-05-08 05:20:00+00:00,12.329999923706055,12.329999923706055,12.319999694824219,12.319999694824219,31501,0.0,0.0,0.0
2025-05-09 01:00:00+00:00,12.34000015258789,12.399999618530273,12.34000015258789,12.390000343322754,0,0.0,0.0,0.0
2025-05-09 01:05:00+00:00,12.390000343322754,12.390000343322754,12.390000343322754,12.390000343322754,55630,0.0,0.0,0.0
2025-05-09 01:10:00+00:00,12.380000114440918,12.380000114440918,12.369999885559082,12.369999885559082,55129,0.0,0.0,0.0
2025-05-09 01:15:00+00:00,12.369999885559082,12.40999984741211,12.369999885559082,12.399999618530273,67677,0.0,0.0,0.0
2025-05-09 01:20:00+00:00,12.399999618530273,12.399999618530273,12.399999618530273,12.399999618530273,15426,0.0,0.0,0.0
2025-05-09 01:25:00+00:00,12.399999618530273,12.399999618530273,12.380000114440918,12.380000114440918,23028,0.0,0.0,0.0
2025-05-09 01:30:00+00:00,12.380000114440918,12.380000114440918,12.359999656677246,12.359999656677246,33346,0.0,0.0,0.0
2025-05-09 01:35:00+00:00,12.359999656677246,12.359999656677246,12.350000381469727,12.350000381469727,6467,0.0,0.0,0.0
2025-05-09 01:40:00+00:00,12.350000381469727,12.350000381469727,12.350000381469727,12.350000381469727,15849,0.0,0.0,0.0
2025-05-09 01:45:00+00:00,12.350000381469727,12.369999885559082,12.350000381469727,12.359999656677246,31742,0.0,0.0,0.0
2025-05-09 01:50:00+00:00,12.369999885559082,12.369999885559082,12.369999885559082,12.369999885559082,5091,0.0,0.0,0.0
2025-05-09 01:55:00+00:00,12.369999885559082,12.369999885559082,12.369999885559082,12.369999885559082,16227,0.0,0.0,0.0
2025-05-09 02:00:00+00:00,12.380000114440918,12.380000114440918,12.369999885559082,12.369999885559082,29301,0.0,0.0,0.0
2025-05-09 02:05:00+00:00,12.359999656677246,12.390000343322754,12.359999656677246,12.390000343322754,13292,0.0,0.0,0.0
2025-05-09 02:10:00+00:00,12.390000343322754,12.390000343322754,12.380000114440918,12.380000114440918,11050,0.0,0.0,0.0
2025-05-09 02:15:00+00:00,12.380000114440918,12.380000114440918,12.380000114440918,12.380000114440918,4661,0.0,0.0,0.0
2025-05-09 02:20:00+00:00,12.380000114440918,12.380000114440918,12.380000114440918,12.380000114440918,8049,0.0,0.0,0.0
2025-05-09 02:25:00+00:00,12.380000114440918,12.390000343322754,12.380000114440918,12.390000343322754,17050,0.0,0.0,0.0
2025-05-09 02:30:00+00:00,12.390000343322754,12.399999618530273,12.390000343322754,12.399999618530273,83970,0.0,0.0,0.0
2025-05-09 02:35:00+00:00,12.399999618530273,12.399999618530273,12.399999618530273,12.399999618530273,142103,0.0,0.0,0.0
2025-05-09 02:40:00+00:00,12.399999618530273,12.40999984741211,12.399999618530273,12.40999984741211,47218,0.0,0.0,0.0
2025-05-09 02:45:00+00:00,12.40999984741211,12.420000076293945,12.40999984741211,12.420000076293945,44883,0.0,0.0,0.0
2025-05-09 02:50:00+00:00,12.420000076293945,12.420000076293945,12.40999984741211,12.40999984741211,9050,0.0,0.0,0.0
2025-05-09 02:55:00+00:00,12.40999984741211,12.420000076293945,12.40999984741211,12.420000076293945,12162,0.0,0.0,0.0
2025-05-09 03:00:00+00:00,12.399999618530273,12.399999618530273,12.399999618530273,12.399999618530273,10753,0.0,0.0,0.0
2025-05-09 03:05:00+00:00,12.40999984741211,12.420000076293945,12.40999984741211,12.420000076293945,33154,0.0,0.0,0.0
2025-05-09 03:10:00+00:00,12.420000076293945,12.430000305175781,12.420000076293945,12.430000305175781,45680,0.0,0.0,0.0
2025-05-09 03:15:00+00:00,12.4399995803833,12.4399995803833,12.430000305175781,12.430000305175781,13111,0.0,0.0,0.0
2025-05-09 03:20:00+00:00,12.4399995803833,12.4399995803833,12.420000076293945,12.420000076293945,32051,0.0,0.0,0.0
2025-05-09 03:25:00+00:00,12.420000076293945,12.420000076293945,12.420000076293945,12.420000076293945,32045,0.0,0.0,0.0
2025-05-09 03:30:00+00:00,12.430000305175781,12.449999809265137,12.430000305175781,12.449999809265137,80440,0.0,0.0,0.0
2025-05-09 03:35:00+00:00,12.4399995803833,12.4399995803833,12.4399995803833,12.4399995803833,14816,0.0,0.0,0.0
2025-05-09 03:40:00+00:00,12.4399995803833,12.4399995803833,12.4399995803833,12.4399995803833,2011,0.0,0.0,0.0
2025-05-09 03:45:00+00:00,12.4399995803833,12.4399995803833,12.430000305175781,12.430000305175781,3222,0.0,0.0,0.0
2025-05-09 03:50:00+00:00,12.430000305175781,12.430000305175781,12.430000305175781,12.430000305175781,4016,0.0,0.0,0.0
2025-05-09 03:55:00+00:00,12.4399995803833,12.4399995803833,12.4399995803833,12.4399995803833,40029,0.0,0.0,0.0
2025-05-09 04:00:00+00:00,12.4399995803833,12.449999809265137,12.4399995803833,12.449999809265137,42187,0.0,0.0,0.0
2025-05-09 04:05:00+00:00,12.449999809265137,12.449999809265137,12.4399995803833,12.449999809265137,10070,0.0,0.0,0.0
2025-05-09 04:10:00+00:00,12.449999809265137,12.449999809265137,12.4399995803833,12.4399995803833,37361,0.0,0.0,0.0
2025-05-09 04:15:00+00:00,12.4399995803833,12.4399995803833,12.430000305175781,12.430000305175781,26315,0.0,0.0,0.0
2025-05-09 04:20:00+00:00,12.430000305175781,12.4399995803833,12.420000076293945,12.420000076293945,20060,0.0,0.0,0.0
2025-05-09 04:25:00+00:00,12.430000305175781,12.4399995803833,12.430000305175781,12.4399995803833,29268,0.0,0.0,0.0
2025-05-09 04:30:00+00:00,12.449999809265137,12.449999809265137,12.4399995803833,12.4399995803833,3742,0.0,0.0,0.0
2025-05-09 04:35:00+00:00,12.4399995803833,12.449999809265137,12.4399995803833,12.449999809265137,19644,0.0,0.0,0.0
2025-05-09 04:40:00+00:00,12.449999809265137,12.449999809265137,12.449999809265137,12.449999809265137,10282,0.0,0.0,0.0
2025-05-09 04:45:00+00:00,12.449999809265137,12.449999809265137,12.449999809265137,12.449999809265137,27100,0.0,0.0,0.0
2025-05-09 04:50:00+00:00,12.449999809265137,12.449999809265137,12.4399995803833,12.4399995803833,5073,0.0,0.0,0.0
2025-05-09 04:55:00+00:00,12.4399995803833,12.4399995803833,12.4399995803833,12.4399995803833,7280,0.0,0.0,0.0
2025-05-09 05:00:00+00:00,12.4399995803833,12.449999809265137,12.4399995803833,12.4399995803833,33060,0.0,0.0,0.0
2025-05-09 05:05:00+00:00,12.430000305175781,12.4399995803833,12.430000305175781,12.4399995803833,4552,0.0,0.0,0.0
2025-05-09 05:10:00+00:00,12.4399995803833,12.449999809265137,12.4399995803833,12.4399995803833,23562,0.0,0.0,0.0
2025-05-09 05:15:00+00:00,12.4399995803833,12.449999809265137,12.4399995803833,12.449999809265137,115190,0.0,0.0,0.0
2025-05-09 05:20:00+00:00,12.449999809265137,12.449999809265137,12.4399995803833,12.449999809265137,59911,0.0,0.0,0.0
2025-05-12 01:00:00+00:00,12.529999732971191,12.579999923706055,12.529999732971191,12.579999923706055,0,0.0,0.0,0.0
2025-05-12 01:05:00+00:00,12.59000015258789,12.600000381469727,12.579999923706055,12.600000381469727,233000,0.0,0.0,0.0
2025-05-12 01:10:00+00:00,12.600000381469727,12.609999656677246,12.600000381469727,12.609999656677246,66084,0.0,0.0,0.0
2025-05-12 01:15:00+00:00,12.609999656677246,12.609999656677246,12.600000381469727,12.600000381469727,10397,0.0,0.0,0.0
2025-05-12 01:20:00+00:00,12.600000381469727,12.600000381469727,12.59000015258789,12.600000381469727,86079,0.0,0.0,0.0
2025-05-12 01:25:00+00:00,12.600000381469727,12.600000381469727,12.59000015258789,12.59000015258789,64611,0.0,0.0,0.0
2025-05-12 01:30:00+00:00,12.600000381469727,12.600000381469727,12.59000015258789,12.59000015258789,140694,0.0,0.0,0.0
2025-05-12 01:35:00+00:00,12.59000015258789,12.59000015258789,12.579999923706055,12.59000015258789,99597,0.0,0.0,0.0
2025-05-12 01:40:00+00:00,12.59000015258789,12.59000015258789,12.5600004196167,12.5600004196167,50765,0.0,0.0,0.0
2025-05-12 01:45:00+00:00,12.5600004196167,12.579999923706055,12.5600004196167,12.569999694824219,19043,0.0,0.0,0.0
2025-05-12 01:50:00+00:00,12.579999923706055,12.579999923706055,12.5600004196167,12.5600004196167,36773,0.0,0.0,0.0
2025-05-12 01:55:00+00:00,12.569999694824219,12.569999694824219,12.569999694824219,12.569999694824219,15268,0.0,0.0,0.0
2025-05-12 02:00:00+00:00,12.579999923706055,12.59000015258789,12.579999923706055,12.579999923706055,35851,0.0,0.0,0.0
2025-05-12 02:05:00+00:00,12.579999923706055,12.59000015258789,12.579999923706055,12.579999923706055,19139,0.0,0.0,0.0
2025-05-12 02:10:00+00:00,12.579999923706055,12.59000015258789,12.579999923706055,12.59000015258789,13464,0.0,0.0,0.0
2025-05-12 02:15:00+00:00,12.59000015258789,12.59000015258789,12.579999923706055,12.579999923706055,18538,0.0,0.0,0.0
2025-05-12 02:20:00+00:00,12.579999923706055,12.59000015258789,12.579999923706055,12.59000015258789,53876,0.0,0.0,0.0
2025-05-12 02:25:00+00:00,12.59000015258789,12.600000381469727,12.59000015258789,12.59000015258789,142550,0.0,0.0,0.0
2025-05-12 02:30:00+00:00,12.59000015258789,12.59000015258789,12.579999923706055,12.579999923706055,19250,0.0,0.0,0.0
2025-05-12 02:35:00+00:00,12.579999923706055,12.579999923706055,12.569999694824219,12.569999694824219,46033,0.0,0.0,0.0
2025-05-12 02:40:00+00:00,12.579999923706055,12.579999923706055,12.569999694824219,12.579999923706055,16707,0.0,0.0,0.0
2025-05-12 02:45:00+00:00,12.579999923706055,12.579999923706055,12.579999923706055,12.579999923706055,4693,0.0,0.0,0.0
2025-05-12 02:50:00+00:00,12.579999923706055,12.579999923706055,12.579999923706055,12.579999923706055,10059,0.0,0.0,0.0
2025-05-12 02:55:00+00:00,12.59000015258789,12.59000015258789,12.579999923706055,12.579999923706055,138673,0.0,0.0,0.0
2025-05-12 03:00:00+00:00,12.579999923706055,12.579999923706055,12.5600004196167,12.579999923706055,15062,0.0,0.0,0.0
2025-05-12 03:05:00+00:00,12.579999923706055,12.579999923706055,12.579999923706055,12.579999923706055,4101,0.0,0.0,0.0
2025-05-12 03:10:00+00:00,12.569999694824219,12.569999694824219,12.569999694824219,12.569999694824219,5422,0.0,0.0,0.0
2025-05-12 03:15:00+00:00,12.569999694824219,12.569999694824219,12.5600004196167,12.569999694824219,21140,0.0,0.0,0.0
2025-05-12 03:20:00+00:00,12.569999694824219,12.569999694824219,12.5600004196167,12.5600004196167,11626,0.0,0.0,0.0
2025-05-12 03:25:00+00:00,12.5600004196167,12.5600004196167,12.550000190734863,12.550000190734863,51416,0.0,0.0,0.0
2025-05-12 03:30:00+00:00,12.550000190734863,12.550000190734863,12.539999961853027,12.539999961853027,11439,0.0,0.0,0.0
2025-05-12 03:35:00+00:00,12.539999961853027,12.539999961853027,12.539999961853027,12.539999961853027,14178,0.0,0.0,0.0
2025-05-12 03:40:00+00:00,12.539999961853027,12.539999961853027,12.539999961853027,12.539999961853027,6119,0.0,0.0,0.0
2025-05-12 03:45:00+00:00,12.539999961853027,12.550000190734863,12.529999732971191,12.529999732971191,13318,0.0,0.0,0.0
2025-05-12 03:50:00+00:00,12.529999732971191,12.539999961853027,12.529999732971191,12.539999961853027,9167,0.0,0.0,0.0
2025-05-12 03:55:00+00:00,12.529999732971191,12.539999961853027,12.529999732971191,12.539999961853027,6169,0.0,0.0,0.0
2025-05-12 04:00:00+00:00,12.539999961853027,12.539999961853027,12.539999961853027,12.539999961853027,4458,0.0,0.0,0.0
2025-05-12 04:05:00+00:00,12.539999961853027,12.550000190734863,12.539999961853027,12.550000190734863,13180,0.0,0.0,0.0
2025-05-12 04:10:00+00:00,12.539999961853027,12.539999961853027,12.529999732971191,12.539999961853027,72647,0.0,0.0,0.0
2025-05-12 04:15:00+00:00,12.539999961853027,12.550000190734863,12.539999961853027,12.550000190734863,27063,0.0,0.0,0.0
2025-05-12 04:20:00+00:00,12.550000190734863,12.550000190734863,12.539999961853027,12.550000190734863,6602,0.0,0.0,0.0
2025-05-12 04:25:00+00:00,12.550000190734863,12.550000190734863,12.539999961853027,12.539999961853027,5370,0.0,0.0,0.0
2025-05-12 04:30:00+00:00,12.550000190734863,12.550000190734863,12.550000190734863,12.550000190734863,49970,0.0,0.0,0.0
2025-05-12 04:35:00+00:00,12.550000190734863,12.5600004196167,12.550000190734863,12.5600004196167,2310,0.0,0.0,0.0
2025-05-12 04:40:00+00:00,12.550000190734863,12.550000190734863,12.539999961853027,12.539999961853027,36000,0.0,0.0,0.0
2025-05-12 04:45:00+00:00,12.539999961853027,12.5600004196167,12.539999961853027,12.550000190734863,15010,0.0,0.0,0.0
2025-05-12 04:50:00+00:00,12.550000190734863,12.550000190734863,12.539999961853027,12.539999961853027,6290,0.0,0.0,0.0
2025-05-12 04:55:00+00:00,12.550000190734863,12.5600004196167,12.550000190734863,12.550000190734863,7428,0.0,0.0,0.0
2025-05-12 05:00:00+00:00,12.550000190734863,12.550000190734863,12.539999961853027,12.539999961853027,16180,0.0,0.0,0.0
2025-05-12 05:05:00+00:00,12.550000190734863,12.550000190734863,12.539999961853027,12.550000190734863,30242,0.0,0.0,0.0
2025-05-12 05:10:00+00:00,12.550000190734863,12.550000190734863,12.550000190734863,12.550000190734863,3717,0.0,0.0,0.0
2025-05-12 05:15:00+00:00,12.550000190734863,12.550000190734863,12.539999961853027,12.539999961853027,24543,0.0,0.0,0.0
2025-05-12 05:20:00+00:00,12.539999961853027,12.550000190734863,12.539999961853027,12.550000190734863,129943,0.0,0.0,0.0
2025-05-13 01:00:00+00:00,12.770000457763672,12.949999809265137,12.770000457763672,12.899999618530273,0,0.0,0.0,0.0
2025-05-13 01:05:00+00:00,12.890000343322754,12.890000343322754,12.859999656677246,12.859999656677246,104000,0.0,0.0,0.0
2025-05-13 01:10:00+00:00,12.869999885559082,12.869999885559082,12.829999923706055,12.84000015258789,322404,0.0,0.0,0.0
2025-05-13 01:15:00+00:00,12.829999923706055,12.850000381469727,12.829999923706055,12.84000015258789,230795,0.0,0.0,0.0
2025-05-13 01:20:00+00:00,12.84000015258789,12.869999885559082,12.84000015258789,12.869999885559082,256991,0.0,0.0,0.0
2025-05-13 01:25:00+00:00,12.869999885559082,12.869999885559082,12.869999885559082,12.869999885559082,72804,0.0,0.0,0.0
2025-05-13 01:30:00+00:00,12.880000114440918,12.890000343322754,12.859999656677246,12.890000343322754,99783,0.0,0.0,0.0
2025-05-13 01:35:00+00:00,12.890000343322754,12.890000343322754,12.869999885559082,12.869999885559082,87866,0.0,0.0,0.0
2025-05-13 01:40:00+00:00,12.859999656677246,12.859999656677246,12.850000381469727,12.859999656677246,29295,0.0,0.0,0.0
2025-05-13 01:45:00+00:00,12.859999656677246,12.869999885559082,12.859999656677246,12.869999885559082,53193,0.0,0.0,0.0
2025-05-13 01:50:00+00:00,12.869999885559082,12.869999885559082,12.859999656677246,12.859999656677246,15121,0.0,0.0,0.0
2025-05-13 01:55:00+00:00,12.859999656677246,12.859999656677246,12.850000381469727,12.850000381469727,60242,0.0,0.0,0.0
2025-05-13 02:00:00+00:00,12.869999885559082,12.869999885559082,12.869999885559082,12.869999885559082,20445,0.0,0.0,0.0
2025-05-13 02:05:00+00:00,12.859999656677246,12.859999656677246,12.84000015258789,12.850000381469727,34264,0.0,0.0,0.0
2025-05-13 02:10:00+00:00,12.829999923706055,12.829999923706055,12.819999694824219,12.819999694824219,69708,0.0,0.0,0.0
2025-05-13 02:15:00+00:00,12.819999694824219,12.819999694824219,12.800000190734863,12.8100004196167,144531,0.0,0.0,0.0
2025-05-13 02:20:00+00:00,12.8100004196167,12.819999694824219,12.800000190734863,12.800000190734863,114239,0.0,0.0,0.0
2025-05-13 02:25:00+00:00,12.789999961853027,12.800000190734863,12.789999961853027,12.789999961853027,8005,0.0,0.0,0.0
2025-05-13 02:30:00+00:00,12.789999961853027,12.789999961853027,12.770000457763672,12.770000457763672,60573,0.0,0.0,0.0
2025-05-13 02:35:00+00:00,12.770000457763672,12.789999961853027,12.770000457763672,12.789999961853027,69325,0.0,0.0,0.0
2025-05-13 02:40:00+00:00,12.779999732971191,12.789999961853027,12.779999732971191,12.789999961853027,14579,0.0,0.0,0.0
2025-05-13 02:45:00+00:00,12.800000190734863,12.800000190734863,12.770000457763672,12.770000457763672,15660,0.0,0.0,0.0
2025-05-13 02:50:00+00:00,12.779999732971191,12.779999732971191,12.770000457763672,12.779999732971191,12933,0.0,0.0,0.0
2025-05-13 02:55:00+00:00,12.779999732971191,12.779999732971191,12.779999732971191,12.779999732971191,39093,0.0,0.0,0.0
2025-05-13 03:00:00+00:00,12.779999732971191,12.779999732971191,12.770000457763672,12.770000457763672,50112,0.0,0.0,0.0
2025-05-13 03:05:00+00:00,12.779999732971191,12.779999732971191,12.760000228881836,12.760000228881836,8048,0.0,0.0,0.0
2025-05-13 03:10:00+00:00,12.770000457763672,12.770000457763672,12.770000457763672,12.770000457763672,1059,0.0,0.0,0.0
2025-05-13 03:15:00+00:00,12.770000457763672,12.770000457763672,12.760000228881836,12.770000457763672,34056,0.0,0.0,0.0
2025-05-13 03:20:00+00:00,12.770000457763672,12.779999732971191,12.770000457763672,12.779999732971191,15410,0.0,0.0,0.0
2025-05-13 03:25:00+00:00,12.779999732971191,12.789999961853027,12.779999732971191,12.789999961853027,26081,0.0,0.0,0.0
2025-05-13 03:30:00+00:00,12.789999961853027,12.789999961853027,12.789999961853027,12.789999961853027,7039,0.0,0.0,0.0
2025-05-13 03:35:00+00:00,12.779999732971191,12.789999961853027,12.779999732971191,12.789999961853027,25222,0.0,0.0,0.0
2025-05-13 03:40:00+00:00,12.789999961853027,12.789999961853027,12.779999732971191,12.779999732971191,27205,0.0,0.0,0.0
2025-05-13 03:45:00+00:00,12.779999732971191,12.789999961853027,12.779999732971191,12.789999961853027,7794,0.0,0.0,0.0
2025-05-13 03:50:00+00:00,12.779999732971191,12.779999732971191,12.770000457763672,12.770000457763672,23300,0.0,0.0,0.0
2025-05-13 03:55:00+00:00,12.770000457763672,12.779999732971191,12.770000457763672,12.770000457763672,17048,0.0,0.0,0.0
2025-05-13 04:00:00+00:00,12.779999732971191,12.779999732971191,12.779999732971191,12.779999732971191,1215,0.0,0.0,0.0
2025-05-13 04:05:00+00:00,12.779999732971191,12.789999961853027,12.770000457763672,12.779999732971191,7807,0.0,0.0,0.0
2025-05-13 04:10:00+00:00,12.770000457763672,12.779999732971191,12.770000457763672,12.779999732971191,8518,0.0,0.0,0.0
2025-05-13 04:15:00+00:00,12.779999732971191,12.779999732971191,12.770000457763672,12.779999732971191,7327,0.0,0.0,0.0
2025-05-13 04:20:00+00:00,12.779999732971191,12.779999732971191,12.779999732971191,12.779999732971191,75192,0.0,0.0,0.0
2025-05-13 04:25:00+00:00,12.779999732971191,12.779999732971191,12.770000457763672,12.779999732971191,73352,0.0,0.0,0.0
2025-05-13 04:30:00+00:00,12.789999961853027,12.789999961853027,12.770000457763672,12.770000457763672,3626,0.0,0.0,0.0
2025-05-13 04:35:00+00:00,12.779999732971191,12.779999732971191,12.779999732971191,12.779999732971191,24030,0.0,0.0,0.0
2025-05-13 04:40:00+00:00,12.779999732971191,12.779999732971191,12.770000457763672,12.779999732971191,26506,0.0,0.0,0.0
2025-05-13 04:45:00+00:00,12.770000457763672,12.770000457763672,12.770000457763672,12.770000457763672,3325,0.0,0.0,0.0
2025-05-13 04:50:00+00:00,12.770000457763672,12.779999732971191,12.770000457763672,12.779999732971191,27210,0.0,0.0,0.0
2025-05-13 04:55:00+00:00,12.770000457763672,12.770000457763672,12.760000228881836,12.760000228881836,50285,0.0,0.0,0.0
2025-05-13 05:00:00+00:00,12.770000457763672,12.779999732971191,12.770000457763672,12.779999732971191,48010,0.0,0.0,0.0
2025-05-13 05:05:00+00:00,12.779999732971191,12.779999732971191,12.779999732971191,12.779999732971191,16661,0.0,0.0,0.0
2025-05-13 05:10:00+00:00,12.779999732971191,12.789999961853027,12.779999732971191,12.789999961853027,12400,0.0,0.0,0.0
2025-05-13 05:15:00+00:00,12.789999961853027,12.789999961853027,12.779999732971191,12.779999732971191,23336,0.0,0.0,0.0
2025-05-13 05:20:00+00:00,12.789999961853027,12.789999961853027,12.779999732971191,12.789999961853027,12694,0.0,0.0,0.0
2025-05-14 01:00:00+00:00,12.949999809265137,12.979999542236328,12.949999809265137,12.949999809265137,0,0.0,0.0,0.0
2025-05-14 01:05:00+00:00,12.949999809265137,12.949999809265137,12.9399995803833,12.949999809265137,145425,0.0,0.0,0.0
2025-05-14 01:10:00+00:00,12.949999809265137,12.960000038146973,12.949999809265137,12.949999809265137,57399,0.0,0.0,0.0
2025-05-14 01:15:00+00:00,12.949999809265137,12.960000038146973,12.9399995803833,12.949999809265137,197534,0.0,0.0,0.0
2025-05-14 01:20:00+00:00,12.949999809265137,12.960000038146973,12.949999809265137,12.960000038146973,90048,0.0,0.0,0.0
2025-05-14 01:25:00+00:00,12.960000038146973,12.960000038146973,12.9399995803833,12.960000038146973,95295,0.0,0.0,0.0
2025-05-14 01:30:00+00:00,12.960000038146973,12.960000038146973,12.949999809265137,12.949999809265137,16243,0.0,0.0,0.0
2025-05-14 01:35:00+00:00,12.949999809265137,12.970000267028809,12.949999809265137,12.970000267028809,250740,0.0,0.0,0.0
2025-05-14 01:40:00+00:00,12.970000267028809,13.0,12.970000267028809,12.979999542236328,389720,0.0,0.0,0.0
2025-05-14 01:45:00+00:00,12.979999542236328,12.989999771118164,12.979999542236328,12.979999542236328,12569,0.0,0.0,0.0
2025-05-14 01:50:00+00:00,12.979999542236328,12.989999771118164,12.979999542236328,12.989999771118164,199130,0.0,0.0,0.0
2025-05-14 01:55:00+00:00,12.989999771118164,13.0,12.970000267028809,13.0,246267,0.0,0.0,0.0
2025-05-14 02:00:00+00:00,12.979999542236328,13.0,12.970000267028809,12.979999542236328,60581,0.0,0.0,0.0
2025-05-14 02:05:00+00:00,12.979999542236328,12.979999542236328,12.970000267028809,12.970000267028809,33273,0.0,0.0,0.0
2025-05-14 02:10:00+00:00,12.970000267028809,12.989999771118164,12.970000267028809,12.989999771118164,68158,0.0,0.0,0.0
2025-05-14 02:15:00+00:00,12.989999771118164,13.0,12.989999771118164,12.989999771118164,74714,0.0,0.0,0.0
2025-05-14 02:20:00+00:00,12.989999771118164,12.989999771118164,12.989999771118164,12.989999771118164,19264,0.0,0.0,0.0
2025-05-14 02:25:00+00:00,12.989999771118164,12.989999771118164,12.979999542236328,12.979999542236328,39343,0.0,0.0,0.0
2025-05-14 02:30:00+00:00,12.970000267028809,12.979999542236328,12.970000267028809,12.970000267028809,35261,0.0,0.0,0.0
2025-05-14 02:35:00+00:00,12.960000038146973,12.960000038146973,12.949999809265137,12.960000038146973,81182,0.0,0.0,0.0
2025-05-14 02:40:00+00:00,12.949999809265137,12.960000038146973,12.949999809265137,12.960000038146973,8557,0.0,0.0,0.0
2025-05-14 02:45:00+00:00,12.960000038146973,12.960000038146973,12.949999809265137,12.949999809265137,40852,0.0,0.0,0.0
2025-05-14 02:50:00+00:00,12.949999809265137,12.949999809265137,12.9399995803833,12.9399995803833,15479,0.0,0.0,0.0
2025-05-14 02:55:00+00:00,12.9399995803833,12.949999809265137,12.9399995803833,12.949999809265137,41558,0.0,0.0,0.0
2025-05-14 03:00:00+00:00,12.960000038146973,12.960000038146973,12.960000038146973,12.960000038146973,21348,0.0,0.0,0.0
2025-05-14 03:05:00+00:00,12.970000267028809,12.970000267028809,12.970000267028809,12.970000267028809,25598,0.0,0.0,0.0
2025-05-14 03:10:00+00:00,12.970000267028809,12.970000267028809,12.970000267028809,12.970000267028809,19010,0.0,0.0,0.0
2025-05-14 03:15:00+00:00,12.979999542236328,12.979999542236328,12.979999542236328,12.979999542236328,16353,0.0,0.0,0.0
2025-05-14 03:20:00+00:00,12.989999771118164,12.989999771118164,12.989999771118164,12.989999771118164,4038,0.0,0.0,0.0
2025-05-14 03:25:00+00:00,12.989999771118164,13.010000228881836,12.989999771118164,13.010000228881836,673162,0.0,0.0,0.0
2025-05-14 03:30:00+00:00,13.010000228881836,13.020000457763672,13.010000228881836,13.010000228881836,28357,0.0,0.0,0.0
2025-05-14 03:35:00+00:00,13.0,13.0,13.0,13.0,9124,0.0,0.0,0.0
2025-05-14 03:40:00+00:00,13.0,13.010000228881836,13.0,13.010000228881836,8380,0.0,0.0,0.0
2025-05-14 03:45:00+00:00,13.010000228881836,13.010000228881836,13.0,13.0,42613,0.0,0.0,0.0
2025-05-14 03:50:00+00:00,13.0,13.0,13.0,13.0,1446,0.0,0.0,0.0
2025-05-14 03:55:00+00:00,13.010000228881836,13.010000228881836,13.010000228881836,13.010000228881836,1552,0.0,0.0,0.0
2025-05-14 04:00:00+00:00,13.010000228881836,13.010000228881836,13.010000228881836,13.010000228881836,89024,0.0,0.0,0.0
2025-05-14 04:05:00+00:00,13.0,13.020000457763672,13.0,13.020000457763672,118713,0.0,0.0,0.0
2025-05-14 04:10:00+00:00,13.020000457763672,13.020000457763672,13.010000228881836,13.010000228881836,20227,0.0,0.0,0.0
2025-05-14 04:15:00+00:00,13.010000228881836,13.039999961853027,13.010000228881836,13.020000457763672,180019,0.0,0.0,0.0
2025-05-14 04:20:00+00:00,13.029999732971191,13.039999961853027,13.020000457763672,13.029999732971191,167135,0.0,0.0,0.0
2025-05-14 04:25:00+00:00,13.029999732971191,13.039999961853027,13.020000457763672,13.039999961853027,149117,0.0,0.0,0.0
2025-05-14 04:30:00+00:00,13.039999961853027,13.039999961853027,13.029999732971191,13.039999961853027,158186,0.0,0.0,0.0
2025-05-14 04:35:00+00:00,13.039999961853027,13.050000190734863,13.039999961853027,13.050000190734863,126075,0.0,0.0,0.0
2025-05-14 04:40:00+00:00,13.0600004196167,13.0600004196167,13.050000190734863,13.0600004196167,34238,0.0,0.0,0.0
2025-05-14 04:45:00+00:00,13.0600004196167,13.0600004196167,13.050000190734863,13.050000190734863,30782,0.0,0.0,0.0
2025-05-14 04:50:00+00:00,13.050000190734863,13.0600004196167,13.050000190734863,13.050000190734863,19200,0.0,0.0,0.0
2025-05-14 04:55:00+00:00,13.050000190734863,13.0600004196167,13.050000190734863,13.050000190734863,104564,0.0,0.0,0.0
2025-05-14 05:00:00+00:00,13.050000190734863,13.050000190734863,13.050000190734863,13.050000190734863,38500,0.0,0.0,0.0
2025-05-14 05:05:00+00:00,13.050000190734863,13.050000190734863,13.039999961853027,13.050000190734863,31800,0.0,0.0,0.0
2025-05-14 05:10:00+00:00,13.0600004196167,13.0600004196167,13.050000190734863,13.0600004196167,27193,0.0,0.0,0.0
2025-05-14 05:15:00+00:00,13.0600004196167,13.0600004196167,13.0600004196167,13.0600004196167,42310,0.0,0.0,0.0
2025-05-14 05:20:00+00:00,13.0600004196167,13.0600004196167,13.050000190734863,13.0600004196167,20796,0.0,0.0,0.0
2025-05-15 01:00:00+00:00,13.039999961853027,13.100000381469727,13.039999961853027,13.100000381469727,0,0.0,0.0,0.0
2025-05-15 01:05:00+00:00,13.100000381469727,13.100000381469727,13.069999694824219,13.069999694824219,51744,0.0,0.0,0.0
2025-05-15 01:10:00+00:00,13.069999694824219,13.100000381469727,13.069999694824219,13.100000381469727,85308,0.0,0.0,0.0
2025-05-15 01:15:00+00:00,13.100000381469727,13.100000381469727,13.079999923706055,13.079999923706055,31316,0.0,0.0,0.0
2025-05-15 01:20:00+00:00,13.079999923706055,13.079999923706055,13.050000190734863,13.050000190734863,55588,0.0,0.0,0.0
2025-05-15 01:25:00+00:00,13.039999961853027,13.039999961853027,13.020000457763672,13.029999732971191,30889,0.0,0.0,0.0
2025-05-15 01:30:00+00:00,13.029999732971191,13.029999732971191,13.010000228881836,13.020000457763672,107541,0.0,0.0,0.0
2025-05-15 01:35:00+00:00,13.020000457763672,13.039999961853027,13.020000457763672,13.039999961853027,59233,0.0,0.0,0.0
2025-05-15 01:40:00+00:00,13.039999961853027,13.0600004196167,13.039999961853027,13.0600004196167,210582,0.0,0.0,0.0
2025-05-15 01:45:00+00:00,13.0600004196167,13.069999694824219,13.0600004196167,13.0600004196167,86425,0.0,0.0,0.0
2025-05-15 01:50:00+00:00,13.0600004196167,13.069999694824219,13.0600004196167,13.0600004196167,18318,0.0,0.0,0.0
2025-05-15 01:55:00+00:00,13.0600004196167,13.0600004196167,13.050000190734863,13.0600004196167,216151,0.0,0.0,0.0
2025-05-15 02:00:00+00:00,13.0600004196167,13.0600004196167,13.029999732971191,13.039999961853027,25471,0.0,0.0,0.0
2025-05-15 02:05:00+00:00,13.039999961853027,13.050000190734863,13.039999961853027,13.050000190734863,15302,0.0,0.0,0.0
2025-05-15 02:10:00+00:00,13.050000190734863,13.050000190734863,13.039999961853027,13.039999961853027,73132,0.0,0.0,0.0
2025-05-15 02:15:00+00:00,13.050000190734863,13.050000190734863,13.039999961853027,13.039999961853027,12555,0.0,0.0,0.0
2025-05-15 02:20:00+00:00,13.039999961853027,13.050000190734863,13.029999732971191,13.050000190734863,36082,0.0,0.0,0.0
2025-05-15 02:25:00+00:00,13.029999732971191,13.050000190734863,13.029999732971191,13.039999961853027,66468,0.0,0.0,0.0
2025-05-15 02:30:00+00:00,13.050000190734863,13.0600004196167,13.050000190734863,13.050000190734863,99190,0.0,0.0,0.0
2025-05-15 02:35:00+00:00,13.050000190734863,13.0600004196167,13.039999961853027,13.039999961853027,142497,0.0,0.0,0.0
2025-05-15 02:40:00+00:00,13.039999961853027,13.0600004196167,13.039999961853027,13.0600004196167,12129,0.0,0.0,0.0
2025-05-15 02:45:00+00:00,13.0600004196167,13.0600004196167,13.0600004196167,13.0600004196167,4795,0.0,0.0,0.0
2025-05-15 02:50:00+00:00,13.0600004196167,13.0600004196167,13.050000190734863,13.0600004196167,91190,0.0,0.0,0.0
2025-05-15 02:55:00+00:00,13.0600004196167,13.09000015258789,13.0600004196167,13.09000015258789,97593,0.0,0.0,0.0
2025-05-15 03:00:00+00:00,13.079999923706055,13.09000015258789,13.079999923706055,13.09000015258789,23814,0.0,0.0,0.0
2025-05-15 03:05:00+00:00,13.09000015258789,13.09000015258789,13.09000015258789,13.09000015258789,6533,0.0,0.0,0.0
2025-05-15 03:10:00+00:00,13.09000015258789,13.09000015258789,13.079999923706055,13.079999923706055,27141,0.0,0.0,0.0
2025-05-15 03:15:00+00:00,13.09000015258789,13.09000015258789,13.079999923706055,13.079999923706055,30708,0.0,0.0,0.0
2025-05-15 03:20:00+00:00,13.079999923706055,13.09000015258789,13.079999923706055,13.09000015258789,4748,0.0,0.0,0.0
2025-05-15 03:25:00+00:00,13.09000015258789,13.09000015258789,13.069999694824219,13.069999694824219,13239,0.0,0.0,0.0
2025-05-15 03:30:00+00:00,13.09000015258789,13.09000015258789,13.079999923706055,13.079999923706055,3071,0.0,0.0,0.0
2025-05-15 03:35:00+00:00,13.079999923706055,13.079999923706055,13.079999923706055,13.079999923706055,6023,0.0,0.0,0.0
2025-05-15 03:40:00+00:00,13.079999923706055,13.079999923706055,13.079999923706055,13.079999923706055,2682,0.0,0.0,0.0
2025-05-15 03:45:00+00:00,13.079999923706055,13.079999923706055,13.0600004196167,13.0600004196167,13048,0.0,0.0,0.0
2025-05-15 03:50:00+00:00,13.069999694824219,13.09000015258789,13.069999694824219,13.079999923706055,21140,0.0,0.0,0.0
2025-05-15 03:55:00+00:00,13.079999923706055,13.079999923706055,13.069999694824219,13.069999694824219,3246,0.0,0.0,0.0
2025-05-15 04:00:00+00:00,13.069999694824219,13.069999694824219,13.0600004196167,13.069999694824219,13550,0.0,0.0,0.0
2025-05-15 04:05:00+00:00,13.069999694824219,13.069999694824219,13.069999694824219,13.069999694824219,53144,0.0,0.0,0.0
2025-05-15 04:10:00+00:00,13.079999923706055,13.079999923706055,13.069999694824219,13.069999694824219,30384,0.0,0.0,0.0
2025-05-15 04:15:00+00:00,13.069999694824219,13.069999694824219,13.069999694824219,13.069999694824219,11427,0.0,0.0,0.0
2025-05-15 04:20:00+00:00,13.069999694824219,13.069999694824219,13.069999694824219,13.069999694824219,3165,0.0,0.0,0.0
2025-05-15 04:25:00+00:00,13.0600004196167,13.069999694824219,13.0600004196167,13.069999694824219,9030,0.0,0.0,0.0
2025-05-15 04:30:00+00:00,13.069999694824219,13.069999694824219,13.0600004196167,13.069999694824219,102349,0.0,0.0,0.0
2025-05-15 04:35:00+00:00,13.069999694824219,13.069999694824219,13.069999694824219,13.069999694824219,6000,0.0,0.0,0.0
2025-05-15 04:40:00+00:00,13.069999694824219,13.069999694824219,13.0600004196167,13.069999694824219,49060,0.0,0.0,0.0
2025-05-15 04:45:00+00:00,13.069999694824219,13.069999694824219,13.0600004196167,13.069999694824219,11114,0.0,0.0,0.0
2025-05-15 04:50:00+00:00,13.069999694824219,13.069999694824219,13.0600004196167,13.069999694824219,28210,0.0,0.0,0.0
2025-05-15 04:55:00+00:00,13.069999694824219,13.069999694824219,13.0600004196167,13.0600004196167,16280,0.0,0.0,0.0
2025-05-15 05:00:00+00:00,13.0600004196167,13.0600004196167,13.0600004196167,13.0600004196167,33237,0.0,0.0,0.0
2025-05-15 05:05:00+00:00,13.0600004196167,13.069999694824219,13.0600004196167,13.0600004196167,6061,0.0,0.0,0.0
2025-05-15 05:10:00+00:00,13.0600004196167,13.0600004196167,13.050000190734863,13.050000190734863,37100,0.0,0.0,0.0
2025-05-15 05:15:00+00:00,13.069999694824219,13.069999694824219,13.0600004196167,13.0600004196167,16111,0.0,0.0,0.0
2025-05-15 05:20:00+00:00,13.0600004196167,13.069999694824219,13.050000190734863,13.0600004196167,242226,0.0,0.0,0.0
2025-05-16 01:00:00+00:00,13.0,13.050000190734863,13.0,13.050000190734863,0,0.0,0.0,0.0
2025-05-16 01:05:00+00:00,13.039999961853027,13.069999694824219,13.039999961853027,13.069999694824219,121449,0.0,0.0,0.0
2025-05-16 01:10:00+00:00,13.069999694824219,13.079999923706055,13.0600004196167,13.069999694824219,118714,0.0,0.0,0.0
2025-05-16 01:15:00+00:00,13.069999694824219,13.069999694824219,13.0600004196167,13.0600004196167,18458,0.0,0.0,0.0
2025-05-16 01:20:00+00:00,13.069999694824219,13.069999694824219,13.0600004196167,13.0600004196167,101707,0.0,0.0,0.0
2025-05-16 01:25:00+00:00,13.0600004196167,13.079999923706055,13.0600004196167,13.069999694824219,74086,0.0,0.0,0.0
2025-05-16 01:30:00+00:00,13.09000015258789,13.09000015258789,13.079999923706055,13.079999923706055,56314,0.0,0.0,0.0
2025-05-16 01:35:00+00:00,13.079999923706055,13.109999656677246,13.079999923706055,13.100000381469727,407379,0.0,0.0,0.0
2025-05-16 01:40:00+00:00,13.109999656677246,13.119999885559082,13.109999656677246,13.119999885559082,202045,0.0,0.0,0.0
2025-05-16 01:45:00+00:00,13.119999885559082,13.140000343322754,13.109999656677246,13.130000114440918,167845,0.0,0.0,0.0
2025-05-16 01:50:00+00:00,13.130000114440918,13.130000114440918,13.119999885559082,13.130000114440918,33563,0.0,0.0,0.0
2025-05-16 01:55:00+00:00,13.130000114440918,13.140000343322754,13.130000114440918,13.140000343322754,68516,0.0,0.0,0.0
2025-05-16 02:00:00+00:00,13.140000343322754,13.149999618530273,13.130000114440918,13.149999618530273,152224,0.0,0.0,0.0
2025-05-16 02:05:00+00:00,13.140000343322754,13.149999618530273,13.130000114440918,13.140000343322754,18400,0.0,0.0,0.0
2025-05-16 02:10:00+00:00,13.140000343322754,13.149999618530273,13.130000114440918,13.130000114440918,176175,0.0,0.0,0.0
2025-05-16 02:15:00+00:00,13.130000114440918,13.130000114440918,13.130000114440918,13.130000114440918,18407,0.0,0.0,0.0
2025-05-16 02:20:00+00:00,13.130000114440918,13.149999618530273,13.130000114440918,13.149999618530273,338790,0.0,0.0,0.0
2025-05-16 02:25:00+00:00,13.149999618530273,13.15999984741211,13.149999618530273,13.149999618530273,56947,0.0,0.0,0.0
2025-05-16 02:30:00+00:00,13.149999618530273,13.149999618530273,13.140000343322754,13.149999618530273,57166,0.0,0.0,0.0
2025-05-16 02:35:00+00:00,13.149999618530273,13.170000076293945,13.149999618530273,13.15999984741211,169234,0.0,0.0,0.0
2025-05-16 02:40:00+00:00,13.170000076293945,13.170000076293945,13.15999984741211,13.15999984741211,29522,0.0,0.0,0.0
2025-05-16 02:45:00+00:00,13.170000076293945,13.170000076293945,13.15999984741211,13.15999984741211,31796,0.0,0.0,0.0
2025-05-16 02:50:00+00:00,13.15999984741211,13.15999984741211,13.140000343322754,13.140000343322754,26365,0.0,0.0,0.0
2025-05-16 02:55:00+00:00,13.149999618530273,13.15999984741211,13.149999618530273,13.149999618530273,69507,0.0,0.0,0.0
2025-05-16 03:00:00+00:00,13.149999618530273,13.15999984741211,13.149999618530273,13.15999984741211,19203,0.0,0.0,0.0
2025-05-16 03:05:00+00:00,13.15999984741211,13.15999984741211,13.15999984741211,13.15999984741211,5667,0.0,0.0,0.0
2025-05-16 03:10:00+00:00,13.15999984741211,13.15999984741211,13.149999618530273,13.15999984741211,133266,0.0,0.0,0.0
2025-05-16 03:15:00+00:00,13.15999984741211,13.170000076293945,13.15999984741211,13.15999984741211,20438,0.0,0.0,0.0
2025-05-16 03:20:00+00:00,13.15999984741211,13.170000076293945,13.149999618530273,13.149999618530273,21111,0.0,0.0,0.0
2025-05-16 03:25:00+00:00,13.15999984741211,13.15999984741211,13.149999618530273,13.149999618530273,23016,0.0,0.0,0.0
2025-05-16 03:30:00+00:00,13.15999984741211,13.15999984741211,13.140000343322754,13.15999984741211,14920,0.0,0.0,0.0
2025-05-16 03:35:00+00:00,13.140000343322754,13.149999618530273,13.130000114440918,13.130000114440918,44671,0.0,0.0,0.0
2025-05-16 03:40:00+00:00,13.130000114440918,13.130000114440918,13.119999885559082,13.130000114440918,21902,0.0,0.0,0.0
2025-05-16 03:45:00+00:00,13.130000114440918,13.130000114440918,13.119999885559082,13.119999885559082,7518,0.0,0.0,0.0
2025-05-16 03:50:00+00:00,13.119999885559082,13.130000114440918,13.109999656677246,13.109999656677246,15019,0.0,0.0,0.0
2025-05-16 03:55:00+00:00,13.119999885559082,13.119999885559082,13.119999885559082,13.119999885559082,17106,0.0,0.0,0.0
2025-05-16 04:00:00+00:00,13.130000114440918,13.140000343322754,13.130000114440918,13.140000343322754,12262,0.0,0.0,0.0
2025-05-16 04:05:00+00:00,13.140000343322754,13.140000343322754,13.130000114440918,13.140000343322754,16108,0.0,0.0,0.0
2025-05-16 04:10:00+00:00,13.140000343322754,13.140000343322754,13.130000114440918,13.130000114440918,20228,0.0,0.0,0.0
2025-05-16 04:15:00+00:00,13.140000343322754,13.140000343322754,13.119999885559082,13.130000114440918,7108,0.0,0.0,0.0
2025-05-16 04:20:00+00:00,13.140000343322754,13.140000343322754,13.119999885559082,13.130000114440918,10458,0.0,0.0,0.0
2025-05-16 04:25:00+00:00,13.130000114440918,13.130000114440918,13.130000114440918,13.130000114440918,35256,0.0,0.0,0.0
2025-05-16 04:30:00+00:00,13.140000343322754,13.149999618530273,13.130000114440918,13.149999618530273,71233,0.0,0.0,0.0
2025-05-16 04:35:00+00:00,13.140000343322754,13.149999618530273,13.140000343322754,13.149999618530273,163591,0.0,0.0,0.0
2025-05-16 04:40:00+00:00,13.149999618530273,13.149999618530273,13.149999618530273,13.149999618530273,15549,0.0,0.0,0.0
2025-05-16 04:45:00+00:00,13.140000343322754,13.140000343322754,13.140000343322754,13.140000343322754,5312,0.0,0.0,0.0
2025-05-16 04:50:00+00:00,13.140000343322754,13.149999618530273,13.140000343322754,13.140000343322754,10168,0.0,0.0,0.0
2025-05-16 04:55:00+00:00,13.140000343322754,13.140000343322754,13.140000343322754,13.140000343322754,20527,0.0,0.0,0.0
2025-05-16 05:00:00+00:00,13.140000343322754,13.140000343322754,13.140000343322754,13.140000343322754,29055,0.0,0.0,0.0
2025-05-16 05:05:00+00:00,13.140000343322754,13.149999618530273,13.140000343322754,13.149999618530273,6371,0.0,0.0,0.0
2025-05-16 05:10:00+00:00,13.149999618530273,13.149999618530273,13.140000343322754,13.140000343322754,53066,0.0,0.0,0.0
2025-05-16 05:15:00+00:00,13.149999618530273,13.149999618530273,13.140000343322754,13.140000343322754,12399,0.0,0.0,0.0
2025-05-16 05:20:00+00:00,13.140000343322754,13.149999618530273,13.140000343322754,13.140000343322754,49053,0.0,0.0,0.0
2025-05-19 01:00:00+00:00,13.119999885559082,13.119999885559082,13.079999923706055,13.100000381469727,0,0.0,0.0,0.0
2025-05-19 01:05:00+00:00,13.09000015258789,13.119999885559082,13.09000015258789,13.109999656677246,40064,0.0,0.0,0.0
2025-05-19 01:10:00+00:00,13.100000381469727,13.100000381469727,13.069999694824219,13.069999694824219,134628,0.0,0.0,0.0
2025-05-19 01:15:00+00:00,13.0600004196167,13.069999694824219,13.0600004196167,13.0600004196167,101114,0.0,0.0,0.0
2025-05-19 01:20:00+00:00,13.0600004196167,13.0600004196167,13.050000190734863,13.0600004196167,33155,0.0,0.0,0.0
2025-05-19 01:25:00+00:00,13.0600004196167,13.0600004196167,13.0600004196167,13.0600004196167,18919,0.0,0.0,0.0
2025-05-19 01:30:00+00:00,13.0600004196167,13.0600004196167,13.050000190734863,13.050000190734863,118327,0.0,0.0,0.0
2025-05-19 01:35:00+00:00,13.039999961853027,13.050000190734863,13.029999732971191,13.039999961853027,95750,0.0,0.0,0.0
2025-05-19 01:40:00+00:00,13.039999961853027,13.039999961853027,13.039999961853027,13.039999961853027,16291,0.0,0.0,0.0
2025-05-19 01:45:00+00:00,13.029999732971191,13.039999961853027,13.029999732971191,13.039999961853027,11278,0.0,0.0,0.0
2025-05-19 01:50:00+00:00,13.039999961853027,13.039999961853027,13.029999732971191,13.029999732971191,43253,0.0,0.0,0.0
2025-05-19 01:55:00+00:00,13.029999732971191,13.029999732971191,13.020000457763672,13.020000457763672,12573,0.0,0.0,0.0
2025-05-19 02:00:00+00:00,13.029999732971191,13.029999732971191,13.020000457763672,13.020000457763672,11336,0.0,0.0,0.0
2025-05-19 02:05:00+00:00,13.029999732971191,13.029999732971191,13.029999732971191,13.029999732971191,5174,0.0,0.0,0.0
2025-05-19 02:10:00+00:00,13.029999732971191,13.029999732971191,13.029999732971191,13.029999732971191,7356,0.0,0.0,0.0
2025-05-19 02:15:00+00:00,13.039999961853027,13.050000190734863,13.029999732971191,13.050000190734863,39827,0.0,0.0,0.0
2025-05-19 02:20:00+00:00,13.050000190734863,13.050000190734863,13.029999732971191,13.050000190734863,40060,0.0,0.0,0.0
2025-05-19 02:25:00+00:00,13.050000190734863,13.050000190734863,13.039999961853027,13.039999961853027,3776,0.0,0.0,0.0
2025-05-19 02:30:00+00:00,13.050000190734863,13.050000190734863,13.039999961853027,13.039999961853027,53499,0.0,0.0,0.0
2025-05-19 02:35:00+00:00,13.050000190734863,13.050000190734863,13.029999732971191,13.029999732971191,18407,0.0,0.0,0.0
2025-05-19 02:40:00+00:00,13.039999961853027,13.050000190734863,13.039999961853027,13.050000190734863,118034,0.0,0.0,0.0
2025-05-19 02:45:00+00:00,13.0600004196167,13.069999694824219,13.0600004196167,13.069999694824219,19148,0.0,0.0,0.0
2025-05-19 02:50:00+00:00,13.0600004196167,13.069999694824219,13.0600004196167,13.0600004196167,3027,0.0,0.0,0.0
2025-05-19 02:55:00+00:00,13.069999694824219,13.069999694824219,13.069999694824219,13.069999694824219,2049,0.0,0.0,0.0
2025-05-19 03:00:00+00:00,13.069999694824219,13.069999694824219,13.0600004196167,13.0600004196167,5543,0.0,0.0,0.0
2025-05-19 03:05:00+00:00,13.069999694824219,13.069999694824219,13.050000190734863,13.050000190734863,41074,0.0,0.0,0.0
2025-05-19 03:10:00+00:00,13.039999961853027,13.050000190734863,13.039999961853027,13.039999961853027,51071,0.0,0.0,0.0
2025-05-19 03:15:00+00:00,13.039999961853027,13.050000190734863,13.039999961853027,13.039999961853027,33421,0.0,0.0,0.0
2025-05-19 03:20:00+00:00,13.039999961853027,13.050000190734863,13.039999961853027,13.050000190734863,7491,0.0,0.0,0.0
2025-05-19 03:25:00+00:00,13.039999961853027,13.039999961853027,13.029999732971191,13.039999961853027,5262,0.0,0.0,0.0
2025-05-19 03:30:00+00:00,13.039999961853027,13.039999961853027,13.010000228881836,13.010000228881836,443613,0.0,0.0,0.0
2025-05-19 03:35:00+00:00,13.010000228881836,13.010000228881836,13.0,13.010000228881836,53014,0.0,0.0,0.0
2025-05-19 03:40:00+00:00,13.010000228881836,13.010000228881836,12.989999771118164,12.989999771118164,155896,0.0,0.0,0.0
2025-05-19 03:45:00+00:00,12.989999771118164,13.0,12.979999542236328,13.0,79246,0.0,0.0,0.0
2025-05-19 03:50:00+00:00,13.0,13.0,12.989999771118164,12.989999771118164,9781,0.0,0.0,0.0
2025-05-19 03:55:00+00:00,12.989999771118164,12.989999771118164,12.989999771118164,12.989999771118164,1170,0.0,0.0,0.0
2025-05-19 04:00:00+00:00,12.989999771118164,13.0,12.989999771118164,12.989999771118164,17892,0.0,0.0,0.0
2025-05-19 04:05:00+00:00,13.0,13.0,12.979999542236328,12.989999771118164,21665,0.0,0.0,0.0
2025-05-19 04:10:00+00:00,13.0,13.0,13.0,13.0,2540,0.0,0.0,0.0
2025-05-19 04:15:00+00:00,12.989999771118164,12.989999771118164,12.979999542236328,12.989999771118164,25276,0.0,0.0,0.0
2025-05-19 04:20:00+00:00,12.989999771118164,13.0,12.989999771118164,13.0,7937,0.0,0.0,0.0
2025-05-19 04:25:00+00:00,12.989999771118164,12.989999771118164,12.979999542236328,12.979999542236328,19185,0.0,0.0,0.0
2025-05-19 04:30:00+00:00,13.0,13.0,12.979999542236328,12.989999771118164,6950,0.0,0.0,0.0
2025-05-19 04:35:00+00:00,12.989999771118164,12.989999771118164,12.989999771118164,12.989999771118164,4311,0.0,0.0,0.0
2025-05-19 04:40:00+00:00,12.989999771118164,12.989999771118164,12.970000267028809,12.970000267028809,46350,0.0,0.0,0.0
2025-05-19 04:45:00+00:00,12.970000267028809,12.970000267028809,12.960000038146973,12.960000038146973,67652,0.0,0.0,0.0
2025-05-19 04:50:00+00:00,12.960000038146973,12.970000267028809,12.960000038146973,12.970000267028809,15010,0.0,0.0,0.0
2025-05-19 04:55:00+00:00,12.960000038146973,12.960000038146973,12.949999809265137,12.949999809265137,30917,0.0,0.0,0.0
2025-05-19 05:00:00+00:00,12.949999809265137,12.960000038146973,12.949999809265137,12.960000038146973,10650,0.0,0.0,0.0
2025-05-19 05:05:00+00:00,12.960000038146973,12.960000038146973,12.949999809265137,12.949999809265137,27551,0.0,0.0,0.0
2025-05-19 05:10:00+00:00,12.949999809265137,12.949999809265137,12.9399995803833,12.949999809265137,60003,0.0,0.0,0.0
2025-05-19 05:15:00+00:00,12.949999809265137,12.949999809265137,12.949999809265137,12.949999809265137,24397,0.0,0.0,0.0
2025-05-19 05:20:00+00:00,12.949999809265137,12.949999809265137,12.9399995803833,12.949999809265137,61209,0.0,0.0,0.0
2025-05-20 01:00:00+00:00,13.050000190734863,13.09000015258789,13.050000190734863,13.079999923706055,0,0.0,0.0,0.0
2025-05-20 01:05:00+00:00,13.079999923706055,13.09000015258789,13.079999923706055,13.09000015258789,56295,0.0,0.0,0.0
2025-05-20 01:10:00+00:00,13.09000015258789,13.09000015258789,13.050000190734863,13.0600004196167,34006,0.0,0.0,0.0
2025-05-20 01:15:00+00:00,13.0600004196167,13.079999923706055,13.0600004196167,13.0600004196167,21117,0.0,0.0,0.0
2025-05-20 01:20:00+00:00,13.0600004196167,13.0600004196167,13.050000190734863,13.050000190734863,16873,0.0,0.0,0.0
2025-05-20 01:25:00+00:00,13.050000190734863,13.0600004196167,13.050000190734863,13.050000190734863,31809,0.0,0.0,0.0
2025-05-20 01:30:00+00:00,13.0600004196167,13.0600004196167,13.050000190734863,13.050000190734863,26836,0.0,0.0,0.0
2025-05-20 01:35:00+00:00,13.050000190734863,13.050000190734863,13.050000190734863,13.050000190734863,48084,0.0,0.0,0.0
2025-05-20 01:40:00+00:00,13.050000190734863,13.050000190734863,13.039999961853027,13.039999961853027,67117,0.0,0.0,0.0
2025-05-20 01:45:00+00:00,13.050000190734863,13.050000190734863,13.029999732971191,13.050000190734863,52307,0.0,0.0,0.0
2025-05-20 01:50:00+00:00,13.039999961853027,13.039999961853027,13.029999732971191,13.039999961853027,96368,0.0,0.0,0.0
2025-05-20 01:55:00+00:00,13.039999961853027,13.050000190734863,13.039999961853027,13.050000190734863,47127,0.0,0.0,0.0
2025-05-20 02:00:00+00:00,13.050000190734863,13.0600004196167,13.050000190734863,13.0600004196167,17105,0.0,0.0,0.0
2025-05-20 02:10:00+00:00,13.050000190734863,13.0600004196167,13.050000190734863,13.050000190734863,11030,0.0,0.0,0.0
2025-05-20 02:15:00+00:00,13.050000190734863,13.050000190734863,13.020000457763672,13.020000457763672,13076,0.0,0.0,0.0
2025-05-20 02:20:00+00:00,13.020000457763672,13.020000457763672,13.010000228881836,13.010000228881836,17524,0.0,0.0,0.0
2025-05-20 02:25:00+00:00,13.010000228881836,13.010000228881836,13.0,13.010000228881836,29353,0.0,0.0,0.0
2025-05-20 02:30:00+00:00,13.010000228881836,13.020000457763672,13.010000228881836,13.020000457763672,7061,0.0,0.0,0.0
2025-05-20 02:35:00+00:00,13.010000228881836,13.029999732971191,13.010000228881836,13.029999732971191,85030,0.0,0.0,0.0
2025-05-20 02:40:00+00:00,13.029999732971191,13.039999961853027,13.029999732971191,13.039999961853027,20258,0.0,0.0,0.0
2025-05-20 02:45:00+00:00,13.039999961853027,13.039999961853027,13.029999732971191,13.029999732971191,2068,0.0,0.0,0.0
2025-05-20 02:50:00+00:00,13.029999732971191,13.029999732971191,13.020000457763672,13.029999732971191,35059,0.0,0.0,0.0
2025-05-20 02:55:00+00:00,13.029999732971191,13.029999732971191,13.029999732971191,13.029999732971191,2022,0.0,0.0,0.0
2025-05-20 03:00:00+00:00,13.029999732971191,13.029999732971191,13.029999732971191,13.029999732971191,3455,0.0,0.0,0.0
2025-05-20 03:05:00+00:00,13.039999961853027,13.039999961853027,13.029999732971191,13.029999732971191,18064,0.0,0.0,0.0
2025-05-20 03:10:00+00:00,13.020000457763672,13.020000457763672,13.0,13.010000228881836,17376,0.0,0.0,0.0
2025-05-20 03:15:00+00:00,13.0,13.0,12.989999771118164,12.989999771118164,84181,0.0,0.0,0.0
2025-05-20 03:20:00+00:00,12.989999771118164,13.0,12.989999771118164,13.0,29182,0.0,0.0,0.0
2025-05-20 03:25:00+00:00,12.989999771118164,13.0,12.989999771118164,13.0,6061,0.0,0.0,0.0
2025-05-20 03:30:00+00:00,13.0,13.0,13.0,13.0,12034,0.0,0.0,0.0
2025-05-20 03:35:00+00:00,12.989999771118164,13.0,12.989999771118164,13.0,16024,0.0,0.0,0.0
2025-05-20 03:40:00+00:00,13.0,13.0,12.989999771118164,12.989999771118164,45038,0.0,0.0,0.0
2025-05-20 03:45:00+00:00,12.989999771118164,13.0,12.989999771118164,13.0,3215,0.0,0.0,0.0
2025-05-20 03:50:00+00:00,13.0,13.0,12.989999771118164,12.989999771118164,12069,0.0,0.0,0.0
2025-05-20 03:55:00+00:00,12.989999771118164,12.989999771118164,12.989999771118164,12.989999771118164,8034,0.0,0.0,0.0
2025-05-20 04:00:00+00:00,12.989999771118164,13.0,12.989999771118164,13.0,5183,0.0,0.0,0.0
2025-05-20 04:05:00+00:00,12.989999771118164,12.989999771118164,12.989999771118164,12.989999771118164,8310,0.0,0.0,0.0
2025-05-20 04:10:00+00:00,12.989999771118164,12.989999771118164,12.970000267028809,12.970000267028809,17907,0.0,0.0,0.0
2025-05-20 04:15:00+00:00,12.970000267028809,12.979999542236328,12.970000267028809,12.970000267028809,4069,0.0,0.0,0.0
2025-05-20 04:20:00+00:00,12.970000267028809,12.970000267028809,12.970000267028809,12.970000267028809,13216,0.0,0.0,0.0
2025-05-20 04:25:00+00:00,12.970000267028809,12.970000267028809,12.970000267028809,12.970000267028809,11035,0.0,0.0,0.0
2025-05-20 04:30:00+00:00,12.970000267028809,12.970000267028809,12.960000038146973,12.960000038146973,13147,0.0,0.0,0.0
2025-05-20 04:35:00+00:00,12.960000038146973,12.960000038146973,12.960000038146973,12.960000038146973,9416,0.0,0.0,0.0
2025-05-20 04:40:00+00:00,12.960000038146973,12.960000038146973,12.960000038146973,12.960000038146973,43713,0.0,0.0,0.0
2025-05-20 04:45:00+00:00,12.960000038146973,12.960000038146973,12.960000038146973,12.960000038146973,3273,0.0,0.0,0.0
2025-05-20 04:50:00+00:00,12.960000038146973,12.960000038146973,12.949999809265137,12.949999809265137,31084,0.0,0.0,0.0
2025-05-20 04:55:00+00:00,12.960000038146973,12.970000267028809,12.960000038146973,12.960000038146973,12307,0.0,0.0,0.0
2025-05-20 05:00:00+00:00,12.960000038146973,12.960000038146973,12.960000038146973,12.960000038146973,21393,0.0,0.0,0.0
2025-05-20 05:05:00+00:00,12.970000267028809,12.970000267028809,12.970000267028809,12.970000267028809,31271,0.0,0.0,0.0
2025-05-20 05:10:00+00:00,12.970000267028809,12.979999542236328,12.970000267028809,12.979999542236328,11700,0.0,0.0,0.0
2025-05-20 05:15:00+00:00,12.979999542236328,12.989999771118164,12.970000267028809,12.989999771118164,124977,0.0,0.0,0.0
2025-05-20 05:20:00+00:00,12.979999542236328,12.979999542236328,12.960000038146973,12.960000038146973,13678,0.0,0.0,0.0
2025-05-21 01:00:00+00:00,12.989999771118164,13.029999732971191,12.989999771118164,13.029999732971191,0,0.0,0.0,0.0
2025-05-21 01:05:00+00:00,13.050000190734863,13.069999694824219,13.039999961853027,13.050000190734863,82690,0.0,0.0,0.0
2025-05-21 01:10:00+00:00,13.039999961853027,13.069999694824219,13.039999961853027,13.069999694824219,43069,0.0,0.0,0.0
2025-05-21 01:15:00+00:00,13.069999694824219,13.069999694824219,13.069999694824219,13.069999694824219,22334,0.0,0.0,0.0
2025-05-21 01:20:00+00:00,13.069999694824219,13.069999694824219,13.0600004196167,13.0600004196167,56102,0.0,0.0,0.0
2025-05-21 01:25:00+00:00,13.050000190734863,13.050000190734863,13.050000190734863,13.050000190734863,11412,0.0,0.0,0.0
2025-05-21 01:30:00+00:00,13.0600004196167,13.0600004196167,13.050000190734863,13.050000190734863,13497,0.0,0.0,0.0
2025-05-21 01:35:00+00:00,13.039999961853027,13.039999961853027,13.039999961853027,13.039999961853027,15350,0.0,0.0,0.0
2025-05-21 01:40:00+00:00,13.039999961853027,13.050000190734863,13.029999732971191,13.050000190734863,115387,0.0,0.0,0.0
2025-05-21 01:45:00+00:00,13.050000190734863,13.050000190734863,13.039999961853027,13.039999961853027,150172,0.0,0.0,0.0
2025-05-21 01:50:00+00:00,13.050000190734863,13.0600004196167,13.050000190734863,13.050000190734863,9072,0.0,0.0,0.0
2025-05-21 01:55:00+00:00,13.050000190734863,13.050000190734863,13.050000190734863,13.050000190734863,28623,0.0,0.0,0.0
2025-05-21 02:00:00+00:00,13.029999732971191,13.050000190734863,13.029999732971191,13.029999732971191,8832,0.0,0.0,0.0
2025-05-21 02:05:00+00:00,13.029999732971191,13.029999732971191,13.029999732971191,13.029999732971191,109054,0.0,0.0,0.0
2025-05-21 02:10:00+00:00,13.029999732971191,13.050000190734863,13.029999732971191,13.050000190734863,48039,0.0,0.0,0.0
2025-05-21 02:15:00+00:00,13.0600004196167,13.0600004196167,13.0600004196167,13.0600004196167,10871,0.0,0.0,0.0
2025-05-21 02:20:00+00:00,13.050000190734863,13.050000190734863,13.050000190734863,13.050000190734863,21175,0.0,0.0,0.0
2025-05-21 02:25:00+00:00,13.039999961853027,13.039999961853027,13.039999961853027,13.039999961853027,12587,0.0,0.0,0.0
2025-05-21 02:30:00+00:00,13.039999961853027,13.039999961853027,13.039999961853027,13.039999961853027,43062,0.0,0.0,0.0
2025-05-21 02:35:00+00:00,13.050000190734863,13.0600004196167,13.050000190734863,13.0600004196167,25561,0.0,0.0,0.0
2025-05-21 02:40:00+00:00,13.0600004196167,13.069999694824219,13.0600004196167,13.069999694824219,103128,0.0,0.0,0.0
2025-05-21 02:45:00+00:00,13.0600004196167,13.079999923706055,13.0600004196167,13.079999923706055,202082,0.0,0.0,0.0
2025-05-21 02:50:00+00:00,13.079999923706055,13.079999923706055,13.079999923706055,13.079999923706055,23546,0.0,0.0,0.0
2025-05-21 02:55:00+00:00,13.069999694824219,13.069999694824219,13.069999694824219,13.069999694824219,7023,0.0,0.0,0.0
2025-05-21 03:00:00+00:00,13.069999694824219,13.079999923706055,13.0600004196167,13.079999923706055,173076,0.0,0.0,0.0
2025-05-21 03:05:00+00:00,13.09000015258789,13.09000015258789,13.09000015258789,13.09000015258789,59288,0.0,0.0,0.0
2025-05-21 03:10:00+00:00,13.100000381469727,13.100000381469727,13.100000381469727,13.100000381469727,123465,0.0,0.0,0.0
2025-05-21 03:15:00+00:00,13.100000381469727,13.100000381469727,13.09000015258789,13.09000015258789,20049,0.0,0.0,0.0
2025-05-21 03:20:00+00:00,13.09000015258789,13.09000015258789,13.079999923706055,13.079999923706055,12044,0.0,0.0,0.0
2025-05-21 03:25:00+00:00,13.079999923706055,13.09000015258789,13.069999694824219,13.09000015258789,26271,0.0,0.0,0.0
2025-05-21 03:30:00+00:00,13.069999694824219,13.069999694824219,13.069999694824219,13.069999694824219,1602,0.0,0.0,0.0
2025-05-21 03:35:00+00:00,13.09000015258789,13.09000015258789,13.09000015258789,13.09000015258789,20010,0.0,0.0,0.0
2025-05-21 03:40:00+00:00,13.09000015258789,13.100000381469727,13.09000015258789,13.100000381469727,26220,0.0,0.0,0.0
2025-05-21 03:45:00+00:00,13.100000381469727,13.100000381469727,13.100000381469727,13.100000381469727,2621,0.0,0.0,0.0
2025-05-21 03:50:00+00:00,13.09000015258789,13.09000015258789,13.079999923706055,13.09000015258789,33040,0.0,0.0,0.0
2025-05-21 03:55:00+00:00,13.09000015258789,13.09000015258789,13.079999923706055,13.079999923706055,13239,0.0,0.0,0.0
2025-05-21 04:00:00+00:00,13.079999923706055,13.079999923706055,13.079999923706055,13.079999923706055,1017,0.0,0.0,0.0
2025-05-21 04:05:00+00:00,13.079999923706055,13.09000015258789,13.079999923706055,13.079999923706055,37063,0.0,0.0,0.0
2025-05-21 04:10:00+00:00,13.079999923706055,13.079999923706055,13.079999923706055,13.079999923706055,21287,0.0,0.0,0.0
2025-05-21 04:15:00+00:00,13.079999923706055,13.09000015258789,13.079999923706055,13.079999923706055,10815,0.0,0.0,0.0
2025-05-21 04:20:00+00:00,13.079999923706055,13.079999923706055,13.079999923706055,13.079999923706055,35103,0.0,0.0,0.0
2025-05-21 04:25:00+00:00,13.079999923706055,13.079999923706055,13.079999923706055,13.079999923706055,30047,0.0,0.0,0.0
2025-05-21 04:30:00+00:00,13.09000015258789,13.09000015258789,13.079999923706055,13.09000015258789,62028,0.0,0.0,0.0
2025-05-21 04:35:00+00:00,13.09000015258789,13.09000015258789,13.09000015258789,13.09000015258789,28020,0.0,0.0,0.0
2025-05-21 04:40:00+00:00,13.09000015258789,13.09000015258789,13.09000015258789,13.09000015258789,19135,0.0,0.0,0.0
2025-05-21 04:45:00+00:00,13.09000015258789,13.09000015258789,13.09000015258789,13.09000015258789,23235,0.0,0.0,0.0
2025-05-21 04:50:00+00:00,13.09000015258789,13.100000381469727,13.09000015258789,13.100000381469727,13000,0.0,0.0,0.0
2025-05-21 04:55:00+00:00,13.100000381469727,13.100000381469727,13.09000015258789,13.100000381469727,13216,0.0,0.0,0.0
2025-05-21 05:00:00+00:00,13.100000381469727,13.109999656677246,13.100000381469727,13.109999656677246,164033,0.0,0.0,0.0
2025-05-21 05:05:00+00:00,13.109999656677246,13.119999885559082,13.109999656677246,13.119999885559082,96137,0.0,0.0,0.0
2025-05-21 05:10:00+00:00,13.119999885559082,13.119999885559082,13.119999885559082,13.119999885559082,12494,0.0,0.0,0.0
2025-05-21 05:15:00+00:00,13.119999885559082,13.140000343322754,13.119999885559082,13.140000343322754,156632,0.0,0.0,0.0
2025-05-21 05:20:00+00:00,13.130000114440918,13.140000343322754,13.130000114440918,13.140000343322754,34691,0.0,0.0,0.0
2025-05-22 01:00:00+00:00,13.069999694824219,13.069999694824219,12.989999771118164,13.020000457763672,0,0.0,0.0,0.0
2025-05-22 01:05:00+00:00,13.020000457763672,13.020000457763672,13.020000457763672,13.020000457763672,22849,0.0,0.0,0.0
2025-05-22 01:10:00+00:00,13.020000457763672,13.050000190734863,13.020000457763672,13.050000190734863,25846,0.0,0.0,0.0
2025-05-22 01:15:00+00:00,13.050000190734863,13.050000190734863,13.029999732971191,13.029999732971191,16612,0.0,0.0,0.0
2025-05-22 01:20:00+00:00,13.020000457763672,13.020000457763672,13.010000228881836,13.010000228881836,20656,0.0,0.0,0.0
2025-05-22 01:25:00+00:00,13.029999732971191,13.050000190734863,13.029999732971191,13.050000190734863,89115,0.0,0.0,0.0
2025-05-22 01:30:00+00:00,13.050000190734863,13.050000190734863,13.050000190734863,13.050000190734863,40035,0.0,0.0,0.0
2025-05-22 01:35:00+00:00,13.050000190734863,13.050000190734863,13.039999961853027,13.050000190734863,32126,0.0,0.0,0.0
2025-05-22 01:40:00+00:00,13.050000190734863,13.050000190734863,13.039999961853027,13.039999961853027,7738,0.0,0.0,0.0
2025-05-22 01:45:00+00:00,13.039999961853027,13.039999961853027,13.029999732971191,13.029999732971191,230173,0.0,0.0,0.0
2025-05-22 01:50:00+00:00,13.020000457763672,13.020000457763672,13.020000457763672,13.020000457763672,16046,0.0,0.0,0.0
2025-05-22 01:55:00+00:00,13.020000457763672,13.020000457763672,13.0,13.0,21698,0.0,0.0,0.0
2025-05-22 02:00:00+00:00,13.0,13.010000228881836,12.989999771118164,13.0,38900,0.0,0.0,0.0
2025-05-22 02:05:00+00:00,12.989999771118164,13.010000228881836,12.989999771118164,13.010000228881836,17058,0.0,0.0,0.0
2025-05-22 02:10:00+00:00,13.010000228881836,13.010000228881836,13.010000228881836,13.010000228881836,7034,0.0,0.0,0.0
2025-05-22 02:15:00+00:00,13.010000228881836,13.029999732971191,13.010000228881836,13.020000457763672,20146,0.0,0.0,0.0
2025-05-22 02:20:00+00:00,13.020000457763672,13.029999732971191,13.020000457763672,13.029999732971191,12216,0.0,0.0,0.0
2025-05-22 02:25:00+00:00,13.039999961853027,13.039999961853027,13.039999961853027,13.039999961853027,21005,0.0,0.0,0.0
2025-05-22 02:30:00+00:00,13.050000190734863,13.050000190734863,13.050000190734863,13.050000190734863,2058,0.0,0.0,0.0
2025-05-22 02:35:00+00:00,13.039999961853027,13.039999961853027,13.039999961853027,13.039999961853027,4051,0.0,0.0,0.0
2025-05-22 02:40:00+00:00,13.039999961853027,13.0600004196167,13.039999961853027,13.0600004196167,51028,0.0,0.0,0.0
2025-05-22 02:45:00+00:00,13.0600004196167,13.0600004196167,13.039999961853027,13.039999961853027,6514,0.0,0.0,0.0
2025-05-22 02:50:00+00:00,13.039999961853027,13.050000190734863,13.039999961853027,13.050000190734863,9328,0.0,0.0,0.0
2025-05-22 02:55:00+00:00,13.039999961853027,13.039999961853027,13.039999961853027,13.039999961853027,18036,0.0,0.0,0.0
2025-05-22 03:00:00+00:00,13.039999961853027,13.050000190734863,13.039999961853027,13.050000190734863,6092,0.0,0.0,0.0
2025-05-22 03:10:00+00:00,13.039999961853027,13.039999961853027,13.039999961853027,13.039999961853027,9257,0.0,0.0,0.0
2025-05-22 03:15:00+00:00,13.039999961853027,13.050000190734863,13.039999961853027,13.050000190734863,31030,0.0,0.0,0.0
2025-05-22 03:20:00+00:00,13.050000190734863,13.050000190734863,13.050000190734863,13.050000190734863,1723,0.0,0.0,0.0
2025-05-22 03:25:00+00:00,13.0600004196167,13.0600004196167,13.0600004196167,13.0600004196167,16018,0.0,0.0,0.0
2025-05-22 03:30:00+00:00,13.0600004196167,13.069999694824219,13.0600004196167,13.069999694824219,20544,0.0,0.0,0.0
2025-05-22 03:35:00+00:00,13.079999923706055,13.079999923706055,13.079999923706055,13.079999923706055,22298,0.0,0.0,0.0
2025-05-22 03:40:00+00:00,13.079999923706055,13.09000015258789,13.079999923706055,13.09000015258789,2134,0.0,0.0,0.0
2025-05-22 03:45:00+00:00,13.079999923706055,13.09000015258789,13.079999923706055,13.09000015258789,20101,0.0,0.0,0.0
2025-05-22 03:50:00+00:00,13.09000015258789,13.100000381469727,13.09000015258789,13.100000381469727,13060,0.0,0.0,0.0
2025-05-22 03:55:00+00:00,13.09000015258789,13.09000015258789,13.09000015258789,13.09000015258789,2011,0.0,0.0,0.0
2025-05-22 04:00:00+00:00,13.09000015258789,13.100000381469727,13.09000015258789,13.100000381469727,5075,0.0,0.0,0.0
2025-05-22 04:05:00+00:00,13.079999923706055,13.079999923706055,13.079999923706055,13.079999923706055,4026,0.0,0.0,0.0
2025-05-22 04:10:00+00:00,13.079999923706055,13.079999923706055,13.079999923706055,13.079999923706055,6779,0.0,0.0,0.0
2025-05-22 04:20:00+00:00,13.079999923706055,13.079999923706055,13.079999923706055,13.079999923706055,24014,0.0,0.0,0.0
2025-05-22 04:25:00+00:00,13.079999923706055,13.079999923706055,13.079999923706055,13.079999923706055,4107,0.0,0.0,0.0
2025-05-22 04:30:00+00:00,13.079999923706055,13.09000015258789,13.069999694824219,13.079999923706055,78084,0.0,0.0,0.0
2025-05-22 04:35:00+00:00,13.09000015258789,13.09000015258789,13.09000015258789,13.09000015258789,39020,0.0,0.0,0.0
2025-05-22 04:40:00+00:00,13.09000015258789,13.09000015258789,13.079999923706055,13.079999923706055,3300,0.0,0.0,0.0
2025-05-22 04:45:00+00:00,13.069999694824219,13.069999694824219,13.069999694824219,13.069999694824219,13469,0.0,0.0,0.0
2025-05-22 04:50:00+00:00,13.069999694824219,13.069999694824219,13.069999694824219,13.069999694824219,21020,0.0,0.0,0.0
2025-05-22 04:55:00+00:00,13.069999694824219,13.069999694824219,13.069999694824219,13.069999694824219,16223,0.0,0.0,0.0
2025-05-22 05:00:00+00:00,13.069999694824219,13.079999923706055,13.069999694824219,13.069999694824219,15140,0.0,0.0,0.0
2025-05-22 05:05:00+00:00,13.069999694824219,13.069999694824219,13.069999694824219,13.069999694824219,8578,0.0,0.0,0.0
2025-05-22 05:10:00+00:00,13.069999694824219,13.079999923706055,13.069999694824219,13.079999923706055,126312,0.0,0.0,0.0
2025-05-22 05:15:00+00:00,13.079999923706055,13.079999923706055,13.079999923706055,13.079999923706055,5704,0.0,0.0,0.0
2025-05-22 05:20:00+00:00,13.079999923706055,13.079999923706055,13.079999923706055,13.079999923706055,19083,0.0,0.0,0.0
2025-05-23 01:00:00+00:00,13.1899995803833,13.199999809265137,13.15999984741211,13.170000076293945,0,0.0,0.0,0.0
2025-05-23 01:05:00+00:00,13.15999984741211,13.170000076293945,13.149999618530273,13.149999618530273,112000,0.0,0.0,0.0
2025-05-23 01:10:00+00:00,13.140000343322754,13.149999618530273,13.140000343322754,13.149999618530273,81348,0.0,0.0,0.0
2025-05-23 01:15:00+00:00,13.140000343322754,13.15999984741211,13.140000343322754,13.15999984741211,34165,0.0,0.0,0.0
2025-05-23 01:20:00+00:00,13.149999618530273,13.149999618530273,13.109999656677246,13.119999885559082,30716,0.0,0.0,0.0
2025-05-23 01:25:00+00:00,13.119999885559082,13.119999885559082,13.119999885559082,13.119999885559082,1069,0.0,0.0,0.0
2025-05-23 01:30:00+00:00,13.119999885559082,13.119999885559082,13.109999656677246,13.119999885559082,11125,0.0,0.0,0.0
2025-05-23 01:35:00+00:00,13.100000381469727,13.100000381469727,13.09000015258789,13.100000381469727,34538,0.0,0.0,0.0
2025-05-23 01:40:00+00:00,13.09000015258789,13.100000381469727,13.079999923706055,13.079999923706055,21102,0.0,0.0,0.0
2025-05-23 01:45:00+00:00,13.100000381469727,13.100000381469727,13.079999923706055,13.09000015258789,86346,0.0,0.0,0.0
2025-05-23 01:50:00+00:00,13.109999656677246,13.109999656677246,13.100000381469727,13.100000381469727,5021,0.0,0.0,0.0
2025-05-23 01:55:00+00:00,13.100000381469727,13.100000381469727,13.079999923706055,13.079999923706055,26010,0.0,0.0,0.0
2025-05-23 02:00:00+00:00,13.079999923706055,13.09000015258789,13.079999923706055,13.079999923706055,17912,0.0,0.0,0.0
2025-05-23 02:05:00+00:00,13.079999923706055,13.079999923706055,13.069999694824219,13.069999694824219,14405,0.0,0.0,0.0
2025-05-23 02:10:00+00:00,13.069999694824219,13.069999694824219,13.069999694824219,13.069999694824219,1006,0.0,0.0,0.0
2025-05-23 02:15:00+00:00,13.069999694824219,13.079999923706055,13.069999694824219,13.069999694824219,14392,0.0,0.0,0.0
2025-05-23 02:20:00+00:00,13.079999923706055,13.079999923706055,13.069999694824219,13.069999694824219,19116,0.0,0.0,0.0
2025-05-23 02:25:00+00:00,13.069999694824219,13.079999923706055,13.069999694824219,13.079999923706055,28825,0.0,0.0,0.0
2025-05-23 02:30:00+00:00,13.079999923706055,13.079999923706055,13.079999923706055,13.079999923706055,9128,0.0,0.0,0.0
2025-05-23 02:35:00+00:00,13.079999923706055,13.079999923706055,13.069999694824219,13.069999694824219,15022,0.0,0.0,0.0
2025-05-23 02:40:00+00:00,13.069999694824219,13.069999694824219,13.069999694824219,13.069999694824219,8019,0.0,0.0,0.0
2025-05-23 02:45:00+00:00,13.079999923706055,13.079999923706055,13.069999694824219,13.069999694824219,10189,0.0,0.0,0.0
2025-05-23 02:50:00+00:00,13.069999694824219,13.069999694824219,13.069999694824219,13.069999694824219,5225,0.0,0.0,0.0
2025-05-23 02:55:00+00:00,13.0600004196167,13.069999694824219,13.0600004196167,13.069999694824219,6254,0.0,0.0,0.0
2025-05-23 03:00:00+00:00,13.069999694824219,13.069999694824219,13.0600004196167,13.069999694824219,5118,0.0,0.0,0.0
2025-05-23 03:05:00+00:00,13.069999694824219,13.069999694824219,13.069999694824219,13.069999694824219,2034,0.0,0.0,0.0
2025-05-23 03:10:00+00:00,13.069999694824219,13.069999694824219,13.0600004196167,13.0600004196167,11018,0.0,0.0,0.0
2025-05-23 03:15:00+00:00,13.069999694824219,13.069999694824219,13.069999694824219,13.069999694824219,2082,0.0,0.0,0.0
2025-05-23 03:20:00+00:00,13.0600004196167,13.069999694824219,13.0600004196167,13.069999694824219,7023,0.0,0.0,0.0
2025-05-23 03:25:00+00:00,13.069999694824219,13.069999694824219,13.0600004196167,13.069999694824219,7021,0.0,0.0,0.0
2025-05-23 03:30:00+00:00,13.069999694824219,13.069999694824219,13.069999694824219,13.069999694824219,4074,0.0,0.0,0.0
2025-05-23 03:40:00+00:00,13.069999694824219,13.069999694824219,13.0600004196167,13.0600004196167,6002,0.0,0.0,0.0
2025-05-23 03:45:00+00:00,13.0600004196167,13.069999694824219,13.0600004196167,13.0600004196167,13013,0.0,0.0,0.0
2025-05-23 03:50:00+00:00,13.0600004196167,13.0600004196167,13.050000190734863,13.050000190734863,17264,0.0,0.0,0.0
2025-05-23 03:55:00+00:00,13.050000190734863,13.050000190734863,13.039999961853027,13.039999961853027,33298,0.0,0.0,0.0
2025-05-23 04:00:00+00:00,13.039999961853027,13.050000190734863,13.039999961853027,13.039999961853027,56770,0.0,0.0,0.0
2025-05-23 04:05:00+00:00,13.039999961853027,13.050000190734863,13.039999961853027,13.050000190734863,4205,0.0,0.0,0.0
2025-05-23 04:10:00+00:00,13.039999961853027,13.039999961853027,13.029999732971191,13.039999961853027,108623,0.0,0.0,0.0
2025-05-23 04:15:00+00:00,13.029999732971191,13.039999961853027,13.029999732971191,13.039999961853027,5054,0.0,0.0,0.0
2025-05-23 04:20:00+00:00,13.029999732971191,13.029999732971191,13.020000457763672,13.020000457763672,45078,0.0,0.0,0.0
2025-05-23 04:25:00+00:00,13.020000457763672,13.020000457763672,13.010000228881836,13.010000228881836,28794,0.0,0.0,0.0
2025-05-23 04:30:00+00:00,13.020000457763672,13.020000457763672,13.0,13.0,46550,0.0,0.0,0.0
2025-05-23 04:35:00+00:00,13.020000457763672,13.020000457763672,13.020000457763672,13.020000457763672,52310,0.0,0.0,0.0
2025-05-23 04:40:00+00:00,13.020000457763672,13.020000457763672,13.010000228881836,13.020000457763672,36386,0.0,0.0,0.0
2025-05-23 04:45:00+00:00,13.020000457763672,13.020000457763672,13.010000228881836,13.010000228881836,25160,0.0,0.0,0.0
2025-05-23 04:50:00+00:00,13.010000228881836,13.010000228881836,13.0,13.010000228881836,40850,0.0,0.0,0.0
2025-05-23 04:55:00+00:00,13.0,13.010000228881836,13.0,13.010000228881836,9566,0.0,0.0,0.0
2025-05-23 05:00:00+00:00,13.0,13.010000228881836,13.0,13.010000228881836,47480,0.0,0.0,0.0
2025-05-23 05:05:00+00:00,13.029999732971191,13.029999732971191,13.020000457763672,13.020000457763672,2110,0.0,0.0,0.0
2025-05-23 05:10:00+00:00,13.020000457763672,13.029999732971191,13.020000457763672,13.029999732971191,12554,0.0,0.0,0.0
2025-05-23 05:15:00+00:00,13.029999732971191,13.029999732971191,13.020000457763672,13.020000457763672,19816,0.0,0.0,0.0
2025-05-23 05:20:00+00:00,13.029999732971191,13.039999961853027,13.020000457763672,13.029999732971191,61663,0.0,0.0,0.0
2025-05-26 01:00:00+00:00,13.0600004196167,13.0600004196167,13.0,13.0,0,0.0,0.0,0.0
2025-05-26 01:05:00+00:00,13.0,13.039999961853027,13.0,13.039999961853027,209364,0.0,0.0,0.0
2025-05-26 01:10:00+00:00,13.039999961853027,13.050000190734863,13.029999732971191,13.039999961853027,46788,0.0,0.0,0.0
2025-05-26 01:15:00+00:00,13.050000190734863,13.069999694824219,13.039999961853027,13.069999694824219,51215,0.0,0.0,0.0
2025-05-26 01:20:00+00:00,13.069999694824219,13.069999694824219,13.050000190734863,13.050000190734863,17891,0.0,0.0,0.0
2025-05-26 01:25:00+00:00,13.039999961853027,13.050000190734863,13.029999732971191,13.039999961853027,70525,0.0,0.0,0.0
2025-05-26 01:30:00+00:00,13.039999961853027,13.039999961853027,13.010000228881836,13.020000457763672,21048,0.0,0.0,0.0
2025-05-26 01:35:00+00:00,13.020000457763672,13.020000457763672,13.010000228881836,13.020000457763672,8477,0.0,0.0,0.0
2025-05-26 01:40:00+00:00,13.020000457763672,13.020000457763672,13.010000228881836,13.020000457763672,13237,0.0,0.0,0.0
2025-05-26 01:45:00+00:00,13.020000457763672,13.029999732971191,13.010000228881836,13.029999732971191,40626,0.0,0.0,0.0
2025-05-26 01:50:00+00:00,13.029999732971191,13.029999732971191,13.029999732971191,13.029999732971191,36058,0.0,0.0,0.0
2025-05-26 01:55:00+00:00,13.029999732971191,13.039999961853027,13.029999732971191,13.039999961853027,14198,0.0,0.0,0.0
2025-05-26 02:00:00+00:00,13.039999961853027,13.050000190734863,13.039999961853027,13.050000190734863,43279,0.0,0.0,0.0
2025-05-26 02:05:00+00:00,13.0600004196167,13.069999694824219,13.0600004196167,13.069999694824219,29058,0.0,0.0,0.0
2025-05-26 02:10:00+00:00,13.0600004196167,13.069999694824219,13.0600004196167,13.0600004196167,8927,0.0,0.0,0.0
2025-05-26 02:15:00+00:00,13.069999694824219,13.069999694824219,13.050000190734863,13.069999694824219,53911,0.0,0.0,0.0
2025-05-26 02:20:00+00:00,13.069999694824219,13.069999694824219,13.069999694824219,13.069999694824219,2287,0.0,0.0,0.0
2025-05-26 02:25:00+00:00,13.050000190734863,13.050000190734863,13.039999961853027,13.039999961853027,8085,0.0,0.0,0.0
2025-05-26 02:30:00+00:00,13.039999961853027,13.050000190734863,13.039999961853027,13.050000190734863,7172,0.0,0.0,0.0
2025-05-26 02:35:00+00:00,13.039999961853027,13.039999961853027,13.039999961853027,13.039999961853027,3163,0.0,0.0,0.0
2025-05-26 02:40:00+00:00,13.039999961853027,13.039999961853027,13.029999732971191,13.029999732971191,4073,0.0,0.0,0.0
2025-05-26 02:45:00+00:00,13.039999961853027,13.039999961853027,13.039999961853027,13.039999961853027,5147,0.0,0.0,0.0
2025-05-26 02:50:00+00:00,13.029999732971191,13.039999961853027,13.029999732971191,13.029999732971191,10113,0.0,0.0,0.0
2025-05-26 02:55:00+00:00,13.039999961853027,13.039999961853027,13.039999961853027,13.039999961853027,3158,0.0,0.0,0.0
2025-05-26 03:00:00+00:00,13.029999732971191,13.050000190734863,13.029999732971191,13.050000190734863,20172,0.0,0.0,0.0
2025-05-26 03:05:00+00:00,13.050000190734863,13.050000190734863,13.050000190734863,13.050000190734863,7563,0.0,0.0,0.0
2025-05-26 03:10:00+00:00,13.039999961853027,13.050000190734863,13.039999961853027,13.039999961853027,5119,0.0,0.0,0.0
2025-05-26 03:15:00+00:00,13.039999961853027,13.039999961853027,13.039999961853027,13.039999961853027,2222,0.0,0.0,0.0
2025-05-26 03:20:00+00:00,13.039999961853027,13.039999961853027,13.029999732971191,13.029999732971191,4058,0.0,0.0,0.0
2025-05-26 03:25:00+00:00,13.029999732971191,13.029999732971191,13.020000457763672,13.020000457763672,28053,0.0,0.0,0.0
2025-05-26 03:30:00+00:00,13.039999961853027,13.039999961853027,13.020000457763672,13.020000457763672,5153,0.0,0.0,0.0
2025-05-26 03:35:00+00:00,13.020000457763672,13.020000457763672,13.010000228881836,13.010000228881836,11141,0.0,0.0,0.0
2025-05-26 03:40:00+00:00,13.010000228881836,13.020000457763672,13.010000228881836,13.010000228881836,5024,0.0,0.0,0.0
2025-05-26 03:45:00+00:00,13.010000228881836,13.029999732971191,13.010000228881836,13.020000457763672,5081,0.0,0.0,0.0
2025-05-26 03:50:00+00:00,13.020000457763672,13.020000457763672,13.010000228881836,13.010000228881836,18135,0.0,0.0,0.0
2025-05-26 03:55:00+00:00,13.020000457763672,13.020000457763672,13.0,13.010000228881836,9302,0.0,0.0,0.0
2025-05-26 04:00:00+00:00,13.010000228881836,13.010000228881836,13.0,13.010000228881836,5035,0.0,0.0,0.0
2025-05-26 04:05:00+00:00,13.010000228881836,13.029999732971191,13.0,13.029999732971191,39710,0.0,0.0,0.0
2025-05-26 04:10:00+00:00,13.010000228881836,13.010000228881836,13.0,13.010000228881836,18631,0.0,0.0,0.0
2025-05-26 04:15:00+00:00,13.010000228881836,13.010000228881836,13.0,13.010000228881836,23183,0.0,0.0,0.0
2025-05-26 04:20:00+00:00,13.010000228881836,13.010000228881836,13.010000228881836,13.010000228881836,5016,0.0,0.0,0.0
2025-05-26 04:25:00+00:00,13.010000228881836,13.010000228881836,13.010000228881836,13.010000228881836,35092,0.0,0.0,0.0
2025-05-26 04:30:00+00:00,13.010000228881836,13.020000457763672,13.010000228881836,13.020000457763672,16370,0.0,0.0,0.0
2025-05-26 04:35:00+00:00,13.020000457763672,13.020000457763672,13.020000457763672,13.020000457763672,4469,0.0,0.0,0.0
2025-05-26 04:40:00+00:00,13.020000457763672,13.020000457763672,13.020000457763672,13.020000457763672,16518,0.0,0.0,0.0
2025-05-26 04:50:00+00:00,13.020000457763672,13.020000457763672,13.010000228881836,13.010000228881836,14578,0.0,0.0,0.0
2025-05-26 05:00:00+00:00,13.010000228881836,13.010000228881836,13.0,13.010000228881836,13056,0.0,0.0,0.0
2025-05-26 05:05:00+00:00,13.010000228881836,13.010000228881836,13.0,13.0,79435,0.0,0.0,0.0
2025-05-26 05:10:00+00:00,13.0,13.010000228881836,13.0,13.0,29235,0.0,0.0,0.0
2025-05-26 05:15:00+00:00,13.010000228881836,13.010000228881836,13.0,13.0,24829,0.0,0.0,0.0
2025-05-26 05:20:00+00:00,13.0,13.0,13.0,13.0,59420,0.0,0.0,0.0
2025-05-27 01:00:00+00:00,13.010000228881836,13.010000228881836,12.949999809265137,12.949999809265137,0,0.0,0.0,0.0
2025-05-27 01:05:00+00:00,12.949999809265137,12.979999542236328,12.949999809265137,12.960000038146973,14557,0.0,0.0,0.0
2025-05-27 01:10:00+00:00,12.960000038146973,12.960000038146973,12.949999809265137,12.949999809265137,46814,0.0,0.0,0.0
2025-05-27 01:15:00+00:00,12.949999809265137,12.960000038146973,12.949999809265137,12.949999809265137,88104,0.0,0.0,0.0
2025-05-27 01:20:00+00:00,12.960000038146973,12.960000038146973,12.949999809265137,12.949999809265137,12795,0.0,0.0,0.0
2025-05-27 01:25:00+00:00,12.949999809265137,12.979999542236328,12.949999809265137,12.979999542236328,16239,0.0,0.0,0.0
2025-05-27 01:30:00+00:00,12.989999771118164,12.989999771118164,12.979999542236328,12.979999542236328,8758,0.0,0.0,0.0
2025-05-27 01:35:00+00:00,12.979999542236328,12.979999542236328,12.979999542236328,12.979999542236328,10037,0.0,0.0,0.0
2025-05-27 01:40:00+00:00,12.979999542236328,12.979999542236328,12.970000267028809,12.970000267028809,14037,0.0,0.0,0.0
2025-05-27 01:45:00+00:00,12.970000267028809,12.979999542236328,12.960000038146973,12.979999542236328,6090,0.0,0.0,0.0
2025-05-27 01:50:00+00:00,12.960000038146973,12.960000038146973,12.9399995803833,12.9399995803833,100784,0.0,0.0,0.0
2025-05-27 01:55:00+00:00,12.9399995803833,12.9399995803833,12.899999618530273,12.899999618530273,136532,0.0,0.0,0.0
2025-05-27 02:00:00+00:00,12.899999618530273,12.899999618530273,12.890000343322754,12.890000343322754,36547,0.0,0.0,0.0
2025-05-27 02:05:00+00:00,12.890000343322754,12.899999618530273,12.890000343322754,12.890000343322754,6933,0.0,0.0,0.0
2025-05-27 02:10:00+00:00,12.890000343322754,12.890000343322754,12.869999885559082,12.869999885559082,89248,0.0,0.0,0.0
2025-05-27 02:15:00+00:00,12.880000114440918,12.890000343322754,12.880000114440918,12.890000343322754,20033,0.0,0.0,0.0
2025-05-27 02:20:00+00:00,12.890000343322754,12.890000343322754,12.880000114440918,12.880000114440918,53781,0.0,0.0,0.0
2025-05-27 02:25:00+00:00,12.890000343322754,12.890000343322754,12.890000343322754,12.890000343322754,5000,0.0,0.0,0.0
2025-05-27 02:30:00+00:00,12.890000343322754,12.899999618530273,12.890000343322754,12.899999618530273,60418,0.0,0.0,0.0
2025-05-27 02:35:00+00:00,12.920000076293945,12.920000076293945,12.920000076293945,12.920000076293945,2346,0.0,0.0,0.0
2025-05-27 02:40:00+00:00,12.90999984741211,12.920000076293945,12.90999984741211,12.920000076293945,7095,0.0,0.0,0.0
2025-05-27 02:45:00+00:00,12.920000076293945,12.920000076293945,12.90999984741211,12.90999984741211,11054,0.0,0.0,0.0
2025-05-27 02:50:00+00:00,12.899999618530273,12.899999618530273,12.899999618530273,12.899999618530273,1368,0.0,0.0,0.0
2025-05-27 02:55:00+00:00,12.920000076293945,12.920000076293945,12.920000076293945,12.920000076293945,4023,0.0,0.0,0.0
2025-05-27 03:00:00+00:00,12.920000076293945,12.920000076293945,12.920000076293945,12.920000076293945,6468,0.0,0.0,0.0
2025-05-27 03:05:00+00:00,12.90999984741211,12.90999984741211,12.90999984741211,12.90999984741211,3202,0.0,0.0,0.0
2025-05-27 03:10:00+00:00,12.90999984741211,12.90999984741211,12.899999618530273,12.899999618530273,18444,0.0,0.0,0.0
2025-05-27 03:15:00+00:00,12.90999984741211,12.90999984741211,12.890000343322754,12.890000343322754,6234,0.0,0.0,0.0
2025-05-27 03:20:00+00:00,12.899999618530273,12.899999618530273,12.890000343322754,12.899999618530273,3245,0.0,0.0,0.0
2025-05-27 03:25:00+00:00,12.899999618530273,12.899999618530273,12.899999618530273,12.899999618530273,3021,0.0,0.0,0.0
2025-05-27 03:30:00+00:00,12.899999618530273,12.899999618530273,12.890000343322754,12.890000343322754,12507,0.0,0.0,0.0
2025-05-27 03:35:00+00:00,12.899999618530273,12.899999618530273,12.890000343322754,12.890000343322754,4808,0.0,0.0,0.0
2025-05-27 03:40:00+00:00,12.890000343322754,12.890000343322754,12.890000343322754,12.890000343322754,2201,0.0,0.0,0.0
2025-05-27 03:45:00+00:00,12.890000343322754,12.890000343322754,12.890000343322754,12.890000343322754,3028,0.0,0.0,0.0
2025-05-27 03:50:00+00:00,12.890000343322754,12.890000343322754,12.890000343322754,12.890000343322754,6141,0.0,0.0,0.0
2025-05-27 03:55:00+00:00,12.880000114440918,12.890000343322754,12.880000114440918,12.880000114440918,55806,0.0,0.0,0.0
2025-05-27 04:00:00+00:00,12.880000114440918,12.880000114440918,12.859999656677246,12.869999885559082,47147,0.0,0.0,0.0
2025-05-27 04:05:00+00:00,12.869999885559082,12.869999885559082,12.859999656677246,12.869999885559082,20349,0.0,0.0,0.0
2025-05-27 04:10:00+00:00,12.869999885559082,12.869999885559082,12.859999656677246,12.869999885559082,17125,0.0,0.0,0.0
2025-05-27 04:15:00+00:00,12.869999885559082,12.869999885559082,12.859999656677246,12.859999656677246,9302,0.0,0.0,0.0
2025-05-27 04:20:00+00:00,12.869999885559082,12.869999885559082,12.850000381469727,12.850000381469727,73279,0.0,0.0,0.0
2025-05-27 04:25:00+00:00,12.859999656677246,12.859999656677246,12.850000381469727,12.850000381469727,24335,0.0,0.0,0.0
2025-05-27 04:30:00+00:00,12.859999656677246,12.869999885559082,12.850000381469727,12.850000381469727,34055,0.0,0.0,0.0
2025-05-27 04:35:00+00:00,12.859999656677246,12.859999656677246,12.850000381469727,12.850000381469727,9313,0.0,0.0,0.0
2025-05-27 04:40:00+00:00,12.850000381469727,12.859999656677246,12.850000381469727,12.850000381469727,52348,0.0,0.0,0.0
2025-05-27 04:45:00+00:00,12.859999656677246,12.859999656677246,12.84000015258789,12.84000015258789,74371,0.0,0.0,0.0
2025-05-27 04:50:00+00:00,12.859999656677246,12.859999656677246,12.84000015258789,12.850000381469727,14172,0.0,0.0,0.0
2025-05-27 04:55:00+00:00,12.850000381469727,12.859999656677246,12.850000381469727,12.859999656677246,51294,0.0,0.0,0.0
2025-05-27 05:00:00+00:00,12.859999656677246,12.869999885559082,12.859999656677246,12.869999885559082,24070,0.0,0.0,0.0
2025-05-27 05:05:00+00:00,12.869999885559082,12.869999885559082,12.869999885559082,12.869999885559082,8785,0.0,0.0,0.0
2025-05-27 05:10:00+00:00,12.859999656677246,12.869999885559082,12.859999656677246,12.859999656677246,7389,0.0,0.0,0.0
2025-05-27 05:15:00+00:00,12.869999885559082,12.869999885559082,12.859999656677246,12.869999885559082,14752,0.0,0.0,0.0
2025-05-27 05:20:00+00:00,12.869999885559082,12.869999885559082,12.859999656677246,12.859999656677246,55703,0.0,0.0,0.0
2025-05-28 01:00:00+00:00,12.989999771118164,13.079999923706055,12.989999771118164,13.050000190734863,0,0.0,0.0,0.0
2025-05-28 01:05:00+00:00,13.050000190734863,13.0600004196167,13.029999732971191,13.029999732971191,122275,0.0,0.0,0.0
2025-05-28 01:10:00+00:00,13.029999732971191,13.029999732971191,13.029999732971191,13.029999732971191,30227,0.0,0.0,0.0
2025-05-28 01:15:00+00:00,13.020000457763672,13.039999961853027,13.020000457763672,13.039999961853027,6253,0.0,0.0,0.0
2025-05-28 01:20:00+00:00,13.029999732971191,13.039999961853027,13.020000457763672,13.029999732971191,106027,0.0,0.0,0.0
2025-05-28 01:25:00+00:00,13.029999732971191,13.029999732971191,13.020000457763672,13.020000457763672,18234,0.0,0.0,0.0
2025-05-28 01:30:00+00:00,13.029999732971191,13.029999732971191,12.979999542236328,12.979999542236328,83961,0.0,0.0,0.0
2025-05-28 01:35:00+00:00,12.989999771118164,12.989999771118164,12.989999771118164,12.989999771118164,7213,0.0,0.0,0.0
2025-05-28 01:40:00+00:00,12.979999542236328,12.989999771118164,12.979999542236328,12.989999771118164,40148,0.0,0.0,0.0
2025-05-28 01:45:00+00:00,12.989999771118164,12.989999771118164,12.960000038146973,12.970000267028809,48925,0.0,0.0,0.0
2025-05-28 01:50:00+00:00,12.970000267028809,12.970000267028809,12.970000267028809,12.970000267028809,9135,0.0,0.0,0.0
2025-05-28 01:55:00+00:00,12.960000038146973,12.960000038146973,12.960000038146973,12.960000038146973,1079,0.0,0.0,0.0
2025-05-28 02:00:00+00:00,12.960000038146973,12.960000038146973,12.960000038146973,12.960000038146973,21241,0.0,0.0,0.0
2025-05-28 02:05:00+00:00,12.960000038146973,12.960000038146973,12.960000038146973,12.960000038146973,6211,0.0,0.0,0.0
2025-05-28 02:10:00+00:00,12.960000038146973,12.979999542236328,12.960000038146973,12.979999542236328,22521,0.0,0.0,0.0
2025-05-28 02:15:00+00:00,12.979999542236328,12.979999542236328,12.979999542236328,12.979999542236328,12043,0.0,0.0,0.0
2025-05-28 02:20:00+00:00,12.970000267028809,12.970000267028809,12.949999809265137,12.949999809265137,31817,0.0,0.0,0.0
2025-05-28 02:25:00+00:00,12.9399995803833,12.9399995803833,12.9399995803833,12.9399995803833,1061,0.0,0.0,0.0
2025-05-28 02:30:00+00:00,12.949999809265137,12.970000267028809,12.949999809265137,12.970000267028809,3134,0.0,0.0,0.0
2025-05-28 02:35:00+00:00,12.960000038146973,12.960000038146973,12.949999809265137,12.960000038146973,4223,0.0,0.0,0.0
2025-05-28 02:40:00+00:00,12.960000038146973,12.960000038146973,12.960000038146973,12.960000038146973,5033,0.0,0.0,0.0
2025-05-28 02:45:00+00:00,12.949999809265137,12.949999809265137,12.9399995803833,12.9399995803833,10583,0.0,0.0,0.0
2025-05-28 02:50:00+00:00,12.9399995803833,12.9399995803833,12.9399995803833,12.9399995803833,24081,0.0,0.0,0.0
2025-05-28 02:55:00+00:00,12.930000305175781,12.9399995803833,12.930000305175781,12.9399995803833,37318,0.0,0.0,0.0
2025-05-28 03:00:00+00:00,12.9399995803833,12.949999809265137,12.9399995803833,12.949999809265137,98028,0.0,0.0,0.0
2025-05-28 03:05:00+00:00,12.960000038146973,12.960000038146973,12.960000038146973,12.960000038146973,2162,0.0,0.0,0.0
2025-05-28 03:10:00+00:00,12.960000038146973,12.960000038146973,12.960000038146973,12.960000038146973,8017,0.0,0.0,0.0
2025-05-28 03:15:00+00:00,12.970000267028809,12.970000267028809,12.970000267028809,12.970000267028809,2350,0.0,0.0,0.0
2025-05-28 03:20:00+00:00,12.970000267028809,12.970000267028809,12.970000267028809,12.970000267028809,1222,0.0,0.0,0.0
2025-05-28 03:25:00+00:00,12.949999809265137,12.949999809265137,12.949999809265137,12.949999809265137,1029,0.0,0.0,0.0
2025-05-28 03:30:00+00:00,12.949999809265137,12.949999809265137,12.9399995803833,12.949999809265137,4010,0.0,0.0,0.0
2025-05-28 03:35:00+00:00,12.9399995803833,12.9399995803833,12.9399995803833,12.9399995803833,13108,0.0,0.0,0.0
2025-05-28 03:40:00+00:00,12.9399995803833,12.9399995803833,12.920000076293945,12.920000076293945,10941,0.0,0.0,0.0
2025-05-28 03:45:00+00:00,12.930000305175781,12.930000305175781,12.930000305175781,12.930000305175781,1487,0.0,0.0,0.0
2025-05-28 03:50:00+00:00,12.920000076293945,12.920000076293945,12.920000076293945,12.920000076293945,1975,0.0,0.0,0.0
2025-05-28 03:55:00+00:00,12.90999984741211,12.90999984741211,12.90999984741211,12.90999984741211,7434,0.0,0.0,0.0
2025-05-28 04:00:00+00:00,12.90999984741211,12.90999984741211,12.899999618530273,12.90999984741211,7022,0.0,0.0,0.0
2025-05-28 04:05:00+00:00,12.90999984741211,12.90999984741211,12.90999984741211,12.90999984741211,6006,0.0,0.0,0.0
2025-05-28 04:10:00+00:00,12.90999984741211,12.90999984741211,12.90999984741211,12.90999984741211,26510,0.0,0.0,0.0
2025-05-28 04:15:00+00:00,12.90999984741211,12.90999984741211,12.899999618530273,12.899999618530273,6090,0.0,0.0,0.0
2025-05-28 04:20:00+00:00,12.899999618530273,12.899999618530273,12.899999618530273,12.899999618530273,24160,0.0,0.0,0.0
2025-05-28 04:25:00+00:00,12.899999618530273,12.899999618530273,12.890000343322754,12.890000343322754,11419,0.0,0.0,0.0
2025-05-28 04:30:00+00:00,12.899999618530273,12.899999618530273,12.869999885559082,12.869999885559082,29765,0.0,0.0,0.0
2025-05-28 04:35:00+00:00,12.859999656677246,12.859999656677246,12.859999656677246,12.859999656677246,23104,0.0,0.0,0.0
2025-05-28 04:40:00+00:00,12.859999656677246,12.859999656677246,12.850000381469727,12.859999656677246,51896,0.0,0.0,0.0
2025-05-28 04:45:00+00:00,12.869999885559082,12.890000343322754,12.869999885559082,12.890000343322754,14078,0.0,0.0,0.0
2025-05-28 04:50:00+00:00,12.880000114440918,12.890000343322754,12.880000114440918,12.890000343322754,3082,0.0,0.0,0.0
2025-05-28 04:55:00+00:00,12.880000114440918,12.880000114440918,12.869999885559082,12.869999885559082,8503,0.0,0.0,0.0
2025-05-28 05:00:00+00:00,12.869999885559082,12.869999885559082,12.869999885559082,12.869999885559082,15540,0.0,0.0,0.0
2025-05-28 05:05:00+00:00,12.869999885559082,12.890000343322754,12.869999885559082,12.890000343322754,129646,0.0,0.0,0.0
2025-05-28 05:10:00+00:00,12.890000343322754,12.890000343322754,12.890000343322754,12.890000343322754,37431,0.0,0.0,0.0
2025-05-28 05:15:00+00:00,12.899999618530273,12.899999618530273,12.890000343322754,12.899999618530273,106461,0.0,0.0,0.0
2025-05-28 05:20:00+00:00,12.899999618530273,12.90999984741211,12.899999618530273,12.90999984741211,23563,0.0,0.0,0.0
2025-05-29 01:00:00+00:00,13.050000190734863,13.069999694824219,13.010000228881836,13.039999961853027,0,0.0,0.0,0.0
2025-05-29 01:05:00+00:00,13.010000228881836,13.010000228881836,12.970000267028809,12.970000267028809,174999,0.0,0.0,0.0
2025-05-29 01:10:00+00:00,12.989999771118164,12.989999771118164,12.949999809265137,12.960000038146973,85207,0.0,0.0,0.0
2025-05-29 01:15:00+00:00,12.960000038146973,12.960000038146973,12.960000038146973,12.960000038146973,119832,0.0,0.0,0.0
2025-05-29 01:20:00+00:00,12.949999809265137,12.960000038146973,12.949999809265137,12.960000038146973,54011,0.0,0.0,0.0
2025-05-29 01:25:00+00:00,12.960000038146973,12.970000267028809,12.960000038146973,12.970000267028809,2570,0.0,0.0,0.0
2025-05-29 01:30:00+00:00,12.970000267028809,12.970000267028809,12.960000038146973,12.970000267028809,66936,0.0,0.0,0.0
2025-05-29 01:35:00+00:00,12.979999542236328,12.989999771118164,12.979999542236328,12.989999771118164,32674,0.0,0.0,0.0
2025-05-29 01:40:00+00:00,13.0,13.010000228881836,13.0,13.010000228881836,29810,0.0,0.0,0.0
2025-05-29 01:45:00+00:00,13.010000228881836,13.010000228881836,13.0,13.0,36145,0.0,0.0,0.0
2025-05-29 01:50:00+00:00,12.989999771118164,13.0,12.989999771118164,12.989999771118164,14537,0.0,0.0,0.0
2025-05-29 01:55:00+00:00,12.970000267028809,12.989999771118164,12.970000267028809,12.989999771118164,5430,0.0,0.0,0.0
2025-05-29 02:00:00+00:00,12.989999771118164,13.0,12.989999771118164,12.989999771118164,8417,0.0,0.0,0.0
2025-05-29 02:05:00+00:00,12.979999542236328,12.979999542236328,12.979999542236328,12.979999542236328,29534,0.0,0.0,0.0
2025-05-29 02:15:00+00:00,12.979999542236328,12.979999542236328,12.970000267028809,12.970000267028809,15516,0.0,0.0,0.0
2025-05-29 02:20:00+00:00,12.970000267028809,12.970000267028809,12.970000267028809,12.970000267028809,4034,0.0,0.0,0.0
2025-05-29 02:25:00+00:00,12.960000038146973,12.960000038146973,12.949999809265137,12.960000038146973,22458,0.0,0.0,0.0
2025-05-29 02:30:00+00:00,12.960000038146973,12.970000267028809,12.949999809265137,12.949999809265137,64364,0.0,0.0,0.0
2025-05-29 02:35:00+00:00,12.949999809265137,12.949999809265137,12.949999809265137,12.949999809265137,2045,0.0,0.0,0.0
2025-05-29 02:40:00+00:00,12.970000267028809,12.970000267028809,12.960000038146973,12.970000267028809,7345,0.0,0.0,0.0
2025-05-29 02:45:00+00:00,12.970000267028809,12.970000267028809,12.960000038146973,12.960000038146973,12091,0.0,0.0,0.0
2025-05-29 02:50:00+00:00,12.960000038146973,12.960000038146973,12.960000038146973,12.960000038146973,10045,0.0,0.0,0.0
2025-05-29 02:55:00+00:00,12.960000038146973,12.970000267028809,12.949999809265137,12.949999809265137,17061,0.0,0.0,0.0
2025-05-29 03:00:00+00:00,12.970000267028809,12.970000267028809,12.960000038146973,12.970000267028809,31063,0.0,0.0,0.0
2025-05-29 03:05:00+00:00,12.960000038146973,12.970000267028809,12.949999809265137,12.949999809265137,18057,0.0,0.0,0.0
2025-05-29 03:10:00+00:00,12.949999809265137,12.970000267028809,12.949999809265137,12.970000267028809,75034,0.0,0.0,0.0
2025-05-29 03:15:00+00:00,12.979999542236328,12.979999542236328,12.979999542236328,12.979999542236328,1140,0.0,0.0,0.0
2025-05-29 03:20:00+00:00,12.979999542236328,12.979999542236328,12.970000267028809,12.970000267028809,19166,0.0,0.0,0.0
2025-05-29 03:25:00+00:00,12.979999542236328,12.979999542236328,12.979999542236328,12.979999542236328,42051,0.0,0.0,0.0
2025-05-29 03:30:00+00:00,12.989999771118164,12.989999771118164,12.989999771118164,12.989999771118164,10254,0.0,0.0,0.0
2025-05-29 03:35:00+00:00,12.989999771118164,13.0,12.989999771118164,12.989999771118164,12118,0.0,0.0,0.0
2025-05-29 03:40:00+00:00,12.979999542236328,12.979999542236328,12.979999542236328,12.979999542236328,2235,0.0,0.0,0.0
2025-05-29 03:45:00+00:00,12.979999542236328,12.979999542236328,12.979999542236328,12.979999542236328,2146,0.0,0.0,0.0
2025-05-29 03:50:00+00:00,12.970000267028809,12.979999542236328,12.970000267028809,12.970000267028809,6022,0.0,0.0,0.0
2025-05-29 03:55:00+00:00,12.979999542236328,12.979999542236328,12.979999542236328,12.979999542236328,2129,0.0,0.0,0.0
2025-05-29 04:00:00+00:00,12.970000267028809,12.979999542236328,12.970000267028809,12.979999542236328,19623,0.0,0.0,0.0
2025-05-29 04:05:00+00:00,12.979999542236328,12.979999542236328,12.979999542236328,12.979999542236328,2001,0.0,0.0,0.0
2025-05-29 04:10:00+00:00,12.979999542236328,12.979999542236328,12.970000267028809,12.970000267028809,2900,0.0,0.0,0.0
2025-05-29 04:15:00+00:00,12.960000038146973,12.960000038146973,12.949999809265137,12.949999809265137,10006,0.0,0.0,0.0
2025-05-29 04:20:00+00:00,12.960000038146973,12.960000038146973,12.949999809265137,12.949999809265137,25946,0.0,0.0,0.0
2025-05-29 04:25:00+00:00,12.9399995803833,12.949999809265137,12.930000305175781,12.949999809265137,51916,0.0,0.0,0.0
2025-05-29 04:30:00+00:00,12.960000038146973,12.960000038146973,12.960000038146973,12.960000038146973,3230,0.0,0.0,0.0
2025-05-29 04:35:00+00:00,12.960000038146973,12.960000038146973,12.960000038146973,12.960000038146973,1000,0.0,0.0,0.0
2025-05-29 04:40:00+00:00,12.949999809265137,12.960000038146973,12.949999809265137,12.949999809265137,16108,0.0,0.0,0.0
2025-05-29 04:45:00+00:00,12.949999809265137,12.960000038146973,12.949999809265137,12.949999809265137,17250,0.0,0.0,0.0
2025-05-29 04:50:00+00:00,12.949999809265137,12.960000038146973,12.949999809265137,12.960000038146973,60000,0.0,0.0,0.0
2025-05-29 04:55:00+00:00,12.960000038146973,12.960000038146973,12.960000038146973,12.960000038146973,14212,0.0,0.0,0.0
2025-05-29 05:00:00+00:00,12.970000267028809,12.970000267028809,12.949999809265137,12.960000038146973,45100,0.0,0.0,0.0
2025-05-29 05:05:00+00:00,12.960000038146973,12.960000038146973,12.9399995803833,12.949999809265137,130273,0.0,0.0,0.0
2025-05-29 05:10:00+00:00,12.949999809265137,12.949999809265137,12.9399995803833,12.949999809265137,8343,0.0,0.0,0.0
2025-05-29 05:15:00+00:00,12.960000038146973,12.960000038146973,12.949999809265137,12.949999809265137,5122,0.0,0.0,0.0
2025-05-29 05:20:00+00:00,12.949999809265137,12.970000267028809,12.949999809265137,12.970000267028809,94076,0.0,0.0,0.0
2025-06-02 01:00:00+00:00,12.880000114440918,12.890000343322754,12.779999732971191,12.779999732971191,0,0.0,0.0,0.0
2025-06-02 01:05:00+00:00,12.800000190734863,12.819999694824219,12.779999732971191,12.819999694824219,104821,0.0,0.0,0.0
2025-06-02 01:10:00+00:00,12.829999923706055,12.84000015258789,12.819999694824219,12.829999923706055,22857,0.0,0.0,0.0
2025-06-02 01:15:00+00:00,12.829999923706055,12.829999923706055,12.8100004196167,12.8100004196167,82835,0.0,0.0,0.0
2025-06-02 01:20:00+00:00,12.800000190734863,12.800000190734863,12.789999961853027,12.789999961853027,69303,0.0,0.0,0.0
2025-06-02 01:25:00+00:00,12.779999732971191,12.779999732971191,12.770000457763672,12.770000457763672,110525,0.0,0.0,0.0
2025-06-02 01:30:00+00:00,12.770000457763672,12.770000457763672,12.75,12.760000228881836,49159,0.0,0.0,0.0
2025-06-02 01:35:00+00:00,12.760000228881836,12.760000228881836,12.75,12.760000228881836,68106,0.0,0.0,0.0
2025-06-02 01:40:00+00:00,12.75,12.760000228881836,12.739999771118164,12.75,21631,0.0,0.0,0.0
2025-06-02 01:45:00+00:00,12.739999771118164,12.75,12.729999542236328,12.739999771118164,85547,0.0,0.0,0.0
2025-06-02 01:50:00+00:00,12.75,12.75,12.729999542236328,12.729999542236328,224428,0.0,0.0,0.0
2025-06-02 01:55:00+00:00,12.729999542236328,12.729999542236328,12.720000267028809,12.729999542236328,59072,0.0,0.0,0.0
2025-06-02 02:00:00+00:00,12.729999542236328,12.739999771118164,12.729999542236328,12.739999771118164,6353,0.0,0.0,0.0
2025-06-02 02:05:00+00:00,12.75,12.75,12.75,12.75,8620,0.0,0.0,0.0
2025-06-02 02:10:00+00:00,12.739999771118164,12.760000228881836,12.739999771118164,12.760000228881836,93249,0.0,0.0,0.0
2025-06-02 02:15:00+00:00,12.760000228881836,12.770000457763672,12.760000228881836,12.760000228881836,18527,0.0,0.0,0.0
2025-06-02 02:20:00+00:00,12.770000457763672,12.770000457763672,12.770000457763672,12.770000457763672,2118,0.0,0.0,0.0
2025-06-02 02:25:00+00:00,12.770000457763672,12.770000457763672,12.75,12.760000228881836,68302,0.0,0.0,0.0
2025-06-02 02:30:00+00:00,12.760000228881836,12.760000228881836,12.75,12.75,77579,0.0,0.0,0.0
2025-06-02 02:35:00+00:00,12.739999771118164,12.739999771118164,12.739999771118164,12.739999771118164,21432,0.0,0.0,0.0
2025-06-02 02:40:00+00:00,12.739999771118164,12.739999771118164,12.729999542236328,12.729999542236328,58526,0.0,0.0,0.0
2025-06-02 02:45:00+00:00,12.729999542236328,12.729999542236328,12.729999542236328,12.729999542236328,4419,0.0,0.0,0.0
2025-06-02 02:50:00+00:00,12.720000267028809,12.729999542236328,12.710000038146973,12.710000038146973,145755,0.0,0.0,0.0
2025-06-02 02:55:00+00:00,12.710000038146973,12.720000267028809,12.710000038146973,12.710000038146973,22610,0.0,0.0,0.0
2025-06-02 03:00:00+00:00,12.710000038146973,12.710000038146973,12.699999809265137,12.710000038146973,13982,0.0,0.0,0.0
2025-06-02 03:05:00+00:00,12.710000038146973,12.710000038146973,12.699999809265137,12.699999809265137,105563,0.0,0.0,0.0
2025-06-02 03:10:00+00:00,12.699999809265137,12.699999809265137,12.699999809265137,12.699999809265137,17383,0.0,0.0,0.0
2025-06-02 03:15:00+00:00,12.699999809265137,12.710000038146973,12.699999809265137,12.710000038146973,16580,0.0,0.0,0.0
2025-06-02 03:20:00+00:00,12.710000038146973,12.710000038146973,12.699999809265137,12.710000038146973,29178,0.0,0.0,0.0
2025-06-02 03:25:00+00:00,12.699999809265137,12.699999809265137,12.680000305175781,12.6899995803833,61805,0.0,0.0,0.0
2025-06-02 03:30:00+00:00,12.6899995803833,12.6899995803833,12.680000305175781,12.680000305175781,2642,0.0,0.0,0.0
2025-06-02 03:35:00+00:00,12.680000305175781,12.6899995803833,12.680000305175781,12.6899995803833,53605,0.0,0.0,0.0
2025-06-02 03:40:00+00:00,12.6899995803833,12.6899995803833,12.6899995803833,12.6899995803833,14226,0.0,0.0,0.0
2025-06-02 03:45:00+00:00,12.6899995803833,12.6899995803833,12.680000305175781,12.6899995803833,9139,0.0,0.0,0.0
2025-06-02 03:50:00+00:00,12.6899995803833,12.6899995803833,12.6899995803833,12.6899995803833,13586,0.0,0.0,0.0
2025-06-02 03:55:00+00:00,12.6899995803833,12.6899995803833,12.6899995803833,12.6899995803833,7052,0.0,0.0,0.0
2025-06-02 04:00:00+00:00,12.6899995803833,12.699999809265137,12.6899995803833,12.6899995803833,44613,0.0,0.0,0.0
2025-06-02 04:05:00+00:00,12.6899995803833,12.6899995803833,12.6899995803833,12.6899995803833,24377,0.0,0.0,0.0
2025-06-02 04:10:00+00:00,12.6899995803833,12.699999809265137,12.6899995803833,12.699999809265137,6047,0.0,0.0,0.0
2025-06-02 04:15:00+00:00,12.699999809265137,12.699999809265137,12.699999809265137,12.699999809265137,7077,0.0,0.0,0.0
2025-06-02 04:20:00+00:00,12.699999809265137,12.699999809265137,12.699999809265137,12.699999809265137,13491,0.0,0.0,0.0
2025-06-02 04:25:00+00:00,12.699999809265137,12.699999809265137,12.6899995803833,12.699999809265137,15736,0.0,0.0,0.0
2025-06-02 04:30:00+00:00,12.699999809265137,12.699999809265137,12.6899995803833,12.6899995803833,47586,0.0,0.0,0.0
2025-06-02 04:35:00+00:00,12.6899995803833,12.6899995803833,12.6899995803833,12.6899995803833,6729,0.0,0.0,0.0
2025-06-02 04:40:00+00:00,12.699999809265137,12.699999809265137,12.6899995803833,12.699999809265137,14780,0.0,0.0,0.0
2025-06-02 04:45:00+00:00,12.699999809265137,12.699999809265137,12.6899995803833,12.6899995803833,27823,0.0,0.0,0.0
2025-06-02 04:50:00+00:00,12.699999809265137,12.699999809265137,12.6899995803833,12.699999809265137,8026,0.0,0.0,0.0
2025-06-02 04:55:00+00:00,12.699999809265137,12.699999809265137,12.6899995803833,12.6899995803833,13317,0.0,0.0,0.0
2025-06-02 05:00:00+00:00,12.6899995803833,12.720000267028809,12.6899995803833,12.720000267028809,130152,0.0,0.0,0.0
2025-06-02 05:05:00+00:00,12.720000267028809,12.720000267028809,12.710000038146973,12.710000038146973,20569,0.0,0.0,0.0
2025-06-02 05:10:00+00:00,12.710000038146973,12.720000267028809,12.710000038146973,12.720000267028809,3261,0.0,0.0,0.0
2025-06-02 05:15:00+00:00,12.720000267028809,12.720000267028809,12.699999809265137,12.699999809265137,25074,0.0,0.0,0.0
2025-06-02 05:20:00+00:00,12.699999809265137,12.699999809265137,12.6899995803833,12.699999809265137,50420,0.0,0.0,0.0
2025-06-03 01:00:00+00:00,12.819999694824219,12.84000015258789,12.8100004196167,12.829999923706055,0,0.0,0.0,0.0
2025-06-03 01:05:00+00:00,12.84000015258789,12.859999656677246,12.84000015258789,12.859999656677246,55899,0.0,0.0,0.0
2025-06-03 01:10:00+00:00,12.859999656677246,12.859999656677246,12.850000381469727,12.859999656677246,93201,0.0,0.0,0.0
2025-06-03 01:15:00+00:00,12.869999885559082,12.869999885559082,12.859999656677246,12.859999656677246,32862,0.0,0.0,0.0
2025-06-03 01:20:00+00:00,12.859999656677246,12.869999885559082,12.859999656677246,12.869999885559082,66141,0.0,0.0,0.0
2025-06-03 01:25:00+00:00,12.869999885559082,12.880000114440918,12.859999656677246,12.880000114440918,74378,0.0,0.0,0.0
2025-06-03 01:30:00+00:00,12.880000114440918,12.880000114440918,12.880000114440918,12.880000114440918,73288,0.0,0.0,0.0
2025-06-03 01:35:00+00:00,12.890000343322754,12.899999618530273,12.890000343322754,12.890000343322754,21563,0.0,0.0,0.0
2025-06-03 01:40:00+00:00,12.899999618530273,12.899999618530273,12.899999618530273,12.899999618530273,34842,0.0,0.0,0.0
2025-06-03 01:45:00+00:00,12.90999984741211,12.90999984741211,12.899999618530273,12.90999984741211,14270,0.0,0.0,0.0
2025-06-03 01:50:00+00:00,12.90999984741211,12.90999984741211,12.890000343322754,12.899999618530273,51141,0.0,0.0,0.0
2025-06-03 01:55:00+00:00,12.899999618530273,12.899999618530273,12.899999618530273,12.899999618530273,2008,0.0,0.0,0.0
2025-06-03 02:00:00+00:00,12.899999618530273,12.899999618530273,12.880000114440918,12.880000114440918,23817,0.0,0.0,0.0
2025-06-03 02:05:00+00:00,12.880000114440918,12.880000114440918,12.84000015258789,12.84000015258789,107237,0.0,0.0,0.0
2025-06-03 02:10:00+00:00,12.84000015258789,12.84000015258789,12.819999694824219,12.819999694824219,15707,0.0,0.0,0.0
2025-06-03 02:15:00+00:00,12.819999694824219,12.819999694824219,12.800000190734863,12.8100004196167,15740,0.0,0.0,0.0
2025-06-03 02:20:00+00:00,12.819999694824219,12.819999694824219,12.819999694824219,12.819999694824219,1865,0.0,0.0,0.0
2025-06-03 02:25:00+00:00,12.819999694824219,12.819999694824219,12.8100004196167,12.8100004196167,4289,0.0,0.0,0.0
2025-06-03 02:30:00+00:00,12.819999694824219,12.819999694824219,12.800000190734863,12.8100004196167,16166,0.0,0.0,0.0
2025-06-03 02:35:00+00:00,12.8100004196167,12.8100004196167,12.800000190734863,12.800000190734863,20376,0.0,0.0,0.0
2025-06-03 02:40:00+00:00,12.800000190734863,12.800000190734863,12.779999732971191,12.779999732971191,18505,0.0,0.0,0.0
2025-06-03 02:45:00+00:00,12.800000190734863,12.800000190734863,12.789999961853027,12.789999961853027,10142,0.0,0.0,0.0
2025-06-03 02:50:00+00:00,12.789999961853027,12.789999961853027,12.789999961853027,12.789999961853027,26051,0.0,0.0,0.0
2025-06-03 02:55:00+00:00,12.8100004196167,12.8100004196167,12.8100004196167,12.8100004196167,1018,0.0,0.0,0.0
2025-06-03 03:00:00+00:00,12.8100004196167,12.8100004196167,12.800000190734863,12.800000190734863,24196,0.0,0.0,0.0
2025-06-03 03:05:00+00:00,12.8100004196167,12.8100004196167,12.8100004196167,12.8100004196167,1452,0.0,0.0,0.0
2025-06-03 03:15:00+00:00,12.8100004196167,12.8100004196167,12.8100004196167,12.8100004196167,5237,0.0,0.0,0.0
2025-06-03 03:20:00+00:00,12.8100004196167,12.8100004196167,12.8100004196167,12.8100004196167,48343,0.0,0.0,0.0
2025-06-03 03:25:00+00:00,12.8100004196167,12.8100004196167,12.8100004196167,12.8100004196167,3008,0.0,0.0,0.0
2025-06-03 03:30:00+00:00,12.8100004196167,12.8100004196167,12.8100004196167,12.8100004196167,3904,0.0,0.0,0.0
2025-06-03 03:40:00+00:00,12.8100004196167,12.819999694824219,12.8100004196167,12.819999694824219,34140,0.0,0.0,0.0
2025-06-03 03:45:00+00:00,12.819999694824219,12.819999694824219,12.8100004196167,12.8100004196167,51025,0.0,0.0,0.0
2025-06-03 03:50:00+00:00,12.800000190734863,12.800000190734863,12.800000190734863,12.800000190734863,4037,0.0,0.0,0.0
2025-06-03 03:55:00+00:00,12.8100004196167,12.8100004196167,12.8100004196167,12.8100004196167,3253,0.0,0.0,0.0
2025-06-03 04:00:00+00:00,12.800000190734863,12.800000190734863,12.800000190734863,12.800000190734863,130249,0.0,0.0,0.0
2025-06-03 04:05:00+00:00,12.8100004196167,12.8100004196167,12.8100004196167,12.8100004196167,1484,0.0,0.0,0.0
2025-06-03 04:10:00+00:00,12.8100004196167,12.8100004196167,12.8100004196167,12.8100004196167,1478,0.0,0.0,0.0
2025-06-03 04:15:00+00:00,12.800000190734863,12.800000190734863,12.800000190734863,12.800000190734863,1003,0.0,0.0,0.0
2025-06-03 04:20:00+00:00,12.800000190734863,12.800000190734863,12.789999961853027,12.789999961853027,6414,0.0,0.0,0.0
2025-06-03 04:25:00+00:00,12.789999961853027,12.789999961853027,12.789999961853027,12.789999961853027,5006,0.0,0.0,0.0
2025-06-03 04:30:00+00:00,12.800000190734863,12.800000190734863,12.800000190734863,12.800000190734863,8325,0.0,0.0,0.0
2025-06-03 04:35:00+00:00,12.800000190734863,12.800000190734863,12.800000190734863,12.800000190734863,1100,0.0,0.0,0.0
2025-06-03 04:40:00+00:00,12.800000190734863,12.800000190734863,12.800000190734863,12.800000190734863,1110,0.0,0.0,0.0
2025-06-03 04:45:00+00:00,12.789999961853027,12.789999961853027,12.789999961853027,12.789999961853027,5004,0.0,0.0,0.0
2025-06-03 04:50:00+00:00,12.789999961853027,12.789999961853027,12.789999961853027,12.789999961853027,3068,0.0,0.0,0.0
2025-06-03 04:55:00+00:00,12.779999732971191,12.779999732971191,12.779999732971191,12.779999732971191,5182,0.0,0.0,0.0
2025-06-03 05:00:00+00:00,12.789999961853027,12.789999961853027,12.789999961853027,12.789999961853027,12010,0.0,0.0,0.0
2025-06-03 05:05:00+00:00,12.789999961853027,12.789999961853027,12.789999961853027,12.789999961853027,12656,0.0,0.0,0.0
2025-06-03 05:10:00+00:00,12.789999961853027,12.789999961853027,12.789999961853027,12.789999961853027,4126,0.0,0.0,0.0
2025-06-03 05:15:00+00:00,12.800000190734863,12.800000190734863,12.779999732971191,12.779999732971191,12150,0.0,0.0,0.0
2025-06-03 05:20:00+00:00,12.789999961853027,12.800000190734863,12.779999732971191,12.779999732971191,16882,0.0,0.0,0.0
2025-06-04 01:00:00+00:00,12.899999618530273,12.970000267028809,12.899999618530273,12.960000038146973,0,0.0,0.0,0.0
2025-06-04 01:05:00+00:00,12.960000038146973,12.979999542236328,12.960000038146973,12.979999542236328,79000,0.0,0.0,0.0
2025-06-04 01:10:00+00:00,12.989999771118164,12.989999771118164,12.970000267028809,12.979999542236328,127960,0.0,0.0,0.0
2025-06-04 01:15:00+00:00,12.989999771118164,13.0,12.979999542236328,12.989999771118164,154311,0.0,0.0,0.0
2025-06-04 01:20:00+00:00,12.989999771118164,13.010000228881836,12.989999771118164,13.010000228881836,242452,0.0,0.0,0.0
2025-06-04 01:25:00+00:00,13.020000457763672,13.020000457763672,13.020000457763672,13.020000457763672,57734,0.0,0.0,0.0
2025-06-04 01:30:00+00:00,13.029999732971191,13.029999732971191,13.020000457763672,13.020000457763672,43822,0.0,0.0,0.0
2025-06-04 01:35:00+00:00,13.020000457763672,13.029999732971191,13.010000228881836,13.010000228881836,100951,0.0,0.0,0.0
2025-06-04 01:40:00+00:00,13.020000457763672,13.020000457763672,13.010000228881836,13.020000457763672,69468,0.0,0.0,0.0
2025-06-04 01:45:00+00:00,13.020000457763672,13.029999732971191,13.020000457763672,13.020000457763672,48707,0.0,0.0,0.0
2025-06-04 01:50:00+00:00,13.020000457763672,13.029999732971191,13.020000457763672,13.029999732971191,118554,0.0,0.0,0.0
2025-06-04 01:55:00+00:00,13.020000457763672,13.020000457763672,13.010000228881836,13.020000457763672,29823,0.0,0.0,0.0
2025-06-04 02:00:00+00:00,13.010000228881836,13.020000457763672,13.010000228881836,13.010000228881836,26331,0.0,0.0,0.0
2025-06-04 02:05:00+00:00,13.010000228881836,13.010000228881836,13.010000228881836,13.010000228881836,21159,0.0,0.0,0.0
2025-06-04 02:10:00+00:00,13.020000457763672,13.029999732971191,13.020000457763672,13.029999732971191,201479,0.0,0.0,0.0
2025-06-04 02:15:00+00:00,13.020000457763672,13.020000457763672,13.010000228881836,13.010000228881836,5038,0.0,0.0,0.0
2025-06-04 02:20:00+00:00,13.010000228881836,13.020000457763672,13.010000228881836,13.020000457763672,31494,0.0,0.0,0.0
2025-06-04 02:25:00+00:00,13.020000457763672,13.029999732971191,13.020000457763672,13.020000457763672,40368,0.0,0.0,0.0
2025-06-04 02:30:00+00:00,13.029999732971191,13.039999961853027,13.029999732971191,13.029999732971191,255885,0.0,0.0,0.0
2025-06-04 02:35:00+00:00,13.029999732971191,13.029999732971191,13.029999732971191,13.029999732971191,54028,0.0,0.0,0.0
2025-06-04 02:40:00+00:00,13.020000457763672,13.029999732971191,13.020000457763672,13.029999732971191,103042,0.0,0.0,0.0
2025-06-04 02:45:00+00:00,13.029999732971191,13.029999732971191,13.029999732971191,13.029999732971191,12278,0.0,0.0,0.0
2025-06-04 02:50:00+00:00,13.029999732971191,13.029999732971191,13.020000457763672,13.029999732971191,230638,0.0,0.0,0.0
2025-06-04 02:55:00+00:00,13.020000457763672,13.020000457763672,13.020000457763672,13.020000457763672,6186,0.0,0.0,0.0
2025-06-04 03:00:00+00:00,13.020000457763672,13.020000457763672,13.020000457763672,13.020000457763672,8143,0.0,0.0,0.0
2025-06-04 03:05:00+00:00,13.029999732971191,13.029999732971191,13.020000457763672,13.020000457763672,50039,0.0,0.0,0.0
2025-06-04 03:10:00+00:00,13.029999732971191,13.029999732971191,13.020000457763672,13.020000457763672,25467,0.0,0.0,0.0
2025-06-04 03:15:00+00:00,13.020000457763672,13.029999732971191,13.020000457763672,13.029999732971191,26047,0.0,0.0,0.0
2025-06-04 03:20:00+00:00,13.029999732971191,13.029999732971191,13.020000457763672,13.020000457763672,220073,0.0,0.0,0.0
2025-06-04 03:25:00+00:00,13.029999732971191,13.029999732971191,13.029999732971191,13.029999732971191,3013,0.0,0.0,0.0
2025-06-04 03:30:00+00:00,13.029999732971191,13.029999732971191,13.029999732971191,13.029999732971191,6249,0.0,0.0,0.0
2025-06-04 03:35:00+00:00,13.020000457763672,13.020000457763672,13.010000228881836,13.010000228881836,375186,0.0,0.0,0.0
2025-06-04 03:40:00+00:00,13.020000457763672,13.020000457763672,13.010000228881836,13.010000228881836,28364,0.0,0.0,0.0
2025-06-04 03:45:00+00:00,13.010000228881836,13.010000228881836,13.010000228881836,13.010000228881836,220112,0.0,0.0,0.0
2025-06-04 03:50:00+00:00,13.010000228881836,13.010000228881836,13.0,13.0,51050,0.0,0.0,0.0
2025-06-04 03:55:00+00:00,13.0,13.0,13.0,13.0,21074,0.0,0.0,0.0
2025-06-04 04:00:00+00:00,13.0,13.0,13.0,13.0,9030,0.0,0.0,0.0
2025-06-04 04:05:00+00:00,13.0,13.0,12.989999771118164,12.989999771118164,28044,0.0,0.0,0.0
2025-06-04 04:10:00+00:00,12.989999771118164,13.0,12.989999771118164,13.0,44226,0.0,0.0,0.0
2025-06-04 04:15:00+00:00,13.0,13.010000228881836,13.0,13.010000228881836,13492,0.0,0.0,0.0
2025-06-04 04:20:00+00:00,13.010000228881836,13.020000457763672,13.010000228881836,13.020000457763672,106060,0.0,0.0,0.0
2025-06-04 04:25:00+00:00,13.020000457763672,13.020000457763672,13.010000228881836,13.010000228881836,17028,0.0,0.0,0.0
2025-06-04 04:30:00+00:00,13.020000457763672,13.020000457763672,13.010000228881836,13.010000228881836,23237,0.0,0.0,0.0
2025-06-04 04:35:00+00:00,13.010000228881836,13.020000457763672,13.010000228881836,13.010000228881836,213340,0.0,0.0,0.0
2025-06-04 04:40:00+00:00,13.010000228881836,13.010000228881836,13.010000228881836,13.010000228881836,25610,0.0,0.0,0.0
2025-06-04 04:45:00+00:00,13.010000228881836,13.010000228881836,13.010000228881836,13.010000228881836,55411,0.0,0.0,0.0
2025-06-04 04:50:00+00:00,13.010000228881836,13.010000228881836,13.010000228881836,13.010000228881836,38030,0.0,0.0,0.0
2025-06-04 04:55:00+00:00,13.010000228881836,13.010000228881836,13.0,13.0,20125,0.0,0.0,0.0
2025-06-04 05:00:00+00:00,13.010000228881836,13.010000228881836,13.010000228881836,13.010000228881836,14470,0.0,0.0,0.0
2025-06-04 05:05:00+00:00,13.010000228881836,13.010000228881836,13.010000228881836,13.010000228881836,27125,0.0,0.0,0.0
2025-06-04 05:10:00+00:00,13.010000228881836,13.010000228881836,13.0,13.0,34333,0.0,0.0,0.0
2025-06-04 05:15:00+00:00,13.020000457763672,13.020000457763672,13.010000228881836,13.020000457763672,26365,0.0,0.0,0.0
2025-06-04 05:20:00+00:00,13.020000457763672,13.020000457763672,13.010000228881836,13.010000228881836,5425,0.0,0.0,0.0
2025-06-05 01:00:00+00:00,13.039999961853027,13.069999694824219,13.039999961853027,13.069999694824219,0,0.0,0.0,0.0
2025-06-05 01:05:00+00:00,13.0600004196167,13.069999694824219,13.0600004196167,13.069999694824219,79807,0.0,0.0,0.0
2025-06-05 01:10:00+00:00,13.069999694824219,13.069999694824219,13.0600004196167,13.069999694824219,41062,0.0,0.0,0.0
2025-06-05 01:15:00+00:00,13.069999694824219,13.079999923706055,13.069999694824219,13.069999694824219,121831,0.0,0.0,0.0
2025-06-05 01:20:00+00:00,13.069999694824219,13.069999694824219,13.069999694824219,13.069999694824219,12072,0.0,0.0,0.0
2025-06-05 01:25:00+00:00,13.0600004196167,13.069999694824219,13.0600004196167,13.0600004196167,78121,0.0,0.0,0.0
2025-06-05 01:30:00+00:00,13.069999694824219,13.069999694824219,13.050000190734863,13.0600004196167,35337,0.0,0.0,0.0
2025-06-05 01:35:00+00:00,13.0600004196167,13.069999694824219,13.0600004196167,13.069999694824219,109816,0.0,0.0,0.0
2025-06-05 01:40:00+00:00,13.069999694824219,13.069999694824219,13.069999694824219,13.069999694824219,13342,0.0,0.0,0.0
2025-06-05 01:45:00+00:00,13.079999923706055,13.09000015258789,13.079999923706055,13.079999923706055,193572,0.0,0.0,0.0
2025-06-05 01:50:00+00:00,13.079999923706055,13.079999923706055,13.079999923706055,13.079999923706055,19042,0.0,0.0,0.0
2025-06-05 01:55:00+00:00,13.079999923706055,13.079999923706055,13.069999694824219,13.069999694824219,83231,0.0,0.0,0.0
2025-06-05 02:00:00+00:00,13.069999694824219,13.079999923706055,13.0600004196167,13.079999923706055,50045,0.0,0.0,0.0
2025-06-05 02:05:00+00:00,13.079999923706055,13.079999923706055,13.039999961853027,13.039999961853027,29682,0.0,0.0,0.0
2025-06-05 02:10:00+00:00,13.050000190734863,13.050000190734863,13.029999732971191,13.039999961853027,34360,0.0,0.0,0.0
2025-06-05 02:15:00+00:00,13.039999961853027,13.039999961853027,13.020000457763672,13.020000457763672,13186,0.0,0.0,0.0
2025-06-05 02:20:00+00:00,13.029999732971191,13.039999961853027,13.020000457763672,13.020000457763672,29362,0.0,0.0,0.0
2025-06-05 02:25:00+00:00,13.010000228881836,13.020000457763672,13.0,13.010000228881836,57182,0.0,0.0,0.0
2025-06-05 02:30:00+00:00,13.010000228881836,13.010000228881836,13.0,13.010000228881836,24780,0.0,0.0,0.0
2025-06-05 02:35:00+00:00,13.010000228881836,13.020000457763672,13.010000228881836,13.010000228881836,17062,0.0,0.0,0.0
2025-06-05 02:40:00+00:00,13.0,13.010000228881836,13.0,13.0,51043,0.0,0.0,0.0
2025-06-05 02:45:00+00:00,12.989999771118164,12.989999771118164,12.989999771118164,12.989999771118164,2215,0.0,0.0,0.0
2025-06-05 02:50:00+00:00,13.0,13.0,12.989999771118164,13.0,5107,0.0,0.0,0.0
2025-06-05 02:55:00+00:00,12.989999771118164,13.0,12.989999771118164,13.0,30714,0.0,0.0,0.0
2025-06-05 03:00:00+00:00,13.0,13.0,12.989999771118164,12.989999771118164,3043,0.0,0.0,0.0
2025-06-05 03:05:00+00:00,13.0,13.0,13.0,13.0,9499,0.0,0.0,0.0
2025-06-05 03:10:00+00:00,12.989999771118164,13.0,12.989999771118164,13.0,61034,0.0,0.0,0.0
2025-06-05 03:15:00+00:00,13.010000228881836,13.010000228881836,13.0,13.010000228881836,4086,0.0,0.0,0.0
2025-06-05 03:20:00+00:00,13.010000228881836,13.020000457763672,13.010000228881836,13.020000457763672,4407,0.0,0.0,0.0
2025-06-05 03:25:00+00:00,13.010000228881836,13.020000457763672,13.010000228881836,13.020000457763672,2831,0.0,0.0,0.0
2025-06-05 03:30:00+00:00,13.020000457763672,13.020000457763672,13.010000228881836,13.010000228881836,26780,0.0,0.0,0.0
2025-06-05 03:35:00+00:00,13.020000457763672,13.020000457763672,13.010000228881836,13.010000228881836,5303,0.0,0.0,0.0
2025-06-05 03:40:00+00:00,13.010000228881836,13.020000457763672,13.010000228881836,13.010000228881836,6051,0.0,0.0,0.0
2025-06-05 03:45:00+00:00,13.020000457763672,13.020000457763672,13.020000457763672,13.020000457763672,16143,0.0,0.0,0.0
2025-06-05 03:50:00+00:00,13.010000228881836,13.029999732971191,13.010000228881836,13.029999732971191,3594,0.0,0.0,0.0
2025-06-05 03:55:00+00:00,13.010000228881836,13.010000228881836,13.010000228881836,13.010000228881836,1005,0.0,0.0,0.0
2025-06-05 04:00:00+00:00,13.010000228881836,13.020000457763672,13.010000228881836,13.010000228881836,16062,0.0,0.0,0.0
2025-06-05 04:05:00+00:00,13.0,13.010000228881836,13.0,13.010000228881836,13343,0.0,0.0,0.0
2025-06-05 04:10:00+00:00,13.010000228881836,13.010000228881836,13.0,13.010000228881836,4178,0.0,0.0,0.0
2025-06-05 04:15:00+00:00,13.010000228881836,13.010000228881836,13.0,13.0,4655,0.0,0.0,0.0
2025-06-05 04:20:00+00:00,13.010000228881836,13.010000228881836,13.0,13.010000228881836,15225,0.0,0.0,0.0
2025-06-05 04:25:00+00:00,13.0,13.0,12.989999771118164,12.989999771118164,18141,0.0,0.0,0.0
2025-06-05 04:30:00+00:00,13.0,13.0,12.989999771118164,13.0,19644,0.0,0.0,0.0
2025-06-05 04:35:00+00:00,13.0,13.0,13.0,13.0,3004,0.0,0.0,0.0
2025-06-05 04:40:00+00:00,13.0,13.010000228881836,13.0,13.0,6310,0.0,0.0,0.0
2025-06-05 04:45:00+00:00,13.0,13.0,13.0,13.0,23420,0.0,0.0,0.0
2025-06-05 04:50:00+00:00,13.0,13.010000228881836,13.0,13.0,16115,0.0,0.0,0.0
2025-06-05 04:55:00+00:00,13.0,13.0,13.0,13.0,2240,0.0,0.0,0.0
2025-06-05 05:00:00+00:00,12.989999771118164,12.989999771118164,12.989999771118164,12.989999771118164,41220,0.0,0.0,0.0
2025-06-05 05:05:00+00:00,12.989999771118164,12.989999771118164,12.979999542236328,12.979999542236328,54238,0.0,0.0,0.0
2025-06-05 05:10:00+00:00,12.979999542236328,12.989999771118164,12.979999542236328,12.989999771118164,154074,0.0,0.0,0.0
2025-06-05 05:15:00+00:00,12.989999771118164,13.0,12.989999771118164,13.0,19183,0.0,0.0,0.0
2025-06-05 05:20:00+00:00,13.0,13.0,12.989999771118164,13.0,12314,0.0,0.0,0.0
2025-06-06 01:00:00+00:00,13.0,13.0,12.960000038146973,12.970000267028809,0,0.0,0.0,0.0
2025-06-06 01:05:00+00:00,12.979999542236328,13.0,12.979999542236328,13.0,16843,0.0,0.0,0.0
2025-06-06 01:10:00+00:00,12.989999771118164,13.010000228881836,12.989999771118164,13.010000228881836,32389,0.0,0.0,0.0
2025-06-06 01:15:00+00:00,13.010000228881836,13.020000457763672,13.010000228881836,13.020000457763672,26632,0.0,0.0,0.0
2025-06-06 01:20:00+00:00,13.020000457763672,13.020000457763672,13.0,13.0,24733,0.0,0.0,0.0
2025-06-06 01:25:00+00:00,13.010000228881836,13.010000228881836,13.0,13.010000228881836,34387,0.0,0.0,0.0
2025-06-06 01:30:00+00:00,13.0,13.0,12.989999771118164,13.0,25650,0.0,0.0,0.0
2025-06-06 01:35:00+00:00,13.0,13.0,13.0,13.0,113108,0.0,0.0,0.0
2025-06-06 01:40:00+00:00,12.989999771118164,12.989999771118164,12.979999542236328,12.989999771118164,40958,0.0,0.0,0.0
2025-06-06 01:45:00+00:00,12.989999771118164,12.989999771118164,12.970000267028809,12.979999542236328,11260,0.0,0.0,0.0
2025-06-06 01:50:00+00:00,12.979999542236328,12.979999542236328,12.970000267028809,12.970000267028809,24468,0.0,0.0,0.0
2025-06-06 01:55:00+00:00,12.979999542236328,12.979999542236328,12.970000267028809,12.970000267028809,17410,0.0,0.0,0.0
2025-06-06 02:00:00+00:00,12.970000267028809,12.970000267028809,12.970000267028809,12.970000267028809,6174,0.0,0.0,0.0
2025-06-06 02:05:00+00:00,12.970000267028809,12.970000267028809,12.960000038146973,12.960000038146973,72886,0.0,0.0,0.0
2025-06-06 02:10:00+00:00,12.960000038146973,12.960000038146973,12.960000038146973,12.960000038146973,9913,0.0,0.0,0.0
2025-06-06 02:15:00+00:00,12.970000267028809,12.970000267028809,12.960000038146973,12.970000267028809,11274,0.0,0.0,0.0
2025-06-06 02:20:00+00:00,12.970000267028809,12.970000267028809,12.970000267028809,12.970000267028809,9127,0.0,0.0,0.0
2025-06-06 02:25:00+00:00,12.970000267028809,12.970000267028809,12.970000267028809,12.970000267028809,14140,0.0,0.0,0.0
2025-06-06 02:30:00+00:00,12.979999542236328,12.979999542236328,12.979999542236328,12.979999542236328,16169,0.0,0.0,0.0
2025-06-06 02:35:00+00:00,12.979999542236328,12.979999542236328,12.970000267028809,12.979999542236328,10343,0.0,0.0,0.0
2025-06-06 02:40:00+00:00,12.979999542236328,12.979999542236328,12.979999542236328,12.979999542236328,28189,0.0,0.0,0.0
2025-06-06 02:45:00+00:00,12.989999771118164,12.989999771118164,12.979999542236328,12.989999771118164,16683,0.0,0.0,0.0
2025-06-06 02:50:00+00:00,12.989999771118164,12.989999771118164,12.989999771118164,12.989999771118164,3019,0.0,0.0,0.0
2025-06-06 02:55:00+00:00,12.989999771118164,12.989999771118164,12.989999771118164,12.989999771118164,4538,0.0,0.0,0.0
2025-06-06 03:00:00+00:00,12.989999771118164,12.989999771118164,12.979999542236328,12.979999542236328,16538,0.0,0.0,0.0
2025-06-06 03:05:00+00:00,12.979999542236328,12.979999542236328,12.970000267028809,12.970000267028809,19161,0.0,0.0,0.0
2025-06-06 03:10:00+00:00,12.970000267028809,12.970000267028809,12.960000038146973,12.970000267028809,5048,0.0,0.0,0.0
2025-06-06 03:15:00+00:00,12.970000267028809,12.970000267028809,12.960000038146973,12.960000038146973,98045,0.0,0.0,0.0
2025-06-06 03:20:00+00:00,12.960000038146973,12.979999542236328,12.960000038146973,12.979999542236328,48957,0.0,0.0,0.0
2025-06-06 03:25:00+00:00,12.979999542236328,12.989999771118164,12.979999542236328,12.979999542236328,11280,0.0,0.0,0.0
2025-06-06 03:30:00+00:00,12.989999771118164,12.989999771118164,12.960000038146973,12.960000038146973,29111,0.0,0.0,0.0
2025-06-06 03:35:00+00:00,12.970000267028809,12.970000267028809,12.970000267028809,12.970000267028809,5010,0.0,0.0,0.0
2025-06-06 03:40:00+00:00,12.979999542236328,12.979999542236328,12.979999542236328,12.979999542236328,1226,0.0,0.0,0.0
2025-06-06 03:45:00+00:00,12.970000267028809,12.979999542236328,12.970000267028809,12.979999542236328,3868,0.0,0.0,0.0
2025-06-06 03:50:00+00:00,12.979999542236328,12.979999542236328,12.970000267028809,12.970000267028809,3005,0.0,0.0,0.0
2025-06-06 03:55:00+00:00,12.970000267028809,12.970000267028809,12.970000267028809,12.970000267028809,7043,0.0,0.0,0.0
2025-06-06 04:00:00+00:00,12.970000267028809,12.979999542236328,12.960000038146973,12.960000038146973,10355,0.0,0.0,0.0
2025-06-06 04:05:00+00:00,12.970000267028809,12.970000267028809,12.970000267028809,12.970000267028809,2741,0.0,0.0,0.0
2025-06-06 04:10:00+00:00,12.960000038146973,12.970000267028809,12.960000038146973,12.970000267028809,13069,0.0,0.0,0.0
2025-06-06 04:15:00+00:00,12.970000267028809,12.970000267028809,12.970000267028809,12.970000267028809,4755,0.0,0.0,0.0
2025-06-06 04:20:00+00:00,12.970000267028809,12.970000267028809,12.960000038146973,12.960000038146973,8459,0.0,0.0,0.0
2025-06-06 04:25:00+00:00,12.970000267028809,12.970000267028809,12.970000267028809,12.970000267028809,7568,0.0,0.0,0.0
2025-06-06 04:30:00+00:00,12.970000267028809,12.970000267028809,12.960000038146973,12.970000267028809,17520,0.0,0.0,0.0
2025-06-06 04:35:00+00:00,12.960000038146973,12.970000267028809,12.960000038146973,12.970000267028809,5537,0.0,0.0,0.0
2025-06-06 04:40:00+00:00,12.970000267028809,12.970000267028809,12.960000038146973,12.960000038146973,14620,0.0,0.0,0.0
2025-06-06 04:45:00+00:00,12.960000038146973,12.970000267028809,12.960000038146973,12.960000038146973,22744,0.0,0.0,0.0
2025-06-06 04:50:00+00:00,12.970000267028809,12.970000267028809,12.960000038146973,12.960000038146973,7437,0.0,0.0,0.0
2025-06-06 04:55:00+00:00,12.970000267028809,12.970000267028809,12.970000267028809,12.970000267028809,5110,0.0,0.0,0.0
2025-06-06 05:00:00+00:00,12.970000267028809,12.970000267028809,12.970000267028809,12.970000267028809,6167,0.0,0.0,0.0
2025-06-06 05:05:00+00:00,12.979999542236328,12.979999542236328,12.970000267028809,12.970000267028809,19183,0.0,0.0,0.0
2025-06-06 05:10:00+00:00,12.979999542236328,12.979999542236328,12.979999542236328,12.979999542236328,3569,0.0,0.0,0.0
2025-06-06 05:15:00+00:00,12.979999542236328,12.989999771118164,12.979999542236328,12.989999771118164,31212,0.0,0.0,0.0
2025-06-06 05:20:00+00:00,12.979999542236328,12.979999542236328,12.979999542236328,12.979999542236328,8252,0.0,0.0,0.0
2025-06-09 01:00:00+00:00,13.039999961853027,13.079999923706055,13.039999961853027,13.069999694824219,0,0.0,0.0,0.0
2025-06-09 01:05:00+00:00,13.069999694824219,13.069999694824219,13.0600004196167,13.069999694824219,33633,0.0,0.0,0.0
2025-06-09 01:10:00+00:00,13.069999694824219,13.069999694824219,13.0600004196167,13.069999694824219,115117,0.0,0.0,0.0
2025-06-09 01:15:00+00:00,13.069999694824219,13.069999694824219,13.050000190734863,13.069999694824219,136433,0.0,0.0,0.0
2025-06-09 01:20:00+00:00,13.069999694824219,13.069999694824219,13.0600004196167,13.0600004196167,40669,0.0,0.0,0.0
2025-06-09 01:25:00+00:00,13.0600004196167,13.069999694824219,13.039999961853027,13.039999961853027,43668,0.0,0.0,0.0
2025-06-09 01:30:00+00:00,13.050000190734863,13.050000190734863,13.029999732971191,13.039999961853027,23894,0.0,0.0,0.0
2025-06-09 01:35:00+00:00,13.020000457763672,13.029999732971191,13.010000228881836,13.010000228881836,187730,0.0,0.0,0.0
2025-06-09 01:40:00+00:00,13.029999732971191,13.029999732971191,13.029999732971191,13.029999732971191,5028,0.0,0.0,0.0
2025-06-09 01:45:00+00:00,13.029999732971191,13.029999732971191,13.020000457763672,13.020000457763672,7043,0.0,0.0,0.0
2025-06-09 01:50:00+00:00,13.029999732971191,13.029999732971191,13.010000228881836,13.010000228881836,15606,0.0,0.0,0.0
2025-06-09 01:55:00+00:00,13.010000228881836,13.020000457763672,13.010000228881836,13.020000457763672,25641,0.0,0.0,0.0
2025-06-09 02:00:00+00:00,13.029999732971191,13.029999732971191,13.010000228881836,13.010000228881836,4193,0.0,0.0,0.0
2025-06-09 02:05:00+00:00,13.020000457763672,13.029999732971191,13.020000457763672,13.029999732971191,24531,0.0,0.0,0.0
2025-06-09 02:10:00+00:00,13.020000457763672,13.020000457763672,13.020000457763672,13.020000457763672,12436,0.0,0.0,0.0
2025-06-09 02:15:00+00:00,13.020000457763672,13.020000457763672,13.020000457763672,13.020000457763672,9652,0.0,0.0,0.0
2025-06-09 02:20:00+00:00,13.020000457763672,13.020000457763672,13.020000457763672,13.020000457763672,1328,0.0,0.0,0.0
2025-06-09 02:25:00+00:00,13.010000228881836,13.010000228881836,13.010000228881836,13.010000228881836,5038,0.0,0.0,0.0
2025-06-09 02:30:00+00:00,13.020000457763672,13.020000457763672,13.010000228881836,13.010000228881836,37284,0.0,0.0,0.0
2025-06-09 02:35:00+00:00,13.020000457763672,13.029999732971191,13.020000457763672,13.029999732971191,134186,0.0,0.0,0.0
2025-06-09 02:40:00+00:00,13.039999961853027,13.039999961853027,13.039999961853027,13.039999961853027,10805,0.0,0.0,0.0
2025-06-09 02:45:00+00:00,13.039999961853027,13.039999961853027,13.029999732971191,13.039999961853027,176698,0.0,0.0,0.0
2025-06-09 02:50:00+00:00,13.039999961853027,13.039999961853027,13.039999961853027,13.039999961853027,1047,0.0,0.0,0.0
2025-06-09 02:55:00+00:00,13.029999732971191,13.039999961853027,13.029999732971191,13.039999961853027,23407,0.0,0.0,0.0
2025-06-09 03:00:00+00:00,13.050000190734863,13.050000190734863,13.029999732971191,13.050000190734863,167210,0.0,0.0,0.0
2025-06-09 03:05:00+00:00,13.0600004196167,13.0600004196167,13.050000190734863,13.050000190734863,9750,0.0,0.0,0.0
2025-06-09 03:10:00+00:00,13.050000190734863,13.050000190734863,13.029999732971191,13.050000190734863,60137,0.0,0.0,0.0
2025-06-09 03:15:00+00:00,13.0600004196167,13.0600004196167,13.050000190734863,13.050000190734863,0,0.0,0.0,0.0
2025-06-09 03:20:00+00:00,13.050000190734863,13.050000190734863,13.039999961853027,13.039999961853027,1499590,0.0,0.0,0.0
2025-06-09 03:25:00+00:00,13.029999732971191,13.029999732971191,13.029999732971191,13.029999732971191,10017,0.0,0.0,0.0
2025-06-09 03:30:00+00:00,13.039999961853027,13.039999961853027,13.039999961853027,13.039999961853027,4448,0.0,0.0,0.0
2025-06-09 03:35:00+00:00,13.020000457763672,13.039999961853027,13.020000457763672,13.039999961853027,16484,0.0,0.0,0.0
2025-06-09 03:40:00+00:00,13.039999961853027,13.039999961853027,13.039999961853027,13.039999961853027,1050,0.0,0.0,0.0
2025-06-09 03:45:00+00:00,13.039999961853027,13.039999961853027,13.020000457763672,13.039999961853027,34042,0.0,0.0,0.0
2025-06-09 03:50:00+00:00,13.029999732971191,13.039999961853027,13.029999732971191,13.029999732971191,69549,0.0,0.0,0.0
2025-06-09 03:55:00+00:00,13.029999732971191,13.039999961853027,13.029999732971191,13.039999961853027,26550,0.0,0.0,0.0
2025-06-09 04:00:00+00:00,13.039999961853027,13.050000190734863,13.039999961853027,13.050000190734863,63379,0.0,0.0,0.0
2025-06-09 04:05:00+00:00,13.050000190734863,13.050000190734863,13.050000190734863,13.050000190734863,11540,0.0,0.0,0.0
2025-06-09 04:10:00+00:00,13.050000190734863,13.050000190734863,13.050000190734863,13.050000190734863,1008,0.0,0.0,0.0
2025-06-09 04:15:00+00:00,13.050000190734863,13.050000190734863,13.039999961853027,13.039999961853027,9824,0.0,0.0,0.0
2025-06-09 04:20:00+00:00,13.039999961853027,13.039999961853027,13.039999961853027,13.039999961853027,8372,0.0,0.0,0.0
2025-06-09 04:25:00+00:00,13.039999961853027,13.039999961853027,13.039999961853027,13.039999961853027,2016,0.0,0.0,0.0
2025-06-09 04:30:00+00:00,13.039999961853027,13.039999961853027,13.029999732971191,13.029999732971191,31562,0.0,0.0,0.0
2025-06-09 04:35:00+00:00,13.039999961853027,13.039999961853027,13.039999961853027,13.039999961853027,63301,0.0,0.0,0.0
2025-06-09 04:40:00+00:00,13.039999961853027,13.039999961853027,13.039999961853027,13.039999961853027,10510,0.0,0.0,0.0
2025-06-09 04:45:00+00:00,13.039999961853027,13.050000190734863,13.029999732971191,13.050000190734863,23925,0.0,0.0,0.0
2025-06-09 04:50:00+00:00,13.050000190734863,13.050000190734863,13.039999961853027,13.039999961853027,27213,0.0,0.0,0.0
2025-06-09 04:55:00+00:00,13.029999732971191,13.039999961853027,13.029999732971191,13.029999732971191,12010,0.0,0.0,0.0
2025-06-09 05:00:00+00:00,13.039999961853027,13.039999961853027,13.039999961853027,13.039999961853027,3252,0.0,0.0,0.0
2025-06-09 05:05:00+00:00,13.039999961853027,13.039999961853027,13.039999961853027,13.039999961853027,18275,0.0,0.0,0.0
2025-06-09 05:10:00+00:00,13.029999732971191,13.039999961853027,13.029999732971191,13.039999961853027,4863,0.0,0.0,0.0
2025-06-09 05:15:00+00:00,13.039999961853027,13.039999961853027,13.029999732971191,13.029999732971191,29676,0.0,0.0,0.0
2025-06-09 05:20:00+00:00,13.029999732971191,13.039999961853027,13.029999732971191,13.029999732971191,25368,0.0,0.0,0.0
2025-06-10 01:00:00+00:00,13.109999656677246,13.140000343322754,13.109999656677246,13.130000114440918,0,0.0,0.0,0.0
2025-06-10 01:05:00+00:00,13.130000114440918,13.149999618530273,13.130000114440918,13.140000343322754,260000,0.0,0.0,0.0
2025-06-10 01:10:00+00:00,13.140000343322754,13.149999618530273,13.140000343322754,13.149999618530273,115485,0.0,0.0,0.0
2025-06-10 01:15:00+00:00,13.140000343322754,13.149999618530273,13.140000343322754,13.149999618530273,58203,0.0,0.0,0.0
2025-06-10 01:20:00+00:00,13.149999618530273,13.15999984741211,13.140000343322754,13.15999984741211,216655,0.0,0.0,0.0
2025-06-10 01:25:00+00:00,13.15999984741211,13.180000305175781,13.15999984741211,13.180000305175781,236972,0.0,0.0,0.0
2025-06-10 01:30:00+00:00,13.1899995803833,13.210000038146973,13.1899995803833,13.210000038146973,166456,0.0,0.0,0.0
2025-06-10 01:35:00+00:00,13.210000038146973,13.220000267028809,13.199999809265137,13.210000038146973,122750,0.0,0.0,0.0
2025-06-10 01:40:00+00:00,13.210000038146973,13.229999542236328,13.210000038146973,13.220000267028809,175887,0.0,0.0,0.0
2025-06-10 01:45:00+00:00,13.229999542236328,13.239999771118164,13.229999542236328,13.239999771118164,193309,0.0,0.0,0.0
2025-06-10 01:50:00+00:00,13.239999771118164,13.25,13.239999771118164,13.239999771118164,181334,0.0,0.0,0.0
2025-06-10 01:55:00+00:00,13.239999771118164,13.260000228881836,13.239999771118164,13.239999771118164,322899,0.0,0.0,0.0
2025-06-10 02:00:00+00:00,13.260000228881836,13.260000228881836,13.239999771118164,13.239999771118164,40667,0.0,0.0,0.0
2025-06-10 02:05:00+00:00,13.239999771118164,13.239999771118164,13.220000267028809,13.229999542236328,217103,0.0,0.0,0.0
2025-06-10 02:10:00+00:00,13.229999542236328,13.239999771118164,13.229999542236328,13.229999542236328,143310,0.0,0.0,0.0
2025-06-10 02:15:00+00:00,13.229999542236328,13.25,13.229999542236328,13.25,135655,0.0,0.0,0.0
2025-06-10 02:20:00+00:00,13.25,13.260000228881836,13.239999771118164,13.25,319025,0.0,0.0,0.0
2025-06-10 02:25:00+00:00,13.25,13.260000228881836,13.25,13.260000228881836,117563,0.0,0.0,0.0
2025-06-10 02:30:00+00:00,13.260000228881836,13.260000228881836,13.25,13.260000228881836,52087,0.0,0.0,0.0
2025-06-10 02:35:00+00:00,13.260000228881836,13.260000228881836,13.25,13.260000228881836,104385,0.0,0.0,0.0
2025-06-10 02:40:00+00:00,13.260000228881836,13.279999732971191,13.25,13.270000457763672,176386,0.0,0.0,0.0
2025-06-10 02:45:00+00:00,13.270000457763672,13.279999732971191,13.270000457763672,13.270000457763672,95526,0.0,0.0,0.0
2025-06-10 02:50:00+00:00,13.270000457763672,13.289999961853027,13.270000457763672,13.279999732971191,114200,0.0,0.0,0.0
2025-06-10 02:55:00+00:00,13.279999732971191,13.279999732971191,13.279999732971191,13.279999732971191,7119,0.0,0.0,0.0
2025-06-10 03:00:00+00:00,13.279999732971191,13.279999732971191,13.279999732971191,13.279999732971191,116373,0.0,0.0,0.0
2025-06-10 03:05:00+00:00,13.279999732971191,13.289999961853027,13.279999732971191,13.279999732971191,21651,0.0,0.0,0.0
2025-06-10 03:10:00+00:00,13.279999732971191,13.300000190734863,13.279999732971191,13.289999961853027,150662,0.0,0.0,0.0
2025-06-10 03:15:00+00:00,13.279999732971191,13.279999732971191,13.279999732971191,13.279999732971191,6219,0.0,0.0,0.0
2025-06-10 03:20:00+00:00,13.300000190734863,13.300000190734863,13.300000190734863,13.300000190734863,58123,0.0,0.0,0.0
2025-06-10 03:25:00+00:00,13.300000190734863,13.300000190734863,13.289999961853027,13.300000190734863,14250,0.0,0.0,0.0
2025-06-10 03:30:00+00:00,13.300000190734863,13.300000190734863,13.289999961853027,13.300000190734863,16827,0.0,0.0,0.0
2025-06-10 03:35:00+00:00,13.289999961853027,13.300000190734863,13.279999732971191,13.300000190734863,86606,0.0,0.0,0.0
2025-06-10 03:40:00+00:00,13.300000190734863,13.300000190734863,13.289999961853027,13.300000190734863,19804,0.0,0.0,0.0
2025-06-10 03:45:00+00:00,13.300000190734863,13.300000190734863,13.289999961853027,13.300000190734863,428060,0.0,0.0,0.0
2025-06-10 03:50:00+00:00,13.300000190734863,13.3100004196167,13.289999961853027,13.300000190734863,13979,0.0,0.0,0.0
2025-06-10 03:55:00+00:00,13.289999961853027,13.300000190734863,13.289999961853027,13.300000190734863,66057,0.0,0.0,0.0
2025-06-10 04:00:00+00:00,13.300000190734863,13.3100004196167,13.300000190734863,13.300000190734863,1009548,0.0,0.0,0.0
2025-06-10 04:05:00+00:00,13.300000190734863,13.3100004196167,13.300000190734863,13.300000190734863,23368,0.0,0.0,0.0
2025-06-10 04:10:00+00:00,13.3100004196167,13.3100004196167,13.300000190734863,13.300000190734863,52378,0.0,0.0,0.0
2025-06-10 04:15:00+00:00,13.300000190734863,13.3100004196167,13.300000190734863,13.3100004196167,54057,0.0,0.0,0.0
2025-06-10 04:20:00+00:00,13.3100004196167,13.3100004196167,13.300000190734863,13.300000190734863,57238,0.0,0.0,0.0
2025-06-10 04:25:00+00:00,13.300000190734863,13.300000190734863,13.300000190734863,13.300000190734863,49312,0.0,0.0,0.0
2025-06-10 04:30:00+00:00,13.3100004196167,13.3100004196167,13.300000190734863,13.300000190734863,11720,0.0,0.0,0.0
2025-06-10 04:35:00+00:00,13.289999961853027,13.300000190734863,13.289999961853027,13.300000190734863,81011,0.0,0.0,0.0
2025-06-10 04:40:00+00:00,13.300000190734863,13.3100004196167,13.300000190734863,13.300000190734863,115845,0.0,0.0,0.0
2025-06-10 04:45:00+00:00,13.300000190734863,13.3100004196167,13.300000190734863,13.3100004196167,20020,0.0,0.0,0.0
2025-06-10 04:50:00+00:00,13.300000190734863,13.3100004196167,13.300000190734863,13.300000190734863,50705,0.0,0.0,0.0
2025-06-10 04:55:00+00:00,13.3100004196167,13.319999694824219,13.3100004196167,13.319999694824219,433120,0.0,0.0,0.0
2025-06-10 05:00:00+00:00,13.319999694824219,13.319999694824219,13.319999694824219,13.319999694824219,94270,0.0,0.0,0.0
2025-06-10 05:05:00+00:00,13.319999694824219,13.319999694824219,13.3100004196167,13.3100004196167,105239,0.0,0.0,0.0
2025-06-10 05:10:00+00:00,13.3100004196167,13.3100004196167,13.3100004196167,13.3100004196167,36655,0.0,0.0,0.0
2025-06-10 05:15:00+00:00,13.319999694824219,13.319999694824219,13.3100004196167,13.3100004196167,119263,0.0,0.0,0.0
2025-06-10 05:20:00+00:00,13.3100004196167,13.3100004196167,13.3100004196167,13.3100004196167,132732,0.0,0.0,0.0
2025-06-11 01:00:00+00:00,13.399999618530273,13.40999984741211,13.399999618530273,13.40999984741211,0,0.0,0.0,0.0
2025-06-11 01:05:00+00:00,13.399999618530273,13.40999984741211,13.390000343322754,13.390000343322754,169021,0.0,0.0,0.0
2025-06-11 01:10:00+00:00,13.390000343322754,13.390000343322754,13.380000114440918,13.380000114440918,50658,0.0,0.0,0.0
2025-06-11 01:15:00+00:00,13.380000114440918,13.399999618530273,13.380000114440918,13.399999618530273,218720,0.0,0.0,0.0
2025-06-11 01:20:00+00:00,13.399999618530273,13.399999618530273,13.399999618530273,13.399999618530273,46539,0.0,0.0,0.0
2025-06-11 01:25:00+00:00,13.399999618530273,13.40999984741211,13.399999618530273,13.399999618530273,74630,0.0,0.0,0.0
2025-06-11 01:30:00+00:00,13.399999618530273,13.40999984741211,13.399999618530273,13.399999618530273,102487,0.0,0.0,0.0
2025-06-11 01:35:00+00:00,13.399999618530273,13.399999618530273,13.399999618530273,13.399999618530273,141028,0.0,0.0,0.0
2025-06-11 01:40:00+00:00,13.399999618530273,13.399999618530273,13.390000343322754,13.399999618530273,406138,0.0,0.0,0.0
2025-06-11 01:45:00+00:00,13.399999618530273,13.40999984741211,13.399999618530273,13.40999984741211,409025,0.0,0.0,0.0
2025-06-11 01:50:00+00:00,13.40999984741211,13.40999984741211,13.399999618530273,13.399999618530273,65133,0.0,0.0,0.0
2025-06-11 01:55:00+00:00,13.40999984741211,13.40999984741211,13.399999618530273,13.40999984741211,115704,0.0,0.0,0.0
2025-06-11 02:00:00+00:00,13.40999984741211,13.40999984741211,13.399999618530273,13.399999618530273,56455,0.0,0.0,0.0
2025-06-11 02:05:00+00:00,13.399999618530273,13.399999618530273,13.380000114440918,13.380000114440918,90318,0.0,0.0,0.0
2025-06-11 02:10:00+00:00,13.380000114440918,13.399999618530273,13.380000114440918,13.399999618530273,21629,0.0,0.0,0.0
2025-06-11 02:15:00+00:00,13.399999618530273,13.399999618530273,13.380000114440918,13.380000114440918,45338,0.0,0.0,0.0
2025-06-11 02:20:00+00:00,13.380000114440918,13.380000114440918,13.369999885559082,13.380000114440918,85032,0.0,0.0,0.0
2025-06-11 02:25:00+00:00,13.369999885559082,13.380000114440918,13.369999885559082,13.380000114440918,39266,0.0,0.0,0.0
2025-06-11 02:30:00+00:00,13.369999885559082,13.380000114440918,13.369999885559082,13.380000114440918,46953,0.0,0.0,0.0
2025-06-11 02:35:00+00:00,13.380000114440918,13.380000114440918,13.369999885559082,13.369999885559082,60210,0.0,0.0,0.0
2025-06-11 02:40:00+00:00,13.380000114440918,13.380000114440918,13.380000114440918,13.380000114440918,46297,0.0,0.0,0.0
2025-06-11 02:45:00+00:00,13.390000343322754,13.390000343322754,13.380000114440918,13.380000114440918,8965,0.0,0.0,0.0
2025-06-11 02:50:00+00:00,13.380000114440918,13.390000343322754,13.380000114440918,13.390000343322754,13034,0.0,0.0,0.0
2025-06-11 02:55:00+00:00,13.390000343322754,13.390000343322754,13.380000114440918,13.380000114440918,52020,0.0,0.0,0.0
2025-06-11 03:00:00+00:00,13.390000343322754,13.390000343322754,13.390000343322754,13.390000343322754,12024,0.0,0.0,0.0
2025-06-11 03:05:00+00:00,13.390000343322754,13.399999618530273,13.390000343322754,13.399999618530273,273234,0.0,0.0,0.0
2025-06-11 03:10:00+00:00,13.399999618530273,13.399999618530273,13.399999618530273,13.399999618530273,7253,0.0,0.0,0.0
2025-06-11 03:15:00+00:00,13.399999618530273,13.399999618530273,13.390000343322754,13.399999618530273,79857,0.0,0.0,0.0
2025-06-11 03:20:00+00:00,13.399999618530273,13.420000076293945,13.399999618530273,13.420000076293945,100538,0.0,0.0,0.0
2025-06-11 03:25:00+00:00,13.420000076293945,13.430000305175781,13.420000076293945,13.420000076293945,537480,0.0,0.0,0.0
2025-06-11 03:30:00+00:00,13.420000076293945,13.430000305175781,13.420000076293945,13.420000076293945,664660,0.0,0.0,0.0
2025-06-11 03:35:00+00:00,13.420000076293945,13.430000305175781,13.420000076293945,13.420000076293945,15019,0.0,0.0,0.0
2025-06-11 03:40:00+00:00,13.420000076293945,13.430000305175781,13.420000076293945,13.430000305175781,35543,0.0,0.0,0.0
2025-06-11 03:45:00+00:00,13.430000305175781,13.430000305175781,13.420000076293945,13.430000305175781,16102,0.0,0.0,0.0
2025-06-11 03:50:00+00:00,13.430000305175781,13.430000305175781,13.420000076293945,13.420000076293945,15094,0.0,0.0,0.0
2025-06-11 03:55:00+00:00,13.430000305175781,13.430000305175781,13.420000076293945,13.420000076293945,54862,0.0,0.0,0.0
2025-06-11 04:00:00+00:00,13.430000305175781,13.430000305175781,13.40999984741211,13.40999984741211,22351,0.0,0.0,0.0
2025-06-11 04:05:00+00:00,13.420000076293945,13.420000076293945,13.420000076293945,13.420000076293945,11319,0.0,0.0,0.0
2025-06-11 04:10:00+00:00,13.420000076293945,13.430000305175781,13.420000076293945,13.420000076293945,31010,0.0,0.0,0.0
2025-06-11 04:15:00+00:00,13.420000076293945,13.430000305175781,13.420000076293945,13.420000076293945,34635,0.0,0.0,0.0
2025-06-11 04:20:00+00:00,13.420000076293945,13.420000076293945,13.420000076293945,13.420000076293945,20097,0.0,0.0,0.0
2025-06-11 04:25:00+00:00,13.420000076293945,13.430000305175781,13.420000076293945,13.430000305175781,52849,0.0,0.0,0.0
2025-06-11 04:30:00+00:00,13.430000305175781,13.430000305175781,13.420000076293945,13.420000076293945,45903,0.0,0.0,0.0
2025-06-11 04:35:00+00:00,13.430000305175781,13.430000305175781,13.420000076293945,13.420000076293945,37685,0.0,0.0,0.0
2025-06-11 04:40:00+00:00,13.430000305175781,13.430000305175781,13.420000076293945,13.430000305175781,285585,0.0,0.0,0.0
2025-06-12 01:00:00+00:00,13.40999984741211,13.40999984741211,13.359999656677246,13.359999656677246,134000,0.0,0.0,0.0
2025-06-12 01:05:00+00:00,13.369999885559082,13.369999885559082,13.350000381469727,13.369999885559082,143654,0.0,0.0,0.0
2025-06-12 01:10:00+00:00,13.369999885559082,13.369999885559082,13.359999656677246,13.369999885559082,288420,0.0,0.0,0.0
2025-06-12 01:15:00+00:00,13.369999885559082,13.380000114440918,13.359999656677246,13.380000114440918,55446,0.0,0.0,0.0
2025-06-12 01:20:00+00:00,13.380000114440918,13.390000343322754,13.380000114440918,13.380000114440918,47325,0.0,0.0,0.0
2025-06-12 01:25:00+00:00,13.380000114440918,13.390000343322754,13.380000114440918,13.380000114440918,36356,0.0,0.0,0.0
2025-06-12 01:30:00+00:00,13.399999618530273,13.40999984741211,13.390000343322754,13.40999984741211,149334,0.0,0.0,0.0
2025-06-12 01:35:00+00:00,13.40999984741211,13.420000076293945,13.40999984741211,13.420000076293945,39572,0.0,0.0,0.0
2025-06-12 01:40:00+00:00,13.420000076293945,13.420000076293945,13.40999984741211,13.40999984741211,60142,0.0,0.0,0.0
2025-06-12 01:45:00+00:00,13.40999984741211,13.40999984741211,13.399999618530273,13.40999984741211,136023,0.0,0.0,0.0
2025-06-12 01:50:00+00:00,13.40999984741211,13.420000076293945,13.40999984741211,13.420000076293945,18131,0.0,0.0,0.0
2025-06-12 01:55:00+00:00,13.40999984741211,13.40999984741211,13.40999984741211,13.40999984741211,5539,0.0,0.0,0.0
2025-06-12 02:00:00+00:00,13.40999984741211,13.40999984741211,13.380000114440918,13.380000114440918,97120,0.0,0.0,0.0
2025-06-12 02:05:00+00:00,13.380000114440918,13.380000114440918,13.369999885559082,13.380000114440918,61056,0.0,0.0,0.0
2025-06-12 02:10:00+00:00,13.369999885559082,13.380000114440918,13.369999885559082,13.369999885559082,32141,0.0,0.0,0.0
2025-06-12 02:15:00+00:00,13.369999885559082,13.380000114440918,13.369999885559082,13.369999885559082,35820,0.0,0.0,0.0
2025-06-12 02:20:00+00:00,13.369999885559082,13.369999885559082,13.369999885559082,13.369999885559082,13042,0.0,0.0,0.0
2025-06-12 02:25:00+00:00,13.369999885559082,13.369999885559082,13.359999656677246,13.359999656677246,75789,0.0,0.0,0.0
2025-06-12 02:30:00+00:00,13.369999885559082,13.369999885559082,13.359999656677246,13.359999656677246,8068,0.0,0.0,0.0
2025-06-12 02:35:00+00:00,13.359999656677246,13.369999885559082,13.359999656677246,13.359999656677246,10230,0.0,0.0,0.0
2025-06-12 02:40:00+00:00,13.359999656677246,13.359999656677246,13.359999656677246,13.359999656677246,32341,0.0,0.0,0.0
2025-06-12 02:45:00+00:00,13.369999885559082,13.369999885559082,13.359999656677246,13.359999656677246,33633,0.0,0.0,0.0
2025-06-12 02:50:00+00:00,13.359999656677246,13.369999885559082,13.359999656677246,13.369999885559082,32512,0.0,0.0,0.0
2025-06-12 02:55:00+00:00,13.369999885559082,13.369999885559082,13.359999656677246,13.359999656677246,39623,0.0,0.0,0.0
2025-06-12 03:00:00+00:00,13.359999656677246,13.380000114440918,13.359999656677246,13.369999885559082,79766,0.0,0.0,0.0
2025-06-12 03:05:00+00:00,13.369999885559082,13.380000114440918,13.369999885559082,13.380000114440918,8419,0.0,0.0,0.0
2025-06-12 03:10:00+00:00,13.380000114440918,13.380000114440918,13.380000114440918,13.380000114440918,1344,0.0,0.0,0.0
2025-06-12 03:15:00+00:00,13.380000114440918,13.380000114440918,13.380000114440918,13.380000114440918,4432,0.0,0.0,0.0
2025-06-12 03:20:00+00:00,13.380000114440918,13.380000114440918,13.369999885559082,13.369999885559082,11108,0.0,0.0,0.0
2025-06-12 03:25:00+00:00,13.380000114440918,13.380000114440918,13.369999885559082,13.380000114440918,8824,0.0,0.0,0.0
2025-06-12 03:30:00+00:00,13.380000114440918,13.380000114440918,13.369999885559082,13.369999885559082,11010,0.0,0.0,0.0
2025-06-12 03:35:00+00:00,13.380000114440918,13.380000114440918,13.380000114440918,13.380000114440918,8199,0.0,0.0,0.0
2025-06-12 03:40:00+00:00,13.380000114440918,13.380000114440918,13.369999885559082,13.369999885559082,45837,0.0,0.0,0.0
2025-06-12 03:45:00+00:00,13.369999885559082,13.369999885559082,13.369999885559082,13.369999885559082,55110,0.0,0.0,0.0
2025-06-12 03:50:00+00:00,13.369999885559082,13.380000114440918,13.369999885559082,13.380000114440918,96908,0.0,0.0,0.0
2025-06-12 03:55:00+00:00,13.369999885559082,13.380000114440918,13.369999885559082,13.380000114440918,49016,0.0,0.0,0.0
2025-06-12 04:00:00+00:00,13.380000114440918,13.380000114440918,13.369999885559082,13.380000114440918,68032,0.0,0.0,0.0
2025-06-12 04:05:00+00:00,13.369999885559082,13.369999885559082,13.359999656677246,13.359999656677246,42130,0.0,0.0,0.0
2025-06-12 04:10:00+00:00,13.359999656677246,13.380000114440918,13.359999656677246,13.359999656677246,29627,0.0,0.0,0.0
2025-06-12 04:15:00+00:00,13.359999656677246,13.380000114440918,13.359999656677246,13.380000114440918,9341,0.0,0.0,0.0
2025-06-12 04:20:00+00:00,13.380000114440918,13.380000114440918,13.380000114440918,13.380000114440918,16564,0.0,0.0,0.0
2025-06-12 04:25:00+00:00,13.369999885559082,13.380000114440918,13.369999885559082,13.380000114440918,10011,0.0,0.0,0.0
2025-06-12 04:30:00+00:00,13.380000114440918,13.380000114440918,13.369999885559082,13.369999885559082,21154,0.0,0.0,0.0
2025-06-12 04:35:00+00:00,13.369999885559082,13.380000114440918,13.359999656677246,13.380000114440918,32048,0.0,0.0,0.0
2025-06-12 04:40:00+00:00,13.380000114440918,13.380000114440918,13.359999656677246,13.359999656677246,54328,0.0,0.0,0.0
2025-06-12 04:45:00+00:00,13.380000114440918,13.380000114440918,13.369999885559082,13.380000114440918,16095,0.0,0.0,0.0
2025-06-12 04:50:00+00:00,13.380000114440918,13.380000114440918,13.369999885559082,13.369999885559082,79391,0.0,0.0,0.0
2025-06-12 04:55:00+00:00,13.369999885559082,13.380000114440918,13.369999885559082,13.380000114440918,24160,0.0,0.0,0.0
2025-06-12 05:00:00+00:00,13.369999885559082,13.380000114440918,13.369999885559082,13.369999885559082,23570,0.0,0.0,0.0
2025-06-12 05:05:00+00:00,13.380000114440918,13.380000114440918,13.380000114440918,13.380000114440918,1110,0.0,0.0,0.0
2025-06-12 05:10:00+00:00,13.369999885559082,13.380000114440918,13.369999885559082,13.380000114440918,22192,0.0,0.0,0.0
2025-06-12 05:15:00+00:00,13.380000114440918,13.380000114440918,13.369999885559082,13.369999885559082,85196,0.0,0.0,0.0
2025-06-12 05:20:00+00:00,13.369999885559082,13.380000114440918,13.369999885559082,13.369999885559082,95305,0.0,0.0,0.0
2025-06-13 01:00:00+00:00,13.289999961853027,13.289999961853027,13.270000457763672,13.289999961853027,0,0.0,0.0,0.0
2025-06-13 01:05:00+00:00,13.279999732971191,13.279999732971191,13.229999542236328,13.25,233179,0.0,0.0,0.0
2025-06-13 01:10:00+00:00,13.260000228881836,13.270000457763672,13.239999771118164,13.270000457763672,129599,0.0,0.0,0.0
2025-06-13 01:15:00+00:00,13.239999771118164,13.239999771118164,13.210000038146973,13.210000038146973,104160,0.0,0.0,0.0
2025-06-13 01:20:00+00:00,13.210000038146973,13.25,13.210000038146973,13.239999771118164,95512,0.0,0.0,0.0
2025-06-13 01:25:00+00:00,13.239999771118164,13.260000228881836,13.229999542236328,13.260000228881836,119233,0.0,0.0,0.0
2025-06-13 01:30:00+00:00,13.260000228881836,13.270000457763672,13.260000228881836,13.270000457763672,10292,0.0,0.0,0.0
2025-06-13 01:35:00+00:00,13.270000457763672,13.3100004196167,13.270000457763672,13.3100004196167,104774,0.0,0.0,0.0
2025-06-13 01:40:00+00:00,13.3100004196167,13.3100004196167,13.300000190734863,13.300000190734863,166924,0.0,0.0,0.0
2025-06-13 01:45:00+00:00,13.289999961853027,13.300000190734863,13.289999961853027,13.300000190734863,111627,0.0,0.0,0.0
2025-06-13 01:50:00+00:00,13.300000190734863,13.319999694824219,13.300000190734863,13.3100004196167,21892,0.0,0.0,0.0
2025-06-13 01:55:00+00:00,13.319999694824219,13.34000015258789,13.319999694824219,13.34000015258789,194552,0.0,0.0,0.0
2025-06-13 02:00:00+00:00,13.34000015258789,13.34000015258789,13.319999694824219,13.329999923706055,38507,0.0,0.0,0.0
2025-06-13 02:05:00+00:00,13.329999923706055,13.329999923706055,13.319999694824219,13.319999694824219,11075,0.0,0.0,0.0
2025-06-13 02:10:00+00:00,13.319999694824219,13.329999923706055,13.319999694824219,13.329999923706055,14549,0.0,0.0,0.0
2025-06-13 02:15:00+00:00,13.329999923706055,13.329999923706055,13.319999694824219,13.329999923706055,25148,0.0,0.0,0.0
2025-06-13 02:20:00+00:00,13.329999923706055,13.329999923706055,13.319999694824219,13.319999694824219,67771,0.0,0.0,0.0
2025-06-13 02:25:00+00:00,13.3100004196167,13.319999694824219,13.3100004196167,13.319999694824219,124257,0.0,0.0,0.0
2025-06-13 02:30:00+00:00,13.319999694824219,13.319999694824219,13.300000190734863,13.300000190734863,243622,0.0,0.0,0.0
2025-06-13 02:35:00+00:00,13.300000190734863,13.300000190734863,13.279999732971191,13.279999732971191,85359,0.0,0.0,0.0
2025-06-13 02:40:00+00:00,13.289999961853027,13.289999961853027,13.25,13.25,473860,0.0,0.0,0.0
2025-06-13 02:45:00+00:00,13.260000228881836,13.270000457763672,13.25,13.270000457763672,131047,0.0,0.0,0.0
2025-06-13 02:50:00+00:00,13.270000457763672,13.270000457763672,13.260000228881836,13.260000228881836,20335,0.0,0.0,0.0
2025-06-13 02:55:00+00:00,13.270000457763672,13.279999732971191,13.270000457763672,13.279999732971191,32333,0.0,0.0,0.0
2025-06-13 03:00:00+00:00,13.279999732971191,13.279999732971191,13.270000457763672,13.279999732971191,17707,0.0,0.0,0.0
2025-06-13 03:05:00+00:00,13.279999732971191,13.279999732971191,13.270000457763672,13.270000457763672,27651,0.0,0.0,0.0
2025-06-13 03:10:00+00:00,13.279999732971191,13.279999732971191,13.279999732971191,13.279999732971191,1043,0.0,0.0,0.0
2025-06-13 03:15:00+00:00,13.279999732971191,13.279999732971191,13.279999732971191,13.279999732971191,66159,0.0,0.0,0.0
2025-06-13 03:20:00+00:00,13.279999732971191,13.300000190734863,13.279999732971191,13.300000190734863,37053,0.0,0.0,0.0
2025-06-13 03:25:00+00:00,13.300000190734863,13.300000190734863,13.289999961853027,13.289999961853027,6149,0.0,0.0,0.0
2025-06-13 03:30:00+00:00,13.289999961853027,13.289999961853027,13.289999961853027,13.289999961853027,11102,0.0,0.0,0.0
2025-06-13 03:35:00+00:00,13.289999961853027,13.289999961853027,13.279999732971191,13.279999732971191,29445,0.0,0.0,0.0
2025-06-13 03:40:00+00:00,13.279999732971191,13.289999961853027,13.279999732971191,13.289999961853027,20234,0.0,0.0,0.0
2025-06-13 03:45:00+00:00,13.289999961853027,13.289999961853027,13.289999961853027,13.289999961853027,8049,0.0,0.0,0.0
2025-06-13 03:50:00+00:00,13.289999961853027,13.289999961853027,13.279999732971191,13.289999961853027,102524,0.0,0.0,0.0
2025-06-13 03:55:00+00:00,13.289999961853027,13.300000190734863,13.289999961853027,13.300000190734863,54764,0.0,0.0,0.0
2025-06-13 04:00:00+00:00,13.300000190734863,13.300000190734863,13.300000190734863,13.300000190734863,1070,0.0,0.0,0.0
2025-06-13 04:05:00+00:00,13.300000190734863,13.300000190734863,13.300000190734863,13.300000190734863,1158,0.0,0.0,0.0
2025-06-13 04:10:00+00:00,13.289999961853027,13.289999961853027,13.289999961853027,13.289999961853027,28051,0.0,0.0,0.0
2025-06-13 04:15:00+00:00,13.289999961853027,13.289999961853027,13.279999732971191,13.289999961853027,24085,0.0,0.0,0.0
2025-06-13 04:20:00+00:00,13.289999961853027,13.289999961853027,13.289999961853027,13.289999961853027,14187,0.0,0.0,0.0
2025-06-13 04:25:00+00:00,13.279999732971191,13.279999732971191,13.279999732971191,13.279999732971191,14034,0.0,0.0,0.0
2025-06-13 04:30:00+00:00,13.289999961853027,13.289999961853027,13.279999732971191,13.279999732971191,32032,0.0,0.0,0.0
2025-06-13 04:35:00+00:00,13.279999732971191,13.279999732971191,13.279999732971191,13.279999732971191,26122,0.0,0.0,0.0
2025-06-13 04:40:00+00:00,13.279999732971191,13.279999732971191,13.279999732971191,13.279999732971191,9010,0.0,0.0,0.0
2025-06-13 04:45:00+00:00,13.270000457763672,13.289999961853027,13.270000457763672,13.270000457763672,15478,0.0,0.0,0.0
2025-06-13 04:50:00+00:00,13.289999961853027,13.289999961853027,13.279999732971191,13.279999732971191,10246,0.0,0.0,0.0
2025-06-13 04:55:00+00:00,13.279999732971191,13.279999732971191,13.279999732971191,13.279999732971191,12294,0.0,0.0,0.0
2025-06-13 05:00:00+00:00,13.289999961853027,13.289999961853027,13.279999732971191,13.279999732971191,31380,0.0,0.0,0.0
2025-06-13 05:05:00+00:00,13.279999732971191,13.279999732971191,13.270000457763672,13.270000457763672,67424,0.0,0.0,0.0
2025-06-13 05:10:00+00:00,13.270000457763672,13.270000457763672,13.270000457763672,13.270000457763672,78761,0.0,0.0,0.0
2025-06-13 05:15:00+00:00,13.279999732971191,13.279999732971191,13.270000457763672,13.270000457763672,24044,0.0,0.0,0.0
2025-06-13 05:20:00+00:00,13.270000457763672,13.270000457763672,13.260000228881836,13.260000228881836,129872,0.0,0.0,0.0
2025-06-16 01:00:00+00:00,13.199999809265137,13.210000038146973,13.180000305175781,13.199999809265137,0,0.0,0.0,0.0
2025-06-16 01:05:00+00:00,13.199999809265137,13.220000267028809,13.1899995803833,13.220000267028809,401070,0.0,0.0,0.0
2025-06-16 01:10:00+00:00,13.220000267028809,13.25,13.220000267028809,13.229999542236328,78238,0.0,0.0,0.0
2025-06-16 01:15:00+00:00,13.25,13.25,13.220000267028809,13.220000267028809,147398,0.0,0.0,0.0
2025-06-16 01:20:00+00:00,13.220000267028809,13.229999542236328,13.210000038146973,13.210000038146973,45972,0.0,0.0,0.0
2025-06-16 01:25:00+00:00,13.229999542236328,13.229999542236328,13.220000267028809,13.220000267028809,3420,0.0,0.0,0.0
2025-06-16 01:30:00+00:00,13.220000267028809,13.220000267028809,13.210000038146973,13.210000038146973,17941,0.0,0.0,0.0
2025-06-16 01:35:00+00:00,13.220000267028809,13.220000267028809,13.220000267028809,13.220000267028809,11831,0.0,0.0,0.0
2025-06-16 01:40:00+00:00,13.220000267028809,13.229999542236328,13.220000267028809,13.229999542236328,65292,0.0,0.0,0.0
2025-06-16 01:45:00+00:00,13.239999771118164,13.239999771118164,13.220000267028809,13.220000267028809,133229,0.0,0.0,0.0
2025-06-16 01:50:00+00:00,13.220000267028809,13.220000267028809,13.210000038146973,13.220000267028809,62273,0.0,0.0,0.0
2025-06-16 01:55:00+00:00,13.220000267028809,13.239999771118164,13.220000267028809,13.239999771118164,12227,0.0,0.0,0.0
2025-06-16 02:00:00+00:00,13.239999771118164,13.239999771118164,13.210000038146973,13.229999542236328,18862,0.0,0.0,0.0
2025-06-16 02:05:00+00:00,13.229999542236328,13.229999542236328,13.229999542236328,13.229999542236328,3022,0.0,0.0,0.0
2025-06-16 02:10:00+00:00,13.229999542236328,13.239999771118164,13.220000267028809,13.239999771118164,16910,0.0,0.0,0.0
2025-06-16 02:15:00+00:00,13.239999771118164,13.239999771118164,13.220000267028809,13.239999771118164,28118,0.0,0.0,0.0
2025-06-16 02:20:00+00:00,13.239999771118164,13.239999771118164,13.229999542236328,13.229999542236328,9276,0.0,0.0,0.0
2025-06-16 02:25:00+00:00,13.229999542236328,13.229999542236328,13.199999809265137,13.210000038146973,485356,0.0,0.0,0.0
2025-06-16 02:30:00+00:00,13.210000038146973,13.220000267028809,13.210000038146973,13.210000038146973,10838,0.0,0.0,0.0
2025-06-16 02:35:00+00:00,13.210000038146973,13.210000038146973,13.210000038146973,13.210000038146973,21012,0.0,0.0,0.0
2025-06-16 02:40:00+00:00,13.210000038146973,13.210000038146973,13.199999809265137,13.199999809265137,25838,0.0,0.0,0.0
2025-06-16 02:45:00+00:00,13.199999809265137,13.210000038146973,13.1899995803833,13.199999809265137,16229,0.0,0.0,0.0
2025-06-16 02:50:00+00:00,13.199999809265137,13.210000038146973,13.199999809265137,13.210000038146973,24012,0.0,0.0,0.0
2025-06-16 02:55:00+00:00,13.210000038146973,13.210000038146973,13.210000038146973,13.210000038146973,11217,0.0,0.0,0.0
2025-06-16 03:00:00+00:00,13.210000038146973,13.220000267028809,13.199999809265137,13.220000267028809,8294,0.0,0.0,0.0
2025-06-16 03:05:00+00:00,13.220000267028809,13.220000267028809,13.220000267028809,13.220000267028809,14400,0.0,0.0,0.0
2025-06-16 03:10:00+00:00,13.220000267028809,13.220000267028809,13.210000038146973,13.220000267028809,8066,0.0,0.0,0.0
2025-06-16 03:15:00+00:00,13.239999771118164,13.239999771118164,13.239999771118164,13.239999771118164,3042,0.0,0.0,0.0
2025-06-16 03:20:00+00:00,13.229999542236328,13.229999542236328,13.210000038146973,13.229999542236328,5027,0.0,0.0,0.0
2025-06-16 03:25:00+00:00,13.229999542236328,13.229999542236328,13.220000267028809,13.220000267028809,8017,0.0,0.0,0.0
2025-06-16 03:30:00+00:00,13.220000267028809,13.220000267028809,13.220000267028809,13.220000267028809,5379,0.0,0.0,0.0
2025-06-16 03:35:00+00:00,13.220000267028809,13.229999542236328,13.220000267028809,13.229999542236328,34491,0.0,0.0,0.0
2025-06-16 03:40:00+00:00,13.229999542236328,13.229999542236328,13.220000267028809,13.220000267028809,35235,0.0,0.0,0.0
2025-06-16 03:45:00+00:00,13.239999771118164,13.239999771118164,13.220000267028809,13.229999542236328,10181,0.0,0.0,0.0
2025-06-16 03:50:00+00:00,13.229999542236328,13.25,13.210000038146973,13.25,101700,0.0,0.0,0.0
2025-06-16 03:55:00+00:00,13.25,13.25,13.25,13.25,30495,0.0,0.0,0.0
2025-06-16 04:00:00+00:00,13.25,13.25,13.239999771118164,13.25,62564,0.0,0.0,0.0
2025-06-16 04:05:00+00:00,13.25,13.25,13.239999771118164,13.25,10196,0.0,0.0,0.0
2025-06-16 04:10:00+00:00,13.25,13.25,13.25,13.25,4117,0.0,0.0,0.0
2025-06-16 04:15:00+00:00,13.25,13.25,13.239999771118164,13.25,15362,0.0,0.0,0.0
2025-06-16 04:20:00+00:00,13.25,13.25,13.229999542236328,13.229999542236328,21097,0.0,0.0,0.0
2025-06-16 04:25:00+00:00,13.239999771118164,13.239999771118164,13.229999542236328,13.229999542236328,6300,0.0,0.0,0.0
2025-06-16 04:30:00+00:00,13.239999771118164,13.239999771118164,13.239999771118164,13.239999771118164,4553,0.0,0.0,0.0
2025-06-16 04:35:00+00:00,13.239999771118164,13.239999771118164,13.239999771118164,13.239999771118164,7181,0.0,0.0,0.0
2025-06-16 04:40:00+00:00,13.229999542236328,13.229999542236328,13.229999542236328,13.229999542236328,3050,0.0,0.0,0.0
2025-06-16 04:45:00+00:00,13.229999542236328,13.239999771118164,13.229999542236328,13.229999542236328,20720,0.0,0.0,0.0
2025-06-16 04:50:00+00:00,13.229999542236328,13.239999771118164,13.229999542236328,13.239999771118164,26240,0.0,0.0,0.0
2025-06-16 04:55:00+00:00,13.239999771118164,13.239999771118164,13.239999771118164,13.239999771118164,8300,0.0,0.0,0.0
2025-06-16 05:00:00+00:00,13.239999771118164,13.239999771118164,13.239999771118164,13.239999771118164,43551,0.0,0.0,0.0
2025-06-16 05:05:00+00:00,13.25,13.270000457763672,13.25,13.270000457763672,153911,0.0,0.0,0.0
2025-06-16 05:10:00+00:00,13.270000457763672,13.270000457763672,13.270000457763672,13.270000457763672,47553,0.0,0.0,0.0
2025-06-16 05:15:00+00:00,13.270000457763672,13.270000457763672,13.260000228881836,13.260000228881836,23871,0.0,0.0,0.0
2025-06-16 05:20:00+00:00,13.270000457763672,13.270000457763672,13.260000228881836,13.270000457763672,537729,0.0,0.0,0.0
2025-06-17 01:00:00+00:00,13.380000114440918,13.40999984741211,13.380000114440918,13.40999984741211,0,0.0,0.0,0.0
2025-06-17 01:05:00+00:00,13.40999984741211,13.40999984741211,13.399999618530273,13.399999618530273,140000,0.0,0.0,0.0
2025-06-17 01:10:00+00:00,13.390000343322754,13.399999618530273,13.359999656677246,13.359999656677246,50123,0.0,0.0,0.0
2025-06-17 01:15:00+00:00,13.359999656677246,13.369999885559082,13.359999656677246,13.369999885559082,14567,0.0,0.0,0.0
2025-06-17 01:20:00+00:00,13.359999656677246,13.369999885559082,13.350000381469727,13.369999885559082,68610,0.0,0.0,0.0
2025-06-17 01:25:00+00:00,13.369999885559082,13.369999885559082,13.359999656677246,13.359999656677246,62044,0.0,0.0,0.0
2025-06-17 01:30:00+00:00,13.359999656677246,13.359999656677246,13.350000381469727,13.350000381469727,11807,0.0,0.0,0.0
2025-06-17 01:35:00+00:00,13.350000381469727,13.350000381469727,13.350000381469727,13.350000381469727,41256,0.0,0.0,0.0
2025-06-17 01:40:00+00:00,13.350000381469727,13.350000381469727,13.34000015258789,13.34000015258789,56114,0.0,0.0,0.0
2025-06-17 01:45:00+00:00,13.350000381469727,13.369999885559082,13.350000381469727,13.369999885559082,102102,0.0,0.0,0.0
2025-06-17 01:50:00+00:00,13.369999885559082,13.390000343322754,13.369999885559082,13.390000343322754,186237,0.0,0.0,0.0
2025-06-17 01:55:00+00:00,13.390000343322754,13.390000343322754,13.390000343322754,13.390000343322754,39593,0.0,0.0,0.0
2025-06-17 02:00:00+00:00,13.390000343322754,13.399999618530273,13.390000343322754,13.390000343322754,26142,0.0,0.0,0.0
2025-06-17 02:05:00+00:00,13.390000343322754,13.390000343322754,13.350000381469727,13.350000381469727,121045,0.0,0.0,0.0
2025-06-17 02:10:00+00:00,13.369999885559082,13.369999885559082,13.329999923706055,13.329999923706055,477349,0.0,0.0,0.0
2025-06-17 02:15:00+00:00,13.3100004196167,13.319999694824219,13.3100004196167,13.319999694824219,261274,0.0,0.0,0.0
2025-06-17 02:20:00+00:00,13.329999923706055,13.329999923706055,13.329999923706055,13.329999923706055,2839,0.0,0.0,0.0
2025-06-17 02:25:00+00:00,13.329999923706055,13.329999923706055,13.329999923706055,13.329999923706055,37103,0.0,0.0,0.0
2025-06-17 02:30:00+00:00,13.319999694824219,13.319999694824219,13.3100004196167,13.3100004196167,17021,0.0,0.0,0.0
2025-06-17 02:35:00+00:00,13.3100004196167,13.3100004196167,13.3100004196167,13.3100004196167,12208,0.0,0.0,0.0
2025-06-17 02:40:00+00:00,13.3100004196167,13.3100004196167,13.300000190734863,13.3100004196167,7330,0.0,0.0,0.0
2025-06-17 02:45:00+00:00,13.300000190734863,13.319999694824219,13.300000190734863,13.319999694824219,41191,0.0,0.0,0.0
2025-06-17 02:50:00+00:00,13.329999923706055,13.329999923706055,13.329999923706055,13.329999923706055,42125,0.0,0.0,0.0
2025-06-17 02:55:00+00:00,13.350000381469727,13.350000381469727,13.350000381469727,13.350000381469727,1586,0.0,0.0,0.0
2025-06-17 03:00:00+00:00,13.34000015258789,13.350000381469727,13.34000015258789,13.34000015258789,567028,0.0,0.0,0.0
2025-06-17 03:05:00+00:00,13.34000015258789,13.34000015258789,13.34000015258789,13.34000015258789,3021,0.0,0.0,0.0
2025-06-17 03:10:00+00:00,13.329999923706055,13.34000015258789,13.329999923706055,13.34000015258789,29121,0.0,0.0,0.0
2025-06-17 03:15:00+00:00,13.329999923706055,13.34000015258789,13.329999923706055,13.34000015258789,10519,0.0,0.0,0.0
2025-06-17 03:20:00+00:00,13.34000015258789,13.34000015258789,13.319999694824219,13.319999694824219,8013,0.0,0.0,0.0
2025-06-17 03:25:00+00:00,13.319999694824219,13.319999694824219,13.319999694824219,13.319999694824219,12013,0.0,0.0,0.0
2025-06-17 03:30:00+00:00,13.329999923706055,13.329999923706055,13.329999923706055,13.329999923706055,1341,0.0,0.0,0.0
2025-06-17 03:35:00+00:00,13.329999923706055,13.329999923706055,13.3100004196167,13.3100004196167,7148,0.0,0.0,0.0
2025-06-17 03:40:00+00:00,13.319999694824219,13.329999923706055,13.3100004196167,13.319999694824219,43093,0.0,0.0,0.0
2025-06-17 03:45:00+00:00,13.319999694824219,13.319999694824219,13.300000190734863,13.300000190734863,23828,0.0,0.0,0.0
2025-06-17 03:50:00+00:00,13.300000190734863,13.319999694824219,13.300000190734863,13.319999694824219,79033,0.0,0.0,0.0
2025-06-17 03:55:00+00:00,13.300000190734863,13.300000190734863,13.289999961853027,13.289999961853027,34506,0.0,0.0,0.0
2025-06-17 04:00:00+00:00,13.300000190734863,13.300000190734863,13.300000190734863,13.300000190734863,13059,0.0,0.0,0.0
2025-06-17 04:05:00+00:00,13.300000190734863,13.3100004196167,13.300000190734863,13.300000190734863,5027,0.0,0.0,0.0
2025-06-17 04:10:00+00:00,13.300000190734863,13.300000190734863,13.300000190734863,13.300000190734863,74468,0.0,0.0,0.0
2025-06-17 04:15:00+00:00,13.300000190734863,13.300000190734863,13.289999961853027,13.289999961853027,14211,0.0,0.0,0.0
2025-06-17 04:20:00+00:00,13.289999961853027,13.289999961853027,13.289999961853027,13.289999961853027,15164,0.0,0.0,0.0
2025-06-17 04:25:00+00:00,13.300000190734863,13.300000190734863,13.300000190734863,13.300000190734863,28145,0.0,0.0,0.0
2025-06-17 04:30:00+00:00,13.3100004196167,13.3100004196167,13.3100004196167,13.3100004196167,1146,0.0,0.0,0.0
2025-06-17 04:35:00+00:00,13.300000190734863,13.300000190734863,13.300000190734863,13.300000190734863,2010,0.0,0.0,0.0
2025-06-17 04:40:00+00:00,13.300000190734863,13.300000190734863,13.300000190734863,13.300000190734863,2090,0.0,0.0,0.0
2025-06-17 04:45:00+00:00,13.300000190734863,13.300000190734863,13.300000190734863,13.300000190734863,18887,0.0,0.0,0.0
2025-06-17 04:50:00+00:00,13.300000190734863,13.300000190734863,13.300000190734863,13.300000190734863,49839,0.0,0.0,0.0
2025-06-17 04:55:00+00:00,13.300000190734863,13.300000190734863,13.300000190734863,13.300000190734863,2403,0.0,0.0,0.0
2025-06-17 05:00:00+00:00,13.3100004196167,13.3100004196167,13.3100004196167,13.3100004196167,330209,0.0,0.0,0.0
2025-06-17 05:05:00+00:00,13.319999694824219,13.319999694824219,13.3100004196167,13.3100004196167,21737,0.0,0.0,0.0
2025-06-17 05:10:00+00:00,13.319999694824219,13.34000015258789,13.319999694824219,13.329999923706055,59169,0.0,0.0,0.0
2025-06-17 05:15:00+00:00,13.34000015258789,13.34000015258789,13.329999923706055,13.329999923706055,71793,0.0,0.0,0.0
2025-06-17 05:20:00+00:00,13.319999694824219,13.319999694824219,13.319999694824219,13.319999694824219,22942,0.0,0.0,0.0
2025-06-18 01:00:00+00:00,13.329999923706055,13.329999923706055,13.329999923706055,13.329999923706055,38000,0.0,0.0,0.0
2025-06-18 01:05:00+00:00,13.329999923706055,13.369999885559082,13.319999694824219,13.359999656677246,134172,0.0,0.0,0.0
2025-06-18 01:10:00+00:00,13.359999656677246,13.369999885559082,13.350000381469727,13.359999656677246,273887,0.0,0.0,0.0
2025-06-18 01:15:00+00:00,13.369999885559082,13.369999885559082,13.359999656677246,13.359999656677246,99719,0.0,0.0,0.0
2025-06-18 01:20:00+00:00,13.359999656677246,13.369999885559082,13.359999656677246,13.359999656677246,48288,0.0,0.0,0.0
2025-06-18 01:25:00+00:00,13.369999885559082,13.369999885559082,13.350000381469727,13.359999656677246,51574,0.0,0.0,0.0
2025-06-18 01:30:00+00:00,13.359999656677246,13.359999656677246,13.350000381469727,13.359999656677246,41335,0.0,0.0,0.0
2025-06-18 01:35:00+00:00,13.359999656677246,13.359999656677246,13.359999656677246,13.359999656677246,43866,0.0,0.0,0.0
2025-06-18 01:40:00+00:00,13.359999656677246,13.359999656677246,13.34000015258789,13.34000015258789,21064,0.0,0.0,0.0
2025-06-18 01:45:00+00:00,13.350000381469727,13.350000381469727,13.34000015258789,13.34000015258789,31185,0.0,0.0,0.0
2025-06-18 01:50:00+00:00,13.34000015258789,13.34000015258789,13.329999923706055,13.329999923706055,149204,0.0,0.0,0.0
2025-06-18 01:55:00+00:00,13.350000381469727,13.350000381469727,13.350000381469727,13.350000381469727,7775,0.0,0.0,0.0
2025-06-18 02:00:00+00:00,13.350000381469727,13.350000381469727,13.350000381469727,13.350000381469727,6372,0.0,0.0,0.0
2025-06-18 02:05:00+00:00,13.34000015258789,13.34000015258789,13.34000015258789,13.34000015258789,68418,0.0,0.0,0.0
2025-06-18 02:10:00+00:00,13.34000015258789,13.350000381469727,13.34000015258789,13.350000381469727,86282,0.0,0.0,0.0
2025-06-18 02:15:00+00:00,13.359999656677246,13.359999656677246,13.350000381469727,13.350000381469727,43063,0.0,0.0,0.0
2025-06-18 02:20:00+00:00,13.350000381469727,13.369999885559082,13.34000015258789,13.369999885559082,794205,0.0,0.0,0.0
2025-06-18 02:25:00+00:00,13.369999885559082,13.380000114440918,13.369999885559082,13.369999885559082,162548,0.0,0.0,0.0
2025-06-18 02:30:00+00:00,13.380000114440918,13.390000343322754,13.380000114440918,13.390000343322754,60204,0.0,0.0,0.0
2025-06-18 02:35:00+00:00,13.390000343322754,13.390000343322754,13.380000114440918,13.380000114440918,5121,0.0,0.0,0.0
2025-06-18 02:40:00+00:00,13.380000114440918,13.390000343322754,13.380000114440918,13.390000343322754,110015,0.0,0.0,0.0
2025-06-18 02:45:00+00:00,13.399999618530273,13.420000076293945,13.390000343322754,13.420000076293945,658355,0.0,0.0,0.0
2025-06-18 02:50:00+00:00,13.40999984741211,13.420000076293945,13.40999984741211,13.420000076293945,4024,0.0,0.0,0.0
2025-06-18 02:55:00+00:00,13.420000076293945,13.420000076293945,13.40999984741211,13.40999984741211,147159,0.0,0.0,0.0
2025-06-18 03:00:00+00:00,13.40999984741211,13.420000076293945,13.40999984741211,13.420000076293945,8068,0.0,0.0,0.0
2025-06-18 03:05:00+00:00,13.40999984741211,13.40999984741211,13.399999618530273,13.399999618530273,12477,0.0,0.0,0.0
2025-06-18 03:10:00+00:00,13.399999618530273,13.399999618530273,13.399999618530273,13.399999618530273,22190,0.0,0.0,0.0
2025-06-18 03:15:00+00:00,13.399999618530273,13.40999984741211,13.399999618530273,13.399999618530273,22473,0.0,0.0,0.0
2025-06-18 03:20:00+00:00,13.399999618530273,13.40999984741211,13.399999618530273,13.40999984741211,153827,0.0,0.0,0.0
2025-06-18 03:25:00+00:00,13.420000076293945,13.420000076293945,13.420000076293945,13.420000076293945,200411,0.0,0.0,0.0
2025-06-18 03:30:00+00:00,13.420000076293945,13.430000305175781,13.420000076293945,13.420000076293945,38554,0.0,0.0,0.0
2025-06-18 03:35:00+00:00,13.420000076293945,13.430000305175781,13.420000076293945,13.420000076293945,48038,0.0,0.0,0.0
2025-06-18 03:40:00+00:00,13.420000076293945,13.430000305175781,13.420000076293945,13.430000305175781,25264,0.0,0.0,0.0
2025-06-18 03:45:00+00:00,13.430000305175781,13.430000305175781,13.420000076293945,13.420000076293945,12015,0.0,0.0,0.0
2025-06-18 03:50:00+00:00,13.420000076293945,13.420000076293945,13.40999984741211,13.40999984741211,126035,0.0,0.0,0.0
2025-06-18 03:55:00+00:00,13.40999984741211,13.40999984741211,13.399999618530273,13.40999984741211,226614,0.0,0.0,0.0
2025-06-18 04:00:00+00:00,13.40999984741211,13.420000076293945,13.399999618530273,13.420000076293945,29370,0.0,0.0,0.0
2025-06-18 04:05:00+00:00,13.399999618530273,13.399999618530273,13.399999618530273,13.399999618530273,30121,0.0,0.0,0.0
2025-06-18 04:10:00+00:00,13.40999984741211,13.40999984741211,13.399999618530273,13.399999618530273,168359,0.0,0.0,0.0
2025-06-18 04:15:00+00:00,13.399999618530273,13.40999984741211,13.399999618530273,13.399999618530273,12075,0.0,0.0,0.0
2025-06-18 04:20:00+00:00,13.399999618530273,13.40999984741211,13.399999618530273,13.40999984741211,38129,0.0,0.0,0.0
2025-06-18 04:25:00+00:00,13.40999984741211,13.420000076293945,13.40999984741211,13.40999984741211,108205,0.0,0.0,0.0
2025-06-18 04:30:00+00:00,13.420000076293945,13.420000076293945,13.399999618530273,13.399999618530273,102462,0.0,0.0,0.0
2025-06-18 04:35:00+00:00,13.399999618530273,13.399999618530273,13.380000114440918,13.380000114440918,24200,0.0,0.0,0.0
2025-06-18 04:40:00+00:00,13.380000114440918,13.390000343322754,13.380000114440918,13.380000114440918,8227,0.0,0.0,0.0
2025-06-18 04:45:00+00:00,13.380000114440918,13.380000114440918,13.369999885559082,13.369999885559082,9250,0.0,0.0,0.0
2025-06-18 04:50:00+00:00,13.369999885559082,13.380000114440918,13.369999885559082,13.369999885559082,109300,0.0,0.0,0.0
2025-06-18 04:55:00+00:00,13.380000114440918,13.380000114440918,13.369999885559082,13.369999885559082,60227,0.0,0.0,0.0
2025-06-18 05:00:00+00:00,13.380000114440918,13.390000343322754,13.380000114440918,13.390000343322754,103400,0.0,0.0,0.0
2025-06-18 05:05:00+00:00,13.399999618530273,13.399999618530273,13.399999618530273,13.399999618530273,48243,0.0,0.0,0.0
2025-06-18 05:10:00+00:00,13.399999618530273,13.399999618530273,13.399999618530273,13.399999618530273,26357,0.0,0.0,0.0
2025-06-18 05:15:00+00:00,13.399999618530273,13.399999618530273,13.399999618530273,13.399999618530273,15217,0.0,0.0,0.0
2025-06-18 05:20:00+00:00,13.399999618530273,13.399999618530273,13.390000343322754,13.399999618530273,22663,0.0,0.0,0.0
2025-06-19 01:00:00+00:00,13.390000343322754,13.390000343322754,13.369999885559082,13.369999885559082,0,0.0,0.0,0.0
2025-06-19 01:05:00+00:00,13.350000381469727,13.350000381469727,13.350000381469727,13.350000381469727,60000,0.0,0.0,0.0
2025-06-19 01:10:00+00:00,13.359999656677246,13.359999656677246,13.350000381469727,13.359999656677246,38964,0.0,0.0,0.0
2025-06-19 01:15:00+00:00,13.359999656677246,13.369999885559082,13.359999656677246,13.369999885559082,141178,0.0,0.0,0.0
2025-06-19 01:20:00+00:00,13.369999885559082,13.369999885559082,13.359999656677246,13.369999885559082,10336,0.0,0.0,0.0
2025-06-19 01:25:00+00:00,13.359999656677246,13.359999656677246,13.350000381469727,13.350000381469727,37090,0.0,0.0,0.0
2025-06-19 01:30:00+00:00,13.359999656677246,13.359999656677246,13.34000015258789,13.34000015258789,11529,0.0,0.0,0.0
2025-06-19 01:35:00+00:00,13.34000015258789,13.34000015258789,13.329999923706055,13.329999923706055,21708,0.0,0.0,0.0
2025-06-19 01:40:00+00:00,13.319999694824219,13.319999694824219,13.3100004196167,13.319999694824219,26997,0.0,0.0,0.0
2025-06-19 01:45:00+00:00,13.3100004196167,13.329999923706055,13.3100004196167,13.329999923706055,46245,0.0,0.0,0.0
2025-06-19 01:50:00+00:00,13.329999923706055,13.329999923706055,13.319999694824219,13.319999694824219,11372,0.0,0.0,0.0
2025-06-19 01:55:00+00:00,13.319999694824219,13.319999694824219,13.3100004196167,13.3100004196167,74100,0.0,0.0,0.0
2025-06-19 02:00:00+00:00,13.319999694824219,13.319999694824219,13.3100004196167,13.3100004196167,17934,0.0,0.0,0.0
2025-06-19 02:05:00+00:00,13.319999694824219,13.329999923706055,13.319999694824219,13.329999923706055,51368,0.0,0.0,0.0
2025-06-19 02:10:00+00:00,13.329999923706055,13.329999923706055,13.319999694824219,13.319999694824219,71218,0.0,0.0,0.0
2025-06-19 02:15:00+00:00,13.319999694824219,13.319999694824219,13.300000190734863,13.300000190734863,67284,0.0,0.0,0.0
2025-06-19 02:20:00+00:00,13.300000190734863,13.300000190734863,13.300000190734863,13.300000190734863,7317,0.0,0.0,0.0
2025-06-19 02:25:00+00:00,13.300000190734863,13.300000190734863,13.300000190734863,13.300000190734863,22602,0.0,0.0,0.0
2025-06-19 02:30:00+00:00,13.3100004196167,13.3100004196167,13.3100004196167,13.3100004196167,7118,0.0,0.0,0.0
2025-06-19 02:35:00+00:00,13.300000190734863,13.3100004196167,13.300000190734863,13.3100004196167,7135,0.0,0.0,0.0
2025-06-19 02:40:00+00:00,13.300000190734863,13.3100004196167,13.300000190734863,13.300000190734863,56333,0.0,0.0,0.0
2025-06-19 02:45:00+00:00,13.3100004196167,13.3100004196167,13.279999732971191,13.279999732971191,39544,0.0,0.0,0.0
2025-06-19 02:50:00+00:00,13.279999732971191,13.289999961853027,13.279999732971191,13.289999961853027,10008,0.0,0.0,0.0
2025-06-19 02:55:00+00:00,13.289999961853027,13.289999961853027,13.270000457763672,13.279999732971191,46159,0.0,0.0,0.0
2025-06-19 03:00:00+00:00,13.289999961853027,13.300000190734863,13.289999961853027,13.300000190734863,15266,0.0,0.0,0.0
2025-06-19 03:05:00+00:00,13.300000190734863,13.300000190734863,13.300000190734863,13.300000190734863,13017,0.0,0.0,0.0
2025-06-19 03:10:00+00:00,13.300000190734863,13.3100004196167,13.300000190734863,13.3100004196167,20726,0.0,0.0,0.0
2025-06-19 03:15:00+00:00,13.3100004196167,13.3100004196167,13.3100004196167,13.3100004196167,6514,0.0,0.0,0.0
2025-06-19 03:20:00+00:00,13.319999694824219,13.319999694824219,13.3100004196167,13.3100004196167,3118,0.0,0.0,0.0
2025-06-19 03:25:00+00:00,13.319999694824219,13.319999694824219,13.319999694824219,13.319999694824219,51030,0.0,0.0,0.0
2025-06-19 03:30:00+00:00,13.329999923706055,13.329999923706055,13.319999694824219,13.319999694824219,8375,0.0,0.0,0.0
2025-06-19 03:35:00+00:00,13.319999694824219,13.319999694824219,13.319999694824219,13.319999694824219,26111,0.0,0.0,0.0
2025-06-19 03:40:00+00:00,13.319999694824219,13.329999923706055,13.319999694824219,13.329999923706055,4121,0.0,0.0,0.0
2025-06-19 03:45:00+00:00,13.329999923706055,13.329999923706055,13.319999694824219,13.319999694824219,10522,0.0,0.0,0.0
2025-06-19 03:50:00+00:00,13.319999694824219,13.329999923706055,13.319999694824219,13.319999694824219,4042,0.0,0.0,0.0
2025-06-19 03:55:00+00:00,13.329999923706055,13.329999923706055,13.319999694824219,13.319999694824219,16010,0.0,0.0,0.0
2025-06-19 04:00:00+00:00,13.329999923706055,13.329999923706055,13.319999694824219,13.319999694824219,108054,0.0,0.0,0.0
2025-06-19 04:05:00+00:00,13.319999694824219,13.319999694824219,13.319999694824219,13.319999694824219,2304,0.0,0.0,0.0
2025-06-19 04:10:00+00:00,13.3100004196167,13.3100004196167,13.3100004196167,13.3100004196167,62427,0.0,0.0,0.0
2025-06-19 04:15:00+00:00,13.3100004196167,13.319999694824219,13.3100004196167,13.319999694824219,4806,0.0,0.0,0.0
2025-06-19 04:20:00+00:00,13.3100004196167,13.3100004196167,13.300000190734863,13.300000190734863,47013,0.0,0.0,0.0
2025-06-19 04:25:00+00:00,13.3100004196167,13.3100004196167,13.300000190734863,13.300000190734863,47066,0.0,0.0,0.0
2025-06-19 04:30:00+00:00,13.3100004196167,13.3100004196167,13.300000190734863,13.300000190734863,14673,0.0,0.0,0.0
2025-06-19 04:35:00+00:00,13.300000190734863,13.300000190734863,13.300000190734863,13.300000190734863,13340,0.0,0.0,0.0
2025-06-19 04:40:00+00:00,13.3100004196167,13.3100004196167,13.300000190734863,13.3100004196167,11360,0.0,0.0,0.0
2025-06-19 04:45:00+00:00,13.3100004196167,13.3100004196167,13.300000190734863,13.3100004196167,9384,0.0,0.0,0.0
2025-06-19 04:50:00+00:00,13.300000190734863,13.300000190734863,13.300000190734863,13.300000190734863,6050,0.0,0.0,0.0
2025-06-19 04:55:00+00:00,13.300000190734863,13.300000190734863,13.300000190734863,13.300000190734863,25114,0.0,0.0,0.0
2025-06-19 05:00:00+00:00,13.300000190734863,13.300000190734863,13.289999961853027,13.289999961853027,253122,0.0,0.0,0.0
2025-06-19 05:05:00+00:00,13.289999961853027,13.289999961853027,13.289999961853027,13.289999961853027,39169,0.0,0.0,0.0
2025-06-19 05:10:00+00:00,13.289999961853027,13.289999961853027,13.279999732971191,13.279999732971191,15106,0.0,0.0,0.0
2025-06-19 05:15:00+00:00,13.289999961853027,13.289999961853027,13.279999732971191,13.279999732971191,25727,0.0,0.0,0.0
2025-06-19 05:20:00+00:00,13.289999961853027,13.289999961853027,13.289999961853027,13.289999961853027,19333,0.0,0.0,0.0
2025-06-20 01:00:00+00:00,13.289999961853027,13.300000190734863,13.289999961853027,13.289999961853027,0,0.0,0.0,0.0
2025-06-20 01:05:00+00:00,13.300000190734863,13.300000190734863,13.260000228881836,13.260000228881836,18071,0.0,0.0,0.0
2025-06-20 01:10:00+00:00,13.260000228881836,13.270000457763672,13.25,13.25,45991,0.0,0.0,0.0
2025-06-20 01:15:00+00:00,13.239999771118164,13.25,13.239999771118164,13.239999771118164,64224,0.0,0.0,0.0
2025-06-20 01:20:00+00:00,13.239999771118164,13.25,13.229999542236328,13.239999771118164,60161,0.0,0.0,0.0
2025-06-20 01:25:00+00:00,13.239999771118164,13.239999771118164,13.229999542236328,13.229999542236328,27073,0.0,0.0,0.0
2025-06-20 01:30:00+00:00,13.229999542236328,13.229999542236328,13.210000038146973,13.210000038146973,53814,0.0,0.0,0.0
2025-06-20 01:35:00+00:00,13.199999809265137,13.199999809265137,13.1899995803833,13.1899995803833,421211,0.0,0.0,0.0
2025-06-20 01:40:00+00:00,13.1899995803833,13.199999809265137,13.1899995803833,13.1899995803833,29845,0.0,0.0,0.0
2025-06-20 01:45:00+00:00,13.1899995803833,13.1899995803833,13.180000305175781,13.180000305175781,61016,0.0,0.0,0.0
2025-06-20 01:50:00+00:00,13.180000305175781,13.180000305175781,13.180000305175781,13.180000305175781,6599,0.0,0.0,0.0
2025-06-20 01:55:00+00:00,13.170000076293945,13.170000076293945,13.170000076293945,13.170000076293945,42536,0.0,0.0,0.0
2025-06-20 02:00:00+00:00,13.180000305175781,13.180000305175781,13.180000305175781,13.180000305175781,13738,0.0,0.0,0.0
2025-06-20 02:05:00+00:00,13.180000305175781,13.180000305175781,13.170000076293945,13.180000305175781,11418,0.0,0.0,0.0
2025-06-20 02:10:00+00:00,13.180000305175781,13.180000305175781,13.15999984741211,13.15999984741211,57110,0.0,0.0,0.0
2025-06-20 02:15:00+00:00,13.15999984741211,13.15999984741211,13.149999618530273,13.15999984741211,50335,0.0,0.0,0.0
2025-06-20 02:20:00+00:00,13.15999984741211,13.15999984741211,13.149999618530273,13.15999984741211,16218,0.0,0.0,0.0
2025-06-20 02:25:00+00:00,13.170000076293945,13.170000076293945,13.170000076293945,13.170000076293945,4181,0.0,0.0,0.0
2025-06-20 02:30:00+00:00,13.170000076293945,13.180000305175781,13.170000076293945,13.180000305175781,95314,0.0,0.0,0.0
2025-06-20 02:35:00+00:00,13.1899995803833,13.199999809265137,13.1899995803833,13.199999809265137,36169,0.0,0.0,0.0
2025-06-20 02:40:00+00:00,13.199999809265137,13.199999809265137,13.1899995803833,13.1899995803833,39059,0.0,0.0,0.0
2025-06-20 02:45:00+00:00,13.1899995803833,13.199999809265137,13.1899995803833,13.199999809265137,3174,0.0,0.0,0.0
2025-06-20 02:50:00+00:00,13.199999809265137,13.199999809265137,13.1899995803833,13.1899995803833,151235,0.0,0.0,0.0
2025-06-20 02:55:00+00:00,13.1899995803833,13.1899995803833,13.1899995803833,13.1899995803833,11530,0.0,0.0,0.0
2025-06-20 03:00:00+00:00,13.180000305175781,13.180000305175781,13.180000305175781,13.180000305175781,29266,0.0,0.0,0.0
2025-06-20 03:05:00+00:00,13.180000305175781,13.180000305175781,13.180000305175781,13.180000305175781,3205,0.0,0.0,0.0
2025-06-20 03:10:00+00:00,13.180000305175781,13.180000305175781,13.180000305175781,13.180000305175781,2144,0.0,0.0,0.0
2025-06-20 03:15:00+00:00,13.180000305175781,13.180000305175781,13.170000076293945,13.170000076293945,10387,0.0,0.0,0.0
2025-06-20 03:20:00+00:00,13.180000305175781,13.1899995803833,13.170000076293945,13.1899995803833,6151,0.0,0.0,0.0
2025-06-20 03:25:00+00:00,13.1899995803833,13.1899995803833,13.1899995803833,13.1899995803833,13269,0.0,0.0,0.0
2025-06-20 03:30:00+00:00,13.199999809265137,13.199999809265137,13.199999809265137,13.199999809265137,13686,0.0,0.0,0.0
2025-06-20 03:35:00+00:00,13.199999809265137,13.199999809265137,13.199999809265137,13.199999809265137,38024,0.0,0.0,0.0
2025-06-20 03:40:00+00:00,13.210000038146973,13.220000267028809,13.210000038146973,13.220000267028809,5124,0.0,0.0,0.0
2025-06-20 03:45:00+00:00,13.210000038146973,13.220000267028809,13.210000038146973,13.220000267028809,8320,0.0,0.0,0.0
2025-06-20 03:50:00+00:00,13.210000038146973,13.229999542236328,13.210000038146973,13.229999542236328,74076,0.0,0.0,0.0
2025-06-20 03:55:00+00:00,13.239999771118164,13.25,13.229999542236328,13.25,40063,0.0,0.0,0.0
2025-06-20 04:00:00+00:00,13.25,13.25,13.25,13.25,6053,0.0,0.0,0.0
2025-06-20 04:05:00+00:00,13.25,13.25,13.25,13.25,5187,0.0,0.0,0.0
2025-06-20 04:10:00+00:00,13.25,13.25,13.25,13.25,34137,0.0,0.0,0.0
2025-06-20 04:15:00+00:00,13.25,13.25,13.239999771118164,13.25,5153,0.0,0.0,0.0
2025-06-20 04:20:00+00:00,13.25,13.25,13.239999771118164,13.25,8682,0.0,0.0,0.0
2025-06-20 04:25:00+00:00,13.25,13.25,13.25,13.25,1055,0.0,0.0,0.0
2025-06-20 04:30:00+00:00,13.25,13.25,13.239999771118164,13.239999771118164,4486,0.0,0.0,0.0
2025-06-20 04:35:00+00:00,13.239999771118164,13.239999771118164,13.239999771118164,13.239999771118164,3010,0.0,0.0,0.0
2025-06-20 04:40:00+00:00,13.239999771118164,13.239999771118164,13.220000267028809,13.220000267028809,18183,0.0,0.0,0.0
2025-06-20 04:45:00+00:00,13.210000038146973,13.210000038146973,13.210000038146973,13.210000038146973,19425,0.0,0.0,0.0
2025-06-20 04:50:00+00:00,13.210000038146973,13.229999542236328,13.210000038146973,13.229999542236328,90110,0.0,0.0,0.0
2025-06-20 04:55:00+00:00,13.229999542236328,13.239999771118164,13.229999542236328,13.239999771118164,37694,0.0,0.0,0.0
2025-06-20 05:00:00+00:00,13.239999771118164,13.239999771118164,13.239999771118164,13.239999771118164,3310,0.0,0.0,0.0
2025-06-20 05:05:00+00:00,13.239999771118164,13.239999771118164,13.229999542236328,13.229999542236328,10010,0.0,0.0,0.0
2025-06-20 05:10:00+00:00,13.229999542236328,13.229999542236328,13.229999542236328,13.229999542236328,17398,0.0,0.0,0.0
2025-06-20 05:15:00+00:00,13.229999542236328,13.229999542236328,13.220000267028809,13.229999542236328,5926,0.0,0.0,0.0
2025-06-20 05:20:00+00:00,13.229999542236328,13.229999542236328,13.220000267028809,13.229999542236328,52161,0.0,0.0,0.0
2025-06-23 01:00:00+00:00,13.100000381469727,13.100000381469727,13.050000190734863,13.0600004196167,0,0.0,0.0,0.0
2025-06-23 01:05:00+00:00,13.069999694824219,13.100000381469727,13.0600004196167,13.100000381469727,79317,0.0,0.0,0.0
2025-06-23 01:10:00+00:00,13.119999885559082,13.140000343322754,13.119999885559082,13.130000114440918,77550,0.0,0.0,0.0
2025-06-23 01:15:00+00:00,13.130000114440918,13.130000114440918,13.09000015258789,13.09000015258789,102353,0.0,0.0,0.0
2025-06-23 01:20:00+00:00,13.09000015258789,13.09000015258789,13.069999694824219,13.079999923706055,62594,0.0,0.0,0.0
2025-06-23 01:25:00+00:00,13.079999923706055,13.079999923706055,13.079999923706055,13.079999923706055,32738,0.0,0.0,0.0
2025-06-23 01:30:00+00:00,13.079999923706055,13.09000015258789,13.0600004196167,13.09000015258789,122909,0.0,0.0,0.0
2025-06-23 01:35:00+00:00,13.09000015258789,13.109999656677246,13.09000015258789,13.100000381469727,164084,0.0,0.0,0.0
2025-06-23 01:40:00+00:00,13.09000015258789,13.100000381469727,13.09000015258789,13.09000015258789,28960,0.0,0.0,0.0
2025-06-23 01:45:00+00:00,13.09000015258789,13.109999656677246,13.09000015258789,13.109999656677246,35645,0.0,0.0,0.0
2025-06-23 01:50:00+00:00,13.109999656677246,13.130000114440918,13.109999656677246,13.130000114440918,52325,0.0,0.0,0.0
2025-06-23 01:55:00+00:00,13.130000114440918,13.130000114440918,13.119999885559082,13.119999885559082,11314,0.0,0.0,0.0
2025-06-23 02:00:00+00:00,13.130000114440918,13.130000114440918,13.119999885559082,13.119999885559082,64510,0.0,0.0,0.0
2025-06-23 02:05:00+00:00,13.119999885559082,13.119999885559082,13.109999656677246,13.119999885559082,55814,0.0,0.0,0.0
2025-06-23 02:10:00+00:00,13.140000343322754,13.140000343322754,13.130000114440918,13.130000114440918,7465,0.0,0.0,0.0
2025-06-23 02:15:00+00:00,13.140000343322754,13.140000343322754,13.140000343322754,13.140000343322754,7005,0.0,0.0,0.0
2025-06-23 02:20:00+00:00,13.140000343322754,13.140000343322754,13.130000114440918,13.140000343322754,9758,0.0,0.0,0.0
2025-06-23 02:25:00+00:00,13.140000343322754,13.140000343322754,13.140000343322754,13.140000343322754,5889,0.0,0.0,0.0
2025-06-23 02:30:00+00:00,13.140000343322754,13.140000343322754,13.140000343322754,13.140000343322754,12438,0.0,0.0,0.0
2025-06-23 02:35:00+00:00,13.130000114440918,13.140000343322754,13.130000114440918,13.140000343322754,52234,0.0,0.0,0.0
2025-06-23 02:40:00+00:00,13.149999618530273,13.149999618530273,13.140000343322754,13.140000343322754,13437,0.0,0.0,0.0
2025-06-23 02:45:00+00:00,13.149999618530273,13.149999618530273,13.140000343322754,13.149999618530273,12416,0.0,0.0,0.0
2025-06-23 02:50:00+00:00,13.149999618530273,13.149999618530273,13.149999618530273,13.149999618530273,34382,0.0,0.0,0.0
2025-06-23 02:55:00+00:00,13.149999618530273,13.149999618530273,13.140000343322754,13.140000343322754,14716,0.0,0.0,0.0
2025-06-23 03:00:00+00:00,13.130000114440918,13.149999618530273,13.119999885559082,13.149999618530273,17145,0.0,0.0,0.0
2025-06-23 03:05:00+00:00,13.149999618530273,13.149999618530273,13.130000114440918,13.130000114440918,5183,0.0,0.0,0.0
2025-06-23 03:10:00+00:00,13.149999618530273,13.149999618530273,13.140000343322754,13.140000343322754,22164,0.0,0.0,0.0
2025-06-23 03:15:00+00:00,13.140000343322754,13.149999618530273,13.140000343322754,13.149999618530273,3270,0.0,0.0,0.0
2025-06-23 03:20:00+00:00,13.149999618530273,13.149999618530273,13.140000343322754,13.140000343322754,6138,0.0,0.0,0.0
2025-06-23 03:25:00+00:00,13.140000343322754,13.149999618530273,13.140000343322754,13.149999618530273,3079,0.0,0.0,0.0
2025-06-23 03:30:00+00:00,13.149999618530273,13.15999984741211,13.149999618530273,13.15999984741211,10049,0.0,0.0,0.0
2025-06-23 03:35:00+00:00,13.15999984741211,13.15999984741211,13.15999984741211,13.15999984741211,3206,0.0,0.0,0.0
2025-06-23 03:40:00+00:00,13.15999984741211,13.15999984741211,13.149999618530273,13.149999618530273,5004,0.0,0.0,0.0
2025-06-23 03:45:00+00:00,13.149999618530273,13.15999984741211,13.149999618530273,13.15999984741211,8084,0.0,0.0,0.0
2025-06-23 03:50:00+00:00,13.15999984741211,13.170000076293945,13.149999618530273,13.149999618530273,8091,0.0,0.0,0.0
2025-06-23 03:55:00+00:00,13.170000076293945,13.170000076293945,13.170000076293945,13.170000076293945,4108,0.0,0.0,0.0
2025-06-23 04:00:00+00:00,13.15999984741211,13.15999984741211,13.15999984741211,13.15999984741211,3129,0.0,0.0,0.0
2025-06-23 04:05:00+00:00,13.149999618530273,13.15999984741211,13.149999618530273,13.15999984741211,6565,0.0,0.0,0.0
2025-06-23 04:10:00+00:00,13.15999984741211,13.15999984741211,13.15999984741211,13.15999984741211,3823,0.0,0.0,0.0
2025-06-23 04:15:00+00:00,13.15999984741211,13.15999984741211,13.149999618530273,13.15999984741211,20284,0.0,0.0,0.0
2025-06-23 04:20:00+00:00,13.15999984741211,13.15999984741211,13.149999618530273,13.15999984741211,7110,0.0,0.0,0.0
2025-06-23 04:25:00+00:00,13.15999984741211,13.15999984741211,13.149999618530273,13.149999618530273,22061,0.0,0.0,0.0
2025-06-23 04:30:00+00:00,13.15999984741211,13.15999984741211,13.149999618530273,13.15999984741211,38328,0.0,0.0,0.0
2025-06-23 04:35:00+00:00,13.15999984741211,13.15999984741211,13.15999984741211,13.15999984741211,11100,0.0,0.0,0.0
2025-06-23 04:40:00+00:00,13.15999984741211,13.15999984741211,13.15999984741211,13.15999984741211,14300,0.0,0.0,0.0
2025-06-23 04:45:00+00:00,13.15999984741211,13.170000076293945,13.15999984741211,13.170000076293945,32080,0.0,0.0,0.0
2025-06-23 04:50:00+00:00,13.170000076293945,13.170000076293945,13.149999618530273,13.149999618530273,16209,0.0,0.0,0.0
2025-06-23 04:55:00+00:00,13.149999618530273,13.170000076293945,13.149999618530273,13.170000076293945,5486,0.0,0.0,0.0
2025-06-23 05:00:00+00:00,13.15999984741211,13.15999984741211,13.149999618530273,13.15999984741211,57116,0.0,0.0,0.0
2025-06-23 05:05:00+00:00,13.15999984741211,13.1899995803833,13.15999984741211,13.1899995803833,42311,0.0,0.0,0.0
2025-06-23 05:10:00+00:00,13.170000076293945,13.180000305175781,13.15999984741211,13.180000305175781,107044,0.0,0.0,0.0
2025-06-23 05:15:00+00:00,13.1899995803833,13.199999809265137,13.180000305175781,13.199999809265137,169805,0.0,0.0,0.0
2025-06-23 05:20:00+00:00,13.199999809265137,13.199999809265137,13.1899995803833,13.1899995803833,16791,0.0,0.0,0.0
2025-06-24 01:00:00+00:00,13.390000343322754,13.390000343322754,13.390000343322754,13.390000343322754,0,0.0,0.0,0.0
2025-06-24 01:05:00+00:00,13.390000343322754,13.449999809265137,13.390000343322754,13.430000305175781,429000,0.0,0.0,0.0
2025-06-24 01:10:00+00:00,13.430000305175781,13.430000305175781,13.420000076293945,13.420000076293945,191530,0.0,0.0,0.0
2025-06-24 01:15:00+00:00,13.420000076293945,13.449999809265137,13.420000076293945,13.449999809265137,225862,0.0,0.0,0.0
2025-06-24 01:20:00+00:00,13.449999809265137,13.449999809265137,13.4399995803833,13.4399995803833,57549,0.0,0.0,0.0
2025-06-24 01:25:00+00:00,13.4399995803833,13.449999809265137,13.420000076293945,13.420000076293945,120198,0.0,0.0,0.0
2025-06-24 01:30:00+00:00,13.420000076293945,13.420000076293945,13.40999984741211,13.40999984741211,25078,0.0,0.0,0.0
2025-06-24 01:35:00+00:00,13.40999984741211,13.40999984741211,13.40999984741211,13.40999984741211,60044,0.0,0.0,0.0
2025-06-24 01:40:00+00:00,13.420000076293945,13.4399995803833,13.420000076293945,13.4399995803833,146069,0.0,0.0,0.0
2025-06-24 01:45:00+00:00,13.4399995803833,13.449999809265137,13.430000305175781,13.4399995803833,88644,0.0,0.0,0.0
2025-06-24 01:50:00+00:00,13.4399995803833,13.4399995803833,13.430000305175781,13.430000305175781,39109,0.0,0.0,0.0
2025-06-24 01:55:00+00:00,13.4399995803833,13.449999809265137,13.430000305175781,13.430000305175781,85034,0.0,0.0,0.0
2025-06-24 02:00:00+00:00,13.4399995803833,13.4399995803833,13.430000305175781,13.4399995803833,16014,0.0,0.0,0.0
2025-06-24 02:05:00+00:00,13.430000305175781,13.430000305175781,13.40999984741211,13.40999984741211,49718,0.0,0.0,0.0
2025-06-24 02:10:00+00:00,13.40999984741211,13.40999984741211,13.40999984741211,13.40999984741211,23447,0.0,0.0,0.0
2025-06-24 02:15:00+00:00,13.399999618530273,13.399999618530273,13.390000343322754,13.390000343322754,335029,0.0,0.0,0.0
2025-06-24 02:20:00+00:00,13.390000343322754,13.399999618530273,13.390000343322754,13.399999618530273,19240,0.0,0.0,0.0
2025-06-24 02:25:00+00:00,13.390000343322754,13.390000343322754,13.390000343322754,13.390000343322754,7068,0.0,0.0,0.0
2025-06-24 02:30:00+00:00,13.399999618530273,13.399999618530273,13.399999618530273,13.399999618530273,49199,0.0,0.0,0.0
2025-06-24 02:35:00+00:00,13.399999618530273,13.399999618530273,13.390000343322754,13.390000343322754,4040,0.0,0.0,0.0
2025-06-24 02:40:00+00:00,13.390000343322754,13.390000343322754,13.390000343322754,13.390000343322754,15336,0.0,0.0,0.0
2025-06-24 02:45:00+00:00,13.390000343322754,13.390000343322754,13.390000343322754,13.390000343322754,3016,0.0,0.0,0.0
2025-06-24 02:50:00+00:00,13.390000343322754,13.390000343322754,13.390000343322754,13.390000343322754,3302,0.0,0.0,0.0
2025-06-24 02:55:00+00:00,13.390000343322754,13.399999618530273,13.390000343322754,13.399999618530273,24196,0.0,0.0,0.0
2025-06-24 03:00:00+00:00,13.399999618530273,13.399999618530273,13.399999618530273,13.399999618530273,52045,0.0,0.0,0.0
2025-06-24 03:05:00+00:00,13.399999618530273,13.399999618530273,13.399999618530273,13.399999618530273,23137,0.0,0.0,0.0
2025-06-24 03:10:00+00:00,13.399999618530273,13.420000076293945,13.399999618530273,13.420000076293945,179260,0.0,0.0,0.0
2025-06-24 03:15:00+00:00,13.40999984741211,13.430000305175781,13.40999984741211,13.420000076293945,67415,0.0,0.0,0.0
2025-06-24 03:20:00+00:00,13.420000076293945,13.4399995803833,13.420000076293945,13.430000305175781,59793,0.0,0.0,0.0
2025-06-24 03:25:00+00:00,13.430000305175781,13.430000305175781,13.430000305175781,13.430000305175781,19313,0.0,0.0,0.0
2025-06-24 03:30:00+00:00,13.4399995803833,13.4399995803833,13.430000305175781,13.4399995803833,114701,0.0,0.0,0.0
2025-06-24 03:35:00+00:00,13.4399995803833,13.449999809265137,13.4399995803833,13.449999809265137,5016,0.0,0.0,0.0
2025-06-24 03:40:00+00:00,13.4399995803833,13.449999809265137,13.4399995803833,13.449999809265137,21678,0.0,0.0,0.0
2025-06-24 03:45:00+00:00,13.4399995803833,13.449999809265137,13.4399995803833,13.449999809265137,83005,0.0,0.0,0.0
2025-06-24 03:50:00+00:00,13.449999809265137,13.449999809265137,13.4399995803833,13.4399995803833,19137,0.0,0.0,0.0
2025-06-24 03:55:00+00:00,13.4399995803833,13.4399995803833,13.4399995803833,13.4399995803833,22027,0.0,0.0,0.0
2025-06-24 04:00:00+00:00,13.4399995803833,13.4399995803833,13.4399995803833,13.4399995803833,4042,0.0,0.0,0.0
2025-06-24 04:05:00+00:00,13.430000305175781,13.4399995803833,13.430000305175781,13.4399995803833,13038,0.0,0.0,0.0
2025-06-24 04:10:00+00:00,13.430000305175781,13.4399995803833,13.430000305175781,13.430000305175781,28758,0.0,0.0,0.0
2025-06-24 04:20:00+00:00,13.420000076293945,13.430000305175781,13.420000076293945,13.420000076293945,87541,0.0,0.0,0.0
2025-06-24 04:25:00+00:00,13.420000076293945,13.420000076293945,13.420000076293945,13.420000076293945,46110,0.0,0.0,0.0
2025-06-24 04:30:00+00:00,13.430000305175781,13.430000305175781,13.420000076293945,13.420000076293945,5413,0.0,0.0,0.0
2025-06-24 04:35:00+00:00,13.420000076293945,13.420000076293945,13.420000076293945,13.420000076293945,31160,0.0,0.0,0.0
2025-06-24 04:40:00+00:00,13.430000305175781,13.4399995803833,13.420000076293945,13.430000305175781,86771,0.0,0.0,0.0
2025-06-24 04:45:00+00:00,13.430000305175781,13.430000305175781,13.430000305175781,13.430000305175781,6610,0.0,0.0,0.0
2025-06-24 04:50:00+00:00,13.4399995803833,13.4399995803833,13.4399995803833,13.4399995803833,611601,0.0,0.0,0.0
2025-06-24 04:55:00+00:00,13.4399995803833,13.449999809265137,13.4399995803833,13.4399995803833,29115,0.0,0.0,0.0
2025-06-24 05:00:00+00:00,13.4399995803833,13.449999809265137,13.4399995803833,13.4399995803833,28795,0.0,0.0,0.0
2025-06-24 05:05:00+00:00,13.4399995803833,13.4399995803833,13.4399995803833,13.4399995803833,17177,0.0,0.0,0.0
2025-06-24 05:10:00+00:00,13.4399995803833,13.4399995803833,13.4399995803833,13.4399995803833,9168,0.0,0.0,0.0
2025-06-24 05:15:00+00:00,13.449999809265137,13.449999809265137,13.4399995803833,13.4399995803833,11658,0.0,0.0,0.0
2025-06-24 05:20:00+00:00,13.4399995803833,13.4399995803833,13.430000305175781,13.4399995803833,79297,0.0,0.0,0.0
2025-06-25 01:00:00+00:00,13.550000190734863,13.5600004196167,13.539999961853027,13.550000190734863,0,0.0,0.0,0.0
2025-06-25 01:05:00+00:00,13.550000190734863,13.550000190734863,13.529999732971191,13.539999961853027,129000,0.0,0.0,0.0
2025-06-25 01:10:00+00:00,13.539999961853027,13.550000190734863,13.539999961853027,13.550000190734863,144945,0.0,0.0,0.0
2025-06-25 01:15:00+00:00,13.539999961853027,13.539999961853027,13.539999961853027,13.539999961853027,130078,0.0,0.0,0.0
2025-06-25 01:20:00+00:00,13.539999961853027,13.539999961853027,13.529999732971191,13.529999732971191,38251,0.0,0.0,0.0
2025-06-25 01:25:00+00:00,13.529999732971191,13.529999732971191,13.520000457763672,13.520000457763672,22000,0.0,0.0,0.0
2025-06-25 01:30:00+00:00,13.529999732971191,13.539999961853027,13.520000457763672,13.539999961853027,216570,0.0,0.0,0.0
2025-06-25 01:35:00+00:00,13.539999961853027,13.550000190734863,13.520000457763672,13.520000457763672,202471,0.0,0.0,0.0
2025-06-25 01:40:00+00:00,13.529999732971191,13.539999961853027,13.529999732971191,13.529999732971191,247213,0.0,0.0,0.0
2025-06-25 01:45:00+00:00,13.529999732971191,13.539999961853027,13.529999732971191,13.529999732971191,36433,0.0,0.0,0.0
2025-06-25 01:50:00+00:00,13.529999732971191,13.529999732971191,13.520000457763672,13.529999732971191,24842,0.0,0.0,0.0
2025-06-25 01:55:00+00:00,13.520000457763672,13.529999732971191,13.520000457763672,13.520000457763672,13163,0.0,0.0,0.0
2025-06-25 02:00:00+00:00,13.529999732971191,13.529999732971191,13.520000457763672,13.520000457763672,50623,0.0,0.0,0.0
2025-06-25 02:05:00+00:00,13.520000457763672,13.529999732971191,13.520000457763672,13.520000457763672,70407,0.0,0.0,0.0
2025-06-25 02:10:00+00:00,13.529999732971191,13.539999961853027,13.529999732971191,13.529999732971191,266346,0.0,0.0,0.0
2025-06-25 02:15:00+00:00,13.539999961853027,13.539999961853027,13.529999732971191,13.529999732971191,85617,0.0,0.0,0.0
2025-06-25 02:20:00+00:00,13.529999732971191,13.539999961853027,13.529999732971191,13.529999732971191,13513,0.0,0.0,0.0
2025-06-25 02:25:00+00:00,13.520000457763672,13.520000457763672,13.520000457763672,13.520000457763672,2011,0.0,0.0,0.0
2025-06-25 02:30:00+00:00,13.520000457763672,13.529999732971191,13.520000457763672,13.520000457763672,43480,0.0,0.0,0.0
2025-06-25 02:35:00+00:00,13.520000457763672,13.529999732971191,13.520000457763672,13.520000457763672,88046,0.0,0.0,0.0
2025-06-25 02:40:00+00:00,13.529999732971191,13.529999732971191,13.520000457763672,13.520000457763672,47068,0.0,0.0,0.0
2025-06-25 02:45:00+00:00,13.520000457763672,13.529999732971191,13.520000457763672,13.529999732971191,2098,0.0,0.0,0.0
2025-06-25 02:50:00+00:00,13.520000457763672,13.529999732971191,13.520000457763672,13.520000457763672,65048,0.0,0.0,0.0
2025-06-25 02:55:00+00:00,13.520000457763672,13.529999732971191,13.520000457763672,13.529999732971191,13087,0.0,0.0,0.0
2025-06-25 03:00:00+00:00,13.539999961853027,13.539999961853027,13.529999732971191,13.529999732971191,4135,0.0,0.0,0.0
2025-06-25 03:05:00+00:00,13.539999961853027,13.539999961853027,13.529999732971191,13.539999961853027,20265,0.0,0.0,0.0
2025-06-25 03:10:00+00:00,13.520000457763672,13.539999961853027,13.520000457763672,13.539999961853027,6027,0.0,0.0,0.0
2025-06-25 03:15:00+00:00,13.529999732971191,13.539999961853027,13.520000457763672,13.539999961853027,21280,0.0,0.0,0.0
2025-06-25 03:20:00+00:00,13.520000457763672,13.550000190734863,13.520000457763672,13.550000190734863,533109,0.0,0.0,0.0
2025-06-25 03:25:00+00:00,13.550000190734863,13.550000190734863,13.550000190734863,13.550000190734863,173187,0.0,0.0,0.0
2025-06-25 03:30:00+00:00,13.5600004196167,13.5600004196167,13.550000190734863,13.5600004196167,523285,0.0,0.0,0.0
2025-06-25 03:35:00+00:00,13.5600004196167,13.5600004196167,13.5600004196167,13.5600004196167,20212,0.0,0.0,0.0
2025-06-25 03:40:00+00:00,13.550000190734863,13.5600004196167,13.550000190734863,13.5600004196167,29027,0.0,0.0,0.0
2025-06-25 03:45:00+00:00,13.5600004196167,13.5600004196167,13.550000190734863,13.550000190734863,19037,0.0,0.0,0.0
2025-06-25 03:50:00+00:00,13.550000190734863,13.550000190734863,13.550000190734863,13.550000190734863,62194,0.0,0.0,0.0
2025-06-25 03:55:00+00:00,13.550000190734863,13.5600004196167,13.550000190734863,13.550000190734863,28192,0.0,0.0,0.0
2025-06-25 04:00:00+00:00,13.550000190734863,13.550000190734863,13.550000190734863,13.550000190734863,30126,0.0,0.0,0.0
2025-06-25 04:05:00+00:00,13.539999961853027,13.550000190734863,13.529999732971191,13.529999732971191,28112,0.0,0.0,0.0
2025-06-25 04:10:00+00:00,13.529999732971191,13.529999732971191,13.529999732971191,13.529999732971191,23568,0.0,0.0,0.0
2025-06-25 04:15:00+00:00,13.529999732971191,13.539999961853027,13.529999732971191,13.529999732971191,31774,0.0,0.0,0.0
2025-06-25 04:20:00+00:00,13.529999732971191,13.529999732971191,13.529999732971191,13.529999732971191,17095,0.0,0.0,0.0
2025-06-25 04:25:00+00:00,13.529999732971191,13.539999961853027,13.529999732971191,13.539999961853027,21809,0.0,0.0,0.0
2025-06-25 04:30:00+00:00,13.539999961853027,13.539999961853027,13.529999732971191,13.529999732971191,8903,0.0,0.0,0.0
2025-06-25 04:35:00+00:00,13.539999961853027,13.539999961853027,13.539999961853027,13.539999961853027,112738,0.0,0.0,0.0
2025-06-25 04:40:00+00:00,13.539999961853027,13.539999961853027,13.539999961853027,13.539999961853027,39175,0.0,0.0,0.0
2025-06-25 04:45:00+00:00,13.539999961853027,13.550000190734863,13.539999961853027,13.550000190734863,82800,0.0,0.0,0.0
2025-06-25 04:50:00+00:00,13.539999961853027,13.550000190734863,13.539999961853027,13.550000190734863,13270,0.0,0.0,0.0
2025-06-25 04:55:00+00:00,13.550000190734863,13.550000190734863,13.539999961853027,13.550000190734863,166937,0.0,0.0,0.0
2025-06-25 05:00:00+00:00,13.539999961853027,13.550000190734863,13.539999961853027,13.550000190734863,56140,0.0,0.0,0.0
2025-06-25 05:05:00+00:00,13.550000190734863,13.5600004196167,13.550000190734863,13.5600004196167,71510,0.0,0.0,0.0
2025-06-25 05:10:00+00:00,13.5600004196167,13.569999694824219,13.5600004196167,13.5600004196167,196492,0.0,0.0,0.0
2025-06-25 05:15:00+00:00,13.5600004196167,13.5600004196167,13.550000190734863,13.550000190734863,73302,0.0,0.0,0.0
2025-06-25 05:20:00+00:00,13.5600004196167,13.5600004196167,13.550000190734863,13.550000190734863,35566,0.0,0.0,0.0
2025-06-26 01:00:00+00:00,13.579999923706055,13.579999923706055,13.569999694824219,13.569999694824219,0,0.0,0.0,0.0
2025-06-26 01:05:00+00:00,13.579999923706055,13.600000381469727,13.579999923706055,13.59000015258789,65000,0.0,0.0,0.0
2025-06-26 01:10:00+00:00,13.600000381469727,13.609999656677246,13.579999923706055,13.600000381469727,589857,0.0,0.0,0.0
2025-06-26 01:15:00+00:00,13.600000381469727,13.609999656677246,13.600000381469727,13.609999656677246,50515,0.0,0.0,0.0
2025-06-26 01:20:00+00:00,13.619999885559082,13.619999885559082,13.619999885559082,13.619999885559082,33426,0.0,0.0,0.0
2025-06-26 01:25:00+00:00,13.600000381469727,13.600000381469727,13.600000381469727,13.600000381469727,21956,0.0,0.0,0.0
2025-06-26 01:30:00+00:00,13.609999656677246,13.609999656677246,13.59000015258789,13.59000015258789,43015,0.0,0.0,0.0
2025-06-26 01:35:00+00:00,13.579999923706055,13.579999923706055,13.569999694824219,13.569999694824219,24769,0.0,0.0,0.0
2025-06-26 01:40:00+00:00,13.579999923706055,13.579999923706055,13.579999923706055,13.579999923706055,4345,0.0,0.0,0.0
2025-06-26 01:45:00+00:00,13.579999923706055,13.59000015258789,13.579999923706055,13.59000015258789,65581,0.0,0.0,0.0
2025-06-26 01:50:00+00:00,13.579999923706055,13.59000015258789,13.569999694824219,13.569999694824219,66106,0.0,0.0,0.0
2025-06-26 01:55:00+00:00,13.579999923706055,13.579999923706055,13.5600004196167,13.5600004196167,3164,0.0,0.0,0.0
2025-06-26 02:00:00+00:00,13.5600004196167,13.579999923706055,13.5600004196167,13.579999923706055,186357,0.0,0.0,0.0
2025-06-26 02:05:00+00:00,13.59000015258789,13.600000381469727,13.579999923706055,13.600000381469727,179355,0.0,0.0,0.0
2025-06-26 02:10:00+00:00,13.600000381469727,13.619999885559082,13.600000381469727,13.619999885559082,339359,0.0,0.0,0.0
2025-06-26 02:15:00+00:00,13.619999885559082,13.640000343322754,13.619999885559082,13.619999885559082,186798,0.0,0.0,0.0
2025-06-26 02:20:00+00:00,13.630000114440918,13.640000343322754,13.609999656677246,13.619999885559082,520635,0.0,0.0,0.0
2025-06-26 02:25:00+00:00,13.619999885559082,13.619999885559082,13.609999656677246,13.609999656677246,3032,0.0,0.0,0.0
2025-06-26 02:30:00+00:00,13.619999885559082,13.619999885559082,13.619999885559082,13.619999885559082,3127,0.0,0.0,0.0
2025-06-26 02:35:00+00:00,13.609999656677246,13.609999656677246,13.600000381469727,13.600000381469727,29340,0.0,0.0,0.0
2025-06-26 02:40:00+00:00,13.600000381469727,13.600000381469727,13.59000015258789,13.59000015258789,31217,0.0,0.0,0.0
2025-06-26 02:45:00+00:00,13.600000381469727,13.600000381469727,13.579999923706055,13.579999923706055,45188,0.0,0.0,0.0
2025-06-26 02:50:00+00:00,13.59000015258789,13.600000381469727,13.579999923706055,13.600000381469727,70251,0.0,0.0,0.0
2025-06-26 02:55:00+00:00,13.600000381469727,13.600000381469727,13.600000381469727,13.600000381469727,2010,0.0,0.0,0.0
2025-06-26 03:00:00+00:00,13.600000381469727,13.600000381469727,13.59000015258789,13.59000015258789,6980,0.0,0.0,0.0
2025-06-26 03:05:00+00:00,13.59000015258789,13.59000015258789,13.59000015258789,13.59000015258789,553838,0.0,0.0,0.0
2025-06-26 03:10:00+00:00,13.59000015258789,13.59000015258789,13.579999923706055,13.579999923706055,20034,0.0,0.0,0.0
2025-06-26 03:15:00+00:00,13.579999923706055,13.579999923706055,13.569999694824219,13.569999694824219,5047,0.0,0.0,0.0
2025-06-26 03:20:00+00:00,13.579999923706055,13.579999923706055,13.569999694824219,13.579999923706055,27132,0.0,0.0,0.0
2025-06-26 03:25:00+00:00,13.579999923706055,13.579999923706055,13.579999923706055,13.579999923706055,8027,0.0,0.0,0.0
2025-06-26 03:30:00+00:00,13.59000015258789,13.59000015258789,13.569999694824219,13.569999694824219,122037,0.0,0.0,0.0
2025-06-26 03:35:00+00:00,13.579999923706055,13.579999923706055,13.579999923706055,13.579999923706055,27331,0.0,0.0,0.0
2025-06-26 03:40:00+00:00,13.59000015258789,13.59000015258789,13.579999923706055,13.579999923706055,409278,0.0,0.0,0.0
2025-06-26 03:45:00+00:00,13.579999923706055,13.579999923706055,13.569999694824219,13.569999694824219,405017,0.0,0.0,0.0
2025-06-26 03:50:00+00:00,13.579999923706055,13.579999923706055,13.569999694824219,13.569999694824219,8223,0.0,0.0,0.0
2025-06-26 03:55:00+00:00,13.579999923706055,13.579999923706055,13.569999694824219,13.569999694824219,20026,0.0,0.0,0.0
2025-06-26 04:00:00+00:00,13.569999694824219,13.569999694824219,13.5600004196167,13.5600004196167,9803,0.0,0.0,0.0
2025-06-26 04:05:00+00:00,13.569999694824219,13.569999694824219,13.569999694824219,13.569999694824219,24580,0.0,0.0,0.0
2025-06-26 04:10:00+00:00,13.569999694824219,13.579999923706055,13.569999694824219,13.579999923706055,3668,0.0,0.0,0.0
2025-06-26 04:20:00+00:00,13.579999923706055,13.579999923706055,13.569999694824219,13.569999694824219,10630,0.0,0.0,0.0
2025-06-26 04:25:00+00:00,13.579999923706055,13.579999923706055,13.569999694824219,13.569999694824219,32027,0.0,0.0,0.0
2025-06-26 04:30:00+00:00,13.579999923706055,13.579999923706055,13.569999694824219,13.569999694824219,13431,0.0,0.0,0.0
2025-06-26 04:35:00+00:00,13.569999694824219,13.569999694824219,13.569999694824219,13.569999694824219,27570,0.0,0.0,0.0
2025-06-26 04:40:00+00:00,13.569999694824219,13.569999694824219,13.569999694824219,13.569999694824219,5020,0.0,0.0,0.0
2025-06-26 04:45:00+00:00,13.569999694824219,13.579999923706055,13.569999694824219,13.579999923706055,186321,0.0,0.0,0.0
2025-06-26 04:50:00+00:00,13.569999694824219,13.569999694824219,13.569999694824219,13.569999694824219,53120,0.0,0.0,0.0
2025-06-26 04:55:00+00:00,13.569999694824219,13.579999923706055,13.569999694824219,13.579999923706055,22491,0.0,0.0,0.0
2025-06-26 05:00:00+00:00,13.579999923706055,13.579999923706055,13.569999694824219,13.579999923706055,145124,0.0,0.0,0.0
2025-06-26 05:05:00+00:00,13.579999923706055,13.579999923706055,13.569999694824219,13.569999694824219,408104,0.0,0.0,0.0
2025-06-26 05:10:00+00:00,13.569999694824219,13.579999923706055,13.569999694824219,13.579999923706055,12863,0.0,0.0,0.0
2025-06-26 05:15:00+00:00,13.579999923706055,13.579999923706055,13.5600004196167,13.5600004196167,84183,0.0,0.0,0.0
2025-06-26 05:20:00+00:00,13.5600004196167,13.5600004196167,13.5600004196167,13.5600004196167,26765,0.0,0.0,0.0
2025-06-27 01:00:00+00:00,13.59000015258789,13.609999656677246,13.59000015258789,13.600000381469727,0,0.0,0.0,0.0
2025-06-27 01:05:00+00:00,13.600000381469727,13.600000381469727,13.569999694824219,13.579999923706055,15991,0.0,0.0,0.0
2025-06-27 01:10:00+00:00,13.579999923706055,13.579999923706055,13.569999694824219,13.569999694824219,50457,0.0,0.0,0.0
2025-06-27 01:15:00+00:00,13.569999694824219,13.569999694824219,13.569999694824219,13.569999694824219,11070,0.0,0.0,0.0
2025-06-27 01:20:00+00:00,13.569999694824219,13.579999923706055,13.5600004196167,13.5600004196167,125013,0.0,0.0,0.0
2025-06-27 01:25:00+00:00,13.550000190734863,13.579999923706055,13.550000190734863,13.579999923706055,35135,0.0,0.0,0.0
2025-06-27 01:30:00+00:00,13.569999694824219,13.569999694824219,13.550000190734863,13.550000190734863,210680,0.0,0.0,0.0
2025-06-27 01:35:00+00:00,13.550000190734863,13.550000190734863,13.539999961853027,13.550000190734863,20213,0.0,0.0,0.0
2025-06-27 01:40:00+00:00,13.550000190734863,13.5600004196167,13.539999961853027,13.5600004196167,33104,0.0,0.0,0.0
2025-06-27 01:45:00+00:00,13.5600004196167,13.5600004196167,13.5600004196167,13.5600004196167,12029,0.0,0.0,0.0
2025-06-27 01:50:00+00:00,13.550000190734863,13.550000190734863,13.550000190734863,13.550000190734863,11391,0.0,0.0,0.0
2025-06-27 01:55:00+00:00,13.5600004196167,13.5600004196167,13.5600004196167,13.5600004196167,24541,0.0,0.0,0.0
2025-06-27 02:00:00+00:00,13.569999694824219,13.569999694824219,13.5600004196167,13.5600004196167,304018,0.0,0.0,0.0
2025-06-27 02:05:00+00:00,13.550000190734863,13.5600004196167,13.550000190734863,13.5600004196167,401030,0.0,0.0,0.0
2025-06-27 02:10:00+00:00,13.550000190734863,13.550000190734863,13.550000190734863,13.550000190734863,43059,0.0,0.0,0.0
2025-06-27 02:15:00+00:00,13.5600004196167,13.5600004196167,13.5600004196167,13.5600004196167,52830,0.0,0.0,0.0
2025-06-27 02:20:00+00:00,13.5600004196167,13.569999694824219,13.5600004196167,13.5600004196167,9658,0.0,0.0,0.0
2025-06-27 02:25:00+00:00,13.5600004196167,13.569999694824219,13.5600004196167,13.5600004196167,374108,0.0,0.0,0.0
2025-06-27 02:30:00+00:00,13.550000190734863,13.5600004196167,13.550000190734863,13.5600004196167,6019,0.0,0.0,0.0
2025-06-27 02:35:00+00:00,13.550000190734863,13.550000190734863,13.529999732971191,13.529999732971191,634224,0.0,0.0,0.0
2025-06-27 02:40:00+00:00,13.529999732971191,13.539999961853027,13.529999732971191,13.529999732971191,19228,0.0,0.0,0.0
2025-06-27 02:45:00+00:00,13.539999961853027,13.550000190734863,13.529999732971191,13.539999961853027,51595,0.0,0.0,0.0
2025-06-27 02:50:00+00:00,13.539999961853027,13.539999961853027,13.539999961853027,13.539999961853027,3154,0.0,0.0,0.0
2025-06-27 02:55:00+00:00,13.539999961853027,13.539999961853027,13.529999732971191,13.539999961853027,19258,0.0,0.0,0.0
2025-06-27 03:00:00+00:00,13.539999961853027,13.539999961853027,13.539999961853027,13.539999961853027,14019,0.0,0.0,0.0
2025-06-27 03:05:00+00:00,13.539999961853027,13.550000190734863,13.539999961853027,13.550000190734863,4044,0.0,0.0,0.0
2025-06-27 03:10:00+00:00,13.539999961853027,13.539999961853027,13.529999732971191,13.529999732971191,45019,0.0,0.0,0.0
2025-06-27 03:15:00+00:00,13.529999732971191,13.529999732971191,13.529999732971191,13.529999732971191,6038,0.0,0.0,0.0
2025-06-27 03:20:00+00:00,13.529999732971191,13.529999732971191,13.529999732971191,13.529999732971191,6029,0.0,0.0,0.0
2025-06-27 03:25:00+00:00,13.529999732971191,13.529999732971191,13.520000457763672,13.529999732971191,254109,0.0,0.0,0.0
2025-06-27 03:30:00+00:00,13.529999732971191,13.529999732971191,13.529999732971191,13.529999732971191,1221,0.0,0.0,0.0
2025-06-27 03:35:00+00:00,13.529999732971191,13.529999732971191,13.529999732971191,13.529999732971191,9395,0.0,0.0,0.0
2025-06-27 03:40:00+00:00,13.529999732971191,13.529999732971191,13.520000457763672,13.520000457763672,12020,0.0,0.0,0.0
2025-06-27 03:45:00+00:00,13.529999732971191,13.529999732971191,13.520000457763672,13.520000457763672,8119,0.0,0.0,0.0
2025-06-27 03:50:00+00:00,13.510000228881836,13.520000457763672,13.510000228881836,13.510000228881836,55115,0.0,0.0,0.0
2025-06-27 03:55:00+00:00,13.520000457763672,13.520000457763672,13.520000457763672,13.520000457763672,10037,0.0,0.0,0.0
2025-06-27 04:00:00+00:00,13.520000457763672,13.520000457763672,13.520000457763672,13.520000457763672,41236,0.0,0.0,0.0
2025-06-27 04:05:00+00:00,13.520000457763672,13.529999732971191,13.520000457763672,13.529999732971191,18461,0.0,0.0,0.0
2025-06-27 04:10:00+00:00,13.520000457763672,13.539999961853027,13.520000457763672,13.539999961853027,93126,0.0,0.0,0.0
2025-06-27 04:15:00+00:00,13.520000457763672,13.529999732971191,13.520000457763672,13.529999732971191,2036,0.0,0.0,0.0
2025-06-27 04:20:00+00:00,13.529999732971191,13.539999961853027,13.529999732971191,13.539999961853027,5044,0.0,0.0,0.0
2025-06-27 04:25:00+00:00,13.539999961853027,13.539999961853027,13.539999961853027,13.539999961853027,44741,0.0,0.0,0.0
2025-06-27 04:30:00+00:00,13.550000190734863,13.550000190734863,13.539999961853027,13.550000190734863,107845,0.0,0.0,0.0
2025-06-27 04:35:00+00:00,13.550000190734863,13.569999694824219,13.550000190734863,13.569999694824219,65560,0.0,0.0,0.0
2025-06-27 04:40:00+00:00,13.579999923706055,13.579999923706055,13.5600004196167,13.569999694824219,17110,0.0,0.0,0.0
2025-06-27 04:45:00+00:00,13.569999694824219,13.569999694824219,13.569999694824219,13.569999694824219,21260,0.0,0.0,0.0
2025-06-27 04:50:00+00:00,13.5600004196167,13.569999694824219,13.5600004196167,13.569999694824219,19068,0.0,0.0,0.0
2025-06-27 05:00:00+00:00,13.569999694824219,13.569999694824219,13.569999694824219,13.569999694824219,1298,0.0,0.0,0.0
2025-06-27 05:05:00+00:00,13.5600004196167,13.569999694824219,13.5600004196167,13.569999694824219,27010,0.0,0.0,0.0
2025-06-27 05:10:00+00:00,13.5600004196167,13.5600004196167,13.5600004196167,13.5600004196167,46597,0.0,0.0,0.0
2025-06-27 05:15:00+00:00,13.569999694824219,13.569999694824219,13.550000190734863,13.550000190734863,6750,0.0,0.0,0.0
2025-06-27 05:20:00+00:00,13.550000190734863,13.5600004196167,13.550000190734863,13.5600004196167,66406,0.0,0.0,0.0
2025-06-30 01:00:00+00:00,13.600000381469727,13.609999656677246,13.569999694824219,13.569999694824219,0,0.0,0.0,0.0
2025-06-30 01:05:00+00:00,13.5600004196167,13.579999923706055,13.550000190734863,13.579999923706055,137864,0.0,0.0,0.0
2025-06-30 01:10:00+00:00,13.5600004196167,13.579999923706055,13.5600004196167,13.569999694824219,90646,0.0,0.0,0.0
2025-06-30 01:15:00+00:00,13.579999923706055,13.579999923706055,13.5600004196167,13.569999694824219,126890,0.0,0.0,0.0
2025-06-30 01:20:00+00:00,13.5600004196167,13.579999923706055,13.5600004196167,13.579999923706055,78055,0.0,0.0,0.0
2025-06-30 01:25:00+00:00,13.579999923706055,13.579999923706055,13.5600004196167,13.569999694824219,9289,0.0,0.0,0.0
2025-06-30 01:30:00+00:00,13.579999923706055,13.579999923706055,13.569999694824219,13.569999694824219,21437,0.0,0.0,0.0
2025-06-30 01:35:00+00:00,13.579999923706055,13.579999923706055,13.569999694824219,13.579999923706055,249692,0.0,0.0,0.0
2025-06-30 01:40:00+00:00,13.59000015258789,13.59000015258789,13.579999923706055,13.579999923706055,17293,0.0,0.0,0.0
2025-06-30 01:45:00+00:00,13.579999923706055,13.59000015258789,13.579999923706055,13.59000015258789,27137,0.0,0.0,0.0
2025-06-30 01:50:00+00:00,13.59000015258789,13.59000015258789,13.579999923706055,13.579999923706055,3044,0.0,0.0,0.0
2025-06-30 01:55:00+00:00,13.569999694824219,13.579999923706055,13.569999694824219,13.569999694824219,16422,0.0,0.0,0.0
2025-06-30 02:00:00+00:00,13.579999923706055,13.579999923706055,13.579999923706055,13.579999923706055,4151,0.0,0.0,0.0
2025-06-30 02:05:00+00:00,13.579999923706055,13.579999923706055,13.569999694824219,13.569999694824219,8250,0.0,0.0,0.0
2025-06-30 02:10:00+00:00,13.579999923706055,13.579999923706055,13.569999694824219,13.579999923706055,7175,0.0,0.0,0.0
2025-06-30 02:15:00+00:00,13.579999923706055,13.579999923706055,13.569999694824219,13.579999923706055,29393,0.0,0.0,0.0
2025-06-30 02:20:00+00:00,13.579999923706055,13.579999923706055,13.569999694824219,13.579999923706055,99160,0.0,0.0,0.0
2025-06-30 02:25:00+00:00,13.579999923706055,13.579999923706055,13.569999694824219,13.579999923706055,27357,0.0,0.0,0.0
2025-06-30 02:30:00+00:00,13.579999923706055,13.579999923706055,13.569999694824219,13.569999694824219,5307,0.0,0.0,0.0
2025-06-30 02:35:00+00:00,13.579999923706055,13.579999923706055,13.579999923706055,13.579999923706055,13601,0.0,0.0,0.0
2025-06-30 02:40:00+00:00,13.579999923706055,13.579999923706055,13.579999923706055,13.579999923706055,2107,0.0,0.0,0.0
2025-06-30 02:45:00+00:00,13.569999694824219,13.579999923706055,13.569999694824219,13.569999694824219,62114,0.0,0.0,0.0
2025-06-30 02:50:00+00:00,13.5600004196167,13.569999694824219,13.5600004196167,13.569999694824219,11192,0.0,0.0,0.0
2025-06-30 02:55:00+00:00,13.569999694824219,13.569999694824219,13.5600004196167,13.5600004196167,19131,0.0,0.0,0.0
2025-06-30 03:00:00+00:00,13.550000190734863,13.5600004196167,13.550000190734863,13.550000190734863,89945,0.0,0.0,0.0
2025-06-30 03:05:00+00:00,13.5600004196167,13.5600004196167,13.550000190734863,13.550000190734863,82414,0.0,0.0,0.0
2025-06-30 03:10:00+00:00,13.550000190734863,13.550000190734863,13.550000190734863,13.550000190734863,27044,0.0,0.0,0.0
2025-06-30 03:15:00+00:00,13.5600004196167,13.5600004196167,13.550000190734863,13.550000190734863,7087,0.0,0.0,0.0
2025-06-30 03:20:00+00:00,13.539999961853027,13.539999961853027,13.539999961853027,13.539999961853027,2535,0.0,0.0,0.0
2025-06-30 03:25:00+00:00,13.550000190734863,13.550000190734863,13.550000190734863,13.550000190734863,12017,0.0,0.0,0.0
2025-06-30 03:30:00+00:00,13.550000190734863,13.550000190734863,13.539999961853027,13.550000190734863,13587,0.0,0.0,0.0
2025-06-30 03:35:00+00:00,13.550000190734863,13.5600004196167,13.539999961853027,13.5600004196167,156222,0.0,0.0,0.0
2025-06-30 03:40:00+00:00,13.5600004196167,13.5600004196167,13.539999961853027,13.539999961853027,11508,0.0,0.0,0.0
2025-06-30 03:45:00+00:00,13.529999732971191,13.539999961853027,13.529999732971191,13.539999961853027,3517,0.0,0.0,0.0
2025-06-30 03:50:00+00:00,13.539999961853027,13.550000190734863,13.539999961853027,13.550000190734863,17214,0.0,0.0,0.0
2025-06-30 03:55:00+00:00,13.539999961853027,13.539999961853027,13.539999961853027,13.539999961853027,5383,0.0,0.0,0.0
2025-06-30 04:00:00+00:00,13.539999961853027,13.539999961853027,13.529999732971191,13.529999732971191,7584,0.0,0.0,0.0
2025-06-30 04:05:00+00:00,13.5600004196167,13.5600004196167,13.5600004196167,13.5600004196167,2297,0.0,0.0,0.0
2025-06-30 04:10:00+00:00,13.5600004196167,13.5600004196167,13.5600004196167,13.5600004196167,7277,0.0,0.0,0.0
2025-06-30 04:15:00+00:00,13.5600004196167,13.5600004196167,13.5600004196167,13.5600004196167,6267,0.0,0.0,0.0
2025-06-30 04:20:00+00:00,13.5600004196167,13.5600004196167,13.550000190734863,13.5600004196167,25885,0.0,0.0,0.0
2025-06-30 04:25:00+00:00,13.5600004196167,13.5600004196167,13.550000190734863,13.550000190734863,9375,0.0,0.0,0.0
2025-06-30 04:30:00+00:00,13.5600004196167,13.5600004196167,13.550000190734863,13.5600004196167,25899,0.0,0.0,0.0
2025-06-30 04:35:00+00:00,13.550000190734863,13.5600004196167,13.550000190734863,13.5600004196167,51125,0.0,0.0,0.0
2025-06-30 04:40:00+00:00,13.550000190734863,13.5600004196167,13.550000190734863,13.5600004196167,11100,0.0,0.0,0.0
2025-06-30 04:45:00+00:00,13.5600004196167,13.5600004196167,13.5600004196167,13.5600004196167,11098,0.0,0.0,0.0
2025-06-30 04:50:00+00:00,13.550000190734863,13.5600004196167,13.550000190734863,13.5600004196167,17875,0.0,0.0,0.0
2025-06-30 04:55:00+00:00,13.5600004196167,13.5600004196167,13.550000190734863,13.550000190734863,5466,0.0,0.0,0.0
2025-06-30 05:00:00+00:00,13.550000190734863,13.550000190734863,13.550000190734863,13.550000190734863,9138,0.0,0.0,0.0
2025-06-30 05:05:00+00:00,13.550000190734863,13.550000190734863,13.550000190734863,13.550000190734863,72226,0.0,0.0,0.0
2025-06-30 05:10:00+00:00,13.550000190734863,13.569999694824219,13.550000190734863,13.569999694824219,70132,0.0,0.0,0.0
2025-06-30 05:15:00+00:00,13.569999694824219,13.569999694824219,13.550000190734863,13.550000190734863,14702,0.0,0.0,0.0
2025-06-30 05:20:00+00:00,13.550000190734863,13.5600004196167,13.550000190734863,13.550000190734863,45252,0.0,0.0,0.0
2025-07-01 01:00:00+00:00,13.600000381469727,13.640000343322754,13.600000381469727,13.630000114440918,0,0.0,0.0,0.0
2025-07-01 01:05:00+00:00,13.640000343322754,13.680000305175781,13.640000343322754,13.680000305175781,432000,0.0,0.0,0.0
2025-07-01 01:10:00+00:00,13.680000305175781,13.699999809265137,13.680000305175781,13.699999809265137,390148,0.0,0.0,0.0
2025-07-01 01:15:00+00:00,13.699999809265137,13.710000038146973,13.699999809265137,13.699999809265137,81735,0.0,0.0,0.0
2025-07-01 01:20:00+00:00,13.6899995803833,13.710000038146973,13.6899995803833,13.699999809265137,279199,0.0,0.0,0.0
2025-07-01 01:25:00+00:00,13.699999809265137,13.710000038146973,13.6899995803833,13.699999809265137,114801,0.0,0.0,0.0
2025-07-01 01:30:00+00:00,13.699999809265137,13.729999542236328,13.6899995803833,13.729999542236328,654180,0.0,0.0,0.0
2025-07-01 01:35:00+00:00,13.739999771118164,13.760000228881836,13.739999771118164,13.760000228881836,450457,0.0,0.0,0.0
2025-07-01 01:40:00+00:00,13.75,13.779999732971191,13.75,13.770000457763672,272022,0.0,0.0,0.0
2025-07-01 01:45:00+00:00,13.770000457763672,13.770000457763672,13.760000228881836,13.770000457763672,162583,0.0,0.0,0.0
2025-07-01 01:50:00+00:00,13.770000457763672,13.770000457763672,13.760000228881836,13.760000228881836,26111,0.0,0.0,0.0
2025-07-01 01:55:00+00:00,13.760000228881836,13.779999732971191,13.760000228881836,13.779999732971191,350183,0.0,0.0,0.0
2025-07-01 02:00:00+00:00,13.779999732971191,13.779999732971191,13.770000457763672,13.770000457763672,5292,0.0,0.0,0.0
2025-07-01 02:05:00+00:00,13.770000457763672,13.770000457763672,13.760000228881836,13.760000228881836,42133,0.0,0.0,0.0
2025-07-01 02:10:00+00:00,13.770000457763672,13.779999732971191,13.760000228881836,13.770000457763672,596433,0.0,0.0,0.0
2025-07-01 02:15:00+00:00,13.770000457763672,13.770000457763672,13.770000457763672,13.770000457763672,43245,0.0,0.0,0.0
2025-07-01 02:20:00+00:00,13.770000457763672,13.770000457763672,13.770000457763672,13.770000457763672,25264,0.0,0.0,0.0
2025-07-01 02:25:00+00:00,13.760000228881836,13.770000457763672,13.760000228881836,13.760000228881836,41542,0.0,0.0,0.0
2025-07-01 02:30:00+00:00,13.760000228881836,13.760000228881836,13.75,13.75,44434,0.0,0.0,0.0
2025-07-01 02:35:00+00:00,13.75,13.75,13.739999771118164,13.75,47044,0.0,0.0,0.0
2025-07-01 02:40:00+00:00,13.75,13.75,13.75,13.75,2058,0.0,0.0,0.0
2025-07-01 02:45:00+00:00,13.739999771118164,13.739999771118164,13.739999771118164,13.739999771118164,5449,0.0,0.0,0.0
2025-07-01 02:50:00+00:00,13.729999542236328,13.739999771118164,13.729999542236328,13.739999771118164,69094,0.0,0.0,0.0
2025-07-01 02:55:00+00:00,13.75,13.760000228881836,13.739999771118164,13.75,197010,0.0,0.0,0.0
2025-07-01 03:00:00+00:00,13.760000228881836,13.760000228881836,13.75,13.75,73802,0.0,0.0,0.0
2025-07-01 03:05:00+00:00,13.75,13.75,13.739999771118164,13.739999771118164,7253,0.0,0.0,0.0
2025-07-01 03:10:00+00:00,13.739999771118164,13.739999771118164,13.739999771118164,13.739999771118164,15820,0.0,0.0,0.0
2025-07-01 03:15:00+00:00,13.739999771118164,13.739999771118164,13.720000267028809,13.720000267028809,16490,0.0,0.0,0.0
2025-07-01 03:20:00+00:00,13.720000267028809,13.729999542236328,13.710000038146973,13.729999542236328,17157,0.0,0.0,0.0
2025-07-01 03:25:00+00:00,13.720000267028809,13.720000267028809,13.699999809265137,13.699999809265137,79362,0.0,0.0,0.0
2025-07-01 03:30:00+00:00,13.710000038146973,13.710000038146973,13.6899995803833,13.6899995803833,212213,0.0,0.0,0.0
2025-07-01 03:35:00+00:00,13.699999809265137,13.699999809265137,13.680000305175781,13.680000305175781,16054,0.0,0.0,0.0
2025-07-01 03:40:00+00:00,13.680000305175781,13.680000305175781,13.670000076293945,13.670000076293945,13566,0.0,0.0,0.0
2025-07-01 03:45:00+00:00,13.680000305175781,13.680000305175781,13.670000076293945,13.670000076293945,29275,0.0,0.0,0.0
2025-07-01 03:50:00+00:00,13.680000305175781,13.680000305175781,13.670000076293945,13.670000076293945,2798,0.0,0.0,0.0
2025-07-01 03:55:00+00:00,13.670000076293945,13.680000305175781,13.670000076293945,13.680000305175781,35145,0.0,0.0,0.0
2025-07-01 04:00:00+00:00,13.670000076293945,13.699999809265137,13.670000076293945,13.699999809265137,36052,0.0,0.0,0.0
2025-07-01 04:05:00+00:00,13.699999809265137,13.699999809265137,13.680000305175781,13.680000305175781,6169,0.0,0.0,0.0
2025-07-01 04:10:00+00:00,13.680000305175781,13.680000305175781,13.670000076293945,13.670000076293945,7414,0.0,0.0,0.0
2025-07-01 04:15:00+00:00,13.680000305175781,13.680000305175781,13.680000305175781,13.680000305175781,4117,0.0,0.0,0.0
2025-07-01 04:20:00+00:00,13.670000076293945,13.670000076293945,13.640000343322754,13.640000343322754,217928,0.0,0.0,0.0
2025-07-01 04:25:00+00:00,13.640000343322754,13.640000343322754,13.630000114440918,13.630000114440918,12017,0.0,0.0,0.0
2025-07-01 04:30:00+00:00,13.640000343322754,13.640000343322754,13.630000114440918,13.630000114440918,26143,0.0,0.0,0.0
2025-07-01 04:35:00+00:00,13.630000114440918,13.640000343322754,13.630000114440918,13.640000343322754,54720,0.0,0.0,0.0
2025-07-01 04:40:00+00:00,13.640000343322754,13.640000343322754,13.630000114440918,13.630000114440918,14020,0.0,0.0,0.0
2025-07-01 04:45:00+00:00,13.630000114440918,13.640000343322754,13.630000114440918,13.640000343322754,5510,0.0,0.0,0.0
2025-07-01 04:50:00+00:00,13.640000343322754,13.640000343322754,13.630000114440918,13.640000343322754,87035,0.0,0.0,0.0
2025-07-01 04:55:00+00:00,13.640000343322754,13.649999618530273,13.640000343322754,13.640000343322754,25292,0.0,0.0,0.0
2025-07-01 05:00:00+00:00,13.640000343322754,13.649999618530273,13.640000343322754,13.649999618530273,38030,0.0,0.0,0.0
2025-07-01 05:05:00+00:00,13.649999618530273,13.649999618530273,13.640000343322754,13.640000343322754,42640,0.0,0.0,0.0
2025-07-01 05:10:00+00:00,13.640000343322754,13.640000343322754,13.640000343322754,13.640000343322754,6362,0.0,0.0,0.0
2025-07-01 05:15:00+00:00,13.649999618530273,13.649999618530273,13.649999618530273,13.649999618530273,2930,0.0,0.0,0.0
2025-07-01 05:20:00+00:00,13.649999618530273,13.65999984741211,13.649999618530273,13.65999984741211,43810,0.0,0.0,0.0
2025-07-01 05:25:00+00:00,13.649999618530273,13.649999618530273,13.640000343322754,13.640000343322754,20869,0.0,0.0,0.0
2025-07-02 01:00:00+00:00,13.600000381469727,13.630000114440918,13.600000381469727,13.600000381469727,0,0.0,0.0,0.0
2025-07-02 01:05:00+00:00,13.619999885559082,13.640000343322754,13.619999885559082,13.640000343322754,204621,0.0,0.0,0.0
2025-07-02 01:10:00+00:00,13.640000343322754,13.640000343322754,13.619999885559082,13.619999885559082,157240,0.0,0.0,0.0
2025-07-02 01:15:00+00:00,13.619999885559082,13.640000343322754,13.619999885559082,13.630000114440918,48829,0.0,0.0,0.0
2025-07-02 01:20:00+00:00,13.619999885559082,13.630000114440918,13.619999885559082,13.630000114440918,76353,0.0,0.0,0.0
2025-07-02 01:25:00+00:00,13.619999885559082,13.630000114440918,13.619999885559082,13.630000114440918,42000,0.0,0.0,0.0
2025-07-02 01:30:00+00:00,13.630000114440918,13.630000114440918,13.619999885559082,13.619999885559082,37968,0.0,0.0,0.0
2025-07-02 01:35:00+00:00,13.630000114440918,13.630000114440918,13.630000114440918,13.630000114440918,5129,0.0,0.0,0.0
2025-07-02 01:40:00+00:00,13.619999885559082,13.619999885559082,13.619999885559082,13.619999885559082,58310,0.0,0.0,0.0
2025-07-02 01:45:00+00:00,13.619999885559082,13.630000114440918,13.619999885559082,13.630000114440918,4055,0.0,0.0,0.0
2025-07-02 01:50:00+00:00,13.630000114440918,13.630000114440918,13.619999885559082,13.619999885559082,8054,0.0,0.0,0.0
2025-07-02 01:55:00+00:00,13.619999885559082,13.619999885559082,13.619999885559082,13.619999885559082,16396,0.0,0.0,0.0
2025-07-02 02:00:00+00:00,13.619999885559082,13.630000114440918,13.619999885559082,13.630000114440918,174273,0.0,0.0,0.0
2025-07-02 02:05:00+00:00,13.640000343322754,13.640000343322754,13.640000343322754,13.640000343322754,6684,0.0,0.0,0.0
2025-07-02 02:10:00+00:00,13.640000343322754,13.640000343322754,13.619999885559082,13.630000114440918,216115,0.0,0.0,0.0
2025-07-02 02:15:00+00:00,13.630000114440918,13.640000343322754,13.630000114440918,13.640000343322754,15276,0.0,0.0,0.0
2025-07-02 02:20:00+00:00,13.640000343322754,13.640000343322754,13.630000114440918,13.630000114440918,4422,0.0,0.0,0.0
2025-07-02 02:25:00+00:00,13.630000114440918,13.630000114440918,13.630000114440918,13.630000114440918,20843,0.0,0.0,0.0
2025-07-02 02:30:00+00:00,13.630000114440918,13.640000343322754,13.630000114440918,13.640000343322754,154230,0.0,0.0,0.0
2025-07-02 02:35:00+00:00,13.649999618530273,13.65999984741211,13.649999618530273,13.65999984741211,107927,0.0,0.0,0.0
2025-07-02 02:40:00+00:00,13.65999984741211,13.65999984741211,13.65999984741211,13.65999984741211,14054,0.0,0.0,0.0
2025-07-02 02:45:00+00:00,13.65999984741211,13.65999984741211,13.65999984741211,13.65999984741211,8833,0.0,0.0,0.0
2025-07-02 02:50:00+00:00,13.65999984741211,13.65999984741211,13.65999984741211,13.65999984741211,2305,0.0,0.0,0.0
2025-07-02 02:55:00+00:00,13.65999984741211,13.65999984741211,13.65999984741211,13.65999984741211,2034,0.0,0.0,0.0
2025-07-02 03:00:00+00:00,13.65999984741211,13.65999984741211,13.65999984741211,13.65999984741211,15045,0.0,0.0,0.0
2025-07-02 03:05:00+00:00,13.65999984741211,13.65999984741211,13.65999984741211,13.65999984741211,17309,0.0,0.0,0.0
2025-07-02 03:10:00+00:00,13.65999984741211,13.65999984741211,13.65999984741211,13.65999984741211,16283,0.0,0.0,0.0
2025-07-02 03:15:00+00:00,13.649999618530273,13.65999984741211,13.649999618530273,13.65999984741211,50026,0.0,0.0,0.0
2025-07-02 03:20:00+00:00,13.670000076293945,13.670000076293945,13.65999984741211,13.65999984741211,3323,0.0,0.0,0.0
2025-07-02 03:25:00+00:00,13.65999984741211,13.65999984741211,13.65999984741211,13.65999984741211,30499,0.0,0.0,0.0
2025-07-02 03:35:00+00:00,13.649999618530273,13.65999984741211,13.649999618530273,13.65999984741211,138041,0.0,0.0,0.0
2025-07-02 03:40:00+00:00,13.65999984741211,13.670000076293945,13.65999984741211,13.670000076293945,2042,0.0,0.0,0.0
2025-07-02 03:45:00+00:00,13.65999984741211,13.65999984741211,13.649999618530273,13.65999984741211,34436,0.0,0.0,0.0
2025-07-02 03:55:00+00:00,13.65999984741211,13.65999984741211,13.649999618530273,13.649999618530273,26286,0.0,0.0,0.0
2025-07-02 04:05:00+00:00,13.65999984741211,13.65999984741211,13.65999984741211,13.65999984741211,15047,0.0,0.0,0.0
2025-07-02 04:10:00+00:00,13.65999984741211,13.65999984741211,13.65999984741211,13.65999984741211,4214,0.0,0.0,0.0
2025-07-02 04:15:00+00:00,13.65999984741211,13.65999984741211,13.65999984741211,13.65999984741211,16142,0.0,0.0,0.0
2025-07-02 04:20:00+00:00,13.65999984741211,13.65999984741211,13.65999984741211,13.65999984741211,17759,0.0,0.0,0.0
2025-07-02 04:25:00+00:00,13.670000076293945,13.670000076293945,13.670000076293945,13.670000076293945,100541,0.0,0.0,0.0
2025-07-02 04:30:00+00:00,13.670000076293945,13.670000076293945,13.670000076293945,13.670000076293945,13194,0.0,0.0,0.0
2025-07-02 04:35:00+00:00,13.680000305175781,13.680000305175781,13.680000305175781,13.680000305175781,8551,0.0,0.0,0.0
2025-07-02 04:40:00+00:00,13.680000305175781,13.680000305175781,13.670000076293945,13.670000076293945,160191,0.0,0.0,0.0
2025-07-02 04:45:00+00:00,13.670000076293945,13.670000076293945,13.670000076293945,13.670000076293945,8610,0.0,0.0,0.0
2025-07-02 04:50:00+00:00,13.670000076293945,13.680000305175781,13.670000076293945,13.670000076293945,82040,0.0,0.0,0.0
2025-07-02 04:55:00+00:00,13.670000076293945,13.680000305175781,13.670000076293945,13.680000305175781,25091,0.0,0.0,0.0
2025-07-02 05:00:00+00:00,13.670000076293945,13.680000305175781,13.670000076293945,13.680000305175781,6286,0.0,0.0,0.0
2025-07-02 05:05:00+00:00,13.680000305175781,13.680000305175781,13.670000076293945,13.670000076293945,178350,0.0,0.0,0.0
2025-07-02 05:10:00+00:00,13.670000076293945,13.670000076293945,13.670000076293945,13.670000076293945,30722,0.0,0.0,0.0
2025-07-02 05:15:00+00:00,13.680000305175781,13.680000305175781,13.670000076293945,13.670000076293945,77510,0.0,0.0,0.0
2025-07-02 05:20:00+00:00,13.680000305175781,13.680000305175781,13.670000076293945,13.670000076293945,26703,0.0,0.0,0.0
2025-07-03 01:00:00+00:00,13.800000190734863,13.819999694824219,13.800000190734863,13.819999694824219,0,0.0,0.0,0.0
2025-07-03 01:05:00+00:00,13.800000190734863,13.8100004196167,13.800000190734863,13.8100004196167,219805,0.0,0.0,0.0
2025-07-03 01:10:00+00:00,13.8100004196167,13.819999694824219,13.8100004196167,13.819999694824219,147130,0.0,0.0,0.0
2025-07-03 01:15:00+00:00,13.8100004196167,13.8100004196167,13.789999961853027,13.8100004196167,264294,0.0,0.0,0.0
2025-07-03 01:20:00+00:00,13.8100004196167,13.819999694824219,13.800000190734863,13.819999694824219,145578,0.0,0.0,0.0
2025-07-03 01:25:00+00:00,13.819999694824219,13.829999923706055,13.819999694824219,13.829999923706055,484572,0.0,0.0,0.0
2025-07-03 01:30:00+00:00,13.829999923706055,13.84000015258789,13.829999923706055,13.84000015258789,356138,0.0,0.0,0.0
2025-07-03 01:35:00+00:00,13.84000015258789,13.850000381469727,13.829999923706055,13.829999923706055,76171,0.0,0.0,0.0
2025-07-03 01:40:00+00:00,13.829999923706055,13.84000015258789,13.829999923706055,13.829999923706055,66074,0.0,0.0,0.0
2025-07-03 01:45:00+00:00,13.84000015258789,13.84000015258789,13.829999923706055,13.829999923706055,236425,0.0,0.0,0.0
2025-07-03 01:50:00+00:00,13.84000015258789,13.84000015258789,13.829999923706055,13.829999923706055,89417,0.0,0.0,0.0
2025-07-03 01:55:00+00:00,13.829999923706055,13.84000015258789,13.829999923706055,13.84000015258789,392714,0.0,0.0,0.0
2025-07-03 02:00:00+00:00,13.850000381469727,13.850000381469727,13.829999923706055,13.84000015258789,252639,0.0,0.0,0.0
2025-07-03 02:05:00+00:00,13.84000015258789,13.850000381469727,13.84000015258789,13.84000015258789,118629,0.0,0.0,0.0
2025-07-03 02:10:00+00:00,13.84000015258789,13.850000381469727,13.84000015258789,13.850000381469727,956495,0.0,0.0,0.0
2025-07-03 02:15:00+00:00,13.859999656677246,13.859999656677246,13.84000015258789,13.850000381469727,29359,0.0,0.0,0.0
2025-07-03 02:20:00+00:00,13.850000381469727,13.850000381469727,13.84000015258789,13.84000015258789,45111,0.0,0.0,0.0
2025-07-03 02:25:00+00:00,13.850000381469727,13.850000381469727,13.84000015258789,13.84000015258789,24598,0.0,0.0,0.0
2025-07-03 02:30:00+00:00,13.850000381469727,13.850000381469727,13.84000015258789,13.84000015258789,124141,0.0,0.0,0.0
2025-07-03 02:35:00+00:00,13.84000015258789,13.84000015258789,13.829999923706055,13.84000015258789,14010,0.0,0.0,0.0
2025-07-03 02:40:00+00:00,13.84000015258789,13.84000015258789,13.829999923706055,13.84000015258789,73124,0.0,0.0,0.0
2025-07-03 02:45:00+00:00,13.84000015258789,13.850000381469727,13.84000015258789,13.850000381469727,48973,0.0,0.0,0.0
2025-07-03 02:50:00+00:00,13.84000015258789,13.850000381469727,13.84000015258789,13.84000015258789,44117,0.0,0.0,0.0
2025-07-03 02:55:00+00:00,13.850000381469727,13.850000381469727,13.84000015258789,13.84000015258789,86010,0.0,0.0,0.0
2025-07-03 03:00:00+00:00,13.84000015258789,13.850000381469727,13.829999923706055,13.84000015258789,58330,0.0,0.0,0.0
2025-07-03 03:05:00+00:00,13.84000015258789,13.850000381469727,13.84000015258789,13.84000015258789,34164,0.0,0.0,0.0
2025-07-03 03:10:00+00:00,13.84000015258789,13.850000381469727,13.84000015258789,13.84000015258789,27027,0.0,0.0,0.0
2025-07-03 03:15:00+00:00,13.84000015258789,13.850000381469727,13.84000015258789,13.84000015258789,95425,0.0,0.0,0.0
2025-07-03 03:20:00+00:00,13.850000381469727,13.850000381469727,13.84000015258789,13.84000015258789,15340,0.0,0.0,0.0
2025-07-03 03:25:00+00:00,13.84000015258789,13.850000381469727,13.84000015258789,13.84000015258789,295372,0.0,0.0,0.0
2025-07-03 03:30:00+00:00,13.850000381469727,13.850000381469727,13.84000015258789,13.850000381469727,330264,0.0,0.0,0.0
2025-07-03 03:35:00+00:00,13.850000381469727,13.850000381469727,13.850000381469727,13.850000381469727,23321,0.0,0.0,0.0
2025-07-03 03:40:00+00:00,13.850000381469727,13.859999656677246,13.850000381469727,13.850000381469727,205020,0.0,0.0,0.0
2025-07-03 03:45:00+00:00,13.850000381469727,13.850000381469727,13.84000015258789,13.84000015258789,34491,0.0,0.0,0.0
2025-07-03 03:50:00+00:00,13.84000015258789,13.850000381469727,13.84000015258789,13.850000381469727,43153,0.0,0.0,0.0
2025-07-03 03:55:00+00:00,13.850000381469727,13.850000381469727,13.84000015258789,13.84000015258789,57443,0.0,0.0,0.0
2025-07-03 04:00:00+00:00,13.84000015258789,13.84000015258789,13.84000015258789,13.84000015258789,1020,0.0,0.0,0.0
2025-07-03 04:05:00+00:00,13.84000015258789,13.850000381469727,13.84000015258789,13.84000015258789,68638,0.0,0.0,0.0
2025-07-03 04:10:00+00:00,13.84000015258789,13.850000381469727,13.84000015258789,13.84000015258789,52182,0.0,0.0,0.0
2025-07-03 04:15:00+00:00,13.84000015258789,13.859999656677246,13.84000015258789,13.850000381469727,123031,0.0,0.0,0.0
2025-07-03 04:20:00+00:00,13.850000381469727,13.850000381469727,13.829999923706055,13.829999923706055,23176,0.0,0.0,0.0
2025-07-03 04:25:00+00:00,13.829999923706055,13.84000015258789,13.829999923706055,13.84000015258789,27000,0.0,0.0,0.0
2025-07-03 04:30:00+00:00,13.850000381469727,13.850000381469727,13.84000015258789,13.850000381469727,155933,0.0,0.0,0.0
2025-07-03 04:35:00+00:00,13.84000015258789,13.850000381469727,13.84000015258789,13.850000381469727,23008,0.0,0.0,0.0
2025-07-03 04:40:00+00:00,13.84000015258789,13.850000381469727,13.84000015258789,13.84000015258789,27420,0.0,0.0,0.0
2025-07-03 04:45:00+00:00,13.84000015258789,13.850000381469727,13.829999923706055,13.850000381469727,103100,0.0,0.0,0.0
2025-07-03 04:50:00+00:00,13.84000015258789,13.850000381469727,13.829999923706055,13.850000381469727,49221,0.0,0.0,0.0
2025-07-03 04:55:00+00:00,13.829999923706055,13.850000381469727,13.829999923706055,13.84000015258789,26948,0.0,0.0,0.0
2025-07-03 05:00:00+00:00,13.84000015258789,13.850000381469727,13.84000015258789,13.850000381469727,46975,0.0,0.0,0.0
2025-07-03 05:05:00+00:00,13.850000381469727,13.850000381469727,13.84000015258789,13.84000015258789,176810,0.0,0.0,0.0
2025-07-03 05:10:00+00:00,13.850000381469727,13.850000381469727,13.850000381469727,13.850000381469727,2051,0.0,0.0,0.0
2025-07-03 05:15:00+00:00,13.850000381469727,13.850000381469727,13.84000015258789,13.850000381469727,115634,0.0,0.0,0.0
2025-07-03 05:20:00+00:00,13.84000015258789,13.850000381469727,13.84000015258789,13.84000015258789,127539,0.0,0.0,0.0
2025-07-04 01:00:00+00:00,13.869999885559082,13.899999618530273,13.869999885559082,13.890000343322754,0,0.0,0.0,0.0
2025-07-04 01:05:00+00:00,13.890000343322754,13.890000343322754,13.880000114440918,13.880000114440918,267000,0.0,0.0,0.0
2025-07-04 01:10:00+00:00,13.880000114440918,13.890000343322754,13.869999885559082,13.890000343322754,139172,0.0,0.0,0.0
2025-07-04 01:15:00+00:00,13.869999885559082,13.869999885559082,13.859999656677246,13.859999656677246,32723,0.0,0.0,0.0
2025-07-04 01:20:00+00:00,13.859999656677246,13.859999656677246,13.850000381469727,13.850000381469727,180438,0.0,0.0,0.0
2025-07-04 01:25:00+00:00,13.850000381469727,13.859999656677246,13.84000015258789,13.850000381469727,226764,0.0,0.0,0.0
2025-07-04 01:30:00+00:00,13.850000381469727,13.850000381469727,13.819999694824219,13.84000015258789,74482,0.0,0.0,0.0
2025-07-04 01:35:00+00:00,13.819999694824219,13.819999694824219,13.8100004196167,13.819999694824219,19918,0.0,0.0,0.0
2025-07-04 01:40:00+00:00,13.8100004196167,13.8100004196167,13.800000190734863,13.800000190734863,14419,0.0,0.0,0.0
2025-07-04 01:45:00+00:00,13.800000190734863,13.800000190734863,13.770000457763672,13.770000457763672,87106,0.0,0.0,0.0
2025-07-04 01:50:00+00:00,13.770000457763672,13.779999732971191,13.770000457763672,13.779999732971191,51824,0.0,0.0,0.0
2025-07-04 01:55:00+00:00,13.779999732971191,13.779999732971191,13.779999732971191,13.779999732971191,21207,0.0,0.0,0.0
2025-07-04 02:00:00+00:00,13.779999732971191,13.789999961853027,13.770000457763672,13.770000457763672,111357,0.0,0.0,0.0
2025-07-04 02:05:00+00:00,13.779999732971191,13.779999732971191,13.75,13.770000457763672,126675,0.0,0.0,0.0
2025-07-04 02:10:00+00:00,13.770000457763672,13.770000457763672,13.770000457763672,13.770000457763672,15080,0.0,0.0,0.0
2025-07-04 02:15:00+00:00,13.770000457763672,13.770000457763672,13.770000457763672,13.770000457763672,1083,0.0,0.0,0.0
2025-07-04 02:20:00+00:00,13.770000457763672,13.770000457763672,13.760000228881836,13.770000457763672,69258,0.0,0.0,0.0
2025-07-04 02:25:00+00:00,13.760000228881836,13.770000457763672,13.760000228881836,13.770000457763672,11032,0.0,0.0,0.0
2025-07-04 02:30:00+00:00,13.779999732971191,13.779999732971191,13.770000457763672,13.779999732971191,27241,0.0,0.0,0.0
2025-07-04 02:35:00+00:00,13.770000457763672,13.779999732971191,13.770000457763672,13.779999732971191,98018,0.0,0.0,0.0
2025-07-04 02:40:00+00:00,13.770000457763672,13.789999961853027,13.770000457763672,13.789999961853027,14576,0.0,0.0,0.0
2025-07-04 02:45:00+00:00,13.789999961853027,13.800000190734863,13.779999732971191,13.779999732971191,119913,0.0,0.0,0.0
2025-07-04 02:50:00+00:00,13.779999732971191,13.779999732971191,13.779999732971191,13.779999732971191,4162,0.0,0.0,0.0
2025-07-04 02:55:00+00:00,13.789999961853027,13.789999961853027,13.779999732971191,13.789999961853027,9036,0.0,0.0,0.0
2025-07-04 03:00:00+00:00,13.779999732971191,13.779999732971191,13.779999732971191,13.779999732971191,8242,0.0,0.0,0.0
2025-07-04 03:05:00+00:00,13.779999732971191,13.779999732971191,13.779999732971191,13.779999732971191,34053,0.0,0.0,0.0
2025-07-04 03:10:00+00:00,13.770000457763672,13.779999732971191,13.770000457763672,13.779999732971191,4333,0.0,0.0,0.0
2025-07-04 03:15:00+00:00,13.770000457763672,13.779999732971191,13.770000457763672,13.779999732971191,44018,0.0,0.0,0.0
2025-07-04 03:20:00+00:00,13.789999961853027,13.789999961853027,13.789999961853027,13.789999961853027,3057,0.0,0.0,0.0
2025-07-04 03:25:00+00:00,13.779999732971191,13.779999732971191,13.779999732971191,13.779999732971191,1000,0.0,0.0,0.0
2025-07-04 03:30:00+00:00,13.779999732971191,13.779999732971191,13.779999732971191,13.779999732971191,27052,0.0,0.0,0.0
2025-07-04 03:35:00+00:00,13.779999732971191,13.779999732971191,13.770000457763672,13.770000457763672,52853,0.0,0.0,0.0
2025-07-04 03:40:00+00:00,13.760000228881836,13.760000228881836,13.75,13.760000228881836,25622,0.0,0.0,0.0
2025-07-04 03:45:00+00:00,13.75,13.760000228881836,13.75,13.760000228881836,9050,0.0,0.0,0.0
2025-07-04 03:50:00+00:00,13.75,13.760000228881836,13.75,13.75,54156,0.0,0.0,0.0
2025-07-04 03:55:00+00:00,13.75,13.75,13.75,13.75,1311,0.0,0.0,0.0
2025-07-04 04:00:00+00:00,13.75,13.75,13.75,13.75,66051,0.0,0.0,0.0
2025-07-04 04:05:00+00:00,13.760000228881836,13.760000228881836,13.739999771118164,13.739999771118164,17030,0.0,0.0,0.0
2025-07-04 04:10:00+00:00,13.739999771118164,13.760000228881836,13.739999771118164,13.760000228881836,30534,0.0,0.0,0.0
2025-07-04 04:15:00+00:00,13.75,13.75,13.75,13.75,56635,0.0,0.0,0.0
2025-07-04 04:20:00+00:00,13.75,13.75,13.739999771118164,13.75,32576,0.0,0.0,0.0
2025-07-04 04:25:00+00:00,13.75,13.75,13.739999771118164,13.739999771118164,76069,0.0,0.0,0.0
2025-07-04 04:30:00+00:00,13.75,13.75,13.75,13.75,7737,0.0,0.0,0.0
2025-07-04 04:35:00+00:00,13.75,13.75,13.739999771118164,13.739999771118164,58577,0.0,0.0,0.0
2025-07-04 04:40:00+00:00,13.75,13.75,13.75,13.75,39020,0.0,0.0,0.0
2025-07-04 04:45:00+00:00,13.75,13.760000228881836,13.75,13.75,37021,0.0,0.0,0.0
2025-07-04 04:50:00+00:00,13.75,13.760000228881836,13.75,13.760000228881836,29010,0.0,0.0,0.0
2025-07-04 04:55:00+00:00,13.760000228881836,13.760000228881836,13.75,13.75,57645,0.0,0.0,0.0
2025-07-04 05:00:00+00:00,13.75,13.760000228881836,13.739999771118164,13.739999771118164,49060,0.0,0.0,0.0
2025-07-04 05:05:00+00:00,13.739999771118164,13.739999771118164,13.739999771118164,13.739999771118164,58651,0.0,0.0,0.0
2025-07-04 05:10:00+00:00,13.739999771118164,13.739999771118164,13.729999542236328,13.729999542236328,8027,0.0,0.0,0.0
2025-07-04 05:15:00+00:00,13.739999771118164,13.739999771118164,13.729999542236328,13.739999771118164,23812,0.0,0.0,0.0
2025-07-04 05:20:00+00:00,13.739999771118164,13.739999771118164,13.729999542236328,13.729999542236328,70499,0.0,0.0,0.0
2025-05-08 01:00:00+00:00,12.220000267028809,12.270000457763672,12.220000267028809,12.260000228881836,0,0.0,0.0,0.0
2025-05-08 01:05:00+00:00,12.260000228881836,12.270000457763672,12.25,12.270000457763672,84000,0.0,0.0,0.0
2025-05-08 01:10:00+00:00,12.260000228881836,12.300000190734863,12.260000228881836,12.300000190734863,47367,0.0,0.0,0.0
2025-05-08 01:15:00+00:00,12.300000190734863,12.300000190734863,12.270000457763672,12.279999732971191,42139,0.0,0.0,0.0
2025-05-08 01:20:00+00:00,12.270000457763672,12.279999732971191,12.270000457763672,12.279999732971191,14205,0.0,0.0,0.0
2025-05-08 01:40:00+00:00,12.239999771118164,12.260000228881836,12.239999771118164,12.260000228881836,85112,0.0,0.0,0.0
2025-05-08 01:45:00+00:00,12.270000457763672,12.270000457763672,12.270000457763672,12.270000457763672,1614,0.0,0.0,0.0
2025-05-08 01:50:00+00:00,12.260000228881836,12.270000457763672,12.25,12.270000457763672,31031,0.0,0.0,0.0
2025-05-08 01:55:00+00:00,12.25,12.260000228881836,12.25,12.260000228881836,49436,0.0,0.0,0.0
2025-05-08 02:05:00+00:00,12.260000228881836,12.260000228881836,12.25,12.25,8058,0.0,0.0,0.0
2025-05-08 02:10:00+00:00,12.260000228881836,12.260000228881836,12.229999542236328,12.229999542236328,15333,0.0,0.0,0.0
2025-05-08 02:15:00+00:00,12.229999542236328,12.239999771118164,12.229999542236328,12.239999771118164,33263,0.0,0.0,0.0
2025-05-08 02:20:00+00:00,12.239999771118164,12.25,12.239999771118164,12.25,75067,0.0,0.0,0.0
2025-05-08 02:25:00+00:00,12.260000228881836,12.260000228881836,12.260000228881836,12.260000228881836,6384,0.0,0.0,0.0
2025-05-08 02:35:00+00:00,12.260000228881836,12.260000228881836,12.25,12.260000228881836,22236,0.0,0.0,0.0
2025-05-08 02:40:00+00:00,12.260000228881836,12.270000457763672,12.260000228881836,12.270000457763672,44474,0.0,0.0,0.0
2025-05-08 02:45:00+00:00,12.270000457763672,12.270000457763672,12.260000228881836,12.260000228881836,5053,0.0,0.0,0.0
2025-05-08 02:50:00+00:00,12.270000457763672,12.270000457763672,12.270000457763672,12.270000457763672,26290,0.0,0.0,0.0
2025-05-08 02:55:00+00:00,12.279999732971191,12.279999732971191,12.279999732971191,12.279999732971191,52124,0.0,0.0,0.0
2025-05-08 03:00:00+00:00,12.279999732971191,12.300000190734863,12.279999732971191,12.300000190734863,126782,0.0,0.0,0.0
2025-05-08 03:05:00+00:00,12.3100004196167,12.3100004196167,12.3100004196167,12.3100004196167,1059,0.0,0.0,0.0
2025-05-08 03:10:00+00:00,12.3100004196167,12.3100004196167,12.3100004196167,12.3100004196167,27802,0.0,0.0,0.0
2025-05-08 03:15:00+00:00,12.3100004196167,12.319999694824219,12.3100004196167,12.319999694824219,25265,0.0,0.0,0.0
2025-05-08 03:20:00+00:00,12.329999923706055,12.329999923706055,12.319999694824219,12.319999694824219,17162,0.0,0.0,0.0
2025-05-08 03:25:00+00:00,12.319999694824219,12.329999923706055,12.319999694824219,12.319999694824219,11266,0.0,0.0,0.0
2025-05-08 03:30:00+00:00,12.329999923706055,12.329999923706055,12.319999694824219,12.319999694824219,10031,0.0,0.0,0.0
2025-05-08 03:35:00+00:00,12.319999694824219,12.319999694824219,12.3100004196167,12.3100004196167,7144,0.0,0.0,0.0
2025-05-08 03:45:00+00:00,12.289999961853027,12.300000190734863,12.289999961853027,12.300000190734863,10047,0.0,0.0,0.0
2025-05-08 03:50:00+00:00,12.300000190734863,12.3100004196167,12.300000190734863,12.3100004196167,31054,0.0,0.0,0.0
2025-05-08 03:55:00+00:00,12.319999694824219,12.319999694824219,12.319999694824219,12.319999694824219,1128,0.0,0.0,0.0
2025-05-08 04:00:00+00:00,12.319999694824219,12.319999694824219,12.3100004196167,12.319999694824219,12046,0.0,0.0,0.0
2025-05-08 04:05:00+00:00,12.3100004196167,12.3100004196167,12.300000190734863,12.300000190734863,7041,0.0,0.0,0.0
2025-05-08 04:10:00+00:00,12.300000190734863,12.319999694824219,12.300000190734863,12.319999694824219,70087,0.0,0.0,0.0
2025-05-08 04:15:00+00:00,12.319999694824219,12.329999923706055,12.319999694824219,12.329999923706055,36050,0.0,0.0,0.0
2025-05-08 04:20:00+00:00,12.329999923706055,12.329999923706055,12.329999923706055,12.329999923706055,6769,0.0,0.0,0.0
2025-05-08 04:25:00+00:00,12.319999694824219,12.329999923706055,12.319999694824219,12.319999694824219,16188,0.0,0.0,0.0
2025-05-08 04:30:00+00:00,12.329999923706055,12.34000015258789,12.329999923706055,12.329999923706055,41284,0.0,0.0,0.0
2025-05-08 04:35:00+00:00,12.329999923706055,12.34000015258789,12.329999923706055,12.329999923706055,3324,0.0,0.0,0.0
2025-05-08 04:40:00+00:00,12.329999923706055,12.329999923706055,12.329999923706055,12.329999923706055,29149,0.0,0.0,0.0
2025-05-08 04:45:00+00:00,12.34000015258789,12.350000381469727,12.34000015258789,12.350000381469727,52410,0.0,0.0,0.0
2025-05-08 04:50:00+00:00,12.34000015258789,12.34000015258789,12.34000015258789,12.34000015258789,6671,0.0,0.0,0.0
2025-05-08 05:00:00+00:00,12.350000381469727,12.350000381469727,12.350000381469727,12.350000381469727,80411,0.0,0.0,0.0
2025-05-08 05:05:00+00:00,12.350000381469727,12.350000381469727,12.350000381469727,12.350000381469727,3010,0.0,0.0,0.0
2025-05-08 05:10:00+00:00,12.34000015258789,12.34000015258789,12.329999923706055,12.329999923706055,18517,0.0,0.0,0.0
2025-05-08 05:15:00+00:00,12.329999923706055,12.34000015258789,12.319999694824219,12.329999923706055,48836,0.0,0.0,0.0
2025-05-08 05:20:00+00:00,12.329999923706055,12.329999923706055,12.319999694824219,12.319999694824219,31501,0.0,0.0,0.0
2025-05-09 01:00:00+00:00,12.34000015258789,12.399999618530273,12.34000015258789,12.390000343322754,0,0.0,0.0,0.0
2025-05-09 01:05:00+00:00,12.390000343322754,12.390000343322754,12.390000343322754,12.390000343322754,55630,0.0,0.0,0.0
2025-05-09 01:10:00+00:00,12.380000114440918,12.380000114440918,12.369999885559082,12.369999885559082,55129,0.0,0.0,0.0
2025-05-09 01:15:00+00:00,12.369999885559082,12.40999984741211,12.369999885559082,12.399999618530273,67677,0.0,0.0,0.0
2025-05-09 01:20:00+00:00,12.399999618530273,12.399999618530273,12.399999618530273,12.399999618530273,15426,0.0,0.0,0.0
2025-05-09 01:25:00+00:00,12.399999618530273,12.399999618530273,12.380000114440918,12.380000114440918,23028,0.0,0.0,0.0
2025-05-09 01:30:00+00:00,12.380000114440918,12.380000114440918,12.359999656677246,12.359999656677246,33346,0.0,0.0,0.0
2025-05-09 01:35:00+00:00,12.359999656677246,12.359999656677246,12.350000381469727,12.350000381469727,6467,0.0,0.0,0.0
2025-05-09 01:40:00+00:00,12.350000381469727,12.350000381469727,12.350000381469727,12.350000381469727,15849,0.0,0.0,0.0
2025-05-09 01:45:00+00:00,12.350000381469727,12.369999885559082,12.350000381469727,12.359999656677246,31742,0.0,0.0,0.0
2025-05-09 01:50:00+00:00,12.369999885559082,12.369999885559082,12.369999885559082,12.369999885559082,5091,0.0,0.0,0.0
2025-05-09 01:55:00+00:00,12.369999885559082,12.369999885559082,12.369999885559082,12.369999885559082,16227,0.0,0.0,0.0
2025-05-09 02:00:00+00:00,12.380000114440918,12.380000114440918,12.369999885559082,12.369999885559082,29301,0.0,0.0,0.0
2025-05-09 02:05:00+00:00,12.359999656677246,12.390000343322754,12.359999656677246,12.390000343322754,13292,0.0,0.0,0.0
2025-05-09 02:10:00+00:00,12.390000343322754,12.390000343322754,12.380000114440918,12.380000114440918,11050,0.0,0.0,0.0
2025-05-09 02:15:00+00:00,12.380000114440918,12.380000114440918,12.380000114440918,12.380000114440918,4661,0.0,0.0,0.0
2025-05-09 02:20:00+00:00,12.380000114440918,12.380000114440918,12.380000114440918,12.380000114440918,8049,0.0,0.0,0.0
2025-05-09 02:25:00+00:00,12.380000114440918,12.390000343322754,12.380000114440918,12.390000343322754,17050,0.0,0.0,0.0
2025-05-09 02:30:00+00:00,12.390000343322754,12.399999618530273,12.390000343322754,12.399999618530273,83970,0.0,0.0,0.0
2025-05-09 02:35:00+00:00,12.399999618530273,12.399999618530273,12.399999618530273,12.399999618530273,142103,0.0,0.0,0.0
2025-05-09 02:40:00+00:00,12.399999618530273,12.40999984741211,12.399999618530273,12.40999984741211,47218,0.0,0.0,0.0
2025-05-09 02:45:00+00:00,12.40999984741211,12.420000076293945,12.40999984741211,12.420000076293945,44883,0.0,0.0,0.0
2025-05-09 02:50:00+00:00,12.420000076293945,12.420000076293945,12.40999984741211,12.40999984741211,9050,0.0,0.0,0.0
2025-05-09 02:55:00+00:00,12.40999984741211,12.420000076293945,12.40999984741211,12.420000076293945,12162,0.0,0.0,0.0
2025-05-09 03:00:00+00:00,12.399999618530273,12.399999618530273,12.399999618530273,12.399999618530273,10753,0.0,0.0,0.0
2025-05-09 03:05:00+00:00,12.40999984741211,12.420000076293945,12.40999984741211,12.420000076293945,33154,0.0,0.0,0.0
2025-05-09 03:10:00+00:00,12.420000076293945,12.430000305175781,12.420000076293945,12.430000305175781,45680,0.0,0.0,0.0
2025-05-09 03:15:00+00:00,12.4399995803833,12.4399995803833,12.430000305175781,12.430000305175781,13111,0.0,0.0,0.0
2025-05-09 03:20:00+00:00,12.4399995803833,12.4399995803833,12.420000076293945,12.420000076293945,32051,0.0,0.0,0.0
2025-05-09 03:25:00+00:00,12.420000076293945,12.420000076293945,12.420000076293945,12.420000076293945,32045,0.0,0.0,0.0
2025-05-09 03:30:00+00:00,12.430000305175781,12.449999809265137,12.430000305175781,12.449999809265137,80440,0.0,0.0,0.0
2025-05-09 03:35:00+00:00,12.4399995803833,12.4399995803833,12.4399995803833,12.4399995803833,14816,0.0,0.0,0.0
2025-05-09 03:40:00+00:00,12.4399995803833,12.4399995803833,12.4399995803833,12.4399995803833,2011,0.0,0.0,0.0
2025-05-09 03:45:00+00:00,12.4399995803833,12.4399995803833,12.430000305175781,12.430000305175781,3222,0.0,0.0,0.0
2025-05-09 03:50:00+00:00,12.430000305175781,12.430000305175781,12.430000305175781,12.430000305175781,4016,0.0,0.0,0.0
2025-05-09 03:55:00+00:00,12.4399995803833,12.4399995803833,12.4399995803833,12.4399995803833,40029,0.0,0.0,0.0
2025-05-09 04:00:00+00:00,12.4399995803833,12.449999809265137,12.4399995803833,12.449999809265137,42187,0.0,0.0,0.0
2025-05-09 04:05:00+00:00,12.449999809265137,12.449999809265137,12.4399995803833,12.449999809265137,10070,0.0,0.0,0.0
2025-05-09 04:10:00+00:00,12.449999809265137,12.449999809265137,12.4399995803833,12.4399995803833,37361,0.0,0.0,0.0
2025-05-09 04:15:00+00:00,12.4399995803833,12.4399995803833,12.430000305175781,12.430000305175781,26315,0.0,0.0,0.0
2025-05-09 04:20:00+00:00,12.430000305175781,12.4399995803833,12.420000076293945,12.420000076293945,20060,0.0,0.0,0.0
2025-05-09 04:25:00+00:00,12.430000305175781,12.4399995803833,12.430000305175781,12.4399995803833,29268,0.0,0.0,0.0
2025-05-09 04:30:00+00:00,12.449999809265137,12.449999809265137,12.4399995803833,12.4399995803833,3742,0.0,0.0,0.0
2025-05-09 04:35:00+00:00,12.4399995803833,12.449999809265137,12.4399995803833,12.449999809265137,19644,0.0,0.0,0.0
2025-05-09 04:40:00+00:00,12.449999809265137,12.449999809265137,12.449999809265137,12.449999809265137,10282,0.0,0.0,0.0
2025-05-09 04:45:00+00:00,12.449999809265137,12.449999809265137,12.449999809265137,12.449999809265137,27100,0.0,0.0,0.0
2025-05-09 04:50:00+00:00,12.449999809265137,12.449999809265137,12.4399995803833,12.4399995803833,5073,0.0,0.0,0.0
2025-05-09 04:55:00+00:00,12.4399995803833,12.4399995803833,12.4399995803833,12.4399995803833,7280,0.0,0.0,0.0
2025-05-09 05:00:00+00:00,12.4399995803833,12.449999809265137,12.4399995803833,12.4399995803833,33060,0.0,0.0,0.0
2025-05-09 05:05:00+00:00,12.430000305175781,12.4399995803833,12.430000305175781,12.4399995803833,4552,0.0,0.0,0.0
2025-05-09 05:10:00+00:00,12.4399995803833,12.449999809265137,12.4399995803833,12.4399995803833,23562,0.0,0.0,0.0
2025-05-09 05:15:00+00:00,12.4399995803833,12.449999809265137,12.4399995803833,12.449999809265137,115190,0.0,0.0,0.0
2025-05-09 05:20:00+00:00,12.449999809265137,12.449999809265137,12.4399995803833,12.449999809265137,59911,0.0,0.0,0.0
2025-05-12 01:00:00+00:00,12.529999732971191,12.579999923706055,12.529999732971191,12.579999923706055,0,0.0,0.0,0.0
2025-05-12 01:05:00+00:00,12.59000015258789,12.600000381469727,12.579999923706055,12.600000381469727,233000,0.0,0.0,0.0
2025-05-12 01:10:00+00:00,12.600000381469727,12.609999656677246,12.600000381469727,12.609999656677246,66084,0.0,0.0,0.0
2025-05-12 01:15:00+00:00,12.609999656677246,12.609999656677246,12.600000381469727,12.600000381469727,10397,0.0,0.0,0.0
2025-05-12 01:20:00+00:00,12.600000381469727,12.600000381469727,12.59000015258789,12.600000381469727,86079,0.0,0.0,0.0
2025-05-12 01:25:00+00:00,12.600000381469727,12.600000381469727,12.59000015258789,12.59000015258789,64611,0.0,0.0,0.0
2025-05-12 01:30:00+00:00,12.600000381469727,12.600000381469727,12.59000015258789,12.59000015258789,140694,0.0,0.0,0.0
2025-05-12 01:35:00+00:00,12.59000015258789,12.59000015258789,12.579999923706055,12.59000015258789,99597,0.0,0.0,0.0
2025-05-12 01:40:00+00:00,12.59000015258789,12.59000015258789,12.5600004196167,12.5600004196167,50765,0.0,0.0,0.0
2025-05-12 01:45:00+00:00,12.5600004196167,12.579999923706055,12.5600004196167,12.569999694824219,19043,0.0,0.0,0.0
2025-05-12 01:50:00+00:00,12.579999923706055,12.579999923706055,12.5600004196167,12.5600004196167,36773,0.0,0.0,0.0
2025-05-12 01:55:00+00:00,12.569999694824219,12.569999694824219,12.569999694824219,12.569999694824219,15268,0.0,0.0,0.0
2025-05-12 02:00:00+00:00,12.579999923706055,12.59000015258789,12.579999923706055,12.579999923706055,35851,0.0,0.0,0.0
2025-05-12 02:05:00+00:00,12.579999923706055,12.59000015258789,12.579999923706055,12.579999923706055,19139,0.0,0.0,0.0
2025-05-12 02:10:00+00:00,12.579999923706055,12.59000015258789,12.579999923706055,12.59000015258789,13464,0.0,0.0,0.0
2025-05-12 02:15:00+00:00,12.59000015258789,12.59000015258789,12.579999923706055,12.579999923706055,18538,0.0,0.0,0.0
2025-05-12 02:20:00+00:00,12.579999923706055,12.59000015258789,12.579999923706055,12.59000015258789,53876,0.0,0.0,0.0
2025-05-12 02:25:00+00:00,12.59000015258789,12.600000381469727,12.59000015258789,12.59000015258789,142550,0.0,0.0,0.0
2025-05-12 02:30:00+00:00,12.59000015258789,12.59000015258789,12.579999923706055,12.579999923706055,19250,0.0,0.0,0.0
2025-05-12 02:35:00+00:00,12.579999923706055,12.579999923706055,12.569999694824219,12.569999694824219,46033,0.0,0.0,0.0
2025-05-12 02:40:00+00:00,12.579999923706055,12.579999923706055,12.569999694824219,12.579999923706055,16707,0.0,0.0,0.0
2025-05-12 02:45:00+00:00,12.579999923706055,12.579999923706055,12.579999923706055,12.579999923706055,4693,0.0,0.0,0.0
2025-05-12 02:50:00+00:00,12.579999923706055,12.579999923706055,12.579999923706055,12.579999923706055,10059,0.0,0.0,0.0
2025-05-12 02:55:00+00:00,12.59000015258789,12.59000015258789,12.579999923706055,12.579999923706055,138673,0.0,0.0,0.0
2025-05-12 03:00:00+00:00,12.579999923706055,12.579999923706055,12.5600004196167,12.579999923706055,15062,0.0,0.0,0.0
2025-05-12 03:05:00+00:00,12.579999923706055,12.579999923706055,12.579999923706055,12.579999923706055,4101,0.0,0.0,0.0
2025-05-12 03:10:00+00:00,12.569999694824219,12.569999694824219,12.569999694824219,12.569999694824219,5422,0.0,0.0,0.0
2025-05-12 03:15:00+00:00,12.569999694824219,12.569999694824219,12.5600004196167,12.569999694824219,21140,0.0,0.0,0.0
2025-05-12 03:20:00+00:00,12.569999694824219,12.569999694824219,12.5600004196167,12.5600004196167,11626,0.0,0.0,0.0
2025-05-12 03:25:00+00:00,12.5600004196167,12.5600004196167,12.550000190734863,12.550000190734863,51416,0.0,0.0,0.0
2025-05-12 03:30:00+00:00,12.550000190734863,12.550000190734863,12.539999961853027,12.539999961853027,11439,0.0,0.0,0.0
2025-05-12 03:35:00+00:00,12.539999961853027,12.539999961853027,12.539999961853027,12.539999961853027,14178,0.0,0.0,0.0
2025-05-12 03:40:00+00:00,12.539999961853027,12.539999961853027,12.539999961853027,12.539999961853027,6119,0.0,0.0,0.0
2025-05-12 03:45:00+00:00,12.539999961853027,12.550000190734863,12.529999732971191,12.529999732971191,13318,0.0,0.0,0.0
2025-05-12 03:50:00+00:00,12.529999732971191,12.539999961853027,12.529999732971191,12.539999961853027,9167,0.0,0.0,0.0
2025-05-12 03:55:00+00:00,12.529999732971191,12.539999961853027,12.529999732971191,12.539999961853027,6169,0.0,0.0,0.0
2025-05-12 04:00:00+00:00,12.539999961853027,12.539999961853027,12.539999961853027,12.539999961853027,4458,0.0,0.0,0.0
2025-05-12 04:05:00+00:00,12.539999961853027,12.550000190734863,12.539999961853027,12.550000190734863,13180,0.0,0.0,0.0
2025-05-12 04:10:00+00:00,12.539999961853027,12.539999961853027,12.529999732971191,12.539999961853027,72647,0.0,0.0,0.0
2025-05-12 04:15:00+00:00,12.539999961853027,12.550000190734863,12.539999961853027,12.550000190734863,27063,0.0,0.0,0.0
2025-05-12 04:20:00+00:00,12.550000190734863,12.550000190734863,12.539999961853027,12.550000190734863,6602,0.0,0.0,0.0
2025-05-12 04:25:00+00:00,12.550000190734863,12.550000190734863,12.539999961853027,12.539999961853027,5370,0.0,0.0,0.0
2025-05-12 04:30:00+00:00,12.550000190734863,12.550000190734863,12.550000190734863,12.550000190734863,49970,0.0,0.0,0.0
2025-05-12 04:35:00+00:00,12.550000190734863,12.5600004196167,12.550000190734863,12.5600004196167,2310,0.0,0.0,0.0
2025-05-12 04:40:00+00:00,12.550000190734863,12.550000190734863,12.539999961853027,12.539999961853027,36000,0.0,0.0,0.0
2025-05-12 04:45:00+00:00,12.539999961853027,12.5600004196167,12.539999961853027,12.550000190734863,15010,0.0,0.0,0.0
2025-05-12 04:50:00+00:00,12.550000190734863,12.550000190734863,12.539999961853027,12.539999961853027,6290,0.0,0.0,0.0
2025-05-12 04:55:00+00:00,12.550000190734863,12.5600004196167,12.550000190734863,12.550000190734863,7428,0.0,0.0,0.0
2025-05-12 05:00:00+00:00,12.550000190734863,12.550000190734863,12.539999961853027,12.539999961853027,16180,0.0,0.0,0.0
2025-05-12 05:05:00+00:00,12.550000190734863,12.550000190734863,12.539999961853027,12.550000190734863,30242,0.0,0.0,0.0
2025-05-12 05:10:00+00:00,12.550000190734863,12.550000190734863,12.550000190734863,12.550000190734863,3717,0.0,0.0,0.0
2025-05-12 05:15:00+00:00,12.550000190734863,12.550000190734863,12.539999961853027,12.539999961853027,24543,0.0,0.0,0.0
2025-05-12 05:20:00+00:00,12.539999961853027,12.550000190734863,12.539999961853027,12.550000190734863,129943,0.0,0.0,0.0
2025-05-13 01:00:00+00:00,12.770000457763672,12.949999809265137,12.770000457763672,12.899999618530273,571000,0.0,0.0,0.0
2025-05-13 01:05:00+00:00,12.890000343322754,12.890000343322754,12.859999656677246,12.859999656677246,104000,0.0,0.0,0.0
2025-05-13 01:10:00+00:00,12.869999885559082,12.869999885559082,12.829999923706055,12.84000015258789,322404,0.0,0.0,0.0
2025-05-13 01:15:00+00:00,12.829999923706055,12.850000381469727,12.829999923706055,12.84000015258789,230795,0.0,0.0,0.0
2025-05-13 01:20:00+00:00,12.84000015258789,12.869999885559082,12.84000015258789,12.869999885559082,256991,0.0,0.0,0.0
2025-05-13 01:25:00+00:00,12.869999885559082,12.869999885559082,12.869999885559082,12.869999885559082,72804,0.0,0.0,0.0
2025-05-13 01:30:00+00:00,12.880000114440918,12.890000343322754,12.859999656677246,12.890000343322754,99783,0.0,0.0,0.0
2025-05-13 01:35:00+00:00,12.890000343322754,12.890000343322754,12.869999885559082,12.869999885559082,87866,0.0,0.0,0.0
2025-05-13 01:40:00+00:00,12.859999656677246,12.859999656677246,12.850000381469727,12.859999656677246,29295,0.0,0.0,0.0
2025-05-13 01:45:00+00:00,12.859999656677246,12.869999885559082,12.859999656677246,12.869999885559082,53193,0.0,0.0,0.0
2025-05-13 01:50:00+00:00,12.869999885559082,12.869999885559082,12.859999656677246,12.859999656677246,15121,0.0,0.0,0.0
2025-05-13 01:55:00+00:00,12.859999656677246,12.859999656677246,12.850000381469727,12.850000381469727,60242,0.0,0.0,0.0
2025-05-13 02:00:00+00:00,12.869999885559082,12.869999885559082,12.869999885559082,12.869999885559082,20445,0.0,0.0,0.0
2025-05-13 02:05:00+00:00,12.859999656677246,12.859999656677246,12.84000015258789,12.850000381469727,34264,0.0,0.0,0.0
2025-05-13 02:10:00+00:00,12.829999923706055,12.829999923706055,12.819999694824219,12.819999694824219,69708,0.0,0.0,0.0
2025-05-13 02:15:00+00:00,12.819999694824219,12.819999694824219,12.800000190734863,12.8100004196167,144531,0.0,0.0,0.0
2025-05-13 02:20:00+00:00,12.8100004196167,12.819999694824219,12.800000190734863,12.800000190734863,114239,0.0,0.0,0.0
2025-05-13 02:25:00+00:00,12.789999961853027,12.800000190734863,12.789999961853027,12.789999961853027,8005,0.0,0.0,0.0
2025-05-13 02:30:00+00:00,12.789999961853027,12.789999961853027,12.770000457763672,12.770000457763672,60573,0.0,0.0,0.0
2025-05-13 02:35:00+00:00,12.770000457763672,12.789999961853027,12.770000457763672,12.789999961853027,69325,0.0,0.0,0.0
2025-05-13 02:40:00+00:00,12.779999732971191,12.789999961853027,12.779999732971191,12.789999961853027,14579,0.0,0.0,0.0
2025-05-13 02:45:00+00:00,12.800000190734863,12.800000190734863,12.770000457763672,12.770000457763672,15660,0.0,0.0,0.0
2025-05-13 02:50:00+00:00,12.779999732971191,12.779999732971191,12.770000457763672,12.779999732971191,12933,0.0,0.0,0.0
2025-05-13 02:55:00+00:00,12.779999732971191,12.779999732971191,12.779999732971191,12.779999732971191,39093,0.0,0.0,0.0
2025-05-13 03:00:00+00:00,12.779999732971191,12.779999732971191,12.770000457763672,12.770000457763672,50112,0.0,0.0,0.0
2025-05-13 03:05:00+00:00,12.779999732971191,12.779999732971191,12.760000228881836,12.760000228881836,8048,0.0,0.0,0.0
2025-05-13 03:10:00+00:00,12.770000457763672,12.770000457763672,12.770000457763672,12.770000457763672,1059,0.0,0.0,0.0
2025-05-13 03:15:00+00:00,12.770000457763672,12.770000457763672,12.760000228881836,12.770000457763672,34056,0.0,0.0,0.0
2025-05-13 03:20:00+00:00,12.770000457763672,12.779999732971191,12.770000457763672,12.779999732971191,15410,0.0,0.0,0.0
2025-05-13 03:25:00+00:00,12.779999732971191,12.789999961853027,12.779999732971191,12.789999961853027,26081,0.0,0.0,0.0
2025-05-13 03:30:00+00:00,12.789999961853027,12.789999961853027,12.789999961853027,12.789999961853027,7039,0.0,0.0,0.0
2025-05-13 03:35:00+00:00,12.779999732971191,12.789999961853027,12.779999732971191,12.789999961853027,25222,0.0,0.0,0.0
2025-05-13 03:40:00+00:00,12.789999961853027,12.789999961853027,12.779999732971191,12.779999732971191,27205,0.0,0.0,0.0
2025-05-13 03:45:00+00:00,12.779999732971191,12.789999961853027,12.779999732971191,12.789999961853027,7794,0.0,0.0,0.0
2025-05-13 03:50:00+00:00,12.779999732971191,12.779999732971191,12.770000457763672,12.770000457763672,23300,0.0,0.0,0.0
2025-05-13 03:55:00+00:00,12.770000457763672,12.779999732971191,12.770000457763672,12.770000457763672,17048,0.0,0.0,0.0
2025-05-13 04:00:00+00:00,12.779999732971191,12.779999732971191,12.779999732971191,12.779999732971191,1215,0.0,0.0,0.0
2025-05-13 04:05:00+00:00,12.779999732971191,12.789999961853027,12.770000457763672,12.779999732971191,7807,0.0,0.0,0.0
2025-05-13 04:10:00+00:00,12.770000457763672,12.779999732971191,12.770000457763672,12.779999732971191,8518,0.0,0.0,0.0
2025-05-13 04:15:00+00:00,12.779999732971191,12.779999732971191,12.770000457763672,12.779999732971191,7327,0.0,0.0,0.0
2025-05-13 04:20:00+00:00,12.779999732971191,12.779999732971191,12.779999732971191,12.779999732971191,75192,0.0,0.0,0.0
2025-05-13 04:25:00+00:00,12.779999732971191,12.779999732971191,12.770000457763672,12.779999732971191,73352,0.0,0.0,0.0
2025-05-13 04:30:00+00:00,12.789999961853027,12.789999961853027,12.770000457763672,12.770000457763672,3626,0.0,0.0,0.0
2025-05-13 04:35:00+00:00,12.779999732971191,12.779999732971191,12.779999732971191,12.779999732971191,24030,0.0,0.0,0.0
2025-05-13 04:40:00+00:00,12.779999732971191,12.779999732971191,12.770000457763672,12.779999732971191,26506,0.0,0.0,0.0
2025-05-13 04:45:00+00:00,12.770000457763672,12.770000457763672,12.770000457763672,12.770000457763672,3325,0.0,0.0,0.0
2025-05-13 04:50:00+00:00,12.770000457763672,12.779999732971191,12.770000457763672,12.779999732971191,27210,0.0,0.0,0.0
2025-05-13 04:55:00+00:00,12.770000457763672,12.770000457763672,12.760000228881836,12.760000228881836,50285,0.0,0.0,0.0
2025-05-13 05:00:00+00:00,12.770000457763672,12.779999732971191,12.770000457763672,12.779999732971191,48010,0.0,0.0,0.0
2025-05-13 05:05:00+00:00,12.779999732971191,12.779999732971191,12.779999732971191,12.779999732971191,16661,0.0,0.0,0.0
2025-05-13 05:10:00+00:00,12.779999732971191,12.789999961853027,12.779999732971191,12.789999961853027,12400,0.0,0.0,0.0
2025-05-13 05:15:00+00:00,12.789999961853027,12.789999961853027,12.779999732971191,12.779999732971191,23336,0.0,0.0,0.0
2025-05-13 05:20:00+00:00,12.789999961853027,12.789999961853027,12.779999732971191,12.789999961853027,12694,0.0,0.0,0.0
2025-05-14 01:00:00+00:00,12.949999809265137,12.979999542236328,12.949999809265137,12.949999809265137,207000,0.0,0.0,0.0
2025-05-14 01:05:00+00:00,12.949999809265137,12.949999809265137,12.9399995803833,12.949999809265137,145425,0.0,0.0,0.0
2025-05-14 01:10:00+00:00,12.949999809265137,12.960000038146973,12.949999809265137,12.949999809265137,57399,0.0,0.0,0.0
2025-05-14 01:15:00+00:00,12.949999809265137,12.960000038146973,12.9399995803833,12.949999809265137,197534,0.0,0.0,0.0
2025-05-14 01:20:00+00:00,12.949999809265137,12.960000038146973,12.949999809265137,12.960000038146973,90048,0.0,0.0,0.0
2025-05-14 01:25:00+00:00,12.960000038146973,12.960000038146973,12.9399995803833,12.960000038146973,95295,0.0,0.0,0.0
2025-05-14 01:30:00+00:00,12.960000038146973,12.960000038146973,12.949999809265137,12.949999809265137,16243,0.0,0.0,0.0
2025-05-14 01:35:00+00:00,12.949999809265137,12.970000267028809,12.949999809265137,12.970000267028809,250740,0.0,0.0,0.0
2025-05-14 01:40:00+00:00,12.970000267028809,13.0,12.970000267028809,12.979999542236328,389720,0.0,0.0,0.0
2025-05-14 01:45:00+00:00,12.979999542236328,12.989999771118164,12.979999542236328,12.979999542236328,12569,0.0,0.0,0.0
2025-05-14 01:50:00+00:00,12.979999542236328,12.989999771118164,12.979999542236328,12.989999771118164,199130,0.0,0.0,0.0
2025-05-14 01:55:00+00:00,12.989999771118164,13.0,12.970000267028809,13.0,246267,0.0,0.0,0.0
2025-05-14 02:00:00+00:00,12.979999542236328,13.0,12.970000267028809,12.979999542236328,60581,0.0,0.0,0.0
2025-05-14 02:05:00+00:00,12.979999542236328,12.979999542236328,12.970000267028809,12.970000267028809,33273,0.0,0.0,0.0
2025-05-14 02:10:00+00:00,12.970000267028809,12.989999771118164,12.970000267028809,12.989999771118164,68158,0.0,0.0,0.0
2025-05-14 02:15:00+00:00,12.989999771118164,13.0,12.989999771118164,12.989999771118164,74714,0.0,0.0,0.0
2025-05-14 02:20:00+00:00,12.989999771118164,12.989999771118164,12.989999771118164,12.989999771118164,19264,0.0,0.0,0.0
2025-05-14 02:25:00+00:00,12.989999771118164,12.989999771118164,12.979999542236328,12.979999542236328,39343,0.0,0.0,0.0
2025-05-14 02:30:00+00:00,12.970000267028809,12.979999542236328,12.970000267028809,12.970000267028809,35261,0.0,0.0,0.0
2025-05-14 02:35:00+00:00,12.960000038146973,12.960000038146973,12.949999809265137,12.960000038146973,81182,0.0,0.0,0.0
2025-05-14 02:40:00+00:00,12.949999809265137,12.960000038146973,12.949999809265137,12.960000038146973,8557,0.0,0.0,0.0
2025-05-14 02:45:00+00:00,12.960000038146973,12.960000038146973,12.949999809265137,12.949999809265137,40852,0.0,0.0,0.0
2025-05-14 02:50:00+00:00,12.949999809265137,12.949999809265137,12.9399995803833,12.9399995803833,15479,0.0,0.0,0.0
2025-05-14 02:55:00+00:00,12.9399995803833,12.949999809265137,12.9399995803833,12.949999809265137,41558,0.0,0.0,0.0
2025-05-14 03:00:00+00:00,12.960000038146973,12.960000038146973,12.960000038146973,12.960000038146973,21348,0.0,0.0,0.0
2025-05-14 03:05:00+00:00,12.970000267028809,12.970000267028809,12.970000267028809,12.970000267028809,25598,0.0,0.0,0.0
2025-05-14 03:10:00+00:00,12.970000267028809,12.970000267028809,12.970000267028809,12.970000267028809,19010,0.0,0.0,0.0
2025-05-14 03:15:00+00:00,12.979999542236328,12.979999542236328,12.979999542236328,12.979999542236328,16353,0.0,0.0,0.0
2025-05-14 03:20:00+00:00,12.989999771118164,12.989999771118164,12.989999771118164,12.989999771118164,4038,0.0,0.0,0.0
2025-05-14 03:25:00+00:00,12.989999771118164,13.010000228881836,12.989999771118164,13.010000228881836,673162,0.0,0.0,0.0
2025-05-14 03:30:00+00:00,13.010000228881836,13.020000457763672,13.010000228881836,13.010000228881836,28357,0.0,0.0,0.0
2025-05-14 03:35:00+00:00,13.0,13.0,13.0,13.0,9124,0.0,0.0,0.0
2025-05-14 03:40:00+00:00,13.0,13.010000228881836,13.0,13.010000228881836,8380,0.0,0.0,0.0
2025-05-14 03:45:00+00:00,13.010000228881836,13.010000228881836,13.0,13.0,42613,0.0,0.0,0.0
2025-05-14 03:50:00+00:00,13.0,13.0,13.0,13.0,1446,0.0,0.0,0.0
2025-05-14 03:55:00+00:00,13.010000228881836,13.010000228881836,13.010000228881836,13.010000228881836,1552,0.0,0.0,0.0
2025-05-14 04:00:00+00:00,13.010000228881836,13.010000228881836,13.010000228881836,13.010000228881836,89024,0.0,0.0,0.0
2025-05-14 04:05:00+00:00,13.0,13.020000457763672,13.0,13.020000457763672,118713,0.0,0.0,0.0
2025-05-14 04:10:00+00:00,13.020000457763672,13.020000457763672,13.010000228881836,13.010000228881836,20227,0.0,0.0,0.0
2025-05-14 04:15:00+00:00,13.010000228881836,13.039999961853027,13.010000228881836,13.020000457763672,180019,0.0,0.0,0.0
2025-05-14 04:20:00+00:00,13.029999732971191,13.039999961853027,13.020000457763672,13.029999732971191,167135,0.0,0.0,0.0
2025-05-14 04:25:00+00:00,13.029999732971191,13.039999961853027,13.020000457763672,13.039999961853027,149117,0.0,0.0,0.0
2025-05-14 04:30:00+00:00,13.039999961853027,13.039999961853027,13.029999732971191,13.039999961853027,158186,0.0,0.0,0.0
2025-05-14 04:35:00+00:00,13.039999961853027,13.050000190734863,13.039999961853027,13.050000190734863,126075,0.0,0.0,0.0
2025-05-14 04:40:00+00:00,13.0600004196167,13.0600004196167,13.050000190734863,13.0600004196167,34238,0.0,0.0,0.0
2025-05-14 04:45:00+00:00,13.0600004196167,13.0600004196167,13.050000190734863,13.050000190734863,30782,0.0,0.0,0.0
2025-05-14 04:50:00+00:00,13.050000190734863,13.0600004196167,13.050000190734863,13.050000190734863,19200,0.0,0.0,0.0
2025-05-14 04:55:00+00:00,13.050000190734863,13.0600004196167,13.050000190734863,13.050000190734863,104564,0.0,0.0,0.0
2025-05-14 05:00:00+00:00,13.050000190734863,13.050000190734863,13.050000190734863,13.050000190734863,38500,0.0,0.0,0.0
2025-05-14 05:05:00+00:00,13.050000190734863,13.050000190734863,13.039999961853027,13.050000190734863,31800,0.0,0.0,0.0
2025-05-14 05:10:00+00:00,13.0600004196167,13.0600004196167,13.050000190734863,13.0600004196167,27193,0.0,0.0,0.0
2025-05-14 05:15:00+00:00,13.0600004196167,13.0600004196167,13.0600004196167,13.0600004196167,42310,0.0,0.0,0.0
2025-05-14 05:20:00+00:00,13.0600004196167,13.0600004196167,13.050000190734863,13.0600004196167,20796,0.0,0.0,0.0
2025-05-15 01:00:00+00:00,13.039999961853027,13.100000381469727,13.039999961853027,13.100000381469727,0,0.0,0.0,0.0
2025-05-15 01:05:00+00:00,13.100000381469727,13.100000381469727,13.069999694824219,13.069999694824219,51744,0.0,0.0,0.0
2025-05-15 01:10:00+00:00,13.069999694824219,13.100000381469727,13.069999694824219,13.100000381469727,85308,0.0,0.0,0.0
2025-05-15 01:15:00+00:00,13.100000381469727,13.100000381469727,13.079999923706055,13.079999923706055,31316,0.0,0.0,0.0
2025-05-15 01:20:00+00:00,13.079999923706055,13.079999923706055,13.050000190734863,13.050000190734863,55588,0.0,0.0,0.0
2025-05-15 01:25:00+00:00,13.039999961853027,13.039999961853027,13.020000457763672,13.029999732971191,30889,0.0,0.0,0.0
2025-05-15 01:30:00+00:00,13.029999732971191,13.029999732971191,13.010000228881836,13.020000457763672,107541,0.0,0.0,0.0
2025-05-15 01:35:00+00:00,13.020000457763672,13.039999961853027,13.020000457763672,13.039999961853027,59233,0.0,0.0,0.0
2025-05-15 01:40:00+00:00,13.039999961853027,13.0600004196167,13.039999961853027,13.0600004196167,210582,0.0,0.0,0.0
2025-05-15 01:45:00+00:00,13.0600004196167,13.069999694824219,13.0600004196167,13.0600004196167,86425,0.0,0.0,0.0
2025-05-15 01:50:00+00:00,13.0600004196167,13.069999694824219,13.0600004196167,13.0600004196167,18318,0.0,0.0,0.0
2025-05-15 01:55:00+00:00,13.0600004196167,13.0600004196167,13.050000190734863,13.0600004196167,216151,0.0,0.0,0.0
2025-05-15 02:00:00+00:00,13.0600004196167,13.0600004196167,13.029999732971191,13.039999961853027,25471,0.0,0.0,0.0
2025-05-15 02:05:00+00:00,13.039999961853027,13.050000190734863,13.039999961853027,13.050000190734863,15302,0.0,0.0,0.0
2025-05-15 02:10:00+00:00,13.050000190734863,13.050000190734863,13.039999961853027,13.039999961853027,73132,0.0,0.0,0.0
2025-05-15 02:15:00+00:00,13.050000190734863,13.050000190734863,13.039999961853027,13.039999961853027,12555,0.0,0.0,0.0
2025-05-15 02:20:00+00:00,13.039999961853027,13.050000190734863,13.029999732971191,13.050000190734863,36082,0.0,0.0,0.0
2025-05-15 02:25:00+00:00,13.029999732971191,13.050000190734863,13.029999732971191,13.039999961853027,66468,0.0,0.0,0.0
2025-05-15 02:30:00+00:00,13.050000190734863,13.0600004196167,13.050000190734863,13.050000190734863,99190,0.0,0.0,0.0
2025-05-15 02:35:00+00:00,13.050000190734863,13.0600004196167,13.039999961853027,13.039999961853027,142497,0.0,0.0,0.0
2025-05-15 02:40:00+00:00,13.039999961853027,13.0600004196167,13.039999961853027,13.0600004196167,12129,0.0,0.0,0.0
2025-05-15 02:45:00+00:00,13.0600004196167,13.0600004196167,13.0600004196167,13.0600004196167,4795,0.0,0.0,0.0
2025-05-15 02:50:00+00:00,13.0600004196167,13.0600004196167,13.050000190734863,13.0600004196167,91190,0.0,0.0,0.0
2025-05-15 02:55:00+00:00,13.0600004196167,13.09000015258789,13.0600004196167,13.09000015258789,97593,0.0,0.0,0.0
2025-05-15 03:00:00+00:00,13.079999923706055,13.09000015258789,13.079999923706055,13.09000015258789,23814,0.0,0.0,0.0
2025-05-15 03:05:00+00:00,13.09000015258789,13.09000015258789,13.09000015258789,13.09000015258789,6533,0.0,0.0,0.0
2025-05-15 03:10:00+00:00,13.09000015258789,13.09000015258789,13.079999923706055,13.079999923706055,27141,0.0,0.0,0.0
2025-05-15 03:15:00+00:00,13.09000015258789,13.09000015258789,13.079999923706055,13.079999923706055,30708,0.0,0.0,0.0
2025-05-15 03:20:00+00:00,13.079999923706055,13.09000015258789,13.079999923706055,13.09000015258789,4748,0.0,0.0,0.0
2025-05-15 03:25:00+00:00,13.09000015258789,13.09000015258789,13.069999694824219,13.069999694824219,13239,0.0,0.0,0.0
2025-05-15 03:30:00+00:00,13.09000015258789,13.09000015258789,13.079999923706055,13.079999923706055,3071,0.0,0.0,0.0
2025-05-15 03:35:00+00:00,13.079999923706055,13.079999923706055,13.079999923706055,13.079999923706055,6023,0.0,0.0,0.0
2025-05-15 03:40:00+00:00,13.079999923706055,13.079999923706055,13.079999923706055,13.079999923706055,2682,0.0,0.0,0.0
2025-05-15 03:45:00+00:00,13.079999923706055,13.079999923706055,13.0600004196167,13.0600004196167,13048,0.0,0.0,0.0
2025-05-15 03:50:00+00:00,13.069999694824219,13.09000015258789,13.069999694824219,13.079999923706055,21140,0.0,0.0,0.0
2025-05-15 03:55:00+00:00,13.079999923706055,13.079999923706055,13.069999694824219,13.069999694824219,3246,0.0,0.0,0.0
2025-05-15 04:00:00+00:00,13.069999694824219,13.069999694824219,13.0600004196167,13.069999694824219,13550,0.0,0.0,0.0
2025-05-15 04:05:00+00:00,13.069999694824219,13.069999694824219,13.069999694824219,13.069999694824219,53144,0.0,0.0,0.0
2025-05-15 04:10:00+00:00,13.079999923706055,13.079999923706055,13.069999694824219,13.069999694824219,30384,0.0,0.0,0.0
2025-05-15 04:15:00+00:00,13.069999694824219,13.069999694824219,13.069999694824219,13.069999694824219,11427,0.0,0.0,0.0
2025-05-15 04:20:00+00:00,13.069999694824219,13.069999694824219,13.069999694824219,13.069999694824219,3165,0.0,0.0,0.0
2025-05-15 04:25:00+00:00,13.0600004196167,13.069999694824219,13.0600004196167,13.069999694824219,9030,0.0,0.0,0.0
2025-05-15 04:30:00+00:00,13.069999694824219,13.069999694824219,13.0600004196167,13.069999694824219,102349,0.0,0.0,0.0
2025-05-15 04:35:00+00:00,13.069999694824219,13.069999694824219,13.069999694824219,13.069999694824219,6000,0.0,0.0,0.0
2025-05-15 04:40:00+00:00,13.069999694824219,13.069999694824219,13.0600004196167,13.069999694824219,49060,0.0,0.0,0.0
2025-05-15 04:45:00+00:00,13.069999694824219,13.069999694824219,13.0600004196167,13.069999694824219,11114,0.0,0.0,0.0
2025-05-15 04:50:00+00:00,13.069999694824219,13.069999694824219,13.0600004196167,13.069999694824219,28210,0.0,0.0,0.0
2025-05-15 04:55:00+00:00,13.069999694824219,13.069999694824219,13.0600004196167,13.0600004196167,16280,0.0,0.0,0.0
2025-05-15 05:00:00+00:00,13.0600004196167,13.0600004196167,13.0600004196167,13.0600004196167,33237,0.0,0.0,0.0
2025-05-15 05:05:00+00:00,13.0600004196167,13.069999694824219,13.0600004196167,13.0600004196167,6061,0.0,0.0,0.0
2025-05-15 05:10:00+00:00,13.0600004196167,13.0600004196167,13.050000190734863,13.050000190734863,37100,0.0,0.0,0.0
2025-05-15 05:15:00+00:00,13.069999694824219,13.069999694824219,13.0600004196167,13.0600004196167,16111,0.0,0.0,0.0
2025-05-15 05:20:00+00:00,13.0600004196167,13.069999694824219,13.050000190734863,13.0600004196167,242226,0.0,0.0,0.0
2025-05-16 01:00:00+00:00,13.0,13.050000190734863,13.0,13.050000190734863,0,0.0,0.0,0.0
2025-05-16 01:05:00+00:00,13.039999961853027,13.069999694824219,13.039999961853027,13.069999694824219,121449,0.0,0.0,0.0
2025-05-16 01:10:00+00:00,13.069999694824219,13.079999923706055,13.0600004196167,13.069999694824219,118714,0.0,0.0,0.0
2025-05-16 01:15:00+00:00,13.069999694824219,13.069999694824219,13.0600004196167,13.0600004196167,18458,0.0,0.0,0.0
2025-05-16 01:20:00+00:00,13.069999694824219,13.069999694824219,13.0600004196167,13.0600004196167,101707,0.0,0.0,0.0
2025-05-16 01:25:00+00:00,13.0600004196167,13.079999923706055,13.0600004196167,13.069999694824219,74086,0.0,0.0,0.0
2025-05-16 01:30:00+00:00,13.09000015258789,13.09000015258789,13.079999923706055,13.079999923706055,56314,0.0,0.0,0.0
2025-05-16 01:35:00+00:00,13.079999923706055,13.109999656677246,13.079999923706055,13.100000381469727,407379,0.0,0.0,0.0
2025-05-16 01:40:00+00:00,13.109999656677246,13.119999885559082,13.109999656677246,13.119999885559082,202045,0.0,0.0,0.0
2025-05-16 01:45:00+00:00,13.119999885559082,13.140000343322754,13.109999656677246,13.130000114440918,167845,0.0,0.0,0.0
2025-05-16 01:50:00+00:00,13.130000114440918,13.130000114440918,13.119999885559082,13.130000114440918,33563,0.0,0.0,0.0
2025-05-16 01:55:00+00:00,13.130000114440918,13.140000343322754,13.130000114440918,13.140000343322754,68516,0.0,0.0,0.0
2025-05-16 02:00:00+00:00,13.140000343322754,13.149999618530273,13.130000114440918,13.149999618530273,152224,0.0,0.0,0.0
2025-05-16 02:05:00+00:00,13.140000343322754,13.149999618530273,13.130000114440918,13.140000343322754,18400,0.0,0.0,0.0
2025-05-16 02:10:00+00:00,13.140000343322754,13.149999618530273,13.130000114440918,13.130000114440918,176175,0.0,0.0,0.0
2025-05-16 02:15:00+00:00,13.130000114440918,13.130000114440918,13.130000114440918,13.130000114440918,18407,0.0,0.0,0.0
2025-05-16 02:20:00+00:00,13.130000114440918,13.149999618530273,13.130000114440918,13.149999618530273,338790,0.0,0.0,0.0
2025-05-16 02:25:00+00:00,13.149999618530273,13.15999984741211,13.149999618530273,13.149999618530273,56947,0.0,0.0,0.0
2025-05-16 02:30:00+00:00,13.149999618530273,13.149999618530273,13.140000343322754,13.149999618530273,57166,0.0,0.0,0.0
2025-05-16 02:35:00+00:00,13.149999618530273,13.170000076293945,13.149999618530273,13.15999984741211,169234,0.0,0.0,0.0
2025-05-16 02:40:00+00:00,13.170000076293945,13.170000076293945,13.15999984741211,13.15999984741211,29522,0.0,0.0,0.0
2025-05-16 02:45:00+00:00,13.170000076293945,13.170000076293945,13.15999984741211,13.15999984741211,31796,0.0,0.0,0.0
2025-05-16 02:50:00+00:00,13.15999984741211,13.15999984741211,13.140000343322754,13.140000343322754,26365,0.0,0.0,0.0
2025-05-16 02:55:00+00:00,13.149999618530273,13.15999984741211,13.149999618530273,13.149999618530273,69507,0.0,0.0,0.0
2025-05-16 03:00:00+00:00,13.149999618530273,13.15999984741211,13.149999618530273,13.15999984741211,19203,0.0,0.0,0.0
2025-05-16 03:05:00+00:00,13.15999984741211,13.15999984741211,13.15999984741211,13.15999984741211,5667,0.0,0.0,0.0
2025-05-16 03:10:00+00:00,13.15999984741211,13.15999984741211,13.149999618530273,13.15999984741211,133266,0.0,0.0,0.0
2025-05-16 03:15:00+00:00,13.15999984741211,13.170000076293945,13.15999984741211,13.15999984741211,20438,0.0,0.0,0.0
2025-05-16 03:20:00+00:00,13.15999984741211,13.170000076293945,13.149999618530273,13.149999618530273,21111,0.0,0.0,0.0
2025-05-16 03:25:00+00:00,13.15999984741211,13.15999984741211,13.149999618530273,13.149999618530273,23016,0.0,0.0,0.0
2025-05-16 03:30:00+00:00,13.15999984741211,13.15999984741211,13.140000343322754,13.15999984741211,14920,0.0,0.0,0.0
2025-05-16 03:35:00+00:00,13.140000343322754,13.149999618530273,13.130000114440918,13.130000114440918,44671,0.0,0.0,0.0
2025-05-16 03:40:00+00:00,13.130000114440918,13.130000114440918,13.119999885559082,13.130000114440918,21902,0.0,0.0,0.0
2025-05-16 03:45:00+00:00,13.130000114440918,13.130000114440918,13.119999885559082,13.119999885559082,7518,0.0,0.0,0.0
2025-05-16 03:50:00+00:00,13.119999885559082,13.130000114440918,13.109999656677246,13.109999656677246,15019,0.0,0.0,0.0
2025-05-16 03:55:00+00:00,13.119999885559082,13.119999885559082,13.119999885559082,13.119999885559082,17106,0.0,0.0,0.0
2025-05-16 04:00:00+00:00,13.130000114440918,13.140000343322754,13.130000114440918,13.140000343322754,12262,0.0,0.0,0.0
2025-05-16 04:05:00+00:00,13.140000343322754,13.140000343322754,13.130000114440918,13.140000343322754,16108,0.0,0.0,0.0
2025-05-16 04:10:00+00:00,13.140000343322754,13.140000343322754,13.130000114440918,13.130000114440918,20228,0.0,0.0,0.0
2025-05-16 04:15:00+00:00,13.140000343322754,13.140000343322754,13.119999885559082,13.130000114440918,7108,0.0,0.0,0.0
2025-05-16 04:20:00+00:00,13.140000343322754,13.140000343322754,13.119999885559082,13.130000114440918,10458,0.0,0.0,0.0
2025-05-16 04:25:00+00:00,13.130000114440918,13.130000114440918,13.130000114440918,13.130000114440918,35256,0.0,0.0,0.0
2025-05-16 04:30:00+00:00,13.140000343322754,13.149999618530273,13.130000114440918,13.149999618530273,71233,0.0,0.0,0.0
2025-05-16 04:35:00+00:00,13.140000343322754,13.149999618530273,13.140000343322754,13.149999618530273,163591,0.0,0.0,0.0
2025-05-16 04:40:00+00:00,13.149999618530273,13.149999618530273,13.149999618530273,13.149999618530273,15549,0.0,0.0,0.0
2025-05-16 04:45:00+00:00,13.140000343322754,13.140000343322754,13.140000343322754,13.140000343322754,5312,0.0,0.0,0.0
2025-05-16 04:50:00+00:00,13.140000343322754,13.149999618530273,13.140000343322754,13.140000343322754,10168,0.0,0.0,0.0
2025-05-16 04:55:00+00:00,13.140000343322754,13.140000343322754,13.140000343322754,13.140000343322754,20527,0.0,0.0,0.0
2025-05-16 05:00:00+00:00,13.140000343322754,13.140000343322754,13.140000343322754,13.140000343322754,29055,0.0,0.0,0.0
2025-05-16 05:05:00+00:00,13.140000343322754,13.149999618530273,13.140000343322754,13.149999618530273,6371,0.0,0.0,0.0
2025-05-16 05:10:00+00:00,13.149999618530273,13.149999618530273,13.140000343322754,13.140000343322754,53066,0.0,0.0,0.0
2025-05-16 05:15:00+00:00,13.149999618530273,13.149999618530273,13.140000343322754,13.140000343322754,12399,0.0,0.0,0.0
2025-05-16 05:20:00+00:00,13.140000343322754,13.149999618530273,13.140000343322754,13.140000343322754,49053,0.0,0.0,0.0
2025-05-19 01:00:00+00:00,13.119999885559082,13.119999885559082,13.079999923706055,13.100000381469727,0,0.0,0.0,0.0
2025-05-19 01:05:00+00:00,13.09000015258789,13.119999885559082,13.09000015258789,13.109999656677246,40064,0.0,0.0,0.0
2025-05-19 01:10:00+00:00,13.100000381469727,13.100000381469727,13.069999694824219,13.069999694824219,134628,0.0,0.0,0.0
2025-05-19 01:15:00+00:00,13.0600004196167,13.069999694824219,13.0600004196167,13.0600004196167,101114,0.0,0.0,0.0
2025-05-19 01:20:00+00:00,13.0600004196167,13.0600004196167,13.050000190734863,13.0600004196167,33155,0.0,0.0,0.0
2025-05-19 01:25:00+00:00,13.0600004196167,13.0600004196167,13.0600004196167,13.0600004196167,18919,0.0,0.0,0.0
2025-05-19 01:30:00+00:00,13.0600004196167,13.0600004196167,13.050000190734863,13.050000190734863,118327,0.0,0.0,0.0
2025-05-19 01:35:00+00:00,13.039999961853027,13.050000190734863,13.029999732971191,13.039999961853027,95750,0.0,0.0,0.0
2025-05-19 01:40:00+00:00,13.039999961853027,13.039999961853027,13.039999961853027,13.039999961853027,16291,0.0,0.0,0.0
2025-05-19 01:45:00+00:00,13.029999732971191,13.039999961853027,13.029999732971191,13.039999961853027,11278,0.0,0.0,0.0
2025-05-19 01:50:00+00:00,13.039999961853027,13.039999961853027,13.029999732971191,13.029999732971191,43253,0.0,0.0,0.0
2025-05-19 01:55:00+00:00,13.029999732971191,13.029999732971191,13.020000457763672,13.020000457763672,12573,0.0,0.0,0.0
2025-05-19 02:00:00+00:00,13.029999732971191,13.029999732971191,13.020000457763672,13.020000457763672,11336,0.0,0.0,0.0
2025-05-19 02:05:00+00:00,13.029999732971191,13.029999732971191,13.029999732971191,13.029999732971191,5174,0.0,0.0,0.0
2025-05-19 02:10:00+00:00,13.029999732971191,13.029999732971191,13.029999732971191,13.029999732971191,7356,0.0,0.0,0.0
2025-05-19 02:15:00+00:00,13.039999961853027,13.050000190734863,13.029999732971191,13.050000190734863,39827,0.0,0.0,0.0
2025-05-19 02:20:00+00:00,13.050000190734863,13.050000190734863,13.029999732971191,13.050000190734863,40060,0.0,0.0,0.0
2025-05-19 02:25:00+00:00,13.050000190734863,13.050000190734863,13.039999961853027,13.039999961853027,3776,0.0,0.0,0.0
2025-05-19 02:30:00+00:00,13.050000190734863,13.050000190734863,13.039999961853027,13.039999961853027,53499,0.0,0.0,0.0
2025-05-19 02:35:00+00:00,13.050000190734863,13.050000190734863,13.029999732971191,13.029999732971191,18407,0.0,0.0,0.0
2025-05-19 02:40:00+00:00,13.039999961853027,13.050000190734863,13.039999961853027,13.050000190734863,118034,0.0,0.0,0.0
2025-05-19 02:45:00+00:00,13.0600004196167,13.069999694824219,13.0600004196167,13.069999694824219,19148,0.0,0.0,0.0
2025-05-19 02:50:00+00:00,13.0600004196167,13.069999694824219,13.0600004196167,13.0600004196167,3027,0.0,0.0,0.0
2025-05-19 02:55:00+00:00,13.069999694824219,13.069999694824219,13.069999694824219,13.069999694824219,2049,0.0,0.0,0.0
2025-05-19 03:00:00+00:00,13.069999694824219,13.069999694824219,13.0600004196167,13.0600004196167,5543,0.0,0.0,0.0
2025-05-19 03:05:00+00:00,13.069999694824219,13.069999694824219,13.050000190734863,13.050000190734863,41074,0.0,0.0,0.0
2025-05-19 03:10:00+00:00,13.039999961853027,13.050000190734863,13.039999961853027,13.039999961853027,51071,0.0,0.0,0.0
2025-05-19 03:15:00+00:00,13.039999961853027,13.050000190734863,13.039999961853027,13.039999961853027,33421,0.0,0.0,0.0
2025-05-19 03:20:00+00:00,13.039999961853027,13.050000190734863,13.039999961853027,13.050000190734863,7491,0.0,0.0,0.0
2025-05-19 03:25:00+00:00,13.039999961853027,13.039999961853027,13.029999732971191,13.039999961853027,5262,0.0,0.0,0.0
2025-05-19 03:30:00+00:00,13.039999961853027,13.039999961853027,13.010000228881836,13.010000228881836,443613,0.0,0.0,0.0
2025-05-19 03:35:00+00:00,13.010000228881836,13.010000228881836,13.0,13.010000228881836,53014,0.0,0.0,0.0
2025-05-19 03:40:00+00:00,13.010000228881836,13.010000228881836,12.989999771118164,12.989999771118164,155896,0.0,0.0,0.0
2025-05-19 03:45:00+00:00,12.989999771118164,13.0,12.979999542236328,13.0,79246,0.0,0.0,0.0
2025-05-19 03:50:00+00:00,13.0,13.0,12.989999771118164,12.989999771118164,9781,0.0,0.0,0.0
2025-05-19 03:55:00+00:00,12.989999771118164,12.989999771118164,12.989999771118164,12.989999771118164,1170,0.0,0.0,0.0
2025-05-19 04:00:00+00:00,12.989999771118164,13.0,12.989999771118164,12.989999771118164,17892,0.0,0.0,0.0
2025-05-19 04:05:00+00:00,13.0,13.0,12.979999542236328,12.989999771118164,21665,0.0,0.0,0.0
2025-05-19 04:10:00+00:00,13.0,13.0,13.0,13.0,2540,0.0,0.0,0.0
2025-05-19 04:15:00+00:00,12.989999771118164,12.989999771118164,12.979999542236328,12.989999771118164,25276,0.0,0.0,0.0
2025-05-19 04:20:00+00:00,12.989999771118164,13.0,12.989999771118164,13.0,7937,0.0,0.0,0.0
2025-05-19 04:25:00+00:00,12.989999771118164,12.989999771118164,12.979999542236328,12.979999542236328,19185,0.0,0.0,0.0
2025-05-19 04:30:00+00:00,13.0,13.0,12.979999542236328,12.989999771118164,6950,0.0,0.0,0.0
2025-05-19 04:35:00+00:00,12.989999771118164,12.989999771118164,12.989999771118164,12.989999771118164,4311,0.0,0.0,0.0
2025-05-19 04:40:00+00:00,12.989999771118164,12.989999771118164,12.970000267028809,12.970000267028809,46350,0.0,0.0,0.0
2025-05-19 04:45:00+00:00,12.970000267028809,12.970000267028809,12.960000038146973,12.960000038146973,67652,0.0,0.0,0.0
2025-05-19 04:50:00+00:00,12.960000038146973,12.970000267028809,12.960000038146973,12.970000267028809,15010,0.0,0.0,0.0
2025-05-19 04:55:00+00:00,12.960000038146973,12.960000038146973,12.949999809265137,12.949999809265137,30917,0.0,0.0,0.0
2025-05-19 05:00:00+00:00,12.949999809265137,12.960000038146973,12.949999809265137,12.960000038146973,10650,0.0,0.0,0.0
2025-05-19 05:05:00+00:00,12.960000038146973,12.960000038146973,12.949999809265137,12.949999809265137,27551,0.0,0.0,0.0
2025-05-19 05:10:00+00:00,12.949999809265137,12.949999809265137,12.9399995803833,12.949999809265137,60003,0.0,0.0,0.0
2025-05-19 05:15:00+00:00,12.949999809265137,12.949999809265137,12.949999809265137,12.949999809265137,24397,0.0,0.0,0.0
2025-05-19 05:20:00+00:00,12.949999809265137,12.949999809265137,12.9399995803833,12.949999809265137,61209,0.0,0.0,0.0
2025-05-20 01:00:00+00:00,13.050000190734863,13.09000015258789,13.050000190734863,13.079999923706055,0,0.0,0.0,0.0
2025-05-20 01:05:00+00:00,13.079999923706055,13.09000015258789,13.079999923706055,13.09000015258789,56295,0.0,0.0,0.0
2025-05-20 01:10:00+00:00,13.09000015258789,13.09000015258789,13.050000190734863,13.0600004196167,34006,0.0,0.0,0.0
2025-05-20 01:15:00+00:00,13.0600004196167,13.079999923706055,13.0600004196167,13.0600004196167,21117,0.0,0.0,0.0
2025-05-20 01:20:00+00:00,13.0600004196167,13.0600004196167,13.050000190734863,13.050000190734863,16873,0.0,0.0,0.0
2025-05-20 01:25:00+00:00,13.050000190734863,13.0600004196167,13.050000190734863,13.050000190734863,31809,0.0,0.0,0.0
2025-05-20 01:30:00+00:00,13.0600004196167,13.0600004196167,13.050000190734863,13.050000190734863,26836,0.0,0.0,0.0
2025-05-20 01:35:00+00:00,13.050000190734863,13.050000190734863,13.050000190734863,13.050000190734863,48084,0.0,0.0,0.0
2025-05-20 01:40:00+00:00,13.050000190734863,13.050000190734863,13.039999961853027,13.039999961853027,67117,0.0,0.0,0.0
2025-05-20 01:45:00+00:00,13.050000190734863,13.050000190734863,13.029999732971191,13.050000190734863,52307,0.0,0.0,0.0
2025-05-20 01:50:00+00:00,13.039999961853027,13.039999961853027,13.029999732971191,13.039999961853027,96368,0.0,0.0,0.0
2025-05-20 01:55:00+00:00,13.039999961853027,13.050000190734863,13.039999961853027,13.050000190734863,47127,0.0,0.0,0.0
2025-05-20 02:00:00+00:00,13.050000190734863,13.0600004196167,13.050000190734863,13.0600004196167,17105,0.0,0.0,0.0
2025-05-20 02:10:00+00:00,13.050000190734863,13.0600004196167,13.050000190734863,13.050000190734863,11030,0.0,0.0,0.0
2025-05-20 02:15:00+00:00,13.050000190734863,13.050000190734863,13.020000457763672,13.020000457763672,13076,0.0,0.0,0.0
2025-05-20 02:20:00+00:00,13.020000457763672,13.020000457763672,13.010000228881836,13.010000228881836,17524,0.0,0.0,0.0
2025-05-20 02:25:00+00:00,13.010000228881836,13.010000228881836,13.0,13.010000228881836,29353,0.0,0.0,0.0
2025-05-20 02:30:00+00:00,13.010000228881836,13.020000457763672,13.010000228881836,13.020000457763672,7061,0.0,0.0,0.0
2025-05-20 02:35:00+00:00,13.010000228881836,13.029999732971191,13.010000228881836,13.029999732971191,85030,0.0,0.0,0.0
2025-05-20 02:40:00+00:00,13.029999732971191,13.039999961853027,13.029999732971191,13.039999961853027,20258,0.0,0.0,0.0
2025-05-20 02:45:00+00:00,13.039999961853027,13.039999961853027,13.029999732971191,13.029999732971191,2068,0.0,0.0,0.0
2025-05-20 02:50:00+00:00,13.029999732971191,13.029999732971191,13.020000457763672,13.029999732971191,35059,0.0,0.0,0.0
2025-05-20 02:55:00+00:00,13.029999732971191,13.029999732971191,13.029999732971191,13.029999732971191,2022,0.0,0.0,0.0
2025-05-20 03:00:00+00:00,13.029999732971191,13.029999732971191,13.029999732971191,13.029999732971191,3455,0.0,0.0,0.0
2025-05-20 03:05:00+00:00,13.039999961853027,13.039999961853027,13.029999732971191,13.029999732971191,18064,0.0,0.0,0.0
2025-05-20 03:10:00+00:00,13.020000457763672,13.020000457763672,13.0,13.010000228881836,17376,0.0,0.0,0.0
2025-05-20 03:15:00+00:00,13.0,13.0,12.989999771118164,12.989999771118164,84181,0.0,0.0,0.0
2025-05-20 03:20:00+00:00,12.989999771118164,13.0,12.989999771118164,13.0,29182,0.0,0.0,0.0
2025-05-20 03:25:00+00:00,12.989999771118164,13.0,12.989999771118164,13.0,6061,0.0,0.0,0.0
2025-05-20 03:30:00+00:00,13.0,13.0,13.0,13.0,12034,0.0,0.0,0.0
2025-05-20 03:35:00+00:00,12.989999771118164,13.0,12.989999771118164,13.0,16024,0.0,0.0,0.0
2025-05-20 03:40:00+00:00,13.0,13.0,12.989999771118164,12.989999771118164,45038,0.0,0.0,0.0
2025-05-20 03:45:00+00:00,12.989999771118164,13.0,12.989999771118164,13.0,3215,0.0,0.0,0.0
2025-05-20 03:50:00+00:00,13.0,13.0,12.989999771118164,12.989999771118164,12069,0.0,0.0,0.0
2025-05-20 03:55:00+00:00,12.989999771118164,12.989999771118164,12.989999771118164,12.989999771118164,8034,0.0,0.0,0.0
2025-05-20 04:00:00+00:00,12.989999771118164,13.0,12.989999771118164,13.0,5183,0.0,0.0,0.0
2025-05-20 04:05:00+00:00,12.989999771118164,12.989999771118164,12.989999771118164,12.989999771118164,8310,0.0,0.0,0.0
2025-05-20 04:10:00+00:00,12.989999771118164,12.989999771118164,12.970000267028809,12.970000267028809,17907,0.0,0.0,0.0
2025-05-20 04:15:00+00:00,12.970000267028809,12.979999542236328,12.970000267028809,12.970000267028809,4069,0.0,0.0,0.0
2025-05-20 04:20:00+00:00,12.970000267028809,12.970000267028809,12.970000267028809,12.970000267028809,13216,0.0,0.0,0.0
2025-05-20 04:25:00+00:00,12.970000267028809,12.970000267028809,12.970000267028809,12.970000267028809,11035,0.0,0.0,0.0
2025-05-20 04:30:00+00:00,12.970000267028809,12.970000267028809,12.960000038146973,12.960000038146973,13147,0.0,0.0,0.0
2025-05-20 04:35:00+00:00,12.960000038146973,12.960000038146973,12.960000038146973,12.960000038146973,9416,0.0,0.0,0.0
2025-05-20 04:40:00+00:00,12.960000038146973,12.960000038146973,12.960000038146973,12.960000038146973,43713,0.0,0.0,0.0
2025-05-20 04:45:00+00:00,12.960000038146973,12.960000038146973,12.960000038146973,12.960000038146973,3273,0.0,0.0,0.0
2025-05-20 04:50:00+00:00,12.960000038146973,12.960000038146973,12.949999809265137,12.949999809265137,31084,0.0,0.0,0.0
2025-05-20 04:55:00+00:00,12.960000038146973,12.970000267028809,12.960000038146973,12.960000038146973,12307,0.0,0.0,0.0
2025-05-20 05:00:00+00:00,12.960000038146973,12.960000038146973,12.960000038146973,12.960000038146973,21393,0.0,0.0,0.0
2025-05-20 05:05:00+00:00,12.970000267028809,12.970000267028809,12.970000267028809,12.970000267028809,31271,0.0,0.0,0.0
2025-05-20 05:10:00+00:00,12.970000267028809,12.979999542236328,12.970000267028809,12.979999542236328,11700,0.0,0.0,0.0
2025-05-20 05:15:00+00:00,12.979999542236328,12.989999771118164,12.970000267028809,12.989999771118164,124977,0.0,0.0,0.0
2025-05-20 05:20:00+00:00,12.979999542236328,12.979999542236328,12.960000038146973,12.960000038146973,13678,0.0,0.0,0.0
2025-05-21 01:00:00+00:00,12.989999771118164,13.029999732971191,12.989999771118164,13.029999732971191,0,0.0,0.0,0.0
2025-05-21 01:05:00+00:00,13.050000190734863,13.069999694824219,13.039999961853027,13.050000190734863,82690,0.0,0.0,0.0
2025-05-21 01:10:00+00:00,13.039999961853027,13.069999694824219,13.039999961853027,13.069999694824219,43069,0.0,0.0,0.0
2025-05-21 01:15:00+00:00,13.069999694824219,13.069999694824219,13.069999694824219,13.069999694824219,22334,0.0,0.0,0.0
2025-05-21 01:20:00+00:00,13.069999694824219,13.069999694824219,13.0600004196167,13.0600004196167,56102,0.0,0.0,0.0
2025-05-21 01:25:00+00:00,13.050000190734863,13.050000190734863,13.050000190734863,13.050000190734863,11412,0.0,0.0,0.0
2025-05-21 01:30:00+00:00,13.0600004196167,13.0600004196167,13.050000190734863,13.050000190734863,13497,0.0,0.0,0.0
2025-05-21 01:35:00+00:00,13.039999961853027,13.039999961853027,13.039999961853027,13.039999961853027,15350,0.0,0.0,0.0
2025-05-21 01:40:00+00:00,13.039999961853027,13.050000190734863,13.029999732971191,13.050000190734863,115387,0.0,0.0,0.0
2025-05-21 01:45:00+00:00,13.050000190734863,13.050000190734863,13.039999961853027,13.039999961853027,150172,0.0,0.0,0.0
2025-05-21 01:50:00+00:00,13.050000190734863,13.0600004196167,13.050000190734863,13.050000190734863,9072,0.0,0.0,0.0
2025-05-21 01:55:00+00:00,13.050000190734863,13.050000190734863,13.050000190734863,13.050000190734863,28623,0.0,0.0,0.0
2025-05-21 02:00:00+00:00,13.029999732971191,13.050000190734863,13.029999732971191,13.029999732971191,8832,0.0,0.0,0.0
2025-05-21 02:05:00+00:00,13.029999732971191,13.029999732971191,13.029999732971191,13.029999732971191,109054,0.0,0.0,0.0
2025-05-21 02:10:00+00:00,13.029999732971191,13.050000190734863,13.029999732971191,13.050000190734863,48039,0.0,0.0,0.0
2025-05-21 02:15:00+00:00,13.0600004196167,13.0600004196167,13.0600004196167,13.0600004196167,10871,0.0,0.0,0.0
2025-05-21 02:20:00+00:00,13.050000190734863,13.050000190734863,13.050000190734863,13.050000190734863,21175,0.0,0.0,0.0
2025-05-21 02:25:00+00:00,13.039999961853027,13.039999961853027,13.039999961853027,13.039999961853027,12587,0.0,0.0,0.0
2025-05-21 02:30:00+00:00,13.039999961853027,13.039999961853027,13.039999961853027,13.039999961853027,43062,0.0,0.0,0.0
2025-05-21 02:35:00+00:00,13.050000190734863,13.0600004196167,13.050000190734863,13.0600004196167,25561,0.0,0.0,0.0
2025-05-21 02:40:00+00:00,13.0600004196167,13.069999694824219,13.0600004196167,13.069999694824219,103128,0.0,0.0,0.0
2025-05-21 02:45:00+00:00,13.0600004196167,13.079999923706055,13.0600004196167,13.079999923706055,202082,0.0,0.0,0.0
2025-05-21 02:50:00+00:00,13.079999923706055,13.079999923706055,13.079999923706055,13.079999923706055,23546,0.0,0.0,0.0
2025-05-21 02:55:00+00:00,13.069999694824219,13.069999694824219,13.069999694824219,13.069999694824219,7023,0.0,0.0,0.0
2025-05-21 03:00:00+00:00,13.069999694824219,13.079999923706055,13.0600004196167,13.079999923706055,173076,0.0,0.0,0.0
2025-05-21 03:05:00+00:00,13.09000015258789,13.09000015258789,13.09000015258789,13.09000015258789,59288,0.0,0.0,0.0
2025-05-21 03:10:00+00:00,13.100000381469727,13.100000381469727,13.100000381469727,13.100000381469727,123465,0.0,0.0,0.0
2025-05-21 03:15:00+00:00,13.100000381469727,13.100000381469727,13.09000015258789,13.09000015258789,20049,0.0,0.0,0.0
2025-05-21 03:20:00+00:00,13.09000015258789,13.09000015258789,13.079999923706055,13.079999923706055,12044,0.0,0.0,0.0
2025-05-21 03:25:00+00:00,13.079999923706055,13.09000015258789,13.069999694824219,13.09000015258789,26271,0.0,0.0,0.0
2025-05-21 03:30:00+00:00,13.069999694824219,13.069999694824219,13.069999694824219,13.069999694824219,1602,0.0,0.0,0.0
2025-05-21 03:35:00+00:00,13.09000015258789,13.09000015258789,13.09000015258789,13.09000015258789,20010,0.0,0.0,0.0
2025-05-21 03:40:00+00:00,13.09000015258789,13.100000381469727,13.09000015258789,13.100000381469727,26220,0.0,0.0,0.0
2025-05-21 03:45:00+00:00,13.100000381469727,13.100000381469727,13.100000381469727,13.100000381469727,2621,0.0,0.0,0.0
2025-05-21 03:50:00+00:00,13.09000015258789,13.09000015258789,13.079999923706055,13.09000015258789,33040,0.0,0.0,0.0
2025-05-21 03:55:00+00:00,13.09000015258789,13.09000015258789,13.079999923706055,13.079999923706055,13239,0.0,0.0,0.0
2025-05-21 04:00:00+00:00,13.079999923706055,13.079999923706055,13.079999923706055,13.079999923706055,1017,0.0,0.0,0.0
2025-05-21 04:05:00+00:00,13.079999923706055,13.09000015258789,13.079999923706055,13.079999923706055,37063,0.0,0.0,0.0
2025-05-21 04:10:00+00:00,13.079999923706055,13.079999923706055,13.079999923706055,13.079999923706055,21287,0.0,0.0,0.0
2025-05-21 04:15:00+00:00,13.079999923706055,13.09000015258789,13.079999923706055,13.079999923706055,10815,0.0,0.0,0.0
2025-05-21 04:20:00+00:00,13.079999923706055,13.079999923706055,13.079999923706055,13.079999923706055,35103,0.0,0.0,0.0
2025-05-21 04:25:00+00:00,13.079999923706055,13.079999923706055,13.079999923706055,13.079999923706055,30047,0.0,0.0,0.0
2025-05-21 04:30:00+00:00,13.09000015258789,13.09000015258789,13.079999923706055,13.09000015258789,62028,0.0,0.0,0.0
2025-05-21 04:35:00+00:00,13.09000015258789,13.09000015258789,13.09000015258789,13.09000015258789,28020,0.0,0.0,0.0
2025-05-21 04:40:00+00:00,13.09000015258789,13.09000015258789,13.09000015258789,13.09000015258789,19135,0.0,0.0,0.0
2025-05-21 04:45:00+00:00,13.09000015258789,13.09000015258789,13.09000015258789,13.09000015258789,23235,0.0,0.0,0.0
2025-05-21 04:50:00+00:00,13.09000015258789,13.100000381469727,13.09000015258789,13.100000381469727,13000,0.0,0.0,0.0
2025-05-21 04:55:00+00:00,13.100000381469727,13.100000381469727,13.09000015258789,13.100000381469727,13216,0.0,0.0,0.0
2025-05-21 05:00:00+00:00,13.100000381469727,13.109999656677246,13.100000381469727,13.109999656677246,164033,0.0,0.0,0.0
2025-05-21 05:05:00+00:00,13.109999656677246,13.119999885559082,13.109999656677246,13.119999885559082,96137,0.0,0.0,0.0
2025-05-21 05:10:00+00:00,13.119999885559082,13.119999885559082,13.119999885559082,13.119999885559082,12494,0.0,0.0,0.0
2025-05-21 05:15:00+00:00,13.119999885559082,13.140000343322754,13.119999885559082,13.140000343322754,156632,0.0,0.0,0.0
2025-05-21 05:20:00+00:00,13.130000114440918,13.140000343322754,13.130000114440918,13.140000343322754,34691,0.0,0.0,0.0
2025-05-22 01:00:00+00:00,13.069999694824219,13.069999694824219,12.989999771118164,13.020000457763672,0,0.0,0.0,0.0
2025-05-22 01:05:00+00:00,13.020000457763672,13.020000457763672,13.020000457763672,13.020000457763672,22849,0.0,0.0,0.0
2025-05-22 01:10:00+00:00,13.020000457763672,13.050000190734863,13.020000457763672,13.050000190734863,25846,0.0,0.0,0.0
2025-05-22 01:15:00+00:00,13.050000190734863,13.050000190734863,13.029999732971191,13.029999732971191,16612,0.0,0.0,0.0
2025-05-22 01:20:00+00:00,13.020000457763672,13.020000457763672,13.010000228881836,13.020000457763672,22659,0.0,0.0,0.0
2025-05-22 01:25:00+00:00,13.020000457763672,13.050000190734863,13.020000457763672,13.050000190734863,87112,0.0,0.0,0.0
2025-05-22 01:30:00+00:00,13.050000190734863,13.050000190734863,13.050000190734863,13.050000190734863,40035,0.0,0.0,0.0
2025-05-22 01:35:00+00:00,13.050000190734863,13.050000190734863,13.039999961853027,13.050000190734863,32126,0.0,0.0,0.0
2025-05-22 01:40:00+00:00,13.050000190734863,13.050000190734863,13.039999961853027,13.039999961853027,7738,0.0,0.0,0.0
2025-05-22 01:45:00+00:00,13.039999961853027,13.039999961853027,13.029999732971191,13.029999732971191,230173,0.0,0.0,0.0
2025-05-22 01:50:00+00:00,13.020000457763672,13.020000457763672,13.020000457763672,13.020000457763672,16046,0.0,0.0,0.0
2025-05-22 01:55:00+00:00,13.020000457763672,13.020000457763672,13.0,13.0,21698,0.0,0.0,0.0
2025-05-22 02:00:00+00:00,13.0,13.010000228881836,12.989999771118164,13.0,38900,0.0,0.0,0.0
2025-05-22 02:05:00+00:00,12.989999771118164,13.010000228881836,12.989999771118164,13.010000228881836,17058,0.0,0.0,0.0
2025-05-22 02:10:00+00:00,13.010000228881836,13.010000228881836,13.010000228881836,13.010000228881836,7034,0.0,0.0,0.0
2025-05-22 02:15:00+00:00,13.010000228881836,13.029999732971191,13.010000228881836,13.020000457763672,20146,0.0,0.0,0.0
2025-05-22 02:20:00+00:00,13.020000457763672,13.029999732971191,13.020000457763672,13.029999732971191,12216,0.0,0.0,0.0
2025-05-22 02:25:00+00:00,13.039999961853027,13.039999961853027,13.039999961853027,13.039999961853027,21005,0.0,0.0,0.0
2025-05-22 02:30:00+00:00,13.050000190734863,13.050000190734863,13.050000190734863,13.050000190734863,2058,0.0,0.0,0.0
2025-05-22 02:35:00+00:00,13.039999961853027,13.039999961853027,13.039999961853027,13.039999961853027,4051,0.0,0.0,0.0
2025-05-22 02:40:00+00:00,13.039999961853027,13.0600004196167,13.039999961853027,13.0600004196167,51028,0.0,0.0,0.0
2025-05-22 02:45:00+00:00,13.0600004196167,13.0600004196167,13.039999961853027,13.039999961853027,6514,0.0,0.0,0.0
2025-05-22 02:50:00+00:00,13.039999961853027,13.050000190734863,13.039999961853027,13.050000190734863,9328,0.0,0.0,0.0
2025-05-22 02:55:00+00:00,13.039999961853027,13.039999961853027,13.039999961853027,13.039999961853027,18036,0.0,0.0,0.0
2025-05-22 03:00:00+00:00,13.039999961853027,13.050000190734863,13.039999961853027,13.050000190734863,6092,0.0,0.0,0.0
2025-05-22 03:10:00+00:00,13.039999961853027,13.039999961853027,13.039999961853027,13.039999961853027,9257,0.0,0.0,0.0
2025-05-22 03:15:00+00:00,13.039999961853027,13.050000190734863,13.039999961853027,13.050000190734863,31030,0.0,0.0,0.0
2025-05-22 03:20:00+00:00,13.050000190734863,13.050000190734863,13.050000190734863,13.050000190734863,1723,0.0,0.0,0.0
2025-05-22 03:25:00+00:00,13.0600004196167,13.0600004196167,13.0600004196167,13.0600004196167,16018,0.0,0.0,0.0
2025-05-22 03:30:00+00:00,13.0600004196167,13.069999694824219,13.0600004196167,13.069999694824219,20544,0.0,0.0,0.0
2025-05-22 03:35:00+00:00,13.079999923706055,13.079999923706055,13.079999923706055,13.079999923706055,22298,0.0,0.0,0.0
2025-05-22 03:40:00+00:00,13.079999923706055,13.09000015258789,13.079999923706055,13.09000015258789,2134,0.0,0.0,0.0
2025-05-22 03:45:00+00:00,13.079999923706055,13.09000015258789,13.079999923706055,13.09000015258789,20101,0.0,0.0,0.0
2025-05-22 03:50:00+00:00,13.09000015258789,13.100000381469727,13.09000015258789,13.100000381469727,13060,0.0,0.0,0.0
2025-05-22 03:55:00+00:00,13.09000015258789,13.09000015258789,13.09000015258789,13.09000015258789,2011,0.0,0.0,0.0
2025-05-22 04:00:00+00:00,13.09000015258789,13.100000381469727,13.09000015258789,13.100000381469727,5075,0.0,0.0,0.0
2025-05-22 04:05:00+00:00,13.079999923706055,13.079999923706055,13.079999923706055,13.079999923706055,4026,0.0,0.0,0.0
2025-05-22 04:10:00+00:00,13.079999923706055,13.079999923706055,13.079999923706055,13.079999923706055,6779,0.0,0.0,0.0
2025-05-22 04:20:00+00:00,13.079999923706055,13.079999923706055,13.079999923706055,13.079999923706055,24014,0.0,0.0,0.0
2025-05-22 04:25:00+00:00,13.079999923706055,13.079999923706055,13.079999923706055,13.079999923706055,4107,0.0,0.0,0.0
2025-05-22 04:30:00+00:00,13.079999923706055,13.09000015258789,13.079999923706055,13.079999923706055,78084,0.0,0.0,0.0
2025-05-22 04:35:00+00:00,13.09000015258789,13.09000015258789,13.09000015258789,13.09000015258789,39020,0.0,0.0,0.0
2025-05-22 04:40:00+00:00,13.09000015258789,13.09000015258789,13.079999923706055,13.079999923706055,3300,0.0,0.0,0.0
2025-05-22 04:45:00+00:00,13.069999694824219,13.069999694824219,13.069999694824219,13.069999694824219,13469,0.0,0.0,0.0
2025-05-22 04:50:00+00:00,13.069999694824219,13.069999694824219,13.069999694824219,13.069999694824219,21020,0.0,0.0,0.0
2025-05-22 04:55:00+00:00,13.069999694824219,13.069999694824219,13.069999694824219,13.069999694824219,16223,0.0,0.0,0.0
2025-05-22 05:00:00+00:00,13.069999694824219,13.079999923706055,13.069999694824219,13.069999694824219,15140,0.0,0.0,0.0
2025-05-22 05:05:00+00:00,13.069999694824219,13.069999694824219,13.069999694824219,13.069999694824219,8578,0.0,0.0,0.0
2025-05-22 05:10:00+00:00,13.069999694824219,13.079999923706055,13.069999694824219,13.079999923706055,126312,0.0,0.0,0.0
2025-05-22 05:15:00+00:00,13.079999923706055,13.079999923706055,13.079999923706055,13.079999923706055,5704,0.0,0.0,0.0
2025-05-22 05:20:00+00:00,13.079999923706055,13.079999923706055,13.079999923706055,13.079999923706055,19083,0.0,0.0,0.0
2025-05-23 01:00:00+00:00,13.1899995803833,13.199999809265137,13.15999984741211,13.170000076293945,0,0.0,0.0,0.0
2025-05-23 01:05:00+00:00,13.15999984741211,13.170000076293945,13.149999618530273,13.149999618530273,112000,0.0,0.0,0.0
2025-05-23 01:10:00+00:00,13.140000343322754,13.149999618530273,13.140000343322754,13.149999618530273,81348,0.0,0.0,0.0
2025-05-23 01:15:00+00:00,13.140000343322754,13.15999984741211,13.140000343322754,13.15999984741211,34165,0.0,0.0,0.0
2025-05-23 01:20:00+00:00,13.149999618530273,13.149999618530273,13.109999656677246,13.119999885559082,30716,0.0,0.0,0.0
2025-05-23 01:25:00+00:00,13.119999885559082,13.119999885559082,13.119999885559082,13.119999885559082,1069,0.0,0.0,0.0
2025-05-23 01:30:00+00:00,13.119999885559082,13.119999885559082,13.109999656677246,13.119999885559082,11125,0.0,0.0,0.0
2025-05-23 01:35:00+00:00,13.100000381469727,13.100000381469727,13.09000015258789,13.100000381469727,34538,0.0,0.0,0.0
2025-05-23 01:40:00+00:00,13.09000015258789,13.100000381469727,13.079999923706055,13.079999923706055,21102,0.0,0.0,0.0
2025-05-23 01:45:00+00:00,13.100000381469727,13.100000381469727,13.079999923706055,13.09000015258789,86346,0.0,0.0,0.0
2025-05-23 01:50:00+00:00,13.109999656677246,13.109999656677246,13.100000381469727,13.100000381469727,5021,0.0,0.0,0.0
2025-05-23 01:55:00+00:00,13.100000381469727,13.100000381469727,13.079999923706055,13.079999923706055,26010,0.0,0.0,0.0
2025-05-23 02:00:00+00:00,13.079999923706055,13.09000015258789,13.079999923706055,13.079999923706055,17912,0.0,0.0,0.0
2025-05-23 02:05:00+00:00,13.079999923706055,13.079999923706055,13.069999694824219,13.069999694824219,14405,0.0,0.0,0.0
2025-05-23 02:10:00+00:00,13.069999694824219,13.069999694824219,13.069999694824219,13.069999694824219,1006,0.0,0.0,0.0
2025-05-23 02:15:00+00:00,13.069999694824219,13.079999923706055,13.069999694824219,13.069999694824219,14392,0.0,0.0,0.0
2025-05-23 02:20:00+00:00,13.079999923706055,13.079999923706055,13.069999694824219,13.069999694824219,19116,0.0,0.0,0.0
2025-05-23 02:25:00+00:00,13.069999694824219,13.079999923706055,13.069999694824219,13.079999923706055,28825,0.0,0.0,0.0
2025-05-23 02:30:00+00:00,13.079999923706055,13.079999923706055,13.079999923706055,13.079999923706055,9128,0.0,0.0,0.0
2025-05-23 02:35:00+00:00,13.079999923706055,13.079999923706055,13.069999694824219,13.069999694824219,15022,0.0,0.0,0.0
2025-05-23 02:40:00+00:00,13.069999694824219,13.069999694824219,13.069999694824219,13.069999694824219,8019,0.0,0.0,0.0
2025-05-23 02:45:00+00:00,13.079999923706055,13.079999923706055,13.069999694824219,13.069999694824219,10189,0.0,0.0,0.0
2025-05-23 02:50:00+00:00,13.069999694824219,13.069999694824219,13.069999694824219,13.069999694824219,5225,0.0,0.0,0.0
2025-05-23 02:55:00+00:00,13.0600004196167,13.069999694824219,13.0600004196167,13.069999694824219,6254,0.0,0.0,0.0
2025-05-23 03:00:00+00:00,13.069999694824219,13.069999694824219,13.0600004196167,13.069999694824219,5118,0.0,0.0,0.0
2025-05-23 03:05:00+00:00,13.069999694824219,13.069999694824219,13.069999694824219,13.069999694824219,2034,0.0,0.0,0.0
2025-05-23 03:10:00+00:00,13.069999694824219,13.069999694824219,13.0600004196167,13.0600004196167,11018,0.0,0.0,0.0
2025-05-23 03:15:00+00:00,13.069999694824219,13.069999694824219,13.069999694824219,13.069999694824219,2082,0.0,0.0,0.0
2025-05-23 03:20:00+00:00,13.0600004196167,13.069999694824219,13.0600004196167,13.069999694824219,7023,0.0,0.0,0.0
2025-05-23 03:25:00+00:00,13.069999694824219,13.069999694824219,13.0600004196167,13.069999694824219,7021,0.0,0.0,0.0
2025-05-23 03:30:00+00:00,13.069999694824219,13.069999694824219,13.069999694824219,13.069999694824219,4074,0.0,0.0,0.0
2025-05-23 03:40:00+00:00,13.069999694824219,13.069999694824219,13.0600004196167,13.0600004196167,6002,0.0,0.0,0.0
2025-05-23 03:45:00+00:00,13.0600004196167,13.069999694824219,13.0600004196167,13.0600004196167,13013,0.0,0.0,0.0
2025-05-23 03:50:00+00:00,13.0600004196167,13.0600004196167,13.050000190734863,13.050000190734863,17264,0.0,0.0,0.0
2025-05-23 03:55:00+00:00,13.050000190734863,13.050000190734863,13.039999961853027,13.039999961853027,33298,0.0,0.0,0.0
2025-05-23 04:00:00+00:00,13.039999961853027,13.050000190734863,13.039999961853027,13.039999961853027,56770,0.0,0.0,0.0
2025-05-23 04:05:00+00:00,13.039999961853027,13.050000190734863,13.039999961853027,13.050000190734863,4205,0.0,0.0,0.0
2025-05-23 04:10:00+00:00,13.039999961853027,13.039999961853027,13.029999732971191,13.039999961853027,108623,0.0,0.0,0.0
2025-05-23 04:15:00+00:00,13.029999732971191,13.039999961853027,13.029999732971191,13.039999961853027,5054,0.0,0.0,0.0
2025-05-23 04:20:00+00:00,13.029999732971191,13.029999732971191,13.020000457763672,13.020000457763672,45078,0.0,0.0,0.0
2025-05-23 04:25:00+00:00,13.020000457763672,13.020000457763672,13.010000228881836,13.010000228881836,28794,0.0,0.0,0.0
2025-05-23 04:30:00+00:00,13.020000457763672,13.020000457763672,13.0,13.0,46550,0.0,0.0,0.0
2025-05-23 04:35:00+00:00,13.020000457763672,13.020000457763672,13.020000457763672,13.020000457763672,52310,0.0,0.0,0.0
2025-05-23 04:40:00+00:00,13.020000457763672,13.020000457763672,13.010000228881836,13.020000457763672,36386,0.0,0.0,0.0
2025-05-23 04:45:00+00:00,13.020000457763672,13.020000457763672,13.010000228881836,13.010000228881836,25160,0.0,0.0,0.0
2025-05-23 04:50:00+00:00,13.010000228881836,13.010000228881836,13.0,13.010000228881836,40850,0.0,0.0,0.0
2025-05-23 04:55:00+00:00,13.0,13.010000228881836,13.0,13.010000228881836,9566,0.0,0.0,0.0
2025-05-23 05:00:00+00:00,13.0,13.010000228881836,13.0,13.010000228881836,47480,0.0,0.0,0.0
2025-05-23 05:05:00+00:00,13.029999732971191,13.029999732971191,13.020000457763672,13.020000457763672,2110,0.0,0.0,0.0
2025-05-23 05:10:00+00:00,13.020000457763672,13.029999732971191,13.020000457763672,13.029999732971191,12554,0.0,0.0,0.0
2025-05-23 05:15:00+00:00,13.029999732971191,13.029999732971191,13.020000457763672,13.020000457763672,19816,0.0,0.0,0.0
2025-05-23 05:20:00+00:00,13.029999732971191,13.039999961853027,13.020000457763672,13.029999732971191,61663,0.0,0.0,0.0
2025-05-26 01:00:00+00:00,13.0600004196167,13.0600004196167,13.0,13.0,0,0.0,0.0,0.0
2025-05-26 01:05:00+00:00,13.0,13.039999961853027,13.0,13.039999961853027,209364,0.0,0.0,0.0
2025-05-26 01:10:00+00:00,13.039999961853027,13.050000190734863,13.029999732971191,13.039999961853027,46788,0.0,0.0,0.0
2025-05-26 01:15:00+00:00,13.050000190734863,13.069999694824219,13.039999961853027,13.069999694824219,51215,0.0,0.0,0.0
2025-05-26 01:20:00+00:00,13.069999694824219,13.069999694824219,13.050000190734863,13.050000190734863,17891,0.0,0.0,0.0
2025-05-26 01:25:00+00:00,13.039999961853027,13.050000190734863,13.029999732971191,13.039999961853027,70525,0.0,0.0,0.0
2025-05-26 01:30:00+00:00,13.039999961853027,13.039999961853027,13.010000228881836,13.020000457763672,21048,0.0,0.0,0.0
2025-05-26 01:35:00+00:00,13.020000457763672,13.020000457763672,13.010000228881836,13.020000457763672,8477,0.0,0.0,0.0
2025-05-26 01:40:00+00:00,13.020000457763672,13.020000457763672,13.010000228881836,13.020000457763672,13237,0.0,0.0,0.0
2025-05-26 01:45:00+00:00,13.020000457763672,13.029999732971191,13.010000228881836,13.029999732971191,40626,0.0,0.0,0.0
2025-05-26 01:50:00+00:00,13.029999732971191,13.029999732971191,13.029999732971191,13.029999732971191,36058,0.0,0.0,0.0
2025-05-26 01:55:00+00:00,13.029999732971191,13.039999961853027,13.029999732971191,13.039999961853027,14198,0.0,0.0,0.0
2025-05-26 02:00:00+00:00,13.039999961853027,13.050000190734863,13.039999961853027,13.050000190734863,43279,0.0,0.0,0.0
2025-05-26 02:05:00+00:00,13.0600004196167,13.069999694824219,13.0600004196167,13.069999694824219,29058,0.0,0.0,0.0
2025-05-26 02:10:00+00:00,13.0600004196167,13.069999694824219,13.0600004196167,13.0600004196167,8927,0.0,0.0,0.0
2025-05-26 02:15:00+00:00,13.069999694824219,13.069999694824219,13.050000190734863,13.069999694824219,53911,0.0,0.0,0.0
2025-05-26 02:20:00+00:00,13.069999694824219,13.069999694824219,13.069999694824219,13.069999694824219,2287,0.0,0.0,0.0
2025-05-26 02:25:00+00:00,13.050000190734863,13.050000190734863,13.039999961853027,13.039999961853027,8085,0.0,0.0,0.0
2025-05-26 02:30:00+00:00,13.039999961853027,13.050000190734863,13.039999961853027,13.050000190734863,7172,0.0,0.0,0.0
2025-05-26 02:35:00+00:00,13.039999961853027,13.039999961853027,13.039999961853027,13.039999961853027,3163,0.0,0.0,0.0
2025-05-26 02:40:00+00:00,13.039999961853027,13.039999961853027,13.029999732971191,13.029999732971191,4073,0.0,0.0,0.0
2025-05-26 02:45:00+00:00,13.039999961853027,13.039999961853027,13.039999961853027,13.039999961853027,5147,0.0,0.0,0.0
2025-05-26 02:50:00+00:00,13.029999732971191,13.039999961853027,13.029999732971191,13.029999732971191,10113,0.0,0.0,0.0
2025-05-26 02:55:00+00:00,13.039999961853027,13.039999961853027,13.039999961853027,13.039999961853027,3158,0.0,0.0,0.0
2025-05-26 03:00:00+00:00,13.029999732971191,13.050000190734863,13.029999732971191,13.050000190734863,20172,0.0,0.0,0.0
2025-05-26 03:05:00+00:00,13.050000190734863,13.050000190734863,13.050000190734863,13.050000190734863,7563,0.0,0.0,0.0
2025-05-26 03:10:00+00:00,13.039999961853027,13.050000190734863,13.039999961853027,13.039999961853027,5119,0.0,0.0,0.0
2025-05-26 03:15:00+00:00,13.039999961853027,13.039999961853027,13.039999961853027,13.039999961853027,2222,0.0,0.0,0.0
2025-05-26 03:20:00+00:00,13.039999961853027,13.039999961853027,13.029999732971191,13.029999732971191,4058,0.0,0.0,0.0
2025-05-26 03:25:00+00:00,13.029999732971191,13.029999732971191,13.020000457763672,13.020000457763672,28053,0.0,0.0,0.0
2025-05-26 03:30:00+00:00,13.039999961853027,13.039999961853027,13.020000457763672,13.020000457763672,5153,0.0,0.0,0.0
2025-05-26 03:35:00+00:00,13.020000457763672,13.020000457763672,13.010000228881836,13.010000228881836,11141,0.0,0.0,0.0
2025-05-26 03:40:00+00:00,13.010000228881836,13.020000457763672,13.010000228881836,13.010000228881836,5024,0.0,0.0,0.0
2025-05-26 03:45:00+00:00,13.010000228881836,13.029999732971191,13.010000228881836,13.020000457763672,5081,0.0,0.0,0.0
2025-05-26 03:50:00+00:00,13.020000457763672,13.020000457763672,13.010000228881836,13.010000228881836,18135,0.0,0.0,0.0
2025-05-26 03:55:00+00:00,13.020000457763672,13.020000457763672,13.0,13.010000228881836,9302,0.0,0.0,0.0
2025-05-26 04:00:00+00:00,13.010000228881836,13.010000228881836,13.0,13.010000228881836,5035,0.0,0.0,0.0
2025-05-26 04:05:00+00:00,13.010000228881836,13.029999732971191,13.0,13.029999732971191,39710,0.0,0.0,0.0
2025-05-26 04:10:00+00:00,13.010000228881836,13.010000228881836,13.0,13.010000228881836,18631,0.0,0.0,0.0
2025-05-26 04:15:00+00:00,13.010000228881836,13.010000228881836,13.0,13.010000228881836,23183,0.0,0.0,0.0
2025-05-26 04:20:00+00:00,13.010000228881836,13.010000228881836,13.010000228881836,13.010000228881836,5016,0.0,0.0,0.0
2025-05-26 04:25:00+00:00,13.010000228881836,13.010000228881836,13.010000228881836,13.010000228881836,35092,0.0,0.0,0.0
2025-05-26 04:30:00+00:00,13.010000228881836,13.020000457763672,13.010000228881836,13.020000457763672,16370,0.0,0.0,0.0
2025-05-26 04:35:00+00:00,13.020000457763672,13.020000457763672,13.020000457763672,13.020000457763672,4469,0.0,0.0,0.0
2025-05-26 04:40:00+00:00,13.020000457763672,13.020000457763672,13.020000457763672,13.020000457763672,16518,0.0,0.0,0.0
2025-05-26 04:50:00+00:00,13.020000457763672,13.020000457763672,13.010000228881836,13.010000228881836,14578,0.0,0.0,0.0
2025-05-26 05:00:00+00:00,13.010000228881836,13.010000228881836,13.0,13.010000228881836,13056,0.0,0.0,0.0
2025-05-26 05:05:00+00:00,13.010000228881836,13.010000228881836,13.0,13.0,79435,0.0,0.0,0.0
2025-05-26 05:10:00+00:00,13.0,13.010000228881836,13.0,13.0,29235,0.0,0.0,0.0
2025-05-26 05:15:00+00:00,13.010000228881836,13.010000228881836,13.0,13.0,24829,0.0,0.0,0.0
2025-05-26 05:20:00+00:00,13.0,13.0,13.0,13.0,59420,0.0,0.0,0.0
2025-05-27 01:00:00+00:00,13.010000228881836,13.010000228881836,12.949999809265137,12.949999809265137,0,0.0,0.0,0.0
2025-05-27 01:05:00+00:00,12.949999809265137,12.979999542236328,12.949999809265137,12.960000038146973,14557,0.0,0.0,0.0
2025-05-27 01:10:00+00:00,12.960000038146973,12.960000038146973,12.949999809265137,12.949999809265137,46814,0.0,0.0,0.0
2025-05-27 01:15:00+00:00,12.949999809265137,12.960000038146973,12.949999809265137,12.949999809265137,88104,0.0,0.0,0.0
2025-05-27 01:20:00+00:00,12.960000038146973,12.960000038146973,12.949999809265137,12.949999809265137,12795,0.0,0.0,0.0
2025-05-27 01:25:00+00:00,12.949999809265137,12.979999542236328,12.949999809265137,12.979999542236328,16239,0.0,0.0,0.0
2025-05-27 01:30:00+00:00,12.989999771118164,12.989999771118164,12.979999542236328,12.979999542236328,8758,0.0,0.0,0.0
2025-05-27 01:35:00+00:00,12.979999542236328,12.979999542236328,12.979999542236328,12.979999542236328,10037,0.0,0.0,0.0
2025-05-27 01:40:00+00:00,12.979999542236328,12.979999542236328,12.970000267028809,12.970000267028809,14037,0.0,0.0,0.0
2025-05-27 01:45:00+00:00,12.970000267028809,12.979999542236328,12.960000038146973,12.979999542236328,6090,0.0,0.0,0.0
2025-05-27 01:50:00+00:00,12.960000038146973,12.960000038146973,12.9399995803833,12.9399995803833,100784,0.0,0.0,0.0
2025-05-27 01:55:00+00:00,12.9399995803833,12.9399995803833,12.899999618530273,12.899999618530273,136532,0.0,0.0,0.0
2025-05-27 02:00:00+00:00,12.899999618530273,12.899999618530273,12.890000343322754,12.890000343322754,36547,0.0,0.0,0.0
2025-05-27 02:05:00+00:00,12.890000343322754,12.899999618530273,12.890000343322754,12.890000343322754,6933,0.0,0.0,0.0
2025-05-27 02:10:00+00:00,12.890000343322754,12.890000343322754,12.869999885559082,12.869999885559082,89248,0.0,0.0,0.0
2025-05-27 02:15:00+00:00,12.880000114440918,12.890000343322754,12.880000114440918,12.890000343322754,20033,0.0,0.0,0.0
2025-05-27 02:20:00+00:00,12.890000343322754,12.890000343322754,12.880000114440918,12.880000114440918,53781,0.0,0.0,0.0
2025-05-27 02:25:00+00:00,12.890000343322754,12.890000343322754,12.890000343322754,12.890000343322754,5000,0.0,0.0,0.0
2025-05-27 02:30:00+00:00,12.890000343322754,12.899999618530273,12.890000343322754,12.899999618530273,60418,0.0,0.0,0.0
2025-05-27 02:35:00+00:00,12.920000076293945,12.920000076293945,12.920000076293945,12.920000076293945,2346,0.0,0.0,0.0
2025-05-27 02:40:00+00:00,12.90999984741211,12.920000076293945,12.90999984741211,12.920000076293945,7095,0.0,0.0,0.0
2025-05-27 02:45:00+00:00,12.920000076293945,12.920000076293945,12.90999984741211,12.90999984741211,11054,0.0,0.0,0.0
2025-05-27 02:50:00+00:00,12.899999618530273,12.899999618530273,12.899999618530273,12.899999618530273,1368,0.0,0.0,0.0
2025-05-27 02:55:00+00:00,12.920000076293945,12.920000076293945,12.920000076293945,12.920000076293945,4023,0.0,0.0,0.0
2025-05-27 03:00:00+00:00,12.920000076293945,12.920000076293945,12.920000076293945,12.920000076293945,6468,0.0,0.0,0.0
2025-05-27 03:05:00+00:00,12.90999984741211,12.90999984741211,12.90999984741211,12.90999984741211,3202,0.0,0.0,0.0
2025-05-27 03:10:00+00:00,12.90999984741211,12.90999984741211,12.899999618530273,12.899999618530273,18444,0.0,0.0,0.0
2025-05-27 03:15:00+00:00,12.90999984741211,12.90999984741211,12.890000343322754,12.890000343322754,6234,0.0,0.0,0.0
2025-05-27 03:20:00+00:00,12.899999618530273,12.899999618530273,12.890000343322754,12.899999618530273,3245,0.0,0.0,0.0
2025-05-27 03:25:00+00:00,12.899999618530273,12.899999618530273,12.899999618530273,12.899999618530273,3021,0.0,0.0,0.0
2025-05-27 03:30:00+00:00,12.899999618530273,12.899999618530273,12.890000343322754,12.890000343322754,12507,0.0,0.0,0.0
2025-05-27 03:35:00+00:00,12.899999618530273,12.899999618530273,12.890000343322754,12.890000343322754,4808,0.0,0.0,0.0
2025-05-27 03:40:00+00:00,12.890000343322754,12.890000343322754,12.890000343322754,12.890000343322754,2201,0.0,0.0,0.0
2025-05-27 03:45:00+00:00,12.890000343322754,12.890000343322754,12.890000343322754,12.890000343322754,3028,0.0,0.0,0.0
2025-05-27 03:50:00+00:00,12.890000343322754,12.890000343322754,12.890000343322754,12.890000343322754,6141,0.0,0.0,0.0
2025-05-27 03:55:00+00:00,12.880000114440918,12.890000343322754,12.880000114440918,12.880000114440918,55806,0.0,0.0,0.0
2025-05-27 04:00:00+00:00,12.880000114440918,12.880000114440918,12.859999656677246,12.869999885559082,47147,0.0,0.0,0.0
2025-05-27 04:05:00+00:00,12.869999885559082,12.869999885559082,12.859999656677246,12.869999885559082,20349,0.0,0.0,0.0
2025-05-27 04:10:00+00:00,12.869999885559082,12.869999885559082,12.859999656677246,12.869999885559082,17125,0.0,0.0,0.0
2025-05-27 04:15:00+00:00,12.869999885559082,12.869999885559082,12.859999656677246,12.859999656677246,9302,0.0,0.0,0.0
2025-05-27 04:20:00+00:00,12.869999885559082,12.869999885559082,12.850000381469727,12.850000381469727,73279,0.0,0.0,0.0
2025-05-27 04:25:00+00:00,12.859999656677246,12.859999656677246,12.850000381469727,12.850000381469727,24335,0.0,0.0,0.0
2025-05-27 04:30:00+00:00,12.859999656677246,12.869999885559082,12.850000381469727,12.850000381469727,34055,0.0,0.0,0.0
2025-05-27 04:35:00+00:00,12.859999656677246,12.859999656677246,12.850000381469727,12.850000381469727,9313,0.0,0.0,0.0
2025-05-27 04:40:00+00:00,12.850000381469727,12.859999656677246,12.850000381469727,12.850000381469727,52348,0.0,0.0,0.0
2025-05-27 04:45:00+00:00,12.859999656677246,12.859999656677246,12.84000015258789,12.84000015258789,74371,0.0,0.0,0.0
2025-05-27 04:50:00+00:00,12.859999656677246,12.859999656677246,12.84000015258789,12.850000381469727,14172,0.0,0.0,0.0
2025-05-27 04:55:00+00:00,12.850000381469727,12.859999656677246,12.850000381469727,12.859999656677246,51294,0.0,0.0,0.0
2025-05-27 05:00:00+00:00,12.859999656677246,12.869999885559082,12.859999656677246,12.869999885559082,24070,0.0,0.0,0.0
2025-05-27 05:05:00+00:00,12.869999885559082,12.869999885559082,12.869999885559082,12.869999885559082,8785,0.0,0.0,0.0
2025-05-27 05:10:00+00:00,12.859999656677246,12.869999885559082,12.859999656677246,12.859999656677246,7389,0.0,0.0,0.0
2025-05-27 05:15:00+00:00,12.869999885559082,12.869999885559082,12.859999656677246,12.869999885559082,14752,0.0,0.0,0.0
2025-05-27 05:20:00+00:00,12.869999885559082,12.869999885559082,12.859999656677246,12.859999656677246,55703,0.0,0.0,0.0
2025-05-28 01:00:00+00:00,12.989999771118164,13.079999923706055,12.989999771118164,13.050000190734863,0,0.0,0.0,0.0
2025-05-28 01:05:00+00:00,13.050000190734863,13.0600004196167,13.029999732971191,13.029999732971191,122275,0.0,0.0,0.0
2025-05-28 01:10:00+00:00,13.029999732971191,13.029999732971191,13.029999732971191,13.029999732971191,30227,0.0,0.0,0.0
2025-05-28 01:15:00+00:00,13.020000457763672,13.039999961853027,13.020000457763672,13.039999961853027,6253,0.0,0.0,0.0
2025-05-28 01:20:00+00:00,13.029999732971191,13.039999961853027,13.020000457763672,13.029999732971191,106027,0.0,0.0,0.0
2025-05-28 01:25:00+00:00,13.029999732971191,13.029999732971191,13.020000457763672,13.020000457763672,18234,0.0,0.0,0.0
2025-05-28 01:30:00+00:00,13.029999732971191,13.029999732971191,12.979999542236328,12.979999542236328,83961,0.0,0.0,0.0
2025-05-28 01:35:00+00:00,12.989999771118164,12.989999771118164,12.989999771118164,12.989999771118164,7213,0.0,0.0,0.0
2025-05-28 01:40:00+00:00,12.979999542236328,12.989999771118164,12.979999542236328,12.989999771118164,40148,0.0,0.0,0.0
2025-05-28 01:45:00+00:00,12.989999771118164,12.989999771118164,12.960000038146973,12.970000267028809,48925,0.0,0.0,0.0
2025-05-28 01:50:00+00:00,12.970000267028809,12.970000267028809,12.970000267028809,12.970000267028809,9135,0.0,0.0,0.0
2025-05-28 01:55:00+00:00,12.960000038146973,12.960000038146973,12.960000038146973,12.960000038146973,1079,0.0,0.0,0.0
2025-05-28 02:00:00+00:00,12.960000038146973,12.960000038146973,12.960000038146973,12.960000038146973,21241,0.0,0.0,0.0
2025-05-28 02:05:00+00:00,12.960000038146973,12.960000038146973,12.960000038146973,12.960000038146973,6211,0.0,0.0,0.0
2025-05-28 02:10:00+00:00,12.960000038146973,12.979999542236328,12.960000038146973,12.979999542236328,22521,0.0,0.0,0.0
2025-05-28 02:15:00+00:00,12.979999542236328,12.979999542236328,12.979999542236328,12.979999542236328,12043,0.0,0.0,0.0
2025-05-28 02:20:00+00:00,12.970000267028809,12.970000267028809,12.949999809265137,12.949999809265137,31817,0.0,0.0,0.0
2025-05-28 02:25:00+00:00,12.9399995803833,12.9399995803833,12.9399995803833,12.9399995803833,1061,0.0,0.0,0.0
2025-05-28 02:30:00+00:00,12.949999809265137,12.970000267028809,12.949999809265137,12.970000267028809,3134,0.0,0.0,0.0
2025-05-28 02:35:00+00:00,12.960000038146973,12.960000038146973,12.949999809265137,12.960000038146973,4223,0.0,0.0,0.0
2025-05-28 02:40:00+00:00,12.960000038146973,12.960000038146973,12.960000038146973,12.960000038146973,5033,0.0,0.0,0.0
2025-05-28 02:45:00+00:00,12.949999809265137,12.949999809265137,12.9399995803833,12.9399995803833,10583,0.0,0.0,0.0
2025-05-28 02:50:00+00:00,12.9399995803833,12.9399995803833,12.9399995803833,12.9399995803833,24081,0.0,0.0,0.0
2025-05-28 02:55:00+00:00,12.930000305175781,12.9399995803833,12.930000305175781,12.9399995803833,37318,0.0,0.0,0.0
2025-05-28 03:00:00+00:00,12.9399995803833,12.949999809265137,12.9399995803833,12.949999809265137,98028,0.0,0.0,0.0
2025-05-28 03:05:00+00:00,12.960000038146973,12.960000038146973,12.960000038146973,12.960000038146973,2162,0.0,0.0,0.0
2025-05-28 03:10:00+00:00,12.960000038146973,12.960000038146973,12.960000038146973,12.960000038146973,8017,0.0,0.0,0.0
2025-05-28 03:15:00+00:00,12.970000267028809,12.970000267028809,12.970000267028809,12.970000267028809,2350,0.0,0.0,0.0
2025-05-28 03:20:00+00:00,12.970000267028809,12.970000267028809,12.970000267028809,12.970000267028809,1222,0.0,0.0,0.0
2025-05-28 03:25:00+00:00,12.949999809265137,12.949999809265137,12.949999809265137,12.949999809265137,1029,0.0,0.0,0.0
2025-05-28 03:30:00+00:00,12.949999809265137,12.949999809265137,12.9399995803833,12.949999809265137,4010,0.0,0.0,0.0
2025-05-28 03:35:00+00:00,12.9399995803833,12.9399995803833,12.9399995803833,12.9399995803833,13108,0.0,0.0,0.0
2025-05-28 03:40:00+00:00,12.9399995803833,12.9399995803833,12.920000076293945,12.920000076293945,10941,0.0,0.0,0.0
2025-05-28 03:45:00+00:00,12.930000305175781,12.930000305175781,12.930000305175781,12.930000305175781,1487,0.0,0.0,0.0
2025-05-28 03:50:00+00:00,12.920000076293945,12.920000076293945,12.920000076293945,12.920000076293945,1975,0.0,0.0,0.0
2025-05-28 03:55:00+00:00,12.90999984741211,12.90999984741211,12.90999984741211,12.90999984741211,7434,0.0,0.0,0.0
2025-05-28 04:00:00+00:00,12.90999984741211,12.90999984741211,12.899999618530273,12.90999984741211,7022,0.0,0.0,0.0
2025-05-28 04:05:00+00:00,12.90999984741211,12.90999984741211,12.90999984741211,12.90999984741211,6006,0.0,0.0,0.0
2025-05-28 04:10:00+00:00,12.90999984741211,12.90999984741211,12.90999984741211,12.90999984741211,26510,0.0,0.0,0.0
2025-05-28 04:15:00+00:00,12.90999984741211,12.90999984741211,12.899999618530273,12.899999618530273,6090,0.0,0.0,0.0
2025-05-28 04:20:00+00:00,12.899999618530273,12.899999618530273,12.899999618530273,12.899999618530273,24160,0.0,0.0,0.0
2025-05-28 04:25:00+00:00,12.899999618530273,12.899999618530273,12.890000343322754,12.890000343322754,11419,0.0,0.0,0.0
2025-05-28 04:30:00+00:00,12.899999618530273,12.899999618530273,12.869999885559082,12.869999885559082,29765,0.0,0.0,0.0
2025-05-28 04:35:00+00:00,12.859999656677246,12.859999656677246,12.859999656677246,12.859999656677246,23104,0.0,0.0,0.0
2025-05-28 04:40:00+00:00,12.859999656677246,12.859999656677246,12.850000381469727,12.859999656677246,51896,0.0,0.0,0.0
2025-05-28 04:45:00+00:00,12.869999885559082,12.890000343322754,12.869999885559082,12.890000343322754,14078,0.0,0.0,0.0
2025-05-28 04:50:00+00:00,12.880000114440918,12.890000343322754,12.880000114440918,12.890000343322754,3082,0.0,0.0,0.0
2025-05-28 04:55:00+00:00,12.880000114440918,12.880000114440918,12.869999885559082,12.869999885559082,8503,0.0,0.0,0.0
2025-05-28 05:00:00+00:00,12.869999885559082,12.869999885559082,12.869999885559082,12.869999885559082,15540,0.0,0.0,0.0
2025-05-28 05:05:00+00:00,12.869999885559082,12.890000343322754,12.869999885559082,12.890000343322754,129646,0.0,0.0,0.0
2025-05-28 05:10:00+00:00,12.890000343322754,12.890000343322754,12.890000343322754,12.890000343322754,37431,0.0,0.0,0.0
2025-05-28 05:15:00+00:00,12.899999618530273,12.899999618530273,12.890000343322754,12.899999618530273,106461,0.0,0.0,0.0
2025-05-28 05:20:00+00:00,12.899999618530273,12.90999984741211,12.899999618530273,12.90999984741211,23563,0.0,0.0,0.0
2025-05-29 01:00:00+00:00,13.050000190734863,13.069999694824219,13.010000228881836,13.039999961853027,0,0.0,0.0,0.0
2025-05-29 01:05:00+00:00,13.010000228881836,13.010000228881836,12.970000267028809,12.970000267028809,174999,0.0,0.0,0.0
2025-05-29 01:10:00+00:00,12.989999771118164,12.989999771118164,12.949999809265137,12.960000038146973,85207,0.0,0.0,0.0
2025-05-29 01:15:00+00:00,12.960000038146973,12.960000038146973,12.960000038146973,12.960000038146973,119832,0.0,0.0,0.0
2025-05-29 01:20:00+00:00,12.949999809265137,12.960000038146973,12.949999809265137,12.960000038146973,54011,0.0,0.0,0.0
2025-05-29 01:25:00+00:00,12.960000038146973,12.970000267028809,12.960000038146973,12.970000267028809,2570,0.0,0.0,0.0
2025-05-29 01:30:00+00:00,12.970000267028809,12.970000267028809,12.960000038146973,12.970000267028809,66936,0.0,0.0,0.0
2025-05-29 01:35:00+00:00,12.979999542236328,12.989999771118164,12.979999542236328,12.989999771118164,32674,0.0,0.0,0.0
2025-05-29 01:40:00+00:00,13.0,13.010000228881836,13.0,13.010000228881836,29810,0.0,0.0,0.0
2025-05-29 01:45:00+00:00,13.010000228881836,13.010000228881836,13.0,13.0,36145,0.0,0.0,0.0
2025-05-29 01:50:00+00:00,13.0,13.0,12.989999771118164,12.989999771118164,14537,0.0,0.0,0.0
2025-05-29 01:55:00+00:00,12.970000267028809,12.989999771118164,12.970000267028809,12.989999771118164,5430,0.0,0.0,0.0
2025-05-29 02:00:00+00:00,12.989999771118164,13.0,12.989999771118164,12.989999771118164,8417,0.0,0.0,0.0
2025-05-29 02:05:00+00:00,12.979999542236328,12.979999542236328,12.979999542236328,12.979999542236328,29534,0.0,0.0,0.0
2025-05-29 02:15:00+00:00,12.979999542236328,12.979999542236328,12.970000267028809,12.970000267028809,15516,0.0,0.0,0.0
2025-05-29 02:20:00+00:00,12.970000267028809,12.970000267028809,12.970000267028809,12.970000267028809,4034,0.0,0.0,0.0
2025-05-29 02:25:00+00:00,12.960000038146973,12.960000038146973,12.949999809265137,12.960000038146973,22458,0.0,0.0,0.0
2025-05-29 02:30:00+00:00,12.960000038146973,12.970000267028809,12.949999809265137,12.949999809265137,64364,0.0,0.0,0.0
2025-05-29 02:35:00+00:00,12.949999809265137,12.949999809265137,12.949999809265137,12.949999809265137,2045,0.0,0.0,0.0
2025-05-29 02:40:00+00:00,12.970000267028809,12.970000267028809,12.960000038146973,12.970000267028809,7345,0.0,0.0,0.0
2025-05-29 02:45:00+00:00,12.970000267028809,12.970000267028809,12.960000038146973,12.960000038146973,12091,0.0,0.0,0.0
2025-05-29 02:50:00+00:00,12.960000038146973,12.960000038146973,12.960000038146973,12.960000038146973,10045,0.0,0.0,0.0
2025-05-29 02:55:00+00:00,12.960000038146973,12.970000267028809,12.949999809265137,12.949999809265137,17061,0.0,0.0,0.0
2025-05-29 03:00:00+00:00,12.970000267028809,12.970000267028809,12.960000038146973,12.970000267028809,31063,0.0,0.0,0.0
2025-05-29 03:05:00+00:00,12.960000038146973,12.970000267028809,12.949999809265137,12.949999809265137,18057,0.0,0.0,0.0
2025-05-29 03:10:00+00:00,12.949999809265137,12.970000267028809,12.949999809265137,12.970000267028809,75034,0.0,0.0,0.0
2025-05-29 03:15:00+00:00,12.979999542236328,12.979999542236328,12.979999542236328,12.979999542236328,1140,0.0,0.0,0.0
2025-05-29 03:20:00+00:00,12.979999542236328,12.979999542236328,12.970000267028809,12.970000267028809,19166,0.0,0.0,0.0
2025-05-29 03:25:00+00:00,12.979999542236328,12.979999542236328,12.979999542236328,12.979999542236328,42051,0.0,0.0,0.0
2025-05-29 03:30:00+00:00,12.989999771118164,12.989999771118164,12.989999771118164,12.989999771118164,10254,0.0,0.0,0.0
2025-05-29 03:35:00+00:00,12.989999771118164,13.0,12.989999771118164,12.989999771118164,12118,0.0,0.0,0.0
2025-05-29 03:40:00+00:00,12.979999542236328,12.979999542236328,12.979999542236328,12.979999542236328,2235,0.0,0.0,0.0
2025-05-29 03:45:00+00:00,12.979999542236328,12.979999542236328,12.979999542236328,12.979999542236328,2146,0.0,0.0,0.0
2025-05-29 03:50:00+00:00,12.970000267028809,12.979999542236328,12.970000267028809,12.970000267028809,6022,0.0,0.0,0.0
2025-05-29 03:55:00+00:00,12.979999542236328,12.979999542236328,12.979999542236328,12.979999542236328,2129,0.0,0.0,0.0
2025-05-29 04:00:00+00:00,12.970000267028809,12.979999542236328,12.970000267028809,12.979999542236328,19623,0.0,0.0,0.0
2025-05-29 04:05:00+00:00,12.979999542236328,12.979999542236328,12.979999542236328,12.979999542236328,2001,0.0,0.0,0.0
2025-05-29 04:10:00+00:00,12.979999542236328,12.979999542236328,12.970000267028809,12.970000267028809,2900,0.0,0.0,0.0
2025-05-29 04:15:00+00:00,12.960000038146973,12.960000038146973,12.949999809265137,12.949999809265137,10006,0.0,0.0,0.0
2025-05-29 04:20:00+00:00,12.960000038146973,12.960000038146973,12.949999809265137,12.949999809265137,25946,0.0,0.0,0.0
2025-05-29 04:25:00+00:00,12.9399995803833,12.949999809265137,12.930000305175781,12.949999809265137,51916,0.0,0.0,0.0
2025-05-29 04:30:00+00:00,12.960000038146973,12.960000038146973,12.960000038146973,12.960000038146973,3230,0.0,0.0,0.0
2025-05-29 04:35:00+00:00,12.960000038146973,12.960000038146973,12.960000038146973,12.960000038146973,1000,0.0,0.0,0.0
2025-05-29 04:40:00+00:00,12.949999809265137,12.960000038146973,12.949999809265137,12.949999809265137,16108,0.0,0.0,0.0
2025-05-29 04:45:00+00:00,12.949999809265137,12.960000038146973,12.949999809265137,12.949999809265137,17250,0.0,0.0,0.0
2025-05-29 04:50:00+00:00,12.949999809265137,12.960000038146973,12.949999809265137,12.960000038146973,60000,0.0,0.0,0.0
2025-05-29 04:55:00+00:00,12.960000038146973,12.960000038146973,12.960000038146973,12.960000038146973,14212,0.0,0.0,0.0
2025-05-29 05:00:00+00:00,12.970000267028809,12.970000267028809,12.949999809265137,12.960000038146973,45100,0.0,0.0,0.0
2025-05-29 05:05:00+00:00,12.960000038146973,12.960000038146973,12.9399995803833,12.949999809265137,130273,0.0,0.0,0.0
2025-05-29 05:10:00+00:00,12.949999809265137,12.949999809265137,12.9399995803833,12.949999809265137,8343,0.0,0.0,0.0
2025-05-29 05:15:00+00:00,12.960000038146973,12.960000038146973,12.949999809265137,12.949999809265137,5122,0.0,0.0,0.0
2025-05-29 05:20:00+00:00,12.949999809265137,12.970000267028809,12.949999809265137,12.970000267028809,94076,0.0,0.0,0.0
2025-06-02 01:00:00+00:00,12.880000114440918,12.890000343322754,12.779999732971191,12.779999732971191,0,0.0,0.0,0.0
2025-06-02 01:05:00+00:00,12.800000190734863,12.819999694824219,12.779999732971191,12.819999694824219,104821,0.0,0.0,0.0
2025-06-02 01:10:00+00:00,12.829999923706055,12.84000015258789,12.819999694824219,12.829999923706055,22857,0.0,0.0,0.0
2025-06-02 01:15:00+00:00,12.829999923706055,12.829999923706055,12.8100004196167,12.8100004196167,82835,0.0,0.0,0.0
2025-06-02 01:20:00+00:00,12.800000190734863,12.800000190734863,12.789999961853027,12.789999961853027,69303,0.0,0.0,0.0
2025-06-02 01:25:00+00:00,12.779999732971191,12.779999732971191,12.770000457763672,12.770000457763672,110525,0.0,0.0,0.0
2025-06-02 01:30:00+00:00,12.770000457763672,12.770000457763672,12.75,12.760000228881836,49159,0.0,0.0,0.0
2025-06-02 01:35:00+00:00,12.760000228881836,12.760000228881836,12.75,12.760000228881836,68106,0.0,0.0,0.0
2025-06-02 01:40:00+00:00,12.75,12.760000228881836,12.739999771118164,12.75,21631,0.0,0.0,0.0
2025-06-02 01:45:00+00:00,12.739999771118164,12.75,12.729999542236328,12.739999771118164,85547,0.0,0.0,0.0
2025-06-02 01:50:00+00:00,12.75,12.75,12.729999542236328,12.729999542236328,224428,0.0,0.0,0.0
2025-06-02 01:55:00+00:00,12.729999542236328,12.729999542236328,12.720000267028809,12.729999542236328,59072,0.0,0.0,0.0
2025-06-02 02:00:00+00:00,12.729999542236328,12.739999771118164,12.729999542236328,12.739999771118164,6353,0.0,0.0,0.0
2025-06-02 02:05:00+00:00,12.75,12.75,12.75,12.75,8620,0.0,0.0,0.0
2025-06-02 02:10:00+00:00,12.739999771118164,12.760000228881836,12.739999771118164,12.760000228881836,93249,0.0,0.0,0.0
2025-06-02 02:15:00+00:00,12.760000228881836,12.770000457763672,12.760000228881836,12.760000228881836,18527,0.0,0.0,0.0
2025-06-02 02:20:00+00:00,12.770000457763672,12.770000457763672,12.770000457763672,12.770000457763672,2118,0.0,0.0,0.0
2025-06-02 02:25:00+00:00,12.770000457763672,12.770000457763672,12.75,12.760000228881836,68302,0.0,0.0,0.0
2025-06-02 02:30:00+00:00,12.760000228881836,12.760000228881836,12.75,12.75,77579,0.0,0.0,0.0
2025-06-02 02:35:00+00:00,12.739999771118164,12.739999771118164,12.739999771118164,12.739999771118164,21432,0.0,0.0,0.0
2025-06-02 02:40:00+00:00,12.739999771118164,12.739999771118164,12.729999542236328,12.729999542236328,58526,0.0,0.0,0.0
2025-06-02 02:45:00+00:00,12.729999542236328,12.729999542236328,12.729999542236328,12.729999542236328,4419,0.0,0.0,0.0
2025-06-02 02:50:00+00:00,12.720000267028809,12.729999542236328,12.710000038146973,12.710000038146973,145755,0.0,0.0,0.0
2025-06-02 02:55:00+00:00,12.710000038146973,12.720000267028809,12.710000038146973,12.710000038146973,22610,0.0,0.0,0.0
2025-06-02 03:00:00+00:00,12.710000038146973,12.710000038146973,12.699999809265137,12.710000038146973,13982,0.0,0.0,0.0
2025-06-02 03:05:00+00:00,12.710000038146973,12.710000038146973,12.699999809265137,12.699999809265137,105563,0.0,0.0,0.0
2025-06-02 03:10:00+00:00,12.699999809265137,12.699999809265137,12.699999809265137,12.699999809265137,17383,0.0,0.0,0.0
2025-06-02 03:15:00+00:00,12.699999809265137,12.710000038146973,12.699999809265137,12.710000038146973,16580,0.0,0.0,0.0
2025-06-02 03:20:00+00:00,12.710000038146973,12.710000038146973,12.699999809265137,12.710000038146973,29178,0.0,0.0,0.0
2025-06-02 03:25:00+00:00,12.699999809265137,12.699999809265137,12.680000305175781,12.6899995803833,61805,0.0,0.0,0.0
2025-06-02 03:30:00+00:00,12.6899995803833,12.6899995803833,12.680000305175781,12.680000305175781,2642,0.0,0.0,0.0
2025-06-02 03:35:00+00:00,12.680000305175781,12.6899995803833,12.680000305175781,12.6899995803833,53605,0.0,0.0,0.0
2025-06-02 03:40:00+00:00,12.6899995803833,12.6899995803833,12.6899995803833,12.6899995803833,14226,0.0,0.0,0.0
2025-06-02 03:45:00+00:00,12.6899995803833,12.6899995803833,12.680000305175781,12.6899995803833,9139,0.0,0.0,0.0
2025-06-02 03:50:00+00:00,12.6899995803833,12.6899995803833,12.6899995803833,12.6899995803833,13586,0.0,0.0,0.0
2025-06-02 03:55:00+00:00,12.6899995803833,12.6899995803833,12.6899995803833,12.6899995803833,7052,0.0,0.0,0.0
2025-06-02 04:00:00+00:00,12.6899995803833,12.699999809265137,12.6899995803833,12.6899995803833,44613,0.0,0.0,0.0
2025-06-02 04:05:00+00:00,12.6899995803833,12.6899995803833,12.6899995803833,12.6899995803833,24377,0.0,0.0,0.0
2025-06-02 04:10:00+00:00,12.6899995803833,12.699999809265137,12.6899995803833,12.699999809265137,6047,0.0,0.0,0.0
2025-06-02 04:15:00+00:00,12.699999809265137,12.699999809265137,12.699999809265137,12.699999809265137,7077,0.0,0.0,0.0
2025-06-02 04:20:00+00:00,12.699999809265137,12.699999809265137,12.699999809265137,12.699999809265137,13491,0.0,0.0,0.0
2025-06-02 04:25:00+00:00,12.699999809265137,12.699999809265137,12.6899995803833,12.699999809265137,15736,0.0,0.0,0.0
2025-06-02 04:30:00+00:00,12.699999809265137,12.699999809265137,12.6899995803833,12.6899995803833,47586,0.0,0.0,0.0
2025-06-02 04:35:00+00:00,12.6899995803833,12.6899995803833,12.6899995803833,12.6899995803833,6729,0.0,0.0,0.0
2025-06-02 04:40:00+00:00,12.699999809265137,12.699999809265137,12.6899995803833,12.699999809265137,14780,0.0,0.0,0.0
2025-06-02 04:45:00+00:00,12.699999809265137,12.699999809265137,12.6899995803833,12.6899995803833,27823,0.0,0.0,0.0
2025-06-02 04:50:00+00:00,12.699999809265137,12.699999809265137,12.6899995803833,12.699999809265137,8026,0.0,0.0,0.0
2025-06-02 04:55:00+00:00,12.699999809265137,12.699999809265137,12.6899995803833,12.6899995803833,13317,0.0,0.0,0.0
2025-06-02 05:00:00+00:00,12.6899995803833,12.720000267028809,12.6899995803833,12.720000267028809,130152,0.0,0.0,0.0
2025-06-02 05:05:00+00:00,12.720000267028809,12.720000267028809,12.710000038146973,12.710000038146973,20569,0.0,0.0,0.0
2025-06-02 05:10:00+00:00,12.710000038146973,12.720000267028809,12.710000038146973,12.720000267028809,3261,0.0,0.0,0.0
2025-06-02 05:15:00+00:00,12.720000267028809,12.720000267028809,12.699999809265137,12.699999809265137,25074,0.0,0.0,0.0
2025-06-02 05:20:00+00:00,12.699999809265137,12.699999809265137,12.6899995803833,12.699999809265137,50420,0.0,0.0,0.0
2025-06-03 01:00:00+00:00,12.819999694824219,12.84000015258789,12.8100004196167,12.829999923706055,0,0.0,0.0,0.0
2025-06-03 01:05:00+00:00,12.84000015258789,12.859999656677246,12.84000015258789,12.859999656677246,55899,0.0,0.0,0.0
2025-06-03 01:10:00+00:00,12.859999656677246,12.859999656677246,12.850000381469727,12.859999656677246,93201,0.0,0.0,0.0
2025-06-03 01:15:00+00:00,12.869999885559082,12.869999885559082,12.859999656677246,12.859999656677246,32862,0.0,0.0,0.0
2025-06-03 01:20:00+00:00,12.859999656677246,12.869999885559082,12.859999656677246,12.869999885559082,66141,0.0,0.0,0.0
2025-06-03 01:25:00+00:00,12.869999885559082,12.880000114440918,12.859999656677246,12.880000114440918,74378,0.0,0.0,0.0
2025-06-03 01:30:00+00:00,12.880000114440918,12.880000114440918,12.880000114440918,12.880000114440918,73288,0.0,0.0,0.0
2025-06-03 01:35:00+00:00,12.890000343322754,12.899999618530273,12.890000343322754,12.890000343322754,21563,0.0,0.0,0.0
2025-06-03 01:40:00+00:00,12.899999618530273,12.899999618530273,12.899999618530273,12.899999618530273,34842,0.0,0.0,0.0
2025-06-03 01:45:00+00:00,12.90999984741211,12.90999984741211,12.899999618530273,12.90999984741211,14270,0.0,0.0,0.0
2025-06-03 01:50:00+00:00,12.90999984741211,12.90999984741211,12.890000343322754,12.899999618530273,51141,0.0,0.0,0.0
2025-06-03 01:55:00+00:00,12.899999618530273,12.899999618530273,12.899999618530273,12.899999618530273,2008,0.0,0.0,0.0
2025-06-03 02:00:00+00:00,12.899999618530273,12.899999618530273,12.880000114440918,12.880000114440918,23817,0.0,0.0,0.0
2025-06-03 02:05:00+00:00,12.880000114440918,12.880000114440918,12.84000015258789,12.84000015258789,107237,0.0,0.0,0.0
2025-06-03 02:10:00+00:00,12.84000015258789,12.84000015258789,12.819999694824219,12.819999694824219,15707,0.0,0.0,0.0
2025-06-03 02:15:00+00:00,12.819999694824219,12.819999694824219,12.800000190734863,12.8100004196167,15740,0.0,0.0,0.0
2025-06-03 02:20:00+00:00,12.819999694824219,12.819999694824219,12.819999694824219,12.819999694824219,1865,0.0,0.0,0.0
2025-06-03 02:25:00+00:00,12.819999694824219,12.819999694824219,12.8100004196167,12.8100004196167,4289,0.0,0.0,0.0
2025-06-03 02:30:00+00:00,12.819999694824219,12.819999694824219,12.800000190734863,12.8100004196167,16166,0.0,0.0,0.0
2025-06-03 02:35:00+00:00,12.8100004196167,12.8100004196167,12.800000190734863,12.800000190734863,20376,0.0,0.0,0.0
2025-06-03 02:40:00+00:00,12.800000190734863,12.800000190734863,12.779999732971191,12.779999732971191,18505,0.0,0.0,0.0
2025-06-03 02:45:00+00:00,12.800000190734863,12.800000190734863,12.789999961853027,12.789999961853027,10142,0.0,0.0,0.0
2025-06-03 02:50:00+00:00,12.789999961853027,12.789999961853027,12.789999961853027,12.789999961853027,26051,0.0,0.0,0.0
2025-06-03 02:55:00+00:00,12.8100004196167,12.8100004196167,12.8100004196167,12.8100004196167,1018,0.0,0.0,0.0
2025-06-03 03:00:00+00:00,12.8100004196167,12.8100004196167,12.800000190734863,12.800000190734863,24196,0.0,0.0,0.0
2025-06-03 03:05:00+00:00,12.8100004196167,12.8100004196167,12.8100004196167,12.8100004196167,1452,0.0,0.0,0.0
2025-06-03 03:15:00+00:00,12.8100004196167,12.8100004196167,12.8100004196167,12.8100004196167,5237,0.0,0.0,0.0
2025-06-03 03:20:00+00:00,12.8100004196167,12.8100004196167,12.8100004196167,12.8100004196167,48343,0.0,0.0,0.0
2025-06-03 03:25:00+00:00,12.8100004196167,12.8100004196167,12.8100004196167,12.8100004196167,3008,0.0,0.0,0.0
2025-06-03 03:30:00+00:00,12.8100004196167,12.8100004196167,12.8100004196167,12.8100004196167,3904,0.0,0.0,0.0
2025-06-03 03:40:00+00:00,12.8100004196167,12.819999694824219,12.8100004196167,12.819999694824219,34140,0.0,0.0,0.0
2025-06-03 03:45:00+00:00,12.819999694824219,12.819999694824219,12.8100004196167,12.8100004196167,51025,0.0,0.0,0.0
2025-06-03 03:50:00+00:00,12.800000190734863,12.800000190734863,12.800000190734863,12.800000190734863,4037,0.0,0.0,0.0
2025-06-03 03:55:00+00:00,12.8100004196167,12.8100004196167,12.8100004196167,12.8100004196167,3253,0.0,0.0,0.0
2025-06-03 04:00:00+00:00,12.800000190734863,12.800000190734863,12.800000190734863,12.800000190734863,130249,0.0,0.0,0.0
2025-06-03 04:05:00+00:00,12.8100004196167,12.8100004196167,12.8100004196167,12.8100004196167,1484,0.0,0.0,0.0
2025-06-03 04:10:00+00:00,12.8100004196167,12.8100004196167,12.8100004196167,12.8100004196167,1478,0.0,0.0,0.0
2025-06-03 04:15:00+00:00,12.800000190734863,12.800000190734863,12.800000190734863,12.800000190734863,1003,0.0,0.0,0.0
2025-06-03 04:20:00+00:00,12.800000190734863,12.800000190734863,12.789999961853027,12.789999961853027,6414,0.0,0.0,0.0
2025-06-03 04:25:00+00:00,12.789999961853027,12.789999961853027,12.789999961853027,12.789999961853027,5006,0.0,0.0,0.0
2025-06-03 04:30:00+00:00,12.800000190734863,12.800000190734863,12.800000190734863,12.800000190734863,8325,0.0,0.0,0.0
2025-06-03 04:35:00+00:00,12.800000190734863,12.800000190734863,12.800000190734863,12.800000190734863,1100,0.0,0.0,0.0
2025-06-03 04:40:00+00:00,12.800000190734863,12.800000190734863,12.800000190734863,12.800000190734863,1110,0.0,0.0,0.0
2025-06-03 04:45:00+00:00,12.789999961853027,12.789999961853027,12.789999961853027,12.789999961853027,5004,0.0,0.0,0.0
2025-06-03 04:50:00+00:00,12.789999961853027,12.789999961853027,12.789999961853027,12.789999961853027,3068,0.0,0.0,0.0
2025-06-03 04:55:00+00:00,12.779999732971191,12.779999732971191,12.779999732971191,12.779999732971191,5182,0.0,0.0,0.0
2025-06-03 05:00:00+00:00,12.789999961853027,12.789999961853027,12.789999961853027,12.789999961853027,12010,0.0,0.0,0.0
2025-06-03 05:05:00+00:00,12.789999961853027,12.789999961853027,12.789999961853027,12.789999961853027,12656,0.0,0.0,0.0
2025-06-03 05:10:00+00:00,12.789999961853027,12.789999961853027,12.789999961853027,12.789999961853027,4126,0.0,0.0,0.0
2025-06-03 05:15:00+00:00,12.800000190734863,12.800000190734863,12.779999732971191,12.779999732971191,12150,0.0,0.0,0.0
2025-06-03 05:20:00+00:00,12.789999961853027,12.800000190734863,12.779999732971191,12.779999732971191,16882,0.0,0.0,0.0
2025-06-04 01:00:00+00:00,12.899999618530273,12.970000267028809,12.899999618530273,12.960000038146973,92000,0.0,0.0,0.0
2025-06-04 01:05:00+00:00,12.960000038146973,12.979999542236328,12.960000038146973,12.979999542236328,79000,0.0,0.0,0.0
2025-06-04 01:10:00+00:00,12.989999771118164,12.989999771118164,12.970000267028809,12.979999542236328,127960,0.0,0.0,0.0
2025-06-04 01:15:00+00:00,12.989999771118164,13.0,12.979999542236328,12.989999771118164,154311,0.0,0.0,0.0
2025-06-04 01:20:00+00:00,12.989999771118164,13.010000228881836,12.989999771118164,13.010000228881836,242452,0.0,0.0,0.0
2025-06-04 01:25:00+00:00,13.020000457763672,13.020000457763672,13.020000457763672,13.020000457763672,57734,0.0,0.0,0.0
2025-06-04 01:30:00+00:00,13.029999732971191,13.029999732971191,13.020000457763672,13.020000457763672,43822,0.0,0.0,0.0
2025-06-04 01:35:00+00:00,13.020000457763672,13.029999732971191,13.010000228881836,13.010000228881836,100951,0.0,0.0,0.0
2025-06-04 01:40:00+00:00,13.020000457763672,13.020000457763672,13.010000228881836,13.020000457763672,69468,0.0,0.0,0.0
2025-06-04 01:45:00+00:00,13.020000457763672,13.029999732971191,13.020000457763672,13.020000457763672,48707,0.0,0.0,0.0
2025-06-04 01:50:00+00:00,13.020000457763672,13.029999732971191,13.020000457763672,13.029999732971191,118554,0.0,0.0,0.0
2025-06-04 01:55:00+00:00,13.020000457763672,13.020000457763672,13.010000228881836,13.020000457763672,29823,0.0,0.0,0.0
2025-06-04 02:00:00+00:00,13.010000228881836,13.020000457763672,13.010000228881836,13.010000228881836,26331,0.0,0.0,0.0
2025-06-04 02:05:00+00:00,13.010000228881836,13.010000228881836,13.010000228881836,13.010000228881836,21159,0.0,0.0,0.0
2025-06-04 02:10:00+00:00,13.020000457763672,13.029999732971191,13.020000457763672,13.029999732971191,201479,0.0,0.0,0.0
2025-06-04 02:15:00+00:00,13.020000457763672,13.020000457763672,13.010000228881836,13.010000228881836,5038,0.0,0.0,0.0
2025-06-04 02:20:00+00:00,13.010000228881836,13.020000457763672,13.010000228881836,13.020000457763672,31494,0.0,0.0,0.0
2025-06-04 02:25:00+00:00,13.020000457763672,13.029999732971191,13.020000457763672,13.020000457763672,40368,0.0,0.0,0.0
2025-06-04 02:30:00+00:00,13.029999732971191,13.039999961853027,13.029999732971191,13.029999732971191,255884,0.0,0.0,0.0
2025-06-04 02:35:00+00:00,13.029999732971191,13.029999732971191,13.029999732971191,13.029999732971191,54029,0.0,0.0,0.0
2025-06-04 02:40:00+00:00,13.020000457763672,13.029999732971191,13.020000457763672,13.029999732971191,103042,0.0,0.0,0.0
2025-06-04 02:45:00+00:00,13.029999732971191,13.029999732971191,13.029999732971191,13.029999732971191,12278,0.0,0.0,0.0
2025-06-04 02:50:00+00:00,13.029999732971191,13.029999732971191,13.020000457763672,13.029999732971191,230638,0.0,0.0,0.0
2025-06-04 02:55:00+00:00,13.020000457763672,13.020000457763672,13.020000457763672,13.020000457763672,6186,0.0,0.0,0.0
2025-06-04 03:00:00+00:00,13.020000457763672,13.020000457763672,13.020000457763672,13.020000457763672,8143,0.0,0.0,0.0
2025-06-04 03:05:00+00:00,13.029999732971191,13.029999732971191,13.020000457763672,13.020000457763672,50039,0.0,0.0,0.0
2025-06-04 03:10:00+00:00,13.029999732971191,13.029999732971191,13.020000457763672,13.020000457763672,25467,0.0,0.0,0.0
2025-06-04 03:15:00+00:00,13.020000457763672,13.029999732971191,13.020000457763672,13.029999732971191,26047,0.0,0.0,0.0
2025-06-04 03:20:00+00:00,13.029999732971191,13.029999732971191,13.020000457763672,13.020000457763672,220073,0.0,0.0,0.0
2025-06-04 03:25:00+00:00,13.029999732971191,13.029999732971191,13.029999732971191,13.029999732971191,3013,0.0,0.0,0.0
2025-06-04 03:30:00+00:00,13.029999732971191,13.029999732971191,13.029999732971191,13.029999732971191,6249,0.0,0.0,0.0
2025-06-04 03:35:00+00:00,13.020000457763672,13.020000457763672,13.010000228881836,13.010000228881836,375186,0.0,0.0,0.0
2025-06-04 03:40:00+00:00,13.020000457763672,13.020000457763672,13.010000228881836,13.010000228881836,28364,0.0,0.0,0.0
2025-06-04 03:45:00+00:00,13.010000228881836,13.010000228881836,13.010000228881836,13.010000228881836,220112,0.0,0.0,0.0
2025-06-04 03:50:00+00:00,13.010000228881836,13.010000228881836,13.0,13.0,51050,0.0,0.0,0.0
2025-06-04 03:55:00+00:00,13.0,13.0,13.0,13.0,21074,0.0,0.0,0.0
2025-06-04 04:00:00+00:00,13.0,13.0,13.0,13.0,9030,0.0,0.0,0.0
2025-06-04 04:05:00+00:00,13.0,13.0,12.989999771118164,12.989999771118164,28044,0.0,0.0,0.0
2025-06-04 04:10:00+00:00,12.989999771118164,13.0,12.989999771118164,13.0,44226,0.0,0.0,0.0
2025-06-04 04:15:00+00:00,13.0,13.010000228881836,13.0,13.010000228881836,13492,0.0,0.0,0.0
2025-06-04 04:20:00+00:00,13.010000228881836,13.020000457763672,13.010000228881836,13.020000457763672,106060,0.0,0.0,0.0
2025-06-04 04:25:00+00:00,13.020000457763672,13.020000457763672,13.010000228881836,13.010000228881836,17028,0.0,0.0,0.0
2025-06-04 04:30:00+00:00,13.020000457763672,13.020000457763672,13.010000228881836,13.010000228881836,23237,0.0,0.0,0.0
2025-06-04 04:35:00+00:00,13.010000228881836,13.020000457763672,13.010000228881836,13.010000228881836,213340,0.0,0.0,0.0
2025-06-04 04:40:00+00:00,13.010000228881836,13.010000228881836,13.010000228881836,13.010000228881836,25610,0.0,0.0,0.0
2025-06-04 04:45:00+00:00,13.010000228881836,13.010000228881836,13.010000228881836,13.010000228881836,55411,0.0,0.0,0.0
2025-06-04 04:50:00+00:00,13.010000228881836,13.010000228881836,13.010000228881836,13.010000228881836,38030,0.0,0.0,0.0
2025-06-04 04:55:00+00:00,13.010000228881836,13.010000228881836,13.0,13.0,20125,0.0,0.0,0.0
2025-06-04 05:00:00+00:00,13.010000228881836,13.010000228881836,13.010000228881836,13.010000228881836,14470,0.0,0.0,0.0
2025-06-04 05:05:00+00:00,13.010000228881836,13.010000228881836,13.010000228881836,13.010000228881836,27125,0.0,0.0,0.0
2025-06-04 05:10:00+00:00,13.010000228881836,13.010000228881836,13.0,13.0,34333,0.0,0.0,0.0
2025-06-04 05:15:00+00:00,13.020000457763672,13.020000457763672,13.010000228881836,13.020000457763672,26365,0.0,0.0,0.0
2025-06-04 05:20:00+00:00,13.020000457763672,13.020000457763672,13.010000228881836,13.010000228881836,5425,0.0,0.0,0.0
2025-06-05 01:00:00+00:00,13.039999961853027,13.069999694824219,13.039999961853027,13.069999694824219,160000,0.0,0.0,0.0
2025-06-05 01:05:00+00:00,13.0600004196167,13.069999694824219,13.0600004196167,13.069999694824219,79807,0.0,0.0,0.0
2025-06-05 01:10:00+00:00,13.069999694824219,13.069999694824219,13.0600004196167,13.069999694824219,41062,0.0,0.0,0.0
2025-06-05 01:15:00+00:00,13.069999694824219,13.079999923706055,13.069999694824219,13.069999694824219,121831,0.0,0.0,0.0
2025-06-05 01:20:00+00:00,13.069999694824219,13.069999694824219,13.069999694824219,13.069999694824219,12072,0.0,0.0,0.0
2025-06-05 01:25:00+00:00,13.0600004196167,13.069999694824219,13.0600004196167,13.0600004196167,78121,0.0,0.0,0.0
2025-06-05 01:30:00+00:00,13.069999694824219,13.069999694824219,13.050000190734863,13.0600004196167,35337,0.0,0.0,0.0
2025-06-05 01:35:00+00:00,13.0600004196167,13.069999694824219,13.0600004196167,13.069999694824219,109816,0.0,0.0,0.0
2025-06-05 01:40:00+00:00,13.069999694824219,13.069999694824219,13.069999694824219,13.069999694824219,13342,0.0,0.0,0.0
2025-06-05 01:45:00+00:00,13.079999923706055,13.09000015258789,13.079999923706055,13.079999923706055,193572,0.0,0.0,0.0
2025-06-05 01:50:00+00:00,13.079999923706055,13.079999923706055,13.079999923706055,13.079999923706055,19042,0.0,0.0,0.0
2025-06-05 01:55:00+00:00,13.079999923706055,13.079999923706055,13.069999694824219,13.069999694824219,83231,0.0,0.0,0.0
2025-06-05 02:00:00+00:00,13.069999694824219,13.079999923706055,13.0600004196167,13.079999923706055,50045,0.0,0.0,0.0
2025-06-05 02:05:00+00:00,13.079999923706055,13.079999923706055,13.039999961853027,13.039999961853027,29682,0.0,0.0,0.0
2025-06-05 02:10:00+00:00,13.050000190734863,13.050000190734863,13.029999732971191,13.039999961853027,34360,0.0,0.0,0.0
2025-06-05 02:15:00+00:00,13.039999961853027,13.039999961853027,13.020000457763672,13.020000457763672,13186,0.0,0.0,0.0
2025-06-05 02:20:00+00:00,13.029999732971191,13.039999961853027,13.020000457763672,13.020000457763672,29362,0.0,0.0,0.0
2025-06-05 02:25:00+00:00,13.010000228881836,13.020000457763672,13.0,13.010000228881836,57182,0.0,0.0,0.0
2025-06-05 02:30:00+00:00,13.010000228881836,13.010000228881836,13.0,13.010000228881836,24780,0.0,0.0,0.0
2025-06-05 02:35:00+00:00,13.010000228881836,13.020000457763672,13.010000228881836,13.010000228881836,17062,0.0,0.0,0.0
2025-06-05 02:40:00+00:00,13.0,13.010000228881836,13.0,13.0,51043,0.0,0.0,0.0
2025-06-05 02:45:00+00:00,12.989999771118164,12.989999771118164,12.989999771118164,12.989999771118164,2215,0.0,0.0,0.0
2025-06-05 02:50:00+00:00,13.0,13.0,12.989999771118164,13.0,5107,0.0,0.0,0.0
2025-06-05 02:55:00+00:00,12.989999771118164,13.0,12.989999771118164,13.0,30714,0.0,0.0,0.0
2025-06-05 03:00:00+00:00,13.0,13.0,12.989999771118164,12.989999771118164,3043,0.0,0.0,0.0
2025-06-05 03:05:00+00:00,13.0,13.0,13.0,13.0,9499,0.0,0.0,0.0
2025-06-05 03:10:00+00:00,12.989999771118164,13.0,12.989999771118164,13.0,61034,0.0,0.0,0.0
2025-06-05 03:15:00+00:00,13.010000228881836,13.010000228881836,13.0,13.010000228881836,4086,0.0,0.0,0.0
2025-06-05 03:20:00+00:00,13.010000228881836,13.020000457763672,13.010000228881836,13.020000457763672,4407,0.0,0.0,0.0
2025-06-05 03:25:00+00:00,13.010000228881836,13.020000457763672,13.010000228881836,13.020000457763672,2831,0.0,0.0,0.0
2025-06-05 03:30:00+00:00,13.020000457763672,13.020000457763672,13.010000228881836,13.010000228881836,26780,0.0,0.0,0.0
2025-06-05 03:35:00+00:00,13.020000457763672,13.020000457763672,13.010000228881836,13.010000228881836,5303,0.0,0.0,0.0
2025-06-05 03:40:00+00:00,13.010000228881836,13.020000457763672,13.010000228881836,13.010000228881836,6051,0.0,0.0,0.0
2025-06-05 03:45:00+00:00,13.020000457763672,13.020000457763672,13.020000457763672,13.020000457763672,16143,0.0,0.0,0.0
2025-06-05 03:50:00+00:00,13.010000228881836,13.029999732971191,13.010000228881836,13.029999732971191,3594,0.0,0.0,0.0
2025-06-05 03:55:00+00:00,13.010000228881836,13.010000228881836,13.010000228881836,13.010000228881836,1005,0.0,0.0,0.0
2025-06-05 04:00:00+00:00,13.010000228881836,13.020000457763672,13.010000228881836,13.010000228881836,16062,0.0,0.0,0.0
2025-06-05 04:05:00+00:00,13.0,13.010000228881836,13.0,13.010000228881836,13343,0.0,0.0,0.0
2025-06-05 04:10:00+00:00,13.010000228881836,13.010000228881836,13.0,13.010000228881836,4178,0.0,0.0,0.0
2025-06-05 04:15:00+00:00,13.010000228881836,13.010000228881836,13.0,13.0,4655,0.0,0.0,0.0
2025-06-05 04:20:00+00:00,13.010000228881836,13.010000228881836,13.0,13.010000228881836,15225,0.0,0.0,0.0
2025-06-05 04:25:00+00:00,13.0,13.0,12.989999771118164,12.989999771118164,18141,0.0,0.0,0.0
2025-06-05 04:30:00+00:00,13.0,13.0,12.989999771118164,13.0,19644,0.0,0.0,0.0
2025-06-05 04:35:00+00:00,13.0,13.0,13.0,13.0,3004,0.0,0.0,0.0
2025-06-05 04:40:00+00:00,13.0,13.010000228881836,13.0,13.0,6310,0.0,0.0,0.0
2025-06-05 04:45:00+00:00,13.0,13.0,13.0,13.0,23420,0.0,0.0,0.0
2025-06-05 04:50:00+00:00,13.0,13.010000228881836,13.0,13.0,16115,0.0,0.0,0.0
2025-06-05 04:55:00+00:00,13.0,13.0,13.0,13.0,2240,0.0,0.0,0.0
2025-06-05 05:00:00+00:00,12.989999771118164,12.989999771118164,12.989999771118164,12.989999771118164,41220,0.0,0.0,0.0
2025-06-05 05:05:00+00:00,12.989999771118164,12.989999771118164,12.979999542236328,12.979999542236328,54238,0.0,0.0,0.0
2025-06-05 05:10:00+00:00,12.979999542236328,12.989999771118164,12.979999542236328,12.989999771118164,154074,0.0,0.0,0.0
2025-06-05 05:15:00+00:00,12.989999771118164,13.0,12.989999771118164,13.0,19183,0.0,0.0,0.0
2025-06-05 05:20:00+00:00,13.0,13.0,12.989999771118164,13.0,12314,0.0,0.0,0.0
2025-06-06 01:00:00+00:00,13.0,13.0,12.960000038146973,12.970000267028809,197000,0.0,0.0,0.0
2025-06-06 01:05:00+00:00,12.979999542236328,13.0,12.979999542236328,13.0,16843,0.0,0.0,0.0
2025-06-06 01:10:00+00:00,12.989999771118164,13.010000228881836,12.989999771118164,13.010000228881836,32389,0.0,0.0,0.0
2025-06-06 01:15:00+00:00,13.010000228881836,13.020000457763672,13.010000228881836,13.020000457763672,26632,0.0,0.0,0.0
2025-06-06 01:20:00+00:00,13.020000457763672,13.020000457763672,13.0,13.0,24733,0.0,0.0,0.0
2025-06-06 01:25:00+00:00,13.010000228881836,13.010000228881836,13.0,13.010000228881836,34387,0.0,0.0,0.0
2025-06-06 01:30:00+00:00,13.0,13.0,12.989999771118164,13.0,25650,0.0,0.0,0.0
2025-06-06 01:35:00+00:00,13.0,13.0,13.0,13.0,113108,0.0,0.0,0.0
2025-06-06 01:40:00+00:00,12.989999771118164,12.989999771118164,12.979999542236328,12.989999771118164,40958,0.0,0.0,0.0
2025-06-06 01:45:00+00:00,12.989999771118164,12.989999771118164,12.970000267028809,12.979999542236328,11260,0.0,0.0,0.0
2025-06-06 01:50:00+00:00,12.979999542236328,12.979999542236328,12.970000267028809,12.970000267028809,24468,0.0,0.0,0.0
2025-06-06 01:55:00+00:00,12.979999542236328,12.979999542236328,12.970000267028809,12.970000267028809,17410,0.0,0.0,0.0
2025-06-06 02:00:00+00:00,12.970000267028809,12.970000267028809,12.970000267028809,12.970000267028809,6174,0.0,0.0,0.0
2025-06-06 02:05:00+00:00,12.970000267028809,12.970000267028809,12.960000038146973,12.960000038146973,72886,0.0,0.0,0.0
2025-06-06 02:10:00+00:00,12.960000038146973,12.960000038146973,12.960000038146973,12.960000038146973,9913,0.0,0.0,0.0
2025-06-06 02:15:00+00:00,12.970000267028809,12.970000267028809,12.960000038146973,12.970000267028809,11274,0.0,0.0,0.0
2025-06-06 02:20:00+00:00,12.970000267028809,12.970000267028809,12.970000267028809,12.970000267028809,9127,0.0,0.0,0.0
2025-06-06 02:25:00+00:00,12.970000267028809,12.970000267028809,12.970000267028809,12.970000267028809,11135,0.0,0.0,0.0
2025-06-06 02:30:00+00:00,12.979999542236328,12.979999542236328,12.979999542236328,12.979999542236328,19174,0.0,0.0,0.0
2025-06-06 02:35:00+00:00,12.979999542236328,12.979999542236328,12.970000267028809,12.979999542236328,10343,0.0,0.0,0.0
2025-06-06 02:40:00+00:00,12.979999542236328,12.979999542236328,12.979999542236328,12.979999542236328,28189,0.0,0.0,0.0
2025-06-06 02:45:00+00:00,12.989999771118164,12.989999771118164,12.979999542236328,12.989999771118164,16683,0.0,0.0,0.0
2025-06-06 02:50:00+00:00,12.989999771118164,12.989999771118164,12.989999771118164,12.989999771118164,3019,0.0,0.0,0.0
2025-06-06 02:55:00+00:00,12.989999771118164,12.989999771118164,12.989999771118164,12.989999771118164,4538,0.0,0.0,0.0
2025-06-06 03:00:00+00:00,12.989999771118164,12.989999771118164,12.979999542236328,12.979999542236328,16538,0.0,0.0,0.0
2025-06-06 03:05:00+00:00,12.979999542236328,12.979999542236328,12.970000267028809,12.970000267028809,19161,0.0,0.0,0.0
2025-06-06 03:10:00+00:00,12.970000267028809,12.970000267028809,12.960000038146973,12.970000267028809,5048,0.0,0.0,0.0
2025-06-06 03:15:00+00:00,12.970000267028809,12.970000267028809,12.960000038146973,12.960000038146973,98035,0.0,0.0,0.0
2025-06-06 03:20:00+00:00,12.970000267028809,12.979999542236328,12.970000267028809,12.979999542236328,48967,0.0,0.0,0.0
2025-06-06 03:25:00+00:00,12.979999542236328,12.989999771118164,12.979999542236328,12.979999542236328,11280,0.0,0.0,0.0
2025-06-06 03:30:00+00:00,12.989999771118164,12.989999771118164,12.960000038146973,12.960000038146973,29111,0.0,0.0,0.0
2025-06-06 03:35:00+00:00,12.970000267028809,12.970000267028809,12.970000267028809,12.970000267028809,5010,0.0,0.0,0.0
2025-06-06 03:40:00+00:00,12.979999542236328,12.979999542236328,12.979999542236328,12.979999542236328,1226,0.0,0.0,0.0
2025-06-06 03:45:00+00:00,12.970000267028809,12.979999542236328,12.970000267028809,12.979999542236328,3868,0.0,0.0,0.0
2025-06-06 03:50:00+00:00,12.979999542236328,12.979999542236328,12.970000267028809,12.970000267028809,3005,0.0,0.0,0.0
2025-06-06 03:55:00+00:00,12.970000267028809,12.970000267028809,12.970000267028809,12.970000267028809,7043,0.0,0.0,0.0
2025-06-06 04:00:00+00:00,12.970000267028809,12.979999542236328,12.960000038146973,12.960000038146973,10355,0.0,0.0,0.0
2025-06-06 04:05:00+00:00,12.970000267028809,12.970000267028809,12.970000267028809,12.970000267028809,2741,0.0,0.0,0.0
2025-06-06 04:10:00+00:00,12.960000038146973,12.970000267028809,12.960000038146973,12.970000267028809,13069,0.0,0.0,0.0
2025-06-06 04:15:00+00:00,12.970000267028809,12.970000267028809,12.970000267028809,12.970000267028809,4755,0.0,0.0,0.0
2025-06-06 04:20:00+00:00,12.970000267028809,12.970000267028809,12.960000038146973,12.960000038146973,8459,0.0,0.0,0.0
2025-06-06 04:25:00+00:00,12.970000267028809,12.970000267028809,12.970000267028809,12.970000267028809,7568,0.0,0.0,0.0
2025-06-06 04:30:00+00:00,12.970000267028809,12.970000267028809,12.960000038146973,12.970000267028809,17520,0.0,0.0,0.0
2025-06-06 04:35:00+00:00,12.960000038146973,12.970000267028809,12.960000038146973,12.970000267028809,5537,0.0,0.0,0.0
2025-06-06 04:40:00+00:00,12.970000267028809,12.970000267028809,12.960000038146973,12.960000038146973,14620,0.0,0.0,0.0
2025-06-06 04:45:00+00:00,12.960000038146973,12.970000267028809,12.960000038146973,12.960000038146973,22744,0.0,0.0,0.0
2025-06-06 04:50:00+00:00,12.970000267028809,12.970000267028809,12.960000038146973,12.960000038146973,7437,0.0,0.0,0.0
2025-06-06 04:55:00+00:00,12.970000267028809,12.970000267028809,12.970000267028809,12.970000267028809,5110,0.0,0.0,0.0
2025-06-06 05:00:00+00:00,12.970000267028809,12.970000267028809,12.960000038146973,12.960000038146973,16277,0.0,0.0,0.0
2025-06-06 05:05:00+00:00,12.970000267028809,12.979999542236328,12.970000267028809,12.970000267028809,9073,0.0,0.0,0.0
2025-06-06 05:10:00+00:00,12.979999542236328,12.979999542236328,12.979999542236328,12.979999542236328,3569,0.0,0.0,0.0
2025-06-06 05:15:00+00:00,12.979999542236328,12.989999771118164,12.979999542236328,12.989999771118164,31212,0.0,0.0,0.0
2025-06-06 05:20:00+00:00,12.979999542236328,12.979999542236328,12.979999542236328,12.979999542236328,8252,0.0,0.0,0.0
2025-06-09 01:00:00+00:00,13.039999961853027,13.079999923706055,13.039999961853027,13.069999694824219,0,0.0,0.0,0.0
2025-06-09 01:05:00+00:00,13.069999694824219,13.069999694824219,13.0600004196167,13.069999694824219,0,0.0,0.0,0.0
2025-06-09 01:10:00+00:00,13.0600004196167,13.069999694824219,13.0600004196167,13.069999694824219,249750,0.0,0.0,0.0
2025-06-09 01:15:00+00:00,13.069999694824219,13.069999694824219,13.050000190734863,13.069999694824219,136433,0.0,0.0,0.0
2025-06-09 01:20:00+00:00,13.069999694824219,13.069999694824219,13.0600004196167,13.0600004196167,40669,0.0,0.0,0.0
2025-06-09 01:25:00+00:00,13.0600004196167,13.069999694824219,13.039999961853027,13.039999961853027,43668,0.0,0.0,0.0
2025-06-09 01:30:00+00:00,13.050000190734863,13.050000190734863,13.029999732971191,13.039999961853027,23894,0.0,0.0,0.0
2025-06-09 01:35:00+00:00,13.020000457763672,13.029999732971191,13.010000228881836,13.010000228881836,187730,0.0,0.0,0.0
2025-06-09 01:40:00+00:00,13.029999732971191,13.029999732971191,13.029999732971191,13.029999732971191,5028,0.0,0.0,0.0
2025-06-09 01:45:00+00:00,13.029999732971191,13.029999732971191,13.020000457763672,13.020000457763672,7043,0.0,0.0,0.0
2025-06-09 01:50:00+00:00,13.029999732971191,13.029999732971191,13.010000228881836,13.010000228881836,15606,0.0,0.0,0.0
2025-06-09 01:55:00+00:00,13.010000228881836,13.020000457763672,13.010000228881836,13.020000457763672,25641,0.0,0.0,0.0
2025-06-09 02:00:00+00:00,13.029999732971191,13.029999732971191,13.010000228881836,13.010000228881836,4193,0.0,0.0,0.0
2025-06-09 02:05:00+00:00,13.020000457763672,13.029999732971191,13.020000457763672,13.029999732971191,24531,0.0,0.0,0.0
2025-06-09 02:10:00+00:00,13.020000457763672,13.020000457763672,13.020000457763672,13.020000457763672,12436,0.0,0.0,0.0
2025-06-09 02:15:00+00:00,13.020000457763672,13.020000457763672,13.020000457763672,13.020000457763672,9652,0.0,0.0,0.0
2025-06-09 02:20:00+00:00,13.020000457763672,13.020000457763672,13.020000457763672,13.020000457763672,1328,0.0,0.0,0.0
2025-06-09 02:25:00+00:00,13.010000228881836,13.010000228881836,13.010000228881836,13.010000228881836,5038,0.0,0.0,0.0
2025-06-09 02:30:00+00:00,13.020000457763672,13.020000457763672,13.010000228881836,13.010000228881836,37284,0.0,0.0,0.0
2025-06-09 02:35:00+00:00,13.020000457763672,13.029999732971191,13.020000457763672,13.029999732971191,134186,0.0,0.0,0.0
2025-06-09 02:40:00+00:00,13.039999961853027,13.039999961853027,13.039999961853027,13.039999961853027,10805,0.0,0.0,0.0
2025-06-09 02:45:00+00:00,13.039999961853027,13.039999961853027,13.029999732971191,13.039999961853027,176698,0.0,0.0,0.0
2025-06-09 02:50:00+00:00,13.039999961853027,13.039999961853027,13.039999961853027,13.039999961853027,1047,0.0,0.0,0.0
2025-06-09 02:55:00+00:00,13.029999732971191,13.039999961853027,13.029999732971191,13.039999961853027,23407,0.0,0.0,0.0
2025-06-09 03:00:00+00:00,13.050000190734863,13.050000190734863,13.029999732971191,13.050000190734863,167210,0.0,0.0,0.0
2025-06-09 03:05:00+00:00,13.0600004196167,13.0600004196167,13.050000190734863,13.050000190734863,9750,0.0,0.0,0.0
2025-06-09 03:10:00+00:00,13.050000190734863,13.050000190734863,13.029999732971191,13.050000190734863,60137,0.0,0.0,0.0
2025-06-09 03:15:00+00:00,13.0600004196167,13.0600004196167,13.050000190734863,13.050000190734863,71247,0.0,0.0,0.0
2025-06-09 03:20:00+00:00,13.050000190734863,13.050000190734863,13.039999961853027,13.039999961853027,15179,0.0,0.0,0.0
2025-06-09 03:25:00+00:00,13.029999732971191,13.029999732971191,13.029999732971191,13.029999732971191,10017,0.0,0.0,0.0
2025-06-09 03:30:00+00:00,13.039999961853027,13.039999961853027,13.039999961853027,13.039999961853027,4448,0.0,0.0,0.0
2025-06-09 03:35:00+00:00,13.020000457763672,13.039999961853027,13.020000457763672,13.039999961853027,16484,0.0,0.0,0.0
2025-06-09 03:40:00+00:00,13.039999961853027,13.039999961853027,13.039999961853027,13.039999961853027,1050,0.0,0.0,0.0
2025-06-09 03:45:00+00:00,13.039999961853027,13.039999961853027,13.020000457763672,13.039999961853027,34042,0.0,0.0,0.0
2025-06-09 03:50:00+00:00,13.029999732971191,13.039999961853027,13.029999732971191,13.029999732971191,69549,0.0,0.0,0.0
2025-06-09 03:55:00+00:00,13.029999732971191,13.039999961853027,13.029999732971191,13.039999961853027,26550,0.0,0.0,0.0
2025-06-09 04:00:00+00:00,13.039999961853027,13.050000190734863,13.039999961853027,13.050000190734863,63379,0.0,0.0,0.0
2025-06-09 04:05:00+00:00,13.050000190734863,13.050000190734863,13.050000190734863,13.050000190734863,11540,0.0,0.0,0.0
2025-06-09 04:10:00+00:00,13.050000190734863,13.050000190734863,13.050000190734863,13.050000190734863,1008,0.0,0.0,0.0
2025-06-09 04:15:00+00:00,13.050000190734863,13.050000190734863,13.039999961853027,13.039999961853027,9824,0.0,0.0,0.0
2025-06-09 04:20:00+00:00,13.039999961853027,13.039999961853027,13.039999961853027,13.039999961853027,8372,0.0,0.0,0.0
2025-06-09 04:25:00+00:00,13.039999961853027,13.039999961853027,13.039999961853027,13.039999961853027,2016,0.0,0.0,0.0
2025-06-09 04:30:00+00:00,13.039999961853027,13.039999961853027,13.029999732971191,13.029999732971191,31562,0.0,0.0,0.0
2025-06-09 04:35:00+00:00,13.039999961853027,13.039999961853027,13.039999961853027,13.039999961853027,63301,0.0,0.0,0.0
2025-06-09 04:40:00+00:00,13.039999961853027,13.039999961853027,13.039999961853027,13.039999961853027,10510,0.0,0.0,0.0
2025-06-09 04:45:00+00:00,13.039999961853027,13.050000190734863,13.029999732971191,13.050000190734863,23925,0.0,0.0,0.0
2025-06-09 04:50:00+00:00,13.050000190734863,13.050000190734863,13.039999961853027,13.039999961853027,27213,0.0,0.0,0.0
2025-06-09 04:55:00+00:00,13.029999732971191,13.039999961853027,13.029999732971191,13.029999732971191,12010,0.0,0.0,0.0
2025-06-09 05:00:00+00:00,13.039999961853027,13.039999961853027,13.039999961853027,13.039999961853027,3252,0.0,0.0,0.0
2025-06-09 05:05:00+00:00,13.039999961853027,13.039999961853027,13.039999961853027,13.039999961853027,18275,0.0,0.0,0.0
2025-06-09 05:10:00+00:00,13.029999732971191,13.039999961853027,13.029999732971191,13.039999961853027,4863,0.0,0.0,0.0
2025-06-09 05:15:00+00:00,13.039999961853027,13.039999961853027,13.029999732971191,13.029999732971191,29676,0.0,0.0,0.0
2025-06-09 05:20:00+00:00,13.029999732971191,13.039999961853027,13.029999732971191,13.029999732971191,25368,0.0,0.0,0.0
2025-06-10 01:00:00+00:00,13.109999656677246,13.140000343322754,13.109999656677246,13.130000114440918,145000,0.0,0.0,0.0
2025-06-10 01:05:00+00:00,13.130000114440918,13.149999618530273,13.130000114440918,13.140000343322754,269825,0.0,0.0,0.0
2025-06-10 01:10:00+00:00,13.140000343322754,13.149999618530273,13.140000343322754,13.149999618530273,105660,0.0,0.0,0.0
2025-06-10 01:15:00+00:00,13.140000343322754,13.149999618530273,13.140000343322754,13.149999618530273,58203,0.0,0.0,0.0
2025-06-10 01:20:00+00:00,13.149999618530273,13.15999984741211,13.140000343322754,13.15999984741211,216655,0.0,0.0,0.0
2025-06-10 01:25:00+00:00,13.15999984741211,13.180000305175781,13.15999984741211,13.180000305175781,236972,0.0,0.0,0.0
2025-06-10 01:30:00+00:00,13.1899995803833,13.210000038146973,13.1899995803833,13.210000038146973,166456,0.0,0.0,0.0
2025-06-10 01:35:00+00:00,13.210000038146973,13.220000267028809,13.199999809265137,13.210000038146973,122750,0.0,0.0,0.0
2025-06-10 01:40:00+00:00,13.210000038146973,13.229999542236328,13.210000038146973,13.220000267028809,175887,0.0,0.0,0.0
2025-06-10 01:45:00+00:00,13.229999542236328,13.239999771118164,13.229999542236328,13.239999771118164,193309,0.0,0.0,0.0
2025-06-10 01:50:00+00:00,13.239999771118164,13.25,13.239999771118164,13.239999771118164,181334,0.0,0.0,0.0
2025-06-10 01:55:00+00:00,13.239999771118164,13.260000228881836,13.239999771118164,13.239999771118164,322899,0.0,0.0,0.0
2025-06-10 02:00:00+00:00,13.260000228881836,13.260000228881836,13.239999771118164,13.239999771118164,40667,0.0,0.0,0.0
2025-06-10 02:05:00+00:00,13.239999771118164,13.239999771118164,13.220000267028809,13.229999542236328,217103,0.0,0.0,0.0
2025-06-10 02:10:00+00:00,13.229999542236328,13.239999771118164,13.229999542236328,13.229999542236328,143310,0.0,0.0,0.0
2025-06-10 02:15:00+00:00,13.229999542236328,13.25,13.229999542236328,13.25,135655,0.0,0.0,0.0
2025-06-10 02:20:00+00:00,13.25,13.260000228881836,13.239999771118164,13.25,319025,0.0,0.0,0.0
2025-06-10 02:25:00+00:00,13.25,13.260000228881836,13.25,13.260000228881836,117563,0.0,0.0,0.0
2025-06-10 02:30:00+00:00,13.260000228881836,13.260000228881836,13.25,13.260000228881836,52087,0.0,0.0,0.0
2025-06-10 02:35:00+00:00,13.260000228881836,13.260000228881836,13.25,13.260000228881836,104385,0.0,0.0,0.0
2025-06-10 02:40:00+00:00,13.260000228881836,13.279999732971191,13.25,13.270000457763672,176386,0.0,0.0,0.0
2025-06-10 02:45:00+00:00,13.270000457763672,13.279999732971191,13.270000457763672,13.270000457763672,95526,0.0,0.0,0.0
2025-06-10 02:50:00+00:00,13.270000457763672,13.289999961853027,13.270000457763672,13.279999732971191,114200,0.0,0.0,0.0
2025-06-10 02:55:00+00:00,13.279999732971191,13.279999732971191,13.279999732971191,13.279999732971191,7119,0.0,0.0,0.0
2025-06-10 03:00:00+00:00,13.279999732971191,13.279999732971191,13.279999732971191,13.279999732971191,116373,0.0,0.0,0.0
2025-06-10 03:05:00+00:00,13.279999732971191,13.289999961853027,13.279999732971191,13.279999732971191,21651,0.0,0.0,0.0
2025-06-10 03:10:00+00:00,13.279999732971191,13.300000190734863,13.279999732971191,13.289999961853027,150662,0.0,0.0,0.0
2025-06-10 03:15:00+00:00,13.279999732971191,13.279999732971191,13.279999732971191,13.279999732971191,20224,0.0,0.0,0.0
2025-06-10 03:20:00+00:00,13.289999961853027,13.300000190734863,13.289999961853027,13.300000190734863,44118,0.0,0.0,0.0
2025-06-10 03:25:00+00:00,13.300000190734863,13.300000190734863,13.289999961853027,13.300000190734863,14250,0.0,0.0,0.0
2025-06-10 03:30:00+00:00,13.300000190734863,13.300000190734863,13.289999961853027,13.300000190734863,16827,0.0,0.0,0.0
2025-06-10 03:35:00+00:00,13.289999961853027,13.300000190734863,13.279999732971191,13.300000190734863,86606,0.0,0.0,0.0
2025-06-10 03:40:00+00:00,13.300000190734863,13.300000190734863,13.289999961853027,13.300000190734863,19804,0.0,0.0,0.0
2025-06-10 03:45:00+00:00,13.300000190734863,13.300000190734863,13.289999961853027,13.300000190734863,428060,0.0,0.0,0.0
2025-06-10 03:50:00+00:00,13.300000190734863,13.3100004196167,13.289999961853027,13.300000190734863,13979,0.0,0.0,0.0
2025-06-10 03:55:00+00:00,13.289999961853027,13.300000190734863,13.289999961853027,13.300000190734863,66057,0.0,0.0,0.0
2025-06-10 04:00:00+00:00,13.300000190734863,13.3100004196167,13.300000190734863,13.300000190734863,1009548,0.0,0.0,0.0
2025-06-10 04:05:00+00:00,13.300000190734863,13.3100004196167,13.300000190734863,13.300000190734863,23368,0.0,0.0,0.0
2025-06-10 04:10:00+00:00,13.3100004196167,13.3100004196167,13.300000190734863,13.300000190734863,52378,0.0,0.0,0.0
2025-06-10 04:15:00+00:00,13.300000190734863,13.3100004196167,13.300000190734863,13.3100004196167,54057,0.0,0.0,0.0
2025-06-10 04:20:00+00:00,13.3100004196167,13.3100004196167,13.300000190734863,13.300000190734863,57238,0.0,0.0,0.0
2025-06-10 04:25:00+00:00,13.300000190734863,13.300000190734863,13.300000190734863,13.300000190734863,49312,0.0,0.0,0.0
2025-06-10 04:30:00+00:00,13.3100004196167,13.3100004196167,13.300000190734863,13.300000190734863,11720,0.0,0.0,0.0
2025-06-10 04:35:00+00:00,13.289999961853027,13.300000190734863,13.289999961853027,13.300000190734863,81011,0.0,0.0,0.0
2025-06-10 04:40:00+00:00,13.300000190734863,13.3100004196167,13.300000190734863,13.300000190734863,115845,0.0,0.0,0.0
2025-06-10 04:45:00+00:00,13.300000190734863,13.3100004196167,13.300000190734863,13.3100004196167,20020,0.0,0.0,0.0
2025-06-10 04:50:00+00:00,13.300000190734863,13.3100004196167,13.300000190734863,13.300000190734863,50705,0.0,0.0,0.0
2025-06-10 04:55:00+00:00,13.3100004196167,13.319999694824219,13.3100004196167,13.319999694824219,433120,0.0,0.0,0.0
2025-06-10 05:00:00+00:00,13.319999694824219,13.319999694824219,13.319999694824219,13.319999694824219,94270,0.0,0.0,0.0
2025-06-10 05:05:00+00:00,13.319999694824219,13.319999694824219,13.3100004196167,13.3100004196167,105239,0.0,0.0,0.0
2025-06-10 05:10:00+00:00,13.3100004196167,13.3100004196167,13.3100004196167,13.3100004196167,36655,0.0,0.0,0.0
2025-06-10 05:15:00+00:00,13.319999694824219,13.319999694824219,13.3100004196167,13.3100004196167,119263,0.0,0.0,0.0
2025-06-10 05:20:00+00:00,13.3100004196167,13.3100004196167,13.3100004196167,13.3100004196167,132732,0.0,0.0,0.0
2025-06-11 01:00:00+00:00,13.399999618530273,13.40999984741211,13.399999618530273,13.40999984741211,529000,0.0,0.0,0.0
2025-06-11 01:05:00+00:00,13.399999618530273,13.40999984741211,13.390000343322754,13.390000343322754,169021,0.0,0.0,0.0
2025-06-11 01:10:00+00:00,13.390000343322754,13.390000343322754,13.380000114440918,13.380000114440918,50658,0.0,0.0,0.0
2025-06-11 01:15:00+00:00,13.380000114440918,13.399999618530273,13.380000114440918,13.399999618530273,218720,0.0,0.0,0.0
2025-06-11 01:20:00+00:00,13.399999618530273,13.399999618530273,13.399999618530273,13.399999618530273,46539,0.0,0.0,0.0
2025-06-11 01:25:00+00:00,13.399999618530273,13.40999984741211,13.399999618530273,13.399999618530273,74630,0.0,0.0,0.0
2025-06-11 01:30:00+00:00,13.399999618530273,13.40999984741211,13.399999618530273,13.399999618530273,102487,0.0,0.0,0.0
2025-06-11 01:35:00+00:00,13.399999618530273,13.399999618530273,13.399999618530273,13.399999618530273,141028,0.0,0.0,0.0
2025-06-11 01:40:00+00:00,13.399999618530273,13.399999618530273,13.390000343322754,13.399999618530273,406138,0.0,0.0,0.0
2025-06-11 01:45:00+00:00,13.399999618530273,13.40999984741211,13.399999618530273,13.40999984741211,409025,0.0,0.0,0.0
2025-06-11 01:50:00+00:00,13.40999984741211,13.40999984741211,13.399999618530273,13.399999618530273,65133,0.0,0.0,0.0
2025-06-11 01:55:00+00:00,13.40999984741211,13.40999984741211,13.399999618530273,13.40999984741211,115704,0.0,0.0,0.0
2025-06-11 02:00:00+00:00,13.40999984741211,13.40999984741211,13.399999618530273,13.399999618530273,56455,0.0,0.0,0.0
2025-06-11 02:05:00+00:00,13.399999618530273,13.399999618530273,13.380000114440918,13.380000114440918,90318,0.0,0.0,0.0
2025-06-11 02:10:00+00:00,13.380000114440918,13.399999618530273,13.380000114440918,13.399999618530273,21629,0.0,0.0,0.0
2025-06-11 02:15:00+00:00,13.399999618530273,13.399999618530273,13.380000114440918,13.380000114440918,45338,0.0,0.0,0.0
2025-06-11 02:20:00+00:00,13.380000114440918,13.380000114440918,13.369999885559082,13.380000114440918,85032,0.0,0.0,0.0
2025-06-11 02:25:00+00:00,13.369999885559082,13.380000114440918,13.369999885559082,13.380000114440918,39266,0.0,0.0,0.0
2025-06-11 02:30:00+00:00,13.369999885559082,13.380000114440918,13.369999885559082,13.380000114440918,46953,0.0,0.0,0.0
2025-06-11 02:35:00+00:00,13.380000114440918,13.380000114440918,13.369999885559082,13.369999885559082,60210,0.0,0.0,0.0
2025-06-11 02:40:00+00:00,13.380000114440918,13.380000114440918,13.380000114440918,13.380000114440918,46297,0.0,0.0,0.0
2025-06-11 02:45:00+00:00,13.390000343322754,13.390000343322754,13.380000114440918,13.380000114440918,8965,0.0,0.0,0.0
2025-06-11 02:50:00+00:00,13.380000114440918,13.390000343322754,13.380000114440918,13.390000343322754,13034,0.0,0.0,0.0
2025-06-11 02:55:00+00:00,13.390000343322754,13.390000343322754,13.380000114440918,13.380000114440918,52020,0.0,0.0,0.0
2025-06-11 03:00:00+00:00,13.390000343322754,13.390000343322754,13.390000343322754,13.390000343322754,12024,0.0,0.0,0.0
2025-06-11 03:05:00+00:00,13.390000343322754,13.399999618530273,13.390000343322754,13.399999618530273,273234,0.0,0.0,0.0
2025-06-11 03:10:00+00:00,13.399999618530273,13.399999618530273,13.399999618530273,13.399999618530273,7253,0.0,0.0,0.0
2025-06-11 03:15:00+00:00,13.399999618530273,13.399999618530273,13.390000343322754,13.399999618530273,79857,0.0,0.0,0.0
2025-06-11 03:20:00+00:00,13.399999618530273,13.420000076293945,13.399999618530273,13.420000076293945,100538,0.0,0.0,0.0
2025-06-11 03:25:00+00:00,13.420000076293945,13.430000305175781,13.420000076293945,13.420000076293945,537480,0.0,0.0,0.0
2025-06-11 03:30:00+00:00,13.420000076293945,13.430000305175781,13.420000076293945,13.420000076293945,664660,0.0,0.0,0.0
2025-06-11 03:35:00+00:00,13.420000076293945,13.430000305175781,13.420000076293945,13.420000076293945,15019,0.0,0.0,0.0
2025-06-11 03:40:00+00:00,13.420000076293945,13.430000305175781,13.420000076293945,13.430000305175781,35543,0.0,0.0,0.0
2025-06-11 03:45:00+00:00,13.430000305175781,13.430000305175781,13.420000076293945,13.430000305175781,16102,0.0,0.0,0.0
2025-06-11 03:50:00+00:00,13.430000305175781,13.430000305175781,13.420000076293945,13.420000076293945,15094,0.0,0.0,0.0
2025-06-11 03:55:00+00:00,13.430000305175781,13.430000305175781,13.420000076293945,13.420000076293945,54862,0.0,0.0,0.0
2025-06-11 04:00:00+00:00,13.430000305175781,13.430000305175781,13.40999984741211,13.40999984741211,22351,0.0,0.0,0.0
2025-06-11 04:05:00+00:00,13.420000076293945,13.420000076293945,13.420000076293945,13.420000076293945,11319,0.0,0.0,0.0
2025-06-11 04:10:00+00:00,13.420000076293945,13.430000305175781,13.420000076293945,13.420000076293945,31010,0.0,0.0,0.0
2025-06-11 04:15:00+00:00,13.420000076293945,13.430000305175781,13.420000076293945,13.420000076293945,34635,0.0,0.0,0.0
2025-06-11 04:20:00+00:00,13.420000076293945,13.420000076293945,13.420000076293945,13.420000076293945,20097,0.0,0.0,0.0
2025-06-11 04:25:00+00:00,13.420000076293945,13.430000305175781,13.420000076293945,13.430000305175781,52849,0.0,0.0,0.0
2025-06-11 04:30:00+00:00,13.430000305175781,13.430000305175781,13.420000076293945,13.420000076293945,45903,0.0,0.0,0.0
2025-06-11 04:35:00+00:00,13.430000305175781,13.430000305175781,13.420000076293945,13.420000076293945,37685,0.0,0.0,0.0
2025-06-11 04:40:00+00:00,13.430000305175781,13.430000305175781,13.420000076293945,13.430000305175781,286585,0.0,0.0,0.0
2025-06-11 04:45:00+00:00,13.420000076293945,13.430000305175781,13.420000076293945,13.430000305175781,46499,0.0,0.0,0.0
2025-06-11 04:50:00+00:00,13.430000305175781,13.430000305175781,13.420000076293945,13.430000305175781,14160,0.0,0.0,0.0
2025-06-11 04:55:00+00:00,13.430000305175781,13.430000305175781,13.420000076293945,13.430000305175781,19585,0.0,0.0,0.0
2025-06-11 05:00:00+00:00,13.420000076293945,13.420000076293945,13.420000076293945,13.420000076293945,6847,0.0,0.0,0.0
2025-06-11 05:05:00+00:00,13.420000076293945,13.430000305175781,13.420000076293945,13.420000076293945,89454,0.0,0.0,0.0
2025-06-11 05:10:00+00:00,13.420000076293945,13.420000076293945,13.40999984741211,13.420000076293945,62044,0.0,0.0,0.0
2025-06-11 05:15:00+00:00,13.420000076293945,13.420000076293945,13.40999984741211,13.420000076293945,34122,0.0,0.0,0.0
2025-06-11 05:20:00+00:00,13.420000076293945,13.430000305175781,13.420000076293945,13.420000076293945,55882,0.0,0.0,0.0
2025-06-12 01:00:00+00:00,13.40999984741211,13.40999984741211,13.359999656677246,13.359999656677246,134000,0.0,0.0,0.0
2025-06-12 01:05:00+00:00,13.369999885559082,13.369999885559082,13.350000381469727,13.369999885559082,143654,0.0,0.0,0.0
2025-06-12 01:10:00+00:00,13.369999885559082,13.369999885559082,13.359999656677246,13.369999885559082,288420,0.0,0.0,0.0
2025-06-12 01:15:00+00:00,13.369999885559082,13.380000114440918,13.359999656677246,13.380000114440918,55446,0.0,0.0,0.0
2025-06-12 01:20:00+00:00,13.380000114440918,13.390000343322754,13.380000114440918,13.380000114440918,47325,0.0,0.0,0.0
2025-06-12 01:25:00+00:00,13.380000114440918,13.390000343322754,13.380000114440918,13.380000114440918,36356,0.0,0.0,0.0
2025-06-12 01:30:00+00:00,13.399999618530273,13.40999984741211,13.390000343322754,13.40999984741211,149334,0.0,0.0,0.0
2025-06-12 01:35:00+00:00,13.40999984741211,13.420000076293945,13.40999984741211,13.420000076293945,39572,0.0,0.0,0.0
2025-06-12 01:40:00+00:00,13.420000076293945,13.420000076293945,13.40999984741211,13.40999984741211,60142,0.0,0.0,0.0
2025-06-12 01:45:00+00:00,13.40999984741211,13.40999984741211,13.399999618530273,13.40999984741211,136023,0.0,0.0,0.0
2025-06-12 01:50:00+00:00,13.40999984741211,13.420000076293945,13.40999984741211,13.420000076293945,18131,0.0,0.0,0.0
2025-06-12 01:55:00+00:00,13.40999984741211,13.40999984741211,13.40999984741211,13.40999984741211,5539,0.0,0.0,0.0
2025-06-12 02:00:00+00:00,13.40999984741211,13.40999984741211,13.380000114440918,13.380000114440918,97120,0.0,0.0,0.0
2025-06-12 02:05:00+00:00,13.380000114440918,13.380000114440918,13.369999885559082,13.380000114440918,61056,0.0,0.0,0.0
2025-06-12 02:10:00+00:00,13.369999885559082,13.380000114440918,13.369999885559082,13.369999885559082,32141,0.0,0.0,0.0
2025-06-12 02:15:00+00:00,13.369999885559082,13.380000114440918,13.369999885559082,13.369999885559082,35820,0.0,0.0,0.0
2025-06-12 02:20:00+00:00,13.369999885559082,13.369999885559082,13.369999885559082,13.369999885559082,13042,0.0,0.0,0.0
2025-06-12 02:25:00+00:00,13.369999885559082,13.369999885559082,13.359999656677246,13.359999656677246,75789,0.0,0.0,0.0
2025-06-12 02:30:00+00:00,13.369999885559082,13.369999885559082,13.359999656677246,13.359999656677246,8068,0.0,0.0,0.0
2025-06-12 02:35:00+00:00,13.359999656677246,13.369999885559082,13.359999656677246,13.359999656677246,10230,0.0,0.0,0.0
2025-06-12 02:40:00+00:00,13.359999656677246,13.359999656677246,13.359999656677246,13.359999656677246,32341,0.0,0.0,0.0
2025-06-12 02:45:00+00:00,13.369999885559082,13.369999885559082,13.359999656677246,13.359999656677246,33633,0.0,0.0,0.0
2025-06-12 02:50:00+00:00,13.359999656677246,13.369999885559082,13.359999656677246,13.369999885559082,32512,0.0,0.0,0.0
2025-06-12 02:55:00+00:00,13.369999885559082,13.369999885559082,13.359999656677246,13.359999656677246,39623,0.0,0.0,0.0
2025-06-12 03:00:00+00:00,13.359999656677246,13.380000114440918,13.359999656677246,13.369999885559082,79766,0.0,0.0,0.0
2025-06-12 03:05:00+00:00,13.369999885559082,13.380000114440918,13.369999885559082,13.380000114440918,8419,0.0,0.0,0.0
2025-06-12 03:10:00+00:00,13.380000114440918,13.380000114440918,13.380000114440918,13.380000114440918,1344,0.0,0.0,0.0
2025-06-12 03:15:00+00:00,13.380000114440918,13.380000114440918,13.380000114440918,13.380000114440918,4432,0.0,0.0,0.0
2025-06-12 03:20:00+00:00,13.380000114440918,13.380000114440918,13.369999885559082,13.369999885559082,11108,0.0,0.0,0.0
2025-06-12 03:25:00+00:00,13.380000114440918,13.380000114440918,13.369999885559082,13.380000114440918,8824,0.0,0.0,0.0
2025-06-12 03:30:00+00:00,13.380000114440918,13.380000114440918,13.369999885559082,13.369999885559082,11010,0.0,0.0,0.0
2025-06-12 03:35:00+00:00,13.380000114440918,13.380000114440918,13.380000114440918,13.380000114440918,8199,0.0,0.0,0.0
2025-06-12 03:40:00+00:00,13.380000114440918,13.380000114440918,13.369999885559082,13.369999885559082,45837,0.0,0.0,0.0
2025-06-12 03:45:00+00:00,13.369999885559082,13.369999885559082,13.369999885559082,13.369999885559082,55110,0.0,0.0,0.0
2025-06-12 03:50:00+00:00,13.369999885559082,13.380000114440918,13.369999885559082,13.380000114440918,96908,0.0,0.0,0.0
2025-06-12 03:55:00+00:00,13.369999885559082,13.380000114440918,13.369999885559082,13.380000114440918,49016,0.0,0.0,0.0
2025-06-12 04:00:00+00:00,13.380000114440918,13.380000114440918,13.369999885559082,13.380000114440918,68032,0.0,0.0,0.0
2025-06-12 04:05:00+00:00,13.369999885559082,13.369999885559082,13.359999656677246,13.359999656677246,42130,0.0,0.0,0.0
2025-06-12 04:10:00+00:00,13.359999656677246,13.380000114440918,13.359999656677246,13.359999656677246,29627,0.0,0.0,0.0
2025-06-12 04:15:00+00:00,13.359999656677246,13.380000114440918,13.359999656677246,13.380000114440918,9341,0.0,0.0,0.0
2025-06-12 04:20:00+00:00,13.380000114440918,13.380000114440918,13.380000114440918,13.380000114440918,16564,0.0,0.0,0.0
2025-06-12 04:25:00+00:00,13.369999885559082,13.380000114440918,13.369999885559082,13.380000114440918,10011,0.0,0.0,0.0
2025-06-12 04:30:00+00:00,13.380000114440918,13.380000114440918,13.369999885559082,13.369999885559082,21154,0.0,0.0,0.0
2025-06-12 04:35:00+00:00,13.369999885559082,13.380000114440918,13.359999656677246,13.380000114440918,32048,0.0,0.0,0.0
2025-06-12 04:40:00+00:00,13.380000114440918,13.380000114440918,13.359999656677246,13.359999656677246,54328,0.0,0.0,0.0
2025-06-12 04:45:00+00:00,13.380000114440918,13.380000114440918,13.369999885559082,13.380000114440918,16095,0.0,0.0,0.0
2025-06-12 04:50:00+00:00,13.380000114440918,13.380000114440918,13.369999885559082,13.369999885559082,79391,0.0,0.0,0.0
2025-06-12 04:55:00+00:00,13.369999885559082,13.380000114440918,13.369999885559082,13.380000114440918,24160,0.0,0.0,0.0
2025-06-12 05:00:00+00:00,13.369999885559082,13.380000114440918,13.369999885559082,13.369999885559082,23570,0.0,0.0,0.0
2025-06-12 05:05:00+00:00,13.380000114440918,13.380000114440918,13.380000114440918,13.380000114440918,1110,0.0,0.0,0.0
2025-06-12 05:10:00+00:00,13.369999885559082,13.380000114440918,13.369999885559082,13.380000114440918,22192,0.0,0.0,0.0
2025-06-12 05:15:00+00:00,13.380000114440918,13.380000114440918,13.369999885559082,13.369999885559082,85196,0.0,0.0,0.0
2025-06-12 05:20:00+00:00,13.369999885559082,13.380000114440918,13.369999885559082,13.369999885559082,95305,0.0,0.0,0.0
2025-06-13 01:00:00+00:00,13.289999961853027,13.289999961853027,13.270000457763672,13.289999961853027,157000,0.0,0.0,0.0
2025-06-13 01:05:00+00:00,13.279999732971191,13.279999732971191,13.229999542236328,13.25,233179,0.0,0.0,0.0
2025-06-13 01:10:00+00:00,13.260000228881836,13.270000457763672,13.239999771118164,13.270000457763672,129599,0.0,0.0,0.0
2025-06-13 01:15:00+00:00,13.239999771118164,13.239999771118164,13.210000038146973,13.210000038146973,104160,0.0,0.0,0.0
2025-06-13 01:20:00+00:00,13.210000038146973,13.25,13.210000038146973,13.239999771118164,95512,0.0,0.0,0.0
2025-06-13 01:25:00+00:00,13.239999771118164,13.260000228881836,13.229999542236328,13.260000228881836,119233,0.0,0.0,0.0
2025-06-13 01:30:00+00:00,13.260000228881836,13.270000457763672,13.260000228881836,13.270000457763672,10292,0.0,0.0,0.0
2025-06-13 01:35:00+00:00,13.270000457763672,13.3100004196167,13.270000457763672,13.3100004196167,104774,0.0,0.0,0.0
2025-06-13 01:40:00+00:00,13.3100004196167,13.3100004196167,13.300000190734863,13.300000190734863,166924,0.0,0.0,0.0
2025-06-13 01:45:00+00:00,13.289999961853027,13.300000190734863,13.289999961853027,13.300000190734863,111627,0.0,0.0,0.0
2025-06-13 01:50:00+00:00,13.300000190734863,13.319999694824219,13.300000190734863,13.3100004196167,21892,0.0,0.0,0.0
2025-06-13 01:55:00+00:00,13.319999694824219,13.34000015258789,13.319999694824219,13.34000015258789,194552,0.0,0.0,0.0
2025-06-13 02:00:00+00:00,13.34000015258789,13.34000015258789,13.319999694824219,13.329999923706055,38507,0.0,0.0,0.0
2025-06-13 02:05:00+00:00,13.329999923706055,13.329999923706055,13.319999694824219,13.319999694824219,11075,0.0,0.0,0.0
2025-06-13 02:10:00+00:00,13.319999694824219,13.329999923706055,13.319999694824219,13.329999923706055,14549,0.0,0.0,0.0
2025-06-13 02:15:00+00:00,13.329999923706055,13.329999923706055,13.319999694824219,13.329999923706055,25148,0.0,0.0,0.0
2025-06-13 02:20:00+00:00,13.329999923706055,13.329999923706055,13.319999694824219,13.319999694824219,67771,0.0,0.0,0.0
2025-06-13 02:25:00+00:00,13.3100004196167,13.319999694824219,13.3100004196167,13.319999694824219,124257,0.0,0.0,0.0
2025-06-13 02:30:00+00:00,13.319999694824219,13.319999694824219,13.300000190734863,13.300000190734863,243622,0.0,0.0,0.0
2025-06-13 02:35:00+00:00,13.300000190734863,13.300000190734863,13.279999732971191,13.279999732971191,85359,0.0,0.0,0.0
2025-06-13 02:40:00+00:00,13.289999961853027,13.289999961853027,13.25,13.25,473860,0.0,0.0,0.0
2025-06-13 02:45:00+00:00,13.260000228881836,13.270000457763672,13.25,13.270000457763672,131047,0.0,0.0,0.0
2025-06-13 02:50:00+00:00,13.270000457763672,13.270000457763672,13.260000228881836,13.260000228881836,20335,0.0,0.0,0.0
2025-06-13 02:55:00+00:00,13.270000457763672,13.279999732971191,13.270000457763672,13.279999732971191,32333,0.0,0.0,0.0
2025-06-13 03:00:00+00:00,13.279999732971191,13.279999732971191,13.270000457763672,13.279999732971191,17707,0.0,0.0,0.0
2025-06-13 03:05:00+00:00,13.279999732971191,13.279999732971191,13.270000457763672,13.270000457763672,27651,0.0,0.0,0.0
2025-06-13 03:10:00+00:00,13.279999732971191,13.279999732971191,13.279999732971191,13.279999732971191,1043,0.0,0.0,0.0
2025-06-13 03:15:00+00:00,13.279999732971191,13.279999732971191,13.279999732971191,13.279999732971191,66159,0.0,0.0,0.0
2025-06-13 03:20:00+00:00,13.279999732971191,13.300000190734863,13.279999732971191,13.300000190734863,37053,0.0,0.0,0.0
2025-06-13 03:25:00+00:00,13.300000190734863,13.300000190734863,13.289999961853027,13.289999961853027,6149,0.0,0.0,0.0
2025-06-13 03:30:00+00:00,13.289999961853027,13.289999961853027,13.289999961853027,13.289999961853027,11102,0.0,0.0,0.0
2025-06-13 03:35:00+00:00,13.289999961853027,13.289999961853027,13.279999732971191,13.279999732971191,29445,0.0,0.0,0.0
2025-06-13 03:40:00+00:00,13.279999732971191,13.289999961853027,13.279999732971191,13.289999961853027,20234,0.0,0.0,0.0
2025-06-13 03:45:00+00:00,13.289999961853027,13.289999961853027,13.289999961853027,13.289999961853027,8049,0.0,0.0,0.0
2025-06-13 03:50:00+00:00,13.289999961853027,13.289999961853027,13.279999732971191,13.289999961853027,102524,0.0,0.0,0.0
2025-06-13 03:55:00+00:00,13.289999961853027,13.300000190734863,13.289999961853027,13.300000190734863,54764,0.0,0.0,0.0
2025-06-13 04:00:00+00:00,13.300000190734863,13.300000190734863,13.300000190734863,13.300000190734863,1070,0.0,0.0,0.0
2025-06-13 04:05:00+00:00,13.300000190734863,13.300000190734863,13.300000190734863,13.300000190734863,1158,0.0,0.0,0.0
2025-06-13 04:10:00+00:00,13.289999961853027,13.289999961853027,13.289999961853027,13.289999961853027,28051,0.0,0.0,0.0
2025-06-13 04:15:00+00:00,13.289999961853027,13.289999961853027,13.279999732971191,13.289999961853027,24085,0.0,0.0,0.0
2025-06-13 04:20:00+00:00,13.289999961853027,13.289999961853027,13.289999961853027,13.289999961853027,14187,0.0,0.0,0.0
2025-06-13 04:25:00+00:00,13.279999732971191,13.279999732971191,13.279999732971191,13.279999732971191,14034,0.0,0.0,0.0
2025-06-13 04:30:00+00:00,13.289999961853027,13.289999961853027,13.279999732971191,13.279999732971191,32032,0.0,0.0,0.0
2025-06-13 04:35:00+00:00,13.279999732971191,13.279999732971191,13.279999732971191,13.279999732971191,26122,0.0,0.0,0.0
2025-06-13 04:40:00+00:00,13.279999732971191,13.279999732971191,13.279999732971191,13.279999732971191,9010,0.0,0.0,0.0
2025-06-13 04:45:00+00:00,13.270000457763672,13.289999961853027,13.270000457763672,13.270000457763672,15478,0.0,0.0,0.0
2025-06-13 04:50:00+00:00,13.289999961853027,13.289999961853027,13.279999732971191,13.279999732971191,10246,0.0,0.0,0.0
2025-06-13 04:55:00+00:00,13.279999732971191,13.279999732971191,13.279999732971191,13.279999732971191,12294,0.0,0.0,0.0
2025-06-13 05:00:00+00:00,13.289999961853027,13.289999961853027,13.279999732971191,13.279999732971191,31380,0.0,0.0,0.0
2025-06-13 05:05:00+00:00,13.279999732971191,13.279999732971191,13.270000457763672,13.270000457763672,67424,0.0,0.0,0.0
2025-06-13 05:10:00+00:00,13.270000457763672,13.270000457763672,13.270000457763672,13.270000457763672,78761,0.0,0.0,0.0
2025-06-13 05:15:00+00:00,13.279999732971191,13.279999732971191,13.270000457763672,13.270000457763672,24044,0.0,0.0,0.0
2025-06-13 05:20:00+00:00,13.270000457763672,13.270000457763672,13.260000228881836,13.260000228881836,129872,0.0,0.0,0.0
2025-06-16 01:00:00+00:00,13.199999809265137,13.210000038146973,13.180000305175781,13.199999809265137,88000,0.0,0.0,0.0
2025-06-16 01:05:00+00:00,13.199999809265137,13.220000267028809,13.1899995803833,13.220000267028809,401070,0.0,0.0,0.0
2025-06-16 01:10:00+00:00,13.220000267028809,13.25,13.220000267028809,13.229999542236328,78238,0.0,0.0,0.0
2025-06-16 01:15:00+00:00,13.25,13.25,13.220000267028809,13.220000267028809,147398,0.0,0.0,0.0
2025-06-16 01:20:00+00:00,13.220000267028809,13.229999542236328,13.210000038146973,13.210000038146973,45972,0.0,0.0,0.0
2025-06-16 01:25:00+00:00,13.229999542236328,13.229999542236328,13.220000267028809,13.220000267028809,3420,0.0,0.0,0.0
2025-06-16 01:30:00+00:00,13.220000267028809,13.220000267028809,13.210000038146973,13.210000038146973,17941,0.0,0.0,0.0
2025-06-16 01:35:00+00:00,13.220000267028809,13.220000267028809,13.220000267028809,13.220000267028809,11831,0.0,0.0,0.0
2025-06-16 01:40:00+00:00,13.220000267028809,13.229999542236328,13.220000267028809,13.229999542236328,65292,0.0,0.0,0.0
2025-06-16 01:45:00+00:00,13.239999771118164,13.239999771118164,13.220000267028809,13.220000267028809,133229,0.0,0.0,0.0
2025-06-16 01:50:00+00:00,13.220000267028809,13.220000267028809,13.210000038146973,13.220000267028809,62273,0.0,0.0,0.0
2025-06-16 01:55:00+00:00,13.220000267028809,13.239999771118164,13.220000267028809,13.239999771118164,12227,0.0,0.0,0.0
2025-06-16 02:00:00+00:00,13.239999771118164,13.239999771118164,13.210000038146973,13.229999542236328,18862,0.0,0.0,0.0
2025-06-16 02:05:00+00:00,13.229999542236328,13.229999542236328,13.229999542236328,13.229999542236328,3022,0.0,0.0,0.0
2025-06-16 02:10:00+00:00,13.229999542236328,13.239999771118164,13.220000267028809,13.239999771118164,16910,0.0,0.0,0.0
2025-06-16 02:15:00+00:00,13.239999771118164,13.239999771118164,13.220000267028809,13.239999771118164,28118,0.0,0.0,0.0
2025-06-16 02:20:00+00:00,13.239999771118164,13.239999771118164,13.229999542236328,13.229999542236328,9276,0.0,0.0,0.0
2025-06-16 02:25:00+00:00,13.229999542236328,13.229999542236328,13.199999809265137,13.210000038146973,485356,0.0,0.0,0.0
2025-06-16 02:30:00+00:00,13.210000038146973,13.220000267028809,13.210000038146973,13.210000038146973,10838,0.0,0.0,0.0
2025-06-16 02:35:00+00:00,13.210000038146973,13.210000038146973,13.210000038146973,13.210000038146973,21012,0.0,0.0,0.0
2025-06-16 02:40:00+00:00,13.210000038146973,13.210000038146973,13.199999809265137,13.199999809265137,25838,0.0,0.0,0.0
2025-06-16 02:45:00+00:00,13.199999809265137,13.210000038146973,13.1899995803833,13.199999809265137,16229,0.0,0.0,0.0
2025-06-16 02:50:00+00:00,13.199999809265137,13.210000038146973,13.199999809265137,13.210000038146973,24012,0.0,0.0,0.0
2025-06-16 02:55:00+00:00,13.210000038146973,13.210000038146973,13.210000038146973,13.210000038146973,11217,0.0,0.0,0.0
2025-06-16 03:00:00+00:00,13.210000038146973,13.220000267028809,13.199999809265137,13.220000267028809,8294,0.0,0.0,0.0
2025-06-16 03:05:00+00:00,13.220000267028809,13.220000267028809,13.220000267028809,13.220000267028809,14400,0.0,0.0,0.0
2025-06-16 03:10:00+00:00,13.220000267028809,13.220000267028809,13.210000038146973,13.220000267028809,8066,0.0,0.0,0.0
2025-06-16 03:15:00+00:00,13.239999771118164,13.239999771118164,13.239999771118164,13.239999771118164,3042,0.0,0.0,0.0
2025-06-16 03:20:00+00:00,13.229999542236328,13.229999542236328,13.210000038146973,13.229999542236328,5027,0.0,0.0,0.0
2025-06-16 03:25:00+00:00,13.229999542236328,13.229999542236328,13.220000267028809,13.220000267028809,8017,0.0,0.0,0.0
2025-06-16 03:30:00+00:00,13.220000267028809,13.220000267028809,13.220000267028809,13.220000267028809,5379,0.0,0.0,0.0
2025-06-16 03:35:00+00:00,13.220000267028809,13.229999542236328,13.220000267028809,13.229999542236328,34491,0.0,0.0,0.0
2025-06-16 03:40:00+00:00,13.229999542236328,13.229999542236328,13.220000267028809,13.220000267028809,35235,0.0,0.0,0.0
2025-06-16 03:45:00+00:00,13.239999771118164,13.239999771118164,13.220000267028809,13.229999542236328,10181,0.0,0.0,0.0
2025-06-16 03:50:00+00:00,13.229999542236328,13.25,13.210000038146973,13.25,101700,0.0,0.0,0.0
2025-06-16 03:55:00+00:00,13.25,13.25,13.25,13.25,30495,0.0,0.0,0.0
2025-06-16 04:00:00+00:00,13.25,13.25,13.239999771118164,13.25,62564,0.0,0.0,0.0
2025-06-16 04:05:00+00:00,13.25,13.25,13.239999771118164,13.25,10196,0.0,0.0,0.0
2025-06-16 04:10:00+00:00,13.25,13.25,13.25,13.25,4117,0.0,0.0,0.0
2025-06-16 04:15:00+00:00,13.25,13.25,13.239999771118164,13.25,15362,0.0,0.0,0.0
2025-06-16 04:20:00+00:00,13.25,13.25,13.229999542236328,13.229999542236328,21097,0.0,0.0,0.0
2025-06-16 04:25:00+00:00,13.239999771118164,13.239999771118164,13.229999542236328,13.229999542236328,6300,0.0,0.0,0.0
2025-06-16 04:30:00+00:00,13.239999771118164,13.239999771118164,13.239999771118164,13.239999771118164,4553,0.0,0.0,0.0
2025-06-16 04:35:00+00:00,13.239999771118164,13.239999771118164,13.239999771118164,13.239999771118164,7181,0.0,0.0,0.0
2025-06-16 04:40:00+00:00,13.229999542236328,13.229999542236328,13.229999542236328,13.229999542236328,3050,0.0,0.0,0.0
2025-06-16 04:45:00+00:00,13.229999542236328,13.239999771118164,13.229999542236328,13.229999542236328,20720,0.0,0.0,0.0
2025-06-16 04:50:00+00:00,13.229999542236328,13.239999771118164,13.229999542236328,13.239999771118164,26240,0.0,0.0,0.0
2025-06-16 04:55:00+00:00,13.239999771118164,13.239999771118164,13.239999771118164,13.239999771118164,8300,0.0,0.0,0.0
2025-06-16 05:00:00+00:00,13.239999771118164,13.239999771118164,13.239999771118164,13.239999771118164,43551,0.0,0.0,0.0
2025-06-16 05:05:00+00:00,13.25,13.270000457763672,13.25,13.270000457763672,153911,0.0,0.0,0.0
2025-06-16 05:10:00+00:00,13.270000457763672,13.270000457763672,13.270000457763672,13.270000457763672,47553,0.0,0.0,0.0
2025-06-16 05:15:00+00:00,13.270000457763672,13.270000457763672,13.260000228881836,13.260000228881836,23871,0.0,0.0,0.0
2025-06-16 05:20:00+00:00,13.270000457763672,13.270000457763672,13.260000228881836,13.270000457763672,537729,0.0,0.0,0.0
2025-06-17 01:00:00+00:00,13.380000114440918,13.40999984741211,13.380000114440918,13.40999984741211,146000,0.0,0.0,0.0
2025-06-17 01:05:00+00:00,13.40999984741211,13.40999984741211,13.399999618530273,13.399999618530273,140000,0.0,0.0,0.0
2025-06-17 01:10:00+00:00,13.390000343322754,13.399999618530273,13.359999656677246,13.359999656677246,50123,0.0,0.0,0.0
2025-06-17 01:15:00+00:00,13.359999656677246,13.369999885559082,13.359999656677246,13.369999885559082,14567,0.0,0.0,0.0
2025-06-17 01:20:00+00:00,13.359999656677246,13.369999885559082,13.350000381469727,13.369999885559082,68610,0.0,0.0,0.0
2025-06-17 01:25:00+00:00,13.369999885559082,13.369999885559082,13.359999656677246,13.359999656677246,62044,0.0,0.0,0.0
2025-06-17 01:30:00+00:00,13.359999656677246,13.359999656677246,13.350000381469727,13.350000381469727,11807,0.0,0.0,0.0
2025-06-17 01:35:00+00:00,13.350000381469727,13.350000381469727,13.350000381469727,13.350000381469727,41256,0.0,0.0,0.0
2025-06-17 01:40:00+00:00,13.350000381469727,13.350000381469727,13.34000015258789,13.34000015258789,56114,0.0,0.0,0.0
2025-06-17 01:45:00+00:00,13.350000381469727,13.369999885559082,13.350000381469727,13.369999885559082,102102,0.0,0.0,0.0
2025-06-17 01:50:00+00:00,13.369999885559082,13.390000343322754,13.369999885559082,13.390000343322754,186237,0.0,0.0,0.0
2025-06-17 01:55:00+00:00,13.390000343322754,13.390000343322754,13.390000343322754,13.390000343322754,39593,0.0,0.0,0.0
2025-06-17 02:00:00+00:00,13.390000343322754,13.399999618530273,13.390000343322754,13.390000343322754,26142,0.0,0.0,0.0
2025-06-17 02:05:00+00:00,13.390000343322754,13.390000343322754,13.350000381469727,13.350000381469727,121045,0.0,0.0,0.0
2025-06-17 02:10:00+00:00,13.369999885559082,13.369999885559082,13.329999923706055,13.329999923706055,477349,0.0,0.0,0.0
2025-06-17 02:15:00+00:00,13.3100004196167,13.319999694824219,13.3100004196167,13.319999694824219,261274,0.0,0.0,0.0
2025-06-17 02:20:00+00:00,13.329999923706055,13.329999923706055,13.329999923706055,13.329999923706055,2839,0.0,0.0,0.0
2025-06-17 02:25:00+00:00,13.329999923706055,13.329999923706055,13.329999923706055,13.329999923706055,37103,0.0,0.0,0.0
2025-06-17 02:30:00+00:00,13.319999694824219,13.319999694824219,13.3100004196167,13.3100004196167,17021,0.0,0.0,0.0
2025-06-17 02:35:00+00:00,13.3100004196167,13.3100004196167,13.3100004196167,13.3100004196167,12208,0.0,0.0,0.0
2025-06-17 02:40:00+00:00,13.3100004196167,13.3100004196167,13.300000190734863,13.3100004196167,7330,0.0,0.0,0.0
2025-06-17 02:45:00+00:00,13.300000190734863,13.319999694824219,13.300000190734863,13.319999694824219,41191,0.0,0.0,0.0
2025-06-17 02:50:00+00:00,13.329999923706055,13.329999923706055,13.329999923706055,13.329999923706055,42125,0.0,0.0,0.0
2025-06-17 02:55:00+00:00,13.350000381469727,13.350000381469727,13.350000381469727,13.350000381469727,1586,0.0,0.0,0.0
2025-06-17 03:00:00+00:00,13.34000015258789,13.350000381469727,13.34000015258789,13.34000015258789,567028,0.0,0.0,0.0
2025-06-17 03:05:00+00:00,13.34000015258789,13.34000015258789,13.34000015258789,13.34000015258789,3021,0.0,0.0,0.0
2025-06-17 03:10:00+00:00,13.329999923706055,13.34000015258789,13.329999923706055,13.34000015258789,29121,0.0,0.0,0.0
2025-06-17 03:15:00+00:00,13.329999923706055,13.34000015258789,13.329999923706055,13.34000015258789,10519,0.0,0.0,0.0
2025-06-17 03:20:00+00:00,13.34000015258789,13.34000015258789,13.319999694824219,13.319999694824219,8013,0.0,0.0,0.0
2025-06-17 03:25:00+00:00,13.319999694824219,13.319999694824219,13.319999694824219,13.319999694824219,12013,0.0,0.0,0.0
2025-06-17 03:30:00+00:00,13.329999923706055,13.329999923706055,13.329999923706055,13.329999923706055,1341,0.0,0.0,0.0
2025-06-17 03:35:00+00:00,13.329999923706055,13.329999923706055,13.3100004196167,13.3100004196167,7148,0.0,0.0,0.0
2025-06-17 03:40:00+00:00,13.319999694824219,13.329999923706055,13.3100004196167,13.319999694824219,43093,0.0,0.0,0.0
2025-06-17 03:45:00+00:00,13.319999694824219,13.319999694824219,13.300000190734863,13.300000190734863,23828,0.0,0.0,0.0
2025-06-17 03:50:00+00:00,13.300000190734863,13.319999694824219,13.300000190734863,13.319999694824219,79033,0.0,0.0,0.0
2025-06-17 03:55:00+00:00,13.300000190734863,13.300000190734863,13.289999961853027,13.289999961853027,34506,0.0,0.0,0.0
2025-06-17 04:00:00+00:00,13.300000190734863,13.300000190734863,13.300000190734863,13.300000190734863,13059,0.0,0.0,0.0
2025-06-17 04:05:00+00:00,13.300000190734863,13.3100004196167,13.300000190734863,13.300000190734863,5027,0.0,0.0,0.0
2025-06-17 04:10:00+00:00,13.300000190734863,13.300000190734863,13.300000190734863,13.300000190734863,74468,0.0,0.0,0.0
2025-06-17 04:15:00+00:00,13.300000190734863,13.300000190734863,13.289999961853027,13.289999961853027,14211,0.0,0.0,0.0
2025-06-17 04:20:00+00:00,13.289999961853027,13.289999961853027,13.289999961853027,13.289999961853027,15164,0.0,0.0,0.0
2025-06-17 04:25:00+00:00,13.300000190734863,13.300000190734863,13.300000190734863,13.300000190734863,28145,0.0,0.0,0.0
2025-06-17 04:30:00+00:00,13.3100004196167,13.3100004196167,13.3100004196167,13.3100004196167,1146,0.0,0.0,0.0
2025-06-17 04:35:00+00:00,13.300000190734863,13.300000190734863,13.300000190734863,13.300000190734863,2010,0.0,0.0,0.0
2025-06-17 04:40:00+00:00,13.300000190734863,13.300000190734863,13.300000190734863,13.300000190734863,2090,0.0,0.0,0.0
2025-06-17 04:45:00+00:00,13.300000190734863,13.300000190734863,13.300000190734863,13.300000190734863,18887,0.0,0.0,0.0
2025-06-17 04:50:00+00:00,13.300000190734863,13.300000190734863,13.300000190734863,13.300000190734863,49839,0.0,0.0,0.0
2025-06-17 04:55:00+00:00,13.300000190734863,13.300000190734863,13.300000190734863,13.300000190734863,2403,0.0,0.0,0.0
2025-06-17 05:00:00+00:00,13.3100004196167,13.3100004196167,13.3100004196167,13.3100004196167,330209,0.0,0.0,0.0
2025-06-17 05:05:00+00:00,13.319999694824219,13.319999694824219,13.3100004196167,13.3100004196167,21737,0.0,0.0,0.0
2025-06-17 05:10:00+00:00,13.319999694824219,13.34000015258789,13.319999694824219,13.329999923706055,59169,0.0,0.0,0.0
2025-06-17 05:15:00+00:00,13.34000015258789,13.34000015258789,13.329999923706055,13.329999923706055,71793,0.0,0.0,0.0
2025-06-17 05:20:00+00:00,13.319999694824219,13.319999694824219,13.319999694824219,13.319999694824219,22942,0.0,0.0,0.0
2025-06-18 01:00:00+00:00,13.329999923706055,13.329999923706055,13.329999923706055,13.329999923706055,38000,0.0,0.0,0.0
2025-06-18 01:05:00+00:00,13.329999923706055,13.369999885559082,13.319999694824219,13.359999656677246,134172,0.0,0.0,0.0
2025-06-18 01:10:00+00:00,13.359999656677246,13.369999885559082,13.350000381469727,13.359999656677246,273887,0.0,0.0,0.0
2025-06-18 01:15:00+00:00,13.369999885559082,13.369999885559082,13.359999656677246,13.359999656677246,99719,0.0,0.0,0.0
2025-06-18 01:20:00+00:00,13.359999656677246,13.369999885559082,13.359999656677246,13.359999656677246,48288,0.0,0.0,0.0
2025-06-18 01:25:00+00:00,13.369999885559082,13.369999885559082,13.350000381469727,13.359999656677246,51574,0.0,0.0,0.0
2025-06-18 01:30:00+00:00,13.359999656677246,13.359999656677246,13.350000381469727,13.359999656677246,41335,0.0,0.0,0.0
2025-06-18 01:35:00+00:00,13.359999656677246,13.359999656677246,13.359999656677246,13.359999656677246,43866,0.0,0.0,0.0
2025-06-18 01:40:00+00:00,13.359999656677246,13.359999656677246,13.34000015258789,13.34000015258789,21064,0.0,0.0,0.0
2025-06-18 01:45:00+00:00,13.350000381469727,13.350000381469727,13.34000015258789,13.34000015258789,31185,0.0,0.0,0.0
2025-06-18 01:50:00+00:00,13.34000015258789,13.34000015258789,13.329999923706055,13.329999923706055,149204,0.0,0.0,0.0
2025-06-18 01:55:00+00:00,13.350000381469727,13.350000381469727,13.350000381469727,13.350000381469727,7775,0.0,0.0,0.0
2025-06-18 02:00:00+00:00,13.350000381469727,13.350000381469727,13.350000381469727,13.350000381469727,6372,0.0,0.0,0.0
2025-06-18 02:05:00+00:00,13.34000015258789,13.34000015258789,13.34000015258789,13.34000015258789,68418,0.0,0.0,0.0
2025-06-18 02:10:00+00:00,13.34000015258789,13.350000381469727,13.34000015258789,13.350000381469727,86282,0.0,0.0,0.0
2025-06-18 02:15:00+00:00,13.359999656677246,13.359999656677246,13.350000381469727,13.350000381469727,43063,0.0,0.0,0.0
2025-06-18 02:20:00+00:00,13.350000381469727,13.369999885559082,13.34000015258789,13.369999885559082,794205,0.0,0.0,0.0
2025-06-18 02:25:00+00:00,13.369999885559082,13.380000114440918,13.369999885559082,13.369999885559082,162548,0.0,0.0,0.0
2025-06-18 02:30:00+00:00,13.380000114440918,13.390000343322754,13.380000114440918,13.390000343322754,60204,0.0,0.0,0.0
2025-06-18 02:35:00+00:00,13.390000343322754,13.390000343322754,13.380000114440918,13.380000114440918,5121,0.0,0.0,0.0
2025-06-18 02:40:00+00:00,13.380000114440918,13.390000343322754,13.380000114440918,13.390000343322754,110015,0.0,0.0,0.0
2025-06-18 02:45:00+00:00,13.399999618530273,13.420000076293945,13.390000343322754,13.420000076293945,658355,0.0,0.0,0.0
2025-06-18 02:50:00+00:00,13.40999984741211,13.420000076293945,13.40999984741211,13.420000076293945,4024,0.0,0.0,0.0
2025-06-18 02:55:00+00:00,13.420000076293945,13.420000076293945,13.40999984741211,13.40999984741211,147159,0.0,0.0,0.0
2025-06-18 03:00:00+00:00,13.40999984741211,13.420000076293945,13.40999984741211,13.420000076293945,8068,0.0,0.0,0.0
2025-06-18 03:05:00+00:00,13.40999984741211,13.40999984741211,13.399999618530273,13.399999618530273,12477,0.0,0.0,0.0
2025-06-18 03:10:00+00:00,13.399999618530273,13.399999618530273,13.399999618530273,13.399999618530273,22190,0.0,0.0,0.0
2025-06-18 03:15:00+00:00,13.399999618530273,13.40999984741211,13.399999618530273,13.399999618530273,22473,0.0,0.0,0.0
2025-06-18 03:20:00+00:00,13.399999618530273,13.40999984741211,13.399999618530273,13.40999984741211,153827,0.0,0.0,0.0
2025-06-18 03:25:00+00:00,13.420000076293945,13.420000076293945,13.420000076293945,13.420000076293945,200411,0.0,0.0,0.0
2025-06-18 03:30:00+00:00,13.420000076293945,13.430000305175781,13.420000076293945,13.420000076293945,38554,0.0,0.0,0.0
2025-06-18 03:35:00+00:00,13.420000076293945,13.430000305175781,13.420000076293945,13.420000076293945,48038,0.0,0.0,0.0
2025-06-18 03:40:00+00:00,13.420000076293945,13.430000305175781,13.420000076293945,13.430000305175781,25264,0.0,0.0,0.0
2025-06-18 03:45:00+00:00,13.430000305175781,13.430000305175781,13.420000076293945,13.420000076293945,12015,0.0,0.0,0.0
2025-06-18 03:50:00+00:00,13.420000076293945,13.420000076293945,13.40999984741211,13.40999984741211,126035,0.0,0.0,0.0
2025-06-18 03:55:00+00:00,13.40999984741211,13.40999984741211,13.399999618530273,13.40999984741211,226614,0.0,0.0,0.0
2025-06-18 04:00:00+00:00,13.40999984741211,13.420000076293945,13.399999618530273,13.420000076293945,29370,0.0,0.0,0.0
2025-06-18 04:05:00+00:00,13.399999618530273,13.399999618530273,13.399999618530273,13.399999618530273,30121,0.0,0.0,0.0
2025-06-18 04:10:00+00:00,13.40999984741211,13.40999984741211,13.399999618530273,13.399999618530273,168359,0.0,0.0,0.0
2025-06-18 04:15:00+00:00,13.399999618530273,13.40999984741211,13.399999618530273,13.399999618530273,12075,0.0,0.0,0.0
2025-06-18 04:20:00+00:00,13.399999618530273,13.40999984741211,13.399999618530273,13.40999984741211,38129,0.0,0.0,0.0
2025-06-18 04:25:00+00:00,13.40999984741211,13.420000076293945,13.40999984741211,13.40999984741211,108205,0.0,0.0,0.0
2025-06-18 04:30:00+00:00,13.420000076293945,13.420000076293945,13.399999618530273,13.399999618530273,102462,0.0,0.0,0.0
2025-06-18 04:35:00+00:00,13.399999618530273,13.399999618530273,13.380000114440918,13.380000114440918,24200,0.0,0.0,0.0
2025-06-18 04:40:00+00:00,13.380000114440918,13.390000343322754,13.380000114440918,13.380000114440918,8227,0.0,0.0,0.0
2025-06-18 04:45:00+00:00,13.380000114440918,13.380000114440918,13.369999885559082,13.369999885559082,9250,0.0,0.0,0.0
2025-06-18 04:50:00+00:00,13.369999885559082,13.380000114440918,13.369999885559082,13.369999885559082,109300,0.0,0.0,0.0
2025-06-18 04:55:00+00:00,13.380000114440918,13.380000114440918,13.369999885559082,13.369999885559082,60227,0.0,0.0,0.0
2025-06-18 05:00:00+00:00,13.380000114440918,13.390000343322754,13.380000114440918,13.390000343322754,103400,0.0,0.0,0.0
2025-06-18 05:05:00+00:00,13.399999618530273,13.399999618530273,13.399999618530273,13.399999618530273,48243,0.0,0.0,0.0
2025-06-18 05:10:00+00:00,13.399999618530273,13.399999618530273,13.399999618530273,13.399999618530273,26357,0.0,0.0,0.0
2025-06-18 05:15:00+00:00,13.399999618530273,13.399999618530273,13.399999618530273,13.399999618530273,15217,0.0,0.0,0.0
2025-06-18 05:20:00+00:00,13.399999618530273,13.399999618530273,13.390000343322754,13.399999618530273,22663,0.0,0.0,0.0
2025-06-19 01:00:00+00:00,13.390000343322754,13.390000343322754,13.369999885559082,13.369999885559082,111000,0.0,0.0,0.0
2025-06-19 01:05:00+00:00,13.350000381469727,13.350000381469727,13.350000381469727,13.350000381469727,60000,0.0,0.0,0.0
2025-06-19 01:10:00+00:00,13.359999656677246,13.359999656677246,13.350000381469727,13.359999656677246,38964,0.0,0.0,0.0
2025-06-19 01:15:00+00:00,13.359999656677246,13.369999885559082,13.359999656677246,13.369999885559082,141178,0.0,0.0,0.0
2025-06-19 01:20:00+00:00,13.369999885559082,13.369999885559082,13.359999656677246,13.369999885559082,10336,0.0,0.0,0.0
2025-06-19 01:25:00+00:00,13.359999656677246,13.359999656677246,13.350000381469727,13.350000381469727,37090,0.0,0.0,0.0
2025-06-19 01:30:00+00:00,13.359999656677246,13.359999656677246,13.34000015258789,13.34000015258789,11529,0.0,0.0,0.0
2025-06-19 01:35:00+00:00,13.34000015258789,13.34000015258789,13.329999923706055,13.329999923706055,21708,0.0,0.0,0.0
2025-06-19 01:40:00+00:00,13.319999694824219,13.319999694824219,13.3100004196167,13.319999694824219,26997,0.0,0.0,0.0
2025-06-19 01:45:00+00:00,13.3100004196167,13.329999923706055,13.3100004196167,13.329999923706055,46245,0.0,0.0,0.0
2025-06-19 01:50:00+00:00,13.329999923706055,13.329999923706055,13.319999694824219,13.319999694824219,11372,0.0,0.0,0.0
2025-06-19 01:55:00+00:00,13.319999694824219,13.319999694824219,13.3100004196167,13.3100004196167,74100,0.0,0.0,0.0
2025-06-19 02:00:00+00:00,13.319999694824219,13.319999694824219,13.3100004196167,13.3100004196167,17934,0.0,0.0,0.0
2025-06-19 02:05:00+00:00,13.319999694824219,13.329999923706055,13.319999694824219,13.329999923706055,51368,0.0,0.0,0.0
2025-06-19 02:10:00+00:00,13.329999923706055,13.329999923706055,13.319999694824219,13.319999694824219,71218,0.0,0.0,0.0
2025-06-19 02:15:00+00:00,13.319999694824219,13.319999694824219,13.300000190734863,13.300000190734863,67284,0.0,0.0,0.0
2025-06-19 02:20:00+00:00,13.300000190734863,13.300000190734863,13.300000190734863,13.300000190734863,7317,0.0,0.0,0.0
2025-06-19 02:25:00+00:00,13.300000190734863,13.300000190734863,13.300000190734863,13.300000190734863,22602,0.0,0.0,0.0
2025-06-19 02:30:00+00:00,13.3100004196167,13.3100004196167,13.3100004196167,13.3100004196167,7118,0.0,0.0,0.0
2025-06-19 02:35:00+00:00,13.300000190734863,13.3100004196167,13.300000190734863,13.3100004196167,7135,0.0,0.0,0.0
2025-06-19 02:40:00+00:00,13.300000190734863,13.3100004196167,13.300000190734863,13.300000190734863,56333,0.0,0.0,0.0
2025-06-19 02:45:00+00:00,13.3100004196167,13.3100004196167,13.279999732971191,13.279999732971191,39544,0.0,0.0,0.0
2025-06-19 02:50:00+00:00,13.279999732971191,13.289999961853027,13.279999732971191,13.289999961853027,10008,0.0,0.0,0.0
2025-06-19 02:55:00+00:00,13.289999961853027,13.289999961853027,13.270000457763672,13.279999732971191,46159,0.0,0.0,0.0
2025-06-19 03:00:00+00:00,13.289999961853027,13.300000190734863,13.289999961853027,13.300000190734863,15266,0.0,0.0,0.0
2025-06-19 03:05:00+00:00,13.300000190734863,13.300000190734863,13.300000190734863,13.300000190734863,13017,0.0,0.0,0.0
2025-06-19 03:10:00+00:00,13.300000190734863,13.3100004196167,13.300000190734863,13.3100004196167,20726,0.0,0.0,0.0
2025-06-19 03:15:00+00:00,13.3100004196167,13.3100004196167,13.3100004196167,13.3100004196167,6514,0.0,0.0,0.0
2025-06-19 03:20:00+00:00,13.319999694824219,13.319999694824219,13.3100004196167,13.3100004196167,3118,0.0,0.0,0.0
2025-06-19 03:25:00+00:00,13.319999694824219,13.319999694824219,13.319999694824219,13.319999694824219,51030,0.0,0.0,0.0
2025-06-19 03:30:00+00:00,13.329999923706055,13.329999923706055,13.319999694824219,13.319999694824219,8375,0.0,0.0,0.0
2025-06-19 03:35:00+00:00,13.319999694824219,13.319999694824219,13.319999694824219,13.319999694824219,26111,0.0,0.0,0.0
2025-06-19 03:40:00+00:00,13.319999694824219,13.329999923706055,13.319999694824219,13.329999923706055,4121,0.0,0.0,0.0
2025-06-19 03:45:00+00:00,13.329999923706055,13.329999923706055,13.319999694824219,13.319999694824219,10522,0.0,0.0,0.0
2025-06-19 03:50:00+00:00,13.319999694824219,13.329999923706055,13.319999694824219,13.319999694824219,4042,0.0,0.0,0.0
2025-06-19 03:55:00+00:00,13.329999923706055,13.329999923706055,13.319999694824219,13.319999694824219,16010,0.0,0.0,0.0
2025-06-19 04:00:00+00:00,13.329999923706055,13.329999923706055,13.319999694824219,13.319999694824219,108054,0.0,0.0,0.0
2025-06-19 04:05:00+00:00,13.319999694824219,13.319999694824219,13.319999694824219,13.319999694824219,2304,0.0,0.0,0.0
2025-06-19 04:10:00+00:00,13.3100004196167,13.3100004196167,13.3100004196167,13.3100004196167,62427,0.0,0.0,0.0
2025-06-19 04:15:00+00:00,13.3100004196167,13.319999694824219,13.3100004196167,13.319999694824219,4806,0.0,0.0,0.0
2025-06-19 04:20:00+00:00,13.3100004196167,13.3100004196167,13.300000190734863,13.300000190734863,47013,0.0,0.0,0.0
2025-06-19 04:25:00+00:00,13.3100004196167,13.3100004196167,13.300000190734863,13.300000190734863,47066,0.0,0.0,0.0
2025-06-19 04:30:00+00:00,13.3100004196167,13.3100004196167,13.300000190734863,13.300000190734863,14673,0.0,0.0,0.0
2025-06-19 04:35:00+00:00,13.300000190734863,13.300000190734863,13.300000190734863,13.300000190734863,13340,0.0,0.0,0.0
2025-06-19 04:40:00+00:00,13.3100004196167,13.3100004196167,13.300000190734863,13.3100004196167,11360,0.0,0.0,0.0
2025-06-19 04:45:00+00:00,13.3100004196167,13.3100004196167,13.300000190734863,13.3100004196167,9384,0.0,0.0,0.0
2025-06-19 04:50:00+00:00,13.300000190734863,13.300000190734863,13.300000190734863,13.300000190734863,6050,0.0,0.0,0.0
2025-06-19 04:55:00+00:00,13.300000190734863,13.300000190734863,13.300000190734863,13.300000190734863,25114,0.0,0.0,0.0
2025-06-19 05:00:00+00:00,13.300000190734863,13.300000190734863,13.289999961853027,13.289999961853027,253122,0.0,0.0,0.0
2025-06-19 05:05:00+00:00,13.289999961853027,13.289999961853027,13.289999961853027,13.289999961853027,39169,0.0,0.0,0.0
2025-06-19 05:10:00+00:00,13.289999961853027,13.289999961853027,13.279999732971191,13.279999732971191,15106,0.0,0.0,0.0
2025-06-19 05:15:00+00:00,13.289999961853027,13.289999961853027,13.279999732971191,13.279999732971191,25727,0.0,0.0,0.0
2025-06-19 05:20:00+00:00,13.289999961853027,13.289999961853027,13.289999961853027,13.289999961853027,19333,0.0,0.0,0.0
2025-06-20 01:00:00+00:00,13.289999961853027,13.300000190734863,13.289999961853027,13.289999961853027,41000,0.0,0.0,0.0
2025-06-20 01:05:00+00:00,13.300000190734863,13.300000190734863,13.260000228881836,13.260000228881836,18071,0.0,0.0,0.0
2025-06-20 01:10:00+00:00,13.260000228881836,13.270000457763672,13.25,13.25,45991,0.0,0.0,0.0
2025-06-20 01:15:00+00:00,13.239999771118164,13.25,13.239999771118164,13.239999771118164,64224,0.0,0.0,0.0
2025-06-20 01:20:00+00:00,13.239999771118164,13.25,13.229999542236328,13.239999771118164,60161,0.0,0.0,0.0
2025-06-20 01:25:00+00:00,13.239999771118164,13.239999771118164,13.229999542236328,13.229999542236328,27073,0.0,0.0,0.0
2025-06-20 01:30:00+00:00,13.229999542236328,13.229999542236328,13.210000038146973,13.210000038146973,53814,0.0,0.0,0.0
2025-06-20 01:35:00+00:00,13.199999809265137,13.199999809265137,13.1899995803833,13.1899995803833,421211,0.0,0.0,0.0
2025-06-20 01:40:00+00:00,13.1899995803833,13.199999809265137,13.1899995803833,13.1899995803833,29845,0.0,0.0,0.0
2025-06-20 01:45:00+00:00,13.1899995803833,13.1899995803833,13.180000305175781,13.180000305175781,61016,0.0,0.0,0.0
2025-06-20 01:50:00+00:00,13.180000305175781,13.180000305175781,13.180000305175781,13.180000305175781,6599,0.0,0.0,0.0
2025-06-20 01:55:00+00:00,13.170000076293945,13.170000076293945,13.170000076293945,13.170000076293945,42536,0.0,0.0,0.0
2025-06-20 02:00:00+00:00,13.180000305175781,13.180000305175781,13.180000305175781,13.180000305175781,13738,0.0,0.0,0.0
2025-06-20 02:05:00+00:00,13.180000305175781,13.180000305175781,13.170000076293945,13.180000305175781,11418,0.0,0.0,0.0
2025-06-20 02:10:00+00:00,13.180000305175781,13.180000305175781,13.15999984741211,13.15999984741211,57110,0.0,0.0,0.0
2025-06-20 02:15:00+00:00,13.15999984741211,13.15999984741211,13.149999618530273,13.15999984741211,50335,0.0,0.0,0.0
2025-06-20 02:20:00+00:00,13.15999984741211,13.15999984741211,13.149999618530273,13.15999984741211,16218,0.0,0.0,0.0
2025-06-20 02:25:00+00:00,13.170000076293945,13.170000076293945,13.170000076293945,13.170000076293945,4181,0.0,0.0,0.0
2025-06-20 02:30:00+00:00,13.170000076293945,13.180000305175781,13.170000076293945,13.180000305175781,95314,0.0,0.0,0.0
2025-06-20 02:35:00+00:00,13.1899995803833,13.199999809265137,13.1899995803833,13.199999809265137,36169,0.0,0.0,0.0
2025-06-20 02:40:00+00:00,13.199999809265137,13.199999809265137,13.1899995803833,13.1899995803833,39059,0.0,0.0,0.0
2025-06-20 02:45:00+00:00,13.1899995803833,13.199999809265137,13.1899995803833,13.199999809265137,3174,0.0,0.0,0.0
2025-06-20 02:50:00+00:00,13.199999809265137,13.199999809265137,13.1899995803833,13.1899995803833,151235,0.0,0.0,0.0
2025-06-20 02:55:00+00:00,13.1899995803833,13.1899995803833,13.1899995803833,13.1899995803833,11530,0.0,0.0,0.0
2025-06-20 03:00:00+00:00,13.180000305175781,13.180000305175781,13.180000305175781,13.180000305175781,29266,0.0,0.0,0.0
2025-06-20 03:05:00+00:00,13.180000305175781,13.180000305175781,13.180000305175781,13.180000305175781,3205,0.0,0.0,0.0
2025-06-20 03:10:00+00:00,13.180000305175781,13.180000305175781,13.180000305175781,13.180000305175781,2144,0.0,0.0,0.0
2025-06-20 03:15:00+00:00,13.180000305175781,13.180000305175781,13.170000076293945,13.170000076293945,10387,0.0,0.0,0.0
2025-06-20 03:20:00+00:00,13.180000305175781,13.1899995803833,13.170000076293945,13.1899995803833,6151,0.0,0.0,0.0
2025-06-20 03:25:00+00:00,13.1899995803833,13.1899995803833,13.1899995803833,13.1899995803833,13269,0.0,0.0,0.0
2025-06-20 03:30:00+00:00,13.199999809265137,13.199999809265137,13.199999809265137,13.199999809265137,13686,0.0,0.0,0.0
2025-06-20 03:35:00+00:00,13.199999809265137,13.199999809265137,13.199999809265137,13.199999809265137,38024,0.0,0.0,0.0
2025-06-20 03:40:00+00:00,13.210000038146973,13.220000267028809,13.210000038146973,13.220000267028809,5124,0.0,0.0,0.0
2025-06-20 03:45:00+00:00,13.210000038146973,13.220000267028809,13.210000038146973,13.220000267028809,8320,0.0,0.0,0.0
2025-06-20 03:50:00+00:00,13.210000038146973,13.229999542236328,13.210000038146973,13.229999542236328,74076,0.0,0.0,0.0
2025-06-20 03:55:00+00:00,13.239999771118164,13.25,13.229999542236328,13.25,40063,0.0,0.0,0.0
2025-06-20 04:00:00+00:00,13.25,13.25,13.25,13.25,6053,0.0,0.0,0.0
2025-06-20 04:05:00+00:00,13.25,13.25,13.25,13.25,5187,0.0,0.0,0.0
2025-06-20 04:10:00+00:00,13.25,13.25,13.25,13.25,34137,0.0,0.0,0.0
2025-06-20 04:15:00+00:00,13.25,13.25,13.239999771118164,13.25,5153,0.0,0.0,0.0
2025-06-20 04:20:00+00:00,13.25,13.25,13.239999771118164,13.25,8682,0.0,0.0,0.0
2025-06-20 04:25:00+00:00,13.25,13.25,13.25,13.25,1055,0.0,0.0,0.0
2025-06-20 04:30:00+00:00,13.25,13.25,13.239999771118164,13.239999771118164,4486,0.0,0.0,0.0
2025-06-20 04:35:00+00:00,13.239999771118164,13.239999771118164,13.239999771118164,13.239999771118164,3010,0.0,0.0,0.0
2025-06-20 04:40:00+00:00,13.239999771118164,13.239999771118164,13.220000267028809,13.220000267028809,18183,0.0,0.0,0.0
2025-06-20 04:45:00+00:00,13.210000038146973,13.210000038146973,13.210000038146973,13.210000038146973,19425,0.0,0.0,0.0
2025-06-20 04:50:00+00:00,13.210000038146973,13.229999542236328,13.210000038146973,13.229999542236328,90110,0.0,0.0,0.0
2025-06-20 04:55:00+00:00,13.229999542236328,13.239999771118164,13.229999542236328,13.239999771118164,37694,0.0,0.0,0.0
2025-06-20 05:00:00+00:00,13.239999771118164,13.239999771118164,13.239999771118164,13.239999771118164,3310,0.0,0.0,0.0
2025-06-20 05:05:00+00:00,13.239999771118164,13.239999771118164,13.229999542236328,13.229999542236328,10010,0.0,0.0,0.0
2025-06-20 05:10:00+00:00,13.229999542236328,13.229999542236328,13.229999542236328,13.229999542236328,17398,0.0,0.0,0.0
2025-06-20 05:15:00+00:00,13.229999542236328,13.229999542236328,13.220000267028809,13.229999542236328,5926,0.0,0.0,0.0
2025-06-20 05:20:00+00:00,13.229999542236328,13.229999542236328,13.220000267028809,13.229999542236328,52161,0.0,0.0,0.0
2025-06-23 01:00:00+00:00,13.100000381469727,13.100000381469727,13.050000190734863,13.0600004196167,0,0.0,0.0,0.0
2025-06-23 01:05:00+00:00,13.069999694824219,13.100000381469727,13.0600004196167,13.100000381469727,79317,0.0,0.0,0.0
2025-06-23 01:10:00+00:00,13.119999885559082,13.140000343322754,13.119999885559082,13.130000114440918,77550,0.0,0.0,0.0
2025-06-23 01:15:00+00:00,13.130000114440918,13.130000114440918,13.09000015258789,13.09000015258789,102353,0.0,0.0,0.0
2025-06-23 01:20:00+00:00,13.09000015258789,13.09000015258789,13.069999694824219,13.079999923706055,62594,0.0,0.0,0.0
2025-06-23 01:25:00+00:00,13.079999923706055,13.079999923706055,13.079999923706055,13.079999923706055,32738,0.0,0.0,0.0
2025-06-23 01:30:00+00:00,13.079999923706055,13.09000015258789,13.0600004196167,13.09000015258789,122909,0.0,0.0,0.0
2025-06-23 01:35:00+00:00,13.09000015258789,13.109999656677246,13.09000015258789,13.100000381469727,164084,0.0,0.0,0.0
2025-06-23 01:40:00+00:00,13.09000015258789,13.100000381469727,13.09000015258789,13.09000015258789,28960,0.0,0.0,0.0
2025-06-23 01:45:00+00:00,13.09000015258789,13.109999656677246,13.09000015258789,13.109999656677246,35645,0.0,0.0,0.0
2025-06-23 01:50:00+00:00,13.109999656677246,13.130000114440918,13.109999656677246,13.130000114440918,52325,0.0,0.0,0.0
2025-06-23 01:55:00+00:00,13.130000114440918,13.130000114440918,13.119999885559082,13.119999885559082,11314,0.0,0.0,0.0
2025-06-23 02:00:00+00:00,13.130000114440918,13.130000114440918,13.119999885559082,13.119999885559082,64510,0.0,0.0,0.0
2025-06-23 02:05:00+00:00,13.119999885559082,13.119999885559082,13.109999656677246,13.119999885559082,55814,0.0,0.0,0.0
2025-06-23 02:10:00+00:00,13.140000343322754,13.140000343322754,13.130000114440918,13.130000114440918,7465,0.0,0.0,0.0
2025-06-23 02:15:00+00:00,13.140000343322754,13.140000343322754,13.140000343322754,13.140000343322754,7005,0.0,0.0,0.0
2025-06-23 02:20:00+00:00,13.140000343322754,13.140000343322754,13.130000114440918,13.140000343322754,9758,0.0,0.0,0.0
2025-06-23 02:25:00+00:00,13.140000343322754,13.140000343322754,13.140000343322754,13.140000343322754,5889,0.0,0.0,0.0
2025-06-23 02:30:00+00:00,13.140000343322754,13.140000343322754,13.140000343322754,13.140000343322754,12438,0.0,0.0,0.0
2025-06-23 02:35:00+00:00,13.130000114440918,13.140000343322754,13.130000114440918,13.140000343322754,52234,0.0,0.0,0.0
2025-06-23 02:40:00+00:00,13.149999618530273,13.149999618530273,13.140000343322754,13.140000343322754,13437,0.0,0.0,0.0
2025-06-23 02:45:00+00:00,13.149999618530273,13.149999618530273,13.140000343322754,13.149999618530273,12416,0.0,0.0,0.0
2025-06-23 02:50:00+00:00,13.149999618530273,13.149999618530273,13.149999618530273,13.149999618530273,34382,0.0,0.0,0.0
2025-06-23 02:55:00+00:00,13.149999618530273,13.149999618530273,13.140000343322754,13.140000343322754,14716,0.0,0.0,0.0
2025-06-23 03:00:00+00:00,13.130000114440918,13.149999618530273,13.119999885559082,13.149999618530273,17145,0.0,0.0,0.0
2025-06-23 03:05:00+00:00,13.149999618530273,13.149999618530273,13.130000114440918,13.130000114440918,5183,0.0,0.0,0.0
2025-06-23 03:10:00+00:00,13.149999618530273,13.149999618530273,13.140000343322754,13.140000343322754,22164,0.0,0.0,0.0
2025-06-23 03:15:00+00:00,13.140000343322754,13.149999618530273,13.140000343322754,13.149999618530273,3270,0.0,0.0,0.0
2025-06-23 03:20:00+00:00,13.149999618530273,13.149999618530273,13.140000343322754,13.140000343322754,6138,0.0,0.0,0.0
2025-06-23 03:25:00+00:00,13.140000343322754,13.149999618530273,13.140000343322754,13.149999618530273,3079,0.0,0.0,0.0
2025-06-23 03:30:00+00:00,13.149999618530273,13.15999984741211,13.149999618530273,13.15999984741211,10049,0.0,0.0,0.0
2025-06-23 03:35:00+00:00,13.15999984741211,13.15999984741211,13.15999984741211,13.15999984741211,3206,0.0,0.0,0.0
2025-06-23 03:40:00+00:00,13.15999984741211,13.15999984741211,13.149999618530273,13.149999618530273,5004,0.0,0.0,0.0
2025-06-23 03:45:00+00:00,13.149999618530273,13.15999984741211,13.149999618530273,13.15999984741211,8084,0.0,0.0,0.0
2025-06-23 03:50:00+00:00,13.15999984741211,13.170000076293945,13.149999618530273,13.149999618530273,8091,0.0,0.0,0.0
2025-06-23 03:55:00+00:00,13.170000076293945,13.170000076293945,13.170000076293945,13.170000076293945,4108,0.0,0.0,0.0
2025-06-23 04:00:00+00:00,13.15999984741211,13.15999984741211,13.15999984741211,13.15999984741211,3129,0.0,0.0,0.0
2025-06-23 04:05:00+00:00,13.149999618530273,13.15999984741211,13.149999618530273,13.15999984741211,6565,0.0,0.0,0.0
2025-06-23 04:10:00+00:00,13.15999984741211,13.15999984741211,13.15999984741211,13.15999984741211,3823,0.0,0.0,0.0
2025-06-23 04:15:00+00:00,13.15999984741211,13.15999984741211,13.149999618530273,13.15999984741211,20284,0.0,0.0,0.0
2025-06-23 04:20:00+00:00,13.15999984741211,13.15999984741211,13.149999618530273,13.15999984741211,7110,0.0,0.0,0.0
2025-06-23 04:25:00+00:00,13.15999984741211,13.15999984741211,13.149999618530273,13.149999618530273,22061,0.0,0.0,0.0
2025-06-23 04:30:00+00:00,13.15999984741211,13.15999984741211,13.149999618530273,13.15999984741211,38328,0.0,0.0,0.0
2025-06-23 04:35:00+00:00,13.15999984741211,13.15999984741211,13.15999984741211,13.15999984741211,11100,0.0,0.0,0.0
2025-06-23 04:40:00+00:00,13.15999984741211,13.15999984741211,13.15999984741211,13.15999984741211,14300,0.0,0.0,0.0
2025-06-23 04:45:00+00:00,13.15999984741211,13.170000076293945,13.15999984741211,13.170000076293945,32080,0.0,0.0,0.0
2025-06-23 04:50:00+00:00,13.170000076293945,13.170000076293945,13.149999618530273,13.149999618530273,16209,0.0,0.0,0.0
2025-06-23 04:55:00+00:00,13.149999618530273,13.170000076293945,13.149999618530273,13.170000076293945,5486,0.0,0.0,0.0
2025-06-23 05:00:00+00:00,13.15999984741211,13.15999984741211,13.149999618530273,13.15999984741211,57116,0.0,0.0,0.0
2025-06-23 05:05:00+00:00,13.15999984741211,13.1899995803833,13.15999984741211,13.1899995803833,42311,0.0,0.0,0.0
2025-06-23 05:10:00+00:00,13.170000076293945,13.180000305175781,13.15999984741211,13.180000305175781,107044,0.0,0.0,0.0
2025-06-23 05:15:00+00:00,13.1899995803833,13.199999809265137,13.180000305175781,13.199999809265137,169805,0.0,0.0,0.0
2025-06-23 05:20:00+00:00,13.199999809265137,13.199999809265137,13.1899995803833,13.1899995803833,16791,0.0,0.0,0.0
2025-06-24 01:00:00+00:00,13.390000343322754,13.390000343322754,13.390000343322754,13.390000343322754,64000,0.0,0.0,0.0
2025-06-24 01:05:00+00:00,13.390000343322754,13.449999809265137,13.390000343322754,13.430000305175781,429000,0.0,0.0,0.0
2025-06-24 01:10:00+00:00,13.430000305175781,13.430000305175781,13.420000076293945,13.420000076293945,191530,0.0,0.0,0.0
2025-06-24 01:15:00+00:00,13.420000076293945,13.449999809265137,13.420000076293945,13.449999809265137,225862,0.0,0.0,0.0
2025-06-24 01:20:00+00:00,13.449999809265137,13.449999809265137,13.4399995803833,13.4399995803833,57549,0.0,0.0,0.0
2025-06-24 01:25:00+00:00,13.4399995803833,13.449999809265137,13.420000076293945,13.420000076293945,120198,0.0,0.0,0.0
2025-06-24 01:30:00+00:00,13.420000076293945,13.420000076293945,13.40999984741211,13.40999984741211,25078,0.0,0.0,0.0
2025-06-24 01:35:00+00:00,13.40999984741211,13.40999984741211,13.40999984741211,13.40999984741211,60044,0.0,0.0,0.0
2025-06-24 01:40:00+00:00,13.420000076293945,13.4399995803833,13.420000076293945,13.4399995803833,146069,0.0,0.0,0.0
2025-06-24 01:45:00+00:00,13.4399995803833,13.449999809265137,13.430000305175781,13.4399995803833,88644,0.0,0.0,0.0
2025-06-24 01:50:00+00:00,13.4399995803833,13.4399995803833,13.430000305175781,13.430000305175781,39109,0.0,0.0,0.0
2025-06-24 01:55:00+00:00,13.4399995803833,13.449999809265137,13.430000305175781,13.430000305175781,85034,0.0,0.0,0.0
2025-06-24 02:00:00+00:00,13.4399995803833,13.4399995803833,13.430000305175781,13.4399995803833,16014,0.0,0.0,0.0
2025-06-24 02:05:00+00:00,13.430000305175781,13.430000305175781,13.40999984741211,13.40999984741211,49718,0.0,0.0,0.0
2025-06-24 02:10:00+00:00,13.40999984741211,13.40999984741211,13.40999984741211,13.40999984741211,23447,0.0,0.0,0.0
2025-06-24 02:15:00+00:00,13.399999618530273,13.399999618530273,13.390000343322754,13.390000343322754,335029,0.0,0.0,0.0
2025-06-24 02:20:00+00:00,13.390000343322754,13.399999618530273,13.390000343322754,13.399999618530273,19240,0.0,0.0,0.0
2025-06-24 02:25:00+00:00,13.390000343322754,13.390000343322754,13.390000343322754,13.390000343322754,7068,0.0,0.0,0.0
2025-06-24 02:30:00+00:00,13.399999618530273,13.399999618530273,13.399999618530273,13.399999618530273,49199,0.0,0.0,0.0
2025-06-24 02:35:00+00:00,13.399999618530273,13.399999618530273,13.390000343322754,13.390000343322754,4040,0.0,0.0,0.0
2025-06-24 02:40:00+00:00,13.390000343322754,13.390000343322754,13.390000343322754,13.390000343322754,15336,0.0,0.0,0.0
2025-06-24 02:45:00+00:00,13.390000343322754,13.390000343322754,13.390000343322754,13.390000343322754,3016,0.0,0.0,0.0
2025-06-24 02:50:00+00:00,13.390000343322754,13.390000343322754,13.390000343322754,13.390000343322754,3302,0.0,0.0,0.0
2025-06-24 02:55:00+00:00,13.390000343322754,13.399999618530273,13.390000343322754,13.399999618530273,24196,0.0,0.0,0.0
2025-06-24 03:00:00+00:00,13.399999618530273,13.399999618530273,13.399999618530273,13.399999618530273,52045,0.0,0.0,0.0
2025-06-24 03:05:00+00:00,13.399999618530273,13.399999618530273,13.399999618530273,13.399999618530273,23137,0.0,0.0,0.0
2025-06-24 03:10:00+00:00,13.399999618530273,13.420000076293945,13.399999618530273,13.420000076293945,179260,0.0,0.0,0.0
2025-06-24 03:15:00+00:00,13.40999984741211,13.430000305175781,13.40999984741211,13.420000076293945,67415,0.0,0.0,0.0
2025-06-24 03:20:00+00:00,13.420000076293945,13.4399995803833,13.420000076293945,13.430000305175781,59793,0.0,0.0,0.0
2025-06-24 03:25:00+00:00,13.430000305175781,13.430000305175781,13.430000305175781,13.430000305175781,19313,0.0,0.0,0.0
2025-06-24 03:30:00+00:00,13.4399995803833,13.4399995803833,13.430000305175781,13.4399995803833,114701,0.0,0.0,0.0
2025-06-24 03:35:00+00:00,13.4399995803833,13.449999809265137,13.4399995803833,13.449999809265137,5016,0.0,0.0,0.0
2025-06-24 03:40:00+00:00,13.4399995803833,13.449999809265137,13.4399995803833,13.449999809265137,21678,0.0,0.0,0.0
2025-06-24 03:45:00+00:00,13.4399995803833,13.449999809265137,13.4399995803833,13.449999809265137,83005,0.0,0.0,0.0
2025-06-24 03:50:00+00:00,13.449999809265137,13.449999809265137,13.4399995803833,13.4399995803833,19137,0.0,0.0,0.0
2025-06-24 03:55:00+00:00,13.4399995803833,13.4399995803833,13.4399995803833,13.4399995803833,22027,0.0,0.0,0.0
2025-06-24 04:00:00+00:00,13.4399995803833,13.4399995803833,13.4399995803833,13.4399995803833,4042,0.0,0.0,0.0
2025-06-24 04:05:00+00:00,13.430000305175781,13.4399995803833,13.430000305175781,13.4399995803833,13038,0.0,0.0,0.0
2025-06-24 04:10:00+00:00,13.430000305175781,13.4399995803833,13.430000305175781,13.430000305175781,28758,0.0,0.0,0.0
2025-06-24 04:20:00+00:00,13.420000076293945,13.430000305175781,13.420000076293945,13.420000076293945,87541,0.0,0.0,0.0
2025-06-24 04:25:00+00:00,13.420000076293945,13.420000076293945,13.420000076293945,13.420000076293945,46110,0.0,0.0,0.0
2025-06-24 04:30:00+00:00,13.430000305175781,13.430000305175781,13.420000076293945,13.420000076293945,5413,0.0,0.0,0.0
2025-06-24 04:35:00+00:00,13.420000076293945,13.420000076293945,13.420000076293945,13.420000076293945,31160,0.0,0.0,0.0
2025-06-24 04:40:00+00:00,13.430000305175781,13.4399995803833,13.420000076293945,13.430000305175781,86771,0.0,0.0,0.0
2025-06-24 04:45:00+00:00,13.430000305175781,13.430000305175781,13.430000305175781,13.430000305175781,6610,0.0,0.0,0.0
2025-06-24 04:50:00+00:00,13.4399995803833,13.4399995803833,13.4399995803833,13.4399995803833,611601,0.0,0.0,0.0
2025-06-24 04:55:00+00:00,13.4399995803833,13.449999809265137,13.4399995803833,13.4399995803833,29115,0.0,0.0,0.0
2025-06-24 05:00:00+00:00,13.4399995803833,13.449999809265137,13.4399995803833,13.4399995803833,28795,0.0,0.0,0.0
2025-06-24 05:05:00+00:00,13.4399995803833,13.4399995803833,13.4399995803833,13.4399995803833,17177,0.0,0.0,0.0
2025-06-24 05:10:00+00:00,13.4399995803833,13.4399995803833,13.4399995803833,13.4399995803833,9168,0.0,0.0,0.0
2025-06-24 05:15:00+00:00,13.449999809265137,13.449999809265137,13.4399995803833,13.4399995803833,11658,0.0,0.0,0.0
2025-06-24 05:20:00+00:00,13.4399995803833,13.4399995803833,13.430000305175781,13.4399995803833,79297,0.0,0.0,0.0
2025-06-25 01:00:00+00:00,13.550000190734863,13.5600004196167,13.539999961853027,13.550000190734863,321000,0.0,0.0,0.0
2025-06-25 01:05:00+00:00,13.550000190734863,13.550000190734863,13.529999732971191,13.539999961853027,129000,0.0,0.0,0.0
2025-06-25 01:10:00+00:00,13.539999961853027,13.550000190734863,13.539999961853027,13.550000190734863,144945,0.0,0.0,0.0
2025-06-25 01:15:00+00:00,13.539999961853027,13.539999961853027,13.539999961853027,13.539999961853027,130078,0.0,0.0,0.0
2025-06-25 01:20:00+00:00,13.539999961853027,13.539999961853027,13.529999732971191,13.529999732971191,38251,0.0,0.0,0.0
2025-06-25 01:25:00+00:00,13.529999732971191,13.529999732971191,13.520000457763672,13.520000457763672,22000,0.0,0.0,0.0
2025-06-25 01:30:00+00:00,13.529999732971191,13.539999961853027,13.520000457763672,13.539999961853027,216570,0.0,0.0,0.0
2025-06-25 01:35:00+00:00,13.539999961853027,13.550000190734863,13.520000457763672,13.520000457763672,202471,0.0,0.0,0.0
2025-06-25 01:40:00+00:00,13.529999732971191,13.539999961853027,13.529999732971191,13.529999732971191,247213,0.0,0.0,0.0
2025-06-25 01:45:00+00:00,13.529999732971191,13.539999961853027,13.529999732971191,13.529999732971191,36433,0.0,0.0,0.0
2025-06-25 01:50:00+00:00,13.529999732971191,13.529999732971191,13.520000457763672,13.529999732971191,24842,0.0,0.0,0.0
2025-06-25 01:55:00+00:00,13.520000457763672,13.529999732971191,13.520000457763672,13.520000457763672,13163,0.0,0.0,0.0
2025-06-25 02:00:00+00:00,13.529999732971191,13.529999732971191,13.520000457763672,13.520000457763672,50623,0.0,0.0,0.0
2025-06-25 02:05:00+00:00,13.520000457763672,13.529999732971191,13.520000457763672,13.520000457763672,70407,0.0,0.0,0.0
2025-06-25 02:10:00+00:00,13.529999732971191,13.539999961853027,13.529999732971191,13.529999732971191,266346,0.0,0.0,0.0
2025-06-25 02:15:00+00:00,13.539999961853027,13.539999961853027,13.529999732971191,13.529999732971191,85617,0.0,0.0,0.0
2025-06-25 02:20:00+00:00,13.529999732971191,13.539999961853027,13.529999732971191,13.529999732971191,13513,0.0,0.0,0.0
2025-06-25 02:25:00+00:00,13.520000457763672,13.520000457763672,13.520000457763672,13.520000457763672,2011,0.0,0.0,0.0
2025-06-25 02:30:00+00:00,13.520000457763672,13.529999732971191,13.520000457763672,13.520000457763672,43480,0.0,0.0,0.0
2025-06-25 02:35:00+00:00,13.520000457763672,13.529999732971191,13.520000457763672,13.520000457763672,88046,0.0,0.0,0.0
2025-06-25 02:40:00+00:00,13.529999732971191,13.529999732971191,13.520000457763672,13.520000457763672,47068,0.0,0.0,0.0
2025-06-25 02:45:00+00:00,13.520000457763672,13.529999732971191,13.520000457763672,13.529999732971191,2098,0.0,0.0,0.0
2025-06-25 02:50:00+00:00,13.520000457763672,13.529999732971191,13.520000457763672,13.520000457763672,65048,0.0,0.0,0.0
2025-06-25 02:55:00+00:00,13.520000457763672,13.529999732971191,13.520000457763672,13.529999732971191,13087,0.0,0.0,0.0
2025-06-25 03:00:00+00:00,13.539999961853027,13.539999961853027,13.529999732971191,13.529999732971191,4135,0.0,0.0,0.0
2025-06-25 03:05:00+00:00,13.539999961853027,13.539999961853027,13.529999732971191,13.539999961853027,20265,0.0,0.0,0.0
2025-06-25 03:10:00+00:00,13.520000457763672,13.539999961853027,13.520000457763672,13.539999961853027,6027,0.0,0.0,0.0
2025-06-25 03:15:00+00:00,13.529999732971191,13.539999961853027,13.520000457763672,13.539999961853027,21280,0.0,0.0,0.0
2025-06-25 03:20:00+00:00,13.520000457763672,13.550000190734863,13.520000457763672,13.550000190734863,533109,0.0,0.0,0.0
2025-06-25 03:25:00+00:00,13.550000190734863,13.550000190734863,13.550000190734863,13.550000190734863,173187,0.0,0.0,0.0
2025-06-25 03:30:00+00:00,13.5600004196167,13.5600004196167,13.550000190734863,13.5600004196167,523285,0.0,0.0,0.0
2025-06-25 03:35:00+00:00,13.5600004196167,13.5600004196167,13.5600004196167,13.5600004196167,20212,0.0,0.0,0.0
2025-06-25 03:40:00+00:00,13.550000190734863,13.5600004196167,13.550000190734863,13.5600004196167,29027,0.0,0.0,0.0
2025-06-25 03:45:00+00:00,13.5600004196167,13.5600004196167,13.550000190734863,13.550000190734863,19037,0.0,0.0,0.0
2025-06-25 03:50:00+00:00,13.550000190734863,13.550000190734863,13.550000190734863,13.550000190734863,62194,0.0,0.0,0.0
2025-06-25 03:55:00+00:00,13.550000190734863,13.5600004196167,13.550000190734863,13.550000190734863,28192,0.0,0.0,0.0
2025-06-25 04:00:00+00:00,13.550000190734863,13.550000190734863,13.550000190734863,13.550000190734863,30126,0.0,0.0,0.0
2025-06-25 04:05:00+00:00,13.539999961853027,13.550000190734863,13.529999732971191,13.529999732971191,28112,0.0,0.0,0.0
2025-06-25 04:10:00+00:00,13.529999732971191,13.529999732971191,13.529999732971191,13.529999732971191,23568,0.0,0.0,0.0
2025-06-25 04:15:00+00:00,13.529999732971191,13.539999961853027,13.529999732971191,13.529999732971191,31774,0.0,0.0,0.0
2025-06-25 04:20:00+00:00,13.529999732971191,13.529999732971191,13.529999732971191,13.529999732971191,17095,0.0,0.0,0.0
2025-06-25 04:25:00+00:00,13.529999732971191,13.539999961853027,13.529999732971191,13.539999961853027,21809,0.0,0.0,0.0
2025-06-25 04:30:00+00:00,13.539999961853027,13.539999961853027,13.529999732971191,13.529999732971191,8903,0.0,0.0,0.0
2025-06-25 04:35:00+00:00,13.539999961853027,13.539999961853027,13.539999961853027,13.539999961853027,112738,0.0,0.0,0.0
2025-06-25 04:40:00+00:00,13.539999961853027,13.539999961853027,13.539999961853027,13.539999961853027,39175,0.0,0.0,0.0
2025-06-25 04:45:00+00:00,13.539999961853027,13.550000190734863,13.539999961853027,13.550000190734863,82800,0.0,0.0,0.0
2025-06-25 04:50:00+00:00,13.539999961853027,13.550000190734863,13.539999961853027,13.550000190734863,13270,0.0,0.0,0.0
2025-06-25 04:55:00+00:00,13.550000190734863,13.550000190734863,13.539999961853027,13.550000190734863,166937,0.0,0.0,0.0
2025-06-25 05:00:00+00:00,13.539999961853027,13.550000190734863,13.539999961853027,13.550000190734863,56140,0.0,0.0,0.0
2025-06-25 05:05:00+00:00,13.550000190734863,13.5600004196167,13.550000190734863,13.5600004196167,71510,0.0,0.0,0.0
2025-06-25 05:10:00+00:00,13.5600004196167,13.569999694824219,13.5600004196167,13.5600004196167,196492,0.0,0.0,0.0
2025-06-25 05:15:00+00:00,13.5600004196167,13.5600004196167,13.550000190734863,13.550000190734863,73302,0.0,0.0,0.0
2025-06-25 05:20:00+00:00,13.5600004196167,13.5600004196167,13.550000190734863,13.550000190734863,35566,0.0,0.0,0.0
2025-06-26 01:00:00+00:00,13.579999923706055,13.579999923706055,13.569999694824219,13.569999694824219,182000,0.0,0.0,0.0
2025-06-26 01:05:00+00:00,13.579999923706055,13.600000381469727,13.579999923706055,13.59000015258789,65000,0.0,0.0,0.0
2025-06-26 01:10:00+00:00,13.600000381469727,13.609999656677246,13.579999923706055,13.600000381469727,589857,0.0,0.0,0.0
2025-06-26 01:15:00+00:00,13.600000381469727,13.609999656677246,13.600000381469727,13.609999656677246,50515,0.0,0.0,0.0
2025-06-26 01:20:00+00:00,13.619999885559082,13.619999885559082,13.619999885559082,13.619999885559082,33426,0.0,0.0,0.0
2025-06-26 01:25:00+00:00,13.600000381469727,13.600000381469727,13.600000381469727,13.600000381469727,21956,0.0,0.0,0.0
2025-06-26 01:30:00+00:00,13.609999656677246,13.609999656677246,13.59000015258789,13.59000015258789,43015,0.0,0.0,0.0
2025-06-26 01:35:00+00:00,13.579999923706055,13.579999923706055,13.569999694824219,13.569999694824219,24769,0.0,0.0,0.0
2025-06-26 01:40:00+00:00,13.579999923706055,13.579999923706055,13.579999923706055,13.579999923706055,4345,0.0,0.0,0.0
2025-06-26 01:45:00+00:00,13.579999923706055,13.59000015258789,13.579999923706055,13.59000015258789,65581,0.0,0.0,0.0
2025-06-26 01:50:00+00:00,13.579999923706055,13.59000015258789,13.569999694824219,13.569999694824219,66106,0.0,0.0,0.0
2025-06-26 01:55:00+00:00,13.579999923706055,13.579999923706055,13.5600004196167,13.5600004196167,3164,0.0,0.0,0.0
2025-06-26 02:00:00+00:00,13.5600004196167,13.579999923706055,13.5600004196167,13.579999923706055,186357,0.0,0.0,0.0
2025-06-26 02:05:00+00:00,13.59000015258789,13.600000381469727,13.579999923706055,13.600000381469727,179355,0.0,0.0,0.0
2025-06-26 02:10:00+00:00,13.600000381469727,13.619999885559082,13.600000381469727,13.619999885559082,339359,0.0,0.0,0.0
2025-06-26 02:15:00+00:00,13.619999885559082,13.640000343322754,13.619999885559082,13.619999885559082,186798,0.0,0.0,0.0
2025-06-26 02:20:00+00:00,13.630000114440918,13.640000343322754,13.609999656677246,13.619999885559082,520635,0.0,0.0,0.0
2025-06-26 02:25:00+00:00,13.619999885559082,13.619999885559082,13.609999656677246,13.609999656677246,3032,0.0,0.0,0.0
2025-06-26 02:30:00+00:00,13.619999885559082,13.619999885559082,13.619999885559082,13.619999885559082,3127,0.0,0.0,0.0
2025-06-26 02:35:00+00:00,13.609999656677246,13.609999656677246,13.600000381469727,13.600000381469727,29340,0.0,0.0,0.0
2025-06-26 02:40:00+00:00,13.600000381469727,13.600000381469727,13.59000015258789,13.59000015258789,31217,0.0,0.0,0.0
2025-06-26 02:45:00+00:00,13.600000381469727,13.600000381469727,13.579999923706055,13.579999923706055,45188,0.0,0.0,0.0
2025-06-26 02:50:00+00:00,13.59000015258789,13.600000381469727,13.579999923706055,13.600000381469727,70251,0.0,0.0,0.0
2025-06-26 02:55:00+00:00,13.600000381469727,13.600000381469727,13.600000381469727,13.600000381469727,2010,0.0,0.0,0.0
2025-06-26 03:00:00+00:00,13.600000381469727,13.600000381469727,13.59000015258789,13.59000015258789,6980,0.0,0.0,0.0
2025-06-26 03:05:00+00:00,13.59000015258789,13.59000015258789,13.59000015258789,13.59000015258789,553838,0.0,0.0,0.0
2025-06-26 03:10:00+00:00,13.59000015258789,13.59000015258789,13.579999923706055,13.579999923706055,20034,0.0,0.0,0.0
2025-06-26 03:15:00+00:00,13.579999923706055,13.579999923706055,13.569999694824219,13.569999694824219,5047,0.0,0.0,0.0
2025-06-26 03:20:00+00:00,13.579999923706055,13.579999923706055,13.569999694824219,13.579999923706055,27132,0.0,0.0,0.0
2025-06-26 03:25:00+00:00,13.579999923706055,13.579999923706055,13.579999923706055,13.579999923706055,8027,0.0,0.0,0.0
2025-06-26 03:30:00+00:00,13.59000015258789,13.59000015258789,13.569999694824219,13.569999694824219,122037,0.0,0.0,0.0
2025-06-26 03:35:00+00:00,13.579999923706055,13.579999923706055,13.579999923706055,13.579999923706055,27331,0.0,0.0,0.0
2025-06-26 03:40:00+00:00,13.59000015258789,13.59000015258789,13.579999923706055,13.579999923706055,409278,0.0,0.0,0.0
2025-06-26 03:45:00+00:00,13.579999923706055,13.579999923706055,13.569999694824219,13.569999694824219,405017,0.0,0.0,0.0
2025-06-26 03:50:00+00:00,13.579999923706055,13.579999923706055,13.569999694824219,13.569999694824219,8223,0.0,0.0,0.0
2025-06-26 03:55:00+00:00,13.579999923706055,13.579999923706055,13.569999694824219,13.569999694824219,20026,0.0,0.0,0.0
2025-06-26 04:00:00+00:00,13.569999694824219,13.569999694824219,13.5600004196167,13.5600004196167,9803,0.0,0.0,0.0
2025-06-26 04:05:00+00:00,13.569999694824219,13.569999694824219,13.569999694824219,13.569999694824219,24580,0.0,0.0,0.0
2025-06-26 04:10:00+00:00,13.569999694824219,13.579999923706055,13.569999694824219,13.579999923706055,3668,0.0,0.0,0.0
2025-06-26 04:20:00+00:00,13.579999923706055,13.579999923706055,13.569999694824219,13.569999694824219,10630,0.0,0.0,0.0
2025-06-26 04:25:00+00:00,13.579999923706055,13.579999923706055,13.569999694824219,13.569999694824219,32027,0.0,0.0,0.0
2025-06-26 04:30:00+00:00,13.579999923706055,13.579999923706055,13.569999694824219,13.569999694824219,13431,0.0,0.0,0.0
2025-06-26 04:35:00+00:00,13.569999694824219,13.569999694824219,13.569999694824219,13.569999694824219,27570,0.0,0.0,0.0
2025-06-26 04:40:00+00:00,13.569999694824219,13.569999694824219,13.569999694824219,13.569999694824219,5020,0.0,0.0,0.0
2025-06-26 04:45:00+00:00,13.569999694824219,13.579999923706055,13.569999694824219,13.579999923706055,186321,0.0,0.0,0.0
2025-06-26 04:50:00+00:00,13.569999694824219,13.569999694824219,13.569999694824219,13.569999694824219,53120,0.0,0.0,0.0
2025-06-26 04:55:00+00:00,13.569999694824219,13.579999923706055,13.569999694824219,13.579999923706055,22491,0.0,0.0,0.0
2025-06-26 05:00:00+00:00,13.579999923706055,13.579999923706055,13.569999694824219,13.579999923706055,145124,0.0,0.0,0.0
2025-06-26 05:05:00+00:00,13.579999923706055,13.579999923706055,13.569999694824219,13.569999694824219,408104,0.0,0.0,0.0
2025-06-26 05:10:00+00:00,13.569999694824219,13.579999923706055,13.569999694824219,13.579999923706055,12863,0.0,0.0,0.0
2025-06-26 05:15:00+00:00,13.579999923706055,13.579999923706055,13.5600004196167,13.5600004196167,84183,0.0,0.0,0.0
2025-06-26 05:20:00+00:00,13.5600004196167,13.5600004196167,13.5600004196167,13.5600004196167,26765,0.0,0.0,0.0
2025-06-27 01:00:00+00:00,13.59000015258789,13.609999656677246,13.59000015258789,13.600000381469727,581000,0.0,0.0,0.0
2025-06-27 01:05:00+00:00,13.600000381469727,13.600000381469727,13.569999694824219,13.579999923706055,15991,0.0,0.0,0.0
2025-06-27 01:10:00+00:00,13.579999923706055,13.579999923706055,13.569999694824219,13.569999694824219,50457,0.0,0.0,0.0
2025-06-27 01:15:00+00:00,13.569999694824219,13.569999694824219,13.569999694824219,13.569999694824219,11070,0.0,0.0,0.0
2025-06-27 01:20:00+00:00,13.569999694824219,13.579999923706055,13.5600004196167,13.5600004196167,125013,0.0,0.0,0.0
2025-06-27 01:25:00+00:00,13.550000190734863,13.579999923706055,13.550000190734863,13.579999923706055,35135,0.0,0.0,0.0
2025-06-27 01:30:00+00:00,13.569999694824219,13.569999694824219,13.550000190734863,13.550000190734863,210680,0.0,0.0,0.0
2025-06-27 01:35:00+00:00,13.550000190734863,13.550000190734863,13.539999961853027,13.550000190734863,20213,0.0,0.0,0.0
2025-06-27 01:40:00+00:00,13.550000190734863,13.5600004196167,13.539999961853027,13.5600004196167,33104,0.0,0.0,0.0
2025-06-27 01:45:00+00:00,13.5600004196167,13.5600004196167,13.5600004196167,13.5600004196167,12029,0.0,0.0,0.0
2025-06-27 01:50:00+00:00,13.550000190734863,13.550000190734863,13.550000190734863,13.550000190734863,11391,0.0,0.0,0.0
2025-06-27 01:55:00+00:00,13.5600004196167,13.5600004196167,13.5600004196167,13.5600004196167,24541,0.0,0.0,0.0
2025-06-27 02:00:00+00:00,13.569999694824219,13.569999694824219,13.5600004196167,13.5600004196167,304018,0.0,0.0,0.0
2025-06-27 02:05:00+00:00,13.550000190734863,13.5600004196167,13.550000190734863,13.5600004196167,401030,0.0,0.0,0.0
2025-06-27 02:10:00+00:00,13.550000190734863,13.550000190734863,13.550000190734863,13.550000190734863,43059,0.0,0.0,0.0
2025-06-27 02:15:00+00:00,13.5600004196167,13.5600004196167,13.5600004196167,13.5600004196167,52830,0.0,0.0,0.0
2025-06-27 02:20:00+00:00,13.5600004196167,13.569999694824219,13.5600004196167,13.5600004196167,9658,0.0,0.0,0.0
2025-06-27 02:25:00+00:00,13.5600004196167,13.569999694824219,13.5600004196167,13.5600004196167,374108,0.0,0.0,0.0
2025-06-27 02:30:00+00:00,13.550000190734863,13.5600004196167,13.550000190734863,13.5600004196167,6019,0.0,0.0,0.0
2025-06-27 02:35:00+00:00,13.550000190734863,13.550000190734863,13.529999732971191,13.529999732971191,634224,0.0,0.0,0.0
2025-06-27 02:40:00+00:00,13.529999732971191,13.539999961853027,13.529999732971191,13.529999732971191,19228,0.0,0.0,0.0
2025-06-27 02:45:00+00:00,13.539999961853027,13.550000190734863,13.529999732971191,13.539999961853027,51595,0.0,0.0,0.0
2025-06-27 02:50:00+00:00,13.539999961853027,13.539999961853027,13.539999961853027,13.539999961853027,3154,0.0,0.0,0.0
2025-06-27 02:55:00+00:00,13.539999961853027,13.539999961853027,13.529999732971191,13.539999961853027,19258,0.0,0.0,0.0
2025-06-27 03:00:00+00:00,13.539999961853027,13.539999961853027,13.539999961853027,13.539999961853027,14019,0.0,0.0,0.0
2025-06-27 03:05:00+00:00,13.539999961853027,13.550000190734863,13.539999961853027,13.550000190734863,4044,0.0,0.0,0.0
2025-06-27 03:10:00+00:00,13.539999961853027,13.539999961853027,13.529999732971191,13.529999732971191,45019,0.0,0.0,0.0
2025-06-27 03:15:00+00:00,13.529999732971191,13.529999732971191,13.529999732971191,13.529999732971191,6038,0.0,0.0,0.0
2025-06-27 03:20:00+00:00,13.529999732971191,13.529999732971191,13.529999732971191,13.529999732971191,6029,0.0,0.0,0.0
2025-06-27 03:25:00+00:00,13.529999732971191,13.529999732971191,13.520000457763672,13.529999732971191,254109,0.0,0.0,0.0
2025-06-27 03:30:00+00:00,13.529999732971191,13.529999732971191,13.529999732971191,13.529999732971191,1221,0.0,0.0,0.0
2025-06-27 03:35:00+00:00,13.529999732971191,13.529999732971191,13.529999732971191,13.529999732971191,9395,0.0,0.0,0.0
2025-06-27 03:40:00+00:00,13.529999732971191,13.529999732971191,13.520000457763672,13.520000457763672,12020,0.0,0.0,0.0
2025-06-27 03:45:00+00:00,13.529999732971191,13.529999732971191,13.520000457763672,13.520000457763672,8119,0.0,0.0,0.0
2025-06-27 03:50:00+00:00,13.510000228881836,13.520000457763672,13.510000228881836,13.510000228881836,55115,0.0,0.0,0.0
2025-06-27 03:55:00+00:00,13.520000457763672,13.520000457763672,13.520000457763672,13.520000457763672,10037,0.0,0.0,0.0
2025-06-27 04:00:00+00:00,13.520000457763672,13.520000457763672,13.520000457763672,13.520000457763672,41236,0.0,0.0,0.0
2025-06-27 04:05:00+00:00,13.520000457763672,13.529999732971191,13.520000457763672,13.529999732971191,18461,0.0,0.0,0.0
2025-06-27 04:10:00+00:00,13.520000457763672,13.539999961853027,13.520000457763672,13.539999961853027,93126,0.0,0.0,0.0
2025-06-27 04:15:00+00:00,13.520000457763672,13.529999732971191,13.520000457763672,13.529999732971191,2036,0.0,0.0,0.0
2025-06-27 04:20:00+00:00,13.529999732971191,13.539999961853027,13.529999732971191,13.539999961853027,5044,0.0,0.0,0.0
2025-06-27 04:25:00+00:00,13.539999961853027,13.539999961853027,13.539999961853027,13.539999961853027,44741,0.0,0.0,0.0
2025-06-27 04:30:00+00:00,13.550000190734863,13.550000190734863,13.539999961853027,13.550000190734863,107845,0.0,0.0,0.0
2025-06-27 04:35:00+00:00,13.550000190734863,13.569999694824219,13.550000190734863,13.569999694824219,65560,0.0,0.0,0.0
2025-06-27 04:40:00+00:00,13.579999923706055,13.579999923706055,13.5600004196167,13.569999694824219,17110,0.0,0.0,0.0
2025-06-27 04:45:00+00:00,13.569999694824219,13.569999694824219,13.569999694824219,13.569999694824219,21260,0.0,0.0,0.0
2025-06-27 04:50:00+00:00,13.5600004196167,13.569999694824219,13.5600004196167,13.569999694824219,19068,0.0,0.0,0.0
2025-06-27 05:00:00+00:00,13.569999694824219,13.569999694824219,13.569999694824219,13.569999694824219,1298,0.0,0.0,0.0
2025-06-27 05:05:00+00:00,13.5600004196167,13.569999694824219,13.5600004196167,13.569999694824219,27010,0.0,0.0,0.0
2025-06-27 05:10:00+00:00,13.5600004196167,13.5600004196167,13.5600004196167,13.5600004196167,46597,0.0,0.0,0.0
2025-06-27 05:15:00+00:00,13.569999694824219,13.569999694824219,13.550000190734863,13.550000190734863,6750,0.0,0.0,0.0
2025-06-27 05:20:00+00:00,13.550000190734863,13.5600004196167,13.550000190734863,13.5600004196167,66406,0.0,0.0,0.0
2025-06-30 01:00:00+00:00,13.600000381469727,13.609999656677246,13.569999694824219,13.569999694824219,0,0.0,0.0,0.0
2025-06-30 01:05:00+00:00,13.5600004196167,13.579999923706055,13.550000190734863,13.579999923706055,137864,0.0,0.0,0.0
2025-06-30 01:10:00+00:00,13.5600004196167,13.579999923706055,13.5600004196167,13.569999694824219,90646,0.0,0.0,0.0
2025-06-30 01:15:00+00:00,13.579999923706055,13.579999923706055,13.5600004196167,13.569999694824219,126890,0.0,0.0,0.0
2025-06-30 01:20:00+00:00,13.5600004196167,13.579999923706055,13.5600004196167,13.579999923706055,78055,0.0,0.0,0.0
2025-06-30 01:25:00+00:00,13.579999923706055,13.579999923706055,13.5600004196167,13.569999694824219,9289,0.0,0.0,0.0
2025-06-30 01:30:00+00:00,13.579999923706055,13.579999923706055,13.569999694824219,13.569999694824219,21437,0.0,0.0,0.0
2025-06-30 01:35:00+00:00,13.579999923706055,13.579999923706055,13.569999694824219,13.579999923706055,249692,0.0,0.0,0.0
2025-06-30 01:40:00+00:00,13.59000015258789,13.59000015258789,13.579999923706055,13.579999923706055,17293,0.0,0.0,0.0
2025-06-30 01:45:00+00:00,13.579999923706055,13.59000015258789,13.579999923706055,13.59000015258789,27137,0.0,0.0,0.0
2025-06-30 01:50:00+00:00,13.59000015258789,13.59000015258789,13.579999923706055,13.579999923706055,3044,0.0,0.0,0.0
2025-06-30 01:55:00+00:00,13.569999694824219,13.579999923706055,13.569999694824219,13.569999694824219,16422,0.0,0.0,0.0
2025-06-30 02:00:00+00:00,13.579999923706055,13.579999923706055,13.579999923706055,13.579999923706055,4151,0.0,0.0,0.0
2025-06-30 02:05:00+00:00,13.579999923706055,13.579999923706055,13.569999694824219,13.569999694824219,8250,0.0,0.0,0.0
2025-06-30 02:10:00+00:00,13.579999923706055,13.579999923706055,13.569999694824219,13.579999923706055,7175,0.0,0.0,0.0
2025-06-30 02:15:00+00:00,13.579999923706055,13.579999923706055,13.569999694824219,13.579999923706055,29393,0.0,0.0,0.0
2025-06-30 02:20:00+00:00,13.579999923706055,13.579999923706055,13.569999694824219,13.579999923706055,99160,0.0,0.0,0.0
2025-06-30 02:25:00+00:00,13.579999923706055,13.579999923706055,13.569999694824219,13.579999923706055,27357,0.0,0.0,0.0
2025-06-30 02:30:00+00:00,13.579999923706055,13.579999923706055,13.569999694824219,13.569999694824219,5307,0.0,0.0,0.0
2025-06-30 02:35:00+00:00,13.579999923706055,13.579999923706055,13.579999923706055,13.579999923706055,13601,0.0,0.0,0.0
2025-06-30 02:40:00+00:00,13.579999923706055,13.579999923706055,13.579999923706055,13.579999923706055,2107,0.0,0.0,0.0
2025-06-30 02:45:00+00:00,13.569999694824219,13.579999923706055,13.569999694824219,13.569999694824219,62114,0.0,0.0,0.0
2025-06-30 02:50:00+00:00,13.5600004196167,13.569999694824219,13.5600004196167,13.569999694824219,11192,0.0,0.0,0.0
2025-06-30 02:55:00+00:00,13.569999694824219,13.569999694824219,13.5600004196167,13.5600004196167,19131,0.0,0.0,0.0
2025-06-30 03:00:00+00:00,13.550000190734863,13.5600004196167,13.550000190734863,13.550000190734863,89945,0.0,0.0,0.0
2025-06-30 03:05:00+00:00,13.5600004196167,13.5600004196167,13.550000190734863,13.550000190734863,82414,0.0,0.0,0.0
2025-06-30 03:10:00+00:00,13.550000190734863,13.550000190734863,13.550000190734863,13.550000190734863,27044,0.0,0.0,0.0
2025-06-30 03:15:00+00:00,13.5600004196167,13.5600004196167,13.550000190734863,13.550000190734863,7087,0.0,0.0,0.0
2025-06-30 03:20:00+00:00,13.539999961853027,13.539999961853027,13.539999961853027,13.539999961853027,2535,0.0,0.0,0.0
2025-06-30 03:25:00+00:00,13.550000190734863,13.550000190734863,13.550000190734863,13.550000190734863,12017,0.0,0.0,0.0
2025-06-30 03:30:00+00:00,13.550000190734863,13.550000190734863,13.539999961853027,13.550000190734863,13587,0.0,0.0,0.0
2025-06-30 03:35:00+00:00,13.550000190734863,13.5600004196167,13.539999961853027,13.5600004196167,156222,0.0,0.0,0.0
2025-06-30 03:40:00+00:00,13.5600004196167,13.5600004196167,13.539999961853027,13.539999961853027,11508,0.0,0.0,0.0
2025-06-30 03:45:00+00:00,13.529999732971191,13.539999961853027,13.529999732971191,13.539999961853027,3517,0.0,0.0,0.0
2025-06-30 03:50:00+00:00,13.539999961853027,13.550000190734863,13.539999961853027,13.550000190734863,17214,0.0,0.0,0.0
2025-06-30 03:55:00+00:00,13.539999961853027,13.539999961853027,13.539999961853027,13.539999961853027,5383,0.0,0.0,0.0
2025-06-30 04:00:00+00:00,13.539999961853027,13.539999961853027,13.529999732971191,13.529999732971191,7584,0.0,0.0,0.0
2025-06-30 04:05:00+00:00,13.5600004196167,13.5600004196167,13.5600004196167,13.5600004196167,2297,0.0,0.0,0.0
2025-06-30 04:10:00+00:00,13.5600004196167,13.5600004196167,13.5600004196167,13.5600004196167,7277,0.0,0.0,0.0
2025-06-30 04:15:00+00:00,13.5600004196167,13.5600004196167,13.5600004196167,13.5600004196167,6267,0.0,0.0,0.0
2025-06-30 04:20:00+00:00,13.5600004196167,13.5600004196167,13.550000190734863,13.5600004196167,25885,0.0,0.0,0.0
2025-06-30 04:25:00+00:00,13.5600004196167,13.5600004196167,13.550000190734863,13.550000190734863,9375,0.0,0.0,0.0
2025-06-30 04:30:00+00:00,13.5600004196167,13.5600004196167,13.550000190734863,13.5600004196167,25899,0.0,0.0,0.0
2025-06-30 04:35:00+00:00,13.550000190734863,13.5600004196167,13.550000190734863,13.5600004196167,51125,0.0,0.0,0.0
2025-06-30 04:40:00+00:00,13.550000190734863,13.5600004196167,13.550000190734863,13.5600004196167,11100,0.0,0.0,0.0
2025-06-30 04:45:00+00:00,13.5600004196167,13.5600004196167,13.5600004196167,13.5600004196167,11098,0.0,0.0,0.0
2025-06-30 04:50:00+00:00,13.550000190734863,13.5600004196167,13.550000190734863,13.5600004196167,17875,0.0,0.0,0.0
2025-06-30 04:55:00+00:00,13.5600004196167,13.5600004196167,13.550000190734863,13.550000190734863,5466,0.0,0.0,0.0
2025-06-30 05:00:00+00:00,13.550000190734863,13.550000190734863,13.550000190734863,13.550000190734863,9138,0.0,0.0,0.0
2025-06-30 05:05:00+00:00,13.550000190734863,13.550000190734863,13.550000190734863,13.550000190734863,72226,0.0,0.0,0.0
2025-06-30 05:10:00+00:00,13.550000190734863,13.569999694824219,13.550000190734863,13.569999694824219,70132,0.0,0.0,0.0
2025-06-30 05:15:00+00:00,13.569999694824219,13.569999694824219,13.550000190734863,13.550000190734863,14702,0.0,0.0,0.0
2025-06-30 05:20:00+00:00,13.550000190734863,13.5600004196167,13.550000190734863,13.550000190734863,45252,0.0,0.0,0.0
2025-07-01 01:00:00+00:00,13.600000381469727,13.640000343322754,13.600000381469727,13.630000114440918,342000,0.0,0.0,0.0
2025-07-01 01:05:00+00:00,13.640000343322754,13.680000305175781,13.640000343322754,13.680000305175781,432000,0.0,0.0,0.0
2025-07-01 01:10:00+00:00,13.680000305175781,13.699999809265137,13.680000305175781,13.699999809265137,390148,0.0,0.0,0.0
2025-07-01 01:15:00+00:00,13.699999809265137,13.710000038146973,13.699999809265137,13.699999809265137,81735,0.0,0.0,0.0
2025-07-01 01:20:00+00:00,13.6899995803833,13.710000038146973,13.6899995803833,13.699999809265137,279199,0.0,0.0,0.0
2025-07-01 01:25:00+00:00,13.699999809265137,13.710000038146973,13.6899995803833,13.699999809265137,114801,0.0,0.0,0.0
2025-07-01 01:30:00+00:00,13.699999809265137,13.729999542236328,13.6899995803833,13.729999542236328,654180,0.0,0.0,0.0
2025-07-01 01:35:00+00:00,13.739999771118164,13.760000228881836,13.739999771118164,13.760000228881836,450457,0.0,0.0,0.0
2025-07-01 01:40:00+00:00,13.75,13.779999732971191,13.75,13.770000457763672,272022,0.0,0.0,0.0
2025-07-01 01:45:00+00:00,13.770000457763672,13.770000457763672,13.760000228881836,13.770000457763672,162583,0.0,0.0,0.0
2025-07-01 01:50:00+00:00,13.770000457763672,13.770000457763672,13.760000228881836,13.760000228881836,26111,0.0,0.0,0.0
2025-07-01 01:55:00+00:00,13.760000228881836,13.779999732971191,13.760000228881836,13.779999732971191,350183,0.0,0.0,0.0
2025-07-01 02:00:00+00:00,13.779999732971191,13.779999732971191,13.770000457763672,13.770000457763672,5292,0.0,0.0,0.0
2025-07-01 02:05:00+00:00,13.770000457763672,13.770000457763672,13.760000228881836,13.760000228881836,42133,0.0,0.0,0.0
2025-07-01 02:10:00+00:00,13.770000457763672,13.779999732971191,13.760000228881836,13.770000457763672,596433,0.0,0.0,0.0
2025-07-01 02:15:00+00:00,13.770000457763672,13.770000457763672,13.770000457763672,13.770000457763672,43245,0.0,0.0,0.0
2025-07-01 02:20:00+00:00,13.770000457763672,13.770000457763672,13.770000457763672,13.770000457763672,25264,0.0,0.0,0.0
2025-07-01 02:25:00+00:00,13.760000228881836,13.770000457763672,13.760000228881836,13.760000228881836,41542,0.0,0.0,0.0
2025-07-01 02:30:00+00:00,13.760000228881836,13.760000228881836,13.75,13.75,44434,0.0,0.0,0.0
2025-07-01 02:35:00+00:00,13.75,13.75,13.739999771118164,13.75,47044,0.0,0.0,0.0
2025-07-01 02:40:00+00:00,13.75,13.75,13.75,13.75,2058,0.0,0.0,0.0
2025-07-01 02:45:00+00:00,13.739999771118164,13.739999771118164,13.739999771118164,13.739999771118164,5449,0.0,0.0,0.0
2025-07-01 02:50:00+00:00,13.729999542236328,13.739999771118164,13.729999542236328,13.739999771118164,69094,0.0,0.0,0.0
2025-07-01 02:55:00+00:00,13.75,13.760000228881836,13.739999771118164,13.75,197010,0.0,0.0,0.0
2025-07-01 03:00:00+00:00,13.760000228881836,13.760000228881836,13.75,13.75,73802,0.0,0.0,0.0
2025-07-01 03:05:00+00:00,13.75,13.75,13.739999771118164,13.739999771118164,7253,0.0,0.0,0.0
2025-07-01 03:10:00+00:00,13.739999771118164,13.739999771118164,13.739999771118164,13.739999771118164,15820,0.0,0.0,0.0
2025-07-01 03:15:00+00:00,13.739999771118164,13.739999771118164,13.720000267028809,13.720000267028809,16490,0.0,0.0,0.0
2025-07-01 03:20:00+00:00,13.720000267028809,13.729999542236328,13.710000038146973,13.729999542236328,17157,0.0,0.0,0.0
2025-07-01 03:25:00+00:00,13.720000267028809,13.720000267028809,13.699999809265137,13.699999809265137,79362,0.0,0.0,0.0
2025-07-01 03:30:00+00:00,13.710000038146973,13.710000038146973,13.6899995803833,13.6899995803833,212213,0.0,0.0,0.0
2025-07-01 03:35:00+00:00,13.699999809265137,13.699999809265137,13.680000305175781,13.680000305175781,16054,0.0,0.0,0.0
2025-07-01 03:40:00+00:00,13.680000305175781,13.680000305175781,13.670000076293945,13.670000076293945,13566,0.0,0.0,0.0
2025-07-01 03:45:00+00:00,13.680000305175781,13.680000305175781,13.670000076293945,13.670000076293945,29275,0.0,0.0,0.0
2025-07-01 03:50:00+00:00,13.680000305175781,13.680000305175781,13.670000076293945,13.670000076293945,2798,0.0,0.0,0.0
2025-07-01 03:55:00+00:00,13.670000076293945,13.680000305175781,13.670000076293945,13.680000305175781,35145,0.0,0.0,0.0
2025-07-01 04:00:00+00:00,13.670000076293945,13.699999809265137,13.670000076293945,13.699999809265137,36052,0.0,0.0,0.0
2025-07-01 04:05:00+00:00,13.699999809265137,13.699999809265137,13.680000305175781,13.680000305175781,6169,0.0,0.0,0.0
2025-07-01 04:10:00+00:00,13.680000305175781,13.680000305175781,13.670000076293945,13.670000076293945,7414,0.0,0.0,0.0
2025-07-01 04:15:00+00:00,13.680000305175781,13.680000305175781,13.680000305175781,13.680000305175781,4117,0.0,0.0,0.0
2025-07-01 04:20:00+00:00,13.670000076293945,13.670000076293945,13.640000343322754,13.640000343322754,217928,0.0,0.0,0.0
2025-07-01 04:25:00+00:00,13.640000343322754,13.640000343322754,13.630000114440918,13.630000114440918,12017,0.0,0.0,0.0
2025-07-01 04:30:00+00:00,13.640000343322754,13.640000343322754,13.630000114440918,13.630000114440918,26143,0.0,0.0,0.0
2025-07-01 04:35:00+00:00,13.630000114440918,13.640000343322754,13.630000114440918,13.640000343322754,54720,0.0,0.0,0.0
2025-07-01 04:40:00+00:00,13.640000343322754,13.640000343322754,13.630000114440918,13.630000114440918,14020,0.0,0.0,0.0
2025-07-01 04:45:00+00:00,13.630000114440918,13.640000343322754,13.630000114440918,13.640000343322754,5510,0.0,0.0,0.0
2025-07-01 04:50:00+00:00,13.640000343322754,13.640000343322754,13.630000114440918,13.640000343322754,87035,0.0,0.0,0.0
2025-07-01 04:55:00+00:00,13.640000343322754,13.649999618530273,13.640000343322754,13.640000343322754,25292,0.0,0.0,0.0
2025-07-01 05:00:00+00:00,13.640000343322754,13.649999618530273,13.640000343322754,13.649999618530273,38030,0.0,0.0,0.0
2025-07-01 05:05:00+00:00,13.649999618530273,13.649999618530273,13.640000343322754,13.640000343322754,42640,0.0,0.0,0.0
2025-07-01 05:10:00+00:00,13.640000343322754,13.640000343322754,13.640000343322754,13.640000343322754,6362,0.0,0.0,0.0
2025-07-01 05:15:00+00:00,13.649999618530273,13.649999618530273,13.649999618530273,13.649999618530273,2930,0.0,0.0,0.0
2025-07-01 05:20:00+00:00,13.649999618530273,13.65999984741211,13.649999618530273,13.65999984741211,43810,0.0,0.0,0.0
2025-07-01 05:25:00+00:00,13.649999618530273,13.649999618530273,13.640000343322754,13.640000343322754,20869,0.0,0.0,0.0
2025-07-02 01:00:00+00:00,13.600000381469727,13.630000114440918,13.600000381469727,13.600000381469727,74000,0.0,0.0,0.0
2025-07-02 01:05:00+00:00,13.619999885559082,13.640000343322754,13.619999885559082,13.640000343322754,204621,0.0,0.0,0.0
2025-07-02 01:10:00+00:00,13.640000343322754,13.640000343322754,13.619999885559082,13.619999885559082,157240,0.0,0.0,0.0
2025-07-02 01:15:00+00:00,13.619999885559082,13.640000343322754,13.619999885559082,13.630000114440918,48829,0.0,0.0,0.0
2025-07-02 01:20:00+00:00,13.619999885559082,13.630000114440918,13.619999885559082,13.630000114440918,76353,0.0,0.0,0.0
2025-07-02 01:25:00+00:00,13.619999885559082,13.630000114440918,13.619999885559082,13.630000114440918,42000,0.0,0.0,0.0
2025-07-02 01:30:00+00:00,13.630000114440918,13.630000114440918,13.619999885559082,13.619999885559082,37968,0.0,0.0,0.0
2025-07-02 01:35:00+00:00,13.630000114440918,13.630000114440918,13.630000114440918,13.630000114440918,5129,0.0,0.0,0.0
2025-07-02 01:40:00+00:00,13.619999885559082,13.619999885559082,13.619999885559082,13.619999885559082,58310,0.0,0.0,0.0
2025-07-02 01:45:00+00:00,13.619999885559082,13.630000114440918,13.619999885559082,13.630000114440918,4055,0.0,0.0,0.0
2025-07-02 01:50:00+00:00,13.630000114440918,13.630000114440918,13.619999885559082,13.619999885559082,8054,0.0,0.0,0.0
2025-07-02 01:55:00+00:00,13.619999885559082,13.619999885559082,13.619999885559082,13.619999885559082,16396,0.0,0.0,0.0
2025-07-02 02:00:00+00:00,13.619999885559082,13.630000114440918,13.619999885559082,13.630000114440918,174273,0.0,0.0,0.0
2025-07-02 02:05:00+00:00,13.640000343322754,13.640000343322754,13.640000343322754,13.640000343322754,6684,0.0,0.0,0.0
2025-07-02 02:10:00+00:00,13.640000343322754,13.640000343322754,13.619999885559082,13.630000114440918,216115,0.0,0.0,0.0
2025-07-02 02:15:00+00:00,13.630000114440918,13.640000343322754,13.630000114440918,13.640000343322754,15276,0.0,0.0,0.0
2025-07-02 02:20:00+00:00,13.640000343322754,13.640000343322754,13.630000114440918,13.630000114440918,4422,0.0,0.0,0.0
2025-07-02 02:25:00+00:00,13.630000114440918,13.630000114440918,13.630000114440918,13.630000114440918,20843,0.0,0.0,0.0
2025-07-02 02:30:00+00:00,13.630000114440918,13.640000343322754,13.630000114440918,13.640000343322754,154230,0.0,0.0,0.0
2025-07-02 02:35:00+00:00,13.649999618530273,13.65999984741211,13.649999618530273,13.65999984741211,107927,0.0,0.0,0.0
2025-07-02 02:40:00+00:00,13.65999984741211,13.65999984741211,13.65999984741211,13.65999984741211,14054,0.0,0.0,0.0
2025-07-02 02:45:00+00:00,13.65999984741211,13.65999984741211,13.65999984741211,13.65999984741211,8833,0.0,0.0,0.0
2025-07-02 02:50:00+00:00,13.65999984741211,13.65999984741211,13.65999984741211,13.65999984741211,2305,0.0,0.0,0.0
2025-07-02 02:55:00+00:00,13.65999984741211,13.65999984741211,13.65999984741211,13.65999984741211,2034,0.0,0.0,0.0
2025-07-02 03:00:00+00:00,13.65999984741211,13.65999984741211,13.65999984741211,13.65999984741211,15045,0.0,0.0,0.0
2025-07-02 03:05:00+00:00,13.65999984741211,13.65999984741211,13.65999984741211,13.65999984741211,17309,0.0,0.0,0.0
2025-07-02 03:10:00+00:00,13.65999984741211,13.65999984741211,13.65999984741211,13.65999984741211,16283,0.0,0.0,0.0
2025-07-02 03:15:00+00:00,13.649999618530273,13.65999984741211,13.649999618530273,13.65999984741211,50026,0.0,0.0,0.0
2025-07-02 03:20:00+00:00,13.670000076293945,13.670000076293945,13.65999984741211,13.65999984741211,3323,0.0,0.0,0.0
2025-07-02 03:25:00+00:00,13.65999984741211,13.65999984741211,13.65999984741211,13.65999984741211,30499,0.0,0.0,0.0
2025-07-02 03:35:00+00:00,13.649999618530273,13.65999984741211,13.649999618530273,13.65999984741211,138041,0.0,0.0,0.0
2025-07-02 03:40:00+00:00,13.65999984741211,13.670000076293945,13.65999984741211,13.670000076293945,2042,0.0,0.0,0.0
2025-07-02 03:45:00+00:00,13.65999984741211,13.65999984741211,13.649999618530273,13.65999984741211,34436,0.0,0.0,0.0
2025-07-02 03:55:00+00:00,13.65999984741211,13.65999984741211,13.649999618530273,13.649999618530273,26286,0.0,0.0,0.0
2025-07-02 04:05:00+00:00,13.65999984741211,13.65999984741211,13.65999984741211,13.65999984741211,15047,0.0,0.0,0.0
2025-07-02 04:10:00+00:00,13.65999984741211,13.65999984741211,13.65999984741211,13.65999984741211,4214,0.0,0.0,0.0
2025-07-02 04:15:00+00:00,13.65999984741211,13.65999984741211,13.65999984741211,13.65999984741211,16142,0.0,0.0,0.0
2025-07-02 04:20:00+00:00,13.65999984741211,13.65999984741211,13.65999984741211,13.65999984741211,17759,0.0,0.0,0.0
2025-07-02 04:25:00+00:00,13.670000076293945,13.670000076293945,13.670000076293945,13.670000076293945,100541,0.0,0.0,0.0
2025-07-02 04:30:00+00:00,13.670000076293945,13.670000076293945,13.670000076293945,13.670000076293945,13194,0.0,0.0,0.0
2025-07-02 04:35:00+00:00,13.680000305175781,13.680000305175781,13.680000305175781,13.680000305175781,8551,0.0,0.0,0.0
2025-07-02 04:40:00+00:00,13.680000305175781,13.680000305175781,13.670000076293945,13.670000076293945,160191,0.0,0.0,0.0
2025-07-02 04:45:00+00:00,13.670000076293945,13.670000076293945,13.670000076293945,13.670000076293945,8610,0.0,0.0,0.0
2025-07-02 04:50:00+00:00,13.670000076293945,13.680000305175781,13.670000076293945,13.670000076293945,82040,0.0,0.0,0.0
2025-07-02 04:55:00+00:00,13.670000076293945,13.680000305175781,13.670000076293945,13.680000305175781,25091,0.0,0.0,0.0
2025-07-02 05:00:00+00:00,13.670000076293945,13.680000305175781,13.670000076293945,13.680000305175781,6286,0.0,0.0,0.0
2025-07-02 05:05:00+00:00,13.680000305175781,13.680000305175781,13.670000076293945,13.670000076293945,178350,0.0,0.0,0.0
2025-07-02 05:10:00+00:00,13.670000076293945,13.670000076293945,13.670000076293945,13.670000076293945,30722,0.0,0.0,0.0
2025-07-02 05:15:00+00:00,13.680000305175781,13.680000305175781,13.670000076293945,13.670000076293945,77510,0.0,0.0,0.0
2025-07-02 05:20:00+00:00,13.680000305175781,13.680000305175781,13.670000076293945,13.670000076293945,26703,0.0,0.0,0.0
2025-07-03 01:00:00+00:00,13.800000190734863,13.819999694824219,13.800000190734863,13.819999694824219,424000,0.0,0.0,0.0
2025-07-03 01:05:00+00:00,13.800000190734863,13.8100004196167,13.800000190734863,13.8100004196167,219805,0.0,0.0,0.0
2025-07-03 01:10:00+00:00,13.8100004196167,13.819999694824219,13.8100004196167,13.819999694824219,147130,0.0,0.0,0.0
2025-07-03 01:15:00+00:00,13.8100004196167,13.8100004196167,13.789999961853027,13.8100004196167,264294,0.0,0.0,0.0
2025-07-03 01:20:00+00:00,13.8100004196167,13.819999694824219,13.800000190734863,13.819999694824219,145578,0.0,0.0,0.0
2025-07-03 01:25:00+00:00,13.819999694824219,13.829999923706055,13.819999694824219,13.829999923706055,484572,0.0,0.0,0.0
2025-07-03 01:30:00+00:00,13.829999923706055,13.84000015258789,13.829999923706055,13.84000015258789,356138,0.0,0.0,0.0
2025-07-03 01:35:00+00:00,13.84000015258789,13.850000381469727,13.829999923706055,13.829999923706055,76171,0.0,0.0,0.0
2025-07-03 01:40:00+00:00,13.829999923706055,13.84000015258789,13.829999923706055,13.829999923706055,66074,0.0,0.0,0.0
2025-07-03 01:45:00+00:00,13.84000015258789,13.84000015258789,13.829999923706055,13.829999923706055,236425,0.0,0.0,0.0
2025-07-03 01:50:00+00:00,13.84000015258789,13.84000015258789,13.829999923706055,13.829999923706055,89417,0.0,0.0,0.0
2025-07-03 01:55:00+00:00,13.829999923706055,13.84000015258789,13.829999923706055,13.84000015258789,392714,0.0,0.0,0.0
2025-07-03 02:00:00+00:00,13.850000381469727,13.850000381469727,13.829999923706055,13.84000015258789,252639,0.0,0.0,0.0
2025-07-03 02:05:00+00:00,13.84000015258789,13.850000381469727,13.84000015258789,13.84000015258789,118629,0.0,0.0,0.0
2025-07-03 02:10:00+00:00,13.84000015258789,13.850000381469727,13.84000015258789,13.850000381469727,956495,0.0,0.0,0.0
2025-07-03 02:15:00+00:00,13.859999656677246,13.859999656677246,13.84000015258789,13.850000381469727,29359,0.0,0.0,0.0
2025-07-03 02:20:00+00:00,13.850000381469727,13.850000381469727,13.84000015258789,13.84000015258789,45111,0.0,0.0,0.0
2025-07-03 02:25:00+00:00,13.850000381469727,13.850000381469727,13.84000015258789,13.84000015258789,24598,0.0,0.0,0.0
2025-07-03 02:30:00+00:00,13.850000381469727,13.850000381469727,13.84000015258789,13.84000015258789,124141,0.0,0.0,0.0
2025-07-03 02:35:00+00:00,13.84000015258789,13.84000015258789,13.829999923706055,13.84000015258789,14010,0.0,0.0,0.0
2025-07-03 02:40:00+00:00,13.84000015258789,13.84000015258789,13.829999923706055,13.84000015258789,73124,0.0,0.0,0.0
2025-07-03 02:45:00+00:00,13.84000015258789,13.850000381469727,13.84000015258789,13.850000381469727,48973,0.0,0.0,0.0
2025-07-03 02:50:00+00:00,13.84000015258789,13.850000381469727,13.84000015258789,13.84000015258789,44117,0.0,0.0,0.0
2025-07-03 02:55:00+00:00,13.850000381469727,13.850000381469727,13.84000015258789,13.84000015258789,86010,0.0,0.0,0.0
2025-07-03 03:00:00+00:00,13.84000015258789,13.850000381469727,13.829999923706055,13.84000015258789,58330,0.0,0.0,0.0
2025-07-03 03:05:00+00:00,13.84000015258789,13.850000381469727,13.84000015258789,13.84000015258789,34164,0.0,0.0,0.0
2025-07-03 03:10:00+00:00,13.84000015258789,13.850000381469727,13.84000015258789,13.84000015258789,27027,0.0,0.0,0.0
2025-07-03 03:15:00+00:00,13.84000015258789,13.850000381469727,13.84000015258789,13.84000015258789,95425,0.0,0.0,0.0
2025-07-03 03:20:00+00:00,13.850000381469727,13.850000381469727,13.84000015258789,13.84000015258789,15340,0.0,0.0,0.0
2025-07-03 03:25:00+00:00,13.84000015258789,13.850000381469727,13.84000015258789,13.84000015258789,295372,0.0,0.0,0.0
2025-07-03 03:30:00+00:00,13.850000381469727,13.850000381469727,13.84000015258789,13.850000381469727,330264,0.0,0.0,0.0
2025-07-03 03:35:00+00:00,13.850000381469727,13.850000381469727,13.850000381469727,13.850000381469727,23321,0.0,0.0,0.0
2025-07-03 03:40:00+00:00,13.850000381469727,13.859999656677246,13.850000381469727,13.850000381469727,205020,0.0,0.0,0.0
2025-07-03 03:45:00+00:00,13.850000381469727,13.850000381469727,13.84000015258789,13.84000015258789,34491,0.0,0.0,0.0
2025-07-03 03:50:00+00:00,13.84000015258789,13.850000381469727,13.84000015258789,13.850000381469727,43153,0.0,0.0,0.0
2025-07-03 03:55:00+00:00,13.850000381469727,13.850000381469727,13.84000015258789,13.84000015258789,57443,0.0,0.0,0.0
2025-07-03 04:00:00+00:00,13.84000015258789,13.84000015258789,13.84000015258789,13.84000015258789,1020,0.0,0.0,0.0
2025-07-03 04:05:00+00:00,13.84000015258789,13.850000381469727,13.84000015258789,13.84000015258789,68638,0.0,0.0,0.0
2025-07-03 04:10:00+00:00,13.84000015258789,13.850000381469727,13.84000015258789,13.84000015258789,52182,0.0,0.0,0.0
2025-07-03 04:15:00+00:00,13.84000015258789,13.859999656677246,13.84000015258789,13.850000381469727,123031,0.0,0.0,0.0
2025-07-03 04:20:00+00:00,13.850000381469727,13.850000381469727,13.829999923706055,13.829999923706055,23176,0.0,0.0,0.0
2025-07-03 04:25:00+00:00,13.829999923706055,13.84000015258789,13.829999923706055,13.84000015258789,27000,0.0,0.0,0.0
2025-07-03 04:30:00+00:00,13.850000381469727,13.850000381469727,13.84000015258789,13.850000381469727,155933,0.0,0.0,0.0
2025-07-03 04:35:00+00:00,13.84000015258789,13.850000381469727,13.84000015258789,13.850000381469727,23008,0.0,0.0,0.0
2025-07-03 04:40:00+00:00,13.84000015258789,13.850000381469727,13.84000015258789,13.84000015258789,27420,0.0,0.0,0.0
2025-07-03 04:45:00+00:00,13.84000015258789,13.850000381469727,13.829999923706055,13.850000381469727,103100,0.0,0.0,0.0
2025-07-03 04:50:00+00:00,13.84000015258789,13.850000381469727,13.829999923706055,13.850000381469727,49221,0.0,0.0,0.0
2025-07-03 04:55:00+00:00,13.829999923706055,13.850000381469727,13.829999923706055,13.84000015258789,26948,0.0,0.0,0.0
2025-07-03 05:00:00+00:00,13.84000015258789,13.850000381469727,13.84000015258789,13.850000381469727,46975,0.0,0.0,0.0
2025-07-03 05:05:00+00:00,13.850000381469727,13.850000381469727,13.84000015258789,13.84000015258789,176810,0.0,0.0,0.0
2025-07-03 05:10:00+00:00,13.850000381469727,13.850000381469727,13.850000381469727,13.850000381469727,2051,0.0,0.0,0.0
2025-07-03 05:15:00+00:00,13.850000381469727,13.850000381469727,13.84000015258789,13.850000381469727,115634,0.0,0.0,0.0
2025-07-03 05:20:00+00:00,13.84000015258789,13.850000381469727,13.84000015258789,13.84000015258789,127539,0.0,0.0,0.0
2025-07-04 01:00:00+00:00,13.869999885559082,13.899999618530273,13.869999885559082,13.890000343322754,639000,0.0,0.0,0.0
2025-07-04 01:05:00+00:00,13.890000343322754,13.890000343322754,13.880000114440918,13.880000114440918,267000,0.0,0.0,0.0
2025-07-04 01:10:00+00:00,13.880000114440918,13.890000343322754,13.869999885559082,13.890000343322754,139172,0.0,0.0,0.0
2025-07-04 01:15:00+00:00,13.869999885559082,13.869999885559082,13.859999656677246,13.859999656677246,32723,0.0,0.0,0.0
2025-07-04 01:20:00+00:00,13.859999656677246,13.859999656677246,13.850000381469727,13.850000381469727,180438,0.0,0.0,0.0
2025-07-04 01:25:00+00:00,13.850000381469727,13.859999656677246,13.84000015258789,13.850000381469727,226764,0.0,0.0,0.0
2025-07-04 01:30:00+00:00,13.850000381469727,13.850000381469727,13.819999694824219,13.84000015258789,74482,0.0,0.0,0.0
2025-07-04 01:35:00+00:00,13.819999694824219,13.819999694824219,13.8100004196167,13.819999694824219,19918,0.0,0.0,0.0
2025-07-04 01:40:00+00:00,13.8100004196167,13.8100004196167,13.800000190734863,13.800000190734863,14419,0.0,0.0,0.0
2025-07-04 01:45:00+00:00,13.800000190734863,13.800000190734863,13.770000457763672,13.770000457763672,87106,0.0,0.0,0.0
2025-07-04 01:50:00+00:00,13.770000457763672,13.779999732971191,13.770000457763672,13.779999732971191,52645,0.0,0.0,0.0
2025-07-04 01:55:00+00:00,13.779999732971191,13.779999732971191,13.779999732971191,13.779999732971191,20386,0.0,0.0,0.0
2025-07-04 02:00:00+00:00,13.779999732971191,13.789999961853027,13.770000457763672,13.770000457763672,111357,0.0,0.0,0.0
2025-07-04 02:05:00+00:00,13.779999732971191,13.779999732971191,13.75,13.770000457763672,126675,0.0,0.0,0.0
2025-07-04 02:10:00+00:00,13.770000457763672,13.770000457763672,13.770000457763672,13.770000457763672,15080,0.0,0.0,0.0
2025-07-04 02:15:00+00:00,13.770000457763672,13.770000457763672,13.770000457763672,13.770000457763672,1083,0.0,0.0,0.0
2025-07-04 02:20:00+00:00,13.770000457763672,13.770000457763672,13.760000228881836,13.770000457763672,69258,0.0,0.0,0.0
2025-07-04 02:25:00+00:00,13.760000228881836,13.770000457763672,13.760000228881836,13.770000457763672,11032,0.0,0.0,0.0
2025-07-04 02:30:00+00:00,13.779999732971191,13.779999732971191,13.770000457763672,13.779999732971191,27241,0.0,0.0,0.0
2025-07-04 02:35:00+00:00,13.770000457763672,13.779999732971191,13.770000457763672,13.779999732971191,98018,0.0,0.0,0.0
2025-07-04 02:40:00+00:00,13.770000457763672,13.789999961853027,13.770000457763672,13.789999961853027,14576,0.0,0.0,0.0
2025-07-04 02:45:00+00:00,13.789999961853027,13.800000190734863,13.779999732971191,13.779999732971191,119913,0.0,0.0,0.0
2025-07-04 02:50:00+00:00,13.779999732971191,13.779999732971191,13.779999732971191,13.779999732971191,4162,0.0,0.0,0.0
2025-07-04 02:55:00+00:00,13.789999961853027,13.789999961853027,13.779999732971191,13.789999961853027,9036,0.0,0.0,0.0
2025-07-04 03:00:00+00:00,13.779999732971191,13.779999732971191,13.779999732971191,13.779999732971191,8242,0.0,0.0,0.0
2025-07-04 03:05:00+00:00,13.779999732971191,13.779999732971191,13.779999732971191,13.779999732971191,34053,0.0,0.0,0.0
2025-07-04 03:10:00+00:00,13.770000457763672,13.779999732971191,13.770000457763672,13.779999732971191,4333,0.0,0.0,0.0
2025-07-04 03:15:00+00:00,13.770000457763672,13.779999732971191,13.770000457763672,13.779999732971191,44022,0.0,0.0,0.0
2025-07-04 03:20:00+00:00,13.789999961853027,13.789999961853027,13.789999961853027,13.789999961853027,3053,0.0,0.0,0.0
2025-07-04 03:25:00+00:00,13.779999732971191,13.779999732971191,13.779999732971191,13.779999732971191,1000,0.0,0.0,0.0
2025-07-04 03:30:00+00:00,13.779999732971191,13.779999732971191,13.779999732971191,13.779999732971191,27052,0.0,0.0,0.0
2025-07-04 03:35:00+00:00,13.779999732971191,13.779999732971191,13.770000457763672,13.770000457763672,52853,0.0,0.0,0.0
2025-07-04 03:40:00+00:00,13.760000228881836,13.760000228881836,13.75,13.760000228881836,25622,0.0,0.0,0.0
2025-07-04 03:45:00+00:00,13.75,13.760000228881836,13.75,13.760000228881836,9050,0.0,0.0,0.0
2025-07-04 03:50:00+00:00,13.75,13.760000228881836,13.75,13.75,54156,0.0,0.0,0.0
2025-07-04 03:55:00+00:00,13.75,13.75,13.75,13.75,1311,0.0,0.0,0.0
2025-07-04 04:00:00+00:00,13.75,13.75,13.75,13.75,66051,0.0,0.0,0.0
2025-07-04 04:05:00+00:00,13.760000228881836,13.760000228881836,13.739999771118164,13.739999771118164,17030,0.0,0.0,0.0
2025-07-04 04:10:00+00:00,13.739999771118164,13.760000228881836,13.739999771118164,13.760000228881836,30534,0.0,0.0,0.0
2025-07-04 04:15:00+00:00,13.75,13.75,13.75,13.75,56635,0.0,0.0,0.0
2025-07-04 04:20:00+00:00,13.75,13.75,13.739999771118164,13.75,32576,0.0,0.0,0.0
2025-07-04 04:25:00+00:00,13.75,13.75,13.739999771118164,13.739999771118164,76069,0.0,0.0,0.0
2025-07-04 04:30:00+00:00,13.75,13.75,13.75,13.75,7737,0.0,0.0,0.0
2025-07-04 04:35:00+00:00,13.75,13.75,13.739999771118164,13.739999771118164,58577,0.0,0.0,0.0
2025-07-04 04:40:00+00:00,13.75,13.75,13.75,13.75,39020,0.0,0.0,0.0
2025-07-04 04:45:00+00:00,13.75,13.760000228881836,13.75,13.75,37021,0.0,0.0,0.0
2025-07-04 04:50:00+00:00,13.75,13.760000228881836,13.75,13.760000228881836,29010,0.0,0.0,0.0
2025-07-04 04:55:00+00:00,13.760000228881836,13.760000228881836,13.75,13.75,57645,0.0,0.0,0.0
2025-07-04 05:00:00+00:00,13.75,13.760000228881836,13.739999771118164,13.739999771118164,49060,0.0,0.0,0.0
2025-07-04 05:05:00+00:00,13.739999771118164,13.739999771118164,13.739999771118164,13.739999771118164,58651,0.0,0.0,0.0
2025-07-04 05:10:00+00:00,13.739999771118164,13.739999771118164,13.729999542236328,13.729999542236328,8027,0.0,0.0,0.0
2025-07-04 05:15:00+00:00,13.739999771118164,13.739999771118164,13.729999542236328,13.739999771118164,23812,0.0,0.0,0.0
2025-07-04 05:20:00+00:00,13.739999771118164,13.739999771118164,13.729999542236328,13.729999542236328,70499,0.0,0.0,0.0
2025-07-07 01:00:00+00:00,13.75,13.75,13.65999984741211,13.670000076293945,0,0.0,0.0,0.0
2025-07-07 01:05:00+00:00,13.670000076293945,13.670000076293945,13.619999885559082,13.619999885559082,59803,0.0,0.0,0.0
2025-07-07 01:10:00+00:00,13.619999885559082,13.619999885559082,13.569999694824219,13.579999923706055,51775,0.0,0.0,0.0
2025-07-07 01:15:00+00:00,13.600000381469727,13.619999885559082,13.579999923706055,13.619999885559082,87254,0.0,0.0,0.0
2025-07-07 01:20:00+00:00,13.619999885559082,13.619999885559082,13.609999656677246,13.609999656677246,51118,0.0,0.0,0.0
2025-07-07 01:25:00+00:00,13.609999656677246,13.649999618530273,13.609999656677246,13.649999618530273,342014,0.0,0.0,0.0
2025-07-07 01:30:00+00:00,13.65999984741211,13.6899995803833,13.649999618530273,13.680000305175781,37704,0.0,0.0,0.0
2025-07-07 01:35:00+00:00,13.6899995803833,13.6899995803833,13.640000343322754,13.640000343322754,310630,0.0,0.0,0.0
2025-07-07 01:40:00+00:00,13.649999618530273,13.649999618530273,13.630000114440918,13.630000114440918,23248,0.0,0.0,0.0
2025-07-07 01:45:00+00:00,13.640000343322754,13.649999618530273,13.640000343322754,13.649999618530273,6205,0.0,0.0,0.0
2025-07-07 01:50:00+00:00,13.649999618530273,13.649999618530273,13.630000114440918,13.649999618530273,8144,0.0,0.0,0.0
2025-07-07 01:55:00+00:00,13.649999618530273,13.649999618530273,13.640000343322754,13.649999618530273,22534,0.0,0.0,0.0
2025-07-07 02:00:00+00:00,13.649999618530273,13.649999618530273,13.630000114440918,13.640000343322754,26319,0.0,0.0,0.0
2025-07-07 02:05:00+00:00,13.640000343322754,13.640000343322754,13.630000114440918,13.640000343322754,11545,0.0,0.0,0.0
2025-07-07 02:10:00+00:00,13.640000343322754,13.640000343322754,13.630000114440918,13.640000343322754,19020,0.0,0.0,0.0
2025-07-07 02:15:00+00:00,13.640000343322754,13.640000343322754,13.640000343322754,13.640000343322754,9154,0.0,0.0,0.0
2025-07-07 02:20:00+00:00,13.640000343322754,13.640000343322754,13.630000114440918,13.630000114440918,30357,0.0,0.0,0.0
2025-07-07 02:25:00+00:00,13.630000114440918,13.640000343322754,13.630000114440918,13.640000343322754,7781,0.0,0.0,0.0
2025-07-07 02:30:00+00:00,13.640000343322754,13.640000343322754,13.609999656677246,13.619999885559082,77750,0.0,0.0,0.0
2025-07-07 02:35:00+00:00,13.619999885559082,13.630000114440918,13.619999885559082,13.619999885559082,23412,0.0,0.0,0.0
2025-07-07 02:40:00+00:00,13.619999885559082,13.619999885559082,13.609999656677246,13.619999885559082,15540,0.0,0.0,0.0
2025-07-07 02:45:00+00:00,13.619999885559082,13.640000343322754,13.619999885559082,13.640000343322754,17019,0.0,0.0,0.0
2025-07-07 02:50:00+00:00,13.640000343322754,13.640000343322754,13.630000114440918,13.630000114440918,4282,0.0,0.0,0.0
2025-07-07 02:55:00+00:00,13.630000114440918,13.640000343322754,13.619999885559082,13.630000114440918,6011,0.0,0.0,0.0
2025-07-07 03:00:00+00:00,13.630000114440918,13.630000114440918,13.619999885559082,13.619999885559082,27212,0.0,0.0,0.0
2025-07-07 03:05:00+00:00,13.619999885559082,13.619999885559082,13.609999656677246,13.609999656677246,34263,0.0,0.0,0.0
2025-07-07 03:10:00+00:00,13.619999885559082,13.619999885559082,13.600000381469727,13.600000381469727,10470,0.0,0.0,0.0
2025-07-07 03:15:00+00:00,13.609999656677246,13.609999656677246,13.609999656677246,13.609999656677246,11480,0.0,0.0,0.0
2025-07-07 03:20:00+00:00,13.609999656677246,13.609999656677246,13.600000381469727,13.600000381469727,5163,0.0,0.0,0.0
2025-07-07 03:25:00+00:00,13.609999656677246,13.609999656677246,13.609999656677246,13.609999656677246,11697,0.0,0.0,0.0
2025-07-07 03:30:00+00:00,13.609999656677246,13.609999656677246,13.600000381469727,13.600000381469727,9121,0.0,0.0,0.0
2025-07-07 03:35:00+00:00,13.609999656677246,13.619999885559082,13.609999656677246,13.619999885559082,18245,0.0,0.0,0.0
2025-07-07 03:40:00+00:00,13.619999885559082,13.619999885559082,13.619999885559082,13.619999885559082,1302,0.0,0.0,0.0
2025-07-07 03:45:00+00:00,13.619999885559082,13.619999885559082,13.619999885559082,13.619999885559082,7389,0.0,0.0,0.0
2025-07-07 03:50:00+00:00,13.609999656677246,13.619999885559082,13.609999656677246,13.619999885559082,16078,0.0,0.0,0.0
2025-07-07 03:55:00+00:00,13.619999885559082,13.619999885559082,13.609999656677246,13.609999656677246,4090,0.0,0.0,0.0
2025-07-07 04:00:00+00:00,13.619999885559082,13.619999885559082,13.609999656677246,13.619999885559082,7557,0.0,0.0,0.0
2025-07-07 04:05:00+00:00,13.619999885559082,13.630000114440918,13.619999885559082,13.619999885559082,51189,0.0,0.0,0.0
2025-07-07 04:10:00+00:00,13.619999885559082,13.640000343322754,13.619999885559082,13.630000114440918,62108,0.0,0.0,0.0
2025-07-07 04:15:00+00:00,13.640000343322754,13.640000343322754,13.640000343322754,13.640000343322754,3656,0.0,0.0,0.0
2025-07-07 04:20:00+00:00,13.630000114440918,13.640000343322754,13.630000114440918,13.640000343322754,13981,0.0,0.0,0.0
2025-07-07 04:25:00+00:00,13.649999618530273,13.649999618530273,13.640000343322754,13.640000343322754,5416,0.0,0.0,0.0
2025-07-07 04:30:00+00:00,13.640000343322754,13.640000343322754,13.640000343322754,13.640000343322754,7843,0.0,0.0,0.0
2025-07-07 04:35:00+00:00,13.630000114440918,13.630000114440918,13.630000114440918,13.630000114440918,1010,0.0,0.0,0.0
2025-07-07 04:40:00+00:00,13.630000114440918,13.630000114440918,13.619999885559082,13.619999885559082,11056,0.0,0.0,0.0
2025-07-07 04:45:00+00:00,13.609999656677246,13.619999885559082,13.609999656677246,13.619999885559082,9807,0.0,0.0,0.0
2025-07-07 04:50:00+00:00,13.619999885559082,13.619999885559082,13.619999885559082,13.619999885559082,2100,0.0,0.0,0.0
2025-07-07 04:55:00+00:00,13.609999656677246,13.619999885559082,13.609999656677246,13.609999656677246,22451,0.0,0.0,0.0
2025-07-07 05:00:00+00:00,13.609999656677246,13.609999656677246,13.600000381469727,13.609999656677246,48784,0.0,0.0,0.0
2025-07-07 05:05:00+00:00,13.600000381469727,13.609999656677246,13.600000381469727,13.609999656677246,34684,0.0,0.0,0.0
2025-07-07 05:10:00+00:00,13.609999656677246,13.619999885559082,13.609999656677246,13.619999885559082,10586,0.0,0.0,0.0
2025-07-07 05:15:00+00:00,13.619999885559082,13.619999885559082,13.609999656677246,13.619999885559082,16272,0.0,0.0,0.0
2025-07-07 05:20:00+00:00,13.609999656677246,13.630000114440918,13.609999656677246,13.630000114440918,93071,0.0,0.0,0.0
2025-07-08 01:00:00+00:00,13.619999885559082,13.619999885559082,13.550000190734863,13.550000190734863,0,0.0,0.0,0.0
2025-07-08 01:05:00+00:00,13.550000190734863,13.5600004196167,13.529999732971191,13.539999961853027,147000,0.0,0.0,0.0
2025-07-08 01:10:00+00:00,13.5600004196167,13.5600004196167,13.550000190734863,13.550000190734863,32972,0.0,0.0,0.0
2025-07-08 01:15:00+00:00,13.550000190734863,13.569999694824219,13.550000190734863,13.5600004196167,107187,0.0,0.0,0.0
2025-07-08 01:20:00+00:00,13.569999694824219,13.59000015258789,13.569999694824219,13.59000015258789,134504,0.0,0.0,0.0
2025-07-08 01:25:00+00:00,13.579999923706055,13.579999923706055,13.579999923706055,13.579999923706055,12367,0.0,0.0,0.0
2025-07-08 01:30:00+00:00,13.59000015258789,13.59000015258789,13.579999923706055,13.579999923706055,46755,0.0,0.0,0.0
2025-07-08 01:35:00+00:00,13.579999923706055,13.579999923706055,13.569999694824219,13.569999694824219,14734,0.0,0.0,0.0
2025-07-08 01:40:00+00:00,13.5600004196167,13.5600004196167,13.550000190734863,13.550000190734863,49722,0.0,0.0,0.0
2025-07-08 01:45:00+00:00,13.539999961853027,13.5600004196167,13.539999961853027,13.550000190734863,219086,0.0,0.0,0.0
2025-07-08 01:50:00+00:00,13.539999961853027,13.550000190734863,13.539999961853027,13.550000190734863,14518,0.0,0.0,0.0
2025-07-08 01:55:00+00:00,13.529999732971191,13.539999961853027,13.529999732971191,13.539999961853027,22433,0.0,0.0,0.0
2025-07-08 02:00:00+00:00,13.529999732971191,13.529999732971191,13.529999732971191,13.529999732971191,4343,0.0,0.0,0.0
2025-07-08 02:05:00+00:00,13.529999732971191,13.529999732971191,13.520000457763672,13.520000457763672,33986,0.0,0.0,0.0
2025-07-08 02:10:00+00:00,13.539999961853027,13.539999961853027,13.520000457763672,13.520000457763672,64029,0.0,0.0,0.0
2025-07-08 02:15:00+00:00,13.539999961853027,13.550000190734863,13.529999732971191,13.550000190734863,42090,0.0,0.0,0.0
2025-07-08 02:20:00+00:00,13.5600004196167,13.5600004196167,13.550000190734863,13.550000190734863,16472,0.0,0.0,0.0
2025-07-08 02:25:00+00:00,13.550000190734863,13.579999923706055,13.550000190734863,13.569999694824219,559388,0.0,0.0,0.0
2025-07-08 02:30:00+00:00,13.569999694824219,13.569999694824219,13.569999694824219,13.569999694824219,74464,0.0,0.0,0.0
2025-07-08 02:35:00+00:00,13.569999694824219,13.579999923706055,13.569999694824219,13.579999923706055,228470,0.0,0.0,0.0
2025-07-08 02:40:00+00:00,13.569999694824219,13.569999694824219,13.569999694824219,13.569999694824219,5125,0.0,0.0,0.0
2025-07-08 02:45:00+00:00,13.5600004196167,13.5600004196167,13.5600004196167,13.5600004196167,17425,0.0,0.0,0.0
2025-07-08 02:50:00+00:00,13.569999694824219,13.579999923706055,13.569999694824219,13.579999923706055,110023,0.0,0.0,0.0
2025-07-08 02:55:00+00:00,13.579999923706055,13.600000381469727,13.579999923706055,13.600000381469727,106038,0.0,0.0,0.0
2025-07-08 03:00:00+00:00,13.600000381469727,13.619999885559082,13.600000381469727,13.619999885559082,68234,0.0,0.0,0.0
2025-07-08 03:05:00+00:00,13.619999885559082,13.619999885559082,13.609999656677246,13.609999656677246,205156,0.0,0.0,0.0
2025-07-08 03:10:00+00:00,13.609999656677246,13.609999656677246,13.609999656677246,13.609999656677246,12026,0.0,0.0,0.0
2025-07-08 03:15:00+00:00,13.609999656677246,13.609999656677246,13.600000381469727,13.600000381469727,12310,0.0,0.0,0.0
2025-07-08 03:20:00+00:00,13.600000381469727,13.609999656677246,13.600000381469727,13.609999656677246,5540,0.0,0.0,0.0
2025-07-08 03:25:00+00:00,13.600000381469727,13.609999656677246,13.600000381469727,13.600000381469727,66279,0.0,0.0,0.0
2025-07-08 03:30:00+00:00,13.600000381469727,13.600000381469727,13.600000381469727,13.600000381469727,13546,0.0,0.0,0.0
2025-07-08 03:35:00+00:00,13.609999656677246,13.619999885559082,13.609999656677246,13.619999885559082,65201,0.0,0.0,0.0
2025-07-08 03:40:00+00:00,13.619999885559082,13.630000114440918,13.619999885559082,13.619999885559082,32324,0.0,0.0,0.0
2025-07-08 03:45:00+00:00,13.619999885559082,13.619999885559082,13.609999656677246,13.609999656677246,10309,0.0,0.0,0.0
2025-07-08 03:50:00+00:00,13.609999656677246,13.609999656677246,13.609999656677246,13.609999656677246,5011,0.0,0.0,0.0
2025-07-08 03:55:00+00:00,13.609999656677246,13.609999656677246,13.600000381469727,13.600000381469727,29341,0.0,0.0,0.0
2025-07-08 04:00:00+00:00,13.600000381469727,13.600000381469727,13.600000381469727,13.600000381469727,1156,0.0,0.0,0.0
2025-07-08 04:05:00+00:00,13.609999656677246,13.609999656677246,13.600000381469727,13.609999656677246,7560,0.0,0.0,0.0
2025-07-08 04:10:00+00:00,13.609999656677246,13.609999656677246,13.609999656677246,13.609999656677246,20226,0.0,0.0,0.0
2025-07-08 04:15:00+00:00,13.609999656677246,13.609999656677246,13.600000381469727,13.600000381469727,42033,0.0,0.0,0.0
2025-07-08 04:20:00+00:00,13.600000381469727,13.600000381469727,13.59000015258789,13.59000015258789,30364,0.0,0.0,0.0
2025-07-08 04:25:00+00:00,13.59000015258789,13.59000015258789,13.59000015258789,13.59000015258789,6010,0.0,0.0,0.0
2025-07-08 04:30:00+00:00,13.59000015258789,13.600000381469727,13.579999923706055,13.59000015258789,67871,0.0,0.0,0.0
2025-07-08 04:35:00+00:00,13.59000015258789,13.59000015258789,13.59000015258789,13.59000015258789,8000,0.0,0.0,0.0
2025-07-08 04:40:00+00:00,13.59000015258789,13.59000015258789,13.59000015258789,13.59000015258789,8370,0.0,0.0,0.0
2025-07-08 04:45:00+00:00,13.59000015258789,13.59000015258789,13.569999694824219,13.579999923706055,22043,0.0,0.0,0.0
2025-07-08 04:50:00+00:00,13.569999694824219,13.579999923706055,13.569999694824219,13.569999694824219,10379,0.0,0.0,0.0
2025-07-08 04:55:00+00:00,13.579999923706055,13.579999923706055,13.579999923706055,13.579999923706055,1727,0.0,0.0,0.0
2025-07-08 05:00:00+00:00,13.579999923706055,13.579999923706055,13.579999923706055,13.579999923706055,2010,0.0,0.0,0.0
2025-07-08 05:05:00+00:00,13.579999923706055,13.579999923706055,13.579999923706055,13.579999923706055,8390,0.0,0.0,0.0
2025-07-08 05:10:00+00:00,13.579999923706055,13.579999923706055,13.579999923706055,13.579999923706055,36559,0.0,0.0,0.0
2025-07-08 05:15:00+00:00,13.59000015258789,13.59000015258789,13.579999923706055,13.59000015258789,17078,0.0,0.0,0.0
2025-07-08 05:20:00+00:00,13.59000015258789,13.59000015258789,13.579999923706055,13.59000015258789,15100,0.0,0.0,0.0
2025-07-09 01:00:00+00:00,13.579999923706055,13.609999656677246,13.579999923706055,13.609999656677246,0,0.0,0.0,0.0
2025-07-09 01:05:00+00:00,13.619999885559082,13.640000343322754,13.619999885559082,13.640000343322754,8560,0.0,0.0,0.0
2025-07-09 01:10:00+00:00,13.640000343322754,13.640000343322754,13.619999885559082,13.640000343322754,61471,0.0,0.0,0.0
2025-07-09 01:15:00+00:00,13.640000343322754,13.640000343322754,13.640000343322754,13.640000343322754,63237,0.0,0.0,0.0
2025-07-09 01:20:00+00:00,13.640000343322754,13.640000343322754,13.640000343322754,13.640000343322754,22374,0.0,0.0,0.0
2025-07-09 01:25:00+00:00,13.630000114440918,13.630000114440918,13.630000114440918,13.630000114440918,13018,0.0,0.0,0.0
2025-07-09 01:30:00+00:00,13.640000343322754,13.640000343322754,13.630000114440918,13.630000114440918,117502,0.0,0.0,0.0
2025-07-09 01:35:00+00:00,13.640000343322754,13.65999984741211,13.640000343322754,13.65999984741211,246041,0.0,0.0,0.0
2025-07-09 01:40:00+00:00,13.65999984741211,13.65999984741211,13.65999984741211,13.65999984741211,24040,0.0,0.0,0.0
2025-07-09 01:45:00+00:00,13.65999984741211,13.670000076293945,13.65999984741211,13.65999984741211,38289,0.0,0.0,0.0
2025-07-09 01:50:00+00:00,13.65999984741211,13.6899995803833,13.65999984741211,13.6899995803833,177113,0.0,0.0,0.0
2025-07-09 01:55:00+00:00,13.6899995803833,13.720000267028809,13.6899995803833,13.720000267028809,289885,0.0,0.0,0.0
2025-07-09 02:00:00+00:00,13.720000267028809,13.75,13.720000267028809,13.739999771118164,33215,0.0,0.0,0.0
2025-07-09 02:05:00+00:00,13.739999771118164,13.739999771118164,13.729999542236328,13.729999542236328,93615,0.0,0.0,0.0
2025-07-09 02:10:00+00:00,13.739999771118164,13.739999771118164,13.729999542236328,13.729999542236328,14040,0.0,0.0,0.0
2025-07-09 02:15:00+00:00,13.729999542236328,13.729999542236328,13.720000267028809,13.720000267028809,5479,0.0,0.0,0.0
2025-07-09 02:20:00+00:00,13.729999542236328,13.729999542236328,13.710000038146973,13.710000038146973,22071,0.0,0.0,0.0
2025-07-09 02:25:00+00:00,13.710000038146973,13.720000267028809,13.710000038146973,13.720000267028809,97040,0.0,0.0,0.0
2025-07-09 02:30:00+00:00,13.720000267028809,13.720000267028809,13.710000038146973,13.710000038146973,18143,0.0,0.0,0.0
2025-07-09 02:35:00+00:00,13.720000267028809,13.720000267028809,13.720000267028809,13.720000267028809,9529,0.0,0.0,0.0
2025-07-09 02:40:00+00:00,13.720000267028809,13.720000267028809,13.720000267028809,13.720000267028809,57155,0.0,0.0,0.0
2025-07-09 02:45:00+00:00,13.720000267028809,13.729999542236328,13.720000267028809,13.729999542236328,5150,0.0,0.0,0.0
2025-07-09 02:50:00+00:00,13.720000267028809,13.720000267028809,13.720000267028809,13.720000267028809,9561,0.0,0.0,0.0
2025-07-09 02:55:00+00:00,13.720000267028809,13.720000267028809,13.720000267028809,13.720000267028809,21029,0.0,0.0,0.0
2025-07-09 03:00:00+00:00,13.729999542236328,13.729999542236328,13.710000038146973,13.710000038146973,15493,0.0,0.0,0.0
2025-07-09 03:05:00+00:00,13.729999542236328,13.729999542236328,13.729999542236328,13.729999542236328,11451,0.0,0.0,0.0
2025-07-09 03:15:00+00:00,13.720000267028809,13.720000267028809,13.720000267028809,13.720000267028809,1641,0.0,0.0,0.0
2025-07-09 03:20:00+00:00,13.720000267028809,13.720000267028809,13.710000038146973,13.710000038146973,3553,0.0,0.0,0.0
2025-07-09 03:25:00+00:00,13.710000038146973,13.710000038146973,13.710000038146973,13.710000038146973,23010,0.0,0.0,0.0
2025-07-09 03:30:00+00:00,13.720000267028809,13.720000267028809,13.720000267028809,13.720000267028809,3706,0.0,0.0,0.0
2025-07-09 03:35:00+00:00,13.710000038146973,13.710000038146973,13.710000038146973,13.710000038146973,14131,0.0,0.0,0.0
2025-07-09 03:40:00+00:00,13.720000267028809,13.720000267028809,13.710000038146973,13.710000038146973,2464,0.0,0.0,0.0
2025-07-09 03:45:00+00:00,13.710000038146973,13.710000038146973,13.699999809265137,13.699999809265137,32019,0.0,0.0,0.0
2025-07-09 03:50:00+00:00,13.699999809265137,13.720000267028809,13.699999809265137,13.720000267028809,9052,0.0,0.0,0.0
2025-07-09 03:55:00+00:00,13.720000267028809,13.720000267028809,13.710000038146973,13.710000038146973,34040,0.0,0.0,0.0
2025-07-09 04:00:00+00:00,13.710000038146973,13.720000267028809,13.710000038146973,13.720000267028809,96064,0.0,0.0,0.0
2025-07-09 04:05:00+00:00,13.729999542236328,13.729999542236328,13.729999542236328,13.729999542236328,9921,0.0,0.0,0.0
2025-07-09 04:10:00+00:00,13.729999542236328,13.729999542236328,13.729999542236328,13.729999542236328,113390,0.0,0.0,0.0
2025-07-09 04:15:00+00:00,13.729999542236328,13.729999542236328,13.729999542236328,13.729999542236328,19149,0.0,0.0,0.0
2025-07-09 04:20:00+00:00,13.729999542236328,13.729999542236328,13.729999542236328,13.729999542236328,39041,0.0,0.0,0.0
2025-07-09 04:25:00+00:00,13.729999542236328,13.729999542236328,13.729999542236328,13.729999542236328,17170,0.0,0.0,0.0
2025-07-09 04:30:00+00:00,13.729999542236328,13.729999542236328,13.729999542236328,13.729999542236328,29036,0.0,0.0,0.0
2025-07-09 04:35:00+00:00,13.729999542236328,13.75,13.729999542236328,13.75,279550,0.0,0.0,0.0
2025-07-09 04:40:00+00:00,13.75,13.760000228881836,13.75,13.760000228881836,42475,0.0,0.0,0.0
2025-07-09 04:45:00+00:00,13.760000228881836,13.760000228881836,13.760000228881836,13.760000228881836,27380,0.0,0.0,0.0
2025-07-09 04:50:00+00:00,13.760000228881836,13.760000228881836,13.760000228881836,13.760000228881836,5162,0.0,0.0,0.0
2025-07-09 04:55:00+00:00,13.760000228881836,13.760000228881836,13.760000228881836,13.760000228881836,11307,0.0,0.0,0.0
2025-07-09 05:00:00+00:00,13.760000228881836,13.779999732971191,13.760000228881836,13.770000457763672,93362,0.0,0.0,0.0
2025-07-09 05:05:00+00:00,13.770000457763672,13.770000457763672,13.770000457763672,13.770000457763672,8215,0.0,0.0,0.0
2025-07-09 05:10:00+00:00,13.770000457763672,13.779999732971191,13.770000457763672,13.770000457763672,92591,0.0,0.0,0.0
2025-07-09 05:15:00+00:00,13.779999732971191,13.779999732971191,13.770000457763672,13.770000457763672,33456,0.0,0.0,0.0
2025-07-09 05:20:00+00:00,13.760000228881836,13.770000457763672,13.760000228881836,13.770000457763672,42810,0.0,0.0,0.0
2025-07-10 01:00:00+00:00,13.789999961853027,13.800000190734863,13.779999732971191,13.789999961853027,0,0.0,0.0,0.0
2025-07-10 01:05:00+00:00,13.789999961853027,13.800000190734863,13.789999961853027,13.789999961853027,200154,0.0,0.0,0.0
2025-07-10 01:10:00+00:00,13.800000190734863,13.800000190734863,13.789999961853027,13.789999961853027,74181,0.0,0.0,0.0
2025-07-10 01:15:00+00:00,13.789999961853027,13.800000190734863,13.789999961853027,13.789999961853027,129940,0.0,0.0,0.0
2025-07-10 01:20:00+00:00,13.789999961853027,13.829999923706055,13.789999961853027,13.819999694824219,239347,0.0,0.0,0.0
2025-07-10 01:25:00+00:00,13.819999694824219,13.829999923706055,13.819999694824219,13.819999694824219,13201,0.0,0.0,0.0
2025-07-10 01:30:00+00:00,13.829999923706055,13.829999923706055,13.819999694824219,13.829999923706055,75443,0.0,0.0,0.0
2025-07-10 01:35:00+00:00,13.84000015258789,13.84000015258789,13.829999923706055,13.84000015258789,9712,0.0,0.0,0.0
2025-07-10 01:40:00+00:00,13.84000015258789,13.84000015258789,13.829999923706055,13.829999923706055,6251,0.0,0.0,0.0
2025-07-10 01:45:00+00:00,13.84000015258789,13.84000015258789,13.819999694824219,13.829999923706055,58374,0.0,0.0,0.0
2025-07-10 01:50:00+00:00,13.829999923706055,13.829999923706055,13.8100004196167,13.819999694824219,55114,0.0,0.0,0.0
2025-07-10 01:55:00+00:00,13.829999923706055,13.829999923706055,13.8100004196167,13.819999694824219,16011,0.0,0.0,0.0
2025-07-10 02:00:00+00:00,13.829999923706055,13.829999923706055,13.8100004196167,13.819999694824219,31209,0.0,0.0,0.0
2025-07-10 02:05:00+00:00,13.829999923706055,13.84000015258789,13.829999923706055,13.829999923706055,147381,0.0,0.0,0.0
2025-07-10 02:10:00+00:00,13.829999923706055,13.84000015258789,13.829999923706055,13.829999923706055,6304,0.0,0.0,0.0
2025-07-10 02:15:00+00:00,13.829999923706055,13.84000015258789,13.819999694824219,13.829999923706055,64166,0.0,0.0,0.0
2025-07-10 02:20:00+00:00,13.829999923706055,13.829999923706055,13.819999694824219,13.819999694824219,10402,0.0,0.0,0.0
2025-07-10 02:25:00+00:00,13.819999694824219,13.84000015258789,13.819999694824219,13.84000015258789,588856,0.0,0.0,0.0
2025-07-10 02:30:00+00:00,13.850000381469727,13.859999656677246,13.850000381469727,13.850000381469727,212364,0.0,0.0,0.0
2025-07-10 02:35:00+00:00,13.84000015258789,13.84000015258789,13.84000015258789,13.84000015258789,77102,0.0,0.0,0.0
2025-07-10 02:40:00+00:00,13.850000381469727,13.850000381469727,13.829999923706055,13.829999923706055,14524,0.0,0.0,0.0
2025-07-10 02:45:00+00:00,13.84000015258789,13.84000015258789,13.829999923706055,13.829999923706055,3673,0.0,0.0,0.0
2025-07-10 02:50:00+00:00,13.829999923706055,13.829999923706055,13.819999694824219,13.829999923706055,30101,0.0,0.0,0.0
2025-07-10 02:55:00+00:00,13.84000015258789,13.84000015258789,13.829999923706055,13.829999923706055,7363,0.0,0.0,0.0
2025-07-10 03:00:00+00:00,13.84000015258789,13.84000015258789,13.829999923706055,13.829999923706055,7733,0.0,0.0,0.0
2025-07-10 03:05:00+00:00,13.829999923706055,13.829999923706055,13.829999923706055,13.829999923706055,19072,0.0,0.0,0.0
2025-07-10 03:10:00+00:00,13.829999923706055,13.84000015258789,13.829999923706055,13.84000015258789,59001,0.0,0.0,0.0
2025-07-10 03:15:00+00:00,13.84000015258789,13.84000015258789,13.829999923706055,13.829999923706055,3041,0.0,0.0,0.0
2025-07-10 03:20:00+00:00,13.84000015258789,13.84000015258789,13.829999923706055,13.829999923706055,2833,0.0,0.0,0.0
2025-07-10 03:25:00+00:00,13.829999923706055,13.829999923706055,13.829999923706055,13.829999923706055,2000,0.0,0.0,0.0
2025-07-10 03:30:00+00:00,13.829999923706055,13.84000015258789,13.819999694824219,13.84000015258789,157363,0.0,0.0,0.0
2025-07-10 03:35:00+00:00,13.84000015258789,13.84000015258789,13.84000015258789,13.84000015258789,1000,0.0,0.0,0.0
2025-07-10 03:40:00+00:00,13.829999923706055,13.829999923706055,13.829999923706055,13.829999923706055,3049,0.0,0.0,0.0
2025-07-10 03:45:00+00:00,13.829999923706055,13.829999923706055,13.829999923706055,13.829999923706055,1468,0.0,0.0,0.0
2025-07-10 03:50:00+00:00,13.829999923706055,13.829999923706055,13.829999923706055,13.829999923706055,49149,0.0,0.0,0.0
2025-07-10 03:55:00+00:00,13.829999923706055,13.850000381469727,13.829999923706055,13.850000381469727,160047,0.0,0.0,0.0
2025-07-10 04:00:00+00:00,13.850000381469727,13.850000381469727,13.84000015258789,13.84000015258789,9147,0.0,0.0,0.0
2025-07-10 04:05:00+00:00,13.84000015258789,13.850000381469727,13.84000015258789,13.850000381469727,155349,0.0,0.0,0.0
2025-07-10 04:10:00+00:00,13.850000381469727,13.850000381469727,13.84000015258789,13.84000015258789,12544,0.0,0.0,0.0
2025-07-10 04:15:00+00:00,13.850000381469727,13.850000381469727,13.84000015258789,13.84000015258789,18248,0.0,0.0,0.0
2025-07-10 04:20:00+00:00,13.850000381469727,13.850000381469727,13.84000015258789,13.850000381469727,12050,0.0,0.0,0.0
2025-07-10 04:25:00+00:00,13.84000015258789,13.850000381469727,13.84000015258789,13.850000381469727,186037,0.0,0.0,0.0
2025-07-10 04:30:00+00:00,13.850000381469727,13.850000381469727,13.850000381469727,13.850000381469727,6450,0.0,0.0,0.0
2025-07-10 04:35:00+00:00,13.850000381469727,13.859999656677246,13.850000381469727,13.859999656677246,28372,0.0,0.0,0.0
2025-07-10 04:40:00+00:00,13.850000381469727,13.850000381469727,13.850000381469727,13.850000381469727,24310,0.0,0.0,0.0
2025-07-10 04:45:00+00:00,13.850000381469727,13.850000381469727,13.84000015258789,13.850000381469727,48144,0.0,0.0,0.0
2025-07-10 04:50:00+00:00,13.84000015258789,13.84000015258789,13.84000015258789,13.84000015258789,63172,0.0,0.0,0.0
2025-07-10 04:55:00+00:00,13.84000015258789,13.850000381469727,13.84000015258789,13.850000381469727,103500,0.0,0.0,0.0
2025-07-10 05:00:00+00:00,13.859999656677246,13.859999656677246,13.850000381469727,13.850000381469727,9466,0.0,0.0,0.0
2025-07-10 05:05:00+00:00,13.850000381469727,13.859999656677246,13.850000381469727,13.850000381469727,73015,0.0,0.0,0.0
2025-07-10 05:10:00+00:00,13.850000381469727,13.869999885559082,13.850000381469727,13.869999885559082,395643,0.0,0.0,0.0
2025-07-10 05:15:00+00:00,13.869999885559082,13.869999885559082,13.859999656677246,13.859999656677246,196963,0.0,0.0,0.0
2025-07-10 05:20:00+00:00,13.859999656677246,13.859999656677246,13.850000381469727,13.850000381469727,80363,0.0,0.0,0.0
2025-07-11 01:00:00+00:00,13.84000015258789,13.850000381469727,13.829999923706055,13.850000381469727,0,0.0,0.0,0.0
2025-07-11 01:05:00+00:00,13.850000381469727,13.850000381469727,13.84000015258789,13.850000381469727,25340,0.0,0.0,0.0
2025-07-11 01:10:00+00:00,13.850000381469727,13.859999656677246,13.850000381469727,13.859999656677246,322654,0.0,0.0,0.0
2025-07-11 01:15:00+00:00,13.859999656677246,13.859999656677246,13.850000381469727,13.859999656677246,48071,0.0,0.0,0.0
2025-07-11 01:20:00+00:00,13.850000381469727,13.859999656677246,13.850000381469727,13.859999656677246,42573,0.0,0.0,0.0
2025-07-11 01:25:00+00:00,13.850000381469727,13.859999656677246,13.850000381469727,13.859999656677246,93329,0.0,0.0,0.0
2025-07-11 01:30:00+00:00,13.859999656677246,13.869999885559082,13.859999656677246,13.869999885559082,140055,0.0,0.0,0.0
2025-07-11 01:35:00+00:00,13.869999885559082,13.880000114440918,13.869999885559082,13.880000114440918,217321,0.0,0.0,0.0
2025-07-11 01:40:00+00:00,13.880000114440918,13.890000343322754,13.880000114440918,13.880000114440918,78330,0.0,0.0,0.0
2025-07-11 01:45:00+00:00,13.880000114440918,13.890000343322754,13.869999885559082,13.890000343322754,66925,0.0,0.0,0.0
2025-07-11 01:50:00+00:00,13.880000114440918,13.880000114440918,13.869999885559082,13.880000114440918,42968,0.0,0.0,0.0
2025-07-11 01:55:00+00:00,13.880000114440918,13.880000114440918,13.869999885559082,13.880000114440918,36226,0.0,0.0,0.0
2025-07-11 02:00:00+00:00,13.880000114440918,13.890000343322754,13.880000114440918,13.880000114440918,74268,0.0,0.0,0.0
2025-07-11 02:05:00+00:00,13.890000343322754,13.899999618530273,13.880000114440918,13.890000343322754,88508,0.0,0.0,0.0
2025-07-11 02:10:00+00:00,13.890000343322754,13.890000343322754,13.890000343322754,13.890000343322754,40989,0.0,0.0,0.0
2025-07-11 02:15:00+00:00,13.890000343322754,13.899999618530273,13.890000343322754,13.890000343322754,395655,0.0,0.0,0.0
2025-07-11 02:20:00+00:00,13.890000343322754,13.890000343322754,13.890000343322754,13.890000343322754,10039,0.0,0.0,0.0
2025-07-11 02:25:00+00:00,13.890000343322754,13.899999618530273,13.890000343322754,13.890000343322754,16979,0.0,0.0,0.0
2025-07-11 02:30:00+00:00,13.890000343322754,13.890000343322754,13.880000114440918,13.890000343322754,8221,0.0,0.0,0.0
2025-07-11 02:35:00+00:00,13.880000114440918,13.890000343322754,13.880000114440918,13.880000114440918,58727,0.0,0.0,0.0
2025-07-11 02:40:00+00:00,13.880000114440918,13.880000114440918,13.880000114440918,13.880000114440918,22170,0.0,0.0,0.0
2025-07-11 02:45:00+00:00,13.880000114440918,13.890000343322754,13.880000114440918,13.890000343322754,60106,0.0,0.0,0.0
2025-07-11 02:50:00+00:00,13.890000343322754,13.899999618530273,13.890000343322754,13.899999618530273,184264,0.0,0.0,0.0
2025-07-11 02:55:00+00:00,13.890000343322754,13.90999984741211,13.890000343322754,13.90999984741211,141434,0.0,0.0,0.0
2025-07-11 03:00:00+00:00,13.899999618530273,13.90999984741211,13.890000343322754,13.90999984741211,109201,0.0,0.0,0.0
2025-07-11 03:05:00+00:00,13.90999984741211,13.90999984741211,13.899999618530273,13.90999984741211,216674,0.0,0.0,0.0
2025-07-11 03:10:00+00:00,13.90999984741211,13.90999984741211,13.90999984741211,13.90999984741211,16659,0.0,0.0,0.0
2025-07-11 03:15:00+00:00,13.899999618530273,13.90999984741211,13.899999618530273,13.90999984741211,83380,0.0,0.0,0.0
2025-07-11 03:20:00+00:00,13.899999618530273,13.90999984741211,13.899999618530273,13.90999984741211,29187,0.0,0.0,0.0
2025-07-11 03:25:00+00:00,13.90999984741211,13.920000076293945,13.90999984741211,13.920000076293945,62515,0.0,0.0,0.0
2025-07-11 03:30:00+00:00,13.920000076293945,13.920000076293945,13.90999984741211,13.920000076293945,308597,0.0,0.0,0.0
2025-07-11 03:35:00+00:00,13.920000076293945,13.920000076293945,13.90999984741211,13.90999984741211,24370,0.0,0.0,0.0
2025-07-11 03:40:00+00:00,13.90999984741211,13.90999984741211,13.90999984741211,13.90999984741211,18256,0.0,0.0,0.0
2025-07-11 03:45:00+00:00,13.90999984741211,13.90999984741211,13.90999984741211,13.90999984741211,45064,0.0,0.0,0.0
2025-07-11 03:50:00+00:00,13.90999984741211,13.920000076293945,13.90999984741211,13.920000076293945,47092,0.0,0.0,0.0
2025-07-11 03:55:00+00:00,13.920000076293945,13.930000305175781,13.90999984741211,13.930000305175781,98344,0.0,0.0,0.0
2025-07-11 04:00:00+00:00,13.930000305175781,13.930000305175781,13.920000076293945,13.920000076293945,46453,0.0,0.0,0.0
2025-07-11 04:05:00+00:00,13.920000076293945,13.920000076293945,13.920000076293945,13.920000076293945,18024,0.0,0.0,0.0
2025-07-11 04:10:00+00:00,13.920000076293945,13.920000076293945,13.90999984741211,13.920000076293945,58613,0.0,0.0,0.0
2025-07-11 04:15:00+00:00,13.920000076293945,13.930000305175781,13.920000076293945,13.930000305175781,11001,0.0,0.0,0.0
2025-07-11 04:20:00+00:00,13.930000305175781,13.930000305175781,13.920000076293945,13.920000076293945,13976,0.0,0.0,0.0
2025-07-11 04:25:00+00:00,13.930000305175781,13.930000305175781,13.920000076293945,13.920000076293945,31563,0.0,0.0,0.0
2025-07-11 04:30:00+00:00,13.930000305175781,13.930000305175781,13.920000076293945,13.930000305175781,39079,0.0,0.0,0.0
2025-07-11 04:35:00+00:00,13.920000076293945,13.930000305175781,13.920000076293945,13.920000076293945,9802,0.0,0.0,0.0
2025-07-11 04:40:00+00:00,13.920000076293945,13.920000076293945,13.90999984741211,13.90999984741211,73696,0.0,0.0,0.0
2025-07-11 04:45:00+00:00,13.90999984741211,13.90999984741211,13.90999984741211,13.90999984741211,33866,0.0,0.0,0.0
2025-07-11 04:50:00+00:00,13.90999984741211,13.920000076293945,13.90999984741211,13.920000076293945,50705,0.0,0.0,0.0
2025-07-11 04:55:00+00:00,13.920000076293945,13.920000076293945,13.90999984741211,13.90999984741211,27479,0.0,0.0,0.0
2025-07-11 05:00:00+00:00,13.90999984741211,13.920000076293945,13.90999984741211,13.920000076293945,220359,0.0,0.0,0.0
2025-07-11 05:05:00+00:00,13.90999984741211,13.920000076293945,13.90999984741211,13.920000076293945,98754,0.0,0.0,0.0
2025-07-11 05:10:00+00:00,13.920000076293945,13.920000076293945,13.90999984741211,13.90999984741211,39085,0.0,0.0,0.0
2025-07-11 05:15:00+00:00,13.920000076293945,13.920000076293945,13.90999984741211,13.920000076293945,290125,0.0,0.0,0.0
2025-07-11 05:20:00+00:00,13.920000076293945,13.930000305175781,13.920000076293945,13.930000305175781,33869,0.0,0.0,0.0
2025-07-14 01:00:00+00:00,13.920000076293945,13.920000076293945,13.899999618530273,13.899999618530273,0,0.0,0.0,0.0
2025-07-14 01:05:00+00:00,13.899999618530273,13.899999618530273,13.850000381469727,13.850000381469727,35946,0.0,0.0,0.0
2025-07-14 01:10:00+00:00,13.859999656677246,13.859999656677246,13.84000015258789,13.84000015258789,61568,0.0,0.0,0.0
2025-07-14 01:15:00+00:00,13.84000015258789,13.850000381469727,13.829999923706055,13.850000381469727,139139,0.0,0.0,0.0
2025-07-14 01:20:00+00:00,13.850000381469727,13.850000381469727,13.84000015258789,13.850000381469727,57858,0.0,0.0,0.0
2025-07-14 01:25:00+00:00,13.84000015258789,13.850000381469727,13.84000015258789,13.84000015258789,22499,0.0,0.0,0.0
2025-07-14 01:30:00+00:00,13.850000381469727,13.850000381469727,13.84000015258789,13.84000015258789,31725,0.0,0.0,0.0
2025-07-14 01:35:00+00:00,13.84000015258789,13.850000381469727,13.84000015258789,13.84000015258789,25267,0.0,0.0,0.0
2025-07-14 01:40:00+00:00,13.84000015258789,13.850000381469727,13.84000015258789,13.84000015258789,30183,0.0,0.0,0.0
2025-07-14 01:45:00+00:00,13.850000381469727,13.850000381469727,13.850000381469727,13.850000381469727,19143,0.0,0.0,0.0
2025-07-14 01:50:00+00:00,13.850000381469727,13.850000381469727,13.850000381469727,13.850000381469727,11286,0.0,0.0,0.0
2025-07-14 01:55:00+00:00,13.850000381469727,13.850000381469727,13.84000015258789,13.84000015258789,6122,0.0,0.0,0.0
2025-07-14 02:00:00+00:00,13.850000381469727,13.850000381469727,13.84000015258789,13.84000015258789,17263,0.0,0.0,0.0
2025-07-14 02:05:00+00:00,13.84000015258789,13.850000381469727,13.84000015258789,13.84000015258789,23573,0.0,0.0,0.0
2025-07-14 02:10:00+00:00,13.829999923706055,13.84000015258789,13.829999923706055,13.84000015258789,5498,0.0,0.0,0.0
2025-07-14 02:15:00+00:00,13.84000015258789,13.84000015258789,13.829999923706055,13.84000015258789,8540,0.0,0.0,0.0
2025-07-14 02:20:00+00:00,13.84000015258789,13.850000381469727,13.84000015258789,13.850000381469727,47219,0.0,0.0,0.0
2025-07-14 02:25:00+00:00,13.850000381469727,13.859999656677246,13.850000381469727,13.850000381469727,70032,0.0,0.0,0.0
2025-07-14 02:30:00+00:00,13.850000381469727,13.850000381469727,13.829999923706055,13.829999923706055,73198,0.0,0.0,0.0
2025-07-14 02:35:00+00:00,13.829999923706055,13.84000015258789,13.829999923706055,13.829999923706055,5068,0.0,0.0,0.0
2025-07-14 02:40:00+00:00,13.829999923706055,13.829999923706055,13.819999694824219,13.819999694824219,24141,0.0,0.0,0.0
2025-07-14 02:45:00+00:00,13.829999923706055,13.829999923706055,13.819999694824219,13.819999694824219,14877,0.0,0.0,0.0
2025-07-14 02:50:00+00:00,13.819999694824219,13.829999923706055,13.819999694824219,13.829999923706055,8359,0.0,0.0,0.0
2025-07-14 02:55:00+00:00,13.819999694824219,13.819999694824219,13.819999694824219,13.819999694824219,5350,0.0,0.0,0.0
2025-07-14 03:00:00+00:00,13.829999923706055,13.829999923706055,13.819999694824219,13.819999694824219,11375,0.0,0.0,0.0
2025-07-14 03:05:00+00:00,13.8100004196167,13.819999694824219,13.8100004196167,13.819999694824219,93779,0.0,0.0,0.0
2025-07-14 03:10:00+00:00,13.829999923706055,13.829999923706055,13.829999923706055,13.829999923706055,24381,0.0,0.0,0.0
2025-07-14 03:15:00+00:00,13.829999923706055,13.829999923706055,13.8100004196167,13.829999923706055,6031,0.0,0.0,0.0
2025-07-14 03:20:00+00:00,13.829999923706055,13.829999923706055,13.829999923706055,13.829999923706055,9149,0.0,0.0,0.0
2025-07-14 03:25:00+00:00,13.8100004196167,13.8100004196167,13.8100004196167,13.8100004196167,5562,0.0,0.0,0.0
2025-07-14 03:30:00+00:00,13.829999923706055,13.829999923706055,13.829999923706055,13.829999923706055,4263,0.0,0.0,0.0
2025-07-14 03:35:00+00:00,13.829999923706055,13.829999923706055,13.829999923706055,13.829999923706055,3012,0.0,0.0,0.0
2025-07-14 03:40:00+00:00,13.829999923706055,13.829999923706055,13.829999923706055,13.829999923706055,1013,0.0,0.0,0.0
2025-07-14 03:45:00+00:00,13.829999923706055,13.829999923706055,13.819999694824219,13.819999694824219,9096,0.0,0.0,0.0
2025-07-14 03:50:00+00:00,13.829999923706055,13.829999923706055,13.829999923706055,13.829999923706055,1225,0.0,0.0,0.0
2025-07-14 03:55:00+00:00,13.829999923706055,13.829999923706055,13.829999923706055,13.829999923706055,12010,0.0,0.0,0.0
2025-07-14 04:00:00+00:00,13.829999923706055,13.829999923706055,13.819999694824219,13.819999694824219,5170,0.0,0.0,0.0
2025-07-14 04:05:00+00:00,13.829999923706055,13.829999923706055,13.829999923706055,13.829999923706055,3430,0.0,0.0,0.0
2025-07-14 04:10:00+00:00,13.829999923706055,13.829999923706055,13.829999923706055,13.829999923706055,7224,0.0,0.0,0.0
2025-07-14 04:15:00+00:00,13.819999694824219,13.829999923706055,13.819999694824219,13.819999694824219,6334,0.0,0.0,0.0
2025-07-14 04:20:00+00:00,13.829999923706055,13.829999923706055,13.829999923706055,13.829999923706055,3652,0.0,0.0,0.0
2025-07-14 04:30:00+00:00,13.829999923706055,13.84000015258789,13.819999694824219,13.84000015258789,105352,0.0,0.0,0.0
2025-07-14 04:35:00+00:00,13.829999923706055,13.829999923706055,13.829999923706055,13.829999923706055,10480,0.0,0.0,0.0
2025-07-14 04:40:00+00:00,13.84000015258789,13.84000015258789,13.829999923706055,13.829999923706055,9120,0.0,0.0,0.0
2025-07-14 04:45:00+00:00,13.829999923706055,13.829999923706055,13.819999694824219,13.819999694824219,24729,0.0,0.0,0.0
2025-07-14 04:50:00+00:00,13.829999923706055,13.829999923706055,13.829999923706055,13.829999923706055,4610,0.0,0.0,0.0
2025-07-14 04:55:00+00:00,13.819999694824219,13.819999694824219,13.819999694824219,13.819999694824219,434036,0.0,0.0,0.0
2025-07-14 05:00:00+00:00,13.819999694824219,13.819999694824219,13.8100004196167,13.8100004196167,7400,0.0,0.0,0.0
2025-07-14 05:05:00+00:00,13.8100004196167,13.819999694824219,13.8100004196167,13.819999694824219,53390,0.0,0.0,0.0
2025-07-14 05:10:00+00:00,13.819999694824219,13.819999694824219,13.8100004196167,13.8100004196167,34260,0.0,0.0,0.0
2025-07-14 05:15:00+00:00,13.819999694824219,13.819999694824219,13.8100004196167,13.8100004196167,54407,0.0,0.0,0.0
2025-07-14 05:20:00+00:00,13.8100004196167,13.8100004196167,13.8100004196167,13.8100004196167,10212,0.0,0.0,0.0
2025-07-15 01:00:00+00:00,13.819999694824219,13.829999923706055,13.819999694824219,13.829999923706055,0,0.0,0.0,0.0
2025-07-15 01:05:00+00:00,13.84000015258789,13.859999656677246,13.84000015258789,13.859999656677246,7000,0.0,0.0,0.0
2025-07-15 01:10:00+00:00,13.859999656677246,13.859999656677246,13.850000381469727,13.859999656677246,31253,0.0,0.0,0.0
2025-07-15 01:15:00+00:00,13.850000381469727,13.869999885559082,13.850000381469727,13.859999656677246,74311,0.0,0.0,0.0
2025-07-15 01:20:00+00:00,13.859999656677246,13.859999656677246,13.850000381469727,13.850000381469727,19035,0.0,0.0,0.0
2025-07-15 01:25:00+00:00,13.850000381469727,13.869999885559082,13.850000381469727,13.869999885559082,108105,0.0,0.0,0.0
2025-07-15 01:30:00+00:00,13.869999885559082,13.880000114440918,13.859999656677246,13.880000114440918,23965,0.0,0.0,0.0
2025-07-15 01:35:00+00:00,13.880000114440918,13.880000114440918,13.880000114440918,13.880000114440918,9231,0.0,0.0,0.0
2025-07-15 01:40:00+00:00,13.880000114440918,13.880000114440918,13.859999656677246,13.880000114440918,111040,0.0,0.0,0.0
2025-07-15 01:45:00+00:00,13.890000343322754,13.899999618530273,13.890000343322754,13.899999618530273,261980,0.0,0.0,0.0
2025-07-15 01:50:00+00:00,13.899999618530273,13.920000076293945,13.899999618530273,13.920000076293945,152921,0.0,0.0,0.0
2025-07-15 01:55:00+00:00,13.90999984741211,13.949999809265137,13.90999984741211,13.949999809265137,408196,0.0,0.0,0.0
2025-07-15 02:00:00+00:00,13.949999809265137,13.970000267028809,13.949999809265137,13.960000038146973,143801,0.0,0.0,0.0
2025-07-15 02:05:00+00:00,13.960000038146973,13.970000267028809,13.949999809265137,13.970000267028809,134904,0.0,0.0,0.0
2025-07-15 02:10:00+00:00,13.970000267028809,13.979999542236328,13.970000267028809,13.970000267028809,68173,0.0,0.0,0.0
2025-07-15 02:15:00+00:00,13.979999542236328,13.979999542236328,13.9399995803833,13.9399995803833,222339,0.0,0.0,0.0
2025-07-15 02:20:00+00:00,13.9399995803833,13.949999809265137,13.9399995803833,13.949999809265137,27035,0.0,0.0,0.0
2025-07-15 02:25:00+00:00,13.9399995803833,13.949999809265137,13.930000305175781,13.9399995803833,53434,0.0,0.0,0.0
2025-07-15 02:30:00+00:00,13.9399995803833,13.9399995803833,13.930000305175781,13.930000305175781,6329,0.0,0.0,0.0
2025-07-15 02:35:00+00:00,13.920000076293945,13.930000305175781,13.920000076293945,13.920000076293945,24488,0.0,0.0,0.0
2025-07-15 02:40:00+00:00,13.920000076293945,13.930000305175781,13.920000076293945,13.930000305175781,52015,0.0,0.0,0.0
2025-07-15 02:45:00+00:00,13.9399995803833,13.9399995803833,13.930000305175781,13.9399995803833,14467,0.0,0.0,0.0
2025-07-15 02:50:00+00:00,13.930000305175781,13.9399995803833,13.930000305175781,13.9399995803833,12424,0.0,0.0,0.0
2025-07-15 02:55:00+00:00,13.9399995803833,13.9399995803833,13.90999984741211,13.920000076293945,50590,0.0,0.0,0.0
2025-07-15 03:00:00+00:00,13.930000305175781,13.9399995803833,13.930000305175781,13.9399995803833,39048,0.0,0.0,0.0
2025-07-15 03:05:00+00:00,13.930000305175781,13.9399995803833,13.930000305175781,13.9399995803833,131418,0.0,0.0,0.0
2025-07-15 03:10:00+00:00,13.930000305175781,13.9399995803833,13.930000305175781,13.930000305175781,27306,0.0,0.0,0.0
2025-07-15 03:15:00+00:00,13.9399995803833,13.9399995803833,13.930000305175781,13.9399995803833,39638,0.0,0.0,0.0
2025-07-15 03:20:00+00:00,13.930000305175781,13.9399995803833,13.930000305175781,13.930000305175781,49105,0.0,0.0,0.0
2025-07-15 03:25:00+00:00,13.930000305175781,13.949999809265137,13.930000305175781,13.949999809265137,213305,0.0,0.0,0.0
2025-07-15 03:30:00+00:00,13.949999809265137,13.960000038146973,13.949999809265137,13.949999809265137,178734,0.0,0.0,0.0
2025-07-15 03:35:00+00:00,13.949999809265137,13.949999809265137,13.949999809265137,13.949999809265137,24266,0.0,0.0,0.0
2025-07-15 03:40:00+00:00,13.949999809265137,13.949999809265137,13.949999809265137,13.949999809265137,69008,0.0,0.0,0.0
2025-07-15 03:45:00+00:00,13.949999809265137,13.960000038146973,13.949999809265137,13.949999809265137,14761,0.0,0.0,0.0
2025-07-15 03:50:00+00:00,13.9399995803833,13.949999809265137,13.9399995803833,13.949999809265137,12333,0.0,0.0,0.0
2025-07-15 03:55:00+00:00,13.949999809265137,13.949999809265137,13.930000305175781,13.930000305175781,23189,0.0,0.0,0.0
2025-07-15 04:00:00+00:00,13.949999809265137,13.949999809265137,13.949999809265137,13.949999809265137,2651,0.0,0.0,0.0
2025-07-15 04:05:00+00:00,13.949999809265137,13.949999809265137,13.9399995803833,13.9399995803833,30267,0.0,0.0,0.0
2025-07-15 04:10:00+00:00,13.9399995803833,13.9399995803833,13.9399995803833,13.9399995803833,8054,0.0,0.0,0.0
2025-07-15 04:15:00+00:00,13.9399995803833,13.9399995803833,13.930000305175781,13.930000305175781,31630,0.0,0.0,0.0
2025-07-15 04:20:00+00:00,13.930000305175781,13.949999809265137,13.930000305175781,13.949999809265137,66039,0.0,0.0,0.0
2025-07-15 04:25:00+00:00,13.949999809265137,13.949999809265137,13.949999809265137,13.949999809265137,2326,0.0,0.0,0.0
2025-07-15 04:30:00+00:00,13.949999809265137,13.949999809265137,13.9399995803833,13.9399995803833,39756,0.0,0.0,0.0
2025-07-15 04:35:00+00:00,13.9399995803833,13.949999809265137,13.9399995803833,13.949999809265137,213580,0.0,0.0,0.0
2025-07-15 04:40:00+00:00,13.9399995803833,13.949999809265137,13.9399995803833,13.949999809265137,7483,0.0,0.0,0.0
2025-07-15 04:45:00+00:00,13.949999809265137,13.949999809265137,13.949999809265137,13.949999809265137,99321,0.0,0.0,0.0
2025-07-15 04:50:00+00:00,13.949999809265137,13.949999809265137,13.949999809265137,13.949999809265137,2010,0.0,0.0,0.0
2025-07-15 04:55:00+00:00,13.9399995803833,13.949999809265137,13.9399995803833,13.949999809265137,7871,0.0,0.0,0.0
2025-07-15 05:00:00+00:00,13.9399995803833,13.949999809265137,13.9399995803833,13.949999809265137,167794,0.0,0.0,0.0
2025-07-15 05:05:00+00:00,13.960000038146973,13.970000267028809,13.949999809265137,13.960000038146973,285746,0.0,0.0,0.0
2025-07-15 05:10:00+00:00,13.949999809265137,13.960000038146973,13.949999809265137,13.960000038146973,127061,0.0,0.0,0.0
2025-07-15 05:15:00+00:00,13.970000267028809,13.970000267028809,13.949999809265137,13.949999809265137,32704,0.0,0.0,0.0
2025-07-15 05:20:00+00:00,13.949999809265137,13.960000038146973,13.949999809265137,13.949999809265137,406542,0.0,0.0,0.0
2025-07-16 01:00:00+00:00,13.920000076293945,13.930000305175781,13.899999618530273,13.90999984741211,0,0.0,0.0,0.0
2025-07-16 01:05:00+00:00,13.90999984741211,13.960000038146973,13.90999984741211,13.9399995803833,404000,0.0,0.0,0.0
2025-07-16 01:10:00+00:00,13.949999809265137,13.949999809265137,13.9399995803833,13.949999809265137,271544,0.0,0.0,0.0
2025-07-16 01:15:00+00:00,13.949999809265137,13.970000267028809,13.949999809265137,13.960000038146973,138692,0.0,0.0,0.0
2025-07-16 01:20:00+00:00,13.960000038146973,13.960000038146973,13.949999809265137,13.960000038146973,131603,0.0,0.0,0.0
2025-07-16 01:25:00+00:00,13.960000038146973,13.970000267028809,13.960000038146973,13.960000038146973,34427,0.0,0.0,0.0
2025-07-16 01:30:00+00:00,13.970000267028809,13.970000267028809,13.960000038146973,13.960000038146973,78278,0.0,0.0,0.0
2025-07-16 01:35:00+00:00,13.970000267028809,13.970000267028809,13.960000038146973,13.970000267028809,313857,0.0,0.0,0.0
2025-07-16 01:40:00+00:00,13.970000267028809,13.989999771118164,13.970000267028809,13.989999771118164,289247,0.0,0.0,0.0
2025-07-16 01:45:00+00:00,13.979999542236328,13.989999771118164,13.979999542236328,13.979999542236328,18080,0.0,0.0,0.0
2025-07-16 01:50:00+00:00,13.979999542236328,14.0,13.979999542236328,13.989999771118164,251534,0.0,0.0,0.0
2025-07-16 01:55:00+00:00,14.0,14.0,13.989999771118164,14.0,94165,0.0,0.0,0.0
2025-07-16 02:00:00+00:00,13.989999771118164,14.0,13.989999771118164,13.989999771118164,137337,0.0,0.0,0.0
2025-07-16 02:05:00+00:00,13.989999771118164,13.989999771118164,13.979999542236328,13.989999771118164,28104,0.0,0.0,0.0
2025-07-16 02:10:00+00:00,14.0,14.0,13.989999771118164,13.989999771118164,109036,0.0,0.0,0.0
2025-07-16 02:15:00+00:00,14.0,14.0,13.989999771118164,14.0,953279,0.0,0.0,0.0
2025-07-16 02:20:00+00:00,14.010000228881836,14.010000228881836,14.0,14.0,73060,0.0,0.0,0.0
2025-07-16 02:25:00+00:00,14.0,14.010000228881836,14.0,14.0,211558,0.0,0.0,0.0
2025-07-16 02:30:00+00:00,14.0,14.020000457763672,14.0,14.020000457763672,259591,0.0,0.0,0.0
2025-07-16 02:35:00+00:00,14.020000457763672,14.020000457763672,14.010000228881836,14.010000228881836,41548,0.0,0.0,0.0
2025-07-16 02:40:00+00:00,14.010000228881836,14.020000457763672,14.010000228881836,14.020000457763672,94213,0.0,0.0,0.0
2025-07-16 02:45:00+00:00,14.020000457763672,14.020000457763672,14.010000228881836,14.010000228881836,63260,0.0,0.0,0.0
2025-07-16 02:50:00+00:00,14.010000228881836,14.010000228881836,14.010000228881836,14.010000228881836,58985,0.0,0.0,0.0
2025-07-16 02:55:00+00:00,14.010000228881836,14.010000228881836,14.0,14.0,77344,0.0,0.0,0.0
2025-07-16 03:00:00+00:00,14.0,14.010000228881836,14.0,14.0,85634,0.0,0.0,0.0
2025-07-16 03:05:00+00:00,14.010000228881836,14.020000457763672,14.010000228881836,14.010000228881836,56286,0.0,0.0,0.0
2025-07-16 03:10:00+00:00,14.020000457763672,14.020000457763672,14.010000228881836,14.010000228881836,42037,0.0,0.0,0.0
2025-07-16 03:15:00+00:00,14.010000228881836,14.020000457763672,14.010000228881836,14.020000457763672,331214,0.0,0.0,0.0
2025-07-16 03:20:00+00:00,14.020000457763672,14.020000457763672,14.010000228881836,14.010000228881836,5948,0.0,0.0,0.0
2025-07-16 03:25:00+00:00,14.010000228881836,14.020000457763672,14.010000228881836,14.020000457763672,44055,0.0,0.0,0.0
2025-07-16 03:30:00+00:00,14.020000457763672,14.020000457763672,14.010000228881836,14.010000228881836,5538,0.0,0.0,0.0
2025-07-16 03:35:00+00:00,14.010000228881836,14.020000457763672,14.010000228881836,14.020000457763672,257292,0.0,0.0,0.0
2025-07-16 03:40:00+00:00,14.010000228881836,14.020000457763672,14.010000228881836,14.010000228881836,23014,0.0,0.0,0.0
2025-07-16 03:45:00+00:00,14.010000228881836,14.020000457763672,14.010000228881836,14.010000228881836,38391,0.0,0.0,0.0
2025-07-16 03:50:00+00:00,14.010000228881836,14.010000228881836,14.010000228881836,14.010000228881836,25550,0.0,0.0,0.0
2025-07-16 03:55:00+00:00,14.020000457763672,14.020000457763672,14.010000228881836,14.010000228881836,44423,0.0,0.0,0.0
2025-07-16 04:00:00+00:00,14.020000457763672,14.020000457763672,14.010000228881836,14.020000457763672,319285,0.0,0.0,0.0
2025-07-16 04:05:00+00:00,14.020000457763672,14.020000457763672,14.010000228881836,14.010000228881836,20189,0.0,0.0,0.0
2025-07-16 04:10:00+00:00,14.010000228881836,14.020000457763672,14.010000228881836,14.010000228881836,20524,0.0,0.0,0.0
2025-07-16 04:15:00+00:00,14.010000228881836,14.020000457763672,14.010000228881836,14.020000457763672,21627,0.0,0.0,0.0
2025-07-16 04:20:00+00:00,14.010000228881836,14.010000228881836,14.0,14.0,165331,0.0,0.0,0.0
2025-07-16 04:25:00+00:00,14.0,14.010000228881836,14.0,14.0,50966,0.0,0.0,0.0
2025-07-16 04:30:00+00:00,14.010000228881836,14.010000228881836,14.0,14.0,32205,0.0,0.0,0.0
2025-07-16 04:35:00+00:00,14.0,14.0,14.0,14.0,38576,0.0,0.0,0.0
2025-07-16 04:40:00+00:00,14.0,14.010000228881836,14.0,14.0,68345,0.0,0.0,0.0
2025-07-16 04:45:00+00:00,14.0,14.0,13.989999771118164,14.0,34564,0.0,0.0,0.0
2025-07-16 04:50:00+00:00,14.0,14.0,13.989999771118164,13.989999771118164,38574,0.0,0.0,0.0
2025-07-16 04:55:00+00:00,13.989999771118164,14.0,13.989999771118164,13.989999771118164,65841,0.0,0.0,0.0
2025-07-16 05:00:00+00:00,14.0,14.0,13.989999771118164,13.989999771118164,21000,0.0,0.0,0.0
2025-07-16 05:05:00+00:00,13.989999771118164,14.0,13.989999771118164,14.0,102304,0.0,0.0,0.0
2025-07-16 05:10:00+00:00,13.989999771118164,14.0,13.979999542236328,13.989999771118164,30039,0.0,0.0,0.0
2025-07-16 05:15:00+00:00,14.0,14.0,13.979999542236328,13.979999542236328,127221,0.0,0.0,0.0
2025-07-16 05:20:00+00:00,13.989999771118164,13.989999771118164,13.979999542236328,13.979999542236328,431297,0.0,0.0,0.0
2025-07-17 01:00:00+00:00,14.0,14.020000457763672,14.0,14.010000228881836,0,0.0,0.0,0.0
2025-07-17 01:05:00+00:00,14.010000228881836,14.020000457763672,14.010000228881836,14.010000228881836,115170,0.0,0.0,0.0
2025-07-17 01:10:00+00:00,14.0,14.010000228881836,14.0,14.010000228881836,157024,0.0,0.0,0.0
2025-07-17 01:15:00+00:00,14.010000228881836,14.010000228881836,14.010000228881836,14.010000228881836,82325,0.0,0.0,0.0
2025-07-17 01:20:00+00:00,14.010000228881836,14.020000457763672,14.010000228881836,14.020000457763672,100556,0.0,0.0,0.0
2025-07-17 01:25:00+00:00,14.010000228881836,14.010000228881836,14.0,14.010000228881836,127297,0.0,0.0,0.0
2025-07-17 01:30:00+00:00,14.010000228881836,14.010000228881836,13.949999809265137,13.949999809265137,58323,0.0,0.0,0.0
2025-07-17 01:35:00+00:00,13.949999809265137,13.960000038146973,13.920000076293945,13.930000305175781,110476,0.0,0.0,0.0
2025-07-17 01:40:00+00:00,13.930000305175781,13.960000038146973,13.930000305175781,13.960000038146973,110011,0.0,0.0,0.0
2025-07-17 01:45:00+00:00,13.970000267028809,13.979999542236328,13.970000267028809,13.970000267028809,5493,0.0,0.0,0.0
2025-07-17 01:50:00+00:00,13.970000267028809,13.979999542236328,13.970000267028809,13.979999542236328,38775,0.0,0.0,0.0
2025-07-17 01:55:00+00:00,13.989999771118164,13.989999771118164,13.979999542236328,13.979999542236328,7826,0.0,0.0,0.0
2025-07-17 02:00:00+00:00,13.979999542236328,13.989999771118164,13.979999542236328,13.989999771118164,3271,0.0,0.0,0.0
2025-07-17 02:05:00+00:00,13.979999542236328,13.989999771118164,13.970000267028809,13.989999771118164,51026,0.0,0.0,0.0
2025-07-17 02:10:00+00:00,13.989999771118164,13.989999771118164,13.970000267028809,13.979999542236328,84284,0.0,0.0,0.0
2025-07-17 02:15:00+00:00,13.979999542236328,14.0,13.979999542236328,14.0,11471,0.0,0.0,0.0
2025-07-17 02:20:00+00:00,13.979999542236328,13.979999542236328,13.979999542236328,13.979999542236328,11019,0.0,0.0,0.0
2025-07-17 02:25:00+00:00,13.989999771118164,14.0,13.989999771118164,14.0,19180,0.0,0.0,0.0
2025-07-17 02:30:00+00:00,13.989999771118164,14.0,13.989999771118164,13.989999771118164,20043,0.0,0.0,0.0
2025-07-17 02:35:00+00:00,13.989999771118164,13.989999771118164,13.989999771118164,13.989999771118164,11244,0.0,0.0,0.0
2025-07-17 02:40:00+00:00,13.989999771118164,13.989999771118164,13.989999771118164,13.989999771118164,11382,0.0,0.0,0.0
2025-07-17 02:45:00+00:00,13.979999542236328,13.979999542236328,13.979999542236328,13.979999542236328,7188,0.0,0.0,0.0
2025-07-17 02:50:00+00:00,13.979999542236328,13.979999542236328,13.979999542236328,13.979999542236328,4018,0.0,0.0,0.0
2025-07-17 02:55:00+00:00,13.979999542236328,13.989999771118164,13.979999542236328,13.989999771118164,37185,0.0,0.0,0.0
2025-07-17 03:00:00+00:00,13.979999542236328,13.979999542236328,13.979999542236328,13.979999542236328,58007,0.0,0.0,0.0
2025-07-17 03:05:00+00:00,13.989999771118164,13.989999771118164,13.989999771118164,13.989999771118164,1044,0.0,0.0,0.0
2025-07-17 03:10:00+00:00,13.979999542236328,13.989999771118164,13.979999542236328,13.989999771118164,89035,0.0,0.0,0.0
2025-07-17 03:15:00+00:00,13.989999771118164,13.989999771118164,13.989999771118164,13.989999771118164,5024,0.0,0.0,0.0
2025-07-17 03:20:00+00:00,13.989999771118164,14.010000228881836,13.989999771118164,14.010000228881836,399445,0.0,0.0,0.0
2025-07-17 03:25:00+00:00,14.010000228881836,14.010000228881836,14.0,14.0,16882,0.0,0.0,0.0
2025-07-17 03:30:00+00:00,14.0,14.0,14.0,14.0,39865,0.0,0.0,0.0
2025-07-17 03:35:00+00:00,14.0,14.010000228881836,14.0,14.0,29141,0.0,0.0,0.0
2025-07-17 03:40:00+00:00,14.0,14.010000228881836,14.0,14.0,47013,0.0,0.0,0.0
2025-07-17 03:45:00+00:00,14.0,14.0,14.0,14.0,33924,0.0,0.0,0.0
2025-07-17 03:50:00+00:00,14.0,14.010000228881836,14.0,14.010000228881836,44712,0.0,0.0,0.0
2025-07-17 03:55:00+00:00,14.0,14.0,14.0,14.0,50719,0.0,0.0,0.0
2025-07-17 04:00:00+00:00,14.010000228881836,14.010000228881836,14.0,14.0,160263,0.0,0.0,0.0
2025-07-17 04:05:00+00:00,14.010000228881836,14.010000228881836,14.010000228881836,14.010000228881836,41490,0.0,0.0,0.0
2025-07-17 04:15:00+00:00,14.0,14.0,13.989999771118164,13.989999771118164,10802,0.0,0.0,0.0
2025-07-17 04:20:00+00:00,13.989999771118164,14.0,13.989999771118164,14.0,41624,0.0,0.0,0.0
2025-07-17 04:25:00+00:00,13.979999542236328,13.979999542236328,13.979999542236328,13.979999542236328,3012,0.0,0.0,0.0
2025-07-17 04:30:00+00:00,13.989999771118164,13.989999771118164,13.979999542236328,13.989999771118164,24082,0.0,0.0,0.0
2025-07-17 04:35:00+00:00,13.989999771118164,14.0,13.989999771118164,14.0,17213,0.0,0.0,0.0
2025-07-17 04:40:00+00:00,13.989999771118164,13.989999771118164,13.989999771118164,13.989999771118164,11539,0.0,0.0,0.0
2025-07-17 04:45:00+00:00,14.0,14.0,14.0,14.0,3110,0.0,0.0,0.0
2025-07-17 04:50:00+00:00,14.0,14.010000228881836,14.0,14.010000228881836,520281,0.0,0.0,0.0
2025-07-17 04:55:00+00:00,14.010000228881836,14.020000457763672,14.010000228881836,14.010000228881836,26420,0.0,0.0,0.0
2025-07-17 05:00:00+00:00,14.010000228881836,14.020000457763672,14.010000228881836,14.020000457763672,266804,0.0,0.0,0.0
2025-07-17 05:05:00+00:00,14.010000228881836,14.020000457763672,14.010000228881836,14.010000228881836,217310,0.0,0.0,0.0
2025-07-17 05:10:00+00:00,14.010000228881836,14.010000228881836,14.010000228881836,14.010000228881836,17265,0.0,0.0,0.0
2025-07-17 05:15:00+00:00,14.020000457763672,14.020000457763672,14.010000228881836,14.010000228881836,37479,0.0,0.0,0.0
2025-07-17 05:20:00+00:00,14.020000457763672,14.039999961853027,14.020000457763672,14.029999732971191,876793,0.0,0.0,0.0
2025-07-18 01:00:00+00:00,14.180000305175781,14.199999809265137,14.180000305175781,14.1899995803833,0,0.0,0.0,0.0
2025-07-18 01:05:00+00:00,14.180000305175781,14.1899995803833,14.15999984741211,14.15999984741211,128924,0.0,0.0,0.0
2025-07-18 01:10:00+00:00,14.15999984741211,14.180000305175781,14.15999984741211,14.180000305175781,384955,0.0,0.0,0.0
2025-07-18 01:15:00+00:00,14.180000305175781,14.180000305175781,14.170000076293945,14.170000076293945,113912,0.0,0.0,0.0
2025-07-18 01:20:00+00:00,14.170000076293945,14.180000305175781,14.15999984741211,14.15999984741211,361514,0.0,0.0,0.0
2025-07-18 01:25:00+00:00,14.15999984741211,14.15999984741211,14.149999618530273,14.149999618530273,57077,0.0,0.0,0.0
2025-07-18 01:30:00+00:00,14.149999618530273,14.149999618530273,14.140000343322754,14.140000343322754,188587,0.0,0.0,0.0
2025-07-18 01:35:00+00:00,14.140000343322754,14.149999618530273,14.140000343322754,14.149999618530273,129052,0.0,0.0,0.0
2025-07-18 01:40:00+00:00,14.140000343322754,14.149999618530273,14.140000343322754,14.140000343322754,1049583,0.0,0.0,0.0
2025-07-18 01:45:00+00:00,14.140000343322754,14.140000343322754,14.140000343322754,14.140000343322754,112509,0.0,0.0,0.0
2025-07-18 01:50:00+00:00,14.140000343322754,14.149999618530273,14.140000343322754,14.149999618530273,177431,0.0,0.0,0.0
2025-07-18 01:55:00+00:00,14.149999618530273,14.149999618530273,14.140000343322754,14.149999618530273,70510,0.0,0.0,0.0
2025-07-18 02:00:00+00:00,14.149999618530273,14.15999984741211,14.149999618530273,14.15999984741211,167892,0.0,0.0,0.0
2025-07-18 02:05:00+00:00,14.149999618530273,14.149999618530273,14.149999618530273,14.149999618530273,62490,0.0,0.0,0.0
2025-07-18 02:10:00+00:00,14.149999618530273,14.15999984741211,14.149999618530273,14.149999618530273,79237,0.0,0.0,0.0
2025-07-18 02:15:00+00:00,14.15999984741211,14.15999984741211,14.149999618530273,14.15999984741211,31392,0.0,0.0,0.0
2025-07-18 02:20:00+00:00,14.149999618530273,14.15999984741211,14.140000343322754,14.15999984741211,59449,0.0,0.0,0.0
2025-07-18 02:25:00+00:00,14.149999618530273,14.15999984741211,14.149999618530273,14.15999984741211,208718,0.0,0.0,0.0
2025-07-18 02:30:00+00:00,14.15999984741211,14.170000076293945,14.15999984741211,14.170000076293945,21540,0.0,0.0,0.0
2025-07-18 02:35:00+00:00,14.15999984741211,14.15999984741211,14.15999984741211,14.15999984741211,8030,0.0,0.0,0.0
2025-07-18 02:40:00+00:00,14.149999618530273,14.15999984741211,14.149999618530273,14.15999984741211,44983,0.0,0.0,0.0
2025-07-18 02:45:00+00:00,14.15999984741211,14.15999984741211,14.149999618530273,14.15999984741211,112358,0.0,0.0,0.0
2025-07-18 02:50:00+00:00,14.15999984741211,14.15999984741211,14.15999984741211,14.15999984741211,120196,0.0,0.0,0.0
2025-07-18 02:55:00+00:00,14.15999984741211,14.15999984741211,14.15999984741211,14.15999984741211,47820,0.0,0.0,0.0
2025-07-18 03:00:00+00:00,14.170000076293945,14.170000076293945,14.149999618530273,14.15999984741211,26088,0.0,0.0,0.0
2025-07-18 03:05:00+00:00,14.149999618530273,14.149999618530273,14.149999618530273,14.149999618530273,20054,0.0,0.0,0.0
2025-07-18 03:10:00+00:00,14.15999984741211,14.170000076293945,14.149999618530273,14.15999984741211,71069,0.0,0.0,0.0
2025-07-18 03:15:00+00:00,14.15999984741211,14.15999984741211,14.15999984741211,14.15999984741211,120237,0.0,0.0,0.0
2025-07-18 03:20:00+00:00,14.15999984741211,14.170000076293945,14.149999618530273,14.149999618530273,12454,0.0,0.0,0.0
2025-07-18 03:25:00+00:00,14.149999618530273,14.15999984741211,14.149999618530273,14.149999618530273,38726,0.0,0.0,0.0
2025-07-18 03:30:00+00:00,14.15999984741211,14.15999984741211,14.149999618530273,14.15999984741211,87122,0.0,0.0,0.0
2025-07-18 03:35:00+00:00,14.15999984741211,14.15999984741211,14.149999618530273,14.149999618530273,23551,0.0,0.0,0.0
2025-07-18 03:40:00+00:00,14.149999618530273,14.15999984741211,14.149999618530273,14.149999618530273,24052,0.0,0.0,0.0
2025-07-18 03:45:00+00:00,14.15999984741211,14.15999984741211,14.149999618530273,14.149999618530273,19082,0.0,0.0,0.0
2025-07-18 03:50:00+00:00,14.149999618530273,14.149999618530273,14.149999618530273,14.149999618530273,192272,0.0,0.0,0.0
2025-07-18 03:55:00+00:00,14.149999618530273,14.15999984741211,14.149999618530273,14.149999618530273,26775,0.0,0.0,0.0
2025-07-18 04:00:00+00:00,14.15999984741211,14.15999984741211,14.149999618530273,14.15999984741211,37202,0.0,0.0,0.0
2025-07-18 04:05:00+00:00,14.149999618530273,14.15999984741211,14.149999618530273,14.149999618530273,55487,0.0,0.0,0.0
2025-07-18 04:10:00+00:00,14.149999618530273,14.149999618530273,14.140000343322754,14.140000343322754,69480,0.0,0.0,0.0
2025-07-18 04:15:00+00:00,14.140000343322754,14.149999618530273,14.140000343322754,14.149999618530273,80714,0.0,0.0,0.0
2025-07-18 04:20:00+00:00,14.149999618530273,14.149999618530273,14.140000343322754,14.149999618530273,352824,0.0,0.0,0.0
2025-07-18 04:25:00+00:00,14.149999618530273,14.15999984741211,14.149999618530273,14.15999984741211,76960,0.0,0.0,0.0
2025-07-18 04:30:00+00:00,14.15999984741211,14.15999984741211,14.149999618530273,14.149999618530273,16174,0.0,0.0,0.0
2025-07-18 04:35:00+00:00,14.149999618530273,14.15999984741211,14.149999618530273,14.149999618530273,346524,0.0,0.0,0.0
2025-07-18 04:40:00+00:00,14.149999618530273,14.149999618530273,14.149999618530273,14.149999618530273,29632,0.0,0.0,0.0
2025-07-18 04:45:00+00:00,14.149999618530273,14.15999984741211,14.149999618530273,14.15999984741211,123829,0.0,0.0,0.0
2025-07-18 04:50:00+00:00,14.15999984741211,14.15999984741211,14.15999984741211,14.15999984741211,129595,0.0,0.0,0.0
2025-07-18 04:55:00+00:00,14.15999984741211,14.170000076293945,14.15999984741211,14.15999984741211,221027,0.0,0.0,0.0
2025-07-18 05:00:00+00:00,14.15999984741211,14.170000076293945,14.15999984741211,14.170000076293945,310020,0.0,0.0,0.0
2025-07-18 05:05:00+00:00,14.170000076293945,14.170000076293945,14.15999984741211,14.15999984741211,26436,0.0,0.0,0.0
2025-07-18 05:10:00+00:00,14.15999984741211,14.15999984741211,14.149999618530273,14.149999618530273,52234,0.0,0.0,0.0
2025-07-18 05:15:00+00:00,14.149999618530273,14.149999618530273,14.140000343322754,14.149999618530273,113180,0.0,0.0,0.0
2025-07-18 05:20:00+00:00,14.149999618530273,14.15999984741211,14.149999618530273,14.15999984741211,160302,0.0,0.0,0.0
2025-07-21 01:00:00+00:00,14.15999984741211,14.180000305175781,14.15999984741211,14.170000076293945,0,0.0,0.0,0.0
2025-07-21 01:05:00+00:00,14.170000076293945,14.1899995803833,14.170000076293945,14.180000305175781,79000,0.0,0.0,0.0
2025-07-21 01:10:00+00:00,14.180000305175781,14.180000305175781,14.149999618530273,14.149999618530273,141906,0.0,0.0,0.0
2025-07-21 01:15:00+00:00,14.140000343322754,14.15999984741211,14.140000343322754,14.149999618530273,60992,0.0,0.0,0.0
2025-07-21 01:20:00+00:00,14.149999618530273,14.15999984741211,14.140000343322754,14.15999984741211,100654,0.0,0.0,0.0
2025-07-21 01:25:00+00:00,14.15999984741211,14.170000076293945,14.149999618530273,14.149999618530273,211070,0.0,0.0,0.0
2025-07-21 01:30:00+00:00,14.15999984741211,14.170000076293945,14.15999984741211,14.170000076293945,40294,0.0,0.0,0.0
2025-07-21 01:35:00+00:00,14.149999618530273,14.15999984741211,14.149999618530273,14.149999618530273,98149,0.0,0.0,0.0
2025-07-21 01:40:00+00:00,14.149999618530273,14.15999984741211,14.149999618530273,14.149999618530273,10049,0.0,0.0,0.0
2025-07-21 01:45:00+00:00,14.149999618530273,14.15999984741211,14.149999618530273,14.15999984741211,41297,0.0,0.0,0.0
2025-07-21 01:50:00+00:00,14.15999984741211,14.15999984741211,14.15999984741211,14.15999984741211,74127,0.0,0.0,0.0
2025-07-21 01:55:00+00:00,14.15999984741211,14.15999984741211,14.149999618530273,14.15999984741211,118132,0.0,0.0,0.0
2025-07-21 02:00:00+00:00,14.170000076293945,14.170000076293945,14.149999618530273,14.15999984741211,37562,0.0,0.0,0.0
2025-07-21 02:05:00+00:00,14.15999984741211,14.15999984741211,14.15999984741211,14.15999984741211,35644,0.0,0.0,0.0
2025-07-21 02:10:00+00:00,14.149999618530273,14.15999984741211,14.149999618530273,14.15999984741211,2275,0.0,0.0,0.0
2025-07-21 02:15:00+00:00,14.15999984741211,14.170000076293945,14.15999984741211,14.170000076293945,114623,0.0,0.0,0.0
2025-07-21 02:20:00+00:00,14.15999984741211,14.180000305175781,14.15999984741211,14.170000076293945,250980,0.0,0.0,0.0
2025-07-21 02:25:00+00:00,14.180000305175781,14.1899995803833,14.180000305175781,14.180000305175781,167815,0.0,0.0,0.0
2025-07-21 02:30:00+00:00,14.180000305175781,14.180000305175781,14.180000305175781,14.180000305175781,33760,0.0,0.0,0.0
2025-07-21 02:35:00+00:00,14.180000305175781,14.1899995803833,14.180000305175781,14.180000305175781,23562,0.0,0.0,0.0
2025-07-21 02:40:00+00:00,14.180000305175781,14.180000305175781,14.180000305175781,14.180000305175781,15050,0.0,0.0,0.0
2025-07-21 02:45:00+00:00,14.180000305175781,14.180000305175781,14.170000076293945,14.180000305175781,12255,0.0,0.0,0.0
2025-07-21 02:50:00+00:00,14.170000076293945,14.180000305175781,14.170000076293945,14.170000076293945,44486,0.0,0.0,0.0
2025-07-21 02:55:00+00:00,14.180000305175781,14.180000305175781,14.170000076293945,14.170000076293945,22249,0.0,0.0,0.0
2025-07-21 03:00:00+00:00,14.180000305175781,14.180000305175781,14.170000076293945,14.170000076293945,57652,0.0,0.0,0.0
2025-07-21 03:05:00+00:00,14.170000076293945,14.170000076293945,14.170000076293945,14.170000076293945,2486,0.0,0.0,0.0
2025-07-21 03:10:00+00:00,14.15999984741211,14.170000076293945,14.15999984741211,14.170000076293945,3708,0.0,0.0,0.0
2025-07-21 03:15:00+00:00,14.170000076293945,14.170000076293945,14.15999984741211,14.170000076293945,62131,0.0,0.0,0.0
2025-07-21 03:20:00+00:00,14.170000076293945,14.180000305175781,14.170000076293945,14.180000305175781,14071,0.0,0.0,0.0
2025-07-21 03:25:00+00:00,14.170000076293945,14.180000305175781,14.170000076293945,14.180000305175781,30310,0.0,0.0,0.0
2025-07-21 03:30:00+00:00,14.180000305175781,14.180000305175781,14.170000076293945,14.170000076293945,38162,0.0,0.0,0.0
2025-07-21 03:35:00+00:00,14.180000305175781,14.180000305175781,14.170000076293945,14.180000305175781,4354,0.0,0.0,0.0
2025-07-21 03:40:00+00:00,14.170000076293945,14.180000305175781,14.170000076293945,14.180000305175781,269263,0.0,0.0,0.0
2025-07-21 03:45:00+00:00,14.180000305175781,14.180000305175781,14.180000305175781,14.180000305175781,2052,0.0,0.0,0.0
2025-07-21 03:50:00+00:00,14.180000305175781,14.180000305175781,14.170000076293945,14.170000076293945,34375,0.0,0.0,0.0
2025-07-21 03:55:00+00:00,14.180000305175781,14.180000305175781,14.170000076293945,14.170000076293945,11077,0.0,0.0,0.0
2025-07-21 04:00:00+00:00,14.180000305175781,14.1899995803833,14.180000305175781,14.1899995803833,44075,0.0,0.0,0.0
2025-07-21 04:05:00+00:00,14.180000305175781,14.180000305175781,14.170000076293945,14.180000305175781,13063,0.0,0.0,0.0
2025-07-21 04:10:00+00:00,14.170000076293945,14.170000076293945,14.170000076293945,14.170000076293945,23273,0.0,0.0,0.0
2025-07-21 04:15:00+00:00,14.170000076293945,14.180000305175781,14.170000076293945,14.180000305175781,5102,0.0,0.0,0.0
2025-07-21 04:20:00+00:00,14.180000305175781,14.180000305175781,14.170000076293945,14.170000076293945,4031,0.0,0.0,0.0
2025-07-21 04:25:00+00:00,14.170000076293945,14.180000305175781,14.170000076293945,14.180000305175781,48259,0.0,0.0,0.0
2025-07-21 04:30:00+00:00,14.180000305175781,14.180000305175781,14.15999984741211,14.15999984741211,21428,0.0,0.0,0.0
2025-07-21 04:35:00+00:00,14.15999984741211,14.170000076293945,14.15999984741211,14.15999984741211,12320,0.0,0.0,0.0
2025-07-21 04:40:00+00:00,14.15999984741211,14.15999984741211,14.15999984741211,14.15999984741211,14110,0.0,0.0,0.0
2025-07-21 04:45:00+00:00,14.15999984741211,14.180000305175781,14.15999984741211,14.170000076293945,286458,0.0,0.0,0.0
2025-07-21 04:50:00+00:00,14.170000076293945,14.170000076293945,14.170000076293945,14.170000076293945,14592,0.0,0.0,0.0
2025-07-21 04:55:00+00:00,14.170000076293945,14.180000305175781,14.170000076293945,14.170000076293945,14169,0.0,0.0,0.0
2025-07-21 05:00:00+00:00,14.170000076293945,14.170000076293945,14.170000076293945,14.170000076293945,27040,0.0,0.0,0.0
2025-07-21 05:05:00+00:00,14.180000305175781,14.180000305175781,14.170000076293945,14.170000076293945,12243,0.0,0.0,0.0
2025-07-21 05:10:00+00:00,14.170000076293945,14.170000076293945,14.170000076293945,14.170000076293945,81120,0.0,0.0,0.0
2025-07-21 05:15:00+00:00,14.170000076293945,14.170000076293945,14.15999984741211,14.170000076293945,54917,0.0,0.0,0.0
2025-07-21 05:20:00+00:00,14.170000076293945,14.170000076293945,14.15999984741211,14.15999984741211,39977,0.0,0.0,0.0
2025-07-22 01:00:00+00:00,14.170000076293945,14.210000038146973,14.170000076293945,14.210000038146973,0,0.0,0.0,0.0
2025-07-22 01:10:00+00:00,14.210000038146973,14.270000457763672,14.210000038146973,14.270000457763672,905633,0.0,0.0,0.0
2025-07-22 01:15:00+00:00,14.270000457763672,14.279999732971191,14.270000457763672,14.270000457763672,162852,0.0,0.0,0.0
2025-07-22 01:20:00+00:00,14.270000457763672,14.289999961853027,14.270000457763672,14.289999961853027,88648,0.0,0.0,0.0
2025-07-22 01:25:00+00:00,14.279999732971191,14.279999732971191,14.25,14.25,37359,0.0,0.0,0.0
2025-07-22 01:30:00+00:00,14.260000228881836,14.260000228881836,14.239999771118164,14.25,28088,0.0,0.0,0.0
2025-07-22 01:35:00+00:00,14.25,14.260000228881836,14.25,14.260000228881836,267248,0.0,0.0,0.0
2025-07-22 01:40:00+00:00,14.260000228881836,14.260000228881836,14.25,14.25,72125,0.0,0.0,0.0
2025-07-22 01:45:00+00:00,14.25,14.270000457763672,14.25,14.25,101714,0.0,0.0,0.0
2025-07-22 01:50:00+00:00,14.25,14.260000228881836,14.25,14.25,29736,0.0,0.0,0.0
2025-07-22 01:55:00+00:00,14.25,14.25,14.25,14.25,11219,0.0,0.0,0.0
2025-07-22 02:00:00+00:00,14.25,14.25,14.25,14.25,40102,0.0,0.0,0.0
2025-07-22 02:05:00+00:00,14.239999771118164,14.239999771118164,14.239999771118164,14.239999771118164,14442,0.0,0.0,0.0
2025-07-22 02:10:00+00:00,14.239999771118164,14.239999771118164,14.229999542236328,14.229999542236328,73249,0.0,0.0,0.0
2025-07-22 02:15:00+00:00,14.229999542236328,14.239999771118164,14.229999542236328,14.229999542236328,12463,0.0,0.0,0.0
2025-07-22 02:20:00+00:00,14.229999542236328,14.229999542236328,14.229999542236328,14.229999542236328,14290,0.0,0.0,0.0
2025-07-22 02:25:00+00:00,14.229999542236328,14.239999771118164,14.229999542236328,14.229999542236328,34336,0.0,0.0,0.0
2025-07-22 02:35:00+00:00,14.220000267028809,14.220000267028809,14.220000267028809,14.220000267028809,10000,0.0,0.0,0.0
2025-07-22 02:40:00+00:00,14.220000267028809,14.220000267028809,14.199999809265137,14.199999809265137,55526,0.0,0.0,0.0
2025-07-22 02:45:00+00:00,14.199999809265137,14.199999809265137,14.170000076293945,14.170000076293945,110212,0.0,0.0,0.0
2025-07-22 02:50:00+00:00,14.15999984741211,14.170000076293945,14.15999984741211,14.15999984741211,25019,0.0,0.0,0.0
2025-07-22 02:55:00+00:00,14.15999984741211,14.15999984741211,14.149999618530273,14.15999984741211,32693,0.0,0.0,0.0
2025-07-22 03:00:00+00:00,14.149999618530273,14.149999618530273,14.140000343322754,14.140000343322754,64043,0.0,0.0,0.0
2025-07-22 03:05:00+00:00,14.140000343322754,14.140000343322754,14.140000343322754,14.140000343322754,36406,0.0,0.0,0.0
2025-07-22 03:10:00+00:00,14.130000114440918,14.140000343322754,14.109999656677246,14.119999885559082,305284,0.0,0.0,0.0
2025-07-22 03:15:00+00:00,14.119999885559082,14.119999885559082,14.109999656677246,14.109999656677246,101886,0.0,0.0,0.0
2025-07-22 03:20:00+00:00,14.109999656677246,14.109999656677246,14.09000015258789,14.09000015258789,141082,0.0,0.0,0.0
2025-07-22 03:25:00+00:00,14.09000015258789,14.09000015258789,14.069999694824219,14.069999694824219,34149,0.0,0.0,0.0
2025-07-22 03:30:00+00:00,14.069999694824219,14.079999923706055,14.069999694824219,14.069999694824219,204229,0.0,0.0,0.0
2025-07-22 03:35:00+00:00,14.069999694824219,14.079999923706055,14.069999694824219,14.069999694824219,155558,0.0,0.0,0.0
2025-07-22 03:40:00+00:00,14.0600004196167,14.0600004196167,14.0600004196167,14.0600004196167,16081,0.0,0.0,0.0
2025-07-22 03:45:00+00:00,14.0600004196167,14.0600004196167,14.050000190734863,14.050000190734863,57271,0.0,0.0,0.0
2025-07-22 03:50:00+00:00,14.050000190734863,14.069999694824219,14.050000190734863,14.0600004196167,85083,0.0,0.0,0.0
2025-07-22 03:55:00+00:00,14.0600004196167,14.069999694824219,14.0600004196167,14.069999694824219,64285,0.0,0.0,0.0
2025-07-22 04:00:00+00:00,14.079999923706055,14.079999923706055,14.069999694824219,14.069999694824219,28171,0.0,0.0,0.0
2025-07-22 04:05:00+00:00,14.069999694824219,14.069999694824219,14.0600004196167,14.0600004196167,24276,0.0,0.0,0.0
2025-07-22 04:10:00+00:00,14.0600004196167,14.069999694824219,14.0600004196167,14.0600004196167,48188,0.0,0.0,0.0
2025-07-22 04:15:00+00:00,14.0600004196167,14.0600004196167,14.0600004196167,14.0600004196167,13749,0.0,0.0,0.0
2025-07-22 04:20:00+00:00,14.0600004196167,14.0600004196167,14.020000457763672,14.020000457763672,55896,0.0,0.0,0.0
2025-07-22 04:25:00+00:00,14.029999732971191,14.039999961853027,14.029999732971191,14.029999732971191,33051,0.0,0.0,0.0
2025-07-22 04:30:00+00:00,14.039999961853027,14.039999961853027,14.029999732971191,14.029999732971191,120726,0.0,0.0,0.0
2025-07-22 04:35:00+00:00,14.029999732971191,14.039999961853027,14.029999732971191,14.029999732971191,11079,0.0,0.0,0.0
2025-07-22 04:40:00+00:00,14.029999732971191,14.029999732971191,14.020000457763672,14.020000457763672,27070,0.0,0.0,0.0
2025-07-22 04:45:00+00:00,14.029999732971191,14.039999961853027,14.020000457763672,14.020000457763672,322782,0.0,0.0,0.0
2025-07-22 04:50:00+00:00,14.020000457763672,14.029999732971191,14.020000457763672,14.029999732971191,139837,0.0,0.0,0.0
2025-07-22 04:55:00+00:00,14.029999732971191,14.029999732971191,14.020000457763672,14.029999732971191,74876,0.0,0.0,0.0
2025-07-22 05:00:00+00:00,14.029999732971191,14.029999732971191,14.029999732971191,14.029999732971191,77588,0.0,0.0,0.0
2025-07-22 05:05:00+00:00,14.029999732971191,14.029999732971191,14.020000457763672,14.029999732971191,64760,0.0,0.0,0.0
2025-07-22 05:10:00+00:00,14.029999732971191,14.029999732971191,14.029999732971191,14.029999732971191,46495,0.0,0.0,0.0
2025-07-22 05:15:00+00:00,14.039999961853027,14.039999961853027,14.029999732971191,14.029999732971191,62653,0.0,0.0,0.0
2025-07-22 05:20:00+00:00,14.039999961853027,14.039999961853027,14.029999732971191,14.029999732971191,67485,0.0,0.0,0.0
2025-07-23 01:00:00+00:00,14.100000381469727,14.149999618530273,14.100000381469727,14.140000343322754,0,0.0,0.0,0.0
2025-07-23 01:05:00+00:00,14.109999656677246,14.140000343322754,14.109999656677246,14.140000343322754,128997,0.0,0.0,0.0
2025-07-23 01:10:00+00:00,14.149999618530273,14.15999984741211,14.140000343322754,14.149999618530273,111841,0.0,0.0,0.0
2025-07-23 01:15:00+00:00,14.149999618530273,14.149999618530273,14.149999618530273,14.149999618530273,19108,0.0,0.0,0.0
2025-07-23 01:20:00+00:00,14.149999618530273,14.15999984741211,14.109999656677246,14.109999656677246,201401,0.0,0.0,0.0
2025-07-23 01:25:00+00:00,14.109999656677246,14.130000114440918,14.109999656677246,14.119999885559082,21711,0.0,0.0,0.0
2025-07-23 01:30:00+00:00,14.119999885559082,14.119999885559082,14.100000381469727,14.100000381469727,37747,0.0,0.0,0.0
2025-07-23 01:35:00+00:00,14.109999656677246,14.130000114440918,14.100000381469727,14.130000114440918,92285,0.0,0.0,0.0
2025-07-23 01:40:00+00:00,14.130000114440918,14.140000343322754,14.119999885559082,14.140000343322754,10045,0.0,0.0,0.0
2025-07-23 01:45:00+00:00,14.130000114440918,14.149999618530273,14.130000114440918,14.140000343322754,59734,0.0,0.0,0.0
2025-07-23 01:50:00+00:00,14.140000343322754,14.15999984741211,14.140000343322754,14.15999984741211,316462,0.0,0.0,0.0
2025-07-23 01:55:00+00:00,14.15999984741211,14.15999984741211,14.15999984741211,14.15999984741211,4010,0.0,0.0,0.0
2025-07-23 02:00:00+00:00,14.170000076293945,14.170000076293945,14.15999984741211,14.15999984741211,10601,0.0,0.0,0.0
2025-07-23 02:05:00+00:00,14.15999984741211,14.15999984741211,14.15999984741211,14.15999984741211,22055,0.0,0.0,0.0
2025-07-23 02:10:00+00:00,14.15999984741211,14.15999984741211,14.15999984741211,14.15999984741211,15521,0.0,0.0,0.0
2025-07-23 02:15:00+00:00,14.170000076293945,14.170000076293945,14.15999984741211,14.15999984741211,15188,0.0,0.0,0.0
2025-07-23 02:20:00+00:00,14.15999984741211,14.170000076293945,14.15999984741211,14.170000076293945,6330,0.0,0.0,0.0
2025-07-23 02:25:00+00:00,14.170000076293945,14.170000076293945,14.15999984741211,14.15999984741211,28055,0.0,0.0,0.0
2025-07-23 02:30:00+00:00,14.170000076293945,14.170000076293945,14.15999984741211,14.15999984741211,49055,0.0,0.0,0.0
2025-07-23 02:35:00+00:00,14.15999984741211,14.15999984741211,14.15999984741211,14.15999984741211,21054,0.0,0.0,0.0
2025-07-23 02:40:00+00:00,14.149999618530273,14.149999618530273,14.149999618530273,14.149999618530273,18047,0.0,0.0,0.0
2025-07-23 02:45:00+00:00,14.15999984741211,14.15999984741211,14.149999618530273,14.149999618530273,18054,0.0,0.0,0.0
2025-07-23 02:50:00+00:00,14.149999618530273,14.149999618530273,14.149999618530273,14.149999618530273,182645,0.0,0.0,0.0
2025-07-23 02:55:00+00:00,14.140000343322754,14.149999618530273,14.140000343322754,14.149999618530273,93010,0.0,0.0,0.0
2025-07-23 03:00:00+00:00,14.15999984741211,14.15999984741211,14.149999618530273,14.15999984741211,46148,0.0,0.0,0.0
2025-07-23 03:05:00+00:00,14.15999984741211,14.15999984741211,14.15999984741211,14.15999984741211,6381,0.0,0.0,0.0
2025-07-23 03:10:00+00:00,14.149999618530273,14.15999984741211,14.149999618530273,14.15999984741211,50045,0.0,0.0,0.0
2025-07-23 03:15:00+00:00,14.15999984741211,14.170000076293945,14.149999618530273,14.170000076293945,9965,0.0,0.0,0.0
2025-07-23 03:25:00+00:00,14.15999984741211,14.170000076293945,14.15999984741211,14.15999984741211,105045,0.0,0.0,0.0
2025-07-23 03:30:00+00:00,14.15999984741211,14.15999984741211,14.149999618530273,14.149999618530273,22022,0.0,0.0,0.0
2025-07-23 03:35:00+00:00,14.149999618530273,14.149999618530273,14.149999618530273,14.149999618530273,2022,0.0,0.0,0.0
2025-07-23 03:40:00+00:00,14.149999618530273,14.149999618530273,14.149999618530273,14.149999618530273,15029,0.0,0.0,0.0
2025-07-23 03:45:00+00:00,14.149999618530273,14.149999618530273,14.149999618530273,14.149999618530273,19203,0.0,0.0,0.0
2025-07-23 03:50:00+00:00,14.149999618530273,14.149999618530273,14.140000343322754,14.140000343322754,18032,0.0,0.0,0.0
2025-07-23 03:55:00+00:00,14.149999618530273,14.149999618530273,14.149999618530273,14.149999618530273,1490,0.0,0.0,0.0
2025-07-23 04:00:00+00:00,14.140000343322754,14.140000343322754,14.130000114440918,14.130000114440918,2011,0.0,0.0,0.0
2025-07-23 04:05:00+00:00,14.130000114440918,14.130000114440918,14.130000114440918,14.130000114440918,3029,0.0,0.0,0.0
2025-07-23 04:10:00+00:00,14.130000114440918,14.130000114440918,14.130000114440918,14.130000114440918,1720,0.0,0.0,0.0
2025-07-23 04:15:00+00:00,14.130000114440918,14.130000114440918,14.119999885559082,14.119999885559082,6319,0.0,0.0,0.0
2025-07-23 04:20:00+00:00,14.130000114440918,14.140000343322754,14.119999885559082,14.140000343322754,22286,0.0,0.0,0.0
2025-07-23 04:25:00+00:00,14.140000343322754,14.140000343322754,14.130000114440918,14.130000114440918,10083,0.0,0.0,0.0
2025-07-23 04:30:00+00:00,14.140000343322754,14.140000343322754,14.130000114440918,14.140000343322754,11206,0.0,0.0,0.0
2025-07-23 04:35:00+00:00,14.130000114440918,14.140000343322754,14.130000114440918,14.140000343322754,25330,0.0,0.0,0.0
2025-07-23 04:40:00+00:00,14.140000343322754,14.140000343322754,14.140000343322754,14.140000343322754,4285,0.0,0.0,0.0
2025-07-23 04:45:00+00:00,14.130000114440918,14.130000114440918,14.130000114440918,14.130000114440918,23409,0.0,0.0,0.0
2025-07-23 04:50:00+00:00,14.130000114440918,14.130000114440918,14.130000114440918,14.130000114440918,14441,0.0,0.0,0.0
2025-07-23 04:55:00+00:00,14.130000114440918,14.130000114440918,14.130000114440918,14.130000114440918,49490,0.0,0.0,0.0
2025-07-23 05:00:00+00:00,14.130000114440918,14.130000114440918,14.130000114440918,14.130000114440918,6120,0.0,0.0,0.0
2025-07-23 05:05:00+00:00,14.130000114440918,14.130000114440918,14.130000114440918,14.130000114440918,28580,0.0,0.0,0.0
2025-07-23 05:10:00+00:00,14.130000114440918,14.140000343322754,14.130000114440918,14.130000114440918,14285,0.0,0.0,0.0
2025-07-23 05:15:00+00:00,14.140000343322754,14.140000343322754,14.130000114440918,14.130000114440918,47840,0.0,0.0,0.0
2025-07-23 05:20:00+00:00,14.130000114440918,14.140000343322754,14.130000114440918,14.130000114440918,133282,0.0,0.0,0.0
2025-07-24 01:00:00+00:00,14.199999809265137,14.220000267028809,14.199999809265137,14.220000267028809,0,0.0,0.0,0.0
2025-07-24 01:05:00+00:00,14.220000267028809,14.220000267028809,14.199999809265137,14.199999809265137,277900,0.0,0.0,0.0
2025-07-24 01:10:00+00:00,14.199999809265137,14.199999809265137,14.199999809265137,14.199999809265137,98780,0.0,0.0,0.0
2025-07-24 01:15:00+00:00,14.199999809265137,14.199999809265137,14.1899995803833,14.1899995803833,25019,0.0,0.0,0.0
2025-07-24 01:20:00+00:00,14.1899995803833,14.199999809265137,14.1899995803833,14.1899995803833,61031,0.0,0.0,0.0
2025-07-24 01:25:00+00:00,14.1899995803833,14.199999809265137,14.1899995803833,14.1899995803833,36587,0.0,0.0,0.0
2025-07-24 01:30:00+00:00,14.199999809265137,14.199999809265137,14.199999809265137,14.199999809265137,211643,0.0,0.0,0.0
2025-07-24 01:35:00+00:00,14.1899995803833,14.199999809265137,14.1899995803833,14.1899995803833,14425,0.0,0.0,0.0
2025-07-24 01:40:00+00:00,14.199999809265137,14.199999809265137,14.1899995803833,14.1899995803833,35719,0.0,0.0,0.0
2025-07-24 01:45:00+00:00,14.1899995803833,14.199999809265137,14.1899995803833,14.199999809265137,6382,0.0,0.0,0.0
2025-07-24 01:50:00+00:00,14.199999809265137,14.199999809265137,14.199999809265137,14.199999809265137,10690,0.0,0.0,0.0
2025-07-24 01:55:00+00:00,14.199999809265137,14.199999809265137,14.199999809265137,14.199999809265137,209020,0.0,0.0,0.0
2025-07-24 02:00:00+00:00,14.199999809265137,14.199999809265137,14.199999809265137,14.199999809265137,58089,0.0,0.0,0.0
2025-07-24 02:05:00+00:00,14.199999809265137,14.199999809265137,14.199999809265137,14.199999809265137,8903,0.0,0.0,0.0
2025-07-24 02:10:00+00:00,14.210000038146973,14.210000038146973,14.199999809265137,14.210000038146973,133426,0.0,0.0,0.0
2025-07-24 02:15:00+00:00,14.210000038146973,14.220000267028809,14.210000038146973,14.220000267028809,18658,0.0,0.0,0.0
2025-07-24 02:20:00+00:00,14.210000038146973,14.210000038146973,14.199999809265137,14.199999809265137,25149,0.0,0.0,0.0
2025-07-24 02:25:00+00:00,14.199999809265137,14.199999809265137,14.199999809265137,14.199999809265137,7096,0.0,0.0,0.0
2025-07-24 02:30:00+00:00,14.210000038146973,14.210000038146973,14.210000038146973,14.210000038146973,35866,0.0,0.0,0.0
2025-07-24 02:35:00+00:00,14.210000038146973,14.210000038146973,14.199999809265137,14.210000038146973,10966,0.0,0.0,0.0
2025-07-24 02:40:00+00:00,14.210000038146973,14.220000267028809,14.210000038146973,14.220000267028809,14208,0.0,0.0,0.0
2025-07-24 02:45:00+00:00,14.220000267028809,14.220000267028809,14.210000038146973,14.210000038146973,11759,0.0,0.0,0.0
2025-07-24 02:50:00+00:00,14.210000038146973,14.210000038146973,14.210000038146973,14.210000038146973,11820,0.0,0.0,0.0
2025-07-24 02:55:00+00:00,14.210000038146973,14.210000038146973,14.210000038146973,14.210000038146973,16399,0.0,0.0,0.0
2025-07-24 03:00:00+00:00,14.210000038146973,14.210000038146973,14.210000038146973,14.210000038146973,4297,0.0,0.0,0.0
2025-07-24 03:05:00+00:00,14.220000267028809,14.220000267028809,14.210000038146973,14.210000038146973,277548,0.0,0.0,0.0
2025-07-24 03:10:00+00:00,14.220000267028809,14.220000267028809,14.210000038146973,14.220000267028809,16020,0.0,0.0,0.0
2025-07-24 03:15:00+00:00,14.220000267028809,14.220000267028809,14.220000267028809,14.220000267028809,82239,0.0,0.0,0.0
2025-07-24 03:20:00+00:00,14.220000267028809,14.229999542236328,14.220000267028809,14.220000267028809,5808,0.0,0.0,0.0
2025-07-24 03:25:00+00:00,14.220000267028809,14.220000267028809,14.220000267028809,14.220000267028809,12012,0.0,0.0,0.0
2025-07-24 03:30:00+00:00,14.229999542236328,14.229999542236328,14.210000038146973,14.220000267028809,9231,0.0,0.0,0.0
2025-07-24 03:35:00+00:00,14.220000267028809,14.220000267028809,14.210000038146973,14.210000038146973,11020,0.0,0.0,0.0
2025-07-24 03:40:00+00:00,14.220000267028809,14.220000267028809,14.210000038146973,14.210000038146973,28061,0.0,0.0,0.0
2025-07-24 03:45:00+00:00,14.220000267028809,14.220000267028809,14.220000267028809,14.220000267028809,3022,0.0,0.0,0.0
2025-07-24 03:50:00+00:00,14.210000038146973,14.220000267028809,14.210000038146973,14.220000267028809,16034,0.0,0.0,0.0
2025-07-24 03:55:00+00:00,14.220000267028809,14.220000267028809,14.220000267028809,14.220000267028809,20021,0.0,0.0,0.0
2025-07-24 04:00:00+00:00,14.220000267028809,14.229999542236328,14.210000038146973,14.229999542236328,30022,0.0,0.0,0.0
2025-07-24 04:05:00+00:00,14.220000267028809,14.220000267028809,14.220000267028809,14.220000267028809,28045,0.0,0.0,0.0
2025-07-24 04:10:00+00:00,14.229999542236328,14.229999542236328,14.229999542236328,14.229999542236328,10831,0.0,0.0,0.0
2025-07-24 04:15:00+00:00,14.229999542236328,14.229999542236328,14.220000267028809,14.220000267028809,23021,0.0,0.0,0.0
2025-07-24 04:20:00+00:00,14.220000267028809,14.220000267028809,14.220000267028809,14.220000267028809,22377,0.0,0.0,0.0
2025-07-24 04:25:00+00:00,14.229999542236328,14.229999542236328,14.220000267028809,14.220000267028809,167021,0.0,0.0,0.0
2025-07-24 04:30:00+00:00,14.229999542236328,14.229999542236328,14.220000267028809,14.220000267028809,84162,0.0,0.0,0.0
2025-07-24 04:35:00+00:00,14.220000267028809,14.229999542236328,14.220000267028809,14.220000267028809,99881,0.0,0.0,0.0
2025-07-24 04:40:00+00:00,14.220000267028809,14.220000267028809,14.220000267028809,14.220000267028809,21000,0.0,0.0,0.0
2025-07-24 04:45:00+00:00,14.220000267028809,14.229999542236328,14.220000267028809,14.229999542236328,286142,0.0,0.0,0.0
2025-07-24 04:50:00+00:00,14.239999771118164,14.239999771118164,14.220000267028809,14.220000267028809,45557,0.0,0.0,0.0
2025-07-24 04:55:00+00:00,14.229999542236328,14.229999542236328,14.229999542236328,14.229999542236328,23162,0.0,0.0,0.0
2025-07-24 05:00:00+00:00,14.229999542236328,14.229999542236328,14.229999542236328,14.229999542236328,9119,0.0,0.0,0.0
2025-07-24 05:05:00+00:00,14.229999542236328,14.229999542236328,14.229999542236328,14.229999542236328,35444,0.0,0.0,0.0
2025-07-24 05:10:00+00:00,14.229999542236328,14.239999771118164,14.229999542236328,14.239999771118164,178355,0.0,0.0,0.0
2025-07-24 05:15:00+00:00,14.25,14.25,14.239999771118164,14.239999771118164,55142,0.0,0.0,0.0
2025-07-24 05:20:00+00:00,14.239999771118164,14.239999771118164,14.239999771118164,14.239999771118164,69970,0.0,0.0,0.0
2025-07-25 01:00:00+00:00,14.239999771118164,14.25,14.239999771118164,14.25,0,0.0,0.0,0.0
2025-07-25 01:05:00+00:00,14.25,14.260000228881836,14.239999771118164,14.260000228881836,140855,0.0,0.0,0.0
2025-07-25 01:10:00+00:00,14.260000228881836,14.260000228881836,14.229999542236328,14.229999542236328,152904,0.0,0.0,0.0
2025-07-25 01:15:00+00:00,14.229999542236328,14.229999542236328,14.199999809265137,14.199999809265137,58291,0.0,0.0,0.0
2025-07-25 01:20:00+00:00,14.210000038146973,14.220000267028809,14.199999809265137,14.210000038146973,41253,0.0,0.0,0.0
2025-07-25 01:25:00+00:00,14.220000267028809,14.220000267028809,14.210000038146973,14.220000267028809,42023,0.0,0.0,0.0
2025-07-25 01:30:00+00:00,14.220000267028809,14.220000267028809,14.220000267028809,14.220000267028809,5558,0.0,0.0,0.0
2025-07-25 01:35:00+00:00,14.220000267028809,14.220000267028809,14.210000038146973,14.210000038146973,89128,0.0,0.0,0.0
2025-07-25 01:40:00+00:00,14.210000038146973,14.220000267028809,14.210000038146973,14.220000267028809,40213,0.0,0.0,0.0
2025-07-25 01:45:00+00:00,14.220000267028809,14.229999542236328,14.220000267028809,14.229999542236328,37135,0.0,0.0,0.0
2025-07-25 01:50:00+00:00,14.229999542236328,14.229999542236328,14.229999542236328,14.229999542236328,20123,0.0,0.0,0.0
2025-07-25 01:55:00+00:00,14.229999542236328,14.229999542236328,14.229999542236328,14.229999542236328,3789,0.0,0.0,0.0
2025-07-25 02:00:00+00:00,14.229999542236328,14.239999771118164,14.229999542236328,14.229999542236328,15461,0.0,0.0,0.0
2025-07-25 02:05:00+00:00,14.220000267028809,14.220000267028809,14.220000267028809,14.220000267028809,64134,0.0,0.0,0.0
2025-07-25 02:10:00+00:00,14.220000267028809,14.239999771118164,14.220000267028809,14.239999771118164,127270,0.0,0.0,0.0
2025-07-25 02:15:00+00:00,14.239999771118164,14.239999771118164,14.220000267028809,14.220000267028809,29196,0.0,0.0,0.0
2025-07-25 02:20:00+00:00,14.229999542236328,14.229999542236328,14.220000267028809,14.229999542236328,15411,0.0,0.0,0.0
2025-07-25 02:25:00+00:00,14.229999542236328,14.239999771118164,14.220000267028809,14.229999542236328,104648,0.0,0.0,0.0
2025-07-25 02:30:00+00:00,14.229999542236328,14.239999771118164,14.229999542236328,14.239999771118164,5011,0.0,0.0,0.0
2025-07-25 02:35:00+00:00,14.239999771118164,14.239999771118164,14.239999771118164,14.239999771118164,18529,0.0,0.0,0.0
2025-07-25 02:40:00+00:00,14.239999771118164,14.239999771118164,14.229999542236328,14.229999542236328,4097,0.0,0.0,0.0
2025-07-25 02:45:00+00:00,14.229999542236328,14.239999771118164,14.229999542236328,14.239999771118164,224246,0.0,0.0,0.0
2025-07-25 02:50:00+00:00,14.239999771118164,14.239999771118164,14.239999771118164,14.239999771118164,4029,0.0,0.0,0.0
2025-07-25 02:55:00+00:00,14.239999771118164,14.239999771118164,14.239999771118164,14.239999771118164,4863,0.0,0.0,0.0
2025-07-25 03:00:00+00:00,14.229999542236328,14.239999771118164,14.229999542236328,14.239999771118164,5323,0.0,0.0,0.0
2025-07-25 03:10:00+00:00,14.229999542236328,14.229999542236328,14.220000267028809,14.220000267028809,6452,0.0,0.0,0.0
2025-07-25 03:15:00+00:00,14.220000267028809,14.229999542236328,14.220000267028809,14.220000267028809,11209,0.0,0.0,0.0
2025-07-25 03:20:00+00:00,14.220000267028809,14.220000267028809,14.220000267028809,14.220000267028809,18124,0.0,0.0,0.0
2025-07-25 03:25:00+00:00,14.220000267028809,14.229999542236328,14.220000267028809,14.220000267028809,205129,0.0,0.0,0.0
2025-07-25 03:30:00+00:00,14.229999542236328,14.229999542236328,14.229999542236328,14.229999542236328,8178,0.0,0.0,0.0
2025-07-25 03:35:00+00:00,14.220000267028809,14.220000267028809,14.220000267028809,14.220000267028809,33041,0.0,0.0,0.0
2025-07-25 03:40:00+00:00,14.229999542236328,14.229999542236328,14.229999542236328,14.229999542236328,7513,0.0,0.0,0.0
2025-07-25 03:45:00+00:00,14.229999542236328,14.229999542236328,14.229999542236328,14.229999542236328,2219,0.0,0.0,0.0
2025-07-25 03:50:00+00:00,14.220000267028809,14.229999542236328,14.220000267028809,14.220000267028809,5075,0.0,0.0,0.0
2025-07-25 03:55:00+00:00,14.220000267028809,14.220000267028809,14.220000267028809,14.220000267028809,79172,0.0,0.0,0.0
2025-07-25 04:00:00+00:00,14.220000267028809,14.220000267028809,14.220000267028809,14.220000267028809,5225,0.0,0.0,0.0
2025-07-25 04:05:00+00:00,14.229999542236328,14.229999542236328,14.220000267028809,14.220000267028809,6150,0.0,0.0,0.0
2025-07-25 04:10:00+00:00,14.220000267028809,14.229999542236328,14.220000267028809,14.229999542236328,2280,0.0,0.0,0.0
2025-07-25 04:15:00+00:00,14.229999542236328,14.229999542236328,14.229999542236328,14.229999542236328,2046,0.0,0.0,0.0
2025-07-25 04:20:00+00:00,14.229999542236328,14.229999542236328,14.220000267028809,14.220000267028809,44104,0.0,0.0,0.0
2025-07-25 04:25:00+00:00,14.220000267028809,14.229999542236328,14.220000267028809,14.220000267028809,35156,0.0,0.0,0.0
2025-07-25 04:30:00+00:00,14.229999542236328,14.239999771118164,14.229999542236328,14.239999771118164,102141,0.0,0.0,0.0
2025-07-25 04:35:00+00:00,14.229999542236328,14.229999542236328,14.229999542236328,14.229999542236328,1208,0.0,0.0,0.0
2025-07-25 04:40:00+00:00,14.229999542236328,14.229999542236328,14.229999542236328,14.229999542236328,1020,0.0,0.0,0.0
2025-07-25 04:45:00+00:00,14.220000267028809,14.220000267028809,14.220000267028809,14.220000267028809,84302,0.0,0.0,0.0
2025-07-25 04:50:00+00:00,14.220000267028809,14.229999542236328,14.220000267028809,14.229999542236328,23382,0.0,0.0,0.0
2025-07-25 05:00:00+00:00,14.229999542236328,14.229999542236328,14.229999542236328,14.229999542236328,65010,0.0,0.0,0.0
2025-07-25 05:05:00+00:00,14.229999542236328,14.239999771118164,14.229999542236328,14.229999542236328,10686,0.0,0.0,0.0
2025-07-25 05:10:00+00:00,14.229999542236328,14.229999542236328,14.229999542236328,14.229999542236328,15169,0.0,0.0,0.0
2025-07-25 05:15:00+00:00,14.229999542236328,14.229999542236328,14.220000267028809,14.229999542236328,41801,0.0,0.0,0.0
2025-07-25 05:20:00+00:00,14.229999542236328,14.229999542236328,14.229999542236328,14.229999542236328,67121,0.0,0.0,0.0
2025-07-28 01:00:00+00:00,14.279999732971191,14.300000190734863,14.279999732971191,14.289999961853027,0,0.0,0.0,0.0
2025-07-28 01:05:00+00:00,14.300000190734863,14.300000190734863,14.239999771118164,14.239999771118164,60000,0.0,0.0,0.0
2025-07-28 01:10:00+00:00,14.260000228881836,14.260000228881836,14.210000038146973,14.229999542236328,102524,0.0,0.0,0.0
2025-07-28 01:15:00+00:00,14.229999542236328,14.239999771118164,14.210000038146973,14.239999771118164,121329,0.0,0.0,0.0
2025-07-28 01:20:00+00:00,14.239999771118164,14.239999771118164,14.239999771118164,14.239999771118164,232009,0.0,0.0,0.0
2025-07-28 01:25:00+00:00,14.25,14.25,14.239999771118164,14.25,47255,0.0,0.0,0.0
2025-07-28 01:30:00+00:00,14.25,14.270000457763672,14.25,14.260000228881836,64834,0.0,0.0,0.0
2025-07-28 01:35:00+00:00,14.270000457763672,14.270000457763672,14.260000228881836,14.270000457763672,24952,0.0,0.0,0.0
2025-07-28 01:40:00+00:00,14.260000228881836,14.289999961853027,14.260000228881836,14.270000457763672,126363,0.0,0.0,0.0
2025-07-28 01:45:00+00:00,14.279999732971191,14.279999732971191,14.270000457763672,14.270000457763672,51339,0.0,0.0,0.0
2025-07-28 01:50:00+00:00,14.279999732971191,14.279999732971191,14.270000457763672,14.270000457763672,22078,0.0,0.0,0.0
2025-07-28 01:55:00+00:00,14.270000457763672,14.279999732971191,14.270000457763672,14.279999732971191,111622,0.0,0.0,0.0
2025-07-28 02:00:00+00:00,14.289999961853027,14.289999961853027,14.270000457763672,14.270000457763672,16378,0.0,0.0,0.0
2025-07-28 02:05:00+00:00,14.279999732971191,14.279999732971191,14.279999732971191,14.279999732971191,20169,0.0,0.0,0.0
2025-07-28 02:10:00+00:00,14.279999732971191,14.289999961853027,14.270000457763672,14.279999732971191,41856,0.0,0.0,0.0
2025-07-28 02:15:00+00:00,14.289999961853027,14.289999961853027,14.270000457763672,14.270000457763672,57200,0.0,0.0,0.0
2025-07-28 02:20:00+00:00,14.279999732971191,14.279999732971191,14.270000457763672,14.270000457763672,29020,0.0,0.0,0.0
2025-07-28 02:25:00+00:00,14.270000457763672,14.279999732971191,14.270000457763672,14.279999732971191,22180,0.0,0.0,0.0
2025-07-28 02:30:00+00:00,14.279999732971191,14.279999732971191,14.270000457763672,14.270000457763672,19387,0.0,0.0,0.0
2025-07-28 02:35:00+00:00,14.279999732971191,14.289999961853027,14.279999732971191,14.289999961853027,93021,0.0,0.0,0.0
2025-07-28 02:40:00+00:00,14.289999961853027,14.289999961853027,14.279999732971191,14.279999732971191,14259,0.0,0.0,0.0
2025-07-28 02:45:00+00:00,14.279999732971191,14.279999732971191,14.279999732971191,14.279999732971191,27302,0.0,0.0,0.0
2025-07-28 02:50:00+00:00,14.279999732971191,14.279999732971191,14.279999732971191,14.279999732971191,5323,0.0,0.0,0.0
2025-07-28 02:55:00+00:00,14.279999732971191,14.279999732971191,14.279999732971191,14.279999732971191,2049,0.0,0.0,0.0
2025-07-28 03:00:00+00:00,14.279999732971191,14.279999732971191,14.279999732971191,14.279999732971191,53640,0.0,0.0,0.0
2025-07-28 03:05:00+00:00,14.279999732971191,14.279999732971191,14.270000457763672,14.270000457763672,5378,0.0,0.0,0.0
2025-07-28 03:10:00+00:00,14.279999732971191,14.279999732971191,14.270000457763672,14.270000457763672,60131,0.0,0.0,0.0
2025-07-28 03:15:00+00:00,14.289999961853027,14.289999961853027,14.279999732971191,14.279999732971191,8229,0.0,0.0,0.0
2025-07-28 03:20:00+00:00,14.289999961853027,14.289999961853027,14.270000457763672,14.279999732971191,19083,0.0,0.0,0.0
2025-07-28 03:25:00+00:00,14.289999961853027,14.300000190734863,14.279999732971191,14.300000190734863,323131,0.0,0.0,0.0
2025-07-28 03:30:00+00:00,14.300000190734863,14.300000190734863,14.300000190734863,14.300000190734863,6545,0.0,0.0,0.0
2025-07-28 03:35:00+00:00,14.300000190734863,14.300000190734863,14.300000190734863,14.300000190734863,618872,0.0,0.0,0.0
2025-07-28 03:40:00+00:00,14.300000190734863,14.300000190734863,14.289999961853027,14.289999961853027,4019,0.0,0.0,0.0
2025-07-28 03:45:00+00:00,14.300000190734863,14.3100004196167,14.300000190734863,14.3100004196167,184540,0.0,0.0,0.0
2025-07-28 03:50:00+00:00,14.300000190734863,14.300000190734863,14.289999961853027,14.300000190734863,8348,0.0,0.0,0.0
2025-07-28 03:55:00+00:00,14.289999961853027,14.300000190734863,14.289999961853027,14.300000190734863,17480,0.0,0.0,0.0
2025-07-28 04:00:00+00:00,14.300000190734863,14.300000190734863,14.289999961853027,14.289999961853027,6209,0.0,0.0,0.0
2025-07-28 04:05:00+00:00,14.289999961853027,14.300000190734863,14.279999732971191,14.289999961853027,10216,0.0,0.0,0.0
2025-07-28 04:10:00+00:00,14.279999732971191,14.289999961853027,14.279999732971191,14.279999732971191,19129,0.0,0.0,0.0
2025-07-28 04:15:00+00:00,14.289999961853027,14.289999961853027,14.279999732971191,14.279999732971191,18077,0.0,0.0,0.0
2025-07-28 04:20:00+00:00,14.279999732971191,14.289999961853027,14.279999732971191,14.289999961853027,7717,0.0,0.0,0.0
2025-07-28 04:25:00+00:00,14.279999732971191,14.279999732971191,14.270000457763672,14.270000457763672,3010,0.0,0.0,0.0
2025-07-28 04:30:00+00:00,14.279999732971191,14.279999732971191,14.279999732971191,14.279999732971191,14241,0.0,0.0,0.0
2025-07-28 04:35:00+00:00,14.279999732971191,14.279999732971191,14.279999732971191,14.279999732971191,10210,0.0,0.0,0.0
2025-07-28 04:40:00+00:00,14.279999732971191,14.279999732971191,14.279999732971191,14.279999732971191,145090,0.0,0.0,0.0
2025-07-28 04:45:00+00:00,14.289999961853027,14.289999961853027,14.279999732971191,14.289999961853027,13354,0.0,0.0,0.0
2025-07-28 04:50:00+00:00,14.289999961853027,14.289999961853027,14.289999961853027,14.289999961853027,40550,0.0,0.0,0.0
2025-07-28 04:55:00+00:00,14.289999961853027,14.289999961853027,14.279999732971191,14.279999732971191,5000,0.0,0.0,0.0
2025-07-28 05:00:00+00:00,14.289999961853027,14.289999961853027,14.279999732971191,14.279999732971191,15162,0.0,0.0,0.0
2025-07-28 05:05:00+00:00,14.279999732971191,14.289999961853027,14.279999732971191,14.289999961853027,17760,0.0,0.0,0.0
2025-07-28 05:15:00+00:00,14.289999961853027,14.289999961853027,14.279999732971191,14.289999961853027,30145,0.0,0.0,0.0
2025-07-28 05:20:00+00:00,14.289999961853027,14.289999961853027,14.289999961853027,14.289999961853027,2950,0.0,0.0,0.0
2025-07-29 01:00:00+00:00,14.260000228881836,14.260000228881836,14.220000267028809,14.220000267028809,0,0.0,0.0,0.0
2025-07-29 01:05:00+00:00,14.229999542236328,14.239999771118164,14.229999542236328,14.239999771118164,22553,0.0,0.0,0.0
2025-07-29 01:10:00+00:00,14.239999771118164,14.239999771118164,14.220000267028809,14.229999542236328,27669,0.0,0.0,0.0
2025-07-29 01:15:00+00:00,14.229999542236328,14.239999771118164,14.229999542236328,14.229999542236328,29284,0.0,0.0,0.0
2025-07-29 01:20:00+00:00,14.229999542236328,14.229999542236328,14.229999542236328,14.229999542236328,5211,0.0,0.0,0.0
2025-07-29 01:25:00+00:00,14.220000267028809,14.220000267028809,14.220000267028809,14.220000267028809,5446,0.0,0.0,0.0
2025-07-29 01:30:00+00:00,14.229999542236328,14.229999542236328,14.220000267028809,14.220000267028809,12417,0.0,0.0,0.0
2025-07-29 01:35:00+00:00,14.229999542236328,14.229999542236328,14.220000267028809,14.229999542236328,24639,0.0,0.0,0.0
2025-07-29 01:40:00+00:00,14.220000267028809,14.220000267028809,14.220000267028809,14.220000267028809,12465,0.0,0.0,0.0
2025-07-29 01:45:00+00:00,14.220000267028809,14.220000267028809,14.199999809265137,14.210000038146973,41524,0.0,0.0,0.0
2025-07-29 01:50:00+00:00,14.199999809265137,14.199999809265137,14.199999809265137,14.199999809265137,10734,0.0,0.0,0.0
2025-07-29 01:55:00+00:00,14.1899995803833,14.1899995803833,14.140000343322754,14.140000343322754,107996,0.0,0.0,0.0
2025-07-29 02:00:00+00:00,14.130000114440918,14.140000343322754,14.0600004196167,14.079999923706055,74209,0.0,0.0,0.0
2025-07-29 02:05:00+00:00,14.079999923706055,14.140000343322754,14.079999923706055,14.130000114440918,451138,0.0,0.0,0.0
2025-07-29 02:10:00+00:00,14.140000343322754,14.149999618530273,14.130000114440918,14.140000343322754,20199,0.0,0.0,0.0
2025-07-29 02:15:00+00:00,14.149999618530273,14.149999618530273,14.119999885559082,14.119999885559082,84485,0.0,0.0,0.0
2025-07-29 02:20:00+00:00,14.119999885559082,14.119999885559082,14.109999656677246,14.119999885559082,20366,0.0,0.0,0.0
2025-07-29 02:25:00+00:00,14.119999885559082,14.119999885559082,14.100000381469727,14.100000381469727,47115,0.0,0.0,0.0
2025-07-29 02:30:00+00:00,14.100000381469727,14.109999656677246,14.09000015258789,14.09000015258789,56193,0.0,0.0,0.0
2025-07-29 02:35:00+00:00,14.09000015258789,14.09000015258789,14.079999923706055,14.079999923706055,20535,0.0,0.0,0.0
2025-07-29 02:40:00+00:00,14.09000015258789,14.119999885559082,14.09000015258789,14.119999885559082,14712,0.0,0.0,0.0
2025-07-29 02:45:00+00:00,14.119999885559082,14.119999885559082,14.109999656677246,14.109999656677246,12343,0.0,0.0,0.0
2025-07-29 02:50:00+00:00,14.109999656677246,14.119999885559082,14.109999656677246,14.119999885559082,17062,0.0,0.0,0.0
2025-07-29 02:55:00+00:00,14.119999885559082,14.119999885559082,14.109999656677246,14.109999656677246,13489,0.0,0.0,0.0
2025-07-29 03:00:00+00:00,14.130000114440918,14.130000114440918,14.119999885559082,14.119999885559082,35628,0.0,0.0,0.0
2025-07-29 03:05:00+00:00,14.130000114440918,14.130000114440918,14.130000114440918,14.130000114440918,12667,0.0,0.0,0.0
2025-07-29 03:10:00+00:00,14.119999885559082,14.119999885559082,14.119999885559082,14.119999885559082,11479,0.0,0.0,0.0
2025-07-29 03:15:00+00:00,14.119999885559082,14.119999885559082,14.119999885559082,14.119999885559082,10127,0.0,0.0,0.0
2025-07-29 03:20:00+00:00,14.130000114440918,14.130000114440918,14.109999656677246,14.109999656677246,3492,0.0,0.0,0.0
2025-07-29 03:30:00+00:00,14.130000114440918,14.130000114440918,14.130000114440918,14.130000114440918,3421,0.0,0.0,0.0
2025-07-29 03:35:00+00:00,14.130000114440918,14.130000114440918,14.119999885559082,14.119999885559082,49022,0.0,0.0,0.0
2025-07-29 03:40:00+00:00,14.130000114440918,14.130000114440918,14.119999885559082,14.119999885559082,16081,0.0,0.0,0.0
2025-07-29 03:45:00+00:00,14.119999885559082,14.119999885559082,14.119999885559082,14.119999885559082,27341,0.0,0.0,0.0
2025-07-29 03:50:00+00:00,14.130000114440918,14.130000114440918,14.119999885559082,14.119999885559082,4375,0.0,0.0,0.0
2025-07-29 03:55:00+00:00,14.130000114440918,14.130000114440918,14.119999885559082,14.130000114440918,4409,0.0,0.0,0.0
2025-07-29 04:00:00+00:00,14.119999885559082,14.119999885559082,14.119999885559082,14.119999885559082,32476,0.0,0.0,0.0
2025-07-29 04:05:00+00:00,14.119999885559082,14.119999885559082,14.119999885559082,14.119999885559082,3023,0.0,0.0,0.0
2025-07-29 04:10:00+00:00,14.119999885559082,14.119999885559082,14.119999885559082,14.119999885559082,31457,0.0,0.0,0.0
2025-07-29 04:15:00+00:00,14.119999885559082,14.130000114440918,14.119999885559082,14.119999885559082,20134,0.0,0.0,0.0
2025-07-29 04:20:00+00:00,14.119999885559082,14.119999885559082,14.119999885559082,14.119999885559082,6160,0.0,0.0,0.0
2025-07-29 04:25:00+00:00,14.109999656677246,14.109999656677246,14.109999656677246,14.109999656677246,51322,0.0,0.0,0.0
2025-07-29 04:30:00+00:00,14.119999885559082,14.119999885559082,14.109999656677246,14.109999656677246,26001,0.0,0.0,0.0
2025-07-29 04:35:00+00:00,14.109999656677246,14.109999656677246,14.109999656677246,14.109999656677246,11010,0.0,0.0,0.0
2025-07-29 04:40:00+00:00,14.109999656677246,14.109999656677246,14.100000381469727,14.100000381469727,7276,0.0,0.0,0.0
2025-07-29 04:45:00+00:00,14.100000381469727,14.100000381469727,14.100000381469727,14.100000381469727,20350,0.0,0.0,0.0
2025-07-29 04:50:00+00:00,14.109999656677246,14.109999656677246,14.100000381469727,14.100000381469727,22114,0.0,0.0,0.0
2025-07-29 04:55:00+00:00,14.100000381469727,14.109999656677246,14.100000381469727,14.100000381469727,10461,0.0,0.0,0.0
2025-07-29 05:00:00+00:00,14.100000381469727,14.109999656677246,14.100000381469727,14.109999656677246,55220,0.0,0.0,0.0
2025-07-29 05:05:00+00:00,14.109999656677246,14.119999885559082,14.109999656677246,14.109999656677246,33704,0.0,0.0,0.0
2025-07-29 05:10:00+00:00,14.119999885559082,14.119999885559082,14.109999656677246,14.119999885559082,40482,0.0,0.0,0.0
2025-07-29 05:15:00+00:00,14.130000114440918,14.130000114440918,14.109999656677246,14.130000114440918,8730,0.0,0.0,0.0
2025-07-29 05:20:00+00:00,14.119999885559082,14.130000114440918,14.109999656677246,14.130000114440918,114486,0.0,0.0,0.0
2025-07-30 01:00:00+00:00,14.199999809265137,14.229999542236328,14.199999809265137,14.229999542236328,0,0.0,0.0,0.0
2025-07-30 01:05:00+00:00,14.220000267028809,14.229999542236328,14.199999809265137,14.199999809265137,51028,0.0,0.0,0.0
2025-07-30 01:10:00+00:00,14.199999809265137,14.199999809265137,14.1899995803833,14.199999809265137,138906,0.0,0.0,0.0
2025-07-30 01:15:00+00:00,14.199999809265137,14.199999809265137,14.180000305175781,14.1899995803833,71509,0.0,0.0,0.0
2025-07-30 01:20:00+00:00,14.180000305175781,14.180000305175781,14.170000076293945,14.170000076293945,13013,0.0,0.0,0.0
2025-07-30 01:25:00+00:00,14.15999984741211,14.170000076293945,14.15999984741211,14.15999984741211,31389,0.0,0.0,0.0
2025-07-30 01:30:00+00:00,14.170000076293945,14.199999809265137,14.149999618530273,14.199999809265137,220683,0.0,0.0,0.0
2025-07-30 01:35:00+00:00,14.199999809265137,14.220000267028809,14.1899995803833,14.220000267028809,419090,0.0,0.0,0.0
2025-07-30 01:40:00+00:00,14.220000267028809,14.229999542236328,14.220000267028809,14.229999542236328,39568,0.0,0.0,0.0
2025-07-30 01:45:00+00:00,14.229999542236328,14.239999771118164,14.229999542236328,14.229999542236328,29861,0.0,0.0,0.0
2025-07-30 01:50:00+00:00,14.229999542236328,14.229999542236328,14.210000038146973,14.210000038146973,38750,0.0,0.0,0.0
2025-07-30 01:55:00+00:00,14.210000038146973,14.220000267028809,14.210000038146973,14.220000267028809,32296,0.0,0.0,0.0
2025-07-30 02:00:00+00:00,14.220000267028809,14.220000267028809,14.210000038146973,14.210000038146973,6034,0.0,0.0,0.0
2025-07-30 02:05:00+00:00,14.210000038146973,14.220000267028809,14.210000038146973,14.210000038146973,27406,0.0,0.0,0.0
2025-07-30 02:10:00+00:00,14.199999809265137,14.199999809265137,14.199999809265137,14.199999809265137,18673,0.0,0.0,0.0
2025-07-30 02:15:00+00:00,14.210000038146973,14.220000267028809,14.210000038146973,14.220000267028809,54533,0.0,0.0,0.0
2025-07-30 02:20:00+00:00,14.220000267028809,14.239999771118164,14.220000267028809,14.239999771118164,213054,0.0,0.0,0.0
2025-07-30 02:25:00+00:00,14.229999542236328,14.239999771118164,14.229999542236328,14.239999771118164,3012,0.0,0.0,0.0
2025-07-30 02:30:00+00:00,14.229999542236328,14.229999542236328,14.229999542236328,14.229999542236328,1022,0.0,0.0,0.0
2025-07-30 02:35:00+00:00,14.210000038146973,14.210000038146973,14.1899995803833,14.1899995803833,7033,0.0,0.0,0.0
2025-07-30 02:40:00+00:00,14.210000038146973,14.210000038146973,14.199999809265137,14.199999809265137,50024,0.0,0.0,0.0
2025-07-30 02:45:00+00:00,14.220000267028809,14.229999542236328,14.199999809265137,14.229999542236328,70807,0.0,0.0,0.0
2025-07-30 02:50:00+00:00,14.229999542236328,14.229999542236328,14.229999542236328,14.229999542236328,41695,0.0,0.0,0.0
2025-07-30 02:55:00+00:00,14.229999542236328,14.229999542236328,14.229999542236328,14.229999542236328,2120,0.0,0.0,0.0
2025-07-30 03:00:00+00:00,14.220000267028809,14.229999542236328,14.220000267028809,14.229999542236328,5034,0.0,0.0,0.0
2025-07-30 03:05:00+00:00,14.229999542236328,14.229999542236328,14.229999542236328,14.229999542236328,289023,0.0,0.0,0.0
2025-07-30 03:10:00+00:00,14.220000267028809,14.229999542236328,14.220000267028809,14.229999542236328,4113,0.0,0.0,0.0
2025-07-30 03:15:00+00:00,14.229999542236328,14.229999542236328,14.220000267028809,14.220000267028809,3033,0.0,0.0,0.0
2025-07-30 03:20:00+00:00,14.220000267028809,14.220000267028809,14.220000267028809,14.220000267028809,5597,0.0,0.0,0.0
2025-07-30 03:25:00+00:00,14.229999542236328,14.229999542236328,14.229999542236328,14.229999542236328,34143,0.0,0.0,0.0
2025-07-30 03:30:00+00:00,14.239999771118164,14.239999771118164,14.229999542236328,14.229999542236328,7731,0.0,0.0,0.0
2025-07-30 03:35:00+00:00,14.229999542236328,14.229999542236328,14.229999542236328,14.229999542236328,17572,0.0,0.0,0.0
2025-07-30 03:40:00+00:00,14.229999542236328,14.229999542236328,14.229999542236328,14.229999542236328,4011,0.0,0.0,0.0
2025-07-30 03:45:00+00:00,14.229999542236328,14.229999542236328,14.220000267028809,14.220000267028809,12021,0.0,0.0,0.0
2025-07-30 03:50:00+00:00,14.220000267028809,14.220000267028809,14.220000267028809,14.220000267028809,21232,0.0,0.0,0.0
2025-07-30 03:55:00+00:00,14.220000267028809,14.220000267028809,14.220000267028809,14.220000267028809,9038,0.0,0.0,0.0
2025-07-30 04:00:00+00:00,14.229999542236328,14.229999542236328,14.220000267028809,14.220000267028809,3376,0.0,0.0,0.0
2025-07-30 04:05:00+00:00,14.210000038146973,14.210000038146973,14.210000038146973,14.210000038146973,2010,0.0,0.0,0.0
2025-07-30 04:10:00+00:00,14.220000267028809,14.220000267028809,14.220000267028809,14.220000267028809,3556,0.0,0.0,0.0
2025-07-30 04:15:00+00:00,14.220000267028809,14.220000267028809,14.199999809265137,14.210000038146973,30181,0.0,0.0,0.0
2025-07-30 04:20:00+00:00,14.220000267028809,14.220000267028809,14.210000038146973,14.210000038146973,14011,0.0,0.0,0.0
2025-07-30 04:25:00+00:00,14.210000038146973,14.229999542236328,14.210000038146973,14.229999542236328,171086,0.0,0.0,0.0
2025-07-30 04:30:00+00:00,14.229999542236328,14.229999542236328,14.229999542236328,14.229999542236328,132349,0.0,0.0,0.0
2025-07-30 04:35:00+00:00,14.229999542236328,14.229999542236328,14.229999542236328,14.229999542236328,68040,0.0,0.0,0.0
2025-07-30 04:40:00+00:00,14.229999542236328,14.229999542236328,14.229999542236328,14.229999542236328,18226,0.0,0.0,0.0
2025-07-30 04:45:00+00:00,14.220000267028809,14.229999542236328,14.220000267028809,14.220000267028809,26118,0.0,0.0,0.0
2025-07-30 04:50:00+00:00,14.220000267028809,14.229999542236328,14.220000267028809,14.220000267028809,58220,0.0,0.0,0.0
2025-07-30 04:55:00+00:00,14.220000267028809,14.229999542236328,14.220000267028809,14.229999542236328,20529,0.0,0.0,0.0
2025-07-30 05:00:00+00:00,14.229999542236328,14.229999542236328,14.229999542236328,14.229999542236328,48032,0.0,0.0,0.0
2025-07-30 05:05:00+00:00,14.229999542236328,14.239999771118164,14.229999542236328,14.229999542236328,16584,0.0,0.0,0.0
2025-07-30 05:10:00+00:00,14.229999542236328,14.229999542236328,14.220000267028809,14.220000267028809,111065,0.0,0.0,0.0
2025-07-30 05:15:00+00:00,14.229999542236328,14.229999542236328,14.220000267028809,14.220000267028809,7228,0.0,0.0,0.0
2025-07-30 05:20:00+00:00,14.220000267028809,14.220000267028809,14.210000038146973,14.210000038146973,7639,0.0,0.0,0.0
2025-07-31 01:00:00+00:00,14.270000457763672,14.319999694824219,14.270000457763672,14.3100004196167,0,0.0,0.0,0.0
2025-07-31 01:05:00+00:00,14.3100004196167,14.329999923706055,14.3100004196167,14.3100004196167,152000,0.0,0.0,0.0
2025-07-31 01:10:00+00:00,14.3100004196167,14.319999694824219,14.3100004196167,14.319999694824219,148755,0.0,0.0,0.0
2025-07-31 01:15:00+00:00,14.3100004196167,14.3100004196167,14.3100004196167,14.3100004196167,51004,0.0,0.0,0.0
2025-07-31 01:20:00+00:00,14.3100004196167,14.3100004196167,14.300000190734863,14.300000190734863,110337,0.0,0.0,0.0
2025-07-31 01:25:00+00:00,14.300000190734863,14.3100004196167,14.300000190734863,14.300000190734863,81177,0.0,0.0,0.0
2025-07-31 01:30:00+00:00,14.300000190734863,14.329999923706055,14.300000190734863,14.329999923706055,354823,0.0,0.0,0.0
2025-07-31 01:35:00+00:00,14.319999694824219,14.319999694824219,14.3100004196167,14.3100004196167,16912,0.0,0.0,0.0
2025-07-31 01:40:00+00:00,14.300000190734863,14.3100004196167,14.300000190734863,14.300000190734863,12042,0.0,0.0,0.0
2025-07-31 01:45:00+00:00,14.3100004196167,14.3100004196167,14.3100004196167,14.3100004196167,53312,0.0,0.0,0.0
2025-07-31 01:50:00+00:00,14.3100004196167,14.319999694824219,14.3100004196167,14.319999694824219,126440,0.0,0.0,0.0
2025-07-31 01:55:00+00:00,14.3100004196167,14.3100004196167,14.3100004196167,14.3100004196167,99712,0.0,0.0,0.0
2025-07-31 02:00:00+00:00,14.3100004196167,14.329999923706055,14.3100004196167,14.329999923706055,171626,0.0,0.0,0.0
2025-07-31 02:05:00+00:00,14.329999923706055,14.329999923706055,14.319999694824219,14.329999923706055,97133,0.0,0.0,0.0
2025-07-31 02:10:00+00:00,14.329999923706055,14.329999923706055,14.329999923706055,14.329999923706055,8224,0.0,0.0,0.0
2025-07-31 02:15:00+00:00,14.329999923706055,14.350000381469727,14.329999923706055,14.350000381469727,608920,0.0,0.0,0.0
2025-07-31 02:20:00+00:00,14.350000381469727,14.359999656677246,14.350000381469727,14.350000381469727,38043,0.0,0.0,0.0
2025-07-31 02:25:00+00:00,14.350000381469727,14.350000381469727,14.34000015258789,14.34000015258789,10255,0.0,0.0,0.0
2025-07-31 02:30:00+00:00,14.34000015258789,14.359999656677246,14.34000015258789,14.350000381469727,151984,0.0,0.0,0.0
2025-07-31 02:35:00+00:00,14.34000015258789,14.359999656677246,14.34000015258789,14.350000381469727,400629,0.0,0.0,0.0
2025-07-31 02:40:00+00:00,14.350000381469727,14.369999885559082,14.350000381469727,14.359999656677246,140358,0.0,0.0,0.0
2025-07-31 02:45:00+00:00,14.359999656677246,14.359999656677246,14.359999656677246,14.359999656677246,61464,0.0,0.0,0.0
2025-07-31 02:50:00+00:00,14.359999656677246,14.369999885559082,14.359999656677246,14.369999885559082,24419,0.0,0.0,0.0
2025-07-31 02:55:00+00:00,14.359999656677246,14.359999656677246,14.359999656677246,14.359999656677246,29024,0.0,0.0,0.0
2025-07-31 03:00:00+00:00,14.359999656677246,14.359999656677246,14.359999656677246,14.359999656677246,25176,0.0,0.0,0.0
2025-07-31 03:05:00+00:00,14.359999656677246,14.359999656677246,14.350000381469727,14.350000381469727,17465,0.0,0.0,0.0
2025-07-31 03:10:00+00:00,14.359999656677246,14.359999656677246,14.359999656677246,14.359999656677246,49185,0.0,0.0,0.0
2025-07-31 03:15:00+00:00,14.350000381469727,14.350000381469727,14.350000381469727,14.350000381469727,8122,0.0,0.0,0.0
2025-07-31 03:20:00+00:00,14.350000381469727,14.359999656677246,14.350000381469727,14.359999656677246,29343,0.0,0.0,0.0
2025-07-31 03:25:00+00:00,14.359999656677246,14.359999656677246,14.359999656677246,14.359999656677246,11501,0.0,0.0,0.0
2025-07-31 03:30:00+00:00,14.359999656677246,14.359999656677246,14.359999656677246,14.359999656677246,2422,0.0,0.0,0.0
2025-07-31 03:35:00+00:00,14.359999656677246,14.369999885559082,14.359999656677246,14.359999656677246,5134,0.0,0.0,0.0
2025-07-31 03:40:00+00:00,14.359999656677246,14.359999656677246,14.359999656677246,14.359999656677246,10149,0.0,0.0,0.0
2025-07-31 03:45:00+00:00,14.350000381469727,14.359999656677246,14.350000381469727,14.350000381469727,19112,0.0,0.0,0.0
2025-07-31 03:50:00+00:00,14.350000381469727,14.359999656677246,14.350000381469727,14.359999656677246,60126,0.0,0.0,0.0
2025-07-31 03:55:00+00:00,14.359999656677246,14.359999656677246,14.359999656677246,14.359999656677246,2035,0.0,0.0,0.0
2025-07-31 04:00:00+00:00,14.359999656677246,14.359999656677246,14.350000381469727,14.359999656677246,21020,0.0,0.0,0.0
2025-07-31 04:05:00+00:00,14.359999656677246,14.359999656677246,14.359999656677246,14.359999656677246,30023,0.0,0.0,0.0
2025-07-31 04:10:00+00:00,14.359999656677246,14.369999885559082,14.359999656677246,14.369999885559082,426022,0.0,0.0,0.0
2025-07-31 04:15:00+00:00,14.369999885559082,14.369999885559082,14.359999656677246,14.359999656677246,87063,0.0,0.0,0.0
2025-07-31 04:20:00+00:00,14.359999656677246,14.359999656677246,14.359999656677246,14.359999656677246,34072,0.0,0.0,0.0
2025-07-31 04:25:00+00:00,14.359999656677246,14.359999656677246,14.359999656677246,14.359999656677246,15023,0.0,0.0,0.0
2025-07-31 04:30:00+00:00,14.369999885559082,14.369999885559082,14.369999885559082,14.369999885559082,2474,0.0,0.0,0.0
2025-07-31 04:35:00+00:00,14.359999656677246,14.369999885559082,14.359999656677246,14.359999656677246,255582,0.0,0.0,0.0
2025-07-31 04:40:00+00:00,14.359999656677246,14.369999885559082,14.359999656677246,14.369999885559082,36689,0.0,0.0,0.0
2025-07-31 04:45:00+00:00,14.380000114440918,14.380000114440918,14.369999885559082,14.380000114440918,239554,0.0,0.0,0.0
2025-07-31 04:50:00+00:00,14.380000114440918,14.380000114440918,14.380000114440918,14.380000114440918,18015,0.0,0.0,0.0
2025-07-31 04:55:00+00:00,14.380000114440918,14.380000114440918,14.380000114440918,14.380000114440918,65274,0.0,0.0,0.0
2025-07-31 05:00:00+00:00,14.380000114440918,14.390000343322754,14.380000114440918,14.390000343322754,51275,0.0,0.0,0.0
2025-07-31 05:05:00+00:00,14.380000114440918,14.380000114440918,14.380000114440918,14.380000114440918,11385,0.0,0.0,0.0
2025-07-31 05:10:00+00:00,14.380000114440918,14.399999618530273,14.380000114440918,14.390000343322754,232930,0.0,0.0,0.0
2025-07-31 05:15:00+00:00,14.399999618530273,14.40999984741211,14.399999618530273,14.399999618530273,427383,0.0,0.0,0.0
2025-07-31 05:20:00+00:00,14.399999618530273,14.40999984741211,14.399999618530273,14.399999618530273,70920,0.0,0.0,0.0
2025-08-01 01:00:00+00:00,14.229999542236328,14.300000190734863,14.1899995803833,14.270000457763672,0,0.0,0.0,0.0
2025-08-01 01:05:00+00:00,14.270000457763672,14.289999961853027,14.270000457763672,14.289999961853027,139566,0.0,0.0,0.0
2025-08-01 01:10:00+00:00,14.289999961853027,14.34000015258789,14.289999961853027,14.3100004196167,165011,0.0,0.0,0.0
2025-08-01 01:15:00+00:00,14.3100004196167,14.319999694824219,14.300000190734863,14.3100004196167,108704,0.0,0.0,0.0
2025-08-01 01:20:00+00:00,14.3100004196167,14.3100004196167,14.3100004196167,14.3100004196167,72162,0.0,0.0,0.0
2025-08-01 01:25:00+00:00,14.3100004196167,14.3100004196167,14.300000190734863,14.3100004196167,80014,0.0,0.0,0.0
2025-08-01 01:30:00+00:00,14.319999694824219,14.319999694824219,14.319999694824219,14.319999694824219,295592,0.0,0.0,0.0
2025-08-01 01:35:00+00:00,14.329999923706055,14.34000015258789,14.329999923706055,14.34000015258789,105742,0.0,0.0,0.0
2025-08-01 01:40:00+00:00,14.350000381469727,14.369999885559082,14.34000015258789,14.369999885559082,108788,0.0,0.0,0.0
2025-08-01 01:45:00+00:00,14.369999885559082,14.369999885559082,14.359999656677246,14.359999656677246,12084,0.0,0.0,0.0
2025-08-01 01:50:00+00:00,14.359999656677246,14.369999885559082,14.359999656677246,14.369999885559082,23071,0.0,0.0,0.0
2025-08-01 01:55:00+00:00,14.359999656677246,14.359999656677246,14.34000015258789,14.350000381469727,49145,0.0,0.0,0.0
2025-08-01 02:00:00+00:00,14.350000381469727,14.350000381469727,14.350000381469727,14.350000381469727,4011,0.0,0.0,0.0
2025-08-01 02:05:00+00:00,14.359999656677246,14.359999656677246,14.359999656677246,14.359999656677246,81520,0.0,0.0,0.0
2025-08-01 02:10:00+00:00,14.359999656677246,14.369999885559082,14.350000381469727,14.369999885559082,55362,0.0,0.0,0.0
2025-08-01 02:15:00+00:00,14.369999885559082,14.380000114440918,14.369999885559082,14.380000114440918,29733,0.0,0.0,0.0
2025-08-01 02:20:00+00:00,14.380000114440918,14.380000114440918,14.369999885559082,14.369999885559082,2211,0.0,0.0,0.0
2025-08-01 02:25:00+00:00,14.359999656677246,14.359999656677246,14.350000381469727,14.350000381469727,13334,0.0,0.0,0.0
2025-08-01 02:30:00+00:00,14.34000015258789,14.350000381469727,14.329999923706055,14.329999923706055,24261,0.0,0.0,0.0
2025-08-01 02:35:00+00:00,14.329999923706055,14.34000015258789,14.329999923706055,14.34000015258789,34090,0.0,0.0,0.0
2025-08-01 02:40:00+00:00,14.350000381469727,14.350000381469727,14.350000381469727,14.350000381469727,14008,0.0,0.0,0.0
2025-08-01 02:45:00+00:00,14.350000381469727,14.359999656677246,14.350000381469727,14.359999656677246,7049,0.0,0.0,0.0
2025-08-01 02:50:00+00:00,14.359999656677246,14.380000114440918,14.350000381469727,14.369999885559082,99669,0.0,0.0,0.0
2025-08-01 02:55:00+00:00,14.369999885559082,14.369999885559082,14.359999656677246,14.359999656677246,3170,0.0,0.0,0.0
2025-08-01 03:00:00+00:00,14.359999656677246,14.359999656677246,14.359999656677246,14.359999656677246,22208,0.0,0.0,0.0
2025-08-01 03:05:00+00:00,14.369999885559082,14.369999885559082,14.359999656677246,14.359999656677246,22103,0.0,0.0,0.0
2025-08-01 03:10:00+00:00,14.369999885559082,14.369999885559082,14.329999923706055,14.329999923706055,53432,0.0,0.0,0.0
2025-08-01 03:20:00+00:00,14.34000015258789,14.350000381469727,14.34000015258789,14.34000015258789,237718,0.0,0.0,0.0
2025-08-01 03:25:00+00:00,14.329999923706055,14.34000015258789,14.319999694824219,14.34000015258789,126912,0.0,0.0,0.0
2025-08-01 03:30:00+00:00,14.350000381469727,14.350000381469727,14.34000015258789,14.34000015258789,204747,0.0,0.0,0.0
2025-08-01 03:35:00+00:00,14.329999923706055,14.34000015258789,14.329999923706055,14.34000015258789,5118,0.0,0.0,0.0
2025-08-01 03:40:00+00:00,14.329999923706055,14.34000015258789,14.3100004196167,14.3100004196167,56087,0.0,0.0,0.0
2025-08-01 03:45:00+00:00,14.319999694824219,14.329999923706055,14.319999694824219,14.319999694824219,10100,0.0,0.0,0.0
2025-08-01 03:50:00+00:00,14.329999923706055,14.329999923706055,14.3100004196167,14.319999694824219,23029,0.0,0.0,0.0
2025-08-01 03:55:00+00:00,14.319999694824219,14.329999923706055,14.319999694824219,14.329999923706055,17227,0.0,0.0,0.0
2025-08-01 04:00:00+00:00,14.329999923706055,14.329999923706055,14.3100004196167,14.329999923706055,49780,0.0,0.0,0.0
2025-08-01 04:05:00+00:00,14.3100004196167,14.3100004196167,14.3100004196167,14.3100004196167,3035,0.0,0.0,0.0
2025-08-01 04:10:00+00:00,14.3100004196167,14.3100004196167,14.3100004196167,14.3100004196167,5210,0.0,0.0,0.0
2025-08-01 04:15:00+00:00,14.319999694824219,14.319999694824219,14.3100004196167,14.3100004196167,58692,0.0,0.0,0.0
2025-08-01 04:20:00+00:00,14.3100004196167,14.3100004196167,14.3100004196167,14.3100004196167,7176,0.0,0.0,0.0
2025-08-01 04:25:00+00:00,14.319999694824219,14.319999694824219,14.319999694824219,14.319999694824219,3291,0.0,0.0,0.0
2025-08-01 04:30:00+00:00,14.319999694824219,14.319999694824219,14.319999694824219,14.319999694824219,15145,0.0,0.0,0.0
2025-08-01 04:35:00+00:00,14.319999694824219,14.329999923706055,14.319999694824219,14.329999923706055,68460,0.0,0.0,0.0
2025-08-01 04:40:00+00:00,14.319999694824219,14.329999923706055,14.319999694824219,14.329999923706055,54224,0.0,0.0,0.0
2025-08-01 04:45:00+00:00,14.329999923706055,14.329999923706055,14.329999923706055,14.329999923706055,10536,0.0,0.0,0.0
2025-08-01 04:50:00+00:00,14.319999694824219,14.319999694824219,14.319999694824219,14.319999694824219,7000,0.0,0.0,0.0
2025-08-01 04:55:00+00:00,14.319999694824219,14.329999923706055,14.319999694824219,14.329999923706055,14839,0.0,0.0,0.0
2025-08-01 05:00:00+00:00,14.329999923706055,14.329999923706055,14.319999694824219,14.329999923706055,38951,0.0,0.0,0.0
2025-08-01 05:05:00+00:00,14.329999923706055,14.34000015258789,14.329999923706055,14.34000015258789,165045,0.0,0.0,0.0
2025-08-01 05:10:00+00:00,14.350000381469727,14.350000381469727,14.34000015258789,14.34000015258789,95354,0.0,0.0,0.0
2025-08-01 05:15:00+00:00,14.350000381469727,14.350000381469727,14.34000015258789,14.350000381469727,25240,0.0,0.0,0.0
2025-08-01 05:20:00+00:00,14.350000381469727,14.359999656677246,14.350000381469727,14.359999656677246,18561,0.0,0.0,0.0
2025-08-04 01:00:00+00:00,14.199999809265137,14.220000267028809,14.199999809265137,14.220000267028809,0,0.0,0.0,0.0
2025-08-04 01:05:00+00:00,14.220000267028809,14.220000267028809,14.199999809265137,14.199999809265137,72621,0.0,0.0,0.0
2025-08-04 01:10:00+00:00,14.199999809265137,14.210000038146973,14.180000305175781,14.199999809265137,97635,0.0,0.0,0.0
2025-08-04 01:15:00+00:00,14.210000038146973,14.210000038146973,14.199999809265137,14.210000038146973,65664,0.0,0.0,0.0
2025-08-04 01:20:00+00:00,14.210000038146973,14.220000267028809,14.210000038146973,14.220000267028809,23274,0.0,0.0,0.0
2025-08-04 01:25:00+00:00,14.210000038146973,14.229999542236328,14.210000038146973,14.210000038146973,61911,0.0,0.0,0.0
2025-08-04 01:30:00+00:00,14.229999542236328,14.239999771118164,14.229999542236328,14.239999771118164,21847,0.0,0.0,0.0
2025-08-04 01:35:00+00:00,14.25,14.25,14.229999542236328,14.239999771118164,57507,0.0,0.0,0.0
2025-08-04 01:40:00+00:00,14.239999771118164,14.25,14.229999542236328,14.239999771118164,178835,0.0,0.0,0.0
2025-08-04 01:45:00+00:00,14.25,14.260000228881836,14.239999771118164,14.260000228881836,155070,0.0,0.0,0.0
2025-08-04 01:50:00+00:00,14.260000228881836,14.260000228881836,14.260000228881836,14.260000228881836,9347,0.0,0.0,0.0
2025-08-04 01:55:00+00:00,14.260000228881836,14.260000228881836,14.25,14.25,15562,0.0,0.0,0.0
2025-08-04 02:00:00+00:00,14.260000228881836,14.260000228881836,14.25,14.25,47052,0.0,0.0,0.0
2025-08-04 02:05:00+00:00,14.25,14.270000457763672,14.25,14.260000228881836,47251,0.0,0.0,0.0
2025-08-04 02:10:00+00:00,14.270000457763672,14.289999961853027,14.270000457763672,14.289999961853027,42239,0.0,0.0,0.0
2025-08-04 02:15:00+00:00,14.289999961853027,14.300000190734863,14.289999961853027,14.300000190734863,19149,0.0,0.0,0.0
2025-08-04 02:20:00+00:00,14.300000190734863,14.3100004196167,14.300000190734863,14.3100004196167,52160,0.0,0.0,0.0
2025-08-04 02:25:00+00:00,14.3100004196167,14.3100004196167,14.300000190734863,14.300000190734863,4562,0.0,0.0,0.0
2025-08-04 02:30:00+00:00,14.300000190734863,14.300000190734863,14.289999961853027,14.289999961853027,6790,0.0,0.0,0.0
2025-08-04 02:35:00+00:00,14.289999961853027,14.289999961853027,14.289999961853027,14.289999961853027,8360,0.0,0.0,0.0
2025-08-04 02:40:00+00:00,14.289999961853027,14.289999961853027,14.279999732971191,14.289999961853027,10521,0.0,0.0,0.0
2025-08-04 02:45:00+00:00,14.300000190734863,14.300000190734863,14.279999732971191,14.289999961853027,8299,0.0,0.0,0.0
2025-08-04 02:50:00+00:00,14.289999961853027,14.289999961853027,14.279999732971191,14.289999961853027,4269,0.0,0.0,0.0
2025-08-04 02:55:00+00:00,14.279999732971191,14.279999732971191,14.279999732971191,14.279999732971191,18010,0.0,0.0,0.0
2025-08-04 03:00:00+00:00,14.279999732971191,14.279999732971191,14.270000457763672,14.270000457763672,10829,0.0,0.0,0.0
2025-08-04 03:05:00+00:00,14.279999732971191,14.279999732971191,14.279999732971191,14.279999732971191,14759,0.0,0.0,0.0
2025-08-04 03:10:00+00:00,14.289999961853027,14.289999961853027,14.279999732971191,14.279999732971191,9056,0.0,0.0,0.0
2025-08-04 03:15:00+00:00,14.279999732971191,14.289999961853027,14.279999732971191,14.279999732971191,202108,0.0,0.0,0.0
2025-08-04 03:20:00+00:00,14.279999732971191,14.279999732971191,14.270000457763672,14.279999732971191,9152,0.0,0.0,0.0
2025-08-04 03:30:00+00:00,14.279999732971191,14.289999961853027,14.270000457763672,14.270000457763672,23011,0.0,0.0,0.0
2025-08-04 03:35:00+00:00,14.279999732971191,14.279999732971191,14.279999732971191,14.279999732971191,2002,0.0,0.0,0.0
2025-08-04 03:40:00+00:00,14.270000457763672,14.279999732971191,14.270000457763672,14.270000457763672,616041,0.0,0.0,0.0
2025-08-04 03:45:00+00:00,14.270000457763672,14.289999961853027,14.270000457763672,14.289999961853027,3082,0.0,0.0,0.0
2025-08-04 03:50:00+00:00,14.279999732971191,14.289999961853027,14.279999732971191,14.289999961853027,3035,0.0,0.0,0.0
2025-08-04 03:55:00+00:00,14.279999732971191,14.279999732971191,14.279999732971191,14.279999732971191,8045,0.0,0.0,0.0
2025-08-04 04:00:00+00:00,14.279999732971191,14.279999732971191,14.279999732971191,14.279999732971191,11298,0.0,0.0,0.0
2025-08-04 04:05:00+00:00,14.289999961853027,14.289999961853027,14.289999961853027,14.289999961853027,5236,0.0,0.0,0.0
2025-08-04 04:10:00+00:00,14.289999961853027,14.289999961853027,14.279999732971191,14.279999732971191,9384,0.0,0.0,0.0
2025-08-04 04:15:00+00:00,14.270000457763672,14.289999961853027,14.270000457763672,14.270000457763672,14056,0.0,0.0,0.0
2025-08-04 04:20:00+00:00,14.279999732971191,14.279999732971191,14.279999732971191,14.279999732971191,1000,0.0,0.0,0.0
2025-08-04 04:25:00+00:00,14.270000457763672,14.289999961853027,14.270000457763672,14.279999732971191,20036,0.0,0.0,0.0
2025-08-04 04:30:00+00:00,14.289999961853027,14.289999961853027,14.270000457763672,14.270000457763672,9307,0.0,0.0,0.0
2025-08-04 04:35:00+00:00,14.289999961853027,14.289999961853027,14.279999732971191,14.279999732971191,2210,0.0,0.0,0.0
2025-08-04 04:40:00+00:00,14.279999732971191,14.289999961853027,14.279999732971191,14.279999732971191,3675,0.0,0.0,0.0
2025-08-04 04:45:00+00:00,14.270000457763672,14.279999732971191,14.270000457763672,14.279999732971191,16100,0.0,0.0,0.0
2025-08-04 04:50:00+00:00,14.279999732971191,14.279999732971191,14.279999732971191,14.279999732971191,5381,0.0,0.0,0.0
2025-08-04 04:55:00+00:00,14.279999732971191,14.300000190734863,14.279999732971191,14.300000190734863,133567,0.0,0.0,0.0
2025-08-04 05:00:00+00:00,14.289999961853027,14.289999961853027,14.289999961853027,14.289999961853027,12234,0.0,0.0,0.0
2025-08-04 05:05:00+00:00,14.289999961853027,14.300000190734863,14.289999961853027,14.300000190734863,3735,0.0,0.0,0.0
2025-08-04 05:10:00+00:00,14.289999961853027,14.289999961853027,14.279999732971191,14.289999961853027,22350,0.0,0.0,0.0
2025-08-04 05:15:00+00:00,14.300000190734863,14.300000190734863,14.289999961853027,14.289999961853027,13967,0.0,0.0,0.0
2025-08-04 05:20:00+00:00,14.289999961853027,14.300000190734863,14.289999961853027,14.300000190734863,206568,0.0,0.0,0.0
2025-08-05 01:00:00+00:00,14.449999809265137,14.460000038146973,14.449999809265137,14.449999809265137,0,0.0,0.0,0.0
2025-08-05 01:05:00+00:00,14.449999809265137,14.479999542236328,14.449999809265137,14.479999542236328,288747,0.0,0.0,0.0
2025-08-05 01:10:00+00:00,14.470000267028809,14.479999542236328,14.4399995803833,14.4399995803833,107272,0.0,0.0,0.0
2025-08-05 01:15:00+00:00,14.4399995803833,14.4399995803833,14.40999984741211,14.430000305175781,55675,0.0,0.0,0.0
2025-08-05 01:20:00+00:00,14.430000305175781,14.4399995803833,14.420000076293945,14.4399995803833,73557,0.0,0.0,0.0
2025-08-05 01:25:00+00:00,14.4399995803833,14.4399995803833,14.430000305175781,14.430000305175781,153480,0.0,0.0,0.0
2025-08-05 01:30:00+00:00,14.4399995803833,14.4399995803833,14.4399995803833,14.4399995803833,87245,0.0,0.0,0.0
2025-08-05 01:35:00+00:00,14.449999809265137,14.460000038146973,14.449999809265137,14.460000038146973,140405,0.0,0.0,0.0
2025-08-05 01:40:00+00:00,14.460000038146973,14.479999542236328,14.449999809265137,14.470000267028809,335698,0.0,0.0,0.0
2025-08-05 01:45:00+00:00,14.479999542236328,14.479999542236328,14.460000038146973,14.460000038146973,11656,0.0,0.0,0.0
2025-08-05 01:50:00+00:00,14.470000267028809,14.479999542236328,14.460000038146973,14.470000267028809,42619,0.0,0.0,0.0
2025-08-05 01:55:00+00:00,14.470000267028809,14.479999542236328,14.460000038146973,14.479999542236328,88565,0.0,0.0,0.0
2025-08-05 02:00:00+00:00,14.479999542236328,14.479999542236328,14.479999542236328,14.479999542236328,171966,0.0,0.0,0.0
2025-08-05 02:05:00+00:00,14.489999771118164,14.489999771118164,14.479999542236328,14.479999542236328,107189,0.0,0.0,0.0
2025-08-05 02:10:00+00:00,14.479999542236328,14.479999542236328,14.460000038146973,14.470000267028809,8025,0.0,0.0,0.0
2025-08-05 02:15:00+00:00,14.479999542236328,14.479999542236328,14.470000267028809,14.470000267028809,12337,0.0,0.0,0.0
2025-08-05 02:20:00+00:00,14.460000038146973,14.479999542236328,14.460000038146973,14.479999542236328,581132,0.0,0.0,0.0
2025-08-05 02:25:00+00:00,14.489999771118164,14.489999771118164,14.489999771118164,14.489999771118164,36280,0.0,0.0,0.0
2025-08-05 02:30:00+00:00,14.479999542236328,14.489999771118164,14.479999542236328,14.479999542236328,30293,0.0,0.0,0.0
2025-08-05 02:35:00+00:00,14.489999771118164,14.489999771118164,14.489999771118164,14.489999771118164,310064,0.0,0.0,0.0
2025-08-05 02:40:00+00:00,14.5,14.5,14.479999542236328,14.479999542236328,27600,0.0,0.0,0.0
2025-08-05 02:45:00+00:00,14.5,14.5,14.489999771118164,14.5,12862,0.0,0.0,0.0
2025-08-05 02:50:00+00:00,14.5,14.5,14.479999542236328,14.489999771118164,11071,0.0,0.0,0.0
2025-08-05 02:55:00+00:00,14.489999771118164,14.489999771118164,14.479999542236328,14.489999771118164,55447,0.0,0.0,0.0
2025-08-05 03:00:00+00:00,14.489999771118164,14.489999771118164,14.489999771118164,14.489999771118164,74687,0.0,0.0,0.0
2025-08-05 03:05:00+00:00,14.489999771118164,14.5,14.489999771118164,14.5,3839,0.0,0.0,0.0
2025-08-05 03:10:00+00:00,14.5,14.5,14.479999542236328,14.489999771118164,25293,0.0,0.0,0.0
2025-08-05 03:20:00+00:00,14.489999771118164,14.489999771118164,14.479999542236328,14.489999771118164,23245,0.0,0.0,0.0
2025-08-05 03:25:00+00:00,14.489999771118164,14.5,14.489999771118164,14.5,63000,0.0,0.0,0.0
2025-08-05 03:30:00+00:00,14.5,14.5,14.489999771118164,14.489999771118164,11376,0.0,0.0,0.0
2025-08-05 03:35:00+00:00,14.489999771118164,14.5,14.489999771118164,14.489999771118164,12577,0.0,0.0,0.0
2025-08-05 03:40:00+00:00,14.489999771118164,14.5,14.489999771118164,14.489999771118164,27316,0.0,0.0,0.0
2025-08-05 03:45:00+00:00,14.489999771118164,14.5,14.489999771118164,14.489999771118164,26189,0.0,0.0,0.0
2025-08-05 03:50:00+00:00,14.489999771118164,14.489999771118164,14.479999542236328,14.479999542236328,31168,0.0,0.0,0.0
2025-08-05 03:55:00+00:00,14.479999542236328,14.489999771118164,14.479999542236328,14.489999771118164,50822,0.0,0.0,0.0
2025-08-05 04:00:00+00:00,14.479999542236328,14.489999771118164,14.479999542236328,14.489999771118164,20314,0.0,0.0,0.0
2025-08-05 04:05:00+00:00,14.479999542236328,14.489999771118164,14.479999542236328,14.489999771118164,8161,0.0,0.0,0.0
2025-08-05 04:10:00+00:00,14.479999542236328,14.489999771118164,14.479999542236328,14.479999542236328,25126,0.0,0.0,0.0
2025-08-05 04:15:00+00:00,14.489999771118164,14.5,14.489999771118164,14.5,47032,0.0,0.0,0.0
2025-08-05 04:20:00+00:00,14.5,14.5,14.479999542236328,14.479999542236328,73319,0.0,0.0,0.0
2025-08-05 04:25:00+00:00,14.489999771118164,14.489999771118164,14.489999771118164,14.489999771118164,5222,0.0,0.0,0.0
2025-08-05 04:30:00+00:00,14.489999771118164,14.5,14.489999771118164,14.5,174235,0.0,0.0,0.0
2025-08-05 04:35:00+00:00,14.489999771118164,14.489999771118164,14.489999771118164,14.489999771118164,98010,0.0,0.0,0.0
2025-08-05 04:40:00+00:00,14.489999771118164,14.5,14.489999771118164,14.489999771118164,34060,0.0,0.0,0.0
2025-08-05 04:45:00+00:00,14.489999771118164,14.5,14.489999771118164,14.489999771118164,22496,0.0,0.0,0.0
2025-08-05 04:50:00+00:00,14.5,14.5,14.489999771118164,14.489999771118164,124531,0.0,0.0,0.0
2025-08-05 04:55:00+00:00,14.489999771118164,14.489999771118164,14.489999771118164,14.489999771118164,64823,0.0,0.0,0.0
2025-08-05 05:00:00+00:00,14.489999771118164,14.5,14.489999771118164,14.5,1628935,0.0,0.0,0.0
2025-08-05 05:05:00+00:00,14.5,14.5,14.489999771118164,14.5,51696,0.0,0.0,0.0
2025-08-05 05:10:00+00:00,14.5,14.510000228881836,14.5,14.5,51808,0.0,0.0,0.0
2025-08-05 05:15:00+00:00,14.510000228881836,14.510000228881836,14.5,14.5,14929,0.0,0.0,0.0
2025-08-05 05:20:00+00:00,14.5,14.5,14.5,14.5,60628,0.0,0.0,0.0
2025-08-06 01:00:00+00:00,14.4399995803833,14.4399995803833,14.40999984741211,14.430000305175781,0,0.0,0.0,0.0
2025-08-06 01:05:00+00:00,14.430000305175781,14.449999809265137,14.430000305175781,14.4399995803833,73000,0.0,0.0,0.0
2025-08-06 01:10:00+00:00,14.449999809265137,14.449999809265137,14.420000076293945,14.430000305175781,159537,0.0,0.0,0.0
2025-08-06 01:15:00+00:00,14.449999809265137,14.449999809265137,14.430000305175781,14.430000305175781,25118,0.0,0.0,0.0
2025-08-06 01:20:00+00:00,14.4399995803833,14.4399995803833,14.430000305175781,14.4399995803833,109727,0.0,0.0,0.0
2025-08-06 01:25:00+00:00,14.4399995803833,14.4399995803833,14.4399995803833,14.4399995803833,9186,0.0,0.0,0.0
2025-08-06 01:30:00+00:00,14.4399995803833,14.449999809265137,14.420000076293945,14.420000076293945,30539,0.0,0.0,0.0
2025-08-06 01:35:00+00:00,14.4399995803833,14.449999809265137,14.4399995803833,14.449999809265137,5210,0.0,0.0,0.0
2025-08-06 01:40:00+00:00,14.4399995803833,14.4399995803833,14.420000076293945,14.430000305175781,9602,0.0,0.0,0.0
2025-08-06 01:45:00+00:00,14.430000305175781,14.430000305175781,14.420000076293945,14.430000305175781,31580,0.0,0.0,0.0
2025-08-06 01:50:00+00:00,14.4399995803833,14.4399995803833,14.430000305175781,14.430000305175781,5388,0.0,0.0,0.0
2025-08-06 01:55:00+00:00,14.430000305175781,14.430000305175781,14.420000076293945,14.430000305175781,72146,0.0,0.0,0.0
2025-08-06 02:00:00+00:00,14.4399995803833,14.4399995803833,14.430000305175781,14.4399995803833,8131,0.0,0.0,0.0
2025-08-06 02:05:00+00:00,14.4399995803833,14.4399995803833,14.430000305175781,14.4399995803833,21950,0.0,0.0,0.0
2025-08-06 02:10:00+00:00,14.430000305175781,14.4399995803833,14.430000305175781,14.430000305175781,5111,0.0,0.0,0.0
2025-08-06 02:15:00+00:00,14.4399995803833,14.4399995803833,14.420000076293945,14.420000076293945,16999,0.0,0.0,0.0
2025-08-06 02:20:00+00:00,14.420000076293945,14.4399995803833,14.420000076293945,14.430000305175781,22563,0.0,0.0,0.0
2025-08-06 02:25:00+00:00,14.4399995803833,14.4399995803833,14.4399995803833,14.4399995803833,3769,0.0,0.0,0.0
2025-08-06 02:30:00+00:00,14.4399995803833,14.4399995803833,14.4399995803833,14.4399995803833,45346,0.0,0.0,0.0
2025-08-06 02:35:00+00:00,14.449999809265137,14.449999809265137,14.4399995803833,14.4399995803833,20207,0.0,0.0,0.0
2025-08-06 02:40:00+00:00,14.430000305175781,14.4399995803833,14.430000305175781,14.4399995803833,12134,0.0,0.0,0.0
2025-08-06 02:45:00+00:00,14.430000305175781,14.4399995803833,14.430000305175781,14.430000305175781,8718,0.0,0.0,0.0
2025-08-06 02:50:00+00:00,14.4399995803833,14.449999809265137,14.4399995803833,14.4399995803833,22007,0.0,0.0,0.0
2025-08-06 02:55:00+00:00,14.4399995803833,14.4399995803833,14.4399995803833,14.4399995803833,7007,0.0,0.0,0.0
2025-08-06 03:00:00+00:00,14.4399995803833,14.449999809265137,14.4399995803833,14.449999809265137,10288,0.0,0.0,0.0
2025-08-06 03:05:00+00:00,14.4399995803833,14.4399995803833,14.430000305175781,14.430000305175781,4224,0.0,0.0,0.0
2025-08-06 03:10:00+00:00,14.4399995803833,14.4399995803833,14.420000076293945,14.420000076293945,44045,0.0,0.0,0.0
2025-08-06 03:15:00+00:00,14.420000076293945,14.430000305175781,14.420000076293945,14.430000305175781,21158,0.0,0.0,0.0
2025-08-06 03:20:00+00:00,14.430000305175781,14.430000305175781,14.430000305175781,14.430000305175781,3354,0.0,0.0,0.0
2025-08-06 03:25:00+00:00,14.420000076293945,14.430000305175781,14.420000076293945,14.430000305175781,16205,0.0,0.0,0.0
2025-08-06 03:30:00+00:00,14.430000305175781,14.430000305175781,14.420000076293945,14.420000076293945,6426,0.0,0.0,0.0
2025-08-06 03:35:00+00:00,14.430000305175781,14.430000305175781,14.420000076293945,14.420000076293945,34587,0.0,0.0,0.0
2025-08-06 03:40:00+00:00,14.420000076293945,14.430000305175781,14.420000076293945,14.430000305175781,6447,0.0,0.0,0.0
2025-08-06 03:45:00+00:00,14.430000305175781,14.430000305175781,14.430000305175781,14.430000305175781,7254,0.0,0.0,0.0
2025-08-06 03:50:00+00:00,14.430000305175781,14.430000305175781,14.420000076293945,14.430000305175781,54045,0.0,0.0,0.0
2025-08-06 03:55:00+00:00,14.430000305175781,14.4399995803833,14.430000305175781,14.4399995803833,8611,0.0,0.0,0.0
2025-08-06 04:00:00+00:00,14.4399995803833,14.4399995803833,14.4399995803833,14.4399995803833,19387,0.0,0.0,0.0
2025-08-06 04:05:00+00:00,14.4399995803833,14.4399995803833,14.4399995803833,14.4399995803833,50241,0.0,0.0,0.0
2025-08-06 04:10:00+00:00,14.430000305175781,14.4399995803833,14.430000305175781,14.4399995803833,10366,0.0,0.0,0.0
2025-08-06 04:15:00+00:00,14.4399995803833,14.4399995803833,14.4399995803833,14.4399995803833,51750,0.0,0.0,0.0
2025-08-06 04:20:00+00:00,14.4399995803833,14.4399995803833,14.430000305175781,14.430000305175781,9108,0.0,0.0,0.0
2025-08-06 04:25:00+00:00,14.430000305175781,14.4399995803833,14.430000305175781,14.4399995803833,3432,0.0,0.0,0.0
2025-08-06 04:30:00+00:00,14.4399995803833,14.4399995803833,14.430000305175781,14.430000305175781,20323,0.0,0.0,0.0
2025-08-06 04:35:00+00:00,14.430000305175781,14.430000305175781,14.430000305175781,14.430000305175781,7054,0.0,0.0,0.0
2025-08-06 04:40:00+00:00,14.430000305175781,14.4399995803833,14.430000305175781,14.4399995803833,14110,0.0,0.0,0.0
2025-08-06 04:45:00+00:00,14.430000305175781,14.430000305175781,14.430000305175781,14.430000305175781,30616,0.0,0.0,0.0
2025-08-06 04:50:00+00:00,14.420000076293945,14.430000305175781,14.420000076293945,14.430000305175781,13052,0.0,0.0,0.0
2025-08-06 04:55:00+00:00,14.420000076293945,14.430000305175781,14.420000076293945,14.430000305175781,56547,0.0,0.0,0.0
2025-08-06 05:00:00+00:00,14.430000305175781,14.430000305175781,14.420000076293945,14.430000305175781,18282,0.0,0.0,0.0
2025-08-06 05:05:00+00:00,14.430000305175781,14.430000305175781,14.420000076293945,14.420000076293945,6010,0.0,0.0,0.0
2025-08-06 05:10:00+00:00,14.420000076293945,14.430000305175781,14.420000076293945,14.430000305175781,15501,0.0,0.0,0.0
2025-08-06 05:15:00+00:00,14.430000305175781,14.430000305175781,14.430000305175781,14.430000305175781,5606,0.0,0.0,0.0
2025-08-06 05:20:00+00:00,14.420000076293945,14.430000305175781,14.420000076293945,14.430000305175781,19283,0.0,0.0,0.0
2025-08-07 01:00:00+00:00,14.619999885559082,14.640000343322754,14.619999885559082,14.630000114440918,0,0.0,0.0,0.0
2025-08-07 01:05:00+00:00,14.630000114440918,14.65999984741211,14.630000114440918,14.649999618530273,339000,0.0,0.0,0.0
2025-08-07 01:10:00+00:00,14.649999618530273,14.65999984741211,14.649999618530273,14.65999984741211,237898,0.0,0.0,0.0
2025-08-07 01:15:00+00:00,14.65999984741211,14.6899995803833,14.65999984741211,14.6899995803833,436357,0.0,0.0,0.0
2025-08-07 01:20:00+00:00,14.6899995803833,14.710000038146973,14.6899995803833,14.710000038146973,200903,0.0,0.0,0.0
2025-08-07 01:25:00+00:00,14.710000038146973,14.710000038146973,14.699999809265137,14.699999809265137,100052,0.0,0.0,0.0
2025-08-07 01:30:00+00:00,14.710000038146973,14.720000267028809,14.699999809265137,14.710000038146973,242921,0.0,0.0,0.0
2025-08-07 01:35:00+00:00,14.710000038146973,14.75,14.710000038146973,14.75,627483,0.0,0.0,0.0
2025-08-07 01:40:00+00:00,14.739999771118164,14.75,14.739999771118164,14.739999771118164,275477,0.0,0.0,0.0
2025-08-07 01:45:00+00:00,14.739999771118164,14.75,14.729999542236328,14.739999771118164,408083,0.0,0.0,0.0
2025-08-07 01:50:00+00:00,14.739999771118164,14.75,14.739999771118164,14.739999771118164,152369,0.0,0.0,0.0
2025-08-07 01:55:00+00:00,14.739999771118164,14.760000228881836,14.739999771118164,14.75,417364,0.0,0.0,0.0
2025-08-07 02:00:00+00:00,14.75,14.75,14.739999771118164,14.739999771118164,94920,0.0,0.0,0.0
2025-08-07 02:05:00+00:00,14.75,14.75,14.739999771118164,14.75,186125,0.0,0.0,0.0
2025-08-07 02:10:00+00:00,14.75,14.75,14.75,14.75,6325,0.0,0.0,0.0
2025-08-07 02:15:00+00:00,14.75,14.75,14.739999771118164,14.75,304139,0.0,0.0,0.0
2025-08-07 02:20:00+00:00,14.739999771118164,14.75,14.739999771118164,14.739999771118164,282107,0.0,0.0,0.0
2025-08-07 02:25:00+00:00,14.739999771118164,14.75,14.739999771118164,14.75,127763,0.0,0.0,0.0
2025-08-07 02:30:00+00:00,14.75,14.760000228881836,14.75,14.760000228881836,87274,0.0,0.0,0.0
2025-08-07 02:35:00+00:00,14.75,14.760000228881836,14.75,14.760000228881836,36294,0.0,0.0,0.0
2025-08-07 02:40:00+00:00,14.75,14.75,14.75,14.75,79345,0.0,0.0,0.0
2025-08-07 02:45:00+00:00,14.760000228881836,14.760000228881836,14.739999771118164,14.739999771118164,45911,0.0,0.0,0.0
2025-08-07 02:50:00+00:00,14.75,14.75,14.739999771118164,14.739999771118164,36658,0.0,0.0,0.0
2025-08-07 02:55:00+00:00,14.739999771118164,14.75,14.739999771118164,14.739999771118164,23940,0.0,0.0,0.0
2025-08-07 03:00:00+00:00,14.739999771118164,14.760000228881836,14.739999771118164,14.75,148730,0.0,0.0,0.0
2025-08-07 03:05:00+00:00,14.75,14.760000228881836,14.75,14.760000228881836,298714,0.0,0.0,0.0
2025-08-07 03:10:00+00:00,14.760000228881836,14.770000457763672,14.760000228881836,14.760000228881836,19925,0.0,0.0,0.0
2025-08-07 03:15:00+00:00,14.760000228881836,14.760000228881836,14.760000228881836,14.760000228881836,6289,0.0,0.0,0.0
2025-08-07 03:20:00+00:00,14.75,14.760000228881836,14.75,14.75,28481,0.0,0.0,0.0
2025-08-07 03:25:00+00:00,14.75,14.75,14.75,14.75,11048,0.0,0.0,0.0
2025-08-07 03:30:00+00:00,14.760000228881836,14.760000228881836,14.75,14.760000228881836,120041,0.0,0.0,0.0
2025-08-07 03:35:00+00:00,14.75,14.760000228881836,14.75,14.760000228881836,6105,0.0,0.0,0.0
2025-08-07 03:40:00+00:00,14.75,14.760000228881836,14.75,14.760000228881836,61618,0.0,0.0,0.0
2025-08-07 03:45:00+00:00,14.75,14.75,14.75,14.75,49764,0.0,0.0,0.0
2025-08-07 03:50:00+00:00,14.75,14.75,14.75,14.75,10954,0.0,0.0,0.0
2025-08-07 03:55:00+00:00,14.75,14.75,14.75,14.75,12201,0.0,0.0,0.0
2025-08-07 04:00:00+00:00,14.75,14.75,14.739999771118164,14.739999771118164,18631,0.0,0.0,0.0
2025-08-07 04:05:00+00:00,14.739999771118164,14.75,14.739999771118164,14.75,76143,0.0,0.0,0.0
2025-08-07 04:10:00+00:00,14.729999542236328,14.739999771118164,14.729999542236328,14.739999771118164,22966,0.0,0.0,0.0
2025-08-07 04:15:00+00:00,14.729999542236328,14.739999771118164,14.729999542236328,14.729999542236328,20136,0.0,0.0,0.0
2025-08-07 04:20:00+00:00,14.729999542236328,14.739999771118164,14.729999542236328,14.739999771118164,61448,0.0,0.0,0.0
2025-08-07 04:25:00+00:00,14.729999542236328,14.729999542236328,14.729999542236328,14.729999542236328,23102,0.0,0.0,0.0
2025-08-07 04:30:00+00:00,14.739999771118164,14.739999771118164,14.729999542236328,14.729999542236328,159150,0.0,0.0,0.0
2025-08-07 04:35:00+00:00,14.729999542236328,14.739999771118164,14.729999542236328,14.739999771118164,8870,0.0,0.0,0.0
2025-08-07 04:40:00+00:00,14.729999542236328,14.75,14.729999542236328,14.75,96421,0.0,0.0,0.0
2025-08-07 04:45:00+00:00,14.739999771118164,14.739999771118164,14.739999771118164,14.739999771118164,5000,0.0,0.0,0.0
2025-08-07 04:50:00+00:00,14.739999771118164,14.75,14.739999771118164,14.739999771118164,22285,0.0,0.0,0.0
2025-08-07 04:55:00+00:00,14.739999771118164,14.75,14.739999771118164,14.739999771118164,25827,0.0,0.0,0.0
2025-08-07 05:00:00+00:00,14.739999771118164,14.75,14.739999771118164,14.739999771118164,46040,0.0,0.0,0.0
2025-08-07 05:05:00+00:00,14.739999771118164,14.75,14.739999771118164,14.739999771118164,14570,0.0,0.0,0.0
2025-08-07 05:10:00+00:00,14.729999542236328,14.729999542236328,14.729999542236328,14.729999542236328,19140,0.0,0.0,0.0
2025-08-07 05:15:00+00:00,14.739999771118164,14.739999771118164,14.729999542236328,14.729999542236328,112259,0.0,0.0,0.0
2025-08-07 05:20:00+00:00,14.729999542236328,14.739999771118164,14.729999542236328,14.739999771118164,101665,0.0,0.0,0.0
2025-08-08 01:00:00+00:00,14.760000228881836,14.779999732971191,14.760000228881836,14.779999732971191,0,0.0,0.0,0.0
2025-08-08 01:05:00+00:00,14.779999732971191,14.789999961853027,14.779999732971191,14.779999732971191,85745,0.0,0.0,0.0
2025-08-08 01:10:00+00:00,14.770000457763672,14.789999961853027,14.770000457763672,14.779999732971191,86526,0.0,0.0,0.0
2025-08-08 01:15:00+00:00,14.779999732971191,14.779999732971191,14.770000457763672,14.770000457763672,5973,0.0,0.0,0.0
2025-08-08 01:20:00+00:00,14.779999732971191,14.779999732971191,14.770000457763672,14.770000457763672,29961,0.0,0.0,0.0
2025-08-08 01:25:00+00:00,14.770000457763672,14.789999961853027,14.770000457763672,14.779999732971191,198507,0.0,0.0,0.0
2025-08-08 01:30:00+00:00,14.789999961853027,14.789999961853027,14.789999961853027,14.789999961853027,88043,0.0,0.0,0.0
2025-08-08 01:35:00+00:00,14.779999732971191,14.789999961853027,14.779999732971191,14.779999732971191,55170,0.0,0.0,0.0
2025-08-08 01:40:00+00:00,14.770000457763672,14.779999732971191,14.770000457763672,14.770000457763672,63916,0.0,0.0,0.0
2025-08-08 01:45:00+00:00,14.770000457763672,14.770000457763672,14.770000457763672,14.770000457763672,41752,0.0,0.0,0.0
2025-08-08 01:50:00+00:00,14.770000457763672,14.779999732971191,14.770000457763672,14.779999732971191,23506,0.0,0.0,0.0
2025-08-08 01:55:00+00:00,14.770000457763672,14.770000457763672,14.770000457763672,14.770000457763672,7149,0.0,0.0,0.0
2025-08-08 02:00:00+00:00,14.779999732971191,14.779999732971191,14.770000457763672,14.770000457763672,7087,0.0,0.0,0.0
2025-08-08 02:05:00+00:00,14.770000457763672,14.779999732971191,14.770000457763672,14.779999732971191,8685,0.0,0.0,0.0
2025-08-08 02:10:00+00:00,14.779999732971191,14.779999732971191,14.770000457763672,14.770000457763672,31360,0.0,0.0,0.0
2025-08-08 02:15:00+00:00,14.779999732971191,14.779999732971191,14.779999732971191,14.779999732971191,202614,0.0,0.0,0.0
2025-08-08 02:20:00+00:00,14.789999961853027,14.800000190734863,14.779999732971191,14.800000190734863,566013,0.0,0.0,0.0
2025-08-08 02:25:00+00:00,14.789999961853027,14.800000190734863,14.789999961853027,14.789999961853027,15812,0.0,0.0,0.0
2025-08-08 02:30:00+00:00,14.789999961853027,14.789999961853027,14.789999961853027,14.789999961853027,23331,0.0,0.0,0.0
2025-08-08 02:35:00+00:00,14.800000190734863,14.800000190734863,14.789999961853027,14.789999961853027,21150,0.0,0.0,0.0
2025-08-08 02:40:00+00:00,14.789999961853027,14.800000190734863,14.789999961853027,14.789999961853027,44141,0.0,0.0,0.0
2025-08-08 02:45:00+00:00,14.800000190734863,14.800000190734863,14.789999961853027,14.800000190734863,19174,0.0,0.0,0.0
2025-08-08 02:50:00+00:00,14.789999961853027,14.789999961853027,14.779999732971191,14.779999732971191,94864,0.0,0.0,0.0
2025-08-08 02:55:00+00:00,14.779999732971191,14.800000190734863,14.779999732971191,14.800000190734863,7556,0.0,0.0,0.0
2025-08-08 03:00:00+00:00,14.800000190734863,14.800000190734863,14.789999961853027,14.789999961853027,13349,0.0,0.0,0.0
2025-08-08 03:05:00+00:00,14.789999961853027,14.800000190734863,14.789999961853027,14.789999961853027,69649,0.0,0.0,0.0
2025-08-08 03:10:00+00:00,14.789999961853027,14.800000190734863,14.789999961853027,14.789999961853027,95672,0.0,0.0,0.0
2025-08-08 03:15:00+00:00,14.789999961853027,14.789999961853027,14.789999961853027,14.789999961853027,23509,0.0,0.0,0.0
2025-08-08 03:20:00+00:00,14.789999961853027,14.800000190734863,14.789999961853027,14.800000190734863,20519,0.0,0.0,0.0
2025-08-08 03:25:00+00:00,14.800000190734863,14.800000190734863,14.789999961853027,14.789999961853027,29128,0.0,0.0,0.0
2025-08-08 03:30:00+00:00,14.789999961853027,14.800000190734863,14.789999961853027,14.800000190734863,11131,0.0,0.0,0.0
2025-08-08 03:35:00+00:00,14.789999961853027,14.789999961853027,14.789999961853027,14.789999961853027,9522,0.0,0.0,0.0
2025-08-08 03:40:00+00:00,14.789999961853027,14.789999961853027,14.789999961853027,14.789999961853027,8021,0.0,0.0,0.0
2025-08-08 03:45:00+00:00,14.789999961853027,14.800000190734863,14.789999961853027,14.789999961853027,179734,0.0,0.0,0.0
2025-08-08 03:50:00+00:00,14.789999961853027,14.789999961853027,14.789999961853027,14.789999961853027,2323,0.0,0.0,0.0
2025-08-08 03:55:00+00:00,14.789999961853027,14.789999961853027,14.789999961853027,14.789999961853027,27100,0.0,0.0,0.0
2025-08-08 04:00:00+00:00,14.800000190734863,14.800000190734863,14.789999961853027,14.789999961853027,20269,0.0,0.0,0.0
2025-08-08 04:05:00+00:00,14.789999961853027,14.800000190734863,14.789999961853027,14.789999961853027,28022,0.0,0.0,0.0
2025-08-08 04:10:00+00:00,14.789999961853027,14.800000190734863,14.789999961853027,14.800000190734863,58472,0.0,0.0,0.0
2025-08-08 04:15:00+00:00,14.800000190734863,14.800000190734863,14.800000190734863,14.800000190734863,3031,0.0,0.0,0.0
2025-08-08 04:20:00+00:00,14.800000190734863,14.800000190734863,14.800000190734863,14.800000190734863,9837,0.0,0.0,0.0
2025-08-08 04:25:00+00:00,14.800000190734863,14.8100004196167,14.800000190734863,14.8100004196167,407818,0.0,0.0,0.0
2025-08-08 04:30:00+00:00,14.8100004196167,14.819999694824219,14.8100004196167,14.8100004196167,129788,0.0,0.0,0.0
2025-08-08 04:35:00+00:00,14.8100004196167,14.819999694824219,14.8100004196167,14.819999694824219,7939,0.0,0.0,0.0
2025-08-08 04:40:00+00:00,14.8100004196167,14.819999694824219,14.8100004196167,14.8100004196167,23311,0.0,0.0,0.0
2025-08-08 04:45:00+00:00,14.800000190734863,14.8100004196167,14.800000190734863,14.8100004196167,10219,0.0,0.0,0.0
2025-08-08 04:50:00+00:00,14.800000190734863,14.8100004196167,14.800000190734863,14.800000190734863,43076,0.0,0.0,0.0
2025-08-08 04:55:00+00:00,14.800000190734863,14.819999694824219,14.800000190734863,14.819999694824219,40300,0.0,0.0,0.0
2025-08-08 05:00:00+00:00,14.819999694824219,14.819999694824219,14.8100004196167,14.8100004196167,20460,0.0,0.0,0.0
2025-08-08 05:05:00+00:00,14.8100004196167,14.819999694824219,14.8100004196167,14.8100004196167,25198,0.0,0.0,0.0
2025-08-08 05:10:00+00:00,14.8100004196167,14.8100004196167,14.800000190734863,14.800000190734863,101394,0.0,0.0,0.0
2025-08-08 05:15:00+00:00,14.8100004196167,14.8100004196167,14.800000190734863,14.800000190734863,20958,0.0,0.0,0.0
2025-08-08 05:20:00+00:00,14.800000190734863,14.800000190734863,14.789999961853027,14.800000190734863,80735,0.0,0.0,0.0
2025-08-11 01:00:00+00:00,14.770000457763672,14.770000457763672,14.710000038146973,14.739999771118164,0,0.0,0.0,0.0
2025-08-11 01:05:00+00:00,14.739999771118164,14.75,14.739999771118164,14.75,33030,0.0,0.0,0.0
2025-08-11 01:10:00+00:00,14.739999771118164,14.739999771118164,14.720000267028809,14.720000267028809,57997,0.0,0.0,0.0
2025-08-11 01:15:00+00:00,14.720000267028809,14.720000267028809,14.710000038146973,14.710000038146973,48123,0.0,0.0,0.0
2025-08-11 01:20:00+00:00,14.720000267028809,14.720000267028809,14.699999809265137,14.720000267028809,35533,0.0,0.0,0.0
2025-08-11 01:25:00+00:00,14.720000267028809,14.720000267028809,14.710000038146973,14.720000267028809,58498,0.0,0.0,0.0
2025-08-11 01:30:00+00:00,14.720000267028809,14.729999542236328,14.710000038146973,14.729999542236328,82668,0.0,0.0,0.0
2025-08-11 01:35:00+00:00,14.729999542236328,14.760000228881836,14.729999542236328,14.760000228881836,103332,0.0,0.0,0.0
2025-08-11 01:40:00+00:00,14.770000457763672,14.779999732971191,14.770000457763672,14.779999732971191,37978,0.0,0.0,0.0
2025-08-11 01:45:00+00:00,14.779999732971191,14.779999732971191,14.779999732971191,14.779999732971191,18936,0.0,0.0,0.0
2025-08-11 01:50:00+00:00,14.779999732971191,14.789999961853027,14.779999732971191,14.789999961853027,32275,0.0,0.0,0.0
2025-08-11 01:55:00+00:00,14.789999961853027,14.789999961853027,14.789999961853027,14.789999961853027,170137,0.0,0.0,0.0
2025-08-11 02:00:00+00:00,14.789999961853027,14.800000190734863,14.789999961853027,14.800000190734863,80654,0.0,0.0,0.0
2025-08-11 02:05:00+00:00,14.8100004196167,14.8100004196167,14.800000190734863,14.800000190734863,7505,0.0,0.0,0.0
2025-08-11 02:10:00+00:00,14.800000190734863,14.800000190734863,14.789999961853027,14.789999961853027,7785,0.0,0.0,0.0
2025-08-11 02:15:00+00:00,14.789999961853027,14.800000190734863,14.789999961853027,14.789999961853027,25134,0.0,0.0,0.0
2025-08-11 02:20:00+00:00,14.800000190734863,14.819999694824219,14.800000190734863,14.819999694824219,126067,0.0,0.0,0.0
2025-08-11 02:25:00+00:00,14.819999694824219,14.819999694824219,14.8100004196167,14.819999694824219,60352,0.0,0.0,0.0
2025-08-11 02:30:00+00:00,14.819999694824219,14.819999694824219,14.800000190734863,14.800000190734863,20242,0.0,0.0,0.0
2025-08-11 02:35:00+00:00,14.800000190734863,14.8100004196167,14.789999961853027,14.789999961853027,21126,0.0,0.0,0.0
2025-08-11 02:40:00+00:00,14.800000190734863,14.819999694824219,14.789999961853027,14.819999694824219,68741,0.0,0.0,0.0
2025-08-11 02:45:00+00:00,14.819999694824219,14.829999923706055,14.819999694824219,14.829999923706055,150454,0.0,0.0,0.0
2025-08-11 02:50:00+00:00,14.829999923706055,14.829999923706055,14.819999694824219,14.819999694824219,11490,0.0,0.0,0.0
2025-08-11 02:55:00+00:00,14.819999694824219,14.819999694824219,14.8100004196167,14.819999694824219,16043,0.0,0.0,0.0
2025-08-11 03:00:00+00:00,14.829999923706055,14.84000015258789,14.829999923706055,14.84000015258789,31087,0.0,0.0,0.0
2025-08-11 03:05:00+00:00,14.84000015258789,14.84000015258789,14.829999923706055,14.829999923706055,9708,0.0,0.0,0.0
2025-08-11 03:10:00+00:00,14.829999923706055,14.850000381469727,14.829999923706055,14.84000015258789,179937,0.0,0.0,0.0
2025-08-11 03:15:00+00:00,14.859999656677246,14.869999885559082,14.84000015258789,14.869999885559082,98269,0.0,0.0,0.0
2025-08-11 03:20:00+00:00,14.859999656677246,14.890000343322754,14.859999656677246,14.890000343322754,109099,0.0,0.0,0.0
2025-08-11 03:25:00+00:00,14.880000114440918,14.890000343322754,14.880000114440918,14.880000114440918,4083,0.0,0.0,0.0
2025-08-11 03:30:00+00:00,14.890000343322754,14.890000343322754,14.890000343322754,14.890000343322754,3738,0.0,0.0,0.0
2025-08-11 03:35:00+00:00,14.890000343322754,14.899999618530273,14.890000343322754,14.890000343322754,123607,0.0,0.0,0.0
2025-08-11 03:40:00+00:00,14.890000343322754,14.90999984741211,14.890000343322754,14.899999618530273,163187,0.0,0.0,0.0
2025-08-11 03:45:00+00:00,14.899999618530273,14.899999618530273,14.880000114440918,14.890000343322754,83085,0.0,0.0,0.0
2025-08-11 03:50:00+00:00,14.890000343322754,14.899999618530273,14.890000343322754,14.899999618530273,44096,0.0,0.0,0.0
2025-08-11 03:55:00+00:00,14.899999618530273,14.899999618530273,14.880000114440918,14.880000114440918,37527,0.0,0.0,0.0
2025-08-11 04:00:00+00:00,14.899999618530273,14.899999618530273,14.869999885559082,14.869999885559082,4370,0.0,0.0,0.0
2025-08-11 04:05:00+00:00,14.880000114440918,14.899999618530273,14.859999656677246,14.859999656677246,20163,0.0,0.0,0.0
2025-08-11 04:10:00+00:00,14.869999885559082,14.890000343322754,14.869999885559082,14.880000114440918,3184,0.0,0.0,0.0
2025-08-11 04:15:00+00:00,14.880000114440918,14.890000343322754,14.880000114440918,14.890000343322754,113095,0.0,0.0,0.0
2025-08-11 04:20:00+00:00,14.880000114440918,14.890000343322754,14.880000114440918,14.890000343322754,13348,0.0,0.0,0.0
2025-08-11 04:25:00+00:00,14.890000343322754,14.890000343322754,14.890000343322754,14.890000343322754,15733,0.0,0.0,0.0
2025-08-11 04:30:00+00:00,14.890000343322754,14.899999618530273,14.890000343322754,14.899999618530273,21158,0.0,0.0,0.0
2025-08-11 04:35:00+00:00,14.890000343322754,14.890000343322754,14.890000343322754,14.890000343322754,3480,0.0,0.0,0.0
2025-08-11 04:40:00+00:00,14.890000343322754,14.899999618530273,14.880000114440918,14.880000114440918,49629,0.0,0.0,0.0
2025-08-11 04:50:00+00:00,14.890000343322754,14.890000343322754,14.880000114440918,14.890000343322754,33304,0.0,0.0,0.0
2025-08-11 04:55:00+00:00,14.890000343322754,14.890000343322754,14.880000114440918,14.890000343322754,85319,0.0,0.0,0.0
2025-08-11 05:00:00+00:00,14.890000343322754,14.890000343322754,14.880000114440918,14.880000114440918,12540,0.0,0.0,0.0
2025-08-11 05:05:00+00:00,14.890000343322754,14.899999618530273,14.890000343322754,14.899999618530273,26878,0.0,0.0,0.0
2025-08-11 05:10:00+00:00,14.899999618530273,14.899999618530273,14.890000343322754,14.890000343322754,36516,0.0,0.0,0.0
2025-08-11 05:15:00+00:00,14.899999618530273,14.90999984741211,14.899999618530273,14.899999618530273,239350,0.0,0.0,0.0
2025-08-11 05:20:00+00:00,14.899999618530273,14.90999984741211,14.880000114440918,14.880000114440918,58474,0.0,0.0,0.0
2025-08-12 01:00:00+00:00,14.899999618530273,14.899999618530273,14.84000015258789,14.84000015258789,0,0.0,0.0,0.0
2025-08-12 01:05:00+00:00,14.829999923706055,14.880000114440918,14.829999923706055,14.84000015258789,274502,0.0,0.0,0.0
2025-08-12 01:10:00+00:00,14.84000015258789,14.850000381469727,14.84000015258789,14.850000381469727,22117,0.0,0.0,0.0
2025-08-12 01:15:00+00:00,14.850000381469727,14.859999656677246,14.84000015258789,14.84000015258789,68115,0.0,0.0,0.0
2025-08-12 01:20:00+00:00,14.84000015258789,14.869999885559082,14.84000015258789,14.859999656677246,157041,0.0,0.0,0.0
2025-08-12 01:25:00+00:00,14.869999885559082,14.869999885559082,14.869999885559082,14.869999885559082,43795,0.0,0.0,0.0
2025-08-12 01:30:00+00:00,14.869999885559082,14.869999885559082,14.84000015258789,14.850000381469727,26354,0.0,0.0,0.0
2025-08-12 01:35:00+00:00,14.850000381469727,14.850000381469727,14.84000015258789,14.850000381469727,42235,0.0,0.0,0.0
2025-08-12 01:40:00+00:00,14.850000381469727,14.869999885559082,14.84000015258789,14.850000381469727,127511,0.0,0.0,0.0
2025-08-12 01:45:00+00:00,14.859999656677246,14.880000114440918,14.859999656677246,14.880000114440918,5504,0.0,0.0,0.0
2025-08-12 01:50:00+00:00,14.880000114440918,14.880000114440918,14.869999885559082,14.869999885559082,13213,0.0,0.0,0.0
2025-08-12 01:55:00+00:00,14.869999885559082,14.869999885559082,14.859999656677246,14.859999656677246,21334,0.0,0.0,0.0
2025-08-12 02:00:00+00:00,14.859999656677246,14.859999656677246,14.859999656677246,14.859999656677246,17526,0.0,0.0,0.0
2025-08-12 02:05:00+00:00,14.859999656677246,14.869999885559082,14.859999656677246,14.859999656677246,7327,0.0,0.0,0.0
2025-08-12 02:10:00+00:00,14.859999656677246,14.880000114440918,14.859999656677246,14.869999885559082,56015,0.0,0.0,0.0
2025-08-12 02:15:00+00:00,14.880000114440918,14.880000114440918,14.859999656677246,14.859999656677246,6209,0.0,0.0,0.0
2025-08-12 02:20:00+00:00,14.859999656677246,14.869999885559082,14.859999656677246,14.869999885559082,80279,0.0,0.0,0.0
2025-08-12 02:25:00+00:00,14.869999885559082,14.880000114440918,14.859999656677246,14.880000114440918,66839,0.0,0.0,0.0
2025-08-12 02:30:00+00:00,14.869999885559082,14.869999885559082,14.869999885559082,14.869999885559082,9584,0.0,0.0,0.0
2025-08-12 02:35:00+00:00,14.859999656677246,14.859999656677246,14.84000015258789,14.850000381469727,120210,0.0,0.0,0.0
2025-08-12 02:40:00+00:00,14.84000015258789,14.850000381469727,14.84000015258789,14.850000381469727,28935,0.0,0.0,0.0
2025-08-12 02:45:00+00:00,14.850000381469727,14.850000381469727,14.850000381469727,14.850000381469727,3092,0.0,0.0,0.0
2025-08-12 02:50:00+00:00,14.850000381469727,14.850000381469727,14.850000381469727,14.850000381469727,3278,0.0,0.0,0.0
2025-08-12 02:55:00+00:00,14.84000015258789,14.84000015258789,14.84000015258789,14.84000015258789,3000,0.0,0.0,0.0
2025-08-12 03:00:00+00:00,14.850000381469727,14.850000381469727,14.850000381469727,14.850000381469727,3702,0.0,0.0,0.0
2025-08-12 03:05:00+00:00,14.84000015258789,14.850000381469727,14.84000015258789,14.850000381469727,9374,0.0,0.0,0.0
2025-08-12 03:10:00+00:00,14.84000015258789,14.84000015258789,14.84000015258789,14.84000015258789,40695,0.0,0.0,0.0
2025-08-12 03:15:00+00:00,14.84000015258789,14.850000381469727,14.84000015258789,14.850000381469727,26515,0.0,0.0,0.0
2025-08-12 03:20:00+00:00,14.84000015258789,14.84000015258789,14.84000015258789,14.84000015258789,10269,0.0,0.0,0.0
2025-08-12 03:25:00+00:00,14.850000381469727,14.850000381469727,14.850000381469727,14.850000381469727,121054,0.0,0.0,0.0
2025-08-12 03:30:00+00:00,14.84000015258789,14.859999656677246,14.84000015258789,14.859999656677246,25209,0.0,0.0,0.0
2025-08-12 03:35:00+00:00,14.850000381469727,14.850000381469727,14.850000381469727,14.850000381469727,2025,0.0,0.0,0.0
2025-08-12 03:40:00+00:00,14.850000381469727,14.869999885559082,14.850000381469727,14.869999885559082,67236,0.0,0.0,0.0
2025-08-12 03:45:00+00:00,14.869999885559082,14.880000114440918,14.859999656677246,14.880000114440918,102210,0.0,0.0,0.0
2025-08-12 03:50:00+00:00,14.869999885559082,14.869999885559082,14.869999885559082,14.869999885559082,5271,0.0,0.0,0.0
2025-08-12 03:55:00+00:00,14.869999885559082,14.880000114440918,14.869999885559082,14.880000114440918,219720,0.0,0.0,0.0
2025-08-12 04:00:00+00:00,14.880000114440918,14.880000114440918,14.880000114440918,14.880000114440918,14078,0.0,0.0,0.0
2025-08-12 04:05:00+00:00,14.880000114440918,14.880000114440918,14.880000114440918,14.880000114440918,34478,0.0,0.0,0.0
2025-08-12 04:10:00+00:00,14.880000114440918,14.880000114440918,14.880000114440918,14.880000114440918,185721,0.0,0.0,0.0
2025-08-12 04:15:00+00:00,14.880000114440918,14.890000343322754,14.869999885559082,14.890000343322754,34048,0.0,0.0,0.0
2025-08-12 04:20:00+00:00,14.890000343322754,14.890000343322754,14.890000343322754,14.890000343322754,1010,0.0,0.0,0.0
2025-08-12 04:25:00+00:00,14.880000114440918,14.890000343322754,14.880000114440918,14.890000343322754,91121,0.0,0.0,0.0
2025-08-12 04:30:00+00:00,14.899999618530273,14.899999618530273,14.899999618530273,14.899999618530273,6149,0.0,0.0,0.0
2025-08-12 04:35:00+00:00,14.899999618530273,14.90999984741211,14.890000343322754,14.899999618530273,367939,0.0,0.0,0.0
2025-08-12 04:40:00+00:00,14.899999618530273,14.899999618530273,14.899999618530273,14.899999618530273,33547,0.0,0.0,0.0
2025-08-12 04:45:00+00:00,14.890000343322754,14.899999618530273,14.890000343322754,14.890000343322754,23000,0.0,0.0,0.0
2025-08-12 04:50:00+00:00,14.899999618530273,14.899999618530273,14.890000343322754,14.890000343322754,25913,0.0,0.0,0.0
2025-08-12 04:55:00+00:00,14.890000343322754,14.890000343322754,14.890000343322754,14.890000343322754,12926,0.0,0.0,0.0
2025-08-12 05:00:00+00:00,14.899999618530273,14.899999618530273,14.880000114440918,14.880000114440918,240400,0.0,0.0,0.0
2025-08-12 05:05:00+00:00,14.880000114440918,14.890000343322754,14.880000114440918,14.890000343322754,11289,0.0,0.0,0.0
2025-08-12 05:10:00+00:00,14.890000343322754,14.899999618530273,14.890000343322754,14.899999618530273,113595,0.0,0.0,0.0
2025-08-12 05:15:00+00:00,14.899999618530273,14.899999618530273,14.880000114440918,14.890000343322754,39025,0.0,0.0,0.0
2025-08-12 05:20:00+00:00,14.880000114440918,14.890000343322754,14.880000114440918,14.890000343322754,92642,0.0,0.0,0.0
2025-08-13 01:00:00+00:00,14.960000038146973,15.0,14.960000038146973,14.989999771118164,0,0.0,0.0,0.0
2025-08-13 01:05:00+00:00,14.989999771118164,14.989999771118164,14.979999542236328,14.979999542236328,138227,0.0,0.0,0.0
2025-08-13 01:10:00+00:00,14.979999542236328,14.989999771118164,14.960000038146973,14.960000038146973,58298,0.0,0.0,0.0
2025-08-13 01:15:00+00:00,14.960000038146973,14.960000038146973,14.949999809265137,14.949999809265137,70282,0.0,0.0,0.0
2025-08-13 01:20:00+00:00,14.949999809265137,14.949999809265137,14.920000076293945,14.930000305175781,131864,0.0,0.0,0.0
2025-08-13 01:25:00+00:00,14.9399995803833,14.949999809265137,14.9399995803833,14.949999809265137,15137,0.0,0.0,0.0
2025-08-13 01:30:00+00:00,14.949999809265137,14.960000038146973,14.949999809265137,14.960000038146973,45738,0.0,0.0,0.0
2025-08-13 01:35:00+00:00,14.960000038146973,14.970000267028809,14.960000038146973,14.970000267028809,14036,0.0,0.0,0.0
2025-08-13 01:40:00+00:00,14.960000038146973,14.960000038146973,14.960000038146973,14.960000038146973,46345,0.0,0.0,0.0
2025-08-13 01:45:00+00:00,14.960000038146973,14.970000267028809,14.960000038146973,14.960000038146973,8564,0.0,0.0,0.0
2025-08-13 01:50:00+00:00,14.970000267028809,14.979999542236328,14.960000038146973,14.979999542236328,121194,0.0,0.0,0.0
2025-08-13 01:55:00+00:00,14.970000267028809,14.979999542236328,14.970000267028809,14.979999542236328,103256,0.0,0.0,0.0
2025-08-13 02:00:00+00:00,14.989999771118164,14.989999771118164,14.970000267028809,14.970000267028809,15596,0.0,0.0,0.0
2025-08-13 02:05:00+00:00,14.979999542236328,14.989999771118164,14.970000267028809,14.979999542236328,20127,0.0,0.0,0.0
2025-08-13 02:10:00+00:00,14.979999542236328,15.0,14.979999542236328,15.0,533062,0.0,0.0,0.0
2025-08-13 02:15:00+00:00,15.0,15.020000457763672,15.0,15.010000228881836,286879,0.0,0.0,0.0
2025-08-13 02:20:00+00:00,15.020000457763672,15.020000457763672,15.010000228881836,15.020000457763672,163875,0.0,0.0,0.0
2025-08-13 02:25:00+00:00,15.020000457763672,15.020000457763672,15.020000457763672,15.020000457763672,47119,0.0,0.0,0.0
2025-08-13 02:30:00+00:00,15.029999732971191,15.029999732971191,15.010000228881836,15.010000228881836,44635,0.0,0.0,0.0
2025-08-13 02:35:00+00:00,15.010000228881836,15.020000457763672,15.010000228881836,15.010000228881836,92027,0.0,0.0,0.0
2025-08-13 02:40:00+00:00,15.020000457763672,15.020000457763672,15.020000457763672,15.020000457763672,5290,0.0,0.0,0.0
2025-08-13 02:45:00+00:00,15.020000457763672,15.020000457763672,15.010000228881836,15.010000228881836,20341,0.0,0.0,0.0
2025-08-13 02:50:00+00:00,15.010000228881836,15.010000228881836,15.010000228881836,15.010000228881836,265183,0.0,0.0,0.0
2025-08-13 02:55:00+00:00,15.020000457763672,15.020000457763672,15.010000228881836,15.020000457763672,131048,0.0,0.0,0.0
2025-08-13 03:00:00+00:00,15.020000457763672,15.020000457763672,15.010000228881836,15.020000457763672,113341,0.0,0.0,0.0
2025-08-13 03:05:00+00:00,15.020000457763672,15.020000457763672,15.020000457763672,15.020000457763672,21751,0.0,0.0,0.0
2025-08-13 03:10:00+00:00,15.020000457763672,15.020000457763672,15.020000457763672,15.020000457763672,17702,0.0,0.0,0.0
2025-08-13 03:15:00+00:00,15.020000457763672,15.020000457763672,15.010000228881836,15.010000228881836,8429,0.0,0.0,0.0
2025-08-13 03:20:00+00:00,15.020000457763672,15.020000457763672,15.010000228881836,15.010000228881836,83019,0.0,0.0,0.0
2025-08-13 03:25:00+00:00,15.020000457763672,15.020000457763672,14.949999809265137,14.949999809265137,113841,0.0,0.0,0.0
2025-08-13 03:30:00+00:00,14.960000038146973,14.960000038146973,14.90999984741211,14.90999984741211,78435,0.0,0.0,0.0
2025-08-13 03:35:00+00:00,14.90999984741211,14.920000076293945,14.899999618530273,14.90999984741211,132666,0.0,0.0,0.0
2025-08-13 03:40:00+00:00,14.920000076293945,14.920000076293945,14.90999984741211,14.90999984741211,83036,0.0,0.0,0.0
2025-08-13 03:45:00+00:00,14.920000076293945,14.930000305175781,14.920000076293945,14.920000076293945,151828,0.0,0.0,0.0
2025-08-13 03:50:00+00:00,14.930000305175781,14.930000305175781,14.930000305175781,14.930000305175781,33705,0.0,0.0,0.0
2025-08-13 03:55:00+00:00,14.930000305175781,14.930000305175781,14.930000305175781,14.930000305175781,3079,0.0,0.0,0.0
2025-08-13 04:00:00+00:00,14.930000305175781,14.930000305175781,14.920000076293945,14.930000305175781,17127,0.0,0.0,0.0
2025-08-13 04:05:00+00:00,14.930000305175781,14.930000305175781,14.930000305175781,14.930000305175781,8551,0.0,0.0,0.0
2025-08-13 04:10:00+00:00,14.920000076293945,14.920000076293945,14.920000076293945,14.920000076293945,48552,0.0,0.0,0.0
2025-08-13 04:15:00+00:00,14.920000076293945,14.930000305175781,14.920000076293945,14.920000076293945,17152,0.0,0.0,0.0
2025-08-13 04:20:00+00:00,14.930000305175781,14.930000305175781,14.90999984741211,14.930000305175781,85569,0.0,0.0,0.0
2025-08-13 04:25:00+00:00,14.930000305175781,14.960000038146973,14.930000305175781,14.949999809265137,65028,0.0,0.0,0.0
2025-08-13 04:30:00+00:00,14.949999809265137,14.970000267028809,14.949999809265137,14.970000267028809,46354,0.0,0.0,0.0
2025-08-13 04:35:00+00:00,14.970000267028809,14.970000267028809,14.970000267028809,14.970000267028809,9969,0.0,0.0,0.0
2025-08-13 04:40:00+00:00,14.970000267028809,14.970000267028809,14.970000267028809,14.970000267028809,31000,0.0,0.0,0.0
2025-08-13 04:45:00+00:00,14.970000267028809,15.0,14.970000267028809,15.0,257346,0.0,0.0,0.0
2025-08-13 04:50:00+00:00,15.0,15.0,15.0,15.0,29640,0.0,0.0,0.0
2025-08-13 04:55:00+00:00,15.0,15.0,14.989999771118164,14.989999771118164,11132,0.0,0.0,0.0
2025-08-13 05:00:00+00:00,14.989999771118164,15.0,14.989999771118164,15.0,86588,0.0,0.0,0.0
2025-08-13 05:05:00+00:00,15.0,15.0,15.0,15.0,24165,0.0,0.0,0.0
2025-08-13 05:10:00+00:00,15.0,15.0,15.0,15.0,75273,0.0,0.0,0.0
2025-08-13 05:15:00+00:00,15.010000228881836,15.010000228881836,15.0,15.010000228881836,342353,0.0,0.0,0.0
2025-08-13 05:20:00+00:00,15.010000228881836,15.010000228881836,15.0,15.0,21637,0.0,0.0,0.0
2025-08-14 01:00:00+00:00,15.0,15.0,15.0,15.0,0,0.0,0.0,0.0
2025-08-14 01:05:00+00:00,15.0,15.010000228881836,15.0,15.010000228881836,104886,0.0,0.0,0.0
2025-08-14 01:10:00+00:00,15.010000228881836,15.020000457763672,15.010000228881836,15.020000457763672,32038,0.0,0.0,0.0
2025-08-14 01:15:00+00:00,15.010000228881836,15.010000228881836,15.0,15.010000228881836,55230,0.0,0.0,0.0
2025-08-14 01:20:00+00:00,15.010000228881836,15.020000457763672,15.010000228881836,15.020000457763672,26924,0.0,0.0,0.0
2025-08-14 01:25:00+00:00,15.020000457763672,15.020000457763672,15.010000228881836,15.010000228881836,7592,0.0,0.0,0.0
2025-08-14 01:30:00+00:00,15.020000457763672,15.020000457763672,15.0,15.0,56037,0.0,0.0,0.0
2025-08-14 01:35:00+00:00,15.0,15.010000228881836,14.979999542236328,14.989999771118164,109626,0.0,0.0,0.0
2025-08-14 01:40:00+00:00,14.989999771118164,14.989999771118164,14.989999771118164,14.989999771118164,23123,0.0,0.0,0.0
2025-08-14 01:45:00+00:00,14.989999771118164,15.0,14.989999771118164,14.989999771118164,19457,0.0,0.0,0.0
2025-08-14 01:50:00+00:00,14.989999771118164,15.0,14.979999542236328,14.979999542236328,8649,0.0,0.0,0.0
2025-08-14 01:55:00+00:00,14.989999771118164,14.989999771118164,14.989999771118164,14.989999771118164,20176,0.0,0.0,0.0
2025-08-14 02:00:00+00:00,14.989999771118164,14.989999771118164,14.979999542236328,14.989999771118164,16275,0.0,0.0,0.0
2025-08-14 02:05:00+00:00,14.979999542236328,14.989999771118164,14.970000267028809,14.970000267028809,35362,0.0,0.0,0.0
2025-08-14 02:10:00+00:00,14.970000267028809,14.970000267028809,14.9399995803833,14.9399995803833,100788,0.0,0.0,0.0
2025-08-14 02:15:00+00:00,14.9399995803833,14.960000038146973,14.9399995803833,14.960000038146973,21592,0.0,0.0,0.0
2025-08-14 02:20:00+00:00,14.960000038146973,14.960000038146973,14.960000038146973,14.960000038146973,3048,0.0,0.0,0.0
2025-08-14 02:25:00+00:00,14.960000038146973,14.970000267028809,14.960000038146973,14.970000267028809,55559,0.0,0.0,0.0
2025-08-14 02:30:00+00:00,14.970000267028809,14.970000267028809,14.960000038146973,14.960000038146973,53498,0.0,0.0,0.0
2025-08-14 02:35:00+00:00,14.960000038146973,14.960000038146973,14.960000038146973,14.960000038146973,10040,0.0,0.0,0.0
2025-08-14 02:40:00+00:00,14.960000038146973,14.970000267028809,14.960000038146973,14.970000267028809,44323,0.0,0.0,0.0
2025-08-14 02:45:00+00:00,14.970000267028809,14.970000267028809,14.960000038146973,14.960000038146973,2115,0.0,0.0,0.0
2025-08-14 02:50:00+00:00,14.970000267028809,14.979999542236328,14.970000267028809,14.979999542236328,116884,0.0,0.0,0.0
2025-08-14 02:55:00+00:00,14.979999542236328,14.979999542236328,14.970000267028809,14.979999542236328,9485,0.0,0.0,0.0
2025-08-14 03:00:00+00:00,14.979999542236328,14.979999542236328,14.970000267028809,14.979999542236328,29162,0.0,0.0,0.0
2025-08-14 03:05:00+00:00,14.979999542236328,14.979999542236328,14.979999542236328,14.979999542236328,3061,0.0,0.0,0.0
2025-08-14 03:10:00+00:00,14.970000267028809,14.979999542236328,14.970000267028809,14.970000267028809,36548,0.0,0.0,0.0
2025-08-14 03:15:00+00:00,14.979999542236328,14.979999542236328,14.979999542236328,14.979999542236328,2049,0.0,0.0,0.0
2025-08-14 03:20:00+00:00,14.979999542236328,14.979999542236328,14.970000267028809,14.970000267028809,3397,0.0,0.0,0.0
2025-08-14 03:25:00+00:00,14.979999542236328,14.979999542236328,14.979999542236328,14.979999542236328,78250,0.0,0.0,0.0
2025-08-14 03:30:00+00:00,14.979999542236328,14.989999771118164,14.979999542236328,14.979999542236328,29124,0.0,0.0,0.0
2025-08-14 03:35:00+00:00,14.979999542236328,14.979999542236328,14.970000267028809,14.979999542236328,10606,0.0,0.0,0.0
2025-08-14 03:40:00+00:00,14.979999542236328,14.979999542236328,14.970000267028809,14.979999542236328,19979,0.0,0.0,0.0
2025-08-14 03:45:00+00:00,14.979999542236328,14.979999542236328,14.970000267028809,14.970000267028809,26536,0.0,0.0,0.0
2025-08-14 03:50:00+00:00,14.979999542236328,14.979999542236328,14.970000267028809,14.970000267028809,9260,0.0,0.0,0.0
2025-08-14 03:55:00+00:00,14.970000267028809,14.979999542236328,14.970000267028809,14.979999542236328,43128,0.0,0.0,0.0
2025-08-14 04:00:00+00:00,14.989999771118164,14.989999771118164,14.989999771118164,14.989999771118164,99965,0.0,0.0,0.0
2025-08-14 04:05:00+00:00,14.989999771118164,15.0,14.989999771118164,15.0,6034,0.0,0.0,0.0
2025-08-14 04:10:00+00:00,15.0,15.0,14.989999771118164,14.989999771118164,6172,0.0,0.0,0.0
2025-08-14 04:15:00+00:00,14.989999771118164,14.989999771118164,14.989999771118164,14.989999771118164,8033,0.0,0.0,0.0
2025-08-14 04:20:00+00:00,14.989999771118164,14.989999771118164,14.989999771118164,14.989999771118164,25021,0.0,0.0,0.0
2025-08-14 04:25:00+00:00,14.989999771118164,15.0,14.989999771118164,15.0,231030,0.0,0.0,0.0
2025-08-14 04:30:00+00:00,15.010000228881836,15.010000228881836,14.989999771118164,15.0,104029,0.0,0.0,0.0
2025-08-14 04:35:00+00:00,15.0,15.010000228881836,15.0,15.010000228881836,80560,0.0,0.0,0.0
2025-08-14 04:40:00+00:00,15.010000228881836,15.020000457763672,15.010000228881836,15.010000228881836,116440,0.0,0.0,0.0
2025-08-14 04:45:00+00:00,15.010000228881836,15.029999732971191,15.010000228881836,15.029999732971191,270142,0.0,0.0,0.0
2025-08-14 04:50:00+00:00,15.029999732971191,15.029999732971191,15.020000457763672,15.020000457763672,11458,0.0,0.0,0.0
2025-08-14 04:55:00+00:00,15.020000457763672,15.020000457763672,15.010000228881836,15.010000228881836,12285,0.0,0.0,0.0
2025-08-14 05:00:00+00:00,15.010000228881836,15.010000228881836,15.010000228881836,15.010000228881836,7046,0.0,0.0,0.0
2025-08-14 05:05:00+00:00,15.010000228881836,15.020000457763672,15.010000228881836,15.010000228881836,26968,0.0,0.0,0.0
2025-08-14 05:10:00+00:00,15.020000457763672,15.020000457763672,15.010000228881836,15.010000228881836,12173,0.0,0.0,0.0
2025-08-14 05:15:00+00:00,15.020000457763672,15.020000457763672,15.010000228881836,15.010000228881836,60036,0.0,0.0,0.0
2025-08-14 05:20:00+00:00,15.010000228881836,15.010000228881836,15.010000228881836,15.010000228881836,21744,0.0,0.0,0.0
2025-08-15 01:00:00+00:00,15.0,15.020000457763672,15.0,15.020000457763672,0,0.0,0.0,0.0
2025-08-15 01:05:00+00:00,15.029999732971191,15.029999732971191,15.010000228881836,15.010000228881836,51896,0.0,0.0,0.0
2025-08-15 01:10:00+00:00,15.0,15.0,14.970000267028809,14.970000267028809,59375,0.0,0.0,0.0
2025-08-15 01:15:00+00:00,14.970000267028809,14.989999771118164,14.970000267028809,14.989999771118164,77021,0.0,0.0,0.0
2025-08-15 01:20:00+00:00,15.0,15.020000457763672,15.0,15.0,103147,0.0,0.0,0.0
2025-08-15 01:25:00+00:00,15.0,15.0,14.989999771118164,15.0,28114,0.0,0.0,0.0
2025-08-15 01:30:00+00:00,15.0,15.0,14.989999771118164,14.989999771118164,26615,0.0,0.0,0.0
2025-08-15 01:35:00+00:00,15.0,15.010000228881836,14.989999771118164,15.010000228881836,121520,0.0,0.0,0.0
2025-08-15 01:40:00+00:00,15.020000457763672,15.020000457763672,15.010000228881836,15.020000457763672,67754,0.0,0.0,0.0
2025-08-15 01:45:00+00:00,15.020000457763672,15.029999732971191,15.010000228881836,15.020000457763672,58032,0.0,0.0,0.0
2025-08-15 01:50:00+00:00,15.020000457763672,15.020000457763672,15.010000228881836,15.010000228881836,4456,0.0,0.0,0.0
2025-08-15 01:55:00+00:00,15.010000228881836,15.010000228881836,15.010000228881836,15.010000228881836,30339,0.0,0.0,0.0
2025-08-15 02:00:00+00:00,15.010000228881836,15.020000457763672,15.010000228881836,15.010000228881836,20771,0.0,0.0,0.0
2025-08-15 02:05:00+00:00,15.010000228881836,15.020000457763672,15.0,15.020000457763672,21469,0.0,0.0,0.0
2025-08-15 02:10:00+00:00,15.010000228881836,15.020000457763672,15.010000228881836,15.020000457763672,111879,0.0,0.0,0.0
2025-08-15 02:15:00+00:00,15.020000457763672,15.020000457763672,15.010000228881836,15.020000457763672,62182,0.0,0.0,0.0
2025-08-15 02:20:00+00:00,15.010000228881836,15.029999732971191,15.010000228881836,15.020000457763672,36025,0.0,0.0,0.0
2025-08-15 02:25:00+00:00,15.029999732971191,15.029999732971191,15.020000457763672,15.029999732971191,41104,0.0,0.0,0.0
2025-08-15 02:30:00+00:00,15.029999732971191,15.029999732971191,15.020000457763672,15.020000457763672,35232,0.0,0.0,0.0
2025-08-15 02:35:00+00:00,15.029999732971191,15.050000190734863,15.020000457763672,15.039999961853027,363215,0.0,0.0,0.0
2025-08-15 02:40:00+00:00,15.039999961853027,15.039999961853027,15.029999732971191,15.029999732971191,9177,0.0,0.0,0.0
2025-08-15 02:45:00+00:00,15.039999961853027,15.039999961853027,15.029999732971191,15.029999732971191,21031,0.0,0.0,0.0
2025-08-15 02:50:00+00:00,15.039999961853027,15.039999961853027,15.029999732971191,15.029999732971191,16765,0.0,0.0,0.0
2025-08-15 02:55:00+00:00,15.020000457763672,15.020000457763672,15.020000457763672,15.020000457763672,16007,0.0,0.0,0.0
2025-08-15 03:00:00+00:00,15.029999732971191,15.029999732971191,15.020000457763672,15.020000457763672,26458,0.0,0.0,0.0
2025-08-15 03:05:00+00:00,15.029999732971191,15.029999732971191,15.020000457763672,15.020000457763672,41137,0.0,0.0,0.0
2025-08-15 03:10:00+00:00,15.029999732971191,15.029999732971191,15.020000457763672,15.020000457763672,99274,0.0,0.0,0.0
2025-08-15 03:15:00+00:00,15.039999961853027,15.039999961853027,15.020000457763672,15.020000457763672,2312,0.0,0.0,0.0
2025-08-15 03:20:00+00:00,15.029999732971191,15.029999732971191,15.020000457763672,15.020000457763672,5051,0.0,0.0,0.0
2025-08-15 03:25:00+00:00,15.029999732971191,15.029999732971191,15.029999732971191,15.029999732971191,3694,0.0,0.0,0.0
2025-08-15 03:30:00+00:00,15.029999732971191,15.029999732971191,15.029999732971191,15.029999732971191,66747,0.0,0.0,0.0
2025-08-15 03:35:00+00:00,15.029999732971191,15.039999961853027,15.029999732971191,15.039999961853027,7489,0.0,0.0,0.0
2025-08-15 03:40:00+00:00,15.039999961853027,15.050000190734863,15.039999961853027,15.050000190734863,635308,0.0,0.0,0.0
2025-08-15 03:45:00+00:00,15.050000190734863,15.0600004196167,15.050000190734863,15.0600004196167,91044,0.0,0.0,0.0
2025-08-15 03:50:00+00:00,15.0600004196167,15.069999694824219,15.0600004196167,15.069999694824219,27273,0.0,0.0,0.0
2025-08-15 03:55:00+00:00,15.069999694824219,15.069999694824219,15.0600004196167,15.0600004196167,68559,0.0,0.0,0.0
2025-08-15 04:00:00+00:00,15.069999694824219,15.069999694824219,15.0600004196167,15.0600004196167,7157,0.0,0.0,0.0
2025-08-15 04:05:00+00:00,15.069999694824219,15.069999694824219,15.069999694824219,15.069999694824219,6160,0.0,0.0,0.0
2025-08-15 04:10:00+00:00,15.069999694824219,15.069999694824219,15.0600004196167,15.0600004196167,6113,0.0,0.0,0.0
2025-08-15 04:15:00+00:00,15.069999694824219,15.069999694824219,15.069999694824219,15.069999694824219,3937,0.0,0.0,0.0
2025-08-15 04:20:00+00:00,15.0600004196167,15.069999694824219,15.0600004196167,15.0600004196167,36198,0.0,0.0,0.0
2025-08-15 04:25:00+00:00,15.0600004196167,15.0600004196167,15.0600004196167,15.0600004196167,40198,0.0,0.0,0.0
2025-08-15 04:30:00+00:00,15.069999694824219,15.069999694824219,15.069999694824219,15.069999694824219,4706,0.0,0.0,0.0
2025-08-15 04:35:00+00:00,15.069999694824219,15.069999694824219,15.069999694824219,15.069999694824219,6000,0.0,0.0,0.0
2025-08-15 04:40:00+00:00,15.069999694824219,15.069999694824219,15.069999694824219,15.069999694824219,15690,0.0,0.0,0.0
2025-08-15 04:45:00+00:00,15.069999694824219,15.069999694824219,15.069999694824219,15.069999694824219,426934,0.0,0.0,0.0
2025-08-15 04:50:00+00:00,15.069999694824219,15.079999923706055,15.069999694824219,15.069999694824219,20049,0.0,0.0,0.0
2025-08-15 04:55:00+00:00,15.069999694824219,15.069999694824219,15.069999694824219,15.069999694824219,24337,0.0,0.0,0.0
2025-08-15 05:00:00+00:00,15.069999694824219,15.079999923706055,15.069999694824219,15.079999923706055,11231,0.0,0.0,0.0
2025-08-15 05:05:00+00:00,15.0600004196167,15.069999694824219,15.0600004196167,15.0600004196167,4580,0.0,0.0,0.0
2025-08-15 05:10:00+00:00,15.069999694824219,15.069999694824219,15.0600004196167,15.0600004196167,40746,0.0,0.0,0.0
2025-08-15 05:15:00+00:00,15.079999923706055,15.079999923706055,15.0600004196167,15.069999694824219,32185,0.0,0.0,0.0
2025-08-15 05:20:00+00:00,15.0600004196167,15.0600004196167,15.050000190734863,15.050000190734863,71578,0.0,0.0,0.0
2025-08-18 01:00:00+00:00,15.010000228881836,15.029999732971191,15.0,15.029999732971191,0,0.0,0.0,0.0
2025-08-18 01:05:00+00:00,15.029999732971191,15.029999732971191,15.010000228881836,15.010000228881836,704000,0.0,0.0,0.0
2025-08-18 01:10:00+00:00,15.029999732971191,15.039999961853027,15.0,15.0,43422,0.0,0.0,0.0
2025-08-18 01:15:00+00:00,15.020000457763672,15.039999961853027,15.010000228881836,15.029999732971191,57344,0.0,0.0,0.0
2025-08-18 01:20:00+00:00,15.039999961853027,15.039999961853027,15.039999961853027,15.039999961853027,116748,0.0,0.0,0.0
2025-08-18 01:25:00+00:00,15.039999961853027,15.050000190734863,15.039999961853027,15.039999961853027,51940,0.0,0.0,0.0
2025-08-18 01:30:00+00:00,15.050000190734863,15.050000190734863,15.039999961853027,15.039999961853027,39743,0.0,0.0,0.0
2025-08-18 01:35:00+00:00,15.050000190734863,15.050000190734863,15.039999961853027,15.050000190734863,50140,0.0,0.0,0.0
2025-08-18 01:40:00+00:00,15.050000190734863,15.050000190734863,15.039999961853027,15.050000190734863,18506,0.0,0.0,0.0
2025-08-18 01:45:00+00:00,15.050000190734863,15.050000190734863,15.039999961853027,15.039999961853027,16946,0.0,0.0,0.0
2025-08-18 01:50:00+00:00,15.050000190734863,15.050000190734863,15.029999732971191,15.039999961853027,153424,0.0,0.0,0.0
2025-08-18 01:55:00+00:00,15.050000190734863,15.069999694824219,15.029999732971191,15.069999694824219,339706,0.0,0.0,0.0
2025-08-18 02:00:00+00:00,15.069999694824219,15.069999694824219,15.050000190734863,15.0600004196167,20329,0.0,0.0,0.0
2025-08-18 02:05:00+00:00,15.069999694824219,15.069999694824219,15.069999694824219,15.069999694824219,6417,0.0,0.0,0.0
2025-08-18 02:10:00+00:00,15.0600004196167,15.069999694824219,15.0600004196167,15.0600004196167,10332,0.0,0.0,0.0
2025-08-18 02:15:00+00:00,15.0600004196167,15.0600004196167,15.050000190734863,15.050000190734863,12068,0.0,0.0,0.0
2025-08-18 02:20:00+00:00,15.0600004196167,15.0600004196167,15.050000190734863,15.050000190734863,25015,0.0,0.0,0.0
2025-08-18 02:25:00+00:00,15.050000190734863,15.050000190734863,15.050000190734863,15.050000190734863,8309,0.0,0.0,0.0
2025-08-18 02:30:00+00:00,15.050000190734863,15.0600004196167,15.050000190734863,15.050000190734863,69647,0.0,0.0,0.0
2025-08-18 02:35:00+00:00,15.050000190734863,15.0600004196167,15.039999961853027,15.039999961853027,36061,0.0,0.0,0.0
2025-08-18 02:40:00+00:00,15.050000190734863,15.050000190734863,15.039999961853027,15.039999961853027,14033,0.0,0.0,0.0
2025-08-18 02:45:00+00:00,15.050000190734863,15.0600004196167,15.039999961853027,15.0600004196167,105225,0.0,0.0,0.0
2025-08-18 02:50:00+00:00,15.0600004196167,15.069999694824219,15.050000190734863,15.069999694824219,9330,0.0,0.0,0.0
2025-08-18 02:55:00+00:00,15.069999694824219,15.069999694824219,15.050000190734863,15.050000190734863,2082,0.0,0.0,0.0
2025-08-18 03:00:00+00:00,15.0600004196167,15.069999694824219,15.050000190734863,15.069999694824219,15245,0.0,0.0,0.0
2025-08-18 03:05:00+00:00,15.069999694824219,15.069999694824219,15.050000190734863,15.0600004196167,40637,0.0,0.0,0.0
2025-08-18 03:10:00+00:00,15.069999694824219,15.069999694824219,15.0600004196167,15.0600004196167,11229,0.0,0.0,0.0
2025-08-18 03:15:00+00:00,15.069999694824219,15.069999694824219,15.050000190734863,15.050000190734863,127471,0.0,0.0,0.0
2025-08-18 03:20:00+00:00,15.0600004196167,15.069999694824219,15.050000190734863,15.0600004196167,126499,0.0,0.0,0.0
2025-08-18 03:25:00+00:00,15.069999694824219,15.069999694824219,15.069999694824219,15.069999694824219,198087,0.0,0.0,0.0
2025-08-18 03:30:00+00:00,15.069999694824219,15.069999694824219,15.0600004196167,15.069999694824219,62804,0.0,0.0,0.0
2025-08-18 03:35:00+00:00,15.069999694824219,15.069999694824219,15.069999694824219,15.069999694824219,15040,0.0,0.0,0.0
2025-08-18 03:40:00+00:00,15.069999694824219,15.069999694824219,15.0600004196167,15.0600004196167,4016,0.0,0.0,0.0
2025-08-18 03:45:00+00:00,15.069999694824219,15.069999694824219,15.069999694824219,15.069999694824219,31063,0.0,0.0,0.0
2025-08-18 03:50:00+00:00,15.079999923706055,15.079999923706055,15.069999694824219,15.069999694824219,81146,0.0,0.0,0.0
2025-08-18 03:55:00+00:00,15.079999923706055,15.079999923706055,15.069999694824219,15.079999923706055,85541,0.0,0.0,0.0
2025-08-18 04:00:00+00:00,15.09000015258789,15.09000015258789,15.079999923706055,15.09000015258789,20698,0.0,0.0,0.0
2025-08-18 04:05:00+00:00,15.09000015258789,15.09000015258789,15.079999923706055,15.079999923706055,6516,0.0,0.0,0.0
2025-08-18 04:10:00+00:00,15.09000015258789,15.09000015258789,15.079999923706055,15.079999923706055,25713,0.0,0.0,0.0
2025-08-18 04:15:00+00:00,15.09000015258789,15.09000015258789,15.09000015258789,15.09000015258789,147056,0.0,0.0,0.0
2025-08-18 04:20:00+00:00,15.09000015258789,15.09000015258789,15.09000015258789,15.09000015258789,24237,0.0,0.0,0.0
2025-08-18 04:25:00+00:00,15.09000015258789,15.100000381469727,15.09000015258789,15.09000015258789,88718,0.0,0.0,0.0
2025-08-18 04:30:00+00:00,15.100000381469727,15.100000381469727,15.09000015258789,15.09000015258789,63417,0.0,0.0,0.0
2025-08-18 04:35:00+00:00,15.09000015258789,15.109999656677246,15.09000015258789,15.109999656677246,420685,0.0,0.0,0.0
2025-08-18 04:40:00+00:00,15.109999656677246,15.109999656677246,15.109999656677246,15.109999656677246,53130,0.0,0.0,0.0
2025-08-18 04:45:00+00:00,15.109999656677246,15.119999885559082,15.109999656677246,15.109999656677246,33320,0.0,0.0,0.0
2025-08-18 04:50:00+00:00,15.109999656677246,15.119999885559082,15.109999656677246,15.119999885559082,24552,0.0,0.0,0.0
2025-08-18 04:55:00+00:00,15.119999885559082,15.119999885559082,15.109999656677246,15.109999656677246,103033,0.0,0.0,0.0
2025-08-18 05:00:00+00:00,15.119999885559082,15.119999885559082,15.109999656677246,15.119999885559082,44863,0.0,0.0,0.0
2025-08-18 05:05:00+00:00,15.119999885559082,15.130000114440918,15.109999656677246,15.109999656677246,70168,0.0,0.0,0.0
2025-08-18 05:10:00+00:00,15.109999656677246,15.119999885559082,15.109999656677246,15.119999885559082,27196,0.0,0.0,0.0
2025-08-18 05:15:00+00:00,15.119999885559082,15.119999885559082,15.109999656677246,15.119999885559082,38356,0.0,0.0,0.0
2025-08-18 05:20:00+00:00,15.119999885559082,15.119999885559082,15.119999885559082,15.119999885559082,58968,0.0,0.0,0.0
2025-08-19 01:00:00+00:00,15.119999885559082,15.130000114440918,15.119999885559082,15.130000114440918,0,0.0,0.0,0.0
2025-08-19 01:05:00+00:00,15.130000114440918,15.130000114440918,15.119999885559082,15.119999885559082,8483,0.0,0.0,0.0
2025-08-19 01:10:00+00:00,15.119999885559082,15.130000114440918,15.109999656677246,15.109999656677246,63191,0.0,0.0,0.0
2025-08-19 01:15:00+00:00,15.100000381469727,15.100000381469727,15.050000190734863,15.0600004196167,92885,0.0,0.0,0.0
2025-08-19 01:20:00+00:00,15.050000190734863,15.0600004196167,15.050000190734863,15.050000190734863,70767,0.0,0.0,0.0
2025-08-19 01:25:00+00:00,15.0600004196167,15.09000015258789,15.0600004196167,15.09000015258789,124160,0.0,0.0,0.0
2025-08-19 01:30:00+00:00,15.09000015258789,15.09000015258789,15.079999923706055,15.09000015258789,37324,0.0,0.0,0.0
2025-08-19 01:35:00+00:00,15.09000015258789,15.100000381469727,15.09000015258789,15.100000381469727,5499,0.0,0.0,0.0
2025-08-19 01:40:00+00:00,15.100000381469727,15.100000381469727,15.100000381469727,15.100000381469727,12202,0.0,0.0,0.0
2025-08-19 01:45:00+00:00,15.100000381469727,15.100000381469727,15.09000015258789,15.09000015258789,16388,0.0,0.0,0.0
2025-08-19 01:50:00+00:00,15.079999923706055,15.079999923706055,15.069999694824219,15.069999694824219,14138,0.0,0.0,0.0
2025-08-19 01:55:00+00:00,15.0600004196167,15.0600004196167,15.050000190734863,15.050000190734863,59057,0.0,0.0,0.0
2025-08-19 02:00:00+00:00,15.050000190734863,15.050000190734863,15.039999961853027,15.039999961853027,30632,0.0,0.0,0.0
2025-08-19 02:05:00+00:00,15.029999732971191,15.029999732971191,15.020000457763672,15.029999732971191,51566,0.0,0.0,0.0
2025-08-19 02:10:00+00:00,15.029999732971191,15.039999961853027,15.020000457763672,15.039999961853027,28148,0.0,0.0,0.0
2025-08-19 02:15:00+00:00,15.050000190734863,15.050000190734863,15.050000190734863,15.050000190734863,55455,0.0,0.0,0.0
2025-08-19 02:20:00+00:00,15.050000190734863,15.050000190734863,15.050000190734863,15.050000190734863,3342,0.0,0.0,0.0
2025-08-19 02:25:00+00:00,15.0600004196167,15.0600004196167,15.050000190734863,15.0600004196167,20338,0.0,0.0,0.0
2025-08-19 02:30:00+00:00,15.0600004196167,15.069999694824219,15.050000190734863,15.069999694824219,9223,0.0,0.0,0.0
2025-08-19 02:35:00+00:00,15.0600004196167,15.0600004196167,15.0600004196167,15.0600004196167,3240,0.0,0.0,0.0
2025-08-19 02:40:00+00:00,15.0600004196167,15.0600004196167,15.0600004196167,15.0600004196167,16127,0.0,0.0,0.0
2025-08-19 02:45:00+00:00,15.0600004196167,15.0600004196167,15.050000190734863,15.050000190734863,69445,0.0,0.0,0.0
2025-08-19 02:50:00+00:00,15.039999961853027,15.039999961853027,15.039999961853027,15.039999961853027,2544,0.0,0.0,0.0
2025-08-19 02:55:00+00:00,15.050000190734863,15.050000190734863,15.039999961853027,15.039999961853027,10120,0.0,0.0,0.0
2025-08-19 03:00:00+00:00,15.039999961853027,15.039999961853027,15.039999961853027,15.039999961853027,27049,0.0,0.0,0.0
2025-08-19 03:05:00+00:00,15.039999961853027,15.039999961853027,15.039999961853027,15.039999961853027,27239,0.0,0.0,0.0
2025-08-19 03:10:00+00:00,15.039999961853027,15.039999961853027,15.039999961853027,15.039999961853027,2031,0.0,0.0,0.0
2025-08-19 03:15:00+00:00,15.039999961853027,15.039999961853027,15.039999961853027,15.039999961853027,8110,0.0,0.0,0.0
2025-08-19 03:20:00+00:00,15.050000190734863,15.050000190734863,15.039999961853027,15.039999961853027,2914,0.0,0.0,0.0
2025-08-19 03:25:00+00:00,15.039999961853027,15.039999961853027,15.039999961853027,15.039999961853027,5080,0.0,0.0,0.0
2025-08-19 03:30:00+00:00,15.050000190734863,15.050000190734863,15.039999961853027,15.050000190734863,23855,0.0,0.0,0.0
2025-08-19 03:35:00+00:00,15.050000190734863,15.050000190734863,15.039999961853027,15.039999961853027,7378,0.0,0.0,0.0
2025-08-19 03:40:00+00:00,15.039999961853027,15.050000190734863,15.039999961853027,15.050000190734863,2283,0.0,0.0,0.0
2025-08-19 03:45:00+00:00,15.039999961853027,15.039999961853027,15.039999961853027,15.039999961853027,10002,0.0,0.0,0.0
2025-08-19 03:50:00+00:00,15.039999961853027,15.039999961853027,15.039999961853027,15.039999961853027,5037,0.0,0.0,0.0
2025-08-19 03:55:00+00:00,15.039999961853027,15.039999961853027,15.039999961853027,15.039999961853027,11065,0.0,0.0,0.0
2025-08-19 04:00:00+00:00,15.039999961853027,15.039999961853027,15.039999961853027,15.039999961853027,2055,0.0,0.0,0.0
2025-08-19 04:05:00+00:00,15.039999961853027,15.039999961853027,15.029999732971191,15.029999732971191,6187,0.0,0.0,0.0
2025-08-19 04:10:00+00:00,15.029999732971191,15.029999732971191,15.029999732971191,15.029999732971191,3069,0.0,0.0,0.0
2025-08-19 04:15:00+00:00,15.029999732971191,15.029999732971191,15.029999732971191,15.029999732971191,13273,0.0,0.0,0.0
2025-08-19 04:20:00+00:00,15.029999732971191,15.029999732971191,15.020000457763672,15.020000457763672,329904,0.0,0.0,0.0
2025-08-19 04:25:00+00:00,15.020000457763672,15.020000457763672,15.020000457763672,15.020000457763672,20449,0.0,0.0,0.0
2025-08-19 04:30:00+00:00,15.029999732971191,15.029999732971191,15.020000457763672,15.020000457763672,9538,0.0,0.0,0.0
2025-08-19 04:35:00+00:00,15.029999732971191,15.029999732971191,15.020000457763672,15.020000457763672,21227,0.0,0.0,0.0
2025-08-19 04:40:00+00:00,15.020000457763672,15.050000190734863,15.020000457763672,15.050000190734863,1018120,0.0,0.0,0.0
2025-08-19 04:45:00+00:00,15.050000190734863,15.050000190734863,15.050000190734863,15.050000190734863,1055,0.0,0.0,0.0
2025-08-19 04:50:00+00:00,15.050000190734863,15.050000190734863,15.039999961853027,15.050000190734863,12701,0.0,0.0,0.0
2025-08-19 04:55:00+00:00,15.039999961853027,15.050000190734863,15.039999961853027,15.039999961853027,20299,0.0,0.0,0.0
2025-08-19 05:00:00+00:00,15.039999961853027,15.039999961853027,15.039999961853027,15.039999961853027,18997,0.0,0.0,0.0
2025-08-19 05:10:00+00:00,15.039999961853027,15.039999961853027,15.029999732971191,15.029999732971191,33198,0.0,0.0,0.0
2025-08-19 05:15:00+00:00,15.029999732971191,15.029999732971191,15.020000457763672,15.020000457763672,5867,0.0,0.0,0.0
2025-08-19 05:20:00+00:00,15.020000457763672,15.029999732971191,15.020000457763672,15.029999732971191,19078,0.0,0.0,0.0
2025-08-20 01:00:00+00:00,14.800000190734863,14.880000114440918,14.800000190734863,14.880000114440918,0,0.0,0.0,0.0
2025-08-20 01:05:00+00:00,14.880000114440918,14.880000114440918,14.829999923706055,14.829999923706055,310576,0.0,0.0,0.0
2025-08-20 01:10:00+00:00,14.819999694824219,14.829999923706055,14.8100004196167,14.819999694824219,94448,0.0,0.0,0.0
2025-08-20 01:15:00+00:00,14.819999694824219,14.829999923706055,14.819999694824219,14.829999923706055,32639,0.0,0.0,0.0
2025-08-20 01:20:00+00:00,14.829999923706055,14.829999923706055,14.779999732971191,14.779999732971191,282156,0.0,0.0,0.0
2025-08-20 01:25:00+00:00,14.779999732971191,14.779999732971191,14.75,14.75,105959,0.0,0.0,0.0
2025-08-20 01:30:00+00:00,14.770000457763672,14.770000457763672,14.720000267028809,14.729999542236328,226491,0.0,0.0,0.0
2025-08-20 01:35:00+00:00,14.720000267028809,14.720000267028809,14.710000038146973,14.720000267028809,256120,0.0,0.0,0.0
2025-08-20 01:40:00+00:00,14.720000267028809,14.739999771118164,14.710000038146973,14.739999771118164,167119,0.0,0.0,0.0
2025-08-20 01:45:00+00:00,14.75,14.760000228881836,14.739999771118164,14.760000228881836,48687,0.0,0.0,0.0
2025-08-20 01:50:00+00:00,14.760000228881836,14.760000228881836,14.760000228881836,14.760000228881836,30751,0.0,0.0,0.0
2025-08-20 01:55:00+00:00,14.760000228881836,14.760000228881836,14.75,14.760000228881836,16657,0.0,0.0,0.0
2025-08-20 02:00:00+00:00,14.760000228881836,14.760000228881836,14.75,14.760000228881836,20397,0.0,0.0,0.0
2025-08-20 02:05:00+00:00,14.75,14.75,14.739999771118164,14.739999771118164,58869,0.0,0.0,0.0
2025-08-20 02:10:00+00:00,14.729999542236328,14.739999771118164,14.720000267028809,14.729999542236328,48057,0.0,0.0,0.0
2025-08-20 02:15:00+00:00,14.729999542236328,14.729999542236328,14.699999809265137,14.699999809265137,192968,0.0,0.0,0.0
2025-08-20 02:20:00+00:00,14.710000038146973,14.710000038146973,14.699999809265137,14.699999809265137,155544,0.0,0.0,0.0
2025-08-20 02:25:00+00:00,14.6899995803833,14.6899995803833,14.680000305175781,14.6899995803833,93161,0.0,0.0,0.0
2025-08-20 02:30:00+00:00,14.6899995803833,14.699999809265137,14.6899995803833,14.699999809265137,99114,0.0,0.0,0.0
2025-08-20 02:35:00+00:00,14.699999809265137,14.710000038146973,14.6899995803833,14.710000038146973,17327,0.0,0.0,0.0
2025-08-20 02:40:00+00:00,14.710000038146973,14.710000038146973,14.710000038146973,14.710000038146973,28591,0.0,0.0,0.0
2025-08-20 02:45:00+00:00,14.710000038146973,14.710000038146973,14.680000305175781,14.680000305175781,184458,0.0,0.0,0.0
2025-08-20 02:50:00+00:00,14.680000305175781,14.699999809265137,14.680000305175781,14.6899995803833,17757,0.0,0.0,0.0
2025-08-20 02:55:00+00:00,14.6899995803833,14.6899995803833,14.6899995803833,14.6899995803833,30620,0.0,0.0,0.0
2025-08-20 03:00:00+00:00,14.680000305175781,14.6899995803833,14.680000305175781,14.680000305175781,72884,0.0,0.0,0.0
2025-08-20 03:05:00+00:00,14.6899995803833,14.6899995803833,14.680000305175781,14.680000305175781,14017,0.0,0.0,0.0
2025-08-20 03:10:00+00:00,14.680000305175781,14.680000305175781,14.670000076293945,14.670000076293945,65657,0.0,0.0,0.0
2025-08-20 03:15:00+00:00,14.670000076293945,14.670000076293945,14.65999984741211,14.670000076293945,33367,0.0,0.0,0.0
2025-08-20 03:20:00+00:00,14.670000076293945,14.670000076293945,14.670000076293945,14.670000076293945,38793,0.0,0.0,0.0
2025-08-20 03:25:00+00:00,14.670000076293945,14.670000076293945,14.670000076293945,14.670000076293945,5000,0.0,0.0,0.0
2025-08-20 03:30:00+00:00,14.680000305175781,14.680000305175781,14.670000076293945,14.670000076293945,30040,0.0,0.0,0.0
2025-08-20 03:35:00+00:00,14.670000076293945,14.670000076293945,14.649999618530273,14.649999618530273,176026,0.0,0.0,0.0
2025-08-20 03:40:00+00:00,14.65999984741211,14.65999984741211,14.649999618530273,14.649999618530273,68822,0.0,0.0,0.0
2025-08-20 03:45:00+00:00,14.649999618530273,14.65999984741211,14.649999618530273,14.649999618530273,38242,0.0,0.0,0.0
2025-08-20 03:50:00+00:00,14.649999618530273,14.65999984741211,14.649999618530273,14.649999618530273,30922,0.0,0.0,0.0
2025-08-20 03:55:00+00:00,14.649999618530273,14.649999618530273,14.649999618530273,14.649999618530273,15132,0.0,0.0,0.0
2025-08-20 04:00:00+00:00,14.649999618530273,14.65999984741211,14.649999618530273,14.649999618530273,54903,0.0,0.0,0.0
2025-08-20 04:05:00+00:00,14.649999618530273,14.649999618530273,14.640000343322754,14.649999618530273,24660,0.0,0.0,0.0
2025-08-20 04:10:00+00:00,14.649999618530273,14.649999618530273,14.640000343322754,14.649999618530273,28806,0.0,0.0,0.0
2025-08-20 04:15:00+00:00,14.649999618530273,14.649999618530273,14.640000343322754,14.649999618530273,50551,0.0,0.0,0.0
2025-08-20 04:20:00+00:00,14.649999618530273,14.649999618530273,14.640000343322754,14.649999618530273,84560,0.0,0.0,0.0
2025-08-20 04:25:00+00:00,14.649999618530273,14.649999618530273,14.649999618530273,14.649999618530273,14495,0.0,0.0,0.0
2025-08-20 04:30:00+00:00,14.649999618530273,14.649999618530273,14.640000343322754,14.649999618530273,86277,0.0,0.0,0.0
2025-08-20 04:35:00+00:00,14.649999618530273,14.649999618530273,14.649999618530273,14.649999618530273,19605,0.0,0.0,0.0
2025-08-20 04:40:00+00:00,14.65999984741211,14.65999984741211,14.640000343322754,14.649999618530273,19070,0.0,0.0,0.0
2025-08-20 04:45:00+00:00,14.649999618530273,14.649999618530273,14.640000343322754,14.649999618530273,33020,0.0,0.0,0.0
2025-08-20 04:50:00+00:00,14.649999618530273,14.649999618530273,14.649999618530273,14.649999618530273,40789,0.0,0.0,0.0
2025-08-20 04:55:00+00:00,14.640000343322754,14.649999618530273,14.640000343322754,14.640000343322754,12310,0.0,0.0,0.0
2025-08-20 05:00:00+00:00,14.640000343322754,14.640000343322754,14.619999885559082,14.630000114440918,214679,0.0,0.0,0.0
2025-08-20 05:05:00+00:00,14.619999885559082,14.619999885559082,14.600000381469727,14.609999656677246,169464,0.0,0.0,0.0
2025-08-20 05:10:00+00:00,14.609999656677246,14.609999656677246,14.600000381469727,14.609999656677246,58891,0.0,0.0,0.0
2025-08-20 05:15:00+00:00,14.609999656677246,14.619999885559082,14.600000381469727,14.609999656677246,59202,0.0,0.0,0.0
2025-08-20 05:20:00+00:00,14.609999656677246,14.619999885559082,14.609999656677246,14.609999656677246,33462,0.0,0.0,0.0
2025-08-21 01:00:00+00:00,14.609999656677246,14.729999542236328,14.609999656677246,14.729999542236328,0,0.0,0.0,0.0
2025-08-21 01:05:00+00:00,14.729999542236328,14.729999542236328,14.710000038146973,14.710000038146973,80779,0.0,0.0,0.0
2025-08-21 01:10:00+00:00,14.720000267028809,14.720000267028809,14.710000038146973,14.720000267028809,196213,0.0,0.0,0.0
2025-08-21 01:15:00+00:00,14.729999542236328,14.739999771118164,14.720000267028809,14.739999771118164,44186,0.0,0.0,0.0
2025-08-21 01:20:00+00:00,14.75,14.75,14.75,14.75,58570,0.0,0.0,0.0
2025-08-21 01:25:00+00:00,14.75,14.760000228881836,14.75,14.760000228881836,11190,0.0,0.0,0.0
2025-08-21 01:30:00+00:00,14.760000228881836,14.770000457763672,14.760000228881836,14.760000228881836,33252,0.0,0.0,0.0
2025-08-21 01:35:00+00:00,14.770000457763672,14.770000457763672,14.760000228881836,14.770000457763672,80514,0.0,0.0,0.0
2025-08-21 01:40:00+00:00,14.760000228881836,14.770000457763672,14.760000228881836,14.760000228881836,11689,0.0,0.0,0.0
2025-08-21 01:45:00+00:00,14.770000457763672,14.789999961853027,14.770000457763672,14.789999961853027,90488,0.0,0.0,0.0
2025-08-21 01:50:00+00:00,14.800000190734863,14.800000190734863,14.800000190734863,14.800000190734863,28365,0.0,0.0,0.0
2025-08-21 01:55:00+00:00,14.800000190734863,14.800000190734863,14.800000190734863,14.800000190734863,4556,0.0,0.0,0.0
2025-08-21 02:00:00+00:00,14.789999961853027,14.8100004196167,14.789999961853027,14.8100004196167,43261,0.0,0.0,0.0
2025-08-21 02:05:00+00:00,14.800000190734863,14.800000190734863,14.760000228881836,14.760000228881836,64327,0.0,0.0,0.0
2025-08-21 02:10:00+00:00,14.75,14.779999732971191,14.75,14.760000228881836,41047,0.0,0.0,0.0
2025-08-21 02:15:00+00:00,14.760000228881836,14.770000457763672,14.760000228881836,14.770000457763672,8836,0.0,0.0,0.0
2025-08-21 02:20:00+00:00,14.770000457763672,14.770000457763672,14.760000228881836,14.760000228881836,11047,0.0,0.0,0.0
2025-08-21 02:25:00+00:00,14.760000228881836,14.770000457763672,14.760000228881836,14.770000457763672,6849,0.0,0.0,0.0
2025-08-21 02:30:00+00:00,14.770000457763672,14.770000457763672,14.760000228881836,14.760000228881836,24514,0.0,0.0,0.0
2025-08-21 02:35:00+00:00,14.770000457763672,14.770000457763672,14.770000457763672,14.770000457763672,9330,0.0,0.0,0.0
2025-08-21 02:40:00+00:00,14.770000457763672,14.770000457763672,14.770000457763672,14.770000457763672,9038,0.0,0.0,0.0
2025-08-21 02:45:00+00:00,14.770000457763672,14.770000457763672,14.770000457763672,14.770000457763672,4132,0.0,0.0,0.0
2025-08-21 02:50:00+00:00,14.770000457763672,14.779999732971191,14.770000457763672,14.779999732971191,61677,0.0,0.0,0.0
2025-08-21 02:55:00+00:00,14.779999732971191,14.779999732971191,14.779999732971191,14.779999732971191,2047,0.0,0.0,0.0
2025-08-21 03:00:00+00:00,14.760000228881836,14.779999732971191,14.760000228881836,14.760000228881836,46178,0.0,0.0,0.0
2025-08-21 03:05:00+00:00,14.760000228881836,14.770000457763672,14.760000228881836,14.760000228881836,20416,0.0,0.0,0.0
2025-08-21 03:10:00+00:00,14.770000457763672,14.770000457763672,14.75,14.75,15495,0.0,0.0,0.0
2025-08-21 03:15:00+00:00,14.75,14.75,14.75,14.75,1085,0.0,0.0,0.0
2025-08-21 03:20:00+00:00,14.75,14.770000457763672,14.75,14.760000228881836,32037,0.0,0.0,0.0
2025-08-21 03:25:00+00:00,14.760000228881836,14.770000457763672,14.760000228881836,14.770000457763672,55051,0.0,0.0,0.0
2025-08-21 03:30:00+00:00,14.770000457763672,14.770000457763672,14.770000457763672,14.770000457763672,14084,0.0,0.0,0.0
2025-08-21 03:35:00+00:00,14.770000457763672,14.770000457763672,14.760000228881836,14.760000228881836,6327,0.0,0.0,0.0
2025-08-21 03:45:00+00:00,14.760000228881836,14.760000228881836,14.760000228881836,14.760000228881836,1006,0.0,0.0,0.0
2025-08-21 03:50:00+00:00,14.770000457763672,14.779999732971191,14.770000457763672,14.779999732971191,73482,0.0,0.0,0.0
2025-08-21 04:00:00+00:00,14.779999732971191,14.779999732971191,14.779999732971191,14.779999732971191,46028,0.0,0.0,0.0
2025-08-21 04:05:00+00:00,14.779999732971191,14.779999732971191,14.770000457763672,14.770000457763672,6419,0.0,0.0,0.0
2025-08-21 04:10:00+00:00,14.770000457763672,14.770000457763672,14.770000457763672,14.770000457763672,9028,0.0,0.0,0.0
2025-08-21 04:15:00+00:00,14.770000457763672,14.779999732971191,14.770000457763672,14.779999732971191,7148,0.0,0.0,0.0
2025-08-21 04:20:00+00:00,14.779999732971191,14.779999732971191,14.770000457763672,14.770000457763672,15018,0.0,0.0,0.0
2025-08-21 04:25:00+00:00,14.770000457763672,14.770000457763672,14.770000457763672,14.770000457763672,20229,0.0,0.0,0.0
2025-08-21 04:30:00+00:00,14.770000457763672,14.770000457763672,14.770000457763672,14.770000457763672,26020,0.0,0.0,0.0
2025-08-21 04:35:00+00:00,14.770000457763672,14.770000457763672,14.770000457763672,14.770000457763672,12596,0.0,0.0,0.0
2025-08-21 04:40:00+00:00,14.770000457763672,14.770000457763672,14.770000457763672,14.770000457763672,13232,0.0,0.0,0.0
2025-08-21 04:45:00+00:00,14.779999732971191,14.800000190734863,14.779999732971191,14.800000190734863,60326,0.0,0.0,0.0
2025-08-21 04:50:00+00:00,14.789999961853027,14.789999961853027,14.779999732971191,14.779999732971191,15200,0.0,0.0,0.0
2025-08-21 04:55:00+00:00,14.789999961853027,14.800000190734863,14.789999961853027,14.800000190734863,60159,0.0,0.0,0.0
2025-08-21 05:00:00+00:00,14.789999961853027,14.789999961853027,14.789999961853027,14.789999961853027,16000,0.0,0.0,0.0
2025-08-21 05:05:00+00:00,14.789999961853027,14.800000190734863,14.789999961853027,14.800000190734863,2669,0.0,0.0,0.0
2025-08-21 05:10:00+00:00,14.800000190734863,14.800000190734863,14.789999961853027,14.789999961853027,20951,0.0,0.0,0.0
2025-08-21 05:15:00+00:00,14.789999961853027,14.789999961853027,14.789999961853027,14.789999961853027,3573,0.0,0.0,0.0
2025-08-21 05:20:00+00:00,14.779999732971191,14.779999732971191,14.779999732971191,14.779999732971191,18920,0.0,0.0,0.0
2025-08-22 01:00:00+00:00,14.819999694824219,14.819999694824219,14.819999694824219,14.819999694824219,0,0.0,0.0,0.0
2025-08-22 01:05:00+00:00,14.800000190734863,14.800000190734863,14.760000228881836,14.760000228881836,25392,0.0,0.0,0.0
2025-08-22 01:10:00+00:00,14.760000228881836,14.770000457763672,14.75,14.770000457763672,94032,0.0,0.0,0.0
2025-08-22 01:15:00+00:00,14.779999732971191,14.800000190734863,14.779999732971191,14.800000190734863,14032,0.0,0.0,0.0
2025-08-22 01:20:00+00:00,14.789999961853027,14.789999961853027,14.75,14.75,88570,0.0,0.0,0.0
2025-08-22 01:25:00+00:00,14.75,14.789999961853027,14.75,14.789999961853027,12019,0.0,0.0,0.0
2025-08-22 01:30:00+00:00,14.789999961853027,14.789999961853027,14.789999961853027,14.789999961853027,7083,0.0,0.0,0.0
2025-08-22 01:35:00+00:00,14.789999961853027,14.789999961853027,14.770000457763672,14.770000457763672,6991,0.0,0.0,0.0
2025-08-22 01:40:00+00:00,14.789999961853027,14.789999961853027,14.789999961853027,14.789999961853027,2030,0.0,0.0,0.0
2025-08-22 01:45:00+00:00,14.789999961853027,14.800000190734863,14.789999961853027,14.800000190734863,60071,0.0,0.0,0.0
2025-08-22 01:50:00+00:00,14.789999961853027,14.789999961853027,14.789999961853027,14.789999961853027,12069,0.0,0.0,0.0
2025-08-22 01:55:00+00:00,14.800000190734863,14.800000190734863,14.800000190734863,14.800000190734863,145428,0.0,0.0,0.0
2025-08-22 02:00:00+00:00,14.800000190734863,14.800000190734863,14.800000190734863,14.800000190734863,64259,0.0,0.0,0.0
2025-08-22 02:05:00+00:00,14.800000190734863,14.8100004196167,14.800000190734863,14.8100004196167,10102,0.0,0.0,0.0
2025-08-22 02:10:00+00:00,14.789999961853027,14.789999961853027,14.789999961853027,14.789999961853027,10544,0.0,0.0,0.0
2025-08-22 02:15:00+00:00,14.789999961853027,14.789999961853027,14.789999961853027,14.789999961853027,19065,0.0,0.0,0.0
2025-08-22 02:20:00+00:00,14.789999961853027,14.800000190734863,14.789999961853027,14.789999961853027,4330,0.0,0.0,0.0
2025-08-22 02:25:00+00:00,14.800000190734863,14.800000190734863,14.800000190734863,14.800000190734863,4408,0.0,0.0,0.0
2025-08-22 02:35:00+00:00,14.789999961853027,14.789999961853027,14.779999732971191,14.779999732971191,2409,0.0,0.0,0.0
2025-08-22 02:40:00+00:00,14.779999732971191,14.789999961853027,14.779999732971191,14.779999732971191,5029,0.0,0.0,0.0
2025-08-22 02:45:00+00:00,14.800000190734863,14.800000190734863,14.789999961853027,14.789999961853027,7055,0.0,0.0,0.0
2025-08-22 02:50:00+00:00,14.789999961853027,14.800000190734863,14.789999961853027,14.800000190734863,6849,0.0,0.0,0.0
2025-08-22 02:55:00+00:00,14.789999961853027,14.789999961853027,14.789999961853027,14.789999961853027,4051,0.0,0.0,0.0
2025-08-22 03:00:00+00:00,14.789999961853027,14.789999961853027,14.789999961853027,14.789999961853027,12032,0.0,0.0,0.0
2025-08-22 03:05:00+00:00,14.800000190734863,14.800000190734863,14.800000190734863,14.800000190734863,2042,0.0,0.0,0.0
2025-08-22 03:10:00+00:00,14.779999732971191,14.779999732971191,14.779999732971191,14.779999732971191,12050,0.0,0.0,0.0
2025-08-22 03:15:00+00:00,14.779999732971191,14.779999732971191,14.779999732971191,14.779999732971191,7163,0.0,0.0,0.0
2025-08-22 03:20:00+00:00,14.779999732971191,14.779999732971191,14.770000457763672,14.779999732971191,5070,0.0,0.0,0.0
2025-08-22 03:25:00+00:00,14.779999732971191,14.789999961853027,14.779999732971191,14.789999961853027,2242,0.0,0.0,0.0
2025-08-22 03:30:00+00:00,14.770000457763672,14.779999732971191,14.770000457763672,14.779999732971191,21028,0.0,0.0,0.0
2025-08-22 03:35:00+00:00,14.779999732971191,14.779999732971191,14.779999732971191,14.779999732971191,5394,0.0,0.0,0.0
2025-08-22 03:45:00+00:00,14.789999961853027,14.789999961853027,14.779999732971191,14.779999732971191,3045,0.0,0.0,0.0
2025-08-22 03:50:00+00:00,14.789999961853027,14.789999961853027,14.779999732971191,14.779999732971191,2051,0.0,0.0,0.0
2025-08-22 03:55:00+00:00,14.770000457763672,14.770000457763672,14.75,14.760000228881836,24843,0.0,0.0,0.0
2025-08-22 04:00:00+00:00,14.760000228881836,14.760000228881836,14.75,14.75,13164,0.0,0.0,0.0
2025-08-22 04:05:00+00:00,14.75,14.75,14.739999771118164,14.739999771118164,6246,0.0,0.0,0.0
2025-08-22 04:15:00+00:00,14.75,14.75,14.75,14.75,1040,0.0,0.0,0.0
2025-08-22 04:20:00+00:00,14.739999771118164,14.739999771118164,14.739999771118164,14.739999771118164,15261,0.0,0.0,0.0
2025-08-22 04:25:00+00:00,14.739999771118164,14.739999771118164,14.729999542236328,14.729999542236328,6276,0.0,0.0,0.0
2025-08-22 04:30:00+00:00,14.75,14.75,14.75,14.75,2053,0.0,0.0,0.0
2025-08-22 04:40:00+00:00,14.739999771118164,14.75,14.729999542236328,14.75,21429,0.0,0.0,0.0
2025-08-22 04:45:00+00:00,14.75,14.75,14.75,14.75,23200,0.0,0.0,0.0
2025-08-22 04:50:00+00:00,14.75,14.760000228881836,14.75,14.760000228881836,34270,0.0,0.0,0.0
2025-08-22 04:55:00+00:00,14.760000228881836,14.760000228881836,14.760000228881836,14.760000228881836,5872,0.0,0.0,0.0
2025-08-22 05:05:00+00:00,14.760000228881836,14.760000228881836,14.75,14.75,11337,0.0,0.0,0.0
2025-08-22 05:10:00+00:00,14.770000457763672,14.770000457763672,14.739999771118164,14.739999771118164,6117,0.0,0.0,0.0
2025-08-22 05:15:00+00:00,14.770000457763672,14.770000457763672,14.770000457763672,14.770000457763672,1852,0.0,0.0,0.0
2025-08-22 05:20:00+00:00,14.75,14.75,14.739999771118164,14.739999771118164,19464,0.0,0.0,0.0
2025-08-25 01:00:00+00:00,14.989999771118164,15.0,14.979999542236328,14.979999542236328,0,0.0,0.0,0.0
2025-08-25 01:05:00+00:00,14.979999542236328,14.979999542236328,14.9399995803833,14.9399995803833,55769,0.0,0.0,0.0
2025-08-25 01:10:00+00:00,14.960000038146973,14.960000038146973,14.9399995803833,14.9399995803833,27794,0.0,0.0,0.0
2025-08-25 01:15:00+00:00,14.9399995803833,14.949999809265137,14.9399995803833,14.949999809265137,30345,0.0,0.0,0.0
2025-08-25 01:20:00+00:00,14.960000038146973,14.960000038146973,14.9399995803833,14.949999809265137,21974,0.0,0.0,0.0
2025-08-25 01:25:00+00:00,14.949999809265137,14.960000038146973,14.9399995803833,14.949999809265137,75614,0.0,0.0,0.0
2025-08-25 01:30:00+00:00,14.949999809265137,14.949999809265137,14.949999809265137,14.949999809265137,34242,0.0,0.0,0.0
2025-08-25 01:35:00+00:00,14.9399995803833,14.9399995803833,14.930000305175781,14.930000305175781,19154,0.0,0.0,0.0
2025-08-25 01:40:00+00:00,14.949999809265137,14.949999809265137,14.930000305175781,14.930000305175781,8630,0.0,0.0,0.0
2025-08-25 01:45:00+00:00,14.9399995803833,14.949999809265137,14.9399995803833,14.949999809265137,21129,0.0,0.0,0.0
2025-08-25 01:50:00+00:00,14.949999809265137,14.960000038146973,14.949999809265137,14.960000038146973,119327,0.0,0.0,0.0
2025-08-25 01:55:00+00:00,14.949999809265137,14.960000038146973,14.949999809265137,14.960000038146973,18258,0.0,0.0,0.0
2025-08-25 02:00:00+00:00,14.960000038146973,14.960000038146973,14.960000038146973,14.960000038146973,5715,0.0,0.0,0.0
2025-08-25 02:05:00+00:00,14.960000038146973,14.989999771118164,14.960000038146973,14.989999771118164,177693,0.0,0.0,0.0
2025-08-25 02:10:00+00:00,14.989999771118164,15.010000228881836,14.989999771118164,15.010000228881836,295718,0.0,0.0,0.0
2025-08-25 02:15:00+00:00,15.010000228881836,15.020000457763672,15.010000228881836,15.010000228881836,95769,0.0,0.0,0.0
2025-08-25 02:20:00+00:00,15.020000457763672,15.029999732971191,15.010000228881836,15.029999732971191,43570,0.0,0.0,0.0
2025-08-25 02:25:00+00:00,15.029999732971191,15.029999732971191,15.020000457763672,15.020000457763672,440146,0.0,0.0,0.0
2025-08-25 02:30:00+00:00,15.020000457763672,15.039999961853027,15.020000457763672,15.029999732971191,9029,0.0,0.0,0.0
2025-08-25 02:35:00+00:00,15.020000457763672,15.029999732971191,15.020000457763672,15.020000457763672,13015,0.0,0.0,0.0
2025-08-25 02:40:00+00:00,15.029999732971191,15.029999732971191,15.029999732971191,15.029999732971191,4077,0.0,0.0,0.0
2025-08-25 02:45:00+00:00,15.029999732971191,15.029999732971191,15.020000457763672,15.029999732971191,12114,0.0,0.0,0.0
2025-08-25 02:50:00+00:00,15.029999732971191,15.029999732971191,15.020000457763672,15.020000457763672,9690,0.0,0.0,0.0
2025-08-25 02:55:00+00:00,15.029999732971191,15.029999732971191,15.020000457763672,15.020000457763672,29244,0.0,0.0,0.0
2025-08-25 03:00:00+00:00,15.020000457763672,15.029999732971191,15.020000457763672,15.020000457763672,13263,0.0,0.0,0.0
2025-08-25 03:05:00+00:00,15.029999732971191,15.039999961853027,15.029999732971191,15.039999961853027,129212,0.0,0.0,0.0
2025-08-25 03:10:00+00:00,15.039999961853027,15.039999961853027,15.029999732971191,15.039999961853027,74806,0.0,0.0,0.0
2025-08-25 03:15:00+00:00,15.029999732971191,15.039999961853027,15.029999732971191,15.029999732971191,183121,0.0,0.0,0.0
2025-08-25 03:20:00+00:00,15.029999732971191,15.039999961853027,15.029999732971191,15.039999961853027,6572,0.0,0.0,0.0
2025-08-25 03:25:00+00:00,15.039999961853027,15.039999961853027,15.029999732971191,15.039999961853027,19035,0.0,0.0,0.0
2025-08-25 03:30:00+00:00,15.039999961853027,15.039999961853027,15.029999732971191,15.029999732971191,4372,0.0,0.0,0.0
2025-08-25 03:35:00+00:00,15.029999732971191,15.039999961853027,15.029999732971191,15.029999732971191,23708,0.0,0.0,0.0
2025-08-25 03:40:00+00:00,15.039999961853027,15.039999961853027,15.039999961853027,15.039999961853027,6019,0.0,0.0,0.0
2025-08-25 03:45:00+00:00,15.029999732971191,15.039999961853027,15.029999732971191,15.029999732971191,37010,0.0,0.0,0.0
2025-08-25 03:50:00+00:00,15.029999732971191,15.039999961853027,15.029999732971191,15.029999732971191,19822,0.0,0.0,0.0
2025-08-25 03:55:00+00:00,15.029999732971191,15.039999961853027,15.029999732971191,15.029999732971191,12806,0.0,0.0,0.0
2025-08-25 04:00:00+00:00,15.029999732971191,15.039999961853027,15.029999732971191,15.039999961853027,8015,0.0,0.0,0.0
2025-08-25 04:05:00+00:00,15.029999732971191,15.039999961853027,15.029999732971191,15.039999961853027,52482,0.0,0.0,0.0
2025-08-25 04:10:00+00:00,15.039999961853027,15.039999961853027,15.039999961853027,15.039999961853027,2264,0.0,0.0,0.0
2025-08-25 04:15:00+00:00,15.029999732971191,15.029999732971191,15.020000457763672,15.029999732971191,22573,0.0,0.0,0.0
2025-08-25 04:20:00+00:00,15.029999732971191,15.039999961853027,15.029999732971191,15.029999732971191,9155,0.0,0.0,0.0
2025-08-25 04:25:00+00:00,15.029999732971191,15.029999732971191,15.020000457763672,15.020000457763672,91082,0.0,0.0,0.0
2025-08-25 04:30:00+00:00,15.029999732971191,15.029999732971191,15.020000457763672,15.020000457763672,5273,0.0,0.0,0.0
2025-08-25 04:35:00+00:00,15.020000457763672,15.020000457763672,15.020000457763672,15.020000457763672,2400,0.0,0.0,0.0
2025-08-25 04:40:00+00:00,15.020000457763672,15.029999732971191,15.020000457763672,15.020000457763672,51341,0.0,0.0,0.0
2025-08-25 04:45:00+00:00,15.020000457763672,15.029999732971191,15.020000457763672,15.029999732971191,27337,0.0,0.0,0.0
2025-08-25 04:50:00+00:00,15.029999732971191,15.029999732971191,15.020000457763672,15.020000457763672,4168,0.0,0.0,0.0
2025-08-25 04:55:00+00:00,15.020000457763672,15.020000457763672,15.020000457763672,15.020000457763672,31568,0.0,0.0,0.0
2025-08-25 05:00:00+00:00,15.029999732971191,15.029999732971191,15.020000457763672,15.029999732971191,40307,0.0,0.0,0.0
2025-08-25 05:05:00+00:00,15.029999732971191,15.029999732971191,15.029999732971191,15.029999732971191,1010,0.0,0.0,0.0
2025-08-25 05:10:00+00:00,15.029999732971191,15.029999732971191,15.029999732971191,15.029999732971191,9106,0.0,0.0,0.0
2025-08-25 05:15:00+00:00,15.029999732971191,15.029999732971191,15.020000457763672,15.020000457763672,25029,0.0,0.0,0.0
2025-08-25 05:20:00+00:00,15.010000228881836,15.010000228881836,15.010000228881836,15.010000228881836,11766,0.0,0.0,0.0
2025-08-26 01:00:00+00:00,14.989999771118164,14.989999771118164,14.949999809265137,14.949999809265137,0,0.0,0.0,0.0
2025-08-26 01:05:00+00:00,14.970000267028809,14.970000267028809,14.970000267028809,14.970000267028809,7063,0.0,0.0,0.0
2025-08-26 01:10:00+00:00,14.979999542236328,14.989999771118164,14.970000267028809,14.970000267028809,27165,0.0,0.0,0.0
2025-08-26 01:15:00+00:00,14.970000267028809,14.970000267028809,14.949999809265137,14.949999809265137,70135,0.0,0.0,0.0
2025-08-26 01:20:00+00:00,14.949999809265137,14.949999809265137,14.949999809265137,14.949999809265137,5032,0.0,0.0,0.0
2025-08-26 01:25:00+00:00,14.9399995803833,14.949999809265137,14.920000076293945,14.920000076293945,35336,0.0,0.0,0.0
2025-08-26 01:30:00+00:00,14.930000305175781,14.930000305175781,14.920000076293945,14.930000305175781,40067,0.0,0.0,0.0
2025-08-26 01:35:00+00:00,14.9399995803833,14.949999809265137,14.9399995803833,14.949999809265137,29060,0.0,0.0,0.0
2025-08-26 01:40:00+00:00,14.960000038146973,14.970000267028809,14.960000038146973,14.970000267028809,4046,0.0,0.0,0.0
2025-08-26 01:45:00+00:00,14.970000267028809,14.970000267028809,14.970000267028809,14.970000267028809,17918,0.0,0.0,0.0
2025-08-26 01:50:00+00:00,14.960000038146973,14.970000267028809,14.960000038146973,14.960000038146973,17451,0.0,0.0,0.0
2025-08-26 01:55:00+00:00,14.970000267028809,14.970000267028809,14.970000267028809,14.970000267028809,3286,0.0,0.0,0.0
2025-08-26 02:00:00+00:00,14.970000267028809,14.979999542236328,14.970000267028809,14.979999542236328,13090,0.0,0.0,0.0
2025-08-26 02:05:00+00:00,14.970000267028809,14.979999542236328,14.970000267028809,14.979999542236328,38830,0.0,0.0,0.0
2025-08-26 02:10:00+00:00,14.979999542236328,14.989999771118164,14.979999542236328,14.989999771118164,167590,0.0,0.0,0.0
2025-08-26 02:15:00+00:00,15.0,15.0,15.0,15.0,5127,0.0,0.0,0.0
2025-08-26 02:20:00+00:00,15.0,15.0,15.0,15.0,1027,0.0,0.0,0.0
2025-08-26 02:25:00+00:00,15.0,15.0,15.0,15.0,3108,0.0,0.0,0.0
2025-08-26 02:30:00+00:00,15.0,15.0,15.0,15.0,9369,0.0,0.0,0.0
2025-08-26 02:35:00+00:00,14.989999771118164,14.989999771118164,14.989999771118164,14.989999771118164,1630,0.0,0.0,0.0
2025-08-26 02:40:00+00:00,14.989999771118164,14.989999771118164,14.989999771118164,14.989999771118164,3118,0.0,0.0,0.0
2025-08-26 02:45:00+00:00,15.0,15.0,14.989999771118164,14.989999771118164,9054,0.0,0.0,0.0
2025-08-26 02:50:00+00:00,14.989999771118164,14.989999771118164,14.979999542236328,14.979999542236328,14537,0.0,0.0,0.0
2025-08-26 02:55:00+00:00,14.979999542236328,15.0,14.960000038146973,14.960000038146973,44033,0.0,0.0,0.0
2025-08-26 03:00:00+00:00,14.979999542236328,14.979999542236328,14.970000267028809,14.970000267028809,12410,0.0,0.0,0.0
2025-08-26 03:05:00+00:00,14.960000038146973,14.979999542236328,14.960000038146973,14.979999542236328,32027,0.0,0.0,0.0
2025-08-26 03:10:00+00:00,14.979999542236328,14.979999542236328,14.979999542236328,14.979999542236328,5120,0.0,0.0,0.0
2025-08-26 03:15:00+00:00,14.989999771118164,14.989999771118164,14.979999542236328,14.989999771118164,22308,0.0,0.0,0.0
2025-08-26 03:20:00+00:00,14.989999771118164,15.0,14.989999771118164,15.0,2038,0.0,0.0,0.0
2025-08-26 03:25:00+00:00,15.0,15.0,15.0,15.0,21000,0.0,0.0,0.0
2025-08-26 03:30:00+00:00,15.0,15.0,14.989999771118164,14.989999771118164,57187,0.0,0.0,0.0
2025-08-26 03:35:00+00:00,14.989999771118164,14.989999771118164,14.989999771118164,14.989999771118164,4011,0.0,0.0,0.0
2025-08-26 03:40:00+00:00,14.989999771118164,14.989999771118164,14.989999771118164,14.989999771118164,10016,0.0,0.0,0.0
2025-08-26 03:45:00+00:00,14.989999771118164,15.0,14.989999771118164,15.0,31428,0.0,0.0,0.0
2025-08-26 03:50:00+00:00,15.0,15.0,14.989999771118164,14.989999771118164,2017,0.0,0.0,0.0
2025-08-26 03:55:00+00:00,15.0,15.0,15.0,15.0,1017,0.0,0.0,0.0
2025-08-26 04:00:00+00:00,15.0,15.0,15.0,15.0,110210,0.0,0.0,0.0
2025-08-26 04:05:00+00:00,15.010000228881836,15.010000228881836,15.0,15.010000228881836,44016,0.0,0.0,0.0
2025-08-26 04:10:00+00:00,15.020000457763672,15.029999732971191,15.020000457763672,15.029999732971191,76714,0.0,0.0,0.0
2025-08-26 04:15:00+00:00,15.029999732971191,15.029999732971191,15.020000457763672,15.020000457763672,2018,0.0,0.0,0.0
2025-08-26 04:20:00+00:00,15.020000457763672,15.020000457763672,15.020000457763672,15.020000457763672,17601,0.0,0.0,0.0
2025-08-26 04:25:00+00:00,15.020000457763672,15.029999732971191,15.020000457763672,15.029999732971191,3167,0.0,0.0,0.0
2025-08-26 04:30:00+00:00,15.029999732971191,15.029999732971191,15.020000457763672,15.020000457763672,90429,0.0,0.0,0.0
2025-08-26 04:35:00+00:00,15.020000457763672,15.029999732971191,15.020000457763672,15.029999732971191,8176,0.0,0.0,0.0
2025-08-26 04:40:00+00:00,15.020000457763672,15.020000457763672,15.020000457763672,15.020000457763672,5400,0.0,0.0,0.0
2025-08-26 04:45:00+00:00,15.020000457763672,15.020000457763672,15.020000457763672,15.020000457763672,10210,0.0,0.0,0.0
2025-08-26 04:50:00+00:00,15.029999732971191,15.039999961853027,15.029999732971191,15.039999961853027,93200,0.0,0.0,0.0
2025-08-26 04:55:00+00:00,15.029999732971191,15.039999961853027,15.029999732971191,15.039999961853027,49411,0.0,0.0,0.0
2025-08-26 05:00:00+00:00,15.039999961853027,15.039999961853027,15.029999732971191,15.029999732971191,12222,0.0,0.0,0.0
2025-08-26 05:05:00+00:00,15.029999732971191,15.029999732971191,15.029999732971191,15.029999732971191,35036,0.0,0.0,0.0
2025-08-26 05:10:00+00:00,15.020000457763672,15.029999732971191,15.020000457763672,15.029999732971191,38203,0.0,0.0,0.0
2025-08-26 05:15:00+00:00,15.039999961853027,15.039999961853027,15.039999961853027,15.039999961853027,5755,0.0,0.0,0.0
2025-08-26 05:20:00+00:00,15.029999732971191,15.039999961853027,15.029999732971191,15.029999732971191,12198,0.0,0.0,0.0
2025-08-27 01:00:00+00:00,15.100000381469727,15.109999656677246,15.100000381469727,15.100000381469727,0,0.0,0.0,0.0
2025-08-27 01:05:00+00:00,15.109999656677246,15.109999656677246,15.109999656677246,15.109999656677246,52946,0.0,0.0,0.0
2025-08-27 01:10:00+00:00,15.109999656677246,15.109999656677246,15.100000381469727,15.109999656677246,49166,0.0,0.0,0.0
2025-08-27 01:15:00+00:00,15.109999656677246,15.130000114440918,15.109999656677246,15.130000114440918,186269,0.0,0.0,0.0
2025-08-27 01:20:00+00:00,15.130000114440918,15.130000114440918,15.119999885559082,15.119999885559082,95003,0.0,0.0,0.0
2025-08-27 01:25:00+00:00,15.119999885559082,15.130000114440918,15.119999885559082,15.130000114440918,21169,0.0,0.0,0.0
2025-08-27 01:30:00+00:00,15.130000114440918,15.130000114440918,15.119999885559082,15.130000114440918,45575,0.0,0.0,0.0
2025-08-27 01:35:00+00:00,15.140000343322754,15.140000343322754,15.140000343322754,15.140000343322754,86082,0.0,0.0,0.0
2025-08-27 01:40:00+00:00,15.140000343322754,15.149999618530273,15.140000343322754,15.140000343322754,18087,0.0,0.0,0.0
2025-08-27 01:45:00+00:00,15.140000343322754,15.149999618530273,15.140000343322754,15.149999618530273,159627,0.0,0.0,0.0
2025-08-27 01:50:00+00:00,15.149999618530273,15.15999984741211,15.149999618530273,15.15999984741211,41651,0.0,0.0,0.0
2025-08-27 01:55:00+00:00,15.149999618530273,15.15999984741211,15.149999618530273,15.15999984741211,472707,0.0,0.0,0.0
2025-08-27 02:00:00+00:00,15.15999984741211,15.15999984741211,15.15999984741211,15.15999984741211,2179,0.0,0.0,0.0
2025-08-27 02:05:00+00:00,15.149999618530273,15.15999984741211,15.149999618530273,15.149999618530273,22226,0.0,0.0,0.0
2025-08-27 02:10:00+00:00,15.149999618530273,15.15999984741211,15.140000343322754,15.149999618530273,27679,0.0,0.0,0.0
2025-08-27 02:15:00+00:00,15.149999618530273,15.15999984741211,15.149999618530273,15.15999984741211,33050,0.0,0.0,0.0
2025-08-27 02:20:00+00:00,15.15999984741211,15.180000305175781,15.15999984741211,15.180000305175781,672765,0.0,0.0,0.0
2025-08-27 02:25:00+00:00,15.180000305175781,15.180000305175781,15.180000305175781,15.180000305175781,72008,0.0,0.0,0.0
2025-08-27 02:30:00+00:00,15.180000305175781,15.180000305175781,15.180000305175781,15.180000305175781,7405,0.0,0.0,0.0
2025-08-27 02:35:00+00:00,15.180000305175781,15.180000305175781,15.180000305175781,15.180000305175781,26161,0.0,0.0,0.0
2025-08-27 02:40:00+00:00,15.180000305175781,15.1899995803833,15.170000076293945,15.180000305175781,11494,0.0,0.0,0.0
2025-08-27 02:45:00+00:00,15.180000305175781,15.180000305175781,15.180000305175781,15.180000305175781,4044,0.0,0.0,0.0
2025-08-27 02:50:00+00:00,15.170000076293945,15.170000076293945,15.15999984741211,15.15999984741211,23091,0.0,0.0,0.0
2025-08-27 02:55:00+00:00,15.15999984741211,15.170000076293945,15.15999984741211,15.170000076293945,21073,0.0,0.0,0.0
2025-08-27 03:00:00+00:00,15.180000305175781,15.180000305175781,15.170000076293945,15.180000305175781,92920,0.0,0.0,0.0
2025-08-27 03:05:00+00:00,15.1899995803833,15.1899995803833,15.170000076293945,15.170000076293945,10539,0.0,0.0,0.0
2025-08-27 03:10:00+00:00,15.180000305175781,15.1899995803833,15.180000305175781,15.180000305175781,14115,0.0,0.0,0.0
2025-08-27 03:15:00+00:00,15.180000305175781,15.180000305175781,15.180000305175781,15.180000305175781,3303,0.0,0.0,0.0
2025-08-27 03:20:00+00:00,15.180000305175781,15.180000305175781,15.180000305175781,15.180000305175781,1127,0.0,0.0,0.0
2025-08-27 03:25:00+00:00,15.170000076293945,15.180000305175781,15.170000076293945,15.170000076293945,64246,0.0,0.0,0.0
2025-08-27 03:30:00+00:00,15.180000305175781,15.180000305175781,15.170000076293945,15.170000076293945,2062,0.0,0.0,0.0
2025-08-27 03:35:00+00:00,15.170000076293945,15.180000305175781,15.170000076293945,15.170000076293945,9488,0.0,0.0,0.0
2025-08-27 03:40:00+00:00,15.170000076293945,15.180000305175781,15.170000076293945,15.180000305175781,3190,0.0,0.0,0.0
2025-08-27 03:45:00+00:00,15.180000305175781,15.180000305175781,15.170000076293945,15.170000076293945,4811,0.0,0.0,0.0
2025-08-27 03:50:00+00:00,15.170000076293945,15.170000076293945,15.170000076293945,15.170000076293945,40235,0.0,0.0,0.0
2025-08-27 03:55:00+00:00,15.170000076293945,15.170000076293945,15.15999984741211,15.15999984741211,14155,0.0,0.0,0.0
2025-08-27 04:00:00+00:00,15.15999984741211,15.170000076293945,15.15999984741211,15.170000076293945,18489,0.0,0.0,0.0
2025-08-27 04:05:00+00:00,15.170000076293945,15.170000076293945,15.170000076293945,15.170000076293945,1094,0.0,0.0,0.0
2025-08-27 04:10:00+00:00,15.170000076293945,15.170000076293945,15.170000076293945,15.170000076293945,5037,0.0,0.0,0.0
2025-08-27 04:15:00+00:00,15.15999984741211,15.15999984741211,15.15999984741211,15.15999984741211,10038,0.0,0.0,0.0
2025-08-27 04:20:00+00:00,15.15999984741211,15.15999984741211,15.149999618530273,15.149999618530273,40298,0.0,0.0,0.0
2025-08-27 04:25:00+00:00,15.149999618530273,15.149999618530273,15.149999618530273,15.149999618530273,11303,0.0,0.0,0.0
2025-08-27 04:30:00+00:00,15.15999984741211,15.15999984741211,15.149999618530273,15.15999984741211,51187,0.0,0.0,0.0
2025-08-27 04:35:00+00:00,15.149999618530273,15.15999984741211,15.149999618530273,15.15999984741211,3011,0.0,0.0,0.0
2025-08-27 04:40:00+00:00,15.15999984741211,15.15999984741211,15.15999984741211,15.15999984741211,77068,0.0,0.0,0.0
2025-08-27 04:45:00+00:00,15.15999984741211,15.180000305175781,15.15999984741211,15.170000076293945,52380,0.0,0.0,0.0
2025-08-27 04:50:00+00:00,15.170000076293945,15.170000076293945,15.170000076293945,15.170000076293945,7100,0.0,0.0,0.0
2025-08-27 04:55:00+00:00,15.180000305175781,15.180000305175781,15.180000305175781,15.180000305175781,5676,0.0,0.0,0.0
2025-08-27 05:00:00+00:00,15.170000076293945,15.170000076293945,15.170000076293945,15.170000076293945,11020,0.0,0.0,0.0
2025-08-27 05:05:00+00:00,15.180000305175781,15.180000305175781,15.180000305175781,15.180000305175781,196218,0.0,0.0,0.0
2025-08-27 05:10:00+00:00,15.170000076293945,15.180000305175781,15.170000076293945,15.170000076293945,47515,0.0,0.0,0.0
2025-08-27 05:15:00+00:00,15.1899995803833,15.1899995803833,15.180000305175781,15.180000305175781,6933,0.0,0.0,0.0
2025-08-27 05:20:00+00:00,15.180000305175781,15.180000305175781,15.170000076293945,15.170000076293945,150815,0.0,0.0,0.0
2025-08-28 01:00:00+00:00,15.100000381469727,15.119999885559082,15.100000381469727,15.119999885559082,0,0.0,0.0,0.0
2025-08-28 01:05:00+00:00,15.119999885559082,15.140000343322754,15.119999885559082,15.140000343322754,15900,0.0,0.0,0.0
2025-08-28 01:10:00+00:00,15.149999618530273,15.15999984741211,15.149999618530273,15.15999984741211,21628,0.0,0.0,0.0
2025-08-28 01:15:00+00:00,15.149999618530273,15.15999984741211,15.149999618530273,15.15999984741211,7199,0.0,0.0,0.0
2025-08-28 01:20:00+00:00,15.149999618530273,15.149999618530273,15.109999656677246,15.119999885559082,20203,0.0,0.0,0.0
2025-08-28 01:25:00+00:00,15.119999885559082,15.130000114440918,15.119999885559082,15.130000114440918,36462,0.0,0.0,0.0
2025-08-28 01:30:00+00:00,15.149999618530273,15.149999618530273,15.140000343322754,15.149999618530273,56997,0.0,0.0,0.0
2025-08-28 01:35:00+00:00,15.149999618530273,15.149999618530273,15.140000343322754,15.140000343322754,32268,0.0,0.0,0.0
2025-08-28 01:40:00+00:00,15.140000343322754,15.140000343322754,15.140000343322754,15.140000343322754,1164,0.0,0.0,0.0
2025-08-28 01:45:00+00:00,15.140000343322754,15.15999984741211,15.140000343322754,15.15999984741211,4579,0.0,0.0,0.0
2025-08-28 01:50:00+00:00,15.140000343322754,15.15999984741211,15.130000114440918,15.15999984741211,36125,0.0,0.0,0.0
2025-08-28 01:55:00+00:00,15.130000114440918,15.140000343322754,15.130000114440918,15.130000114440918,17106,0.0,0.0,0.0
2025-08-28 02:00:00+00:00,15.119999885559082,15.119999885559082,15.119999885559082,15.119999885559082,29678,0.0,0.0,0.0
2025-08-28 02:05:00+00:00,15.109999656677246,15.109999656677246,15.100000381469727,15.100000381469727,17554,0.0,0.0,0.0
2025-08-28 02:10:00+00:00,15.100000381469727,15.109999656677246,15.100000381469727,15.100000381469727,7117,0.0,0.0,0.0
2025-08-28 02:15:00+00:00,15.109999656677246,15.109999656677246,15.100000381469727,15.109999656677246,5204,0.0,0.0,0.0
2025-08-28 02:20:00+00:00,15.109999656677246,15.119999885559082,15.109999656677246,15.119999885559082,30270,0.0,0.0,0.0
2025-08-28 02:25:00+00:00,15.119999885559082,15.119999885559082,15.100000381469727,15.100000381469727,41231,0.0,0.0,0.0
2025-08-28 02:30:00+00:00,15.109999656677246,15.109999656677246,15.109999656677246,15.109999656677246,1119,0.0,0.0,0.0
2025-08-28 02:35:00+00:00,15.119999885559082,15.119999885559082,15.119999885559082,15.119999885559082,3051,0.0,0.0,0.0
2025-08-28 02:40:00+00:00,15.109999656677246,15.109999656677246,15.109999656677246,15.109999656677246,20160,0.0,0.0,0.0
2025-08-28 02:45:00+00:00,15.119999885559082,15.119999885559082,15.109999656677246,15.109999656677246,2472,0.0,0.0,0.0
2025-08-28 02:50:00+00:00,15.109999656677246,15.109999656677246,15.100000381469727,15.100000381469727,56069,0.0,0.0,0.0
2025-08-28 02:55:00+00:00,15.109999656677246,15.119999885559082,15.109999656677246,15.119999885559082,41493,0.0,0.0,0.0
2025-08-28 03:00:00+00:00,15.119999885559082,15.119999885559082,15.119999885559082,15.119999885559082,63079,0.0,0.0,0.0
2025-08-28 03:05:00+00:00,15.130000114440918,15.140000343322754,15.130000114440918,15.140000343322754,43200,0.0,0.0,0.0
2025-08-28 03:10:00+00:00,15.149999618530273,15.149999618530273,15.140000343322754,15.140000343322754,2040,0.0,0.0,0.0
2025-08-28 03:15:00+00:00,15.149999618530273,15.149999618530273,15.149999618530273,15.149999618530273,4149,0.0,0.0,0.0
2025-08-28 03:20:00+00:00,15.149999618530273,15.149999618530273,15.149999618530273,15.149999618530273,15196,0.0,0.0,0.0
2025-08-28 03:25:00+00:00,15.149999618530273,15.149999618530273,15.149999618530273,15.149999618530273,7330,0.0,0.0,0.0
2025-08-28 03:30:00+00:00,15.149999618530273,15.149999618530273,15.149999618530273,15.149999618530273,21007,0.0,0.0,0.0
2025-08-28 03:35:00+00:00,15.149999618530273,15.15999984741211,15.149999618530273,15.15999984741211,6017,0.0,0.0,0.0
2025-08-28 03:40:00+00:00,15.15999984741211,15.15999984741211,15.149999618530273,15.149999618530273,92106,0.0,0.0,0.0
2025-08-28 03:45:00+00:00,15.149999618530273,15.149999618530273,15.140000343322754,15.149999618530273,17112,0.0,0.0,0.0
2025-08-28 03:50:00+00:00,15.140000343322754,15.140000343322754,15.130000114440918,15.130000114440918,14312,0.0,0.0,0.0
2025-08-28 03:55:00+00:00,15.130000114440918,15.140000343322754,15.130000114440918,15.130000114440918,3018,0.0,0.0,0.0
2025-08-28 04:00:00+00:00,15.130000114440918,15.130000114440918,15.100000381469727,15.100000381469727,113847,0.0,0.0,0.0
2025-08-28 04:05:00+00:00,15.100000381469727,15.100000381469727,15.0600004196167,15.0600004196167,355941,0.0,0.0,0.0
2025-08-28 04:10:00+00:00,15.0600004196167,15.0600004196167,15.050000190734863,15.0600004196167,48172,0.0,0.0,0.0
2025-08-28 04:15:00+00:00,15.0600004196167,15.069999694824219,15.0600004196167,15.069999694824219,6071,0.0,0.0,0.0
2025-08-28 04:20:00+00:00,15.079999923706055,15.079999923706055,15.079999923706055,15.079999923706055,1196,0.0,0.0,0.0
2025-08-28 04:25:00+00:00,15.09000015258789,15.09000015258789,15.09000015258789,15.09000015258789,31130,0.0,0.0,0.0
2025-08-28 04:30:00+00:00,15.09000015258789,15.100000381469727,15.09000015258789,15.100000381469727,24074,0.0,0.0,0.0
2025-08-28 04:35:00+00:00,15.100000381469727,15.100000381469727,15.100000381469727,15.100000381469727,2232,0.0,0.0,0.0
2025-08-28 04:40:00+00:00,15.100000381469727,15.100000381469727,15.100000381469727,15.100000381469727,1058,0.0,0.0,0.0
2025-08-28 04:45:00+00:00,15.09000015258789,15.100000381469727,15.09000015258789,15.09000015258789,23284,0.0,0.0,0.0
2025-08-28 04:50:00+00:00,15.09000015258789,15.09000015258789,15.09000015258789,15.09000015258789,7000,0.0,0.0,0.0
2025-08-28 04:55:00+00:00,15.100000381469727,15.100000381469727,15.09000015258789,15.09000015258789,3271,0.0,0.0,0.0
2025-08-28 05:00:00+00:00,15.09000015258789,15.09000015258789,15.09000015258789,15.09000015258789,12305,0.0,0.0,0.0
2025-08-28 05:05:00+00:00,15.09000015258789,15.09000015258789,15.09000015258789,15.09000015258789,4192,0.0,0.0,0.0
2025-08-28 05:10:00+00:00,15.09000015258789,15.09000015258789,15.079999923706055,15.079999923706055,22846,0.0,0.0,0.0
2025-08-28 05:15:00+00:00,15.09000015258789,15.09000015258789,15.079999923706055,15.09000015258789,13751,0.0,0.0,0.0
2025-08-28 05:20:00+00:00,15.09000015258789,15.09000015258789,15.079999923706055,15.079999923706055,28255,0.0,0.0,0.0
2025-08-29 01:00:00+00:00,15.180000305175781,15.199999809265137,15.180000305175781,15.199999809265137,0,0.0,0.0,0.0
2025-08-29 01:05:00+00:00,15.1899995803833,15.1899995803833,15.1899995803833,15.1899995803833,54824,0.0,0.0,0.0
2025-08-29 01:10:00+00:00,15.170000076293945,15.180000305175781,15.170000076293945,15.180000305175781,46084,0.0,0.0,0.0
2025-08-29 01:15:00+00:00,15.180000305175781,15.180000305175781,15.170000076293945,15.170000076293945,4559,0.0,0.0,0.0
2025-08-29 01:20:00+00:00,15.15999984741211,15.170000076293945,15.15999984741211,15.170000076293945,48544,0.0,0.0,0.0
2025-08-29 01:25:00+00:00,15.180000305175781,15.180000305175781,15.170000076293945,15.170000076293945,42124,0.0,0.0,0.0
2025-08-29 01:30:00+00:00,15.170000076293945,15.180000305175781,15.170000076293945,15.180000305175781,23053,0.0,0.0,0.0
2025-08-29 01:35:00+00:00,15.170000076293945,15.180000305175781,15.170000076293945,15.180000305175781,113035,0.0,0.0,0.0
2025-08-29 01:40:00+00:00,15.170000076293945,15.1899995803833,15.170000076293945,15.170000076293945,23235,0.0,0.0,0.0
2025-08-29 01:45:00+00:00,15.180000305175781,15.180000305175781,15.170000076293945,15.170000076293945,603308,0.0,0.0,0.0
2025-08-29 01:50:00+00:00,15.15999984741211,15.15999984741211,15.140000343322754,15.140000343322754,47134,0.0,0.0,0.0
2025-08-29 01:55:00+00:00,15.149999618530273,15.15999984741211,15.149999618530273,15.15999984741211,22022,0.0,0.0,0.0
2025-08-29 02:00:00+00:00,15.170000076293945,15.170000076293945,15.149999618530273,15.149999618530273,29078,0.0,0.0,0.0
2025-08-29 02:05:00+00:00,15.149999618530273,15.15999984741211,15.149999618530273,15.149999618530273,32165,0.0,0.0,0.0
2025-08-29 02:10:00+00:00,15.149999618530273,15.149999618530273,15.140000343322754,15.140000343322754,47625,0.0,0.0,0.0
2025-08-29 02:15:00+00:00,15.149999618530273,15.149999618530273,15.140000343322754,15.149999618530273,48341,0.0,0.0,0.0
2025-08-29 02:20:00+00:00,15.140000343322754,15.149999618530273,15.140000343322754,15.149999618530273,2187,0.0,0.0,0.0
2025-08-29 02:25:00+00:00,15.140000343322754,15.149999618530273,15.130000114440918,15.130000114440918,213361,0.0,0.0,0.0
2025-08-29 02:30:00+00:00,15.140000343322754,15.140000343322754,15.100000381469727,15.109999656677246,69680,0.0,0.0,0.0
2025-08-29 02:35:00+00:00,15.109999656677246,15.109999656677246,15.109999656677246,15.109999656677246,32175,0.0,0.0,0.0
2025-08-29 02:40:00+00:00,15.109999656677246,15.109999656677246,15.109999656677246,15.109999656677246,45070,0.0,0.0,0.0
2025-08-29 02:45:00+00:00,15.119999885559082,15.119999885559082,15.119999885559082,15.119999885559082,34034,0.0,0.0,0.0
2025-08-29 02:50:00+00:00,15.119999885559082,15.130000114440918,15.119999885559082,15.130000114440918,24164,0.0,0.0,0.0
2025-08-29 02:55:00+00:00,15.119999885559082,15.119999885559082,15.119999885559082,15.119999885559082,255273,0.0,0.0,0.0
2025-08-29 03:00:00+00:00,15.130000114440918,15.140000343322754,15.130000114440918,15.140000343322754,17113,0.0,0.0,0.0
2025-08-29 03:05:00+00:00,15.140000343322754,15.149999618530273,15.140000343322754,15.149999618530273,41035,0.0,0.0,0.0
2025-08-29 03:10:00+00:00,15.15999984741211,15.15999984741211,15.149999618530273,15.15999984741211,45334,0.0,0.0,0.0
2025-08-29 03:15:00+00:00,15.170000076293945,15.170000076293945,15.170000076293945,15.170000076293945,1135,0.0,0.0,0.0
2025-08-29 03:20:00+00:00,15.149999618530273,15.149999618530273,15.149999618530273,15.149999618530273,2179,0.0,0.0,0.0
2025-08-29 03:25:00+00:00,15.149999618530273,15.15999984741211,15.149999618530273,15.15999984741211,12027,0.0,0.0,0.0
2025-08-29 03:30:00+00:00,15.15999984741211,15.15999984741211,15.15999984741211,15.15999984741211,4239,0.0,0.0,0.0
2025-08-29 03:35:00+00:00,15.149999618530273,15.149999618530273,15.149999618530273,15.149999618530273,11522,0.0,0.0,0.0
2025-08-29 03:40:00+00:00,15.149999618530273,15.149999618530273,15.149999618530273,15.149999618530273,57051,0.0,0.0,0.0
2025-08-29 03:45:00+00:00,15.149999618530273,15.15999984741211,15.149999618530273,15.15999984741211,8151,0.0,0.0,0.0
2025-08-29 03:50:00+00:00,15.15999984741211,15.15999984741211,15.149999618530273,15.149999618530273,29170,0.0,0.0,0.0
2025-08-29 03:55:00+00:00,15.149999618530273,15.149999618530273,15.149999618530273,15.149999618530273,19022,0.0,0.0,0.0
2025-08-29 04:00:00+00:00,15.149999618530273,15.149999618530273,15.149999618530273,15.149999618530273,10082,0.0,0.0,0.0
2025-08-29 04:10:00+00:00,15.149999618530273,15.149999618530273,15.149999618530273,15.149999618530273,70775,0.0,0.0,0.0
2025-08-29 04:15:00+00:00,15.149999618530273,15.149999618530273,15.149999618530273,15.149999618530273,28078,0.0,0.0,0.0
2025-08-29 04:20:00+00:00,15.149999618530273,15.149999618530273,15.149999618530273,15.149999618530273,46176,0.0,0.0,0.0
2025-08-29 04:25:00+00:00,15.149999618530273,15.149999618530273,15.140000343322754,15.149999618530273,17624,0.0,0.0,0.0
2025-08-29 04:30:00+00:00,15.149999618530273,15.149999618530273,15.140000343322754,15.140000343322754,26142,0.0,0.0,0.0
2025-08-29 04:35:00+00:00,15.140000343322754,15.140000343322754,15.130000114440918,15.130000114440918,66521,0.0,0.0,0.0
2025-08-29 04:40:00+00:00,15.130000114440918,15.140000343322754,15.130000114440918,15.140000343322754,13060,0.0,0.0,0.0
2025-08-29 04:45:00+00:00,15.140000343322754,15.149999618530273,15.140000343322754,15.149999618530273,102384,0.0,0.0,0.0
2025-08-29 04:50:00+00:00,15.149999618530273,15.149999618530273,15.149999618530273,15.149999618530273,5673,0.0,0.0,0.0
2025-08-29 04:55:00+00:00,15.140000343322754,15.149999618530273,15.130000114440918,15.130000114440918,40181,0.0,0.0,0.0
2025-08-29 05:00:00+00:00,15.130000114440918,15.130000114440918,15.130000114440918,15.130000114440918,22195,0.0,0.0,0.0
2025-08-29 05:05:00+00:00,15.130000114440918,15.130000114440918,15.130000114440918,15.130000114440918,12128,0.0,0.0,0.0
2025-08-29 05:10:00+00:00,15.130000114440918,15.130000114440918,15.130000114440918,15.130000114440918,6201,0.0,0.0,0.0
2025-08-29 05:15:00+00:00,15.130000114440918,15.130000114440918,15.130000114440918,15.130000114440918,25750,0.0,0.0,0.0
2025-08-29 05:20:00+00:00,15.119999885559082,15.119999885559082,15.119999885559082,15.119999885559082,7689,0.0,0.0,0.0
2025-09-01 01:00:00+00:00,15.050000190734863,15.069999694824219,15.039999961853027,15.069999694824219,0,0.0,0.0,0.0
2025-09-01 01:05:00+00:00,15.079999923706055,15.079999923706055,15.039999961853027,15.050000190734863,139030,0.0,0.0,0.0
2025-09-01 01:10:00+00:00,15.079999923706055,15.079999923706055,15.069999694824219,15.069999694824219,12200,0.0,0.0,0.0
2025-09-01 01:15:00+00:00,15.079999923706055,15.079999923706055,15.069999694824219,15.069999694824219,3216,0.0,0.0,0.0
2025-09-01 01:20:00+00:00,15.079999923706055,15.079999923706055,15.069999694824219,15.069999694824219,216319,0.0,0.0,0.0
2025-09-01 01:25:00+00:00,15.069999694824219,15.09000015258789,15.069999694824219,15.069999694824219,63494,0.0,0.0,0.0
2025-09-01 01:30:00+00:00,15.100000381469727,15.149999618530273,15.079999923706055,15.149999618530273,133166,0.0,0.0,0.0
2025-09-01 01:35:00+00:00,15.140000343322754,15.140000343322754,15.130000114440918,15.140000343322754,39167,0.0,0.0,0.0
2025-09-01 01:40:00+00:00,15.140000343322754,15.140000343322754,15.130000114440918,15.140000343322754,135045,0.0,0.0,0.0
2025-09-01 01:45:00+00:00,15.130000114440918,15.130000114440918,15.119999885559082,15.119999885559082,18402,0.0,0.0,0.0
2025-09-01 01:50:00+00:00,15.09000015258789,15.09000015258789,15.069999694824219,15.069999694824219,114230,0.0,0.0,0.0
2025-09-01 01:55:00+00:00,15.0600004196167,15.09000015258789,15.0600004196167,15.09000015258789,12025,0.0,0.0,0.0
2025-09-01 02:00:00+00:00,15.100000381469727,15.100000381469727,15.079999923706055,15.079999923706055,12321,0.0,0.0,0.0
2025-09-01 02:05:00+00:00,15.079999923706055,15.079999923706055,15.0600004196167,15.069999694824219,8827,0.0,0.0,0.0
2025-09-01 02:10:00+00:00,15.050000190734863,15.050000190734863,14.989999771118164,14.989999771118164,207366,0.0,0.0,0.0
2025-09-01 02:15:00+00:00,14.979999542236328,14.979999542236328,14.930000305175781,14.930000305175781,220642,0.0,0.0,0.0
2025-09-01 02:20:00+00:00,14.930000305175781,14.930000305175781,14.920000076293945,14.920000076293945,111859,0.0,0.0,0.0
2025-09-01 02:25:00+00:00,14.920000076293945,14.9399995803833,14.920000076293945,14.9399995803833,32468,0.0,0.0,0.0
2025-09-01 02:30:00+00:00,14.960000038146973,14.960000038146973,14.920000076293945,14.920000076293945,45148,0.0,0.0,0.0
2025-09-01 02:35:00+00:00,14.920000076293945,14.930000305175781,14.920000076293945,14.930000305175781,7623,0.0,0.0,0.0
2025-09-01 02:40:00+00:00,14.920000076293945,14.920000076293945,14.899999618530273,14.899999618530273,126351,0.0,0.0,0.0
2025-09-01 02:45:00+00:00,14.899999618530273,14.899999618530273,14.899999618530273,14.899999618530273,43685,0.0,0.0,0.0
2025-09-01 02:50:00+00:00,14.890000343322754,14.890000343322754,14.869999885559082,14.880000114440918,28921,0.0,0.0,0.0
2025-09-01 02:55:00+00:00,14.869999885559082,14.880000114440918,14.869999885559082,14.880000114440918,9620,0.0,0.0,0.0
2025-09-01 03:00:00+00:00,14.890000343322754,14.890000343322754,14.869999885559082,14.869999885559082,87710,0.0,0.0,0.0
2025-09-01 03:05:00+00:00,14.880000114440918,14.880000114440918,14.869999885559082,14.880000114440918,20149,0.0,0.0,0.0
2025-09-01 03:10:00+00:00,14.899999618530273,14.899999618530273,14.899999618530273,14.899999618530273,112679,0.0,0.0,0.0
2025-09-01 03:15:00+00:00,14.920000076293945,14.920000076293945,14.899999618530273,14.899999618530273,13035,0.0,0.0,0.0
2025-09-01 03:20:00+00:00,14.899999618530273,14.90999984741211,14.899999618530273,14.899999618530273,22666,0.0,0.0,0.0
2025-09-01 03:25:00+00:00,14.899999618530273,14.90999984741211,14.890000343322754,14.899999618530273,9858,0.0,0.0,0.0
2025-09-01 03:30:00+00:00,14.899999618530273,14.899999618530273,14.890000343322754,14.890000343322754,21416,0.0,0.0,0.0
2025-09-01 03:35:00+00:00,14.890000343322754,14.899999618530273,14.890000343322754,14.899999618530273,7035,0.0,0.0,0.0
2025-09-01 03:40:00+00:00,14.899999618530273,14.899999618530273,14.890000343322754,14.890000343322754,23756,0.0,0.0,0.0
2025-09-01 03:45:00+00:00,14.899999618530273,14.899999618530273,14.899999618530273,14.899999618530273,4141,0.0,0.0,0.0
2025-09-01 03:50:00+00:00,14.899999618530273,14.899999618530273,14.890000343322754,14.890000343322754,13099,0.0,0.0,0.0
2025-09-01 03:55:00+00:00,14.899999618530273,14.899999618530273,14.890000343322754,14.899999618530273,18411,0.0,0.0,0.0
2025-09-01 04:00:00+00:00,14.890000343322754,14.899999618530273,14.890000343322754,14.890000343322754,5352,0.0,0.0,0.0
2025-09-01 04:05:00+00:00,14.899999618530273,14.899999618530273,14.890000343322754,14.899999618530273,16095,0.0,0.0,0.0
2025-09-01 04:10:00+00:00,14.899999618530273,14.899999618530273,14.899999618530273,14.899999618530273,18412,0.0,0.0,0.0
2025-09-01 04:15:00+00:00,14.899999618530273,14.899999618530273,14.890000343322754,14.890000343322754,45397,0.0,0.0,0.0
2025-09-01 04:20:00+00:00,14.899999618530273,14.899999618530273,14.899999618530273,14.899999618530273,13797,0.0,0.0,0.0
2025-09-01 04:25:00+00:00,14.90999984741211,14.90999984741211,14.90999984741211,14.90999984741211,5762,0.0,0.0,0.0
2025-09-01 04:30:00+00:00,14.90999984741211,14.90999984741211,14.899999618530273,14.899999618530273,27968,0.0,0.0,0.0
2025-09-01 04:35:00+00:00,14.899999618530273,14.899999618530273,14.890000343322754,14.890000343322754,26450,0.0,0.0,0.0
2025-09-01 04:40:00+00:00,14.899999618530273,14.899999618530273,14.899999618530273,14.899999618530273,4145,0.0,0.0,0.0
2025-09-01 04:45:00+00:00,14.899999618530273,14.930000305175781,14.899999618530273,14.930000305175781,61550,0.0,0.0,0.0
2025-09-01 04:50:00+00:00,14.9399995803833,14.9399995803833,14.930000305175781,14.930000305175781,8455,0.0,0.0,0.0
2025-09-01 04:55:00+00:00,14.930000305175781,14.9399995803833,14.930000305175781,14.9399995803833,16559,0.0,0.0,0.0
2025-09-01 05:00:00+00:00,14.9399995803833,14.9399995803833,14.9399995803833,14.9399995803833,5186,0.0,0.0,0.0
2025-09-01 05:05:00+00:00,14.930000305175781,14.9399995803833,14.930000305175781,14.930000305175781,22494,0.0,0.0,0.0
2025-09-01 05:10:00+00:00,14.9399995803833,14.9399995803833,14.930000305175781,14.9399995803833,11008,0.0,0.0,0.0
2025-09-01 05:15:00+00:00,14.9399995803833,14.9399995803833,14.930000305175781,14.9399995803833,17135,0.0,0.0,0.0
2025-09-01 05:20:00+00:00,14.9399995803833,14.9399995803833,14.920000076293945,14.920000076293945,45701,0.0,0.0,0.0
2025-09-02 01:00:00+00:00,15.029999732971191,15.0600004196167,15.029999732971191,15.0600004196167,0,0.0,0.0,0.0
2025-09-02 01:05:00+00:00,15.0600004196167,15.09000015258789,15.0600004196167,15.069999694824219,49963,0.0,0.0,0.0
2025-09-02 01:10:00+00:00,15.069999694824219,15.069999694824219,15.0600004196167,15.0600004196167,8019,0.0,0.0,0.0
2025-09-02 01:15:00+00:00,15.069999694824219,15.069999694824219,15.0600004196167,15.0600004196167,42077,0.0,0.0,0.0
2025-09-02 01:20:00+00:00,15.050000190734863,15.0600004196167,15.039999961853027,15.039999961853027,32060,0.0,0.0,0.0
2025-09-02 01:25:00+00:00,15.020000457763672,15.020000457763672,15.0,15.0,44045,0.0,0.0,0.0
2025-09-02 01:30:00+00:00,15.0,15.0,15.0,15.0,18322,0.0,0.0,0.0
2025-09-02 01:35:00+00:00,15.010000228881836,15.010000228881836,15.010000228881836,15.010000228881836,67072,0.0,0.0,0.0
2025-09-02 01:40:00+00:00,15.010000228881836,15.010000228881836,15.010000228881836,15.010000228881836,13652,0.0,0.0,0.0
2025-09-02 01:45:00+00:00,15.010000228881836,15.010000228881836,15.010000228881836,15.010000228881836,9178,0.0,0.0,0.0
2025-09-02 01:50:00+00:00,15.0,15.010000228881836,15.0,15.0,17072,0.0,0.0,0.0
2025-09-02 01:55:00+00:00,14.989999771118164,14.989999771118164,14.949999809265137,14.949999809265137,44159,0.0,0.0,0.0
2025-09-02 02:00:00+00:00,14.949999809265137,14.949999809265137,14.90999984741211,14.930000305175781,84563,0.0,0.0,0.0
2025-09-02 02:05:00+00:00,14.9399995803833,14.949999809265137,14.930000305175781,14.930000305175781,107062,0.0,0.0,0.0
2025-09-02 02:10:00+00:00,14.9399995803833,14.949999809265137,14.9399995803833,14.949999809265137,14582,0.0,0.0,0.0
2025-09-02 02:15:00+00:00,14.949999809265137,14.949999809265137,14.930000305175781,14.930000305175781,3033,0.0,0.0,0.0
2025-09-02 02:20:00+00:00,14.9399995803833,14.949999809265137,14.9399995803833,14.9399995803833,15507,0.0,0.0,0.0
2025-09-02 02:25:00+00:00,14.930000305175781,14.930000305175781,14.930000305175781,14.930000305175781,7155,0.0,0.0,0.0
2025-09-02 02:30:00+00:00,14.930000305175781,14.930000305175781,14.90999984741211,14.90999984741211,23599,0.0,0.0,0.0
2025-09-02 02:35:00+00:00,14.90999984741211,14.90999984741211,14.899999618530273,14.90999984741211,102726,0.0,0.0,0.0
2025-09-02 02:45:00+00:00,14.90999984741211,14.90999984741211,14.899999618530273,14.899999618530273,24346,0.0,0.0,0.0
2025-09-02 02:50:00+00:00,14.899999618530273,14.899999618530273,14.890000343322754,14.890000343322754,84073,0.0,0.0,0.0
2025-09-02 02:55:00+00:00,14.890000343322754,14.890000343322754,14.890000343322754,14.890000343322754,15658,0.0,0.0,0.0
2025-09-02 03:00:00+00:00,14.890000343322754,14.890000343322754,14.869999885559082,14.869999885559082,20981,0.0,0.0,0.0
2025-09-02 03:05:00+00:00,14.880000114440918,14.880000114440918,14.850000381469727,14.850000381469727,62499,0.0,0.0,0.0
2025-09-02 03:10:00+00:00,14.850000381469727,14.850000381469727,14.84000015258789,14.84000015258789,18071,0.0,0.0,0.0
2025-09-02 03:15:00+00:00,14.850000381469727,14.859999656677246,14.850000381469727,14.859999656677246,425441,0.0,0.0,0.0
2025-09-02 03:20:00+00:00,14.859999656677246,14.859999656677246,14.859999656677246,14.859999656677246,103543,0.0,0.0,0.0
2025-09-02 03:25:00+00:00,14.880000114440918,14.880000114440918,14.880000114440918,14.880000114440918,5034,0.0,0.0,0.0
2025-09-02 03:30:00+00:00,14.869999885559082,14.880000114440918,14.869999885559082,14.880000114440918,6118,0.0,0.0,0.0
2025-09-02 03:35:00+00:00,14.880000114440918,14.890000343322754,14.880000114440918,14.890000343322754,2253,0.0,0.0,0.0
2025-09-02 03:40:00+00:00,14.899999618530273,14.899999618530273,14.899999618530273,14.899999618530273,12282,0.0,0.0,0.0
2025-09-02 03:45:00+00:00,14.90999984741211,14.920000076293945,14.90999984741211,14.920000076293945,12681,0.0,0.0,0.0
2025-09-02 03:50:00+00:00,14.920000076293945,14.920000076293945,14.920000076293945,14.920000076293945,3046,0.0,0.0,0.0
2025-09-02 03:55:00+00:00,14.930000305175781,14.930000305175781,14.930000305175781,14.930000305175781,1030,0.0,0.0,0.0
2025-09-02 04:00:00+00:00,14.930000305175781,14.930000305175781,14.930000305175781,14.930000305175781,1084,0.0,0.0,0.0
2025-09-02 04:05:00+00:00,14.930000305175781,14.930000305175781,14.920000076293945,14.920000076293945,4746,0.0,0.0,0.0
2025-09-02 04:10:00+00:00,14.920000076293945,14.920000076293945,14.920000076293945,14.920000076293945,1078,0.0,0.0,0.0
2025-09-02 04:15:00+00:00,14.920000076293945,14.920000076293945,14.90999984741211,14.920000076293945,163451,0.0,0.0,0.0
2025-09-02 04:20:00+00:00,14.920000076293945,14.920000076293945,14.920000076293945,14.920000076293945,1164,0.0,0.0,0.0
2025-09-02 04:25:00+00:00,14.930000305175781,14.930000305175781,14.930000305175781,14.930000305175781,2086,0.0,0.0,0.0
2025-09-02 04:30:00+00:00,14.930000305175781,14.930000305175781,14.930000305175781,14.930000305175781,8450,0.0,0.0,0.0
2025-09-02 04:35:00+00:00,14.920000076293945,14.920000076293945,14.920000076293945,14.920000076293945,1051,0.0,0.0,0.0
2025-09-02 04:45:00+00:00,14.930000305175781,14.9399995803833,14.930000305175781,14.9399995803833,24152,0.0,0.0,0.0
2025-09-02 04:50:00+00:00,14.9399995803833,14.9399995803833,14.9399995803833,14.9399995803833,1392,0.0,0.0,0.0
2025-09-02 04:55:00+00:00,14.920000076293945,14.920000076293945,14.920000076293945,14.920000076293945,15912,0.0,0.0,0.0
2025-09-02 05:00:00+00:00,14.920000076293945,14.920000076293945,14.899999618530273,14.899999618530273,12939,0.0,0.0,0.0
2025-09-02 05:05:00+00:00,14.899999618530273,14.90999984741211,14.899999618530273,14.899999618530273,21029,0.0,0.0,0.0
2025-09-02 05:10:00+00:00,14.899999618530273,14.899999618530273,14.899999618530273,14.899999618530273,7685,0.0,0.0,0.0
2025-09-02 05:15:00+00:00,14.90999984741211,14.90999984741211,14.899999618530273,14.899999618530273,56911,0.0,0.0,0.0
2025-09-02 05:20:00+00:00,14.890000343322754,14.890000343322754,14.880000114440918,14.880000114440918,17197,0.0,0.0,0.0
2025-09-03 01:00:00+00:00,14.869999885559082,14.899999618530273,14.850000381469727,14.899999618530273,0,0.0,0.0,0.0
2025-09-03 01:05:00+00:00,14.899999618530273,14.90999984741211,14.899999618530273,14.899999618530273,13017,0.0,0.0,0.0
2025-09-03 01:10:00+00:00,14.920000076293945,14.9399995803833,14.90999984741211,14.90999984741211,201212,0.0,0.0,0.0
2025-09-03 01:15:00+00:00,14.899999618530273,14.90999984741211,14.880000114440918,14.880000114440918,19155,0.0,0.0,0.0
2025-09-03 01:20:00+00:00,14.869999885559082,14.920000076293945,14.869999885559082,14.920000076293945,6670,0.0,0.0,0.0
2025-09-03 01:30:00+00:00,14.90999984741211,14.9399995803833,14.90999984741211,14.930000305175781,66010,0.0,0.0,0.0
2025-09-03 01:35:00+00:00,14.930000305175781,14.930000305175781,14.930000305175781,14.930000305175781,2378,0.0,0.0,0.0
2025-09-03 01:40:00+00:00,14.90999984741211,14.920000076293945,14.90999984741211,14.920000076293945,9716,0.0,0.0,0.0
2025-09-03 01:45:00+00:00,14.920000076293945,14.920000076293945,14.920000076293945,14.920000076293945,20158,0.0,0.0,0.0
2025-09-03 01:50:00+00:00,14.930000305175781,14.949999809265137,14.930000305175781,14.949999809265137,20195,0.0,0.0,0.0
2025-09-03 01:55:00+00:00,14.949999809265137,14.949999809265137,14.949999809265137,14.949999809265137,5027,0.0,0.0,0.0
2025-09-03 02:00:00+00:00,14.949999809265137,14.979999542236328,14.949999809265137,14.979999542236328,23896,0.0,0.0,0.0
2025-09-03 02:05:00+00:00,14.949999809265137,14.949999809265137,14.9399995803833,14.9399995803833,32059,0.0,0.0,0.0
2025-09-03 02:10:00+00:00,14.9399995803833,14.9399995803833,14.9399995803833,14.9399995803833,4258,0.0,0.0,0.0
2025-09-03 02:15:00+00:00,14.9399995803833,14.9399995803833,14.9399995803833,14.9399995803833,19158,0.0,0.0,0.0
2025-09-03 02:20:00+00:00,14.9399995803833,14.960000038146973,14.9399995803833,14.949999809265137,18059,0.0,0.0,0.0
2025-09-03 02:25:00+00:00,14.960000038146973,14.960000038146973,14.949999809265137,14.949999809265137,48067,0.0,0.0,0.0
2025-09-03 02:30:00+00:00,14.960000038146973,14.960000038146973,14.920000076293945,14.920000076293945,165589,0.0,0.0,0.0
2025-09-03 02:35:00+00:00,14.90999984741211,14.90999984741211,14.90999984741211,14.90999984741211,52327,0.0,0.0,0.0
2025-09-03 02:40:00+00:00,14.9399995803833,14.9399995803833,14.9399995803833,14.9399995803833,1340,0.0,0.0,0.0
2025-09-03 02:45:00+00:00,14.930000305175781,14.930000305175781,14.930000305175781,14.930000305175781,8140,0.0,0.0,0.0
2025-09-03 02:50:00+00:00,14.930000305175781,14.930000305175781,14.90999984741211,14.920000076293945,21064,0.0,0.0,0.0
2025-09-03 02:55:00+00:00,14.930000305175781,14.930000305175781,14.930000305175781,14.930000305175781,3042,0.0,0.0,0.0
2025-09-03 03:00:00+00:00,14.930000305175781,14.9399995803833,14.930000305175781,14.9399995803833,26185,0.0,0.0,0.0
2025-09-03 03:05:00+00:00,14.9399995803833,14.949999809265137,14.9399995803833,14.949999809265137,41308,0.0,0.0,0.0
2025-09-03 03:10:00+00:00,14.9399995803833,14.9399995803833,14.9399995803833,14.9399995803833,2298,0.0,0.0,0.0
2025-09-03 03:15:00+00:00,14.949999809265137,14.949999809265137,14.949999809265137,14.949999809265137,8057,0.0,0.0,0.0
2025-09-03 03:20:00+00:00,14.960000038146973,14.960000038146973,14.960000038146973,14.960000038146973,3188,0.0,0.0,0.0
2025-09-03 03:30:00+00:00,14.960000038146973,14.960000038146973,14.960000038146973,14.960000038146973,2336,0.0,0.0,0.0
2025-09-03 03:40:00+00:00,14.949999809265137,14.960000038146973,14.949999809265137,14.960000038146973,4152,0.0,0.0,0.0
2025-09-03 03:50:00+00:00,14.960000038146973,14.960000038146973,14.9399995803833,14.9399995803833,7134,0.0,0.0,0.0
2025-09-03 03:55:00+00:00,14.960000038146973,14.960000038146973,14.949999809265137,14.949999809265137,2971,0.0,0.0,0.0
2025-09-03 04:00:00+00:00,14.949999809265137,14.949999809265137,14.949999809265137,14.949999809265137,1025,0.0,0.0,0.0
2025-09-03 04:05:00+00:00,14.960000038146973,14.960000038146973,14.960000038146973,14.960000038146973,1659,0.0,0.0,0.0
2025-09-03 04:10:00+00:00,14.949999809265137,14.949999809265137,14.9399995803833,14.9399995803833,4000,0.0,0.0,0.0
2025-09-03 04:15:00+00:00,14.9399995803833,14.949999809265137,14.9399995803833,14.949999809265137,6035,0.0,0.0,0.0
2025-09-03 04:20:00+00:00,14.949999809265137,14.949999809265137,14.949999809265137,14.949999809265137,7525,0.0,0.0,0.0
2025-09-03 04:25:00+00:00,14.949999809265137,14.949999809265137,14.949999809265137,14.949999809265137,7090,0.0,0.0,0.0
2025-09-03 04:30:00+00:00,14.960000038146973,14.960000038146973,14.960000038146973,14.960000038146973,2256,0.0,0.0,0.0
2025-09-03 04:35:00+00:00,14.960000038146973,14.960000038146973,14.949999809265137,14.949999809265137,39120,0.0,0.0,0.0
2025-09-03 04:40:00+00:00,14.949999809265137,14.949999809265137,14.949999809265137,14.949999809265137,2230,0.0,0.0,0.0
2025-09-03 04:50:00+00:00,14.949999809265137,14.949999809265137,14.949999809265137,14.949999809265137,3120,0.0,0.0,0.0
2025-09-03 04:55:00+00:00,14.949999809265137,14.949999809265137,14.949999809265137,14.949999809265137,21319,0.0,0.0,0.0
2025-09-03 05:00:00+00:00,14.949999809265137,14.949999809265137,14.949999809265137,14.949999809265137,10372,0.0,0.0,0.0
2025-09-03 05:10:00+00:00,14.9399995803833,14.9399995803833,14.9399995803833,14.9399995803833,37000,0.0,0.0,0.0
2025-09-03 05:15:00+00:00,14.949999809265137,14.949999809265137,14.9399995803833,14.9399995803833,14731,0.0,0.0,0.0
2025-09-03 05:20:00+00:00,14.9399995803833,14.949999809265137,14.9399995803833,14.9399995803833,30646,0.0,0.0,0.0
2025-09-04 01:00:00+00:00,15.09000015258789,15.100000381469727,15.09000015258789,15.100000381469727,0,0.0,0.0,0.0
2025-09-04 01:05:00+00:00,15.100000381469727,15.119999885559082,15.100000381469727,15.119999885559082,121380,0.0,0.0,0.0
2025-09-04 01:10:00+00:00,15.119999885559082,15.119999885559082,15.079999923706055,15.079999923706055,274052,0.0,0.0,0.0
2025-09-04 01:15:00+00:00,15.069999694824219,15.079999923706055,15.069999694824219,15.069999694824219,7519,0.0,0.0,0.0
2025-09-04 01:20:00+00:00,15.079999923706055,15.079999923706055,15.079999923706055,15.079999923706055,246067,0.0,0.0,0.0
2025-09-04 01:25:00+00:00,15.069999694824219,15.069999694824219,15.069999694824219,15.069999694824219,24568,0.0,0.0,0.0
2025-09-04 01:30:00+00:00,15.079999923706055,15.09000015258789,15.079999923706055,15.09000015258789,74338,0.0,0.0,0.0
2025-09-04 01:35:00+00:00,15.09000015258789,15.09000015258789,15.09000015258789,15.09000015258789,32355,0.0,0.0,0.0
2025-09-04 01:40:00+00:00,15.09000015258789,15.100000381469727,15.09000015258789,15.09000015258789,28815,0.0,0.0,0.0
2025-09-04 01:45:00+00:00,15.100000381469727,15.100000381469727,15.09000015258789,15.09000015258789,14565,0.0,0.0,0.0
2025-09-04 01:50:00+00:00,15.100000381469727,15.100000381469727,15.09000015258789,15.09000015258789,61261,0.0,0.0,0.0
2025-09-04 01:55:00+00:00,15.09000015258789,15.100000381469727,15.079999923706055,15.100000381469727,182328,0.0,0.0,0.0
2025-09-04 02:00:00+00:00,15.100000381469727,15.119999885559082,15.100000381469727,15.119999885559082,146349,0.0,0.0,0.0
2025-09-04 02:05:00+00:00,15.119999885559082,15.130000114440918,15.119999885559082,15.119999885559082,21374,0.0,0.0,0.0
2025-09-04 02:10:00+00:00,15.119999885559082,15.130000114440918,15.119999885559082,15.130000114440918,95554,0.0,0.0,0.0
2025-09-04 02:15:00+00:00,15.130000114440918,15.130000114440918,15.130000114440918,15.130000114440918,12963,0.0,0.0,0.0
2025-09-04 02:20:00+00:00,15.130000114440918,15.140000343322754,15.130000114440918,15.130000114440918,41193,0.0,0.0,0.0
2025-09-04 02:25:00+00:00,15.130000114440918,15.130000114440918,15.119999885559082,15.130000114440918,33062,0.0,0.0,0.0
2025-09-04 02:30:00+00:00,15.119999885559082,15.130000114440918,15.119999885559082,15.130000114440918,82244,0.0,0.0,0.0
2025-09-04 02:35:00+00:00,15.130000114440918,15.140000343322754,15.130000114440918,15.140000343322754,13408,0.0,0.0,0.0
2025-09-04 02:40:00+00:00,15.140000343322754,15.140000343322754,15.140000343322754,15.140000343322754,1485,0.0,0.0,0.0
2025-09-04 02:45:00+00:00,15.140000343322754,15.140000343322754,15.119999885559082,15.119999885559082,7513,0.0,0.0,0.0
2025-09-04 02:50:00+00:00,15.119999885559082,15.119999885559082,15.100000381469727,15.100000381469727,2044,0.0,0.0,0.0
2025-09-04 02:55:00+00:00,15.100000381469727,15.100000381469727,15.09000015258789,15.09000015258789,14380,0.0,0.0,0.0
2025-09-04 03:00:00+00:00,15.079999923706055,15.079999923706055,15.069999694824219,15.069999694824219,117561,0.0,0.0,0.0
2025-09-04 03:05:00+00:00,15.069999694824219,15.079999923706055,15.069999694824219,15.069999694824219,50555,0.0,0.0,0.0
2025-09-04 03:10:00+00:00,15.069999694824219,15.069999694824219,15.069999694824219,15.069999694824219,44045,0.0,0.0,0.0
2025-09-04 03:15:00+00:00,15.069999694824219,15.069999694824219,15.039999961853027,15.039999961853027,231962,0.0,0.0,0.0
2025-09-04 03:20:00+00:00,15.0600004196167,15.0600004196167,15.039999961853027,15.039999961853027,106630,0.0,0.0,0.0
2025-09-04 03:25:00+00:00,15.050000190734863,15.050000190734863,15.050000190734863,15.050000190734863,2010,0.0,0.0,0.0
2025-09-04 03:30:00+00:00,15.050000190734863,15.050000190734863,15.050000190734863,15.050000190734863,4970,0.0,0.0,0.0
2025-09-04 03:35:00+00:00,15.050000190734863,15.069999694824219,15.050000190734863,15.050000190734863,46837,0.0,0.0,0.0
2025-09-04 03:40:00+00:00,15.050000190734863,15.050000190734863,15.050000190734863,15.050000190734863,7039,0.0,0.0,0.0
2025-09-04 03:45:00+00:00,15.050000190734863,15.050000190734863,15.050000190734863,15.050000190734863,6714,0.0,0.0,0.0
2025-09-04 03:50:00+00:00,15.039999961853027,15.039999961853027,15.039999961853027,15.039999961853027,3124,0.0,0.0,0.0
2025-09-04 03:55:00+00:00,15.050000190734863,15.050000190734863,15.039999961853027,15.050000190734863,8090,0.0,0.0,0.0
2025-09-04 04:00:00+00:00,15.050000190734863,15.050000190734863,15.050000190734863,15.050000190734863,1081,0.0,0.0,0.0
2025-09-04 04:05:00+00:00,15.050000190734863,15.050000190734863,15.050000190734863,15.050000190734863,25240,0.0,0.0,0.0
2025-09-04 04:10:00+00:00,15.039999961853027,15.0600004196167,15.039999961853027,15.0600004196167,2251,0.0,0.0,0.0
2025-09-04 04:15:00+00:00,15.0600004196167,15.0600004196167,15.0600004196167,15.0600004196167,3067,0.0,0.0,0.0
2025-09-04 04:20:00+00:00,15.050000190734863,15.050000190734863,15.050000190734863,15.050000190734863,4540,0.0,0.0,0.0
2025-09-04 04:25:00+00:00,15.050000190734863,15.050000190734863,15.050000190734863,15.050000190734863,4010,0.0,0.0,0.0
2025-09-04 04:30:00+00:00,15.0600004196167,15.0600004196167,15.0600004196167,15.0600004196167,11274,0.0,0.0,0.0
2025-09-04 04:35:00+00:00,15.0600004196167,15.0600004196167,15.0600004196167,15.0600004196167,4520,0.0,0.0,0.0
2025-09-04 04:40:00+00:00,15.050000190734863,15.050000190734863,15.039999961853027,15.039999961853027,23024,0.0,0.0,0.0
2025-09-04 04:45:00+00:00,15.039999961853027,15.039999961853027,15.039999961853027,15.039999961853027,4320,0.0,0.0,0.0
2025-09-04 04:50:00+00:00,15.050000190734863,15.050000190734863,15.050000190734863,15.050000190734863,4602,0.0,0.0,0.0
2025-09-04 04:55:00+00:00,15.050000190734863,15.050000190734863,15.050000190734863,15.050000190734863,2200,0.0,0.0,0.0
2025-09-04 05:00:00+00:00,15.039999961853027,15.039999961853027,15.039999961853027,15.039999961853027,3010,0.0,0.0,0.0
2025-09-04 05:05:00+00:00,15.050000190734863,15.050000190734863,15.029999732971191,15.029999732971191,14243,0.0,0.0,0.0
2025-09-04 05:10:00+00:00,15.029999732971191,15.029999732971191,15.029999732971191,15.029999732971191,6133,0.0,0.0,0.0
2025-09-04 05:15:00+00:00,15.039999961853027,15.039999961853027,15.010000228881836,15.010000228881836,32824,0.0,0.0,0.0
2025-09-04 05:20:00+00:00,15.020000457763672,15.029999732971191,15.020000457763672,15.020000457763672,32800,0.0,0.0,0.0
2025-09-05 01:00:00+00:00,15.149999618530273,15.170000076293945,15.149999618530273,15.170000076293945,0,0.0,0.0,0.0
2025-09-05 01:05:00+00:00,15.170000076293945,15.170000076293945,15.149999618530273,15.15999984741211,63444,0.0,0.0,0.0
2025-09-05 01:10:00+00:00,15.15999984741211,15.170000076293945,15.15999984741211,15.170000076293945,123892,0.0,0.0,0.0
2025-09-05 01:15:00+00:00,15.170000076293945,15.170000076293945,15.149999618530273,15.149999618530273,10055,0.0,0.0,0.0
2025-09-05 01:20:00+00:00,15.130000114440918,15.140000343322754,15.130000114440918,15.140000343322754,19199,0.0,0.0,0.0
2025-09-05 01:25:00+00:00,15.130000114440918,15.140000343322754,15.130000114440918,15.140000343322754,12046,0.0,0.0,0.0
2025-09-05 01:30:00+00:00,15.149999618530273,15.149999618530273,15.130000114440918,15.130000114440918,24464,0.0,0.0,0.0
2025-09-05 01:35:00+00:00,15.140000343322754,15.140000343322754,15.140000343322754,15.140000343322754,14693,0.0,0.0,0.0
2025-09-05 01:40:00+00:00,15.149999618530273,15.15999984741211,15.149999618530273,15.15999984741211,56024,0.0,0.0,0.0
2025-09-05 01:45:00+00:00,15.15999984741211,15.15999984741211,15.130000114440918,15.130000114440918,18396,0.0,0.0,0.0
2025-09-05 01:50:00+00:00,15.149999618530273,15.149999618530273,15.140000343322754,15.140000343322754,5323,0.0,0.0,0.0
2025-09-05 01:55:00+00:00,15.130000114440918,15.130000114440918,15.130000114440918,15.130000114440918,1027,0.0,0.0,0.0
2025-09-05 02:00:00+00:00,15.140000343322754,15.149999618530273,15.140000343322754,15.149999618530273,85376,0.0,0.0,0.0
2025-09-05 02:05:00+00:00,15.140000343322754,15.15999984741211,15.140000343322754,15.15999984741211,52554,0.0,0.0,0.0
2025-09-05 02:10:00+00:00,15.140000343322754,15.149999618530273,15.140000343322754,15.149999618530273,76534,0.0,0.0,0.0
2025-09-05 02:15:00+00:00,15.15999984741211,15.15999984741211,15.15999984741211,15.15999984741211,162213,0.0,0.0,0.0
2025-09-05 02:20:00+00:00,15.15999984741211,15.170000076293945,15.15999984741211,15.170000076293945,214762,0.0,0.0,0.0
2025-09-05 02:25:00+00:00,15.15999984741211,15.15999984741211,15.149999618530273,15.15999984741211,5275,0.0,0.0,0.0
2025-09-05 02:30:00+00:00,15.15999984741211,15.180000305175781,15.15999984741211,15.180000305175781,88024,0.0,0.0,0.0
2025-09-05 02:35:00+00:00,15.180000305175781,15.180000305175781,15.180000305175781,15.180000305175781,124929,0.0,0.0,0.0
2025-09-05 02:40:00+00:00,15.180000305175781,15.180000305175781,15.180000305175781,15.180000305175781,4098,0.0,0.0,0.0
2025-09-05 02:45:00+00:00,15.180000305175781,15.180000305175781,15.170000076293945,15.180000305175781,34061,0.0,0.0,0.0
2025-09-05 02:50:00+00:00,15.170000076293945,15.180000305175781,15.170000076293945,15.180000305175781,7435,0.0,0.0,0.0
2025-09-05 02:55:00+00:00,15.1899995803833,15.1899995803833,15.1899995803833,15.1899995803833,11192,0.0,0.0,0.0
2025-09-05 03:00:00+00:00,15.1899995803833,15.1899995803833,15.1899995803833,15.1899995803833,2369,0.0,0.0,0.0
2025-09-05 03:05:00+00:00,15.1899995803833,15.1899995803833,15.180000305175781,15.180000305175781,9358,0.0,0.0,0.0
2025-09-05 03:10:00+00:00,15.170000076293945,15.170000076293945,15.170000076293945,15.170000076293945,2027,0.0,0.0,0.0
2025-09-05 03:15:00+00:00,15.170000076293945,15.170000076293945,15.15999984741211,15.15999984741211,8361,0.0,0.0,0.0
2025-09-05 03:20:00+00:00,15.15999984741211,15.180000305175781,15.15999984741211,15.180000305175781,10094,0.0,0.0,0.0
2025-09-05 03:25:00+00:00,15.15999984741211,15.15999984741211,15.149999618530273,15.149999618530273,95024,0.0,0.0,0.0
2025-09-05 03:30:00+00:00,15.15999984741211,15.180000305175781,15.15999984741211,15.170000076293945,92076,0.0,0.0,0.0
2025-09-05 03:35:00+00:00,15.180000305175781,15.180000305175781,15.170000076293945,15.180000305175781,39034,0.0,0.0,0.0
2025-09-05 03:40:00+00:00,15.180000305175781,15.180000305175781,15.180000305175781,15.180000305175781,29217,0.0,0.0,0.0
2025-09-05 03:45:00+00:00,15.180000305175781,15.180000305175781,15.180000305175781,15.180000305175781,2512,0.0,0.0,0.0
2025-09-05 03:55:00+00:00,15.170000076293945,15.180000305175781,15.170000076293945,15.170000076293945,13130,0.0,0.0,0.0
2025-09-05 04:00:00+00:00,15.170000076293945,15.170000076293945,15.170000076293945,15.170000076293945,15025,0.0,0.0,0.0
2025-09-05 04:05:00+00:00,15.170000076293945,15.1899995803833,15.170000076293945,15.1899995803833,105294,0.0,0.0,0.0
2025-09-05 04:10:00+00:00,15.1899995803833,15.1899995803833,15.1899995803833,15.1899995803833,3076,0.0,0.0,0.0
2025-09-05 04:15:00+00:00,15.180000305175781,15.180000305175781,15.180000305175781,15.180000305175781,8584,0.0,0.0,0.0
2025-09-05 04:20:00+00:00,15.180000305175781,15.180000305175781,15.180000305175781,15.180000305175781,2736,0.0,0.0,0.0
2025-09-05 04:25:00+00:00,15.180000305175781,15.180000305175781,15.180000305175781,15.180000305175781,6000,0.0,0.0,0.0
2025-09-05 04:30:00+00:00,15.180000305175781,15.180000305175781,15.170000076293945,15.170000076293945,13881,0.0,0.0,0.0
2025-09-05 04:35:00+00:00,15.15999984741211,15.15999984741211,15.15999984741211,15.15999984741211,1000,0.0,0.0,0.0
2025-09-05 04:40:00+00:00,15.170000076293945,15.180000305175781,15.15999984741211,15.15999984741211,131100,0.0,0.0,0.0
2025-09-05 04:45:00+00:00,15.170000076293945,15.180000305175781,15.170000076293945,15.180000305175781,227096,0.0,0.0,0.0
2025-09-05 04:50:00+00:00,15.180000305175781,15.180000305175781,15.180000305175781,15.180000305175781,2010,0.0,0.0,0.0
2025-09-05 04:55:00+00:00,15.180000305175781,15.180000305175781,15.180000305175781,15.180000305175781,57577,0.0,0.0,0.0
2025-09-05 05:00:00+00:00,15.180000305175781,15.180000305175781,15.180000305175781,15.180000305175781,53875,0.0,0.0,0.0
2025-09-05 05:05:00+00:00,15.170000076293945,15.170000076293945,15.15999984741211,15.15999984741211,16010,0.0,0.0,0.0
2025-09-05 05:10:00+00:00,15.15999984741211,15.170000076293945,15.15999984741211,15.15999984741211,19222,0.0,0.0,0.0
2025-09-05 05:15:00+00:00,15.180000305175781,15.180000305175781,15.170000076293945,15.170000076293945,65909,0.0,0.0,0.0
2025-09-05 05:20:00+00:00,15.170000076293945,15.170000076293945,15.170000076293945,15.170000076293945,26385,0.0,0.0,0.0
2025-09-08 01:00:00+00:00,15.300000190734863,15.300000190734863,15.279999732971191,15.279999732971191,0,0.0,0.0,0.0
2025-09-08 01:05:00+00:00,15.279999732971191,15.3100004196167,15.279999732971191,15.3100004196167,266901,0.0,0.0,0.0
2025-09-08 01:10:00+00:00,15.3100004196167,15.3100004196167,15.289999961853027,15.289999961853027,23500,0.0,0.0,0.0
2025-09-08 01:15:00+00:00,15.289999961853027,15.300000190734863,15.289999961853027,15.300000190734863,23743,0.0,0.0,0.0
2025-09-08 01:20:00+00:00,15.300000190734863,15.300000190734863,15.279999732971191,15.279999732971191,29041,0.0,0.0,0.0
2025-09-08 01:25:00+00:00,15.279999732971191,15.300000190734863,15.270000457763672,15.300000190734863,42553,0.0,0.0,0.0
2025-09-08 01:30:00+00:00,15.300000190734863,15.300000190734863,15.270000457763672,15.279999732971191,12447,0.0,0.0,0.0
2025-09-08 01:35:00+00:00,15.279999732971191,15.279999732971191,15.270000457763672,15.279999732971191,20528,0.0,0.0,0.0
2025-09-08 01:40:00+00:00,15.279999732971191,15.279999732971191,15.279999732971191,15.279999732971191,23313,0.0,0.0,0.0
2025-09-08 01:45:00+00:00,15.279999732971191,15.279999732971191,15.279999732971191,15.279999732971191,6340,0.0,0.0,0.0
2025-09-08 01:50:00+00:00,15.279999732971191,15.279999732971191,15.260000228881836,15.260000228881836,50590,0.0,0.0,0.0
2025-09-08 01:55:00+00:00,15.270000457763672,15.279999732971191,15.270000457763672,15.270000457763672,28599,0.0,0.0,0.0
2025-09-08 02:00:00+00:00,15.279999732971191,15.279999732971191,15.270000457763672,15.270000457763672,20728,0.0,0.0,0.0
2025-09-08 02:05:00+00:00,15.270000457763672,15.270000457763672,15.25,15.260000228881836,19045,0.0,0.0,0.0
2025-09-08 02:10:00+00:00,15.260000228881836,15.270000457763672,15.260000228881836,15.270000457763672,52290,0.0,0.0,0.0
2025-09-08 02:15:00+00:00,15.270000457763672,15.270000457763672,15.260000228881836,15.260000228881836,11234,0.0,0.0,0.0
2025-09-08 02:20:00+00:00,15.260000228881836,15.260000228881836,15.25,15.260000228881836,12478,0.0,0.0,0.0
2025-09-08 02:25:00+00:00,15.260000228881836,15.260000228881836,15.239999771118164,15.239999771118164,8299,0.0,0.0,0.0
2025-09-08 02:30:00+00:00,15.25,15.260000228881836,15.25,15.260000228881836,10365,0.0,0.0,0.0
2025-09-08 02:35:00+00:00,15.260000228881836,15.279999732971191,15.25,15.279999732971191,154329,0.0,0.0,0.0
2025-09-08 02:40:00+00:00,15.270000457763672,15.270000457763672,15.270000457763672,15.270000457763672,66294,0.0,0.0,0.0
2025-09-08 02:45:00+00:00,15.279999732971191,15.279999732971191,15.270000457763672,15.270000457763672,8747,0.0,0.0,0.0
2025-09-08 02:50:00+00:00,15.279999732971191,15.279999732971191,15.279999732971191,15.279999732971191,34696,0.0,0.0,0.0
2025-09-08 02:55:00+00:00,15.279999732971191,15.289999961853027,15.279999732971191,15.279999732971191,20327,0.0,0.0,0.0
2025-09-08 03:00:00+00:00,15.289999961853027,15.289999961853027,15.289999961853027,15.289999961853027,5551,0.0,0.0,0.0
2025-09-08 03:05:00+00:00,15.289999961853027,15.289999961853027,15.279999732971191,15.279999732971191,12127,0.0,0.0,0.0
2025-09-08 03:10:00+00:00,15.279999732971191,15.279999732971191,15.270000457763672,15.279999732971191,14484,0.0,0.0,0.0
2025-09-08 03:15:00+00:00,15.289999961853027,15.289999961853027,15.279999732971191,15.279999732971191,5772,0.0,0.0,0.0
2025-09-08 03:20:00+00:00,15.279999732971191,15.279999732971191,15.279999732971191,15.279999732971191,2100,0.0,0.0,0.0
2025-09-08 03:25:00+00:00,15.279999732971191,15.279999732971191,15.279999732971191,15.279999732971191,13026,0.0,0.0,0.0
2025-09-08 03:30:00+00:00,15.279999732971191,15.279999732971191,15.270000457763672,15.270000457763672,12244,0.0,0.0,0.0
2025-09-08 03:35:00+00:00,15.270000457763672,15.270000457763672,15.260000228881836,15.260000228881836,26014,0.0,0.0,0.0
2025-09-08 03:40:00+00:00,15.270000457763672,15.270000457763672,15.270000457763672,15.270000457763672,7659,0.0,0.0,0.0
2025-09-08 03:45:00+00:00,15.270000457763672,15.270000457763672,15.260000228881836,15.270000457763672,33208,0.0,0.0,0.0
2025-09-08 03:50:00+00:00,15.270000457763672,15.270000457763672,15.270000457763672,15.270000457763672,4027,0.0,0.0,0.0
2025-09-08 03:55:00+00:00,15.279999732971191,15.279999732971191,15.279999732971191,15.279999732971191,4705,0.0,0.0,0.0
2025-09-08 04:00:00+00:00,15.279999732971191,15.279999732971191,15.279999732971191,15.279999732971191,2029,0.0,0.0,0.0
2025-09-08 04:05:00+00:00,15.270000457763672,15.289999961853027,15.270000457763672,15.289999961853027,69959,0.0,0.0,0.0
2025-09-08 04:10:00+00:00,15.279999732971191,15.289999961853027,15.279999732971191,15.279999732971191,24128,0.0,0.0,0.0
2025-09-08 04:15:00+00:00,15.279999732971191,15.279999732971191,15.279999732971191,15.279999732971191,8118,0.0,0.0,0.0
2025-09-08 04:20:00+00:00,15.279999732971191,15.279999732971191,15.270000457763672,15.270000457763672,5197,0.0,0.0,0.0
2025-09-08 04:25:00+00:00,15.270000457763672,15.270000457763672,15.260000228881836,15.260000228881836,14167,0.0,0.0,0.0
2025-09-08 04:30:00+00:00,15.270000457763672,15.279999732971191,15.270000457763672,15.270000457763672,149954,0.0,0.0,0.0
2025-09-08 04:35:00+00:00,15.279999732971191,15.279999732971191,15.279999732971191,15.279999732971191,4118,0.0,0.0,0.0
2025-09-08 04:40:00+00:00,15.279999732971191,15.279999732971191,15.260000228881836,15.260000228881836,54236,0.0,0.0,0.0
2025-09-08 04:45:00+00:00,15.260000228881836,15.270000457763672,15.260000228881836,15.270000457763672,9125,0.0,0.0,0.0
2025-09-08 04:50:00+00:00,15.270000457763672,15.270000457763672,15.270000457763672,15.270000457763672,11018,0.0,0.0,0.0
2025-09-08 04:55:00+00:00,15.270000457763672,15.270000457763672,15.270000457763672,15.270000457763672,37794,0.0,0.0,0.0
2025-09-08 05:00:00+00:00,15.270000457763672,15.279999732971191,15.270000457763672,15.270000457763672,29260,0.0,0.0,0.0
2025-09-08 05:05:00+00:00,15.270000457763672,15.279999732971191,15.260000228881836,15.270000457763672,65494,0.0,0.0,0.0
2025-09-08 05:10:00+00:00,15.260000228881836,15.260000228881836,15.260000228881836,15.260000228881836,7439,0.0,0.0,0.0
2025-09-08 05:15:00+00:00,15.270000457763672,15.270000457763672,15.260000228881836,15.270000457763672,10699,0.0,0.0,0.0
2025-09-08 05:20:00+00:00,15.270000457763672,15.270000457763672,15.260000228881836,15.270000457763672,15799,0.0,0.0,0.0
2025-09-09 01:00:00+00:00,15.300000190734863,15.350000381469727,15.300000190734863,15.34000015258789,114000,0.0,0.0,0.0
2025-09-09 01:05:00+00:00,15.34000015258789,15.350000381469727,15.319999694824219,15.329999923706055,184169,0.0,0.0,0.0
2025-09-09 01:10:00+00:00,15.34000015258789,15.34000015258789,15.319999694824219,15.34000015258789,35713,0.0,0.0,0.0
2025-09-09 01:15:00+00:00,15.34000015258789,15.34000015258789,15.34000015258789,15.34000015258789,17117,0.0,0.0,0.0
2025-09-09 01:20:00+00:00,15.34000015258789,15.34000015258789,15.329999923706055,15.34000015258789,209831,0.0,0.0,0.0
2025-09-09 01:25:00+00:00,15.34000015258789,15.34000015258789,15.329999923706055,15.34000015258789,22051,0.0,0.0,0.0
2025-09-09 01:30:00+00:00,15.350000381469727,15.369999885559082,15.34000015258789,15.369999885559082,308105,0.0,0.0,0.0
2025-09-09 01:35:00+00:00,15.369999885559082,15.369999885559082,15.369999885559082,15.369999885559082,57590,0.0,0.0,0.0
2025-09-09 01:40:00+00:00,15.369999885559082,15.380000114440918,15.369999885559082,15.380000114440918,137598,0.0,0.0,0.0
2025-09-09 01:45:00+00:00,15.390000343322754,15.390000343322754,15.380000114440918,15.390000343322754,100986,0.0,0.0,0.0
2025-09-09 01:50:00+00:00,15.399999618530273,15.399999618530273,15.390000343322754,15.390000343322754,122056,0.0,0.0,0.0
2025-09-09 01:55:00+00:00,15.390000343322754,15.399999618530273,15.390000343322754,15.399999618530273,297022,0.0,0.0,0.0
2025-09-09 02:00:00+00:00,15.399999618530273,15.430000305175781,15.399999618530273,15.430000305175781,131614,0.0,0.0,0.0
2025-09-09 02:05:00+00:00,15.420000076293945,15.430000305175781,15.420000076293945,15.430000305175781,36993,0.0,0.0,0.0
2025-09-09 02:10:00+00:00,15.430000305175781,15.4399995803833,15.430000305175781,15.4399995803833,58827,0.0,0.0,0.0
2025-09-09 02:15:00+00:00,15.449999809265137,15.449999809265137,15.4399995803833,15.449999809265137,18602,0.0,0.0,0.0
2025-09-09 02:20:00+00:00,15.4399995803833,15.4399995803833,15.4399995803833,15.4399995803833,3041,0.0,0.0,0.0
2025-09-09 02:25:00+00:00,15.420000076293945,15.430000305175781,15.399999618530273,15.399999618530273,15013,0.0,0.0,0.0
2025-09-09 02:30:00+00:00,15.420000076293945,15.420000076293945,15.40999984741211,15.420000076293945,4981,0.0,0.0,0.0
2025-09-09 02:35:00+00:00,15.40999984741211,15.420000076293945,15.40999984741211,15.420000076293945,131193,0.0,0.0,0.0
2025-09-09 02:40:00+00:00,15.430000305175781,15.430000305175781,15.420000076293945,15.420000076293945,13295,0.0,0.0,0.0
2025-09-09 02:45:00+00:00,15.430000305175781,15.430000305175781,15.399999618530273,15.399999618530273,4222,0.0,0.0,0.0
2025-09-09 02:50:00+00:00,15.420000076293945,15.420000076293945,15.399999618530273,15.40999984741211,281155,0.0,0.0,0.0
2025-09-09 02:55:00+00:00,15.399999618530273,15.399999618530273,15.399999618530273,15.399999618530273,6140,0.0,0.0,0.0
2025-09-09 03:00:00+00:00,15.40999984741211,15.40999984741211,15.399999618530273,15.40999984741211,46187,0.0,0.0,0.0
2025-09-09 03:05:00+00:00,15.399999618530273,15.420000076293945,15.399999618530273,15.420000076293945,77234,0.0,0.0,0.0
2025-09-09 03:10:00+00:00,15.420000076293945,15.420000076293945,15.420000076293945,15.420000076293945,17248,0.0,0.0,0.0
2025-09-09 03:15:00+00:00,15.420000076293945,15.420000076293945,15.40999984741211,15.420000076293945,12057,0.0,0.0,0.0
2025-09-09 03:20:00+00:00,15.420000076293945,15.420000076293945,15.40999984741211,15.420000076293945,126180,0.0,0.0,0.0
2025-09-09 03:25:00+00:00,15.420000076293945,15.420000076293945,15.420000076293945,15.420000076293945,2079,0.0,0.0,0.0
2025-09-09 03:30:00+00:00,15.430000305175781,15.4399995803833,15.420000076293945,15.4399995803833,159637,0.0,0.0,0.0
2025-09-09 03:35:00+00:00,15.430000305175781,15.4399995803833,15.430000305175781,15.430000305175781,34379,0.0,0.0,0.0
2025-09-09 03:40:00+00:00,15.4399995803833,15.4399995803833,15.430000305175781,15.4399995803833,6160,0.0,0.0,0.0
2025-09-09 03:45:00+00:00,15.4399995803833,15.449999809265137,15.4399995803833,15.449999809265137,86120,0.0,0.0,0.0
2025-09-09 03:50:00+00:00,15.449999809265137,15.449999809265137,15.4399995803833,15.4399995803833,11060,0.0,0.0,0.0
2025-09-09 03:55:00+00:00,15.449999809265137,15.449999809265137,15.430000305175781,15.430000305175781,15941,0.0,0.0,0.0
2025-09-09 04:00:00+00:00,15.4399995803833,15.449999809265137,15.430000305175781,15.430000305175781,15582,0.0,0.0,0.0
2025-09-09 04:05:00+00:00,15.4399995803833,15.4399995803833,15.430000305175781,15.430000305175781,12156,0.0,0.0,0.0
2025-09-09 04:10:00+00:00,15.430000305175781,15.4399995803833,15.430000305175781,15.4399995803833,27046,0.0,0.0,0.0
2025-09-09 04:15:00+00:00,15.430000305175781,15.430000305175781,15.430000305175781,15.430000305175781,6055,0.0,0.0,0.0
2025-09-09 04:20:00+00:00,15.4399995803833,15.4399995803833,15.430000305175781,15.430000305175781,14525,0.0,0.0,0.0
2025-09-09 04:25:00+00:00,15.430000305175781,15.4399995803833,15.430000305175781,15.4399995803833,17647,0.0,0.0,0.0
2025-09-09 04:30:00+00:00,15.4399995803833,15.4399995803833,15.4399995803833,15.4399995803833,40375,0.0,0.0,0.0
2025-09-09 04:35:00+00:00,15.4399995803833,15.4399995803833,15.4399995803833,15.4399995803833,9314,0.0,0.0,0.0
2025-09-09 04:40:00+00:00,15.449999809265137,15.449999809265137,15.449999809265137,15.449999809265137,20210,0.0,0.0,0.0
2025-09-09 04:45:00+00:00,15.4399995803833,15.4399995803833,15.4399995803833,15.4399995803833,10125,0.0,0.0,0.0
2025-09-09 04:50:00+00:00,15.4399995803833,15.4399995803833,15.4399995803833,15.4399995803833,14155,0.0,0.0,0.0
2025-09-09 04:55:00+00:00,15.4399995803833,15.4399995803833,15.430000305175781,15.430000305175781,191394,0.0,0.0,0.0
2025-09-09 05:00:00+00:00,15.430000305175781,15.430000305175781,15.420000076293945,15.430000305175781,5168,0.0,0.0,0.0
2025-09-09 05:05:00+00:00,15.430000305175781,15.430000305175781,15.430000305175781,15.430000305175781,10630,0.0,0.0,0.0
2025-09-09 05:10:00+00:00,15.4399995803833,15.4399995803833,15.430000305175781,15.4399995803833,18130,0.0,0.0,0.0
2025-09-09 05:15:00+00:00,15.4399995803833,15.4399995803833,15.420000076293945,15.420000076293945,9802,0.0,0.0,0.0
2025-09-09 05:20:00+00:00,15.430000305175781,15.430000305175781,15.430000305175781,15.430000305175781,24324,0.0,0.0,0.0
2025-09-10 01:00:00+00:00,15.5600004196167,15.600000381469727,15.5600004196167,15.600000381469727,164000,0.0,0.0,0.0
2025-09-10 01:05:00+00:00,15.600000381469727,15.609999656677246,15.59000015258789,15.600000381469727,517000,0.0,0.0,0.0
2025-09-10 01:10:00+00:00,15.600000381469727,15.609999656677246,15.600000381469727,15.600000381469727,87417,0.0,0.0,0.0
2025-09-10 01:15:00+00:00,15.600000381469727,15.600000381469727,15.600000381469727,15.600000381469727,85736,0.0,0.0,0.0
2025-09-10 01:20:00+00:00,15.609999656677246,15.609999656677246,15.600000381469727,15.609999656677246,40726,0.0,0.0,0.0
2025-09-10 01:25:00+00:00,15.609999656677246,15.619999885559082,15.609999656677246,15.619999885559082,116621,0.0,0.0,0.0
2025-09-10 01:30:00+00:00,15.619999885559082,15.649999618530273,15.619999885559082,15.630000114440918,241239,0.0,0.0,0.0
2025-09-10 01:35:00+00:00,15.640000343322754,15.649999618530273,15.630000114440918,15.630000114440918,153373,0.0,0.0,0.0
2025-09-10 01:40:00+00:00,15.640000343322754,15.640000343322754,15.630000114440918,15.640000343322754,75438,0.0,0.0,0.0
2025-09-10 01:45:00+00:00,15.640000343322754,15.649999618530273,15.630000114440918,15.630000114440918,171239,0.0,0.0,0.0
2025-09-10 01:50:00+00:00,15.630000114440918,15.640000343322754,15.619999885559082,15.640000343322754,156917,0.0,0.0,0.0
2025-09-10 01:55:00+00:00,15.640000343322754,15.649999618530273,15.640000343322754,15.640000343322754,37634,0.0,0.0,0.0
2025-09-10 02:00:00+00:00,15.649999618530273,15.649999618530273,15.640000343322754,15.640000343322754,56692,0.0,0.0,0.0
2025-09-10 02:05:00+00:00,15.649999618530273,15.649999618530273,15.640000343322754,15.649999618530273,24491,0.0,0.0,0.0
2025-09-10 02:10:00+00:00,15.649999618530273,15.65999984741211,15.649999618530273,15.649999618530273,116020,0.0,0.0,0.0
2025-09-10 02:15:00+00:00,15.65999984741211,15.65999984741211,15.649999618530273,15.65999984741211,135320,0.0,0.0,0.0
2025-09-10 02:20:00+00:00,15.670000076293945,15.670000076293945,15.65999984741211,15.670000076293945,70716,0.0,0.0,0.0
2025-09-10 02:25:00+00:00,15.670000076293945,15.680000305175781,15.670000076293945,15.670000076293945,64728,0.0,0.0,0.0
2025-09-10 02:30:00+00:00,15.670000076293945,15.6899995803833,15.670000076293945,15.6899995803833,45532,0.0,0.0,0.0
2025-09-10 02:35:00+00:00,15.6899995803833,15.699999809265137,15.680000305175781,15.699999809265137,89238,0.0,0.0,0.0
2025-09-10 02:40:00+00:00,15.699999809265137,15.699999809265137,15.6899995803833,15.6899995803833,25048,0.0,0.0,0.0
2025-09-10 02:45:00+00:00,15.6899995803833,15.699999809265137,15.6899995803833,15.699999809265137,19541,0.0,0.0,0.0
2025-09-10 02:50:00+00:00,15.699999809265137,15.699999809265137,15.699999809265137,15.699999809265137,12648,0.0,0.0,0.0
2025-09-10 02:55:00+00:00,15.699999809265137,15.699999809265137,15.6899995803833,15.699999809265137,25599,0.0,0.0,0.0
2025-09-10 03:00:00+00:00,15.699999809265137,15.699999809265137,15.6899995803833,15.699999809265137,259158,0.0,0.0,0.0
2025-09-10 03:05:00+00:00,15.710000038146973,15.710000038146973,15.699999809265137,15.710000038146973,308065,0.0,0.0,0.0
2025-09-10 03:10:00+00:00,15.699999809265137,15.710000038146973,15.699999809265137,15.699999809265137,14039,0.0,0.0,0.0
2025-09-10 03:15:00+00:00,15.710000038146973,15.710000038146973,15.6899995803833,15.6899995803833,32389,0.0,0.0,0.0
2025-09-10 03:20:00+00:00,15.699999809265137,15.710000038146973,15.699999809265137,15.710000038146973,13253,0.0,0.0,0.0
2025-09-10 03:25:00+00:00,15.710000038146973,15.710000038146973,15.699999809265137,15.699999809265137,14181,0.0,0.0,0.0
2025-09-10 03:30:00+00:00,15.710000038146973,15.710000038146973,15.6899995803833,15.6899995803833,71485,0.0,0.0,0.0
2025-09-10 03:35:00+00:00,15.699999809265137,15.699999809265137,15.6899995803833,15.6899995803833,54211,0.0,0.0,0.0
2025-09-10 03:40:00+00:00,15.6899995803833,15.6899995803833,15.680000305175781,15.6899995803833,24431,0.0,0.0,0.0
2025-09-10 03:45:00+00:00,15.6899995803833,15.699999809265137,15.6899995803833,15.699999809265137,22444,0.0,0.0,0.0
2025-09-10 03:50:00+00:00,15.699999809265137,15.699999809265137,15.6899995803833,15.699999809265137,61533,0.0,0.0,0.0
2025-09-10 03:55:00+00:00,15.699999809265137,15.699999809265137,15.6899995803833,15.699999809265137,41145,0.0,0.0,0.0
2025-09-10 04:00:00+00:00,15.699999809265137,15.710000038146973,15.699999809265137,15.710000038146973,65116,0.0,0.0,0.0
2025-09-10 04:05:00+00:00,15.710000038146973,15.710000038146973,15.710000038146973,15.710000038146973,15779,0.0,0.0,0.0
2025-09-10 04:10:00+00:00,15.710000038146973,15.710000038146973,15.699999809265137,15.699999809265137,33694,0.0,0.0,0.0
2025-09-10 04:15:00+00:00,15.699999809265137,15.710000038146973,15.699999809265137,15.710000038146973,26200,0.0,0.0,0.0
2025-09-10 04:20:00+00:00,15.710000038146973,15.710000038146973,15.699999809265137,15.699999809265137,16770,0.0,0.0,0.0
2025-09-10 04:25:00+00:00,15.699999809265137,15.699999809265137,15.6899995803833,15.6899995803833,27111,0.0,0.0,0.0
2025-09-10 04:30:00+00:00,15.699999809265137,15.699999809265137,15.6899995803833,15.699999809265137,11322,0.0,0.0,0.0
2025-09-10 04:35:00+00:00,15.699999809265137,15.699999809265137,15.6899995803833,15.6899995803833,8480,0.0,0.0,0.0
2025-09-10 04:40:00+00:00,15.6899995803833,15.699999809265137,15.6899995803833,15.6899995803833,27416,0.0,0.0,0.0
2025-09-10 04:45:00+00:00,15.6899995803833,15.699999809265137,15.6899995803833,15.699999809265137,164670,0.0,0.0,0.0
2025-09-10 04:50:00+00:00,15.699999809265137,15.699999809265137,15.699999809265137,15.699999809265137,13870,0.0,0.0,0.0
2025-09-10 04:55:00+00:00,15.699999809265137,15.699999809265137,15.699999809265137,15.699999809265137,152178,0.0,0.0,0.0
2025-09-10 05:00:00+00:00,15.699999809265137,15.720000267028809,15.699999809265137,15.710000038146973,279900,0.0,0.0,0.0
2025-09-10 05:05:00+00:00,15.720000267028809,15.729999542236328,15.720000267028809,15.720000267028809,113841,0.0,0.0,0.0
2025-09-10 05:10:00+00:00,15.720000267028809,15.729999542236328,15.710000038146973,15.720000267028809,26748,0.0,0.0,0.0
2025-09-10 05:15:00+00:00,15.729999542236328,15.729999542236328,15.710000038146973,15.710000038146973,28753,0.0,0.0,0.0
2025-09-10 05:20:00+00:00,15.710000038146973,15.720000267028809,15.699999809265137,15.720000267028809,56326,0.0,0.0,0.0
2025-09-11 01:00:00+00:00,15.819999694824219,15.84000015258789,15.819999694824219,15.84000015258789,145000,0.0,0.0,0.0
2025-09-11 01:05:00+00:00,15.850000381469727,15.850000381469727,15.819999694824219,15.829999923706055,210773,0.0,0.0,0.0
2025-09-11 01:10:00+00:00,15.819999694824219,15.829999923706055,15.800000190734863,15.8100004196167,184666,0.0,0.0,0.0
2025-09-11 01:15:00+00:00,15.819999694824219,15.819999694824219,15.789999961853027,15.800000190734863,165123,0.0,0.0,0.0
2025-09-11 01:20:00+00:00,15.800000190734863,15.800000190734863,15.800000190734863,15.800000190734863,42952,0.0,0.0,0.0
2025-09-11 01:25:00+00:00,15.800000190734863,15.819999694824219,15.800000190734863,15.819999694824219,144127,0.0,0.0,0.0
2025-09-11 01:30:00+00:00,15.829999923706055,15.829999923706055,15.8100004196167,15.8100004196167,10162,0.0,0.0,0.0
2025-09-11 01:35:00+00:00,15.8100004196167,15.819999694824219,15.800000190734863,15.8100004196167,40034,0.0,0.0,0.0
2025-09-11 01:40:00+00:00,15.800000190734863,15.800000190734863,15.789999961853027,15.789999961853027,34158,0.0,0.0,0.0
2025-09-11 01:45:00+00:00,15.779999732971191,15.779999732971191,15.779999732971191,15.779999732971191,15980,0.0,0.0,0.0
2025-09-11 01:50:00+00:00,15.779999732971191,15.779999732971191,15.779999732971191,15.779999732971191,27520,0.0,0.0,0.0
2025-09-11 01:55:00+00:00,15.779999732971191,15.800000190734863,15.770000457763672,15.800000190734863,52971,0.0,0.0,0.0
2025-09-11 02:00:00+00:00,15.789999961853027,15.8100004196167,15.789999961853027,15.8100004196167,62065,0.0,0.0,0.0
2025-09-11 02:05:00+00:00,15.8100004196167,15.819999694824219,15.8100004196167,15.8100004196167,9267,0.0,0.0,0.0
2025-09-11 02:10:00+00:00,15.8100004196167,15.819999694824219,15.8100004196167,15.8100004196167,8314,0.0,0.0,0.0
2025-09-11 02:15:00+00:00,15.819999694824219,15.819999694824219,15.8100004196167,15.8100004196167,12327,0.0,0.0,0.0
2025-09-11 02:20:00+00:00,15.819999694824219,15.819999694824219,15.8100004196167,15.819999694824219,233430,0.0,0.0,0.0
2025-09-11 02:25:00+00:00,15.819999694824219,15.829999923706055,15.819999694824219,15.829999923706055,232917,0.0,0.0,0.0
2025-09-11 02:30:00+00:00,15.84000015258789,15.84000015258789,15.829999923706055,15.84000015258789,84602,0.0,0.0,0.0
2025-09-11 02:35:00+00:00,15.84000015258789,15.84000015258789,15.819999694824219,15.829999923706055,24712,0.0,0.0,0.0
2025-09-11 02:40:00+00:00,15.829999923706055,15.829999923706055,15.819999694824219,15.829999923706055,7548,0.0,0.0,0.0
2025-09-11 02:45:00+00:00,15.829999923706055,15.829999923706055,15.819999694824219,15.829999923706055,19027,0.0,0.0,0.0
2025-09-11 02:50:00+00:00,15.829999923706055,15.829999923706055,15.819999694824219,15.819999694824219,50243,0.0,0.0,0.0
2025-09-11 02:55:00+00:00,15.819999694824219,15.819999694824219,15.819999694824219,15.819999694824219,4231,0.0,0.0,0.0
2025-09-11 03:00:00+00:00,15.819999694824219,15.829999923706055,15.819999694824219,15.829999923706055,8211,0.0,0.0,0.0
2025-09-11 03:05:00+00:00,15.829999923706055,15.829999923706055,15.819999694824219,15.819999694824219,29835,0.0,0.0,0.0
2025-09-11 03:10:00+00:00,15.829999923706055,15.829999923706055,15.819999694824219,15.829999923706055,24828,0.0,0.0,0.0
2025-09-11 03:15:00+00:00,15.829999923706055,15.829999923706055,15.829999923706055,15.829999923706055,87103,0.0,0.0,0.0
2025-09-11 03:20:00+00:00,15.829999923706055,15.84000015258789,15.819999694824219,15.84000015258789,18604,0.0,0.0,0.0
2025-09-11 03:25:00+00:00,15.84000015258789,15.850000381469727,15.829999923706055,15.850000381469727,280962,0.0,0.0,0.0
2025-09-11 03:30:00+00:00,15.859999656677246,15.859999656677246,15.859999656677246,15.859999656677246,5160,0.0,0.0,0.0
2025-09-11 03:35:00+00:00,15.859999656677246,15.859999656677246,15.850000381469727,15.859999656677246,23901,0.0,0.0,0.0
2025-09-11 03:40:00+00:00,15.859999656677246,15.859999656677246,15.859999656677246,15.859999656677246,8119,0.0,0.0,0.0
2025-09-11 03:45:00+00:00,15.859999656677246,15.859999656677246,15.859999656677246,15.859999656677246,2793,0.0,0.0,0.0
2025-09-11 03:50:00+00:00,15.859999656677246,15.859999656677246,15.850000381469727,15.850000381469727,25617,0.0,0.0,0.0
2025-09-11 03:55:00+00:00,15.850000381469727,15.859999656677246,15.84000015258789,15.84000015258789,48368,0.0,0.0,0.0
2025-09-11 04:00:00+00:00,15.829999923706055,15.84000015258789,15.829999923706055,15.84000015258789,18059,0.0,0.0,0.0
2025-09-11 04:05:00+00:00,15.829999923706055,15.829999923706055,15.8100004196167,15.8100004196167,62859,0.0,0.0,0.0
2025-09-11 04:10:00+00:00,15.8100004196167,15.8100004196167,15.800000190734863,15.800000190734863,60309,0.0,0.0,0.0
2025-09-11 04:15:00+00:00,15.8100004196167,15.8100004196167,15.789999961853027,15.789999961853027,148692,0.0,0.0,0.0
2025-09-11 04:20:00+00:00,15.789999961853027,15.800000190734863,15.760000228881836,15.760000228881836,78585,0.0,0.0,0.0
2025-09-11 04:25:00+00:00,15.760000228881836,15.760000228881836,15.729999542236328,15.729999542236328,73253,0.0,0.0,0.0
2025-09-11 04:30:00+00:00,15.729999542236328,15.75,15.729999542236328,15.729999542236328,31740,0.0,0.0,0.0
2025-09-11 04:35:00+00:00,15.729999542236328,15.739999771118164,15.720000267028809,15.739999771118164,108278,0.0,0.0,0.0
2025-09-11 04:40:00+00:00,15.739999771118164,15.75,15.739999771118164,15.75,16033,0.0,0.0,0.0
2025-09-11 04:45:00+00:00,15.75,15.75,15.739999771118164,15.75,86659,0.0,0.0,0.0
2025-09-11 04:50:00+00:00,15.75,15.75,15.739999771118164,15.739999771118164,27010,0.0,0.0,0.0
2025-09-11 04:55:00+00:00,15.739999771118164,15.75,15.739999771118164,15.75,6176,0.0,0.0,0.0
2025-09-11 05:00:00+00:00,15.75,15.75,15.720000267028809,15.720000267028809,68785,0.0,0.0,0.0
2025-09-11 05:05:00+00:00,15.720000267028809,15.720000267028809,15.699999809265137,15.699999809265137,55728,0.0,0.0,0.0
2025-09-11 05:10:00+00:00,15.699999809265137,15.699999809265137,15.699999809265137,15.699999809265137,117480,0.0,0.0,0.0
2025-09-11 05:15:00+00:00,15.699999809265137,15.699999809265137,15.6899995803833,15.6899995803833,57459,0.0,0.0,0.0
2025-09-11 05:20:00+00:00,15.699999809265137,15.710000038146973,15.699999809265137,15.699999809265137,104553,0.0,0.0,0.0
2025-09-12 01:00:00+00:00,15.800000190734863,15.84000015258789,15.800000190734863,15.819999694824219,332000,0.0,0.0,0.0
2025-09-12 01:05:00+00:00,15.8100004196167,15.819999694824219,15.800000190734863,15.8100004196167,481799,0.0,0.0,0.0
2025-09-12 01:10:00+00:00,15.8100004196167,15.819999694824219,15.8100004196167,15.8100004196167,41004,0.0,0.0,0.0
2025-09-12 01:15:00+00:00,15.800000190734863,15.819999694824219,15.800000190734863,15.8100004196167,99761,0.0,0.0,0.0
2025-09-12 01:20:00+00:00,15.8100004196167,15.8100004196167,15.800000190734863,15.8100004196167,13748,0.0,0.0,0.0
2025-09-12 01:25:00+00:00,15.8100004196167,15.8100004196167,15.789999961853027,15.789999961853027,55464,0.0,0.0,0.0
2025-09-12 01:30:00+00:00,15.789999961853027,15.789999961853027,15.770000457763672,15.770000457763672,122977,0.0,0.0,0.0
2025-09-12 01:35:00+00:00,15.770000457763672,15.770000457763672,15.760000228881836,15.760000228881836,87030,0.0,0.0,0.0
2025-09-12 01:40:00+00:00,15.760000228881836,15.789999961853027,15.760000228881836,15.789999961853027,25509,0.0,0.0,0.0
2025-09-12 01:45:00+00:00,15.789999961853027,15.789999961853027,15.779999732971191,15.779999732971191,14630,0.0,0.0,0.0
2025-09-12 01:50:00+00:00,15.779999732971191,15.800000190734863,15.779999732971191,15.789999961853027,80539,0.0,0.0,0.0
2025-09-12 01:55:00+00:00,15.779999732971191,15.800000190734863,15.779999732971191,15.800000190734863,80137,0.0,0.0,0.0
2025-09-12 02:00:00+00:00,15.8100004196167,15.8100004196167,15.800000190734863,15.800000190734863,59342,0.0,0.0,0.0
2025-09-12 02:05:00+00:00,15.800000190734863,15.8100004196167,15.800000190734863,15.800000190734863,52050,0.0,0.0,0.0
2025-09-12 02:10:00+00:00,15.8100004196167,15.819999694824219,15.800000190734863,15.800000190734863,61738,0.0,0.0,0.0
2025-09-12 02:15:00+00:00,15.8100004196167,15.8100004196167,15.800000190734863,15.800000190734863,11351,0.0,0.0,0.0
2025-09-12 02:20:00+00:00,15.800000190734863,15.8100004196167,15.800000190734863,15.8100004196167,64167,0.0,0.0,0.0
2025-09-12 02:25:00+00:00,15.8100004196167,15.8100004196167,15.8100004196167,15.8100004196167,3542,0.0,0.0,0.0
2025-09-12 02:30:00+00:00,15.800000190734863,15.819999694824219,15.800000190734863,15.819999694824219,69303,0.0,0.0,0.0
2025-09-12 02:35:00+00:00,15.819999694824219,15.819999694824219,15.8100004196167,15.819999694824219,34375,0.0,0.0,0.0
2025-09-12 02:40:00+00:00,15.8100004196167,15.8100004196167,15.8100004196167,15.8100004196167,45345,0.0,0.0,0.0
2025-09-12 02:45:00+00:00,15.819999694824219,15.819999694824219,15.8100004196167,15.8100004196167,5319,0.0,0.0,0.0
2025-09-12 02:50:00+00:00,15.8100004196167,15.8100004196167,15.779999732971191,15.800000190734863,62213,0.0,0.0,0.0
2025-09-12 02:55:00+00:00,15.800000190734863,15.8100004196167,15.789999961853027,15.800000190734863,25052,0.0,0.0,0.0
2025-09-12 03:00:00+00:00,15.800000190734863,15.800000190734863,15.800000190734863,15.800000190734863,44590,0.0,0.0,0.0
2025-09-12 03:05:00+00:00,15.8100004196167,15.8100004196167,15.8100004196167,15.8100004196167,1331,0.0,0.0,0.0
2025-09-12 03:15:00+00:00,15.800000190734863,15.800000190734863,15.800000190734863,15.800000190734863,22040,0.0,0.0,0.0
2025-09-12 03:20:00+00:00,15.8100004196167,15.8100004196167,15.800000190734863,15.8100004196167,10539,0.0,0.0,0.0
2025-09-12 03:25:00+00:00,15.8100004196167,15.8100004196167,15.800000190734863,15.800000190734863,10631,0.0,0.0,0.0
2025-09-12 03:30:00+00:00,15.8100004196167,15.8100004196167,15.800000190734863,15.800000190734863,12376,0.0,0.0,0.0
2025-09-12 03:35:00+00:00,15.800000190734863,15.8100004196167,15.789999961853027,15.800000190734863,95161,0.0,0.0,0.0
2025-09-12 03:40:00+00:00,15.800000190734863,15.8100004196167,15.800000190734863,15.8100004196167,9236,0.0,0.0,0.0
2025-09-12 03:45:00+00:00,15.8100004196167,15.8100004196167,15.8100004196167,15.8100004196167,50120,0.0,0.0,0.0
2025-09-12 03:50:00+00:00,15.800000190734863,15.800000190734863,15.800000190734863,15.800000190734863,25032,0.0,0.0,0.0
2025-09-12 03:55:00+00:00,15.800000190734863,15.8100004196167,15.800000190734863,15.800000190734863,11117,0.0,0.0,0.0
2025-09-12 04:00:00+00:00,15.8100004196167,15.8100004196167,15.800000190734863,15.8100004196167,11373,0.0,0.0,0.0
2025-09-12 04:05:00+00:00,15.8100004196167,15.8100004196167,15.800000190734863,15.800000190734863,73235,0.0,0.0,0.0
2025-09-12 04:10:00+00:00,15.800000190734863,15.800000190734863,15.800000190734863,15.800000190734863,54236,0.0,0.0,0.0
2025-09-12 04:15:00+00:00,15.800000190734863,15.800000190734863,15.800000190734863,15.800000190734863,63418,0.0,0.0,0.0
2025-09-12 04:20:00+00:00,15.800000190734863,15.800000190734863,15.800000190734863,15.800000190734863,34010,0.0,0.0,0.0
2025-09-12 04:25:00+00:00,15.800000190734863,15.8100004196167,15.800000190734863,15.800000190734863,16260,0.0,0.0,0.0
2025-09-12 04:30:00+00:00,15.800000190734863,15.800000190734863,15.789999961853027,15.789999961853027,56283,0.0,0.0,0.0
2025-09-12 04:35:00+00:00,15.800000190734863,15.800000190734863,15.800000190734863,15.800000190734863,2170,0.0,0.0,0.0
2025-09-12 04:40:00+00:00,15.800000190734863,15.800000190734863,15.789999961853027,15.789999961853027,135100,0.0,0.0,0.0
2025-09-12 04:45:00+00:00,15.789999961853027,15.789999961853027,15.789999961853027,15.789999961853027,49456,0.0,0.0,0.0
2025-09-12 04:50:00+00:00,15.779999732971191,15.789999961853027,15.779999732971191,15.779999732971191,39380,0.0,0.0,0.0
2025-09-12 04:55:00+00:00,15.779999732971191,15.779999732971191,15.770000457763672,15.770000457763672,166484,0.0,0.0,0.0
2025-09-12 05:00:00+00:00,15.770000457763672,15.789999961853027,15.770000457763672,15.789999961853027,275456,0.0,0.0,0.0
2025-09-12 05:05:00+00:00,15.789999961853027,15.789999961853027,15.789999961853027,15.789999961853027,17295,0.0,0.0,0.0
2025-09-12 05:10:00+00:00,15.789999961853027,15.800000190734863,15.789999961853027,15.800000190734863,45274,0.0,0.0,0.0
2025-09-12 05:15:00+00:00,15.800000190734863,15.800000190734863,15.779999732971191,15.779999732971191,46041,0.0,0.0,0.0
2025-09-12 05:20:00+00:00,15.789999961853027,15.800000190734863,15.789999961853027,15.789999961853027,41389,0.0,0.0,0.0
2025-09-15 01:00:00+00:00,15.8100004196167,15.8100004196167,15.779999732971191,15.779999732971191,0,0.0,0.0,0.0
2025-09-15 01:05:00+00:00,15.789999961853027,15.789999961853027,15.760000228881836,15.760000228881836,76490,0.0,0.0,0.0
2025-09-15 01:10:00+00:00,15.760000228881836,15.770000457763672,15.760000228881836,15.770000457763672,37498,0.0,0.0,0.0
2025-09-15 01:15:00+00:00,15.760000228881836,15.760000228881836,15.760000228881836,15.760000228881836,36087,0.0,0.0,0.0
2025-09-15 01:20:00+00:00,15.760000228881836,15.779999732971191,15.760000228881836,15.770000457763672,84475,0.0,0.0,0.0
2025-09-15 01:25:00+00:00,15.770000457763672,15.779999732971191,15.760000228881836,15.770000457763672,9686,0.0,0.0,0.0
2025-09-15 01:30:00+00:00,15.770000457763672,15.789999961853027,15.760000228881836,15.789999961853027,35163,0.0,0.0,0.0
2025-09-15 01:35:00+00:00,15.789999961853027,15.789999961853027,15.789999961853027,15.789999961853027,17631,0.0,0.0,0.0
2025-09-15 01:40:00+00:00,15.789999961853027,15.789999961853027,15.779999732971191,15.779999732971191,20316,0.0,0.0,0.0
2025-09-15 01:45:00+00:00,15.789999961853027,15.789999961853027,15.779999732971191,15.789999961853027,11192,0.0,0.0,0.0
2025-09-15 01:50:00+00:00,15.789999961853027,15.789999961853027,15.779999732971191,15.779999732971191,64630,0.0,0.0,0.0
2025-09-15 01:55:00+00:00,15.779999732971191,15.779999732971191,15.760000228881836,15.760000228881836,109330,0.0,0.0,0.0
2025-09-15 02:00:00+00:00,15.75,15.75,15.739999771118164,15.75,161360,0.0,0.0,0.0
2025-09-15 02:05:00+00:00,15.75,15.75,15.739999771118164,15.75,34087,0.0,0.0,0.0
2025-09-15 02:10:00+00:00,15.75,15.75,15.75,15.75,22393,0.0,0.0,0.0
2025-09-15 02:15:00+00:00,15.75,15.75,15.739999771118164,15.75,27214,0.0,0.0,0.0
2025-09-15 02:20:00+00:00,15.75,15.75,15.729999542236328,15.729999542236328,20131,0.0,0.0,0.0
2025-09-15 02:25:00+00:00,15.739999771118164,15.739999771118164,15.710000038146973,15.710000038146973,36125,0.0,0.0,0.0
2025-09-15 02:30:00+00:00,15.720000267028809,15.720000267028809,15.710000038146973,15.720000267028809,14075,0.0,0.0,0.0
2025-09-15 02:35:00+00:00,15.720000267028809,15.729999542236328,15.720000267028809,15.720000267028809,12116,0.0,0.0,0.0
2025-09-15 02:40:00+00:00,15.729999542236328,15.729999542236328,15.720000267028809,15.729999542236328,11356,0.0,0.0,0.0
2025-09-15 02:45:00+00:00,15.729999542236328,15.729999542236328,15.729999542236328,15.729999542236328,29952,0.0,0.0,0.0
2025-09-15 02:50:00+00:00,15.729999542236328,15.739999771118164,15.729999542236328,15.739999771118164,29364,0.0,0.0,0.0
2025-09-15 02:55:00+00:00,15.739999771118164,15.75,15.739999771118164,15.739999771118164,15408,0.0,0.0,0.0
2025-09-15 03:00:00+00:00,15.75,15.75,15.739999771118164,15.75,561674,0.0,0.0,0.0
2025-09-15 03:05:00+00:00,15.760000228881836,15.760000228881836,15.760000228881836,15.760000228881836,4328,0.0,0.0,0.0
2025-09-15 03:10:00+00:00,15.760000228881836,15.770000457763672,15.760000228881836,15.770000457763672,7569,0.0,0.0,0.0
2025-09-15 03:15:00+00:00,15.770000457763672,15.770000457763672,15.770000457763672,15.770000457763672,30123,0.0,0.0,0.0
2025-09-15 03:20:00+00:00,15.770000457763672,15.770000457763672,15.770000457763672,15.770000457763672,4666,0.0,0.0,0.0
2025-09-15 03:25:00+00:00,15.770000457763672,15.770000457763672,15.760000228881836,15.760000228881836,12134,0.0,0.0,0.0
2025-09-15 03:30:00+00:00,15.760000228881836,15.770000457763672,15.760000228881836,15.760000228881836,10153,0.0,0.0,0.0
2025-09-15 03:35:00+00:00,15.770000457763672,15.770000457763672,15.760000228881836,15.760000228881836,6051,0.0,0.0,0.0
2025-09-15 03:40:00+00:00,15.770000457763672,15.770000457763672,15.770000457763672,15.770000457763672,1291,0.0,0.0,0.0
2025-09-15 03:45:00+00:00,15.770000457763672,15.779999732971191,15.770000457763672,15.779999732971191,9131,0.0,0.0,0.0
2025-09-15 03:50:00+00:00,15.779999732971191,15.779999732971191,15.779999732971191,15.779999732971191,2097,0.0,0.0,0.0
2025-09-15 03:55:00+00:00,15.770000457763672,15.779999732971191,15.770000457763672,15.779999732971191,6295,0.0,0.0,0.0
2025-09-15 04:00:00+00:00,15.779999732971191,15.779999732971191,15.770000457763672,15.779999732971191,5770,0.0,0.0,0.0
2025-09-15 04:05:00+00:00,15.770000457763672,15.779999732971191,15.770000457763672,15.770000457763672,10092,0.0,0.0,0.0
2025-09-15 04:10:00+00:00,15.779999732971191,15.779999732971191,15.770000457763672,15.770000457763672,30558,0.0,0.0,0.0
2025-09-15 04:15:00+00:00,15.770000457763672,15.779999732971191,15.770000457763672,15.779999732971191,8183,0.0,0.0,0.0
2025-09-15 04:20:00+00:00,15.779999732971191,15.779999732971191,15.770000457763672,15.770000457763672,5385,0.0,0.0,0.0
2025-09-15 04:25:00+00:00,15.779999732971191,15.779999732971191,15.760000228881836,15.760000228881836,136175,0.0,0.0,0.0
2025-09-15 04:30:00+00:00,15.770000457763672,15.770000457763672,15.760000228881836,15.760000228881836,6465,0.0,0.0,0.0
2025-09-15 04:35:00+00:00,15.760000228881836,15.760000228881836,15.760000228881836,15.760000228881836,8159,0.0,0.0,0.0
2025-09-15 04:40:00+00:00,15.760000228881836,15.770000457763672,15.760000228881836,15.770000457763672,3030,0.0,0.0,0.0
2025-09-15 04:45:00+00:00,15.770000457763672,15.770000457763672,15.770000457763672,15.770000457763672,21562,0.0,0.0,0.0
2025-09-15 04:50:00+00:00,15.770000457763672,15.770000457763672,15.770000457763672,15.770000457763672,4577,0.0,0.0,0.0
2025-09-15 04:55:00+00:00,15.770000457763672,15.770000457763672,15.760000228881836,15.760000228881836,9059,0.0,0.0,0.0
2025-09-15 05:00:00+00:00,15.760000228881836,15.770000457763672,15.760000228881836,15.770000457763672,12696,0.0,0.0,0.0
2025-09-15 05:05:00+00:00,15.770000457763672,15.770000457763672,15.770000457763672,15.770000457763672,5535,0.0,0.0,0.0
2025-09-15 05:10:00+00:00,15.770000457763672,15.770000457763672,15.760000228881836,15.760000228881836,10385,0.0,0.0,0.0
2025-09-15 05:15:00+00:00,15.770000457763672,15.770000457763672,15.75,15.75,122831,0.0,0.0,0.0
2025-09-15 05:20:00+00:00,15.760000228881836,15.760000228881836,15.760000228881836,15.760000228881836,5364,0.0,0.0,0.0
2025-09-16 01:00:00+00:00,15.789999961853027,15.850000381469727,15.789999961853027,15.829999923706055,0,0.0,0.0,0.0
2025-09-16 01:05:00+00:00,15.850000381469727,15.859999656677246,15.850000381469727,15.859999656677246,20000,0.0,0.0,0.0
2025-09-16 01:20:00+00:00,15.869999885559082,15.890000343322754,15.869999885559082,15.890000343322754,250856,0.0,0.0,0.0
2025-09-16 01:25:00+00:00,15.890000343322754,15.890000343322754,15.869999885559082,15.869999885559082,21623,0.0,0.0,0.0
2025-09-16 01:30:00+00:00,15.880000114440918,15.880000114440918,15.869999885559082,15.880000114440918,14406,0.0,0.0,0.0
2025-09-16 01:35:00+00:00,15.880000114440918,15.880000114440918,15.869999885559082,15.869999885559082,49317,0.0,0.0,0.0
2025-09-16 01:40:00+00:00,15.869999885559082,15.890000343322754,15.869999885559082,15.869999885559082,32396,0.0,0.0,0.0
2025-09-16 01:45:00+00:00,15.880000114440918,15.890000343322754,15.880000114440918,15.880000114440918,12200,0.0,0.0,0.0
2025-09-16 01:50:00+00:00,15.869999885559082,15.869999885559082,15.869999885559082,15.869999885559082,6530,0.0,0.0,0.0
2025-09-16 01:55:00+00:00,15.880000114440918,15.880000114440918,15.880000114440918,15.880000114440918,23173,0.0,0.0,0.0
2025-09-16 02:00:00+00:00,15.859999656677246,15.880000114440918,15.859999656677246,15.880000114440918,8655,0.0,0.0,0.0
2025-09-16 02:05:00+00:00,15.880000114440918,15.880000114440918,15.869999885559082,15.869999885559082,9499,0.0,0.0,0.0
2025-09-16 02:10:00+00:00,15.869999885559082,15.869999885559082,15.869999885559082,15.869999885559082,7390,0.0,0.0,0.0
2025-09-16 02:15:00+00:00,15.869999885559082,15.869999885559082,15.869999885559082,15.869999885559082,7165,0.0,0.0,0.0
2025-09-16 02:20:00+00:00,15.869999885559082,15.869999885559082,15.850000381469727,15.850000381469727,468223,0.0,0.0,0.0
2025-09-16 02:25:00+00:00,15.869999885559082,15.869999885559082,15.869999885559082,15.869999885559082,6025,0.0,0.0,0.0
2025-09-16 02:30:00+00:00,15.869999885559082,15.890000343322754,15.859999656677246,15.880000114440918,167567,0.0,0.0,0.0
2025-09-16 02:35:00+00:00,15.890000343322754,15.890000343322754,15.880000114440918,15.880000114440918,34056,0.0,0.0,0.0
2025-09-16 02:40:00+00:00,15.880000114440918,15.890000343322754,15.880000114440918,15.890000343322754,72916,0.0,0.0,0.0
2025-09-16 02:45:00+00:00,15.890000343322754,15.899999618530273,15.890000343322754,15.899999618530273,11499,0.0,0.0,0.0
2025-09-16 02:50:00+00:00,15.890000343322754,15.899999618530273,15.890000343322754,15.899999618530273,3810,0.0,0.0,0.0
2025-09-16 02:55:00+00:00,15.899999618530273,15.899999618530273,15.890000343322754,15.899999618530273,14179,0.0,0.0,0.0
2025-09-16 03:00:00+00:00,15.899999618530273,15.899999618530273,15.890000343322754,15.890000343322754,6125,0.0,0.0,0.0
2025-09-16 03:05:00+00:00,15.899999618530273,15.899999618530273,15.890000343322754,15.899999618530273,16794,0.0,0.0,0.0
2025-09-16 03:10:00+00:00,15.899999618530273,15.899999618530273,15.890000343322754,15.890000343322754,5527,0.0,0.0,0.0
2025-09-16 03:15:00+00:00,15.890000343322754,15.890000343322754,15.890000343322754,15.890000343322754,16095,0.0,0.0,0.0
2025-09-16 03:20:00+00:00,15.890000343322754,15.890000343322754,15.890000343322754,15.890000343322754,3007,0.0,0.0,0.0
2025-09-16 03:25:00+00:00,15.890000343322754,15.890000343322754,15.880000114440918,15.880000114440918,11131,0.0,0.0,0.0
2025-09-16 03:30:00+00:00,15.890000343322754,15.890000343322754,15.880000114440918,15.880000114440918,12450,0.0,0.0,0.0
2025-09-16 03:35:00+00:00,15.890000343322754,15.890000343322754,15.880000114440918,15.880000114440918,3038,0.0,0.0,0.0
2025-09-16 03:40:00+00:00,15.890000343322754,15.890000343322754,15.880000114440918,15.880000114440918,2001,0.0,0.0,0.0
2025-09-16 03:45:00+00:00,15.890000343322754,15.890000343322754,15.880000114440918,15.880000114440918,18069,0.0,0.0,0.0
2025-09-16 03:50:00+00:00,15.880000114440918,15.890000343322754,15.880000114440918,15.890000343322754,5149,0.0,0.0,0.0
2025-09-16 03:55:00+00:00,15.890000343322754,15.890000343322754,15.890000343322754,15.890000343322754,3702,0.0,0.0,0.0
2025-09-16 04:00:00+00:00,15.880000114440918,15.890000343322754,15.880000114440918,15.890000343322754,23500,0.0,0.0,0.0
2025-09-16 04:05:00+00:00,15.880000114440918,15.890000343322754,15.880000114440918,15.890000343322754,144796,0.0,0.0,0.0
2025-09-16 04:10:00+00:00,15.880000114440918,15.890000343322754,15.880000114440918,15.890000343322754,24666,0.0,0.0,0.0
2025-09-16 04:15:00+00:00,15.890000343322754,15.890000343322754,15.880000114440918,15.890000343322754,5639,0.0,0.0,0.0
2025-09-16 04:20:00+00:00,15.890000343322754,15.890000343322754,15.880000114440918,15.880000114440918,6069,0.0,0.0,0.0
2025-09-16 04:25:00+00:00,15.890000343322754,15.890000343322754,15.880000114440918,15.890000343322754,5115,0.0,0.0,0.0
2025-09-16 04:30:00+00:00,15.890000343322754,15.890000343322754,15.880000114440918,15.880000114440918,8490,0.0,0.0,0.0
2025-09-16 04:35:00+00:00,15.890000343322754,15.890000343322754,15.880000114440918,15.880000114440918,61193,0.0,0.0,0.0
2025-09-16 04:40:00+00:00,15.880000114440918,15.899999618530273,15.880000114440918,15.880000114440918,314259,0.0,0.0,0.0
2025-09-16 04:45:00+00:00,15.880000114440918,15.880000114440918,15.880000114440918,15.880000114440918,17820,0.0,0.0,0.0
2025-09-16 04:50:00+00:00,15.890000343322754,15.890000343322754,15.890000343322754,15.890000343322754,2000,0.0,0.0,0.0
2025-09-16 05:10:00+00:00,15.880000114440918,15.899999618530273,15.880000114440918,15.899999618530273,81079,0.0,0.0,0.0
2025-09-16 05:15:00+00:00,15.899999618530273,15.899999618530273,15.880000114440918,15.880000114440918,26984,0.0,0.0,0.0
2025-09-16 05:20:00+00:00,15.880000114440918,15.890000343322754,15.880000114440918,15.890000343322754,21241,0.0,0.0,0.0
2025-09-17 01:00:00+00:00,15.850000381469727,15.880000114440918,15.850000381469727,15.859999656677246,0,0.0,0.0,0.0
2025-09-17 01:05:00+00:00,15.859999656677246,15.869999885559082,15.859999656677246,15.869999885559082,85510,0.0,0.0,0.0
2025-09-17 01:10:00+00:00,15.869999885559082,15.880000114440918,15.869999885559082,15.880000114440918,8927,0.0,0.0,0.0
2025-09-17 01:15:00+00:00,15.869999885559082,15.869999885559082,15.829999923706055,15.829999923706055,95566,0.0,0.0,0.0
2025-09-17 01:20:00+00:00,15.829999923706055,15.84000015258789,15.819999694824219,15.84000015258789,35462,0.0,0.0,0.0
2025-09-17 01:25:00+00:00,15.84000015258789,15.84000015258789,15.84000015258789,15.84000015258789,1158,0.0,0.0,0.0
2025-09-17 01:30:00+00:00,15.850000381469727,15.850000381469727,15.819999694824219,15.819999694824219,36034,0.0,0.0,0.0
2025-09-17 01:35:00+00:00,15.819999694824219,15.829999923706055,15.819999694824219,15.819999694824219,14074,0.0,0.0,0.0
2025-09-17 01:40:00+00:00,15.8100004196167,15.8100004196167,15.779999732971191,15.779999732971191,101028,0.0,0.0,0.0
2025-09-17 01:45:00+00:00,15.789999961853027,15.789999961853027,15.789999961853027,15.789999961853027,1032,0.0,0.0,0.0
2025-09-17 01:50:00+00:00,15.800000190734863,15.800000190734863,15.789999961853027,15.789999961853027,18683,0.0,0.0,0.0
2025-09-17 01:55:00+00:00,15.800000190734863,15.8100004196167,15.800000190734863,15.800000190734863,120114,0.0,0.0,0.0
2025-09-17 02:00:00+00:00,15.800000190734863,15.8100004196167,15.800000190734863,15.8100004196167,8508,0.0,0.0,0.0
2025-09-17 02:05:00+00:00,15.819999694824219,15.829999923706055,15.8100004196167,15.829999923706055,11217,0.0,0.0,0.0
2025-09-17 02:10:00+00:00,15.829999923706055,15.829999923706055,15.800000190734863,15.800000190734863,6364,0.0,0.0,0.0
2025-09-17 02:15:00+00:00,15.800000190734863,15.8100004196167,15.800000190734863,15.8100004196167,7145,0.0,0.0,0.0
2025-09-17 02:20:00+00:00,15.8100004196167,15.8100004196167,15.8100004196167,15.8100004196167,5105,0.0,0.0,0.0
2025-09-17 02:25:00+00:00,15.8100004196167,15.819999694824219,15.8100004196167,15.819999694824219,2281,0.0,0.0,0.0
2025-09-17 02:30:00+00:00,15.829999923706055,15.829999923706055,15.819999694824219,15.819999694824219,11535,0.0,0.0,0.0
2025-09-17 02:40:00+00:00,15.819999694824219,15.819999694824219,15.819999694824219,15.819999694824219,8035,0.0,0.0,0.0
2025-09-17 02:45:00+00:00,15.819999694824219,15.819999694824219,15.819999694824219,15.819999694824219,3630,0.0,0.0,0.0
2025-09-17 02:50:00+00:00,15.819999694824219,15.819999694824219,15.819999694824219,15.819999694824219,3037,0.0,0.0,0.0
2025-09-17 02:55:00+00:00,15.8100004196167,15.8100004196167,15.800000190734863,15.8100004196167,38034,0.0,0.0,0.0
2025-09-17 03:00:00+00:00,15.819999694824219,15.819999694824219,15.8100004196167,15.8100004196167,10044,0.0,0.0,0.0
2025-09-17 03:05:00+00:00,15.800000190734863,15.819999694824219,15.800000190734863,15.819999694824219,68659,0.0,0.0,0.0
2025-09-17 03:10:00+00:00,15.819999694824219,15.819999694824219,15.819999694824219,15.819999694824219,2333,0.0,0.0,0.0
2025-09-17 03:20:00+00:00,15.819999694824219,15.819999694824219,15.819999694824219,15.819999694824219,2035,0.0,0.0,0.0
2025-09-17 03:25:00+00:00,15.819999694824219,15.819999694824219,15.8100004196167,15.8100004196167,21114,0.0,0.0,0.0
2025-09-17 03:30:00+00:00,15.819999694824219,15.829999923706055,15.819999694824219,15.829999923706055,46841,0.0,0.0,0.0
2025-09-17 03:35:00+00:00,15.829999923706055,15.829999923706055,15.829999923706055,15.829999923706055,4232,0.0,0.0,0.0
2025-09-17 03:40:00+00:00,15.829999923706055,15.829999923706055,15.8100004196167,15.8100004196167,12124,0.0,0.0,0.0
2025-09-17 03:45:00+00:00,15.819999694824219,15.819999694824219,15.819999694824219,15.819999694824219,10053,0.0,0.0,0.0
2025-09-17 03:50:00+00:00,15.819999694824219,15.819999694824219,15.819999694824219,15.819999694824219,5102,0.0,0.0,0.0
2025-09-17 03:55:00+00:00,15.819999694824219,15.819999694824219,15.8100004196167,15.8100004196167,6648,0.0,0.0,0.0
2025-09-17 04:00:00+00:00,15.829999923706055,15.829999923706055,15.819999694824219,15.819999694824219,3648,0.0,0.0,0.0
2025-09-17 04:05:00+00:00,15.819999694824219,15.819999694824219,15.819999694824219,15.819999694824219,141174,0.0,0.0,0.0
2025-09-17 04:10:00+00:00,15.819999694824219,15.819999694824219,15.819999694824219,15.819999694824219,3949,0.0,0.0,0.0
2025-09-17 04:15:00+00:00,15.819999694824219,15.819999694824219,15.8100004196167,15.819999694824219,5176,0.0,0.0,0.0
2025-09-17 04:20:00+00:00,15.819999694824219,15.819999694824219,15.819999694824219,15.819999694824219,1118,0.0,0.0,0.0
2025-09-17 04:25:00+00:00,15.8100004196167,15.8100004196167,15.8100004196167,15.8100004196167,4012,0.0,0.0,0.0
2025-09-17 04:30:00+00:00,15.819999694824219,15.819999694824219,15.8100004196167,15.8100004196167,11032,0.0,0.0,0.0
2025-09-17 04:35:00+00:00,15.8100004196167,15.8100004196167,15.800000190734863,15.800000190734863,31527,0.0,0.0,0.0
2025-09-17 04:40:00+00:00,15.800000190734863,15.8100004196167,15.800000190734863,15.8100004196167,4093,0.0,0.0,0.0
2025-09-17 04:45:00+00:00,15.8100004196167,15.8100004196167,15.800000190734863,15.800000190734863,67018,0.0,0.0,0.0
2025-09-17 04:50:00+00:00,15.800000190734863,15.800000190734863,15.800000190734863,15.800000190734863,24813,0.0,0.0,0.0
2025-09-17 04:55:00+00:00,15.789999961853027,15.800000190734863,15.789999961853027,15.789999961853027,88662,0.0,0.0,0.0
2025-09-17 05:00:00+00:00,15.779999732971191,15.800000190734863,15.779999732971191,15.800000190734863,10706,0.0,0.0,0.0
2025-09-17 05:05:00+00:00,15.800000190734863,15.800000190734863,15.779999732971191,15.779999732971191,16672,0.0,0.0,0.0
2025-09-17 05:10:00+00:00,15.789999961853027,15.789999961853027,15.779999732971191,15.779999732971191,24668,0.0,0.0,0.0
2025-09-17 05:15:00+00:00,15.789999961853027,15.789999961853027,15.779999732971191,15.789999961853027,47210,0.0,0.0,0.0
2025-09-17 05:20:00+00:00,15.789999961853027,15.789999961853027,15.779999732971191,15.789999961853027,27031,0.0,0.0,0.0
2025-09-18 01:00:00+00:00,15.829999923706055,15.850000381469727,15.829999923706055,15.850000381469727,0,0.0,0.0,0.0
2025-09-18 01:05:00+00:00,15.850000381469727,15.869999885559082,15.850000381469727,15.869999885559082,53204,0.0,0.0,0.0
2025-09-18 01:10:00+00:00,15.869999885559082,15.869999885559082,15.850000381469727,15.850000381469727,83693,0.0,0.0,0.0
2025-09-18 01:15:00+00:00,15.819999694824219,15.850000381469727,15.8100004196167,15.819999694824219,18638,0.0,0.0,0.0
2025-09-18 01:20:00+00:00,15.8100004196167,15.819999694824219,15.8100004196167,15.8100004196167,49072,0.0,0.0,0.0
2025-09-18 01:25:00+00:00,15.829999923706055,15.829999923706055,15.8100004196167,15.819999694824219,31553,0.0,0.0,0.0
2025-09-18 01:30:00+00:00,15.819999694824219,15.84000015258789,15.819999694824219,15.84000015258789,10150,0.0,0.0,0.0
2025-09-18 01:35:00+00:00,15.829999923706055,15.829999923706055,15.829999923706055,15.829999923706055,10099,0.0,0.0,0.0
2025-09-18 01:40:00+00:00,15.819999694824219,15.819999694824219,15.819999694824219,15.819999694824219,21048,0.0,0.0,0.0
2025-09-18 01:45:00+00:00,15.8100004196167,15.8100004196167,15.800000190734863,15.800000190734863,24498,0.0,0.0,0.0
2025-09-18 01:50:00+00:00,15.800000190734863,15.800000190734863,15.800000190734863,15.800000190734863,22672,0.0,0.0,0.0
2025-09-18 01:55:00+00:00,15.8100004196167,15.819999694824219,15.800000190734863,15.819999694824219,58089,0.0,0.0,0.0
2025-09-18 02:00:00+00:00,15.819999694824219,15.819999694824219,15.8100004196167,15.819999694824219,8178,0.0,0.0,0.0
2025-09-18 02:05:00+00:00,15.8100004196167,15.819999694824219,15.8100004196167,15.819999694824219,7131,0.0,0.0,0.0
2025-09-18 02:10:00+00:00,15.8100004196167,15.8100004196167,15.8100004196167,15.8100004196167,14096,0.0,0.0,0.0
2025-09-18 02:15:00+00:00,15.819999694824219,15.819999694824219,15.819999694824219,15.819999694824219,3181,0.0,0.0,0.0
2025-09-18 02:20:00+00:00,15.819999694824219,15.819999694824219,15.819999694824219,15.819999694824219,7243,0.0,0.0,0.0
2025-09-18 02:25:00+00:00,15.819999694824219,15.819999694824219,15.819999694824219,15.819999694824219,60077,0.0,0.0,0.0
2025-09-18 02:30:00+00:00,15.829999923706055,15.84000015258789,15.829999923706055,15.84000015258789,33281,0.0,0.0,0.0
2025-09-18 02:35:00+00:00,15.84000015258789,15.84000015258789,15.84000015258789,15.84000015258789,16345,0.0,0.0,0.0
2025-09-18 02:45:00+00:00,15.84000015258789,15.850000381469727,15.829999923706055,15.84000015258789,37606,0.0,0.0,0.0
2025-09-18 02:50:00+00:00,15.84000015258789,15.859999656677246,15.84000015258789,15.859999656677246,79417,0.0,0.0,0.0
2025-09-18 02:55:00+00:00,15.859999656677246,15.890000343322754,15.859999656677246,15.890000343322754,143893,0.0,0.0,0.0
2025-09-18 03:00:00+00:00,15.880000114440918,15.899999618530273,15.880000114440918,15.899999618530273,126919,0.0,0.0,0.0
2025-09-18 03:05:00+00:00,15.899999618530273,15.90999984741211,15.899999618530273,15.899999618530273,279185,0.0,0.0,0.0
2025-09-18 03:10:00+00:00,15.899999618530273,15.899999618530273,15.899999618530273,15.899999618530273,11170,0.0,0.0,0.0
2025-09-18 03:15:00+00:00,15.899999618530273,15.90999984741211,15.890000343322754,15.899999618530273,35236,0.0,0.0,0.0
2025-09-18 03:20:00+00:00,15.90999984741211,15.920000076293945,15.90999984741211,15.920000076293945,116077,0.0,0.0,0.0
2025-09-18 03:25:00+00:00,15.930000305175781,15.930000305175781,15.930000305175781,15.930000305175781,11921,0.0,0.0,0.0
2025-09-18 03:30:00+00:00,15.9399995803833,15.9399995803833,15.930000305175781,15.930000305175781,8199,0.0,0.0,0.0
2025-09-18 03:35:00+00:00,15.930000305175781,15.930000305175781,15.930000305175781,15.930000305175781,5676,0.0,0.0,0.0
2025-09-18 03:40:00+00:00,15.9399995803833,15.9399995803833,15.9399995803833,15.9399995803833,6227,0.0,0.0,0.0
2025-09-18 03:45:00+00:00,15.9399995803833,15.9399995803833,15.9399995803833,15.9399995803833,30847,0.0,0.0,0.0
2025-09-18 03:50:00+00:00,15.930000305175781,15.9399995803833,15.930000305175781,15.9399995803833,52099,0.0,0.0,0.0
2025-09-18 03:55:00+00:00,15.9399995803833,15.949999809265137,15.9399995803833,15.9399995803833,15138,0.0,0.0,0.0
2025-09-18 04:00:00+00:00,15.949999809265137,15.949999809265137,15.949999809265137,15.949999809265137,105949,0.0,0.0,0.0
2025-09-18 04:05:00+00:00,15.949999809265137,15.949999809265137,15.949999809265137,15.949999809265137,4138,0.0,0.0,0.0
2025-09-18 04:10:00+00:00,15.960000038146973,15.960000038146973,15.949999809265137,15.949999809265137,6247,0.0,0.0,0.0
2025-09-18 04:15:00+00:00,15.960000038146973,15.960000038146973,15.960000038146973,15.960000038146973,82063,0.0,0.0,0.0
2025-09-18 04:20:00+00:00,15.960000038146973,15.960000038146973,15.960000038146973,15.960000038146973,5984,0.0,0.0,0.0
2025-09-18 04:25:00+00:00,15.960000038146973,15.960000038146973,15.960000038146973,15.960000038146973,7032,0.0,0.0,0.0
2025-09-18 04:30:00+00:00,15.960000038146973,15.970000267028809,15.960000038146973,15.960000038146973,8359,0.0,0.0,0.0
2025-09-18 04:35:00+00:00,15.960000038146973,15.970000267028809,15.960000038146973,15.970000267028809,3294,0.0,0.0,0.0
2025-09-18 04:40:00+00:00,15.960000038146973,15.960000038146973,15.960000038146973,15.960000038146973,21120,0.0,0.0,0.0
2025-09-18 04:45:00+00:00,15.960000038146973,15.960000038146973,15.949999809265137,15.949999809265137,27193,0.0,0.0,0.0
2025-09-18 04:50:00+00:00,15.960000038146973,15.960000038146973,15.960000038146973,15.960000038146973,1220,0.0,0.0,0.0
2025-09-18 04:55:00+00:00,15.9399995803833,15.949999809265137,15.9399995803833,15.949999809265137,5240,0.0,0.0,0.0
2025-09-18 05:00:00+00:00,15.949999809265137,15.970000267028809,15.949999809265137,15.960000038146973,19858,0.0,0.0,0.0
2025-09-18 05:05:00+00:00,15.960000038146973,15.960000038146973,15.960000038146973,15.960000038146973,6166,0.0,0.0,0.0
2025-09-18 05:10:00+00:00,15.960000038146973,15.960000038146973,15.949999809265137,15.949999809265137,21834,0.0,0.0,0.0
2025-09-18 05:15:00+00:00,15.960000038146973,15.970000267028809,15.949999809265137,15.970000267028809,86806,0.0,0.0,0.0
2025-09-18 05:20:00+00:00,15.960000038146973,15.970000267028809,15.960000038146973,15.960000038146973,27021,0.0,0.0,0.0
2025-09-19 01:00:00+00:00,16.0,16.020000457763672,16.0,16.020000457763672,0,0.0,0.0,0.0
2025-09-19 01:05:00+00:00,16.010000228881836,16.020000457763672,16.010000228881836,16.020000457763672,13267,0.0,0.0,0.0
2025-09-19 01:10:00+00:00,16.010000228881836,16.010000228881836,15.979999542236328,16.0,78872,0.0,0.0,0.0
2025-09-19 01:15:00+00:00,16.0,16.0,15.970000267028809,15.970000267028809,16738,0.0,0.0,0.0
2025-09-19 01:20:00+00:00,15.970000267028809,15.979999542236328,15.9399995803833,15.9399995803833,86872,0.0,0.0,0.0
2025-09-19 01:25:00+00:00,15.930000305175781,15.9399995803833,15.920000076293945,15.920000076293945,30001,0.0,0.0,0.0
2025-09-19 01:30:00+00:00,15.9399995803833,15.9399995803833,15.930000305175781,15.9399995803833,21673,0.0,0.0,0.0
2025-09-19 01:35:00+00:00,15.930000305175781,15.9399995803833,15.930000305175781,15.9399995803833,15210,0.0,0.0,0.0
2025-09-19 01:40:00+00:00,15.930000305175781,15.960000038146973,15.930000305175781,15.960000038146973,103056,0.0,0.0,0.0
2025-09-19 01:45:00+00:00,15.960000038146973,15.960000038146973,15.90999984741211,15.90999984741211,95403,0.0,0.0,0.0
2025-09-19 01:50:00+00:00,15.90999984741211,15.90999984741211,15.899999618530273,15.899999618530273,55121,0.0,0.0,0.0
2025-09-19 01:55:00+00:00,15.920000076293945,15.9399995803833,15.920000076293945,15.9399995803833,64027,0.0,0.0,0.0
2025-09-19 02:00:00+00:00,15.949999809265137,15.949999809265137,15.9399995803833,15.9399995803833,8744,0.0,0.0,0.0
2025-09-19 02:05:00+00:00,15.9399995803833,15.9399995803833,15.9399995803833,15.9399995803833,9038,0.0,0.0,0.0
2025-09-19 02:10:00+00:00,15.949999809265137,15.949999809265137,15.9399995803833,15.949999809265137,36118,0.0,0.0,0.0
2025-09-19 02:15:00+00:00,15.949999809265137,15.970000267028809,15.949999809265137,15.970000267028809,16772,0.0,0.0,0.0
2025-09-19 02:20:00+00:00,15.970000267028809,15.979999542236328,15.970000267028809,15.979999542236328,7111,0.0,0.0,0.0
2025-09-19 02:25:00+00:00,15.970000267028809,15.970000267028809,15.960000038146973,15.960000038146973,6087,0.0,0.0,0.0
2025-09-19 02:30:00+00:00,15.949999809265137,15.960000038146973,15.9399995803833,15.949999809265137,8653,0.0,0.0,0.0
2025-09-19 02:35:00+00:00,15.949999809265137,15.960000038146973,15.949999809265137,15.949999809265137,24549,0.0,0.0,0.0
2025-09-19 02:40:00+00:00,15.949999809265137,15.960000038146973,15.949999809265137,15.960000038146973,3011,0.0,0.0,0.0
2025-09-19 02:45:00+00:00,15.960000038146973,15.960000038146973,15.960000038146973,15.960000038146973,18129,0.0,0.0,0.0
2025-09-19 02:50:00+00:00,15.949999809265137,15.949999809265137,15.9399995803833,15.9399995803833,301707,0.0,0.0,0.0
2025-09-19 02:55:00+00:00,15.949999809265137,15.949999809265137,15.949999809265137,15.949999809265137,45037,0.0,0.0,0.0
2025-09-19 03:00:00+00:00,15.960000038146973,15.960000038146973,15.949999809265137,15.949999809265137,3159,0.0,0.0,0.0
2025-09-19 03:05:00+00:00,15.949999809265137,15.960000038146973,15.949999809265137,15.960000038146973,5346,0.0,0.0,0.0
2025-09-19 03:10:00+00:00,15.960000038146973,15.960000038146973,15.949999809265137,15.949999809265137,9128,0.0,0.0,0.0
2025-09-19 03:15:00+00:00,15.960000038146973,15.960000038146973,15.9399995803833,15.949999809265137,60330,0.0,0.0,0.0
2025-09-19 03:20:00+00:00,15.949999809265137,15.949999809265137,15.949999809265137,15.949999809265137,5757,0.0,0.0,0.0
2025-09-19 03:25:00+00:00,15.949999809265137,15.949999809265137,15.949999809265137,15.949999809265137,2111,0.0,0.0,0.0
2025-09-19 03:30:00+00:00,15.949999809265137,15.949999809265137,15.949999809265137,15.949999809265137,5038,0.0,0.0,0.0
2025-09-19 03:35:00+00:00,15.9399995803833,15.9399995803833,15.930000305175781,15.930000305175781,21014,0.0,0.0,0.0
2025-09-19 03:40:00+00:00,15.9399995803833,15.9399995803833,15.9399995803833,15.9399995803833,1000,0.0,0.0,0.0
2025-09-19 03:45:00+00:00,15.930000305175781,15.9399995803833,15.930000305175781,15.9399995803833,7226,0.0,0.0,0.0
2025-09-19 03:50:00+00:00,15.930000305175781,15.930000305175781,15.930000305175781,15.930000305175781,3271,0.0,0.0,0.0
2025-09-19 03:55:00+00:00,15.930000305175781,15.930000305175781,15.930000305175781,15.930000305175781,6596,0.0,0.0,0.0
2025-09-19 04:00:00+00:00,15.949999809265137,15.949999809265137,15.930000305175781,15.9399995803833,22353,0.0,0.0,0.0
2025-09-19 04:05:00+00:00,15.930000305175781,15.9399995803833,15.930000305175781,15.9399995803833,14218,0.0,0.0,0.0
2025-09-19 04:10:00+00:00,15.930000305175781,15.930000305175781,15.930000305175781,15.930000305175781,30248,0.0,0.0,0.0
2025-09-19 04:15:00+00:00,15.920000076293945,15.920000076293945,15.920000076293945,15.920000076293945,6895,0.0,0.0,0.0
2025-09-19 04:20:00+00:00,15.920000076293945,15.930000305175781,15.920000076293945,15.920000076293945,31234,0.0,0.0,0.0
2025-09-19 04:25:00+00:00,15.90999984741211,15.90999984741211,15.90999984741211,15.90999984741211,7040,0.0,0.0,0.0
2025-09-19 04:30:00+00:00,15.920000076293945,15.920000076293945,15.90999984741211,15.920000076293945,11008,0.0,0.0,0.0
2025-09-19 04:35:00+00:00,15.90999984741211,15.90999984741211,15.90999984741211,15.90999984741211,13620,0.0,0.0,0.0
2025-09-19 04:40:00+00:00,15.90999984741211,15.90999984741211,15.90999984741211,15.90999984741211,17286,0.0,0.0,0.0
2025-09-19 04:45:00+00:00,15.90999984741211,15.920000076293945,15.90999984741211,15.920000076293945,14791,0.0,0.0,0.0
2025-09-19 04:50:00+00:00,15.920000076293945,15.920000076293945,15.90999984741211,15.90999984741211,27010,0.0,0.0,0.0
2025-09-19 04:55:00+00:00,15.90999984741211,15.920000076293945,15.90999984741211,15.920000076293945,28813,0.0,0.0,0.0
2025-09-19 05:00:00+00:00,15.920000076293945,15.920000076293945,15.920000076293945,15.920000076293945,2910,0.0,0.0,0.0
2025-09-19 05:05:00+00:00,15.920000076293945,15.920000076293945,15.920000076293945,15.920000076293945,7379,0.0,0.0,0.0
2025-09-19 05:10:00+00:00,15.920000076293945,15.930000305175781,15.920000076293945,15.930000305175781,3633,0.0,0.0,0.0
2025-09-19 05:15:00+00:00,15.930000305175781,15.930000305175781,15.920000076293945,15.930000305175781,17672,0.0,0.0,0.0
2025-09-19 05:20:00+00:00,15.9399995803833,15.9399995803833,15.930000305175781,15.930000305175781,10001,0.0,0.0,0.0
2025-09-22 01:00:00+00:00,15.920000076293945,15.949999809265137,15.920000076293945,15.949999809265137,0,0.0,0.0,0.0
2025-09-22 01:05:00+00:00,15.949999809265137,15.949999809265137,15.949999809265137,15.949999809265137,30268,0.0,0.0,0.0
2025-09-22 01:10:00+00:00,15.949999809265137,15.949999809265137,15.9399995803833,15.9399995803833,2106,0.0,0.0,0.0
2025-09-22 01:15:00+00:00,15.9399995803833,15.9399995803833,15.9399995803833,15.9399995803833,3504,0.0,0.0,0.0
2025-09-22 01:20:00+00:00,15.9399995803833,15.9399995803833,15.930000305175781,15.930000305175781,18805,0.0,0.0,0.0
2025-09-22 01:25:00+00:00,15.9399995803833,15.949999809265137,15.9399995803833,15.9399995803833,136105,0.0,0.0,0.0
2025-09-22 01:30:00+00:00,15.960000038146973,15.960000038146973,15.960000038146973,15.960000038146973,7470,0.0,0.0,0.0
2025-09-22 01:35:00+00:00,15.960000038146973,15.960000038146973,15.960000038146973,15.960000038146973,4363,0.0,0.0,0.0
2025-09-22 01:40:00+00:00,15.960000038146973,15.960000038146973,15.949999809265137,15.949999809265137,8830,0.0,0.0,0.0
2025-09-22 01:45:00+00:00,15.960000038146973,15.960000038146973,15.949999809265137,15.949999809265137,17353,0.0,0.0,0.0
2025-09-22 01:50:00+00:00,15.949999809265137,15.960000038146973,15.949999809265137,15.960000038146973,3329,0.0,0.0,0.0
2025-09-22 01:55:00+00:00,15.960000038146973,15.960000038146973,15.960000038146973,15.960000038146973,5079,0.0,0.0,0.0
2025-09-22 02:00:00+00:00,15.960000038146973,15.979999542236328,15.960000038146973,15.979999542236328,31553,0.0,0.0,0.0
2025-09-22 02:05:00+00:00,15.970000267028809,15.979999542236328,15.960000038146973,15.960000038146973,15422,0.0,0.0,0.0
2025-09-22 02:10:00+00:00,15.970000267028809,15.970000267028809,15.960000038146973,15.970000267028809,19294,0.0,0.0,0.0
2025-09-22 02:15:00+00:00,15.970000267028809,15.970000267028809,15.960000038146973,15.970000267028809,61463,0.0,0.0,0.0
2025-09-22 02:20:00+00:00,15.970000267028809,15.970000267028809,15.970000267028809,15.970000267028809,5234,0.0,0.0,0.0
2025-09-22 02:25:00+00:00,15.970000267028809,15.970000267028809,15.970000267028809,15.970000267028809,6572,0.0,0.0,0.0
2025-09-22 02:30:00+00:00,15.970000267028809,15.970000267028809,15.960000038146973,15.970000267028809,5954,0.0,0.0,0.0
2025-09-22 02:35:00+00:00,15.970000267028809,15.979999542236328,15.970000267028809,15.979999542236328,37039,0.0,0.0,0.0
2025-09-22 02:40:00+00:00,15.979999542236328,15.979999542236328,15.960000038146973,15.960000038146973,5338,0.0,0.0,0.0
2025-09-22 02:45:00+00:00,15.970000267028809,15.970000267028809,15.970000267028809,15.970000267028809,5052,0.0,0.0,0.0
2025-09-22 02:50:00+00:00,15.970000267028809,15.979999542236328,15.970000267028809,15.979999542236328,77074,0.0,0.0,0.0
2025-09-22 02:55:00+00:00,15.979999542236328,16.010000228881836,15.979999542236328,16.010000228881836,241315,0.0,0.0,0.0
2025-09-22 03:00:00+00:00,16.010000228881836,16.020000457763672,16.010000228881836,16.010000228881836,12827,0.0,0.0,0.0
2025-09-22 03:05:00+00:00,16.010000228881836,16.010000228881836,15.989999771118164,15.989999771118164,14452,0.0,0.0,0.0
2025-09-22 03:10:00+00:00,15.989999771118164,15.989999771118164,15.979999542236328,15.979999542236328,5068,0.0,0.0,0.0
2025-09-22 03:15:00+00:00,15.979999542236328,15.989999771118164,15.979999542236328,15.989999771118164,75716,0.0,0.0,0.0
2025-09-22 03:20:00+00:00,15.989999771118164,15.989999771118164,15.989999771118164,15.989999771118164,14132,0.0,0.0,0.0
2025-09-22 03:25:00+00:00,16.0,16.010000228881836,16.0,16.010000228881836,92000,0.0,0.0,0.0
2025-09-22 03:30:00+00:00,16.010000228881836,16.010000228881836,16.0,16.010000228881836,24544,0.0,0.0,0.0
2025-09-22 03:35:00+00:00,16.010000228881836,16.020000457763672,16.010000228881836,16.020000457763672,8332,0.0,0.0,0.0
2025-09-22 03:40:00+00:00,16.020000457763672,16.020000457763672,16.010000228881836,16.010000228881836,64875,0.0,0.0,0.0
2025-09-22 03:45:00+00:00,16.020000457763672,16.020000457763672,16.020000457763672,16.020000457763672,3590,0.0,0.0,0.0
2025-09-22 03:50:00+00:00,16.020000457763672,16.020000457763672,16.020000457763672,16.020000457763672,9106,0.0,0.0,0.0
2025-09-22 03:55:00+00:00,16.020000457763672,16.020000457763672,16.010000228881836,16.010000228881836,5233,0.0,0.0,0.0
2025-09-22 04:00:00+00:00,16.020000457763672,16.020000457763672,16.020000457763672,16.020000457763672,1206,0.0,0.0,0.0
2025-09-22 04:05:00+00:00,16.020000457763672,16.020000457763672,16.010000228881836,16.020000457763672,16731,0.0,0.0,0.0
2025-09-22 04:10:00+00:00,16.020000457763672,16.020000457763672,16.010000228881836,16.010000228881836,12225,0.0,0.0,0.0
2025-09-22 04:15:00+00:00,16.010000228881836,16.010000228881836,16.010000228881836,16.010000228881836,2105,0.0,0.0,0.0
2025-09-22 04:20:00+00:00,16.010000228881836,16.010000228881836,16.0,16.010000228881836,12466,0.0,0.0,0.0
2025-09-22 04:25:00+00:00,16.0,16.010000228881836,16.0,16.0,3250,0.0,0.0,0.0
2025-09-22 04:30:00+00:00,16.010000228881836,16.010000228881836,16.0,16.010000228881836,17374,0.0,0.0,0.0
2025-09-22 04:35:00+00:00,16.0,16.0,16.0,16.0,9577,0.0,0.0,0.0
2025-09-22 04:40:00+00:00,16.0,16.010000228881836,16.0,16.0,5024,0.0,0.0,0.0
2025-09-22 04:45:00+00:00,16.0,16.0,16.0,16.0,13092,0.0,0.0,0.0
2025-09-22 04:50:00+00:00,16.0,16.0,15.989999771118164,15.989999771118164,6234,0.0,0.0,0.0
2025-09-22 04:55:00+00:00,15.989999771118164,16.0,15.989999771118164,16.0,16390,0.0,0.0,0.0
2025-09-22 05:00:00+00:00,15.989999771118164,15.989999771118164,15.989999771118164,15.989999771118164,12361,0.0,0.0,0.0
2025-09-22 05:05:00+00:00,16.0,16.0,16.0,16.0,2422,0.0,0.0,0.0
2025-09-22 05:15:00+00:00,16.0,16.0,15.979999542236328,15.989999771118164,36699,0.0,0.0,0.0
2025-09-22 05:20:00+00:00,16.0,16.0,16.0,16.0,2898,0.0,0.0,0.0
2025-09-23 01:00:00+00:00,16.110000610351562,16.1200008392334,16.110000610351562,16.110000610351562,0,0.0,0.0,0.0
2025-09-23 01:05:00+00:00,16.110000610351562,16.110000610351562,16.100000381469727,16.100000381469727,109687,0.0,0.0,0.0
2025-09-23 01:10:00+00:00,16.110000610351562,16.110000610351562,16.100000381469727,16.110000610351562,39704,0.0,0.0,0.0
2025-09-23 01:15:00+00:00,16.110000610351562,16.110000610351562,16.100000381469727,16.100000381469727,58438,0.0,0.0,0.0
2025-09-23 01:20:00+00:00,16.09000015258789,16.100000381469727,16.09000015258789,16.09000015258789,53096,0.0,0.0,0.0
2025-09-23 01:25:00+00:00,16.09000015258789,16.09000015258789,16.079999923706055,16.079999923706055,21237,0.0,0.0,0.0
2025-09-23 01:30:00+00:00,16.079999923706055,16.079999923706055,16.06999969482422,16.079999923706055,63933,0.0,0.0,0.0
2025-09-23 01:35:00+00:00,16.079999923706055,16.100000381469727,16.079999923706055,16.100000381469727,150868,0.0,0.0,0.0
2025-09-23 01:40:00+00:00,16.100000381469727,16.110000610351562,16.100000381469727,16.110000610351562,13555,0.0,0.0,0.0
2025-09-23 01:45:00+00:00,16.110000610351562,16.110000610351562,16.110000610351562,16.110000610351562,15480,0.0,0.0,0.0
2025-09-23 01:50:00+00:00,16.110000610351562,16.110000610351562,16.110000610351562,16.110000610351562,11229,0.0,0.0,0.0
2025-09-23 01:55:00+00:00,16.110000610351562,16.149999618530273,16.110000610351562,16.149999618530273,174100,0.0,0.0,0.0
2025-09-23 02:00:00+00:00,16.149999618530273,16.149999618530273,16.1299991607666,16.149999618530273,73281,0.0,0.0,0.0
2025-09-23 02:05:00+00:00,16.149999618530273,16.149999618530273,16.139999389648438,16.149999618530273,66073,0.0,0.0,0.0
2025-09-23 02:10:00+00:00,16.139999389648438,16.149999618530273,16.139999389648438,16.139999389648438,7708,0.0,0.0,0.0
2025-09-23 02:15:00+00:00,16.149999618530273,16.149999618530273,16.139999389648438,16.149999618530273,31128,0.0,0.0,0.0
2025-09-23 02:20:00+00:00,16.149999618530273,16.15999984741211,16.149999618530273,16.15999984741211,56244,0.0,0.0,0.0
2025-09-23 02:25:00+00:00,16.15999984741211,16.15999984741211,16.15999984741211,16.15999984741211,3034,0.0,0.0,0.0
2025-09-23 02:30:00+00:00,16.15999984741211,16.15999984741211,16.149999618530273,16.149999618530273,64905,0.0,0.0,0.0
2025-09-23 02:35:00+00:00,16.149999618530273,16.15999984741211,16.149999618530273,16.15999984741211,14797,0.0,0.0,0.0
2025-09-23 02:40:00+00:00,16.15999984741211,16.170000076293945,16.15999984741211,16.15999984741211,58741,0.0,0.0,0.0
2025-09-23 02:45:00+00:00,16.170000076293945,16.18000030517578,16.170000076293945,16.18000030517578,20764,0.0,0.0,0.0
2025-09-23 02:50:00+00:00,16.15999984741211,16.170000076293945,16.15999984741211,16.170000076293945,21767,0.0,0.0,0.0
2025-09-23 02:55:00+00:00,16.170000076293945,16.170000076293945,16.15999984741211,16.170000076293945,128084,0.0,0.0,0.0
2025-09-23 03:00:00+00:00,16.170000076293945,16.170000076293945,16.170000076293945,16.170000076293945,65083,0.0,0.0,0.0
2025-09-23 03:05:00+00:00,16.18000030517578,16.200000762939453,16.170000076293945,16.200000762939453,201260,0.0,0.0,0.0
2025-09-23 03:10:00+00:00,16.200000762939453,16.200000762939453,16.18000030517578,16.190000534057617,26071,0.0,0.0,0.0
2025-09-23 03:15:00+00:00,16.200000762939453,16.200000762939453,16.190000534057617,16.200000762939453,97112,0.0,0.0,0.0
2025-09-23 03:20:00+00:00,16.209999084472656,16.209999084472656,16.190000534057617,16.190000534057617,77435,0.0,0.0,0.0
2025-09-23 03:25:00+00:00,16.200000762939453,16.209999084472656,16.200000762939453,16.200000762939453,15111,0.0,0.0,0.0
2025-09-23 03:30:00+00:00,16.200000762939453,16.200000762939453,16.200000762939453,16.200000762939453,29145,0.0,0.0,0.0
2025-09-23 03:35:00+00:00,16.200000762939453,16.209999084472656,16.200000762939453,16.200000762939453,9555,0.0,0.0,0.0
2025-09-23 03:40:00+00:00,16.200000762939453,16.200000762939453,16.190000534057617,16.190000534057617,25789,0.0,0.0,0.0
2025-09-23 03:45:00+00:00,16.190000534057617,16.190000534057617,16.190000534057617,16.190000534057617,9170,0.0,0.0,0.0
2025-09-23 03:50:00+00:00,16.190000534057617,16.190000534057617,16.18000030517578,16.18000030517578,5307,0.0,0.0,0.0
2025-09-23 03:55:00+00:00,16.18000030517578,16.18000030517578,16.170000076293945,16.18000030517578,51067,0.0,0.0,0.0
2025-09-23 04:00:00+00:00,16.170000076293945,16.18000030517578,16.15999984741211,16.18000030517578,15323,0.0,0.0,0.0
2025-09-23 04:05:00+00:00,16.18000030517578,16.190000534057617,16.15999984741211,16.190000534057617,35268,0.0,0.0,0.0
2025-09-23 04:10:00+00:00,16.18000030517578,16.18000030517578,16.15999984741211,16.15999984741211,13066,0.0,0.0,0.0
2025-09-23 04:15:00+00:00,16.170000076293945,16.18000030517578,16.15999984741211,16.15999984741211,44857,0.0,0.0,0.0
2025-09-23 04:20:00+00:00,16.15999984741211,16.170000076293945,16.149999618530273,16.149999618530273,53473,0.0,0.0,0.0
2025-09-23 04:25:00+00:00,16.149999618530273,16.15999984741211,16.139999389648438,16.139999389648438,49332,0.0,0.0,0.0
2025-09-23 04:30:00+00:00,16.149999618530273,16.149999618530273,16.139999389648438,16.139999389648438,23860,0.0,0.0,0.0
2025-09-23 04:35:00+00:00,16.139999389648438,16.149999618530273,16.139999389648438,16.149999618530273,13549,0.0,0.0,0.0
2025-09-23 04:40:00+00:00,16.149999618530273,16.15999984741211,16.149999618530273,16.15999984741211,71698,0.0,0.0,0.0
2025-09-23 04:45:00+00:00,16.149999618530273,16.15999984741211,16.149999618530273,16.149999618530273,15601,0.0,0.0,0.0
2025-09-23 04:50:00+00:00,16.149999618530273,16.15999984741211,16.149999618530273,16.15999984741211,83514,0.0,0.0,0.0
2025-09-23 04:55:00+00:00,16.149999618530273,16.149999618530273,16.149999618530273,16.149999618530273,10288,0.0,0.0,0.0
2025-09-23 05:00:00+00:00,16.149999618530273,16.149999618530273,16.149999618530273,16.149999618530273,52485,0.0,0.0,0.0
2025-09-23 05:05:00+00:00,16.149999618530273,16.15999984741211,16.149999618530273,16.15999984741211,127507,0.0,0.0,0.0
2025-09-23 05:10:00+00:00,16.15999984741211,16.15999984741211,16.15999984741211,16.15999984741211,19426,0.0,0.0,0.0
2025-09-23 05:15:00+00:00,16.170000076293945,16.170000076293945,16.15999984741211,16.15999984741211,23539,0.0,0.0,0.0
2025-09-23 05:20:00+00:00,16.15999984741211,16.170000076293945,16.15999984741211,16.15999984741211,15111,0.0,0.0,0.0
2025-09-24 01:00:00+00:00,16.239999771118164,16.239999771118164,16.200000762939453,16.200000762939453,0,0.0,0.0,0.0
2025-09-24 01:05:00+00:00,16.200000762939453,16.200000762939453,16.200000762939453,16.200000762939453,142855,0.0,0.0,0.0
2025-09-24 01:10:00+00:00,16.200000762939453,16.200000762939453,16.15999984741211,16.15999984741211,73225,0.0,0.0,0.0
2025-09-24 01:15:00+00:00,16.149999618530273,16.149999618530273,16.100000381469727,16.100000381469727,90540,0.0,0.0,0.0
2025-09-24 01:20:00+00:00,16.09000015258789,16.09000015258789,16.09000015258789,16.09000015258789,18785,0.0,0.0,0.0
2025-09-24 01:25:00+00:00,16.09000015258789,16.100000381469727,16.09000015258789,16.100000381469727,177847,0.0,0.0,0.0
2025-09-24 01:30:00+00:00,16.1200008392334,16.1299991607666,16.100000381469727,16.1299991607666,15195,0.0,0.0,0.0
2025-09-24 01:35:00+00:00,16.1299991607666,16.1299991607666,16.1200008392334,16.1200008392334,47107,0.0,0.0,0.0
2025-09-24 01:40:00+00:00,16.1200008392334,16.1299991607666,16.100000381469727,16.110000610351562,174963,0.0,0.0,0.0
2025-09-24 01:45:00+00:00,16.110000610351562,16.1200008392334,16.100000381469727,16.1200008392334,12900,0.0,0.0,0.0
2025-09-24 01:50:00+00:00,16.1200008392334,16.1200008392334,16.110000610351562,16.1200008392334,34068,0.0,0.0,0.0
2025-09-24 01:55:00+00:00,16.1200008392334,16.1200008392334,16.110000610351562,16.110000610351562,68579,0.0,0.0,0.0
2025-09-24 02:00:00+00:00,16.100000381469727,16.1200008392334,16.079999923706055,16.079999923706055,185488,0.0,0.0,0.0
2025-09-24 02:05:00+00:00,16.079999923706055,16.09000015258789,16.06999969482422,16.079999923706055,94189,0.0,0.0,0.0
2025-09-24 02:10:00+00:00,16.09000015258789,16.100000381469727,16.079999923706055,16.079999923706055,81014,0.0,0.0,0.0
2025-09-24 02:15:00+00:00,16.079999923706055,16.09000015258789,16.079999923706055,16.079999923706055,38089,0.0,0.0,0.0
2025-09-24 02:20:00+00:00,16.09000015258789,16.09000015258789,16.079999923706055,16.09000015258789,5565,0.0,0.0,0.0
2025-09-24 02:25:00+00:00,16.09000015258789,16.1299991607666,16.079999923706055,16.1299991607666,132800,0.0,0.0,0.0
2025-09-24 02:30:00+00:00,16.139999389648438,16.15999984741211,16.139999389648438,16.15999984741211,36437,0.0,0.0,0.0
2025-09-24 02:35:00+00:00,16.15999984741211,16.15999984741211,16.149999618530273,16.149999618530273,33981,0.0,0.0,0.0
2025-09-24 02:40:00+00:00,16.15999984741211,16.170000076293945,16.149999618530273,16.15999984741211,31340,0.0,0.0,0.0
2025-09-24 02:45:00+00:00,16.170000076293945,16.170000076293945,16.170000076293945,16.170000076293945,1434,0.0,0.0,0.0
2025-09-24 02:50:00+00:00,16.170000076293945,16.170000076293945,16.15999984741211,16.15999984741211,67489,0.0,0.0,0.0
2025-09-24 02:55:00+00:00,16.149999618530273,16.149999618530273,16.1299991607666,16.1299991607666,15178,0.0,0.0,0.0
2025-09-24 03:00:00+00:00,16.1299991607666,16.1299991607666,16.110000610351562,16.1299991607666,22112,0.0,0.0,0.0
2025-09-24 03:05:00+00:00,16.1299991607666,16.1299991607666,16.1299991607666,16.1299991607666,8324,0.0,0.0,0.0
2025-09-24 03:10:00+00:00,16.1299991607666,16.1299991607666,16.1299991607666,16.1299991607666,18014,0.0,0.0,0.0
2025-09-24 03:15:00+00:00,16.139999389648438,16.149999618530273,16.139999389648438,16.139999389648438,14079,0.0,0.0,0.0
2025-09-24 03:20:00+00:00,16.139999389648438,16.139999389648438,16.1200008392334,16.1200008392334,67457,0.0,0.0,0.0
2025-09-24 03:25:00+00:00,16.1299991607666,16.1299991607666,16.1299991607666,16.1299991607666,17386,0.0,0.0,0.0
2025-09-24 03:30:00+00:00,16.1299991607666,16.1299991607666,16.1299991607666,16.1299991607666,2226,0.0,0.0,0.0
2025-09-24 03:35:00+00:00,16.1200008392334,16.1200008392334,16.1200008392334,16.1200008392334,1061,0.0,0.0,0.0
2025-09-24 03:40:00+00:00,16.1200008392334,16.1200008392334,16.1200008392334,16.1200008392334,3853,0.0,0.0,0.0
2025-09-24 03:45:00+00:00,16.1200008392334,16.1200008392334,16.1200008392334,16.1200008392334,1010,0.0,0.0,0.0
2025-09-24 03:50:00+00:00,16.1200008392334,16.1200008392334,16.1200008392334,16.1200008392334,10485,0.0,0.0,0.0
2025-09-24 04:00:00+00:00,16.1299991607666,16.1299991607666,16.1299991607666,16.1299991607666,2418,0.0,0.0,0.0
2025-09-24 04:05:00+00:00,16.1200008392334,16.1299991607666,16.110000610351562,16.110000610351562,33465,0.0,0.0,0.0
2025-09-24 04:10:00+00:00,16.110000610351562,16.110000610351562,16.110000610351562,16.110000610351562,2510,0.0,0.0,0.0
2025-09-24 04:15:00+00:00,16.100000381469727,16.100000381469727,16.09000015258789,16.09000015258789,53436,0.0,0.0,0.0
2025-09-24 04:20:00+00:00,16.09000015258789,16.100000381469727,16.09000015258789,16.100000381469727,4149,0.0,0.0,0.0
2025-09-24 04:25:00+00:00,16.100000381469727,16.100000381469727,16.079999923706055,16.079999923706055,32359,0.0,0.0,0.0
2025-09-24 04:30:00+00:00,16.09000015258789,16.100000381469727,16.09000015258789,16.100000381469727,29283,0.0,0.0,0.0
2025-09-24 04:35:00+00:00,16.09000015258789,16.09000015258789,16.09000015258789,16.09000015258789,4020,0.0,0.0,0.0
2025-09-24 04:40:00+00:00,16.100000381469727,16.100000381469727,16.100000381469727,16.100000381469727,12163,0.0,0.0,0.0
2025-09-24 04:45:00+00:00,16.09000015258789,16.09000015258789,16.09000015258789,16.09000015258789,44466,0.0,0.0,0.0
2025-09-24 04:50:00+00:00,16.09000015258789,16.09000015258789,16.09000015258789,16.09000015258789,2010,0.0,0.0,0.0
2025-09-24 04:55:00+00:00,16.09000015258789,16.110000610351562,16.09000015258789,16.110000610351562,272388,0.0,0.0,0.0
2025-09-24 05:00:00+00:00,16.110000610351562,16.1200008392334,16.110000610351562,16.1200008392334,10234,0.0,0.0,0.0
2025-09-24 05:05:00+00:00,16.1200008392334,16.1200008392334,16.110000610351562,16.1200008392334,33259,0.0,0.0,0.0
2025-09-24 05:10:00+00:00,16.1299991607666,16.1299991607666,16.1299991607666,16.1299991607666,14985,0.0,0.0,0.0
2025-09-24 05:15:00+00:00,16.1299991607666,16.1299991607666,16.110000610351562,16.110000610351562,32550,0.0,0.0,0.0
2025-09-24 05:20:00+00:00,16.110000610351562,16.1200008392334,16.110000610351562,16.1200008392334,24943,0.0,0.0,0.0
2025-09-25 01:00:00+00:00,16.100000381469727,16.100000381469727,16.079999923706055,16.100000381469727,0,0.0,0.0,0.0
2025-09-25 01:05:00+00:00,16.079999923706055,16.079999923706055,16.06999969482422,16.079999923706055,36622,0.0,0.0,0.0
2025-09-25 01:10:00+00:00,16.06999969482422,16.09000015258789,16.06999969482422,16.09000015258789,145319,0.0,0.0,0.0
2025-09-25 01:15:00+00:00,16.09000015258789,16.100000381469727,16.09000015258789,16.09000015258789,16038,0.0,0.0,0.0
2025-09-25 01:20:00+00:00,16.09000015258789,16.1200008392334,16.079999923706055,16.110000610351562,92049,0.0,0.0,0.0
2025-09-25 01:25:00+00:00,16.110000610351562,16.110000610351562,16.100000381469727,16.100000381469727,50087,0.0,0.0,0.0
2025-09-25 01:30:00+00:00,16.1299991607666,16.1299991607666,16.110000610351562,16.1200008392334,32707,0.0,0.0,0.0
2025-09-25 01:35:00+00:00,16.1299991607666,16.1299991607666,16.1299991607666,16.1299991607666,6673,0.0,0.0,0.0
2025-09-25 01:40:00+00:00,16.1299991607666,16.1299991607666,16.1200008392334,16.1299991607666,13048,0.0,0.0,0.0
2025-09-25 01:45:00+00:00,16.1200008392334,16.1299991607666,16.1200008392334,16.1299991607666,35195,0.0,0.0,0.0
2025-09-25 01:50:00+00:00,16.139999389648438,16.149999618530273,16.1299991607666,16.1299991607666,7539,0.0,0.0,0.0
2025-09-25 01:55:00+00:00,16.1299991607666,16.1299991607666,16.1299991607666,16.1299991607666,15111,0.0,0.0,0.0
2025-09-25 02:00:00+00:00,16.139999389648438,16.149999618530273,16.139999389648438,16.149999618530273,3111,0.0,0.0,0.0
2025-09-25 02:05:00+00:00,16.1299991607666,16.1299991607666,16.1299991607666,16.1299991607666,1364,0.0,0.0,0.0
2025-09-25 02:10:00+00:00,16.1200008392334,16.1299991607666,16.1200008392334,16.1299991607666,24059,0.0,0.0,0.0
2025-09-25 02:15:00+00:00,16.1299991607666,16.1299991607666,16.1200008392334,16.1200008392334,4037,0.0,0.0,0.0
2025-09-25 02:20:00+00:00,16.1200008392334,16.1299991607666,16.1200008392334,16.1200008392334,39103,0.0,0.0,0.0
2025-09-25 02:25:00+00:00,16.1200008392334,16.1200008392334,16.079999923706055,16.079999923706055,106822,0.0,0.0,0.0
2025-09-25 02:30:00+00:00,16.079999923706055,16.09000015258789,16.079999923706055,16.09000015258789,11421,0.0,0.0,0.0
2025-09-25 02:35:00+00:00,16.09000015258789,16.110000610351562,16.09000015258789,16.110000610351562,3016,0.0,0.0,0.0
2025-09-25 02:40:00+00:00,16.110000610351562,16.110000610351562,16.09000015258789,16.09000015258789,16104,0.0,0.0,0.0
2025-09-25 02:45:00+00:00,16.09000015258789,16.09000015258789,16.079999923706055,16.079999923706055,28617,0.0,0.0,0.0
2025-09-25 02:50:00+00:00,16.09000015258789,16.100000381469727,16.09000015258789,16.09000015258789,3760,0.0,0.0,0.0
2025-09-25 02:55:00+00:00,16.079999923706055,16.079999923706055,16.079999923706055,16.079999923706055,32387,0.0,0.0,0.0
2025-09-25 03:00:00+00:00,16.09000015258789,16.09000015258789,16.09000015258789,16.09000015258789,3027,0.0,0.0,0.0
2025-09-25 03:05:00+00:00,16.09000015258789,16.09000015258789,16.06999969482422,16.06999969482422,98465,0.0,0.0,0.0
2025-09-25 03:10:00+00:00,16.06999969482422,16.06999969482422,16.049999237060547,16.059999465942383,43230,0.0,0.0,0.0
2025-09-25 03:15:00+00:00,16.059999465942383,16.059999465942383,16.059999465942383,16.059999465942383,6596,0.0,0.0,0.0
2025-09-25 03:20:00+00:00,16.059999465942383,16.06999969482422,16.059999465942383,16.06999969482422,36189,0.0,0.0,0.0
2025-09-25 03:25:00+00:00,16.06999969482422,16.079999923706055,16.06999969482422,16.079999923706055,13406,0.0,0.0,0.0
2025-09-25 03:30:00+00:00,16.079999923706055,16.09000015258789,16.079999923706055,16.09000015258789,4761,0.0,0.0,0.0
2025-09-25 03:35:00+00:00,16.09000015258789,16.09000015258789,16.079999923706055,16.079999923706055,5338,0.0,0.0,0.0
2025-09-25 03:40:00+00:00,16.079999923706055,16.09000015258789,16.079999923706055,16.079999923706055,14202,0.0,0.0,0.0
2025-09-25 03:45:00+00:00,16.079999923706055,16.09000015258789,16.079999923706055,16.09000015258789,2016,0.0,0.0,0.0
2025-09-25 03:50:00+00:00,16.09000015258789,16.09000015258789,16.079999923706055,16.079999923706055,29273,0.0,0.0,0.0
2025-09-25 03:55:00+00:00,16.079999923706055,16.079999923706055,16.079999923706055,16.079999923706055,12208,0.0,0.0,0.0
2025-09-25 04:00:00+00:00,16.079999923706055,16.09000015258789,16.079999923706055,16.079999923706055,8131,0.0,0.0,0.0
2025-09-25 04:05:00+00:00,16.09000015258789,16.09000015258789,16.079999923706055,16.09000015258789,5485,0.0,0.0,0.0
2025-09-25 04:10:00+00:00,16.09000015258789,16.09000015258789,16.09000015258789,16.09000015258789,1048,0.0,0.0,0.0
2025-09-25 04:15:00+00:00,16.09000015258789,16.09000015258789,16.09000015258789,16.09000015258789,1099,0.0,0.0,0.0
2025-09-25 04:20:00+00:00,16.09000015258789,16.09000015258789,16.09000015258789,16.09000015258789,3033,0.0,0.0,0.0
2025-09-25 04:25:00+00:00,16.079999923706055,16.09000015258789,16.079999923706055,16.09000015258789,234034,0.0,0.0,0.0
2025-09-25 04:30:00+00:00,16.100000381469727,16.100000381469727,16.09000015258789,16.100000381469727,117596,0.0,0.0,0.0
2025-09-25 04:35:00+00:00,16.09000015258789,16.09000015258789,16.09000015258789,16.09000015258789,64817,0.0,0.0,0.0
2025-09-25 04:40:00+00:00,16.100000381469727,16.100000381469727,16.09000015258789,16.09000015258789,9865,0.0,0.0,0.0
2025-09-25 04:45:00+00:00,16.09000015258789,16.100000381469727,16.09000015258789,16.09000015258789,314670,0.0,0.0,0.0
2025-09-25 04:50:00+00:00,16.09000015258789,16.09000015258789,16.079999923706055,16.079999923706055,5550,0.0,0.0,0.0
2025-09-25 04:55:00+00:00,16.09000015258789,16.09000015258789,16.079999923706055,16.09000015258789,17291,0.0,0.0,0.0
2025-09-25 05:00:00+00:00,16.09000015258789,16.100000381469727,16.079999923706055,16.09000015258789,105359,0.0,0.0,0.0
2025-09-25 05:05:00+00:00,16.09000015258789,16.09000015258789,16.079999923706055,16.079999923706055,6010,0.0,0.0,0.0
2025-09-25 05:10:00+00:00,16.079999923706055,16.079999923706055,16.079999923706055,16.079999923706055,202385,0.0,0.0,0.0
2025-09-25 05:15:00+00:00,16.09000015258789,16.09000015258789,16.06999969482422,16.079999923706055,77517,0.0,0.0,0.0
2025-09-25 05:20:00+00:00,16.079999923706055,16.079999923706055,16.06999969482422,16.06999969482422,9067,0.0,0.0,0.0
2025-09-26 01:00:00+00:00,16.030000686645508,16.030000686645508,15.920000076293945,15.930000305175781,0,0.0,0.0,0.0
2025-09-26 01:05:00+00:00,15.930000305175781,15.930000305175781,15.899999618530273,15.899999618530273,131885,0.0,0.0,0.0
2025-09-26 01:10:00+00:00,15.899999618530273,15.90999984741211,15.819999694824219,15.84000015258789,216850,0.0,0.0,0.0
2025-09-26 01:15:00+00:00,15.84000015258789,15.850000381469727,15.8100004196167,15.8100004196167,97028,0.0,0.0,0.0
2025-09-26 01:20:00+00:00,15.8100004196167,15.8100004196167,15.789999961853027,15.8100004196167,1510800,0.0,0.0,0.0
2025-09-26 01:25:00+00:00,15.800000190734863,15.8100004196167,15.779999732971191,15.779999732971191,111569,0.0,0.0,0.0
2025-09-26 01:30:00+00:00,15.779999732971191,15.779999732971191,15.75,15.760000228881836,177072,0.0,0.0,0.0
2025-09-26 01:35:00+00:00,15.760000228881836,15.779999732971191,15.760000228881836,15.779999732971191,153041,0.0,0.0,0.0
2025-09-26 01:40:00+00:00,15.789999961853027,15.8100004196167,15.789999961853027,15.800000190734863,139097,0.0,0.0,0.0
2025-09-26 01:45:00+00:00,15.789999961853027,15.800000190734863,15.770000457763672,15.770000457763672,118931,0.0,0.0,0.0
2025-09-26 01:50:00+00:00,15.770000457763672,15.770000457763672,15.770000457763672,15.770000457763672,27159,0.0,0.0,0.0
2025-09-26 01:55:00+00:00,15.770000457763672,15.770000457763672,15.720000267028809,15.720000267028809,396800,0.0,0.0,0.0
2025-09-26 02:00:00+00:00,15.729999542236328,15.729999542236328,15.710000038146973,15.710000038146973,127120,0.0,0.0,0.0
2025-09-26 02:05:00+00:00,15.710000038146973,15.720000267028809,15.710000038146973,15.720000267028809,59754,0.0,0.0,0.0
2025-09-26 02:10:00+00:00,15.710000038146973,15.720000267028809,15.699999809265137,15.710000038146973,80948,0.0,0.0,0.0
2025-09-26 02:15:00+00:00,15.729999542236328,15.75,15.710000038146973,15.739999771118164,276836,0.0,0.0,0.0
2025-09-26 02:20:00+00:00,15.75,15.75,15.720000267028809,15.729999542236328,194171,0.0,0.0,0.0
2025-09-26 02:25:00+00:00,15.729999542236328,15.770000457763672,15.729999542236328,15.770000457763672,60190,0.0,0.0,0.0
2025-09-26 02:30:00+00:00,15.789999961853027,15.789999961853027,15.779999732971191,15.789999961853027,11593,0.0,0.0,0.0
2025-09-26 02:35:00+00:00,15.789999961853027,15.800000190734863,15.789999961853027,15.800000190734863,15710,0.0,0.0,0.0
2025-09-26 02:40:00+00:00,15.800000190734863,15.800000190734863,15.789999961853027,15.789999961853027,23841,0.0,0.0,0.0
2025-09-26 02:45:00+00:00,15.800000190734863,15.800000190734863,15.789999961853027,15.789999961853027,17400,0.0,0.0,0.0
2025-09-26 02:50:00+00:00,15.789999961853027,15.789999961853027,15.779999732971191,15.789999961853027,45245,0.0,0.0,0.0
2025-09-26 02:55:00+00:00,15.789999961853027,15.789999961853027,15.779999732971191,15.779999732971191,55093,0.0,0.0,0.0
2025-09-26 03:00:00+00:00,15.779999732971191,15.789999961853027,15.779999732971191,15.779999732971191,12304,0.0,0.0,0.0
2025-09-26 03:05:00+00:00,15.779999732971191,15.779999732971191,15.770000457763672,15.770000457763672,42082,0.0,0.0,0.0
2025-09-26 03:10:00+00:00,15.770000457763672,15.779999732971191,15.760000228881836,15.760000228881836,55664,0.0,0.0,0.0
2025-09-26 03:15:00+00:00,15.770000457763672,15.779999732971191,15.75,15.75,19815,0.0,0.0,0.0
2025-09-26 03:20:00+00:00,15.75,15.760000228881836,15.75,15.760000228881836,58730,0.0,0.0,0.0
2025-09-26 03:25:00+00:00,15.75,15.75,15.739999771118164,15.739999771118164,20680,0.0,0.0,0.0
2025-09-26 03:30:00+00:00,15.75,15.760000228881836,15.75,15.75,13531,0.0,0.0,0.0
2025-09-26 03:35:00+00:00,15.75,15.75,15.729999542236328,15.729999542236328,66397,0.0,0.0,0.0
2025-09-26 03:45:00+00:00,15.75,15.760000228881836,15.739999771118164,15.739999771118164,39264,0.0,0.0,0.0
2025-09-26 03:50:00+00:00,15.75,15.75,15.739999771118164,15.75,18634,0.0,0.0,0.0
2025-09-26 03:55:00+00:00,15.760000228881836,15.760000228881836,15.729999542236328,15.75,101697,0.0,0.0,0.0
2025-09-26 04:00:00+00:00,15.75,15.75,15.739999771118164,15.739999771118164,6560,0.0,0.0,0.0
2025-09-26 04:05:00+00:00,15.739999771118164,15.739999771118164,15.729999542236328,15.739999771118164,15096,0.0,0.0,0.0
2025-09-26 04:10:00+00:00,15.739999771118164,15.75,15.729999542236328,15.75,17187,0.0,0.0,0.0
2025-09-26 04:15:00+00:00,15.75,15.75,15.75,15.75,11762,0.0,0.0,0.0
2025-09-26 04:20:00+00:00,15.75,15.75,15.739999771118164,15.739999771118164,25604,0.0,0.0,0.0
2025-09-26 04:25:00+00:00,15.739999771118164,15.75,15.739999771118164,15.739999771118164,11353,0.0,0.0,0.0
2025-09-26 04:30:00+00:00,15.739999771118164,15.75,15.739999771118164,15.75,40370,0.0,0.0,0.0
2025-09-26 04:35:00+00:00,15.75,15.75,15.729999542236328,15.739999771118164,25945,0.0,0.0,0.0
2025-09-26 04:40:00+00:00,15.739999771118164,15.739999771118164,15.729999542236328,15.739999771118164,29420,0.0,0.0,0.0
2025-09-26 04:45:00+00:00,15.739999771118164,15.739999771118164,15.739999771118164,15.739999771118164,17294,0.0,0.0,0.0
2025-09-26 04:50:00+00:00,15.739999771118164,15.739999771118164,15.729999542236328,15.729999542236328,16352,0.0,0.0,0.0
2025-09-26 04:55:00+00:00,15.739999771118164,15.739999771118164,15.729999542236328,15.739999771118164,26516,0.0,0.0,0.0
2025-09-26 05:00:00+00:00,15.739999771118164,15.739999771118164,15.729999542236328,15.739999771118164,22718,0.0,0.0,0.0
2025-09-26 05:05:00+00:00,15.739999771118164,15.760000228881836,15.739999771118164,15.760000228881836,36373,0.0,0.0,0.0
2025-09-26 05:10:00+00:00,15.75,15.770000457763672,15.75,15.770000457763672,13089,0.0,0.0,0.0
2025-09-26 05:15:00+00:00,15.770000457763672,15.770000457763672,15.760000228881836,15.770000457763672,34702,0.0,0.0,0.0
2025-09-26 05:20:00+00:00,15.770000457763672,15.789999961853027,15.770000457763672,15.789999961853027,32757,0.0,0.0,0.0
2025-09-30 01:00:00+00:00,15.819999694824219,15.949999809265137,15.819999694824219,15.949999809265137,0,0.0,0.0,0.0
2025-09-30 01:05:00+00:00,15.949999809265137,15.949999809265137,15.920000076293945,15.930000305175781,40054,0.0,0.0,0.0
2025-09-30 01:10:00+00:00,15.930000305175781,15.930000305175781,15.920000076293945,15.930000305175781,10212,0.0,0.0,0.0
2025-09-30 01:15:00+00:00,15.920000076293945,15.9399995803833,15.920000076293945,15.9399995803833,67390,0.0,0.0,0.0
2025-09-30 01:20:00+00:00,15.9399995803833,15.979999542236328,15.9399995803833,15.979999542236328,37213,0.0,0.0,0.0
2025-09-30 01:25:00+00:00,15.989999771118164,16.020000457763672,15.989999771118164,16.010000228881836,45260,0.0,0.0,0.0
2025-09-30 01:30:00+00:00,16.010000228881836,16.020000457763672,16.0,16.0,641561,0.0,0.0,0.0
2025-09-30 01:35:00+00:00,16.010000228881836,16.010000228881836,15.989999771118164,15.989999771118164,13418,0.0,0.0,0.0
2025-09-30 01:40:00+00:00,16.0,16.010000228881836,15.989999771118164,15.989999771118164,29774,0.0,0.0,0.0
2025-09-30 01:45:00+00:00,16.010000228881836,16.010000228881836,15.989999771118164,16.010000228881836,29152,0.0,0.0,0.0
2025-09-30 01:50:00+00:00,16.010000228881836,16.010000228881836,15.989999771118164,16.0,15723,0.0,0.0,0.0
2025-09-30 01:55:00+00:00,15.989999771118164,15.989999771118164,15.930000305175781,15.9399995803833,33970,0.0,0.0,0.0
2025-09-30 02:00:00+00:00,15.949999809265137,15.960000038146973,15.9399995803833,15.960000038146973,250256,0.0,0.0,0.0
2025-09-30 02:05:00+00:00,15.949999809265137,15.949999809265137,15.949999809265137,15.949999809265137,3183,0.0,0.0,0.0
2025-09-30 02:10:00+00:00,15.960000038146973,15.960000038146973,15.949999809265137,15.949999809265137,6527,0.0,0.0,0.0
2025-09-30 02:15:00+00:00,15.960000038146973,15.960000038146973,15.949999809265137,15.949999809265137,6216,0.0,0.0,0.0
2025-09-30 02:20:00+00:00,15.9399995803833,15.949999809265137,15.9399995803833,15.9399995803833,6247,0.0,0.0,0.0
2025-09-30 02:25:00+00:00,15.949999809265137,15.949999809265137,15.930000305175781,15.9399995803833,64371,0.0,0.0,0.0
2025-09-30 02:30:00+00:00,15.9399995803833,15.9399995803833,15.920000076293945,15.9399995803833,26323,0.0,0.0,0.0
2025-09-30 02:35:00+00:00,15.9399995803833,15.949999809265137,15.9399995803833,15.949999809265137,374085,0.0,0.0,0.0
2025-09-30 02:40:00+00:00,15.949999809265137,15.960000038146973,15.949999809265137,15.960000038146973,24548,0.0,0.0,0.0
2025-09-30 02:45:00+00:00,15.960000038146973,15.960000038146973,15.949999809265137,15.949999809265137,15601,0.0,0.0,0.0
2025-09-30 02:50:00+00:00,15.960000038146973,15.960000038146973,15.949999809265137,15.960000038146973,6311,0.0,0.0,0.0
2025-09-30 02:55:00+00:00,15.949999809265137,15.960000038146973,15.949999809265137,15.960000038146973,16109,0.0,0.0,0.0
2025-09-30 03:00:00+00:00,15.960000038146973,15.960000038146973,15.949999809265137,15.960000038146973,10872,0.0,0.0,0.0
2025-09-30 03:05:00+00:00,15.960000038146973,15.960000038146973,15.960000038146973,15.960000038146973,4328,0.0,0.0,0.0
2025-09-30 03:10:00+00:00,15.960000038146973,15.960000038146973,15.960000038146973,15.960000038146973,5085,0.0,0.0,0.0
2025-09-30 03:15:00+00:00,15.960000038146973,15.960000038146973,15.960000038146973,15.960000038146973,63211,0.0,0.0,0.0
2025-09-30 03:20:00+00:00,15.960000038146973,15.960000038146973,15.949999809265137,15.949999809265137,6010,0.0,0.0,0.0
2025-09-30 03:25:00+00:00,15.949999809265137,15.960000038146973,15.949999809265137,15.960000038146973,3325,0.0,0.0,0.0
2025-09-30 03:30:00+00:00,15.960000038146973,15.960000038146973,15.949999809265137,15.960000038146973,13126,0.0,0.0,0.0
2025-09-30 03:35:00+00:00,15.949999809265137,15.960000038146973,15.949999809265137,15.960000038146973,18792,0.0,0.0,0.0
2025-09-30 03:40:00+00:00,15.960000038146973,15.960000038146973,15.960000038146973,15.960000038146973,3055,0.0,0.0,0.0
2025-09-30 03:45:00+00:00,15.960000038146973,15.960000038146973,15.949999809265137,15.949999809265137,56062,0.0,0.0,0.0
2025-09-30 03:50:00+00:00,15.9399995803833,15.9399995803833,15.930000305175781,15.930000305175781,30050,0.0,0.0,0.0
2025-09-30 03:55:00+00:00,15.9399995803833,15.9399995803833,15.9399995803833,15.9399995803833,12673,0.0,0.0,0.0
2025-09-30 04:00:00+00:00,15.9399995803833,15.949999809265137,15.9399995803833,15.949999809265137,15100,0.0,0.0,0.0
2025-09-30 04:05:00+00:00,15.949999809265137,15.960000038146973,15.949999809265137,15.949999809265137,14134,0.0,0.0,0.0
2025-09-30 04:10:00+00:00,15.949999809265137,15.949999809265137,15.949999809265137,15.949999809265137,4553,0.0,0.0,0.0
2025-09-30 04:15:00+00:00,15.949999809265137,15.960000038146973,15.930000305175781,15.960000038146973,17618,0.0,0.0,0.0
2025-09-30 04:20:00+00:00,15.949999809265137,15.960000038146973,15.949999809265137,15.960000038146973,19162,0.0,0.0,0.0
2025-09-30 04:25:00+00:00,15.960000038146973,15.960000038146973,15.960000038146973,15.960000038146973,1061,0.0,0.0,0.0
2025-09-30 04:30:00+00:00,15.960000038146973,15.960000038146973,15.960000038146973,15.960000038146973,23628,0.0,0.0,0.0
2025-09-30 04:35:00+00:00,15.960000038146973,15.960000038146973,15.960000038146973,15.960000038146973,12162,0.0,0.0,0.0
2025-09-30 04:40:00+00:00,15.970000267028809,15.970000267028809,15.970000267028809,15.970000267028809,3168,0.0,0.0,0.0
2025-09-30 04:45:00+00:00,15.970000267028809,15.970000267028809,15.960000038146973,15.960000038146973,11547,0.0,0.0,0.0
2025-09-30 04:50:00+00:00,15.960000038146973,15.970000267028809,15.960000038146973,15.970000267028809,7400,0.0,0.0,0.0
2025-09-30 04:55:00+00:00,15.960000038146973,15.970000267028809,15.960000038146973,15.970000267028809,11059,0.0,0.0,0.0
2025-09-30 05:00:00+00:00,15.960000038146973,15.970000267028809,15.960000038146973,15.970000267028809,3222,0.0,0.0,0.0
2025-09-30 05:05:00+00:00,15.960000038146973,15.960000038146973,15.949999809265137,15.949999809265137,32676,0.0,0.0,0.0
2025-09-30 05:10:00+00:00,15.949999809265137,15.949999809265137,15.949999809265137,15.949999809265137,5301,0.0,0.0,0.0
2025-09-30 05:15:00+00:00,15.960000038146973,15.960000038146973,15.949999809265137,15.949999809265137,14044,0.0,0.0,0.0
2025-09-30 05:20:00+00:00,15.960000038146973,15.960000038146973,15.960000038146973,15.960000038146973,26925,0.0,0.0,0.0
2025-10-01 01:00:00+00:00,16.010000228881836,16.030000686645508,16.0,16.010000228881836,0,0.0,0.0,0.0
2025-10-01 01:05:00+00:00,16.010000228881836,16.040000915527344,16.010000228881836,16.040000915527344,35018,0.0,0.0,0.0
2025-10-01 01:10:00+00:00,16.040000915527344,16.06999969482422,16.040000915527344,16.06999969482422,70488,0.0,0.0,0.0
2025-10-01 01:15:00+00:00,16.06999969482422,16.079999923706055,16.06999969482422,16.06999969482422,48916,0.0,0.0,0.0
2025-10-01 01:20:00+00:00,16.079999923706055,16.100000381469727,16.079999923706055,16.100000381469727,72735,0.0,0.0,0.0
2025-10-01 01:25:00+00:00,16.100000381469727,16.100000381469727,16.09000015258789,16.100000381469727,156029,0.0,0.0,0.0
2025-10-01 01:30:00+00:00,16.110000610351562,16.1299991607666,16.110000610351562,16.110000610351562,61401,0.0,0.0,0.0
2025-10-01 01:35:00+00:00,16.110000610351562,16.139999389648438,16.110000610351562,16.139999389648438,36627,0.0,0.0,0.0
2025-10-01 01:40:00+00:00,16.139999389648438,16.15999984741211,16.1299991607666,16.15999984741211,58340,0.0,0.0,0.0
2025-10-01 01:45:00+00:00,16.149999618530273,16.149999618530273,16.139999389648438,16.149999618530273,8430,0.0,0.0,0.0
2025-10-01 01:50:00+00:00,16.149999618530273,16.149999618530273,16.139999389648438,16.149999618530273,9173,0.0,0.0,0.0
2025-10-01 01:55:00+00:00,16.139999389648438,16.139999389648438,16.1299991607666,16.1299991607666,9656,0.0,0.0,0.0
2025-10-01 02:00:00+00:00,16.1200008392334,16.1200008392334,16.110000610351562,16.110000610351562,8582,0.0,0.0,0.0
2025-10-01 02:05:00+00:00,16.110000610351562,16.110000610351562,16.100000381469727,16.100000381469727,29364,0.0,0.0,0.0
2025-10-01 02:10:00+00:00,16.110000610351562,16.110000610351562,16.09000015258789,16.09000015258789,34107,0.0,0.0,0.0
2025-10-01 02:15:00+00:00,16.100000381469727,16.100000381469727,16.079999923706055,16.09000015258789,10834,0.0,0.0,0.0
2025-10-01 02:20:00+00:00,16.09000015258789,16.09000015258789,16.06999969482422,16.06999969482422,20535,0.0,0.0,0.0
2025-10-01 02:25:00+00:00,16.06999969482422,16.06999969482422,16.059999465942383,16.059999465942383,6327,0.0,0.0,0.0
2025-10-01 02:30:00+00:00,16.06999969482422,16.06999969482422,16.06999969482422,16.06999969482422,21045,0.0,0.0,0.0
2025-10-01 02:35:00+00:00,16.06999969482422,16.06999969482422,16.059999465942383,16.059999465942383,17045,0.0,0.0,0.0
2025-10-01 02:40:00+00:00,16.049999237060547,16.059999465942383,16.049999237060547,16.049999237060547,33292,0.0,0.0,0.0
2025-10-01 02:45:00+00:00,16.040000915527344,16.040000915527344,16.020000457763672,16.040000915527344,34777,0.0,0.0,0.0
2025-10-01 02:50:00+00:00,16.030000686645508,16.030000686645508,16.030000686645508,16.030000686645508,7046,0.0,0.0,0.0
2025-10-01 02:55:00+00:00,16.020000457763672,16.020000457763672,16.0,16.0,30094,0.0,0.0,0.0
2025-10-01 03:00:00+00:00,16.0,16.0,15.949999809265137,15.949999809265137,74156,0.0,0.0,0.0
2025-10-01 03:05:00+00:00,15.949999809265137,15.979999542236328,15.949999809265137,15.979999542236328,7201,0.0,0.0,0.0
2025-10-01 03:10:00+00:00,15.979999542236328,16.0,15.979999542236328,16.0,31313,0.0,0.0,0.0
2025-10-01 03:15:00+00:00,16.0,16.0,16.0,16.0,15076,0.0,0.0,0.0
2025-10-01 03:20:00+00:00,16.0,16.0,15.989999771118164,16.0,36044,0.0,0.0,0.0
2025-10-01 03:25:00+00:00,15.989999771118164,16.0,15.989999771118164,16.0,5215,0.0,0.0,0.0
2025-10-01 03:30:00+00:00,16.0,16.0,15.989999771118164,15.989999771118164,7692,0.0,0.0,0.0
2025-10-01 03:35:00+00:00,16.0,16.0,15.989999771118164,15.989999771118164,6200,0.0,0.0,0.0
2025-10-01 03:40:00+00:00,15.989999771118164,16.0,15.989999771118164,16.0,4402,0.0,0.0,0.0
2025-10-01 03:45:00+00:00,16.0,16.0,16.0,16.0,2510,0.0,0.0,0.0
2025-10-01 03:50:00+00:00,16.0,16.0,16.0,16.0,14085,0.0,0.0,0.0
2025-10-01 03:55:00+00:00,16.0,16.0,15.989999771118164,16.0,44223,0.0,0.0,0.0
2025-10-01 04:00:00+00:00,16.0,16.0,16.0,16.0,26047,0.0,0.0,0.0
2025-10-01 04:05:00+00:00,16.0,16.010000228881836,16.0,16.0,13321,0.0,0.0,0.0
2025-10-01 04:10:00+00:00,16.010000228881836,16.010000228881836,16.010000228881836,16.010000228881836,11163,0.0,0.0,0.0
2025-10-01 04:15:00+00:00,16.010000228881836,16.010000228881836,16.010000228881836,16.010000228881836,17148,0.0,0.0,0.0
2025-10-01 04:20:00+00:00,16.010000228881836,16.010000228881836,16.0,16.010000228881836,16058,0.0,0.0,0.0
2025-10-01 04:25:00+00:00,15.989999771118164,15.989999771118164,15.979999542236328,15.989999771118164,9085,0.0,0.0,0.0
2025-10-01 04:30:00+00:00,15.989999771118164,15.989999771118164,15.989999771118164,15.989999771118164,21318,0.0,0.0,0.0
2025-10-01 04:35:00+00:00,15.989999771118164,16.0,15.989999771118164,16.0,16251,0.0,0.0,0.0
2025-10-01 04:40:00+00:00,15.989999771118164,16.0,15.989999771118164,15.989999771118164,39251,0.0,0.0,0.0
2025-10-01 04:45:00+00:00,15.979999542236328,15.979999542236328,15.979999542236328,15.979999542236328,15500,0.0,0.0,0.0
2025-10-01 04:50:00+00:00,15.979999542236328,15.989999771118164,15.979999542236328,15.989999771118164,6486,0.0,0.0,0.0
2025-10-01 04:55:00+00:00,15.979999542236328,15.989999771118164,15.979999542236328,15.989999771118164,16106,0.0,0.0,0.0
2025-10-01 05:00:00+00:00,15.979999542236328,15.989999771118164,15.979999542236328,15.989999771118164,9000,0.0,0.0,0.0
2025-10-01 05:05:00+00:00,15.989999771118164,15.989999771118164,15.989999771118164,15.989999771118164,1809,0.0,0.0,0.0
2025-10-01 05:10:00+00:00,15.989999771118164,15.989999771118164,15.979999542236328,15.989999771118164,24277,0.0,0.0,0.0
2025-10-01 05:15:00+00:00,15.989999771118164,15.989999771118164,15.989999771118164,15.989999771118164,8903,0.0,0.0,0.0
2025-10-01 05:20:00+00:00,16.0,16.0,15.989999771118164,15.989999771118164,18174,0.0,0.0,0.0
2025-10-02 01:00:00+00:00,16.200000762939453,16.200000762939453,16.18000030517578,16.190000534057617,0,0.0,0.0,0.0
2025-10-02 01:05:00+00:00,16.190000534057617,16.200000762939453,16.18000030517578,16.190000534057617,130938,0.0,0.0,0.0
2025-10-02 01:10:00+00:00,16.190000534057617,16.190000534057617,16.15999984741211,16.15999984741211,254091,0.0,0.0,0.0
2025-10-02 01:15:00+00:00,16.15999984741211,16.18000030517578,16.149999618530273,16.170000076293945,62672,0.0,0.0,0.0
2025-10-02 01:20:00+00:00,16.170000076293945,16.200000762939453,16.170000076293945,16.200000762939453,117874,0.0,0.0,0.0
2025-10-02 01:25:00+00:00,16.200000762939453,16.200000762939453,16.190000534057617,16.190000534057617,37842,0.0,0.0,0.0
2025-10-02 01:30:00+00:00,16.200000762939453,16.200000762939453,16.190000534057617,16.190000534057617,11275,0.0,0.0,0.0
2025-10-02 01:35:00+00:00,16.190000534057617,16.200000762939453,16.18000030517578,16.18000030517578,37738,0.0,0.0,0.0
2025-10-02 01:40:00+00:00,16.18000030517578,16.190000534057617,16.170000076293945,16.170000076293945,14333,0.0,0.0,0.0
2025-10-02 01:45:00+00:00,16.18000030517578,16.190000534057617,16.170000076293945,16.190000534057617,81806,0.0,0.0,0.0
2025-10-02 01:50:00+00:00,16.190000534057617,16.209999084472656,16.190000534057617,16.209999084472656,114008,0.0,0.0,0.0
2025-10-02 01:55:00+00:00,16.200000762939453,16.200000762939453,16.200000762939453,16.200000762939453,32680,0.0,0.0,0.0
2025-10-02 02:00:00+00:00,16.200000762939453,16.209999084472656,16.200000762939453,16.209999084472656,13120,0.0,0.0,0.0
2025-10-02 02:05:00+00:00,16.200000762939453,16.200000762939453,16.190000534057617,16.190000534057617,12488,0.0,0.0,0.0
2025-10-02 02:10:00+00:00,16.200000762939453,16.209999084472656,16.200000762939453,16.209999084472656,31688,0.0,0.0,0.0
2025-10-02 02:15:00+00:00,16.209999084472656,16.209999084472656,16.209999084472656,16.209999084472656,7643,0.0,0.0,0.0
2025-10-02 02:20:00+00:00,16.200000762939453,16.200000762939453,16.190000534057617,16.190000534057617,31388,0.0,0.0,0.0
2025-10-02 02:25:00+00:00,16.190000534057617,16.209999084472656,16.190000534057617,16.200000762939453,26543,0.0,0.0,0.0
2025-10-02 02:30:00+00:00,16.190000534057617,16.190000534057617,16.190000534057617,16.190000534057617,3088,0.0,0.0,0.0
2025-10-02 02:35:00+00:00,16.190000534057617,16.200000762939453,16.190000534057617,16.190000534057617,57283,0.0,0.0,0.0
2025-10-02 02:40:00+00:00,16.190000534057617,16.190000534057617,16.190000534057617,16.190000534057617,3018,0.0,0.0,0.0
2025-10-02 02:45:00+00:00,16.200000762939453,16.200000762939453,16.190000534057617,16.200000762939453,14188,0.0,0.0,0.0
2025-10-02 02:50:00+00:00,16.200000762939453,16.200000762939453,16.190000534057617,16.200000762939453,231622,0.0,0.0,0.0
2025-10-02 02:55:00+00:00,16.200000762939453,16.200000762939453,16.190000534057617,16.190000534057617,5085,0.0,0.0,0.0
2025-10-02 03:00:00+00:00,16.190000534057617,16.190000534057617,16.190000534057617,16.190000534057617,37867,0.0,0.0,0.0
2025-10-02 03:05:00+00:00,16.200000762939453,16.200000762939453,16.200000762939453,16.200000762939453,4948,0.0,0.0,0.0
2025-10-02 03:10:00+00:00,16.200000762939453,16.200000762939453,16.200000762939453,16.200000762939453,30189,0.0,0.0,0.0
2025-10-02 03:15:00+00:00,16.190000534057617,16.200000762939453,16.190000534057617,16.200000762939453,25118,0.0,0.0,0.0
2025-10-02 03:20:00+00:00,16.190000534057617,16.200000762939453,16.190000534057617,16.200000762939453,3669,0.0,0.0,0.0
2025-10-02 03:25:00+00:00,16.200000762939453,16.200000762939453,16.190000534057617,16.190000534057617,26056,0.0,0.0,0.0
2025-10-02 03:30:00+00:00,16.190000534057617,16.190000534057617,16.190000534057617,16.190000534057617,3077,0.0,0.0,0.0
2025-10-02 03:35:00+00:00,16.18000030517578,16.190000534057617,16.18000030517578,16.190000534057617,2243,0.0,0.0,0.0
2025-10-02 03:40:00+00:00,16.190000534057617,16.190000534057617,16.190000534057617,16.190000534057617,9070,0.0,0.0,0.0
2025-10-02 03:45:00+00:00,16.190000534057617,16.190000534057617,16.190000534057617,16.190000534057617,7323,0.0,0.0,0.0
2025-10-02 03:50:00+00:00,16.18000030517578,16.190000534057617,16.18000030517578,16.190000534057617,4943,0.0,0.0,0.0
2025-10-02 03:55:00+00:00,16.190000534057617,16.190000534057617,16.18000030517578,16.190000534057617,19033,0.0,0.0,0.0
2025-10-02 04:00:00+00:00,16.190000534057617,16.200000762939453,16.190000534057617,16.200000762939453,8031,0.0,0.0,0.0
2025-10-02 04:05:00+00:00,16.200000762939453,16.200000762939453,16.200000762939453,16.200000762939453,20025,0.0,0.0,0.0
2025-10-02 04:10:00+00:00,16.190000534057617,16.190000534057617,16.190000534057617,16.190000534057617,11174,0.0,0.0,0.0
2025-10-02 04:15:00+00:00,16.190000534057617,16.200000762939453,16.190000534057617,16.190000534057617,101374,0.0,0.0,0.0
2025-10-02 04:20:00+00:00,16.200000762939453,16.200000762939453,16.200000762939453,16.200000762939453,27144,0.0,0.0,0.0
2025-10-02 04:25:00+00:00,16.209999084472656,16.209999084472656,16.209999084472656,16.209999084472656,13081,0.0,0.0,0.0
2025-10-02 04:30:00+00:00,16.209999084472656,16.209999084472656,16.200000762939453,16.209999084472656,16171,0.0,0.0,0.0
2025-10-02 04:35:00+00:00,16.209999084472656,16.209999084472656,16.200000762939453,16.200000762939453,14120,0.0,0.0,0.0
2025-10-02 04:40:00+00:00,16.200000762939453,16.200000762939453,16.190000534057617,16.200000762939453,69459,0.0,0.0,0.0
2025-10-02 04:45:00+00:00,16.200000762939453,16.200000762939453,16.200000762939453,16.200000762939453,10010,0.0,0.0,0.0
2025-10-02 04:50:00+00:00,16.209999084472656,16.209999084472656,16.200000762939453,16.200000762939453,20060,0.0,0.0,0.0
2025-10-02 04:55:00+00:00,16.200000762939453,16.200000762939453,16.200000762939453,16.200000762939453,18581,0.0,0.0,0.0
2025-10-02 05:00:00+00:00,16.200000762939453,16.200000762939453,16.200000762939453,16.200000762939453,18873,0.0,0.0,0.0
2025-10-02 05:05:00+00:00,16.200000762939453,16.200000762939453,16.200000762939453,16.200000762939453,27243,0.0,0.0,0.0
2025-10-02 05:10:00+00:00,16.200000762939453,16.200000762939453,16.190000534057617,16.200000762939453,25343,0.0,0.0,0.0
2025-10-02 05:15:00+00:00,16.200000762939453,16.200000762939453,16.190000534057617,16.200000762939453,12079,0.0,0.0,0.0
2025-10-02 05:20:00+00:00,16.200000762939453,16.200000762939453,16.18000030517578,16.18000030517578,93691,0.0,0.0,0.0
2025-10-03 01:00:00+00:00,16.190000534057617,16.229999542236328,16.190000534057617,16.229999542236328,0,0.0,0.0,0.0
2025-10-03 01:05:00+00:00,16.229999542236328,16.25,16.229999542236328,16.239999771118164,63000,0.0,0.0,0.0
2025-10-03 01:10:00+00:00,16.239999771118164,16.25,16.229999542236328,16.25,55772,0.0,0.0,0.0
2025-10-03 01:15:00+00:00,16.25,16.260000228881836,16.25,16.25,151045,0.0,0.0,0.0
2025-10-03 01:20:00+00:00,16.25,16.25,16.239999771118164,16.239999771118164,131538,0.0,0.0,0.0
2025-10-03 01:25:00+00:00,16.239999771118164,16.239999771118164,16.229999542236328,16.229999542236328,38974,0.0,0.0,0.0
2025-10-03 01:30:00+00:00,16.239999771118164,16.239999771118164,16.229999542236328,16.239999771118164,12643,0.0,0.0,0.0
2025-10-03 01:35:00+00:00,16.239999771118164,16.239999771118164,16.229999542236328,16.229999542236328,15798,0.0,0.0,0.0
2025-10-03 01:40:00+00:00,16.219999313354492,16.229999542236328,16.219999313354492,16.219999313354492,49321,0.0,0.0,0.0
2025-10-03 01:45:00+00:00,16.229999542236328,16.25,16.229999542236328,16.25,192241,0.0,0.0,0.0
2025-10-03 01:50:00+00:00,16.260000228881836,16.260000228881836,16.25,16.25,9859,0.0,0.0,0.0
2025-10-03 01:55:00+00:00,16.25,16.260000228881836,16.239999771118164,16.260000228881836,19040,0.0,0.0,0.0
2025-10-03 02:00:00+00:00,16.260000228881836,16.260000228881836,16.25,16.25,6684,0.0,0.0,0.0
2025-10-03 02:05:00+00:00,16.25,16.25,16.239999771118164,16.25,116704,0.0,0.0,0.0
2025-10-03 02:10:00+00:00,16.260000228881836,16.260000228881836,16.25,16.260000228881836,88055,0.0,0.0,0.0
2025-10-03 02:15:00+00:00,16.270000457763672,16.270000457763672,16.260000228881836,16.270000457763672,15550,0.0,0.0,0.0
2025-10-03 02:20:00+00:00,16.270000457763672,16.270000457763672,16.270000457763672,16.270000457763672,2180,0.0,0.0,0.0
2025-10-03 02:25:00+00:00,16.270000457763672,16.299999237060547,16.270000457763672,16.299999237060547,94213,0.0,0.0,0.0
2025-10-03 02:30:00+00:00,16.299999237060547,16.309999465942383,16.299999237060547,16.309999465942383,114584,0.0,0.0,0.0
2025-10-03 02:35:00+00:00,16.309999465942383,16.34000015258789,16.309999465942383,16.31999969482422,87494,0.0,0.0,0.0
2025-10-03 02:40:00+00:00,16.329999923706055,16.350000381469727,16.309999465942383,16.350000381469727,420112,0.0,0.0,0.0
2025-10-03 02:45:00+00:00,16.329999923706055,16.34000015258789,16.309999465942383,16.31999969482422,25954,0.0,0.0,0.0
2025-10-03 02:50:00+00:00,16.31999969482422,16.31999969482422,16.299999237060547,16.309999465942383,31600,0.0,0.0,0.0
2025-10-03 02:55:00+00:00,16.31999969482422,16.31999969482422,16.309999465942383,16.309999465942383,16282,0.0,0.0,0.0
2025-10-03 03:00:00+00:00,16.31999969482422,16.31999969482422,16.309999465942383,16.309999465942383,8806,0.0,0.0,0.0
2025-10-03 03:05:00+00:00,16.309999465942383,16.31999969482422,16.309999465942383,16.31999969482422,125381,0.0,0.0,0.0
2025-10-03 03:10:00+00:00,16.329999923706055,16.329999923706055,16.31999969482422,16.31999969482422,24256,0.0,0.0,0.0
2025-10-03 03:15:00+00:00,16.329999923706055,16.34000015258789,16.329999923706055,16.329999923706055,21596,0.0,0.0,0.0
2025-10-03 03:20:00+00:00,16.329999923706055,16.329999923706055,16.31999969482422,16.329999923706055,8288,0.0,0.0,0.0
2025-10-03 03:25:00+00:00,16.329999923706055,16.329999923706055,16.329999923706055,16.329999923706055,23313,0.0,0.0,0.0
2025-10-03 03:30:00+00:00,16.329999923706055,16.329999923706055,16.31999969482422,16.329999923706055,57332,0.0,0.0,0.0
2025-10-03 03:35:00+00:00,16.329999923706055,16.329999923706055,16.31999969482422,16.31999969482422,26209,0.0,0.0,0.0
2025-10-03 03:40:00+00:00,16.31999969482422,16.329999923706055,16.31999969482422,16.31999969482422,5587,0.0,0.0,0.0
2025-10-03 03:45:00+00:00,16.329999923706055,16.329999923706055,16.329999923706055,16.329999923706055,3036,0.0,0.0,0.0
2025-10-03 03:50:00+00:00,16.329999923706055,16.329999923706055,16.31999969482422,16.31999969482422,19407,0.0,0.0,0.0
2025-10-03 03:55:00+00:00,16.31999969482422,16.329999923706055,16.31999969482422,16.329999923706055,51038,0.0,0.0,0.0
2025-10-03 04:05:00+00:00,16.31999969482422,16.329999923706055,16.31999969482422,16.329999923706055,16648,0.0,0.0,0.0
2025-10-03 04:10:00+00:00,16.329999923706055,16.329999923706055,16.329999923706055,16.329999923706055,10285,0.0,0.0,0.0
2025-10-03 04:15:00+00:00,16.329999923706055,16.329999923706055,16.31999969482422,16.329999923706055,55227,0.0,0.0,0.0
2025-10-03 04:20:00+00:00,16.329999923706055,16.34000015258789,16.329999923706055,16.34000015258789,82679,0.0,0.0,0.0
2025-10-03 04:25:00+00:00,16.34000015258789,16.34000015258789,16.329999923706055,16.329999923706055,23327,0.0,0.0,0.0
2025-10-03 04:30:00+00:00,16.34000015258789,16.34000015258789,16.329999923706055,16.34000015258789,37660,0.0,0.0,0.0
2025-10-03 04:35:00+00:00,16.34000015258789,16.34000015258789,16.34000015258789,16.34000015258789,15656,0.0,0.0,0.0
2025-10-03 04:40:00+00:00,16.34000015258789,16.34000015258789,16.329999923706055,16.34000015258789,21010,0.0,0.0,0.0
2025-10-03 04:45:00+00:00,16.34000015258789,16.34000015258789,16.329999923706055,16.329999923706055,10310,0.0,0.0,0.0
2025-10-03 04:50:00+00:00,16.329999923706055,16.34000015258789,16.329999923706055,16.329999923706055,112925,0.0,0.0,0.0
2025-10-03 04:55:00+00:00,16.329999923706055,16.34000015258789,16.329999923706055,16.329999923706055,12440,0.0,0.0,0.0
2025-10-03 05:00:00+00:00,16.329999923706055,16.34000015258789,16.329999923706055,16.329999923706055,11485,0.0,0.0,0.0
2025-10-03 05:05:00+00:00,16.34000015258789,16.34000015258789,16.329999923706055,16.34000015258789,15198,0.0,0.0,0.0
2025-10-03 05:10:00+00:00,16.34000015258789,16.34000015258789,16.34000015258789,16.34000015258789,96110,0.0,0.0,0.0
2025-10-03 05:15:00+00:00,16.350000381469727,16.350000381469727,16.34000015258789,16.34000015258789,21074,0.0,0.0,0.0
2025-10-03 05:20:00+00:00,16.34000015258789,16.350000381469727,16.34000015258789,16.350000381469727,28566,0.0,0.0,0.0
2025-10-07 01:00:00+00:00,16.489999771118164,16.559999465942383,16.489999771118164,16.559999465942383,0,0.0,0.0,0.0
2025-10-07 01:05:00+00:00,16.549999237060547,16.59000015258789,16.549999237060547,16.579999923706055,229102,0.0,0.0,0.0
2025-10-07 01:10:00+00:00,16.579999923706055,16.59000015258789,16.579999923706055,16.579999923706055,43726,0.0,0.0,0.0
2025-10-07 01:15:00+00:00,16.59000015258789,16.600000381469727,16.579999923706055,16.59000015258789,96590,0.0,0.0,0.0
2025-10-07 01:20:00+00:00,16.600000381469727,16.600000381469727,16.579999923706055,16.579999923706055,63871,0.0,0.0,0.0
2025-10-07 01:25:00+00:00,16.579999923706055,16.59000015258789,16.56999969482422,16.579999923706055,39665,0.0,0.0,0.0
2025-10-07 01:30:00+00:00,16.579999923706055,16.59000015258789,16.56999969482422,16.59000015258789,54255,0.0,0.0,0.0
2025-10-07 01:35:00+00:00,16.59000015258789,16.600000381469727,16.579999923706055,16.600000381469727,25910,0.0,0.0,0.0
2025-10-07 01:40:00+00:00,16.600000381469727,16.600000381469727,16.579999923706055,16.59000015258789,15605,0.0,0.0,0.0
2025-10-07 01:45:00+00:00,16.600000381469727,16.600000381469727,16.579999923706055,16.579999923706055,39493,0.0,0.0,0.0
2025-10-07 01:50:00+00:00,16.59000015258789,16.6200008392334,16.59000015258789,16.6200008392334,183386,0.0,0.0,0.0
2025-10-07 01:55:00+00:00,16.6200008392334,16.6299991607666,16.6200008392334,16.6299991607666,49029,0.0,0.0,0.0
2025-10-07 02:00:00+00:00,16.6299991607666,16.639999389648438,16.6200008392334,16.639999389648438,33184,0.0,0.0,0.0
2025-10-07 02:05:00+00:00,16.639999389648438,16.639999389648438,16.6299991607666,16.639999389648438,36133,0.0,0.0,0.0
2025-10-07 02:10:00+00:00,16.639999389648438,16.639999389648438,16.6200008392334,16.6299991607666,75671,0.0,0.0,0.0
2025-10-07 02:15:00+00:00,16.6299991607666,16.6299991607666,16.6299991607666,16.6299991607666,51309,0.0,0.0,0.0
2025-10-07 02:20:00+00:00,16.6299991607666,16.639999389648438,16.6299991607666,16.6299991607666,16090,0.0,0.0,0.0
2025-10-07 02:25:00+00:00,16.6299991607666,16.6299991607666,16.59000015258789,16.600000381469727,73548,0.0,0.0,0.0
2025-10-07 02:30:00+00:00,16.610000610351562,16.639999389648438,16.610000610351562,16.639999389648438,19813,0.0,0.0,0.0
2025-10-07 02:35:00+00:00,16.639999389648438,16.639999389648438,16.6299991607666,16.6299991607666,13602,0.0,0.0,0.0
2025-10-07 02:40:00+00:00,16.6299991607666,16.6299991607666,16.6299991607666,16.6299991607666,18080,0.0,0.0,0.0
2025-10-07 02:45:00+00:00,16.6299991607666,16.6299991607666,16.6299991607666,16.6299991607666,24186,0.0,0.0,0.0
2025-10-07 02:50:00+00:00,16.6299991607666,16.6299991607666,16.6200008392334,16.6200008392334,261547,0.0,0.0,0.0
2025-10-07 02:55:00+00:00,16.6200008392334,16.639999389648438,16.6200008392334,16.639999389648438,122858,0.0,0.0,0.0
2025-10-07 03:00:00+00:00,16.639999389648438,16.670000076293945,16.639999389648438,16.670000076293945,103272,0.0,0.0,0.0
2025-10-07 03:05:00+00:00,16.68000030517578,16.68000030517578,16.65999984741211,16.65999984741211,20111,0.0,0.0,0.0
2025-10-07 03:10:00+00:00,16.670000076293945,16.68000030517578,16.670000076293945,16.68000030517578,22647,0.0,0.0,0.0
2025-10-07 03:15:00+00:00,16.690000534057617,16.700000762939453,16.68000030517578,16.68000030517578,21280,0.0,0.0,0.0
2025-10-07 03:20:00+00:00,16.68000030517578,16.700000762939453,16.68000030517578,16.700000762939453,14130,0.0,0.0,0.0
2025-10-07 03:25:00+00:00,16.700000762939453,16.700000762939453,16.700000762939453,16.700000762939453,18021,0.0,0.0,0.0
2025-10-07 03:30:00+00:00,16.700000762939453,16.700000762939453,16.690000534057617,16.690000534057617,24640,0.0,0.0,0.0
2025-10-07 03:35:00+00:00,16.690000534057617,16.690000534057617,16.68000030517578,16.690000534057617,7020,0.0,0.0,0.0
2025-10-07 03:40:00+00:00,16.68000030517578,16.690000534057617,16.68000030517578,16.690000534057617,15229,0.0,0.0,0.0
2025-10-07 03:45:00+00:00,16.690000534057617,16.690000534057617,16.68000030517578,16.68000030517578,16340,0.0,0.0,0.0
2025-10-07 03:50:00+00:00,16.670000076293945,16.68000030517578,16.670000076293945,16.68000030517578,35359,0.0,0.0,0.0
2025-10-07 03:55:00+00:00,16.68000030517578,16.68000030517578,16.68000030517578,16.68000030517578,13518,0.0,0.0,0.0
2025-10-07 04:00:00+00:00,16.68000030517578,16.690000534057617,16.68000030517578,16.690000534057617,21197,0.0,0.0,0.0
2025-10-07 04:05:00+00:00,16.690000534057617,16.690000534057617,16.68000030517578,16.68000030517578,11388,0.0,0.0,0.0
2025-10-07 04:10:00+00:00,16.690000534057617,16.700000762939453,16.690000534057617,16.700000762939453,33067,0.0,0.0,0.0
2025-10-07 04:15:00+00:00,16.700000762939453,16.700000762939453,16.690000534057617,16.700000762939453,14488,0.0,0.0,0.0
2025-10-07 04:20:00+00:00,16.700000762939453,16.700000762939453,16.690000534057617,16.690000534057617,21697,0.0,0.0,0.0
2025-10-07 04:25:00+00:00,16.700000762939453,16.700000762939453,16.690000534057617,16.690000534057617,27139,0.0,0.0,0.0
2025-10-07 04:30:00+00:00,16.700000762939453,16.700000762939453,16.68000030517578,16.68000030517578,35087,0.0,0.0,0.0
2025-10-07 04:35:00+00:00,16.68000030517578,16.690000534057617,16.68000030517578,16.690000534057617,35756,0.0,0.0,0.0
2025-10-07 04:40:00+00:00,16.690000534057617,16.690000534057617,16.68000030517578,16.68000030517578,14128,0.0,0.0,0.0
2025-10-07 04:45:00+00:00,16.68000030517578,16.690000534057617,16.68000030517578,16.68000030517578,20272,0.0,0.0,0.0
2025-10-07 04:50:00+00:00,16.68000030517578,16.68000030517578,16.670000076293945,16.670000076293945,24510,0.0,0.0,0.0
2025-10-07 04:55:00+00:00,16.670000076293945,16.68000030517578,16.670000076293945,16.68000030517578,24048,0.0,0.0,0.0
2025-10-07 05:00:00+00:00,16.68000030517578,16.68000030517578,16.68000030517578,16.68000030517578,16599,0.0,0.0,0.0
2025-10-07 05:05:00+00:00,16.68000030517578,16.68000030517578,16.68000030517578,16.68000030517578,14463,0.0,0.0,0.0
2025-10-07 05:10:00+00:00,16.670000076293945,16.68000030517578,16.670000076293945,16.670000076293945,39167,0.0,0.0,0.0
2025-10-07 05:15:00+00:00,16.68000030517578,16.68000030517578,16.670000076293945,16.670000076293945,81418,0.0,0.0,0.0
2025-10-07 05:20:00+00:00,16.65999984741211,16.670000076293945,16.65999984741211,16.670000076293945,65156,0.0,0.0,0.0
2025-10-08 01:00:00+00:00,16.559999465942383,16.559999465942383,16.5,16.530000686645508,0,0.0,0.0,0.0
2025-10-08 01:05:00+00:00,16.530000686645508,16.549999237060547,16.520000457763672,16.530000686645508,138713,0.0,0.0,0.0
2025-10-08 01:10:00+00:00,16.530000686645508,16.530000686645508,16.510000228881836,16.530000686645508,93302,0.0,0.0,0.0
2025-10-08 01:15:00+00:00,16.520000457763672,16.520000457763672,16.5,16.5,103271,0.0,0.0,0.0
2025-10-08 01:20:00+00:00,16.510000228881836,16.510000228881836,16.5,16.510000228881836,34359,0.0,0.0,0.0
2025-10-08 01:25:00+00:00,16.520000457763672,16.530000686645508,16.520000457763672,16.530000686645508,28422,0.0,0.0,0.0
2025-10-08 01:30:00+00:00,16.530000686645508,16.530000686645508,16.520000457763672,16.520000457763672,56630,0.0,0.0,0.0
2025-10-08 01:35:00+00:00,16.530000686645508,16.530000686645508,16.510000228881836,16.530000686645508,66947,0.0,0.0,0.0
2025-10-08 01:40:00+00:00,16.530000686645508,16.540000915527344,16.520000457763672,16.520000457763672,19872,0.0,0.0,0.0
2025-10-08 01:45:00+00:00,16.520000457763672,16.540000915527344,16.520000457763672,16.540000915527344,10449,0.0,0.0,0.0
2025-10-08 01:50:00+00:00,16.540000915527344,16.540000915527344,16.530000686645508,16.540000915527344,29427,0.0,0.0,0.0
2025-10-08 01:55:00+00:00,16.549999237060547,16.579999923706055,16.549999237060547,16.56999969482422,73201,0.0,0.0,0.0
2025-10-08 02:00:00+00:00,16.56999969482422,16.579999923706055,16.559999465942383,16.579999923706055,21317,0.0,0.0,0.0
2025-10-08 02:05:00+00:00,16.600000381469727,16.600000381469727,16.56999969482422,16.56999969482422,20599,0.0,0.0,0.0
2025-10-08 02:10:00+00:00,16.56999969482422,16.56999969482422,16.549999237060547,16.549999237060547,63430,0.0,0.0,0.0
2025-10-08 02:15:00+00:00,16.540000915527344,16.549999237060547,16.540000915527344,16.540000915527344,23983,0.0,0.0,0.0
2025-10-08 02:20:00+00:00,16.540000915527344,16.540000915527344,16.540000915527344,16.540000915527344,9511,0.0,0.0,0.0
2025-10-08 02:25:00+00:00,16.540000915527344,16.559999465942383,16.540000915527344,16.549999237060547,37157,0.0,0.0,0.0
2025-10-08 02:30:00+00:00,16.559999465942383,16.559999465942383,16.559999465942383,16.559999465942383,6092,0.0,0.0,0.0
2025-10-08 02:35:00+00:00,16.559999465942383,16.559999465942383,16.549999237060547,16.549999237060547,31180,0.0,0.0,0.0
2025-10-08 02:40:00+00:00,16.559999465942383,16.559999465942383,16.549999237060547,16.559999465942383,9330,0.0,0.0,0.0
2025-10-08 02:45:00+00:00,16.559999465942383,16.559999465942383,16.559999465942383,16.559999465942383,8139,0.0,0.0,0.0
2025-10-08 02:50:00+00:00,16.559999465942383,16.56999969482422,16.549999237060547,16.56999969482422,16140,0.0,0.0,0.0
2025-10-08 02:55:00+00:00,16.56999969482422,16.579999923706055,16.559999465942383,16.579999923706055,94594,0.0,0.0,0.0
2025-10-08 03:00:00+00:00,16.579999923706055,16.579999923706055,16.56999969482422,16.56999969482422,5165,0.0,0.0,0.0
2025-10-08 03:05:00+00:00,16.56999969482422,16.579999923706055,16.56999969482422,16.579999923706055,7267,0.0,0.0,0.0
2025-10-08 03:10:00+00:00,16.579999923706055,16.579999923706055,16.559999465942383,16.56999969482422,7537,0.0,0.0,0.0
2025-10-08 03:15:00+00:00,16.56999969482422,16.56999969482422,16.56999969482422,16.56999969482422,6965,0.0,0.0,0.0
2025-10-08 03:20:00+00:00,16.579999923706055,16.579999923706055,16.579999923706055,16.579999923706055,3170,0.0,0.0,0.0
2025-10-08 03:25:00+00:00,16.56999969482422,16.56999969482422,16.56999969482422,16.56999969482422,17106,0.0,0.0,0.0
2025-10-08 03:30:00+00:00,16.56999969482422,16.56999969482422,16.56999969482422,16.56999969482422,4323,0.0,0.0,0.0
2025-10-08 03:35:00+00:00,16.56999969482422,16.56999969482422,16.56999969482422,16.56999969482422,12268,0.0,0.0,0.0
2025-10-08 03:40:00+00:00,16.56999969482422,16.579999923706055,16.56999969482422,16.579999923706055,34583,0.0,0.0,0.0
2025-10-08 03:45:00+00:00,16.579999923706055,16.59000015258789,16.579999923706055,16.59000015258789,15032,0.0,0.0,0.0
2025-10-08 03:50:00+00:00,16.59000015258789,16.600000381469727,16.59000015258789,16.59000015258789,5025,0.0,0.0,0.0
2025-10-08 03:55:00+00:00,16.59000015258789,16.600000381469727,16.59000015258789,16.600000381469727,18023,0.0,0.0,0.0
2025-10-08 04:00:00+00:00,16.600000381469727,16.6200008392334,16.600000381469727,16.600000381469727,28476,0.0,0.0,0.0
2025-10-08 04:05:00+00:00,16.600000381469727,16.6200008392334,16.600000381469727,16.610000610351562,52348,0.0,0.0,0.0
2025-10-08 04:10:00+00:00,16.610000610351562,16.6200008392334,16.610000610351562,16.610000610351562,14025,0.0,0.0,0.0
2025-10-08 04:15:00+00:00,16.610000610351562,16.610000610351562,16.610000610351562,16.610000610351562,4569,0.0,0.0,0.0
2025-10-08 04:20:00+00:00,16.610000610351562,16.610000610351562,16.600000381469727,16.610000610351562,18657,0.0,0.0,0.0
2025-10-08 04:25:00+00:00,16.610000610351562,16.6200008392334,16.610000610351562,16.6200008392334,45093,0.0,0.0,0.0
2025-10-08 04:30:00+00:00,16.6200008392334,16.6200008392334,16.610000610351562,16.610000610351562,4575,0.0,0.0,0.0
2025-10-08 04:35:00+00:00,16.610000610351562,16.610000610351562,16.600000381469727,16.610000610351562,7676,0.0,0.0,0.0
2025-10-08 04:40:00+00:00,16.610000610351562,16.6200008392334,16.610000610351562,16.610000610351562,27800,0.0,0.0,0.0
2025-10-08 04:45:00+00:00,16.610000610351562,16.610000610351562,16.610000610351562,16.610000610351562,9448,0.0,0.0,0.0
2025-10-08 04:50:00+00:00,16.610000610351562,16.6200008392334,16.610000610351562,16.6200008392334,6301,0.0,0.0,0.0
2025-10-08 04:55:00+00:00,16.6200008392334,16.6200008392334,16.610000610351562,16.6200008392334,23638,0.0,0.0,0.0
2025-10-08 05:00:00+00:00,16.610000610351562,16.610000610351562,16.600000381469727,16.600000381469727,134624,0.0,0.0,0.0
2025-10-08 05:05:00+00:00,16.600000381469727,16.600000381469727,16.600000381469727,16.600000381469727,5267,0.0,0.0,0.0
2025-10-08 05:10:00+00:00,16.600000381469727,16.600000381469727,16.600000381469727,16.600000381469727,23215,0.0,0.0,0.0
2025-10-08 05:15:00+00:00,16.610000610351562,16.610000610351562,16.600000381469727,16.600000381469727,32276,0.0,0.0,0.0
2025-10-08 05:20:00+00:00,16.610000610351562,16.610000610351562,16.600000381469727,16.600000381469727,14115,0.0,0.0,0.0
2025-10-09 01:00:00+00:00,16.709999084472656,16.770000457763672,16.709999084472656,16.770000457763672,0,0.0,0.0,0.0
2025-10-09 01:05:00+00:00,16.770000457763672,16.770000457763672,16.729999542236328,16.739999771118164,92864,0.0,0.0,0.0
2025-10-09 01:10:00+00:00,16.739999771118164,16.739999771118164,16.709999084472656,16.709999084472656,89095,0.0,0.0,0.0
2025-10-09 01:15:00+00:00,16.709999084472656,16.709999084472656,16.690000534057617,16.709999084472656,72447,0.0,0.0,0.0
2025-10-09 01:20:00+00:00,16.709999084472656,16.709999084472656,16.709999084472656,16.709999084472656,39487,0.0,0.0,0.0
2025-10-09 01:25:00+00:00,16.709999084472656,16.719999313354492,16.700000762939453,16.709999084472656,18151,0.0,0.0,0.0
2025-10-09 01:30:00+00:00,16.719999313354492,16.739999771118164,16.719999313354492,16.729999542236328,100958,0.0,0.0,0.0
2025-10-09 01:35:00+00:00,16.729999542236328,16.739999771118164,16.719999313354492,16.729999542236328,115002,0.0,0.0,0.0
2025-10-09 01:40:00+00:00,16.719999313354492,16.729999542236328,16.719999313354492,16.729999542236328,22783,0.0,0.0,0.0
2025-10-09 01:45:00+00:00,16.729999542236328,16.739999771118164,16.719999313354492,16.739999771118164,71297,0.0,0.0,0.0
2025-10-09 01:50:00+00:00,16.739999771118164,16.739999771118164,16.739999771118164,16.739999771118164,74233,0.0,0.0,0.0
2025-10-09 01:55:00+00:00,16.739999771118164,16.739999771118164,16.739999771118164,16.739999771118164,24307,0.0,0.0,0.0
2025-10-09 02:00:00+00:00,16.739999771118164,16.75,16.719999313354492,16.739999771118164,278270,0.0,0.0,0.0
2025-10-09 02:05:00+00:00,16.729999542236328,16.729999542236328,16.700000762939453,16.700000762939453,144180,0.0,0.0,0.0
2025-10-09 02:10:00+00:00,16.719999313354492,16.719999313354492,16.700000762939453,16.719999313354492,6648,0.0,0.0,0.0
2025-10-09 02:15:00+00:00,16.719999313354492,16.719999313354492,16.719999313354492,16.719999313354492,2248,0.0,0.0,0.0
2025-10-09 02:20:00+00:00,16.709999084472656,16.719999313354492,16.709999084472656,16.709999084472656,7951,0.0,0.0,0.0
2025-10-09 02:25:00+00:00,16.719999313354492,16.719999313354492,16.709999084472656,16.709999084472656,13048,0.0,0.0,0.0
2025-10-09 02:30:00+00:00,16.719999313354492,16.729999542236328,16.709999084472656,16.729999542236328,33373,0.0,0.0,0.0
2025-10-09 02:35:00+00:00,16.729999542236328,16.729999542236328,16.719999313354492,16.719999313354492,91015,0.0,0.0,0.0
2025-10-09 02:40:00+00:00,16.719999313354492,16.719999313354492,16.719999313354492,16.719999313354492,2415,0.0,0.0,0.0
2025-10-09 02:45:00+00:00,16.719999313354492,16.719999313354492,16.709999084472656,16.709999084472656,41661,0.0,0.0,0.0
2025-10-09 02:50:00+00:00,16.709999084472656,16.719999313354492,16.709999084472656,16.719999313354492,15615,0.0,0.0,0.0
2025-10-09 02:55:00+00:00,16.719999313354492,16.729999542236328,16.719999313354492,16.719999313354492,18202,0.0,0.0,0.0
2025-10-09 03:00:00+00:00,16.719999313354492,16.719999313354492,16.709999084472656,16.709999084472656,11612,0.0,0.0,0.0
2025-10-09 03:05:00+00:00,16.719999313354492,16.719999313354492,16.719999313354492,16.719999313354492,22488,0.0,0.0,0.0
2025-10-09 03:10:00+00:00,16.719999313354492,16.719999313354492,16.719999313354492,16.719999313354492,6248,0.0,0.0,0.0
2025-10-09 03:15:00+00:00,16.729999542236328,16.739999771118164,16.729999542236328,16.739999771118164,25057,0.0,0.0,0.0
2025-10-09 03:20:00+00:00,16.729999542236328,16.739999771118164,16.729999542236328,16.739999771118164,19176,0.0,0.0,0.0
2025-10-09 03:25:00+00:00,16.729999542236328,16.729999542236328,16.719999313354492,16.719999313354492,14145,0.0,0.0,0.0
2025-10-09 03:30:00+00:00,16.739999771118164,16.739999771118164,16.739999771118164,16.739999771118164,3698,0.0,0.0,0.0
2025-10-09 03:35:00+00:00,16.729999542236328,16.729999542236328,16.729999542236328,16.729999542236328,1044,0.0,0.0,0.0
2025-10-09 03:40:00+00:00,16.729999542236328,16.729999542236328,16.729999542236328,16.729999542236328,9120,0.0,0.0,0.0
2025-10-09 03:45:00+00:00,16.739999771118164,16.739999771118164,16.739999771118164,16.739999771118164,6625,0.0,0.0,0.0
2025-10-09 03:50:00+00:00,16.729999542236328,16.729999542236328,16.709999084472656,16.709999084472656,155039,0.0,0.0,0.0
2025-10-09 03:55:00+00:00,16.709999084472656,16.709999084472656,16.700000762939453,16.700000762939453,13060,0.0,0.0,0.0
2025-10-09 04:00:00+00:00,16.719999313354492,16.719999313354492,16.719999313354492,16.719999313354492,1073,0.0,0.0,0.0
2025-10-09 04:05:00+00:00,16.719999313354492,16.719999313354492,16.700000762939453,16.719999313354492,6256,0.0,0.0,0.0
2025-10-09 04:10:00+00:00,16.709999084472656,16.709999084472656,16.690000534057617,16.690000534057617,167784,0.0,0.0,0.0
2025-10-09 04:15:00+00:00,16.690000534057617,16.709999084472656,16.690000534057617,16.709999084472656,71266,0.0,0.0,0.0
2025-10-09 04:20:00+00:00,16.709999084472656,16.709999084472656,16.700000762939453,16.700000762939453,13054,0.0,0.0,0.0
2025-10-09 04:25:00+00:00,16.700000762939453,16.700000762939453,16.700000762939453,16.700000762939453,5042,0.0,0.0,0.0
2025-10-09 04:30:00+00:00,16.709999084472656,16.709999084472656,16.709999084472656,16.709999084472656,8704,0.0,0.0,0.0
2025-10-09 04:35:00+00:00,16.709999084472656,16.709999084472656,16.709999084472656,16.709999084472656,17593,0.0,0.0,0.0
2025-10-09 04:40:00+00:00,16.709999084472656,16.709999084472656,16.709999084472656,16.709999084472656,13020,0.0,0.0,0.0
2025-10-09 04:45:00+00:00,16.709999084472656,16.709999084472656,16.700000762939453,16.700000762939453,10090,0.0,0.0,0.0
2025-10-09 04:50:00+00:00,16.709999084472656,16.709999084472656,16.700000762939453,16.700000762939453,58688,0.0,0.0,0.0
2025-10-09 04:55:00+00:00,16.690000534057617,16.700000762939453,16.690000534057617,16.700000762939453,16559,0.0,0.0,0.0
2025-10-09 05:00:00+00:00,16.700000762939453,16.700000762939453,16.700000762939453,16.700000762939453,4759,0.0,0.0,0.0
2025-10-09 05:05:00+00:00,16.690000534057617,16.709999084472656,16.690000534057617,16.700000762939453,19690,0.0,0.0,0.0
2025-10-09 05:10:00+00:00,16.700000762939453,16.709999084472656,16.700000762939453,16.700000762939453,7013,0.0,0.0,0.0
2025-10-09 05:15:00+00:00,16.709999084472656,16.709999084472656,16.690000534057617,16.700000762939453,117798,0.0,0.0,0.0
2025-10-09 05:20:00+00:00,16.700000762939453,16.700000762939453,16.700000762939453,16.700000762939453,23814,0.0,0.0,0.0
2025-10-13 01:00:00+00:00,16.18000030517578,16.309999465942383,16.18000030517578,16.309999465942383,0,0.0,0.0,0.0
2025-10-13 01:05:00+00:00,16.309999465942383,16.3700008392334,16.309999465942383,16.350000381469727,304012,0.0,0.0,0.0
2025-10-13 01:10:00+00:00,16.350000381469727,16.360000610351562,16.34000015258789,16.350000381469727,357423,0.0,0.0,0.0
2025-10-13 01:15:00+00:00,16.350000381469727,16.3700008392334,16.34000015258789,16.3700008392334,203629,0.0,0.0,0.0
2025-10-13 01:20:00+00:00,16.3700008392334,16.399999618530273,16.3700008392334,16.399999618530273,110507,0.0,0.0,0.0
2025-10-13 01:25:00+00:00,16.420000076293945,16.440000534057617,16.399999618530273,16.420000076293945,163484,0.0,0.0,0.0
2025-10-13 01:30:00+00:00,16.440000534057617,16.450000762939453,16.440000534057617,16.450000762939453,118124,0.0,0.0,0.0
2025-10-13 01:35:00+00:00,16.450000762939453,16.459999084472656,16.399999618530273,16.399999618530273,228450,0.0,0.0,0.0
2025-10-13 01:40:00+00:00,16.399999618530273,16.399999618530273,16.389999389648438,16.399999618530273,103394,0.0,0.0,0.0
2025-10-13 01:45:00+00:00,16.399999618530273,16.40999984741211,16.399999618530273,16.399999618530273,44654,0.0,0.0,0.0
2025-10-13 01:50:00+00:00,16.40999984741211,16.40999984741211,16.399999618530273,16.40999984741211,41148,0.0,0.0,0.0
2025-10-13 01:55:00+00:00,16.40999984741211,16.450000762939453,16.399999618530273,16.450000762939453,77022,0.0,0.0,0.0
2025-10-13 02:00:00+00:00,16.450000762939453,16.450000762939453,16.420000076293945,16.440000534057617,47776,0.0,0.0,0.0
2025-10-13 02:05:00+00:00,16.440000534057617,16.459999084472656,16.440000534057617,16.450000762939453,31551,0.0,0.0,0.0
2025-10-13 02:10:00+00:00,16.450000762939453,16.450000762939453,16.450000762939453,16.450000762939453,20528,0.0,0.0,0.0
2025-10-13 02:15:00+00:00,16.459999084472656,16.459999084472656,16.459999084472656,16.459999084472656,22438,0.0,0.0,0.0
2025-10-13 02:20:00+00:00,16.469999313354492,16.469999313354492,16.459999084472656,16.469999313354492,27561,0.0,0.0,0.0
2025-10-13 02:25:00+00:00,16.469999313354492,16.479999542236328,16.469999313354492,16.479999542236328,22284,0.0,0.0,0.0
2025-10-13 02:30:00+00:00,16.479999542236328,16.479999542236328,16.479999542236328,16.479999542236328,16523,0.0,0.0,0.0
2025-10-13 02:35:00+00:00,16.5,16.5,16.459999084472656,16.469999313354492,59309,0.0,0.0,0.0
2025-10-13 02:40:00+00:00,16.469999313354492,16.469999313354492,16.440000534057617,16.440000534057617,99801,0.0,0.0,0.0
2025-10-13 02:45:00+00:00,16.43000030517578,16.440000534057617,16.43000030517578,16.43000030517578,49579,0.0,0.0,0.0
2025-10-13 02:50:00+00:00,16.440000534057617,16.440000534057617,16.43000030517578,16.43000030517578,47126,0.0,0.0,0.0
2025-10-13 02:55:00+00:00,16.440000534057617,16.440000534057617,16.420000076293945,16.43000030517578,42811,0.0,0.0,0.0
2025-10-13 03:00:00+00:00,16.420000076293945,16.43000030517578,16.420000076293945,16.43000030517578,14240,0.0,0.0,0.0
2025-10-13 03:05:00+00:00,16.43000030517578,16.43000030517578,16.43000030517578,16.43000030517578,10502,0.0,0.0,0.0
2025-10-13 03:10:00+00:00,16.450000762939453,16.459999084472656,16.450000762939453,16.459999084472656,9306,0.0,0.0,0.0
2025-10-13 03:15:00+00:00,16.459999084472656,16.459999084472656,16.459999084472656,16.459999084472656,6984,0.0,0.0,0.0
2025-10-13 03:20:00+00:00,16.450000762939453,16.459999084472656,16.450000762939453,16.459999084472656,19739,0.0,0.0,0.0
2025-10-13 03:25:00+00:00,16.459999084472656,16.469999313354492,16.450000762939453,16.459999084472656,36267,0.0,0.0,0.0
2025-10-13 03:30:00+00:00,16.459999084472656,16.459999084472656,16.440000534057617,16.440000534057617,51639,0.0,0.0,0.0
2025-10-13 03:35:00+00:00,16.450000762939453,16.450000762939453,16.440000534057617,16.440000534057617,46503,0.0,0.0,0.0
2025-10-13 03:40:00+00:00,16.440000534057617,16.450000762939453,16.440000534057617,16.450000762939453,27029,0.0,0.0,0.0
2025-10-13 03:45:00+00:00,16.450000762939453,16.450000762939453,16.420000076293945,16.420000076293945,47749,0.0,0.0,0.0
2025-10-13 03:50:00+00:00,16.420000076293945,16.43000030517578,16.420000076293945,16.420000076293945,40395,0.0,0.0,0.0
2025-10-13 03:55:00+00:00,16.43000030517578,16.43000030517578,16.420000076293945,16.43000030517578,108228,0.0,0.0,0.0
2025-10-13 04:00:00+00:00,16.440000534057617,16.440000534057617,16.43000030517578,16.43000030517578,22250,0.0,0.0,0.0
2025-10-13 04:05:00+00:00,16.43000030517578,16.43000030517578,16.420000076293945,16.43000030517578,28241,0.0,0.0,0.0
2025-10-13 04:10:00+00:00,16.43000030517578,16.43000030517578,16.420000076293945,16.43000030517578,79319,0.0,0.0,0.0
2025-10-13 04:15:00+00:00,16.43000030517578,16.43000030517578,16.420000076293945,16.420000076293945,37584,0.0,0.0,0.0
2025-10-13 04:20:00+00:00,16.420000076293945,16.420000076293945,16.40999984741211,16.40999984741211,76198,0.0,0.0,0.0
2025-10-13 04:25:00+00:00,16.420000076293945,16.420000076293945,16.40999984741211,16.40999984741211,36580,0.0,0.0,0.0
2025-10-13 04:30:00+00:00,16.43000030517578,16.43000030517578,16.420000076293945,16.43000030517578,12850,0.0,0.0,0.0
2025-10-13 04:35:00+00:00,16.43000030517578,16.43000030517578,16.420000076293945,16.43000030517578,21265,0.0,0.0,0.0
2025-10-13 04:40:00+00:00,16.43000030517578,16.440000534057617,16.420000076293945,16.440000534057617,13466,0.0,0.0,0.0
2025-10-13 04:45:00+00:00,16.440000534057617,16.450000762939453,16.440000534057617,16.440000534057617,13710,0.0,0.0,0.0
2025-10-13 04:50:00+00:00,16.440000534057617,16.440000534057617,16.43000030517578,16.440000534057617,14655,0.0,0.0,0.0
2025-10-13 04:55:00+00:00,16.440000534057617,16.450000762939453,16.440000534057617,16.450000762939453,17552,0.0,0.0,0.0
2025-10-13 05:00:00+00:00,16.450000762939453,16.450000762939453,16.450000762939453,16.450000762939453,36053,0.0,0.0,0.0
2025-10-13 05:05:00+00:00,16.450000762939453,16.459999084472656,16.450000762939453,16.459999084472656,51937,0.0,0.0,0.0
2025-10-13 05:10:00+00:00,16.459999084472656,16.459999084472656,16.450000762939453,16.459999084472656,39378,0.0,0.0,0.0
2025-10-13 05:15:00+00:00,16.469999313354492,16.479999542236328,16.469999313354492,16.479999542236328,32265,0.0,0.0,0.0
2025-10-13 05:20:00+00:00,16.469999313354492,16.5,16.469999313354492,16.489999771118164,33470,0.0,0.0,0.0
2025-10-14 01:00:00+00:00,16.709999084472656,16.799999237060547,16.709999084472656,16.790000915527344,0,0.0,0.0,0.0
2025-10-14 01:05:00+00:00,16.790000915527344,16.790000915527344,16.760000228881836,16.780000686645508,156445,0.0,0.0,0.0
2025-10-14 01:10:00+00:00,16.780000686645508,16.790000915527344,16.770000457763672,16.770000457763672,33362,0.0,0.0,0.0
2025-10-14 01:15:00+00:00,16.770000457763672,16.770000457763672,16.729999542236328,16.729999542236328,47596,0.0,0.0,0.0
2025-10-14 01:20:00+00:00,16.729999542236328,16.729999542236328,16.700000762939453,16.700000762939453,36452,0.0,0.0,0.0
2025-10-14 01:25:00+00:00,16.709999084472656,16.719999313354492,16.700000762939453,16.719999313354492,123268,0.0,0.0,0.0
2025-10-14 01:30:00+00:00,16.729999542236328,16.729999542236328,16.709999084472656,16.729999542236328,76685,0.0,0.0,0.0
2025-10-14 01:35:00+00:00,16.729999542236328,16.729999542236328,16.729999542236328,16.729999542236328,6312,0.0,0.0,0.0
2025-10-14 01:40:00+00:00,16.729999542236328,16.75,16.729999542236328,16.75,46969,0.0,0.0,0.0
2025-10-14 01:45:00+00:00,16.75,16.760000228881836,16.739999771118164,16.739999771118164,26734,0.0,0.0,0.0
2025-10-14 01:50:00+00:00,16.739999771118164,16.739999771118164,16.739999771118164,16.739999771118164,13397,0.0,0.0,0.0
2025-10-14 01:55:00+00:00,16.739999771118164,16.75,16.729999542236328,16.729999542236328,19145,0.0,0.0,0.0
2025-10-14 02:00:00+00:00,16.739999771118164,16.739999771118164,16.729999542236328,16.739999771118164,14448,0.0,0.0,0.0
2025-10-14 02:05:00+00:00,16.739999771118164,16.75,16.709999084472656,16.75,140222,0.0,0.0,0.0
2025-10-14 02:10:00+00:00,16.729999542236328,16.729999542236328,16.729999542236328,16.729999542236328,3021,0.0,0.0,0.0
2025-10-14 02:15:00+00:00,16.729999542236328,16.729999542236328,16.729999542236328,16.729999542236328,57228,0.0,0.0,0.0
2025-10-14 02:20:00+00:00,16.739999771118164,16.739999771118164,16.729999542236328,16.729999542236328,22264,0.0,0.0,0.0
2025-10-14 02:25:00+00:00,16.719999313354492,16.719999313354492,16.670000076293945,16.670000076293945,98540,0.0,0.0,0.0
2025-10-14 02:30:00+00:00,16.670000076293945,16.670000076293945,16.670000076293945,16.670000076293945,4355,0.0,0.0,0.0
2025-10-14 02:35:00+00:00,16.670000076293945,16.670000076293945,16.639999389648438,16.649999618530273,96668,0.0,0.0,0.0
2025-10-14 02:40:00+00:00,16.649999618530273,16.65999984741211,16.649999618530273,16.65999984741211,20031,0.0,0.0,0.0
2025-10-14 02:45:00+00:00,16.65999984741211,16.65999984741211,16.6299991607666,16.6299991607666,28051,0.0,0.0,0.0
2025-10-14 02:50:00+00:00,16.6299991607666,16.6299991607666,16.6200008392334,16.6200008392334,4875,0.0,0.0,0.0
2025-10-14 02:55:00+00:00,16.6200008392334,16.6200008392334,16.610000610351562,16.610000610351562,5290,0.0,0.0,0.0
2025-10-14 03:00:00+00:00,16.610000610351562,16.6200008392334,16.600000381469727,16.600000381469727,43170,0.0,0.0,0.0
2025-10-14 03:05:00+00:00,16.600000381469727,16.600000381469727,16.59000015258789,16.59000015258789,23120,0.0,0.0,0.0
2025-10-14 03:10:00+00:00,16.600000381469727,16.610000610351562,16.59000015258789,16.610000610351562,44090,0.0,0.0,0.0
2025-10-14 03:15:00+00:00,16.600000381469727,16.600000381469727,16.600000381469727,16.600000381469727,32038,0.0,0.0,0.0
2025-10-14 03:20:00+00:00,16.600000381469727,16.600000381469727,16.600000381469727,16.600000381469727,12641,0.0,0.0,0.0
2025-10-14 03:25:00+00:00,16.600000381469727,16.610000610351562,16.600000381469727,16.610000610351562,3341,0.0,0.0,0.0
2025-10-14 03:30:00+00:00,16.6200008392334,16.6200008392334,16.600000381469727,16.610000610351562,15079,0.0,0.0,0.0
2025-10-14 03:35:00+00:00,16.6200008392334,16.6200008392334,16.610000610351562,16.610000610351562,6101,0.0,0.0,0.0
2025-10-14 03:40:00+00:00,16.610000610351562,16.610000610351562,16.600000381469727,16.600000381469727,23613,0.0,0.0,0.0
2025-10-14 03:45:00+00:00,16.600000381469727,16.600000381469727,16.59000015258789,16.600000381469727,11189,0.0,0.0,0.0
2025-10-14 03:50:00+00:00,16.600000381469727,16.600000381469727,16.59000015258789,16.600000381469727,8571,0.0,0.0,0.0
2025-10-14 03:55:00+00:00,16.600000381469727,16.600000381469727,16.600000381469727,16.600000381469727,12000,0.0,0.0,0.0
2025-10-14 04:00:00+00:00,16.600000381469727,16.600000381469727,16.579999923706055,16.579999923706055,47407,0.0,0.0,0.0
2025-10-14 04:05:00+00:00,16.56999969482422,16.56999969482422,16.549999237060547,16.549999237060547,23695,0.0,0.0,0.0
2025-10-14 04:10:00+00:00,16.559999465942383,16.559999465942383,16.530000686645508,16.530000686645508,38081,0.0,0.0,0.0
2025-10-14 04:15:00+00:00,16.520000457763672,16.520000457763672,16.489999771118164,16.489999771118164,84805,0.0,0.0,0.0
2025-10-14 04:20:00+00:00,16.489999771118164,16.489999771118164,16.450000762939453,16.459999084472656,121681,0.0,0.0,0.0
2025-10-14 04:25:00+00:00,16.479999542236328,16.479999542236328,16.440000534057617,16.459999084472656,95829,0.0,0.0,0.0
2025-10-14 04:30:00+00:00,16.450000762939453,16.450000762939453,16.43000030517578,16.440000534057617,60262,0.0,0.0,0.0
2025-10-14 04:35:00+00:00,16.440000534057617,16.440000534057617,16.420000076293945,16.420000076293945,81424,0.0,0.0,0.0
2025-10-14 04:40:00+00:00,16.420000076293945,16.420000076293945,16.3799991607666,16.389999389648438,136872,0.0,0.0,0.0
2025-10-14 04:45:00+00:00,16.389999389648438,16.389999389648438,16.3799991607666,16.3799991607666,104512,0.0,0.0,0.0
2025-10-14 04:50:00+00:00,16.3799991607666,16.389999389648438,16.3799991607666,16.3799991607666,31087,0.0,0.0,0.0
2025-10-14 04:55:00+00:00,16.3799991607666,16.40999984741211,16.3700008392334,16.40999984741211,158246,0.0,0.0,0.0
2025-10-14 05:00:00+00:00,16.43000030517578,16.43000030517578,16.399999618530273,16.399999618530273,81831,0.0,0.0,0.0
2025-10-14 05:05:00+00:00,16.399999618530273,16.399999618530273,16.3799991607666,16.3799991607666,27256,0.0,0.0,0.0
2025-10-14 05:10:00+00:00,16.389999389648438,16.399999618530273,16.3799991607666,16.3799991607666,156178,0.0,0.0,0.0
2025-10-14 05:15:00+00:00,16.399999618530273,16.399999618530273,16.3799991607666,16.399999618530273,178676,0.0,0.0,0.0
2025-10-14 05:20:00+00:00,16.389999389648438,16.399999618530273,16.3799991607666,16.389999389648438,234491,0.0,0.0,0.0
2025-10-15 01:00:00+00:00,16.40999984741211,16.479999542236328,16.40999984741211,16.420000076293945,0,0.0,0.0,0.0
2025-10-15 01:05:00+00:00,16.420000076293945,16.420000076293945,16.3700008392334,16.3799991607666,99000,0.0,0.0,0.0
2025-10-15 01:10:00+00:00,16.3700008392334,16.399999618530273,16.34000015258789,16.399999618530273,280522,0.0,0.0,0.0
2025-10-15 01:15:00+00:00,16.40999984741211,16.420000076293945,16.399999618530273,16.40999984741211,36193,0.0,0.0,0.0
2025-10-15 01:20:00+00:00,16.40999984741211,16.420000076293945,16.399999618530273,16.399999618530273,39788,0.0,0.0,0.0
2025-10-15 01:25:00+00:00,16.40999984741211,16.450000762939453,16.399999618530273,16.450000762939453,23382,0.0,0.0,0.0
2025-10-15 01:30:00+00:00,16.450000762939453,16.469999313354492,16.450000762939453,16.469999313354492,58865,0.0,0.0,0.0
2025-10-15 01:35:00+00:00,16.469999313354492,16.489999771118164,16.469999313354492,16.469999313354492,27121,0.0,0.0,0.0
2025-10-15 01:40:00+00:00,16.469999313354492,16.489999771118164,16.469999313354492,16.489999771118164,11184,0.0,0.0,0.0
2025-10-15 01:45:00+00:00,16.5,16.5,16.489999771118164,16.489999771118164,9073,0.0,0.0,0.0
2025-10-15 01:50:00+00:00,16.5,16.5,16.5,16.5,19845,0.0,0.0,0.0
2025-10-15 01:55:00+00:00,16.5,16.5,16.489999771118164,16.489999771118164,23378,0.0,0.0,0.0
2025-10-15 02:00:00+00:00,16.5,16.540000915527344,16.5,16.540000915527344,102475,0.0,0.0,0.0
2025-10-15 02:05:00+00:00,16.540000915527344,16.540000915527344,16.5,16.5,38752,0.0,0.0,0.0
2025-10-15 02:10:00+00:00,16.5,16.510000228881836,16.5,16.5,5077,0.0,0.0,0.0
2025-10-15 02:15:00+00:00,16.520000457763672,16.520000457763672,16.489999771118164,16.510000228881836,9254,0.0,0.0,0.0
2025-10-15 02:20:00+00:00,16.510000228881836,16.530000686645508,16.510000228881836,16.530000686645508,246399,0.0,0.0,0.0
2025-10-15 02:25:00+00:00,16.530000686645508,16.530000686645508,16.530000686645508,16.530000686645508,23277,0.0,0.0,0.0
2025-10-15 02:30:00+00:00,16.530000686645508,16.540000915527344,16.530000686645508,16.530000686645508,9322,0.0,0.0,0.0
2025-10-15 02:35:00+00:00,16.540000915527344,16.540000915527344,16.540000915527344,16.540000915527344,12201,0.0,0.0,0.0
2025-10-15 02:40:00+00:00,16.540000915527344,16.549999237060547,16.530000686645508,16.549999237060547,20631,0.0,0.0,0.0
2025-10-15 02:45:00+00:00,16.549999237060547,16.549999237060547,16.520000457763672,16.520000457763672,239043,0.0,0.0,0.0
2025-10-15 02:50:00+00:00,16.520000457763672,16.549999237060547,16.520000457763672,16.549999237060547,152117,0.0,0.0,0.0
2025-10-15 02:55:00+00:00,16.540000915527344,16.540000915527344,16.520000457763672,16.530000686645508,42074,0.0,0.0,0.0
2025-10-15 03:00:00+00:00,16.530000686645508,16.549999237060547,16.530000686645508,16.549999237060547,33255,0.0,0.0,0.0
2025-10-15 03:05:00+00:00,16.549999237060547,16.559999465942383,16.540000915527344,16.559999465942383,28666,0.0,0.0,0.0
2025-10-15 03:10:00+00:00,16.559999465942383,16.56999969482422,16.559999465942383,16.56999969482422,5189,0.0,0.0,0.0
2025-10-15 03:15:00+00:00,16.56999969482422,16.579999923706055,16.56999969482422,16.579999923706055,12723,0.0,0.0,0.0
2025-10-15 03:20:00+00:00,16.56999969482422,16.56999969482422,16.56999969482422,16.56999969482422,10200,0.0,0.0,0.0
2025-10-15 03:25:00+00:00,16.56999969482422,16.579999923706055,16.56999969482422,16.56999969482422,54320,0.0,0.0,0.0
2025-10-15 03:30:00+00:00,16.579999923706055,16.579999923706055,16.579999923706055,16.579999923706055,6108,0.0,0.0,0.0
2025-10-15 03:35:00+00:00,16.59000015258789,16.59000015258789,16.579999923706055,16.579999923706055,10028,0.0,0.0,0.0
2025-10-15 03:40:00+00:00,16.579999923706055,16.59000015258789,16.579999923706055,16.59000015258789,7124,0.0,0.0,0.0
2025-10-15 03:45:00+00:00,16.56999969482422,16.59000015258789,16.56999969482422,16.59000015258789,5580,0.0,0.0,0.0
2025-10-15 03:50:00+00:00,16.579999923706055,16.579999923706055,16.579999923706055,16.579999923706055,6627,0.0,0.0,0.0
2025-10-15 03:55:00+00:00,16.579999923706055,16.579999923706055,16.579999923706055,16.579999923706055,1084,0.0,0.0,0.0
2025-10-15 04:00:00+00:00,16.579999923706055,16.579999923706055,16.549999237060547,16.549999237060547,26895,0.0,0.0,0.0
2025-10-15 04:05:00+00:00,16.549999237060547,16.559999465942383,16.549999237060547,16.559999465942383,10059,0.0,0.0,0.0
2025-10-15 04:10:00+00:00,16.559999465942383,16.559999465942383,16.559999465942383,16.559999465942383,4083,0.0,0.0,0.0
2025-10-15 04:15:00+00:00,16.559999465942383,16.559999465942383,16.549999237060547,16.549999237060547,9822,0.0,0.0,0.0
2025-10-15 04:20:00+00:00,16.559999465942383,16.559999465942383,16.559999465942383,16.559999465942383,2078,0.0,0.0,0.0
2025-10-15 04:25:00+00:00,16.559999465942383,16.559999465942383,16.559999465942383,16.559999465942383,1566,0.0,0.0,0.0
2025-10-15 04:30:00+00:00,16.559999465942383,16.559999465942383,16.549999237060547,16.559999465942383,184555,0.0,0.0,0.0
2025-10-15 04:35:00+00:00,16.559999465942383,16.559999465942383,16.549999237060547,16.549999237060547,8080,0.0,0.0,0.0
2025-10-15 04:40:00+00:00,16.549999237060547,16.559999465942383,16.549999237060547,16.559999465942383,55204,0.0,0.0,0.0
2025-10-15 04:45:00+00:00,16.559999465942383,16.56999969482422,16.559999465942383,16.56999969482422,11170,0.0,0.0,0.0
2025-10-15 04:50:00+00:00,16.56999969482422,16.56999969482422,16.559999465942383,16.559999465942383,13755,0.0,0.0,0.0
2025-10-15 04:55:00+00:00,16.56999969482422,16.579999923706055,16.56999969482422,16.579999923706055,13030,0.0,0.0,0.0
2025-10-15 05:00:00+00:00,16.579999923706055,16.579999923706055,16.56999969482422,16.56999969482422,15856,0.0,0.0,0.0
2025-10-15 05:05:00+00:00,16.579999923706055,16.579999923706055,16.56999969482422,16.56999969482422,6030,0.0,0.0,0.0
2025-10-15 05:10:00+00:00,16.579999923706055,16.59000015258789,16.579999923706055,16.59000015258789,82635,0.0,0.0,0.0
2025-10-15 05:15:00+00:00,16.600000381469727,16.6200008392334,16.59000015258789,16.6200008392334,67386,0.0,0.0,0.0
2025-10-15 05:20:00+00:00,16.610000610351562,16.6200008392334,16.610000610351562,16.610000610351562,38992,0.0,0.0,0.0
2025-10-16 01:00:00+00:00,16.739999771118164,16.780000686645508,16.739999771118164,16.760000228881836,0,0.0,0.0,0.0
2025-10-16 01:05:00+00:00,16.75,16.760000228881836,16.75,16.75,50424,0.0,0.0,0.0
2025-10-16 01:10:00+00:00,16.760000228881836,16.760000228881836,16.719999313354492,16.760000228881836,84857,0.0,0.0,0.0
2025-10-16 01:15:00+00:00,16.760000228881836,16.770000457763672,16.75,16.770000457763672,35522,0.0,0.0,0.0
2025-10-16 01:20:00+00:00,16.760000228881836,16.760000228881836,16.760000228881836,16.760000228881836,47925,0.0,0.0,0.0
2025-10-16 01:25:00+00:00,16.760000228881836,16.770000457763672,16.760000228881836,16.770000457763672,14072,0.0,0.0,0.0
2025-10-16 01:30:00+00:00,16.770000457763672,16.809999465942383,16.770000457763672,16.809999465942383,131510,0.0,0.0,0.0
2025-10-16 01:35:00+00:00,16.81999969482422,16.84000015258789,16.81999969482422,16.84000015258789,60423,0.0,0.0,0.0
2025-10-16 01:40:00+00:00,16.84000015258789,16.850000381469727,16.84000015258789,16.850000381469727,50435,0.0,0.0,0.0
2025-10-16 01:45:00+00:00,16.84000015258789,16.850000381469727,16.84000015258789,16.850000381469727,35827,0.0,0.0,0.0
2025-10-16 01:50:00+00:00,16.84000015258789,16.860000610351562,16.84000015258789,16.860000610351562,43763,0.0,0.0,0.0
2025-10-16 01:55:00+00:00,16.860000610351562,16.8700008392334,16.860000610351562,16.8700008392334,24988,0.0,0.0,0.0
2025-10-16 02:00:00+00:00,16.8700008392334,16.8799991607666,16.8700008392334,16.8700008392334,14461,0.0,0.0,0.0
2025-10-16 02:05:00+00:00,16.8700008392334,16.8799991607666,16.860000610351562,16.8799991607666,68203,0.0,0.0,0.0
2025-10-16 02:10:00+00:00,16.889999389648438,16.889999389648438,16.8799991607666,16.8799991607666,33396,0.0,0.0,0.0
2025-10-16 02:15:00+00:00,16.8799991607666,16.889999389648438,16.8700008392334,16.8799991607666,34100,0.0,0.0,0.0
2025-10-16 02:20:00+00:00,16.889999389648438,16.889999389648438,16.850000381469727,16.850000381469727,38392,0.0,0.0,0.0
2025-10-16 02:25:00+00:00,16.850000381469727,16.850000381469727,16.84000015258789,16.84000015258789,79320,0.0,0.0,0.0
2025-10-16 02:30:00+00:00,16.850000381469727,16.860000610351562,16.790000915527344,16.790000915527344,456007,0.0,0.0,0.0
2025-10-16 02:35:00+00:00,16.790000915527344,16.790000915527344,16.75,16.780000686645508,79577,0.0,0.0,0.0
2025-10-16 02:40:00+00:00,16.780000686645508,16.799999237060547,16.780000686645508,16.799999237060547,93689,0.0,0.0,0.0
2025-10-16 02:45:00+00:00,16.799999237060547,16.809999465942383,16.799999237060547,16.799999237060547,8096,0.0,0.0,0.0
2025-10-16 02:50:00+00:00,16.809999465942383,16.829999923706055,16.799999237060547,16.829999923706055,41340,0.0,0.0,0.0
2025-10-16 02:55:00+00:00,16.81999969482422,16.829999923706055,16.81999969482422,16.829999923706055,6037,0.0,0.0,0.0
2025-10-16 03:00:00+00:00,16.84000015258789,16.850000381469727,16.84000015258789,16.850000381469727,9024,0.0,0.0,0.0
2025-10-16 03:05:00+00:00,16.850000381469727,16.850000381469727,16.850000381469727,16.850000381469727,8544,0.0,0.0,0.0
2025-10-16 03:10:00+00:00,16.850000381469727,16.850000381469727,16.829999923706055,16.829999923706055,19632,0.0,0.0,0.0
2025-10-16 03:15:00+00:00,16.81999969482422,16.829999923706055,16.81999969482422,16.829999923706055,9055,0.0,0.0,0.0
2025-10-16 03:20:00+00:00,16.829999923706055,16.829999923706055,16.81999969482422,16.81999969482422,4125,0.0,0.0,0.0
2025-10-16 03:25:00+00:00,16.829999923706055,16.829999923706055,16.829999923706055,16.829999923706055,1000,0.0,0.0,0.0
2025-10-16 03:30:00+00:00,16.829999923706055,16.829999923706055,16.81999969482422,16.81999969482422,5053,0.0,0.0,0.0
2025-10-16 03:35:00+00:00,16.829999923706055,16.84000015258789,16.81999969482422,16.81999969482422,4853,0.0,0.0,0.0
2025-10-16 03:40:00+00:00,16.81999969482422,16.84000015258789,16.81999969482422,16.81999969482422,23079,0.0,0.0,0.0
2025-10-16 03:45:00+00:00,16.829999923706055,16.84000015258789,16.829999923706055,16.84000015258789,16069,0.0,0.0,0.0
2025-10-16 03:50:00+00:00,16.84000015258789,16.84000015258789,16.829999923706055,16.84000015258789,58070,0.0,0.0,0.0
2025-10-16 03:55:00+00:00,16.850000381469727,16.850000381469727,16.850000381469727,16.850000381469727,10111,0.0,0.0,0.0
2025-10-16 04:00:00+00:00,16.850000381469727,16.860000610351562,16.850000381469727,16.860000610351562,27281,0.0,0.0,0.0
2025-10-16 04:05:00+00:00,16.860000610351562,16.860000610351562,16.860000610351562,16.860000610351562,14505,0.0,0.0,0.0
2025-10-16 04:10:00+00:00,16.850000381469727,16.860000610351562,16.850000381469727,16.860000610351562,53600,0.0,0.0,0.0
2025-10-16 04:15:00+00:00,16.8700008392334,16.899999618530273,16.8700008392334,16.899999618530273,84916,0.0,0.0,0.0
2025-10-16 04:20:00+00:00,16.889999389648438,16.899999618530273,16.889999389648438,16.899999618530273,46301,0.0,0.0,0.0
2025-10-16 04:25:00+00:00,16.899999618530273,16.899999618530273,16.889999389648438,16.889999389648438,34066,0.0,0.0,0.0
2025-10-16 04:30:00+00:00,16.899999618530273,16.899999618530273,16.889999389648438,16.889999389648438,12709,0.0,0.0,0.0
2025-10-16 04:35:00+00:00,16.889999389648438,16.889999389648438,16.8799991607666,16.889999389648438,24129,0.0,0.0,0.0
2025-10-16 04:40:00+00:00,16.8799991607666,16.8799991607666,16.8799991607666,16.8799991607666,5008,0.0,0.0,0.0
2025-10-16 04:45:00+00:00,16.889999389648438,16.899999618530273,16.889999389648438,16.899999618530273,130180,0.0,0.0,0.0
2025-10-16 04:50:00+00:00,16.90999984741211,16.90999984741211,16.889999389648438,16.899999618530273,88357,0.0,0.0,0.0
2025-10-16 04:55:00+00:00,16.899999618530273,16.899999618530273,16.889999389648438,16.889999389648438,29279,0.0,0.0,0.0
2025-10-16 05:00:00+00:00,16.889999389648438,16.889999389648438,16.8799991607666,16.8799991607666,35600,0.0,0.0,0.0
2025-10-16 05:05:00+00:00,16.889999389648438,16.899999618530273,16.889999389648438,16.899999618530273,80540,0.0,0.0,0.0
2025-10-16 05:10:00+00:00,16.899999618530273,16.899999618530273,16.889999389648438,16.889999389648438,48378,0.0,0.0,0.0
2025-10-16 05:15:00+00:00,16.899999618530273,16.920000076293945,16.899999618530273,16.920000076293945,259757,0.0,0.0,0.0
2025-10-16 05:20:00+00:00,16.90999984741211,16.920000076293945,16.90999984741211,16.90999984741211,15740,0.0,0.0,0.0
2025-10-17 01:00:00+00:00,16.790000915527344,16.790000915527344,16.75,16.770000457763672,0,0.0,0.0,0.0
2025-10-17 01:05:00+00:00,16.799999237060547,16.850000381469727,16.799999237060547,16.84000015258789,55223,0.0,0.0,0.0
2025-10-17 01:10:00+00:00,16.84000015258789,16.860000610351562,16.790000915527344,16.790000915527344,170370,0.0,0.0,0.0
2025-10-17 01:15:00+00:00,16.780000686645508,16.799999237060547,16.780000686645508,16.799999237060547,42088,0.0,0.0,0.0
2025-10-17 01:20:00+00:00,16.790000915527344,16.799999237060547,16.780000686645508,16.780000686645508,66429,0.0,0.0,0.0
2025-10-17 01:25:00+00:00,16.790000915527344,16.809999465942383,16.790000915527344,16.809999465942383,9771,0.0,0.0,0.0
2025-10-17 01:30:00+00:00,16.809999465942383,16.809999465942383,16.780000686645508,16.780000686645508,166504,0.0,0.0,0.0
2025-10-17 01:35:00+00:00,16.780000686645508,16.799999237060547,16.780000686645508,16.799999237060547,13705,0.0,0.0,0.0
2025-10-17 01:40:00+00:00,16.799999237060547,16.809999465942383,16.799999237060547,16.799999237060547,67158,0.0,0.0,0.0
2025-10-17 01:45:00+00:00,16.790000915527344,16.799999237060547,16.780000686645508,16.780000686645508,48160,0.0,0.0,0.0
2025-10-17 01:50:00+00:00,16.780000686645508,16.780000686645508,16.739999771118164,16.739999771118164,546914,0.0,0.0,0.0
2025-10-17 01:55:00+00:00,16.739999771118164,16.75,16.729999542236328,16.739999771118164,60877,0.0,0.0,0.0
2025-10-17 02:00:00+00:00,16.739999771118164,16.760000228881836,16.739999771118164,16.739999771118164,51890,0.0,0.0,0.0
2025-10-17 02:05:00+00:00,16.739999771118164,16.739999771118164,16.729999542236328,16.739999771118164,76348,0.0,0.0,0.0
2025-10-17 02:10:00+00:00,16.729999542236328,16.739999771118164,16.729999542236328,16.739999771118164,48503,0.0,0.0,0.0
2025-10-17 02:15:00+00:00,16.75,16.75,16.739999771118164,16.75,55616,0.0,0.0,0.0
2025-10-17 02:20:00+00:00,16.739999771118164,16.75,16.739999771118164,16.75,12000,0.0,0.0,0.0
2025-10-17 02:25:00+00:00,16.75,16.75,16.75,16.75,7221,0.0,0.0,0.0
2025-10-17 02:30:00+00:00,16.75,16.75,16.739999771118164,16.75,41339,0.0,0.0,0.0
2025-10-17 02:35:00+00:00,16.760000228881836,16.760000228881836,16.75,16.760000228881836,15732,0.0,0.0,0.0
2025-10-17 02:40:00+00:00,16.760000228881836,16.799999237060547,16.760000228881836,16.799999237060547,69022,0.0,0.0,0.0
2025-10-17 02:45:00+00:00,16.81999969482422,16.81999969482422,16.799999237060547,16.799999237060547,30499,0.0,0.0,0.0
2025-10-17 02:50:00+00:00,16.799999237060547,16.799999237060547,16.799999237060547,16.799999237060547,18101,0.0,0.0,0.0
2025-10-17 02:55:00+00:00,16.799999237060547,16.809999465942383,16.780000686645508,16.790000915527344,80842,0.0,0.0,0.0
2025-10-17 03:00:00+00:00,16.790000915527344,16.790000915527344,16.780000686645508,16.780000686645508,9936,0.0,0.0,0.0
2025-10-17 03:05:00+00:00,16.780000686645508,16.780000686645508,16.780000686645508,16.780000686645508,11325,0.0,0.0,0.0
2025-10-17 03:10:00+00:00,16.780000686645508,16.790000915527344,16.770000457763672,16.770000457763672,34422,0.0,0.0,0.0
2025-10-17 03:15:00+00:00,16.770000457763672,16.780000686645508,16.770000457763672,16.780000686645508,12230,0.0,0.0,0.0
2025-10-17 03:20:00+00:00,16.780000686645508,16.790000915527344,16.780000686645508,16.790000915527344,294085,0.0,0.0,0.0
2025-10-17 03:25:00+00:00,16.790000915527344,16.799999237060547,16.790000915527344,16.790000915527344,207087,0.0,0.0,0.0
2025-10-17 03:30:00+00:00,16.799999237060547,16.799999237060547,16.799999237060547,16.799999237060547,17107,0.0,0.0,0.0
2025-10-17 03:35:00+00:00,16.799999237060547,16.799999237060547,16.780000686645508,16.780000686645508,60045,0.0,0.0,0.0
2025-10-17 03:40:00+00:00,16.780000686645508,16.790000915527344,16.780000686645508,16.780000686645508,17163,0.0,0.0,0.0
2025-10-17 03:45:00+00:00,16.790000915527344,16.790000915527344,16.770000457763672,16.770000457763672,9707,0.0,0.0,0.0
2025-10-17 03:50:00+00:00,16.770000457763672,16.770000457763672,16.770000457763672,16.770000457763672,22577,0.0,0.0,0.0
2025-10-17 03:55:00+00:00,16.770000457763672,16.770000457763672,16.770000457763672,16.770000457763672,8310,0.0,0.0,0.0
2025-10-17 04:00:00+00:00,16.770000457763672,16.770000457763672,16.760000228881836,16.760000228881836,71954,0.0,0.0,0.0
2025-10-17 04:05:00+00:00,16.760000228881836,16.760000228881836,16.75,16.75,4162,0.0,0.0,0.0
2025-10-17 04:10:00+00:00,16.760000228881836,16.770000457763672,16.760000228881836,16.770000457763672,17861,0.0,0.0,0.0
2025-10-17 04:15:00+00:00,16.760000228881836,16.760000228881836,16.75,16.75,41078,0.0,0.0,0.0
2025-10-17 04:20:00+00:00,16.75,16.770000457763672,16.75,16.770000457763672,4040,0.0,0.0,0.0
2025-10-17 04:25:00+00:00,16.770000457763672,16.770000457763672,16.770000457763672,16.770000457763672,15017,0.0,0.0,0.0
2025-10-17 04:30:00+00:00,16.780000686645508,16.780000686645508,16.770000457763672,16.770000457763672,4264,0.0,0.0,0.0
2025-10-17 04:35:00+00:00,16.770000457763672,16.770000457763672,16.770000457763672,16.770000457763672,2000,0.0,0.0,0.0
2025-10-17 04:40:00+00:00,16.770000457763672,16.770000457763672,16.760000228881836,16.760000228881836,27927,0.0,0.0,0.0
2025-10-17 04:45:00+00:00,16.760000228881836,16.760000228881836,16.75,16.75,52610,0.0,0.0,0.0
2025-10-17 04:50:00+00:00,16.760000228881836,16.760000228881836,16.75,16.75,103413,0.0,0.0,0.0
2025-10-17 04:55:00+00:00,16.75,16.75,16.739999771118164,16.75,36893,0.0,0.0,0.0
2025-10-17 05:00:00+00:00,16.75,16.75,16.75,16.75,28010,0.0,0.0,0.0
2025-10-17 05:05:00+00:00,16.75,16.75,16.739999771118164,16.739999771118164,226894,0.0,0.0,0.0
2025-10-17 05:10:00+00:00,16.729999542236328,16.739999771118164,16.729999542236328,16.739999771118164,63552,0.0,0.0,0.0
2025-10-17 05:15:00+00:00,16.75,16.75,16.739999771118164,16.75,57045,0.0,0.0,0.0
2025-10-17 05:20:00+00:00,16.75,16.75,16.739999771118164,16.75,60807,0.0,0.0,0.0
2025-10-20 01:00:00+00:00,16.600000381469727,16.600000381469727,16.510000228881836,16.579999923706055,0,0.0,0.0,0.0
2025-10-20 01:05:00+00:00,16.559999465942383,16.56999969482422,16.540000915527344,16.549999237060547,106539,0.0,0.0,0.0
2025-10-20 01:10:00+00:00,16.540000915527344,16.549999237060547,16.520000457763672,16.540000915527344,136420,0.0,0.0,0.0
2025-10-20 01:15:00+00:00,16.540000915527344,16.59000015258789,16.540000915527344,16.59000015258789,35231,0.0,0.0,0.0
2025-10-20 01:20:00+00:00,16.579999923706055,16.6200008392334,16.579999923706055,16.6200008392334,89911,0.0,0.0,0.0
2025-10-20 01:25:00+00:00,16.639999389648438,16.639999389648438,16.6299991607666,16.639999389648438,69147,0.0,0.0,0.0
2025-10-20 01:30:00+00:00,16.649999618530273,16.670000076293945,16.649999618530273,16.670000076293945,40979,0.0,0.0,0.0
2025-10-20 01:35:00+00:00,16.65999984741211,16.68000030517578,16.65999984741211,16.68000030517578,63211,0.0,0.0,0.0
2025-10-20 01:40:00+00:00,16.68000030517578,16.690000534057617,16.65999984741211,16.690000534057617,81018,0.0,0.0,0.0
2025-10-20 01:45:00+00:00,16.690000534057617,16.690000534057617,16.68000030517578,16.690000534057617,17400,0.0,0.0,0.0
2025-10-20 01:50:00+00:00,16.690000534057617,16.690000534057617,16.670000076293945,16.670000076293945,14600,0.0,0.0,0.0
2025-10-20 01:55:00+00:00,16.670000076293945,16.68000030517578,16.670000076293945,16.670000076293945,83868,0.0,0.0,0.0
2025-10-20 02:00:00+00:00,16.68000030517578,16.68000030517578,16.649999618530273,16.649999618530273,23581,0.0,0.0,0.0
2025-10-20 02:05:00+00:00,16.65999984741211,16.68000030517578,16.65999984741211,16.68000030517578,12473,0.0,0.0,0.0
2025-10-20 02:10:00+00:00,16.670000076293945,16.68000030517578,16.649999618530273,16.68000030517578,34101,0.0,0.0,0.0
2025-10-20 02:15:00+00:00,16.68000030517578,16.68000030517578,16.65999984741211,16.68000030517578,7999,0.0,0.0,0.0
2025-10-20 02:20:00+00:00,16.65999984741211,16.68000030517578,16.649999618530273,16.68000030517578,9515,0.0,0.0,0.0
2025-10-20 02:25:00+00:00,16.68000030517578,16.68000030517578,16.68000030517578,16.68000030517578,4563,0.0,0.0,0.0
2025-10-20 02:30:00+00:00,16.68000030517578,16.68000030517578,16.65999984741211,16.65999984741211,11440,0.0,0.0,0.0
2025-10-20 02:35:00+00:00,16.68000030517578,16.68000030517578,16.65999984741211,16.670000076293945,13575,0.0,0.0,0.0
2025-10-20 02:40:00+00:00,16.670000076293945,16.690000534057617,16.670000076293945,16.68000030517578,36182,0.0,0.0,0.0
2025-10-20 02:45:00+00:00,16.690000534057617,16.690000534057617,16.68000030517578,16.690000534057617,10254,0.0,0.0,0.0
2025-10-20 02:50:00+00:00,16.670000076293945,16.68000030517578,16.670000076293945,16.68000030517578,56157,0.0,0.0,0.0
2025-10-20 02:55:00+00:00,16.670000076293945,16.68000030517578,16.65999984741211,16.68000030517578,20359,0.0,0.0,0.0
2025-10-20 03:00:00+00:00,16.670000076293945,16.670000076293945,16.670000076293945,16.670000076293945,2008,0.0,0.0,0.0
2025-10-20 03:05:00+00:00,16.670000076293945,16.68000030517578,16.670000076293945,16.68000030517578,24510,0.0,0.0,0.0
2025-10-20 03:10:00+00:00,16.670000076293945,16.68000030517578,16.670000076293945,16.68000030517578,7405,0.0,0.0,0.0
2025-10-20 03:15:00+00:00,16.670000076293945,16.670000076293945,16.65999984741211,16.65999984741211,15339,0.0,0.0,0.0
2025-10-20 03:20:00+00:00,16.670000076293945,16.670000076293945,16.65999984741211,16.670000076293945,9600,0.0,0.0,0.0
2025-10-20 03:25:00+00:00,16.670000076293945,16.670000076293945,16.649999618530273,16.65999984741211,14543,0.0,0.0,0.0
2025-10-20 03:30:00+00:00,16.65999984741211,16.65999984741211,16.65999984741211,16.65999984741211,4021,0.0,0.0,0.0
2025-10-20 03:35:00+00:00,16.65999984741211,16.65999984741211,16.649999618530273,16.649999618530273,20460,0.0,0.0,0.0
2025-10-20 03:40:00+00:00,16.65999984741211,16.65999984741211,16.65999984741211,16.65999984741211,4211,0.0,0.0,0.0
2025-10-20 03:45:00+00:00,16.65999984741211,16.65999984741211,16.65999984741211,16.65999984741211,13423,0.0,0.0,0.0
2025-10-20 03:50:00+00:00,16.65999984741211,16.65999984741211,16.65999984741211,16.65999984741211,7388,0.0,0.0,0.0
2025-10-20 03:55:00+00:00,16.65999984741211,16.670000076293945,16.649999618530273,16.670000076293945,5544,0.0,0.0,0.0
2025-10-20 04:00:00+00:00,16.670000076293945,16.670000076293945,16.670000076293945,16.670000076293945,4008,0.0,0.0,0.0
2025-10-20 04:05:00+00:00,16.670000076293945,16.670000076293945,16.65999984741211,16.65999984741211,16348,0.0,0.0,0.0
2025-10-20 04:10:00+00:00,16.670000076293945,16.670000076293945,16.649999618530273,16.670000076293945,24142,0.0,0.0,0.0
2025-10-20 04:15:00+00:00,16.670000076293945,16.68000030517578,16.670000076293945,16.68000030517578,213079,0.0,0.0,0.0
2025-10-20 04:20:00+00:00,16.68000030517578,16.68000030517578,16.68000030517578,16.68000030517578,5390,0.0,0.0,0.0
2025-10-20 04:25:00+00:00,16.68000030517578,16.68000030517578,16.670000076293945,16.670000076293945,10718,0.0,0.0,0.0
2025-10-20 04:30:00+00:00,16.68000030517578,16.68000030517578,16.670000076293945,16.670000076293945,15072,0.0,0.0,0.0
2025-10-20 04:35:00+00:00,16.65999984741211,16.670000076293945,16.65999984741211,16.670000076293945,13360,0.0,0.0,0.0
2025-10-20 04:40:00+00:00,16.670000076293945,16.670000076293945,16.670000076293945,16.670000076293945,14210,0.0,0.0,0.0
2025-10-20 04:45:00+00:00,16.670000076293945,16.670000076293945,16.670000076293945,16.670000076293945,9382,0.0,0.0,0.0
2025-10-20 04:50:00+00:00,16.670000076293945,16.670000076293945,16.670000076293945,16.670000076293945,3010,0.0,0.0,0.0
2025-10-20 04:55:00+00:00,16.670000076293945,16.670000076293945,16.65999984741211,16.670000076293945,9980,0.0,0.0,0.0
2025-10-20 05:00:00+00:00,16.670000076293945,16.670000076293945,16.65999984741211,16.670000076293945,5095,0.0,0.0,0.0
2025-10-20 05:05:00+00:00,16.65999984741211,16.65999984741211,16.65999984741211,16.65999984741211,19989,0.0,0.0,0.0
2025-10-20 05:10:00+00:00,16.65999984741211,16.670000076293945,16.649999618530273,16.649999618530273,124307,0.0,0.0,0.0
2025-10-20 05:15:00+00:00,16.65999984741211,16.65999984741211,16.649999618530273,16.649999618530273,5191,0.0,0.0,0.0
2025-10-20 05:20:00+00:00,16.649999618530273,16.649999618530273,16.649999618530273,16.649999618530273,37537,0.0,0.0,0.0
2025-10-21 01:00:00+00:00,16.719999313354492,16.780000686645508,16.719999313354492,16.780000686645508,0,0.0,0.0,0.0
2025-10-21 01:05:00+00:00,16.780000686645508,16.780000686645508,16.760000228881836,16.770000457763672,123864,0.0,0.0,0.0
2025-10-21 01:10:00+00:00,16.790000915527344,16.790000915527344,16.780000686645508,16.780000686645508,15290,0.0,0.0,0.0
2025-10-21 01:15:00+00:00,16.770000457763672,16.780000686645508,16.760000228881836,16.760000228881836,135826,0.0,0.0,0.0
2025-10-21 01:20:00+00:00,16.760000228881836,16.760000228881836,16.739999771118164,16.739999771118164,66385,0.0,0.0,0.0
2025-10-21 01:25:00+00:00,16.739999771118164,16.739999771118164,16.739999771118164,16.739999771118164,76879,0.0,0.0,0.0
2025-10-21 01:30:00+00:00,16.75,16.75,16.75,16.75,9645,0.0,0.0,0.0
2025-10-21 01:35:00+00:00,16.75,16.75,16.739999771118164,16.75,92183,0.0,0.0,0.0
2025-10-21 01:40:00+00:00,16.760000228881836,16.770000457763672,16.760000228881836,16.770000457763672,43122,0.0,0.0,0.0
2025-10-21 01:45:00+00:00,16.75,16.75,16.75,16.75,3064,0.0,0.0,0.0
2025-10-21 01:50:00+00:00,16.75,16.770000457763672,16.75,16.770000457763672,44615,0.0,0.0,0.0
2025-10-21 01:55:00+00:00,16.770000457763672,16.780000686645508,16.770000457763672,16.770000457763672,5711,0.0,0.0,0.0
2025-10-21 02:00:00+00:00,16.770000457763672,16.780000686645508,16.770000457763672,16.780000686645508,7255,0.0,0.0,0.0
2025-10-21 02:05:00+00:00,16.770000457763672,16.780000686645508,16.770000457763672,16.770000457763672,12847,0.0,0.0,0.0
2025-10-21 02:10:00+00:00,16.780000686645508,16.780000686645508,16.780000686645508,16.780000686645508,15096,0.0,0.0,0.0
2025-10-21 02:15:00+00:00,16.770000457763672,16.770000457763672,16.770000457763672,16.770000457763672,18580,0.0,0.0,0.0
2025-10-21 02:20:00+00:00,16.780000686645508,16.790000915527344,16.780000686645508,16.790000915527344,49554,0.0,0.0,0.0
2025-10-21 02:25:00+00:00,16.790000915527344,16.790000915527344,16.790000915527344,16.790000915527344,1031,0.0,0.0,0.0
2025-10-21 02:30:00+00:00,16.790000915527344,16.790000915527344,16.790000915527344,16.790000915527344,19975,0.0,0.0,0.0
2025-10-21 02:35:00+00:00,16.790000915527344,16.790000915527344,16.780000686645508,16.780000686645508,42201,0.0,0.0,0.0
2025-10-21 02:40:00+00:00,16.780000686645508,16.780000686645508,16.780000686645508,16.780000686645508,56179,0.0,0.0,0.0
2025-10-21 02:45:00+00:00,16.780000686645508,16.790000915527344,16.780000686645508,16.790000915527344,381628,0.0,0.0,0.0
2025-10-21 02:50:00+00:00,16.790000915527344,16.790000915527344,16.780000686645508,16.780000686645508,3032,0.0,0.0,0.0
2025-10-21 02:55:00+00:00,16.780000686645508,16.780000686645508,16.780000686645508,16.780000686645508,32271,0.0,0.0,0.0
2025-10-21 03:00:00+00:00,16.780000686645508,16.790000915527344,16.780000686645508,16.790000915527344,17015,0.0,0.0,0.0
2025-10-21 03:05:00+00:00,16.790000915527344,16.790000915527344,16.780000686645508,16.780000686645508,7055,0.0,0.0,0.0
2025-10-21 03:10:00+00:00,16.780000686645508,16.780000686645508,16.770000457763672,16.770000457763672,11035,0.0,0.0,0.0
2025-10-21 03:15:00+00:00,16.770000457763672,16.780000686645508,16.770000457763672,16.780000686645508,4132,0.0,0.0,0.0
2025-10-21 03:20:00+00:00,16.790000915527344,16.790000915527344,16.790000915527344,16.790000915527344,3665,0.0,0.0,0.0
2025-10-21 03:25:00+00:00,16.790000915527344,16.790000915527344,16.760000228881836,16.760000228881836,32070,0.0,0.0,0.0
2025-10-21 03:30:00+00:00,16.770000457763672,16.770000457763672,16.760000228881836,16.760000228881836,42406,0.0,0.0,0.0
2025-10-21 03:35:00+00:00,16.760000228881836,16.780000686645508,16.760000228881836,16.770000457763672,33570,0.0,0.0,0.0
2025-10-21 03:40:00+00:00,16.760000228881836,16.760000228881836,16.760000228881836,16.760000228881836,3661,0.0,0.0,0.0
2025-10-21 03:45:00+00:00,16.760000228881836,16.760000228881836,16.760000228881836,16.760000228881836,10014,0.0,0.0,0.0
2025-10-21 03:50:00+00:00,16.760000228881836,16.760000228881836,16.739999771118164,16.75,33016,0.0,0.0,0.0
2025-10-21 03:55:00+00:00,16.75,16.760000228881836,16.719999313354492,16.719999313354492,44585,0.0,0.0,0.0
2025-10-21 04:00:00+00:00,16.729999542236328,16.729999542236328,16.729999542236328,16.729999542236328,8728,0.0,0.0,0.0
2025-10-21 04:05:00+00:00,16.739999771118164,16.739999771118164,16.719999313354492,16.719999313354492,17436,0.0,0.0,0.0
2025-10-21 04:10:00+00:00,16.719999313354492,16.719999313354492,16.719999313354492,16.719999313354492,3775,0.0,0.0,0.0
2025-10-21 04:15:00+00:00,16.719999313354492,16.739999771118164,16.719999313354492,16.739999771118164,23502,0.0,0.0,0.0
2025-10-21 04:20:00+00:00,16.739999771118164,16.739999771118164,16.739999771118164,16.739999771118164,8229,0.0,0.0,0.0
2025-10-21 04:25:00+00:00,16.739999771118164,16.739999771118164,16.739999771118164,16.739999771118164,1258,0.0,0.0,0.0
2025-10-21 04:30:00+00:00,16.739999771118164,16.739999771118164,16.739999771118164,16.739999771118164,7429,0.0,0.0,0.0
2025-10-21 04:35:00+00:00,16.739999771118164,16.739999771118164,16.739999771118164,16.739999771118164,13010,0.0,0.0,0.0
2025-10-21 04:40:00+00:00,16.729999542236328,16.739999771118164,16.729999542236328,16.729999542236328,11637,0.0,0.0,0.0
2025-10-21 04:45:00+00:00,16.729999542236328,16.729999542236328,16.729999542236328,16.729999542236328,11010,0.0,0.0,0.0
2025-10-21 04:50:00+00:00,16.729999542236328,16.739999771118164,16.729999542236328,16.739999771118164,14370,0.0,0.0,0.0
2025-10-21 04:55:00+00:00,16.729999542236328,16.729999542236328,16.729999542236328,16.729999542236328,11356,0.0,0.0,0.0
2025-10-21 05:00:00+00:00,16.729999542236328,16.739999771118164,16.729999542236328,16.739999771118164,28137,0.0,0.0,0.0
2025-10-21 05:05:00+00:00,16.739999771118164,16.739999771118164,16.719999313354492,16.719999313354492,51183,0.0,0.0,0.0
2025-10-21 05:10:00+00:00,16.719999313354492,16.719999313354492,16.719999313354492,16.719999313354492,22891,0.0,0.0,0.0
2025-10-21 05:15:00+00:00,16.719999313354492,16.729999542236328,16.719999313354492,16.729999542236328,8876,0.0,0.0,0.0
2025-10-21 05:20:00+00:00,16.729999542236328,16.729999542236328,16.719999313354492,16.729999542236328,35015,0.0,0.0,0.0
2025-10-22 01:00:00+00:00,16.649999618530273,16.649999618530273,16.559999465942383,16.600000381469727,0,0.0,0.0,0.0
2025-10-22 01:05:00+00:00,16.649999618530273,16.649999618530273,16.610000610351562,16.649999618530273,33288,0.0,0.0,0.0
2025-10-22 01:10:00+00:00,16.649999618530273,16.68000030517578,16.649999618530273,16.68000030517578,76174,0.0,0.0,0.0
2025-10-22 01:15:00+00:00,16.68000030517578,16.68000030517578,16.649999618530273,16.649999618530273,28402,0.0,0.0,0.0
2025-10-22 01:20:00+00:00,16.649999618530273,16.65999984741211,16.639999389648438,16.649999618530273,23425,0.0,0.0,0.0
2025-10-22 01:25:00+00:00,16.649999618530273,16.649999618530273,16.649999618530273,16.649999618530273,6333,0.0,0.0,0.0
2025-10-22 01:30:00+00:00,16.649999618530273,16.649999618530273,16.6299991607666,16.6299991607666,35021,0.0,0.0,0.0
2025-10-22 01:35:00+00:00,16.639999389648438,16.639999389648438,16.6200008392334,16.6200008392334,39207,0.0,0.0,0.0
2025-10-22 01:40:00+00:00,16.6200008392334,16.6200008392334,16.610000610351562,16.6200008392334,84431,0.0,0.0,0.0
2025-10-22 01:45:00+00:00,16.6200008392334,16.6299991607666,16.6200008392334,16.6299991607666,24139,0.0,0.0,0.0
2025-10-22 01:50:00+00:00,16.6200008392334,16.6299991607666,16.6200008392334,16.6200008392334,13568,0.0,0.0,0.0
2025-10-22 01:55:00+00:00,16.6299991607666,16.6299991607666,16.6299991607666,16.6299991607666,24789,0.0,0.0,0.0
2025-10-22 02:00:00+00:00,16.6200008392334,16.6200008392334,16.610000610351562,16.610000610351562,88591,0.0,0.0,0.0
2025-10-22 02:05:00+00:00,16.610000610351562,16.610000610351562,16.600000381469727,16.610000610351562,9036,0.0,0.0,0.0
2025-10-22 02:10:00+00:00,16.610000610351562,16.610000610351562,16.610000610351562,16.610000610351562,37371,0.0,0.0,0.0
2025-10-22 02:15:00+00:00,16.610000610351562,16.610000610351562,16.600000381469727,16.600000381469727,204788,0.0,0.0,0.0
2025-10-22 02:20:00+00:00,16.600000381469727,16.600000381469727,16.59000015258789,16.59000015258789,28555,0.0,0.0,0.0
2025-10-22 02:25:00+00:00,16.600000381469727,16.600000381469727,16.600000381469727,16.600000381469727,6016,0.0,0.0,0.0
2025-10-22 02:30:00+00:00,16.600000381469727,16.610000610351562,16.600000381469727,16.610000610351562,32331,0.0,0.0,0.0
2025-10-22 02:35:00+00:00,16.610000610351562,16.610000610351562,16.600000381469727,16.610000610351562,403493,0.0,0.0,0.0
2025-10-22 02:40:00+00:00,16.600000381469727,16.6200008392334,16.600000381469727,16.6200008392334,146136,0.0,0.0,0.0
2025-10-22 02:45:00+00:00,16.6200008392334,16.6200008392334,16.6200008392334,16.6200008392334,10013,0.0,0.0,0.0
2025-10-22 02:50:00+00:00,16.610000610351562,16.610000610351562,16.610000610351562,16.610000610351562,2027,0.0,0.0,0.0
2025-10-22 02:55:00+00:00,16.6200008392334,16.6200008392334,16.6200008392334,16.6200008392334,10118,0.0,0.0,0.0
2025-10-22 03:00:00+00:00,16.6299991607666,16.6299991607666,16.6200008392334,16.6200008392334,11547,0.0,0.0,0.0
2025-10-22 03:05:00+00:00,16.6299991607666,16.6299991607666,16.6200008392334,16.6299991607666,61157,0.0,0.0,0.0
2025-10-22 03:10:00+00:00,16.6299991607666,16.6299991607666,16.6200008392334,16.6200008392334,15016,0.0,0.0,0.0
2025-10-22 03:15:00+00:00,16.6200008392334,16.6200008392334,16.610000610351562,16.610000610351562,43373,0.0,0.0,0.0
2025-10-22 03:20:00+00:00,16.610000610351562,16.610000610351562,16.600000381469727,16.600000381469727,106900,0.0,0.0,0.0
2025-10-22 03:25:00+00:00,16.600000381469727,16.600000381469727,16.56999969482422,16.56999969482422,207644,0.0,0.0,0.0
2025-10-22 03:30:00+00:00,16.56999969482422,16.56999969482422,16.56999969482422,16.56999969482422,21003,0.0,0.0,0.0
2025-10-22 03:35:00+00:00,16.56999969482422,16.56999969482422,16.559999465942383,16.559999465942383,15103,0.0,0.0,0.0
2025-10-22 03:40:00+00:00,16.56999969482422,16.56999969482422,16.56999969482422,16.56999969482422,9253,0.0,0.0,0.0
2025-10-22 03:45:00+00:00,16.59000015258789,16.59000015258789,16.56999969482422,16.56999969482422,15364,0.0,0.0,0.0
2025-10-22 03:50:00+00:00,16.579999923706055,16.579999923706055,16.579999923706055,16.579999923706055,1004,0.0,0.0,0.0
2025-10-22 03:55:00+00:00,16.600000381469727,16.600000381469727,16.600000381469727,16.600000381469727,4042,0.0,0.0,0.0
2025-10-22 04:00:00+00:00,16.600000381469727,16.649999618530273,16.600000381469727,16.649999618530273,87826,0.0,0.0,0.0
2025-10-22 04:05:00+00:00,16.639999389648438,16.65999984741211,16.639999389648438,16.65999984741211,31148,0.0,0.0,0.0
2025-10-22 04:10:00+00:00,16.65999984741211,16.670000076293945,16.649999618530273,16.670000076293945,57166,0.0,0.0,0.0
2025-10-22 04:15:00+00:00,16.670000076293945,16.670000076293945,16.670000076293945,16.670000076293945,1008,0.0,0.0,0.0
2025-10-22 04:20:00+00:00,16.670000076293945,16.670000076293945,16.670000076293945,16.670000076293945,9516,0.0,0.0,0.0
2025-10-22 04:25:00+00:00,16.68000030517578,16.68000030517578,16.65999984741211,16.65999984741211,11192,0.0,0.0,0.0
2025-10-22 04:30:00+00:00,16.68000030517578,16.68000030517578,16.68000030517578,16.68000030517578,3511,0.0,0.0,0.0
2025-10-22 04:35:00+00:00,16.690000534057617,16.690000534057617,16.68000030517578,16.68000030517578,9700,0.0,0.0,0.0
2025-10-22 04:40:00+00:00,16.68000030517578,16.690000534057617,16.670000076293945,16.670000076293945,7050,0.0,0.0,0.0
2025-10-22 04:45:00+00:00,16.670000076293945,16.670000076293945,16.670000076293945,16.670000076293945,5150,0.0,0.0,0.0
2025-10-22 04:50:00+00:00,16.670000076293945,16.670000076293945,16.65999984741211,16.65999984741211,54707,0.0,0.0,0.0
2025-10-22 05:00:00+00:00,16.690000534057617,16.700000762939453,16.670000076293945,16.670000076293945,18318,0.0,0.0,0.0
2025-10-22 05:05:00+00:00,16.670000076293945,16.670000076293945,16.65999984741211,16.65999984741211,9239,0.0,0.0,0.0
2025-10-22 05:10:00+00:00,16.68000030517578,16.690000534057617,16.68000030517578,16.68000030517578,6274,0.0,0.0,0.0
2025-10-22 05:15:00+00:00,16.700000762939453,16.700000762939453,16.690000534057617,16.690000534057617,39387,0.0,0.0,0.0
2025-10-22 05:20:00+00:00,16.690000534057617,16.690000534057617,16.690000534057617,16.690000534057617,7712,0.0,0.0,0.0
2025-10-23 01:00:00+00:00,16.549999237060547,16.549999237060547,16.489999771118164,16.489999771118164,0,0.0,0.0,0.0
2025-10-23 01:05:00+00:00,16.510000228881836,16.530000686645508,16.510000228881836,16.530000686645508,61559,0.0,0.0,0.0
2025-10-23 01:10:00+00:00,16.530000686645508,16.540000915527344,16.530000686645508,16.540000915527344,43798,0.0,0.0,0.0
2025-10-23 01:15:00+00:00,16.540000915527344,16.540000915527344,16.530000686645508,16.540000915527344,21432,0.0,0.0,0.0
2025-10-23 01:20:00+00:00,16.549999237060547,16.549999237060547,16.549999237060547,16.549999237060547,9107,0.0,0.0,0.0
2025-10-23 01:25:00+00:00,16.540000915527344,16.549999237060547,16.540000915527344,16.540000915527344,44433,0.0,0.0,0.0
2025-10-23 01:30:00+00:00,16.549999237060547,16.549999237060547,16.540000915527344,16.549999237060547,11872,0.0,0.0,0.0
2025-10-23 01:35:00+00:00,16.549999237060547,16.549999237060547,16.530000686645508,16.530000686645508,142746,0.0,0.0,0.0
2025-10-23 01:40:00+00:00,16.520000457763672,16.530000686645508,16.510000228881836,16.510000228881836,68235,0.0,0.0,0.0
2025-10-23 01:45:00+00:00,16.530000686645508,16.540000915527344,16.530000686645508,16.540000915527344,7870,0.0,0.0,0.0
2025-10-23 01:50:00+00:00,16.540000915527344,16.540000915527344,16.540000915527344,16.540000915527344,7142,0.0,0.0,0.0
2025-10-23 01:55:00+00:00,16.540000915527344,16.540000915527344,16.540000915527344,16.540000915527344,5499,0.0,0.0,0.0
2025-10-23 02:00:00+00:00,16.549999237060547,16.549999237060547,16.549999237060547,16.549999237060547,17674,0.0,0.0,0.0
2025-10-23 02:05:00+00:00,16.549999237060547,16.559999465942383,16.549999237060547,16.559999465942383,7692,0.0,0.0,0.0
2025-10-23 02:10:00+00:00,16.549999237060547,16.549999237060547,16.530000686645508,16.530000686645508,54031,0.0,0.0,0.0
2025-10-23 02:15:00+00:00,16.540000915527344,16.540000915527344,16.520000457763672,16.540000915527344,14908,0.0,0.0,0.0
2025-10-23 02:20:00+00:00,16.549999237060547,16.549999237060547,16.549999237060547,16.549999237060547,6301,0.0,0.0,0.0
2025-10-23 02:25:00+00:00,16.549999237060547,16.549999237060547,16.540000915527344,16.540000915527344,6486,0.0,0.0,0.0
2025-10-23 02:30:00+00:00,16.559999465942383,16.559999465942383,16.549999237060547,16.549999237060547,13853,0.0,0.0,0.0
2025-10-23 02:35:00+00:00,16.549999237060547,16.549999237060547,16.549999237060547,16.549999237060547,4475,0.0,0.0,0.0
2025-10-23 02:40:00+00:00,16.549999237060547,16.549999237060547,16.530000686645508,16.530000686645508,14233,0.0,0.0,0.0
2025-10-23 02:45:00+00:00,16.549999237060547,16.549999237060547,16.549999237060547,16.549999237060547,11745,0.0,0.0,0.0
2025-10-23 02:50:00+00:00,16.549999237060547,16.549999237060547,16.549999237060547,16.549999237060547,3032,0.0,0.0,0.0
2025-10-23 02:55:00+00:00,16.540000915527344,16.549999237060547,16.540000915527344,16.540000915527344,7539,0.0,0.0,0.0
2025-10-23 03:00:00+00:00,16.540000915527344,16.549999237060547,16.540000915527344,16.540000915527344,5160,0.0,0.0,0.0
2025-10-23 03:05:00+00:00,16.549999237060547,16.549999237060547,16.540000915527344,16.549999237060547,125479,0.0,0.0,0.0
2025-10-23 03:10:00+00:00,16.559999465942383,16.559999465942383,16.559999465942383,16.559999465942383,9002,0.0,0.0,0.0
2025-10-23 03:15:00+00:00,16.559999465942383,16.56999969482422,16.559999465942383,16.56999969482422,9421,0.0,0.0,0.0
2025-10-23 03:20:00+00:00,16.56999969482422,16.579999923706055,16.559999465942383,16.579999923706055,8032,0.0,0.0,0.0
2025-10-23 03:25:00+00:00,16.579999923706055,16.579999923706055,16.579999923706055,16.579999923706055,69150,0.0,0.0,0.0
2025-10-23 03:30:00+00:00,16.579999923706055,16.579999923706055,16.579999923706055,16.579999923706055,11050,0.0,0.0,0.0
2025-10-23 03:35:00+00:00,16.579999923706055,16.579999923706055,16.579999923706055,16.579999923706055,9788,0.0,0.0,0.0
2025-10-23 03:40:00+00:00,16.56999969482422,16.56999969482422,16.559999465942383,16.559999465942383,15480,0.0,0.0,0.0
2025-10-23 03:45:00+00:00,16.579999923706055,16.579999923706055,16.559999465942383,16.559999465942383,14029,0.0,0.0,0.0
2025-10-23 03:50:00+00:00,16.559999465942383,16.559999465942383,16.559999465942383,16.559999465942383,9018,0.0,0.0,0.0
2025-10-23 03:55:00+00:00,16.559999465942383,16.559999465942383,16.559999465942383,16.559999465942383,39611,0.0,0.0,0.0
2025-10-23 04:00:00+00:00,16.56999969482422,16.56999969482422,16.56999969482422,16.56999969482422,5688,0.0,0.0,0.0
2025-10-23 04:05:00+00:00,16.579999923706055,16.579999923706055,16.579999923706055,16.579999923706055,4077,0.0,0.0,0.0
2025-10-23 04:10:00+00:00,16.579999923706055,16.579999923706055,16.56999969482422,16.56999969482422,19122,0.0,0.0,0.0
2025-10-23 04:15:00+00:00,16.559999465942383,16.559999465942383,16.559999465942383,16.559999465942383,84147,0.0,0.0,0.0
2025-10-23 04:20:00+00:00,16.559999465942383,16.559999465942383,16.559999465942383,16.559999465942383,4343,0.0,0.0,0.0
2025-10-23 04:25:00+00:00,16.559999465942383,16.559999465942383,16.549999237060547,16.549999237060547,8104,0.0,0.0,0.0
2025-10-23 04:30:00+00:00,16.56999969482422,16.56999969482422,16.549999237060547,16.549999237060547,5304,0.0,0.0,0.0
2025-10-23 04:35:00+00:00,16.559999465942383,16.559999465942383,16.559999465942383,16.559999465942383,1971,0.0,0.0,0.0
2025-10-23 04:40:00+00:00,16.559999465942383,16.559999465942383,16.559999465942383,16.559999465942383,4250,0.0,0.0,0.0
2025-10-23 04:45:00+00:00,16.559999465942383,16.559999465942383,16.559999465942383,16.559999465942383,2100,0.0,0.0,0.0
2025-10-23 04:50:00+00:00,16.56999969482422,16.56999969482422,16.56999969482422,16.56999969482422,2200,0.0,0.0,0.0
2025-10-23 04:55:00+00:00,16.56999969482422,16.56999969482422,16.56999969482422,16.56999969482422,2023,0.0,0.0,0.0
2025-10-23 05:00:00+00:00,16.56999969482422,16.56999969482422,16.56999969482422,16.56999969482422,8712,0.0,0.0,0.0
2025-10-23 05:05:00+00:00,16.56999969482422,16.56999969482422,16.559999465942383,16.559999465942383,24655,0.0,0.0,0.0
2025-10-23 05:10:00+00:00,16.559999465942383,16.559999465942383,16.549999237060547,16.549999237060547,22787,0.0,0.0,0.0
2025-10-23 05:15:00+00:00,16.56999969482422,16.56999969482422,16.559999465942383,16.559999465942383,8535,0.0,0.0,0.0
2025-10-23 05:20:00+00:00,16.559999465942383,16.56999969482422,16.549999237060547,16.549999237060547,19510,0.0,0.0,0.0
2025-10-27 01:00:00+00:00,16.799999237060547,16.899999618530273,16.799999237060547,16.8700008392334,0,0.0,0.0,0.0
2025-10-27 01:05:00+00:00,16.8700008392334,16.8700008392334,16.81999969482422,16.8700008392334,134000,0.0,0.0,0.0
2025-10-27 01:10:00+00:00,16.84000015258789,16.850000381469727,16.81999969482422,16.829999923706055,238715,0.0,0.0,0.0
2025-10-27 01:15:00+00:00,16.829999923706055,16.860000610351562,16.829999923706055,16.84000015258789,114053,0.0,0.0,0.0
2025-10-27 01:20:00+00:00,16.84000015258789,16.850000381469727,16.829999923706055,16.84000015258789,57798,0.0,0.0,0.0
2025-10-27 01:25:00+00:00,16.84000015258789,16.850000381469727,16.84000015258789,16.84000015258789,37646,0.0,0.0,0.0
2025-10-27 01:30:00+00:00,16.84000015258789,16.860000610351562,16.829999923706055,16.850000381469727,189143,0.0,0.0,0.0
2025-10-27 01:35:00+00:00,16.850000381469727,16.860000610351562,16.850000381469727,16.860000610351562,347279,0.0,0.0,0.0
2025-10-27 01:40:00+00:00,16.8700008392334,16.8700008392334,16.8700008392334,16.8700008392334,62006,0.0,0.0,0.0
2025-10-27 01:45:00+00:00,16.8799991607666,16.8799991607666,16.850000381469727,16.860000610351562,32590,0.0,0.0,0.0
2025-10-27 01:50:00+00:00,16.860000610351562,16.8700008392334,16.850000381469727,16.8700008392334,24359,0.0,0.0,0.0
2025-10-27 01:55:00+00:00,16.8700008392334,16.8700008392334,16.850000381469727,16.850000381469727,228480,0.0,0.0,0.0
2025-10-27 02:00:00+00:00,16.850000381469727,16.860000610351562,16.84000015258789,16.850000381469727,54535,0.0,0.0,0.0
2025-10-27 02:05:00+00:00,16.860000610351562,16.860000610351562,16.84000015258789,16.84000015258789,63934,0.0,0.0,0.0
2025-10-27 02:10:00+00:00,16.860000610351562,16.860000610351562,16.860000610351562,16.860000610351562,2298,0.0,0.0,0.0
2025-10-27 02:15:00+00:00,16.860000610351562,16.860000610351562,16.84000015258789,16.860000610351562,19723,0.0,0.0,0.0
2025-10-27 02:20:00+00:00,16.850000381469727,16.860000610351562,16.850000381469727,16.860000610351562,25162,0.0,0.0,0.0
2025-10-27 02:25:00+00:00,16.860000610351562,16.860000610351562,16.850000381469727,16.850000381469727,7147,0.0,0.0,0.0
2025-10-27 02:30:00+00:00,16.850000381469727,16.850000381469727,16.850000381469727,16.850000381469727,10137,0.0,0.0,0.0
2025-10-27 02:35:00+00:00,16.850000381469727,16.860000610351562,16.850000381469727,16.850000381469727,52137,0.0,0.0,0.0
2025-10-27 02:40:00+00:00,16.850000381469727,16.8700008392334,16.850000381469727,16.8700008392334,166484,0.0,0.0,0.0
2025-10-27 02:45:00+00:00,16.8700008392334,16.8700008392334,16.850000381469727,16.860000610351562,7606,0.0,0.0,0.0
2025-10-27 02:50:00+00:00,16.860000610351562,16.8700008392334,16.860000610351562,16.860000610351562,36416,0.0,0.0,0.0
2025-10-27 02:55:00+00:00,16.860000610351562,16.860000610351562,16.850000381469727,16.860000610351562,35515,0.0,0.0,0.0
2025-10-27 03:00:00+00:00,16.8700008392334,16.8700008392334,16.860000610351562,16.860000610351562,7296,0.0,0.0,0.0
2025-10-27 03:05:00+00:00,16.8700008392334,16.8700008392334,16.8700008392334,16.8700008392334,4662,0.0,0.0,0.0
2025-10-27 03:10:00+00:00,16.8700008392334,16.8700008392334,16.860000610351562,16.860000610351562,6354,0.0,0.0,0.0
2025-10-27 03:15:00+00:00,16.860000610351562,16.860000610351562,16.860000610351562,16.860000610351562,18122,0.0,0.0,0.0
2025-10-27 03:20:00+00:00,16.860000610351562,16.8700008392334,16.860000610351562,16.8700008392334,315280,0.0,0.0,0.0
2025-10-27 03:25:00+00:00,16.8799991607666,16.889999389648438,16.8799991607666,16.889999389648438,135210,0.0,0.0,0.0
2025-10-27 03:30:00+00:00,16.899999618530273,16.899999618530273,16.899999618530273,16.899999618530273,126356,0.0,0.0,0.0
2025-10-27 03:35:00+00:00,16.899999618530273,16.90999984741211,16.899999618530273,16.90999984741211,61885,0.0,0.0,0.0
2025-10-27 03:40:00+00:00,16.90999984741211,16.90999984741211,16.90999984741211,16.90999984741211,227120,0.0,0.0,0.0
2025-10-27 03:45:00+00:00,16.90999984741211,16.90999984741211,16.90999984741211,16.90999984741211,41397,0.0,0.0,0.0
2025-10-27 03:50:00+00:00,16.90999984741211,16.920000076293945,16.90999984741211,16.920000076293945,27020,0.0,0.0,0.0
2025-10-27 03:55:00+00:00,16.920000076293945,16.920000076293945,16.90999984741211,16.920000076293945,23155,0.0,0.0,0.0
2025-10-27 04:00:00+00:00,16.920000076293945,16.920000076293945,16.90999984741211,16.90999984741211,6201,0.0,0.0,0.0
2025-10-27 04:05:00+00:00,16.920000076293945,16.920000076293945,16.90999984741211,16.920000076293945,6138,0.0,0.0,0.0
2025-10-27 04:10:00+00:00,16.90999984741211,16.920000076293945,16.90999984741211,16.920000076293945,20614,0.0,0.0,0.0
2025-10-27 04:15:00+00:00,16.920000076293945,16.920000076293945,16.90999984741211,16.90999984741211,10015,0.0,0.0,0.0
2025-10-27 04:20:00+00:00,16.90999984741211,16.920000076293945,16.90999984741211,16.920000076293945,21364,0.0,0.0,0.0
2025-10-27 04:25:00+00:00,16.90999984741211,16.90999984741211,16.899999618530273,16.90999984741211,15587,0.0,0.0,0.0
2025-10-27 04:30:00+00:00,16.90999984741211,16.90999984741211,16.899999618530273,16.899999618530273,15522,0.0,0.0,0.0
2025-10-27 04:35:00+00:00,16.899999618530273,16.90999984741211,16.899999618530273,16.90999984741211,4325,0.0,0.0,0.0
2025-10-27 04:40:00+00:00,16.899999618530273,16.90999984741211,16.899999618530273,16.90999984741211,8661,0.0,0.0,0.0
2025-10-27 04:45:00+00:00,16.899999618530273,16.899999618530273,16.899999618530273,16.899999618530273,8973,0.0,0.0,0.0
2025-10-27 04:50:00+00:00,16.899999618530273,16.899999618530273,16.889999389648438,16.899999618530273,17430,0.0,0.0,0.0
2025-10-27 05:00:00+00:00,16.889999389648438,16.899999618530273,16.889999389648438,16.899999618530273,4110,0.0,0.0,0.0
2025-10-27 05:05:00+00:00,16.899999618530273,16.899999618530273,16.899999618530273,16.899999618530273,5481,0.0,0.0,0.0
2025-10-27 05:10:00+00:00,16.899999618530273,16.899999618530273,16.889999389648438,16.899999618530273,26053,0.0,0.0,0.0
2025-10-27 05:15:00+00:00,16.899999618530273,16.899999618530273,16.8799991607666,16.899999618530273,17647,0.0,0.0,0.0
2025-10-27 05:20:00+00:00,16.889999389648438,16.899999618530273,16.8799991607666,16.889999389648438,32538,0.0,0.0,0.0
2025-10-28 01:00:00+00:00,16.950000762939453,16.950000762939453,16.889999389648438,16.899999618530273,0,0.0,0.0,0.0
2025-10-28 01:05:00+00:00,16.899999618530273,16.93000030517578,16.860000610351562,16.860000610351562,41120,0.0,0.0,0.0
2025-10-28 01:10:00+00:00,16.860000610351562,16.860000610351562,16.84000015258789,16.84000015258789,29865,0.0,0.0,0.0
2025-10-28 01:15:00+00:00,16.84000015258789,16.860000610351562,16.829999923706055,16.84000015258789,227529,0.0,0.0,0.0
2025-10-28 01:20:00+00:00,16.850000381469727,16.850000381469727,16.84000015258789,16.84000015258789,38387,0.0,0.0,0.0
2025-10-28 01:25:00+00:00,16.84000015258789,16.8799991607666,16.84000015258789,16.8799991607666,125348,0.0,0.0,0.0
2025-10-28 01:30:00+00:00,16.8799991607666,16.8799991607666,16.8799991607666,16.8799991607666,23527,0.0,0.0,0.0
2025-10-28 01:35:00+00:00,16.8799991607666,16.8799991607666,16.860000610351562,16.860000610351562,39167,0.0,0.0,0.0
2025-10-28 01:40:00+00:00,16.860000610351562,16.860000610351562,16.850000381469727,16.850000381469727,18642,0.0,0.0,0.0
2025-10-28 01:45:00+00:00,16.8700008392334,16.8700008392334,16.860000610351562,16.860000610351562,6023,0.0,0.0,0.0
2025-10-28 01:50:00+00:00,16.860000610351562,16.860000610351562,16.860000610351562,16.860000610351562,7042,0.0,0.0,0.0
2025-10-28 01:55:00+00:00,16.860000610351562,16.8700008392334,16.850000381469727,16.8700008392334,42690,0.0,0.0,0.0
2025-10-28 02:00:00+00:00,16.8700008392334,16.8799991607666,16.8700008392334,16.8799991607666,11448,0.0,0.0,0.0
2025-10-28 02:05:00+00:00,16.8799991607666,16.8799991607666,16.8799991607666,16.8799991607666,32151,0.0,0.0,0.0
2025-10-28 02:10:00+00:00,16.8799991607666,16.8799991607666,16.8700008392334,16.8799991607666,39190,0.0,0.0,0.0
2025-10-28 02:15:00+00:00,16.8700008392334,16.8799991607666,16.860000610351562,16.8799991607666,12279,0.0,0.0,0.0
2025-10-28 02:20:00+00:00,16.8799991607666,16.8799991607666,16.8799991607666,16.8799991607666,2056,0.0,0.0,0.0
2025-10-28 02:25:00+00:00,16.8700008392334,16.8700008392334,16.860000610351562,16.860000610351562,3193,0.0,0.0,0.0
2025-10-28 02:30:00+00:00,16.8700008392334,16.8700008392334,16.8700008392334,16.8700008392334,2273,0.0,0.0,0.0
2025-10-28 02:35:00+00:00,16.860000610351562,16.8700008392334,16.860000610351562,16.8700008392334,7369,0.0,0.0,0.0
2025-10-28 02:40:00+00:00,16.8700008392334,16.8700008392334,16.860000610351562,16.860000610351562,66212,0.0,0.0,0.0
2025-10-28 02:45:00+00:00,16.850000381469727,16.850000381469727,16.81999969482422,16.81999969482422,150225,0.0,0.0,0.0
2025-10-28 02:50:00+00:00,16.81999969482422,16.829999923706055,16.81999969482422,16.829999923706055,22349,0.0,0.0,0.0
2025-10-28 02:55:00+00:00,16.829999923706055,16.860000610351562,16.829999923706055,16.860000610351562,5813,0.0,0.0,0.0
2025-10-28 03:00:00+00:00,16.860000610351562,16.860000610351562,16.860000610351562,16.860000610351562,5459,0.0,0.0,0.0
2025-10-28 03:05:00+00:00,16.860000610351562,16.860000610351562,16.860000610351562,16.860000610351562,5068,0.0,0.0,0.0
2025-10-28 03:10:00+00:00,16.8799991607666,16.8799991607666,16.860000610351562,16.860000610351562,6034,0.0,0.0,0.0
2025-10-28 03:15:00+00:00,16.8700008392334,16.8799991607666,16.8700008392334,16.8700008392334,24541,0.0,0.0,0.0
2025-10-28 03:20:00+00:00,16.8700008392334,16.8700008392334,16.8700008392334,16.8700008392334,2237,0.0,0.0,0.0
2025-10-28 03:25:00+00:00,16.8700008392334,16.8700008392334,16.8700008392334,16.8700008392334,2481,0.0,0.0,0.0
2025-10-28 03:30:00+00:00,16.8799991607666,16.8799991607666,16.860000610351562,16.860000610351562,12149,0.0,0.0,0.0
2025-10-28 03:35:00+00:00,16.860000610351562,16.8700008392334,16.860000610351562,16.860000610351562,4212,0.0,0.0,0.0
2025-10-28 03:40:00+00:00,16.8700008392334,16.8700008392334,16.8700008392334,16.8700008392334,6102,0.0,0.0,0.0
2025-10-28 03:45:00+00:00,16.8700008392334,16.8700008392334,16.860000610351562,16.860000610351562,9537,0.0,0.0,0.0
2025-10-28 03:50:00+00:00,16.860000610351562,16.860000610351562,16.860000610351562,16.860000610351562,2184,0.0,0.0,0.0
2025-10-28 04:00:00+00:00,16.860000610351562,16.860000610351562,16.850000381469727,16.860000610351562,5819,0.0,0.0,0.0
2025-10-28 04:10:00+00:00,16.860000610351562,16.860000610351562,16.829999923706055,16.829999923706055,125941,0.0,0.0,0.0
2025-10-28 04:15:00+00:00,16.829999923706055,16.84000015258789,16.829999923706055,16.84000015258789,7017,0.0,0.0,0.0
2025-10-28 04:20:00+00:00,16.84000015258789,16.84000015258789,16.84000015258789,16.84000015258789,5717,0.0,0.0,0.0
2025-10-28 04:25:00+00:00,16.84000015258789,16.84000015258789,16.84000015258789,16.84000015258789,9514,0.0,0.0,0.0
2025-10-28 04:30:00+00:00,16.84000015258789,16.84000015258789,16.84000015258789,16.84000015258789,13592,0.0,0.0,0.0
2025-10-28 04:35:00+00:00,16.84000015258789,16.84000015258789,16.84000015258789,16.84000015258789,1000,0.0,0.0,0.0
2025-10-28 04:40:00+00:00,16.850000381469727,16.860000610351562,16.850000381469727,16.850000381469727,18015,0.0,0.0,0.0
2025-10-28 04:45:00+00:00,16.84000015258789,16.84000015258789,16.84000015258789,16.84000015258789,6523,0.0,0.0,0.0
2025-10-28 04:50:00+00:00,16.84000015258789,16.84000015258789,16.84000015258789,16.84000015258789,1020,0.0,0.0,0.0
2025-10-28 04:55:00+00:00,16.84000015258789,16.84000015258789,16.84000015258789,16.84000015258789,13310,0.0,0.0,0.0
2025-10-28 05:00:00+00:00,16.84000015258789,16.84000015258789,16.84000015258789,16.84000015258789,4283,0.0,0.0,0.0
2025-10-28 05:05:00+00:00,16.84000015258789,16.850000381469727,16.84000015258789,16.850000381469727,14010,0.0,0.0,0.0
2025-10-28 05:10:00+00:00,16.850000381469727,16.860000610351562,16.850000381469727,16.860000610351562,21571,0.0,0.0,0.0
2025-10-28 05:15:00+00:00,16.860000610351562,16.8700008392334,16.860000610351562,16.8700008392334,49313,0.0,0.0,0.0
2025-10-28 05:20:00+00:00,16.860000610351562,16.860000610351562,16.850000381469727,16.850000381469727,6701,0.0,0.0,0.0
2025-10-29 01:00:00+00:00,16.989999771118164,17.049999237060547,16.989999771118164,17.040000915527344,0,0.0,0.0,0.0
2025-10-29 01:05:00+00:00,17.040000915527344,17.049999237060547,17.040000915527344,17.040000915527344,50094,0.0,0.0,0.0
2025-10-29 01:10:00+00:00,17.030000686645508,17.030000686645508,17.020000457763672,17.020000457763672,34561,0.0,0.0,0.0
2025-10-29 01:15:00+00:00,17.010000228881836,17.010000228881836,17.010000228881836,17.010000228881836,14062,0.0,0.0,0.0
2025-10-29 01:20:00+00:00,17.010000228881836,17.020000457763672,17.0,17.0,77370,0.0,0.0,0.0
2025-10-29 01:25:00+00:00,17.020000457763672,17.020000457763672,17.0,17.020000457763672,69951,0.0,0.0,0.0
2025-10-29 01:30:00+00:00,17.030000686645508,17.040000915527344,17.020000457763672,17.040000915527344,98039,0.0,0.0,0.0
2025-10-29 01:35:00+00:00,17.040000915527344,17.049999237060547,17.040000915527344,17.040000915527344,51376,0.0,0.0,0.0
2025-10-29 01:40:00+00:00,17.049999237060547,17.049999237060547,17.049999237060547,17.049999237060547,51956,0.0,0.0,0.0
2025-10-29 01:45:00+00:00,17.040000915527344,17.049999237060547,17.040000915527344,17.040000915527344,31907,0.0,0.0,0.0
2025-10-29 01:50:00+00:00,17.030000686645508,17.030000686645508,17.020000457763672,17.020000457763672,28041,0.0,0.0,0.0
2025-10-29 01:55:00+00:00,17.020000457763672,17.020000457763672,17.010000228881836,17.010000228881836,9551,0.0,0.0,0.0
2025-10-29 02:00:00+00:00,17.020000457763672,17.040000915527344,17.020000457763672,17.030000686645508,36629,0.0,0.0,0.0
2025-10-29 02:05:00+00:00,17.030000686645508,17.030000686645508,17.030000686645508,17.030000686645508,24530,0.0,0.0,0.0
2025-10-29 02:10:00+00:00,17.049999237060547,17.049999237060547,17.040000915527344,17.040000915527344,46532,0.0,0.0,0.0
2025-10-29 02:15:00+00:00,17.059999465942383,17.06999969482422,17.059999465942383,17.06999969482422,60688,0.0,0.0,0.0
2025-10-29 02:20:00+00:00,17.06999969482422,17.079999923706055,17.06999969482422,17.079999923706055,4068,0.0,0.0,0.0
2025-10-29 02:25:00+00:00,17.079999923706055,17.079999923706055,17.079999923706055,17.079999923706055,27020,0.0,0.0,0.0
2025-10-29 02:30:00+00:00,17.079999923706055,17.079999923706055,17.06999969482422,17.06999969482422,23344,0.0,0.0,0.0
2025-10-29 02:35:00+00:00,17.079999923706055,17.079999923706055,17.079999923706055,17.079999923706055,70030,0.0,0.0,0.0
2025-10-29 02:40:00+00:00,17.079999923706055,17.09000015258789,17.079999923706055,17.09000015258789,28871,0.0,0.0,0.0
2025-10-29 02:45:00+00:00,17.100000381469727,17.100000381469727,17.09000015258789,17.09000015258789,15924,0.0,0.0,0.0
2025-10-29 02:50:00+00:00,17.06999969482422,17.09000015258789,17.06999969482422,17.09000015258789,39035,0.0,0.0,0.0
2025-10-29 02:55:00+00:00,17.079999923706055,17.100000381469727,17.079999923706055,17.100000381469727,30012,0.0,0.0,0.0
2025-10-29 03:00:00+00:00,17.100000381469727,17.100000381469727,17.100000381469727,17.100000381469727,113655,0.0,0.0,0.0
2025-10-29 03:05:00+00:00,17.100000381469727,17.100000381469727,17.09000015258789,17.09000015258789,9908,0.0,0.0,0.0
2025-10-29 03:10:00+00:00,17.100000381469727,17.100000381469727,17.100000381469727,17.100000381469727,7555,0.0,0.0,0.0
2025-10-29 03:15:00+00:00,17.100000381469727,17.100000381469727,17.09000015258789,17.09000015258789,295367,0.0,0.0,0.0
2025-10-29 03:20:00+00:00,17.09000015258789,17.09000015258789,17.09000015258789,17.09000015258789,11377,0.0,0.0,0.0
2025-10-29 03:25:00+00:00,17.09000015258789,17.09000015258789,17.09000015258789,17.09000015258789,1010,0.0,0.0,0.0
2025-10-29 03:30:00+00:00,17.09000015258789,17.100000381469727,17.09000015258789,17.100000381469727,12504,0.0,0.0,0.0
2025-10-29 03:35:00+00:00,17.100000381469727,17.100000381469727,17.09000015258789,17.09000015258789,9126,0.0,0.0,0.0
2025-10-29 03:40:00+00:00,17.100000381469727,17.100000381469727,17.09000015258789,17.09000015258789,9029,0.0,0.0,0.0
2025-10-29 03:45:00+00:00,17.09000015258789,17.09000015258789,17.09000015258789,17.09000015258789,3027,0.0,0.0,0.0
2025-10-29 03:50:00+00:00,17.09000015258789,17.09000015258789,17.079999923706055,17.09000015258789,4254,0.0,0.0,0.0
2025-10-29 03:55:00+00:00,17.09000015258789,17.09000015258789,17.09000015258789,17.09000015258789,32446,0.0,0.0,0.0
2025-10-29 04:00:00+00:00,17.09000015258789,17.09000015258789,17.09000015258789,17.09000015258789,15026,0.0,0.0,0.0
2025-10-29 04:05:00+00:00,17.09000015258789,17.09000015258789,17.079999923706055,17.09000015258789,13019,0.0,0.0,0.0
2025-10-29 04:10:00+00:00,17.09000015258789,17.100000381469727,17.09000015258789,17.100000381469727,22226,0.0,0.0,0.0
2025-10-29 04:15:00+00:00,17.100000381469727,17.100000381469727,17.100000381469727,17.100000381469727,7136,0.0,0.0,0.0
2025-10-29 04:20:00+00:00,17.100000381469727,17.100000381469727,17.09000015258789,17.09000015258789,2061,0.0,0.0,0.0
2025-10-29 04:25:00+00:00,17.100000381469727,17.100000381469727,17.06999969482422,17.06999969482422,25290,0.0,0.0,0.0
2025-10-29 04:30:00+00:00,17.09000015258789,17.09000015258789,17.079999923706055,17.079999923706055,18453,0.0,0.0,0.0
2025-10-29 04:35:00+00:00,17.079999923706055,17.079999923706055,17.06999969482422,17.06999969482422,12920,0.0,0.0,0.0
2025-10-29 04:40:00+00:00,17.06999969482422,17.079999923706055,17.06999969482422,17.079999923706055,8792,0.0,0.0,0.0
2025-10-29 04:45:00+00:00,17.079999923706055,17.079999923706055,17.079999923706055,17.079999923706055,6761,0.0,0.0,0.0
2025-10-29 04:50:00+00:00,17.079999923706055,17.079999923706055,17.079999923706055,17.079999923706055,3799,0.0,0.0,0.0
2025-10-29 04:55:00+00:00,17.079999923706055,17.079999923706055,17.079999923706055,17.079999923706055,16278,0.0,0.0,0.0
2025-10-29 05:00:00+00:00,17.06999969482422,17.079999923706055,17.06999969482422,17.079999923706055,5125,0.0,0.0,0.0
2025-10-29 05:05:00+00:00,17.06999969482422,17.079999923706055,17.06999969482422,17.06999969482422,20216,0.0,0.0,0.0
2025-10-29 05:10:00+00:00,17.06999969482422,17.079999923706055,17.06999969482422,17.079999923706055,9252,0.0,0.0,0.0
2025-10-29 05:15:00+00:00,17.079999923706055,17.079999923706055,17.06999969482422,17.079999923706055,6166,0.0,0.0,0.0
2025-10-29 05:20:00+00:00,17.079999923706055,17.09000015258789,17.079999923706055,17.09000015258789,58783,0.0,0.0,0.0
2025-10-30 01:00:00+00:00,17.1200008392334,17.149999618530273,17.1200008392334,17.149999618530273,0,0.0,0.0,0.0
2025-10-30 01:05:00+00:00,17.149999618530273,17.200000762939453,17.149999618530273,17.200000762939453,63000,0.0,0.0,0.0
2025-10-30 01:10:00+00:00,17.200000762939453,17.200000762939453,17.15999984741211,17.170000076293945,109736,0.0,0.0,0.0
2025-10-30 01:15:00+00:00,17.170000076293945,17.170000076293945,17.1200008392334,17.1200008392334,60556,0.0,0.0,0.0
2025-10-30 01:20:00+00:00,17.1200008392334,17.1200008392334,17.059999465942383,17.06999969482422,120064,0.0,0.0,0.0
2025-10-30 01:25:00+00:00,17.06999969482422,17.06999969482422,17.040000915527344,17.040000915527344,46893,0.0,0.0,0.0
2025-10-30 01:30:00+00:00,17.040000915527344,17.040000915527344,17.010000228881836,17.010000228881836,35366,0.0,0.0,0.0
2025-10-30 01:35:00+00:00,17.040000915527344,17.059999465942383,17.040000915527344,17.059999465942383,14074,0.0,0.0,0.0
2025-10-30 01:40:00+00:00,17.06999969482422,17.110000610351562,17.06999969482422,17.100000381469727,31234,0.0,0.0,0.0
2025-10-30 01:45:00+00:00,17.110000610351562,17.1200008392334,17.09000015258789,17.09000015258789,36109,0.0,0.0,0.0
2025-10-30 01:50:00+00:00,17.09000015258789,17.09000015258789,17.079999923706055,17.079999923706055,14194,0.0,0.0,0.0
2025-10-30 01:55:00+00:00,17.059999465942383,17.059999465942383,17.049999237060547,17.049999237060547,23753,0.0,0.0,0.0
2025-10-30 02:05:00+00:00,17.059999465942383,17.079999923706055,17.059999465942383,17.079999923706055,16879,0.0,0.0,0.0
2025-10-30 02:10:00+00:00,17.09000015258789,17.110000610351562,17.09000015258789,17.110000610351562,4634,0.0,0.0,0.0
2025-10-30 02:15:00+00:00,17.100000381469727,17.100000381469727,17.100000381469727,17.100000381469727,16345,0.0,0.0,0.0
2025-10-30 02:20:00+00:00,17.110000610351562,17.110000610351562,17.100000381469727,17.100000381469727,4371,0.0,0.0,0.0
2025-10-30 02:25:00+00:00,17.100000381469727,17.110000610351562,17.079999923706055,17.079999923706055,47171,0.0,0.0,0.0
2025-10-30 02:30:00+00:00,17.079999923706055,17.079999923706055,17.079999923706055,17.079999923706055,7264,0.0,0.0,0.0
2025-10-30 02:35:00+00:00,17.079999923706055,17.09000015258789,17.079999923706055,17.079999923706055,8169,0.0,0.0,0.0
2025-10-30 02:40:00+00:00,17.079999923706055,17.079999923706055,17.079999923706055,17.079999923706055,6346,0.0,0.0,0.0
2025-10-30 02:45:00+00:00,17.079999923706055,17.079999923706055,17.06999969482422,17.06999969482422,18520,0.0,0.0,0.0
2025-10-30 02:50:00+00:00,17.06999969482422,17.079999923706055,17.06999969482422,17.079999923706055,3024,0.0,0.0,0.0
2025-10-30 02:55:00+00:00,17.06999969482422,17.06999969482422,17.06999969482422,17.06999969482422,45175,0.0,0.0,0.0
2025-10-30 03:00:00+00:00,17.059999465942383,17.06999969482422,17.059999465942383,17.06999969482422,12285,0.0,0.0,0.0
2025-10-30 03:05:00+00:00,17.06999969482422,17.110000610351562,17.06999969482422,17.110000610351562,74276,0.0,0.0,0.0
2025-10-30 03:15:00+00:00,17.09000015258789,17.09000015258789,17.09000015258789,17.09000015258789,1044,0.0,0.0,0.0
2025-10-30 03:20:00+00:00,17.09000015258789,17.110000610351562,17.09000015258789,17.110000610351562,6439,0.0,0.0,0.0
2025-10-30 03:25:00+00:00,17.110000610351562,17.110000610351562,17.110000610351562,17.110000610351562,15210,0.0,0.0,0.0
2025-10-30 03:30:00+00:00,17.110000610351562,17.110000610351562,17.09000015258789,17.09000015258789,15166,0.0,0.0,0.0
2025-10-30 03:35:00+00:00,17.09000015258789,17.09000015258789,17.09000015258789,17.09000015258789,11090,0.0,0.0,0.0
2025-10-30 03:40:00+00:00,17.079999923706055,17.09000015258789,17.079999923706055,17.079999923706055,261358,0.0,0.0,0.0
2025-10-30 03:45:00+00:00,17.09000015258789,17.09000015258789,17.09000015258789,17.09000015258789,6051,0.0,0.0,0.0
2025-10-30 03:50:00+00:00,17.09000015258789,17.09000015258789,17.09000015258789,17.09000015258789,2073,0.0,0.0,0.0
2025-10-30 03:55:00+00:00,17.09000015258789,17.09000015258789,17.09000015258789,17.09000015258789,4050,0.0,0.0,0.0
2025-10-30 04:00:00+00:00,17.09000015258789,17.09000015258789,17.09000015258789,17.09000015258789,8052,0.0,0.0,0.0
2025-10-30 04:05:00+00:00,17.09000015258789,17.09000015258789,17.079999923706055,17.079999923706055,18068,0.0,0.0,0.0
2025-10-30 04:10:00+00:00,17.079999923706055,17.079999923706055,17.040000915527344,17.040000915527344,144341,0.0,0.0,0.0
2025-10-30 04:15:00+00:00,17.030000686645508,17.040000915527344,17.030000686645508,17.040000915527344,18286,0.0,0.0,0.0
2025-10-30 04:20:00+00:00,17.040000915527344,17.040000915527344,17.010000228881836,17.010000228881836,45703,0.0,0.0,0.0
2025-10-30 04:25:00+00:00,17.010000228881836,17.020000457763672,16.989999771118164,17.010000228881836,114360,0.0,0.0,0.0
2025-10-30 04:30:00+00:00,17.010000228881836,17.010000228881836,16.979999542236328,16.979999542236328,37410,0.0,0.0,0.0
2025-10-30 04:35:00+00:00,16.979999542236328,17.020000457763672,16.979999542236328,17.020000457763672,21173,0.0,0.0,0.0
2025-10-30 04:40:00+00:00,17.020000457763672,17.020000457763672,17.020000457763672,17.020000457763672,1010,0.0,0.0,0.0
2025-10-30 04:45:00+00:00,17.030000686645508,17.040000915527344,17.020000457763672,17.030000686645508,9192,0.0,0.0,0.0
2025-10-30 04:50:00+00:00,17.030000686645508,17.030000686645508,17.030000686645508,17.030000686645508,33470,0.0,0.0,0.0
2025-10-30 04:55:00+00:00,17.030000686645508,17.040000915527344,17.030000686645508,17.040000915527344,2309,0.0,0.0,0.0
2025-10-30 05:00:00+00:00,17.040000915527344,17.059999465942383,17.040000915527344,17.059999465942383,35123,0.0,0.0,0.0
2025-10-30 05:05:00+00:00,17.09000015258789,17.09000015258789,17.09000015258789,17.09000015258789,17388,0.0,0.0,0.0
2025-10-30 05:10:00+00:00,17.09000015258789,17.09000015258789,17.09000015258789,17.09000015258789,8271,0.0,0.0,0.0
2025-10-30 05:15:00+00:00,17.09000015258789,17.09000015258789,17.059999465942383,17.079999923706055,11595,0.0,0.0,0.0
2025-10-30 05:20:00+00:00,17.09000015258789,17.100000381469727,17.09000015258789,17.100000381469727,20952,0.0,0.0,0.0
2025-10-31 01:00:00+00:00,17.1200008392334,17.1200008392334,17.1200008392334,17.1200008392334,0,0.0,0.0,0.0
2025-10-31 01:05:00+00:00,17.1299991607666,17.139999389648438,17.1299991607666,17.139999389648438,133285,0.0,0.0,0.0
2025-10-31 01:10:00+00:00,17.139999389648438,17.149999618530273,17.139999389648438,17.149999618530273,37277,0.0,0.0,0.0
2025-10-31 01:15:00+00:00,17.149999618530273,17.149999618530273,17.149999618530273,17.149999618530273,12633,0.0,0.0,0.0
2025-10-31 01:20:00+00:00,17.149999618530273,17.149999618530273,17.139999389648438,17.139999389648438,55076,0.0,0.0,0.0
2025-10-31 01:25:00+00:00,17.139999389648438,17.15999984741211,17.139999389648438,17.149999618530273,58151,0.0,0.0,0.0
2025-10-31 01:30:00+00:00,17.170000076293945,17.170000076293945,17.15999984741211,17.15999984741211,6209,0.0,0.0,0.0
2025-10-31 01:35:00+00:00,17.15999984741211,17.190000534057617,17.15999984741211,17.190000534057617,48472,0.0,0.0,0.0
2025-10-31 01:40:00+00:00,17.200000762939453,17.219999313354492,17.190000534057617,17.209999084472656,68710,0.0,0.0,0.0
2025-10-31 01:45:00+00:00,17.200000762939453,17.200000762939453,17.190000534057617,17.190000534057617,17052,0.0,0.0,0.0
2025-10-31 01:50:00+00:00,17.18000030517578,17.18000030517578,17.15999984741211,17.15999984741211,20587,0.0,0.0,0.0
2025-10-31 01:55:00+00:00,17.15999984741211,17.15999984741211,17.15999984741211,17.15999984741211,2449,0.0,0.0,0.0
2025-10-31 02:00:00+00:00,17.170000076293945,17.18000030517578,17.170000076293945,17.18000030517578,28027,0.0,0.0,0.0
2025-10-31 02:05:00+00:00,17.190000534057617,17.190000534057617,17.18000030517578,17.18000030517578,21278,0.0,0.0,0.0
2025-10-31 02:10:00+00:00,17.18000030517578,17.18000030517578,17.18000030517578,17.18000030517578,14683,0.0,0.0,0.0
2025-10-31 02:20:00+00:00,17.18000030517578,17.18000030517578,17.18000030517578,17.18000030517578,4027,0.0,0.0,0.0
2025-10-31 02:25:00+00:00,17.18000030517578,17.18000030517578,17.170000076293945,17.18000030517578,77057,0.0,0.0,0.0
2025-10-31 02:30:00+00:00,17.18000030517578,17.18000030517578,17.18000030517578,17.18000030517578,3076,0.0,0.0,0.0
2025-10-31 02:35:00+00:00,17.170000076293945,17.170000076293945,17.170000076293945,17.170000076293945,17317,0.0,0.0,0.0
2025-10-31 02:40:00+00:00,17.170000076293945,17.170000076293945,17.170000076293945,17.170000076293945,1500,0.0,0.0,0.0
2025-10-31 02:45:00+00:00,17.170000076293945,17.170000076293945,17.15999984741211,17.15999984741211,42276,0.0,0.0,0.0
2025-10-31 02:50:00+00:00,17.15999984741211,17.170000076293945,17.15999984741211,17.170000076293945,6310,0.0,0.0,0.0
2025-10-31 02:55:00+00:00,17.170000076293945,17.170000076293945,17.170000076293945,17.170000076293945,3298,0.0,0.0,0.0
2025-10-31 03:05:00+00:00,17.15999984741211,17.15999984741211,17.149999618530273,17.149999618530273,48025,0.0,0.0,0.0
2025-10-31 03:10:00+00:00,17.149999618530273,17.149999618530273,17.149999618530273,17.149999618530273,17597,0.0,0.0,0.0
2025-10-31 03:15:00+00:00,17.149999618530273,17.149999618530273,17.149999618530273,17.149999618530273,2027,0.0,0.0,0.0
2025-10-31 03:20:00+00:00,17.149999618530273,17.149999618530273,17.1299991607666,17.1299991607666,24291,0.0,0.0,0.0
2025-10-31 03:25:00+00:00,17.1200008392334,17.1200008392334,17.1200008392334,17.1200008392334,6630,0.0,0.0,0.0
2025-10-31 03:30:00+00:00,17.1200008392334,17.1200008392334,17.1200008392334,17.1200008392334,13602,0.0,0.0,0.0
2025-10-31 03:40:00+00:00,17.1200008392334,17.1200008392334,17.1200008392334,17.1200008392334,2385,0.0,0.0,0.0
2025-10-31 03:45:00+00:00,17.1200008392334,17.1200008392334,17.1200008392334,17.1200008392334,10004,0.0,0.0,0.0
2025-10-31 03:50:00+00:00,17.1200008392334,17.1200008392334,17.1200008392334,17.1200008392334,1006,0.0,0.0,0.0
2025-10-31 03:55:00+00:00,17.1200008392334,17.1200008392334,17.110000610351562,17.1200008392334,65046,0.0,0.0,0.0
2025-10-31 04:00:00+00:00,17.1299991607666,17.1299991607666,17.1299991607666,17.1299991607666,1894,0.0,0.0,0.0
2025-10-31 04:05:00+00:00,17.1299991607666,17.139999389648438,17.1299991607666,17.139999389648438,9029,0.0,0.0,0.0
2025-10-31 04:10:00+00:00,17.149999618530273,17.149999618530273,17.139999389648438,17.139999389648438,28099,0.0,0.0,0.0
2025-10-31 04:15:00+00:00,17.139999389648438,17.149999618530273,17.139999389648438,17.149999618530273,9000,0.0,0.0,0.0
2025-10-31 04:20:00+00:00,17.149999618530273,17.149999618530273,17.139999389648438,17.139999389648438,21630,0.0,0.0,0.0
2025-10-31 04:25:00+00:00,17.149999618530273,17.149999618530273,17.139999389648438,17.139999389648438,3004,0.0,0.0,0.0
2025-10-31 04:30:00+00:00,17.149999618530273,17.149999618530273,17.149999618530273,17.149999618530273,5006,0.0,0.0,0.0
2025-10-31 04:35:00+00:00,17.149999618530273,17.149999618530273,17.139999389648438,17.149999618530273,34217,0.0,0.0,0.0
2025-10-31 04:40:00+00:00,17.149999618530273,17.149999618530273,17.149999618530273,17.149999618530273,22431,0.0,0.0,0.0
2025-10-31 04:45:00+00:00,17.149999618530273,17.15999984741211,17.149999618530273,17.15999984741211,34396,0.0,0.0,0.0
2025-10-31 04:50:00+00:00,17.15999984741211,17.15999984741211,17.149999618530273,17.15999984741211,9416,0.0,0.0,0.0
2025-10-31 04:55:00+00:00,17.15999984741211,17.170000076293945,17.15999984741211,17.170000076293945,9080,0.0,0.0,0.0
2025-10-31 05:00:00+00:00,17.170000076293945,17.170000076293945,17.170000076293945,17.170000076293945,5143,0.0,0.0,0.0
2025-10-31 05:05:00+00:00,17.170000076293945,17.170000076293945,17.170000076293945,17.170000076293945,1010,0.0,0.0,0.0
2025-10-31 05:10:00+00:00,17.15999984741211,17.15999984741211,17.15999984741211,17.15999984741211,3058,0.0,0.0,0.0
2025-10-31 05:15:00+00:00,17.170000076293945,17.170000076293945,17.170000076293945,17.170000076293945,13951,0.0,0.0,0.0
2025-10-31 05:20:00+00:00,17.15999984741211,17.15999984741211,17.15999984741211,17.15999984741211,6032,0.0,0.0,0.0
2025-11-03 01:00:00+00:00,17.149999618530273,17.149999618530273,17.1299991607666,17.1299991607666,0,0.0,0.0,0.0
2025-11-03 01:05:00+00:00,17.1299991607666,17.139999389648438,17.1200008392334,17.139999389648438,22835,0.0,0.0,0.0
2025-11-03 01:10:00+00:00,17.15999984741211,17.170000076293945,17.15999984741211,17.170000076293945,29259,0.0,0.0,0.0
2025-11-03 01:15:00+00:00,17.170000076293945,17.190000534057617,17.170000076293945,17.190000534057617,19023,0.0,0.0,0.0
2025-11-03 01:20:00+00:00,17.190000534057617,17.200000762939453,17.190000534057617,17.200000762939453,41228,0.0,0.0,0.0
2025-11-03 01:25:00+00:00,17.200000762939453,17.200000762939453,17.190000534057617,17.190000534057617,40546,0.0,0.0,0.0
2025-11-03 01:30:00+00:00,17.18000030517578,17.200000762939453,17.18000030517578,17.18000030517578,25429,0.0,0.0,0.0
2025-11-03 01:35:00+00:00,17.15999984741211,17.170000076293945,17.149999618530273,17.170000076293945,38398,0.0,0.0,0.0
2025-11-03 01:40:00+00:00,17.15999984741211,17.15999984741211,17.15999984741211,17.15999984741211,6322,0.0,0.0,0.0
2025-11-03 01:45:00+00:00,17.15999984741211,17.15999984741211,17.149999618530273,17.15999984741211,13183,0.0,0.0,0.0
2025-11-03 01:50:00+00:00,17.15999984741211,17.15999984741211,17.139999389648438,17.139999389648438,48171,0.0,0.0,0.0
2025-11-03 01:55:00+00:00,17.15999984741211,17.15999984741211,17.110000610351562,17.1299991607666,35578,0.0,0.0,0.0
2025-11-03 02:00:00+00:00,17.1299991607666,17.139999389648438,17.110000610351562,17.139999389648438,23851,0.0,0.0,0.0
2025-11-03 02:05:00+00:00,17.139999389648438,17.149999618530273,17.1299991607666,17.149999618530273,6061,0.0,0.0,0.0
2025-11-03 02:10:00+00:00,17.1299991607666,17.1299991607666,17.1200008392334,17.1200008392334,11642,0.0,0.0,0.0
2025-11-03 02:15:00+00:00,17.1200008392334,17.149999618530273,17.1200008392334,17.149999618530273,27165,0.0,0.0,0.0
2025-11-03 02:20:00+00:00,17.149999618530273,17.15999984741211,17.139999389648438,17.149999618530273,10221,0.0,0.0,0.0
2025-11-03 02:25:00+00:00,17.149999618530273,17.15999984741211,17.149999618530273,17.15999984741211,7031,0.0,0.0,0.0
2025-11-03 02:30:00+00:00,17.15999984741211,17.15999984741211,17.1299991607666,17.1299991607666,17305,0.0,0.0,0.0
2025-11-03 02:35:00+00:00,17.1299991607666,17.1299991607666,17.06999969482422,17.100000381469727,149496,0.0,0.0,0.0
2025-11-03 02:40:00+00:00,17.09000015258789,17.09000015258789,17.030000686645508,17.030000686645508,55250,0.0,0.0,0.0
2025-11-03 02:45:00+00:00,17.049999237060547,17.079999923706055,17.030000686645508,17.079999923706055,9611,0.0,0.0,0.0
2025-11-03 02:50:00+00:00,17.079999923706055,17.100000381469727,17.079999923706055,17.100000381469727,5113,0.0,0.0,0.0
2025-11-03 02:55:00+00:00,17.100000381469727,17.100000381469727,17.09000015258789,17.09000015258789,6388,0.0,0.0,0.0
2025-11-03 03:00:00+00:00,17.100000381469727,17.100000381469727,17.079999923706055,17.079999923706055,13564,0.0,0.0,0.0
2025-11-03 03:05:00+00:00,17.09000015258789,17.09000015258789,17.06999969482422,17.09000015258789,4329,0.0,0.0,0.0
2025-11-03 03:10:00+00:00,17.06999969482422,17.09000015258789,17.049999237060547,17.079999923706055,39368,0.0,0.0,0.0
2025-11-03 03:15:00+00:00,17.09000015258789,17.09000015258789,17.09000015258789,17.09000015258789,2092,0.0,0.0,0.0
2025-11-03 03:20:00+00:00,17.079999923706055,17.079999923706055,17.06999969482422,17.06999969482422,9423,0.0,0.0,0.0
2025-11-03 03:25:00+00:00,17.079999923706055,17.079999923706055,17.079999923706055,17.079999923706055,4897,0.0,0.0,0.0
2025-11-03 03:30:00+00:00,17.079999923706055,17.09000015258789,17.079999923706055,17.09000015258789,12567,0.0,0.0,0.0
2025-11-03 03:35:00+00:00,17.079999923706055,17.09000015258789,17.06999969482422,17.09000015258789,6171,0.0,0.0,0.0
2025-11-03 03:40:00+00:00,17.06999969482422,17.09000015258789,17.06999969482422,17.079999923706055,10000,0.0,0.0,0.0
2025-11-03 03:45:00+00:00,17.079999923706055,17.09000015258789,17.079999923706055,17.079999923706055,7905,0.0,0.0,0.0
2025-11-03 03:50:00+00:00,17.079999923706055,17.09000015258789,17.049999237060547,17.09000015258789,25178,0.0,0.0,0.0
2025-11-03 03:55:00+00:00,17.09000015258789,17.09000015258789,17.079999923706055,17.079999923706055,3994,0.0,0.0,0.0
2025-11-03 04:00:00+00:00,17.079999923706055,17.079999923706055,17.049999237060547,17.049999237060547,16242,0.0,0.0,0.0
2025-11-03 04:05:00+00:00,17.079999923706055,17.079999923706055,17.059999465942383,17.06999969482422,5929,0.0,0.0,0.0
2025-11-03 04:10:00+00:00,17.059999465942383,17.059999465942383,17.059999465942383,17.059999465942383,5586,0.0,0.0,0.0
2025-11-03 04:15:00+00:00,17.079999923706055,17.079999923706055,17.049999237060547,17.049999237060547,114059,0.0,0.0,0.0
2025-11-03 04:20:00+00:00,17.059999465942383,17.059999465942383,17.049999237060547,17.049999237060547,9353,0.0,0.0,0.0
2025-11-03 04:25:00+00:00,17.059999465942383,17.059999465942383,17.049999237060547,17.049999237060547,11288,0.0,0.0,0.0
2025-11-03 04:30:00+00:00,17.06999969482422,17.06999969482422,17.059999465942383,17.059999465942383,14000,0.0,0.0,0.0
2025-11-03 04:35:00+00:00,17.06999969482422,17.06999969482422,17.06999969482422,17.06999969482422,13270,0.0,0.0,0.0
2025-11-03 04:40:00+00:00,17.06999969482422,17.06999969482422,17.06999969482422,17.06999969482422,13834,0.0,0.0,0.0
2025-11-03 04:45:00+00:00,17.079999923706055,17.079999923706055,17.079999923706055,17.079999923706055,4036,0.0,0.0,0.0
2025-11-03 04:50:00+00:00,17.079999923706055,17.09000015258789,17.079999923706055,17.09000015258789,30210,0.0,0.0,0.0
2025-11-03 04:55:00+00:00,17.09000015258789,17.09000015258789,17.09000015258789,17.09000015258789,8082,0.0,0.0,0.0
2025-11-03 05:00:00+00:00,17.09000015258789,17.100000381469727,17.09000015258789,17.09000015258789,52485,0.0,0.0,0.0
2025-11-03 05:05:00+00:00,17.100000381469727,17.100000381469727,17.100000381469727,17.100000381469727,9711,0.0,0.0,0.0
2025-11-03 05:10:00+00:00,17.100000381469727,17.100000381469727,17.09000015258789,17.09000015258789,14242,0.0,0.0,0.0
2025-11-03 05:15:00+00:00,17.100000381469727,17.100000381469727,17.09000015258789,17.100000381469727,43422,0.0,0.0,0.0
2025-11-03 05:20:00+00:00,17.09000015258789,17.100000381469727,17.09000015258789,17.100000381469727,7934,0.0,0.0,0.0
2025-11-04 01:00:00+00:00,17.219999313354492,17.219999313354492,17.219999313354492,17.219999313354492,0,0.0,0.0,0.0
2025-11-04 01:05:00+00:00,17.18000030517578,17.18000030517578,17.15999984741211,17.18000030517578,121543,0.0,0.0,0.0
2025-11-04 01:10:00+00:00,17.18000030517578,17.18000030517578,17.15999984741211,17.170000076293945,28922,0.0,0.0,0.0
2025-11-04 01:15:00+00:00,17.15999984741211,17.18000030517578,17.15999984741211,17.18000030517578,67353,0.0,0.0,0.0
2025-11-04 01:20:00+00:00,17.190000534057617,17.219999313354492,17.190000534057617,17.219999313354492,113839,0.0,0.0,0.0
2025-11-04 01:25:00+00:00,17.229999542236328,17.239999771118164,17.229999542236328,17.239999771118164,18221,0.0,0.0,0.0
2025-11-04 01:30:00+00:00,17.239999771118164,17.239999771118164,17.219999313354492,17.229999542236328,32078,0.0,0.0,0.0
2025-11-04 01:35:00+00:00,17.239999771118164,17.239999771118164,17.229999542236328,17.229999542236328,4578,0.0,0.0,0.0
2025-11-04 01:40:00+00:00,17.229999542236328,17.229999542236328,17.219999313354492,17.219999313354492,2098,0.0,0.0,0.0
2025-11-04 01:45:00+00:00,17.209999084472656,17.209999084472656,17.18000030517578,17.18000030517578,9044,0.0,0.0,0.0
2025-11-04 01:50:00+00:00,17.170000076293945,17.170000076293945,17.149999618530273,17.149999618530273,30994,0.0,0.0,0.0
2025-11-04 01:55:00+00:00,17.149999618530273,17.170000076293945,17.149999618530273,17.170000076293945,4462,0.0,0.0,0.0
2025-11-04 02:00:00+00:00,17.15999984741211,17.15999984741211,17.149999618530273,17.149999618530273,5238,0.0,0.0,0.0
2025-11-04 02:05:00+00:00,17.139999389648438,17.139999389648438,17.1299991607666,17.1299991607666,6049,0.0,0.0,0.0
2025-11-04 02:10:00+00:00,17.1299991607666,17.1299991607666,17.1299991607666,17.1299991607666,24340,0.0,0.0,0.0
2025-11-04 02:15:00+00:00,17.1200008392334,17.1200008392334,17.100000381469727,17.100000381469727,54209,0.0,0.0,0.0
2025-11-04 02:20:00+00:00,17.09000015258789,17.1299991607666,17.079999923706055,17.1299991607666,46843,0.0,0.0,0.0
2025-11-04 02:25:00+00:00,17.1200008392334,17.1200008392334,17.110000610351562,17.110000610351562,32068,0.0,0.0,0.0
2025-11-04 02:30:00+00:00,17.110000610351562,17.110000610351562,17.110000610351562,17.110000610351562,11038,0.0,0.0,0.0
2025-11-04 02:35:00+00:00,17.100000381469727,17.100000381469727,17.100000381469727,17.100000381469727,22423,0.0,0.0,0.0
2025-11-04 02:40:00+00:00,17.09000015258789,17.100000381469727,17.06999969482422,17.06999969482422,36141,0.0,0.0,0.0
2025-11-04 02:45:00+00:00,17.059999465942383,17.059999465942383,17.020000457763672,17.020000457763672,110634,0.0,0.0,0.0
2025-11-04 02:50:00+00:00,17.020000457763672,17.030000686645508,17.020000457763672,17.030000686645508,3198,0.0,0.0,0.0
2025-11-04 02:55:00+00:00,17.040000915527344,17.049999237060547,17.040000915527344,17.049999237060547,3014,0.0,0.0,0.0
2025-11-04 03:00:00+00:00,17.049999237060547,17.059999465942383,17.049999237060547,17.059999465942383,17149,0.0,0.0,0.0
2025-11-04 03:05:00+00:00,17.06999969482422,17.06999969482422,17.059999465942383,17.059999465942383,5049,0.0,0.0,0.0
2025-11-04 03:10:00+00:00,17.059999465942383,17.059999465942383,17.059999465942383,17.059999465942383,16338,0.0,0.0,0.0
2025-11-04 03:15:00+00:00,17.06999969482422,17.079999923706055,17.06999969482422,17.079999923706055,9241,0.0,0.0,0.0
2025-11-04 03:20:00+00:00,17.079999923706055,17.079999923706055,17.06999969482422,17.06999969482422,5326,0.0,0.0,0.0
2025-11-04 03:30:00+00:00,17.079999923706055,17.079999923706055,17.079999923706055,17.079999923706055,13064,0.0,0.0,0.0
2025-11-04 03:35:00+00:00,17.079999923706055,17.079999923706055,17.059999465942383,17.059999465942383,12308,0.0,0.0,0.0
2025-11-04 03:40:00+00:00,17.06999969482422,17.06999969482422,17.06999969482422,17.06999969482422,3055,0.0,0.0,0.0
2025-11-04 03:45:00+00:00,17.059999465942383,17.059999465942383,17.040000915527344,17.040000915527344,32885,0.0,0.0,0.0
2025-11-04 03:50:00+00:00,17.049999237060547,17.06999969482422,17.030000686645508,17.030000686645508,42396,0.0,0.0,0.0
2025-11-04 03:55:00+00:00,17.06999969482422,17.06999969482422,17.06999969482422,17.06999969482422,1063,0.0,0.0,0.0
2025-11-04 04:00:00+00:00,17.059999465942383,17.059999465942383,17.049999237060547,17.049999237060547,2108,0.0,0.0,0.0
2025-11-04 04:05:00+00:00,17.049999237060547,17.049999237060547,17.049999237060547,17.049999237060547,3326,0.0,0.0,0.0
2025-11-04 04:10:00+00:00,17.040000915527344,17.040000915527344,17.030000686645508,17.030000686645508,61536,0.0,0.0,0.0
2025-11-04 04:15:00+00:00,17.040000915527344,17.040000915527344,17.020000457763672,17.020000457763672,130585,0.0,0.0,0.0
2025-11-04 04:20:00+00:00,17.020000457763672,17.020000457763672,17.0,17.0,35389,0.0,0.0,0.0
2025-11-04 04:25:00+00:00,17.0,17.0,16.989999771118164,16.989999771118164,78528,0.0,0.0,0.0
2025-11-04 04:30:00+00:00,16.989999771118164,16.989999771118164,16.989999771118164,16.989999771118164,5078,0.0,0.0,0.0
2025-11-04 04:35:00+00:00,16.989999771118164,16.989999771118164,16.989999771118164,16.989999771118164,36610,0.0,0.0,0.0
2025-11-04 04:40:00+00:00,16.989999771118164,16.989999771118164,16.989999771118164,16.989999771118164,16110,0.0,0.0,0.0
2025-11-04 04:45:00+00:00,16.989999771118164,17.0,16.989999771118164,16.989999771118164,14139,0.0,0.0,0.0
2025-11-04 04:50:00+00:00,16.989999771118164,17.0,16.989999771118164,17.0,5927,0.0,0.0,0.0
2025-11-04 04:55:00+00:00,16.989999771118164,17.0,16.989999771118164,17.0,9415,0.0,0.0,0.0
2025-11-04 05:00:00+00:00,17.0,17.0,16.989999771118164,16.989999771118164,37257,0.0,0.0,0.0
2025-11-04 05:05:00+00:00,16.989999771118164,16.989999771118164,16.989999771118164,16.989999771118164,51730,0.0,0.0,0.0
2025-11-04 05:10:00+00:00,16.989999771118164,16.989999771118164,16.979999542236328,16.979999542236328,115193,0.0,0.0,0.0
2025-11-04 05:15:00+00:00,16.989999771118164,17.0,16.979999542236328,16.979999542236328,63222,0.0,0.0,0.0
2025-11-04 05:20:00+00:00,17.0,17.0,16.979999542236328,16.979999542236328,9250,0.0,0.0,0.0
2025-11-05 01:00:00+00:00,16.719999313354492,16.75,16.610000610351562,16.639999389648438,0,0.0,0.0,0.0
2025-11-05 01:05:00+00:00,16.649999618530273,16.709999084472656,16.649999618530273,16.649999618530273,333439,0.0,0.0,0.0
2025-11-05 01:10:00+00:00,16.649999618530273,16.739999771118164,16.649999618530273,16.729999542236328,147761,0.0,0.0,0.0
2025-11-05 01:15:00+00:00,16.739999771118164,16.739999771118164,16.68000030517578,16.68000030517578,145033,0.0,0.0,0.0
2025-11-05 01:20:00+00:00,16.68000030517578,16.68000030517578,16.59000015258789,16.59000015258789,292021,0.0,0.0,0.0
2025-11-05 01:25:00+00:00,16.59000015258789,16.600000381469727,16.56999969482422,16.600000381469727,205371,0.0,0.0,0.0
2025-11-05 01:30:00+00:00,16.610000610351562,16.6200008392334,16.579999923706055,16.579999923706055,62390,0.0,0.0,0.0
2025-11-05 01:35:00+00:00,16.579999923706055,16.59000015258789,16.56999969482422,16.579999923706055,102829,0.0,0.0,0.0
2025-11-05 01:40:00+00:00,16.56999969482422,16.579999923706055,16.559999465942383,16.56999969482422,192993,0.0,0.0,0.0
2025-11-05 01:45:00+00:00,16.579999923706055,16.579999923706055,16.549999237060547,16.56999969482422,59008,0.0,0.0,0.0
2025-11-05 01:50:00+00:00,16.579999923706055,16.6200008392334,16.579999923706055,16.600000381469727,45426,0.0,0.0,0.0
2025-11-05 01:55:00+00:00,16.600000381469727,16.610000610351562,16.579999923706055,16.579999923706055,45194,0.0,0.0,0.0
2025-11-05 02:00:00+00:00,16.600000381469727,16.610000610351562,16.579999923706055,16.610000610351562,63506,0.0,0.0,0.0
2025-11-05 02:05:00+00:00,16.6200008392334,16.639999389648438,16.6200008392334,16.639999389648438,32492,0.0,0.0,0.0
2025-11-05 02:10:00+00:00,16.649999618530273,16.649999618530273,16.6200008392334,16.6200008392334,62287,0.0,0.0,0.0
2025-11-05 02:15:00+00:00,16.6200008392334,16.6299991607666,16.600000381469727,16.6200008392334,56957,0.0,0.0,0.0
2025-11-05 02:20:00+00:00,16.6200008392334,16.6299991607666,16.610000610351562,16.610000610351562,33858,0.0,0.0,0.0
2025-11-05 02:25:00+00:00,16.610000610351562,16.6200008392334,16.600000381469727,16.6200008392334,23548,0.0,0.0,0.0
2025-11-05 02:30:00+00:00,16.610000610351562,16.639999389648438,16.610000610351562,16.639999389648438,15116,0.0,0.0,0.0
2025-11-05 02:35:00+00:00,16.639999389648438,16.690000534057617,16.639999389648438,16.68000030517578,141154,0.0,0.0,0.0
2025-11-05 02:40:00+00:00,16.68000030517578,16.68000030517578,16.670000076293945,16.670000076293945,8217,0.0,0.0,0.0
2025-11-05 02:45:00+00:00,16.68000030517578,16.719999313354492,16.670000076293945,16.719999313354492,90134,0.0,0.0,0.0
2025-11-05 02:50:00+00:00,16.729999542236328,16.739999771118164,16.719999313354492,16.719999313354492,18878,0.0,0.0,0.0
2025-11-05 02:55:00+00:00,16.719999313354492,16.739999771118164,16.709999084472656,16.709999084472656,64275,0.0,0.0,0.0
2025-11-05 03:00:00+00:00,16.709999084472656,16.770000457763672,16.709999084472656,16.770000457763672,57802,0.0,0.0,0.0
2025-11-05 03:05:00+00:00,16.780000686645508,16.799999237060547,16.780000686645508,16.790000915527344,47717,0.0,0.0,0.0
2025-11-05 03:10:00+00:00,16.790000915527344,16.790000915527344,16.780000686645508,16.780000686645508,22777,0.0,0.0,0.0
2025-11-05 03:15:00+00:00,16.780000686645508,16.780000686645508,16.760000228881836,16.770000457763672,95908,0.0,0.0,0.0
2025-11-05 03:20:00+00:00,16.780000686645508,16.780000686645508,16.770000457763672,16.770000457763672,21678,0.0,0.0,0.0
2025-11-05 03:25:00+00:00,16.770000457763672,16.81999969482422,16.770000457763672,16.81999969482422,32079,0.0,0.0,0.0
2025-11-05 03:30:00+00:00,16.81999969482422,16.81999969482422,16.809999465942383,16.809999465942383,34375,0.0,0.0,0.0
2025-11-05 03:35:00+00:00,16.780000686645508,16.809999465942383,16.780000686645508,16.799999237060547,12472,0.0,0.0,0.0
2025-11-05 03:40:00+00:00,16.799999237060547,16.809999465942383,16.799999237060547,16.799999237060547,6365,0.0,0.0,0.0
2025-11-05 03:45:00+00:00,16.799999237060547,16.84000015258789,16.799999237060547,16.84000015258789,25236,0.0,0.0,0.0
2025-11-05 03:50:00+00:00,16.84000015258789,16.84000015258789,16.829999923706055,16.84000015258789,8592,0.0,0.0,0.0
2025-11-05 03:55:00+00:00,16.84000015258789,16.84000015258789,16.809999465942383,16.809999465942383,29477,0.0,0.0,0.0
2025-11-05 04:00:00+00:00,16.809999465942383,16.81999969482422,16.809999465942383,16.81999969482422,5416,0.0,0.0,0.0
2025-11-05 04:05:00+00:00,16.81999969482422,16.81999969482422,16.809999465942383,16.809999465942383,112788,0.0,0.0,0.0
2025-11-05 04:10:00+00:00,16.799999237060547,16.809999465942383,16.799999237060547,16.809999465942383,139306,0.0,0.0,0.0
2025-11-05 04:15:00+00:00,16.809999465942383,16.809999465942383,16.790000915527344,16.790000915527344,10303,0.0,0.0,0.0
2025-11-05 04:20:00+00:00,16.790000915527344,16.799999237060547,16.790000915527344,16.790000915527344,21881,0.0,0.0,0.0
2025-11-05 04:25:00+00:00,16.780000686645508,16.790000915527344,16.780000686645508,16.780000686645508,16677,0.0,0.0,0.0
2025-11-05 04:30:00+00:00,16.790000915527344,16.790000915527344,16.790000915527344,16.790000915527344,488158,0.0,0.0,0.0
2025-11-05 04:35:00+00:00,16.799999237060547,16.81999969482422,16.799999237060547,16.81999969482422,14110,0.0,0.0,0.0
2025-11-05 04:40:00+00:00,16.81999969482422,16.829999923706055,16.809999465942383,16.81999969482422,512661,0.0,0.0,0.0
2025-11-05 04:45:00+00:00,16.81999969482422,16.81999969482422,16.809999465942383,16.809999465942383,18000,0.0,0.0,0.0
2025-11-05 04:50:00+00:00,16.809999465942383,16.809999465942383,16.809999465942383,16.809999465942383,12312,0.0,0.0,0.0
2025-11-05 04:55:00+00:00,16.809999465942383,16.809999465942383,16.799999237060547,16.799999237060547,16754,0.0,0.0,0.0
2025-11-05 05:00:00+00:00,16.809999465942383,16.809999465942383,16.809999465942383,16.809999465942383,13066,0.0,0.0,0.0
2025-11-05 05:05:00+00:00,16.799999237060547,16.81999969482422,16.799999237060547,16.81999969482422,35473,0.0,0.0,0.0
2025-11-05 05:10:00+00:00,16.809999465942383,16.829999923706055,16.809999465942383,16.81999969482422,66813,0.0,0.0,0.0
2025-11-05 05:15:00+00:00,16.829999923706055,16.84000015258789,16.829999923706055,16.84000015258789,61407,0.0,0.0,0.0
2025-11-05 05:20:00+00:00,16.829999923706055,16.84000015258789,16.81999969482422,16.829999923706055,126063,0.0,0.0,0.0
2025-11-06 01:00:00+00:00,16.899999618530273,16.950000762939453,16.899999618530273,16.899999618530273,0,0.0,0.0,0.0
2025-11-06 01:05:00+00:00,16.940000534057617,16.950000762939453,16.93000030517578,16.950000762939453,38000,0.0,0.0,0.0
2025-11-06 01:10:00+00:00,16.950000762939453,16.950000762939453,16.90999984741211,16.93000030517578,199225,0.0,0.0,0.0
2025-11-06 01:15:00+00:00,16.93000030517578,16.940000534057617,16.93000030517578,16.940000534057617,19008,0.0,0.0,0.0
2025-11-06 01:20:00+00:00,16.950000762939453,16.950000762939453,16.93000030517578,16.93000030517578,74414,0.0,0.0,0.0
2025-11-06 01:25:00+00:00,16.950000762939453,16.950000762939453,16.920000076293945,16.920000076293945,92785,0.0,0.0,0.0
2025-11-06 01:30:00+00:00,16.920000076293945,16.920000076293945,16.920000076293945,16.920000076293945,28181,0.0,0.0,0.0
2025-11-06 01:35:00+00:00,16.920000076293945,16.93000030517578,16.920000076293945,16.93000030517578,2162,0.0,0.0,0.0
2025-11-06 01:40:00+00:00,16.93000030517578,16.93000030517578,16.93000030517578,16.93000030517578,4506,0.0,0.0,0.0
2025-11-06 01:45:00+00:00,16.93000030517578,16.93000030517578,16.90999984741211,16.90999984741211,34425,0.0,0.0,0.0
2025-11-06 01:50:00+00:00,16.90999984741211,16.93000030517578,16.90999984741211,16.93000030517578,26038,0.0,0.0,0.0
2025-11-06 01:55:00+00:00,16.93000030517578,16.93000030517578,16.93000030517578,16.93000030517578,4113,0.0,0.0,0.0
2025-11-06 02:00:00+00:00,16.93000030517578,16.93000030517578,16.90999984741211,16.920000076293945,61198,0.0,0.0,0.0
2025-11-06 02:05:00+00:00,16.93000030517578,16.93000030517578,16.90999984741211,16.90999984741211,29605,0.0,0.0,0.0
2025-11-06 02:10:00+00:00,16.90999984741211,16.90999984741211,16.90999984741211,16.90999984741211,2300,0.0,0.0,0.0
2025-11-06 02:15:00+00:00,16.90999984741211,16.93000030517578,16.899999618530273,16.90999984741211,27180,0.0,0.0,0.0
2025-11-06 02:20:00+00:00,16.90999984741211,16.90999984741211,16.90999984741211,16.90999984741211,3000,0.0,0.0,0.0
2025-11-06 02:25:00+00:00,16.90999984741211,16.90999984741211,16.899999618530273,16.899999618530273,14050,0.0,0.0,0.0
2025-11-06 02:30:00+00:00,16.899999618530273,16.90999984741211,16.899999618530273,16.90999984741211,9386,0.0,0.0,0.0
2025-11-06 02:35:00+00:00,16.920000076293945,16.950000762939453,16.920000076293945,16.950000762939453,197071,0.0,0.0,0.0
2025-11-06 02:40:00+00:00,16.950000762939453,16.959999084472656,16.950000762939453,16.959999084472656,8230,0.0,0.0,0.0
2025-11-06 02:45:00+00:00,16.959999084472656,16.959999084472656,16.959999084472656,16.959999084472656,7329,0.0,0.0,0.0
2025-11-06 02:50:00+00:00,16.959999084472656,16.959999084472656,16.959999084472656,16.959999084472656,13080,0.0,0.0,0.0
2025-11-06 02:55:00+00:00,16.969999313354492,16.969999313354492,16.969999313354492,16.969999313354492,8430,0.0,0.0,0.0
2025-11-06 03:00:00+00:00,16.979999542236328,16.979999542236328,16.969999313354492,16.979999542236328,185158,0.0,0.0,0.0
2025-11-06 03:05:00+00:00,16.979999542236328,16.979999542236328,16.979999542236328,16.979999542236328,12340,0.0,0.0,0.0
2025-11-06 03:10:00+00:00,16.979999542236328,16.989999771118164,16.979999542236328,16.989999771118164,97063,0.0,0.0,0.0
2025-11-06 03:15:00+00:00,16.989999771118164,16.989999771118164,16.989999771118164,16.989999771118164,8199,0.0,0.0,0.0
2025-11-06 03:20:00+00:00,16.989999771118164,16.989999771118164,16.989999771118164,16.989999771118164,4322,0.0,0.0,0.0
2025-11-06 03:30:00+00:00,16.989999771118164,16.989999771118164,16.979999542236328,16.979999542236328,5743,0.0,0.0,0.0
2025-11-06 03:35:00+00:00,16.979999542236328,16.979999542236328,16.969999313354492,16.979999542236328,18243,0.0,0.0,0.0
2025-11-06 03:40:00+00:00,16.979999542236328,16.979999542236328,16.979999542236328,16.979999542236328,31011,0.0,0.0,0.0
2025-11-06 03:45:00+00:00,16.989999771118164,16.989999771118164,16.979999542236328,16.979999542236328,266790,0.0,0.0,0.0
2025-11-06 03:50:00+00:00,16.989999771118164,16.989999771118164,16.969999313354492,16.969999313354492,10055,0.0,0.0,0.0
2025-11-06 03:55:00+00:00,16.959999084472656,16.969999313354492,16.950000762939453,16.950000762939453,23721,0.0,0.0,0.0
2025-11-06 04:00:00+00:00,16.969999313354492,16.969999313354492,16.959999084472656,16.959999084472656,3145,0.0,0.0,0.0
2025-11-06 04:05:00+00:00,16.959999084472656,16.959999084472656,16.940000534057617,16.959999084472656,7307,0.0,0.0,0.0
2025-11-06 04:10:00+00:00,16.959999084472656,16.959999084472656,16.959999084472656,16.959999084472656,3192,0.0,0.0,0.0
2025-11-06 04:15:00+00:00,16.950000762939453,16.959999084472656,16.950000762939453,16.959999084472656,5111,0.0,0.0,0.0
2025-11-06 04:20:00+00:00,16.959999084472656,16.959999084472656,16.959999084472656,16.959999084472656,3431,0.0,0.0,0.0
2025-11-06 04:25:00+00:00,16.959999084472656,16.959999084472656,16.959999084472656,16.959999084472656,12046,0.0,0.0,0.0
2025-11-06 04:30:00+00:00,16.959999084472656,16.969999313354492,16.959999084472656,16.969999313354492,3729,0.0,0.0,0.0
2025-11-06 04:35:00+00:00,16.969999313354492,16.969999313354492,16.969999313354492,16.969999313354492,4170,0.0,0.0,0.0
2025-11-06 04:40:00+00:00,16.950000762939453,16.950000762939453,16.950000762939453,16.950000762939453,30010,0.0,0.0,0.0
2025-11-06 04:45:00+00:00,16.969999313354492,16.969999313354492,16.959999084472656,16.959999084472656,4010,0.0,0.0,0.0
2025-11-06 04:50:00+00:00,16.959999084472656,16.959999084472656,16.959999084472656,16.959999084472656,1882,0.0,0.0,0.0
2025-11-06 05:00:00+00:00,16.959999084472656,16.959999084472656,16.959999084472656,16.959999084472656,2648,0.0,0.0,0.0
2025-11-06 05:05:00+00:00,16.959999084472656,16.959999084472656,16.959999084472656,16.959999084472656,2102,0.0,0.0,0.0
2025-11-06 05:10:00+00:00,16.959999084472656,16.959999084472656,16.959999084472656,16.959999084472656,12634,0.0,0.0,0.0
2025-11-06 05:15:00+00:00,16.959999084472656,16.959999084472656,16.950000762939453,16.959999084472656,69319,0.0,0.0,0.0
2025-11-06 05:20:00+00:00,16.969999313354492,16.979999542236328,16.959999084472656,16.959999084472656,200505,0.0,0.0,0.0
2025-11-07 01:00:00+00:00,16.809999465942383,16.809999465942383,16.760000228881836,16.780000686645508,0,0.0,0.0,0.0
2025-11-07 01:05:00+00:00,16.81999969482422,16.81999969482422,16.770000457763672,16.770000457763672,279500,0.0,0.0,0.0
2025-11-07 01:10:00+00:00,16.770000457763672,16.799999237060547,16.770000457763672,16.780000686645508,101936,0.0,0.0,0.0
2025-11-07 01:15:00+00:00,16.780000686645508,16.799999237060547,16.780000686645508,16.799999237060547,30750,0.0,0.0,0.0
2025-11-07 01:20:00+00:00,16.799999237060547,16.799999237060547,16.790000915527344,16.799999237060547,46752,0.0,0.0,0.0
2025-11-07 01:25:00+00:00,16.799999237060547,16.799999237060547,16.799999237060547,16.799999237060547,2126,0.0,0.0,0.0
2025-11-07 01:30:00+00:00,16.799999237060547,16.799999237060547,16.770000457763672,16.770000457763672,109918,0.0,0.0,0.0
2025-11-07 01:35:00+00:00,16.760000228881836,16.770000457763672,16.75,16.770000457763672,85348,0.0,0.0,0.0
2025-11-07 01:40:00+00:00,16.799999237060547,16.799999237060547,16.790000915527344,16.799999237060547,144554,0.0,0.0,0.0
2025-11-07 01:45:00+00:00,16.799999237060547,16.809999465942383,16.780000686645508,16.780000686645508,145489,0.0,0.0,0.0
2025-11-07 01:50:00+00:00,16.780000686645508,16.780000686645508,16.770000457763672,16.770000457763672,14957,0.0,0.0,0.0
2025-11-07 01:55:00+00:00,16.770000457763672,16.770000457763672,16.770000457763672,16.770000457763672,9563,0.0,0.0,0.0
2025-11-07 02:00:00+00:00,16.770000457763672,16.770000457763672,16.75,16.75,59110,0.0,0.0,0.0
2025-11-07 02:05:00+00:00,16.75,16.75,16.729999542236328,16.739999771118164,69567,0.0,0.0,0.0
2025-11-07 02:10:00+00:00,16.739999771118164,16.739999771118164,16.739999771118164,16.739999771118164,16928,0.0,0.0,0.0
2025-11-07 02:15:00+00:00,16.739999771118164,16.739999771118164,16.729999542236328,16.739999771118164,34603,0.0,0.0,0.0
2025-11-07 02:20:00+00:00,16.739999771118164,16.75,16.739999771118164,16.739999771118164,26445,0.0,0.0,0.0
2025-11-07 02:25:00+00:00,16.739999771118164,16.739999771118164,16.709999084472656,16.709999084472656,110789,0.0,0.0,0.0
2025-11-07 02:30:00+00:00,16.700000762939453,16.729999542236328,16.700000762939453,16.729999542236328,28026,0.0,0.0,0.0
2025-11-07 02:35:00+00:00,16.739999771118164,16.770000457763672,16.739999771118164,16.770000457763672,9467,0.0,0.0,0.0
2025-11-07 02:40:00+00:00,16.770000457763672,16.770000457763672,16.75,16.75,13208,0.0,0.0,0.0
2025-11-07 02:45:00+00:00,16.780000686645508,16.780000686645508,16.780000686645508,16.780000686645508,4521,0.0,0.0,0.0
2025-11-07 02:50:00+00:00,16.780000686645508,16.790000915527344,16.780000686645508,16.790000915527344,54826,0.0,0.0,0.0
2025-11-07 02:55:00+00:00,16.780000686645508,16.780000686645508,16.780000686645508,16.780000686645508,2289,0.0,0.0,0.0
2025-11-07 03:00:00+00:00,16.799999237060547,16.809999465942383,16.799999237060547,16.809999465942383,2312,0.0,0.0,0.0
2025-11-07 03:05:00+00:00,16.81999969482422,16.81999969482422,16.809999465942383,16.809999465942383,8086,0.0,0.0,0.0
2025-11-07 03:10:00+00:00,16.799999237060547,16.799999237060547,16.780000686645508,16.780000686645508,6417,0.0,0.0,0.0
2025-11-07 03:15:00+00:00,16.780000686645508,16.780000686645508,16.780000686645508,16.780000686645508,2006,0.0,0.0,0.0
2025-11-07 03:20:00+00:00,16.790000915527344,16.790000915527344,16.790000915527344,16.790000915527344,1637,0.0,0.0,0.0
2025-11-07 03:25:00+00:00,16.790000915527344,16.799999237060547,16.790000915527344,16.799999237060547,2000,0.0,0.0,0.0
2025-11-07 03:30:00+00:00,16.790000915527344,16.790000915527344,16.780000686645508,16.780000686645508,21100,0.0,0.0,0.0
2025-11-07 03:45:00+00:00,16.790000915527344,16.790000915527344,16.780000686645508,16.790000915527344,6079,0.0,0.0,0.0
2025-11-07 03:50:00+00:00,16.790000915527344,16.790000915527344,16.790000915527344,16.790000915527344,2124,0.0,0.0,0.0
2025-11-07 04:00:00+00:00,16.790000915527344,16.790000915527344,16.770000457763672,16.770000457763672,27322,0.0,0.0,0.0
2025-11-07 04:05:00+00:00,16.760000228881836,16.760000228881836,16.760000228881836,16.760000228881836,65293,0.0,0.0,0.0
2025-11-07 04:10:00+00:00,16.760000228881836,16.760000228881836,16.75,16.75,3675,0.0,0.0,0.0
2025-11-07 04:15:00+00:00,16.760000228881836,16.760000228881836,16.760000228881836,16.760000228881836,1359,0.0,0.0,0.0
2025-11-07 04:20:00+00:00,16.760000228881836,16.760000228881836,16.760000228881836,16.760000228881836,1015,0.0,0.0,0.0
2025-11-07 04:25:00+00:00,16.760000228881836,16.760000228881836,16.75,16.75,9206,0.0,0.0,0.0
2025-11-07 04:30:00+00:00,16.760000228881836,16.760000228881836,16.75,16.75,71994,0.0,0.0,0.0
2025-11-07 04:35:00+00:00,16.75,16.770000457763672,16.75,16.770000457763672,50618,0.0,0.0,0.0
2025-11-07 04:40:00+00:00,16.770000457763672,16.770000457763672,16.770000457763672,16.770000457763672,56671,0.0,0.0,0.0
2025-11-07 04:45:00+00:00,16.770000457763672,16.770000457763672,16.75,16.760000228881836,21020,0.0,0.0,0.0
2025-11-07 04:50:00+00:00,16.760000228881836,16.770000457763672,16.760000228881836,16.760000228881836,13230,0.0,0.0,0.0
2025-11-07 04:55:00+00:00,16.75,16.760000228881836,16.75,16.760000228881836,9759,0.0,0.0,0.0
2025-11-07 05:00:00+00:00,16.75,16.75,16.75,16.75,59493,0.0,0.0,0.0
2025-11-07 05:05:00+00:00,16.75,16.75,16.75,16.75,10832,0.0,0.0,0.0
2025-11-07 05:10:00+00:00,16.739999771118164,16.739999771118164,16.739999771118164,16.739999771118164,39189,0.0,0.0,0.0
2025-11-07 05:15:00+00:00,16.75,16.75,16.729999542236328,16.75,12548,0.0,0.0,0.0
2025-11-07 05:20:00+00:00,16.75,16.770000457763672,16.75,16.770000457763672,19132,0.0,0.0,0.0
2025-11-10 01:00:00+00:00,16.790000915527344,16.809999465942383,16.790000915527344,16.809999465942383,0,0.0,0.0,0.0
2025-11-10 01:05:00+00:00,16.84000015258789,16.850000381469727,16.780000686645508,16.780000686645508,34279,0.0,0.0,0.0
2025-11-10 01:10:00+00:00,16.799999237060547,16.799999237060547,16.780000686645508,16.799999237060547,89954,0.0,0.0,0.0
2025-11-10 01:15:00+00:00,16.799999237060547,16.809999465942383,16.770000457763672,16.780000686645508,30265,0.0,0.0,0.0
2025-11-10 01:20:00+00:00,16.770000457763672,16.780000686645508,16.739999771118164,16.770000457763672,28195,0.0,0.0,0.0
2025-11-10 01:25:00+00:00,16.790000915527344,16.790000915527344,16.75,16.760000228881836,16722,0.0,0.0,0.0
2025-11-10 01:30:00+00:00,16.780000686645508,16.780000686645508,16.770000457763672,16.770000457763672,31388,0.0,0.0,0.0
2025-11-10 01:35:00+00:00,16.770000457763672,16.780000686645508,16.770000457763672,16.770000457763672,26641,0.0,0.0,0.0
2025-11-10 01:40:00+00:00,16.780000686645508,16.780000686645508,16.75,16.770000457763672,35115,0.0,0.0,0.0
2025-11-10 01:45:00+00:00,16.770000457763672,16.780000686645508,16.75,16.780000686645508,76864,0.0,0.0,0.0
2025-11-10 01:50:00+00:00,16.790000915527344,16.799999237060547,16.780000686645508,16.799999237060547,41564,0.0,0.0,0.0
2025-11-10 01:55:00+00:00,16.799999237060547,16.799999237060547,16.799999237060547,16.799999237060547,3623,0.0,0.0,0.0
2025-11-10 02:00:00+00:00,16.799999237060547,16.809999465942383,16.790000915527344,16.809999465942383,30058,0.0,0.0,0.0
2025-11-10 02:05:00+00:00,16.799999237060547,16.799999237060547,16.790000915527344,16.799999237060547,9186,0.0,0.0,0.0
2025-11-10 02:10:00+00:00,16.799999237060547,16.799999237060547,16.780000686645508,16.799999237060547,36418,0.0,0.0,0.0
2025-11-10 02:15:00+00:00,16.799999237060547,16.809999465942383,16.799999237060547,16.799999237060547,20213,0.0,0.0,0.0
2025-11-10 02:20:00+00:00,16.809999465942383,16.809999465942383,16.799999237060547,16.799999237060547,6013,0.0,0.0,0.0
2025-11-10 02:25:00+00:00,16.809999465942383,16.809999465942383,16.799999237060547,16.799999237060547,4601,0.0,0.0,0.0
2025-11-10 02:30:00+00:00,16.809999465942383,16.809999465942383,16.799999237060547,16.799999237060547,12470,0.0,0.0,0.0
2025-11-10 02:35:00+00:00,16.799999237060547,16.799999237060547,16.799999237060547,16.799999237060547,11223,0.0,0.0,0.0
2025-11-10 02:40:00+00:00,16.799999237060547,16.799999237060547,16.799999237060547,16.799999237060547,3014,0.0,0.0,0.0
2025-11-10 02:45:00+00:00,16.799999237060547,16.809999465942383,16.799999237060547,16.809999465942383,65263,0.0,0.0,0.0
2025-11-10 02:50:00+00:00,16.81999969482422,16.84000015258789,16.809999465942383,16.809999465942383,92442,0.0,0.0,0.0
2025-11-10 02:55:00+00:00,16.809999465942383,16.829999923706055,16.799999237060547,16.829999923706055,8085,0.0,0.0,0.0
2025-11-10 03:00:00+00:00,16.829999923706055,16.84000015258789,16.81999969482422,16.84000015258789,509097,0.0,0.0,0.0
2025-11-10 03:05:00+00:00,16.850000381469727,16.850000381469727,16.850000381469727,16.850000381469727,3005,0.0,0.0,0.0
2025-11-10 03:10:00+00:00,16.84000015258789,16.84000015258789,16.809999465942383,16.809999465942383,5276,0.0,0.0,0.0
2025-11-10 03:15:00+00:00,16.81999969482422,16.829999923706055,16.81999969482422,16.829999923706055,4744,0.0,0.0,0.0
2025-11-10 03:20:00+00:00,16.829999923706055,16.829999923706055,16.829999923706055,16.829999923706055,1465,0.0,0.0,0.0
2025-11-10 03:25:00+00:00,16.84000015258789,16.84000015258789,16.84000015258789,16.84000015258789,3000,0.0,0.0,0.0
2025-11-10 03:30:00+00:00,16.84000015258789,16.84000015258789,16.84000015258789,16.84000015258789,4908,0.0,0.0,0.0
2025-11-10 03:35:00+00:00,16.84000015258789,16.860000610351562,16.84000015258789,16.860000610351562,62153,0.0,0.0,0.0
2025-11-10 03:40:00+00:00,16.860000610351562,16.860000610351562,16.860000610351562,16.860000610351562,2053,0.0,0.0,0.0
2025-11-10 03:45:00+00:00,16.860000610351562,16.860000610351562,16.860000610351562,16.860000610351562,5510,0.0,0.0,0.0
2025-11-10 03:50:00+00:00,16.860000610351562,16.860000610351562,16.860000610351562,16.860000610351562,20070,0.0,0.0,0.0
2025-11-10 03:55:00+00:00,16.860000610351562,16.860000610351562,16.850000381469727,16.860000610351562,27578,0.0,0.0,0.0
2025-11-10 04:00:00+00:00,16.860000610351562,16.860000610351562,16.850000381469727,16.850000381469727,13075,0.0,0.0,0.0
2025-11-10 04:05:00+00:00,16.860000610351562,16.860000610351562,16.860000610351562,16.860000610351562,1281,0.0,0.0,0.0
2025-11-10 04:10:00+00:00,16.860000610351562,16.860000610351562,16.860000610351562,16.860000610351562,18653,0.0,0.0,0.0
2025-11-10 04:15:00+00:00,16.8700008392334,16.8700008392334,16.8700008392334,16.8700008392334,2010,0.0,0.0,0.0
2025-11-10 04:20:00+00:00,16.8700008392334,16.8700008392334,16.860000610351562,16.860000610351562,9072,0.0,0.0,0.0
2025-11-10 04:25:00+00:00,16.860000610351562,16.860000610351562,16.850000381469727,16.860000610351562,4189,0.0,0.0,0.0
2025-11-10 04:30:00+00:00,16.860000610351562,16.860000610351562,16.850000381469727,16.850000381469727,8531,0.0,0.0,0.0
2025-11-10 04:35:00+00:00,16.860000610351562,16.860000610351562,16.850000381469727,16.860000610351562,16123,0.0,0.0,0.0
2025-11-10 04:40:00+00:00,16.850000381469727,16.8700008392334,16.850000381469727,16.8700008392334,11075,0.0,0.0,0.0
2025-11-10 04:45:00+00:00,16.8700008392334,16.8700008392334,16.8700008392334,16.8700008392334,2228,0.0,0.0,0.0
2025-11-10 04:50:00+00:00,16.8700008392334,16.8799991607666,16.8700008392334,16.8700008392334,26249,0.0,0.0,0.0
2025-11-10 04:55:00+00:00,16.8700008392334,16.889999389648438,16.860000610351562,16.889999389648438,15935,0.0,0.0,0.0
2025-11-10 05:00:00+00:00,16.889999389648438,16.899999618530273,16.889999389648438,16.889999389648438,5240,0.0,0.0,0.0
2025-11-10 05:05:00+00:00,16.889999389648438,16.889999389648438,16.889999389648438,16.889999389648438,7249,0.0,0.0,0.0
2025-11-10 05:10:00+00:00,16.889999389648438,16.889999389648438,16.889999389648438,16.889999389648438,20847,0.0,0.0,0.0
2025-11-10 05:15:00+00:00,16.899999618530273,16.899999618530273,16.889999389648438,16.889999389648438,10830,0.0,0.0,0.0
2025-11-10 05:20:00+00:00,16.899999618530273,16.899999618530273,16.889999389648438,16.889999389648438,31465,0.0,0.0,0.0
2025-11-11 01:00:00+00:00,16.93000030517578,16.950000762939453,16.93000030517578,16.940000534057617,0,0.0,0.0,0.0
2025-11-11 01:05:00+00:00,16.959999084472656,16.979999542236328,16.950000762939453,16.950000762939453,69046,0.0,0.0,0.0
2025-11-11 01:10:00+00:00,16.959999084472656,16.959999084472656,16.93000030517578,16.940000534057617,52729,0.0,0.0,0.0
2025-11-11 01:15:00+00:00,16.959999084472656,16.959999084472656,16.940000534057617,16.959999084472656,34022,0.0,0.0,0.0
2025-11-11 01:20:00+00:00,16.959999084472656,16.959999084472656,16.940000534057617,16.940000534057617,51112,0.0,0.0,0.0
2025-11-11 01:25:00+00:00,16.940000534057617,16.940000534057617,16.940000534057617,16.940000534057617,13258,0.0,0.0,0.0
2025-11-11 01:30:00+00:00,16.940000534057617,16.940000534057617,16.93000030517578,16.93000030517578,17241,0.0,0.0,0.0
2025-11-11 01:35:00+00:00,16.920000076293945,16.920000076293945,16.899999618530273,16.899999618530273,25374,0.0,0.0,0.0
2025-11-11 01:40:00+00:00,16.899999618530273,16.90999984741211,16.889999389648438,16.90999984741211,33422,0.0,0.0,0.0
2025-11-11 01:45:00+00:00,16.90999984741211,16.90999984741211,16.8799991607666,16.8799991607666,24412,0.0,0.0,0.0
2025-11-11 01:50:00+00:00,16.8799991607666,16.8799991607666,16.8700008392334,16.8700008392334,27208,0.0,0.0,0.0
2025-11-11 01:55:00+00:00,16.8700008392334,16.8700008392334,16.8700008392334,16.8700008392334,5561,0.0,0.0,0.0
2025-11-11 02:00:00+00:00,16.8799991607666,16.8799991607666,16.8700008392334,16.8700008392334,67874,0.0,0.0,0.0
2025-11-11 02:05:00+00:00,16.8700008392334,16.8700008392334,16.8700008392334,16.8700008392334,2091,0.0,0.0,0.0
2025-11-11 02:10:00+00:00,16.8700008392334,16.8700008392334,16.8700008392334,16.8700008392334,2132,0.0,0.0,0.0
2025-11-11 02:15:00+00:00,16.8799991607666,16.8799991607666,16.8700008392334,16.8799991607666,15342,0.0,0.0,0.0
2025-11-11 02:20:00+00:00,16.8799991607666,16.8799991607666,16.8700008392334,16.8700008392334,8132,0.0,0.0,0.0
2025-11-11 02:25:00+00:00,16.860000610351562,16.8700008392334,16.860000610351562,16.8700008392334,7636,0.0,0.0,0.0
2025-11-11 02:30:00+00:00,16.8700008392334,16.8799991607666,16.8700008392334,16.8799991607666,4413,0.0,0.0,0.0
2025-11-11 02:40:00+00:00,16.8799991607666,16.8799991607666,16.8799991607666,16.8799991607666,2303,0.0,0.0,0.0
2025-11-11 02:45:00+00:00,16.8799991607666,16.8799991607666,16.8799991607666,16.8799991607666,1011,0.0,0.0,0.0
2025-11-11 02:50:00+00:00,16.8700008392334,16.8700008392334,16.8700008392334,16.8700008392334,3320,0.0,0.0,0.0
2025-11-11 02:55:00+00:00,16.860000610351562,16.860000610351562,16.850000381469727,16.850000381469727,28329,0.0,0.0,0.0
2025-11-11 03:00:00+00:00,16.860000610351562,16.860000610351562,16.860000610351562,16.860000610351562,19021,0.0,0.0,0.0
2025-11-11 03:05:00+00:00,16.8700008392334,16.8700008392334,16.8700008392334,16.8700008392334,17159,0.0,0.0,0.0
2025-11-11 03:10:00+00:00,16.8700008392334,16.8700008392334,16.8700008392334,16.8700008392334,4141,0.0,0.0,0.0
2025-11-11 03:20:00+00:00,16.8700008392334,16.8799991607666,16.8700008392334,16.8799991607666,34090,0.0,0.0,0.0
2025-11-11 03:25:00+00:00,16.889999389648438,16.889999389648438,16.889999389648438,16.889999389648438,1022,0.0,0.0,0.0
2025-11-11 03:30:00+00:00,16.889999389648438,16.889999389648438,16.889999389648438,16.889999389648438,9204,0.0,0.0,0.0
2025-11-11 03:35:00+00:00,16.889999389648438,16.889999389648438,16.8799991607666,16.8799991607666,3384,0.0,0.0,0.0
2025-11-11 03:40:00+00:00,16.8799991607666,16.8799991607666,16.8799991607666,16.8799991607666,15360,0.0,0.0,0.0
2025-11-11 03:45:00+00:00,16.8799991607666,16.8799991607666,16.8799991607666,16.8799991607666,1019,0.0,0.0,0.0
2025-11-11 03:50:00+00:00,16.8799991607666,16.8799991607666,16.8799991607666,16.8799991607666,3371,0.0,0.0,0.0
2025-11-11 03:55:00+00:00,16.889999389648438,16.889999389648438,16.8799991607666,16.889999389648438,18258,0.0,0.0,0.0
2025-11-11 04:00:00+00:00,16.899999618530273,16.899999618530273,16.899999618530273,16.899999618530273,26131,0.0,0.0,0.0
2025-11-11 04:05:00+00:00,16.899999618530273,16.899999618530273,16.899999618530273,16.899999618530273,28139,0.0,0.0,0.0
2025-11-11 04:10:00+00:00,16.90999984741211,16.90999984741211,16.889999389648438,16.889999389648438,52191,0.0,0.0,0.0
2025-11-11 04:15:00+00:00,16.889999389648438,16.889999389648438,16.8799991607666,16.889999389648438,8237,0.0,0.0,0.0
2025-11-11 04:25:00+00:00,16.8799991607666,16.8799991607666,16.8799991607666,16.8799991607666,3305,0.0,0.0,0.0
2025-11-11 04:30:00+00:00,16.889999389648438,16.889999389648438,16.889999389648438,16.889999389648438,1081,0.0,0.0,0.0
2025-11-11 04:35:00+00:00,16.889999389648438,16.889999389648438,16.8799991607666,16.8799991607666,54020,0.0,0.0,0.0
2025-11-11 04:40:00+00:00,16.8799991607666,16.8799991607666,16.8700008392334,16.8700008392334,3628,0.0,0.0,0.0
2025-11-11 04:45:00+00:00,16.8799991607666,16.8799991607666,16.8700008392334,16.8700008392334,5162,0.0,0.0,0.0
2025-11-11 04:50:00+00:00,16.8700008392334,16.8700008392334,16.829999923706055,16.829999923706055,120972,0.0,0.0,0.0
2025-11-11 04:55:00+00:00,16.84000015258789,16.84000015258789,16.829999923706055,16.829999923706055,3572,0.0,0.0,0.0
2025-11-11 05:00:00+00:00,16.829999923706055,16.829999923706055,16.799999237060547,16.799999237060547,26593,0.0,0.0,0.0
2025-11-11 05:05:00+00:00,16.799999237060547,16.799999237060547,16.799999237060547,16.799999237060547,25310,0.0,0.0,0.0
2025-11-11 05:10:00+00:00,16.790000915527344,16.790000915527344,16.770000457763672,16.770000457763672,20592,0.0,0.0,0.0
2025-11-11 05:15:00+00:00,16.780000686645508,16.780000686645508,16.770000457763672,16.770000457763672,11359,0.0,0.0,0.0
2025-11-11 05:20:00+00:00,16.770000457763672,16.770000457763672,16.770000457763672,16.770000457763672,35862,0.0,0.0,0.0
2025-11-12 01:00:00+00:00,16.84000015258789,16.84000015258789,16.81999969482422,16.829999923706055,0,0.0,0.0,0.0
2025-11-12 01:05:00+00:00,16.81999969482422,16.81999969482422,16.790000915527344,16.790000915527344,55493,0.0,0.0,0.0
2025-11-12 01:10:00+00:00,16.790000915527344,16.790000915527344,16.770000457763672,16.790000915527344,23598,0.0,0.0,0.0
2025-11-12 01:15:00+00:00,16.799999237060547,16.809999465942383,16.790000915527344,16.799999237060547,49094,0.0,0.0,0.0
2025-11-12 01:20:00+00:00,16.799999237060547,16.81999969482422,16.799999237060547,16.81999969482422,16107,0.0,0.0,0.0
2025-11-12 01:30:00+00:00,16.81999969482422,16.81999969482422,16.790000915527344,16.790000915527344,12538,0.0,0.0,0.0
2025-11-12 01:35:00+00:00,16.780000686645508,16.780000686645508,16.770000457763672,16.770000457763672,4814,0.0,0.0,0.0
2025-11-12 01:40:00+00:00,16.780000686645508,16.799999237060547,16.780000686645508,16.799999237060547,12026,0.0,0.0,0.0
2025-11-12 01:45:00+00:00,16.780000686645508,16.780000686645508,16.770000457763672,16.770000457763672,9875,0.0,0.0,0.0
2025-11-12 01:50:00+00:00,16.770000457763672,16.780000686645508,16.770000457763672,16.780000686645508,10057,0.0,0.0,0.0
2025-11-12 01:55:00+00:00,16.780000686645508,16.780000686645508,16.770000457763672,16.780000686645508,23462,0.0,0.0,0.0
2025-11-12 02:00:00+00:00,16.790000915527344,16.799999237060547,16.790000915527344,16.799999237060547,48305,0.0,0.0,0.0
2025-11-12 02:05:00+00:00,16.799999237060547,16.81999969482422,16.799999237060547,16.81999969482422,48365,0.0,0.0,0.0
2025-11-12 02:10:00+00:00,16.829999923706055,16.84000015258789,16.829999923706055,16.84000015258789,31572,0.0,0.0,0.0
2025-11-12 02:15:00+00:00,16.850000381469727,16.850000381469727,16.850000381469727,16.850000381469727,6917,0.0,0.0,0.0
2025-11-12 02:20:00+00:00,16.850000381469727,16.850000381469727,16.850000381469727,16.850000381469727,3410,0.0,0.0,0.0
2025-11-12 02:25:00+00:00,16.850000381469727,16.850000381469727,16.829999923706055,16.829999923706055,109014,0.0,0.0,0.0
2025-11-12 02:35:00+00:00,16.829999923706055,16.829999923706055,16.829999923706055,16.829999923706055,7673,0.0,0.0,0.0
2025-11-12 02:40:00+00:00,16.84000015258789,16.84000015258789,16.81999969482422,16.81999969482422,4316,0.0,0.0,0.0
2025-11-12 02:45:00+00:00,16.81999969482422,16.84000015258789,16.81999969482422,16.81999969482422,9968,0.0,0.0,0.0
2025-11-12 02:50:00+00:00,16.81999969482422,16.81999969482422,16.81999969482422,16.81999969482422,4705,0.0,0.0,0.0
2025-11-12 02:55:00+00:00,16.81999969482422,16.81999969482422,16.81999969482422,16.81999969482422,5139,0.0,0.0,0.0
2025-11-12 03:00:00+00:00,16.809999465942383,16.829999923706055,16.809999465942383,16.829999923706055,72095,0.0,0.0,0.0
2025-11-12 03:05:00+00:00,16.84000015258789,16.84000015258789,16.84000015258789,16.84000015258789,4083,0.0,0.0,0.0
2025-11-12 03:10:00+00:00,16.829999923706055,16.829999923706055,16.829999923706055,16.829999923706055,7005,0.0,0.0,0.0
2025-11-12 03:15:00+00:00,16.829999923706055,16.829999923706055,16.829999923706055,16.829999923706055,11236,0.0,0.0,0.0
2025-11-12 03:20:00+00:00,16.84000015258789,16.84000015258789,16.84000015258789,16.84000015258789,1022,0.0,0.0,0.0
2025-11-12 03:25:00+00:00,16.829999923706055,16.84000015258789,16.81999969482422,16.84000015258789,15130,0.0,0.0,0.0
2025-11-12 03:30:00+00:00,16.829999923706055,16.850000381469727,16.829999923706055,16.850000381469727,2680,0.0,0.0,0.0
2025-11-12 03:35:00+00:00,16.84000015258789,16.84000015258789,16.81999969482422,16.81999969482422,3893,0.0,0.0,0.0
2025-11-12 03:40:00+00:00,16.809999465942383,16.81999969482422,16.809999465942383,16.81999969482422,18034,0.0,0.0,0.0
2025-11-12 03:45:00+00:00,16.829999923706055,16.829999923706055,16.829999923706055,16.829999923706055,2019,0.0,0.0,0.0
2025-11-12 03:50:00+00:00,16.829999923706055,16.829999923706055,16.829999923706055,16.829999923706055,1014,0.0,0.0,0.0
2025-11-12 03:55:00+00:00,16.81999969482422,16.829999923706055,16.81999969482422,16.829999923706055,13034,0.0,0.0,0.0
2025-11-12 04:00:00+00:00,16.84000015258789,16.84000015258789,16.81999969482422,16.81999969482422,16408,0.0,0.0,0.0
2025-11-12 04:05:00+00:00,16.81999969482422,16.81999969482422,16.81999969482422,16.81999969482422,2405,0.0,0.0,0.0
2025-11-12 04:10:00+00:00,16.81999969482422,16.81999969482422,16.81999969482422,16.81999969482422,11014,0.0,0.0,0.0
2025-11-12 04:15:00+00:00,16.81999969482422,16.81999969482422,16.81999969482422,16.81999969482422,2468,0.0,0.0,0.0
2025-11-12 04:20:00+00:00,16.81999969482422,16.81999969482422,16.81999969482422,16.81999969482422,1015,0.0,0.0,0.0
2025-11-12 04:25:00+00:00,16.81999969482422,16.81999969482422,16.809999465942383,16.81999969482422,10365,0.0,0.0,0.0
2025-11-12 04:30:00+00:00,16.829999923706055,16.829999923706055,16.829999923706055,16.829999923706055,3523,0.0,0.0,0.0
2025-11-12 04:40:00+00:00,16.81999969482422,16.81999969482422,16.81999969482422,16.81999969482422,5775,0.0,0.0,0.0
2025-11-12 04:45:00+00:00,16.809999465942383,16.829999923706055,16.809999465942383,16.829999923706055,49761,0.0,0.0,0.0
2025-11-12 04:50:00+00:00,16.829999923706055,16.829999923706055,16.829999923706055,16.829999923706055,1000,0.0,0.0,0.0
2025-11-12 04:55:00+00:00,16.829999923706055,16.829999923706055,16.829999923706055,16.829999923706055,5169,0.0,0.0,0.0
2025-11-12 05:00:00+00:00,16.829999923706055,16.84000015258789,16.829999923706055,16.84000015258789,60080,0.0,0.0,0.0
2025-11-12 05:05:00+00:00,16.84000015258789,16.84000015258789,16.84000015258789,16.84000015258789,3203,0.0,0.0,0.0
2025-11-12 05:10:00+00:00,16.84000015258789,16.84000015258789,16.829999923706055,16.84000015258789,30490,0.0,0.0,0.0
2025-11-12 05:15:00+00:00,16.850000381469727,16.850000381469727,16.829999923706055,16.829999923706055,6749,0.0,0.0,0.0
2025-11-12 05:20:00+00:00,16.84000015258789,16.84000015258789,16.829999923706055,16.84000015258789,20183,0.0,0.0,0.0
2025-11-13 01:00:00+00:00,16.809999465942383,16.809999465942383,16.799999237060547,16.799999237060547,0,0.0,0.0,0.0
2025-11-13 01:05:00+00:00,16.799999237060547,16.799999237060547,16.799999237060547,16.799999237060547,45881,0.0,0.0,0.0
2025-11-13 01:10:00+00:00,16.799999237060547,16.799999237060547,16.790000915527344,16.799999237060547,25053,0.0,0.0,0.0
2025-11-13 01:15:00+00:00,16.799999237060547,16.799999237060547,16.799999237060547,16.799999237060547,3166,0.0,0.0,0.0
2025-11-13 01:20:00+00:00,16.790000915527344,16.790000915527344,16.790000915527344,16.790000915527344,10676,0.0,0.0,0.0
2025-11-13 01:25:00+00:00,16.780000686645508,16.780000686645508,16.760000228881836,16.760000228881836,45715,0.0,0.0,0.0
2025-11-13 01:30:00+00:00,16.760000228881836,16.760000228881836,16.75,16.75,43693,0.0,0.0,0.0
2025-11-13 01:35:00+00:00,16.75,16.760000228881836,16.75,16.760000228881836,37257,0.0,0.0,0.0
2025-11-13 01:40:00+00:00,16.780000686645508,16.81999969482422,16.780000686645508,16.81999969482422,167548,0.0,0.0,0.0
2025-11-13 01:45:00+00:00,16.829999923706055,16.84000015258789,16.829999923706055,16.84000015258789,7484,0.0,0.0,0.0
2025-11-13 01:50:00+00:00,16.799999237060547,16.799999237060547,16.799999237060547,16.799999237060547,1026,0.0,0.0,0.0
2025-11-13 01:55:00+00:00,16.799999237060547,16.829999923706055,16.799999237060547,16.829999923706055,2404,0.0,0.0,0.0
2025-11-13 02:00:00+00:00,16.829999923706055,16.829999923706055,16.829999923706055,16.829999923706055,10628,0.0,0.0,0.0
2025-11-13 02:05:00+00:00,16.81999969482422,16.81999969482422,16.81999969482422,16.81999969482422,3056,0.0,0.0,0.0
2025-11-13 02:10:00+00:00,16.81999969482422,16.81999969482422,16.799999237060547,16.799999237060547,21860,0.0,0.0,0.0
2025-11-13 02:15:00+00:00,16.799999237060547,16.81999969482422,16.790000915527344,16.81999969482422,18573,0.0,0.0,0.0
2025-11-13 02:20:00+00:00,16.81999969482422,16.81999969482422,16.81999969482422,16.81999969482422,3185,0.0,0.0,0.0
2025-11-13 02:25:00+00:00,16.81999969482422,16.81999969482422,16.81999969482422,16.81999969482422,75108,0.0,0.0,0.0
2025-11-13 02:30:00+00:00,16.81999969482422,16.829999923706055,16.81999969482422,16.829999923706055,23787,0.0,0.0,0.0
2025-11-13 02:35:00+00:00,16.829999923706055,16.829999923706055,16.829999923706055,16.829999923706055,5289,0.0,0.0,0.0
2025-11-13 02:40:00+00:00,16.81999969482422,16.81999969482422,16.81999969482422,16.81999969482422,2000,0.0,0.0,0.0
2025-11-13 02:45:00+00:00,16.829999923706055,16.829999923706055,16.81999969482422,16.81999969482422,6602,0.0,0.0,0.0
2025-11-13 02:55:00+00:00,16.81999969482422,16.829999923706055,16.81999969482422,16.829999923706055,5508,0.0,0.0,0.0
2025-11-13 03:00:00+00:00,16.829999923706055,16.829999923706055,16.81999969482422,16.81999969482422,16150,0.0,0.0,0.0
2025-11-13 03:05:00+00:00,16.81999969482422,16.81999969482422,16.809999465942383,16.81999969482422,7040,0.0,0.0,0.0
2025-11-13 03:10:00+00:00,16.81999969482422,16.81999969482422,16.809999465942383,16.809999465942383,2073,0.0,0.0,0.0
2025-11-13 03:15:00+00:00,16.809999465942383,16.809999465942383,16.799999237060547,16.809999465942383,32569,0.0,0.0,0.0
2025-11-13 03:20:00+00:00,16.809999465942383,16.809999465942383,16.790000915527344,16.790000915527344,9075,0.0,0.0,0.0
2025-11-13 03:25:00+00:00,16.790000915527344,16.799999237060547,16.790000915527344,16.799999237060547,4139,0.0,0.0,0.0
2025-11-13 03:30:00+00:00,16.799999237060547,16.799999237060547,16.799999237060547,16.799999237060547,4227,0.0,0.0,0.0
2025-11-13 03:40:00+00:00,16.799999237060547,16.799999237060547,16.780000686645508,16.790000915527344,13978,0.0,0.0,0.0
2025-11-13 03:45:00+00:00,16.790000915527344,16.790000915527344,16.790000915527344,16.790000915527344,2032,0.0,0.0,0.0
2025-11-13 03:50:00+00:00,16.780000686645508,16.780000686645508,16.760000228881836,16.770000457763672,37048,0.0,0.0,0.0
2025-11-13 03:55:00+00:00,16.790000915527344,16.790000915527344,16.790000915527344,16.790000915527344,1410,0.0,0.0,0.0
2025-11-13 04:00:00+00:00,16.790000915527344,16.790000915527344,16.780000686645508,16.780000686645508,29497,0.0,0.0,0.0
2025-11-13 04:05:00+00:00,16.790000915527344,16.790000915527344,16.790000915527344,16.790000915527344,2851,0.0,0.0,0.0
2025-11-13 04:10:00+00:00,16.790000915527344,16.790000915527344,16.780000686645508,16.780000686645508,8854,0.0,0.0,0.0
2025-11-13 04:15:00+00:00,16.790000915527344,16.799999237060547,16.790000915527344,16.799999237060547,36935,0.0,0.0,0.0
2025-11-13 04:20:00+00:00,16.799999237060547,16.799999237060547,16.790000915527344,16.799999237060547,11036,0.0,0.0,0.0
2025-11-13 04:25:00+00:00,16.809999465942383,16.809999465942383,16.799999237060547,16.809999465942383,3134,0.0,0.0,0.0
2025-11-13 04:30:00+00:00,16.809999465942383,16.809999465942383,16.799999237060547,16.809999465942383,45454,0.0,0.0,0.0
2025-11-13 04:35:00+00:00,16.809999465942383,16.809999465942383,16.809999465942383,16.809999465942383,2476,0.0,0.0,0.0
2025-11-13 04:40:00+00:00,16.81999969482422,16.81999969482422,16.799999237060547,16.809999465942383,39405,0.0,0.0,0.0
2025-11-13 04:45:00+00:00,16.81999969482422,16.81999969482422,16.809999465942383,16.809999465942383,53130,0.0,0.0,0.0
2025-11-13 04:50:00+00:00,16.81999969482422,16.829999923706055,16.81999969482422,16.829999923706055,18140,0.0,0.0,0.0
2025-11-13 04:55:00+00:00,16.81999969482422,16.81999969482422,16.81999969482422,16.81999969482422,10145,0.0,0.0,0.0
2025-11-13 05:00:00+00:00,16.81999969482422,16.81999969482422,16.81999969482422,16.81999969482422,72789,0.0,0.0,0.0
2025-11-13 05:05:00+00:00,16.829999923706055,16.829999923706055,16.829999923706055,16.829999923706055,1110,0.0,0.0,0.0
2025-11-13 05:10:00+00:00,16.81999969482422,16.81999969482422,16.81999969482422,16.81999969482422,1188,0.0,0.0,0.0
2025-11-13 05:15:00+00:00,16.829999923706055,16.829999923706055,16.81999969482422,16.829999923706055,10266,0.0,0.0,0.0
2025-11-13 05:20:00+00:00,16.81999969482422,16.81999969482422,16.81999969482422,16.81999969482422,23188,0.0,0.0,0.0
2025-11-14 01:00:00+00:00,16.520000457763672,16.579999923706055,16.520000457763672,16.559999465942383,0,0.0,0.0,0.0
2025-11-14 01:05:00+00:00,16.559999465942383,16.600000381469727,16.559999465942383,16.59000015258789,58000,0.0,0.0,0.0
2025-11-14 01:10:00+00:00,16.579999923706055,16.59000015258789,16.540000915527344,16.540000915527344,285158,0.0,0.0,0.0
2025-11-14 01:15:00+00:00,16.540000915527344,16.540000915527344,16.530000686645508,16.540000915527344,70573,0.0,0.0,0.0
2025-11-14 01:20:00+00:00,16.540000915527344,16.540000915527344,16.530000686645508,16.540000915527344,90720,0.0,0.0,0.0
2025-11-14 01:25:00+00:00,16.530000686645508,16.540000915527344,16.520000457763672,16.540000915527344,32566,0.0,0.0,0.0
2025-11-14 01:30:00+00:00,16.540000915527344,16.540000915527344,16.530000686645508,16.540000915527344,21266,0.0,0.0,0.0
2025-11-14 01:35:00+00:00,16.540000915527344,16.56999969482422,16.540000915527344,16.56999969482422,67113,0.0,0.0,0.0
2025-11-14 01:40:00+00:00,16.559999465942383,16.559999465942383,16.549999237060547,16.559999465942383,25687,0.0,0.0,0.0
2025-11-14 01:45:00+00:00,16.559999465942383,16.56999969482422,16.559999465942383,16.559999465942383,7633,0.0,0.0,0.0
2025-11-14 01:50:00+00:00,16.579999923706055,16.579999923706055,16.579999923706055,16.579999923706055,17486,0.0,0.0,0.0
2025-11-14 01:55:00+00:00,16.59000015258789,16.600000381469727,16.59000015258789,16.600000381469727,40622,0.0,0.0,0.0
2025-11-14 02:00:00+00:00,16.59000015258789,16.59000015258789,16.579999923706055,16.59000015258789,81723,0.0,0.0,0.0
2025-11-14 02:05:00+00:00,16.56999969482422,16.59000015258789,16.56999969482422,16.579999923706055,19605,0.0,0.0,0.0
2025-11-14 02:10:00+00:00,16.579999923706055,16.59000015258789,16.56999969482422,16.56999969482422,24667,0.0,0.0,0.0
2025-11-14 02:15:00+00:00,16.59000015258789,16.59000015258789,16.559999465942383,16.579999923706055,21698,0.0,0.0,0.0
2025-11-14 02:20:00+00:00,16.579999923706055,16.600000381469727,16.579999923706055,16.579999923706055,85101,0.0,0.0,0.0
2025-11-14 02:25:00+00:00,16.579999923706055,16.600000381469727,16.579999923706055,16.600000381469727,4242,0.0,0.0,0.0
2025-11-14 02:30:00+00:00,16.6200008392334,16.6200008392334,16.59000015258789,16.6200008392334,26126,0.0,0.0,0.0
2025-11-14 02:35:00+00:00,16.59000015258789,16.610000610351562,16.59000015258789,16.610000610351562,7697,0.0,0.0,0.0
2025-11-14 02:40:00+00:00,16.610000610351562,16.610000610351562,16.600000381469727,16.610000610351562,20219,0.0,0.0,0.0
2025-11-14 02:45:00+00:00,16.610000610351562,16.610000610351562,16.610000610351562,16.610000610351562,4117,0.0,0.0,0.0
2025-11-14 02:50:00+00:00,16.610000610351562,16.610000610351562,16.600000381469727,16.610000610351562,56251,0.0,0.0,0.0
2025-11-14 02:55:00+00:00,16.610000610351562,16.610000610351562,16.600000381469727,16.610000610351562,8341,0.0,0.0,0.0
2025-11-14 03:00:00+00:00,16.610000610351562,16.610000610351562,16.610000610351562,16.610000610351562,6407,0.0,0.0,0.0
2025-11-14 03:05:00+00:00,16.610000610351562,16.610000610351562,16.600000381469727,16.600000381469727,7131,0.0,0.0,0.0
2025-11-14 03:10:00+00:00,16.610000610351562,16.610000610351562,16.610000610351562,16.610000610351562,8597,0.0,0.0,0.0
2025-11-14 03:15:00+00:00,16.610000610351562,16.610000610351562,16.610000610351562,16.610000610351562,10098,0.0,0.0,0.0
2025-11-14 03:20:00+00:00,16.600000381469727,16.610000610351562,16.600000381469727,16.600000381469727,50327,0.0,0.0,0.0
2025-11-14 03:25:00+00:00,16.600000381469727,16.600000381469727,16.600000381469727,16.600000381469727,9037,0.0,0.0,0.0
2025-11-14 03:30:00+00:00,16.600000381469727,16.600000381469727,16.59000015258789,16.59000015258789,9785,0.0,0.0,0.0
2025-11-14 03:35:00+00:00,16.600000381469727,16.600000381469727,16.59000015258789,16.59000015258789,14338,0.0,0.0,0.0
2025-11-14 03:40:00+00:00,16.59000015258789,16.600000381469727,16.59000015258789,16.600000381469727,23613,0.0,0.0,0.0
2025-11-14 03:45:00+00:00,16.59000015258789,16.600000381469727,16.59000015258789,16.59000015258789,9039,0.0,0.0,0.0
2025-11-14 03:50:00+00:00,16.59000015258789,16.600000381469727,16.59000015258789,16.600000381469727,9312,0.0,0.0,0.0
2025-11-14 03:55:00+00:00,16.59000015258789,16.600000381469727,16.59000015258789,16.600000381469727,128455,0.0,0.0,0.0
2025-11-14 04:00:00+00:00,16.600000381469727,16.600000381469727,16.59000015258789,16.59000015258789,14657,0.0,0.0,0.0
2025-11-14 04:05:00+00:00,16.59000015258789,16.59000015258789,16.59000015258789,16.59000015258789,5527,0.0,0.0,0.0
2025-11-14 04:10:00+00:00,16.600000381469727,16.600000381469727,16.56999969482422,16.56999969482422,69528,0.0,0.0,0.0
2025-11-14 04:15:00+00:00,16.56999969482422,16.56999969482422,16.559999465942383,16.559999465942383,73371,0.0,0.0,0.0
2025-11-14 04:20:00+00:00,16.56999969482422,16.56999969482422,16.540000915527344,16.540000915527344,205630,0.0,0.0,0.0
2025-11-14 04:25:00+00:00,16.540000915527344,16.549999237060547,16.530000686645508,16.530000686645508,86338,0.0,0.0,0.0
2025-11-14 04:30:00+00:00,16.540000915527344,16.540000915527344,16.520000457763672,16.530000686645508,38548,0.0,0.0,0.0
2025-11-14 04:35:00+00:00,16.530000686645508,16.530000686645508,16.520000457763672,16.520000457763672,71390,0.0,0.0,0.0
2025-11-14 04:40:00+00:00,16.520000457763672,16.520000457763672,16.510000228881836,16.520000457763672,98984,0.0,0.0,0.0
2025-11-14 04:45:00+00:00,16.520000457763672,16.520000457763672,16.510000228881836,16.520000457763672,14906,0.0,0.0,0.0
2025-11-14 04:50:00+00:00,16.520000457763672,16.520000457763672,16.510000228881836,16.520000457763672,46384,0.0,0.0,0.0
2025-11-14 04:55:00+00:00,16.520000457763672,16.520000457763672,16.510000228881836,16.520000457763672,188774,0.0,0.0,0.0
2025-11-14 05:00:00+00:00,16.520000457763672,16.520000457763672,16.510000228881836,16.520000457763672,229246,0.0,0.0,0.0
2025-11-14 05:05:00+00:00,16.520000457763672,16.520000457763672,16.520000457763672,16.520000457763672,9664,0.0,0.0,0.0
2025-11-14 05:10:00+00:00,16.520000457763672,16.520000457763672,16.510000228881836,16.510000228881836,51976,0.0,0.0,0.0
2025-11-14 05:15:00+00:00,16.510000228881836,16.510000228881836,16.479999542236328,16.479999542236328,352271,0.0,0.0,0.0
2025-11-14 05:20:00+00:00,16.489999771118164,16.5,16.489999771118164,16.5,41665,0.0,0.0,0.0
2025-11-17 01:00:00+00:00,16.549999237060547,16.600000381469727,16.549999237060547,16.600000381469727,0,0.0,0.0,0.0
2025-11-17 01:05:00+00:00,16.59000015258789,16.600000381469727,16.56999969482422,16.56999969482422,69821,0.0,0.0,0.0
2025-11-17 01:10:00+00:00,16.579999923706055,16.600000381469727,16.579999923706055,16.600000381469727,27796,0.0,0.0,0.0
2025-11-17 01:15:00+00:00,16.600000381469727,16.600000381469727,16.579999923706055,16.600000381469727,60304,0.0,0.0,0.0
2025-11-17 01:20:00+00:00,16.600000381469727,16.610000610351562,16.600000381469727,16.600000381469727,11319,0.0,0.0,0.0
2025-11-17 01:25:00+00:00,16.600000381469727,16.600000381469727,16.59000015258789,16.600000381469727,31419,0.0,0.0,0.0
2025-11-17 01:30:00+00:00,16.610000610351562,16.6200008392334,16.610000610351562,16.610000610351562,139868,0.0,0.0,0.0
2025-11-17 01:35:00+00:00,16.6200008392334,16.6200008392334,16.59000015258789,16.600000381469727,17766,0.0,0.0,0.0
2025-11-17 01:40:00+00:00,16.579999923706055,16.579999923706055,16.559999465942383,16.56999969482422,11220,0.0,0.0,0.0
2025-11-17 01:45:00+00:00,16.549999237060547,16.56999969482422,16.549999237060547,16.56999969482422,23868,0.0,0.0,0.0
2025-11-17 01:50:00+00:00,16.579999923706055,16.59000015258789,16.579999923706055,16.59000015258789,29276,0.0,0.0,0.0
2025-11-17 01:55:00+00:00,16.600000381469727,16.600000381469727,16.579999923706055,16.579999923706055,9133,0.0,0.0,0.0
2025-11-17 02:00:00+00:00,16.579999923706055,16.59000015258789,16.559999465942383,16.56999969482422,18411,0.0,0.0,0.0
2025-11-17 02:05:00+00:00,16.559999465942383,16.559999465942383,16.559999465942383,16.559999465942383,16350,0.0,0.0,0.0
2025-11-17 02:10:00+00:00,16.559999465942383,16.56999969482422,16.549999237060547,16.549999237060547,26148,0.0,0.0,0.0
2025-11-17 02:15:00+00:00,16.559999465942383,16.59000015258789,16.549999237060547,16.559999465942383,20976,0.0,0.0,0.0
2025-11-17 02:20:00+00:00,16.579999923706055,16.579999923706055,16.549999237060547,16.559999465942383,11066,0.0,0.0,0.0
2025-11-17 02:25:00+00:00,16.559999465942383,16.559999465942383,16.549999237060547,16.549999237060547,28121,0.0,0.0,0.0
2025-11-17 02:30:00+00:00,16.549999237060547,16.549999237060547,16.549999237060547,16.549999237060547,10535,0.0,0.0,0.0
2025-11-17 02:35:00+00:00,16.549999237060547,16.56999969482422,16.549999237060547,16.56999969482422,21529,0.0,0.0,0.0
2025-11-17 02:40:00+00:00,16.56999969482422,16.56999969482422,16.56999969482422,16.56999969482422,6140,0.0,0.0,0.0
2025-11-17 02:45:00+00:00,16.579999923706055,16.579999923706055,16.579999923706055,16.579999923706055,10160,0.0,0.0,0.0
2025-11-17 02:50:00+00:00,16.579999923706055,16.600000381469727,16.579999923706055,16.600000381469727,29694,0.0,0.0,0.0
2025-11-17 02:55:00+00:00,16.600000381469727,16.600000381469727,16.59000015258789,16.59000015258789,5304,0.0,0.0,0.0
2025-11-17 03:00:00+00:00,16.600000381469727,16.600000381469727,16.600000381469727,16.600000381469727,7012,0.0,0.0,0.0
2025-11-17 03:05:00+00:00,16.600000381469727,16.600000381469727,16.600000381469727,16.600000381469727,5556,0.0,0.0,0.0
2025-11-17 03:10:00+00:00,16.600000381469727,16.600000381469727,16.600000381469727,16.600000381469727,6021,0.0,0.0,0.0
2025-11-17 03:15:00+00:00,16.600000381469727,16.600000381469727,16.579999923706055,16.579999923706055,51056,0.0,0.0,0.0
2025-11-17 03:20:00+00:00,16.600000381469727,16.600000381469727,16.579999923706055,16.59000015258789,7096,0.0,0.0,0.0
2025-11-17 03:25:00+00:00,16.59000015258789,16.59000015258789,16.579999923706055,16.579999923706055,15023,0.0,0.0,0.0
2025-11-17 03:30:00+00:00,16.579999923706055,16.579999923706055,16.579999923706055,16.579999923706055,9040,0.0,0.0,0.0
2025-11-17 03:35:00+00:00,16.579999923706055,16.579999923706055,16.559999465942383,16.56999969482422,8106,0.0,0.0,0.0
2025-11-17 03:40:00+00:00,16.549999237060547,16.56999969482422,16.549999237060547,16.56999969482422,3655,0.0,0.0,0.0
2025-11-17 03:45:00+00:00,16.559999465942383,16.56999969482422,16.559999465942383,16.56999969482422,7136,0.0,0.0,0.0
2025-11-17 03:50:00+00:00,16.56999969482422,16.56999969482422,16.549999237060547,16.549999237060547,24376,0.0,0.0,0.0
2025-11-17 03:55:00+00:00,16.56999969482422,16.579999923706055,16.56999969482422,16.56999969482422,7028,0.0,0.0,0.0
2025-11-17 04:00:00+00:00,16.56999969482422,16.56999969482422,16.559999465942383,16.559999465942383,7015,0.0,0.0,0.0
2025-11-17 04:05:00+00:00,16.549999237060547,16.549999237060547,16.549999237060547,16.549999237060547,5385,0.0,0.0,0.0
2025-11-17 04:10:00+00:00,16.540000915527344,16.549999237060547,16.530000686645508,16.549999237060547,15061,0.0,0.0,0.0
2025-11-17 04:15:00+00:00,16.549999237060547,16.549999237060547,16.520000457763672,16.549999237060547,17145,0.0,0.0,0.0
2025-11-17 04:20:00+00:00,16.549999237060547,16.549999237060547,16.549999237060547,16.549999237060547,13345,0.0,0.0,0.0
2025-11-17 04:25:00+00:00,16.520000457763672,16.549999237060547,16.520000457763672,16.549999237060547,3018,0.0,0.0,0.0
2025-11-17 04:30:00+00:00,16.540000915527344,16.540000915527344,16.530000686645508,16.530000686645508,9426,0.0,0.0,0.0
2025-11-17 04:35:00+00:00,16.530000686645508,16.530000686645508,16.520000457763672,16.520000457763672,6202,0.0,0.0,0.0
2025-11-17 04:40:00+00:00,16.520000457763672,16.520000457763672,16.520000457763672,16.520000457763672,42356,0.0,0.0,0.0
2025-11-17 04:45:00+00:00,16.520000457763672,16.540000915527344,16.520000457763672,16.520000457763672,28110,0.0,0.0,0.0
2025-11-17 04:50:00+00:00,16.530000686645508,16.530000686645508,16.530000686645508,16.530000686645508,5063,0.0,0.0,0.0
2025-11-17 04:55:00+00:00,16.530000686645508,16.530000686645508,16.530000686645508,16.530000686645508,4020,0.0,0.0,0.0
2025-11-17 05:00:00+00:00,16.520000457763672,16.520000457763672,16.510000228881836,16.520000457763672,15270,0.0,0.0,0.0
2025-11-17 05:05:00+00:00,16.520000457763672,16.530000686645508,16.510000228881836,16.510000228881836,20099,0.0,0.0,0.0
2025-11-17 05:10:00+00:00,16.520000457763672,16.520000457763672,16.5,16.510000228881836,77557,0.0,0.0,0.0
2025-11-17 05:15:00+00:00,16.510000228881836,16.520000457763672,16.5,16.5,34964,0.0,0.0,0.0
2025-11-17 05:20:00+00:00,16.510000228881836,16.510000228881836,16.5,16.510000228881836,36429,0.0,0.0,0.0
2025-11-18 01:00:00+00:00,16.399999618530273,16.399999618530273,16.350000381469727,16.350000381469727,0,0.0,0.0,0.0
2025-11-18 01:05:00+00:00,16.31999969482422,16.3799991607666,16.31999969482422,16.360000610351562,138934,0.0,0.0,0.0
2025-11-18 01:10:00+00:00,16.360000610351562,16.360000610351562,16.350000381469727,16.350000381469727,26885,0.0,0.0,0.0
2025-11-18 01:15:00+00:00,16.360000610351562,16.360000610351562,16.350000381469727,16.350000381469727,85757,0.0,0.0,0.0
2025-11-18 01:20:00+00:00,16.350000381469727,16.360000610351562,16.350000381469727,16.360000610351562,5872,0.0,0.0,0.0
2025-11-18 01:25:00+00:00,16.360000610351562,16.360000610351562,16.31999969482422,16.31999969482422,183587,0.0,0.0,0.0
2025-11-18 01:30:00+00:00,16.31999969482422,16.31999969482422,16.309999465942383,16.309999465942383,30659,0.0,0.0,0.0
2025-11-18 01:35:00+00:00,16.31999969482422,16.350000381469727,16.31999969482422,16.350000381469727,366254,0.0,0.0,0.0
2025-11-18 01:40:00+00:00,16.350000381469727,16.350000381469727,16.34000015258789,16.34000015258789,17802,0.0,0.0,0.0
2025-11-18 01:45:00+00:00,16.34000015258789,16.389999389648438,16.34000015258789,16.389999389648438,75768,0.0,0.0,0.0
2025-11-18 01:50:00+00:00,16.399999618530273,16.420000076293945,16.399999618530273,16.399999618530273,18696,0.0,0.0,0.0
2025-11-18 01:55:00+00:00,16.420000076293945,16.420000076293945,16.420000076293945,16.420000076293945,2068,0.0,0.0,0.0
2025-11-18 02:00:00+00:00,16.399999618530273,16.40999984741211,16.3799991607666,16.3799991607666,32749,0.0,0.0,0.0
2025-11-18 02:05:00+00:00,16.3799991607666,16.3799991607666,16.3799991607666,16.3799991607666,3201,0.0,0.0,0.0
2025-11-18 02:10:00+00:00,16.3799991607666,16.3799991607666,16.3700008392334,16.3700008392334,20939,0.0,0.0,0.0
2025-11-18 02:15:00+00:00,16.3799991607666,16.3799991607666,16.360000610351562,16.360000610351562,24970,0.0,0.0,0.0
2025-11-18 02:20:00+00:00,16.360000610351562,16.360000610351562,16.34000015258789,16.34000015258789,162589,0.0,0.0,0.0
2025-11-18 02:25:00+00:00,16.329999923706055,16.329999923706055,16.31999969482422,16.329999923706055,40971,0.0,0.0,0.0
2025-11-18 02:30:00+00:00,16.329999923706055,16.329999923706055,16.329999923706055,16.329999923706055,6194,0.0,0.0,0.0
2025-11-18 02:35:00+00:00,16.329999923706055,16.329999923706055,16.299999237060547,16.309999465942383,187866,0.0,0.0,0.0
2025-11-18 02:40:00+00:00,16.309999465942383,16.309999465942383,16.299999237060547,16.299999237060547,136910,0.0,0.0,0.0
2025-11-18 02:45:00+00:00,16.299999237060547,16.309999465942383,16.280000686645508,16.280000686645508,65857,0.0,0.0,0.0
2025-11-18 02:50:00+00:00,16.280000686645508,16.280000686645508,16.270000457763672,16.270000457763672,33384,0.0,0.0,0.0
2025-11-18 02:55:00+00:00,16.270000457763672,16.270000457763672,16.239999771118164,16.239999771118164,103535,0.0,0.0,0.0
2025-11-18 03:00:00+00:00,16.239999771118164,16.25,16.219999313354492,16.219999313354492,125170,0.0,0.0,0.0
2025-11-18 03:05:00+00:00,16.219999313354492,16.229999542236328,16.219999313354492,16.219999313354492,34360,0.0,0.0,0.0
2025-11-18 03:10:00+00:00,16.229999542236328,16.229999542236328,16.229999542236328,16.229999542236328,15619,0.0,0.0,0.0
2025-11-18 03:15:00+00:00,16.229999542236328,16.239999771118164,16.229999542236328,16.229999542236328,71203,0.0,0.0,0.0
2025-11-18 03:20:00+00:00,16.239999771118164,16.239999771118164,16.229999542236328,16.229999542236328,60368,0.0,0.0,0.0
2025-11-18 03:25:00+00:00,16.229999542236328,16.229999542236328,16.200000762939453,16.200000762939453,171657,0.0,0.0,0.0
2025-11-18 03:30:00+00:00,16.200000762939453,16.209999084472656,16.18000030517578,16.190000534057617,160175,0.0,0.0,0.0
2025-11-18 03:35:00+00:00,16.190000534057617,16.190000534057617,16.18000030517578,16.18000030517578,23498,0.0,0.0,0.0
2025-11-18 03:40:00+00:00,16.18000030517578,16.18000030517578,16.170000076293945,16.170000076293945,236277,0.0,0.0,0.0
2025-11-18 03:45:00+00:00,16.170000076293945,16.170000076293945,16.149999618530273,16.170000076293945,40963,0.0,0.0,0.0
2025-11-18 03:50:00+00:00,16.170000076293945,16.18000030517578,16.149999618530273,16.170000076293945,61459,0.0,0.0,0.0
2025-11-18 03:55:00+00:00,16.18000030517578,16.18000030517578,16.18000030517578,16.18000030517578,107955,0.0,0.0,0.0
2025-11-18 04:00:00+00:00,16.190000534057617,16.190000534057617,16.15999984741211,16.15999984741211,48218,0.0,0.0,0.0
2025-11-18 04:05:00+00:00,16.15999984741211,16.15999984741211,16.149999618530273,16.149999618530273,17175,0.0,0.0,0.0
2025-11-18 04:10:00+00:00,16.15999984741211,16.15999984741211,16.149999618530273,16.149999618530273,11666,0.0,0.0,0.0
2025-11-18 04:15:00+00:00,16.170000076293945,16.170000076293945,16.1200008392334,16.1200008392334,167210,0.0,0.0,0.0
2025-11-18 04:20:00+00:00,16.1200008392334,16.139999389648438,16.1200008392334,16.1299991607666,29847,0.0,0.0,0.0
2025-11-18 04:25:00+00:00,16.139999389648438,16.139999389648438,16.139999389648438,16.139999389648438,16798,0.0,0.0,0.0
2025-11-18 04:30:00+00:00,16.149999618530273,16.149999618530273,16.139999389648438,16.149999618530273,51081,0.0,0.0,0.0
2025-11-18 04:35:00+00:00,16.149999618530273,16.149999618530273,16.139999389648438,16.149999618530273,66039,0.0,0.0,0.0
2025-11-18 04:40:00+00:00,16.149999618530273,16.149999618530273,16.139999389648438,16.149999618530273,19749,0.0,0.0,0.0
2025-11-18 04:45:00+00:00,16.149999618530273,16.170000076293945,16.149999618530273,16.149999618530273,61883,0.0,0.0,0.0
2025-11-18 04:50:00+00:00,16.149999618530273,16.15999984741211,16.149999618530273,16.149999618530273,31716,0.0,0.0,0.0
2025-11-18 04:55:00+00:00,16.149999618530273,16.15999984741211,16.149999618530273,16.149999618530273,7470,0.0,0.0,0.0
2025-11-18 05:00:00+00:00,16.149999618530273,16.149999618530273,16.1299991607666,16.139999389648438,58435,0.0,0.0,0.0
2025-11-18 05:05:00+00:00,16.1299991607666,16.1299991607666,16.1299991607666,16.1299991607666,61204,0.0,0.0,0.0
2025-11-18 05:10:00+00:00,16.1299991607666,16.15999984741211,16.1299991607666,16.15999984741211,90225,0.0,0.0,0.0
2025-11-18 05:15:00+00:00,16.15999984741211,16.15999984741211,16.149999618530273,16.149999618530273,18814,0.0,0.0,0.0
2025-11-18 05:20:00+00:00,16.149999618530273,16.15999984741211,16.149999618530273,16.15999984741211,48929,0.0,0.0,0.0
2025-11-19 01:00:00+00:00,16.110000610351562,16.18000030517578,16.09000015258789,16.18000030517578,0,0.0,0.0,0.0
2025-11-19 01:05:00+00:00,16.18000030517578,16.190000534057617,16.149999618530273,16.15999984741211,29333,0.0,0.0,0.0
2025-11-19 01:10:00+00:00,16.15999984741211,16.170000076293945,16.149999618530273,16.15999984741211,45347,0.0,0.0,0.0
2025-11-19 01:15:00+00:00,16.15999984741211,16.18000030517578,16.149999618530273,16.18000030517578,81498,0.0,0.0,0.0
2025-11-19 01:20:00+00:00,16.190000534057617,16.200000762939453,16.190000534057617,16.190000534057617,19277,0.0,0.0,0.0
2025-11-19 01:25:00+00:00,16.200000762939453,16.200000762939453,16.18000030517578,16.18000030517578,10242,0.0,0.0,0.0
2025-11-19 01:30:00+00:00,16.190000534057617,16.190000534057617,16.170000076293945,16.190000534057617,52105,0.0,0.0,0.0
2025-11-19 01:35:00+00:00,16.190000534057617,16.190000534057617,16.170000076293945,16.170000076293945,32245,0.0,0.0,0.0
2025-11-19 01:40:00+00:00,16.15999984741211,16.170000076293945,16.149999618530273,16.149999618530273,94279,0.0,0.0,0.0
2025-11-19 01:45:00+00:00,16.149999618530273,16.170000076293945,16.149999618530273,16.15999984741211,11747,0.0,0.0,0.0
2025-11-19 01:50:00+00:00,16.15999984741211,16.15999984741211,16.139999389648438,16.139999389648438,13490,0.0,0.0,0.0
2025-11-19 01:55:00+00:00,16.139999389648438,16.139999389648438,16.1200008392334,16.1299991607666,21826,0.0,0.0,0.0
2025-11-19 02:00:00+00:00,16.1299991607666,16.149999618530273,16.1299991607666,16.149999618530273,28150,0.0,0.0,0.0
2025-11-19 02:05:00+00:00,16.15999984741211,16.170000076293945,16.149999618530273,16.15999984741211,17506,0.0,0.0,0.0
2025-11-19 02:10:00+00:00,16.170000076293945,16.170000076293945,16.170000076293945,16.170000076293945,11197,0.0,0.0,0.0
2025-11-19 02:15:00+00:00,16.170000076293945,16.170000076293945,16.15999984741211,16.170000076293945,6641,0.0,0.0,0.0
2025-11-19 02:20:00+00:00,16.15999984741211,16.15999984741211,16.15999984741211,16.15999984741211,2211,0.0,0.0,0.0
2025-11-19 02:25:00+00:00,16.15999984741211,16.15999984741211,16.149999618530273,16.149999618530273,22256,0.0,0.0,0.0
2025-11-19 02:30:00+00:00,16.15999984741211,16.15999984741211,16.15999984741211,16.15999984741211,4725,0.0,0.0,0.0
2025-11-19 02:35:00+00:00,16.15999984741211,16.15999984741211,16.149999618530273,16.15999984741211,13130,0.0,0.0,0.0
2025-11-19 02:40:00+00:00,16.149999618530273,16.149999618530273,16.149999618530273,16.149999618530273,24424,0.0,0.0,0.0
2025-11-19 02:45:00+00:00,16.15999984741211,16.15999984741211,16.149999618530273,16.149999618530273,36055,0.0,0.0,0.0
2025-11-19 02:50:00+00:00,16.149999618530273,16.149999618530273,16.149999618530273,16.149999618530273,6220,0.0,0.0,0.0
2025-11-19 02:55:00+00:00,16.139999389648438,16.149999618530273,16.139999389648438,16.149999618530273,39580,0.0,0.0,0.0
2025-11-19 03:00:00+00:00,16.149999618530273,16.149999618530273,16.149999618530273,16.149999618530273,3320,0.0,0.0,0.0
2025-11-19 03:05:00+00:00,16.149999618530273,16.149999618530273,16.149999618530273,16.149999618530273,4082,0.0,0.0,0.0
2025-11-19 03:10:00+00:00,16.149999618530273,16.149999618530273,16.1200008392334,16.1200008392334,93509,0.0,0.0,0.0
2025-11-19 03:15:00+00:00,16.110000610351562,16.110000610351562,16.079999923706055,16.079999923706055,66012,0.0,0.0,0.0
2025-11-19 03:20:00+00:00,16.06999969482422,16.09000015258789,16.06999969482422,16.079999923706055,26614,0.0,0.0,0.0
2025-11-19 03:25:00+00:00,16.079999923706055,16.079999923706055,16.06999969482422,16.06999969482422,39553,0.0,0.0,0.0
2025-11-19 03:30:00+00:00,16.079999923706055,16.079999923706055,16.059999465942383,16.059999465942383,49247,0.0,0.0,0.0
2025-11-19 03:35:00+00:00,16.059999465942383,16.059999465942383,16.059999465942383,16.059999465942383,21853,0.0,0.0,0.0
2025-11-19 03:40:00+00:00,16.049999237060547,16.049999237060547,16.040000915527344,16.049999237060547,74440,0.0,0.0,0.0
2025-11-19 03:45:00+00:00,16.049999237060547,16.049999237060547,16.030000686645508,16.030000686645508,18363,0.0,0.0,0.0
2025-11-19 03:50:00+00:00,16.049999237060547,16.049999237060547,16.030000686645508,16.030000686645508,12145,0.0,0.0,0.0
2025-11-19 03:55:00+00:00,16.040000915527344,16.040000915527344,16.040000915527344,16.040000915527344,8858,0.0,0.0,0.0
2025-11-19 04:00:00+00:00,16.040000915527344,16.040000915527344,16.030000686645508,16.030000686645508,29045,0.0,0.0,0.0
2025-11-19 04:05:00+00:00,16.040000915527344,16.040000915527344,16.030000686645508,16.040000915527344,13262,0.0,0.0,0.0
2025-11-19 04:10:00+00:00,16.040000915527344,16.040000915527344,16.040000915527344,16.040000915527344,5216,0.0,0.0,0.0
2025-11-19 04:15:00+00:00,16.040000915527344,16.049999237060547,16.040000915527344,16.049999237060547,66576,0.0,0.0,0.0
2025-11-19 04:20:00+00:00,16.049999237060547,16.059999465942383,16.040000915527344,16.059999465942383,75625,0.0,0.0,0.0
2025-11-19 04:25:00+00:00,16.059999465942383,16.079999923706055,16.049999237060547,16.079999923706055,16241,0.0,0.0,0.0
2025-11-19 04:30:00+00:00,16.09000015258789,16.09000015258789,16.049999237060547,16.049999237060547,35910,0.0,0.0,0.0
2025-11-19 04:35:00+00:00,16.049999237060547,16.049999237060547,16.040000915527344,16.049999237060547,14104,0.0,0.0,0.0
2025-11-19 04:40:00+00:00,16.049999237060547,16.049999237060547,16.040000915527344,16.040000915527344,22531,0.0,0.0,0.0
2025-11-19 04:45:00+00:00,16.030000686645508,16.030000686645508,16.030000686645508,16.030000686645508,29520,0.0,0.0,0.0
2025-11-19 04:50:00+00:00,16.030000686645508,16.040000915527344,16.030000686645508,16.030000686645508,14389,0.0,0.0,0.0
2025-11-19 04:55:00+00:00,16.040000915527344,16.040000915527344,16.040000915527344,16.040000915527344,1413,0.0,0.0,0.0
2025-11-19 05:00:00+00:00,16.030000686645508,16.049999237060547,16.030000686645508,16.040000915527344,29685,0.0,0.0,0.0
2025-11-19 05:05:00+00:00,16.040000915527344,16.049999237060547,16.040000915527344,16.049999237060547,52648,0.0,0.0,0.0
2025-11-19 05:10:00+00:00,16.049999237060547,16.049999237060547,16.049999237060547,16.049999237060547,1000,0.0,0.0,0.0
2025-11-19 05:15:00+00:00,16.059999465942383,16.059999465942383,16.059999465942383,16.059999465942383,7395,0.0,0.0,0.0
2025-11-19 05:20:00+00:00,16.079999923706055,16.079999923706055,16.079999923706055,16.079999923706055,11165,0.0,0.0,0.0
2025-11-20 01:00:00+00:00,16.5,16.5,16.469999313354492,16.489999771118164,0,0.0,0.0,0.0
2025-11-20 01:05:00+00:00,16.489999771118164,16.520000457763672,16.489999771118164,16.520000457763672,82620,0.0,0.0,0.0
2025-11-20 01:10:00+00:00,16.520000457763672,16.520000457763672,16.5,16.5,83665,0.0,0.0,0.0
2025-11-20 01:15:00+00:00,16.5,16.520000457763672,16.489999771118164,16.489999771118164,34293,0.0,0.0,0.0
2025-11-20 01:20:00+00:00,16.510000228881836,16.510000228881836,16.5,16.510000228881836,10481,0.0,0.0,0.0
2025-11-20 01:25:00+00:00,16.510000228881836,16.520000457763672,16.5,16.510000228881836,27961,0.0,0.0,0.0
2025-11-20 01:30:00+00:00,16.520000457763672,16.530000686645508,16.510000228881836,16.530000686645508,256731,0.0,0.0,0.0
2025-11-20 01:35:00+00:00,16.530000686645508,16.540000915527344,16.530000686645508,16.540000915527344,35501,0.0,0.0,0.0
2025-11-20 01:40:00+00:00,16.540000915527344,16.549999237060547,16.540000915527344,16.540000915527344,19938,0.0,0.0,0.0
2025-11-20 01:45:00+00:00,16.540000915527344,16.549999237060547,16.510000228881836,16.520000457763672,13150,0.0,0.0,0.0
2025-11-20 01:50:00+00:00,16.520000457763672,16.530000686645508,16.520000457763672,16.520000457763672,4074,0.0,0.0,0.0
2025-11-20 01:55:00+00:00,16.510000228881836,16.510000228881836,16.479999542236328,16.489999771118164,45334,0.0,0.0,0.0
2025-11-20 02:00:00+00:00,16.479999542236328,16.479999542236328,16.479999542236328,16.479999542236328,2449,0.0,0.0,0.0
2025-11-20 02:05:00+00:00,16.479999542236328,16.479999542236328,16.469999313354492,16.469999313354492,9770,0.0,0.0,0.0
2025-11-20 02:10:00+00:00,16.459999084472656,16.459999084472656,16.420000076293945,16.420000076293945,18539,0.0,0.0,0.0
2025-11-20 02:15:00+00:00,16.40999984741211,16.420000076293945,16.399999618530273,16.40999984741211,34615,0.0,0.0,0.0
2025-11-20 02:20:00+00:00,16.40999984741211,16.420000076293945,16.40999984741211,16.420000076293945,37155,0.0,0.0,0.0
2025-11-20 02:25:00+00:00,16.420000076293945,16.420000076293945,16.40999984741211,16.40999984741211,92101,0.0,0.0,0.0
2025-11-20 02:30:00+00:00,16.40999984741211,16.420000076293945,16.40999984741211,16.420000076293945,14141,0.0,0.0,0.0
2025-11-20 02:35:00+00:00,16.420000076293945,16.420000076293945,16.420000076293945,16.420000076293945,21089,0.0,0.0,0.0
2025-11-20 02:40:00+00:00,16.43000030517578,16.43000030517578,16.40999984741211,16.40999984741211,12171,0.0,0.0,0.0
2025-11-20 02:45:00+00:00,16.399999618530273,16.440000534057617,16.399999618530273,16.43000030517578,40590,0.0,0.0,0.0
2025-11-20 02:50:00+00:00,16.440000534057617,16.440000534057617,16.43000030517578,16.43000030517578,6404,0.0,0.0,0.0
2025-11-20 02:55:00+00:00,16.450000762939453,16.450000762939453,16.450000762939453,16.450000762939453,5134,0.0,0.0,0.0
2025-11-20 03:00:00+00:00,16.450000762939453,16.459999084472656,16.450000762939453,16.459999084472656,26090,0.0,0.0,0.0
2025-11-20 03:05:00+00:00,16.469999313354492,16.469999313354492,16.459999084472656,16.469999313354492,12821,0.0,0.0,0.0
2025-11-20 03:10:00+00:00,16.469999313354492,16.489999771118164,16.469999313354492,16.489999771118164,25509,0.0,0.0,0.0
2025-11-20 03:15:00+00:00,16.489999771118164,16.489999771118164,16.489999771118164,16.489999771118164,3270,0.0,0.0,0.0
2025-11-20 03:20:00+00:00,16.5,16.510000228881836,16.5,16.510000228881836,46646,0.0,0.0,0.0
2025-11-20 03:25:00+00:00,16.510000228881836,16.520000457763672,16.510000228881836,16.520000457763672,30250,0.0,0.0,0.0
2025-11-20 03:30:00+00:00,16.520000457763672,16.530000686645508,16.510000228881836,16.510000228881836,52356,0.0,0.0,0.0
2025-11-20 03:35:00+00:00,16.530000686645508,16.530000686645508,16.530000686645508,16.530000686645508,1060,0.0,0.0,0.0
2025-11-20 03:40:00+00:00,16.510000228881836,16.520000457763672,16.510000228881836,16.520000457763672,42085,0.0,0.0,0.0
2025-11-20 03:45:00+00:00,16.530000686645508,16.530000686645508,16.530000686645508,16.530000686645508,2040,0.0,0.0,0.0
2025-11-20 03:50:00+00:00,16.520000457763672,16.520000457763672,16.520000457763672,16.520000457763672,3127,0.0,0.0,0.0
2025-11-20 03:55:00+00:00,16.520000457763672,16.520000457763672,16.520000457763672,16.520000457763672,3127,0.0,0.0,0.0
2025-11-20 04:00:00+00:00,16.520000457763672,16.520000457763672,16.520000457763672,16.520000457763672,5404,0.0,0.0,0.0
2025-11-20 04:05:00+00:00,16.520000457763672,16.520000457763672,16.510000228881836,16.510000228881836,7086,0.0,0.0,0.0
2025-11-20 04:10:00+00:00,16.510000228881836,16.520000457763672,16.510000228881836,16.520000457763672,33647,0.0,0.0,0.0
2025-11-20 04:15:00+00:00,16.510000228881836,16.520000457763672,16.510000228881836,16.520000457763672,17099,0.0,0.0,0.0
2025-11-20 04:20:00+00:00,16.520000457763672,16.530000686645508,16.510000228881836,16.510000228881836,13137,0.0,0.0,0.0
2025-11-20 04:25:00+00:00,16.510000228881836,16.510000228881836,16.5,16.5,11187,0.0,0.0,0.0
2025-11-20 04:30:00+00:00,16.520000457763672,16.520000457763672,16.520000457763672,16.520000457763672,2072,0.0,0.0,0.0
2025-11-20 04:35:00+00:00,16.510000228881836,16.520000457763672,16.510000228881836,16.510000228881836,4120,0.0,0.0,0.0
2025-11-20 04:40:00+00:00,16.510000228881836,16.510000228881836,16.510000228881836,16.510000228881836,2573,0.0,0.0,0.0
2025-11-20 04:45:00+00:00,16.5,16.5,16.489999771118164,16.489999771118164,13010,0.0,0.0,0.0
2025-11-20 04:50:00+00:00,16.5,16.5,16.489999771118164,16.489999771118164,4190,0.0,0.0,0.0
2025-11-20 04:55:00+00:00,16.5,16.510000228881836,16.5,16.510000228881836,6935,0.0,0.0,0.0
2025-11-20 05:00:00+00:00,16.5,16.520000457763672,16.5,16.5,24735,0.0,0.0,0.0
2025-11-20 05:05:00+00:00,16.5,16.520000457763672,16.5,16.520000457763672,27050,0.0,0.0,0.0
2025-11-20 05:10:00+00:00,16.520000457763672,16.530000686645508,16.520000457763672,16.530000686645508,2075,0.0,0.0,0.0
2025-11-20 05:15:00+00:00,16.530000686645508,16.530000686645508,16.520000457763672,16.520000457763672,3150,0.0,0.0,0.0
2025-11-20 05:20:00+00:00,16.520000457763672,16.530000686645508,16.520000457763672,16.530000686645508,13084,0.0,0.0,0.0
2025-11-21 01:00:00+00:00,16.1299991607666,16.1299991607666,16.06999969482422,16.06999969482422,0,0.0,0.0,0.0
2025-11-21 01:05:00+00:00,16.06999969482422,16.100000381469727,16.049999237060547,16.100000381469727,21328,0.0,0.0,0.0
2025-11-21 01:10:00+00:00,16.1200008392334,16.1200008392334,16.100000381469727,16.110000610351562,243962,0.0,0.0,0.0
2025-11-21 01:15:00+00:00,16.1299991607666,16.1299991607666,16.110000610351562,16.110000610351562,46453,0.0,0.0,0.0
2025-11-21 01:20:00+00:00,16.139999389648438,16.139999389648438,16.110000610351562,16.1200008392334,81898,0.0,0.0,0.0
2025-11-21 01:25:00+00:00,16.1200008392334,16.1299991607666,16.1200008392334,16.1299991607666,114926,0.0,0.0,0.0
2025-11-21 01:30:00+00:00,16.149999618530273,16.149999618530273,16.1200008392334,16.1200008392334,62909,0.0,0.0,0.0
2025-11-21 01:35:00+00:00,16.110000610351562,16.110000610351562,16.09000015258789,16.100000381469727,166829,0.0,0.0,0.0
2025-11-21 01:40:00+00:00,16.100000381469727,16.110000610351562,16.100000381469727,16.110000610351562,11637,0.0,0.0,0.0
2025-11-21 01:45:00+00:00,16.1200008392334,16.1299991607666,16.1200008392334,16.1299991607666,20504,0.0,0.0,0.0
2025-11-21 01:50:00+00:00,16.149999618530273,16.149999618530273,16.149999618530273,16.149999618530273,7331,0.0,0.0,0.0
2025-11-21 01:55:00+00:00,16.15999984741211,16.15999984741211,16.1299991607666,16.1299991607666,41815,0.0,0.0,0.0
2025-11-21 02:00:00+00:00,16.1299991607666,16.1299991607666,16.1200008392334,16.1200008392334,53388,0.0,0.0,0.0
2025-11-21 02:05:00+00:00,16.110000610351562,16.110000610351562,16.079999923706055,16.079999923706055,193076,0.0,0.0,0.0
2025-11-21 02:10:00+00:00,16.06999969482422,16.06999969482422,16.059999465942383,16.06999969482422,27354,0.0,0.0,0.0
2025-11-21 02:15:00+00:00,16.06999969482422,16.06999969482422,16.049999237060547,16.049999237060547,73095,0.0,0.0,0.0
2025-11-21 02:20:00+00:00,16.049999237060547,16.059999465942383,16.049999237060547,16.049999237060547,122288,0.0,0.0,0.0
2025-11-21 02:25:00+00:00,16.049999237060547,16.049999237060547,16.040000915527344,16.049999237060547,26676,0.0,0.0,0.0
2025-11-21 02:30:00+00:00,16.049999237060547,16.049999237060547,16.049999237060547,16.049999237060547,12635,0.0,0.0,0.0
2025-11-21 02:35:00+00:00,16.049999237060547,16.059999465942383,16.049999237060547,16.059999465942383,15592,0.0,0.0,0.0
2025-11-21 02:40:00+00:00,16.059999465942383,16.06999969482422,16.059999465942383,16.06999969482422,8731,0.0,0.0,0.0
2025-11-21 02:45:00+00:00,16.059999465942383,16.06999969482422,16.049999237060547,16.049999237060547,17932,0.0,0.0,0.0
2025-11-21 02:50:00+00:00,16.059999465942383,16.06999969482422,16.059999465942383,16.06999969482422,3109,0.0,0.0,0.0
2025-11-21 02:55:00+00:00,16.06999969482422,16.06999969482422,16.040000915527344,16.040000915527344,55885,0.0,0.0,0.0
2025-11-21 03:00:00+00:00,16.049999237060547,16.049999237060547,16.030000686645508,16.030000686645508,58518,0.0,0.0,0.0
2025-11-21 03:05:00+00:00,16.030000686645508,16.049999237060547,16.030000686645508,16.049999237060547,33786,0.0,0.0,0.0
2025-11-21 03:10:00+00:00,16.040000915527344,16.049999237060547,16.040000915527344,16.040000915527344,13047,0.0,0.0,0.0
2025-11-21 03:15:00+00:00,16.040000915527344,16.040000915527344,16.040000915527344,16.040000915527344,16499,0.0,0.0,0.0
2025-11-21 03:20:00+00:00,16.040000915527344,16.040000915527344,16.030000686645508,16.030000686645508,19421,0.0,0.0,0.0
2025-11-21 03:25:00+00:00,16.030000686645508,16.030000686645508,16.030000686645508,16.030000686645508,10490,0.0,0.0,0.0
2025-11-21 03:30:00+00:00,16.030000686645508,16.030000686645508,16.0,16.0,96967,0.0,0.0,0.0
2025-11-21 03:35:00+00:00,16.010000228881836,16.010000228881836,15.989999771118164,15.989999771118164,178799,0.0,0.0,0.0
2025-11-21 03:40:00+00:00,15.989999771118164,16.010000228881836,15.989999771118164,16.010000228881836,12993,0.0,0.0,0.0
2025-11-21 03:45:00+00:00,16.010000228881836,16.020000457763672,16.010000228881836,16.020000457763672,22301,0.0,0.0,0.0
2025-11-21 03:50:00+00:00,16.030000686645508,16.030000686645508,16.030000686645508,16.030000686645508,3127,0.0,0.0,0.0
2025-11-21 03:55:00+00:00,16.030000686645508,16.030000686645508,16.010000228881836,16.010000228881836,16199,0.0,0.0,0.0
2025-11-21 04:00:00+00:00,16.010000228881836,16.020000457763672,16.010000228881836,16.020000457763672,17402,0.0,0.0,0.0
2025-11-21 04:05:00+00:00,16.020000457763672,16.020000457763672,16.010000228881836,16.010000228881836,6000,0.0,0.0,0.0
2025-11-21 04:10:00+00:00,16.020000457763672,16.020000457763672,16.010000228881836,16.020000457763672,14090,0.0,0.0,0.0
2025-11-21 04:15:00+00:00,16.010000228881836,16.020000457763672,16.0,16.0,85030,0.0,0.0,0.0
2025-11-21 04:20:00+00:00,16.0,16.0,15.989999771118164,15.989999771118164,157698,0.0,0.0,0.0
2025-11-21 04:25:00+00:00,15.989999771118164,15.989999771118164,15.989999771118164,15.989999771118164,59882,0.0,0.0,0.0
2025-11-21 04:30:00+00:00,16.0,16.0,15.989999771118164,15.989999771118164,106920,0.0,0.0,0.0
2025-11-21 04:35:00+00:00,16.0,16.0,15.989999771118164,15.989999771118164,77628,0.0,0.0,0.0
2025-11-21 04:40:00+00:00,15.989999771118164,16.0,15.989999771118164,15.989999771118164,16148,0.0,0.0,0.0
2025-11-21 04:45:00+00:00,15.989999771118164,15.989999771118164,15.970000267028809,15.979999542236328,94068,0.0,0.0,0.0
2025-11-21 04:50:00+00:00,15.979999542236328,15.979999542236328,15.970000267028809,15.979999542236328,36844,0.0,0.0,0.0
2025-11-21 04:55:00+00:00,15.979999542236328,15.989999771118164,15.979999542236328,15.989999771118164,20148,0.0,0.0,0.0
2025-11-21 05:00:00+00:00,16.0,16.010000228881836,16.0,16.010000228881836,34064,0.0,0.0,0.0
2025-11-21 05:05:00+00:00,16.010000228881836,16.020000457763672,16.0,16.020000457763672,43226,0.0,0.0,0.0
2025-11-21 05:10:00+00:00,16.020000457763672,16.030000686645508,16.020000457763672,16.030000686645508,16964,0.0,0.0,0.0
2025-11-21 05:15:00+00:00,16.030000686645508,16.049999237060547,16.020000457763672,16.040000915527344,25189,0.0,0.0,0.0
2025-11-21 05:20:00+00:00,16.040000915527344,16.049999237060547,16.040000915527344,16.049999237060547,15156,0.0,0.0,0.0
2025-11-24 01:00:00+00:00,16.100000381469727,16.149999618530273,16.100000381469727,16.149999618530273,0,0.0,0.0,0.0
2025-11-24 01:05:00+00:00,16.149999618530273,16.15999984741211,16.139999389648438,16.139999389648438,21081,0.0,0.0,0.0
2025-11-24 01:10:00+00:00,16.139999389648438,16.139999389648438,16.1299991607666,16.1299991607666,47858,0.0,0.0,0.0
2025-11-24 01:15:00+00:00,16.1299991607666,16.1299991607666,16.100000381469727,16.100000381469727,54284,0.0,0.0,0.0
2025-11-24 01:20:00+00:00,16.09000015258789,16.09000015258789,16.049999237060547,16.06999969482422,74291,0.0,0.0,0.0
2025-11-24 01:25:00+00:00,16.06999969482422,16.079999923706055,16.059999465942383,16.079999923706055,70403,0.0,0.0,0.0
2025-11-24 01:30:00+00:00,16.100000381469727,16.100000381469727,16.079999923706055,16.09000015258789,19585,0.0,0.0,0.0
2025-11-24 01:35:00+00:00,16.079999923706055,16.079999923706055,16.059999465942383,16.059999465942383,41258,0.0,0.0,0.0
2025-11-24 01:40:00+00:00,16.06999969482422,16.06999969482422,16.059999465942383,16.059999465942383,3951,0.0,0.0,0.0
2025-11-24 01:45:00+00:00,16.059999465942383,16.059999465942383,16.059999465942383,16.059999465942383,9021,0.0,0.0,0.0
2025-11-24 01:50:00+00:00,16.059999465942383,16.06999969482422,16.049999237060547,16.059999465942383,26275,0.0,0.0,0.0
2025-11-24 01:55:00+00:00,16.09000015258789,16.09000015258789,16.06999969482422,16.06999969482422,14014,0.0,0.0,0.0
2025-11-24 02:00:00+00:00,16.06999969482422,16.079999923706055,16.059999465942383,16.079999923706055,52984,0.0,0.0,0.0
2025-11-24 02:05:00+00:00,16.079999923706055,16.079999923706055,16.049999237060547,16.049999237060547,65847,0.0,0.0,0.0
2025-11-24 02:10:00+00:00,16.040000915527344,16.059999465942383,16.030000686645508,16.059999465942383,26771,0.0,0.0,0.0
2025-11-24 02:15:00+00:00,16.049999237060547,16.079999923706055,16.049999237060547,16.079999923706055,22072,0.0,0.0,0.0
2025-11-24 02:20:00+00:00,16.079999923706055,16.079999923706055,16.06999969482422,16.06999969482422,16153,0.0,0.0,0.0
2025-11-24 02:25:00+00:00,16.079999923706055,16.09000015258789,16.079999923706055,16.079999923706055,6310,0.0,0.0,0.0
2025-11-24 02:35:00+00:00,16.079999923706055,16.09000015258789,16.079999923706055,16.09000015258789,15013,0.0,0.0,0.0
2025-11-24 02:40:00+00:00,16.100000381469727,16.100000381469727,16.100000381469727,16.100000381469727,1553,0.0,0.0,0.0
2025-11-24 02:45:00+00:00,16.100000381469727,16.1200008392334,16.100000381469727,16.110000610351562,11412,0.0,0.0,0.0
2025-11-24 02:50:00+00:00,16.100000381469727,16.100000381469727,16.100000381469727,16.100000381469727,2040,0.0,0.0,0.0
2025-11-24 02:55:00+00:00,16.100000381469727,16.100000381469727,16.100000381469727,16.100000381469727,2153,0.0,0.0,0.0
2025-11-24 03:00:00+00:00,16.09000015258789,16.09000015258789,16.079999923706055,16.09000015258789,14459,0.0,0.0,0.0
2025-11-24 03:05:00+00:00,16.09000015258789,16.09000015258789,16.06999969482422,16.06999969482422,9076,0.0,0.0,0.0
2025-11-24 03:10:00+00:00,16.06999969482422,16.06999969482422,16.06999969482422,16.06999969482422,4370,0.0,0.0,0.0
2025-11-24 03:15:00+00:00,16.059999465942383,16.06999969482422,16.059999465942383,16.06999969482422,5145,0.0,0.0,0.0
2025-11-24 03:20:00+00:00,16.06999969482422,16.06999969482422,16.059999465942383,16.059999465942383,5988,0.0,0.0,0.0
2025-11-24 03:25:00+00:00,16.06999969482422,16.06999969482422,16.049999237060547,16.049999237060547,18139,0.0,0.0,0.0
2025-11-24 03:30:00+00:00,16.059999465942383,16.059999465942383,16.020000457763672,16.059999465942383,61252,0.0,0.0,0.0
2025-11-24 03:35:00+00:00,16.059999465942383,16.059999465942383,16.049999237060547,16.049999237060547,6245,0.0,0.0,0.0
2025-11-24 03:40:00+00:00,16.040000915527344,16.040000915527344,16.030000686645508,16.030000686645508,12059,0.0,0.0,0.0
2025-11-24 03:45:00+00:00,16.040000915527344,16.049999237060547,16.030000686645508,16.049999237060547,38070,0.0,0.0,0.0
2025-11-24 03:50:00+00:00,16.049999237060547,16.049999237060547,16.049999237060547,16.049999237060547,5044,0.0,0.0,0.0
2025-11-24 03:55:00+00:00,16.049999237060547,16.049999237060547,16.040000915527344,16.049999237060547,41068,0.0,0.0,0.0
2025-11-24 04:00:00+00:00,16.059999465942383,16.059999465942383,16.049999237060547,16.059999465942383,6072,0.0,0.0,0.0
2025-11-24 04:05:00+00:00,16.06999969482422,16.06999969482422,16.06999969482422,16.06999969482422,10667,0.0,0.0,0.0
2025-11-24 04:10:00+00:00,16.06999969482422,16.06999969482422,16.059999465942383,16.059999465942383,6614,0.0,0.0,0.0
2025-11-24 04:15:00+00:00,16.059999465942383,16.059999465942383,16.059999465942383,16.059999465942383,3193,0.0,0.0,0.0
2025-11-24 04:20:00+00:00,16.059999465942383,16.059999465942383,16.059999465942383,16.059999465942383,2464,0.0,0.0,0.0
2025-11-24 04:25:00+00:00,16.059999465942383,16.059999465942383,16.059999465942383,16.059999465942383,9205,0.0,0.0,0.0
2025-11-24 04:30:00+00:00,16.06999969482422,16.06999969482422,16.059999465942383,16.06999969482422,4738,0.0,0.0,0.0
2025-11-24 04:35:00+00:00,16.059999465942383,16.059999465942383,16.059999465942383,16.059999465942383,20423,0.0,0.0,0.0
2025-11-24 04:40:00+00:00,16.059999465942383,16.059999465942383,16.059999465942383,16.059999465942383,2126,0.0,0.0,0.0
2025-11-24 04:45:00+00:00,16.059999465942383,16.06999969482422,16.049999237060547,16.059999465942383,8593,0.0,0.0,0.0
2025-11-24 04:50:00+00:00,16.059999465942383,16.06999969482422,16.059999465942383,16.06999969482422,9101,0.0,0.0,0.0
2025-11-24 04:55:00+00:00,16.06999969482422,16.079999923706055,16.06999969482422,16.06999969482422,8615,0.0,0.0,0.0
2025-11-24 05:00:00+00:00,16.06999969482422,16.06999969482422,16.06999969482422,16.06999969482422,5716,0.0,0.0,0.0
2025-11-24 05:05:00+00:00,16.06999969482422,16.06999969482422,16.06999969482422,16.06999969482422,2195,0.0,0.0,0.0
2025-11-24 05:10:00+00:00,16.06999969482422,16.079999923706055,16.06999969482422,16.079999923706055,9514,0.0,0.0,0.0
2025-11-24 05:15:00+00:00,16.079999923706055,16.079999923706055,16.079999923706055,16.079999923706055,13494,0.0,0.0,0.0
2025-11-24 05:20:00+00:00,16.079999923706055,16.079999923706055,16.06999969482422,16.06999969482422,7282,0.0,0.0,0.0
2025-11-25 01:00:00+00:00,16.25,16.290000915527344,16.25,16.280000686645508,0,0.0,0.0,0.0
2025-11-25 01:05:00+00:00,16.280000686645508,16.290000915527344,16.280000686645508,16.280000686645508,10019,0.0,0.0,0.0
2025-11-25 01:10:00+00:00,16.280000686645508,16.280000686645508,16.270000457763672,16.270000457763672,15295,0.0,0.0,0.0
2025-11-25 01:15:00+00:00,16.260000228881836,16.270000457763672,16.25,16.25,7282,0.0,0.0,0.0
2025-11-25 01:20:00+00:00,16.25,16.270000457763672,16.25,16.260000228881836,48384,0.0,0.0,0.0
2025-11-25 01:25:00+00:00,16.25,16.25,16.25,16.25,13278,0.0,0.0,0.0
2025-11-25 01:30:00+00:00,16.260000228881836,16.260000228881836,16.25,16.260000228881836,39924,0.0,0.0,0.0
2025-11-25 01:35:00+00:00,16.270000457763672,16.270000457763672,16.25,16.25,6238,0.0,0.0,0.0
2025-11-25 01:40:00+00:00,16.25,16.25,16.239999771118164,16.239999771118164,6028,0.0,0.0,0.0
2025-11-25 01:45:00+00:00,16.239999771118164,16.239999771118164,16.239999771118164,16.239999771118164,10657,0.0,0.0,0.0
2025-11-25 01:50:00+00:00,16.25,16.25,16.239999771118164,16.239999771118164,16010,0.0,0.0,0.0
2025-11-25 01:55:00+00:00,16.25,16.25,16.25,16.25,5503,0.0,0.0,0.0
2025-11-25 02:00:00+00:00,16.25,16.25,16.239999771118164,16.239999771118164,6041,0.0,0.0,0.0
2025-11-25 02:05:00+00:00,16.239999771118164,16.239999771118164,16.229999542236328,16.229999542236328,30063,0.0,0.0,0.0
2025-11-25 02:10:00+00:00,16.229999542236328,16.229999542236328,16.219999313354492,16.229999542236328,17026,0.0,0.0,0.0
2025-11-25 02:15:00+00:00,16.219999313354492,16.239999771118164,16.209999084472656,16.239999771118164,31368,0.0,0.0,0.0
2025-11-25 02:20:00+00:00,16.25,16.25,16.25,16.25,6093,0.0,0.0,0.0
2025-11-25 02:25:00+00:00,16.25,16.25,16.25,16.25,1008,0.0,0.0,0.0
2025-11-25 02:30:00+00:00,16.239999771118164,16.25,16.229999542236328,16.239999771118164,55742,0.0,0.0,0.0
2025-11-25 02:35:00+00:00,16.25,16.25,16.25,16.25,76076,0.0,0.0,0.0
2025-11-25 02:40:00+00:00,16.25,16.25,16.25,16.25,1019,0.0,0.0,0.0
2025-11-25 02:45:00+00:00,16.260000228881836,16.260000228881836,16.239999771118164,16.239999771118164,10118,0.0,0.0,0.0
2025-11-25 02:55:00+00:00,16.25,16.260000228881836,16.25,16.260000228881836,43000,0.0,0.0,0.0
2025-11-25 03:00:00+00:00,16.270000457763672,16.270000457763672,16.270000457763672,16.270000457763672,1034,0.0,0.0,0.0
2025-11-25 03:05:00+00:00,16.270000457763672,16.270000457763672,16.260000228881836,16.270000457763672,4026,0.0,0.0,0.0
2025-11-25 03:10:00+00:00,16.270000457763672,16.270000457763672,16.270000457763672,16.270000457763672,1282,0.0,0.0,0.0
2025-11-25 03:15:00+00:00,16.260000228881836,16.260000228881836,16.260000228881836,16.260000228881836,4017,0.0,0.0,0.0
2025-11-25 03:20:00+00:00,16.260000228881836,16.260000228881836,16.25,16.25,4389,0.0,0.0,0.0
2025-11-25 03:30:00+00:00,16.260000228881836,16.260000228881836,16.219999313354492,16.219999313354492,33448,0.0,0.0,0.0
2025-11-25 03:35:00+00:00,16.25,16.25,16.219999313354492,16.219999313354492,5307,0.0,0.0,0.0
2025-11-25 03:40:00+00:00,16.209999084472656,16.25,16.209999084472656,16.25,3127,0.0,0.0,0.0
2025-11-25 03:45:00+00:00,16.239999771118164,16.239999771118164,16.239999771118164,16.239999771118164,1292,0.0,0.0,0.0
2025-11-25 03:50:00+00:00,16.219999313354492,16.219999313354492,16.200000762939453,16.200000762939453,7459,0.0,0.0,0.0
2025-11-25 03:55:00+00:00,16.209999084472656,16.209999084472656,16.209999084472656,16.209999084472656,1562,0.0,0.0,0.0
2025-11-25 04:00:00+00:00,16.209999084472656,16.209999084472656,16.200000762939453,16.200000762939453,5302,0.0,0.0,0.0
2025-11-25 04:05:00+00:00,16.200000762939453,16.209999084472656,16.200000762939453,16.209999084472656,19065,0.0,0.0,0.0
2025-11-25 04:10:00+00:00,16.209999084472656,16.209999084472656,16.209999084472656,16.209999084472656,4268,0.0,0.0,0.0
2025-11-25 04:15:00+00:00,16.219999313354492,16.219999313354492,16.219999313354492,16.219999313354492,1042,0.0,0.0,0.0
2025-11-25 04:20:00+00:00,16.219999313354492,16.219999313354492,16.219999313354492,16.219999313354492,3059,0.0,0.0,0.0
2025-11-25 04:25:00+00:00,16.219999313354492,16.219999313354492,16.209999084472656,16.219999313354492,8260,0.0,0.0,0.0
2025-11-25 04:30:00+00:00,16.219999313354492,16.219999313354492,16.209999084472656,16.219999313354492,17161,0.0,0.0,0.0
2025-11-25 04:35:00+00:00,16.229999542236328,16.229999542236328,16.229999542236328,16.229999542236328,2883,0.0,0.0,0.0
2025-11-25 04:40:00+00:00,16.229999542236328,16.229999542236328,16.229999542236328,16.229999542236328,4275,0.0,0.0,0.0
2025-11-25 04:50:00+00:00,16.239999771118164,16.239999771118164,16.239999771118164,16.239999771118164,1441,0.0,0.0,0.0
2025-11-25 04:55:00+00:00,16.229999542236328,16.229999542236328,16.219999313354492,16.219999313354492,14966,0.0,0.0,0.0
2025-11-25 05:00:00+00:00,16.219999313354492,16.229999542236328,16.219999313354492,16.229999542236328,5110,0.0,0.0,0.0
2025-11-25 05:05:00+00:00,16.229999542236328,16.239999771118164,16.229999542236328,16.239999771118164,41463,0.0,0.0,0.0
2025-11-25 05:15:00+00:00,16.25,16.25,16.239999771118164,16.25,15519,0.0,0.0,0.0
2025-11-25 05:20:00+00:00,16.239999771118164,16.239999771118164,16.239999771118164,16.239999771118164,3067,0.0,0.0,0.0
2025-11-26 01:00:00+00:00,16.389999389648438,16.43000030517578,16.389999389648438,16.43000030517578,0,0.0,0.0,0.0
2025-11-26 01:05:00+00:00,16.420000076293945,16.459999084472656,16.420000076293945,16.459999084472656,95367,0.0,0.0,0.0
2025-11-26 01:10:00+00:00,16.459999084472656,16.459999084472656,16.450000762939453,16.459999084472656,6044,0.0,0.0,0.0
2025-11-26 01:15:00+00:00,16.459999084472656,16.469999313354492,16.459999084472656,16.469999313354492,59469,0.0,0.0,0.0
2025-11-26 01:20:00+00:00,16.479999542236328,16.5,16.469999313354492,16.489999771118164,41000,0.0,0.0,0.0
2025-11-26 01:25:00+00:00,16.489999771118164,16.520000457763672,16.489999771118164,16.520000457763672,46764,0.0,0.0,0.0
2025-11-26 01:30:00+00:00,16.520000457763672,16.520000457763672,16.5,16.520000457763672,17486,0.0,0.0,0.0
2025-11-26 01:35:00+00:00,16.520000457763672,16.520000457763672,16.5,16.510000228881836,22145,0.0,0.0,0.0
2025-11-26 01:40:00+00:00,16.530000686645508,16.530000686645508,16.530000686645508,16.530000686645508,12417,0.0,0.0,0.0
2025-11-26 01:45:00+00:00,16.530000686645508,16.530000686645508,16.510000228881836,16.520000457763672,10445,0.0,0.0,0.0
2025-11-26 01:50:00+00:00,16.520000457763672,16.520000457763672,16.510000228881836,16.510000228881836,12130,0.0,0.0,0.0
2025-11-26 01:55:00+00:00,16.5,16.510000228881836,16.5,16.510000228881836,21071,0.0,0.0,0.0
2025-11-26 02:00:00+00:00,16.520000457763672,16.520000457763672,16.5,16.510000228881836,10196,0.0,0.0,0.0
2025-11-26 02:05:00+00:00,16.5,16.520000457763672,16.5,16.520000457763672,22323,0.0,0.0,0.0
2025-11-26 02:10:00+00:00,16.520000457763672,16.520000457763672,16.520000457763672,16.520000457763672,5653,0.0,0.0,0.0
2025-11-26 02:15:00+00:00,16.520000457763672,16.520000457763672,16.520000457763672,16.520000457763672,3358,0.0,0.0,0.0
2025-11-26 02:20:00+00:00,16.510000228881836,16.510000228881836,16.489999771118164,16.5,25165,0.0,0.0,0.0
2025-11-26 02:25:00+00:00,16.5,16.5,16.5,16.5,4063,0.0,0.0,0.0
2025-11-26 02:30:00+00:00,16.5,16.5,16.5,16.5,7016,0.0,0.0,0.0
2025-11-26 02:35:00+00:00,16.5,16.5,16.489999771118164,16.5,18023,0.0,0.0,0.0
2025-11-26 02:40:00+00:00,16.5,16.510000228881836,16.5,16.510000228881836,20374,0.0,0.0,0.0
2025-11-26 02:45:00+00:00,16.510000228881836,16.510000228881836,16.489999771118164,16.510000228881836,13024,0.0,0.0,0.0
2025-11-26 02:50:00+00:00,16.510000228881836,16.520000457763672,16.510000228881836,16.520000457763672,12683,0.0,0.0,0.0
2025-11-26 02:55:00+00:00,16.510000228881836,16.510000228881836,16.510000228881836,16.510000228881836,1069,0.0,0.0,0.0
2025-11-26 03:00:00+00:00,16.510000228881836,16.530000686645508,16.510000228881836,16.530000686645508,90006,0.0,0.0,0.0
2025-11-26 03:05:00+00:00,16.530000686645508,16.530000686645508,16.530000686645508,16.530000686645508,5046,0.0,0.0,0.0
2025-11-26 03:10:00+00:00,16.530000686645508,16.530000686645508,16.520000457763672,16.520000457763672,3013,0.0,0.0,0.0
2025-11-26 03:15:00+00:00,16.520000457763672,16.520000457763672,16.520000457763672,16.520000457763672,4338,0.0,0.0,0.0
2025-11-26 03:20:00+00:00,16.520000457763672,16.520000457763672,16.510000228881836,16.510000228881836,5016,0.0,0.0,0.0
2025-11-26 03:30:00+00:00,16.510000228881836,16.510000228881836,16.5,16.5,14429,0.0,0.0,0.0
2025-11-26 03:35:00+00:00,16.5,16.5,16.5,16.5,6017,0.0,0.0,0.0
2025-11-26 03:40:00+00:00,16.5,16.5,16.489999771118164,16.489999771118164,8323,0.0,0.0,0.0
2025-11-26 03:45:00+00:00,16.489999771118164,16.5,16.489999771118164,16.489999771118164,8018,0.0,0.0,0.0
2025-11-26 03:50:00+00:00,16.489999771118164,16.489999771118164,16.489999771118164,16.489999771118164,2268,0.0,0.0,0.0
2025-11-26 03:55:00+00:00,16.5,16.5,16.489999771118164,16.489999771118164,26309,0.0,0.0,0.0
2025-11-26 04:00:00+00:00,16.5,16.5,16.5,16.5,35491,0.0,0.0,0.0
2025-11-26 04:05:00+00:00,16.510000228881836,16.510000228881836,16.510000228881836,16.510000228881836,1020,0.0,0.0,0.0
2025-11-26 04:10:00+00:00,16.510000228881836,16.520000457763672,16.510000228881836,16.520000457763672,15032,0.0,0.0,0.0
2025-11-26 04:15:00+00:00,16.5,16.5,16.5,16.5,7325,0.0,0.0,0.0
2025-11-26 04:20:00+00:00,16.5,16.510000228881836,16.5,16.5,6322,0.0,0.0,0.0
2025-11-26 04:25:00+00:00,16.5,16.5,16.489999771118164,16.489999771118164,2095,0.0,0.0,0.0
2025-11-26 04:30:00+00:00,16.5,16.5,16.5,16.5,2474,0.0,0.0,0.0
2025-11-26 04:35:00+00:00,16.5,16.5,16.5,16.5,2112,0.0,0.0,0.0
2025-11-26 04:40:00+00:00,16.5,16.5,16.5,16.5,1100,0.0,0.0,0.0
2025-11-26 04:45:00+00:00,16.489999771118164,16.5,16.489999771118164,16.5,11110,0.0,0.0,0.0
2025-11-26 04:50:00+00:00,16.5,16.5,16.489999771118164,16.489999771118164,4647,0.0,0.0,0.0
2025-11-26 05:00:00+00:00,16.489999771118164,16.489999771118164,16.489999771118164,16.489999771118164,8648,0.0,0.0,0.0
2025-11-26 05:05:00+00:00,16.479999542236328,16.479999542236328,16.479999542236328,16.479999542236328,2203,0.0,0.0,0.0
2025-11-26 05:10:00+00:00,16.479999542236328,16.479999542236328,16.479999542236328,16.479999542236328,11108,0.0,0.0,0.0
2025-11-26 05:15:00+00:00,16.489999771118164,16.489999771118164,16.479999542236328,16.489999771118164,80542,0.0,0.0,0.0
2025-11-26 05:20:00+00:00,16.5,16.5,16.489999771118164,16.5,68337,0.0,0.0,0.0
2025-11-27 01:00:00+00:00,16.6299991607666,16.639999389648438,16.6299991607666,16.639999389648438,0,0.0,0.0,0.0
2025-11-27 01:05:00+00:00,16.639999389648438,16.649999618530273,16.6200008392334,16.6200008392334,41211,0.0,0.0,0.0
2025-11-27 01:10:00+00:00,16.6200008392334,16.65999984741211,16.6200008392334,16.65999984741211,68566,0.0,0.0,0.0
2025-11-27 01:15:00+00:00,16.649999618530273,16.65999984741211,16.649999618530273,16.65999984741211,8507,0.0,0.0,0.0
2025-11-27 01:20:00+00:00,16.670000076293945,16.68000030517578,16.670000076293945,16.68000030517578,27322,0.0,0.0,0.0
2025-11-27 01:25:00+00:00,16.68000030517578,16.68000030517578,16.639999389648438,16.639999389648438,10328,0.0,0.0,0.0
2025-11-27 01:30:00+00:00,16.649999618530273,16.649999618530273,16.639999389648438,16.639999389648438,4365,0.0,0.0,0.0
2025-11-27 01:35:00+00:00,16.639999389648438,16.639999389648438,16.639999389648438,16.639999389648438,6068,0.0,0.0,0.0
2025-11-27 01:40:00+00:00,16.649999618530273,16.65999984741211,16.649999618530273,16.65999984741211,13047,0.0,0.0,0.0
2025-11-27 01:45:00+00:00,16.65999984741211,16.670000076293945,16.65999984741211,16.670000076293945,64121,0.0,0.0,0.0
2025-11-27 01:50:00+00:00,16.68000030517578,16.68000030517578,16.68000030517578,16.68000030517578,39071,0.0,0.0,0.0
2025-11-27 01:55:00+00:00,16.690000534057617,16.700000762939453,16.690000534057617,16.700000762939453,108535,0.0,0.0,0.0
2025-11-27 02:00:00+00:00,16.690000534057617,16.700000762939453,16.690000534057617,16.700000762939453,14257,0.0,0.0,0.0
2025-11-27 02:05:00+00:00,16.700000762939453,16.700000762939453,16.690000534057617,16.690000534057617,8941,0.0,0.0,0.0
2025-11-27 02:10:00+00:00,16.690000534057617,16.690000534057617,16.68000030517578,16.690000534057617,19617,0.0,0.0,0.0
2025-11-27 02:15:00+00:00,16.690000534057617,16.700000762939453,16.690000534057617,16.690000534057617,40806,0.0,0.0,0.0
2025-11-27 02:20:00+00:00,16.700000762939453,16.700000762939453,16.700000762939453,16.700000762939453,56442,0.0,0.0,0.0
2025-11-27 02:25:00+00:00,16.700000762939453,16.700000762939453,16.700000762939453,16.700000762939453,8061,0.0,0.0,0.0
2025-11-27 02:30:00+00:00,16.700000762939453,16.700000762939453,16.700000762939453,16.700000762939453,1391,0.0,0.0,0.0
2025-11-27 02:40:00+00:00,16.700000762939453,16.700000762939453,16.68000030517578,16.68000030517578,9041,0.0,0.0,0.0
2025-11-27 02:45:00+00:00,16.68000030517578,16.68000030517578,16.68000030517578,16.68000030517578,30062,0.0,0.0,0.0
2025-11-27 02:50:00+00:00,16.68000030517578,16.68000030517578,16.670000076293945,16.670000076293945,5086,0.0,0.0,0.0
2025-11-27 02:55:00+00:00,16.670000076293945,16.670000076293945,16.649999618530273,16.65999984741211,10536,0.0,0.0,0.0
2025-11-27 03:00:00+00:00,16.65999984741211,16.65999984741211,16.65999984741211,16.65999984741211,1028,0.0,0.0,0.0
2025-11-27 03:05:00+00:00,16.649999618530273,16.649999618530273,16.639999389648438,16.639999389648438,9090,0.0,0.0,0.0
2025-11-27 03:10:00+00:00,16.649999618530273,16.649999618530273,16.649999618530273,16.649999618530273,1066,0.0,0.0,0.0
2025-11-27 03:15:00+00:00,16.649999618530273,16.649999618530273,16.649999618530273,16.649999618530273,3016,0.0,0.0,0.0
2025-11-27 03:20:00+00:00,16.65999984741211,16.65999984741211,16.649999618530273,16.649999618530273,2329,0.0,0.0,0.0
2025-11-27 03:25:00+00:00,16.649999618530273,16.649999618530273,16.639999389648438,16.639999389648438,52028,0.0,0.0,0.0
2025-11-27 03:30:00+00:00,16.6299991607666,16.6299991607666,16.6299991607666,16.6299991607666,6424,0.0,0.0,0.0
2025-11-27 03:35:00+00:00,16.6299991607666,16.6299991607666,16.6200008392334,16.6200008392334,104032,0.0,0.0,0.0
2025-11-27 03:40:00+00:00,16.6299991607666,16.6299991607666,16.6200008392334,16.6299991607666,5157,0.0,0.0,0.0
2025-11-27 03:45:00+00:00,16.6299991607666,16.6299991607666,16.6299991607666,16.6299991607666,3071,0.0,0.0,0.0
2025-11-27 03:50:00+00:00,16.6299991607666,16.6299991607666,16.6200008392334,16.6200008392334,5865,0.0,0.0,0.0
2025-11-27 03:55:00+00:00,16.6299991607666,16.6299991607666,16.6299991607666,16.6299991607666,6578,0.0,0.0,0.0
2025-11-27 04:00:00+00:00,16.6299991607666,16.6299991607666,16.6299991607666,16.6299991607666,1028,0.0,0.0,0.0
2025-11-27 04:05:00+00:00,16.6299991607666,16.6299991607666,16.6299991607666,16.6299991607666,1048,0.0,0.0,0.0
2025-11-27 04:10:00+00:00,16.6200008392334,16.6200008392334,16.6200008392334,16.6200008392334,4370,0.0,0.0,0.0
2025-11-27 04:20:00+00:00,16.610000610351562,16.610000610351562,16.600000381469727,16.600000381469727,12608,0.0,0.0,0.0
2025-11-27 04:25:00+00:00,16.600000381469727,16.600000381469727,16.59000015258789,16.59000015258789,6074,0.0,0.0,0.0
2025-11-27 04:30:00+00:00,16.600000381469727,16.600000381469727,16.59000015258789,16.600000381469727,6043,0.0,0.0,0.0
2025-11-27 04:35:00+00:00,16.59000015258789,16.600000381469727,16.59000015258789,16.600000381469727,11144,0.0,0.0,0.0
2025-11-27 04:40:00+00:00,16.600000381469727,16.610000610351562,16.600000381469727,16.610000610351562,4020,0.0,0.0,0.0
2025-11-27 04:45:00+00:00,16.600000381469727,16.600000381469727,16.600000381469727,16.600000381469727,16020,0.0,0.0,0.0
2025-11-27 04:50:00+00:00,16.610000610351562,16.6200008392334,16.610000610351562,16.6200008392334,33888,0.0,0.0,0.0
2025-11-27 04:55:00+00:00,16.6299991607666,16.6299991607666,16.6299991607666,16.6299991607666,8884,0.0,0.0,0.0
2025-11-27 05:00:00+00:00,16.6299991607666,16.6299991607666,16.6299991607666,16.6299991607666,2399,0.0,0.0,0.0
2025-11-27 05:05:00+00:00,16.6299991607666,16.639999389648438,16.6299991607666,16.639999389648438,12369,0.0,0.0,0.0
2025-11-27 05:10:00+00:00,16.639999389648438,16.639999389648438,16.639999389648438,16.639999389648438,3000,0.0,0.0,0.0
2025-11-27 05:15:00+00:00,16.649999618530273,16.649999618530273,16.639999389648438,16.639999389648438,11129,0.0,0.0,0.0
2025-11-27 05:20:00+00:00,16.639999389648438,16.649999618530273,16.639999389648438,16.649999618530273,39773,0.0,0.0,0.0
2025-11-28 01:00:00+00:00,16.65999984741211,16.700000762939453,16.65999984741211,16.700000762939453,0,0.0,0.0,0.0
2025-11-28 01:05:00+00:00,16.690000534057617,16.700000762939453,16.690000534057617,16.700000762939453,42394,0.0,0.0,0.0
2025-11-28 01:10:00+00:00,16.700000762939453,16.700000762939453,16.68000030517578,16.68000030517578,170582,0.0,0.0,0.0
2025-11-28 01:15:00+00:00,16.68000030517578,16.68000030517578,16.68000030517578,16.68000030517578,16363,0.0,0.0,0.0
2025-11-28 01:20:00+00:00,16.690000534057617,16.700000762939453,16.690000534057617,16.690000534057617,6097,0.0,0.0,0.0
2025-11-28 01:25:00+00:00,16.700000762939453,16.700000762939453,16.690000534057617,16.700000762939453,6244,0.0,0.0,0.0
2025-11-28 01:30:00+00:00,16.700000762939453,16.700000762939453,16.690000534057617,16.690000534057617,14800,0.0,0.0,0.0
2025-11-28 01:35:00+00:00,16.690000534057617,16.690000534057617,16.670000076293945,16.670000076293945,19034,0.0,0.0,0.0
2025-11-28 01:40:00+00:00,16.68000030517578,16.68000030517578,16.670000076293945,16.68000030517578,14775,0.0,0.0,0.0
2025-11-28 01:45:00+00:00,16.68000030517578,16.68000030517578,16.649999618530273,16.65999984741211,20144,0.0,0.0,0.0
2025-11-28 01:50:00+00:00,16.670000076293945,16.670000076293945,16.670000076293945,16.670000076293945,7180,0.0,0.0,0.0
2025-11-28 01:55:00+00:00,16.68000030517578,16.690000534057617,16.68000030517578,16.690000534057617,33568,0.0,0.0,0.0
2025-11-28 02:00:00+00:00,16.690000534057617,16.700000762939453,16.690000534057617,16.690000534057617,29532,0.0,0.0,0.0
2025-11-28 02:05:00+00:00,16.690000534057617,16.709999084472656,16.690000534057617,16.709999084472656,88214,0.0,0.0,0.0
2025-11-28 02:10:00+00:00,16.709999084472656,16.719999313354492,16.709999084472656,16.719999313354492,43264,0.0,0.0,0.0
2025-11-28 02:15:00+00:00,16.719999313354492,16.739999771118164,16.719999313354492,16.739999771118164,34565,0.0,0.0,0.0
2025-11-28 02:20:00+00:00,16.739999771118164,16.739999771118164,16.719999313354492,16.719999313354492,46472,0.0,0.0,0.0
2025-11-28 02:25:00+00:00,16.729999542236328,16.729999542236328,16.729999542236328,16.729999542236328,1631,0.0,0.0,0.0
2025-11-28 02:35:00+00:00,16.719999313354492,16.719999313354492,16.719999313354492,16.719999313354492,2322,0.0,0.0,0.0
2025-11-28 02:40:00+00:00,16.709999084472656,16.709999084472656,16.709999084472656,16.709999084472656,1035,0.0,0.0,0.0
2025-11-28 02:45:00+00:00,16.719999313354492,16.719999313354492,16.719999313354492,16.719999313354492,7817,0.0,0.0,0.0
2025-11-28 02:50:00+00:00,16.729999542236328,16.729999542236328,16.729999542236328,16.729999542236328,24154,0.0,0.0,0.0
2025-11-28 02:55:00+00:00,16.729999542236328,16.739999771118164,16.729999542236328,16.739999771118164,62623,0.0,0.0,0.0
2025-11-28 03:00:00+00:00,16.739999771118164,16.739999771118164,16.739999771118164,16.739999771118164,3390,0.0,0.0,0.0
2025-11-28 03:05:00+00:00,16.739999771118164,16.739999771118164,16.739999771118164,16.739999771118164,6066,0.0,0.0,0.0
2025-11-28 03:10:00+00:00,16.739999771118164,16.739999771118164,16.729999542236328,16.729999542236328,4035,0.0,0.0,0.0
2025-11-28 03:15:00+00:00,16.739999771118164,16.739999771118164,16.739999771118164,16.739999771118164,25093,0.0,0.0,0.0
2025-11-28 03:20:00+00:00,16.75,16.75,16.739999771118164,16.75,11640,0.0,0.0,0.0
2025-11-28 03:25:00+00:00,16.75,16.75,16.75,16.75,1339,0.0,0.0,0.0
2025-11-28 03:30:00+00:00,16.75,16.75,16.75,16.75,33116,0.0,0.0,0.0
2025-11-28 03:35:00+00:00,16.75,16.75,16.75,16.75,25316,0.0,0.0,0.0
2025-11-28 03:40:00+00:00,16.75,16.75,16.75,16.75,6086,0.0,0.0,0.0
2025-11-28 03:45:00+00:00,16.75,16.75,16.75,16.75,32942,0.0,0.0,0.0
2025-11-28 03:50:00+00:00,16.760000228881836,16.770000457763672,16.760000228881836,16.770000457763672,95982,0.0,0.0,0.0
2025-11-28 03:55:00+00:00,16.770000457763672,16.770000457763672,16.770000457763672,16.770000457763672,3119,0.0,0.0,0.0
2025-11-28 04:00:00+00:00,16.75,16.770000457763672,16.75,16.75,4596,0.0,0.0,0.0
2025-11-28 04:10:00+00:00,16.75,16.75,16.75,16.75,3231,0.0,0.0,0.0
2025-11-28 04:15:00+00:00,16.75,16.75,16.75,16.75,7000,0.0,0.0,0.0
2025-11-28 04:20:00+00:00,16.75,16.75,16.75,16.75,5097,0.0,0.0,0.0
2025-11-28 04:25:00+00:00,16.760000228881836,16.770000457763672,16.760000228881836,16.770000457763672,15664,0.0,0.0,0.0
2025-11-28 04:30:00+00:00,16.770000457763672,16.770000457763672,16.760000228881836,16.760000228881836,8344,0.0,0.0,0.0
2025-11-28 04:35:00+00:00,16.75,16.75,16.75,16.75,4039,0.0,0.0,0.0
2025-11-28 04:40:00+00:00,16.739999771118164,16.75,16.739999771118164,16.75,38970,0.0,0.0,0.0
2025-11-28 04:50:00+00:00,16.75,16.760000228881836,16.75,16.760000228881836,3105,0.0,0.0,0.0
2025-11-28 04:55:00+00:00,16.760000228881836,16.760000228881836,16.75,16.75,92310,0.0,0.0,0.0
2025-11-28 05:00:00+00:00,16.760000228881836,16.770000457763672,16.760000228881836,16.770000457763672,35640,0.0,0.0,0.0
2025-11-28 05:05:00+00:00,16.770000457763672,16.770000457763672,16.770000457763672,16.770000457763672,7229,0.0,0.0,0.0
2025-11-28 05:10:00+00:00,16.760000228881836,16.760000228881836,16.760000228881836,16.760000228881836,73653,0.0,0.0,0.0
2025-11-28 05:15:00+00:00,16.760000228881836,16.760000228881836,16.75,16.760000228881836,116594,0.0,0.0,0.0
2025-11-28 05:20:00+00:00,16.75,16.760000228881836,16.75,16.760000228881836,18762,0.0,0.0,0.0
2025-12-01 01:00:00+00:00,16.700000762939453,16.700000762939453,16.670000076293945,16.670000076293945,0,0.0,0.0,0.0
2025-12-01 01:05:00+00:00,16.690000534057617,16.700000762939453,16.68000030517578,16.68000030517578,87608,0.0,0.0,0.0
2025-12-01 01:10:00+00:00,16.68000030517578,16.68000030517578,16.610000610351562,16.610000610351562,39334,0.0,0.0,0.0
2025-12-01 01:15:00+00:00,16.6200008392334,16.6299991607666,16.610000610351562,16.6299991607666,103514,0.0,0.0,0.0
2025-12-01 01:20:00+00:00,16.6299991607666,16.6299991607666,16.6200008392334,16.6200008392334,8413,0.0,0.0,0.0
2025-12-01 01:25:00+00:00,16.6299991607666,16.6299991607666,16.610000610351562,16.610000610351562,11340,0.0,0.0,0.0
2025-12-01 01:30:00+00:00,16.6200008392334,16.6200008392334,16.600000381469727,16.610000610351562,17148,0.0,0.0,0.0
2025-12-01 01:35:00+00:00,16.610000610351562,16.6200008392334,16.600000381469727,16.610000610351562,15903,0.0,0.0,0.0
2025-12-01 01:40:00+00:00,16.6200008392334,16.6299991607666,16.6200008392334,16.6299991607666,106023,0.0,0.0,0.0
2025-12-01 01:45:00+00:00,16.6299991607666,16.670000076293945,16.6299991607666,16.670000076293945,7420,0.0,0.0,0.0
2025-12-01 01:50:00+00:00,16.670000076293945,16.670000076293945,16.649999618530273,16.649999618530273,10587,0.0,0.0,0.0
2025-12-01 01:55:00+00:00,16.649999618530273,16.65999984741211,16.639999389648438,16.65999984741211,12268,0.0,0.0,0.0
2025-12-01 02:00:00+00:00,16.649999618530273,16.65999984741211,16.649999618530273,16.65999984741211,5308,0.0,0.0,0.0
2025-12-01 02:05:00+00:00,16.639999389648438,16.639999389648438,16.639999389648438,16.639999389648438,9684,0.0,0.0,0.0
2025-12-01 02:10:00+00:00,16.639999389648438,16.639999389648438,16.6200008392334,16.6200008392334,16474,0.0,0.0,0.0
2025-12-01 02:15:00+00:00,16.6299991607666,16.6299991607666,16.59000015258789,16.59000015258789,59656,0.0,0.0,0.0
2025-12-01 02:20:00+00:00,16.59000015258789,16.610000610351562,16.579999923706055,16.610000610351562,15672,0.0,0.0,0.0
2025-12-01 02:25:00+00:00,16.600000381469727,16.600000381469727,16.59000015258789,16.59000015258789,16133,0.0,0.0,0.0
2025-12-01 02:30:00+00:00,16.59000015258789,16.59000015258789,16.59000015258789,16.59000015258789,11401,0.0,0.0,0.0
2025-12-01 02:35:00+00:00,16.59000015258789,16.59000015258789,16.579999923706055,16.59000015258789,13999,0.0,0.0,0.0
2025-12-01 02:40:00+00:00,16.59000015258789,16.600000381469727,16.59000015258789,16.600000381469727,6286,0.0,0.0,0.0
2025-12-01 02:45:00+00:00,16.600000381469727,16.600000381469727,16.600000381469727,16.600000381469727,7244,0.0,0.0,0.0
2025-12-01 02:50:00+00:00,16.600000381469727,16.600000381469727,16.600000381469727,16.600000381469727,10329,0.0,0.0,0.0
2025-12-01 02:55:00+00:00,16.610000610351562,16.610000610351562,16.610000610351562,16.610000610351562,2018,0.0,0.0,0.0
2025-12-01 03:00:00+00:00,16.610000610351562,16.610000610351562,16.610000610351562,16.610000610351562,2661,0.0,0.0,0.0
2025-12-01 03:05:00+00:00,16.610000610351562,16.6200008392334,16.59000015258789,16.600000381469727,24410,0.0,0.0,0.0
2025-12-01 03:10:00+00:00,16.600000381469727,16.600000381469727,16.59000015258789,16.600000381469727,4402,0.0,0.0,0.0
2025-12-01 03:15:00+00:00,16.6200008392334,16.6200008392334,16.600000381469727,16.610000610351562,6754,0.0,0.0,0.0
2025-12-01 03:20:00+00:00,16.610000610351562,16.610000610351562,16.610000610351562,16.610000610351562,1024,0.0,0.0,0.0
2025-12-01 03:25:00+00:00,16.610000610351562,16.610000610351562,16.600000381469727,16.610000610351562,5100,0.0,0.0,0.0
2025-12-01 03:30:00+00:00,16.610000610351562,16.610000610351562,16.610000610351562,16.610000610351562,3726,0.0,0.0,0.0
2025-12-01 03:35:00+00:00,16.610000610351562,16.610000610351562,16.600000381469727,16.600000381469727,2922,0.0,0.0,0.0
2025-12-01 03:40:00+00:00,16.59000015258789,16.600000381469727,16.59000015258789,16.59000015258789,4016,0.0,0.0,0.0
2025-12-01 03:45:00+00:00,16.59000015258789,16.610000610351562,16.59000015258789,16.610000610351562,7016,0.0,0.0,0.0
2025-12-01 03:50:00+00:00,16.610000610351562,16.610000610351562,16.59000015258789,16.600000381469727,3423,0.0,0.0,0.0
2025-12-01 03:55:00+00:00,16.600000381469727,16.600000381469727,16.600000381469727,16.600000381469727,5275,0.0,0.0,0.0
2025-12-01 04:00:00+00:00,16.600000381469727,16.610000610351562,16.600000381469727,16.610000610351562,4091,0.0,0.0,0.0
2025-12-01 04:05:00+00:00,16.600000381469727,16.610000610351562,16.600000381469727,16.600000381469727,14490,0.0,0.0,0.0
2025-12-01 04:10:00+00:00,16.59000015258789,16.600000381469727,16.59000015258789,16.600000381469727,3295,0.0,0.0,0.0
2025-12-01 04:15:00+00:00,16.600000381469727,16.600000381469727,16.59000015258789,16.59000015258789,7891,0.0,0.0,0.0
2025-12-01 04:20:00+00:00,16.600000381469727,16.600000381469727,16.600000381469727,16.600000381469727,1440,0.0,0.0,0.0
2025-12-01 04:25:00+00:00,16.59000015258789,16.600000381469727,16.59000015258789,16.600000381469727,3151,0.0,0.0,0.0
2025-12-01 04:30:00+00:00,16.600000381469727,16.600000381469727,16.59000015258789,16.59000015258789,5012,0.0,0.0,0.0
2025-12-01 04:35:00+00:00,16.600000381469727,16.600000381469727,16.579999923706055,16.579999923706055,101875,0.0,0.0,0.0
2025-12-01 04:40:00+00:00,16.59000015258789,16.59000015258789,16.579999923706055,16.579999923706055,71201,0.0,0.0,0.0
2025-12-01 04:45:00+00:00,16.579999923706055,16.579999923706055,16.579999923706055,16.579999923706055,6561,0.0,0.0,0.0
2025-12-01 04:50:00+00:00,16.579999923706055,16.579999923706055,16.579999923706055,16.579999923706055,1000,0.0,0.0,0.0
2025-12-01 04:55:00+00:00,16.579999923706055,16.579999923706055,16.56999969482422,16.579999923706055,66528,0.0,0.0,0.0
2025-12-01 05:00:00+00:00,16.59000015258789,16.59000015258789,16.59000015258789,16.59000015258789,1000,0.0,0.0,0.0
2025-12-01 05:05:00+00:00,16.59000015258789,16.59000015258789,16.579999923706055,16.579999923706055,16025,0.0,0.0,0.0
2025-12-01 05:10:00+00:00,16.579999923706055,16.579999923706055,16.56999969482422,16.56999969482422,17843,0.0,0.0,0.0
2025-12-01 05:15:00+00:00,16.579999923706055,16.579999923706055,16.559999465942383,16.559999465942383,57186,0.0,0.0,0.0
2025-12-01 05:20:00+00:00,16.559999465942383,16.559999465942383,16.559999465942383,16.559999465942383,11140,0.0,0.0,0.0
2025-12-02 01:00:00+00:00,16.670000076293945,16.700000762939453,16.670000076293945,16.700000762939453,0,0.0,0.0,0.0
2025-12-02 01:05:00+00:00,16.690000534057617,16.700000762939453,16.690000534057617,16.700000762939453,19448,0.0,0.0,0.0
2025-12-02 01:10:00+00:00,16.690000534057617,16.719999313354492,16.690000534057617,16.719999313354492,48180,0.0,0.0,0.0
2025-12-02 01:15:00+00:00,16.719999313354492,16.729999542236328,16.719999313354492,16.719999313354492,7953,0.0,0.0,0.0
2025-12-02 01:20:00+00:00,16.729999542236328,16.729999542236328,16.700000762939453,16.709999084472656,31255,0.0,0.0,0.0
2025-12-02 01:25:00+00:00,16.709999084472656,16.719999313354492,16.709999084472656,16.719999313354492,22504,0.0,0.0,0.0
2025-12-02 01:30:00+00:00,16.729999542236328,16.729999542236328,16.729999542236328,16.729999542236328,13409,0.0,0.0,0.0
2025-12-02 01:35:00+00:00,16.709999084472656,16.709999084472656,16.709999084472656,16.709999084472656,5028,0.0,0.0,0.0
2025-12-02 01:40:00+00:00,16.709999084472656,16.709999084472656,16.68000030517578,16.68000030517578,9187,0.0,0.0,0.0
2025-12-02 01:45:00+00:00,16.68000030517578,16.68000030517578,16.68000030517578,16.68000030517578,8028,0.0,0.0,0.0
2025-12-02 01:50:00+00:00,16.65999984741211,16.68000030517578,16.65999984741211,16.68000030517578,54370,0.0,0.0,0.0
2025-12-02 02:00:00+00:00,16.68000030517578,16.68000030517578,16.65999984741211,16.65999984741211,9363,0.0,0.0,0.0
2025-12-02 02:05:00+00:00,16.649999618530273,16.649999618530273,16.649999618530273,16.649999618530273,1027,0.0,0.0,0.0
2025-12-02 02:10:00+00:00,16.649999618530273,16.649999618530273,16.649999618530273,16.649999618530273,2137,0.0,0.0,0.0
2025-12-02 02:15:00+00:00,16.649999618530273,16.649999618530273,16.649999618530273,16.649999618530273,46027,0.0,0.0,0.0
2025-12-02 02:20:00+00:00,16.649999618530273,16.649999618530273,16.649999618530273,16.649999618530273,9029,0.0,0.0,0.0
2025-12-02 02:25:00+00:00,16.639999389648438,16.639999389648438,16.639999389648438,16.639999389648438,4064,0.0,0.0,0.0
2025-12-02 02:30:00+00:00,16.639999389648438,16.639999389648438,16.639999389648438,16.639999389648438,2607,0.0,0.0,0.0
2025-12-02 02:35:00+00:00,16.6299991607666,16.6299991607666,16.6200008392334,16.6200008392334,7228,0.0,0.0,0.0
2025-12-02 02:40:00+00:00,16.6200008392334,16.639999389648438,16.6200008392334,16.639999389648438,13018,0.0,0.0,0.0
2025-12-02 02:45:00+00:00,16.649999618530273,16.65999984741211,16.639999389648438,16.639999389648438,17194,0.0,0.0,0.0
2025-12-02 02:50:00+00:00,16.639999389648438,16.639999389648438,16.6299991607666,16.639999389648438,26165,0.0,0.0,0.0
2025-12-02 03:00:00+00:00,16.649999618530273,16.649999618530273,16.649999618530273,16.649999618530273,1060,0.0,0.0,0.0
2025-12-02 03:05:00+00:00,16.649999618530273,16.649999618530273,16.649999618530273,16.649999618530273,5125,0.0,0.0,0.0
2025-12-02 03:10:00+00:00,16.649999618530273,16.649999618530273,16.649999618530273,16.649999618530273,243067,0.0,0.0,0.0
2025-12-02 03:15:00+00:00,16.639999389648438,16.639999389648438,16.6299991607666,16.6299991607666,7147,0.0,0.0,0.0
2025-12-02 03:20:00+00:00,16.6299991607666,16.6299991607666,16.6299991607666,16.6299991607666,1185,0.0,0.0,0.0
2025-12-02 03:30:00+00:00,16.6200008392334,16.6200008392334,16.6200008392334,16.6200008392334,2212,0.0,0.0,0.0
2025-12-02 03:55:00+00:00,16.6200008392334,16.6200008392334,16.610000610351562,16.610000610351562,2004,0.0,0.0,0.0
2025-12-02 04:00:00+00:00,16.6200008392334,16.6200008392334,16.6200008392334,16.6200008392334,3226,0.0,0.0,0.0
2025-12-02 04:05:00+00:00,16.6200008392334,16.6200008392334,16.610000610351562,16.610000610351562,15909,0.0,0.0,0.0
2025-12-02 04:15:00+00:00,16.600000381469727,16.600000381469727,16.59000015258789,16.59000015258789,7250,0.0,0.0,0.0
2025-12-02 04:20:00+00:00,16.600000381469727,16.600000381469727,16.59000015258789,16.600000381469727,7123,0.0,0.0,0.0
2025-12-02 04:25:00+00:00,16.600000381469727,16.600000381469727,16.600000381469727,16.600000381469727,2274,0.0,0.0,0.0
2025-12-02 04:30:00+00:00,16.610000610351562,16.610000610351562,16.610000610351562,16.610000610351562,1824,0.0,0.0,0.0
2025-12-02 04:35:00+00:00,16.600000381469727,16.600000381469727,16.600000381469727,16.600000381469727,2050,0.0,0.0,0.0
2025-12-02 04:40:00+00:00,16.59000015258789,16.59000015258789,16.59000015258789,16.59000015258789,5070,0.0,0.0,0.0
2025-12-02 04:45:00+00:00,16.59000015258789,16.59000015258789,16.59000015258789,16.59000015258789,1140,0.0,0.0,0.0
2025-12-02 04:50:00+00:00,16.59000015258789,16.59000015258789,16.59000015258789,16.59000015258789,2000,0.0,0.0,0.0
2025-12-02 04:55:00+00:00,16.59000015258789,16.59000015258789,16.59000015258789,16.59000015258789,2764,0.0,0.0,0.0
2025-12-02 05:00:00+00:00,16.59000015258789,16.59000015258789,16.579999923706055,16.579999923706055,29471,0.0,0.0,0.0
2025-12-02 05:05:00+00:00,16.59000015258789,16.59000015258789,16.59000015258789,16.59000015258789,1221,0.0,0.0,0.0
2025-12-02 05:10:00+00:00,16.59000015258789,16.59000015258789,16.59000015258789,16.59000015258789,2002,0.0,0.0,0.0
2025-12-02 05:15:00+00:00,16.59000015258789,16.59000015258789,16.579999923706055,16.579999923706055,4087,0.0,0.0,0.0
2025-12-02 05:20:00+00:00,16.579999923706055,16.579999923706055,16.579999923706055,16.579999923706055,19521,0.0,0.0,0.0
2025-12-03 01:00:00+00:00,16.739999771118164,16.739999771118164,16.739999771118164,16.739999771118164,0,0.0,0.0,0.0
2025-12-03 01:05:00+00:00,16.739999771118164,16.739999771118164,16.729999542236328,16.729999542236328,7198,0.0,0.0,0.0
2025-12-03 01:10:00+00:00,16.739999771118164,16.739999771118164,16.729999542236328,16.729999542236328,9596,0.0,0.0,0.0
2025-12-03 01:15:00+00:00,16.729999542236328,16.729999542236328,16.729999542236328,16.729999542236328,3704,0.0,0.0,0.0
2025-12-03 01:20:00+00:00,16.729999542236328,16.729999542236328,16.729999542236328,16.729999542236328,1071,0.0,0.0,0.0
2025-12-03 01:25:00+00:00,16.719999313354492,16.719999313354492,16.709999084472656,16.709999084472656,3331,0.0,0.0,0.0
2025-12-03 01:30:00+00:00,16.709999084472656,16.709999084472656,16.690000534057617,16.690000534057617,11929,0.0,0.0,0.0
2025-12-03 01:35:00+00:00,16.709999084472656,16.709999084472656,16.700000762939453,16.700000762939453,18125,0.0,0.0,0.0
2025-12-03 01:40:00+00:00,16.690000534057617,16.690000534057617,16.690000534057617,16.690000534057617,30031,0.0,0.0,0.0
2025-12-03 01:45:00+00:00,16.700000762939453,16.700000762939453,16.690000534057617,16.690000534057617,13156,0.0,0.0,0.0
2025-12-03 01:50:00+00:00,16.690000534057617,16.690000534057617,16.690000534057617,16.690000534057617,11045,0.0,0.0,0.0
2025-12-03 01:55:00+00:00,16.690000534057617,16.700000762939453,16.690000534057617,16.700000762939453,9104,0.0,0.0,0.0
2025-12-03 02:00:00+00:00,16.700000762939453,16.709999084472656,16.690000534057617,16.690000534057617,26134,0.0,0.0,0.0
2025-12-03 02:05:00+00:00,16.690000534057617,16.690000534057617,16.690000534057617,16.690000534057617,4325,0.0,0.0,0.0
2025-12-03 02:10:00+00:00,16.700000762939453,16.719999313354492,16.700000762939453,16.719999313354492,55106,0.0,0.0,0.0
2025-12-03 02:15:00+00:00,16.729999542236328,16.729999542236328,16.729999542236328,16.729999542236328,3210,0.0,0.0,0.0
2025-12-03 02:20:00+00:00,16.729999542236328,16.729999542236328,16.719999313354492,16.729999542236328,13165,0.0,0.0,0.0
2025-12-03 02:25:00+00:00,16.729999542236328,16.729999542236328,16.709999084472656,16.709999084472656,5075,0.0,0.0,0.0
2025-12-03 02:30:00+00:00,16.709999084472656,16.729999542236328,16.690000534057617,16.690000534057617,15197,0.0,0.0,0.0
2025-12-03 02:35:00+00:00,16.690000534057617,16.690000534057617,16.690000534057617,16.690000534057617,2503,0.0,0.0,0.0
2025-12-03 02:45:00+00:00,16.690000534057617,16.700000762939453,16.670000076293945,16.670000076293945,6164,0.0,0.0,0.0
2025-12-03 02:50:00+00:00,16.670000076293945,16.68000030517578,16.670000076293945,16.68000030517578,17644,0.0,0.0,0.0
2025-12-03 02:55:00+00:00,16.670000076293945,16.670000076293945,16.670000076293945,16.670000076293945,1021,0.0,0.0,0.0
2025-12-03 03:00:00+00:00,16.65999984741211,16.65999984741211,16.649999618530273,16.649999618530273,21681,0.0,0.0,0.0
2025-12-03 03:05:00+00:00,16.65999984741211,16.65999984741211,16.639999389648438,16.639999389648438,7117,0.0,0.0,0.0
2025-12-03 03:10:00+00:00,16.649999618530273,16.649999618530273,16.649999618530273,16.649999618530273,4025,0.0,0.0,0.0
2025-12-03 03:15:00+00:00,16.65999984741211,16.670000076293945,16.65999984741211,16.670000076293945,56035,0.0,0.0,0.0
2025-12-03 03:20:00+00:00,16.670000076293945,16.670000076293945,16.670000076293945,16.670000076293945,3043,0.0,0.0,0.0
2025-12-03 03:30:00+00:00,16.670000076293945,16.670000076293945,16.670000076293945,16.670000076293945,11331,0.0,0.0,0.0
2025-12-03 03:35:00+00:00,16.65999984741211,16.65999984741211,16.65999984741211,16.65999984741211,1104,0.0,0.0,0.0
2025-12-03 03:40:00+00:00,16.68000030517578,16.68000030517578,16.68000030517578,16.68000030517578,1011,0.0,0.0,0.0
2025-12-03 03:45:00+00:00,16.670000076293945,16.670000076293945,16.670000076293945,16.670000076293945,4014,0.0,0.0,0.0
2025-12-03 03:50:00+00:00,16.68000030517578,16.68000030517578,16.68000030517578,16.68000030517578,1024,0.0,0.0,0.0
2025-12-03 03:55:00+00:00,16.68000030517578,16.68000030517578,16.68000030517578,16.68000030517578,1948,0.0,0.0,0.0
2025-12-03 04:05:00+00:00,16.68000030517578,16.68000030517578,16.68000030517578,16.68000030517578,14039,0.0,0.0,0.0
2025-12-03 04:10:00+00:00,16.68000030517578,16.68000030517578,16.68000030517578,16.68000030517578,3011,0.0,0.0,0.0
2025-12-03 04:15:00+00:00,16.68000030517578,16.690000534057617,16.68000030517578,16.68000030517578,9083,0.0,0.0,0.0
2025-12-03 04:20:00+00:00,16.68000030517578,16.68000030517578,16.68000030517578,16.68000030517578,22124,0.0,0.0,0.0
2025-12-03 04:25:00+00:00,16.690000534057617,16.690000534057617,16.68000030517578,16.68000030517578,12030,0.0,0.0,0.0
2025-12-03 04:30:00+00:00,16.690000534057617,16.690000534057617,16.690000534057617,16.690000534057617,1226,0.0,0.0,0.0
2025-12-03 04:35:00+00:00,16.68000030517578,16.68000030517578,16.68000030517578,16.68000030517578,2990,0.0,0.0,0.0
2025-12-03 04:45:00+00:00,16.68000030517578,16.690000534057617,16.68000030517578,16.690000534057617,3292,0.0,0.0,0.0
2025-12-03 04:55:00+00:00,16.690000534057617,16.690000534057617,16.690000534057617,16.690000534057617,1897,0.0,0.0,0.0
2025-12-03 05:00:00+00:00,16.670000076293945,16.68000030517578,16.670000076293945,16.68000030517578,4180,0.0,0.0,0.0
2025-12-03 05:05:00+00:00,16.670000076293945,16.670000076293945,16.670000076293945,16.670000076293945,3391,0.0,0.0,0.0
2025-12-03 05:10:00+00:00,16.670000076293945,16.670000076293945,16.670000076293945,16.670000076293945,2000,0.0,0.0,0.0
2025-12-03 05:15:00+00:00,16.68000030517578,16.68000030517578,16.670000076293945,16.670000076293945,10081,0.0,0.0,0.0
2025-12-03 05:20:00+00:00,16.670000076293945,16.670000076293945,16.65999984741211,16.670000076293945,18994,0.0,0.0,0.0
2025-12-04 01:00:00+00:00,16.700000762939453,16.700000762939453,16.690000534057617,16.690000534057617,0,0.0,0.0,0.0
2025-12-04 01:05:00+00:00,16.709999084472656,16.709999084472656,16.700000762939453,16.709999084472656,64167,0.0,0.0,0.0
2025-12-04 01:10:00+00:00,16.709999084472656,16.729999542236328,16.709999084472656,16.729999542236328,68510,0.0,0.0,0.0
2025-12-04 01:15:00+00:00,16.739999771118164,16.75,16.739999771118164,16.75,67019,0.0,0.0,0.0
2025-12-04 01:20:00+00:00,16.75,16.75,16.739999771118164,16.739999771118164,21489,0.0,0.0,0.0
2025-12-04 01:25:00+00:00,16.75,16.75,16.739999771118164,16.739999771118164,5006,0.0,0.0,0.0
2025-12-04 01:30:00+00:00,16.75,16.75,16.729999542236328,16.729999542236328,50047,0.0,0.0,0.0
2025-12-04 01:35:00+00:00,16.729999542236328,16.729999542236328,16.729999542236328,16.729999542236328,2057,0.0,0.0,0.0
2025-12-04 01:40:00+00:00,16.729999542236328,16.729999542236328,16.729999542236328,16.729999542236328,1191,0.0,0.0,0.0
2025-12-04 01:45:00+00:00,16.729999542236328,16.729999542236328,16.719999313354492,16.719999313354492,26159,0.0,0.0,0.0
2025-12-04 01:50:00+00:00,16.709999084472656,16.709999084472656,16.700000762939453,16.700000762939453,7954,0.0,0.0,0.0
2025-12-04 01:55:00+00:00,16.709999084472656,16.709999084472656,16.700000762939453,16.700000762939453,5088,0.0,0.0,0.0
2025-12-04 02:00:00+00:00,16.700000762939453,16.700000762939453,16.700000762939453,16.700000762939453,2019,0.0,0.0,0.0
2025-12-04 02:05:00+00:00,16.690000534057617,16.690000534057617,16.690000534057617,16.690000534057617,6356,0.0,0.0,0.0
2025-12-04 02:10:00+00:00,16.690000534057617,16.690000534057617,16.690000534057617,16.690000534057617,2000,0.0,0.0,0.0
2025-12-04 02:15:00+00:00,16.690000534057617,16.690000534057617,16.68000030517578,16.690000534057617,4440,0.0,0.0,0.0
2025-12-04 02:30:00+00:00,16.68000030517578,16.690000534057617,16.68000030517578,16.690000534057617,21295,0.0,0.0,0.0
2025-12-04 02:35:00+00:00,16.690000534057617,16.690000534057617,16.690000534057617,16.690000534057617,1028,0.0,0.0,0.0
2025-12-04 02:45:00+00:00,16.690000534057617,16.690000534057617,16.68000030517578,16.690000534057617,3069,0.0,0.0,0.0
2025-12-04 02:55:00+00:00,16.700000762939453,16.700000762939453,16.700000762939453,16.700000762939453,38091,0.0,0.0,0.0
2025-12-04 03:10:00+00:00,16.690000534057617,16.690000534057617,16.68000030517578,16.68000030517578,3046,0.0,0.0,0.0
2025-12-04 03:15:00+00:00,16.68000030517578,16.68000030517578,16.68000030517578,16.68000030517578,3012,0.0,0.0,0.0
2025-12-04 03:20:00+00:00,16.670000076293945,16.670000076293945,16.670000076293945,16.670000076293945,1000,0.0,0.0,0.0
2025-12-04 03:25:00+00:00,16.670000076293945,16.670000076293945,16.670000076293945,16.670000076293945,4145,0.0,0.0,0.0
2025-12-04 03:30:00+00:00,16.690000534057617,16.690000534057617,16.690000534057617,16.690000534057617,2354,0.0,0.0,0.0
2025-12-04 03:35:00+00:00,16.670000076293945,16.670000076293945,16.65999984741211,16.65999984741211,39397,0.0,0.0,0.0
2025-12-04 03:40:00+00:00,16.670000076293945,16.670000076293945,16.670000076293945,16.670000076293945,1010,0.0,0.0,0.0
2025-12-04 03:45:00+00:00,16.670000076293945,16.670000076293945,16.670000076293945,16.670000076293945,2145,0.0,0.0,0.0
2025-12-04 03:50:00+00:00,16.65999984741211,16.65999984741211,16.65999984741211,16.65999984741211,3044,0.0,0.0,0.0
2025-12-04 03:55:00+00:00,16.65999984741211,16.670000076293945,16.65999984741211,16.670000076293945,16350,0.0,0.0,0.0
2025-12-04 04:00:00+00:00,16.68000030517578,16.68000030517578,16.68000030517578,16.68000030517578,1114,0.0,0.0,0.0
2025-12-04 04:05:00+00:00,16.68000030517578,16.68000030517578,16.670000076293945,16.670000076293945,106045,0.0,0.0,0.0
2025-12-04 04:10:00+00:00,16.670000076293945,16.670000076293945,16.670000076293945,16.670000076293945,4284,0.0,0.0,0.0
2025-12-04 04:15:00+00:00,16.670000076293945,16.670000076293945,16.670000076293945,16.670000076293945,3045,0.0,0.0,0.0
2025-12-04 04:20:00+00:00,16.670000076293945,16.670000076293945,16.670000076293945,16.670000076293945,1044,0.0,0.0,0.0
2025-12-04 04:25:00+00:00,16.670000076293945,16.68000030517578,16.670000076293945,16.68000030517578,12045,0.0,0.0,0.0
2025-12-04 04:30:00+00:00,16.68000030517578,16.68000030517578,16.670000076293945,16.68000030517578,4985,0.0,0.0,0.0
2025-12-04 04:45:00+00:00,16.670000076293945,16.670000076293945,16.670000076293945,16.670000076293945,20020,0.0,0.0,0.0
2025-12-04 04:50:00+00:00,16.68000030517578,16.68000030517578,16.68000030517578,16.68000030517578,20020,0.0,0.0,0.0
2025-12-04 04:55:00+00:00,16.68000030517578,16.68000030517578,16.68000030517578,16.68000030517578,3578,0.0,0.0,0.0
2025-12-04 05:00:00+00:00,16.690000534057617,16.690000534057617,16.690000534057617,16.690000534057617,25209,0.0,0.0,0.0
2025-12-04 05:05:00+00:00,16.690000534057617,16.690000534057617,16.690000534057617,16.690000534057617,1010,0.0,0.0,0.0
2025-12-04 05:10:00+00:00,16.690000534057617,16.690000534057617,16.690000534057617,16.690000534057617,6159,0.0,0.0,0.0
2025-12-04 05:15:00+00:00,16.700000762939453,16.700000762939453,16.690000534057617,16.690000534057617,89931,0.0,0.0,0.0
2025-12-04 05:20:00+00:00,16.700000762939453,16.700000762939453,16.700000762939453,16.700000762939453,6504,0.0,0.0,0.0
2025-12-05 01:00:00+00:00,16.709999084472656,16.770000457763672,16.709999084472656,16.770000457763672,0,0.0,0.0,0.0
2025-12-05 01:05:00+00:00,16.770000457763672,16.780000686645508,16.770000457763672,16.780000686645508,23518,0.0,0.0,0.0
2025-12-05 01:10:00+00:00,16.780000686645508,16.780000686645508,16.760000228881836,16.760000228881836,46828,0.0,0.0,0.0
2025-12-05 01:15:00+00:00,16.760000228881836,16.760000228881836,16.760000228881836,16.760000228881836,118344,0.0,0.0,0.0
2025-12-05 01:25:00+00:00,16.75,16.760000228881836,16.75,16.760000228881836,4535,0.0,0.0,0.0
2025-12-05 01:30:00+00:00,16.760000228881836,16.760000228881836,16.729999542236328,16.729999542236328,23170,0.0,0.0,0.0
2025-12-05 01:35:00+00:00,16.729999542236328,16.729999542236328,16.690000534057617,16.690000534057617,67351,0.0,0.0,0.0
2025-12-05 01:40:00+00:00,16.700000762939453,16.719999313354492,16.690000534057617,16.719999313354492,15534,0.0,0.0,0.0
2025-12-05 01:45:00+00:00,16.709999084472656,16.709999084472656,16.709999084472656,16.709999084472656,6000,0.0,0.0,0.0
2025-12-05 01:50:00+00:00,16.709999084472656,16.709999084472656,16.700000762939453,16.700000762939453,4224,0.0,0.0,0.0
2025-12-05 01:55:00+00:00,16.709999084472656,16.709999084472656,16.709999084472656,16.709999084472656,5211,0.0,0.0,0.0
2025-12-05 02:00:00+00:00,16.739999771118164,16.739999771118164,16.719999313354492,16.719999313354492,4112,0.0,0.0,0.0
2025-12-05 02:05:00+00:00,16.719999313354492,16.719999313354492,16.719999313354492,16.719999313354492,2122,0.0,0.0,0.0
2025-12-05 02:10:00+00:00,16.719999313354492,16.719999313354492,16.719999313354492,16.719999313354492,7418,0.0,0.0,0.0
2025-12-05 02:15:00+00:00,16.739999771118164,16.75,16.739999771118164,16.739999771118164,3044,0.0,0.0,0.0
2025-12-05 02:20:00+00:00,16.739999771118164,16.739999771118164,16.739999771118164,16.739999771118164,2022,0.0,0.0,0.0
2025-12-05 02:25:00+00:00,16.739999771118164,16.739999771118164,16.739999771118164,16.739999771118164,13492,0.0,0.0,0.0
2025-12-05 02:30:00+00:00,16.739999771118164,16.739999771118164,16.739999771118164,16.739999771118164,1324,0.0,0.0,0.0
2025-12-05 02:35:00+00:00,16.729999542236328,16.739999771118164,16.729999542236328,16.739999771118164,2121,0.0,0.0,0.0
2025-12-05 02:40:00+00:00,16.739999771118164,16.739999771118164,16.729999542236328,16.729999542236328,3233,0.0,0.0,0.0
2025-12-05 02:45:00+00:00,16.729999542236328,16.729999542236328,16.719999313354492,16.719999313354492,4516,0.0,0.0,0.0
2025-12-05 02:50:00+00:00,16.719999313354492,16.729999542236328,16.719999313354492,16.729999542236328,7391,0.0,0.0,0.0
2025-12-05 02:55:00+00:00,16.729999542236328,16.729999542236328,16.729999542236328,16.729999542236328,6318,0.0,0.0,0.0
2025-12-05 03:00:00+00:00,16.729999542236328,16.729999542236328,16.729999542236328,16.729999542236328,5001,0.0,0.0,0.0
2025-12-05 03:05:00+00:00,16.729999542236328,16.729999542236328,16.719999313354492,16.729999542236328,5455,0.0,0.0,0.0
2025-12-05 03:10:00+00:00,16.729999542236328,16.729999542236328,16.729999542236328,16.729999542236328,1109,0.0,0.0,0.0
2025-12-05 03:15:00+00:00,16.719999313354492,16.719999313354492,16.719999313354492,16.719999313354492,8342,0.0,0.0,0.0
2025-12-05 03:20:00+00:00,16.729999542236328,16.729999542236328,16.719999313354492,16.719999313354492,2022,0.0,0.0,0.0
2025-12-05 03:25:00+00:00,16.719999313354492,16.719999313354492,16.719999313354492,16.719999313354492,3010,0.0,0.0,0.0
2025-12-05 03:30:00+00:00,16.719999313354492,16.719999313354492,16.709999084472656,16.719999313354492,3104,0.0,0.0,0.0
2025-12-05 03:35:00+00:00,16.719999313354492,16.719999313354492,16.719999313354492,16.719999313354492,2627,0.0,0.0,0.0
2025-12-05 03:40:00+00:00,16.709999084472656,16.719999313354492,16.709999084472656,16.709999084472656,7038,0.0,0.0,0.0
2025-12-05 03:45:00+00:00,16.709999084472656,16.709999084472656,16.700000762939453,16.700000762939453,12540,0.0,0.0,0.0
2025-12-05 03:50:00+00:00,16.709999084472656,16.709999084472656,16.709999084472656,16.709999084472656,2000,0.0,0.0,0.0
2025-12-05 03:55:00+00:00,16.709999084472656,16.709999084472656,16.709999084472656,16.709999084472656,1086,0.0,0.0,0.0
2025-12-05 04:00:00+00:00,16.700000762939453,16.719999313354492,16.700000762939453,16.719999313354492,11121,0.0,0.0,0.0
2025-12-05 04:05:00+00:00,16.719999313354492,16.719999313354492,16.719999313354492,16.719999313354492,45087,0.0,0.0,0.0
2025-12-05 04:10:00+00:00,16.729999542236328,16.729999542236328,16.729999542236328,16.729999542236328,1059,0.0,0.0,0.0
2025-12-05 04:15:00+00:00,16.729999542236328,16.729999542236328,16.729999542236328,16.729999542236328,1039,0.0,0.0,0.0
2025-12-05 04:20:00+00:00,16.729999542236328,16.729999542236328,16.719999313354492,16.719999313354492,3038,0.0,0.0,0.0
2025-12-05 04:25:00+00:00,16.729999542236328,16.729999542236328,16.719999313354492,16.729999542236328,44050,0.0,0.0,0.0
2025-12-05 04:30:00+00:00,16.739999771118164,16.760000228881836,16.739999771118164,16.75,84438,0.0,0.0,0.0
2025-12-05 04:35:00+00:00,16.75,16.75,16.75,16.75,15260,0.0,0.0,0.0
2025-12-05 04:40:00+00:00,16.75,16.75,16.75,16.75,3100,0.0,0.0,0.0
2025-12-05 04:45:00+00:00,16.75,16.760000228881836,16.75,16.760000228881836,9060,0.0,0.0,0.0
2025-12-05 04:50:00+00:00,16.75,16.75,16.75,16.75,9601,0.0,0.0,0.0
2025-12-05 04:55:00+00:00,16.75,16.75,16.75,16.75,21028,0.0,0.0,0.0
2025-12-05 05:00:00+00:00,16.75,16.75,16.739999771118164,16.739999771118164,3617,0.0,0.0,0.0
2025-12-05 05:05:00+00:00,16.739999771118164,16.760000228881836,16.739999771118164,16.760000228881836,286202,0.0,0.0,0.0
2025-12-05 05:10:00+00:00,16.760000228881836,16.760000228881836,16.75,16.760000228881836,4029,0.0,0.0,0.0
2025-12-05 05:15:00+00:00,16.760000228881836,16.760000228881836,16.75,16.75,26838,0.0,0.0,0.0
2025-12-05 05:20:00+00:00,16.75,16.760000228881836,16.75,16.75,9954,0.0,0.0,0.0
2025-12-08 01:00:00+00:00,16.809999465942383,16.81999969482422,16.809999465942383,16.81999969482422,0,0.0,0.0,0.0
2025-12-08 01:05:00+00:00,16.81999969482422,16.81999969482422,16.799999237060547,16.81999969482422,206574,0.0,0.0,0.0
2025-12-08 01:10:00+00:00,16.81999969482422,16.81999969482422,16.81999969482422,16.81999969482422,15786,0.0,0.0,0.0
2025-12-08 01:15:00+00:00,16.81999969482422,16.81999969482422,16.799999237060547,16.799999237060547,23930,0.0,0.0,0.0
2025-12-08 01:20:00+00:00,16.799999237060547,16.809999465942383,16.790000915527344,16.790000915527344,13500,0.0,0.0,0.0
2025-12-08 01:25:00+00:00,16.799999237060547,16.799999237060547,16.799999237060547,16.799999237060547,4250,0.0,0.0,0.0
2025-12-08 01:30:00+00:00,16.799999237060547,16.799999237060547,16.790000915527344,16.790000915527344,62921,0.0,0.0,0.0
2025-12-08 01:35:00+00:00,16.809999465942383,16.81999969482422,16.809999465942383,16.81999969482422,134944,0.0,0.0,0.0
2025-12-08 01:40:00+00:00,16.81999969482422,16.829999923706055,16.81999969482422,16.829999923706055,39322,0.0,0.0,0.0
2025-12-08 01:45:00+00:00,16.829999923706055,16.84000015258789,16.829999923706055,16.84000015258789,69362,0.0,0.0,0.0
2025-12-08 01:50:00+00:00,16.850000381469727,16.8700008392334,16.850000381469727,16.8700008392334,100831,0.0,0.0,0.0
2025-12-08 01:55:00+00:00,16.8700008392334,16.8700008392334,16.850000381469727,16.850000381469727,6590,0.0,0.0,0.0
2025-12-08 02:00:00+00:00,16.8700008392334,16.8799991607666,16.850000381469727,16.8799991607666,66410,0.0,0.0,0.0
2025-12-08 02:05:00+00:00,16.889999389648438,16.889999389648438,16.8799991607666,16.889999389648438,10577,0.0,0.0,0.0
2025-12-08 02:10:00+00:00,16.8700008392334,16.8799991607666,16.850000381469727,16.860000610351562,122355,0.0,0.0,0.0
2025-12-08 02:15:00+00:00,16.8799991607666,16.8799991607666,16.8799991607666,16.8799991607666,6507,0.0,0.0,0.0
2025-12-08 02:20:00+00:00,16.8799991607666,16.8799991607666,16.860000610351562,16.8799991607666,29498,0.0,0.0,0.0
2025-12-08 02:25:00+00:00,16.889999389648438,16.889999389648438,16.8799991607666,16.889999389648438,6324,0.0,0.0,0.0
2025-12-08 02:30:00+00:00,16.889999389648438,16.899999618530273,16.889999389648438,16.889999389648438,29527,0.0,0.0,0.0
2025-12-08 02:35:00+00:00,16.899999618530273,16.899999618530273,16.8799991607666,16.899999618530273,6608,0.0,0.0,0.0
2025-12-08 02:40:00+00:00,16.899999618530273,16.899999618530273,16.889999389648438,16.899999618530273,3100,0.0,0.0,0.0
2025-12-08 02:45:00+00:00,16.899999618530273,16.90999984741211,16.899999618530273,16.899999618530273,243213,0.0,0.0,0.0
2025-12-08 02:50:00+00:00,16.899999618530273,16.899999618530273,16.899999618530273,16.899999618530273,13137,0.0,0.0,0.0
2025-12-08 02:55:00+00:00,16.899999618530273,16.899999618530273,16.899999618530273,16.899999618530273,3244,0.0,0.0,0.0
2025-12-08 03:00:00+00:00,16.899999618530273,16.899999618530273,16.889999389648438,16.889999389648438,7237,0.0,0.0,0.0
2025-12-08 03:05:00+00:00,16.899999618530273,16.899999618530273,16.899999618530273,16.899999618530273,6446,0.0,0.0,0.0
2025-12-08 03:10:00+00:00,16.889999389648438,16.899999618530273,16.8799991607666,16.899999618530273,10051,0.0,0.0,0.0
2025-12-08 03:15:00+00:00,16.899999618530273,16.899999618530273,16.899999618530273,16.899999618530273,6259,0.0,0.0,0.0
2025-12-08 03:20:00+00:00,16.899999618530273,16.899999618530273,16.899999618530273,16.899999618530273,4846,0.0,0.0,0.0
2025-12-08 03:25:00+00:00,16.899999618530273,16.899999618530273,16.889999389648438,16.899999618530273,18039,0.0,0.0,0.0
2025-12-08 03:30:00+00:00,16.899999618530273,16.899999618530273,16.889999389648438,16.899999618530273,14064,0.0,0.0,0.0
2025-12-08 03:35:00+00:00,16.899999618530273,16.90999984741211,16.899999618530273,16.90999984741211,98171,0.0,0.0,0.0
2025-12-08 03:40:00+00:00,16.90999984741211,16.90999984741211,16.899999618530273,16.899999618530273,415175,0.0,0.0,0.0
2025-12-08 03:45:00+00:00,16.90999984741211,16.90999984741211,16.899999618530273,16.899999618530273,4045,0.0,0.0,0.0
2025-12-08 03:50:00+00:00,16.899999618530273,16.899999618530273,16.899999618530273,16.899999618530273,21043,0.0,0.0,0.0
2025-12-08 03:55:00+00:00,16.899999618530273,16.90999984741211,16.899999618530273,16.90999984741211,14641,0.0,0.0,0.0
2025-12-08 04:00:00+00:00,16.90999984741211,16.90999984741211,16.90999984741211,16.90999984741211,3243,0.0,0.0,0.0
2025-12-08 04:05:00+00:00,16.899999618530273,16.90999984741211,16.899999618530273,16.899999618530273,16385,0.0,0.0,0.0
2025-12-08 04:10:00+00:00,16.90999984741211,16.90999984741211,16.90999984741211,16.90999984741211,2113,0.0,0.0,0.0
2025-12-08 04:15:00+00:00,16.90999984741211,16.90999984741211,16.899999618530273,16.90999984741211,15192,0.0,0.0,0.0
2025-12-08 04:20:00+00:00,16.90999984741211,16.90999984741211,16.90999984741211,16.90999984741211,2854,0.0,0.0,0.0
2025-12-08 04:25:00+00:00,16.90999984741211,16.90999984741211,16.90999984741211,16.90999984741211,3503,0.0,0.0,0.0
2025-12-08 04:30:00+00:00,16.90999984741211,16.90999984741211,16.90999984741211,16.90999984741211,4191,0.0,0.0,0.0
2025-12-08 04:35:00+00:00,16.899999618530273,16.899999618530273,16.889999389648438,16.899999618530273,57010,0.0,0.0,0.0
2025-12-08 04:40:00+00:00,16.889999389648438,16.889999389648438,16.889999389648438,16.889999389648438,8212,0.0,0.0,0.0
2025-12-08 04:45:00+00:00,16.889999389648438,16.899999618530273,16.889999389648438,16.899999618530273,142010,0.0,0.0,0.0
2025-12-08 04:50:00+00:00,16.899999618530273,16.90999984741211,16.899999618530273,16.90999984741211,117110,0.0,0.0,0.0
2025-12-08 04:55:00+00:00,16.90999984741211,16.90999984741211,16.889999389648438,16.899999618530273,1142534,0.0,0.0,0.0
2025-12-08 05:00:00+00:00,16.920000076293945,16.920000076293945,16.8799991607666,16.8799991607666,1002320,0.0,0.0,0.0
2025-12-08 05:05:00+00:00,16.8799991607666,16.889999389648438,16.8799991607666,16.889999389648438,16171,0.0,0.0,0.0
2025-12-08 05:10:00+00:00,16.889999389648438,16.889999389648438,16.889999389648438,16.889999389648438,7010,0.0,0.0,0.0
2025-12-08 05:15:00+00:00,16.889999389648438,16.889999389648438,16.8799991607666,16.8799991607666,8854,0.0,0.0,0.0
2025-12-08 05:20:00+00:00,16.8799991607666,16.899999618530273,16.8799991607666,16.8799991607666,44799,0.0,0.0,0.0
2025-12-09 01:00:00+00:00,16.950000762939453,16.950000762939453,16.950000762939453,16.950000762939453,0,0.0,0.0,0.0
2025-12-09 01:05:00+00:00,16.959999084472656,16.969999313354492,16.950000762939453,16.950000762939453,37502,0.0,0.0,0.0
2025-12-09 01:10:00+00:00,16.920000076293945,16.93000030517578,16.920000076293945,16.93000030517578,3762,0.0,0.0,0.0
2025-12-09 01:15:00+00:00,16.920000076293945,16.93000030517578,16.920000076293945,16.93000030517578,51018,0.0,0.0,0.0
2025-12-09 01:20:00+00:00,16.93000030517578,16.950000762939453,16.93000030517578,16.950000762939453,13828,0.0,0.0,0.0
2025-12-09 01:25:00+00:00,16.950000762939453,16.950000762939453,16.950000762939453,16.950000762939453,2000,0.0,0.0,0.0
2025-12-09 01:30:00+00:00,16.940000534057617,16.950000762939453,16.940000534057617,16.940000534057617,6666,0.0,0.0,0.0
2025-12-09 01:35:00+00:00,16.940000534057617,16.940000534057617,16.940000534057617,16.940000534057617,3042,0.0,0.0,0.0
2025-12-09 01:40:00+00:00,16.940000534057617,16.959999084472656,16.940000534057617,16.959999084472656,51248,0.0,0.0,0.0
2025-12-09 01:45:00+00:00,16.959999084472656,16.959999084472656,16.950000762939453,16.950000762939453,14152,0.0,0.0,0.0
2025-12-09 01:50:00+00:00,16.950000762939453,16.950000762939453,16.950000762939453,16.950000762939453,12076,0.0,0.0,0.0
2025-12-09 01:55:00+00:00,16.950000762939453,16.950000762939453,16.950000762939453,16.950000762939453,20015,0.0,0.0,0.0
2025-12-09 02:00:00+00:00,16.959999084472656,16.959999084472656,16.959999084472656,16.959999084472656,8796,0.0,0.0,0.0
2025-12-09 02:05:00+00:00,16.959999084472656,16.959999084472656,16.959999084472656,16.959999084472656,5042,0.0,0.0,0.0
2025-12-09 02:10:00+00:00,16.959999084472656,16.959999084472656,16.950000762939453,16.950000762939453,10204,0.0,0.0,0.0
2025-12-09 02:15:00+00:00,16.950000762939453,16.950000762939453,16.940000534057617,16.940000534057617,3354,0.0,0.0,0.0
2025-12-09 02:20:00+00:00,16.93000030517578,16.940000534057617,16.93000030517578,16.940000534057617,2720,0.0,0.0,0.0
2025-12-09 02:25:00+00:00,16.93000030517578,16.93000030517578,16.920000076293945,16.920000076293945,5064,0.0,0.0,0.0
2025-12-09 02:30:00+00:00,16.93000030517578,16.93000030517578,16.920000076293945,16.920000076293945,3438,0.0,0.0,0.0
2025-12-09 02:35:00+00:00,16.93000030517578,16.93000030517578,16.920000076293945,16.920000076293945,3782,0.0,0.0,0.0
2025-12-09 02:40:00+00:00,16.920000076293945,16.920000076293945,16.90999984741211,16.90999984741211,9047,0.0,0.0,0.0
2025-12-09 02:45:00+00:00,16.90999984741211,16.90999984741211,16.90999984741211,16.90999984741211,2144,0.0,0.0,0.0
2025-12-09 02:50:00+00:00,16.899999618530273,16.90999984741211,16.899999618530273,16.90999984741211,8144,0.0,0.0,0.0
2025-12-09 02:55:00+00:00,16.90999984741211,16.90999984741211,16.899999618530273,16.899999618530273,3042,0.0,0.0,0.0
2025-12-09 03:00:00+00:00,16.90999984741211,16.90999984741211,16.90999984741211,16.90999984741211,3907,0.0,0.0,0.0
2025-12-09 03:10:00+00:00,16.90999984741211,16.90999984741211,16.899999618530273,16.90999984741211,4052,0.0,0.0,0.0
2025-12-09 03:15:00+00:00,16.90999984741211,16.90999984741211,16.90999984741211,16.90999984741211,1744,0.0,0.0,0.0
2025-12-09 03:20:00+00:00,16.90999984741211,16.90999984741211,16.90999984741211,16.90999984741211,3297,0.0,0.0,0.0
2025-12-09 03:25:00+00:00,16.899999618530273,16.899999618530273,16.889999389648438,16.889999389648438,140528,0.0,0.0,0.0
2025-12-09 03:30:00+00:00,16.90999984741211,16.90999984741211,16.90999984741211,16.90999984741211,2433,0.0,0.0,0.0
2025-12-09 03:35:00+00:00,16.90999984741211,16.90999984741211,16.90999984741211,16.90999984741211,1111,0.0,0.0,0.0
2025-12-09 03:40:00+00:00,16.90999984741211,16.90999984741211,16.90999984741211,16.90999984741211,2040,0.0,0.0,0.0
2025-12-09 03:45:00+00:00,16.90999984741211,16.90999984741211,16.90999984741211,16.90999984741211,3314,0.0,0.0,0.0
2025-12-09 03:50:00+00:00,16.90999984741211,16.90999984741211,16.90999984741211,16.90999984741211,2053,0.0,0.0,0.0
2025-12-09 03:55:00+00:00,16.90999984741211,16.90999984741211,16.899999618530273,16.899999618530273,4679,0.0,0.0,0.0
2025-12-09 04:00:00+00:00,16.889999389648438,16.889999389648438,16.889999389648438,16.889999389648438,2125,0.0,0.0,0.0
2025-12-09 04:05:00+00:00,16.889999389648438,16.899999618530273,16.889999389648438,16.889999389648438,27043,0.0,0.0,0.0
2025-12-09 04:10:00+00:00,16.889999389648438,16.899999618530273,16.889999389648438,16.899999618530273,20058,0.0,0.0,0.0
2025-12-09 04:15:00+00:00,16.899999618530273,16.899999618530273,16.899999618530273,16.899999618530273,15042,0.0,0.0,0.0
2025-12-09 04:20:00+00:00,16.899999618530273,16.899999618530273,16.899999618530273,16.899999618530273,3173,0.0,0.0,0.0
2025-12-09 04:25:00+00:00,16.90999984741211,16.90999984741211,16.90999984741211,16.90999984741211,120023,0.0,0.0,0.0
2025-12-09 04:30:00+00:00,16.920000076293945,16.93000030517578,16.920000076293945,16.920000076293945,322452,0.0,0.0,0.0
2025-12-09 04:35:00+00:00,16.920000076293945,16.920000076293945,16.90999984741211,16.90999984741211,14290,0.0,0.0,0.0
2025-12-09 04:40:00+00:00,16.90999984741211,16.90999984741211,16.899999618530273,16.899999618530273,11519,0.0,0.0,0.0
2025-12-09 04:45:00+00:00,16.920000076293945,16.920000076293945,16.920000076293945,16.920000076293945,1220,0.0,0.0,0.0
2025-12-09 04:50:00+00:00,16.920000076293945,16.920000076293945,16.920000076293945,16.920000076293945,2536,0.0,0.0,0.0
2025-12-09 04:55:00+00:00,16.920000076293945,16.920000076293945,16.920000076293945,16.920000076293945,2571,0.0,0.0,0.0
2025-12-09 05:00:00+00:00,16.920000076293945,16.920000076293945,16.920000076293945,16.920000076293945,1000,0.0,0.0,0.0
2025-12-09 05:05:00+00:00,16.90999984741211,16.90999984741211,16.899999618530273,16.899999618530273,22358,0.0,0.0,0.0
2025-12-09 05:15:00+00:00,16.899999618530273,16.899999618530273,16.899999618530273,16.899999618530273,2549,0.0,0.0,0.0
2025-12-09 05:20:00+00:00,16.889999389648438,16.899999618530273,16.889999389648438,16.899999618530273,3374,0.0,0.0,0.0
2025-12-10 01:00:00+00:00,16.950000762939453,16.950000762939453,16.950000762939453,16.950000762939453,0,0.0,0.0,0.0
2025-12-10 01:05:00+00:00,16.950000762939453,16.950000762939453,16.950000762939453,16.950000762939453,12868,0.0,0.0,0.0
2025-12-10 01:10:00+00:00,16.959999084472656,16.979999542236328,16.959999084472656,16.979999542236328,55654,0.0,0.0,0.0
2025-12-10 01:15:00+00:00,16.979999542236328,16.979999542236328,16.979999542236328,16.979999542236328,5149,0.0,0.0,0.0
2025-12-10 01:20:00+00:00,16.979999542236328,16.979999542236328,16.979999542236328,16.979999542236328,17458,0.0,0.0,0.0
2025-12-10 01:25:00+00:00,16.969999313354492,16.979999542236328,16.969999313354492,16.969999313354492,15822,0.0,0.0,0.0
2025-12-10 01:30:00+00:00,16.979999542236328,16.979999542236328,16.959999084472656,16.959999084472656,12306,0.0,0.0,0.0
2025-12-10 01:35:00+00:00,16.959999084472656,16.969999313354492,16.959999084472656,16.969999313354492,622026,0.0,0.0,0.0
2025-12-10 01:40:00+00:00,16.969999313354492,16.969999313354492,16.959999084472656,16.959999084472656,9030,0.0,0.0,0.0
2025-12-10 01:45:00+00:00,16.959999084472656,16.959999084472656,16.950000762939453,16.959999084472656,10156,0.0,0.0,0.0
2025-12-10 01:50:00+00:00,16.959999084472656,16.959999084472656,16.959999084472656,16.959999084472656,3092,0.0,0.0,0.0
2025-12-10 01:55:00+00:00,16.950000762939453,16.950000762939453,16.950000762939453,16.950000762939453,2026,0.0,0.0,0.0
2025-12-10 02:00:00+00:00,16.950000762939453,16.950000762939453,16.940000534057617,16.950000762939453,302073,0.0,0.0,0.0
2025-12-10 02:05:00+00:00,16.950000762939453,16.950000762939453,16.950000762939453,16.950000762939453,4402,0.0,0.0,0.0
2025-12-10 02:10:00+00:00,16.950000762939453,16.950000762939453,16.950000762939453,16.950000762939453,20013,0.0,0.0,0.0
2025-12-10 02:15:00+00:00,16.959999084472656,16.959999084472656,16.950000762939453,16.959999084472656,56387,0.0,0.0,0.0
2025-12-10 02:20:00+00:00,16.959999084472656,16.979999542236328,16.959999084472656,16.969999313354492,128039,0.0,0.0,0.0
2025-12-10 02:25:00+00:00,16.969999313354492,16.969999313354492,16.959999084472656,16.959999084472656,11029,0.0,0.0,0.0
2025-12-10 02:30:00+00:00,16.969999313354492,16.979999542236328,16.969999313354492,16.979999542236328,14823,0.0,0.0,0.0
2025-12-10 02:35:00+00:00,16.979999542236328,16.979999542236328,16.969999313354492,16.969999313354492,29516,0.0,0.0,0.0
2025-12-10 02:40:00+00:00,16.969999313354492,16.969999313354492,16.969999313354492,16.969999313354492,1308,0.0,0.0,0.0
2025-12-10 02:45:00+00:00,16.979999542236328,16.979999542236328,16.969999313354492,16.969999313354492,67239,0.0,0.0,0.0
2025-12-10 02:50:00+00:00,16.979999542236328,16.989999771118164,16.979999542236328,16.989999771118164,107625,0.0,0.0,0.0
2025-12-10 02:55:00+00:00,16.989999771118164,16.989999771118164,16.979999542236328,16.989999771118164,78422,0.0,0.0,0.0
2025-12-10 03:00:00+00:00,17.0,17.0,17.0,17.0,1003,0.0,0.0,0.0
2025-12-10 03:05:00+00:00,17.0,17.0,16.989999771118164,17.0,121056,0.0,0.0,0.0
2025-12-10 03:10:00+00:00,17.0,17.020000457763672,16.989999771118164,17.010000228881836,42169,0.0,0.0,0.0
2025-12-10 03:15:00+00:00,17.010000228881836,17.010000228881836,17.010000228881836,17.010000228881836,1043,0.0,0.0,0.0
2025-12-10 03:20:00+00:00,17.010000228881836,17.010000228881836,17.010000228881836,17.010000228881836,2989,0.0,0.0,0.0
2025-12-10 03:25:00+00:00,17.0,17.0,17.0,17.0,4000,0.0,0.0,0.0
2025-12-10 03:30:00+00:00,17.0,17.010000228881836,17.0,17.010000228881836,12053,0.0,0.0,0.0
2025-12-10 03:35:00+00:00,17.010000228881836,17.010000228881836,17.010000228881836,17.010000228881836,21026,0.0,0.0,0.0
2025-12-10 03:40:00+00:00,17.020000457763672,17.020000457763672,17.010000228881836,17.010000228881836,51058,0.0,0.0,0.0
2025-12-10 03:45:00+00:00,17.010000228881836,17.020000457763672,17.010000228881836,17.020000457763672,85881,0.0,0.0,0.0
2025-12-10 03:50:00+00:00,17.020000457763672,17.030000686645508,17.020000457763672,17.030000686645508,7361,0.0,0.0,0.0
2025-12-10 04:00:00+00:00,17.030000686645508,17.030000686645508,17.020000457763672,17.030000686645508,8264,0.0,0.0,0.0
2025-12-10 04:05:00+00:00,17.030000686645508,17.030000686645508,17.020000457763672,17.020000457763672,10233,0.0,0.0,0.0
2025-12-10 04:10:00+00:00,17.030000686645508,17.040000915527344,17.020000457763672,17.040000915527344,77329,0.0,0.0,0.0
2025-12-10 04:15:00+00:00,17.040000915527344,17.040000915527344,17.030000686645508,17.030000686645508,5504,0.0,0.0,0.0
2025-12-10 04:20:00+00:00,17.040000915527344,17.040000915527344,17.030000686645508,17.030000686645508,42486,0.0,0.0,0.0
2025-12-10 04:25:00+00:00,17.049999237060547,17.049999237060547,17.049999237060547,17.049999237060547,14255,0.0,0.0,0.0
2025-12-10 04:30:00+00:00,17.049999237060547,17.049999237060547,17.040000915527344,17.049999237060547,28162,0.0,0.0,0.0
2025-12-10 04:35:00+00:00,17.049999237060547,17.049999237060547,17.030000686645508,17.030000686645508,11020,0.0,0.0,0.0
2025-12-10 04:40:00+00:00,17.040000915527344,17.049999237060547,17.030000686645508,17.030000686645508,19243,0.0,0.0,0.0
2025-12-10 04:45:00+00:00,17.040000915527344,17.040000915527344,17.030000686645508,17.030000686645508,41120,0.0,0.0,0.0
2025-12-10 04:50:00+00:00,17.030000686645508,17.040000915527344,17.030000686645508,17.040000915527344,22276,0.0,0.0,0.0
2025-12-10 04:55:00+00:00,17.040000915527344,17.040000915527344,17.040000915527344,17.040000915527344,23191,0.0,0.0,0.0
2025-12-10 05:00:00+00:00,17.040000915527344,17.040000915527344,17.040000915527344,17.040000915527344,1640,0.0,0.0,0.0
2025-12-10 05:05:00+00:00,17.030000686645508,17.030000686645508,17.030000686645508,17.030000686645508,18140,0.0,0.0,0.0
2025-12-10 05:10:00+00:00,17.030000686645508,17.040000915527344,17.020000457763672,17.020000457763672,13446,0.0,0.0,0.0
2025-12-10 05:15:00+00:00,17.040000915527344,17.040000915527344,17.010000228881836,17.010000228881836,7495,0.0,0.0,0.0
2025-12-10 05:20:00+00:00,17.010000228881836,17.020000457763672,17.010000228881836,17.010000228881836,13730,0.0,0.0,0.0
2025-12-11 01:00:00+00:00,17.079999923706055,17.139999389648438,17.079999923706055,17.139999389648438,0,0.0,0.0,0.0
2025-12-11 01:05:00+00:00,17.1299991607666,17.1299991607666,17.110000610351562,17.110000610351562,9119,0.0,0.0,0.0
2025-12-11 01:10:00+00:00,17.100000381469727,17.100000381469727,17.100000381469727,17.100000381469727,7154,0.0,0.0,0.0
2025-12-11 01:15:00+00:00,17.100000381469727,17.100000381469727,17.09000015258789,17.100000381469727,22586,0.0,0.0,0.0
2025-12-11 01:20:00+00:00,17.100000381469727,17.100000381469727,17.100000381469727,17.100000381469727,64600,0.0,0.0,0.0
2025-12-11 01:25:00+00:00,17.09000015258789,17.09000015258789,17.09000015258789,17.09000015258789,12048,0.0,0.0,0.0
2025-12-11 01:30:00+00:00,17.079999923706055,17.09000015258789,17.079999923706055,17.09000015258789,3184,0.0,0.0,0.0
2025-12-11 01:35:00+00:00,17.09000015258789,17.100000381469727,17.09000015258789,17.100000381469727,36559,0.0,0.0,0.0
2025-12-11 01:40:00+00:00,17.100000381469727,17.100000381469727,17.079999923706055,17.079999923706055,21808,0.0,0.0,0.0
2025-12-11 01:45:00+00:00,17.079999923706055,17.079999923706055,17.079999923706055,17.079999923706055,63059,0.0,0.0,0.0
2025-12-11 01:50:00+00:00,17.06999969482422,17.06999969482422,17.040000915527344,17.040000915527344,15597,0.0,0.0,0.0
2025-12-11 01:55:00+00:00,17.040000915527344,17.040000915527344,17.040000915527344,17.040000915527344,38069,0.0,0.0,0.0
2025-12-11 02:00:00+00:00,17.040000915527344,17.049999237060547,17.040000915527344,17.049999237060547,56747,0.0,0.0,0.0
2025-12-11 02:05:00+00:00,17.040000915527344,17.040000915527344,17.020000457763672,17.020000457763672,65526,0.0,0.0,0.0
2025-12-11 02:10:00+00:00,17.020000457763672,17.020000457763672,17.020000457763672,17.020000457763672,21069,0.0,0.0,0.0
2025-12-11 02:15:00+00:00,17.020000457763672,17.030000686645508,17.010000228881836,17.010000228881836,23644,0.0,0.0,0.0
2025-12-11 02:20:00+00:00,17.010000228881836,17.030000686645508,17.010000228881836,17.030000686645508,17354,0.0,0.0,0.0
2025-12-11 02:25:00+00:00,17.030000686645508,17.030000686645508,17.010000228881836,17.010000228881836,2225,0.0,0.0,0.0
2025-12-11 02:30:00+00:00,17.010000228881836,17.010000228881836,16.969999313354492,17.0,34840,0.0,0.0,0.0
2025-12-11 02:35:00+00:00,17.0,17.0,17.0,17.0,2015,0.0,0.0,0.0
2025-12-11 02:40:00+00:00,17.0,17.0,16.969999313354492,16.979999542236328,80927,0.0,0.0,0.0
2025-12-11 02:45:00+00:00,17.0,17.0,16.969999313354492,16.969999313354492,18482,0.0,0.0,0.0
2025-12-11 02:50:00+00:00,16.969999313354492,16.969999313354492,16.969999313354492,16.969999313354492,6215,0.0,0.0,0.0
2025-12-11 02:55:00+00:00,16.969999313354492,16.969999313354492,16.969999313354492,16.969999313354492,2900,0.0,0.0,0.0
2025-12-11 03:00:00+00:00,16.969999313354492,16.969999313354492,16.93000030517578,16.93000030517578,27569,0.0,0.0,0.0
2025-12-11 03:05:00+00:00,16.93000030517578,16.950000762939453,16.899999618530273,16.899999618530273,27681,0.0,0.0,0.0
2025-12-11 03:10:00+00:00,16.899999618530273,16.90999984741211,16.889999389648438,16.889999389648438,7648,0.0,0.0,0.0
2025-12-11 03:15:00+00:00,16.899999618530273,16.899999618530273,16.899999618530273,16.899999618530273,11143,0.0,0.0,0.0
2025-12-11 03:20:00+00:00,16.889999389648438,16.899999618530273,16.8700008392334,16.899999618530273,53815,0.0,0.0,0.0
2025-12-11 03:25:00+00:00,16.93000030517578,16.93000030517578,16.93000030517578,16.93000030517578,1886,0.0,0.0,0.0
2025-12-11 03:30:00+00:00,16.920000076293945,16.920000076293945,16.920000076293945,16.920000076293945,1032,0.0,0.0,0.0
2025-12-11 03:35:00+00:00,16.899999618530273,16.899999618530273,16.899999618530273,16.899999618530273,10605,0.0,0.0,0.0
2025-12-11 03:40:00+00:00,16.889999389648438,16.899999618530273,16.889999389648438,16.899999618530273,6848,0.0,0.0,0.0
2025-12-11 03:45:00+00:00,16.899999618530273,16.899999618530273,16.899999618530273,16.899999618530273,3011,0.0,0.0,0.0
2025-12-11 03:50:00+00:00,16.899999618530273,16.899999618530273,16.899999618530273,16.899999618530273,4023,0.0,0.0,0.0
2025-12-11 03:55:00+00:00,16.899999618530273,16.899999618530273,16.899999618530273,16.899999618530273,16973,0.0,0.0,0.0
2025-12-11 04:00:00+00:00,16.899999618530273,16.899999618530273,16.899999618530273,16.899999618530273,1581,0.0,0.0,0.0
2025-12-11 04:05:00+00:00,16.899999618530273,16.899999618530273,16.899999618530273,16.899999618530273,1010,0.0,0.0,0.0
2025-12-11 04:10:00+00:00,16.899999618530273,16.90999984741211,16.899999618530273,16.90999984741211,6394,0.0,0.0,0.0
2025-12-11 04:15:00+00:00,16.90999984741211,16.90999984741211,16.90999984741211,16.90999984741211,5887,0.0,0.0,0.0
2025-12-11 04:25:00+00:00,16.90999984741211,16.920000076293945,16.90999984741211,16.920000076293945,17059,0.0,0.0,0.0
2025-12-11 04:30:00+00:00,16.90999984741211,16.93000030517578,16.90999984741211,16.920000076293945,13475,0.0,0.0,0.0
2025-12-11 04:35:00+00:00,16.920000076293945,16.920000076293945,16.920000076293945,16.920000076293945,1220,0.0,0.0,0.0
2025-12-11 04:40:00+00:00,16.90999984741211,16.920000076293945,16.90999984741211,16.920000076293945,3069,0.0,0.0,0.0
2025-12-11 04:45:00+00:00,16.90999984741211,16.90999984741211,16.899999618530273,16.899999618530273,23010,0.0,0.0,0.0
2025-12-11 04:50:00+00:00,16.90999984741211,16.90999984741211,16.899999618530273,16.899999618530273,10974,0.0,0.0,0.0
2025-12-11 04:55:00+00:00,16.899999618530273,16.899999618530273,16.889999389648438,16.889999389648438,43857,0.0,0.0,0.0
2025-12-11 05:00:00+00:00,16.899999618530273,16.899999618530273,16.8799991607666,16.8799991607666,13973,0.0,0.0,0.0
2025-12-11 05:05:00+00:00,16.8799991607666,16.8799991607666,16.8700008392334,16.8799991607666,32688,0.0,0.0,0.0
2025-12-11 05:10:00+00:00,16.8799991607666,16.8799991607666,16.8799991607666,16.8799991607666,10198,0.0,0.0,0.0
2025-12-11 05:15:00+00:00,16.889999389648438,16.889999389648438,16.8799991607666,16.8799991607666,5638,0.0,0.0,0.0
2025-12-11 05:20:00+00:00,16.8799991607666,16.8799991607666,16.8700008392334,16.8799991607666,23697,0.0,0.0,0.0
2025-12-12 01:00:00+00:00,16.950000762939453,16.950000762939453,16.950000762939453,16.950000762939453,0,0.0,0.0,0.0
2025-12-12 01:05:00+00:00,16.979999542236328,16.979999542236328,16.969999313354492,16.969999313354492,66623,0.0,0.0,0.0
2025-12-12 01:10:00+00:00,16.969999313354492,16.979999542236328,16.959999084472656,16.959999084472656,212658,0.0,0.0,0.0
2025-12-12 01:15:00+00:00,16.959999084472656,17.0,16.959999084472656,16.979999542236328,27216,0.0,0.0,0.0
2025-12-12 01:20:00+00:00,16.989999771118164,16.989999771118164,16.979999542236328,16.979999542236328,107051,0.0,0.0,0.0
2025-12-12 01:25:00+00:00,16.979999542236328,17.020000457763672,16.979999542236328,17.020000457763672,21901,0.0,0.0,0.0
2025-12-12 01:30:00+00:00,17.020000457763672,17.020000457763672,17.0,17.0,21163,0.0,0.0,0.0
2025-12-12 01:35:00+00:00,17.0,17.0,17.0,17.0,17025,0.0,0.0,0.0
2025-12-12 01:40:00+00:00,17.0,17.010000228881836,16.979999542236328,16.979999542236328,5171,0.0,0.0,0.0
2025-12-12 01:45:00+00:00,16.979999542236328,16.979999542236328,16.979999542236328,16.979999542236328,15657,0.0,0.0,0.0
2025-12-12 01:50:00+00:00,16.969999313354492,16.969999313354492,16.969999313354492,16.969999313354492,3141,0.0,0.0,0.0
2025-12-12 01:55:00+00:00,16.969999313354492,16.979999542236328,16.959999084472656,16.979999542236328,63465,0.0,0.0,0.0
2025-12-12 02:00:00+00:00,16.989999771118164,16.989999771118164,16.989999771118164,16.989999771118164,1200,0.0,0.0,0.0
2025-12-12 02:05:00+00:00,16.989999771118164,16.989999771118164,16.979999542236328,16.979999542236328,2361,0.0,0.0,0.0
2025-12-12 02:10:00+00:00,16.959999084472656,16.979999542236328,16.959999084472656,16.979999542236328,7275,0.0,0.0,0.0
2025-12-12 02:15:00+00:00,16.969999313354492,16.979999542236328,16.969999313354492,16.979999542236328,61288,0.0,0.0,0.0
2025-12-12 02:20:00+00:00,16.979999542236328,16.979999542236328,16.959999084472656,16.959999084472656,36670,0.0,0.0,0.0
2025-12-12 02:25:00+00:00,16.969999313354492,16.969999313354492,16.950000762939453,16.959999084472656,26016,0.0,0.0,0.0
2025-12-12 02:30:00+00:00,16.959999084472656,16.979999542236328,16.959999084472656,16.979999542236328,87046,0.0,0.0,0.0
2025-12-12 02:35:00+00:00,16.979999542236328,16.979999542236328,16.979999542236328,16.979999542236328,4079,0.0,0.0,0.0
2025-12-12 02:40:00+00:00,16.969999313354492,16.969999313354492,16.969999313354492,16.969999313354492,15926,0.0,0.0,0.0
2025-12-12 02:45:00+00:00,16.979999542236328,16.979999542236328,16.979999542236328,16.979999542236328,1919,0.0,0.0,0.0
2025-12-12 02:50:00+00:00,16.969999313354492,17.0,16.969999313354492,16.989999771118164,104174,0.0,0.0,0.0
2025-12-12 02:55:00+00:00,16.989999771118164,16.989999771118164,16.989999771118164,16.989999771118164,2578,0.0,0.0,0.0
2025-12-12 03:00:00+00:00,16.989999771118164,16.989999771118164,16.989999771118164,16.989999771118164,22025,0.0,0.0,0.0
2025-12-12 03:05:00+00:00,16.989999771118164,16.989999771118164,16.989999771118164,16.989999771118164,3026,0.0,0.0,0.0
2025-12-12 03:10:00+00:00,16.989999771118164,16.989999771118164,16.989999771118164,16.989999771118164,1715,0.0,0.0,0.0
2025-12-12 03:15:00+00:00,16.979999542236328,16.979999542236328,16.979999542236328,16.979999542236328,12091,0.0,0.0,0.0
2025-12-12 03:20:00+00:00,16.979999542236328,16.979999542236328,16.969999313354492,16.969999313354492,3025,0.0,0.0,0.0
2025-12-12 03:30:00+00:00,16.969999313354492,16.979999542236328,16.950000762939453,16.950000762939453,25318,0.0,0.0,0.0
2025-12-12 03:35:00+00:00,16.950000762939453,16.950000762939453,16.940000534057617,16.940000534057617,9324,0.0,0.0,0.0
2025-12-12 03:40:00+00:00,16.93000030517578,16.940000534057617,16.93000030517578,16.940000534057617,6014,0.0,0.0,0.0
2025-12-12 03:50:00+00:00,16.940000534057617,16.940000534057617,16.940000534057617,16.940000534057617,2001,0.0,0.0,0.0
2025-12-12 03:55:00+00:00,16.93000030517578,16.93000030517578,16.93000030517578,16.93000030517578,4015,0.0,0.0,0.0
2025-12-12 04:00:00+00:00,16.93000030517578,16.940000534057617,16.93000030517578,16.940000534057617,4001,0.0,0.0,0.0
2025-12-12 04:05:00+00:00,16.940000534057617,16.950000762939453,16.93000030517578,16.950000762939453,36035,0.0,0.0,0.0
2025-12-12 04:10:00+00:00,16.950000762939453,16.950000762939453,16.950000762939453,16.950000762939453,1082,0.0,0.0,0.0
2025-12-12 04:15:00+00:00,16.940000534057617,16.950000762939453,16.940000534057617,16.950000762939453,4383,0.0,0.0,0.0
2025-12-12 04:20:00+00:00,16.950000762939453,16.950000762939453,16.950000762939453,16.950000762939453,2031,0.0,0.0,0.0
2025-12-12 04:25:00+00:00,16.950000762939453,16.959999084472656,16.950000762939453,16.959999084472656,3288,0.0,0.0,0.0
2025-12-12 04:30:00+00:00,16.959999084472656,16.959999084472656,16.959999084472656,16.959999084472656,1064,0.0,0.0,0.0
2025-12-12 04:35:00+00:00,16.950000762939453,16.950000762939453,16.950000762939453,16.950000762939453,1000,0.0,0.0,0.0
2025-12-12 04:40:00+00:00,16.950000762939453,16.950000762939453,16.950000762939453,16.950000762939453,1025,0.0,0.0,0.0
2025-12-12 04:45:00+00:00,16.950000762939453,16.950000762939453,16.940000534057617,16.940000534057617,5085,0.0,0.0,0.0
2025-12-12 04:50:00+00:00,16.940000534057617,16.940000534057617,16.940000534057617,16.940000534057617,1010,0.0,0.0,0.0
2025-12-12 04:55:00+00:00,16.940000534057617,16.940000534057617,16.940000534057617,16.940000534057617,7362,0.0,0.0,0.0
2025-12-12 05:00:00+00:00,16.940000534057617,16.950000762939453,16.940000534057617,16.950000762939453,17139,0.0,0.0,0.0
2025-12-12 05:05:00+00:00,16.950000762939453,16.950000762939453,16.950000762939453,16.950000762939453,4121,0.0,0.0,0.0
2025-12-12 05:10:00+00:00,16.950000762939453,16.950000762939453,16.950000762939453,16.950000762939453,15131,0.0,0.0,0.0
2025-12-12 05:15:00+00:00,16.959999084472656,16.959999084472656,16.959999084472656,16.959999084472656,30750,0.0,0.0,0.0
2025-12-12 05:20:00+00:00,16.959999084472656,16.989999771118164,16.959999084472656,16.989999771118164,10457,0.0,0.0,0.0
2025-12-15 01:00:00+00:00,16.75,16.75,16.690000534057617,16.75,0,0.0,0.0,0.0
2025-12-15 01:05:00+00:00,16.760000228881836,16.760000228881836,16.75,16.75,152388,0.0,0.0,0.0
2025-12-15 01:10:00+00:00,16.75,16.780000686645508,16.75,16.760000228881836,67996,0.0,0.0,0.0
2025-12-15 01:15:00+00:00,16.780000686645508,16.780000686645508,16.770000457763672,16.780000686645508,29418,0.0,0.0,0.0
2025-12-15 01:20:00+00:00,16.780000686645508,16.790000915527344,16.780000686645508,16.790000915527344,129923,0.0,0.0,0.0
2025-12-15 01:25:00+00:00,16.790000915527344,16.799999237060547,16.780000686645508,16.799999237060547,22703,0.0,0.0,0.0
2025-12-15 01:30:00+00:00,16.799999237060547,16.799999237060547,16.799999237060547,16.799999237060547,20068,0.0,0.0,0.0
2025-12-15 01:35:00+00:00,16.799999237060547,16.809999465942383,16.799999237060547,16.799999237060547,24970,0.0,0.0,0.0
2025-12-15 01:40:00+00:00,16.799999237060547,16.809999465942383,16.799999237060547,16.809999465942383,4602,0.0,0.0,0.0
2025-12-15 01:45:00+00:00,16.809999465942383,16.81999969482422,16.799999237060547,16.799999237060547,9463,0.0,0.0,0.0
2025-12-15 01:50:00+00:00,16.809999465942383,16.829999923706055,16.809999465942383,16.829999923706055,7190,0.0,0.0,0.0
2025-12-15 01:55:00+00:00,16.829999923706055,16.829999923706055,16.829999923706055,16.829999923706055,22339,0.0,0.0,0.0
2025-12-15 02:00:00+00:00,16.829999923706055,16.84000015258789,16.829999923706055,16.829999923706055,12382,0.0,0.0,0.0
2025-12-15 02:05:00+00:00,16.829999923706055,16.84000015258789,16.829999923706055,16.84000015258789,12006,0.0,0.0,0.0
2025-12-15 02:10:00+00:00,16.84000015258789,16.850000381469727,16.84000015258789,16.850000381469727,22542,0.0,0.0,0.0
2025-12-15 02:15:00+00:00,16.850000381469727,16.850000381469727,16.850000381469727,16.850000381469727,8758,0.0,0.0,0.0
2025-12-15 02:20:00+00:00,16.860000610351562,16.860000610351562,16.860000610351562,16.860000610351562,7080,0.0,0.0,0.0
2025-12-15 02:25:00+00:00,16.860000610351562,16.860000610351562,16.860000610351562,16.860000610351562,5309,0.0,0.0,0.0
2025-12-15 02:30:00+00:00,16.860000610351562,16.8700008392334,16.860000610351562,16.8700008392334,10318,0.0,0.0,0.0
2025-12-15 02:35:00+00:00,16.8700008392334,16.8700008392334,16.850000381469727,16.860000610351562,28507,0.0,0.0,0.0
2025-12-15 02:40:00+00:00,16.860000610351562,16.860000610351562,16.829999923706055,16.829999923706055,33813,0.0,0.0,0.0
2025-12-15 02:45:00+00:00,16.850000381469727,16.850000381469727,16.84000015258789,16.84000015258789,33620,0.0,0.0,0.0
2025-12-15 02:50:00+00:00,16.850000381469727,16.850000381469727,16.84000015258789,16.850000381469727,6450,0.0,0.0,0.0
2025-12-15 02:55:00+00:00,16.850000381469727,16.850000381469727,16.850000381469727,16.850000381469727,37893,0.0,0.0,0.0
2025-12-15 03:00:00+00:00,16.850000381469727,16.860000610351562,16.850000381469727,16.860000610351562,4114,0.0,0.0,0.0
2025-12-15 03:05:00+00:00,16.860000610351562,16.860000610351562,16.850000381469727,16.850000381469727,4372,0.0,0.0,0.0
2025-12-15 03:10:00+00:00,16.850000381469727,16.860000610351562,16.850000381469727,16.860000610351562,3013,0.0,0.0,0.0
2025-12-15 03:15:00+00:00,16.860000610351562,16.860000610351562,16.860000610351562,16.860000610351562,4341,0.0,0.0,0.0
2025-12-15 03:20:00+00:00,16.860000610351562,16.8700008392334,16.860000610351562,16.860000610351562,18251,0.0,0.0,0.0
2025-12-15 03:25:00+00:00,16.8700008392334,16.8700008392334,16.8700008392334,16.8700008392334,2010,0.0,0.0,0.0
2025-12-15 03:30:00+00:00,16.860000610351562,16.860000610351562,16.850000381469727,16.850000381469727,38254,0.0,0.0,0.0
2025-12-15 03:35:00+00:00,16.860000610351562,16.860000610351562,16.860000610351562,16.860000610351562,1254,0.0,0.0,0.0
2025-12-15 03:40:00+00:00,16.860000610351562,16.860000610351562,16.850000381469727,16.860000610351562,4515,0.0,0.0,0.0
2025-12-15 03:45:00+00:00,16.850000381469727,16.860000610351562,16.850000381469727,16.860000610351562,4194,0.0,0.0,0.0
2025-12-15 03:50:00+00:00,16.860000610351562,16.860000610351562,16.84000015258789,16.84000015258789,10082,0.0,0.0,0.0
2025-12-15 03:55:00+00:00,16.84000015258789,16.84000015258789,16.81999969482422,16.81999969482422,110366,0.0,0.0,0.0
2025-12-15 04:00:00+00:00,16.829999923706055,16.84000015258789,16.829999923706055,16.84000015258789,5282,0.0,0.0,0.0
2025-12-15 04:05:00+00:00,16.84000015258789,16.850000381469727,16.84000015258789,16.850000381469727,5294,0.0,0.0,0.0
2025-12-15 04:10:00+00:00,16.84000015258789,16.84000015258789,16.829999923706055,16.829999923706055,17408,0.0,0.0,0.0
2025-12-15 04:15:00+00:00,16.829999923706055,16.84000015258789,16.829999923706055,16.829999923706055,5607,0.0,0.0,0.0
2025-12-15 04:20:00+00:00,16.829999923706055,16.829999923706055,16.81999969482422,16.81999969482422,6600,0.0,0.0,0.0
2025-12-15 04:25:00+00:00,16.829999923706055,16.829999923706055,16.81999969482422,16.829999923706055,8028,0.0,0.0,0.0
2025-12-15 04:30:00+00:00,16.829999923706055,16.829999923706055,16.81999969482422,16.81999969482422,8913,0.0,0.0,0.0
2025-12-15 04:35:00+00:00,16.81999969482422,16.829999923706055,16.81999969482422,16.829999923706055,5346,0.0,0.0,0.0
2025-12-15 04:40:00+00:00,16.829999923706055,16.829999923706055,16.829999923706055,16.829999923706055,7627,0.0,0.0,0.0
2025-12-15 04:45:00+00:00,16.829999923706055,16.829999923706055,16.829999923706055,16.829999923706055,4120,0.0,0.0,0.0
2025-12-15 04:50:00+00:00,16.81999969482422,16.829999923706055,16.81999969482422,16.829999923706055,4227,0.0,0.0,0.0
2025-12-15 04:55:00+00:00,16.829999923706055,16.829999923706055,16.829999923706055,16.829999923706055,6454,0.0,0.0,0.0
2025-12-15 05:00:00+00:00,16.829999923706055,16.829999923706055,16.829999923706055,16.829999923706055,4563,0.0,0.0,0.0
2025-12-15 05:05:00+00:00,16.84000015258789,16.84000015258789,16.84000015258789,16.84000015258789,3063,0.0,0.0,0.0
2025-12-15 05:10:00+00:00,16.84000015258789,16.84000015258789,16.81999969482422,16.81999969482422,34297,0.0,0.0,0.0
2025-12-15 05:15:00+00:00,16.829999923706055,16.829999923706055,16.81999969482422,16.81999969482422,39815,0.0,0.0,0.0
2025-12-15 05:20:00+00:00,16.829999923706055,16.829999923706055,16.81999969482422,16.81999969482422,14880,0.0,0.0,0.0
2025-12-16 01:00:00+00:00,16.719999313354492,16.75,16.709999084472656,16.75,0,0.0,0.0,0.0
2025-12-16 01:05:00+00:00,16.75,16.75,16.729999542236328,16.729999542236328,43601,0.0,0.0,0.0
2025-12-16 01:10:00+00:00,16.75,16.75,16.739999771118164,16.739999771118164,30209,0.0,0.0,0.0
2025-12-16 01:15:00+00:00,16.739999771118164,16.739999771118164,16.709999084472656,16.709999084472656,89370,0.0,0.0,0.0
2025-12-16 01:20:00+00:00,16.709999084472656,16.709999084472656,16.709999084472656,16.709999084472656,13330,0.0,0.0,0.0
2025-12-16 01:25:00+00:00,16.709999084472656,16.709999084472656,16.700000762939453,16.700000762939453,55982,0.0,0.0,0.0
2025-12-16 01:30:00+00:00,16.700000762939453,16.700000762939453,16.690000534057617,16.690000534057617,31549,0.0,0.0,0.0
2025-12-16 01:35:00+00:00,16.68000030517578,16.68000030517578,16.6200008392334,16.6200008392334,595624,0.0,0.0,0.0
2025-12-16 01:40:00+00:00,16.65999984741211,16.65999984741211,16.649999618530273,16.649999618530273,19357,0.0,0.0,0.0
2025-12-16 01:45:00+00:00,16.649999618530273,16.649999618530273,16.6200008392334,16.6200008392334,68895,0.0,0.0,0.0
2025-12-16 01:50:00+00:00,16.6200008392334,16.6200008392334,16.610000610351562,16.610000610351562,13983,0.0,0.0,0.0
2025-12-16 01:55:00+00:00,16.610000610351562,16.6200008392334,16.600000381469727,16.600000381469727,95719,0.0,0.0,0.0
2025-12-16 02:00:00+00:00,16.6200008392334,16.6200008392334,16.600000381469727,16.600000381469727,28565,0.0,0.0,0.0
2025-12-16 02:05:00+00:00,16.600000381469727,16.610000610351562,16.600000381469727,16.610000610351562,8458,0.0,0.0,0.0
2025-12-16 02:10:00+00:00,16.610000610351562,16.610000610351562,16.610000610351562,16.610000610351562,10773,0.0,0.0,0.0
2025-12-16 02:15:00+00:00,16.6200008392334,16.6200008392334,16.610000610351562,16.6200008392334,14615,0.0,0.0,0.0
2025-12-16 02:20:00+00:00,16.6299991607666,16.6299991607666,16.6200008392334,16.6200008392334,12146,0.0,0.0,0.0
2025-12-16 02:25:00+00:00,16.6299991607666,16.639999389648438,16.6299991607666,16.639999389648438,3019,0.0,0.0,0.0
2025-12-16 02:30:00+00:00,16.649999618530273,16.649999618530273,16.6299991607666,16.6299991607666,39927,0.0,0.0,0.0
2025-12-16 02:35:00+00:00,16.6299991607666,16.6299991607666,16.600000381469727,16.600000381469727,118145,0.0,0.0,0.0
2025-12-16 02:40:00+00:00,16.600000381469727,16.600000381469727,16.56999969482422,16.600000381469727,169394,0.0,0.0,0.0
2025-12-16 02:45:00+00:00,16.600000381469727,16.600000381469727,16.59000015258789,16.59000015258789,13314,0.0,0.0,0.0
2025-12-16 02:50:00+00:00,16.600000381469727,16.600000381469727,16.59000015258789,16.59000015258789,7244,0.0,0.0,0.0
2025-12-16 02:55:00+00:00,16.579999923706055,16.579999923706055,16.56999969482422,16.56999969482422,52678,0.0,0.0,0.0
2025-12-16 03:00:00+00:00,16.579999923706055,16.579999923706055,16.559999465942383,16.559999465942383,48915,0.0,0.0,0.0
2025-12-16 03:05:00+00:00,16.559999465942383,16.559999465942383,16.540000915527344,16.540000915527344,68310,0.0,0.0,0.0
2025-12-16 03:10:00+00:00,16.540000915527344,16.540000915527344,16.530000686645508,16.530000686645508,38809,0.0,0.0,0.0
2025-12-16 03:15:00+00:00,16.530000686645508,16.530000686645508,16.530000686645508,16.530000686645508,14784,0.0,0.0,0.0
2025-12-16 03:20:00+00:00,16.530000686645508,16.530000686645508,16.510000228881836,16.530000686645508,29877,0.0,0.0,0.0
2025-12-16 03:25:00+00:00,16.510000228881836,16.520000457763672,16.510000228881836,16.520000457763672,20116,0.0,0.0,0.0
2025-12-16 03:30:00+00:00,16.530000686645508,16.530000686645508,16.520000457763672,16.520000457763672,16796,0.0,0.0,0.0
2025-12-16 03:35:00+00:00,16.530000686645508,16.530000686645508,16.530000686645508,16.530000686645508,3124,0.0,0.0,0.0
2025-12-16 03:40:00+00:00,16.530000686645508,16.540000915527344,16.530000686645508,16.540000915527344,22717,0.0,0.0,0.0
2025-12-16 03:45:00+00:00,16.540000915527344,16.56999969482422,16.540000915527344,16.56999969482422,44930,0.0,0.0,0.0
2025-12-16 03:50:00+00:00,16.56999969482422,16.56999969482422,16.56999969482422,16.56999969482422,4448,0.0,0.0,0.0
2025-12-16 03:55:00+00:00,16.559999465942383,16.59000015258789,16.559999465942383,16.59000015258789,15013,0.0,0.0,0.0
2025-12-16 04:00:00+00:00,16.600000381469727,16.600000381469727,16.579999923706055,16.59000015258789,4128,0.0,0.0,0.0
2025-12-16 04:05:00+00:00,16.59000015258789,16.59000015258789,16.579999923706055,16.579999923706055,7362,0.0,0.0,0.0
2025-12-16 04:10:00+00:00,16.59000015258789,16.59000015258789,16.56999969482422,16.56999969482422,5262,0.0,0.0,0.0
2025-12-16 04:15:00+00:00,16.56999969482422,16.59000015258789,16.56999969482422,16.59000015258789,9672,0.0,0.0,0.0
2025-12-16 04:20:00+00:00,16.59000015258789,16.6200008392334,16.59000015258789,16.6200008392334,42311,0.0,0.0,0.0
2025-12-16 04:25:00+00:00,16.6299991607666,16.649999618530273,16.6299991607666,16.649999618530273,12382,0.0,0.0,0.0
2025-12-16 04:30:00+00:00,16.65999984741211,16.65999984741211,16.65999984741211,16.65999984741211,7565,0.0,0.0,0.0
2025-12-16 04:35:00+00:00,16.65999984741211,16.65999984741211,16.65999984741211,16.65999984741211,24430,0.0,0.0,0.0
2025-12-16 04:40:00+00:00,16.65999984741211,16.65999984741211,16.649999618530273,16.649999618530273,15546,0.0,0.0,0.0
2025-12-16 04:45:00+00:00,16.649999618530273,16.670000076293945,16.649999618530273,16.670000076293945,2238,0.0,0.0,0.0
2025-12-16 04:50:00+00:00,16.670000076293945,16.670000076293945,16.649999618530273,16.649999618530273,41122,0.0,0.0,0.0
2025-12-16 04:55:00+00:00,16.649999618530273,16.65999984741211,16.649999618530273,16.649999618530273,10005,0.0,0.0,0.0
2025-12-16 05:00:00+00:00,16.65999984741211,16.65999984741211,16.65999984741211,16.65999984741211,3280,0.0,0.0,0.0
2025-12-16 05:05:00+00:00,16.65999984741211,16.670000076293945,16.65999984741211,16.670000076293945,9541,0.0,0.0,0.0
2025-12-16 05:10:00+00:00,16.65999984741211,16.670000076293945,16.65999984741211,16.670000076293945,27216,0.0,0.0,0.0
2025-12-16 05:15:00+00:00,16.670000076293945,16.670000076293945,16.65999984741211,16.65999984741211,18351,0.0,0.0,0.0
2025-12-16 05:20:00+00:00,16.65999984741211,16.65999984741211,16.65999984741211,16.65999984741211,19192,0.0,0.0,0.0
2025-12-17 01:00:00+00:00,16.65999984741211,16.770000457763672,16.65999984741211,16.75,0,0.0,0.0,0.0
2025-12-17 01:05:00+00:00,16.780000686645508,16.780000686645508,16.729999542236328,16.729999542236328,34237,0.0,0.0,0.0
2025-12-17 01:10:00+00:00,16.729999542236328,16.729999542236328,16.709999084472656,16.709999084472656,15754,0.0,0.0,0.0
2025-12-17 01:15:00+00:00,16.709999084472656,16.709999084472656,16.700000762939453,16.709999084472656,46369,0.0,0.0,0.0
2025-12-17 01:20:00+00:00,16.719999313354492,16.729999542236328,16.719999313354492,16.729999542236328,50094,0.0,0.0,0.0
2025-12-17 01:25:00+00:00,16.729999542236328,16.729999542236328,16.729999542236328,16.729999542236328,6077,0.0,0.0,0.0
2025-12-17 01:30:00+00:00,16.729999542236328,16.729999542236328,16.729999542236328,16.729999542236328,31050,0.0,0.0,0.0
2025-12-17 01:35:00+00:00,16.739999771118164,16.739999771118164,16.729999542236328,16.729999542236328,7061,0.0,0.0,0.0
2025-12-17 01:40:00+00:00,16.729999542236328,16.75,16.729999542236328,16.75,26030,0.0,0.0,0.0
2025-12-17 01:45:00+00:00,16.760000228881836,16.760000228881836,16.75,16.75,29411,0.0,0.0,0.0
2025-12-17 01:55:00+00:00,16.729999542236328,16.75,16.729999542236328,16.75,2049,0.0,0.0,0.0
2025-12-17 02:00:00+00:00,16.739999771118164,16.739999771118164,16.739999771118164,16.739999771118164,4268,0.0,0.0,0.0
2025-12-17 02:05:00+00:00,16.739999771118164,16.739999771118164,16.739999771118164,16.739999771118164,3050,0.0,0.0,0.0
2025-12-17 02:10:00+00:00,16.75,16.75,16.75,16.75,61158,0.0,0.0,0.0
2025-12-17 02:15:00+00:00,16.75,16.75,16.739999771118164,16.739999771118164,11439,0.0,0.0,0.0
2025-12-17 02:20:00+00:00,16.729999542236328,16.739999771118164,16.719999313354492,16.739999771118164,10425,0.0,0.0,0.0
2025-12-17 02:25:00+00:00,16.719999313354492,16.719999313354492,16.719999313354492,16.719999313354492,1346,0.0,0.0,0.0
2025-12-17 02:30:00+00:00,16.719999313354492,16.719999313354492,16.719999313354492,16.719999313354492,5088,0.0,0.0,0.0
2025-12-17 02:35:00+00:00,16.719999313354492,16.729999542236328,16.719999313354492,16.729999542236328,2069,0.0,0.0,0.0
2025-12-17 02:40:00+00:00,16.729999542236328,16.729999542236328,16.719999313354492,16.719999313354492,10048,0.0,0.0,0.0
2025-12-17 02:45:00+00:00,16.719999313354492,16.719999313354492,16.719999313354492,16.719999313354492,1158,0.0,0.0,0.0
2025-12-17 02:50:00+00:00,16.729999542236328,16.739999771118164,16.729999542236328,16.739999771118164,21059,0.0,0.0,0.0
2025-12-17 03:00:00+00:00,16.739999771118164,16.75,16.739999771118164,16.75,48398,0.0,0.0,0.0
2025-12-17 03:05:00+00:00,16.760000228881836,16.770000457763672,16.760000228881836,16.770000457763672,4628,0.0,0.0,0.0
2025-12-17 03:10:00+00:00,16.760000228881836,16.780000686645508,16.760000228881836,16.780000686645508,7049,0.0,0.0,0.0
2025-12-17 03:15:00+00:00,16.770000457763672,16.770000457763672,16.770000457763672,16.770000457763672,15258,0.0,0.0,0.0
2025-12-17 03:20:00+00:00,16.760000228881836,16.760000228881836,16.760000228881836,16.760000228881836,3130,0.0,0.0,0.0
2025-12-17 03:30:00+00:00,16.770000457763672,16.770000457763672,16.770000457763672,16.770000457763672,20034,0.0,0.0,0.0
2025-12-17 03:35:00+00:00,16.770000457763672,16.770000457763672,16.770000457763672,16.770000457763672,2117,0.0,0.0,0.0
2025-12-17 03:40:00+00:00,16.770000457763672,16.770000457763672,16.770000457763672,16.770000457763672,1339,0.0,0.0,0.0
2025-12-17 03:45:00+00:00,16.760000228881836,16.780000686645508,16.760000228881836,16.780000686645508,2720,0.0,0.0,0.0
2025-12-17 03:50:00+00:00,16.780000686645508,16.780000686645508,16.780000686645508,16.780000686645508,2027,0.0,0.0,0.0
2025-12-17 03:55:00+00:00,16.780000686645508,16.780000686645508,16.770000457763672,16.770000457763672,29212,0.0,0.0,0.0
2025-12-17 04:00:00+00:00,16.760000228881836,16.760000228881836,16.760000228881836,16.760000228881836,14268,0.0,0.0,0.0
2025-12-17 04:05:00+00:00,16.75,16.75,16.75,16.75,1014,0.0,0.0,0.0
2025-12-17 04:10:00+00:00,16.760000228881836,16.760000228881836,16.760000228881836,16.760000228881836,5066,0.0,0.0,0.0
2025-12-17 04:15:00+00:00,16.760000228881836,16.760000228881836,16.760000228881836,16.760000228881836,1232,0.0,0.0,0.0
2025-12-17 04:20:00+00:00,16.75,16.75,16.739999771118164,16.739999771118164,16495,0.0,0.0,0.0
2025-12-17 04:25:00+00:00,16.729999542236328,16.729999542236328,16.709999084472656,16.709999084472656,21383,0.0,0.0,0.0
2025-12-17 04:30:00+00:00,16.729999542236328,16.729999542236328,16.729999542236328,16.729999542236328,1617,0.0,0.0,0.0
2025-12-17 04:35:00+00:00,16.700000762939453,16.700000762939453,16.68000030517578,16.68000030517578,24555,0.0,0.0,0.0
2025-12-17 04:40:00+00:00,16.68000030517578,16.68000030517578,16.68000030517578,16.68000030517578,8710,0.0,0.0,0.0
2025-12-17 04:45:00+00:00,16.68000030517578,16.68000030517578,16.670000076293945,16.670000076293945,13677,0.0,0.0,0.0
2025-12-17 04:50:00+00:00,16.68000030517578,16.68000030517578,16.639999389648438,16.639999389648438,14953,0.0,0.0,0.0
2025-12-17 04:55:00+00:00,16.649999618530273,16.649999618530273,16.649999618530273,16.649999618530273,8134,0.0,0.0,0.0
2025-12-17 05:00:00+00:00,16.649999618530273,16.649999618530273,16.639999389648438,16.639999389648438,13067,0.0,0.0,0.0
2025-12-17 05:05:00+00:00,16.639999389648438,16.649999618530273,16.639999389648438,16.649999618530273,26081,0.0,0.0,0.0
2025-12-17 05:10:00+00:00,16.649999618530273,16.649999618530273,16.639999389648438,16.639999389648438,404580,0.0,0.0,0.0
2025-12-17 05:15:00+00:00,16.649999618530273,16.65999984741211,16.649999618530273,16.649999618530273,7780,0.0,0.0,0.0
2025-12-17 05:20:00+00:00,16.649999618530273,16.670000076293945,16.649999618530273,16.65999984741211,11216,0.0,0.0,0.0
2025-12-18 01:00:00+00:00,16.6299991607666,16.6299991607666,16.59000015258789,16.59000015258789,0,0.0,0.0,0.0
2025-12-18 01:05:00+00:00,16.579999923706055,16.579999923706055,16.579999923706055,16.579999923706055,10000,0.0,0.0,0.0
2025-12-18 01:10:00+00:00,16.579999923706055,16.59000015258789,16.56999969482422,16.59000015258789,33379,0.0,0.0,0.0
2025-12-18 01:15:00+00:00,16.59000015258789,16.59000015258789,16.579999923706055,16.579999923706055,11656,0.0,0.0,0.0
2025-12-18 01:20:00+00:00,16.579999923706055,16.59000015258789,16.579999923706055,16.59000015258789,7441,0.0,0.0,0.0
2025-12-18 01:25:00+00:00,16.579999923706055,16.579999923706055,16.56999969482422,16.56999969482422,20106,0.0,0.0,0.0
2025-12-18 01:30:00+00:00,16.579999923706055,16.579999923706055,16.56999969482422,16.56999969482422,9647,0.0,0.0,0.0
2025-12-18 01:35:00+00:00,16.59000015258789,16.59000015258789,16.59000015258789,16.59000015258789,25772,0.0,0.0,0.0
2025-12-18 01:40:00+00:00,16.59000015258789,16.600000381469727,16.59000015258789,16.600000381469727,41903,0.0,0.0,0.0
2025-12-18 01:45:00+00:00,16.610000610351562,16.639999389648438,16.600000381469727,16.639999389648438,42378,0.0,0.0,0.0
2025-12-18 01:50:00+00:00,16.6299991607666,16.6299991607666,16.6299991607666,16.6299991607666,8907,0.0,0.0,0.0
2025-12-18 01:55:00+00:00,16.6200008392334,16.6200008392334,16.6200008392334,16.6200008392334,6070,0.0,0.0,0.0
2025-12-18 02:00:00+00:00,16.610000610351562,16.610000610351562,16.600000381469727,16.600000381469727,5142,0.0,0.0,0.0
2025-12-18 02:05:00+00:00,16.600000381469727,16.600000381469727,16.56999969482422,16.56999969482422,39995,0.0,0.0,0.0
2025-12-18 02:10:00+00:00,16.56999969482422,16.56999969482422,16.56999969482422,16.56999969482422,3165,0.0,0.0,0.0
2025-12-18 02:15:00+00:00,16.59000015258789,16.600000381469727,16.59000015258789,16.600000381469727,3440,0.0,0.0,0.0
2025-12-18 02:20:00+00:00,16.610000610351562,16.610000610351562,16.610000610351562,16.610000610351562,6403,0.0,0.0,0.0
2025-12-18 02:25:00+00:00,16.610000610351562,16.610000610351562,16.610000610351562,16.610000610351562,2100,0.0,0.0,0.0
2025-12-18 02:30:00+00:00,16.610000610351562,16.610000610351562,16.610000610351562,16.610000610351562,9246,0.0,0.0,0.0
2025-12-18 02:35:00+00:00,16.6299991607666,16.6299991607666,16.6299991607666,16.6299991607666,1186,0.0,0.0,0.0
2025-12-18 02:40:00+00:00,16.6200008392334,16.6200008392334,16.610000610351562,16.610000610351562,3041,0.0,0.0,0.0
2025-12-18 02:45:00+00:00,16.6299991607666,16.6299991607666,16.6299991607666,16.6299991607666,1774,0.0,0.0,0.0
2025-12-18 02:50:00+00:00,16.6200008392334,16.6200008392334,16.6200008392334,16.6200008392334,2852,0.0,0.0,0.0
2025-12-18 02:55:00+00:00,16.6200008392334,16.6200008392334,16.59000015258789,16.59000015258789,77362,0.0,0.0,0.0
2025-12-18 03:00:00+00:00,16.600000381469727,16.600000381469727,16.600000381469727,16.600000381469727,1030,0.0,0.0,0.0
2025-12-18 03:20:00+00:00,16.56999969482422,16.56999969482422,16.559999465942383,16.559999465942383,111221,0.0,0.0,0.0
2025-12-18 03:25:00+00:00,16.559999465942383,16.559999465942383,16.549999237060547,16.549999237060547,38141,0.0,0.0,0.0
2025-12-18 03:35:00+00:00,16.549999237060547,16.559999465942383,16.549999237060547,16.549999237060547,11420,0.0,0.0,0.0
2025-12-18 03:40:00+00:00,16.559999465942383,16.559999465942383,16.559999465942383,16.559999465942383,4503,0.0,0.0,0.0
2025-12-18 03:45:00+00:00,16.559999465942383,16.559999465942383,16.559999465942383,16.559999465942383,6370,0.0,0.0,0.0
2025-12-18 03:50:00+00:00,16.559999465942383,16.559999465942383,16.559999465942383,16.559999465942383,3342,0.0,0.0,0.0
2025-12-18 03:55:00+00:00,16.559999465942383,16.559999465942383,16.549999237060547,16.549999237060547,26010,0.0,0.0,0.0
2025-12-18 04:00:00+00:00,16.56999969482422,16.56999969482422,16.56999969482422,16.56999969482422,11539,0.0,0.0,0.0
2025-12-18 04:05:00+00:00,16.56999969482422,16.56999969482422,16.56999969482422,16.56999969482422,10069,0.0,0.0,0.0
2025-12-18 04:10:00+00:00,16.56999969482422,16.56999969482422,16.56999969482422,16.56999969482422,1608,0.0,0.0,0.0
2025-12-18 04:15:00+00:00,16.56999969482422,16.56999969482422,16.56999969482422,16.56999969482422,2443,0.0,0.0,0.0
2025-12-18 04:20:00+00:00,16.56999969482422,16.56999969482422,16.56999969482422,16.56999969482422,1008,0.0,0.0,0.0
2025-12-18 04:25:00+00:00,16.579999923706055,16.579999923706055,16.56999969482422,16.56999969482422,8590,0.0,0.0,0.0
2025-12-18 04:30:00+00:00,16.579999923706055,16.59000015258789,16.579999923706055,16.59000015258789,46683,0.0,0.0,0.0
2025-12-18 04:40:00+00:00,16.600000381469727,16.600000381469727,16.600000381469727,16.600000381469727,3795,0.0,0.0,0.0
2025-12-18 04:50:00+00:00,16.600000381469727,16.600000381469727,16.59000015258789,16.59000015258789,28734,0.0,0.0,0.0
2025-12-18 04:55:00+00:00,16.600000381469727,16.600000381469727,16.600000381469727,16.600000381469727,2267,0.0,0.0,0.0
2025-12-18 05:00:00+00:00,16.600000381469727,16.600000381469727,16.600000381469727,16.600000381469727,16235,0.0,0.0,0.0
2025-12-18 05:05:00+00:00,16.600000381469727,16.600000381469727,16.59000015258789,16.600000381469727,26178,0.0,0.0,0.0
2025-12-18 05:10:00+00:00,16.6200008392334,16.6200008392334,16.600000381469727,16.600000381469727,5386,0.0,0.0,0.0
2025-12-18 05:15:00+00:00,16.6200008392334,16.6200008392334,16.600000381469727,16.600000381469727,13131,0.0,0.0,0.0
2025-12-18 05:20:00+00:00,16.600000381469727,16.600000381469727,16.59000015258789,16.600000381469727,6957,0.0,0.0,0.0
2025-12-19 01:00:00+00:00,16.719999313354492,16.729999542236328,16.719999313354492,16.729999542236328,0,0.0,0.0,0.0
2025-12-19 01:05:00+00:00,16.719999313354492,16.75,16.719999313354492,16.75,61116,0.0,0.0,0.0
2025-12-19 01:10:00+00:00,16.75,16.760000228881836,16.75,16.760000228881836,14293,0.0,0.0,0.0
2025-12-19 01:15:00+00:00,16.760000228881836,16.770000457763672,16.760000228881836,16.770000457763672,32063,0.0,0.0,0.0
2025-12-19 01:20:00+00:00,16.770000457763672,16.780000686645508,16.770000457763672,16.770000457763672,34493,0.0,0.0,0.0
2025-12-19 01:25:00+00:00,16.770000457763672,16.770000457763672,16.760000228881836,16.760000228881836,51020,0.0,0.0,0.0
2025-12-19 01:30:00+00:00,16.770000457763672,16.770000457763672,16.75,16.75,14836,0.0,0.0,0.0
2025-12-19 01:35:00+00:00,16.75,16.75,16.75,16.75,2233,0.0,0.0,0.0
2025-12-19 01:40:00+00:00,16.729999542236328,16.75,16.729999542236328,16.75,18245,0.0,0.0,0.0
2025-12-19 01:45:00+00:00,16.75,16.75,16.75,16.75,2253,0.0,0.0,0.0
2025-12-19 01:50:00+00:00,16.75,16.75,16.75,16.75,25853,0.0,0.0,0.0
2025-12-19 01:55:00+00:00,16.75,16.760000228881836,16.75,16.760000228881836,2034,0.0,0.0,0.0
2025-12-19 02:00:00+00:00,16.760000228881836,16.760000228881836,16.760000228881836,16.760000228881836,4289,0.0,0.0,0.0
2025-12-19 02:05:00+00:00,16.75,16.75,16.75,16.75,11025,0.0,0.0,0.0
2025-12-19 02:10:00+00:00,16.75,16.770000457763672,16.75,16.770000457763672,60303,0.0,0.0,0.0
2025-12-19 02:15:00+00:00,16.780000686645508,16.780000686645508,16.770000457763672,16.770000457763672,3593,0.0,0.0,0.0
2025-12-19 02:20:00+00:00,16.770000457763672,16.780000686645508,16.770000457763672,16.780000686645508,34654,0.0,0.0,0.0
2025-12-19 02:25:00+00:00,16.780000686645508,16.780000686645508,16.780000686645508,16.780000686645508,47083,0.0,0.0,0.0
2025-12-19 02:30:00+00:00,16.790000915527344,16.790000915527344,16.790000915527344,16.790000915527344,1772,0.0,0.0,0.0
2025-12-19 02:35:00+00:00,16.770000457763672,16.770000457763672,16.75,16.75,18053,0.0,0.0,0.0
2025-12-19 02:40:00+00:00,16.75,16.75,16.75,16.75,17019,0.0,0.0,0.0
2025-12-19 02:45:00+00:00,16.760000228881836,16.770000457763672,16.760000228881836,16.770000457763672,3172,0.0,0.0,0.0
2025-12-19 02:50:00+00:00,16.770000457763672,16.770000457763672,16.770000457763672,16.770000457763672,27142,0.0,0.0,0.0
2025-12-19 03:00:00+00:00,16.760000228881836,16.760000228881836,16.739999771118164,16.739999771118164,10139,0.0,0.0,0.0
2025-12-19 03:05:00+00:00,16.760000228881836,16.760000228881836,16.760000228881836,16.760000228881836,2800,0.0,0.0,0.0
2025-12-19 03:15:00+00:00,16.760000228881836,16.760000228881836,16.760000228881836,16.760000228881836,1163,0.0,0.0,0.0
2025-12-19 03:20:00+00:00,16.739999771118164,16.75,16.739999771118164,16.75,23054,0.0,0.0,0.0
2025-12-19 03:25:00+00:00,16.760000228881836,16.81999969482422,16.760000228881836,16.799999237060547,427101,0.0,0.0,0.0
2025-12-19 03:30:00+00:00,16.809999465942383,16.809999465942383,16.809999465942383,16.809999465942383,2431,0.0,0.0,0.0
2025-12-19 03:35:00+00:00,16.809999465942383,16.81999969482422,16.799999237060547,16.799999237060547,12026,0.0,0.0,0.0
2025-12-19 03:40:00+00:00,16.799999237060547,16.799999237060547,16.799999237060547,16.799999237060547,61071,0.0,0.0,0.0
2025-12-19 03:45:00+00:00,16.799999237060547,16.81999969482422,16.799999237060547,16.81999969482422,5028,0.0,0.0,0.0
2025-12-19 03:50:00+00:00,16.799999237060547,16.799999237060547,16.799999237060547,16.799999237060547,2625,0.0,0.0,0.0
2025-12-19 04:00:00+00:00,16.809999465942383,16.809999465942383,16.809999465942383,16.809999465942383,1147,0.0,0.0,0.0
2025-12-19 04:05:00+00:00,16.809999465942383,16.809999465942383,16.809999465942383,16.809999465942383,2033,0.0,0.0,0.0
2025-12-19 04:10:00+00:00,16.799999237060547,16.799999237060547,16.799999237060547,16.799999237060547,16057,0.0,0.0,0.0
2025-12-19 04:20:00+00:00,16.799999237060547,16.799999237060547,16.790000915527344,16.790000915527344,4323,0.0,0.0,0.0
2025-12-19 04:25:00+00:00,16.780000686645508,16.780000686645508,16.780000686645508,16.780000686645508,1100,0.0,0.0,0.0
2025-12-19 04:30:00+00:00,16.780000686645508,16.780000686645508,16.780000686645508,16.780000686645508,4615,0.0,0.0,0.0
2025-12-19 04:40:00+00:00,16.780000686645508,16.780000686645508,16.770000457763672,16.770000457763672,6974,0.0,0.0,0.0
2025-12-19 04:45:00+00:00,16.770000457763672,16.770000457763672,16.770000457763672,16.770000457763672,2084,0.0,0.0,0.0
2025-12-19 04:55:00+00:00,16.770000457763672,16.770000457763672,16.760000228881836,16.760000228881836,7058,0.0,0.0,0.0
2025-12-19 05:00:00+00:00,16.760000228881836,16.760000228881836,16.760000228881836,16.760000228881836,5276,0.0,0.0,0.0
2025-12-19 05:05:00+00:00,16.770000457763672,16.770000457763672,16.770000457763672,16.770000457763672,6224,0.0,0.0,0.0
2025-12-19 05:10:00+00:00,16.770000457763672,16.780000686645508,16.770000457763672,16.780000686645508,15193,0.0,0.0,0.0
2025-12-19 05:15:00+00:00,16.780000686645508,16.780000686645508,16.770000457763672,16.780000686645508,7571,0.0,0.0,0.0
2025-12-19 05:20:00+00:00,16.780000686645508,16.799999237060547,16.780000686645508,16.799999237060547,66414,0.0,0.0,0.0
2025-12-22 01:00:00+00:00,16.959999084472656,16.969999313354492,16.950000762939453,16.950000762939453,0,0.0,0.0,0.0
2025-12-22 01:05:00+00:00,16.959999084472656,16.989999771118164,16.959999084472656,16.989999771118164,36895,0.0,0.0,0.0
2025-12-22 01:10:00+00:00,16.969999313354492,16.969999313354492,16.969999313354492,16.969999313354492,5937,0.0,0.0,0.0
2025-12-22 01:15:00+00:00,16.959999084472656,16.969999313354492,16.950000762939453,16.950000762939453,32547,0.0,0.0,0.0
2025-12-22 01:20:00+00:00,16.959999084472656,16.969999313354492,16.950000762939453,16.969999313354492,17408,0.0,0.0,0.0
2025-12-22 01:25:00+00:00,16.969999313354492,16.969999313354492,16.959999084472656,16.959999084472656,17227,0.0,0.0,0.0
2025-12-22 01:30:00+00:00,16.959999084472656,16.959999084472656,16.950000762939453,16.959999084472656,3727,0.0,0.0,0.0
2025-12-22 01:35:00+00:00,16.959999084472656,16.959999084472656,16.950000762939453,16.950000762939453,8027,0.0,0.0,0.0
2025-12-22 01:40:00+00:00,16.950000762939453,16.950000762939453,16.93000030517578,16.93000030517578,6419,0.0,0.0,0.0
2025-12-22 01:45:00+00:00,16.93000030517578,16.950000762939453,16.93000030517578,16.950000762939453,13069,0.0,0.0,0.0
2025-12-22 01:50:00+00:00,16.93000030517578,16.93000030517578,16.93000030517578,16.93000030517578,4147,0.0,0.0,0.0
2025-12-22 01:55:00+00:00,16.940000534057617,16.940000534057617,16.93000030517578,16.940000534057617,4004,0.0,0.0,0.0
2025-12-22 02:00:00+00:00,16.940000534057617,16.950000762939453,16.93000030517578,16.950000762939453,41862,0.0,0.0,0.0
2025-12-22 02:05:00+00:00,16.940000534057617,16.950000762939453,16.940000534057617,16.940000534057617,25903,0.0,0.0,0.0
2025-12-22 02:10:00+00:00,16.940000534057617,16.959999084472656,16.940000534057617,16.950000762939453,47292,0.0,0.0,0.0
2025-12-22 02:15:00+00:00,16.959999084472656,16.979999542236328,16.959999084472656,16.979999542236328,88249,0.0,0.0,0.0
2025-12-22 02:20:00+00:00,16.979999542236328,16.979999542236328,16.979999542236328,16.979999542236328,4045,0.0,0.0,0.0
2025-12-22 02:25:00+00:00,16.979999542236328,16.979999542236328,16.969999313354492,16.969999313354492,4000,0.0,0.0,0.0
2025-12-22 02:30:00+00:00,16.969999313354492,16.969999313354492,16.959999084472656,16.969999313354492,11172,0.0,0.0,0.0
2025-12-22 02:35:00+00:00,16.979999542236328,16.979999542236328,16.979999542236328,16.979999542236328,63830,0.0,0.0,0.0
2025-12-22 02:40:00+00:00,16.989999771118164,17.0,16.989999771118164,17.0,245203,0.0,0.0,0.0
2025-12-22 02:45:00+00:00,17.010000228881836,17.010000228881836,17.010000228881836,17.010000228881836,55212,0.0,0.0,0.0
2025-12-22 02:50:00+00:00,17.010000228881836,17.010000228881836,17.0,17.0,23534,0.0,0.0,0.0
2025-12-22 02:55:00+00:00,17.010000228881836,17.030000686645508,17.010000228881836,17.020000457763672,131111,0.0,0.0,0.0
2025-12-22 03:00:00+00:00,17.030000686645508,17.030000686645508,17.020000457763672,17.020000457763672,15201,0.0,0.0,0.0
2025-12-22 03:05:00+00:00,17.020000457763672,17.030000686645508,17.020000457763672,17.020000457763672,46353,0.0,0.0,0.0
2025-12-22 03:10:00+00:00,17.030000686645508,17.030000686645508,17.020000457763672,17.020000457763672,85032,0.0,0.0,0.0
2025-12-22 03:15:00+00:00,17.020000457763672,17.030000686645508,17.020000457763672,17.030000686645508,3322,0.0,0.0,0.0
2025-12-22 03:20:00+00:00,17.030000686645508,17.030000686645508,17.020000457763672,17.020000457763672,2019,0.0,0.0,0.0
2025-12-22 03:25:00+00:00,17.020000457763672,17.030000686645508,17.020000457763672,17.030000686645508,5044,0.0,0.0,0.0
2025-12-22 03:30:00+00:00,17.020000457763672,17.030000686645508,17.020000457763672,17.030000686645508,3573,0.0,0.0,0.0
2025-12-22 03:35:00+00:00,17.020000457763672,17.030000686645508,17.020000457763672,17.030000686645508,3053,0.0,0.0,0.0
2025-12-22 03:40:00+00:00,17.020000457763672,17.020000457763672,17.020000457763672,17.020000457763672,4312,0.0,0.0,0.0
2025-12-22 03:45:00+00:00,17.010000228881836,17.020000457763672,17.010000228881836,17.020000457763672,6054,0.0,0.0,0.0
2025-12-22 03:50:00+00:00,17.020000457763672,17.020000457763672,17.0,17.0,9044,0.0,0.0,0.0
2025-12-22 03:55:00+00:00,17.0,17.020000457763672,17.0,17.020000457763672,6218,0.0,0.0,0.0
2025-12-22 04:00:00+00:00,17.020000457763672,17.020000457763672,17.020000457763672,17.020000457763672,11055,0.0,0.0,0.0
2025-12-22 04:05:00+00:00,17.020000457763672,17.020000457763672,17.010000228881836,17.010000228881836,2310,0.0,0.0,0.0
2025-12-22 04:10:00+00:00,17.0,17.0,17.0,17.0,2010,0.0,0.0,0.0
2025-12-22 04:15:00+00:00,17.0,17.0,16.989999771118164,16.989999771118164,7386,0.0,0.0,0.0
2025-12-22 04:20:00+00:00,17.0,17.0,17.0,17.0,2340,0.0,0.0,0.0
2025-12-22 04:25:00+00:00,17.0,17.0,17.0,17.0,2092,0.0,0.0,0.0
2025-12-22 04:30:00+00:00,17.0,17.010000228881836,17.0,17.010000228881836,204379,0.0,0.0,0.0
2025-12-22 04:35:00+00:00,16.979999542236328,16.979999542236328,16.979999542236328,16.979999542236328,21010,0.0,0.0,0.0
2025-12-22 04:40:00+00:00,16.979999542236328,17.0,16.979999542236328,17.0,17009,0.0,0.0,0.0
2025-12-22 04:45:00+00:00,17.0,17.0,17.0,17.0,1100,0.0,0.0,0.0
2025-12-22 04:50:00+00:00,16.979999542236328,16.989999771118164,16.979999542236328,16.989999771118164,25030,0.0,0.0,0.0
2025-12-22 04:55:00+00:00,17.0,17.0,16.989999771118164,17.0,7934,0.0,0.0,0.0
2025-12-22 05:00:00+00:00,17.0,17.0,17.0,17.0,1112,0.0,0.0,0.0
2025-12-22 05:05:00+00:00,17.0,17.0,17.0,17.0,2096,0.0,0.0,0.0
2025-12-22 05:10:00+00:00,16.989999771118164,16.989999771118164,16.989999771118164,16.989999771118164,2266,0.0,0.0,0.0
2025-12-22 05:15:00+00:00,17.0,17.0,16.989999771118164,17.0,24002,0.0,0.0,0.0
2025-12-22 05:20:00+00:00,16.989999771118164,17.0,16.989999771118164,17.0,7339,0.0,0.0,0.0
2025-12-23 01:00:00+00:00,17.020000457763672,17.059999465942383,17.020000457763672,17.059999465942383,0,0.0,0.0,0.0
2025-12-23 01:05:00+00:00,17.059999465942383,17.059999465942383,17.049999237060547,17.059999465942383,205567,0.0,0.0,0.0
2025-12-23 01:10:00+00:00,17.049999237060547,17.059999465942383,17.049999237060547,17.049999237060547,15202,0.0,0.0,0.0
2025-12-23 01:15:00+00:00,17.049999237060547,17.049999237060547,17.049999237060547,17.049999237060547,8141,0.0,0.0,0.0
2025-12-23 01:20:00+00:00,17.049999237060547,17.049999237060547,17.030000686645508,17.030000686645508,24572,0.0,0.0,0.0
2025-12-23 01:25:00+00:00,17.040000915527344,17.040000915527344,17.030000686645508,17.040000915527344,28511,0.0,0.0,0.0
2025-12-23 01:30:00+00:00,17.049999237060547,17.049999237060547,17.030000686645508,17.040000915527344,20180,0.0,0.0,0.0
2025-12-23 01:35:00+00:00,17.040000915527344,17.049999237060547,17.040000915527344,17.049999237060547,7260,0.0,0.0,0.0
2025-12-23 01:40:00+00:00,17.049999237060547,17.049999237060547,17.049999237060547,17.049999237060547,57845,0.0,0.0,0.0
2025-12-23 01:45:00+00:00,17.059999465942383,17.059999465942383,17.040000915527344,17.040000915527344,17140,0.0,0.0,0.0
2025-12-23 01:50:00+00:00,17.059999465942383,17.059999465942383,17.049999237060547,17.059999465942383,18190,0.0,0.0,0.0
2025-12-23 01:55:00+00:00,17.049999237060547,17.06999969482422,17.049999237060547,17.06999969482422,130353,0.0,0.0,0.0
2025-12-23 02:00:00+00:00,17.06999969482422,17.079999923706055,17.06999969482422,17.079999923706055,25706,0.0,0.0,0.0
2025-12-23 02:05:00+00:00,17.06999969482422,17.06999969482422,17.06999969482422,17.06999969482422,12031,0.0,0.0,0.0
2025-12-23 02:10:00+00:00,17.06999969482422,17.06999969482422,17.06999969482422,17.06999969482422,9626,0.0,0.0,0.0
2025-12-23 02:15:00+00:00,17.06999969482422,17.06999969482422,17.06999969482422,17.06999969482422,2197,0.0,0.0,0.0
2025-12-23 02:20:00+00:00,17.06999969482422,17.06999969482422,17.06999969482422,17.06999969482422,11043,0.0,0.0,0.0
2025-12-23 02:25:00+00:00,17.059999465942383,17.059999465942383,17.040000915527344,17.040000915527344,5012,0.0,0.0,0.0
2025-12-23 02:30:00+00:00,17.049999237060547,17.049999237060547,17.040000915527344,17.040000915527344,13420,0.0,0.0,0.0
2025-12-23 02:35:00+00:00,17.030000686645508,17.040000915527344,17.030000686645508,17.040000915527344,5080,0.0,0.0,0.0
2025-12-23 02:40:00+00:00,17.030000686645508,17.030000686645508,17.030000686645508,17.030000686645508,1029,0.0,0.0,0.0
2025-12-23 02:45:00+00:00,17.049999237060547,17.049999237060547,17.030000686645508,17.030000686645508,9207,0.0,0.0,0.0
2025-12-23 02:50:00+00:00,17.040000915527344,17.040000915527344,17.040000915527344,17.040000915527344,4085,0.0,0.0,0.0
2025-12-23 02:55:00+00:00,17.040000915527344,17.040000915527344,17.040000915527344,17.040000915527344,3000,0.0,0.0,0.0
2025-12-23 03:00:00+00:00,17.049999237060547,17.049999237060547,17.040000915527344,17.040000915527344,55319,0.0,0.0,0.0
2025-12-23 03:05:00+00:00,17.049999237060547,17.049999237060547,17.030000686645508,17.030000686645508,2080,0.0,0.0,0.0
2025-12-23 03:10:00+00:00,17.030000686645508,17.030000686645508,17.030000686645508,17.030000686645508,3240,0.0,0.0,0.0
2025-12-23 03:15:00+00:00,17.049999237060547,17.049999237060547,17.040000915527344,17.040000915527344,3214,0.0,0.0,0.0
2025-12-23 03:20:00+00:00,17.049999237060547,17.049999237060547,17.040000915527344,17.040000915527344,8561,0.0,0.0,0.0
2025-12-23 03:25:00+00:00,17.040000915527344,17.040000915527344,17.040000915527344,17.040000915527344,3010,0.0,0.0,0.0
2025-12-23 03:30:00+00:00,17.049999237060547,17.049999237060547,17.040000915527344,17.040000915527344,96599,0.0,0.0,0.0
2025-12-23 03:35:00+00:00,17.049999237060547,17.049999237060547,17.049999237060547,17.049999237060547,2135,0.0,0.0,0.0
2025-12-23 03:45:00+00:00,17.049999237060547,17.059999465942383,17.040000915527344,17.040000915527344,10179,0.0,0.0,0.0
2025-12-23 03:50:00+00:00,17.030000686645508,17.030000686645508,17.030000686645508,17.030000686645508,4075,0.0,0.0,0.0
2025-12-23 03:55:00+00:00,17.030000686645508,17.040000915527344,17.030000686645508,17.040000915527344,3010,0.0,0.0,0.0
2025-12-23 04:00:00+00:00,17.040000915527344,17.040000915527344,17.030000686645508,17.030000686645508,2576,0.0,0.0,0.0
2025-12-23 04:05:00+00:00,17.030000686645508,17.040000915527344,17.030000686645508,17.040000915527344,3048,0.0,0.0,0.0
2025-12-23 04:10:00+00:00,17.030000686645508,17.030000686645508,17.030000686645508,17.030000686645508,4686,0.0,0.0,0.0
2025-12-23 04:15:00+00:00,17.040000915527344,17.059999465942383,17.040000915527344,17.059999465942383,42302,0.0,0.0,0.0
2025-12-23 04:20:00+00:00,17.049999237060547,17.059999465942383,17.049999237060547,17.059999465942383,15030,0.0,0.0,0.0
2025-12-23 04:25:00+00:00,17.049999237060547,17.049999237060547,17.049999237060547,17.049999237060547,2037,0.0,0.0,0.0
2025-12-23 04:30:00+00:00,17.059999465942383,17.059999465942383,17.049999237060547,17.059999465942383,28249,0.0,0.0,0.0
2025-12-23 04:35:00+00:00,17.059999465942383,17.059999465942383,17.059999465942383,17.059999465942383,16269,0.0,0.0,0.0
2025-12-23 04:45:00+00:00,17.059999465942383,17.059999465942383,17.059999465942383,17.059999465942383,15110,0.0,0.0,0.0
2025-12-23 04:50:00+00:00,17.049999237060547,17.049999237060547,17.049999237060547,17.049999237060547,7660,0.0,0.0,0.0
2025-12-23 04:55:00+00:00,17.049999237060547,17.049999237060547,17.049999237060547,17.049999237060547,3261,0.0,0.0,0.0
2025-12-23 05:00:00+00:00,17.049999237060547,17.049999237060547,17.049999237060547,17.049999237060547,9992,0.0,0.0,0.0
2025-12-23 05:05:00+00:00,17.049999237060547,17.049999237060547,17.049999237060547,17.049999237060547,2580,0.0,0.0,0.0
2025-12-23 05:10:00+00:00,17.040000915527344,17.040000915527344,17.040000915527344,17.040000915527344,2377,0.0,0.0,0.0
2025-12-23 05:15:00+00:00,17.040000915527344,17.040000915527344,17.040000915527344,17.040000915527344,40885,0.0,0.0,0.0
2025-12-23 05:20:00+00:00,17.040000915527344,17.040000915527344,17.030000686645508,17.030000686645508,30022,0.0,0.0,0.0
2025-12-24 01:00:00+00:00,17.1299991607666,17.139999389648438,17.1299991607666,17.139999389648438,0,0.0,0.0,0.0
2025-12-24 01:05:00+00:00,17.1299991607666,17.139999389648438,17.1299991607666,17.139999389648438,13422,0.0,0.0,0.0
2025-12-24 01:10:00+00:00,17.1299991607666,17.139999389648438,17.1299991607666,17.139999389648438,67816,0.0,0.0,0.0
2025-12-24 01:15:00+00:00,17.139999389648438,17.149999618530273,17.139999389648438,17.149999618530273,6265,0.0,0.0,0.0
2025-12-24 01:20:00+00:00,17.139999389648438,17.139999389648438,17.139999389648438,17.139999389648438,24165,0.0,0.0,0.0
2025-12-24 01:25:00+00:00,17.149999618530273,17.149999618530273,17.139999389648438,17.139999389648438,21050,0.0,0.0,0.0
2025-12-24 01:30:00+00:00,17.149999618530273,17.149999618530273,17.139999389648438,17.139999389648438,5076,0.0,0.0,0.0
2025-12-24 01:35:00+00:00,17.139999389648438,17.139999389648438,17.139999389648438,17.139999389648438,2322,0.0,0.0,0.0
2025-12-24 01:40:00+00:00,17.139999389648438,17.139999389648438,17.139999389648438,17.139999389648438,6090,0.0,0.0,0.0
2025-12-24 01:45:00+00:00,17.1299991607666,17.1299991607666,17.1200008392334,17.1200008392334,23830,0.0,0.0,0.0
2025-12-24 01:50:00+00:00,17.110000610351562,17.110000610351562,17.110000610351562,17.110000610351562,13029,0.0,0.0,0.0
2025-12-24 01:55:00+00:00,17.100000381469727,17.100000381469727,17.100000381469727,17.100000381469727,10512,0.0,0.0,0.0
2025-12-24 02:00:00+00:00,17.100000381469727,17.110000610351562,17.100000381469727,17.110000610351562,4225,0.0,0.0,0.0
2025-12-24 02:05:00+00:00,17.110000610351562,17.110000610351562,17.100000381469727,17.100000381469727,86954,0.0,0.0,0.0
2025-12-24 02:10:00+00:00,17.100000381469727,17.100000381469727,17.100000381469727,17.100000381469727,13223,0.0,0.0,0.0
2025-12-24 02:15:00+00:00,17.110000610351562,17.110000610351562,17.110000610351562,17.110000610351562,5040,0.0,0.0,0.0
2025-12-24 02:20:00+00:00,17.110000610351562,17.1200008392334,17.100000381469727,17.1200008392334,32561,0.0,0.0,0.0
2025-12-24 02:25:00+00:00,17.100000381469727,17.110000610351562,17.100000381469727,17.100000381469727,13084,0.0,0.0,0.0
2025-12-24 02:30:00+00:00,17.09000015258789,17.09000015258789,17.09000015258789,17.09000015258789,17029,0.0,0.0,0.0
2025-12-24 02:35:00+00:00,17.09000015258789,17.09000015258789,17.079999923706055,17.079999923706055,17025,0.0,0.0,0.0
2025-12-24 02:40:00+00:00,17.079999923706055,17.079999923706055,17.079999923706055,17.079999923706055,3116,0.0,0.0,0.0
2025-12-24 02:45:00+00:00,17.079999923706055,17.079999923706055,17.079999923706055,17.079999923706055,9918,0.0,0.0,0.0
2025-12-24 02:50:00+00:00,17.09000015258789,17.09000015258789,17.06999969482422,17.06999969482422,6038,0.0,0.0,0.0
2025-12-24 02:55:00+00:00,17.06999969482422,17.079999923706055,17.06999969482422,17.079999923706055,2003,0.0,0.0,0.0
2025-12-24 03:00:00+00:00,17.079999923706055,17.1200008392334,17.079999923706055,17.1200008392334,140623,0.0,0.0,0.0
2025-12-24 03:05:00+00:00,17.1200008392334,17.1200008392334,17.09000015258789,17.09000015258789,2038,0.0,0.0,0.0
2025-12-24 03:10:00+00:00,17.09000015258789,17.09000015258789,17.09000015258789,17.09000015258789,1697,0.0,0.0,0.0
2025-12-24 03:15:00+00:00,17.09000015258789,17.09000015258789,17.09000015258789,17.09000015258789,1366,0.0,0.0,0.0
2025-12-24 03:20:00+00:00,17.09000015258789,17.09000015258789,17.09000015258789,17.09000015258789,6065,0.0,0.0,0.0
2025-12-24 03:25:00+00:00,17.09000015258789,17.100000381469727,17.09000015258789,17.100000381469727,7173,0.0,0.0,0.0
2025-12-24 03:30:00+00:00,17.100000381469727,17.100000381469727,17.09000015258789,17.09000015258789,5448,0.0,0.0,0.0
2025-12-24 03:35:00+00:00,17.100000381469727,17.100000381469727,17.09000015258789,17.09000015258789,3021,0.0,0.0,0.0
2025-12-24 03:40:00+00:00,17.09000015258789,17.09000015258789,17.09000015258789,17.09000015258789,1045,0.0,0.0,0.0
2025-12-24 03:45:00+00:00,17.09000015258789,17.09000015258789,17.09000015258789,17.09000015258789,1195,0.0,0.0,0.0
2025-12-24 04:00:00+00:00,17.100000381469727,17.100000381469727,17.100000381469727,17.100000381469727,12210,0.0,0.0,0.0
2025-12-24 04:05:00+00:00,17.100000381469727,17.100000381469727,17.100000381469727,17.100000381469727,2064,0.0,0.0,0.0
2025-12-24 04:15:00+00:00,17.100000381469727,17.100000381469727,17.079999923706055,17.079999923706055,16386,0.0,0.0,0.0
2025-12-24 04:20:00+00:00,17.079999923706055,17.079999923706055,17.079999923706055,17.079999923706055,3024,0.0,0.0,0.0
2025-12-24 04:25:00+00:00,17.079999923706055,17.079999923706055,17.079999923706055,17.079999923706055,1023,0.0,0.0,0.0
2025-12-24 04:30:00+00:00,17.09000015258789,17.09000015258789,17.079999923706055,17.079999923706055,97854,0.0,0.0,0.0
2025-12-24 04:35:00+00:00,17.079999923706055,17.079999923706055,17.06999969482422,17.06999969482422,6200,0.0,0.0,0.0
2025-12-24 04:40:00+00:00,17.06999969482422,17.079999923706055,17.06999969482422,17.079999923706055,15291,0.0,0.0,0.0
2025-12-24 04:45:00+00:00,17.079999923706055,17.079999923706055,17.079999923706055,17.079999923706055,10000,0.0,0.0,0.0
2025-12-24 04:50:00+00:00,17.06999969482422,17.06999969482422,17.059999465942383,17.059999465942383,8384,0.0,0.0,0.0
2025-12-24 04:55:00+00:00,17.06999969482422,17.09000015258789,17.06999969482422,17.09000015258789,171182,0.0,0.0,0.0
2025-12-24 05:00:00+00:00,17.09000015258789,17.100000381469727,17.09000015258789,17.100000381469727,3000,0.0,0.0,0.0
2025-12-24 05:05:00+00:00,17.09000015258789,17.09000015258789,17.09000015258789,17.09000015258789,9099,0.0,0.0,0.0
2025-12-24 05:10:00+00:00,17.09000015258789,17.09000015258789,17.079999923706055,17.079999923706055,9355,0.0,0.0,0.0
2025-12-24 05:15:00+00:00,17.079999923706055,17.079999923706055,17.06999969482422,17.06999969482422,65930,0.0,0.0,0.0
2025-12-24 05:20:00+00:00,17.06999969482422,17.06999969482422,17.059999465942383,17.059999465942383,22331,0.0,0.0,0.0
2025-12-26 01:00:00+00:00,17.139999389648438,17.18000030517578,17.139999389648438,17.18000030517578,0,0.0,0.0,0.0
2025-12-26 01:05:00+00:00,17.18000030517578,17.190000534057617,17.18000030517578,17.18000030517578,32000,0.0,0.0,0.0
2025-12-26 01:10:00+00:00,17.18000030517578,17.18000030517578,17.15999984741211,17.170000076293945,24254,0.0,0.0,0.0
2025-12-26 01:15:00+00:00,17.170000076293945,17.170000076293945,17.15999984741211,17.15999984741211,51000,0.0,0.0,0.0
2025-12-26 01:20:00+00:00,17.15999984741211,17.15999984741211,17.149999618530273,17.15999984741211,45412,0.0,0.0,0.0
2025-12-26 01:25:00+00:00,17.149999618530273,17.149999618530273,17.139999389648438,17.139999389648438,21979,0.0,0.0,0.0
2025-12-26 01:30:00+00:00,17.149999618530273,17.149999618530273,17.139999389648438,17.149999618530273,21323,0.0,0.0,0.0
2025-12-26 01:35:00+00:00,17.149999618530273,17.149999618530273,17.139999389648438,17.139999389648438,24654,0.0,0.0,0.0
2025-12-26 01:40:00+00:00,17.139999389648438,17.139999389648438,17.139999389648438,17.139999389648438,3160,0.0,0.0,0.0
2025-12-26 01:45:00+00:00,17.139999389648438,17.139999389648438,17.1299991607666,17.139999389648438,26293,0.0,0.0,0.0
2025-12-26 01:50:00+00:00,17.1299991607666,17.149999618530273,17.1299991607666,17.149999618530273,46053,0.0,0.0,0.0
2025-12-26 01:55:00+00:00,17.149999618530273,17.15999984741211,17.149999618530273,17.15999984741211,286033,0.0,0.0,0.0
2025-12-26 02:00:00+00:00,17.170000076293945,17.170000076293945,17.15999984741211,17.15999984741211,8931,0.0,0.0,0.0
2025-12-26 02:05:00+00:00,17.15999984741211,17.170000076293945,17.15999984741211,17.15999984741211,13502,0.0,0.0,0.0
2025-12-26 02:10:00+00:00,17.15999984741211,17.170000076293945,17.149999618530273,17.15999984741211,8652,0.0,0.0,0.0
2025-12-26 02:15:00+00:00,17.15999984741211,17.170000076293945,17.15999984741211,17.170000076293945,25479,0.0,0.0,0.0
2025-12-26 02:20:00+00:00,17.170000076293945,17.170000076293945,17.149999618530273,17.170000076293945,5060,0.0,0.0,0.0
2025-12-26 02:25:00+00:00,17.15999984741211,17.15999984741211,17.15999984741211,17.15999984741211,12422,0.0,0.0,0.0
2025-12-26 02:30:00+00:00,17.15999984741211,17.15999984741211,17.149999618530273,17.149999618530273,11617,0.0,0.0,0.0
2025-12-26 02:35:00+00:00,17.15999984741211,17.15999984741211,17.149999618530273,17.149999618530273,11691,0.0,0.0,0.0
2025-12-26 02:40:00+00:00,17.149999618530273,17.15999984741211,17.149999618530273,17.15999984741211,36013,0.0,0.0,0.0
2025-12-26 02:45:00+00:00,17.15999984741211,17.170000076293945,17.149999618530273,17.15999984741211,51975,0.0,0.0,0.0
2025-12-26 02:50:00+00:00,17.170000076293945,17.18000030517578,17.170000076293945,17.18000030517578,135000,0.0,0.0,0.0
2025-12-26 02:55:00+00:00,17.18000030517578,17.18000030517578,17.18000030517578,17.18000030517578,2100,0.0,0.0,0.0
2025-12-26 03:00:00+00:00,17.18000030517578,17.18000030517578,17.18000030517578,17.18000030517578,3207,0.0,0.0,0.0
2025-12-26 03:05:00+00:00,17.18000030517578,17.18000030517578,17.18000030517578,17.18000030517578,3032,0.0,0.0,0.0
2025-12-26 03:10:00+00:00,17.18000030517578,17.18000030517578,17.170000076293945,17.18000030517578,94251,0.0,0.0,0.0
2025-12-26 03:15:00+00:00,17.18000030517578,17.190000534057617,17.18000030517578,17.190000534057617,6015,0.0,0.0,0.0
2025-12-26 03:20:00+00:00,17.190000534057617,17.200000762939453,17.190000534057617,17.200000762939453,53094,0.0,0.0,0.0
2025-12-26 03:25:00+00:00,17.200000762939453,17.200000762939453,17.190000534057617,17.190000534057617,179030,0.0,0.0,0.0
2025-12-26 03:30:00+00:00,17.200000762939453,17.209999084472656,17.190000534057617,17.200000762939453,13437,0.0,0.0,0.0
2025-12-26 03:35:00+00:00,17.200000762939453,17.200000762939453,17.190000534057617,17.190000534057617,3073,0.0,0.0,0.0
2025-12-26 03:40:00+00:00,17.200000762939453,17.200000762939453,17.200000762939453,17.200000762939453,3081,0.0,0.0,0.0
2025-12-26 03:45:00+00:00,17.200000762939453,17.200000762939453,17.200000762939453,17.200000762939453,11609,0.0,0.0,0.0
2025-12-26 03:50:00+00:00,17.200000762939453,17.200000762939453,17.200000762939453,17.200000762939453,7063,0.0,0.0,0.0
2025-12-26 03:55:00+00:00,17.200000762939453,17.200000762939453,17.190000534057617,17.190000534057617,2121,0.0,0.0,0.0
2025-12-26 04:00:00+00:00,17.200000762939453,17.200000762939453,17.190000534057617,17.200000762939453,13668,0.0,0.0,0.0
2025-12-26 04:05:00+00:00,17.200000762939453,17.200000762939453,17.18000030517578,17.18000030517578,10075,0.0,0.0,0.0
2025-12-26 04:10:00+00:00,17.18000030517578,17.18000030517578,17.18000030517578,17.18000030517578,8222,0.0,0.0,0.0
2025-12-26 04:15:00+00:00,17.170000076293945,17.18000030517578,17.170000076293945,17.18000030517578,4335,0.0,0.0,0.0
2025-12-26 04:20:00+00:00,17.18000030517578,17.18000030517578,17.18000030517578,17.18000030517578,1000,0.0,0.0,0.0
2025-12-26 04:25:00+00:00,17.18000030517578,17.18000030517578,17.18000030517578,17.18000030517578,2564,0.0,0.0,0.0
2025-12-26 04:30:00+00:00,17.18000030517578,17.18000030517578,17.18000030517578,17.18000030517578,3893,0.0,0.0,0.0
2025-12-26 04:35:00+00:00,17.18000030517578,17.18000030517578,17.18000030517578,17.18000030517578,1243,0.0,0.0,0.0
2025-12-26 04:40:00+00:00,17.170000076293945,17.18000030517578,17.170000076293945,17.18000030517578,3610,0.0,0.0,0.0
2025-12-26 04:45:00+00:00,17.18000030517578,17.18000030517578,17.18000030517578,17.18000030517578,2000,0.0,0.0,0.0
2025-12-26 04:50:00+00:00,17.18000030517578,17.18000030517578,17.170000076293945,17.170000076293945,22956,0.0,0.0,0.0
2025-12-26 04:55:00+00:00,17.170000076293945,17.170000076293945,17.170000076293945,17.170000076293945,7350,0.0,0.0,0.0
2025-12-26 05:00:00+00:00,17.18000030517578,17.18000030517578,17.18000030517578,17.18000030517578,1390,0.0,0.0,0.0
2025-12-26 05:05:00+00:00,17.170000076293945,17.18000030517578,17.170000076293945,17.18000030517578,8814,0.0,0.0,0.0
2025-12-26 05:10:00+00:00,17.170000076293945,17.170000076293945,17.170000076293945,17.170000076293945,4062,0.0,0.0,0.0
2025-12-26 05:15:00+00:00,17.18000030517578,17.18000030517578,17.170000076293945,17.18000030517578,7490,0.0,0.0,0.0
2025-12-26 05:20:00+00:00,17.170000076293945,17.170000076293945,17.170000076293945,17.170000076293945,12094,0.0,0.0,0.0
2025-12-29 01:00:00+00:00,17.200000762939453,17.229999542236328,17.200000762939453,17.219999313354492,0,0.0,0.0,0.0
2025-12-29 01:05:00+00:00,17.219999313354492,17.219999313354492,17.219999313354492,17.219999313354492,25023,0.0,0.0,0.0
2025-12-29 01:10:00+00:00,17.219999313354492,17.25,17.219999313354492,17.239999771118164,58340,0.0,0.0,0.0
2025-12-29 01:15:00+00:00,17.25,17.270000457763672,17.25,17.270000457763672,97204,0.0,0.0,0.0
2025-12-29 01:20:00+00:00,17.260000228881836,17.260000228881836,17.25,17.25,4227,0.0,0.0,0.0
2025-12-29 01:25:00+00:00,17.25,17.25,17.25,17.25,39000,0.0,0.0,0.0
2025-12-29 01:30:00+00:00,17.260000228881836,17.270000457763672,17.260000228881836,17.260000228881836,25886,0.0,0.0,0.0
2025-12-29 01:35:00+00:00,17.270000457763672,17.280000686645508,17.260000228881836,17.260000228881836,28896,0.0,0.0,0.0
2025-12-29 01:40:00+00:00,17.260000228881836,17.260000228881836,17.260000228881836,17.260000228881836,2032,0.0,0.0,0.0
2025-12-29 01:45:00+00:00,17.280000686645508,17.290000915527344,17.260000228881836,17.290000915527344,81256,0.0,0.0,0.0
2025-12-29 01:50:00+00:00,17.299999237060547,17.31999969482422,17.299999237060547,17.31999969482422,89701,0.0,0.0,0.0
2025-12-29 01:55:00+00:00,17.31999969482422,17.31999969482422,17.309999465942383,17.31999969482422,4168,0.0,0.0,0.0
2025-12-29 02:00:00+00:00,17.31999969482422,17.31999969482422,17.309999465942383,17.31999969482422,8557,0.0,0.0,0.0
2025-12-29 02:05:00+00:00,17.309999465942383,17.309999465942383,17.309999465942383,17.309999465942383,8363,0.0,0.0,0.0
2025-12-29 02:10:00+00:00,17.309999465942383,17.309999465942383,17.299999237060547,17.309999465942383,8407,0.0,0.0,0.0
2025-12-29 02:15:00+00:00,17.31999969482422,17.31999969482422,17.299999237060547,17.309999465942383,9092,0.0,0.0,0.0
2025-12-29 02:20:00+00:00,17.309999465942383,17.31999969482422,17.309999465942383,17.31999969482422,10601,0.0,0.0,0.0
2025-12-29 02:25:00+00:00,17.31999969482422,17.31999969482422,17.31999969482422,17.31999969482422,2421,0.0,0.0,0.0
2025-12-29 02:30:00+00:00,17.31999969482422,17.31999969482422,17.31999969482422,17.31999969482422,3379,0.0,0.0,0.0
2025-12-29 02:35:00+00:00,17.31999969482422,17.31999969482422,17.309999465942383,17.309999465942383,3791,0.0,0.0,0.0
2025-12-29 02:40:00+00:00,17.309999465942383,17.309999465942383,17.299999237060547,17.309999465942383,19181,0.0,0.0,0.0
2025-12-29 02:45:00+00:00,17.309999465942383,17.309999465942383,17.299999237060547,17.309999465942383,31175,0.0,0.0,0.0
2025-12-29 02:50:00+00:00,17.309999465942383,17.309999465942383,17.309999465942383,17.309999465942383,8101,0.0,0.0,0.0
2025-12-29 02:55:00+00:00,17.309999465942383,17.309999465942383,17.299999237060547,17.309999465942383,6352,0.0,0.0,0.0
2025-12-29 03:00:00+00:00,17.309999465942383,17.309999465942383,17.299999237060547,17.309999465942383,7743,0.0,0.0,0.0
2025-12-29 03:05:00+00:00,17.299999237060547,17.299999237060547,17.290000915527344,17.290000915527344,6430,0.0,0.0,0.0
2025-12-29 03:10:00+00:00,17.290000915527344,17.299999237060547,17.290000915527344,17.290000915527344,3064,0.0,0.0,0.0
2025-12-29 03:15:00+00:00,17.299999237060547,17.299999237060547,17.299999237060547,17.299999237060547,4273,0.0,0.0,0.0
2025-12-29 03:20:00+00:00,17.299999237060547,17.299999237060547,17.299999237060547,17.299999237060547,12010,0.0,0.0,0.0
2025-12-29 03:25:00+00:00,17.290000915527344,17.299999237060547,17.290000915527344,17.299999237060547,60344,0.0,0.0,0.0
2025-12-29 03:30:00+00:00,17.309999465942383,17.329999923706055,17.309999465942383,17.329999923706055,230701,0.0,0.0,0.0
2025-12-29 03:35:00+00:00,17.329999923706055,17.329999923706055,17.31999969482422,17.329999923706055,8028,0.0,0.0,0.0
2025-12-29 03:40:00+00:00,17.329999923706055,17.329999923706055,17.31999969482422,17.31999969482422,40227,0.0,0.0,0.0
2025-12-29 03:45:00+00:00,17.31999969482422,17.329999923706055,17.31999969482422,17.329999923706055,4453,0.0,0.0,0.0
2025-12-29 03:50:00+00:00,17.31999969482422,17.329999923706055,17.31999969482422,17.329999923706055,29219,0.0,0.0,0.0
2025-12-29 03:55:00+00:00,17.329999923706055,17.329999923706055,17.329999923706055,17.329999923706055,8142,0.0,0.0,0.0
2025-12-29 04:00:00+00:00,17.34000015258789,17.34000015258789,17.34000015258789,17.34000015258789,3170,0.0,0.0,0.0
2025-12-29 04:05:00+00:00,17.329999923706055,17.34000015258789,17.329999923706055,17.34000015258789,62266,0.0,0.0,0.0
2025-12-29 04:10:00+00:00,17.34000015258789,17.34000015258789,17.34000015258789,17.34000015258789,35737,0.0,0.0,0.0
2025-12-29 04:15:00+00:00,17.329999923706055,17.329999923706055,17.329999923706055,17.329999923706055,3436,0.0,0.0,0.0
2025-12-29 04:20:00+00:00,17.34000015258789,17.34000015258789,17.34000015258789,17.34000015258789,7227,0.0,0.0,0.0
2025-12-29 04:25:00+00:00,17.34000015258789,17.34000015258789,17.329999923706055,17.329999923706055,14935,0.0,0.0,0.0
2025-12-29 04:30:00+00:00,17.34000015258789,17.34000015258789,17.329999923706055,17.34000015258789,24662,0.0,0.0,0.0
2025-12-29 04:40:00+00:00,17.329999923706055,17.34000015258789,17.329999923706055,17.34000015258789,29331,0.0,0.0,0.0
2025-12-29 04:55:00+00:00,17.34000015258789,17.34000015258789,17.34000015258789,17.34000015258789,1700,0.0,0.0,0.0
2025-12-29 05:00:00+00:00,17.329999923706055,17.34000015258789,17.329999923706055,17.34000015258789,85928,0.0,0.0,0.0
2025-12-29 05:05:00+00:00,17.34000015258789,17.34000015258789,17.31999969482422,17.31999969482422,15158,0.0,0.0,0.0
2025-12-29 05:10:00+00:00,17.31999969482422,17.329999923706055,17.31999969482422,17.329999923706055,5228,0.0,0.0,0.0
2025-12-29 05:15:00+00:00,17.329999923706055,17.329999923706055,17.329999923706055,17.329999923706055,9081,0.0,0.0,0.0
2025-12-29 05:20:00+00:00,17.329999923706055,17.329999923706055,17.31999969482422,17.31999969482422,104273,0.0,0.0,0.0
2025-12-30 01:00:00+00:00,17.290000915527344,17.290000915527344,17.25,17.270000457763672,0,0.0,0.0,0.0
2025-12-30 01:05:00+00:00,17.260000228881836,17.270000457763672,17.260000228881836,17.260000228881836,57344,0.0,0.0,0.0
2025-12-30 01:10:00+00:00,17.25,17.25,17.25,17.25,20835,0.0,0.0,0.0
2025-12-30 01:15:00+00:00,17.239999771118164,17.25,17.229999542236328,17.229999542236328,5784,0.0,0.0,0.0
2025-12-30 01:20:00+00:00,17.229999542236328,17.229999542236328,17.229999542236328,17.229999542236328,6185,0.0,0.0,0.0
2025-12-30 01:25:00+00:00,17.229999542236328,17.239999771118164,17.229999542236328,17.239999771118164,25141,0.0,0.0,0.0
2025-12-30 01:30:00+00:00,17.25,17.260000228881836,17.239999771118164,17.239999771118164,38653,0.0,0.0,0.0
2025-12-30 01:35:00+00:00,17.260000228881836,17.260000228881836,17.260000228881836,17.260000228881836,1028,0.0,0.0,0.0
2025-12-30 01:40:00+00:00,17.260000228881836,17.270000457763672,17.260000228881836,17.270000457763672,46432,0.0,0.0,0.0
2025-12-30 01:45:00+00:00,17.270000457763672,17.270000457763672,17.270000457763672,17.270000457763672,5114,0.0,0.0,0.0
2025-12-30 01:50:00+00:00,17.270000457763672,17.270000457763672,17.260000228881836,17.260000228881836,3103,0.0,0.0,0.0
2025-12-30 01:55:00+00:00,17.260000228881836,17.270000457763672,17.260000228881836,17.270000457763672,3072,0.0,0.0,0.0
2025-12-30 02:00:00+00:00,17.260000228881836,17.260000228881836,17.260000228881836,17.260000228881836,20000,0.0,0.0,0.0
2025-12-30 02:05:00+00:00,17.260000228881836,17.270000457763672,17.25,17.25,11288,0.0,0.0,0.0
2025-12-30 02:10:00+00:00,17.25,17.260000228881836,17.239999771118164,17.260000228881836,11867,0.0,0.0,0.0
2025-12-30 02:15:00+00:00,17.260000228881836,17.260000228881836,17.260000228881836,17.260000228881836,2921,0.0,0.0,0.0
2025-12-30 02:20:00+00:00,17.260000228881836,17.260000228881836,17.25,17.25,8120,0.0,0.0,0.0
2025-12-30 02:25:00+00:00,17.260000228881836,17.260000228881836,17.260000228881836,17.260000228881836,3044,0.0,0.0,0.0
2025-12-30 02:30:00+00:00,17.260000228881836,17.260000228881836,17.25,17.25,5141,0.0,0.0,0.0
2025-12-30 02:35:00+00:00,17.25,17.25,17.239999771118164,17.25,13144,0.0,0.0,0.0
2025-12-30 02:40:00+00:00,17.25,17.25,17.25,17.25,2045,0.0,0.0,0.0
2025-12-30 02:45:00+00:00,17.25,17.25,17.25,17.25,2323,0.0,0.0,0.0
2025-12-30 02:50:00+00:00,17.25,17.260000228881836,17.25,17.260000228881836,15044,0.0,0.0,0.0
2025-12-30 02:55:00+00:00,17.260000228881836,17.260000228881836,17.260000228881836,17.260000228881836,2188,0.0,0.0,0.0
2025-12-30 03:00:00+00:00,17.25,17.25,17.25,17.25,30062,0.0,0.0,0.0
2025-12-30 03:05:00+00:00,17.260000228881836,17.260000228881836,17.260000228881836,17.260000228881836,1057,0.0,0.0,0.0
2025-12-30 03:10:00+00:00,17.260000228881836,17.260000228881836,17.260000228881836,17.260000228881836,2736,0.0,0.0,0.0
2025-12-30 03:15:00+00:00,17.260000228881836,17.260000228881836,17.25,17.25,8037,0.0,0.0,0.0
2025-12-30 03:20:00+00:00,17.260000228881836,17.260000228881836,17.260000228881836,17.260000228881836,19626,0.0,0.0,0.0
2025-12-30 03:25:00+00:00,17.260000228881836,17.270000457763672,17.260000228881836,17.260000228881836,8038,0.0,0.0,0.0
2025-12-30 03:30:00+00:00,17.270000457763672,17.280000686645508,17.260000228881836,17.280000686645508,22459,0.0,0.0,0.0
2025-12-30 03:35:00+00:00,17.280000686645508,17.280000686645508,17.280000686645508,17.280000686645508,1180,0.0,0.0,0.0
2025-12-30 03:40:00+00:00,17.280000686645508,17.280000686645508,17.270000457763672,17.270000457763672,3184,0.0,0.0,0.0
2025-12-30 03:45:00+00:00,17.280000686645508,17.280000686645508,17.280000686645508,17.280000686645508,13222,0.0,0.0,0.0
2025-12-30 03:50:00+00:00,17.280000686645508,17.280000686645508,17.280000686645508,17.280000686645508,6300,0.0,0.0,0.0
2025-12-30 03:55:00+00:00,17.280000686645508,17.290000915527344,17.280000686645508,17.290000915527344,21431,0.0,0.0,0.0
2025-12-30 04:00:00+00:00,17.290000915527344,17.290000915527344,17.290000915527344,17.290000915527344,1111,0.0,0.0,0.0
2025-12-30 04:05:00+00:00,17.280000686645508,17.290000915527344,17.280000686645508,17.290000915527344,4052,0.0,0.0,0.0
2025-12-30 04:10:00+00:00,17.299999237060547,17.309999465942383,17.290000915527344,17.309999465942383,45181,0.0,0.0,0.0
2025-12-30 04:15:00+00:00,17.299999237060547,17.309999465942383,17.299999237060547,17.309999465942383,32441,0.0,0.0,0.0
2025-12-30 04:20:00+00:00,17.309999465942383,17.309999465942383,17.309999465942383,17.309999465942383,2458,0.0,0.0,0.0
2025-12-30 04:25:00+00:00,17.299999237060547,17.299999237060547,17.299999237060547,17.299999237060547,1035,0.0,0.0,0.0
2025-12-30 04:30:00+00:00,17.309999465942383,17.309999465942383,17.299999237060547,17.309999465942383,5669,0.0,0.0,0.0
2025-12-30 04:35:00+00:00,17.299999237060547,17.299999237060547,17.299999237060547,17.299999237060547,1764,0.0,0.0,0.0
2025-12-30 04:45:00+00:00,17.299999237060547,17.309999465942383,17.299999237060547,17.309999465942383,3159,0.0,0.0,0.0
2025-12-30 04:50:00+00:00,17.299999237060547,17.309999465942383,17.299999237060547,17.309999465942383,7988,0.0,0.0,0.0
2025-12-30 04:55:00+00:00,17.309999465942383,17.309999465942383,17.309999465942383,17.309999465942383,2172,0.0,0.0,0.0
2025-12-30 05:00:00+00:00,17.299999237060547,17.299999237060547,17.299999237060547,17.299999237060547,1000,0.0,0.0,0.0
2025-12-30 05:05:00+00:00,17.309999465942383,17.309999465942383,17.299999237060547,17.299999237060547,9743,0.0,0.0,0.0
2025-12-30 05:10:00+00:00,17.309999465942383,17.309999465942383,17.299999237060547,17.299999237060547,7460,0.0,0.0,0.0
2025-12-30 05:15:00+00:00,17.309999465942383,17.31999969482422,17.299999237060547,17.299999237060547,71388,0.0,0.0,0.0
2025-12-30 05:20:00+00:00,17.309999465942383,17.309999465942383,17.309999465942383,17.309999465942383,8169,0.0,0.0,0.0
2025-12-31 01:00:00+00:00,17.31999969482422,17.31999969482422,17.31999969482422,17.31999969482422,0,0.0,0.0,0.0
2025-12-31 01:05:00+00:00,17.31999969482422,17.34000015258789,17.31999969482422,17.34000015258789,19240,0.0,0.0,0.0
2025-12-31 01:10:00+00:00,17.34000015258789,17.34000015258789,17.31999969482422,17.31999969482422,15611,0.0,0.0,0.0
2025-12-31 01:15:00+00:00,17.309999465942383,17.31999969482422,17.299999237060547,17.31999969482422,30019,0.0,0.0,0.0
2025-12-31 01:20:00+00:00,17.309999465942383,17.309999465942383,17.299999237060547,17.299999237060547,21076,0.0,0.0,0.0
2025-12-31 01:25:00+00:00,17.299999237060547,17.299999237060547,17.299999237060547,17.299999237060547,3100,0.0,0.0,0.0
2025-12-31 01:30:00+00:00,17.299999237060547,17.31999969482422,17.290000915527344,17.31999969482422,144047,0.0,0.0,0.0
2025-12-31 01:35:00+00:00,17.31999969482422,17.31999969482422,17.31999969482422,17.31999969482422,22370,0.0,0.0,0.0
2025-12-31 01:40:00+00:00,17.309999465942383,17.329999923706055,17.309999465942383,17.329999923706055,22072,0.0,0.0,0.0
2025-12-31 01:45:00+00:00,17.34000015258789,17.360000610351562,17.329999923706055,17.360000610351562,169198,0.0,0.0,0.0
2025-12-31 01:50:00+00:00,17.360000610351562,17.360000610351562,17.350000381469727,17.360000610351562,20224,0.0,0.0,0.0
2025-12-31 01:55:00+00:00,17.34000015258789,17.34000015258789,17.34000015258789,17.34000015258789,2030,0.0,0.0,0.0
2025-12-31 02:00:00+00:00,17.34000015258789,17.34000015258789,17.34000015258789,17.34000015258789,19037,0.0,0.0,0.0
2025-12-31 02:05:00+00:00,17.329999923706055,17.329999923706055,17.329999923706055,17.329999923706055,13513,0.0,0.0,0.0
2025-12-31 02:10:00+00:00,17.34000015258789,17.34000015258789,17.329999923706055,17.34000015258789,30282,0.0,0.0,0.0
2025-12-31 02:15:00+00:00,17.34000015258789,17.34000015258789,17.34000015258789,17.34000015258789,15238,0.0,0.0,0.0
2025-12-31 02:20:00+00:00,17.34000015258789,17.34000015258789,17.34000015258789,17.34000015258789,2031,0.0,0.0,0.0
2025-12-31 02:25:00+00:00,17.350000381469727,17.350000381469727,17.350000381469727,17.350000381469727,10533,0.0,0.0,0.0
2025-12-31 02:30:00+00:00,17.350000381469727,17.350000381469727,17.350000381469727,17.350000381469727,8029,0.0,0.0,0.0
2025-12-31 02:35:00+00:00,17.350000381469727,17.360000610351562,17.350000381469727,17.360000610351562,177070,0.0,0.0,0.0
2025-12-31 02:40:00+00:00,17.360000610351562,17.360000610351562,17.360000610351562,17.360000610351562,28363,0.0,0.0,0.0
2025-12-31 02:45:00+00:00,17.3700008392334,17.389999389648438,17.3700008392334,17.389999389648438,171655,0.0,0.0,0.0
2025-12-31 02:55:00+00:00,17.3799991607666,17.3799991607666,17.3799991607666,17.3799991607666,1010,0.0,0.0,0.0
2025-12-31 03:00:00+00:00,17.3799991607666,17.399999618530273,17.3799991607666,17.399999618530273,28231,0.0,0.0,0.0
2025-12-31 03:05:00+00:00,17.399999618530273,17.40999984741211,17.399999618530273,17.399999618530273,98539,0.0,0.0,0.0
2025-12-31 03:10:00+00:00,17.399999618530273,17.399999618530273,17.399999618530273,17.399999618530273,1020,0.0,0.0,0.0
2025-12-31 03:15:00+00:00,17.399999618530273,17.399999618530273,17.389999389648438,17.389999389648438,43172,0.0,0.0,0.0
2025-12-31 03:20:00+00:00,17.399999618530273,17.40999984741211,17.399999618530273,17.399999618530273,53076,0.0,0.0,0.0
2025-12-31 03:25:00+00:00,17.399999618530273,17.399999618530273,17.389999389648438,17.399999618530273,16257,0.0,0.0,0.0
2025-12-31 03:30:00+00:00,17.389999389648438,17.389999389648438,17.389999389648438,17.389999389648438,200024,0.0,0.0,0.0
2025-12-31 03:35:00+00:00,17.389999389648438,17.399999618530273,17.389999389648438,17.399999618530273,16712,0.0,0.0,0.0
2025-12-31 03:40:00+00:00,17.399999618530273,17.399999618530273,17.399999618530273,17.399999618530273,10025,0.0,0.0,0.0
2025-12-31 03:45:00+00:00,17.399999618530273,17.399999618530273,17.399999618530273,17.399999618530273,3067,0.0,0.0,0.0
2025-12-31 03:50:00+00:00,17.40999984741211,17.40999984741211,17.40999984741211,17.40999984741211,20189,0.0,0.0,0.0
2025-12-31 03:55:00+00:00,17.420000076293945,17.420000076293945,17.399999618530273,17.399999618530273,9517,0.0,0.0,0.0
2025-12-31 04:00:00+00:00,17.40999984741211,17.40999984741211,17.399999618530273,17.399999618530273,13622,0.0,0.0,0.0
2025-12-31 04:10:00+00:00,17.399999618530273,17.40999984741211,17.399999618530273,17.40999984741211,2627,0.0,0.0,0.0
2025-12-31 04:15:00+00:00,17.399999618530273,17.399999618530273,17.399999618530273,17.399999618530273,4391,0.0,0.0,0.0
2025-12-31 04:20:00+00:00,17.399999618530273,17.399999618530273,17.389999389648438,17.399999618530273,25524,0.0,0.0,0.0
2025-12-31 04:25:00+00:00,17.399999618530273,17.399999618530273,17.399999618530273,17.399999618530273,21120,0.0,0.0,0.0
2025-12-31 04:30:00+00:00,17.40999984741211,17.40999984741211,17.399999618530273,17.399999618530273,13209,0.0,0.0,0.0
2025-12-31 04:35:00+00:00,17.399999618530273,17.399999618530273,17.399999618530273,17.399999618530273,11140,0.0,0.0,0.0
2025-12-31 04:40:00+00:00,17.399999618530273,17.399999618530273,17.399999618530273,17.399999618530273,6159,0.0,0.0,0.0
2025-12-31 04:45:00+00:00,17.40999984741211,17.40999984741211,17.40999984741211,17.40999984741211,44070,0.0,0.0,0.0
2025-12-31 04:50:00+00:00,17.40999984741211,17.40999984741211,17.40999984741211,17.40999984741211,9533,0.0,0.0,0.0
2025-12-31 04:55:00+00:00,17.40999984741211,17.40999984741211,17.40999984741211,17.40999984741211,6731,0.0,0.0,0.0
2025-12-31 05:00:00+00:00,17.40999984741211,17.40999984741211,17.40999984741211,17.40999984741211,2032,0.0,0.0,0.0
2025-12-31 05:05:00+00:00,17.40999984741211,17.420000076293945,17.40999984741211,17.420000076293945,27313,0.0,0.0,0.0
2025-12-31 05:10:00+00:00,17.40999984741211,17.40999984741211,17.389999389648438,17.389999389648438,35000,0.0,0.0,0.0
2025-12-31 05:15:00+00:00,17.40999984741211,17.40999984741211,17.399999618530273,17.399999618530273,4095,0.0,0.0,0.0
2025-12-31 05:20:00+00:00,17.399999618530273,17.399999618530273,17.389999389648438,17.399999618530273,9195,0.0,0.0,0.0
2026-01-02 01:00:00+00:00,17.450000762939453,17.469999313354492,17.450000762939453,17.469999313354492,0,0.0,0.0,0.0
2026-01-02 01:05:00+00:00,17.469999313354492,17.469999313354492,17.469999313354492,17.469999313354492,4066,0.0,0.0,0.0
2026-01-02 01:10:00+00:00,17.469999313354492,17.469999313354492,17.459999084472656,17.459999084472656,18447,0.0,0.0,0.0
2026-01-02 01:15:00+00:00,17.459999084472656,17.459999084472656,17.459999084472656,17.459999084472656,26536,0.0,0.0,0.0
2026-01-02 01:20:00+00:00,17.459999084472656,17.459999084472656,17.450000762939453,17.450000762939453,3241,0.0,0.0,0.0
2026-01-02 01:25:00+00:00,17.469999313354492,17.469999313354492,17.469999313354492,17.469999313354492,1382,0.0,0.0,0.0
2026-01-02 01:30:00+00:00,17.469999313354492,17.489999771118164,17.459999084472656,17.489999771118164,113111,0.0,0.0,0.0
2026-01-02 01:35:00+00:00,17.489999771118164,17.5,17.489999771118164,17.5,34887,0.0,0.0,0.0
2026-01-02 01:40:00+00:00,17.5,17.5,17.5,17.5,8252,0.0,0.0,0.0
2026-01-02 01:45:00+00:00,17.5,17.5,17.479999542236328,17.489999771118164,143973,0.0,0.0,0.0
2026-01-02 01:50:00+00:00,17.5,17.5,17.489999771118164,17.489999771118164,111518,0.0,0.0,0.0
2026-01-02 01:55:00+00:00,17.489999771118164,17.489999771118164,17.479999542236328,17.479999542236328,108282,0.0,0.0,0.0
2026-01-02 02:00:00+00:00,17.489999771118164,17.510000228881836,17.489999771118164,17.5,146364,0.0,0.0,0.0
2026-01-02 02:05:00+00:00,17.510000228881836,17.510000228881836,17.510000228881836,17.510000228881836,22728,0.0,0.0,0.0
2026-01-02 02:10:00+00:00,17.520000457763672,17.520000457763672,17.510000228881836,17.510000228881836,19126,0.0,0.0,0.0
2026-01-02 02:15:00+00:00,17.520000457763672,17.540000915527344,17.520000457763672,17.540000915527344,67903,0.0,0.0,0.0
2026-01-02 02:20:00+00:00,17.540000915527344,17.559999465942383,17.540000915527344,17.559999465942383,26464,0.0,0.0,0.0
2026-01-02 02:25:00+00:00,17.559999465942383,17.579999923706055,17.559999465942383,17.579999923706055,67694,0.0,0.0,0.0
2026-01-02 02:30:00+00:00,17.579999923706055,17.579999923706055,17.579999923706055,17.579999923706055,1727,0.0,0.0,0.0
2026-01-02 02:35:00+00:00,17.579999923706055,17.579999923706055,17.579999923706055,17.579999923706055,36434,0.0,0.0,0.0
2026-01-02 02:40:00+00:00,17.59000015258789,17.59000015258789,17.579999923706055,17.579999923706055,11232,0.0,0.0,0.0
2026-01-02 02:45:00+00:00,17.59000015258789,17.600000381469727,17.579999923706055,17.600000381469727,50719,0.0,0.0,0.0
2026-01-02 02:50:00+00:00,17.600000381469727,17.600000381469727,17.600000381469727,17.600000381469727,11300,0.0,0.0,0.0
2026-01-02 02:55:00+00:00,17.600000381469727,17.600000381469727,17.59000015258789,17.600000381469727,69304,0.0,0.0,0.0
2026-01-02 03:00:00+00:00,17.610000610351562,17.6200008392334,17.610000610351562,17.610000610351562,54098,0.0,0.0,0.0
2026-01-02 03:05:00+00:00,17.6200008392334,17.6200008392334,17.610000610351562,17.610000610351562,14238,0.0,0.0,0.0
2026-01-02 03:10:00+00:00,17.610000610351562,17.6200008392334,17.610000610351562,17.610000610351562,5307,0.0,0.0,0.0
2026-01-02 03:15:00+00:00,17.6200008392334,17.6200008392334,17.610000610351562,17.6200008392334,27355,0.0,0.0,0.0
2026-01-02 03:20:00+00:00,17.6299991607666,17.6299991607666,17.6200008392334,17.6200008392334,181545,0.0,0.0,0.0
2026-01-02 03:25:00+00:00,17.6200008392334,17.6200008392334,17.6200008392334,17.6200008392334,2020,0.0,0.0,0.0
2026-01-02 03:30:00+00:00,17.6200008392334,17.6200008392334,17.6200008392334,17.6200008392334,4972,0.0,0.0,0.0
2026-01-02 03:35:00+00:00,17.6200008392334,17.6200008392334,17.610000610351562,17.6200008392334,235326,0.0,0.0,0.0
2026-01-02 03:40:00+00:00,17.6200008392334,17.6200008392334,17.6200008392334,17.6200008392334,1544,0.0,0.0,0.0
2026-01-02 03:45:00+00:00,17.610000610351562,17.610000610351562,17.610000610351562,17.610000610351562,204594,0.0,0.0,0.0
2026-01-02 03:50:00+00:00,17.610000610351562,17.6200008392334,17.610000610351562,17.6200008392334,11170,0.0,0.0,0.0
2026-01-02 03:55:00+00:00,17.610000610351562,17.6200008392334,17.610000610351562,17.6200008392334,8716,0.0,0.0,0.0
2026-01-02 04:00:00+00:00,17.6200008392334,17.6200008392334,17.610000610351562,17.6200008392334,4261,0.0,0.0,0.0
2026-01-02 04:05:00+00:00,17.6200008392334,17.6200008392334,17.6200008392334,17.6200008392334,2704,0.0,0.0,0.0
2026-01-02 04:10:00+00:00,17.6200008392334,17.6200008392334,17.610000610351562,17.610000610351562,417275,0.0,0.0,0.0
2026-01-02 04:15:00+00:00,17.6200008392334,17.6299991607666,17.610000610351562,17.6299991607666,226400,0.0,0.0,0.0
2026-01-02 04:20:00+00:00,17.6299991607666,17.639999389648438,17.6299991607666,17.639999389648438,202644,0.0,0.0,0.0
2026-01-02 04:25:00+00:00,17.639999389648438,17.649999618530273,17.639999389648438,17.649999618530273,35462,0.0,0.0,0.0
2026-01-02 04:30:00+00:00,17.649999618530273,17.649999618530273,17.639999389648438,17.639999389648438,506265,0.0,0.0,0.0
2026-01-02 04:35:00+00:00,17.639999389648438,17.639999389648438,17.639999389648438,17.639999389648438,614020,0.0,0.0,0.0
2026-01-02 04:40:00+00:00,17.639999389648438,17.639999389648438,17.639999389648438,17.639999389648438,2180,0.0,0.0,0.0
2026-01-02 04:45:00+00:00,17.639999389648438,17.639999389648438,17.6299991607666,17.639999389648438,8150,0.0,0.0,0.0
2026-01-02 04:50:00+00:00,17.639999389648438,17.639999389648438,17.639999389648438,17.639999389648438,25595,0.0,0.0,0.0
2026-01-02 04:55:00+00:00,17.639999389648438,17.639999389648438,17.639999389648438,17.639999389648438,1010,0.0,0.0,0.0
2026-01-02 05:00:00+00:00,17.649999618530273,17.649999618530273,17.649999618530273,17.649999618530273,8238,0.0,0.0,0.0
2026-01-02 05:05:00+00:00,17.639999389648438,17.639999389648438,17.639999389648438,17.639999389648438,3608,0.0,0.0,0.0
2026-01-02 05:10:00+00:00,17.639999389648438,17.639999389648438,17.6299991607666,17.6299991607666,12208,0.0,0.0,0.0
2026-01-02 05:15:00+00:00,17.639999389648438,17.649999618530273,17.610000610351562,17.610000610351562,53372,0.0,0.0,0.0
2026-01-02 05:20:00+00:00,17.6299991607666,17.649999618530273,17.6299991607666,17.649999618530273,14160,0.0,0.0,0.0
2026-01-05 01:00:00+00:00,17.850000381469727,17.899999618530273,17.850000381469727,17.899999618530273,0,0.0,0.0,0.0
2026-01-05 01:05:00+00:00,17.899999618530273,17.899999618530273,17.889999389648438,17.889999389648438,22410,0.0,0.0,0.0
2026-01-05 01:10:00+00:00,17.899999618530273,17.899999618530273,17.860000610351562,17.889999389648438,87221,0.0,0.0,0.0
2026-01-05 01:15:00+00:00,17.860000610351562,17.899999618530273,17.860000610351562,17.889999389648438,18624,0.0,0.0,0.0
2026-01-05 01:20:00+00:00,17.899999618530273,17.920000076293945,17.8799991607666,17.920000076293945,147286,0.0,0.0,0.0
2026-01-05 01:25:00+00:00,17.920000076293945,17.93000030517578,17.90999984741211,17.920000076293945,34309,0.0,0.0,0.0
2026-01-05 01:30:00+00:00,17.93000030517578,17.940000534057617,17.93000030517578,17.940000534057617,44691,0.0,0.0,0.0
2026-01-05 01:35:00+00:00,17.940000534057617,17.940000534057617,17.93000030517578,17.940000534057617,12820,0.0,0.0,0.0
2026-01-05 01:40:00+00:00,17.940000534057617,17.950000762939453,17.940000534057617,17.950000762939453,63483,0.0,0.0,0.0
2026-01-05 01:45:00+00:00,17.940000534057617,17.989999771118164,17.940000534057617,17.989999771118164,249769,0.0,0.0,0.0
2026-01-05 01:50:00+00:00,17.989999771118164,18.0,17.979999542236328,17.979999542236328,12997,0.0,0.0,0.0
2026-01-05 01:55:00+00:00,17.979999542236328,17.979999542236328,17.969999313354492,17.969999313354492,10990,0.0,0.0,0.0
2026-01-05 02:00:00+00:00,17.969999313354492,17.979999542236328,17.950000762939453,17.950000762939453,21328,0.0,0.0,0.0
2026-01-05 02:05:00+00:00,17.959999084472656,17.959999084472656,17.940000534057617,17.950000762939453,191381,0.0,0.0,0.0
2026-01-05 02:10:00+00:00,17.950000762939453,17.979999542236328,17.950000762939453,17.979999542236328,202072,0.0,0.0,0.0
2026-01-05 02:15:00+00:00,17.989999771118164,18.0,17.969999313354492,17.989999771118164,125666,0.0,0.0,0.0
2026-01-05 02:20:00+00:00,17.989999771118164,18.010000228881836,17.989999771118164,18.010000228881836,364169,0.0,0.0,0.0
2026-01-05 02:25:00+00:00,18.010000228881836,18.030000686645508,18.010000228881836,18.030000686645508,206699,0.0,0.0,0.0
2026-01-05 02:30:00+00:00,18.030000686645508,18.030000686645508,18.020000457763672,18.020000457763672,24849,0.0,0.0,0.0
2026-01-05 02:35:00+00:00,18.020000457763672,18.030000686645508,18.0,18.020000457763672,20228,0.0,0.0,0.0
2026-01-05 02:40:00+00:00,18.020000457763672,18.020000457763672,18.0,18.0,19592,0.0,0.0,0.0
2026-01-05 02:45:00+00:00,18.010000228881836,18.010000228881836,18.0,18.010000228881836,74540,0.0,0.0,0.0
2026-01-05 02:50:00+00:00,18.020000457763672,18.020000457763672,18.020000457763672,18.020000457763672,42851,0.0,0.0,0.0
2026-01-05 02:55:00+00:00,18.010000228881836,18.020000457763672,18.010000228881836,18.020000457763672,77138,0.0,0.0,0.0
2026-01-05 03:00:00+00:00,18.030000686645508,18.040000915527344,18.020000457763672,18.040000915527344,175281,0.0,0.0,0.0
2026-01-05 03:05:00+00:00,18.049999237060547,18.06999969482422,18.049999237060547,18.06999969482422,71478,0.0,0.0,0.0
2026-01-05 03:10:00+00:00,18.079999923706055,18.079999923706055,18.059999465942383,18.059999465942383,6199,0.0,0.0,0.0
2026-01-05 03:15:00+00:00,18.059999465942383,18.06999969482422,18.049999237060547,18.06999969482422,12435,0.0,0.0,0.0
2026-01-05 03:20:00+00:00,18.049999237060547,18.06999969482422,18.049999237060547,18.06999969482422,12201,0.0,0.0,0.0
2026-01-05 03:25:00+00:00,18.059999465942383,18.06999969482422,18.059999465942383,18.06999969482422,7481,0.0,0.0,0.0
2026-01-05 03:30:00+00:00,18.06999969482422,18.06999969482422,18.059999465942383,18.059999465942383,30515,0.0,0.0,0.0
2026-01-05 03:35:00+00:00,18.06999969482422,18.06999969482422,18.049999237060547,18.059999465942383,12063,0.0,0.0,0.0
2026-01-05 03:40:00+00:00,18.059999465942383,18.06999969482422,18.049999237060547,18.049999237060547,15299,0.0,0.0,0.0
2026-01-05 03:45:00+00:00,18.059999465942383,18.059999465942383,18.030000686645508,18.049999237060547,18568,0.0,0.0,0.0
2026-01-05 03:50:00+00:00,18.049999237060547,18.049999237060547,18.049999237060547,18.049999237060547,3244,0.0,0.0,0.0
2026-01-05 03:55:00+00:00,18.040000915527344,18.040000915527344,18.010000228881836,18.010000228881836,12486,0.0,0.0,0.0
2026-01-05 04:00:00+00:00,18.010000228881836,18.010000228881836,18.0,18.010000228881836,16615,0.0,0.0,0.0
2026-01-05 04:05:00+00:00,18.010000228881836,18.030000686645508,18.010000228881836,18.030000686645508,42629,0.0,0.0,0.0
2026-01-05 04:10:00+00:00,18.030000686645508,18.030000686645508,18.010000228881836,18.020000457763672,133568,0.0,0.0,0.0
2026-01-05 04:15:00+00:00,18.020000457763672,18.040000915527344,18.020000457763672,18.030000686645508,25566,0.0,0.0,0.0
2026-01-05 04:20:00+00:00,18.030000686645508,18.030000686645508,18.010000228881836,18.020000457763672,19839,0.0,0.0,0.0
2026-01-05 04:25:00+00:00,18.030000686645508,18.030000686645508,18.020000457763672,18.020000457763672,4698,0.0,0.0,0.0
2026-01-05 04:30:00+00:00,18.030000686645508,18.030000686645508,18.020000457763672,18.030000686645508,13445,0.0,0.0,0.0
2026-01-05 04:35:00+00:00,18.020000457763672,18.040000915527344,18.020000457763672,18.040000915527344,157836,0.0,0.0,0.0
2026-01-05 04:40:00+00:00,18.030000686645508,18.030000686645508,18.020000457763672,18.020000457763672,75241,0.0,0.0,0.0
2026-01-05 04:45:00+00:00,18.020000457763672,18.030000686645508,18.020000457763672,18.020000457763672,158441,0.0,0.0,0.0
2026-01-05 04:50:00+00:00,18.020000457763672,18.020000457763672,18.010000228881836,18.020000457763672,15761,0.0,0.0,0.0
2026-01-05 04:55:00+00:00,18.020000457763672,18.020000457763672,18.020000457763672,18.020000457763672,3644,0.0,0.0,0.0
2026-01-05 05:00:00+00:00,18.010000228881836,18.010000228881836,18.0,18.0,19141,0.0,0.0,0.0
2026-01-05 05:05:00+00:00,18.0,18.010000228881836,18.0,18.0,37586,0.0,0.0,0.0
2026-01-05 05:10:00+00:00,18.0,18.0,17.989999771118164,17.989999771118164,42402,0.0,0.0,0.0
2026-01-05 05:15:00+00:00,18.0,18.0,18.0,18.0,12133,0.0,0.0,0.0
2026-01-05 05:20:00+00:00,18.0,18.0,17.989999771118164,17.989999771118164,45516,0.0,0.0,0.0
2026-01-06 01:00:00+00:00,18.0,18.010000228881836,18.0,18.0,0,0.0,0.0,0.0
2026-01-06 01:05:00+00:00,18.010000228881836,18.010000228881836,18.0,18.0,122000,0.0,0.0,0.0
2026-01-06 01:10:00+00:00,18.010000228881836,18.010000228881836,17.979999542236328,17.989999771118164,44456,0.0,0.0,0.0
2026-01-06 01:15:00+00:00,17.989999771118164,18.010000228881836,17.989999771118164,18.0,106947,0.0,0.0,0.0
2026-01-06 01:20:00+00:00,18.010000228881836,18.010000228881836,18.0,18.010000228881836,40200,0.0,0.0,0.0
2026-01-06 01:25:00+00:00,18.020000457763672,18.049999237060547,18.010000228881836,18.049999237060547,98156,0.0,0.0,0.0
2026-01-06 01:30:00+00:00,18.059999465942383,18.059999465942383,18.049999237060547,18.049999237060547,12364,0.0,0.0,0.0
2026-01-06 01:35:00+00:00,18.059999465942383,18.059999465942383,18.030000686645508,18.030000686645508,59178,0.0,0.0,0.0
2026-01-06 01:40:00+00:00,18.020000457763672,18.030000686645508,18.020000457763672,18.030000686645508,14321,0.0,0.0,0.0
2026-01-06 01:45:00+00:00,18.030000686645508,18.049999237060547,18.030000686645508,18.049999237060547,32545,0.0,0.0,0.0
2026-01-06 01:50:00+00:00,18.049999237060547,18.049999237060547,18.049999237060547,18.049999237060547,5592,0.0,0.0,0.0
2026-01-06 01:55:00+00:00,18.049999237060547,18.059999465942383,18.049999237060547,18.059999465942383,10536,0.0,0.0,0.0
2026-01-06 02:00:00+00:00,18.059999465942383,18.059999465942383,18.059999465942383,18.059999465942383,11762,0.0,0.0,0.0
2026-01-06 02:05:00+00:00,18.059999465942383,18.059999465942383,18.049999237060547,18.049999237060547,13195,0.0,0.0,0.0
2026-01-06 02:10:00+00:00,18.059999465942383,18.06999969482422,18.049999237060547,18.049999237060547,28849,0.0,0.0,0.0
2026-01-06 02:15:00+00:00,18.06999969482422,18.06999969482422,18.049999237060547,18.049999237060547,20389,0.0,0.0,0.0
2026-01-06 02:20:00+00:00,18.049999237060547,18.059999465942383,18.049999237060547,18.059999465942383,100394,0.0,0.0,0.0
2026-01-06 02:25:00+00:00,18.059999465942383,18.059999465942383,18.049999237060547,18.059999465942383,42835,0.0,0.0,0.0
2026-01-06 02:30:00+00:00,18.06999969482422,18.06999969482422,18.059999465942383,18.059999465942383,69644,0.0,0.0,0.0
2026-01-06 02:35:00+00:00,18.06999969482422,18.06999969482422,18.06999969482422,18.06999969482422,2412,0.0,0.0,0.0
2026-01-06 02:40:00+00:00,18.06999969482422,18.06999969482422,18.06999969482422,18.06999969482422,51086,0.0,0.0,0.0
2026-01-06 02:45:00+00:00,18.079999923706055,18.110000610351562,18.06999969482422,18.110000610351562,210844,0.0,0.0,0.0
2026-01-06 02:50:00+00:00,18.110000610351562,18.110000610351562,18.110000610351562,18.110000610351562,4695,0.0,0.0,0.0
2026-01-06 02:55:00+00:00,18.1200008392334,18.1200008392334,18.100000381469727,18.1200008392334,37544,0.0,0.0,0.0
2026-01-06 03:00:00+00:00,18.1299991607666,18.15999984741211,18.1299991607666,18.15999984741211,45068,0.0,0.0,0.0
2026-01-06 03:05:00+00:00,18.170000076293945,18.170000076293945,18.170000076293945,18.170000076293945,4209,0.0,0.0,0.0
2026-01-06 03:10:00+00:00,18.170000076293945,18.170000076293945,18.15999984741211,18.170000076293945,17026,0.0,0.0,0.0
2026-01-06 03:15:00+00:00,18.15999984741211,18.15999984741211,18.15999984741211,18.15999984741211,20410,0.0,0.0,0.0
2026-01-06 03:20:00+00:00,18.170000076293945,18.170000076293945,18.15999984741211,18.15999984741211,9698,0.0,0.0,0.0
2026-01-06 03:25:00+00:00,18.15999984741211,18.15999984741211,18.15999984741211,18.15999984741211,3350,0.0,0.0,0.0
2026-01-06 03:30:00+00:00,18.15999984741211,18.15999984741211,18.149999618530273,18.149999618530273,13627,0.0,0.0,0.0
2026-01-06 03:35:00+00:00,18.149999618530273,18.149999618530273,18.1299991607666,18.139999389648438,41186,0.0,0.0,0.0
2026-01-06 03:40:00+00:00,18.139999389648438,18.139999389648438,18.1299991607666,18.1299991607666,10303,0.0,0.0,0.0
2026-01-06 03:45:00+00:00,18.139999389648438,18.139999389648438,18.139999389648438,18.139999389648438,7283,0.0,0.0,0.0
2026-01-06 03:50:00+00:00,18.1299991607666,18.139999389648438,18.1299991607666,18.1299991607666,7056,0.0,0.0,0.0
2026-01-06 03:55:00+00:00,18.139999389648438,18.139999389648438,18.1299991607666,18.1299991607666,12091,0.0,0.0,0.0
2026-01-06 04:00:00+00:00,18.1299991607666,18.1299991607666,18.1299991607666,18.1299991607666,17654,0.0,0.0,0.0
2026-01-06 04:05:00+00:00,18.139999389648438,18.139999389648438,18.139999389648438,18.139999389648438,2094,0.0,0.0,0.0
2026-01-06 04:10:00+00:00,18.139999389648438,18.139999389648438,18.139999389648438,18.139999389648438,9100,0.0,0.0,0.0
2026-01-06 04:15:00+00:00,18.139999389648438,18.149999618530273,18.139999389648438,18.149999618530273,7088,0.0,0.0,0.0
2026-01-06 04:20:00+00:00,18.149999618530273,18.149999618530273,18.139999389648438,18.139999389648438,12778,0.0,0.0,0.0
2026-01-06 04:25:00+00:00,18.139999389648438,18.139999389648438,18.139999389648438,18.139999389648438,4100,0.0,0.0,0.0
2026-01-06 04:30:00+00:00,18.139999389648438,18.149999618530273,18.1200008392334,18.139999389648438,95680,0.0,0.0,0.0
2026-01-06 04:35:00+00:00,18.149999618530273,18.15999984741211,18.139999389648438,18.15999984741211,100100,0.0,0.0,0.0
2026-01-06 04:40:00+00:00,18.170000076293945,18.170000076293945,18.170000076293945,18.170000076293945,7130,0.0,0.0,0.0
2026-01-06 04:45:00+00:00,18.170000076293945,18.170000076293945,18.139999389648438,18.149999618530273,31262,0.0,0.0,0.0
2026-01-06 04:50:00+00:00,18.149999618530273,18.15999984741211,18.149999618530273,18.15999984741211,6020,0.0,0.0,0.0
2026-01-06 04:55:00+00:00,18.170000076293945,18.170000076293945,18.170000076293945,18.170000076293945,14569,0.0,0.0,0.0
2026-01-06 05:00:00+00:00,18.170000076293945,18.18000030517578,18.15999984741211,18.18000030517578,65612,0.0,0.0,0.0
2026-01-06 05:05:00+00:00,18.170000076293945,18.170000076293945,18.15999984741211,18.15999984741211,4312,0.0,0.0,0.0
2026-01-06 05:10:00+00:00,18.15999984741211,18.18000030517578,18.15999984741211,18.18000030517578,7782,0.0,0.0,0.0
2026-01-06 05:15:00+00:00,18.18000030517578,18.18000030517578,18.15999984741211,18.170000076293945,14518,0.0,0.0,0.0
2026-01-06 05:20:00+00:00,18.170000076293945,18.18000030517578,18.170000076293945,18.18000030517578,52210,0.0,0.0,0.0
2026-01-07 01:00:00+00:00,18.18000030517578,18.18000030517578,18.170000076293945,18.18000030517578,0,0.0,0.0,0.0
2026-01-07 01:05:00+00:00,18.18000030517578,18.18000030517578,18.15999984741211,18.15999984741211,97000,0.0,0.0,0.0
2026-01-07 01:10:00+00:00,18.15999984741211,18.170000076293945,18.15999984741211,18.170000076293945,42768,0.0,0.0,0.0
2026-01-07 01:15:00+00:00,18.170000076293945,18.170000076293945,18.149999618530273,18.149999618530273,86849,0.0,0.0,0.0
2026-01-07 01:20:00+00:00,18.139999389648438,18.149999618530273,18.100000381469727,18.110000610351562,35639,0.0,0.0,0.0
2026-01-07 01:25:00+00:00,18.110000610351562,18.110000610351562,18.100000381469727,18.100000381469727,30072,0.0,0.0,0.0
2026-01-07 01:30:00+00:00,18.110000610351562,18.139999389648438,18.100000381469727,18.139999389648438,97032,0.0,0.0,0.0
2026-01-07 01:35:00+00:00,18.139999389648438,18.149999618530273,18.139999389648438,18.139999389648438,19435,0.0,0.0,0.0
2026-01-07 01:40:00+00:00,18.139999389648438,18.149999618530273,18.1299991607666,18.1299991607666,9361,0.0,0.0,0.0
2026-01-07 01:45:00+00:00,18.1299991607666,18.139999389648438,18.110000610351562,18.110000610351562,36417,0.0,0.0,0.0
2026-01-07 01:50:00+00:00,18.110000610351562,18.110000610351562,18.100000381469727,18.110000610351562,27272,0.0,0.0,0.0
2026-01-07 01:55:00+00:00,18.110000610351562,18.110000610351562,18.09000015258789,18.09000015258789,73670,0.0,0.0,0.0
2026-01-07 02:00:00+00:00,18.100000381469727,18.100000381469727,18.059999465942383,18.059999465942383,77787,0.0,0.0,0.0
2026-01-07 02:05:00+00:00,18.06999969482422,18.06999969482422,18.06999969482422,18.06999969482422,7045,0.0,0.0,0.0
2026-01-07 02:10:00+00:00,18.06999969482422,18.06999969482422,18.06999969482422,18.06999969482422,13055,0.0,0.0,0.0
2026-01-07 02:15:00+00:00,18.06999969482422,18.09000015258789,18.06999969482422,18.09000015258789,108044,0.0,0.0,0.0
2026-01-07 02:20:00+00:00,18.079999923706055,18.100000381469727,18.079999923706055,18.100000381469727,27353,0.0,0.0,0.0
2026-01-07 02:25:00+00:00,18.100000381469727,18.1200008392334,18.100000381469727,18.1200008392334,30164,0.0,0.0,0.0
2026-01-07 02:30:00+00:00,18.1200008392334,18.1200008392334,18.110000610351562,18.110000610351562,10341,0.0,0.0,0.0
2026-01-07 02:35:00+00:00,18.1200008392334,18.1200008392334,18.110000610351562,18.110000610351562,7193,0.0,0.0,0.0
2026-01-07 02:40:00+00:00,18.110000610351562,18.1200008392334,18.110000610351562,18.1200008392334,2205,0.0,0.0,0.0
2026-01-07 02:45:00+00:00,18.1200008392334,18.1200008392334,18.110000610351562,18.1200008392334,54147,0.0,0.0,0.0
2026-01-07 02:50:00+00:00,18.1200008392334,18.1200008392334,18.1200008392334,18.1200008392334,9208,0.0,0.0,0.0
2026-01-07 02:55:00+00:00,18.1200008392334,18.1200008392334,18.1200008392334,18.1200008392334,18145,0.0,0.0,0.0
2026-01-07 03:00:00+00:00,18.1299991607666,18.139999389648438,18.1299991607666,18.139999389648438,32275,0.0,0.0,0.0
2026-01-07 03:05:00+00:00,18.139999389648438,18.139999389648438,18.139999389648438,18.139999389648438,37741,0.0,0.0,0.0
2026-01-07 03:10:00+00:00,18.139999389648438,18.139999389648438,18.1200008392334,18.1299991607666,301942,0.0,0.0,0.0
2026-01-07 03:15:00+00:00,18.139999389648438,18.149999618530273,18.139999389648438,18.149999618530273,50308,0.0,0.0,0.0
2026-01-07 03:20:00+00:00,18.149999618530273,18.15999984741211,18.149999618530273,18.15999984741211,28125,0.0,0.0,0.0
2026-01-07 03:25:00+00:00,18.15999984741211,18.170000076293945,18.15999984741211,18.170000076293945,23320,0.0,0.0,0.0
2026-01-07 03:30:00+00:00,18.18000030517578,18.18000030517578,18.170000076293945,18.170000076293945,14656,0.0,0.0,0.0
2026-01-07 03:35:00+00:00,18.170000076293945,18.170000076293945,18.15999984741211,18.170000076293945,11427,0.0,0.0,0.0
2026-01-07 03:40:00+00:00,18.15999984741211,18.15999984741211,18.15999984741211,18.15999984741211,6039,0.0,0.0,0.0
2026-01-07 03:45:00+00:00,18.15999984741211,18.18000030517578,18.15999984741211,18.18000030517578,3258,0.0,0.0,0.0
2026-01-07 03:50:00+00:00,18.15999984741211,18.15999984741211,18.15999984741211,18.15999984741211,3321,0.0,0.0,0.0
2026-01-07 03:55:00+00:00,18.15999984741211,18.15999984741211,18.15999984741211,18.15999984741211,10039,0.0,0.0,0.0
2026-01-07 04:00:00+00:00,18.15999984741211,18.170000076293945,18.149999618530273,18.149999618530273,26622,0.0,0.0,0.0
2026-01-07 04:10:00+00:00,18.149999618530273,18.149999618530273,18.139999389648438,18.139999389648438,6538,0.0,0.0,0.0
2026-01-07 04:15:00+00:00,18.139999389648438,18.139999389648438,18.139999389648438,18.139999389648438,4266,0.0,0.0,0.0
2026-01-07 04:20:00+00:00,18.149999618530273,18.149999618530273,18.149999618530273,18.149999618530273,34953,0.0,0.0,0.0
2026-01-07 04:25:00+00:00,18.139999389648438,18.149999618530273,18.139999389648438,18.139999389648438,15772,0.0,0.0,0.0
2026-01-07 04:30:00+00:00,18.149999618530273,18.149999618530273,18.1299991607666,18.1299991607666,37198,0.0,0.0,0.0
2026-01-07 04:35:00+00:00,18.1200008392334,18.1299991607666,18.110000610351562,18.1200008392334,35529,0.0,0.0,0.0
2026-01-07 04:40:00+00:00,18.1200008392334,18.1200008392334,18.110000610351562,18.110000610351562,2000,0.0,0.0,0.0
2026-01-07 04:45:00+00:00,18.1200008392334,18.1200008392334,18.1200008392334,18.1200008392334,8418,0.0,0.0,0.0
2026-01-07 04:50:00+00:00,18.1200008392334,18.1200008392334,18.1200008392334,18.1200008392334,4741,0.0,0.0,0.0
2026-01-07 04:55:00+00:00,18.110000610351562,18.110000610351562,18.110000610351562,18.110000610351562,19906,0.0,0.0,0.0
2026-01-07 05:00:00+00:00,18.110000610351562,18.110000610351562,18.100000381469727,18.100000381469727,84115,0.0,0.0,0.0
2026-01-07 05:05:00+00:00,18.100000381469727,18.100000381469727,18.09000015258789,18.09000015258789,45178,0.0,0.0,0.0
2026-01-07 05:10:00+00:00,18.09000015258789,18.100000381469727,18.09000015258789,18.100000381469727,8459,0.0,0.0,0.0
2026-01-07 05:15:00+00:00,18.100000381469727,18.100000381469727,18.09000015258789,18.09000015258789,19657,0.0,0.0,0.0
2026-01-07 05:20:00+00:00,18.09000015258789,18.09000015258789,18.079999923706055,18.079999923706055,46168,0.0,0.0,0.0
2026-01-08 01:00:00+00:00,18.079999923706055,18.09000015258789,18.020000457763672,18.020000457763672,0,0.0,0.0,0.0
2026-01-08 01:05:00+00:00,18.030000686645508,18.030000686645508,18.020000457763672,18.020000457763672,46206,0.0,0.0,0.0
2026-01-08 01:10:00+00:00,18.020000457763672,18.09000015258789,18.020000457763672,18.09000015258789,13029,0.0,0.0,0.0
2026-01-08 01:15:00+00:00,18.079999923706055,18.09000015258789,18.079999923706055,18.09000015258789,19084,0.0,0.0,0.0
2026-01-08 01:20:00+00:00,18.09000015258789,18.09000015258789,18.09000015258789,18.09000015258789,19248,0.0,0.0,0.0
2026-01-08 01:25:00+00:00,18.059999465942383,18.059999465942383,18.049999237060547,18.049999237060547,16072,0.0,0.0,0.0
2026-01-08 01:30:00+00:00,18.09000015258789,18.09000015258789,18.040000915527344,18.040000915527344,50026,0.0,0.0,0.0
2026-01-08 01:35:00+00:00,18.049999237060547,18.049999237060547,18.010000228881836,18.040000915527344,41533,0.0,0.0,0.0
2026-01-08 01:40:00+00:00,18.040000915527344,18.110000610351562,18.040000915527344,18.110000610351562,52053,0.0,0.0,0.0
2026-01-08 01:45:00+00:00,18.110000610351562,18.149999618530273,18.110000610351562,18.149999618530273,27242,0.0,0.0,0.0
2026-01-08 01:50:00+00:00,18.149999618530273,18.149999618530273,18.1200008392334,18.1200008392334,9271,0.0,0.0,0.0
2026-01-08 01:55:00+00:00,18.139999389648438,18.139999389648438,18.1200008392334,18.1299991607666,10733,0.0,0.0,0.0
2026-01-08 02:00:00+00:00,18.1299991607666,18.1299991607666,18.1299991607666,18.1299991607666,4478,0.0,0.0,0.0
2026-01-08 02:05:00+00:00,18.1200008392334,18.1299991607666,18.1200008392334,18.1299991607666,27290,0.0,0.0,0.0
2026-01-08 02:10:00+00:00,18.1299991607666,18.139999389648438,18.1299991607666,18.1299991607666,23705,0.0,0.0,0.0
2026-01-08 02:15:00+00:00,18.1299991607666,18.1299991607666,18.1299991607666,18.1299991607666,11389,0.0,0.0,0.0
2026-01-08 02:20:00+00:00,18.1299991607666,18.1299991607666,18.1200008392334,18.1200008392334,28487,0.0,0.0,0.0
2026-01-08 02:25:00+00:00,18.1299991607666,18.1299991607666,18.110000610351562,18.110000610351562,7564,0.0,0.0,0.0
2026-01-08 02:30:00+00:00,18.110000610351562,18.110000610351562,18.110000610351562,18.110000610351562,1412,0.0,0.0,0.0
2026-01-08 02:35:00+00:00,18.110000610351562,18.1200008392334,18.059999465942383,18.059999465942383,71420,0.0,0.0,0.0
2026-01-08 02:40:00+00:00,18.059999465942383,18.06999969482422,18.040000915527344,18.040000915527344,21295,0.0,0.0,0.0
2026-01-08 02:45:00+00:00,18.049999237060547,18.049999237060547,18.040000915527344,18.040000915527344,20020,0.0,0.0,0.0
2026-01-08 02:50:00+00:00,18.030000686645508,18.049999237060547,18.0,18.049999237060547,54238,0.0,0.0,0.0
2026-01-08 02:55:00+00:00,18.049999237060547,18.049999237060547,18.040000915527344,18.049999237060547,14615,0.0,0.0,0.0
2026-01-08 03:00:00+00:00,18.049999237060547,18.049999237060547,18.030000686645508,18.049999237060547,81300,0.0,0.0,0.0
2026-01-08 03:05:00+00:00,18.100000381469727,18.100000381469727,18.100000381469727,18.100000381469727,9042,0.0,0.0,0.0
2026-01-08 03:10:00+00:00,18.100000381469727,18.100000381469727,18.09000015258789,18.09000015258789,3865,0.0,0.0,0.0
2026-01-08 03:15:00+00:00,18.100000381469727,18.100000381469727,18.100000381469727,18.100000381469727,1236,0.0,0.0,0.0
2026-01-08 03:20:00+00:00,18.1200008392334,18.1200008392334,18.1200008392334,18.1200008392334,1242,0.0,0.0,0.0
2026-01-08 03:25:00+00:00,18.1200008392334,18.1200008392334,18.1200008392334,18.1200008392334,2500,0.0,0.0,0.0
2026-01-08 03:30:00+00:00,18.1200008392334,18.1200008392334,18.1200008392334,18.1200008392334,1066,0.0,0.0,0.0
2026-01-08 03:35:00+00:00,18.1200008392334,18.1200008392334,18.1200008392334,18.1200008392334,1061,0.0,0.0,0.0
2026-01-08 03:40:00+00:00,18.110000610351562,18.110000610351562,18.09000015258789,18.09000015258789,19447,0.0,0.0,0.0
2026-01-08 03:45:00+00:00,18.100000381469727,18.100000381469727,18.09000015258789,18.100000381469727,3024,0.0,0.0,0.0
2026-01-08 03:50:00+00:00,18.100000381469727,18.100000381469727,18.09000015258789,18.100000381469727,4545,0.0,0.0,0.0
2026-01-08 03:55:00+00:00,18.100000381469727,18.100000381469727,18.100000381469727,18.100000381469727,2491,0.0,0.0,0.0
2026-01-08 04:00:00+00:00,18.100000381469727,18.100000381469727,18.09000015258789,18.09000015258789,5424,0.0,0.0,0.0
2026-01-08 04:05:00+00:00,18.09000015258789,18.09000015258789,18.06999969482422,18.079999923706055,20619,0.0,0.0,0.0
2026-01-08 04:10:00+00:00,18.079999923706055,18.079999923706055,18.079999923706055,18.079999923706055,1000,0.0,0.0,0.0
2026-01-08 04:15:00+00:00,18.079999923706055,18.09000015258789,18.079999923706055,18.09000015258789,13781,0.0,0.0,0.0
2026-01-08 04:20:00+00:00,18.09000015258789,18.100000381469727,18.09000015258789,18.100000381469727,93261,0.0,0.0,0.0
2026-01-08 04:25:00+00:00,18.100000381469727,18.100000381469727,18.079999923706055,18.079999923706055,12162,0.0,0.0,0.0
2026-01-08 04:30:00+00:00,18.09000015258789,18.09000015258789,18.09000015258789,18.09000015258789,8667,0.0,0.0,0.0
2026-01-08 04:35:00+00:00,18.09000015258789,18.09000015258789,18.09000015258789,18.09000015258789,1427,0.0,0.0,0.0
2026-01-08 04:40:00+00:00,18.09000015258789,18.100000381469727,18.09000015258789,18.09000015258789,11140,0.0,0.0,0.0
2026-01-08 04:45:00+00:00,18.100000381469727,18.100000381469727,18.079999923706055,18.079999923706055,16579,0.0,0.0,0.0
2026-01-08 04:50:00+00:00,18.079999923706055,18.079999923706055,18.079999923706055,18.079999923706055,1089,0.0,0.0,0.0
2026-01-08 04:55:00+00:00,18.079999923706055,18.079999923706055,18.06999969482422,18.079999923706055,14100,0.0,0.0,0.0
2026-01-08 05:00:00+00:00,18.079999923706055,18.079999923706055,18.06999969482422,18.06999969482422,21451,0.0,0.0,0.0
2026-01-08 05:05:00+00:00,18.06999969482422,18.06999969482422,18.06999969482422,18.06999969482422,8059,0.0,0.0,0.0
2026-01-08 05:10:00+00:00,18.06999969482422,18.06999969482422,18.059999465942383,18.059999465942383,19034,0.0,0.0,0.0
2026-01-08 05:15:00+00:00,18.059999465942383,18.059999465942383,18.049999237060547,18.049999237060547,11660,0.0,0.0,0.0
2026-01-08 05:20:00+00:00,18.049999237060547,18.049999237060547,18.049999237060547,18.049999237060547,39820,0.0,0.0,0.0
2026-01-09 01:00:00+00:00,18.040000915527344,18.049999237060547,18.020000457763672,18.020000457763672,0,0.0,0.0,0.0
2026-01-09 01:05:00+00:00,18.049999237060547,18.049999237060547,18.049999237060547,18.049999237060547,3054,0.0,0.0,0.0
2026-01-09 01:10:00+00:00,18.049999237060547,18.049999237060547,18.030000686645508,18.030000686645508,5669,0.0,0.0,0.0
2026-01-09 01:15:00+00:00,18.049999237060547,18.049999237060547,18.040000915527344,18.040000915527344,33435,0.0,0.0,0.0
2026-01-09 01:20:00+00:00,18.030000686645508,18.030000686645508,17.969999313354492,17.979999542236328,189321,0.0,0.0,0.0
2026-01-09 01:25:00+00:00,17.959999084472656,17.959999084472656,17.889999389648438,17.889999389648438,100651,0.0,0.0,0.0
2026-01-09 01:30:00+00:00,17.90999984741211,17.90999984741211,17.899999618530273,17.90999984741211,36757,0.0,0.0,0.0
2026-01-09 01:35:00+00:00,17.90999984741211,17.950000762939453,17.90999984741211,17.950000762939453,94477,0.0,0.0,0.0
2026-01-09 01:40:00+00:00,17.950000762939453,17.959999084472656,17.950000762939453,17.959999084472656,9522,0.0,0.0,0.0
2026-01-09 01:45:00+00:00,17.959999084472656,17.989999771118164,17.950000762939453,17.989999771118164,14684,0.0,0.0,0.0
2026-01-09 01:50:00+00:00,18.0,18.0,18.0,18.0,35341,0.0,0.0,0.0
2026-01-09 01:55:00+00:00,18.010000228881836,18.010000228881836,18.0,18.0,15360,0.0,0.0,0.0
2026-01-09 02:00:00+00:00,18.0,18.020000457763672,18.0,18.020000457763672,25857,0.0,0.0,0.0
2026-01-09 02:05:00+00:00,18.030000686645508,18.030000686645508,18.030000686645508,18.030000686645508,21386,0.0,0.0,0.0
2026-01-09 02:15:00+00:00,18.030000686645508,18.040000915527344,18.030000686645508,18.040000915527344,2055,0.0,0.0,0.0
2026-01-09 02:20:00+00:00,18.040000915527344,18.049999237060547,18.040000915527344,18.049999237060547,10953,0.0,0.0,0.0
2026-01-09 02:25:00+00:00,18.040000915527344,18.049999237060547,18.040000915527344,18.040000915527344,7301,0.0,0.0,0.0
2026-01-09 02:30:00+00:00,18.059999465942383,18.06999969482422,18.059999465942383,18.06999969482422,14650,0.0,0.0,0.0
2026-01-09 02:35:00+00:00,18.06999969482422,18.06999969482422,18.06999969482422,18.06999969482422,18803,0.0,0.0,0.0
2026-01-09 02:40:00+00:00,18.079999923706055,18.1200008392334,18.079999923706055,18.1200008392334,31025,0.0,0.0,0.0
2026-01-09 02:45:00+00:00,18.139999389648438,18.149999618530273,18.139999389648438,18.149999618530273,26410,0.0,0.0,0.0
2026-01-09 02:50:00+00:00,18.149999618530273,18.149999618530273,18.149999618530273,18.149999618530273,55267,0.0,0.0,0.0
2026-01-09 02:55:00+00:00,18.149999618530273,18.149999618530273,18.139999389648438,18.139999389648438,51242,0.0,0.0,0.0
2026-01-09 03:00:00+00:00,18.139999389648438,18.139999389648438,18.139999389648438,18.139999389648438,31143,0.0,0.0,0.0
2026-01-09 03:05:00+00:00,18.139999389648438,18.139999389648438,18.1299991607666,18.1299991607666,12342,0.0,0.0,0.0
2026-01-09 03:10:00+00:00,18.1200008392334,18.1200008392334,18.110000610351562,18.110000610351562,65550,0.0,0.0,0.0
2026-01-09 03:15:00+00:00,18.1299991607666,18.1299991607666,18.1299991607666,18.1299991607666,1041,0.0,0.0,0.0
2026-01-09 03:20:00+00:00,18.1299991607666,18.149999618530273,18.1299991607666,18.139999389648438,6032,0.0,0.0,0.0
2026-01-09 03:25:00+00:00,18.139999389648438,18.139999389648438,18.1299991607666,18.1299991607666,6152,0.0,0.0,0.0
2026-01-09 03:30:00+00:00,18.139999389648438,18.139999389648438,18.1299991607666,18.1299991607666,22510,0.0,0.0,0.0
2026-01-09 03:35:00+00:00,18.1299991607666,18.1299991607666,18.1299991607666,18.1299991607666,3009,0.0,0.0,0.0
2026-01-09 03:40:00+00:00,18.139999389648438,18.139999389648438,18.139999389648438,18.139999389648438,1028,0.0,0.0,0.0
2026-01-09 03:45:00+00:00,18.139999389648438,18.139999389648438,18.1299991607666,18.1299991607666,4234,0.0,0.0,0.0
2026-01-09 03:50:00+00:00,18.1299991607666,18.1299991607666,18.1299991607666,18.1299991607666,1400,0.0,0.0,0.0
2026-01-09 04:00:00+00:00,18.1299991607666,18.1299991607666,18.1299991607666,18.1299991607666,2019,0.0,0.0,0.0
2026-01-09 04:05:00+00:00,18.1299991607666,18.1299991607666,18.1299991607666,18.1299991607666,1323,0.0,0.0,0.0
2026-01-09 04:20:00+00:00,18.1299991607666,18.1299991607666,18.1299991607666,18.1299991607666,6706,0.0,0.0,0.0
2026-01-09 04:25:00+00:00,18.1299991607666,18.1299991607666,18.1299991607666,18.1299991607666,20000,0.0,0.0,0.0
2026-01-09 04:30:00+00:00,18.1299991607666,18.1299991607666,18.1200008392334,18.1200008392334,271590,0.0,0.0,0.0
2026-01-09 04:35:00+00:00,18.1200008392334,18.1200008392334,18.110000610351562,18.110000610351562,6050,0.0,0.0,0.0
2026-01-09 04:40:00+00:00,18.100000381469727,18.110000610351562,18.100000381469727,18.100000381469727,18383,0.0,0.0,0.0
2026-01-09 04:50:00+00:00,18.09000015258789,18.09000015258789,18.059999465942383,18.059999465942383,14000,0.0,0.0,0.0
2026-01-09 04:55:00+00:00,18.059999465942383,18.059999465942383,18.059999465942383,18.059999465942383,27258,0.0,0.0,0.0
2026-01-09 05:00:00+00:00,18.06999969482422,18.06999969482422,18.06999969482422,18.06999969482422,11482,0.0,0.0,0.0
2026-01-09 05:05:00+00:00,18.079999923706055,18.09000015258789,18.079999923706055,18.09000015258789,22023,0.0,0.0,0.0
2026-01-09 05:10:00+00:00,18.09000015258789,18.09000015258789,18.09000015258789,18.09000015258789,3188,0.0,0.0,0.0
2026-01-09 05:15:00+00:00,18.09000015258789,18.100000381469727,18.09000015258789,18.09000015258789,15150,0.0,0.0,0.0
2026-01-09 05:20:00+00:00,18.09000015258789,18.09000015258789,18.079999923706055,18.09000015258789,33293,0.0,0.0,0.0
2026-01-12 01:00:00+00:00,18.219999313354492,18.25,18.219999313354492,18.25,0,0.0,0.0,0.0
2026-01-12 01:05:00+00:00,18.299999237060547,18.299999237060547,18.260000228881836,18.260000228881836,20747,0.0,0.0,0.0
2026-01-12 01:10:00+00:00,18.260000228881836,18.260000228881836,18.25,18.25,19083,0.0,0.0,0.0
2026-01-12 01:15:00+00:00,18.260000228881836,18.260000228881836,18.239999771118164,18.25,15555,0.0,0.0,0.0
2026-01-12 01:20:00+00:00,18.25,18.25,18.229999542236328,18.229999542236328,20661,0.0,0.0,0.0
2026-01-12 01:25:00+00:00,18.229999542236328,18.229999542236328,18.219999313354492,18.219999313354492,21720,0.0,0.0,0.0
2026-01-12 01:30:00+00:00,18.209999084472656,18.219999313354492,18.200000762939453,18.209999084472656,137035,0.0,0.0,0.0
2026-01-12 01:35:00+00:00,18.219999313354492,18.229999542236328,18.219999313354492,18.229999542236328,39764,0.0,0.0,0.0
2026-01-12 01:40:00+00:00,18.219999313354492,18.219999313354492,18.219999313354492,18.219999313354492,10055,0.0,0.0,0.0
2026-01-12 01:45:00+00:00,18.219999313354492,18.229999542236328,18.219999313354492,18.229999542236328,11625,0.0,0.0,0.0
2026-01-12 01:50:00+00:00,18.229999542236328,18.229999542236328,18.219999313354492,18.219999313354492,11227,0.0,0.0,0.0
2026-01-12 01:55:00+00:00,18.229999542236328,18.229999542236328,18.219999313354492,18.219999313354492,7678,0.0,0.0,0.0
2026-01-12 02:00:00+00:00,18.229999542236328,18.229999542236328,18.219999313354492,18.219999313354492,33813,0.0,0.0,0.0
2026-01-12 02:05:00+00:00,18.209999084472656,18.219999313354492,18.209999084472656,18.209999084472656,30774,0.0,0.0,0.0
2026-01-12 02:10:00+00:00,18.209999084472656,18.219999313354492,18.209999084472656,18.209999084472656,6104,0.0,0.0,0.0
2026-01-12 02:15:00+00:00,18.209999084472656,18.219999313354492,18.209999084472656,18.219999313354492,22358,0.0,0.0,0.0
2026-01-12 02:20:00+00:00,18.229999542236328,18.239999771118164,18.229999542236328,18.239999771118164,38384,0.0,0.0,0.0
2026-01-12 02:25:00+00:00,18.239999771118164,18.239999771118164,18.219999313354492,18.239999771118164,23855,0.0,0.0,0.0
2026-01-12 02:30:00+00:00,18.239999771118164,18.239999771118164,18.209999084472656,18.229999542236328,13025,0.0,0.0,0.0
2026-01-12 02:35:00+00:00,18.239999771118164,18.239999771118164,18.219999313354492,18.219999313354492,9154,0.0,0.0,0.0
2026-01-12 02:40:00+00:00,18.239999771118164,18.239999771118164,18.239999771118164,18.239999771118164,43778,0.0,0.0,0.0
2026-01-12 02:45:00+00:00,18.239999771118164,18.239999771118164,18.229999542236328,18.239999771118164,44881,0.0,0.0,0.0
2026-01-12 02:50:00+00:00,18.239999771118164,18.239999771118164,18.239999771118164,18.239999771118164,3056,0.0,0.0,0.0
2026-01-12 02:55:00+00:00,18.239999771118164,18.239999771118164,18.239999771118164,18.239999771118164,7034,0.0,0.0,0.0
2026-01-12 03:00:00+00:00,18.239999771118164,18.239999771118164,18.229999542236328,18.229999542236328,54639,0.0,0.0,0.0
2026-01-12 03:05:00+00:00,18.229999542236328,18.239999771118164,18.229999542236328,18.239999771118164,80049,0.0,0.0,0.0
2026-01-12 03:10:00+00:00,18.239999771118164,18.239999771118164,18.229999542236328,18.229999542236328,9215,0.0,0.0,0.0
2026-01-12 03:15:00+00:00,18.239999771118164,18.239999771118164,18.229999542236328,18.239999771118164,8646,0.0,0.0,0.0
2026-01-12 03:20:00+00:00,18.239999771118164,18.239999771118164,18.239999771118164,18.239999771118164,1369,0.0,0.0,0.0
2026-01-12 03:25:00+00:00,18.239999771118164,18.239999771118164,18.229999542236328,18.229999542236328,4060,0.0,0.0,0.0
2026-01-12 03:30:00+00:00,18.239999771118164,18.239999771118164,18.229999542236328,18.229999542236328,11964,0.0,0.0,0.0
2026-01-12 03:35:00+00:00,18.239999771118164,18.239999771118164,18.229999542236328,18.239999771118164,17474,0.0,0.0,0.0
2026-01-12 03:40:00+00:00,18.229999542236328,18.239999771118164,18.229999542236328,18.239999771118164,149143,0.0,0.0,0.0
2026-01-12 03:45:00+00:00,18.25,18.25,18.239999771118164,18.239999771118164,10627,0.0,0.0,0.0
2026-01-12 03:50:00+00:00,18.239999771118164,18.239999771118164,18.239999771118164,18.239999771118164,4342,0.0,0.0,0.0
2026-01-12 03:55:00+00:00,18.239999771118164,18.25,18.239999771118164,18.25,18184,0.0,0.0,0.0
2026-01-12 04:00:00+00:00,18.25,18.25,18.239999771118164,18.25,231127,0.0,0.0,0.0
2026-01-12 04:05:00+00:00,18.25,18.25,18.25,18.25,2840,0.0,0.0,0.0
2026-01-12 04:10:00+00:00,18.25,18.25,18.25,18.25,9225,0.0,0.0,0.0
2026-01-12 04:15:00+00:00,18.25,18.25,18.25,18.25,4152,0.0,0.0,0.0
2026-01-12 04:20:00+00:00,18.25,18.25,18.239999771118164,18.25,5092,0.0,0.0,0.0
2026-01-12 04:25:00+00:00,18.25,18.25,18.229999542236328,18.239999771118164,30138,0.0,0.0,0.0
2026-01-12 04:30:00+00:00,18.239999771118164,18.239999771118164,18.229999542236328,18.229999542236328,7205,0.0,0.0,0.0
2026-01-12 04:35:00+00:00,18.239999771118164,18.239999771118164,18.239999771118164,18.239999771118164,5011,0.0,0.0,0.0
2026-01-12 04:40:00+00:00,18.239999771118164,18.239999771118164,18.229999542236328,18.229999542236328,8220,0.0,0.0,0.0
2026-01-12 04:45:00+00:00,18.229999542236328,18.239999771118164,18.229999542236328,18.229999542236328,4021,0.0,0.0,0.0
2026-01-12 04:50:00+00:00,18.239999771118164,18.25,18.229999542236328,18.25,8239,0.0,0.0,0.0
2026-01-12 04:55:00+00:00,18.25,18.25,18.25,18.25,4010,0.0,0.0,0.0
2026-01-12 05:00:00+00:00,18.25,18.25,18.25,18.25,13659,0.0,0.0,0.0
2026-01-12 05:05:00+00:00,18.239999771118164,18.25,18.239999771118164,18.239999771118164,5415,0.0,0.0,0.0
2026-01-12 05:10:00+00:00,18.25,18.260000228881836,18.25,18.25,13271,0.0,0.0,0.0
2026-01-12 05:15:00+00:00,18.260000228881836,18.260000228881836,18.260000228881836,18.260000228881836,6637,0.0,0.0,0.0
2026-01-12 05:20:00+00:00,18.260000228881836,18.260000228881836,18.260000228881836,18.260000228881836,7606,0.0,0.0,0.0
2026-01-13 01:20:00+00:00,18.469999313354492,18.479999542236328,18.459999084472656,18.459999084472656,9072,0.0,0.0,0.0
2026-01-13 01:25:00+00:00,18.459999084472656,18.459999084472656,18.450000762939453,18.459999084472656,128068,0.0,0.0,0.0
2026-01-13 01:30:00+00:00,18.459999084472656,18.459999084472656,18.440000534057617,18.440000534057617,15790,0.0,0.0,0.0
2026-01-13 01:35:00+00:00,18.440000534057617,18.450000762939453,18.40999984741211,18.40999984741211,49794,0.0,0.0,0.0
2026-01-13 01:40:00+00:00,18.40999984741211,18.43000030517578,18.3799991607666,18.3799991607666,69517,0.0,0.0,0.0
2026-01-13 01:45:00+00:00,18.350000381469727,18.360000610351562,18.34000015258789,18.34000015258789,17480,0.0,0.0,0.0
2026-01-13 01:50:00+00:00,18.34000015258789,18.34000015258789,18.31999969482422,18.31999969482422,33429,0.0,0.0,0.0
2026-01-13 01:55:00+00:00,18.31999969482422,18.34000015258789,18.31999969482422,18.34000015258789,19187,0.0,0.0,0.0
2026-01-13 02:00:00+00:00,18.350000381469727,18.350000381469727,18.34000015258789,18.34000015258789,10538,0.0,0.0,0.0
2026-01-13 02:05:00+00:00,18.31999969482422,18.31999969482422,18.309999465942383,18.309999465942383,14824,0.0,0.0,0.0
2026-01-13 02:10:00+00:00,18.329999923706055,18.329999923706055,18.31999969482422,18.329999923706055,10628,0.0,0.0,0.0
2026-01-13 02:15:00+00:00,18.329999923706055,18.329999923706055,18.299999237060547,18.299999237060547,34627,0.0,0.0,0.0
2026-01-13 02:20:00+00:00,18.299999237060547,18.299999237060547,18.270000457763672,18.270000457763672,28112,0.0,0.0,0.0
2026-01-13 02:25:00+00:00,18.270000457763672,18.31999969482422,18.270000457763672,18.31999969482422,43160,0.0,0.0,0.0
2026-01-13 02:30:00+00:00,18.329999923706055,18.329999923706055,18.329999923706055,18.329999923706055,5678,0.0,0.0,0.0
2026-01-13 02:35:00+00:00,18.329999923706055,18.34000015258789,18.329999923706055,18.34000015258789,12557,0.0,0.0,0.0
2026-01-13 02:40:00+00:00,18.350000381469727,18.350000381469727,18.350000381469727,18.350000381469727,3521,0.0,0.0,0.0
2026-01-13 02:45:00+00:00,18.350000381469727,18.350000381469727,18.34000015258789,18.34000015258789,5317,0.0,0.0,0.0
2026-01-13 02:50:00+00:00,18.34000015258789,18.350000381469727,18.34000015258789,18.350000381469727,7292,0.0,0.0,0.0
2026-01-13 02:55:00+00:00,18.350000381469727,18.350000381469727,18.350000381469727,18.350000381469727,6232,0.0,0.0,0.0
2026-01-13 03:00:00+00:00,18.350000381469727,18.350000381469727,18.34000015258789,18.34000015258789,5201,0.0,0.0,0.0
2026-01-13 03:05:00+00:00,18.350000381469727,18.350000381469727,18.350000381469727,18.350000381469727,3975,0.0,0.0,0.0
2026-01-13 03:10:00+00:00,18.350000381469727,18.350000381469727,18.350000381469727,18.350000381469727,1244,0.0,0.0,0.0
2026-01-13 03:15:00+00:00,18.350000381469727,18.350000381469727,18.350000381469727,18.350000381469727,5403,0.0,0.0,0.0
2026-01-13 03:20:00+00:00,18.350000381469727,18.360000610351562,18.350000381469727,18.360000610351562,37558,0.0,0.0,0.0
2026-01-13 03:25:00+00:00,18.3700008392334,18.3700008392334,18.3700008392334,18.3700008392334,6020,0.0,0.0,0.0
2026-01-13 03:30:00+00:00,18.3700008392334,18.3700008392334,18.3700008392334,18.3700008392334,5044,0.0,0.0,0.0
2026-01-13 03:45:00+00:00,18.3700008392334,18.3700008392334,18.3700008392334,18.3700008392334,7322,0.0,0.0,0.0
2026-01-13 03:50:00+00:00,18.360000610351562,18.360000610351562,18.360000610351562,18.360000610351562,1708,0.0,0.0,0.0
2026-01-13 03:55:00+00:00,18.350000381469727,18.3700008392334,18.350000381469727,18.3700008392334,10361,0.0,0.0,0.0
2026-01-13 04:00:00+00:00,18.3700008392334,18.3700008392334,18.350000381469727,18.350000381469727,5509,0.0,0.0,0.0
2026-01-13 04:05:00+00:00,18.350000381469727,18.360000610351562,18.350000381469727,18.360000610351562,3169,0.0,0.0,0.0
2026-01-13 04:10:00+00:00,18.360000610351562,18.360000610351562,18.360000610351562,18.360000610351562,5271,0.0,0.0,0.0
2026-01-13 04:15:00+00:00,18.360000610351562,18.360000610351562,18.360000610351562,18.360000610351562,3094,0.0,0.0,0.0
2026-01-13 04:20:00+00:00,18.360000610351562,18.360000610351562,18.350000381469727,18.350000381469727,5794,0.0,0.0,0.0
2026-01-13 04:25:00+00:00,18.350000381469727,18.360000610351562,18.350000381469727,18.350000381469727,23153,0.0,0.0,0.0
2026-01-13 04:30:00+00:00,18.360000610351562,18.360000610351562,18.31999969482422,18.329999923706055,255080,0.0,0.0,0.0
2026-01-13 04:35:00+00:00,18.329999923706055,18.350000381469727,18.31999969482422,18.350000381469727,296120,0.0,0.0,0.0
2026-01-13 04:40:00+00:00,18.350000381469727,18.350000381469727,18.350000381469727,18.350000381469727,6071,0.0,0.0,0.0
2026-01-13 04:50:00+00:00,18.350000381469727,18.350000381469727,18.350000381469727,18.350000381469727,23073,0.0,0.0,0.0
2026-01-13 05:00:00+00:00,18.350000381469727,18.350000381469727,18.350000381469727,18.350000381469727,57274,0.0,0.0,0.0
2026-01-13 05:05:00+00:00,18.350000381469727,18.350000381469727,18.350000381469727,18.350000381469727,7837,0.0,0.0,0.0
2026-01-13 05:10:00+00:00,18.350000381469727,18.360000610351562,18.34000015258789,18.34000015258789,18114,0.0,0.0,0.0
2026-01-13 05:15:00+00:00,18.350000381469727,18.350000381469727,18.34000015258789,18.350000381469727,11174,0.0,0.0,0.0
2026-01-13 05:20:00+00:00,18.350000381469727,18.350000381469727,18.31999969482422,18.31999969482422,105765,0.0,0.0,0.0
2026-01-14 01:00:00+00:00,18.43000030517578,18.479999542236328,18.43000030517578,18.469999313354492,0,0.0,0.0,0.0
2026-01-14 01:05:00+00:00,18.469999313354492,18.469999313354492,18.450000762939453,18.469999313354492,67880,0.0,0.0,0.0
2026-01-14 01:10:00+00:00,18.469999313354492,18.469999313354492,18.450000762939453,18.469999313354492,26514,0.0,0.0,0.0
2026-01-14 01:15:00+00:00,18.459999084472656,18.479999542236328,18.459999084472656,18.479999542236328,45921,0.0,0.0,0.0
2026-01-14 01:20:00+00:00,18.450000762939453,18.459999084472656,18.450000762939453,18.459999084472656,3052,0.0,0.0,0.0
2026-01-14 01:25:00+00:00,18.459999084472656,18.479999542236328,18.459999084472656,18.459999084472656,8269,0.0,0.0,0.0
2026-01-14 01:30:00+00:00,18.479999542236328,18.5,18.469999313354492,18.5,48020,0.0,0.0,0.0
2026-01-14 01:35:00+00:00,18.5,18.5,18.469999313354492,18.489999771118164,23520,0.0,0.0,0.0
2026-01-14 01:40:00+00:00,18.489999771118164,18.489999771118164,18.489999771118164,18.489999771118164,19763,0.0,0.0,0.0
2026-01-14 01:45:00+00:00,18.489999771118164,18.489999771118164,18.479999542236328,18.489999771118164,13506,0.0,0.0,0.0
2026-01-14 01:50:00+00:00,18.489999771118164,18.489999771118164,18.479999542236328,18.479999542236328,53057,0.0,0.0,0.0
2026-01-14 01:55:00+00:00,18.479999542236328,18.489999771118164,18.479999542236328,18.489999771118164,15675,0.0,0.0,0.0
2026-01-14 02:00:00+00:00,18.5,18.510000228881836,18.5,18.510000228881836,69708,0.0,0.0,0.0
2026-01-14 02:05:00+00:00,18.520000457763672,18.520000457763672,18.510000228881836,18.520000457763672,48486,0.0,0.0,0.0
2026-01-14 02:10:00+00:00,18.520000457763672,18.520000457763672,18.520000457763672,18.520000457763672,6417,0.0,0.0,0.0
2026-01-14 02:15:00+00:00,18.520000457763672,18.530000686645508,18.520000457763672,18.530000686645508,21425,0.0,0.0,0.0
2026-01-14 02:20:00+00:00,18.540000915527344,18.56999969482422,18.540000915527344,18.56999969482422,35148,0.0,0.0,0.0
2026-01-14 02:25:00+00:00,18.56999969482422,18.56999969482422,18.56999969482422,18.56999969482422,5449,0.0,0.0,0.0
2026-01-14 02:30:00+00:00,18.56999969482422,18.56999969482422,18.549999237060547,18.56999969482422,38453,0.0,0.0,0.0
2026-01-14 02:35:00+00:00,18.530000686645508,18.530000686645508,18.489999771118164,18.489999771118164,36414,0.0,0.0,0.0
2026-01-14 02:40:00+00:00,18.5,18.5,18.5,18.5,4352,0.0,0.0,0.0
2026-01-14 02:45:00+00:00,18.5,18.5,18.5,18.5,6106,0.0,0.0,0.0
2026-01-14 02:50:00+00:00,18.5,18.510000228881836,18.5,18.510000228881836,11447,0.0,0.0,0.0
2026-01-14 03:00:00+00:00,18.510000228881836,18.510000228881836,18.510000228881836,18.510000228881836,9071,0.0,0.0,0.0
2026-01-14 03:05:00+00:00,18.520000457763672,18.520000457763672,18.5,18.5,13121,0.0,0.0,0.0
2026-01-14 03:10:00+00:00,18.510000228881836,18.510000228881836,18.510000228881836,18.510000228881836,11076,0.0,0.0,0.0
2026-01-14 03:15:00+00:00,18.520000457763672,18.520000457763672,18.520000457763672,18.520000457763672,3234,0.0,0.0,0.0
2026-01-14 03:20:00+00:00,18.520000457763672,18.520000457763672,18.520000457763672,18.520000457763672,15801,0.0,0.0,0.0
2026-01-14 03:25:00+00:00,18.520000457763672,18.520000457763672,18.520000457763672,18.520000457763672,1570,0.0,0.0,0.0
2026-01-14 03:30:00+00:00,18.520000457763672,18.520000457763672,18.520000457763672,18.520000457763672,2601,0.0,0.0,0.0
2026-01-14 03:35:00+00:00,18.520000457763672,18.520000457763672,18.520000457763672,18.520000457763672,2222,0.0,0.0,0.0
2026-01-14 03:40:00+00:00,18.520000457763672,18.530000686645508,18.520000457763672,18.530000686645508,5022,0.0,0.0,0.0
2026-01-14 03:45:00+00:00,18.520000457763672,18.530000686645508,18.520000457763672,18.530000686645508,7156,0.0,0.0,0.0
2026-01-14 03:50:00+00:00,18.520000457763672,18.520000457763672,18.520000457763672,18.520000457763672,3726,0.0,0.0,0.0
2026-01-14 03:55:00+00:00,18.510000228881836,18.520000457763672,18.510000228881836,18.520000457763672,4022,0.0,0.0,0.0
2026-01-14 04:00:00+00:00,18.520000457763672,18.520000457763672,18.520000457763672,18.520000457763672,5053,0.0,0.0,0.0
2026-01-14 04:05:00+00:00,18.520000457763672,18.520000457763672,18.520000457763672,18.520000457763672,7323,0.0,0.0,0.0
2026-01-14 04:10:00+00:00,18.520000457763672,18.520000457763672,18.520000457763672,18.520000457763672,25021,0.0,0.0,0.0
2026-01-14 04:15:00+00:00,18.510000228881836,18.520000457763672,18.510000228881836,18.510000228881836,40307,0.0,0.0,0.0
2026-01-14 04:20:00+00:00,18.510000228881836,18.510000228881836,18.510000228881836,18.510000228881836,26607,0.0,0.0,0.0
2026-01-14 04:25:00+00:00,18.510000228881836,18.510000228881836,18.510000228881836,18.510000228881836,54244,0.0,0.0,0.0
2026-01-14 04:30:00+00:00,18.510000228881836,18.510000228881836,18.510000228881836,18.510000228881836,6362,0.0,0.0,0.0
2026-01-14 04:35:00+00:00,18.5,18.5,18.5,18.5,4407,0.0,0.0,0.0
2026-01-14 04:40:00+00:00,18.5,18.5,18.5,18.5,48000,0.0,0.0,0.0
2026-01-14 04:45:00+00:00,18.5,18.5,18.5,18.5,3000,0.0,0.0,0.0
2026-01-14 04:50:00+00:00,18.5,18.5,18.479999542236328,18.479999542236328,36188,0.0,0.0,0.0
2026-01-14 04:55:00+00:00,18.479999542236328,18.479999542236328,18.479999542236328,18.479999542236328,2530,0.0,0.0,0.0
2026-01-14 05:00:00+00:00,18.479999542236328,18.479999542236328,18.479999542236328,18.479999542236328,12125,0.0,0.0,0.0
2026-01-14 05:05:00+00:00,18.479999542236328,18.479999542236328,18.479999542236328,18.479999542236328,6112,0.0,0.0,0.0
2026-01-14 05:15:00+00:00,18.5,18.5,18.489999771118164,18.489999771118164,10312,0.0,0.0,0.0
2026-01-14 05:20:00+00:00,18.479999542236328,18.479999542236328,18.479999542236328,18.479999542236328,11639,0.0,0.0,0.0
2026-01-15 01:00:00+00:00,18.479999542236328,18.479999542236328,18.459999084472656,18.459999084472656,0,0.0,0.0,0.0
2026-01-15 01:05:00+00:00,18.489999771118164,18.489999771118164,18.450000762939453,18.450000762939453,49699,0.0,0.0,0.0
2026-01-15 01:10:00+00:00,18.450000762939453,18.459999084472656,18.450000762939453,18.450000762939453,35163,0.0,0.0,0.0
2026-01-15 01:15:00+00:00,18.450000762939453,18.450000762939453,18.450000762939453,18.450000762939453,28115,0.0,0.0,0.0
2026-01-15 01:20:00+00:00,18.479999542236328,18.479999542236328,18.440000534057617,18.440000534057617,17069,0.0,0.0,0.0
2026-01-15 01:25:00+00:00,18.440000534057617,18.479999542236328,18.43000030517578,18.440000534057617,10664,0.0,0.0,0.0
2026-01-15 01:30:00+00:00,18.450000762939453,18.479999542236328,18.43000030517578,18.43000030517578,16454,0.0,0.0,0.0
2026-01-15 01:35:00+00:00,18.440000534057617,18.459999084472656,18.440000534057617,18.450000762939453,79485,0.0,0.0,0.0
2026-01-15 01:40:00+00:00,18.450000762939453,18.450000762939453,18.43000030517578,18.43000030517578,41205,0.0,0.0,0.0
2026-01-15 01:45:00+00:00,18.440000534057617,18.450000762939453,18.43000030517578,18.450000762939453,32345,0.0,0.0,0.0
2026-01-15 01:50:00+00:00,18.440000534057617,18.440000534057617,18.420000076293945,18.420000076293945,53243,0.0,0.0,0.0
2026-01-15 01:55:00+00:00,18.43000030517578,18.43000030517578,18.420000076293945,18.420000076293945,53511,0.0,0.0,0.0
2026-01-15 02:00:00+00:00,18.420000076293945,18.420000076293945,18.399999618530273,18.399999618530273,82854,0.0,0.0,0.0
2026-01-15 02:05:00+00:00,18.40999984741211,18.40999984741211,18.389999389648438,18.389999389648438,25354,0.0,0.0,0.0
2026-01-15 02:10:00+00:00,18.389999389648438,18.389999389648438,18.389999389648438,18.389999389648438,27043,0.0,0.0,0.0
2026-01-15 02:15:00+00:00,18.389999389648438,18.389999389648438,18.389999389648438,18.389999389648438,6857,0.0,0.0,0.0
2026-01-15 02:20:00+00:00,18.389999389648438,18.399999618530273,18.389999389648438,18.389999389648438,26429,0.0,0.0,0.0
2026-01-15 02:25:00+00:00,18.399999618530273,18.399999618530273,18.389999389648438,18.389999389648438,12217,0.0,0.0,0.0
2026-01-15 02:30:00+00:00,18.389999389648438,18.399999618530273,18.389999389648438,18.399999618530273,4141,0.0,0.0,0.0
2026-01-15 02:35:00+00:00,18.3799991607666,18.3799991607666,18.3700008392334,18.3700008392334,61771,0.0,0.0,0.0
2026-01-15 02:40:00+00:00,18.3799991607666,18.3799991607666,18.3799991607666,18.3799991607666,4518,0.0,0.0,0.0
2026-01-15 02:45:00+00:00,18.389999389648438,18.389999389648438,18.360000610351562,18.3700008392334,34429,0.0,0.0,0.0
2026-01-15 02:50:00+00:00,18.3799991607666,18.3799991607666,18.3799991607666,18.3799991607666,5070,0.0,0.0,0.0
2026-01-15 02:55:00+00:00,18.3799991607666,18.3799991607666,18.3799991607666,18.3799991607666,6583,0.0,0.0,0.0
2026-01-15 03:00:00+00:00,18.3799991607666,18.3799991607666,18.3799991607666,18.3799991607666,7240,0.0,0.0,0.0
2026-01-15 03:05:00+00:00,18.389999389648438,18.389999389648438,18.389999389648438,18.389999389648438,4465,0.0,0.0,0.0
2026-01-15 03:10:00+00:00,18.389999389648438,18.389999389648438,18.389999389648438,18.389999389648438,4358,0.0,0.0,0.0
2026-01-15 03:15:00+00:00,18.3799991607666,18.399999618530273,18.3799991607666,18.3799991607666,9566,0.0,0.0,0.0
2026-01-15 03:20:00+00:00,18.3799991607666,18.3799991607666,18.3799991607666,18.3799991607666,5487,0.0,0.0,0.0
2026-01-15 03:25:00+00:00,18.399999618530273,18.399999618530273,18.399999618530273,18.399999618530273,2197,0.0,0.0,0.0
2026-01-15 03:30:00+00:00,18.399999618530273,18.399999618530273,18.3799991607666,18.3799991607666,6581,0.0,0.0,0.0
2026-01-15 03:35:00+00:00,18.3799991607666,18.399999618530273,18.3799991607666,18.399999618530273,13341,0.0,0.0,0.0
2026-01-15 03:40:00+00:00,18.399999618530273,18.40999984741211,18.389999389648438,18.389999389648438,12006,0.0,0.0,0.0
2026-01-15 03:45:00+00:00,18.389999389648438,18.40999984741211,18.389999389648438,18.40999984741211,5208,0.0,0.0,0.0
2026-01-15 03:50:00+00:00,18.3799991607666,18.40999984741211,18.3700008392334,18.40999984741211,64395,0.0,0.0,0.0
2026-01-15 03:55:00+00:00,18.389999389648438,18.389999389648438,18.389999389648438,18.389999389648438,1177,0.0,0.0,0.0
2026-01-15 04:05:00+00:00,18.389999389648438,18.40999984741211,18.389999389648438,18.40999984741211,12974,0.0,0.0,0.0
2026-01-15 04:10:00+00:00,18.40999984741211,18.40999984741211,18.40999984741211,18.40999984741211,13945,0.0,0.0,0.0
2026-01-15 04:15:00+00:00,18.420000076293945,18.43000030517578,18.420000076293945,18.43000030517578,49104,0.0,0.0,0.0
2026-01-15 04:20:00+00:00,18.43000030517578,18.43000030517578,18.420000076293945,18.420000076293945,3205,0.0,0.0,0.0
2026-01-15 04:25:00+00:00,18.420000076293945,18.43000030517578,18.420000076293945,18.43000030517578,3604,0.0,0.0,0.0
2026-01-15 04:30:00+00:00,18.43000030517578,18.43000030517578,18.43000030517578,18.43000030517578,4306,0.0,0.0,0.0
2026-01-15 04:35:00+00:00,18.420000076293945,18.420000076293945,18.420000076293945,18.420000076293945,4762,0.0,0.0,0.0
2026-01-15 04:40:00+00:00,18.420000076293945,18.420000076293945,18.420000076293945,18.420000076293945,4000,0.0,0.0,0.0
2026-01-15 04:45:00+00:00,18.43000030517578,18.43000030517578,18.420000076293945,18.43000030517578,23010,0.0,0.0,0.0
2026-01-15 04:50:00+00:00,18.420000076293945,18.43000030517578,18.420000076293945,18.43000030517578,4310,0.0,0.0,0.0
2026-01-15 04:55:00+00:00,18.43000030517578,18.43000030517578,18.43000030517578,18.43000030517578,4570,0.0,0.0,0.0
2026-01-15 05:00:00+00:00,18.420000076293945,18.420000076293945,18.420000076293945,18.420000076293945,1822,0.0,0.0,0.0
2026-01-15 05:05:00+00:00,18.43000030517578,18.43000030517578,18.43000030517578,18.43000030517578,2139,0.0,0.0,0.0
2026-01-15 05:10:00+00:00,18.43000030517578,18.450000762939453,18.43000030517578,18.440000534057617,16721,0.0,0.0,0.0
2026-01-15 05:15:00+00:00,18.450000762939453,18.450000762939453,18.450000762939453,18.450000762939453,21239,0.0,0.0,0.0
2026-01-15 05:20:00+00:00,18.450000762939453,18.450000762939453,18.450000762939453,18.450000762939453,3641,0.0,0.0,0.0
2026-01-16 01:00:00+00:00,18.709999084472656,18.760000228881836,18.65999984741211,18.65999984741211,0,0.0,0.0,0.0
2026-01-16 01:05:00+00:00,18.65999984741211,18.65999984741211,18.600000381469727,18.6200008392334,71318,0.0,0.0,0.0
2026-01-16 01:10:00+00:00,18.610000610351562,18.6299991607666,18.610000610351562,18.610000610351562,23221,0.0,0.0,0.0
2026-01-16 01:15:00+00:00,18.610000610351562,18.6200008392334,18.600000381469727,18.600000381469727,84023,0.0,0.0,0.0
2026-01-16 01:20:00+00:00,18.59000015258789,18.59000015258789,18.56999969482422,18.56999969482422,113190,0.0,0.0,0.0
2026-01-16 01:25:00+00:00,18.559999465942383,18.559999465942383,18.549999237060547,18.549999237060547,209630,0.0,0.0,0.0
2026-01-16 01:30:00+00:00,18.549999237060547,18.610000610351562,18.549999237060547,18.610000610351562,190144,0.0,0.0,0.0
2026-01-16 01:35:00+00:00,18.610000610351562,18.610000610351562,18.59000015258789,18.600000381469727,9039,0.0,0.0,0.0
2026-01-16 01:40:00+00:00,18.600000381469727,18.610000610351562,18.600000381469727,18.600000381469727,27702,0.0,0.0,0.0
2026-01-16 01:45:00+00:00,18.600000381469727,18.600000381469727,18.579999923706055,18.579999923706055,21652,0.0,0.0,0.0
2026-01-16 01:50:00+00:00,18.579999923706055,18.579999923706055,18.559999465942383,18.579999923706055,10083,0.0,0.0,0.0
2026-01-16 01:55:00+00:00,18.579999923706055,18.59000015258789,18.579999923706055,18.59000015258789,23431,0.0,0.0,0.0
2026-01-16 02:00:00+00:00,18.59000015258789,18.6200008392334,18.59000015258789,18.6200008392334,45105,0.0,0.0,0.0
2026-01-16 02:05:00+00:00,18.6299991607666,18.649999618530273,18.6299991607666,18.639999389648438,23820,0.0,0.0,0.0
2026-01-16 02:10:00+00:00,18.639999389648438,18.649999618530273,18.639999389648438,18.649999618530273,40810,0.0,0.0,0.0
2026-01-16 02:15:00+00:00,18.65999984741211,18.65999984741211,18.649999618530273,18.649999618530273,11464,0.0,0.0,0.0
2026-01-16 02:20:00+00:00,18.649999618530273,18.649999618530273,18.639999389648438,18.639999389648438,34587,0.0,0.0,0.0
2026-01-16 02:25:00+00:00,18.639999389648438,18.639999389648438,18.6200008392334,18.6299991607666,5298,0.0,0.0,0.0
2026-01-16 02:30:00+00:00,18.6299991607666,18.649999618530273,18.6299991607666,18.649999618530273,21734,0.0,0.0,0.0
2026-01-16 02:35:00+00:00,18.649999618530273,18.65999984741211,18.649999618530273,18.65999984741211,10079,0.0,0.0,0.0
2026-01-16 02:40:00+00:00,18.65999984741211,18.65999984741211,18.649999618530273,18.649999618530273,15711,0.0,0.0,0.0
2026-01-16 02:45:00+00:00,18.65999984741211,18.65999984741211,18.65999984741211,18.65999984741211,8458,0.0,0.0,0.0
2026-01-16 02:50:00+00:00,18.65999984741211,18.65999984741211,18.65999984741211,18.65999984741211,25494,0.0,0.0,0.0
2026-01-16 02:55:00+00:00,18.65999984741211,18.670000076293945,18.65999984741211,18.670000076293945,90695,0.0,0.0,0.0
2026-01-16 03:00:00+00:00,18.670000076293945,18.690000534057617,18.670000076293945,18.690000534057617,40203,0.0,0.0,0.0
2026-01-16 03:05:00+00:00,18.68000030517578,18.68000030517578,18.68000030517578,18.68000030517578,1107,0.0,0.0,0.0
2026-01-16 03:10:00+00:00,18.68000030517578,18.690000534057617,18.68000030517578,18.690000534057617,7228,0.0,0.0,0.0
2026-01-16 03:15:00+00:00,18.700000762939453,18.700000762939453,18.68000030517578,18.700000762939453,37394,0.0,0.0,0.0
2026-01-16 03:20:00+00:00,18.68000030517578,18.700000762939453,18.68000030517578,18.700000762939453,5191,0.0,0.0,0.0
2026-01-16 03:25:00+00:00,18.690000534057617,18.690000534057617,18.68000030517578,18.68000030517578,14408,0.0,0.0,0.0
2026-01-16 03:30:00+00:00,18.690000534057617,18.700000762939453,18.68000030517578,18.700000762939453,32102,0.0,0.0,0.0
2026-01-16 03:35:00+00:00,18.700000762939453,18.700000762939453,18.690000534057617,18.690000534057617,6898,0.0,0.0,0.0
2026-01-16 03:40:00+00:00,18.690000534057617,18.690000534057617,18.690000534057617,18.690000534057617,2330,0.0,0.0,0.0
2026-01-16 03:45:00+00:00,18.700000762939453,18.700000762939453,18.700000762939453,18.700000762939453,32064,0.0,0.0,0.0
2026-01-16 03:50:00+00:00,18.700000762939453,18.700000762939453,18.700000762939453,18.700000762939453,10310,0.0,0.0,0.0
2026-01-16 03:55:00+00:00,18.700000762939453,18.700000762939453,18.700000762939453,18.700000762939453,17601,0.0,0.0,0.0
2026-01-16 04:00:00+00:00,18.700000762939453,18.700000762939453,18.700000762939453,18.700000762939453,19247,0.0,0.0,0.0
2026-01-16 04:05:00+00:00,18.709999084472656,18.719999313354492,18.709999084472656,18.719999313354492,20587,0.0,0.0,0.0
2026-01-16 04:10:00+00:00,18.719999313354492,18.719999313354492,18.709999084472656,18.709999084472656,4236,0.0,0.0,0.0
2026-01-16 04:15:00+00:00,18.709999084472656,18.719999313354492,18.709999084472656,18.719999313354492,47521,0.0,0.0,0.0
2026-01-16 04:20:00+00:00,18.719999313354492,18.729999542236328,18.719999313354492,18.719999313354492,11332,0.0,0.0,0.0
2026-01-16 04:25:00+00:00,18.719999313354492,18.729999542236328,18.719999313354492,18.729999542236328,4259,0.0,0.0,0.0
2026-01-16 04:30:00+00:00,18.729999542236328,18.729999542236328,18.709999084472656,18.709999084472656,9940,0.0,0.0,0.0
2026-01-16 04:35:00+00:00,18.709999084472656,18.729999542236328,18.709999084472656,18.729999542236328,16341,0.0,0.0,0.0
2026-01-16 04:40:00+00:00,18.739999771118164,18.75,18.739999771118164,18.739999771118164,18395,0.0,0.0,0.0
2026-01-16 04:45:00+00:00,18.75,18.75,18.739999771118164,18.739999771118164,8453,0.0,0.0,0.0
2026-01-16 04:50:00+00:00,18.739999771118164,18.739999771118164,18.729999542236328,18.729999542236328,22355,0.0,0.0,0.0
2026-01-16 04:55:00+00:00,18.729999542236328,18.729999542236328,18.719999313354492,18.729999542236328,7309,0.0,0.0,0.0
2026-01-16 05:00:00+00:00,18.719999313354492,18.719999313354492,18.700000762939453,18.700000762939453,63955,0.0,0.0,0.0
2026-01-16 05:05:00+00:00,18.700000762939453,18.729999542236328,18.700000762939453,18.719999313354492,13217,0.0,0.0,0.0
2026-01-16 05:10:00+00:00,18.719999313354492,18.729999542236328,18.719999313354492,18.729999542236328,12464,0.0,0.0,0.0
2026-01-16 05:15:00+00:00,18.729999542236328,18.729999542236328,18.719999313354492,18.719999313354492,20960,0.0,0.0,0.0
2026-01-16 05:20:00+00:00,18.729999542236328,18.729999542236328,18.719999313354492,18.719999313354492,17566,0.0,0.0,0.0
2026-01-19 01:00:00+00:00,18.649999618530273,18.690000534057617,18.399999618530273,18.40999984741211,0,0.0,0.0,0.0
2026-01-19 01:05:00+00:00,18.40999984741211,18.420000076293945,18.389999389648438,18.399999618530273,166000,0.0,0.0,0.0
2026-01-19 01:10:00+00:00,18.399999618530273,18.420000076293945,18.399999618530273,18.40999984741211,81823,0.0,0.0,0.0
2026-01-19 01:15:00+00:00,18.40999984741211,18.440000534057617,18.399999618530273,18.440000534057617,49067,0.0,0.0,0.0
2026-01-19 01:20:00+00:00,18.440000534057617,18.440000534057617,18.420000076293945,18.420000076293945,66932,0.0,0.0,0.0
2026-01-19 01:25:00+00:00,18.420000076293945,18.43000030517578,18.40999984741211,18.43000030517578,27211,0.0,0.0,0.0
2026-01-19 01:30:00+00:00,18.440000534057617,18.440000534057617,18.420000076293945,18.440000534057617,29121,0.0,0.0,0.0
2026-01-19 01:35:00+00:00,18.440000534057617,18.440000534057617,18.40999984741211,18.40999984741211,22403,0.0,0.0,0.0
2026-01-19 01:40:00+00:00,18.40999984741211,18.420000076293945,18.399999618530273,18.399999618530273,236374,0.0,0.0,0.0
2026-01-19 01:45:00+00:00,18.420000076293945,18.420000076293945,18.399999618530273,18.399999618530273,18683,0.0,0.0,0.0
2026-01-19 01:50:00+00:00,18.40999984741211,18.420000076293945,18.40999984741211,18.420000076293945,3171,0.0,0.0,0.0
2026-01-19 01:55:00+00:00,18.40999984741211,18.420000076293945,18.399999618530273,18.420000076293945,52647,0.0,0.0,0.0
2026-01-19 02:00:00+00:00,18.420000076293945,18.420000076293945,18.3799991607666,18.3799991607666,118474,0.0,0.0,0.0
2026-01-19 02:05:00+00:00,18.399999618530273,18.399999618530273,18.399999618530273,18.399999618530273,10425,0.0,0.0,0.0
2026-01-19 02:10:00+00:00,18.399999618530273,18.399999618530273,18.399999618530273,18.399999618530273,12540,0.0,0.0,0.0
2026-01-19 02:15:00+00:00,18.399999618530273,18.399999618530273,18.389999389648438,18.399999618530273,48869,0.0,0.0,0.0
2026-01-19 02:20:00+00:00,18.399999618530273,18.40999984741211,18.389999389648438,18.40999984741211,78122,0.0,0.0,0.0
2026-01-19 02:25:00+00:00,18.40999984741211,18.43000030517578,18.40999984741211,18.420000076293945,12108,0.0,0.0,0.0
2026-01-19 02:30:00+00:00,18.420000076293945,18.43000030517578,18.40999984741211,18.40999984741211,11880,0.0,0.0,0.0
2026-01-19 02:35:00+00:00,18.43000030517578,18.440000534057617,18.43000030517578,18.440000534057617,3113,0.0,0.0,0.0
2026-01-19 02:40:00+00:00,18.440000534057617,18.440000534057617,18.440000534057617,18.440000534057617,8611,0.0,0.0,0.0
2026-01-19 02:45:00+00:00,18.440000534057617,18.450000762939453,18.440000534057617,18.450000762939453,20774,0.0,0.0,0.0
2026-01-19 02:50:00+00:00,18.450000762939453,18.450000762939453,18.440000534057617,18.440000534057617,2313,0.0,0.0,0.0
2026-01-19 02:55:00+00:00,18.440000534057617,18.440000534057617,18.440000534057617,18.440000534057617,12132,0.0,0.0,0.0
2026-01-19 03:00:00+00:00,18.440000534057617,18.440000534057617,18.43000030517578,18.440000534057617,27082,0.0,0.0,0.0
2026-01-19 03:05:00+00:00,18.450000762939453,18.459999084472656,18.450000762939453,18.459999084472656,45023,0.0,0.0,0.0
2026-01-19 03:10:00+00:00,18.459999084472656,18.459999084472656,18.450000762939453,18.450000762939453,9070,0.0,0.0,0.0
2026-01-19 03:15:00+00:00,18.450000762939453,18.450000762939453,18.450000762939453,18.450000762939453,3529,0.0,0.0,0.0
2026-01-19 03:20:00+00:00,18.450000762939453,18.450000762939453,18.43000030517578,18.43000030517578,26089,0.0,0.0,0.0
2026-01-19 03:25:00+00:00,18.420000076293945,18.420000076293945,18.420000076293945,18.420000076293945,19075,0.0,0.0,0.0
2026-01-19 03:30:00+00:00,18.43000030517578,18.43000030517578,18.420000076293945,18.420000076293945,7073,0.0,0.0,0.0
2026-01-19 03:35:00+00:00,18.43000030517578,18.440000534057617,18.43000030517578,18.440000534057617,11034,0.0,0.0,0.0
2026-01-19 03:40:00+00:00,18.440000534057617,18.450000762939453,18.440000534057617,18.450000762939453,3132,0.0,0.0,0.0
2026-01-19 03:45:00+00:00,18.450000762939453,18.450000762939453,18.450000762939453,18.450000762939453,12198,0.0,0.0,0.0
2026-01-19 03:50:00+00:00,18.440000534057617,18.459999084472656,18.440000534057617,18.459999084472656,21274,0.0,0.0,0.0
2026-01-19 03:55:00+00:00,18.459999084472656,18.459999084472656,18.450000762939453,18.450000762939453,28107,0.0,0.0,0.0
2026-01-19 04:00:00+00:00,18.450000762939453,18.459999084472656,18.450000762939453,18.459999084472656,10617,0.0,0.0,0.0
2026-01-19 04:05:00+00:00,18.459999084472656,18.459999084472656,18.450000762939453,18.450000762939453,63296,0.0,0.0,0.0
2026-01-19 04:10:00+00:00,18.440000534057617,18.440000534057617,18.43000030517578,18.440000534057617,39809,0.0,0.0,0.0
2026-01-19 04:15:00+00:00,18.440000534057617,18.440000534057617,18.440000534057617,18.440000534057617,27396,0.0,0.0,0.0
2026-01-19 04:20:00+00:00,18.440000534057617,18.450000762939453,18.440000534057617,18.450000762939453,142403,0.0,0.0,0.0
2026-01-19 04:25:00+00:00,18.450000762939453,18.450000762939453,18.440000534057617,18.450000762939453,12639,0.0,0.0,0.0
2026-01-19 04:30:00+00:00,18.459999084472656,18.469999313354492,18.459999084472656,18.469999313354492,147402,0.0,0.0,0.0
2026-01-19 04:35:00+00:00,18.469999313354492,18.479999542236328,18.469999313354492,18.479999542236328,10320,0.0,0.0,0.0
2026-01-19 04:40:00+00:00,18.479999542236328,18.5,18.479999542236328,18.5,30363,0.0,0.0,0.0
2026-01-19 04:45:00+00:00,18.5,18.5,18.5,18.5,8228,0.0,0.0,0.0
2026-01-19 04:50:00+00:00,18.510000228881836,18.530000686645508,18.510000228881836,18.520000457763672,7576,0.0,0.0,0.0
2026-01-19 04:55:00+00:00,18.520000457763672,18.520000457763672,18.5,18.5,12690,0.0,0.0,0.0
2026-01-19 05:00:00+00:00,18.5,18.5,18.479999542236328,18.479999542236328,13703,0.0,0.0,0.0
2026-01-19 05:05:00+00:00,18.479999542236328,18.479999542236328,18.450000762939453,18.469999313354492,30421,0.0,0.0,0.0
2026-01-19 05:10:00+00:00,18.459999084472656,18.479999542236328,18.459999084472656,18.479999542236328,17375,0.0,0.0,0.0
2026-01-19 05:15:00+00:00,18.489999771118164,18.489999771118164,18.479999542236328,18.479999542236328,73226,0.0,0.0,0.0
2026-01-19 05:20:00+00:00,18.489999771118164,18.489999771118164,18.469999313354492,18.489999771118164,169127,0.0,0.0,0.0
2026-01-20 01:00:00+00:00,18.43000030517578,18.43000030517578,18.360000610351562,18.360000610351562,0,0.0,0.0,0.0
2026-01-20 01:05:00+00:00,18.399999618530273,18.40999984741211,18.399999618530273,18.399999618530273,26063,0.0,0.0,0.0
2026-01-20 01:10:00+00:00,18.399999618530273,18.399999618530273,18.389999389648438,18.399999618530273,16107,0.0,0.0,0.0
2026-01-20 01:15:00+00:00,18.399999618530273,18.40999984741211,18.399999618530273,18.40999984741211,9618,0.0,0.0,0.0
2026-01-20 01:20:00+00:00,18.399999618530273,18.40999984741211,18.399999618530273,18.40999984741211,3950,0.0,0.0,0.0
2026-01-20 01:25:00+00:00,18.40999984741211,18.420000076293945,18.40999984741211,18.420000076293945,37857,0.0,0.0,0.0
2026-01-20 01:30:00+00:00,18.43000030517578,18.43000030517578,18.420000076293945,18.420000076293945,212679,0.0,0.0,0.0
2026-01-20 01:35:00+00:00,18.420000076293945,18.450000762939453,18.40999984741211,18.40999984741211,90409,0.0,0.0,0.0
2026-01-20 01:40:00+00:00,18.420000076293945,18.420000076293945,18.399999618530273,18.40999984741211,36027,0.0,0.0,0.0
2026-01-20 01:45:00+00:00,18.40999984741211,18.40999984741211,18.40999984741211,18.40999984741211,23719,0.0,0.0,0.0
2026-01-20 01:50:00+00:00,18.40999984741211,18.420000076293945,18.40999984741211,18.420000076293945,36591,0.0,0.0,0.0
2026-01-20 01:55:00+00:00,18.420000076293945,18.450000762939453,18.40999984741211,18.450000762939453,293721,0.0,0.0,0.0
2026-01-20 02:00:00+00:00,18.450000762939453,18.450000762939453,18.420000076293945,18.43000030517578,87205,0.0,0.0,0.0
2026-01-20 02:05:00+00:00,18.43000030517578,18.43000030517578,18.420000076293945,18.420000076293945,9329,0.0,0.0,0.0
2026-01-20 02:10:00+00:00,18.420000076293945,18.450000762939453,18.420000076293945,18.450000762939453,41062,0.0,0.0,0.0
2026-01-20 02:15:00+00:00,18.469999313354492,18.479999542236328,18.459999084472656,18.469999313354492,12041,0.0,0.0,0.0
2026-01-20 02:20:00+00:00,18.469999313354492,18.489999771118164,18.469999313354492,18.479999542236328,22164,0.0,0.0,0.0
2026-01-20 02:25:00+00:00,18.479999542236328,18.479999542236328,18.479999542236328,18.479999542236328,46049,0.0,0.0,0.0
2026-01-20 02:30:00+00:00,18.479999542236328,18.489999771118164,18.479999542236328,18.489999771118164,40949,0.0,0.0,0.0
2026-01-20 02:35:00+00:00,18.5,18.520000457763672,18.5,18.520000457763672,41409,0.0,0.0,0.0
2026-01-20 02:40:00+00:00,18.530000686645508,18.530000686645508,18.5,18.5,19340,0.0,0.0,0.0
2026-01-20 02:45:00+00:00,18.510000228881836,18.520000457763672,18.5,18.520000457763672,20038,0.0,0.0,0.0
2026-01-20 02:50:00+00:00,18.520000457763672,18.530000686645508,18.520000457763672,18.520000457763672,16007,0.0,0.0,0.0
2026-01-20 02:55:00+00:00,18.530000686645508,18.530000686645508,18.520000457763672,18.520000457763672,5167,0.0,0.0,0.0
2026-01-20 03:00:00+00:00,18.520000457763672,18.530000686645508,18.520000457763672,18.520000457763672,13288,0.0,0.0,0.0
2026-01-20 03:05:00+00:00,18.5,18.5,18.5,18.5,2248,0.0,0.0,0.0
2026-01-20 03:10:00+00:00,18.520000457763672,18.520000457763672,18.5,18.520000457763672,4786,0.0,0.0,0.0
2026-01-20 03:15:00+00:00,18.510000228881836,18.510000228881836,18.5,18.5,104174,0.0,0.0,0.0
2026-01-20 03:20:00+00:00,18.510000228881836,18.510000228881836,18.510000228881836,18.510000228881836,5040,0.0,0.0,0.0
2026-01-20 03:25:00+00:00,18.510000228881836,18.510000228881836,18.510000228881836,18.510000228881836,3110,0.0,0.0,0.0
2026-01-20 03:30:00+00:00,18.510000228881836,18.510000228881836,18.5,18.510000228881836,49057,0.0,0.0,0.0
2026-01-20 03:35:00+00:00,18.510000228881836,18.510000228881836,18.5,18.510000228881836,51217,0.0,0.0,0.0
2026-01-20 03:40:00+00:00,18.510000228881836,18.510000228881836,18.510000228881836,18.510000228881836,1204,0.0,0.0,0.0
2026-01-20 03:45:00+00:00,18.510000228881836,18.510000228881836,18.510000228881836,18.510000228881836,6063,0.0,0.0,0.0
2026-01-20 03:50:00+00:00,18.510000228881836,18.510000228881836,18.510000228881836,18.510000228881836,6380,0.0,0.0,0.0
2026-01-20 03:55:00+00:00,18.510000228881836,18.510000228881836,18.5,18.5,3114,0.0,0.0,0.0
2026-01-20 04:00:00+00:00,18.5,18.5,18.5,18.5,14294,0.0,0.0,0.0
2026-01-20 04:05:00+00:00,18.510000228881836,18.510000228881836,18.5,18.5,7763,0.0,0.0,0.0
2026-01-20 04:10:00+00:00,18.5,18.510000228881836,18.5,18.510000228881836,9421,0.0,0.0,0.0
2026-01-20 04:15:00+00:00,18.510000228881836,18.510000228881836,18.510000228881836,18.510000228881836,5398,0.0,0.0,0.0
2026-01-20 04:20:00+00:00,18.510000228881836,18.510000228881836,18.5,18.510000228881836,6120,0.0,0.0,0.0
2026-01-20 04:25:00+00:00,18.510000228881836,18.510000228881836,18.5,18.5,11334,0.0,0.0,0.0
2026-01-20 04:30:00+00:00,18.510000228881836,18.510000228881836,18.510000228881836,18.510000228881836,3166,0.0,0.0,0.0
2026-01-20 04:35:00+00:00,18.510000228881836,18.510000228881836,18.5,18.5,73011,0.0,0.0,0.0
2026-01-20 04:40:00+00:00,18.510000228881836,18.510000228881836,18.5,18.510000228881836,80415,0.0,0.0,0.0
2026-01-20 04:45:00+00:00,18.5,18.510000228881836,18.5,18.510000228881836,12942,0.0,0.0,0.0
2026-01-20 04:50:00+00:00,18.510000228881836,18.510000228881836,18.510000228881836,18.510000228881836,3015,0.0,0.0,0.0
2026-01-20 04:55:00+00:00,18.5,18.510000228881836,18.5,18.510000228881836,2293,0.0,0.0,0.0
2026-01-20 05:00:00+00:00,18.5,18.5,18.489999771118164,18.5,31240,0.0,0.0,0.0
2026-01-20 05:05:00+00:00,18.5,18.5,18.489999771118164,18.489999771118164,5011,0.0,0.0,0.0
2026-01-20 05:10:00+00:00,18.5,18.5,18.489999771118164,18.489999771118164,9549,0.0,0.0,0.0
2026-01-20 05:15:00+00:00,18.5,18.5,18.489999771118164,18.5,60714,0.0,0.0,0.0
2026-01-21 01:00:00+00:00,18.3700008392334,18.399999618530273,18.3700008392334,18.399999618530273,0,0.0,0.0,0.0
2026-01-21 01:05:00+00:00,18.399999618530273,18.43000030517578,18.389999389648438,18.43000030517578,35729,0.0,0.0,0.0
2026-01-21 01:10:00+00:00,18.399999618530273,18.399999618530273,18.3700008392334,18.3799991607666,61750,0.0,0.0,0.0
2026-01-21 01:15:00+00:00,18.399999618530273,18.399999618530273,18.399999618530273,18.399999618530273,30756,0.0,0.0,0.0
2026-01-21 01:20:00+00:00,18.399999618530273,18.40999984741211,18.399999618530273,18.40999984741211,13686,0.0,0.0,0.0
2026-01-21 01:25:00+00:00,18.420000076293945,18.440000534057617,18.420000076293945,18.43000030517578,6444,0.0,0.0,0.0
2026-01-21 01:30:00+00:00,18.440000534057617,18.459999084472656,18.440000534057617,18.459999084472656,41324,0.0,0.0,0.0
2026-01-21 01:35:00+00:00,18.459999084472656,18.459999084472656,18.450000762939453,18.450000762939453,27283,0.0,0.0,0.0
2026-01-21 01:40:00+00:00,18.450000762939453,18.450000762939453,18.450000762939453,18.450000762939453,5035,0.0,0.0,0.0
2026-01-21 01:45:00+00:00,18.459999084472656,18.459999084472656,18.450000762939453,18.459999084472656,111947,0.0,0.0,0.0
2026-01-21 01:50:00+00:00,18.459999084472656,18.459999084472656,18.440000534057617,18.440000534057617,115273,0.0,0.0,0.0
2026-01-21 01:55:00+00:00,18.440000534057617,18.440000534057617,18.43000030517578,18.43000030517578,23922,0.0,0.0,0.0
2026-01-21 02:00:00+00:00,18.43000030517578,18.43000030517578,18.399999618530273,18.399999618530273,111961,0.0,0.0,0.0
2026-01-21 02:05:00+00:00,18.40999984741211,18.43000030517578,18.40999984741211,18.43000030517578,33446,0.0,0.0,0.0
2026-01-21 02:10:00+00:00,18.440000534057617,18.440000534057617,18.420000076293945,18.420000076293945,5968,0.0,0.0,0.0
2026-01-21 02:15:00+00:00,18.420000076293945,18.420000076293945,18.399999618530273,18.399999618530273,47239,0.0,0.0,0.0
2026-01-21 02:20:00+00:00,18.399999618530273,18.399999618530273,18.3700008392334,18.3700008392334,57545,0.0,0.0,0.0
2026-01-21 02:25:00+00:00,18.3700008392334,18.3700008392334,18.34000015258789,18.34000015258789,135458,0.0,0.0,0.0
2026-01-21 02:30:00+00:00,18.34000015258789,18.34000015258789,18.329999923706055,18.329999923706055,51373,0.0,0.0,0.0
2026-01-21 02:35:00+00:00,18.329999923706055,18.329999923706055,18.309999465942383,18.309999465942383,71187,0.0,0.0,0.0
2026-01-21 02:40:00+00:00,18.31999969482422,18.31999969482422,18.31999969482422,18.31999969482422,5036,0.0,0.0,0.0
2026-01-21 02:45:00+00:00,18.31999969482422,18.31999969482422,18.31999969482422,18.31999969482422,14550,0.0,0.0,0.0
2026-01-21 02:50:00+00:00,18.34000015258789,18.350000381469727,18.34000015258789,18.350000381469727,115919,0.0,0.0,0.0
2026-01-21 02:55:00+00:00,18.350000381469727,18.350000381469727,18.350000381469727,18.350000381469727,1216,0.0,0.0,0.0
2026-01-21 03:00:00+00:00,18.350000381469727,18.350000381469727,18.34000015258789,18.34000015258789,53368,0.0,0.0,0.0
2026-01-21 03:05:00+00:00,18.3700008392334,18.3700008392334,18.3700008392334,18.3700008392334,5769,0.0,0.0,0.0
2026-01-21 03:20:00+00:00,18.350000381469727,18.360000610351562,18.350000381469727,18.360000610351562,2042,0.0,0.0,0.0
2026-01-21 03:25:00+00:00,18.350000381469727,18.350000381469727,18.350000381469727,18.350000381469727,50486,0.0,0.0,0.0
2026-01-21 03:30:00+00:00,18.350000381469727,18.360000610351562,18.329999923706055,18.329999923706055,21062,0.0,0.0,0.0
2026-01-21 03:35:00+00:00,18.329999923706055,18.360000610351562,18.31999969482422,18.360000610351562,20043,0.0,0.0,0.0
2026-01-21 03:40:00+00:00,18.34000015258789,18.34000015258789,18.329999923706055,18.329999923706055,9433,0.0,0.0,0.0
2026-01-21 03:45:00+00:00,18.329999923706055,18.329999923706055,18.329999923706055,18.329999923706055,9010,0.0,0.0,0.0
2026-01-21 03:50:00+00:00,18.31999969482422,18.31999969482422,18.309999465942383,18.309999465942383,20199,0.0,0.0,0.0
2026-01-21 03:55:00+00:00,18.309999465942383,18.309999465942383,18.299999237060547,18.299999237060547,170266,0.0,0.0,0.0
2026-01-21 04:00:00+00:00,18.299999237060547,18.299999237060547,18.280000686645508,18.280000686645508,51877,0.0,0.0,0.0
2026-01-21 04:05:00+00:00,18.299999237060547,18.299999237060547,18.299999237060547,18.299999237060547,2311,0.0,0.0,0.0
2026-01-21 04:10:00+00:00,18.299999237060547,18.299999237060547,18.299999237060547,18.299999237060547,14897,0.0,0.0,0.0
2026-01-21 04:15:00+00:00,18.299999237060547,18.299999237060547,18.290000915527344,18.299999237060547,16210,0.0,0.0,0.0
2026-01-21 04:20:00+00:00,18.299999237060547,18.299999237060547,18.290000915527344,18.290000915527344,7084,0.0,0.0,0.0
2026-01-21 04:25:00+00:00,18.290000915527344,18.299999237060547,18.290000915527344,18.290000915527344,9029,0.0,0.0,0.0
2026-01-21 04:30:00+00:00,18.299999237060547,18.299999237060547,18.270000457763672,18.270000457763672,64433,0.0,0.0,0.0
2026-01-21 04:35:00+00:00,18.270000457763672,18.290000915527344,18.260000228881836,18.260000228881836,37093,0.0,0.0,0.0
2026-01-21 04:40:00+00:00,18.260000228881836,18.270000457763672,18.260000228881836,18.270000457763672,22241,0.0,0.0,0.0
2026-01-21 04:45:00+00:00,18.270000457763672,18.270000457763672,18.25,18.25,106000,0.0,0.0,0.0
2026-01-21 04:50:00+00:00,18.25,18.260000228881836,18.25,18.25,28673,0.0,0.0,0.0
2026-01-21 04:55:00+00:00,18.25,18.25,18.25,18.25,10457,0.0,0.0,0.0
2026-01-21 05:00:00+00:00,18.239999771118164,18.239999771118164,18.229999542236328,18.229999542236328,45272,0.0,0.0,0.0
2026-01-21 05:05:00+00:00,18.229999542236328,18.239999771118164,18.229999542236328,18.239999771118164,32441,0.0,0.0,0.0
2026-01-21 05:10:00+00:00,18.239999771118164,18.25,18.239999771118164,18.25,110968,0.0,0.0,0.0
2026-01-21 05:15:00+00:00,18.260000228881836,18.270000457763672,18.260000228881836,18.270000457763672,32434,0.0,0.0,0.0
2026-01-21 05:20:00+00:00,18.270000457763672,18.290000915527344,18.270000457763672,18.290000915527344,34189,0.0,0.0,0.0
2026-01-22 01:00:00+00:00,18.479999542236328,18.530000686645508,18.479999542236328,18.510000228881836,0,0.0,0.0,0.0
2026-01-22 01:05:00+00:00,18.510000228881836,18.559999465942383,18.510000228881836,18.559999465942383,238944,0.0,0.0,0.0
2026-01-22 01:10:00+00:00,18.540000915527344,18.559999465942383,18.540000915527344,18.540000915527344,59118,0.0,0.0,0.0
2026-01-22 01:15:00+00:00,18.540000915527344,18.559999465942383,18.530000686645508,18.549999237060547,17525,0.0,0.0,0.0
2026-01-22 01:20:00+00:00,18.549999237060547,18.549999237060547,18.549999237060547,18.549999237060547,10554,0.0,0.0,0.0
2026-01-22 01:25:00+00:00,18.549999237060547,18.559999465942383,18.549999237060547,18.559999465942383,134238,0.0,0.0,0.0
2026-01-22 01:30:00+00:00,18.56999969482422,18.59000015258789,18.56999969482422,18.59000015258789,80283,0.0,0.0,0.0
2026-01-22 01:35:00+00:00,18.56999969482422,18.600000381469727,18.56999969482422,18.600000381469727,22694,0.0,0.0,0.0
2026-01-22 01:40:00+00:00,18.600000381469727,18.600000381469727,18.600000381469727,18.600000381469727,3160,0.0,0.0,0.0
2026-01-22 01:45:00+00:00,18.600000381469727,18.600000381469727,18.559999465942383,18.559999465942383,24642,0.0,0.0,0.0
2026-01-22 01:50:00+00:00,18.559999465942383,18.559999465942383,18.549999237060547,18.549999237060547,14356,0.0,0.0,0.0
2026-01-22 01:55:00+00:00,18.549999237060547,18.549999237060547,18.549999237060547,18.549999237060547,5541,0.0,0.0,0.0
2026-01-22 02:00:00+00:00,18.559999465942383,18.579999923706055,18.559999465942383,18.579999923706055,38620,0.0,0.0,0.0
2026-01-22 02:05:00+00:00,18.59000015258789,18.600000381469727,18.59000015258789,18.59000015258789,21346,0.0,0.0,0.0
2026-01-22 02:10:00+00:00,18.600000381469727,18.6299991607666,18.600000381469727,18.6299991607666,103332,0.0,0.0,0.0
2026-01-22 02:15:00+00:00,18.6299991607666,18.6299991607666,18.6200008392334,18.6200008392334,7359,0.0,0.0,0.0
2026-01-22 02:20:00+00:00,18.6200008392334,18.6200008392334,18.600000381469727,18.600000381469727,22864,0.0,0.0,0.0
2026-01-22 02:25:00+00:00,18.600000381469727,18.600000381469727,18.600000381469727,18.600000381469727,13040,0.0,0.0,0.0
2026-01-22 02:30:00+00:00,18.600000381469727,18.610000610351562,18.600000381469727,18.610000610351562,16541,0.0,0.0,0.0
2026-01-22 02:35:00+00:00,18.610000610351562,18.610000610351562,18.610000610351562,18.610000610351562,3910,0.0,0.0,0.0
2026-01-22 02:40:00+00:00,18.610000610351562,18.610000610351562,18.600000381469727,18.600000381469727,3058,0.0,0.0,0.0
2026-01-22 02:45:00+00:00,18.610000610351562,18.610000610351562,18.610000610351562,18.610000610351562,2702,0.0,0.0,0.0
2026-01-22 02:50:00+00:00,18.600000381469727,18.600000381469727,18.600000381469727,18.600000381469727,1105,0.0,0.0,0.0
2026-01-22 02:55:00+00:00,18.600000381469727,18.600000381469727,18.59000015258789,18.59000015258789,9031,0.0,0.0,0.0
2026-01-22 03:00:00+00:00,18.600000381469727,18.610000610351562,18.600000381469727,18.600000381469727,59131,0.0,0.0,0.0
2026-01-22 03:05:00+00:00,18.610000610351562,18.610000610351562,18.610000610351562,18.610000610351562,3136,0.0,0.0,0.0
2026-01-22 03:10:00+00:00,18.610000610351562,18.610000610351562,18.610000610351562,18.610000610351562,127384,0.0,0.0,0.0
2026-01-22 03:15:00+00:00,18.600000381469727,18.600000381469727,18.59000015258789,18.59000015258789,11091,0.0,0.0,0.0
2026-01-22 03:20:00+00:00,18.610000610351562,18.610000610351562,18.610000610351562,18.610000610351562,1178,0.0,0.0,0.0
2026-01-22 03:25:00+00:00,18.610000610351562,18.610000610351562,18.610000610351562,18.610000610351562,1071,0.0,0.0,0.0
2026-01-22 03:30:00+00:00,18.610000610351562,18.610000610351562,18.610000610351562,18.610000610351562,34010,0.0,0.0,0.0
2026-01-22 03:35:00+00:00,18.610000610351562,18.610000610351562,18.610000610351562,18.610000610351562,45710,0.0,0.0,0.0
2026-01-22 03:40:00+00:00,18.610000610351562,18.610000610351562,18.610000610351562,18.610000610351562,3129,0.0,0.0,0.0
2026-01-22 03:45:00+00:00,18.600000381469727,18.600000381469727,18.600000381469727,18.600000381469727,4011,0.0,0.0,0.0
2026-01-22 03:50:00+00:00,18.610000610351562,18.610000610351562,18.600000381469727,18.610000610351562,15162,0.0,0.0,0.0
2026-01-22 03:55:00+00:00,18.600000381469727,18.600000381469727,18.59000015258789,18.59000015258789,25015,0.0,0.0,0.0
2026-01-22 04:00:00+00:00,18.610000610351562,18.610000610351562,18.549999237060547,18.549999237060547,8046,0.0,0.0,0.0
2026-01-22 04:05:00+00:00,18.549999237060547,18.549999237060547,18.520000457763672,18.540000915527344,18033,0.0,0.0,0.0
2026-01-22 04:10:00+00:00,18.520000457763672,18.549999237060547,18.520000457763672,18.540000915527344,20271,0.0,0.0,0.0
2026-01-22 04:15:00+00:00,18.540000915527344,18.540000915527344,18.540000915527344,18.540000915527344,12064,0.0,0.0,0.0
2026-01-22 04:20:00+00:00,18.540000915527344,18.540000915527344,18.540000915527344,18.540000915527344,5016,0.0,0.0,0.0
2026-01-22 04:25:00+00:00,18.540000915527344,18.540000915527344,18.540000915527344,18.540000915527344,4095,0.0,0.0,0.0
2026-01-22 04:30:00+00:00,18.549999237060547,18.559999465942383,18.540000915527344,18.559999465942383,24213,0.0,0.0,0.0
2026-01-22 04:35:00+00:00,18.559999465942383,18.559999465942383,18.559999465942383,18.559999465942383,5302,0.0,0.0,0.0
2026-01-22 04:40:00+00:00,18.56999969482422,18.579999923706055,18.56999969482422,18.579999923706055,5117,0.0,0.0,0.0
2026-01-22 04:45:00+00:00,18.59000015258789,18.59000015258789,18.56999969482422,18.56999969482422,7419,0.0,0.0,0.0
2026-01-22 04:50:00+00:00,18.579999923706055,18.579999923706055,18.579999923706055,18.579999923706055,5117,0.0,0.0,0.0
2026-01-22 04:55:00+00:00,18.56999969482422,18.56999969482422,18.56999969482422,18.56999969482422,2061,0.0,0.0,0.0
2026-01-22 05:00:00+00:00,18.56999969482422,18.56999969482422,18.56999969482422,18.56999969482422,7116,0.0,0.0,0.0
2026-01-22 05:05:00+00:00,18.559999465942383,18.559999465942383,18.559999465942383,18.559999465942383,6009,0.0,0.0,0.0
2026-01-22 05:10:00+00:00,18.549999237060547,18.549999237060547,18.549999237060547,18.549999237060547,4396,0.0,0.0,0.0
2026-01-22 05:15:00+00:00,18.559999465942383,18.559999465942383,18.540000915527344,18.549999237060547,6216,0.0,0.0,0.0
2026-01-22 05:20:00+00:00,18.549999237060547,18.549999237060547,18.540000915527344,18.540000915527344,6512,0.0,0.0,0.0
2026-01-23 01:00:00+00:00,18.670000076293945,18.719999313354492,18.670000076293945,18.719999313354492,0,0.0,0.0,0.0
2026-01-23 01:05:00+00:00,18.729999542236328,18.739999771118164,18.729999542236328,18.739999771118164,57051,0.0,0.0,0.0
2026-01-23 01:10:00+00:00,18.739999771118164,18.739999771118164,18.729999542236328,18.739999771118164,63851,0.0,0.0,0.0
2026-01-23 01:15:00+00:00,18.729999542236328,18.729999542236328,18.719999313354492,18.729999542236328,19586,0.0,0.0,0.0
2026-01-23 01:20:00+00:00,18.729999542236328,18.729999542236328,18.719999313354492,18.719999313354492,26007,0.0,0.0,0.0
2026-01-23 01:25:00+00:00,18.719999313354492,18.719999313354492,18.670000076293945,18.670000076293945,15313,0.0,0.0,0.0
2026-01-23 01:30:00+00:00,18.649999618530273,18.670000076293945,18.649999618530273,18.65999984741211,38850,0.0,0.0,0.0
2026-01-23 01:35:00+00:00,18.649999618530273,18.649999618530273,18.6299991607666,18.6299991607666,18877,0.0,0.0,0.0
2026-01-23 01:40:00+00:00,18.639999389648438,18.639999389648438,18.6299991607666,18.6299991607666,7570,0.0,0.0,0.0
2026-01-23 01:45:00+00:00,18.6200008392334,18.639999389648438,18.6200008392334,18.6299991607666,13884,0.0,0.0,0.0
2026-01-23 01:50:00+00:00,18.6299991607666,18.639999389648438,18.6299991607666,18.639999389648438,32122,0.0,0.0,0.0
2026-01-23 01:55:00+00:00,18.639999389648438,18.649999618530273,18.639999389648438,18.649999618530273,38036,0.0,0.0,0.0
2026-01-23 02:00:00+00:00,18.65999984741211,18.670000076293945,18.65999984741211,18.670000076293945,56161,0.0,0.0,0.0
2026-01-23 02:05:00+00:00,18.670000076293945,18.670000076293945,18.65999984741211,18.65999984741211,3149,0.0,0.0,0.0
2026-01-23 02:10:00+00:00,18.65999984741211,18.65999984741211,18.649999618530273,18.649999618530273,22176,0.0,0.0,0.0
2026-01-23 02:15:00+00:00,18.670000076293945,18.670000076293945,18.670000076293945,18.670000076293945,3369,0.0,0.0,0.0
2026-01-23 02:20:00+00:00,18.670000076293945,18.670000076293945,18.65999984741211,18.670000076293945,4396,0.0,0.0,0.0
2026-01-23 02:25:00+00:00,18.670000076293945,18.690000534057617,18.670000076293945,18.68000030517578,78920,0.0,0.0,0.0
2026-01-23 02:30:00+00:00,18.700000762939453,18.700000762939453,18.700000762939453,18.700000762939453,3345,0.0,0.0,0.0
2026-01-23 02:35:00+00:00,18.700000762939453,18.700000762939453,18.700000762939453,18.700000762939453,23735,0.0,0.0,0.0
2026-01-23 02:40:00+00:00,18.700000762939453,18.700000762939453,18.690000534057617,18.700000762939453,13057,0.0,0.0,0.0
2026-01-23 02:45:00+00:00,18.709999084472656,18.709999084472656,18.700000762939453,18.700000762939453,12106,0.0,0.0,0.0
2026-01-23 02:50:00+00:00,18.700000762939453,18.700000762939453,18.700000762939453,18.700000762939453,1031,0.0,0.0,0.0
2026-01-23 02:55:00+00:00,18.700000762939453,18.700000762939453,18.68000030517578,18.700000762939453,17543,0.0,0.0,0.0
2026-01-23 03:00:00+00:00,18.700000762939453,18.719999313354492,18.700000762939453,18.719999313354492,67416,0.0,0.0,0.0
2026-01-23 03:05:00+00:00,18.719999313354492,18.719999313354492,18.709999084472656,18.719999313354492,35780,0.0,0.0,0.0
2026-01-23 03:10:00+00:00,18.729999542236328,18.729999542236328,18.729999542236328,18.729999542236328,32025,0.0,0.0,0.0
2026-01-23 03:15:00+00:00,18.729999542236328,18.739999771118164,18.729999542236328,18.739999771118164,26580,0.0,0.0,0.0
2026-01-23 03:20:00+00:00,18.739999771118164,18.739999771118164,18.729999542236328,18.729999542236328,2287,0.0,0.0,0.0
2026-01-23 03:25:00+00:00,18.739999771118164,18.739999771118164,18.739999771118164,18.739999771118164,1016,0.0,0.0,0.0
2026-01-23 03:30:00+00:00,18.739999771118164,18.739999771118164,18.739999771118164,18.739999771118164,170407,0.0,0.0,0.0
2026-01-23 03:35:00+00:00,18.739999771118164,18.739999771118164,18.729999542236328,18.729999542236328,8337,0.0,0.0,0.0
2026-01-23 03:40:00+00:00,18.729999542236328,18.739999771118164,18.729999542236328,18.739999771118164,120275,0.0,0.0,0.0
2026-01-23 03:45:00+00:00,18.75,18.75,18.739999771118164,18.739999771118164,108322,0.0,0.0,0.0
2026-01-23 03:55:00+00:00,18.739999771118164,18.739999771118164,18.739999771118164,18.739999771118164,9046,0.0,0.0,0.0
2026-01-23 04:00:00+00:00,18.75,18.75,18.739999771118164,18.739999771118164,12037,0.0,0.0,0.0
2026-01-23 04:05:00+00:00,18.739999771118164,18.739999771118164,18.739999771118164,18.739999771118164,2144,0.0,0.0,0.0
2026-01-23 04:10:00+00:00,18.729999542236328,18.729999542236328,18.719999313354492,18.719999313354492,33742,0.0,0.0,0.0
2026-01-23 04:20:00+00:00,18.719999313354492,18.729999542236328,18.719999313354492,18.719999313354492,29087,0.0,0.0,0.0
2026-01-23 04:25:00+00:00,18.729999542236328,18.739999771118164,18.719999313354492,18.739999771118164,105016,0.0,0.0,0.0
2026-01-23 04:30:00+00:00,18.75,18.75,18.729999542236328,18.729999542236328,12340,0.0,0.0,0.0
2026-01-23 04:35:00+00:00,18.739999771118164,18.739999771118164,18.739999771118164,18.739999771118164,10023,0.0,0.0,0.0
2026-01-23 04:40:00+00:00,18.739999771118164,18.739999771118164,18.729999542236328,18.729999542236328,10110,0.0,0.0,0.0
2026-01-23 04:45:00+00:00,18.729999542236328,18.729999542236328,18.719999313354492,18.729999542236328,8722,0.0,0.0,0.0
2026-01-23 04:50:00+00:00,18.719999313354492,18.719999313354492,18.709999084472656,18.719999313354492,8610,0.0,0.0,0.0
2026-01-23 04:55:00+00:00,18.719999313354492,18.719999313354492,18.719999313354492,18.719999313354492,3172,0.0,0.0,0.0
2026-01-23 05:00:00+00:00,18.719999313354492,18.719999313354492,18.719999313354492,18.719999313354492,11640,0.0,0.0,0.0
2026-01-23 05:05:00+00:00,18.709999084472656,18.709999084472656,18.700000762939453,18.700000762939453,8765,0.0,0.0,0.0
2026-01-23 05:10:00+00:00,18.700000762939453,18.700000762939453,18.700000762939453,18.700000762939453,5634,0.0,0.0,0.0
2026-01-23 05:15:00+00:00,18.709999084472656,18.719999313354492,18.709999084472656,18.709999084472656,33748,0.0,0.0,0.0
2026-01-23 05:20:00+00:00,18.709999084472656,18.719999313354492,18.709999084472656,18.719999313354492,23142,0.0,0.0,0.0
2026-01-26 01:00:00+00:00,18.739999771118164,18.809999465942383,18.739999771118164,18.799999237060547,0,0.0,0.0,0.0
2026-01-26 01:05:00+00:00,18.81999969482422,18.829999923706055,18.81999969482422,18.81999969482422,44000,0.0,0.0,0.0
2026-01-26 01:10:00+00:00,18.829999923706055,18.850000381469727,18.809999465942383,18.850000381469727,53708,0.0,0.0,0.0
2026-01-26 01:15:00+00:00,18.850000381469727,18.850000381469727,18.81999969482422,18.81999969482422,10118,0.0,0.0,0.0
2026-01-26 01:20:00+00:00,18.850000381469727,18.850000381469727,18.809999465942383,18.809999465942383,5734,0.0,0.0,0.0
2026-01-26 01:25:00+00:00,18.809999465942383,18.809999465942383,18.799999237060547,18.809999465942383,43072,0.0,0.0,0.0
2026-01-26 01:30:00+00:00,18.81999969482422,18.829999923706055,18.809999465942383,18.81999969482422,26219,0.0,0.0,0.0
2026-01-26 01:35:00+00:00,18.81999969482422,18.829999923706055,18.81999969482422,18.829999923706055,13003,0.0,0.0,0.0
2026-01-26 01:40:00+00:00,18.829999923706055,18.829999923706055,18.809999465942383,18.809999465942383,19048,0.0,0.0,0.0
2026-01-26 01:45:00+00:00,18.81999969482422,18.81999969482422,18.770000457763672,18.770000457763672,61370,0.0,0.0,0.0
2026-01-26 01:50:00+00:00,18.760000228881836,18.780000686645508,18.739999771118164,18.739999771118164,24822,0.0,0.0,0.0
2026-01-26 01:55:00+00:00,18.75,18.780000686645508,18.75,18.780000686645508,4152,0.0,0.0,0.0
2026-01-26 02:00:00+00:00,18.780000686645508,18.790000915527344,18.780000686645508,18.780000686645508,14817,0.0,0.0,0.0
2026-01-26 02:05:00+00:00,18.790000915527344,18.790000915527344,18.739999771118164,18.780000686645508,15160,0.0,0.0,0.0
2026-01-26 02:10:00+00:00,18.770000457763672,18.770000457763672,18.770000457763672,18.770000457763672,1214,0.0,0.0,0.0
2026-01-26 02:15:00+00:00,18.770000457763672,18.780000686645508,18.760000228881836,18.780000686645508,13598,0.0,0.0,0.0
2026-01-26 02:20:00+00:00,18.780000686645508,18.790000915527344,18.780000686645508,18.790000915527344,37104,0.0,0.0,0.0
2026-01-26 02:25:00+00:00,18.790000915527344,18.81999969482422,18.790000915527344,18.81999969482422,40180,0.0,0.0,0.0
2026-01-26 02:30:00+00:00,18.81999969482422,18.81999969482422,18.809999465942383,18.809999465942383,5261,0.0,0.0,0.0
2026-01-26 02:35:00+00:00,18.809999465942383,18.809999465942383,18.809999465942383,18.809999465942383,3465,0.0,0.0,0.0
2026-01-26 02:40:00+00:00,18.809999465942383,18.809999465942383,18.780000686645508,18.780000686645508,19664,0.0,0.0,0.0
2026-01-26 02:45:00+00:00,18.799999237060547,18.809999465942383,18.799999237060547,18.809999465942383,14133,0.0,0.0,0.0
2026-01-26 02:50:00+00:00,18.809999465942383,18.809999465942383,18.790000915527344,18.809999465942383,125060,0.0,0.0,0.0
2026-01-26 02:55:00+00:00,18.799999237060547,18.799999237060547,18.790000915527344,18.790000915527344,11123,0.0,0.0,0.0
2026-01-26 03:00:00+00:00,18.809999465942383,18.809999465942383,18.780000686645508,18.809999465942383,8248,0.0,0.0,0.0
2026-01-26 03:05:00+00:00,18.809999465942383,18.809999465942383,18.770000457763672,18.799999237060547,3033,0.0,0.0,0.0
2026-01-26 03:10:00+00:00,18.799999237060547,18.809999465942383,18.799999237060547,18.809999465942383,5076,0.0,0.0,0.0
2026-01-26 03:15:00+00:00,18.809999465942383,18.809999465942383,18.780000686645508,18.780000686645508,7169,0.0,0.0,0.0
2026-01-26 03:20:00+00:00,18.809999465942383,18.809999465942383,18.770000457763672,18.780000686645508,18339,0.0,0.0,0.0
2026-01-26 03:25:00+00:00,18.780000686645508,18.780000686645508,18.770000457763672,18.770000457763672,16000,0.0,0.0,0.0
2026-01-26 03:30:00+00:00,18.780000686645508,18.790000915527344,18.780000686645508,18.790000915527344,5236,0.0,0.0,0.0
2026-01-26 03:35:00+00:00,18.799999237060547,18.799999237060547,18.799999237060547,18.799999237060547,2649,0.0,0.0,0.0
2026-01-26 03:40:00+00:00,18.799999237060547,18.799999237060547,18.799999237060547,18.799999237060547,2392,0.0,0.0,0.0
2026-01-26 03:45:00+00:00,18.799999237060547,18.809999465942383,18.799999237060547,18.799999237060547,7305,0.0,0.0,0.0
2026-01-26 03:50:00+00:00,18.799999237060547,18.799999237060547,18.790000915527344,18.790000915527344,5093,0.0,0.0,0.0
2026-01-26 03:55:00+00:00,18.799999237060547,18.799999237060547,18.799999237060547,18.799999237060547,2300,0.0,0.0,0.0
2026-01-26 04:00:00+00:00,18.799999237060547,18.809999465942383,18.799999237060547,18.809999465942383,6497,0.0,0.0,0.0
2026-01-26 04:05:00+00:00,18.809999465942383,18.809999465942383,18.799999237060547,18.799999237060547,17333,0.0,0.0,0.0
2026-01-26 04:10:00+00:00,18.809999465942383,18.809999465942383,18.799999237060547,18.799999237060547,6442,0.0,0.0,0.0
2026-01-26 04:15:00+00:00,18.799999237060547,18.799999237060547,18.790000915527344,18.790000915527344,4450,0.0,0.0,0.0
2026-01-26 04:20:00+00:00,18.790000915527344,18.790000915527344,18.790000915527344,18.790000915527344,3413,0.0,0.0,0.0
2026-01-26 04:25:00+00:00,18.780000686645508,18.790000915527344,18.780000686645508,18.790000915527344,9628,0.0,0.0,0.0
2026-01-26 04:30:00+00:00,18.790000915527344,18.799999237060547,18.790000915527344,18.799999237060547,12351,0.0,0.0,0.0
2026-01-26 04:35:00+00:00,18.799999237060547,18.799999237060547,18.790000915527344,18.790000915527344,6249,0.0,0.0,0.0
2026-01-26 04:40:00+00:00,18.790000915527344,18.790000915527344,18.790000915527344,18.790000915527344,6200,0.0,0.0,0.0
2026-01-26 04:45:00+00:00,18.790000915527344,18.799999237060547,18.790000915527344,18.790000915527344,9406,0.0,0.0,0.0
2026-01-26 04:50:00+00:00,18.790000915527344,18.790000915527344,18.790000915527344,18.790000915527344,7150,0.0,0.0,0.0
2026-01-26 04:55:00+00:00,18.790000915527344,18.799999237060547,18.790000915527344,18.799999237060547,5047,0.0,0.0,0.0
2026-01-26 05:00:00+00:00,18.790000915527344,18.790000915527344,18.790000915527344,18.790000915527344,4081,0.0,0.0,0.0
2026-01-26 05:05:00+00:00,18.799999237060547,18.799999237060547,18.780000686645508,18.790000915527344,11453,0.0,0.0,0.0
2026-01-26 05:10:00+00:00,18.790000915527344,18.790000915527344,18.790000915527344,18.790000915527344,3000,0.0,0.0,0.0
2026-01-26 05:15:00+00:00,18.790000915527344,18.790000915527344,18.790000915527344,18.790000915527344,14795,0.0,0.0,0.0
2026-01-26 05:20:00+00:00,18.790000915527344,18.790000915527344,18.790000915527344,18.790000915527344,16132,0.0,0.0,0.0
2026-01-27 01:00:00+00:00,18.809999465942383,18.8700008392334,18.809999465942383,18.8700008392334,0,0.0,0.0,0.0
2026-01-27 01:05:00+00:00,18.860000610351562,18.8700008392334,18.860000610351562,18.8700008392334,9317,0.0,0.0,0.0
2026-01-27 01:10:00+00:00,18.8700008392334,18.8700008392334,18.860000610351562,18.860000610351562,8594,0.0,0.0,0.0
2026-01-27 01:15:00+00:00,18.860000610351562,18.8700008392334,18.860000610351562,18.8700008392334,3380,0.0,0.0,0.0
2026-01-27 01:20:00+00:00,18.850000381469727,18.860000610351562,18.850000381469727,18.860000610351562,56051,0.0,0.0,0.0
2026-01-27 01:25:00+00:00,18.860000610351562,18.8700008392334,18.860000610351562,18.8700008392334,71665,0.0,0.0,0.0
2026-01-27 01:30:00+00:00,18.8799991607666,18.8799991607666,18.8799991607666,18.8799991607666,9637,0.0,0.0,0.0
2026-01-27 01:35:00+00:00,18.8700008392334,18.8700008392334,18.8700008392334,18.8700008392334,9631,0.0,0.0,0.0
2026-01-27 01:40:00+00:00,18.8700008392334,18.899999618530273,18.8700008392334,18.899999618530273,152279,0.0,0.0,0.0
2026-01-27 01:45:00+00:00,18.899999618530273,18.920000076293945,18.899999618530273,18.920000076293945,31932,0.0,0.0,0.0
2026-01-27 01:50:00+00:00,18.920000076293945,18.920000076293945,18.920000076293945,18.920000076293945,2044,0.0,0.0,0.0
2026-01-27 01:55:00+00:00,18.920000076293945,18.920000076293945,18.899999618530273,18.899999618530273,8613,0.0,0.0,0.0
2026-01-27 02:00:00+00:00,18.90999984741211,18.90999984741211,18.90999984741211,18.90999984741211,4116,0.0,0.0,0.0
2026-01-27 02:05:00+00:00,18.920000076293945,18.93000030517578,18.920000076293945,18.93000030517578,14125,0.0,0.0,0.0
2026-01-27 02:10:00+00:00,18.93000030517578,18.950000762939453,18.93000030517578,18.940000534057617,38808,0.0,0.0,0.0
2026-01-27 02:15:00+00:00,18.959999084472656,18.959999084472656,18.959999084472656,18.959999084472656,2444,0.0,0.0,0.0
2026-01-27 02:20:00+00:00,18.959999084472656,18.959999084472656,18.950000762939453,18.950000762939453,20221,0.0,0.0,0.0
2026-01-27 02:25:00+00:00,18.950000762939453,18.959999084472656,18.950000762939453,18.959999084472656,225681,0.0,0.0,0.0
2026-01-27 02:30:00+00:00,18.969999313354492,18.969999313354492,18.969999313354492,18.969999313354492,108562,0.0,0.0,0.0
2026-01-27 02:35:00+00:00,18.969999313354492,18.969999313354492,18.969999313354492,18.969999313354492,5326,0.0,0.0,0.0
2026-01-27 02:40:00+00:00,18.969999313354492,18.979999542236328,18.969999313354492,18.979999542236328,135201,0.0,0.0,0.0
2026-01-27 02:45:00+00:00,18.979999542236328,18.979999542236328,18.979999542236328,18.979999542236328,3061,0.0,0.0,0.0
2026-01-27 02:50:00+00:00,18.979999542236328,18.989999771118164,18.979999542236328,18.979999542236328,11059,0.0,0.0,0.0
2026-01-27 02:55:00+00:00,18.979999542236328,18.989999771118164,18.979999542236328,18.989999771118164,2038,0.0,0.0,0.0
2026-01-27 03:00:00+00:00,18.989999771118164,18.989999771118164,18.969999313354492,18.979999542236328,15234,0.0,0.0,0.0
2026-01-27 03:05:00+00:00,18.979999542236328,18.979999542236328,18.969999313354492,18.969999313354492,3250,0.0,0.0,0.0
2026-01-27 03:10:00+00:00,18.969999313354492,18.969999313354492,18.969999313354492,18.969999313354492,5061,0.0,0.0,0.0
2026-01-27 03:15:00+00:00,18.969999313354492,18.979999542236328,18.969999313354492,18.979999542236328,4061,0.0,0.0,0.0
2026-01-27 03:20:00+00:00,18.969999313354492,18.969999313354492,18.969999313354492,18.969999313354492,116238,0.0,0.0,0.0
2026-01-27 03:25:00+00:00,18.969999313354492,18.969999313354492,18.969999313354492,18.969999313354492,6088,0.0,0.0,0.0
2026-01-27 03:30:00+00:00,18.969999313354492,18.989999771118164,18.969999313354492,18.989999771118164,186661,0.0,0.0,0.0
2026-01-27 03:35:00+00:00,19.0,19.0,18.989999771118164,18.989999771118164,32169,0.0,0.0,0.0
2026-01-27 03:40:00+00:00,18.989999771118164,19.0,18.989999771118164,19.0,9762,0.0,0.0,0.0
2026-01-27 03:45:00+00:00,19.0,19.0,18.979999542236328,18.979999542236328,5684,0.0,0.0,0.0
2026-01-27 03:50:00+00:00,18.969999313354492,18.979999542236328,18.969999313354492,18.969999313354492,10509,0.0,0.0,0.0
2026-01-27 03:55:00+00:00,18.969999313354492,18.969999313354492,18.950000762939453,18.950000762939453,28202,0.0,0.0,0.0
2026-01-27 04:00:00+00:00,18.950000762939453,18.950000762939453,18.950000762939453,18.950000762939453,118037,0.0,0.0,0.0
2026-01-27 04:05:00+00:00,18.950000762939453,18.950000762939453,18.950000762939453,18.950000762939453,1558,0.0,0.0,0.0
2026-01-27 04:10:00+00:00,18.950000762939453,18.950000762939453,18.950000762939453,18.950000762939453,10899,0.0,0.0,0.0
2026-01-27 04:15:00+00:00,18.950000762939453,18.950000762939453,18.950000762939453,18.950000762939453,6072,0.0,0.0,0.0
2026-01-27 04:20:00+00:00,18.950000762939453,18.950000762939453,18.950000762939453,18.950000762939453,11453,0.0,0.0,0.0
2026-01-27 04:25:00+00:00,18.950000762939453,18.950000762939453,18.940000534057617,18.940000534057617,25410,0.0,0.0,0.0
2026-01-27 04:30:00+00:00,18.950000762939453,18.950000762939453,18.940000534057617,18.940000534057617,26672,0.0,0.0,0.0
2026-01-27 04:35:00+00:00,18.940000534057617,18.950000762939453,18.940000534057617,18.950000762939453,3329,0.0,0.0,0.0
2026-01-27 04:40:00+00:00,18.940000534057617,18.940000534057617,18.940000534057617,18.940000534057617,8010,0.0,0.0,0.0
2026-01-27 04:45:00+00:00,18.940000534057617,18.950000762939453,18.940000534057617,18.950000762939453,3943,0.0,0.0,0.0
2026-01-27 04:50:00+00:00,18.950000762939453,18.950000762939453,18.950000762939453,18.950000762939453,6280,0.0,0.0,0.0
2026-01-27 04:55:00+00:00,18.950000762939453,18.959999084472656,18.950000762939453,18.959999084472656,13034,0.0,0.0,0.0
2026-01-27 05:00:00+00:00,18.959999084472656,18.959999084472656,18.950000762939453,18.950000762939453,4315,0.0,0.0,0.0
2026-01-27 05:05:00+00:00,18.959999084472656,18.959999084472656,18.959999084472656,18.959999084472656,1249,0.0,0.0,0.0
2026-01-27 05:10:00+00:00,18.959999084472656,18.959999084472656,18.950000762939453,18.950000762939453,16178,0.0,0.0,0.0
2026-01-27 05:15:00+00:00,18.959999084472656,18.959999084472656,18.950000762939453,18.950000762939453,6171,0.0,0.0,0.0
2026-01-27 05:20:00+00:00,18.950000762939453,18.950000762939453,18.950000762939453,18.950000762939453,13232,0.0,0.0,0.0
2026-01-28 01:00:00+00:00,19.040000915527344,19.049999237060547,19.040000915527344,19.049999237060547,0,0.0,0.0,0.0
2026-01-28 01:05:00+00:00,19.049999237060547,19.059999465942383,19.049999237060547,19.059999465942383,15000,0.0,0.0,0.0
2026-01-28 01:10:00+00:00,19.06999969482422,19.079999923706055,19.059999465942383,19.079999923706055,63373,0.0,0.0,0.0
2026-01-28 01:15:00+00:00,19.09000015258789,19.110000610351562,19.079999923706055,19.100000381469727,84238,0.0,0.0,0.0
2026-01-28 01:20:00+00:00,19.100000381469727,19.100000381469727,19.049999237060547,19.079999923706055,29546,0.0,0.0,0.0
2026-01-28 01:25:00+00:00,19.079999923706055,19.110000610351562,19.079999923706055,19.100000381469727,54867,0.0,0.0,0.0
2026-01-28 01:30:00+00:00,19.110000610351562,19.110000610351562,19.079999923706055,19.079999923706055,10687,0.0,0.0,0.0
2026-01-28 01:35:00+00:00,19.079999923706055,19.079999923706055,19.049999237060547,19.049999237060547,34778,0.0,0.0,0.0
2026-01-28 01:40:00+00:00,19.049999237060547,19.049999237060547,19.049999237060547,19.049999237060547,34808,0.0,0.0,0.0
2026-01-28 01:45:00+00:00,19.06999969482422,19.079999923706055,19.059999465942383,19.06999969482422,8350,0.0,0.0,0.0
2026-01-28 01:50:00+00:00,19.049999237060547,19.059999465942383,19.040000915527344,19.040000915527344,20249,0.0,0.0,0.0
2026-01-28 01:55:00+00:00,19.049999237060547,19.049999237060547,19.049999237060547,19.049999237060547,3512,0.0,0.0,0.0
2026-01-28 02:00:00+00:00,19.049999237060547,19.059999465942383,19.049999237060547,19.059999465942383,89201,0.0,0.0,0.0
2026-01-28 02:05:00+00:00,19.06999969482422,19.06999969482422,19.06999969482422,19.06999969482422,12091,0.0,0.0,0.0
2026-01-28 02:10:00+00:00,19.059999465942383,19.059999465942383,19.059999465942383,19.059999465942383,1485,0.0,0.0,0.0
2026-01-28 02:15:00+00:00,19.059999465942383,19.06999969482422,19.059999465942383,19.06999969482422,21684,0.0,0.0,0.0
2026-01-28 02:20:00+00:00,19.06999969482422,19.06999969482422,19.06999969482422,19.06999969482422,3281,0.0,0.0,0.0
2026-01-28 02:25:00+00:00,19.049999237060547,19.049999237060547,19.049999237060547,19.049999237060547,15243,0.0,0.0,0.0
2026-01-28 02:30:00+00:00,19.059999465942383,19.06999969482422,19.059999465942383,19.06999969482422,2052,0.0,0.0,0.0
2026-01-28 02:35:00+00:00,19.059999465942383,19.059999465942383,19.059999465942383,19.059999465942383,4080,0.0,0.0,0.0
2026-01-28 02:40:00+00:00,19.059999465942383,19.059999465942383,19.049999237060547,19.059999465942383,15635,0.0,0.0,0.0
2026-01-28 02:45:00+00:00,19.049999237060547,19.059999465942383,19.049999237060547,19.059999465942383,21257,0.0,0.0,0.0
2026-01-28 02:50:00+00:00,19.059999465942383,19.06999969482422,19.059999465942383,19.06999969482422,31962,0.0,0.0,0.0
2026-01-28 02:55:00+00:00,19.059999465942383,19.06999969482422,19.059999465942383,19.06999969482422,26931,0.0,0.0,0.0
2026-01-28 03:00:00+00:00,19.06999969482422,19.06999969482422,19.06999969482422,19.06999969482422,4990,0.0,0.0,0.0
2026-01-28 03:10:00+00:00,19.06999969482422,19.079999923706055,19.06999969482422,19.079999923706055,7162,0.0,0.0,0.0
2026-01-28 03:15:00+00:00,19.06999969482422,19.079999923706055,19.06999969482422,19.079999923706055,2635,0.0,0.0,0.0
2026-01-28 03:20:00+00:00,19.06999969482422,19.06999969482422,19.06999969482422,19.06999969482422,5040,0.0,0.0,0.0
2026-01-28 03:25:00+00:00,19.06999969482422,19.06999969482422,19.06999969482422,19.06999969482422,8266,0.0,0.0,0.0
2026-01-28 03:30:00+00:00,19.06999969482422,19.06999969482422,19.06999969482422,19.06999969482422,2222,0.0,0.0,0.0
2026-01-28 03:35:00+00:00,19.06999969482422,19.06999969482422,19.06999969482422,19.06999969482422,24025,0.0,0.0,0.0
2026-01-28 03:40:00+00:00,19.06999969482422,19.06999969482422,19.06999969482422,19.06999969482422,5019,0.0,0.0,0.0
2026-01-28 03:45:00+00:00,19.06999969482422,19.079999923706055,19.06999969482422,19.06999969482422,7232,0.0,0.0,0.0
2026-01-28 03:50:00+00:00,19.06999969482422,19.06999969482422,19.06999969482422,19.06999969482422,2957,0.0,0.0,0.0
2026-01-28 04:00:00+00:00,19.079999923706055,19.079999923706055,19.06999969482422,19.06999969482422,5282,0.0,0.0,0.0
2026-01-28 04:05:00+00:00,19.06999969482422,19.06999969482422,19.06999969482422,19.06999969482422,9062,0.0,0.0,0.0
2026-01-28 04:10:00+00:00,19.079999923706055,19.079999923706055,19.079999923706055,19.079999923706055,1236,0.0,0.0,0.0
2026-01-28 04:15:00+00:00,19.06999969482422,19.079999923706055,19.06999969482422,19.079999923706055,6642,0.0,0.0,0.0
2026-01-28 04:20:00+00:00,19.079999923706055,19.079999923706055,19.079999923706055,19.079999923706055,48583,0.0,0.0,0.0
2026-01-28 04:25:00+00:00,19.079999923706055,19.079999923706055,19.06999969482422,19.06999969482422,32496,0.0,0.0,0.0
2026-01-28 04:30:00+00:00,19.06999969482422,19.06999969482422,19.06999969482422,19.06999969482422,8465,0.0,0.0,0.0
2026-01-28 04:35:00+00:00,19.059999465942383,19.06999969482422,19.059999465942383,19.059999465942383,14562,0.0,0.0,0.0
2026-01-28 04:40:00+00:00,19.059999465942383,19.06999969482422,19.059999465942383,19.059999465942383,8459,0.0,0.0,0.0
2026-01-28 04:45:00+00:00,19.059999465942383,19.059999465942383,19.059999465942383,19.059999465942383,3023,0.0,0.0,0.0
2026-01-28 04:50:00+00:00,19.06999969482422,19.079999923706055,19.059999465942383,19.079999923706055,35030,0.0,0.0,0.0
2026-01-28 04:55:00+00:00,19.079999923706055,19.079999923706055,19.079999923706055,19.079999923706055,7030,0.0,0.0,0.0
2026-01-28 05:00:00+00:00,19.079999923706055,19.079999923706055,19.079999923706055,19.079999923706055,10197,0.0,0.0,0.0
2026-01-28 05:05:00+00:00,19.079999923706055,19.09000015258789,19.079999923706055,19.079999923706055,35570,0.0,0.0,0.0
2026-01-28 05:10:00+00:00,19.079999923706055,19.100000381469727,19.079999923706055,19.100000381469727,149320,0.0,0.0,0.0
2026-01-28 05:15:00+00:00,19.110000610351562,19.1200008392334,19.100000381469727,19.1200008392334,136392,0.0,0.0,0.0
2026-01-28 05:20:00+00:00,19.1200008392334,19.1299991607666,19.1200008392334,19.1299991607666,13945,0.0,0.0,0.0
2026-01-29 01:00:00+00:00,19.200000762939453,19.239999771118164,19.200000762939453,19.229999542236328,0,0.0,0.0,0.0
2026-01-29 01:05:00+00:00,19.229999542236328,19.239999771118164,19.200000762939453,19.200000762939453,27778,0.0,0.0,0.0
2026-01-29 01:10:00+00:00,19.200000762939453,19.200000762939453,19.200000762939453,19.200000762939453,16641,0.0,0.0,0.0
2026-01-29 01:15:00+00:00,19.200000762939453,19.200000762939453,19.149999618530273,19.149999618530273,37189,0.0,0.0,0.0
2026-01-29 01:20:00+00:00,19.149999618530273,19.149999618530273,19.049999237060547,19.049999237060547,63781,0.0,0.0,0.0
2026-01-29 01:25:00+00:00,19.020000457763672,19.020000457763672,19.010000228881836,19.020000457763672,29357,0.0,0.0,0.0
2026-01-29 01:30:00+00:00,19.049999237060547,19.059999465942383,19.030000686645508,19.059999465942383,35532,0.0,0.0,0.0
2026-01-29 01:35:00+00:00,19.059999465942383,19.100000381469727,19.059999465942383,19.100000381469727,15623,0.0,0.0,0.0
2026-01-29 01:40:00+00:00,19.100000381469727,19.110000610351562,19.100000381469727,19.100000381469727,42700,0.0,0.0,0.0
2026-01-29 01:45:00+00:00,19.059999465942383,19.09000015258789,19.040000915527344,19.049999237060547,61922,0.0,0.0,0.0
2026-01-29 01:50:00+00:00,19.049999237060547,19.049999237060547,19.030000686645508,19.049999237060547,29086,0.0,0.0,0.0
2026-01-29 01:55:00+00:00,19.049999237060547,19.059999465942383,19.049999237060547,19.059999465942383,10764,0.0,0.0,0.0
2026-01-29 02:00:00+00:00,19.059999465942383,19.079999923706055,19.059999465942383,19.059999465942383,9909,0.0,0.0,0.0
2026-01-29 02:05:00+00:00,19.049999237060547,19.049999237060547,19.049999237060547,19.049999237060547,1220,0.0,0.0,0.0
2026-01-29 02:10:00+00:00,19.049999237060547,19.049999237060547,19.040000915527344,19.040000915527344,45581,0.0,0.0,0.0
2026-01-29 02:15:00+00:00,19.040000915527344,19.049999237060547,19.040000915527344,19.049999237060547,6232,0.0,0.0,0.0
2026-01-29 02:20:00+00:00,19.049999237060547,19.059999465942383,19.049999237060547,19.059999465942383,43275,0.0,0.0,0.0
2026-01-29 02:25:00+00:00,19.06999969482422,19.079999923706055,19.06999969482422,19.079999923706055,6088,0.0,0.0,0.0
2026-01-29 02:30:00+00:00,19.100000381469727,19.100000381469727,19.100000381469727,19.100000381469727,14507,0.0,0.0,0.0
2026-01-29 02:35:00+00:00,19.100000381469727,19.100000381469727,19.079999923706055,19.079999923706055,6095,0.0,0.0,0.0
2026-01-29 02:40:00+00:00,19.079999923706055,19.079999923706055,19.049999237060547,19.079999923706055,25415,0.0,0.0,0.0
2026-01-29 02:45:00+00:00,19.079999923706055,19.079999923706055,19.030000686645508,19.030000686645508,49006,0.0,0.0,0.0
2026-01-29 02:50:00+00:00,19.030000686645508,19.030000686645508,19.010000228881836,19.010000228881836,70951,0.0,0.0,0.0
2026-01-29 02:55:00+00:00,19.010000228881836,19.020000457763672,19.010000228881836,19.020000457763672,25789,0.0,0.0,0.0
2026-01-29 03:00:00+00:00,19.040000915527344,19.049999237060547,19.040000915527344,19.049999237060547,13446,0.0,0.0,0.0
2026-01-29 03:05:00+00:00,19.049999237060547,19.049999237060547,19.049999237060547,19.049999237060547,27054,0.0,0.0,0.0
2026-01-29 03:10:00+00:00,19.059999465942383,19.059999465942383,19.059999465942383,19.059999465942383,3364,0.0,0.0,0.0
2026-01-29 03:15:00+00:00,19.049999237060547,19.049999237060547,19.049999237060547,19.049999237060547,9215,0.0,0.0,0.0
2026-01-29 03:20:00+00:00,19.049999237060547,19.049999237060547,19.049999237060547,19.049999237060547,13184,0.0,0.0,0.0
2026-01-29 03:25:00+00:00,19.049999237060547,19.049999237060547,19.049999237060547,19.049999237060547,6817,0.0,0.0,0.0
2026-01-29 03:35:00+00:00,19.049999237060547,19.049999237060547,19.040000915527344,19.040000915527344,10212,0.0,0.0,0.0
2026-01-29 03:45:00+00:00,19.040000915527344,19.049999237060547,19.040000915527344,19.049999237060547,17301,0.0,0.0,0.0
2026-01-29 03:50:00+00:00,19.049999237060547,19.049999237060547,19.049999237060547,19.049999237060547,5088,0.0,0.0,0.0
2026-01-29 03:55:00+00:00,19.049999237060547,19.049999237060547,19.049999237060547,19.049999237060547,9072,0.0,0.0,0.0
2026-01-29 04:00:00+00:00,19.049999237060547,19.049999237060547,19.049999237060547,19.049999237060547,42107,0.0,0.0,0.0
2026-01-29 04:05:00+00:00,19.049999237060547,19.049999237060547,19.049999237060547,19.049999237060547,4518,0.0,0.0,0.0
2026-01-29 04:10:00+00:00,19.049999237060547,19.049999237060547,19.049999237060547,19.049999237060547,6665,0.0,0.0,0.0
2026-01-29 04:15:00+00:00,19.049999237060547,19.059999465942383,19.040000915527344,19.059999465942383,65039,0.0,0.0,0.0
2026-01-29 04:20:00+00:00,19.059999465942383,19.06999969482422,19.059999465942383,19.06999969482422,5955,0.0,0.0,0.0
2026-01-29 04:30:00+00:00,19.06999969482422,19.06999969482422,19.06999969482422,19.06999969482422,1514,0.0,0.0,0.0
2026-01-29 04:35:00+00:00,19.06999969482422,19.06999969482422,19.06999969482422,19.06999969482422,2010,0.0,0.0,0.0
2026-01-29 04:40:00+00:00,19.06999969482422,19.06999969482422,19.059999465942383,19.059999465942383,6433,0.0,0.0,0.0
2026-01-29 04:45:00+00:00,19.049999237060547,19.059999465942383,19.049999237060547,19.059999465942383,12140,0.0,0.0,0.0
2026-01-29 04:50:00+00:00,19.059999465942383,19.06999969482422,19.049999237060547,19.049999237060547,18308,0.0,0.0,0.0
2026-01-29 04:55:00+00:00,19.049999237060547,19.049999237060547,19.049999237060547,19.049999237060547,13959,0.0,0.0,0.0
2026-01-29 05:00:00+00:00,19.049999237060547,19.06999969482422,19.049999237060547,19.06999969482422,71820,0.0,0.0,0.0
2026-01-29 05:05:00+00:00,19.06999969482422,19.06999969482422,19.049999237060547,19.049999237060547,7887,0.0,0.0,0.0
2026-01-29 05:10:00+00:00,19.040000915527344,19.040000915527344,19.030000686645508,19.030000686645508,26738,0.0,0.0,0.0
2026-01-29 05:15:00+00:00,19.030000686645508,19.030000686645508,19.030000686645508,19.030000686645508,7378,0.0,0.0,0.0
2026-01-29 05:20:00+00:00,19.030000686645508,19.040000915527344,19.030000686645508,19.040000915527344,6070,0.0,0.0,0.0
2026-01-30 01:00:00+00:00,18.920000076293945,18.920000076293945,18.860000610351562,18.860000610351562,0,0.0,0.0,0.0
2026-01-30 01:05:00+00:00,18.860000610351562,18.860000610351562,18.809999465942383,18.850000381469727,105000,0.0,0.0,0.0
2026-01-30 01:10:00+00:00,18.850000381469727,18.850000381469727,18.84000015258789,18.84000015258789,28728,0.0,0.0,0.0
2026-01-30 01:15:00+00:00,18.84000015258789,18.850000381469727,18.81999969482422,18.84000015258789,79760,0.0,0.0,0.0
2026-01-30 01:20:00+00:00,18.850000381469727,18.850000381469727,18.809999465942383,18.809999465942383,76479,0.0,0.0,0.0
2026-01-30 01:25:00+00:00,18.81999969482422,18.81999969482422,18.799999237060547,18.799999237060547,58869,0.0,0.0,0.0
2026-01-30 01:30:00+00:00,18.799999237060547,18.799999237060547,18.780000686645508,18.780000686645508,31233,0.0,0.0,0.0
2026-01-30 01:35:00+00:00,18.780000686645508,18.780000686645508,18.739999771118164,18.739999771118164,91449,0.0,0.0,0.0
2026-01-30 01:40:00+00:00,18.739999771118164,18.739999771118164,18.68000030517578,18.68000030517578,78466,0.0,0.0,0.0
2026-01-30 01:45:00+00:00,18.690000534057617,18.709999084472656,18.68000030517578,18.68000030517578,40312,0.0,0.0,0.0
2026-01-30 01:50:00+00:00,18.690000534057617,18.690000534057617,18.68000030517578,18.690000534057617,32457,0.0,0.0,0.0
2026-01-30 01:55:00+00:00,18.690000534057617,18.700000762939453,18.68000030517578,18.690000534057617,68739,0.0,0.0,0.0
2026-01-30 02:00:00+00:00,18.700000762939453,18.700000762939453,18.670000076293945,18.670000076293945,28126,0.0,0.0,0.0
2026-01-30 02:05:00+00:00,18.68000030517578,18.729999542236328,18.68000030517578,18.719999313354492,49708,0.0,0.0,0.0
2026-01-30 02:10:00+00:00,18.729999542236328,18.729999542236328,18.700000762939453,18.700000762939453,26058,0.0,0.0,0.0
2026-01-30 02:15:00+00:00,18.709999084472656,18.719999313354492,18.690000534057617,18.719999313354492,25300,0.0,0.0,0.0
2026-01-30 02:20:00+00:00,18.719999313354492,18.719999313354492,18.700000762939453,18.700000762939453,22119,0.0,0.0,0.0
2026-01-30 02:25:00+00:00,18.690000534057617,18.700000762939453,18.690000534057617,18.690000534057617,13297,0.0,0.0,0.0
2026-01-30 02:30:00+00:00,18.670000076293945,18.670000076293945,18.649999618530273,18.649999618530273,157347,0.0,0.0,0.0
2026-01-30 02:35:00+00:00,18.649999618530273,18.68000030517578,18.649999618530273,18.68000030517578,12637,0.0,0.0,0.0
2026-01-30 02:40:00+00:00,18.68000030517578,18.68000030517578,18.670000076293945,18.670000076293945,37097,0.0,0.0,0.0
2026-01-30 02:45:00+00:00,18.670000076293945,18.68000030517578,18.670000076293945,18.68000030517578,9434,0.0,0.0,0.0
2026-01-30 02:50:00+00:00,18.700000762939453,18.709999084472656,18.700000762939453,18.700000762939453,140488,0.0,0.0,0.0
2026-01-30 02:55:00+00:00,18.729999542236328,18.75,18.719999313354492,18.75,470780,0.0,0.0,0.0
2026-01-30 03:00:00+00:00,18.75,18.780000686645508,18.75,18.75,25096,0.0,0.0,0.0
2026-01-30 03:10:00+00:00,18.780000686645508,18.790000915527344,18.770000457763672,18.770000457763672,12095,0.0,0.0,0.0
2026-01-30 03:15:00+00:00,18.760000228881836,18.760000228881836,18.75,18.75,31790,0.0,0.0,0.0
2026-01-30 03:20:00+00:00,18.75,18.770000457763672,18.75,18.75,31379,0.0,0.0,0.0
2026-01-30 03:25:00+00:00,18.75,18.75,18.75,18.75,7020,0.0,0.0,0.0
2026-01-30 03:30:00+00:00,18.770000457763672,18.770000457763672,18.75,18.770000457763672,12180,0.0,0.0,0.0
2026-01-30 03:35:00+00:00,18.780000686645508,18.790000915527344,18.739999771118164,18.739999771118164,161631,0.0,0.0,0.0
2026-01-30 03:40:00+00:00,18.739999771118164,18.739999771118164,18.739999771118164,18.739999771118164,1000,0.0,0.0,0.0
2026-01-30 03:45:00+00:00,18.770000457763672,18.790000915527344,18.75,18.75,11707,0.0,0.0,0.0
2026-01-30 03:50:00+00:00,18.75,18.75,18.739999771118164,18.739999771118164,7010,0.0,0.0,0.0
2026-01-30 03:55:00+00:00,18.739999771118164,18.75,18.739999771118164,18.75,4653,0.0,0.0,0.0
2026-01-30 04:00:00+00:00,18.739999771118164,18.75,18.739999771118164,18.75,10098,0.0,0.0,0.0
2026-01-30 04:05:00+00:00,18.770000457763672,18.770000457763672,18.75,18.75,5027,0.0,0.0,0.0
2026-01-30 04:10:00+00:00,18.739999771118164,18.790000915527344,18.739999771118164,18.790000915527344,12918,0.0,0.0,0.0
2026-01-30 04:15:00+00:00,18.790000915527344,18.790000915527344,18.780000686645508,18.780000686645508,4010,0.0,0.0,0.0
2026-01-30 04:20:00+00:00,18.760000228881836,18.760000228881836,18.760000228881836,18.760000228881836,8882,0.0,0.0,0.0
2026-01-30 04:25:00+00:00,18.790000915527344,18.790000915527344,18.75,18.760000228881836,6156,0.0,0.0,0.0
2026-01-30 04:30:00+00:00,18.760000228881836,18.790000915527344,18.760000228881836,18.770000457763672,3758,0.0,0.0,0.0
2026-01-30 04:35:00+00:00,18.760000228881836,18.760000228881836,18.760000228881836,18.760000228881836,4384,0.0,0.0,0.0
2026-01-30 04:40:00+00:00,18.760000228881836,18.770000457763672,18.760000228881836,18.770000457763672,10819,0.0,0.0,0.0
2026-01-30 04:45:00+00:00,18.770000457763672,18.770000457763672,18.770000457763672,18.770000457763672,3210,0.0,0.0,0.0
2026-01-30 04:50:00+00:00,18.770000457763672,18.770000457763672,18.760000228881836,18.770000457763672,10920,0.0,0.0,0.0
2026-01-30 04:55:00+00:00,18.760000228881836,18.760000228881836,18.760000228881836,18.760000228881836,3798,0.0,0.0,0.0
2026-01-30 05:00:00+00:00,18.760000228881836,18.770000457763672,18.760000228881836,18.760000228881836,36374,0.0,0.0,0.0
2026-01-30 05:05:00+00:00,18.770000457763672,18.780000686645508,18.760000228881836,18.770000457763672,12353,0.0,0.0,0.0
2026-01-30 05:10:00+00:00,18.770000457763672,18.770000457763672,18.770000457763672,18.770000457763672,1000,0.0,0.0,0.0
2026-01-30 05:15:00+00:00,18.780000686645508,18.780000686645508,18.760000228881836,18.760000228881836,92914,0.0,0.0,0.0
2026-01-30 05:20:00+00:00,18.760000228881836,18.760000228881836,18.75,18.75,41481,0.0,0.0,0.0
2026-02-02 01:00:00+00:00,18.530000686645508,18.530000686645508,18.479999542236328,18.479999542236328,0,0.0,0.0,0.0
2026-02-02 01:05:00+00:00,18.479999542236328,18.489999771118164,18.43000030517578,18.489999771118164,97354,0.0,0.0,0.0
2026-02-02 01:10:00+00:00,18.489999771118164,18.489999771118164,18.43000030517578,18.43000030517578,77658,0.0,0.0,0.0
2026-02-02 01:15:00+00:00,18.43000030517578,18.459999084472656,18.43000030517578,18.459999084472656,73720,0.0,0.0,0.0
2026-02-02 01:20:00+00:00,18.459999084472656,18.459999084472656,18.450000762939453,18.459999084472656,18024,0.0,0.0,0.0
2026-02-02 01:25:00+00:00,18.469999313354492,18.469999313354492,18.459999084472656,18.459999084472656,224649,0.0,0.0,0.0
2026-02-02 01:30:00+00:00,18.469999313354492,18.469999313354492,18.440000534057617,18.440000534057617,132587,0.0,0.0,0.0
2026-02-02 01:35:00+00:00,18.440000534057617,18.440000534057617,18.43000030517578,18.43000030517578,197830,0.0,0.0,0.0
2026-02-02 01:40:00+00:00,18.440000534057617,18.440000534057617,18.399999618530273,18.399999618530273,149249,0.0,0.0,0.0
2026-02-02 01:45:00+00:00,18.399999618530273,18.399999618530273,18.3700008392334,18.3700008392334,46748,0.0,0.0,0.0
2026-02-02 01:50:00+00:00,18.3799991607666,18.3799991607666,18.34000015258789,18.34000015258789,64656,0.0,0.0,0.0
2026-02-02 01:55:00+00:00,18.34000015258789,18.350000381469727,18.309999465942383,18.309999465942383,58454,0.0,0.0,0.0
2026-02-02 02:00:00+00:00,18.31999969482422,18.34000015258789,18.309999465942383,18.34000015258789,20438,0.0,0.0,0.0
2026-02-02 02:05:00+00:00,18.350000381469727,18.360000610351562,18.34000015258789,18.360000610351562,24648,0.0,0.0,0.0
2026-02-02 02:10:00+00:00,18.350000381469727,18.350000381469727,18.31999969482422,18.329999923706055,32309,0.0,0.0,0.0
2026-02-02 02:15:00+00:00,18.31999969482422,18.360000610351562,18.31999969482422,18.329999923706055,72295,0.0,0.0,0.0
2026-02-02 02:20:00+00:00,18.329999923706055,18.360000610351562,18.329999923706055,18.360000610351562,31427,0.0,0.0,0.0
2026-02-02 02:25:00+00:00,18.3799991607666,18.399999618530273,18.3799991607666,18.389999389648438,16664,0.0,0.0,0.0
2026-02-02 02:30:00+00:00,18.3799991607666,18.389999389648438,18.3799991607666,18.3799991607666,11472,0.0,0.0,0.0
2026-02-02 02:35:00+00:00,18.3799991607666,18.399999618530273,18.3799991607666,18.399999618530273,65270,0.0,0.0,0.0
2026-02-02 02:40:00+00:00,18.399999618530273,18.420000076293945,18.399999618530273,18.420000076293945,28634,0.0,0.0,0.0
2026-02-02 02:45:00+00:00,18.420000076293945,18.420000076293945,18.399999618530273,18.399999618530273,22366,0.0,0.0,0.0
2026-02-02 02:50:00+00:00,18.389999389648438,18.40999984741211,18.3799991607666,18.389999389648438,29960,0.0,0.0,0.0
2026-02-02 02:55:00+00:00,18.389999389648438,18.389999389648438,18.350000381469727,18.350000381469727,19121,0.0,0.0,0.0
2026-02-02 03:00:00+00:00,18.350000381469727,18.3700008392334,18.34000015258789,18.350000381469727,29450,0.0,0.0,0.0
2026-02-02 03:05:00+00:00,18.350000381469727,18.350000381469727,18.34000015258789,18.350000381469727,37047,0.0,0.0,0.0
2026-02-02 03:10:00+00:00,18.329999923706055,18.350000381469727,18.309999465942383,18.309999465942383,68031,0.0,0.0,0.0
2026-02-02 03:15:00+00:00,18.299999237060547,18.309999465942383,18.290000915527344,18.299999237060547,139198,0.0,0.0,0.0
2026-02-02 03:20:00+00:00,18.280000686645508,18.309999465942383,18.280000686645508,18.309999465942383,9322,0.0,0.0,0.0
2026-02-02 03:25:00+00:00,18.309999465942383,18.309999465942383,18.309999465942383,18.309999465942383,10134,0.0,0.0,0.0
2026-02-02 03:30:00+00:00,18.31999969482422,18.31999969482422,18.299999237060547,18.31999969482422,9545,0.0,0.0,0.0
2026-02-02 03:35:00+00:00,18.299999237060547,18.299999237060547,18.299999237060547,18.299999237060547,9932,0.0,0.0,0.0
2026-02-02 03:40:00+00:00,18.309999465942383,18.309999465942383,18.290000915527344,18.290000915527344,16089,0.0,0.0,0.0
2026-02-02 03:45:00+00:00,18.299999237060547,18.299999237060547,18.280000686645508,18.280000686645508,14355,0.0,0.0,0.0
2026-02-02 03:50:00+00:00,18.290000915527344,18.290000915527344,18.280000686645508,18.280000686645508,13796,0.0,0.0,0.0
2026-02-02 03:55:00+00:00,18.280000686645508,18.290000915527344,18.280000686645508,18.290000915527344,38050,0.0,0.0,0.0
2026-02-02 04:00:00+00:00,18.280000686645508,18.290000915527344,18.280000686645508,18.280000686645508,75440,0.0,0.0,0.0
2026-02-02 04:05:00+00:00,18.280000686645508,18.290000915527344,18.270000457763672,18.270000457763672,9765,0.0,0.0,0.0
2026-02-02 04:10:00+00:00,18.270000457763672,18.280000686645508,18.270000457763672,18.270000457763672,13474,0.0,0.0,0.0
2026-02-02 04:15:00+00:00,18.280000686645508,18.299999237060547,18.270000457763672,18.299999237060547,64215,0.0,0.0,0.0
2026-02-02 04:20:00+00:00,18.299999237060547,18.34000015258789,18.299999237060547,18.329999923706055,44226,0.0,0.0,0.0
2026-02-02 04:25:00+00:00,18.350000381469727,18.350000381469727,18.34000015258789,18.34000015258789,10645,0.0,0.0,0.0
2026-02-02 04:30:00+00:00,18.34000015258789,18.350000381469727,18.34000015258789,18.34000015258789,61415,0.0,0.0,0.0
2026-02-02 04:35:00+00:00,18.360000610351562,18.360000610351562,18.360000610351562,18.360000610351562,6240,0.0,0.0,0.0
2026-02-02 04:40:00+00:00,18.360000610351562,18.399999618530273,18.360000610351562,18.399999618530273,32316,0.0,0.0,0.0
2026-02-02 04:45:00+00:00,18.40999984741211,18.40999984741211,18.389999389648438,18.389999389648438,11896,0.0,0.0,0.0
2026-02-02 04:50:00+00:00,18.399999618530273,18.40999984741211,18.389999389648438,18.40999984741211,17511,0.0,0.0,0.0
2026-02-02 04:55:00+00:00,18.420000076293945,18.420000076293945,18.40999984741211,18.40999984741211,6385,0.0,0.0,0.0
2026-02-02 05:00:00+00:00,18.40999984741211,18.420000076293945,18.399999618530273,18.40999984741211,20081,0.0,0.0,0.0
2026-02-02 05:05:00+00:00,18.40999984741211,18.40999984741211,18.399999618530273,18.399999618530273,10699,0.0,0.0,0.0
2026-02-02 05:10:00+00:00,18.40999984741211,18.40999984741211,18.399999618530273,18.399999618530273,32452,0.0,0.0,0.0
2026-02-02 05:15:00+00:00,18.40999984741211,18.40999984741211,18.399999618530273,18.399999618530273,18891,0.0,0.0,0.0
2026-02-02 05:20:00+00:00,18.40999984741211,18.40999984741211,18.40999984741211,18.40999984741211,32756,0.0,0.0,0.0
2026-02-03 01:00:00+00:00,18.75,18.780000686645508,18.75,18.780000686645508,0,0.0,0.0,0.0
2026-02-03 01:05:00+00:00,18.790000915527344,18.790000915527344,18.770000457763672,18.780000686645508,44979,0.0,0.0,0.0
2026-02-03 01:10:00+00:00,18.780000686645508,18.799999237060547,18.780000686645508,18.790000915527344,32569,0.0,0.0,0.0
2026-02-03 01:15:00+00:00,18.799999237060547,18.799999237060547,18.780000686645508,18.780000686645508,34768,0.0,0.0,0.0
2026-02-03 01:20:00+00:00,18.780000686645508,18.799999237060547,18.780000686645508,18.799999237060547,39936,0.0,0.0,0.0
2026-02-03 01:25:00+00:00,18.790000915527344,18.799999237060547,18.790000915527344,18.799999237060547,259158,0.0,0.0,0.0
2026-02-03 01:30:00+00:00,18.809999465942383,18.809999465942383,18.790000915527344,18.790000915527344,13770,0.0,0.0,0.0
2026-02-03 01:35:00+00:00,18.790000915527344,18.799999237060547,18.790000915527344,18.799999237060547,9455,0.0,0.0,0.0
2026-02-03 01:40:00+00:00,18.799999237060547,18.799999237060547,18.780000686645508,18.799999237060547,29970,0.0,0.0,0.0
2026-02-03 01:45:00+00:00,18.799999237060547,18.799999237060547,18.770000457763672,18.770000457763672,4121,0.0,0.0,0.0
2026-02-03 01:50:00+00:00,18.790000915527344,18.790000915527344,18.770000457763672,18.780000686645508,25543,0.0,0.0,0.0
2026-02-03 01:55:00+00:00,18.770000457763672,18.770000457763672,18.75,18.75,14854,0.0,0.0,0.0
2026-02-03 02:00:00+00:00,18.760000228881836,18.780000686645508,18.739999771118164,18.739999771118164,53503,0.0,0.0,0.0
2026-02-03 02:05:00+00:00,18.729999542236328,18.729999542236328,18.729999542236328,18.729999542236328,13977,0.0,0.0,0.0
2026-02-03 02:10:00+00:00,18.709999084472656,18.709999084472656,18.649999618530273,18.649999618530273,33427,0.0,0.0,0.0
2026-02-03 02:15:00+00:00,18.670000076293945,18.690000534057617,18.670000076293945,18.690000534057617,13593,0.0,0.0,0.0
2026-02-03 02:20:00+00:00,18.700000762939453,18.700000762939453,18.700000762939453,18.700000762939453,1155,0.0,0.0,0.0
2026-02-03 02:25:00+00:00,18.700000762939453,18.700000762939453,18.68000030517578,18.68000030517578,3045,0.0,0.0,0.0
2026-02-03 02:30:00+00:00,18.700000762939453,18.700000762939453,18.649999618530273,18.700000762939453,15260,0.0,0.0,0.0
2026-02-03 02:40:00+00:00,18.690000534057617,18.690000534057617,18.690000534057617,18.690000534057617,7046,0.0,0.0,0.0
2026-02-03 02:45:00+00:00,18.700000762939453,18.700000762939453,18.700000762939453,18.700000762939453,9934,0.0,0.0,0.0
2026-02-03 02:50:00+00:00,18.690000534057617,18.690000534057617,18.690000534057617,18.690000534057617,2142,0.0,0.0,0.0
2026-02-03 02:55:00+00:00,18.700000762939453,18.719999313354492,18.700000762939453,18.719999313354492,20651,0.0,0.0,0.0
2026-02-03 03:00:00+00:00,18.719999313354492,18.729999542236328,18.719999313354492,18.729999542236328,8357,0.0,0.0,0.0
2026-02-03 03:05:00+00:00,18.729999542236328,18.729999542236328,18.729999542236328,18.729999542236328,21673,0.0,0.0,0.0
2026-02-03 03:10:00+00:00,18.729999542236328,18.729999542236328,18.729999542236328,18.729999542236328,6745,0.0,0.0,0.0
2026-02-03 03:15:00+00:00,18.739999771118164,18.739999771118164,18.739999771118164,18.739999771118164,4912,0.0,0.0,0.0
2026-02-03 03:20:00+00:00,18.739999771118164,18.739999771118164,18.739999771118164,18.739999771118164,1046,0.0,0.0,0.0
2026-02-03 03:25:00+00:00,18.739999771118164,18.75,18.739999771118164,18.75,3070,0.0,0.0,0.0
2026-02-03 03:30:00+00:00,18.75,18.75,18.75,18.75,4623,0.0,0.0,0.0
2026-02-03 03:35:00+00:00,18.739999771118164,18.739999771118164,18.729999542236328,18.729999542236328,5136,0.0,0.0,0.0
2026-02-03 03:40:00+00:00,18.719999313354492,18.729999542236328,18.719999313354492,18.729999542236328,79012,0.0,0.0,0.0
2026-02-03 03:45:00+00:00,18.739999771118164,18.739999771118164,18.739999771118164,18.739999771118164,1047,0.0,0.0,0.0
2026-02-03 03:50:00+00:00,18.729999542236328,18.729999542236328,18.729999542236328,18.729999542236328,6027,0.0,0.0,0.0
2026-02-03 03:55:00+00:00,18.739999771118164,18.739999771118164,18.739999771118164,18.739999771118164,5042,0.0,0.0,0.0
2026-02-03 04:00:00+00:00,18.75,18.790000915527344,18.75,18.790000915527344,95902,0.0,0.0,0.0
2026-02-03 04:05:00+00:00,18.790000915527344,18.799999237060547,18.790000915527344,18.799999237060547,6366,0.0,0.0,0.0
2026-02-03 04:10:00+00:00,18.799999237060547,18.799999237060547,18.799999237060547,18.799999237060547,1390,0.0,0.0,0.0
2026-02-03 04:15:00+00:00,18.760000228881836,18.760000228881836,18.760000228881836,18.760000228881836,13037,0.0,0.0,0.0
2026-02-03 04:20:00+00:00,18.760000228881836,18.760000228881836,18.760000228881836,18.760000228881836,23058,0.0,0.0,0.0
2026-02-03 04:25:00+00:00,18.760000228881836,18.770000457763672,18.760000228881836,18.770000457763672,20338,0.0,0.0,0.0
2026-02-03 04:30:00+00:00,18.770000457763672,18.799999237060547,18.770000457763672,18.799999237060547,127247,0.0,0.0,0.0
2026-02-03 04:35:00+00:00,18.799999237060547,18.799999237060547,18.799999237060547,18.799999237060547,2170,0.0,0.0,0.0
2026-02-03 04:40:00+00:00,18.799999237060547,18.809999465942383,18.799999237060547,18.809999465942383,4020,0.0,0.0,0.0
2026-02-03 04:45:00+00:00,18.809999465942383,18.809999465942383,18.809999465942383,18.809999465942383,11210,0.0,0.0,0.0
2026-02-03 04:50:00+00:00,18.809999465942383,18.809999465942383,18.809999465942383,18.809999465942383,1850,0.0,0.0,0.0
2026-02-03 04:55:00+00:00,18.809999465942383,18.809999465942383,18.799999237060547,18.799999237060547,16117,0.0,0.0,0.0
2026-02-03 05:00:00+00:00,18.799999237060547,18.799999237060547,18.799999237060547,18.799999237060547,6049,0.0,0.0,0.0
2026-02-03 05:05:00+00:00,18.799999237060547,18.799999237060547,18.799999237060547,18.799999237060547,5219,0.0,0.0,0.0
2026-02-03 05:10:00+00:00,18.809999465942383,18.81999969482422,18.809999465942383,18.81999969482422,33566,0.0,0.0,0.0
2026-02-03 05:15:00+00:00,18.81999969482422,18.81999969482422,18.799999237060547,18.809999465942383,7283,0.0,0.0,0.0
2026-02-03 05:20:00+00:00,18.809999465942383,18.81999969482422,18.809999465942383,18.809999465942383,23199,0.0,0.0,0.0
2026-02-04 01:00:00+00:00,18.770000457763672,18.790000915527344,18.770000457763672,18.790000915527344,0,0.0,0.0,0.0
2026-02-04 01:05:00+00:00,18.790000915527344,18.790000915527344,18.729999542236328,18.729999542236328,16368,0.0,0.0,0.0
2026-02-04 01:10:00+00:00,18.739999771118164,18.760000228881836,18.739999771118164,18.760000228881836,52766,0.0,0.0,0.0
2026-02-04 01:15:00+00:00,18.760000228881836,18.760000228881836,18.75,18.760000228881836,10465,0.0,0.0,0.0
2026-02-04 01:20:00+00:00,18.760000228881836,18.809999465942383,18.760000228881836,18.809999465942383,57534,0.0,0.0,0.0
2026-02-04 01:25:00+00:00,18.809999465942383,18.81999969482422,18.809999465942383,18.81999969482422,25045,0.0,0.0,0.0
2026-02-04 01:30:00+00:00,18.81999969482422,18.81999969482422,18.809999465942383,18.809999465942383,8183,0.0,0.0,0.0
2026-02-04 01:35:00+00:00,18.799999237060547,18.809999465942383,18.799999237060547,18.809999465942383,13393,0.0,0.0,0.0
2026-02-04 01:40:00+00:00,18.809999465942383,18.81999969482422,18.809999465942383,18.809999465942383,35289,0.0,0.0,0.0
2026-02-04 01:45:00+00:00,18.809999465942383,18.81999969482422,18.799999237060547,18.799999237060547,62582,0.0,0.0,0.0
2026-02-04 01:50:00+00:00,18.799999237060547,18.799999237060547,18.799999237060547,18.799999237060547,11233,0.0,0.0,0.0
2026-02-04 01:55:00+00:00,18.829999923706055,18.829999923706055,18.81999969482422,18.81999969482422,6000,0.0,0.0,0.0
2026-02-04 02:00:00+00:00,18.84000015258789,18.8700008392334,18.84000015258789,18.8700008392334,54879,0.0,0.0,0.0
2026-02-04 02:05:00+00:00,18.8700008392334,18.8799991607666,18.8700008392334,18.8799991607666,18660,0.0,0.0,0.0
2026-02-04 02:10:00+00:00,18.8700008392334,18.8700008392334,18.8700008392334,18.8700008392334,6134,0.0,0.0,0.0
2026-02-04 02:20:00+00:00,18.8700008392334,18.8700008392334,18.84000015258789,18.84000015258789,3024,0.0,0.0,0.0
2026-02-04 02:25:00+00:00,18.829999923706055,18.829999923706055,18.829999923706055,18.829999923706055,1824,0.0,0.0,0.0
2026-02-04 02:30:00+00:00,18.829999923706055,18.829999923706055,18.81999969482422,18.81999969482422,13033,0.0,0.0,0.0
2026-02-04 02:35:00+00:00,18.84000015258789,18.84000015258789,18.84000015258789,18.84000015258789,6332,0.0,0.0,0.0
2026-02-04 02:40:00+00:00,18.84000015258789,18.84000015258789,18.84000015258789,18.84000015258789,12035,0.0,0.0,0.0
2026-02-04 02:45:00+00:00,18.850000381469727,18.850000381469727,18.850000381469727,18.850000381469727,11258,0.0,0.0,0.0
2026-02-04 02:55:00+00:00,18.850000381469727,18.850000381469727,18.850000381469727,18.850000381469727,66049,0.0,0.0,0.0
2026-02-04 03:00:00+00:00,18.850000381469727,18.860000610351562,18.850000381469727,18.860000610351562,19138,0.0,0.0,0.0
2026-02-04 03:05:00+00:00,18.860000610351562,18.860000610351562,18.860000610351562,18.860000610351562,1392,0.0,0.0,0.0
2026-02-04 03:15:00+00:00,18.860000610351562,18.860000610351562,18.860000610351562,18.860000610351562,49314,0.0,0.0,0.0
2026-02-04 03:20:00+00:00,18.860000610351562,18.8700008392334,18.860000610351562,18.8700008392334,6033,0.0,0.0,0.0
2026-02-04 03:25:00+00:00,18.8700008392334,18.8700008392334,18.8700008392334,18.8700008392334,5000,0.0,0.0,0.0
2026-02-04 03:30:00+00:00,18.8799991607666,18.889999389648438,18.8799991607666,18.889999389648438,27200,0.0,0.0,0.0
2026-02-04 03:40:00+00:00,18.889999389648438,18.889999389648438,18.889999389648438,18.889999389648438,5031,0.0,0.0,0.0
2026-02-04 03:45:00+00:00,18.8799991607666,18.889999389648438,18.8799991607666,18.8799991607666,105051,0.0,0.0,0.0
2026-02-04 03:50:00+00:00,18.8700008392334,18.8700008392334,18.8700008392334,18.8700008392334,3013,0.0,0.0,0.0
2026-02-04 03:55:00+00:00,18.8700008392334,18.8799991607666,18.8700008392334,18.8799991607666,124102,0.0,0.0,0.0
2026-02-04 04:00:00+00:00,18.889999389648438,18.889999389648438,18.889999389648438,18.889999389648438,5290,0.0,0.0,0.0
2026-02-04 04:25:00+00:00,18.889999389648438,18.889999389648438,18.8799991607666,18.8799991607666,18930,0.0,0.0,0.0
2026-02-04 04:30:00+00:00,18.889999389648438,18.889999389648438,18.889999389648438,18.889999389648438,6033,0.0,0.0,0.0
2026-02-04 04:35:00+00:00,18.889999389648438,18.889999389648438,18.8799991607666,18.889999389648438,15030,0.0,0.0,0.0
2026-02-04 04:40:00+00:00,18.899999618530273,18.920000076293945,18.889999389648438,18.920000076293945,79000,0.0,0.0,0.0
2026-02-04 04:45:00+00:00,18.90999984741211,18.90999984741211,18.90999984741211,18.90999984741211,3400,0.0,0.0,0.0
2026-02-04 04:55:00+00:00,18.90999984741211,18.920000076293945,18.90999984741211,18.920000076293945,14188,0.0,0.0,0.0
2026-02-04 05:00:00+00:00,18.920000076293945,18.93000030517578,18.920000076293945,18.93000030517578,25695,0.0,0.0,0.0
2026-02-04 05:05:00+00:00,18.93000030517578,18.93000030517578,18.93000030517578,18.93000030517578,2253,0.0,0.0,0.0
2026-02-04 05:10:00+00:00,18.93000030517578,18.93000030517578,18.920000076293945,18.920000076293945,30225,0.0,0.0,0.0
2026-02-04 05:15:00+00:00,18.93000030517578,18.93000030517578,18.920000076293945,18.920000076293945,4275,0.0,0.0,0.0
2026-02-04 05:20:00+00:00,18.920000076293945,18.920000076293945,18.920000076293945,18.920000076293945,5426,0.0,0.0,0.0
2026-02-05 01:00:00+00:00,18.75,18.75,18.709999084472656,18.709999084472656,0,0.0,0.0,0.0
2026-02-05 01:05:00+00:00,18.709999084472656,18.75,18.700000762939453,18.75,44000,0.0,0.0,0.0
2026-02-05 01:10:00+00:00,18.739999771118164,18.770000457763672,18.729999542236328,18.739999771118164,28057,0.0,0.0,0.0
2026-02-05 01:15:00+00:00,18.739999771118164,18.75,18.729999542236328,18.75,39571,0.0,0.0,0.0
2026-02-05 01:20:00+00:00,18.739999771118164,18.739999771118164,18.700000762939453,18.709999084472656,70726,0.0,0.0,0.0
2026-02-05 01:25:00+00:00,18.709999084472656,18.709999084472656,18.700000762939453,18.709999084472656,22179,0.0,0.0,0.0
2026-02-05 01:30:00+00:00,18.760000228881836,18.760000228881836,18.760000228881836,18.760000228881836,7452,0.0,0.0,0.0
2026-02-05 01:35:00+00:00,18.760000228881836,18.760000228881836,18.75,18.75,19026,0.0,0.0,0.0
2026-02-05 01:40:00+00:00,18.760000228881836,18.760000228881836,18.760000228881836,18.760000228881836,17506,0.0,0.0,0.0
2026-02-05 01:45:00+00:00,18.760000228881836,18.760000228881836,18.729999542236328,18.729999542236328,66768,0.0,0.0,0.0
2026-02-05 01:50:00+00:00,18.739999771118164,18.770000457763672,18.739999771118164,18.770000457763672,19157,0.0,0.0,0.0
2026-02-05 01:55:00+00:00,18.760000228881836,18.760000228881836,18.719999313354492,18.719999313354492,20429,0.0,0.0,0.0
2026-02-05 02:00:00+00:00,18.75,18.75,18.670000076293945,18.670000076293945,421305,0.0,0.0,0.0
2026-02-05 02:05:00+00:00,18.670000076293945,18.68000030517578,18.65999984741211,18.68000030517578,82076,0.0,0.0,0.0
2026-02-05 02:10:00+00:00,18.68000030517578,18.719999313354492,18.68000030517578,18.690000534057617,241455,0.0,0.0,0.0
2026-02-05 02:15:00+00:00,18.700000762939453,18.700000762939453,18.670000076293945,18.670000076293945,27924,0.0,0.0,0.0
2026-02-05 02:20:00+00:00,18.709999084472656,18.709999084472656,18.709999084472656,18.709999084472656,1028,0.0,0.0,0.0
2026-02-05 02:25:00+00:00,18.700000762939453,18.75,18.700000762939453,18.75,22279,0.0,0.0,0.0
2026-02-05 02:30:00+00:00,18.75,18.75,18.719999313354492,18.719999313354492,2402,0.0,0.0,0.0
2026-02-05 02:35:00+00:00,18.719999313354492,18.75,18.719999313354492,18.75,16083,0.0,0.0,0.0
2026-02-05 02:40:00+00:00,18.739999771118164,18.739999771118164,18.709999084472656,18.739999771118164,104368,0.0,0.0,0.0
2026-02-05 02:45:00+00:00,18.75,18.75,18.709999084472656,18.739999771118164,7296,0.0,0.0,0.0
2026-02-05 02:50:00+00:00,18.709999084472656,18.729999542236328,18.670000076293945,18.670000076293945,31263,0.0,0.0,0.0
2026-02-05 02:55:00+00:00,18.68000030517578,18.68000030517578,18.65999984741211,18.65999984741211,37398,0.0,0.0,0.0
2026-02-05 03:00:00+00:00,18.68000030517578,18.68000030517578,18.649999618530273,18.649999618530273,46786,0.0,0.0,0.0
2026-02-05 03:05:00+00:00,18.65999984741211,18.65999984741211,18.6299991607666,18.6299991607666,29765,0.0,0.0,0.0
2026-02-05 03:10:00+00:00,18.6299991607666,18.6299991607666,18.6299991607666,18.6299991607666,7227,0.0,0.0,0.0
2026-02-05 03:15:00+00:00,18.639999389648438,18.639999389648438,18.6299991607666,18.6299991607666,4228,0.0,0.0,0.0
2026-02-05 03:20:00+00:00,18.6299991607666,18.639999389648438,18.6299991607666,18.639999389648438,3208,0.0,0.0,0.0
2026-02-05 03:25:00+00:00,18.6299991607666,18.6299991607666,18.6200008392334,18.6200008392334,22632,0.0,0.0,0.0
2026-02-05 03:30:00+00:00,18.6200008392334,18.6299991607666,18.6200008392334,18.6299991607666,3575,0.0,0.0,0.0
2026-02-05 03:35:00+00:00,18.6200008392334,18.6200008392334,18.600000381469727,18.600000381469727,75588,0.0,0.0,0.0
2026-02-05 03:40:00+00:00,18.600000381469727,18.600000381469727,18.600000381469727,18.600000381469727,4097,0.0,0.0,0.0
2026-02-05 03:45:00+00:00,18.6299991607666,18.6299991607666,18.610000610351562,18.610000610351562,10078,0.0,0.0,0.0
2026-02-05 03:50:00+00:00,18.610000610351562,18.610000610351562,18.59000015258789,18.59000015258789,14724,0.0,0.0,0.0
2026-02-05 03:55:00+00:00,18.600000381469727,18.600000381469727,18.600000381469727,18.600000381469727,1110,0.0,0.0,0.0
2026-02-05 04:00:00+00:00,18.600000381469727,18.600000381469727,18.59000015258789,18.600000381469727,21147,0.0,0.0,0.0
2026-02-05 04:05:00+00:00,18.600000381469727,18.600000381469727,18.600000381469727,18.600000381469727,4714,0.0,0.0,0.0
2026-02-05 04:10:00+00:00,18.600000381469727,18.600000381469727,18.600000381469727,18.600000381469727,5029,0.0,0.0,0.0
2026-02-05 04:15:00+00:00,18.600000381469727,18.600000381469727,18.59000015258789,18.600000381469727,14747,0.0,0.0,0.0
2026-02-05 04:20:00+00:00,18.59000015258789,18.600000381469727,18.59000015258789,18.59000015258789,6000,0.0,0.0,0.0
2026-02-05 04:25:00+00:00,18.59000015258789,18.59000015258789,18.579999923706055,18.579999923706055,35010,0.0,0.0,0.0
2026-02-05 04:30:00+00:00,18.59000015258789,18.6299991607666,18.59000015258789,18.6200008392334,90650,0.0,0.0,0.0
2026-02-05 04:35:00+00:00,18.6200008392334,18.6200008392334,18.6200008392334,18.6200008392334,5140,0.0,0.0,0.0
2026-02-05 04:40:00+00:00,18.6200008392334,18.6200008392334,18.6200008392334,18.6200008392334,5217,0.0,0.0,0.0
2026-02-05 04:45:00+00:00,18.639999389648438,18.639999389648438,18.6299991607666,18.6299991607666,5609,0.0,0.0,0.0
2026-02-05 04:50:00+00:00,18.6299991607666,18.6299991607666,18.6299991607666,18.6299991607666,4200,0.0,0.0,0.0
2026-02-05 04:55:00+00:00,18.639999389648438,18.639999389648438,18.6299991607666,18.6299991607666,38010,0.0,0.0,0.0
2026-02-05 05:00:00+00:00,18.649999618530273,18.649999618530273,18.639999389648438,18.639999389648438,14690,0.0,0.0,0.0
2026-02-05 05:05:00+00:00,18.639999389648438,18.639999389648438,18.639999389648438,18.639999389648438,2420,0.0,0.0,0.0
2026-02-05 05:10:00+00:00,18.639999389648438,18.639999389648438,18.6299991607666,18.6299991607666,7005,0.0,0.0,0.0
2026-02-05 05:15:00+00:00,18.639999389648438,18.639999389648438,18.6299991607666,18.639999389648438,8335,0.0,0.0,0.0
2026-02-05 05:20:00+00:00,18.639999389648438,18.639999389648438,18.6299991607666,18.6299991607666,25121,0.0,0.0,0.0
2026-02-06 01:00:00+00:00,18.5,18.5,18.350000381469727,18.350000381469727,0,0.0,0.0,0.0
2026-02-06 01:05:00+00:00,18.350000381469727,18.350000381469727,18.270000457763672,18.299999237060547,119000,0.0,0.0,0.0
2026-02-06 01:10:00+00:00,18.329999923706055,18.3700008392334,18.299999237060547,18.350000381469727,32150,0.0,0.0,0.0
2026-02-06 01:15:00+00:00,18.34000015258789,18.350000381469727,18.280000686645508,18.280000686645508,93667,0.0,0.0,0.0
2026-02-06 01:20:00+00:00,18.270000457763672,18.280000686645508,18.25,18.25,111690,0.0,0.0,0.0
2026-02-06 01:25:00+00:00,18.280000686645508,18.280000686645508,18.229999542236328,18.239999771118164,66767,0.0,0.0,0.0
2026-02-06 01:30:00+00:00,18.280000686645508,18.290000915527344,18.270000457763672,18.290000915527344,83740,0.0,0.0,0.0
2026-02-06 01:35:00+00:00,18.299999237060547,18.31999969482422,18.299999237060547,18.31999969482422,19591,0.0,0.0,0.0
2026-02-06 01:40:00+00:00,18.34000015258789,18.360000610351562,18.34000015258789,18.350000381469727,17735,0.0,0.0,0.0
2026-02-06 01:45:00+00:00,18.360000610351562,18.360000610351562,18.350000381469727,18.360000610351562,25344,0.0,0.0,0.0
2026-02-06 01:50:00+00:00,18.3700008392334,18.450000762939453,18.3700008392334,18.450000762939453,15049,0.0,0.0,0.0
2026-02-06 01:55:00+00:00,18.469999313354492,18.469999313354492,18.459999084472656,18.469999313354492,14245,0.0,0.0,0.0
2026-02-06 02:00:00+00:00,18.469999313354492,18.520000457763672,18.469999313354492,18.520000457763672,5495,0.0,0.0,0.0
2026-02-06 02:05:00+00:00,18.520000457763672,18.520000457763672,18.489999771118164,18.489999771118164,5193,0.0,0.0,0.0
2026-02-06 02:10:00+00:00,18.520000457763672,18.520000457763672,18.5,18.5,98458,0.0,0.0,0.0
2026-02-06 02:15:00+00:00,18.520000457763672,18.520000457763672,18.5,18.520000457763672,8344,0.0,0.0,0.0
2026-02-06 02:20:00+00:00,18.520000457763672,18.549999237060547,18.520000457763672,18.530000686645508,27784,0.0,0.0,0.0
2026-02-06 02:25:00+00:00,18.530000686645508,18.549999237060547,18.530000686645508,18.540000915527344,12040,0.0,0.0,0.0
2026-02-06 02:30:00+00:00,18.56999969482422,18.579999923706055,18.56999969482422,18.579999923706055,5572,0.0,0.0,0.0
2026-02-06 02:35:00+00:00,18.579999923706055,18.59000015258789,18.579999923706055,18.59000015258789,12296,0.0,0.0,0.0
2026-02-06 02:40:00+00:00,18.59000015258789,18.59000015258789,18.549999237060547,18.549999237060547,4017,0.0,0.0,0.0
2026-02-06 02:45:00+00:00,18.56999969482422,18.59000015258789,18.56999969482422,18.59000015258789,6790,0.0,0.0,0.0
2026-02-06 02:50:00+00:00,18.59000015258789,18.59000015258789,18.579999923706055,18.59000015258789,3565,0.0,0.0,0.0
2026-02-06 03:00:00+00:00,18.579999923706055,18.59000015258789,18.579999923706055,18.579999923706055,6006,0.0,0.0,0.0
2026-02-06 03:05:00+00:00,18.579999923706055,18.579999923706055,18.56999969482422,18.56999969482422,5318,0.0,0.0,0.0
2026-02-06 03:10:00+00:00,18.559999465942383,18.559999465942383,18.549999237060547,18.549999237060547,4017,0.0,0.0,0.0
2026-02-06 03:15:00+00:00,18.56999969482422,18.56999969482422,18.56999969482422,18.56999969482422,8075,0.0,0.0,0.0
2026-02-06 03:20:00+00:00,18.56999969482422,18.56999969482422,18.56999969482422,18.56999969482422,2143,0.0,0.0,0.0
2026-02-06 03:25:00+00:00,18.549999237060547,18.559999465942383,18.549999237060547,18.559999465942383,3015,0.0,0.0,0.0
2026-02-06 03:30:00+00:00,18.559999465942383,18.579999923706055,18.559999465942383,18.579999923706055,13219,0.0,0.0,0.0
2026-02-06 03:35:00+00:00,18.579999923706055,18.579999923706055,18.579999923706055,18.579999923706055,2110,0.0,0.0,0.0
2026-02-06 03:40:00+00:00,18.559999465942383,18.559999465942383,18.549999237060547,18.549999237060547,18099,0.0,0.0,0.0
2026-02-06 03:45:00+00:00,18.559999465942383,18.559999465942383,18.559999465942383,18.559999465942383,5217,0.0,0.0,0.0
2026-02-06 03:50:00+00:00,18.559999465942383,18.559999465942383,18.559999465942383,18.559999465942383,3001,0.0,0.0,0.0
2026-02-06 03:55:00+00:00,18.56999969482422,18.579999923706055,18.56999969482422,18.579999923706055,3526,0.0,0.0,0.0
2026-02-06 04:00:00+00:00,18.579999923706055,18.579999923706055,18.579999923706055,18.579999923706055,3988,0.0,0.0,0.0
2026-02-06 04:05:00+00:00,18.56999969482422,18.56999969482422,18.56999969482422,18.56999969482422,1000,0.0,0.0,0.0
2026-02-06 04:10:00+00:00,18.559999465942383,18.559999465942383,18.559999465942383,18.559999465942383,5700,0.0,0.0,0.0
2026-02-06 04:15:00+00:00,18.559999465942383,18.559999465942383,18.559999465942383,18.559999465942383,3650,0.0,0.0,0.0
2026-02-06 04:20:00+00:00,18.559999465942383,18.559999465942383,18.520000457763672,18.520000457763672,32328,0.0,0.0,0.0
2026-02-06 04:25:00+00:00,18.530000686645508,18.549999237060547,18.530000686645508,18.549999237060547,16083,0.0,0.0,0.0
2026-02-06 04:30:00+00:00,18.549999237060547,18.549999237060547,18.520000457763672,18.520000457763672,7813,0.0,0.0,0.0
2026-02-06 04:35:00+00:00,18.520000457763672,18.549999237060547,18.520000457763672,18.549999237060547,4120,0.0,0.0,0.0
2026-02-06 04:45:00+00:00,18.540000915527344,18.540000915527344,18.540000915527344,18.540000915527344,2492,0.0,0.0,0.0
2026-02-06 04:50:00+00:00,18.510000228881836,18.510000228881836,18.5,18.5,20348,0.0,0.0,0.0
2026-02-06 04:55:00+00:00,18.5,18.5,18.479999542236328,18.479999542236328,227240,0.0,0.0,0.0
2026-02-06 05:00:00+00:00,18.489999771118164,18.5,18.479999542236328,18.5,9362,0.0,0.0,0.0
2026-02-06 05:05:00+00:00,18.5,18.5,18.5,18.5,3388,0.0,0.0,0.0
2026-02-06 05:10:00+00:00,18.5,18.5,18.489999771118164,18.5,18494,0.0,0.0,0.0
2026-02-06 05:15:00+00:00,18.510000228881836,18.510000228881836,18.5,18.510000228881836,26057,0.0,0.0,0.0
2026-02-06 05:20:00+00:00,18.510000228881836,18.520000457763672,18.510000228881836,18.520000457763672,21100,0.0,0.0,0.0
2026-02-09 01:00:00+00:00,18.799999237060547,19.049999237060547,18.799999237060547,18.989999771118164,0,0.0,0.0,0.0
2026-02-09 01:05:00+00:00,19.0,19.049999237060547,18.979999542236328,19.030000686645508,244162,0.0,0.0,0.0
2026-02-09 01:10:00+00:00,19.030000686645508,19.030000686645508,19.0,19.010000228881836,26599,0.0,0.0,0.0
2026-02-09 01:15:00+00:00,19.0,19.0,18.989999771118164,18.989999771118164,38826,0.0,0.0,0.0
2026-02-09 01:20:00+00:00,18.979999542236328,18.989999771118164,18.979999542236328,18.989999771118164,29020,0.0,0.0,0.0
2026-02-09 01:25:00+00:00,18.989999771118164,18.989999771118164,18.979999542236328,18.979999542236328,10166,0.0,0.0,0.0
2026-02-09 01:30:00+00:00,18.979999542236328,18.979999542236328,18.969999313354492,18.969999313354492,43884,0.0,0.0,0.0
2026-02-09 01:35:00+00:00,18.969999313354492,18.979999542236328,18.969999313354492,18.979999542236328,62536,0.0,0.0,0.0
2026-02-09 01:40:00+00:00,18.979999542236328,19.0,18.979999542236328,19.0,300430,0.0,0.0,0.0
2026-02-09 01:45:00+00:00,18.989999771118164,18.989999771118164,18.979999542236328,18.979999542236328,252942,0.0,0.0,0.0
2026-02-09 01:50:00+00:00,18.979999542236328,19.0,18.969999313354492,19.0,36864,0.0,0.0,0.0
2026-02-09 01:55:00+00:00,19.0,19.0,18.989999771118164,19.0,3700,0.0,0.0,0.0
2026-02-09 02:00:00+00:00,19.0,19.010000228881836,19.0,19.010000228881836,62125,0.0,0.0,0.0
2026-02-09 02:05:00+00:00,19.020000457763672,19.020000457763672,19.010000228881836,19.010000228881836,14267,0.0,0.0,0.0
2026-02-09 02:10:00+00:00,19.010000228881836,19.010000228881836,18.989999771118164,19.0,53236,0.0,0.0,0.0
2026-02-09 02:15:00+00:00,19.010000228881836,19.020000457763672,19.0,19.020000457763672,100400,0.0,0.0,0.0
2026-02-09 02:20:00+00:00,19.020000457763672,19.020000457763672,19.010000228881836,19.010000228881836,5595,0.0,0.0,0.0
2026-02-09 02:25:00+00:00,19.020000457763672,19.020000457763672,19.020000457763672,19.020000457763672,1184,0.0,0.0,0.0
2026-02-09 02:30:00+00:00,19.020000457763672,19.020000457763672,19.020000457763672,19.020000457763672,19064,0.0,0.0,0.0
2026-02-09 02:40:00+00:00,19.020000457763672,19.020000457763672,19.020000457763672,19.020000457763672,3763,0.0,0.0,0.0
2026-02-09 02:45:00+00:00,19.020000457763672,19.020000457763672,19.010000228881836,19.010000228881836,10867,0.0,0.0,0.0
2026-02-09 02:50:00+00:00,19.010000228881836,19.010000228881836,19.0,19.010000228881836,12394,0.0,0.0,0.0
2026-02-09 02:55:00+00:00,19.0,19.0,19.0,19.0,4551,0.0,0.0,0.0
2026-02-09 03:00:00+00:00,19.010000228881836,19.010000228881836,19.0,19.0,5487,0.0,0.0,0.0
2026-02-09 03:05:00+00:00,19.010000228881836,19.030000686645508,19.010000228881836,19.030000686645508,65281,0.0,0.0,0.0
2026-02-09 03:10:00+00:00,19.030000686645508,19.030000686645508,19.030000686645508,19.030000686645508,2131,0.0,0.0,0.0
2026-02-09 03:15:00+00:00,19.020000457763672,19.030000686645508,19.020000457763672,19.030000686645508,7303,0.0,0.0,0.0
2026-02-09 03:20:00+00:00,19.010000228881836,19.020000457763672,19.010000228881836,19.010000228881836,7148,0.0,0.0,0.0
2026-02-09 03:25:00+00:00,19.0,19.0,19.0,19.0,1010,0.0,0.0,0.0
2026-02-09 03:30:00+00:00,19.020000457763672,19.020000457763672,19.0,19.020000457763672,55543,0.0,0.0,0.0
2026-02-09 03:35:00+00:00,19.020000457763672,19.030000686645508,19.010000228881836,19.030000686645508,60044,0.0,0.0,0.0
2026-02-09 03:40:00+00:00,19.040000915527344,19.040000915527344,19.020000457763672,19.030000686645508,28523,0.0,0.0,0.0
2026-02-09 03:45:00+00:00,19.040000915527344,19.040000915527344,19.040000915527344,19.040000915527344,44697,0.0,0.0,0.0
2026-02-09 03:50:00+00:00,19.049999237060547,19.049999237060547,19.040000915527344,19.040000915527344,19842,0.0,0.0,0.0
2026-02-09 03:55:00+00:00,19.040000915527344,19.040000915527344,19.040000915527344,19.040000915527344,21064,0.0,0.0,0.0
2026-02-09 04:00:00+00:00,19.040000915527344,19.040000915527344,19.030000686645508,19.030000686645508,5852,0.0,0.0,0.0
2026-02-09 04:05:00+00:00,19.030000686645508,19.030000686645508,19.030000686645508,19.030000686645508,1010,0.0,0.0,0.0
2026-02-09 04:10:00+00:00,19.030000686645508,19.030000686645508,19.030000686645508,19.030000686645508,1051,0.0,0.0,0.0
2026-02-09 04:15:00+00:00,19.020000457763672,19.030000686645508,19.020000457763672,19.030000686645508,4648,0.0,0.0,0.0
2026-02-09 04:20:00+00:00,19.030000686645508,19.030000686645508,19.020000457763672,19.020000457763672,33105,0.0,0.0,0.0
2026-02-09 04:25:00+00:00,19.030000686645508,19.030000686645508,19.010000228881836,19.030000686645508,11200,0.0,0.0,0.0
2026-02-09 04:30:00+00:00,19.030000686645508,19.030000686645508,19.030000686645508,19.030000686645508,4772,0.0,0.0,0.0
2026-02-09 04:35:00+00:00,19.020000457763672,19.020000457763672,19.020000457763672,19.020000457763672,2280,0.0,0.0,0.0
2026-02-09 04:40:00+00:00,19.020000457763672,19.030000686645508,19.020000457763672,19.030000686645508,6227,0.0,0.0,0.0
2026-02-09 04:45:00+00:00,19.030000686645508,19.030000686645508,19.010000228881836,19.010000228881836,2187,0.0,0.0,0.0
2026-02-09 04:50:00+00:00,19.010000228881836,19.010000228881836,19.0,19.0,8923,0.0,0.0,0.0
2026-02-09 04:55:00+00:00,19.0,19.0,19.0,19.0,50675,0.0,0.0,0.0
2026-02-09 05:00:00+00:00,19.0,19.010000228881836,19.0,19.0,11571,0.0,0.0,0.0
2026-02-09 05:05:00+00:00,19.0,19.0,19.0,19.0,10421,0.0,0.0,0.0
2026-02-09 05:10:00+00:00,19.0,19.0,19.0,19.0,17622,0.0,0.0,0.0
2026-02-09 05:15:00+00:00,19.0,19.0,18.989999771118164,18.989999771118164,17623,0.0,0.0,0.0
2026-02-09 05:20:00+00:00,19.0,19.0,18.979999542236328,18.979999542236328,3490,0.0,0.0,0.0
2026-02-10 01:00:00+00:00,19.149999618530273,19.18000030517578,19.149999618530273,19.18000030517578,0,0.0,0.0,0.0
2026-02-10 01:05:00+00:00,19.18000030517578,19.229999542236328,19.18000030517578,19.229999542236328,125179,0.0,0.0,0.0
2026-02-10 01:10:00+00:00,19.229999542236328,19.239999771118164,19.219999313354492,19.229999542236328,42749,0.0,0.0,0.0
2026-02-10 01:15:00+00:00,19.239999771118164,19.239999771118164,19.200000762939453,19.200000762939453,62570,0.0,0.0,0.0
2026-02-10 01:20:00+00:00,19.200000762939453,19.229999542236328,19.200000762939453,19.219999313354492,12215,0.0,0.0,0.0
2026-02-10 01:25:00+00:00,19.219999313354492,19.219999313354492,19.209999084472656,19.209999084472656,7061,0.0,0.0,0.0
2026-02-10 01:30:00+00:00,19.219999313354492,19.219999313354492,19.209999084472656,19.219999313354492,37085,0.0,0.0,0.0
2026-02-10 01:35:00+00:00,19.229999542236328,19.239999771118164,19.229999542236328,19.229999542236328,25156,0.0,0.0,0.0
2026-02-10 01:40:00+00:00,19.239999771118164,19.25,19.229999542236328,19.229999542236328,15134,0.0,0.0,0.0
2026-02-10 01:45:00+00:00,19.239999771118164,19.25,19.229999542236328,19.25,141264,0.0,0.0,0.0
2026-02-10 01:50:00+00:00,19.260000228881836,19.260000228881836,19.25,19.260000228881836,33921,0.0,0.0,0.0
2026-02-10 01:55:00+00:00,19.260000228881836,19.260000228881836,19.260000228881836,19.260000228881836,9825,0.0,0.0,0.0
2026-02-10 02:00:00+00:00,19.260000228881836,19.270000457763672,19.260000228881836,19.260000228881836,9325,0.0,0.0,0.0
2026-02-10 02:05:00+00:00,19.239999771118164,19.239999771118164,19.229999542236328,19.229999542236328,36888,0.0,0.0,0.0
2026-02-10 02:10:00+00:00,19.239999771118164,19.239999771118164,19.239999771118164,19.239999771118164,18402,0.0,0.0,0.0
2026-02-10 02:15:00+00:00,19.239999771118164,19.239999771118164,19.229999542236328,19.239999771118164,18209,0.0,0.0,0.0
2026-02-10 02:20:00+00:00,19.239999771118164,19.260000228881836,19.239999771118164,19.260000228881836,61133,0.0,0.0,0.0
2026-02-10 02:25:00+00:00,19.25,19.260000228881836,19.25,19.260000228881836,9212,0.0,0.0,0.0
2026-02-10 02:30:00+00:00,19.260000228881836,19.260000228881836,19.25,19.260000228881836,10752,0.0,0.0,0.0
2026-02-10 02:35:00+00:00,19.229999542236328,19.25,19.219999313354492,19.219999313354492,19204,0.0,0.0,0.0
2026-02-10 02:40:00+00:00,19.25,19.25,19.229999542236328,19.229999542236328,8155,0.0,0.0,0.0
2026-02-10 02:45:00+00:00,19.239999771118164,19.239999771118164,19.239999771118164,19.239999771118164,3504,0.0,0.0,0.0
2026-02-10 02:50:00+00:00,19.229999542236328,19.229999542236328,19.219999313354492,19.219999313354492,2078,0.0,0.0,0.0
2026-02-10 02:55:00+00:00,19.219999313354492,19.239999771118164,19.209999084472656,19.239999771118164,56280,0.0,0.0,0.0
2026-02-10 03:05:00+00:00,19.229999542236328,19.239999771118164,19.229999542236328,19.239999771118164,18590,0.0,0.0,0.0
2026-02-10 03:10:00+00:00,19.229999542236328,19.260000228881836,19.229999542236328,19.25,92096,0.0,0.0,0.0
2026-02-10 03:15:00+00:00,19.25,19.25,19.25,19.25,6747,0.0,0.0,0.0
2026-02-10 03:20:00+00:00,19.260000228881836,19.260000228881836,19.260000228881836,19.260000228881836,81039,0.0,0.0,0.0
2026-02-10 03:25:00+00:00,19.260000228881836,19.260000228881836,19.260000228881836,19.260000228881836,18138,0.0,0.0,0.0
2026-02-10 03:30:00+00:00,19.270000457763672,19.270000457763672,19.260000228881836,19.260000228881836,21390,0.0,0.0,0.0
2026-02-10 03:35:00+00:00,19.260000228881836,19.260000228881836,19.260000228881836,19.260000228881836,1049,0.0,0.0,0.0
2026-02-10 03:40:00+00:00,19.260000228881836,19.260000228881836,19.260000228881836,19.260000228881836,1210,0.0,0.0,0.0
2026-02-10 03:45:00+00:00,19.260000228881836,19.270000457763672,19.25,19.25,36019,0.0,0.0,0.0
2026-02-10 03:50:00+00:00,19.25,19.260000228881836,19.25,19.260000228881836,6395,0.0,0.0,0.0
2026-02-10 03:55:00+00:00,19.270000457763672,19.270000457763672,19.270000457763672,19.270000457763672,125035,0.0,0.0,0.0
2026-02-10 04:00:00+00:00,19.280000686645508,19.280000686645508,19.280000686645508,19.280000686645508,48435,0.0,0.0,0.0
2026-02-10 04:05:00+00:00,19.280000686645508,19.280000686645508,19.280000686645508,19.280000686645508,8151,0.0,0.0,0.0
2026-02-10 04:10:00+00:00,19.280000686645508,19.280000686645508,19.280000686645508,19.280000686645508,7282,0.0,0.0,0.0
2026-02-10 04:15:00+00:00,19.270000457763672,19.280000686645508,19.270000457763672,19.270000457763672,31242,0.0,0.0,0.0
2026-02-10 04:20:00+00:00,19.270000457763672,19.270000457763672,19.270000457763672,19.270000457763672,3268,0.0,0.0,0.0
2026-02-10 04:25:00+00:00,19.270000457763672,19.270000457763672,19.25,19.270000457763672,14010,0.0,0.0,0.0
2026-02-10 04:30:00+00:00,19.270000457763672,19.280000686645508,19.270000457763672,19.280000686645508,7686,0.0,0.0,0.0
2026-02-10 04:35:00+00:00,19.270000457763672,19.270000457763672,19.270000457763672,19.270000457763672,1510,0.0,0.0,0.0
2026-02-10 04:40:00+00:00,19.280000686645508,19.280000686645508,19.260000228881836,19.270000457763672,17995,0.0,0.0,0.0
2026-02-10 04:45:00+00:00,19.270000457763672,19.280000686645508,19.270000457763672,19.280000686645508,102030,0.0,0.0,0.0
2026-02-10 04:50:00+00:00,19.280000686645508,19.290000915527344,19.280000686645508,19.290000915527344,33311,0.0,0.0,0.0
2026-02-10 04:55:00+00:00,19.299999237060547,19.299999237060547,19.299999237060547,19.299999237060547,2540,0.0,0.0,0.0
2026-02-10 05:00:00+00:00,19.290000915527344,19.290000915527344,19.280000686645508,19.280000686645508,19046,0.0,0.0,0.0
2026-02-10 05:05:00+00:00,19.280000686645508,19.280000686645508,19.280000686645508,19.280000686645508,21957,0.0,0.0,0.0
2026-02-10 05:10:00+00:00,19.290000915527344,19.290000915527344,19.280000686645508,19.280000686645508,19280,0.0,0.0,0.0
2026-02-10 05:15:00+00:00,19.290000915527344,19.290000915527344,19.270000457763672,19.280000686645508,13907,0.0,0.0,0.0
2026-02-10 05:20:00+00:00,19.290000915527344,19.290000915527344,19.290000915527344,19.290000915527344,6027,0.0,0.0,0.0
2026-02-11 01:00:00+00:00,19.34000015258789,19.389999389648438,19.34000015258789,19.389999389648438,0,0.0,0.0,0.0
2026-02-11 01:05:00+00:00,19.399999618530273,19.399999618530273,19.389999389648438,19.389999389648438,66463,0.0,0.0,0.0
2026-02-11 01:10:00+00:00,19.389999389648438,19.389999389648438,19.3799991607666,19.389999389648438,13756,0.0,0.0,0.0
2026-02-11 01:15:00+00:00,19.3700008392334,19.389999389648438,19.350000381469727,19.3700008392334,122649,0.0,0.0,0.0
2026-02-11 01:20:00+00:00,19.3799991607666,19.399999618530273,19.3799991607666,19.399999618530273,9322,0.0,0.0,0.0
2026-02-11 01:25:00+00:00,19.399999618530273,19.399999618530273,19.389999389648438,19.399999618530273,31610,0.0,0.0,0.0
2026-02-11 01:30:00+00:00,19.399999618530273,19.399999618530273,19.389999389648438,19.399999618530273,156038,0.0,0.0,0.0
2026-02-11 01:35:00+00:00,19.389999389648438,19.399999618530273,19.389999389648438,19.399999618530273,25672,0.0,0.0,0.0
2026-02-11 01:40:00+00:00,19.399999618530273,19.40999984741211,19.399999618530273,19.40999984741211,21645,0.0,0.0,0.0
2026-02-11 01:45:00+00:00,19.40999984741211,19.43000030517578,19.40999984741211,19.43000030517578,76471,0.0,0.0,0.0
2026-02-11 01:50:00+00:00,19.43000030517578,19.43000030517578,19.420000076293945,19.420000076293945,12170,0.0,0.0,0.0
2026-02-11 01:55:00+00:00,19.43000030517578,19.43000030517578,19.43000030517578,19.43000030517578,22445,0.0,0.0,0.0
2026-02-11 02:00:00+00:00,19.43000030517578,19.450000762939453,19.43000030517578,19.450000762939453,59288,0.0,0.0,0.0
2026-02-11 02:05:00+00:00,19.450000762939453,19.469999313354492,19.440000534057617,19.450000762939453,40077,0.0,0.0,0.0
2026-02-11 02:10:00+00:00,19.459999084472656,19.469999313354492,19.450000762939453,19.469999313354492,13212,0.0,0.0,0.0
2026-02-11 02:15:00+00:00,19.469999313354492,19.469999313354492,19.459999084472656,19.459999084472656,7492,0.0,0.0,0.0
2026-02-11 02:20:00+00:00,19.459999084472656,19.489999771118164,19.459999084472656,19.479999542236328,170425,0.0,0.0,0.0
2026-02-11 02:25:00+00:00,19.479999542236328,19.489999771118164,19.479999542236328,19.489999771118164,17684,0.0,0.0,0.0
2026-02-11 02:30:00+00:00,19.489999771118164,19.5,19.479999542236328,19.479999542236328,16561,0.0,0.0,0.0
2026-02-11 02:35:00+00:00,19.489999771118164,19.5,19.489999771118164,19.5,78479,0.0,0.0,0.0
2026-02-11 02:40:00+00:00,19.5,19.5,19.5,19.5,38702,0.0,0.0,0.0
2026-02-11 02:45:00+00:00,19.510000228881836,19.520000457763672,19.510000228881836,19.520000457763672,27853,0.0,0.0,0.0
2026-02-11 02:50:00+00:00,19.520000457763672,19.540000915527344,19.520000457763672,19.540000915527344,15604,0.0,0.0,0.0
2026-02-11 02:55:00+00:00,19.540000915527344,19.56999969482422,19.540000915527344,19.56999969482422,56986,0.0,0.0,0.0
2026-02-11 03:00:00+00:00,19.559999465942383,19.56999969482422,19.549999237060547,19.559999465942383,12773,0.0,0.0,0.0
2026-02-11 03:05:00+00:00,19.56999969482422,19.56999969482422,19.559999465942383,19.559999465942383,7179,0.0,0.0,0.0
2026-02-11 03:10:00+00:00,19.559999465942383,19.59000015258789,19.559999465942383,19.59000015258789,144207,0.0,0.0,0.0
2026-02-11 03:15:00+00:00,19.59000015258789,19.59000015258789,19.579999923706055,19.579999923706055,15099,0.0,0.0,0.0
2026-02-11 03:20:00+00:00,19.59000015258789,19.610000610351562,19.59000015258789,19.610000610351562,94025,0.0,0.0,0.0
2026-02-11 03:25:00+00:00,19.600000381469727,19.600000381469727,19.600000381469727,19.600000381469727,12400,0.0,0.0,0.0
2026-02-11 03:30:00+00:00,19.610000610351562,19.610000610351562,19.610000610351562,19.610000610351562,4392,0.0,0.0,0.0
2026-02-11 03:35:00+00:00,19.59000015258789,19.600000381469727,19.59000015258789,19.600000381469727,4373,0.0,0.0,0.0
2026-02-11 03:40:00+00:00,19.59000015258789,19.600000381469727,19.59000015258789,19.59000015258789,6769,0.0,0.0,0.0
2026-02-11 03:45:00+00:00,19.600000381469727,19.600000381469727,19.600000381469727,19.600000381469727,15437,0.0,0.0,0.0
2026-02-11 03:50:00+00:00,19.600000381469727,19.600000381469727,19.600000381469727,19.600000381469727,27176,0.0,0.0,0.0
2026-02-11 03:55:00+00:00,19.600000381469727,19.610000610351562,19.600000381469727,19.600000381469727,10179,0.0,0.0,0.0
2026-02-11 04:00:00+00:00,19.600000381469727,19.600000381469727,19.59000015258789,19.600000381469727,10136,0.0,0.0,0.0
2026-02-11 04:05:00+00:00,19.59000015258789,19.600000381469727,19.59000015258789,19.600000381469727,7197,0.0,0.0,0.0
2026-02-11 04:10:00+00:00,19.600000381469727,19.600000381469727,19.600000381469727,19.600000381469727,4026,0.0,0.0,0.0
2026-02-11 04:15:00+00:00,19.600000381469727,19.600000381469727,19.59000015258789,19.59000015258789,33056,0.0,0.0,0.0
2026-02-11 04:20:00+00:00,19.59000015258789,19.600000381469727,19.59000015258789,19.600000381469727,47098,0.0,0.0,0.0
2026-02-11 04:25:00+00:00,19.600000381469727,19.600000381469727,19.600000381469727,19.600000381469727,11166,0.0,0.0,0.0
2026-02-11 04:30:00+00:00,19.610000610351562,19.610000610351562,19.610000610351562,19.610000610351562,25876,0.0,0.0,0.0
2026-02-11 04:35:00+00:00,19.600000381469727,19.600000381469727,19.59000015258789,19.59000015258789,43304,0.0,0.0,0.0
2026-02-11 04:40:00+00:00,19.579999923706055,19.59000015258789,19.579999923706055,19.579999923706055,14334,0.0,0.0,0.0
2026-02-11 04:45:00+00:00,19.579999923706055,19.59000015258789,19.56999969482422,19.59000015258789,72040,0.0,0.0,0.0
2026-02-11 04:50:00+00:00,19.56999969482422,19.600000381469727,19.56999969482422,19.600000381469727,76749,0.0,0.0,0.0
2026-02-11 04:55:00+00:00,19.59000015258789,19.600000381469727,19.59000015258789,19.600000381469727,31413,0.0,0.0,0.0
2026-02-11 05:00:00+00:00,19.59000015258789,19.59000015258789,19.59000015258789,19.59000015258789,16121,0.0,0.0,0.0
2026-02-11 05:05:00+00:00,19.600000381469727,19.600000381469727,19.59000015258789,19.59000015258789,110944,0.0,0.0,0.0
2026-02-11 05:10:00+00:00,19.59000015258789,19.600000381469727,19.59000015258789,19.600000381469727,38681,0.0,0.0,0.0
2026-02-11 05:15:00+00:00,19.600000381469727,19.600000381469727,19.59000015258789,19.59000015258789,16048,0.0,0.0,0.0
2026-02-11 05:20:00+00:00,19.59000015258789,19.59000015258789,19.59000015258789,19.59000015258789,9221,0.0,0.0,0.0
2026-02-23 01:00:00+00:00,19.75,19.780000686645508,19.75,19.780000686645508,43000,0.0,0.0,0.0
2026-02-23 01:05:00+00:00,19.799999237060547,19.799999237060547,19.770000457763672,19.780000686645508,127000,0.0,0.0,0.0
2026-02-23 01:10:00+00:00,19.799999237060547,19.81999969482422,19.780000686645508,19.81999969482422,105595,0.0,0.0,0.0
2026-02-23 01:15:00+00:00,19.81999969482422,19.829999923706055,19.790000915527344,19.799999237060547,56138,0.0,0.0,0.0
2026-02-23 01:20:00+00:00,19.81999969482422,19.850000381469727,19.809999465942383,19.829999923706055,100332,0.0,0.0,0.0
2026-02-23 01:25:00+00:00,19.829999923706055,19.84000015258789,19.81999969482422,19.81999969482422,65369,0.0,0.0,0.0
2026-02-23 01:30:00+00:00,19.81999969482422,19.860000610351562,19.809999465942383,19.860000610351562,165476,0.0,0.0,0.0
2026-02-23 01:35:00+00:00,19.8700008392334,19.93000030517578,19.8700008392334,19.8799991607666,77568,0.0,0.0,0.0
2026-02-23 01:40:00+00:00,19.920000076293945,19.920000076293945,19.899999618530273,19.920000076293945,18748,0.0,0.0,0.0
2026-02-23 01:45:00+00:00,19.920000076293945,19.93000030517578,19.90999984741211,19.920000076293945,22836,0.0,0.0,0.0
2026-02-23 01:50:00+00:00,19.940000534057617,19.940000534057617,19.93000030517578,19.93000030517578,12064,0.0,0.0,0.0
2026-02-23 01:55:00+00:00,19.93000030517578,19.940000534057617,19.899999618530273,19.899999618530273,54604,0.0,0.0,0.0
2026-02-23 02:00:00+00:00,19.93000030517578,19.93000030517578,19.889999389648438,19.889999389648438,26879,0.0,0.0,0.0
2026-02-23 02:05:00+00:00,19.889999389648438,19.889999389648438,19.850000381469727,19.8700008392334,39591,0.0,0.0,0.0
2026-02-23 02:10:00+00:00,19.90999984741211,19.90999984741211,19.809999465942383,19.81999969482422,50113,0.0,0.0,0.0
2026-02-23 02:15:00+00:00,19.860000610351562,19.860000610351562,19.799999237060547,19.84000015258789,80255,0.0,0.0,0.0
2026-02-23 02:20:00+00:00,19.84000015258789,19.84000015258789,19.84000015258789,19.84000015258789,11258,0.0,0.0,0.0
2026-02-23 02:25:00+00:00,19.84000015258789,19.8799991607666,19.84000015258789,19.8799991607666,48859,0.0,0.0,0.0
2026-02-23 02:30:00+00:00,19.8799991607666,19.8799991607666,19.8700008392334,19.8799991607666,18515,0.0,0.0,0.0
2026-02-23 02:35:00+00:00,19.8700008392334,19.8799991607666,19.8700008392334,19.8799991607666,10211,0.0,0.0,0.0
2026-02-23 02:40:00+00:00,19.8799991607666,19.899999618530273,19.8700008392334,19.8799991607666,22014,0.0,0.0,0.0
2026-02-23 02:45:00+00:00,19.899999618530273,19.920000076293945,19.899999618530273,19.920000076293945,14663,0.0,0.0,0.0
2026-02-23 02:50:00+00:00,19.920000076293945,19.920000076293945,19.920000076293945,19.920000076293945,7283,0.0,0.0,0.0
2026-02-23 02:55:00+00:00,19.920000076293945,19.920000076293945,19.899999618530273,19.90999984741211,27548,0.0,0.0,0.0
2026-02-23 03:00:00+00:00,19.899999618530273,19.90999984741211,19.899999618530273,19.90999984741211,17213,0.0,0.0,0.0
2026-02-23 03:05:00+00:00,19.90999984741211,19.90999984741211,19.889999389648438,19.889999389648438,15357,0.0,0.0,0.0
2026-02-23 03:10:00+00:00,19.899999618530273,19.899999618530273,19.8700008392334,19.8799991607666,39113,0.0,0.0,0.0
2026-02-23 03:15:00+00:00,19.860000610351562,19.889999389648438,19.84000015258789,19.84000015258789,55250,0.0,0.0,0.0
2026-02-23 03:20:00+00:00,19.860000610351562,19.860000610351562,19.84000015258789,19.84000015258789,13114,0.0,0.0,0.0
2026-02-23 03:25:00+00:00,19.84000015258789,19.850000381469727,19.81999969482422,19.84000015258789,229353,0.0,0.0,0.0
2026-02-23 03:30:00+00:00,19.81999969482422,19.850000381469727,19.809999465942383,19.84000015258789,51354,0.0,0.0,0.0
2026-02-23 03:35:00+00:00,19.84000015258789,19.850000381469727,19.84000015258789,19.850000381469727,10072,0.0,0.0,0.0
2026-02-23 03:40:00+00:00,19.850000381469727,19.850000381469727,19.81999969482422,19.850000381469727,50426,0.0,0.0,0.0
2026-02-23 03:45:00+00:00,19.860000610351562,19.860000610351562,19.81999969482422,19.850000381469727,19384,0.0,0.0,0.0
2026-02-23 03:50:00+00:00,19.850000381469727,19.860000610351562,19.81999969482422,19.860000610351562,13122,0.0,0.0,0.0
2026-02-23 03:55:00+00:00,19.860000610351562,19.860000610351562,19.860000610351562,19.860000610351562,16287,0.0,0.0,0.0
2026-02-23 04:00:00+00:00,19.860000610351562,19.860000610351562,19.860000610351562,19.860000610351562,12123,0.0,0.0,0.0
2026-02-23 04:05:00+00:00,19.860000610351562,19.860000610351562,19.84000015258789,19.84000015258789,14059,0.0,0.0,0.0
2026-02-23 04:10:00+00:00,19.84000015258789,19.84000015258789,19.84000015258789,19.84000015258789,13673,0.0,0.0,0.0
2026-02-23 04:15:00+00:00,19.84000015258789,19.84000015258789,19.84000015258789,19.84000015258789,10183,0.0,0.0,0.0
2026-02-23 04:20:00+00:00,19.84000015258789,19.84000015258789,19.84000015258789,19.84000015258789,18170,0.0,0.0,0.0
2026-02-23 04:25:00+00:00,19.84000015258789,19.84000015258789,19.84000015258789,19.84000015258789,22955,0.0,0.0,0.0
2026-02-23 04:30:00+00:00,19.84000015258789,19.84000015258789,19.829999923706055,19.84000015258789,14498,0.0,0.0,0.0
2026-02-23 04:35:00+00:00,19.829999923706055,19.829999923706055,19.809999465942383,19.809999465942383,25074,0.0,0.0,0.0
2026-02-23 04:40:00+00:00,19.809999465942383,19.81999969482422,19.799999237060547,19.809999465942383,16115,0.0,0.0,0.0
2026-02-23 04:45:00+00:00,19.809999465942383,19.81999969482422,19.809999465942383,19.81999969482422,7049,0.0,0.0,0.0
2026-02-23 04:50:00+00:00,19.81999969482422,19.81999969482422,19.809999465942383,19.809999465942383,5054,0.0,0.0,0.0
2026-02-23 04:55:00+00:00,19.809999465942383,19.809999465942383,19.799999237060547,19.809999465942383,16688,0.0,0.0,0.0
2026-02-23 05:00:00+00:00,19.799999237060547,19.809999465942383,19.760000228881836,19.799999237060547,69836,0.0,0.0,0.0
2026-02-23 05:05:00+00:00,19.799999237060547,19.809999465942383,19.75,19.75,35007,0.0,0.0,0.0
2026-02-23 05:10:00+00:00,19.770000457763672,19.770000457763672,19.729999542236328,19.729999542236328,22336,0.0,0.0,0.0
2026-02-23 05:15:00+00:00,19.729999542236328,19.729999542236328,19.719999313354492,19.719999313354492,10619,0.0,0.0,0.0
2026-02-23 05:20:00+00:00,19.719999313354492,19.719999313354492,19.68000030517578,19.68000030517578,24237,0.0,0.0,0.0
2026-02-24 01:00:00+00:00,19.850000381469727,19.920000076293945,19.850000381469727,19.920000076293945,4000,0.0,0.0,0.0
2026-02-24 01:05:00+00:00,19.920000076293945,19.920000076293945,19.90999984741211,19.90999984741211,54000,0.0,0.0,0.0
2026-02-24 01:10:00+00:00,19.90999984741211,19.90999984741211,19.90999984741211,19.90999984741211,57150,0.0,0.0,0.0
2026-02-24 01:15:00+00:00,19.920000076293945,19.940000534057617,19.920000076293945,19.93000030517578,48235,0.0,0.0,0.0
2026-02-24 01:20:00+00:00,19.93000030517578,19.969999313354492,19.93000030517578,19.969999313354492,405364,0.0,0.0,0.0
2026-02-24 01:25:00+00:00,19.969999313354492,19.979999542236328,19.969999313354492,19.969999313354492,29214,0.0,0.0,0.0
2026-02-24 01:30:00+00:00,19.969999313354492,19.969999313354492,19.950000762939453,19.969999313354492,38602,0.0,0.0,0.0
2026-02-24 01:35:00+00:00,19.969999313354492,19.979999542236328,19.969999313354492,19.969999313354492,113891,0.0,0.0,0.0
2026-02-24 01:40:00+00:00,19.979999542236328,20.020000457763672,19.979999542236328,20.020000457763672,110085,0.0,0.0,0.0
2026-02-24 01:45:00+00:00,20.020000457763672,20.020000457763672,20.010000228881836,20.020000457763672,7493,0.0,0.0,0.0
2026-02-24 01:50:00+00:00,20.010000228881836,20.020000457763672,20.010000228881836,20.020000457763672,61606,0.0,0.0,0.0
2026-02-24 01:55:00+00:00,20.010000228881836,20.010000228881836,20.0,20.010000228881836,10874,0.0,0.0,0.0
2026-02-24 02:00:00+00:00,20.010000228881836,20.020000457763672,20.010000228881836,20.020000457763672,34284,0.0,0.0,0.0
2026-02-24 02:05:00+00:00,20.020000457763672,20.020000457763672,20.010000228881836,20.020000457763672,7081,0.0,0.0,0.0
2026-02-24 02:10:00+00:00,20.020000457763672,20.020000457763672,20.010000228881836,20.010000228881836,11241,0.0,0.0,0.0
2026-02-24 02:15:00+00:00,20.010000228881836,20.040000915527344,20.010000228881836,20.040000915527344,120846,0.0,0.0,0.0
2026-02-24 02:20:00+00:00,20.040000915527344,20.059999465942383,20.040000915527344,20.059999465942383,51088,0.0,0.0,0.0
2026-02-24 02:25:00+00:00,20.06999969482422,20.1200008392334,20.06999969482422,20.1200008392334,73312,0.0,0.0,0.0
2026-02-24 02:30:00+00:00,20.1200008392334,20.1200008392334,20.100000381469727,20.110000610351562,55719,0.0,0.0,0.0
2026-02-24 02:35:00+00:00,20.110000610351562,20.1200008392334,20.110000610351562,20.1200008392334,26225,0.0,0.0,0.0
2026-02-24 02:40:00+00:00,20.1200008392334,20.1200008392334,20.100000381469727,20.100000381469727,22560,0.0,0.0,0.0
2026-02-24 02:45:00+00:00,20.100000381469727,20.100000381469727,20.079999923706055,20.100000381469727,14127,0.0,0.0,0.0
2026-02-24 02:50:00+00:00,20.100000381469727,20.110000610351562,20.100000381469727,20.110000610351562,24499,0.0,0.0,0.0
2026-02-24 02:55:00+00:00,20.1200008392334,20.1200008392334,20.1200008392334,20.1200008392334,43555,0.0,0.0,0.0
2026-02-24 03:00:00+00:00,20.1200008392334,20.1200008392334,20.110000610351562,20.110000610351562,19446,0.0,0.0,0.0
2026-02-24 03:05:00+00:00,20.1200008392334,20.1200008392334,20.110000610351562,20.1200008392334,20686,0.0,0.0,0.0
2026-02-24 03:10:00+00:00,20.1200008392334,20.1200008392334,20.1200008392334,20.1200008392334,3224,0.0,0.0,0.0
2026-02-24 03:15:00+00:00,20.110000610351562,20.1200008392334,20.110000610351562,20.1200008392334,2741,0.0,0.0,0.0
2026-02-24 03:20:00+00:00,20.110000610351562,20.1299991607666,20.110000610351562,20.1200008392334,54108,0.0,0.0,0.0
2026-02-24 03:25:00+00:00,20.1200008392334,20.1299991607666,20.110000610351562,20.1299991607666,34943,0.0,0.0,0.0
2026-02-24 03:30:00+00:00,20.1299991607666,20.139999389648438,20.1299991607666,20.139999389648438,14151,0.0,0.0,0.0
2026-02-24 03:35:00+00:00,20.139999389648438,20.149999618530273,20.139999389648438,20.149999618530273,14363,0.0,0.0,0.0
2026-02-24 03:40:00+00:00,20.149999618530273,20.15999984741211,20.149999618530273,20.149999618530273,29331,0.0,0.0,0.0
2026-02-24 03:45:00+00:00,20.149999618530273,20.149999618530273,20.139999389648438,20.149999618530273,5128,0.0,0.0,0.0
2026-02-24 03:50:00+00:00,20.1299991607666,20.139999389648438,20.1200008392334,20.139999389648438,152885,0.0,0.0,0.0
2026-02-24 03:55:00+00:00,20.100000381469727,20.139999389648438,20.100000381469727,20.139999389648438,4190,0.0,0.0,0.0
2026-02-24 04:00:00+00:00,20.1200008392334,20.1200008392334,20.1200008392334,20.1200008392334,4763,0.0,0.0,0.0
2026-02-24 04:05:00+00:00,20.1200008392334,20.1200008392334,20.1200008392334,20.1200008392334,6292,0.0,0.0,0.0
2026-02-24 04:10:00+00:00,20.1200008392334,20.1299991607666,20.110000610351562,20.1299991607666,16601,0.0,0.0,0.0
2026-02-24 04:15:00+00:00,20.139999389648438,20.149999618530273,20.139999389648438,20.139999389648438,9120,0.0,0.0,0.0
2026-02-24 04:20:00+00:00,20.139999389648438,20.15999984741211,20.139999389648438,20.149999618530273,25645,0.0,0.0,0.0
2026-02-24 04:25:00+00:00,20.149999618530273,20.15999984741211,20.149999618530273,20.149999618530273,9895,0.0,0.0,0.0
2026-02-24 04:30:00+00:00,20.15999984741211,20.15999984741211,20.149999618530273,20.15999984741211,75947,0.0,0.0,0.0
2026-02-24 04:35:00+00:00,20.15999984741211,20.170000076293945,20.15999984741211,20.15999984741211,7928,0.0,0.0,0.0
2026-02-24 04:40:00+00:00,20.15999984741211,20.15999984741211,20.15999984741211,20.15999984741211,13109,0.0,0.0,0.0
2026-02-24 04:45:00+00:00,20.15999984741211,20.15999984741211,20.15999984741211,20.15999984741211,23520,0.0,0.0,0.0
2026-02-24 04:50:00+00:00,20.15999984741211,20.15999984741211,20.149999618530273,20.15999984741211,37220,0.0,0.0,0.0
2026-02-24 04:55:00+00:00,20.149999618530273,20.15999984741211,20.149999618530273,20.15999984741211,85010,0.0,0.0,0.0
2026-02-24 05:00:00+00:00,20.15999984741211,20.18000030517578,20.15999984741211,20.18000030517578,66970,0.0,0.0,0.0
2026-02-24 05:05:00+00:00,20.170000076293945,20.190000534057617,20.170000076293945,20.190000534057617,34252,0.0,0.0,0.0
2026-02-24 05:10:00+00:00,20.190000534057617,20.190000534057617,20.18000030517578,20.18000030517578,44175,0.0,0.0,0.0
2026-02-24 05:15:00+00:00,20.190000534057617,20.190000534057617,20.18000030517578,20.190000534057617,11363,0.0,0.0,0.0
2026-02-24 05:20:00+00:00,20.18000030517578,20.18000030517578,20.170000076293945,20.170000076293945,33539,0.0,0.0,0.0
2026-02-25 01:00:00+00:00,20.329999923706055,20.459999084472656,20.329999923706055,20.360000610351562,0,0.0,0.0,0.0
2026-02-25 01:05:00+00:00,20.3700008392334,20.399999618530273,20.329999923706055,20.329999923706055,166960,0.0,0.0,0.0
2026-02-25 01:10:00+00:00,20.329999923706055,20.350000381469727,20.329999923706055,20.34000015258789,33917,0.0,0.0,0.0
2026-02-25 01:15:00+00:00,20.329999923706055,20.389999389648438,20.329999923706055,20.389999389648438,79515,0.0,0.0,0.0
2026-02-25 01:20:00+00:00,20.389999389648438,20.399999618530273,20.389999389648438,20.389999389648438,11215,0.0,0.0,0.0
2026-02-25 01:25:00+00:00,20.389999389648438,20.389999389648438,20.350000381469727,20.350000381469727,24573,0.0,0.0,0.0
2026-02-25 01:30:00+00:00,20.360000610351562,20.360000610351562,20.350000381469727,20.360000610351562,119425,0.0,0.0,0.0
2026-02-25 01:35:00+00:00,20.3700008392334,20.399999618530273,20.3700008392334,20.389999389648438,48443,0.0,0.0,0.0
2026-02-25 01:40:00+00:00,20.389999389648438,20.420000076293945,20.389999389648438,20.420000076293945,55020,0.0,0.0,0.0
2026-02-25 01:45:00+00:00,20.420000076293945,20.450000762939453,20.420000076293945,20.450000762939453,18063,0.0,0.0,0.0
2026-02-25 01:50:00+00:00,20.450000762939453,20.450000762939453,20.440000534057617,20.450000762939453,34253,0.0,0.0,0.0
2026-02-25 01:55:00+00:00,20.459999084472656,20.469999313354492,20.459999084472656,20.469999313354492,32940,0.0,0.0,0.0
2026-02-25 02:00:00+00:00,20.469999313354492,20.469999313354492,20.440000534057617,20.459999084472656,16385,0.0,0.0,0.0
2026-02-25 02:05:00+00:00,20.459999084472656,20.469999313354492,20.459999084472656,20.469999313354492,27069,0.0,0.0,0.0
2026-02-25 02:10:00+00:00,20.479999542236328,20.489999771118164,20.469999313354492,20.489999771118164,29775,0.0,0.0,0.0
2026-02-25 02:15:00+00:00,20.5,20.510000228881836,20.5,20.510000228881836,71979,0.0,0.0,0.0
2026-02-25 02:20:00+00:00,20.520000457763672,20.520000457763672,20.510000228881836,20.520000457763672,46404,0.0,0.0,0.0
2026-02-25 02:25:00+00:00,20.520000457763672,20.559999465942383,20.520000457763672,20.559999465942383,30398,0.0,0.0,0.0
2026-02-25 02:30:00+00:00,20.559999465942383,20.559999465942383,20.559999465942383,20.559999465942383,7258,0.0,0.0,0.0
2026-02-25 02:35:00+00:00,20.56999969482422,20.59000015258789,20.56999969482422,20.59000015258789,12992,0.0,0.0,0.0
2026-02-25 02:40:00+00:00,20.59000015258789,20.600000381469727,20.59000015258789,20.600000381469727,62708,0.0,0.0,0.0
2026-02-25 02:45:00+00:00,20.6200008392334,20.6299991607666,20.6200008392334,20.6200008392334,6546,0.0,0.0,0.0
2026-02-25 02:50:00+00:00,20.6200008392334,20.649999618530273,20.6200008392334,20.649999618530273,12230,0.0,0.0,0.0
2026-02-25 02:55:00+00:00,20.639999389648438,20.639999389648438,20.639999389648438,20.639999389648438,8446,0.0,0.0,0.0
2026-02-25 03:00:00+00:00,20.649999618530273,20.649999618530273,20.649999618530273,20.649999618530273,8844,0.0,0.0,0.0
2026-02-25 03:05:00+00:00,20.649999618530273,20.649999618530273,20.6200008392334,20.6200008392334,42187,0.0,0.0,0.0
2026-02-25 03:10:00+00:00,20.600000381469727,20.610000610351562,20.56999969482422,20.56999969482422,31045,0.0,0.0,0.0
2026-02-25 03:15:00+00:00,20.549999237060547,20.559999465942383,20.5,20.5,126981,0.0,0.0,0.0
2026-02-25 03:20:00+00:00,20.559999465942383,20.559999465942383,20.520000457763672,20.520000457763672,13324,0.0,0.0,0.0
2026-02-25 03:25:00+00:00,20.520000457763672,20.520000457763672,20.520000457763672,20.520000457763672,2000,0.0,0.0,0.0
2026-02-25 03:30:00+00:00,20.530000686645508,20.530000686645508,20.5,20.520000457763672,210113,0.0,0.0,0.0
2026-02-25 03:35:00+00:00,20.5,20.5,20.5,20.5,2233,0.0,0.0,0.0
2026-02-25 03:40:00+00:00,20.5,20.510000228881836,20.5,20.5,6072,0.0,0.0,0.0
2026-02-25 03:45:00+00:00,20.520000457763672,20.530000686645508,20.510000228881836,20.520000457763672,8927,0.0,0.0,0.0
2026-02-25 03:50:00+00:00,20.530000686645508,20.530000686645508,20.530000686645508,20.530000686645508,18700,0.0,0.0,0.0
2026-02-25 03:55:00+00:00,20.530000686645508,20.540000915527344,20.530000686645508,20.540000915527344,11442,0.0,0.0,0.0
2026-02-25 04:00:00+00:00,20.540000915527344,20.549999237060547,20.540000915527344,20.549999237060547,2170,0.0,0.0,0.0
2026-02-25 04:05:00+00:00,20.540000915527344,20.549999237060547,20.530000686645508,20.530000686645508,26125,0.0,0.0,0.0
2026-02-25 04:10:00+00:00,20.520000457763672,20.520000457763672,20.469999313354492,20.469999313354492,41448,0.0,0.0,0.0
2026-02-25 04:15:00+00:00,20.489999771118164,20.489999771118164,20.479999542236328,20.479999542236328,2172,0.0,0.0,0.0
2026-02-25 04:20:00+00:00,20.479999542236328,20.489999771118164,20.469999313354492,20.489999771118164,6030,0.0,0.0,0.0
2026-02-25 04:25:00+00:00,20.489999771118164,20.489999771118164,20.489999771118164,20.489999771118164,10400,0.0,0.0,0.0
2026-02-25 04:30:00+00:00,20.5,20.5,20.489999771118164,20.489999771118164,66573,0.0,0.0,0.0
2026-02-25 04:35:00+00:00,20.5,20.5,20.5,20.5,5253,0.0,0.0,0.0
2026-02-25 04:40:00+00:00,20.5,20.5,20.489999771118164,20.489999771118164,13359,0.0,0.0,0.0
2026-02-25 04:45:00+00:00,20.489999771118164,20.489999771118164,20.489999771118164,20.489999771118164,2010,0.0,0.0,0.0
2026-02-25 04:50:00+00:00,20.489999771118164,20.5,20.489999771118164,20.5,95010,0.0,0.0,0.0
2026-02-25 04:55:00+00:00,20.5,20.5,20.5,20.5,26931,0.0,0.0,0.0
2026-02-25 05:00:00+00:00,20.5,20.530000686645508,20.5,20.530000686645508,19445,0.0,0.0,0.0
2026-02-25 05:05:00+00:00,20.510000228881836,20.549999237060547,20.510000228881836,20.549999237060547,160956,0.0,0.0,0.0
2026-02-25 05:10:00+00:00,20.559999465942383,20.559999465942383,20.549999237060547,20.549999237060547,21674,0.0,0.0,0.0
2026-02-25 05:15:00+00:00,20.559999465942383,20.56999969482422,20.559999465942383,20.56999969482422,19441,0.0,0.0,0.0
2026-02-25 05:20:00+00:00,20.56999969482422,20.56999969482422,20.559999465942383,20.559999465942383,6256,0.0,0.0,0.0
2026-02-26 01:00:00+00:00,20.600000381469727,20.649999618530273,20.600000381469727,20.649999618530273,0,0.0,0.0,0.0
2026-02-26 01:05:00+00:00,20.610000610351562,20.639999389648438,20.59000015258789,20.610000610351562,139180,0.0,0.0,0.0
2026-02-26 01:10:00+00:00,20.600000381469727,20.600000381469727,20.559999465942383,20.59000015258789,52602,0.0,0.0,0.0
2026-02-26 01:15:00+00:00,20.59000015258789,20.59000015258789,20.559999465942383,20.559999465942383,43742,0.0,0.0,0.0
2026-02-26 01:20:00+00:00,20.559999465942383,20.559999465942383,20.549999237060547,20.549999237060547,29461,0.0,0.0,0.0
2026-02-26 01:25:00+00:00,20.549999237060547,20.549999237060547,20.5,20.510000228881836,47380,0.0,0.0,0.0
2026-02-26 01:30:00+00:00,20.520000457763672,20.579999923706055,20.520000457763672,20.579999923706055,49857,0.0,0.0,0.0
2026-02-26 01:35:00+00:00,20.59000015258789,20.59000015258789,20.59000015258789,20.59000015258789,84783,0.0,0.0,0.0
2026-02-26 01:40:00+00:00,20.600000381469727,20.649999618530273,20.600000381469727,20.649999618530273,55102,0.0,0.0,0.0
2026-02-26 01:45:00+00:00,20.65999984741211,20.700000762939453,20.649999618530273,20.700000762939453,25789,0.0,0.0,0.0
2026-02-26 01:50:00+00:00,20.700000762939453,20.700000762939453,20.649999618530273,20.65999984741211,20370,0.0,0.0,0.0
2026-02-26 01:55:00+00:00,20.68000030517578,20.68000030517578,20.65999984741211,20.65999984741211,9302,0.0,0.0,0.0
2026-02-26 02:00:00+00:00,20.68000030517578,20.690000534057617,20.68000030517578,20.68000030517578,7517,0.0,0.0,0.0
2026-02-26 02:05:00+00:00,20.690000534057617,20.690000534057617,20.65999984741211,20.68000030517578,7395,0.0,0.0,0.0
2026-02-26 02:10:00+00:00,20.690000534057617,20.690000534057617,20.649999618530273,20.649999618530273,10770,0.0,0.0,0.0
2026-02-26 02:15:00+00:00,20.65999984741211,20.65999984741211,20.65999984741211,20.65999984741211,19118,0.0,0.0,0.0
2026-02-26 02:20:00+00:00,20.68000030517578,20.690000534057617,20.670000076293945,20.690000534057617,9852,0.0,0.0,0.0
2026-02-26 02:25:00+00:00,20.690000534057617,20.700000762939453,20.68000030517578,20.700000762939453,148023,0.0,0.0,0.0
2026-02-26 02:30:00+00:00,20.719999313354492,20.719999313354492,20.719999313354492,20.719999313354492,21014,0.0,0.0,0.0
2026-02-26 02:35:00+00:00,20.719999313354492,20.729999542236328,20.719999313354492,20.729999542236328,9518,0.0,0.0,0.0
2026-02-26 02:40:00+00:00,20.739999771118164,20.739999771118164,20.729999542236328,20.729999542236328,14981,0.0,0.0,0.0
2026-02-26 02:45:00+00:00,20.739999771118164,20.760000228881836,20.739999771118164,20.760000228881836,19884,0.0,0.0,0.0
2026-02-26 02:50:00+00:00,20.760000228881836,20.790000915527344,20.760000228881836,20.790000915527344,8005,0.0,0.0,0.0
2026-02-26 02:55:00+00:00,20.790000915527344,20.790000915527344,20.790000915527344,20.790000915527344,10463,0.0,0.0,0.0
2026-02-26 03:00:00+00:00,20.799999237060547,20.799999237060547,20.799999237060547,20.799999237060547,27413,0.0,0.0,0.0
2026-02-26 03:05:00+00:00,20.81999969482422,20.81999969482422,20.770000457763672,20.770000457763672,18627,0.0,0.0,0.0
2026-02-26 03:10:00+00:00,20.780000686645508,20.780000686645508,20.770000457763672,20.770000457763672,11771,0.0,0.0,0.0
2026-02-26 03:15:00+00:00,20.770000457763672,20.780000686645508,20.760000228881836,20.760000228881836,18702,0.0,0.0,0.0
2026-02-26 03:20:00+00:00,20.760000228881836,20.770000457763672,20.760000228881836,20.770000457763672,8628,0.0,0.0,0.0
2026-02-26 03:25:00+00:00,20.770000457763672,20.770000457763672,20.760000228881836,20.760000228881836,6000,0.0,0.0,0.0
2026-02-26 03:30:00+00:00,20.780000686645508,20.780000686645508,20.760000228881836,20.770000457763672,6178,0.0,0.0,0.0
2026-02-26 03:35:00+00:00,20.770000457763672,20.770000457763672,20.760000228881836,20.770000457763672,13110,0.0,0.0,0.0
2026-02-26 03:40:00+00:00,20.770000457763672,20.770000457763672,20.760000228881836,20.760000228881836,72219,0.0,0.0,0.0
2026-02-26 03:45:00+00:00,20.75,20.760000228881836,20.75,20.75,21075,0.0,0.0,0.0
2026-02-26 03:50:00+00:00,20.739999771118164,20.760000228881836,20.739999771118164,20.760000228881836,8368,0.0,0.0,0.0
2026-02-26 03:55:00+00:00,20.729999542236328,20.729999542236328,20.729999542236328,20.729999542236328,4133,0.0,0.0,0.0
2026-02-26 04:00:00+00:00,20.75,20.75,20.75,20.75,4148,0.0,0.0,0.0
2026-02-26 04:10:00+00:00,20.729999542236328,20.75,20.729999542236328,20.739999771118164,9952,0.0,0.0,0.0
2026-02-26 04:15:00+00:00,20.739999771118164,20.739999771118164,20.729999542236328,20.739999771118164,43630,0.0,0.0,0.0
2026-02-26 04:20:00+00:00,20.719999313354492,20.739999771118164,20.719999313354492,20.739999771118164,6038,0.0,0.0,0.0
2026-02-26 04:25:00+00:00,20.739999771118164,20.739999771118164,20.739999771118164,20.739999771118164,4404,0.0,0.0,0.0
2026-02-26 04:30:00+00:00,20.739999771118164,20.739999771118164,20.709999084472656,20.709999084472656,5477,0.0,0.0,0.0
2026-02-26 04:35:00+00:00,20.709999084472656,20.709999084472656,20.709999084472656,20.709999084472656,6431,0.0,0.0,0.0
2026-02-26 04:40:00+00:00,20.709999084472656,20.709999084472656,20.709999084472656,20.709999084472656,2670,0.0,0.0,0.0
2026-02-26 04:45:00+00:00,20.719999313354492,20.729999542236328,20.719999313354492,20.729999542236328,12011,0.0,0.0,0.0
2026-02-26 04:50:00+00:00,20.729999542236328,20.729999542236328,20.700000762939453,20.700000762939453,14571,0.0,0.0,0.0
2026-02-26 04:55:00+00:00,20.719999313354492,20.719999313354492,20.719999313354492,20.719999313354492,3010,0.0,0.0,0.0
2026-02-26 05:00:00+00:00,20.719999313354492,20.729999542236328,20.700000762939453,20.700000762939453,208448,0.0,0.0,0.0
2026-02-26 05:05:00+00:00,20.719999313354492,20.719999313354492,20.719999313354492,20.719999313354492,1111,0.0,0.0,0.0
2026-02-26 05:10:00+00:00,20.709999084472656,20.709999084472656,20.709999084472656,20.709999084472656,4212,0.0,0.0,0.0
2026-02-26 05:15:00+00:00,20.709999084472656,20.709999084472656,20.709999084472656,20.709999084472656,11806,0.0,0.0,0.0
2026-02-26 05:20:00+00:00,20.709999084472656,20.729999542236328,20.700000762939453,20.729999542236328,29097,0.0,0.0,0.0
2026-03-02 01:00:00+00:00,20.200000762939453,20.309999465942383,20.18000030517578,20.299999237060547,0,0.0,0.0,0.0
2026-03-02 01:05:00+00:00,20.309999465942383,20.40999984741211,20.309999465942383,20.40999984741211,74000,0.0,0.0,0.0
2026-03-02 01:10:00+00:00,20.40999984741211,20.5,20.40999984741211,20.5,67184,0.0,0.0,0.0
2026-03-02 01:15:00+00:00,20.5,20.549999237060547,20.489999771118164,20.510000228881836,28040,0.0,0.0,0.0
2026-03-02 01:20:00+00:00,20.520000457763672,20.549999237060547,20.510000228881836,20.520000457763672,25041,0.0,0.0,0.0
2026-03-02 01:25:00+00:00,20.510000228881836,20.510000228881836,20.5,20.5,28772,0.0,0.0,0.0
2026-03-02 01:30:00+00:00,20.520000457763672,20.6299991607666,20.520000457763672,20.6299991607666,42428,0.0,0.0,0.0
2026-03-02 01:35:00+00:00,20.6200008392334,20.6299991607666,20.56999969482422,20.600000381469727,34974,0.0,0.0,0.0
2026-03-02 01:40:00+00:00,20.600000381469727,20.600000381469727,20.530000686645508,20.530000686645508,108005,0.0,0.0,0.0
2026-03-02 01:45:00+00:00,20.530000686645508,20.530000686645508,20.489999771118164,20.489999771118164,161880,0.0,0.0,0.0
2026-03-02 01:50:00+00:00,20.520000457763672,20.559999465942383,20.489999771118164,20.559999465942383,49006,0.0,0.0,0.0
2026-03-02 01:55:00+00:00,20.549999237060547,20.559999465942383,20.510000228881836,20.559999465942383,31725,0.0,0.0,0.0
2026-03-02 02:00:00+00:00,20.559999465942383,20.56999969482422,20.559999465942383,20.56999969482422,52846,0.0,0.0,0.0
2026-03-02 02:05:00+00:00,20.579999923706055,20.579999923706055,20.56999969482422,20.579999923706055,6620,0.0,0.0,0.0
2026-03-02 02:10:00+00:00,20.56999969482422,20.600000381469727,20.549999237060547,20.600000381469727,39070,0.0,0.0,0.0
2026-03-02 02:15:00+00:00,20.6200008392334,20.6299991607666,20.610000610351562,20.610000610351562,13708,0.0,0.0,0.0
2026-03-02 02:20:00+00:00,20.6299991607666,20.6299991607666,20.6200008392334,20.6200008392334,8731,0.0,0.0,0.0
2026-03-02 02:25:00+00:00,20.6200008392334,20.6200008392334,20.610000610351562,20.6200008392334,10192,0.0,0.0,0.0
2026-03-02 02:30:00+00:00,20.6200008392334,20.6200008392334,20.610000610351562,20.610000610351562,8156,0.0,0.0,0.0
2026-03-02 02:35:00+00:00,20.610000610351562,20.6200008392334,20.610000610351562,20.6200008392334,7299,0.0,0.0,0.0
2026-03-02 02:40:00+00:00,20.6200008392334,20.6200008392334,20.59000015258789,20.610000610351562,41159,0.0,0.0,0.0
2026-03-02 02:45:00+00:00,20.59000015258789,20.610000610351562,20.579999923706055,20.610000610351562,45452,0.0,0.0,0.0
2026-03-02 02:50:00+00:00,20.610000610351562,20.610000610351562,20.56999969482422,20.579999923706055,26748,0.0,0.0,0.0
2026-03-02 02:55:00+00:00,20.579999923706055,20.600000381469727,20.579999923706055,20.600000381469727,12392,0.0,0.0,0.0
2026-03-02 03:00:00+00:00,20.600000381469727,20.600000381469727,20.600000381469727,20.600000381469727,1014,0.0,0.0,0.0
2026-03-02 03:05:00+00:00,20.600000381469727,20.600000381469727,20.600000381469727,20.600000381469727,13234,0.0,0.0,0.0
2026-03-02 03:10:00+00:00,20.600000381469727,20.600000381469727,20.600000381469727,20.600000381469727,6739,0.0,0.0,0.0
2026-03-02 03:15:00+00:00,20.59000015258789,20.600000381469727,20.59000015258789,20.600000381469727,4896,0.0,0.0,0.0
2026-03-02 03:20:00+00:00,20.610000610351562,20.610000610351562,20.600000381469727,20.600000381469727,6243,0.0,0.0,0.0
2026-03-02 03:25:00+00:00,20.600000381469727,20.600000381469727,20.600000381469727,20.600000381469727,4442,0.0,0.0,0.0
2026-03-02 03:30:00+00:00,20.600000381469727,20.600000381469727,20.59000015258789,20.59000015258789,33069,0.0,0.0,0.0
2026-03-02 03:35:00+00:00,20.600000381469727,20.600000381469727,20.56999969482422,20.579999923706055,16449,0.0,0.0,0.0
2026-03-02 03:40:00+00:00,20.56999969482422,20.579999923706055,20.56999969482422,20.579999923706055,5272,0.0,0.0,0.0
2026-03-02 03:45:00+00:00,20.600000381469727,20.600000381469727,20.600000381469727,20.600000381469727,3158,0.0,0.0,0.0
2026-03-02 03:50:00+00:00,20.600000381469727,20.600000381469727,20.56999969482422,20.600000381469727,33010,0.0,0.0,0.0
2026-03-02 03:55:00+00:00,20.600000381469727,20.610000610351562,20.56999969482422,20.56999969482422,18378,0.0,0.0,0.0
2026-03-02 04:00:00+00:00,20.600000381469727,20.600000381469727,20.600000381469727,20.600000381469727,1699,0.0,0.0,0.0
2026-03-02 04:05:00+00:00,20.600000381469727,20.600000381469727,20.600000381469727,20.600000381469727,4175,0.0,0.0,0.0
2026-03-02 04:10:00+00:00,20.59000015258789,20.59000015258789,20.59000015258789,20.59000015258789,2240,0.0,0.0,0.0
2026-03-02 04:15:00+00:00,20.600000381469727,20.600000381469727,20.59000015258789,20.59000015258789,4236,0.0,0.0,0.0
2026-03-02 04:20:00+00:00,20.59000015258789,20.59000015258789,20.56999969482422,20.59000015258789,34345,0.0,0.0,0.0
2026-03-02 04:25:00+00:00,20.59000015258789,20.59000015258789,20.559999465942383,20.559999465942383,8219,0.0,0.0,0.0
2026-03-02 04:30:00+00:00,20.59000015258789,20.59000015258789,20.559999465942383,20.559999465942383,7159,0.0,0.0,0.0
2026-03-02 04:35:00+00:00,20.559999465942383,20.59000015258789,20.559999465942383,20.59000015258789,11060,0.0,0.0,0.0
2026-03-02 04:40:00+00:00,20.559999465942383,20.559999465942383,20.549999237060547,20.549999237060547,20040,0.0,0.0,0.0
2026-03-02 04:45:00+00:00,20.59000015258789,20.59000015258789,20.59000015258789,20.59000015258789,3992,0.0,0.0,0.0
2026-03-02 04:50:00+00:00,20.559999465942383,20.559999465942383,20.549999237060547,20.559999465942383,14443,0.0,0.0,0.0
2026-03-02 04:55:00+00:00,20.56999969482422,20.56999969482422,20.56999969482422,20.56999969482422,10105,0.0,0.0,0.0
2026-03-02 05:00:00+00:00,20.56999969482422,20.579999923706055,20.56999969482422,20.579999923706055,27926,0.0,0.0,0.0
2026-03-02 05:05:00+00:00,20.59000015258789,20.59000015258789,20.549999237060547,20.549999237060547,65643,0.0,0.0,0.0
2026-03-02 05:10:00+00:00,20.549999237060547,20.549999237060547,20.540000915527344,20.540000915527344,92131,0.0,0.0,0.0
2026-03-02 05:15:00+00:00,20.540000915527344,20.540000915527344,20.530000686645508,20.530000686645508,14803,0.0,0.0,0.0
2026-03-02 05:20:00+00:00,20.530000686645508,20.530000686645508,20.520000457763672,20.530000686645508,33361,0.0,0.0,0.0
2026-03-03 01:00:00+00:00,20.540000915527344,20.540000915527344,20.450000762939453,20.450000762939453,0,0.0,0.0,0.0
2026-03-03 01:05:00+00:00,20.5,20.56999969482422,20.5,20.56999969482422,109832,0.0,0.0,0.0
2026-03-03 01:10:00+00:00,20.56999969482422,20.600000381469727,20.56999969482422,20.600000381469727,19533,0.0,0.0,0.0
2026-03-03 01:15:00+00:00,20.540000915527344,20.600000381469727,20.540000915527344,20.600000381469727,9890,0.0,0.0,0.0
2026-03-03 01:20:00+00:00,20.600000381469727,20.600000381469727,20.59000015258789,20.600000381469727,11301,0.0,0.0,0.0
2026-03-03 01:25:00+00:00,20.600000381469727,20.600000381469727,20.540000915527344,20.540000915527344,20703,0.0,0.0,0.0
2026-03-03 01:30:00+00:00,20.530000686645508,20.540000915527344,20.489999771118164,20.489999771118164,44580,0.0,0.0,0.0
2026-03-03 01:35:00+00:00,20.479999542236328,20.489999771118164,20.440000534057617,20.440000534057617,30635,0.0,0.0,0.0
2026-03-03 01:40:00+00:00,20.440000534057617,20.450000762939453,20.40999984741211,20.420000076293945,66138,0.0,0.0,0.0
2026-03-03 01:45:00+00:00,20.440000534057617,20.440000534057617,20.3700008392334,20.3700008392334,59005,0.0,0.0,0.0
2026-03-03 01:50:00+00:00,20.3799991607666,20.3799991607666,20.31999969482422,20.31999969482422,49376,0.0,0.0,0.0
2026-03-03 01:55:00+00:00,20.309999465942383,20.309999465942383,20.309999465942383,20.309999465942383,21147,0.0,0.0,0.0
2026-03-03 02:00:00+00:00,20.31999969482422,20.31999969482422,20.190000534057617,20.190000534057617,144904,0.0,0.0,0.0
2026-03-03 02:05:00+00:00,20.18000030517578,20.200000762939453,20.170000076293945,20.190000534057617,153046,0.0,0.0,0.0
2026-03-03 02:10:00+00:00,20.190000534057617,20.270000457763672,20.190000534057617,20.270000457763672,127974,0.0,0.0,0.0
2026-03-03 02:15:00+00:00,20.290000915527344,20.299999237060547,20.209999084472656,20.219999313354492,41358,0.0,0.0,0.0
2026-03-03 02:20:00+00:00,20.18000030517578,20.200000762939453,20.170000076293945,20.200000762939453,70437,0.0,0.0,0.0
2026-03-03 02:25:00+00:00,20.18000030517578,20.200000762939453,20.170000076293945,20.190000534057617,22560,0.0,0.0,0.0
2026-03-03 02:30:00+00:00,20.190000534057617,20.190000534057617,20.170000076293945,20.170000076293945,37639,0.0,0.0,0.0
2026-03-03 02:35:00+00:00,20.170000076293945,20.18000030517578,20.170000076293945,20.170000076293945,21062,0.0,0.0,0.0
2026-03-03 02:40:00+00:00,20.15999984741211,20.25,20.15999984741211,20.190000534057617,111859,0.0,0.0,0.0
2026-03-03 02:45:00+00:00,20.239999771118164,20.239999771118164,20.219999313354492,20.239999771118164,4725,0.0,0.0,0.0
2026-03-03 02:50:00+00:00,20.239999771118164,20.239999771118164,20.219999313354492,20.219999313354492,11804,0.0,0.0,0.0
2026-03-03 02:55:00+00:00,20.219999313354492,20.239999771118164,20.219999313354492,20.239999771118164,15997,0.0,0.0,0.0
2026-03-03 03:00:00+00:00,20.219999313354492,20.25,20.219999313354492,20.219999313354492,38197,0.0,0.0,0.0
2026-03-03 03:05:00+00:00,20.229999542236328,20.229999542236328,20.200000762939453,20.200000762939453,38008,0.0,0.0,0.0
2026-03-03 03:10:00+00:00,20.200000762939453,20.200000762939453,20.190000534057617,20.190000534057617,12023,0.0,0.0,0.0
2026-03-03 03:15:00+00:00,20.190000534057617,20.190000534057617,20.190000534057617,20.190000534057617,5068,0.0,0.0,0.0
2026-03-03 03:20:00+00:00,20.200000762939453,20.200000762939453,20.190000534057617,20.190000534057617,19574,0.0,0.0,0.0
2026-03-03 03:25:00+00:00,20.200000762939453,20.200000762939453,20.15999984741211,20.15999984741211,92066,0.0,0.0,0.0
2026-03-03 03:30:00+00:00,20.18000030517578,20.18000030517578,20.149999618530273,20.15999984741211,32404,0.0,0.0,0.0
2026-03-03 03:35:00+00:00,20.170000076293945,20.209999084472656,20.170000076293945,20.209999084472656,20253,0.0,0.0,0.0
2026-03-03 03:40:00+00:00,20.209999084472656,20.219999313354492,20.209999084472656,20.219999313354492,16728,0.0,0.0,0.0
2026-03-03 03:45:00+00:00,20.219999313354492,20.229999542236328,20.190000534057617,20.190000534057617,12123,0.0,0.0,0.0
2026-03-03 03:50:00+00:00,20.190000534057617,20.190000534057617,20.18000030517578,20.18000030517578,9646,0.0,0.0,0.0
2026-03-03 03:55:00+00:00,20.18000030517578,20.18000030517578,20.18000030517578,20.18000030517578,3690,0.0,0.0,0.0
2026-03-03 04:00:00+00:00,20.18000030517578,20.200000762939453,20.18000030517578,20.190000534057617,33161,0.0,0.0,0.0
2026-03-03 04:05:00+00:00,20.190000534057617,20.190000534057617,20.15999984741211,20.15999984741211,13517,0.0,0.0,0.0
2026-03-03 04:10:00+00:00,20.15999984741211,20.15999984741211,20.149999618530273,20.149999618530273,36959,0.0,0.0,0.0
2026-03-03 04:15:00+00:00,20.149999618530273,20.149999618530273,20.139999389648438,20.139999389648438,73913,0.0,0.0,0.0
2026-03-03 04:20:00+00:00,20.139999389648438,20.15999984741211,20.139999389648438,20.149999618530273,27438,0.0,0.0,0.0
2026-03-03 04:25:00+00:00,20.149999618530273,20.149999618530273,20.1299991607666,20.139999389648438,51655,0.0,0.0,0.0
2026-03-03 04:30:00+00:00,20.139999389648438,20.139999389648438,20.1200008392334,20.1200008392334,28356,0.0,0.0,0.0
2026-03-03 04:35:00+00:00,20.110000610351562,20.110000610351562,20.100000381469727,20.110000610351562,52511,0.0,0.0,0.0
2026-03-03 04:40:00+00:00,20.100000381469727,20.100000381469727,20.09000015258789,20.100000381469727,94782,0.0,0.0,0.0
2026-03-03 04:45:00+00:00,20.1200008392334,20.1200008392334,20.110000610351562,20.110000610351562,7150,0.0,0.0,0.0
2026-03-03 04:50:00+00:00,20.110000610351562,20.110000610351562,20.06999969482422,20.06999969482422,111524,0.0,0.0,0.0
2026-03-03 04:55:00+00:00,20.079999923706055,20.09000015258789,20.079999923706055,20.09000015258789,4343,0.0,0.0,0.0
2026-03-03 05:00:00+00:00,20.09000015258789,20.100000381469727,20.09000015258789,20.100000381469727,21250,0.0,0.0,0.0
2026-03-03 05:05:00+00:00,20.100000381469727,20.100000381469727,20.09000015258789,20.09000015258789,18470,0.0,0.0,0.0
2026-03-03 05:10:00+00:00,20.09000015258789,20.09000015258789,20.079999923706055,20.079999923706055,17355,0.0,0.0,0.0
2026-03-03 05:15:00+00:00,20.09000015258789,20.09000015258789,20.079999923706055,20.079999923706055,24994,0.0,0.0,0.0
2026-03-03 05:20:00+00:00,20.079999923706055,20.079999923706055,20.06999969482422,20.079999923706055,50305,0.0,0.0,0.0
2026-03-04 01:00:00+00:00,19.56999969482422,19.6299991607666,19.56999969482422,19.600000381469727,0,0.0,0.0,0.0
2026-03-04 01:05:00+00:00,19.600000381469727,19.600000381469727,19.459999084472656,19.469999313354492,187000,0.0,0.0,0.0
2026-03-04 01:10:00+00:00,19.469999313354492,19.5,19.420000076293945,19.420000076293945,232843,0.0,0.0,0.0
2026-03-04 01:15:00+00:00,19.40999984741211,19.420000076293945,19.299999237060547,19.299999237060547,199160,0.0,0.0,0.0
2026-03-04 01:20:00+00:00,19.309999465942383,19.309999465942383,19.18000030517578,19.219999313354492,206443,0.0,0.0,0.0
2026-03-04 01:25:00+00:00,19.209999084472656,19.25,19.200000762939453,19.25,186970,0.0,0.0,0.0
2026-03-04 01:30:00+00:00,19.280000686645508,19.31999969482422,19.229999542236328,19.31999969482422,71615,0.0,0.0,0.0
2026-03-04 01:35:00+00:00,19.329999923706055,19.489999771118164,19.329999923706055,19.489999771118164,68368,0.0,0.0,0.0
2026-03-04 01:40:00+00:00,19.489999771118164,19.5,19.479999542236328,19.5,30462,0.0,0.0,0.0
2026-03-04 01:45:00+00:00,19.510000228881836,19.510000228881836,19.440000534057617,19.440000534057617,150485,0.0,0.0,0.0
2026-03-04 01:50:00+00:00,19.440000534057617,19.459999084472656,19.40999984741211,19.43000030517578,93189,0.0,0.0,0.0
2026-03-04 01:55:00+00:00,19.40999984741211,19.43000030517578,19.399999618530273,19.43000030517578,50359,0.0,0.0,0.0
2026-03-04 02:00:00+00:00,19.420000076293945,19.43000030517578,19.389999389648438,19.420000076293945,134403,0.0,0.0,0.0
2026-03-04 02:05:00+00:00,19.420000076293945,19.420000076293945,19.3799991607666,19.3799991607666,167954,0.0,0.0,0.0
2026-03-04 02:10:00+00:00,19.389999389648438,19.40999984741211,19.360000610351562,19.3700008392334,31995,0.0,0.0,0.0
2026-03-04 02:15:00+00:00,19.350000381469727,19.350000381469727,19.31999969482422,19.31999969482422,34374,0.0,0.0,0.0
2026-03-04 02:20:00+00:00,19.329999923706055,19.34000015258789,19.31999969482422,19.31999969482422,132719,0.0,0.0,0.0
2026-03-04 02:25:00+00:00,19.309999465942383,19.309999465942383,19.270000457763672,19.270000457763672,76946,0.0,0.0,0.0
2026-03-04 02:30:00+00:00,19.290000915527344,19.299999237060547,19.260000228881836,19.290000915527344,86581,0.0,0.0,0.0
2026-03-04 02:35:00+00:00,19.290000915527344,19.290000915527344,19.270000457763672,19.270000457763672,45830,0.0,0.0,0.0
2026-03-04 02:40:00+00:00,19.260000228881836,19.280000686645508,19.260000228881836,19.280000686645508,22797,0.0,0.0,0.0
2026-03-04 02:45:00+00:00,19.280000686645508,19.350000381469727,19.280000686645508,19.350000381469727,75274,0.0,0.0,0.0
2026-03-04 02:50:00+00:00,19.350000381469727,19.389999389648438,19.34000015258789,19.34000015258789,49718,0.0,0.0,0.0
2026-03-04 02:55:00+00:00,19.34000015258789,19.34000015258789,19.329999923706055,19.34000015258789,41356,0.0,0.0,0.0
2026-03-04 03:00:00+00:00,19.329999923706055,19.329999923706055,19.280000686645508,19.280000686645508,57273,0.0,0.0,0.0
2026-03-04 03:05:00+00:00,19.290000915527344,19.299999237060547,19.25,19.299999237060547,41689,0.0,0.0,0.0
2026-03-04 03:10:00+00:00,19.299999237060547,19.299999237060547,19.290000915527344,19.290000915527344,10392,0.0,0.0,0.0
2026-03-04 03:15:00+00:00,19.290000915527344,19.290000915527344,19.270000457763672,19.290000915527344,14225,0.0,0.0,0.0
2026-03-04 03:20:00+00:00,19.290000915527344,19.299999237060547,19.280000686645508,19.299999237060547,32077,0.0,0.0,0.0
2026-03-04 03:25:00+00:00,19.290000915527344,19.290000915527344,19.260000228881836,19.260000228881836,27969,0.0,0.0,0.0
2026-03-04 03:30:00+00:00,19.260000228881836,19.260000228881836,19.229999542236328,19.229999542236328,126304,0.0,0.0,0.0
2026-03-04 03:35:00+00:00,19.229999542236328,19.239999771118164,19.219999313354492,19.229999542236328,9802,0.0,0.0,0.0
2026-03-04 03:40:00+00:00,19.239999771118164,19.239999771118164,19.239999771118164,19.239999771118164,1650,0.0,0.0,0.0
2026-03-04 03:45:00+00:00,19.239999771118164,19.239999771118164,19.239999771118164,19.239999771118164,18181,0.0,0.0,0.0
2026-03-04 03:50:00+00:00,19.229999542236328,19.239999771118164,19.229999542236328,19.229999542236328,28408,0.0,0.0,0.0
2026-03-04 03:55:00+00:00,19.239999771118164,19.25,19.239999771118164,19.25,67612,0.0,0.0,0.0
2026-03-04 04:00:00+00:00,19.25,19.25,19.25,19.25,11794,0.0,0.0,0.0
2026-03-04 04:05:00+00:00,19.25,19.280000686645508,19.25,19.280000686645508,35382,0.0,0.0,0.0
2026-03-04 04:10:00+00:00,19.280000686645508,19.280000686645508,19.270000457763672,19.270000457763672,9266,0.0,0.0,0.0
2026-03-04 04:15:00+00:00,19.270000457763672,19.270000457763672,19.25,19.25,28255,0.0,0.0,0.0
2026-03-04 04:20:00+00:00,19.270000457763672,19.270000457763672,19.25,19.25,44821,0.0,0.0,0.0
2026-03-04 04:25:00+00:00,19.25,19.260000228881836,19.229999542236328,19.229999542236328,26168,0.0,0.0,0.0
2026-03-04 04:30:00+00:00,19.239999771118164,19.239999771118164,19.209999084472656,19.209999084472656,78735,0.0,0.0,0.0
2026-03-04 04:35:00+00:00,19.209999084472656,19.209999084472656,19.149999618530273,19.149999618530273,264157,0.0,0.0,0.0
2026-03-04 04:40:00+00:00,19.149999618530273,19.15999984741211,19.100000381469727,19.15999984741211,49180,0.0,0.0,0.0
2026-03-04 04:45:00+00:00,19.15999984741211,19.15999984741211,19.139999389648438,19.139999389648438,31665,0.0,0.0,0.0
2026-03-04 04:50:00+00:00,19.149999618530273,19.149999618530273,19.1299991607666,19.1299991607666,63808,0.0,0.0,0.0
2026-03-04 04:55:00+00:00,19.1299991607666,19.190000534057617,19.1299991607666,19.190000534057617,175226,0.0,0.0,0.0
2026-03-04 05:00:00+00:00,19.200000762939453,19.200000762939453,19.190000534057617,19.200000762939453,50434,0.0,0.0,0.0
2026-03-04 05:05:00+00:00,19.190000534057617,19.190000534057617,19.170000076293945,19.170000076293945,46704,0.0,0.0,0.0
2026-03-04 05:10:00+00:00,19.170000076293945,19.170000076293945,19.149999618530273,19.15999984741211,32015,0.0,0.0,0.0
2026-03-04 05:15:00+00:00,19.15999984741211,19.170000076293945,19.149999618530273,19.170000076293945,79281,0.0,0.0,0.0
2026-03-04 05:20:00+00:00,19.15999984741211,19.170000076293945,19.15999984741211,19.15999984741211,38805,0.0,0.0,0.0
2026-03-05 01:00:00+00:00,19.56999969482422,19.860000610351562,19.56999969482422,19.860000610351562,0,0.0,0.0,0.0
2026-03-05 01:05:00+00:00,19.809999465942383,19.90999984741211,19.809999465942383,19.860000610351562,34863,0.0,0.0,0.0
2026-03-05 01:10:00+00:00,19.8700008392334,19.969999313354492,19.8700008392334,19.969999313354492,138817,0.0,0.0,0.0
2026-03-05 01:15:00+00:00,19.940000534057617,19.950000762939453,19.90999984741211,19.920000076293945,82830,0.0,0.0,0.0
2026-03-05 01:20:00+00:00,19.920000076293945,19.93000030517578,19.90999984741211,19.90999984741211,31574,0.0,0.0,0.0
2026-03-05 01:25:00+00:00,19.90999984741211,19.90999984741211,19.899999618530273,19.899999618530273,25420,0.0,0.0,0.0
2026-03-05 01:30:00+00:00,19.899999618530273,19.90999984741211,19.889999389648438,19.889999389648438,12168,0.0,0.0,0.0
2026-03-05 01:35:00+00:00,19.90999984741211,19.920000076293945,19.90999984741211,19.90999984741211,13156,0.0,0.0,0.0
2026-03-05 01:40:00+00:00,19.920000076293945,19.920000076293945,19.84000015258789,19.84000015258789,52730,0.0,0.0,0.0
2026-03-05 01:45:00+00:00,19.81999969482422,19.81999969482422,19.780000686645508,19.780000686645508,33148,0.0,0.0,0.0
2026-03-05 01:50:00+00:00,19.780000686645508,19.799999237060547,19.700000762939453,19.700000762939453,28059,0.0,0.0,0.0
2026-03-05 01:55:00+00:00,19.700000762939453,19.700000762939453,19.6200008392334,19.670000076293945,28818,0.0,0.0,0.0
2026-03-05 02:00:00+00:00,19.6200008392334,19.670000076293945,19.59000015258789,19.6299991607666,70870,0.0,0.0,0.0
2026-03-05 02:05:00+00:00,19.6299991607666,19.6299991607666,19.600000381469727,19.610000610351562,38793,0.0,0.0,0.0
2026-03-05 02:10:00+00:00,19.610000610351562,19.6299991607666,19.600000381469727,19.6299991607666,26320,0.0,0.0,0.0
2026-03-05 02:15:00+00:00,19.6299991607666,19.6299991607666,19.6200008392334,19.6299991607666,59066,0.0,0.0,0.0
2026-03-05 02:20:00+00:00,19.639999389648438,19.639999389648438,19.6200008392334,19.6200008392334,39041,0.0,0.0,0.0
2026-03-05 02:25:00+00:00,19.6200008392334,19.6200008392334,19.579999923706055,19.579999923706055,8419,0.0,0.0,0.0
2026-03-05 02:30:00+00:00,19.56999969482422,19.56999969482422,19.5,19.5,42903,0.0,0.0,0.0
2026-03-05 02:35:00+00:00,19.489999771118164,19.6200008392334,19.489999771118164,19.6200008392334,26711,0.0,0.0,0.0
2026-03-05 02:40:00+00:00,19.639999389648438,19.639999389648438,19.600000381469727,19.600000381469727,7457,0.0,0.0,0.0
2026-03-05 02:45:00+00:00,19.649999618530273,19.700000762939453,19.610000610351562,19.700000762939453,70622,0.0,0.0,0.0
2026-03-05 02:50:00+00:00,19.719999313354492,19.729999542236328,19.719999313354492,19.729999542236328,10680,0.0,0.0,0.0
2026-03-05 02:55:00+00:00,19.719999313354492,19.729999542236328,19.700000762939453,19.700000762939453,22161,0.0,0.0,0.0
2026-03-05 03:00:00+00:00,19.700000762939453,19.700000762939453,19.68000030517578,19.68000030517578,8091,0.0,0.0,0.0
2026-03-05 03:05:00+00:00,19.670000076293945,19.68000030517578,19.670000076293945,19.68000030517578,9749,0.0,0.0,0.0
2026-03-05 03:10:00+00:00,19.68000030517578,19.68000030517578,19.670000076293945,19.670000076293945,39166,0.0,0.0,0.0
2026-03-05 03:15:00+00:00,19.68000030517578,19.68000030517578,19.68000030517578,19.68000030517578,4046,0.0,0.0,0.0
2026-03-05 03:20:00+00:00,19.68000030517578,19.68000030517578,19.670000076293945,19.670000076293945,8031,0.0,0.0,0.0
2026-03-05 03:25:00+00:00,19.670000076293945,19.670000076293945,19.65999984741211,19.65999984741211,122033,0.0,0.0,0.0
2026-03-05 03:30:00+00:00,19.670000076293945,19.670000076293945,19.610000610351562,19.6200008392334,102912,0.0,0.0,0.0
2026-03-05 03:35:00+00:00,19.600000381469727,19.600000381469727,19.579999923706055,19.600000381469727,20888,0.0,0.0,0.0
2026-03-05 03:40:00+00:00,19.610000610351562,19.610000610351562,19.600000381469727,19.600000381469727,3258,0.0,0.0,0.0
2026-03-05 03:45:00+00:00,19.59000015258789,19.59000015258789,19.59000015258789,19.59000015258789,1000,0.0,0.0,0.0
2026-03-05 03:50:00+00:00,19.579999923706055,19.579999923706055,19.559999465942383,19.559999465942383,34896,0.0,0.0,0.0
2026-03-05 03:55:00+00:00,19.559999465942383,19.559999465942383,19.549999237060547,19.559999465942383,13370,0.0,0.0,0.0
2026-03-05 04:00:00+00:00,19.559999465942383,19.559999465942383,19.520000457763672,19.520000457763672,24999,0.0,0.0,0.0
2026-03-05 04:05:00+00:00,19.520000457763672,19.540000915527344,19.520000457763672,19.540000915527344,14342,0.0,0.0,0.0
2026-03-05 04:10:00+00:00,19.520000457763672,19.520000457763672,19.520000457763672,19.520000457763672,6145,0.0,0.0,0.0
2026-03-05 04:15:00+00:00,19.530000686645508,19.540000915527344,19.530000686645508,19.540000915527344,17832,0.0,0.0,0.0
2026-03-05 04:20:00+00:00,19.540000915527344,19.59000015258789,19.540000915527344,19.59000015258789,42496,0.0,0.0,0.0
2026-03-05 04:30:00+00:00,19.59000015258789,19.610000610351562,19.59000015258789,19.610000610351562,28066,0.0,0.0,0.0
2026-03-05 04:35:00+00:00,19.610000610351562,19.6200008392334,19.610000610351562,19.6200008392334,8620,0.0,0.0,0.0
2026-03-05 04:40:00+00:00,19.639999389648438,19.639999389648438,19.639999389648438,19.639999389648438,12246,0.0,0.0,0.0
2026-03-05 04:45:00+00:00,19.649999618530273,19.65999984741211,19.649999618530273,19.65999984741211,32420,0.0,0.0,0.0
2026-03-05 04:55:00+00:00,19.649999618530273,19.649999618530273,19.649999618530273,19.649999618530273,2641,0.0,0.0,0.0
2026-03-05 05:00:00+00:00,19.670000076293945,19.670000076293945,19.65999984741211,19.65999984741211,3122,0.0,0.0,0.0
2026-03-05 05:05:00+00:00,19.65999984741211,19.65999984741211,19.649999618530273,19.649999618530273,7120,0.0,0.0,0.0
2026-03-05 05:10:00+00:00,19.639999389648438,19.639999389648438,19.6200008392334,19.6200008392334,54786,0.0,0.0,0.0
2026-03-05 05:15:00+00:00,19.649999618530273,19.649999618530273,19.6200008392334,19.6200008392334,11376,0.0,0.0,0.0
2026-03-05 05:20:00+00:00,19.6200008392334,19.649999618530273,19.6200008392334,19.639999389648438,55267,0.0,0.0,0.0
2026-03-06 01:00:00+00:00,19.559999465942383,19.559999465942383,19.399999618530273,19.40999984741211,0,0.0,0.0,0.0
2026-03-06 01:05:00+00:00,19.489999771118164,19.510000228881836,19.489999771118164,19.510000228881836,11000,0.0,0.0,0.0
2026-03-06 01:10:00+00:00,19.549999237060547,19.549999237060547,19.540000915527344,19.540000915527344,75921,0.0,0.0,0.0
2026-03-06 01:15:00+00:00,19.549999237060547,19.549999237060547,19.540000915527344,19.540000915527344,52407,0.0,0.0,0.0
2026-03-06 01:20:00+00:00,19.530000686645508,19.530000686645508,19.520000457763672,19.520000457763672,21377,0.0,0.0,0.0
2026-03-06 01:25:00+00:00,19.549999237060547,19.559999465942383,19.479999542236328,19.479999542236328,29615,0.0,0.0,0.0
2026-03-06 01:30:00+00:00,19.530000686645508,19.540000915527344,19.5,19.5,8598,0.0,0.0,0.0
2026-03-06 01:35:00+00:00,19.530000686645508,19.540000915527344,19.530000686645508,19.540000915527344,16749,0.0,0.0,0.0
2026-03-06 01:40:00+00:00,19.540000915527344,19.549999237060547,19.540000915527344,19.549999237060547,13235,0.0,0.0,0.0
2026-03-06 01:45:00+00:00,19.559999465942383,19.559999465942383,19.530000686645508,19.530000686645508,6148,0.0,0.0,0.0
2026-03-06 01:50:00+00:00,19.559999465942383,19.600000381469727,19.559999465942383,19.600000381469727,26890,0.0,0.0,0.0
2026-03-06 01:55:00+00:00,19.600000381469727,19.639999389648438,19.56999969482422,19.600000381469727,52651,0.0,0.0,0.0
2026-03-06 02:00:00+00:00,19.639999389648438,19.639999389648438,19.639999389648438,19.639999389648438,9444,0.0,0.0,0.0
2026-03-06 02:05:00+00:00,19.639999389648438,19.649999618530273,19.639999389648438,19.649999618530273,10027,0.0,0.0,0.0
2026-03-06 02:10:00+00:00,19.649999618530273,19.65999984741211,19.649999618530273,19.65999984741211,8217,0.0,0.0,0.0
2026-03-06 02:15:00+00:00,19.700000762939453,19.700000762939453,19.700000762939453,19.700000762939453,5641,0.0,0.0,0.0
2026-03-06 02:20:00+00:00,19.700000762939453,19.719999313354492,19.700000762939453,19.719999313354492,8216,0.0,0.0,0.0
2026-03-06 02:25:00+00:00,19.719999313354492,19.729999542236328,19.719999313354492,19.719999313354492,10762,0.0,0.0,0.0
2026-03-06 02:30:00+00:00,19.729999542236328,19.760000228881836,19.719999313354492,19.739999771118164,17245,0.0,0.0,0.0
2026-03-06 02:35:00+00:00,19.709999084472656,19.709999084472656,19.700000762939453,19.700000762939453,9460,0.0,0.0,0.0
2026-03-06 02:40:00+00:00,19.700000762939453,19.700000762939453,19.68000030517578,19.68000030517578,7633,0.0,0.0,0.0
2026-03-06 02:45:00+00:00,19.700000762939453,19.700000762939453,19.65999984741211,19.690000534057617,9147,0.0,0.0,0.0
2026-03-06 02:50:00+00:00,19.68000030517578,19.68000030517578,19.6299991607666,19.6299991607666,16460,0.0,0.0,0.0
2026-03-06 02:55:00+00:00,19.639999389648438,19.639999389648438,19.639999389648438,19.639999389648438,8411,0.0,0.0,0.0
2026-03-06 03:00:00+00:00,19.639999389648438,19.639999389648438,19.639999389648438,19.639999389648438,3604,0.0,0.0,0.0
2026-03-06 03:05:00+00:00,19.639999389648438,19.649999618530273,19.639999389648438,19.649999618530273,19333,0.0,0.0,0.0
2026-03-06 03:10:00+00:00,19.649999618530273,19.649999618530273,19.6299991607666,19.6299991607666,19015,0.0,0.0,0.0
2026-03-06 03:15:00+00:00,19.6299991607666,19.6299991607666,19.6200008392334,19.6200008392334,3353,0.0,0.0,0.0
2026-03-06 03:20:00+00:00,19.6200008392334,19.6200008392334,19.600000381469727,19.600000381469727,19232,0.0,0.0,0.0
2026-03-06 03:25:00+00:00,19.600000381469727,19.600000381469727,19.600000381469727,19.600000381469727,8277,0.0,0.0,0.0
2026-03-06 03:30:00+00:00,19.600000381469727,19.600000381469727,19.59000015258789,19.59000015258789,6897,0.0,0.0,0.0
2026-03-06 03:35:00+00:00,19.579999923706055,19.579999923706055,19.559999465942383,19.559999465942383,13321,0.0,0.0,0.0
2026-03-06 03:40:00+00:00,19.559999465942383,19.559999465942383,19.549999237060547,19.559999465942383,20027,0.0,0.0,0.0
2026-03-06 03:45:00+00:00,19.56999969482422,19.579999923706055,19.56999969482422,19.579999923706055,3116,0.0,0.0,0.0
2026-03-06 03:50:00+00:00,19.600000381469727,19.600000381469727,19.600000381469727,19.600000381469727,2117,0.0,0.0,0.0
2026-03-06 03:55:00+00:00,19.600000381469727,19.600000381469727,19.600000381469727,19.600000381469727,25533,0.0,0.0,0.0
2026-03-06 04:00:00+00:00,19.6200008392334,19.6299991607666,19.6200008392334,19.6299991607666,4279,0.0,0.0,0.0
2026-03-06 04:05:00+00:00,19.6299991607666,19.639999389648438,19.6299991607666,19.639999389648438,5015,0.0,0.0,0.0
2026-03-06 04:10:00+00:00,19.639999389648438,19.649999618530273,19.639999389648438,19.649999618530273,22138,0.0,0.0,0.0
2026-03-06 04:15:00+00:00,19.649999618530273,19.649999618530273,19.6299991607666,19.639999389648438,18828,0.0,0.0,0.0
2026-03-06 04:20:00+00:00,19.6299991607666,19.639999389648438,19.610000610351562,19.6299991607666,55408,0.0,0.0,0.0
2026-03-06 04:25:00+00:00,19.6200008392334,19.6200008392334,19.600000381469727,19.610000610351562,43544,0.0,0.0,0.0
2026-03-06 04:30:00+00:00,19.610000610351562,19.610000610351562,19.600000381469727,19.610000610351562,7475,0.0,0.0,0.0
2026-03-06 04:35:00+00:00,19.610000610351562,19.610000610351562,19.600000381469727,19.600000381469727,3010,0.0,0.0,0.0
2026-03-06 04:40:00+00:00,19.610000610351562,19.610000610351562,19.610000610351562,19.610000610351562,4320,0.0,0.0,0.0
2026-03-06 04:45:00+00:00,19.610000610351562,19.610000610351562,19.600000381469727,19.610000610351562,16388,0.0,0.0,0.0
2026-03-06 04:50:00+00:00,19.610000610351562,19.610000610351562,19.600000381469727,19.600000381469727,4876,0.0,0.0,0.0
2026-03-06 04:55:00+00:00,19.600000381469727,19.600000381469727,19.600000381469727,19.600000381469727,30623,0.0,0.0,0.0
2026-03-06 05:00:00+00:00,19.600000381469727,19.600000381469727,19.600000381469727,19.600000381469727,14977,0.0,0.0,0.0
2026-03-06 05:10:00+00:00,19.600000381469727,19.600000381469727,19.600000381469727,19.600000381469727,24170,0.0,0.0,0.0
2026-03-06 05:15:00+00:00,19.610000610351562,19.610000610351562,19.610000610351562,19.610000610351562,3533,0.0,0.0,0.0
2026-03-06 05:20:00+00:00,19.610000610351562,19.610000610351562,19.610000610351562,19.610000610351562,5110,0.0,0.0,0.0
2026-03-09 01:00:00+00:00,18.719999313354492,18.790000915527344,18.360000610351562,18.5,0,0.0,0.0,0.0
2026-03-09 01:05:00+00:00,18.479999542236328,18.530000686645508,18.459999084472656,18.5,317377,0.0,0.0,0.0
2026-03-09 01:10:00+00:00,18.5,18.549999237060547,18.459999084472656,18.540000915527344,620402,0.0,0.0,0.0
2026-03-09 01:15:00+00:00,18.540000915527344,18.579999923706055,18.540000915527344,18.56999969482422,109528,0.0,0.0,0.0
2026-03-09 01:20:00+00:00,18.56999969482422,18.56999969482422,18.5,18.549999237060547,118033,0.0,0.0,0.0
2026-03-09 01:25:00+00:00,18.549999237060547,18.549999237060547,18.489999771118164,18.489999771118164,133501,0.0,0.0,0.0
2026-03-09 01:30:00+00:00,18.479999542236328,18.5,18.469999313354492,18.479999542236328,61467,0.0,0.0,0.0
2026-03-09 01:35:00+00:00,18.489999771118164,18.5,18.479999542236328,18.5,47147,0.0,0.0,0.0
2026-03-09 01:40:00+00:00,18.469999313354492,18.489999771118164,18.469999313354492,18.489999771118164,30584,0.0,0.0,0.0
2026-03-09 01:45:00+00:00,18.5,18.5,18.450000762939453,18.450000762939453,135444,0.0,0.0,0.0
2026-03-09 01:50:00+00:00,18.479999542236328,18.479999542236328,18.420000076293945,18.420000076293945,158433,0.0,0.0,0.0
2026-03-09 01:55:00+00:00,18.450000762939453,18.469999313354492,18.440000534057617,18.450000762939453,132965,0.0,0.0,0.0
2026-03-09 02:00:00+00:00,18.459999084472656,18.479999542236328,18.440000534057617,18.440000534057617,116090,0.0,0.0,0.0
2026-03-09 02:05:00+00:00,18.43000030517578,18.489999771118164,18.420000076293945,18.489999771118164,57831,0.0,0.0,0.0
2026-03-09 02:10:00+00:00,18.489999771118164,18.5,18.469999313354492,18.5,92507,0.0,0.0,0.0
2026-03-09 02:15:00+00:00,18.5,18.5,18.450000762939453,18.459999084472656,60258,0.0,0.0,0.0
2026-03-09 02:20:00+00:00,18.469999313354492,18.469999313354492,18.459999084472656,18.469999313354492,26061,0.0,0.0,0.0
2026-03-09 02:25:00+00:00,18.459999084472656,18.459999084472656,18.440000534057617,18.440000534057617,40944,0.0,0.0,0.0
2026-03-09 02:30:00+00:00,18.469999313354492,18.469999313354492,18.450000762939453,18.450000762939453,55360,0.0,0.0,0.0
2026-03-09 02:35:00+00:00,18.450000762939453,18.489999771118164,18.450000762939453,18.489999771118164,136518,0.0,0.0,0.0
2026-03-09 02:40:00+00:00,18.489999771118164,18.510000228881836,18.489999771118164,18.5,36502,0.0,0.0,0.0
2026-03-09 02:45:00+00:00,18.489999771118164,18.510000228881836,18.489999771118164,18.510000228881836,53157,0.0,0.0,0.0
2026-03-09 02:50:00+00:00,18.520000457763672,18.520000457763672,18.510000228881836,18.520000457763672,23911,0.0,0.0,0.0
2026-03-09 02:55:00+00:00,18.540000915527344,18.59000015258789,18.540000915527344,18.56999969482422,37211,0.0,0.0,0.0
2026-03-09 03:00:00+00:00,18.59000015258789,18.59000015258789,18.549999237060547,18.549999237060547,18488,0.0,0.0,0.0
2026-03-09 03:05:00+00:00,18.549999237060547,18.56999969482422,18.549999237060547,18.559999465942383,12391,0.0,0.0,0.0
2026-03-09 03:10:00+00:00,18.579999923706055,18.579999923706055,18.559999465942383,18.579999923706055,8444,0.0,0.0,0.0
2026-03-09 03:15:00+00:00,18.579999923706055,18.6200008392334,18.559999465942383,18.610000610351562,64929,0.0,0.0,0.0
2026-03-09 03:20:00+00:00,18.6299991607666,18.6299991607666,18.600000381469727,18.600000381469727,30373,0.0,0.0,0.0
2026-03-09 03:25:00+00:00,18.579999923706055,18.579999923706055,18.579999923706055,18.579999923706055,5029,0.0,0.0,0.0
2026-03-09 03:30:00+00:00,18.579999923706055,18.579999923706055,18.559999465942383,18.559999465942383,12684,0.0,0.0,0.0
2026-03-09 03:35:00+00:00,18.559999465942383,18.579999923706055,18.559999465942383,18.56999969482422,8948,0.0,0.0,0.0
2026-03-09 03:40:00+00:00,18.56999969482422,18.56999969482422,18.540000915527344,18.540000915527344,37107,0.0,0.0,0.0
2026-03-09 03:45:00+00:00,18.549999237060547,18.549999237060547,18.510000228881836,18.540000915527344,41219,0.0,0.0,0.0
2026-03-09 03:50:00+00:00,18.540000915527344,18.549999237060547,18.520000457763672,18.520000457763672,13478,0.0,0.0,0.0
2026-03-09 03:55:00+00:00,18.549999237060547,18.549999237060547,18.549999237060547,18.549999237060547,2632,0.0,0.0,0.0
2026-03-09 04:00:00+00:00,18.549999237060547,18.549999237060547,18.549999237060547,18.549999237060547,12815,0.0,0.0,0.0
2026-03-09 04:05:00+00:00,18.559999465942383,18.59000015258789,18.549999237060547,18.59000015258789,36978,0.0,0.0,0.0
2026-03-09 04:10:00+00:00,18.59000015258789,18.59000015258789,18.56999969482422,18.56999969482422,20586,0.0,0.0,0.0
2026-03-09 04:15:00+00:00,18.559999465942383,18.579999923706055,18.559999465942383,18.579999923706055,6606,0.0,0.0,0.0
2026-03-09 04:20:00+00:00,18.579999923706055,18.600000381469727,18.579999923706055,18.600000381469727,18307,0.0,0.0,0.0
2026-03-09 04:25:00+00:00,18.600000381469727,18.600000381469727,18.600000381469727,18.600000381469727,20400,0.0,0.0,0.0
2026-03-09 04:30:00+00:00,18.610000610351562,18.610000610351562,18.59000015258789,18.600000381469727,13677,0.0,0.0,0.0
2026-03-09 04:35:00+00:00,18.59000015258789,18.600000381469727,18.59000015258789,18.600000381469727,37423,0.0,0.0,0.0
2026-03-09 04:40:00+00:00,18.610000610351562,18.610000610351562,18.559999465942383,18.559999465942383,48751,0.0,0.0,0.0
2026-03-09 04:45:00+00:00,18.559999465942383,18.579999923706055,18.559999465942383,18.559999465942383,32485,0.0,0.0,0.0
2026-03-09 04:50:00+00:00,18.559999465942383,18.559999465942383,18.540000915527344,18.540000915527344,141926,0.0,0.0,0.0
2026-03-09 04:55:00+00:00,18.549999237060547,18.579999923706055,18.540000915527344,18.579999923706055,28333,0.0,0.0,0.0
2026-03-09 05:00:00+00:00,18.56999969482422,18.579999923706055,18.549999237060547,18.579999923706055,17257,0.0,0.0,0.0
2026-03-09 05:05:00+00:00,18.59000015258789,18.610000610351562,18.579999923706055,18.600000381469727,36339,0.0,0.0,0.0
2026-03-09 05:10:00+00:00,18.6200008392334,18.6200008392334,18.6200008392334,18.6200008392334,20669,0.0,0.0,0.0
2026-03-09 05:15:00+00:00,18.6200008392334,18.6200008392334,18.600000381469727,18.610000610351562,29932,0.0,0.0,0.0
2026-03-09 05:20:00+00:00,18.610000610351562,18.670000076293945,18.610000610351562,18.649999618530273,206583,0.0,0.0,0.0
2026-03-10 01:00:00+00:00,19.219999313354492,19.299999237060547,19.209999084472656,19.219999313354492,0,0.0,0.0,0.0
2026-03-10 01:05:00+00:00,19.219999313354492,19.25,19.219999313354492,19.25,82000,0.0,0.0,0.0
2026-03-10 01:10:00+00:00,19.260000228881836,19.350000381469727,19.25,19.350000381469727,97330,0.0,0.0,0.0
2026-03-10 01:15:00+00:00,19.350000381469727,19.350000381469727,19.299999237060547,19.299999237060547,76216,0.0,0.0,0.0
2026-03-10 01:20:00+00:00,19.299999237060547,19.34000015258789,19.299999237060547,19.34000015258789,15397,0.0,0.0,0.0
2026-03-10 01:25:00+00:00,19.329999923706055,19.34000015258789,19.31999969482422,19.31999969482422,17908,0.0,0.0,0.0
2026-03-10 01:30:00+00:00,19.31999969482422,19.34000015258789,19.270000457763672,19.299999237060547,40355,0.0,0.0,0.0
2026-03-10 01:35:00+00:00,19.299999237060547,19.31999969482422,19.270000457763672,19.270000457763672,248428,0.0,0.0,0.0
2026-03-10 01:40:00+00:00,19.280000686645508,19.299999237060547,19.280000686645508,19.299999237060547,41051,0.0,0.0,0.0
2026-03-10 01:45:00+00:00,19.299999237060547,19.329999923706055,19.290000915527344,19.329999923706055,32198,0.0,0.0,0.0
2026-03-10 01:50:00+00:00,19.34000015258789,19.3700008392334,19.34000015258789,19.3700008392334,81758,0.0,0.0,0.0
2026-03-10 01:55:00+00:00,19.360000610351562,19.3799991607666,19.360000610351562,19.3799991607666,7478,0.0,0.0,0.0
2026-03-10 02:00:00+00:00,19.3799991607666,19.399999618530273,19.3799991607666,19.399999618530273,11126,0.0,0.0,0.0
2026-03-10 02:05:00+00:00,19.3799991607666,19.3799991607666,19.3799991607666,19.3799991607666,1755,0.0,0.0,0.0
2026-03-10 02:10:00+00:00,19.3799991607666,19.3799991607666,19.360000610351562,19.360000610351562,5132,0.0,0.0,0.0
2026-03-10 02:15:00+00:00,19.3700008392334,19.3700008392334,19.360000610351562,19.3700008392334,3674,0.0,0.0,0.0
2026-03-10 02:20:00+00:00,19.350000381469727,19.3700008392334,19.329999923706055,19.3700008392334,7678,0.0,0.0,0.0
2026-03-10 02:25:00+00:00,19.3700008392334,19.3700008392334,19.350000381469727,19.3700008392334,11326,0.0,0.0,0.0
2026-03-10 02:30:00+00:00,19.34000015258789,19.34000015258789,19.329999923706055,19.34000015258789,104555,0.0,0.0,0.0
2026-03-10 02:35:00+00:00,19.34000015258789,19.34000015258789,19.34000015258789,19.34000015258789,29027,0.0,0.0,0.0
2026-03-10 02:40:00+00:00,19.34000015258789,19.34000015258789,19.31999969482422,19.31999969482422,24434,0.0,0.0,0.0
2026-03-10 02:45:00+00:00,19.350000381469727,19.350000381469727,19.299999237060547,19.299999237060547,265448,0.0,0.0,0.0
2026-03-10 02:50:00+00:00,19.299999237060547,19.299999237060547,19.25,19.25,10642,0.0,0.0,0.0
2026-03-10 02:55:00+00:00,19.229999542236328,19.229999542236328,19.200000762939453,19.209999084472656,32869,0.0,0.0,0.0
2026-03-10 03:00:00+00:00,19.190000534057617,19.200000762939453,19.190000534057617,19.200000762939453,3027,0.0,0.0,0.0
2026-03-10 03:05:00+00:00,19.209999084472656,19.209999084472656,19.15999984741211,19.15999984741211,114087,0.0,0.0,0.0
2026-03-10 03:10:00+00:00,19.149999618530273,19.149999618530273,19.149999618530273,19.149999618530273,9355,0.0,0.0,0.0
2026-03-10 03:15:00+00:00,19.139999389648438,19.139999389648438,19.1299991607666,19.1299991607666,4056,0.0,0.0,0.0
2026-03-10 03:20:00+00:00,19.139999389648438,19.139999389648438,19.139999389648438,19.139999389648438,3102,0.0,0.0,0.0
2026-03-10 03:25:00+00:00,19.139999389648438,19.139999389648438,19.100000381469727,19.100000381469727,15931,0.0,0.0,0.0
2026-03-10 03:30:00+00:00,19.100000381469727,19.100000381469727,19.06999969482422,19.06999969482422,9448,0.0,0.0,0.0
2026-03-10 03:35:00+00:00,19.06999969482422,19.06999969482422,19.049999237060547,19.06999969482422,10119,0.0,0.0,0.0
2026-03-10 03:40:00+00:00,19.030000686645508,19.030000686645508,19.010000228881836,19.030000686645508,7626,0.0,0.0,0.0
2026-03-10 03:45:00+00:00,19.0,19.0,18.940000534057617,18.969999313354492,79562,0.0,0.0,0.0
2026-03-10 03:50:00+00:00,18.950000762939453,19.010000228881836,18.950000762939453,19.010000228881836,33487,0.0,0.0,0.0
2026-03-10 03:55:00+00:00,19.010000228881836,19.010000228881836,18.979999542236328,18.979999542236328,6334,0.0,0.0,0.0
2026-03-10 04:00:00+00:00,18.989999771118164,18.989999771118164,18.979999542236328,18.979999542236328,5378,0.0,0.0,0.0
2026-03-10 04:05:00+00:00,18.989999771118164,19.0,18.989999771118164,19.0,32377,0.0,0.0,0.0
2026-03-10 04:10:00+00:00,19.0,19.0,19.0,19.0,1169,0.0,0.0,0.0
2026-03-10 04:15:00+00:00,19.0,19.020000457763672,19.0,19.020000457763672,10153,0.0,0.0,0.0
2026-03-10 04:20:00+00:00,19.020000457763672,19.06999969482422,19.020000457763672,19.06999969482422,30094,0.0,0.0,0.0
2026-03-10 04:25:00+00:00,19.09000015258789,19.100000381469727,19.09000015258789,19.100000381469727,3100,0.0,0.0,0.0
2026-03-10 04:30:00+00:00,19.100000381469727,19.100000381469727,19.09000015258789,19.09000015258789,5419,0.0,0.0,0.0
2026-03-10 04:35:00+00:00,19.079999923706055,19.079999923706055,19.059999465942383,19.079999923706055,15155,0.0,0.0,0.0
2026-03-10 04:40:00+00:00,19.100000381469727,19.100000381469727,19.100000381469727,19.100000381469727,7620,0.0,0.0,0.0
2026-03-10 04:45:00+00:00,19.09000015258789,19.09000015258789,19.09000015258789,19.09000015258789,4581,0.0,0.0,0.0
2026-03-10 04:50:00+00:00,19.06999969482422,19.06999969482422,19.06999969482422,19.06999969482422,190486,0.0,0.0,0.0
2026-03-10 04:55:00+00:00,19.06999969482422,19.079999923706055,19.06999969482422,19.079999923706055,7204,0.0,0.0,0.0
2026-03-10 05:00:00+00:00,19.079999923706055,19.139999389648438,19.079999923706055,19.139999389648438,70121,0.0,0.0,0.0
2026-03-10 05:05:00+00:00,19.139999389648438,19.149999618530273,19.139999389648438,19.139999389648438,8184,0.0,0.0,0.0
2026-03-10 05:15:00+00:00,19.139999389648438,19.139999389648438,19.1299991607666,19.1299991607666,10532,0.0,0.0,0.0
2026-03-10 05:20:00+00:00,19.1200008392334,19.1299991607666,19.1200008392334,19.1299991607666,3819,0.0,0.0,0.0
2026-03-11 01:00:00+00:00,19.450000762939453,19.5,19.450000762939453,19.5,0,0.0,0.0,0.0
2026-03-11 01:05:00+00:00,19.489999771118164,19.489999771118164,19.469999313354492,19.489999771118164,21379,0.0,0.0,0.0
2026-03-11 01:10:00+00:00,19.5,19.559999465942383,19.5,19.559999465942383,80256,0.0,0.0,0.0
2026-03-11 01:15:00+00:00,19.559999465942383,19.600000381469727,19.559999465942383,19.600000381469727,31393,0.0,0.0,0.0
2026-03-11 01:20:00+00:00,19.600000381469727,19.610000610351562,19.59000015258789,19.610000610351562,16173,0.0,0.0,0.0
2026-03-11 01:25:00+00:00,19.6200008392334,19.639999389648438,19.6200008392334,19.639999389648438,32919,0.0,0.0,0.0
2026-03-11 01:30:00+00:00,19.639999389648438,19.649999618530273,19.639999389648438,19.639999389648438,16410,0.0,0.0,0.0
2026-03-11 01:35:00+00:00,19.639999389648438,19.649999618530273,19.639999389648438,19.649999618530273,16346,0.0,0.0,0.0
2026-03-11 01:40:00+00:00,19.649999618530273,19.649999618530273,19.649999618530273,19.649999618530273,38528,0.0,0.0,0.0
2026-03-11 01:45:00+00:00,19.649999618530273,19.65999984741211,19.649999618530273,19.65999984741211,8112,0.0,0.0,0.0
2026-03-11 01:50:00+00:00,19.649999618530273,19.649999618530273,19.649999618530273,19.649999618530273,8037,0.0,0.0,0.0
2026-03-11 01:55:00+00:00,19.65999984741211,19.65999984741211,19.65999984741211,19.65999984741211,11482,0.0,0.0,0.0
2026-03-11 02:00:00+00:00,19.65999984741211,19.65999984741211,19.65999984741211,19.65999984741211,2451,0.0,0.0,0.0
2026-03-11 02:05:00+00:00,19.649999618530273,19.65999984741211,19.649999618530273,19.649999618530273,13157,0.0,0.0,0.0
2026-03-11 02:10:00+00:00,19.65999984741211,19.65999984741211,19.639999389648438,19.639999389648438,13678,0.0,0.0,0.0
2026-03-11 02:15:00+00:00,19.649999618530273,19.719999313354492,19.649999618530273,19.719999313354492,139201,0.0,0.0,0.0
2026-03-11 02:20:00+00:00,19.729999542236328,19.729999542236328,19.729999542236328,19.729999542236328,9731,0.0,0.0,0.0
2026-03-11 02:25:00+00:00,19.739999771118164,19.739999771118164,19.739999771118164,19.739999771118164,3516,0.0,0.0,0.0
2026-03-11 02:30:00+00:00,19.75,19.75,19.739999771118164,19.739999771118164,14072,0.0,0.0,0.0
2026-03-11 02:35:00+00:00,19.739999771118164,19.739999771118164,19.729999542236328,19.729999542236328,12345,0.0,0.0,0.0
2026-03-11 02:40:00+00:00,19.729999542236328,19.739999771118164,19.729999542236328,19.739999771118164,16123,0.0,0.0,0.0
2026-03-11 02:45:00+00:00,19.75,19.75,19.739999771118164,19.75,69778,0.0,0.0,0.0
2026-03-11 02:50:00+00:00,19.770000457763672,19.790000915527344,19.770000457763672,19.790000915527344,5597,0.0,0.0,0.0
2026-03-11 02:55:00+00:00,19.790000915527344,19.799999237060547,19.790000915527344,19.799999237060547,17172,0.0,0.0,0.0
2026-03-11 03:00:00+00:00,19.799999237060547,19.829999923706055,19.799999237060547,19.829999923706055,45126,0.0,0.0,0.0
2026-03-11 03:05:00+00:00,19.84000015258789,19.84000015258789,19.84000015258789,19.84000015258789,7799,0.0,0.0,0.0
2026-03-11 03:10:00+00:00,19.850000381469727,19.850000381469727,19.84000015258789,19.84000015258789,6074,0.0,0.0,0.0
2026-03-11 03:15:00+00:00,19.850000381469727,19.850000381469727,19.850000381469727,19.850000381469727,424305,0.0,0.0,0.0
2026-03-11 03:25:00+00:00,19.84000015258789,19.84000015258789,19.829999923706055,19.829999923706055,23147,0.0,0.0,0.0
2026-03-11 03:30:00+00:00,19.84000015258789,19.850000381469727,19.829999923706055,19.850000381469727,104511,0.0,0.0,0.0
2026-03-11 03:35:00+00:00,19.860000610351562,19.889999389648438,19.860000610351562,19.889999389648438,33194,0.0,0.0,0.0
2026-03-11 03:40:00+00:00,19.889999389648438,19.90999984741211,19.889999389648438,19.90999984741211,24778,0.0,0.0,0.0
2026-03-11 03:45:00+00:00,19.889999389648438,19.889999389648438,19.889999389648438,19.889999389648438,6000,0.0,0.0,0.0
2026-03-11 03:50:00+00:00,19.889999389648438,19.899999618530273,19.889999389648438,19.889999389648438,33225,0.0,0.0,0.0
2026-03-11 03:55:00+00:00,19.889999389648438,19.899999618530273,19.889999389648438,19.899999618530273,13519,0.0,0.0,0.0
2026-03-11 04:00:00+00:00,19.90999984741211,19.90999984741211,19.899999618530273,19.899999618530273,4436,0.0,0.0,0.0
2026-03-11 04:05:00+00:00,19.899999618530273,19.899999618530273,19.889999389648438,19.889999389648438,15334,0.0,0.0,0.0
2026-03-11 04:10:00+00:00,19.899999618530273,19.899999618530273,19.899999618530273,19.899999618530273,7257,0.0,0.0,0.0
2026-03-11 04:15:00+00:00,19.889999389648438,19.899999618530273,19.889999389648438,19.899999618530273,13763,0.0,0.0,0.0
2026-03-11 04:20:00+00:00,19.899999618530273,19.90999984741211,19.899999618530273,19.90999984741211,16100,0.0,0.0,0.0
2026-03-11 04:25:00+00:00,19.90999984741211,19.90999984741211,19.899999618530273,19.90999984741211,76460,0.0,0.0,0.0
2026-03-11 04:30:00+00:00,19.920000076293945,19.920000076293945,19.90999984741211,19.90999984741211,6568,0.0,0.0,0.0
2026-03-11 04:35:00+00:00,19.90999984741211,19.90999984741211,19.90999984741211,19.90999984741211,8010,0.0,0.0,0.0
2026-03-11 04:40:00+00:00,19.90999984741211,19.90999984741211,19.90999984741211,19.90999984741211,3372,0.0,0.0,0.0
2026-03-11 04:45:00+00:00,19.899999618530273,19.899999618530273,19.899999618530273,19.899999618530273,4040,0.0,0.0,0.0
2026-03-11 04:50:00+00:00,19.90999984741211,19.90999984741211,19.899999618530273,19.899999618530273,51045,0.0,0.0,0.0
2026-03-11 04:55:00+00:00,19.899999618530273,19.899999618530273,19.899999618530273,19.899999618530273,5486,0.0,0.0,0.0
2026-03-11 05:00:00+00:00,19.899999618530273,19.899999618530273,19.899999618530273,19.899999618530273,25000,0.0,0.0,0.0
2026-03-11 05:05:00+00:00,19.899999618530273,19.899999618530273,19.8799991607666,19.8799991607666,11852,0.0,0.0,0.0
2026-03-11 05:10:00+00:00,19.8700008392334,19.8700008392334,19.860000610351562,19.860000610351562,50830,0.0,0.0,0.0
2026-03-11 05:15:00+00:00,19.899999618530273,19.899999618530273,19.899999618530273,19.899999618530273,7873,0.0,0.0,0.0
2026-03-11 05:20:00+00:00,19.8799991607666,19.8799991607666,19.850000381469727,19.860000610351562,20096,0.0,0.0,0.0
2026-03-12 01:00:00+00:00,19.770000457763672,19.770000457763672,19.700000762939453,19.75,0,0.0,0.0,0.0
2026-03-12 01:05:00+00:00,19.700000762939453,19.75,19.670000076293945,19.68000030517578,279125,0.0,0.0,0.0
2026-03-12 01:10:00+00:00,19.68000030517578,19.690000534057617,19.68000030517578,19.690000534057617,122035,0.0,0.0,0.0
2026-03-12 01:15:00+00:00,19.690000534057617,19.700000762939453,19.690000534057617,19.700000762939453,6830,0.0,0.0,0.0
2026-03-12 01:20:00+00:00,19.700000762939453,19.809999465942383,19.700000762939453,19.809999465942383,286004,0.0,0.0,0.0
2026-03-12 01:25:00+00:00,19.760000228881836,19.790000915527344,19.729999542236328,19.760000228881836,15013,0.0,0.0,0.0
2026-03-12 01:30:00+00:00,19.790000915527344,19.799999237060547,19.790000915527344,19.799999237060547,23282,0.0,0.0,0.0
2026-03-12 01:35:00+00:00,19.81999969482422,19.81999969482422,19.81999969482422,19.81999969482422,61048,0.0,0.0,0.0
2026-03-12 01:40:00+00:00,19.829999923706055,19.84000015258789,19.81999969482422,19.84000015258789,65269,0.0,0.0,0.0
2026-03-12 01:45:00+00:00,19.84000015258789,19.84000015258789,19.799999237060547,19.799999237060547,19440,0.0,0.0,0.0
2026-03-12 01:50:00+00:00,19.780000686645508,19.780000686645508,19.709999084472656,19.709999084472656,17533,0.0,0.0,0.0
2026-03-12 01:55:00+00:00,19.709999084472656,19.709999084472656,19.700000762939453,19.700000762939453,13876,0.0,0.0,0.0
2026-03-12 02:00:00+00:00,19.690000534057617,19.690000534057617,19.68000030517578,19.68000030517578,13083,0.0,0.0,0.0
2026-03-12 02:05:00+00:00,19.68000030517578,19.68000030517578,19.670000076293945,19.670000076293945,6685,0.0,0.0,0.0
2026-03-12 02:10:00+00:00,19.670000076293945,19.670000076293945,19.670000076293945,19.670000076293945,32652,0.0,0.0,0.0
2026-03-12 02:15:00+00:00,19.670000076293945,19.700000762939453,19.670000076293945,19.68000030517578,32050,0.0,0.0,0.0
2026-03-12 02:20:00+00:00,19.690000534057617,19.690000534057617,19.649999618530273,19.649999618530273,91495,0.0,0.0,0.0
2026-03-12 02:25:00+00:00,19.690000534057617,19.690000534057617,19.690000534057617,19.690000534057617,1936,0.0,0.0,0.0
2026-03-12 02:30:00+00:00,19.649999618530273,19.649999618530273,19.649999618530273,19.649999618530273,31931,0.0,0.0,0.0
2026-03-12 02:35:00+00:00,19.639999389648438,19.639999389648438,19.549999237060547,19.549999237060547,479040,0.0,0.0,0.0
2026-03-12 02:40:00+00:00,19.56999969482422,19.56999969482422,19.549999237060547,19.549999237060547,101170,0.0,0.0,0.0
2026-03-12 02:45:00+00:00,19.559999465942383,19.579999923706055,19.530000686645508,19.530000686645508,137294,0.0,0.0,0.0
2026-03-12 02:50:00+00:00,19.530000686645508,19.530000686645508,19.520000457763672,19.520000457763672,5557,0.0,0.0,0.0
2026-03-12 03:00:00+00:00,19.59000015258789,19.59000015258789,19.59000015258789,19.59000015258789,8973,0.0,0.0,0.0
2026-03-12 03:05:00+00:00,19.610000610351562,19.610000610351562,19.610000610351562,19.610000610351562,1230,0.0,0.0,0.0
2026-03-12 03:10:00+00:00,19.610000610351562,19.610000610351562,19.610000610351562,19.610000610351562,9048,0.0,0.0,0.0
2026-03-12 03:15:00+00:00,19.610000610351562,19.610000610351562,19.610000610351562,19.610000610351562,2171,0.0,0.0,0.0
2026-03-12 03:20:00+00:00,19.6200008392334,19.6299991607666,19.6200008392334,19.6299991607666,2272,0.0,0.0,0.0
2026-03-12 03:25:00+00:00,19.6200008392334,19.6200008392334,19.610000610351562,19.610000610351562,6039,0.0,0.0,0.0
2026-03-12 03:30:00+00:00,19.610000610351562,19.610000610351562,19.610000610351562,19.610000610351562,7242,0.0,0.0,0.0
2026-03-12 03:35:00+00:00,19.610000610351562,19.610000610351562,19.600000381469727,19.600000381469727,66708,0.0,0.0,0.0
2026-03-12 03:40:00+00:00,19.600000381469727,19.600000381469727,19.600000381469727,19.600000381469727,4341,0.0,0.0,0.0
2026-03-12 03:45:00+00:00,19.600000381469727,19.600000381469727,19.600000381469727,19.600000381469727,10120,0.0,0.0,0.0
2026-03-12 03:50:00+00:00,19.600000381469727,19.6200008392334,19.600000381469727,19.600000381469727,27546,0.0,0.0,0.0
2026-03-12 04:00:00+00:00,19.6200008392334,19.649999618530273,19.6200008392334,19.649999618530273,7020,0.0,0.0,0.0
2026-03-12 04:05:00+00:00,19.649999618530273,19.649999618530273,19.649999618530273,19.649999618530273,1130,0.0,0.0,0.0
2026-03-12 04:10:00+00:00,19.6200008392334,19.6200008392334,19.610000610351562,19.610000610351562,8849,0.0,0.0,0.0
2026-03-12 04:15:00+00:00,19.6200008392334,19.6200008392334,19.6200008392334,19.6200008392334,2018,0.0,0.0,0.0
2026-03-12 04:20:00+00:00,19.610000610351562,19.6200008392334,19.610000610351562,19.6200008392334,4329,0.0,0.0,0.0
2026-03-12 04:25:00+00:00,19.639999389648438,19.639999389648438,19.639999389648438,19.639999389648438,7249,0.0,0.0,0.0
2026-03-12 04:30:00+00:00,19.649999618530273,19.649999618530273,19.6200008392334,19.6200008392334,102345,0.0,0.0,0.0
2026-03-12 04:35:00+00:00,19.6200008392334,19.6200008392334,19.6200008392334,19.6200008392334,11144,0.0,0.0,0.0
2026-03-12 04:40:00+00:00,19.6200008392334,19.6200008392334,19.600000381469727,19.600000381469727,31092,0.0,0.0,0.0
2026-03-12 04:45:00+00:00,19.600000381469727,19.600000381469727,19.600000381469727,19.600000381469727,5159,0.0,0.0,0.0
2026-03-12 04:50:00+00:00,19.600000381469727,19.610000610351562,19.600000381469727,19.610000610351562,8320,0.0,0.0,0.0
2026-03-12 04:55:00+00:00,19.610000610351562,19.610000610351562,19.610000610351562,19.610000610351562,10352,0.0,0.0,0.0
2026-03-12 05:00:00+00:00,19.610000610351562,19.610000610351562,19.600000381469727,19.600000381469727,17428,0.0,0.0,0.0
2026-03-12 05:05:00+00:00,19.600000381469727,19.6200008392334,19.59000015258789,19.600000381469727,27072,0.0,0.0,0.0
2026-03-12 05:10:00+00:00,19.600000381469727,19.600000381469727,19.59000015258789,19.59000015258789,7375,0.0,0.0,0.0
2026-03-12 05:15:00+00:00,19.610000610351562,19.6200008392334,19.610000610351562,19.610000610351562,17561,0.0,0.0,0.0
2026-03-12 05:20:00+00:00,19.610000610351562,19.6200008392334,19.610000610351562,19.6200008392334,8261,0.0,0.0,0.0
2026-03-13 01:00:00+00:00,19.350000381469727,19.350000381469727,19.299999237060547,19.299999237060547,0,0.0,0.0,0.0
2026-03-13 01:05:00+00:00,19.309999465942383,19.399999618530273,19.299999237060547,19.399999618530273,135585,0.0,0.0,0.0
2026-03-13 01:10:00+00:00,19.43000030517578,19.43000030517578,19.3700008392334,19.399999618530273,10014,0.0,0.0,0.0
2026-03-13 01:15:00+00:00,19.399999618530273,19.440000534057617,19.399999618530273,19.440000534057617,7904,0.0,0.0,0.0
2026-03-13 01:20:00+00:00,19.459999084472656,19.479999542236328,19.459999084472656,19.479999542236328,6001,0.0,0.0,0.0
2026-03-13 01:25:00+00:00,19.530000686645508,19.530000686645508,19.510000228881836,19.510000228881836,3787,0.0,0.0,0.0
2026-03-13 01:30:00+00:00,19.510000228881836,19.549999237060547,19.510000228881836,19.549999237060547,20412,0.0,0.0,0.0
2026-03-13 01:35:00+00:00,19.559999465942383,19.559999465942383,19.530000686645508,19.540000915527344,12847,0.0,0.0,0.0
2026-03-13 01:40:00+00:00,19.540000915527344,19.540000915527344,19.469999313354492,19.469999313354492,514528,0.0,0.0,0.0
2026-03-13 01:45:00+00:00,19.450000762939453,19.459999084472656,19.40999984741211,19.40999984741211,27984,0.0,0.0,0.0
2026-03-13 01:50:00+00:00,19.5,19.5,19.489999771118164,19.5,13153,0.0,0.0,0.0
2026-03-13 01:55:00+00:00,19.5,19.530000686645508,19.5,19.530000686645508,13491,0.0,0.0,0.0
2026-03-13 02:00:00+00:00,19.530000686645508,19.600000381469727,19.530000686645508,19.600000381469727,31238,0.0,0.0,0.0
2026-03-13 02:05:00+00:00,19.600000381469727,19.6299991607666,19.600000381469727,19.6299991607666,103856,0.0,0.0,0.0
2026-03-13 02:10:00+00:00,19.6299991607666,19.639999389648438,19.6299991607666,19.639999389648438,18698,0.0,0.0,0.0
2026-03-13 02:15:00+00:00,19.610000610351562,19.6299991607666,19.579999923706055,19.610000610351562,23998,0.0,0.0,0.0
2026-03-13 02:20:00+00:00,19.549999237060547,19.549999237060547,19.540000915527344,19.549999237060547,11336,0.0,0.0,0.0
2026-03-13 02:25:00+00:00,19.549999237060547,19.549999237060547,19.549999237060547,19.549999237060547,2085,0.0,0.0,0.0
2026-03-13 02:30:00+00:00,19.540000915527344,19.549999237060547,19.540000915527344,19.549999237060547,6168,0.0,0.0,0.0
2026-03-13 02:40:00+00:00,19.56999969482422,19.56999969482422,19.549999237060547,19.549999237060547,2470,0.0,0.0,0.0
2026-03-13 02:45:00+00:00,19.549999237060547,19.549999237060547,19.549999237060547,19.549999237060547,14959,0.0,0.0,0.0
2026-03-13 02:50:00+00:00,19.549999237060547,19.549999237060547,19.520000457763672,19.549999237060547,20029,0.0,0.0,0.0
2026-03-13 02:55:00+00:00,19.549999237060547,19.579999923706055,19.549999237060547,19.579999923706055,3028,0.0,0.0,0.0
2026-03-13 03:00:00+00:00,19.59000015258789,19.59000015258789,19.59000015258789,19.59000015258789,2168,0.0,0.0,0.0
2026-03-13 03:05:00+00:00,19.579999923706055,19.579999923706055,19.579999923706055,19.579999923706055,26119,0.0,0.0,0.0
2026-03-13 03:10:00+00:00,19.59000015258789,19.600000381469727,19.59000015258789,19.59000015258789,7139,0.0,0.0,0.0
2026-03-13 03:15:00+00:00,19.559999465942383,19.559999465942383,19.549999237060547,19.549999237060547,20209,0.0,0.0,0.0
2026-03-13 03:20:00+00:00,19.549999237060547,19.600000381469727,19.540000915527344,19.600000381469727,22507,0.0,0.0,0.0
2026-03-13 03:30:00+00:00,19.59000015258789,19.59000015258789,19.579999923706055,19.579999923706055,2094,0.0,0.0,0.0
2026-03-13 03:35:00+00:00,19.549999237060547,19.559999465942383,19.510000228881836,19.520000457763672,209596,0.0,0.0,0.0
2026-03-13 03:40:00+00:00,19.520000457763672,19.520000457763672,19.510000228881836,19.520000457763672,325064,0.0,0.0,0.0
2026-03-13 03:45:00+00:00,19.530000686645508,19.549999237060547,19.530000686645508,19.549999237060547,151705,0.0,0.0,0.0
2026-03-13 03:50:00+00:00,19.549999237060547,19.549999237060547,19.540000915527344,19.540000915527344,4571,0.0,0.0,0.0
2026-03-13 03:55:00+00:00,19.540000915527344,19.540000915527344,19.540000915527344,19.540000915527344,1002,0.0,0.0,0.0
2026-03-13 04:00:00+00:00,19.59000015258789,19.59000015258789,19.59000015258789,19.59000015258789,2104,0.0,0.0,0.0
2026-03-13 04:05:00+00:00,19.540000915527344,19.540000915527344,19.540000915527344,19.540000915527344,1112,0.0,0.0,0.0
2026-03-13 04:10:00+00:00,19.549999237060547,19.559999465942383,19.549999237060547,19.559999465942383,2131,0.0,0.0,0.0
2026-03-13 04:15:00+00:00,19.540000915527344,19.579999923706055,19.520000457763672,19.520000457763672,19035,0.0,0.0,0.0
2026-03-13 04:20:00+00:00,19.56999969482422,19.56999969482422,19.489999771118164,19.489999771118164,201042,0.0,0.0,0.0
2026-03-13 04:25:00+00:00,19.5,19.5,19.489999771118164,19.489999771118164,3014,0.0,0.0,0.0
2026-03-13 04:30:00+00:00,19.5,19.5,19.489999771118164,19.489999771118164,5852,0.0,0.0,0.0
2026-03-13 04:35:00+00:00,19.489999771118164,19.489999771118164,19.479999542236328,19.479999542236328,14724,0.0,0.0,0.0
2026-03-13 04:40:00+00:00,19.469999313354492,19.5,19.469999313354492,19.5,24310,0.0,0.0,0.0
2026-03-13 04:45:00+00:00,19.510000228881836,19.520000457763672,19.510000228881836,19.520000457763672,2103,0.0,0.0,0.0
2026-03-13 04:50:00+00:00,19.520000457763672,19.520000457763672,19.520000457763672,19.520000457763672,1210,0.0,0.0,0.0
2026-03-13 04:55:00+00:00,19.520000457763672,19.520000457763672,19.5,19.5,12360,0.0,0.0,0.0
2026-03-13 05:00:00+00:00,19.5,19.520000457763672,19.5,19.520000457763672,3122,0.0,0.0,0.0
2026-03-13 05:05:00+00:00,19.520000457763672,19.520000457763672,19.520000457763672,19.520000457763672,6665,0.0,0.0,0.0
2026-03-13 05:10:00+00:00,19.520000457763672,19.520000457763672,19.510000228881836,19.510000228881836,6227,0.0,0.0,0.0
2026-03-13 05:15:00+00:00,19.520000457763672,19.520000457763672,19.510000228881836,19.510000228881836,5173,0.0,0.0,0.0
2026-03-13 05:20:00+00:00,19.520000457763672,19.520000457763672,19.520000457763672,19.520000457763672,11721,0.0,0.0,0.0
2026-03-16 01:00:00+00:00,19.65999984741211,19.700000762939453,19.65999984741211,19.700000762939453,0,0.0,0.0,0.0
2026-03-16 01:05:00+00:00,19.639999389648438,19.639999389648438,19.59000015258789,19.6200008392334,137000,0.0,0.0,0.0
2026-03-16 01:10:00+00:00,19.6200008392334,19.6200008392334,19.5,19.5,68656,0.0,0.0,0.0
2026-03-16 01:15:00+00:00,19.5,19.540000915527344,19.5,19.530000686645508,22042,0.0,0.0,0.0
2026-03-16 01:20:00+00:00,19.530000686645508,19.540000915527344,19.450000762939453,19.520000457763672,89439,0.0,0.0,0.0
2026-03-16 01:25:00+00:00,19.510000228881836,19.520000457763672,19.450000762939453,19.450000762939453,64068,0.0,0.0,0.0
2026-03-16 01:30:00+00:00,19.469999313354492,19.469999313354492,19.40999984741211,19.420000076293945,145105,0.0,0.0,0.0
2026-03-16 01:35:00+00:00,19.43000030517578,19.489999771118164,19.43000030517578,19.459999084472656,6441,0.0,0.0,0.0
2026-03-16 01:40:00+00:00,19.469999313354492,19.489999771118164,19.440000534057617,19.489999771118164,110875,0.0,0.0,0.0
2026-03-16 01:45:00+00:00,19.489999771118164,19.540000915527344,19.489999771118164,19.540000915527344,38067,0.0,0.0,0.0
2026-03-16 01:50:00+00:00,19.549999237060547,19.56999969482422,19.549999237060547,19.56999969482422,13020,0.0,0.0,0.0
2026-03-16 01:55:00+00:00,19.579999923706055,19.600000381469727,19.579999923706055,19.600000381469727,4099,0.0,0.0,0.0
2026-03-16 02:00:00+00:00,19.579999923706055,19.600000381469727,19.559999465942383,19.559999465942383,30367,0.0,0.0,0.0
2026-03-16 02:05:00+00:00,19.559999465942383,19.559999465942383,19.559999465942383,19.559999465942383,1048,0.0,0.0,0.0
2026-03-16 02:10:00+00:00,19.559999465942383,19.559999465942383,19.540000915527344,19.540000915527344,9755,0.0,0.0,0.0
2026-03-16 02:15:00+00:00,19.559999465942383,19.559999465942383,19.530000686645508,19.530000686645508,13394,0.0,0.0,0.0
2026-03-16 02:20:00+00:00,19.549999237060547,19.549999237060547,19.530000686645508,19.530000686645508,23272,0.0,0.0,0.0
2026-03-16 02:25:00+00:00,19.549999237060547,19.549999237060547,19.530000686645508,19.549999237060547,5000,0.0,0.0,0.0
2026-03-16 02:30:00+00:00,19.549999237060547,19.549999237060547,19.540000915527344,19.540000915527344,4230,0.0,0.0,0.0
2026-03-16 02:35:00+00:00,19.520000457763672,19.530000686645508,19.520000457763672,19.530000686645508,4342,0.0,0.0,0.0
2026-03-16 02:40:00+00:00,19.510000228881836,19.510000228881836,19.5,19.5,11287,0.0,0.0,0.0
2026-03-16 02:45:00+00:00,19.5,19.520000457763672,19.489999771118164,19.489999771118164,8435,0.0,0.0,0.0
2026-03-16 02:50:00+00:00,19.520000457763672,19.530000686645508,19.520000457763672,19.530000686645508,3232,0.0,0.0,0.0
2026-03-16 02:55:00+00:00,19.530000686645508,19.530000686645508,19.530000686645508,19.530000686645508,1261,0.0,0.0,0.0
2026-03-16 03:00:00+00:00,19.530000686645508,19.530000686645508,19.520000457763672,19.520000457763672,10070,0.0,0.0,0.0
2026-03-16 03:05:00+00:00,19.520000457763672,19.520000457763672,19.520000457763672,19.520000457763672,1018,0.0,0.0,0.0
2026-03-16 03:10:00+00:00,19.520000457763672,19.520000457763672,19.510000228881836,19.520000457763672,6144,0.0,0.0,0.0
2026-03-16 03:15:00+00:00,19.520000457763672,19.530000686645508,19.520000457763672,19.520000457763672,29036,0.0,0.0,0.0
2026-03-16 03:20:00+00:00,19.520000457763672,19.520000457763672,19.520000457763672,19.520000457763672,2134,0.0,0.0,0.0
2026-03-16 03:25:00+00:00,19.520000457763672,19.520000457763672,19.510000228881836,19.520000457763672,8010,0.0,0.0,0.0
2026-03-16 03:30:00+00:00,19.520000457763672,19.579999923706055,19.520000457763672,19.579999923706055,49063,0.0,0.0,0.0
2026-03-16 03:35:00+00:00,19.579999923706055,19.600000381469727,19.579999923706055,19.579999923706055,12118,0.0,0.0,0.0
2026-03-16 03:40:00+00:00,19.600000381469727,19.600000381469727,19.579999923706055,19.600000381469727,30469,0.0,0.0,0.0
2026-03-16 03:45:00+00:00,19.610000610351562,19.6200008392334,19.59000015258789,19.59000015258789,11018,0.0,0.0,0.0
2026-03-16 03:50:00+00:00,19.600000381469727,19.6200008392334,19.600000381469727,19.600000381469727,5031,0.0,0.0,0.0
2026-03-16 03:55:00+00:00,19.610000610351562,19.610000610351562,19.600000381469727,19.600000381469727,2272,0.0,0.0,0.0
2026-03-16 04:00:00+00:00,19.600000381469727,19.600000381469727,19.600000381469727,19.600000381469727,4040,0.0,0.0,0.0
2026-03-16 04:05:00+00:00,19.59000015258789,19.600000381469727,19.56999969482422,19.579999923706055,125037,0.0,0.0,0.0
2026-03-16 04:10:00+00:00,19.600000381469727,19.600000381469727,19.559999465942383,19.600000381469727,12232,0.0,0.0,0.0
2026-03-16 04:15:00+00:00,19.600000381469727,19.600000381469727,19.600000381469727,19.600000381469727,3661,0.0,0.0,0.0
2026-03-16 04:20:00+00:00,19.600000381469727,19.600000381469727,19.600000381469727,19.600000381469727,4127,0.0,0.0,0.0
2026-03-16 04:25:00+00:00,19.600000381469727,19.600000381469727,19.540000915527344,19.540000915527344,5022,0.0,0.0,0.0
2026-03-16 04:30:00+00:00,19.600000381469727,19.600000381469727,19.59000015258789,19.59000015258789,3942,0.0,0.0,0.0
2026-03-16 04:35:00+00:00,19.549999237060547,19.549999237060547,19.549999237060547,19.549999237060547,1161,0.0,0.0,0.0
2026-03-16 04:40:00+00:00,19.549999237060547,19.549999237060547,19.549999237060547,19.549999237060547,1174,0.0,0.0,0.0
2026-03-16 04:45:00+00:00,19.5,19.5,19.479999542236328,19.489999771118164,22594,0.0,0.0,0.0
2026-03-16 04:50:00+00:00,19.489999771118164,19.489999771118164,19.479999542236328,19.479999542236328,9334,0.0,0.0,0.0
2026-03-16 04:55:00+00:00,19.479999542236328,19.489999771118164,19.479999542236328,19.489999771118164,10031,0.0,0.0,0.0
2026-03-16 05:00:00+00:00,19.479999542236328,19.489999771118164,19.479999542236328,19.489999771118164,6364,0.0,0.0,0.0
2026-03-16 05:05:00+00:00,19.479999542236328,19.489999771118164,19.479999542236328,19.489999771118164,13105,0.0,0.0,0.0
2026-03-16 05:10:00+00:00,19.489999771118164,19.489999771118164,19.479999542236328,19.489999771118164,20734,0.0,0.0,0.0
2026-03-16 05:15:00+00:00,19.510000228881836,19.510000228881836,19.510000228881836,19.510000228881836,13025,0.0,0.0,0.0
2026-03-16 05:20:00+00:00,19.510000228881836,19.510000228881836,19.5,19.5,9802,0.0,0.0,0.0
2026-03-17 01:00:00+00:00,19.700000762939453,19.75,19.700000762939453,19.719999313354492,0,0.0,0.0,0.0
2026-03-17 01:05:00+00:00,19.739999771118164,19.790000915527344,19.739999771118164,19.790000915527344,49426,0.0,0.0,0.0
2026-03-17 01:10:00+00:00,19.75,19.760000228881836,19.739999771118164,19.739999771118164,27903,0.0,0.0,0.0
2026-03-17 01:15:00+00:00,19.729999542236328,19.729999542236328,19.709999084472656,19.729999542236328,16254,0.0,0.0,0.0
2026-03-17 01:20:00+00:00,19.75,19.760000228881836,19.75,19.760000228881836,12465,0.0,0.0,0.0
2026-03-17 01:25:00+00:00,19.760000228881836,19.760000228881836,19.760000228881836,19.760000228881836,12000,0.0,0.0,0.0
2026-03-17 01:30:00+00:00,19.770000457763672,19.790000915527344,19.770000457763672,19.790000915527344,35792,0.0,0.0,0.0
2026-03-17 01:35:00+00:00,19.799999237060547,19.829999923706055,19.799999237060547,19.829999923706055,78556,0.0,0.0,0.0
2026-03-17 01:40:00+00:00,19.829999923706055,19.829999923706055,19.799999237060547,19.809999465942383,15083,0.0,0.0,0.0
2026-03-17 01:45:00+00:00,19.780000686645508,19.780000686645508,19.770000457763672,19.770000457763672,4738,0.0,0.0,0.0
2026-03-17 01:50:00+00:00,19.770000457763672,19.780000686645508,19.770000457763672,19.780000686645508,235993,0.0,0.0,0.0
2026-03-17 01:55:00+00:00,19.790000915527344,19.809999465942383,19.790000915527344,19.809999465942383,10753,0.0,0.0,0.0
2026-03-17 02:00:00+00:00,19.81999969482422,19.81999969482422,19.81999969482422,19.81999969482422,2805,0.0,0.0,0.0
2026-03-17 02:05:00+00:00,19.81999969482422,19.829999923706055,19.81999969482422,19.81999969482422,25977,0.0,0.0,0.0
2026-03-17 02:15:00+00:00,19.81999969482422,19.81999969482422,19.81999969482422,19.81999969482422,1304,0.0,0.0,0.0
2026-03-17 02:20:00+00:00,19.81999969482422,19.829999923706055,19.81999969482422,19.829999923706055,21168,0.0,0.0,0.0
2026-03-17 02:25:00+00:00,19.829999923706055,19.829999923706055,19.81999969482422,19.81999969482422,123106,0.0,0.0,0.0
2026-03-17 02:30:00+00:00,19.829999923706055,19.829999923706055,19.809999465942383,19.809999465942383,16602,0.0,0.0,0.0
2026-03-17 02:35:00+00:00,19.809999465942383,19.81999969482422,19.809999465942383,19.81999969482422,3038,0.0,0.0,0.0
2026-03-17 02:40:00+00:00,19.81999969482422,19.81999969482422,19.81999969482422,19.81999969482422,7883,0.0,0.0,0.0
2026-03-17 02:45:00+00:00,19.81999969482422,19.81999969482422,19.809999465942383,19.809999465942383,4055,0.0,0.0,0.0
2026-03-17 02:50:00+00:00,19.790000915527344,19.790000915527344,19.790000915527344,19.790000915527344,2247,0.0,0.0,0.0
2026-03-17 02:55:00+00:00,19.790000915527344,19.790000915527344,19.790000915527344,19.790000915527344,10146,0.0,0.0,0.0
2026-03-17 03:00:00+00:00,19.780000686645508,19.780000686645508,19.770000457763672,19.770000457763672,2013,0.0,0.0,0.0
2026-03-17 03:05:00+00:00,19.780000686645508,19.780000686645508,19.770000457763672,19.770000457763672,2122,0.0,0.0,0.0
2026-03-17 03:10:00+00:00,19.770000457763672,19.770000457763672,19.770000457763672,19.770000457763672,2037,0.0,0.0,0.0
2026-03-17 03:15:00+00:00,19.780000686645508,19.799999237060547,19.780000686645508,19.799999237060547,45119,0.0,0.0,0.0
2026-03-17 03:20:00+00:00,19.809999465942383,19.829999923706055,19.809999465942383,19.829999923706055,11014,0.0,0.0,0.0
2026-03-17 03:30:00+00:00,19.81999969482422,19.81999969482422,19.809999465942383,19.809999465942383,5268,0.0,0.0,0.0
2026-03-17 03:35:00+00:00,19.809999465942383,19.809999465942383,19.809999465942383,19.809999465942383,6173,0.0,0.0,0.0
2026-03-17 03:40:00+00:00,19.809999465942383,19.809999465942383,19.790000915527344,19.790000915527344,5119,0.0,0.0,0.0
2026-03-17 03:45:00+00:00,19.790000915527344,19.790000915527344,19.780000686645508,19.780000686645508,11102,0.0,0.0,0.0
2026-03-17 03:50:00+00:00,19.770000457763672,19.770000457763672,19.770000457763672,19.770000457763672,4015,0.0,0.0,0.0
2026-03-17 03:55:00+00:00,19.780000686645508,19.780000686645508,19.780000686645508,19.780000686645508,4022,0.0,0.0,0.0
2026-03-17 04:00:00+00:00,19.790000915527344,19.790000915527344,19.790000915527344,19.790000915527344,1037,0.0,0.0,0.0
2026-03-17 04:05:00+00:00,19.790000915527344,19.790000915527344,19.780000686645508,19.780000686645508,3045,0.0,0.0,0.0
2026-03-17 04:10:00+00:00,19.780000686645508,19.780000686645508,19.780000686645508,19.780000686645508,1133,0.0,0.0,0.0
2026-03-17 04:15:00+00:00,19.790000915527344,19.790000915527344,19.790000915527344,19.790000915527344,21002,0.0,0.0,0.0
2026-03-17 04:20:00+00:00,19.790000915527344,19.790000915527344,19.790000915527344,19.790000915527344,7053,0.0,0.0,0.0
2026-03-17 04:25:00+00:00,19.790000915527344,19.790000915527344,19.790000915527344,19.790000915527344,1310,0.0,0.0,0.0
2026-03-17 04:30:00+00:00,19.790000915527344,19.790000915527344,19.780000686645508,19.780000686645508,8122,0.0,0.0,0.0
2026-03-17 04:35:00+00:00,19.770000457763672,19.770000457763672,19.770000457763672,19.770000457763672,6896,0.0,0.0,0.0
2026-03-17 04:45:00+00:00,19.770000457763672,19.770000457763672,19.770000457763672,19.770000457763672,10554,0.0,0.0,0.0
2026-03-17 04:50:00+00:00,19.780000686645508,19.780000686645508,19.780000686645508,19.780000686645508,39013,0.0,0.0,0.0
2026-03-17 04:55:00+00:00,19.780000686645508,19.780000686645508,19.780000686645508,19.780000686645508,2811,0.0,0.0,0.0
2026-03-17 05:00:00+00:00,19.780000686645508,19.780000686645508,19.780000686645508,19.780000686645508,28492,0.0,0.0,0.0
2026-03-17 05:05:00+00:00,19.780000686645508,19.790000915527344,19.780000686645508,19.790000915527344,34545,0.0,0.0,0.0
2026-03-17 05:10:00+00:00,19.780000686645508,19.780000686645508,19.780000686645508,19.780000686645508,10000,0.0,0.0,0.0
2026-03-17 05:15:00+00:00,19.790000915527344,19.790000915527344,19.790000915527344,19.790000915527344,3661,0.0,0.0,0.0
2026-03-17 05:20:00+00:00,19.790000915527344,19.790000915527344,19.790000915527344,19.790000915527344,63499,0.0,0.0,0.0
2026-03-18 01:00:00+00:00,20.079999923706055,20.149999618530273,20.059999465942383,20.1299991607666,0,0.0,0.0,0.0
2026-03-18 01:05:00+00:00,20.1299991607666,20.149999618530273,20.1200008392334,20.149999618530273,88140,0.0,0.0,0.0
2026-03-18 01:10:00+00:00,20.149999618530273,20.149999618530273,20.100000381469727,20.100000381469727,32410,0.0,0.0,0.0
2026-03-18 01:15:00+00:00,20.100000381469727,20.1200008392334,20.100000381469727,20.100000381469727,13432,0.0,0.0,0.0
2026-03-18 01:20:00+00:00,20.100000381469727,20.110000610351562,20.100000381469727,20.110000610351562,4843,0.0,0.0,0.0
2026-03-18 01:25:00+00:00,20.079999923706055,20.079999923706055,20.059999465942383,20.059999465942383,17615,0.0,0.0,0.0
2026-03-18 01:30:00+00:00,20.059999465942383,20.059999465942383,20.049999237060547,20.049999237060547,4017,0.0,0.0,0.0
2026-03-18 01:35:00+00:00,20.049999237060547,20.09000015258789,20.049999237060547,20.049999237060547,72868,0.0,0.0,0.0
2026-03-18 01:40:00+00:00,20.049999237060547,20.09000015258789,20.049999237060547,20.09000015258789,7433,0.0,0.0,0.0
2026-03-18 01:45:00+00:00,20.09000015258789,20.09000015258789,20.079999923706055,20.079999923706055,3391,0.0,0.0,0.0
2026-03-18 01:50:00+00:00,20.09000015258789,20.110000610351562,20.09000015258789,20.110000610351562,206011,0.0,0.0,0.0
2026-03-18 01:55:00+00:00,20.110000610351562,20.1200008392334,20.100000381469727,20.110000610351562,25208,0.0,0.0,0.0
2026-03-18 02:00:00+00:00,20.1200008392334,20.1200008392334,20.079999923706055,20.079999923706055,38340,0.0,0.0,0.0
2026-03-18 02:05:00+00:00,20.09000015258789,20.09000015258789,20.049999237060547,20.049999237060547,3280,0.0,0.0,0.0
2026-03-18 02:10:00+00:00,20.059999465942383,20.059999465942383,20.030000686645508,20.030000686645508,18621,0.0,0.0,0.0
2026-03-18 02:15:00+00:00,20.049999237060547,20.059999465942383,20.049999237060547,20.059999465942383,23108,0.0,0.0,0.0
2026-03-18 02:20:00+00:00,20.059999465942383,20.079999923706055,20.059999465942383,20.079999923706055,17056,0.0,0.0,0.0
2026-03-18 02:25:00+00:00,20.06999969482422,20.079999923706055,20.06999969482422,20.079999923706055,33224,0.0,0.0,0.0
2026-03-18 02:30:00+00:00,20.079999923706055,20.100000381469727,20.079999923706055,20.100000381469727,28431,0.0,0.0,0.0
2026-03-18 02:35:00+00:00,20.079999923706055,20.079999923706055,20.079999923706055,20.079999923706055,10106,0.0,0.0,0.0
2026-03-18 02:40:00+00:00,20.09000015258789,20.110000610351562,20.09000015258789,20.110000610351562,44274,0.0,0.0,0.0
2026-03-18 02:45:00+00:00,20.1200008392334,20.1200008392334,20.1200008392334,20.1200008392334,8701,0.0,0.0,0.0
2026-03-18 02:55:00+00:00,20.110000610351562,20.110000610351562,20.110000610351562,20.110000610351562,1469,0.0,0.0,0.0
2026-03-18 03:00:00+00:00,20.100000381469727,20.100000381469727,20.100000381469727,20.100000381469727,4779,0.0,0.0,0.0
2026-03-18 03:05:00+00:00,20.110000610351562,20.110000610351562,20.110000610351562,20.110000610351562,17693,0.0,0.0,0.0
2026-03-18 03:15:00+00:00,20.110000610351562,20.1200008392334,20.110000610351562,20.1200008392334,6660,0.0,0.0,0.0
2026-03-18 03:20:00+00:00,20.1200008392334,20.1200008392334,20.1200008392334,20.1200008392334,2010,0.0,0.0,0.0
2026-03-18 03:25:00+00:00,20.1200008392334,20.1299991607666,20.1200008392334,20.1200008392334,77208,0.0,0.0,0.0
2026-03-18 03:30:00+00:00,20.139999389648438,20.139999389648438,20.1299991607666,20.1299991607666,17193,0.0,0.0,0.0
2026-03-18 03:35:00+00:00,20.139999389648438,20.149999618530273,20.139999389648438,20.149999618530273,125222,0.0,0.0,0.0
2026-03-18 03:40:00+00:00,20.149999618530273,20.149999618530273,20.149999618530273,20.149999618530273,6119,0.0,0.0,0.0
2026-03-18 03:45:00+00:00,20.149999618530273,20.15999984741211,20.149999618530273,20.15999984741211,7342,0.0,0.0,0.0
2026-03-18 03:50:00+00:00,20.149999618530273,20.149999618530273,20.1299991607666,20.1299991607666,20134,0.0,0.0,0.0
2026-03-18 03:55:00+00:00,20.1299991607666,20.139999389648438,20.1299991607666,20.139999389648438,21112,0.0,0.0,0.0
2026-03-18 04:00:00+00:00,20.139999389648438,20.139999389648438,20.139999389648438,20.139999389648438,1073,0.0,0.0,0.0
2026-03-18 04:05:00+00:00,20.1299991607666,20.1299991607666,20.1200008392334,20.1200008392334,10742,0.0,0.0,0.0
2026-03-18 04:10:00+00:00,20.1200008392334,20.1200008392334,20.1200008392334,20.1200008392334,4457,0.0,0.0,0.0
2026-03-18 04:15:00+00:00,20.1200008392334,20.1299991607666,20.1200008392334,20.1200008392334,9752,0.0,0.0,0.0
2026-03-18 04:20:00+00:00,20.1299991607666,20.1299991607666,20.1299991607666,20.1299991607666,7381,0.0,0.0,0.0
2026-03-18 04:25:00+00:00,20.139999389648438,20.139999389648438,20.1200008392334,20.1200008392334,5029,0.0,0.0,0.0
2026-03-18 04:30:00+00:00,20.1299991607666,20.1299991607666,20.110000610351562,20.110000610351562,42129,0.0,0.0,0.0
2026-03-18 04:35:00+00:00,20.100000381469727,20.100000381469727,20.100000381469727,20.100000381469727,7349,0.0,0.0,0.0
2026-03-18 04:40:00+00:00,20.100000381469727,20.100000381469727,20.100000381469727,20.100000381469727,5021,0.0,0.0,0.0
2026-03-18 04:45:00+00:00,20.09000015258789,20.09000015258789,20.09000015258789,20.09000015258789,14531,0.0,0.0,0.0
2026-03-18 04:50:00+00:00,20.09000015258789,20.09000015258789,20.09000015258789,20.09000015258789,6127,0.0,0.0,0.0
2026-03-18 04:55:00+00:00,20.09000015258789,20.09000015258789,20.09000015258789,20.09000015258789,17722,0.0,0.0,0.0
2026-03-18 05:00:00+00:00,20.079999923706055,20.079999923706055,20.079999923706055,20.079999923706055,2276,0.0,0.0,0.0
2026-03-18 05:05:00+00:00,20.079999923706055,20.079999923706055,20.06999969482422,20.079999923706055,30011,0.0,0.0,0.0
2026-03-18 05:10:00+00:00,20.06999969482422,20.079999923706055,20.06999969482422,20.079999923706055,50605,0.0,0.0,0.0
2026-03-18 05:15:00+00:00,20.079999923706055,20.09000015258789,20.079999923706055,20.09000015258789,58111,0.0,0.0,0.0
2026-03-18 05:20:00+00:00,20.09000015258789,20.1200008392334,20.09000015258789,20.1200008392334,64063,0.0,0.0,0.0
2026-03-19 01:00:00+00:00,19.899999618530273,19.899999618530273,19.829999923706055,19.829999923706055,0,0.0,0.0,0.0
2026-03-19 01:05:00+00:00,19.850000381469727,19.8799991607666,19.850000381469727,19.8799991607666,15076,0.0,0.0,0.0
2026-03-19 01:10:00+00:00,19.899999618530273,19.899999618530273,19.860000610351562,19.860000610351562,79453,0.0,0.0,0.0
2026-03-19 01:15:00+00:00,19.850000381469727,19.889999389648438,19.850000381469727,19.8799991607666,45766,0.0,0.0,0.0
2026-03-19 01:20:00+00:00,19.8799991607666,19.8799991607666,19.8799991607666,19.8799991607666,26596,0.0,0.0,0.0
2026-03-19 01:25:00+00:00,19.8700008392334,19.8700008392334,19.860000610351562,19.860000610351562,18380,0.0,0.0,0.0
2026-03-19 01:30:00+00:00,19.8700008392334,19.8700008392334,19.780000686645508,19.81999969482422,168049,0.0,0.0,0.0
2026-03-19 01:35:00+00:00,19.850000381469727,19.8799991607666,19.850000381469727,19.8799991607666,43547,0.0,0.0,0.0
2026-03-19 01:40:00+00:00,19.8799991607666,19.8799991607666,19.8700008392334,19.8799991607666,36738,0.0,0.0,0.0
2026-03-19 01:45:00+00:00,19.90999984741211,19.90999984741211,19.889999389648438,19.889999389648438,11461,0.0,0.0,0.0
2026-03-19 01:50:00+00:00,19.8799991607666,19.889999389648438,19.8700008392334,19.889999389648438,22505,0.0,0.0,0.0
2026-03-19 01:55:00+00:00,19.889999389648438,19.899999618530273,19.889999389648438,19.899999618530273,10209,0.0,0.0,0.0
2026-03-19 02:00:00+00:00,19.93000030517578,19.93000030517578,19.920000076293945,19.920000076293945,2734,0.0,0.0,0.0
2026-03-19 02:05:00+00:00,19.899999618530273,19.90999984741211,19.899999618530273,19.90999984741211,27639,0.0,0.0,0.0
2026-03-19 02:10:00+00:00,19.90999984741211,19.90999984741211,19.90999984741211,19.90999984741211,8728,0.0,0.0,0.0
2026-03-19 02:15:00+00:00,19.899999618530273,19.899999618530273,19.899999618530273,19.899999618530273,5333,0.0,0.0,0.0
2026-03-19 02:20:00+00:00,19.899999618530273,19.899999618530273,19.899999618530273,19.899999618530273,3000,0.0,0.0,0.0
2026-03-19 02:25:00+00:00,19.899999618530273,19.899999618530273,19.899999618530273,19.899999618530273,29075,0.0,0.0,0.0
2026-03-19 02:30:00+00:00,19.93000030517578,19.93000030517578,19.93000030517578,19.93000030517578,1923,0.0,0.0,0.0
2026-03-19 02:35:00+00:00,19.93000030517578,19.93000030517578,19.93000030517578,19.93000030517578,1339,0.0,0.0,0.0
2026-03-19 02:40:00+00:00,19.93000030517578,19.93000030517578,19.920000076293945,19.920000076293945,4139,0.0,0.0,0.0
2026-03-19 02:45:00+00:00,19.90999984741211,19.93000030517578,19.90999984741211,19.920000076293945,4460,0.0,0.0,0.0
2026-03-19 02:50:00+00:00,19.920000076293945,19.920000076293945,19.90999984741211,19.90999984741211,6714,0.0,0.0,0.0
2026-03-19 02:55:00+00:00,19.90999984741211,19.90999984741211,19.90999984741211,19.90999984741211,14328,0.0,0.0,0.0
2026-03-19 03:00:00+00:00,19.920000076293945,19.93000030517578,19.920000076293945,19.93000030517578,14239,0.0,0.0,0.0
2026-03-19 03:05:00+00:00,19.93000030517578,19.93000030517578,19.93000030517578,19.93000030517578,7865,0.0,0.0,0.0
2026-03-19 03:10:00+00:00,19.93000030517578,19.93000030517578,19.93000030517578,19.93000030517578,1097,0.0,0.0,0.0
2026-03-19 03:15:00+00:00,19.93000030517578,19.93000030517578,19.920000076293945,19.920000076293945,7431,0.0,0.0,0.0
2026-03-19 03:20:00+00:00,19.920000076293945,19.920000076293945,19.90999984741211,19.920000076293945,14225,0.0,0.0,0.0
2026-03-19 03:25:00+00:00,19.920000076293945,19.920000076293945,19.899999618530273,19.899999618530273,9327,0.0,0.0,0.0
2026-03-19 03:30:00+00:00,19.920000076293945,19.920000076293945,19.899999618530273,19.899999618530273,14511,0.0,0.0,0.0
2026-03-19 03:35:00+00:00,19.90999984741211,19.90999984741211,19.899999618530273,19.90999984741211,7034,0.0,0.0,0.0
2026-03-19 03:40:00+00:00,19.90999984741211,19.90999984741211,19.90999984741211,19.90999984741211,3009,0.0,0.0,0.0
2026-03-19 03:45:00+00:00,19.90999984741211,19.920000076293945,19.90999984741211,19.920000076293945,2523,0.0,0.0,0.0
2026-03-19 03:50:00+00:00,19.899999618530273,19.899999618530273,19.899999618530273,19.899999618530273,2000,0.0,0.0,0.0
2026-03-19 03:55:00+00:00,19.899999618530273,19.899999618530273,19.889999389648438,19.889999389648438,21428,0.0,0.0,0.0
2026-03-19 04:00:00+00:00,19.889999389648438,19.889999389648438,19.8799991607666,19.8799991607666,229448,0.0,0.0,0.0
2026-03-19 04:05:00+00:00,19.8700008392334,19.8700008392334,19.860000610351562,19.8700008392334,118267,0.0,0.0,0.0
2026-03-19 04:10:00+00:00,19.860000610351562,19.860000610351562,19.84000015258789,19.84000015258789,137841,0.0,0.0,0.0
2026-03-19 04:15:00+00:00,19.84000015258789,19.84000015258789,19.84000015258789,19.84000015258789,3740,0.0,0.0,0.0
2026-03-19 04:20:00+00:00,19.829999923706055,19.84000015258789,19.829999923706055,19.84000015258789,4191,0.0,0.0,0.0
2026-03-19 04:25:00+00:00,19.829999923706055,19.84000015258789,19.81999969482422,19.81999969482422,11404,0.0,0.0,0.0
2026-03-19 04:30:00+00:00,19.829999923706055,19.829999923706055,19.809999465942383,19.809999465942383,11406,0.0,0.0,0.0
2026-03-19 04:35:00+00:00,19.809999465942383,19.809999465942383,19.780000686645508,19.780000686645508,75753,0.0,0.0,0.0
2026-03-19 04:40:00+00:00,19.780000686645508,19.780000686645508,19.780000686645508,19.780000686645508,10400,0.0,0.0,0.0
2026-03-19 04:45:00+00:00,19.780000686645508,19.780000686645508,19.780000686645508,19.780000686645508,8731,0.0,0.0,0.0
2026-03-19 04:50:00+00:00,19.780000686645508,19.780000686645508,19.770000457763672,19.770000457763672,7402,0.0,0.0,0.0
2026-03-19 04:55:00+00:00,19.770000457763672,19.780000686645508,19.770000457763672,19.780000686645508,13187,0.0,0.0,0.0
2026-03-19 05:00:00+00:00,19.780000686645508,19.809999465942383,19.780000686645508,19.809999465942383,11835,0.0,0.0,0.0
2026-03-19 05:05:00+00:00,19.790000915527344,19.799999237060547,19.790000915527344,19.799999237060547,7213,0.0,0.0,0.0
2026-03-19 05:10:00+00:00,19.790000915527344,19.790000915527344,19.790000915527344,19.790000915527344,5513,0.0,0.0,0.0
2026-03-19 05:15:00+00:00,19.790000915527344,19.790000915527344,19.790000915527344,19.790000915527344,7653,0.0,0.0,0.0
2026-03-19 05:20:00+00:00,19.799999237060547,19.799999237060547,19.799999237060547,19.799999237060547,8593,0.0,0.0,0.0
2026-03-20 01:00:00+00:00,19.81999969482422,19.8799991607666,19.81999969482422,19.8700008392334,0,0.0,0.0,0.0
2026-03-20 01:05:00+00:00,19.8700008392334,19.8700008392334,19.809999465942383,19.809999465942383,13394,0.0,0.0,0.0
2026-03-20 01:10:00+00:00,19.829999923706055,19.829999923706055,19.770000457763672,19.770000457763672,19300,0.0,0.0,0.0
2026-03-20 01:15:00+00:00,19.760000228881836,19.760000228881836,19.670000076293945,19.670000076293945,18731,0.0,0.0,0.0
2026-03-20 01:20:00+00:00,19.670000076293945,19.670000076293945,19.600000381469727,19.600000381469727,26213,0.0,0.0,0.0
2026-03-20 01:25:00+00:00,19.600000381469727,19.700000762939453,19.600000381469727,19.670000076293945,41542,0.0,0.0,0.0
2026-03-20 01:30:00+00:00,19.75,19.760000228881836,19.719999313354492,19.760000228881836,16803,0.0,0.0,0.0
2026-03-20 01:35:00+00:00,19.75,19.799999237060547,19.75,19.799999237060547,21080,0.0,0.0,0.0
2026-03-20 01:40:00+00:00,19.81999969482422,19.850000381469727,19.81999969482422,19.850000381469727,11071,0.0,0.0,0.0
2026-03-20 01:45:00+00:00,19.850000381469727,19.850000381469727,19.829999923706055,19.829999923706055,3127,0.0,0.0,0.0
2026-03-20 01:50:00+00:00,19.850000381469727,19.850000381469727,19.799999237060547,19.799999237060547,6647,0.0,0.0,0.0
2026-03-20 01:55:00+00:00,19.790000915527344,19.790000915527344,19.790000915527344,19.790000915527344,2116,0.0,0.0,0.0
2026-03-20 02:00:00+00:00,19.780000686645508,19.780000686645508,19.739999771118164,19.75,29117,0.0,0.0,0.0
2026-03-20 02:05:00+00:00,19.780000686645508,19.790000915527344,19.780000686645508,19.790000915527344,5064,0.0,0.0,0.0
2026-03-20 02:10:00+00:00,19.790000915527344,19.790000915527344,19.780000686645508,19.780000686645508,11234,0.0,0.0,0.0
2026-03-20 02:15:00+00:00,19.790000915527344,19.790000915527344,19.790000915527344,19.790000915527344,1255,0.0,0.0,0.0
2026-03-20 02:20:00+00:00,19.799999237060547,19.799999237060547,19.790000915527344,19.790000915527344,3043,0.0,0.0,0.0
2026-03-20 02:25:00+00:00,19.790000915527344,19.799999237060547,19.770000457763672,19.799999237060547,44217,0.0,0.0,0.0
2026-03-20 02:30:00+00:00,19.809999465942383,19.809999465942383,19.799999237060547,19.799999237060547,4098,0.0,0.0,0.0
2026-03-20 02:35:00+00:00,19.799999237060547,19.81999969482422,19.799999237060547,19.81999969482422,11210,0.0,0.0,0.0
2026-03-20 02:40:00+00:00,19.81999969482422,19.829999923706055,19.81999969482422,19.829999923706055,27260,0.0,0.0,0.0
2026-03-20 02:45:00+00:00,19.84000015258789,19.8700008392334,19.84000015258789,19.8700008392334,65590,0.0,0.0,0.0
2026-03-20 02:50:00+00:00,19.8799991607666,19.920000076293945,19.8799991607666,19.90999984741211,18934,0.0,0.0,0.0
2026-03-20 02:55:00+00:00,19.920000076293945,19.920000076293945,19.920000076293945,19.920000076293945,5479,0.0,0.0,0.0
2026-03-20 03:00:00+00:00,19.8799991607666,19.8799991607666,19.8799991607666,19.8799991607666,2156,0.0,0.0,0.0
2026-03-20 03:05:00+00:00,19.8799991607666,19.8799991607666,19.8799991607666,19.8799991607666,1090,0.0,0.0,0.0
2026-03-20 03:10:00+00:00,19.8799991607666,19.8799991607666,19.8799991607666,19.8799991607666,2046,0.0,0.0,0.0
2026-03-20 03:15:00+00:00,19.8700008392334,19.8700008392334,19.850000381469727,19.860000610351562,25175,0.0,0.0,0.0
2026-03-20 03:20:00+00:00,19.860000610351562,19.8799991607666,19.860000610351562,19.8799991607666,24351,0.0,0.0,0.0
2026-03-20 03:30:00+00:00,19.8799991607666,19.899999618530273,19.8799991607666,19.899999618530273,5360,0.0,0.0,0.0
2026-03-20 03:35:00+00:00,19.899999618530273,19.899999618530273,19.84000015258789,19.84000015258789,18131,0.0,0.0,0.0
2026-03-20 03:40:00+00:00,19.84000015258789,19.84000015258789,19.829999923706055,19.829999923706055,3198,0.0,0.0,0.0
2026-03-20 03:45:00+00:00,19.829999923706055,19.829999923706055,19.829999923706055,19.829999923706055,4159,0.0,0.0,0.0
2026-03-20 03:50:00+00:00,19.799999237060547,19.81999969482422,19.780000686645508,19.81999969482422,10081,0.0,0.0,0.0
2026-03-20 03:55:00+00:00,19.81999969482422,19.81999969482422,19.81999969482422,19.81999969482422,1167,0.0,0.0,0.0
2026-03-20 04:00:00+00:00,19.799999237060547,19.799999237060547,19.799999237060547,19.799999237060547,1048,0.0,0.0,0.0
2026-03-20 04:05:00+00:00,19.829999923706055,19.829999923706055,19.809999465942383,19.809999465942383,3158,0.0,0.0,0.0
2026-03-20 04:10:00+00:00,19.799999237060547,19.799999237060547,19.799999237060547,19.799999237060547,3057,0.0,0.0,0.0
2026-03-20 04:15:00+00:00,19.770000457763672,19.770000457763672,19.739999771118164,19.739999771118164,12243,0.0,0.0,0.0
2026-03-20 04:20:00+00:00,19.739999771118164,19.739999771118164,19.709999084472656,19.709999084472656,14839,0.0,0.0,0.0
2026-03-20 04:25:00+00:00,19.709999084472656,19.719999313354492,19.700000762939453,19.709999084472656,49391,0.0,0.0,0.0
2026-03-20 04:30:00+00:00,19.739999771118164,19.739999771118164,19.729999542236328,19.739999771118164,23586,0.0,0.0,0.0
2026-03-20 04:35:00+00:00,19.739999771118164,19.760000228881836,19.739999771118164,19.760000228881836,16343,0.0,0.0,0.0
2026-03-20 04:45:00+00:00,19.760000228881836,19.790000915527344,19.760000228881836,19.790000915527344,4220,0.0,0.0,0.0
2026-03-20 04:50:00+00:00,19.770000457763672,19.770000457763672,19.75,19.760000228881836,18400,0.0,0.0,0.0
2026-03-20 04:55:00+00:00,19.760000228881836,19.760000228881836,19.760000228881836,19.760000228881836,1805,0.0,0.0,0.0
2026-03-20 05:00:00+00:00,19.770000457763672,19.770000457763672,19.770000457763672,19.770000457763672,1000,0.0,0.0,0.0
2026-03-20 05:05:00+00:00,19.780000686645508,19.780000686645508,19.75,19.75,27270,0.0,0.0,0.0
2026-03-20 05:10:00+00:00,19.760000228881836,19.760000228881836,19.760000228881836,19.760000228881836,10292,0.0,0.0,0.0
2026-03-20 05:15:00+00:00,19.760000228881836,19.770000457763672,19.760000228881836,19.770000457763672,15487,0.0,0.0,0.0
2026-03-20 05:20:00+00:00,19.760000228881836,19.770000457763672,19.760000228881836,19.770000457763672,4905,0.0,0.0,0.0
2026-03-23 01:00:00+00:00,19.25,19.25,19.170000076293945,19.219999313354492,0,0.0,0.0,0.0
2026-03-23 01:05:00+00:00,19.219999313354492,19.25,19.170000076293945,19.25,62048,0.0,0.0,0.0
2026-03-23 01:10:00+00:00,19.25,19.280000686645508,19.25,19.280000686645508,43558,0.0,0.0,0.0
2026-03-23 01:15:00+00:00,19.290000915527344,19.299999237060547,19.270000457763672,19.280000686645508,39341,0.0,0.0,0.0
2026-03-23 01:20:00+00:00,19.290000915527344,19.290000915527344,19.280000686645508,19.280000686645508,44771,0.0,0.0,0.0
2026-03-23 01:25:00+00:00,19.270000457763672,19.299999237060547,19.260000228881836,19.260000228881836,33921,0.0,0.0,0.0
2026-03-23 01:30:00+00:00,19.260000228881836,19.260000228881836,19.229999542236328,19.239999771118164,75242,0.0,0.0,0.0
2026-03-23 01:35:00+00:00,19.239999771118164,19.299999237060547,19.239999771118164,19.299999237060547,69695,0.0,0.0,0.0
2026-03-23 01:40:00+00:00,19.31999969482422,19.31999969482422,19.309999465942383,19.31999969482422,11450,0.0,0.0,0.0
2026-03-23 01:45:00+00:00,19.31999969482422,19.31999969482422,19.299999237060547,19.299999237060547,7994,0.0,0.0,0.0
2026-03-23 01:50:00+00:00,19.299999237060547,19.309999465942383,19.299999237060547,19.309999465942383,12364,0.0,0.0,0.0
2026-03-23 01:55:00+00:00,19.31999969482422,19.31999969482422,19.309999465942383,19.309999465942383,10799,0.0,0.0,0.0
2026-03-23 02:00:00+00:00,19.309999465942383,19.31999969482422,19.309999465942383,19.31999969482422,31265,0.0,0.0,0.0
2026-03-23 02:05:00+00:00,19.31999969482422,19.350000381469727,19.31999969482422,19.350000381469727,43645,0.0,0.0,0.0
2026-03-23 02:10:00+00:00,19.350000381469727,19.350000381469727,19.299999237060547,19.299999237060547,20777,0.0,0.0,0.0
2026-03-23 02:15:00+00:00,19.309999465942383,19.31999969482422,19.299999237060547,19.31999969482422,25307,0.0,0.0,0.0
2026-03-23 02:20:00+00:00,19.299999237060547,19.31999969482422,19.280000686645508,19.299999237060547,13734,0.0,0.0,0.0
2026-03-23 02:25:00+00:00,19.299999237060547,19.299999237060547,19.299999237060547,19.299999237060547,3658,0.0,0.0,0.0
2026-03-23 02:30:00+00:00,19.31999969482422,19.31999969482422,19.299999237060547,19.31999969482422,16578,0.0,0.0,0.0
2026-03-23 02:35:00+00:00,19.309999465942383,19.309999465942383,19.25,19.25,151748,0.0,0.0,0.0
2026-03-23 02:40:00+00:00,19.25,19.25,19.229999542236328,19.25,209931,0.0,0.0,0.0
2026-03-23 02:45:00+00:00,19.25,19.25,19.219999313354492,19.229999542236328,142357,0.0,0.0,0.0
2026-03-23 02:50:00+00:00,19.219999313354492,19.219999313354492,19.219999313354492,19.219999313354492,9918,0.0,0.0,0.0
2026-03-23 02:55:00+00:00,19.219999313354492,19.219999313354492,19.219999313354492,19.219999313354492,8029,0.0,0.0,0.0
2026-03-23 03:00:00+00:00,19.219999313354492,19.25,19.209999084472656,19.25,12055,0.0,0.0,0.0
2026-03-23 03:05:00+00:00,19.25,19.25,19.25,19.25,7564,0.0,0.0,0.0
2026-03-23 03:10:00+00:00,19.229999542236328,19.229999542236328,19.209999084472656,19.209999084472656,46080,0.0,0.0,0.0
2026-03-23 03:15:00+00:00,19.209999084472656,19.209999084472656,19.200000762939453,19.200000762939453,60918,0.0,0.0,0.0
2026-03-23 03:20:00+00:00,19.200000762939453,19.200000762939453,19.190000534057617,19.190000534057617,10323,0.0,0.0,0.0
2026-03-23 03:25:00+00:00,19.190000534057617,19.209999084472656,19.190000534057617,19.209999084472656,11213,0.0,0.0,0.0
2026-03-23 03:30:00+00:00,19.229999542236328,19.229999542236328,19.190000534057617,19.190000534057617,3366,0.0,0.0,0.0
2026-03-23 03:35:00+00:00,19.200000762939453,19.229999542236328,19.200000762939453,19.229999542236328,3133,0.0,0.0,0.0
2026-03-23 03:40:00+00:00,19.229999542236328,19.229999542236328,19.200000762939453,19.200000762939453,3395,0.0,0.0,0.0
2026-03-23 03:45:00+00:00,19.200000762939453,19.219999313354492,19.190000534057617,19.219999313354492,11435,0.0,0.0,0.0
2026-03-23 03:50:00+00:00,19.219999313354492,19.219999313354492,19.200000762939453,19.200000762939453,5653,0.0,0.0,0.0
2026-03-23 03:55:00+00:00,19.200000762939453,19.200000762939453,19.190000534057617,19.190000534057617,32773,0.0,0.0,0.0
2026-03-23 04:00:00+00:00,19.200000762939453,19.200000762939453,19.170000076293945,19.170000076293945,96436,0.0,0.0,0.0
2026-03-23 04:05:00+00:00,19.170000076293945,19.170000076293945,19.15999984741211,19.170000076293945,18085,0.0,0.0,0.0
2026-03-23 04:10:00+00:00,19.200000762939453,19.200000762939453,19.170000076293945,19.200000762939453,20336,0.0,0.0,0.0
2026-03-23 04:15:00+00:00,19.200000762939453,19.200000762939453,19.200000762939453,19.200000762939453,8354,0.0,0.0,0.0
2026-03-23 04:20:00+00:00,19.200000762939453,19.209999084472656,19.200000762939453,19.209999084472656,68333,0.0,0.0,0.0
2026-03-23 04:25:00+00:00,19.209999084472656,19.209999084472656,19.209999084472656,19.209999084472656,33708,0.0,0.0,0.0
2026-03-23 04:30:00+00:00,19.219999313354492,19.219999313354492,19.219999313354492,19.219999313354492,1736,0.0,0.0,0.0
2026-03-23 04:35:00+00:00,19.219999313354492,19.219999313354492,19.219999313354492,19.219999313354492,4604,0.0,0.0,0.0
2026-03-23 04:45:00+00:00,19.219999313354492,19.219999313354492,19.219999313354492,19.219999313354492,12545,0.0,0.0,0.0
2026-03-23 04:50:00+00:00,19.219999313354492,19.219999313354492,19.209999084472656,19.209999084472656,5713,0.0,0.0,0.0
2026-03-23 04:55:00+00:00,19.209999084472656,19.219999313354492,19.209999084472656,19.219999313354492,61872,0.0,0.0,0.0
2026-03-23 05:00:00+00:00,19.229999542236328,19.260000228881836,19.229999542236328,19.260000228881836,29454,0.0,0.0,0.0
2026-03-23 05:05:00+00:00,19.270000457763672,19.270000457763672,19.270000457763672,19.270000457763672,2083,0.0,0.0,0.0
2026-03-23 05:10:00+00:00,19.270000457763672,19.280000686645508,19.270000457763672,19.280000686645508,5577,0.0,0.0,0.0
2026-03-23 05:15:00+00:00,19.280000686645508,19.280000686645508,19.270000457763672,19.280000686645508,11228,0.0,0.0,0.0
2026-03-23 05:20:00+00:00,19.280000686645508,19.280000686645508,19.260000228881836,19.260000228881836,14479,0.0,0.0,0.0
2026-03-24 01:00:00+00:00,19.639999389648438,19.670000076293945,19.56999969482422,19.56999969482422,0,0.0,0.0,0.0
2026-03-24 01:05:00+00:00,19.56999969482422,19.56999969482422,19.549999237060547,19.549999237060547,154957,0.0,0.0,0.0
2026-03-24 01:10:00+00:00,19.549999237060547,19.549999237060547,19.520000457763672,19.520000457763672,4648,0.0,0.0,0.0
2026-03-24 01:15:00+00:00,19.520000457763672,19.520000457763672,19.5,19.5,6134,0.0,0.0,0.0
2026-03-24 01:20:00+00:00,19.479999542236328,19.5,19.479999542236328,19.5,49034,0.0,0.0,0.0
2026-03-24 01:25:00+00:00,19.489999771118164,19.489999771118164,19.459999084472656,19.459999084472656,18209,0.0,0.0,0.0
2026-03-24 01:30:00+00:00,19.459999084472656,19.459999084472656,19.389999389648438,19.389999389648438,29303,0.0,0.0,0.0
2026-03-24 01:35:00+00:00,19.3799991607666,19.40999984741211,19.3799991607666,19.399999618530273,62364,0.0,0.0,0.0
2026-03-24 01:40:00+00:00,19.40999984741211,19.420000076293945,19.3700008392334,19.3700008392334,39773,0.0,0.0,0.0
2026-03-24 01:45:00+00:00,19.350000381469727,19.350000381469727,19.299999237060547,19.299999237060547,46889,0.0,0.0,0.0
2026-03-24 01:50:00+00:00,19.280000686645508,19.280000686645508,19.280000686645508,19.280000686645508,3839,0.0,0.0,0.0
2026-03-24 01:55:00+00:00,19.270000457763672,19.270000457763672,19.229999542236328,19.270000457763672,34450,0.0,0.0,0.0
2026-03-24 02:00:00+00:00,19.260000228881836,19.260000228881836,19.239999771118164,19.239999771118164,19245,0.0,0.0,0.0
2026-03-24 02:05:00+00:00,19.219999313354492,19.219999313354492,19.149999618530273,19.15999984741211,69931,0.0,0.0,0.0
2026-03-24 02:10:00+00:00,19.15999984741211,19.15999984741211,19.1200008392334,19.15999984741211,30807,0.0,0.0,0.0
2026-03-24 02:15:00+00:00,19.200000762939453,19.260000228881836,19.200000762939453,19.260000228881836,56547,0.0,0.0,0.0
2026-03-24 02:20:00+00:00,19.280000686645508,19.3799991607666,19.280000686645508,19.3799991607666,15089,0.0,0.0,0.0
2026-03-24 02:25:00+00:00,19.3700008392334,19.3799991607666,19.3700008392334,19.3700008392334,3082,0.0,0.0,0.0
2026-03-24 02:30:00+00:00,19.3700008392334,19.3700008392334,19.360000610351562,19.3700008392334,47044,0.0,0.0,0.0
2026-03-24 02:35:00+00:00,19.3700008392334,19.40999984741211,19.3700008392334,19.399999618530273,19342,0.0,0.0,0.0
2026-03-24 02:40:00+00:00,19.389999389648438,19.389999389648438,19.389999389648438,19.389999389648438,1392,0.0,0.0,0.0
2026-03-24 02:50:00+00:00,19.3700008392334,19.3700008392334,19.3700008392334,19.3700008392334,1342,0.0,0.0,0.0
2026-03-24 02:55:00+00:00,19.3700008392334,19.3700008392334,19.350000381469727,19.350000381469727,7224,0.0,0.0,0.0
2026-03-24 03:00:00+00:00,19.309999465942383,19.309999465942383,19.309999465942383,19.309999465942383,32173,0.0,0.0,0.0
2026-03-24 03:05:00+00:00,19.34000015258789,19.350000381469727,19.34000015258789,19.350000381469727,2299,0.0,0.0,0.0
2026-03-24 03:15:00+00:00,19.31999969482422,19.329999923706055,19.31999969482422,19.329999923706055,2044,0.0,0.0,0.0
2026-03-24 03:20:00+00:00,19.31999969482422,19.34000015258789,19.31999969482422,19.34000015258789,17060,0.0,0.0,0.0
2026-03-24 03:25:00+00:00,19.350000381469727,19.360000610351562,19.34000015258789,19.360000610351562,20028,0.0,0.0,0.0
2026-03-24 03:30:00+00:00,19.3700008392334,19.3700008392334,19.3700008392334,19.3700008392334,1462,0.0,0.0,0.0
2026-03-24 03:35:00+00:00,19.31999969482422,19.31999969482422,19.299999237060547,19.31999969482422,14280,0.0,0.0,0.0
2026-03-24 03:40:00+00:00,19.34000015258789,19.360000610351562,19.34000015258789,19.360000610351562,12071,0.0,0.0,0.0
2026-03-24 03:45:00+00:00,19.3700008392334,19.3700008392334,19.3700008392334,19.3700008392334,2028,0.0,0.0,0.0
2026-03-24 03:50:00+00:00,19.3700008392334,19.3700008392334,19.3700008392334,19.3700008392334,3244,0.0,0.0,0.0
2026-03-24 03:55:00+00:00,19.3799991607666,19.3799991607666,19.3700008392334,19.3799991607666,4541,0.0,0.0,0.0
2026-03-24 04:00:00+00:00,19.399999618530273,19.43000030517578,19.399999618530273,19.43000030517578,15813,0.0,0.0,0.0
2026-03-24 04:05:00+00:00,19.43000030517578,19.459999084472656,19.43000030517578,19.459999084472656,22029,0.0,0.0,0.0
2026-03-24 04:10:00+00:00,19.459999084472656,19.459999084472656,19.459999084472656,19.459999084472656,11754,0.0,0.0,0.0
2026-03-24 04:15:00+00:00,19.459999084472656,19.459999084472656,19.459999084472656,19.459999084472656,4679,0.0,0.0,0.0
2026-03-24 04:20:00+00:00,19.450000762939453,19.459999084472656,19.450000762939453,19.459999084472656,4153,0.0,0.0,0.0
2026-03-24 04:25:00+00:00,19.440000534057617,19.440000534057617,19.440000534057617,19.440000534057617,1010,0.0,0.0,0.0
2026-03-24 04:30:00+00:00,19.440000534057617,19.440000534057617,19.440000534057617,19.440000534057617,1102,0.0,0.0,0.0
2026-03-24 04:35:00+00:00,19.43000030517578,19.43000030517578,19.43000030517578,19.43000030517578,9422,0.0,0.0,0.0
2026-03-24 04:45:00+00:00,19.43000030517578,19.440000534057617,19.43000030517578,19.43000030517578,5450,0.0,0.0,0.0
2026-03-24 04:55:00+00:00,19.43000030517578,19.43000030517578,19.43000030517578,19.43000030517578,4062,0.0,0.0,0.0
2026-03-24 05:00:00+00:00,19.43000030517578,19.43000030517578,19.3799991607666,19.399999618530273,15230,0.0,0.0,0.0
2026-03-24 05:05:00+00:00,19.34000015258789,19.34000015258789,19.34000015258789,19.34000015258789,2060,0.0,0.0,0.0
2026-03-24 05:10:00+00:00,19.309999465942383,19.309999465942383,19.299999237060547,19.299999237060547,6110,0.0,0.0,0.0
2026-03-24 05:15:00+00:00,19.329999923706055,19.329999923706055,19.309999465942383,19.329999923706055,5763,0.0,0.0,0.0
2026-03-24 05:20:00+00:00,19.329999923706055,19.329999923706055,19.329999923706055,19.329999923706055,2149,0.0,0.0,0.0
2026-03-25 01:00:00+00:00,19.770000457763672,19.889999389648438,19.770000457763672,19.829999923706055,0,0.0,0.0,0.0
2026-03-25 01:05:00+00:00,19.81999969482422,19.829999923706055,19.799999237060547,19.829999923706055,13000,0.0,0.0,0.0
2026-03-25 01:10:00+00:00,19.81999969482422,19.899999618530273,19.81999969482422,19.8700008392334,136543,0.0,0.0,0.0
2026-03-25 01:15:00+00:00,19.8700008392334,19.8799991607666,19.84000015258789,19.8700008392334,19664,0.0,0.0,0.0
2026-03-25 01:20:00+00:00,19.8700008392334,19.93000030517578,19.8700008392334,19.93000030517578,38629,0.0,0.0,0.0
2026-03-25 01:25:00+00:00,19.899999618530273,19.899999618530273,19.899999618530273,19.899999618530273,1000,0.0,0.0,0.0
2026-03-25 01:30:00+00:00,19.920000076293945,19.920000076293945,19.899999618530273,19.899999618530273,8162,0.0,0.0,0.0
2026-03-25 01:35:00+00:00,19.889999389648438,19.889999389648438,19.889999389648438,19.889999389648438,57640,0.0,0.0,0.0
2026-03-25 01:40:00+00:00,19.8700008392334,19.889999389648438,19.8700008392334,19.889999389648438,24640,0.0,0.0,0.0
2026-03-25 01:45:00+00:00,19.889999389648438,19.889999389648438,19.8799991607666,19.8799991607666,15319,0.0,0.0,0.0
2026-03-25 01:50:00+00:00,19.8799991607666,19.8799991607666,19.8799991607666,19.8799991607666,5616,0.0,0.0,0.0
2026-03-25 01:55:00+00:00,19.889999389648438,19.93000030517578,19.889999389648438,19.93000030517578,86301,0.0,0.0,0.0
2026-03-25 02:00:00+00:00,19.93000030517578,19.93000030517578,19.920000076293945,19.920000076293945,6250,0.0,0.0,0.0
2026-03-25 02:05:00+00:00,19.889999389648438,19.889999389648438,19.8700008392334,19.8700008392334,3276,0.0,0.0,0.0
2026-03-25 02:10:00+00:00,19.84000015258789,19.84000015258789,19.809999465942383,19.81999969482422,16051,0.0,0.0,0.0
2026-03-25 02:15:00+00:00,19.84000015258789,19.84000015258789,19.81999969482422,19.829999923706055,15118,0.0,0.0,0.0
2026-03-25 02:20:00+00:00,19.84000015258789,19.84000015258789,19.809999465942383,19.809999465942383,8721,0.0,0.0,0.0
2026-03-25 02:25:00+00:00,19.809999465942383,19.84000015258789,19.809999465942383,19.84000015258789,9602,0.0,0.0,0.0
2026-03-25 02:30:00+00:00,19.850000381469727,19.850000381469727,19.850000381469727,19.850000381469727,2488,0.0,0.0,0.0
2026-03-25 02:45:00+00:00,19.850000381469727,19.850000381469727,19.84000015258789,19.84000015258789,5101,0.0,0.0,0.0
2026-03-25 02:50:00+00:00,19.84000015258789,19.84000015258789,19.84000015258789,19.84000015258789,4041,0.0,0.0,0.0
2026-03-25 02:55:00+00:00,19.84000015258789,19.84000015258789,19.84000015258789,19.84000015258789,4460,0.0,0.0,0.0
2026-03-25 03:00:00+00:00,19.829999923706055,19.829999923706055,19.829999923706055,19.829999923706055,3069,0.0,0.0,0.0
2026-03-25 03:05:00+00:00,19.829999923706055,19.829999923706055,19.809999465942383,19.809999465942383,6050,0.0,0.0,0.0
2026-03-25 03:10:00+00:00,19.81999969482422,19.81999969482422,19.81999969482422,19.81999969482422,1331,0.0,0.0,0.0
2026-03-25 03:15:00+00:00,19.809999465942383,19.809999465942383,19.809999465942383,19.809999465942383,3381,0.0,0.0,0.0
2026-03-25 03:20:00+00:00,19.799999237060547,19.799999237060547,19.799999237060547,19.799999237060547,10000,0.0,0.0,0.0
2026-03-25 03:25:00+00:00,19.799999237060547,19.799999237060547,19.799999237060547,19.799999237060547,15049,0.0,0.0,0.0
2026-03-25 03:30:00+00:00,19.809999465942383,19.809999465942383,19.809999465942383,19.809999465942383,2065,0.0,0.0,0.0
2026-03-25 03:35:00+00:00,19.809999465942383,19.809999465942383,19.809999465942383,19.809999465942383,11115,0.0,0.0,0.0
2026-03-25 03:40:00+00:00,19.809999465942383,19.809999465942383,19.809999465942383,19.809999465942383,1019,0.0,0.0,0.0
2026-03-25 03:45:00+00:00,19.81999969482422,19.81999969482422,19.809999465942383,19.809999465942383,8025,0.0,0.0,0.0
2026-03-25 03:50:00+00:00,19.809999465942383,19.850000381469727,19.809999465942383,19.850000381469727,17646,0.0,0.0,0.0
2026-03-25 04:00:00+00:00,19.850000381469727,19.850000381469727,19.84000015258789,19.850000381469727,64122,0.0,0.0,0.0
2026-03-25 04:05:00+00:00,19.850000381469727,19.860000610351562,19.84000015258789,19.860000610351562,61113,0.0,0.0,0.0
2026-03-25 04:10:00+00:00,19.850000381469727,19.8700008392334,19.850000381469727,19.8700008392334,6971,0.0,0.0,0.0
2026-03-25 04:15:00+00:00,19.8799991607666,19.889999389648438,19.8799991607666,19.889999389648438,21410,0.0,0.0,0.0
2026-03-25 04:25:00+00:00,19.899999618530273,19.90999984741211,19.899999618530273,19.90999984741211,10892,0.0,0.0,0.0
2026-03-25 04:30:00+00:00,19.920000076293945,19.920000076293945,19.920000076293945,19.920000076293945,4088,0.0,0.0,0.0
2026-03-25 04:35:00+00:00,19.889999389648438,19.889999389648438,19.889999389648438,19.889999389648438,1123,0.0,0.0,0.0
2026-03-25 04:40:00+00:00,19.889999389648438,19.889999389648438,19.889999389648438,19.889999389648438,1118,0.0,0.0,0.0
2026-03-25 04:45:00+00:00,19.889999389648438,19.889999389648438,19.889999389648438,19.889999389648438,1881,0.0,0.0,0.0
2026-03-25 04:50:00+00:00,19.8700008392334,19.8700008392334,19.860000610351562,19.860000610351562,7619,0.0,0.0,0.0
2026-03-25 04:55:00+00:00,19.860000610351562,19.860000610351562,19.860000610351562,19.860000610351562,12942,0.0,0.0,0.0
2026-03-25 05:00:00+00:00,19.8700008392334,19.8700008392334,19.8700008392334,19.8700008392334,5208,0.0,0.0,0.0
2026-03-25 05:05:00+00:00,19.8700008392334,19.8700008392334,19.8700008392334,19.8700008392334,11109,0.0,0.0,0.0
2026-03-25 05:10:00+00:00,19.8700008392334,19.8700008392334,19.8700008392334,19.8700008392334,59209,0.0,0.0,0.0
2026-03-25 05:15:00+00:00,19.8799991607666,19.8799991607666,19.8700008392334,19.8700008392334,6643,0.0,0.0,0.0
2026-03-25 05:20:00+00:00,19.860000610351562,19.860000610351562,19.860000610351562,19.860000610351562,9577,0.0,0.0,0.0
2026-03-26 01:00:00+00:00,19.899999618530273,19.959999084472656,19.899999618530273,19.959999084472656,0,0.0,0.0,0.0
2026-03-26 01:10:00+00:00,19.959999084472656,19.989999771118164,19.959999084472656,19.989999771118164,38174,0.0,0.0,0.0
2026-03-26 01:15:00+00:00,19.989999771118164,19.989999771118164,19.950000762939453,19.969999313354492,6373,0.0,0.0,0.0
2026-03-26 01:20:00+00:00,19.969999313354492,19.979999542236328,19.969999313354492,19.979999542236328,20017,0.0,0.0,0.0
2026-03-26 01:25:00+00:00,19.950000762939453,19.989999771118164,19.950000762939453,19.959999084472656,18160,0.0,0.0,0.0
2026-03-26 01:30:00+00:00,19.989999771118164,20.030000686645508,19.979999542236328,20.030000686645508,95866,0.0,0.0,0.0
2026-03-26 01:35:00+00:00,20.040000915527344,20.040000915527344,19.979999542236328,20.0,9310,0.0,0.0,0.0
2026-03-26 01:40:00+00:00,20.020000457763672,20.040000915527344,20.020000457763672,20.020000457763672,10818,0.0,0.0,0.0
2026-03-26 01:45:00+00:00,20.049999237060547,20.059999465942383,20.049999237060547,20.049999237060547,84264,0.0,0.0,0.0
2026-03-26 01:50:00+00:00,20.040000915527344,20.040000915527344,20.030000686645508,20.040000915527344,75179,0.0,0.0,0.0
2026-03-26 01:55:00+00:00,20.040000915527344,20.059999465942383,20.040000915527344,20.059999465942383,15040,0.0,0.0,0.0
2026-03-26 02:00:00+00:00,20.059999465942383,20.059999465942383,20.049999237060547,20.049999237060547,14165,0.0,0.0,0.0
2026-03-26 02:05:00+00:00,20.040000915527344,20.040000915527344,20.010000228881836,20.010000228881836,5137,0.0,0.0,0.0
2026-03-26 02:10:00+00:00,19.989999771118164,20.0,19.989999771118164,20.0,17387,0.0,0.0,0.0
2026-03-26 02:15:00+00:00,20.0,20.0,19.959999084472656,19.959999084472656,11405,0.0,0.0,0.0
2026-03-26 02:20:00+00:00,19.940000534057617,19.940000534057617,19.899999618530273,19.90999984741211,5965,0.0,0.0,0.0
2026-03-26 02:25:00+00:00,19.8799991607666,19.8799991607666,19.850000381469727,19.850000381469727,8007,0.0,0.0,0.0
2026-03-26 02:30:00+00:00,19.8700008392334,19.8700008392334,19.81999969482422,19.860000610351562,28668,0.0,0.0,0.0
2026-03-26 02:35:00+00:00,19.860000610351562,19.860000610351562,19.81999969482422,19.81999969482422,12338,0.0,0.0,0.0
2026-03-26 02:40:00+00:00,19.790000915527344,19.809999465942383,19.780000686645508,19.809999465942383,27564,0.0,0.0,0.0
2026-03-26 02:45:00+00:00,19.81999969482422,19.8700008392334,19.81999969482422,19.8700008392334,14302,0.0,0.0,0.0
2026-03-26 02:50:00+00:00,19.8799991607666,19.8799991607666,19.8799991607666,19.8799991607666,3058,0.0,0.0,0.0
2026-03-26 02:55:00+00:00,19.8700008392334,19.8700008392334,19.8700008392334,19.8700008392334,5027,0.0,0.0,0.0
2026-03-26 03:00:00+00:00,19.8799991607666,19.8799991607666,19.860000610351562,19.860000610351562,4733,0.0,0.0,0.0
2026-03-26 03:05:00+00:00,19.860000610351562,19.860000610351562,19.860000610351562,19.860000610351562,15547,0.0,0.0,0.0
2026-03-26 03:10:00+00:00,19.8700008392334,19.8799991607666,19.8700008392334,19.8799991607666,7195,0.0,0.0,0.0
2026-03-26 03:15:00+00:00,19.899999618530273,19.920000076293945,19.899999618530273,19.90999984741211,5636,0.0,0.0,0.0
2026-03-26 03:20:00+00:00,19.90999984741211,19.90999984741211,19.90999984741211,19.90999984741211,1028,0.0,0.0,0.0
2026-03-26 03:25:00+00:00,19.90999984741211,19.90999984741211,19.90999984741211,19.90999984741211,2078,0.0,0.0,0.0
2026-03-26 03:30:00+00:00,19.90999984741211,19.920000076293945,19.90999984741211,19.920000076293945,10041,0.0,0.0,0.0
2026-03-26 03:35:00+00:00,19.920000076293945,19.93000030517578,19.920000076293945,19.93000030517578,6029,0.0,0.0,0.0
2026-03-26 03:40:00+00:00,19.920000076293945,19.93000030517578,19.920000076293945,19.93000030517578,3063,0.0,0.0,0.0
2026-03-26 03:45:00+00:00,19.93000030517578,19.93000030517578,19.920000076293945,19.920000076293945,4043,0.0,0.0,0.0
2026-03-26 03:50:00+00:00,19.93000030517578,19.93000030517578,19.899999618530273,19.899999618530273,4460,0.0,0.0,0.0
2026-03-26 03:55:00+00:00,19.920000076293945,19.920000076293945,19.920000076293945,19.920000076293945,1114,0.0,0.0,0.0
2026-03-26 04:00:00+00:00,19.90999984741211,19.90999984741211,19.90999984741211,19.90999984741211,1002,0.0,0.0,0.0
2026-03-26 04:05:00+00:00,19.899999618530273,19.90999984741211,19.899999618530273,19.90999984741211,3164,0.0,0.0,0.0
2026-03-26 04:10:00+00:00,19.899999618530273,19.899999618530273,19.899999618530273,19.899999618530273,1362,0.0,0.0,0.0
2026-03-26 04:15:00+00:00,19.899999618530273,19.899999618530273,19.899999618530273,19.899999618530273,3773,0.0,0.0,0.0
2026-03-26 04:20:00+00:00,19.899999618530273,19.899999618530273,19.899999618530273,19.899999618530273,1063,0.0,0.0,0.0
2026-03-26 04:25:00+00:00,19.899999618530273,19.899999618530273,19.889999389648438,19.889999389648438,6622,0.0,0.0,0.0
2026-03-26 04:30:00+00:00,19.889999389648438,19.899999618530273,19.889999389648438,19.899999618530273,2271,0.0,0.0,0.0
2026-03-26 04:35:00+00:00,19.889999389648438,19.889999389648438,19.889999389648438,19.889999389648438,1210,0.0,0.0,0.0
2026-03-26 04:40:00+00:00,19.889999389648438,19.889999389648438,19.8799991607666,19.8799991607666,2110,0.0,0.0,0.0
2026-03-26 04:45:00+00:00,19.8799991607666,19.889999389648438,19.8700008392334,19.889999389648438,6293,0.0,0.0,0.0
2026-03-26 04:50:00+00:00,19.8700008392334,19.8700008392334,19.8700008392334,19.8700008392334,6126,0.0,0.0,0.0
2026-03-26 04:55:00+00:00,19.860000610351562,19.860000610351562,19.860000610351562,19.860000610351562,2045,0.0,0.0,0.0
2026-03-26 05:05:00+00:00,19.850000381469727,19.850000381469727,19.84000015258789,19.84000015258789,5513,0.0,0.0,0.0
2026-03-26 05:15:00+00:00,19.81999969482422,19.81999969482422,19.81999969482422,19.81999969482422,5259,0.0,0.0,0.0
2026-03-26 05:20:00+00:00,19.809999465942383,19.809999465942383,19.809999465942383,19.809999465942383,12792,0.0,0.0,0.0
2026-03-27 01:00:00+00:00,19.43000030517578,19.510000228881836,19.399999618530273,19.399999618530273,0,0.0,0.0,0.0
2026-03-27 01:05:00+00:00,19.399999618530273,19.420000076293945,19.3799991607666,19.3799991607666,104355,0.0,0.0,0.0
2026-03-27 01:10:00+00:00,19.40999984741211,19.450000762939453,19.40999984741211,19.450000762939453,19762,0.0,0.0,0.0
2026-03-27 01:15:00+00:00,19.450000762939453,19.450000762939453,19.43000030517578,19.440000534057617,13135,0.0,0.0,0.0
2026-03-27 01:20:00+00:00,19.440000534057617,19.450000762939453,19.440000534057617,19.450000762939453,10429,0.0,0.0,0.0
2026-03-27 01:25:00+00:00,19.450000762939453,19.479999542236328,19.450000762939453,19.479999542236328,45737,0.0,0.0,0.0
2026-03-27 01:30:00+00:00,19.489999771118164,19.489999771118164,19.489999771118164,19.489999771118164,2593,0.0,0.0,0.0
2026-03-27 01:35:00+00:00,19.510000228881836,19.549999237060547,19.510000228881836,19.549999237060547,19068,0.0,0.0,0.0
2026-03-27 01:40:00+00:00,19.56999969482422,19.56999969482422,19.559999465942383,19.559999465942383,6075,0.0,0.0,0.0
2026-03-27 01:45:00+00:00,19.56999969482422,19.56999969482422,19.540000915527344,19.540000915527344,20444,0.0,0.0,0.0
2026-03-27 01:50:00+00:00,19.540000915527344,19.540000915527344,19.530000686645508,19.530000686645508,3336,0.0,0.0,0.0
2026-03-27 01:55:00+00:00,19.540000915527344,19.540000915527344,19.540000915527344,19.540000915527344,3514,0.0,0.0,0.0
2026-03-27 02:00:00+00:00,19.540000915527344,19.540000915527344,19.540000915527344,19.540000915527344,2037,0.0,0.0,0.0
2026-03-27 02:05:00+00:00,19.540000915527344,19.540000915527344,19.530000686645508,19.530000686645508,24211,0.0,0.0,0.0
2026-03-27 02:10:00+00:00,19.530000686645508,19.530000686645508,19.510000228881836,19.510000228881836,38851,0.0,0.0,0.0
2026-03-27 02:15:00+00:00,19.5,19.5,19.489999771118164,19.489999771118164,8277,0.0,0.0,0.0
2026-03-27 02:20:00+00:00,19.479999542236328,19.479999542236328,19.450000762939453,19.450000762939453,20919,0.0,0.0,0.0
2026-03-27 02:25:00+00:00,19.440000534057617,19.469999313354492,19.440000534057617,19.469999313354492,21765,0.0,0.0,0.0
2026-03-27 02:30:00+00:00,19.469999313354492,19.510000228881836,19.469999313354492,19.510000228881836,64425,0.0,0.0,0.0
2026-03-27 02:35:00+00:00,19.510000228881836,19.530000686645508,19.510000228881836,19.520000457763672,8293,0.0,0.0,0.0
2026-03-27 02:45:00+00:00,19.520000457763672,19.520000457763672,19.510000228881836,19.510000228881836,6132,0.0,0.0,0.0
2026-03-27 02:50:00+00:00,19.520000457763672,19.520000457763672,19.520000457763672,19.520000457763672,1031,0.0,0.0,0.0
2026-03-27 02:55:00+00:00,19.510000228881836,19.510000228881836,19.510000228881836,19.510000228881836,4520,0.0,0.0,0.0
2026-03-27 03:00:00+00:00,19.520000457763672,19.520000457763672,19.520000457763672,19.520000457763672,1052,0.0,0.0,0.0
2026-03-27 03:05:00+00:00,19.520000457763672,19.520000457763672,19.520000457763672,19.520000457763672,1490,0.0,0.0,0.0
2026-03-27 03:15:00+00:00,19.520000457763672,19.520000457763672,19.520000457763672,19.520000457763672,1056,0.0,0.0,0.0
2026-03-27 03:20:00+00:00,19.540000915527344,19.540000915527344,19.540000915527344,19.540000915527344,1331,0.0,0.0,0.0
2026-03-27 03:25:00+00:00,19.540000915527344,19.540000915527344,19.540000915527344,19.540000915527344,1540,0.0,0.0,0.0
2026-03-27 03:30:00+00:00,19.549999237060547,19.549999237060547,19.520000457763672,19.549999237060547,7071,0.0,0.0,0.0
2026-03-27 03:35:00+00:00,19.540000915527344,19.540000915527344,19.540000915527344,19.540000915527344,4174,0.0,0.0,0.0
2026-03-27 03:40:00+00:00,19.559999465942383,19.600000381469727,19.559999465942383,19.559999465942383,6074,0.0,0.0,0.0
2026-03-27 03:45:00+00:00,19.56999969482422,19.56999969482422,19.56999969482422,19.56999969482422,2258,0.0,0.0,0.0
2026-03-27 03:55:00+00:00,19.600000381469727,19.600000381469727,19.600000381469727,19.600000381469727,1308,0.0,0.0,0.0
2026-03-27 04:10:00+00:00,19.59000015258789,19.59000015258789,19.59000015258789,19.59000015258789,1112,0.0,0.0,0.0
2026-03-27 04:15:00+00:00,19.59000015258789,19.59000015258789,19.59000015258789,19.59000015258789,6180,0.0,0.0,0.0
2026-03-27 04:20:00+00:00,19.59000015258789,19.59000015258789,19.59000015258789,19.59000015258789,1148,0.0,0.0,0.0
2026-03-27 04:25:00+00:00,19.579999923706055,19.579999923706055,19.579999923706055,19.579999923706055,1604,0.0,0.0,0.0
2026-03-27 04:30:00+00:00,19.600000381469727,19.600000381469727,19.59000015258789,19.59000015258789,2307,0.0,0.0,0.0
2026-03-27 04:35:00+00:00,19.579999923706055,19.579999923706055,19.579999923706055,19.579999923706055,3055,0.0,0.0,0.0
2026-03-27 04:40:00+00:00,19.579999923706055,19.579999923706055,19.579999923706055,19.579999923706055,1210,0.0,0.0,0.0
2026-03-27 04:45:00+00:00,19.59000015258789,19.600000381469727,19.59000015258789,19.600000381469727,52310,0.0,0.0,0.0
2026-03-27 04:50:00+00:00,19.600000381469727,19.600000381469727,19.600000381469727,19.600000381469727,5242,0.0,0.0,0.0
2026-03-27 04:55:00+00:00,19.610000610351562,19.649999618530273,19.610000610351562,19.649999618530273,5010,0.0,0.0,0.0
2026-03-27 05:00:00+00:00,19.639999389648438,19.649999618530273,19.639999389648438,19.639999389648438,5520,0.0,0.0,0.0
2026-03-27 05:05:00+00:00,19.639999389648438,19.65999984741211,19.639999389648438,19.65999984741211,11609,0.0,0.0,0.0
2026-03-27 05:10:00+00:00,19.65999984741211,19.65999984741211,19.65999984741211,19.65999984741211,1000,0.0,0.0,0.0
2026-03-27 05:15:00+00:00,19.700000762939453,19.700000762939453,19.670000076293945,19.670000076293945,3528,0.0,0.0,0.0
2026-03-27 05:20:00+00:00,19.670000076293945,19.670000076293945,19.670000076293945,19.670000076293945,1605,0.0,0.0,0.0
2026-03-30 01:00:00+00:00,19.309999465942383,19.309999465942383,19.25,19.25,0,0.0,0.0,0.0
2026-03-30 01:05:00+00:00,19.25,19.25,19.229999542236328,19.229999542236328,66686,0.0,0.0,0.0
2026-03-30 01:10:00+00:00,19.239999771118164,19.270000457763672,19.239999771118164,19.25,53343,0.0,0.0,0.0
2026-03-30 01:15:00+00:00,19.280000686645508,19.299999237060547,19.25,19.25,57774,0.0,0.0,0.0
2026-03-30 01:20:00+00:00,19.25,19.290000915527344,19.25,19.270000457763672,19484,0.0,0.0,0.0
2026-03-30 01:25:00+00:00,19.270000457763672,19.299999237060547,19.260000228881836,19.299999237060547,121264,0.0,0.0,0.0
2026-03-30 01:30:00+00:00,19.299999237060547,19.309999465942383,19.270000457763672,19.270000457763672,39191,0.0,0.0,0.0
2026-03-30 01:35:00+00:00,19.299999237060547,19.299999237060547,19.280000686645508,19.299999237060547,16329,0.0,0.0,0.0
2026-03-30 01:40:00+00:00,19.299999237060547,19.299999237060547,19.280000686645508,19.290000915527344,6720,0.0,0.0,0.0
2026-03-30 01:45:00+00:00,19.309999465942383,19.309999465942383,19.280000686645508,19.280000686645508,29121,0.0,0.0,0.0
2026-03-30 01:50:00+00:00,19.280000686645508,19.280000686645508,19.280000686645508,19.280000686645508,1529,0.0,0.0,0.0
2026-03-30 01:55:00+00:00,19.280000686645508,19.280000686645508,19.270000457763672,19.280000686645508,4659,0.0,0.0,0.0
2026-03-30 02:00:00+00:00,19.280000686645508,19.299999237060547,19.280000686645508,19.280000686645508,7979,0.0,0.0,0.0
2026-03-30 02:05:00+00:00,19.280000686645508,19.309999465942383,19.280000686645508,19.309999465942383,3206,0.0,0.0,0.0
2026-03-30 02:10:00+00:00,19.290000915527344,19.290000915527344,19.260000228881836,19.260000228881836,34376,0.0,0.0,0.0
2026-03-30 02:15:00+00:00,19.280000686645508,19.280000686645508,19.239999771118164,19.239999771118164,45950,0.0,0.0,0.0
2026-03-30 02:20:00+00:00,19.229999542236328,19.229999542236328,19.209999084472656,19.219999313354492,89572,0.0,0.0,0.0
2026-03-30 02:25:00+00:00,19.209999084472656,19.219999313354492,19.190000534057617,19.190000534057617,59652,0.0,0.0,0.0
2026-03-30 02:30:00+00:00,19.190000534057617,19.190000534057617,19.190000534057617,19.190000534057617,5622,0.0,0.0,0.0
2026-03-30 02:35:00+00:00,19.190000534057617,19.209999084472656,19.190000534057617,19.209999084472656,13098,0.0,0.0,0.0
2026-03-30 02:40:00+00:00,19.219999313354492,19.219999313354492,19.219999313354492,19.219999313354492,11000,0.0,0.0,0.0
2026-03-30 02:45:00+00:00,19.219999313354492,19.25,19.219999313354492,19.25,23128,0.0,0.0,0.0
2026-03-30 02:50:00+00:00,19.31999969482422,19.31999969482422,19.290000915527344,19.290000915527344,12530,0.0,0.0,0.0
2026-03-30 02:55:00+00:00,19.280000686645508,19.290000915527344,19.280000686645508,19.280000686645508,6221,0.0,0.0,0.0
2026-03-30 03:00:00+00:00,19.290000915527344,19.290000915527344,19.270000457763672,19.270000457763672,7503,0.0,0.0,0.0
2026-03-30 03:05:00+00:00,19.280000686645508,19.329999923706055,19.280000686645508,19.329999923706055,65623,0.0,0.0,0.0
2026-03-30 03:10:00+00:00,19.34000015258789,19.350000381469727,19.34000015258789,19.350000381469727,6779,0.0,0.0,0.0
2026-03-30 03:15:00+00:00,19.34000015258789,19.350000381469727,19.34000015258789,19.350000381469727,3375,0.0,0.0,0.0
2026-03-30 03:20:00+00:00,19.360000610351562,19.360000610351562,19.350000381469727,19.350000381469727,9337,0.0,0.0,0.0
2026-03-30 03:25:00+00:00,19.34000015258789,19.360000610351562,19.34000015258789,19.360000610351562,8127,0.0,0.0,0.0
2026-03-30 03:30:00+00:00,19.3700008392334,19.3700008392334,19.360000610351562,19.360000610351562,4386,0.0,0.0,0.0
2026-03-30 03:35:00+00:00,19.360000610351562,19.360000610351562,19.360000610351562,19.360000610351562,1041,0.0,0.0,0.0
2026-03-30 03:40:00+00:00,19.3700008392334,19.3700008392334,19.360000610351562,19.360000610351562,2067,0.0,0.0,0.0
2026-03-30 03:45:00+00:00,19.350000381469727,19.350000381469727,19.350000381469727,19.350000381469727,10564,0.0,0.0,0.0
2026-03-30 03:50:00+00:00,19.34000015258789,19.34000015258789,19.34000015258789,19.34000015258789,1075,0.0,0.0,0.0
2026-03-30 03:55:00+00:00,19.350000381469727,19.350000381469727,19.350000381469727,19.350000381469727,1000,0.0,0.0,0.0
2026-03-30 04:00:00+00:00,19.360000610351562,19.360000610351562,19.360000610351562,19.360000610351562,2386,0.0,0.0,0.0
2026-03-30 04:05:00+00:00,19.34000015258789,19.389999389648438,19.34000015258789,19.389999389648438,2445,0.0,0.0,0.0
2026-03-30 04:10:00+00:00,19.360000610351562,19.360000610351562,19.360000610351562,19.360000610351562,1153,0.0,0.0,0.0
2026-03-30 04:15:00+00:00,19.3700008392334,19.389999389648438,19.3700008392334,19.389999389648438,3467,0.0,0.0,0.0
2026-03-30 04:20:00+00:00,19.360000610351562,19.389999389648438,19.360000610351562,19.389999389648438,7284,0.0,0.0,0.0
2026-03-30 04:25:00+00:00,19.3700008392334,19.399999618530273,19.3700008392334,19.399999618530273,5122,0.0,0.0,0.0
2026-03-30 04:30:00+00:00,19.399999618530273,19.399999618530273,19.399999618530273,19.399999618530273,1803,0.0,0.0,0.0
2026-03-30 04:35:00+00:00,19.3799991607666,19.389999389648438,19.3799991607666,19.3799991607666,12925,0.0,0.0,0.0
2026-03-30 04:40:00+00:00,19.360000610351562,19.360000610351562,19.350000381469727,19.350000381469727,17399,0.0,0.0,0.0
2026-03-30 04:50:00+00:00,19.350000381469727,19.360000610351562,19.350000381469727,19.350000381469727,34115,0.0,0.0,0.0
2026-03-30 04:55:00+00:00,19.34000015258789,19.350000381469727,19.34000015258789,19.350000381469727,4064,0.0,0.0,0.0
2026-03-30 05:00:00+00:00,19.350000381469727,19.350000381469727,19.350000381469727,19.350000381469727,9000,0.0,0.0,0.0
2026-03-30 05:05:00+00:00,19.350000381469727,19.360000610351562,19.350000381469727,19.360000610351562,15372,0.0,0.0,0.0
2026-03-30 05:10:00+00:00,19.360000610351562,19.3700008392334,19.360000610351562,19.360000610351562,32387,0.0,0.0,0.0
2026-03-30 05:15:00+00:00,19.3700008392334,19.3700008392334,19.3700008392334,19.3700008392334,4831,0.0,0.0,0.0
2026-03-30 05:20:00+00:00,19.3700008392334,19.3700008392334,19.3700008392334,19.3700008392334,10652,0.0,0.0,0.0
2026-03-31 01:00:00+00:00,19.270000457763672,19.280000686645508,19.200000762939453,19.200000762939453,0,0.0,0.0,0.0
2026-03-31 01:05:00+00:00,19.18000030517578,19.18000030517578,19.030000686645508,19.030000686645508,109459,0.0,0.0,0.0
2026-03-31 01:10:00+00:00,19.040000915527344,19.040000915527344,19.0,19.010000228881836,73326,0.0,0.0,0.0
2026-03-31 01:15:00+00:00,19.020000457763672,19.020000457763672,18.989999771118164,18.989999771118164,46707,0.0,0.0,0.0
2026-03-31 01:20:00+00:00,19.010000228881836,19.059999465942383,19.010000228881836,19.059999465942383,37487,0.0,0.0,0.0
2026-03-31 01:25:00+00:00,19.059999465942383,19.09000015258789,19.059999465942383,19.09000015258789,5383,0.0,0.0,0.0
2026-03-31 01:30:00+00:00,19.100000381469727,19.170000076293945,19.100000381469727,19.170000076293945,6211,0.0,0.0,0.0
2026-03-31 01:35:00+00:00,19.1299991607666,19.170000076293945,19.1299991607666,19.139999389648438,27496,0.0,0.0,0.0
2026-03-31 01:40:00+00:00,19.139999389648438,19.139999389648438,19.139999389648438,19.139999389648438,15088,0.0,0.0,0.0
2026-03-31 01:45:00+00:00,19.139999389648438,19.139999389648438,19.1200008392334,19.1200008392334,5067,0.0,0.0,0.0
2026-03-31 01:50:00+00:00,19.1200008392334,19.170000076293945,19.100000381469727,19.170000076293945,120347,0.0,0.0,0.0
2026-03-31 01:55:00+00:00,19.15999984741211,19.15999984741211,19.149999618530273,19.149999618530273,6171,0.0,0.0,0.0
2026-03-31 02:00:00+00:00,19.170000076293945,19.18000030517578,19.170000076293945,19.18000030517578,4488,0.0,0.0,0.0
2026-03-31 02:05:00+00:00,19.18000030517578,19.18000030517578,19.149999618530273,19.149999618530273,14353,0.0,0.0,0.0
2026-03-31 02:10:00+00:00,19.149999618530273,19.149999618530273,19.1200008392334,19.1200008392334,8600,0.0,0.0,0.0
2026-03-31 02:15:00+00:00,19.1200008392334,19.1200008392334,19.110000610351562,19.110000610351562,23221,0.0,0.0,0.0
2026-03-31 02:20:00+00:00,19.139999389648438,19.139999389648438,19.110000610351562,19.110000610351562,9300,0.0,0.0,0.0
2026-03-31 02:25:00+00:00,19.100000381469727,19.100000381469727,19.09000015258789,19.09000015258789,20644,0.0,0.0,0.0
2026-03-31 02:30:00+00:00,19.079999923706055,19.079999923706055,19.049999237060547,19.049999237060547,31939,0.0,0.0,0.0
2026-03-31 02:40:00+00:00,19.049999237060547,19.049999237060547,19.040000915527344,19.040000915527344,11399,0.0,0.0,0.0
2026-03-31 02:45:00+00:00,19.049999237060547,19.06999969482422,19.040000915527344,19.06999969482422,37087,0.0,0.0,0.0
2026-03-31 02:50:00+00:00,19.09000015258789,19.100000381469727,19.09000015258789,19.100000381469727,34199,0.0,0.0,0.0
2026-03-31 02:55:00+00:00,19.100000381469727,19.100000381469727,19.079999923706055,19.079999923706055,6155,0.0,0.0,0.0
2026-03-31 03:00:00+00:00,19.079999923706055,19.079999923706055,19.059999465942383,19.059999465942383,3304,0.0,0.0,0.0
2026-03-31 03:05:00+00:00,19.059999465942383,19.059999465942383,19.049999237060547,19.049999237060547,53451,0.0,0.0,0.0
2026-03-31 03:15:00+00:00,19.06999969482422,19.06999969482422,19.06999969482422,19.06999969482422,2088,0.0,0.0,0.0
2026-03-31 03:20:00+00:00,19.06999969482422,19.06999969482422,19.049999237060547,19.049999237060547,56056,0.0,0.0,0.0
2026-03-31 03:25:00+00:00,19.049999237060547,19.049999237060547,19.030000686645508,19.030000686645508,13889,0.0,0.0,0.0
2026-03-31 03:30:00+00:00,19.020000457763672,19.020000457763672,18.989999771118164,18.989999771118164,117673,0.0,0.0,0.0
2026-03-31 03:35:00+00:00,18.989999771118164,18.989999771118164,18.959999084472656,18.959999084472656,56900,0.0,0.0,0.0
2026-03-31 03:40:00+00:00,18.959999084472656,18.969999313354492,18.940000534057617,18.940000534057617,41860,0.0,0.0,0.0
2026-03-31 03:45:00+00:00,18.93000030517578,18.93000030517578,18.889999389648438,18.889999389648438,77189,0.0,0.0,0.0
2026-03-31 03:50:00+00:00,18.889999389648438,18.920000076293945,18.8799991607666,18.889999389648438,25279,0.0,0.0,0.0
2026-03-31 03:55:00+00:00,18.8700008392334,18.8700008392334,18.850000381469727,18.850000381469727,25667,0.0,0.0,0.0
2026-03-31 04:00:00+00:00,18.84000015258789,18.84000015258789,18.829999923706055,18.84000015258789,14075,0.0,0.0,0.0
2026-03-31 04:05:00+00:00,18.84000015258789,18.850000381469727,18.829999923706055,18.84000015258789,11361,0.0,0.0,0.0
2026-03-31 04:10:00+00:00,18.850000381469727,18.850000381469727,18.799999237060547,18.799999237060547,106287,0.0,0.0,0.0
2026-03-31 04:15:00+00:00,18.799999237060547,18.850000381469727,18.790000915527344,18.850000381469727,21618,0.0,0.0,0.0
2026-03-31 04:20:00+00:00,18.860000610351562,18.8700008392334,18.809999465942383,18.809999465942383,147440,0.0,0.0,0.0
2026-03-31 04:25:00+00:00,18.829999923706055,18.829999923706055,18.799999237060547,18.799999237060547,41697,0.0,0.0,0.0
2026-03-31 04:30:00+00:00,18.790000915527344,18.809999465942383,18.780000686645508,18.799999237060547,35521,0.0,0.0,0.0
2026-03-31 04:35:00+00:00,18.809999465942383,18.809999465942383,18.809999465942383,18.809999465942383,7092,0.0,0.0,0.0
2026-03-31 04:40:00+00:00,18.809999465942383,18.81999969482422,18.809999465942383,18.81999969482422,18522,0.0,0.0,0.0
2026-03-31 04:45:00+00:00,18.81999969482422,18.81999969482422,18.809999465942383,18.81999969482422,50213,0.0,0.0,0.0
2026-03-31 04:50:00+00:00,18.81999969482422,18.829999923706055,18.81999969482422,18.81999969482422,16559,0.0,0.0,0.0
2026-03-31 05:00:00+00:00,18.81999969482422,18.81999969482422,18.809999465942383,18.809999465942383,31664,0.0,0.0,0.0
2026-03-31 05:05:00+00:00,18.81999969482422,18.829999923706055,18.81999969482422,18.829999923706055,5657,0.0,0.0,0.0
2026-03-31 05:10:00+00:00,18.829999923706055,18.84000015258789,18.81999969482422,18.81999969482422,37847,0.0,0.0,0.0
2026-03-31 05:15:00+00:00,18.809999465942383,18.81999969482422,18.799999237060547,18.81999969482422,61419,0.0,0.0,0.0
2026-03-31 05:20:00+00:00,18.81999969482422,18.850000381469727,18.81999969482422,18.850000381469727,9807,0.0,0.0,0.0
2026-04-01 01:00:00+00:00,19.450000762939453,19.520000457763672,19.450000762939453,19.510000228881836,0,0.0,0.0,0.0
2026-04-01 01:05:00+00:00,19.469999313354492,19.469999313354492,19.43000030517578,19.459999084472656,67662,0.0,0.0,0.0
2026-04-01 01:10:00+00:00,19.459999084472656,19.479999542236328,19.450000762939453,19.459999084472656,26925,0.0,0.0,0.0
2026-04-01 01:15:00+00:00,19.450000762939453,19.479999542236328,19.440000534057617,19.479999542236328,62496,0.0,0.0,0.0
2026-04-01 01:20:00+00:00,19.479999542236328,19.540000915527344,19.479999542236328,19.540000915527344,112584,0.0,0.0,0.0
2026-04-01 01:25:00+00:00,19.540000915527344,19.549999237060547,19.540000915527344,19.540000915527344,22298,0.0,0.0,0.0
2026-04-01 01:30:00+00:00,19.540000915527344,19.559999465942383,19.540000915527344,19.549999237060547,70620,0.0,0.0,0.0
2026-04-01 01:35:00+00:00,19.540000915527344,19.559999465942383,19.530000686645508,19.530000686645508,44865,0.0,0.0,0.0
2026-04-01 01:40:00+00:00,19.540000915527344,19.540000915527344,19.530000686645508,19.530000686645508,23325,0.0,0.0,0.0
2026-04-01 01:45:00+00:00,19.520000457763672,19.530000686645508,19.520000457763672,19.530000686645508,32724,0.0,0.0,0.0
2026-04-01 01:50:00+00:00,19.530000686645508,19.530000686645508,19.530000686645508,19.530000686645508,19327,0.0,0.0,0.0
2026-04-01 01:55:00+00:00,19.540000915527344,19.549999237060547,19.540000915527344,19.540000915527344,84806,0.0,0.0,0.0
2026-04-01 02:00:00+00:00,19.540000915527344,19.59000015258789,19.540000915527344,19.59000015258789,99281,0.0,0.0,0.0
2026-04-01 02:05:00+00:00,19.579999923706055,19.579999923706055,19.56999969482422,19.56999969482422,47271,0.0,0.0,0.0
2026-04-01 02:10:00+00:00,19.549999237060547,19.549999237060547,19.540000915527344,19.540000915527344,2061,0.0,0.0,0.0
2026-04-01 02:15:00+00:00,19.530000686645508,19.559999465942383,19.530000686645508,19.559999465942383,10653,0.0,0.0,0.0
2026-04-01 02:20:00+00:00,19.559999465942383,19.56999969482422,19.559999465942383,19.56999969482422,40566,0.0,0.0,0.0
2026-04-01 02:30:00+00:00,19.579999923706055,19.579999923706055,19.579999923706055,19.579999923706055,3200,0.0,0.0,0.0
2026-04-01 02:35:00+00:00,19.579999923706055,19.579999923706055,19.579999923706055,19.579999923706055,1043,0.0,0.0,0.0
2026-04-01 02:40:00+00:00,19.56999969482422,19.59000015258789,19.56999969482422,19.59000015258789,22295,0.0,0.0,0.0
2026-04-01 02:45:00+00:00,19.600000381469727,19.600000381469727,19.600000381469727,19.600000381469727,2100,0.0,0.0,0.0
2026-04-01 02:50:00+00:00,19.59000015258789,19.600000381469727,19.59000015258789,19.600000381469727,56428,0.0,0.0,0.0
2026-04-01 02:55:00+00:00,19.600000381469727,19.6200008392334,19.579999923706055,19.579999923706055,146688,0.0,0.0,0.0
2026-04-01 03:00:00+00:00,19.600000381469727,19.610000610351562,19.600000381469727,19.610000610351562,13072,0.0,0.0,0.0
2026-04-01 03:05:00+00:00,19.6200008392334,19.6200008392334,19.610000610351562,19.610000610351562,36748,0.0,0.0,0.0
2026-04-01 03:10:00+00:00,19.610000610351562,19.6299991607666,19.610000610351562,19.6299991607666,26061,0.0,0.0,0.0
2026-04-01 03:15:00+00:00,19.610000610351562,19.6299991607666,19.610000610351562,19.6299991607666,15071,0.0,0.0,0.0
2026-04-01 03:20:00+00:00,19.6299991607666,19.6299991607666,19.610000610351562,19.610000610351562,35205,0.0,0.0,0.0
2026-04-01 03:25:00+00:00,19.6200008392334,19.6200008392334,19.610000610351562,19.6200008392334,3170,0.0,0.0,0.0
2026-04-01 03:30:00+00:00,19.6299991607666,19.6299991607666,19.6299991607666,19.6299991607666,14371,0.0,0.0,0.0
2026-04-01 03:35:00+00:00,19.6299991607666,19.6299991607666,19.6299991607666,19.6299991607666,17841,0.0,0.0,0.0
2026-04-01 03:40:00+00:00,19.639999389648438,19.639999389648438,19.639999389648438,19.639999389648438,1039,0.0,0.0,0.0
2026-04-01 03:45:00+00:00,19.639999389648438,19.639999389648438,19.6200008392334,19.6200008392334,4099,0.0,0.0,0.0
2026-04-01 03:50:00+00:00,19.6200008392334,19.6200008392334,19.6200008392334,19.6200008392334,3021,0.0,0.0,0.0
2026-04-01 03:55:00+00:00,19.639999389648438,19.639999389648438,19.639999389648438,19.639999389648438,1119,0.0,0.0,0.0
2026-04-01 04:05:00+00:00,19.6299991607666,19.639999389648438,19.6299991607666,19.639999389648438,3086,0.0,0.0,0.0
2026-04-01 04:10:00+00:00,19.6299991607666,19.6299991607666,19.6200008392334,19.6200008392334,8437,0.0,0.0,0.0
2026-04-01 04:15:00+00:00,19.6299991607666,19.6299991607666,19.6299991607666,19.6299991607666,1521,0.0,0.0,0.0
2026-04-01 04:20:00+00:00,19.6299991607666,19.6299991607666,19.6200008392334,19.6200008392334,4224,0.0,0.0,0.0
2026-04-01 04:25:00+00:00,19.600000381469727,19.600000381469727,19.59000015258789,19.59000015258789,9076,0.0,0.0,0.0
2026-04-01 04:30:00+00:00,19.600000381469727,19.600000381469727,19.59000015258789,19.59000015258789,56050,0.0,0.0,0.0
2026-04-01 04:35:00+00:00,19.610000610351562,19.6299991607666,19.610000610351562,19.610000610351562,4458,0.0,0.0,0.0
2026-04-01 04:40:00+00:00,19.6299991607666,19.6299991607666,19.6299991607666,19.6299991607666,1220,0.0,0.0,0.0
2026-04-01 04:45:00+00:00,19.6200008392334,19.6200008392334,19.6200008392334,19.6200008392334,1090,0.0,0.0,0.0
2026-04-01 04:50:00+00:00,19.6200008392334,19.639999389648438,19.6200008392334,19.639999389648438,77140,0.0,0.0,0.0
2026-04-01 04:55:00+00:00,19.639999389648438,19.639999389648438,19.639999389648438,19.639999389648438,2845,0.0,0.0,0.0
2026-04-01 05:00:00+00:00,19.639999389648438,19.639999389648438,19.639999389648438,19.639999389648438,26042,0.0,0.0,0.0
2026-04-01 05:05:00+00:00,19.639999389648438,19.65999984741211,19.639999389648438,19.65999984741211,47215,0.0,0.0,0.0
2026-04-01 05:10:00+00:00,19.65999984741211,19.65999984741211,19.649999618530273,19.649999618530273,27022,0.0,0.0,0.0
2026-04-01 05:15:00+00:00,19.649999618530273,19.649999618530273,19.649999618530273,19.649999618530273,2076,0.0,0.0,0.0
2026-04-01 05:20:00+00:00,19.639999389648438,19.649999618530273,19.639999389648438,19.649999618530273,3035,0.0,0.0,0.0
