Datetime,Open,High,Low,Close,Volume,Dividends,Stock Splits,Capital Gains
2024-03-18 01:00:00+00:00,14.90999984741211,14.960000038146973,14.90999984741211,14.949999809265137,0,0.0,0.0,0.0
2024-03-18 01:05:00+00:00,14.9399995803833,14.9399995803833,14.899999618530273,14.899999618530273,142619,0.0,0.0,0.0
2024-03-18 01:10:00+00:00,14.899999618530273,14.90999984741211,14.899999618530273,14.899999618530273,200200,0.0,0.0,0.0
2024-03-18 01:15:00+00:00,14.890000343322754,14.890000343322754,14.84000015258789,14.850000381469727,136531,0.0,0.0,0.0
2024-03-18 01:20:00+00:00,14.84000015258789,14.850000381469727,14.829999923706055,14.84000015258789,28320,0.0,0.0,0.0
2024-03-18 01:25:00+00:00,14.84000015258789,14.84000015258789,14.819999694824219,14.829999923706055,89468,0.0,0.0,0.0
2024-03-18 01:30:00+00:00,14.829999923706055,14.859999656677246,14.829999923706055,14.850000381469727,263727,0.0,0.0,0.0
2024-03-18 01:35:00+00:00,14.850000381469727,14.869999885559082,14.850000381469727,14.859999656677246,136453,0.0,0.0,0.0
2024-03-18 01:40:00+00:00,14.850000381469727,14.850000381469727,14.84000015258789,14.84000015258789,107070,0.0,0.0,0.0
2024-03-18 01:45:00+00:00,14.859999656677246,14.859999656677246,14.850000381469727,14.859999656677246,159336,0.0,0.0,0.0
2024-03-18 01:50:00+00:00,14.859999656677246,14.880000114440918,14.859999656677246,14.880000114440918,4700,0.0,0.0,0.0
2024-03-18 01:55:00+00:00,14.869999885559082,14.880000114440918,14.869999885559082,14.869999885559082,77230,0.0,0.0,0.0
2024-03-18 02:00:00+00:00,14.880000114440918,14.880000114440918,14.880000114440918,14.880000114440918,22592,0.0,0.0,0.0
2024-03-18 02:05:00+00:00,14.869999885559082,14.869999885559082,14.869999885559082,14.869999885559082,36330,0.0,0.0,0.0
2024-03-18 02:10:00+00:00,14.859999656677246,14.859999656677246,14.859999656677246,14.859999656677246,10050,0.0,0.0,0.0
2024-03-18 02:15:00+00:00,14.869999885559082,14.869999885559082,14.859999656677246,14.869999885559082,34050,0.0,0.0,0.0
2024-03-18 02:20:00+00:00,14.869999885559082,14.869999885559082,14.869999885559082,14.869999885559082,14370,0.0,0.0,0.0
2024-03-18 02:25:00+00:00,14.869999885559082,14.869999885559082,14.869999885559082,14.869999885559082,5053,0.0,0.0,0.0
2024-03-18 02:30:00+00:00,14.869999885559082,14.869999885559082,14.869999885559082,14.869999885559082,6200,0.0,0.0,0.0
2024-03-18 02:35:00+00:00,14.859999656677246,14.859999656677246,14.850000381469727,14.850000381469727,27191,0.0,0.0,0.0
2024-03-18 02:45:00+00:00,14.869999885559082,14.869999885559082,14.850000381469727,14.850000381469727,32353,0.0,0.0,0.0
2024-03-18 02:50:00+00:00,14.850000381469727,14.859999656677246,14.850000381469727,14.859999656677246,56290,0.0,0.0,0.0
2024-03-18 02:55:00+00:00,14.859999656677246,14.859999656677246,14.859999656677246,14.859999656677246,2353,0.0,0.0,0.0
2024-03-18 03:00:00+00:00,14.859999656677246,14.859999656677246,14.859999656677246,14.859999656677246,69118,0.0,0.0,0.0
2024-03-18 03:05:00+00:00,14.859999656677246,14.859999656677246,14.859999656677246,14.859999656677246,1215,0.0,0.0,0.0
2024-03-18 03:10:00+00:00,14.859999656677246,14.869999885559082,14.850000381469727,14.850000381469727,54100,0.0,0.0,0.0
2024-03-18 03:15:00+00:00,14.880000114440918,14.880000114440918,14.880000114440918,14.880000114440918,4090,0.0,0.0,0.0
2024-03-18 03:20:00+00:00,14.869999885559082,14.869999885559082,14.869999885559082,14.869999885559082,8100,0.0,0.0,0.0
2024-03-18 03:25:00+00:00,14.869999885559082,14.869999885559082,14.859999656677246,14.859999656677246,3053,0.0,0.0,0.0
2024-03-18 03:30:00+00:00,14.869999885559082,14.869999885559082,14.859999656677246,14.859999656677246,28387,0.0,0.0,0.0
2024-03-18 03:40:00+00:00,14.859999656677246,14.859999656677246,14.859999656677246,14.859999656677246,10126,0.0,0.0,0.0
2024-03-18 03:45:00+00:00,14.869999885559082,14.869999885559082,14.869999885559082,14.869999885559082,1100,0.0,0.0,0.0
2024-03-18 03:50:00+00:00,14.869999885559082,14.869999885559082,14.869999885559082,14.869999885559082,5420,0.0,0.0,0.0
2024-03-18 04:00:00+00:00,14.869999885559082,14.880000114440918,14.869999885559082,14.880000114440918,52009,0.0,0.0,0.0
2024-03-18 04:10:00+00:00,14.880000114440918,14.880000114440918,14.880000114440918,14.880000114440918,6100,0.0,0.0,0.0
2024-03-18 04:15:00+00:00,14.869999885559082,14.880000114440918,14.869999885559082,14.869999885559082,12224,0.0,0.0,0.0
2024-03-18 04:20:00+00:00,14.880000114440918,14.880000114440918,14.859999656677246,14.859999656677246,84106,0.0,0.0,0.0
2024-03-18 04:25:00+00:00,14.869999885559082,14.869999885559082,14.869999885559082,14.869999885559082,1171,0.0,0.0,0.0
2024-03-18 04:30:00+00:00,14.869999885559082,14.869999885559082,14.859999656677246,14.869999885559082,32015,0.0,0.0,0.0
2024-03-18 04:35:00+00:00,14.869999885559082,14.869999885559082,14.869999885559082,14.869999885559082,1000,0.0,0.0,0.0
2024-03-18 04:40:00+00:00,14.869999885559082,14.880000114440918,14.869999885559082,14.869999885559082,33801,0.0,0.0,0.0
2024-03-18 04:45:00+00:00,14.859999656677246,14.869999885559082,14.859999656677246,14.869999885559082,28080,0.0,0.0,0.0
2024-03-18 04:50:00+00:00,14.880000114440918,14.880000114440918,14.869999885559082,14.880000114440918,54000,0.0,0.0,0.0
2024-03-18 04:55:00+00:00,14.890000343322754,14.890000343322754,14.880000114440918,14.880000114440918,15930,0.0,0.0,0.0
2024-03-18 05:00:00+00:00,14.890000343322754,14.890000343322754,14.869999885559082,14.880000114440918,35230,0.0,0.0,0.0
2024-03-18 05:05:00+00:00,14.890000343322754,14.890000343322754,14.880000114440918,14.880000114440918,15843,0.0,0.0,0.0
2024-03-18 05:10:00+00:00,14.880000114440918,14.880000114440918,14.880000114440918,14.880000114440918,3033,0.0,0.0,0.0
2024-03-18 05:15:00+00:00,14.880000114440918,14.880000114440918,14.869999885559082,14.869999885559082,10819,0.0,0.0,0.0
2024-03-18 05:20:00+00:00,14.869999885559082,14.890000343322754,14.869999885559082,14.890000343322754,30150,0.0,0.0,0.0
2024-03-19 01:00:00+00:00,14.859999656677246,14.890000343322754,14.859999656677246,14.869999885559082,154000,0.0,0.0,0.0
2024-03-19 01:05:00+00:00,14.880000114440918,14.890000343322754,14.869999885559082,14.880000114440918,293000,0.0,0.0,0.0
2024-03-19 01:10:00+00:00,14.880000114440918,14.890000343322754,14.859999656677246,14.890000343322754,276037,0.0,0.0,0.0
2024-03-19 01:15:00+00:00,14.880000114440918,14.890000343322754,14.869999885559082,14.890000343322754,65131,0.0,0.0,0.0
2024-03-19 01:20:00+00:00,14.869999885559082,14.880000114440918,14.869999885559082,14.880000114440918,66010,0.0,0.0,0.0
2024-03-19 01:25:00+00:00,14.880000114440918,14.880000114440918,14.869999885559082,14.880000114440918,100100,0.0,0.0,0.0
2024-03-19 01:30:00+00:00,14.880000114440918,14.880000114440918,14.869999885559082,14.869999885559082,136842,0.0,0.0,0.0
2024-03-19 01:35:00+00:00,14.869999885559082,14.869999885559082,14.869999885559082,14.869999885559082,13580,0.0,0.0,0.0
2024-03-19 01:40:00+00:00,14.869999885559082,14.869999885559082,14.869999885559082,14.869999885559082,18481,0.0,0.0,0.0
2024-03-19 01:45:00+00:00,14.869999885559082,14.869999885559082,14.859999656677246,14.859999656677246,132890,0.0,0.0,0.0
2024-03-19 01:50:00+00:00,14.859999656677246,14.869999885559082,14.859999656677246,14.869999885559082,71643,0.0,0.0,0.0
2024-03-19 01:55:00+00:00,14.869999885559082,14.869999885559082,14.859999656677246,14.859999656677246,37100,0.0,0.0,0.0
2024-03-19 02:00:00+00:00,14.859999656677246,14.859999656677246,14.859999656677246,14.859999656677246,117510,0.0,0.0,0.0
2024-03-19 02:05:00+00:00,14.869999885559082,14.880000114440918,14.869999885559082,14.880000114440918,14100,0.0,0.0,0.0
2024-03-19 02:10:00+00:00,14.890000343322754,14.890000343322754,14.890000343322754,14.890000343322754,44633,0.0,0.0,0.0
2024-03-19 02:15:00+00:00,14.899999618530273,14.90999984741211,14.899999618530273,14.899999618530273,97747,0.0,0.0,0.0
2024-03-19 02:20:00+00:00,14.890000343322754,14.890000343322754,14.890000343322754,14.890000343322754,20740,0.0,0.0,0.0
2024-03-19 02:25:00+00:00,14.899999618530273,14.930000305175781,14.899999618530273,14.930000305175781,175000,0.0,0.0,0.0
2024-03-19 02:30:00+00:00,14.930000305175781,14.930000305175781,14.920000076293945,14.920000076293945,22652,0.0,0.0,0.0
2024-03-19 02:35:00+00:00,14.920000076293945,14.930000305175781,14.920000076293945,14.920000076293945,117210,0.0,0.0,0.0
2024-03-19 02:40:00+00:00,14.920000076293945,14.930000305175781,14.920000076293945,14.930000305175781,105634,0.0,0.0,0.0
2024-03-19 02:45:00+00:00,14.930000305175781,14.930000305175781,14.920000076293945,14.920000076293945,30710,0.0,0.0,0.0
2024-03-19 02:50:00+00:00,14.920000076293945,14.920000076293945,14.920000076293945,14.920000076293945,6030,0.0,0.0,0.0
2024-03-19 02:55:00+00:00,14.920000076293945,14.930000305175781,14.90999984741211,14.90999984741211,39147,0.0,0.0,0.0
2024-03-19 03:00:00+00:00,14.930000305175781,14.930000305175781,14.90999984741211,14.920000076293945,46241,0.0,0.0,0.0
2024-03-19 03:05:00+00:00,14.920000076293945,14.930000305175781,14.920000076293945,14.930000305175781,564000,0.0,0.0,0.0
2024-03-19 03:10:00+00:00,14.930000305175781,14.9399995803833,14.930000305175781,14.9399995803833,170497,0.0,0.0,0.0
2024-03-19 03:15:00+00:00,14.9399995803833,14.9399995803833,14.920000076293945,14.930000305175781,258186,0.0,0.0,0.0
2024-03-19 03:20:00+00:00,14.930000305175781,14.9399995803833,14.930000305175781,14.9399995803833,72100,0.0,0.0,0.0
2024-03-19 03:25:00+00:00,14.9399995803833,14.949999809265137,14.9399995803833,14.949999809265137,5663,0.0,0.0,0.0
2024-03-19 03:30:00+00:00,14.949999809265137,14.949999809265137,14.949999809265137,14.949999809265137,6400,0.0,0.0,0.0
2024-03-19 03:35:00+00:00,14.949999809265137,14.960000038146973,14.949999809265137,14.960000038146973,42140,0.0,0.0,0.0
2024-03-19 03:40:00+00:00,14.960000038146973,14.960000038146973,14.949999809265137,14.949999809265137,183100,0.0,0.0,0.0
2024-03-19 03:45:00+00:00,14.949999809265137,14.949999809265137,14.890000343322754,14.890000343322754,84000,0.0,0.0,0.0
2024-03-19 03:50:00+00:00,14.920000076293945,14.920000076293945,14.920000076293945,14.920000076293945,159068,0.0,0.0,0.0
2024-03-19 03:55:00+00:00,14.920000076293945,14.930000305175781,14.920000076293945,14.930000305175781,13000,0.0,0.0,0.0
2024-03-19 04:00:00+00:00,14.930000305175781,14.930000305175781,14.930000305175781,14.930000305175781,15100,0.0,0.0,0.0
2024-03-19 04:05:00+00:00,14.9399995803833,14.960000038146973,14.9399995803833,14.960000038146973,220405,0.0,0.0,0.0
2024-03-19 04:10:00+00:00,14.949999809265137,14.949999809265137,14.949999809265137,14.949999809265137,78388,0.0,0.0,0.0
2024-03-19 04:15:00+00:00,14.949999809265137,14.960000038146973,14.949999809265137,14.960000038146973,171282,0.0,0.0,0.0
2024-03-19 04:25:00+00:00,14.960000038146973,14.960000038146973,14.960000038146973,14.960000038146973,14295,0.0,0.0,0.0
2024-03-19 04:30:00+00:00,14.960000038146973,14.960000038146973,14.949999809265137,14.960000038146973,105472,0.0,0.0,0.0
2024-03-19 04:35:00+00:00,14.960000038146973,14.960000038146973,14.960000038146973,14.960000038146973,4112,0.0,0.0,0.0
2024-03-19 04:40:00+00:00,14.949999809265137,14.949999809265137,14.949999809265137,14.949999809265137,10000,0.0,0.0,0.0
2024-03-19 04:45:00+00:00,14.949999809265137,14.970000267028809,14.949999809265137,14.970000267028809,53239,0.0,0.0,0.0
2024-03-19 04:50:00+00:00,14.960000038146973,14.960000038146973,14.960000038146973,14.960000038146973,19554,0.0,0.0,0.0
2024-03-19 04:55:00+00:00,14.960000038146973,14.960000038146973,14.960000038146973,14.960000038146973,12201,0.0,0.0,0.0
2024-03-19 05:00:00+00:00,14.960000038146973,14.960000038146973,14.960000038146973,14.960000038146973,50267,0.0,0.0,0.0
2024-03-19 05:05:00+00:00,14.960000038146973,14.960000038146973,14.960000038146973,14.960000038146973,5000,0.0,0.0,0.0
2024-03-19 05:10:00+00:00,14.949999809265137,14.960000038146973,14.949999809265137,14.949999809265137,191061,0.0,0.0,0.0
2024-03-19 05:15:00+00:00,14.949999809265137,14.949999809265137,14.9399995803833,14.9399995803833,16093,0.0,0.0,0.0
2024-03-19 05:20:00+00:00,14.9399995803833,14.949999809265137,14.9399995803833,14.949999809265137,6100,0.0,0.0,0.0
2024-03-20 01:00:00+00:00,14.989999771118164,15.020000457763672,14.979999542236328,15.010000228881836,0,0.0,0.0,0.0
2024-03-20 01:05:00+00:00,15.010000228881836,15.039999961853027,15.010000228881836,15.039999961853027,342000,0.0,0.0,0.0
2024-03-20 01:10:00+00:00,15.039999961853027,15.039999961853027,15.010000228881836,15.020000457763672,78547,0.0,0.0,0.0
2024-03-20 01:15:00+00:00,15.010000228881836,15.020000457763672,15.010000228881836,15.020000457763672,24249,0.0,0.0,0.0
2024-03-20 01:20:00+00:00,15.020000457763672,15.029999732971191,15.010000228881836,15.010000228881836,105342,0.0,0.0,0.0
2024-03-20 01:25:00+00:00,15.010000228881836,15.010000228881836,14.979999542236328,14.979999542236328,138886,0.0,0.0,0.0
2024-03-20 01:30:00+00:00,14.989999771118164,14.989999771118164,14.960000038146973,14.960000038146973,26173,0.0,0.0,0.0
2024-03-20 01:35:00+00:00,14.960000038146973,14.970000267028809,14.949999809265137,14.960000038146973,31000,0.0,0.0,0.0
2024-03-20 01:40:00+00:00,14.960000038146973,14.970000267028809,14.960000038146973,14.970000267028809,50067,0.0,0.0,0.0
2024-03-20 01:45:00+00:00,14.970000267028809,14.970000267028809,14.960000038146973,14.970000267028809,81463,0.0,0.0,0.0
2024-03-20 01:50:00+00:00,14.979999542236328,15.0,14.970000267028809,15.0,144010,0.0,0.0,0.0
2024-03-20 01:55:00+00:00,14.989999771118164,14.989999771118164,14.979999542236328,14.989999771118164,6000,0.0,0.0,0.0
2024-03-20 02:00:00+00:00,14.989999771118164,14.989999771118164,14.970000267028809,14.979999542236328,48302,0.0,0.0,0.0
2024-03-20 02:05:00+00:00,14.979999542236328,15.0,14.979999542236328,15.0,265027,0.0,0.0,0.0
2024-03-20 02:10:00+00:00,15.010000228881836,15.010000228881836,15.0,15.0,31869,0.0,0.0,0.0
2024-03-20 02:15:00+00:00,15.0,15.0,14.979999542236328,14.979999542236328,33800,0.0,0.0,0.0
2024-03-20 02:20:00+00:00,14.989999771118164,14.989999771118164,14.979999542236328,14.979999542236328,25906,0.0,0.0,0.0
2024-03-20 02:25:00+00:00,14.970000267028809,14.979999542236328,14.970000267028809,14.970000267028809,80000,0.0,0.0,0.0
2024-03-20 02:30:00+00:00,14.970000267028809,14.970000267028809,14.949999809265137,14.949999809265137,515355,0.0,0.0,0.0
2024-03-20 02:35:00+00:00,14.949999809265137,14.970000267028809,14.949999809265137,14.960000038146973,30000,0.0,0.0,0.0
2024-03-20 02:40:00+00:00,14.970000267028809,14.970000267028809,14.960000038146973,14.960000038146973,21126,0.0,0.0,0.0
2024-03-20 02:45:00+00:00,14.970000267028809,14.979999542236328,14.970000267028809,14.979999542236328,139000,0.0,0.0,0.0
2024-03-20 02:50:00+00:00,14.989999771118164,14.989999771118164,14.989999771118164,14.989999771118164,9187,0.0,0.0,0.0
2024-03-20 02:55:00+00:00,14.979999542236328,14.979999542236328,14.979999542236328,14.979999542236328,7000,0.0,0.0,0.0
2024-03-20 03:00:00+00:00,14.989999771118164,14.989999771118164,14.979999542236328,14.989999771118164,5100,0.0,0.0,0.0
2024-03-20 03:05:00+00:00,14.979999542236328,14.989999771118164,14.979999542236328,14.989999771118164,19000,0.0,0.0,0.0
2024-03-20 03:10:00+00:00,14.989999771118164,14.989999771118164,14.989999771118164,14.989999771118164,19005,0.0,0.0,0.0
2024-03-20 03:15:00+00:00,14.989999771118164,14.989999771118164,14.979999542236328,14.989999771118164,15100,0.0,0.0,0.0
2024-03-20 03:20:00+00:00,15.0,15.0,15.0,15.0,2358,0.0,0.0,0.0
2024-03-20 03:25:00+00:00,14.989999771118164,14.989999771118164,14.989999771118164,14.989999771118164,6010,0.0,0.0,0.0
2024-03-20 03:30:00+00:00,14.989999771118164,14.989999771118164,14.989999771118164,14.989999771118164,12622,0.0,0.0,0.0
2024-03-20 03:35:00+00:00,14.979999542236328,14.979999542236328,14.960000038146973,14.970000267028809,23000,0.0,0.0,0.0
2024-03-20 03:40:00+00:00,14.970000267028809,14.970000267028809,14.970000267028809,14.970000267028809,63445,0.0,0.0,0.0
2024-03-20 03:45:00+00:00,14.979999542236328,14.979999542236328,14.970000267028809,14.970000267028809,6000,0.0,0.0,0.0
2024-03-20 03:50:00+00:00,14.970000267028809,14.970000267028809,14.970000267028809,14.970000267028809,8045,0.0,0.0,0.0
2024-03-20 03:55:00+00:00,14.970000267028809,14.970000267028809,14.970000267028809,14.970000267028809,6000,0.0,0.0,0.0
2024-03-20 04:00:00+00:00,14.970000267028809,14.970000267028809,14.949999809265137,14.949999809265137,10050,0.0,0.0,0.0
2024-03-20 04:05:00+00:00,14.949999809265137,14.960000038146973,14.949999809265137,14.949999809265137,28539,0.0,0.0,0.0
2024-03-20 04:10:00+00:00,14.960000038146973,14.960000038146973,14.949999809265137,14.960000038146973,116000,0.0,0.0,0.0
2024-03-20 04:15:00+00:00,14.960000038146973,14.960000038146973,14.949999809265137,14.960000038146973,13033,0.0,0.0,0.0
2024-03-20 04:20:00+00:00,14.960000038146973,14.970000267028809,14.960000038146973,14.970000267028809,39547,0.0,0.0,0.0
2024-03-20 04:25:00+00:00,14.979999542236328,14.979999542236328,14.970000267028809,14.970000267028809,3700,0.0,0.0,0.0
2024-03-20 04:30:00+00:00,14.979999542236328,14.979999542236328,14.970000267028809,14.979999542236328,17569,0.0,0.0,0.0
2024-03-20 04:35:00+00:00,14.979999542236328,14.979999542236328,14.979999542236328,14.979999542236328,3809,0.0,0.0,0.0
2024-03-20 04:40:00+00:00,14.979999542236328,14.979999542236328,14.970000267028809,14.970000267028809,22000,0.0,0.0,0.0
2024-03-20 04:45:00+00:00,14.970000267028809,14.979999542236328,14.970000267028809,14.979999542236328,15460,0.0,0.0,0.0
2024-03-20 04:50:00+00:00,14.979999542236328,14.979999542236328,14.970000267028809,14.970000267028809,14710,0.0,0.0,0.0
2024-03-20 04:55:00+00:00,14.970000267028809,14.970000267028809,14.960000038146973,14.960000038146973,48000,0.0,0.0,0.0
2024-03-20 05:00:00+00:00,14.970000267028809,14.970000267028809,14.9399995803833,14.9399995803833,191042,0.0,0.0,0.0
2024-03-20 05:05:00+00:00,14.930000305175781,14.9399995803833,14.930000305175781,14.930000305175781,232090,0.0,0.0,0.0
2024-03-20 05:10:00+00:00,14.920000076293945,14.920000076293945,14.920000076293945,14.920000076293945,2000,0.0,0.0,0.0
2024-03-20 05:15:00+00:00,14.920000076293945,14.930000305175781,14.920000076293945,14.930000305175781,146630,0.0,0.0,0.0
2024-03-20 05:20:00+00:00,14.9399995803833,14.9399995803833,14.9399995803833,14.9399995803833,12155,0.0,0.0,0.0
2024-03-21 01:00:00+00:00,14.979999542236328,15.0600004196167,14.979999542236328,15.050000190734863,0,0.0,0.0,0.0
2024-03-21 01:05:00+00:00,15.039999961853027,15.039999961853027,15.020000457763672,15.029999732971191,127578,0.0,0.0,0.0
2024-03-21 01:10:00+00:00,15.029999732971191,15.0600004196167,15.029999732971191,15.0600004196167,621167,0.0,0.0,0.0
2024-03-21 01:15:00+00:00,15.050000190734863,15.0600004196167,15.050000190734863,15.0600004196167,122708,0.0,0.0,0.0
2024-03-21 01:20:00+00:00,15.069999694824219,15.079999923706055,15.0600004196167,15.079999923706055,128742,0.0,0.0,0.0
2024-03-21 01:25:00+00:00,15.079999923706055,15.100000381469727,15.079999923706055,15.09000015258789,227715,0.0,0.0,0.0
2024-03-21 01:30:00+00:00,15.100000381469727,15.130000114440918,15.100000381469727,15.130000114440918,526233,0.0,0.0,0.0
2024-03-21 01:35:00+00:00,15.130000114440918,15.130000114440918,15.119999885559082,15.130000114440918,106666,0.0,0.0,0.0
2024-03-21 01:40:00+00:00,15.140000343322754,15.140000343322754,15.130000114440918,15.130000114440918,207200,0.0,0.0,0.0
2024-03-21 01:45:00+00:00,15.130000114440918,15.130000114440918,15.0600004196167,15.0600004196167,47072,0.0,0.0,0.0
2024-03-21 01:50:00+00:00,15.0600004196167,15.079999923706055,15.050000190734863,15.050000190734863,25010,0.0,0.0,0.0
2024-03-21 01:55:00+00:00,15.069999694824219,15.069999694824219,15.050000190734863,15.0600004196167,20400,0.0,0.0,0.0
2024-03-21 02:00:00+00:00,15.0600004196167,15.0600004196167,15.050000190734863,15.0600004196167,25050,0.0,0.0,0.0
2024-03-21 02:05:00+00:00,15.0600004196167,15.0600004196167,15.039999961853027,15.039999961853027,29700,0.0,0.0,0.0
2024-03-21 02:10:00+00:00,15.039999961853027,15.050000190734863,15.039999961853027,15.050000190734863,10130,0.0,0.0,0.0
2024-03-21 02:15:00+00:00,15.050000190734863,15.050000190734863,15.039999961853027,15.050000190734863,34000,0.0,0.0,0.0
2024-03-21 02:20:00+00:00,15.0600004196167,15.100000381469727,15.0600004196167,15.100000381469727,173333,0.0,0.0,0.0
2024-03-21 02:25:00+00:00,15.100000381469727,15.100000381469727,15.09000015258789,15.09000015258789,45200,0.0,0.0,0.0
2024-03-21 02:30:00+00:00,15.09000015258789,15.09000015258789,15.069999694824219,15.069999694824219,7677,0.0,0.0,0.0
2024-03-21 02:35:00+00:00,15.079999923706055,15.09000015258789,15.069999694824219,15.09000015258789,38200,0.0,0.0,0.0
2024-03-21 02:40:00+00:00,15.079999923706055,15.079999923706055,15.079999923706055,15.079999923706055,9067,0.0,0.0,0.0
2024-03-21 02:45:00+00:00,15.079999923706055,15.079999923706055,15.079999923706055,15.079999923706055,6508,0.0,0.0,0.0
2024-03-21 02:50:00+00:00,15.079999923706055,15.079999923706055,15.069999694824219,15.069999694824219,31000,0.0,0.0,0.0
2024-03-21 02:55:00+00:00,15.069999694824219,15.079999923706055,15.069999694824219,15.079999923706055,96400,0.0,0.0,0.0
2024-03-21 03:00:00+00:00,15.079999923706055,15.079999923706055,15.069999694824219,15.069999694824219,7300,0.0,0.0,0.0
2024-03-21 03:05:00+00:00,15.079999923706055,15.09000015258789,15.079999923706055,15.079999923706055,54730,0.0,0.0,0.0
2024-03-21 03:10:00+00:00,15.079999923706055,15.079999923706055,15.079999923706055,15.079999923706055,6200,0.0,0.0,0.0
2024-03-21 03:15:00+00:00,15.079999923706055,15.079999923706055,15.079999923706055,15.079999923706055,24200,0.0,0.0,0.0
2024-03-21 03:20:00+00:00,15.079999923706055,15.079999923706055,15.079999923706055,15.079999923706055,24430,0.0,0.0,0.0
2024-03-21 03:25:00+00:00,15.079999923706055,15.079999923706055,15.079999923706055,15.079999923706055,24000,0.0,0.0,0.0
2024-03-21 03:30:00+00:00,15.079999923706055,15.079999923706055,15.079999923706055,15.079999923706055,42476,0.0,0.0,0.0
2024-03-21 03:35:00+00:00,15.079999923706055,15.09000015258789,15.079999923706055,15.09000015258789,93466,0.0,0.0,0.0
2024-03-21 03:40:00+00:00,15.079999923706055,15.079999923706055,15.079999923706055,15.079999923706055,23334,0.0,0.0,0.0
2024-03-21 03:45:00+00:00,15.079999923706055,15.079999923706055,15.069999694824219,15.069999694824219,14020,0.0,0.0,0.0
2024-03-21 03:50:00+00:00,15.09000015258789,15.09000015258789,15.079999923706055,15.09000015258789,113610,0.0,0.0,0.0
2024-03-21 03:55:00+00:00,15.09000015258789,15.09000015258789,15.09000015258789,15.09000015258789,20100,0.0,0.0,0.0
2024-03-21 04:00:00+00:00,15.09000015258789,15.09000015258789,15.079999923706055,15.079999923706055,41413,0.0,0.0,0.0
2024-03-21 04:05:00+00:00,15.069999694824219,15.069999694824219,15.069999694824219,15.069999694824219,2000,0.0,0.0,0.0
2024-03-21 04:10:00+00:00,15.069999694824219,15.069999694824219,15.069999694824219,15.069999694824219,41066,0.0,0.0,0.0
2024-03-21 04:15:00+00:00,15.079999923706055,15.079999923706055,15.069999694824219,15.069999694824219,11420,0.0,0.0,0.0
2024-03-21 04:20:00+00:00,15.069999694824219,15.069999694824219,15.069999694824219,15.069999694824219,35095,0.0,0.0,0.0
2024-03-21 04:25:00+00:00,15.069999694824219,15.069999694824219,15.069999694824219,15.069999694824219,20419,0.0,0.0,0.0
2024-03-21 04:30:00+00:00,15.069999694824219,15.09000015258789,15.069999694824219,15.09000015258789,101190,0.0,0.0,0.0
2024-03-21 04:35:00+00:00,15.079999923706055,15.079999923706055,15.069999694824219,15.079999923706055,177015,0.0,0.0,0.0
2024-03-21 04:40:00+00:00,15.079999923706055,15.079999923706055,15.079999923706055,15.079999923706055,43266,0.0,0.0,0.0
2024-03-21 04:45:00+00:00,15.09000015258789,15.09000015258789,15.079999923706055,15.09000015258789,265768,0.0,0.0,0.0
2024-03-21 04:50:00+00:00,15.09000015258789,15.100000381469727,15.09000015258789,15.09000015258789,41136,0.0,0.0,0.0
2024-03-21 04:55:00+00:00,15.100000381469727,15.100000381469727,15.09000015258789,15.100000381469727,18300,0.0,0.0,0.0
2024-03-21 05:00:00+00:00,15.100000381469727,15.100000381469727,15.09000015258789,15.09000015258789,42705,0.0,0.0,0.0
2024-03-21 05:05:00+00:00,15.09000015258789,15.100000381469727,15.09000015258789,15.100000381469727,367664,0.0,0.0,0.0
2024-03-21 05:10:00+00:00,15.109999656677246,15.109999656677246,15.100000381469727,15.100000381469727,94242,0.0,0.0,0.0
2024-03-21 05:15:00+00:00,15.09000015258789,15.100000381469727,15.09000015258789,15.09000015258789,74300,0.0,0.0,0.0
2024-03-21 05:20:00+00:00,15.09000015258789,15.100000381469727,15.09000015258789,15.100000381469727,9337,0.0,0.0,0.0
2024-03-22 01:00:00+00:00,15.0600004196167,15.09000015258789,15.0600004196167,15.09000015258789,0,0.0,0.0,0.0
2024-03-22 01:05:00+00:00,15.09000015258789,15.109999656677246,15.09000015258789,15.109999656677246,65000,0.0,0.0,0.0
2024-03-22 01:10:00+00:00,15.109999656677246,15.109999656677246,15.050000190734863,15.050000190734863,382125,0.0,0.0,0.0
2024-03-22 01:15:00+00:00,15.050000190734863,15.050000190734863,15.039999961853027,15.050000190734863,358409,0.0,0.0,0.0
2024-03-22 01:20:00+00:00,15.050000190734863,15.050000190734863,15.039999961853027,15.039999961853027,60134,0.0,0.0,0.0
2024-03-22 01:25:00+00:00,15.039999961853027,15.050000190734863,15.029999732971191,15.039999961853027,29010,0.0,0.0,0.0
2024-03-22 01:30:00+00:00,15.050000190734863,15.050000190734863,15.039999961853027,15.050000190734863,17156,0.0,0.0,0.0
2024-03-22 01:35:00+00:00,15.050000190734863,15.050000190734863,15.039999961853027,15.039999961853027,108400,0.0,0.0,0.0
2024-03-22 01:40:00+00:00,15.039999961853027,15.039999961853027,15.020000457763672,15.020000457763672,23474,0.0,0.0,0.0
2024-03-22 01:45:00+00:00,15.020000457763672,15.039999961853027,15.020000457763672,15.039999961853027,61607,0.0,0.0,0.0
2024-03-22 01:50:00+00:00,15.029999732971191,15.029999732971191,15.010000228881836,15.010000228881836,66020,0.0,0.0,0.0
2024-03-22 01:55:00+00:00,15.0,15.0,14.979999542236328,14.979999542236328,203722,0.0,0.0,0.0
2024-03-22 02:00:00+00:00,14.970000267028809,14.989999771118164,14.970000267028809,14.970000267028809,123420,0.0,0.0,0.0
2024-03-22 02:05:00+00:00,14.979999542236328,14.979999542236328,14.970000267028809,14.970000267028809,43239,0.0,0.0,0.0
2024-03-22 02:10:00+00:00,14.979999542236328,14.979999542236328,14.970000267028809,14.979999542236328,8000,0.0,0.0,0.0
2024-03-22 02:15:00+00:00,14.979999542236328,14.979999542236328,14.970000267028809,14.970000267028809,44964,0.0,0.0,0.0
2024-03-22 02:20:00+00:00,14.970000267028809,14.970000267028809,14.970000267028809,14.970000267028809,43176,0.0,0.0,0.0
2024-03-22 02:25:00+00:00,14.970000267028809,14.970000267028809,14.970000267028809,14.970000267028809,2477,0.0,0.0,0.0
2024-03-22 02:30:00+00:00,14.979999542236328,14.979999542236328,14.979999542236328,14.979999542236328,1000,0.0,0.0,0.0
2024-03-22 02:35:00+00:00,14.970000267028809,14.979999542236328,14.970000267028809,14.979999542236328,57100,0.0,0.0,0.0
2024-03-22 02:40:00+00:00,14.989999771118164,14.989999771118164,14.979999542236328,14.979999542236328,13597,0.0,0.0,0.0
2024-03-22 02:45:00+00:00,14.989999771118164,14.989999771118164,14.989999771118164,14.989999771118164,5666,0.0,0.0,0.0
2024-03-22 02:50:00+00:00,14.979999542236328,14.979999542236328,14.970000267028809,14.970000267028809,122195,0.0,0.0,0.0
2024-03-22 02:55:00+00:00,14.970000267028809,14.970000267028809,14.960000038146973,14.960000038146973,114349,0.0,0.0,0.0
2024-03-22 03:00:00+00:00,14.960000038146973,14.960000038146973,14.960000038146973,14.960000038146973,32314,0.0,0.0,0.0
2024-03-22 03:05:00+00:00,14.960000038146973,14.960000038146973,14.960000038146973,14.960000038146973,3000,0.0,0.0,0.0
2024-03-22 03:10:00+00:00,14.960000038146973,14.970000267028809,14.960000038146973,14.960000038146973,5121,0.0,0.0,0.0
2024-03-22 03:15:00+00:00,14.960000038146973,14.960000038146973,14.960000038146973,14.960000038146973,10700,0.0,0.0,0.0
2024-03-22 03:20:00+00:00,14.960000038146973,14.960000038146973,14.960000038146973,14.960000038146973,20831,0.0,0.0,0.0
2024-03-22 03:25:00+00:00,14.960000038146973,14.970000267028809,14.960000038146973,14.970000267028809,102251,0.0,0.0,0.0
2024-03-22 03:35:00+00:00,14.970000267028809,14.970000267028809,14.970000267028809,14.970000267028809,11100,0.0,0.0,0.0
2024-03-22 03:40:00+00:00,14.970000267028809,14.970000267028809,14.970000267028809,14.970000267028809,11100,0.0,0.0,0.0
2024-03-22 03:45:00+00:00,14.960000038146973,14.960000038146973,14.960000038146973,14.960000038146973,4200,0.0,0.0,0.0
2024-03-22 03:50:00+00:00,14.970000267028809,14.970000267028809,14.960000038146973,14.960000038146973,4687,0.0,0.0,0.0
2024-03-22 03:55:00+00:00,14.970000267028809,14.970000267028809,14.970000267028809,14.970000267028809,4621,0.0,0.0,0.0
2024-03-22 04:00:00+00:00,14.979999542236328,14.979999542236328,14.979999542236328,14.979999542236328,7010,0.0,0.0,0.0
2024-03-22 04:05:00+00:00,14.979999542236328,14.979999542236328,14.979999542236328,14.979999542236328,82667,0.0,0.0,0.0
2024-03-22 04:10:00+00:00,14.989999771118164,14.989999771118164,14.989999771118164,14.989999771118164,5250,0.0,0.0,0.0
2024-03-22 04:15:00+00:00,14.989999771118164,14.989999771118164,14.989999771118164,14.989999771118164,1126,0.0,0.0,0.0
2024-03-22 04:20:00+00:00,14.989999771118164,14.989999771118164,14.989999771118164,14.989999771118164,12267,0.0,0.0,0.0
2024-03-22 04:25:00+00:00,14.989999771118164,14.989999771118164,14.979999542236328,14.979999542236328,6050,0.0,0.0,0.0
2024-03-22 04:30:00+00:00,14.979999542236328,14.979999542236328,14.979999542236328,14.979999542236328,36036,0.0,0.0,0.0
2024-03-22 04:35:00+00:00,14.970000267028809,14.979999542236328,14.970000267028809,14.970000267028809,21620,0.0,0.0,0.0
2024-03-22 04:40:00+00:00,14.970000267028809,14.979999542236328,14.970000267028809,14.979999542236328,5050,0.0,0.0,0.0
2024-03-22 04:45:00+00:00,14.979999542236328,14.979999542236328,14.979999542236328,14.979999542236328,4066,0.0,0.0,0.0
2024-03-22 04:50:00+00:00,14.979999542236328,14.979999542236328,14.970000267028809,14.970000267028809,30000,0.0,0.0,0.0
2024-03-22 04:55:00+00:00,14.970000267028809,14.979999542236328,14.970000267028809,14.979999542236328,12384,0.0,0.0,0.0
2024-03-22 05:00:00+00:00,14.989999771118164,14.989999771118164,14.979999542236328,14.979999542236328,8007,0.0,0.0,0.0
2024-03-22 05:10:00+00:00,14.970000267028809,14.979999542236328,14.970000267028809,14.979999542236328,35113,0.0,0.0,0.0
2024-03-22 05:15:00+00:00,14.970000267028809,14.979999542236328,14.970000267028809,14.979999542236328,84358,0.0,0.0,0.0
2024-03-22 05:20:00+00:00,14.979999542236328,14.989999771118164,14.979999542236328,14.979999542236328,64345,0.0,0.0,0.0
2024-03-25 01:00:00+00:00,14.960000038146973,14.970000267028809,14.949999809265137,14.970000267028809,0,0.0,0.0,0.0
2024-03-25 01:05:00+00:00,14.970000267028809,14.970000267028809,14.970000267028809,14.970000267028809,13000,0.0,0.0,0.0
2024-03-25 01:10:00+00:00,14.970000267028809,14.989999771118164,14.960000038146973,14.979999542236328,234304,0.0,0.0,0.0
2024-03-25 01:15:00+00:00,14.979999542236328,15.010000228881836,14.979999542236328,15.010000228881836,130277,0.0,0.0,0.0
2024-03-25 01:20:00+00:00,15.010000228881836,15.020000457763672,15.010000228881836,15.020000457763672,26000,0.0,0.0,0.0
2024-03-25 01:25:00+00:00,15.020000457763672,15.020000457763672,15.010000228881836,15.010000228881836,115462,0.0,0.0,0.0
2024-03-25 01:30:00+00:00,15.010000228881836,15.010000228881836,14.979999542236328,14.979999542236328,86025,0.0,0.0,0.0
2024-03-25 01:35:00+00:00,15.0,15.010000228881836,14.979999542236328,15.010000228881836,141400,0.0,0.0,0.0
2024-03-25 01:40:00+00:00,15.010000228881836,15.010000228881836,15.010000228881836,15.010000228881836,11303,0.0,0.0,0.0
2024-03-25 01:45:00+00:00,15.010000228881836,15.010000228881836,15.010000228881836,15.010000228881836,16245,0.0,0.0,0.0
2024-03-25 01:55:00+00:00,15.010000228881836,15.010000228881836,15.010000228881836,15.010000228881836,10000,0.0,0.0,0.0
2024-03-25 02:00:00+00:00,15.010000228881836,15.010000228881836,15.0,15.010000228881836,23200,0.0,0.0,0.0
2024-03-25 02:05:00+00:00,15.0,15.010000228881836,15.0,15.0,27015,0.0,0.0,0.0
2024-03-25 02:10:00+00:00,15.0,15.0,15.0,15.0,52000,0.0,0.0,0.0
2024-03-25 02:15:00+00:00,15.010000228881836,15.010000228881836,15.0,15.0,10405,0.0,0.0,0.0
2024-03-25 02:20:00+00:00,15.0,15.0,15.0,15.0,40387,0.0,0.0,0.0
2024-03-25 02:25:00+00:00,15.0,15.0,15.0,15.0,36478,0.0,0.0,0.0
2024-03-25 02:30:00+00:00,15.010000228881836,15.010000228881836,14.989999771118164,15.0,10900,0.0,0.0,0.0
2024-03-25 02:35:00+00:00,14.989999771118164,15.0,14.989999771118164,15.0,5365,0.0,0.0,0.0
2024-03-25 02:40:00+00:00,14.989999771118164,14.989999771118164,14.979999542236328,14.979999542236328,13000,0.0,0.0,0.0
2024-03-25 02:45:00+00:00,14.989999771118164,14.989999771118164,14.979999542236328,14.989999771118164,476309,0.0,0.0,0.0
2024-03-25 02:50:00+00:00,14.989999771118164,14.989999771118164,14.989999771118164,14.989999771118164,42126,0.0,0.0,0.0
2024-03-25 02:55:00+00:00,15.0,15.0,14.989999771118164,15.0,769000,0.0,0.0,0.0
2024-03-25 03:00:00+00:00,15.010000228881836,15.010000228881836,15.010000228881836,15.010000228881836,4010,0.0,0.0,0.0
2024-03-25 03:05:00+00:00,15.010000228881836,15.010000228881836,14.989999771118164,14.989999771118164,10550,0.0,0.0,0.0
2024-03-25 03:10:00+00:00,14.989999771118164,15.0,14.989999771118164,14.989999771118164,14000,0.0,0.0,0.0
2024-03-25 03:15:00+00:00,15.0,15.0,15.0,15.0,3155,0.0,0.0,0.0
2024-03-25 03:20:00+00:00,14.989999771118164,14.989999771118164,14.989999771118164,14.989999771118164,27178,0.0,0.0,0.0
2024-03-25 03:25:00+00:00,14.989999771118164,14.989999771118164,14.979999542236328,14.979999542236328,25171,0.0,0.0,0.0
2024-03-25 03:30:00+00:00,14.979999542236328,14.979999542236328,14.960000038146973,14.960000038146973,103775,0.0,0.0,0.0
2024-03-25 03:35:00+00:00,14.960000038146973,14.960000038146973,14.960000038146973,14.960000038146973,8888,0.0,0.0,0.0
2024-03-25 03:40:00+00:00,14.960000038146973,14.960000038146973,14.960000038146973,14.960000038146973,9116,0.0,0.0,0.0
2024-03-25 03:45:00+00:00,14.970000267028809,14.970000267028809,14.960000038146973,14.960000038146973,20280,0.0,0.0,0.0
2024-03-25 03:50:00+00:00,14.960000038146973,14.970000267028809,14.960000038146973,14.970000267028809,19250,0.0,0.0,0.0
2024-03-25 03:55:00+00:00,14.970000267028809,14.970000267028809,14.970000267028809,14.970000267028809,1006,0.0,0.0,0.0
2024-03-25 04:00:00+00:00,14.970000267028809,14.970000267028809,14.970000267028809,14.970000267028809,3070,0.0,0.0,0.0
2024-03-25 04:05:00+00:00,14.979999542236328,14.979999542236328,14.979999542236328,14.979999542236328,7530,0.0,0.0,0.0
2024-03-25 04:10:00+00:00,14.970000267028809,14.979999542236328,14.970000267028809,14.979999542236328,5080,0.0,0.0,0.0
2024-03-25 04:15:00+00:00,14.979999542236328,14.979999542236328,14.979999542236328,14.979999542236328,7072,0.0,0.0,0.0
2024-03-25 04:20:00+00:00,14.979999542236328,14.989999771118164,14.979999542236328,14.989999771118164,29530,0.0,0.0,0.0
2024-03-25 04:25:00+00:00,14.989999771118164,14.989999771118164,14.979999542236328,14.989999771118164,145383,0.0,0.0,0.0
2024-03-25 04:30:00+00:00,14.989999771118164,15.0,14.989999771118164,15.0,25165,0.0,0.0,0.0
2024-03-25 04:35:00+00:00,15.0,15.010000228881836,15.0,15.010000228881836,135170,0.0,0.0,0.0
2024-03-25 04:40:00+00:00,15.020000457763672,15.029999732971191,15.020000457763672,15.029999732971191,167955,0.0,0.0,0.0
2024-03-25 04:45:00+00:00,15.029999732971191,15.029999732971191,15.029999732971191,15.029999732971191,31500,0.0,0.0,0.0
2024-03-25 04:50:00+00:00,15.020000457763672,15.020000457763672,15.020000457763672,15.020000457763672,6219,0.0,0.0,0.0
2024-03-25 04:55:00+00:00,15.020000457763672,15.020000457763672,15.020000457763672,15.020000457763672,56130,0.0,0.0,0.0
2024-03-25 05:00:00+00:00,15.020000457763672,15.020000457763672,15.020000457763672,15.020000457763672,5255,0.0,0.0,0.0
2024-03-25 05:05:00+00:00,15.020000457763672,15.020000457763672,15.020000457763672,15.020000457763672,52500,0.0,0.0,0.0
2024-03-25 05:10:00+00:00,15.020000457763672,15.020000457763672,15.020000457763672,15.020000457763672,45735,0.0,0.0,0.0
2024-03-25 05:15:00+00:00,15.029999732971191,15.029999732971191,15.020000457763672,15.020000457763672,19053,0.0,0.0,0.0
2024-03-25 05:20:00+00:00,15.010000228881836,15.020000457763672,15.010000228881836,15.010000228881836,11200,0.0,0.0,0.0
2024-03-26 01:00:00+00:00,15.0,15.029999732971191,15.0,15.029999732971191,62000,0.0,0.0,0.0
2024-03-26 01:05:00+00:00,15.039999961853027,15.0600004196167,15.039999961853027,15.0600004196167,58918,0.0,0.0,0.0
2024-03-26 01:10:00+00:00,15.0600004196167,15.0600004196167,15.0600004196167,15.0600004196167,28170,0.0,0.0,0.0
2024-03-26 01:15:00+00:00,15.0600004196167,15.09000015258789,15.0600004196167,15.09000015258789,252006,0.0,0.0,0.0
2024-03-26 01:20:00+00:00,15.09000015258789,15.130000114440918,15.09000015258789,15.130000114440918,280412,0.0,0.0,0.0
2024-03-26 01:25:00+00:00,15.119999885559082,15.119999885559082,15.100000381469727,15.100000381469727,62560,0.0,0.0,0.0
2024-03-26 01:30:00+00:00,15.100000381469727,15.100000381469727,15.079999923706055,15.100000381469727,25420,0.0,0.0,0.0
2024-03-26 01:35:00+00:00,15.079999923706055,15.079999923706055,15.079999923706055,15.079999923706055,44488,0.0,0.0,0.0
2024-03-26 01:40:00+00:00,15.0600004196167,15.0600004196167,15.039999961853027,15.039999961853027,27550,0.0,0.0,0.0
2024-03-26 01:45:00+00:00,15.039999961853027,15.050000190734863,15.020000457763672,15.020000457763672,246225,0.0,0.0,0.0
2024-03-26 01:50:00+00:00,15.010000228881836,15.039999961853027,15.010000228881836,15.029999732971191,67020,0.0,0.0,0.0
2024-03-26 01:55:00+00:00,15.029999732971191,15.029999732971191,15.020000457763672,15.029999732971191,208000,0.0,0.0,0.0
2024-03-26 02:00:00+00:00,15.029999732971191,15.029999732971191,15.029999732971191,15.029999732971191,141180,0.0,0.0,0.0
2024-03-26 02:05:00+00:00,15.039999961853027,15.039999961853027,15.039999961853027,15.039999961853027,3000,0.0,0.0,0.0
2024-03-26 02:10:00+00:00,15.039999961853027,15.050000190734863,15.039999961853027,15.050000190734863,45000,0.0,0.0,0.0
2024-03-26 02:15:00+00:00,15.050000190734863,15.0600004196167,15.039999961853027,15.0600004196167,24380,0.0,0.0,0.0
2024-03-26 02:20:00+00:00,15.050000190734863,15.050000190734863,15.029999732971191,15.029999732971191,24398,0.0,0.0,0.0
2024-03-26 02:25:00+00:00,15.029999732971191,15.029999732971191,15.020000457763672,15.020000457763672,38000,0.0,0.0,0.0
2024-03-26 02:30:00+00:00,15.029999732971191,15.029999732971191,15.029999732971191,15.029999732971191,63362,0.0,0.0,0.0
2024-03-26 02:35:00+00:00,15.029999732971191,15.039999961853027,15.029999732971191,15.039999961853027,34787,0.0,0.0,0.0
2024-03-26 02:45:00+00:00,15.039999961853027,15.039999961853027,15.020000457763672,15.020000457763672,5372,0.0,0.0,0.0
2024-03-26 02:50:00+00:00,15.020000457763672,15.020000457763672,15.020000457763672,15.020000457763672,16139,0.0,0.0,0.0
2024-03-26 02:55:00+00:00,15.010000228881836,15.020000457763672,15.0,15.010000228881836,27662,0.0,0.0,0.0
2024-03-26 03:00:00+00:00,15.010000228881836,15.020000457763672,15.0,15.010000228881836,30989,0.0,0.0,0.0
2024-03-26 03:05:00+00:00,15.0,15.010000228881836,15.0,15.0,119621,0.0,0.0,0.0
2024-03-26 03:10:00+00:00,14.989999771118164,14.989999771118164,14.979999542236328,14.979999542236328,37098,0.0,0.0,0.0
2024-03-26 03:15:00+00:00,14.989999771118164,14.989999771118164,14.979999542236328,14.989999771118164,60538,0.0,0.0,0.0
2024-03-26 03:20:00+00:00,14.989999771118164,14.989999771118164,14.979999542236328,14.979999542236328,113802,0.0,0.0,0.0
2024-03-26 03:25:00+00:00,14.979999542236328,14.979999542236328,14.979999542236328,14.979999542236328,25222,0.0,0.0,0.0
2024-03-26 03:30:00+00:00,14.970000267028809,14.970000267028809,14.960000038146973,14.970000267028809,35226,0.0,0.0,0.0
2024-03-26 03:35:00+00:00,14.960000038146973,14.960000038146973,14.949999809265137,14.949999809265137,81185,0.0,0.0,0.0
2024-03-26 03:40:00+00:00,14.949999809265137,14.949999809265137,14.9399995803833,14.9399995803833,100520,0.0,0.0,0.0
2024-03-26 03:45:00+00:00,14.9399995803833,14.949999809265137,14.9399995803833,14.949999809265137,209000,0.0,0.0,0.0
2024-03-26 03:50:00+00:00,14.960000038146973,14.979999542236328,14.960000038146973,14.960000038146973,25170,0.0,0.0,0.0
2024-03-26 03:55:00+00:00,14.960000038146973,14.960000038146973,14.960000038146973,14.960000038146973,6041,0.0,0.0,0.0
2024-03-26 04:00:00+00:00,14.960000038146973,14.970000267028809,14.960000038146973,14.970000267028809,3222,0.0,0.0,0.0
2024-03-26 04:05:00+00:00,14.970000267028809,14.970000267028809,14.960000038146973,14.960000038146973,5000,0.0,0.0,0.0
2024-03-26 04:10:00+00:00,14.960000038146973,14.979999542236328,14.960000038146973,14.979999542236328,39234,0.0,0.0,0.0
2024-03-26 04:15:00+00:00,14.979999542236328,14.979999542236328,14.970000267028809,14.979999542236328,75902,0.0,0.0,0.0
2024-03-26 04:20:00+00:00,14.989999771118164,14.989999771118164,14.989999771118164,14.989999771118164,23400,0.0,0.0,0.0
2024-03-26 04:25:00+00:00,15.0,15.0,14.989999771118164,14.989999771118164,98014,0.0,0.0,0.0
2024-03-26 04:30:00+00:00,14.989999771118164,14.989999771118164,14.989999771118164,14.989999771118164,9030,0.0,0.0,0.0
2024-03-26 04:35:00+00:00,14.989999771118164,14.989999771118164,14.989999771118164,14.989999771118164,15488,0.0,0.0,0.0
2024-03-26 04:40:00+00:00,14.989999771118164,14.989999771118164,14.979999542236328,14.979999542236328,12000,0.0,0.0,0.0
2024-03-26 04:45:00+00:00,14.979999542236328,14.979999542236328,14.979999542236328,14.979999542236328,24654,0.0,0.0,0.0
2024-03-26 04:50:00+00:00,14.979999542236328,14.989999771118164,14.979999542236328,14.989999771118164,22007,0.0,0.0,0.0
2024-03-26 04:55:00+00:00,14.989999771118164,15.010000228881836,14.989999771118164,15.010000228881836,175477,0.0,0.0,0.0
2024-03-26 05:00:00+00:00,15.0,15.020000457763672,15.0,15.010000228881836,33968,0.0,0.0,0.0
2024-03-26 05:10:00+00:00,15.0,15.010000228881836,15.0,15.010000228881836,7266,0.0,0.0,0.0
2024-03-26 05:15:00+00:00,15.0,15.010000228881836,15.0,15.0,17018,0.0,0.0,0.0
2024-03-26 05:20:00+00:00,15.010000228881836,15.010000228881836,15.0,15.010000228881836,95102,0.0,0.0,0.0
2024-03-27 01:00:00+00:00,15.0,15.0,15.0,15.0,0,0.0,0.0,0.0
2024-03-27 01:05:00+00:00,15.010000228881836,15.010000228881836,15.010000228881836,15.010000228881836,13619,0.0,0.0,0.0
2024-03-27 01:10:00+00:00,15.029999732971191,15.029999732971191,15.029999732971191,15.029999732971191,1581,0.0,0.0,0.0
2024-03-27 01:15:00+00:00,15.029999732971191,15.029999732971191,15.029999732971191,15.029999732971191,13048,0.0,0.0,0.0
2024-03-27 01:20:00+00:00,15.029999732971191,15.029999732971191,15.020000457763672,15.029999732971191,63000,0.0,0.0,0.0
2024-03-27 01:25:00+00:00,15.029999732971191,15.029999732971191,15.029999732971191,15.029999732971191,32210,0.0,0.0,0.0
2024-03-27 01:30:00+00:00,15.029999732971191,15.039999961853027,15.029999732971191,15.039999961853027,5700,0.0,0.0,0.0
2024-03-27 01:35:00+00:00,15.029999732971191,15.039999961853027,15.029999732971191,15.039999961853027,76744,0.0,0.0,0.0
2024-03-27 01:45:00+00:00,15.039999961853027,15.039999961853027,15.039999961853027,15.039999961853027,16200,0.0,0.0,0.0
2024-03-27 01:50:00+00:00,15.039999961853027,15.050000190734863,15.029999732971191,15.050000190734863,30166,0.0,0.0,0.0
2024-03-27 01:55:00+00:00,15.039999961853027,15.050000190734863,15.039999961853027,15.050000190734863,67100,0.0,0.0,0.0
2024-03-27 02:00:00+00:00,15.0600004196167,15.0600004196167,15.050000190734863,15.050000190734863,25100,0.0,0.0,0.0
2024-03-27 02:05:00+00:00,15.050000190734863,15.050000190734863,15.050000190734863,15.050000190734863,5000,0.0,0.0,0.0
2024-03-27 02:10:00+00:00,15.050000190734863,15.050000190734863,15.050000190734863,15.050000190734863,5000,0.0,0.0,0.0
2024-03-27 02:15:00+00:00,15.039999961853027,15.039999961853027,15.039999961853027,15.039999961853027,74794,0.0,0.0,0.0
2024-03-27 02:20:00+00:00,15.039999961853027,15.050000190734863,15.039999961853027,15.050000190734863,11000,0.0,0.0,0.0
2024-03-27 02:25:00+00:00,15.050000190734863,15.050000190734863,15.039999961853027,15.039999961853027,12100,0.0,0.0,0.0
2024-03-27 02:30:00+00:00,15.039999961853027,15.039999961853027,15.039999961853027,15.039999961853027,3240,0.0,0.0,0.0
2024-03-27 02:35:00+00:00,15.050000190734863,15.050000190734863,15.039999961853027,15.039999961853027,84210,0.0,0.0,0.0
2024-03-27 02:40:00+00:00,15.039999961853027,15.050000190734863,15.039999961853027,15.050000190734863,19000,0.0,0.0,0.0
2024-03-27 02:45:00+00:00,15.0600004196167,15.0600004196167,15.050000190734863,15.0600004196167,201000,0.0,0.0,0.0
2024-03-27 02:50:00+00:00,15.0600004196167,15.0600004196167,15.050000190734863,15.050000190734863,111100,0.0,0.0,0.0
2024-03-27 03:00:00+00:00,15.0600004196167,15.0600004196167,15.0600004196167,15.0600004196167,362092,0.0,0.0,0.0
2024-03-27 03:05:00+00:00,15.0600004196167,15.0600004196167,15.0600004196167,15.0600004196167,26033,0.0,0.0,0.0
2024-03-27 03:10:00+00:00,15.069999694824219,15.069999694824219,15.069999694824219,15.069999694824219,40890,0.0,0.0,0.0
2024-03-27 03:15:00+00:00,15.079999923706055,15.079999923706055,15.079999923706055,15.079999923706055,23459,0.0,0.0,0.0
2024-03-27 03:20:00+00:00,15.079999923706055,15.079999923706055,15.079999923706055,15.079999923706055,9000,0.0,0.0,0.0
2024-03-27 03:25:00+00:00,15.09000015258789,15.100000381469727,15.079999923706055,15.100000381469727,223580,0.0,0.0,0.0
2024-03-27 03:30:00+00:00,15.100000381469727,15.100000381469727,15.100000381469727,15.100000381469727,29508,0.0,0.0,0.0
2024-03-27 03:35:00+00:00,15.109999656677246,15.119999885559082,15.100000381469727,15.100000381469727,404000,0.0,0.0,0.0
2024-03-27 03:40:00+00:00,15.100000381469727,15.119999885559082,15.100000381469727,15.119999885559082,86490,0.0,0.0,0.0
2024-03-27 03:45:00+00:00,15.119999885559082,15.119999885559082,15.119999885559082,15.119999885559082,2200,0.0,0.0,0.0
2024-03-27 03:50:00+00:00,15.109999656677246,15.119999885559082,15.100000381469727,15.100000381469727,28120,0.0,0.0,0.0
2024-03-27 03:55:00+00:00,15.100000381469727,15.100000381469727,15.100000381469727,15.100000381469727,3008,0.0,0.0,0.0
2024-03-27 04:00:00+00:00,15.100000381469727,15.109999656677246,15.100000381469727,15.109999656677246,4282,0.0,0.0,0.0
2024-03-27 04:05:00+00:00,15.119999885559082,15.119999885559082,15.109999656677246,15.109999656677246,110020,0.0,0.0,0.0
2024-03-27 04:10:00+00:00,15.109999656677246,15.109999656677246,15.109999656677246,15.109999656677246,43290,0.0,0.0,0.0
2024-03-27 04:15:00+00:00,15.100000381469727,15.109999656677246,15.100000381469727,15.109999656677246,18640,0.0,0.0,0.0
2024-03-27 04:20:00+00:00,15.100000381469727,15.119999885559082,15.100000381469727,15.119999885559082,219405,0.0,0.0,0.0
2024-03-27 04:25:00+00:00,15.119999885559082,15.119999885559082,15.109999656677246,15.119999885559082,66866,0.0,0.0,0.0
2024-03-27 04:30:00+00:00,15.119999885559082,15.119999885559082,15.119999885559082,15.119999885559082,23022,0.0,0.0,0.0
2024-03-27 04:35:00+00:00,15.130000114440918,15.130000114440918,15.130000114440918,15.130000114440918,150348,0.0,0.0,0.0
2024-03-27 04:40:00+00:00,15.140000343322754,15.149999618530273,15.140000343322754,15.149999618530273,284155,0.0,0.0,0.0
2024-03-27 04:45:00+00:00,15.140000343322754,15.149999618530273,15.140000343322754,15.140000343322754,17320,0.0,0.0,0.0
2024-03-27 04:50:00+00:00,15.149999618530273,15.149999618530273,15.140000343322754,15.140000343322754,15119,0.0,0.0,0.0
2024-03-27 04:55:00+00:00,15.140000343322754,15.140000343322754,15.140000343322754,15.140000343322754,13597,0.0,0.0,0.0
2024-03-27 05:00:00+00:00,15.130000114440918,15.130000114440918,15.119999885559082,15.119999885559082,309913,0.0,0.0,0.0
2024-03-27 05:05:00+00:00,15.119999885559082,15.130000114440918,15.119999885559082,15.130000114440918,12481,0.0,0.0,0.0
2024-03-27 05:10:00+00:00,15.130000114440918,15.140000343322754,15.130000114440918,15.140000343322754,92148,0.0,0.0,0.0
2024-03-27 05:15:00+00:00,15.140000343322754,15.140000343322754,15.130000114440918,15.140000343322754,77565,0.0,0.0,0.0
2024-03-27 05:20:00+00:00,15.130000114440918,15.130000114440918,15.130000114440918,15.130000114440918,21387,0.0,0.0,0.0
2024-03-28 01:00:00+00:00,15.140000343322754,15.140000343322754,15.130000114440918,15.140000343322754,0,0.0,0.0,0.0
2024-03-28 01:05:00+00:00,15.140000343322754,15.140000343322754,15.130000114440918,15.140000343322754,9500,0.0,0.0,0.0
2024-03-28 01:10:00+00:00,15.130000114440918,15.140000343322754,15.130000114440918,15.140000343322754,113082,0.0,0.0,0.0
2024-03-28 01:15:00+00:00,15.149999618530273,15.149999618530273,15.140000343322754,15.149999618530273,26290,0.0,0.0,0.0
2024-03-28 01:20:00+00:00,15.140000343322754,15.149999618530273,15.140000343322754,15.140000343322754,154223,0.0,0.0,0.0
2024-03-28 01:25:00+00:00,15.140000343322754,15.140000343322754,15.140000343322754,15.140000343322754,1056,0.0,0.0,0.0
2024-03-28 01:30:00+00:00,15.130000114440918,15.130000114440918,15.09000015258789,15.109999656677246,469214,0.0,0.0,0.0
2024-03-28 01:35:00+00:00,15.109999656677246,15.119999885559082,15.109999656677246,15.119999885559082,20621,0.0,0.0,0.0
2024-03-28 01:40:00+00:00,15.109999656677246,15.119999885559082,15.109999656677246,15.119999885559082,15218,0.0,0.0,0.0
2024-03-28 01:45:00+00:00,15.130000114440918,15.130000114440918,15.130000114440918,15.130000114440918,13326,0.0,0.0,0.0
2024-03-28 01:55:00+00:00,15.130000114440918,15.130000114440918,15.130000114440918,15.130000114440918,3576,0.0,0.0,0.0
2024-03-28 02:00:00+00:00,15.130000114440918,15.130000114440918,15.119999885559082,15.130000114440918,16203,0.0,0.0,0.0
2024-03-28 02:05:00+00:00,15.130000114440918,15.140000343322754,15.130000114440918,15.140000343322754,225652,0.0,0.0,0.0
2024-03-28 02:15:00+00:00,15.140000343322754,15.140000343322754,15.140000343322754,15.140000343322754,132356,0.0,0.0,0.0
2024-03-28 02:20:00+00:00,15.140000343322754,15.140000343322754,15.140000343322754,15.140000343322754,106350,0.0,0.0,0.0
2024-03-28 02:25:00+00:00,15.140000343322754,15.140000343322754,15.130000114440918,15.130000114440918,38056,0.0,0.0,0.0
2024-03-28 02:30:00+00:00,15.130000114440918,15.140000343322754,15.130000114440918,15.130000114440918,23100,0.0,0.0,0.0
2024-03-28 02:35:00+00:00,15.140000343322754,15.149999618530273,15.140000343322754,15.149999618530273,652289,0.0,0.0,0.0
2024-03-28 02:40:00+00:00,15.149999618530273,15.149999618530273,15.149999618530273,15.149999618530273,57844,0.0,0.0,0.0
2024-03-28 02:45:00+00:00,15.149999618530273,15.149999618530273,15.140000343322754,15.149999618530273,8428,0.0,0.0,0.0
2024-03-28 02:50:00+00:00,15.140000343322754,15.140000343322754,15.140000343322754,15.140000343322754,62049,0.0,0.0,0.0
2024-03-28 02:55:00+00:00,15.130000114440918,15.130000114440918,15.109999656677246,15.119999885559082,278228,0.0,0.0,0.0
2024-03-28 03:00:00+00:00,15.109999656677246,15.119999885559082,15.109999656677246,15.119999885559082,20818,0.0,0.0,0.0
2024-03-28 03:05:00+00:00,15.130000114440918,15.130000114440918,15.130000114440918,15.130000114440918,57000,0.0,0.0,0.0
2024-03-28 03:10:00+00:00,15.140000343322754,15.140000343322754,15.140000343322754,15.140000343322754,43269,0.0,0.0,0.0
2024-03-28 03:15:00+00:00,15.140000343322754,15.140000343322754,15.140000343322754,15.140000343322754,1000,0.0,0.0,0.0
2024-03-28 03:20:00+00:00,15.140000343322754,15.149999618530273,15.140000343322754,15.149999618530273,16370,0.0,0.0,0.0
2024-03-28 03:25:00+00:00,15.140000343322754,15.149999618530273,15.140000343322754,15.149999618530273,25155,0.0,0.0,0.0
2024-03-28 03:30:00+00:00,15.149999618530273,15.149999618530273,15.119999885559082,15.119999885559082,111156,0.0,0.0,0.0
2024-03-28 03:35:00+00:00,15.119999885559082,15.119999885559082,15.119999885559082,15.119999885559082,25000,0.0,0.0,0.0
2024-03-28 03:40:00+00:00,15.119999885559082,15.119999885559082,15.119999885559082,15.119999885559082,15300,0.0,0.0,0.0
2024-03-28 03:45:00+00:00,15.119999885559082,15.119999885559082,15.119999885559082,15.119999885559082,10000,0.0,0.0,0.0
2024-03-28 03:50:00+00:00,15.109999656677246,15.119999885559082,15.109999656677246,15.109999656677246,11990,0.0,0.0,0.0
2024-03-28 03:55:00+00:00,15.100000381469727,15.109999656677246,15.100000381469727,15.109999656677246,26004,0.0,0.0,0.0
2024-03-28 04:00:00+00:00,15.109999656677246,15.109999656677246,15.100000381469727,15.100000381469727,7150,0.0,0.0,0.0
2024-03-28 04:10:00+00:00,15.109999656677246,15.109999656677246,15.109999656677246,15.109999656677246,11000,0.0,0.0,0.0
2024-03-28 04:15:00+00:00,15.109999656677246,15.109999656677246,15.069999694824219,15.069999694824219,216407,0.0,0.0,0.0
2024-03-28 04:20:00+00:00,15.0600004196167,15.0600004196167,15.050000190734863,15.050000190734863,37381,0.0,0.0,0.0
2024-03-28 04:25:00+00:00,15.0600004196167,15.069999694824219,15.0600004196167,15.069999694824219,66104,0.0,0.0,0.0
2024-03-28 04:30:00+00:00,15.079999923706055,15.079999923706055,15.079999923706055,15.079999923706055,2155,0.0,0.0,0.0
2024-03-28 04:40:00+00:00,15.09000015258789,15.09000015258789,15.09000015258789,15.09000015258789,7315,0.0,0.0,0.0
2024-03-28 04:45:00+00:00,15.09000015258789,15.09000015258789,15.09000015258789,15.09000015258789,4000,0.0,0.0,0.0
2024-03-28 04:50:00+00:00,15.09000015258789,15.100000381469727,15.09000015258789,15.100000381469727,26005,0.0,0.0,0.0
2024-03-28 04:55:00+00:00,15.09000015258789,15.09000015258789,15.079999923706055,15.079999923706055,66230,0.0,0.0,0.0
2024-03-28 05:00:00+00:00,15.079999923706055,15.079999923706055,15.079999923706055,15.079999923706055,9000,0.0,0.0,0.0
2024-03-28 05:10:00+00:00,15.079999923706055,15.079999923706055,15.079999923706055,15.079999923706055,9000,0.0,0.0,0.0
2024-03-28 05:15:00+00:00,15.079999923706055,15.079999923706055,15.069999694824219,15.069999694824219,117250,0.0,0.0,0.0
2024-03-28 05:20:00+00:00,15.069999694824219,15.069999694824219,15.069999694824219,15.069999694824219,12000,0.0,0.0,0.0
2024-03-29 01:00:00+00:00,15.119999885559082,15.140000343322754,15.119999885559082,15.119999885559082,152000,0.0,0.0,0.0
2024-03-29 01:05:00+00:00,15.119999885559082,15.119999885559082,15.09000015258789,15.109999656677246,550000,0.0,0.0,0.0
2024-03-29 01:10:00+00:00,15.100000381469727,15.100000381469727,15.069999694824219,15.069999694824219,137803,0.0,0.0,0.0
2024-03-29 01:15:00+00:00,15.069999694824219,15.069999694824219,15.0600004196167,15.0600004196167,231411,0.0,0.0,0.0
2024-03-29 01:20:00+00:00,15.050000190734863,15.069999694824219,15.039999961853027,15.069999694824219,91357,0.0,0.0,0.0
2024-03-29 01:25:00+00:00,15.050000190734863,15.0600004196167,15.039999961853027,15.0600004196167,12800,0.0,0.0,0.0
2024-03-29 01:30:00+00:00,15.079999923706055,15.079999923706055,15.050000190734863,15.050000190734863,9150,0.0,0.0,0.0
2024-03-29 01:35:00+00:00,15.0600004196167,15.069999694824219,15.050000190734863,15.0600004196167,14150,0.0,0.0,0.0
2024-03-29 01:40:00+00:00,15.0600004196167,15.079999923706055,15.0600004196167,15.079999923706055,28000,0.0,0.0,0.0
2024-03-29 01:45:00+00:00,15.09000015258789,15.09000015258789,15.069999694824219,15.069999694824219,20200,0.0,0.0,0.0
2024-03-29 01:50:00+00:00,15.069999694824219,15.069999694824219,15.069999694824219,15.069999694824219,7100,0.0,0.0,0.0
2024-03-29 01:55:00+00:00,15.069999694824219,15.079999923706055,15.069999694824219,15.079999923706055,17200,0.0,0.0,0.0
2024-03-29 02:00:00+00:00,15.09000015258789,15.09000015258789,15.079999923706055,15.079999923706055,20264,0.0,0.0,0.0
2024-03-29 02:05:00+00:00,15.079999923706055,15.079999923706055,15.079999923706055,15.079999923706055,34000,0.0,0.0,0.0
2024-03-29 02:10:00+00:00,15.079999923706055,15.079999923706055,15.079999923706055,15.079999923706055,19220,0.0,0.0,0.0
2024-03-29 02:15:00+00:00,15.09000015258789,15.09000015258789,15.079999923706055,15.079999923706055,19422,0.0,0.0,0.0
2024-03-29 02:20:00+00:00,15.09000015258789,15.09000015258789,15.09000015258789,15.09000015258789,16005,0.0,0.0,0.0
2024-03-29 02:25:00+00:00,15.09000015258789,15.09000015258789,15.09000015258789,15.09000015258789,34135,0.0,0.0,0.0
2024-03-29 02:30:00+00:00,15.100000381469727,15.100000381469727,15.09000015258789,15.09000015258789,12000,0.0,0.0,0.0
2024-03-29 02:35:00+00:00,15.09000015258789,15.09000015258789,15.079999923706055,15.09000015258789,20000,0.0,0.0,0.0
2024-03-29 02:40:00+00:00,15.09000015258789,15.09000015258789,15.079999923706055,15.079999923706055,12092,0.0,0.0,0.0
2024-03-29 02:45:00+00:00,15.079999923706055,15.100000381469727,15.079999923706055,15.09000015258789,14000,0.0,0.0,0.0
2024-03-29 02:50:00+00:00,15.09000015258789,15.09000015258789,15.079999923706055,15.09000015258789,5300,0.0,0.0,0.0
2024-03-29 02:55:00+00:00,15.079999923706055,15.079999923706055,15.079999923706055,15.079999923706055,5300,0.0,0.0,0.0
2024-03-29 03:00:00+00:00,15.09000015258789,15.100000381469727,15.09000015258789,15.09000015258789,20000,0.0,0.0,0.0
2024-03-29 03:05:00+00:00,15.09000015258789,15.100000381469727,15.09000015258789,15.100000381469727,11200,0.0,0.0,0.0
2024-03-29 03:10:00+00:00,15.100000381469727,15.100000381469727,15.100000381469727,15.100000381469727,4000,0.0,0.0,0.0
2024-03-29 03:15:00+00:00,15.100000381469727,15.100000381469727,15.079999923706055,15.09000015258789,12300,0.0,0.0,0.0
2024-03-29 03:20:00+00:00,15.09000015258789,15.09000015258789,15.079999923706055,15.079999923706055,4000,0.0,0.0,0.0
2024-03-29 03:25:00+00:00,15.09000015258789,15.09000015258789,15.079999923706055,15.079999923706055,20000,0.0,0.0,0.0
2024-03-29 03:30:00+00:00,15.100000381469727,15.100000381469727,15.100000381469727,15.100000381469727,6120,0.0,0.0,0.0
2024-03-29 03:45:00+00:00,15.100000381469727,15.100000381469727,15.100000381469727,15.100000381469727,117076,0.0,0.0,0.0
2024-03-29 04:00:00+00:00,15.100000381469727,15.100000381469727,15.100000381469727,15.100000381469727,10000,0.0,0.0,0.0
2024-03-29 04:05:00+00:00,15.09000015258789,15.100000381469727,15.079999923706055,15.079999923706055,6309,0.0,0.0,0.0
2024-03-29 04:15:00+00:00,15.09000015258789,15.09000015258789,15.09000015258789,15.09000015258789,101000,0.0,0.0,0.0
2024-03-29 04:20:00+00:00,15.09000015258789,15.100000381469727,15.09000015258789,15.100000381469727,132374,0.0,0.0,0.0
2024-03-29 04:25:00+00:00,15.100000381469727,15.100000381469727,15.100000381469727,15.100000381469727,1095,0.0,0.0,0.0
2024-03-29 04:30:00+00:00,15.109999656677246,15.109999656677246,15.100000381469727,15.109999656677246,7100,0.0,0.0,0.0
2024-03-29 04:35:00+00:00,15.109999656677246,15.119999885559082,15.109999656677246,15.119999885559082,310620,0.0,0.0,0.0
2024-03-29 04:40:00+00:00,15.119999885559082,15.119999885559082,15.100000381469727,15.100000381469727,7150,0.0,0.0,0.0
2024-03-29 04:45:00+00:00,15.100000381469727,15.109999656677246,15.100000381469727,15.109999656677246,108135,0.0,0.0,0.0
2024-03-29 04:50:00+00:00,15.119999885559082,15.130000114440918,15.109999656677246,15.119999885559082,355100,0.0,0.0,0.0
2024-03-29 04:55:00+00:00,15.119999885559082,15.130000114440918,15.109999656677246,15.130000114440918,370661,0.0,0.0,0.0
2024-03-29 05:00:00+00:00,15.140000343322754,15.140000343322754,15.140000343322754,15.140000343322754,501000,0.0,0.0,0.0
2024-03-29 05:05:00+00:00,15.140000343322754,15.140000343322754,15.130000114440918,15.130000114440918,63200,0.0,0.0,0.0
2024-03-29 05:10:00+00:00,15.130000114440918,15.140000343322754,15.130000114440918,15.140000343322754,75000,0.0,0.0,0.0
2024-03-29 05:15:00+00:00,15.130000114440918,15.140000343322754,15.130000114440918,15.130000114440918,203012,0.0,0.0,0.0
2024-03-29 05:20:00+00:00,15.130000114440918,15.140000343322754,15.119999885559082,15.119999885559082,312553,0.0,0.0,0.0
2024-04-01 01:00:00+00:00,15.109999656677246,15.109999656677246,15.100000381469727,15.109999656677246,0,0.0,0.0,0.0
2024-04-01 01:05:00+00:00,15.109999656677246,15.130000114440918,15.100000381469727,15.130000114440918,149750,0.0,0.0,0.0
2024-04-01 01:10:00+00:00,15.130000114440918,15.130000114440918,15.119999885559082,15.119999885559082,231613,0.0,0.0,0.0
2024-04-01 01:15:00+00:00,15.119999885559082,15.119999885559082,15.109999656677246,15.109999656677246,42285,0.0,0.0,0.0
2024-04-01 01:20:00+00:00,15.100000381469727,15.109999656677246,15.09000015258789,15.09000015258789,107809,0.0,0.0,0.0
2024-04-01 01:25:00+00:00,15.09000015258789,15.109999656677246,15.09000015258789,15.109999656677246,14360,0.0,0.0,0.0
2024-04-01 01:30:00+00:00,15.109999656677246,15.109999656677246,15.100000381469727,15.100000381469727,22202,0.0,0.0,0.0
2024-04-01 01:35:00+00:00,15.09000015258789,15.09000015258789,15.079999923706055,15.079999923706055,103138,0.0,0.0,0.0
2024-04-01 01:40:00+00:00,15.079999923706055,15.079999923706055,15.069999694824219,15.079999923706055,85249,0.0,0.0,0.0
2024-04-01 01:45:00+00:00,15.069999694824219,15.069999694824219,15.069999694824219,15.069999694824219,58200,0.0,0.0,0.0
2024-04-01 01:50:00+00:00,15.069999694824219,15.079999923706055,15.069999694824219,15.079999923706055,18026,0.0,0.0,0.0
2024-04-01 01:55:00+00:00,15.079999923706055,15.079999923706055,15.079999923706055,15.079999923706055,25310,0.0,0.0,0.0
2024-04-01 02:00:00+00:00,15.069999694824219,15.069999694824219,15.0600004196167,15.0600004196167,20130,0.0,0.0,0.0
2024-04-01 02:05:00+00:00,15.0600004196167,15.0600004196167,15.050000190734863,15.050000190734863,79681,0.0,0.0,0.0
2024-04-01 02:10:00+00:00,15.050000190734863,15.0600004196167,15.050000190734863,15.0600004196167,119623,0.0,0.0,0.0
2024-04-01 02:15:00+00:00,15.050000190734863,15.050000190734863,15.050000190734863,15.050000190734863,4120,0.0,0.0,0.0
2024-04-01 02:20:00+00:00,15.050000190734863,15.050000190734863,15.050000190734863,15.050000190734863,3000,0.0,0.0,0.0
2024-04-01 02:25:00+00:00,15.050000190734863,15.050000190734863,15.050000190734863,15.050000190734863,54897,0.0,0.0,0.0
2024-04-01 02:30:00+00:00,15.050000190734863,15.050000190734863,15.050000190734863,15.050000190734863,13100,0.0,0.0,0.0
2024-04-01 02:35:00+00:00,15.050000190734863,15.0600004196167,15.050000190734863,15.0600004196167,162811,0.0,0.0,0.0
2024-04-01 02:40:00+00:00,15.0600004196167,15.0600004196167,15.0600004196167,15.0600004196167,1000,0.0,0.0,0.0
2024-04-01 02:45:00+00:00,15.0600004196167,15.0600004196167,15.050000190734863,15.050000190734863,117040,0.0,0.0,0.0
2024-04-01 02:50:00+00:00,15.050000190734863,15.050000190734863,15.050000190734863,15.050000190734863,4240,0.0,0.0,0.0
2024-04-01 02:55:00+00:00,15.050000190734863,15.050000190734863,15.050000190734863,15.050000190734863,51445,0.0,0.0,0.0
2024-04-01 03:00:00+00:00,15.050000190734863,15.050000190734863,15.039999961853027,15.050000190734863,90321,0.0,0.0,0.0
2024-04-01 03:05:00+00:00,15.050000190734863,15.050000190734863,15.050000190734863,15.050000190734863,1460,0.0,0.0,0.0
2024-04-01 03:10:00+00:00,15.050000190734863,15.050000190734863,15.050000190734863,15.050000190734863,22310,0.0,0.0,0.0
2024-04-01 03:15:00+00:00,15.0600004196167,15.069999694824219,15.0600004196167,15.069999694824219,8678,0.0,0.0,0.0
2024-04-01 03:25:00+00:00,15.0600004196167,15.0600004196167,15.0600004196167,15.0600004196167,2270,0.0,0.0,0.0
2024-04-01 03:30:00+00:00,15.0600004196167,15.0600004196167,15.0600004196167,15.0600004196167,5131,0.0,0.0,0.0
2024-04-01 03:35:00+00:00,15.0600004196167,15.0600004196167,15.0600004196167,15.0600004196167,20010,0.0,0.0,0.0
2024-04-01 03:45:00+00:00,15.0600004196167,15.0600004196167,15.0600004196167,15.0600004196167,2200,0.0,0.0,0.0
2024-04-01 03:50:00+00:00,15.0600004196167,15.0600004196167,15.0600004196167,15.0600004196167,10100,0.0,0.0,0.0
2024-04-01 03:55:00+00:00,15.0600004196167,15.0600004196167,15.0600004196167,15.0600004196167,2000,0.0,0.0,0.0
2024-04-01 04:00:00+00:00,15.0600004196167,15.0600004196167,15.0600004196167,15.0600004196167,1000,0.0,0.0,0.0
2024-04-01 04:05:00+00:00,15.069999694824219,15.069999694824219,15.069999694824219,15.069999694824219,39176,0.0,0.0,0.0
2024-04-01 04:10:00+00:00,15.0600004196167,15.0600004196167,15.0600004196167,15.0600004196167,10990,0.0,0.0,0.0
2024-04-01 04:15:00+00:00,15.0600004196167,15.069999694824219,15.0600004196167,15.069999694824219,10280,0.0,0.0,0.0
2024-04-01 04:20:00+00:00,15.069999694824219,15.079999923706055,15.069999694824219,15.079999923706055,14066,0.0,0.0,0.0
2024-04-01 04:25:00+00:00,15.079999923706055,15.079999923706055,15.069999694824219,15.069999694824219,13180,0.0,0.0,0.0
2024-04-01 04:30:00+00:00,15.069999694824219,15.069999694824219,15.069999694824219,15.069999694824219,4000,0.0,0.0,0.0
2024-04-01 04:35:00+00:00,15.069999694824219,15.069999694824219,15.069999694824219,15.069999694824219,7388,0.0,0.0,0.0
2024-04-01 04:40:00+00:00,15.069999694824219,15.069999694824219,15.069999694824219,15.069999694824219,18200,0.0,0.0,0.0
2024-04-01 04:45:00+00:00,15.069999694824219,15.069999694824219,15.069999694824219,15.069999694824219,12412,0.0,0.0,0.0
2024-04-01 04:50:00+00:00,15.079999923706055,15.079999923706055,15.069999694824219,15.069999694824219,16007,0.0,0.0,0.0
2024-04-01 04:55:00+00:00,15.069999694824219,15.069999694824219,15.069999694824219,15.069999694824219,29190,0.0,0.0,0.0
2024-04-01 05:00:00+00:00,15.069999694824219,15.069999694824219,15.069999694824219,15.069999694824219,10884,0.0,0.0,0.0
2024-04-01 05:05:00+00:00,15.079999923706055,15.079999923706055,15.069999694824219,15.069999694824219,10000,0.0,0.0,0.0
2024-04-01 05:10:00+00:00,15.0600004196167,15.0600004196167,15.0600004196167,15.0600004196167,4301,0.0,0.0,0.0
2024-04-01 05:15:00+00:00,15.0600004196167,15.069999694824219,15.0600004196167,15.0600004196167,4118,0.0,0.0,0.0
2024-04-01 05:20:00+00:00,15.0600004196167,15.0600004196167,15.0600004196167,15.0600004196167,76351,0.0,0.0,0.0
2024-04-02 01:00:00+00:00,15.029999732971191,15.029999732971191,14.989999771118164,14.989999771118164,0,0.0,0.0,0.0
2024-04-02 01:05:00+00:00,14.989999771118164,14.989999771118164,14.970000267028809,14.979999542236328,131000,0.0,0.0,0.0
2024-04-02 01:10:00+00:00,14.989999771118164,15.0,14.989999771118164,14.989999771118164,233817,0.0,0.0,0.0
2024-04-02 01:15:00+00:00,14.989999771118164,15.0,14.989999771118164,15.0,209128,0.0,0.0,0.0
2024-04-02 01:20:00+00:00,15.0,15.0,15.0,15.0,16001,0.0,0.0,0.0
2024-04-02 01:25:00+00:00,15.0,15.0,14.989999771118164,14.989999771118164,59629,0.0,0.0,0.0
2024-04-02 01:30:00+00:00,14.979999542236328,14.989999771118164,14.979999542236328,14.989999771118164,66262,0.0,0.0,0.0
2024-04-02 01:35:00+00:00,14.989999771118164,14.989999771118164,14.970000267028809,14.979999542236328,126508,0.0,0.0,0.0
2024-04-02 01:40:00+00:00,14.979999542236328,14.989999771118164,14.979999542236328,14.989999771118164,9040,0.0,0.0,0.0
2024-04-02 01:45:00+00:00,14.989999771118164,14.989999771118164,14.989999771118164,14.989999771118164,32500,0.0,0.0,0.0
2024-04-02 01:50:00+00:00,15.0,15.010000228881836,15.0,15.010000228881836,87200,0.0,0.0,0.0
2024-04-02 01:55:00+00:00,15.010000228881836,15.010000228881836,15.0,15.0,76280,0.0,0.0,0.0
2024-04-02 02:00:00+00:00,15.0,15.0,14.989999771118164,14.989999771118164,24050,0.0,0.0,0.0
2024-04-02 02:05:00+00:00,14.989999771118164,15.0,14.989999771118164,14.989999771118164,9630,0.0,0.0,0.0
2024-04-02 02:10:00+00:00,14.989999771118164,14.989999771118164,14.989999771118164,14.989999771118164,2000,0.0,0.0,0.0
2024-04-02 02:15:00+00:00,14.989999771118164,14.989999771118164,14.989999771118164,14.989999771118164,1000,0.0,0.0,0.0
2024-04-02 02:20:00+00:00,14.989999771118164,15.0,14.979999542236328,14.989999771118164,119150,0.0,0.0,0.0
2024-04-02 02:25:00+00:00,14.989999771118164,14.989999771118164,14.989999771118164,14.989999771118164,20300,0.0,0.0,0.0
2024-04-02 02:30:00+00:00,14.979999542236328,14.989999771118164,14.979999542236328,14.989999771118164,109210,0.0,0.0,0.0
2024-04-02 02:35:00+00:00,15.0,15.0,15.0,15.0,2000,0.0,0.0,0.0
2024-04-02 02:40:00+00:00,15.0,15.0,14.989999771118164,15.0,13150,0.0,0.0,0.0
2024-04-02 02:45:00+00:00,14.989999771118164,14.989999771118164,14.989999771118164,14.989999771118164,26945,0.0,0.0,0.0
2024-04-02 02:50:00+00:00,14.989999771118164,15.0,14.989999771118164,15.0,260000,0.0,0.0,0.0
2024-04-02 02:55:00+00:00,15.010000228881836,15.020000457763672,15.010000228881836,15.010000228881836,105014,0.0,0.0,0.0
2024-04-02 03:00:00+00:00,15.0,15.010000228881836,15.0,15.010000228881836,5900,0.0,0.0,0.0
2024-04-02 03:05:00+00:00,15.0,15.0,15.0,15.0,8111,0.0,0.0,0.0
2024-04-02 03:10:00+00:00,15.0,15.0,15.0,15.0,6850,0.0,0.0,0.0
2024-04-02 03:15:00+00:00,15.0,15.0,15.0,15.0,12147,0.0,0.0,0.0
2024-04-02 03:20:00+00:00,14.989999771118164,14.989999771118164,14.989999771118164,14.989999771118164,1030,0.0,0.0,0.0
2024-04-02 03:25:00+00:00,15.0,15.0,15.0,15.0,10000,0.0,0.0,0.0
2024-04-02 03:30:00+00:00,15.0,15.0,15.0,15.0,9470,0.0,0.0,0.0
2024-04-02 03:35:00+00:00,15.0,15.0,14.989999771118164,15.0,12900,0.0,0.0,0.0
2024-04-02 03:40:00+00:00,14.989999771118164,14.989999771118164,14.989999771118164,14.989999771118164,96000,0.0,0.0,0.0
2024-04-02 03:45:00+00:00,15.0,15.0,15.0,15.0,18075,0.0,0.0,0.0
2024-04-02 03:50:00+00:00,15.0,15.0,15.0,15.0,1000,0.0,0.0,0.0
2024-04-02 03:55:00+00:00,15.0,15.0,15.0,15.0,9294,0.0,0.0,0.0
2024-04-02 04:05:00+00:00,15.0,15.0,14.989999771118164,15.0,29474,0.0,0.0,0.0
2024-04-02 04:10:00+00:00,15.0,15.0,14.989999771118164,14.989999771118164,37007,0.0,0.0,0.0
2024-04-02 04:15:00+00:00,14.989999771118164,14.989999771118164,14.989999771118164,14.989999771118164,35250,0.0,0.0,0.0
2024-04-02 04:20:00+00:00,14.989999771118164,14.989999771118164,14.989999771118164,14.989999771118164,4242,0.0,0.0,0.0
2024-04-02 04:25:00+00:00,14.989999771118164,14.989999771118164,14.989999771118164,14.989999771118164,17943,0.0,0.0,0.0
2024-04-02 04:30:00+00:00,14.989999771118164,14.989999771118164,14.979999542236328,14.979999542236328,5000,0.0,0.0,0.0
2024-04-02 04:35:00+00:00,14.989999771118164,14.989999771118164,14.979999542236328,14.979999542236328,12971,0.0,0.0,0.0
2024-04-02 04:40:00+00:00,14.989999771118164,14.989999771118164,14.989999771118164,14.989999771118164,135575,0.0,0.0,0.0
2024-04-02 04:45:00+00:00,14.989999771118164,15.0,14.989999771118164,15.0,18200,0.0,0.0,0.0
2024-04-02 04:50:00+00:00,15.0,15.0,15.0,15.0,10227,0.0,0.0,0.0
2024-04-02 04:55:00+00:00,15.0,15.0,14.989999771118164,14.989999771118164,34173,0.0,0.0,0.0
2024-04-02 05:00:00+00:00,14.989999771118164,14.989999771118164,14.979999542236328,14.979999542236328,27035,0.0,0.0,0.0
2024-04-02 05:05:00+00:00,14.979999542236328,14.989999771118164,14.979999542236328,14.989999771118164,11750,0.0,0.0,0.0
2024-04-02 05:10:00+00:00,14.989999771118164,14.989999771118164,14.989999771118164,14.989999771118164,23030,0.0,0.0,0.0
2024-04-02 05:15:00+00:00,14.989999771118164,14.989999771118164,14.989999771118164,14.989999771118164,10499,0.0,0.0,0.0
2024-04-02 05:20:00+00:00,14.989999771118164,14.989999771118164,14.989999771118164,14.989999771118164,21693,0.0,0.0,0.0
2024-04-03 01:00:00+00:00,15.010000228881836,15.010000228881836,14.960000038146973,14.970000267028809,0,0.0,0.0,0.0
2024-04-03 01:05:00+00:00,14.970000267028809,14.970000267028809,14.970000267028809,14.970000267028809,148000,0.0,0.0,0.0
2024-04-03 01:10:00+00:00,14.970000267028809,14.970000267028809,14.949999809265137,14.949999809265137,223969,0.0,0.0,0.0
2024-04-03 01:15:00+00:00,14.949999809265137,14.960000038146973,14.9399995803833,14.9399995803833,275655,0.0,0.0,0.0
2024-04-03 01:20:00+00:00,14.9399995803833,14.949999809265137,14.930000305175781,14.949999809265137,78120,0.0,0.0,0.0
2024-04-03 01:25:00+00:00,14.930000305175781,14.930000305175781,14.90999984741211,14.90999984741211,161060,0.0,0.0,0.0
2024-04-03 01:30:00+00:00,14.930000305175781,14.930000305175781,14.90999984741211,14.920000076293945,52734,0.0,0.0,0.0
2024-04-03 01:35:00+00:00,14.90999984741211,14.920000076293945,14.90999984741211,14.920000076293945,91900,0.0,0.0,0.0
2024-04-03 01:40:00+00:00,14.90999984741211,14.90999984741211,14.880000114440918,14.899999618530273,351083,0.0,0.0,0.0
2024-04-03 01:45:00+00:00,14.90999984741211,14.90999984741211,14.90999984741211,14.90999984741211,18200,0.0,0.0,0.0
2024-04-03 01:50:00+00:00,14.90999984741211,14.90999984741211,14.899999618530273,14.90999984741211,25150,0.0,0.0,0.0
2024-04-03 01:55:00+00:00,14.90999984741211,14.90999984741211,14.890000343322754,14.890000343322754,191133,0.0,0.0,0.0
2024-04-03 02:00:00+00:00,14.899999618530273,14.90999984741211,14.880000114440918,14.890000343322754,46511,0.0,0.0,0.0
2024-04-03 02:05:00+00:00,14.890000343322754,14.890000343322754,14.890000343322754,14.890000343322754,6671,0.0,0.0,0.0
2024-04-03 02:10:00+00:00,14.899999618530273,14.920000076293945,14.899999618530273,14.899999618530273,113116,0.0,0.0,0.0
2024-04-03 02:15:00+00:00,14.920000076293945,14.920000076293945,14.90999984741211,14.90999984741211,9410,0.0,0.0,0.0
2024-04-03 02:20:00+00:00,14.90999984741211,14.920000076293945,14.90999984741211,14.920000076293945,11181,0.0,0.0,0.0
2024-04-03 02:25:00+00:00,14.920000076293945,14.920000076293945,14.920000076293945,14.920000076293945,136100,0.0,0.0,0.0
2024-04-03 02:30:00+00:00,14.930000305175781,14.930000305175781,14.920000076293945,14.920000076293945,19219,0.0,0.0,0.0
2024-04-03 02:35:00+00:00,14.920000076293945,14.920000076293945,14.920000076293945,14.920000076293945,1316,0.0,0.0,0.0
2024-04-03 02:40:00+00:00,14.920000076293945,14.920000076293945,14.920000076293945,14.920000076293945,1000,0.0,0.0,0.0
2024-04-03 02:45:00+00:00,14.930000305175781,14.930000305175781,14.920000076293945,14.930000305175781,12288,0.0,0.0,0.0
2024-04-03 02:50:00+00:00,14.930000305175781,14.930000305175781,14.920000076293945,14.930000305175781,115600,0.0,0.0,0.0
2024-04-03 02:55:00+00:00,14.930000305175781,14.930000305175781,14.930000305175781,14.930000305175781,2000,0.0,0.0,0.0
2024-04-03 03:00:00+00:00,14.9399995803833,14.9399995803833,14.920000076293945,14.920000076293945,14400,0.0,0.0,0.0
2024-04-03 03:05:00+00:00,14.920000076293945,14.920000076293945,14.920000076293945,14.920000076293945,40579,0.0,0.0,0.0
2024-04-03 03:10:00+00:00,14.920000076293945,14.920000076293945,14.920000076293945,14.920000076293945,2000,0.0,0.0,0.0
2024-04-03 03:15:00+00:00,14.930000305175781,14.930000305175781,14.920000076293945,14.920000076293945,8000,0.0,0.0,0.0
2024-04-03 03:20:00+00:00,14.920000076293945,14.920000076293945,14.920000076293945,14.920000076293945,42600,0.0,0.0,0.0
2024-04-03 03:25:00+00:00,14.920000076293945,14.920000076293945,14.90999984741211,14.920000076293945,33001,0.0,0.0,0.0
2024-04-03 03:30:00+00:00,14.920000076293945,14.920000076293945,14.920000076293945,14.920000076293945,4000,0.0,0.0,0.0
2024-04-03 03:35:00+00:00,14.90999984741211,14.90999984741211,14.90999984741211,14.90999984741211,1228,0.0,0.0,0.0
2024-04-03 03:40:00+00:00,14.920000076293945,14.920000076293945,14.920000076293945,14.920000076293945,3000,0.0,0.0,0.0
2024-04-03 03:45:00+00:00,14.930000305175781,14.930000305175781,14.920000076293945,14.920000076293945,50315,0.0,0.0,0.0
2024-04-03 03:55:00+00:00,14.930000305175781,14.930000305175781,14.920000076293945,14.920000076293945,7526,0.0,0.0,0.0
2024-04-03 04:00:00+00:00,14.930000305175781,14.930000305175781,14.930000305175781,14.930000305175781,9100,0.0,0.0,0.0
2024-04-03 04:05:00+00:00,14.920000076293945,14.920000076293945,14.920000076293945,14.920000076293945,69511,0.0,0.0,0.0
2024-04-03 04:10:00+00:00,14.920000076293945,14.920000076293945,14.920000076293945,14.920000076293945,3543,0.0,0.0,0.0
2024-04-03 04:15:00+00:00,14.920000076293945,14.920000076293945,14.90999984741211,14.90999984741211,93750,0.0,0.0,0.0
2024-04-03 04:20:00+00:00,14.90999984741211,14.90999984741211,14.899999618530273,14.899999618530273,118145,0.0,0.0,0.0
2024-04-03 04:25:00+00:00,14.90999984741211,14.90999984741211,14.90999984741211,14.90999984741211,5671,0.0,0.0,0.0
2024-04-03 04:30:00+00:00,14.899999618530273,14.920000076293945,14.899999618530273,14.920000076293945,123120,0.0,0.0,0.0
2024-04-03 04:35:00+00:00,14.899999618530273,14.899999618530273,14.899999618530273,14.899999618530273,52405,0.0,0.0,0.0
2024-04-03 04:45:00+00:00,14.90999984741211,14.90999984741211,14.899999618530273,14.90999984741211,41253,0.0,0.0,0.0
2024-04-03 04:50:00+00:00,14.90999984741211,14.90999984741211,14.890000343322754,14.899999618530273,161676,0.0,0.0,0.0
2024-04-03 04:55:00+00:00,14.899999618530273,14.899999618530273,14.890000343322754,14.890000343322754,127999,0.0,0.0,0.0
2024-04-03 05:00:00+00:00,14.890000343322754,14.899999618530273,14.890000343322754,14.899999618530273,34001,0.0,0.0,0.0
2024-04-03 05:05:00+00:00,14.899999618530273,14.899999618530273,14.880000114440918,14.880000114440918,5900,0.0,0.0,0.0
2024-04-03 05:10:00+00:00,14.890000343322754,14.899999618530273,14.890000343322754,14.899999618530273,40662,0.0,0.0,0.0
2024-04-03 05:15:00+00:00,14.899999618530273,14.899999618530273,14.890000343322754,14.899999618530273,35000,0.0,0.0,0.0
2024-04-03 05:20:00+00:00,14.899999618530273,14.899999618530273,14.890000343322754,14.890000343322754,18615,0.0,0.0,0.0
2024-04-08 01:00:00+00:00,14.890000343322754,14.899999618530273,14.869999885559082,14.890000343322754,0,0.0,0.0,0.0
2024-04-08 01:05:00+00:00,14.890000343322754,14.890000343322754,14.890000343322754,14.890000343322754,11000,0.0,0.0,0.0
2024-04-08 01:10:00+00:00,14.899999618530273,14.930000305175781,14.899999618530273,14.930000305175781,145812,0.0,0.0,0.0
2024-04-08 01:15:00+00:00,14.920000076293945,14.920000076293945,14.899999618530273,14.899999618530273,20341,0.0,0.0,0.0
2024-04-08 01:20:00+00:00,14.899999618530273,14.899999618530273,14.880000114440918,14.880000114440918,33125,0.0,0.0,0.0
2024-04-08 01:25:00+00:00,14.880000114440918,14.890000343322754,14.869999885559082,14.869999885559082,39740,0.0,0.0,0.0
2024-04-08 01:30:00+00:00,14.890000343322754,14.899999618530273,14.880000114440918,14.899999618530273,59631,0.0,0.0,0.0
2024-04-08 01:35:00+00:00,14.899999618530273,14.899999618530273,14.890000343322754,14.890000343322754,42101,0.0,0.0,0.0
2024-04-08 01:40:00+00:00,14.890000343322754,14.899999618530273,14.890000343322754,14.899999618530273,39000,0.0,0.0,0.0
2024-04-08 01:45:00+00:00,14.930000305175781,14.930000305175781,14.90999984741211,14.920000076293945,17783,0.0,0.0,0.0
2024-04-08 01:50:00+00:00,14.930000305175781,14.930000305175781,14.90999984741211,14.90999984741211,9000,0.0,0.0,0.0
2024-04-08 01:55:00+00:00,14.90999984741211,14.920000076293945,14.90999984741211,14.920000076293945,61789,0.0,0.0,0.0
2024-04-08 02:00:00+00:00,14.930000305175781,14.9399995803833,14.930000305175781,14.930000305175781,68601,0.0,0.0,0.0
2024-04-08 02:05:00+00:00,14.9399995803833,14.9399995803833,14.930000305175781,14.930000305175781,50500,0.0,0.0,0.0
2024-04-08 02:10:00+00:00,14.9399995803833,14.949999809265137,14.9399995803833,14.949999809265137,16009,0.0,0.0,0.0
2024-04-08 02:15:00+00:00,14.949999809265137,14.970000267028809,14.949999809265137,14.970000267028809,58113,0.0,0.0,0.0
2024-04-08 02:20:00+00:00,14.960000038146973,14.960000038146973,14.960000038146973,14.960000038146973,6900,0.0,0.0,0.0
2024-04-08 02:25:00+00:00,14.960000038146973,14.970000267028809,14.960000038146973,14.970000267028809,79055,0.0,0.0,0.0
2024-04-08 02:30:00+00:00,14.970000267028809,14.970000267028809,14.960000038146973,14.970000267028809,6513,0.0,0.0,0.0
2024-04-08 02:35:00+00:00,14.970000267028809,14.970000267028809,14.960000038146973,14.960000038146973,2511,0.0,0.0,0.0
2024-04-08 02:40:00+00:00,14.960000038146973,14.960000038146973,14.960000038146973,14.960000038146973,2190,0.0,0.0,0.0
2024-04-08 02:45:00+00:00,14.970000267028809,14.970000267028809,14.970000267028809,14.970000267028809,8241,0.0,0.0,0.0
2024-04-08 02:50:00+00:00,14.970000267028809,14.970000267028809,14.960000038146973,14.960000038146973,4547,0.0,0.0,0.0
2024-04-08 02:55:00+00:00,14.960000038146973,14.960000038146973,14.960000038146973,14.960000038146973,1351,0.0,0.0,0.0
2024-04-08 03:00:00+00:00,14.970000267028809,14.970000267028809,14.960000038146973,14.960000038146973,11222,0.0,0.0,0.0
2024-04-08 03:05:00+00:00,14.960000038146973,14.970000267028809,14.960000038146973,14.970000267028809,45433,0.0,0.0,0.0
2024-04-08 03:10:00+00:00,14.960000038146973,14.960000038146973,14.960000038146973,14.960000038146973,9000,0.0,0.0,0.0
2024-04-08 03:15:00+00:00,14.970000267028809,14.970000267028809,14.960000038146973,14.960000038146973,31342,0.0,0.0,0.0
2024-04-08 03:20:00+00:00,14.960000038146973,14.960000038146973,14.960000038146973,14.960000038146973,6100,0.0,0.0,0.0
2024-04-08 03:25:00+00:00,14.960000038146973,14.960000038146973,14.960000038146973,14.960000038146973,4050,0.0,0.0,0.0
2024-04-08 03:30:00+00:00,14.970000267028809,14.970000267028809,14.949999809265137,14.949999809265137,31267,0.0,0.0,0.0
2024-04-08 03:35:00+00:00,14.949999809265137,14.949999809265137,14.949999809265137,14.949999809265137,2092,0.0,0.0,0.0
2024-04-08 03:40:00+00:00,14.949999809265137,14.949999809265137,14.949999809265137,14.949999809265137,10136,0.0,0.0,0.0
2024-04-08 03:45:00+00:00,14.960000038146973,14.960000038146973,14.960000038146973,14.960000038146973,5141,0.0,0.0,0.0
2024-04-08 03:55:00+00:00,14.960000038146973,14.960000038146973,14.960000038146973,14.960000038146973,3172,0.0,0.0,0.0
2024-04-08 04:00:00+00:00,14.960000038146973,14.960000038146973,14.949999809265137,14.949999809265137,7351,0.0,0.0,0.0
2024-04-08 04:15:00+00:00,14.960000038146973,14.960000038146973,14.960000038146973,14.960000038146973,102085,0.0,0.0,0.0
2024-04-08 04:20:00+00:00,14.960000038146973,14.960000038146973,14.960000038146973,14.960000038146973,2692,0.0,0.0,0.0
2024-04-08 04:30:00+00:00,14.960000038146973,14.960000038146973,14.949999809265137,14.949999809265137,59829,0.0,0.0,0.0
2024-04-08 04:35:00+00:00,14.960000038146973,14.960000038146973,14.960000038146973,14.960000038146973,7045,0.0,0.0,0.0
2024-04-08 04:40:00+00:00,14.960000038146973,14.960000038146973,14.960000038146973,14.960000038146973,9000,0.0,0.0,0.0
2024-04-08 04:45:00+00:00,14.970000267028809,14.970000267028809,14.970000267028809,14.970000267028809,25273,0.0,0.0,0.0
2024-04-08 04:50:00+00:00,14.970000267028809,14.970000267028809,14.970000267028809,14.970000267028809,3000,0.0,0.0,0.0
2024-04-08 04:55:00+00:00,14.979999542236328,14.979999542236328,14.979999542236328,14.979999542236328,22140,0.0,0.0,0.0
2024-04-08 05:00:00+00:00,14.989999771118164,14.989999771118164,14.979999542236328,14.989999771118164,7020,0.0,0.0,0.0
2024-04-08 05:05:00+00:00,14.979999542236328,14.979999542236328,14.979999542236328,14.979999542236328,3422,0.0,0.0,0.0
2024-04-08 05:10:00+00:00,14.979999542236328,14.989999771118164,14.979999542236328,14.989999771118164,18000,0.0,0.0,0.0
2024-04-08 05:15:00+00:00,15.0,15.0,14.979999542236328,14.989999771118164,9364,0.0,0.0,0.0
2024-04-08 05:20:00+00:00,15.0,15.0,15.0,15.0,115214,0.0,0.0,0.0
2024-04-09 01:00:00+00:00,15.0,15.020000457763672,15.0,15.020000457763672,0,0.0,0.0,0.0
2024-04-09 01:05:00+00:00,15.029999732971191,15.050000190734863,15.029999732971191,15.050000190734863,232885,0.0,0.0,0.0
2024-04-09 01:10:00+00:00,15.039999961853027,15.039999961853027,15.020000457763672,15.020000457763672,206600,0.0,0.0,0.0
2024-04-09 01:15:00+00:00,15.020000457763672,15.020000457763672,15.010000228881836,15.010000228881836,10535,0.0,0.0,0.0
2024-04-09 01:20:00+00:00,15.020000457763672,15.039999961853027,15.020000457763672,15.039999961853027,156001,0.0,0.0,0.0
2024-04-09 01:25:00+00:00,15.039999961853027,15.069999694824219,15.039999961853027,15.069999694824219,139293,0.0,0.0,0.0
2024-04-09 01:30:00+00:00,15.069999694824219,15.09000015258789,15.0600004196167,15.079999923706055,94196,0.0,0.0,0.0
2024-04-09 01:35:00+00:00,15.079999923706055,15.100000381469727,15.079999923706055,15.100000381469727,143943,0.0,0.0,0.0
2024-04-09 01:40:00+00:00,15.100000381469727,15.100000381469727,15.09000015258789,15.09000015258789,89257,0.0,0.0,0.0
2024-04-09 01:45:00+00:00,15.100000381469727,15.109999656677246,15.09000015258789,15.100000381469727,87206,0.0,0.0,0.0
2024-04-09 01:50:00+00:00,15.100000381469727,15.109999656677246,15.100000381469727,15.109999656677246,113784,0.0,0.0,0.0
2024-04-09 01:55:00+00:00,15.109999656677246,15.130000114440918,15.109999656677246,15.119999885559082,190588,0.0,0.0,0.0
2024-04-09 02:00:00+00:00,15.119999885559082,15.130000114440918,15.109999656677246,15.109999656677246,135090,0.0,0.0,0.0
2024-04-09 02:05:00+00:00,15.109999656677246,15.109999656677246,15.100000381469727,15.109999656677246,39810,0.0,0.0,0.0
2024-04-09 02:10:00+00:00,15.109999656677246,15.119999885559082,15.109999656677246,15.119999885559082,69428,0.0,0.0,0.0
2024-04-09 02:15:00+00:00,15.130000114440918,15.130000114440918,15.130000114440918,15.130000114440918,82547,0.0,0.0,0.0
2024-04-09 02:20:00+00:00,15.119999885559082,15.140000343322754,15.119999885559082,15.140000343322754,24421,0.0,0.0,0.0
2024-04-09 02:25:00+00:00,15.130000114440918,15.130000114440918,15.130000114440918,15.130000114440918,25012,0.0,0.0,0.0
2024-04-09 02:30:00+00:00,15.140000343322754,15.140000343322754,15.130000114440918,15.140000343322754,10284,0.0,0.0,0.0
2024-04-09 02:35:00+00:00,15.140000343322754,15.140000343322754,15.119999885559082,15.119999885559082,6067,0.0,0.0,0.0
2024-04-09 02:40:00+00:00,15.119999885559082,15.130000114440918,15.119999885559082,15.130000114440918,24600,0.0,0.0,0.0
2024-04-09 02:45:00+00:00,15.130000114440918,15.130000114440918,15.119999885559082,15.119999885559082,26170,0.0,0.0,0.0
2024-04-09 02:50:00+00:00,15.119999885559082,15.119999885559082,15.119999885559082,15.119999885559082,18060,0.0,0.0,0.0
2024-04-09 02:55:00+00:00,15.130000114440918,15.130000114440918,15.130000114440918,15.130000114440918,6430,0.0,0.0,0.0
2024-04-09 03:00:00+00:00,15.130000114440918,15.130000114440918,15.119999885559082,15.119999885559082,14000,0.0,0.0,0.0
2024-04-09 03:05:00+00:00,15.130000114440918,15.130000114440918,15.119999885559082,15.119999885559082,102000,0.0,0.0,0.0
2024-04-09 03:10:00+00:00,15.130000114440918,15.130000114440918,15.130000114440918,15.130000114440918,12000,0.0,0.0,0.0
2024-04-09 03:15:00+00:00,15.130000114440918,15.130000114440918,15.130000114440918,15.130000114440918,78276,0.0,0.0,0.0
2024-04-09 03:20:00+00:00,15.119999885559082,15.130000114440918,15.119999885559082,15.119999885559082,48361,0.0,0.0,0.0
2024-04-09 03:30:00+00:00,15.130000114440918,15.140000343322754,15.119999885559082,15.119999885559082,44500,0.0,0.0,0.0
2024-04-09 03:35:00+00:00,15.119999885559082,15.119999885559082,15.119999885559082,15.119999885559082,14330,0.0,0.0,0.0
2024-04-09 03:40:00+00:00,15.130000114440918,15.130000114440918,15.130000114440918,15.130000114440918,11000,0.0,0.0,0.0
2024-04-09 03:45:00+00:00,15.130000114440918,15.130000114440918,15.130000114440918,15.130000114440918,147222,0.0,0.0,0.0
2024-04-09 03:50:00+00:00,15.130000114440918,15.130000114440918,15.130000114440918,15.130000114440918,10178,0.0,0.0,0.0
2024-04-09 03:55:00+00:00,15.119999885559082,15.130000114440918,15.119999885559082,15.130000114440918,13200,0.0,0.0,0.0
2024-04-09 04:00:00+00:00,15.130000114440918,15.130000114440918,15.119999885559082,15.119999885559082,7000,0.0,0.0,0.0
2024-04-09 04:05:00+00:00,15.119999885559082,15.130000114440918,15.119999885559082,15.130000114440918,7200,0.0,0.0,0.0
2024-04-09 04:10:00+00:00,15.119999885559082,15.119999885559082,15.119999885559082,15.119999885559082,9100,0.0,0.0,0.0
2024-04-09 04:15:00+00:00,15.119999885559082,15.140000343322754,15.119999885559082,15.140000343322754,234710,0.0,0.0,0.0
2024-04-09 04:20:00+00:00,15.140000343322754,15.15999984741211,15.140000343322754,15.149999618530273,270115,0.0,0.0,0.0
2024-04-09 04:25:00+00:00,15.149999618530273,15.149999618530273,15.149999618530273,15.149999618530273,92000,0.0,0.0,0.0
2024-04-09 04:30:00+00:00,15.149999618530273,15.15999984741211,15.149999618530273,15.15999984741211,103235,0.0,0.0,0.0
2024-04-09 04:35:00+00:00,15.149999618530273,15.15999984741211,15.140000343322754,15.15999984741211,37527,0.0,0.0,0.0
2024-04-09 04:40:00+00:00,15.15999984741211,15.15999984741211,15.149999618530273,15.149999618530273,11835,0.0,0.0,0.0
2024-04-09 04:45:00+00:00,15.140000343322754,15.149999618530273,15.140000343322754,15.140000343322754,117543,0.0,0.0,0.0
2024-04-09 04:50:00+00:00,15.149999618530273,15.149999618530273,15.149999618530273,15.149999618530273,22375,0.0,0.0,0.0
2024-04-09 04:55:00+00:00,15.149999618530273,15.149999618530273,15.149999618530273,15.149999618530273,26826,0.0,0.0,0.0
2024-04-09 05:00:00+00:00,15.149999618530273,15.149999618530273,15.149999618530273,15.149999618530273,51000,0.0,0.0,0.0
2024-04-09 05:05:00+00:00,15.149999618530273,15.149999618530273,15.149999618530273,15.149999618530273,69143,0.0,0.0,0.0
2024-04-09 05:10:00+00:00,15.149999618530273,15.149999618530273,15.149999618530273,15.149999618530273,6070,0.0,0.0,0.0
2024-04-09 05:15:00+00:00,15.149999618530273,15.149999618530273,15.149999618530273,15.149999618530273,23924,0.0,0.0,0.0
2024-04-09 05:20:00+00:00,15.149999618530273,15.15999984741211,15.149999618530273,15.149999618530273,149328,0.0,0.0,0.0
2024-04-10 01:00:00+00:00,15.15999984741211,15.180000305175781,15.15999984741211,15.170000076293945,690000,0.0,0.0,0.0
2024-04-10 01:05:00+00:00,15.170000076293945,15.180000305175781,15.170000076293945,15.180000305175781,61206,0.0,0.0,0.0
2024-04-10 01:10:00+00:00,15.180000305175781,15.199999809265137,15.180000305175781,15.1899995803833,121376,0.0,0.0,0.0
2024-04-10 01:15:00+00:00,15.180000305175781,15.1899995803833,15.180000305175781,15.1899995803833,46647,0.0,0.0,0.0
2024-04-10 01:20:00+00:00,15.1899995803833,15.199999809265137,15.1899995803833,15.199999809265137,57244,0.0,0.0,0.0
2024-04-10 01:25:00+00:00,15.1899995803833,15.1899995803833,15.15999984741211,15.15999984741211,18138,0.0,0.0,0.0
2024-04-10 01:30:00+00:00,15.15999984741211,15.170000076293945,15.15999984741211,15.170000076293945,58239,0.0,0.0,0.0
2024-04-10 01:35:00+00:00,15.15999984741211,15.15999984741211,15.149999618530273,15.149999618530273,89314,0.0,0.0,0.0
2024-04-10 01:40:00+00:00,15.149999618530273,15.149999618530273,15.149999618530273,15.149999618530273,12000,0.0,0.0,0.0
2024-04-10 01:45:00+00:00,15.149999618530273,15.15999984741211,15.149999618530273,15.15999984741211,18480,0.0,0.0,0.0
2024-04-10 01:50:00+00:00,15.15999984741211,15.15999984741211,15.15999984741211,15.15999984741211,1101,0.0,0.0,0.0
2024-04-10 01:55:00+00:00,15.170000076293945,15.180000305175781,15.170000076293945,15.180000305175781,149914,0.0,0.0,0.0
2024-04-10 02:00:00+00:00,15.180000305175781,15.1899995803833,15.180000305175781,15.1899995803833,49434,0.0,0.0,0.0
2024-04-10 02:05:00+00:00,15.180000305175781,15.1899995803833,15.180000305175781,15.1899995803833,20090,0.0,0.0,0.0
2024-04-10 02:15:00+00:00,15.1899995803833,15.1899995803833,15.1899995803833,15.1899995803833,17333,0.0,0.0,0.0
2024-04-10 02:25:00+00:00,15.180000305175781,15.180000305175781,15.180000305175781,15.180000305175781,8010,0.0,0.0,0.0
2024-04-10 02:30:00+00:00,15.1899995803833,15.1899995803833,15.180000305175781,15.180000305175781,113231,0.0,0.0,0.0
2024-04-10 02:35:00+00:00,15.180000305175781,15.180000305175781,15.180000305175781,15.180000305175781,1100,0.0,0.0,0.0
2024-04-10 02:40:00+00:00,15.180000305175781,15.180000305175781,15.180000305175781,15.180000305175781,2192,0.0,0.0,0.0
2024-04-10 02:45:00+00:00,15.180000305175781,15.180000305175781,15.180000305175781,15.180000305175781,5138,0.0,0.0,0.0
2024-04-10 02:50:00+00:00,15.180000305175781,15.180000305175781,15.180000305175781,15.180000305175781,16092,0.0,0.0,0.0
2024-04-10 02:55:00+00:00,15.180000305175781,15.180000305175781,15.180000305175781,15.180000305175781,1000,0.0,0.0,0.0
2024-04-10 03:00:00+00:00,15.180000305175781,15.180000305175781,15.180000305175781,15.180000305175781,22220,0.0,0.0,0.0
2024-04-10 03:05:00+00:00,15.170000076293945,15.170000076293945,15.170000076293945,15.170000076293945,13092,0.0,0.0,0.0
2024-04-10 03:10:00+00:00,15.170000076293945,15.170000076293945,15.170000076293945,15.170000076293945,22320,0.0,0.0,0.0
2024-04-10 03:20:00+00:00,15.170000076293945,15.170000076293945,15.15999984741211,15.15999984741211,18030,0.0,0.0,0.0
2024-04-10 03:25:00+00:00,15.15999984741211,15.170000076293945,15.15999984741211,15.170000076293945,16530,0.0,0.0,0.0
2024-04-10 03:30:00+00:00,15.170000076293945,15.170000076293945,15.170000076293945,15.170000076293945,1000,0.0,0.0,0.0
2024-04-10 03:35:00+00:00,15.170000076293945,15.170000076293945,15.15999984741211,15.15999984741211,12000,0.0,0.0,0.0
2024-04-10 03:40:00+00:00,15.15999984741211,15.15999984741211,15.15999984741211,15.15999984741211,55080,0.0,0.0,0.0
2024-04-10 03:45:00+00:00,15.149999618530273,15.149999618530273,15.149999618530273,15.149999618530273,5619,0.0,0.0,0.0
2024-04-10 03:50:00+00:00,15.15999984741211,15.15999984741211,15.15999984741211,15.15999984741211,23321,0.0,0.0,0.0
2024-04-10 03:55:00+00:00,15.170000076293945,15.170000076293945,15.170000076293945,15.170000076293945,2000,0.0,0.0,0.0
2024-04-10 04:00:00+00:00,15.15999984741211,15.15999984741211,15.15999984741211,15.15999984741211,7267,0.0,0.0,0.0
2024-04-10 04:05:00+00:00,15.15999984741211,15.15999984741211,15.15999984741211,15.15999984741211,4450,0.0,0.0,0.0
2024-04-10 04:10:00+00:00,15.149999618530273,15.15999984741211,15.149999618530273,15.15999984741211,10560,0.0,0.0,0.0
2024-04-10 04:15:00+00:00,15.149999618530273,15.149999618530273,15.149999618530273,15.149999618530273,71540,0.0,0.0,0.0
2024-04-10 04:20:00+00:00,15.149999618530273,15.149999618530273,15.149999618530273,15.149999618530273,5000,0.0,0.0,0.0
2024-04-10 04:25:00+00:00,15.149999618530273,15.149999618530273,15.149999618530273,15.149999618530273,11081,0.0,0.0,0.0
2024-04-10 04:30:00+00:00,15.149999618530273,15.149999618530273,15.140000343322754,15.149999618530273,9008,0.0,0.0,0.0
2024-04-10 04:35:00+00:00,15.149999618530273,15.149999618530273,15.149999618530273,15.149999618530273,3230,0.0,0.0,0.0
2024-04-10 04:40:00+00:00,15.140000343322754,15.149999618530273,15.140000343322754,15.149999618530273,33000,0.0,0.0,0.0
2024-04-10 04:45:00+00:00,15.149999618530273,15.149999618530273,15.149999618530273,15.149999618530273,12219,0.0,0.0,0.0
2024-04-10 04:50:00+00:00,15.149999618530273,15.149999618530273,15.140000343322754,15.149999618530273,43816,0.0,0.0,0.0
2024-04-10 04:55:00+00:00,15.149999618530273,15.149999618530273,15.149999618530273,15.149999618530273,34150,0.0,0.0,0.0
2024-04-10 05:00:00+00:00,15.149999618530273,15.149999618530273,15.140000343322754,15.140000343322754,6367,0.0,0.0,0.0
2024-04-10 05:05:00+00:00,15.149999618530273,15.149999618530273,15.149999618530273,15.149999618530273,6000,0.0,0.0,0.0
2024-04-10 05:10:00+00:00,15.149999618530273,15.149999618530273,15.149999618530273,15.149999618530273,18000,0.0,0.0,0.0
2024-04-10 05:15:00+00:00,15.149999618530273,15.149999618530273,15.149999618530273,15.149999618530273,3783,0.0,0.0,0.0
2024-04-10 05:20:00+00:00,15.149999618530273,15.149999618530273,15.140000343322754,15.140000343322754,32535,0.0,0.0,0.0
2024-04-11 01:00:00+00:00,15.109999656677246,15.119999885559082,15.100000381469727,15.109999656677246,127000,0.0,0.0,0.0
2024-04-11 01:05:00+00:00,15.100000381469727,15.100000381469727,15.100000381469727,15.100000381469727,30035,0.0,0.0,0.0
2024-04-11 01:10:00+00:00,15.100000381469727,15.109999656677246,15.100000381469727,15.109999656677246,162311,0.0,0.0,0.0
2024-04-11 01:15:00+00:00,15.109999656677246,15.119999885559082,15.100000381469727,15.119999885559082,35117,0.0,0.0,0.0
2024-04-11 01:20:00+00:00,15.119999885559082,15.119999885559082,15.100000381469727,15.100000381469727,147171,0.0,0.0,0.0
2024-04-11 01:25:00+00:00,15.100000381469727,15.100000381469727,15.09000015258789,15.09000015258789,9820,0.0,0.0,0.0
2024-04-11 01:30:00+00:00,15.09000015258789,15.100000381469727,15.09000015258789,15.100000381469727,20500,0.0,0.0,0.0
2024-04-11 01:35:00+00:00,15.100000381469727,15.130000114440918,15.100000381469727,15.130000114440918,48609,0.0,0.0,0.0
2024-04-11 01:40:00+00:00,15.130000114440918,15.140000343322754,15.130000114440918,15.140000343322754,37230,0.0,0.0,0.0
2024-04-11 01:45:00+00:00,15.140000343322754,15.140000343322754,15.140000343322754,15.140000343322754,7257,0.0,0.0,0.0
2024-04-11 01:50:00+00:00,15.140000343322754,15.140000343322754,15.140000343322754,15.140000343322754,3000,0.0,0.0,0.0
2024-04-11 01:55:00+00:00,15.149999618530273,15.149999618530273,15.149999618530273,15.149999618530273,34470,0.0,0.0,0.0
2024-04-11 02:00:00+00:00,15.149999618530273,15.149999618530273,15.140000343322754,15.140000343322754,14345,0.0,0.0,0.0
2024-04-11 02:05:00+00:00,15.140000343322754,15.149999618530273,15.140000343322754,15.149999618530273,8000,0.0,0.0,0.0
2024-04-11 02:10:00+00:00,15.149999618530273,15.15999984741211,15.149999618530273,15.15999984741211,74400,0.0,0.0,0.0
2024-04-11 02:15:00+00:00,15.15999984741211,15.15999984741211,15.15999984741211,15.15999984741211,57030,0.0,0.0,0.0
2024-04-11 02:20:00+00:00,15.15999984741211,15.15999984741211,15.149999618530273,15.15999984741211,82355,0.0,0.0,0.0
2024-04-11 02:30:00+00:00,15.15999984741211,15.15999984741211,15.149999618530273,15.149999618530273,5100,0.0,0.0,0.0
2024-04-11 02:35:00+00:00,15.149999618530273,15.149999618530273,15.149999618530273,15.149999618530273,1100,0.0,0.0,0.0
2024-04-11 02:40:00+00:00,15.15999984741211,15.15999984741211,15.149999618530273,15.149999618530273,8000,0.0,0.0,0.0
2024-04-11 02:45:00+00:00,15.149999618530273,15.149999618530273,15.149999618530273,15.149999618530273,9240,0.0,0.0,0.0
2024-04-11 02:50:00+00:00,15.149999618530273,15.149999618530273,15.149999618530273,15.149999618530273,8000,0.0,0.0,0.0
2024-04-11 03:00:00+00:00,15.149999618530273,15.149999618530273,15.140000343322754,15.140000343322754,4200,0.0,0.0,0.0
2024-04-11 03:05:00+00:00,15.140000343322754,15.149999618530273,15.140000343322754,15.149999618530273,81310,0.0,0.0,0.0
2024-04-11 03:10:00+00:00,15.140000343322754,15.140000343322754,15.140000343322754,15.140000343322754,1060,0.0,0.0,0.0
2024-04-11 03:15:00+00:00,15.140000343322754,15.140000343322754,15.140000343322754,15.140000343322754,18245,0.0,0.0,0.0
2024-04-11 03:20:00+00:00,15.140000343322754,15.140000343322754,15.140000343322754,15.140000343322754,25192,0.0,0.0,0.0
2024-04-11 03:30:00+00:00,15.149999618530273,15.149999618530273,15.140000343322754,15.140000343322754,52508,0.0,0.0,0.0
2024-04-11 03:40:00+00:00,15.140000343322754,15.140000343322754,15.140000343322754,15.140000343322754,2304,0.0,0.0,0.0
2024-04-11 03:45:00+00:00,15.140000343322754,15.140000343322754,15.140000343322754,15.140000343322754,12030,0.0,0.0,0.0
2024-04-11 03:50:00+00:00,15.140000343322754,15.140000343322754,15.140000343322754,15.140000343322754,4047,0.0,0.0,0.0
2024-04-11 03:55:00+00:00,15.140000343322754,15.149999618530273,15.140000343322754,15.140000343322754,15500,0.0,0.0,0.0
2024-04-11 04:00:00+00:00,15.140000343322754,15.140000343322754,15.140000343322754,15.140000343322754,26040,0.0,0.0,0.0
2024-04-11 04:05:00+00:00,15.140000343322754,15.140000343322754,15.140000343322754,15.140000343322754,6077,0.0,0.0,0.0
2024-04-11 04:15:00+00:00,15.140000343322754,15.140000343322754,15.140000343322754,15.140000343322754,1100,0.0,0.0,0.0
2024-04-11 04:20:00+00:00,15.149999618530273,15.149999618530273,15.149999618530273,15.149999618530273,12140,0.0,0.0,0.0
2024-04-11 04:25:00+00:00,15.140000343322754,15.140000343322754,15.140000343322754,15.140000343322754,5478,0.0,0.0,0.0
2024-04-11 04:35:00+00:00,15.149999618530273,15.149999618530273,15.149999618530273,15.149999618530273,189400,0.0,0.0,0.0
2024-04-11 04:40:00+00:00,15.149999618530273,15.170000076293945,15.149999618530273,15.170000076293945,87422,0.0,0.0,0.0
2024-04-11 04:45:00+00:00,15.170000076293945,15.170000076293945,15.170000076293945,15.170000076293945,70159,0.0,0.0,0.0
2024-04-11 05:00:00+00:00,15.170000076293945,15.170000076293945,15.170000076293945,15.170000076293945,13200,0.0,0.0,0.0
2024-04-11 05:05:00+00:00,15.170000076293945,15.170000076293945,15.170000076293945,15.170000076293945,3000,0.0,0.0,0.0
2024-04-11 05:10:00+00:00,15.170000076293945,15.170000076293945,15.15999984741211,15.15999984741211,18448,0.0,0.0,0.0
2024-04-11 05:15:00+00:00,15.170000076293945,15.170000076293945,15.15999984741211,15.15999984741211,7269,0.0,0.0,0.0
2024-04-11 05:20:00+00:00,15.15999984741211,15.170000076293945,15.149999618530273,15.149999618530273,291902,0.0,0.0,0.0
2024-04-12 01:00:00+00:00,15.079999923706055,15.079999923706055,15.0600004196167,15.069999694824219,345000,0.0,0.0,0.0
2024-04-12 01:05:00+00:00,15.079999923706055,15.09000015258789,15.069999694824219,15.09000015258789,39097,0.0,0.0,0.0
2024-04-12 01:10:00+00:00,15.09000015258789,15.09000015258789,15.079999923706055,15.079999923706055,11033,0.0,0.0,0.0
2024-04-12 01:15:00+00:00,15.100000381469727,15.100000381469727,15.100000381469727,15.100000381469727,2018,0.0,0.0,0.0
2024-04-12 01:20:00+00:00,15.100000381469727,15.100000381469727,15.100000381469727,15.100000381469727,52332,0.0,0.0,0.0
2024-04-12 01:25:00+00:00,15.100000381469727,15.119999885559082,15.100000381469727,15.119999885559082,15639,0.0,0.0,0.0
2024-04-12 01:30:00+00:00,15.130000114440918,15.130000114440918,15.130000114440918,15.130000114440918,3000,0.0,0.0,0.0
2024-04-12 01:35:00+00:00,15.130000114440918,15.130000114440918,15.109999656677246,15.109999656677246,36023,0.0,0.0,0.0
2024-04-12 01:40:00+00:00,15.100000381469727,15.100000381469727,15.100000381469727,15.100000381469727,17426,0.0,0.0,0.0
2024-04-12 01:45:00+00:00,15.100000381469727,15.100000381469727,15.09000015258789,15.100000381469727,41132,0.0,0.0,0.0
2024-04-12 01:50:00+00:00,15.100000381469727,15.100000381469727,15.100000381469727,15.100000381469727,1400,0.0,0.0,0.0
2024-04-12 01:55:00+00:00,15.109999656677246,15.109999656677246,15.100000381469727,15.100000381469727,13272,0.0,0.0,0.0
2024-04-12 02:00:00+00:00,15.100000381469727,15.100000381469727,15.100000381469727,15.100000381469727,1035,0.0,0.0,0.0
2024-04-12 02:05:00+00:00,15.109999656677246,15.119999885559082,15.109999656677246,15.119999885559082,27000,0.0,0.0,0.0
2024-04-12 02:10:00+00:00,15.119999885559082,15.119999885559082,15.109999656677246,15.109999656677246,3250,0.0,0.0,0.0
2024-04-12 02:15:00+00:00,15.109999656677246,15.109999656677246,15.109999656677246,15.109999656677246,7080,0.0,0.0,0.0
2024-04-12 02:20:00+00:00,15.109999656677246,15.109999656677246,15.109999656677246,15.109999656677246,1000,0.0,0.0,0.0
2024-04-12 02:25:00+00:00,15.109999656677246,15.109999656677246,15.109999656677246,15.109999656677246,20807,0.0,0.0,0.0
2024-04-12 02:30:00+00:00,15.109999656677246,15.119999885559082,15.109999656677246,15.119999885559082,22053,0.0,0.0,0.0
2024-04-12 02:35:00+00:00,15.130000114440918,15.130000114440918,15.130000114440918,15.130000114440918,21000,0.0,0.0,0.0
2024-04-12 02:40:00+00:00,15.130000114440918,15.140000343322754,15.130000114440918,15.140000343322754,3002,0.0,0.0,0.0
2024-04-12 02:45:00+00:00,15.140000343322754,15.140000343322754,15.140000343322754,15.140000343322754,2620,0.0,0.0,0.0
2024-04-12 02:50:00+00:00,15.140000343322754,15.140000343322754,15.140000343322754,15.140000343322754,5030,0.0,0.0,0.0
2024-04-12 02:55:00+00:00,15.140000343322754,15.140000343322754,15.140000343322754,15.140000343322754,59000,0.0,0.0,0.0
2024-04-12 03:00:00+00:00,15.140000343322754,15.140000343322754,15.130000114440918,15.130000114440918,15020,0.0,0.0,0.0
2024-04-12 03:05:00+00:00,15.130000114440918,15.130000114440918,15.130000114440918,15.130000114440918,1300,0.0,0.0,0.0
2024-04-12 03:10:00+00:00,15.130000114440918,15.140000343322754,15.130000114440918,15.140000343322754,5350,0.0,0.0,0.0
2024-04-12 03:15:00+00:00,15.140000343322754,15.140000343322754,15.140000343322754,15.140000343322754,5305,0.0,0.0,0.0
2024-04-12 03:20:00+00:00,15.140000343322754,15.149999618530273,15.140000343322754,15.149999618530273,26010,0.0,0.0,0.0
2024-04-12 03:25:00+00:00,15.149999618530273,15.149999618530273,15.140000343322754,15.149999618530273,3000,0.0,0.0,0.0
2024-04-12 03:30:00+00:00,15.149999618530273,15.149999618530273,15.149999618530273,15.149999618530273,6530,0.0,0.0,0.0
2024-04-12 03:35:00+00:00,15.149999618530273,15.149999618530273,15.149999618530273,15.149999618530273,3019,0.0,0.0,0.0
2024-04-12 03:40:00+00:00,15.149999618530273,15.149999618530273,15.140000343322754,15.140000343322754,11000,0.0,0.0,0.0
2024-04-12 03:45:00+00:00,15.149999618530273,15.149999618530273,15.140000343322754,15.140000343322754,5000,0.0,0.0,0.0
2024-04-12 03:50:00+00:00,15.140000343322754,15.140000343322754,15.140000343322754,15.140000343322754,55000,0.0,0.0,0.0
2024-04-12 03:55:00+00:00,15.140000343322754,15.140000343322754,15.130000114440918,15.130000114440918,13100,0.0,0.0,0.0
2024-04-12 04:00:00+00:00,15.130000114440918,15.130000114440918,15.130000114440918,15.130000114440918,60922,0.0,0.0,0.0
2024-04-12 04:10:00+00:00,15.130000114440918,15.140000343322754,15.130000114440918,15.140000343322754,78444,0.0,0.0,0.0
2024-04-12 04:15:00+00:00,15.140000343322754,15.140000343322754,15.140000343322754,15.140000343322754,3604,0.0,0.0,0.0
2024-04-12 04:20:00+00:00,15.149999618530273,15.149999618530273,15.149999618530273,15.149999618530273,2010,0.0,0.0,0.0
2024-04-12 04:25:00+00:00,15.149999618530273,15.149999618530273,15.149999618530273,15.149999618530273,213240,0.0,0.0,0.0
2024-04-12 04:35:00+00:00,15.149999618530273,15.15999984741211,15.149999618530273,15.15999984741211,57930,0.0,0.0,0.0
2024-04-12 04:40:00+00:00,15.149999618530273,15.149999618530273,15.149999618530273,15.149999618530273,5013,0.0,0.0,0.0
2024-04-12 04:45:00+00:00,15.15999984741211,15.15999984741211,15.149999618530273,15.149999618530273,97245,0.0,0.0,0.0
2024-04-12 04:55:00+00:00,15.149999618530273,15.149999618530273,15.149999618530273,15.149999618530273,10000,0.0,0.0,0.0
2024-04-12 05:00:00+00:00,15.149999618530273,15.149999618530273,15.149999618530273,15.149999618530273,7197,0.0,0.0,0.0
2024-04-12 05:05:00+00:00,15.149999618530273,15.15999984741211,15.149999618530273,15.15999984741211,10066,0.0,0.0,0.0
2024-04-12 05:10:00+00:00,15.170000076293945,15.180000305175781,15.15999984741211,15.15999984741211,11107,0.0,0.0,0.0
2024-04-12 05:15:00+00:00,15.15999984741211,15.15999984741211,15.15999984741211,15.15999984741211,5349,0.0,0.0,0.0
2024-04-12 05:20:00+00:00,15.15999984741211,15.170000076293945,15.15999984741211,15.170000076293945,8136,0.0,0.0,0.0
2024-04-15 01:00:00+00:00,15.130000114440918,15.149999618530273,15.130000114440918,15.149999618530273,0,0.0,0.0,0.0
2024-04-15 01:05:00+00:00,15.140000343322754,15.140000343322754,15.100000381469727,15.100000381469727,329242,0.0,0.0,0.0
2024-04-15 01:10:00+00:00,15.100000381469727,15.100000381469727,15.079999923706055,15.079999923706055,22912,0.0,0.0,0.0
2024-04-15 01:15:00+00:00,15.09000015258789,15.09000015258789,15.079999923706055,15.079999923706055,37000,0.0,0.0,0.0
2024-04-15 01:20:00+00:00,15.09000015258789,15.09000015258789,15.079999923706055,15.09000015258789,37100,0.0,0.0,0.0
2024-04-15 01:25:00+00:00,15.09000015258789,15.109999656677246,15.09000015258789,15.109999656677246,22200,0.0,0.0,0.0
2024-04-15 01:30:00+00:00,15.109999656677246,15.130000114440918,15.109999656677246,15.119999885559082,9805,0.0,0.0,0.0
2024-04-15 01:35:00+00:00,15.119999885559082,15.130000114440918,15.119999885559082,15.130000114440918,22000,0.0,0.0,0.0
2024-04-15 01:40:00+00:00,15.130000114440918,15.130000114440918,15.130000114440918,15.130000114440918,2149,0.0,0.0,0.0
2024-04-15 01:45:00+00:00,15.130000114440918,15.140000343322754,15.119999885559082,15.119999885559082,21106,0.0,0.0,0.0
2024-04-15 01:50:00+00:00,15.130000114440918,15.15999984741211,15.119999885559082,15.15999984741211,52400,0.0,0.0,0.0
2024-04-15 01:55:00+00:00,15.15999984741211,15.15999984741211,15.15999984741211,15.15999984741211,1000,0.0,0.0,0.0
2024-04-15 02:00:00+00:00,15.15999984741211,15.15999984741211,15.15999984741211,15.15999984741211,3200,0.0,0.0,0.0
2024-04-15 02:05:00+00:00,15.15999984741211,15.170000076293945,15.149999618530273,15.15999984741211,43000,0.0,0.0,0.0
2024-04-15 02:10:00+00:00,15.15999984741211,15.170000076293945,15.15999984741211,15.170000076293945,28100,0.0,0.0,0.0
2024-04-15 02:15:00+00:00,15.180000305175781,15.180000305175781,15.15999984741211,15.170000076293945,56420,0.0,0.0,0.0
2024-04-15 02:20:00+00:00,15.15999984741211,15.170000076293945,15.149999618530273,15.170000076293945,51576,0.0,0.0,0.0
2024-04-15 02:25:00+00:00,15.170000076293945,15.170000076293945,15.15999984741211,15.170000076293945,62010,0.0,0.0,0.0
2024-04-15 02:30:00+00:00,15.180000305175781,15.1899995803833,15.180000305175781,15.1899995803833,108294,0.0,0.0,0.0
2024-04-15 02:35:00+00:00,15.199999809265137,15.210000038146973,15.1899995803833,15.210000038146973,211148,0.0,0.0,0.0
2024-04-15 02:40:00+00:00,15.210000038146973,15.210000038146973,15.199999809265137,15.199999809265137,5000,0.0,0.0,0.0
2024-04-15 02:45:00+00:00,15.210000038146973,15.210000038146973,15.199999809265137,15.210000038146973,109000,0.0,0.0,0.0
2024-04-15 02:55:00+00:00,15.210000038146973,15.210000038146973,15.199999809265137,15.199999809265137,19100,0.0,0.0,0.0
2024-04-15 03:00:00+00:00,15.199999809265137,15.199999809265137,15.199999809265137,15.199999809265137,4445,0.0,0.0,0.0
2024-04-15 03:05:00+00:00,15.199999809265137,15.199999809265137,15.199999809265137,15.199999809265137,2000,0.0,0.0,0.0
2024-04-15 03:10:00+00:00,15.199999809265137,15.199999809265137,15.1899995803833,15.1899995803833,46066,0.0,0.0,0.0
2024-04-15 03:15:00+00:00,15.1899995803833,15.1899995803833,15.180000305175781,15.1899995803833,10266,0.0,0.0,0.0
2024-04-15 03:20:00+00:00,15.180000305175781,15.180000305175781,15.180000305175781,15.180000305175781,10000,0.0,0.0,0.0
2024-04-15 03:25:00+00:00,15.180000305175781,15.199999809265137,15.180000305175781,15.1899995803833,206291,0.0,0.0,0.0
2024-04-15 03:30:00+00:00,15.1899995803833,15.1899995803833,15.1899995803833,15.1899995803833,13178,0.0,0.0,0.0
2024-04-15 03:35:00+00:00,15.1899995803833,15.199999809265137,15.1899995803833,15.199999809265137,102300,0.0,0.0,0.0
2024-04-15 03:40:00+00:00,15.1899995803833,15.199999809265137,15.1899995803833,15.199999809265137,5166,0.0,0.0,0.0
2024-04-15 03:45:00+00:00,15.1899995803833,15.199999809265137,15.1899995803833,15.1899995803833,9070,0.0,0.0,0.0
2024-04-15 03:50:00+00:00,15.1899995803833,15.199999809265137,15.1899995803833,15.199999809265137,9344,0.0,0.0,0.0
2024-04-15 03:55:00+00:00,15.199999809265137,15.199999809265137,15.1899995803833,15.1899995803833,7084,0.0,0.0,0.0
2024-04-15 04:00:00+00:00,15.1899995803833,15.1899995803833,15.1899995803833,15.1899995803833,36070,0.0,0.0,0.0
2024-04-15 04:10:00+00:00,15.180000305175781,15.180000305175781,15.180000305175781,15.180000305175781,2100,0.0,0.0,0.0
2024-04-15 04:15:00+00:00,15.180000305175781,15.180000305175781,15.180000305175781,15.180000305175781,16130,0.0,0.0,0.0
2024-04-15 04:20:00+00:00,15.180000305175781,15.180000305175781,15.180000305175781,15.180000305175781,6067,0.0,0.0,0.0
2024-04-15 04:25:00+00:00,15.180000305175781,15.180000305175781,15.170000076293945,15.170000076293945,111010,0.0,0.0,0.0
2024-04-15 04:30:00+00:00,15.1899995803833,15.1899995803833,15.1899995803833,15.1899995803833,50873,0.0,0.0,0.0
2024-04-15 04:35:00+00:00,15.199999809265137,15.199999809265137,15.1899995803833,15.199999809265137,203066,0.0,0.0,0.0
2024-04-15 04:40:00+00:00,15.1899995803833,15.1899995803833,15.180000305175781,15.1899995803833,104050,0.0,0.0,0.0
2024-04-15 04:45:00+00:00,15.180000305175781,15.180000305175781,15.180000305175781,15.180000305175781,4028,0.0,0.0,0.0
2024-04-15 04:50:00+00:00,15.180000305175781,15.180000305175781,15.180000305175781,15.180000305175781,2000,0.0,0.0,0.0
2024-04-15 04:55:00+00:00,15.1899995803833,15.1899995803833,15.1899995803833,15.1899995803833,10002,0.0,0.0,0.0
2024-04-15 05:00:00+00:00,15.1899995803833,15.1899995803833,15.180000305175781,15.180000305175781,8000,0.0,0.0,0.0
2024-04-15 05:05:00+00:00,15.180000305175781,15.180000305175781,15.180000305175781,15.180000305175781,7000,0.0,0.0,0.0
2024-04-15 05:10:00+00:00,15.1899995803833,15.1899995803833,15.1899995803833,15.1899995803833,6200,0.0,0.0,0.0
2024-04-15 05:15:00+00:00,15.1899995803833,15.1899995803833,15.1899995803833,15.1899995803833,71312,0.0,0.0,0.0
2024-04-15 05:20:00+00:00,15.1899995803833,15.1899995803833,15.1899995803833,15.1899995803833,6154,0.0,0.0,0.0
2024-04-16 01:00:00+00:00,15.069999694824219,15.069999694824219,15.069999694824219,15.069999694824219,63000,0.0,0.0,0.0
2024-04-16 01:05:00+00:00,15.069999694824219,15.069999694824219,15.050000190734863,15.050000190734863,238005,0.0,0.0,0.0
2024-04-16 01:10:00+00:00,15.050000190734863,15.050000190734863,15.039999961853027,15.039999961853027,24654,0.0,0.0,0.0
2024-04-16 01:15:00+00:00,15.050000190734863,15.050000190734863,15.010000228881836,15.039999961853027,178520,0.0,0.0,0.0
2024-04-16 01:20:00+00:00,15.020000457763672,15.020000457763672,15.0,15.0,247978,0.0,0.0,0.0
2024-04-16 01:25:00+00:00,15.0,15.010000228881836,15.0,15.0,73018,0.0,0.0,0.0
2024-04-16 01:30:00+00:00,15.0,15.020000457763672,15.0,15.020000457763672,95812,0.0,0.0,0.0
2024-04-16 01:35:00+00:00,15.010000228881836,15.020000457763672,14.989999771118164,14.989999771118164,501606,0.0,0.0,0.0
2024-04-16 01:40:00+00:00,14.989999771118164,14.989999771118164,14.970000267028809,14.970000267028809,320494,0.0,0.0,0.0
2024-04-16 01:45:00+00:00,14.970000267028809,14.989999771118164,14.970000267028809,14.979999542236328,16609,0.0,0.0,0.0
2024-04-16 01:50:00+00:00,14.970000267028809,14.970000267028809,14.9399995803833,14.9399995803833,243810,0.0,0.0,0.0
2024-04-16 01:55:00+00:00,14.9399995803833,14.949999809265137,14.930000305175781,14.930000305175781,56551,0.0,0.0,0.0
2024-04-16 02:00:00+00:00,14.930000305175781,14.930000305175781,14.920000076293945,14.920000076293945,95381,0.0,0.0,0.0
2024-04-16 02:05:00+00:00,14.920000076293945,14.930000305175781,14.899999618530273,14.90999984741211,306287,0.0,0.0,0.0
2024-04-16 02:10:00+00:00,14.899999618530273,14.90999984741211,14.890000343322754,14.899999618530273,109765,0.0,0.0,0.0
2024-04-16 02:15:00+00:00,14.899999618530273,14.930000305175781,14.899999618530273,14.930000305175781,58315,0.0,0.0,0.0
2024-04-16 02:20:00+00:00,14.920000076293945,14.920000076293945,14.90999984741211,14.90999984741211,0,0.0,0.0,0.0
2024-04-16 02:25:00+00:00,14.90999984741211,14.90999984741211,14.880000114440918,14.880000114440918,3316865,0.0,0.0,0.0
2024-04-16 02:30:00+00:00,14.890000343322754,14.890000343322754,14.859999656677246,14.869999885559082,285518,0.0,0.0,0.0
2024-04-16 02:35:00+00:00,14.869999885559082,14.880000114440918,14.869999885559082,14.869999885559082,230760,0.0,0.0,0.0
2024-04-16 02:40:00+00:00,14.869999885559082,14.880000114440918,14.869999885559082,14.880000114440918,4105,0.0,0.0,0.0
2024-04-16 02:45:00+00:00,14.899999618530273,14.899999618530273,14.880000114440918,14.880000114440918,32636,0.0,0.0,0.0
2024-04-16 02:50:00+00:00,14.880000114440918,14.880000114440918,14.869999885559082,14.869999885559082,240291,0.0,0.0,0.0
2024-04-16 02:55:00+00:00,14.869999885559082,14.869999885559082,14.869999885559082,14.869999885559082,12047,0.0,0.0,0.0
2024-04-16 03:00:00+00:00,14.880000114440918,14.880000114440918,14.859999656677246,14.859999656677246,131469,0.0,0.0,0.0
2024-04-16 03:05:00+00:00,14.859999656677246,14.859999656677246,14.859999656677246,14.859999656677246,11176,0.0,0.0,0.0
2024-04-16 03:10:00+00:00,14.859999656677246,14.869999885559082,14.850000381469727,14.869999885559082,159679,0.0,0.0,0.0
2024-04-16 03:15:00+00:00,14.880000114440918,14.890000343322754,14.859999656677246,14.859999656677246,93366,0.0,0.0,0.0
2024-04-16 03:20:00+00:00,14.859999656677246,14.859999656677246,14.850000381469727,14.850000381469727,110323,0.0,0.0,0.0
2024-04-16 03:25:00+00:00,14.850000381469727,14.859999656677246,14.84000015258789,14.850000381469727,283025,0.0,0.0,0.0
2024-04-16 03:30:00+00:00,14.859999656677246,14.859999656677246,14.850000381469727,14.850000381469727,27150,0.0,0.0,0.0
2024-04-16 03:35:00+00:00,14.850000381469727,14.859999656677246,14.850000381469727,14.859999656677246,23065,0.0,0.0,0.0
2024-04-16 03:40:00+00:00,14.859999656677246,14.859999656677246,14.850000381469727,14.850000381469727,23000,0.0,0.0,0.0
2024-04-16 03:45:00+00:00,14.859999656677246,14.869999885559082,14.859999656677246,14.869999885559082,14911,0.0,0.0,0.0
2024-04-16 03:50:00+00:00,14.869999885559082,14.869999885559082,14.859999656677246,14.859999656677246,14020,0.0,0.0,0.0
2024-04-16 03:55:00+00:00,14.859999656677246,14.869999885559082,14.850000381469727,14.850000381469727,26465,0.0,0.0,0.0
2024-04-16 04:00:00+00:00,14.850000381469727,14.859999656677246,14.850000381469727,14.850000381469727,121019,0.0,0.0,0.0
2024-04-16 04:05:00+00:00,14.850000381469727,14.850000381469727,14.819999694824219,14.819999694824219,121498,0.0,0.0,0.0
2024-04-16 04:10:00+00:00,14.819999694824219,14.84000015258789,14.819999694824219,14.84000015258789,113365,0.0,0.0,0.0
2024-04-16 04:15:00+00:00,14.84000015258789,14.850000381469727,14.829999923706055,14.84000015258789,19357,0.0,0.0,0.0
2024-04-16 04:20:00+00:00,14.84000015258789,14.84000015258789,14.819999694824219,14.829999923706055,107894,0.0,0.0,0.0
2024-04-16 04:25:00+00:00,14.829999923706055,14.829999923706055,14.8100004196167,14.8100004196167,21141,0.0,0.0,0.0
2024-04-16 04:30:00+00:00,14.8100004196167,14.819999694824219,14.789999961853027,14.789999961853027,269471,0.0,0.0,0.0
2024-04-16 04:35:00+00:00,14.789999961853027,14.8100004196167,14.779999732971191,14.800000190734863,60939,0.0,0.0,0.0
2024-04-16 04:40:00+00:00,14.8100004196167,14.8100004196167,14.789999961853027,14.789999961853027,70000,0.0,0.0,0.0
2024-04-16 04:45:00+00:00,14.789999961853027,14.800000190734863,14.789999961853027,14.800000190734863,55603,0.0,0.0,0.0
2024-04-16 04:50:00+00:00,14.800000190734863,14.800000190734863,14.800000190734863,14.800000190734863,15519,0.0,0.0,0.0
2024-04-16 04:55:00+00:00,14.800000190734863,14.8100004196167,14.800000190734863,14.8100004196167,37195,0.0,0.0,0.0
2024-04-16 05:00:00+00:00,14.829999923706055,14.850000381469727,14.829999923706055,14.850000381469727,384000,0.0,0.0,0.0
2024-04-16 05:05:00+00:00,14.850000381469727,14.859999656677246,14.850000381469727,14.859999656677246,45066,0.0,0.0,0.0
2024-04-16 05:10:00+00:00,14.859999656677246,14.869999885559082,14.850000381469727,14.850000381469727,52540,0.0,0.0,0.0
2024-04-16 05:15:00+00:00,14.850000381469727,14.859999656677246,14.850000381469727,14.859999656677246,28200,0.0,0.0,0.0
2024-04-16 05:20:00+00:00,14.859999656677246,14.859999656677246,14.829999923706055,14.850000381469727,82972,0.0,0.0,0.0
2024-04-17 01:00:00+00:00,14.84000015258789,14.869999885559082,14.84000015258789,14.869999885559082,54000,0.0,0.0,0.0
2024-04-17 01:05:00+00:00,14.880000114440918,14.880000114440918,14.850000381469727,14.850000381469727,376000,0.0,0.0,0.0
2024-04-17 01:10:00+00:00,14.829999923706055,14.84000015258789,14.819999694824219,14.829999923706055,218423,0.0,0.0,0.0
2024-04-17 01:15:00+00:00,14.829999923706055,14.84000015258789,14.829999923706055,14.84000015258789,310400,0.0,0.0,0.0
2024-04-17 01:20:00+00:00,14.850000381469727,14.880000114440918,14.850000381469727,14.880000114440918,9567,0.0,0.0,0.0
2024-04-17 01:25:00+00:00,14.880000114440918,14.880000114440918,14.859999656677246,14.859999656677246,30050,0.0,0.0,0.0
2024-04-17 01:30:00+00:00,14.869999885559082,14.869999885559082,14.859999656677246,14.859999656677246,6627,0.0,0.0,0.0
2024-04-17 01:35:00+00:00,14.869999885559082,14.869999885559082,14.850000381469727,14.850000381469727,133968,0.0,0.0,0.0
2024-04-17 01:40:00+00:00,14.850000381469727,14.859999656677246,14.850000381469727,14.859999656677246,33340,0.0,0.0,0.0
2024-04-17 01:45:00+00:00,14.850000381469727,14.859999656677246,14.84000015258789,14.859999656677246,143000,0.0,0.0,0.0
2024-04-17 01:50:00+00:00,14.859999656677246,14.890000343322754,14.859999656677246,14.890000343322754,46100,0.0,0.0,0.0
2024-04-17 01:55:00+00:00,14.899999618530273,14.899999618530273,14.899999618530273,14.899999618530273,11400,0.0,0.0,0.0
2024-04-17 02:00:00+00:00,14.890000343322754,14.890000343322754,14.890000343322754,14.890000343322754,49077,0.0,0.0,0.0
2024-04-17 02:05:00+00:00,14.890000343322754,14.890000343322754,14.880000114440918,14.880000114440918,10490,0.0,0.0,0.0
2024-04-17 02:10:00+00:00,14.890000343322754,14.890000343322754,14.890000343322754,14.890000343322754,8470,0.0,0.0,0.0
2024-04-17 02:15:00+00:00,14.890000343322754,14.899999618530273,14.890000343322754,14.899999618530273,10000,0.0,0.0,0.0
2024-04-17 02:20:00+00:00,14.899999618530273,14.899999618530273,14.880000114440918,14.880000114440918,25209,0.0,0.0,0.0
2024-04-17 02:25:00+00:00,14.890000343322754,14.890000343322754,14.890000343322754,14.890000343322754,3000,0.0,0.0,0.0
2024-04-17 02:30:00+00:00,14.90999984741211,14.920000076293945,14.90999984741211,14.920000076293945,19000,0.0,0.0,0.0
2024-04-17 02:35:00+00:00,14.930000305175781,14.930000305175781,14.930000305175781,14.930000305175781,22000,0.0,0.0,0.0
2024-04-17 02:40:00+00:00,14.920000076293945,14.920000076293945,14.920000076293945,14.920000076293945,20737,0.0,0.0,0.0
2024-04-17 02:45:00+00:00,14.930000305175781,14.930000305175781,14.930000305175781,14.930000305175781,2000,0.0,0.0,0.0
2024-04-17 02:50:00+00:00,14.930000305175781,14.930000305175781,14.920000076293945,14.920000076293945,12140,0.0,0.0,0.0
2024-04-17 02:55:00+00:00,14.920000076293945,14.920000076293945,14.920000076293945,14.920000076293945,1077,0.0,0.0,0.0
2024-04-17 03:00:00+00:00,14.930000305175781,14.930000305175781,14.930000305175781,14.930000305175781,3167,0.0,0.0,0.0
2024-04-17 03:05:00+00:00,14.920000076293945,14.920000076293945,14.920000076293945,14.920000076293945,4000,0.0,0.0,0.0
2024-04-17 03:10:00+00:00,14.930000305175781,14.930000305175781,14.930000305175781,14.930000305175781,4000,0.0,0.0,0.0
2024-04-17 03:15:00+00:00,14.930000305175781,14.930000305175781,14.920000076293945,14.930000305175781,3156,0.0,0.0,0.0
2024-04-17 03:20:00+00:00,14.920000076293945,14.930000305175781,14.920000076293945,14.930000305175781,3000,0.0,0.0,0.0
2024-04-17 03:25:00+00:00,14.920000076293945,14.920000076293945,14.920000076293945,14.920000076293945,2333,0.0,0.0,0.0
2024-04-17 03:35:00+00:00,14.930000305175781,14.930000305175781,14.930000305175781,14.930000305175781,12552,0.0,0.0,0.0
2024-04-17 03:40:00+00:00,14.9399995803833,14.9399995803833,14.9399995803833,14.9399995803833,5066,0.0,0.0,0.0
2024-04-17 03:50:00+00:00,14.9399995803833,14.9399995803833,14.9399995803833,14.9399995803833,6001,0.0,0.0,0.0
2024-04-17 03:55:00+00:00,14.9399995803833,14.9399995803833,14.920000076293945,14.920000076293945,64302,0.0,0.0,0.0
2024-04-17 04:00:00+00:00,14.930000305175781,14.930000305175781,14.930000305175781,14.930000305175781,6196,0.0,0.0,0.0
2024-04-17 04:10:00+00:00,14.920000076293945,14.920000076293945,14.920000076293945,14.920000076293945,1012,0.0,0.0,0.0
2024-04-17 04:25:00+00:00,14.920000076293945,14.920000076293945,14.90999984741211,14.90999984741211,16015,0.0,0.0,0.0
2024-04-17 04:30:00+00:00,14.920000076293945,14.920000076293945,14.920000076293945,14.920000076293945,1051,0.0,0.0,0.0
2024-04-17 04:35:00+00:00,14.920000076293945,14.930000305175781,14.90999984741211,14.930000305175781,8128,0.0,0.0,0.0
2024-04-17 04:40:00+00:00,14.930000305175781,14.930000305175781,14.930000305175781,14.930000305175781,7100,0.0,0.0,0.0
2024-04-17 04:45:00+00:00,14.920000076293945,14.920000076293945,14.920000076293945,14.920000076293945,1721,0.0,0.0,0.0
2024-04-17 04:55:00+00:00,14.920000076293945,14.920000076293945,14.90999984741211,14.90999984741211,5000,0.0,0.0,0.0
2024-04-17 05:00:00+00:00,14.930000305175781,14.930000305175781,14.930000305175781,14.930000305175781,14080,0.0,0.0,0.0
2024-04-17 05:05:00+00:00,14.930000305175781,14.930000305175781,14.930000305175781,14.930000305175781,26020,0.0,0.0,0.0
2024-04-17 05:10:00+00:00,14.930000305175781,14.930000305175781,14.930000305175781,14.930000305175781,13349,0.0,0.0,0.0
2024-04-17 05:15:00+00:00,14.930000305175781,14.9399995803833,14.920000076293945,14.920000076293945,56385,0.0,0.0,0.0
2024-04-17 05:20:00+00:00,14.920000076293945,14.920000076293945,14.920000076293945,14.920000076293945,66370,0.0,0.0,0.0
2024-04-18 01:00:00+00:00,14.930000305175781,14.930000305175781,14.920000076293945,14.930000305175781,0,0.0,0.0,0.0
2024-04-18 01:05:00+00:00,14.930000305175781,14.949999809265137,14.930000305175781,14.9399995803833,446000,0.0,0.0,0.0
2024-04-18 01:10:00+00:00,14.949999809265137,14.949999809265137,14.930000305175781,14.949999809265137,108501,0.0,0.0,0.0
2024-04-18 01:15:00+00:00,14.9399995803833,14.9399995803833,14.920000076293945,14.920000076293945,203035,0.0,0.0,0.0
2024-04-18 01:20:00+00:00,14.90999984741211,14.90999984741211,14.899999618530273,14.899999618530273,63396,0.0,0.0,0.0
2024-04-18 01:25:00+00:00,14.899999618530273,14.920000076293945,14.899999618530273,14.920000076293945,12501,0.0,0.0,0.0
2024-04-18 01:30:00+00:00,14.90999984741211,14.920000076293945,14.90999984741211,14.90999984741211,95000,0.0,0.0,0.0
2024-04-18 01:35:00+00:00,14.90999984741211,14.90999984741211,14.90999984741211,14.90999984741211,3137,0.0,0.0,0.0
2024-04-18 01:40:00+00:00,14.90999984741211,14.920000076293945,14.899999618530273,14.899999618530273,216015,0.0,0.0,0.0
2024-04-18 01:45:00+00:00,14.899999618530273,14.930000305175781,14.899999618530273,14.930000305175781,753519,0.0,0.0,0.0
2024-04-18 01:50:00+00:00,14.930000305175781,14.9399995803833,14.930000305175781,14.9399995803833,10564,0.0,0.0,0.0
2024-04-18 01:55:00+00:00,14.949999809265137,14.970000267028809,14.949999809265137,14.970000267028809,44049,0.0,0.0,0.0
2024-04-18 02:00:00+00:00,14.970000267028809,14.979999542236328,14.970000267028809,14.979999542236328,47063,0.0,0.0,0.0
2024-04-18 02:05:00+00:00,14.979999542236328,14.979999542236328,14.970000267028809,14.970000267028809,46000,0.0,0.0,0.0
2024-04-18 02:10:00+00:00,14.970000267028809,14.979999542236328,14.970000267028809,14.979999542236328,16436,0.0,0.0,0.0
2024-04-18 02:15:00+00:00,14.979999542236328,14.989999771118164,14.979999542236328,14.979999542236328,48002,0.0,0.0,0.0
2024-04-18 02:20:00+00:00,14.989999771118164,14.989999771118164,14.989999771118164,14.989999771118164,12200,0.0,0.0,0.0
2024-04-18 02:25:00+00:00,15.0,15.0,14.989999771118164,14.989999771118164,14000,0.0,0.0,0.0
2024-04-18 02:30:00+00:00,14.979999542236328,14.979999542236328,14.979999542236328,14.979999542236328,15050,0.0,0.0,0.0
2024-04-18 02:35:00+00:00,14.970000267028809,14.979999542236328,14.970000267028809,14.979999542236328,61000,0.0,0.0,0.0
2024-04-18 02:40:00+00:00,15.0,15.0,14.989999771118164,14.989999771118164,36000,0.0,0.0,0.0
2024-04-18 02:45:00+00:00,14.989999771118164,14.989999771118164,14.989999771118164,14.989999771118164,7034,0.0,0.0,0.0
2024-04-18 02:50:00+00:00,14.989999771118164,14.989999771118164,14.989999771118164,14.989999771118164,37655,0.0,0.0,0.0
2024-04-18 02:55:00+00:00,15.0,15.0,15.0,15.0,1034,0.0,0.0,0.0
2024-04-18 03:00:00+00:00,15.0,15.0,15.0,15.0,1700,0.0,0.0,0.0
2024-04-18 03:05:00+00:00,15.0,15.0,15.0,15.0,50857,0.0,0.0,0.0
2024-04-18 03:10:00+00:00,15.0,15.0,15.0,15.0,1040,0.0,0.0,0.0
2024-04-18 03:15:00+00:00,15.010000228881836,15.010000228881836,15.0,15.0,57019,0.0,0.0,0.0
2024-04-18 03:20:00+00:00,15.010000228881836,15.010000228881836,15.0,15.0,46532,0.0,0.0,0.0
2024-04-18 03:30:00+00:00,15.0,15.0,15.0,15.0,1080,0.0,0.0,0.0
2024-04-18 03:40:00+00:00,15.0,15.0,15.0,15.0,6000,0.0,0.0,0.0
2024-04-18 03:45:00+00:00,15.0,15.010000228881836,15.0,15.010000228881836,15000,0.0,0.0,0.0
2024-04-18 03:50:00+00:00,15.010000228881836,15.010000228881836,15.010000228881836,15.010000228881836,5000,0.0,0.0,0.0
2024-04-18 03:55:00+00:00,15.010000228881836,15.010000228881836,15.010000228881836,15.010000228881836,101041,0.0,0.0,0.0
2024-04-18 04:00:00+00:00,15.0,15.0,15.0,15.0,29009,0.0,0.0,0.0
2024-04-18 04:05:00+00:00,15.010000228881836,15.010000228881836,15.010000228881836,15.010000228881836,7018,0.0,0.0,0.0
2024-04-18 04:10:00+00:00,15.010000228881836,15.010000228881836,15.0,15.0,9154,0.0,0.0,0.0
2024-04-18 04:15:00+00:00,15.0,15.0,15.0,15.0,47002,0.0,0.0,0.0
2024-04-18 04:20:00+00:00,15.010000228881836,15.010000228881836,15.010000228881836,15.010000228881836,48030,0.0,0.0,0.0
2024-04-18 04:25:00+00:00,15.020000457763672,15.020000457763672,15.010000228881836,15.010000228881836,26070,0.0,0.0,0.0
2024-04-18 04:30:00+00:00,15.020000457763672,15.029999732971191,15.020000457763672,15.020000457763672,20291,0.0,0.0,0.0
2024-04-18 04:35:00+00:00,15.020000457763672,15.020000457763672,15.020000457763672,15.020000457763672,55000,0.0,0.0,0.0
2024-04-18 04:40:00+00:00,15.029999732971191,15.029999732971191,15.020000457763672,15.020000457763672,57100,0.0,0.0,0.0
2024-04-18 04:45:00+00:00,15.020000457763672,15.029999732971191,15.020000457763672,15.020000457763672,54120,0.0,0.0,0.0
2024-04-18 04:50:00+00:00,15.020000457763672,15.029999732971191,15.020000457763672,15.020000457763672,42000,0.0,0.0,0.0
2024-04-18 04:55:00+00:00,15.020000457763672,15.020000457763672,15.020000457763672,15.020000457763672,2050,0.0,0.0,0.0
2024-04-18 05:00:00+00:00,15.020000457763672,15.029999732971191,15.020000457763672,15.020000457763672,13000,0.0,0.0,0.0
2024-04-18 05:05:00+00:00,15.020000457763672,15.020000457763672,15.010000228881836,15.010000228881836,14162,0.0,0.0,0.0
2024-04-18 05:10:00+00:00,15.010000228881836,15.020000457763672,15.010000228881836,15.020000457763672,3118,0.0,0.0,0.0
2024-04-18 05:15:00+00:00,15.010000228881836,15.010000228881836,15.010000228881836,15.010000228881836,15000,0.0,0.0,0.0
2024-04-18 05:20:00+00:00,15.020000457763672,15.020000457763672,15.020000457763672,15.020000457763672,1155,0.0,0.0,0.0
2024-04-19 01:00:00+00:00,14.960000038146973,14.989999771118164,14.949999809265137,14.960000038146973,0,0.0,0.0,0.0
2024-04-19 01:05:00+00:00,14.960000038146973,14.989999771118164,14.949999809265137,14.970000267028809,376570,0.0,0.0,0.0
2024-04-19 01:10:00+00:00,14.960000038146973,14.960000038146973,14.890000343322754,14.890000343322754,637872,0.0,0.0,0.0
2024-04-19 01:15:00+00:00,14.890000343322754,14.899999618530273,14.869999885559082,14.899999618530273,252934,0.0,0.0,0.0
2024-04-19 01:20:00+00:00,14.899999618530273,14.930000305175781,14.899999618530273,14.920000076293945,245268,0.0,0.0,0.0
2024-04-19 01:25:00+00:00,14.920000076293945,14.930000305175781,14.880000114440918,14.880000114440918,82383,0.0,0.0,0.0
2024-04-19 01:30:00+00:00,14.899999618530273,14.899999618530273,14.880000114440918,14.899999618530273,260493,0.0,0.0,0.0
2024-04-19 01:35:00+00:00,14.90999984741211,14.90999984741211,14.90999984741211,14.90999984741211,210030,0.0,0.0,0.0
2024-04-19 01:40:00+00:00,14.90999984741211,14.90999984741211,14.819999694824219,14.819999694824219,442822,0.0,0.0,0.0
2024-04-19 01:45:00+00:00,14.880000114440918,14.930000305175781,14.880000114440918,14.930000305175781,37748,0.0,0.0,0.0
2024-04-19 01:50:00+00:00,14.930000305175781,14.9399995803833,14.920000076293945,14.9399995803833,30000,0.0,0.0,0.0
2024-04-19 01:55:00+00:00,14.949999809265137,14.979999542236328,14.949999809265137,14.970000267028809,140648,0.0,0.0,0.0
2024-04-19 02:00:00+00:00,14.979999542236328,14.989999771118164,14.9399995803833,14.9399995803833,170201,0.0,0.0,0.0
2024-04-19 02:05:00+00:00,14.930000305175781,15.0,14.930000305175781,14.989999771118164,23119,0.0,0.0,0.0
2024-04-19 02:10:00+00:00,14.979999542236328,14.979999542236328,14.920000076293945,14.920000076293945,21161,0.0,0.0,0.0
2024-04-19 02:15:00+00:00,14.930000305175781,14.930000305175781,14.890000343322754,14.890000343322754,65448,0.0,0.0,0.0
2024-04-19 02:20:00+00:00,14.890000343322754,14.899999618530273,14.869999885559082,14.869999885559082,85892,0.0,0.0,0.0
2024-04-19 02:25:00+00:00,14.890000343322754,14.920000076293945,14.890000343322754,14.920000076293945,10745,0.0,0.0,0.0
2024-04-19 02:30:00+00:00,14.930000305175781,14.930000305175781,14.890000343322754,14.890000343322754,40329,0.0,0.0,0.0
2024-04-19 02:35:00+00:00,14.880000114440918,14.899999618530273,14.880000114440918,14.890000343322754,115152,0.0,0.0,0.0
2024-04-19 02:40:00+00:00,14.880000114440918,14.890000343322754,14.850000381469727,14.850000381469727,278100,0.0,0.0,0.0
2024-04-19 02:45:00+00:00,14.880000114440918,14.880000114440918,14.8100004196167,14.819999694824219,111080,0.0,0.0,0.0
2024-04-19 02:50:00+00:00,14.8100004196167,14.829999923706055,14.8100004196167,14.8100004196167,42615,0.0,0.0,0.0
2024-04-19 02:55:00+00:00,14.819999694824219,14.819999694824219,14.789999961853027,14.789999961853027,309713,0.0,0.0,0.0
2024-04-19 03:00:00+00:00,14.8100004196167,14.8100004196167,14.760000228881836,14.779999732971191,73125,0.0,0.0,0.0
2024-04-19 03:05:00+00:00,14.800000190734863,14.859999656677246,14.800000190734863,14.850000381469727,69200,0.0,0.0,0.0
2024-04-19 03:10:00+00:00,14.869999885559082,14.869999885559082,14.869999885559082,14.869999885559082,3000,0.0,0.0,0.0
2024-04-19 03:15:00+00:00,14.880000114440918,14.880000114440918,14.850000381469727,14.859999656677246,21150,0.0,0.0,0.0
2024-04-19 03:20:00+00:00,14.859999656677246,14.880000114440918,14.859999656677246,14.869999885559082,59357,0.0,0.0,0.0
2024-04-19 03:25:00+00:00,14.869999885559082,14.869999885559082,14.869999885559082,14.869999885559082,6110,0.0,0.0,0.0
2024-04-19 03:30:00+00:00,14.890000343322754,14.899999618530273,14.890000343322754,14.890000343322754,115803,0.0,0.0,0.0
2024-04-19 03:35:00+00:00,14.880000114440918,14.880000114440918,14.829999923706055,14.829999923706055,89450,0.0,0.0,0.0
2024-04-19 03:40:00+00:00,14.850000381469727,14.850000381469727,14.84000015258789,14.850000381469727,5029,0.0,0.0,0.0
2024-04-19 03:45:00+00:00,14.880000114440918,14.890000343322754,14.869999885559082,14.869999885559082,15100,0.0,0.0,0.0
2024-04-19 03:50:00+00:00,14.880000114440918,14.890000343322754,14.880000114440918,14.880000114440918,35526,0.0,0.0,0.0
2024-04-19 03:55:00+00:00,14.890000343322754,14.890000343322754,14.880000114440918,14.890000343322754,9300,0.0,0.0,0.0
2024-04-19 04:00:00+00:00,14.890000343322754,14.890000343322754,14.890000343322754,14.890000343322754,6576,0.0,0.0,0.0
2024-04-19 04:05:00+00:00,14.890000343322754,14.920000076293945,14.890000343322754,14.920000076293945,13100,0.0,0.0,0.0
2024-04-19 04:10:00+00:00,14.899999618530273,14.899999618530273,14.899999618530273,14.899999618530273,4996,0.0,0.0,0.0
2024-04-19 04:15:00+00:00,14.890000343322754,14.899999618530273,14.880000114440918,14.890000343322754,10099,0.0,0.0,0.0
2024-04-19 04:20:00+00:00,14.890000343322754,14.890000343322754,14.869999885559082,14.869999885559082,87541,0.0,0.0,0.0
2024-04-19 04:25:00+00:00,14.899999618530273,14.899999618530273,14.899999618530273,14.899999618530273,80009,0.0,0.0,0.0
2024-04-19 04:30:00+00:00,14.90999984741211,14.90999984741211,14.90999984741211,14.90999984741211,10007,0.0,0.0,0.0
2024-04-19 04:35:00+00:00,14.90999984741211,14.920000076293945,14.90999984741211,14.920000076293945,125554,0.0,0.0,0.0
2024-04-19 04:40:00+00:00,14.920000076293945,14.920000076293945,14.920000076293945,14.920000076293945,6071,0.0,0.0,0.0
2024-04-19 04:45:00+00:00,14.920000076293945,14.930000305175781,14.920000076293945,14.930000305175781,14035,0.0,0.0,0.0
2024-04-19 04:50:00+00:00,14.920000076293945,14.920000076293945,14.890000343322754,14.890000343322754,113001,0.0,0.0,0.0
2024-04-19 04:55:00+00:00,14.890000343322754,14.899999618530273,14.890000343322754,14.899999618530273,13070,0.0,0.0,0.0
2024-04-19 05:00:00+00:00,14.890000343322754,14.890000343322754,14.880000114440918,14.880000114440918,224215,0.0,0.0,0.0
2024-04-19 05:05:00+00:00,14.890000343322754,14.899999618530273,14.890000343322754,14.899999618530273,215101,0.0,0.0,0.0
2024-04-19 05:10:00+00:00,14.890000343322754,14.899999618530273,14.890000343322754,14.899999618530273,11011,0.0,0.0,0.0
2024-04-19 05:15:00+00:00,14.890000343322754,14.899999618530273,14.880000114440918,14.899999618530273,75257,0.0,0.0,0.0
2024-04-19 05:20:00+00:00,14.890000343322754,14.890000343322754,14.859999656677246,14.869999885559082,775587,0.0,0.0,0.0
2024-04-22 01:00:00+00:00,14.930000305175781,14.960000038146973,14.90999984741211,14.930000305175781,0,0.141,0.0,0.0
2024-04-22 01:05:00+00:00,14.920000076293945,14.920000076293945,14.899999618530273,14.90999984741211,118000,0.0,0.0,0.0
2024-04-22 01:10:00+00:00,14.899999618530273,14.920000076293945,14.899999618530273,14.90999984741211,258187,0.0,0.0,0.0
2024-04-22 01:15:00+00:00,14.90999984741211,14.90999984741211,14.890000343322754,14.899999618530273,128148,0.0,0.0,0.0
2024-04-22 01:20:00+00:00,14.899999618530273,14.9399995803833,14.899999618530273,14.9399995803833,244101,0.0,0.0,0.0
2024-04-22 01:25:00+00:00,14.9399995803833,14.949999809265137,14.930000305175781,14.9399995803833,143420,0.0,0.0,0.0
2024-04-22 01:30:00+00:00,14.9399995803833,14.949999809265137,14.920000076293945,14.920000076293945,38016,0.0,0.0,0.0
2024-04-22 01:35:00+00:00,14.920000076293945,14.930000305175781,14.90999984741211,14.90999984741211,212215,0.0,0.0,0.0
2024-04-22 01:40:00+00:00,14.90999984741211,14.920000076293945,14.90999984741211,14.920000076293945,127118,0.0,0.0,0.0
2024-04-22 01:45:00+00:00,14.920000076293945,14.949999809265137,14.920000076293945,14.949999809265137,157002,0.0,0.0,0.0
2024-04-22 01:50:00+00:00,14.9399995803833,14.9399995803833,14.9399995803833,14.9399995803833,11000,0.0,0.0,0.0
2024-04-22 01:55:00+00:00,14.9399995803833,14.979999542236328,14.9399995803833,14.979999542236328,148343,0.0,0.0,0.0
2024-04-22 02:00:00+00:00,14.979999542236328,15.010000228881836,14.979999542236328,15.010000228881836,425308,0.0,0.0,0.0
2024-04-22 02:05:00+00:00,15.010000228881836,15.020000457763672,14.979999542236328,14.979999542236328,24648,0.0,0.0,0.0
2024-04-22 02:10:00+00:00,14.979999542236328,14.989999771118164,14.979999542236328,14.979999542236328,106200,0.0,0.0,0.0
2024-04-22 02:15:00+00:00,14.979999542236328,14.989999771118164,14.979999542236328,14.989999771118164,196366,0.0,0.0,0.0
2024-04-22 02:20:00+00:00,14.989999771118164,14.989999771118164,14.979999542236328,14.979999542236328,40148,0.0,0.0,0.0
2024-04-22 02:25:00+00:00,14.979999542236328,14.979999542236328,14.979999542236328,14.979999542236328,2001,0.0,0.0,0.0
2024-04-22 02:30:00+00:00,14.970000267028809,14.970000267028809,14.960000038146973,14.960000038146973,36895,0.0,0.0,0.0
2024-04-22 02:35:00+00:00,14.949999809265137,14.949999809265137,14.9399995803833,14.9399995803833,14130,0.0,0.0,0.0
2024-04-22 02:40:00+00:00,14.9399995803833,14.960000038146973,14.930000305175781,14.949999809265137,41509,0.0,0.0,0.0
2024-04-22 02:45:00+00:00,14.949999809265137,14.949999809265137,14.9399995803833,14.9399995803833,5101,0.0,0.0,0.0
2024-04-22 02:50:00+00:00,14.949999809265137,14.960000038146973,14.949999809265137,14.960000038146973,56267,0.0,0.0,0.0
2024-04-22 02:55:00+00:00,14.970000267028809,14.979999542236328,14.970000267028809,14.979999542236328,323000,0.0,0.0,0.0
2024-04-22 03:00:00+00:00,14.979999542236328,14.989999771118164,14.979999542236328,14.979999542236328,49400,0.0,0.0,0.0
2024-04-22 03:05:00+00:00,14.979999542236328,14.979999542236328,14.9399995803833,14.9399995803833,19000,0.0,0.0,0.0
2024-04-22 03:10:00+00:00,14.9399995803833,14.9399995803833,14.930000305175781,14.930000305175781,20028,0.0,0.0,0.0
2024-04-22 03:15:00+00:00,14.930000305175781,14.960000038146973,14.930000305175781,14.9399995803833,73318,0.0,0.0,0.0
2024-04-22 03:20:00+00:00,14.9399995803833,14.9399995803833,14.9399995803833,14.9399995803833,16080,0.0,0.0,0.0
2024-04-22 03:25:00+00:00,14.9399995803833,14.9399995803833,14.9399995803833,14.9399995803833,16000,0.0,0.0,0.0
2024-04-22 03:30:00+00:00,14.930000305175781,14.930000305175781,14.90999984741211,14.90999984741211,106000,0.0,0.0,0.0
2024-04-22 03:35:00+00:00,14.90999984741211,14.90999984741211,14.899999618530273,14.899999618530273,15492,0.0,0.0,0.0
2024-04-22 03:40:00+00:00,14.899999618530273,14.899999618530273,14.890000343322754,14.890000343322754,8050,0.0,0.0,0.0
2024-04-22 03:45:00+00:00,14.890000343322754,14.899999618530273,14.880000114440918,14.899999618530273,40150,0.0,0.0,0.0
2024-04-22 03:50:00+00:00,14.899999618530273,14.920000076293945,14.899999618530273,14.920000076293945,14564,0.0,0.0,0.0
2024-04-22 04:00:00+00:00,14.890000343322754,14.899999618530273,14.890000343322754,14.890000343322754,4900,0.0,0.0,0.0
2024-04-22 04:05:00+00:00,14.899999618530273,14.90999984741211,14.899999618530273,14.90999984741211,53200,0.0,0.0,0.0
2024-04-22 04:10:00+00:00,14.90999984741211,14.9399995803833,14.90999984741211,14.9399995803833,285514,0.0,0.0,0.0
2024-04-22 04:15:00+00:00,14.949999809265137,14.949999809265137,14.9399995803833,14.9399995803833,26377,0.0,0.0,0.0
2024-04-22 04:20:00+00:00,14.930000305175781,14.9399995803833,14.920000076293945,14.920000076293945,15015,0.0,0.0,0.0
2024-04-22 04:25:00+00:00,14.920000076293945,14.930000305175781,14.920000076293945,14.930000305175781,6000,0.0,0.0,0.0
2024-04-22 04:30:00+00:00,14.9399995803833,14.9399995803833,14.9399995803833,14.9399995803833,1300,0.0,0.0,0.0
2024-04-22 04:35:00+00:00,14.9399995803833,14.9399995803833,14.920000076293945,14.930000305175781,6055,0.0,0.0,0.0
2024-04-22 04:40:00+00:00,14.930000305175781,14.9399995803833,14.930000305175781,14.9399995803833,24250,0.0,0.0,0.0
2024-04-22 04:45:00+00:00,14.9399995803833,14.949999809265137,14.930000305175781,14.930000305175781,52540,0.0,0.0,0.0
2024-04-22 04:50:00+00:00,14.9399995803833,14.9399995803833,14.930000305175781,14.930000305175781,2350,0.0,0.0,0.0
2024-04-22 04:55:00+00:00,14.930000305175781,14.9399995803833,14.930000305175781,14.9399995803833,5205,0.0,0.0,0.0
2024-04-22 05:00:00+00:00,14.930000305175781,14.930000305175781,14.920000076293945,14.920000076293945,8370,0.0,0.0,0.0
2024-04-22 05:05:00+00:00,14.930000305175781,14.930000305175781,14.890000343322754,14.890000343322754,117101,0.0,0.0,0.0
2024-04-22 05:10:00+00:00,14.890000343322754,14.899999618530273,14.890000343322754,14.899999618530273,78060,0.0,0.0,0.0
2024-04-22 05:15:00+00:00,14.899999618530273,14.899999618530273,14.880000114440918,14.880000114440918,2161,0.0,0.0,0.0
2024-04-22 05:20:00+00:00,14.899999618530273,14.899999618530273,14.890000343322754,14.899999618530273,23503,0.0,0.0,0.0
2024-04-23 01:00:00+00:00,14.899999618530273,14.979999542236328,14.899999618530273,14.949999809265137,371000,0.0,0.0,0.0
2024-04-23 01:05:00+00:00,14.960000038146973,14.960000038146973,14.949999809265137,14.960000038146973,96850,0.0,0.0,0.0
2024-04-23 01:10:00+00:00,14.960000038146973,14.970000267028809,14.960000038146973,14.970000267028809,15400,0.0,0.0,0.0
2024-04-23 01:15:00+00:00,14.970000267028809,14.979999542236328,14.960000038146973,14.979999542236328,120900,0.0,0.0,0.0
2024-04-23 01:20:00+00:00,14.979999542236328,15.0,14.970000267028809,15.0,286000,0.0,0.0,0.0
2024-04-23 01:25:00+00:00,15.0,15.0,14.989999771118164,14.989999771118164,8066,0.0,0.0,0.0
2024-04-23 01:30:00+00:00,15.0,15.0,14.989999771118164,15.0,122172,0.0,0.0,0.0
2024-04-23 01:35:00+00:00,15.0,15.010000228881836,14.960000038146973,14.979999542236328,37007,0.0,0.0,0.0
2024-04-23 01:40:00+00:00,14.949999809265137,14.949999809265137,14.949999809265137,14.949999809265137,12000,0.0,0.0,0.0
2024-04-23 01:45:00+00:00,14.9399995803833,14.9399995803833,14.9399995803833,14.9399995803833,7452,0.0,0.0,0.0
2024-04-23 01:50:00+00:00,14.930000305175781,14.930000305175781,14.899999618530273,14.90999984741211,22438,0.0,0.0,0.0
2024-04-23 01:55:00+00:00,14.899999618530273,14.930000305175781,14.899999618530273,14.930000305175781,60000,0.0,0.0,0.0
2024-04-23 02:00:00+00:00,14.9399995803833,14.9399995803833,14.920000076293945,14.920000076293945,81340,0.0,0.0,0.0
2024-04-23 02:05:00+00:00,14.930000305175781,14.930000305175781,14.930000305175781,14.930000305175781,1120,0.0,0.0,0.0
2024-04-23 02:10:00+00:00,14.930000305175781,14.930000305175781,14.930000305175781,14.930000305175781,42000,0.0,0.0,0.0
2024-04-23 02:15:00+00:00,14.930000305175781,14.949999809265137,14.930000305175781,14.949999809265137,40028,0.0,0.0,0.0
2024-04-23 02:20:00+00:00,14.9399995803833,14.9399995803833,14.9399995803833,14.9399995803833,9000,0.0,0.0,0.0
2024-04-23 02:25:00+00:00,14.9399995803833,14.949999809265137,14.9399995803833,14.949999809265137,16000,0.0,0.0,0.0
2024-04-23 02:30:00+00:00,14.949999809265137,14.960000038146973,14.9399995803833,14.9399995803833,6000,0.0,0.0,0.0
2024-04-23 02:35:00+00:00,14.949999809265137,14.949999809265137,14.949999809265137,14.949999809265137,1000,0.0,0.0,0.0
2024-04-23 02:40:00+00:00,14.949999809265137,14.949999809265137,14.949999809265137,14.949999809265137,1165,0.0,0.0,0.0
2024-04-23 02:45:00+00:00,14.960000038146973,14.960000038146973,14.960000038146973,14.960000038146973,2469,0.0,0.0,0.0
2024-04-23 02:50:00+00:00,14.960000038146973,14.960000038146973,14.960000038146973,14.960000038146973,23000,0.0,0.0,0.0
2024-04-23 02:55:00+00:00,14.960000038146973,14.960000038146973,14.960000038146973,14.960000038146973,5242,0.0,0.0,0.0
2024-04-23 03:00:00+00:00,14.960000038146973,14.960000038146973,14.9399995803833,14.9399995803833,4334,0.0,0.0,0.0
2024-04-23 03:05:00+00:00,14.960000038146973,14.960000038146973,14.960000038146973,14.960000038146973,1100,0.0,0.0,0.0
2024-04-23 03:10:00+00:00,14.960000038146973,14.960000038146973,14.9399995803833,14.9399995803833,7216,0.0,0.0,0.0
2024-04-23 03:15:00+00:00,14.960000038146973,14.960000038146973,14.960000038146973,14.960000038146973,26140,0.0,0.0,0.0
2024-04-23 03:20:00+00:00,14.960000038146973,14.960000038146973,14.960000038146973,14.960000038146973,1100,0.0,0.0,0.0
2024-04-23 03:25:00+00:00,14.960000038146973,14.970000267028809,14.960000038146973,14.970000267028809,7200,0.0,0.0,0.0
2024-04-23 03:30:00+00:00,14.970000267028809,14.970000267028809,14.970000267028809,14.970000267028809,3050,0.0,0.0,0.0
2024-04-23 03:40:00+00:00,14.960000038146973,14.960000038146973,14.960000038146973,14.960000038146973,1098,0.0,0.0,0.0
2024-04-23 03:45:00+00:00,14.970000267028809,14.970000267028809,14.960000038146973,14.960000038146973,4290,0.0,0.0,0.0
2024-04-23 03:55:00+00:00,14.960000038146973,14.960000038146973,14.960000038146973,14.960000038146973,1000,0.0,0.0,0.0
2024-04-23 04:00:00+00:00,14.949999809265137,14.949999809265137,14.949999809265137,14.949999809265137,1300,0.0,0.0,0.0
2024-04-23 04:05:00+00:00,14.949999809265137,14.970000267028809,14.949999809265137,14.970000267028809,20336,0.0,0.0,0.0
2024-04-23 04:10:00+00:00,14.970000267028809,14.970000267028809,14.970000267028809,14.970000267028809,9000,0.0,0.0,0.0
2024-04-23 04:15:00+00:00,14.970000267028809,14.970000267028809,14.960000038146973,14.960000038146973,17060,0.0,0.0,0.0
2024-04-23 04:25:00+00:00,14.949999809265137,14.960000038146973,14.949999809265137,14.960000038146973,19000,0.0,0.0,0.0
2024-04-23 04:30:00+00:00,14.960000038146973,14.960000038146973,14.960000038146973,14.960000038146973,1000,0.0,0.0,0.0
2024-04-23 04:35:00+00:00,14.960000038146973,14.960000038146973,14.949999809265137,14.949999809265137,2130,0.0,0.0,0.0
2024-04-23 04:40:00+00:00,14.960000038146973,14.960000038146973,14.960000038146973,14.960000038146973,1100,0.0,0.0,0.0
2024-04-23 04:50:00+00:00,14.949999809265137,14.949999809265137,14.949999809265137,14.949999809265137,10024,0.0,0.0,0.0
2024-04-23 04:55:00+00:00,14.949999809265137,14.949999809265137,14.949999809265137,14.949999809265137,10150,0.0,0.0,0.0
2024-04-23 05:05:00+00:00,14.9399995803833,14.949999809265137,14.9399995803833,14.9399995803833,20050,0.0,0.0,0.0
2024-04-23 05:10:00+00:00,14.9399995803833,14.949999809265137,14.9399995803833,14.9399995803833,7100,0.0,0.0,0.0
2024-04-23 05:15:00+00:00,14.949999809265137,14.949999809265137,14.9399995803833,14.9399995803833,5316,0.0,0.0,0.0
2024-04-24 01:00:00+00:00,15.010000228881836,15.020000457763672,15.010000228881836,15.020000457763672,0,0.0,0.0,0.0
2024-04-24 01:05:00+00:00,15.020000457763672,15.039999961853027,15.020000457763672,15.029999732971191,971641,0.0,0.0,0.0
2024-04-24 01:10:00+00:00,15.020000457763672,15.029999732971191,15.020000457763672,15.029999732971191,27244,0.0,0.0,0.0
2024-04-24 01:15:00+00:00,15.029999732971191,15.029999732971191,15.020000457763672,15.020000457763672,3100,0.0,0.0,0.0
2024-04-24 01:20:00+00:00,15.029999732971191,15.050000190734863,15.029999732971191,15.050000190734863,86887,0.0,0.0,0.0
2024-04-24 01:25:00+00:00,15.039999961853027,15.050000190734863,15.029999732971191,15.039999961853027,76000,0.0,0.0,0.0
2024-04-24 01:30:00+00:00,15.039999961853027,15.039999961853027,15.010000228881836,15.020000457763672,23500,0.0,0.0,0.0
2024-04-24 01:35:00+00:00,15.020000457763672,15.039999961853027,15.020000457763672,15.039999961853027,885080,0.0,0.0,0.0
2024-04-24 01:40:00+00:00,15.039999961853027,15.050000190734863,15.039999961853027,15.050000190734863,20000,0.0,0.0,0.0
2024-04-24 01:45:00+00:00,15.039999961853027,15.039999961853027,15.029999732971191,15.029999732971191,105666,0.0,0.0,0.0
2024-04-24 01:50:00+00:00,15.020000457763672,15.020000457763672,15.020000457763672,15.020000457763672,2000,0.0,0.0,0.0
2024-04-24 01:55:00+00:00,15.020000457763672,15.029999732971191,15.020000457763672,15.029999732971191,19100,0.0,0.0,0.0
2024-04-24 02:00:00+00:00,15.020000457763672,15.020000457763672,15.020000457763672,15.020000457763672,38035,0.0,0.0,0.0
2024-04-24 02:05:00+00:00,15.020000457763672,15.020000457763672,15.010000228881836,15.010000228881836,7100,0.0,0.0,0.0
2024-04-24 02:10:00+00:00,15.010000228881836,15.010000228881836,15.0,15.0,61075,0.0,0.0,0.0
2024-04-24 02:15:00+00:00,15.0,15.0,15.0,15.0,69515,0.0,0.0,0.0
2024-04-24 02:20:00+00:00,15.0,15.0,15.0,15.0,32000,0.0,0.0,0.0
2024-04-24 02:25:00+00:00,14.989999771118164,14.989999771118164,14.989999771118164,14.989999771118164,1000,0.0,0.0,0.0
2024-04-24 02:30:00+00:00,14.989999771118164,15.0,14.989999771118164,15.0,15000,0.0,0.0,0.0
2024-04-24 02:40:00+00:00,15.0,15.0,15.0,15.0,1000,0.0,0.0,0.0
2024-04-24 02:45:00+00:00,14.989999771118164,14.989999771118164,14.989999771118164,14.989999771118164,5055,0.0,0.0,0.0
2024-04-24 02:50:00+00:00,14.989999771118164,14.989999771118164,14.989999771118164,14.989999771118164,5000,0.0,0.0,0.0
2024-04-24 02:55:00+00:00,14.989999771118164,14.989999771118164,14.989999771118164,14.989999771118164,3000,0.0,0.0,0.0
2024-04-24 03:00:00+00:00,14.989999771118164,15.0,14.989999771118164,15.0,62150,0.0,0.0,0.0
2024-04-24 03:05:00+00:00,14.989999771118164,15.0,14.989999771118164,15.0,4126,0.0,0.0,0.0
2024-04-24 03:15:00+00:00,15.0,15.0,15.0,15.0,13019,0.0,0.0,0.0
2024-04-24 03:20:00+00:00,15.0,15.0,15.0,15.0,1000,0.0,0.0,0.0
2024-04-24 03:25:00+00:00,15.0,15.0,15.0,15.0,17000,0.0,0.0,0.0
2024-04-24 03:30:00+00:00,15.0,15.0,15.0,15.0,4121,0.0,0.0,0.0
2024-04-24 03:35:00+00:00,15.0,15.0,14.989999771118164,14.989999771118164,3000,0.0,0.0,0.0
2024-04-24 03:40:00+00:00,14.989999771118164,14.989999771118164,14.989999771118164,14.989999771118164,23428,0.0,0.0,0.0
2024-04-24 03:45:00+00:00,14.989999771118164,14.989999771118164,14.989999771118164,14.989999771118164,10000,0.0,0.0,0.0
2024-04-24 03:50:00+00:00,14.989999771118164,14.989999771118164,14.979999542236328,14.979999542236328,26300,0.0,0.0,0.0
2024-04-24 03:55:00+00:00,14.979999542236328,14.989999771118164,14.979999542236328,14.979999542236328,10000,0.0,0.0,0.0
2024-04-24 04:00:00+00:00,14.979999542236328,14.979999542236328,14.979999542236328,14.979999542236328,4000,0.0,0.0,0.0
2024-04-24 04:05:00+00:00,14.979999542236328,14.989999771118164,14.979999542236328,14.989999771118164,66100,0.0,0.0,0.0
2024-04-24 04:15:00+00:00,14.989999771118164,14.989999771118164,14.970000267028809,14.970000267028809,81511,0.0,0.0,0.0
2024-04-24 04:20:00+00:00,14.970000267028809,14.979999542236328,14.970000267028809,14.970000267028809,69000,0.0,0.0,0.0
2024-04-24 04:25:00+00:00,14.970000267028809,14.970000267028809,14.970000267028809,14.970000267028809,21050,0.0,0.0,0.0
2024-04-24 04:30:00+00:00,14.979999542236328,14.979999542236328,14.979999542236328,14.979999542236328,10000,0.0,0.0,0.0
2024-04-24 04:35:00+00:00,14.979999542236328,14.989999771118164,14.979999542236328,14.989999771118164,13000,0.0,0.0,0.0
2024-04-24 04:40:00+00:00,14.979999542236328,14.989999771118164,14.979999542236328,14.989999771118164,9030,0.0,0.0,0.0
2024-04-24 04:45:00+00:00,14.979999542236328,14.979999542236328,14.979999542236328,14.979999542236328,5125,0.0,0.0,0.0
2024-04-24 04:50:00+00:00,14.979999542236328,14.989999771118164,14.979999542236328,14.989999771118164,3447,0.0,0.0,0.0
2024-04-24 04:55:00+00:00,14.989999771118164,14.989999771118164,14.989999771118164,14.989999771118164,4000,0.0,0.0,0.0
2024-04-24 05:00:00+00:00,14.989999771118164,15.0,14.989999771118164,15.0,8721,0.0,0.0,0.0
2024-04-24 05:05:00+00:00,15.0,15.0,15.0,15.0,2113,0.0,0.0,0.0
2024-04-24 05:10:00+00:00,15.0,15.0,14.989999771118164,14.989999771118164,2589,0.0,0.0,0.0
2024-04-24 05:15:00+00:00,14.989999771118164,14.989999771118164,14.979999542236328,14.979999542236328,9028,0.0,0.0,0.0
2024-04-24 05:20:00+00:00,14.979999542236328,14.989999771118164,14.979999542236328,14.979999542236328,28068,0.0,0.0,0.0
2024-04-25 01:00:00+00:00,14.859999656677246,14.890000343322754,14.859999656677246,14.869999885559082,0,0.0,0.0,0.0
2024-04-25 01:05:00+00:00,14.859999656677246,14.859999656677246,14.850000381469727,14.850000381469727,122353,0.0,0.0,0.0
2024-04-25 01:10:00+00:00,14.859999656677246,14.890000343322754,14.859999656677246,14.880000114440918,41763,0.0,0.0,0.0
2024-04-25 01:15:00+00:00,14.880000114440918,14.880000114440918,14.880000114440918,14.880000114440918,18888,0.0,0.0,0.0
2024-04-25 01:20:00+00:00,14.869999885559082,14.899999618530273,14.869999885559082,14.899999618530273,3000,0.0,0.0,0.0
2024-04-25 01:25:00+00:00,14.880000114440918,14.890000343322754,14.880000114440918,14.890000343322754,108207,0.0,0.0,0.0
2024-04-25 01:30:00+00:00,14.890000343322754,14.90999984741211,14.890000343322754,14.90999984741211,34000,0.0,0.0,0.0
2024-04-25 01:35:00+00:00,14.899999618530273,14.899999618530273,14.880000114440918,14.890000343322754,308157,0.0,0.0,0.0
2024-04-25 01:40:00+00:00,14.880000114440918,14.880000114440918,14.859999656677246,14.859999656677246,96731,0.0,0.0,0.0
2024-04-25 01:45:00+00:00,14.859999656677246,14.859999656677246,14.859999656677246,14.859999656677246,18130,0.0,0.0,0.0
2024-04-25 01:50:00+00:00,14.869999885559082,14.869999885559082,14.869999885559082,14.869999885559082,1135,0.0,0.0,0.0
2024-04-25 01:55:00+00:00,14.869999885559082,14.880000114440918,14.869999885559082,14.869999885559082,86450,0.0,0.0,0.0
2024-04-25 02:00:00+00:00,14.859999656677246,14.859999656677246,14.859999656677246,14.859999656677246,111004,0.0,0.0,0.0
2024-04-25 02:05:00+00:00,14.859999656677246,14.859999656677246,14.859999656677246,14.859999656677246,2101,0.0,0.0,0.0
2024-04-25 02:10:00+00:00,14.869999885559082,14.869999885559082,14.859999656677246,14.859999656677246,95688,0.0,0.0,0.0
2024-04-25 02:15:00+00:00,14.859999656677246,14.859999656677246,14.84000015258789,14.84000015258789,423351,0.0,0.0,0.0
2024-04-25 02:20:00+00:00,14.84000015258789,14.850000381469727,14.84000015258789,14.850000381469727,4000,0.0,0.0,0.0
2024-04-25 02:25:00+00:00,14.850000381469727,14.859999656677246,14.850000381469727,14.859999656677246,108420,0.0,0.0,0.0
2024-04-25 02:30:00+00:00,14.869999885559082,14.869999885559082,14.869999885559082,14.869999885559082,2094,0.0,0.0,0.0
2024-04-25 02:40:00+00:00,14.869999885559082,14.869999885559082,14.869999885559082,14.869999885559082,8400,0.0,0.0,0.0
2024-04-25 02:50:00+00:00,14.880000114440918,14.880000114440918,14.859999656677246,14.859999656677246,6010,0.0,0.0,0.0
2024-04-25 02:55:00+00:00,14.859999656677246,14.859999656677246,14.859999656677246,14.859999656677246,118305,0.0,0.0,0.0
2024-04-25 03:00:00+00:00,14.859999656677246,14.859999656677246,14.859999656677246,14.859999656677246,3151,0.0,0.0,0.0
2024-04-25 03:05:00+00:00,14.850000381469727,14.850000381469727,14.84000015258789,14.84000015258789,107750,0.0,0.0,0.0
2024-04-25 03:10:00+00:00,14.84000015258789,14.84000015258789,14.84000015258789,14.84000015258789,7000,0.0,0.0,0.0
2024-04-25 03:15:00+00:00,14.850000381469727,14.850000381469727,14.850000381469727,14.850000381469727,1000,0.0,0.0,0.0
2024-04-25 03:20:00+00:00,14.84000015258789,14.84000015258789,14.84000015258789,14.84000015258789,67000,0.0,0.0,0.0
2024-04-25 03:25:00+00:00,14.84000015258789,14.84000015258789,14.84000015258789,14.84000015258789,3236,0.0,0.0,0.0
2024-04-25 03:30:00+00:00,14.850000381469727,14.850000381469727,14.850000381469727,14.850000381469727,2100,0.0,0.0,0.0
2024-04-25 03:35:00+00:00,14.84000015258789,14.850000381469727,14.84000015258789,14.850000381469727,19168,0.0,0.0,0.0
2024-04-25 03:40:00+00:00,14.84000015258789,14.850000381469727,14.84000015258789,14.850000381469727,2000,0.0,0.0,0.0
2024-04-25 03:45:00+00:00,14.850000381469727,14.850000381469727,14.850000381469727,14.850000381469727,63525,0.0,0.0,0.0
2024-04-25 03:55:00+00:00,14.850000381469727,14.850000381469727,14.850000381469727,14.850000381469727,1035,0.0,0.0,0.0
2024-04-25 04:05:00+00:00,14.850000381469727,14.850000381469727,14.850000381469727,14.850000381469727,1005,0.0,0.0,0.0
2024-04-25 04:15:00+00:00,14.850000381469727,14.850000381469727,14.850000381469727,14.850000381469727,3340,0.0,0.0,0.0
2024-04-25 04:20:00+00:00,14.850000381469727,14.859999656677246,14.850000381469727,14.859999656677246,22241,0.0,0.0,0.0
2024-04-25 04:25:00+00:00,14.859999656677246,14.859999656677246,14.859999656677246,14.859999656677246,1317,0.0,0.0,0.0
2024-04-25 04:35:00+00:00,14.859999656677246,14.859999656677246,14.859999656677246,14.859999656677246,2200,0.0,0.0,0.0
2024-04-25 04:45:00+00:00,14.859999656677246,14.859999656677246,14.850000381469727,14.850000381469727,33962,0.0,0.0,0.0
2024-04-25 04:50:00+00:00,14.850000381469727,14.850000381469727,14.850000381469727,14.850000381469727,1038,0.0,0.0,0.0
2024-04-25 05:00:00+00:00,14.850000381469727,14.850000381469727,14.850000381469727,14.850000381469727,59047,0.0,0.0,0.0
2024-04-25 05:10:00+00:00,14.859999656677246,14.869999885559082,14.859999656677246,14.859999656677246,89866,0.0,0.0,0.0
2024-04-25 05:20:00+00:00,14.859999656677246,14.859999656677246,14.859999656677246,14.859999656677246,193312,0.0,0.0,0.0
2024-04-26 01:00:00+00:00,14.880000114440918,14.920000076293945,14.880000114440918,14.920000076293945,0,0.0,0.0,0.0
2024-04-26 01:05:00+00:00,14.9399995803833,14.9399995803833,14.930000305175781,14.9399995803833,77459,0.0,0.0,0.0
2024-04-26 01:10:00+00:00,14.9399995803833,14.9399995803833,14.9399995803833,14.9399995803833,176050,0.0,0.0,0.0
2024-04-26 01:15:00+00:00,14.930000305175781,14.970000267028809,14.930000305175781,14.970000267028809,105204,0.0,0.0,0.0
2024-04-26 01:20:00+00:00,14.970000267028809,14.979999542236328,14.970000267028809,14.979999542236328,6410,0.0,0.0,0.0
2024-04-26 01:25:00+00:00,14.970000267028809,14.970000267028809,14.970000267028809,14.970000267028809,4000,0.0,0.0,0.0
2024-04-26 01:30:00+00:00,14.979999542236328,14.979999542236328,14.970000267028809,14.979999542236328,164519,0.0,0.0,0.0
2024-04-26 01:35:00+00:00,14.979999542236328,14.989999771118164,14.979999542236328,14.989999771118164,41127,0.0,0.0,0.0
2024-04-26 01:45:00+00:00,14.989999771118164,14.989999771118164,14.979999542236328,14.989999771118164,105150,0.0,0.0,0.0
2024-04-26 01:50:00+00:00,14.989999771118164,14.989999771118164,14.979999542236328,14.989999771118164,182150,0.0,0.0,0.0
2024-04-26 01:55:00+00:00,14.979999542236328,14.979999542236328,14.979999542236328,14.979999542236328,2000,0.0,0.0,0.0
2024-04-26 02:00:00+00:00,14.989999771118164,15.0,14.989999771118164,15.0,130886,0.0,0.0,0.0
2024-04-26 02:05:00+00:00,14.989999771118164,14.989999771118164,14.989999771118164,14.989999771118164,67200,0.0,0.0,0.0
2024-04-26 02:10:00+00:00,14.989999771118164,14.989999771118164,14.989999771118164,14.989999771118164,18000,0.0,0.0,0.0
2024-04-26 02:15:00+00:00,14.989999771118164,14.989999771118164,14.979999542236328,14.979999542236328,72300,0.0,0.0,0.0
2024-04-26 02:20:00+00:00,14.979999542236328,14.979999542236328,14.970000267028809,14.970000267028809,3000,0.0,0.0,0.0
2024-04-26 02:25:00+00:00,14.970000267028809,14.979999542236328,14.970000267028809,14.979999542236328,159002,0.0,0.0,0.0
2024-04-26 02:30:00+00:00,14.989999771118164,14.989999771118164,14.979999542236328,14.979999542236328,191000,0.0,0.0,0.0
2024-04-26 02:35:00+00:00,15.0,15.0,15.0,15.0,86250,0.0,0.0,0.0
2024-04-26 02:40:00+00:00,14.979999542236328,14.979999542236328,14.970000267028809,14.970000267028809,374000,0.0,0.0,0.0
2024-04-26 02:45:00+00:00,14.960000038146973,14.970000267028809,14.930000305175781,14.930000305175781,279020,0.0,0.0,0.0
2024-04-26 02:50:00+00:00,14.930000305175781,14.930000305175781,14.930000305175781,14.930000305175781,5100,0.0,0.0,0.0
2024-04-26 02:55:00+00:00,14.949999809265137,14.949999809265137,14.949999809265137,14.949999809265137,12000,0.0,0.0,0.0
2024-04-26 03:00:00+00:00,14.949999809265137,14.970000267028809,14.949999809265137,14.970000267028809,36200,0.0,0.0,0.0
2024-04-26 03:05:00+00:00,14.970000267028809,14.970000267028809,14.970000267028809,14.970000267028809,23465,0.0,0.0,0.0
2024-04-26 03:15:00+00:00,14.970000267028809,14.979999542236328,14.960000038146973,14.979999542236328,31010,0.0,0.0,0.0
2024-04-26 03:20:00+00:00,14.989999771118164,14.989999771118164,14.989999771118164,14.989999771118164,4000,0.0,0.0,0.0
2024-04-26 03:25:00+00:00,14.989999771118164,14.989999771118164,14.979999542236328,14.979999542236328,203360,0.0,0.0,0.0
2024-04-26 03:35:00+00:00,14.979999542236328,14.979999542236328,14.979999542236328,14.979999542236328,5000,0.0,0.0,0.0
2024-04-26 03:40:00+00:00,14.979999542236328,14.979999542236328,14.970000267028809,14.979999542236328,23009,0.0,0.0,0.0
2024-04-26 03:45:00+00:00,14.979999542236328,14.979999542236328,14.979999542236328,14.979999542236328,1000,0.0,0.0,0.0
2024-04-26 03:50:00+00:00,14.989999771118164,15.010000228881836,14.989999771118164,15.010000228881836,239040,0.0,0.0,0.0
2024-04-26 04:00:00+00:00,15.0,15.0,15.0,15.0,6000,0.0,0.0,0.0
2024-04-26 04:05:00+00:00,15.0,15.0,15.0,15.0,8084,0.0,0.0,0.0
2024-04-26 04:10:00+00:00,15.010000228881836,15.039999961853027,15.0,15.039999961853027,212916,0.0,0.0,0.0
2024-04-26 04:15:00+00:00,15.039999961853027,15.050000190734863,15.039999961853027,15.050000190734863,118526,0.0,0.0,0.0
2024-04-26 04:20:00+00:00,15.050000190734863,15.050000190734863,15.029999732971191,15.050000190734863,64000,0.0,0.0,0.0
2024-04-26 04:25:00+00:00,15.050000190734863,15.069999694824219,15.050000190734863,15.0600004196167,122337,0.0,0.0,0.0
2024-04-26 04:30:00+00:00,15.0600004196167,15.0600004196167,15.039999961853027,15.0600004196167,63000,0.0,0.0,0.0
2024-04-26 04:35:00+00:00,15.0600004196167,15.0600004196167,15.050000190734863,15.050000190734863,86000,0.0,0.0,0.0
2024-04-26 04:40:00+00:00,15.050000190734863,15.050000190734863,15.050000190734863,15.050000190734863,9124,0.0,0.0,0.0
2024-04-26 04:45:00+00:00,15.050000190734863,15.050000190734863,15.050000190734863,15.050000190734863,73000,0.0,0.0,0.0
2024-04-26 04:50:00+00:00,15.050000190734863,15.050000190734863,15.039999961853027,15.039999961853027,134358,0.0,0.0,0.0
2024-04-26 04:55:00+00:00,15.039999961853027,15.039999961853027,15.029999732971191,15.029999732971191,18162,0.0,0.0,0.0
2024-04-26 05:05:00+00:00,15.029999732971191,15.029999732971191,15.020000457763672,15.020000457763672,17296,0.0,0.0,0.0
2024-04-26 05:10:00+00:00,15.010000228881836,15.029999732971191,15.010000228881836,15.029999732971191,29254,0.0,0.0,0.0
2024-04-26 05:15:00+00:00,15.029999732971191,15.029999732971191,15.029999732971191,15.029999732971191,60050,0.0,0.0,0.0
2024-04-29 01:00:00+00:00,15.15999984741211,15.260000228881836,15.149999618530273,15.25,0,0.0,0.0,0.0
2024-04-29 01:05:00+00:00,15.260000228881836,15.289999961853027,15.25,15.270000457763672,455993,0.0,0.0,0.0
2024-04-29 01:10:00+00:00,15.25,15.279999732971191,15.25,15.279999732971191,145868,0.0,0.0,0.0
2024-04-29 01:15:00+00:00,15.279999732971191,15.289999961853027,15.25,15.25,1147441,0.0,0.0,0.0
2024-04-29 01:20:00+00:00,15.239999771118164,15.25,15.220000267028809,15.25,342537,0.0,0.0,0.0
2024-04-29 01:25:00+00:00,15.25,15.289999961853027,15.25,15.279999732971191,131654,0.0,0.0,0.0
2024-04-29 01:30:00+00:00,15.279999732971191,15.300000190734863,15.279999732971191,15.300000190734863,336649,0.0,0.0,0.0
2024-04-29 01:35:00+00:00,15.289999961853027,15.3100004196167,15.289999961853027,15.300000190734863,86854,0.0,0.0,0.0
2024-04-29 01:40:00+00:00,15.289999961853027,15.289999961853027,15.289999961853027,15.289999961853027,45380,0.0,0.0,0.0
2024-04-29 01:45:00+00:00,15.300000190734863,15.3100004196167,15.289999961853027,15.3100004196167,152378,0.0,0.0,0.0
2024-04-29 01:50:00+00:00,15.300000190734863,15.319999694824219,15.300000190734863,15.319999694824219,156518,0.0,0.0,0.0
2024-04-29 01:55:00+00:00,15.319999694824219,15.350000381469727,15.319999694824219,15.34000015258789,225691,0.0,0.0,0.0
2024-04-29 02:00:00+00:00,15.350000381469727,15.359999656677246,15.34000015258789,15.34000015258789,54640,0.0,0.0,0.0
2024-04-29 02:05:00+00:00,15.319999694824219,15.329999923706055,15.319999694824219,15.329999923706055,73100,0.0,0.0,0.0
2024-04-29 02:10:00+00:00,15.329999923706055,15.329999923706055,15.319999694824219,15.319999694824219,35367,0.0,0.0,0.0
2024-04-29 02:15:00+00:00,15.329999923706055,15.329999923706055,15.319999694824219,15.319999694824219,26150,0.0,0.0,0.0
2024-04-29 02:20:00+00:00,15.319999694824219,15.319999694824219,15.3100004196167,15.3100004196167,17450,0.0,0.0,0.0
2024-04-29 02:25:00+00:00,15.3100004196167,15.3100004196167,15.300000190734863,15.300000190734863,35000,0.0,0.0,0.0
2024-04-29 02:30:00+00:00,15.3100004196167,15.3100004196167,15.300000190734863,15.300000190734863,18265,0.0,0.0,0.0
2024-04-29 02:35:00+00:00,15.289999961853027,15.289999961853027,15.289999961853027,15.289999961853027,6000,0.0,0.0,0.0
2024-04-29 02:40:00+00:00,15.289999961853027,15.300000190734863,15.289999961853027,15.300000190734863,148434,0.0,0.0,0.0
2024-04-29 02:45:00+00:00,15.3100004196167,15.319999694824219,15.3100004196167,15.3100004196167,72234,0.0,0.0,0.0
2024-04-29 02:50:00+00:00,15.3100004196167,15.319999694824219,15.3100004196167,15.3100004196167,172655,0.0,0.0,0.0
2024-04-29 02:55:00+00:00,15.3100004196167,15.319999694824219,15.3100004196167,15.319999694824219,144846,0.0,0.0,0.0
2024-04-29 03:00:00+00:00,15.329999923706055,15.329999923706055,15.319999694824219,15.329999923706055,121155,0.0,0.0,0.0
2024-04-29 03:05:00+00:00,15.329999923706055,15.34000015258789,15.329999923706055,15.34000015258789,176717,0.0,0.0,0.0
2024-04-29 03:10:00+00:00,15.34000015258789,15.34000015258789,15.34000015258789,15.34000015258789,33000,0.0,0.0,0.0
2024-04-29 03:15:00+00:00,15.34000015258789,15.34000015258789,15.34000015258789,15.34000015258789,15600,0.0,0.0,0.0
2024-04-29 03:20:00+00:00,15.34000015258789,15.34000015258789,15.34000015258789,15.34000015258789,23100,0.0,0.0,0.0
2024-04-29 03:25:00+00:00,15.34000015258789,15.350000381469727,15.34000015258789,15.34000015258789,23180,0.0,0.0,0.0
2024-04-29 03:30:00+00:00,15.34000015258789,15.34000015258789,15.34000015258789,15.34000015258789,101639,0.0,0.0,0.0
2024-04-29 03:35:00+00:00,15.329999923706055,15.329999923706055,15.329999923706055,15.329999923706055,1000,0.0,0.0,0.0
2024-04-29 03:40:00+00:00,15.329999923706055,15.34000015258789,15.329999923706055,15.34000015258789,13232,0.0,0.0,0.0
2024-04-29 03:50:00+00:00,15.329999923706055,15.329999923706055,15.319999694824219,15.319999694824219,72000,0.0,0.0,0.0
2024-04-29 03:55:00+00:00,15.319999694824219,15.319999694824219,15.319999694824219,15.319999694824219,23000,0.0,0.0,0.0
2024-04-29 04:00:00+00:00,15.329999923706055,15.329999923706055,15.319999694824219,15.329999923706055,51100,0.0,0.0,0.0
2024-04-29 04:05:00+00:00,15.319999694824219,15.34000015258789,15.319999694824219,15.34000015258789,115300,0.0,0.0,0.0
2024-04-29 04:10:00+00:00,15.34000015258789,15.34000015258789,15.34000015258789,15.34000015258789,124663,0.0,0.0,0.0
2024-04-29 04:15:00+00:00,15.34000015258789,15.34000015258789,15.34000015258789,15.34000015258789,39100,0.0,0.0,0.0
2024-04-29 04:20:00+00:00,15.350000381469727,15.350000381469727,15.350000381469727,15.350000381469727,168603,0.0,0.0,0.0
2024-04-29 04:25:00+00:00,15.350000381469727,15.350000381469727,15.350000381469727,15.350000381469727,4784,0.0,0.0,0.0
2024-04-29 04:30:00+00:00,15.350000381469727,15.350000381469727,15.34000015258789,15.34000015258789,7083,0.0,0.0,0.0
2024-04-29 04:35:00+00:00,15.34000015258789,15.34000015258789,15.329999923706055,15.34000015258789,83325,0.0,0.0,0.0
2024-04-29 04:40:00+00:00,15.329999923706055,15.329999923706055,15.329999923706055,15.329999923706055,118925,0.0,0.0,0.0
2024-04-29 04:45:00+00:00,15.329999923706055,15.329999923706055,15.329999923706055,15.329999923706055,2200,0.0,0.0,0.0
2024-04-29 04:50:00+00:00,15.329999923706055,15.34000015258789,15.329999923706055,15.329999923706055,20160,0.0,0.0,0.0
2024-04-29 04:55:00+00:00,15.329999923706055,15.329999923706055,15.329999923706055,15.329999923706055,34120,0.0,0.0,0.0
2024-04-29 05:00:00+00:00,15.34000015258789,15.34000015258789,15.329999923706055,15.329999923706055,7100,0.0,0.0,0.0
2024-04-29 05:05:00+00:00,15.329999923706055,15.34000015258789,15.319999694824219,15.319999694824219,31100,0.0,0.0,0.0
2024-04-29 05:10:00+00:00,15.319999694824219,15.34000015258789,15.319999694824219,15.34000015258789,117200,0.0,0.0,0.0
2024-04-29 05:15:00+00:00,15.34000015258789,15.34000015258789,15.34000015258789,15.34000015258789,1061,0.0,0.0,0.0
2024-04-29 05:20:00+00:00,15.329999923706055,15.329999923706055,15.329999923706055,15.329999923706055,11716,0.0,0.0,0.0
2024-04-30 01:00:00+00:00,15.329999923706055,15.329999923706055,15.289999961853027,15.289999961853027,229000,0.0,0.0,0.0
2024-04-30 01:05:00+00:00,15.270000457763672,15.270000457763672,15.239999771118164,15.260000228881836,338000,0.0,0.0,0.0
2024-04-30 01:10:00+00:00,15.270000457763672,15.279999732971191,15.260000228881836,15.260000228881836,132990,0.0,0.0,0.0
2024-04-30 01:15:00+00:00,15.260000228881836,15.289999961853027,15.260000228881836,15.289999961853027,140371,0.0,0.0,0.0
2024-04-30 01:20:00+00:00,15.289999961853027,15.289999961853027,15.289999961853027,15.289999961853027,9000,0.0,0.0,0.0
2024-04-30 01:25:00+00:00,15.289999961853027,15.289999961853027,15.279999732971191,15.279999732971191,23010,0.0,0.0,0.0
2024-04-30 01:30:00+00:00,15.279999732971191,15.279999732971191,15.25,15.25,7020,0.0,0.0,0.0
2024-04-30 01:35:00+00:00,15.25,15.25,15.239999771118164,15.239999771118164,21325,0.0,0.0,0.0
2024-04-30 01:40:00+00:00,15.239999771118164,15.25,15.239999771118164,15.239999771118164,36385,0.0,0.0,0.0
2024-04-30 01:45:00+00:00,15.239999771118164,15.239999771118164,15.229999542236328,15.229999542236328,2400,0.0,0.0,0.0
2024-04-30 01:50:00+00:00,15.239999771118164,15.239999771118164,15.239999771118164,15.239999771118164,9151,0.0,0.0,0.0
2024-04-30 01:55:00+00:00,15.239999771118164,15.25,15.239999771118164,15.239999771118164,3893,0.0,0.0,0.0
2024-04-30 02:00:00+00:00,15.25,15.25,15.239999771118164,15.239999771118164,130002,0.0,0.0,0.0
2024-04-30 02:05:00+00:00,15.25,15.270000457763672,15.25,15.270000457763672,20243,0.0,0.0,0.0
2024-04-30 02:10:00+00:00,15.279999732971191,15.279999732971191,15.279999732971191,15.279999732971191,1169,0.0,0.0,0.0
2024-04-30 02:15:00+00:00,15.260000228881836,15.260000228881836,15.260000228881836,15.260000228881836,3000,0.0,0.0,0.0
2024-04-30 02:20:00+00:00,15.279999732971191,15.279999732971191,15.260000228881836,15.260000228881836,65000,0.0,0.0,0.0
2024-04-30 02:25:00+00:00,15.260000228881836,15.260000228881836,15.260000228881836,15.260000228881836,8300,0.0,0.0,0.0
2024-04-30 02:30:00+00:00,15.260000228881836,15.270000457763672,15.260000228881836,15.270000457763672,49100,0.0,0.0,0.0
2024-04-30 02:35:00+00:00,15.270000457763672,15.270000457763672,15.270000457763672,15.270000457763672,2055,0.0,0.0,0.0
2024-04-30 02:40:00+00:00,15.279999732971191,15.279999732971191,15.270000457763672,15.279999732971191,8485,0.0,0.0,0.0
2024-04-30 02:45:00+00:00,15.270000457763672,15.270000457763672,15.270000457763672,15.270000457763672,3238,0.0,0.0,0.0
2024-04-30 02:50:00+00:00,15.270000457763672,15.270000457763672,15.270000457763672,15.270000457763672,2000,0.0,0.0,0.0
2024-04-30 03:00:00+00:00,15.260000228881836,15.260000228881836,15.260000228881836,15.260000228881836,5511,0.0,0.0,0.0
2024-04-30 03:05:00+00:00,15.25,15.25,15.25,15.25,5107,0.0,0.0,0.0
2024-04-30 03:15:00+00:00,15.25,15.25,15.25,15.25,1000,0.0,0.0,0.0
2024-04-30 03:20:00+00:00,15.25,15.25,15.25,15.25,7100,0.0,0.0,0.0
2024-04-30 03:35:00+00:00,15.25,15.25,15.239999771118164,15.239999771118164,12247,0.0,0.0,0.0
2024-04-30 03:40:00+00:00,15.239999771118164,15.25,15.239999771118164,15.25,5005,0.0,0.0,0.0
2024-04-30 03:45:00+00:00,15.25,15.25,15.239999771118164,15.25,95000,0.0,0.0,0.0
2024-04-30 03:50:00+00:00,15.260000228881836,15.260000228881836,15.260000228881836,15.260000228881836,1042,0.0,0.0,0.0
2024-04-30 03:55:00+00:00,15.25,15.25,15.25,15.25,5062,0.0,0.0,0.0
2024-04-30 04:00:00+00:00,15.25,15.260000228881836,15.25,15.260000228881836,37000,0.0,0.0,0.0
2024-04-30 04:10:00+00:00,15.270000457763672,15.270000457763672,15.270000457763672,15.270000457763672,3728,0.0,0.0,0.0
2024-04-30 04:25:00+00:00,15.270000457763672,15.279999732971191,15.260000228881836,15.279999732971191,179000,0.0,0.0,0.0
2024-04-30 04:30:00+00:00,15.279999732971191,15.279999732971191,15.279999732971191,15.279999732971191,121015,0.0,0.0,0.0
2024-04-30 04:35:00+00:00,15.279999732971191,15.279999732971191,15.279999732971191,15.279999732971191,44209,0.0,0.0,0.0
2024-04-30 04:40:00+00:00,15.279999732971191,15.300000190734863,15.279999732971191,15.300000190734863,269178,0.0,0.0,0.0
2024-04-30 04:45:00+00:00,15.289999961853027,15.289999961853027,15.289999961853027,15.289999961853027,1000,0.0,0.0,0.0
2024-04-30 04:50:00+00:00,15.289999961853027,15.289999961853027,15.289999961853027,15.289999961853027,4120,0.0,0.0,0.0
2024-04-30 04:55:00+00:00,15.289999961853027,15.289999961853027,15.289999961853027,15.289999961853027,16195,0.0,0.0,0.0
2024-04-30 05:00:00+00:00,15.289999961853027,15.289999961853027,15.289999961853027,15.289999961853027,1000,0.0,0.0,0.0
2024-04-30 05:05:00+00:00,15.279999732971191,15.289999961853027,15.279999732971191,15.279999732971191,26000,0.0,0.0,0.0
2024-04-30 05:10:00+00:00,15.279999732971191,15.279999732971191,15.279999732971191,15.279999732971191,2127,0.0,0.0,0.0
2024-04-30 05:15:00+00:00,15.279999732971191,15.279999732971191,15.279999732971191,15.279999732971191,7000,0.0,0.0,0.0
2024-04-30 05:20:00+00:00,15.279999732971191,15.289999961853027,15.279999732971191,15.289999961853027,103000,0.0,0.0,0.0
2024-05-02 01:00:00+00:00,15.270000457763672,15.359999656677246,15.270000457763672,15.350000381469727,0,0.0,0.0,0.0
2024-05-02 01:05:00+00:00,15.359999656677246,15.359999656677246,15.350000381469727,15.359999656677246,318971,0.0,0.0,0.0
2024-05-02 01:10:00+00:00,15.350000381469727,15.350000381469727,15.329999923706055,15.329999923706055,179027,0.0,0.0,0.0
2024-05-02 01:15:00+00:00,15.329999923706055,15.34000015258789,15.329999923706055,15.329999923706055,0,0.0,0.0,0.0
2024-05-02 01:20:00+00:00,15.34000015258789,15.34000015258789,15.329999923706055,15.329999923706055,764708,0.0,0.0,0.0
2024-05-02 01:25:00+00:00,15.319999694824219,15.319999694824219,15.289999961853027,15.289999961853027,209606,0.0,0.0,0.0
2024-05-02 01:30:00+00:00,15.270000457763672,15.270000457763672,15.270000457763672,15.270000457763672,8340,0.0,0.0,0.0
2024-05-02 01:35:00+00:00,15.25,15.260000228881836,15.25,15.260000228881836,2135,0.0,0.0,0.0
2024-05-02 01:40:00+00:00,15.270000457763672,15.270000457763672,15.270000457763672,15.270000457763672,72100,0.0,0.0,0.0
2024-05-02 01:45:00+00:00,15.260000228881836,15.260000228881836,15.25,15.25,16332,0.0,0.0,0.0
2024-05-02 01:50:00+00:00,15.25,15.25,15.25,15.25,6267,0.0,0.0,0.0
2024-05-02 01:55:00+00:00,15.25,15.25,15.239999771118164,15.25,11755,0.0,0.0,0.0
2024-05-02 02:00:00+00:00,15.25,15.260000228881836,15.25,15.260000228881836,61834,0.0,0.0,0.0
2024-05-02 02:05:00+00:00,15.260000228881836,15.260000228881836,15.260000228881836,15.260000228881836,6070,0.0,0.0,0.0
2024-05-02 02:10:00+00:00,15.239999771118164,15.239999771118164,15.239999771118164,15.239999771118164,80442,0.0,0.0,0.0
2024-05-02 02:15:00+00:00,15.239999771118164,15.239999771118164,15.239999771118164,15.239999771118164,0,0.0,0.0,0.0
2024-05-02 02:20:00+00:00,15.229999542236328,15.229999542236328,15.210000038146973,15.210000038146973,1252444,0.0,0.0,0.0
2024-05-02 02:25:00+00:00,15.210000038146973,15.210000038146973,15.210000038146973,15.210000038146973,3000,0.0,0.0,0.0
2024-05-02 02:30:00+00:00,15.220000267028809,15.220000267028809,15.220000267028809,15.220000267028809,5000,0.0,0.0,0.0
2024-05-02 02:35:00+00:00,15.210000038146973,15.210000038146973,15.199999809265137,15.199999809265137,33000,0.0,0.0,0.0
2024-05-02 02:40:00+00:00,15.199999809265137,15.239999771118164,15.199999809265137,15.239999771118164,43117,0.0,0.0,0.0
2024-05-02 02:55:00+00:00,15.239999771118164,15.239999771118164,15.239999771118164,15.239999771118164,3300,0.0,0.0,0.0
2024-05-02 03:00:00+00:00,15.239999771118164,15.239999771118164,15.239999771118164,15.239999771118164,1112,0.0,0.0,0.0
2024-05-02 03:05:00+00:00,15.239999771118164,15.239999771118164,15.239999771118164,15.239999771118164,1000,0.0,0.0,0.0
2024-05-02 03:15:00+00:00,15.239999771118164,15.25,15.239999771118164,15.25,69476,0.0,0.0,0.0
2024-05-02 03:20:00+00:00,15.260000228881836,15.260000228881836,15.260000228881836,15.260000228881836,9524,0.0,0.0,0.0
2024-05-02 03:25:00+00:00,15.260000228881836,15.260000228881836,15.260000228881836,15.260000228881836,45000,0.0,0.0,0.0
2024-05-02 03:30:00+00:00,15.25,15.260000228881836,15.239999771118164,15.239999771118164,18120,0.0,0.0,0.0
2024-05-02 03:40:00+00:00,15.239999771118164,15.239999771118164,15.239999771118164,15.239999771118164,4106,0.0,0.0,0.0
2024-05-02 03:55:00+00:00,15.239999771118164,15.239999771118164,15.239999771118164,15.239999771118164,3100,0.0,0.0,0.0
2024-05-02 04:00:00+00:00,15.239999771118164,15.239999771118164,15.239999771118164,15.239999771118164,7000,0.0,0.0,0.0
2024-05-02 04:05:00+00:00,15.239999771118164,15.25,15.239999771118164,15.25,12097,0.0,0.0,0.0
2024-05-02 04:15:00+00:00,15.25,15.25,15.239999771118164,15.239999771118164,3320,0.0,0.0,0.0
2024-05-02 04:20:00+00:00,15.239999771118164,15.239999771118164,15.239999771118164,15.239999771118164,1007,0.0,0.0,0.0
2024-05-02 04:25:00+00:00,15.239999771118164,15.239999771118164,15.239999771118164,15.239999771118164,2188,0.0,0.0,0.0
2024-05-02 04:40:00+00:00,15.239999771118164,15.239999771118164,15.239999771118164,15.239999771118164,10000,0.0,0.0,0.0
2024-05-02 04:45:00+00:00,15.25,15.270000457763672,15.25,15.270000457763672,38191,0.0,0.0,0.0
2024-05-02 04:50:00+00:00,15.239999771118164,15.239999771118164,15.239999771118164,15.239999771118164,2000,0.0,0.0,0.0
2024-05-02 04:55:00+00:00,15.239999771118164,15.239999771118164,15.239999771118164,15.239999771118164,1000,0.0,0.0,0.0
2024-05-02 05:00:00+00:00,15.239999771118164,15.239999771118164,15.229999542236328,15.229999542236328,53543,0.0,0.0,0.0
2024-05-02 05:05:00+00:00,15.239999771118164,15.239999771118164,15.229999542236328,15.229999542236328,11326,0.0,0.0,0.0
2024-05-02 05:10:00+00:00,15.229999542236328,15.229999542236328,15.229999542236328,15.229999542236328,4700,0.0,0.0,0.0
2024-05-02 05:15:00+00:00,15.229999542236328,15.229999542236328,15.229999542236328,15.229999542236328,21330,0.0,0.0,0.0
2024-05-02 05:20:00+00:00,15.229999542236328,15.229999542236328,15.229999542236328,15.229999542236328,32200,0.0,0.0,0.0
2024-05-03 01:00:00+00:00,15.289999961853027,15.3100004196167,15.289999961853027,15.300000190734863,35000,0.0,0.0,0.0
2024-05-03 01:05:00+00:00,15.300000190734863,15.329999923706055,15.300000190734863,15.300000190734863,53000,0.0,0.0,0.0
2024-05-03 01:10:00+00:00,15.3100004196167,15.3100004196167,15.270000457763672,15.270000457763672,14457,0.0,0.0,0.0
2024-05-03 01:15:00+00:00,15.270000457763672,15.270000457763672,15.270000457763672,15.270000457763672,121065,0.0,0.0,0.0
2024-05-03 01:20:00+00:00,15.270000457763672,15.270000457763672,15.260000228881836,15.260000228881836,75383,0.0,0.0,0.0
2024-05-03 01:25:00+00:00,15.260000228881836,15.279999732971191,15.25,15.279999732971191,313050,0.0,0.0,0.0
2024-05-03 01:30:00+00:00,15.279999732971191,15.289999961853027,15.270000457763672,15.279999732971191,9867,0.0,0.0,0.0
2024-05-03 01:35:00+00:00,15.289999961853027,15.300000190734863,15.289999961853027,15.300000190734863,53200,0.0,0.0,0.0
2024-05-03 01:40:00+00:00,15.289999961853027,15.289999961853027,15.289999961853027,15.289999961853027,2030,0.0,0.0,0.0
2024-05-03 01:45:00+00:00,15.289999961853027,15.289999961853027,15.289999961853027,15.289999961853027,25115,0.0,0.0,0.0
2024-05-03 01:50:00+00:00,15.300000190734863,15.300000190734863,15.300000190734863,15.300000190734863,52010,0.0,0.0,0.0
2024-05-03 01:55:00+00:00,15.300000190734863,15.3100004196167,15.279999732971191,15.279999732971191,207000,0.0,0.0,0.0
2024-05-03 02:00:00+00:00,15.289999961853027,15.300000190734863,15.289999961853027,15.289999961853027,8300,0.0,0.0,0.0
2024-05-03 02:05:00+00:00,15.300000190734863,15.300000190734863,15.300000190734863,15.300000190734863,9300,0.0,0.0,0.0
2024-05-03 02:10:00+00:00,15.3100004196167,15.3100004196167,15.300000190734863,15.300000190734863,6012,0.0,0.0,0.0
2024-05-03 02:15:00+00:00,15.3100004196167,15.3100004196167,15.289999961853027,15.289999961853027,5100,0.0,0.0,0.0
2024-05-03 02:20:00+00:00,15.289999961853027,15.289999961853027,15.270000457763672,15.270000457763672,104650,0.0,0.0,0.0
2024-05-03 02:25:00+00:00,15.270000457763672,15.270000457763672,15.270000457763672,15.270000457763672,3209,0.0,0.0,0.0
2024-05-03 02:30:00+00:00,15.270000457763672,15.279999732971191,15.270000457763672,15.279999732971191,121109,0.0,0.0,0.0
2024-05-03 02:35:00+00:00,15.270000457763672,15.270000457763672,15.270000457763672,15.270000457763672,1000,0.0,0.0,0.0
2024-05-03 02:40:00+00:00,15.270000457763672,15.279999732971191,15.270000457763672,15.279999732971191,2299,0.0,0.0,0.0
2024-05-03 02:45:00+00:00,15.279999732971191,15.289999961853027,15.279999732971191,15.289999961853027,4923,0.0,0.0,0.0
2024-05-03 02:55:00+00:00,15.289999961853027,15.289999961853027,15.289999961853027,15.289999961853027,131100,0.0,0.0,0.0
2024-05-03 03:00:00+00:00,15.300000190734863,15.300000190734863,15.289999961853027,15.289999961853027,4000,0.0,0.0,0.0
2024-05-03 03:10:00+00:00,15.279999732971191,15.279999732971191,15.279999732971191,15.279999732971191,20045,0.0,0.0,0.0
2024-05-03 03:15:00+00:00,15.279999732971191,15.289999961853027,15.279999732971191,15.289999961853027,15000,0.0,0.0,0.0
2024-05-03 03:20:00+00:00,15.289999961853027,15.289999961853027,15.289999961853027,15.289999961853027,7009,0.0,0.0,0.0
2024-05-03 03:30:00+00:00,15.289999961853027,15.289999961853027,15.279999732971191,15.279999732971191,40000,0.0,0.0,0.0
2024-05-03 03:40:00+00:00,15.270000457763672,15.270000457763672,15.270000457763672,15.270000457763672,2000,0.0,0.0,0.0
2024-05-03 03:45:00+00:00,15.279999732971191,15.279999732971191,15.279999732971191,15.279999732971191,1083,0.0,0.0,0.0
2024-05-03 03:50:00+00:00,15.279999732971191,15.279999732971191,15.279999732971191,15.279999732971191,1000,0.0,0.0,0.0
2024-05-03 04:00:00+00:00,15.270000457763672,15.270000457763672,15.270000457763672,15.270000457763672,1000,0.0,0.0,0.0
2024-05-03 04:10:00+00:00,15.270000457763672,15.279999732971191,15.270000457763672,15.279999732971191,2550,0.0,0.0,0.0
2024-05-03 04:15:00+00:00,15.270000457763672,15.270000457763672,15.270000457763672,15.270000457763672,2000,0.0,0.0,0.0
2024-05-03 04:20:00+00:00,15.270000457763672,15.279999732971191,15.270000457763672,15.279999732971191,4100,0.0,0.0,0.0
2024-05-03 04:25:00+00:00,15.260000228881836,15.260000228881836,15.260000228881836,15.260000228881836,47000,0.0,0.0,0.0
2024-05-03 04:30:00+00:00,15.260000228881836,15.260000228881836,15.239999771118164,15.239999771118164,52665,0.0,0.0,0.0
2024-05-03 04:35:00+00:00,15.239999771118164,15.25,15.239999771118164,15.25,3020,0.0,0.0,0.0
2024-05-03 04:40:00+00:00,15.260000228881836,15.260000228881836,15.260000228881836,15.260000228881836,8000,0.0,0.0,0.0
2024-05-03 04:45:00+00:00,15.25,15.260000228881836,15.25,15.25,58644,0.0,0.0,0.0
2024-05-03 04:50:00+00:00,15.229999542236328,15.229999542236328,15.210000038146973,15.210000038146973,104116,0.0,0.0,0.0
2024-05-03 04:55:00+00:00,15.210000038146973,15.210000038146973,15.1899995803833,15.199999809265137,36145,0.0,0.0,0.0
2024-05-03 05:00:00+00:00,15.199999809265137,15.199999809265137,15.199999809265137,15.199999809265137,5000,0.0,0.0,0.0
2024-05-03 05:05:00+00:00,15.199999809265137,15.220000267028809,15.199999809265137,15.199999809265137,56235,0.0,0.0,0.0
2024-05-03 05:10:00+00:00,15.199999809265137,15.210000038146973,15.199999809265137,15.210000038146973,3220,0.0,0.0,0.0
2024-05-03 05:15:00+00:00,15.210000038146973,15.210000038146973,15.199999809265137,15.199999809265137,11200,0.0,0.0,0.0
2024-05-03 05:20:00+00:00,15.210000038146973,15.229999542236328,15.210000038146973,15.229999542236328,18361,0.0,0.0,0.0
2024-05-06 01:00:00+00:00,15.289999961853027,15.329999923706055,15.25,15.25,0,0.0,0.0,0.0
2024-05-06 01:05:00+00:00,15.25,15.25,15.239999771118164,15.239999771118164,217000,0.0,0.0,0.0
2024-05-06 01:10:00+00:00,15.260000228881836,15.300000190734863,15.260000228881836,15.300000190734863,97320,0.0,0.0,0.0
2024-05-06 01:15:00+00:00,15.3100004196167,15.3100004196167,15.300000190734863,15.300000190734863,6428,0.0,0.0,0.0
2024-05-06 01:20:00+00:00,15.300000190734863,15.3100004196167,15.300000190734863,15.3100004196167,126038,0.0,0.0,0.0
2024-05-06 01:25:00+00:00,15.319999694824219,15.319999694824219,15.319999694824219,15.319999694824219,36600,0.0,0.0,0.0
2024-05-06 01:30:00+00:00,15.329999923706055,15.329999923706055,15.329999923706055,15.329999923706055,63817,0.0,0.0,0.0
2024-05-06 01:35:00+00:00,15.34000015258789,15.380000114440918,15.34000015258789,15.380000114440918,328947,0.0,0.0,0.0
2024-05-06 01:40:00+00:00,15.380000114440918,15.380000114440918,15.380000114440918,15.380000114440918,1005,0.0,0.0,0.0
2024-05-06 01:45:00+00:00,15.380000114440918,15.380000114440918,15.380000114440918,15.380000114440918,24912,0.0,0.0,0.0
2024-05-06 01:50:00+00:00,15.369999885559082,15.380000114440918,15.369999885559082,15.380000114440918,99420,0.0,0.0,0.0
2024-05-06 01:55:00+00:00,15.380000114440918,15.4399995803833,15.380000114440918,15.4399995803833,223329,0.0,0.0,0.0
2024-05-06 02:00:00+00:00,15.4399995803833,15.460000038146973,15.4399995803833,15.449999809265137,195648,0.0,0.0,0.0
2024-05-06 02:05:00+00:00,15.4399995803833,15.460000038146973,15.4399995803833,15.460000038146973,178851,0.0,0.0,0.0
2024-05-06 02:10:00+00:00,15.4399995803833,15.470000267028809,15.4399995803833,15.470000267028809,174161,0.0,0.0,0.0
2024-05-06 02:15:00+00:00,15.470000267028809,15.470000267028809,15.4399995803833,15.4399995803833,54562,0.0,0.0,0.0
2024-05-06 02:20:00+00:00,15.4399995803833,15.4399995803833,15.430000305175781,15.430000305175781,55200,0.0,0.0,0.0
2024-05-06 02:25:00+00:00,15.430000305175781,15.430000305175781,15.430000305175781,15.430000305175781,2000,0.0,0.0,0.0
2024-05-06 02:30:00+00:00,15.430000305175781,15.430000305175781,15.40999984741211,15.40999984741211,6050,0.0,0.0,0.0
2024-05-06 02:35:00+00:00,15.399999618530273,15.399999618530273,15.390000343322754,15.390000343322754,48010,0.0,0.0,0.0
2024-05-06 02:40:00+00:00,15.390000343322754,15.399999618530273,15.390000343322754,15.390000343322754,23106,0.0,0.0,0.0
2024-05-06 02:45:00+00:00,15.399999618530273,15.399999618530273,15.380000114440918,15.380000114440918,99639,0.0,0.0,0.0
2024-05-06 02:50:00+00:00,15.380000114440918,15.390000343322754,15.380000114440918,15.390000343322754,27100,0.0,0.0,0.0
2024-05-06 02:55:00+00:00,15.390000343322754,15.399999618530273,15.390000343322754,15.399999618530273,30000,0.0,0.0,0.0
2024-05-06 03:00:00+00:00,15.40999984741211,15.40999984741211,15.40999984741211,15.40999984741211,13445,0.0,0.0,0.0
2024-05-06 03:05:00+00:00,15.399999618530273,15.40999984741211,15.399999618530273,15.40999984741211,5005,0.0,0.0,0.0
2024-05-06 03:15:00+00:00,15.40999984741211,15.40999984741211,15.40999984741211,15.40999984741211,3095,0.0,0.0,0.0
2024-05-06 03:20:00+00:00,15.399999618530273,15.40999984741211,15.399999618530273,15.40999984741211,6200,0.0,0.0,0.0
2024-05-06 03:25:00+00:00,15.420000076293945,15.420000076293945,15.420000076293945,15.420000076293945,12000,0.0,0.0,0.0
2024-05-06 03:30:00+00:00,15.420000076293945,15.420000076293945,15.40999984741211,15.40999984741211,50095,0.0,0.0,0.0
2024-05-06 03:35:00+00:00,15.40999984741211,15.40999984741211,15.40999984741211,15.40999984741211,1000,0.0,0.0,0.0
2024-05-06 03:40:00+00:00,15.399999618530273,15.40999984741211,15.399999618530273,15.40999984741211,32191,0.0,0.0,0.0
2024-05-06 03:45:00+00:00,15.399999618530273,15.399999618530273,15.399999618530273,15.399999618530273,155100,0.0,0.0,0.0
2024-05-06 03:50:00+00:00,15.399999618530273,15.399999618530273,15.399999618530273,15.399999618530273,20100,0.0,0.0,0.0
2024-05-06 03:55:00+00:00,15.390000343322754,15.390000343322754,15.390000343322754,15.390000343322754,6350,0.0,0.0,0.0
2024-05-06 04:00:00+00:00,15.399999618530273,15.399999618530273,15.399999618530273,15.399999618530273,1050,0.0,0.0,0.0
2024-05-06 04:05:00+00:00,15.390000343322754,15.390000343322754,15.390000343322754,15.390000343322754,3100,0.0,0.0,0.0
2024-05-06 04:10:00+00:00,15.390000343322754,15.399999618530273,15.390000343322754,15.399999618530273,72099,0.0,0.0,0.0
2024-05-06 04:15:00+00:00,15.399999618530273,15.399999618530273,15.399999618530273,15.399999618530273,1626,0.0,0.0,0.0
2024-05-06 04:20:00+00:00,15.399999618530273,15.399999618530273,15.399999618530273,15.399999618530273,26020,0.0,0.0,0.0
2024-05-06 04:25:00+00:00,15.40999984741211,15.40999984741211,15.399999618530273,15.399999618530273,35100,0.0,0.0,0.0
2024-05-06 04:30:00+00:00,15.40999984741211,15.40999984741211,15.40999984741211,15.40999984741211,5423,0.0,0.0,0.0
2024-05-06 04:35:00+00:00,15.399999618530273,15.399999618530273,15.399999618530273,15.399999618530273,5000,0.0,0.0,0.0
2024-05-06 04:40:00+00:00,15.390000343322754,15.399999618530273,15.390000343322754,15.399999618530273,15275,0.0,0.0,0.0
2024-05-06 04:45:00+00:00,15.399999618530273,15.399999618530273,15.390000343322754,15.390000343322754,5046,0.0,0.0,0.0
2024-05-06 04:50:00+00:00,15.390000343322754,15.390000343322754,15.390000343322754,15.390000343322754,90107,0.0,0.0,0.0
2024-05-06 04:55:00+00:00,15.390000343322754,15.390000343322754,15.390000343322754,15.390000343322754,13466,0.0,0.0,0.0
2024-05-06 05:00:00+00:00,15.390000343322754,15.390000343322754,15.390000343322754,15.390000343322754,3000,0.0,0.0,0.0
2024-05-06 05:05:00+00:00,15.390000343322754,15.390000343322754,15.390000343322754,15.390000343322754,7280,0.0,0.0,0.0
2024-05-06 05:10:00+00:00,15.390000343322754,15.399999618530273,15.390000343322754,15.399999618530273,94723,0.0,0.0,0.0
2024-05-06 05:15:00+00:00,15.399999618530273,15.399999618530273,15.399999618530273,15.399999618530273,15386,0.0,0.0,0.0
2024-05-06 05:20:00+00:00,15.399999618530273,15.399999618530273,15.399999618530273,15.399999618530273,39584,0.0,0.0,0.0
2024-05-07 01:00:00+00:00,15.40999984741211,15.449999809265137,15.40999984741211,15.40999984741211,56000,0.0,0.0,0.0
2024-05-07 01:05:00+00:00,15.40999984741211,15.4399995803833,15.40999984741211,15.430000305175781,62635,0.0,0.0,0.0
2024-05-07 01:10:00+00:00,15.430000305175781,15.430000305175781,15.420000076293945,15.420000076293945,59064,0.0,0.0,0.0
2024-05-07 01:15:00+00:00,15.40999984741211,15.40999984741211,15.399999618530273,15.399999618530273,16230,0.0,0.0,0.0
2024-05-07 01:20:00+00:00,15.399999618530273,15.40999984741211,15.390000343322754,15.40999984741211,73277,0.0,0.0,0.0
2024-05-07 01:25:00+00:00,15.40999984741211,15.40999984741211,15.40999984741211,15.40999984741211,8062,0.0,0.0,0.0
2024-05-07 01:30:00+00:00,15.420000076293945,15.4399995803833,15.420000076293945,15.4399995803833,70178,0.0,0.0,0.0
2024-05-07 01:35:00+00:00,15.4399995803833,15.4399995803833,15.430000305175781,15.430000305175781,4088,0.0,0.0,0.0
2024-05-07 01:40:00+00:00,15.420000076293945,15.430000305175781,15.40999984741211,15.40999984741211,27329,0.0,0.0,0.0
2024-05-07 01:45:00+00:00,15.40999984741211,15.40999984741211,15.40999984741211,15.40999984741211,6001,0.0,0.0,0.0
2024-05-07 01:50:00+00:00,15.420000076293945,15.420000076293945,15.420000076293945,15.420000076293945,9736,0.0,0.0,0.0
2024-05-07 01:55:00+00:00,15.40999984741211,15.40999984741211,15.40999984741211,15.40999984741211,15594,0.0,0.0,0.0
2024-05-07 02:00:00+00:00,15.399999618530273,15.40999984741211,15.399999618530273,15.40999984741211,6000,0.0,0.0,0.0
2024-05-07 02:05:00+00:00,15.40999984741211,15.40999984741211,15.399999618530273,15.399999618530273,60020,0.0,0.0,0.0
2024-05-07 02:10:00+00:00,15.399999618530273,15.399999618530273,15.390000343322754,15.390000343322754,38170,0.0,0.0,0.0
2024-05-07 02:15:00+00:00,15.380000114440918,15.380000114440918,15.350000381469727,15.350000381469727,188180,0.0,0.0,0.0
2024-05-07 02:20:00+00:00,15.350000381469727,15.350000381469727,15.350000381469727,15.350000381469727,18148,0.0,0.0,0.0
2024-05-07 02:25:00+00:00,15.359999656677246,15.380000114440918,15.359999656677246,15.380000114440918,85153,0.0,0.0,0.0
2024-05-07 02:30:00+00:00,15.390000343322754,15.390000343322754,15.390000343322754,15.390000343322754,1678,0.0,0.0,0.0
2024-05-07 02:40:00+00:00,15.390000343322754,15.390000343322754,15.390000343322754,15.390000343322754,35050,0.0,0.0,0.0
2024-05-07 02:45:00+00:00,15.390000343322754,15.390000343322754,15.390000343322754,15.390000343322754,7000,0.0,0.0,0.0
2024-05-07 02:50:00+00:00,15.390000343322754,15.390000343322754,15.390000343322754,15.390000343322754,3000,0.0,0.0,0.0
2024-05-07 02:55:00+00:00,15.390000343322754,15.390000343322754,15.390000343322754,15.390000343322754,8100,0.0,0.0,0.0
2024-05-07 03:00:00+00:00,15.390000343322754,15.390000343322754,15.390000343322754,15.390000343322754,51790,0.0,0.0,0.0
2024-05-07 03:05:00+00:00,15.390000343322754,15.399999618530273,15.390000343322754,15.399999618530273,37552,0.0,0.0,0.0
2024-05-07 03:20:00+00:00,15.390000343322754,15.390000343322754,15.390000343322754,15.390000343322754,8000,0.0,0.0,0.0
2024-05-07 03:30:00+00:00,15.390000343322754,15.399999618530273,15.390000343322754,15.399999618530273,36230,0.0,0.0,0.0
2024-05-07 03:35:00+00:00,15.399999618530273,15.399999618530273,15.399999618530273,15.399999618530273,2290,0.0,0.0,0.0
2024-05-07 03:40:00+00:00,15.399999618530273,15.399999618530273,15.399999618530273,15.399999618530273,2057,0.0,0.0,0.0
2024-05-07 03:45:00+00:00,15.399999618530273,15.399999618530273,15.390000343322754,15.390000343322754,41091,0.0,0.0,0.0
2024-05-07 03:50:00+00:00,15.390000343322754,15.390000343322754,15.390000343322754,15.390000343322754,1176,0.0,0.0,0.0
2024-05-07 04:00:00+00:00,15.399999618530273,15.399999618530273,15.399999618530273,15.399999618530273,18841,0.0,0.0,0.0
2024-05-07 04:05:00+00:00,15.399999618530273,15.399999618530273,15.399999618530273,15.399999618530273,8135,0.0,0.0,0.0
2024-05-07 04:10:00+00:00,15.40999984741211,15.420000076293945,15.40999984741211,15.420000076293945,49137,0.0,0.0,0.0
2024-05-07 04:20:00+00:00,15.40999984741211,15.40999984741211,15.40999984741211,15.40999984741211,1020,0.0,0.0,0.0
2024-05-07 04:25:00+00:00,15.40999984741211,15.40999984741211,15.40999984741211,15.40999984741211,3839,0.0,0.0,0.0
2024-05-07 04:30:00+00:00,15.399999618530273,15.399999618530273,15.399999618530273,15.399999618530273,5000,0.0,0.0,0.0
2024-05-07 04:35:00+00:00,15.399999618530273,15.399999618530273,15.399999618530273,15.399999618530273,1928,0.0,0.0,0.0
2024-05-07 04:45:00+00:00,15.399999618530273,15.399999618530273,15.399999618530273,15.399999618530273,22500,0.0,0.0,0.0
2024-05-07 04:50:00+00:00,15.399999618530273,15.399999618530273,15.399999618530273,15.399999618530273,2300,0.0,0.0,0.0
2024-05-07 04:55:00+00:00,15.390000343322754,15.390000343322754,15.390000343322754,15.390000343322754,5700,0.0,0.0,0.0
2024-05-07 05:00:00+00:00,15.390000343322754,15.390000343322754,15.390000343322754,15.390000343322754,8022,0.0,0.0,0.0
2024-05-07 05:05:00+00:00,15.380000114440918,15.380000114440918,15.380000114440918,15.380000114440918,1000,0.0,0.0,0.0
2024-05-07 05:10:00+00:00,15.380000114440918,15.380000114440918,15.380000114440918,15.380000114440918,7358,0.0,0.0,0.0
2024-05-07 05:15:00+00:00,15.390000343322754,15.390000343322754,15.380000114440918,15.380000114440918,2050,0.0,0.0,0.0
2024-05-07 05:20:00+00:00,15.380000114440918,15.380000114440918,15.369999885559082,15.369999885559082,212189,0.0,0.0,0.0
2024-05-08 01:00:00+00:00,15.369999885559082,15.399999618530273,15.369999885559082,15.390000343322754,24000,0.0,0.0,0.0
2024-05-08 01:05:00+00:00,15.390000343322754,15.390000343322754,15.390000343322754,15.390000343322754,7000,0.0,0.0,0.0
2024-05-08 01:10:00+00:00,15.390000343322754,15.390000343322754,15.359999656677246,15.359999656677246,141880,0.0,0.0,0.0
2024-05-08 01:15:00+00:00,15.359999656677246,15.359999656677246,15.359999656677246,15.359999656677246,4160,0.0,0.0,0.0
2024-05-08 01:20:00+00:00,15.350000381469727,15.350000381469727,15.319999694824219,15.319999694824219,20655,0.0,0.0,0.0
2024-05-08 01:25:00+00:00,15.3100004196167,15.329999923706055,15.300000190734863,15.329999923706055,37339,0.0,0.0,0.0
2024-05-08 01:30:00+00:00,15.329999923706055,15.329999923706055,15.3100004196167,15.3100004196167,61000,0.0,0.0,0.0
2024-05-08 01:35:00+00:00,15.319999694824219,15.34000015258789,15.319999694824219,15.34000015258789,3800,0.0,0.0,0.0
2024-05-08 01:40:00+00:00,15.34000015258789,15.369999885559082,15.329999923706055,15.369999885559082,168781,0.0,0.0,0.0
2024-05-08 01:45:00+00:00,15.369999885559082,15.399999618530273,15.369999885559082,15.390000343322754,117952,0.0,0.0,0.0
2024-05-08 01:50:00+00:00,15.399999618530273,15.399999618530273,15.369999885559082,15.369999885559082,23410,0.0,0.0,0.0
2024-05-08 01:55:00+00:00,15.380000114440918,15.380000114440918,15.359999656677246,15.380000114440918,27594,0.0,0.0,0.0
2024-05-08 02:05:00+00:00,15.369999885559082,15.369999885559082,15.369999885559082,15.369999885559082,1397,0.0,0.0,0.0
2024-05-08 02:10:00+00:00,15.369999885559082,15.369999885559082,15.359999656677246,15.359999656677246,73125,0.0,0.0,0.0
2024-05-08 02:15:00+00:00,15.350000381469727,15.350000381469727,15.350000381469727,15.350000381469727,12514,0.0,0.0,0.0
2024-05-08 02:20:00+00:00,15.34000015258789,15.34000015258789,15.34000015258789,15.34000015258789,7068,0.0,0.0,0.0
2024-05-08 02:25:00+00:00,15.329999923706055,15.34000015258789,15.329999923706055,15.34000015258789,15023,0.0,0.0,0.0
2024-05-08 02:30:00+00:00,15.34000015258789,15.34000015258789,15.34000015258789,15.34000015258789,1200,0.0,0.0,0.0
2024-05-08 02:35:00+00:00,15.329999923706055,15.329999923706055,15.319999694824219,15.319999694824219,11736,0.0,0.0,0.0
2024-05-08 02:45:00+00:00,15.329999923706055,15.359999656677246,15.329999923706055,15.359999656677246,23000,0.0,0.0,0.0
2024-05-08 02:50:00+00:00,15.34000015258789,15.350000381469727,15.34000015258789,15.350000381469727,3000,0.0,0.0,0.0
2024-05-08 02:55:00+00:00,15.34000015258789,15.34000015258789,15.34000015258789,15.34000015258789,1000,0.0,0.0,0.0
2024-05-08 03:00:00+00:00,15.34000015258789,15.34000015258789,15.34000015258789,15.34000015258789,4000,0.0,0.0,0.0
2024-05-08 03:05:00+00:00,15.34000015258789,15.34000015258789,15.34000015258789,15.34000015258789,31282,0.0,0.0,0.0
2024-05-08 03:10:00+00:00,15.34000015258789,15.34000015258789,15.34000015258789,15.34000015258789,1100,0.0,0.0,0.0
2024-05-08 03:15:00+00:00,15.350000381469727,15.359999656677246,15.350000381469727,15.359999656677246,11031,0.0,0.0,0.0
2024-05-08 03:20:00+00:00,15.350000381469727,15.350000381469727,15.350000381469727,15.350000381469727,2040,0.0,0.0,0.0
2024-05-08 03:25:00+00:00,15.350000381469727,15.350000381469727,15.350000381469727,15.350000381469727,1023,0.0,0.0,0.0
2024-05-08 03:30:00+00:00,15.34000015258789,15.34000015258789,15.34000015258789,15.34000015258789,1049,0.0,0.0,0.0
2024-05-08 03:35:00+00:00,15.350000381469727,15.350000381469727,15.34000015258789,15.34000015258789,29281,0.0,0.0,0.0
2024-05-08 03:40:00+00:00,15.350000381469727,15.359999656677246,15.350000381469727,15.359999656677246,2272,0.0,0.0,0.0
2024-05-08 03:55:00+00:00,15.34000015258789,15.34000015258789,15.34000015258789,15.34000015258789,2392,0.0,0.0,0.0
2024-05-08 04:00:00+00:00,15.34000015258789,15.34000015258789,15.34000015258789,15.34000015258789,4100,0.0,0.0,0.0
2024-05-08 04:05:00+00:00,15.34000015258789,15.350000381469727,15.34000015258789,15.350000381469727,32032,0.0,0.0,0.0
2024-05-08 04:10:00+00:00,15.359999656677246,15.369999885559082,15.359999656677246,15.369999885559082,79370,0.0,0.0,0.0
2024-05-08 04:15:00+00:00,15.369999885559082,15.369999885559082,15.369999885559082,15.369999885559082,2015,0.0,0.0,0.0
2024-05-08 04:20:00+00:00,15.359999656677246,15.359999656677246,15.350000381469727,15.350000381469727,11000,0.0,0.0,0.0
2024-05-08 04:25:00+00:00,15.359999656677246,15.369999885559082,15.359999656677246,15.369999885559082,18113,0.0,0.0,0.0
2024-05-08 04:30:00+00:00,15.380000114440918,15.380000114440918,15.380000114440918,15.380000114440918,1198,0.0,0.0,0.0
2024-05-08 04:35:00+00:00,15.369999885559082,15.369999885559082,15.369999885559082,15.369999885559082,1620,0.0,0.0,0.0
2024-05-08 04:40:00+00:00,15.359999656677246,15.359999656677246,15.359999656677246,15.359999656677246,1237,0.0,0.0,0.0
2024-05-08 04:45:00+00:00,15.350000381469727,15.359999656677246,15.350000381469727,15.359999656677246,14000,0.0,0.0,0.0
2024-05-08 04:50:00+00:00,15.359999656677246,15.359999656677246,15.359999656677246,15.359999656677246,4334,0.0,0.0,0.0
2024-05-08 04:55:00+00:00,15.359999656677246,15.359999656677246,15.359999656677246,15.359999656677246,8015,0.0,0.0,0.0
2024-05-08 05:00:00+00:00,15.359999656677246,15.359999656677246,15.359999656677246,15.359999656677246,2456,0.0,0.0,0.0
2024-05-08 05:05:00+00:00,15.359999656677246,15.359999656677246,15.359999656677246,15.359999656677246,3000,0.0,0.0,0.0
2024-05-08 05:10:00+00:00,15.359999656677246,15.369999885559082,15.359999656677246,15.359999656677246,13010,0.0,0.0,0.0
2024-05-08 05:15:00+00:00,15.359999656677246,15.359999656677246,15.359999656677246,15.359999656677246,13100,0.0,0.0,0.0
2024-05-08 05:20:00+00:00,15.359999656677246,15.359999656677246,15.350000381469727,15.350000381469727,3361,0.0,0.0,0.0
2024-05-09 01:00:00+00:00,15.380000114440918,15.40999984741211,15.380000114440918,15.40999984741211,74840,0.0,0.0,0.0
2024-05-09 01:10:00+00:00,15.380000114440918,15.399999618530273,15.380000114440918,15.399999618530273,263030,0.0,0.0,0.0
2024-05-09 01:15:00+00:00,15.399999618530273,15.399999618530273,15.390000343322754,15.390000343322754,81040,0.0,0.0,0.0
2024-05-09 01:20:00+00:00,15.390000343322754,15.390000343322754,15.390000343322754,15.390000343322754,41497,0.0,0.0,0.0
2024-05-09 01:25:00+00:00,15.390000343322754,15.420000076293945,15.390000343322754,15.420000076293945,343080,0.0,0.0,0.0
2024-05-09 01:30:00+00:00,15.430000305175781,15.430000305175781,15.420000076293945,15.420000076293945,39158,0.0,0.0,0.0
2024-05-09 01:35:00+00:00,15.420000076293945,15.4399995803833,15.420000076293945,15.4399995803833,66888,0.0,0.0,0.0
2024-05-09 01:40:00+00:00,15.4399995803833,15.449999809265137,15.4399995803833,15.449999809265137,188020,0.0,0.0,0.0
2024-05-09 01:45:00+00:00,15.460000038146973,15.460000038146973,15.4399995803833,15.4399995803833,58772,0.0,0.0,0.0
2024-05-09 01:50:00+00:00,15.449999809265137,15.479999542236328,15.449999809265137,15.479999542236328,181128,0.0,0.0,0.0
2024-05-09 01:55:00+00:00,15.479999542236328,15.5,15.470000267028809,15.489999771118164,94263,0.0,0.0,0.0
2024-05-09 02:00:00+00:00,15.489999771118164,15.489999771118164,15.489999771118164,15.489999771118164,83100,0.0,0.0,0.0
2024-05-09 02:05:00+00:00,15.479999542236328,15.479999542236328,15.479999542236328,15.479999542236328,1500,0.0,0.0,0.0
2024-05-09 02:10:00+00:00,15.460000038146973,15.460000038146973,15.460000038146973,15.460000038146973,81000,0.0,0.0,0.0
2024-05-09 02:15:00+00:00,15.470000267028809,15.470000267028809,15.470000267028809,15.470000267028809,3417,0.0,0.0,0.0
2024-05-09 02:20:00+00:00,15.430000305175781,15.430000305175781,15.430000305175781,15.430000305175781,200000,0.0,0.0,0.0
2024-05-09 02:25:00+00:00,15.430000305175781,15.449999809265137,15.430000305175781,15.449999809265137,7300,0.0,0.0,0.0
2024-05-09 02:30:00+00:00,15.460000038146973,15.460000038146973,15.449999809265137,15.449999809265137,97472,0.0,0.0,0.0
2024-05-09 02:35:00+00:00,15.4399995803833,15.460000038146973,15.4399995803833,15.460000038146973,121100,0.0,0.0,0.0
2024-05-09 02:40:00+00:00,15.470000267028809,15.470000267028809,15.470000267028809,15.470000267028809,19270,0.0,0.0,0.0
2024-05-09 02:45:00+00:00,15.470000267028809,15.470000267028809,15.449999809265137,15.449999809265137,6032,0.0,0.0,0.0
2024-05-09 02:55:00+00:00,15.420000076293945,15.420000076293945,15.40999984741211,15.40999984741211,4000,0.0,0.0,0.0
2024-05-09 03:00:00+00:00,15.430000305175781,15.430000305175781,15.40999984741211,15.40999984741211,19000,0.0,0.0,0.0
2024-05-09 03:05:00+00:00,15.40999984741211,15.40999984741211,15.40999984741211,15.40999984741211,1199,0.0,0.0,0.0
2024-05-09 03:10:00+00:00,15.399999618530273,15.399999618530273,15.399999618530273,15.399999618530273,4019,0.0,0.0,0.0
2024-05-09 03:15:00+00:00,15.40999984741211,15.420000076293945,15.40999984741211,15.420000076293945,8000,0.0,0.0,0.0
2024-05-09 03:20:00+00:00,15.420000076293945,15.420000076293945,15.420000076293945,15.420000076293945,41000,0.0,0.0,0.0
2024-05-09 03:25:00+00:00,15.420000076293945,15.420000076293945,15.420000076293945,15.420000076293945,9140,0.0,0.0,0.0
2024-05-09 03:30:00+00:00,15.420000076293945,15.460000038146973,15.420000076293945,15.449999809265137,90897,0.0,0.0,0.0
2024-05-09 03:35:00+00:00,15.460000038146973,15.479999542236328,15.460000038146973,15.479999542236328,88049,0.0,0.0,0.0
2024-05-09 03:40:00+00:00,15.479999542236328,15.479999542236328,15.479999542236328,15.479999542236328,1030,0.0,0.0,0.0
2024-05-09 03:45:00+00:00,15.489999771118164,15.489999771118164,15.479999542236328,15.479999542236328,101060,0.0,0.0,0.0
2024-05-09 03:50:00+00:00,15.479999542236328,15.479999542236328,15.479999542236328,15.479999542236328,24000,0.0,0.0,0.0
2024-05-09 03:55:00+00:00,15.479999542236328,15.479999542236328,15.470000267028809,15.470000267028809,17772,0.0,0.0,0.0
2024-05-09 04:00:00+00:00,15.479999542236328,15.479999542236328,15.479999542236328,15.479999542236328,6401,0.0,0.0,0.0
2024-05-09 04:05:00+00:00,15.479999542236328,15.489999771118164,15.479999542236328,15.489999771118164,45673,0.0,0.0,0.0
2024-05-09 04:10:00+00:00,15.479999542236328,15.479999542236328,15.479999542236328,15.479999542236328,4050,0.0,0.0,0.0
2024-05-09 04:15:00+00:00,15.479999542236328,15.479999542236328,15.479999542236328,15.479999542236328,22000,0.0,0.0,0.0
2024-05-09 04:20:00+00:00,15.479999542236328,15.479999542236328,15.479999542236328,15.479999542236328,19000,0.0,0.0,0.0
2024-05-09 04:25:00+00:00,15.479999542236328,15.479999542236328,15.479999542236328,15.479999542236328,46200,0.0,0.0,0.0
2024-05-09 04:30:00+00:00,15.479999542236328,15.479999542236328,15.470000267028809,15.470000267028809,130159,0.0,0.0,0.0
2024-05-09 04:35:00+00:00,15.470000267028809,15.470000267028809,15.470000267028809,15.470000267028809,10100,0.0,0.0,0.0
2024-05-09 04:40:00+00:00,15.470000267028809,15.470000267028809,15.460000038146973,15.460000038146973,26624,0.0,0.0,0.0
2024-05-09 04:45:00+00:00,15.470000267028809,15.479999542236328,15.470000267028809,15.470000267028809,160200,0.0,0.0,0.0
2024-05-09 04:50:00+00:00,15.460000038146973,15.460000038146973,15.460000038146973,15.460000038146973,2100,0.0,0.0,0.0
2024-05-09 04:55:00+00:00,15.460000038146973,15.460000038146973,15.449999809265137,15.449999809265137,5438,0.0,0.0,0.0
2024-05-09 05:00:00+00:00,15.449999809265137,15.449999809265137,15.449999809265137,15.449999809265137,3000,0.0,0.0,0.0
2024-05-09 05:05:00+00:00,15.4399995803833,15.4399995803833,15.430000305175781,15.430000305175781,6872,0.0,0.0,0.0
2024-05-09 05:10:00+00:00,15.4399995803833,15.4399995803833,15.4399995803833,15.4399995803833,7267,0.0,0.0,0.0
2024-05-09 05:15:00+00:00,15.449999809265137,15.449999809265137,15.4399995803833,15.449999809265137,17000,0.0,0.0,0.0
2024-05-09 05:20:00+00:00,15.430000305175781,15.430000305175781,15.430000305175781,15.430000305175781,2900,0.0,0.0,0.0
2024-05-10 01:00:00+00:00,15.5,15.600000381469727,15.5,15.600000381469727,0,0.0,0.0,0.0
2024-05-10 01:05:00+00:00,15.600000381469727,15.65999984741211,15.600000381469727,15.65999984741211,138978,0.0,0.0,0.0
2024-05-10 01:10:00+00:00,15.65999984741211,15.65999984741211,15.640000343322754,15.65999984741211,228589,0.0,0.0,0.0
2024-05-10 01:15:00+00:00,15.65999984741211,15.699999809265137,15.649999618530273,15.699999809265137,149925,0.0,0.0,0.0
2024-05-10 01:20:00+00:00,15.699999809265137,15.710000038146973,15.699999809265137,15.710000038146973,133507,0.0,0.0,0.0
2024-05-10 01:25:00+00:00,15.710000038146973,15.720000267028809,15.710000038146973,15.720000267028809,95491,0.0,0.0,0.0
2024-05-10 01:30:00+00:00,15.710000038146973,15.729999542236328,15.699999809265137,15.729999542236328,68636,0.0,0.0,0.0
2024-05-10 01:35:00+00:00,15.720000267028809,15.739999771118164,15.720000267028809,15.739999771118164,189587,0.0,0.0,0.0
2024-05-10 01:40:00+00:00,15.75,15.760000228881836,15.75,15.760000228881836,74823,0.0,0.0,0.0
2024-05-10 01:45:00+00:00,15.760000228881836,15.800000190734863,15.760000228881836,15.770000457763672,377864,0.0,0.0,0.0
2024-05-10 01:50:00+00:00,15.770000457763672,15.779999732971191,15.760000228881836,15.779999732971191,75924,0.0,0.0,0.0
2024-05-10 01:55:00+00:00,15.779999732971191,15.779999732971191,15.770000457763672,15.779999732971191,88236,0.0,0.0,0.0
2024-05-10 02:00:00+00:00,15.779999732971191,15.789999961853027,15.779999732971191,15.789999961853027,48070,0.0,0.0,0.0
2024-05-10 02:05:00+00:00,15.789999961853027,15.8100004196167,15.779999732971191,15.800000190734863,216017,0.0,0.0,0.0
2024-05-10 02:10:00+00:00,15.800000190734863,15.800000190734863,15.789999961853027,15.800000190734863,31622,0.0,0.0,0.0
2024-05-10 02:15:00+00:00,15.789999961853027,15.789999961853027,15.789999961853027,15.789999961853027,22330,0.0,0.0,0.0
2024-05-10 02:20:00+00:00,15.789999961853027,15.789999961853027,15.779999732971191,15.789999961853027,45366,0.0,0.0,0.0
2024-05-10 02:25:00+00:00,15.789999961853027,15.789999961853027,15.789999961853027,15.789999961853027,104275,0.0,0.0,0.0
2024-05-10 02:30:00+00:00,15.800000190734863,15.800000190734863,15.800000190734863,15.800000190734863,387840,0.0,0.0,0.0
2024-05-10 02:35:00+00:00,15.800000190734863,15.800000190734863,15.800000190734863,15.800000190734863,56639,0.0,0.0,0.0
2024-05-10 02:40:00+00:00,15.800000190734863,15.800000190734863,15.800000190734863,15.800000190734863,97055,0.0,0.0,0.0
2024-05-10 02:45:00+00:00,15.800000190734863,15.800000190734863,15.800000190734863,15.800000190734863,39042,0.0,0.0,0.0
2024-05-10 02:50:00+00:00,15.800000190734863,15.800000190734863,15.789999961853027,15.800000190734863,242592,0.0,0.0,0.0
2024-05-10 02:55:00+00:00,15.800000190734863,15.8100004196167,15.800000190734863,15.800000190734863,80000,0.0,0.0,0.0
2024-05-10 03:00:00+00:00,15.800000190734863,15.819999694824219,15.800000190734863,15.8100004196167,22282,0.0,0.0,0.0
2024-05-10 03:05:00+00:00,15.819999694824219,15.819999694824219,15.819999694824219,15.819999694824219,91899,0.0,0.0,0.0
2024-05-10 03:10:00+00:00,15.819999694824219,15.829999923706055,15.819999694824219,15.829999923706055,162750,0.0,0.0,0.0
2024-05-10 03:15:00+00:00,15.829999923706055,15.84000015258789,15.829999923706055,15.829999923706055,69230,0.0,0.0,0.0
2024-05-10 03:20:00+00:00,15.829999923706055,15.829999923706055,15.829999923706055,15.829999923706055,95000,0.0,0.0,0.0
2024-05-10 03:25:00+00:00,15.829999923706055,15.829999923706055,15.800000190734863,15.819999694824219,853616,0.0,0.0,0.0
2024-05-10 03:30:00+00:00,15.819999694824219,15.819999694824219,15.819999694824219,15.819999694824219,20100,0.0,0.0,0.0
2024-05-10 03:35:00+00:00,15.819999694824219,15.829999923706055,15.8100004196167,15.829999923706055,59050,0.0,0.0,0.0
2024-05-10 03:40:00+00:00,15.829999923706055,15.829999923706055,15.829999923706055,15.829999923706055,11639,0.0,0.0,0.0
2024-05-10 03:45:00+00:00,15.829999923706055,15.829999923706055,15.829999923706055,15.829999923706055,36719,0.0,0.0,0.0
2024-05-10 03:50:00+00:00,15.829999923706055,15.829999923706055,15.819999694824219,15.829999923706055,79100,0.0,0.0,0.0
2024-05-10 03:55:00+00:00,15.84000015258789,15.84000015258789,15.829999923706055,15.84000015258789,72132,0.0,0.0,0.0
2024-05-10 04:00:00+00:00,15.84000015258789,15.84000015258789,15.84000015258789,15.84000015258789,3500,0.0,0.0,0.0
2024-05-10 04:05:00+00:00,15.84000015258789,15.84000015258789,15.84000015258789,15.84000015258789,12878,0.0,0.0,0.0
2024-05-10 04:10:00+00:00,15.850000381469727,15.850000381469727,15.84000015258789,15.850000381469727,93909,0.0,0.0,0.0
2024-05-10 04:15:00+00:00,15.850000381469727,15.850000381469727,15.850000381469727,15.850000381469727,32562,0.0,0.0,0.0
2024-05-10 04:20:00+00:00,15.850000381469727,15.859999656677246,15.850000381469727,15.859999656677246,11728,0.0,0.0,0.0
2024-05-10 04:25:00+00:00,15.859999656677246,15.869999885559082,15.859999656677246,15.869999885559082,81300,0.0,0.0,0.0
2024-05-10 04:30:00+00:00,15.869999885559082,15.880000114440918,15.869999885559082,15.880000114440918,98150,0.0,0.0,0.0
2024-05-10 04:35:00+00:00,15.880000114440918,15.880000114440918,15.869999885559082,15.869999885559082,14450,0.0,0.0,0.0
2024-05-10 04:40:00+00:00,15.880000114440918,15.890000343322754,15.880000114440918,15.880000114440918,27739,0.0,0.0,0.0
2024-05-10 04:45:00+00:00,15.869999885559082,15.880000114440918,15.869999885559082,15.880000114440918,25206,0.0,0.0,0.0
2024-05-10 04:50:00+00:00,15.880000114440918,15.890000343322754,15.880000114440918,15.890000343322754,71375,0.0,0.0,0.0
2024-05-10 04:55:00+00:00,15.890000343322754,15.899999618530273,15.880000114440918,15.899999618530273,147611,0.0,0.0,0.0
2024-05-10 05:00:00+00:00,15.899999618530273,15.920000076293945,15.899999618530273,15.920000076293945,476241,0.0,0.0,0.0
2024-05-10 05:05:00+00:00,15.920000076293945,15.930000305175781,15.90999984741211,15.90999984741211,87130,0.0,0.0,0.0
2024-05-10 05:10:00+00:00,15.899999618530273,15.90999984741211,15.899999618530273,15.899999618530273,37100,0.0,0.0,0.0
2024-05-10 05:15:00+00:00,15.899999618530273,15.90999984741211,15.890000343322754,15.90999984741211,9387,0.0,0.0,0.0
2024-05-10 05:20:00+00:00,15.90999984741211,15.90999984741211,15.890000343322754,15.90999984741211,110543,0.0,0.0,0.0
2024-05-13 01:00:00+00:00,16.049999237060547,16.110000610351562,16.040000915527344,16.100000381469727,0,0.0,0.0,0.0
2024-05-13 01:05:00+00:00,16.100000381469727,16.1200008392334,16.06999969482422,16.1200008392334,199000,0.0,0.0,0.0
2024-05-13 01:10:00+00:00,16.110000610351562,16.139999389648438,16.110000610351562,16.139999389648438,281228,0.0,0.0,0.0
2024-05-13 01:15:00+00:00,16.139999389648438,16.139999389648438,16.030000686645508,16.030000686645508,842270,0.0,0.0,0.0
2024-05-13 01:20:00+00:00,16.020000457763672,16.079999923706055,15.979999542236328,16.079999923706055,587201,0.0,0.0,0.0
2024-05-13 01:25:00+00:00,16.059999465942383,16.06999969482422,16.049999237060547,16.059999465942383,153176,0.0,0.0,0.0
2024-05-13 01:30:00+00:00,16.059999465942383,16.06999969482422,16.040000915527344,16.059999465942383,51950,0.0,0.0,0.0
2024-05-13 01:35:00+00:00,16.06999969482422,16.110000610351562,16.06999969482422,16.09000015258789,440665,0.0,0.0,0.0
2024-05-13 01:40:00+00:00,16.110000610351562,16.110000610351562,16.079999923706055,16.079999923706055,46110,0.0,0.0,0.0
2024-05-13 01:45:00+00:00,16.09000015258789,16.100000381469727,16.079999923706055,16.079999923706055,50329,0.0,0.0,0.0
2024-05-13 01:50:00+00:00,16.079999923706055,16.09000015258789,16.059999465942383,16.059999465942383,133349,0.0,0.0,0.0
2024-05-13 01:55:00+00:00,16.049999237060547,16.049999237060547,16.030000686645508,16.049999237060547,146728,0.0,0.0,0.0
2024-05-13 02:00:00+00:00,16.06999969482422,16.06999969482422,16.049999237060547,16.049999237060547,14578,0.0,0.0,0.0
2024-05-13 02:05:00+00:00,16.049999237060547,16.059999465942383,16.049999237060547,16.059999465942383,3000,0.0,0.0,0.0
2024-05-13 02:10:00+00:00,16.06999969482422,16.09000015258789,16.06999969482422,16.09000015258789,115100,0.0,0.0,0.0
2024-05-13 02:15:00+00:00,16.06999969482422,16.06999969482422,16.06999969482422,16.06999969482422,14810,0.0,0.0,0.0
2024-05-13 02:20:00+00:00,16.059999465942383,16.059999465942383,16.049999237060547,16.049999237060547,33650,0.0,0.0,0.0
2024-05-13 02:25:00+00:00,16.059999465942383,16.059999465942383,16.030000686645508,16.040000915527344,63100,0.0,0.0,0.0
2024-05-13 02:30:00+00:00,16.040000915527344,16.040000915527344,16.040000915527344,16.040000915527344,12838,0.0,0.0,0.0
2024-05-13 02:35:00+00:00,16.049999237060547,16.06999969482422,16.049999237060547,16.06999969482422,17351,0.0,0.0,0.0
2024-05-13 02:40:00+00:00,16.06999969482422,16.09000015258789,16.06999969482422,16.09000015258789,26000,0.0,0.0,0.0
2024-05-13 02:45:00+00:00,16.09000015258789,16.100000381469727,16.09000015258789,16.100000381469727,106197,0.0,0.0,0.0
2024-05-13 02:50:00+00:00,16.09000015258789,16.09000015258789,16.079999923706055,16.079999923706055,31000,0.0,0.0,0.0
2024-05-13 02:55:00+00:00,16.079999923706055,16.079999923706055,16.079999923706055,16.079999923706055,65085,0.0,0.0,0.0
2024-05-13 03:00:00+00:00,16.079999923706055,16.079999923706055,16.079999923706055,16.079999923706055,45100,0.0,0.0,0.0
2024-05-13 03:05:00+00:00,16.09000015258789,16.09000015258789,16.079999923706055,16.079999923706055,21100,0.0,0.0,0.0
2024-05-13 03:10:00+00:00,16.079999923706055,16.09000015258789,16.079999923706055,16.09000015258789,65000,0.0,0.0,0.0
2024-05-13 03:15:00+00:00,16.09000015258789,16.09000015258789,16.09000015258789,16.09000015258789,5201,0.0,0.0,0.0
2024-05-13 03:20:00+00:00,16.09000015258789,16.09000015258789,16.079999923706055,16.079999923706055,95113,0.0,0.0,0.0
2024-05-13 03:25:00+00:00,16.100000381469727,16.100000381469727,16.09000015258789,16.09000015258789,37137,0.0,0.0,0.0
2024-05-13 03:30:00+00:00,16.09000015258789,16.09000015258789,16.09000015258789,16.09000015258789,2000,0.0,0.0,0.0
2024-05-13 03:35:00+00:00,16.09000015258789,16.09000015258789,16.079999923706055,16.079999923706055,12181,0.0,0.0,0.0
2024-05-13 03:40:00+00:00,16.079999923706055,16.079999923706055,16.079999923706055,16.079999923706055,18229,0.0,0.0,0.0
2024-05-13 03:45:00+00:00,16.079999923706055,16.079999923706055,16.079999923706055,16.079999923706055,4100,0.0,0.0,0.0
2024-05-13 03:50:00+00:00,16.079999923706055,16.079999923706055,16.079999923706055,16.079999923706055,55406,0.0,0.0,0.0
2024-05-13 03:55:00+00:00,16.079999923706055,16.079999923706055,16.079999923706055,16.079999923706055,61228,0.0,0.0,0.0
2024-05-13 04:00:00+00:00,16.079999923706055,16.079999923706055,16.079999923706055,16.079999923706055,22290,0.0,0.0,0.0
2024-05-13 04:05:00+00:00,16.079999923706055,16.09000015258789,16.079999923706055,16.09000015258789,277100,0.0,0.0,0.0
2024-05-13 04:10:00+00:00,16.09000015258789,16.09000015258789,16.09000015258789,16.09000015258789,122585,0.0,0.0,0.0
2024-05-13 04:15:00+00:00,16.09000015258789,16.09000015258789,16.079999923706055,16.09000015258789,64133,0.0,0.0,0.0
2024-05-13 04:20:00+00:00,16.09000015258789,16.09000015258789,16.079999923706055,16.079999923706055,62100,0.0,0.0,0.0
2024-05-13 04:25:00+00:00,16.06999969482422,16.06999969482422,16.06999969482422,16.06999969482422,36000,0.0,0.0,0.0
2024-05-13 04:30:00+00:00,16.06999969482422,16.06999969482422,16.06999969482422,16.06999969482422,5200,0.0,0.0,0.0
2024-05-13 04:35:00+00:00,16.06999969482422,16.06999969482422,16.059999465942383,16.06999969482422,328125,0.0,0.0,0.0
2024-05-13 04:40:00+00:00,16.06999969482422,16.079999923706055,16.06999969482422,16.079999923706055,152185,0.0,0.0,0.0
2024-05-13 04:45:00+00:00,16.06999969482422,16.079999923706055,16.06999969482422,16.079999923706055,21651,0.0,0.0,0.0
2024-05-13 04:50:00+00:00,16.079999923706055,16.079999923706055,16.06999969482422,16.06999969482422,6100,0.0,0.0,0.0
2024-05-13 04:55:00+00:00,16.06999969482422,16.06999969482422,16.06999969482422,16.06999969482422,21449,0.0,0.0,0.0
2024-05-13 05:00:00+00:00,16.06999969482422,16.06999969482422,16.06999969482422,16.06999969482422,26300,0.0,0.0,0.0
2024-05-13 05:05:00+00:00,16.06999969482422,16.079999923706055,16.06999969482422,16.079999923706055,57961,0.0,0.0,0.0
2024-05-13 05:10:00+00:00,16.06999969482422,16.09000015258789,16.06999969482422,16.09000015258789,185200,0.0,0.0,0.0
2024-05-13 05:15:00+00:00,16.09000015258789,16.09000015258789,16.09000015258789,16.09000015258789,10080,0.0,0.0,0.0
2024-05-13 05:20:00+00:00,16.09000015258789,16.09000015258789,16.09000015258789,16.09000015258789,9870,0.0,0.0,0.0
2024-05-14 01:00:00+00:00,16.079999923706055,16.1299991607666,16.06999969482422,16.06999969482422,157000,0.0,0.0,0.0
2024-05-14 01:05:00+00:00,16.100000381469727,16.190000534057617,16.100000381469727,16.18000030517578,546981,0.0,0.0,0.0
2024-05-14 01:10:00+00:00,16.190000534057617,16.219999313354492,16.190000534057617,16.219999313354492,328414,0.0,0.0,0.0
2024-05-14 01:15:00+00:00,16.229999542236328,16.25,16.219999313354492,16.229999542236328,128475,0.0,0.0,0.0
2024-05-14 01:20:00+00:00,16.239999771118164,16.260000228881836,16.229999542236328,16.239999771118164,375924,0.0,0.0,0.0
2024-05-14 01:25:00+00:00,16.25,16.290000915527344,16.239999771118164,16.270000457763672,565080,0.0,0.0,0.0
2024-05-14 01:30:00+00:00,16.280000686645508,16.290000915527344,16.260000228881836,16.260000228881836,194223,0.0,0.0,0.0
2024-05-14 01:35:00+00:00,16.25,16.25,16.219999313354492,16.239999771118164,539050,0.0,0.0,0.0
2024-05-14 01:40:00+00:00,16.239999771118164,16.260000228881836,16.229999542236328,16.25,97192,0.0,0.0,0.0
2024-05-14 01:45:00+00:00,16.270000457763672,16.280000686645508,16.260000228881836,16.270000457763672,99188,0.0,0.0,0.0
2024-05-14 01:50:00+00:00,16.260000228881836,16.260000228881836,16.219999313354492,16.219999313354492,83000,0.0,0.0,0.0
2024-05-14 01:55:00+00:00,16.219999313354492,16.229999542236328,16.219999313354492,16.229999542236328,25532,0.0,0.0,0.0
2024-05-14 02:00:00+00:00,16.239999771118164,16.239999771118164,16.239999771118164,16.239999771118164,1100,0.0,0.0,0.0
2024-05-14 02:05:00+00:00,16.229999542236328,16.239999771118164,16.229999542236328,16.239999771118164,54400,0.0,0.0,0.0
2024-05-14 02:10:00+00:00,16.239999771118164,16.239999771118164,16.239999771118164,16.239999771118164,2100,0.0,0.0,0.0
2024-05-14 02:15:00+00:00,16.239999771118164,16.239999771118164,16.219999313354492,16.239999771118164,128020,0.0,0.0,0.0
2024-05-14 02:20:00+00:00,16.229999542236328,16.229999542236328,16.229999542236328,16.229999542236328,8785,0.0,0.0,0.0
2024-05-14 02:25:00+00:00,16.229999542236328,16.229999542236328,16.18000030517578,16.18000030517578,53660,0.0,0.0,0.0
2024-05-14 02:30:00+00:00,16.18000030517578,16.18000030517578,16.139999389648438,16.149999618530273,117619,0.0,0.0,0.0
2024-05-14 02:35:00+00:00,16.139999389648438,16.15999984741211,16.139999389648438,16.15999984741211,28060,0.0,0.0,0.0
2024-05-14 02:40:00+00:00,16.149999618530273,16.190000534057617,16.149999618530273,16.190000534057617,21176,0.0,0.0,0.0
2024-05-14 02:45:00+00:00,16.190000534057617,16.190000534057617,16.18000030517578,16.190000534057617,15100,0.0,0.0,0.0
2024-05-14 02:50:00+00:00,16.200000762939453,16.200000762939453,16.18000030517578,16.190000534057617,55434,0.0,0.0,0.0
2024-05-14 02:55:00+00:00,16.190000534057617,16.190000534057617,16.18000030517578,16.18000030517578,11115,0.0,0.0,0.0
2024-05-14 03:00:00+00:00,16.18000030517578,16.18000030517578,16.18000030517578,16.18000030517578,3000,0.0,0.0,0.0
2024-05-14 03:05:00+00:00,16.18000030517578,16.209999084472656,16.18000030517578,16.209999084472656,19892,0.0,0.0,0.0
2024-05-14 03:10:00+00:00,16.200000762939453,16.209999084472656,16.200000762939453,16.209999084472656,6685,0.0,0.0,0.0
2024-05-14 03:15:00+00:00,16.209999084472656,16.209999084472656,16.200000762939453,16.200000762939453,26000,0.0,0.0,0.0
2024-05-14 03:20:00+00:00,16.200000762939453,16.219999313354492,16.200000762939453,16.219999313354492,24564,0.0,0.0,0.0
2024-05-14 03:25:00+00:00,16.209999084472656,16.239999771118164,16.209999084472656,16.239999771118164,19130,0.0,0.0,0.0
2024-05-14 03:30:00+00:00,16.239999771118164,16.280000686645508,16.229999542236328,16.260000228881836,484560,0.0,0.0,0.0
2024-05-14 03:35:00+00:00,16.260000228881836,16.270000457763672,16.25,16.270000457763672,20755,0.0,0.0,0.0
2024-05-14 03:40:00+00:00,16.270000457763672,16.270000457763672,16.270000457763672,16.270000457763672,3150,0.0,0.0,0.0
2024-05-14 03:45:00+00:00,16.270000457763672,16.290000915527344,16.270000457763672,16.290000915527344,130073,0.0,0.0,0.0
2024-05-14 03:50:00+00:00,16.280000686645508,16.290000915527344,16.280000686645508,16.280000686645508,44224,0.0,0.0,0.0
2024-05-14 03:55:00+00:00,16.280000686645508,16.290000915527344,16.280000686645508,16.280000686645508,19338,0.0,0.0,0.0
2024-05-14 04:00:00+00:00,16.280000686645508,16.290000915527344,16.280000686645508,16.290000915527344,47000,0.0,0.0,0.0
2024-05-14 04:05:00+00:00,16.290000915527344,16.290000915527344,16.290000915527344,16.290000915527344,1050,0.0,0.0,0.0
2024-05-14 04:10:00+00:00,16.290000915527344,16.299999237060547,16.290000915527344,16.299999237060547,503200,0.0,0.0,0.0
2024-05-14 04:15:00+00:00,16.309999465942383,16.329999923706055,16.309999465942383,16.329999923706055,347189,0.0,0.0,0.0
2024-05-14 04:20:00+00:00,16.329999923706055,16.350000381469727,16.31999969482422,16.329999923706055,123168,0.0,0.0,0.0
2024-05-14 04:25:00+00:00,16.309999465942383,16.309999465942383,16.299999237060547,16.299999237060547,11735,0.0,0.0,0.0
2024-05-14 04:30:00+00:00,16.280000686645508,16.299999237060547,16.25,16.25,75380,0.0,0.0,0.0
2024-05-14 04:35:00+00:00,16.239999771118164,16.239999771118164,16.18000030517578,16.190000534057617,400981,0.0,0.0,0.0
2024-05-14 04:40:00+00:00,16.18000030517578,16.190000534057617,16.15999984741211,16.170000076293945,381373,0.0,0.0,0.0
2024-05-14 04:45:00+00:00,16.18000030517578,16.200000762939453,16.18000030517578,16.190000534057617,230093,0.0,0.0,0.0
2024-05-14 04:50:00+00:00,16.190000534057617,16.200000762939453,16.18000030517578,16.200000762939453,29000,0.0,0.0,0.0
2024-05-14 04:55:00+00:00,16.200000762939453,16.200000762939453,16.18000030517578,16.18000030517578,111049,0.0,0.0,0.0
2024-05-14 05:00:00+00:00,16.18000030517578,16.18000030517578,16.1200008392334,16.1200008392334,535360,0.0,0.0,0.0
2024-05-14 05:05:00+00:00,16.1299991607666,16.149999618530273,16.1299991607666,16.139999389648438,39964,0.0,0.0,0.0
2024-05-14 05:10:00+00:00,16.1299991607666,16.1299991607666,16.09000015258789,16.09000015258789,381000,0.0,0.0,0.0
2024-05-14 05:15:00+00:00,16.09000015258789,16.100000381469727,16.079999923706055,16.100000381469727,87700,0.0,0.0,0.0
2024-05-14 05:20:00+00:00,16.110000610351562,16.110000610351562,16.100000381469727,16.110000610351562,84033,0.0,0.0,0.0
2024-05-15 01:00:00+00:00,16.100000381469727,16.100000381469727,16.079999923706055,16.09000015258789,111000,0.0,0.0,0.0
2024-05-15 01:05:00+00:00,16.09000015258789,16.09000015258789,16.079999923706055,16.09000015258789,124013,0.0,0.0,0.0
2024-05-15 01:10:00+00:00,16.09000015258789,16.100000381469727,16.09000015258789,16.09000015258789,363924,0.0,0.0,0.0
2024-05-15 01:15:00+00:00,16.09000015258789,16.09000015258789,16.030000686645508,16.049999237060547,191320,0.0,0.0,0.0
2024-05-15 01:20:00+00:00,16.049999237060547,16.079999923706055,16.049999237060547,16.079999923706055,7788,0.0,0.0,0.0
2024-05-15 01:25:00+00:00,16.079999923706055,16.100000381469727,16.079999923706055,16.09000015258789,31387,0.0,0.0,0.0
2024-05-15 01:30:00+00:00,16.09000015258789,16.1200008392334,16.09000015258789,16.110000610351562,129000,0.0,0.0,0.0
2024-05-15 01:35:00+00:00,16.139999389648438,16.15999984741211,16.139999389648438,16.15999984741211,65314,0.0,0.0,0.0
2024-05-15 01:40:00+00:00,16.15999984741211,16.170000076293945,16.15999984741211,16.170000076293945,30168,0.0,0.0,0.0
2024-05-15 01:45:00+00:00,16.170000076293945,16.18000030517578,16.170000076293945,16.18000030517578,86000,0.0,0.0,0.0
2024-05-15 01:50:00+00:00,16.170000076293945,16.200000762939453,16.170000076293945,16.190000534057617,55088,0.0,0.0,0.0
2024-05-15 01:55:00+00:00,16.190000534057617,16.200000762939453,16.190000534057617,16.200000762939453,71728,0.0,0.0,0.0
2024-05-15 02:00:00+00:00,16.209999084472656,16.219999313354492,16.209999084472656,16.219999313354492,133376,0.0,0.0,0.0
2024-05-15 02:05:00+00:00,16.219999313354492,16.25,16.219999313354492,16.25,16571,0.0,0.0,0.0
2024-05-15 02:10:00+00:00,16.239999771118164,16.239999771118164,16.229999542236328,16.229999542236328,54900,0.0,0.0,0.0
2024-05-15 02:15:00+00:00,16.229999542236328,16.239999771118164,16.229999542236328,16.239999771118164,23480,0.0,0.0,0.0
2024-05-15 02:20:00+00:00,16.25,16.260000228881836,16.229999542236328,16.260000228881836,324407,0.0,0.0,0.0
2024-05-15 02:25:00+00:00,16.270000457763672,16.280000686645508,16.260000228881836,16.260000228881836,41346,0.0,0.0,0.0
2024-05-15 02:30:00+00:00,16.25,16.270000457763672,16.25,16.270000457763672,77034,0.0,0.0,0.0
2024-05-15 02:35:00+00:00,16.270000457763672,16.270000457763672,16.260000228881836,16.260000228881836,61200,0.0,0.0,0.0
2024-05-15 02:40:00+00:00,16.25,16.25,16.229999542236328,16.229999542236328,3778,0.0,0.0,0.0
2024-05-15 02:45:00+00:00,16.219999313354492,16.219999313354492,16.209999084472656,16.209999084472656,18220,0.0,0.0,0.0
2024-05-15 02:50:00+00:00,16.200000762939453,16.200000762939453,16.190000534057617,16.200000762939453,109441,0.0,0.0,0.0
2024-05-15 02:55:00+00:00,16.190000534057617,16.200000762939453,16.18000030517578,16.200000762939453,18231,0.0,0.0,0.0
2024-05-15 03:00:00+00:00,16.200000762939453,16.209999084472656,16.200000762939453,16.209999084472656,23850,0.0,0.0,0.0
2024-05-15 03:05:00+00:00,16.200000762939453,16.200000762939453,16.200000762939453,16.200000762939453,13334,0.0,0.0,0.0
2024-05-15 03:10:00+00:00,16.200000762939453,16.200000762939453,16.200000762939453,16.200000762939453,28067,0.0,0.0,0.0
2024-05-15 03:15:00+00:00,16.209999084472656,16.209999084472656,16.200000762939453,16.209999084472656,12000,0.0,0.0,0.0
2024-05-15 03:20:00+00:00,16.219999313354492,16.219999313354492,16.219999313354492,16.219999313354492,36231,0.0,0.0,0.0
2024-05-15 03:25:00+00:00,16.209999084472656,16.209999084472656,16.209999084472656,16.209999084472656,2485,0.0,0.0,0.0
2024-05-15 03:35:00+00:00,16.200000762939453,16.200000762939453,16.200000762939453,16.200000762939453,3044,0.0,0.0,0.0
2024-05-15 03:40:00+00:00,16.200000762939453,16.200000762939453,16.190000534057617,16.190000534057617,11856,0.0,0.0,0.0
2024-05-15 03:45:00+00:00,16.190000534057617,16.190000534057617,16.190000534057617,16.190000534057617,1000,0.0,0.0,0.0
2024-05-15 03:50:00+00:00,16.18000030517578,16.18000030517578,16.15999984741211,16.15999984741211,14022,0.0,0.0,0.0
2024-05-15 03:55:00+00:00,16.15999984741211,16.15999984741211,16.15999984741211,16.15999984741211,29000,0.0,0.0,0.0
2024-05-15 04:00:00+00:00,16.15999984741211,16.190000534057617,16.15999984741211,16.190000534057617,13722,0.0,0.0,0.0
2024-05-15 04:10:00+00:00,16.15999984741211,16.18000030517578,16.15999984741211,16.18000030517578,15095,0.0,0.0,0.0
2024-05-15 04:15:00+00:00,16.170000076293945,16.18000030517578,16.170000076293945,16.18000030517578,20105,0.0,0.0,0.0
2024-05-15 04:20:00+00:00,16.18000030517578,16.18000030517578,16.18000030517578,16.18000030517578,3278,0.0,0.0,0.0
2024-05-15 04:25:00+00:00,16.170000076293945,16.170000076293945,16.15999984741211,16.15999984741211,3400,0.0,0.0,0.0
2024-05-15 04:30:00+00:00,16.170000076293945,16.170000076293945,16.170000076293945,16.170000076293945,62000,0.0,0.0,0.0
2024-05-15 04:35:00+00:00,16.15999984741211,16.15999984741211,16.139999389648438,16.139999389648438,28000,0.0,0.0,0.0
2024-05-15 04:40:00+00:00,16.1299991607666,16.1299991607666,16.1299991607666,16.1299991607666,5506,0.0,0.0,0.0
2024-05-15 04:45:00+00:00,16.1299991607666,16.1299991607666,16.110000610351562,16.1200008392334,114117,0.0,0.0,0.0
2024-05-15 04:50:00+00:00,16.110000610351562,16.1200008392334,16.100000381469727,16.100000381469727,70208,0.0,0.0,0.0
2024-05-15 04:55:00+00:00,16.100000381469727,16.1200008392334,16.100000381469727,16.1200008392334,237060,0.0,0.0,0.0
2024-05-15 05:00:00+00:00,16.1200008392334,16.1200008392334,16.110000610351562,16.110000610351562,2101,0.0,0.0,0.0
2024-05-15 05:05:00+00:00,16.110000610351562,16.1200008392334,16.110000610351562,16.1200008392334,41351,0.0,0.0,0.0
2024-05-15 05:10:00+00:00,16.1200008392334,16.1299991607666,16.1200008392334,16.1200008392334,133050,0.0,0.0,0.0
2024-05-15 05:15:00+00:00,16.1200008392334,16.1200008392334,16.1200008392334,16.1200008392334,3440,0.0,0.0,0.0
2024-05-15 05:20:00+00:00,16.1299991607666,16.1299991607666,16.1200008392334,16.1200008392334,66160,0.0,0.0,0.0
2024-05-16 01:00:00+00:00,16.200000762939453,16.290000915527344,16.200000762939453,16.270000457763672,430000,0.0,0.0,0.0
2024-05-16 01:05:00+00:00,16.260000228881836,16.329999923706055,16.260000228881836,16.329999923706055,773000,0.0,0.0,0.0
2024-05-16 01:10:00+00:00,16.329999923706055,16.350000381469727,16.329999923706055,16.329999923706055,105678,0.0,0.0,0.0
2024-05-16 01:15:00+00:00,16.31999969482422,16.329999923706055,16.309999465942383,16.31999969482422,128837,0.0,0.0,0.0
2024-05-16 01:20:00+00:00,16.309999465942383,16.31999969482422,16.309999465942383,16.309999465942383,120792,0.0,0.0,0.0
2024-05-16 01:25:00+00:00,16.309999465942383,16.309999465942383,16.290000915527344,16.290000915527344,34000,0.0,0.0,0.0
2024-05-16 01:30:00+00:00,16.299999237060547,16.299999237060547,16.290000915527344,16.290000915527344,22407,0.0,0.0,0.0
2024-05-16 01:35:00+00:00,16.299999237060547,16.299999237060547,16.299999237060547,16.299999237060547,6307,0.0,0.0,0.0
2024-05-16 01:40:00+00:00,16.299999237060547,16.309999465942383,16.299999237060547,16.299999237060547,23098,0.0,0.0,0.0
2024-05-16 01:45:00+00:00,16.299999237060547,16.299999237060547,16.270000457763672,16.270000457763672,31359,0.0,0.0,0.0
2024-05-16 01:50:00+00:00,16.260000228881836,16.260000228881836,16.239999771118164,16.239999771118164,25503,0.0,0.0,0.0
2024-05-16 01:55:00+00:00,16.229999542236328,16.25,16.229999542236328,16.25,22015,0.0,0.0,0.0
2024-05-16 02:00:00+00:00,16.25,16.260000228881836,16.239999771118164,16.239999771118164,127250,0.0,0.0,0.0
2024-05-16 02:05:00+00:00,16.239999771118164,16.25,16.239999771118164,16.25,87015,0.0,0.0,0.0
2024-05-16 02:10:00+00:00,16.239999771118164,16.25,16.239999771118164,16.25,322000,0.0,0.0,0.0
2024-05-16 02:15:00+00:00,16.260000228881836,16.260000228881836,16.239999771118164,16.260000228881836,8273,0.0,0.0,0.0
2024-05-16 02:20:00+00:00,16.260000228881836,16.270000457763672,16.260000228881836,16.270000457763672,9427,0.0,0.0,0.0
2024-05-16 02:25:00+00:00,16.270000457763672,16.290000915527344,16.270000457763672,16.290000915527344,25000,0.0,0.0,0.0
2024-05-16 02:30:00+00:00,16.290000915527344,16.299999237060547,16.290000915527344,16.299999237060547,321228,0.0,0.0,0.0
2024-05-16 02:35:00+00:00,16.299999237060547,16.31999969482422,16.299999237060547,16.31999969482422,105422,0.0,0.0,0.0
2024-05-16 02:40:00+00:00,16.31999969482422,16.329999923706055,16.31999969482422,16.31999969482422,190030,0.0,0.0,0.0
2024-05-16 02:45:00+00:00,16.31999969482422,16.31999969482422,16.309999465942383,16.31999969482422,17338,0.0,0.0,0.0
2024-05-16 02:50:00+00:00,16.309999465942383,16.31999969482422,16.309999465942383,16.31999969482422,9000,0.0,0.0,0.0
2024-05-16 02:55:00+00:00,16.31999969482422,16.329999923706055,16.31999969482422,16.329999923706055,3000,0.0,0.0,0.0
2024-05-16 03:00:00+00:00,16.34000015258789,16.34000015258789,16.329999923706055,16.329999923706055,126575,0.0,0.0,0.0
2024-05-16 03:05:00+00:00,16.34000015258789,16.34000015258789,16.34000015258789,16.34000015258789,4159,0.0,0.0,0.0
2024-05-16 03:10:00+00:00,16.34000015258789,16.360000610351562,16.34000015258789,16.360000610351562,263000,0.0,0.0,0.0
2024-05-16 03:15:00+00:00,16.3700008392334,16.3700008392334,16.34000015258789,16.34000015258789,9783,0.0,0.0,0.0
2024-05-16 03:20:00+00:00,16.329999923706055,16.34000015258789,16.329999923706055,16.329999923706055,151081,0.0,0.0,0.0
2024-05-16 03:25:00+00:00,16.329999923706055,16.34000015258789,16.329999923706055,16.34000015258789,181181,0.0,0.0,0.0
2024-05-16 03:35:00+00:00,16.34000015258789,16.350000381469727,16.34000015258789,16.34000015258789,24127,0.0,0.0,0.0
2024-05-16 03:40:00+00:00,16.34000015258789,16.34000015258789,16.34000015258789,16.34000015258789,5001,0.0,0.0,0.0
2024-05-16 03:45:00+00:00,16.34000015258789,16.34000015258789,16.329999923706055,16.329999923706055,16049,0.0,0.0,0.0
2024-05-16 03:50:00+00:00,16.31999969482422,16.31999969482422,16.31999969482422,16.31999969482422,6500,0.0,0.0,0.0
2024-05-16 03:55:00+00:00,16.31999969482422,16.329999923706055,16.31999969482422,16.329999923706055,17100,0.0,0.0,0.0
2024-05-16 04:00:00+00:00,16.329999923706055,16.329999923706055,16.329999923706055,16.329999923706055,1000,0.0,0.0,0.0
2024-05-16 04:05:00+00:00,16.31999969482422,16.350000381469727,16.31999969482422,16.350000381469727,82475,0.0,0.0,0.0
2024-05-16 04:15:00+00:00,16.350000381469727,16.350000381469727,16.350000381469727,16.350000381469727,17070,0.0,0.0,0.0
2024-05-16 04:20:00+00:00,16.350000381469727,16.350000381469727,16.350000381469727,16.350000381469727,45250,0.0,0.0,0.0
2024-05-16 04:25:00+00:00,16.350000381469727,16.360000610351562,16.350000381469727,16.350000381469727,323100,0.0,0.0,0.0
2024-05-16 04:30:00+00:00,16.3700008392334,16.3700008392334,16.350000381469727,16.350000381469727,5038,0.0,0.0,0.0
2024-05-16 04:35:00+00:00,16.350000381469727,16.360000610351562,16.350000381469727,16.350000381469727,67617,0.0,0.0,0.0
2024-05-16 04:40:00+00:00,16.350000381469727,16.350000381469727,16.34000015258789,16.350000381469727,8400,0.0,0.0,0.0
2024-05-16 04:45:00+00:00,16.34000015258789,16.34000015258789,16.34000015258789,16.34000015258789,7010,0.0,0.0,0.0
2024-05-16 04:50:00+00:00,16.34000015258789,16.350000381469727,16.34000015258789,16.34000015258789,168466,0.0,0.0,0.0
2024-05-16 04:55:00+00:00,16.34000015258789,16.350000381469727,16.34000015258789,16.350000381469727,51275,0.0,0.0,0.0
2024-05-16 05:00:00+00:00,16.350000381469727,16.350000381469727,16.350000381469727,16.350000381469727,68401,0.0,0.0,0.0
2024-05-16 05:05:00+00:00,16.34000015258789,16.34000015258789,16.31999969482422,16.329999923706055,65680,0.0,0.0,0.0
2024-05-16 05:10:00+00:00,16.329999923706055,16.329999923706055,16.329999923706055,16.329999923706055,105081,0.0,0.0,0.0
2024-05-16 05:15:00+00:00,16.350000381469727,16.360000610351562,16.350000381469727,16.360000610351562,53953,0.0,0.0,0.0
2024-05-16 05:20:00+00:00,16.350000381469727,16.3700008392334,16.350000381469727,16.360000610351562,98750,0.0,0.0,0.0
2024-05-17 01:00:00+00:00,16.3700008392334,16.3700008392334,16.350000381469727,16.3700008392334,0,0.0,0.0,0.0
2024-05-17 01:05:00+00:00,16.350000381469727,16.360000610351562,16.34000015258789,16.34000015258789,307000,0.0,0.0,0.0
2024-05-17 01:10:00+00:00,16.34000015258789,16.34000015258789,16.309999465942383,16.309999465942383,126892,0.0,0.0,0.0
2024-05-17 01:15:00+00:00,16.299999237060547,16.309999465942383,16.299999237060547,16.299999237060547,111450,0.0,0.0,0.0
2024-05-17 01:20:00+00:00,16.299999237060547,16.309999465942383,16.299999237060547,16.309999465942383,42460,0.0,0.0,0.0
2024-05-17 01:25:00+00:00,16.309999465942383,16.360000610351562,16.309999465942383,16.360000610351562,111292,0.0,0.0,0.0
2024-05-17 01:30:00+00:00,16.360000610351562,16.360000610351562,16.34000015258789,16.34000015258789,5412,0.0,0.0,0.0
2024-05-17 01:35:00+00:00,16.34000015258789,16.34000015258789,16.34000015258789,16.34000015258789,5200,0.0,0.0,0.0
2024-05-17 01:40:00+00:00,16.329999923706055,16.329999923706055,16.31999969482422,16.31999969482422,29271,0.0,0.0,0.0
2024-05-17 01:45:00+00:00,16.34000015258789,16.34000015258789,16.329999923706055,16.329999923706055,2000,0.0,0.0,0.0
2024-05-17 01:50:00+00:00,16.31999969482422,16.329999923706055,16.31999969482422,16.329999923706055,28000,0.0,0.0,0.0
2024-05-17 01:55:00+00:00,16.34000015258789,16.360000610351562,16.34000015258789,16.360000610351562,70729,0.0,0.0,0.0
2024-05-17 02:00:00+00:00,16.360000610351562,16.3799991607666,16.360000610351562,16.3799991607666,165690,0.0,0.0,0.0
2024-05-17 02:05:00+00:00,16.3799991607666,16.3799991607666,16.3799991607666,16.3799991607666,3070,0.0,0.0,0.0
2024-05-17 02:10:00+00:00,16.3799991607666,16.3799991607666,16.3799991607666,16.3799991607666,16336,0.0,0.0,0.0
2024-05-17 02:15:00+00:00,16.3799991607666,16.3799991607666,16.360000610351562,16.360000610351562,3353,0.0,0.0,0.0
2024-05-17 02:20:00+00:00,16.3700008392334,16.3799991607666,16.3700008392334,16.3799991607666,16113,0.0,0.0,0.0
2024-05-17 02:25:00+00:00,16.3700008392334,16.3700008392334,16.3700008392334,16.3700008392334,1142,0.0,0.0,0.0
2024-05-17 02:30:00+00:00,16.3700008392334,16.3700008392334,16.360000610351562,16.360000610351562,66050,0.0,0.0,0.0
2024-05-17 02:35:00+00:00,16.360000610351562,16.360000610351562,16.360000610351562,16.360000610351562,1550,0.0,0.0,0.0
2024-05-17 02:40:00+00:00,16.360000610351562,16.360000610351562,16.329999923706055,16.34000015258789,118000,0.0,0.0,0.0
2024-05-17 02:45:00+00:00,16.34000015258789,16.34000015258789,16.329999923706055,16.329999923706055,56328,0.0,0.0,0.0
2024-05-17 02:50:00+00:00,16.329999923706055,16.329999923706055,16.329999923706055,16.329999923706055,33100,0.0,0.0,0.0
2024-05-17 02:55:00+00:00,16.329999923706055,16.329999923706055,16.31999969482422,16.31999969482422,5600,0.0,0.0,0.0
2024-05-17 03:00:00+00:00,16.31999969482422,16.31999969482422,16.309999465942383,16.309999465942383,53500,0.0,0.0,0.0
2024-05-17 03:05:00+00:00,16.299999237060547,16.299999237060547,16.280000686645508,16.280000686645508,40500,0.0,0.0,0.0
2024-05-17 03:10:00+00:00,16.299999237060547,16.299999237060547,16.280000686645508,16.280000686645508,17500,0.0,0.0,0.0
2024-05-17 03:15:00+00:00,16.280000686645508,16.280000686645508,16.270000457763672,16.280000686645508,73823,0.0,0.0,0.0
2024-05-17 03:20:00+00:00,16.290000915527344,16.299999237060547,16.290000915527344,16.299999237060547,5000,0.0,0.0,0.0
2024-05-17 03:25:00+00:00,16.290000915527344,16.309999465942383,16.290000915527344,16.309999465942383,39420,0.0,0.0,0.0
2024-05-17 03:30:00+00:00,16.299999237060547,16.299999237060547,16.299999237060547,16.299999237060547,2000,0.0,0.0,0.0
2024-05-17 03:35:00+00:00,16.309999465942383,16.309999465942383,16.299999237060547,16.299999237060547,12000,0.0,0.0,0.0
2024-05-17 03:40:00+00:00,16.31999969482422,16.31999969482422,16.31999969482422,16.31999969482422,1262,0.0,0.0,0.0
2024-05-17 03:45:00+00:00,16.31999969482422,16.31999969482422,16.31999969482422,16.31999969482422,4100,0.0,0.0,0.0
2024-05-17 03:50:00+00:00,16.31999969482422,16.329999923706055,16.31999969482422,16.329999923706055,13100,0.0,0.0,0.0
2024-05-17 03:55:00+00:00,16.329999923706055,16.329999923706055,16.329999923706055,16.329999923706055,5081,0.0,0.0,0.0
2024-05-17 04:00:00+00:00,16.31999969482422,16.31999969482422,16.31999969482422,16.31999969482422,10036,0.0,0.0,0.0
2024-05-17 04:10:00+00:00,16.309999465942383,16.309999465942383,16.309999465942383,16.309999465942383,2814,0.0,0.0,0.0
2024-05-17 04:15:00+00:00,16.309999465942383,16.309999465942383,16.309999465942383,16.309999465942383,5070,0.0,0.0,0.0
2024-05-17 04:25:00+00:00,16.299999237060547,16.309999465942383,16.299999237060547,16.299999237060547,50890,0.0,0.0,0.0
2024-05-17 04:30:00+00:00,16.309999465942383,16.31999969482422,16.309999465942383,16.31999969482422,4700,0.0,0.0,0.0
2024-05-17 04:35:00+00:00,16.31999969482422,16.31999969482422,16.309999465942383,16.309999465942383,3100,0.0,0.0,0.0
2024-05-17 04:40:00+00:00,16.299999237060547,16.299999237060547,16.299999237060547,16.299999237060547,13220,0.0,0.0,0.0
2024-05-17 04:45:00+00:00,16.309999465942383,16.309999465942383,16.299999237060547,16.299999237060547,6010,0.0,0.0,0.0
2024-05-17 04:50:00+00:00,16.299999237060547,16.309999465942383,16.299999237060547,16.309999465942383,8000,0.0,0.0,0.0
2024-05-17 04:55:00+00:00,16.299999237060547,16.309999465942383,16.299999237060547,16.309999465942383,13159,0.0,0.0,0.0
2024-05-17 05:00:00+00:00,16.309999465942383,16.309999465942383,16.309999465942383,16.309999465942383,2000,0.0,0.0,0.0
2024-05-17 05:05:00+00:00,16.299999237060547,16.299999237060547,16.299999237060547,16.299999237060547,4500,0.0,0.0,0.0
2024-05-17 05:10:00+00:00,16.299999237060547,16.31999969482422,16.299999237060547,16.31999969482422,29200,0.0,0.0,0.0
2024-05-17 05:15:00+00:00,16.309999465942383,16.309999465942383,16.299999237060547,16.299999237060547,4182,0.0,0.0,0.0
2024-05-17 05:20:00+00:00,16.299999237060547,16.309999465942383,16.299999237060547,16.309999465942383,10245,0.0,0.0,0.0
2024-05-20 01:00:00+00:00,16.3700008392334,16.440000534057617,16.3700008392334,16.440000534057617,0,0.0,0.0,0.0
2024-05-20 01:05:00+00:00,16.440000534057617,16.450000762939453,16.420000076293945,16.420000076293945,24847,0.0,0.0,0.0
2024-05-20 01:10:00+00:00,16.420000076293945,16.420000076293945,16.399999618530273,16.399999618530273,141113,0.0,0.0,0.0
2024-05-20 01:15:00+00:00,16.399999618530273,16.40999984741211,16.3799991607666,16.399999618530273,55010,0.0,0.0,0.0
2024-05-20 01:20:00+00:00,16.40999984741211,16.43000030517578,16.40999984741211,16.43000030517578,37044,0.0,0.0,0.0
2024-05-20 01:25:00+00:00,16.420000076293945,16.420000076293945,16.399999618530273,16.399999618530273,10417,0.0,0.0,0.0
2024-05-20 01:30:00+00:00,16.399999618530273,16.399999618530273,16.3700008392334,16.3700008392334,116671,0.0,0.0,0.0
2024-05-20 01:35:00+00:00,16.360000610351562,16.360000610351562,16.360000610351562,16.360000610351562,19055,0.0,0.0,0.0
2024-05-20 01:40:00+00:00,16.389999389648438,16.399999618530273,16.389999389648438,16.399999618530273,23160,0.0,0.0,0.0
2024-05-20 01:45:00+00:00,16.420000076293945,16.420000076293945,16.40999984741211,16.40999984741211,7668,0.0,0.0,0.0
2024-05-20 01:50:00+00:00,16.389999389648438,16.389999389648438,16.389999389648438,16.389999389648438,2020,0.0,0.0,0.0
2024-05-20 01:55:00+00:00,16.399999618530273,16.399999618530273,16.3799991607666,16.3799991607666,19052,0.0,0.0,0.0
2024-05-20 02:00:00+00:00,16.389999389648438,16.399999618530273,16.389999389648438,16.399999618530273,62300,0.0,0.0,0.0
2024-05-20 02:05:00+00:00,16.389999389648438,16.40999984741211,16.389999389648438,16.399999618530273,10100,0.0,0.0,0.0
2024-05-20 02:10:00+00:00,16.399999618530273,16.399999618530273,16.399999618530273,16.399999618530273,1000,0.0,0.0,0.0
2024-05-20 02:15:00+00:00,16.399999618530273,16.40999984741211,16.399999618530273,16.40999984741211,33283,0.0,0.0,0.0
2024-05-20 02:20:00+00:00,16.40999984741211,16.43000030517578,16.40999984741211,16.43000030517578,61000,0.0,0.0,0.0
2024-05-20 02:25:00+00:00,16.43000030517578,16.440000534057617,16.43000030517578,16.43000030517578,13604,0.0,0.0,0.0
2024-05-20 02:30:00+00:00,16.450000762939453,16.450000762939453,16.43000030517578,16.440000534057617,148130,0.0,0.0,0.0
2024-05-20 02:35:00+00:00,16.440000534057617,16.440000534057617,16.440000534057617,16.440000534057617,13476,0.0,0.0,0.0
2024-05-20 02:40:00+00:00,16.440000534057617,16.440000534057617,16.440000534057617,16.440000534057617,10124,0.0,0.0,0.0
2024-05-20 02:45:00+00:00,16.450000762939453,16.459999084472656,16.440000534057617,16.459999084472656,96355,0.0,0.0,0.0
2024-05-20 02:50:00+00:00,16.440000534057617,16.440000534057617,16.420000076293945,16.43000030517578,22220,0.0,0.0,0.0
2024-05-20 03:00:00+00:00,16.43000030517578,16.43000030517578,16.43000030517578,16.43000030517578,2184,0.0,0.0,0.0
2024-05-20 03:05:00+00:00,16.40999984741211,16.40999984741211,16.40999984741211,16.40999984741211,12173,0.0,0.0,0.0
2024-05-20 03:10:00+00:00,16.399999618530273,16.399999618530273,16.399999618530273,16.399999618530273,3000,0.0,0.0,0.0
2024-05-20 03:15:00+00:00,16.40999984741211,16.40999984741211,16.40999984741211,16.40999984741211,2051,0.0,0.0,0.0
2024-05-20 03:20:00+00:00,16.40999984741211,16.40999984741211,16.399999618530273,16.399999618530273,54195,0.0,0.0,0.0
2024-05-20 03:25:00+00:00,16.399999618530273,16.399999618530273,16.389999389648438,16.389999389648438,11136,0.0,0.0,0.0
2024-05-20 03:30:00+00:00,16.389999389648438,16.389999389648438,16.389999389648438,16.389999389648438,12197,0.0,0.0,0.0
2024-05-20 03:35:00+00:00,16.389999389648438,16.389999389648438,16.34000015258789,16.360000610351562,417750,0.0,0.0,0.0
2024-05-20 03:40:00+00:00,16.360000610351562,16.360000610351562,16.360000610351562,16.360000610351562,91265,0.0,0.0,0.0
2024-05-20 03:45:00+00:00,16.350000381469727,16.350000381469727,16.309999465942383,16.31999969482422,292000,0.0,0.0,0.0
2024-05-20 03:50:00+00:00,16.31999969482422,16.34000015258789,16.31999969482422,16.34000015258789,238550,0.0,0.0,0.0
2024-05-20 03:55:00+00:00,16.31999969482422,16.31999969482422,16.31999969482422,16.31999969482422,2000,0.0,0.0,0.0
2024-05-20 04:00:00+00:00,16.31999969482422,16.34000015258789,16.31999969482422,16.329999923706055,136252,0.0,0.0,0.0
2024-05-20 04:05:00+00:00,16.329999923706055,16.360000610351562,16.329999923706055,16.329999923706055,39120,0.0,0.0,0.0
2024-05-20 04:10:00+00:00,16.350000381469727,16.360000610351562,16.350000381469727,16.360000610351562,51006,0.0,0.0,0.0
2024-05-20 04:15:00+00:00,16.360000610351562,16.360000610351562,16.360000610351562,16.360000610351562,7084,0.0,0.0,0.0
2024-05-20 04:20:00+00:00,16.360000610351562,16.360000610351562,16.350000381469727,16.360000610351562,6100,0.0,0.0,0.0
2024-05-20 04:25:00+00:00,16.350000381469727,16.350000381469727,16.350000381469727,16.350000381469727,14076,0.0,0.0,0.0
2024-05-20 04:30:00+00:00,16.360000610351562,16.360000610351562,16.360000610351562,16.360000610351562,31276,0.0,0.0,0.0
2024-05-20 04:35:00+00:00,16.360000610351562,16.360000610351562,16.350000381469727,16.350000381469727,2782,0.0,0.0,0.0
2024-05-20 04:40:00+00:00,16.350000381469727,16.360000610351562,16.350000381469727,16.360000610351562,11000,0.0,0.0,0.0
2024-05-20 04:45:00+00:00,16.360000610351562,16.3700008392334,16.360000610351562,16.3700008392334,31518,0.0,0.0,0.0
2024-05-20 04:50:00+00:00,16.3700008392334,16.3700008392334,16.3700008392334,16.3700008392334,107703,0.0,0.0,0.0
2024-05-20 04:55:00+00:00,16.3700008392334,16.389999389648438,16.3700008392334,16.389999389648438,50113,0.0,0.0,0.0
2024-05-20 05:00:00+00:00,16.399999618530273,16.399999618530273,16.399999618530273,16.399999618530273,81104,0.0,0.0,0.0
2024-05-20 05:05:00+00:00,16.399999618530273,16.399999618530273,16.389999389648438,16.399999618530273,27000,0.0,0.0,0.0
2024-05-20 05:10:00+00:00,16.399999618530273,16.40999984741211,16.399999618530273,16.399999618530273,16547,0.0,0.0,0.0
2024-05-20 05:15:00+00:00,16.399999618530273,16.40999984741211,16.399999618530273,16.40999984741211,233061,0.0,0.0,0.0
2024-05-20 05:20:00+00:00,16.40999984741211,16.420000076293945,16.40999984741211,16.420000076293945,35034,0.0,0.0,0.0
2024-05-21 01:00:00+00:00,16.399999618530273,16.399999618530273,16.280000686645508,16.290000915527344,0,0.0,0.0,0.0
2024-05-21 01:05:00+00:00,16.290000915527344,16.290000915527344,16.290000915527344,16.290000915527344,301000,0.0,0.0,0.0
2024-05-21 01:10:00+00:00,16.280000686645508,16.280000686645508,16.270000457763672,16.270000457763672,68243,0.0,0.0,0.0
2024-05-21 01:15:00+00:00,16.270000457763672,16.270000457763672,16.260000228881836,16.260000228881836,20653,0.0,0.0,0.0
2024-05-21 01:20:00+00:00,16.260000228881836,16.280000686645508,16.260000228881836,16.280000686645508,22190,0.0,0.0,0.0
2024-05-21 01:25:00+00:00,16.280000686645508,16.299999237060547,16.280000686645508,16.299999237060547,13743,0.0,0.0,0.0
2024-05-21 01:30:00+00:00,16.299999237060547,16.299999237060547,16.280000686645508,16.299999237060547,87269,0.0,0.0,0.0
2024-05-21 01:35:00+00:00,16.299999237060547,16.299999237060547,16.290000915527344,16.290000915527344,7109,0.0,0.0,0.0
2024-05-21 01:40:00+00:00,16.280000686645508,16.280000686645508,16.280000686645508,16.280000686645508,6303,0.0,0.0,0.0
2024-05-21 01:45:00+00:00,16.280000686645508,16.280000686645508,16.270000457763672,16.270000457763672,61250,0.0,0.0,0.0
2024-05-21 01:50:00+00:00,16.270000457763672,16.270000457763672,16.260000228881836,16.260000228881836,20385,0.0,0.0,0.0
2024-05-21 01:55:00+00:00,16.260000228881836,16.260000228881836,16.239999771118164,16.239999771118164,67463,0.0,0.0,0.0
2024-05-21 02:00:00+00:00,16.229999542236328,16.229999542236328,16.209999084472656,16.209999084472656,82995,0.0,0.0,0.0
2024-05-21 02:05:00+00:00,16.209999084472656,16.209999084472656,16.200000762939453,16.200000762939453,65601,0.0,0.0,0.0
2024-05-21 02:10:00+00:00,16.209999084472656,16.219999313354492,16.209999084472656,16.219999313354492,18272,0.0,0.0,0.0
2024-05-21 02:15:00+00:00,16.219999313354492,16.229999542236328,16.219999313354492,16.229999542236328,16078,0.0,0.0,0.0
2024-05-21 02:20:00+00:00,16.229999542236328,16.229999542236328,16.229999542236328,16.229999542236328,18000,0.0,0.0,0.0
2024-05-21 02:25:00+00:00,16.239999771118164,16.239999771118164,16.239999771118164,16.239999771118164,78000,0.0,0.0,0.0
2024-05-21 02:30:00+00:00,16.239999771118164,16.25,16.239999771118164,16.25,5005,0.0,0.0,0.0
2024-05-21 02:35:00+00:00,16.25,16.25,16.25,16.25,1409,0.0,0.0,0.0
2024-05-21 02:40:00+00:00,16.25,16.25,16.25,16.25,1161,0.0,0.0,0.0
2024-05-21 02:45:00+00:00,16.239999771118164,16.239999771118164,16.209999084472656,16.209999084472656,41060,0.0,0.0,0.0
2024-05-21 02:50:00+00:00,16.209999084472656,16.209999084472656,16.209999084472656,16.209999084472656,46000,0.0,0.0,0.0
2024-05-21 02:55:00+00:00,16.209999084472656,16.209999084472656,16.200000762939453,16.200000762939453,81000,0.0,0.0,0.0
2024-05-21 03:00:00+00:00,16.200000762939453,16.209999084472656,16.200000762939453,16.209999084472656,10050,0.0,0.0,0.0
2024-05-21 03:05:00+00:00,16.219999313354492,16.229999542236328,16.219999313354492,16.229999542236328,11727,0.0,0.0,0.0
2024-05-21 03:10:00+00:00,16.219999313354492,16.219999313354492,16.219999313354492,16.219999313354492,3000,0.0,0.0,0.0
2024-05-21 03:15:00+00:00,16.219999313354492,16.219999313354492,16.209999084472656,16.209999084472656,34376,0.0,0.0,0.0
2024-05-21 03:20:00+00:00,16.209999084472656,16.209999084472656,16.200000762939453,16.200000762939453,16402,0.0,0.0,0.0
2024-05-21 03:25:00+00:00,16.200000762939453,16.219999313354492,16.200000762939453,16.219999313354492,32671,0.0,0.0,0.0
2024-05-21 03:30:00+00:00,16.219999313354492,16.219999313354492,16.209999084472656,16.209999084472656,6393,0.0,0.0,0.0
2024-05-21 03:40:00+00:00,16.219999313354492,16.219999313354492,16.219999313354492,16.219999313354492,2060,0.0,0.0,0.0
2024-05-21 03:45:00+00:00,16.219999313354492,16.219999313354492,16.219999313354492,16.219999313354492,2263,0.0,0.0,0.0
2024-05-21 03:50:00+00:00,16.209999084472656,16.209999084472656,16.200000762939453,16.200000762939453,9345,0.0,0.0,0.0
2024-05-21 03:55:00+00:00,16.200000762939453,16.200000762939453,16.200000762939453,16.200000762939453,6062,0.0,0.0,0.0
2024-05-21 04:00:00+00:00,16.200000762939453,16.200000762939453,16.200000762939453,16.200000762939453,2001,0.0,0.0,0.0
2024-05-21 04:05:00+00:00,16.209999084472656,16.209999084472656,16.209999084472656,16.209999084472656,4000,0.0,0.0,0.0
2024-05-21 04:10:00+00:00,16.219999313354492,16.229999542236328,16.219999313354492,16.229999542236328,12763,0.0,0.0,0.0
2024-05-21 04:20:00+00:00,16.229999542236328,16.239999771118164,16.229999542236328,16.229999542236328,8563,0.0,0.0,0.0
2024-05-21 04:25:00+00:00,16.229999542236328,16.229999542236328,16.229999542236328,16.229999542236328,5120,0.0,0.0,0.0
2024-05-21 04:30:00+00:00,16.229999542236328,16.229999542236328,16.229999542236328,16.229999542236328,4257,0.0,0.0,0.0
2024-05-21 04:35:00+00:00,16.219999313354492,16.219999313354492,16.209999084472656,16.209999084472656,44126,0.0,0.0,0.0
2024-05-21 04:40:00+00:00,16.209999084472656,16.209999084472656,16.209999084472656,16.209999084472656,49250,0.0,0.0,0.0
2024-05-21 04:45:00+00:00,16.209999084472656,16.219999313354492,16.209999084472656,16.219999313354492,5000,0.0,0.0,0.0
2024-05-21 04:50:00+00:00,16.219999313354492,16.229999542236328,16.219999313354492,16.229999542236328,26260,0.0,0.0,0.0
2024-05-21 04:55:00+00:00,16.229999542236328,16.229999542236328,16.219999313354492,16.219999313354492,15527,0.0,0.0,0.0
2024-05-21 05:00:00+00:00,16.219999313354492,16.219999313354492,16.219999313354492,16.219999313354492,4018,0.0,0.0,0.0
2024-05-21 05:05:00+00:00,16.229999542236328,16.229999542236328,16.229999542236328,16.229999542236328,4188,0.0,0.0,0.0
2024-05-21 05:10:00+00:00,16.229999542236328,16.229999542236328,16.209999084472656,16.209999084472656,5348,0.0,0.0,0.0
2024-05-22 01:00:00+00:00,16.200000762939453,16.290000915527344,16.200000762939453,16.290000915527344,0,0.0,0.0,0.0
2024-05-22 01:05:00+00:00,16.299999237060547,16.299999237060547,16.290000915527344,16.290000915527344,37662,0.0,0.0,0.0
2024-05-22 01:10:00+00:00,16.280000686645508,16.280000686645508,16.270000457763672,16.270000457763672,203100,0.0,0.0,0.0
2024-05-22 01:15:00+00:00,16.270000457763672,16.270000457763672,16.270000457763672,16.270000457763672,4000,0.0,0.0,0.0
2024-05-22 01:20:00+00:00,16.280000686645508,16.280000686645508,16.260000228881836,16.260000228881836,20000,0.0,0.0,0.0
2024-05-22 01:25:00+00:00,16.25,16.25,16.229999542236328,16.229999542236328,37563,0.0,0.0,0.0
2024-05-22 01:30:00+00:00,16.229999542236328,16.229999542236328,16.190000534057617,16.190000534057617,66037,0.0,0.0,0.0
2024-05-22 01:35:00+00:00,16.190000534057617,16.200000762939453,16.18000030517578,16.200000762939453,48075,0.0,0.0,0.0
2024-05-22 01:40:00+00:00,16.200000762939453,16.200000762939453,16.190000534057617,16.200000762939453,11210,0.0,0.0,0.0
2024-05-22 01:45:00+00:00,16.200000762939453,16.219999313354492,16.200000762939453,16.209999084472656,97000,0.0,0.0,0.0
2024-05-22 01:50:00+00:00,16.209999084472656,16.209999084472656,16.209999084472656,16.209999084472656,1008,0.0,0.0,0.0
2024-05-22 01:55:00+00:00,16.209999084472656,16.209999084472656,16.200000762939453,16.209999084472656,19400,0.0,0.0,0.0
2024-05-22 02:00:00+00:00,16.209999084472656,16.239999771118164,16.209999084472656,16.239999771118164,34340,0.0,0.0,0.0
2024-05-22 02:05:00+00:00,16.229999542236328,16.229999542236328,16.229999542236328,16.229999542236328,4483,0.0,0.0,0.0
2024-05-22 02:10:00+00:00,16.229999542236328,16.229999542236328,16.229999542236328,16.229999542236328,1000,0.0,0.0,0.0
2024-05-22 02:15:00+00:00,16.239999771118164,16.239999771118164,16.239999771118164,16.239999771118164,36000,0.0,0.0,0.0
2024-05-22 02:20:00+00:00,16.229999542236328,16.229999542236328,16.219999313354492,16.219999313354492,110144,0.0,0.0,0.0
2024-05-22 02:25:00+00:00,16.219999313354492,16.219999313354492,16.209999084472656,16.219999313354492,17322,0.0,0.0,0.0
2024-05-22 02:30:00+00:00,16.219999313354492,16.219999313354492,16.219999313354492,16.219999313354492,14721,0.0,0.0,0.0
2024-05-22 02:35:00+00:00,16.229999542236328,16.239999771118164,16.229999542236328,16.239999771118164,10005,0.0,0.0,0.0
2024-05-22 02:40:00+00:00,16.25,16.270000457763672,16.25,16.270000457763672,39000,0.0,0.0,0.0
2024-05-22 02:45:00+00:00,16.280000686645508,16.290000915527344,16.280000686645508,16.290000915527344,82200,0.0,0.0,0.0
2024-05-22 02:50:00+00:00,16.290000915527344,16.290000915527344,16.290000915527344,16.290000915527344,13740,0.0,0.0,0.0
2024-05-22 02:55:00+00:00,16.290000915527344,16.290000915527344,16.280000686645508,16.290000915527344,9512,0.0,0.0,0.0
2024-05-22 03:05:00+00:00,16.290000915527344,16.290000915527344,16.290000915527344,16.290000915527344,3360,0.0,0.0,0.0
2024-05-22 03:10:00+00:00,16.290000915527344,16.290000915527344,16.290000915527344,16.290000915527344,3100,0.0,0.0,0.0
2024-05-22 03:15:00+00:00,16.290000915527344,16.290000915527344,16.290000915527344,16.290000915527344,3073,0.0,0.0,0.0
2024-05-22 03:20:00+00:00,16.290000915527344,16.290000915527344,16.290000915527344,16.290000915527344,2107,0.0,0.0,0.0
2024-05-22 03:25:00+00:00,16.290000915527344,16.290000915527344,16.290000915527344,16.290000915527344,1090,0.0,0.0,0.0
2024-05-22 03:30:00+00:00,16.280000686645508,16.280000686645508,16.280000686645508,16.280000686645508,11175,0.0,0.0,0.0
2024-05-22 03:35:00+00:00,16.270000457763672,16.280000686645508,16.270000457763672,16.280000686645508,4000,0.0,0.0,0.0
2024-05-22 03:40:00+00:00,16.280000686645508,16.280000686645508,16.280000686645508,16.280000686645508,4000,0.0,0.0,0.0
2024-05-22 03:45:00+00:00,16.270000457763672,16.270000457763672,16.270000457763672,16.270000457763672,28000,0.0,0.0,0.0
2024-05-22 03:50:00+00:00,16.260000228881836,16.260000228881836,16.260000228881836,16.260000228881836,11693,0.0,0.0,0.0
2024-05-22 03:55:00+00:00,16.260000228881836,16.270000457763672,16.260000228881836,16.270000457763672,15000,0.0,0.0,0.0
2024-05-22 04:00:00+00:00,16.270000457763672,16.270000457763672,16.270000457763672,16.270000457763672,7066,0.0,0.0,0.0
2024-05-22 04:05:00+00:00,16.270000457763672,16.270000457763672,16.270000457763672,16.270000457763672,11080,0.0,0.0,0.0
2024-05-22 04:10:00+00:00,16.270000457763672,16.290000915527344,16.270000457763672,16.290000915527344,49929,0.0,0.0,0.0
2024-05-22 04:15:00+00:00,16.299999237060547,16.299999237060547,16.299999237060547,16.299999237060547,51532,0.0,0.0,0.0
2024-05-22 04:20:00+00:00,16.290000915527344,16.299999237060547,16.290000915527344,16.299999237060547,43286,0.0,0.0,0.0
2024-05-22 04:25:00+00:00,16.299999237060547,16.299999237060547,16.299999237060547,16.299999237060547,12921,0.0,0.0,0.0
2024-05-22 04:30:00+00:00,16.299999237060547,16.299999237060547,16.299999237060547,16.299999237060547,5000,0.0,0.0,0.0
2024-05-22 04:35:00+00:00,16.290000915527344,16.290000915527344,16.280000686645508,16.280000686645508,7100,0.0,0.0,0.0
2024-05-22 04:40:00+00:00,16.280000686645508,16.280000686645508,16.280000686645508,16.280000686645508,23614,0.0,0.0,0.0
2024-05-22 04:45:00+00:00,16.280000686645508,16.280000686645508,16.280000686645508,16.280000686645508,7291,0.0,0.0,0.0
2024-05-22 04:55:00+00:00,16.280000686645508,16.280000686645508,16.280000686645508,16.280000686645508,1000,0.0,0.0,0.0
2024-05-22 05:00:00+00:00,16.280000686645508,16.280000686645508,16.280000686645508,16.280000686645508,2146,0.0,0.0,0.0
2024-05-22 05:05:00+00:00,16.280000686645508,16.290000915527344,16.270000457763672,16.290000915527344,55070,0.0,0.0,0.0
2024-05-22 05:10:00+00:00,16.280000686645508,16.280000686645508,16.280000686645508,16.280000686645508,2030,0.0,0.0,0.0
2024-05-23 01:00:00+00:00,16.15999984741211,16.18000030517578,16.15999984741211,16.18000030517578,0,0.0,0.0,0.0
2024-05-23 01:05:00+00:00,16.18000030517578,16.200000762939453,16.15999984741211,16.200000762939453,27091,0.0,0.0,0.0
2024-05-23 01:10:00+00:00,16.200000762939453,16.200000762939453,16.170000076293945,16.170000076293945,243107,0.0,0.0,0.0
2024-05-23 01:15:00+00:00,16.18000030517578,16.18000030517578,16.18000030517578,16.18000030517578,6000,0.0,0.0,0.0
2024-05-23 01:20:00+00:00,16.170000076293945,16.18000030517578,16.170000076293945,16.18000030517578,29530,0.0,0.0,0.0
2024-05-23 01:25:00+00:00,16.18000030517578,16.18000030517578,16.18000030517578,16.18000030517578,5350,0.0,0.0,0.0
2024-05-23 01:30:00+00:00,16.18000030517578,16.190000534057617,16.18000030517578,16.190000534057617,10124,0.0,0.0,0.0
2024-05-23 01:35:00+00:00,16.200000762939453,16.209999084472656,16.200000762939453,16.209999084472656,41041,0.0,0.0,0.0
2024-05-23 01:40:00+00:00,16.219999313354492,16.219999313354492,16.219999313354492,16.219999313354492,2161,0.0,0.0,0.0
2024-05-23 01:45:00+00:00,16.229999542236328,16.229999542236328,16.209999084472656,16.209999084472656,33340,0.0,0.0,0.0
2024-05-23 01:50:00+00:00,16.209999084472656,16.209999084472656,16.209999084472656,16.209999084472656,2384,0.0,0.0,0.0
2024-05-23 01:55:00+00:00,16.209999084472656,16.219999313354492,16.209999084472656,16.219999313354492,11100,0.0,0.0,0.0
2024-05-23 02:00:00+00:00,16.229999542236328,16.229999542236328,16.209999084472656,16.229999542236328,6378,0.0,0.0,0.0
2024-05-23 02:05:00+00:00,16.229999542236328,16.229999542236328,16.229999542236328,16.229999542236328,1015,0.0,0.0,0.0
2024-05-23 02:10:00+00:00,16.229999542236328,16.229999542236328,16.229999542236328,16.229999542236328,3764,0.0,0.0,0.0
2024-05-23 02:15:00+00:00,16.229999542236328,16.229999542236328,16.229999542236328,16.229999542236328,3200,0.0,0.0,0.0
2024-05-23 02:20:00+00:00,16.229999542236328,16.229999542236328,16.229999542236328,16.229999542236328,83332,0.0,0.0,0.0
2024-05-23 02:25:00+00:00,16.229999542236328,16.25,16.229999542236328,16.25,3000,0.0,0.0,0.0
2024-05-23 02:30:00+00:00,16.25,16.25,16.229999542236328,16.229999542236328,12120,0.0,0.0,0.0
2024-05-23 02:35:00+00:00,16.229999542236328,16.229999542236328,16.229999542236328,16.229999542236328,1000,0.0,0.0,0.0
2024-05-23 02:40:00+00:00,16.229999542236328,16.229999542236328,16.219999313354492,16.229999542236328,7250,0.0,0.0,0.0
2024-05-23 02:45:00+00:00,16.229999542236328,16.229999542236328,16.219999313354492,16.229999542236328,41296,0.0,0.0,0.0
2024-05-23 02:50:00+00:00,16.219999313354492,16.219999313354492,16.219999313354492,16.219999313354492,4200,0.0,0.0,0.0
2024-05-23 03:00:00+00:00,16.219999313354492,16.219999313354492,16.209999084472656,16.209999084472656,38150,0.0,0.0,0.0
2024-05-23 03:05:00+00:00,16.209999084472656,16.209999084472656,16.209999084472656,16.209999084472656,1000,0.0,0.0,0.0
2024-05-23 03:10:00+00:00,16.200000762939453,16.200000762939453,16.200000762939453,16.200000762939453,48804,0.0,0.0,0.0
2024-05-23 03:15:00+00:00,16.209999084472656,16.209999084472656,16.209999084472656,16.209999084472656,4641,0.0,0.0,0.0
2024-05-23 03:20:00+00:00,16.209999084472656,16.219999313354492,16.209999084472656,16.219999313354492,52365,0.0,0.0,0.0
2024-05-23 03:35:00+00:00,16.209999084472656,16.209999084472656,16.209999084472656,16.209999084472656,2709,0.0,0.0,0.0
2024-05-23 03:45:00+00:00,16.209999084472656,16.209999084472656,16.209999084472656,16.209999084472656,28298,0.0,0.0,0.0
2024-05-23 03:55:00+00:00,16.209999084472656,16.209999084472656,16.209999084472656,16.209999084472656,4988,0.0,0.0,0.0
2024-05-23 04:00:00+00:00,16.200000762939453,16.200000762939453,16.190000534057617,16.190000534057617,20000,0.0,0.0,0.0
2024-05-23 04:05:00+00:00,16.200000762939453,16.209999084472656,16.200000762939453,16.209999084472656,2000,0.0,0.0,0.0
2024-05-23 04:10:00+00:00,16.209999084472656,16.209999084472656,16.209999084472656,16.209999084472656,11000,0.0,0.0,0.0
2024-05-23 04:15:00+00:00,16.200000762939453,16.200000762939453,16.200000762939453,16.200000762939453,10000,0.0,0.0,0.0
2024-05-23 04:20:00+00:00,16.200000762939453,16.200000762939453,16.200000762939453,16.200000762939453,32430,0.0,0.0,0.0
2024-05-23 04:25:00+00:00,16.200000762939453,16.200000762939453,16.200000762939453,16.200000762939453,3000,0.0,0.0,0.0
2024-05-23 04:30:00+00:00,16.200000762939453,16.209999084472656,16.200000762939453,16.209999084472656,53200,0.0,0.0,0.0
2024-05-23 04:35:00+00:00,16.209999084472656,16.209999084472656,16.209999084472656,16.209999084472656,3298,0.0,0.0,0.0
2024-05-23 04:40:00+00:00,16.200000762939453,16.200000762939453,16.190000534057617,16.190000534057617,13672,0.0,0.0,0.0
2024-05-23 04:45:00+00:00,16.190000534057617,16.200000762939453,16.190000534057617,16.200000762939453,74230,0.0,0.0,0.0
2024-05-23 04:50:00+00:00,16.200000762939453,16.200000762939453,16.200000762939453,16.200000762939453,6196,0.0,0.0,0.0
2024-05-23 04:55:00+00:00,16.200000762939453,16.209999084472656,16.200000762939453,16.200000762939453,6311,0.0,0.0,0.0
2024-05-23 05:00:00+00:00,16.200000762939453,16.200000762939453,16.200000762939453,16.200000762939453,70050,0.0,0.0,0.0
2024-05-23 05:05:00+00:00,16.200000762939453,16.209999084472656,16.200000762939453,16.200000762939453,8333,0.0,0.0,0.0
2024-05-24 01:00:00+00:00,16.190000534057617,16.209999084472656,16.190000534057617,16.209999084472656,0,0.0,0.0,0.0
2024-05-24 01:05:00+00:00,16.209999084472656,16.239999771118164,16.209999084472656,16.239999771118164,38545,0.0,0.0,0.0
2024-05-24 01:10:00+00:00,16.229999542236328,16.239999771118164,16.229999542236328,16.239999771118164,46000,0.0,0.0,0.0
2024-05-24 01:15:00+00:00,16.239999771118164,16.25,16.229999542236328,16.229999542236328,213358,0.0,0.0,0.0
2024-05-24 01:20:00+00:00,16.229999542236328,16.229999542236328,16.229999542236328,16.229999542236328,111050,0.0,0.0,0.0
2024-05-24 01:25:00+00:00,16.229999542236328,16.229999542236328,16.229999542236328,16.229999542236328,2129,0.0,0.0,0.0
2024-05-24 01:30:00+00:00,16.229999542236328,16.25,16.229999542236328,16.25,126000,0.0,0.0,0.0
2024-05-24 01:35:00+00:00,16.25,16.260000228881836,16.229999542236328,16.239999771118164,145759,0.0,0.0,0.0
2024-05-24 01:40:00+00:00,16.25,16.280000686645508,16.25,16.280000686645508,150150,0.0,0.0,0.0
2024-05-24 01:45:00+00:00,16.260000228881836,16.280000686645508,16.260000228881836,16.280000686645508,41010,0.0,0.0,0.0
2024-05-24 01:50:00+00:00,16.280000686645508,16.290000915527344,16.280000686645508,16.290000915527344,14020,0.0,0.0,0.0
2024-05-24 01:55:00+00:00,16.280000686645508,16.31999969482422,16.280000686645508,16.31999969482422,139332,0.0,0.0,0.0
2024-05-24 02:00:00+00:00,16.31999969482422,16.31999969482422,16.309999465942383,16.309999465942383,112000,0.0,0.0,0.0
2024-05-24 02:05:00+00:00,16.299999237060547,16.299999237060547,16.299999237060547,16.299999237060547,1690,0.0,0.0,0.0
2024-05-24 02:10:00+00:00,16.309999465942383,16.309999465942383,16.299999237060547,16.299999237060547,36000,0.0,0.0,0.0
2024-05-24 02:15:00+00:00,16.290000915527344,16.290000915527344,16.290000915527344,16.290000915527344,4000,0.0,0.0,0.0
2024-05-24 02:20:00+00:00,16.290000915527344,16.309999465942383,16.290000915527344,16.309999465942383,135060,0.0,0.0,0.0
2024-05-24 02:25:00+00:00,16.31999969482422,16.350000381469727,16.31999969482422,16.350000381469727,108401,0.0,0.0,0.0
2024-05-24 02:30:00+00:00,16.350000381469727,16.350000381469727,16.350000381469727,16.350000381469727,2410,0.0,0.0,0.0
2024-05-24 02:35:00+00:00,16.34000015258789,16.34000015258789,16.329999923706055,16.34000015258789,60697,0.0,0.0,0.0
2024-05-24 02:40:00+00:00,16.34000015258789,16.34000015258789,16.34000015258789,16.34000015258789,3150,0.0,0.0,0.0
2024-05-24 02:45:00+00:00,16.34000015258789,16.34000015258789,16.329999923706055,16.329999923706055,6000,0.0,0.0,0.0
2024-05-24 02:50:00+00:00,16.329999923706055,16.329999923706055,16.31999969482422,16.31999969482422,48253,0.0,0.0,0.0
2024-05-24 02:55:00+00:00,16.309999465942383,16.309999465942383,16.309999465942383,16.309999465942383,1150,0.0,0.0,0.0
2024-05-24 03:00:00+00:00,16.309999465942383,16.309999465942383,16.309999465942383,16.309999465942383,69271,0.0,0.0,0.0
2024-05-24 03:30:00+00:00,16.309999465942383,16.309999465942383,16.309999465942383,16.309999465942383,5000,0.0,0.0,0.0
2024-05-24 03:35:00+00:00,16.309999465942383,16.309999465942383,16.309999465942383,16.309999465942383,1000,0.0,0.0,0.0
2024-05-24 03:45:00+00:00,16.309999465942383,16.309999465942383,16.309999465942383,16.309999465942383,6100,0.0,0.0,0.0
2024-05-24 03:55:00+00:00,16.309999465942383,16.309999465942383,16.309999465942383,16.309999465942383,5040,0.0,0.0,0.0
2024-05-24 04:00:00+00:00,16.299999237060547,16.299999237060547,16.299999237060547,16.299999237060547,6000,0.0,0.0,0.0
2024-05-24 04:05:00+00:00,16.290000915527344,16.299999237060547,16.290000915527344,16.299999237060547,2000,0.0,0.0,0.0
2024-05-24 04:10:00+00:00,16.299999237060547,16.299999237060547,16.299999237060547,16.299999237060547,1000,0.0,0.0,0.0
2024-05-24 04:15:00+00:00,16.299999237060547,16.299999237060547,16.299999237060547,16.299999237060547,10007,0.0,0.0,0.0
2024-05-24 04:20:00+00:00,16.290000915527344,16.290000915527344,16.290000915527344,16.290000915527344,1427,0.0,0.0,0.0
2024-05-24 04:25:00+00:00,16.290000915527344,16.290000915527344,16.290000915527344,16.290000915527344,5467,0.0,0.0,0.0
2024-05-24 04:30:00+00:00,16.290000915527344,16.290000915527344,16.280000686645508,16.280000686645508,62000,0.0,0.0,0.0
2024-05-24 04:35:00+00:00,16.299999237060547,16.299999237060547,16.280000686645508,16.280000686645508,6197,0.0,0.0,0.0
2024-05-24 04:40:00+00:00,16.280000686645508,16.280000686645508,16.280000686645508,16.280000686645508,5033,0.0,0.0,0.0
2024-05-24 04:45:00+00:00,16.270000457763672,16.270000457763672,16.270000457763672,16.270000457763672,6206,0.0,0.0,0.0
2024-05-24 04:50:00+00:00,16.270000457763672,16.290000915527344,16.270000457763672,16.290000915527344,13170,0.0,0.0,0.0
2024-05-24 04:55:00+00:00,16.290000915527344,16.290000915527344,16.290000915527344,16.290000915527344,4035,0.0,0.0,0.0
2024-05-24 05:00:00+00:00,16.290000915527344,16.299999237060547,16.290000915527344,16.290000915527344,30085,0.0,0.0,0.0
2024-05-24 05:10:00+00:00,16.290000915527344,16.290000915527344,16.290000915527344,16.290000915527344,11000,0.0,0.0,0.0
2024-05-24 05:15:00+00:00,16.290000915527344,16.290000915527344,16.290000915527344,16.290000915527344,5425,0.0,0.0,0.0
2024-05-24 05:20:00+00:00,16.299999237060547,16.309999465942383,16.299999237060547,16.309999465942383,36276,0.0,0.0,0.0
2024-05-27 01:00:00+00:00,16.329999923706055,16.360000610351562,16.329999923706055,16.360000610351562,0,0.0,0.0,0.0
2024-05-27 01:05:00+00:00,16.3700008392334,16.399999618530273,16.3700008392334,16.399999618530273,23662,0.0,0.0,0.0
2024-05-27 01:10:00+00:00,16.3700008392334,16.3700008392334,16.360000610351562,16.3700008392334,24239,0.0,0.0,0.0
2024-05-27 01:15:00+00:00,16.3799991607666,16.3799991607666,16.350000381469727,16.350000381469727,20140,0.0,0.0,0.0
2024-05-27 01:20:00+00:00,16.34000015258789,16.360000610351562,16.34000015258789,16.34000015258789,23320,0.0,0.0,0.0
2024-05-27 01:25:00+00:00,16.34000015258789,16.34000015258789,16.329999923706055,16.329999923706055,40110,0.0,0.0,0.0
2024-05-27 01:30:00+00:00,16.34000015258789,16.350000381469727,16.329999923706055,16.34000015258789,109348,0.0,0.0,0.0
2024-05-27 01:35:00+00:00,16.31999969482422,16.329999923706055,16.31999969482422,16.329999923706055,108444,0.0,0.0,0.0
2024-05-27 01:45:00+00:00,16.34000015258789,16.350000381469727,16.34000015258789,16.350000381469727,39308,0.0,0.0,0.0
2024-05-27 01:50:00+00:00,16.360000610351562,16.3700008392334,16.360000610351562,16.3700008392334,37122,0.0,0.0,0.0
2024-05-27 01:55:00+00:00,16.3799991607666,16.420000076293945,16.3799991607666,16.420000076293945,111181,0.0,0.0,0.0
2024-05-27 02:00:00+00:00,16.43000030517578,16.43000030517578,16.43000030517578,16.43000030517578,3750,0.0,0.0,0.0
2024-05-27 02:05:00+00:00,16.43000030517578,16.450000762939453,16.43000030517578,16.450000762939453,60450,0.0,0.0,0.0
2024-05-27 02:10:00+00:00,16.440000534057617,16.440000534057617,16.440000534057617,16.440000534057617,11030,0.0,0.0,0.0
2024-05-27 02:15:00+00:00,16.450000762939453,16.450000762939453,16.43000030517578,16.440000534057617,50676,0.0,0.0,0.0
2024-05-27 02:20:00+00:00,16.440000534057617,16.440000534057617,16.440000534057617,16.440000534057617,48471,0.0,0.0,0.0
2024-05-27 02:25:00+00:00,16.440000534057617,16.440000534057617,16.440000534057617,16.440000534057617,5100,0.0,0.0,0.0
2024-05-27 02:30:00+00:00,16.450000762939453,16.450000762939453,16.450000762939453,16.450000762939453,3150,0.0,0.0,0.0
2024-05-27 02:35:00+00:00,16.450000762939453,16.459999084472656,16.450000762939453,16.459999084472656,28216,0.0,0.0,0.0
2024-05-27 02:40:00+00:00,16.450000762939453,16.450000762939453,16.450000762939453,16.450000762939453,4300,0.0,0.0,0.0
2024-05-27 02:45:00+00:00,16.459999084472656,16.459999084472656,16.459999084472656,16.459999084472656,3070,0.0,0.0,0.0
2024-05-27 02:50:00+00:00,16.450000762939453,16.450000762939453,16.450000762939453,16.450000762939453,6150,0.0,0.0,0.0
2024-05-27 02:55:00+00:00,16.450000762939453,16.450000762939453,16.450000762939453,16.450000762939453,10000,0.0,0.0,0.0
2024-05-27 03:00:00+00:00,16.450000762939453,16.450000762939453,16.450000762939453,16.450000762939453,53200,0.0,0.0,0.0
2024-05-27 03:05:00+00:00,16.459999084472656,16.469999313354492,16.459999084472656,16.469999313354492,42550,0.0,0.0,0.0
2024-05-27 03:10:00+00:00,16.469999313354492,16.469999313354492,16.469999313354492,16.469999313354492,3000,0.0,0.0,0.0
2024-05-27 03:15:00+00:00,16.479999542236328,16.479999542236328,16.469999313354492,16.469999313354492,6265,0.0,0.0,0.0
2024-05-27 03:20:00+00:00,16.469999313354492,16.489999771118164,16.469999313354492,16.489999771118164,68000,0.0,0.0,0.0
2024-05-27 03:25:00+00:00,16.489999771118164,16.489999771118164,16.489999771118164,16.489999771118164,2620,0.0,0.0,0.0
2024-05-27 03:30:00+00:00,16.5,16.5,16.5,16.5,104177,0.0,0.0,0.0
2024-05-27 03:35:00+00:00,16.489999771118164,16.5,16.489999771118164,16.5,117000,0.0,0.0,0.0
2024-05-27 03:40:00+00:00,16.510000228881836,16.510000228881836,16.510000228881836,16.510000228881836,15000,0.0,0.0,0.0
2024-05-27 03:45:00+00:00,16.520000457763672,16.520000457763672,16.520000457763672,16.520000457763672,10031,0.0,0.0,0.0
2024-05-27 03:50:00+00:00,16.520000457763672,16.520000457763672,16.520000457763672,16.520000457763672,1050,0.0,0.0,0.0
2024-05-27 03:55:00+00:00,16.530000686645508,16.540000915527344,16.530000686645508,16.540000915527344,10120,0.0,0.0,0.0
2024-05-27 04:00:00+00:00,16.540000915527344,16.549999237060547,16.540000915527344,16.549999237060547,23010,0.0,0.0,0.0
2024-05-27 04:05:00+00:00,16.549999237060547,16.579999923706055,16.549999237060547,16.579999923706055,65946,0.0,0.0,0.0
2024-05-27 04:10:00+00:00,16.579999923706055,16.600000381469727,16.579999923706055,16.600000381469727,40156,0.0,0.0,0.0
2024-05-27 04:15:00+00:00,16.600000381469727,16.610000610351562,16.600000381469727,16.610000610351562,39070,0.0,0.0,0.0
2024-05-27 04:20:00+00:00,16.610000610351562,16.6200008392334,16.610000610351562,16.610000610351562,58781,0.0,0.0,0.0
2024-05-27 04:30:00+00:00,16.610000610351562,16.610000610351562,16.600000381469727,16.600000381469727,34100,0.0,0.0,0.0
2024-05-27 04:35:00+00:00,16.610000610351562,16.610000610351562,16.610000610351562,16.610000610351562,14190,0.0,0.0,0.0
2024-05-27 04:40:00+00:00,16.59000015258789,16.600000381469727,16.59000015258789,16.600000381469727,21984,0.0,0.0,0.0
2024-05-27 04:45:00+00:00,16.59000015258789,16.59000015258789,16.59000015258789,16.59000015258789,20100,0.0,0.0,0.0
2024-05-27 04:50:00+00:00,16.579999923706055,16.579999923706055,16.549999237060547,16.549999237060547,264547,0.0,0.0,0.0
2024-05-27 04:55:00+00:00,16.559999465942383,16.56999969482422,16.549999237060547,16.549999237060547,44207,0.0,0.0,0.0
2024-05-27 05:00:00+00:00,16.56999969482422,16.56999969482422,16.56999969482422,16.56999969482422,254582,0.0,0.0,0.0
2024-05-27 05:05:00+00:00,16.56999969482422,16.579999923706055,16.56999969482422,16.579999923706055,13000,0.0,0.0,0.0
2024-05-27 05:10:00+00:00,16.56999969482422,16.56999969482422,16.56999969482422,16.56999969482422,13117,0.0,0.0,0.0
2024-05-27 05:15:00+00:00,16.56999969482422,16.56999969482422,16.559999465942383,16.559999465942383,7100,0.0,0.0,0.0
2024-05-27 05:20:00+00:00,16.56999969482422,16.56999969482422,16.549999237060547,16.549999237060547,116000,0.0,0.0,0.0
2024-05-28 01:00:00+00:00,16.559999465942383,16.600000381469727,16.559999465942383,16.600000381469727,0,0.0,0.0,0.0
2024-05-28 01:05:00+00:00,16.579999923706055,16.6200008392334,16.579999923706055,16.610000610351562,267969,0.0,0.0,0.0
2024-05-28 01:10:00+00:00,16.6200008392334,16.6299991607666,16.6200008392334,16.6299991607666,219436,0.0,0.0,0.0
2024-05-28 01:15:00+00:00,16.6200008392334,16.649999618530273,16.6200008392334,16.649999618530273,236480,0.0,0.0,0.0
2024-05-28 01:20:00+00:00,16.649999618530273,16.649999618530273,16.639999389648438,16.639999389648438,52000,0.0,0.0,0.0
2024-05-28 01:25:00+00:00,16.639999389648438,16.639999389648438,16.6200008392334,16.6200008392334,62395,0.0,0.0,0.0
2024-05-28 01:30:00+00:00,16.610000610351562,16.610000610351562,16.600000381469727,16.610000610351562,7008,0.0,0.0,0.0
2024-05-28 01:35:00+00:00,16.610000610351562,16.610000610351562,16.600000381469727,16.600000381469727,11227,0.0,0.0,0.0
2024-05-28 01:40:00+00:00,16.610000610351562,16.610000610351562,16.600000381469727,16.600000381469727,7085,0.0,0.0,0.0
2024-05-28 01:45:00+00:00,16.600000381469727,16.610000610351562,16.600000381469727,16.610000610351562,39227,0.0,0.0,0.0
2024-05-28 01:50:00+00:00,16.610000610351562,16.610000610351562,16.600000381469727,16.600000381469727,22045,0.0,0.0,0.0
2024-05-28 01:55:00+00:00,16.6200008392334,16.6200008392334,16.610000610351562,16.6200008392334,17427,0.0,0.0,0.0
2024-05-28 02:00:00+00:00,16.6299991607666,16.65999984741211,16.6299991607666,16.65999984741211,51353,0.0,0.0,0.0
2024-05-28 02:05:00+00:00,16.65999984741211,16.670000076293945,16.649999618530273,16.65999984741211,49519,0.0,0.0,0.0
2024-05-28 02:10:00+00:00,16.65999984741211,16.68000030517578,16.65999984741211,16.68000030517578,124500,0.0,0.0,0.0
2024-05-28 02:15:00+00:00,16.68000030517578,16.700000762939453,16.68000030517578,16.700000762939453,138367,0.0,0.0,0.0
2024-05-28 02:20:00+00:00,16.719999313354492,16.719999313354492,16.719999313354492,16.719999313354492,12019,0.0,0.0,0.0
2024-05-28 02:25:00+00:00,16.729999542236328,16.739999771118164,16.729999542236328,16.739999771118164,7378,0.0,0.0,0.0
2024-05-28 02:30:00+00:00,16.729999542236328,16.729999542236328,16.729999542236328,16.729999542236328,12270,0.0,0.0,0.0
2024-05-28 02:35:00+00:00,16.729999542236328,16.739999771118164,16.729999542236328,16.739999771118164,57526,0.0,0.0,0.0
2024-05-28 02:40:00+00:00,16.75,16.75,16.739999771118164,16.75,36257,0.0,0.0,0.0
2024-05-28 02:45:00+00:00,16.739999771118164,16.739999771118164,16.729999542236328,16.729999542236328,12100,0.0,0.0,0.0
2024-05-28 02:50:00+00:00,16.709999084472656,16.719999313354492,16.700000762939453,16.719999313354492,103026,0.0,0.0,0.0
2024-05-28 02:55:00+00:00,16.700000762939453,16.709999084472656,16.700000762939453,16.700000762939453,21041,0.0,0.0,0.0
2024-05-28 03:00:00+00:00,16.700000762939453,16.700000762939453,16.68000030517578,16.700000762939453,3239,0.0,0.0,0.0
2024-05-28 03:05:00+00:00,16.700000762939453,16.700000762939453,16.700000762939453,16.700000762939453,5846,0.0,0.0,0.0
2024-05-28 03:20:00+00:00,16.700000762939453,16.700000762939453,16.700000762939453,16.700000762939453,3000,0.0,0.0,0.0
2024-05-28 03:25:00+00:00,16.700000762939453,16.700000762939453,16.700000762939453,16.700000762939453,4226,0.0,0.0,0.0
2024-05-28 03:30:00+00:00,16.690000534057617,16.700000762939453,16.690000534057617,16.700000762939453,183234,0.0,0.0,0.0
2024-05-28 03:35:00+00:00,16.700000762939453,16.700000762939453,16.700000762939453,16.700000762939453,2254,0.0,0.0,0.0
2024-05-28 03:45:00+00:00,16.700000762939453,16.700000762939453,16.690000534057617,16.690000534057617,104026,0.0,0.0,0.0
2024-05-28 03:50:00+00:00,16.690000534057617,16.700000762939453,16.690000534057617,16.700000762939453,100302,0.0,0.0,0.0
2024-05-28 04:00:00+00:00,16.709999084472656,16.709999084472656,16.709999084472656,16.709999084472656,11142,0.0,0.0,0.0
2024-05-28 04:05:00+00:00,16.700000762939453,16.700000762939453,16.68000030517578,16.68000030517578,121217,0.0,0.0,0.0
2024-05-28 04:10:00+00:00,16.670000076293945,16.68000030517578,16.65999984741211,16.68000030517578,104058,0.0,0.0,0.0
2024-05-28 04:15:00+00:00,16.670000076293945,16.670000076293945,16.670000076293945,16.670000076293945,1025,0.0,0.0,0.0
2024-05-28 04:20:00+00:00,16.670000076293945,16.670000076293945,16.65999984741211,16.65999984741211,15983,0.0,0.0,0.0
2024-05-28 04:25:00+00:00,16.649999618530273,16.649999618530273,16.639999389648438,16.639999389648438,23360,0.0,0.0,0.0
2024-05-28 04:30:00+00:00,16.649999618530273,16.649999618530273,16.639999389648438,16.639999389648438,101125,0.0,0.0,0.0
2024-05-28 04:35:00+00:00,16.639999389648438,16.649999618530273,16.639999389648438,16.639999389648438,39000,0.0,0.0,0.0
2024-05-28 04:40:00+00:00,16.6299991607666,16.6299991607666,16.6200008392334,16.6200008392334,64034,0.0,0.0,0.0
2024-05-28 04:45:00+00:00,16.6200008392334,16.6200008392334,16.579999923706055,16.579999923706055,166460,0.0,0.0,0.0
2024-05-28 04:50:00+00:00,16.56999969482422,16.56999969482422,16.56999969482422,16.56999969482422,3300,0.0,0.0,0.0
2024-05-28 04:55:00+00:00,16.59000015258789,16.6200008392334,16.59000015258789,16.6200008392334,383060,0.0,0.0,0.0
2024-05-28 05:00:00+00:00,16.6299991607666,16.6299991607666,16.6299991607666,16.6299991607666,5660,0.0,0.0,0.0
2024-05-28 05:05:00+00:00,16.6200008392334,16.6299991607666,16.6200008392334,16.6299991607666,5493,0.0,0.0,0.0
2024-05-28 05:15:00+00:00,16.6299991607666,16.6299991607666,16.6299991607666,16.6299991607666,3528,0.0,0.0,0.0
2024-05-28 05:20:00+00:00,16.639999389648438,16.639999389648438,16.639999389648438,16.639999389648438,24430,0.0,0.0,0.0
2024-05-29 01:00:00+00:00,16.639999389648438,16.670000076293945,16.639999389648438,16.670000076293945,231000,0.0,0.0,0.0
2024-05-29 01:05:00+00:00,16.670000076293945,16.68000030517578,16.670000076293945,16.68000030517578,7000,0.0,0.0,0.0
2024-05-29 01:10:00+00:00,16.68000030517578,16.700000762939453,16.65999984741211,16.700000762939453,39824,0.0,0.0,0.0
2024-05-29 01:15:00+00:00,16.68000030517578,16.68000030517578,16.670000076293945,16.670000076293945,104150,0.0,0.0,0.0
2024-05-29 01:20:00+00:00,16.65999984741211,16.65999984741211,16.639999389648438,16.649999618530273,59713,0.0,0.0,0.0
2024-05-29 01:25:00+00:00,16.649999618530273,16.649999618530273,16.6299991607666,16.6299991607666,16110,0.0,0.0,0.0
2024-05-29 01:30:00+00:00,16.6200008392334,16.6299991607666,16.6200008392334,16.6299991607666,9200,0.0,0.0,0.0
2024-05-29 01:35:00+00:00,16.610000610351562,16.610000610351562,16.610000610351562,16.610000610351562,105313,0.0,0.0,0.0
2024-05-29 01:40:00+00:00,16.610000610351562,16.610000610351562,16.600000381469727,16.610000610351562,42147,0.0,0.0,0.0
2024-05-29 01:45:00+00:00,16.610000610351562,16.610000610351562,16.610000610351562,16.610000610351562,103125,0.0,0.0,0.0
2024-05-29 01:55:00+00:00,16.6200008392334,16.6200008392334,16.600000381469727,16.600000381469727,20050,0.0,0.0,0.0
2024-05-29 02:00:00+00:00,16.610000610351562,16.610000610351562,16.610000610351562,16.610000610351562,17200,0.0,0.0,0.0
2024-05-29 02:05:00+00:00,16.610000610351562,16.610000610351562,16.610000610351562,16.610000610351562,5385,0.0,0.0,0.0
2024-05-29 02:10:00+00:00,16.610000610351562,16.6200008392334,16.610000610351562,16.6200008392334,4100,0.0,0.0,0.0
2024-05-29 02:15:00+00:00,16.6299991607666,16.6299991607666,16.600000381469727,16.600000381469727,15110,0.0,0.0,0.0
2024-05-29 02:20:00+00:00,16.600000381469727,16.610000610351562,16.600000381469727,16.600000381469727,94461,0.0,0.0,0.0
2024-05-29 02:25:00+00:00,16.600000381469727,16.600000381469727,16.600000381469727,16.600000381469727,1060,0.0,0.0,0.0
2024-05-29 02:30:00+00:00,16.600000381469727,16.600000381469727,16.56999969482422,16.56999969482422,23100,0.0,0.0,0.0
2024-05-29 02:35:00+00:00,16.56999969482422,16.56999969482422,16.56999969482422,16.56999969482422,107400,0.0,0.0,0.0
2024-05-29 02:40:00+00:00,16.56999969482422,16.56999969482422,16.559999465942383,16.559999465942383,14500,0.0,0.0,0.0
2024-05-29 02:45:00+00:00,16.56999969482422,16.56999969482422,16.549999237060547,16.559999465942383,16081,0.0,0.0,0.0
2024-05-29 02:50:00+00:00,16.559999465942383,16.559999465942383,16.540000915527344,16.540000915527344,38293,0.0,0.0,0.0
2024-05-29 02:55:00+00:00,16.540000915527344,16.540000915527344,16.540000915527344,16.540000915527344,71100,0.0,0.0,0.0
2024-05-29 03:00:00+00:00,16.540000915527344,16.540000915527344,16.5,16.5,58532,0.0,0.0,0.0
2024-05-29 03:05:00+00:00,16.5,16.5,16.469999313354492,16.469999313354492,110375,0.0,0.0,0.0
2024-05-29 03:10:00+00:00,16.469999313354492,16.469999313354492,16.450000762939453,16.450000762939453,39955,0.0,0.0,0.0
2024-05-29 03:15:00+00:00,16.450000762939453,16.450000762939453,16.450000762939453,16.450000762939453,14691,0.0,0.0,0.0
2024-05-29 03:20:00+00:00,16.450000762939453,16.450000762939453,16.440000534057617,16.440000534057617,20811,0.0,0.0,0.0
2024-05-29 03:25:00+00:00,16.43000030517578,16.440000534057617,16.43000030517578,16.43000030517578,63183,0.0,0.0,0.0
2024-05-29 03:30:00+00:00,16.43000030517578,16.43000030517578,16.40999984741211,16.40999984741211,84100,0.0,0.0,0.0
2024-05-29 03:35:00+00:00,16.40999984741211,16.420000076293945,16.40999984741211,16.40999984741211,20000,0.0,0.0,0.0
2024-05-29 03:40:00+00:00,16.40999984741211,16.450000762939453,16.399999618530273,16.440000534057617,581006,0.0,0.0,0.0
2024-05-29 03:45:00+00:00,16.450000762939453,16.459999084472656,16.450000762939453,16.450000762939453,222165,0.0,0.0,0.0
2024-05-29 03:55:00+00:00,16.450000762939453,16.450000762939453,16.440000534057617,16.450000762939453,5363,0.0,0.0,0.0
2024-05-29 04:00:00+00:00,16.450000762939453,16.450000762939453,16.450000762939453,16.450000762939453,1000,0.0,0.0,0.0
2024-05-29 04:05:00+00:00,16.450000762939453,16.450000762939453,16.43000030517578,16.450000762939453,11000,0.0,0.0,0.0
2024-05-29 04:10:00+00:00,16.450000762939453,16.450000762939453,16.43000030517578,16.440000534057617,28313,0.0,0.0,0.0
2024-05-29 04:15:00+00:00,16.440000534057617,16.440000534057617,16.440000534057617,16.440000534057617,1003,0.0,0.0,0.0
2024-05-29 04:20:00+00:00,16.459999084472656,16.459999084472656,16.450000762939453,16.450000762939453,3182,0.0,0.0,0.0
2024-05-29 04:25:00+00:00,16.459999084472656,16.469999313354492,16.459999084472656,16.469999313354492,10354,0.0,0.0,0.0
2024-05-29 04:30:00+00:00,16.479999542236328,16.479999542236328,16.479999542236328,16.479999542236328,1129,0.0,0.0,0.0
2024-05-29 04:35:00+00:00,16.479999542236328,16.479999542236328,16.479999542236328,16.479999542236328,2379,0.0,0.0,0.0
2024-05-29 04:40:00+00:00,16.479999542236328,16.479999542236328,16.469999313354492,16.479999542236328,11100,0.0,0.0,0.0
2024-05-29 04:45:00+00:00,16.469999313354492,16.469999313354492,16.469999313354492,16.469999313354492,2330,0.0,0.0,0.0
2024-05-29 04:50:00+00:00,16.479999542236328,16.479999542236328,16.479999542236328,16.479999542236328,3470,0.0,0.0,0.0
2024-05-29 04:55:00+00:00,16.459999084472656,16.459999084472656,16.450000762939453,16.450000762939453,124302,0.0,0.0,0.0
2024-05-29 05:00:00+00:00,16.450000762939453,16.450000762939453,16.43000030517578,16.43000030517578,110337,0.0,0.0,0.0
2024-05-29 05:05:00+00:00,16.43000030517578,16.43000030517578,16.43000030517578,16.43000030517578,11074,0.0,0.0,0.0
2024-05-29 05:10:00+00:00,16.440000534057617,16.450000762939453,16.440000534057617,16.450000762939453,4478,0.0,0.0,0.0
2024-05-29 05:15:00+00:00,16.450000762939453,16.450000762939453,16.440000534057617,16.440000534057617,12600,0.0,0.0,0.0
2024-05-29 05:20:00+00:00,16.440000534057617,16.440000534057617,16.43000030517578,16.43000030517578,12080,0.0,0.0,0.0
2024-05-30 01:00:00+00:00,16.34000015258789,16.34000015258789,16.290000915527344,16.329999923706055,105000,0.0,0.0,0.0
2024-05-30 01:05:00+00:00,16.34000015258789,16.34000015258789,16.270000457763672,16.280000686645508,234000,0.0,0.0,0.0
2024-05-30 01:10:00+00:00,16.270000457763672,16.280000686645508,16.25,16.280000686645508,24572,0.0,0.0,0.0
2024-05-30 01:15:00+00:00,16.280000686645508,16.290000915527344,16.270000457763672,16.270000457763672,323398,0.0,0.0,0.0
2024-05-30 01:20:00+00:00,16.280000686645508,16.299999237060547,16.270000457763672,16.299999237060547,119000,0.0,0.0,0.0
2024-05-30 01:25:00+00:00,16.31999969482422,16.31999969482422,16.309999465942383,16.309999465942383,57000,0.0,0.0,0.0
2024-05-30 01:30:00+00:00,16.31999969482422,16.3700008392334,16.31999969482422,16.3700008392334,121912,0.0,0.0,0.0
2024-05-30 01:35:00+00:00,16.399999618530273,16.399999618530273,16.399999618530273,16.399999618530273,5200,0.0,0.0,0.0
2024-05-30 01:40:00+00:00,16.420000076293945,16.440000534057617,16.420000076293945,16.43000030517578,111147,0.0,0.0,0.0
2024-05-30 01:45:00+00:00,16.420000076293945,16.420000076293945,16.420000076293945,16.420000076293945,1000,0.0,0.0,0.0
2024-05-30 01:50:00+00:00,16.420000076293945,16.420000076293945,16.389999389648438,16.389999389648438,82431,0.0,0.0,0.0
2024-05-30 01:55:00+00:00,16.3799991607666,16.3799991607666,16.3799991607666,16.3799991607666,7001,0.0,0.0,0.0
2024-05-30 02:00:00+00:00,16.3799991607666,16.3799991607666,16.3799991607666,16.3799991607666,1075,0.0,0.0,0.0
2024-05-30 02:05:00+00:00,16.3799991607666,16.389999389648438,16.3799991607666,16.389999389648438,4233,0.0,0.0,0.0
2024-05-30 02:10:00+00:00,16.40999984741211,16.40999984741211,16.40999984741211,16.40999984741211,45008,0.0,0.0,0.0
2024-05-30 02:15:00+00:00,16.40999984741211,16.40999984741211,16.40999984741211,16.40999984741211,4150,0.0,0.0,0.0
2024-05-30 02:20:00+00:00,16.399999618530273,16.399999618530273,16.3799991607666,16.3799991607666,17102,0.0,0.0,0.0
2024-05-30 02:25:00+00:00,16.3700008392334,16.3700008392334,16.350000381469727,16.350000381469727,16452,0.0,0.0,0.0
2024-05-30 02:30:00+00:00,16.34000015258789,16.34000015258789,16.34000015258789,16.34000015258789,5000,0.0,0.0,0.0
2024-05-30 02:35:00+00:00,16.360000610351562,16.360000610351562,16.34000015258789,16.34000015258789,3414,0.0,0.0,0.0
2024-05-30 02:45:00+00:00,16.350000381469727,16.350000381469727,16.350000381469727,16.350000381469727,3210,0.0,0.0,0.0
2024-05-30 02:50:00+00:00,16.350000381469727,16.360000610351562,16.350000381469727,16.360000610351562,4170,0.0,0.0,0.0
2024-05-30 03:00:00+00:00,16.360000610351562,16.360000610351562,16.350000381469727,16.350000381469727,14450,0.0,0.0,0.0
2024-05-30 03:05:00+00:00,16.34000015258789,16.34000015258789,16.34000015258789,16.34000015258789,8000,0.0,0.0,0.0
2024-05-30 03:10:00+00:00,16.34000015258789,16.34000015258789,16.329999923706055,16.329999923706055,9034,0.0,0.0,0.0
2024-05-30 03:15:00+00:00,16.329999923706055,16.329999923706055,16.329999923706055,16.329999923706055,4000,0.0,0.0,0.0
2024-05-30 03:20:00+00:00,16.329999923706055,16.329999923706055,16.309999465942383,16.329999923706055,71483,0.0,0.0,0.0
2024-05-30 03:25:00+00:00,16.329999923706055,16.329999923706055,16.329999923706055,16.329999923706055,35990,0.0,0.0,0.0
2024-05-30 03:30:00+00:00,16.309999465942383,16.329999923706055,16.309999465942383,16.329999923706055,4350,0.0,0.0,0.0
2024-05-30 03:35:00+00:00,16.329999923706055,16.329999923706055,16.329999923706055,16.329999923706055,1045,0.0,0.0,0.0
2024-05-30 03:40:00+00:00,16.329999923706055,16.329999923706055,16.329999923706055,16.329999923706055,3100,0.0,0.0,0.0
2024-05-30 03:45:00+00:00,16.329999923706055,16.329999923706055,16.329999923706055,16.329999923706055,6000,0.0,0.0,0.0
2024-05-30 03:55:00+00:00,16.329999923706055,16.329999923706055,16.31999969482422,16.31999969482422,11397,0.0,0.0,0.0
2024-05-30 04:00:00+00:00,16.31999969482422,16.31999969482422,16.31999969482422,16.31999969482422,2000,0.0,0.0,0.0
2024-05-30 04:05:00+00:00,16.31999969482422,16.31999969482422,16.31999969482422,16.31999969482422,15260,0.0,0.0,0.0
2024-05-30 04:10:00+00:00,16.31999969482422,16.31999969482422,16.31999969482422,16.31999969482422,8195,0.0,0.0,0.0
2024-05-30 04:15:00+00:00,16.309999465942383,16.309999465942383,16.290000915527344,16.290000915527344,38345,0.0,0.0,0.0
2024-05-30 04:20:00+00:00,16.299999237060547,16.299999237060547,16.290000915527344,16.290000915527344,7199,0.0,0.0,0.0
2024-05-30 04:25:00+00:00,16.299999237060547,16.299999237060547,16.299999237060547,16.299999237060547,3010,0.0,0.0,0.0
2024-05-30 04:30:00+00:00,16.299999237060547,16.299999237060547,16.290000915527344,16.290000915527344,8329,0.0,0.0,0.0
2024-05-30 04:35:00+00:00,16.290000915527344,16.290000915527344,16.290000915527344,16.290000915527344,16839,0.0,0.0,0.0
2024-05-30 04:40:00+00:00,16.290000915527344,16.290000915527344,16.280000686645508,16.280000686645508,23659,0.0,0.0,0.0
2024-05-30 04:45:00+00:00,16.270000457763672,16.270000457763672,16.25,16.25,65893,0.0,0.0,0.0
2024-05-30 04:50:00+00:00,16.25,16.280000686645508,16.25,16.280000686645508,40167,0.0,0.0,0.0
2024-05-30 04:55:00+00:00,16.280000686645508,16.299999237060547,16.280000686645508,16.299999237060547,32644,0.0,0.0,0.0
2024-05-30 05:00:00+00:00,16.299999237060547,16.299999237060547,16.299999237060547,16.299999237060547,2298,0.0,0.0,0.0
2024-05-30 05:05:00+00:00,16.290000915527344,16.290000915527344,16.290000915527344,16.290000915527344,4300,0.0,0.0,0.0
2024-05-30 05:10:00+00:00,16.280000686645508,16.280000686645508,16.280000686645508,16.280000686645508,50000,0.0,0.0,0.0
2024-05-30 05:15:00+00:00,16.280000686645508,16.290000915527344,16.280000686645508,16.290000915527344,23037,0.0,0.0,0.0
2024-05-30 05:20:00+00:00,16.290000915527344,16.290000915527344,16.290000915527344,16.290000915527344,17123,0.0,0.0,0.0
2024-05-31 01:00:00+00:00,16.420000076293945,16.489999771118164,16.420000076293945,16.489999771118164,0,0.0,0.0,0.0
2024-05-31 01:05:00+00:00,16.489999771118164,16.5,16.489999771118164,16.5,13000,0.0,0.0,0.0
2024-05-31 01:10:00+00:00,16.479999542236328,16.489999771118164,16.479999542236328,16.479999542236328,508172,0.0,0.0,0.0
2024-05-31 01:15:00+00:00,16.479999542236328,16.489999771118164,16.469999313354492,16.489999771118164,12151,0.0,0.0,0.0
2024-05-31 01:20:00+00:00,16.489999771118164,16.520000457763672,16.489999771118164,16.510000228881836,458595,0.0,0.0,0.0
2024-05-31 01:25:00+00:00,16.520000457763672,16.520000457763672,16.520000457763672,16.520000457763672,100650,0.0,0.0,0.0
2024-05-31 01:30:00+00:00,16.510000228881836,16.510000228881836,16.510000228881836,16.510000228881836,101166,0.0,0.0,0.0
2024-05-31 01:35:00+00:00,16.510000228881836,16.530000686645508,16.510000228881836,16.530000686645508,304415,0.0,0.0,0.0
2024-05-31 01:40:00+00:00,16.530000686645508,16.559999465942383,16.530000686645508,16.559999465942383,42019,0.0,0.0,0.0
2024-05-31 01:45:00+00:00,16.549999237060547,16.549999237060547,16.530000686645508,16.540000915527344,112000,0.0,0.0,0.0
2024-05-31 01:50:00+00:00,16.540000915527344,16.549999237060547,16.530000686645508,16.549999237060547,16082,0.0,0.0,0.0
2024-05-31 01:55:00+00:00,16.549999237060547,16.56999969482422,16.549999237060547,16.56999969482422,117150,0.0,0.0,0.0
2024-05-31 02:00:00+00:00,16.56999969482422,16.579999923706055,16.56999969482422,16.579999923706055,116183,0.0,0.0,0.0
2024-05-31 02:05:00+00:00,16.56999969482422,16.56999969482422,16.540000915527344,16.540000915527344,64000,0.0,0.0,0.0
2024-05-31 02:10:00+00:00,16.549999237060547,16.549999237060547,16.549999237060547,16.549999237060547,11000,0.0,0.0,0.0
2024-05-31 02:15:00+00:00,16.549999237060547,16.549999237060547,16.549999237060547,16.549999237060547,5230,0.0,0.0,0.0
2024-05-31 02:20:00+00:00,16.540000915527344,16.540000915527344,16.540000915527344,16.540000915527344,3020,0.0,0.0,0.0
2024-05-31 02:30:00+00:00,16.530000686645508,16.530000686645508,16.520000457763672,16.520000457763672,50380,0.0,0.0,0.0
2024-05-31 02:35:00+00:00,16.520000457763672,16.520000457763672,16.520000457763672,16.520000457763672,4227,0.0,0.0,0.0
2024-05-31 02:40:00+00:00,16.510000228881836,16.510000228881836,16.510000228881836,16.510000228881836,31000,0.0,0.0,0.0
2024-05-31 02:45:00+00:00,16.510000228881836,16.510000228881836,16.469999313354492,16.469999313354492,43010,0.0,0.0,0.0
2024-05-31 02:50:00+00:00,16.479999542236328,16.479999542236328,16.479999542236328,16.479999542236328,1349,0.0,0.0,0.0
2024-05-31 02:55:00+00:00,16.479999542236328,16.479999542236328,16.479999542236328,16.479999542236328,4000,0.0,0.0,0.0
2024-05-31 03:00:00+00:00,16.459999084472656,16.459999084472656,16.440000534057617,16.440000534057617,115200,0.0,0.0,0.0
2024-05-31 03:10:00+00:00,16.450000762939453,16.469999313354492,16.450000762939453,16.459999084472656,10000,0.0,0.0,0.0
2024-05-31 03:15:00+00:00,16.459999084472656,16.459999084472656,16.440000534057617,16.450000762939453,38060,0.0,0.0,0.0
2024-05-31 03:20:00+00:00,16.459999084472656,16.459999084472656,16.459999084472656,16.459999084472656,100100,0.0,0.0,0.0
2024-05-31 03:25:00+00:00,16.489999771118164,16.5,16.489999771118164,16.5,114250,0.0,0.0,0.0
2024-05-31 03:40:00+00:00,16.5,16.5,16.5,16.5,1040,0.0,0.0,0.0
2024-05-31 03:45:00+00:00,16.5,16.5,16.5,16.5,1200,0.0,0.0,0.0
2024-05-31 03:55:00+00:00,16.489999771118164,16.489999771118164,16.489999771118164,16.489999771118164,52032,0.0,0.0,0.0
2024-05-31 04:00:00+00:00,16.479999542236328,16.479999542236328,16.479999542236328,16.479999542236328,3170,0.0,0.0,0.0
2024-05-31 04:05:00+00:00,16.469999313354492,16.469999313354492,16.459999084472656,16.459999084472656,51010,0.0,0.0,0.0
2024-05-31 04:10:00+00:00,16.450000762939453,16.450000762939453,16.290000915527344,16.290000915527344,11050,0.0,0.0,0.0
2024-05-31 04:15:00+00:00,16.450000762939453,16.450000762939453,16.450000762939453,16.450000762939453,152000,0.0,0.0,0.0
2024-05-31 04:20:00+00:00,16.440000534057617,16.440000534057617,16.3799991607666,16.3799991607666,338163,0.0,0.0,0.0
2024-05-31 04:25:00+00:00,16.3799991607666,16.3799991607666,16.290000915527344,16.290000915527344,1106277,0.0,0.0,0.0
2024-05-31 04:30:00+00:00,16.299999237060547,16.34000015258789,16.280000686645508,16.280000686645508,2484046,0.0,0.0,0.0
2024-05-31 04:35:00+00:00,16.280000686645508,16.290000915527344,16.270000457763672,16.290000915527344,143175,0.0,0.0,0.0
2024-05-31 04:40:00+00:00,16.280000686645508,16.309999465942383,16.280000686645508,16.309999465942383,110058,0.0,0.0,0.0
2024-05-31 04:45:00+00:00,16.309999465942383,16.3700008392334,16.309999465942383,16.3700008392334,1478065,0.0,0.0,0.0
2024-05-31 04:50:00+00:00,16.350000381469727,16.350000381469727,16.309999465942383,16.350000381469727,577050,0.0,0.0,0.0
2024-05-31 04:55:00+00:00,16.350000381469727,16.350000381469727,16.34000015258789,16.34000015258789,116215,0.0,0.0,0.0
2024-05-31 05:00:00+00:00,16.329999923706055,16.329999923706055,16.299999237060547,16.299999237060547,227102,0.0,0.0,0.0
2024-05-31 05:05:00+00:00,16.290000915527344,16.290000915527344,16.290000915527344,16.290000915527344,100100,0.0,0.0,0.0
2024-05-31 05:10:00+00:00,16.290000915527344,16.290000915527344,16.280000686645508,16.280000686645508,5442,0.0,0.0,0.0
2024-06-03 01:00:00+00:00,16.3700008392334,16.399999618530273,16.350000381469727,16.350000381469727,0,0.0,0.0,0.0
2024-06-03 01:05:00+00:00,16.360000610351562,16.3700008392334,16.299999237060547,16.299999237060547,28578,0.0,0.0,0.0
2024-06-03 01:10:00+00:00,16.290000915527344,16.290000915527344,16.229999542236328,16.239999771118164,127333,0.0,0.0,0.0
2024-06-03 01:15:00+00:00,16.25,16.260000228881836,16.239999771118164,16.239999771118164,93351,0.0,0.0,0.0
2024-06-03 01:20:00+00:00,16.239999771118164,16.260000228881836,16.200000762939453,16.209999084472656,62082,0.0,0.0,0.0
2024-06-03 01:25:00+00:00,16.200000762939453,16.209999084472656,16.18000030517578,16.209999084472656,152879,0.0,0.0,0.0
2024-06-03 01:30:00+00:00,16.229999542236328,16.239999771118164,16.229999542236328,16.239999771118164,18734,0.0,0.0,0.0
2024-06-03 01:35:00+00:00,16.239999771118164,16.280000686645508,16.239999771118164,16.280000686645508,15000,0.0,0.0,0.0
2024-06-03 01:40:00+00:00,16.280000686645508,16.290000915527344,16.270000457763672,16.270000457763672,40400,0.0,0.0,0.0
2024-06-03 01:45:00+00:00,16.280000686645508,16.309999465942383,16.280000686645508,16.309999465942383,205100,0.0,0.0,0.0
2024-06-03 01:50:00+00:00,16.31999969482422,16.350000381469727,16.31999969482422,16.350000381469727,36023,0.0,0.0,0.0
2024-06-03 01:55:00+00:00,16.350000381469727,16.350000381469727,16.299999237060547,16.299999237060547,343050,0.0,0.0,0.0
2024-06-03 02:00:00+00:00,16.31999969482422,16.329999923706055,16.31999969482422,16.329999923706055,24178,0.0,0.0,0.0
2024-06-03 02:05:00+00:00,16.31999969482422,16.31999969482422,16.31999969482422,16.31999969482422,1006,0.0,0.0,0.0
2024-06-03 02:10:00+00:00,16.329999923706055,16.34000015258789,16.31999969482422,16.329999923706055,295521,0.0,0.0,0.0
2024-06-03 02:15:00+00:00,16.329999923706055,16.34000015258789,16.329999923706055,16.34000015258789,40455,0.0,0.0,0.0
2024-06-03 02:20:00+00:00,16.350000381469727,16.360000610351562,16.350000381469727,16.360000610351562,21050,0.0,0.0,0.0
2024-06-03 02:25:00+00:00,16.360000610351562,16.3700008392334,16.360000610351562,16.360000610351562,28689,0.0,0.0,0.0
2024-06-03 02:30:00+00:00,16.3799991607666,16.3799991607666,16.3700008392334,16.3700008392334,5000,0.0,0.0,0.0
2024-06-03 02:35:00+00:00,16.3700008392334,16.3700008392334,16.360000610351562,16.360000610351562,9673,0.0,0.0,0.0
2024-06-03 02:45:00+00:00,16.3700008392334,16.3799991607666,16.3700008392334,16.3700008392334,26156,0.0,0.0,0.0
2024-06-03 02:50:00+00:00,16.360000610351562,16.360000610351562,16.350000381469727,16.350000381469727,103587,0.0,0.0,0.0
2024-06-03 02:55:00+00:00,16.350000381469727,16.350000381469727,16.350000381469727,16.350000381469727,2000,0.0,0.0,0.0
2024-06-03 03:00:00+00:00,16.360000610351562,16.360000610351562,16.360000610351562,16.360000610351562,9120,0.0,0.0,0.0
2024-06-03 03:10:00+00:00,16.360000610351562,16.3799991607666,16.360000610351562,16.3799991607666,33010,0.0,0.0,0.0
2024-06-03 03:15:00+00:00,16.3799991607666,16.3799991607666,16.3799991607666,16.3799991607666,3100,0.0,0.0,0.0
2024-06-03 03:20:00+00:00,16.360000610351562,16.360000610351562,16.360000610351562,16.360000610351562,150370,0.0,0.0,0.0
2024-06-03 03:30:00+00:00,16.360000610351562,16.360000610351562,16.350000381469727,16.350000381469727,69100,0.0,0.0,0.0
2024-06-03 03:35:00+00:00,16.350000381469727,16.350000381469727,16.350000381469727,16.350000381469727,4223,0.0,0.0,0.0
2024-06-03 03:40:00+00:00,16.350000381469727,16.350000381469727,16.350000381469727,16.350000381469727,5000,0.0,0.0,0.0
2024-06-03 03:45:00+00:00,16.360000610351562,16.360000610351562,16.360000610351562,16.360000610351562,8000,0.0,0.0,0.0
2024-06-03 03:50:00+00:00,16.360000610351562,16.360000610351562,16.350000381469727,16.350000381469727,12020,0.0,0.0,0.0
2024-06-03 03:55:00+00:00,16.360000610351562,16.360000610351562,16.360000610351562,16.360000610351562,14007,0.0,0.0,0.0
2024-06-03 04:00:00+00:00,16.350000381469727,16.360000610351562,16.350000381469727,16.360000610351562,5083,0.0,0.0,0.0
2024-06-03 04:05:00+00:00,16.360000610351562,16.360000610351562,16.360000610351562,16.360000610351562,1079,0.0,0.0,0.0
2024-06-03 04:10:00+00:00,16.3700008392334,16.3700008392334,16.3700008392334,16.3700008392334,13485,0.0,0.0,0.0
2024-06-03 04:15:00+00:00,16.3700008392334,16.3700008392334,16.360000610351562,16.360000610351562,5020,0.0,0.0,0.0
2024-06-03 04:20:00+00:00,16.3700008392334,16.399999618530273,16.360000610351562,16.399999618530273,160226,0.0,0.0,0.0
2024-06-03 04:25:00+00:00,16.399999618530273,16.40999984741211,16.399999618530273,16.40999984741211,118400,0.0,0.0,0.0
2024-06-03 04:30:00+00:00,16.399999618530273,16.399999618530273,16.399999618530273,16.399999618530273,10161,0.0,0.0,0.0
2024-06-03 04:35:00+00:00,16.40999984741211,16.40999984741211,16.389999389648438,16.389999389648438,115217,0.0,0.0,0.0
2024-06-03 04:40:00+00:00,16.399999618530273,16.420000076293945,16.399999618530273,16.40999984741211,122244,0.0,0.0,0.0
2024-06-03 04:45:00+00:00,16.40999984741211,16.40999984741211,16.40999984741211,16.40999984741211,1100,0.0,0.0,0.0
2024-06-03 04:50:00+00:00,16.399999618530273,16.399999618530273,16.399999618530273,16.399999618530273,1000,0.0,0.0,0.0
2024-06-03 04:55:00+00:00,16.40999984741211,16.40999984741211,16.399999618530273,16.40999984741211,202999,0.0,0.0,0.0
2024-06-03 05:00:00+00:00,16.389999389648438,16.389999389648438,16.3700008392334,16.3700008392334,55319,0.0,0.0,0.0
2024-06-03 05:05:00+00:00,16.360000610351562,16.360000610351562,16.360000610351562,16.360000610351562,10041,0.0,0.0,0.0
2024-06-04 01:00:00+00:00,16.299999237060547,16.299999237060547,16.200000762939453,16.229999542236328,0,0.0,0.0,0.0
2024-06-04 01:05:00+00:00,16.229999542236328,16.229999542236328,16.200000762939453,16.209999084472656,374546,0.0,0.0,0.0
2024-06-04 01:10:00+00:00,16.200000762939453,16.239999771118164,16.200000762939453,16.239999771118164,186399,0.0,0.0,0.0
2024-06-04 01:15:00+00:00,16.229999542236328,16.239999771118164,16.229999542236328,16.229999542236328,96050,0.0,0.0,0.0
2024-06-04 01:20:00+00:00,16.229999542236328,16.229999542236328,16.209999084472656,16.209999084472656,73887,0.0,0.0,0.0
2024-06-04 01:25:00+00:00,16.219999313354492,16.219999313354492,16.200000762939453,16.209999084472656,188072,0.0,0.0,0.0
2024-06-04 01:30:00+00:00,16.209999084472656,16.209999084472656,16.200000762939453,16.200000762939453,193611,0.0,0.0,0.0
2024-06-04 01:35:00+00:00,16.190000534057617,16.200000762939453,16.190000534057617,16.200000762939453,21200,0.0,0.0,0.0
2024-06-04 01:40:00+00:00,16.200000762939453,16.239999771118164,16.200000762939453,16.239999771118164,8479,0.0,0.0,0.0
2024-06-04 01:45:00+00:00,16.239999771118164,16.239999771118164,16.209999084472656,16.209999084472656,48976,0.0,0.0,0.0
2024-06-04 01:50:00+00:00,16.209999084472656,16.239999771118164,16.200000762939453,16.239999771118164,7437,0.0,0.0,0.0
2024-06-04 01:55:00+00:00,16.229999542236328,16.229999542236328,16.229999542236328,16.229999542236328,4314,0.0,0.0,0.0
2024-06-04 02:00:00+00:00,16.239999771118164,16.239999771118164,16.219999313354492,16.219999313354492,113034,0.0,0.0,0.0
2024-06-04 02:05:00+00:00,16.229999542236328,16.229999542236328,16.229999542236328,16.229999542236328,92123,0.0,0.0,0.0
2024-06-04 02:10:00+00:00,16.229999542236328,16.260000228881836,16.229999542236328,16.260000228881836,131529,0.0,0.0,0.0
2024-06-04 02:20:00+00:00,16.260000228881836,16.260000228881836,16.25,16.25,43523,0.0,0.0,0.0
2024-06-04 02:25:00+00:00,16.25,16.25,16.229999542236328,16.229999542236328,62823,0.0,0.0,0.0
2024-06-04 02:30:00+00:00,16.229999542236328,16.229999542236328,16.229999542236328,16.229999542236328,25300,0.0,0.0,0.0
2024-06-04 02:35:00+00:00,16.219999313354492,16.229999542236328,16.209999084472656,16.229999542236328,65560,0.0,0.0,0.0
2024-06-04 02:40:00+00:00,16.219999313354492,16.219999313354492,16.209999084472656,16.219999313354492,31100,0.0,0.0,0.0
2024-06-04 02:45:00+00:00,16.229999542236328,16.239999771118164,16.229999542236328,16.239999771118164,53000,0.0,0.0,0.0
2024-06-04 02:50:00+00:00,16.229999542236328,16.229999542236328,16.200000762939453,16.200000762939453,197182,0.0,0.0,0.0
2024-06-04 02:55:00+00:00,16.200000762939453,16.200000762939453,16.18000030517578,16.18000030517578,387159,0.0,0.0,0.0
2024-06-04 03:00:00+00:00,16.18000030517578,16.190000534057617,16.18000030517578,16.190000534057617,14951,0.0,0.0,0.0
2024-06-04 03:05:00+00:00,16.200000762939453,16.209999084472656,16.200000762939453,16.209999084472656,5224,0.0,0.0,0.0
2024-06-04 03:10:00+00:00,16.229999542236328,16.229999542236328,16.219999313354492,16.219999313354492,23159,0.0,0.0,0.0
2024-06-04 03:15:00+00:00,16.239999771118164,16.239999771118164,16.239999771118164,16.239999771118164,15090,0.0,0.0,0.0
2024-06-04 03:20:00+00:00,16.239999771118164,16.260000228881836,16.239999771118164,16.260000228881836,26698,0.0,0.0,0.0
2024-06-04 03:25:00+00:00,16.25,16.25,16.25,16.25,15000,0.0,0.0,0.0
2024-06-04 03:30:00+00:00,16.25,16.25,16.25,16.25,10000,0.0,0.0,0.0
2024-06-04 03:35:00+00:00,16.25,16.25,16.239999771118164,16.239999771118164,22000,0.0,0.0,0.0
2024-06-04 03:40:00+00:00,16.25,16.280000686645508,16.25,16.280000686645508,125105,0.0,0.0,0.0
2024-06-04 03:45:00+00:00,16.290000915527344,16.290000915527344,16.270000457763672,16.270000457763672,73118,0.0,0.0,0.0
2024-06-04 03:50:00+00:00,16.270000457763672,16.270000457763672,16.260000228881836,16.260000228881836,19100,0.0,0.0,0.0
2024-06-04 03:55:00+00:00,16.260000228881836,16.260000228881836,16.260000228881836,16.260000228881836,2450,0.0,0.0,0.0
2024-06-04 04:00:00+00:00,16.25,16.260000228881836,16.239999771118164,16.239999771118164,54738,0.0,0.0,0.0
2024-06-04 04:05:00+00:00,16.239999771118164,16.25,16.229999542236328,16.25,16310,0.0,0.0,0.0
2024-06-04 04:15:00+00:00,16.270000457763672,16.270000457763672,16.270000457763672,16.270000457763672,20000,0.0,0.0,0.0
2024-06-04 04:20:00+00:00,16.260000228881836,16.270000457763672,16.260000228881836,16.270000457763672,107013,0.0,0.0,0.0
2024-06-04 04:25:00+00:00,16.270000457763672,16.270000457763672,16.260000228881836,16.260000228881836,49100,0.0,0.0,0.0
2024-06-04 04:30:00+00:00,16.260000228881836,16.260000228881836,16.260000228881836,16.260000228881836,12830,0.0,0.0,0.0
2024-06-04 04:35:00+00:00,16.260000228881836,16.260000228881836,16.25,16.25,149755,0.0,0.0,0.0
2024-06-04 04:40:00+00:00,16.260000228881836,16.260000228881836,16.25,16.25,11130,0.0,0.0,0.0
2024-06-04 04:45:00+00:00,16.260000228881836,16.260000228881836,16.260000228881836,16.260000228881836,11000,0.0,0.0,0.0
2024-06-04 04:50:00+00:00,16.260000228881836,16.260000228881836,16.229999542236328,16.229999542236328,109245,0.0,0.0,0.0
2024-06-04 04:55:00+00:00,16.229999542236328,16.229999542236328,16.219999313354492,16.219999313354492,85052,0.0,0.0,0.0
2024-06-04 05:00:00+00:00,16.219999313354492,16.229999542236328,16.209999084472656,16.229999542236328,5184,0.0,0.0,0.0
2024-06-04 05:05:00+00:00,16.219999313354492,16.229999542236328,16.219999313354492,16.229999542236328,9010,0.0,0.0,0.0
2024-06-04 05:10:00+00:00,16.229999542236328,16.239999771118164,16.229999542236328,16.239999771118164,56000,0.0,0.0,0.0
2024-06-04 05:15:00+00:00,16.25,16.260000228881836,16.239999771118164,16.239999771118164,25413,0.0,0.0,0.0
2024-06-04 05:20:00+00:00,16.25,16.25,16.25,16.25,14000,0.0,0.0,0.0
2024-06-05 01:00:00+00:00,16.31999969482422,16.399999618530273,16.31999969482422,16.3700008392334,0,0.0,0.0,0.0
2024-06-05 01:05:00+00:00,16.3700008392334,16.40999984741211,16.360000610351562,16.40999984741211,46000,0.0,0.0,0.0
2024-06-05 01:10:00+00:00,16.440000534057617,16.5,16.440000534057617,16.479999542236328,188281,0.0,0.0,0.0
2024-06-05 01:15:00+00:00,16.479999542236328,16.479999542236328,16.469999313354492,16.479999542236328,132353,0.0,0.0,0.0
2024-06-05 01:20:00+00:00,16.469999313354492,16.469999313354492,16.420000076293945,16.440000534057617,777268,0.0,0.0,0.0
2024-06-05 01:25:00+00:00,16.450000762939453,16.459999084472656,16.450000762939453,16.459999084472656,104000,0.0,0.0,0.0
2024-06-05 01:30:00+00:00,16.469999313354492,16.469999313354492,16.459999084472656,16.469999313354492,76586,0.0,0.0,0.0
2024-06-05 01:35:00+00:00,16.459999084472656,16.469999313354492,16.450000762939453,16.459999084472656,889000,0.0,0.0,0.0
2024-06-05 01:40:00+00:00,16.459999084472656,16.489999771118164,16.459999084472656,16.479999542236328,373738,0.0,0.0,0.0
2024-06-05 01:45:00+00:00,16.479999542236328,16.489999771118164,16.469999313354492,16.489999771118164,17434,0.0,0.0,0.0
2024-06-05 01:50:00+00:00,16.489999771118164,16.5,16.479999542236328,16.489999771118164,117478,0.0,0.0,0.0
2024-06-05 01:55:00+00:00,16.489999771118164,16.489999771118164,16.479999542236328,16.489999771118164,10200,0.0,0.0,0.0
2024-06-05 02:00:00+00:00,16.489999771118164,16.489999771118164,16.489999771118164,16.489999771118164,11272,0.0,0.0,0.0
2024-06-05 02:05:00+00:00,16.489999771118164,16.489999771118164,16.479999542236328,16.489999771118164,95000,0.0,0.0,0.0
2024-06-05 02:10:00+00:00,16.489999771118164,16.510000228881836,16.489999771118164,16.510000228881836,206949,0.0,0.0,0.0
2024-06-05 02:15:00+00:00,16.520000457763672,16.540000915527344,16.520000457763672,16.540000915527344,65284,0.0,0.0,0.0
2024-06-05 02:20:00+00:00,16.530000686645508,16.540000915527344,16.520000457763672,16.520000457763672,52474,0.0,0.0,0.0
2024-06-05 02:25:00+00:00,16.520000457763672,16.530000686645508,16.520000457763672,16.530000686645508,13360,0.0,0.0,0.0
2024-06-05 02:30:00+00:00,16.530000686645508,16.530000686645508,16.520000457763672,16.520000457763672,36210,0.0,0.0,0.0
2024-06-05 02:35:00+00:00,16.520000457763672,16.530000686645508,16.520000457763672,16.530000686645508,9036,0.0,0.0,0.0
2024-06-05 02:40:00+00:00,16.530000686645508,16.540000915527344,16.530000686645508,16.540000915527344,6126,0.0,0.0,0.0
2024-06-05 02:45:00+00:00,16.540000915527344,16.540000915527344,16.510000228881836,16.510000228881836,238930,0.0,0.0,0.0
2024-06-05 02:50:00+00:00,16.510000228881836,16.520000457763672,16.510000228881836,16.520000457763672,29415,0.0,0.0,0.0
2024-06-05 02:55:00+00:00,16.520000457763672,16.530000686645508,16.510000228881836,16.530000686645508,13594,0.0,0.0,0.0
2024-06-05 03:00:00+00:00,16.5,16.5,16.5,16.5,209100,0.0,0.0,0.0
2024-06-05 03:05:00+00:00,16.5,16.5,16.479999542236328,16.5,111272,0.0,0.0,0.0
2024-06-05 03:10:00+00:00,16.520000457763672,16.520000457763672,16.5,16.5,41232,0.0,0.0,0.0
2024-06-05 03:15:00+00:00,16.510000228881836,16.510000228881836,16.489999771118164,16.489999771118164,34120,0.0,0.0,0.0
2024-06-05 03:20:00+00:00,16.5,16.510000228881836,16.5,16.5,8100,0.0,0.0,0.0
2024-06-05 03:25:00+00:00,16.489999771118164,16.5,16.489999771118164,16.5,104100,0.0,0.0,0.0
2024-06-05 03:30:00+00:00,16.510000228881836,16.520000457763672,16.510000228881836,16.520000457763672,39100,0.0,0.0,0.0
2024-06-05 03:35:00+00:00,16.510000228881836,16.510000228881836,16.510000228881836,16.510000228881836,54000,0.0,0.0,0.0
2024-06-05 03:40:00+00:00,16.510000228881836,16.510000228881836,16.510000228881836,16.510000228881836,101000,0.0,0.0,0.0
2024-06-05 03:45:00+00:00,16.510000228881836,16.510000228881836,16.5,16.510000228881836,107131,0.0,0.0,0.0
2024-06-05 03:50:00+00:00,16.510000228881836,16.520000457763672,16.510000228881836,16.520000457763672,3100,0.0,0.0,0.0
2024-06-05 03:55:00+00:00,16.520000457763672,16.520000457763672,16.510000228881836,16.510000228881836,4300,0.0,0.0,0.0
2024-06-05 04:00:00+00:00,16.5,16.510000228881836,16.5,16.510000228881836,12000,0.0,0.0,0.0
2024-06-05 04:05:00+00:00,16.510000228881836,16.510000228881836,16.489999771118164,16.489999771118164,12199,0.0,0.0,0.0
2024-06-05 04:10:00+00:00,16.489999771118164,16.489999771118164,16.489999771118164,16.489999771118164,7100,0.0,0.0,0.0
2024-06-05 04:15:00+00:00,16.479999542236328,16.479999542236328,16.479999542236328,16.479999542236328,17228,0.0,0.0,0.0
2024-06-05 04:20:00+00:00,16.489999771118164,16.489999771118164,16.489999771118164,16.489999771118164,3100,0.0,0.0,0.0
2024-06-05 04:25:00+00:00,16.479999542236328,16.489999771118164,16.479999542236328,16.489999771118164,101486,0.0,0.0,0.0
2024-06-05 04:30:00+00:00,16.489999771118164,16.489999771118164,16.489999771118164,16.489999771118164,1200,0.0,0.0,0.0
2024-06-05 04:35:00+00:00,16.489999771118164,16.489999771118164,16.489999771118164,16.489999771118164,20125,0.0,0.0,0.0
2024-06-05 04:40:00+00:00,16.489999771118164,16.5,16.489999771118164,16.5,26514,0.0,0.0,0.0
2024-06-05 04:45:00+00:00,16.489999771118164,16.489999771118164,16.479999542236328,16.479999542236328,29060,0.0,0.0,0.0
2024-06-05 04:50:00+00:00,16.479999542236328,16.479999542236328,16.469999313354492,16.479999542236328,10030,0.0,0.0,0.0
2024-06-05 04:55:00+00:00,16.479999542236328,16.479999542236328,16.479999542236328,16.479999542236328,104915,0.0,0.0,0.0
2024-06-05 05:00:00+00:00,16.479999542236328,16.479999542236328,16.469999313354492,16.469999313354492,22000,0.0,0.0,0.0
2024-06-05 05:05:00+00:00,16.469999313354492,16.469999313354492,16.469999313354492,16.469999313354492,20000,0.0,0.0,0.0
2024-06-05 05:10:00+00:00,16.469999313354492,16.469999313354492,16.469999313354492,16.469999313354492,116100,0.0,0.0,0.0
2024-06-06 01:00:00+00:00,16.65999984741211,16.68000030517578,16.600000381469727,16.68000030517578,0,0.0,0.0,0.0
2024-06-06 01:05:00+00:00,16.68000030517578,16.700000762939453,16.68000030517578,16.700000762939453,147303,0.0,0.0,0.0
2024-06-06 01:10:00+00:00,16.690000534057617,16.700000762939453,16.65999984741211,16.65999984741211,121880,0.0,0.0,0.0
2024-06-06 01:15:00+00:00,16.65999984741211,16.65999984741211,16.639999389648438,16.649999618530273,114363,0.0,0.0,0.0
2024-06-06 01:20:00+00:00,16.649999618530273,16.65999984741211,16.6299991607666,16.6299991607666,25165,0.0,0.0,0.0
2024-06-06 01:25:00+00:00,16.6200008392334,16.6200008392334,16.600000381469727,16.600000381469727,38122,0.0,0.0,0.0
2024-06-06 01:30:00+00:00,16.610000610351562,16.610000610351562,16.600000381469727,16.610000610351562,16580,0.0,0.0,0.0
2024-06-06 01:35:00+00:00,16.600000381469727,16.610000610351562,16.56999969482422,16.56999969482422,135230,0.0,0.0,0.0
2024-06-06 01:40:00+00:00,16.559999465942383,16.559999465942383,16.530000686645508,16.540000915527344,243145,0.0,0.0,0.0
2024-06-06 01:45:00+00:00,16.559999465942383,16.56999969482422,16.559999465942383,16.56999969482422,122190,0.0,0.0,0.0
2024-06-06 01:50:00+00:00,16.579999923706055,16.639999389648438,16.579999923706055,16.639999389648438,110233,0.0,0.0,0.0
2024-06-06 01:55:00+00:00,16.649999618530273,16.649999618530273,16.6299991607666,16.6299991607666,14400,0.0,0.0,0.0
2024-06-06 02:00:00+00:00,16.6299991607666,16.6299991607666,16.610000610351562,16.610000610351562,7150,0.0,0.0,0.0
2024-06-06 02:05:00+00:00,16.610000610351562,16.610000610351562,16.579999923706055,16.579999923706055,19055,0.0,0.0,0.0
2024-06-06 02:10:00+00:00,16.579999923706055,16.600000381469727,16.579999923706055,16.600000381469727,9566,0.0,0.0,0.0
2024-06-06 02:15:00+00:00,16.610000610351562,16.610000610351562,16.610000610351562,16.610000610351562,23100,0.0,0.0,0.0
2024-06-06 02:20:00+00:00,16.6200008392334,16.6200008392334,16.610000610351562,16.610000610351562,3050,0.0,0.0,0.0
2024-06-06 02:25:00+00:00,16.610000610351562,16.6299991607666,16.610000610351562,16.6299991607666,47200,0.0,0.0,0.0
2024-06-06 02:30:00+00:00,16.649999618530273,16.649999618530273,16.649999618530273,16.649999618530273,6150,0.0,0.0,0.0
2024-06-06 02:35:00+00:00,16.649999618530273,16.649999618530273,16.6299991607666,16.639999389648438,45235,0.0,0.0,0.0
2024-06-06 02:40:00+00:00,16.639999389648438,16.639999389648438,16.6299991607666,16.6299991607666,8150,0.0,0.0,0.0
2024-06-06 02:45:00+00:00,16.639999389648438,16.649999618530273,16.639999389648438,16.649999618530273,20270,0.0,0.0,0.0
2024-06-06 02:50:00+00:00,16.649999618530273,16.65999984741211,16.649999618530273,16.65999984741211,16114,0.0,0.0,0.0
2024-06-06 03:00:00+00:00,16.65999984741211,16.65999984741211,16.649999618530273,16.649999618530273,5200,0.0,0.0,0.0
2024-06-06 03:05:00+00:00,16.649999618530273,16.68000030517578,16.649999618530273,16.68000030517578,81448,0.0,0.0,0.0
2024-06-06 03:10:00+00:00,16.690000534057617,16.700000762939453,16.68000030517578,16.68000030517578,36500,0.0,0.0,0.0
2024-06-06 03:15:00+00:00,16.690000534057617,16.690000534057617,16.670000076293945,16.670000076293945,5600,0.0,0.0,0.0
2024-06-06 03:20:00+00:00,16.68000030517578,16.700000762939453,16.68000030517578,16.700000762939453,180364,0.0,0.0,0.0
2024-06-06 03:25:00+00:00,16.700000762939453,16.700000762939453,16.700000762939453,16.700000762939453,1100,0.0,0.0,0.0
2024-06-06 03:30:00+00:00,16.700000762939453,16.700000762939453,16.690000534057617,16.690000534057617,5330,0.0,0.0,0.0
2024-06-06 03:35:00+00:00,16.690000534057617,16.690000534057617,16.690000534057617,16.690000534057617,6300,0.0,0.0,0.0
2024-06-06 03:40:00+00:00,16.690000534057617,16.700000762939453,16.690000534057617,16.690000534057617,53000,0.0,0.0,0.0
2024-06-06 03:45:00+00:00,16.690000534057617,16.700000762939453,16.68000030517578,16.690000534057617,10098,0.0,0.0,0.0
2024-06-06 03:50:00+00:00,16.700000762939453,16.700000762939453,16.690000534057617,16.690000534057617,6000,0.0,0.0,0.0
2024-06-06 03:55:00+00:00,16.690000534057617,16.690000534057617,16.68000030517578,16.68000030517578,54000,0.0,0.0,0.0
2024-06-06 04:00:00+00:00,16.68000030517578,16.68000030517578,16.670000076293945,16.68000030517578,11000,0.0,0.0,0.0
2024-06-06 04:05:00+00:00,16.690000534057617,16.690000534057617,16.68000030517578,16.690000534057617,112106,0.0,0.0,0.0
2024-06-06 04:10:00+00:00,16.700000762939453,16.700000762939453,16.700000762939453,16.700000762939453,9276,0.0,0.0,0.0
2024-06-06 04:15:00+00:00,16.700000762939453,16.700000762939453,16.700000762939453,16.700000762939453,5018,0.0,0.0,0.0
2024-06-06 04:20:00+00:00,16.690000534057617,16.690000534057617,16.68000030517578,16.690000534057617,20513,0.0,0.0,0.0
2024-06-06 04:25:00+00:00,16.700000762939453,16.729999542236328,16.700000762939453,16.729999542236328,186040,0.0,0.0,0.0
2024-06-06 04:30:00+00:00,16.729999542236328,16.729999542236328,16.729999542236328,16.729999542236328,38200,0.0,0.0,0.0
2024-06-06 04:35:00+00:00,16.729999542236328,16.75,16.729999542236328,16.75,134218,0.0,0.0,0.0
2024-06-06 04:40:00+00:00,16.760000228881836,16.770000457763672,16.760000228881836,16.770000457763672,19695,0.0,0.0,0.0
2024-06-06 04:45:00+00:00,16.780000686645508,16.780000686645508,16.770000457763672,16.770000457763672,20650,0.0,0.0,0.0
2024-06-06 04:50:00+00:00,16.770000457763672,16.790000915527344,16.770000457763672,16.780000686645508,178120,0.0,0.0,0.0
2024-06-06 04:55:00+00:00,16.780000686645508,16.780000686645508,16.770000457763672,16.780000686645508,23110,0.0,0.0,0.0
2024-06-06 05:00:00+00:00,16.780000686645508,16.780000686645508,16.780000686645508,16.780000686645508,33100,0.0,0.0,0.0
2024-06-06 05:05:00+00:00,16.770000457763672,16.780000686645508,16.770000457763672,16.780000686645508,20200,0.0,0.0,0.0
2024-06-06 05:10:00+00:00,16.780000686645508,16.780000686645508,16.770000457763672,16.770000457763672,23010,0.0,0.0,0.0
2024-06-07 01:00:00+00:00,16.799999237060547,16.799999237060547,16.75,16.75,0,0.0,0.0,0.0
2024-06-07 01:05:00+00:00,16.790000915527344,16.81999969482422,16.790000915527344,16.81999969482422,62000,0.0,0.0,0.0
2024-06-07 01:10:00+00:00,16.829999923706055,16.84000015258789,16.829999923706055,16.84000015258789,216772,0.0,0.0,0.0
2024-06-07 01:15:00+00:00,16.84000015258789,16.850000381469727,16.84000015258789,16.84000015258789,193382,0.0,0.0,0.0
2024-06-07 01:20:00+00:00,16.850000381469727,16.8700008392334,16.850000381469727,16.8700008392334,44240,0.0,0.0,0.0
2024-06-07 01:25:00+00:00,16.860000610351562,16.899999618530273,16.860000610351562,16.889999389648438,63618,0.0,0.0,0.0
2024-06-07 01:30:00+00:00,16.889999389648438,16.899999618530273,16.8700008392334,16.8700008392334,237292,0.0,0.0,0.0
2024-06-07 01:35:00+00:00,16.8700008392334,16.8799991607666,16.8700008392334,16.8700008392334,45088,0.0,0.0,0.0
2024-06-07 01:40:00+00:00,16.8700008392334,16.8799991607666,16.860000610351562,16.8799991607666,15303,0.0,0.0,0.0
2024-06-07 01:45:00+00:00,16.8799991607666,16.8799991607666,16.8700008392334,16.8799991607666,482294,0.0,0.0,0.0
2024-06-07 01:50:00+00:00,16.8799991607666,16.899999618530273,16.8799991607666,16.889999389648438,124234,0.0,0.0,0.0
2024-06-07 01:55:00+00:00,16.8799991607666,16.8799991607666,16.860000610351562,16.860000610351562,103816,0.0,0.0,0.0
2024-06-07 02:00:00+00:00,16.860000610351562,16.8700008392334,16.860000610351562,16.8700008392334,11510,0.0,0.0,0.0
2024-06-07 02:05:00+00:00,16.8700008392334,16.8700008392334,16.8700008392334,16.8700008392334,24660,0.0,0.0,0.0
2024-06-07 02:10:00+00:00,16.8700008392334,16.8700008392334,16.860000610351562,16.860000610351562,40023,0.0,0.0,0.0
2024-06-07 02:15:00+00:00,16.860000610351562,16.860000610351562,16.84000015258789,16.850000381469727,105260,0.0,0.0,0.0
2024-06-07 02:20:00+00:00,16.8700008392334,16.8700008392334,16.8700008392334,16.8700008392334,1100,0.0,0.0,0.0
2024-06-07 02:25:00+00:00,16.860000610351562,16.860000610351562,16.850000381469727,16.860000610351562,12429,0.0,0.0,0.0
2024-06-07 02:30:00+00:00,16.860000610351562,16.860000610351562,16.860000610351562,16.860000610351562,28240,0.0,0.0,0.0
2024-06-07 02:35:00+00:00,16.860000610351562,16.8700008392334,16.860000610351562,16.8700008392334,36100,0.0,0.0,0.0
2024-06-07 02:45:00+00:00,16.8700008392334,16.8799991607666,16.8700008392334,16.8799991607666,7100,0.0,0.0,0.0
2024-06-07 02:50:00+00:00,16.8799991607666,16.90999984741211,16.8799991607666,16.90999984741211,148057,0.0,0.0,0.0
2024-06-07 02:55:00+00:00,16.90999984741211,16.90999984741211,16.90999984741211,16.90999984741211,7475,0.0,0.0,0.0
2024-06-07 03:00:00+00:00,16.920000076293945,16.920000076293945,16.90999984741211,16.90999984741211,18100,0.0,0.0,0.0
2024-06-07 03:05:00+00:00,16.90999984741211,16.90999984741211,16.90999984741211,16.90999984741211,2000,0.0,0.0,0.0
2024-06-07 03:10:00+00:00,16.920000076293945,16.920000076293945,16.899999618530273,16.90999984741211,43170,0.0,0.0,0.0
2024-06-07 03:15:00+00:00,16.90999984741211,16.90999984741211,16.90999984741211,16.90999984741211,14100,0.0,0.0,0.0
2024-06-07 03:20:00+00:00,16.920000076293945,16.920000076293945,16.920000076293945,16.920000076293945,8200,0.0,0.0,0.0
2024-06-07 03:25:00+00:00,16.920000076293945,16.920000076293945,16.920000076293945,16.920000076293945,6511,0.0,0.0,0.0
2024-06-07 03:30:00+00:00,16.90999984741211,16.90999984741211,16.90999984741211,16.90999984741211,1000,0.0,0.0,0.0
2024-06-07 03:35:00+00:00,16.90999984741211,16.90999984741211,16.889999389648438,16.889999389648438,201971,0.0,0.0,0.0
2024-06-07 03:40:00+00:00,16.899999618530273,16.90999984741211,16.899999618530273,16.90999984741211,3200,0.0,0.0,0.0
2024-06-07 03:45:00+00:00,16.889999389648438,16.899999618530273,16.889999389648438,16.899999618530273,63000,0.0,0.0,0.0
2024-06-07 03:50:00+00:00,16.899999618530273,16.899999618530273,16.899999618530273,16.899999618530273,19000,0.0,0.0,0.0
2024-06-07 03:55:00+00:00,16.90999984741211,16.90999984741211,16.90999984741211,16.90999984741211,8500,0.0,0.0,0.0
2024-06-07 04:00:00+00:00,16.920000076293945,16.920000076293945,16.920000076293945,16.920000076293945,23460,0.0,0.0,0.0
2024-06-07 04:05:00+00:00,16.920000076293945,16.920000076293945,16.920000076293945,16.920000076293945,1000,0.0,0.0,0.0
2024-06-07 04:10:00+00:00,16.90999984741211,16.90999984741211,16.90999984741211,16.90999984741211,20042,0.0,0.0,0.0
2024-06-07 04:15:00+00:00,16.899999618530273,16.899999618530273,16.860000610351562,16.860000610351562,113094,0.0,0.0,0.0
2024-06-07 04:20:00+00:00,16.8799991607666,16.90999984741211,16.8799991607666,16.90999984741211,169000,0.0,0.0,0.0
2024-06-07 04:25:00+00:00,16.90999984741211,16.90999984741211,16.90999984741211,16.90999984741211,15050,0.0,0.0,0.0
2024-06-07 04:30:00+00:00,16.90999984741211,16.90999984741211,16.90999984741211,16.90999984741211,7050,0.0,0.0,0.0
2024-06-07 04:35:00+00:00,16.90999984741211,16.93000030517578,16.90999984741211,16.93000030517578,174420,0.0,0.0,0.0
2024-06-07 04:40:00+00:00,16.93000030517578,16.940000534057617,16.93000030517578,16.940000534057617,151039,0.0,0.0,0.0
2024-06-07 04:45:00+00:00,16.940000534057617,16.940000534057617,16.940000534057617,16.940000534057617,3255,0.0,0.0,0.0
2024-06-07 04:50:00+00:00,16.940000534057617,16.940000534057617,16.940000534057617,16.940000534057617,17287,0.0,0.0,0.0
2024-06-07 04:55:00+00:00,16.940000534057617,16.950000762939453,16.940000534057617,16.950000762939453,24501,0.0,0.0,0.0
2024-06-07 05:00:00+00:00,16.950000762939453,16.950000762939453,16.940000534057617,16.950000762939453,60000,0.0,0.0,0.0
2024-06-07 05:05:00+00:00,16.950000762939453,16.950000762939453,16.940000534057617,16.950000762939453,23100,0.0,0.0,0.0
2024-06-07 05:10:00+00:00,16.950000762939453,16.950000762939453,16.940000534057617,16.940000534057617,40828,0.0,0.0,0.0
2024-06-11 01:00:00+00:00,16.889999389648438,17.0,16.889999389648438,17.0,0,0.0,0.0,0.0
2024-06-11 01:05:00+00:00,17.0,17.0,16.93000030517578,16.940000534057617,66000,0.0,0.0,0.0
2024-06-11 01:10:00+00:00,16.940000534057617,16.940000534057617,16.920000076293945,16.920000076293945,159859,0.0,0.0,0.0
2024-06-11 01:15:00+00:00,16.920000076293945,16.920000076293945,16.899999618530273,16.90999984741211,112771,0.0,0.0,0.0
2024-06-11 01:20:00+00:00,16.920000076293945,16.950000762939453,16.90999984741211,16.940000534057617,274153,0.0,0.0,0.0
2024-06-11 01:25:00+00:00,16.940000534057617,16.950000762939453,16.93000030517578,16.940000534057617,137012,0.0,0.0,0.0
2024-06-11 01:30:00+00:00,16.950000762939453,16.950000762939453,16.920000076293945,16.920000076293945,255082,0.0,0.0,0.0
2024-06-11 01:35:00+00:00,16.920000076293945,16.940000534057617,16.920000076293945,16.940000534057617,125185,0.0,0.0,0.0
2024-06-11 01:40:00+00:00,16.93000030517578,16.940000534057617,16.899999618530273,16.899999618530273,130250,0.0,0.0,0.0
2024-06-11 01:45:00+00:00,16.90999984741211,16.90999984741211,16.8799991607666,16.8799991607666,167970,0.0,0.0,0.0
2024-06-11 01:50:00+00:00,16.8799991607666,16.889999389648438,16.850000381469727,16.850000381469727,188441,0.0,0.0,0.0
2024-06-11 01:55:00+00:00,16.850000381469727,16.889999389648438,16.850000381469727,16.889999389648438,108000,0.0,0.0,0.0
2024-06-11 02:00:00+00:00,16.899999618530273,16.90999984741211,16.8799991607666,16.8799991607666,196629,0.0,0.0,0.0
2024-06-11 02:05:00+00:00,16.8799991607666,16.899999618530273,16.8700008392334,16.8700008392334,201356,0.0,0.0,0.0
2024-06-11 02:10:00+00:00,16.860000610351562,16.860000610351562,16.81999969482422,16.81999969482422,110819,0.0,0.0,0.0
2024-06-11 02:15:00+00:00,16.81999969482422,16.850000381469727,16.81999969482422,16.81999969482422,190207,0.0,0.0,0.0
2024-06-11 02:20:00+00:00,16.829999923706055,16.829999923706055,16.809999465942383,16.809999465942383,73154,0.0,0.0,0.0
2024-06-11 02:25:00+00:00,16.799999237060547,16.809999465942383,16.690000534057617,16.700000762939453,870573,0.0,0.0,0.0
2024-06-11 02:30:00+00:00,16.700000762939453,16.700000762939453,16.670000076293945,16.690000534057617,438009,0.0,0.0,0.0
2024-06-11 02:35:00+00:00,16.690000534057617,16.709999084472656,16.68000030517578,16.68000030517578,144730,0.0,0.0,0.0
2024-06-11 02:40:00+00:00,16.68000030517578,16.68000030517578,16.600000381469727,16.600000381469727,422369,0.0,0.0,0.0
2024-06-11 02:45:00+00:00,16.600000381469727,16.6200008392334,16.56999969482422,16.579999923706055,761147,0.0,0.0,0.0
2024-06-11 02:50:00+00:00,16.59000015258789,16.59000015258789,16.559999465942383,16.579999923706055,509095,0.0,0.0,0.0
2024-06-11 02:55:00+00:00,16.579999923706055,16.600000381469727,16.579999923706055,16.59000015258789,85458,0.0,0.0,0.0
2024-06-11 03:00:00+00:00,16.600000381469727,16.65999984741211,16.59000015258789,16.65999984741211,247300,0.0,0.0,0.0
2024-06-11 03:05:00+00:00,16.65999984741211,16.65999984741211,16.610000610351562,16.6299991607666,175000,0.0,0.0,0.0
2024-06-11 03:10:00+00:00,16.6200008392334,16.6299991607666,16.6200008392334,16.6200008392334,7000,0.0,0.0,0.0
2024-06-11 03:15:00+00:00,16.6299991607666,16.6299991607666,16.6200008392334,16.6200008392334,30201,0.0,0.0,0.0
2024-06-11 03:20:00+00:00,16.59000015258789,16.59000015258789,16.56999969482422,16.579999923706055,116677,0.0,0.0,0.0
2024-06-11 03:25:00+00:00,16.56999969482422,16.56999969482422,16.530000686645508,16.530000686645508,344157,0.0,0.0,0.0
2024-06-11 03:30:00+00:00,16.530000686645508,16.530000686645508,16.520000457763672,16.520000457763672,123195,0.0,0.0,0.0
2024-06-11 03:35:00+00:00,16.530000686645508,16.530000686645508,16.520000457763672,16.520000457763672,66335,0.0,0.0,0.0
2024-06-11 03:40:00+00:00,16.520000457763672,16.520000457763672,16.5,16.510000228881836,380401,0.0,0.0,0.0
2024-06-11 03:45:00+00:00,16.510000228881836,16.520000457763672,16.510000228881836,16.520000457763672,100185,0.0,0.0,0.0
2024-06-11 03:50:00+00:00,16.520000457763672,16.520000457763672,16.510000228881836,16.520000457763672,38999,0.0,0.0,0.0
2024-06-11 03:55:00+00:00,16.510000228881836,16.520000457763672,16.5,16.510000228881836,197270,0.0,0.0,0.0
2024-06-11 04:00:00+00:00,16.510000228881836,16.510000228881836,16.489999771118164,16.489999771118164,44777,0.0,0.0,0.0
2024-06-11 04:05:00+00:00,16.5,16.5,16.5,16.5,65544,0.0,0.0,0.0
2024-06-11 04:10:00+00:00,16.5,16.5,16.489999771118164,16.5,69857,0.0,0.0,0.0
2024-06-11 04:15:00+00:00,16.5,16.510000228881836,16.5,16.510000228881836,121100,0.0,0.0,0.0
2024-06-11 04:20:00+00:00,16.540000915527344,16.540000915527344,16.540000915527344,16.540000915527344,2315,0.0,0.0,0.0
2024-06-11 04:25:00+00:00,16.549999237060547,16.559999465942383,16.530000686645508,16.559999465942383,275100,0.0,0.0,0.0
2024-06-11 04:30:00+00:00,16.559999465942383,16.579999923706055,16.559999465942383,16.56999969482422,523272,0.0,0.0,0.0
2024-06-11 04:35:00+00:00,16.56999969482422,16.56999969482422,16.549999237060547,16.549999237060547,143620,0.0,0.0,0.0
2024-06-11 04:40:00+00:00,16.559999465942383,16.559999465942383,16.540000915527344,16.540000915527344,62022,0.0,0.0,0.0
2024-06-11 04:45:00+00:00,16.540000915527344,16.540000915527344,16.520000457763672,16.520000457763672,131733,0.0,0.0,0.0
2024-06-11 04:50:00+00:00,16.540000915527344,16.540000915527344,16.520000457763672,16.530000686645508,67767,0.0,0.0,0.0
2024-06-11 04:55:00+00:00,16.520000457763672,16.520000457763672,16.5,16.510000228881836,123401,0.0,0.0,0.0
2024-06-11 05:00:00+00:00,16.510000228881836,16.520000457763672,16.510000228881836,16.520000457763672,144803,0.0,0.0,0.0
2024-06-11 05:05:00+00:00,16.520000457763672,16.530000686645508,16.520000457763672,16.530000686645508,194000,0.0,0.0,0.0
2024-06-11 05:10:00+00:00,16.549999237060547,16.549999237060547,16.540000915527344,16.540000915527344,211851,0.0,0.0,0.0
2024-06-12 01:00:00+00:00,16.510000228881836,16.510000228881836,16.459999084472656,16.459999084472656,0,0.0,0.0,0.0
2024-06-12 01:05:00+00:00,16.450000762939453,16.459999084472656,16.389999389648438,16.420000076293945,342000,0.0,0.0,0.0
2024-06-12 01:10:00+00:00,16.5,16.520000457763672,16.459999084472656,16.459999084472656,72471,0.0,0.0,0.0
2024-06-12 01:15:00+00:00,16.469999313354492,16.479999542236328,16.440000534057617,16.469999313354492,171377,0.0,0.0,0.0
2024-06-12 01:20:00+00:00,16.479999542236328,16.5,16.479999542236328,16.5,336805,0.0,0.0,0.0
2024-06-12 01:25:00+00:00,16.489999771118164,16.489999771118164,16.479999542236328,16.479999542236328,47745,0.0,0.0,0.0
2024-06-12 01:30:00+00:00,16.479999542236328,16.489999771118164,16.479999542236328,16.489999771118164,32068,0.0,0.0,0.0
2024-06-12 01:35:00+00:00,16.510000228881836,16.520000457763672,16.479999542236328,16.479999542236328,66564,0.0,0.0,0.0
2024-06-12 01:40:00+00:00,16.479999542236328,16.479999542236328,16.459999084472656,16.459999084472656,73395,0.0,0.0,0.0
2024-06-12 01:45:00+00:00,16.459999084472656,16.459999084472656,16.43000030517578,16.43000030517578,183250,0.0,0.0,0.0
2024-06-12 01:50:00+00:00,16.43000030517578,16.43000030517578,16.40999984741211,16.40999984741211,185153,0.0,0.0,0.0
2024-06-12 01:55:00+00:00,16.40999984741211,16.40999984741211,16.3799991607666,16.3799991607666,402737,0.0,0.0,0.0
2024-06-12 02:00:00+00:00,16.3799991607666,16.3799991607666,16.350000381469727,16.3799991607666,215760,0.0,0.0,0.0
2024-06-12 02:05:00+00:00,16.3799991607666,16.3799991607666,16.3700008392334,16.3700008392334,96140,0.0,0.0,0.0
2024-06-12 02:10:00+00:00,16.360000610351562,16.360000610351562,16.360000610351562,16.360000610351562,59006,0.0,0.0,0.0
2024-06-12 02:15:00+00:00,16.360000610351562,16.360000610351562,16.350000381469727,16.360000610351562,14570,0.0,0.0,0.0
2024-06-12 02:20:00+00:00,16.350000381469727,16.360000610351562,16.34000015258789,16.360000610351562,279878,0.0,0.0,0.0
2024-06-12 02:25:00+00:00,16.360000610351562,16.360000610351562,16.34000015258789,16.34000015258789,177892,0.0,0.0,0.0
2024-06-12 02:30:00+00:00,16.34000015258789,16.34000015258789,16.299999237060547,16.299999237060547,302918,0.0,0.0,0.0
2024-06-12 02:35:00+00:00,16.299999237060547,16.299999237060547,16.290000915527344,16.290000915527344,190530,0.0,0.0,0.0
2024-06-12 02:40:00+00:00,16.299999237060547,16.31999969482422,16.299999237060547,16.309999465942383,133003,0.0,0.0,0.0
2024-06-12 02:45:00+00:00,16.31999969482422,16.31999969482422,16.299999237060547,16.309999465942383,130560,0.0,0.0,0.0
2024-06-12 02:50:00+00:00,16.309999465942383,16.329999923706055,16.309999465942383,16.329999923706055,68135,0.0,0.0,0.0
2024-06-12 02:55:00+00:00,16.360000610351562,16.360000610351562,16.350000381469727,16.350000381469727,13000,0.0,0.0,0.0
2024-06-12 03:00:00+00:00,16.350000381469727,16.3700008392334,16.350000381469727,16.350000381469727,33000,0.0,0.0,0.0
2024-06-12 03:05:00+00:00,16.34000015258789,16.34000015258789,16.31999969482422,16.31999969482422,186661,0.0,0.0,0.0
2024-06-12 03:10:00+00:00,16.31999969482422,16.350000381469727,16.31999969482422,16.34000015258789,249000,0.0,0.0,0.0
2024-06-12 03:15:00+00:00,16.34000015258789,16.34000015258789,16.34000015258789,16.34000015258789,2120,0.0,0.0,0.0
2024-06-12 03:20:00+00:00,16.350000381469727,16.3799991607666,16.350000381469727,16.3799991607666,158000,0.0,0.0,0.0
2024-06-12 03:25:00+00:00,16.3799991607666,16.3799991607666,16.360000610351562,16.360000610351562,13541,0.0,0.0,0.0
2024-06-12 03:30:00+00:00,16.360000610351562,16.3700008392334,16.350000381469727,16.3700008392334,7151,0.0,0.0,0.0
2024-06-12 03:35:00+00:00,16.3700008392334,16.3700008392334,16.350000381469727,16.350000381469727,29722,0.0,0.0,0.0
2024-06-12 03:40:00+00:00,16.350000381469727,16.350000381469727,16.329999923706055,16.329999923706055,42260,0.0,0.0,0.0
2024-06-12 03:45:00+00:00,16.350000381469727,16.350000381469727,16.34000015258789,16.34000015258789,10416,0.0,0.0,0.0
2024-06-12 03:50:00+00:00,16.34000015258789,16.34000015258789,16.34000015258789,16.34000015258789,60995,0.0,0.0,0.0
2024-06-12 03:55:00+00:00,16.34000015258789,16.350000381469727,16.329999923706055,16.329999923706055,68291,0.0,0.0,0.0
2024-06-12 04:00:00+00:00,16.34000015258789,16.34000015258789,16.329999923706055,16.329999923706055,39098,0.0,0.0,0.0
2024-06-12 04:05:00+00:00,16.329999923706055,16.34000015258789,16.31999969482422,16.34000015258789,29226,0.0,0.0,0.0
2024-06-12 04:10:00+00:00,16.34000015258789,16.34000015258789,16.329999923706055,16.329999923706055,38013,0.0,0.0,0.0
2024-06-12 04:15:00+00:00,16.34000015258789,16.34000015258789,16.329999923706055,16.329999923706055,28477,0.0,0.0,0.0
2024-06-12 04:20:00+00:00,16.329999923706055,16.329999923706055,16.31999969482422,16.31999969482422,163050,0.0,0.0,0.0
2024-06-12 04:25:00+00:00,16.329999923706055,16.329999923706055,16.329999923706055,16.329999923706055,15700,0.0,0.0,0.0
2024-06-12 04:30:00+00:00,16.34000015258789,16.34000015258789,16.34000015258789,16.34000015258789,19950,0.0,0.0,0.0
2024-06-12 04:35:00+00:00,16.34000015258789,16.34000015258789,16.329999923706055,16.34000015258789,354668,0.0,0.0,0.0
2024-06-12 04:40:00+00:00,16.350000381469727,16.360000610351562,16.350000381469727,16.360000610351562,7080,0.0,0.0,0.0
2024-06-12 04:45:00+00:00,16.360000610351562,16.360000610351562,16.350000381469727,16.360000610351562,59665,0.0,0.0,0.0
2024-06-12 04:50:00+00:00,16.360000610351562,16.360000610351562,16.350000381469727,16.350000381469727,52575,0.0,0.0,0.0
2024-06-12 04:55:00+00:00,16.350000381469727,16.350000381469727,16.350000381469727,16.350000381469727,23939,0.0,0.0,0.0
2024-06-12 05:00:00+00:00,16.34000015258789,16.34000015258789,16.329999923706055,16.34000015258789,149050,0.0,0.0,0.0
2024-06-12 05:05:00+00:00,16.34000015258789,16.350000381469727,16.329999923706055,16.350000381469727,194561,0.0,0.0,0.0
2024-06-12 05:10:00+00:00,16.350000381469727,16.350000381469727,16.350000381469727,16.350000381469727,28070,0.0,0.0,0.0
2024-06-12 05:15:00+00:00,16.34000015258789,16.350000381469727,16.34000015258789,16.350000381469727,63141,0.0,0.0,0.0
2024-06-12 05:20:00+00:00,16.350000381469727,16.350000381469727,16.350000381469727,16.350000381469727,60230,0.0,0.0,0.0
2024-06-13 01:00:00+00:00,16.530000686645508,16.56999969482422,16.530000686645508,16.56999969482422,0,0.0,0.0,0.0
2024-06-13 01:05:00+00:00,16.579999923706055,16.579999923706055,16.540000915527344,16.56999969482422,168000,0.0,0.0,0.0
2024-06-13 01:10:00+00:00,16.559999465942383,16.56999969482422,16.530000686645508,16.530000686645508,132212,0.0,0.0,0.0
2024-06-13 01:15:00+00:00,16.530000686645508,16.530000686645508,16.510000228881836,16.510000228881836,154850,0.0,0.0,0.0
2024-06-13 01:20:00+00:00,16.510000228881836,16.510000228881836,16.5,16.510000228881836,366769,0.0,0.0,0.0
2024-06-13 01:25:00+00:00,16.5,16.520000457763672,16.5,16.5,121108,0.0,0.0,0.0
2024-06-13 01:30:00+00:00,16.510000228881836,16.510000228881836,16.479999542236328,16.479999542236328,180324,0.0,0.0,0.0
2024-06-13 01:35:00+00:00,16.489999771118164,16.5,16.489999771118164,16.5,58478,0.0,0.0,0.0
2024-06-13 01:40:00+00:00,16.5,16.510000228881836,16.5,16.510000228881836,72100,0.0,0.0,0.0
2024-06-13 01:45:00+00:00,16.520000457763672,16.520000457763672,16.469999313354492,16.469999313354492,112060,0.0,0.0,0.0
2024-06-13 01:50:00+00:00,16.469999313354492,16.469999313354492,16.459999084472656,16.469999313354492,148151,0.0,0.0,0.0
2024-06-13 01:55:00+00:00,16.479999542236328,16.5,16.479999542236328,16.5,93150,0.0,0.0,0.0
2024-06-13 02:00:00+00:00,16.510000228881836,16.510000228881836,16.469999313354492,16.469999313354492,21131,0.0,0.0,0.0
2024-06-13 02:05:00+00:00,16.479999542236328,16.520000457763672,16.479999542236328,16.520000457763672,100159,0.0,0.0,0.0
2024-06-13 02:10:00+00:00,16.520000457763672,16.530000686645508,16.510000228881836,16.510000228881836,20695,0.0,0.0,0.0
2024-06-13 02:15:00+00:00,16.5,16.520000457763672,16.479999542236328,16.5,123005,0.0,0.0,0.0
2024-06-13 02:20:00+00:00,16.489999771118164,16.489999771118164,16.469999313354492,16.469999313354492,47710,0.0,0.0,0.0
2024-06-13 02:25:00+00:00,16.469999313354492,16.469999313354492,16.450000762939453,16.450000762939453,454105,0.0,0.0,0.0
2024-06-13 02:30:00+00:00,16.450000762939453,16.469999313354492,16.450000762939453,16.450000762939453,42051,0.0,0.0,0.0
2024-06-13 02:35:00+00:00,16.450000762939453,16.450000762939453,16.43000030517578,16.440000534057617,46826,0.0,0.0,0.0
2024-06-13 02:40:00+00:00,16.440000534057617,16.469999313354492,16.440000534057617,16.469999313354492,139050,0.0,0.0,0.0
2024-06-13 02:45:00+00:00,16.469999313354492,16.469999313354492,16.43000030517578,16.43000030517578,130600,0.0,0.0,0.0
2024-06-13 02:50:00+00:00,16.43000030517578,16.43000030517578,16.43000030517578,16.43000030517578,34000,0.0,0.0,0.0
2024-06-13 02:55:00+00:00,16.43000030517578,16.440000534057617,16.43000030517578,16.440000534057617,9000,0.0,0.0,0.0
2024-06-13 03:00:00+00:00,16.450000762939453,16.450000762939453,16.420000076293945,16.420000076293945,53120,0.0,0.0,0.0
2024-06-13 03:05:00+00:00,16.420000076293945,16.420000076293945,16.40999984741211,16.40999984741211,54150,0.0,0.0,0.0
2024-06-13 03:10:00+00:00,16.40999984741211,16.420000076293945,16.40999984741211,16.420000076293945,11000,0.0,0.0,0.0
2024-06-13 03:15:00+00:00,16.420000076293945,16.420000076293945,16.420000076293945,16.420000076293945,4000,0.0,0.0,0.0
2024-06-13 03:20:00+00:00,16.420000076293945,16.43000030517578,16.420000076293945,16.43000030517578,3000,0.0,0.0,0.0
2024-06-13 03:25:00+00:00,16.43000030517578,16.450000762939453,16.43000030517578,16.440000534057617,105290,0.0,0.0,0.0
2024-06-13 03:30:00+00:00,16.450000762939453,16.450000762939453,16.43000030517578,16.43000030517578,7404,0.0,0.0,0.0
2024-06-13 03:35:00+00:00,16.43000030517578,16.440000534057617,16.43000030517578,16.440000534057617,41300,0.0,0.0,0.0
2024-06-13 03:40:00+00:00,16.440000534057617,16.440000534057617,16.440000534057617,16.440000534057617,39050,0.0,0.0,0.0
2024-06-13 03:45:00+00:00,16.440000534057617,16.440000534057617,16.43000030517578,16.43000030517578,41200,0.0,0.0,0.0
2024-06-13 03:50:00+00:00,16.43000030517578,16.43000030517578,16.43000030517578,16.43000030517578,9062,0.0,0.0,0.0
2024-06-13 03:55:00+00:00,16.43000030517578,16.440000534057617,16.43000030517578,16.440000534057617,12100,0.0,0.0,0.0
2024-06-13 04:00:00+00:00,16.440000534057617,16.440000534057617,16.440000534057617,16.440000534057617,5240,0.0,0.0,0.0
2024-06-13 04:05:00+00:00,16.450000762939453,16.450000762939453,16.450000762939453,16.450000762939453,1354,0.0,0.0,0.0
2024-06-13 04:10:00+00:00,16.440000534057617,16.450000762939453,16.440000534057617,16.450000762939453,8200,0.0,0.0,0.0
2024-06-13 04:15:00+00:00,16.450000762939453,16.450000762939453,16.450000762939453,16.450000762939453,4258,0.0,0.0,0.0
2024-06-13 04:20:00+00:00,16.459999084472656,16.459999084472656,16.459999084472656,16.459999084472656,6500,0.0,0.0,0.0
2024-06-13 04:25:00+00:00,16.459999084472656,16.459999084472656,16.459999084472656,16.459999084472656,15082,0.0,0.0,0.0
2024-06-13 04:30:00+00:00,16.459999084472656,16.459999084472656,16.459999084472656,16.459999084472656,4051,0.0,0.0,0.0
2024-06-13 04:35:00+00:00,16.459999084472656,16.459999084472656,16.450000762939453,16.450000762939453,5250,0.0,0.0,0.0
2024-06-13 04:40:00+00:00,16.459999084472656,16.459999084472656,16.450000762939453,16.459999084472656,19322,0.0,0.0,0.0
2024-06-13 04:45:00+00:00,16.450000762939453,16.459999084472656,16.450000762939453,16.450000762939453,39000,0.0,0.0,0.0
2024-06-13 04:50:00+00:00,16.450000762939453,16.450000762939453,16.450000762939453,16.450000762939453,3972,0.0,0.0,0.0
2024-06-13 04:55:00+00:00,16.450000762939453,16.450000762939453,16.440000534057617,16.450000762939453,12800,0.0,0.0,0.0
2024-06-13 05:00:00+00:00,16.459999084472656,16.459999084472656,16.450000762939453,16.459999084472656,12218,0.0,0.0,0.0
2024-06-13 05:05:00+00:00,16.459999084472656,16.459999084472656,16.440000534057617,16.440000534057617,161540,0.0,0.0,0.0
2024-06-13 05:10:00+00:00,16.440000534057617,16.450000762939453,16.43000030517578,16.450000762939453,84042,0.0,0.0,0.0
2024-06-14 01:00:00+00:00,16.450000762939453,16.520000457763672,16.450000762939453,16.520000457763672,0,0.0,0.0,0.0
2024-06-14 01:05:00+00:00,16.520000457763672,16.520000457763672,16.479999542236328,16.479999542236328,134451,0.0,0.0,0.0
2024-06-14 01:10:00+00:00,16.489999771118164,16.489999771118164,16.489999771118164,16.489999771118164,3439,0.0,0.0,0.0
2024-06-14 01:15:00+00:00,16.489999771118164,16.56999969482422,16.489999771118164,16.56999969482422,67675,0.0,0.0,0.0
2024-06-14 01:20:00+00:00,16.549999237060547,16.56999969482422,16.549999237060547,16.56999969482422,84099,0.0,0.0,0.0
2024-06-14 01:25:00+00:00,16.559999465942383,16.559999465942383,16.540000915527344,16.540000915527344,281201,0.0,0.0,0.0
2024-06-14 01:30:00+00:00,16.540000915527344,16.549999237060547,16.540000915527344,16.549999237060547,17730,0.0,0.0,0.0
2024-06-14 01:35:00+00:00,16.549999237060547,16.549999237060547,16.540000915527344,16.549999237060547,7000,0.0,0.0,0.0
2024-06-14 01:40:00+00:00,16.549999237060547,16.56999969482422,16.549999237060547,16.56999969482422,72330,0.0,0.0,0.0
2024-06-14 01:45:00+00:00,16.56999969482422,16.579999923706055,16.56999969482422,16.56999969482422,167128,0.0,0.0,0.0
2024-06-14 01:50:00+00:00,16.559999465942383,16.59000015258789,16.559999465942383,16.59000015258789,56402,0.0,0.0,0.0
2024-06-14 01:55:00+00:00,16.579999923706055,16.59000015258789,16.559999465942383,16.559999465942383,35090,0.0,0.0,0.0
2024-06-14 02:00:00+00:00,16.559999465942383,16.559999465942383,16.559999465942383,16.559999465942383,5101,0.0,0.0,0.0
2024-06-14 02:05:00+00:00,16.56999969482422,16.56999969482422,16.559999465942383,16.559999465942383,34000,0.0,0.0,0.0
2024-06-14 02:10:00+00:00,16.559999465942383,16.559999465942383,16.559999465942383,16.559999465942383,6300,0.0,0.0,0.0
2024-06-14 02:15:00+00:00,16.559999465942383,16.559999465942383,16.559999465942383,16.559999465942383,56450,0.0,0.0,0.0
2024-06-14 02:20:00+00:00,16.559999465942383,16.559999465942383,16.559999465942383,16.559999465942383,10000,0.0,0.0,0.0
2024-06-14 02:25:00+00:00,16.559999465942383,16.56999969482422,16.559999465942383,16.56999969482422,65000,0.0,0.0,0.0
2024-06-14 02:30:00+00:00,16.56999969482422,16.579999923706055,16.56999969482422,16.579999923706055,89000,0.0,0.0,0.0
2024-06-14 02:35:00+00:00,16.579999923706055,16.579999923706055,16.579999923706055,16.579999923706055,41061,0.0,0.0,0.0
2024-06-14 02:40:00+00:00,16.56999969482422,16.579999923706055,16.56999969482422,16.56999969482422,25110,0.0,0.0,0.0
2024-06-14 02:45:00+00:00,16.56999969482422,16.56999969482422,16.549999237060547,16.549999237060547,198854,0.0,0.0,0.0
2024-06-14 02:55:00+00:00,16.549999237060547,16.549999237060547,16.549999237060547,16.549999237060547,3400,0.0,0.0,0.0
2024-06-14 03:00:00+00:00,16.540000915527344,16.540000915527344,16.540000915527344,16.540000915527344,34484,0.0,0.0,0.0
2024-06-14 03:05:00+00:00,16.540000915527344,16.540000915527344,16.540000915527344,16.540000915527344,31239,0.0,0.0,0.0
2024-06-14 03:10:00+00:00,16.540000915527344,16.540000915527344,16.530000686645508,16.530000686645508,67198,0.0,0.0,0.0
2024-06-14 03:15:00+00:00,16.549999237060547,16.549999237060547,16.549999237060547,16.549999237060547,26052,0.0,0.0,0.0
2024-06-14 03:20:00+00:00,16.549999237060547,16.549999237060547,16.549999237060547,16.549999237060547,1100,0.0,0.0,0.0
2024-06-14 03:25:00+00:00,16.559999465942383,16.559999465942383,16.559999465942383,16.559999465942383,296000,0.0,0.0,0.0
2024-06-14 03:30:00+00:00,16.56999969482422,16.579999923706055,16.56999969482422,16.579999923706055,65010,0.0,0.0,0.0
2024-06-14 03:35:00+00:00,16.579999923706055,16.600000381469727,16.579999923706055,16.600000381469727,96090,0.0,0.0,0.0
2024-06-14 03:40:00+00:00,16.600000381469727,16.600000381469727,16.600000381469727,16.600000381469727,22180,0.0,0.0,0.0
2024-06-14 03:45:00+00:00,16.600000381469727,16.600000381469727,16.600000381469727,16.600000381469727,6000,0.0,0.0,0.0
2024-06-14 03:50:00+00:00,16.600000381469727,16.600000381469727,16.600000381469727,16.600000381469727,63220,0.0,0.0,0.0
2024-06-14 03:55:00+00:00,16.600000381469727,16.600000381469727,16.600000381469727,16.600000381469727,3300,0.0,0.0,0.0
2024-06-14 04:00:00+00:00,16.600000381469727,16.600000381469727,16.600000381469727,16.600000381469727,29019,0.0,0.0,0.0
2024-06-14 04:05:00+00:00,16.600000381469727,16.600000381469727,16.600000381469727,16.600000381469727,38100,0.0,0.0,0.0
2024-06-14 04:10:00+00:00,16.600000381469727,16.610000610351562,16.600000381469727,16.610000610351562,11999,0.0,0.0,0.0
2024-06-14 04:15:00+00:00,16.600000381469727,16.6200008392334,16.600000381469727,16.600000381469727,12906,0.0,0.0,0.0
2024-06-14 04:20:00+00:00,16.600000381469727,16.600000381469727,16.600000381469727,16.600000381469727,65000,0.0,0.0,0.0
2024-06-14 04:25:00+00:00,16.610000610351562,16.670000076293945,16.610000610351562,16.670000076293945,76095,0.0,0.0,0.0
2024-06-14 04:30:00+00:00,16.68000030517578,16.68000030517578,16.65999984741211,16.670000076293945,83582,0.0,0.0,0.0
2024-06-14 04:35:00+00:00,16.670000076293945,16.690000534057617,16.670000076293945,16.690000534057617,78836,0.0,0.0,0.0
2024-06-14 04:40:00+00:00,16.690000534057617,16.700000762939453,16.670000076293945,16.670000076293945,389487,0.0,0.0,0.0
2024-06-14 04:45:00+00:00,16.68000030517578,16.68000030517578,16.68000030517578,16.68000030517578,7000,0.0,0.0,0.0
2024-06-14 04:50:00+00:00,16.690000534057617,16.690000534057617,16.690000534057617,16.690000534057617,12073,0.0,0.0,0.0
2024-06-14 04:55:00+00:00,16.68000030517578,16.690000534057617,16.68000030517578,16.690000534057617,9112,0.0,0.0,0.0
2024-06-14 05:00:00+00:00,16.690000534057617,16.700000762939453,16.690000534057617,16.690000534057617,43532,0.0,0.0,0.0
2024-06-14 05:05:00+00:00,16.700000762939453,16.700000762939453,16.68000030517578,16.690000534057617,64138,0.0,0.0,0.0
2024-06-14 05:10:00+00:00,16.690000534057617,16.690000534057617,16.690000534057617,16.690000534057617,18291,0.0,0.0,0.0
2024-06-17 01:00:00+00:00,16.700000762939453,16.709999084472656,16.639999389648438,16.709999084472656,0,0.0,0.0,0.0
2024-06-17 01:05:00+00:00,16.700000762939453,16.700000762939453,16.65999984741211,16.65999984741211,48170,0.0,0.0,0.0
2024-06-17 01:10:00+00:00,16.65999984741211,16.65999984741211,16.59000015258789,16.59000015258789,227779,0.0,0.0,0.0
2024-06-17 01:15:00+00:00,16.59000015258789,16.65999984741211,16.59000015258789,16.6299991607666,366498,0.0,0.0,0.0
2024-06-17 01:20:00+00:00,16.639999389648438,16.65999984741211,16.6299991607666,16.639999389648438,32976,0.0,0.0,0.0
2024-06-17 01:25:00+00:00,16.649999618530273,16.649999618530273,16.6200008392334,16.6200008392334,100879,0.0,0.0,0.0
2024-06-17 01:30:00+00:00,16.6200008392334,16.6200008392334,16.610000610351562,16.6200008392334,105579,0.0,0.0,0.0
2024-06-17 01:35:00+00:00,16.6200008392334,16.649999618530273,16.6200008392334,16.649999618530273,158178,0.0,0.0,0.0
2024-06-17 01:40:00+00:00,16.649999618530273,16.65999984741211,16.649999618530273,16.65999984741211,16000,0.0,0.0,0.0
2024-06-17 01:45:00+00:00,16.65999984741211,16.700000762939453,16.65999984741211,16.700000762939453,56000,0.0,0.0,0.0
2024-06-17 01:50:00+00:00,16.700000762939453,16.729999542236328,16.700000762939453,16.700000762939453,395150,0.0,0.0,0.0
2024-06-17 01:55:00+00:00,16.700000762939453,16.719999313354492,16.700000762939453,16.719999313354492,18150,0.0,0.0,0.0
2024-06-17 02:00:00+00:00,16.700000762939453,16.709999084472656,16.690000534057617,16.700000762939453,149795,0.0,0.0,0.0
2024-06-17 02:05:00+00:00,16.690000534057617,16.690000534057617,16.68000030517578,16.690000534057617,53798,0.0,0.0,0.0
2024-06-17 02:10:00+00:00,16.670000076293945,16.670000076293945,16.649999618530273,16.65999984741211,140379,0.0,0.0,0.0
2024-06-17 02:15:00+00:00,16.68000030517578,16.690000534057617,16.68000030517578,16.68000030517578,15000,0.0,0.0,0.0
2024-06-17 02:20:00+00:00,16.68000030517578,16.68000030517578,16.68000030517578,16.68000030517578,35872,0.0,0.0,0.0
2024-06-17 02:25:00+00:00,16.670000076293945,16.670000076293945,16.670000076293945,16.670000076293945,22100,0.0,0.0,0.0
2024-06-17 02:30:00+00:00,16.690000534057617,16.690000534057617,16.690000534057617,16.690000534057617,8150,0.0,0.0,0.0
2024-06-17 02:35:00+00:00,16.690000534057617,16.690000534057617,16.68000030517578,16.68000030517578,120735,0.0,0.0,0.0
2024-06-17 02:40:00+00:00,16.68000030517578,16.68000030517578,16.68000030517578,16.68000030517578,42000,0.0,0.0,0.0
2024-06-17 02:45:00+00:00,16.68000030517578,16.68000030517578,16.68000030517578,16.68000030517578,11123,0.0,0.0,0.0
2024-06-17 02:50:00+00:00,16.68000030517578,16.68000030517578,16.670000076293945,16.670000076293945,95075,0.0,0.0,0.0
2024-06-17 02:55:00+00:00,16.670000076293945,16.670000076293945,16.65999984741211,16.65999984741211,29588,0.0,0.0,0.0
2024-06-17 03:00:00+00:00,16.670000076293945,16.670000076293945,16.65999984741211,16.670000076293945,56235,0.0,0.0,0.0
2024-06-17 03:05:00+00:00,16.68000030517578,16.68000030517578,16.68000030517578,16.68000030517578,10000,0.0,0.0,0.0
2024-06-17 03:10:00+00:00,16.68000030517578,16.700000762939453,16.68000030517578,16.700000762939453,11265,0.0,0.0,0.0
2024-06-17 03:15:00+00:00,16.700000762939453,16.700000762939453,16.690000534057617,16.690000534057617,16100,0.0,0.0,0.0
2024-06-17 03:20:00+00:00,16.690000534057617,16.690000534057617,16.68000030517578,16.68000030517578,3125,0.0,0.0,0.0
2024-06-17 03:25:00+00:00,16.690000534057617,16.690000534057617,16.68000030517578,16.68000030517578,52000,0.0,0.0,0.0
2024-06-17 03:30:00+00:00,16.690000534057617,16.690000534057617,16.68000030517578,16.68000030517578,11100,0.0,0.0,0.0
2024-06-17 03:35:00+00:00,16.690000534057617,16.690000534057617,16.690000534057617,16.690000534057617,3068,0.0,0.0,0.0
2024-06-17 03:40:00+00:00,16.690000534057617,16.700000762939453,16.68000030517578,16.68000030517578,34431,0.0,0.0,0.0
2024-06-17 03:45:00+00:00,16.700000762939453,16.700000762939453,16.700000762939453,16.700000762939453,2210,0.0,0.0,0.0
2024-06-17 03:50:00+00:00,16.700000762939453,16.700000762939453,16.690000534057617,16.690000534057617,16010,0.0,0.0,0.0
2024-06-17 03:55:00+00:00,16.690000534057617,16.700000762939453,16.690000534057617,16.690000534057617,19199,0.0,0.0,0.0
2024-06-17 04:00:00+00:00,16.68000030517578,16.68000030517578,16.68000030517578,16.68000030517578,12207,0.0,0.0,0.0
2024-06-17 04:05:00+00:00,16.690000534057617,16.690000534057617,16.690000534057617,16.690000534057617,11130,0.0,0.0,0.0
2024-06-17 04:10:00+00:00,16.690000534057617,16.690000534057617,16.68000030517578,16.68000030517578,20000,0.0,0.0,0.0
2024-06-17 04:15:00+00:00,16.690000534057617,16.690000534057617,16.68000030517578,16.68000030517578,360500,0.0,0.0,0.0
2024-06-17 04:20:00+00:00,16.68000030517578,16.68000030517578,16.68000030517578,16.68000030517578,204235,0.0,0.0,0.0
2024-06-17 04:25:00+00:00,16.670000076293945,16.690000534057617,16.670000076293945,16.690000534057617,112512,0.0,0.0,0.0
2024-06-17 04:30:00+00:00,16.690000534057617,16.690000534057617,16.68000030517578,16.68000030517578,4713,0.0,0.0,0.0
2024-06-17 04:35:00+00:00,16.690000534057617,16.690000534057617,16.68000030517578,16.68000030517578,18100,0.0,0.0,0.0
2024-06-17 04:40:00+00:00,16.68000030517578,16.690000534057617,16.68000030517578,16.690000534057617,13300,0.0,0.0,0.0
2024-06-17 04:45:00+00:00,16.690000534057617,16.690000534057617,16.68000030517578,16.68000030517578,9075,0.0,0.0,0.0
2024-06-17 04:50:00+00:00,16.670000076293945,16.68000030517578,16.670000076293945,16.68000030517578,28586,0.0,0.0,0.0
2024-06-17 04:55:00+00:00,16.68000030517578,16.68000030517578,16.68000030517578,16.68000030517578,6871,0.0,0.0,0.0
2024-06-17 05:00:00+00:00,16.670000076293945,16.68000030517578,16.670000076293945,16.68000030517578,176218,0.0,0.0,0.0
2024-06-17 05:05:00+00:00,16.670000076293945,16.670000076293945,16.65999984741211,16.65999984741211,156111,0.0,0.0,0.0
2024-06-17 05:10:00+00:00,16.670000076293945,16.670000076293945,16.65999984741211,16.670000076293945,31180,0.0,0.0,0.0
2024-06-17 05:15:00+00:00,16.670000076293945,16.670000076293945,16.670000076293945,16.670000076293945,29000,0.0,0.0,0.0
2024-06-17 05:20:00+00:00,16.670000076293945,16.670000076293945,16.670000076293945,16.670000076293945,25390,0.0,0.0,0.0
2024-06-18 01:00:00+00:00,16.729999542236328,16.739999771118164,16.700000762939453,16.700000762939453,0,0.0,0.0,0.0
2024-06-18 01:05:00+00:00,16.700000762939453,16.700000762939453,16.690000534057617,16.700000762939453,205202,0.0,0.0,0.0
2024-06-18 01:10:00+00:00,16.700000762939453,16.719999313354492,16.700000762939453,16.719999313354492,34218,0.0,0.0,0.0
2024-06-18 01:15:00+00:00,16.719999313354492,16.719999313354492,16.719999313354492,16.719999313354492,102105,0.0,0.0,0.0
2024-06-18 01:20:00+00:00,16.709999084472656,16.709999084472656,16.68000030517578,16.68000030517578,199755,0.0,0.0,0.0
2024-06-18 01:25:00+00:00,16.68000030517578,16.68000030517578,16.68000030517578,16.68000030517578,178565,0.0,0.0,0.0
2024-06-18 01:30:00+00:00,16.68000030517578,16.700000762939453,16.68000030517578,16.700000762939453,3125,0.0,0.0,0.0
2024-06-18 01:35:00+00:00,16.700000762939453,16.700000762939453,16.670000076293945,16.68000030517578,231215,0.0,0.0,0.0
2024-06-18 01:40:00+00:00,16.690000534057617,16.700000762939453,16.690000534057617,16.700000762939453,15877,0.0,0.0,0.0
2024-06-18 01:45:00+00:00,16.700000762939453,16.700000762939453,16.700000762939453,16.700000762939453,5133,0.0,0.0,0.0
2024-06-18 01:50:00+00:00,16.690000534057617,16.700000762939453,16.690000534057617,16.700000762939453,16000,0.0,0.0,0.0
2024-06-18 01:55:00+00:00,16.690000534057617,16.690000534057617,16.68000030517578,16.690000534057617,121255,0.0,0.0,0.0
2024-06-18 02:00:00+00:00,16.690000534057617,16.700000762939453,16.690000534057617,16.700000762939453,5400,0.0,0.0,0.0
2024-06-18 02:05:00+00:00,16.700000762939453,16.700000762939453,16.700000762939453,16.700000762939453,97115,0.0,0.0,0.0
2024-06-18 02:10:00+00:00,16.700000762939453,16.700000762939453,16.690000534057617,16.690000534057617,60090,0.0,0.0,0.0
2024-06-18 02:15:00+00:00,16.690000534057617,16.709999084472656,16.68000030517578,16.709999084472656,88257,0.0,0.0,0.0
2024-06-18 02:20:00+00:00,16.709999084472656,16.709999084472656,16.700000762939453,16.709999084472656,19060,0.0,0.0,0.0
2024-06-18 02:25:00+00:00,16.709999084472656,16.709999084472656,16.709999084472656,16.709999084472656,12413,0.0,0.0,0.0
2024-06-18 02:30:00+00:00,16.709999084472656,16.709999084472656,16.700000762939453,16.700000762939453,44409,0.0,0.0,0.0
2024-06-18 02:35:00+00:00,16.709999084472656,16.709999084472656,16.709999084472656,16.709999084472656,1061,0.0,0.0,0.0
2024-06-18 02:40:00+00:00,16.719999313354492,16.729999542236328,16.719999313354492,16.729999542236328,44075,0.0,0.0,0.0
2024-06-18 02:45:00+00:00,16.729999542236328,16.729999542236328,16.729999542236328,16.729999542236328,3114,0.0,0.0,0.0
2024-06-18 02:50:00+00:00,16.729999542236328,16.729999542236328,16.719999313354492,16.729999542236328,85100,0.0,0.0,0.0
2024-06-18 02:55:00+00:00,16.719999313354492,16.729999542236328,16.719999313354492,16.729999542236328,13314,0.0,0.0,0.0
2024-06-18 03:00:00+00:00,16.719999313354492,16.719999313354492,16.719999313354492,16.719999313354492,11120,0.0,0.0,0.0
2024-06-18 03:05:00+00:00,16.729999542236328,16.729999542236328,16.729999542236328,16.729999542236328,50014,0.0,0.0,0.0
2024-06-18 03:10:00+00:00,16.729999542236328,16.739999771118164,16.729999542236328,16.739999771118164,7134,0.0,0.0,0.0
2024-06-18 03:15:00+00:00,16.739999771118164,16.739999771118164,16.739999771118164,16.739999771118164,57014,0.0,0.0,0.0
2024-06-18 03:20:00+00:00,16.739999771118164,16.739999771118164,16.739999771118164,16.739999771118164,53371,0.0,0.0,0.0
2024-06-18 03:25:00+00:00,16.75,16.75,16.739999771118164,16.75,36150,0.0,0.0,0.0
2024-06-18 03:30:00+00:00,16.739999771118164,16.739999771118164,16.729999542236328,16.729999542236328,48312,0.0,0.0,0.0
2024-06-18 03:35:00+00:00,16.729999542236328,16.729999542236328,16.729999542236328,16.729999542236328,23000,0.0,0.0,0.0
2024-06-18 03:45:00+00:00,16.729999542236328,16.739999771118164,16.729999542236328,16.739999771118164,6000,0.0,0.0,0.0
2024-06-18 03:55:00+00:00,16.739999771118164,16.739999771118164,16.739999771118164,16.739999771118164,47000,0.0,0.0,0.0
2024-06-18 04:00:00+00:00,16.75,16.75,16.739999771118164,16.75,150000,0.0,0.0,0.0
2024-06-18 04:05:00+00:00,16.75,16.760000228881836,16.75,16.760000228881836,50791,0.0,0.0,0.0
2024-06-18 04:10:00+00:00,16.760000228881836,16.760000228881836,16.760000228881836,16.760000228881836,9000,0.0,0.0,0.0
2024-06-18 04:15:00+00:00,16.760000228881836,16.760000228881836,16.760000228881836,16.760000228881836,10207,0.0,0.0,0.0
2024-06-18 04:20:00+00:00,16.760000228881836,16.770000457763672,16.760000228881836,16.760000228881836,7012,0.0,0.0,0.0
2024-06-18 04:25:00+00:00,16.770000457763672,16.770000457763672,16.770000457763672,16.770000457763672,12261,0.0,0.0,0.0
2024-06-18 04:30:00+00:00,16.770000457763672,16.770000457763672,16.770000457763672,16.770000457763672,30176,0.0,0.0,0.0
2024-06-18 04:35:00+00:00,16.760000228881836,16.760000228881836,16.760000228881836,16.760000228881836,37740,0.0,0.0,0.0
2024-06-18 04:40:00+00:00,16.760000228881836,16.760000228881836,16.75,16.760000228881836,12284,0.0,0.0,0.0
2024-06-18 04:45:00+00:00,16.760000228881836,16.760000228881836,16.760000228881836,16.760000228881836,64217,0.0,0.0,0.0
2024-06-18 04:50:00+00:00,16.75,16.75,16.75,16.75,55123,0.0,0.0,0.0
2024-06-18 04:55:00+00:00,16.75,16.75,16.729999542236328,16.729999542236328,102042,0.0,0.0,0.0
2024-06-18 05:05:00+00:00,16.75,16.75,16.75,16.75,15000,0.0,0.0,0.0
2024-06-18 05:10:00+00:00,16.75,16.760000228881836,16.75,16.75,11906,0.0,0.0,0.0
2024-06-18 05:15:00+00:00,16.760000228881836,16.760000228881836,16.75,16.75,21138,0.0,0.0,0.0
2024-06-18 05:20:00+00:00,16.75,16.75,16.739999771118164,16.75,25140,0.0,0.0,0.0
2024-06-19 01:00:00+00:00,16.790000915527344,16.809999465942383,16.780000686645508,16.799999237060547,0,0.0,0.0,0.0
2024-06-19 01:05:00+00:00,16.809999465942383,16.809999465942383,16.799999237060547,16.799999237060547,151458,0.0,0.0,0.0
2024-06-19 01:10:00+00:00,16.799999237060547,16.799999237060547,16.780000686645508,16.790000915527344,217879,0.0,0.0,0.0
2024-06-19 01:15:00+00:00,16.780000686645508,16.790000915527344,16.780000686645508,16.790000915527344,220601,0.0,0.0,0.0
2024-06-19 01:20:00+00:00,16.790000915527344,16.809999465942383,16.790000915527344,16.809999465942383,299573,0.0,0.0,0.0
2024-06-19 01:25:00+00:00,16.81999969482422,16.850000381469727,16.81999969482422,16.850000381469727,331070,0.0,0.0,0.0
2024-06-19 01:30:00+00:00,16.860000610351562,16.8700008392334,16.850000381469727,16.8700008392334,208100,0.0,0.0,0.0
2024-06-19 01:35:00+00:00,16.8700008392334,16.90999984741211,16.8700008392334,16.899999618530273,259086,0.0,0.0,0.0
2024-06-19 01:40:00+00:00,16.90999984741211,16.90999984741211,16.889999389648438,16.90999984741211,155540,0.0,0.0,0.0
2024-06-19 01:45:00+00:00,16.90999984741211,16.90999984741211,16.899999618530273,16.899999618530273,111297,0.0,0.0,0.0
2024-06-19 01:50:00+00:00,16.899999618530273,16.920000076293945,16.899999618530273,16.920000076293945,137661,0.0,0.0,0.0
2024-06-19 01:55:00+00:00,16.920000076293945,16.920000076293945,16.920000076293945,16.920000076293945,36796,0.0,0.0,0.0
2024-06-19 02:00:00+00:00,16.93000030517578,16.93000030517578,16.90999984741211,16.920000076293945,34300,0.0,0.0,0.0
2024-06-19 02:05:00+00:00,16.920000076293945,16.959999084472656,16.920000076293945,16.950000762939453,181557,0.0,0.0,0.0
2024-06-19 02:10:00+00:00,16.959999084472656,16.969999313354492,16.959999084472656,16.969999313354492,22000,0.0,0.0,0.0
2024-06-19 02:15:00+00:00,16.979999542236328,16.979999542236328,16.959999084472656,16.959999084472656,150010,0.0,0.0,0.0
2024-06-19 02:20:00+00:00,16.950000762939453,16.950000762939453,16.93000030517578,16.93000030517578,103017,0.0,0.0,0.0
2024-06-19 02:25:00+00:00,16.93000030517578,16.950000762939453,16.920000076293945,16.950000762939453,36129,0.0,0.0,0.0
2024-06-19 02:30:00+00:00,16.959999084472656,16.959999084472656,16.940000534057617,16.940000534057617,30070,0.0,0.0,0.0
2024-06-19 02:35:00+00:00,16.93000030517578,16.93000030517578,16.920000076293945,16.920000076293945,220804,0.0,0.0,0.0
2024-06-19 02:40:00+00:00,16.920000076293945,16.920000076293945,16.90999984741211,16.90999984741211,71100,0.0,0.0,0.0
2024-06-19 02:45:00+00:00,16.920000076293945,16.920000076293945,16.90999984741211,16.920000076293945,44000,0.0,0.0,0.0
2024-06-19 02:50:00+00:00,16.90999984741211,16.90999984741211,16.899999618530273,16.899999618530273,216285,0.0,0.0,0.0
2024-06-19 02:55:00+00:00,16.920000076293945,16.920000076293945,16.920000076293945,16.920000076293945,1000,0.0,0.0,0.0
2024-06-19 03:00:00+00:00,16.93000030517578,16.93000030517578,16.90999984741211,16.90999984741211,22483,0.0,0.0,0.0
2024-06-19 03:05:00+00:00,16.90999984741211,16.920000076293945,16.90999984741211,16.90999984741211,16010,0.0,0.0,0.0
2024-06-19 03:10:00+00:00,16.90999984741211,16.90999984741211,16.889999389648438,16.889999389648438,109545,0.0,0.0,0.0
2024-06-19 03:15:00+00:00,16.889999389648438,16.889999389648438,16.860000610351562,16.8700008392334,81748,0.0,0.0,0.0
2024-06-19 03:20:00+00:00,16.8700008392334,16.8799991607666,16.8700008392334,16.8799991607666,20356,0.0,0.0,0.0
2024-06-19 03:25:00+00:00,16.889999389648438,16.899999618530273,16.889999389648438,16.889999389648438,16000,0.0,0.0,0.0
2024-06-19 03:30:00+00:00,16.899999618530273,16.920000076293945,16.899999618530273,16.90999984741211,21050,0.0,0.0,0.0
2024-06-19 03:35:00+00:00,16.90999984741211,16.90999984741211,16.889999389648438,16.889999389648438,24600,0.0,0.0,0.0
2024-06-19 03:40:00+00:00,16.889999389648438,16.889999389648438,16.889999389648438,16.889999389648438,3000,0.0,0.0,0.0
2024-06-19 03:45:00+00:00,16.899999618530273,16.899999618530273,16.899999618530273,16.899999618530273,10000,0.0,0.0,0.0
2024-06-19 03:50:00+00:00,16.889999389648438,16.899999618530273,16.8799991607666,16.899999618530273,51000,0.0,0.0,0.0
2024-06-19 03:55:00+00:00,16.899999618530273,16.899999618530273,16.899999618530273,16.899999618530273,44050,0.0,0.0,0.0
2024-06-19 04:00:00+00:00,16.899999618530273,16.899999618530273,16.899999618530273,16.899999618530273,1288,0.0,0.0,0.0
2024-06-19 04:05:00+00:00,16.899999618530273,16.899999618530273,16.899999618530273,16.899999618530273,19000,0.0,0.0,0.0
2024-06-19 04:10:00+00:00,16.90999984741211,16.90999984741211,16.899999618530273,16.899999618530273,31009,0.0,0.0,0.0
2024-06-19 04:15:00+00:00,16.899999618530273,16.899999618530273,16.8700008392334,16.8700008392334,127683,0.0,0.0,0.0
2024-06-19 04:20:00+00:00,16.889999389648438,16.889999389648438,16.889999389648438,16.889999389648438,28300,0.0,0.0,0.0
2024-06-19 04:25:00+00:00,16.8799991607666,16.889999389648438,16.8799991607666,16.889999389648438,8084,0.0,0.0,0.0
2024-06-19 04:30:00+00:00,16.8799991607666,16.8799991607666,16.8799991607666,16.8799991607666,38110,0.0,0.0,0.0
2024-06-19 04:35:00+00:00,16.8799991607666,16.8799991607666,16.8799991607666,16.8799991607666,21364,0.0,0.0,0.0
2024-06-19 04:40:00+00:00,16.8799991607666,16.8799991607666,16.8700008392334,16.8700008392334,75700,0.0,0.0,0.0
2024-06-19 04:45:00+00:00,16.8700008392334,16.8799991607666,16.8700008392334,16.8799991607666,150555,0.0,0.0,0.0
2024-06-19 04:50:00+00:00,16.8700008392334,16.8700008392334,16.8700008392334,16.8700008392334,102716,0.0,0.0,0.0
2024-06-19 04:55:00+00:00,16.8700008392334,16.8700008392334,16.8700008392334,16.8700008392334,4200,0.0,0.0,0.0
2024-06-19 05:00:00+00:00,16.889999389648438,16.889999389648438,16.8700008392334,16.8700008392334,92301,0.0,0.0,0.0
2024-06-19 05:05:00+00:00,16.8700008392334,16.8700008392334,16.860000610351562,16.860000610351562,104000,0.0,0.0,0.0
2024-06-19 05:10:00+00:00,16.8700008392334,16.8700008392334,16.850000381469727,16.850000381469727,143190,0.0,0.0,0.0
2024-06-19 05:15:00+00:00,16.860000610351562,16.860000610351562,16.84000015258789,16.84000015258789,117502,0.0,0.0,0.0
2024-06-19 05:20:00+00:00,16.84000015258789,16.850000381469727,16.84000015258789,16.850000381469727,40260,0.0,0.0,0.0
2024-06-20 01:00:00+00:00,16.8700008392334,16.8700008392334,16.850000381469727,16.850000381469727,0,0.0,0.0,0.0
2024-06-20 01:05:00+00:00,16.850000381469727,16.860000610351562,16.850000381469727,16.860000610351562,148000,0.0,0.0,0.0
2024-06-20 01:10:00+00:00,16.84000015258789,16.860000610351562,16.84000015258789,16.860000610351562,180709,0.0,0.0,0.0
2024-06-20 01:15:00+00:00,16.860000610351562,16.860000610351562,16.84000015258789,16.84000015258789,185081,0.0,0.0,0.0
2024-06-20 01:20:00+00:00,16.84000015258789,16.84000015258789,16.81999969482422,16.84000015258789,150387,0.0,0.0,0.0
2024-06-20 01:25:00+00:00,16.84000015258789,16.84000015258789,16.829999923706055,16.84000015258789,43495,0.0,0.0,0.0
2024-06-20 01:30:00+00:00,16.84000015258789,16.850000381469727,16.84000015258789,16.850000381469727,40498,0.0,0.0,0.0
2024-06-20 01:35:00+00:00,16.850000381469727,16.860000610351562,16.850000381469727,16.860000610351562,197000,0.0,0.0,0.0
2024-06-20 01:40:00+00:00,16.860000610351562,16.8700008392334,16.860000610351562,16.8700008392334,54377,0.0,0.0,0.0
2024-06-20 01:45:00+00:00,16.8799991607666,16.8799991607666,16.8700008392334,16.8700008392334,264110,0.0,0.0,0.0
2024-06-20 01:50:00+00:00,16.8700008392334,16.8700008392334,16.8700008392334,16.8700008392334,148173,0.0,0.0,0.0
2024-06-20 01:55:00+00:00,16.8700008392334,16.889999389648438,16.8700008392334,16.8799991607666,151211,0.0,0.0,0.0
2024-06-20 02:00:00+00:00,16.8799991607666,16.8799991607666,16.8700008392334,16.8700008392334,304229,0.0,0.0,0.0
2024-06-20 02:05:00+00:00,16.8700008392334,16.8700008392334,16.860000610351562,16.860000610351562,13683,0.0,0.0,0.0
2024-06-20 02:10:00+00:00,16.860000610351562,16.860000610351562,16.850000381469727,16.850000381469727,190030,0.0,0.0,0.0
2024-06-20 02:15:00+00:00,16.850000381469727,16.850000381469727,16.850000381469727,16.850000381469727,71500,0.0,0.0,0.0
2024-06-20 02:20:00+00:00,16.850000381469727,16.850000381469727,16.84000015258789,16.84000015258789,100250,0.0,0.0,0.0
2024-06-20 02:25:00+00:00,16.84000015258789,16.84000015258789,16.84000015258789,16.84000015258789,16015,0.0,0.0,0.0
2024-06-20 02:30:00+00:00,16.850000381469727,16.850000381469727,16.850000381469727,16.850000381469727,138650,0.0,0.0,0.0
2024-06-20 02:35:00+00:00,16.84000015258789,16.850000381469727,16.829999923706055,16.84000015258789,163221,0.0,0.0,0.0
2024-06-20 02:40:00+00:00,16.84000015258789,16.860000610351562,16.84000015258789,16.850000381469727,79200,0.0,0.0,0.0
2024-06-20 02:45:00+00:00,16.850000381469727,16.850000381469727,16.850000381469727,16.850000381469727,38150,0.0,0.0,0.0
2024-06-20 02:50:00+00:00,16.860000610351562,16.860000610351562,16.84000015258789,16.84000015258789,31008,0.0,0.0,0.0
2024-06-20 02:55:00+00:00,16.850000381469727,16.850000381469727,16.84000015258789,16.84000015258789,230561,0.0,0.0,0.0
2024-06-20 03:00:00+00:00,16.84000015258789,16.850000381469727,16.84000015258789,16.850000381469727,136000,0.0,0.0,0.0
2024-06-20 03:05:00+00:00,16.850000381469727,16.850000381469727,16.84000015258789,16.84000015258789,215532,0.0,0.0,0.0
2024-06-20 03:10:00+00:00,16.84000015258789,16.850000381469727,16.84000015258789,16.850000381469727,173081,0.0,0.0,0.0
2024-06-20 03:15:00+00:00,16.850000381469727,16.850000381469727,16.850000381469727,16.850000381469727,109144,0.0,0.0,0.0
2024-06-20 03:20:00+00:00,16.850000381469727,16.850000381469727,16.84000015258789,16.84000015258789,61400,0.0,0.0,0.0
2024-06-20 03:25:00+00:00,16.84000015258789,16.850000381469727,16.84000015258789,16.850000381469727,4050,0.0,0.0,0.0
2024-06-20 03:30:00+00:00,16.850000381469727,16.850000381469727,16.84000015258789,16.84000015258789,52300,0.0,0.0,0.0
2024-06-20 03:35:00+00:00,16.84000015258789,16.84000015258789,16.829999923706055,16.84000015258789,238064,0.0,0.0,0.0
2024-06-20 03:40:00+00:00,16.84000015258789,16.84000015258789,16.829999923706055,16.829999923706055,138156,0.0,0.0,0.0
2024-06-20 03:45:00+00:00,16.84000015258789,16.84000015258789,16.84000015258789,16.84000015258789,3275,0.0,0.0,0.0
2024-06-20 03:50:00+00:00,16.84000015258789,16.84000015258789,16.84000015258789,16.84000015258789,84000,0.0,0.0,0.0
2024-06-20 03:55:00+00:00,16.84000015258789,16.84000015258789,16.84000015258789,16.84000015258789,11321,0.0,0.0,0.0
2024-06-20 04:00:00+00:00,16.84000015258789,16.84000015258789,16.84000015258789,16.84000015258789,10050,0.0,0.0,0.0
2024-06-20 04:05:00+00:00,16.850000381469727,16.850000381469727,16.850000381469727,16.850000381469727,111100,0.0,0.0,0.0
2024-06-20 04:10:00+00:00,16.850000381469727,16.860000610351562,16.850000381469727,16.850000381469727,159100,0.0,0.0,0.0
2024-06-20 04:15:00+00:00,16.850000381469727,16.850000381469727,16.850000381469727,16.850000381469727,105419,0.0,0.0,0.0
2024-06-20 04:20:00+00:00,16.850000381469727,16.860000610351562,16.850000381469727,16.850000381469727,63415,0.0,0.0,0.0
2024-06-20 04:25:00+00:00,16.850000381469727,16.860000610351562,16.850000381469727,16.860000610351562,26200,0.0,0.0,0.0
2024-06-20 04:30:00+00:00,16.860000610351562,16.860000610351562,16.860000610351562,16.860000610351562,13000,0.0,0.0,0.0
2024-06-20 04:35:00+00:00,16.860000610351562,16.8700008392334,16.860000610351562,16.8700008392334,200657,0.0,0.0,0.0
2024-06-20 04:40:00+00:00,16.8700008392334,16.8799991607666,16.8700008392334,16.8799991607666,168300,0.0,0.0,0.0
2024-06-20 04:45:00+00:00,16.8799991607666,16.889999389648438,16.8799991607666,16.889999389648438,97805,0.0,0.0,0.0
2024-06-20 04:50:00+00:00,16.889999389648438,16.889999389648438,16.8799991607666,16.8799991607666,44597,0.0,0.0,0.0
2024-06-20 04:55:00+00:00,16.8799991607666,16.8799991607666,16.8799991607666,16.8799991607666,261050,0.0,0.0,0.0
2024-06-20 05:00:00+00:00,16.889999389648438,16.889999389648438,16.8700008392334,16.8700008392334,105900,0.0,0.0,0.0
2024-06-20 05:05:00+00:00,16.8700008392334,16.8700008392334,16.860000610351562,16.860000610351562,232630,0.0,0.0,0.0
2024-06-20 05:10:00+00:00,16.860000610351562,16.8700008392334,16.860000610351562,16.860000610351562,67221,0.0,0.0,0.0
2024-06-20 05:15:00+00:00,16.8700008392334,16.8700008392334,16.860000610351562,16.860000610351562,223240,0.0,0.0,0.0
2024-06-20 05:20:00+00:00,16.860000610351562,16.860000610351562,16.850000381469727,16.860000610351562,217878,0.0,0.0,0.0
2024-06-21 01:00:00+00:00,16.8700008392334,16.8799991607666,16.8700008392334,16.8700008392334,0,0.0,0.0,0.0
2024-06-21 01:05:00+00:00,16.8799991607666,16.889999389648438,16.8799991607666,16.889999389648438,70831,0.0,0.0,0.0
2024-06-21 01:10:00+00:00,16.899999618530273,16.90999984741211,16.889999389648438,16.90999984741211,177088,0.0,0.0,0.0
2024-06-21 01:15:00+00:00,16.90999984741211,16.920000076293945,16.899999618530273,16.90999984741211,59377,0.0,0.0,0.0
2024-06-21 01:20:00+00:00,16.899999618530273,16.93000030517578,16.899999618530273,16.920000076293945,88830,0.0,0.0,0.0
2024-06-21 01:25:00+00:00,16.920000076293945,16.920000076293945,16.90999984741211,16.90999984741211,41991,0.0,0.0,0.0
2024-06-21 01:30:00+00:00,16.90999984741211,16.90999984741211,16.889999389648438,16.889999389648438,227875,0.0,0.0,0.0
2024-06-21 01:35:00+00:00,16.889999389648438,16.889999389648438,16.8700008392334,16.8799991607666,228273,0.0,0.0,0.0
2024-06-21 01:40:00+00:00,16.8799991607666,16.889999389648438,16.8799991607666,16.8799991607666,60027,0.0,0.0,0.0
2024-06-21 01:45:00+00:00,16.8799991607666,16.8799991607666,16.850000381469727,16.860000610351562,190691,0.0,0.0,0.0
2024-06-21 01:50:00+00:00,16.860000610351562,16.8700008392334,16.850000381469727,16.8700008392334,218083,0.0,0.0,0.0
2024-06-21 01:55:00+00:00,16.8700008392334,16.8799991607666,16.8700008392334,16.8799991607666,102100,0.0,0.0,0.0
2024-06-21 02:00:00+00:00,16.8799991607666,16.8799991607666,16.8700008392334,16.8700008392334,329002,0.0,0.0,0.0
2024-06-21 02:05:00+00:00,16.8799991607666,16.889999389648438,16.8799991607666,16.8799991607666,31530,0.0,0.0,0.0
2024-06-21 02:10:00+00:00,16.889999389648438,16.889999389648438,16.8700008392334,16.8700008392334,13115,0.0,0.0,0.0
2024-06-21 02:15:00+00:00,16.8799991607666,16.889999389648438,16.8799991607666,16.8799991607666,57505,0.0,0.0,0.0
2024-06-21 02:20:00+00:00,16.8799991607666,16.8799991607666,16.8700008392334,16.8700008392334,165100,0.0,0.0,0.0
2024-06-21 02:25:00+00:00,16.8700008392334,16.8700008392334,16.8700008392334,16.8700008392334,1000,0.0,0.0,0.0
2024-06-21 02:30:00+00:00,16.8700008392334,16.8700008392334,16.860000610351562,16.8700008392334,170707,0.0,0.0,0.0
2024-06-21 02:35:00+00:00,16.8700008392334,16.8700008392334,16.8700008392334,16.8700008392334,2300,0.0,0.0,0.0
2024-06-21 02:40:00+00:00,16.8700008392334,16.8799991607666,16.8700008392334,16.8799991607666,222193,0.0,0.0,0.0
2024-06-21 02:45:00+00:00,16.8799991607666,16.889999389648438,16.8700008392334,16.889999389648438,80275,0.0,0.0,0.0
2024-06-21 02:50:00+00:00,16.889999389648438,16.889999389648438,16.889999389648438,16.889999389648438,22118,0.0,0.0,0.0
2024-06-21 02:55:00+00:00,16.899999618530273,16.90999984741211,16.899999618530273,16.899999618530273,249583,0.0,0.0,0.0
2024-06-21 03:05:00+00:00,16.90999984741211,16.90999984741211,16.899999618530273,16.899999618530273,66080,0.0,0.0,0.0
2024-06-21 03:10:00+00:00,16.899999618530273,16.90999984741211,16.899999618530273,16.90999984741211,25050,0.0,0.0,0.0
2024-06-21 03:15:00+00:00,16.90999984741211,16.90999984741211,16.90999984741211,16.90999984741211,8650,0.0,0.0,0.0
2024-06-21 03:20:00+00:00,16.889999389648438,16.889999389648438,16.889999389648438,16.889999389648438,102100,0.0,0.0,0.0
2024-06-21 03:25:00+00:00,16.889999389648438,16.889999389648438,16.889999389648438,16.889999389648438,8306,0.0,0.0,0.0
2024-06-21 03:30:00+00:00,16.889999389648438,16.899999618530273,16.889999389648438,16.899999618530273,8100,0.0,0.0,0.0
2024-06-21 03:35:00+00:00,16.899999618530273,16.899999618530273,16.889999389648438,16.889999389648438,12200,0.0,0.0,0.0
2024-06-21 03:45:00+00:00,16.899999618530273,16.899999618530273,16.899999618530273,16.899999618530273,18000,0.0,0.0,0.0
2024-06-21 03:50:00+00:00,16.899999618530273,16.899999618530273,16.899999618530273,16.899999618530273,25600,0.0,0.0,0.0
2024-06-21 03:55:00+00:00,16.899999618530273,16.899999618530273,16.8799991607666,16.8799991607666,423400,0.0,0.0,0.0
2024-06-21 04:00:00+00:00,16.8799991607666,16.8799991607666,16.8799991607666,16.8799991607666,276000,0.0,0.0,0.0
2024-06-21 04:05:00+00:00,16.8799991607666,16.8799991607666,16.8799991607666,16.8799991607666,10405,0.0,0.0,0.0
2024-06-21 04:10:00+00:00,16.889999389648438,16.889999389648438,16.889999389648438,16.889999389648438,4830,0.0,0.0,0.0
2024-06-21 04:15:00+00:00,16.889999389648438,16.889999389648438,16.889999389648438,16.889999389648438,3000,0.0,0.0,0.0
2024-06-21 04:20:00+00:00,16.889999389648438,16.889999389648438,16.8799991607666,16.8799991607666,28022,0.0,0.0,0.0
2024-06-21 04:25:00+00:00,16.8799991607666,16.8799991607666,16.8799991607666,16.8799991607666,15000,0.0,0.0,0.0
2024-06-21 04:30:00+00:00,16.8799991607666,16.889999389648438,16.8799991607666,16.8799991607666,44000,0.0,0.0,0.0
2024-06-21 04:35:00+00:00,16.8799991607666,16.8799991607666,16.8700008392334,16.8799991607666,139366,0.0,0.0,0.0
2024-06-21 04:40:00+00:00,16.8799991607666,16.8799991607666,16.8700008392334,16.8700008392334,111620,0.0,0.0,0.0
2024-06-21 04:45:00+00:00,16.8700008392334,16.8799991607666,16.8700008392334,16.8700008392334,38024,0.0,0.0,0.0
2024-06-21 04:50:00+00:00,16.8799991607666,16.889999389648438,16.8700008392334,16.889999389648438,30070,0.0,0.0,0.0
2024-06-21 04:55:00+00:00,16.8799991607666,16.889999389648438,16.8799991607666,16.889999389648438,149203,0.0,0.0,0.0
2024-06-21 05:00:00+00:00,16.889999389648438,16.889999389648438,16.8799991607666,16.8799991607666,69396,0.0,0.0,0.0
2024-06-21 05:05:00+00:00,16.889999389648438,16.889999389648438,16.889999389648438,16.889999389648438,139000,0.0,0.0,0.0
2024-06-21 05:10:00+00:00,16.889999389648438,16.899999618530273,16.889999389648438,16.899999618530273,152260,0.0,0.0,0.0
2024-06-21 05:15:00+00:00,16.90999984741211,16.90999984741211,16.899999618530273,16.899999618530273,63462,0.0,0.0,0.0
2024-06-21 05:20:00+00:00,16.90999984741211,16.90999984741211,16.899999618530273,16.899999618530273,169276,0.0,0.0,0.0
2024-06-24 01:00:00+00:00,16.889999389648438,16.889999389648438,16.850000381469727,16.850000381469727,0,0.0,0.0,0.0
2024-06-24 01:05:00+00:00,16.860000610351562,16.8799991607666,16.829999923706055,16.829999923706055,624000,0.0,0.0,0.0
2024-06-24 01:10:00+00:00,16.829999923706055,16.829999923706055,16.809999465942383,16.81999969482422,250306,0.0,0.0,0.0
2024-06-24 01:15:00+00:00,16.809999465942383,16.81999969482422,16.790000915527344,16.81999969482422,319964,0.0,0.0,0.0
2024-06-24 01:20:00+00:00,16.81999969482422,16.84000015258789,16.790000915527344,16.84000015258789,244581,0.0,0.0,0.0
2024-06-24 01:25:00+00:00,16.84000015258789,16.860000610351562,16.84000015258789,16.850000381469727,94179,0.0,0.0,0.0
2024-06-24 01:30:00+00:00,16.850000381469727,16.850000381469727,16.81999969482422,16.81999969482422,348490,0.0,0.0,0.0
2024-06-24 01:35:00+00:00,16.81999969482422,16.84000015258789,16.81999969482422,16.81999969482422,329665,0.0,0.0,0.0
2024-06-24 01:40:00+00:00,16.81999969482422,16.84000015258789,16.81999969482422,16.81999969482422,222000,0.0,0.0,0.0
2024-06-24 01:45:00+00:00,16.829999923706055,16.84000015258789,16.829999923706055,16.84000015258789,256438,0.0,0.0,0.0
2024-06-24 01:50:00+00:00,16.84000015258789,16.850000381469727,16.84000015258789,16.850000381469727,23292,0.0,0.0,0.0
2024-06-24 01:55:00+00:00,16.860000610351562,16.860000610351562,16.850000381469727,16.860000610351562,185873,0.0,0.0,0.0
2024-06-24 02:00:00+00:00,16.860000610351562,16.8700008392334,16.860000610351562,16.860000610351562,53271,0.0,0.0,0.0
2024-06-24 02:05:00+00:00,16.850000381469727,16.8700008392334,16.850000381469727,16.8700008392334,118954,0.0,0.0,0.0
2024-06-24 02:10:00+00:00,16.860000610351562,16.860000610351562,16.850000381469727,16.850000381469727,232934,0.0,0.0,0.0
2024-06-24 02:15:00+00:00,16.860000610351562,16.860000610351562,16.860000610351562,16.860000610351562,22240,0.0,0.0,0.0
2024-06-24 02:20:00+00:00,16.850000381469727,16.850000381469727,16.850000381469727,16.850000381469727,21036,0.0,0.0,0.0
2024-06-24 02:25:00+00:00,16.850000381469727,16.860000610351562,16.850000381469727,16.850000381469727,145010,0.0,0.0,0.0
2024-06-24 02:30:00+00:00,16.850000381469727,16.850000381469727,16.850000381469727,16.850000381469727,161955,0.0,0.0,0.0
2024-06-24 02:35:00+00:00,16.850000381469727,16.8799991607666,16.850000381469727,16.8799991607666,207629,0.0,0.0,0.0
2024-06-24 02:40:00+00:00,16.889999389648438,16.889999389648438,16.8799991607666,16.8799991607666,98000,0.0,0.0,0.0
2024-06-24 02:45:00+00:00,16.8799991607666,16.8799991607666,16.8700008392334,16.8700008392334,82074,0.0,0.0,0.0
2024-06-24 02:50:00+00:00,16.8700008392334,16.8799991607666,16.8700008392334,16.8799991607666,6010,0.0,0.0,0.0
2024-06-24 02:55:00+00:00,16.8799991607666,16.889999389648438,16.8700008392334,16.8799991607666,256180,0.0,0.0,0.0
2024-06-24 03:00:00+00:00,16.889999389648438,16.899999618530273,16.889999389648438,16.899999618530273,187380,0.0,0.0,0.0
2024-06-24 03:05:00+00:00,16.899999618530273,16.899999618530273,16.899999618530273,16.899999618530273,28232,0.0,0.0,0.0
2024-06-24 03:10:00+00:00,16.899999618530273,16.90999984741211,16.899999618530273,16.90999984741211,273160,0.0,0.0,0.0
2024-06-24 03:15:00+00:00,16.90999984741211,16.90999984741211,16.899999618530273,16.899999618530273,62220,0.0,0.0,0.0
2024-06-24 03:20:00+00:00,16.899999618530273,16.899999618530273,16.889999389648438,16.889999389648438,23000,0.0,0.0,0.0
2024-06-24 03:25:00+00:00,16.889999389648438,16.899999618530273,16.889999389648438,16.899999618530273,37660,0.0,0.0,0.0
2024-06-24 03:30:00+00:00,16.899999618530273,16.899999618530273,16.899999618530273,16.899999618530273,80900,0.0,0.0,0.0
2024-06-24 03:35:00+00:00,16.899999618530273,16.90999984741211,16.899999618530273,16.899999618530273,17300,0.0,0.0,0.0
2024-06-24 03:40:00+00:00,16.899999618530273,16.90999984741211,16.899999618530273,16.899999618530273,48241,0.0,0.0,0.0
2024-06-24 03:45:00+00:00,16.899999618530273,16.899999618530273,16.889999389648438,16.899999618530273,38010,0.0,0.0,0.0
2024-06-24 03:50:00+00:00,16.899999618530273,16.90999984741211,16.899999618530273,16.90999984741211,17003,0.0,0.0,0.0
2024-06-24 03:55:00+00:00,16.90999984741211,16.90999984741211,16.889999389648438,16.889999389648438,110795,0.0,0.0,0.0
2024-06-24 04:00:00+00:00,16.889999389648438,16.899999618530273,16.889999389648438,16.889999389648438,99130,0.0,0.0,0.0
2024-06-24 04:05:00+00:00,16.889999389648438,16.889999389648438,16.8799991607666,16.8799991607666,157085,0.0,0.0,0.0
2024-06-24 04:10:00+00:00,16.889999389648438,16.889999389648438,16.8799991607666,16.8799991607666,11000,0.0,0.0,0.0
2024-06-24 04:15:00+00:00,16.8799991607666,16.8799991607666,16.8799991607666,16.8799991607666,108012,0.0,0.0,0.0
2024-06-24 04:20:00+00:00,16.8799991607666,16.8799991607666,16.8700008392334,16.8799991607666,150595,0.0,0.0,0.0
2024-06-24 04:25:00+00:00,16.889999389648438,16.889999389648438,16.8799991607666,16.8799991607666,45179,0.0,0.0,0.0
2024-06-24 04:30:00+00:00,16.889999389648438,16.889999389648438,16.889999389648438,16.889999389648438,107888,0.0,0.0,0.0
2024-06-24 04:35:00+00:00,16.8799991607666,16.889999389648438,16.8799991607666,16.889999389648438,20300,0.0,0.0,0.0
2024-06-24 04:40:00+00:00,16.889999389648438,16.899999618530273,16.889999389648438,16.889999389648438,51125,0.0,0.0,0.0
2024-06-24 04:45:00+00:00,16.889999389648438,16.889999389648438,16.8799991607666,16.8799991607666,165410,0.0,0.0,0.0
2024-06-24 04:50:00+00:00,16.8799991607666,16.889999389648438,16.8799991607666,16.8799991607666,26206,0.0,0.0,0.0
2024-06-24 04:55:00+00:00,16.889999389648438,16.889999389648438,16.8799991607666,16.889999389648438,296716,0.0,0.0,0.0
2024-06-24 05:00:00+00:00,16.889999389648438,16.889999389648438,16.8700008392334,16.8700008392334,161520,0.0,0.0,0.0
2024-06-24 05:05:00+00:00,16.8700008392334,16.8700008392334,16.8700008392334,16.8700008392334,216400,0.0,0.0,0.0
2024-06-24 05:10:00+00:00,16.860000610351562,16.8799991607666,16.860000610351562,16.8799991607666,112504,0.0,0.0,0.0
2024-06-24 05:15:00+00:00,16.8799991607666,16.8799991607666,16.8700008392334,16.8700008392334,66950,0.0,0.0,0.0
2024-06-24 05:20:00+00:00,16.8799991607666,16.8799991607666,16.8700008392334,16.8799991607666,371438,0.0,0.0,0.0
2024-06-25 01:00:00+00:00,16.600000381469727,16.6299991607666,16.59000015258789,16.59000015258789,0,0.0,0.0,0.0
2024-06-25 01:05:00+00:00,16.59000015258789,16.600000381469727,16.549999237060547,16.56999969482422,734633,0.0,0.0,0.0
2024-06-25 01:10:00+00:00,16.56999969482422,16.56999969482422,16.520000457763672,16.520000457763672,364332,0.0,0.0,0.0
2024-06-25 01:15:00+00:00,16.520000457763672,16.520000457763672,16.510000228881836,16.510000228881836,258064,0.0,0.0,0.0
2024-06-25 01:20:00+00:00,16.5,16.520000457763672,16.489999771118164,16.489999771118164,98821,0.0,0.0,0.0
2024-06-25 01:25:00+00:00,16.479999542236328,16.479999542236328,16.450000762939453,16.469999313354492,177059,0.0,0.0,0.0
2024-06-25 01:30:00+00:00,16.469999313354492,16.469999313354492,16.459999084472656,16.469999313354492,90700,0.0,0.0,0.0
2024-06-25 01:35:00+00:00,16.469999313354492,16.489999771118164,16.459999084472656,16.489999771118164,198500,0.0,0.0,0.0
2024-06-25 01:40:00+00:00,16.5,16.5,16.5,16.5,11000,0.0,0.0,0.0
2024-06-25 01:45:00+00:00,16.5,16.530000686645508,16.5,16.520000457763672,98000,0.0,0.0,0.0
2024-06-25 01:50:00+00:00,16.520000457763672,16.520000457763672,16.520000457763672,16.520000457763672,69100,0.0,0.0,0.0
2024-06-25 01:55:00+00:00,16.520000457763672,16.530000686645508,16.520000457763672,16.520000457763672,37450,0.0,0.0,0.0
2024-06-25 02:00:00+00:00,16.520000457763672,16.520000457763672,16.5,16.5,44408,0.0,0.0,0.0
2024-06-25 02:05:00+00:00,16.5,16.5,16.5,16.5,54309,0.0,0.0,0.0
2024-06-25 02:10:00+00:00,16.5,16.510000228881836,16.479999542236328,16.479999542236328,438977,0.0,0.0,0.0
2024-06-25 02:15:00+00:00,16.479999542236328,16.5,16.479999542236328,16.5,104191,0.0,0.0,0.0
2024-06-25 02:20:00+00:00,16.520000457763672,16.520000457763672,16.5,16.510000228881836,221100,0.0,0.0,0.0
2024-06-25 02:25:00+00:00,16.510000228881836,16.520000457763672,16.510000228881836,16.520000457763672,105403,0.0,0.0,0.0
2024-06-25 02:30:00+00:00,16.530000686645508,16.530000686645508,16.520000457763672,16.520000457763672,13175,0.0,0.0,0.0
2024-06-25 02:35:00+00:00,16.520000457763672,16.520000457763672,16.520000457763672,16.520000457763672,15000,0.0,0.0,0.0
2024-06-25 02:40:00+00:00,16.520000457763672,16.530000686645508,16.520000457763672,16.530000686645508,202100,0.0,0.0,0.0
2024-06-25 02:45:00+00:00,16.530000686645508,16.530000686645508,16.530000686645508,16.530000686645508,26138,0.0,0.0,0.0
2024-06-25 02:50:00+00:00,16.530000686645508,16.530000686645508,16.530000686645508,16.530000686645508,2010,0.0,0.0,0.0
2024-06-25 02:55:00+00:00,16.530000686645508,16.530000686645508,16.520000457763672,16.520000457763672,268307,0.0,0.0,0.0
2024-06-25 03:00:00+00:00,16.520000457763672,16.530000686645508,16.510000228881836,16.530000686645508,66635,0.0,0.0,0.0
2024-06-25 03:05:00+00:00,16.530000686645508,16.530000686645508,16.530000686645508,16.530000686645508,2000,0.0,0.0,0.0
2024-06-25 03:10:00+00:00,16.540000915527344,16.540000915527344,16.540000915527344,16.540000915527344,35060,0.0,0.0,0.0
2024-06-25 03:15:00+00:00,16.540000915527344,16.540000915527344,16.530000686645508,16.530000686645508,41875,0.0,0.0,0.0
2024-06-25 03:20:00+00:00,16.530000686645508,16.540000915527344,16.530000686645508,16.540000915527344,377101,0.0,0.0,0.0
2024-06-25 03:25:00+00:00,16.540000915527344,16.549999237060547,16.540000915527344,16.549999237060547,8000,0.0,0.0,0.0
2024-06-25 03:30:00+00:00,16.540000915527344,16.540000915527344,16.520000457763672,16.530000686645508,24360,0.0,0.0,0.0
2024-06-25 03:35:00+00:00,16.530000686645508,16.540000915527344,16.520000457763672,16.540000915527344,13060,0.0,0.0,0.0
2024-06-25 03:40:00+00:00,16.540000915527344,16.540000915527344,16.540000915527344,16.540000915527344,1000,0.0,0.0,0.0
2024-06-25 03:45:00+00:00,16.549999237060547,16.549999237060547,16.549999237060547,16.549999237060547,10108,0.0,0.0,0.0
2024-06-25 03:50:00+00:00,16.549999237060547,16.549999237060547,16.549999237060547,16.549999237060547,37200,0.0,0.0,0.0
2024-06-25 03:55:00+00:00,16.559999465942383,16.559999465942383,16.549999237060547,16.549999237060547,7000,0.0,0.0,0.0
2024-06-25 04:00:00+00:00,16.549999237060547,16.549999237060547,16.540000915527344,16.540000915527344,7200,0.0,0.0,0.0
2024-06-25 04:05:00+00:00,16.540000915527344,16.540000915527344,16.540000915527344,16.540000915527344,2320,0.0,0.0,0.0
2024-06-25 04:10:00+00:00,16.549999237060547,16.549999237060547,16.549999237060547,16.549999237060547,2000,0.0,0.0,0.0
2024-06-25 04:15:00+00:00,16.549999237060547,16.549999237060547,16.540000915527344,16.549999237060547,14000,0.0,0.0,0.0
2024-06-25 04:20:00+00:00,16.549999237060547,16.549999237060547,16.549999237060547,16.549999237060547,15050,0.0,0.0,0.0
2024-06-25 04:25:00+00:00,16.540000915527344,16.549999237060547,16.540000915527344,16.549999237060547,107150,0.0,0.0,0.0
2024-06-25 04:30:00+00:00,16.549999237060547,16.549999237060547,16.540000915527344,16.540000915527344,22350,0.0,0.0,0.0
2024-06-25 04:35:00+00:00,16.540000915527344,16.540000915527344,16.540000915527344,16.540000915527344,25350,0.0,0.0,0.0
2024-06-25 04:40:00+00:00,16.540000915527344,16.549999237060547,16.540000915527344,16.549999237060547,4060,0.0,0.0,0.0
2024-06-25 04:45:00+00:00,16.540000915527344,16.540000915527344,16.540000915527344,16.540000915527344,40891,0.0,0.0,0.0
2024-06-25 04:50:00+00:00,16.540000915527344,16.540000915527344,16.540000915527344,16.540000915527344,16200,0.0,0.0,0.0
2024-06-25 04:55:00+00:00,16.540000915527344,16.549999237060547,16.540000915527344,16.540000915527344,30500,0.0,0.0,0.0
2024-06-25 05:00:00+00:00,16.549999237060547,16.549999237060547,16.540000915527344,16.549999237060547,149541,0.0,0.0,0.0
2024-06-25 05:05:00+00:00,16.549999237060547,16.549999237060547,16.549999237060547,16.549999237060547,2801,0.0,0.0,0.0
2024-06-25 05:10:00+00:00,16.549999237060547,16.549999237060547,16.549999237060547,16.549999237060547,2000,0.0,0.0,0.0
2024-06-25 05:15:00+00:00,16.549999237060547,16.559999465942383,16.540000915527344,16.549999237060547,62081,0.0,0.0,0.0
2024-06-25 05:20:00+00:00,16.549999237060547,16.549999237060547,16.530000686645508,16.540000915527344,64849,0.0,0.0,0.0
2024-06-26 01:00:00+00:00,16.510000228881836,16.530000686645508,16.479999542236328,16.5,0,0.0,0.0,0.0
2024-06-26 01:05:00+00:00,16.489999771118164,16.510000228881836,16.479999542236328,16.510000228881836,186767,0.0,0.0,0.0
2024-06-26 01:10:00+00:00,16.520000457763672,16.520000457763672,16.489999771118164,16.510000228881836,123858,0.0,0.0,0.0
2024-06-26 01:15:00+00:00,16.510000228881836,16.510000228881836,16.510000228881836,16.510000228881836,9037,0.0,0.0,0.0
2024-06-26 01:20:00+00:00,16.510000228881836,16.510000228881836,16.5,16.5,50982,0.0,0.0,0.0
2024-06-26 01:25:00+00:00,16.510000228881836,16.510000228881836,16.5,16.5,71000,0.0,0.0,0.0
2024-06-26 01:30:00+00:00,16.520000457763672,16.520000457763672,16.5,16.5,8634,0.0,0.0,0.0
2024-06-26 01:35:00+00:00,16.510000228881836,16.510000228881836,16.510000228881836,16.510000228881836,110450,0.0,0.0,0.0
2024-06-26 01:40:00+00:00,16.510000228881836,16.510000228881836,16.5,16.5,8440,0.0,0.0,0.0
2024-06-26 01:45:00+00:00,16.510000228881836,16.510000228881836,16.510000228881836,16.510000228881836,41130,0.0,0.0,0.0
2024-06-26 01:50:00+00:00,16.510000228881836,16.510000228881836,16.5,16.510000228881836,453235,0.0,0.0,0.0
2024-06-26 01:55:00+00:00,16.520000457763672,16.520000457763672,16.520000457763672,16.520000457763672,15390,0.0,0.0,0.0
2024-06-26 02:00:00+00:00,16.520000457763672,16.520000457763672,16.510000228881836,16.520000457763672,29105,0.0,0.0,0.0
2024-06-26 02:05:00+00:00,16.520000457763672,16.520000457763672,16.520000457763672,16.520000457763672,14131,0.0,0.0,0.0
2024-06-26 02:10:00+00:00,16.520000457763672,16.520000457763672,16.520000457763672,16.520000457763672,2140,0.0,0.0,0.0
2024-06-26 02:15:00+00:00,16.520000457763672,16.520000457763672,16.510000228881836,16.510000228881836,39784,0.0,0.0,0.0
2024-06-26 02:20:00+00:00,16.510000228881836,16.510000228881836,16.5,16.5,21335,0.0,0.0,0.0
2024-06-26 02:25:00+00:00,16.5,16.510000228881836,16.489999771118164,16.489999771118164,173401,0.0,0.0,0.0
2024-06-26 02:30:00+00:00,16.510000228881836,16.510000228881836,16.489999771118164,16.489999771118164,17661,0.0,0.0,0.0
2024-06-26 02:35:00+00:00,16.5,16.5,16.5,16.5,1000,0.0,0.0,0.0
2024-06-26 02:40:00+00:00,16.489999771118164,16.5,16.489999771118164,16.5,6000,0.0,0.0,0.0
2024-06-26 02:45:00+00:00,16.5,16.5,16.489999771118164,16.489999771118164,77290,0.0,0.0,0.0
2024-06-26 02:50:00+00:00,16.489999771118164,16.489999771118164,16.489999771118164,16.489999771118164,3000,0.0,0.0,0.0
2024-06-26 02:55:00+00:00,16.5,16.5,16.489999771118164,16.489999771118164,78000,0.0,0.0,0.0
2024-06-26 03:00:00+00:00,16.489999771118164,16.489999771118164,16.479999542236328,16.489999771118164,19958,0.0,0.0,0.0
2024-06-26 03:05:00+00:00,16.479999542236328,16.479999542236328,16.479999542236328,16.479999542236328,102650,0.0,0.0,0.0
2024-06-26 03:10:00+00:00,16.479999542236328,16.489999771118164,16.479999542236328,16.479999542236328,103520,0.0,0.0,0.0
2024-06-26 03:15:00+00:00,16.479999542236328,16.489999771118164,16.450000762939453,16.450000762939453,380509,0.0,0.0,0.0
2024-06-26 03:20:00+00:00,16.459999084472656,16.459999084472656,16.440000534057617,16.440000534057617,340100,0.0,0.0,0.0
2024-06-26 03:25:00+00:00,16.440000534057617,16.440000534057617,16.399999618530273,16.399999618530273,145457,0.0,0.0,0.0
2024-06-26 03:30:00+00:00,16.43000030517578,16.43000030517578,16.420000076293945,16.43000030517578,9905,0.0,0.0,0.0
2024-06-26 03:35:00+00:00,16.40999984741211,16.40999984741211,16.389999389648438,16.40999984741211,331332,0.0,0.0,0.0
2024-06-26 03:40:00+00:00,16.40999984741211,16.40999984741211,16.40999984741211,16.40999984741211,6100,0.0,0.0,0.0
2024-06-26 03:45:00+00:00,16.43000030517578,16.43000030517578,16.40999984741211,16.420000076293945,119606,0.0,0.0,0.0
2024-06-26 03:50:00+00:00,16.40999984741211,16.43000030517578,16.40999984741211,16.420000076293945,14262,0.0,0.0,0.0
2024-06-26 03:55:00+00:00,16.420000076293945,16.43000030517578,16.420000076293945,16.43000030517578,18050,0.0,0.0,0.0
2024-06-26 04:00:00+00:00,16.43000030517578,16.43000030517578,16.420000076293945,16.420000076293945,69602,0.0,0.0,0.0
2024-06-26 04:05:00+00:00,16.40999984741211,16.40999984741211,16.40999984741211,16.40999984741211,16873,0.0,0.0,0.0
2024-06-26 04:10:00+00:00,16.420000076293945,16.420000076293945,16.40999984741211,16.40999984741211,66173,0.0,0.0,0.0
2024-06-26 04:15:00+00:00,16.43000030517578,16.43000030517578,16.420000076293945,16.420000076293945,7337,0.0,0.0,0.0
2024-06-26 04:20:00+00:00,16.420000076293945,16.43000030517578,16.420000076293945,16.43000030517578,3261,0.0,0.0,0.0
2024-06-26 04:25:00+00:00,16.440000534057617,16.440000534057617,16.440000534057617,16.440000534057617,3404,0.0,0.0,0.0
2024-06-26 04:30:00+00:00,16.440000534057617,16.440000534057617,16.43000030517578,16.43000030517578,18327,0.0,0.0,0.0
2024-06-26 04:35:00+00:00,16.43000030517578,16.43000030517578,16.420000076293945,16.420000076293945,15401,0.0,0.0,0.0
2024-06-26 04:40:00+00:00,16.43000030517578,16.43000030517578,16.43000030517578,16.43000030517578,25006,0.0,0.0,0.0
2024-06-26 04:45:00+00:00,16.43000030517578,16.43000030517578,16.43000030517578,16.43000030517578,41463,0.0,0.0,0.0
2024-06-26 04:50:00+00:00,16.43000030517578,16.43000030517578,16.43000030517578,16.43000030517578,10216,0.0,0.0,0.0
2024-06-26 04:55:00+00:00,16.43000030517578,16.43000030517578,16.43000030517578,16.43000030517578,13735,0.0,0.0,0.0
2024-06-26 05:00:00+00:00,16.43000030517578,16.43000030517578,16.43000030517578,16.43000030517578,10311,0.0,0.0,0.0
2024-06-26 05:05:00+00:00,16.440000534057617,16.440000534057617,16.43000030517578,16.43000030517578,88000,0.0,0.0,0.0
2024-06-26 05:10:00+00:00,16.43000030517578,16.440000534057617,16.420000076293945,16.440000534057617,10186,0.0,0.0,0.0
2024-06-26 05:15:00+00:00,16.43000030517578,16.43000030517578,16.43000030517578,16.43000030517578,8563,0.0,0.0,0.0
2024-06-26 05:20:00+00:00,16.440000534057617,16.440000534057617,16.420000076293945,16.420000076293945,68521,0.0,0.0,0.0
2024-06-27 01:00:00+00:00,16.350000381469727,16.350000381469727,16.299999237060547,16.299999237060547,0,0.0,0.0,0.0
2024-06-27 01:05:00+00:00,16.309999465942383,16.309999465942383,16.290000915527344,16.290000915527344,267951,0.0,0.0,0.0
2024-06-27 01:10:00+00:00,16.299999237060547,16.309999465942383,16.290000915527344,16.290000915527344,79911,0.0,0.0,0.0
2024-06-27 01:15:00+00:00,16.290000915527344,16.299999237060547,16.290000915527344,16.290000915527344,50019,0.0,0.0,0.0
2024-06-27 01:20:00+00:00,16.290000915527344,16.299999237060547,16.260000228881836,16.260000228881836,291317,0.0,0.0,0.0
2024-06-27 01:25:00+00:00,16.270000457763672,16.290000915527344,16.270000457763672,16.280000686645508,15604,0.0,0.0,0.0
2024-06-27 01:30:00+00:00,16.290000915527344,16.31999969482422,16.290000915527344,16.31999969482422,63210,0.0,0.0,0.0
2024-06-27 01:35:00+00:00,16.31999969482422,16.329999923706055,16.31999969482422,16.329999923706055,8392,0.0,0.0,0.0
2024-06-27 01:40:00+00:00,16.31999969482422,16.31999969482422,16.309999465942383,16.309999465942383,21163,0.0,0.0,0.0
2024-06-27 01:45:00+00:00,16.31999969482422,16.31999969482422,16.31999969482422,16.31999969482422,8482,0.0,0.0,0.0
2024-06-27 01:50:00+00:00,16.329999923706055,16.360000610351562,16.329999923706055,16.360000610351562,67050,0.0,0.0,0.0
2024-06-27 01:55:00+00:00,16.350000381469727,16.3799991607666,16.350000381469727,16.3700008392334,128517,0.0,0.0,0.0
2024-06-27 02:00:00+00:00,16.3799991607666,16.40999984741211,16.3799991607666,16.40999984741211,11608,0.0,0.0,0.0
2024-06-27 02:05:00+00:00,16.40999984741211,16.40999984741211,16.399999618530273,16.399999618530273,4376,0.0,0.0,0.0
2024-06-27 02:10:00+00:00,16.40999984741211,16.420000076293945,16.40999984741211,16.40999984741211,379957,0.0,0.0,0.0
2024-06-27 02:15:00+00:00,16.420000076293945,16.420000076293945,16.420000076293945,16.420000076293945,2108,0.0,0.0,0.0
2024-06-27 02:20:00+00:00,16.420000076293945,16.420000076293945,16.399999618530273,16.40999984741211,17674,0.0,0.0,0.0
2024-06-27 02:25:00+00:00,16.40999984741211,16.40999984741211,16.40999984741211,16.40999984741211,3386,0.0,0.0,0.0
2024-06-27 02:30:00+00:00,16.40999984741211,16.40999984741211,16.399999618530273,16.399999618530273,25864,0.0,0.0,0.0
2024-06-27 02:35:00+00:00,16.389999389648438,16.399999618530273,16.389999389648438,16.399999618530273,13634,0.0,0.0,0.0
2024-06-27 02:45:00+00:00,16.399999618530273,16.399999618530273,16.399999618530273,16.399999618530273,1000,0.0,0.0,0.0
2024-06-27 02:50:00+00:00,16.40999984741211,16.420000076293945,16.389999389648438,16.389999389648438,38052,0.0,0.0,0.0
2024-06-27 02:55:00+00:00,16.389999389648438,16.389999389648438,16.389999389648438,16.389999389648438,6043,0.0,0.0,0.0
2024-06-27 03:00:00+00:00,16.40999984741211,16.40999984741211,16.40999984741211,16.40999984741211,140640,0.0,0.0,0.0
2024-06-27 03:05:00+00:00,16.40999984741211,16.40999984741211,16.40999984741211,16.40999984741211,5184,0.0,0.0,0.0
2024-06-27 03:10:00+00:00,16.420000076293945,16.420000076293945,16.40999984741211,16.40999984741211,8657,0.0,0.0,0.0
2024-06-27 03:15:00+00:00,16.40999984741211,16.40999984741211,16.40999984741211,16.40999984741211,1431,0.0,0.0,0.0
2024-06-27 03:20:00+00:00,16.40999984741211,16.40999984741211,16.399999618530273,16.399999618530273,3333,0.0,0.0,0.0
2024-06-27 03:25:00+00:00,16.40999984741211,16.40999984741211,16.40999984741211,16.40999984741211,13000,0.0,0.0,0.0
2024-06-27 03:30:00+00:00,16.40999984741211,16.40999984741211,16.40999984741211,16.40999984741211,12884,0.0,0.0,0.0
2024-06-27 03:45:00+00:00,16.40999984741211,16.40999984741211,16.40999984741211,16.40999984741211,1765,0.0,0.0,0.0
2024-06-27 03:50:00+00:00,16.40999984741211,16.40999984741211,16.40999984741211,16.40999984741211,3668,0.0,0.0,0.0
2024-06-27 03:55:00+00:00,16.399999618530273,16.399999618530273,16.399999618530273,16.399999618530273,36517,0.0,0.0,0.0
2024-06-27 04:00:00+00:00,16.399999618530273,16.399999618530273,16.399999618530273,16.399999618530273,1004,0.0,0.0,0.0
2024-06-27 04:05:00+00:00,16.40999984741211,16.40999984741211,16.40999984741211,16.40999984741211,1000,0.0,0.0,0.0
2024-06-27 04:10:00+00:00,16.40999984741211,16.40999984741211,16.40999984741211,16.40999984741211,3030,0.0,0.0,0.0
2024-06-27 04:15:00+00:00,16.399999618530273,16.40999984741211,16.399999618530273,16.40999984741211,17779,0.0,0.0,0.0
2024-06-27 04:20:00+00:00,16.40999984741211,16.40999984741211,16.399999618530273,16.40999984741211,5062,0.0,0.0,0.0
2024-06-27 04:30:00+00:00,16.40999984741211,16.40999984741211,16.40999984741211,16.40999984741211,1788,0.0,0.0,0.0
2024-06-27 04:35:00+00:00,16.420000076293945,16.420000076293945,16.40999984741211,16.40999984741211,20541,0.0,0.0,0.0
2024-06-27 04:45:00+00:00,16.40999984741211,16.40999984741211,16.40999984741211,16.40999984741211,1510,0.0,0.0,0.0
2024-06-27 04:50:00+00:00,16.40999984741211,16.40999984741211,16.399999618530273,16.399999618530273,4535,0.0,0.0,0.0
2024-06-27 04:55:00+00:00,16.40999984741211,16.40999984741211,16.40999984741211,16.40999984741211,3018,0.0,0.0,0.0
2024-06-27 05:00:00+00:00,16.40999984741211,16.40999984741211,16.399999618530273,16.399999618530273,49531,0.0,0.0,0.0
2024-06-27 05:05:00+00:00,16.399999618530273,16.399999618530273,16.399999618530273,16.399999618530273,6964,0.0,0.0,0.0
2024-06-27 05:10:00+00:00,16.389999389648438,16.389999389648438,16.389999389648438,16.389999389648438,33640,0.0,0.0,0.0
2024-06-27 05:15:00+00:00,16.399999618530273,16.40999984741211,16.399999618530273,16.40999984741211,8152,0.0,0.0,0.0
2024-06-27 05:20:00+00:00,16.420000076293945,16.420000076293945,16.420000076293945,16.420000076293945,10397,0.0,0.0,0.0
2024-06-28 01:00:00+00:00,16.40999984741211,16.43000030517578,16.40999984741211,16.43000030517578,0,0.0,0.0,0.0
2024-06-28 01:05:00+00:00,16.450000762939453,16.450000762939453,16.450000762939453,16.450000762939453,9000,0.0,0.0,0.0
2024-06-28 01:10:00+00:00,16.450000762939453,16.450000762939453,16.440000534057617,16.440000534057617,219479,0.0,0.0,0.0
2024-06-28 01:15:00+00:00,16.440000534057617,16.450000762939453,16.440000534057617,16.450000762939453,24735,0.0,0.0,0.0
2024-06-28 01:20:00+00:00,16.450000762939453,16.459999084472656,16.440000534057617,16.459999084472656,23403,0.0,0.0,0.0
2024-06-28 01:25:00+00:00,16.469999313354492,16.469999313354492,16.459999084472656,16.459999084472656,13801,0.0,0.0,0.0
2024-06-28 01:30:00+00:00,16.469999313354492,16.469999313354492,16.450000762939453,16.450000762939453,51871,0.0,0.0,0.0
2024-06-28 01:35:00+00:00,16.450000762939453,16.450000762939453,16.450000762939453,16.450000762939453,14178,0.0,0.0,0.0
2024-06-28 01:40:00+00:00,16.450000762939453,16.469999313354492,16.440000534057617,16.469999313354492,130385,0.0,0.0,0.0
2024-06-28 01:45:00+00:00,16.479999542236328,16.489999771118164,16.479999542236328,16.489999771118164,107224,0.0,0.0,0.0
2024-06-28 01:50:00+00:00,16.5,16.520000457763672,16.5,16.520000457763672,94544,0.0,0.0,0.0
2024-06-28 01:55:00+00:00,16.520000457763672,16.549999237060547,16.510000228881836,16.540000915527344,431683,0.0,0.0,0.0
2024-06-28 02:00:00+00:00,16.540000915527344,16.540000915527344,16.540000915527344,16.540000915527344,13285,0.0,0.0,0.0
2024-06-28 02:05:00+00:00,16.520000457763672,16.520000457763672,16.510000228881836,16.510000228881836,3025,0.0,0.0,0.0
2024-06-28 02:10:00+00:00,16.510000228881836,16.530000686645508,16.510000228881836,16.530000686645508,23036,0.0,0.0,0.0
2024-06-28 02:15:00+00:00,16.520000457763672,16.520000457763672,16.510000228881836,16.510000228881836,118494,0.0,0.0,0.0
2024-06-28 02:20:00+00:00,16.520000457763672,16.520000457763672,16.520000457763672,16.520000457763672,104066,0.0,0.0,0.0
2024-06-28 02:25:00+00:00,16.520000457763672,16.520000457763672,16.520000457763672,16.520000457763672,10700,0.0,0.0,0.0
2024-06-28 02:30:00+00:00,16.520000457763672,16.530000686645508,16.520000457763672,16.520000457763672,25075,0.0,0.0,0.0
2024-06-28 02:35:00+00:00,16.520000457763672,16.520000457763672,16.510000228881836,16.520000457763672,48261,0.0,0.0,0.0
2024-06-28 02:40:00+00:00,16.520000457763672,16.520000457763672,16.510000228881836,16.510000228881836,30849,0.0,0.0,0.0
2024-06-28 02:45:00+00:00,16.510000228881836,16.510000228881836,16.510000228881836,16.510000228881836,15126,0.0,0.0,0.0
2024-06-28 02:50:00+00:00,16.510000228881836,16.520000457763672,16.510000228881836,16.520000457763672,22715,0.0,0.0,0.0
2024-06-28 02:55:00+00:00,16.520000457763672,16.520000457763672,16.520000457763672,16.520000457763672,21100,0.0,0.0,0.0
2024-06-28 03:00:00+00:00,16.510000228881836,16.510000228881836,16.510000228881836,16.510000228881836,15756,0.0,0.0,0.0
2024-06-28 03:05:00+00:00,16.510000228881836,16.510000228881836,16.510000228881836,16.510000228881836,7423,0.0,0.0,0.0
2024-06-28 03:10:00+00:00,16.510000228881836,16.510000228881836,16.489999771118164,16.489999771118164,142854,0.0,0.0,0.0
2024-06-28 03:15:00+00:00,16.489999771118164,16.489999771118164,16.489999771118164,16.489999771118164,1780,0.0,0.0,0.0
2024-06-28 03:20:00+00:00,16.489999771118164,16.510000228881836,16.489999771118164,16.510000228881836,22500,0.0,0.0,0.0
2024-06-28 03:25:00+00:00,16.510000228881836,16.510000228881836,16.5,16.5,3117,0.0,0.0,0.0
2024-06-28 03:30:00+00:00,16.5,16.5,16.5,16.5,1711,0.0,0.0,0.0
2024-06-28 03:35:00+00:00,16.5,16.5,16.5,16.5,2759,0.0,0.0,0.0
2024-06-28 03:55:00+00:00,16.5,16.5,16.5,16.5,21200,0.0,0.0,0.0
2024-06-28 04:00:00+00:00,16.5,16.5,16.5,16.5,5190,0.0,0.0,0.0
2024-06-28 04:05:00+00:00,16.510000228881836,16.510000228881836,16.510000228881836,16.510000228881836,2000,0.0,0.0,0.0
2024-06-28 04:10:00+00:00,16.510000228881836,16.510000228881836,16.510000228881836,16.510000228881836,3008,0.0,0.0,0.0
2024-06-28 04:15:00+00:00,16.510000228881836,16.510000228881836,16.510000228881836,16.510000228881836,1479,0.0,0.0,0.0
2024-06-28 04:20:00+00:00,16.5,16.5,16.5,16.5,22987,0.0,0.0,0.0
2024-06-28 04:25:00+00:00,16.5,16.5,16.5,16.5,14060,0.0,0.0,0.0
2024-06-28 04:30:00+00:00,16.489999771118164,16.5,16.489999771118164,16.489999771118164,19075,0.0,0.0,0.0
2024-06-28 04:35:00+00:00,16.479999542236328,16.479999542236328,16.479999542236328,16.479999542236328,1483,0.0,0.0,0.0
2024-06-28 04:40:00+00:00,16.479999542236328,16.479999542236328,16.479999542236328,16.479999542236328,2872,0.0,0.0,0.0
2024-06-28 04:45:00+00:00,16.479999542236328,16.479999542236328,16.479999542236328,16.479999542236328,17832,0.0,0.0,0.0
2024-06-28 04:50:00+00:00,16.489999771118164,16.489999771118164,16.479999542236328,16.479999542236328,34818,0.0,0.0,0.0
2024-06-28 05:00:00+00:00,16.479999542236328,16.479999542236328,16.479999542236328,16.479999542236328,3168,0.0,0.0,0.0
2024-06-28 05:05:00+00:00,16.479999542236328,16.479999542236328,16.479999542236328,16.479999542236328,2235,0.0,0.0,0.0
2024-06-28 05:10:00+00:00,16.479999542236328,16.479999542236328,16.479999542236328,16.479999542236328,10326,0.0,0.0,0.0
2024-06-28 05:15:00+00:00,16.479999542236328,16.489999771118164,16.479999542236328,16.479999542236328,10383,0.0,0.0,0.0
2024-06-28 05:20:00+00:00,16.489999771118164,16.489999771118164,16.489999771118164,16.489999771118164,11118,0.0,0.0,0.0
2024-07-01 01:00:00+00:00,16.459999084472656,16.469999313354492,16.459999084472656,16.459999084472656,0,0.0,0.0,0.0
2024-07-01 01:05:00+00:00,16.459999084472656,16.459999084472656,16.450000762939453,16.450000762939453,153717,0.0,0.0,0.0
2024-07-01 01:10:00+00:00,16.450000762939453,16.450000762939453,16.440000534057617,16.450000762939453,23369,0.0,0.0,0.0
2024-07-01 01:15:00+00:00,16.450000762939453,16.450000762939453,16.440000534057617,16.440000534057617,71132,0.0,0.0,0.0
2024-07-01 01:20:00+00:00,16.450000762939453,16.459999084472656,16.440000534057617,16.450000762939453,31998,0.0,0.0,0.0
2024-07-01 01:25:00+00:00,16.450000762939453,16.459999084472656,16.450000762939453,16.459999084472656,114113,0.0,0.0,0.0
2024-07-01 01:30:00+00:00,16.479999542236328,16.479999542236328,16.459999084472656,16.459999084472656,116490,0.0,0.0,0.0
2024-07-01 01:35:00+00:00,16.459999084472656,16.469999313354492,16.459999084472656,16.469999313354492,5406,0.0,0.0,0.0
2024-07-01 01:40:00+00:00,16.469999313354492,16.469999313354492,16.469999313354492,16.469999313354492,4853,0.0,0.0,0.0
2024-07-01 01:45:00+00:00,16.469999313354492,16.479999542236328,16.469999313354492,16.479999542236328,89480,0.0,0.0,0.0
2024-07-01 01:50:00+00:00,16.479999542236328,16.489999771118164,16.469999313354492,16.489999771118164,28080,0.0,0.0,0.0
2024-07-01 01:55:00+00:00,16.479999542236328,16.479999542236328,16.469999313354492,16.469999313354492,7458,0.0,0.0,0.0
2024-07-01 02:00:00+00:00,16.479999542236328,16.5,16.479999542236328,16.5,63600,0.0,0.0,0.0
2024-07-01 02:05:00+00:00,16.5,16.510000228881836,16.5,16.510000228881836,8898,0.0,0.0,0.0
2024-07-01 02:10:00+00:00,16.510000228881836,16.520000457763672,16.510000228881836,16.520000457763672,106202,0.0,0.0,0.0
2024-07-01 02:15:00+00:00,16.520000457763672,16.530000686645508,16.510000228881836,16.520000457763672,32909,0.0,0.0,0.0
2024-07-01 02:20:00+00:00,16.520000457763672,16.520000457763672,16.510000228881836,16.510000228881836,4556,0.0,0.0,0.0
2024-07-01 02:25:00+00:00,16.510000228881836,16.520000457763672,16.510000228881836,16.520000457763672,8886,0.0,0.0,0.0
2024-07-01 02:30:00+00:00,16.520000457763672,16.530000686645508,16.520000457763672,16.530000686645508,71415,0.0,0.0,0.0
2024-07-01 02:35:00+00:00,16.530000686645508,16.530000686645508,16.520000457763672,16.520000457763672,6216,0.0,0.0,0.0
2024-07-01 02:40:00+00:00,16.520000457763672,16.530000686645508,16.520000457763672,16.530000686645508,2312,0.0,0.0,0.0
2024-07-01 02:45:00+00:00,16.530000686645508,16.530000686645508,16.520000457763672,16.520000457763672,9150,0.0,0.0,0.0
2024-07-01 02:50:00+00:00,16.520000457763672,16.520000457763672,16.510000228881836,16.510000228881836,19167,0.0,0.0,0.0
2024-07-01 02:55:00+00:00,16.510000228881836,16.510000228881836,16.510000228881836,16.510000228881836,1000,0.0,0.0,0.0
2024-07-01 03:00:00+00:00,16.520000457763672,16.520000457763672,16.520000457763672,16.520000457763672,2881,0.0,0.0,0.0
2024-07-01 03:10:00+00:00,16.520000457763672,16.520000457763672,16.520000457763672,16.520000457763672,6300,0.0,0.0,0.0
2024-07-01 03:15:00+00:00,16.520000457763672,16.520000457763672,16.520000457763672,16.520000457763672,5326,0.0,0.0,0.0
2024-07-01 03:20:00+00:00,16.510000228881836,16.520000457763672,16.510000228881836,16.520000457763672,3317,0.0,0.0,0.0
2024-07-01 03:25:00+00:00,16.510000228881836,16.510000228881836,16.510000228881836,16.510000228881836,21322,0.0,0.0,0.0
2024-07-01 03:30:00+00:00,16.510000228881836,16.510000228881836,16.5,16.5,75736,0.0,0.0,0.0
2024-07-01 03:35:00+00:00,16.489999771118164,16.489999771118164,16.489999771118164,16.489999771118164,2296,0.0,0.0,0.0
2024-07-01 03:40:00+00:00,16.489999771118164,16.489999771118164,16.489999771118164,16.489999771118164,14050,0.0,0.0,0.0
2024-07-01 03:45:00+00:00,16.489999771118164,16.489999771118164,16.489999771118164,16.489999771118164,16009,0.0,0.0,0.0
2024-07-01 03:50:00+00:00,16.489999771118164,16.489999771118164,16.489999771118164,16.489999771118164,9100,0.0,0.0,0.0
2024-07-01 03:55:00+00:00,16.489999771118164,16.489999771118164,16.489999771118164,16.489999771118164,2027,0.0,0.0,0.0
2024-07-01 04:00:00+00:00,16.489999771118164,16.489999771118164,16.469999313354492,16.469999313354492,114207,0.0,0.0,0.0
2024-07-01 04:05:00+00:00,16.459999084472656,16.459999084472656,16.440000534057617,16.440000534057617,225165,0.0,0.0,0.0
2024-07-01 04:15:00+00:00,16.450000762939453,16.450000762939453,16.450000762939453,16.450000762939453,14231,0.0,0.0,0.0
2024-07-01 04:20:00+00:00,16.450000762939453,16.450000762939453,16.43000030517578,16.43000030517578,124507,0.0,0.0,0.0
2024-07-01 04:25:00+00:00,16.420000076293945,16.440000534057617,16.40999984741211,16.440000534057617,60505,0.0,0.0,0.0
2024-07-01 04:30:00+00:00,16.440000534057617,16.459999084472656,16.440000534057617,16.459999084472656,6383,0.0,0.0,0.0
2024-07-01 04:35:00+00:00,16.459999084472656,16.459999084472656,16.450000762939453,16.450000762939453,14604,0.0,0.0,0.0
2024-07-01 04:40:00+00:00,16.440000534057617,16.440000534057617,16.440000534057617,16.440000534057617,10066,0.0,0.0,0.0
2024-07-01 04:45:00+00:00,16.440000534057617,16.440000534057617,16.440000534057617,16.440000534057617,13100,0.0,0.0,0.0
2024-07-01 04:50:00+00:00,16.440000534057617,16.440000534057617,16.440000534057617,16.440000534057617,2867,0.0,0.0,0.0
2024-07-01 04:55:00+00:00,16.440000534057617,16.440000534057617,16.43000030517578,16.440000534057617,11100,0.0,0.0,0.0
2024-07-01 05:00:00+00:00,16.440000534057617,16.440000534057617,16.43000030517578,16.43000030517578,47051,0.0,0.0,0.0
2024-07-01 05:05:00+00:00,16.43000030517578,16.440000534057617,16.43000030517578,16.440000534057617,85868,0.0,0.0,0.0
2024-07-01 05:10:00+00:00,16.43000030517578,16.440000534057617,16.43000030517578,16.440000534057617,75670,0.0,0.0,0.0
2024-07-01 05:15:00+00:00,16.43000030517578,16.43000030517578,16.420000076293945,16.420000076293945,26738,0.0,0.0,0.0
2024-07-01 05:20:00+00:00,16.43000030517578,16.440000534057617,16.420000076293945,16.440000534057617,224123,0.0,0.0,0.0
2024-07-02 01:00:00+00:00,16.399999618530273,16.420000076293945,16.389999389648438,16.389999389648438,0,0.0,0.0,0.0
2024-07-02 01:05:00+00:00,16.40999984741211,16.40999984741211,16.40999984741211,16.40999984741211,138109,0.0,0.0,0.0
2024-07-02 01:10:00+00:00,16.399999618530273,16.399999618530273,16.3799991607666,16.3799991607666,77582,0.0,0.0,0.0
2024-07-02 01:15:00+00:00,16.3799991607666,16.40999984741211,16.3799991607666,16.40999984741211,68198,0.0,0.0,0.0
2024-07-02 01:20:00+00:00,16.399999618530273,16.40999984741211,16.389999389648438,16.40999984741211,167378,0.0,0.0,0.0
2024-07-02 01:25:00+00:00,16.40999984741211,16.440000534057617,16.3799991607666,16.440000534057617,40120,0.0,0.0,0.0
2024-07-02 01:30:00+00:00,16.450000762939453,16.450000762939453,16.420000076293945,16.420000076293945,115782,0.0,0.0,0.0
2024-07-02 01:35:00+00:00,16.440000534057617,16.440000534057617,16.420000076293945,16.420000076293945,9100,0.0,0.0,0.0
2024-07-02 01:40:00+00:00,16.450000762939453,16.450000762939453,16.440000534057617,16.440000534057617,12000,0.0,0.0,0.0
2024-07-02 01:45:00+00:00,16.469999313354492,16.489999771118164,16.469999313354492,16.489999771118164,181155,0.0,0.0,0.0
2024-07-02 01:50:00+00:00,16.489999771118164,16.489999771118164,16.489999771118164,16.489999771118164,26200,0.0,0.0,0.0
2024-07-02 01:55:00+00:00,16.489999771118164,16.489999771118164,16.479999542236328,16.479999542236328,44962,0.0,0.0,0.0
2024-07-02 02:00:00+00:00,16.489999771118164,16.489999771118164,16.479999542236328,16.479999542236328,74270,0.0,0.0,0.0
2024-07-02 02:05:00+00:00,16.479999542236328,16.479999542236328,16.479999542236328,16.479999542236328,1256,0.0,0.0,0.0
2024-07-02 02:10:00+00:00,16.489999771118164,16.5,16.489999771118164,16.5,83280,0.0,0.0,0.0
2024-07-02 02:15:00+00:00,16.5,16.5,16.5,16.5,101100,0.0,0.0,0.0
2024-07-02 02:20:00+00:00,16.489999771118164,16.5,16.489999771118164,16.5,68164,0.0,0.0,0.0
2024-07-02 02:25:00+00:00,16.489999771118164,16.489999771118164,16.489999771118164,16.489999771118164,1100,0.0,0.0,0.0
2024-07-02 02:30:00+00:00,16.489999771118164,16.489999771118164,16.479999542236328,16.479999542236328,57000,0.0,0.0,0.0
2024-07-02 02:35:00+00:00,16.479999542236328,16.479999542236328,16.479999542236328,16.479999542236328,13000,0.0,0.0,0.0
2024-07-02 02:40:00+00:00,16.479999542236328,16.479999542236328,16.43000030517578,16.43000030517578,31279,0.0,0.0,0.0
2024-07-02 02:45:00+00:00,16.440000534057617,16.440000534057617,16.440000534057617,16.440000534057617,162298,0.0,0.0,0.0
2024-07-02 02:50:00+00:00,16.440000534057617,16.440000534057617,16.440000534057617,16.440000534057617,5000,0.0,0.0,0.0
2024-07-02 02:55:00+00:00,16.440000534057617,16.440000534057617,16.440000534057617,16.440000534057617,19173,0.0,0.0,0.0
2024-07-02 03:00:00+00:00,16.450000762939453,16.450000762939453,16.450000762939453,16.450000762939453,4320,0.0,0.0,0.0
2024-07-02 03:05:00+00:00,16.440000534057617,16.440000534057617,16.43000030517578,16.43000030517578,18878,0.0,0.0,0.0
2024-07-02 03:10:00+00:00,16.420000076293945,16.420000076293945,16.420000076293945,16.420000076293945,19386,0.0,0.0,0.0
2024-07-02 03:15:00+00:00,16.420000076293945,16.420000076293945,16.420000076293945,16.420000076293945,19603,0.0,0.0,0.0
2024-07-02 03:20:00+00:00,16.40999984741211,16.40999984741211,16.40999984741211,16.40999984741211,279999,0.0,0.0,0.0
2024-07-02 03:30:00+00:00,16.40999984741211,16.40999984741211,16.40999984741211,16.40999984741211,9109,0.0,0.0,0.0
2024-07-02 03:35:00+00:00,16.40999984741211,16.40999984741211,16.40999984741211,16.40999984741211,3000,0.0,0.0,0.0
2024-07-02 03:40:00+00:00,16.40999984741211,16.40999984741211,16.40999984741211,16.40999984741211,3000,0.0,0.0,0.0
2024-07-02 03:50:00+00:00,16.40999984741211,16.40999984741211,16.40999984741211,16.40999984741211,1000,0.0,0.0,0.0
2024-07-02 03:55:00+00:00,16.40999984741211,16.40999984741211,16.399999618530273,16.399999618530273,48423,0.0,0.0,0.0
2024-07-02 04:00:00+00:00,16.399999618530273,16.399999618530273,16.399999618530273,16.399999618530273,16000,0.0,0.0,0.0
2024-07-02 04:05:00+00:00,16.40999984741211,16.40999984741211,16.40999984741211,16.40999984741211,4000,0.0,0.0,0.0
2024-07-02 04:10:00+00:00,16.40999984741211,16.40999984741211,16.40999984741211,16.40999984741211,1080,0.0,0.0,0.0
2024-07-02 04:15:00+00:00,16.40999984741211,16.40999984741211,16.40999984741211,16.40999984741211,1070,0.0,0.0,0.0
2024-07-02 04:20:00+00:00,16.420000076293945,16.420000076293945,16.420000076293945,16.420000076293945,102394,0.0,0.0,0.0
2024-07-02 04:25:00+00:00,16.420000076293945,16.420000076293945,16.40999984741211,16.40999984741211,35259,0.0,0.0,0.0
2024-07-02 04:30:00+00:00,16.420000076293945,16.420000076293945,16.40999984741211,16.40999984741211,13092,0.0,0.0,0.0
2024-07-02 04:35:00+00:00,16.420000076293945,16.43000030517578,16.420000076293945,16.43000030517578,277000,0.0,0.0,0.0
2024-07-02 04:40:00+00:00,16.43000030517578,16.440000534057617,16.420000076293945,16.420000076293945,9669,0.0,0.0,0.0
2024-07-02 04:45:00+00:00,16.420000076293945,16.420000076293945,16.40999984741211,16.40999984741211,12188,0.0,0.0,0.0
2024-07-02 04:50:00+00:00,16.40999984741211,16.40999984741211,16.40999984741211,16.40999984741211,6230,0.0,0.0,0.0
2024-07-02 04:55:00+00:00,16.40999984741211,16.40999984741211,16.399999618530273,16.399999618530273,37885,0.0,0.0,0.0
2024-07-02 05:00:00+00:00,16.40999984741211,16.40999984741211,16.40999984741211,16.40999984741211,7000,0.0,0.0,0.0
2024-07-02 05:05:00+00:00,16.399999618530273,16.40999984741211,16.399999618530273,16.40999984741211,11700,0.0,0.0,0.0
2024-07-02 05:10:00+00:00,16.40999984741211,16.40999984741211,16.40999984741211,16.40999984741211,2000,0.0,0.0,0.0
2024-07-02 05:15:00+00:00,16.40999984741211,16.40999984741211,16.399999618530273,16.399999618530273,143862,0.0,0.0,0.0
2024-07-02 05:20:00+00:00,16.399999618530273,16.399999618530273,16.399999618530273,16.399999618530273,20312,0.0,0.0,0.0
2024-07-03 01:00:00+00:00,16.510000228881836,16.510000228881836,16.510000228881836,16.510000228881836,0,0.0,0.0,0.0
2024-07-03 01:05:00+00:00,16.510000228881836,16.520000457763672,16.510000228881836,16.520000457763672,129000,0.0,0.0,0.0
2024-07-03 01:10:00+00:00,16.5,16.5,16.489999771118164,16.5,220752,0.0,0.0,0.0
2024-07-03 01:15:00+00:00,16.5,16.530000686645508,16.479999542236328,16.530000686645508,312053,0.0,0.0,0.0
2024-07-03 01:20:00+00:00,16.540000915527344,16.559999465942383,16.540000915527344,16.549999237060547,163100,0.0,0.0,0.0
2024-07-03 01:25:00+00:00,16.549999237060547,16.549999237060547,16.520000457763672,16.530000686645508,37248,0.0,0.0,0.0
2024-07-03 01:30:00+00:00,16.549999237060547,16.559999465942383,16.540000915527344,16.559999465942383,118732,0.0,0.0,0.0
2024-07-03 01:35:00+00:00,16.549999237060547,16.549999237060547,16.540000915527344,16.549999237060547,55462,0.0,0.0,0.0
2024-07-03 01:40:00+00:00,16.549999237060547,16.549999237060547,16.549999237060547,16.549999237060547,27348,0.0,0.0,0.0
2024-07-03 01:45:00+00:00,16.559999465942383,16.559999465942383,16.549999237060547,16.549999237060547,7388,0.0,0.0,0.0
2024-07-03 01:50:00+00:00,16.540000915527344,16.540000915527344,16.520000457763672,16.520000457763672,18844,0.0,0.0,0.0
2024-07-03 01:55:00+00:00,16.520000457763672,16.520000457763672,16.520000457763672,16.520000457763672,2539,0.0,0.0,0.0
2024-07-03 02:00:00+00:00,16.530000686645508,16.530000686645508,16.530000686645508,16.530000686645508,5610,0.0,0.0,0.0
2024-07-03 02:05:00+00:00,16.520000457763672,16.549999237060547,16.520000457763672,16.549999237060547,58350,0.0,0.0,0.0
2024-07-03 02:10:00+00:00,16.549999237060547,16.549999237060547,16.549999237060547,16.549999237060547,2000,0.0,0.0,0.0
2024-07-03 02:15:00+00:00,16.540000915527344,16.549999237060547,16.540000915527344,16.540000915527344,26200,0.0,0.0,0.0
2024-07-03 02:20:00+00:00,16.549999237060547,16.559999465942383,16.549999237060547,16.559999465942383,63115,0.0,0.0,0.0
2024-07-03 02:25:00+00:00,16.549999237060547,16.549999237060547,16.549999237060547,16.549999237060547,3050,0.0,0.0,0.0
2024-07-03 02:30:00+00:00,16.549999237060547,16.559999465942383,16.530000686645508,16.549999237060547,7100,0.0,0.0,0.0
2024-07-03 02:35:00+00:00,16.549999237060547,16.549999237060547,16.549999237060547,16.549999237060547,4350,0.0,0.0,0.0
2024-07-03 02:40:00+00:00,16.540000915527344,16.540000915527344,16.540000915527344,16.540000915527344,5070,0.0,0.0,0.0
2024-07-03 02:45:00+00:00,16.549999237060547,16.549999237060547,16.530000686645508,16.540000915527344,27150,0.0,0.0,0.0
2024-07-03 02:50:00+00:00,16.549999237060547,16.559999465942383,16.549999237060547,16.559999465942383,239588,0.0,0.0,0.0
2024-07-03 02:55:00+00:00,16.56999969482422,16.56999969482422,16.56999969482422,16.56999969482422,35350,0.0,0.0,0.0
2024-07-03 03:00:00+00:00,16.579999923706055,16.59000015258789,16.579999923706055,16.59000015258789,78979,0.0,0.0,0.0
2024-07-03 03:05:00+00:00,16.59000015258789,16.600000381469727,16.59000015258789,16.59000015258789,76334,0.0,0.0,0.0
2024-07-03 03:10:00+00:00,16.59000015258789,16.610000610351562,16.59000015258789,16.600000381469727,62000,0.0,0.0,0.0
2024-07-03 03:15:00+00:00,16.610000610351562,16.610000610351562,16.600000381469727,16.610000610351562,33169,0.0,0.0,0.0
2024-07-03 03:20:00+00:00,16.610000610351562,16.610000610351562,16.610000610351562,16.610000610351562,6028,0.0,0.0,0.0
2024-07-03 03:25:00+00:00,16.610000610351562,16.610000610351562,16.600000381469727,16.600000381469727,17023,0.0,0.0,0.0
2024-07-03 03:30:00+00:00,16.600000381469727,16.600000381469727,16.600000381469727,16.600000381469727,8030,0.0,0.0,0.0
2024-07-03 03:35:00+00:00,16.610000610351562,16.610000610351562,16.600000381469727,16.600000381469727,69118,0.0,0.0,0.0
2024-07-03 03:40:00+00:00,16.600000381469727,16.610000610351562,16.600000381469727,16.610000610351562,50111,0.0,0.0,0.0
2024-07-03 03:45:00+00:00,16.600000381469727,16.6200008392334,16.600000381469727,16.610000610351562,14136,0.0,0.0,0.0
2024-07-03 03:50:00+00:00,16.610000610351562,16.610000610351562,16.610000610351562,16.610000610351562,5001,0.0,0.0,0.0
2024-07-03 03:55:00+00:00,16.610000610351562,16.610000610351562,16.600000381469727,16.600000381469727,5170,0.0,0.0,0.0
2024-07-03 04:00:00+00:00,16.610000610351562,16.610000610351562,16.610000610351562,16.610000610351562,24120,0.0,0.0,0.0
2024-07-03 04:05:00+00:00,16.610000610351562,16.610000610351562,16.610000610351562,16.610000610351562,20000,0.0,0.0,0.0
2024-07-03 04:10:00+00:00,16.610000610351562,16.6200008392334,16.610000610351562,16.6200008392334,154545,0.0,0.0,0.0
2024-07-03 04:15:00+00:00,16.6200008392334,16.6200008392334,16.610000610351562,16.6200008392334,8552,0.0,0.0,0.0
2024-07-03 04:20:00+00:00,16.6200008392334,16.6200008392334,16.6200008392334,16.6200008392334,5303,0.0,0.0,0.0
2024-07-03 04:25:00+00:00,16.6200008392334,16.6200008392334,16.6200008392334,16.6200008392334,67060,0.0,0.0,0.0
2024-07-03 04:30:00+00:00,16.6200008392334,16.6299991607666,16.6200008392334,16.6299991607666,14400,0.0,0.0,0.0
2024-07-03 04:35:00+00:00,16.6200008392334,16.6200008392334,16.6200008392334,16.6200008392334,64270,0.0,0.0,0.0
2024-07-03 04:40:00+00:00,16.6200008392334,16.6200008392334,16.6200008392334,16.6200008392334,1100,0.0,0.0,0.0
2024-07-03 04:45:00+00:00,16.610000610351562,16.6200008392334,16.610000610351562,16.6200008392334,6000,0.0,0.0,0.0
2024-07-03 04:50:00+00:00,16.610000610351562,16.6200008392334,16.610000610351562,16.610000610351562,81500,0.0,0.0,0.0
2024-07-03 04:55:00+00:00,16.610000610351562,16.610000610351562,16.610000610351562,16.610000610351562,4140,0.0,0.0,0.0
2024-07-03 05:00:00+00:00,16.610000610351562,16.6299991607666,16.610000610351562,16.6299991607666,32342,0.0,0.0,0.0
2024-07-03 05:05:00+00:00,16.6299991607666,16.6299991607666,16.6200008392334,16.6200008392334,7015,0.0,0.0,0.0
2024-07-03 05:10:00+00:00,16.6200008392334,16.6200008392334,16.6200008392334,16.6200008392334,20057,0.0,0.0,0.0
2024-07-03 05:15:00+00:00,16.6200008392334,16.6200008392334,16.6200008392334,16.6200008392334,37631,0.0,0.0,0.0
2024-07-03 05:20:00+00:00,16.6200008392334,16.6299991607666,16.6200008392334,16.6200008392334,33010,0.0,0.0,0.0
2024-07-04 01:00:00+00:00,16.649999618530273,16.739999771118164,16.649999618530273,16.729999542236328,0,0.0,0.0,0.0
2024-07-04 01:05:00+00:00,16.729999542236328,16.729999542236328,16.700000762939453,16.700000762939453,55157,0.0,0.0,0.0
2024-07-04 01:10:00+00:00,16.700000762939453,16.700000762939453,16.670000076293945,16.670000076293945,65541,0.0,0.0,0.0
2024-07-04 01:15:00+00:00,16.670000076293945,16.700000762939453,16.670000076293945,16.670000076293945,70205,0.0,0.0,0.0
2024-07-04 01:20:00+00:00,16.670000076293945,16.670000076293945,16.65999984741211,16.65999984741211,106130,0.0,0.0,0.0
2024-07-04 01:25:00+00:00,16.65999984741211,16.65999984741211,16.649999618530273,16.649999618530273,35200,0.0,0.0,0.0
2024-07-04 01:30:00+00:00,16.649999618530273,16.68000030517578,16.649999618530273,16.68000030517578,286330,0.0,0.0,0.0
2024-07-04 01:35:00+00:00,16.690000534057617,16.690000534057617,16.68000030517578,16.68000030517578,33003,0.0,0.0,0.0
2024-07-04 01:40:00+00:00,16.68000030517578,16.690000534057617,16.68000030517578,16.68000030517578,6300,0.0,0.0,0.0
2024-07-04 01:45:00+00:00,16.68000030517578,16.68000030517578,16.670000076293945,16.670000076293945,103000,0.0,0.0,0.0
2024-07-04 01:50:00+00:00,16.670000076293945,16.690000534057617,16.670000076293945,16.690000534057617,30547,0.0,0.0,0.0
2024-07-04 01:55:00+00:00,16.700000762939453,16.719999313354492,16.700000762939453,16.719999313354492,244882,0.0,0.0,0.0
2024-07-04 02:00:00+00:00,16.719999313354492,16.719999313354492,16.700000762939453,16.700000762939453,7114,0.0,0.0,0.0
2024-07-04 02:05:00+00:00,16.690000534057617,16.690000534057617,16.68000030517578,16.68000030517578,27330,0.0,0.0,0.0
2024-07-04 02:10:00+00:00,16.68000030517578,16.68000030517578,16.670000076293945,16.670000076293945,8530,0.0,0.0,0.0
2024-07-04 02:15:00+00:00,16.68000030517578,16.700000762939453,16.68000030517578,16.700000762939453,10250,0.0,0.0,0.0
2024-07-04 02:25:00+00:00,16.68000030517578,16.690000534057617,16.68000030517578,16.690000534057617,8670,0.0,0.0,0.0
2024-07-04 02:30:00+00:00,16.700000762939453,16.700000762939453,16.700000762939453,16.700000762939453,218246,0.0,0.0,0.0
2024-07-04 02:35:00+00:00,16.700000762939453,16.700000762939453,16.700000762939453,16.700000762939453,30320,0.0,0.0,0.0
2024-07-04 02:40:00+00:00,16.690000534057617,16.700000762939453,16.690000534057617,16.700000762939453,117014,0.0,0.0,0.0
2024-07-04 02:45:00+00:00,16.700000762939453,16.700000762939453,16.690000534057617,16.690000534057617,42020,0.0,0.0,0.0
2024-07-04 02:50:00+00:00,16.700000762939453,16.709999084472656,16.700000762939453,16.709999084472656,61373,0.0,0.0,0.0
2024-07-04 02:55:00+00:00,16.709999084472656,16.709999084472656,16.709999084472656,16.709999084472656,11538,0.0,0.0,0.0
2024-07-04 03:00:00+00:00,16.700000762939453,16.700000762939453,16.700000762939453,16.700000762939453,2000,0.0,0.0,0.0
2024-07-04 03:05:00+00:00,16.709999084472656,16.709999084472656,16.709999084472656,16.709999084472656,78070,0.0,0.0,0.0
2024-07-04 03:10:00+00:00,16.700000762939453,16.709999084472656,16.700000762939453,16.709999084472656,12300,0.0,0.0,0.0
2024-07-04 03:15:00+00:00,16.709999084472656,16.709999084472656,16.709999084472656,16.709999084472656,14006,0.0,0.0,0.0
2024-07-04 03:20:00+00:00,16.700000762939453,16.709999084472656,16.700000762939453,16.700000762939453,304000,0.0,0.0,0.0
2024-07-04 03:25:00+00:00,16.690000534057617,16.690000534057617,16.690000534057617,16.690000534057617,100450,0.0,0.0,0.0
2024-07-04 03:30:00+00:00,16.700000762939453,16.700000762939453,16.700000762939453,16.700000762939453,1062,0.0,0.0,0.0
2024-07-04 03:35:00+00:00,16.690000534057617,16.690000534057617,16.690000534057617,16.690000534057617,3000,0.0,0.0,0.0
2024-07-04 03:40:00+00:00,16.690000534057617,16.690000534057617,16.670000076293945,16.670000076293945,132099,0.0,0.0,0.0
2024-07-04 03:45:00+00:00,16.65999984741211,16.65999984741211,16.65999984741211,16.65999984741211,316340,0.0,0.0,0.0
2024-07-04 03:50:00+00:00,16.649999618530273,16.649999618530273,16.649999618530273,16.649999618530273,8940,0.0,0.0,0.0
2024-07-04 03:55:00+00:00,16.649999618530273,16.670000076293945,16.649999618530273,16.670000076293945,20225,0.0,0.0,0.0
2024-07-04 04:00:00+00:00,16.65999984741211,16.65999984741211,16.65999984741211,16.65999984741211,7200,0.0,0.0,0.0
2024-07-04 04:05:00+00:00,16.65999984741211,16.65999984741211,16.65999984741211,16.65999984741211,22161,0.0,0.0,0.0
2024-07-04 04:10:00+00:00,16.65999984741211,16.65999984741211,16.65999984741211,16.65999984741211,5000,0.0,0.0,0.0
2024-07-04 04:15:00+00:00,16.65999984741211,16.65999984741211,16.65999984741211,16.65999984741211,10600,0.0,0.0,0.0
2024-07-04 04:20:00+00:00,16.65999984741211,16.65999984741211,16.649999618530273,16.649999618530273,7793,0.0,0.0,0.0
2024-07-04 04:25:00+00:00,16.649999618530273,16.649999618530273,16.649999618530273,16.649999618530273,27000,0.0,0.0,0.0
2024-07-04 04:30:00+00:00,16.649999618530273,16.649999618530273,16.649999618530273,16.649999618530273,6200,0.0,0.0,0.0
2024-07-04 04:35:00+00:00,16.649999618530273,16.670000076293945,16.649999618530273,16.670000076293945,243105,0.0,0.0,0.0
2024-07-04 04:40:00+00:00,16.670000076293945,16.670000076293945,16.649999618530273,16.65999984741211,211178,0.0,0.0,0.0
2024-07-04 04:45:00+00:00,16.65999984741211,16.65999984741211,16.639999389648438,16.639999389648438,123973,0.0,0.0,0.0
2024-07-04 04:50:00+00:00,16.639999389648438,16.639999389648438,16.639999389648438,16.639999389648438,10047,0.0,0.0,0.0
2024-07-04 04:55:00+00:00,16.639999389648438,16.649999618530273,16.639999389648438,16.649999618530273,113780,0.0,0.0,0.0
2024-07-04 05:00:00+00:00,16.649999618530273,16.649999618530273,16.649999618530273,16.649999618530273,5000,0.0,0.0,0.0
2024-07-04 05:05:00+00:00,16.639999389648438,16.639999389648438,16.639999389648438,16.639999389648438,10200,0.0,0.0,0.0
2024-07-04 05:10:00+00:00,16.649999618530273,16.649999618530273,16.649999618530273,16.649999618530273,26225,0.0,0.0,0.0
2024-07-04 05:15:00+00:00,16.65999984741211,16.65999984741211,16.65999984741211,16.65999984741211,54040,0.0,0.0,0.0
2024-07-04 05:20:00+00:00,16.670000076293945,16.670000076293945,16.649999618530273,16.649999618530273,58420,0.0,0.0,0.0
2024-07-05 01:00:00+00:00,16.68000030517578,16.719999313354492,16.68000030517578,16.68000030517578,0,0.0,0.0,0.0
2024-07-05 01:05:00+00:00,16.690000534057617,16.690000534057617,16.670000076293945,16.670000076293945,32265,0.0,0.0,0.0
2024-07-05 01:10:00+00:00,16.68000030517578,16.68000030517578,16.65999984741211,16.68000030517578,239463,0.0,0.0,0.0
2024-07-05 01:15:00+00:00,16.690000534057617,16.690000534057617,16.65999984741211,16.670000076293945,97700,0.0,0.0,0.0
2024-07-05 01:20:00+00:00,16.65999984741211,16.65999984741211,16.65999984741211,16.65999984741211,48399,0.0,0.0,0.0
2024-07-05 01:25:00+00:00,16.65999984741211,16.65999984741211,16.639999389648438,16.639999389648438,15000,0.0,0.0,0.0
2024-07-05 01:30:00+00:00,16.639999389648438,16.639999389648438,16.639999389648438,16.639999389648438,5098,0.0,0.0,0.0
2024-07-05 01:35:00+00:00,16.639999389648438,16.639999389648438,16.6299991607666,16.6299991607666,61167,0.0,0.0,0.0
2024-07-05 01:40:00+00:00,16.6299991607666,16.6299991607666,16.6299991607666,16.6299991607666,10230,0.0,0.0,0.0
2024-07-05 01:45:00+00:00,16.6299991607666,16.6299991607666,16.6299991607666,16.6299991607666,6039,0.0,0.0,0.0
2024-07-05 01:50:00+00:00,16.6299991607666,16.6299991607666,16.6299991607666,16.6299991607666,8037,0.0,0.0,0.0
2024-07-05 01:55:00+00:00,16.6299991607666,16.6299991607666,16.6200008392334,16.6200008392334,49733,0.0,0.0,0.0
2024-07-05 02:00:00+00:00,16.6200008392334,16.6200008392334,16.610000610351562,16.610000610351562,27000,0.0,0.0,0.0
2024-07-05 02:05:00+00:00,16.6200008392334,16.6200008392334,16.6200008392334,16.6200008392334,5070,0.0,0.0,0.0
2024-07-05 02:10:00+00:00,16.6299991607666,16.6299991607666,16.6200008392334,16.6200008392334,110442,0.0,0.0,0.0
2024-07-05 02:15:00+00:00,16.6299991607666,16.6299991607666,16.6299991607666,16.6299991607666,1000,0.0,0.0,0.0
2024-07-05 02:20:00+00:00,16.6299991607666,16.6299991607666,16.6200008392334,16.6200008392334,12012,0.0,0.0,0.0
2024-07-05 02:25:00+00:00,16.6200008392334,16.649999618530273,16.6200008392334,16.649999618530273,8665,0.0,0.0,0.0
2024-07-05 02:30:00+00:00,16.639999389648438,16.639999389648438,16.639999389648438,16.639999389648438,26005,0.0,0.0,0.0
2024-07-05 02:35:00+00:00,16.6299991607666,16.6299991607666,16.6299991607666,16.6299991607666,4340,0.0,0.0,0.0
2024-07-05 02:40:00+00:00,16.6299991607666,16.6299991607666,16.6200008392334,16.6200008392334,32135,0.0,0.0,0.0
2024-07-05 02:45:00+00:00,16.6299991607666,16.6299991607666,16.6299991607666,16.6299991607666,3130,0.0,0.0,0.0
2024-07-05 02:50:00+00:00,16.6200008392334,16.6200008392334,16.6200008392334,16.6200008392334,28869,0.0,0.0,0.0
2024-07-05 02:55:00+00:00,16.6200008392334,16.6200008392334,16.610000610351562,16.6200008392334,99000,0.0,0.0,0.0
2024-07-05 03:00:00+00:00,16.6299991607666,16.6299991607666,16.6299991607666,16.6299991607666,13100,0.0,0.0,0.0
2024-07-05 03:05:00+00:00,16.6299991607666,16.6299991607666,16.6299991607666,16.6299991607666,8183,0.0,0.0,0.0
2024-07-05 03:10:00+00:00,16.6299991607666,16.6299991607666,16.6200008392334,16.6200008392334,14239,0.0,0.0,0.0
2024-07-05 03:25:00+00:00,16.6200008392334,16.6200008392334,16.6200008392334,16.6200008392334,19150,0.0,0.0,0.0
2024-07-05 03:30:00+00:00,16.6200008392334,16.6200008392334,16.6200008392334,16.6200008392334,3000,0.0,0.0,0.0
2024-07-05 03:35:00+00:00,16.6200008392334,16.6200008392334,16.6200008392334,16.6200008392334,4084,0.0,0.0,0.0
2024-07-05 03:40:00+00:00,16.6200008392334,16.6200008392334,16.6200008392334,16.6200008392334,6514,0.0,0.0,0.0
2024-07-05 03:45:00+00:00,16.6200008392334,16.6200008392334,16.6200008392334,16.6200008392334,9050,0.0,0.0,0.0
2024-07-05 03:50:00+00:00,16.610000610351562,16.610000610351562,16.610000610351562,16.610000610351562,50666,0.0,0.0,0.0
2024-07-05 03:55:00+00:00,16.600000381469727,16.600000381469727,16.600000381469727,16.600000381469727,1800,0.0,0.0,0.0
2024-07-05 04:00:00+00:00,16.600000381469727,16.600000381469727,16.600000381469727,16.600000381469727,203071,0.0,0.0,0.0
2024-07-05 04:05:00+00:00,16.600000381469727,16.610000610351562,16.600000381469727,16.610000610351562,6145,0.0,0.0,0.0
2024-07-05 04:10:00+00:00,16.600000381469727,16.600000381469727,16.59000015258789,16.59000015258789,62334,0.0,0.0,0.0
2024-07-05 04:15:00+00:00,16.59000015258789,16.610000610351562,16.59000015258789,16.610000610351562,23075,0.0,0.0,0.0
2024-07-05 04:20:00+00:00,16.610000610351562,16.610000610351562,16.610000610351562,16.610000610351562,22000,0.0,0.0,0.0
2024-07-05 04:25:00+00:00,16.610000610351562,16.6200008392334,16.610000610351562,16.6200008392334,9311,0.0,0.0,0.0
2024-07-05 04:30:00+00:00,16.6200008392334,16.6200008392334,16.610000610351562,16.610000610351562,2500,0.0,0.0,0.0
2024-07-05 04:35:00+00:00,16.600000381469727,16.610000610351562,16.600000381469727,16.600000381469727,26000,0.0,0.0,0.0
2024-07-05 04:40:00+00:00,16.610000610351562,16.610000610351562,16.600000381469727,16.600000381469727,11067,0.0,0.0,0.0
2024-07-05 04:45:00+00:00,16.600000381469727,16.600000381469727,16.600000381469727,16.600000381469727,23000,0.0,0.0,0.0
2024-07-05 04:50:00+00:00,16.610000610351562,16.610000610351562,16.600000381469727,16.600000381469727,11058,0.0,0.0,0.0
2024-07-05 04:55:00+00:00,16.610000610351562,16.610000610351562,16.610000610351562,16.610000610351562,6050,0.0,0.0,0.0
2024-07-05 05:00:00+00:00,16.610000610351562,16.610000610351562,16.600000381469727,16.600000381469727,45213,0.0,0.0,0.0
2024-07-05 05:05:00+00:00,16.600000381469727,16.600000381469727,16.600000381469727,16.600000381469727,7578,0.0,0.0,0.0
2024-07-05 05:10:00+00:00,16.600000381469727,16.600000381469727,16.59000015258789,16.59000015258789,62238,0.0,0.0,0.0
2024-07-05 05:15:00+00:00,16.59000015258789,16.59000015258789,16.579999923706055,16.579999923706055,5504,0.0,0.0,0.0
2024-07-05 05:20:00+00:00,16.59000015258789,16.600000381469727,16.59000015258789,16.600000381469727,120725,0.0,0.0,0.0
2024-07-08 01:00:00+00:00,16.489999771118164,16.5,16.479999542236328,16.479999542236328,0,0.0,0.0,0.0
2024-07-08 01:05:00+00:00,16.479999542236328,16.479999542236328,16.479999542236328,16.479999542236328,41000,0.0,0.0,0.0
2024-07-08 01:10:00+00:00,16.469999313354492,16.479999542236328,16.459999084472656,16.459999084472656,191802,0.0,0.0,0.0
2024-07-08 01:15:00+00:00,16.459999084472656,16.469999313354492,16.43000030517578,16.43000030517578,357090,0.0,0.0,0.0
2024-07-08 01:20:00+00:00,16.43000030517578,16.440000534057617,16.420000076293945,16.43000030517578,48877,0.0,0.0,0.0
2024-07-08 01:25:00+00:00,16.43000030517578,16.43000030517578,16.40999984741211,16.420000076293945,387029,0.0,0.0,0.0
2024-07-08 01:30:00+00:00,16.420000076293945,16.43000030517578,16.40999984741211,16.43000030517578,212753,0.0,0.0,0.0
2024-07-08 01:35:00+00:00,16.43000030517578,16.450000762939453,16.43000030517578,16.450000762939453,102340,0.0,0.0,0.0
2024-07-08 01:40:00+00:00,16.450000762939453,16.469999313354492,16.450000762939453,16.469999313354492,169066,0.0,0.0,0.0
2024-07-08 01:45:00+00:00,16.479999542236328,16.479999542236328,16.469999313354492,16.479999542236328,26937,0.0,0.0,0.0
2024-07-08 01:50:00+00:00,16.479999542236328,16.5,16.479999542236328,16.489999771118164,164440,0.0,0.0,0.0
2024-07-08 01:55:00+00:00,16.479999542236328,16.489999771118164,16.479999542236328,16.489999771118164,4410,0.0,0.0,0.0
2024-07-08 02:00:00+00:00,16.5,16.5,16.479999542236328,16.479999542236328,132232,0.0,0.0,0.0
2024-07-08 02:05:00+00:00,16.479999542236328,16.5,16.479999542236328,16.5,62280,0.0,0.0,0.0
2024-07-08 02:10:00+00:00,16.5,16.520000457763672,16.5,16.520000457763672,83720,0.0,0.0,0.0
2024-07-08 02:15:00+00:00,16.520000457763672,16.540000915527344,16.520000457763672,16.540000915527344,68171,0.0,0.0,0.0
2024-07-08 02:20:00+00:00,16.540000915527344,16.540000915527344,16.540000915527344,16.540000915527344,3145,0.0,0.0,0.0
2024-07-08 02:25:00+00:00,16.540000915527344,16.549999237060547,16.540000915527344,16.549999237060547,172541,0.0,0.0,0.0
2024-07-08 02:30:00+00:00,16.559999465942383,16.559999465942383,16.540000915527344,16.540000915527344,14964,0.0,0.0,0.0
2024-07-08 02:40:00+00:00,16.549999237060547,16.559999465942383,16.549999237060547,16.559999465942383,74198,0.0,0.0,0.0
2024-07-08 02:45:00+00:00,16.559999465942383,16.559999465942383,16.540000915527344,16.549999237060547,107850,0.0,0.0,0.0
2024-07-08 02:50:00+00:00,16.549999237060547,16.549999237060547,16.540000915527344,16.540000915527344,69000,0.0,0.0,0.0
2024-07-08 02:55:00+00:00,16.540000915527344,16.540000915527344,16.540000915527344,16.540000915527344,1663,0.0,0.0,0.0
2024-07-08 03:00:00+00:00,16.559999465942383,16.559999465942383,16.559999465942383,16.559999465942383,107490,0.0,0.0,0.0
2024-07-08 03:05:00+00:00,16.549999237060547,16.549999237060547,16.540000915527344,16.540000915527344,37842,0.0,0.0,0.0
2024-07-08 03:10:00+00:00,16.540000915527344,16.540000915527344,16.540000915527344,16.540000915527344,5000,0.0,0.0,0.0
2024-07-08 03:15:00+00:00,16.549999237060547,16.549999237060547,16.540000915527344,16.549999237060547,9124,0.0,0.0,0.0
2024-07-08 03:20:00+00:00,16.540000915527344,16.549999237060547,16.530000686645508,16.530000686645508,21846,0.0,0.0,0.0
2024-07-08 03:25:00+00:00,16.530000686645508,16.530000686645508,16.530000686645508,16.530000686645508,21317,0.0,0.0,0.0
2024-07-08 03:30:00+00:00,16.530000686645508,16.530000686645508,16.530000686645508,16.530000686645508,50000,0.0,0.0,0.0
2024-07-08 03:35:00+00:00,16.530000686645508,16.530000686645508,16.530000686645508,16.530000686645508,101319,0.0,0.0,0.0
2024-07-08 03:40:00+00:00,16.520000457763672,16.520000457763672,16.520000457763672,16.520000457763672,101000,0.0,0.0,0.0
2024-07-08 03:45:00+00:00,16.520000457763672,16.530000686645508,16.520000457763672,16.530000686645508,105541,0.0,0.0,0.0
2024-07-08 03:55:00+00:00,16.520000457763672,16.520000457763672,16.510000228881836,16.510000228881836,58100,0.0,0.0,0.0
2024-07-08 04:00:00+00:00,16.510000228881836,16.510000228881836,16.510000228881836,16.510000228881836,5326,0.0,0.0,0.0
2024-07-08 04:05:00+00:00,16.510000228881836,16.510000228881836,16.510000228881836,16.510000228881836,1543,0.0,0.0,0.0
2024-07-08 04:10:00+00:00,16.520000457763672,16.520000457763672,16.520000457763672,16.520000457763672,5026,0.0,0.0,0.0
2024-07-08 04:15:00+00:00,16.530000686645508,16.530000686645508,16.510000228881836,16.510000228881836,27294,0.0,0.0,0.0
2024-07-08 04:20:00+00:00,16.510000228881836,16.510000228881836,16.510000228881836,16.510000228881836,34200,0.0,0.0,0.0
2024-07-08 04:25:00+00:00,16.520000457763672,16.520000457763672,16.520000457763672,16.520000457763672,50095,0.0,0.0,0.0
2024-07-08 04:30:00+00:00,16.530000686645508,16.530000686645508,16.530000686645508,16.530000686645508,5230,0.0,0.0,0.0
2024-07-08 04:35:00+00:00,16.530000686645508,16.530000686645508,16.530000686645508,16.530000686645508,3207,0.0,0.0,0.0
2024-07-08 04:40:00+00:00,16.520000457763672,16.520000457763672,16.520000457763672,16.520000457763672,4899,0.0,0.0,0.0
2024-07-08 04:45:00+00:00,16.530000686645508,16.540000915527344,16.530000686645508,16.540000915527344,183036,0.0,0.0,0.0
2024-07-08 04:50:00+00:00,16.540000915527344,16.540000915527344,16.540000915527344,16.540000915527344,13887,0.0,0.0,0.0
2024-07-08 04:55:00+00:00,16.540000915527344,16.540000915527344,16.540000915527344,16.540000915527344,9000,0.0,0.0,0.0
2024-07-08 05:00:00+00:00,16.540000915527344,16.540000915527344,16.520000457763672,16.520000457763672,78791,0.0,0.0,0.0
2024-07-08 05:05:00+00:00,16.520000457763672,16.520000457763672,16.510000228881836,16.520000457763672,4069,0.0,0.0,0.0
2024-07-08 05:10:00+00:00,16.520000457763672,16.520000457763672,16.520000457763672,16.520000457763672,18211,0.0,0.0,0.0
2024-07-08 05:15:00+00:00,16.520000457763672,16.520000457763672,16.520000457763672,16.520000457763672,5237,0.0,0.0,0.0
2024-07-08 05:20:00+00:00,16.520000457763672,16.520000457763672,16.510000228881836,16.520000457763672,249195,0.0,0.0,0.0
2024-07-09 01:00:00+00:00,16.549999237060547,16.549999237060547,16.540000915527344,16.540000915527344,50000,0.0,0.0,0.0
2024-07-09 01:05:00+00:00,16.540000915527344,16.540000915527344,16.530000686645508,16.530000686645508,32405,0.0,0.0,0.0
2024-07-09 01:10:00+00:00,16.540000915527344,16.549999237060547,16.530000686645508,16.540000915527344,61552,0.0,0.0,0.0
2024-07-09 01:15:00+00:00,16.549999237060547,16.549999237060547,16.520000457763672,16.520000457763672,37030,0.0,0.0,0.0
2024-07-09 01:20:00+00:00,16.530000686645508,16.530000686645508,16.530000686645508,16.530000686645508,5243,0.0,0.0,0.0
2024-07-09 01:25:00+00:00,16.530000686645508,16.540000915527344,16.530000686645508,16.540000915527344,108264,0.0,0.0,0.0
2024-07-09 01:30:00+00:00,16.549999237060547,16.549999237060547,16.530000686645508,16.530000686645508,303189,0.0,0.0,0.0
2024-07-09 01:35:00+00:00,16.540000915527344,16.549999237060547,16.540000915527344,16.549999237060547,36400,0.0,0.0,0.0
2024-07-09 01:40:00+00:00,16.549999237060547,16.549999237060547,16.510000228881836,16.510000228881836,228811,0.0,0.0,0.0
2024-07-09 01:45:00+00:00,16.510000228881836,16.510000228881836,16.479999542236328,16.479999542236328,74013,0.0,0.0,0.0
2024-07-09 01:50:00+00:00,16.489999771118164,16.489999771118164,16.440000534057617,16.459999084472656,253851,0.0,0.0,0.0
2024-07-09 01:55:00+00:00,16.450000762939453,16.450000762939453,16.440000534057617,16.440000534057617,68367,0.0,0.0,0.0
2024-07-09 02:00:00+00:00,16.440000534057617,16.450000762939453,16.440000534057617,16.440000534057617,111380,0.0,0.0,0.0
2024-07-09 02:05:00+00:00,16.440000534057617,16.440000534057617,16.420000076293945,16.43000030517578,177920,0.0,0.0,0.0
2024-07-09 02:10:00+00:00,16.440000534057617,16.450000762939453,16.43000030517578,16.43000030517578,114000,0.0,0.0,0.0
2024-07-09 02:15:00+00:00,16.440000534057617,16.450000762939453,16.43000030517578,16.43000030517578,127300,0.0,0.0,0.0
2024-07-09 02:20:00+00:00,16.440000534057617,16.450000762939453,16.440000534057617,16.450000762939453,25235,0.0,0.0,0.0
2024-07-09 02:25:00+00:00,16.450000762939453,16.450000762939453,16.440000534057617,16.440000534057617,213140,0.0,0.0,0.0
2024-07-09 02:30:00+00:00,16.440000534057617,16.450000762939453,16.440000534057617,16.450000762939453,212910,0.0,0.0,0.0
2024-07-09 02:35:00+00:00,16.440000534057617,16.450000762939453,16.43000030517578,16.440000534057617,37415,0.0,0.0,0.0
2024-07-09 02:40:00+00:00,16.440000534057617,16.440000534057617,16.43000030517578,16.43000030517578,17729,0.0,0.0,0.0
2024-07-09 02:45:00+00:00,16.459999084472656,16.459999084472656,16.459999084472656,16.459999084472656,8343,0.0,0.0,0.0
2024-07-09 02:50:00+00:00,16.450000762939453,16.450000762939453,16.450000762939453,16.450000762939453,7150,0.0,0.0,0.0
2024-07-09 02:55:00+00:00,16.440000534057617,16.440000534057617,16.43000030517578,16.43000030517578,108089,0.0,0.0,0.0
2024-07-09 03:00:00+00:00,16.459999084472656,16.459999084472656,16.440000534057617,16.440000534057617,4106,0.0,0.0,0.0
2024-07-09 03:05:00+00:00,16.440000534057617,16.440000534057617,16.440000534057617,16.440000534057617,1020,0.0,0.0,0.0
2024-07-09 03:10:00+00:00,16.440000534057617,16.440000534057617,16.440000534057617,16.440000534057617,2030,0.0,0.0,0.0
2024-07-09 03:15:00+00:00,16.450000762939453,16.450000762939453,16.440000534057617,16.450000762939453,18582,0.0,0.0,0.0
2024-07-09 03:20:00+00:00,16.450000762939453,16.450000762939453,16.450000762939453,16.450000762939453,2156,0.0,0.0,0.0
2024-07-09 03:25:00+00:00,16.440000534057617,16.440000534057617,16.440000534057617,16.440000534057617,1000,0.0,0.0,0.0
2024-07-09 03:30:00+00:00,16.450000762939453,16.450000762939453,16.450000762939453,16.450000762939453,16200,0.0,0.0,0.0
2024-07-09 03:35:00+00:00,16.469999313354492,16.469999313354492,16.459999084472656,16.459999084472656,36227,0.0,0.0,0.0
2024-07-09 03:45:00+00:00,16.469999313354492,16.469999313354492,16.469999313354492,16.469999313354492,27000,0.0,0.0,0.0
2024-07-09 03:50:00+00:00,16.469999313354492,16.469999313354492,16.469999313354492,16.469999313354492,1768,0.0,0.0,0.0
2024-07-09 03:55:00+00:00,16.459999084472656,16.469999313354492,16.459999084472656,16.469999313354492,28300,0.0,0.0,0.0
2024-07-09 04:00:00+00:00,16.469999313354492,16.479999542236328,16.469999313354492,16.469999313354492,42061,0.0,0.0,0.0
2024-07-09 04:05:00+00:00,16.459999084472656,16.469999313354492,16.459999084472656,16.469999313354492,91000,0.0,0.0,0.0
2024-07-09 04:10:00+00:00,16.469999313354492,16.469999313354492,16.469999313354492,16.469999313354492,101112,0.0,0.0,0.0
2024-07-09 04:15:00+00:00,16.459999084472656,16.469999313354492,16.459999084472656,16.469999313354492,6100,0.0,0.0,0.0
2024-07-09 04:20:00+00:00,16.469999313354492,16.469999313354492,16.450000762939453,16.469999313354492,8091,0.0,0.0,0.0
2024-07-09 04:25:00+00:00,16.459999084472656,16.469999313354492,16.459999084472656,16.469999313354492,8007,0.0,0.0,0.0
2024-07-09 04:30:00+00:00,16.479999542236328,16.479999542236328,16.479999542236328,16.479999542236328,1565,0.0,0.0,0.0
2024-07-09 04:35:00+00:00,16.479999542236328,16.479999542236328,16.469999313354492,16.469999313354492,9827,0.0,0.0,0.0
2024-07-09 04:40:00+00:00,16.469999313354492,16.469999313354492,16.469999313354492,16.469999313354492,6000,0.0,0.0,0.0
2024-07-09 04:45:00+00:00,16.469999313354492,16.469999313354492,16.469999313354492,16.469999313354492,6110,0.0,0.0,0.0
2024-07-09 04:50:00+00:00,16.459999084472656,16.469999313354492,16.459999084472656,16.469999313354492,2172,0.0,0.0,0.0
2024-07-09 05:00:00+00:00,16.459999084472656,16.469999313354492,16.459999084472656,16.469999313354492,28100,0.0,0.0,0.0
2024-07-09 05:05:00+00:00,16.459999084472656,16.459999084472656,16.459999084472656,16.459999084472656,42481,0.0,0.0,0.0
2024-07-09 05:10:00+00:00,16.450000762939453,16.459999084472656,16.450000762939453,16.450000762939453,20221,0.0,0.0,0.0
2024-07-09 05:15:00+00:00,16.450000762939453,16.450000762939453,16.450000762939453,16.450000762939453,4370,0.0,0.0,0.0
2024-07-09 05:20:00+00:00,16.459999084472656,16.459999084472656,16.450000762939453,16.450000762939453,75566,0.0,0.0,0.0
2024-07-10 01:00:00+00:00,16.5,16.549999237060547,16.5,16.540000915527344,0,0.0,0.0,0.0
2024-07-10 01:05:00+00:00,16.549999237060547,16.549999237060547,16.549999237060547,16.549999237060547,59000,0.0,0.0,0.0
2024-07-10 01:10:00+00:00,16.549999237060547,16.559999465942383,16.549999237060547,16.559999465942383,26414,0.0,0.0,0.0
2024-07-10 01:15:00+00:00,16.549999237060547,16.549999237060547,16.540000915527344,16.540000915527344,7154,0.0,0.0,0.0
2024-07-10 01:20:00+00:00,16.540000915527344,16.549999237060547,16.530000686645508,16.530000686645508,171846,0.0,0.0,0.0
2024-07-10 01:25:00+00:00,16.530000686645508,16.530000686645508,16.520000457763672,16.530000686645508,68320,0.0,0.0,0.0
2024-07-10 01:30:00+00:00,16.530000686645508,16.530000686645508,16.520000457763672,16.520000457763672,173765,0.0,0.0,0.0
2024-07-10 01:35:00+00:00,16.510000228881836,16.520000457763672,16.510000228881836,16.510000228881836,18210,0.0,0.0,0.0
2024-07-10 01:40:00+00:00,16.510000228881836,16.510000228881836,16.510000228881836,16.510000228881836,3000,0.0,0.0,0.0
2024-07-10 01:45:00+00:00,16.520000457763672,16.520000457763672,16.5,16.5,37568,0.0,0.0,0.0
2024-07-10 01:50:00+00:00,16.5,16.5,16.489999771118164,16.489999771118164,48073,0.0,0.0,0.0
2024-07-10 01:55:00+00:00,16.479999542236328,16.479999542236328,16.479999542236328,16.479999542236328,36400,0.0,0.0,0.0
2024-07-10 02:00:00+00:00,16.479999542236328,16.479999542236328,16.479999542236328,16.479999542236328,1106,0.0,0.0,0.0
2024-07-10 02:05:00+00:00,16.489999771118164,16.489999771118164,16.469999313354492,16.469999313354492,121140,0.0,0.0,0.0
2024-07-10 02:10:00+00:00,16.479999542236328,16.479999542236328,16.479999542236328,16.479999542236328,1150,0.0,0.0,0.0
2024-07-10 02:15:00+00:00,16.479999542236328,16.479999542236328,16.469999313354492,16.469999313354492,13541,0.0,0.0,0.0
2024-07-10 02:25:00+00:00,16.479999542236328,16.489999771118164,16.469999313354492,16.489999771118164,5315,0.0,0.0,0.0
2024-07-10 02:30:00+00:00,16.489999771118164,16.489999771118164,16.489999771118164,16.489999771118164,1129,0.0,0.0,0.0
2024-07-10 02:35:00+00:00,16.489999771118164,16.489999771118164,16.489999771118164,16.489999771118164,13101,0.0,0.0,0.0
2024-07-10 02:40:00+00:00,16.489999771118164,16.489999771118164,16.479999542236328,16.479999542236328,6150,0.0,0.0,0.0
2024-07-10 02:45:00+00:00,16.5,16.5,16.469999313354492,16.469999313354492,17403,0.0,0.0,0.0
2024-07-10 02:50:00+00:00,16.469999313354492,16.469999313354492,16.469999313354492,16.469999313354492,206080,0.0,0.0,0.0
2024-07-10 02:55:00+00:00,16.469999313354492,16.489999771118164,16.469999313354492,16.489999771118164,9885,0.0,0.0,0.0
2024-07-10 03:00:00+00:00,16.479999542236328,16.479999542236328,16.479999542236328,16.479999542236328,8084,0.0,0.0,0.0
2024-07-10 03:05:00+00:00,16.489999771118164,16.489999771118164,16.479999542236328,16.479999542236328,108532,0.0,0.0,0.0
2024-07-10 03:10:00+00:00,16.479999542236328,16.479999542236328,16.479999542236328,16.479999542236328,1195,0.0,0.0,0.0
2024-07-10 03:15:00+00:00,16.469999313354492,16.469999313354492,16.469999313354492,16.469999313354492,7145,0.0,0.0,0.0
2024-07-10 03:30:00+00:00,16.479999542236328,16.479999542236328,16.469999313354492,16.469999313354492,54704,0.0,0.0,0.0
2024-07-10 03:35:00+00:00,16.469999313354492,16.469999313354492,16.450000762939453,16.450000762939453,41365,0.0,0.0,0.0
2024-07-10 03:40:00+00:00,16.450000762939453,16.459999084472656,16.450000762939453,16.459999084472656,6100,0.0,0.0,0.0
2024-07-10 03:50:00+00:00,16.459999084472656,16.459999084472656,16.459999084472656,16.459999084472656,6279,0.0,0.0,0.0
2024-07-10 03:55:00+00:00,16.459999084472656,16.469999313354492,16.459999084472656,16.469999313354492,7080,0.0,0.0,0.0
2024-07-10 04:00:00+00:00,16.459999084472656,16.459999084472656,16.459999084472656,16.459999084472656,7265,0.0,0.0,0.0
2024-07-10 04:05:00+00:00,16.459999084472656,16.469999313354492,16.459999084472656,16.469999313354492,12002,0.0,0.0,0.0
2024-07-10 04:10:00+00:00,16.469999313354492,16.469999313354492,16.469999313354492,16.469999313354492,4200,0.0,0.0,0.0
2024-07-10 04:15:00+00:00,16.469999313354492,16.489999771118164,16.469999313354492,16.489999771118164,32000,0.0,0.0,0.0
2024-07-10 04:20:00+00:00,16.5,16.510000228881836,16.489999771118164,16.489999771118164,12747,0.0,0.0,0.0
2024-07-10 04:25:00+00:00,16.489999771118164,16.5,16.489999771118164,16.5,2235,0.0,0.0,0.0
2024-07-10 04:35:00+00:00,16.5,16.5,16.5,16.5,4491,0.0,0.0,0.0
2024-07-10 04:40:00+00:00,16.5,16.5,16.5,16.5,1290,0.0,0.0,0.0
2024-07-10 04:45:00+00:00,16.5,16.5,16.5,16.5,1000,0.0,0.0,0.0
2024-07-10 04:50:00+00:00,16.5,16.5,16.5,16.5,14084,0.0,0.0,0.0
2024-07-10 04:55:00+00:00,16.489999771118164,16.489999771118164,16.489999771118164,16.489999771118164,212477,0.0,0.0,0.0
2024-07-10 05:00:00+00:00,16.489999771118164,16.489999771118164,16.489999771118164,16.489999771118164,3010,0.0,0.0,0.0
2024-07-10 05:05:00+00:00,16.479999542236328,16.489999771118164,16.479999542236328,16.489999771118164,6000,0.0,0.0,0.0
2024-07-11 01:00:00+00:00,16.510000228881836,16.530000686645508,16.510000228881836,16.510000228881836,0,0.0,0.0,0.0
2024-07-11 01:05:00+00:00,16.5,16.5,16.5,16.5,30326,0.0,0.0,0.0
2024-07-11 01:10:00+00:00,16.5,16.510000228881836,16.5,16.510000228881836,16005,0.0,0.0,0.0
2024-07-11 01:15:00+00:00,16.510000228881836,16.510000228881836,16.5,16.5,124228,0.0,0.0,0.0
2024-07-11 01:20:00+00:00,16.5,16.549999237060547,16.5,16.549999237060547,208177,0.0,0.0,0.0
2024-07-11 01:25:00+00:00,16.549999237060547,16.549999237060547,16.540000915527344,16.549999237060547,365422,0.0,0.0,0.0
2024-07-11 01:30:00+00:00,16.559999465942383,16.559999465942383,16.559999465942383,16.559999465942383,13655,0.0,0.0,0.0
2024-07-11 01:35:00+00:00,16.559999465942383,16.579999923706055,16.559999465942383,16.56999969482422,104853,0.0,0.0,0.0
2024-07-11 01:40:00+00:00,16.56999969482422,16.600000381469727,16.56999969482422,16.59000015258789,220422,0.0,0.0,0.0
2024-07-11 01:45:00+00:00,16.600000381469727,16.6200008392334,16.600000381469727,16.610000610351562,95927,0.0,0.0,0.0
2024-07-11 01:50:00+00:00,16.59000015258789,16.600000381469727,16.59000015258789,16.600000381469727,5803,0.0,0.0,0.0
2024-07-11 01:55:00+00:00,16.59000015258789,16.600000381469727,16.579999923706055,16.579999923706055,13063,0.0,0.0,0.0
2024-07-11 02:00:00+00:00,16.579999923706055,16.600000381469727,16.56999969482422,16.600000381469727,53595,0.0,0.0,0.0
2024-07-11 02:05:00+00:00,16.600000381469727,16.600000381469727,16.600000381469727,16.600000381469727,4469,0.0,0.0,0.0
2024-07-11 02:10:00+00:00,16.600000381469727,16.6200008392334,16.600000381469727,16.6200008392334,289080,0.0,0.0,0.0
2024-07-11 02:15:00+00:00,16.6299991607666,16.6299991607666,16.6200008392334,16.6200008392334,114197,0.0,0.0,0.0
2024-07-11 02:20:00+00:00,16.6200008392334,16.6200008392334,16.610000610351562,16.610000610351562,9011,0.0,0.0,0.0
2024-07-11 02:25:00+00:00,16.610000610351562,16.610000610351562,16.610000610351562,16.610000610351562,37976,0.0,0.0,0.0
2024-07-11 02:30:00+00:00,16.610000610351562,16.610000610351562,16.59000015258789,16.59000015258789,37173,0.0,0.0,0.0
2024-07-11 02:35:00+00:00,16.579999923706055,16.579999923706055,16.579999923706055,16.579999923706055,13101,0.0,0.0,0.0
2024-07-11 02:40:00+00:00,16.579999923706055,16.579999923706055,16.56999969482422,16.579999923706055,17532,0.0,0.0,0.0
2024-07-11 02:45:00+00:00,16.56999969482422,16.56999969482422,16.559999465942383,16.559999465942383,19692,0.0,0.0,0.0
2024-07-11 02:50:00+00:00,16.559999465942383,16.559999465942383,16.559999465942383,16.559999465942383,4189,0.0,0.0,0.0
2024-07-11 02:55:00+00:00,16.559999465942383,16.559999465942383,16.559999465942383,16.559999465942383,1893,0.0,0.0,0.0
2024-07-11 03:00:00+00:00,16.56999969482422,16.56999969482422,16.56999969482422,16.56999969482422,4522,0.0,0.0,0.0
2024-07-11 03:05:00+00:00,16.56999969482422,16.56999969482422,16.56999969482422,16.56999969482422,7878,0.0,0.0,0.0
2024-07-11 03:10:00+00:00,16.56999969482422,16.56999969482422,16.559999465942383,16.559999465942383,8414,0.0,0.0,0.0
2024-07-11 03:15:00+00:00,16.559999465942383,16.559999465942383,16.559999465942383,16.559999465942383,2922,0.0,0.0,0.0
2024-07-11 03:20:00+00:00,16.559999465942383,16.559999465942383,16.559999465942383,16.559999465942383,2144,0.0,0.0,0.0
2024-07-11 03:25:00+00:00,16.559999465942383,16.559999465942383,16.559999465942383,16.559999465942383,1030,0.0,0.0,0.0
2024-07-11 03:30:00+00:00,16.559999465942383,16.559999465942383,16.559999465942383,16.559999465942383,28726,0.0,0.0,0.0
2024-07-11 03:35:00+00:00,16.549999237060547,16.549999237060547,16.549999237060547,16.549999237060547,18542,0.0,0.0,0.0
2024-07-11 03:40:00+00:00,16.559999465942383,16.559999465942383,16.559999465942383,16.559999465942383,15170,0.0,0.0,0.0
2024-07-11 03:45:00+00:00,16.56999969482422,16.56999969482422,16.56999969482422,16.56999969482422,24301,0.0,0.0,0.0
2024-07-11 03:50:00+00:00,16.56999969482422,16.579999923706055,16.56999969482422,16.579999923706055,2000,0.0,0.0,0.0
2024-07-11 03:55:00+00:00,16.579999923706055,16.579999923706055,16.579999923706055,16.579999923706055,8000,0.0,0.0,0.0
2024-07-11 04:00:00+00:00,16.579999923706055,16.579999923706055,16.559999465942383,16.559999465942383,35837,0.0,0.0,0.0
2024-07-11 04:05:00+00:00,16.559999465942383,16.559999465942383,16.549999237060547,16.549999237060547,40089,0.0,0.0,0.0
2024-07-11 04:10:00+00:00,16.559999465942383,16.559999465942383,16.559999465942383,16.559999465942383,1241,0.0,0.0,0.0
2024-07-11 04:15:00+00:00,16.559999465942383,16.559999465942383,16.559999465942383,16.559999465942383,7797,0.0,0.0,0.0
2024-07-11 04:20:00+00:00,16.559999465942383,16.559999465942383,16.540000915527344,16.540000915527344,167416,0.0,0.0,0.0
2024-07-11 04:30:00+00:00,16.540000915527344,16.540000915527344,16.540000915527344,16.540000915527344,4517,0.0,0.0,0.0
2024-07-11 04:35:00+00:00,16.540000915527344,16.549999237060547,16.530000686645508,16.549999237060547,58303,0.0,0.0,0.0
2024-07-11 04:40:00+00:00,16.540000915527344,16.540000915527344,16.540000915527344,16.540000915527344,2601,0.0,0.0,0.0
2024-07-11 04:45:00+00:00,16.530000686645508,16.530000686645508,16.530000686645508,16.530000686645508,3141,0.0,0.0,0.0
2024-07-11 04:50:00+00:00,16.540000915527344,16.540000915527344,16.530000686645508,16.540000915527344,12931,0.0,0.0,0.0
2024-07-11 04:55:00+00:00,16.520000457763672,16.520000457763672,16.520000457763672,16.520000457763672,49375,0.0,0.0,0.0
2024-07-11 05:00:00+00:00,16.530000686645508,16.540000915527344,16.530000686645508,16.530000686645508,12097,0.0,0.0,0.0
2024-07-11 05:05:00+00:00,16.530000686645508,16.540000915527344,16.530000686645508,16.540000915527344,9097,0.0,0.0,0.0
2024-07-12 01:00:00+00:00,16.530000686645508,16.530000686645508,16.520000457763672,16.530000686645508,0,0.0,0.0,0.0
2024-07-12 01:05:00+00:00,16.540000915527344,16.600000381469727,16.540000915527344,16.600000381469727,98862,0.0,0.0,0.0
2024-07-12 01:10:00+00:00,16.610000610351562,16.6299991607666,16.610000610351562,16.6299991607666,178106,0.0,0.0,0.0
2024-07-12 01:15:00+00:00,16.6299991607666,16.6299991607666,16.610000610351562,16.610000610351562,81273,0.0,0.0,0.0
2024-07-12 01:20:00+00:00,16.600000381469727,16.6200008392334,16.600000381469727,16.610000610351562,103261,0.0,0.0,0.0
2024-07-12 01:25:00+00:00,16.6200008392334,16.6299991607666,16.6200008392334,16.6299991607666,30692,0.0,0.0,0.0
2024-07-12 01:30:00+00:00,16.6299991607666,16.639999389648438,16.6299991607666,16.639999389648438,97801,0.0,0.0,0.0
2024-07-12 01:35:00+00:00,16.639999389648438,16.639999389648438,16.6299991607666,16.6299991607666,36066,0.0,0.0,0.0
2024-07-12 01:40:00+00:00,16.6299991607666,16.6299991607666,16.6299991607666,16.6299991607666,58400,0.0,0.0,0.0
2024-07-12 01:45:00+00:00,16.6200008392334,16.6200008392334,16.600000381469727,16.600000381469727,122861,0.0,0.0,0.0
2024-07-12 01:50:00+00:00,16.610000610351562,16.610000610351562,16.600000381469727,16.600000381469727,8486,0.0,0.0,0.0
2024-07-12 01:55:00+00:00,16.600000381469727,16.610000610351562,16.600000381469727,16.600000381469727,66184,0.0,0.0,0.0
2024-07-12 02:00:00+00:00,16.600000381469727,16.600000381469727,16.579999923706055,16.579999923706055,71640,0.0,0.0,0.0
2024-07-12 02:05:00+00:00,16.579999923706055,16.600000381469727,16.579999923706055,16.600000381469727,42081,0.0,0.0,0.0
2024-07-12 02:10:00+00:00,16.610000610351562,16.610000610351562,16.610000610351562,16.610000610351562,63089,0.0,0.0,0.0
2024-07-12 02:15:00+00:00,16.610000610351562,16.6200008392334,16.610000610351562,16.610000610351562,222933,0.0,0.0,0.0
2024-07-12 02:20:00+00:00,16.610000610351562,16.6200008392334,16.610000610351562,16.610000610351562,13215,0.0,0.0,0.0
2024-07-12 02:25:00+00:00,16.600000381469727,16.600000381469727,16.600000381469727,16.600000381469727,89222,0.0,0.0,0.0
2024-07-12 02:30:00+00:00,16.610000610351562,16.6299991607666,16.610000610351562,16.6299991607666,331000,0.0,0.0,0.0
2024-07-12 02:35:00+00:00,16.6200008392334,16.6200008392334,16.6200008392334,16.6200008392334,4030,0.0,0.0,0.0
2024-07-12 02:40:00+00:00,16.610000610351562,16.610000610351562,16.610000610351562,16.610000610351562,1622,0.0,0.0,0.0
2024-07-12 02:45:00+00:00,16.610000610351562,16.610000610351562,16.610000610351562,16.610000610351562,14323,0.0,0.0,0.0
2024-07-12 02:50:00+00:00,16.600000381469727,16.600000381469727,16.59000015258789,16.59000015258789,89704,0.0,0.0,0.0
2024-07-12 02:55:00+00:00,16.59000015258789,16.59000015258789,16.59000015258789,16.59000015258789,5624,0.0,0.0,0.0
2024-07-12 03:00:00+00:00,16.59000015258789,16.59000015258789,16.579999923706055,16.579999923706055,4959,0.0,0.0,0.0
2024-07-12 03:15:00+00:00,16.600000381469727,16.600000381469727,16.600000381469727,16.600000381469727,1198,0.0,0.0,0.0
2024-07-12 03:20:00+00:00,16.600000381469727,16.600000381469727,16.600000381469727,16.600000381469727,2560,0.0,0.0,0.0
2024-07-12 03:25:00+00:00,16.600000381469727,16.600000381469727,16.59000015258789,16.59000015258789,24490,0.0,0.0,0.0
2024-07-12 03:30:00+00:00,16.579999923706055,16.579999923706055,16.579999923706055,16.579999923706055,14291,0.0,0.0,0.0
2024-07-12 03:35:00+00:00,16.579999923706055,16.579999923706055,16.579999923706055,16.579999923706055,39874,0.0,0.0,0.0
2024-07-12 03:40:00+00:00,16.579999923706055,16.579999923706055,16.579999923706055,16.579999923706055,28271,0.0,0.0,0.0
2024-07-12 03:45:00+00:00,16.579999923706055,16.579999923706055,16.579999923706055,16.579999923706055,2449,0.0,0.0,0.0
2024-07-12 03:50:00+00:00,16.579999923706055,16.579999923706055,16.56999969482422,16.56999969482422,9620,0.0,0.0,0.0
2024-07-12 03:55:00+00:00,16.56999969482422,16.579999923706055,16.56999969482422,16.579999923706055,133204,0.0,0.0,0.0
2024-07-12 04:00:00+00:00,16.56999969482422,16.579999923706055,16.56999969482422,16.579999923706055,10990,0.0,0.0,0.0
2024-07-12 04:05:00+00:00,16.579999923706055,16.579999923706055,16.579999923706055,16.579999923706055,1119,0.0,0.0,0.0
2024-07-12 04:10:00+00:00,16.56999969482422,16.56999969482422,16.56999969482422,16.56999969482422,43924,0.0,0.0,0.0
2024-07-12 04:15:00+00:00,16.56999969482422,16.56999969482422,16.56999969482422,16.56999969482422,9039,0.0,0.0,0.0
2024-07-12 04:25:00+00:00,16.579999923706055,16.579999923706055,16.579999923706055,16.579999923706055,30760,0.0,0.0,0.0
2024-07-12 04:35:00+00:00,16.579999923706055,16.579999923706055,16.579999923706055,16.579999923706055,14887,0.0,0.0,0.0
2024-07-12 04:40:00+00:00,16.579999923706055,16.579999923706055,16.579999923706055,16.579999923706055,4730,0.0,0.0,0.0
2024-07-12 04:45:00+00:00,16.579999923706055,16.579999923706055,16.579999923706055,16.579999923706055,3387,0.0,0.0,0.0
2024-07-12 04:50:00+00:00,16.579999923706055,16.579999923706055,16.579999923706055,16.579999923706055,8609,0.0,0.0,0.0
2024-07-12 04:55:00+00:00,16.579999923706055,16.579999923706055,16.579999923706055,16.579999923706055,12950,0.0,0.0,0.0
2024-07-12 05:00:00+00:00,16.579999923706055,16.579999923706055,16.579999923706055,16.579999923706055,14314,0.0,0.0,0.0
2024-07-12 05:05:00+00:00,16.579999923706055,16.579999923706055,16.579999923706055,16.579999923706055,34960,0.0,0.0,0.0
2024-07-12 05:10:00+00:00,16.59000015258789,16.59000015258789,16.579999923706055,16.59000015258789,6091,0.0,0.0,0.0
2024-07-12 05:15:00+00:00,16.59000015258789,16.59000015258789,16.59000015258789,16.59000015258789,6450,0.0,0.0,0.0
2024-07-12 05:20:00+00:00,16.579999923706055,16.59000015258789,16.56999969482422,16.56999969482422,33692,0.0,0.0,0.0
2024-07-15 01:00:00+00:00,16.649999618530273,16.649999618530273,16.6299991607666,16.6299991607666,0,0.0,0.0,0.0
2024-07-15 01:05:00+00:00,16.6299991607666,16.649999618530273,16.610000610351562,16.610000610351562,105055,0.0,0.0,0.0
2024-07-15 01:10:00+00:00,16.579999923706055,16.610000610351562,16.579999923706055,16.610000610351562,31601,0.0,0.0,0.0
2024-07-15 01:15:00+00:00,16.600000381469727,16.600000381469727,16.579999923706055,16.579999923706055,267445,0.0,0.0,0.0
2024-07-15 01:20:00+00:00,16.579999923706055,16.610000610351562,16.56999969482422,16.56999969482422,108179,0.0,0.0,0.0
2024-07-15 01:25:00+00:00,16.56999969482422,16.56999969482422,16.540000915527344,16.540000915527344,261890,0.0,0.0,0.0
2024-07-15 01:30:00+00:00,16.559999465942383,16.56999969482422,16.549999237060547,16.56999969482422,193240,0.0,0.0,0.0
2024-07-15 01:35:00+00:00,16.56999969482422,16.56999969482422,16.549999237060547,16.549999237060547,128434,0.0,0.0,0.0
2024-07-15 01:40:00+00:00,16.56999969482422,16.56999969482422,16.549999237060547,16.549999237060547,24335,0.0,0.0,0.0
2024-07-15 01:45:00+00:00,16.549999237060547,16.549999237060547,16.540000915527344,16.540000915527344,106606,0.0,0.0,0.0
2024-07-15 01:50:00+00:00,16.530000686645508,16.540000915527344,16.520000457763672,16.520000457763672,53634,0.0,0.0,0.0
2024-07-15 01:55:00+00:00,16.520000457763672,16.540000915527344,16.520000457763672,16.540000915527344,52304,0.0,0.0,0.0
2024-07-15 02:00:00+00:00,16.549999237060547,16.549999237060547,16.540000915527344,16.540000915527344,7660,0.0,0.0,0.0
2024-07-15 02:05:00+00:00,16.559999465942383,16.559999465942383,16.559999465942383,16.559999465942383,5000,0.0,0.0,0.0
2024-07-15 02:10:00+00:00,16.549999237060547,16.549999237060547,16.520000457763672,16.520000457763672,142000,0.0,0.0,0.0
2024-07-15 02:15:00+00:00,16.530000686645508,16.530000686645508,16.520000457763672,16.520000457763672,227102,0.0,0.0,0.0
2024-07-15 02:20:00+00:00,16.520000457763672,16.520000457763672,16.520000457763672,16.520000457763672,4877,0.0,0.0,0.0
2024-07-15 02:25:00+00:00,16.520000457763672,16.520000457763672,16.520000457763672,16.520000457763672,5892,0.0,0.0,0.0
2024-07-15 02:30:00+00:00,16.520000457763672,16.530000686645508,16.520000457763672,16.530000686645508,19230,0.0,0.0,0.0
2024-07-15 02:35:00+00:00,16.540000915527344,16.540000915527344,16.540000915527344,16.540000915527344,4270,0.0,0.0,0.0
2024-07-15 02:40:00+00:00,16.530000686645508,16.530000686645508,16.530000686645508,16.530000686645508,2255,0.0,0.0,0.0
2024-07-15 02:45:00+00:00,16.530000686645508,16.540000915527344,16.530000686645508,16.540000915527344,13413,0.0,0.0,0.0
2024-07-15 02:50:00+00:00,16.540000915527344,16.540000915527344,16.540000915527344,16.540000915527344,10529,0.0,0.0,0.0
2024-07-15 02:55:00+00:00,16.530000686645508,16.530000686645508,16.520000457763672,16.520000457763672,8008,0.0,0.0,0.0
2024-07-15 03:00:00+00:00,16.530000686645508,16.530000686645508,16.530000686645508,16.530000686645508,5749,0.0,0.0,0.0
2024-07-15 03:05:00+00:00,16.540000915527344,16.540000915527344,16.540000915527344,16.540000915527344,1134,0.0,0.0,0.0
2024-07-15 03:10:00+00:00,16.540000915527344,16.549999237060547,16.540000915527344,16.549999237060547,30118,0.0,0.0,0.0
2024-07-15 03:15:00+00:00,16.559999465942383,16.559999465942383,16.559999465942383,16.559999465942383,7120,0.0,0.0,0.0
2024-07-15 03:20:00+00:00,16.559999465942383,16.559999465942383,16.559999465942383,16.559999465942383,5080,0.0,0.0,0.0
2024-07-15 03:25:00+00:00,16.56999969482422,16.56999969482422,16.56999969482422,16.56999969482422,2000,0.0,0.0,0.0
2024-07-15 03:30:00+00:00,16.56999969482422,16.56999969482422,16.559999465942383,16.559999465942383,10162,0.0,0.0,0.0
2024-07-15 03:35:00+00:00,16.559999465942383,16.559999465942383,16.559999465942383,16.559999465942383,1399,0.0,0.0,0.0
2024-07-15 03:45:00+00:00,16.559999465942383,16.559999465942383,16.559999465942383,16.559999465942383,1100,0.0,0.0,0.0
2024-07-15 03:50:00+00:00,16.559999465942383,16.559999465942383,16.559999465942383,16.559999465942383,4572,0.0,0.0,0.0
2024-07-15 03:55:00+00:00,16.549999237060547,16.549999237060547,16.549999237060547,16.549999237060547,20892,0.0,0.0,0.0
2024-07-15 04:05:00+00:00,16.549999237060547,16.549999237060547,16.549999237060547,16.549999237060547,1000,0.0,0.0,0.0
2024-07-15 04:10:00+00:00,16.540000915527344,16.549999237060547,16.540000915527344,16.549999237060547,8140,0.0,0.0,0.0
2024-07-15 04:15:00+00:00,16.549999237060547,16.549999237060547,16.540000915527344,16.540000915527344,13018,0.0,0.0,0.0
2024-07-15 04:20:00+00:00,16.540000915527344,16.540000915527344,16.540000915527344,16.540000915527344,1166,0.0,0.0,0.0
2024-07-15 04:25:00+00:00,16.549999237060547,16.549999237060547,16.549999237060547,16.549999237060547,1125,0.0,0.0,0.0
2024-07-15 04:30:00+00:00,16.549999237060547,16.559999465942383,16.549999237060547,16.559999465942383,5456,0.0,0.0,0.0
2024-07-15 04:35:00+00:00,16.559999465942383,16.559999465942383,16.559999465942383,16.559999465942383,8030,0.0,0.0,0.0
2024-07-15 04:40:00+00:00,16.559999465942383,16.559999465942383,16.559999465942383,16.559999465942383,1000,0.0,0.0,0.0
2024-07-15 04:45:00+00:00,16.559999465942383,16.559999465942383,16.549999237060547,16.559999465942383,8265,0.0,0.0,0.0
2024-07-15 04:50:00+00:00,16.559999465942383,16.559999465942383,16.549999237060547,16.549999237060547,18430,0.0,0.0,0.0
2024-07-15 04:55:00+00:00,16.549999237060547,16.549999237060547,16.549999237060547,16.549999237060547,1625,0.0,0.0,0.0
2024-07-15 05:00:00+00:00,16.549999237060547,16.549999237060547,16.549999237060547,16.549999237060547,1591,0.0,0.0,0.0
2024-07-15 05:05:00+00:00,16.549999237060547,16.549999237060547,16.549999237060547,16.549999237060547,1250,0.0,0.0,0.0
2024-07-16 01:00:00+00:00,16.56999969482422,16.600000381469727,16.56999969482422,16.600000381469727,0,0.0,0.0,0.0
2024-07-16 01:05:00+00:00,16.600000381469727,16.610000610351562,16.600000381469727,16.610000610351562,16000,0.0,0.0,0.0
2024-07-16 01:10:00+00:00,16.59000015258789,16.600000381469727,16.56999969482422,16.56999969482422,71448,0.0,0.0,0.0
2024-07-16 01:15:00+00:00,16.559999465942383,16.559999465942383,16.549999237060547,16.549999237060547,7333,0.0,0.0,0.0
2024-07-16 01:20:00+00:00,16.559999465942383,16.579999923706055,16.559999465942383,16.579999923706055,13000,0.0,0.0,0.0
2024-07-16 01:25:00+00:00,16.579999923706055,16.579999923706055,16.56999969482422,16.56999969482422,2239,0.0,0.0,0.0
2024-07-16 01:30:00+00:00,16.579999923706055,16.579999923706055,16.579999923706055,16.579999923706055,10151,0.0,0.0,0.0
2024-07-16 01:35:00+00:00,16.579999923706055,16.579999923706055,16.579999923706055,16.579999923706055,1000,0.0,0.0,0.0
2024-07-16 01:40:00+00:00,16.56999969482422,16.56999969482422,16.549999237060547,16.549999237060547,30939,0.0,0.0,0.0
2024-07-16 01:45:00+00:00,16.549999237060547,16.559999465942383,16.530000686645508,16.559999465942383,5251,0.0,0.0,0.0
2024-07-16 01:50:00+00:00,16.559999465942383,16.559999465942383,16.549999237060547,16.549999237060547,10200,0.0,0.0,0.0
2024-07-16 01:55:00+00:00,16.540000915527344,16.559999465942383,16.540000915527344,16.559999465942383,188000,0.0,0.0,0.0
2024-07-16 02:00:00+00:00,16.56999969482422,16.579999923706055,16.56999969482422,16.579999923706055,211522,0.0,0.0,0.0
2024-07-16 02:05:00+00:00,16.559999465942383,16.559999465942383,16.559999465942383,16.559999465942383,2252,0.0,0.0,0.0
2024-07-16 02:15:00+00:00,16.56999969482422,16.56999969482422,16.540000915527344,16.559999465942383,251100,0.0,0.0,0.0
2024-07-16 02:20:00+00:00,16.559999465942383,16.56999969482422,16.559999465942383,16.559999465942383,28001,0.0,0.0,0.0
2024-07-16 02:25:00+00:00,16.56999969482422,16.56999969482422,16.56999969482422,16.56999969482422,1284,0.0,0.0,0.0
2024-07-16 02:30:00+00:00,16.56999969482422,16.56999969482422,16.56999969482422,16.56999969482422,4000,0.0,0.0,0.0
2024-07-16 02:35:00+00:00,16.56999969482422,16.56999969482422,16.56999969482422,16.56999969482422,13252,0.0,0.0,0.0
2024-07-16 02:40:00+00:00,16.56999969482422,16.56999969482422,16.559999465942383,16.559999465942383,9000,0.0,0.0,0.0
2024-07-16 02:45:00+00:00,16.56999969482422,16.56999969482422,16.559999465942383,16.559999465942383,6666,0.0,0.0,0.0
2024-07-16 02:50:00+00:00,16.559999465942383,16.559999465942383,16.559999465942383,16.559999465942383,20120,0.0,0.0,0.0
2024-07-16 02:55:00+00:00,16.559999465942383,16.56999969482422,16.559999465942383,16.56999969482422,56203,0.0,0.0,0.0
2024-07-16 03:00:00+00:00,16.56999969482422,16.56999969482422,16.56999969482422,16.56999969482422,8100,0.0,0.0,0.0
2024-07-16 03:05:00+00:00,16.559999465942383,16.559999465942383,16.559999465942383,16.559999465942383,3018,0.0,0.0,0.0
2024-07-16 03:15:00+00:00,16.559999465942383,16.559999465942383,16.549999237060547,16.559999465942383,603241,0.0,0.0,0.0
2024-07-16 03:20:00+00:00,16.559999465942383,16.559999465942383,16.559999465942383,16.559999465942383,10161,0.0,0.0,0.0
2024-07-16 03:25:00+00:00,16.549999237060547,16.549999237060547,16.549999237060547,16.549999237060547,4150,0.0,0.0,0.0
2024-07-16 03:30:00+00:00,16.559999465942383,16.559999465942383,16.549999237060547,16.559999465942383,0,0.0,0.0,0.0
2024-07-16 03:35:00+00:00,16.549999237060547,16.549999237060547,16.540000915527344,16.540000915527344,1711271,0.0,0.0,0.0
2024-07-16 03:40:00+00:00,16.540000915527344,16.540000915527344,16.540000915527344,16.540000915527344,67000,0.0,0.0,0.0
2024-07-16 03:45:00+00:00,16.549999237060547,16.549999237060547,16.549999237060547,16.549999237060547,2000,0.0,0.0,0.0
2024-07-16 03:50:00+00:00,16.540000915527344,16.540000915527344,16.530000686645508,16.530000686645508,16349,0.0,0.0,0.0
2024-07-16 03:55:00+00:00,16.530000686645508,16.530000686645508,16.530000686645508,16.530000686645508,92526,0.0,0.0,0.0
2024-07-16 04:00:00+00:00,16.530000686645508,16.530000686645508,16.530000686645508,16.530000686645508,2042,0.0,0.0,0.0
2024-07-16 04:05:00+00:00,16.530000686645508,16.530000686645508,16.530000686645508,16.530000686645508,3100,0.0,0.0,0.0
2024-07-16 04:10:00+00:00,16.530000686645508,16.530000686645508,16.530000686645508,16.530000686645508,2601,0.0,0.0,0.0
2024-07-16 04:15:00+00:00,16.530000686645508,16.530000686645508,16.530000686645508,16.530000686645508,1721,0.0,0.0,0.0
2024-07-16 04:30:00+00:00,16.530000686645508,16.530000686645508,16.530000686645508,16.530000686645508,13260,0.0,0.0,0.0
2024-07-16 04:35:00+00:00,16.520000457763672,16.520000457763672,16.520000457763672,16.520000457763672,7058,0.0,0.0,0.0
2024-07-16 04:40:00+00:00,16.530000686645508,16.530000686645508,16.530000686645508,16.530000686645508,1469,0.0,0.0,0.0
2024-07-16 04:50:00+00:00,16.530000686645508,16.530000686645508,16.520000457763672,16.520000457763672,5088,0.0,0.0,0.0
2024-07-16 04:55:00+00:00,16.530000686645508,16.530000686645508,16.520000457763672,16.520000457763672,57228,0.0,0.0,0.0
2024-07-16 05:05:00+00:00,16.520000457763672,16.520000457763672,16.520000457763672,16.520000457763672,58458,0.0,0.0,0.0
2024-07-16 05:10:00+00:00,16.520000457763672,16.520000457763672,16.520000457763672,16.520000457763672,6378,0.0,0.0,0.0
2024-07-16 05:15:00+00:00,16.520000457763672,16.520000457763672,16.520000457763672,16.520000457763672,6274,0.0,0.0,0.0
2024-07-16 05:20:00+00:00,16.520000457763672,16.520000457763672,16.510000228881836,16.520000457763672,51946,0.0,0.0,0.0
2024-07-17 01:00:00+00:00,16.579999923706055,16.579999923706055,16.549999237060547,16.549999237060547,0,0.0,0.0,0.0
2024-07-17 01:05:00+00:00,16.540000915527344,16.540000915527344,16.530000686645508,16.540000915527344,125364,0.0,0.0,0.0
2024-07-17 01:10:00+00:00,16.540000915527344,16.549999237060547,16.520000457763672,16.549999237060547,98361,0.0,0.0,0.0
2024-07-17 01:15:00+00:00,16.540000915527344,16.56999969482422,16.540000915527344,16.56999969482422,337266,0.0,0.0,0.0
2024-07-17 01:20:00+00:00,16.56999969482422,16.56999969482422,16.559999465942383,16.56999969482422,54204,0.0,0.0,0.0
2024-07-17 01:25:00+00:00,16.56999969482422,16.56999969482422,16.559999465942383,16.559999465942383,103350,0.0,0.0,0.0
2024-07-17 01:30:00+00:00,16.549999237060547,16.559999465942383,16.549999237060547,16.549999237060547,154539,0.0,0.0,0.0
2024-07-17 01:35:00+00:00,16.549999237060547,16.559999465942383,16.549999237060547,16.559999465942383,128236,0.0,0.0,0.0
2024-07-17 01:40:00+00:00,16.56999969482422,16.56999969482422,16.56999969482422,16.56999969482422,3173,0.0,0.0,0.0
2024-07-17 01:45:00+00:00,16.56999969482422,16.579999923706055,16.56999969482422,16.56999969482422,15480,0.0,0.0,0.0
2024-07-17 01:55:00+00:00,16.56999969482422,16.579999923706055,16.56999969482422,16.579999923706055,11133,0.0,0.0,0.0
2024-07-17 02:00:00+00:00,16.56999969482422,16.56999969482422,16.559999465942383,16.559999465942383,96874,0.0,0.0,0.0
2024-07-17 02:05:00+00:00,16.559999465942383,16.579999923706055,16.559999465942383,16.579999923706055,34000,0.0,0.0,0.0
2024-07-17 02:10:00+00:00,16.59000015258789,16.59000015258789,16.59000015258789,16.59000015258789,3460,0.0,0.0,0.0
2024-07-17 02:15:00+00:00,16.59000015258789,16.59000015258789,16.59000015258789,16.59000015258789,13163,0.0,0.0,0.0
2024-07-17 02:25:00+00:00,16.59000015258789,16.59000015258789,16.59000015258789,16.59000015258789,5325,0.0,0.0,0.0
2024-07-17 02:40:00+00:00,16.600000381469727,16.6200008392334,16.600000381469727,16.6200008392334,43253,0.0,0.0,0.0
2024-07-17 02:45:00+00:00,16.6200008392334,16.6299991607666,16.6200008392334,16.6299991607666,67860,0.0,0.0,0.0
2024-07-17 02:50:00+00:00,16.610000610351562,16.610000610351562,16.610000610351562,16.610000610351562,142115,0.0,0.0,0.0
2024-07-17 02:55:00+00:00,16.610000610351562,16.6200008392334,16.610000610351562,16.6200008392334,43247,0.0,0.0,0.0
2024-07-17 03:00:00+00:00,16.6200008392334,16.6200008392334,16.6200008392334,16.6200008392334,51125,0.0,0.0,0.0
2024-07-17 03:05:00+00:00,16.610000610351562,16.610000610351562,16.610000610351562,16.610000610351562,60602,0.0,0.0,0.0
2024-07-17 03:10:00+00:00,16.610000610351562,16.610000610351562,16.610000610351562,16.610000610351562,8210,0.0,0.0,0.0
2024-07-17 03:15:00+00:00,16.600000381469727,16.600000381469727,16.59000015258789,16.600000381469727,24068,0.0,0.0,0.0
2024-07-17 03:20:00+00:00,16.600000381469727,16.600000381469727,16.600000381469727,16.600000381469727,63639,0.0,0.0,0.0
2024-07-17 03:25:00+00:00,16.600000381469727,16.600000381469727,16.600000381469727,16.600000381469727,2040,0.0,0.0,0.0
2024-07-17 03:30:00+00:00,16.59000015258789,16.59000015258789,16.59000015258789,16.59000015258789,1020,0.0,0.0,0.0
2024-07-17 03:35:00+00:00,16.59000015258789,16.59000015258789,16.59000015258789,16.59000015258789,3000,0.0,0.0,0.0
2024-07-17 03:40:00+00:00,16.59000015258789,16.59000015258789,16.59000015258789,16.59000015258789,28300,0.0,0.0,0.0
2024-07-17 03:45:00+00:00,16.579999923706055,16.579999923706055,16.56999969482422,16.56999969482422,32964,0.0,0.0,0.0
2024-07-17 03:55:00+00:00,16.56999969482422,16.56999969482422,16.559999465942383,16.559999465942383,21150,0.0,0.0,0.0
2024-07-17 04:00:00+00:00,16.56999969482422,16.56999969482422,16.56999969482422,16.56999969482422,10075,0.0,0.0,0.0
2024-07-17 04:05:00+00:00,16.579999923706055,16.579999923706055,16.579999923706055,16.579999923706055,4100,0.0,0.0,0.0
2024-07-17 04:10:00+00:00,16.56999969482422,16.56999969482422,16.56999969482422,16.56999969482422,7321,0.0,0.0,0.0
2024-07-17 04:15:00+00:00,16.559999465942383,16.559999465942383,16.549999237060547,16.549999237060547,18067,0.0,0.0,0.0
2024-07-17 04:20:00+00:00,16.559999465942383,16.559999465942383,16.559999465942383,16.559999465942383,18088,0.0,0.0,0.0
2024-07-17 04:25:00+00:00,16.559999465942383,16.559999465942383,16.559999465942383,16.559999465942383,1039,0.0,0.0,0.0
2024-07-17 04:30:00+00:00,16.56999969482422,16.56999969482422,16.56999969482422,16.56999969482422,3000,0.0,0.0,0.0
2024-07-17 04:35:00+00:00,16.559999465942383,16.559999465942383,16.549999237060547,16.549999237060547,45939,0.0,0.0,0.0
2024-07-17 04:40:00+00:00,16.549999237060547,16.549999237060547,16.549999237060547,16.549999237060547,5367,0.0,0.0,0.0
2024-07-17 04:45:00+00:00,16.549999237060547,16.549999237060547,16.549999237060547,16.549999237060547,1000,0.0,0.0,0.0
2024-07-17 04:50:00+00:00,16.549999237060547,16.549999237060547,16.549999237060547,16.549999237060547,6170,0.0,0.0,0.0
2024-07-17 04:55:00+00:00,16.549999237060547,16.549999237060547,16.549999237060547,16.549999237060547,11030,0.0,0.0,0.0
2024-07-17 05:00:00+00:00,16.549999237060547,16.549999237060547,16.540000915527344,16.540000915527344,66150,0.0,0.0,0.0
2024-07-17 05:05:00+00:00,16.530000686645508,16.530000686645508,16.530000686645508,16.530000686645508,28142,0.0,0.0,0.0
2024-07-17 05:10:00+00:00,16.530000686645508,16.530000686645508,16.510000228881836,16.520000457763672,54079,0.0,0.0,0.0
2024-07-18 01:00:00+00:00,16.5,16.5,16.469999313354492,16.479999542236328,0,0.0,0.0,0.0
2024-07-18 01:05:00+00:00,16.459999084472656,16.520000457763672,16.459999084472656,16.520000457763672,660000,0.0,0.0,0.0
2024-07-18 01:10:00+00:00,16.520000457763672,16.520000457763672,16.510000228881836,16.510000228881836,36868,0.0,0.0,0.0
2024-07-18 01:15:00+00:00,16.5,16.540000915527344,16.5,16.540000915527344,58144,0.0,0.0,0.0
2024-07-18 01:20:00+00:00,16.540000915527344,16.559999465942383,16.540000915527344,16.549999237060547,41552,0.0,0.0,0.0
2024-07-18 01:25:00+00:00,16.549999237060547,16.600000381469727,16.549999237060547,16.59000015258789,183010,0.0,0.0,0.0
2024-07-18 01:30:00+00:00,16.59000015258789,16.600000381469727,16.579999923706055,16.59000015258789,21978,0.0,0.0,0.0
2024-07-18 01:35:00+00:00,16.59000015258789,16.59000015258789,16.549999237060547,16.549999237060547,49777,0.0,0.0,0.0
2024-07-18 01:40:00+00:00,16.559999465942383,16.559999465942383,16.549999237060547,16.559999465942383,103568,0.0,0.0,0.0
2024-07-18 01:45:00+00:00,16.559999465942383,16.600000381469727,16.559999465942383,16.600000381469727,230032,0.0,0.0,0.0
2024-07-18 01:50:00+00:00,16.600000381469727,16.610000610351562,16.600000381469727,16.610000610351562,48000,0.0,0.0,0.0
2024-07-18 01:55:00+00:00,16.600000381469727,16.610000610351562,16.600000381469727,16.600000381469727,22733,0.0,0.0,0.0
2024-07-18 02:00:00+00:00,16.600000381469727,16.600000381469727,16.600000381469727,16.600000381469727,8300,0.0,0.0,0.0
2024-07-18 02:05:00+00:00,16.600000381469727,16.65999984741211,16.600000381469727,16.65999984741211,182891,0.0,0.0,0.0
2024-07-18 02:10:00+00:00,16.65999984741211,16.65999984741211,16.639999389648438,16.639999389648438,20100,0.0,0.0,0.0
2024-07-18 02:15:00+00:00,16.6299991607666,16.6299991607666,16.600000381469727,16.600000381469727,120610,0.0,0.0,0.0
2024-07-18 02:20:00+00:00,16.600000381469727,16.600000381469727,16.59000015258789,16.59000015258789,83074,0.0,0.0,0.0
2024-07-18 02:25:00+00:00,16.59000015258789,16.59000015258789,16.579999923706055,16.579999923706055,22614,0.0,0.0,0.0
2024-07-18 02:30:00+00:00,16.56999969482422,16.56999969482422,16.559999465942383,16.559999465942383,156781,0.0,0.0,0.0
2024-07-18 02:35:00+00:00,16.559999465942383,16.56999969482422,16.559999465942383,16.56999969482422,5015,0.0,0.0,0.0
2024-07-18 02:40:00+00:00,16.559999465942383,16.56999969482422,16.549999237060547,16.56999969482422,57800,0.0,0.0,0.0
2024-07-18 02:45:00+00:00,16.559999465942383,16.579999923706055,16.559999465942383,16.579999923706055,31290,0.0,0.0,0.0
2024-07-18 02:50:00+00:00,16.579999923706055,16.59000015258789,16.579999923706055,16.59000015258789,37699,0.0,0.0,0.0
2024-07-18 02:55:00+00:00,16.59000015258789,16.59000015258789,16.59000015258789,16.59000015258789,26010,0.0,0.0,0.0
2024-07-18 03:00:00+00:00,16.579999923706055,16.579999923706055,16.579999923706055,16.579999923706055,3010,0.0,0.0,0.0
2024-07-18 03:05:00+00:00,16.56999969482422,16.579999923706055,16.56999969482422,16.579999923706055,5010,0.0,0.0,0.0
2024-07-18 03:10:00+00:00,16.56999969482422,16.56999969482422,16.549999237060547,16.549999237060547,2934,0.0,0.0,0.0
2024-07-18 03:15:00+00:00,16.549999237060547,16.559999465942383,16.549999237060547,16.559999465942383,11826,0.0,0.0,0.0
2024-07-18 03:20:00+00:00,16.549999237060547,16.549999237060547,16.549999237060547,16.549999237060547,1500,0.0,0.0,0.0
2024-07-18 03:25:00+00:00,16.549999237060547,16.549999237060547,16.549999237060547,16.549999237060547,35180,0.0,0.0,0.0
2024-07-18 03:35:00+00:00,16.549999237060547,16.549999237060547,16.540000915527344,16.540000915527344,44000,0.0,0.0,0.0
2024-07-18 03:40:00+00:00,16.540000915527344,16.540000915527344,16.540000915527344,16.540000915527344,6000,0.0,0.0,0.0
2024-07-18 03:45:00+00:00,16.540000915527344,16.559999465942383,16.540000915527344,16.559999465942383,352970,0.0,0.0,0.0
2024-07-18 03:50:00+00:00,16.56999969482422,16.56999969482422,16.56999969482422,16.56999969482422,1000,0.0,0.0,0.0
2024-07-18 03:55:00+00:00,16.559999465942383,16.56999969482422,16.559999465942383,16.56999969482422,77001,0.0,0.0,0.0
2024-07-18 04:00:00+00:00,16.559999465942383,16.559999465942383,16.559999465942383,16.559999465942383,9241,0.0,0.0,0.0
2024-07-18 04:05:00+00:00,16.559999465942383,16.56999969482422,16.559999465942383,16.559999465942383,32000,0.0,0.0,0.0
2024-07-18 04:10:00+00:00,16.559999465942383,16.59000015258789,16.559999465942383,16.579999923706055,139164,0.0,0.0,0.0
2024-07-18 04:15:00+00:00,16.579999923706055,16.579999923706055,16.56999969482422,16.56999969482422,2316,0.0,0.0,0.0
2024-07-18 04:20:00+00:00,16.56999969482422,16.56999969482422,16.56999969482422,16.56999969482422,2620,0.0,0.0,0.0
2024-07-18 04:25:00+00:00,16.559999465942383,16.559999465942383,16.559999465942383,16.559999465942383,21000,0.0,0.0,0.0
2024-07-18 04:30:00+00:00,16.56999969482422,16.56999969482422,16.559999465942383,16.559999465942383,40000,0.0,0.0,0.0
2024-07-18 04:35:00+00:00,16.56999969482422,16.56999969482422,16.56999969482422,16.56999969482422,2153,0.0,0.0,0.0
2024-07-18 04:40:00+00:00,16.56999969482422,16.56999969482422,16.56999969482422,16.56999969482422,2000,0.0,0.0,0.0
2024-07-18 04:45:00+00:00,16.56999969482422,16.579999923706055,16.56999969482422,16.579999923706055,37001,0.0,0.0,0.0
2024-07-18 04:50:00+00:00,16.56999969482422,16.579999923706055,16.56999969482422,16.579999923706055,34015,0.0,0.0,0.0
2024-07-18 04:55:00+00:00,16.579999923706055,16.579999923706055,16.56999969482422,16.56999969482422,25522,0.0,0.0,0.0
2024-07-18 05:00:00+00:00,16.56999969482422,16.579999923706055,16.56999969482422,16.579999923706055,7514,0.0,0.0,0.0
2024-07-18 05:05:00+00:00,16.579999923706055,16.59000015258789,16.579999923706055,16.579999923706055,14120,0.0,0.0,0.0
2024-07-18 05:10:00+00:00,16.579999923706055,16.59000015258789,16.579999923706055,16.59000015258789,24180,0.0,0.0,0.0
2024-07-18 05:15:00+00:00,16.579999923706055,16.59000015258789,16.579999923706055,16.579999923706055,9920,0.0,0.0,0.0
2024-07-18 05:20:00+00:00,16.579999923706055,16.59000015258789,16.579999923706055,16.59000015258789,50005,0.0,0.0,0.0
2024-07-19 01:00:00+00:00,16.479999542236328,16.479999542236328,16.43000030517578,16.43000030517578,0,0.0,0.0,0.0
2024-07-19 01:05:00+00:00,16.420000076293945,16.420000076293945,16.40999984741211,16.420000076293945,85361,0.0,0.0,0.0
2024-07-19 01:10:00+00:00,16.440000534057617,16.469999313354492,16.420000076293945,16.420000076293945,133860,0.0,0.0,0.0
2024-07-19 01:15:00+00:00,16.420000076293945,16.43000030517578,16.389999389648438,16.389999389648438,195635,0.0,0.0,0.0
2024-07-19 01:20:00+00:00,16.389999389648438,16.420000076293945,16.3799991607666,16.420000076293945,136267,0.0,0.0,0.0
2024-07-19 01:25:00+00:00,16.420000076293945,16.440000534057617,16.420000076293945,16.43000030517578,127838,0.0,0.0,0.0
2024-07-19 01:30:00+00:00,16.459999084472656,16.459999084472656,16.420000076293945,16.420000076293945,46651,0.0,0.0,0.0
2024-07-19 01:35:00+00:00,16.440000534057617,16.440000534057617,16.43000030517578,16.43000030517578,5462,0.0,0.0,0.0
2024-07-19 01:40:00+00:00,16.440000534057617,16.440000534057617,16.40999984741211,16.40999984741211,46698,0.0,0.0,0.0
2024-07-19 01:45:00+00:00,16.40999984741211,16.40999984741211,16.3700008392334,16.3700008392334,307203,0.0,0.0,0.0
2024-07-19 01:50:00+00:00,16.360000610351562,16.3700008392334,16.34000015258789,16.34000015258789,141245,0.0,0.0,0.0
2024-07-19 01:55:00+00:00,16.34000015258789,16.34000015258789,16.299999237060547,16.299999237060547,98449,0.0,0.0,0.0
2024-07-19 02:00:00+00:00,16.31999969482422,16.31999969482422,16.290000915527344,16.309999465942383,252443,0.0,0.0,0.0
2024-07-19 02:05:00+00:00,16.309999465942383,16.329999923706055,16.309999465942383,16.31999969482422,180319,0.0,0.0,0.0
2024-07-19 02:10:00+00:00,16.31999969482422,16.31999969482422,16.299999237060547,16.299999237060547,40129,0.0,0.0,0.0
2024-07-19 02:15:00+00:00,16.299999237060547,16.299999237060547,16.280000686645508,16.290000915527344,45199,0.0,0.0,0.0
2024-07-19 02:20:00+00:00,16.290000915527344,16.290000915527344,16.25,16.25,236398,0.0,0.0,0.0
2024-07-19 02:25:00+00:00,16.25,16.25,16.239999771118164,16.25,45000,0.0,0.0,0.0
2024-07-19 02:30:00+00:00,16.25,16.280000686645508,16.25,16.280000686645508,60011,0.0,0.0,0.0
2024-07-19 02:35:00+00:00,16.280000686645508,16.31999969482422,16.280000686645508,16.31999969482422,25155,0.0,0.0,0.0
2024-07-19 02:40:00+00:00,16.309999465942383,16.329999923706055,16.309999465942383,16.329999923706055,220000,0.0,0.0,0.0
2024-07-19 02:45:00+00:00,16.350000381469727,16.3700008392334,16.350000381469727,16.3700008392334,44285,0.0,0.0,0.0
2024-07-19 02:50:00+00:00,16.350000381469727,16.360000610351562,16.350000381469727,16.350000381469727,81210,0.0,0.0,0.0
2024-07-19 02:55:00+00:00,16.350000381469727,16.350000381469727,16.34000015258789,16.34000015258789,74773,0.0,0.0,0.0
2024-07-19 03:00:00+00:00,16.34000015258789,16.34000015258789,16.329999923706055,16.34000015258789,27386,0.0,0.0,0.0
2024-07-19 03:10:00+00:00,16.329999923706055,16.329999923706055,16.31999969482422,16.329999923706055,14472,0.0,0.0,0.0
2024-07-19 03:15:00+00:00,16.329999923706055,16.329999923706055,16.31999969482422,16.31999969482422,16340,0.0,0.0,0.0
2024-07-19 03:20:00+00:00,16.329999923706055,16.329999923706055,16.31999969482422,16.31999969482422,4000,0.0,0.0,0.0
2024-07-19 03:25:00+00:00,16.329999923706055,16.329999923706055,16.31999969482422,16.31999969482422,6000,0.0,0.0,0.0
2024-07-19 03:30:00+00:00,16.31999969482422,16.31999969482422,16.31999969482422,16.31999969482422,5000,0.0,0.0,0.0
2024-07-19 03:35:00+00:00,16.329999923706055,16.329999923706055,16.329999923706055,16.329999923706055,15640,0.0,0.0,0.0
2024-07-19 03:40:00+00:00,16.329999923706055,16.34000015258789,16.329999923706055,16.34000015258789,11100,0.0,0.0,0.0
2024-07-19 03:45:00+00:00,16.34000015258789,16.34000015258789,16.329999923706055,16.329999923706055,22118,0.0,0.0,0.0
2024-07-19 03:50:00+00:00,16.329999923706055,16.34000015258789,16.329999923706055,16.34000015258789,24088,0.0,0.0,0.0
2024-07-19 03:55:00+00:00,16.350000381469727,16.350000381469727,16.350000381469727,16.350000381469727,7792,0.0,0.0,0.0
2024-07-19 04:00:00+00:00,16.350000381469727,16.350000381469727,16.350000381469727,16.350000381469727,3100,0.0,0.0,0.0
2024-07-19 04:05:00+00:00,16.350000381469727,16.360000610351562,16.350000381469727,16.360000610351562,9044,0.0,0.0,0.0
2024-07-19 04:10:00+00:00,16.3799991607666,16.3799991607666,16.3700008392334,16.3700008392334,5306,0.0,0.0,0.0
2024-07-19 04:15:00+00:00,16.3700008392334,16.3700008392334,16.360000610351562,16.360000610351562,19013,0.0,0.0,0.0
2024-07-19 04:20:00+00:00,16.3700008392334,16.3700008392334,16.3700008392334,16.3700008392334,3115,0.0,0.0,0.0
2024-07-19 04:25:00+00:00,16.3700008392334,16.3700008392334,16.3700008392334,16.3700008392334,3029,0.0,0.0,0.0
2024-07-19 04:30:00+00:00,16.3700008392334,16.3700008392334,16.350000381469727,16.350000381469727,5170,0.0,0.0,0.0
2024-07-19 04:35:00+00:00,16.360000610351562,16.3700008392334,16.360000610351562,16.3700008392334,12375,0.0,0.0,0.0
2024-07-19 04:40:00+00:00,16.3700008392334,16.3799991607666,16.3700008392334,16.3700008392334,46100,0.0,0.0,0.0
2024-07-19 04:45:00+00:00,16.3700008392334,16.3799991607666,16.360000610351562,16.3799991607666,11494,0.0,0.0,0.0
2024-07-19 04:50:00+00:00,16.3700008392334,16.3799991607666,16.360000610351562,16.3799991607666,12461,0.0,0.0,0.0
2024-07-19 04:55:00+00:00,16.3700008392334,16.3700008392334,16.360000610351562,16.360000610351562,106061,0.0,0.0,0.0
2024-07-19 05:00:00+00:00,16.3700008392334,16.3700008392334,16.360000610351562,16.3700008392334,8672,0.0,0.0,0.0
2024-07-19 05:05:00+00:00,16.3700008392334,16.3700008392334,16.34000015258789,16.34000015258789,13302,0.0,0.0,0.0
2024-07-19 05:10:00+00:00,16.350000381469727,16.360000610351562,16.350000381469727,16.360000610351562,37440,0.0,0.0,0.0
2024-07-22 01:00:00+00:00,16.3700008392334,16.3700008392334,16.299999237060547,16.299999237060547,0,0.0,0.0,0.0
2024-07-22 01:05:00+00:00,16.299999237060547,16.309999465942383,16.260000228881836,16.260000228881836,121965,0.0,0.0,0.0
2024-07-22 01:10:00+00:00,16.260000228881836,16.270000457763672,16.229999542236328,16.25,285079,0.0,0.0,0.0
2024-07-22 01:15:00+00:00,16.229999542236328,16.239999771118164,16.209999084472656,16.239999771118164,476152,0.0,0.0,0.0
2024-07-22 01:20:00+00:00,16.239999771118164,16.239999771118164,16.200000762939453,16.209999084472656,111067,0.0,0.0,0.0
2024-07-22 01:25:00+00:00,16.200000762939453,16.200000762939453,16.170000076293945,16.170000076293945,271807,0.0,0.0,0.0
2024-07-22 01:30:00+00:00,16.15999984741211,16.15999984741211,16.1200008392334,16.1299991607666,189866,0.0,0.0,0.0
2024-07-22 01:35:00+00:00,16.1299991607666,16.139999389648438,16.110000610351562,16.110000610351562,119663,0.0,0.0,0.0
2024-07-22 01:40:00+00:00,16.110000610351562,16.139999389648438,16.110000610351562,16.139999389648438,80840,0.0,0.0,0.0
2024-07-22 01:45:00+00:00,16.139999389648438,16.139999389648438,16.09000015258789,16.09000015258789,318650,0.0,0.0,0.0
2024-07-22 01:50:00+00:00,16.09000015258789,16.09000015258789,16.06999969482422,16.06999969482422,94223,0.0,0.0,0.0
2024-07-22 01:55:00+00:00,16.059999465942383,16.06999969482422,16.040000915527344,16.059999465942383,157220,0.0,0.0,0.0
2024-07-22 02:00:00+00:00,16.059999465942383,16.059999465942383,16.030000686645508,16.049999237060547,68500,0.0,0.0,0.0
2024-07-22 02:05:00+00:00,16.049999237060547,16.079999923706055,16.049999237060547,16.079999923706055,23735,0.0,0.0,0.0
2024-07-22 02:10:00+00:00,16.06999969482422,16.09000015258789,16.059999465942383,16.09000015258789,432514,0.0,0.0,0.0
2024-07-22 02:15:00+00:00,16.100000381469727,16.100000381469727,16.079999923706055,16.079999923706055,29063,0.0,0.0,0.0
2024-07-22 02:20:00+00:00,16.100000381469727,16.100000381469727,16.059999465942383,16.059999465942383,31075,0.0,0.0,0.0
2024-07-22 02:25:00+00:00,16.059999465942383,16.059999465942383,16.030000686645508,16.040000915527344,63600,0.0,0.0,0.0
2024-07-22 02:30:00+00:00,16.040000915527344,16.049999237060547,16.030000686645508,16.049999237060547,57277,0.0,0.0,0.0
2024-07-22 02:35:00+00:00,16.059999465942383,16.09000015258789,16.059999465942383,16.09000015258789,143258,0.0,0.0,0.0
2024-07-22 02:40:00+00:00,16.079999923706055,16.100000381469727,16.059999465942383,16.059999465942383,39251,0.0,0.0,0.0
2024-07-22 02:45:00+00:00,16.06999969482422,16.06999969482422,16.06999969482422,16.06999969482422,23400,0.0,0.0,0.0
2024-07-22 02:50:00+00:00,16.100000381469727,16.100000381469727,16.100000381469727,16.100000381469727,2730,0.0,0.0,0.0
2024-07-22 02:55:00+00:00,16.100000381469727,16.100000381469727,16.100000381469727,16.100000381469727,2380,0.0,0.0,0.0
2024-07-22 03:00:00+00:00,16.06999969482422,16.110000610351562,16.06999969482422,16.110000610351562,38212,0.0,0.0,0.0
2024-07-22 03:05:00+00:00,16.1200008392334,16.139999389648438,16.1200008392334,16.139999389648438,17780,0.0,0.0,0.0
2024-07-22 03:10:00+00:00,16.139999389648438,16.139999389648438,16.1299991607666,16.1299991607666,10120,0.0,0.0,0.0
2024-07-22 03:15:00+00:00,16.1299991607666,16.139999389648438,16.1299991607666,16.139999389648438,10369,0.0,0.0,0.0
2024-07-22 03:20:00+00:00,16.149999618530273,16.149999618530273,16.1299991607666,16.1299991607666,21015,0.0,0.0,0.0
2024-07-22 03:25:00+00:00,16.1299991607666,16.1299991607666,16.1299991607666,16.1299991607666,3933,0.0,0.0,0.0
2024-07-22 03:30:00+00:00,16.1299991607666,16.1299991607666,16.1299991607666,16.1299991607666,1220,0.0,0.0,0.0
2024-07-22 03:35:00+00:00,16.1299991607666,16.1299991607666,16.1200008392334,16.1200008392334,13100,0.0,0.0,0.0
2024-07-22 03:40:00+00:00,16.1200008392334,16.1200008392334,16.110000610351562,16.110000610351562,11030,0.0,0.0,0.0
2024-07-22 03:45:00+00:00,16.100000381469727,16.110000610351562,16.09000015258789,16.110000610351562,64404,0.0,0.0,0.0
2024-07-22 03:50:00+00:00,16.1200008392334,16.1200008392334,16.110000610351562,16.110000610351562,5206,0.0,0.0,0.0
2024-07-22 03:55:00+00:00,16.110000610351562,16.110000610351562,16.100000381469727,16.100000381469727,4102,0.0,0.0,0.0
2024-07-22 04:00:00+00:00,16.100000381469727,16.100000381469727,16.09000015258789,16.09000015258789,35083,0.0,0.0,0.0
2024-07-22 04:10:00+00:00,16.100000381469727,16.100000381469727,16.09000015258789,16.100000381469727,17726,0.0,0.0,0.0
2024-07-22 04:15:00+00:00,16.1200008392334,16.139999389648438,16.1200008392334,16.1299991607666,48540,0.0,0.0,0.0
2024-07-22 04:20:00+00:00,16.1200008392334,16.1200008392334,16.100000381469727,16.100000381469727,14100,0.0,0.0,0.0
2024-07-22 04:25:00+00:00,16.100000381469727,16.110000610351562,16.100000381469727,16.110000610351562,18500,0.0,0.0,0.0
2024-07-22 04:30:00+00:00,16.139999389648438,16.139999389648438,16.139999389648438,16.139999389648438,2356,0.0,0.0,0.0
2024-07-22 04:35:00+00:00,16.139999389648438,16.139999389648438,16.1200008392334,16.1299991607666,12000,0.0,0.0,0.0
2024-07-22 04:40:00+00:00,16.1299991607666,16.139999389648438,16.1299991607666,16.1299991607666,11405,0.0,0.0,0.0
2024-07-22 04:45:00+00:00,16.1299991607666,16.1299991607666,16.1299991607666,16.1299991607666,12010,0.0,0.0,0.0
2024-07-22 04:50:00+00:00,16.1299991607666,16.149999618530273,16.1299991607666,16.1299991607666,191882,0.0,0.0,0.0
2024-07-22 04:55:00+00:00,16.15999984741211,16.18000030517578,16.15999984741211,16.15999984741211,8504,0.0,0.0,0.0
2024-07-22 05:00:00+00:00,16.15999984741211,16.15999984741211,16.149999618530273,16.15999984741211,7164,0.0,0.0,0.0
2024-07-22 05:05:00+00:00,16.15999984741211,16.15999984741211,16.139999389648438,16.139999389648438,187773,0.0,0.0,0.0
2024-07-22 05:10:00+00:00,16.149999618530273,16.149999618530273,16.139999389648438,16.149999618530273,13400,0.0,0.0,0.0
2024-07-22 05:15:00+00:00,16.149999618530273,16.15999984741211,16.149999618530273,16.149999618530273,214861,0.0,0.0,0.0
2024-07-22 05:20:00+00:00,16.149999618530273,16.149999618530273,16.1299991607666,16.1299991607666,33806,0.0,0.0,0.0
2024-07-23 01:00:00+00:00,16.200000762939453,16.290000915527344,16.200000762939453,16.270000457763672,0,0.0,0.0,0.0
2024-07-23 01:05:00+00:00,16.270000457763672,16.31999969482422,16.270000457763672,16.309999465942383,43498,0.0,0.0,0.0
2024-07-23 01:10:00+00:00,16.299999237060547,16.309999465942383,16.299999237060547,16.309999465942383,22567,0.0,0.0,0.0
2024-07-23 01:15:00+00:00,16.299999237060547,16.299999237060547,16.290000915527344,16.299999237060547,41549,0.0,0.0,0.0
2024-07-23 01:20:00+00:00,16.299999237060547,16.299999237060547,16.299999237060547,16.299999237060547,15501,0.0,0.0,0.0
2024-07-23 01:25:00+00:00,16.299999237060547,16.309999465942383,16.299999237060547,16.299999237060547,18530,0.0,0.0,0.0
2024-07-23 01:30:00+00:00,16.309999465942383,16.309999465942383,16.290000915527344,16.309999465942383,15099,0.0,0.0,0.0
2024-07-23 01:35:00+00:00,16.299999237060547,16.299999237060547,16.290000915527344,16.290000915527344,27780,0.0,0.0,0.0
2024-07-23 01:40:00+00:00,16.290000915527344,16.290000915527344,16.25,16.270000457763672,354828,0.0,0.0,0.0
2024-07-23 01:45:00+00:00,16.270000457763672,16.280000686645508,16.260000228881836,16.260000228881836,11080,0.0,0.0,0.0
2024-07-23 01:50:00+00:00,16.260000228881836,16.270000457763672,16.260000228881836,16.270000457763672,3000,0.0,0.0,0.0
2024-07-23 01:55:00+00:00,16.290000915527344,16.309999465942383,16.290000915527344,16.309999465942383,73050,0.0,0.0,0.0
2024-07-23 02:00:00+00:00,16.309999465942383,16.31999969482422,16.299999237060547,16.31999969482422,141010,0.0,0.0,0.0
2024-07-23 02:05:00+00:00,16.31999969482422,16.31999969482422,16.31999969482422,16.31999969482422,23658,0.0,0.0,0.0
2024-07-23 02:10:00+00:00,16.329999923706055,16.329999923706055,16.329999923706055,16.329999923706055,2105,0.0,0.0,0.0
2024-07-23 02:15:00+00:00,16.329999923706055,16.329999923706055,16.31999969482422,16.31999969482422,5100,0.0,0.0,0.0
2024-07-23 02:20:00+00:00,16.31999969482422,16.31999969482422,16.31999969482422,16.31999969482422,19035,0.0,0.0,0.0
2024-07-23 02:25:00+00:00,16.329999923706055,16.34000015258789,16.329999923706055,16.34000015258789,15928,0.0,0.0,0.0
2024-07-23 02:30:00+00:00,16.34000015258789,16.350000381469727,16.34000015258789,16.350000381469727,34232,0.0,0.0,0.0
2024-07-23 02:35:00+00:00,16.350000381469727,16.350000381469727,16.350000381469727,16.350000381469727,7200,0.0,0.0,0.0
2024-07-23 02:40:00+00:00,16.350000381469727,16.350000381469727,16.350000381469727,16.350000381469727,4008,0.0,0.0,0.0
2024-07-23 02:45:00+00:00,16.350000381469727,16.350000381469727,16.350000381469727,16.350000381469727,2200,0.0,0.0,0.0
2024-07-23 02:50:00+00:00,16.350000381469727,16.350000381469727,16.350000381469727,16.350000381469727,4030,0.0,0.0,0.0
2024-07-23 02:55:00+00:00,16.350000381469727,16.350000381469727,16.350000381469727,16.350000381469727,3000,0.0,0.0,0.0
2024-07-23 03:00:00+00:00,16.360000610351562,16.360000610351562,16.360000610351562,16.360000610351562,7040,0.0,0.0,0.0
2024-07-23 03:05:00+00:00,16.360000610351562,16.389999389648438,16.360000610351562,16.389999389648438,48160,0.0,0.0,0.0
2024-07-23 03:10:00+00:00,16.389999389648438,16.389999389648438,16.389999389648438,16.389999389648438,1000,0.0,0.0,0.0
2024-07-23 03:15:00+00:00,16.3799991607666,16.389999389648438,16.3700008392334,16.3700008392334,4125,0.0,0.0,0.0
2024-07-23 03:30:00+00:00,16.3700008392334,16.3700008392334,16.360000610351562,16.3700008392334,9083,0.0,0.0,0.0
2024-07-23 03:35:00+00:00,16.3700008392334,16.3700008392334,16.3700008392334,16.3700008392334,3074,0.0,0.0,0.0
2024-07-23 03:40:00+00:00,16.3700008392334,16.3700008392334,16.3700008392334,16.3700008392334,4000,0.0,0.0,0.0
2024-07-23 03:45:00+00:00,16.3700008392334,16.3799991607666,16.360000610351562,16.360000610351562,7030,0.0,0.0,0.0
2024-07-23 03:50:00+00:00,16.3700008392334,16.3700008392334,16.3700008392334,16.3700008392334,2000,0.0,0.0,0.0
2024-07-23 03:55:00+00:00,16.3799991607666,16.3799991607666,16.3700008392334,16.3700008392334,3200,0.0,0.0,0.0
2024-07-23 04:00:00+00:00,16.389999389648438,16.399999618530273,16.389999389648438,16.399999618530273,5953,0.0,0.0,0.0
2024-07-23 04:05:00+00:00,16.389999389648438,16.389999389648438,16.389999389648438,16.389999389648438,1025,0.0,0.0,0.0
2024-07-23 04:10:00+00:00,16.389999389648438,16.389999389648438,16.3799991607666,16.3799991607666,5000,0.0,0.0,0.0
2024-07-23 04:15:00+00:00,16.3799991607666,16.3799991607666,16.3700008392334,16.3799991607666,17281,0.0,0.0,0.0
2024-07-23 04:20:00+00:00,16.3700008392334,16.3700008392334,16.3700008392334,16.3700008392334,5694,0.0,0.0,0.0
2024-07-23 04:35:00+00:00,16.3799991607666,16.3799991607666,16.3799991607666,16.3799991607666,11000,0.0,0.0,0.0
2024-07-23 04:40:00+00:00,16.389999389648438,16.389999389648438,16.389999389648438,16.389999389648438,10040,0.0,0.0,0.0
2024-07-23 04:50:00+00:00,16.3799991607666,16.3799991607666,16.3799991607666,16.3799991607666,7305,0.0,0.0,0.0
2024-07-23 05:00:00+00:00,16.3799991607666,16.3799991607666,16.3799991607666,16.3799991607666,3116,0.0,0.0,0.0
2024-07-23 05:05:00+00:00,16.389999389648438,16.389999389648438,16.389999389648438,16.389999389648438,2668,0.0,0.0,0.0
2024-07-26 01:00:00+00:00,16.09000015258789,16.200000762939453,16.09000015258789,16.1200008392334,0,0.0,0.0,0.0
2024-07-26 01:05:00+00:00,16.1299991607666,16.190000534057617,16.1200008392334,16.190000534057617,91634,0.0,0.0,0.0
2024-07-26 01:10:00+00:00,16.190000534057617,16.219999313354492,16.190000534057617,16.219999313354492,47204,0.0,0.0,0.0
2024-07-26 01:15:00+00:00,16.229999542236328,16.25,16.229999542236328,16.229999542236328,54275,0.0,0.0,0.0
2024-07-26 01:20:00+00:00,16.239999771118164,16.25,16.239999771118164,16.25,47973,0.0,0.0,0.0
2024-07-26 01:25:00+00:00,16.239999771118164,16.239999771118164,16.219999313354492,16.219999313354492,12062,0.0,0.0,0.0
2024-07-26 01:30:00+00:00,16.229999542236328,16.239999771118164,16.219999313354492,16.219999313354492,22847,0.0,0.0,0.0
2024-07-26 01:35:00+00:00,16.219999313354492,16.239999771118164,16.219999313354492,16.239999771118164,25747,0.0,0.0,0.0
2024-07-26 01:40:00+00:00,16.219999313354492,16.219999313354492,16.18000030517578,16.18000030517578,92189,0.0,0.0,0.0
2024-07-26 01:45:00+00:00,16.18000030517578,16.190000534057617,16.18000030517578,16.18000030517578,226325,0.0,0.0,0.0
2024-07-26 01:50:00+00:00,16.18000030517578,16.190000534057617,16.170000076293945,16.170000076293945,76309,0.0,0.0,0.0
2024-07-26 01:55:00+00:00,16.170000076293945,16.190000534057617,16.170000076293945,16.190000534057617,19888,0.0,0.0,0.0
2024-07-26 02:00:00+00:00,16.190000534057617,16.200000762939453,16.18000030517578,16.190000534057617,16050,0.0,0.0,0.0
2024-07-26 02:05:00+00:00,16.190000534057617,16.190000534057617,16.190000534057617,16.190000534057617,6143,0.0,0.0,0.0
2024-07-26 02:10:00+00:00,16.200000762939453,16.200000762939453,16.200000762939453,16.200000762939453,158369,0.0,0.0,0.0
2024-07-26 02:15:00+00:00,16.200000762939453,16.209999084472656,16.200000762939453,16.209999084472656,5980,0.0,0.0,0.0
2024-07-26 02:20:00+00:00,16.219999313354492,16.219999313354492,16.200000762939453,16.200000762939453,31123,0.0,0.0,0.0
2024-07-26 02:25:00+00:00,16.200000762939453,16.209999084472656,16.200000762939453,16.209999084472656,6516,0.0,0.0,0.0
2024-07-26 02:30:00+00:00,16.219999313354492,16.219999313354492,16.219999313354492,16.219999313354492,8250,0.0,0.0,0.0
2024-07-26 02:35:00+00:00,16.219999313354492,16.239999771118164,16.219999313354492,16.239999771118164,24324,0.0,0.0,0.0
2024-07-26 02:40:00+00:00,16.25,16.25,16.229999542236328,16.229999542236328,9130,0.0,0.0,0.0
2024-07-26 02:45:00+00:00,16.239999771118164,16.239999771118164,16.229999542236328,16.229999542236328,14493,0.0,0.0,0.0
2024-07-26 02:50:00+00:00,16.229999542236328,16.229999542236328,16.229999542236328,16.229999542236328,2715,0.0,0.0,0.0
2024-07-26 02:55:00+00:00,16.219999313354492,16.229999542236328,16.219999313354492,16.219999313354492,39064,0.0,0.0,0.0
2024-07-26 03:00:00+00:00,16.219999313354492,16.219999313354492,16.219999313354492,16.219999313354492,6895,0.0,0.0,0.0
2024-07-26 03:05:00+00:00,16.219999313354492,16.219999313354492,16.200000762939453,16.200000762939453,130010,0.0,0.0,0.0
2024-07-26 03:10:00+00:00,16.200000762939453,16.200000762939453,16.190000534057617,16.190000534057617,41530,0.0,0.0,0.0
2024-07-26 03:15:00+00:00,16.190000534057617,16.190000534057617,16.18000030517578,16.190000534057617,11949,0.0,0.0,0.0
2024-07-26 03:20:00+00:00,16.190000534057617,16.190000534057617,16.190000534057617,16.190000534057617,12030,0.0,0.0,0.0
2024-07-26 03:25:00+00:00,16.190000534057617,16.190000534057617,16.190000534057617,16.190000534057617,54080,0.0,0.0,0.0
2024-07-26 03:30:00+00:00,16.200000762939453,16.200000762939453,16.190000534057617,16.190000534057617,5010,0.0,0.0,0.0
2024-07-26 03:35:00+00:00,16.190000534057617,16.190000534057617,16.190000534057617,16.190000534057617,11570,0.0,0.0,0.0
2024-07-26 03:40:00+00:00,16.18000030517578,16.18000030517578,16.18000030517578,16.18000030517578,14044,0.0,0.0,0.0
2024-07-26 03:45:00+00:00,16.190000534057617,16.190000534057617,16.190000534057617,16.190000534057617,13086,0.0,0.0,0.0
2024-07-26 03:50:00+00:00,16.200000762939453,16.200000762939453,16.190000534057617,16.190000534057617,12226,0.0,0.0,0.0
2024-07-26 03:55:00+00:00,16.190000534057617,16.190000534057617,16.190000534057617,16.190000534057617,7000,0.0,0.0,0.0
2024-07-26 04:00:00+00:00,16.190000534057617,16.190000534057617,16.190000534057617,16.190000534057617,1318,0.0,0.0,0.0
2024-07-26 04:05:00+00:00,16.200000762939453,16.200000762939453,16.200000762939453,16.200000762939453,13150,0.0,0.0,0.0
2024-07-26 04:10:00+00:00,16.209999084472656,16.209999084472656,16.209999084472656,16.209999084472656,2200,0.0,0.0,0.0
2024-07-26 04:20:00+00:00,16.219999313354492,16.219999313354492,16.219999313354492,16.219999313354492,1233,0.0,0.0,0.0
2024-07-26 04:25:00+00:00,16.219999313354492,16.219999313354492,16.219999313354492,16.219999313354492,5409,0.0,0.0,0.0
2024-07-26 04:30:00+00:00,16.229999542236328,16.239999771118164,16.229999542236328,16.239999771118164,70547,0.0,0.0,0.0
2024-07-26 04:35:00+00:00,16.239999771118164,16.239999771118164,16.229999542236328,16.229999542236328,2394,0.0,0.0,0.0
2024-07-26 04:40:00+00:00,16.229999542236328,16.229999542236328,16.219999313354492,16.219999313354492,16244,0.0,0.0,0.0
2024-07-26 04:45:00+00:00,16.219999313354492,16.219999313354492,16.219999313354492,16.219999313354492,5538,0.0,0.0,0.0
2024-07-26 04:50:00+00:00,16.219999313354492,16.229999542236328,16.219999313354492,16.229999542236328,34375,0.0,0.0,0.0
2024-07-26 04:55:00+00:00,16.239999771118164,16.239999771118164,16.239999771118164,16.239999771118164,6401,0.0,0.0,0.0
2024-07-26 05:00:00+00:00,16.229999542236328,16.229999542236328,16.209999084472656,16.209999084472656,32433,0.0,0.0,0.0
2024-07-26 05:05:00+00:00,16.209999084472656,16.219999313354492,16.209999084472656,16.219999313354492,6071,0.0,0.0,0.0
2024-07-26 05:10:00+00:00,16.219999313354492,16.229999542236328,16.219999313354492,16.229999542236328,3468,0.0,0.0,0.0
2024-07-26 05:15:00+00:00,16.239999771118164,16.239999771118164,16.229999542236328,16.229999542236328,6100,0.0,0.0,0.0
2024-07-26 05:20:00+00:00,16.219999313354492,16.239999771118164,16.219999313354492,16.239999771118164,12035,0.0,0.0,0.0
2024-07-29 01:00:00+00:00,16.329999923706055,16.329999923706055,16.329999923706055,16.329999923706055,0,0.0,0.0,0.0
2024-07-29 01:05:00+00:00,16.329999923706055,16.350000381469727,16.329999923706055,16.350000381469727,25902,0.0,0.0,0.0
2024-07-29 01:10:00+00:00,16.350000381469727,16.350000381469727,16.34000015258789,16.34000015258789,38186,0.0,0.0,0.0
2024-07-29 01:15:00+00:00,16.329999923706055,16.329999923706055,16.299999237060547,16.31999969482422,103712,0.0,0.0,0.0
2024-07-29 01:20:00+00:00,16.34000015258789,16.34000015258789,16.31999969482422,16.31999969482422,12754,0.0,0.0,0.0
2024-07-29 01:25:00+00:00,16.329999923706055,16.329999923706055,16.309999465942383,16.31999969482422,10151,0.0,0.0,0.0
2024-07-29 01:30:00+00:00,16.31999969482422,16.350000381469727,16.31999969482422,16.350000381469727,38708,0.0,0.0,0.0
2024-07-29 01:35:00+00:00,16.350000381469727,16.350000381469727,16.34000015258789,16.34000015258789,32764,0.0,0.0,0.0
2024-07-29 01:40:00+00:00,16.31999969482422,16.31999969482422,16.31999969482422,16.31999969482422,19150,0.0,0.0,0.0
2024-07-29 01:45:00+00:00,16.329999923706055,16.329999923706055,16.329999923706055,16.329999923706055,3490,0.0,0.0,0.0
2024-07-29 01:50:00+00:00,16.31999969482422,16.329999923706055,16.31999969482422,16.329999923706055,7440,0.0,0.0,0.0
2024-07-29 01:55:00+00:00,16.34000015258789,16.350000381469727,16.34000015258789,16.350000381469727,19240,0.0,0.0,0.0
2024-07-29 02:00:00+00:00,16.360000610351562,16.360000610351562,16.360000610351562,16.360000610351562,3806,0.0,0.0,0.0
2024-07-29 02:05:00+00:00,16.360000610351562,16.360000610351562,16.360000610351562,16.360000610351562,7040,0.0,0.0,0.0
2024-07-29 02:10:00+00:00,16.350000381469727,16.350000381469727,16.329999923706055,16.329999923706055,23300,0.0,0.0,0.0
2024-07-29 02:15:00+00:00,16.3700008392334,16.3799991607666,16.3700008392334,16.3799991607666,3428,0.0,0.0,0.0
2024-07-29 02:20:00+00:00,16.360000610351562,16.360000610351562,16.34000015258789,16.34000015258789,17400,0.0,0.0,0.0
2024-07-29 02:25:00+00:00,16.34000015258789,16.34000015258789,16.34000015258789,16.34000015258789,6865,0.0,0.0,0.0
2024-07-29 02:30:00+00:00,16.350000381469727,16.350000381469727,16.350000381469727,16.350000381469727,2100,0.0,0.0,0.0
2024-07-29 02:35:00+00:00,16.34000015258789,16.34000015258789,16.34000015258789,16.34000015258789,23249,0.0,0.0,0.0
2024-07-29 02:40:00+00:00,16.350000381469727,16.350000381469727,16.350000381469727,16.350000381469727,173100,0.0,0.0,0.0
2024-07-29 02:45:00+00:00,16.350000381469727,16.350000381469727,16.309999465942383,16.309999465942383,308698,0.0,0.0,0.0
2024-07-29 02:50:00+00:00,16.329999923706055,16.34000015258789,16.329999923706055,16.34000015258789,89000,0.0,0.0,0.0
2024-07-29 02:55:00+00:00,16.34000015258789,16.34000015258789,16.329999923706055,16.329999923706055,4100,0.0,0.0,0.0
2024-07-29 03:00:00+00:00,16.34000015258789,16.34000015258789,16.31999969482422,16.31999969482422,5340,0.0,0.0,0.0
2024-07-29 03:05:00+00:00,16.31999969482422,16.329999923706055,16.31999969482422,16.329999923706055,11722,0.0,0.0,0.0
2024-07-29 03:10:00+00:00,16.329999923706055,16.350000381469727,16.329999923706055,16.350000381469727,13000,0.0,0.0,0.0
2024-07-29 03:15:00+00:00,16.350000381469727,16.350000381469727,16.34000015258789,16.350000381469727,67250,0.0,0.0,0.0
2024-07-29 03:20:00+00:00,16.350000381469727,16.350000381469727,16.350000381469727,16.350000381469727,7303,0.0,0.0,0.0
2024-07-29 03:25:00+00:00,16.350000381469727,16.350000381469727,16.350000381469727,16.350000381469727,3159,0.0,0.0,0.0
2024-07-29 03:30:00+00:00,16.350000381469727,16.350000381469727,16.350000381469727,16.350000381469727,6325,0.0,0.0,0.0
2024-07-29 03:35:00+00:00,16.350000381469727,16.350000381469727,16.350000381469727,16.350000381469727,1058,0.0,0.0,0.0
2024-07-29 03:40:00+00:00,16.350000381469727,16.350000381469727,16.350000381469727,16.350000381469727,40242,0.0,0.0,0.0
2024-07-29 03:45:00+00:00,16.34000015258789,16.360000610351562,16.34000015258789,16.360000610351562,4849,0.0,0.0,0.0
2024-07-29 04:05:00+00:00,16.350000381469727,16.350000381469727,16.350000381469727,16.350000381469727,54108,0.0,0.0,0.0
2024-07-29 04:10:00+00:00,16.350000381469727,16.350000381469727,16.350000381469727,16.350000381469727,7339,0.0,0.0,0.0
2024-07-29 04:15:00+00:00,16.350000381469727,16.350000381469727,16.350000381469727,16.350000381469727,2039,0.0,0.0,0.0
2024-07-29 04:20:00+00:00,16.34000015258789,16.34000015258789,16.34000015258789,16.34000015258789,52668,0.0,0.0,0.0
2024-07-29 04:25:00+00:00,16.34000015258789,16.34000015258789,16.34000015258789,16.34000015258789,2039,0.0,0.0,0.0
2024-07-29 04:30:00+00:00,16.329999923706055,16.329999923706055,16.329999923706055,16.329999923706055,53465,0.0,0.0,0.0
2024-07-29 04:35:00+00:00,16.31999969482422,16.31999969482422,16.309999465942383,16.31999969482422,59375,0.0,0.0,0.0
2024-07-29 04:40:00+00:00,16.31999969482422,16.31999969482422,16.31999969482422,16.31999969482422,4100,0.0,0.0,0.0
2024-07-29 04:45:00+00:00,16.329999923706055,16.329999923706055,16.329999923706055,16.329999923706055,2292,0.0,0.0,0.0
2024-07-29 04:50:00+00:00,16.309999465942383,16.309999465942383,16.309999465942383,16.309999465942383,9970,0.0,0.0,0.0
2024-07-29 04:55:00+00:00,16.299999237060547,16.299999237060547,16.299999237060547,16.299999237060547,30510,0.0,0.0,0.0
2024-07-29 05:00:00+00:00,16.309999465942383,16.31999969482422,16.309999465942383,16.31999969482422,6162,0.0,0.0,0.0
2024-07-29 05:05:00+00:00,16.31999969482422,16.31999969482422,16.309999465942383,16.309999465942383,12180,0.0,0.0,0.0
2024-07-29 05:10:00+00:00,16.299999237060547,16.299999237060547,16.299999237060547,16.299999237060547,41398,0.0,0.0,0.0
2024-07-29 05:15:00+00:00,16.299999237060547,16.299999237060547,16.299999237060547,16.299999237060547,11236,0.0,0.0,0.0
2024-07-29 05:20:00+00:00,16.299999237060547,16.299999237060547,16.299999237060547,16.299999237060547,7008,0.0,0.0,0.0
2024-07-30 01:00:00+00:00,16.25,16.25,16.239999771118164,16.239999771118164,0,0.0,0.0,0.0
2024-07-30 01:05:00+00:00,16.239999771118164,16.239999771118164,16.190000534057617,16.190000534057617,68761,0.0,0.0,0.0
2024-07-30 01:10:00+00:00,16.219999313354492,16.25,16.209999084472656,16.209999084472656,211130,0.0,0.0,0.0
2024-07-30 01:15:00+00:00,16.219999313354492,16.219999313354492,16.200000762939453,16.209999084472656,164590,0.0,0.0,0.0
2024-07-30 01:20:00+00:00,16.209999084472656,16.209999084472656,16.190000534057617,16.190000534057617,420640,0.0,0.0,0.0
2024-07-30 01:25:00+00:00,16.209999084472656,16.219999313354492,16.209999084472656,16.209999084472656,3388,0.0,0.0,0.0
2024-07-30 01:30:00+00:00,16.18000030517578,16.190000534057617,16.18000030517578,16.190000534057617,28636,0.0,0.0,0.0
2024-07-30 01:35:00+00:00,16.190000534057617,16.190000534057617,16.139999389648438,16.139999389648438,115312,0.0,0.0,0.0
2024-07-30 01:40:00+00:00,16.149999618530273,16.15999984741211,16.149999618530273,16.149999618530273,28000,0.0,0.0,0.0
2024-07-30 01:45:00+00:00,16.139999389648438,16.149999618530273,16.1200008392334,16.149999618530273,40140,0.0,0.0,0.0
2024-07-30 01:50:00+00:00,16.1299991607666,16.1299991607666,16.1200008392334,16.1200008392334,25017,0.0,0.0,0.0
2024-07-30 01:55:00+00:00,16.1200008392334,16.1200008392334,16.1200008392334,16.1200008392334,23420,0.0,0.0,0.0
2024-07-30 02:00:00+00:00,16.110000610351562,16.110000610351562,16.09000015258789,16.09000015258789,170371,0.0,0.0,0.0
2024-07-30 02:05:00+00:00,16.100000381469727,16.1299991607666,16.100000381469727,16.100000381469727,170980,0.0,0.0,0.0
2024-07-30 02:10:00+00:00,16.100000381469727,16.1200008392334,16.100000381469727,16.1200008392334,6000,0.0,0.0,0.0
2024-07-30 02:15:00+00:00,16.1200008392334,16.1200008392334,16.100000381469727,16.100000381469727,41427,0.0,0.0,0.0
2024-07-30 02:20:00+00:00,16.100000381469727,16.100000381469727,16.100000381469727,16.100000381469727,4460,0.0,0.0,0.0
2024-07-30 02:25:00+00:00,16.09000015258789,16.100000381469727,16.09000015258789,16.100000381469727,14365,0.0,0.0,0.0
2024-07-30 02:30:00+00:00,16.100000381469727,16.100000381469727,16.09000015258789,16.09000015258789,24008,0.0,0.0,0.0
2024-07-30 02:35:00+00:00,16.09000015258789,16.09000015258789,16.09000015258789,16.09000015258789,5757,0.0,0.0,0.0
2024-07-30 02:40:00+00:00,16.09000015258789,16.100000381469727,16.079999923706055,16.100000381469727,11927,0.0,0.0,0.0
2024-07-30 02:50:00+00:00,16.09000015258789,16.09000015258789,16.09000015258789,16.09000015258789,146312,0.0,0.0,0.0
2024-07-30 02:55:00+00:00,16.09000015258789,16.09000015258789,16.079999923706055,16.079999923706055,5493,0.0,0.0,0.0
2024-07-30 03:00:00+00:00,16.079999923706055,16.079999923706055,16.079999923706055,16.079999923706055,40378,0.0,0.0,0.0
2024-07-30 03:05:00+00:00,16.079999923706055,16.079999923706055,16.079999923706055,16.079999923706055,7369,0.0,0.0,0.0
2024-07-30 03:10:00+00:00,16.09000015258789,16.09000015258789,16.079999923706055,16.079999923706055,11766,0.0,0.0,0.0
2024-07-30 03:15:00+00:00,16.09000015258789,16.1200008392334,16.09000015258789,16.1200008392334,206000,0.0,0.0,0.0
2024-07-30 03:20:00+00:00,16.1200008392334,16.1200008392334,16.1200008392334,16.1200008392334,8100,0.0,0.0,0.0
2024-07-30 03:25:00+00:00,16.1200008392334,16.1200008392334,16.1200008392334,16.1200008392334,2500,0.0,0.0,0.0
2024-07-30 03:30:00+00:00,16.110000610351562,16.110000610351562,16.110000610351562,16.110000610351562,11560,0.0,0.0,0.0
2024-07-30 03:40:00+00:00,16.1200008392334,16.1299991607666,16.1200008392334,16.1299991607666,32000,0.0,0.0,0.0
2024-07-30 03:45:00+00:00,16.149999618530273,16.15999984741211,16.149999618530273,16.15999984741211,5030,0.0,0.0,0.0
2024-07-30 03:50:00+00:00,16.15999984741211,16.15999984741211,16.15999984741211,16.15999984741211,1586,0.0,0.0,0.0
2024-07-30 03:55:00+00:00,16.15999984741211,16.15999984741211,16.15999984741211,16.15999984741211,1710,0.0,0.0,0.0
2024-07-30 04:00:00+00:00,16.15999984741211,16.200000762939453,16.15999984741211,16.200000762939453,123581,0.0,0.0,0.0
2024-07-30 04:10:00+00:00,16.200000762939453,16.200000762939453,16.200000762939453,16.200000762939453,12100,0.0,0.0,0.0
2024-07-30 04:15:00+00:00,16.209999084472656,16.219999313354492,16.209999084472656,16.219999313354492,38429,0.0,0.0,0.0
2024-07-30 04:20:00+00:00,16.229999542236328,16.229999542236328,16.229999542236328,16.229999542236328,2000,0.0,0.0,0.0
2024-07-30 04:25:00+00:00,16.239999771118164,16.239999771118164,16.239999771118164,16.239999771118164,1100,0.0,0.0,0.0
2024-07-30 04:30:00+00:00,16.239999771118164,16.239999771118164,16.239999771118164,16.239999771118164,100174,0.0,0.0,0.0
2024-07-30 04:35:00+00:00,16.229999542236328,16.229999542236328,16.229999542236328,16.229999542236328,1061,0.0,0.0,0.0
2024-07-30 04:40:00+00:00,16.229999542236328,16.229999542236328,16.229999542236328,16.229999542236328,18344,0.0,0.0,0.0
2024-07-30 04:45:00+00:00,16.229999542236328,16.239999771118164,16.229999542236328,16.239999771118164,5046,0.0,0.0,0.0
2024-07-30 04:50:00+00:00,16.239999771118164,16.239999771118164,16.239999771118164,16.239999771118164,1542,0.0,0.0,0.0
2024-07-30 04:55:00+00:00,16.239999771118164,16.239999771118164,16.239999771118164,16.239999771118164,4715,0.0,0.0,0.0
2024-07-30 05:00:00+00:00,16.239999771118164,16.25,16.239999771118164,16.25,110200,0.0,0.0,0.0
2024-07-30 05:05:00+00:00,16.25,16.25,16.25,16.25,3440,0.0,0.0,0.0
2024-07-31 01:00:00+00:00,16.239999771118164,16.239999771118164,16.200000762939453,16.209999084472656,0,0.0,0.0,0.0
2024-07-31 01:05:00+00:00,16.229999542236328,16.280000686645508,16.229999542236328,16.280000686645508,25792,0.0,0.0,0.0
2024-07-31 01:10:00+00:00,16.280000686645508,16.299999237060547,16.280000686645508,16.299999237060547,38836,0.0,0.0,0.0
2024-07-31 01:15:00+00:00,16.299999237060547,16.299999237060547,16.290000915527344,16.290000915527344,56128,0.0,0.0,0.0
2024-07-31 01:20:00+00:00,16.280000686645508,16.280000686645508,16.280000686645508,16.280000686645508,2209,0.0,0.0,0.0
2024-07-31 01:25:00+00:00,16.280000686645508,16.299999237060547,16.280000686645508,16.299999237060547,113899,0.0,0.0,0.0
2024-07-31 01:30:00+00:00,16.270000457763672,16.270000457763672,16.260000228881836,16.260000228881836,197081,0.0,0.0,0.0
2024-07-31 01:35:00+00:00,16.260000228881836,16.280000686645508,16.260000228881836,16.260000228881836,54030,0.0,0.0,0.0
2024-07-31 01:40:00+00:00,16.260000228881836,16.260000228881836,16.239999771118164,16.260000228881836,90330,0.0,0.0,0.0
2024-07-31 01:45:00+00:00,16.280000686645508,16.280000686645508,16.280000686645508,16.280000686645508,52000,0.0,0.0,0.0
2024-07-31 01:50:00+00:00,16.260000228881836,16.260000228881836,16.260000228881836,16.260000228881836,4245,0.0,0.0,0.0
2024-07-31 01:55:00+00:00,16.260000228881836,16.270000457763672,16.25,16.270000457763672,23020,0.0,0.0,0.0
2024-07-31 02:00:00+00:00,16.270000457763672,16.270000457763672,16.270000457763672,16.270000457763672,1000,0.0,0.0,0.0
2024-07-31 02:05:00+00:00,16.260000228881836,16.270000457763672,16.25,16.270000457763672,24688,0.0,0.0,0.0
2024-07-31 02:10:00+00:00,16.270000457763672,16.31999969482422,16.270000457763672,16.31999969482422,240292,0.0,0.0,0.0
2024-07-31 02:15:00+00:00,16.31999969482422,16.329999923706055,16.309999465942383,16.31999969482422,15100,0.0,0.0,0.0
2024-07-31 02:20:00+00:00,16.34000015258789,16.350000381469727,16.34000015258789,16.350000381469727,162050,0.0,0.0,0.0
2024-07-31 02:25:00+00:00,16.350000381469727,16.3700008392334,16.34000015258789,16.3700008392334,55000,0.0,0.0,0.0
2024-07-31 02:30:00+00:00,16.3700008392334,16.3700008392334,16.3700008392334,16.3700008392334,17000,0.0,0.0,0.0
2024-07-31 02:35:00+00:00,16.3799991607666,16.389999389648438,16.3799991607666,16.389999389648438,10100,0.0,0.0,0.0
2024-07-31 02:40:00+00:00,16.389999389648438,16.389999389648438,16.389999389648438,16.389999389648438,23000,0.0,0.0,0.0
2024-07-31 02:45:00+00:00,16.399999618530273,16.399999618530273,16.399999618530273,16.399999618530273,37600,0.0,0.0,0.0
2024-07-31 02:50:00+00:00,16.399999618530273,16.399999618530273,16.399999618530273,16.399999618530273,1010,0.0,0.0,0.0
2024-07-31 02:55:00+00:00,16.40999984741211,16.40999984741211,16.399999618530273,16.399999618530273,12433,0.0,0.0,0.0
2024-07-31 03:05:00+00:00,16.399999618530273,16.399999618530273,16.3799991607666,16.3799991607666,266306,0.0,0.0,0.0
2024-07-31 03:10:00+00:00,16.3799991607666,16.3799991607666,16.3700008392334,16.3799991607666,127523,0.0,0.0,0.0
2024-07-31 03:15:00+00:00,16.3799991607666,16.3799991607666,16.3799991607666,16.3799991607666,3278,0.0,0.0,0.0
2024-07-31 03:25:00+00:00,16.3799991607666,16.3799991607666,16.3700008392334,16.3700008392334,16022,0.0,0.0,0.0
2024-07-31 03:30:00+00:00,16.399999618530273,16.399999618530273,16.389999389648438,16.389999389648438,3432,0.0,0.0,0.0
2024-07-31 03:40:00+00:00,16.389999389648438,16.40999984741211,16.389999389648438,16.40999984741211,164261,0.0,0.0,0.0
2024-07-31 03:45:00+00:00,16.40999984741211,16.40999984741211,16.40999984741211,16.40999984741211,1100,0.0,0.0,0.0
2024-07-31 03:50:00+00:00,16.40999984741211,16.40999984741211,16.40999984741211,16.40999984741211,16460,0.0,0.0,0.0
2024-07-31 03:55:00+00:00,16.40999984741211,16.420000076293945,16.40999984741211,16.420000076293945,74306,0.0,0.0,0.0
2024-07-31 04:00:00+00:00,16.43000030517578,16.440000534057617,16.40999984741211,16.40999984741211,12080,0.0,0.0,0.0
2024-07-31 04:05:00+00:00,16.420000076293945,16.420000076293945,16.420000076293945,16.420000076293945,4855,0.0,0.0,0.0
2024-07-31 04:10:00+00:00,16.420000076293945,16.420000076293945,16.420000076293945,16.420000076293945,10120,0.0,0.0,0.0
2024-07-31 04:15:00+00:00,16.420000076293945,16.420000076293945,16.420000076293945,16.420000076293945,100250,0.0,0.0,0.0
2024-07-31 04:20:00+00:00,16.420000076293945,16.420000076293945,16.420000076293945,16.420000076293945,62000,0.0,0.0,0.0
2024-07-31 04:25:00+00:00,16.40999984741211,16.40999984741211,16.399999618530273,16.40999984741211,117770,0.0,0.0,0.0
2024-07-31 04:30:00+00:00,16.40999984741211,16.420000076293945,16.40999984741211,16.420000076293945,122195,0.0,0.0,0.0
2024-07-31 04:40:00+00:00,16.40999984741211,16.40999984741211,16.40999984741211,16.40999984741211,5687,0.0,0.0,0.0
2024-07-31 04:50:00+00:00,16.420000076293945,16.43000030517578,16.420000076293945,16.43000030517578,33000,0.0,0.0,0.0
2024-07-31 04:55:00+00:00,16.420000076293945,16.420000076293945,16.420000076293945,16.420000076293945,3170,0.0,0.0,0.0
2024-07-31 05:00:00+00:00,16.420000076293945,16.420000076293945,16.420000076293945,16.420000076293945,2320,0.0,0.0,0.0
2024-07-31 05:05:00+00:00,16.40999984741211,16.40999984741211,16.399999618530273,16.399999618530273,36932,0.0,0.0,0.0
2024-08-01 01:00:00+00:00,16.450000762939453,16.5,16.450000762939453,16.469999313354492,0,0.0,0.0,0.0
2024-08-01 01:05:00+00:00,16.479999542236328,16.5,16.479999542236328,16.5,6826,0.0,0.0,0.0
2024-08-01 01:10:00+00:00,16.5,16.5,16.479999542236328,16.5,35784,0.0,0.0,0.0
2024-08-01 01:15:00+00:00,16.479999542236328,16.510000228881836,16.469999313354492,16.510000228881836,128279,0.0,0.0,0.0
2024-08-01 01:20:00+00:00,16.510000228881836,16.510000228881836,16.5,16.5,0,0.0,0.0,0.0
2024-08-01 01:25:00+00:00,16.5,16.5,16.5,16.5,248259,0.0,0.0,0.0
2024-08-01 01:30:00+00:00,16.5,16.530000686645508,16.5,16.530000686645508,45190,0.0,0.0,0.0
2024-08-01 01:35:00+00:00,16.540000915527344,16.540000915527344,16.540000915527344,16.540000915527344,10728,0.0,0.0,0.0
2024-08-01 01:40:00+00:00,16.540000915527344,16.540000915527344,16.540000915527344,16.540000915527344,4100,0.0,0.0,0.0
2024-08-01 01:45:00+00:00,16.540000915527344,16.540000915527344,16.530000686645508,16.530000686645508,14096,0.0,0.0,0.0
2024-08-01 01:50:00+00:00,16.530000686645508,16.530000686645508,16.520000457763672,16.520000457763672,21048,0.0,0.0,0.0
2024-08-01 01:55:00+00:00,16.520000457763672,16.520000457763672,16.520000457763672,16.520000457763672,5079,0.0,0.0,0.0
2024-08-01 02:00:00+00:00,16.520000457763672,16.520000457763672,16.520000457763672,16.520000457763672,113264,0.0,0.0,0.0
2024-08-01 02:05:00+00:00,16.520000457763672,16.540000915527344,16.520000457763672,16.530000686645508,22119,0.0,0.0,0.0
2024-08-01 02:10:00+00:00,16.530000686645508,16.530000686645508,16.530000686645508,16.530000686645508,2274,0.0,0.0,0.0
2024-08-01 02:15:00+00:00,16.520000457763672,16.520000457763672,16.520000457763672,16.520000457763672,12120,0.0,0.0,0.0
2024-08-01 02:20:00+00:00,16.530000686645508,16.540000915527344,16.530000686645508,16.540000915527344,8000,0.0,0.0,0.0
2024-08-01 02:25:00+00:00,16.540000915527344,16.540000915527344,16.540000915527344,16.540000915527344,28195,0.0,0.0,0.0
2024-08-01 02:30:00+00:00,16.540000915527344,16.540000915527344,16.530000686645508,16.530000686645508,4000,0.0,0.0,0.0
2024-08-01 02:35:00+00:00,16.540000915527344,16.540000915527344,16.540000915527344,16.540000915527344,2827,0.0,0.0,0.0
2024-08-01 02:45:00+00:00,16.540000915527344,16.559999465942383,16.530000686645508,16.549999237060547,68000,0.0,0.0,0.0
2024-08-01 02:50:00+00:00,16.549999237060547,16.549999237060547,16.549999237060547,16.549999237060547,7200,0.0,0.0,0.0
2024-08-01 02:55:00+00:00,16.549999237060547,16.549999237060547,16.530000686645508,16.549999237060547,51400,0.0,0.0,0.0
2024-08-01 03:00:00+00:00,16.56999969482422,16.56999969482422,16.56999969482422,16.56999969482422,7346,0.0,0.0,0.0
2024-08-01 03:15:00+00:00,16.559999465942383,16.559999465942383,16.540000915527344,16.540000915527344,33400,0.0,0.0,0.0
2024-08-01 03:20:00+00:00,16.549999237060547,16.549999237060547,16.549999237060547,16.549999237060547,2248,0.0,0.0,0.0
2024-08-01 03:25:00+00:00,16.549999237060547,16.549999237060547,16.549999237060547,16.549999237060547,4000,0.0,0.0,0.0
2024-08-01 03:30:00+00:00,16.549999237060547,16.549999237060547,16.549999237060547,16.549999237060547,2100,0.0,0.0,0.0
2024-08-01 03:35:00+00:00,16.540000915527344,16.540000915527344,16.540000915527344,16.540000915527344,3930,0.0,0.0,0.0
2024-08-01 03:40:00+00:00,16.549999237060547,16.549999237060547,16.549999237060547,16.549999237060547,33000,0.0,0.0,0.0
2024-08-01 03:45:00+00:00,16.559999465942383,16.559999465942383,16.559999465942383,16.559999465942383,3340,0.0,0.0,0.0
2024-08-01 03:55:00+00:00,16.559999465942383,16.56999969482422,16.559999465942383,16.56999969482422,44240,0.0,0.0,0.0
2024-08-01 04:00:00+00:00,16.56999969482422,16.56999969482422,16.559999465942383,16.559999465942383,35060,0.0,0.0,0.0
2024-08-01 04:10:00+00:00,16.559999465942383,16.559999465942383,16.549999237060547,16.559999465942383,8300,0.0,0.0,0.0
2024-08-01 04:15:00+00:00,16.549999237060547,16.549999237060547,16.549999237060547,16.549999237060547,10035,0.0,0.0,0.0
2024-08-01 04:20:00+00:00,16.540000915527344,16.540000915527344,16.540000915527344,16.540000915527344,2100,0.0,0.0,0.0
2024-08-01 04:25:00+00:00,16.540000915527344,16.549999237060547,16.540000915527344,16.549999237060547,12305,0.0,0.0,0.0
2024-08-01 04:30:00+00:00,16.549999237060547,16.549999237060547,16.549999237060547,16.549999237060547,6260,0.0,0.0,0.0
2024-08-01 04:35:00+00:00,16.540000915527344,16.540000915527344,16.540000915527344,16.540000915527344,24607,0.0,0.0,0.0
2024-08-01 04:40:00+00:00,16.540000915527344,16.540000915527344,16.530000686645508,16.530000686645508,10358,0.0,0.0,0.0
2024-08-01 04:45:00+00:00,16.530000686645508,16.540000915527344,16.530000686645508,16.530000686645508,24980,0.0,0.0,0.0
2024-08-01 04:50:00+00:00,16.530000686645508,16.530000686645508,16.530000686645508,16.530000686645508,3050,0.0,0.0,0.0
2024-08-01 04:55:00+00:00,16.530000686645508,16.530000686645508,16.530000686645508,16.530000686645508,12198,0.0,0.0,0.0
2024-08-01 05:05:00+00:00,16.530000686645508,16.530000686645508,16.530000686645508,16.530000686645508,3350,0.0,0.0,0.0
2024-08-02 01:00:00+00:00,16.350000381469727,16.3700008392334,16.299999237060547,16.329999923706055,0,0.0,0.0,0.0
2024-08-02 01:05:00+00:00,16.329999923706055,16.34000015258789,16.309999465942383,16.31999969482422,314000,0.0,0.0,0.0
2024-08-02 01:10:00+00:00,16.31999969482422,16.329999923706055,16.31999969482422,16.31999969482422,173881,0.0,0.0,0.0
2024-08-02 01:15:00+00:00,16.309999465942383,16.34000015258789,16.290000915527344,16.34000015258789,658463,0.0,0.0,0.0
2024-08-02 01:20:00+00:00,16.350000381469727,16.350000381469727,16.34000015258789,16.34000015258789,69248,0.0,0.0,0.0
2024-08-02 01:25:00+00:00,16.350000381469727,16.3700008392334,16.34000015258789,16.34000015258789,172240,0.0,0.0,0.0
2024-08-02 01:30:00+00:00,16.350000381469727,16.350000381469727,16.34000015258789,16.350000381469727,117758,0.0,0.0,0.0
2024-08-02 01:35:00+00:00,16.350000381469727,16.3799991607666,16.34000015258789,16.3799991607666,198350,0.0,0.0,0.0
2024-08-02 01:40:00+00:00,16.389999389648438,16.399999618530273,16.389999389648438,16.399999618530273,269031,0.0,0.0,0.0
2024-08-02 01:45:00+00:00,16.399999618530273,16.399999618530273,16.3700008392334,16.3799991607666,334779,0.0,0.0,0.0
2024-08-02 01:50:00+00:00,16.3700008392334,16.3799991607666,16.3700008392334,16.3799991607666,156304,0.0,0.0,0.0
2024-08-02 01:55:00+00:00,16.3799991607666,16.3799991607666,16.3700008392334,16.3700008392334,107303,0.0,0.0,0.0
2024-08-02 02:00:00+00:00,16.360000610351562,16.360000610351562,16.31999969482422,16.31999969482422,160592,0.0,0.0,0.0
2024-08-02 02:05:00+00:00,16.31999969482422,16.31999969482422,16.280000686645508,16.280000686645508,348687,0.0,0.0,0.0
2024-08-02 02:10:00+00:00,16.299999237060547,16.299999237060547,16.299999237060547,16.299999237060547,255700,0.0,0.0,0.0
2024-08-02 02:15:00+00:00,16.309999465942383,16.309999465942383,16.270000457763672,16.270000457763672,277394,0.0,0.0,0.0
2024-08-02 02:20:00+00:00,16.270000457763672,16.270000457763672,16.239999771118164,16.239999771118164,131115,0.0,0.0,0.0
2024-08-02 02:25:00+00:00,16.239999771118164,16.239999771118164,16.219999313354492,16.229999542236328,89070,0.0,0.0,0.0
2024-08-02 02:30:00+00:00,16.239999771118164,16.239999771118164,16.229999542236328,16.229999542236328,89859,0.0,0.0,0.0
2024-08-02 02:35:00+00:00,16.229999542236328,16.239999771118164,16.219999313354492,16.229999542236328,72777,0.0,0.0,0.0
2024-08-02 02:40:00+00:00,16.229999542236328,16.25,16.229999542236328,16.25,81260,0.0,0.0,0.0
2024-08-02 02:45:00+00:00,16.260000228881836,16.260000228881836,16.239999771118164,16.260000228881836,21400,0.0,0.0,0.0
2024-08-02 02:50:00+00:00,16.260000228881836,16.270000457763672,16.260000228881836,16.270000457763672,61000,0.0,0.0,0.0
2024-08-02 02:55:00+00:00,16.280000686645508,16.280000686645508,16.280000686645508,16.280000686645508,19455,0.0,0.0,0.0
2024-08-02 03:00:00+00:00,16.280000686645508,16.31999969482422,16.280000686645508,16.31999969482422,15500,0.0,0.0,0.0
2024-08-02 03:05:00+00:00,16.31999969482422,16.31999969482422,16.299999237060547,16.299999237060547,38526,0.0,0.0,0.0
2024-08-02 03:10:00+00:00,16.299999237060547,16.299999237060547,16.299999237060547,16.299999237060547,8000,0.0,0.0,0.0
2024-08-02 03:15:00+00:00,16.290000915527344,16.299999237060547,16.290000915527344,16.290000915527344,31801,0.0,0.0,0.0
2024-08-02 03:20:00+00:00,16.290000915527344,16.299999237060547,16.290000915527344,16.290000915527344,17200,0.0,0.0,0.0
2024-08-02 03:25:00+00:00,16.280000686645508,16.280000686645508,16.280000686645508,16.280000686645508,30378,0.0,0.0,0.0
2024-08-02 03:30:00+00:00,16.280000686645508,16.280000686645508,16.280000686645508,16.280000686645508,16879,0.0,0.0,0.0
2024-08-02 03:35:00+00:00,16.280000686645508,16.280000686645508,16.280000686645508,16.280000686645508,12025,0.0,0.0,0.0
2024-08-02 03:40:00+00:00,16.290000915527344,16.290000915527344,16.280000686645508,16.280000686645508,3000,0.0,0.0,0.0
2024-08-02 03:45:00+00:00,16.280000686645508,16.280000686645508,16.280000686645508,16.280000686645508,3000,0.0,0.0,0.0
2024-08-02 03:50:00+00:00,16.280000686645508,16.299999237060547,16.280000686645508,16.299999237060547,13000,0.0,0.0,0.0
2024-08-02 03:55:00+00:00,16.299999237060547,16.299999237060547,16.280000686645508,16.299999237060547,7000,0.0,0.0,0.0
2024-08-02 04:00:00+00:00,16.299999237060547,16.299999237060547,16.270000457763672,16.270000457763672,25258,0.0,0.0,0.0
2024-08-02 04:05:00+00:00,16.270000457763672,16.270000457763672,16.260000228881836,16.260000228881836,19105,0.0,0.0,0.0
2024-08-02 04:10:00+00:00,16.280000686645508,16.280000686645508,16.270000457763672,16.270000457763672,10259,0.0,0.0,0.0
2024-08-02 04:15:00+00:00,16.260000228881836,16.270000457763672,16.25,16.270000457763672,58525,0.0,0.0,0.0
2024-08-02 04:20:00+00:00,16.270000457763672,16.290000915527344,16.270000457763672,16.290000915527344,10046,0.0,0.0,0.0
2024-08-02 04:25:00+00:00,16.299999237060547,16.299999237060547,16.299999237060547,16.299999237060547,9019,0.0,0.0,0.0
2024-08-02 04:30:00+00:00,16.299999237060547,16.299999237060547,16.290000915527344,16.290000915527344,48864,0.0,0.0,0.0
2024-08-02 04:35:00+00:00,16.280000686645508,16.280000686645508,16.270000457763672,16.280000686645508,66012,0.0,0.0,0.0
2024-08-02 04:40:00+00:00,16.280000686645508,16.280000686645508,16.270000457763672,16.270000457763672,41348,0.0,0.0,0.0
2024-08-02 04:45:00+00:00,16.270000457763672,16.270000457763672,16.270000457763672,16.270000457763672,28388,0.0,0.0,0.0
2024-08-02 04:50:00+00:00,16.260000228881836,16.270000457763672,16.25,16.25,147480,0.0,0.0,0.0
2024-08-02 04:55:00+00:00,16.239999771118164,16.239999771118164,16.239999771118164,16.239999771118164,46582,0.0,0.0,0.0
2024-08-02 05:00:00+00:00,16.239999771118164,16.25,16.239999771118164,16.25,11278,0.0,0.0,0.0
2024-08-02 05:05:00+00:00,16.25,16.25,16.239999771118164,16.239999771118164,151240,0.0,0.0,0.0
2024-08-02 05:10:00+00:00,16.25,16.25,16.25,16.25,101100,0.0,0.0,0.0
2024-08-05 01:00:00+00:00,15.760000228881836,15.760000228881836,15.520000457763672,15.600000381469727,0,0.0,0.0,0.0
2024-08-05 01:05:00+00:00,15.510000228881836,15.520000457763672,15.449999809265137,15.479999542236328,242313,0.0,0.0,0.0
2024-08-05 01:10:00+00:00,15.479999542236328,15.539999961853027,15.470000267028809,15.539999961853027,175419,0.0,0.0,0.0
2024-08-05 01:15:00+00:00,15.520000457763672,15.539999961853027,15.479999542236328,15.510000228881836,314499,0.0,0.0,0.0
2024-08-05 01:20:00+00:00,15.529999732971191,15.5600004196167,15.5,15.5,115171,0.0,0.0,0.0
2024-08-05 01:25:00+00:00,15.5,15.5,15.449999809265137,15.460000038146973,233060,0.0,0.0,0.0
2024-08-05 01:30:00+00:00,15.460000038146973,15.460000038146973,15.369999885559082,15.399999618530273,331705,0.0,0.0,0.0
2024-08-05 01:35:00+00:00,15.399999618530273,15.399999618530273,15.359999656677246,15.359999656677246,86000,0.0,0.0,0.0
2024-08-05 01:40:00+00:00,15.359999656677246,15.359999656677246,15.1899995803833,15.1899995803833,523285,0.0,0.0,0.0
2024-08-05 01:45:00+00:00,15.220000267028809,15.289999961853027,15.210000038146973,15.229999542236328,521256,0.0,0.0,0.0
2024-08-05 01:50:00+00:00,15.260000228881836,15.260000228881836,15.170000076293945,15.170000076293945,181702,0.0,0.0,0.0
2024-08-05 01:55:00+00:00,15.15999984741211,15.210000038146973,15.119999885559082,15.210000038146973,247762,0.0,0.0,0.0
2024-08-05 02:00:00+00:00,15.260000228881836,15.350000381469727,15.260000228881836,15.350000381469727,136383,0.0,0.0,0.0
2024-08-05 02:05:00+00:00,15.380000114440918,15.449999809265137,15.380000114440918,15.40999984741211,136499,0.0,0.0,0.0
2024-08-05 02:10:00+00:00,15.430000305175781,15.479999542236328,15.359999656677246,15.359999656677246,171690,0.0,0.0,0.0
2024-08-05 02:15:00+00:00,15.40999984741211,15.4399995803833,15.390000343322754,15.4399995803833,276519,0.0,0.0,0.0
2024-08-05 02:20:00+00:00,15.4399995803833,15.5,15.4399995803833,15.5,56216,0.0,0.0,0.0
2024-08-05 02:25:00+00:00,15.5,15.520000457763672,15.489999771118164,15.5,55300,0.0,0.0,0.0
2024-08-05 02:30:00+00:00,15.520000457763672,15.520000457763672,15.470000267028809,15.479999542236328,104370,0.0,0.0,0.0
2024-08-05 02:35:00+00:00,15.470000267028809,15.479999542236328,15.460000038146973,15.470000267028809,30736,0.0,0.0,0.0
2024-08-05 02:40:00+00:00,15.470000267028809,15.470000267028809,15.420000076293945,15.420000076293945,272557,0.0,0.0,0.0
2024-08-05 02:45:00+00:00,15.430000305175781,15.460000038146973,15.40999984741211,15.460000038146973,338576,0.0,0.0,0.0
2024-08-05 02:50:00+00:00,15.479999542236328,15.479999542236328,15.460000038146973,15.460000038146973,39000,0.0,0.0,0.0
2024-08-05 02:55:00+00:00,15.460000038146973,15.460000038146973,15.449999809265137,15.449999809265137,6500,0.0,0.0,0.0
2024-08-05 03:00:00+00:00,15.460000038146973,15.529999732971191,15.460000038146973,15.520000457763672,192120,0.0,0.0,0.0
2024-08-05 03:05:00+00:00,15.520000457763672,15.529999732971191,15.5,15.5,26526,0.0,0.0,0.0
2024-08-05 03:10:00+00:00,15.5,15.520000457763672,15.5,15.510000228881836,21250,0.0,0.0,0.0
2024-08-05 03:15:00+00:00,15.520000457763672,15.520000457763672,15.479999542236328,15.479999542236328,40230,0.0,0.0,0.0
2024-08-05 03:20:00+00:00,15.5,15.5,15.470000267028809,15.479999542236328,59178,0.0,0.0,0.0
2024-08-05 03:25:00+00:00,15.470000267028809,15.470000267028809,15.4399995803833,15.4399995803833,93480,0.0,0.0,0.0
2024-08-05 03:30:00+00:00,15.470000267028809,15.489999771118164,15.4399995803833,15.4399995803833,39100,0.0,0.0,0.0
2024-08-05 03:35:00+00:00,15.4399995803833,15.449999809265137,15.4399995803833,15.4399995803833,28818,0.0,0.0,0.0
2024-08-05 03:40:00+00:00,15.4399995803833,15.4399995803833,15.430000305175781,15.430000305175781,24000,0.0,0.0,0.0
2024-08-05 03:45:00+00:00,15.4399995803833,15.4399995803833,15.420000076293945,15.430000305175781,44800,0.0,0.0,0.0
2024-08-05 03:50:00+00:00,15.430000305175781,15.430000305175781,15.380000114440918,15.399999618530273,229000,0.0,0.0,0.0
2024-08-05 03:55:00+00:00,15.399999618530273,15.40999984741211,15.399999618530273,15.40999984741211,13977,0.0,0.0,0.0
2024-08-05 04:00:00+00:00,15.40999984741211,15.40999984741211,15.40999984741211,15.40999984741211,9189,0.0,0.0,0.0
2024-08-05 04:05:00+00:00,15.40999984741211,15.40999984741211,15.380000114440918,15.380000114440918,43111,0.0,0.0,0.0
2024-08-05 04:10:00+00:00,15.380000114440918,15.380000114440918,15.329999923706055,15.329999923706055,63110,0.0,0.0,0.0
2024-08-05 04:15:00+00:00,15.329999923706055,15.329999923706055,15.300000190734863,15.300000190734863,101789,0.0,0.0,0.0
2024-08-05 04:20:00+00:00,15.289999961853027,15.289999961853027,15.25,15.25,340733,0.0,0.0,0.0
2024-08-05 04:25:00+00:00,15.25,15.319999694824219,15.25,15.319999694824219,70291,0.0,0.0,0.0
2024-08-05 04:30:00+00:00,15.319999694824219,15.34000015258789,15.3100004196167,15.34000015258789,42820,0.0,0.0,0.0
2024-08-05 04:35:00+00:00,15.329999923706055,15.329999923706055,15.270000457763672,15.270000457763672,86530,0.0,0.0,0.0
2024-08-05 04:40:00+00:00,15.270000457763672,15.270000457763672,15.270000457763672,15.270000457763672,60029,0.0,0.0,0.0
2024-08-05 04:45:00+00:00,15.260000228881836,15.260000228881836,15.229999542236328,15.239999771118164,355465,0.0,0.0,0.0
2024-08-05 04:50:00+00:00,15.229999542236328,15.25,15.220000267028809,15.220000267028809,37345,0.0,0.0,0.0
2024-08-05 04:55:00+00:00,15.220000267028809,15.220000267028809,15.199999809265137,15.199999809265137,482532,0.0,0.0,0.0
2024-08-05 05:00:00+00:00,15.199999809265137,15.210000038146973,15.180000305175781,15.199999809265137,92083,0.0,0.0,0.0
2024-08-05 05:05:00+00:00,15.199999809265137,15.260000228881836,15.199999809265137,15.260000228881836,39409,0.0,0.0,0.0
2024-08-05 05:10:00+00:00,15.260000228881836,15.260000228881836,15.25,15.25,2025,0.0,0.0,0.0
2024-08-06 01:00:00+00:00,15.420000076293945,15.5,15.420000076293945,15.5,0,0.0,0.0,0.0
2024-08-06 01:05:00+00:00,15.449999809265137,15.489999771118164,15.430000305175781,15.489999771118164,137997,0.0,0.0,0.0
2024-08-06 01:10:00+00:00,15.489999771118164,15.550000190734863,15.470000267028809,15.479999542236328,563501,0.0,0.0,0.0
2024-08-06 01:15:00+00:00,15.479999542236328,15.479999542236328,15.390000343322754,15.390000343322754,97593,0.0,0.0,0.0
2024-08-06 01:20:00+00:00,15.380000114440918,15.390000343322754,15.260000228881836,15.270000457763672,93705,0.0,0.0,0.0
2024-08-06 01:25:00+00:00,15.270000457763672,15.350000381469727,15.25,15.34000015258789,417040,0.0,0.0,0.0
2024-08-06 01:30:00+00:00,15.34000015258789,15.34000015258789,15.180000305175781,15.180000305175781,292086,0.0,0.0,0.0
2024-08-06 01:35:00+00:00,15.1899995803833,15.1899995803833,15.130000114440918,15.130000114440918,111056,0.0,0.0,0.0
2024-08-06 01:40:00+00:00,15.130000114440918,15.130000114440918,14.960000038146973,15.029999732971191,1117613,0.0,0.0,0.0
2024-08-06 01:45:00+00:00,15.100000381469727,15.1899995803833,15.010000228881836,15.1899995803833,418928,0.0,0.0,0.0
2024-08-06 01:50:00+00:00,15.1899995803833,15.1899995803833,15.140000343322754,15.180000305175781,78253,0.0,0.0,0.0
2024-08-06 01:55:00+00:00,15.180000305175781,15.239999771118164,15.15999984741211,15.15999984741211,234200,0.0,0.0,0.0
2024-08-06 02:00:00+00:00,15.199999809265137,15.3100004196167,15.199999809265137,15.260000228881836,124400,0.0,0.0,0.0
2024-08-06 02:05:00+00:00,15.260000228881836,15.260000228881836,15.1899995803833,15.1899995803833,327000,0.0,0.0,0.0
2024-08-06 02:10:00+00:00,15.170000076293945,15.170000076293945,15.130000114440918,15.130000114440918,491122,0.0,0.0,0.0
2024-08-06 02:15:00+00:00,15.199999809265137,15.270000457763672,15.140000343322754,15.239999771118164,55350,0.0,0.0,0.0
2024-08-06 02:20:00+00:00,15.229999542236328,15.25,15.199999809265137,15.25,78056,0.0,0.0,0.0
2024-08-06 02:25:00+00:00,15.260000228881836,15.3100004196167,15.260000228881836,15.300000190734863,16200,0.0,0.0,0.0
2024-08-06 02:30:00+00:00,15.300000190734863,15.329999923706055,15.300000190734863,15.319999694824219,109560,0.0,0.0,0.0
2024-08-06 02:35:00+00:00,15.319999694824219,15.34000015258789,15.3100004196167,15.34000015258789,44204,0.0,0.0,0.0
2024-08-06 02:40:00+00:00,15.34000015258789,15.399999618530273,15.34000015258789,15.359999656677246,23641,0.0,0.0,0.0
2024-08-06 02:45:00+00:00,15.390000343322754,15.390000343322754,15.359999656677246,15.390000343322754,22151,0.0,0.0,0.0
2024-08-06 02:50:00+00:00,15.369999885559082,15.369999885559082,15.350000381469727,15.359999656677246,157061,0.0,0.0,0.0
2024-08-06 02:55:00+00:00,15.359999656677246,15.369999885559082,15.350000381469727,15.350000381469727,39700,0.0,0.0,0.0
2024-08-06 03:00:00+00:00,15.369999885559082,15.369999885559082,15.350000381469727,15.369999885559082,85000,0.0,0.0,0.0
2024-08-06 03:05:00+00:00,15.369999885559082,15.40999984741211,15.369999885559082,15.399999618530273,32241,0.0,0.0,0.0
2024-08-06 03:10:00+00:00,15.40999984741211,15.40999984741211,15.399999618530273,15.399999618530273,32067,0.0,0.0,0.0
2024-08-06 03:15:00+00:00,15.40999984741211,15.420000076293945,15.399999618530273,15.420000076293945,10010,0.0,0.0,0.0
2024-08-06 03:20:00+00:00,15.420000076293945,15.4399995803833,15.420000076293945,15.4399995803833,2105,0.0,0.0,0.0
2024-08-06 03:25:00+00:00,15.449999809265137,15.489999771118164,15.449999809265137,15.489999771118164,86310,0.0,0.0,0.0
2024-08-06 03:30:00+00:00,15.489999771118164,15.489999771118164,15.479999542236328,15.489999771118164,26970,0.0,0.0,0.0
2024-08-06 03:35:00+00:00,15.5,15.529999732971191,15.5,15.529999732971191,44000,0.0,0.0,0.0
2024-08-06 03:40:00+00:00,15.539999961853027,15.539999961853027,15.520000457763672,15.520000457763672,16370,0.0,0.0,0.0
2024-08-06 03:45:00+00:00,15.520000457763672,15.529999732971191,15.520000457763672,15.520000457763672,27220,0.0,0.0,0.0
2024-08-06 03:50:00+00:00,15.520000457763672,15.579999923706055,15.520000457763672,15.539999961853027,597261,0.0,0.0,0.0
2024-08-06 03:55:00+00:00,15.539999961853027,15.539999961853027,15.5,15.5,586663,0.0,0.0,0.0
2024-08-06 04:00:00+00:00,15.5,15.510000228881836,15.5,15.510000228881836,24707,0.0,0.0,0.0
2024-08-06 04:05:00+00:00,15.510000228881836,15.510000228881836,15.489999771118164,15.489999771118164,141489,0.0,0.0,0.0
2024-08-06 04:10:00+00:00,15.510000228881836,15.529999732971191,15.510000228881836,15.529999732971191,9450,0.0,0.0,0.0
2024-08-06 04:15:00+00:00,15.529999732971191,15.539999961853027,15.510000228881836,15.539999961853027,174450,0.0,0.0,0.0
2024-08-06 04:20:00+00:00,15.550000190734863,15.550000190734863,15.550000190734863,15.550000190734863,14047,0.0,0.0,0.0
2024-08-06 04:25:00+00:00,15.539999961853027,15.569999694824219,15.539999961853027,15.569999694824219,65550,0.0,0.0,0.0
2024-08-06 04:30:00+00:00,15.5600004196167,15.5600004196167,15.520000457763672,15.529999732971191,106492,0.0,0.0,0.0
2024-08-06 04:35:00+00:00,15.520000457763672,15.520000457763672,15.5,15.5,65402,0.0,0.0,0.0
2024-08-06 04:40:00+00:00,15.5,15.5,15.470000267028809,15.470000267028809,31829,0.0,0.0,0.0
2024-08-06 04:45:00+00:00,15.470000267028809,15.470000267028809,15.430000305175781,15.470000267028809,59331,0.0,0.0,0.0
2024-08-06 04:50:00+00:00,15.460000038146973,15.460000038146973,15.430000305175781,15.430000305175781,56200,0.0,0.0,0.0
2024-08-06 04:55:00+00:00,15.430000305175781,15.449999809265137,15.399999618530273,15.449999809265137,34445,0.0,0.0,0.0
2024-08-06 05:00:00+00:00,15.449999809265137,15.470000267028809,15.449999809265137,15.470000267028809,2310,0.0,0.0,0.0
2024-08-06 05:05:00+00:00,15.470000267028809,15.470000267028809,15.380000114440918,15.380000114440918,84705,0.0,0.0,0.0
2024-08-07 01:00:00+00:00,15.470000267028809,15.609999656677246,15.470000267028809,15.600000381469727,0,0.0,0.0,0.0
2024-08-07 01:05:00+00:00,15.600000381469727,15.600000381469727,15.5,15.520000457763672,34421,0.0,0.0,0.0
2024-08-07 01:10:00+00:00,15.539999961853027,15.539999961853027,15.520000457763672,15.529999732971191,231798,0.0,0.0,0.0
2024-08-07 01:15:00+00:00,15.539999961853027,15.5600004196167,15.539999961853027,15.5600004196167,45581,0.0,0.0,0.0
2024-08-07 01:20:00+00:00,15.5600004196167,15.59000015258789,15.550000190734863,15.550000190734863,113350,0.0,0.0,0.0
2024-08-07 01:25:00+00:00,15.550000190734863,15.600000381469727,15.550000190734863,15.600000381469727,506120,0.0,0.0,0.0
2024-08-07 01:30:00+00:00,15.600000381469727,15.630000114440918,15.600000381469727,15.619999885559082,156640,0.0,0.0,0.0
2024-08-07 01:35:00+00:00,15.630000114440918,15.65999984741211,15.609999656677246,15.65999984741211,38000,0.0,0.0,0.0
2024-08-07 01:40:00+00:00,15.65999984741211,15.670000076293945,15.65999984741211,15.670000076293945,251000,0.0,0.0,0.0
2024-08-07 01:45:00+00:00,15.680000305175781,15.710000038146973,15.680000305175781,15.699999809265137,37409,0.0,0.0,0.0
2024-08-07 01:50:00+00:00,15.710000038146973,15.729999542236328,15.710000038146973,15.720000267028809,18032,0.0,0.0,0.0
2024-08-07 01:55:00+00:00,15.729999542236328,15.739999771118164,15.720000267028809,15.739999771118164,460000,0.0,0.0,0.0
2024-08-07 02:00:00+00:00,15.729999542236328,15.729999542236328,15.65999984741211,15.65999984741211,291033,0.0,0.0,0.0
2024-08-07 02:05:00+00:00,15.670000076293945,15.670000076293945,15.65999984741211,15.670000076293945,139400,0.0,0.0,0.0
2024-08-07 02:10:00+00:00,15.670000076293945,15.6899995803833,15.670000076293945,15.680000305175781,48121,0.0,0.0,0.0
2024-08-07 02:15:00+00:00,15.670000076293945,15.670000076293945,15.649999618530273,15.65999984741211,44050,0.0,0.0,0.0
2024-08-07 02:20:00+00:00,15.670000076293945,15.739999771118164,15.65999984741211,15.739999771118164,445568,0.0,0.0,0.0
2024-08-07 02:25:00+00:00,15.739999771118164,15.75,15.739999771118164,15.75,16017,0.0,0.0,0.0
2024-08-07 02:30:00+00:00,15.75,15.75,15.739999771118164,15.739999771118164,5400,0.0,0.0,0.0
2024-08-07 02:35:00+00:00,15.739999771118164,15.75,15.729999542236328,15.75,65573,0.0,0.0,0.0
2024-08-07 02:40:00+00:00,15.739999771118164,15.739999771118164,15.729999542236328,15.739999771118164,24011,0.0,0.0,0.0
2024-08-07 02:45:00+00:00,15.75,15.75,15.75,15.75,10184,0.0,0.0,0.0
2024-08-07 02:50:00+00:00,15.75,15.75,15.6899995803833,15.6899995803833,207262,0.0,0.0,0.0
2024-08-07 02:55:00+00:00,15.680000305175781,15.680000305175781,15.680000305175781,15.680000305175781,9000,0.0,0.0,0.0
2024-08-07 03:00:00+00:00,15.680000305175781,15.6899995803833,15.680000305175781,15.6899995803833,23613,0.0,0.0,0.0
2024-08-07 03:05:00+00:00,15.699999809265137,15.699999809265137,15.6899995803833,15.699999809265137,5000,0.0,0.0,0.0
2024-08-07 03:10:00+00:00,15.699999809265137,15.720000267028809,15.699999809265137,15.720000267028809,214210,0.0,0.0,0.0
2024-08-07 03:15:00+00:00,15.720000267028809,15.720000267028809,15.6899995803833,15.6899995803833,22250,0.0,0.0,0.0
2024-08-07 03:20:00+00:00,15.720000267028809,15.729999542236328,15.720000267028809,15.720000267028809,11148,0.0,0.0,0.0
2024-08-07 03:25:00+00:00,15.75,15.75,15.739999771118164,15.739999771118164,5100,0.0,0.0,0.0
2024-08-07 03:30:00+00:00,15.739999771118164,15.739999771118164,15.720000267028809,15.720000267028809,13398,0.0,0.0,0.0
2024-08-07 03:35:00+00:00,15.729999542236328,15.739999771118164,15.729999542236328,15.729999542236328,8135,0.0,0.0,0.0
2024-08-07 03:40:00+00:00,15.75,15.760000228881836,15.75,15.760000228881836,4020,0.0,0.0,0.0
2024-08-07 03:45:00+00:00,15.760000228881836,15.770000457763672,15.760000228881836,15.760000228881836,18000,0.0,0.0,0.0
2024-08-07 03:50:00+00:00,15.760000228881836,15.760000228881836,15.739999771118164,15.739999771118164,14095,0.0,0.0,0.0
2024-08-07 03:55:00+00:00,15.75,15.779999732971191,15.75,15.779999732971191,11100,0.0,0.0,0.0
2024-08-07 04:00:00+00:00,15.75,15.800000190734863,15.75,15.800000190734863,42302,0.0,0.0,0.0
2024-08-07 04:05:00+00:00,15.8100004196167,15.8100004196167,15.800000190734863,15.800000190734863,22090,0.0,0.0,0.0
2024-08-07 04:10:00+00:00,15.8100004196167,15.8100004196167,15.800000190734863,15.800000190734863,5090,0.0,0.0,0.0
2024-08-07 04:15:00+00:00,15.8100004196167,15.8100004196167,15.800000190734863,15.800000190734863,45520,0.0,0.0,0.0
2024-08-07 04:20:00+00:00,15.8100004196167,15.8100004196167,15.800000190734863,15.800000190734863,20400,0.0,0.0,0.0
2024-08-07 04:25:00+00:00,15.800000190734863,15.800000190734863,15.800000190734863,15.800000190734863,12836,0.0,0.0,0.0
2024-08-07 04:30:00+00:00,15.8100004196167,15.819999694824219,15.8100004196167,15.819999694824219,7090,0.0,0.0,0.0
2024-08-07 04:35:00+00:00,15.819999694824219,15.819999694824219,15.819999694824219,15.819999694824219,4176,0.0,0.0,0.0
2024-08-07 04:40:00+00:00,15.8100004196167,15.819999694824219,15.8100004196167,15.819999694824219,19147,0.0,0.0,0.0
2024-08-07 04:45:00+00:00,15.819999694824219,15.819999694824219,15.819999694824219,15.819999694824219,5025,0.0,0.0,0.0
2024-08-07 04:50:00+00:00,15.819999694824219,15.819999694824219,15.819999694824219,15.819999694824219,62554,0.0,0.0,0.0
2024-08-07 04:55:00+00:00,15.8100004196167,15.8100004196167,15.789999961853027,15.789999961853027,55150,0.0,0.0,0.0
2024-08-07 05:00:00+00:00,15.779999732971191,15.779999732971191,15.75,15.75,67977,0.0,0.0,0.0
2024-08-07 05:05:00+00:00,15.760000228881836,15.760000228881836,15.760000228881836,15.760000228881836,1000,0.0,0.0,0.0
2024-08-07 05:10:00+00:00,15.779999732971191,15.800000190734863,15.779999732971191,15.800000190734863,8000,0.0,0.0,0.0
2024-08-08 01:00:00+00:00,15.65999984741211,15.65999984741211,15.550000190734863,15.5600004196167,0,0.0,0.0,0.0
2024-08-08 01:05:00+00:00,15.600000381469727,15.649999618530273,15.59000015258789,15.609999656677246,45416,0.0,0.0,0.0
2024-08-08 01:10:00+00:00,15.609999656677246,15.619999885559082,15.600000381469727,15.609999656677246,0,0.0,0.0,0.0
2024-08-08 01:15:00+00:00,15.670000076293945,15.670000076293945,15.649999618530273,15.649999618530273,385195,0.0,0.0,0.0
2024-08-08 01:20:00+00:00,15.65999984741211,15.65999984741211,15.600000381469727,15.609999656677246,93109,0.0,0.0,0.0
2024-08-08 01:25:00+00:00,15.609999656677246,15.609999656677246,15.539999961853027,15.539999961853027,130339,0.0,0.0,0.0
2024-08-08 01:30:00+00:00,15.579999923706055,15.579999923706055,15.539999961853027,15.550000190734863,99181,0.0,0.0,0.0
2024-08-08 01:35:00+00:00,15.550000190734863,15.550000190734863,15.539999961853027,15.539999961853027,205502,0.0,0.0,0.0
2024-08-08 01:40:00+00:00,15.539999961853027,15.5600004196167,15.539999961853027,15.5600004196167,17139,0.0,0.0,0.0
2024-08-08 01:45:00+00:00,15.579999923706055,15.579999923706055,15.550000190734863,15.579999923706055,67200,0.0,0.0,0.0
2024-08-08 01:50:00+00:00,15.579999923706055,15.619999885559082,15.579999923706055,15.619999885559082,96200,0.0,0.0,0.0
2024-08-08 01:55:00+00:00,15.619999885559082,15.630000114440918,15.619999885559082,15.630000114440918,185600,0.0,0.0,0.0
2024-08-08 02:00:00+00:00,15.649999618530273,15.680000305175781,15.649999618530273,15.680000305175781,11100,0.0,0.0,0.0
2024-08-08 02:05:00+00:00,15.680000305175781,15.710000038146973,15.680000305175781,15.710000038146973,94100,0.0,0.0,0.0
2024-08-08 02:10:00+00:00,15.710000038146973,15.729999542236328,15.710000038146973,15.729999542236328,8620,0.0,0.0,0.0
2024-08-08 02:15:00+00:00,15.729999542236328,15.729999542236328,15.699999809265137,15.710000038146973,83662,0.0,0.0,0.0
2024-08-08 02:20:00+00:00,15.720000267028809,15.729999542236328,15.710000038146973,15.720000267028809,121491,0.0,0.0,0.0
2024-08-08 02:25:00+00:00,15.75,15.75,15.720000267028809,15.729999542236328,239000,0.0,0.0,0.0
2024-08-08 02:30:00+00:00,15.720000267028809,15.729999542236328,15.6899995803833,15.6899995803833,45161,0.0,0.0,0.0
2024-08-08 02:35:00+00:00,15.680000305175781,15.6899995803833,15.680000305175781,15.6899995803833,30091,0.0,0.0,0.0
2024-08-08 02:40:00+00:00,15.699999809265137,15.699999809265137,15.699999809265137,15.699999809265137,3513,0.0,0.0,0.0
2024-08-08 02:45:00+00:00,15.699999809265137,15.710000038146973,15.699999809265137,15.710000038146973,119000,0.0,0.0,0.0
2024-08-08 02:50:00+00:00,15.710000038146973,15.710000038146973,15.649999618530273,15.65999984741211,83685,0.0,0.0,0.0
2024-08-08 02:55:00+00:00,15.65999984741211,15.65999984741211,15.65999984741211,15.65999984741211,55000,0.0,0.0,0.0
2024-08-08 03:00:00+00:00,15.670000076293945,15.670000076293945,15.65999984741211,15.670000076293945,14280,0.0,0.0,0.0
2024-08-08 03:10:00+00:00,15.670000076293945,15.680000305175781,15.670000076293945,15.680000305175781,2744,0.0,0.0,0.0
2024-08-08 03:20:00+00:00,15.699999809265137,15.710000038146973,15.699999809265137,15.710000038146973,157063,0.0,0.0,0.0
2024-08-08 03:25:00+00:00,15.720000267028809,15.729999542236328,15.720000267028809,15.729999542236328,4000,0.0,0.0,0.0
2024-08-08 03:30:00+00:00,15.739999771118164,15.739999771118164,15.729999542236328,15.729999542236328,22163,0.0,0.0,0.0
2024-08-08 03:35:00+00:00,15.729999542236328,15.729999542236328,15.720000267028809,15.729999542236328,36000,0.0,0.0,0.0
2024-08-08 03:40:00+00:00,15.729999542236328,15.729999542236328,15.699999809265137,15.699999809265137,42077,0.0,0.0,0.0
2024-08-08 03:45:00+00:00,15.710000038146973,15.710000038146973,15.710000038146973,15.710000038146973,30618,0.0,0.0,0.0
2024-08-08 03:50:00+00:00,15.710000038146973,15.710000038146973,15.710000038146973,15.710000038146973,15010,0.0,0.0,0.0
2024-08-08 03:55:00+00:00,15.710000038146973,15.710000038146973,15.6899995803833,15.6899995803833,308647,0.0,0.0,0.0
2024-08-08 04:00:00+00:00,15.680000305175781,15.6899995803833,15.670000076293945,15.670000076293945,30523,0.0,0.0,0.0
2024-08-08 04:05:00+00:00,15.65999984741211,15.65999984741211,15.649999618530273,15.649999618530273,110473,0.0,0.0,0.0
2024-08-08 04:10:00+00:00,15.670000076293945,15.670000076293945,15.670000076293945,15.670000076293945,1000,0.0,0.0,0.0
2024-08-08 04:15:00+00:00,15.670000076293945,15.670000076293945,15.670000076293945,15.670000076293945,1094,0.0,0.0,0.0
2024-08-08 04:20:00+00:00,15.670000076293945,15.670000076293945,15.670000076293945,15.670000076293945,1402,0.0,0.0,0.0
2024-08-08 04:25:00+00:00,15.6899995803833,15.6899995803833,15.670000076293945,15.680000305175781,5000,0.0,0.0,0.0
2024-08-08 04:30:00+00:00,15.670000076293945,15.6899995803833,15.670000076293945,15.680000305175781,41010,0.0,0.0,0.0
2024-08-08 04:35:00+00:00,15.670000076293945,15.670000076293945,15.609999656677246,15.609999656677246,257878,0.0,0.0,0.0
2024-08-08 04:40:00+00:00,15.600000381469727,15.630000114440918,15.600000381469727,15.630000114440918,320878,0.0,0.0,0.0
2024-08-08 04:45:00+00:00,15.619999885559082,15.619999885559082,15.59000015258789,15.600000381469727,163909,0.0,0.0,0.0
2024-08-08 04:50:00+00:00,15.600000381469727,15.600000381469727,15.600000381469727,15.600000381469727,11117,0.0,0.0,0.0
2024-08-08 04:55:00+00:00,15.600000381469727,15.609999656677246,15.600000381469727,15.609999656677246,99453,0.0,0.0,0.0
2024-08-08 05:00:00+00:00,15.619999885559082,15.619999885559082,15.619999885559082,15.619999885559082,51131,0.0,0.0,0.0
2024-08-08 05:05:00+00:00,15.619999885559082,15.640000343322754,15.619999885559082,15.640000343322754,12488,0.0,0.0,0.0
2024-08-09 01:00:00+00:00,15.880000114440918,15.890000343322754,15.84000015258789,15.890000343322754,0,0.0,0.0,0.0
2024-08-09 01:05:00+00:00,15.859999656677246,15.880000114440918,15.850000381469727,15.850000381469727,53397,0.0,0.0,0.0
2024-08-09 01:10:00+00:00,15.850000381469727,15.869999885559082,15.850000381469727,15.859999656677246,102453,0.0,0.0,0.0
2024-08-09 01:15:00+00:00,15.869999885559082,15.880000114440918,15.84000015258789,15.84000015258789,299860,0.0,0.0,0.0
2024-08-09 01:20:00+00:00,15.829999923706055,15.829999923706055,15.8100004196167,15.819999694824219,84414,0.0,0.0,0.0
2024-08-09 01:25:00+00:00,15.819999694824219,15.859999656677246,15.819999694824219,15.859999656677246,65111,0.0,0.0,0.0
2024-08-09 01:30:00+00:00,15.869999885559082,15.899999618530273,15.869999885559082,15.880000114440918,176396,0.0,0.0,0.0
2024-08-09 01:35:00+00:00,15.890000343322754,15.949999809265137,15.890000343322754,15.949999809265137,386118,0.0,0.0,0.0
2024-08-09 01:40:00+00:00,15.960000038146973,15.979999542236328,15.9399995803833,15.970000267028809,128150,0.0,0.0,0.0
2024-08-09 01:45:00+00:00,15.989999771118164,15.989999771118164,15.949999809265137,15.960000038146973,76350,0.0,0.0,0.0
2024-08-09 01:50:00+00:00,15.960000038146973,15.970000267028809,15.949999809265137,15.949999809265137,133000,0.0,0.0,0.0
2024-08-09 01:55:00+00:00,15.979999542236328,15.989999771118164,15.979999542236328,15.979999542236328,21020,0.0,0.0,0.0
2024-08-09 02:00:00+00:00,15.989999771118164,15.989999771118164,15.949999809265137,15.970000267028809,13133,0.0,0.0,0.0
2024-08-09 02:05:00+00:00,15.970000267028809,15.979999542236328,15.960000038146973,15.979999542236328,49007,0.0,0.0,0.0
2024-08-09 02:10:00+00:00,15.989999771118164,15.989999771118164,15.979999542236328,15.979999542236328,11546,0.0,0.0,0.0
2024-08-09 02:15:00+00:00,15.989999771118164,15.989999771118164,15.970000267028809,15.970000267028809,7211,0.0,0.0,0.0
2024-08-09 02:20:00+00:00,15.970000267028809,15.979999542236328,15.970000267028809,15.979999542236328,11050,0.0,0.0,0.0
2024-08-09 02:25:00+00:00,15.979999542236328,16.030000686645508,15.979999542236328,16.030000686645508,69019,0.0,0.0,0.0
2024-08-09 02:30:00+00:00,16.030000686645508,16.040000915527344,16.020000457763672,16.030000686645508,16200,0.0,0.0,0.0
2024-08-09 02:35:00+00:00,16.030000686645508,16.030000686645508,16.020000457763672,16.020000457763672,20408,0.0,0.0,0.0
2024-08-09 02:40:00+00:00,16.030000686645508,16.030000686645508,16.030000686645508,16.030000686645508,4000,0.0,0.0,0.0
2024-08-09 02:45:00+00:00,16.040000915527344,16.040000915527344,16.040000915527344,16.040000915527344,6750,0.0,0.0,0.0
2024-08-09 02:50:00+00:00,16.040000915527344,16.049999237060547,16.030000686645508,16.049999237060547,13268,0.0,0.0,0.0
2024-08-09 02:55:00+00:00,16.049999237060547,16.059999465942383,16.049999237060547,16.059999465942383,16000,0.0,0.0,0.0
2024-08-09 03:00:00+00:00,16.049999237060547,16.06999969482422,16.049999237060547,16.059999465942383,99543,0.0,0.0,0.0
2024-08-09 03:05:00+00:00,16.059999465942383,16.059999465942383,16.059999465942383,16.059999465942383,35720,0.0,0.0,0.0
2024-08-09 03:10:00+00:00,16.06999969482422,16.06999969482422,16.06999969482422,16.06999969482422,35000,0.0,0.0,0.0
2024-08-09 03:15:00+00:00,16.06999969482422,16.06999969482422,16.059999465942383,16.059999465942383,34000,0.0,0.0,0.0
2024-08-09 03:20:00+00:00,16.059999465942383,16.059999465942383,16.040000915527344,16.040000915527344,129000,0.0,0.0,0.0
2024-08-09 03:25:00+00:00,16.040000915527344,16.040000915527344,16.0,16.0,109000,0.0,0.0,0.0
2024-08-09 03:30:00+00:00,16.020000457763672,16.020000457763672,16.0,16.0,3010,0.0,0.0,0.0
2024-08-09 03:35:00+00:00,16.010000228881836,16.010000228881836,15.970000267028809,15.970000267028809,203763,0.0,0.0,0.0
2024-08-09 03:40:00+00:00,15.960000038146973,15.960000038146973,15.9399995803833,15.949999809265137,112288,0.0,0.0,0.0
2024-08-09 03:45:00+00:00,15.949999809265137,15.949999809265137,15.930000305175781,15.930000305175781,32114,0.0,0.0,0.0
2024-08-09 03:50:00+00:00,15.979999542236328,15.979999542236328,15.979999542236328,15.979999542236328,18030,0.0,0.0,0.0
2024-08-09 03:55:00+00:00,15.979999542236328,16.0,15.979999542236328,16.0,4071,0.0,0.0,0.0
2024-08-09 04:00:00+00:00,16.0,16.030000686645508,16.0,16.030000686645508,6050,0.0,0.0,0.0
2024-08-09 04:05:00+00:00,16.030000686645508,16.030000686645508,16.010000228881836,16.010000228881836,3000,0.0,0.0,0.0
2024-08-09 04:10:00+00:00,16.010000228881836,16.020000457763672,16.010000228881836,16.020000457763672,16083,0.0,0.0,0.0
2024-08-09 04:15:00+00:00,16.020000457763672,16.020000457763672,16.010000228881836,16.010000228881836,4314,0.0,0.0,0.0
2024-08-09 04:20:00+00:00,16.010000228881836,16.010000228881836,16.010000228881836,16.010000228881836,10200,0.0,0.0,0.0
2024-08-09 04:25:00+00:00,16.0,16.0,15.989999771118164,15.989999771118164,37207,0.0,0.0,0.0
2024-08-09 04:30:00+00:00,15.979999542236328,16.0,15.979999542236328,15.989999771118164,296028,0.0,0.0,0.0
2024-08-09 04:35:00+00:00,15.979999542236328,15.979999542236328,15.979999542236328,15.979999542236328,1230,0.0,0.0,0.0
2024-08-09 04:40:00+00:00,15.979999542236328,15.979999542236328,15.9399995803833,15.9399995803833,176180,0.0,0.0,0.0
2024-08-09 04:45:00+00:00,15.9399995803833,15.9399995803833,15.930000305175781,15.930000305175781,104887,0.0,0.0,0.0
2024-08-09 04:50:00+00:00,15.90999984741211,15.920000076293945,15.890000343322754,15.899999618530273,52746,0.0,0.0,0.0
2024-08-09 04:55:00+00:00,15.899999618530273,15.90999984741211,15.84000015258789,15.84000015258789,174212,0.0,0.0,0.0
2024-08-09 05:00:00+00:00,15.850000381469727,15.869999885559082,15.850000381469727,15.850000381469727,23344,0.0,0.0,0.0
2024-08-09 05:05:00+00:00,15.859999656677246,15.890000343322754,15.859999656677246,15.880000114440918,10439,0.0,0.0,0.0
2024-08-09 05:10:00+00:00,15.890000343322754,15.890000343322754,15.890000343322754,15.890000343322754,1000,0.0,0.0,0.0
2024-08-12 01:00:00+00:00,16.020000457763672,16.059999465942383,16.020000457763672,16.040000915527344,0,0.0,0.0,0.0
2024-08-12 01:05:00+00:00,16.040000915527344,16.040000915527344,16.010000228881836,16.010000228881836,255563,0.0,0.0,0.0
2024-08-12 01:10:00+00:00,16.020000457763672,16.059999465942383,16.010000228881836,16.059999465942383,115546,0.0,0.0,0.0
2024-08-12 01:15:00+00:00,16.059999465942383,16.06999969482422,16.049999237060547,16.06999969482422,207645,0.0,0.0,0.0
2024-08-12 01:20:00+00:00,16.06999969482422,16.06999969482422,16.040000915527344,16.049999237060547,244447,0.0,0.0,0.0
2024-08-12 01:25:00+00:00,16.049999237060547,16.06999969482422,16.049999237060547,16.06999969482422,238280,0.0,0.0,0.0
2024-08-12 01:30:00+00:00,16.059999465942383,16.079999923706055,16.059999465942383,16.079999923706055,88879,0.0,0.0,0.0
2024-08-12 01:35:00+00:00,16.079999923706055,16.110000610351562,16.06999969482422,16.110000610351562,76400,0.0,0.0,0.0
2024-08-12 01:40:00+00:00,16.110000610351562,16.110000610351562,16.06999969482422,16.06999969482422,220131,0.0,0.0,0.0
2024-08-12 01:45:00+00:00,16.059999465942383,16.079999923706055,16.049999237060547,16.049999237060547,203146,0.0,0.0,0.0
2024-08-12 01:50:00+00:00,16.049999237060547,16.06999969482422,16.040000915527344,16.06999969482422,70415,0.0,0.0,0.0
2024-08-12 01:55:00+00:00,16.06999969482422,16.06999969482422,16.040000915527344,16.040000915527344,64002,0.0,0.0,0.0
2024-08-12 02:00:00+00:00,16.030000686645508,16.040000915527344,16.030000686645508,16.040000915527344,95539,0.0,0.0,0.0
2024-08-12 02:05:00+00:00,16.040000915527344,16.049999237060547,16.030000686645508,16.040000915527344,48100,0.0,0.0,0.0
2024-08-12 02:10:00+00:00,16.040000915527344,16.059999465942383,16.040000915527344,16.049999237060547,65747,0.0,0.0,0.0
2024-08-12 02:15:00+00:00,16.06999969482422,16.06999969482422,16.059999465942383,16.06999969482422,33613,0.0,0.0,0.0
2024-08-12 02:20:00+00:00,16.06999969482422,16.06999969482422,16.030000686645508,16.030000686645508,136858,0.0,0.0,0.0
2024-08-12 02:25:00+00:00,16.030000686645508,16.06999969482422,16.030000686645508,16.06999969482422,408000,0.0,0.0,0.0
2024-08-12 02:30:00+00:00,16.059999465942383,16.100000381469727,16.059999465942383,16.100000381469727,411103,0.0,0.0,0.0
2024-08-12 02:35:00+00:00,16.100000381469727,16.100000381469727,16.09000015258789,16.09000015258789,35019,0.0,0.0,0.0
2024-08-12 02:40:00+00:00,16.079999923706055,16.09000015258789,16.06999969482422,16.09000015258789,58300,0.0,0.0,0.0
2024-08-12 02:45:00+00:00,16.079999923706055,16.079999923706055,16.06999969482422,16.06999969482422,34460,0.0,0.0,0.0
2024-08-12 02:50:00+00:00,16.06999969482422,16.079999923706055,16.06999969482422,16.079999923706055,25100,0.0,0.0,0.0
2024-08-12 02:55:00+00:00,16.06999969482422,16.06999969482422,16.06999969482422,16.06999969482422,32150,0.0,0.0,0.0
2024-08-12 03:00:00+00:00,16.059999465942383,16.06999969482422,16.049999237060547,16.06999969482422,67738,0.0,0.0,0.0
2024-08-12 03:05:00+00:00,16.06999969482422,16.06999969482422,16.059999465942383,16.06999969482422,30303,0.0,0.0,0.0
2024-08-12 03:10:00+00:00,16.06999969482422,16.06999969482422,16.06999969482422,16.06999969482422,22500,0.0,0.0,0.0
2024-08-12 03:15:00+00:00,16.06999969482422,16.06999969482422,16.059999465942383,16.059999465942383,112847,0.0,0.0,0.0
2024-08-12 03:20:00+00:00,16.049999237060547,16.059999465942383,16.040000915527344,16.040000915527344,176437,0.0,0.0,0.0
2024-08-12 03:25:00+00:00,16.049999237060547,16.059999465942383,16.040000915527344,16.040000915527344,41593,0.0,0.0,0.0
2024-08-12 03:30:00+00:00,16.040000915527344,16.040000915527344,16.030000686645508,16.030000686645508,133315,0.0,0.0,0.0
2024-08-12 03:40:00+00:00,16.040000915527344,16.040000915527344,16.040000915527344,16.040000915527344,59529,0.0,0.0,0.0
2024-08-12 03:45:00+00:00,16.049999237060547,16.049999237060547,16.049999237060547,16.049999237060547,102100,0.0,0.0,0.0
2024-08-12 03:50:00+00:00,16.049999237060547,16.049999237060547,16.049999237060547,16.049999237060547,66097,0.0,0.0,0.0
2024-08-12 03:55:00+00:00,16.049999237060547,16.059999465942383,16.049999237060547,16.049999237060547,65015,0.0,0.0,0.0
2024-08-12 04:00:00+00:00,16.049999237060547,16.059999465942383,16.049999237060547,16.059999465942383,15350,0.0,0.0,0.0
2024-08-12 04:05:00+00:00,16.049999237060547,16.059999465942383,16.049999237060547,16.059999465942383,21010,0.0,0.0,0.0
2024-08-12 04:10:00+00:00,16.059999465942383,16.059999465942383,16.040000915527344,16.040000915527344,76768,0.0,0.0,0.0
2024-08-12 04:15:00+00:00,16.049999237060547,16.049999237060547,16.049999237060547,16.049999237060547,5883,0.0,0.0,0.0
2024-08-12 04:20:00+00:00,16.049999237060547,16.049999237060547,16.049999237060547,16.049999237060547,9174,0.0,0.0,0.0
2024-08-12 04:25:00+00:00,16.06999969482422,16.079999923706055,16.06999969482422,16.06999969482422,15800,0.0,0.0,0.0
2024-08-12 04:30:00+00:00,16.06999969482422,16.06999969482422,16.059999465942383,16.06999969482422,29311,0.0,0.0,0.0
2024-08-12 04:35:00+00:00,16.079999923706055,16.09000015258789,16.079999923706055,16.079999923706055,20175,0.0,0.0,0.0
2024-08-12 04:40:00+00:00,16.079999923706055,16.079999923706055,16.079999923706055,16.079999923706055,3500,0.0,0.0,0.0
2024-08-12 04:45:00+00:00,16.079999923706055,16.079999923706055,16.06999969482422,16.06999969482422,61000,0.0,0.0,0.0
2024-08-12 04:50:00+00:00,16.06999969482422,16.079999923706055,16.059999465942383,16.06999969482422,106687,0.0,0.0,0.0
2024-08-12 04:55:00+00:00,16.059999465942383,16.06999969482422,16.049999237060547,16.049999237060547,72099,0.0,0.0,0.0
2024-08-12 05:00:00+00:00,16.049999237060547,16.049999237060547,16.049999237060547,16.049999237060547,79417,0.0,0.0,0.0
2024-08-13 01:00:00+00:00,16.149999618530273,16.149999618530273,16.049999237060547,16.059999465942383,0,0.0,0.0,0.0
2024-08-13 01:05:00+00:00,16.059999465942383,16.059999465942383,16.049999237060547,16.049999237060547,291186,0.0,0.0,0.0
2024-08-13 01:10:00+00:00,16.049999237060547,16.049999237060547,16.030000686645508,16.030000686645508,412686,0.0,0.0,0.0
2024-08-13 01:15:00+00:00,16.040000915527344,16.049999237060547,16.030000686645508,16.049999237060547,138520,0.0,0.0,0.0
2024-08-13 01:20:00+00:00,16.059999465942383,16.06999969482422,16.010000228881836,16.010000228881836,441858,0.0,0.0,0.0
2024-08-13 01:25:00+00:00,16.010000228881836,16.010000228881836,16.010000228881836,16.010000228881836,73242,0.0,0.0,0.0
2024-08-13 01:30:00+00:00,16.020000457763672,16.020000457763672,16.0,16.0,617290,0.0,0.0,0.0
2024-08-13 01:35:00+00:00,16.0,16.0,16.0,16.0,127836,0.0,0.0,0.0
2024-08-13 01:40:00+00:00,16.0,16.030000686645508,16.0,16.020000457763672,174787,0.0,0.0,0.0
2024-08-13 01:45:00+00:00,16.020000457763672,16.020000457763672,15.989999771118164,15.989999771118164,519740,0.0,0.0,0.0
2024-08-13 01:50:00+00:00,15.989999771118164,16.0,15.989999771118164,15.989999771118164,224922,0.0,0.0,0.0
2024-08-13 01:55:00+00:00,15.989999771118164,15.989999771118164,15.979999542236328,15.979999542236328,333061,0.0,0.0,0.0
2024-08-13 02:00:00+00:00,15.989999771118164,15.989999771118164,15.979999542236328,15.989999771118164,94267,0.0,0.0,0.0
2024-08-13 02:05:00+00:00,15.989999771118164,15.989999771118164,15.960000038146973,15.970000267028809,230002,0.0,0.0,0.0
2024-08-13 02:10:00+00:00,15.970000267028809,15.970000267028809,15.949999809265137,15.949999809265137,422415,0.0,0.0,0.0
2024-08-13 02:15:00+00:00,15.9399995803833,15.949999809265137,15.9399995803833,15.9399995803833,87100,0.0,0.0,0.0
2024-08-13 02:20:00+00:00,15.949999809265137,15.949999809265137,15.9399995803833,15.9399995803833,121108,0.0,0.0,0.0
2024-08-13 02:25:00+00:00,15.949999809265137,15.949999809265137,15.930000305175781,15.930000305175781,184023,0.0,0.0,0.0
2024-08-13 02:30:00+00:00,15.930000305175781,15.9399995803833,15.920000076293945,15.930000305175781,180734,0.0,0.0,0.0
2024-08-13 02:35:00+00:00,15.930000305175781,15.9399995803833,15.90999984741211,15.9399995803833,230071,0.0,0.0,0.0
2024-08-13 02:40:00+00:00,15.9399995803833,15.9399995803833,15.9399995803833,15.9399995803833,16758,0.0,0.0,0.0
2024-08-13 02:45:00+00:00,15.9399995803833,15.9399995803833,15.920000076293945,15.930000305175781,124248,0.0,0.0,0.0
2024-08-13 02:50:00+00:00,15.920000076293945,15.930000305175781,15.90999984741211,15.90999984741211,173269,0.0,0.0,0.0
2024-08-13 02:55:00+00:00,15.920000076293945,15.920000076293945,15.90999984741211,15.920000076293945,89740,0.0,0.0,0.0
2024-08-13 03:00:00+00:00,15.920000076293945,15.930000305175781,15.920000076293945,15.930000305175781,172016,0.0,0.0,0.0
2024-08-13 03:05:00+00:00,15.930000305175781,15.930000305175781,15.920000076293945,15.920000076293945,89586,0.0,0.0,0.0
2024-08-13 03:10:00+00:00,15.920000076293945,15.930000305175781,15.920000076293945,15.920000076293945,58703,0.0,0.0,0.0
2024-08-13 03:15:00+00:00,15.930000305175781,15.930000305175781,15.920000076293945,15.930000305175781,141707,0.0,0.0,0.0
2024-08-13 03:20:00+00:00,15.930000305175781,15.930000305175781,15.920000076293945,15.920000076293945,153331,0.0,0.0,0.0
2024-08-13 03:25:00+00:00,15.930000305175781,15.930000305175781,15.920000076293945,15.920000076293945,14550,0.0,0.0,0.0
2024-08-13 03:30:00+00:00,15.930000305175781,15.930000305175781,15.920000076293945,15.920000076293945,61771,0.0,0.0,0.0
2024-08-13 03:35:00+00:00,15.920000076293945,15.930000305175781,15.920000076293945,15.920000076293945,25314,0.0,0.0,0.0
2024-08-13 03:40:00+00:00,15.930000305175781,15.930000305175781,15.930000305175781,15.930000305175781,25641,0.0,0.0,0.0
2024-08-13 03:45:00+00:00,15.930000305175781,15.930000305175781,15.930000305175781,15.930000305175781,27640,0.0,0.0,0.0
2024-08-13 03:50:00+00:00,15.930000305175781,15.930000305175781,15.930000305175781,15.930000305175781,8925,0.0,0.0,0.0
2024-08-13 03:55:00+00:00,15.930000305175781,15.930000305175781,15.920000076293945,15.930000305175781,270048,0.0,0.0,0.0
2024-08-13 04:00:00+00:00,15.930000305175781,15.930000305175781,15.930000305175781,15.930000305175781,17310,0.0,0.0,0.0
2024-08-13 04:05:00+00:00,15.920000076293945,15.930000305175781,15.920000076293945,15.930000305175781,36966,0.0,0.0,0.0
2024-08-13 04:10:00+00:00,15.920000076293945,15.930000305175781,15.920000076293945,15.930000305175781,31716,0.0,0.0,0.0
2024-08-13 04:15:00+00:00,15.930000305175781,15.930000305175781,15.930000305175781,15.930000305175781,11050,0.0,0.0,0.0
2024-08-13 04:20:00+00:00,15.930000305175781,15.930000305175781,15.920000076293945,15.920000076293945,85297,0.0,0.0,0.0
2024-08-13 04:25:00+00:00,15.930000305175781,15.930000305175781,15.920000076293945,15.930000305175781,194785,0.0,0.0,0.0
2024-08-13 04:30:00+00:00,15.930000305175781,15.9399995803833,15.930000305175781,15.930000305175781,240393,0.0,0.0,0.0
2024-08-13 04:35:00+00:00,15.9399995803833,15.9399995803833,15.930000305175781,15.9399995803833,50850,0.0,0.0,0.0
2024-08-13 04:40:00+00:00,15.9399995803833,15.960000038146973,15.9399995803833,15.960000038146973,316010,0.0,0.0,0.0
2024-08-13 04:45:00+00:00,15.960000038146973,15.960000038146973,15.949999809265137,15.960000038146973,59500,0.0,0.0,0.0
2024-08-13 04:50:00+00:00,15.949999809265137,15.960000038146973,15.949999809265137,15.960000038146973,144923,0.0,0.0,0.0
2024-08-13 04:55:00+00:00,15.949999809265137,15.960000038146973,15.949999809265137,15.960000038146973,215355,0.0,0.0,0.0
2024-08-13 05:00:00+00:00,15.960000038146973,15.960000038146973,15.930000305175781,15.930000305175781,340619,0.0,0.0,0.0
2024-08-13 05:05:00+00:00,15.930000305175781,15.9399995803833,15.920000076293945,15.930000305175781,547338,0.0,0.0,0.0
2024-08-13 05:10:00+00:00,15.930000305175781,15.930000305175781,15.920000076293945,15.920000076293945,300000,0.0,0.0,0.0
2024-08-14 01:00:00+00:00,16.020000457763672,16.059999465942383,16.020000457763672,16.049999237060547,0,0.0,0.0,0.0
2024-08-14 01:05:00+00:00,16.049999237060547,16.100000381469727,16.049999237060547,16.09000015258789,258805,0.0,0.0,0.0
2024-08-14 01:10:00+00:00,16.09000015258789,16.139999389648438,16.079999923706055,16.139999389648438,218133,0.0,0.0,0.0
2024-08-14 01:15:00+00:00,16.139999389648438,16.139999389648438,16.1200008392334,16.1200008392334,220473,0.0,0.0,0.0
2024-08-14 01:20:00+00:00,16.1200008392334,16.1200008392334,16.110000610351562,16.110000610351562,50755,0.0,0.0,0.0
2024-08-14 01:25:00+00:00,16.100000381469727,16.1200008392334,16.100000381469727,16.100000381469727,39000,0.0,0.0,0.0
2024-08-14 01:30:00+00:00,16.110000610351562,16.1299991607666,16.100000381469727,16.1299991607666,116217,0.0,0.0,0.0
2024-08-14 01:35:00+00:00,16.139999389648438,16.149999618530273,16.139999389648438,16.149999618530273,79665,0.0,0.0,0.0
2024-08-14 01:40:00+00:00,16.15999984741211,16.190000534057617,16.15999984741211,16.190000534057617,117903,0.0,0.0,0.0
2024-08-14 01:45:00+00:00,16.190000534057617,16.190000534057617,16.149999618530273,16.149999618530273,93166,0.0,0.0,0.0
2024-08-14 01:50:00+00:00,16.15999984741211,16.18000030517578,16.15999984741211,16.18000030517578,32100,0.0,0.0,0.0
2024-08-14 01:55:00+00:00,16.18000030517578,16.18000030517578,16.170000076293945,16.170000076293945,39321,0.0,0.0,0.0
2024-08-14 02:00:00+00:00,16.170000076293945,16.170000076293945,16.139999389648438,16.139999389648438,188200,0.0,0.0,0.0
2024-08-14 02:05:00+00:00,16.139999389648438,16.139999389648438,16.1200008392334,16.139999389648438,180152,0.0,0.0,0.0
2024-08-14 02:10:00+00:00,16.1200008392334,16.1200008392334,16.059999465942383,16.079999923706055,575397,0.0,0.0,0.0
2024-08-14 02:15:00+00:00,16.06999969482422,16.06999969482422,16.049999237060547,16.059999465942383,72852,0.0,0.0,0.0
2024-08-14 02:20:00+00:00,16.059999465942383,16.059999465942383,16.059999465942383,16.059999465942383,40363,0.0,0.0,0.0
2024-08-14 02:25:00+00:00,16.059999465942383,16.059999465942383,16.049999237060547,16.059999465942383,198300,0.0,0.0,0.0
2024-08-14 02:30:00+00:00,16.06999969482422,16.079999923706055,16.06999969482422,16.06999969482422,33148,0.0,0.0,0.0
2024-08-14 02:35:00+00:00,16.06999969482422,16.06999969482422,16.06999969482422,16.06999969482422,20049,0.0,0.0,0.0
2024-08-14 02:40:00+00:00,16.079999923706055,16.100000381469727,16.079999923706055,16.100000381469727,193458,0.0,0.0,0.0
2024-08-14 02:45:00+00:00,16.100000381469727,16.100000381469727,16.079999923706055,16.09000015258789,79398,0.0,0.0,0.0
2024-08-14 02:50:00+00:00,16.09000015258789,16.100000381469727,16.09000015258789,16.100000381469727,41705,0.0,0.0,0.0
2024-08-14 02:55:00+00:00,16.100000381469727,16.100000381469727,16.100000381469727,16.100000381469727,42185,0.0,0.0,0.0
2024-08-14 03:00:00+00:00,16.100000381469727,16.100000381469727,16.09000015258789,16.09000015258789,92780,0.0,0.0,0.0
2024-08-14 03:05:00+00:00,16.100000381469727,16.100000381469727,16.09000015258789,16.09000015258789,13699,0.0,0.0,0.0
2024-08-14 03:10:00+00:00,16.09000015258789,16.100000381469727,16.09000015258789,16.100000381469727,12000,0.0,0.0,0.0
2024-08-14 03:15:00+00:00,16.100000381469727,16.100000381469727,16.09000015258789,16.100000381469727,21160,0.0,0.0,0.0
2024-08-14 03:20:00+00:00,16.09000015258789,16.09000015258789,16.09000015258789,16.09000015258789,3941,0.0,0.0,0.0
2024-08-14 03:30:00+00:00,16.110000610351562,16.110000610351562,16.110000610351562,16.110000610351562,1014,0.0,0.0,0.0
2024-08-14 03:35:00+00:00,16.110000610351562,16.110000610351562,16.110000610351562,16.110000610351562,16100,0.0,0.0,0.0
2024-08-14 03:40:00+00:00,16.110000610351562,16.1200008392334,16.110000610351562,16.1200008392334,19872,0.0,0.0,0.0
2024-08-14 03:45:00+00:00,16.1200008392334,16.1200008392334,16.1200008392334,16.1200008392334,104392,0.0,0.0,0.0
2024-08-14 03:50:00+00:00,16.1299991607666,16.1299991607666,16.1200008392334,16.1200008392334,13456,0.0,0.0,0.0
2024-08-14 03:55:00+00:00,16.110000610351562,16.110000610351562,16.09000015258789,16.100000381469727,182000,0.0,0.0,0.0
2024-08-14 04:00:00+00:00,16.100000381469727,16.100000381469727,16.079999923706055,16.09000015258789,30409,0.0,0.0,0.0
2024-08-14 04:05:00+00:00,16.09000015258789,16.09000015258789,16.09000015258789,16.09000015258789,16271,0.0,0.0,0.0
2024-08-14 04:10:00+00:00,16.079999923706055,16.09000015258789,16.079999923706055,16.09000015258789,69355,0.0,0.0,0.0
2024-08-14 04:15:00+00:00,16.100000381469727,16.100000381469727,16.09000015258789,16.09000015258789,10017,0.0,0.0,0.0
2024-08-14 04:20:00+00:00,16.100000381469727,16.100000381469727,16.100000381469727,16.100000381469727,5245,0.0,0.0,0.0
2024-08-14 04:25:00+00:00,16.100000381469727,16.100000381469727,16.09000015258789,16.09000015258789,18180,0.0,0.0,0.0
2024-08-14 04:30:00+00:00,16.100000381469727,16.100000381469727,16.09000015258789,16.100000381469727,19400,0.0,0.0,0.0
2024-08-14 04:35:00+00:00,16.100000381469727,16.100000381469727,16.100000381469727,16.100000381469727,42401,0.0,0.0,0.0
2024-08-14 04:40:00+00:00,16.110000610351562,16.110000610351562,16.110000610351562,16.110000610351562,5027,0.0,0.0,0.0
2024-08-14 04:45:00+00:00,16.100000381469727,16.110000610351562,16.100000381469727,16.100000381469727,27350,0.0,0.0,0.0
2024-08-14 04:50:00+00:00,16.100000381469727,16.110000610351562,16.100000381469727,16.110000610351562,56425,0.0,0.0,0.0
2024-08-14 04:55:00+00:00,16.100000381469727,16.100000381469727,16.100000381469727,16.100000381469727,15510,0.0,0.0,0.0
2024-08-14 05:00:00+00:00,16.100000381469727,16.110000610351562,16.09000015258789,16.100000381469727,122964,0.0,0.0,0.0
2024-08-14 05:05:00+00:00,16.100000381469727,16.100000381469727,16.09000015258789,16.100000381469727,18595,0.0,0.0,0.0
2024-08-14 05:10:00+00:00,16.09000015258789,16.100000381469727,16.09000015258789,16.100000381469727,169500,0.0,0.0,0.0
2024-08-14 05:15:00+00:00,16.100000381469727,16.100000381469727,16.09000015258789,16.100000381469727,110736,0.0,0.0,0.0
2024-08-14 05:20:00+00:00,16.100000381469727,16.100000381469727,16.09000015258789,16.100000381469727,37203,0.0,0.0,0.0
2024-08-15 01:00:00+00:00,16.229999542236328,16.239999771118164,16.200000762939453,16.209999084472656,0,0.0,0.0,0.0
2024-08-15 01:05:00+00:00,16.200000762939453,16.209999084472656,16.18000030517578,16.190000534057617,155676,0.0,0.0,0.0
2024-08-15 01:10:00+00:00,16.190000534057617,16.190000534057617,16.170000076293945,16.170000076293945,56772,0.0,0.0,0.0
2024-08-15 01:15:00+00:00,16.170000076293945,16.170000076293945,16.139999389648438,16.139999389648438,121748,0.0,0.0,0.0
2024-08-15 01:20:00+00:00,16.139999389648438,16.139999389648438,16.1299991607666,16.1299991607666,89708,0.0,0.0,0.0
2024-08-15 01:25:00+00:00,16.1299991607666,16.1299991607666,16.110000610351562,16.110000610351562,229674,0.0,0.0,0.0
2024-08-15 01:30:00+00:00,16.100000381469727,16.100000381469727,16.079999923706055,16.100000381469727,138923,0.0,0.0,0.0
2024-08-15 01:35:00+00:00,16.100000381469727,16.1200008392334,16.100000381469727,16.1200008392334,65358,0.0,0.0,0.0
2024-08-15 01:40:00+00:00,16.1299991607666,16.149999618530273,16.1299991607666,16.149999618530273,14042,0.0,0.0,0.0
2024-08-15 01:45:00+00:00,16.139999389648438,16.149999618530273,16.139999389648438,16.149999618530273,7000,0.0,0.0,0.0
2024-08-15 01:50:00+00:00,16.149999618530273,16.149999618530273,16.139999389648438,16.139999389648438,142260,0.0,0.0,0.0
2024-08-15 01:55:00+00:00,16.149999618530273,16.149999618530273,16.110000610351562,16.110000610351562,134768,0.0,0.0,0.0
2024-08-15 02:00:00+00:00,16.110000610351562,16.110000610351562,16.100000381469727,16.110000610351562,55506,0.0,0.0,0.0
2024-08-15 02:05:00+00:00,16.100000381469727,16.110000610351562,16.09000015258789,16.100000381469727,32735,0.0,0.0,0.0
2024-08-15 02:10:00+00:00,16.100000381469727,16.110000610351562,16.100000381469727,16.100000381469727,73129,0.0,0.0,0.0
2024-08-15 02:15:00+00:00,16.110000610351562,16.110000610351562,16.110000610351562,16.110000610351562,9142,0.0,0.0,0.0
2024-08-15 02:20:00+00:00,16.1200008392334,16.1200008392334,16.1200008392334,16.1200008392334,2000,0.0,0.0,0.0
2024-08-15 02:25:00+00:00,16.1200008392334,16.1200008392334,16.110000610351562,16.1200008392334,35159,0.0,0.0,0.0
2024-08-15 02:30:00+00:00,16.1200008392334,16.1200008392334,16.1200008392334,16.1200008392334,43000,0.0,0.0,0.0
2024-08-15 02:35:00+00:00,16.1200008392334,16.139999389648438,16.1200008392334,16.139999389648438,35200,0.0,0.0,0.0
2024-08-15 02:40:00+00:00,16.139999389648438,16.139999389648438,16.1200008392334,16.1200008392334,25105,0.0,0.0,0.0
2024-08-15 02:45:00+00:00,16.1200008392334,16.139999389648438,16.1200008392334,16.139999389648438,83100,0.0,0.0,0.0
2024-08-15 02:55:00+00:00,16.1299991607666,16.1299991607666,16.1200008392334,16.1200008392334,122570,0.0,0.0,0.0
2024-08-15 03:00:00+00:00,16.1200008392334,16.1200008392334,16.110000610351562,16.110000610351562,161693,0.0,0.0,0.0
2024-08-15 03:05:00+00:00,16.1200008392334,16.1200008392334,16.1200008392334,16.1200008392334,2000,0.0,0.0,0.0
2024-08-15 03:10:00+00:00,16.110000610351562,16.1200008392334,16.100000381469727,16.1200008392334,180162,0.0,0.0,0.0
2024-08-15 03:15:00+00:00,16.1200008392334,16.1200008392334,16.1200008392334,16.1200008392334,4224,0.0,0.0,0.0
2024-08-15 03:20:00+00:00,16.1200008392334,16.1200008392334,16.1200008392334,16.1200008392334,22651,0.0,0.0,0.0
2024-08-15 03:25:00+00:00,16.110000610351562,16.110000610351562,16.110000610351562,16.110000610351562,25024,0.0,0.0,0.0
2024-08-15 03:30:00+00:00,16.110000610351562,16.110000610351562,16.100000381469727,16.110000610351562,19075,0.0,0.0,0.0
2024-08-15 03:35:00+00:00,16.110000610351562,16.110000610351562,16.100000381469727,16.100000381469727,110187,0.0,0.0,0.0
2024-08-15 03:40:00+00:00,16.110000610351562,16.110000610351562,16.100000381469727,16.110000610351562,81065,0.0,0.0,0.0
2024-08-15 03:45:00+00:00,16.110000610351562,16.110000610351562,16.09000015258789,16.09000015258789,136943,0.0,0.0,0.0
2024-08-15 03:50:00+00:00,16.100000381469727,16.100000381469727,16.100000381469727,16.100000381469727,12991,0.0,0.0,0.0
2024-08-15 03:55:00+00:00,16.100000381469727,16.100000381469727,16.09000015258789,16.100000381469727,141500,0.0,0.0,0.0
2024-08-15 04:00:00+00:00,16.100000381469727,16.100000381469727,16.100000381469727,16.100000381469727,13222,0.0,0.0,0.0
2024-08-15 04:05:00+00:00,16.100000381469727,16.110000610351562,16.100000381469727,16.110000610351562,49208,0.0,0.0,0.0
2024-08-15 04:10:00+00:00,16.110000610351562,16.110000610351562,16.110000610351562,16.110000610351562,4162,0.0,0.0,0.0
2024-08-15 04:15:00+00:00,16.110000610351562,16.110000610351562,16.100000381469727,16.100000381469727,34042,0.0,0.0,0.0
2024-08-15 04:20:00+00:00,16.100000381469727,16.100000381469727,16.09000015258789,16.09000015258789,179733,0.0,0.0,0.0
2024-08-15 04:25:00+00:00,16.100000381469727,16.100000381469727,16.09000015258789,16.09000015258789,18200,0.0,0.0,0.0
2024-08-15 04:30:00+00:00,16.100000381469727,16.100000381469727,16.100000381469727,16.100000381469727,13000,0.0,0.0,0.0
2024-08-15 04:35:00+00:00,16.100000381469727,16.100000381469727,16.09000015258789,16.09000015258789,110757,0.0,0.0,0.0
2024-08-15 04:40:00+00:00,16.09000015258789,16.100000381469727,16.09000015258789,16.09000015258789,55654,0.0,0.0,0.0
2024-08-15 04:45:00+00:00,16.100000381469727,16.100000381469727,16.079999923706055,16.09000015258789,262054,0.0,0.0,0.0
2024-08-15 04:50:00+00:00,16.079999923706055,16.09000015258789,16.079999923706055,16.09000015258789,65099,0.0,0.0,0.0
2024-08-15 04:55:00+00:00,16.09000015258789,16.09000015258789,16.079999923706055,16.079999923706055,31808,0.0,0.0,0.0
2024-08-15 05:00:00+00:00,16.079999923706055,16.079999923706055,16.06999969482422,16.079999923706055,38539,0.0,0.0,0.0
2024-08-15 05:05:00+00:00,16.079999923706055,16.079999923706055,16.059999465942383,16.06999969482422,178856,0.0,0.0,0.0
2024-08-15 05:10:00+00:00,16.059999465942383,16.079999923706055,16.059999465942383,16.079999923706055,6185,0.0,0.0,0.0
2024-08-16 01:00:00+00:00,16.25,16.260000228881836,16.200000762939453,16.229999542236328,0,0.0,0.0,0.0
2024-08-16 01:05:00+00:00,16.209999084472656,16.209999084472656,16.200000762939453,16.200000762939453,39984,0.0,0.0,0.0
2024-08-16 01:10:00+00:00,16.200000762939453,16.209999084472656,16.200000762939453,16.209999084472656,54279,0.0,0.0,0.0
2024-08-16 01:15:00+00:00,16.219999313354492,16.219999313354492,16.209999084472656,16.219999313354492,74576,0.0,0.0,0.0
2024-08-16 01:20:00+00:00,16.229999542236328,16.260000228881836,16.229999542236328,16.260000228881836,226920,0.0,0.0,0.0
2024-08-16 01:25:00+00:00,16.270000457763672,16.280000686645508,16.260000228881836,16.280000686645508,76526,0.0,0.0,0.0
2024-08-16 01:30:00+00:00,16.280000686645508,16.31999969482422,16.280000686645508,16.309999465942383,197292,0.0,0.0,0.0
2024-08-16 01:35:00+00:00,16.309999465942383,16.31999969482422,16.309999465942383,16.31999969482422,88001,0.0,0.0,0.0
2024-08-16 01:40:00+00:00,16.329999923706055,16.350000381469727,16.329999923706055,16.34000015258789,150917,0.0,0.0,0.0
2024-08-16 01:45:00+00:00,16.34000015258789,16.350000381469727,16.299999237060547,16.299999237060547,147634,0.0,0.0,0.0
2024-08-16 01:50:00+00:00,16.290000915527344,16.290000915527344,16.25,16.25,57406,0.0,0.0,0.0
2024-08-16 01:55:00+00:00,16.25,16.25,16.25,16.25,37900,0.0,0.0,0.0
2024-08-16 02:00:00+00:00,16.260000228881836,16.290000915527344,16.25,16.270000457763672,72469,0.0,0.0,0.0
2024-08-16 02:05:00+00:00,16.270000457763672,16.270000457763672,16.260000228881836,16.270000457763672,73416,0.0,0.0,0.0
2024-08-16 02:10:00+00:00,16.280000686645508,16.280000686645508,16.280000686645508,16.280000686645508,13385,0.0,0.0,0.0
2024-08-16 02:15:00+00:00,16.290000915527344,16.299999237060547,16.290000915527344,16.299999237060547,51424,0.0,0.0,0.0
2024-08-16 02:20:00+00:00,16.309999465942383,16.309999465942383,16.299999237060547,16.299999237060547,12134,0.0,0.0,0.0
2024-08-16 02:25:00+00:00,16.299999237060547,16.309999465942383,16.299999237060547,16.309999465942383,74060,0.0,0.0,0.0
2024-08-16 02:30:00+00:00,16.309999465942383,16.309999465942383,16.299999237060547,16.299999237060547,85621,0.0,0.0,0.0
2024-08-16 02:35:00+00:00,16.299999237060547,16.309999465942383,16.299999237060547,16.309999465942383,23448,0.0,0.0,0.0
2024-08-16 02:40:00+00:00,16.299999237060547,16.299999237060547,16.290000915527344,16.290000915527344,164939,0.0,0.0,0.0
2024-08-16 02:45:00+00:00,16.299999237060547,16.299999237060547,16.299999237060547,16.299999237060547,51367,0.0,0.0,0.0
2024-08-16 02:50:00+00:00,16.290000915527344,16.290000915527344,16.280000686645508,16.280000686645508,54200,0.0,0.0,0.0
2024-08-16 02:55:00+00:00,16.280000686645508,16.290000915527344,16.280000686645508,16.280000686645508,23909,0.0,0.0,0.0
2024-08-16 03:00:00+00:00,16.290000915527344,16.290000915527344,16.290000915527344,16.290000915527344,21037,0.0,0.0,0.0
2024-08-16 03:05:00+00:00,16.290000915527344,16.290000915527344,16.290000915527344,16.290000915527344,10000,0.0,0.0,0.0
2024-08-16 03:10:00+00:00,16.290000915527344,16.290000915527344,16.280000686645508,16.280000686645508,60100,0.0,0.0,0.0
2024-08-16 03:15:00+00:00,16.290000915527344,16.290000915527344,16.270000457763672,16.280000686645508,272000,0.0,0.0,0.0
2024-08-16 03:20:00+00:00,16.280000686645508,16.280000686645508,16.280000686645508,16.280000686645508,24500,0.0,0.0,0.0
2024-08-16 03:25:00+00:00,16.280000686645508,16.280000686645508,16.280000686645508,16.280000686645508,12000,0.0,0.0,0.0
2024-08-16 03:30:00+00:00,16.280000686645508,16.280000686645508,16.270000457763672,16.280000686645508,191025,0.0,0.0,0.0
2024-08-16 03:40:00+00:00,16.280000686645508,16.290000915527344,16.270000457763672,16.270000457763672,36108,0.0,0.0,0.0
2024-08-16 03:45:00+00:00,16.280000686645508,16.280000686645508,16.280000686645508,16.280000686645508,41100,0.0,0.0,0.0
2024-08-16 03:50:00+00:00,16.290000915527344,16.290000915527344,16.290000915527344,16.290000915527344,2000,0.0,0.0,0.0
2024-08-16 03:55:00+00:00,16.280000686645508,16.280000686645508,16.280000686645508,16.280000686645508,11363,0.0,0.0,0.0
2024-08-16 04:00:00+00:00,16.280000686645508,16.280000686645508,16.280000686645508,16.280000686645508,14435,0.0,0.0,0.0
2024-08-16 04:05:00+00:00,16.280000686645508,16.280000686645508,16.280000686645508,16.280000686645508,58361,0.0,0.0,0.0
2024-08-16 04:10:00+00:00,16.280000686645508,16.280000686645508,16.270000457763672,16.270000457763672,14117,0.0,0.0,0.0
2024-08-16 04:15:00+00:00,16.270000457763672,16.280000686645508,16.270000457763672,16.270000457763672,160202,0.0,0.0,0.0
2024-08-16 04:20:00+00:00,16.270000457763672,16.280000686645508,16.270000457763672,16.280000686645508,428350,0.0,0.0,0.0
2024-08-16 04:25:00+00:00,16.280000686645508,16.280000686645508,16.280000686645508,16.280000686645508,42855,0.0,0.0,0.0
2024-08-16 04:30:00+00:00,16.280000686645508,16.280000686645508,16.280000686645508,16.280000686645508,21020,0.0,0.0,0.0
2024-08-16 04:35:00+00:00,16.280000686645508,16.280000686645508,16.270000457763672,16.280000686645508,116317,0.0,0.0,0.0
2024-08-16 04:40:00+00:00,16.270000457763672,16.270000457763672,16.260000228881836,16.260000228881836,112500,0.0,0.0,0.0
2024-08-16 04:45:00+00:00,16.260000228881836,16.270000457763672,16.260000228881836,16.270000457763672,18833,0.0,0.0,0.0
2024-08-16 04:50:00+00:00,16.270000457763672,16.280000686645508,16.270000457763672,16.270000457763672,51952,0.0,0.0,0.0
2024-08-16 04:55:00+00:00,16.270000457763672,16.270000457763672,16.260000228881836,16.270000457763672,45070,0.0,0.0,0.0
2024-08-16 05:00:00+00:00,16.270000457763672,16.270000457763672,16.260000228881836,16.260000228881836,19460,0.0,0.0,0.0
2024-08-16 05:05:00+00:00,16.270000457763672,16.270000457763672,16.260000228881836,16.260000228881836,44000,0.0,0.0,0.0
2024-08-16 05:10:00+00:00,16.270000457763672,16.270000457763672,16.270000457763672,16.270000457763672,8000,0.0,0.0,0.0
2024-08-19 01:00:00+00:00,16.270000457763672,16.309999465942383,16.229999542236328,16.260000228881836,0,0.0,0.0,0.0
2024-08-19 01:05:00+00:00,16.260000228881836,16.270000457763672,16.239999771118164,16.270000457763672,172782,0.0,0.0,0.0
2024-08-19 01:10:00+00:00,16.270000457763672,16.299999237060547,16.260000228881836,16.280000686645508,161413,0.0,0.0,0.0
2024-08-19 01:15:00+00:00,16.270000457763672,16.280000686645508,16.270000457763672,16.270000457763672,50773,0.0,0.0,0.0
2024-08-19 01:20:00+00:00,16.260000228881836,16.270000457763672,16.25,16.260000228881836,132869,0.0,0.0,0.0
2024-08-19 01:25:00+00:00,16.260000228881836,16.260000228881836,16.239999771118164,16.239999771118164,278217,0.0,0.0,0.0
2024-08-19 01:30:00+00:00,16.25,16.25,16.239999771118164,16.25,80162,0.0,0.0,0.0
2024-08-19 01:35:00+00:00,16.25,16.25,16.229999542236328,16.239999771118164,264909,0.0,0.0,0.0
2024-08-19 01:40:00+00:00,16.239999771118164,16.239999771118164,16.229999542236328,16.239999771118164,21378,0.0,0.0,0.0
2024-08-19 01:45:00+00:00,16.239999771118164,16.239999771118164,16.219999313354492,16.229999542236328,260809,0.0,0.0,0.0
2024-08-19 01:50:00+00:00,16.239999771118164,16.260000228881836,16.239999771118164,16.260000228881836,251420,0.0,0.0,0.0
2024-08-19 01:55:00+00:00,16.260000228881836,16.260000228881836,16.260000228881836,16.260000228881836,150645,0.0,0.0,0.0
2024-08-19 02:00:00+00:00,16.260000228881836,16.270000457763672,16.260000228881836,16.260000228881836,140507,0.0,0.0,0.0
2024-08-19 02:05:00+00:00,16.260000228881836,16.270000457763672,16.260000228881836,16.270000457763672,13245,0.0,0.0,0.0
2024-08-19 02:10:00+00:00,16.270000457763672,16.270000457763672,16.25,16.25,243190,0.0,0.0,0.0
2024-08-19 02:15:00+00:00,16.25,16.260000228881836,16.25,16.260000228881836,43600,0.0,0.0,0.0
2024-08-19 02:20:00+00:00,16.260000228881836,16.260000228881836,16.25,16.260000228881836,130059,0.0,0.0,0.0
2024-08-19 02:25:00+00:00,16.25,16.260000228881836,16.25,16.25,131281,0.0,0.0,0.0
2024-08-19 02:30:00+00:00,16.260000228881836,16.260000228881836,16.239999771118164,16.239999771118164,148669,0.0,0.0,0.0
2024-08-19 02:35:00+00:00,16.260000228881836,16.260000228881836,16.260000228881836,16.260000228881836,21221,0.0,0.0,0.0
2024-08-19 02:40:00+00:00,16.260000228881836,16.260000228881836,16.260000228881836,16.260000228881836,5004,0.0,0.0,0.0
2024-08-19 02:45:00+00:00,16.260000228881836,16.280000686645508,16.260000228881836,16.280000686645508,438604,0.0,0.0,0.0
2024-08-19 02:50:00+00:00,16.270000457763672,16.270000457763672,16.270000457763672,16.270000457763672,29382,0.0,0.0,0.0
2024-08-19 02:55:00+00:00,16.270000457763672,16.280000686645508,16.270000457763672,16.270000457763672,120144,0.0,0.0,0.0
2024-08-19 03:00:00+00:00,16.270000457763672,16.270000457763672,16.270000457763672,16.270000457763672,45309,0.0,0.0,0.0
2024-08-19 03:05:00+00:00,16.270000457763672,16.270000457763672,16.260000228881836,16.260000228881836,85507,0.0,0.0,0.0
2024-08-19 03:10:00+00:00,16.260000228881836,16.270000457763672,16.260000228881836,16.260000228881836,100008,0.0,0.0,0.0
2024-08-19 03:15:00+00:00,16.270000457763672,16.270000457763672,16.260000228881836,16.270000457763672,36406,0.0,0.0,0.0
2024-08-19 03:20:00+00:00,16.270000457763672,16.270000457763672,16.270000457763672,16.270000457763672,15044,0.0,0.0,0.0
2024-08-19 03:25:00+00:00,16.280000686645508,16.280000686645508,16.280000686645508,16.280000686645508,3295,0.0,0.0,0.0
2024-08-19 03:30:00+00:00,16.280000686645508,16.280000686645508,16.270000457763672,16.270000457763672,120718,0.0,0.0,0.0
2024-08-19 03:35:00+00:00,16.270000457763672,16.270000457763672,16.270000457763672,16.270000457763672,19200,0.0,0.0,0.0
2024-08-19 03:40:00+00:00,16.260000228881836,16.260000228881836,16.25,16.25,559791,0.0,0.0,0.0
2024-08-19 03:45:00+00:00,16.25,16.25,16.25,16.25,59878,0.0,0.0,0.0
2024-08-19 03:50:00+00:00,16.239999771118164,16.239999771118164,16.229999542236328,16.229999542236328,352106,0.0,0.0,0.0
2024-08-19 03:55:00+00:00,16.229999542236328,16.239999771118164,16.229999542236328,16.229999542236328,82196,0.0,0.0,0.0
2024-08-19 04:00:00+00:00,16.25,16.25,16.219999313354492,16.219999313354492,413182,0.0,0.0,0.0
2024-08-19 04:05:00+00:00,16.229999542236328,16.239999771118164,16.219999313354492,16.239999771118164,68718,0.0,0.0,0.0
2024-08-19 04:10:00+00:00,16.239999771118164,16.239999771118164,16.229999542236328,16.239999771118164,42050,0.0,0.0,0.0
2024-08-19 04:15:00+00:00,16.239999771118164,16.239999771118164,16.229999542236328,16.229999542236328,89748,0.0,0.0,0.0
2024-08-19 04:20:00+00:00,16.229999542236328,16.239999771118164,16.219999313354492,16.239999771118164,65943,0.0,0.0,0.0
2024-08-19 04:25:00+00:00,16.239999771118164,16.239999771118164,16.229999542236328,16.239999771118164,42337,0.0,0.0,0.0
2024-08-19 04:30:00+00:00,16.239999771118164,16.239999771118164,16.219999313354492,16.229999542236328,479735,0.0,0.0,0.0
2024-08-19 04:35:00+00:00,16.229999542236328,16.229999542236328,16.209999084472656,16.219999313354492,46781,0.0,0.0,0.0
2024-08-19 04:40:00+00:00,16.219999313354492,16.229999542236328,16.209999084472656,16.209999084472656,274258,0.0,0.0,0.0
2024-08-19 04:45:00+00:00,16.209999084472656,16.209999084472656,16.209999084472656,16.209999084472656,46840,0.0,0.0,0.0
2024-08-19 04:50:00+00:00,16.209999084472656,16.209999084472656,16.209999084472656,16.209999084472656,176562,0.0,0.0,0.0
2024-08-19 04:55:00+00:00,16.209999084472656,16.209999084472656,16.200000762939453,16.209999084472656,113001,0.0,0.0,0.0
2024-08-19 05:00:00+00:00,16.209999084472656,16.219999313354492,16.200000762939453,16.219999313354492,502699,0.0,0.0,0.0
2024-08-19 05:05:00+00:00,16.219999313354492,16.219999313354492,16.200000762939453,16.209999084472656,36172,0.0,0.0,0.0
2024-08-19 05:10:00+00:00,16.209999084472656,16.209999084472656,16.200000762939453,16.209999084472656,29837,0.0,0.0,0.0
2024-08-20 01:00:00+00:00,16.299999237060547,16.329999923706055,16.25,16.260000228881836,0,0.0,0.0,0.0
2024-08-20 01:05:00+00:00,16.260000228881836,16.260000228881836,16.239999771118164,16.25,251471,0.0,0.0,0.0
2024-08-20 01:10:00+00:00,16.25,16.280000686645508,16.25,16.270000457763672,221548,0.0,0.0,0.0
2024-08-20 01:15:00+00:00,16.260000228881836,16.260000228881836,16.239999771118164,16.239999771118164,763600,0.0,0.0,0.0
2024-08-20 01:20:00+00:00,16.239999771118164,16.239999771118164,16.219999313354492,16.219999313354492,393580,0.0,0.0,0.0
2024-08-20 01:25:00+00:00,16.219999313354492,16.229999542236328,16.219999313354492,16.229999542236328,219868,0.0,0.0,0.0
2024-08-20 01:30:00+00:00,16.229999542236328,16.239999771118164,16.219999313354492,16.219999313354492,297216,0.0,0.0,0.0
2024-08-20 01:35:00+00:00,16.219999313354492,16.25,16.219999313354492,16.25,140365,0.0,0.0,0.0
2024-08-20 01:40:00+00:00,16.25,16.25,16.239999771118164,16.25,90755,0.0,0.0,0.0
2024-08-20 01:45:00+00:00,16.25,16.25,16.239999771118164,16.239999771118164,133979,0.0,0.0,0.0
2024-08-20 01:50:00+00:00,16.229999542236328,16.239999771118164,16.229999542236328,16.229999542236328,152416,0.0,0.0,0.0
2024-08-20 01:55:00+00:00,16.229999542236328,16.229999542236328,16.219999313354492,16.219999313354492,189788,0.0,0.0,0.0
2024-08-20 02:00:00+00:00,16.239999771118164,16.239999771118164,16.229999542236328,16.229999542236328,83216,0.0,0.0,0.0
2024-08-20 02:05:00+00:00,16.239999771118164,16.260000228881836,16.239999771118164,16.260000228881836,155454,0.0,0.0,0.0
2024-08-20 02:10:00+00:00,16.260000228881836,16.270000457763672,16.260000228881836,16.270000457763672,35296,0.0,0.0,0.0
2024-08-20 02:15:00+00:00,16.280000686645508,16.290000915527344,16.280000686645508,16.280000686645508,42020,0.0,0.0,0.0
2024-08-20 02:20:00+00:00,16.280000686645508,16.280000686645508,16.25,16.270000457763672,303033,0.0,0.0,0.0
2024-08-20 02:25:00+00:00,16.270000457763672,16.270000457763672,16.260000228881836,16.260000228881836,85874,0.0,0.0,0.0
2024-08-20 02:30:00+00:00,16.260000228881836,16.260000228881836,16.260000228881836,16.260000228881836,4085,0.0,0.0,0.0
2024-08-20 02:35:00+00:00,16.260000228881836,16.260000228881836,16.260000228881836,16.260000228881836,26534,0.0,0.0,0.0
2024-08-20 02:40:00+00:00,16.270000457763672,16.270000457763672,16.260000228881836,16.260000228881836,84558,0.0,0.0,0.0
2024-08-20 02:45:00+00:00,16.260000228881836,16.260000228881836,16.25,16.25,102343,0.0,0.0,0.0
2024-08-20 02:50:00+00:00,16.260000228881836,16.260000228881836,16.260000228881836,16.260000228881836,6100,0.0,0.0,0.0
2024-08-20 02:55:00+00:00,16.260000228881836,16.260000228881836,16.260000228881836,16.260000228881836,22302,0.0,0.0,0.0
2024-08-20 03:00:00+00:00,16.260000228881836,16.270000457763672,16.260000228881836,16.270000457763672,23060,0.0,0.0,0.0
2024-08-20 03:05:00+00:00,16.260000228881836,16.260000228881836,16.260000228881836,16.260000228881836,53213,0.0,0.0,0.0
2024-08-20 03:10:00+00:00,16.260000228881836,16.260000228881836,16.260000228881836,16.260000228881836,5000,0.0,0.0,0.0
2024-08-20 03:15:00+00:00,16.260000228881836,16.270000457763672,16.260000228881836,16.260000228881836,203894,0.0,0.0,0.0
2024-08-20 03:20:00+00:00,16.25,16.260000228881836,16.25,16.25,389625,0.0,0.0,0.0
2024-08-20 03:25:00+00:00,16.239999771118164,16.239999771118164,16.239999771118164,16.239999771118164,109739,0.0,0.0,0.0
2024-08-20 03:30:00+00:00,16.239999771118164,16.239999771118164,16.229999542236328,16.239999771118164,283207,0.0,0.0,0.0
2024-08-20 03:35:00+00:00,16.239999771118164,16.239999771118164,16.229999542236328,16.229999542236328,42731,0.0,0.0,0.0
2024-08-20 03:40:00+00:00,16.229999542236328,16.229999542236328,16.229999542236328,16.229999542236328,5017,0.0,0.0,0.0
2024-08-20 03:45:00+00:00,16.229999542236328,16.239999771118164,16.229999542236328,16.239999771118164,9700,0.0,0.0,0.0
2024-08-20 03:50:00+00:00,16.239999771118164,16.239999771118164,16.229999542236328,16.229999542236328,95427,0.0,0.0,0.0
2024-08-20 03:55:00+00:00,16.229999542236328,16.229999542236328,16.229999542236328,16.229999542236328,32290,0.0,0.0,0.0
2024-08-20 04:00:00+00:00,16.219999313354492,16.219999313354492,16.209999084472656,16.219999313354492,418589,0.0,0.0,0.0
2024-08-20 04:05:00+00:00,16.219999313354492,16.229999542236328,16.219999313354492,16.219999313354492,20500,0.0,0.0,0.0
2024-08-20 04:10:00+00:00,16.219999313354492,16.219999313354492,16.219999313354492,16.219999313354492,23018,0.0,0.0,0.0
2024-08-20 04:15:00+00:00,16.219999313354492,16.219999313354492,16.209999084472656,16.219999313354492,36100,0.0,0.0,0.0
2024-08-20 04:20:00+00:00,16.219999313354492,16.219999313354492,16.209999084472656,16.219999313354492,49000,0.0,0.0,0.0
2024-08-20 04:25:00+00:00,16.219999313354492,16.229999542236328,16.219999313354492,16.229999542236328,66235,0.0,0.0,0.0
2024-08-20 04:30:00+00:00,16.229999542236328,16.239999771118164,16.229999542236328,16.239999771118164,244096,0.0,0.0,0.0
2024-08-20 04:35:00+00:00,16.239999771118164,16.239999771118164,16.239999771118164,16.239999771118164,66241,0.0,0.0,0.0
2024-08-20 04:40:00+00:00,16.239999771118164,16.239999771118164,16.239999771118164,16.239999771118164,71153,0.0,0.0,0.0
2024-08-20 04:45:00+00:00,16.239999771118164,16.239999771118164,16.229999542236328,16.229999542236328,94547,0.0,0.0,0.0
2024-08-20 04:50:00+00:00,16.229999542236328,16.229999542236328,16.219999313354492,16.219999313354492,31340,0.0,0.0,0.0
2024-08-20 04:55:00+00:00,16.219999313354492,16.219999313354492,16.219999313354492,16.219999313354492,279115,0.0,0.0,0.0
2024-08-20 05:00:00+00:00,16.229999542236328,16.229999542236328,16.209999084472656,16.209999084472656,311805,0.0,0.0,0.0
2024-08-20 05:05:00+00:00,16.209999084472656,16.209999084472656,16.200000762939453,16.200000762939453,1074214,0.0,0.0,0.0
2024-08-20 05:10:00+00:00,16.200000762939453,16.200000762939453,16.200000762939453,16.200000762939453,257067,0.0,0.0,0.0
2024-08-21 01:00:00+00:00,16.239999771118164,16.239999771118164,16.219999313354492,16.229999542236328,0,0.0,0.0,0.0
2024-08-21 01:05:00+00:00,16.229999542236328,16.229999542236328,16.190000534057617,16.200000762939453,479058,0.0,0.0,0.0
2024-08-21 01:10:00+00:00,16.219999313354492,16.219999313354492,16.209999084472656,16.219999313354492,89427,0.0,0.0,0.0
2024-08-21 01:15:00+00:00,16.219999313354492,16.219999313354492,16.219999313354492,16.219999313354492,240733,0.0,0.0,0.0
2024-08-21 01:20:00+00:00,16.229999542236328,16.229999542236328,16.219999313354492,16.219999313354492,479776,0.0,0.0,0.0
2024-08-21 01:25:00+00:00,16.219999313354492,16.219999313354492,16.209999084472656,16.209999084472656,176922,0.0,0.0,0.0
2024-08-21 01:30:00+00:00,16.209999084472656,16.209999084472656,16.209999084472656,16.209999084472656,58002,0.0,0.0,0.0
2024-08-21 01:35:00+00:00,16.209999084472656,16.229999542236328,16.209999084472656,16.229999542236328,248824,0.0,0.0,0.0
2024-08-21 01:40:00+00:00,16.229999542236328,16.229999542236328,16.229999542236328,16.229999542236328,149136,0.0,0.0,0.0
2024-08-21 01:45:00+00:00,16.239999771118164,16.239999771118164,16.219999313354492,16.219999313354492,90717,0.0,0.0,0.0
2024-08-21 01:50:00+00:00,16.229999542236328,16.229999542236328,16.229999542236328,16.229999542236328,3674,0.0,0.0,0.0
2024-08-21 01:55:00+00:00,16.229999542236328,16.239999771118164,16.219999313354492,16.229999542236328,23815,0.0,0.0,0.0
2024-08-21 02:00:00+00:00,16.219999313354492,16.229999542236328,16.219999313354492,16.219999313354492,143676,0.0,0.0,0.0
2024-08-21 02:05:00+00:00,16.219999313354492,16.229999542236328,16.219999313354492,16.219999313354492,43031,0.0,0.0,0.0
2024-08-21 02:10:00+00:00,16.219999313354492,16.219999313354492,16.209999084472656,16.209999084472656,203954,0.0,0.0,0.0
2024-08-21 02:15:00+00:00,16.209999084472656,16.209999084472656,16.200000762939453,16.209999084472656,182294,0.0,0.0,0.0
2024-08-21 02:20:00+00:00,16.209999084472656,16.209999084472656,16.209999084472656,16.209999084472656,64593,0.0,0.0,0.0
2024-08-21 02:25:00+00:00,16.209999084472656,16.219999313354492,16.209999084472656,16.219999313354492,122204,0.0,0.0,0.0
2024-08-21 02:30:00+00:00,16.219999313354492,16.219999313354492,16.219999313354492,16.219999313354492,50188,0.0,0.0,0.0
2024-08-21 02:35:00+00:00,16.219999313354492,16.219999313354492,16.219999313354492,16.219999313354492,91150,0.0,0.0,0.0
2024-08-21 02:40:00+00:00,16.219999313354492,16.219999313354492,16.209999084472656,16.219999313354492,153772,0.0,0.0,0.0
2024-08-21 02:45:00+00:00,16.209999084472656,16.209999084472656,16.209999084472656,16.209999084472656,100608,0.0,0.0,0.0
2024-08-21 02:50:00+00:00,16.209999084472656,16.209999084472656,16.200000762939453,16.209999084472656,50556,0.0,0.0,0.0
2024-08-21 02:55:00+00:00,16.209999084472656,16.209999084472656,16.200000762939453,16.200000762939453,186139,0.0,0.0,0.0
2024-08-21 03:00:00+00:00,16.200000762939453,16.200000762939453,16.190000534057617,16.190000534057617,801715,0.0,0.0,0.0
2024-08-21 03:05:00+00:00,16.190000534057617,16.190000534057617,16.18000030517578,16.18000030517578,481819,0.0,0.0,0.0
2024-08-21 03:10:00+00:00,16.190000534057617,16.190000534057617,16.190000534057617,16.190000534057617,165354,0.0,0.0,0.0
2024-08-21 03:15:00+00:00,16.200000762939453,16.200000762939453,16.190000534057617,16.200000762939453,117218,0.0,0.0,0.0
2024-08-21 03:20:00+00:00,16.200000762939453,16.200000762939453,16.190000534057617,16.200000762939453,31944,0.0,0.0,0.0
2024-08-21 03:25:00+00:00,16.200000762939453,16.200000762939453,16.200000762939453,16.200000762939453,36747,0.0,0.0,0.0
2024-08-21 03:30:00+00:00,16.200000762939453,16.200000762939453,16.190000534057617,16.200000762939453,19079,0.0,0.0,0.0
2024-08-21 03:35:00+00:00,16.200000762939453,16.200000762939453,16.190000534057617,16.190000534057617,19709,0.0,0.0,0.0
2024-08-21 03:40:00+00:00,16.190000534057617,16.200000762939453,16.190000534057617,16.200000762939453,24015,0.0,0.0,0.0
2024-08-21 03:45:00+00:00,16.190000534057617,16.200000762939453,16.190000534057617,16.190000534057617,104530,0.0,0.0,0.0
2024-08-21 03:50:00+00:00,16.190000534057617,16.200000762939453,16.190000534057617,16.200000762939453,34300,0.0,0.0,0.0
2024-08-21 03:55:00+00:00,16.200000762939453,16.200000762939453,16.190000534057617,16.200000762939453,47691,0.0,0.0,0.0
2024-08-21 04:00:00+00:00,16.200000762939453,16.200000762939453,16.190000534057617,16.190000534057617,29100,0.0,0.0,0.0
2024-08-21 04:05:00+00:00,16.200000762939453,16.200000762939453,16.200000762939453,16.200000762939453,37230,0.0,0.0,0.0
2024-08-21 04:10:00+00:00,16.200000762939453,16.200000762939453,16.200000762939453,16.200000762939453,214420,0.0,0.0,0.0
2024-08-21 04:15:00+00:00,16.200000762939453,16.209999084472656,16.200000762939453,16.209999084472656,389294,0.0,0.0,0.0
2024-08-21 04:20:00+00:00,16.209999084472656,16.209999084472656,16.209999084472656,16.209999084472656,95192,0.0,0.0,0.0
2024-08-21 04:25:00+00:00,16.209999084472656,16.209999084472656,16.209999084472656,16.209999084472656,16598,0.0,0.0,0.0
2024-08-21 04:30:00+00:00,16.200000762939453,16.200000762939453,16.190000534057617,16.200000762939453,442700,0.0,0.0,0.0
2024-08-21 04:35:00+00:00,16.200000762939453,16.200000762939453,16.190000534057617,16.190000534057617,665753,0.0,0.0,0.0
2024-08-21 04:40:00+00:00,16.190000534057617,16.190000534057617,16.18000030517578,16.18000030517578,158948,0.0,0.0,0.0
2024-08-21 04:45:00+00:00,16.18000030517578,16.190000534057617,16.170000076293945,16.18000030517578,437451,0.0,0.0,0.0
2024-08-21 04:50:00+00:00,16.170000076293945,16.18000030517578,16.170000076293945,16.18000030517578,254200,0.0,0.0,0.0
2024-08-21 04:55:00+00:00,16.18000030517578,16.18000030517578,16.170000076293945,16.170000076293945,241025,0.0,0.0,0.0
2024-08-21 05:00:00+00:00,16.18000030517578,16.190000534057617,16.18000030517578,16.18000030517578,493209,0.0,0.0,0.0
2024-08-21 05:05:00+00:00,16.190000534057617,16.190000534057617,16.190000534057617,16.190000534057617,70020,0.0,0.0,0.0
2024-08-21 05:10:00+00:00,16.200000762939453,16.200000762939453,16.200000762939453,16.200000762939453,19000,0.0,0.0,0.0
2024-08-22 01:00:00+00:00,16.270000457763672,16.270000457763672,16.190000534057617,16.209999084472656,0,0.0,0.0,0.0
2024-08-22 01:05:00+00:00,16.209999084472656,16.209999084472656,16.200000762939453,16.209999084472656,443271,0.0,0.0,0.0
2024-08-22 01:10:00+00:00,16.209999084472656,16.209999084472656,16.190000534057617,16.200000762939453,332280,0.0,0.0,0.0
2024-08-22 01:15:00+00:00,16.200000762939453,16.200000762939453,16.18000030517578,16.18000030517578,398842,0.0,0.0,0.0
2024-08-22 01:20:00+00:00,16.190000534057617,16.190000534057617,16.18000030517578,16.18000030517578,316848,0.0,0.0,0.0
2024-08-22 01:25:00+00:00,16.18000030517578,16.190000534057617,16.18000030517578,16.190000534057617,66800,0.0,0.0,0.0
2024-08-22 01:30:00+00:00,16.190000534057617,16.190000534057617,16.18000030517578,16.18000030517578,477040,0.0,0.0,0.0
2024-08-22 01:35:00+00:00,16.190000534057617,16.190000534057617,16.18000030517578,16.190000534057617,113960,0.0,0.0,0.0
2024-08-22 01:40:00+00:00,16.190000534057617,16.190000534057617,16.18000030517578,16.190000534057617,274722,0.0,0.0,0.0
2024-08-22 01:45:00+00:00,16.18000030517578,16.18000030517578,16.170000076293945,16.170000076293945,272766,0.0,0.0,0.0
2024-08-22 01:50:00+00:00,16.18000030517578,16.190000534057617,16.170000076293945,16.190000534057617,249307,0.0,0.0,0.0
2024-08-22 01:55:00+00:00,16.190000534057617,16.190000534057617,16.18000030517578,16.18000030517578,312050,0.0,0.0,0.0
2024-08-22 02:00:00+00:00,16.190000534057617,16.190000534057617,16.18000030517578,16.190000534057617,250681,0.0,0.0,0.0
2024-08-22 02:05:00+00:00,16.190000534057617,16.200000762939453,16.190000534057617,16.190000534057617,115480,0.0,0.0,0.0
2024-08-22 02:10:00+00:00,16.18000030517578,16.190000534057617,16.170000076293945,16.170000076293945,656756,0.0,0.0,0.0
2024-08-22 02:15:00+00:00,16.170000076293945,16.18000030517578,16.170000076293945,16.170000076293945,351122,0.0,0.0,0.0
2024-08-22 02:20:00+00:00,16.170000076293945,16.170000076293945,16.15999984741211,16.170000076293945,166586,0.0,0.0,0.0
2024-08-22 02:25:00+00:00,16.170000076293945,16.170000076293945,16.15999984741211,16.15999984741211,275640,0.0,0.0,0.0
2024-08-22 02:30:00+00:00,16.15999984741211,16.170000076293945,16.15999984741211,16.170000076293945,606054,0.0,0.0,0.0
2024-08-22 02:35:00+00:00,16.170000076293945,16.170000076293945,16.15999984741211,16.15999984741211,469111,0.0,0.0,0.0
2024-08-22 02:40:00+00:00,16.15999984741211,16.15999984741211,16.149999618530273,16.149999618530273,764015,0.0,0.0,0.0
2024-08-22 02:45:00+00:00,16.149999618530273,16.149999618530273,16.149999618530273,16.149999618530273,107094,0.0,0.0,0.0
2024-08-22 02:50:00+00:00,16.15999984741211,16.15999984741211,16.149999618530273,16.149999618530273,227144,0.0,0.0,0.0
2024-08-22 02:55:00+00:00,16.149999618530273,16.15999984741211,16.149999618530273,16.15999984741211,564235,0.0,0.0,0.0
2024-08-22 03:00:00+00:00,16.15999984741211,16.15999984741211,16.149999618530273,16.15999984741211,411100,0.0,0.0,0.0
2024-08-22 03:05:00+00:00,16.15999984741211,16.170000076293945,16.149999618530273,16.149999618530273,689510,0.0,0.0,0.0
2024-08-22 03:10:00+00:00,16.149999618530273,16.149999618530273,16.149999618530273,16.149999618530273,128666,0.0,0.0,0.0
2024-08-22 03:15:00+00:00,16.149999618530273,16.149999618530273,16.149999618530273,16.149999618530273,120475,0.0,0.0,0.0
2024-08-22 03:20:00+00:00,16.149999618530273,16.15999984741211,16.149999618530273,16.149999618530273,192790,0.0,0.0,0.0
2024-08-22 03:25:00+00:00,16.149999618530273,16.149999618530273,16.139999389648438,16.149999618530273,143725,0.0,0.0,0.0
2024-08-22 03:30:00+00:00,16.149999618530273,16.15999984741211,16.149999618530273,16.15999984741211,143015,0.0,0.0,0.0
2024-08-22 03:35:00+00:00,16.149999618530273,16.15999984741211,16.149999618530273,16.149999618530273,320041,0.0,0.0,0.0
2024-08-22 03:40:00+00:00,16.149999618530273,16.149999618530273,16.139999389648438,16.149999618530273,144021,0.0,0.0,0.0
2024-08-22 03:45:00+00:00,16.149999618530273,16.149999618530273,16.139999389648438,16.149999618530273,654607,0.0,0.0,0.0
2024-08-22 03:50:00+00:00,16.149999618530273,16.149999618530273,16.139999389648438,16.149999618530273,121006,0.0,0.0,0.0
2024-08-22 03:55:00+00:00,16.149999618530273,16.149999618530273,16.139999389648438,16.149999618530273,303380,0.0,0.0,0.0
2024-08-22 04:00:00+00:00,16.149999618530273,16.149999618530273,16.1299991607666,16.139999389648438,200106,0.0,0.0,0.0
2024-08-22 04:05:00+00:00,16.139999389648438,16.15999984741211,16.139999389648438,16.15999984741211,184548,0.0,0.0,0.0
2024-08-22 04:10:00+00:00,16.15999984741211,16.15999984741211,16.149999618530273,16.149999618530273,172333,0.0,0.0,0.0
2024-08-22 04:15:00+00:00,16.149999618530273,16.15999984741211,16.139999389648438,16.15999984741211,208050,0.0,0.0,0.0
2024-08-22 04:20:00+00:00,16.15999984741211,16.15999984741211,16.149999618530273,16.15999984741211,47480,0.0,0.0,0.0
2024-08-22 04:25:00+00:00,16.15999984741211,16.15999984741211,16.149999618530273,16.15999984741211,113899,0.0,0.0,0.0
2024-08-22 04:30:00+00:00,16.15999984741211,16.15999984741211,16.149999618530273,16.149999618530273,395612,0.0,0.0,0.0
2024-08-22 04:35:00+00:00,16.149999618530273,16.149999618530273,16.149999618530273,16.149999618530273,62479,0.0,0.0,0.0
2024-08-22 04:40:00+00:00,16.15999984741211,16.15999984741211,16.15999984741211,16.15999984741211,57737,0.0,0.0,0.0
2024-08-22 04:45:00+00:00,16.15999984741211,16.15999984741211,16.149999618530273,16.149999618530273,484013,0.0,0.0,0.0
2024-08-22 04:50:00+00:00,16.149999618530273,16.15999984741211,16.149999618530273,16.15999984741211,56540,0.0,0.0,0.0
2024-08-22 04:55:00+00:00,16.15999984741211,16.170000076293945,16.15999984741211,16.170000076293945,100654,0.0,0.0,0.0
2024-08-22 05:00:00+00:00,16.170000076293945,16.170000076293945,16.15999984741211,16.170000076293945,257890,0.0,0.0,0.0
2024-08-22 05:05:00+00:00,16.170000076293945,16.170000076293945,16.15999984741211,16.15999984741211,274987,0.0,0.0,0.0
2024-08-22 05:10:00+00:00,16.15999984741211,16.15999984741211,16.149999618530273,16.15999984741211,389411,0.0,0.0,0.0
2024-08-23 01:00:00+00:00,15.800000190734863,15.800000190734863,15.720000267028809,15.739999771118164,0,0.0,0.0,0.0
2024-08-23 01:05:00+00:00,15.729999542236328,15.770000457763672,15.720000267028809,15.760000228881836,506606,0.0,0.0,0.0
2024-08-23 01:10:00+00:00,15.760000228881836,15.779999732971191,15.760000228881836,15.760000228881836,297622,0.0,0.0,0.0
2024-08-23 01:15:00+00:00,15.770000457763672,15.779999732971191,15.760000228881836,15.779999732971191,217910,0.0,0.0,0.0
2024-08-23 01:20:00+00:00,15.779999732971191,15.789999961853027,15.770000457763672,15.770000457763672,48815,0.0,0.0,0.0
2024-08-23 01:25:00+00:00,15.770000457763672,15.770000457763672,15.739999771118164,15.760000228881836,522059,0.0,0.0,0.0
2024-08-23 01:30:00+00:00,15.770000457763672,15.779999732971191,15.770000457763672,15.770000457763672,44790,0.0,0.0,0.0
2024-08-23 01:35:00+00:00,15.779999732971191,15.800000190734863,15.770000457763672,15.789999961853027,164222,0.0,0.0,0.0
2024-08-23 01:40:00+00:00,15.789999961853027,15.789999961853027,15.779999732971191,15.789999961853027,29707,0.0,0.0,0.0
2024-08-23 01:45:00+00:00,15.789999961853027,15.800000190734863,15.779999732971191,15.789999961853027,109289,0.0,0.0,0.0
2024-08-23 01:50:00+00:00,15.779999732971191,15.789999961853027,15.779999732971191,15.779999732971191,94503,0.0,0.0,0.0
2024-08-23 01:55:00+00:00,15.779999732971191,15.779999732971191,15.760000228881836,15.770000457763672,99146,0.0,0.0,0.0
2024-08-23 02:00:00+00:00,15.770000457763672,15.789999961853027,15.760000228881836,15.789999961853027,75549,0.0,0.0,0.0
2024-08-23 02:05:00+00:00,15.789999961853027,15.8100004196167,15.789999961853027,15.8100004196167,122858,0.0,0.0,0.0
2024-08-23 02:10:00+00:00,15.819999694824219,15.819999694824219,15.8100004196167,15.819999694824219,32091,0.0,0.0,0.0
2024-08-23 02:15:00+00:00,15.819999694824219,15.819999694824219,15.800000190734863,15.8100004196167,29062,0.0,0.0,0.0
2024-08-23 02:20:00+00:00,15.8100004196167,15.8100004196167,15.800000190734863,15.8100004196167,56877,0.0,0.0,0.0
2024-08-23 02:25:00+00:00,15.8100004196167,15.8100004196167,15.789999961853027,15.800000190734863,77892,0.0,0.0,0.0
2024-08-23 02:30:00+00:00,15.800000190734863,15.800000190734863,15.789999961853027,15.800000190734863,35839,0.0,0.0,0.0
2024-08-23 02:35:00+00:00,15.800000190734863,15.800000190734863,15.800000190734863,15.800000190734863,213585,0.0,0.0,0.0
2024-08-23 02:40:00+00:00,15.800000190734863,15.800000190734863,15.789999961853027,15.789999961853027,50100,0.0,0.0,0.0
2024-08-23 02:45:00+00:00,15.800000190734863,15.800000190734863,15.800000190734863,15.800000190734863,11844,0.0,0.0,0.0
2024-08-23 02:50:00+00:00,15.789999961853027,15.789999961853027,15.789999961853027,15.789999961853027,103582,0.0,0.0,0.0
2024-08-23 02:55:00+00:00,15.789999961853027,15.789999961853027,15.789999961853027,15.789999961853027,11207,0.0,0.0,0.0
2024-08-23 03:00:00+00:00,15.800000190734863,15.800000190734863,15.789999961853027,15.789999961853027,25223,0.0,0.0,0.0
2024-08-23 03:05:00+00:00,15.800000190734863,15.800000190734863,15.789999961853027,15.789999961853027,11200,0.0,0.0,0.0
2024-08-23 03:10:00+00:00,15.800000190734863,15.800000190734863,15.789999961853027,15.789999961853027,43766,0.0,0.0,0.0
2024-08-23 03:15:00+00:00,15.789999961853027,15.789999961853027,15.779999732971191,15.789999961853027,10200,0.0,0.0,0.0
2024-08-23 03:20:00+00:00,15.789999961853027,15.789999961853027,15.779999732971191,15.789999961853027,25017,0.0,0.0,0.0
2024-08-23 03:25:00+00:00,15.800000190734863,15.800000190734863,15.800000190734863,15.800000190734863,1012161,0.0,0.0,0.0
2024-08-23 03:30:00+00:00,15.8100004196167,15.8100004196167,15.800000190734863,15.800000190734863,15810,0.0,0.0,0.0
2024-08-23 03:35:00+00:00,15.789999961853027,15.8100004196167,15.789999961853027,15.8100004196167,6809,0.0,0.0,0.0
2024-08-23 03:40:00+00:00,15.8100004196167,15.8100004196167,15.800000190734863,15.800000190734863,2000,0.0,0.0,0.0
2024-08-23 03:45:00+00:00,15.8100004196167,15.8100004196167,15.789999961853027,15.800000190734863,61506,0.0,0.0,0.0
2024-08-23 03:50:00+00:00,15.8100004196167,15.8100004196167,15.8100004196167,15.8100004196167,5250,0.0,0.0,0.0
2024-08-23 03:55:00+00:00,15.8100004196167,15.8100004196167,15.800000190734863,15.800000190734863,33349,0.0,0.0,0.0
2024-08-23 04:00:00+00:00,15.819999694824219,15.819999694824219,15.819999694824219,15.819999694824219,379038,0.0,0.0,0.0
2024-08-23 04:05:00+00:00,15.819999694824219,15.829999923706055,15.819999694824219,15.819999694824219,10740,0.0,0.0,0.0
2024-08-23 04:10:00+00:00,15.829999923706055,15.84000015258789,15.819999694824219,15.819999694824219,32117,0.0,0.0,0.0
2024-08-23 04:15:00+00:00,15.819999694824219,15.829999923706055,15.819999694824219,15.819999694824219,62221,0.0,0.0,0.0
2024-08-23 04:20:00+00:00,15.819999694824219,15.819999694824219,15.819999694824219,15.819999694824219,19527,0.0,0.0,0.0
2024-08-23 04:25:00+00:00,15.819999694824219,15.819999694824219,15.819999694824219,15.819999694824219,48756,0.0,0.0,0.0
2024-08-23 04:30:00+00:00,15.819999694824219,15.829999923706055,15.819999694824219,15.829999923706055,35421,0.0,0.0,0.0
2024-08-23 04:35:00+00:00,15.819999694824219,15.819999694824219,15.819999694824219,15.819999694824219,12190,0.0,0.0,0.0
2024-08-23 04:40:00+00:00,15.819999694824219,15.829999923706055,15.819999694824219,15.829999923706055,15205,0.0,0.0,0.0
2024-08-23 04:45:00+00:00,15.829999923706055,15.84000015258789,15.819999694824219,15.84000015258789,16497,0.0,0.0,0.0
2024-08-23 04:50:00+00:00,15.84000015258789,15.84000015258789,15.829999923706055,15.829999923706055,9328,0.0,0.0,0.0
2024-08-23 04:55:00+00:00,15.84000015258789,15.84000015258789,15.829999923706055,15.829999923706055,16628,0.0,0.0,0.0
2024-08-23 05:00:00+00:00,15.829999923706055,15.84000015258789,15.829999923706055,15.84000015258789,32573,0.0,0.0,0.0
2024-08-23 05:05:00+00:00,15.84000015258789,15.84000015258789,15.829999923706055,15.829999923706055,27729,0.0,0.0,0.0
2024-08-23 05:10:00+00:00,15.829999923706055,15.84000015258789,15.829999923706055,15.84000015258789,116080,0.0,0.0,0.0
2024-08-26 01:00:00+00:00,15.869999885559082,15.90999984741211,15.859999656677246,15.899999618530273,0,0.0,0.0,0.0
2024-08-26 01:05:00+00:00,15.899999618530273,15.949999809265137,15.899999618530273,15.930000305175781,331000,0.0,0.0,0.0
2024-08-26 01:10:00+00:00,15.9399995803833,16.0,15.9399995803833,15.979999542236328,891645,0.0,0.0,0.0
2024-08-26 01:15:00+00:00,15.979999542236328,16.010000228881836,15.960000038146973,16.0,432950,0.0,0.0,0.0
2024-08-26 01:20:00+00:00,16.0,16.020000457763672,15.989999771118164,16.020000457763672,145620,0.0,0.0,0.0
2024-08-26 01:25:00+00:00,16.030000686645508,16.030000686645508,16.0,16.0,41154,0.0,0.0,0.0
2024-08-26 01:30:00+00:00,16.0,16.020000457763672,16.0,16.010000228881836,235500,0.0,0.0,0.0
2024-08-26 01:35:00+00:00,16.010000228881836,16.010000228881836,16.0,16.0,179250,0.0,0.0,0.0
2024-08-26 01:40:00+00:00,16.0,16.010000228881836,16.0,16.0,43586,0.0,0.0,0.0
2024-08-26 01:45:00+00:00,16.0,16.0,15.989999771118164,15.989999771118164,78228,0.0,0.0,0.0
2024-08-26 01:50:00+00:00,15.979999542236328,16.0,15.979999542236328,16.0,43100,0.0,0.0,0.0
2024-08-26 01:55:00+00:00,16.0,16.0,15.989999771118164,16.0,16330,0.0,0.0,0.0
2024-08-26 02:00:00+00:00,16.0,16.020000457763672,16.0,16.010000228881836,197160,0.0,0.0,0.0
2024-08-26 02:05:00+00:00,16.010000228881836,16.020000457763672,16.010000228881836,16.020000457763672,243201,0.0,0.0,0.0
2024-08-26 02:10:00+00:00,16.020000457763672,16.030000686645508,16.010000228881836,16.020000457763672,341400,0.0,0.0,0.0
2024-08-26 02:15:00+00:00,16.020000457763672,16.030000686645508,16.020000457763672,16.030000686645508,189626,0.0,0.0,0.0
2024-08-26 02:20:00+00:00,16.030000686645508,16.030000686645508,16.020000457763672,16.020000457763672,34150,0.0,0.0,0.0
2024-08-26 02:25:00+00:00,16.020000457763672,16.020000457763672,16.010000228881836,16.010000228881836,54000,0.0,0.0,0.0
2024-08-26 02:30:00+00:00,16.020000457763672,16.020000457763672,16.020000457763672,16.020000457763672,98350,0.0,0.0,0.0
2024-08-26 02:35:00+00:00,16.010000228881836,16.020000457763672,16.010000228881836,16.020000457763672,34958,0.0,0.0,0.0
2024-08-26 02:40:00+00:00,16.020000457763672,16.020000457763672,16.0,16.0,388100,0.0,0.0,0.0
2024-08-26 02:45:00+00:00,16.010000228881836,16.010000228881836,16.0,16.0,53214,0.0,0.0,0.0
2024-08-26 02:50:00+00:00,16.0,16.010000228881836,16.0,16.0,173054,0.0,0.0,0.0
2024-08-26 02:55:00+00:00,16.0,16.0,16.0,16.0,13520,0.0,0.0,0.0
2024-08-26 03:00:00+00:00,16.0,16.010000228881836,16.0,16.010000228881836,85275,0.0,0.0,0.0
2024-08-26 03:05:00+00:00,16.0,16.0,16.0,16.0,39273,0.0,0.0,0.0
2024-08-26 03:10:00+00:00,16.0,16.0,16.0,16.0,9000,0.0,0.0,0.0
2024-08-26 03:15:00+00:00,16.0,16.0,16.0,16.0,15100,0.0,0.0,0.0
2024-08-26 03:20:00+00:00,16.0,16.0,16.0,16.0,1100,0.0,0.0,0.0
2024-08-26 03:25:00+00:00,16.0,16.010000228881836,16.0,16.010000228881836,25552,0.0,0.0,0.0
2024-08-26 03:30:00+00:00,16.010000228881836,16.010000228881836,16.0,16.0,32209,0.0,0.0,0.0
2024-08-26 03:35:00+00:00,16.0,16.0,15.979999542236328,15.989999771118164,54500,0.0,0.0,0.0
2024-08-26 03:40:00+00:00,15.989999771118164,15.989999771118164,15.979999542236328,15.989999771118164,17250,0.0,0.0,0.0
2024-08-26 03:45:00+00:00,15.989999771118164,15.989999771118164,15.970000267028809,15.970000267028809,249200,0.0,0.0,0.0
2024-08-26 03:50:00+00:00,15.970000267028809,15.970000267028809,15.960000038146973,15.960000038146973,118551,0.0,0.0,0.0
2024-08-26 03:55:00+00:00,15.960000038146973,15.960000038146973,15.960000038146973,15.960000038146973,8273,0.0,0.0,0.0
2024-08-26 04:00:00+00:00,15.949999809265137,15.960000038146973,15.949999809265137,15.949999809265137,95266,0.0,0.0,0.0
2024-08-26 04:05:00+00:00,15.949999809265137,15.949999809265137,15.949999809265137,15.949999809265137,5110,0.0,0.0,0.0
2024-08-26 04:10:00+00:00,15.960000038146973,15.970000267028809,15.960000038146973,15.960000038146973,71074,0.0,0.0,0.0
2024-08-26 04:15:00+00:00,15.960000038146973,15.960000038146973,15.960000038146973,15.960000038146973,1768,0.0,0.0,0.0
2024-08-26 04:20:00+00:00,15.970000267028809,15.979999542236328,15.970000267028809,15.979999542236328,53559,0.0,0.0,0.0
2024-08-26 04:25:00+00:00,15.989999771118164,15.989999771118164,15.989999771118164,15.989999771118164,24343,0.0,0.0,0.0
2024-08-26 04:30:00+00:00,16.0,16.0,15.989999771118164,15.989999771118164,19345,0.0,0.0,0.0
2024-08-26 04:35:00+00:00,15.989999771118164,15.989999771118164,15.979999542236328,15.989999771118164,34147,0.0,0.0,0.0
2024-08-26 04:40:00+00:00,15.989999771118164,15.989999771118164,15.979999542236328,15.989999771118164,29056,0.0,0.0,0.0
2024-08-26 04:45:00+00:00,15.989999771118164,15.989999771118164,15.979999542236328,15.979999542236328,17029,0.0,0.0,0.0
2024-08-26 04:50:00+00:00,15.979999542236328,15.989999771118164,15.979999542236328,15.989999771118164,9700,0.0,0.0,0.0
2024-08-26 04:55:00+00:00,15.979999542236328,15.979999542236328,15.970000267028809,15.970000267028809,61715,0.0,0.0,0.0
2024-08-26 05:00:00+00:00,15.960000038146973,15.960000038146973,15.960000038146973,15.960000038146973,23192,0.0,0.0,0.0
2024-08-26 05:05:00+00:00,15.960000038146973,15.960000038146973,15.949999809265137,15.960000038146973,19200,0.0,0.0,0.0
2024-08-26 05:10:00+00:00,15.960000038146973,15.960000038146973,15.949999809265137,15.960000038146973,37454,0.0,0.0,0.0
2024-08-27 01:00:00+00:00,15.949999809265137,15.949999809265137,15.869999885559082,15.869999885559082,0,0.0,0.0,0.0
2024-08-27 01:05:00+00:00,15.880000114440918,15.880000114440918,15.84000015258789,15.850000381469727,275160,0.0,0.0,0.0
2024-08-27 01:10:00+00:00,15.850000381469727,15.850000381469727,15.850000381469727,15.850000381469727,116883,0.0,0.0,0.0
2024-08-27 01:20:00+00:00,15.859999656677246,15.859999656677246,15.84000015258789,15.850000381469727,153886,0.0,0.0,0.0
2024-08-27 01:25:00+00:00,15.84000015258789,15.84000015258789,15.829999923706055,15.84000015258789,452902,0.0,0.0,0.0
2024-08-27 01:30:00+00:00,15.84000015258789,15.84000015258789,15.819999694824219,15.819999694824219,139549,0.0,0.0,0.0
2024-08-27 01:35:00+00:00,15.819999694824219,15.84000015258789,15.8100004196167,15.84000015258789,128591,0.0,0.0,0.0
2024-08-27 01:40:00+00:00,15.84000015258789,15.84000015258789,15.84000015258789,15.84000015258789,42000,0.0,0.0,0.0
2024-08-27 01:45:00+00:00,15.859999656677246,15.859999656677246,15.850000381469727,15.859999656677246,38000,0.0,0.0,0.0
2024-08-27 01:50:00+00:00,15.880000114440918,15.880000114440918,15.880000114440918,15.880000114440918,95778,0.0,0.0,0.0
2024-08-27 01:55:00+00:00,15.890000343322754,15.890000343322754,15.869999885559082,15.869999885559082,32233,0.0,0.0,0.0
2024-08-27 02:00:00+00:00,15.859999656677246,15.859999656677246,15.84000015258789,15.84000015258789,78884,0.0,0.0,0.0
2024-08-27 02:05:00+00:00,15.850000381469727,15.850000381469727,15.84000015258789,15.84000015258789,15787,0.0,0.0,0.0
2024-08-27 02:10:00+00:00,15.829999923706055,15.829999923706055,15.829999923706055,15.829999923706055,72168,0.0,0.0,0.0
2024-08-27 02:15:00+00:00,15.829999923706055,15.829999923706055,15.819999694824219,15.819999694824219,125213,0.0,0.0,0.0
2024-08-27 02:20:00+00:00,15.819999694824219,15.819999694824219,15.8100004196167,15.8100004196167,81282,0.0,0.0,0.0
2024-08-27 02:25:00+00:00,15.8100004196167,15.819999694824219,15.8100004196167,15.819999694824219,10321,0.0,0.0,0.0
2024-08-27 02:30:00+00:00,15.8100004196167,15.8100004196167,15.8100004196167,15.8100004196167,82370,0.0,0.0,0.0
2024-08-27 02:35:00+00:00,15.800000190734863,15.800000190734863,15.800000190734863,15.800000190734863,92318,0.0,0.0,0.0
2024-08-27 02:40:00+00:00,15.8100004196167,15.819999694824219,15.8100004196167,15.8100004196167,22170,0.0,0.0,0.0
2024-08-27 02:45:00+00:00,15.8100004196167,15.819999694824219,15.8100004196167,15.819999694824219,133170,0.0,0.0,0.0
2024-08-27 02:55:00+00:00,15.84000015258789,15.84000015258789,15.829999923706055,15.829999923706055,13887,0.0,0.0,0.0
2024-08-27 03:00:00+00:00,15.829999923706055,15.829999923706055,15.819999694824219,15.819999694824219,22277,0.0,0.0,0.0
2024-08-27 03:05:00+00:00,15.819999694824219,15.819999694824219,15.8100004196167,15.8100004196167,167125,0.0,0.0,0.0
2024-08-27 03:10:00+00:00,15.819999694824219,15.819999694824219,15.819999694824219,15.819999694824219,5745,0.0,0.0,0.0
2024-08-27 03:15:00+00:00,15.819999694824219,15.819999694824219,15.819999694824219,15.819999694824219,3173,0.0,0.0,0.0
2024-08-27 03:20:00+00:00,15.819999694824219,15.84000015258789,15.819999694824219,15.829999923706055,78286,0.0,0.0,0.0
2024-08-27 03:30:00+00:00,15.829999923706055,15.84000015258789,15.829999923706055,15.829999923706055,25192,0.0,0.0,0.0
2024-08-27 03:35:00+00:00,15.84000015258789,15.84000015258789,15.84000015258789,15.84000015258789,12205,0.0,0.0,0.0
2024-08-27 03:40:00+00:00,15.84000015258789,15.84000015258789,15.84000015258789,15.84000015258789,1100,0.0,0.0,0.0
2024-08-27 03:45:00+00:00,15.829999923706055,15.84000015258789,15.829999923706055,15.84000015258789,171085,0.0,0.0,0.0
2024-08-27 03:50:00+00:00,15.84000015258789,15.84000015258789,15.829999923706055,15.84000015258789,24000,0.0,0.0,0.0
2024-08-27 03:55:00+00:00,15.829999923706055,15.84000015258789,15.829999923706055,15.84000015258789,11000,0.0,0.0,0.0
2024-08-27 04:00:00+00:00,15.84000015258789,15.84000015258789,15.84000015258789,15.84000015258789,5075,0.0,0.0,0.0
2024-08-27 04:05:00+00:00,15.850000381469727,15.850000381469727,15.84000015258789,15.84000015258789,11050,0.0,0.0,0.0
2024-08-27 04:10:00+00:00,15.84000015258789,15.84000015258789,15.84000015258789,15.84000015258789,6258,0.0,0.0,0.0
2024-08-27 04:15:00+00:00,15.84000015258789,15.850000381469727,15.84000015258789,15.84000015258789,14220,0.0,0.0,0.0
2024-08-27 04:20:00+00:00,15.84000015258789,15.850000381469727,15.84000015258789,15.850000381469727,14524,0.0,0.0,0.0
2024-08-27 04:25:00+00:00,15.850000381469727,15.850000381469727,15.850000381469727,15.850000381469727,16201,0.0,0.0,0.0
2024-08-27 04:30:00+00:00,15.850000381469727,15.850000381469727,15.850000381469727,15.850000381469727,47050,0.0,0.0,0.0
2024-08-27 04:35:00+00:00,15.850000381469727,15.850000381469727,15.84000015258789,15.84000015258789,9937,0.0,0.0,0.0
2024-08-27 04:40:00+00:00,15.850000381469727,15.859999656677246,15.850000381469727,15.859999656677246,18140,0.0,0.0,0.0
2024-08-27 04:45:00+00:00,15.859999656677246,15.859999656677246,15.850000381469727,15.850000381469727,4541,0.0,0.0,0.0
2024-08-27 04:50:00+00:00,15.859999656677246,15.869999885559082,15.859999656677246,15.869999885559082,110000,0.0,0.0,0.0
2024-08-27 04:55:00+00:00,15.859999656677246,15.859999656677246,15.850000381469727,15.850000381469727,7840,0.0,0.0,0.0
2024-08-27 05:00:00+00:00,15.859999656677246,15.859999656677246,15.850000381469727,15.850000381469727,208830,0.0,0.0,0.0
2024-08-27 05:05:00+00:00,15.850000381469727,15.859999656677246,15.850000381469727,15.859999656677246,249270,0.0,0.0,0.0
2024-08-28 01:00:00+00:00,15.880000114440918,15.899999618530273,15.859999656677246,15.859999656677246,0,0.0,0.0,0.0
2024-08-28 01:05:00+00:00,15.859999656677246,15.859999656677246,15.850000381469727,15.850000381469727,74168,0.0,0.0,0.0
2024-08-28 01:10:00+00:00,15.850000381469727,15.859999656677246,15.84000015258789,15.84000015258789,191384,0.0,0.0,0.0
2024-08-28 01:15:00+00:00,15.84000015258789,15.850000381469727,15.84000015258789,15.84000015258789,26718,0.0,0.0,0.0
2024-08-28 01:20:00+00:00,15.84000015258789,15.84000015258789,15.829999923706055,15.829999923706055,44479,0.0,0.0,0.0
2024-08-28 01:25:00+00:00,15.829999923706055,15.829999923706055,15.829999923706055,15.829999923706055,26012,0.0,0.0,0.0
2024-08-28 01:30:00+00:00,15.829999923706055,15.829999923706055,15.819999694824219,15.819999694824219,95549,0.0,0.0,0.0
2024-08-28 01:35:00+00:00,15.819999694824219,15.819999694824219,15.8100004196167,15.8100004196167,45074,0.0,0.0,0.0
2024-08-28 01:40:00+00:00,15.8100004196167,15.8100004196167,15.800000190734863,15.8100004196167,19914,0.0,0.0,0.0
2024-08-28 01:45:00+00:00,15.8100004196167,15.819999694824219,15.800000190734863,15.819999694824219,60757,0.0,0.0,0.0
2024-08-28 01:50:00+00:00,15.819999694824219,15.819999694824219,15.8100004196167,15.8100004196167,31870,0.0,0.0,0.0
2024-08-28 01:55:00+00:00,15.8100004196167,15.819999694824219,15.800000190734863,15.819999694824219,41641,0.0,0.0,0.0
2024-08-28 02:00:00+00:00,15.8100004196167,15.8100004196167,15.789999961853027,15.800000190734863,405400,0.0,0.0,0.0
2024-08-28 02:05:00+00:00,15.800000190734863,15.800000190734863,15.800000190734863,15.800000190734863,14472,0.0,0.0,0.0
2024-08-28 02:10:00+00:00,15.800000190734863,15.800000190734863,15.800000190734863,15.800000190734863,95560,0.0,0.0,0.0
2024-08-28 02:15:00+00:00,15.800000190734863,15.8100004196167,15.800000190734863,15.8100004196167,50796,0.0,0.0,0.0
2024-08-28 02:20:00+00:00,15.8100004196167,15.8100004196167,15.8100004196167,15.8100004196167,4100,0.0,0.0,0.0
2024-08-28 02:25:00+00:00,15.819999694824219,15.819999694824219,15.8100004196167,15.8100004196167,19528,0.0,0.0,0.0
2024-08-28 02:30:00+00:00,15.8100004196167,15.8100004196167,15.8100004196167,15.8100004196167,12600,0.0,0.0,0.0
2024-08-28 02:35:00+00:00,15.800000190734863,15.819999694824219,15.800000190734863,15.819999694824219,9637,0.0,0.0,0.0
2024-08-28 02:40:00+00:00,15.819999694824219,15.829999923706055,15.819999694824219,15.829999923706055,66513,0.0,0.0,0.0
2024-08-28 02:45:00+00:00,15.829999923706055,15.829999923706055,15.8100004196167,15.8100004196167,4618,0.0,0.0,0.0
2024-08-28 02:50:00+00:00,15.829999923706055,15.829999923706055,15.829999923706055,15.829999923706055,4100,0.0,0.0,0.0
2024-08-28 02:55:00+00:00,15.84000015258789,15.84000015258789,15.84000015258789,15.84000015258789,5156,0.0,0.0,0.0
2024-08-28 03:00:00+00:00,15.829999923706055,15.829999923706055,15.829999923706055,15.829999923706055,6180,0.0,0.0,0.0
2024-08-28 03:05:00+00:00,15.84000015258789,15.84000015258789,15.819999694824219,15.829999923706055,42690,0.0,0.0,0.0
2024-08-28 03:10:00+00:00,15.829999923706055,15.829999923706055,15.819999694824219,15.819999694824219,62576,0.0,0.0,0.0
2024-08-28 03:15:00+00:00,15.819999694824219,15.819999694824219,15.819999694824219,15.819999694824219,14877,0.0,0.0,0.0
2024-08-28 03:20:00+00:00,15.829999923706055,15.84000015258789,15.829999923706055,15.829999923706055,9000,0.0,0.0,0.0
2024-08-28 03:25:00+00:00,15.829999923706055,15.829999923706055,15.819999694824219,15.819999694824219,27855,0.0,0.0,0.0
2024-08-28 03:30:00+00:00,15.829999923706055,15.829999923706055,15.829999923706055,15.829999923706055,2690,0.0,0.0,0.0
2024-08-28 03:35:00+00:00,15.829999923706055,15.829999923706055,15.819999694824219,15.819999694824219,12357,0.0,0.0,0.0
2024-08-28 03:40:00+00:00,15.819999694824219,15.819999694824219,15.819999694824219,15.819999694824219,28096,0.0,0.0,0.0
2024-08-28 03:45:00+00:00,15.819999694824219,15.819999694824219,15.819999694824219,15.819999694824219,33000,0.0,0.0,0.0
2024-08-28 03:50:00+00:00,15.819999694824219,15.829999923706055,15.819999694824219,15.829999923706055,6110,0.0,0.0,0.0
2024-08-28 03:55:00+00:00,15.829999923706055,15.84000015258789,15.819999694824219,15.84000015258789,100409,0.0,0.0,0.0
2024-08-28 04:00:00+00:00,15.84000015258789,15.84000015258789,15.84000015258789,15.84000015258789,1375,0.0,0.0,0.0
2024-08-28 04:05:00+00:00,15.84000015258789,15.84000015258789,15.829999923706055,15.829999923706055,14256,0.0,0.0,0.0
2024-08-28 04:10:00+00:00,15.829999923706055,15.84000015258789,15.819999694824219,15.829999923706055,47720,0.0,0.0,0.0
2024-08-28 04:15:00+00:00,15.829999923706055,15.859999656677246,15.829999923706055,15.859999656677246,210194,0.0,0.0,0.0
2024-08-28 04:20:00+00:00,15.850000381469727,15.859999656677246,15.850000381469727,15.859999656677246,8260,0.0,0.0,0.0
2024-08-28 04:25:00+00:00,15.850000381469727,15.850000381469727,15.850000381469727,15.850000381469727,46602,0.0,0.0,0.0
2024-08-28 04:30:00+00:00,15.850000381469727,15.859999656677246,15.850000381469727,15.859999656677246,24434,0.0,0.0,0.0
2024-08-28 04:35:00+00:00,15.859999656677246,15.859999656677246,15.84000015258789,15.84000015258789,13605,0.0,0.0,0.0
2024-08-28 04:40:00+00:00,15.850000381469727,15.850000381469727,15.84000015258789,15.84000015258789,34250,0.0,0.0,0.0
2024-08-28 04:45:00+00:00,15.850000381469727,15.859999656677246,15.850000381469727,15.859999656677246,124449,0.0,0.0,0.0
2024-08-28 04:50:00+00:00,15.859999656677246,15.859999656677246,15.859999656677246,15.859999656677246,7250,0.0,0.0,0.0
2024-08-28 04:55:00+00:00,15.869999885559082,15.869999885559082,15.869999885559082,15.869999885559082,11467,0.0,0.0,0.0
2024-08-28 05:00:00+00:00,15.869999885559082,15.869999885559082,15.859999656677246,15.859999656677246,29433,0.0,0.0,0.0
2024-08-28 05:05:00+00:00,15.859999656677246,15.859999656677246,15.859999656677246,15.859999656677246,5584,0.0,0.0,0.0
2024-08-29 01:00:00+00:00,15.819999694824219,15.819999694824219,15.770000457763672,15.770000457763672,0,0.0,0.0,0.0
2024-08-29 01:05:00+00:00,15.800000190734863,15.8100004196167,15.800000190734863,15.8100004196167,54919,0.0,0.0,0.0
2024-08-29 01:10:00+00:00,15.800000190734863,15.800000190734863,15.789999961853027,15.789999961853027,216338,0.0,0.0,0.0
2024-08-29 01:15:00+00:00,15.789999961853027,15.800000190734863,15.779999732971191,15.800000190734863,114962,0.0,0.0,0.0
2024-08-29 01:20:00+00:00,15.800000190734863,15.800000190734863,15.789999961853027,15.789999961853027,130441,0.0,0.0,0.0
2024-08-29 01:25:00+00:00,15.789999961853027,15.789999961853027,15.770000457763672,15.770000457763672,180342,0.0,0.0,0.0
2024-08-29 01:30:00+00:00,15.770000457763672,15.770000457763672,15.760000228881836,15.770000457763672,48246,0.0,0.0,0.0
2024-08-29 01:35:00+00:00,15.770000457763672,15.800000190734863,15.770000457763672,15.800000190734863,63668,0.0,0.0,0.0
2024-08-29 01:40:00+00:00,15.800000190734863,15.8100004196167,15.800000190734863,15.8100004196167,67080,0.0,0.0,0.0
2024-08-29 01:45:00+00:00,15.8100004196167,15.8100004196167,15.8100004196167,15.8100004196167,10273,0.0,0.0,0.0
2024-08-29 01:50:00+00:00,15.800000190734863,15.800000190734863,15.789999961853027,15.789999961853027,51329,0.0,0.0,0.0
2024-08-29 01:55:00+00:00,15.789999961853027,15.789999961853027,15.779999732971191,15.779999732971191,48502,0.0,0.0,0.0
2024-08-29 02:00:00+00:00,15.779999732971191,15.779999732971191,15.770000457763672,15.779999732971191,15469,0.0,0.0,0.0
2024-08-29 02:05:00+00:00,15.770000457763672,15.779999732971191,15.770000457763672,15.779999732971191,83463,0.0,0.0,0.0
2024-08-29 02:10:00+00:00,15.779999732971191,15.779999732971191,15.770000457763672,15.779999732971191,28179,0.0,0.0,0.0
2024-08-29 02:15:00+00:00,15.779999732971191,15.779999732971191,15.770000457763672,15.770000457763672,37498,0.0,0.0,0.0
2024-08-29 02:20:00+00:00,15.770000457763672,15.779999732971191,15.760000228881836,15.779999732971191,16400,0.0,0.0,0.0
2024-08-29 02:25:00+00:00,15.779999732971191,15.779999732971191,15.779999732971191,15.779999732971191,14534,0.0,0.0,0.0
2024-08-29 02:30:00+00:00,15.789999961853027,15.800000190734863,15.789999961853027,15.789999961853027,17517,0.0,0.0,0.0
2024-08-29 02:35:00+00:00,15.789999961853027,15.789999961853027,15.789999961853027,15.789999961853027,8243,0.0,0.0,0.0
2024-08-29 02:40:00+00:00,15.789999961853027,15.789999961853027,15.789999961853027,15.789999961853027,5504,0.0,0.0,0.0
2024-08-29 02:45:00+00:00,15.789999961853027,15.789999961853027,15.779999732971191,15.789999961853027,78767,0.0,0.0,0.0
2024-08-29 02:50:00+00:00,15.789999961853027,15.789999961853027,15.789999961853027,15.789999961853027,6548,0.0,0.0,0.0
2024-08-29 02:55:00+00:00,15.789999961853027,15.789999961853027,15.779999732971191,15.779999732971191,14903,0.0,0.0,0.0
2024-08-29 03:00:00+00:00,15.789999961853027,15.789999961853027,15.789999961853027,15.789999961853027,3679,0.0,0.0,0.0
2024-08-29 03:05:00+00:00,15.789999961853027,15.789999961853027,15.779999732971191,15.779999732971191,131422,0.0,0.0,0.0
2024-08-29 03:10:00+00:00,15.789999961853027,15.789999961853027,15.789999961853027,15.789999961853027,40238,0.0,0.0,0.0
2024-08-29 03:15:00+00:00,15.789999961853027,15.789999961853027,15.789999961853027,15.789999961853027,6871,0.0,0.0,0.0
2024-08-29 03:20:00+00:00,15.789999961853027,15.789999961853027,15.779999732971191,15.789999961853027,8560,0.0,0.0,0.0
2024-08-29 03:30:00+00:00,15.789999961853027,15.789999961853027,15.779999732971191,15.789999961853027,18411,0.0,0.0,0.0
2024-08-29 03:35:00+00:00,15.789999961853027,15.789999961853027,15.789999961853027,15.789999961853027,12308,0.0,0.0,0.0
2024-08-29 03:40:00+00:00,15.789999961853027,15.789999961853027,15.789999961853027,15.789999961853027,25579,0.0,0.0,0.0
2024-08-29 03:45:00+00:00,15.800000190734863,15.800000190734863,15.800000190734863,15.800000190734863,41390,0.0,0.0,0.0
2024-08-29 03:50:00+00:00,15.800000190734863,15.800000190734863,15.800000190734863,15.800000190734863,4296,0.0,0.0,0.0
2024-08-29 03:55:00+00:00,15.800000190734863,15.800000190734863,15.800000190734863,15.800000190734863,25373,0.0,0.0,0.0
2024-08-29 04:00:00+00:00,15.800000190734863,15.800000190734863,15.800000190734863,15.800000190734863,101314,0.0,0.0,0.0
2024-08-29 04:05:00+00:00,15.800000190734863,15.800000190734863,15.800000190734863,15.800000190734863,17232,0.0,0.0,0.0
2024-08-29 04:10:00+00:00,15.800000190734863,15.800000190734863,15.800000190734863,15.800000190734863,7850,0.0,0.0,0.0
2024-08-29 04:15:00+00:00,15.8100004196167,15.8100004196167,15.8100004196167,15.8100004196167,83210,0.0,0.0,0.0
2024-08-29 04:20:00+00:00,15.819999694824219,15.819999694824219,15.819999694824219,15.819999694824219,2590,0.0,0.0,0.0
2024-08-29 04:25:00+00:00,15.819999694824219,15.819999694824219,15.819999694824219,15.819999694824219,2000,0.0,0.0,0.0
2024-08-29 04:30:00+00:00,15.829999923706055,15.829999923706055,15.829999923706055,15.829999923706055,16039,0.0,0.0,0.0
2024-08-29 04:35:00+00:00,15.819999694824219,15.819999694824219,15.8100004196167,15.8100004196167,90995,0.0,0.0,0.0
2024-08-29 04:40:00+00:00,15.8100004196167,15.819999694824219,15.800000190734863,15.800000190734863,55677,0.0,0.0,0.0
2024-08-29 04:45:00+00:00,15.8100004196167,15.8100004196167,15.8100004196167,15.8100004196167,9168,0.0,0.0,0.0
2024-08-29 04:50:00+00:00,15.8100004196167,15.819999694824219,15.8100004196167,15.819999694824219,35916,0.0,0.0,0.0
2024-08-29 04:55:00+00:00,15.819999694824219,15.829999923706055,15.819999694824219,15.829999923706055,101000,0.0,0.0,0.0
2024-08-29 05:00:00+00:00,15.829999923706055,15.829999923706055,15.829999923706055,15.829999923706055,114960,0.0,0.0,0.0
2024-08-29 05:05:00+00:00,15.829999923706055,15.829999923706055,15.819999694824219,15.819999694824219,23577,0.0,0.0,0.0
2024-08-30 01:00:00+00:00,15.880000114440918,15.90999984741211,15.880000114440918,15.899999618530273,0,0.0,0.0,0.0
2024-08-30 01:05:00+00:00,15.90999984741211,15.920000076293945,15.899999618530273,15.899999618530273,54000,0.0,0.0,0.0
2024-08-30 01:10:00+00:00,15.899999618530273,15.899999618530273,15.899999618530273,15.899999618530273,65458,0.0,0.0,0.0
2024-08-30 01:15:00+00:00,15.890000343322754,15.899999618530273,15.890000343322754,15.890000343322754,37744,0.0,0.0,0.0
2024-08-30 01:20:00+00:00,15.890000343322754,15.890000343322754,15.880000114440918,15.880000114440918,42482,0.0,0.0,0.0
2024-08-30 01:25:00+00:00,15.880000114440918,15.880000114440918,15.880000114440918,15.880000114440918,106627,0.0,0.0,0.0
2024-08-30 01:30:00+00:00,15.880000114440918,15.890000343322754,15.869999885559082,15.890000343322754,29186,0.0,0.0,0.0
2024-08-30 01:35:00+00:00,15.890000343322754,15.890000343322754,15.890000343322754,15.890000343322754,22056,0.0,0.0,0.0
2024-08-30 01:40:00+00:00,15.890000343322754,15.890000343322754,15.880000114440918,15.890000343322754,27764,0.0,0.0,0.0
2024-08-30 01:45:00+00:00,15.890000343322754,15.890000343322754,15.880000114440918,15.880000114440918,42652,0.0,0.0,0.0
2024-08-30 01:50:00+00:00,15.880000114440918,15.880000114440918,15.880000114440918,15.880000114440918,67713,0.0,0.0,0.0
2024-08-30 01:55:00+00:00,15.880000114440918,15.880000114440918,15.869999885559082,15.880000114440918,15351,0.0,0.0,0.0
2024-08-30 02:00:00+00:00,15.869999885559082,15.869999885559082,15.869999885559082,15.869999885559082,36333,0.0,0.0,0.0
2024-08-30 02:05:00+00:00,15.869999885559082,15.869999885559082,15.869999885559082,15.869999885559082,18972,0.0,0.0,0.0
2024-08-30 02:10:00+00:00,15.869999885559082,15.869999885559082,15.859999656677246,15.869999885559082,110729,0.0,0.0,0.0
2024-08-30 02:15:00+00:00,15.869999885559082,15.880000114440918,15.869999885559082,15.869999885559082,8344,0.0,0.0,0.0
2024-08-30 02:20:00+00:00,15.869999885559082,15.869999885559082,15.859999656677246,15.869999885559082,34334,0.0,0.0,0.0
2024-08-30 02:25:00+00:00,15.869999885559082,15.869999885559082,15.869999885559082,15.869999885559082,53386,0.0,0.0,0.0
2024-08-30 02:30:00+00:00,15.869999885559082,15.869999885559082,15.869999885559082,15.869999885559082,76827,0.0,0.0,0.0
2024-08-30 02:40:00+00:00,15.869999885559082,15.869999885559082,15.869999885559082,15.869999885559082,7010,0.0,0.0,0.0
2024-08-30 02:45:00+00:00,15.869999885559082,15.869999885559082,15.869999885559082,15.869999885559082,90370,0.0,0.0,0.0
2024-08-30 02:50:00+00:00,15.880000114440918,15.880000114440918,15.880000114440918,15.880000114440918,178354,0.0,0.0,0.0
2024-08-30 02:55:00+00:00,15.880000114440918,15.890000343322754,15.880000114440918,15.890000343322754,4551,0.0,0.0,0.0
2024-08-30 03:05:00+00:00,15.890000343322754,15.890000343322754,15.890000343322754,15.890000343322754,2031,0.0,0.0,0.0
2024-08-30 03:10:00+00:00,15.890000343322754,15.890000343322754,15.880000114440918,15.880000114440918,13543,0.0,0.0,0.0
2024-08-30 03:15:00+00:00,15.880000114440918,15.880000114440918,15.880000114440918,15.880000114440918,7030,0.0,0.0,0.0
2024-08-30 03:20:00+00:00,15.880000114440918,15.880000114440918,15.869999885559082,15.869999885559082,15005,0.0,0.0,0.0
2024-08-30 03:25:00+00:00,15.869999885559082,15.869999885559082,15.869999885559082,15.869999885559082,19886,0.0,0.0,0.0
2024-08-30 03:30:00+00:00,15.859999656677246,15.880000114440918,15.859999656677246,15.880000114440918,6274,0.0,0.0,0.0
2024-08-30 03:35:00+00:00,15.869999885559082,15.869999885559082,15.869999885559082,15.869999885559082,2000,0.0,0.0,0.0
2024-08-30 03:40:00+00:00,15.880000114440918,15.880000114440918,15.869999885559082,15.869999885559082,14050,0.0,0.0,0.0
2024-08-30 03:45:00+00:00,15.869999885559082,15.869999885559082,15.869999885559082,15.869999885559082,4650,0.0,0.0,0.0
2024-08-30 03:50:00+00:00,15.869999885559082,15.869999885559082,15.869999885559082,15.869999885559082,3045,0.0,0.0,0.0
2024-08-30 03:55:00+00:00,15.869999885559082,15.869999885559082,15.869999885559082,15.869999885559082,2929,0.0,0.0,0.0
2024-08-30 04:00:00+00:00,15.880000114440918,15.880000114440918,15.880000114440918,15.880000114440918,3939,0.0,0.0,0.0
2024-08-30 04:05:00+00:00,15.869999885559082,15.869999885559082,15.869999885559082,15.869999885559082,6649,0.0,0.0,0.0
2024-08-30 04:15:00+00:00,15.869999885559082,15.869999885559082,15.869999885559082,15.869999885559082,1269,0.0,0.0,0.0
2024-08-30 04:20:00+00:00,15.880000114440918,15.880000114440918,15.880000114440918,15.880000114440918,11037,0.0,0.0,0.0
2024-08-30 04:25:00+00:00,15.880000114440918,15.880000114440918,15.880000114440918,15.880000114440918,3090,0.0,0.0,0.0
2024-08-30 04:30:00+00:00,15.880000114440918,15.880000114440918,15.880000114440918,15.880000114440918,2564,0.0,0.0,0.0
2024-08-30 04:35:00+00:00,15.880000114440918,15.880000114440918,15.880000114440918,15.880000114440918,19609,0.0,0.0,0.0
2024-08-30 04:40:00+00:00,15.869999885559082,15.869999885559082,15.869999885559082,15.869999885559082,11202,0.0,0.0,0.0
2024-08-30 04:45:00+00:00,15.869999885559082,15.869999885559082,15.869999885559082,15.869999885559082,28888,0.0,0.0,0.0
2024-08-30 04:50:00+00:00,15.880000114440918,15.880000114440918,15.880000114440918,15.880000114440918,39356,0.0,0.0,0.0
2024-08-30 04:55:00+00:00,15.880000114440918,15.880000114440918,15.869999885559082,15.880000114440918,8606,0.0,0.0,0.0
2024-08-30 05:00:00+00:00,15.880000114440918,15.880000114440918,15.880000114440918,15.880000114440918,6069,0.0,0.0,0.0
2024-08-30 05:05:00+00:00,15.880000114440918,15.880000114440918,15.880000114440918,15.880000114440918,41032,0.0,0.0,0.0
2024-08-30 05:10:00+00:00,15.869999885559082,15.880000114440918,15.869999885559082,15.880000114440918,43923,0.0,0.0,0.0
2024-09-02 01:00:00+00:00,15.90999984741211,15.949999809265137,15.90999984741211,15.9399995803833,0,0.0,0.0,0.0
2024-09-02 01:05:00+00:00,15.9399995803833,15.949999809265137,15.9399995803833,15.9399995803833,21693,0.0,0.0,0.0
2024-09-02 01:10:00+00:00,15.949999809265137,15.949999809265137,15.920000076293945,15.920000076293945,123735,0.0,0.0,0.0
2024-09-02 01:15:00+00:00,15.930000305175781,15.930000305175781,15.920000076293945,15.920000076293945,134997,0.0,0.0,0.0
2024-09-02 01:20:00+00:00,15.930000305175781,15.930000305175781,15.920000076293945,15.930000305175781,311405,0.0,0.0,0.0
2024-09-02 01:25:00+00:00,15.930000305175781,15.930000305175781,15.930000305175781,15.930000305175781,11189,0.0,0.0,0.0
2024-09-02 01:30:00+00:00,15.930000305175781,15.930000305175781,15.930000305175781,15.930000305175781,46892,0.0,0.0,0.0
2024-09-02 01:35:00+00:00,15.920000076293945,15.920000076293945,15.90999984741211,15.90999984741211,57412,0.0,0.0,0.0
2024-09-02 01:40:00+00:00,15.920000076293945,15.920000076293945,15.920000076293945,15.920000076293945,15252,0.0,0.0,0.0
2024-09-02 01:45:00+00:00,15.920000076293945,15.920000076293945,15.920000076293945,15.920000076293945,8445,0.0,0.0,0.0
2024-09-02 01:50:00+00:00,15.90999984741211,15.90999984741211,15.899999618530273,15.899999618530273,162790,0.0,0.0,0.0
2024-09-02 01:55:00+00:00,15.899999618530273,15.90999984741211,15.899999618530273,15.899999618530273,41658,0.0,0.0,0.0
2024-09-02 02:00:00+00:00,15.899999618530273,15.899999618530273,15.850000381469727,15.850000381469727,665038,0.0,0.0,0.0
2024-09-02 02:05:00+00:00,15.850000381469727,15.869999885559082,15.850000381469727,15.869999885559082,304478,0.0,0.0,0.0
2024-09-02 02:10:00+00:00,15.869999885559082,15.869999885559082,15.850000381469727,15.859999656677246,29138,0.0,0.0,0.0
2024-09-02 02:15:00+00:00,15.850000381469727,15.850000381469727,15.84000015258789,15.850000381469727,75980,0.0,0.0,0.0
2024-09-02 02:20:00+00:00,15.850000381469727,15.850000381469727,15.84000015258789,15.850000381469727,23235,0.0,0.0,0.0
2024-09-02 02:30:00+00:00,15.859999656677246,15.859999656677246,15.84000015258789,15.84000015258789,68225,0.0,0.0,0.0
2024-09-02 02:35:00+00:00,15.84000015258789,15.84000015258789,15.84000015258789,15.84000015258789,56102,0.0,0.0,0.0
2024-09-02 02:40:00+00:00,15.84000015258789,15.84000015258789,15.84000015258789,15.84000015258789,129291,0.0,0.0,0.0
2024-09-02 02:45:00+00:00,15.850000381469727,15.850000381469727,15.850000381469727,15.850000381469727,16000,0.0,0.0,0.0
2024-09-02 02:50:00+00:00,15.850000381469727,15.850000381469727,15.84000015258789,15.850000381469727,36450,0.0,0.0,0.0
2024-09-02 02:55:00+00:00,15.850000381469727,15.850000381469727,15.850000381469727,15.850000381469727,41597,0.0,0.0,0.0
2024-09-02 03:00:00+00:00,15.850000381469727,15.850000381469727,15.84000015258789,15.84000015258789,126026,0.0,0.0,0.0
2024-09-02 03:05:00+00:00,15.84000015258789,15.850000381469727,15.84000015258789,15.850000381469727,6435,0.0,0.0,0.0
2024-09-02 03:10:00+00:00,15.850000381469727,15.850000381469727,15.84000015258789,15.850000381469727,12434,0.0,0.0,0.0
2024-09-02 03:15:00+00:00,15.850000381469727,15.850000381469727,15.850000381469727,15.850000381469727,114343,0.0,0.0,0.0
2024-09-02 03:20:00+00:00,15.859999656677246,15.859999656677246,15.859999656677246,15.859999656677246,1707,0.0,0.0,0.0
2024-09-02 03:25:00+00:00,15.850000381469727,15.850000381469727,15.850000381469727,15.850000381469727,25841,0.0,0.0,0.0
2024-09-02 03:30:00+00:00,15.850000381469727,15.850000381469727,15.850000381469727,15.850000381469727,5449,0.0,0.0,0.0
2024-09-02 03:35:00+00:00,15.850000381469727,15.850000381469727,15.84000015258789,15.84000015258789,104081,0.0,0.0,0.0
2024-09-02 03:40:00+00:00,15.84000015258789,15.84000015258789,15.84000015258789,15.84000015258789,33109,0.0,0.0,0.0
2024-09-02 03:45:00+00:00,15.84000015258789,15.84000015258789,15.84000015258789,15.84000015258789,1524,0.0,0.0,0.0
2024-09-02 03:50:00+00:00,15.850000381469727,15.850000381469727,15.850000381469727,15.850000381469727,4849,0.0,0.0,0.0
2024-09-02 03:55:00+00:00,15.850000381469727,15.850000381469727,15.850000381469727,15.850000381469727,1000,0.0,0.0,0.0
2024-09-02 04:00:00+00:00,15.850000381469727,15.850000381469727,15.850000381469727,15.850000381469727,4200,0.0,0.0,0.0
2024-09-02 04:05:00+00:00,15.850000381469727,15.850000381469727,15.84000015258789,15.84000015258789,40067,0.0,0.0,0.0
2024-09-02 04:10:00+00:00,15.850000381469727,15.850000381469727,15.850000381469727,15.850000381469727,82125,0.0,0.0,0.0
2024-09-02 04:15:00+00:00,15.850000381469727,15.850000381469727,15.84000015258789,15.84000015258789,35504,0.0,0.0,0.0
2024-09-02 04:25:00+00:00,15.859999656677246,15.859999656677246,15.84000015258789,15.84000015258789,6204,0.0,0.0,0.0
2024-09-02 04:30:00+00:00,15.84000015258789,15.859999656677246,15.84000015258789,15.850000381469727,14389,0.0,0.0,0.0
2024-09-02 04:35:00+00:00,15.850000381469727,15.850000381469727,15.850000381469727,15.850000381469727,6051,0.0,0.0,0.0
2024-09-02 04:40:00+00:00,15.850000381469727,15.850000381469727,15.84000015258789,15.84000015258789,7835,0.0,0.0,0.0
2024-09-02 04:45:00+00:00,15.84000015258789,15.84000015258789,15.829999923706055,15.84000015258789,295775,0.0,0.0,0.0
2024-09-02 04:50:00+00:00,15.84000015258789,15.850000381469727,15.84000015258789,15.850000381469727,14260,0.0,0.0,0.0
2024-09-02 04:55:00+00:00,15.850000381469727,15.850000381469727,15.84000015258789,15.850000381469727,43313,0.0,0.0,0.0
2024-09-02 05:00:00+00:00,15.850000381469727,15.850000381469727,15.850000381469727,15.850000381469727,22367,0.0,0.0,0.0
2024-09-02 05:05:00+00:00,15.850000381469727,15.850000381469727,15.850000381469727,15.850000381469727,5321,0.0,0.0,0.0
2024-09-03 01:00:00+00:00,15.869999885559082,15.869999885559082,15.829999923706055,15.84000015258789,0,0.0,0.0,0.0
2024-09-03 01:05:00+00:00,15.829999923706055,15.84000015258789,15.819999694824219,15.84000015258789,26390,0.0,0.0,0.0
2024-09-03 01:10:00+00:00,15.84000015258789,15.84000015258789,15.829999923706055,15.84000015258789,217881,0.0,0.0,0.0
2024-09-03 01:15:00+00:00,15.850000381469727,15.850000381469727,15.84000015258789,15.84000015258789,34941,0.0,0.0,0.0
2024-09-03 01:20:00+00:00,15.84000015258789,15.84000015258789,15.829999923706055,15.829999923706055,91567,0.0,0.0,0.0
2024-09-03 01:25:00+00:00,15.84000015258789,15.84000015258789,15.819999694824219,15.819999694824219,151763,0.0,0.0,0.0
2024-09-03 01:30:00+00:00,15.829999923706055,15.829999923706055,15.819999694824219,15.819999694824219,28853,0.0,0.0,0.0
2024-09-03 01:35:00+00:00,15.819999694824219,15.819999694824219,15.819999694824219,15.819999694824219,29866,0.0,0.0,0.0
2024-09-03 01:40:00+00:00,15.819999694824219,15.819999694824219,15.8100004196167,15.819999694824219,53654,0.0,0.0,0.0
2024-09-03 01:45:00+00:00,15.819999694824219,15.84000015258789,15.819999694824219,15.829999923706055,91316,0.0,0.0,0.0
2024-09-03 01:50:00+00:00,15.829999923706055,15.829999923706055,15.829999923706055,15.829999923706055,14061,0.0,0.0,0.0
2024-09-03 01:55:00+00:00,15.829999923706055,15.84000015258789,15.829999923706055,15.84000015258789,4502,0.0,0.0,0.0
2024-09-03 02:00:00+00:00,15.84000015258789,15.84000015258789,15.829999923706055,15.829999923706055,71510,0.0,0.0,0.0
2024-09-03 02:05:00+00:00,15.829999923706055,15.829999923706055,15.819999694824219,15.819999694824219,14643,0.0,0.0,0.0
2024-09-03 02:10:00+00:00,15.819999694824219,15.819999694824219,15.819999694824219,15.819999694824219,5439,0.0,0.0,0.0
2024-09-03 02:15:00+00:00,15.829999923706055,15.829999923706055,15.829999923706055,15.829999923706055,35476,0.0,0.0,0.0
2024-09-03 02:20:00+00:00,15.829999923706055,15.829999923706055,15.819999694824219,15.829999923706055,66930,0.0,0.0,0.0
2024-09-03 02:25:00+00:00,15.829999923706055,15.829999923706055,15.819999694824219,15.829999923706055,27271,0.0,0.0,0.0
2024-09-03 02:30:00+00:00,15.829999923706055,15.829999923706055,15.829999923706055,15.829999923706055,10001,0.0,0.0,0.0
2024-09-03 02:35:00+00:00,15.819999694824219,15.819999694824219,15.8100004196167,15.819999694824219,132589,0.0,0.0,0.0
2024-09-03 02:40:00+00:00,15.8100004196167,15.8100004196167,15.800000190734863,15.800000190734863,210708,0.0,0.0,0.0
2024-09-03 02:45:00+00:00,15.8100004196167,15.8100004196167,15.789999961853027,15.789999961853027,309063,0.0,0.0,0.0
2024-09-03 02:50:00+00:00,15.789999961853027,15.789999961853027,15.789999961853027,15.789999961853027,16546,0.0,0.0,0.0
2024-09-03 02:55:00+00:00,15.789999961853027,15.800000190734863,15.789999961853027,15.789999961853027,110871,0.0,0.0,0.0
2024-09-03 03:00:00+00:00,15.789999961853027,15.789999961853027,15.760000228881836,15.770000457763672,251831,0.0,0.0,0.0
2024-09-03 03:05:00+00:00,15.770000457763672,15.770000457763672,15.770000457763672,15.770000457763672,74571,0.0,0.0,0.0
2024-09-03 03:10:00+00:00,15.770000457763672,15.770000457763672,15.760000228881836,15.760000228881836,99525,0.0,0.0,0.0
2024-09-03 03:15:00+00:00,15.770000457763672,15.770000457763672,15.760000228881836,15.770000457763672,49830,0.0,0.0,0.0
2024-09-03 03:20:00+00:00,15.770000457763672,15.779999732971191,15.760000228881836,15.770000457763672,94954,0.0,0.0,0.0
2024-09-03 03:25:00+00:00,15.770000457763672,15.770000457763672,15.760000228881836,15.770000457763672,16798,0.0,0.0,0.0
2024-09-03 03:30:00+00:00,15.770000457763672,15.779999732971191,15.770000457763672,15.779999732971191,44698,0.0,0.0,0.0
2024-09-03 03:35:00+00:00,15.779999732971191,15.779999732971191,15.770000457763672,15.770000457763672,10603,0.0,0.0,0.0
2024-09-03 03:40:00+00:00,15.770000457763672,15.770000457763672,15.770000457763672,15.770000457763672,4834,0.0,0.0,0.0
2024-09-03 03:45:00+00:00,15.779999732971191,15.779999732971191,15.779999732971191,15.779999732971191,11272,0.0,0.0,0.0
2024-09-03 03:50:00+00:00,15.779999732971191,15.779999732971191,15.770000457763672,15.770000457763672,50191,0.0,0.0,0.0
2024-09-03 03:55:00+00:00,15.760000228881836,15.770000457763672,15.760000228881836,15.770000457763672,82277,0.0,0.0,0.0
2024-09-03 04:00:00+00:00,15.760000228881836,15.760000228881836,15.760000228881836,15.760000228881836,19879,0.0,0.0,0.0
2024-09-03 04:05:00+00:00,15.760000228881836,15.760000228881836,15.75,15.75,78284,0.0,0.0,0.0
2024-09-03 04:10:00+00:00,15.760000228881836,15.760000228881836,15.75,15.75,60138,0.0,0.0,0.0
2024-09-03 04:15:00+00:00,15.770000457763672,15.770000457763672,15.770000457763672,15.770000457763672,7180,0.0,0.0,0.0
2024-09-03 04:20:00+00:00,15.770000457763672,15.770000457763672,15.770000457763672,15.770000457763672,56521,0.0,0.0,0.0
2024-09-03 04:25:00+00:00,15.770000457763672,15.770000457763672,15.770000457763672,15.770000457763672,11408,0.0,0.0,0.0
2024-09-03 04:30:00+00:00,15.779999732971191,15.779999732971191,15.770000457763672,15.770000457763672,44579,0.0,0.0,0.0
2024-09-03 04:35:00+00:00,15.770000457763672,15.779999732971191,15.760000228881836,15.760000228881836,49459,0.0,0.0,0.0
2024-09-03 04:45:00+00:00,15.770000457763672,15.770000457763672,15.770000457763672,15.770000457763672,6150,0.0,0.0,0.0
2024-09-03 04:50:00+00:00,15.779999732971191,15.779999732971191,15.770000457763672,15.770000457763672,15711,0.0,0.0,0.0
2024-09-03 04:55:00+00:00,15.779999732971191,15.779999732971191,15.770000457763672,15.770000457763672,27573,0.0,0.0,0.0
2024-09-03 05:00:00+00:00,15.779999732971191,15.779999732971191,15.770000457763672,15.770000457763672,16316,0.0,0.0,0.0
2024-09-03 05:05:00+00:00,15.779999732971191,15.779999732971191,15.779999732971191,15.779999732971191,109112,0.0,0.0,0.0
2024-09-04 01:00:00+00:00,15.300000190734863,15.300000190734863,15.149999618530273,15.270000457763672,0,0.0,0.0,0.0
2024-09-04 01:05:00+00:00,15.25,15.329999923706055,15.210000038146973,15.3100004196167,142844,0.0,0.0,0.0
2024-09-04 01:10:00+00:00,15.329999923706055,15.329999923706055,15.279999732971191,15.279999732971191,292427,0.0,0.0,0.0
2024-09-04 01:15:00+00:00,15.279999732971191,15.369999885559082,15.279999732971191,15.319999694824219,2030311,0.0,0.0,0.0
2024-09-04 01:20:00+00:00,15.319999694824219,15.319999694824219,15.289999961853027,15.300000190734863,376597,0.0,0.0,0.0
2024-09-04 01:25:00+00:00,15.300000190734863,15.369999885559082,15.289999961853027,15.359999656677246,125259,0.0,0.0,0.0
2024-09-04 01:30:00+00:00,15.359999656677246,15.430000305175781,15.350000381469727,15.430000305175781,201829,0.0,0.0,0.0
2024-09-04 01:35:00+00:00,15.4399995803833,15.470000267028809,15.369999885559082,15.380000114440918,377595,0.0,0.0,0.0
2024-09-04 01:40:00+00:00,15.380000114440918,15.399999618530273,15.369999885559082,15.369999885559082,177928,0.0,0.0,0.0
2024-09-04 01:45:00+00:00,15.380000114440918,15.399999618530273,15.380000114440918,15.399999618530273,43900,0.0,0.0,0.0
2024-09-04 01:50:00+00:00,15.40999984741211,15.430000305175781,15.40999984741211,15.40999984741211,48399,0.0,0.0,0.0
2024-09-04 01:55:00+00:00,15.40999984741211,15.420000076293945,15.399999618530273,15.399999618530273,121382,0.0,0.0,0.0
2024-09-04 02:00:00+00:00,15.399999618530273,15.399999618530273,15.380000114440918,15.380000114440918,103223,0.0,0.0,0.0
2024-09-04 02:05:00+00:00,15.390000343322754,15.390000343322754,15.380000114440918,15.390000343322754,57799,0.0,0.0,0.0
2024-09-04 02:10:00+00:00,15.380000114440918,15.399999618530273,15.369999885559082,15.399999618530273,70842,0.0,0.0,0.0
2024-09-04 02:15:00+00:00,15.420000076293945,15.430000305175781,15.420000076293945,15.420000076293945,51366,0.0,0.0,0.0
2024-09-04 02:20:00+00:00,15.420000076293945,15.430000305175781,15.420000076293945,15.430000305175781,44146,0.0,0.0,0.0
2024-09-04 02:25:00+00:00,15.430000305175781,15.449999809265137,15.430000305175781,15.449999809265137,18891,0.0,0.0,0.0
2024-09-04 02:30:00+00:00,15.449999809265137,15.460000038146973,15.4399995803833,15.4399995803833,103498,0.0,0.0,0.0
2024-09-04 02:35:00+00:00,15.4399995803833,15.4399995803833,15.420000076293945,15.4399995803833,37609,0.0,0.0,0.0
2024-09-04 02:40:00+00:00,15.4399995803833,15.4399995803833,15.430000305175781,15.430000305175781,59429,0.0,0.0,0.0
2024-09-04 02:45:00+00:00,15.420000076293945,15.420000076293945,15.40999984741211,15.40999984741211,115722,0.0,0.0,0.0
2024-09-04 02:50:00+00:00,15.40999984741211,15.40999984741211,15.399999618530273,15.399999618530273,161975,0.0,0.0,0.0
2024-09-04 02:55:00+00:00,15.399999618530273,15.399999618530273,15.380000114440918,15.380000114440918,156682,0.0,0.0,0.0
2024-09-04 03:00:00+00:00,15.380000114440918,15.40999984741211,15.380000114440918,15.40999984741211,42478,0.0,0.0,0.0
2024-09-04 03:05:00+00:00,15.40999984741211,15.40999984741211,15.399999618530273,15.399999618530273,35804,0.0,0.0,0.0
2024-09-04 03:10:00+00:00,15.399999618530273,15.399999618530273,15.390000343322754,15.390000343322754,23249,0.0,0.0,0.0
2024-09-04 03:15:00+00:00,15.390000343322754,15.390000343322754,15.380000114440918,15.390000343322754,26017,0.0,0.0,0.0
2024-09-04 03:20:00+00:00,15.390000343322754,15.390000343322754,15.369999885559082,15.369999885559082,20177,0.0,0.0,0.0
2024-09-04 03:25:00+00:00,15.380000114440918,15.380000114440918,15.369999885559082,15.369999885559082,154548,0.0,0.0,0.0
2024-09-04 03:30:00+00:00,15.369999885559082,15.369999885559082,15.369999885559082,15.369999885559082,31660,0.0,0.0,0.0
2024-09-04 03:35:00+00:00,15.369999885559082,15.380000114440918,15.369999885559082,15.380000114440918,6235,0.0,0.0,0.0
2024-09-04 03:40:00+00:00,15.380000114440918,15.390000343322754,15.380000114440918,15.380000114440918,12199,0.0,0.0,0.0
2024-09-04 03:45:00+00:00,15.380000114440918,15.390000343322754,15.380000114440918,15.390000343322754,11500,0.0,0.0,0.0
2024-09-04 03:50:00+00:00,15.380000114440918,15.380000114440918,15.369999885559082,15.369999885559082,65068,0.0,0.0,0.0
2024-09-04 03:55:00+00:00,15.369999885559082,15.369999885559082,15.359999656677246,15.359999656677246,47760,0.0,0.0,0.0
2024-09-04 04:00:00+00:00,15.369999885559082,15.390000343322754,15.369999885559082,15.390000343322754,18561,0.0,0.0,0.0
2024-09-04 04:05:00+00:00,15.390000343322754,15.40999984741211,15.390000343322754,15.399999618530273,96414,0.0,0.0,0.0
2024-09-04 04:10:00+00:00,15.399999618530273,15.399999618530273,15.399999618530273,15.399999618530273,1287,0.0,0.0,0.0
2024-09-04 04:15:00+00:00,15.420000076293945,15.420000076293945,15.420000076293945,15.420000076293945,3990,0.0,0.0,0.0
2024-09-04 04:20:00+00:00,15.420000076293945,15.420000076293945,15.399999618530273,15.399999618530273,56506,0.0,0.0,0.0
2024-09-04 04:25:00+00:00,15.430000305175781,15.430000305175781,15.40999984741211,15.420000076293945,12397,0.0,0.0,0.0
2024-09-04 04:30:00+00:00,15.420000076293945,15.420000076293945,15.40999984741211,15.420000076293945,22447,0.0,0.0,0.0
2024-09-04 04:35:00+00:00,15.420000076293945,15.430000305175781,15.420000076293945,15.430000305175781,65606,0.0,0.0,0.0
2024-09-04 04:40:00+00:00,15.430000305175781,15.430000305175781,15.420000076293945,15.420000076293945,43853,0.0,0.0,0.0
2024-09-04 04:45:00+00:00,15.40999984741211,15.420000076293945,15.40999984741211,15.40999984741211,93265,0.0,0.0,0.0
2024-09-04 04:50:00+00:00,15.40999984741211,15.40999984741211,15.40999984741211,15.40999984741211,12587,0.0,0.0,0.0
2024-09-04 04:55:00+00:00,15.420000076293945,15.420000076293945,15.399999618530273,15.40999984741211,59778,0.0,0.0,0.0
2024-09-04 05:00:00+00:00,15.40999984741211,15.40999984741211,15.399999618530273,15.399999618530273,294549,0.0,0.0,0.0
2024-09-04 05:05:00+00:00,15.399999618530273,15.399999618530273,15.369999885559082,15.369999885559082,229954,0.0,0.0,0.0
2024-09-04 05:10:00+00:00,15.369999885559082,15.369999885559082,15.359999656677246,15.359999656677246,172081,0.0,0.0,0.0
2024-09-04 05:15:00+00:00,15.359999656677246,15.380000114440918,15.359999656677246,15.380000114440918,112099,0.0,0.0,0.0
2024-09-04 05:20:00+00:00,15.380000114440918,15.380000114440918,15.359999656677246,15.369999885559082,69030,0.0,0.0,0.0
2024-09-05 01:00:00+00:00,15.479999542236328,15.5,15.460000038146973,15.5,0,0.0,0.0,0.0
2024-09-05 01:05:00+00:00,15.5,15.550000190734863,15.5,15.539999961853027,155901,0.0,0.0,0.0
2024-09-05 01:10:00+00:00,15.539999961853027,15.550000190734863,15.529999732971191,15.550000190734863,166217,0.0,0.0,0.0
2024-09-05 01:15:00+00:00,15.5600004196167,15.579999923706055,15.5600004196167,15.579999923706055,74745,0.0,0.0,0.0
2024-09-05 01:20:00+00:00,15.579999923706055,15.59000015258789,15.579999923706055,15.59000015258789,33540,0.0,0.0,0.0
2024-09-05 01:25:00+00:00,15.59000015258789,15.59000015258789,15.579999923706055,15.59000015258789,19780,0.0,0.0,0.0
2024-09-05 01:30:00+00:00,15.59000015258789,15.59000015258789,15.579999923706055,15.59000015258789,22995,0.0,0.0,0.0
2024-09-05 01:35:00+00:00,15.59000015258789,15.619999885559082,15.59000015258789,15.619999885559082,128150,0.0,0.0,0.0
2024-09-05 01:40:00+00:00,15.619999885559082,15.630000114440918,15.619999885559082,15.630000114440918,46860,0.0,0.0,0.0
2024-09-05 01:45:00+00:00,15.630000114440918,15.65999984741211,15.619999885559082,15.65999984741211,90606,0.0,0.0,0.0
2024-09-05 01:50:00+00:00,15.630000114440918,15.640000343322754,15.619999885559082,15.630000114440918,47028,0.0,0.0,0.0
2024-09-05 01:55:00+00:00,15.630000114440918,15.65999984741211,15.630000114440918,15.640000343322754,31000,0.0,0.0,0.0
2024-09-05 02:00:00+00:00,15.640000343322754,15.640000343322754,15.640000343322754,15.640000343322754,13488,0.0,0.0,0.0
2024-09-05 02:05:00+00:00,15.640000343322754,15.640000343322754,15.600000381469727,15.600000381469727,170937,0.0,0.0,0.0
2024-09-05 02:10:00+00:00,15.600000381469727,15.600000381469727,15.59000015258789,15.59000015258789,101514,0.0,0.0,0.0
2024-09-05 02:15:00+00:00,15.579999923706055,15.579999923706055,15.5600004196167,15.5600004196167,64240,0.0,0.0,0.0
2024-09-05 02:20:00+00:00,15.569999694824219,15.579999923706055,15.569999694824219,15.579999923706055,103297,0.0,0.0,0.0
2024-09-05 02:25:00+00:00,15.569999694824219,15.579999923706055,15.569999694824219,15.579999923706055,43040,0.0,0.0,0.0
2024-09-05 02:30:00+00:00,15.579999923706055,15.59000015258789,15.579999923706055,15.59000015258789,2229,0.0,0.0,0.0
2024-09-05 02:35:00+00:00,15.59000015258789,15.59000015258789,15.59000015258789,15.59000015258789,6126,0.0,0.0,0.0
2024-09-05 02:40:00+00:00,15.59000015258789,15.59000015258789,15.579999923706055,15.59000015258789,10149,0.0,0.0,0.0
2024-09-05 02:45:00+00:00,15.59000015258789,15.59000015258789,15.579999923706055,15.59000015258789,75034,0.0,0.0,0.0
2024-09-05 02:50:00+00:00,15.569999694824219,15.579999923706055,15.569999694824219,15.579999923706055,54725,0.0,0.0,0.0
2024-09-05 02:55:00+00:00,15.579999923706055,15.579999923706055,15.579999923706055,15.579999923706055,5014,0.0,0.0,0.0
2024-09-05 03:00:00+00:00,15.579999923706055,15.59000015258789,15.579999923706055,15.579999923706055,15702,0.0,0.0,0.0
2024-09-05 03:05:00+00:00,15.579999923706055,15.579999923706055,15.539999961853027,15.539999961853027,167546,0.0,0.0,0.0
2024-09-05 03:10:00+00:00,15.539999961853027,15.539999961853027,15.539999961853027,15.539999961853027,10442,0.0,0.0,0.0
2024-09-05 03:15:00+00:00,15.539999961853027,15.539999961853027,15.529999732971191,15.529999732971191,32261,0.0,0.0,0.0
2024-09-05 03:20:00+00:00,15.529999732971191,15.529999732971191,15.529999732971191,15.529999732971191,1200,0.0,0.0,0.0
2024-09-05 03:25:00+00:00,15.550000190734863,15.550000190734863,15.550000190734863,15.550000190734863,1040,0.0,0.0,0.0
2024-09-05 03:30:00+00:00,15.550000190734863,15.550000190734863,15.550000190734863,15.550000190734863,0,0.0,0.0,0.0
2024-09-05 03:35:00+00:00,15.539999961853027,15.539999961853027,15.529999732971191,15.529999732971191,1862744,0.0,0.0,0.0
2024-09-05 03:40:00+00:00,15.529999732971191,15.529999732971191,15.529999732971191,15.529999732971191,2400,0.0,0.0,0.0
2024-09-05 03:45:00+00:00,15.520000457763672,15.520000457763672,15.520000457763672,15.520000457763672,10385,0.0,0.0,0.0
2024-09-05 03:50:00+00:00,15.520000457763672,15.529999732971191,15.520000457763672,15.529999732971191,55025,0.0,0.0,0.0
2024-09-05 03:55:00+00:00,15.529999732971191,15.529999732971191,15.510000228881836,15.510000228881836,45835,0.0,0.0,0.0
2024-09-05 04:00:00+00:00,15.5,15.510000228881836,15.5,15.510000228881836,18110,0.0,0.0,0.0
2024-09-05 04:05:00+00:00,15.510000228881836,15.510000228881836,15.5,15.5,86313,0.0,0.0,0.0
2024-09-05 04:10:00+00:00,15.510000228881836,15.510000228881836,15.5,15.510000228881836,12390,0.0,0.0,0.0
2024-09-05 04:15:00+00:00,15.510000228881836,15.510000228881836,15.5,15.5,29132,0.0,0.0,0.0
2024-09-05 04:20:00+00:00,15.5,15.5,15.5,15.5,3987,0.0,0.0,0.0
2024-09-05 04:25:00+00:00,15.510000228881836,15.510000228881836,15.5,15.5,18264,0.0,0.0,0.0
2024-09-05 04:30:00+00:00,15.5,15.5,15.489999771118164,15.489999771118164,31414,0.0,0.0,0.0
2024-09-05 04:35:00+00:00,15.5,15.5,15.460000038146973,15.479999542236328,82485,0.0,0.0,0.0
2024-09-05 04:40:00+00:00,15.470000267028809,15.470000267028809,15.449999809265137,15.449999809265137,24890,0.0,0.0,0.0
2024-09-05 04:45:00+00:00,15.449999809265137,15.449999809265137,15.430000305175781,15.430000305175781,73733,0.0,0.0,0.0
2024-09-05 04:50:00+00:00,15.430000305175781,15.4399995803833,15.430000305175781,15.4399995803833,37967,0.0,0.0,0.0
2024-09-05 04:55:00+00:00,15.4399995803833,15.470000267028809,15.4399995803833,15.449999809265137,40100,0.0,0.0,0.0
2024-09-05 05:00:00+00:00,15.449999809265137,15.449999809265137,15.4399995803833,15.4399995803833,44080,0.0,0.0,0.0
2024-09-05 05:05:00+00:00,15.4399995803833,15.4399995803833,15.420000076293945,15.420000076293945,66456,0.0,0.0,0.0
2024-09-05 05:10:00+00:00,15.420000076293945,15.420000076293945,15.420000076293945,15.420000076293945,12000,0.0,0.0,0.0
2024-09-06 01:00:00+00:00,15.470000267028809,15.470000267028809,15.359999656677246,15.380000114440918,0,0.0,0.0,0.0
2024-09-06 01:05:00+00:00,15.380000114440918,15.380000114440918,15.359999656677246,15.380000114440918,55000,0.0,0.0,0.0
2024-09-06 01:10:00+00:00,15.369999885559082,15.399999618530273,15.369999885559082,15.399999618530273,26031,0.0,0.0,0.0
2024-09-06 01:15:00+00:00,15.40999984741211,15.460000038146973,15.399999618530273,15.460000038146973,27193,0.0,0.0,0.0
2024-09-06 01:20:00+00:00,15.460000038146973,15.479999542236328,15.4399995803833,15.479999542236328,35850,0.0,0.0,0.0
2024-09-06 01:25:00+00:00,15.479999542236328,15.479999542236328,15.460000038146973,15.460000038146973,66406,0.0,0.0,0.0
2024-09-06 01:30:00+00:00,15.479999542236328,15.479999542236328,15.470000267028809,15.470000267028809,31150,0.0,0.0,0.0
2024-09-06 01:35:00+00:00,15.460000038146973,15.479999542236328,15.4399995803833,15.479999542236328,144514,0.0,0.0,0.0
2024-09-06 01:40:00+00:00,15.479999542236328,15.479999542236328,15.479999542236328,15.479999542236328,19100,0.0,0.0,0.0
2024-09-06 01:45:00+00:00,15.479999542236328,15.479999542236328,15.479999542236328,15.479999542236328,21536,0.0,0.0,0.0
2024-09-06 01:50:00+00:00,15.479999542236328,15.5,15.479999542236328,15.5,131315,0.0,0.0,0.0
2024-09-06 01:55:00+00:00,15.5,15.5,15.489999771118164,15.5,41190,0.0,0.0,0.0
2024-09-06 02:00:00+00:00,15.5,15.520000457763672,15.489999771118164,15.520000457763672,262596,0.0,0.0,0.0
2024-09-06 02:05:00+00:00,15.529999732971191,15.529999732971191,15.529999732971191,15.529999732971191,157150,0.0,0.0,0.0
2024-09-06 02:10:00+00:00,15.520000457763672,15.529999732971191,15.510000228881836,15.510000228881836,11500,0.0,0.0,0.0
2024-09-06 02:15:00+00:00,15.520000457763672,15.520000457763672,15.5,15.520000457763672,94335,0.0,0.0,0.0
2024-09-06 02:20:00+00:00,15.520000457763672,15.520000457763672,15.5,15.520000457763672,93610,0.0,0.0,0.0
2024-09-06 02:25:00+00:00,15.5,15.5,15.5,15.5,18070,0.0,0.0,0.0
2024-09-06 02:30:00+00:00,15.5,15.5,15.479999542236328,15.489999771118164,33753,0.0,0.0,0.0
2024-09-06 02:35:00+00:00,15.489999771118164,15.489999771118164,15.489999771118164,15.489999771118164,2000,0.0,0.0,0.0
2024-09-06 02:40:00+00:00,15.489999771118164,15.489999771118164,15.489999771118164,15.489999771118164,4213,0.0,0.0,0.0
2024-09-06 02:45:00+00:00,15.5,15.5,15.5,15.5,7100,0.0,0.0,0.0
2024-09-06 02:50:00+00:00,15.5,15.5,15.5,15.5,16061,0.0,0.0,0.0
2024-09-06 02:55:00+00:00,15.5,15.510000228881836,15.5,15.510000228881836,104162,0.0,0.0,0.0
2024-09-06 03:00:00+00:00,15.510000228881836,15.520000457763672,15.510000228881836,15.520000457763672,18415,0.0,0.0,0.0
2024-09-06 03:05:00+00:00,15.510000228881836,15.520000457763672,15.510000228881836,15.520000457763672,30296,0.0,0.0,0.0
2024-09-06 03:10:00+00:00,15.520000457763672,15.520000457763672,15.520000457763672,15.520000457763672,7000,0.0,0.0,0.0
2024-09-06 03:15:00+00:00,15.529999732971191,15.529999732971191,15.529999732971191,15.529999732971191,15014,0.0,0.0,0.0
2024-09-06 03:20:00+00:00,15.529999732971191,15.529999732971191,15.529999732971191,15.529999732971191,36580,0.0,0.0,0.0
2024-09-06 03:25:00+00:00,15.520000457763672,15.520000457763672,15.520000457763672,15.520000457763672,1000,0.0,0.0,0.0
2024-09-06 03:30:00+00:00,15.529999732971191,15.529999732971191,15.529999732971191,15.529999732971191,4940,0.0,0.0,0.0
2024-09-06 03:35:00+00:00,15.529999732971191,15.529999732971191,15.529999732971191,15.529999732971191,7150,0.0,0.0,0.0
2024-09-06 03:40:00+00:00,15.529999732971191,15.529999732971191,15.520000457763672,15.520000457763672,17030,0.0,0.0,0.0
2024-09-06 03:45:00+00:00,15.529999732971191,15.529999732971191,15.529999732971191,15.529999732971191,2165,0.0,0.0,0.0
2024-09-06 03:50:00+00:00,15.529999732971191,15.529999732971191,15.529999732971191,15.529999732971191,5165,0.0,0.0,0.0
2024-09-06 03:55:00+00:00,15.520000457763672,15.520000457763672,15.520000457763672,15.520000457763672,1000,0.0,0.0,0.0
2024-09-06 04:00:00+00:00,15.520000457763672,15.520000457763672,15.520000457763672,15.520000457763672,2030,0.0,0.0,0.0
2024-09-06 04:05:00+00:00,15.520000457763672,15.520000457763672,15.520000457763672,15.520000457763672,3414,0.0,0.0,0.0
2024-09-06 04:15:00+00:00,15.520000457763672,15.520000457763672,15.520000457763672,15.520000457763672,6815,0.0,0.0,0.0
2024-09-06 04:20:00+00:00,15.520000457763672,15.550000190734863,15.520000457763672,15.550000190734863,70550,0.0,0.0,0.0
2024-09-06 04:25:00+00:00,15.550000190734863,15.550000190734863,15.539999961853027,15.539999961853027,4000,0.0,0.0,0.0
2024-09-06 04:30:00+00:00,15.550000190734863,15.550000190734863,15.550000190734863,15.550000190734863,62501,0.0,0.0,0.0
2024-09-06 04:35:00+00:00,15.550000190734863,15.550000190734863,15.539999961853027,15.539999961853027,8645,0.0,0.0,0.0
2024-09-06 04:40:00+00:00,15.539999961853027,15.550000190734863,15.539999961853027,15.550000190734863,9251,0.0,0.0,0.0
2024-09-06 04:45:00+00:00,15.550000190734863,15.569999694824219,15.550000190734863,15.5600004196167,12408,0.0,0.0,0.0
2024-09-06 04:50:00+00:00,15.5600004196167,15.5600004196167,15.550000190734863,15.550000190734863,11308,0.0,0.0,0.0
2024-09-06 04:55:00+00:00,15.550000190734863,15.5600004196167,15.550000190734863,15.5600004196167,2234,0.0,0.0,0.0
2024-09-06 05:00:00+00:00,15.5600004196167,15.5600004196167,15.5600004196167,15.5600004196167,8000,0.0,0.0,0.0
2024-09-06 05:05:00+00:00,15.5600004196167,15.5600004196167,15.5600004196167,15.5600004196167,6118,0.0,0.0,0.0
2024-09-06 05:10:00+00:00,15.550000190734863,15.5600004196167,15.550000190734863,15.5600004196167,45000,0.0,0.0,0.0
2024-09-09 01:00:00+00:00,15.319999694824219,15.329999923706055,15.199999809265137,15.300000190734863,0,0.0,0.0,0.0
2024-09-09 01:05:00+00:00,15.300000190734863,15.3100004196167,15.25,15.25,204118,0.0,0.0,0.0
2024-09-09 01:10:00+00:00,15.260000228881836,15.289999961853027,15.25,15.270000457763672,118895,0.0,0.0,0.0
2024-09-09 01:15:00+00:00,15.270000457763672,15.270000457763672,15.239999771118164,15.25,203333,0.0,0.0,0.0
2024-09-09 01:20:00+00:00,15.25,15.25,15.229999542236328,15.229999542236328,158788,0.0,0.0,0.0
2024-09-09 01:25:00+00:00,15.229999542236328,15.239999771118164,15.220000267028809,15.239999771118164,97752,0.0,0.0,0.0
2024-09-09 01:30:00+00:00,15.260000228881836,15.279999732971191,15.25,15.270000457763672,73500,0.0,0.0,0.0
2024-09-09 01:35:00+00:00,15.260000228881836,15.270000457763672,15.260000228881836,15.260000228881836,43465,0.0,0.0,0.0
2024-09-09 01:40:00+00:00,15.270000457763672,15.279999732971191,15.270000457763672,15.279999732971191,18573,0.0,0.0,0.0
2024-09-09 01:45:00+00:00,15.279999732971191,15.300000190734863,15.279999732971191,15.300000190734863,9532,0.0,0.0,0.0
2024-09-09 01:50:00+00:00,15.319999694824219,15.319999694824219,15.319999694824219,15.319999694824219,18070,0.0,0.0,0.0
2024-09-09 01:55:00+00:00,15.319999694824219,15.329999923706055,15.319999694824219,15.319999694824219,61764,0.0,0.0,0.0
2024-09-09 02:00:00+00:00,15.329999923706055,15.329999923706055,15.3100004196167,15.3100004196167,107730,0.0,0.0,0.0
2024-09-09 02:05:00+00:00,15.3100004196167,15.3100004196167,15.300000190734863,15.300000190734863,107468,0.0,0.0,0.0
2024-09-09 02:10:00+00:00,15.300000190734863,15.300000190734863,15.289999961853027,15.289999961853027,56433,0.0,0.0,0.0
2024-09-09 02:15:00+00:00,15.3100004196167,15.3100004196167,15.279999732971191,15.279999732971191,143781,0.0,0.0,0.0
2024-09-09 02:20:00+00:00,15.279999732971191,15.279999732971191,15.270000457763672,15.279999732971191,104649,0.0,0.0,0.0
2024-09-09 02:25:00+00:00,15.279999732971191,15.289999961853027,15.279999732971191,15.289999961853027,13460,0.0,0.0,0.0
2024-09-09 02:30:00+00:00,15.289999961853027,15.289999961853027,15.279999732971191,15.279999732971191,32674,0.0,0.0,0.0
2024-09-09 02:35:00+00:00,15.279999732971191,15.279999732971191,15.279999732971191,15.279999732971191,9240,0.0,0.0,0.0
2024-09-09 02:40:00+00:00,15.279999732971191,15.279999732971191,15.279999732971191,15.279999732971191,13805,0.0,0.0,0.0
2024-09-09 02:45:00+00:00,15.279999732971191,15.279999732971191,15.270000457763672,15.279999732971191,62100,0.0,0.0,0.0
2024-09-09 02:50:00+00:00,15.270000457763672,15.270000457763672,15.270000457763672,15.270000457763672,51095,0.0,0.0,0.0
2024-09-09 02:55:00+00:00,15.289999961853027,15.289999961853027,15.289999961853027,15.289999961853027,2074,0.0,0.0,0.0
2024-09-09 03:00:00+00:00,15.3100004196167,15.329999923706055,15.300000190734863,15.319999694824219,9176,0.0,0.0,0.0
2024-09-09 03:05:00+00:00,15.329999923706055,15.329999923706055,15.329999923706055,15.329999923706055,4240,0.0,0.0,0.0
2024-09-09 03:10:00+00:00,15.329999923706055,15.329999923706055,15.319999694824219,15.319999694824219,30440,0.0,0.0,0.0
2024-09-09 03:15:00+00:00,15.319999694824219,15.319999694824219,15.319999694824219,15.319999694824219,6366,0.0,0.0,0.0
2024-09-09 03:20:00+00:00,15.319999694824219,15.319999694824219,15.319999694824219,15.319999694824219,1000,0.0,0.0,0.0
2024-09-09 03:25:00+00:00,15.319999694824219,15.319999694824219,15.300000190734863,15.3100004196167,60367,0.0,0.0,0.0
2024-09-09 03:30:00+00:00,15.3100004196167,15.319999694824219,15.300000190734863,15.300000190734863,103120,0.0,0.0,0.0
2024-09-09 03:35:00+00:00,15.300000190734863,15.300000190734863,15.300000190734863,15.300000190734863,12750,0.0,0.0,0.0
2024-09-09 03:45:00+00:00,15.319999694824219,15.319999694824219,15.319999694824219,15.319999694824219,2190,0.0,0.0,0.0
2024-09-09 03:50:00+00:00,15.319999694824219,15.319999694824219,15.3100004196167,15.319999694824219,9100,0.0,0.0,0.0
2024-09-09 03:55:00+00:00,15.319999694824219,15.329999923706055,15.3100004196167,15.3100004196167,15547,0.0,0.0,0.0
2024-09-09 04:00:00+00:00,15.329999923706055,15.329999923706055,15.329999923706055,15.329999923706055,18870,0.0,0.0,0.0
2024-09-09 04:05:00+00:00,15.329999923706055,15.34000015258789,15.329999923706055,15.34000015258789,10710,0.0,0.0,0.0
2024-09-09 04:10:00+00:00,15.34000015258789,15.380000114440918,15.34000015258789,15.369999885559082,134859,0.0,0.0,0.0
2024-09-09 04:15:00+00:00,15.369999885559082,15.369999885559082,15.369999885559082,15.369999885559082,7200,0.0,0.0,0.0
2024-09-09 04:20:00+00:00,15.369999885559082,15.369999885559082,15.369999885559082,15.369999885559082,10102,0.0,0.0,0.0
2024-09-09 04:25:00+00:00,15.369999885559082,15.380000114440918,15.369999885559082,15.380000114440918,5262,0.0,0.0,0.0
2024-09-09 04:30:00+00:00,15.380000114440918,15.380000114440918,15.369999885559082,15.369999885559082,2378,0.0,0.0,0.0
2024-09-09 04:35:00+00:00,15.369999885559082,15.369999885559082,15.369999885559082,15.369999885559082,1190,0.0,0.0,0.0
2024-09-09 04:40:00+00:00,15.380000114440918,15.380000114440918,15.380000114440918,15.380000114440918,8575,0.0,0.0,0.0
2024-09-09 04:45:00+00:00,15.390000343322754,15.390000343322754,15.390000343322754,15.390000343322754,51200,0.0,0.0,0.0
2024-09-09 04:50:00+00:00,15.399999618530273,15.399999618530273,15.390000343322754,15.390000343322754,35195,0.0,0.0,0.0
2024-09-09 04:55:00+00:00,15.390000343322754,15.390000343322754,15.369999885559082,15.380000114440918,121842,0.0,0.0,0.0
2024-09-09 05:00:00+00:00,15.369999885559082,15.380000114440918,15.369999885559082,15.380000114440918,106270,0.0,0.0,0.0
2024-09-09 05:05:00+00:00,15.380000114440918,15.380000114440918,15.369999885559082,15.380000114440918,21185,0.0,0.0,0.0
2024-09-09 05:10:00+00:00,15.380000114440918,15.380000114440918,15.380000114440918,15.380000114440918,7076,0.0,0.0,0.0
2024-09-09 05:15:00+00:00,15.380000114440918,15.380000114440918,15.380000114440918,15.380000114440918,13477,0.0,0.0,0.0
2024-09-09 05:20:00+00:00,15.380000114440918,15.390000343322754,15.369999885559082,15.390000343322754,149214,0.0,0.0,0.0
2024-09-10 01:00:00+00:00,15.40999984741211,15.430000305175781,15.380000114440918,15.430000305175781,0,0.0,0.0,0.0
2024-09-10 01:05:00+00:00,15.430000305175781,15.430000305175781,15.40999984741211,15.420000076293945,481007,0.0,0.0,0.0
2024-09-10 01:10:00+00:00,15.430000305175781,15.430000305175781,15.420000076293945,15.420000076293945,26937,0.0,0.0,0.0
2024-09-10 01:15:00+00:00,15.430000305175781,15.430000305175781,15.430000305175781,15.430000305175781,105261,0.0,0.0,0.0
2024-09-10 01:20:00+00:00,15.4399995803833,15.470000267028809,15.4399995803833,15.470000267028809,265200,0.0,0.0,0.0
2024-09-10 01:25:00+00:00,15.470000267028809,15.470000267028809,15.460000038146973,15.460000038146973,24010,0.0,0.0,0.0
2024-09-10 01:30:00+00:00,15.449999809265137,15.449999809265137,15.430000305175781,15.430000305175781,30134,0.0,0.0,0.0
2024-09-10 01:35:00+00:00,15.420000076293945,15.4399995803833,15.420000076293945,15.420000076293945,12401,0.0,0.0,0.0
2024-09-10 01:40:00+00:00,15.420000076293945,15.420000076293945,15.390000343322754,15.390000343322754,246263,0.0,0.0,0.0
2024-09-10 01:45:00+00:00,15.390000343322754,15.390000343322754,15.380000114440918,15.380000114440918,47302,0.0,0.0,0.0
2024-09-10 01:50:00+00:00,15.380000114440918,15.380000114440918,15.380000114440918,15.380000114440918,15620,0.0,0.0,0.0
2024-09-10 01:55:00+00:00,15.390000343322754,15.390000343322754,15.390000343322754,15.390000343322754,4190,0.0,0.0,0.0
2024-09-10 02:00:00+00:00,15.390000343322754,15.390000343322754,15.359999656677246,15.359999656677246,175999,0.0,0.0,0.0
2024-09-10 02:05:00+00:00,15.359999656677246,15.359999656677246,15.350000381469727,15.350000381469727,56431,0.0,0.0,0.0
2024-09-10 02:10:00+00:00,15.359999656677246,15.359999656677246,15.350000381469727,15.350000381469727,64998,0.0,0.0,0.0
2024-09-10 02:15:00+00:00,15.359999656677246,15.359999656677246,15.359999656677246,15.359999656677246,1000,0.0,0.0,0.0
2024-09-10 02:20:00+00:00,15.359999656677246,15.369999885559082,15.359999656677246,15.369999885559082,12800,0.0,0.0,0.0
2024-09-10 02:25:00+00:00,15.369999885559082,15.380000114440918,15.369999885559082,15.380000114440918,15120,0.0,0.0,0.0
2024-09-10 02:30:00+00:00,15.380000114440918,15.380000114440918,15.380000114440918,15.380000114440918,11192,0.0,0.0,0.0
2024-09-10 02:35:00+00:00,15.390000343322754,15.390000343322754,15.390000343322754,15.390000343322754,22000,0.0,0.0,0.0
2024-09-10 02:40:00+00:00,15.390000343322754,15.399999618530273,15.390000343322754,15.399999618530273,17108,0.0,0.0,0.0
2024-09-10 02:45:00+00:00,15.399999618530273,15.40999984741211,15.399999618530273,15.399999618530273,13530,0.0,0.0,0.0
2024-09-10 02:50:00+00:00,15.40999984741211,15.40999984741211,15.40999984741211,15.40999984741211,5205,0.0,0.0,0.0
2024-09-10 02:55:00+00:00,15.40999984741211,15.40999984741211,15.40999984741211,15.40999984741211,4000,0.0,0.0,0.0
2024-09-10 03:00:00+00:00,15.40999984741211,15.40999984741211,15.40999984741211,15.40999984741211,2458,0.0,0.0,0.0
2024-09-10 03:05:00+00:00,15.40999984741211,15.40999984741211,15.399999618530273,15.399999618530273,15224,0.0,0.0,0.0
2024-09-10 03:10:00+00:00,15.390000343322754,15.390000343322754,15.380000114440918,15.390000343322754,33010,0.0,0.0,0.0
2024-09-10 03:15:00+00:00,15.390000343322754,15.390000343322754,15.390000343322754,15.390000343322754,2615,0.0,0.0,0.0
2024-09-10 03:25:00+00:00,15.380000114440918,15.399999618530273,15.369999885559082,15.399999618530273,9824,0.0,0.0,0.0
2024-09-10 03:30:00+00:00,15.390000343322754,15.390000343322754,15.380000114440918,15.380000114440918,2139,0.0,0.0,0.0
2024-09-10 03:35:00+00:00,15.380000114440918,15.390000343322754,15.380000114440918,15.390000343322754,29130,0.0,0.0,0.0
2024-09-10 03:40:00+00:00,15.380000114440918,15.390000343322754,15.380000114440918,15.390000343322754,3000,0.0,0.0,0.0
2024-09-10 03:45:00+00:00,15.380000114440918,15.380000114440918,15.380000114440918,15.380000114440918,79450,0.0,0.0,0.0
2024-09-10 03:50:00+00:00,15.380000114440918,15.380000114440918,15.380000114440918,15.380000114440918,2050,0.0,0.0,0.0
2024-09-10 03:55:00+00:00,15.380000114440918,15.380000114440918,15.380000114440918,15.380000114440918,4218,0.0,0.0,0.0
2024-09-10 04:00:00+00:00,15.380000114440918,15.390000343322754,15.380000114440918,15.390000343322754,37000,0.0,0.0,0.0
2024-09-10 04:05:00+00:00,15.390000343322754,15.390000343322754,15.390000343322754,15.390000343322754,4055,0.0,0.0,0.0
2024-09-10 04:10:00+00:00,15.390000343322754,15.399999618530273,15.380000114440918,15.380000114440918,20180,0.0,0.0,0.0
2024-09-10 04:15:00+00:00,15.380000114440918,15.380000114440918,15.380000114440918,15.380000114440918,2894,0.0,0.0,0.0
2024-09-10 04:20:00+00:00,15.380000114440918,15.380000114440918,15.369999885559082,15.369999885559082,71778,0.0,0.0,0.0
2024-09-10 04:25:00+00:00,15.359999656677246,15.359999656677246,15.359999656677246,15.359999656677246,51600,0.0,0.0,0.0
2024-09-10 04:30:00+00:00,15.350000381469727,15.350000381469727,15.329999923706055,15.329999923706055,115949,0.0,0.0,0.0
2024-09-10 04:35:00+00:00,15.329999923706055,15.329999923706055,15.3100004196167,15.319999694824219,69475,0.0,0.0,0.0
2024-09-10 04:40:00+00:00,15.319999694824219,15.319999694824219,15.3100004196167,15.3100004196167,210050,0.0,0.0,0.0
2024-09-10 04:45:00+00:00,15.319999694824219,15.329999923706055,15.3100004196167,15.319999694824219,35544,0.0,0.0,0.0
2024-09-10 04:50:00+00:00,15.319999694824219,15.319999694824219,15.3100004196167,15.3100004196167,6840,0.0,0.0,0.0
2024-09-10 04:55:00+00:00,15.3100004196167,15.319999694824219,15.3100004196167,15.3100004196167,80318,0.0,0.0,0.0
2024-09-10 05:00:00+00:00,15.3100004196167,15.319999694824219,15.3100004196167,15.319999694824219,173257,0.0,0.0,0.0
2024-09-10 05:05:00+00:00,15.319999694824219,15.34000015258789,15.319999694824219,15.329999923706055,41923,0.0,0.0,0.0
2024-09-10 05:10:00+00:00,15.329999923706055,15.329999923706055,15.329999923706055,15.329999923706055,3568,0.0,0.0,0.0
2024-09-11 01:00:00+00:00,15.350000381469727,15.380000114440918,15.350000381469727,15.350000381469727,0,0.0,0.0,0.0
2024-09-11 01:05:00+00:00,15.359999656677246,15.390000343322754,15.350000381469727,15.390000343322754,1034697,0.0,0.0,0.0
2024-09-11 01:10:00+00:00,15.369999885559082,15.390000343322754,15.350000381469727,15.380000114440918,1676927,0.0,0.0,0.0
2024-09-11 01:15:00+00:00,15.380000114440918,15.380000114440918,15.380000114440918,15.380000114440918,103210,0.0,0.0,0.0
2024-09-11 01:20:00+00:00,15.380000114440918,15.399999618530273,15.380000114440918,15.399999618530273,124055,0.0,0.0,0.0
2024-09-11 01:25:00+00:00,15.399999618530273,15.4399995803833,15.399999618530273,15.4399995803833,28072,0.0,0.0,0.0
2024-09-11 01:30:00+00:00,15.4399995803833,15.4399995803833,15.420000076293945,15.420000076293945,9253,0.0,0.0,0.0
2024-09-11 01:35:00+00:00,15.420000076293945,15.420000076293945,15.420000076293945,15.420000076293945,13270,0.0,0.0,0.0
2024-09-11 01:40:00+00:00,15.420000076293945,15.470000267028809,15.40999984741211,15.470000267028809,327496,0.0,0.0,0.0
2024-09-11 01:45:00+00:00,15.470000267028809,15.470000267028809,15.460000038146973,15.460000038146973,8235,0.0,0.0,0.0
2024-09-11 01:50:00+00:00,15.460000038146973,15.470000267028809,15.460000038146973,15.460000038146973,318376,0.0,0.0,0.0
2024-09-11 01:55:00+00:00,15.460000038146973,15.460000038146973,15.449999809265137,15.449999809265137,81821,0.0,0.0,0.0
2024-09-11 02:00:00+00:00,15.4399995803833,15.4399995803833,15.430000305175781,15.430000305175781,8694,0.0,0.0,0.0
2024-09-11 02:05:00+00:00,15.430000305175781,15.4399995803833,15.430000305175781,15.4399995803833,57004,0.0,0.0,0.0
2024-09-11 02:10:00+00:00,15.430000305175781,15.430000305175781,15.430000305175781,15.430000305175781,1449,0.0,0.0,0.0
2024-09-11 02:15:00+00:00,15.430000305175781,15.430000305175781,15.430000305175781,15.430000305175781,6000,0.0,0.0,0.0
2024-09-11 02:20:00+00:00,15.4399995803833,15.4399995803833,15.430000305175781,15.430000305175781,151239,0.0,0.0,0.0
2024-09-11 02:25:00+00:00,15.4399995803833,15.449999809265137,15.4399995803833,15.4399995803833,7000,0.0,0.0,0.0
2024-09-11 02:30:00+00:00,15.4399995803833,15.4399995803833,15.430000305175781,15.430000305175781,12000,0.0,0.0,0.0
2024-09-11 02:35:00+00:00,15.430000305175781,15.430000305175781,15.430000305175781,15.430000305175781,2000,0.0,0.0,0.0
2024-09-11 02:40:00+00:00,15.449999809265137,15.449999809265137,15.449999809265137,15.449999809265137,13024,0.0,0.0,0.0
2024-09-11 02:45:00+00:00,15.449999809265137,15.449999809265137,15.449999809265137,15.449999809265137,1000,0.0,0.0,0.0
2024-09-11 02:50:00+00:00,15.449999809265137,15.449999809265137,15.449999809265137,15.449999809265137,2507,0.0,0.0,0.0
2024-09-11 02:55:00+00:00,15.449999809265137,15.449999809265137,15.4399995803833,15.4399995803833,10250,0.0,0.0,0.0
2024-09-11 03:00:00+00:00,15.4399995803833,15.4399995803833,15.430000305175781,15.430000305175781,21627,0.0,0.0,0.0
2024-09-11 03:10:00+00:00,15.430000305175781,15.430000305175781,15.420000076293945,15.420000076293945,32033,0.0,0.0,0.0
2024-09-11 03:15:00+00:00,15.40999984741211,15.40999984741211,15.399999618530273,15.399999618530273,19979,0.0,0.0,0.0
2024-09-11 03:20:00+00:00,15.399999618530273,15.399999618530273,15.399999618530273,15.399999618530273,16376,0.0,0.0,0.0
2024-09-11 03:25:00+00:00,15.399999618530273,15.399999618530273,15.399999618530273,15.399999618530273,61120,0.0,0.0,0.0
2024-09-11 03:30:00+00:00,15.40999984741211,15.40999984741211,15.380000114440918,15.380000114440918,149973,0.0,0.0,0.0
2024-09-11 03:35:00+00:00,15.369999885559082,15.390000343322754,15.369999885559082,15.369999885559082,10100,0.0,0.0,0.0
2024-09-11 03:40:00+00:00,15.369999885559082,15.369999885559082,15.369999885559082,15.369999885559082,7550,0.0,0.0,0.0
2024-09-11 03:45:00+00:00,15.369999885559082,15.369999885559082,15.369999885559082,15.369999885559082,58877,0.0,0.0,0.0
2024-09-11 03:50:00+00:00,15.380000114440918,15.380000114440918,15.380000114440918,15.380000114440918,3000,0.0,0.0,0.0
2024-09-11 03:55:00+00:00,15.380000114440918,15.380000114440918,15.380000114440918,15.380000114440918,13260,0.0,0.0,0.0
2024-09-11 04:00:00+00:00,15.380000114440918,15.380000114440918,15.380000114440918,15.380000114440918,2120,0.0,0.0,0.0
2024-09-11 04:05:00+00:00,15.369999885559082,15.369999885559082,15.359999656677246,15.359999656677246,46373,0.0,0.0,0.0
2024-09-11 04:20:00+00:00,15.359999656677246,15.369999885559082,15.359999656677246,15.369999885559082,16712,0.0,0.0,0.0
2024-09-11 04:25:00+00:00,15.369999885559082,15.369999885559082,15.369999885559082,15.369999885559082,91242,0.0,0.0,0.0
2024-09-11 04:35:00+00:00,15.380000114440918,15.380000114440918,15.380000114440918,15.380000114440918,2010,0.0,0.0,0.0
2024-09-11 04:40:00+00:00,15.380000114440918,15.380000114440918,15.380000114440918,15.380000114440918,4000,0.0,0.0,0.0
2024-09-11 04:45:00+00:00,15.390000343322754,15.390000343322754,15.390000343322754,15.390000343322754,1281,0.0,0.0,0.0
2024-09-11 04:50:00+00:00,15.380000114440918,15.380000114440918,15.380000114440918,15.380000114440918,28100,0.0,0.0,0.0
2024-09-11 04:55:00+00:00,15.390000343322754,15.390000343322754,15.380000114440918,15.380000114440918,64669,0.0,0.0,0.0
2024-09-11 05:00:00+00:00,15.369999885559082,15.369999885559082,15.369999885559082,15.369999885559082,241475,0.0,0.0,0.0
2024-09-11 05:05:00+00:00,15.380000114440918,15.380000114440918,15.380000114440918,15.380000114440918,83606,0.0,0.0,0.0
2024-09-11 05:10:00+00:00,15.380000114440918,15.380000114440918,15.380000114440918,15.380000114440918,31000,0.0,0.0,0.0
2024-09-11 05:15:00+00:00,15.380000114440918,15.380000114440918,15.369999885559082,15.369999885559082,145518,0.0,0.0,0.0
2024-09-11 05:20:00+00:00,15.369999885559082,15.369999885559082,15.359999656677246,15.359999656677246,34322,0.0,0.0,0.0
2024-09-12 01:00:00+00:00,15.449999809265137,15.449999809265137,15.4399995803833,15.4399995803833,0,0.0,0.0,0.0
2024-09-12 01:05:00+00:00,15.4399995803833,15.4399995803833,15.430000305175781,15.430000305175781,167000,0.0,0.0,0.0
2024-09-12 01:10:00+00:00,15.430000305175781,15.430000305175781,15.399999618530273,15.399999618530273,49077,0.0,0.0,0.0
2024-09-12 01:15:00+00:00,15.399999618530273,15.399999618530273,15.390000343322754,15.399999618530273,207562,0.0,0.0,0.0
2024-09-12 01:20:00+00:00,15.399999618530273,15.399999618530273,15.390000343322754,15.390000343322754,78033,0.0,0.0,0.0
2024-09-12 01:25:00+00:00,15.380000114440918,15.390000343322754,15.380000114440918,15.380000114440918,35200,0.0,0.0,0.0
2024-09-12 01:30:00+00:00,15.380000114440918,15.4399995803833,15.380000114440918,15.4399995803833,251910,0.0,0.0,0.0
2024-09-12 01:35:00+00:00,15.4399995803833,15.470000267028809,15.4399995803833,15.470000267028809,198262,0.0,0.0,0.0
2024-09-12 01:40:00+00:00,15.470000267028809,15.489999771118164,15.470000267028809,15.489999771118164,187107,0.0,0.0,0.0
2024-09-12 01:45:00+00:00,15.489999771118164,15.489999771118164,15.470000267028809,15.470000267028809,16376,0.0,0.0,0.0
2024-09-12 01:50:00+00:00,15.470000267028809,15.470000267028809,15.470000267028809,15.470000267028809,1000,0.0,0.0,0.0
2024-09-12 01:55:00+00:00,15.470000267028809,15.470000267028809,15.460000038146973,15.460000038146973,16153,0.0,0.0,0.0
2024-09-12 02:00:00+00:00,15.460000038146973,15.460000038146973,15.449999809265137,15.460000038146973,8616,0.0,0.0,0.0
2024-09-12 02:05:00+00:00,15.460000038146973,15.460000038146973,15.449999809265137,15.449999809265137,9661,0.0,0.0,0.0
2024-09-12 02:10:00+00:00,15.449999809265137,15.449999809265137,15.430000305175781,15.430000305175781,7500,0.0,0.0,0.0
2024-09-12 02:15:00+00:00,15.430000305175781,15.460000038146973,15.430000305175781,15.460000038146973,20232,0.0,0.0,0.0
2024-09-12 02:20:00+00:00,15.460000038146973,15.460000038146973,15.460000038146973,15.460000038146973,3000,0.0,0.0,0.0
2024-09-12 02:25:00+00:00,15.470000267028809,15.479999542236328,15.470000267028809,15.479999542236328,13255,0.0,0.0,0.0
2024-09-12 02:30:00+00:00,15.479999542236328,15.489999771118164,15.479999542236328,15.489999771118164,56520,0.0,0.0,0.0
2024-09-12 02:35:00+00:00,15.489999771118164,15.489999771118164,15.479999542236328,15.489999771118164,51410,0.0,0.0,0.0
2024-09-12 02:40:00+00:00,15.479999542236328,15.489999771118164,15.479999542236328,15.489999771118164,29020,0.0,0.0,0.0
2024-09-12 02:45:00+00:00,15.5,15.529999732971191,15.5,15.520000457763672,106425,0.0,0.0,0.0
2024-09-12 02:50:00+00:00,15.510000228881836,15.520000457763672,15.5,15.5,8100,0.0,0.0,0.0
2024-09-12 02:55:00+00:00,15.5,15.5,15.489999771118164,15.489999771118164,3627,0.0,0.0,0.0
2024-09-12 03:00:00+00:00,15.489999771118164,15.489999771118164,15.489999771118164,15.489999771118164,3214,0.0,0.0,0.0
2024-09-12 03:10:00+00:00,15.510000228881836,15.510000228881836,15.510000228881836,15.510000228881836,34759,0.0,0.0,0.0
2024-09-12 03:15:00+00:00,15.510000228881836,15.510000228881836,15.510000228881836,15.510000228881836,3145,0.0,0.0,0.0
2024-09-12 03:20:00+00:00,15.510000228881836,15.510000228881836,15.5,15.5,11000,0.0,0.0,0.0
2024-09-12 03:25:00+00:00,15.5,15.5,15.489999771118164,15.489999771118164,3072,0.0,0.0,0.0
2024-09-12 03:30:00+00:00,15.479999542236328,15.489999771118164,15.479999542236328,15.489999771118164,13190,0.0,0.0,0.0
2024-09-12 03:35:00+00:00,15.489999771118164,15.489999771118164,15.489999771118164,15.489999771118164,0,0.0,0.0,0.0
2024-09-12 03:40:00+00:00,15.489999771118164,15.489999771118164,15.489999771118164,15.489999771118164,1712826,0.0,0.0,0.0
2024-09-12 03:45:00+00:00,15.489999771118164,15.489999771118164,15.489999771118164,15.489999771118164,3000,0.0,0.0,0.0
2024-09-12 03:50:00+00:00,15.489999771118164,15.489999771118164,15.479999542236328,15.479999542236328,4020,0.0,0.0,0.0
2024-09-12 03:55:00+00:00,15.479999542236328,15.479999542236328,15.479999542236328,15.479999542236328,28285,0.0,0.0,0.0
2024-09-12 04:00:00+00:00,15.479999542236328,15.479999542236328,15.470000267028809,15.470000267028809,6560,0.0,0.0,0.0
2024-09-12 04:05:00+00:00,15.470000267028809,15.470000267028809,15.470000267028809,15.470000267028809,1000,0.0,0.0,0.0
2024-09-12 04:10:00+00:00,15.470000267028809,15.470000267028809,15.470000267028809,15.470000267028809,44743,0.0,0.0,0.0
2024-09-12 04:15:00+00:00,15.470000267028809,15.470000267028809,15.470000267028809,15.470000267028809,3100,0.0,0.0,0.0
2024-09-12 04:20:00+00:00,15.470000267028809,15.470000267028809,15.460000038146973,15.460000038146973,13132,0.0,0.0,0.0
2024-09-12 04:25:00+00:00,15.460000038146973,15.460000038146973,15.460000038146973,15.460000038146973,1200,0.0,0.0,0.0
2024-09-12 04:30:00+00:00,15.460000038146973,15.470000267028809,15.460000038146973,15.460000038146973,3030,0.0,0.0,0.0
2024-09-12 04:35:00+00:00,15.470000267028809,15.470000267028809,15.470000267028809,15.470000267028809,5036,0.0,0.0,0.0
2024-09-12 04:40:00+00:00,15.479999542236328,15.479999542236328,15.470000267028809,15.470000267028809,21000,0.0,0.0,0.0
2024-09-12 04:45:00+00:00,15.479999542236328,15.479999542236328,15.479999542236328,15.479999542236328,1700,0.0,0.0,0.0
2024-09-12 04:50:00+00:00,15.479999542236328,15.479999542236328,15.470000267028809,15.470000267028809,44060,0.0,0.0,0.0
2024-09-12 04:55:00+00:00,15.470000267028809,15.470000267028809,15.460000038146973,15.460000038146973,113028,0.0,0.0,0.0
2024-09-12 05:05:00+00:00,15.460000038146973,15.460000038146973,15.460000038146973,15.460000038146973,2098,0.0,0.0,0.0
2024-09-12 05:10:00+00:00,15.470000267028809,15.470000267028809,15.460000038146973,15.460000038146973,12610,0.0,0.0,0.0
2024-09-13 01:00:00+00:00,15.5,15.5,15.489999771118164,15.489999771118164,0,0.0,0.0,0.0
2024-09-13 01:05:00+00:00,15.489999771118164,15.510000228881836,15.489999771118164,15.510000228881836,161919,0.0,0.0,0.0
2024-09-13 01:10:00+00:00,15.520000457763672,15.529999732971191,15.520000457763672,15.529999732971191,13434,0.0,0.0,0.0
2024-09-13 01:15:00+00:00,15.529999732971191,15.539999961853027,15.520000457763672,15.539999961853027,77790,0.0,0.0,0.0
2024-09-13 01:20:00+00:00,15.550000190734863,15.550000190734863,15.550000190734863,15.550000190734863,23040,0.0,0.0,0.0
2024-09-13 01:25:00+00:00,15.539999961853027,15.550000190734863,15.529999732971191,15.539999961853027,14537,0.0,0.0,0.0
2024-09-13 01:30:00+00:00,15.539999961853027,15.550000190734863,15.539999961853027,15.539999961853027,14605,0.0,0.0,0.0
2024-09-13 01:35:00+00:00,15.539999961853027,15.5600004196167,15.539999961853027,15.5600004196167,133143,0.0,0.0,0.0
2024-09-13 01:40:00+00:00,15.5600004196167,15.5600004196167,15.5600004196167,15.5600004196167,5478,0.0,0.0,0.0
2024-09-13 01:45:00+00:00,15.5600004196167,15.5600004196167,15.550000190734863,15.550000190734863,16739,0.0,0.0,0.0
2024-09-13 01:50:00+00:00,15.5600004196167,15.5600004196167,15.5600004196167,15.5600004196167,6705,0.0,0.0,0.0
2024-09-13 01:55:00+00:00,15.539999961853027,15.539999961853027,15.529999732971191,15.529999732971191,123000,0.0,0.0,0.0
2024-09-13 02:00:00+00:00,15.529999732971191,15.529999732971191,15.520000457763672,15.520000457763672,11848,0.0,0.0,0.0
2024-09-13 02:05:00+00:00,15.529999732971191,15.539999961853027,15.529999732971191,15.539999961853027,333500,0.0,0.0,0.0
2024-09-13 02:10:00+00:00,15.539999961853027,15.539999961853027,15.529999732971191,15.529999732971191,502310,0.0,0.0,0.0
2024-09-13 02:15:00+00:00,15.539999961853027,15.539999961853027,15.520000457763672,15.520000457763672,108607,0.0,0.0,0.0
2024-09-13 02:20:00+00:00,15.529999732971191,15.529999732971191,15.529999732971191,15.529999732971191,1000,0.0,0.0,0.0
2024-09-13 02:25:00+00:00,15.520000457763672,15.529999732971191,15.520000457763672,15.529999732971191,3137,0.0,0.0,0.0
2024-09-13 02:30:00+00:00,15.529999732971191,15.529999732971191,15.520000457763672,15.520000457763672,17728,0.0,0.0,0.0
2024-09-13 02:35:00+00:00,15.520000457763672,15.529999732971191,15.520000457763672,15.529999732971191,3563,0.0,0.0,0.0
2024-09-13 02:40:00+00:00,15.529999732971191,15.529999732971191,15.529999732971191,15.529999732971191,1300,0.0,0.0,0.0
2024-09-13 02:45:00+00:00,15.529999732971191,15.529999732971191,15.520000457763672,15.520000457763672,74210,0.0,0.0,0.0
2024-09-13 02:50:00+00:00,15.520000457763672,15.529999732971191,15.520000457763672,15.520000457763672,27344,0.0,0.0,0.0
2024-09-13 02:55:00+00:00,15.510000228881836,15.529999732971191,15.510000228881836,15.529999732971191,29214,0.0,0.0,0.0
2024-09-13 03:00:00+00:00,15.539999961853027,15.539999961853027,15.529999732971191,15.529999732971191,4188,0.0,0.0,0.0
2024-09-13 03:10:00+00:00,15.539999961853027,15.539999961853027,15.539999961853027,15.539999961853027,6416,0.0,0.0,0.0
2024-09-13 03:15:00+00:00,15.539999961853027,15.539999961853027,15.539999961853027,15.539999961853027,1000,0.0,0.0,0.0
2024-09-13 03:25:00+00:00,15.529999732971191,15.529999732971191,15.529999732971191,15.529999732971191,2964,0.0,0.0,0.0
2024-09-13 03:40:00+00:00,15.529999732971191,15.529999732971191,15.529999732971191,15.529999732971191,1080,0.0,0.0,0.0
2024-09-13 03:45:00+00:00,15.539999961853027,15.539999961853027,15.539999961853027,15.539999961853027,2000,0.0,0.0,0.0
2024-09-13 03:50:00+00:00,15.539999961853027,15.539999961853027,15.539999961853027,15.539999961853027,2020,0.0,0.0,0.0
2024-09-13 04:00:00+00:00,15.539999961853027,15.539999961853027,15.529999732971191,15.539999961853027,111400,0.0,0.0,0.0
2024-09-13 04:05:00+00:00,15.539999961853027,15.539999961853027,15.529999732971191,15.529999732971191,6180,0.0,0.0,0.0
2024-09-13 04:10:00+00:00,15.539999961853027,15.539999961853027,15.539999961853027,15.539999961853027,2633,0.0,0.0,0.0
2024-09-13 04:20:00+00:00,15.539999961853027,15.539999961853027,15.539999961853027,15.539999961853027,9100,0.0,0.0,0.0
2024-09-13 04:25:00+00:00,15.529999732971191,15.529999732971191,15.529999732971191,15.529999732971191,7547,0.0,0.0,0.0
2024-09-13 04:30:00+00:00,15.539999961853027,15.539999961853027,15.539999961853027,15.539999961853027,22100,0.0,0.0,0.0
2024-09-13 04:35:00+00:00,15.539999961853027,15.539999961853027,15.529999732971191,15.529999732971191,29253,0.0,0.0,0.0
2024-09-13 04:40:00+00:00,15.529999732971191,15.529999732971191,15.529999732971191,15.529999732971191,16583,0.0,0.0,0.0
2024-09-13 04:50:00+00:00,15.539999961853027,15.539999961853027,15.539999961853027,15.539999961853027,6000,0.0,0.0,0.0
2024-09-13 04:55:00+00:00,15.529999732971191,15.529999732971191,15.529999732971191,15.529999732971191,77132,0.0,0.0,0.0
2024-09-13 05:00:00+00:00,15.529999732971191,15.529999732971191,15.529999732971191,15.529999732971191,22137,0.0,0.0,0.0
2024-09-13 05:05:00+00:00,15.529999732971191,15.529999732971191,15.529999732971191,15.529999732971191,15100,0.0,0.0,0.0
2024-09-13 05:10:00+00:00,15.539999961853027,15.539999961853027,15.539999961853027,15.539999961853027,1000,0.0,0.0,0.0
2024-09-16 01:00:00+00:00,15.529999732971191,15.569999694824219,15.529999732971191,15.529999732971191,0,0.0,0.0,0.0
2024-09-16 01:05:00+00:00,15.529999732971191,15.529999732971191,15.529999732971191,15.529999732971191,30483,0.0,0.0,0.0
2024-09-16 01:10:00+00:00,15.539999961853027,15.550000190734863,15.539999961853027,15.550000190734863,28702,0.0,0.0,0.0
2024-09-16 01:15:00+00:00,15.550000190734863,15.569999694824219,15.550000190734863,15.569999694824219,32122,0.0,0.0,0.0
2024-09-16 01:20:00+00:00,15.569999694824219,15.569999694824219,15.5600004196167,15.5600004196167,10623,0.0,0.0,0.0
2024-09-16 01:25:00+00:00,15.550000190734863,15.5600004196167,15.550000190734863,15.5600004196167,8117,0.0,0.0,0.0
2024-09-16 01:30:00+00:00,15.5600004196167,15.5600004196167,15.550000190734863,15.550000190734863,127395,0.0,0.0,0.0
2024-09-16 01:35:00+00:00,15.5600004196167,15.5600004196167,15.5600004196167,15.5600004196167,1170,0.0,0.0,0.0
2024-09-16 01:40:00+00:00,15.5600004196167,15.5600004196167,15.5600004196167,15.5600004196167,4494,0.0,0.0,0.0
2024-09-16 01:45:00+00:00,15.569999694824219,15.569999694824219,15.5600004196167,15.569999694824219,24361,0.0,0.0,0.0
2024-09-16 01:50:00+00:00,15.569999694824219,15.569999694824219,15.569999694824219,15.569999694824219,45000,0.0,0.0,0.0
2024-09-16 01:55:00+00:00,15.579999923706055,15.579999923706055,15.569999694824219,15.569999694824219,4000,0.0,0.0,0.0
2024-09-16 02:00:00+00:00,15.579999923706055,15.579999923706055,15.569999694824219,15.579999923706055,18575,0.0,0.0,0.0
2024-09-16 02:05:00+00:00,15.579999923706055,15.579999923706055,15.569999694824219,15.579999923706055,16050,0.0,0.0,0.0
2024-09-16 02:10:00+00:00,15.579999923706055,15.579999923706055,15.579999923706055,15.579999923706055,47200,0.0,0.0,0.0
2024-09-16 02:15:00+00:00,15.579999923706055,15.59000015258789,15.579999923706055,15.59000015258789,14661,0.0,0.0,0.0
2024-09-16 02:20:00+00:00,15.579999923706055,15.579999923706055,15.579999923706055,15.579999923706055,2615,0.0,0.0,0.0
2024-09-16 02:25:00+00:00,15.579999923706055,15.579999923706055,15.569999694824219,15.579999923706055,25012,0.0,0.0,0.0
2024-09-16 02:30:00+00:00,15.579999923706055,15.579999923706055,15.5600004196167,15.5600004196167,140856,0.0,0.0,0.0
2024-09-16 02:35:00+00:00,15.5600004196167,15.5600004196167,15.5600004196167,15.5600004196167,3451,0.0,0.0,0.0
2024-09-16 02:40:00+00:00,15.5600004196167,15.5600004196167,15.550000190734863,15.550000190734863,10103,0.0,0.0,0.0
2024-09-16 02:45:00+00:00,15.5600004196167,15.5600004196167,15.550000190734863,15.550000190734863,4340,0.0,0.0,0.0
2024-09-16 02:50:00+00:00,15.550000190734863,15.5600004196167,15.550000190734863,15.550000190734863,96004,0.0,0.0,0.0
2024-09-16 02:55:00+00:00,15.550000190734863,15.550000190734863,15.539999961853027,15.539999961853027,38791,0.0,0.0,0.0
2024-09-16 03:00:00+00:00,15.539999961853027,15.539999961853027,15.529999732971191,15.539999961853027,126550,0.0,0.0,0.0
2024-09-16 03:05:00+00:00,15.539999961853027,15.539999961853027,15.539999961853027,15.539999961853027,10030,0.0,0.0,0.0
2024-09-16 03:10:00+00:00,15.550000190734863,15.5600004196167,15.550000190734863,15.5600004196167,16025,0.0,0.0,0.0
2024-09-16 03:15:00+00:00,15.5600004196167,15.5600004196167,15.5600004196167,15.5600004196167,3903,0.0,0.0,0.0
2024-09-16 03:20:00+00:00,15.5600004196167,15.5600004196167,15.5600004196167,15.5600004196167,6008,0.0,0.0,0.0
2024-09-16 03:25:00+00:00,15.5600004196167,15.5600004196167,15.5600004196167,15.5600004196167,2100,0.0,0.0,0.0
2024-09-16 03:30:00+00:00,15.569999694824219,15.569999694824219,15.569999694824219,15.569999694824219,3202,0.0,0.0,0.0
2024-09-16 03:35:00+00:00,15.569999694824219,15.569999694824219,15.569999694824219,15.569999694824219,4025,0.0,0.0,0.0
2024-09-16 03:40:00+00:00,15.569999694824219,15.569999694824219,15.569999694824219,15.569999694824219,2000,0.0,0.0,0.0
2024-09-16 03:45:00+00:00,15.579999923706055,15.579999923706055,15.579999923706055,15.579999923706055,34480,0.0,0.0,0.0
2024-09-16 03:50:00+00:00,15.579999923706055,15.579999923706055,15.569999694824219,15.569999694824219,16265,0.0,0.0,0.0
2024-09-16 03:55:00+00:00,15.579999923706055,15.59000015258789,15.579999923706055,15.579999923706055,54900,0.0,0.0,0.0
2024-09-16 04:00:00+00:00,15.579999923706055,15.579999923706055,15.579999923706055,15.579999923706055,1000,0.0,0.0,0.0
2024-09-16 04:05:00+00:00,15.579999923706055,15.579999923706055,15.579999923706055,15.579999923706055,4100,0.0,0.0,0.0
2024-09-16 04:10:00+00:00,15.579999923706055,15.59000015258789,15.579999923706055,15.59000015258789,3000,0.0,0.0,0.0
2024-09-16 04:15:00+00:00,15.59000015258789,15.59000015258789,15.579999923706055,15.579999923706055,14500,0.0,0.0,0.0
2024-09-16 04:20:00+00:00,15.579999923706055,15.59000015258789,15.579999923706055,15.59000015258789,3086,0.0,0.0,0.0
2024-09-16 04:25:00+00:00,15.59000015258789,15.59000015258789,15.59000015258789,15.59000015258789,2564,0.0,0.0,0.0
2024-09-16 04:30:00+00:00,15.59000015258789,15.59000015258789,15.59000015258789,15.59000015258789,16108,0.0,0.0,0.0
2024-09-16 04:35:00+00:00,15.579999923706055,15.59000015258789,15.579999923706055,15.59000015258789,21000,0.0,0.0,0.0
2024-09-16 04:40:00+00:00,15.59000015258789,15.59000015258789,15.59000015258789,15.59000015258789,35540,0.0,0.0,0.0
2024-09-16 04:45:00+00:00,15.579999923706055,15.59000015258789,15.579999923706055,15.579999923706055,12325,0.0,0.0,0.0
2024-09-16 04:50:00+00:00,15.59000015258789,15.59000015258789,15.59000015258789,15.59000015258789,28249,0.0,0.0,0.0
2024-09-16 04:55:00+00:00,15.59000015258789,15.600000381469727,15.59000015258789,15.600000381469727,3784,0.0,0.0,0.0
2024-09-16 05:00:00+00:00,15.600000381469727,15.600000381469727,15.59000015258789,15.59000015258789,30654,0.0,0.0,0.0
2024-09-16 05:05:00+00:00,15.59000015258789,15.59000015258789,15.59000015258789,15.59000015258789,4100,0.0,0.0,0.0
2024-09-18 01:00:00+00:00,15.569999694824219,15.649999618530273,15.569999694824219,15.649999618530273,0,0.0,0.0,0.0
2024-09-18 01:05:00+00:00,15.630000114440918,15.640000343322754,15.619999885559082,15.640000343322754,84000,0.0,0.0,0.0
2024-09-18 01:10:00+00:00,15.640000343322754,15.65999984741211,15.640000343322754,15.649999618530273,66360,0.0,0.0,0.0
2024-09-18 01:15:00+00:00,15.670000076293945,15.680000305175781,15.670000076293945,15.680000305175781,27550,0.0,0.0,0.0
2024-09-18 01:20:00+00:00,15.680000305175781,15.680000305175781,15.670000076293945,15.680000305175781,59172,0.0,0.0,0.0
2024-09-18 01:25:00+00:00,15.680000305175781,15.6899995803833,15.680000305175781,15.6899995803833,18211,0.0,0.0,0.0
2024-09-18 01:30:00+00:00,15.6899995803833,15.699999809265137,15.680000305175781,15.6899995803833,153176,0.0,0.0,0.0
2024-09-18 01:35:00+00:00,15.6899995803833,15.699999809265137,15.6899995803833,15.699999809265137,227145,0.0,0.0,0.0
2024-09-18 01:40:00+00:00,15.710000038146973,15.710000038146973,15.699999809265137,15.710000038146973,50933,0.0,0.0,0.0
2024-09-18 01:45:00+00:00,15.720000267028809,15.739999771118164,15.720000267028809,15.739999771118164,63090,0.0,0.0,0.0
2024-09-18 01:50:00+00:00,15.739999771118164,15.739999771118164,15.729999542236328,15.729999542236328,55845,0.0,0.0,0.0
2024-09-18 01:55:00+00:00,15.729999542236328,15.739999771118164,15.729999542236328,15.729999542236328,8289,0.0,0.0,0.0
2024-09-18 02:00:00+00:00,15.739999771118164,15.739999771118164,15.729999542236328,15.729999542236328,5525,0.0,0.0,0.0
2024-09-18 02:05:00+00:00,15.739999771118164,15.75,15.739999771118164,15.75,26425,0.0,0.0,0.0
2024-09-18 02:10:00+00:00,15.739999771118164,15.739999771118164,15.729999542236328,15.729999542236328,35583,0.0,0.0,0.0
2024-09-18 02:15:00+00:00,15.729999542236328,15.739999771118164,15.720000267028809,15.729999542236328,23059,0.0,0.0,0.0
2024-09-18 02:20:00+00:00,15.729999542236328,15.729999542236328,15.729999542236328,15.729999542236328,6451,0.0,0.0,0.0
2024-09-18 02:25:00+00:00,15.720000267028809,15.729999542236328,15.720000267028809,15.720000267028809,6190,0.0,0.0,0.0
2024-09-18 02:30:00+00:00,15.720000267028809,15.739999771118164,15.720000267028809,15.729999542236328,35300,0.0,0.0,0.0
2024-09-18 02:35:00+00:00,15.729999542236328,15.739999771118164,15.729999542236328,15.739999771118164,3064,0.0,0.0,0.0
2024-09-18 02:40:00+00:00,15.729999542236328,15.729999542236328,15.729999542236328,15.729999542236328,2303,0.0,0.0,0.0
2024-09-18 02:45:00+00:00,15.739999771118164,15.739999771118164,15.739999771118164,15.739999771118164,2049,0.0,0.0,0.0
2024-09-18 02:50:00+00:00,15.729999542236328,15.729999542236328,15.720000267028809,15.720000267028809,38000,0.0,0.0,0.0
2024-09-18 02:55:00+00:00,15.739999771118164,15.739999771118164,15.739999771118164,15.739999771118164,12051,0.0,0.0,0.0
2024-09-18 03:00:00+00:00,15.729999542236328,15.729999542236328,15.720000267028809,15.720000267028809,12621,0.0,0.0,0.0
2024-09-18 03:05:00+00:00,15.729999542236328,15.739999771118164,15.729999542236328,15.739999771118164,4703,0.0,0.0,0.0
2024-09-18 03:10:00+00:00,15.729999542236328,15.729999542236328,15.720000267028809,15.720000267028809,6100,0.0,0.0,0.0
2024-09-18 03:15:00+00:00,15.720000267028809,15.720000267028809,15.720000267028809,15.720000267028809,4144,0.0,0.0,0.0
2024-09-18 03:20:00+00:00,15.729999542236328,15.729999542236328,15.720000267028809,15.720000267028809,6550,0.0,0.0,0.0
2024-09-18 03:25:00+00:00,15.720000267028809,15.729999542236328,15.710000038146973,15.710000038146973,44910,0.0,0.0,0.0
2024-09-18 03:30:00+00:00,15.710000038146973,15.710000038146973,15.710000038146973,15.710000038146973,5438,0.0,0.0,0.0
2024-09-18 03:35:00+00:00,15.710000038146973,15.710000038146973,15.710000038146973,15.710000038146973,30693,0.0,0.0,0.0
2024-09-18 03:40:00+00:00,15.710000038146973,15.720000267028809,15.710000038146973,15.720000267028809,17164,0.0,0.0,0.0
2024-09-18 03:45:00+00:00,15.720000267028809,15.720000267028809,15.710000038146973,15.710000038146973,4000,0.0,0.0,0.0
2024-09-18 03:50:00+00:00,15.710000038146973,15.720000267028809,15.710000038146973,15.710000038146973,24200,0.0,0.0,0.0
2024-09-18 03:55:00+00:00,15.710000038146973,15.710000038146973,15.710000038146973,15.710000038146973,3000,0.0,0.0,0.0
2024-09-18 04:00:00+00:00,15.710000038146973,15.710000038146973,15.699999809265137,15.710000038146973,7372,0.0,0.0,0.0
2024-09-18 04:05:00+00:00,15.699999809265137,15.699999809265137,15.699999809265137,15.699999809265137,34326,0.0,0.0,0.0
2024-09-18 04:10:00+00:00,15.6899995803833,15.6899995803833,15.6899995803833,15.6899995803833,10500,0.0,0.0,0.0
2024-09-18 04:15:00+00:00,15.680000305175781,15.699999809265137,15.680000305175781,15.699999809265137,27085,0.0,0.0,0.0
2024-09-18 04:20:00+00:00,15.6899995803833,15.699999809265137,15.6899995803833,15.699999809265137,5172,0.0,0.0,0.0
2024-09-18 04:25:00+00:00,15.699999809265137,15.699999809265137,15.699999809265137,15.699999809265137,15778,0.0,0.0,0.0
2024-09-18 04:30:00+00:00,15.699999809265137,15.699999809265137,15.6899995803833,15.6899995803833,19687,0.0,0.0,0.0
2024-09-18 04:40:00+00:00,15.6899995803833,15.6899995803833,15.680000305175781,15.680000305175781,90052,0.0,0.0,0.0
2024-09-18 04:45:00+00:00,15.6899995803833,15.6899995803833,15.680000305175781,15.680000305175781,24498,0.0,0.0,0.0
2024-09-18 04:55:00+00:00,15.670000076293945,15.670000076293945,15.65999984741211,15.65999984741211,18172,0.0,0.0,0.0
2024-09-18 05:00:00+00:00,15.65999984741211,15.670000076293945,15.649999618530273,15.670000076293945,38560,0.0,0.0,0.0
2024-09-18 05:05:00+00:00,15.65999984741211,15.65999984741211,15.649999618530273,15.649999618530273,116774,0.0,0.0,0.0
2024-09-19 01:00:00+00:00,15.710000038146973,15.710000038146973,15.699999809265137,15.710000038146973,0,0.0,0.0,0.0
2024-09-19 01:05:00+00:00,15.6899995803833,15.6899995803833,15.680000305175781,15.680000305175781,36029,0.0,0.0,0.0
2024-09-19 01:10:00+00:00,15.6899995803833,15.6899995803833,15.670000076293945,15.670000076293945,38637,0.0,0.0,0.0
2024-09-19 01:15:00+00:00,15.680000305175781,15.680000305175781,15.670000076293945,15.670000076293945,52000,0.0,0.0,0.0
2024-09-19 01:20:00+00:00,15.670000076293945,15.6899995803833,15.670000076293945,15.6899995803833,48778,0.0,0.0,0.0
2024-09-19 01:25:00+00:00,15.680000305175781,15.699999809265137,15.680000305175781,15.699999809265137,206650,0.0,0.0,0.0
2024-09-19 01:30:00+00:00,15.699999809265137,15.699999809265137,15.6899995803833,15.699999809265137,16611,0.0,0.0,0.0
2024-09-19 01:35:00+00:00,15.6899995803833,15.710000038146973,15.6899995803833,15.710000038146973,64078,0.0,0.0,0.0
2024-09-19 01:40:00+00:00,15.710000038146973,15.710000038146973,15.699999809265137,15.699999809265137,5042,0.0,0.0,0.0
2024-09-19 01:45:00+00:00,15.699999809265137,15.699999809265137,15.6899995803833,15.6899995803833,12262,0.0,0.0,0.0
2024-09-19 01:50:00+00:00,15.6899995803833,15.6899995803833,15.6899995803833,15.6899995803833,18150,0.0,0.0,0.0
2024-09-19 01:55:00+00:00,15.699999809265137,15.720000267028809,15.699999809265137,15.720000267028809,47100,0.0,0.0,0.0
2024-09-19 02:00:00+00:00,15.729999542236328,15.739999771118164,15.729999542236328,15.739999771118164,35454,0.0,0.0,0.0
2024-09-19 02:05:00+00:00,15.720000267028809,15.729999542236328,15.720000267028809,15.729999542236328,4126,0.0,0.0,0.0
2024-09-19 02:10:00+00:00,15.739999771118164,15.75,15.729999542236328,15.75,85300,0.0,0.0,0.0
2024-09-19 02:15:00+00:00,15.770000457763672,15.779999732971191,15.760000228881836,15.770000457763672,43632,0.0,0.0,0.0
2024-09-19 02:20:00+00:00,15.760000228881836,15.760000228881836,15.760000228881836,15.760000228881836,9110,0.0,0.0,0.0
2024-09-19 02:25:00+00:00,15.779999732971191,15.779999732971191,15.779999732971191,15.779999732971191,10000,0.0,0.0,0.0
2024-09-19 02:30:00+00:00,15.779999732971191,15.779999732971191,15.770000457763672,15.779999732971191,11888,0.0,0.0,0.0
2024-09-19 02:35:00+00:00,15.779999732971191,15.779999732971191,15.779999732971191,15.779999732971191,9000,0.0,0.0,0.0
2024-09-19 02:40:00+00:00,15.779999732971191,15.789999961853027,15.770000457763672,15.789999961853027,60036,0.0,0.0,0.0
2024-09-19 02:45:00+00:00,15.800000190734863,15.8100004196167,15.800000190734863,15.8100004196167,52164,0.0,0.0,0.0
2024-09-19 02:50:00+00:00,15.800000190734863,15.8100004196167,15.800000190734863,15.800000190734863,121077,0.0,0.0,0.0
2024-09-19 02:55:00+00:00,15.800000190734863,15.8100004196167,15.800000190734863,15.800000190734863,65447,0.0,0.0,0.0
2024-09-19 03:00:00+00:00,15.8100004196167,15.8100004196167,15.789999961853027,15.800000190734863,29558,0.0,0.0,0.0
2024-09-19 03:05:00+00:00,15.789999961853027,15.789999961853027,15.789999961853027,15.789999961853027,18000,0.0,0.0,0.0
2024-09-19 03:10:00+00:00,15.789999961853027,15.789999961853027,15.779999732971191,15.779999732971191,4110,0.0,0.0,0.0
2024-09-19 03:15:00+00:00,15.789999961853027,15.789999961853027,15.789999961853027,15.789999961853027,3035,0.0,0.0,0.0
2024-09-19 03:20:00+00:00,15.800000190734863,15.8100004196167,15.800000190734863,15.800000190734863,11610,0.0,0.0,0.0
2024-09-19 03:25:00+00:00,15.789999961853027,15.789999961853027,15.789999961853027,15.789999961853027,3199,0.0,0.0,0.0
2024-09-19 03:30:00+00:00,15.789999961853027,15.789999961853027,15.789999961853027,15.789999961853027,3571,0.0,0.0,0.0
2024-09-19 03:35:00+00:00,15.800000190734863,15.800000190734863,15.800000190734863,15.800000190734863,11759,0.0,0.0,0.0
2024-09-19 03:40:00+00:00,15.8100004196167,15.8100004196167,15.8100004196167,15.8100004196167,9420,0.0,0.0,0.0
2024-09-19 03:45:00+00:00,15.8100004196167,15.819999694824219,15.8100004196167,15.819999694824219,2340,0.0,0.0,0.0
2024-09-19 03:50:00+00:00,15.8100004196167,15.8100004196167,15.8100004196167,15.8100004196167,1648,0.0,0.0,0.0
2024-09-19 03:55:00+00:00,15.819999694824219,15.819999694824219,15.819999694824219,15.819999694824219,7060,0.0,0.0,0.0
2024-09-19 04:00:00+00:00,15.819999694824219,15.84000015258789,15.819999694824219,15.84000015258789,23296,0.0,0.0,0.0
2024-09-19 04:05:00+00:00,15.84000015258789,15.84000015258789,15.829999923706055,15.84000015258789,8168,0.0,0.0,0.0
2024-09-19 04:10:00+00:00,15.829999923706055,15.829999923706055,15.829999923706055,15.829999923706055,8200,0.0,0.0,0.0
2024-09-19 04:15:00+00:00,15.829999923706055,15.84000015258789,15.829999923706055,15.84000015258789,24252,0.0,0.0,0.0
2024-09-19 04:20:00+00:00,15.829999923706055,15.829999923706055,15.829999923706055,15.829999923706055,47991,0.0,0.0,0.0
2024-09-19 04:25:00+00:00,15.829999923706055,15.829999923706055,15.829999923706055,15.829999923706055,16642,0.0,0.0,0.0
2024-09-19 04:30:00+00:00,15.829999923706055,15.829999923706055,15.829999923706055,15.829999923706055,5165,0.0,0.0,0.0
2024-09-19 04:35:00+00:00,15.829999923706055,15.829999923706055,15.819999694824219,15.819999694824219,25080,0.0,0.0,0.0
2024-09-19 04:40:00+00:00,15.819999694824219,15.819999694824219,15.819999694824219,15.819999694824219,97750,0.0,0.0,0.0
2024-09-19 04:45:00+00:00,15.819999694824219,15.819999694824219,15.819999694824219,15.819999694824219,15224,0.0,0.0,0.0
2024-09-19 04:50:00+00:00,15.819999694824219,15.829999923706055,15.819999694824219,15.819999694824219,64874,0.0,0.0,0.0
2024-09-19 04:55:00+00:00,15.829999923706055,15.84000015258789,15.829999923706055,15.829999923706055,56913,0.0,0.0,0.0
2024-09-19 05:00:00+00:00,15.84000015258789,15.84000015258789,15.84000015258789,15.84000015258789,77550,0.0,0.0,0.0
2024-09-19 05:05:00+00:00,15.850000381469727,15.850000381469727,15.84000015258789,15.84000015258789,82620,0.0,0.0,0.0
2024-09-19 05:10:00+00:00,15.829999923706055,15.84000015258789,15.829999923706055,15.84000015258789,15076,0.0,0.0,0.0
2024-09-19 05:15:00+00:00,15.84000015258789,15.84000015258789,15.829999923706055,15.84000015258789,15306,0.0,0.0,0.0
2024-09-19 05:20:00+00:00,15.829999923706055,15.829999923706055,15.829999923706055,15.829999923706055,65575,0.0,0.0,0.0
2024-09-20 01:00:00+00:00,15.970000267028809,15.970000267028809,15.9399995803833,15.960000038146973,0,0.0,0.0,0.0
2024-09-20 01:05:00+00:00,15.960000038146973,15.960000038146973,15.949999809265137,15.949999809265137,92000,0.0,0.0,0.0
2024-09-20 01:10:00+00:00,15.949999809265137,15.949999809265137,15.9399995803833,15.9399995803833,113553,0.0,0.0,0.0
2024-09-20 01:15:00+00:00,15.9399995803833,15.9399995803833,15.930000305175781,15.9399995803833,61406,0.0,0.0,0.0
2024-09-20 01:20:00+00:00,15.930000305175781,15.949999809265137,15.930000305175781,15.9399995803833,186970,0.0,0.0,0.0
2024-09-20 01:25:00+00:00,15.9399995803833,15.949999809265137,15.930000305175781,15.949999809265137,124615,0.0,0.0,0.0
2024-09-20 01:30:00+00:00,15.949999809265137,15.949999809265137,15.9399995803833,15.949999809265137,27504,0.0,0.0,0.0
2024-09-20 01:35:00+00:00,15.949999809265137,15.949999809265137,15.949999809265137,15.949999809265137,234941,0.0,0.0,0.0
2024-09-20 01:40:00+00:00,15.949999809265137,15.949999809265137,15.9399995803833,15.9399995803833,199810,0.0,0.0,0.0
2024-09-20 01:45:00+00:00,15.930000305175781,15.930000305175781,15.930000305175781,15.930000305175781,7200,0.0,0.0,0.0
2024-09-20 01:50:00+00:00,15.9399995803833,15.949999809265137,15.9399995803833,15.9399995803833,34502,0.0,0.0,0.0
2024-09-20 01:55:00+00:00,15.9399995803833,15.949999809265137,15.920000076293945,15.920000076293945,258389,0.0,0.0,0.0
2024-09-20 02:00:00+00:00,15.930000305175781,15.930000305175781,15.920000076293945,15.930000305175781,47655,0.0,0.0,0.0
2024-09-20 02:05:00+00:00,15.930000305175781,15.930000305175781,15.930000305175781,15.930000305175781,14602,0.0,0.0,0.0
2024-09-20 02:10:00+00:00,15.930000305175781,15.9399995803833,15.920000076293945,15.920000076293945,121677,0.0,0.0,0.0
2024-09-20 02:15:00+00:00,15.920000076293945,15.920000076293945,15.920000076293945,15.920000076293945,3000,0.0,0.0,0.0
2024-09-20 02:20:00+00:00,15.920000076293945,15.930000305175781,15.920000076293945,15.920000076293945,231000,0.0,0.0,0.0
2024-09-20 02:25:00+00:00,15.920000076293945,15.920000076293945,15.90999984741211,15.90999984741211,118943,0.0,0.0,0.0
2024-09-20 02:30:00+00:00,15.899999618530273,15.899999618530273,15.890000343322754,15.890000343322754,57852,0.0,0.0,0.0
2024-09-20 02:35:00+00:00,15.899999618530273,15.899999618530273,15.890000343322754,15.890000343322754,62125,0.0,0.0,0.0
2024-09-20 02:40:00+00:00,15.890000343322754,15.890000343322754,15.880000114440918,15.880000114440918,122113,0.0,0.0,0.0
2024-09-20 02:45:00+00:00,15.899999618530273,15.899999618530273,15.890000343322754,15.899999618530273,74012,0.0,0.0,0.0
2024-09-20 02:50:00+00:00,15.890000343322754,15.899999618530273,15.890000343322754,15.899999618530273,102401,0.0,0.0,0.0
2024-09-20 02:55:00+00:00,15.899999618530273,15.899999618530273,15.899999618530273,15.899999618530273,12039,0.0,0.0,0.0
2024-09-20 03:00:00+00:00,15.899999618530273,15.90999984741211,15.899999618530273,15.899999618530273,39021,0.0,0.0,0.0
2024-09-20 03:05:00+00:00,15.899999618530273,15.899999618530273,15.890000343322754,15.890000343322754,27300,0.0,0.0,0.0
2024-09-20 03:10:00+00:00,15.890000343322754,15.890000343322754,15.890000343322754,15.890000343322754,13000,0.0,0.0,0.0
2024-09-20 03:15:00+00:00,15.890000343322754,15.90999984741211,15.890000343322754,15.90999984741211,5062,0.0,0.0,0.0
2024-09-20 03:20:00+00:00,15.90999984741211,15.90999984741211,15.90999984741211,15.90999984741211,16728,0.0,0.0,0.0
2024-09-20 03:25:00+00:00,15.899999618530273,15.899999618530273,15.899999618530273,15.899999618530273,11180,0.0,0.0,0.0
2024-09-20 03:30:00+00:00,15.90999984741211,15.920000076293945,15.90999984741211,15.920000076293945,70632,0.0,0.0,0.0
2024-09-20 03:35:00+00:00,15.920000076293945,15.930000305175781,15.920000076293945,15.930000305175781,81131,0.0,0.0,0.0
2024-09-20 03:40:00+00:00,15.930000305175781,15.930000305175781,15.930000305175781,15.930000305175781,2020,0.0,0.0,0.0
2024-09-20 03:45:00+00:00,15.930000305175781,15.930000305175781,15.930000305175781,15.930000305175781,11708,0.0,0.0,0.0
2024-09-20 03:55:00+00:00,15.930000305175781,15.930000305175781,15.930000305175781,15.930000305175781,6345,0.0,0.0,0.0
2024-09-20 04:00:00+00:00,15.930000305175781,15.930000305175781,15.930000305175781,15.930000305175781,17210,0.0,0.0,0.0
2024-09-20 04:05:00+00:00,15.9399995803833,15.9399995803833,15.930000305175781,15.930000305175781,22690,0.0,0.0,0.0
2024-09-20 04:10:00+00:00,15.9399995803833,15.9399995803833,15.9399995803833,15.9399995803833,37000,0.0,0.0,0.0
2024-09-20 04:15:00+00:00,15.9399995803833,15.9399995803833,15.9399995803833,15.9399995803833,24607,0.0,0.0,0.0
2024-09-20 04:20:00+00:00,15.930000305175781,15.9399995803833,15.930000305175781,15.9399995803833,47070,0.0,0.0,0.0
2024-09-20 04:25:00+00:00,15.9399995803833,15.9399995803833,15.9399995803833,15.9399995803833,55208,0.0,0.0,0.0
2024-09-20 04:30:00+00:00,15.949999809265137,15.960000038146973,15.949999809265137,15.960000038146973,219772,0.0,0.0,0.0
2024-09-20 04:35:00+00:00,15.949999809265137,15.949999809265137,15.949999809265137,15.949999809265137,2000,0.0,0.0,0.0
2024-09-20 04:40:00+00:00,15.949999809265137,15.949999809265137,15.949999809265137,15.949999809265137,23873,0.0,0.0,0.0
2024-09-20 04:45:00+00:00,15.949999809265137,15.949999809265137,15.949999809265137,15.949999809265137,42310,0.0,0.0,0.0
2024-09-20 04:50:00+00:00,15.960000038146973,15.960000038146973,15.949999809265137,15.960000038146973,21170,0.0,0.0,0.0
2024-09-20 04:55:00+00:00,15.949999809265137,15.949999809265137,15.949999809265137,15.949999809265137,26212,0.0,0.0,0.0
2024-09-20 05:00:00+00:00,15.949999809265137,15.960000038146973,15.949999809265137,15.949999809265137,4611,0.0,0.0,0.0
2024-09-20 05:05:00+00:00,15.9399995803833,15.9399995803833,15.930000305175781,15.930000305175781,107236,0.0,0.0,0.0
2024-09-20 05:10:00+00:00,15.920000076293945,15.9399995803833,15.920000076293945,15.9399995803833,63560,0.0,0.0,0.0
2024-09-23 01:00:00+00:00,15.970000267028809,16.040000915527344,15.970000267028809,16.010000228881836,0,0.0,0.0,0.0
2024-09-23 01:05:00+00:00,16.010000228881836,16.020000457763672,16.0,16.020000457763672,190979,0.0,0.0,0.0
2024-09-23 01:10:00+00:00,16.020000457763672,16.020000457763672,16.010000228881836,16.010000228881836,73024,0.0,0.0,0.0
2024-09-23 01:15:00+00:00,16.010000228881836,16.010000228881836,16.010000228881836,16.010000228881836,228100,0.0,0.0,0.0
2024-09-23 01:20:00+00:00,16.010000228881836,16.020000457763672,16.010000228881836,16.020000457763672,217449,0.0,0.0,0.0
2024-09-23 01:25:00+00:00,16.020000457763672,16.020000457763672,16.010000228881836,16.020000457763672,124729,0.0,0.0,0.0
2024-09-23 01:30:00+00:00,16.020000457763672,16.030000686645508,16.020000457763672,16.020000457763672,39924,0.0,0.0,0.0
2024-09-23 01:35:00+00:00,16.020000457763672,16.020000457763672,16.020000457763672,16.020000457763672,20278,0.0,0.0,0.0
2024-09-23 01:40:00+00:00,16.020000457763672,16.020000457763672,16.010000228881836,16.010000228881836,18130,0.0,0.0,0.0
2024-09-23 01:45:00+00:00,16.020000457763672,16.020000457763672,16.020000457763672,16.020000457763672,3200,0.0,0.0,0.0
2024-09-23 01:50:00+00:00,16.020000457763672,16.020000457763672,16.010000228881836,16.010000228881836,20241,0.0,0.0,0.0
2024-09-23 01:55:00+00:00,16.010000228881836,16.020000457763672,16.010000228881836,16.010000228881836,38080,0.0,0.0,0.0
2024-09-23 02:00:00+00:00,16.020000457763672,16.020000457763672,16.0,16.0,22080,0.0,0.0,0.0
2024-09-23 02:05:00+00:00,16.010000228881836,16.010000228881836,16.0,16.0,220615,0.0,0.0,0.0
2024-09-23 02:10:00+00:00,15.989999771118164,16.010000228881836,15.989999771118164,16.010000228881836,68428,0.0,0.0,0.0
2024-09-23 02:15:00+00:00,16.010000228881836,16.010000228881836,16.010000228881836,16.010000228881836,32545,0.0,0.0,0.0
2024-09-23 02:20:00+00:00,16.010000228881836,16.020000457763672,16.010000228881836,16.020000457763672,11255,0.0,0.0,0.0
2024-09-23 02:25:00+00:00,16.020000457763672,16.020000457763672,16.020000457763672,16.020000457763672,16019,0.0,0.0,0.0
2024-09-23 02:30:00+00:00,16.020000457763672,16.020000457763672,16.010000228881836,16.010000228881836,39241,0.0,0.0,0.0
2024-09-23 02:35:00+00:00,16.0,16.010000228881836,16.0,16.010000228881836,14010,0.0,0.0,0.0
2024-09-23 02:40:00+00:00,16.0,16.020000457763672,16.0,16.020000457763672,49174,0.0,0.0,0.0
2024-09-23 02:45:00+00:00,16.020000457763672,16.020000457763672,16.010000228881836,16.020000457763672,16650,0.0,0.0,0.0
2024-09-23 02:50:00+00:00,16.020000457763672,16.030000686645508,16.020000457763672,16.030000686645508,163965,0.0,0.0,0.0
2024-09-23 02:55:00+00:00,16.030000686645508,16.030000686645508,16.020000457763672,16.020000457763672,17122,0.0,0.0,0.0
2024-09-23 03:00:00+00:00,16.030000686645508,16.030000686645508,16.010000228881836,16.010000228881836,8320,0.0,0.0,0.0
2024-09-23 03:05:00+00:00,16.010000228881836,16.010000228881836,16.010000228881836,16.010000228881836,1000,0.0,0.0,0.0
2024-09-23 03:10:00+00:00,16.020000457763672,16.020000457763672,16.020000457763672,16.020000457763672,19022,0.0,0.0,0.0
2024-09-23 03:15:00+00:00,16.020000457763672,16.030000686645508,16.020000457763672,16.030000686645508,20644,0.0,0.0,0.0
2024-09-23 03:20:00+00:00,16.030000686645508,16.030000686645508,16.030000686645508,16.030000686645508,53110,0.0,0.0,0.0
2024-09-23 03:25:00+00:00,16.030000686645508,16.030000686645508,16.030000686645508,16.030000686645508,1357,0.0,0.0,0.0
2024-09-23 03:30:00+00:00,16.030000686645508,16.030000686645508,16.030000686645508,16.030000686645508,5543,0.0,0.0,0.0
2024-09-23 03:35:00+00:00,16.030000686645508,16.030000686645508,16.030000686645508,16.030000686645508,54010,0.0,0.0,0.0
2024-09-23 03:40:00+00:00,16.020000457763672,16.020000457763672,16.020000457763672,16.020000457763672,23865,0.0,0.0,0.0
2024-09-23 03:45:00+00:00,16.030000686645508,16.040000915527344,16.030000686645508,16.040000915527344,42033,0.0,0.0,0.0
2024-09-23 03:50:00+00:00,16.030000686645508,16.030000686645508,16.030000686645508,16.030000686645508,8000,0.0,0.0,0.0
2024-09-23 03:55:00+00:00,16.030000686645508,16.040000915527344,16.030000686645508,16.040000915527344,56093,0.0,0.0,0.0
2024-09-23 04:00:00+00:00,16.040000915527344,16.040000915527344,16.040000915527344,16.040000915527344,3270,0.0,0.0,0.0
2024-09-23 04:05:00+00:00,16.030000686645508,16.040000915527344,16.030000686645508,16.040000915527344,15100,0.0,0.0,0.0
2024-09-23 04:10:00+00:00,16.030000686645508,16.030000686645508,16.030000686645508,16.030000686645508,7200,0.0,0.0,0.0
2024-09-23 04:15:00+00:00,16.040000915527344,16.040000915527344,16.040000915527344,16.040000915527344,21064,0.0,0.0,0.0
2024-09-23 04:20:00+00:00,16.040000915527344,16.049999237060547,16.040000915527344,16.049999237060547,80093,0.0,0.0,0.0
2024-09-23 04:25:00+00:00,16.049999237060547,16.049999237060547,16.040000915527344,16.040000915527344,12156,0.0,0.0,0.0
2024-09-23 04:30:00+00:00,16.040000915527344,16.049999237060547,16.040000915527344,16.040000915527344,23289,0.0,0.0,0.0
2024-09-23 04:35:00+00:00,16.040000915527344,16.049999237060547,16.040000915527344,16.049999237060547,25213,0.0,0.0,0.0
2024-09-23 04:40:00+00:00,16.049999237060547,16.049999237060547,16.049999237060547,16.049999237060547,3822,0.0,0.0,0.0
2024-09-23 04:45:00+00:00,16.049999237060547,16.049999237060547,16.049999237060547,16.049999237060547,3105,0.0,0.0,0.0
2024-09-23 04:50:00+00:00,16.049999237060547,16.049999237060547,16.040000915527344,16.040000915527344,8230,0.0,0.0,0.0
2024-09-23 04:55:00+00:00,16.040000915527344,16.040000915527344,16.040000915527344,16.040000915527344,20319,0.0,0.0,0.0
2024-09-23 05:00:00+00:00,16.040000915527344,16.040000915527344,16.040000915527344,16.040000915527344,1865,0.0,0.0,0.0
2024-09-23 05:05:00+00:00,16.049999237060547,16.049999237060547,16.040000915527344,16.040000915527344,18164,0.0,0.0,0.0
2024-09-23 05:10:00+00:00,16.040000915527344,16.040000915527344,16.040000915527344,16.040000915527344,45000,0.0,0.0,0.0
2024-09-24 01:00:00+00:00,16.040000915527344,16.049999237060547,16.040000915527344,16.040000915527344,0,0.0,0.0,0.0
2024-09-24 01:05:00+00:00,16.040000915527344,16.06999969482422,16.040000915527344,16.06999969482422,180736,0.0,0.0,0.0
2024-09-24 01:10:00+00:00,16.06999969482422,16.06999969482422,16.059999465942383,16.06999969482422,29810,0.0,0.0,0.0
2024-09-24 01:15:00+00:00,16.06999969482422,16.079999923706055,16.06999969482422,16.079999923706055,136789,0.0,0.0,0.0
2024-09-24 01:20:00+00:00,16.09000015258789,16.100000381469727,16.09000015258789,16.100000381469727,65659,0.0,0.0,0.0
2024-09-24 01:25:00+00:00,16.100000381469727,16.100000381469727,16.079999923706055,16.079999923706055,154308,0.0,0.0,0.0
2024-09-24 01:30:00+00:00,16.079999923706055,16.079999923706055,16.059999465942383,16.079999923706055,44823,0.0,0.0,0.0
2024-09-24 01:35:00+00:00,16.079999923706055,16.100000381469727,16.079999923706055,16.09000015258789,90210,0.0,0.0,0.0
2024-09-24 01:40:00+00:00,16.09000015258789,16.100000381469727,16.09000015258789,16.100000381469727,81397,0.0,0.0,0.0
2024-09-24 01:45:00+00:00,16.110000610351562,16.110000610351562,16.079999923706055,16.079999923706055,127875,0.0,0.0,0.0
2024-09-24 01:50:00+00:00,16.079999923706055,16.09000015258789,16.079999923706055,16.09000015258789,18397,0.0,0.0,0.0
2024-09-24 01:55:00+00:00,16.100000381469727,16.100000381469727,16.100000381469727,16.100000381469727,11490,0.0,0.0,0.0
2024-09-24 02:00:00+00:00,16.100000381469727,16.100000381469727,16.06999969482422,16.06999969482422,20647,0.0,0.0,0.0
2024-09-24 02:05:00+00:00,16.06999969482422,16.06999969482422,16.059999465942383,16.06999969482422,66196,0.0,0.0,0.0
2024-09-24 02:10:00+00:00,16.079999923706055,16.079999923706055,16.06999969482422,16.079999923706055,14858,0.0,0.0,0.0
2024-09-24 02:15:00+00:00,16.079999923706055,16.079999923706055,16.06999969482422,16.079999923706055,31357,0.0,0.0,0.0
2024-09-24 02:20:00+00:00,16.079999923706055,16.09000015258789,16.06999969482422,16.06999969482422,91310,0.0,0.0,0.0
2024-09-24 02:25:00+00:00,16.06999969482422,16.079999923706055,16.06999969482422,16.079999923706055,13168,0.0,0.0,0.0
2024-09-24 02:30:00+00:00,16.079999923706055,16.079999923706055,16.079999923706055,16.079999923706055,15410,0.0,0.0,0.0
2024-09-24 02:35:00+00:00,16.079999923706055,16.079999923706055,16.06999969482422,16.079999923706055,29832,0.0,0.0,0.0
2024-09-24 02:40:00+00:00,16.079999923706055,16.079999923706055,16.06999969482422,16.079999923706055,25062,0.0,0.0,0.0
2024-09-24 02:45:00+00:00,16.079999923706055,16.079999923706055,16.079999923706055,16.079999923706055,6319,0.0,0.0,0.0
2024-09-24 02:50:00+00:00,16.079999923706055,16.079999923706055,16.079999923706055,16.079999923706055,2181,0.0,0.0,0.0
2024-09-24 02:55:00+00:00,16.079999923706055,16.079999923706055,16.079999923706055,16.079999923706055,10770,0.0,0.0,0.0
2024-09-24 03:00:00+00:00,16.079999923706055,16.09000015258789,16.079999923706055,16.09000015258789,9590,0.0,0.0,0.0
2024-09-24 03:10:00+00:00,16.09000015258789,16.09000015258789,16.09000015258789,16.09000015258789,91890,0.0,0.0,0.0
2024-09-24 03:15:00+00:00,16.09000015258789,16.09000015258789,16.09000015258789,16.09000015258789,9000,0.0,0.0,0.0
2024-09-24 03:20:00+00:00,16.100000381469727,16.100000381469727,16.100000381469727,16.100000381469727,139972,0.0,0.0,0.0
2024-09-24 03:25:00+00:00,16.100000381469727,16.100000381469727,16.09000015258789,16.09000015258789,92426,0.0,0.0,0.0
2024-09-24 03:30:00+00:00,16.09000015258789,16.09000015258789,16.09000015258789,16.09000015258789,24237,0.0,0.0,0.0
2024-09-24 03:35:00+00:00,16.09000015258789,16.09000015258789,16.09000015258789,16.09000015258789,11049,0.0,0.0,0.0
2024-09-24 03:40:00+00:00,16.09000015258789,16.09000015258789,16.09000015258789,16.09000015258789,22336,0.0,0.0,0.0
2024-09-24 03:45:00+00:00,16.09000015258789,16.09000015258789,16.09000015258789,16.09000015258789,3000,0.0,0.0,0.0
2024-09-24 03:50:00+00:00,16.09000015258789,16.09000015258789,16.09000015258789,16.09000015258789,7300,0.0,0.0,0.0
2024-09-24 03:55:00+00:00,16.09000015258789,16.09000015258789,16.079999923706055,16.079999923706055,42695,0.0,0.0,0.0
2024-09-24 04:00:00+00:00,16.09000015258789,16.09000015258789,16.09000015258789,16.09000015258789,1765,0.0,0.0,0.0
2024-09-24 04:05:00+00:00,16.100000381469727,16.100000381469727,16.100000381469727,16.100000381469727,55101,0.0,0.0,0.0
2024-09-24 04:10:00+00:00,16.100000381469727,16.100000381469727,16.100000381469727,16.100000381469727,37000,0.0,0.0,0.0
2024-09-24 04:15:00+00:00,16.100000381469727,16.110000610351562,16.100000381469727,16.110000610351562,21739,0.0,0.0,0.0
2024-09-24 04:20:00+00:00,16.110000610351562,16.110000610351562,16.100000381469727,16.100000381469727,7000,0.0,0.0,0.0
2024-09-24 04:25:00+00:00,16.110000610351562,16.110000610351562,16.100000381469727,16.110000610351562,236250,0.0,0.0,0.0
2024-09-24 04:30:00+00:00,16.1200008392334,16.1299991607666,16.1200008392334,16.1200008392334,166473,0.0,0.0,0.0
2024-09-24 04:35:00+00:00,16.1200008392334,16.1299991607666,16.1200008392334,16.1299991607666,43555,0.0,0.0,0.0
2024-09-24 04:40:00+00:00,16.1200008392334,16.1299991607666,16.1200008392334,16.1200008392334,72000,0.0,0.0,0.0
2024-09-24 04:45:00+00:00,16.1200008392334,16.1200008392334,16.1200008392334,16.1200008392334,7469,0.0,0.0,0.0
2024-09-24 04:50:00+00:00,16.110000610351562,16.1200008392334,16.110000610351562,16.110000610351562,23310,0.0,0.0,0.0
2024-09-24 04:55:00+00:00,16.110000610351562,16.110000610351562,16.110000610351562,16.110000610351562,17612,0.0,0.0,0.0
2024-09-24 05:00:00+00:00,16.110000610351562,16.1200008392334,16.110000610351562,16.1200008392334,121180,0.0,0.0,0.0
2024-09-24 05:05:00+00:00,16.1200008392334,16.1299991607666,16.1200008392334,16.1299991607666,64464,0.0,0.0,0.0
2024-09-24 05:10:00+00:00,16.1299991607666,16.139999389648438,16.1299991607666,16.139999389648438,108692,0.0,0.0,0.0
2024-09-24 05:15:00+00:00,16.139999389648438,16.139999389648438,16.1299991607666,16.139999389648438,27276,0.0,0.0,0.0
2024-09-24 05:20:00+00:00,16.139999389648438,16.139999389648438,16.139999389648438,16.139999389648438,11435,0.0,0.0,0.0
2024-09-25 01:00:00+00:00,16.219999313354492,16.280000686645508,16.209999084472656,16.229999542236328,0,0.0,0.0,0.0
2024-09-25 01:05:00+00:00,16.239999771118164,16.239999771118164,16.229999542236328,16.239999771118164,100810,0.0,0.0,0.0
2024-09-25 01:10:00+00:00,16.239999771118164,16.260000228881836,16.229999542236328,16.25,168277,0.0,0.0,0.0
2024-09-25 01:15:00+00:00,16.239999771118164,16.239999771118164,16.209999084472656,16.209999084472656,146194,0.0,0.0,0.0
2024-09-25 01:20:00+00:00,16.219999313354492,16.229999542236328,16.209999084472656,16.209999084472656,162180,0.0,0.0,0.0
2024-09-25 01:25:00+00:00,16.200000762939453,16.229999542236328,16.200000762939453,16.229999542236328,48150,0.0,0.0,0.0
2024-09-25 01:30:00+00:00,16.229999542236328,16.25,16.229999542236328,16.239999771118164,62600,0.0,0.0,0.0
2024-09-25 01:35:00+00:00,16.239999771118164,16.25,16.239999771118164,16.25,65802,0.0,0.0,0.0
2024-09-25 01:40:00+00:00,16.25,16.25,16.229999542236328,16.229999542236328,234940,0.0,0.0,0.0
2024-09-25 01:45:00+00:00,16.229999542236328,16.239999771118164,16.209999084472656,16.209999084472656,87430,0.0,0.0,0.0
2024-09-25 01:50:00+00:00,16.209999084472656,16.209999084472656,16.190000534057617,16.209999084472656,106204,0.0,0.0,0.0
2024-09-25 01:55:00+00:00,16.209999084472656,16.209999084472656,16.200000762939453,16.209999084472656,41100,0.0,0.0,0.0
2024-09-25 02:00:00+00:00,16.209999084472656,16.229999542236328,16.209999084472656,16.229999542236328,25624,0.0,0.0,0.0
2024-09-25 02:05:00+00:00,16.229999542236328,16.229999542236328,16.229999542236328,16.229999542236328,50373,0.0,0.0,0.0
2024-09-25 02:10:00+00:00,16.229999542236328,16.229999542236328,16.209999084472656,16.209999084472656,184600,0.0,0.0,0.0
2024-09-25 02:15:00+00:00,16.209999084472656,16.229999542236328,16.209999084472656,16.229999542236328,83224,0.0,0.0,0.0
2024-09-25 02:20:00+00:00,16.219999313354492,16.239999771118164,16.219999313354492,16.229999542236328,42198,0.0,0.0,0.0
2024-09-25 02:25:00+00:00,16.219999313354492,16.229999542236328,16.219999313354492,16.229999542236328,26000,0.0,0.0,0.0
2024-09-25 02:30:00+00:00,16.219999313354492,16.229999542236328,16.219999313354492,16.229999542236328,19202,0.0,0.0,0.0
2024-09-25 02:35:00+00:00,16.229999542236328,16.229999542236328,16.229999542236328,16.229999542236328,20100,0.0,0.0,0.0
2024-09-25 02:40:00+00:00,16.229999542236328,16.239999771118164,16.229999542236328,16.239999771118164,94853,0.0,0.0,0.0
2024-09-25 02:45:00+00:00,16.229999542236328,16.239999771118164,16.229999542236328,16.239999771118164,27918,0.0,0.0,0.0
2024-09-25 02:50:00+00:00,16.229999542236328,16.239999771118164,16.229999542236328,16.239999771118164,53700,0.0,0.0,0.0
2024-09-25 02:55:00+00:00,16.239999771118164,16.239999771118164,16.239999771118164,16.239999771118164,15603,0.0,0.0,0.0
2024-09-25 03:00:00+00:00,16.239999771118164,16.25,16.239999771118164,16.25,166056,0.0,0.0,0.0
2024-09-25 03:05:00+00:00,16.25,16.25,16.239999771118164,16.239999771118164,96559,0.0,0.0,0.0
2024-09-25 03:10:00+00:00,16.239999771118164,16.239999771118164,16.239999771118164,16.239999771118164,20451,0.0,0.0,0.0
2024-09-25 03:15:00+00:00,16.25,16.25,16.25,16.25,3000,0.0,0.0,0.0
2024-09-25 03:20:00+00:00,16.25,16.260000228881836,16.239999771118164,16.260000228881836,354700,0.0,0.0,0.0
2024-09-25 03:25:00+00:00,16.260000228881836,16.260000228881836,16.260000228881836,16.260000228881836,25780,0.0,0.0,0.0
2024-09-25 03:30:00+00:00,16.260000228881836,16.260000228881836,16.260000228881836,16.260000228881836,39012,0.0,0.0,0.0
2024-09-25 03:35:00+00:00,16.260000228881836,16.260000228881836,16.260000228881836,16.260000228881836,29030,0.0,0.0,0.0
2024-09-25 03:40:00+00:00,16.260000228881836,16.260000228881836,16.25,16.25,7212,0.0,0.0,0.0
2024-09-25 03:45:00+00:00,16.260000228881836,16.260000228881836,16.25,16.25,13060,0.0,0.0,0.0
2024-09-25 03:50:00+00:00,16.25,16.25,16.25,16.25,14000,0.0,0.0,0.0
2024-09-25 03:55:00+00:00,16.25,16.25,16.25,16.25,8426,0.0,0.0,0.0
2024-09-25 04:00:00+00:00,16.25,16.25,16.25,16.25,30000,0.0,0.0,0.0
2024-09-25 04:05:00+00:00,16.25,16.25,16.25,16.25,5650,0.0,0.0,0.0
2024-09-25 04:10:00+00:00,16.25,16.25,16.239999771118164,16.239999771118164,19537,0.0,0.0,0.0
2024-09-25 04:15:00+00:00,16.239999771118164,16.239999771118164,16.239999771118164,16.239999771118164,11256,0.0,0.0,0.0
2024-09-25 04:20:00+00:00,16.25,16.25,16.25,16.25,88638,0.0,0.0,0.0
2024-09-25 04:25:00+00:00,16.25,16.25,16.25,16.25,19502,0.0,0.0,0.0
2024-09-25 04:30:00+00:00,16.25,16.25,16.25,16.25,7663,0.0,0.0,0.0
2024-09-25 04:35:00+00:00,16.25,16.260000228881836,16.25,16.25,13053,0.0,0.0,0.0
2024-09-25 04:40:00+00:00,16.25,16.25,16.25,16.25,28143,0.0,0.0,0.0
2024-09-25 04:45:00+00:00,16.25,16.25,16.239999771118164,16.25,254772,0.0,0.0,0.0
2024-09-25 04:50:00+00:00,16.25,16.260000228881836,16.25,16.25,23180,0.0,0.0,0.0
2024-09-25 04:55:00+00:00,16.25,16.260000228881836,16.25,16.260000228881836,39320,0.0,0.0,0.0
2024-09-25 05:00:00+00:00,16.260000228881836,16.270000457763672,16.260000228881836,16.270000457763672,129528,0.0,0.0,0.0
2024-09-25 05:05:00+00:00,16.270000457763672,16.280000686645508,16.260000228881836,16.280000686645508,167126,0.0,0.0,0.0
2024-09-25 05:10:00+00:00,16.270000457763672,16.270000457763672,16.270000457763672,16.270000457763672,6000,0.0,0.0,0.0
2024-09-26 01:00:00+00:00,16.31999969482422,16.389999389648438,16.31999969482422,16.3700008392334,0,0.0,0.0,0.0
2024-09-26 01:05:00+00:00,16.360000610351562,16.389999389648438,16.360000610351562,16.3799991607666,197000,0.0,0.0,0.0
2024-09-26 01:10:00+00:00,16.3799991607666,16.40999984741211,16.3799991607666,16.399999618530273,483751,0.0,0.0,0.0
2024-09-26 01:15:00+00:00,16.399999618530273,16.399999618530273,16.3700008392334,16.3700008392334,42702,0.0,0.0,0.0
2024-09-26 01:20:00+00:00,16.3700008392334,16.3799991607666,16.360000610351562,16.3799991607666,141930,0.0,0.0,0.0
2024-09-26 01:25:00+00:00,16.3799991607666,16.389999389648438,16.3700008392334,16.3799991607666,85713,0.0,0.0,0.0
2024-09-26 01:30:00+00:00,16.3799991607666,16.3799991607666,16.360000610351562,16.360000610351562,53590,0.0,0.0,0.0
2024-09-26 01:35:00+00:00,16.360000610351562,16.360000610351562,16.360000610351562,16.360000610351562,39173,0.0,0.0,0.0
2024-09-26 01:40:00+00:00,16.360000610351562,16.360000610351562,16.329999923706055,16.34000015258789,113555,0.0,0.0,0.0
2024-09-26 01:45:00+00:00,16.350000381469727,16.360000610351562,16.350000381469727,16.360000610351562,63551,0.0,0.0,0.0
2024-09-26 01:50:00+00:00,16.360000610351562,16.360000610351562,16.360000610351562,16.360000610351562,64054,0.0,0.0,0.0
2024-09-26 01:55:00+00:00,16.360000610351562,16.360000610351562,16.360000610351562,16.360000610351562,16100,0.0,0.0,0.0
2024-09-26 02:00:00+00:00,16.3700008392334,16.389999389648438,16.3700008392334,16.389999389648438,242305,0.0,0.0,0.0
2024-09-26 02:05:00+00:00,16.3799991607666,16.3799991607666,16.3799991607666,16.3799991607666,77000,0.0,0.0,0.0
2024-09-26 02:10:00+00:00,16.3799991607666,16.3799991607666,16.3799991607666,16.3799991607666,87290,0.0,0.0,0.0
2024-09-26 02:15:00+00:00,16.389999389648438,16.389999389648438,16.3700008392334,16.3799991607666,113210,0.0,0.0,0.0
2024-09-26 02:20:00+00:00,16.3799991607666,16.3799991607666,16.3700008392334,16.3700008392334,27914,0.0,0.0,0.0
2024-09-26 02:25:00+00:00,16.3700008392334,16.3700008392334,16.3700008392334,16.3700008392334,11100,0.0,0.0,0.0
2024-09-26 02:30:00+00:00,16.3700008392334,16.3799991607666,16.350000381469727,16.350000381469727,213100,0.0,0.0,0.0
2024-09-26 02:35:00+00:00,16.350000381469727,16.350000381469727,16.34000015258789,16.34000015258789,27601,0.0,0.0,0.0
2024-09-26 02:40:00+00:00,16.34000015258789,16.34000015258789,16.31999969482422,16.31999969482422,62100,0.0,0.0,0.0
2024-09-26 02:45:00+00:00,16.34000015258789,16.34000015258789,16.31999969482422,16.329999923706055,45779,0.0,0.0,0.0
2024-09-26 02:50:00+00:00,16.31999969482422,16.31999969482422,16.290000915527344,16.290000915527344,108301,0.0,0.0,0.0
2024-09-26 02:55:00+00:00,16.290000915527344,16.299999237060547,16.290000915527344,16.299999237060547,15500,0.0,0.0,0.0
2024-09-26 03:00:00+00:00,16.299999237060547,16.299999237060547,16.290000915527344,16.299999237060547,39179,0.0,0.0,0.0
2024-09-26 03:05:00+00:00,16.299999237060547,16.299999237060547,16.299999237060547,16.299999237060547,15205,0.0,0.0,0.0
2024-09-26 03:10:00+00:00,16.299999237060547,16.299999237060547,16.299999237060547,16.299999237060547,5000,0.0,0.0,0.0
2024-09-26 03:15:00+00:00,16.309999465942383,16.309999465942383,16.299999237060547,16.299999237060547,17350,0.0,0.0,0.0
2024-09-26 03:20:00+00:00,16.299999237060547,16.299999237060547,16.299999237060547,16.299999237060547,29370,0.0,0.0,0.0
2024-09-26 03:25:00+00:00,16.299999237060547,16.299999237060547,16.290000915527344,16.290000915527344,20816,0.0,0.0,0.0
2024-09-26 03:30:00+00:00,16.299999237060547,16.299999237060547,16.270000457763672,16.270000457763672,62525,0.0,0.0,0.0
2024-09-26 03:35:00+00:00,16.280000686645508,16.299999237060547,16.270000457763672,16.290000915527344,28000,0.0,0.0,0.0
2024-09-26 03:40:00+00:00,16.290000915527344,16.290000915527344,16.280000686645508,16.290000915527344,33653,0.0,0.0,0.0
2024-09-26 03:45:00+00:00,16.290000915527344,16.299999237060547,16.290000915527344,16.299999237060547,17000,0.0,0.0,0.0
2024-09-26 03:50:00+00:00,16.290000915527344,16.290000915527344,16.290000915527344,16.290000915527344,18225,0.0,0.0,0.0
2024-09-26 03:55:00+00:00,16.290000915527344,16.290000915527344,16.280000686645508,16.280000686645508,51315,0.0,0.0,0.0
2024-09-26 04:00:00+00:00,16.280000686645508,16.280000686645508,16.280000686645508,16.280000686645508,2120,0.0,0.0,0.0
2024-09-26 04:05:00+00:00,16.280000686645508,16.280000686645508,16.270000457763672,16.270000457763672,32380,0.0,0.0,0.0
2024-09-26 04:10:00+00:00,16.270000457763672,16.270000457763672,16.25,16.260000228881836,99358,0.0,0.0,0.0
2024-09-26 04:15:00+00:00,16.260000228881836,16.270000457763672,16.25,16.270000457763672,71981,0.0,0.0,0.0
2024-09-26 04:20:00+00:00,16.270000457763672,16.270000457763672,16.260000228881836,16.260000228881836,22572,0.0,0.0,0.0
2024-09-26 04:25:00+00:00,16.260000228881836,16.270000457763672,16.260000228881836,16.270000457763672,28962,0.0,0.0,0.0
2024-09-26 04:30:00+00:00,16.270000457763672,16.270000457763672,16.260000228881836,16.260000228881836,61726,0.0,0.0,0.0
2024-09-26 04:35:00+00:00,16.260000228881836,16.260000228881836,16.25,16.25,60150,0.0,0.0,0.0
2024-09-26 04:40:00+00:00,16.25,16.270000457763672,16.25,16.270000457763672,0,0.0,0.0,0.0
2024-09-26 04:45:00+00:00,16.260000228881836,16.260000228881836,16.25,16.260000228881836,3525136,0.0,0.0,0.0
2024-09-26 04:50:00+00:00,16.260000228881836,16.260000228881836,16.25,16.25,40756,0.0,0.0,0.0
2024-09-26 04:55:00+00:00,16.25,16.25,16.239999771118164,16.239999771118164,26544,0.0,0.0,0.0
2024-09-26 05:00:00+00:00,16.239999771118164,16.25,16.239999771118164,16.239999771118164,40253,0.0,0.0,0.0
2024-09-26 05:05:00+00:00,16.239999771118164,16.239999771118164,16.229999542236328,16.239999771118164,87587,0.0,0.0,0.0
2024-09-26 05:10:00+00:00,16.239999771118164,16.239999771118164,16.229999542236328,16.239999771118164,93279,0.0,0.0,0.0
2024-09-26 05:15:00+00:00,16.239999771118164,16.239999771118164,16.239999771118164,16.239999771118164,16286,0.0,0.0,0.0
2024-09-26 05:20:00+00:00,16.239999771118164,16.25,16.239999771118164,16.25,22651,0.0,0.0,0.0
2024-09-27 01:00:00+00:00,16.309999465942383,16.360000610351562,16.290000915527344,16.290000915527344,0,0.0,0.0,0.0
2024-09-27 01:05:00+00:00,16.309999465942383,16.329999923706055,16.309999465942383,16.329999923706055,120610,0.0,0.0,0.0
2024-09-27 01:10:00+00:00,16.31999969482422,16.31999969482422,16.290000915527344,16.299999237060547,111108,0.0,0.0,0.0
2024-09-27 01:15:00+00:00,16.309999465942383,16.31999969482422,16.309999465942383,16.31999969482422,34207,0.0,0.0,0.0
2024-09-27 01:20:00+00:00,16.31999969482422,16.31999969482422,16.309999465942383,16.309999465942383,41506,0.0,0.0,0.0
2024-09-27 01:25:00+00:00,16.309999465942383,16.31999969482422,16.299999237060547,16.299999237060547,42650,0.0,0.0,0.0
2024-09-27 01:30:00+00:00,16.299999237060547,16.309999465942383,16.299999237060547,16.309999465942383,66355,0.0,0.0,0.0
2024-09-27 01:35:00+00:00,16.31999969482422,16.31999969482422,16.309999465942383,16.309999465942383,9840,0.0,0.0,0.0
2024-09-27 01:40:00+00:00,16.31999969482422,16.31999969482422,16.31999969482422,16.31999969482422,2536,0.0,0.0,0.0
2024-09-27 01:45:00+00:00,16.31999969482422,16.31999969482422,16.31999969482422,16.31999969482422,9170,0.0,0.0,0.0
2024-09-27 01:50:00+00:00,16.31999969482422,16.31999969482422,16.31999969482422,16.31999969482422,27951,0.0,0.0,0.0
2024-09-27 01:55:00+00:00,16.31999969482422,16.31999969482422,16.309999465942383,16.309999465942383,174319,0.0,0.0,0.0
2024-09-27 02:00:00+00:00,16.309999465942383,16.309999465942383,16.299999237060547,16.299999237060547,35171,0.0,0.0,0.0
2024-09-27 02:05:00+00:00,16.299999237060547,16.299999237060547,16.299999237060547,16.299999237060547,34707,0.0,0.0,0.0
2024-09-27 02:10:00+00:00,16.309999465942383,16.31999969482422,16.309999465942383,16.31999969482422,135300,0.0,0.0,0.0
2024-09-27 02:15:00+00:00,16.31999969482422,16.31999969482422,16.309999465942383,16.309999465942383,7108,0.0,0.0,0.0
2024-09-27 02:20:00+00:00,16.309999465942383,16.309999465942383,16.299999237060547,16.299999237060547,18000,0.0,0.0,0.0
2024-09-27 02:25:00+00:00,16.299999237060547,16.299999237060547,16.290000915527344,16.290000915527344,29663,0.0,0.0,0.0
2024-09-27 02:30:00+00:00,16.290000915527344,16.290000915527344,16.270000457763672,16.270000457763672,187956,0.0,0.0,0.0
2024-09-27 02:35:00+00:00,16.280000686645508,16.299999237060547,16.270000457763672,16.280000686645508,34410,0.0,0.0,0.0
2024-09-27 02:40:00+00:00,16.290000915527344,16.290000915527344,16.280000686645508,16.280000686645508,15001,0.0,0.0,0.0
2024-09-27 02:45:00+00:00,16.290000915527344,16.31999969482422,16.290000915527344,16.31999969482422,153052,0.0,0.0,0.0
2024-09-27 02:50:00+00:00,16.309999465942383,16.309999465942383,16.309999465942383,16.309999465942383,6000,0.0,0.0,0.0
2024-09-27 02:55:00+00:00,16.299999237060547,16.309999465942383,16.299999237060547,16.309999465942383,6250,0.0,0.0,0.0
2024-09-27 03:00:00+00:00,16.299999237060547,16.299999237060547,16.299999237060547,16.299999237060547,52100,0.0,0.0,0.0
2024-09-27 03:05:00+00:00,16.299999237060547,16.299999237060547,16.299999237060547,16.299999237060547,11143,0.0,0.0,0.0
2024-09-27 03:10:00+00:00,16.309999465942383,16.309999465942383,16.309999465942383,16.309999465942383,35350,0.0,0.0,0.0
2024-09-27 03:15:00+00:00,16.309999465942383,16.309999465942383,16.309999465942383,16.309999465942383,5000,0.0,0.0,0.0
2024-09-27 03:20:00+00:00,16.309999465942383,16.309999465942383,16.309999465942383,16.309999465942383,33350,0.0,0.0,0.0
2024-09-27 03:25:00+00:00,16.309999465942383,16.309999465942383,16.309999465942383,16.309999465942383,16426,0.0,0.0,0.0
2024-09-27 03:35:00+00:00,16.299999237060547,16.299999237060547,16.290000915527344,16.290000915527344,149077,0.0,0.0,0.0
2024-09-27 03:40:00+00:00,16.299999237060547,16.309999465942383,16.299999237060547,16.299999237060547,10027,0.0,0.0,0.0
2024-09-27 03:45:00+00:00,16.299999237060547,16.299999237060547,16.299999237060547,16.299999237060547,4832,0.0,0.0,0.0
2024-09-27 03:50:00+00:00,16.290000915527344,16.299999237060547,16.290000915527344,16.290000915527344,14300,0.0,0.0,0.0
2024-09-27 03:55:00+00:00,16.290000915527344,16.309999465942383,16.290000915527344,16.309999465942383,74000,0.0,0.0,0.0
2024-09-27 04:00:00+00:00,16.309999465942383,16.309999465942383,16.299999237060547,16.309999465942383,39000,0.0,0.0,0.0
2024-09-27 04:05:00+00:00,16.309999465942383,16.329999923706055,16.309999465942383,16.31999969482422,449176,0.0,0.0,0.0
2024-09-27 04:10:00+00:00,16.329999923706055,16.34000015258789,16.329999923706055,16.34000015258789,81418,0.0,0.0,0.0
2024-09-27 04:15:00+00:00,16.329999923706055,16.350000381469727,16.329999923706055,16.350000381469727,141476,0.0,0.0,0.0
2024-09-27 04:20:00+00:00,16.350000381469727,16.350000381469727,16.34000015258789,16.350000381469727,39495,0.0,0.0,0.0
2024-09-27 04:25:00+00:00,16.350000381469727,16.350000381469727,16.34000015258789,16.34000015258789,30112,0.0,0.0,0.0
2024-09-27 04:30:00+00:00,16.34000015258789,16.34000015258789,16.34000015258789,16.34000015258789,18140,0.0,0.0,0.0
2024-09-27 04:35:00+00:00,16.34000015258789,16.34000015258789,16.34000015258789,16.34000015258789,51894,0.0,0.0,0.0
2024-09-27 04:40:00+00:00,16.34000015258789,16.360000610351562,16.329999923706055,16.360000610351562,323020,0.0,0.0,0.0
2024-09-27 04:45:00+00:00,16.360000610351562,16.3700008392334,16.350000381469727,16.360000610351562,78246,0.0,0.0,0.0
2024-09-27 04:50:00+00:00,16.360000610351562,16.360000610351562,16.360000610351562,16.360000610351562,71907,0.0,0.0,0.0
2024-09-27 04:55:00+00:00,16.360000610351562,16.360000610351562,16.360000610351562,16.360000610351562,21445,0.0,0.0,0.0
2024-09-27 05:00:00+00:00,16.360000610351562,16.3700008392334,16.360000610351562,16.3700008392334,54051,0.0,0.0,0.0
2024-09-27 05:05:00+00:00,16.350000381469727,16.360000610351562,16.31999969482422,16.31999969482422,192170,0.0,0.0,0.0
2024-09-30 01:00:00+00:00,16.350000381469727,16.350000381469727,16.31999969482422,16.34000015258789,0,0.0,0.0,0.0
2024-09-30 01:05:00+00:00,16.329999923706055,16.34000015258789,16.329999923706055,16.329999923706055,103230,0.0,0.0,0.0
2024-09-30 01:10:00+00:00,16.329999923706055,16.329999923706055,16.299999237060547,16.299999237060547,85469,0.0,0.0,0.0
2024-09-30 01:15:00+00:00,16.290000915527344,16.309999465942383,16.280000686645508,16.299999237060547,133950,0.0,0.0,0.0
2024-09-30 01:20:00+00:00,16.309999465942383,16.309999465942383,16.280000686645508,16.280000686645508,125432,0.0,0.0,0.0
2024-09-30 01:25:00+00:00,16.280000686645508,16.309999465942383,16.280000686645508,16.309999465942383,47540,0.0,0.0,0.0
2024-09-30 01:30:00+00:00,16.309999465942383,16.309999465942383,16.299999237060547,16.299999237060547,40223,0.0,0.0,0.0
2024-09-30 01:35:00+00:00,16.299999237060547,16.309999465942383,16.290000915527344,16.299999237060547,37337,0.0,0.0,0.0
2024-09-30 01:40:00+00:00,16.299999237060547,16.299999237060547,16.299999237060547,16.299999237060547,20644,0.0,0.0,0.0
2024-09-30 01:45:00+00:00,16.299999237060547,16.299999237060547,16.280000686645508,16.290000915527344,180278,0.0,0.0,0.0
2024-09-30 01:50:00+00:00,16.280000686645508,16.280000686645508,16.270000457763672,16.280000686645508,67947,0.0,0.0,0.0
2024-09-30 01:55:00+00:00,16.280000686645508,16.280000686645508,16.280000686645508,16.280000686645508,16418,0.0,0.0,0.0
2024-09-30 02:00:00+00:00,16.290000915527344,16.290000915527344,16.260000228881836,16.260000228881836,151220,0.0,0.0,0.0
2024-09-30 02:05:00+00:00,16.260000228881836,16.260000228881836,16.25,16.260000228881836,34303,0.0,0.0,0.0
2024-09-30 02:10:00+00:00,16.260000228881836,16.260000228881836,16.25,16.25,162060,0.0,0.0,0.0
2024-09-30 02:15:00+00:00,16.270000457763672,16.270000457763672,16.25,16.25,22742,0.0,0.0,0.0
2024-09-30 02:20:00+00:00,16.25,16.25,16.229999542236328,16.229999542236328,118073,0.0,0.0,0.0
2024-09-30 02:25:00+00:00,16.229999542236328,16.229999542236328,16.209999084472656,16.219999313354492,87888,0.0,0.0,0.0
2024-09-30 02:30:00+00:00,16.219999313354492,16.219999313354492,16.209999084472656,16.219999313354492,176739,0.0,0.0,0.0
2024-09-30 02:35:00+00:00,16.219999313354492,16.219999313354492,16.219999313354492,16.219999313354492,24766,0.0,0.0,0.0
2024-09-30 02:40:00+00:00,16.209999084472656,16.219999313354492,16.209999084472656,16.219999313354492,15100,0.0,0.0,0.0
2024-09-30 02:45:00+00:00,16.229999542236328,16.239999771118164,16.219999313354492,16.239999771118164,11706,0.0,0.0,0.0
2024-09-30 02:50:00+00:00,16.239999771118164,16.239999771118164,16.229999542236328,16.229999542236328,20640,0.0,0.0,0.0
2024-09-30 02:55:00+00:00,16.239999771118164,16.25,16.239999771118164,16.25,21989,0.0,0.0,0.0
2024-09-30 03:00:00+00:00,16.25,16.25,16.239999771118164,16.239999771118164,14400,0.0,0.0,0.0
2024-09-30 03:05:00+00:00,16.25,16.25,16.229999542236328,16.229999542236328,18503,0.0,0.0,0.0
2024-09-30 03:10:00+00:00,16.229999542236328,16.239999771118164,16.219999313354492,16.219999313354492,145160,0.0,0.0,0.0
2024-09-30 03:15:00+00:00,16.239999771118164,16.25,16.229999542236328,16.239999771118164,14018,0.0,0.0,0.0
2024-09-30 03:20:00+00:00,16.239999771118164,16.25,16.229999542236328,16.229999542236328,35225,0.0,0.0,0.0
2024-09-30 03:25:00+00:00,16.239999771118164,16.260000228881836,16.239999771118164,16.260000228881836,12118,0.0,0.0,0.0
2024-09-30 03:30:00+00:00,16.260000228881836,16.260000228881836,16.25,16.25,16800,0.0,0.0,0.0
2024-09-30 03:35:00+00:00,16.25,16.25,16.25,16.25,3243,0.0,0.0,0.0
2024-09-30 03:40:00+00:00,16.25,16.25,16.25,16.25,1040,0.0,0.0,0.0
2024-09-30 03:45:00+00:00,16.260000228881836,16.260000228881836,16.25,16.25,25460,0.0,0.0,0.0
2024-09-30 03:50:00+00:00,16.25,16.25,16.25,16.25,6044,0.0,0.0,0.0
2024-09-30 03:55:00+00:00,16.25,16.270000457763672,16.25,16.270000457763672,86295,0.0,0.0,0.0
2024-09-30 04:00:00+00:00,16.270000457763672,16.280000686645508,16.270000457763672,16.270000457763672,4002,0.0,0.0,0.0
2024-09-30 04:05:00+00:00,16.280000686645508,16.280000686645508,16.270000457763672,16.270000457763672,7300,0.0,0.0,0.0
2024-09-30 04:10:00+00:00,16.280000686645508,16.280000686645508,16.239999771118164,16.239999771118164,146904,0.0,0.0,0.0
2024-09-30 04:15:00+00:00,16.239999771118164,16.239999771118164,16.229999542236328,16.239999771118164,14848,0.0,0.0,0.0
2024-09-30 04:20:00+00:00,16.239999771118164,16.239999771118164,16.239999771118164,16.239999771118164,24058,0.0,0.0,0.0
2024-09-30 04:25:00+00:00,16.239999771118164,16.239999771118164,16.219999313354492,16.229999542236328,71440,0.0,0.0,0.0
2024-09-30 04:30:00+00:00,16.229999542236328,16.229999542236328,16.209999084472656,16.219999313354492,134025,0.0,0.0,0.0
2024-09-30 04:35:00+00:00,16.219999313354492,16.219999313354492,16.209999084472656,16.219999313354492,90718,0.0,0.0,0.0
2024-09-30 04:40:00+00:00,16.219999313354492,16.219999313354492,16.209999084472656,16.219999313354492,16378,0.0,0.0,0.0
2024-09-30 04:45:00+00:00,16.219999313354492,16.219999313354492,16.200000762939453,16.200000762939453,130691,0.0,0.0,0.0
2024-09-30 04:50:00+00:00,16.200000762939453,16.200000762939453,16.200000762939453,16.200000762939453,32428,0.0,0.0,0.0
2024-09-30 04:55:00+00:00,16.200000762939453,16.209999084472656,16.200000762939453,16.209999084472656,48763,0.0,0.0,0.0
2024-09-30 05:00:00+00:00,16.209999084472656,16.209999084472656,16.209999084472656,16.209999084472656,36837,0.0,0.0,0.0
2024-09-30 05:05:00+00:00,16.209999084472656,16.209999084472656,16.200000762939453,16.209999084472656,250539,0.0,0.0,0.0
2024-09-30 05:10:00+00:00,16.200000762939453,16.209999084472656,16.190000534057617,16.190000534057617,184590,0.0,0.0,0.0
2024-09-30 05:15:00+00:00,16.190000534057617,16.190000534057617,16.18000030517578,16.18000030517578,124024,0.0,0.0,0.0
2024-09-30 05:20:00+00:00,16.18000030517578,16.200000762939453,16.18000030517578,16.18000030517578,121474,0.0,0.0,0.0
2024-10-01 01:00:00+00:00,16.190000534057617,16.229999542236328,16.190000534057617,16.229999542236328,0,0.0,0.0,0.0
2024-10-01 01:05:00+00:00,16.229999542236328,16.229999542236328,16.219999313354492,16.219999313354492,27000,0.0,0.0,0.0
2024-10-01 01:10:00+00:00,16.209999084472656,16.209999084472656,16.18000030517578,16.18000030517578,129847,0.0,0.0,0.0
2024-10-01 01:15:00+00:00,16.18000030517578,16.18000030517578,16.15999984741211,16.170000076293945,188699,0.0,0.0,0.0
2024-10-01 01:20:00+00:00,16.170000076293945,16.170000076293945,16.149999618530273,16.149999618530273,81452,0.0,0.0,0.0
2024-10-01 01:25:00+00:00,16.149999618530273,16.15999984741211,16.139999389648438,16.15999984741211,181196,0.0,0.0,0.0
2024-10-01 01:30:00+00:00,16.139999389648438,16.139999389648438,16.1200008392334,16.1200008392334,114103,0.0,0.0,0.0
2024-10-01 01:35:00+00:00,16.1299991607666,16.139999389648438,16.1200008392334,16.1200008392334,40429,0.0,0.0,0.0
2024-10-01 01:40:00+00:00,16.149999618530273,16.149999618530273,16.139999389648438,16.139999389648438,14737,0.0,0.0,0.0
2024-10-01 01:45:00+00:00,16.139999389648438,16.149999618530273,16.139999389648438,16.149999618530273,14123,0.0,0.0,0.0
2024-10-01 01:50:00+00:00,16.149999618530273,16.149999618530273,16.149999618530273,16.149999618530273,23460,0.0,0.0,0.0
2024-10-01 01:55:00+00:00,16.15999984741211,16.15999984741211,16.149999618530273,16.149999618530273,34349,0.0,0.0,0.0
2024-10-01 02:00:00+00:00,16.149999618530273,16.149999618530273,16.139999389648438,16.139999389648438,80366,0.0,0.0,0.0
2024-10-01 02:05:00+00:00,16.139999389648438,16.139999389648438,16.139999389648438,16.139999389648438,8170,0.0,0.0,0.0
2024-10-01 02:10:00+00:00,16.139999389648438,16.139999389648438,16.1299991607666,16.139999389648438,10046,0.0,0.0,0.0
2024-10-01 02:15:00+00:00,16.139999389648438,16.139999389648438,16.1299991607666,16.1299991607666,9390,0.0,0.0,0.0
2024-10-01 02:20:00+00:00,16.1299991607666,16.1299991607666,16.1299991607666,16.1299991607666,105095,0.0,0.0,0.0
2024-10-01 02:25:00+00:00,16.1299991607666,16.1299991607666,16.1299991607666,16.1299991607666,5472,0.0,0.0,0.0
2024-10-01 02:30:00+00:00,16.1299991607666,16.1299991607666,16.1200008392334,16.1200008392334,10130,0.0,0.0,0.0
2024-10-01 02:35:00+00:00,16.1299991607666,16.1299991607666,16.1200008392334,16.1200008392334,113363,0.0,0.0,0.0
2024-10-01 02:40:00+00:00,16.1299991607666,16.1299991607666,16.1200008392334,16.1200008392334,13110,0.0,0.0,0.0
2024-10-01 02:45:00+00:00,16.1200008392334,16.1200008392334,16.1200008392334,16.1200008392334,12000,0.0,0.0,0.0
2024-10-01 02:50:00+00:00,16.1200008392334,16.1299991607666,16.1200008392334,16.1299991607666,4641,0.0,0.0,0.0
2024-10-01 02:55:00+00:00,16.1299991607666,16.1299991607666,16.1200008392334,16.1200008392334,14063,0.0,0.0,0.0
2024-10-01 03:00:00+00:00,16.1200008392334,16.1299991607666,16.1200008392334,16.1299991607666,2165,0.0,0.0,0.0
2024-10-01 03:05:00+00:00,16.1299991607666,16.1299991607666,16.110000610351562,16.110000610351562,143421,0.0,0.0,0.0
2024-10-01 03:10:00+00:00,16.110000610351562,16.1200008392334,16.110000610351562,16.1200008392334,8215,0.0,0.0,0.0
2024-10-01 03:15:00+00:00,16.1200008392334,16.1200008392334,16.1200008392334,16.1200008392334,13000,0.0,0.0,0.0
2024-10-01 03:20:00+00:00,16.1200008392334,16.1200008392334,16.1200008392334,16.1200008392334,7126,0.0,0.0,0.0
2024-10-01 03:25:00+00:00,16.1200008392334,16.1200008392334,16.110000610351562,16.1200008392334,12443,0.0,0.0,0.0
2024-10-01 03:30:00+00:00,16.1299991607666,16.1299991607666,16.1299991607666,16.1299991607666,14639,0.0,0.0,0.0
2024-10-01 03:35:00+00:00,16.139999389648438,16.149999618530273,16.139999389648438,16.149999618530273,7941,0.0,0.0,0.0
2024-10-01 03:40:00+00:00,16.149999618530273,16.15999984741211,16.149999618530273,16.15999984741211,11071,0.0,0.0,0.0
2024-10-01 03:50:00+00:00,16.15999984741211,16.15999984741211,16.15999984741211,16.15999984741211,10774,0.0,0.0,0.0
2024-10-01 03:55:00+00:00,16.170000076293945,16.170000076293945,16.15999984741211,16.15999984741211,108113,0.0,0.0,0.0
2024-10-01 04:00:00+00:00,16.15999984741211,16.15999984741211,16.15999984741211,16.15999984741211,107175,0.0,0.0,0.0
2024-10-01 04:05:00+00:00,16.170000076293945,16.170000076293945,16.170000076293945,16.170000076293945,14000,0.0,0.0,0.0
2024-10-01 04:10:00+00:00,16.170000076293945,16.170000076293945,16.170000076293945,16.170000076293945,8230,0.0,0.0,0.0
2024-10-01 04:15:00+00:00,16.170000076293945,16.170000076293945,16.170000076293945,16.170000076293945,61100,0.0,0.0,0.0
2024-10-01 04:20:00+00:00,16.170000076293945,16.18000030517578,16.170000076293945,16.18000030517578,11400,0.0,0.0,0.0
2024-10-01 04:25:00+00:00,16.18000030517578,16.190000534057617,16.18000030517578,16.190000534057617,23033,0.0,0.0,0.0
2024-10-01 04:30:00+00:00,16.190000534057617,16.190000534057617,16.18000030517578,16.18000030517578,22289,0.0,0.0,0.0
2024-10-01 04:35:00+00:00,16.18000030517578,16.18000030517578,16.170000076293945,16.170000076293945,75007,0.0,0.0,0.0
2024-10-01 04:40:00+00:00,16.18000030517578,16.190000534057617,16.170000076293945,16.190000534057617,14005,0.0,0.0,0.0
2024-10-01 04:45:00+00:00,16.190000534057617,16.190000534057617,16.18000030517578,16.18000030517578,23697,0.0,0.0,0.0
2024-10-01 04:50:00+00:00,16.18000030517578,16.18000030517578,16.18000030517578,16.18000030517578,73000,0.0,0.0,0.0
2024-10-01 04:55:00+00:00,16.18000030517578,16.18000030517578,16.170000076293945,16.170000076293945,13637,0.0,0.0,0.0
2024-10-01 05:00:00+00:00,16.170000076293945,16.170000076293945,16.170000076293945,16.170000076293945,3007,0.0,0.0,0.0
2024-10-01 05:05:00+00:00,16.170000076293945,16.170000076293945,16.170000076293945,16.170000076293945,11491,0.0,0.0,0.0
2024-10-01 05:10:00+00:00,16.170000076293945,16.18000030517578,16.170000076293945,16.170000076293945,27790,0.0,0.0,0.0
2024-10-01 05:15:00+00:00,16.18000030517578,16.18000030517578,16.18000030517578,16.18000030517578,15760,0.0,0.0,0.0
2024-10-01 05:20:00+00:00,16.18000030517578,16.190000534057617,16.18000030517578,16.190000534057617,34705,0.0,0.0,0.0
2024-10-04 01:00:00+00:00,16.0,16.0,15.930000305175781,15.979999542236328,0,0.0,0.0,0.0
2024-10-04 01:05:00+00:00,15.979999542236328,15.989999771118164,15.960000038146973,15.989999771118164,231000,0.0,0.0,0.0
2024-10-04 01:10:00+00:00,16.0,16.049999237060547,15.989999771118164,16.040000915527344,86907,0.0,0.0,0.0
2024-10-04 01:15:00+00:00,16.040000915527344,16.049999237060547,16.040000915527344,16.049999237060547,49133,0.0,0.0,0.0
2024-10-04 01:20:00+00:00,16.049999237060547,16.049999237060547,16.040000915527344,16.049999237060547,165008,0.0,0.0,0.0
2024-10-04 01:25:00+00:00,16.049999237060547,16.049999237060547,16.010000228881836,16.020000457763672,366099,0.0,0.0,0.0
2024-10-04 01:30:00+00:00,16.020000457763672,16.020000457763672,16.010000228881836,16.020000457763672,143367,0.0,0.0,0.0
2024-10-04 01:35:00+00:00,16.030000686645508,16.040000915527344,16.030000686645508,16.030000686645508,85549,0.0,0.0,0.0
2024-10-04 01:40:00+00:00,16.030000686645508,16.040000915527344,16.020000457763672,16.040000915527344,66520,0.0,0.0,0.0
2024-10-04 01:45:00+00:00,16.040000915527344,16.049999237060547,16.040000915527344,16.049999237060547,202331,0.0,0.0,0.0
2024-10-04 01:50:00+00:00,16.049999237060547,16.049999237060547,16.040000915527344,16.040000915527344,85341,0.0,0.0,0.0
2024-10-04 01:55:00+00:00,16.040000915527344,16.040000915527344,16.040000915527344,16.040000915527344,16250,0.0,0.0,0.0
2024-10-04 02:00:00+00:00,16.030000686645508,16.040000915527344,16.0,16.0,443737,0.0,0.0,0.0
2024-10-04 02:05:00+00:00,16.0,16.0,15.970000267028809,15.970000267028809,359150,0.0,0.0,0.0
2024-10-04 02:10:00+00:00,15.979999542236328,15.989999771118164,15.979999542236328,15.989999771118164,77340,0.0,0.0,0.0
2024-10-04 02:15:00+00:00,15.989999771118164,16.010000228881836,15.989999771118164,16.0,105049,0.0,0.0,0.0
2024-10-04 02:20:00+00:00,16.0,16.010000228881836,16.0,16.010000228881836,58025,0.0,0.0,0.0
2024-10-04 02:25:00+00:00,16.020000457763672,16.030000686645508,16.020000457763672,16.030000686645508,27911,0.0,0.0,0.0
2024-10-04 02:30:00+00:00,16.030000686645508,16.030000686645508,16.020000457763672,16.030000686645508,42873,0.0,0.0,0.0
2024-10-04 02:35:00+00:00,16.030000686645508,16.049999237060547,16.030000686645508,16.049999237060547,282700,0.0,0.0,0.0
2024-10-04 02:40:00+00:00,16.049999237060547,16.049999237060547,16.049999237060547,16.049999237060547,57844,0.0,0.0,0.0
2024-10-04 02:45:00+00:00,16.059999465942383,16.059999465942383,16.040000915527344,16.040000915527344,45360,0.0,0.0,0.0
2024-10-04 02:50:00+00:00,16.040000915527344,16.040000915527344,16.010000228881836,16.010000228881836,123948,0.0,0.0,0.0
2024-10-04 02:55:00+00:00,16.010000228881836,16.020000457763672,16.0,16.0,15241,0.0,0.0,0.0
2024-10-04 03:00:00+00:00,16.010000228881836,16.010000228881836,16.0,16.0,128851,0.0,0.0,0.0
2024-10-04 03:05:00+00:00,16.0,16.0,16.0,16.0,18298,0.0,0.0,0.0
2024-10-04 03:10:00+00:00,16.0,16.0,15.989999771118164,16.0,37082,0.0,0.0,0.0
2024-10-04 03:15:00+00:00,16.010000228881836,16.010000228881836,15.979999542236328,15.989999771118164,123868,0.0,0.0,0.0
2024-10-04 03:20:00+00:00,15.989999771118164,15.989999771118164,15.989999771118164,15.989999771118164,33953,0.0,0.0,0.0
2024-10-04 03:25:00+00:00,15.989999771118164,15.989999771118164,15.989999771118164,15.989999771118164,73100,0.0,0.0,0.0
2024-10-04 03:30:00+00:00,16.0,16.0,15.989999771118164,15.989999771118164,54600,0.0,0.0,0.0
2024-10-04 03:35:00+00:00,15.979999542236328,15.979999542236328,15.970000267028809,15.979999542236328,334475,0.0,0.0,0.0
2024-10-04 03:40:00+00:00,15.979999542236328,15.979999542236328,15.970000267028809,15.979999542236328,83363,0.0,0.0,0.0
2024-10-04 03:45:00+00:00,15.979999542236328,15.979999542236328,15.960000038146973,15.970000267028809,42224,0.0,0.0,0.0
2024-10-04 03:50:00+00:00,15.970000267028809,15.979999542236328,15.960000038146973,15.970000267028809,48166,0.0,0.0,0.0
2024-10-04 03:55:00+00:00,15.970000267028809,15.970000267028809,15.960000038146973,15.960000038146973,10635,0.0,0.0,0.0
2024-10-04 04:00:00+00:00,15.960000038146973,15.970000267028809,15.960000038146973,15.960000038146973,28200,0.0,0.0,0.0
2024-10-04 04:05:00+00:00,15.970000267028809,15.970000267028809,15.960000038146973,15.970000267028809,198257,0.0,0.0,0.0
2024-10-04 04:10:00+00:00,15.970000267028809,15.970000267028809,15.970000267028809,15.970000267028809,13314,0.0,0.0,0.0
2024-10-04 04:15:00+00:00,15.970000267028809,15.979999542236328,15.970000267028809,15.979999542236328,86527,0.0,0.0,0.0
2024-10-04 04:20:00+00:00,15.989999771118164,16.0,15.979999542236328,16.0,20290,0.0,0.0,0.0
2024-10-04 04:25:00+00:00,16.010000228881836,16.030000686645508,16.010000228881836,16.020000457763672,34738,0.0,0.0,0.0
2024-10-04 04:30:00+00:00,16.030000686645508,16.030000686645508,16.030000686645508,16.030000686645508,39356,0.0,0.0,0.0
2024-10-04 04:35:00+00:00,16.020000457763672,16.030000686645508,16.020000457763672,16.020000457763672,63050,0.0,0.0,0.0
2024-10-04 04:40:00+00:00,16.020000457763672,16.020000457763672,16.0,16.0,161295,0.0,0.0,0.0
2024-10-04 04:45:00+00:00,15.989999771118164,16.0,15.979999542236328,16.0,64510,0.0,0.0,0.0
2024-10-04 04:50:00+00:00,15.989999771118164,16.0,15.979999542236328,16.0,43247,0.0,0.0,0.0
2024-10-04 04:55:00+00:00,15.989999771118164,15.989999771118164,15.989999771118164,15.989999771118164,29100,0.0,0.0,0.0
2024-10-04 05:00:00+00:00,15.989999771118164,15.989999771118164,15.979999542236328,15.979999542236328,196881,0.0,0.0,0.0
2024-10-04 05:05:00+00:00,15.979999542236328,15.989999771118164,15.970000267028809,15.970000267028809,149744,0.0,0.0,0.0
2024-10-04 05:10:00+00:00,15.970000267028809,15.979999542236328,15.960000038146973,15.979999542236328,65922,0.0,0.0,0.0
2024-10-04 05:15:00+00:00,15.970000267028809,15.989999771118164,15.970000267028809,15.989999771118164,156381,0.0,0.0,0.0
2024-10-04 05:20:00+00:00,15.989999771118164,15.989999771118164,15.979999542236328,15.979999542236328,104322,0.0,0.0,0.0
2024-10-07 01:00:00+00:00,16.079999923706055,16.09000015258789,16.049999237060547,16.049999237060547,0,0.0,0.0,0.0
2024-10-07 01:05:00+00:00,16.06999969482422,16.09000015258789,16.059999465942383,16.059999465942383,94000,0.0,0.0,0.0
2024-10-07 01:10:00+00:00,16.059999465942383,16.079999923706055,16.059999465942383,16.06999969482422,55032,0.0,0.0,0.0
2024-10-07 01:15:00+00:00,16.079999923706055,16.079999923706055,16.059999465942383,16.079999923706055,172346,0.0,0.0,0.0
2024-10-07 01:20:00+00:00,16.079999923706055,16.079999923706055,16.06999969482422,16.079999923706055,74756,0.0,0.0,0.0
2024-10-07 01:25:00+00:00,16.079999923706055,16.09000015258789,16.059999465942383,16.059999465942383,65362,0.0,0.0,0.0
2024-10-07 01:30:00+00:00,16.079999923706055,16.1299991607666,16.079999923706055,16.1299991607666,120425,0.0,0.0,0.0
2024-10-07 01:35:00+00:00,16.1299991607666,16.1299991607666,16.110000610351562,16.110000610351562,211870,0.0,0.0,0.0
2024-10-07 01:40:00+00:00,16.110000610351562,16.110000610351562,16.09000015258789,16.09000015258789,57214,0.0,0.0,0.0
2024-10-07 01:45:00+00:00,16.09000015258789,16.09000015258789,16.059999465942383,16.059999465942383,183371,0.0,0.0,0.0
2024-10-07 01:50:00+00:00,16.059999465942383,16.059999465942383,16.040000915527344,16.040000915527344,237908,0.0,0.0,0.0
2024-10-07 01:55:00+00:00,16.040000915527344,16.049999237060547,16.040000915527344,16.049999237060547,46060,0.0,0.0,0.0
2024-10-07 02:00:00+00:00,16.059999465942383,16.059999465942383,16.059999465942383,16.059999465942383,14519,0.0,0.0,0.0
2024-10-07 02:05:00+00:00,16.059999465942383,16.059999465942383,16.049999237060547,16.059999465942383,56775,0.0,0.0,0.0
2024-10-07 02:10:00+00:00,16.049999237060547,16.049999237060547,16.030000686645508,16.030000686645508,147200,0.0,0.0,0.0
2024-10-07 02:15:00+00:00,16.040000915527344,16.049999237060547,16.040000915527344,16.040000915527344,76828,0.0,0.0,0.0
2024-10-07 02:20:00+00:00,16.040000915527344,16.040000915527344,16.020000457763672,16.020000457763672,72246,0.0,0.0,0.0
2024-10-07 02:25:00+00:00,16.020000457763672,16.020000457763672,16.010000228881836,16.020000457763672,55520,0.0,0.0,0.0
2024-10-07 02:30:00+00:00,16.020000457763672,16.030000686645508,16.020000457763672,16.020000457763672,29048,0.0,0.0,0.0
2024-10-07 02:35:00+00:00,16.030000686645508,16.030000686645508,16.020000457763672,16.020000457763672,18000,0.0,0.0,0.0
2024-10-07 02:40:00+00:00,16.020000457763672,16.030000686645508,16.020000457763672,16.030000686645508,10300,0.0,0.0,0.0
2024-10-07 02:45:00+00:00,16.030000686645508,16.030000686645508,16.020000457763672,16.020000457763672,44845,0.0,0.0,0.0
2024-10-07 02:50:00+00:00,16.030000686645508,16.030000686645508,16.030000686645508,16.030000686645508,11151,0.0,0.0,0.0
2024-10-07 02:55:00+00:00,16.030000686645508,16.049999237060547,16.030000686645508,16.049999237060547,70200,0.0,0.0,0.0
2024-10-07 03:00:00+00:00,16.049999237060547,16.049999237060547,16.049999237060547,16.049999237060547,35568,0.0,0.0,0.0
2024-10-07 03:05:00+00:00,16.059999465942383,16.059999465942383,16.049999237060547,16.049999237060547,91572,0.0,0.0,0.0
2024-10-07 03:10:00+00:00,16.049999237060547,16.049999237060547,16.040000915527344,16.040000915527344,10275,0.0,0.0,0.0
2024-10-07 03:15:00+00:00,16.049999237060547,16.059999465942383,16.049999237060547,16.049999237060547,19620,0.0,0.0,0.0
2024-10-07 03:20:00+00:00,16.040000915527344,16.040000915527344,16.040000915527344,16.040000915527344,11164,0.0,0.0,0.0
2024-10-07 03:25:00+00:00,16.040000915527344,16.049999237060547,16.040000915527344,16.040000915527344,48000,0.0,0.0,0.0
2024-10-07 03:30:00+00:00,16.049999237060547,16.049999237060547,16.030000686645508,16.049999237060547,11925,0.0,0.0,0.0
2024-10-07 03:35:00+00:00,16.030000686645508,16.030000686645508,16.030000686645508,16.030000686645508,24831,0.0,0.0,0.0
2024-10-07 03:40:00+00:00,16.030000686645508,16.030000686645508,16.030000686645508,16.030000686645508,11542,0.0,0.0,0.0
2024-10-07 03:45:00+00:00,16.030000686645508,16.030000686645508,16.030000686645508,16.030000686645508,36000,0.0,0.0,0.0
2024-10-07 03:50:00+00:00,16.030000686645508,16.040000915527344,16.030000686645508,16.040000915527344,9600,0.0,0.0,0.0
2024-10-07 03:55:00+00:00,16.030000686645508,16.030000686645508,16.030000686645508,16.030000686645508,17916,0.0,0.0,0.0
2024-10-07 04:00:00+00:00,16.030000686645508,16.030000686645508,16.030000686645508,16.030000686645508,22100,0.0,0.0,0.0
2024-10-07 04:05:00+00:00,16.030000686645508,16.040000915527344,16.030000686645508,16.040000915527344,6100,0.0,0.0,0.0
2024-10-07 04:10:00+00:00,16.040000915527344,16.040000915527344,16.040000915527344,16.040000915527344,12100,0.0,0.0,0.0
2024-10-07 04:15:00+00:00,16.040000915527344,16.049999237060547,16.040000915527344,16.049999237060547,16336,0.0,0.0,0.0
2024-10-07 04:20:00+00:00,16.059999465942383,16.06999969482422,16.059999465942383,16.06999969482422,20285,0.0,0.0,0.0
2024-10-07 04:25:00+00:00,16.06999969482422,16.06999969482422,16.059999465942383,16.06999969482422,62196,0.0,0.0,0.0
2024-10-07 04:30:00+00:00,16.079999923706055,16.09000015258789,16.06999969482422,16.09000015258789,114520,0.0,0.0,0.0
2024-10-07 04:35:00+00:00,16.09000015258789,16.09000015258789,16.09000015258789,16.09000015258789,8504,0.0,0.0,0.0
2024-10-07 04:40:00+00:00,16.09000015258789,16.100000381469727,16.09000015258789,16.100000381469727,80383,0.0,0.0,0.0
2024-10-07 04:45:00+00:00,16.100000381469727,16.100000381469727,16.09000015258789,16.09000015258789,4158,0.0,0.0,0.0
2024-10-07 04:50:00+00:00,16.09000015258789,16.09000015258789,16.06999969482422,16.06999969482422,105117,0.0,0.0,0.0
2024-10-07 04:55:00+00:00,16.06999969482422,16.06999969482422,16.059999465942383,16.059999465942383,13363,0.0,0.0,0.0
2024-10-07 05:00:00+00:00,16.06999969482422,16.06999969482422,16.06999969482422,16.06999969482422,17200,0.0,0.0,0.0
2024-10-07 05:05:00+00:00,16.06999969482422,16.06999969482422,16.059999465942383,16.06999969482422,87556,0.0,0.0,0.0
2024-10-07 05:10:00+00:00,16.06999969482422,16.06999969482422,16.06999969482422,16.06999969482422,11250,0.0,0.0,0.0
2024-10-08 01:00:00+00:00,16.079999923706055,16.079999923706055,16.010000228881836,16.010000228881836,0,0.0,0.0,0.0
2024-10-08 01:05:00+00:00,16.010000228881836,16.030000686645508,16.010000228881836,16.030000686645508,76000,0.0,0.0,0.0
2024-10-08 01:10:00+00:00,16.040000915527344,16.049999237060547,16.020000457763672,16.020000457763672,196182,0.0,0.0,0.0
2024-10-08 01:15:00+00:00,16.010000228881836,16.010000228881836,16.0,16.0,249255,0.0,0.0,0.0
2024-10-08 01:20:00+00:00,16.0,16.0,15.989999771118164,16.0,40720,0.0,0.0,0.0
2024-10-08 01:25:00+00:00,16.0,16.0,15.989999771118164,15.989999771118164,240091,0.0,0.0,0.0
2024-10-08 01:30:00+00:00,15.989999771118164,16.0,15.960000038146973,15.960000038146973,271807,0.0,0.0,0.0
2024-10-08 01:35:00+00:00,15.960000038146973,15.960000038146973,15.949999809265137,15.960000038146973,266607,0.0,0.0,0.0
2024-10-08 01:40:00+00:00,15.960000038146973,15.970000267028809,15.949999809265137,15.970000267028809,43197,0.0,0.0,0.0
2024-10-08 01:45:00+00:00,15.970000267028809,15.970000267028809,15.960000038146973,15.970000267028809,86023,0.0,0.0,0.0
2024-10-08 01:50:00+00:00,15.970000267028809,15.989999771118164,15.970000267028809,15.979999542236328,153111,0.0,0.0,0.0
2024-10-08 01:55:00+00:00,15.979999542236328,15.979999542236328,15.970000267028809,15.970000267028809,47935,0.0,0.0,0.0
2024-10-08 02:00:00+00:00,15.970000267028809,15.970000267028809,15.960000038146973,15.970000267028809,22594,0.0,0.0,0.0
2024-10-08 02:05:00+00:00,15.970000267028809,15.970000267028809,15.960000038146973,15.960000038146973,93317,0.0,0.0,0.0
2024-10-08 02:10:00+00:00,15.960000038146973,15.960000038146973,15.9399995803833,15.9399995803833,292285,0.0,0.0,0.0
2024-10-08 02:15:00+00:00,15.930000305175781,15.930000305175781,15.930000305175781,15.930000305175781,91075,0.0,0.0,0.0
2024-10-08 02:20:00+00:00,15.960000038146973,15.960000038146973,15.9399995803833,15.9399995803833,29100,0.0,0.0,0.0
2024-10-08 02:25:00+00:00,15.949999809265137,15.949999809265137,15.9399995803833,15.9399995803833,51804,0.0,0.0,0.0
2024-10-08 02:30:00+00:00,15.9399995803833,15.9399995803833,15.930000305175781,15.930000305175781,126483,0.0,0.0,0.0
2024-10-08 02:35:00+00:00,15.930000305175781,15.930000305175781,15.920000076293945,15.920000076293945,290288,0.0,0.0,0.0
2024-10-08 02:40:00+00:00,15.90999984741211,15.920000076293945,15.90999984741211,15.920000076293945,193772,0.0,0.0,0.0
2024-10-08 02:45:00+00:00,15.9399995803833,15.949999809265137,15.9399995803833,15.949999809265137,19300,0.0,0.0,0.0
2024-10-08 02:50:00+00:00,15.949999809265137,15.960000038146973,15.949999809265137,15.960000038146973,112036,0.0,0.0,0.0
2024-10-08 02:55:00+00:00,15.970000267028809,15.970000267028809,15.960000038146973,15.960000038146973,66134,0.0,0.0,0.0
2024-10-08 03:00:00+00:00,15.960000038146973,15.960000038146973,15.960000038146973,15.960000038146973,12770,0.0,0.0,0.0
2024-10-08 03:05:00+00:00,15.970000267028809,16.0,15.970000267028809,16.0,23377,0.0,0.0,0.0
2024-10-08 03:10:00+00:00,16.0,16.0,16.0,16.0,91949,0.0,0.0,0.0
2024-10-08 03:15:00+00:00,16.0,16.010000228881836,16.0,16.0,56250,0.0,0.0,0.0
2024-10-08 03:20:00+00:00,16.0,16.0,16.0,16.0,8000,0.0,0.0,0.0
2024-10-08 03:25:00+00:00,16.0,16.0,16.0,16.0,32018,0.0,0.0,0.0
2024-10-08 03:30:00+00:00,16.0,16.010000228881836,16.0,16.010000228881836,41236,0.0,0.0,0.0
2024-10-08 03:35:00+00:00,16.010000228881836,16.010000228881836,16.0,16.0,34124,0.0,0.0,0.0
2024-10-08 03:40:00+00:00,16.0,16.0,16.0,16.0,22605,0.0,0.0,0.0
2024-10-08 03:50:00+00:00,16.0,16.0,16.0,16.0,27857,0.0,0.0,0.0
2024-10-08 03:55:00+00:00,16.0,16.0,16.0,16.0,3150,0.0,0.0,0.0
2024-10-08 04:00:00+00:00,16.0,16.0,16.0,16.0,11000,0.0,0.0,0.0
2024-10-08 04:05:00+00:00,16.0,16.0,16.0,16.0,6547,0.0,0.0,0.0
2024-10-08 04:10:00+00:00,15.989999771118164,15.989999771118164,15.989999771118164,15.989999771118164,48190,0.0,0.0,0.0
2024-10-08 04:15:00+00:00,15.989999771118164,15.989999771118164,15.979999542236328,15.979999542236328,28140,0.0,0.0,0.0
2024-10-08 04:20:00+00:00,15.989999771118164,15.989999771118164,15.989999771118164,15.989999771118164,33761,0.0,0.0,0.0
2024-10-08 04:25:00+00:00,15.989999771118164,15.989999771118164,15.989999771118164,15.989999771118164,7130,0.0,0.0,0.0
2024-10-08 04:30:00+00:00,15.989999771118164,15.989999771118164,15.979999542236328,15.989999771118164,10050,0.0,0.0,0.0
2024-10-08 04:35:00+00:00,15.989999771118164,15.989999771118164,15.979999542236328,15.979999542236328,157058,0.0,0.0,0.0
2024-10-08 04:40:00+00:00,15.979999542236328,15.979999542236328,15.979999542236328,15.979999542236328,20223,0.0,0.0,0.0
2024-10-08 04:45:00+00:00,15.970000267028809,15.989999771118164,15.970000267028809,15.989999771118164,114918,0.0,0.0,0.0
2024-10-08 04:50:00+00:00,15.989999771118164,15.989999771118164,15.989999771118164,15.989999771118164,46782,0.0,0.0,0.0
2024-10-08 04:55:00+00:00,15.989999771118164,16.0,15.989999771118164,16.0,108332,0.0,0.0,0.0
2024-10-08 05:00:00+00:00,16.010000228881836,16.020000457763672,16.0,16.020000457763672,12035,0.0,0.0,0.0
2024-10-08 05:05:00+00:00,16.010000228881836,16.010000228881836,16.0,16.0,75688,0.0,0.0,0.0
2024-10-08 05:10:00+00:00,16.0,16.010000228881836,16.0,16.010000228881836,20100,0.0,0.0,0.0
2024-10-09 01:00:00+00:00,16.049999237060547,16.049999237060547,16.0,16.010000228881836,0,0.0,0.0,0.0
2024-10-09 01:05:00+00:00,16.010000228881836,16.010000228881836,15.989999771118164,16.0,175141,0.0,0.0,0.0
2024-10-09 01:10:00+00:00,16.0,16.0,15.989999771118164,15.989999771118164,107558,0.0,0.0,0.0
2024-10-09 01:15:00+00:00,15.989999771118164,16.0,15.989999771118164,16.0,90075,0.0,0.0,0.0
2024-10-09 01:20:00+00:00,16.0,16.0,16.0,16.0,51043,0.0,0.0,0.0
2024-10-09 01:25:00+00:00,16.0,16.0,15.989999771118164,15.989999771118164,191444,0.0,0.0,0.0
2024-10-09 01:30:00+00:00,15.989999771118164,15.989999771118164,15.979999542236328,15.979999542236328,122857,0.0,0.0,0.0
2024-10-09 01:35:00+00:00,15.979999542236328,15.979999542236328,15.979999542236328,15.979999542236328,103255,0.0,0.0,0.0
2024-10-09 01:40:00+00:00,15.979999542236328,15.979999542236328,15.979999542236328,15.979999542236328,53576,0.0,0.0,0.0
2024-10-09 01:45:00+00:00,15.989999771118164,15.989999771118164,15.970000267028809,15.970000267028809,85680,0.0,0.0,0.0
2024-10-09 01:50:00+00:00,15.979999542236328,15.979999542236328,15.970000267028809,15.970000267028809,36600,0.0,0.0,0.0
2024-10-09 01:55:00+00:00,15.979999542236328,15.979999542236328,15.979999542236328,15.979999542236328,4347,0.0,0.0,0.0
2024-10-09 02:00:00+00:00,16.0,16.0,15.960000038146973,15.970000267028809,353099,0.0,0.0,0.0
2024-10-09 02:05:00+00:00,15.960000038146973,15.960000038146973,15.9399995803833,15.949999809265137,312109,0.0,0.0,0.0
2024-10-09 02:10:00+00:00,15.949999809265137,15.949999809265137,15.930000305175781,15.9399995803833,162506,0.0,0.0,0.0
2024-10-09 02:15:00+00:00,15.9399995803833,15.9399995803833,15.930000305175781,15.9399995803833,77360,0.0,0.0,0.0
2024-10-09 02:20:00+00:00,15.9399995803833,15.9399995803833,15.930000305175781,15.930000305175781,99934,0.0,0.0,0.0
2024-10-09 02:25:00+00:00,15.930000305175781,15.9399995803833,15.930000305175781,15.9399995803833,143035,0.0,0.0,0.0
2024-10-09 02:30:00+00:00,15.949999809265137,15.949999809265137,15.9399995803833,15.9399995803833,52558,0.0,0.0,0.0
2024-10-09 02:35:00+00:00,15.9399995803833,15.949999809265137,15.9399995803833,15.9399995803833,13047,0.0,0.0,0.0
2024-10-09 02:40:00+00:00,15.9399995803833,15.949999809265137,15.9399995803833,15.949999809265137,22000,0.0,0.0,0.0
2024-10-09 02:45:00+00:00,15.949999809265137,15.949999809265137,15.949999809265137,15.949999809265137,40120,0.0,0.0,0.0
2024-10-09 02:50:00+00:00,15.949999809265137,15.949999809265137,15.9399995803833,15.9399995803833,78510,0.0,0.0,0.0
2024-10-09 02:55:00+00:00,15.9399995803833,15.9399995803833,15.9399995803833,15.9399995803833,52000,0.0,0.0,0.0
2024-10-09 03:00:00+00:00,15.9399995803833,15.9399995803833,15.930000305175781,15.930000305175781,151428,0.0,0.0,0.0
2024-10-09 03:05:00+00:00,15.9399995803833,15.9399995803833,15.9399995803833,15.9399995803833,1100,0.0,0.0,0.0
2024-10-09 03:10:00+00:00,15.9399995803833,15.9399995803833,15.9399995803833,15.9399995803833,7800,0.0,0.0,0.0
2024-10-09 03:15:00+00:00,15.9399995803833,15.9399995803833,15.930000305175781,15.930000305175781,14145,0.0,0.0,0.0
2024-10-09 03:20:00+00:00,15.930000305175781,15.9399995803833,15.930000305175781,15.9399995803833,126819,0.0,0.0,0.0
2024-10-09 03:25:00+00:00,15.9399995803833,15.9399995803833,15.9399995803833,15.9399995803833,2278,0.0,0.0,0.0
2024-10-09 03:30:00+00:00,15.9399995803833,15.9399995803833,15.9399995803833,15.9399995803833,36230,0.0,0.0,0.0
2024-10-09 03:35:00+00:00,15.9399995803833,15.9399995803833,15.930000305175781,15.930000305175781,108114,0.0,0.0,0.0
2024-10-09 03:40:00+00:00,15.930000305175781,15.930000305175781,15.920000076293945,15.920000076293945,174213,0.0,0.0,0.0
2024-10-09 03:45:00+00:00,15.930000305175781,15.930000305175781,15.920000076293945,15.930000305175781,48003,0.0,0.0,0.0
2024-10-09 03:50:00+00:00,15.930000305175781,15.930000305175781,15.930000305175781,15.930000305175781,9085,0.0,0.0,0.0
2024-10-09 03:55:00+00:00,15.930000305175781,15.930000305175781,15.930000305175781,15.930000305175781,44180,0.0,0.0,0.0
2024-10-09 04:00:00+00:00,15.930000305175781,15.930000305175781,15.90999984741211,15.90999984741211,99045,0.0,0.0,0.0
2024-10-09 04:05:00+00:00,15.930000305175781,15.930000305175781,15.930000305175781,15.930000305175781,12700,0.0,0.0,0.0
2024-10-09 04:10:00+00:00,15.930000305175781,15.9399995803833,15.930000305175781,15.930000305175781,119130,0.0,0.0,0.0
2024-10-09 04:15:00+00:00,15.930000305175781,15.930000305175781,15.930000305175781,15.930000305175781,41190,0.0,0.0,0.0
2024-10-09 04:20:00+00:00,15.930000305175781,15.930000305175781,15.930000305175781,15.930000305175781,60353,0.0,0.0,0.0
2024-10-09 04:25:00+00:00,15.930000305175781,15.930000305175781,15.930000305175781,15.930000305175781,12302,0.0,0.0,0.0
2024-10-09 04:30:00+00:00,15.930000305175781,15.930000305175781,15.930000305175781,15.930000305175781,69621,0.0,0.0,0.0
2024-10-09 04:35:00+00:00,15.930000305175781,15.930000305175781,15.920000076293945,15.930000305175781,28829,0.0,0.0,0.0
2024-10-09 04:40:00+00:00,15.920000076293945,15.920000076293945,15.920000076293945,15.920000076293945,225720,0.0,0.0,0.0
2024-10-09 04:45:00+00:00,15.920000076293945,15.920000076293945,15.90999984741211,15.920000076293945,50299,0.0,0.0,0.0
2024-10-09 04:50:00+00:00,15.920000076293945,15.920000076293945,15.90999984741211,15.920000076293945,131250,0.0,0.0,0.0
2024-10-09 04:55:00+00:00,15.920000076293945,15.920000076293945,15.90999984741211,15.920000076293945,87155,0.0,0.0,0.0
2024-10-09 05:00:00+00:00,15.920000076293945,15.9399995803833,15.920000076293945,15.930000305175781,177938,0.0,0.0,0.0
2024-10-09 05:05:00+00:00,15.930000305175781,15.9399995803833,15.930000305175781,15.930000305175781,46510,0.0,0.0,0.0
2024-10-11 01:00:00+00:00,15.970000267028809,16.0,15.949999809265137,15.989999771118164,0,0.0,0.0,0.0
2024-10-11 01:05:00+00:00,16.0,16.010000228881836,16.0,16.0,152687,0.0,0.0,0.0
2024-10-11 01:10:00+00:00,16.010000228881836,16.010000228881836,16.0,16.0,79246,0.0,0.0,0.0
2024-10-11 01:15:00+00:00,16.0,16.0,16.0,16.0,43349,0.0,0.0,0.0
2024-10-11 01:20:00+00:00,16.0,16.0,16.0,16.0,40010,0.0,0.0,0.0
2024-10-11 01:25:00+00:00,16.0,16.0,16.0,16.0,21000,0.0,0.0,0.0
2024-10-11 01:30:00+00:00,16.0,16.0,15.989999771118164,15.989999771118164,73876,0.0,0.0,0.0
2024-10-11 01:35:00+00:00,15.989999771118164,16.0,15.989999771118164,16.0,13124,0.0,0.0,0.0
2024-10-11 01:40:00+00:00,16.0,16.0,15.989999771118164,15.989999771118164,18165,0.0,0.0,0.0
2024-10-11 01:45:00+00:00,16.0,16.020000457763672,16.0,16.020000457763672,136514,0.0,0.0,0.0
2024-10-11 01:50:00+00:00,16.020000457763672,16.020000457763672,16.020000457763672,16.020000457763672,11050,0.0,0.0,0.0
2024-10-11 01:55:00+00:00,16.010000228881836,16.020000457763672,16.010000228881836,16.020000457763672,111100,0.0,0.0,0.0
2024-10-11 02:00:00+00:00,16.020000457763672,16.020000457763672,16.020000457763672,16.020000457763672,6586,0.0,0.0,0.0
2024-10-11 02:05:00+00:00,16.020000457763672,16.020000457763672,16.020000457763672,16.020000457763672,19423,0.0,0.0,0.0
2024-10-11 02:10:00+00:00,16.020000457763672,16.020000457763672,16.020000457763672,16.020000457763672,103212,0.0,0.0,0.0
2024-10-11 02:15:00+00:00,16.010000228881836,16.020000457763672,16.010000228881836,16.020000457763672,13804,0.0,0.0,0.0
2024-10-11 02:20:00+00:00,16.020000457763672,16.020000457763672,16.010000228881836,16.010000228881836,15252,0.0,0.0,0.0
2024-10-11 02:25:00+00:00,16.020000457763672,16.020000457763672,16.010000228881836,16.020000457763672,19200,0.0,0.0,0.0
2024-10-11 02:30:00+00:00,16.020000457763672,16.020000457763672,16.010000228881836,16.010000228881836,142527,0.0,0.0,0.0
2024-10-11 02:35:00+00:00,16.010000228881836,16.020000457763672,16.0,16.020000457763672,11120,0.0,0.0,0.0
2024-10-11 02:40:00+00:00,16.0,16.0,16.0,16.0,21666,0.0,0.0,0.0
2024-10-11 02:45:00+00:00,16.010000228881836,16.010000228881836,16.010000228881836,16.010000228881836,21250,0.0,0.0,0.0
2024-10-11 02:50:00+00:00,16.010000228881836,16.010000228881836,16.010000228881836,16.010000228881836,21251,0.0,0.0,0.0
2024-10-11 02:55:00+00:00,16.010000228881836,16.010000228881836,16.0,16.010000228881836,14500,0.0,0.0,0.0
2024-10-11 03:00:00+00:00,16.010000228881836,16.010000228881836,16.0,16.0,75206,0.0,0.0,0.0
2024-10-11 03:05:00+00:00,16.0,16.0,15.989999771118164,15.989999771118164,89969,0.0,0.0,0.0
2024-10-11 03:10:00+00:00,16.0,16.0,15.989999771118164,16.0,10375,0.0,0.0,0.0
2024-10-11 03:15:00+00:00,16.0,16.0,15.979999542236328,15.979999542236328,141986,0.0,0.0,0.0
2024-10-11 03:20:00+00:00,15.979999542236328,15.979999542236328,15.970000267028809,15.970000267028809,17180,0.0,0.0,0.0
2024-10-11 03:25:00+00:00,15.979999542236328,15.979999542236328,15.979999542236328,15.979999542236328,81000,0.0,0.0,0.0
2024-10-11 03:30:00+00:00,15.979999542236328,15.979999542236328,15.979999542236328,15.979999542236328,30260,0.0,0.0,0.0
2024-10-11 03:35:00+00:00,15.979999542236328,15.979999542236328,15.979999542236328,15.979999542236328,7000,0.0,0.0,0.0
2024-10-11 03:40:00+00:00,15.979999542236328,15.979999542236328,15.979999542236328,15.979999542236328,17263,0.0,0.0,0.0
2024-10-11 03:45:00+00:00,15.970000267028809,15.979999542236328,15.970000267028809,15.979999542236328,56600,0.0,0.0,0.0
2024-10-11 03:50:00+00:00,15.979999542236328,15.979999542236328,15.970000267028809,15.970000267028809,203314,0.0,0.0,0.0
2024-10-11 03:55:00+00:00,15.970000267028809,15.970000267028809,15.960000038146973,15.960000038146973,45745,0.0,0.0,0.0
2024-10-11 04:00:00+00:00,15.970000267028809,15.970000267028809,15.960000038146973,15.960000038146973,42502,0.0,0.0,0.0
2024-10-11 04:05:00+00:00,15.960000038146973,15.960000038146973,15.949999809265137,15.960000038146973,50675,0.0,0.0,0.0
2024-10-11 04:10:00+00:00,15.960000038146973,15.960000038146973,15.960000038146973,15.960000038146973,8598,0.0,0.0,0.0
2024-10-11 04:15:00+00:00,15.960000038146973,15.970000267028809,15.960000038146973,15.960000038146973,24051,0.0,0.0,0.0
2024-10-11 04:20:00+00:00,15.960000038146973,15.960000038146973,15.949999809265137,15.949999809265137,136394,0.0,0.0,0.0
2024-10-11 04:25:00+00:00,15.9399995803833,15.949999809265137,15.9399995803833,15.9399995803833,135467,0.0,0.0,0.0
2024-10-11 04:30:00+00:00,15.9399995803833,15.9399995803833,15.930000305175781,15.930000305175781,21605,0.0,0.0,0.0
2024-10-11 04:35:00+00:00,15.9399995803833,15.9399995803833,15.9399995803833,15.9399995803833,11400,0.0,0.0,0.0
2024-10-11 04:40:00+00:00,15.9399995803833,15.9399995803833,15.9399995803833,15.9399995803833,43235,0.0,0.0,0.0
2024-10-11 04:45:00+00:00,15.9399995803833,15.9399995803833,15.930000305175781,15.930000305175781,111312,0.0,0.0,0.0
2024-10-11 04:50:00+00:00,15.9399995803833,15.9399995803833,15.90999984741211,15.90999984741211,493230,0.0,0.0,0.0
2024-10-11 04:55:00+00:00,15.920000076293945,15.930000305175781,15.920000076293945,15.920000076293945,47867,0.0,0.0,0.0
2024-10-11 05:00:00+00:00,15.920000076293945,15.920000076293945,15.90999984741211,15.90999984741211,285650,0.0,0.0,0.0
2024-10-11 05:05:00+00:00,15.920000076293945,15.920000076293945,15.90999984741211,15.920000076293945,375190,0.0,0.0,0.0
2024-10-11 05:10:00+00:00,15.920000076293945,15.920000076293945,15.90999984741211,15.90999984741211,74394,0.0,0.0,0.0
2024-10-11 05:15:00+00:00,15.920000076293945,15.920000076293945,15.90999984741211,15.920000076293945,170119,0.0,0.0,0.0
2024-10-11 05:20:00+00:00,15.920000076293945,15.920000076293945,15.899999618530273,15.899999618530273,650732,0.0,0.0,0.0
2024-10-14 01:00:00+00:00,15.970000267028809,15.970000267028809,15.930000305175781,15.930000305175781,0,0.0,0.0,0.0
2024-10-14 01:05:00+00:00,15.930000305175781,15.930000305175781,15.90999984741211,15.920000076293945,83021,0.0,0.0,0.0
2024-10-14 01:10:00+00:00,15.930000305175781,15.930000305175781,15.90999984741211,15.930000305175781,40468,0.0,0.0,0.0
2024-10-14 01:15:00+00:00,15.920000076293945,15.920000076293945,15.90999984741211,15.90999984741211,209477,0.0,0.0,0.0
2024-10-14 01:20:00+00:00,15.90999984741211,15.90999984741211,15.899999618530273,15.899999618530273,235173,0.0,0.0,0.0
2024-10-14 01:25:00+00:00,15.899999618530273,15.899999618530273,15.890000343322754,15.899999618530273,39267,0.0,0.0,0.0
2024-10-14 01:30:00+00:00,15.899999618530273,15.899999618530273,15.890000343322754,15.890000343322754,178357,0.0,0.0,0.0
2024-10-14 01:35:00+00:00,15.890000343322754,15.90999984741211,15.880000114440918,15.90999984741211,120115,0.0,0.0,0.0
2024-10-14 01:40:00+00:00,15.90999984741211,15.90999984741211,15.899999618530273,15.899999618530273,32210,0.0,0.0,0.0
2024-10-14 01:45:00+00:00,15.90999984741211,15.90999984741211,15.890000343322754,15.890000343322754,158038,0.0,0.0,0.0
2024-10-14 01:50:00+00:00,15.890000343322754,15.899999618530273,15.880000114440918,15.899999618530273,69149,0.0,0.0,0.0
2024-10-14 01:55:00+00:00,15.899999618530273,15.899999618530273,15.899999618530273,15.899999618530273,18000,0.0,0.0,0.0
2024-10-14 02:00:00+00:00,15.899999618530273,15.899999618530273,15.890000343322754,15.890000343322754,165466,0.0,0.0,0.0
2024-10-14 02:05:00+00:00,15.890000343322754,15.899999618530273,15.890000343322754,15.899999618530273,69257,0.0,0.0,0.0
2024-10-14 02:10:00+00:00,15.899999618530273,15.90999984741211,15.899999618530273,15.90999984741211,17376,0.0,0.0,0.0
2024-10-14 02:15:00+00:00,15.90999984741211,15.90999984741211,15.899999618530273,15.899999618530273,46204,0.0,0.0,0.0
2024-10-14 02:20:00+00:00,15.899999618530273,15.899999618530273,15.880000114440918,15.890000343322754,119650,0.0,0.0,0.0
2024-10-14 02:25:00+00:00,15.890000343322754,15.899999618530273,15.890000343322754,15.899999618530273,18000,0.0,0.0,0.0
2024-10-14 02:30:00+00:00,15.899999618530273,15.899999618530273,15.899999618530273,15.899999618530273,29102,0.0,0.0,0.0
2024-10-14 02:35:00+00:00,15.899999618530273,15.899999618530273,15.899999618530273,15.899999618530273,5905,0.0,0.0,0.0
2024-10-14 02:40:00+00:00,15.899999618530273,15.899999618530273,15.890000343322754,15.899999618530273,49291,0.0,0.0,0.0
2024-10-14 02:45:00+00:00,15.899999618530273,15.90999984741211,15.899999618530273,15.899999618530273,170500,0.0,0.0,0.0
2024-10-14 02:50:00+00:00,15.899999618530273,15.899999618530273,15.899999618530273,15.899999618530273,9500,0.0,0.0,0.0
2024-10-14 02:55:00+00:00,15.899999618530273,15.899999618530273,15.899999618530273,15.899999618530273,33936,0.0,0.0,0.0
2024-10-14 03:00:00+00:00,15.899999618530273,15.90999984741211,15.899999618530273,15.899999618530273,52401,0.0,0.0,0.0
2024-10-14 03:05:00+00:00,15.899999618530273,15.899999618530273,15.899999618530273,15.899999618530273,1820,0.0,0.0,0.0
2024-10-14 03:10:00+00:00,15.90999984741211,15.90999984741211,15.90999984741211,15.90999984741211,4000,0.0,0.0,0.0
2024-10-14 03:15:00+00:00,15.90999984741211,15.90999984741211,15.90999984741211,15.90999984741211,6234,0.0,0.0,0.0
2024-10-14 03:20:00+00:00,15.90999984741211,15.920000076293945,15.90999984741211,15.920000076293945,153415,0.0,0.0,0.0
2024-10-14 03:25:00+00:00,15.920000076293945,15.920000076293945,15.920000076293945,15.920000076293945,14060,0.0,0.0,0.0
2024-10-14 03:30:00+00:00,15.90999984741211,15.90999984741211,15.90999984741211,15.90999984741211,46691,0.0,0.0,0.0
2024-10-14 03:35:00+00:00,15.899999618530273,15.920000076293945,15.899999618530273,15.920000076293945,34328,0.0,0.0,0.0
2024-10-14 03:40:00+00:00,15.920000076293945,15.920000076293945,15.920000076293945,15.920000076293945,6900,0.0,0.0,0.0
2024-10-14 03:45:00+00:00,15.920000076293945,15.920000076293945,15.90999984741211,15.920000076293945,191616,0.0,0.0,0.0
2024-10-14 03:50:00+00:00,15.920000076293945,15.920000076293945,15.920000076293945,15.920000076293945,2480,0.0,0.0,0.0
2024-10-14 03:55:00+00:00,15.920000076293945,15.930000305175781,15.920000076293945,15.930000305175781,2340,0.0,0.0,0.0
2024-10-14 04:00:00+00:00,15.930000305175781,15.930000305175781,15.920000076293945,15.920000076293945,34500,0.0,0.0,0.0
2024-10-14 04:05:00+00:00,15.920000076293945,15.920000076293945,15.920000076293945,15.920000076293945,6460,0.0,0.0,0.0
2024-10-14 04:10:00+00:00,15.920000076293945,15.920000076293945,15.920000076293945,15.920000076293945,3450,0.0,0.0,0.0
2024-10-14 04:15:00+00:00,15.930000305175781,15.930000305175781,15.920000076293945,15.920000076293945,39050,0.0,0.0,0.0
2024-10-14 04:20:00+00:00,15.920000076293945,15.920000076293945,15.920000076293945,15.920000076293945,4500,0.0,0.0,0.0
2024-10-14 04:25:00+00:00,15.920000076293945,15.930000305175781,15.920000076293945,15.930000305175781,26070,0.0,0.0,0.0
2024-10-14 04:30:00+00:00,15.930000305175781,15.930000305175781,15.90999984741211,15.90999984741211,13572,0.0,0.0,0.0
2024-10-14 04:35:00+00:00,15.90999984741211,15.920000076293945,15.90999984741211,15.90999984741211,28007,0.0,0.0,0.0
2024-10-14 04:40:00+00:00,15.90999984741211,15.90999984741211,15.90999984741211,15.90999984741211,171730,0.0,0.0,0.0
2024-10-14 04:45:00+00:00,15.90999984741211,15.90999984741211,15.899999618530273,15.90999984741211,90201,0.0,0.0,0.0
2024-10-14 04:50:00+00:00,15.90999984741211,15.90999984741211,15.90999984741211,15.90999984741211,98189,0.0,0.0,0.0
2024-10-14 04:55:00+00:00,15.899999618530273,15.920000076293945,15.899999618530273,15.90999984741211,152490,0.0,0.0,0.0
2024-10-14 05:00:00+00:00,15.90999984741211,15.90999984741211,15.899999618530273,15.899999618530273,439400,0.0,0.0,0.0
2024-10-14 05:05:00+00:00,15.899999618530273,15.899999618530273,15.899999618530273,15.899999618530273,364418,0.0,0.0,0.0
2024-10-14 05:10:00+00:00,15.899999618530273,15.899999618530273,15.899999618530273,15.899999618530273,117062,0.0,0.0,0.0
2024-10-15 01:00:00+00:00,15.9399995803833,16.030000686645508,15.9399995803833,15.960000038146973,0,0.0,0.0,0.0
2024-10-15 01:05:00+00:00,15.960000038146973,15.979999542236328,15.960000038146973,15.970000267028809,257000,0.0,0.0,0.0
2024-10-15 01:10:00+00:00,15.960000038146973,15.970000267028809,15.949999809265137,15.970000267028809,85847,0.0,0.0,0.0
2024-10-15 01:15:00+00:00,15.970000267028809,15.970000267028809,15.960000038146973,15.970000267028809,33790,0.0,0.0,0.0
2024-10-15 01:20:00+00:00,15.970000267028809,15.979999542236328,15.970000267028809,15.979999542236328,40290,0.0,0.0,0.0
2024-10-15 01:25:00+00:00,15.979999542236328,15.979999542236328,15.970000267028809,15.970000267028809,84443,0.0,0.0,0.0
2024-10-15 01:30:00+00:00,15.970000267028809,15.989999771118164,15.970000267028809,15.989999771118164,134243,0.0,0.0,0.0
2024-10-15 01:35:00+00:00,15.989999771118164,15.989999771118164,15.989999771118164,15.989999771118164,21622,0.0,0.0,0.0
2024-10-15 01:40:00+00:00,16.0,16.0,15.989999771118164,16.0,32762,0.0,0.0,0.0
2024-10-15 01:45:00+00:00,16.0,16.010000228881836,16.0,16.0,281258,0.0,0.0,0.0
2024-10-15 01:50:00+00:00,16.010000228881836,16.010000228881836,16.0,16.0,104416,0.0,0.0,0.0
2024-10-15 01:55:00+00:00,16.0,16.0,15.989999771118164,16.0,108702,0.0,0.0,0.0
2024-10-15 02:00:00+00:00,16.0,16.0,16.0,16.0,11400,0.0,0.0,0.0
2024-10-15 02:05:00+00:00,16.0,16.0,15.989999771118164,15.989999771118164,72100,0.0,0.0,0.0
2024-10-15 02:10:00+00:00,15.989999771118164,15.989999771118164,15.989999771118164,15.989999771118164,0,0.0,0.0,0.0
2024-10-15 02:15:00+00:00,15.989999771118164,16.0,15.989999771118164,16.0,1828010,0.0,0.0,0.0
2024-10-15 02:20:00+00:00,16.0,16.0,15.989999771118164,16.0,45063,0.0,0.0,0.0
2024-10-15 02:25:00+00:00,16.0,16.0,16.0,16.0,6020,0.0,0.0,0.0
2024-10-15 02:30:00+00:00,16.0,16.0,16.0,16.0,148452,0.0,0.0,0.0
2024-10-15 02:35:00+00:00,16.0,16.0,16.0,16.0,62550,0.0,0.0,0.0
2024-10-15 02:40:00+00:00,16.0,16.0,15.989999771118164,16.0,8901,0.0,0.0,0.0
2024-10-15 02:45:00+00:00,16.0,16.0,16.0,16.0,36473,0.0,0.0,0.0
2024-10-15 02:50:00+00:00,16.010000228881836,16.010000228881836,16.0,16.010000228881836,17790,0.0,0.0,0.0
2024-10-15 02:55:00+00:00,16.010000228881836,16.020000457763672,16.010000228881836,16.020000457763672,96141,0.0,0.0,0.0
2024-10-15 03:00:00+00:00,16.020000457763672,16.030000686645508,16.020000457763672,16.020000457763672,167141,0.0,0.0,0.0
2024-10-15 03:05:00+00:00,16.020000457763672,16.020000457763672,16.010000228881836,16.010000228881836,22310,0.0,0.0,0.0
2024-10-15 03:10:00+00:00,16.010000228881836,16.010000228881836,16.010000228881836,16.010000228881836,6912,0.0,0.0,0.0
2024-10-15 03:15:00+00:00,16.010000228881836,16.020000457763672,16.010000228881836,16.010000228881836,27525,0.0,0.0,0.0
2024-10-15 03:20:00+00:00,16.010000228881836,16.010000228881836,16.010000228881836,16.010000228881836,1050,0.0,0.0,0.0
2024-10-15 03:25:00+00:00,16.010000228881836,16.010000228881836,16.010000228881836,16.010000228881836,13100,0.0,0.0,0.0
2024-10-15 03:30:00+00:00,16.010000228881836,16.010000228881836,16.0,16.0,17201,0.0,0.0,0.0
2024-10-15 03:35:00+00:00,16.0,16.010000228881836,16.0,16.010000228881836,25200,0.0,0.0,0.0
2024-10-15 03:40:00+00:00,16.010000228881836,16.010000228881836,16.010000228881836,16.010000228881836,24300,0.0,0.0,0.0
2024-10-15 03:45:00+00:00,16.010000228881836,16.010000228881836,16.010000228881836,16.010000228881836,2322,0.0,0.0,0.0
2024-10-15 03:50:00+00:00,16.010000228881836,16.010000228881836,16.010000228881836,16.010000228881836,30038,0.0,0.0,0.0
2024-10-15 03:55:00+00:00,16.020000457763672,16.020000457763672,16.010000228881836,16.010000228881836,20368,0.0,0.0,0.0
2024-10-15 04:00:00+00:00,16.020000457763672,16.020000457763672,16.020000457763672,16.020000457763672,3097,0.0,0.0,0.0
2024-10-15 04:05:00+00:00,16.020000457763672,16.020000457763672,16.010000228881836,16.020000457763672,10200,0.0,0.0,0.0
2024-10-15 04:10:00+00:00,16.020000457763672,16.020000457763672,16.010000228881836,16.010000228881836,17525,0.0,0.0,0.0
2024-10-15 04:15:00+00:00,16.010000228881836,16.020000457763672,16.010000228881836,16.010000228881836,21344,0.0,0.0,0.0
2024-10-15 04:20:00+00:00,16.010000228881836,16.010000228881836,16.0,16.010000228881836,221375,0.0,0.0,0.0
2024-10-15 04:25:00+00:00,16.020000457763672,16.020000457763672,16.020000457763672,16.020000457763672,8065,0.0,0.0,0.0
2024-10-15 04:30:00+00:00,16.020000457763672,16.020000457763672,16.010000228881836,16.020000457763672,109265,0.0,0.0,0.0
2024-10-15 04:35:00+00:00,16.010000228881836,16.020000457763672,16.010000228881836,16.010000228881836,54100,0.0,0.0,0.0
2024-10-15 04:40:00+00:00,16.010000228881836,16.010000228881836,16.010000228881836,16.010000228881836,37000,0.0,0.0,0.0
2024-10-15 04:45:00+00:00,16.010000228881836,16.020000457763672,16.010000228881836,16.010000228881836,409382,0.0,0.0,0.0
2024-10-15 04:50:00+00:00,16.010000228881836,16.010000228881836,16.0,16.010000228881836,10200,0.0,0.0,0.0
2024-10-15 04:55:00+00:00,16.010000228881836,16.010000228881836,16.010000228881836,16.010000228881836,14336,0.0,0.0,0.0
2024-10-15 05:00:00+00:00,16.010000228881836,16.010000228881836,16.010000228881836,16.010000228881836,90520,0.0,0.0,0.0
2024-10-15 05:05:00+00:00,16.010000228881836,16.010000228881836,16.010000228881836,16.010000228881836,34252,0.0,0.0,0.0
2024-10-16 01:00:00+00:00,15.949999809265137,15.949999809265137,15.890000343322754,15.90999984741211,0,0.0,0.0,0.0
2024-10-16 01:05:00+00:00,15.90999984741211,15.949999809265137,15.90999984741211,15.920000076293945,116000,0.0,0.0,0.0
2024-10-16 01:10:00+00:00,15.930000305175781,15.949999809265137,15.930000305175781,15.930000305175781,187510,0.0,0.0,0.0
2024-10-16 01:15:00+00:00,15.930000305175781,15.9399995803833,15.930000305175781,15.930000305175781,93480,0.0,0.0,0.0
2024-10-16 01:20:00+00:00,15.949999809265137,15.949999809265137,15.949999809265137,15.949999809265137,38626,0.0,0.0,0.0
2024-10-16 01:25:00+00:00,15.960000038146973,15.960000038146973,15.960000038146973,15.960000038146973,53630,0.0,0.0,0.0
2024-10-16 01:30:00+00:00,15.960000038146973,15.970000267028809,15.960000038146973,15.960000038146973,19200,0.0,0.0,0.0
2024-10-16 01:35:00+00:00,15.960000038146973,15.970000267028809,15.960000038146973,15.970000267028809,32853,0.0,0.0,0.0
2024-10-16 01:40:00+00:00,15.979999542236328,15.989999771118164,15.979999542236328,15.979999542236328,4407,0.0,0.0,0.0
2024-10-16 01:45:00+00:00,15.989999771118164,16.0,15.989999771118164,15.989999771118164,47300,0.0,0.0,0.0
2024-10-16 01:50:00+00:00,15.979999542236328,15.979999542236328,15.979999542236328,15.979999542236328,118651,0.0,0.0,0.0
2024-10-16 01:55:00+00:00,15.979999542236328,15.979999542236328,15.970000267028809,15.970000267028809,28330,0.0,0.0,0.0
2024-10-16 02:00:00+00:00,15.979999542236328,15.979999542236328,15.970000267028809,15.979999542236328,620635,0.0,0.0,0.0
2024-10-16 02:05:00+00:00,15.979999542236328,15.979999542236328,15.970000267028809,15.970000267028809,138045,0.0,0.0,0.0
2024-10-16 02:10:00+00:00,15.970000267028809,15.970000267028809,15.970000267028809,15.970000267028809,14208,0.0,0.0,0.0
2024-10-16 02:15:00+00:00,15.989999771118164,15.989999771118164,15.979999542236328,15.979999542236328,136920,0.0,0.0,0.0
2024-10-16 02:25:00+00:00,15.979999542236328,15.979999542236328,15.979999542236328,15.979999542236328,19340,0.0,0.0,0.0
2024-10-16 02:30:00+00:00,15.989999771118164,15.989999771118164,15.970000267028809,15.970000267028809,119131,0.0,0.0,0.0
2024-10-16 02:35:00+00:00,15.970000267028809,15.970000267028809,15.960000038146973,15.960000038146973,7030,0.0,0.0,0.0
2024-10-16 02:40:00+00:00,15.970000267028809,15.970000267028809,15.970000267028809,15.970000267028809,15000,0.0,0.0,0.0
2024-10-16 02:45:00+00:00,15.979999542236328,15.979999542236328,15.970000267028809,15.979999542236328,99259,0.0,0.0,0.0
2024-10-16 02:50:00+00:00,15.970000267028809,15.979999542236328,15.970000267028809,15.979999542236328,51225,0.0,0.0,0.0
2024-10-16 02:55:00+00:00,15.979999542236328,15.979999542236328,15.979999542236328,15.979999542236328,8145,0.0,0.0,0.0
2024-10-16 03:00:00+00:00,15.979999542236328,15.979999542236328,15.970000267028809,15.970000267028809,93188,0.0,0.0,0.0
2024-10-16 03:05:00+00:00,15.970000267028809,15.979999542236328,15.970000267028809,15.979999542236328,46041,0.0,0.0,0.0
2024-10-16 03:10:00+00:00,15.979999542236328,15.979999542236328,15.970000267028809,15.979999542236328,11281,0.0,0.0,0.0
2024-10-16 03:15:00+00:00,15.979999542236328,15.979999542236328,15.970000267028809,15.979999542236328,78091,0.0,0.0,0.0
2024-10-16 03:20:00+00:00,15.989999771118164,15.989999771118164,15.989999771118164,15.989999771118164,3060,0.0,0.0,0.0
2024-10-16 03:25:00+00:00,15.989999771118164,15.989999771118164,15.989999771118164,15.989999771118164,13120,0.0,0.0,0.0
2024-10-16 03:30:00+00:00,15.989999771118164,15.989999771118164,15.989999771118164,15.989999771118164,37094,0.0,0.0,0.0
2024-10-16 03:35:00+00:00,15.989999771118164,15.989999771118164,15.989999771118164,15.989999771118164,21038,0.0,0.0,0.0
2024-10-16 03:40:00+00:00,15.979999542236328,15.989999771118164,15.979999542236328,15.989999771118164,2000,0.0,0.0,0.0
2024-10-16 03:45:00+00:00,15.989999771118164,16.0,15.989999771118164,15.989999771118164,48062,0.0,0.0,0.0
2024-10-16 03:50:00+00:00,15.989999771118164,16.0,15.989999771118164,16.0,18000,0.0,0.0,0.0
2024-10-16 03:55:00+00:00,16.0,16.020000457763672,16.0,16.010000228881836,315003,0.0,0.0,0.0
2024-10-16 04:00:00+00:00,16.010000228881836,16.010000228881836,16.010000228881836,16.010000228881836,6761,0.0,0.0,0.0
2024-10-16 04:05:00+00:00,16.010000228881836,16.020000457763672,16.010000228881836,16.010000228881836,20200,0.0,0.0,0.0
2024-10-16 04:10:00+00:00,16.010000228881836,16.010000228881836,16.010000228881836,16.010000228881836,2803,0.0,0.0,0.0
2024-10-16 04:15:00+00:00,16.010000228881836,16.020000457763672,16.0,16.020000457763672,125000,0.0,0.0,0.0
2024-10-16 04:20:00+00:00,16.020000457763672,16.020000457763672,16.010000228881836,16.020000457763672,154000,0.0,0.0,0.0
2024-10-16 04:25:00+00:00,16.020000457763672,16.020000457763672,16.020000457763672,16.020000457763672,9041,0.0,0.0,0.0
2024-10-16 04:30:00+00:00,16.030000686645508,16.030000686645508,16.020000457763672,16.030000686645508,10471,0.0,0.0,0.0
2024-10-16 04:35:00+00:00,16.030000686645508,16.030000686645508,16.010000228881836,16.010000228881836,36040,0.0,0.0,0.0
2024-10-16 04:40:00+00:00,16.0,16.010000228881836,16.0,16.010000228881836,16141,0.0,0.0,0.0
2024-10-16 04:45:00+00:00,16.010000228881836,16.010000228881836,16.0,16.0,163010,0.0,0.0,0.0
2024-10-16 04:50:00+00:00,16.010000228881836,16.010000228881836,16.010000228881836,16.010000228881836,6195,0.0,0.0,0.0
2024-10-16 04:55:00+00:00,16.0,16.010000228881836,16.0,16.010000228881836,41700,0.0,0.0,0.0
2024-10-16 05:00:00+00:00,16.0,16.0,15.989999771118164,15.989999771118164,125009,0.0,0.0,0.0
2024-10-16 05:05:00+00:00,16.010000228881836,16.010000228881836,15.989999771118164,15.989999771118164,137131,0.0,0.0,0.0
2024-10-16 05:10:00+00:00,15.989999771118164,15.989999771118164,15.979999542236328,15.979999542236328,186578,0.0,0.0,0.0
2024-10-16 05:15:00+00:00,15.979999542236328,15.979999542236328,15.960000038146973,15.970000267028809,291502,0.0,0.0,0.0
2024-10-16 05:20:00+00:00,15.970000267028809,15.979999542236328,15.970000267028809,15.979999542236328,45460,0.0,0.0,0.0
2024-10-17 01:00:00+00:00,16.010000228881836,16.059999465942383,15.960000038146973,16.059999465942383,0,0.0,0.0,0.0
2024-10-17 01:05:00+00:00,16.059999465942383,16.079999923706055,16.059999465942383,16.06999969482422,31000,0.0,0.0,0.0
2024-10-17 01:10:00+00:00,16.06999969482422,16.09000015258789,16.06999969482422,16.06999969482422,196125,0.0,0.0,0.0
2024-10-17 01:15:00+00:00,16.06999969482422,16.06999969482422,16.06999969482422,16.06999969482422,30600,0.0,0.0,0.0
2024-10-17 01:20:00+00:00,16.06999969482422,16.06999969482422,16.059999465942383,16.06999969482422,86380,0.0,0.0,0.0
2024-10-17 01:25:00+00:00,16.06999969482422,16.079999923706055,16.059999465942383,16.06999969482422,60687,0.0,0.0,0.0
2024-10-17 01:30:00+00:00,16.059999465942383,16.110000610351562,16.059999465942383,16.110000610351562,125686,0.0,0.0,0.0
2024-10-17 01:35:00+00:00,16.110000610351562,16.110000610351562,16.100000381469727,16.110000610351562,76177,0.0,0.0,0.0
2024-10-17 01:40:00+00:00,16.110000610351562,16.1299991607666,16.100000381469727,16.1299991607666,120846,0.0,0.0,0.0
2024-10-17 01:45:00+00:00,16.1299991607666,16.1299991607666,16.1200008392334,16.1200008392334,22760,0.0,0.0,0.0
2024-10-17 01:50:00+00:00,16.1200008392334,16.1299991607666,16.1200008392334,16.1200008392334,54158,0.0,0.0,0.0
2024-10-17 01:55:00+00:00,16.1200008392334,16.1200008392334,16.110000610351562,16.1200008392334,13250,0.0,0.0,0.0
2024-10-17 02:00:00+00:00,16.1200008392334,16.1200008392334,16.1200008392334,16.1200008392334,29460,0.0,0.0,0.0
2024-10-17 02:05:00+00:00,16.1200008392334,16.1200008392334,16.1200008392334,16.1200008392334,14313,0.0,0.0,0.0
2024-10-17 02:10:00+00:00,16.1200008392334,16.1200008392334,16.100000381469727,16.100000381469727,24100,0.0,0.0,0.0
2024-10-17 02:15:00+00:00,16.100000381469727,16.1200008392334,16.100000381469727,16.100000381469727,25171,0.0,0.0,0.0
2024-10-17 02:20:00+00:00,16.100000381469727,16.100000381469727,16.100000381469727,16.100000381469727,37550,0.0,0.0,0.0
2024-10-17 02:25:00+00:00,16.100000381469727,16.110000610351562,16.100000381469727,16.110000610351562,8390,0.0,0.0,0.0
2024-10-17 02:30:00+00:00,16.100000381469727,16.100000381469727,16.100000381469727,16.100000381469727,21814,0.0,0.0,0.0
2024-10-17 02:35:00+00:00,16.110000610351562,16.110000610351562,16.09000015258789,16.100000381469727,21486,0.0,0.0,0.0
2024-10-17 02:40:00+00:00,16.100000381469727,16.100000381469727,16.079999923706055,16.079999923706055,132276,0.0,0.0,0.0
2024-10-17 02:45:00+00:00,16.09000015258789,16.09000015258789,16.09000015258789,16.09000015258789,15424,0.0,0.0,0.0
2024-10-17 02:50:00+00:00,16.09000015258789,16.09000015258789,16.09000015258789,16.09000015258789,25066,0.0,0.0,0.0
2024-10-17 02:55:00+00:00,16.100000381469727,16.100000381469727,16.100000381469727,16.100000381469727,62389,0.0,0.0,0.0
2024-10-17 03:00:00+00:00,16.100000381469727,16.100000381469727,16.100000381469727,16.100000381469727,3001,0.0,0.0,0.0
2024-10-17 03:05:00+00:00,16.100000381469727,16.100000381469727,16.100000381469727,16.100000381469727,5670,0.0,0.0,0.0
2024-10-17 03:10:00+00:00,16.100000381469727,16.100000381469727,16.100000381469727,16.100000381469727,11410,0.0,0.0,0.0
2024-10-17 03:15:00+00:00,16.09000015258789,16.100000381469727,16.09000015258789,16.100000381469727,16000,0.0,0.0,0.0
2024-10-17 03:20:00+00:00,16.09000015258789,16.100000381469727,16.09000015258789,16.100000381469727,126655,0.0,0.0,0.0
2024-10-17 03:30:00+00:00,16.09000015258789,16.09000015258789,16.09000015258789,16.09000015258789,1140,0.0,0.0,0.0
2024-10-17 03:35:00+00:00,16.09000015258789,16.09000015258789,16.09000015258789,16.09000015258789,3000,0.0,0.0,0.0
2024-10-17 03:40:00+00:00,16.100000381469727,16.110000610351562,16.100000381469727,16.110000610351562,132509,0.0,0.0,0.0
2024-10-17 03:45:00+00:00,16.110000610351562,16.110000610351562,16.100000381469727,16.100000381469727,28351,0.0,0.0,0.0
2024-10-17 03:50:00+00:00,16.100000381469727,16.110000610351562,16.100000381469727,16.110000610351562,26490,0.0,0.0,0.0
2024-10-17 03:55:00+00:00,16.110000610351562,16.110000610351562,16.110000610351562,16.110000610351562,10477,0.0,0.0,0.0
2024-10-17 04:00:00+00:00,16.1200008392334,16.1200008392334,16.1200008392334,16.1200008392334,57070,0.0,0.0,0.0
2024-10-17 04:05:00+00:00,16.1200008392334,16.1200008392334,16.1200008392334,16.1200008392334,13049,0.0,0.0,0.0
2024-10-17 04:10:00+00:00,16.1200008392334,16.1200008392334,16.1200008392334,16.1200008392334,17000,0.0,0.0,0.0
2024-10-17 04:15:00+00:00,16.1200008392334,16.1299991607666,16.110000610351562,16.1299991607666,10200,0.0,0.0,0.0
2024-10-17 04:20:00+00:00,16.1299991607666,16.1299991607666,16.1299991607666,16.1299991607666,74144,0.0,0.0,0.0
2024-10-17 04:25:00+00:00,16.1299991607666,16.139999389648438,16.1299991607666,16.139999389648438,54275,0.0,0.0,0.0
2024-10-17 04:30:00+00:00,16.139999389648438,16.139999389648438,16.1299991607666,16.1299991607666,28008,0.0,0.0,0.0
2024-10-17 04:35:00+00:00,16.139999389648438,16.149999618530273,16.139999389648438,16.139999389648438,30474,0.0,0.0,0.0
2024-10-17 04:40:00+00:00,16.139999389648438,16.139999389648438,16.139999389648438,16.139999389648438,95537,0.0,0.0,0.0
2024-10-17 04:45:00+00:00,16.139999389648438,16.139999389648438,16.139999389648438,16.139999389648438,13000,0.0,0.0,0.0
2024-10-17 04:50:00+00:00,16.139999389648438,16.149999618530273,16.139999389648438,16.149999618530273,17660,0.0,0.0,0.0
2024-10-17 04:55:00+00:00,16.149999618530273,16.149999618530273,16.139999389648438,16.139999389648438,42748,0.0,0.0,0.0
2024-10-17 05:00:00+00:00,16.139999389648438,16.139999389648438,16.1299991607666,16.139999389648438,52599,0.0,0.0,0.0
2024-10-17 05:05:00+00:00,16.139999389648438,16.149999618530273,16.139999389648438,16.149999618530273,112980,0.0,0.0,0.0
2024-10-17 05:10:00+00:00,16.149999618530273,16.149999618530273,16.149999618530273,16.149999618530273,32000,0.0,0.0,0.0
2024-10-18 01:00:00+00:00,16.18000030517578,16.190000534057617,16.18000030517578,16.190000534057617,0,0.0,0.0,0.0
2024-10-18 01:05:00+00:00,16.18000030517578,16.209999084472656,16.18000030517578,16.209999084472656,183546,0.0,0.0,0.0
2024-10-18 01:10:00+00:00,16.200000762939453,16.239999771118164,16.190000534057617,16.239999771118164,384650,0.0,0.0,0.0
2024-10-18 01:15:00+00:00,16.25,16.25,16.219999313354492,16.219999313354492,77416,0.0,0.0,0.0
2024-10-18 01:20:00+00:00,16.219999313354492,16.229999542236328,16.219999313354492,16.229999542236328,22099,0.0,0.0,0.0
2024-10-18 01:25:00+00:00,16.219999313354492,16.239999771118164,16.219999313354492,16.229999542236328,187502,0.0,0.0,0.0
2024-10-18 01:30:00+00:00,16.239999771118164,16.25,16.239999771118164,16.239999771118164,235065,0.0,0.0,0.0
2024-10-18 01:35:00+00:00,16.25,16.260000228881836,16.25,16.25,91772,0.0,0.0,0.0
2024-10-18 01:40:00+00:00,16.25,16.280000686645508,16.25,16.260000228881836,147521,0.0,0.0,0.0
2024-10-18 01:45:00+00:00,16.260000228881836,16.260000228881836,16.25,16.260000228881836,162420,0.0,0.0,0.0
2024-10-18 01:50:00+00:00,16.260000228881836,16.270000457763672,16.25,16.25,51910,0.0,0.0,0.0
2024-10-18 01:55:00+00:00,16.25,16.270000457763672,16.25,16.25,203398,0.0,0.0,0.0
2024-10-18 02:00:00+00:00,16.25,16.260000228881836,16.25,16.25,241699,0.0,0.0,0.0
2024-10-18 02:05:00+00:00,16.260000228881836,16.260000228881836,16.239999771118164,16.260000228881836,228460,0.0,0.0,0.0
2024-10-18 02:10:00+00:00,16.260000228881836,16.270000457763672,16.239999771118164,16.25,224552,0.0,0.0,0.0
2024-10-18 02:15:00+00:00,16.239999771118164,16.260000228881836,16.239999771118164,16.260000228881836,18594,0.0,0.0,0.0
2024-10-18 02:20:00+00:00,16.25,16.25,16.25,16.25,16280,0.0,0.0,0.0
2024-10-18 02:25:00+00:00,16.25,16.260000228881836,16.25,16.25,16100,0.0,0.0,0.0
2024-10-18 02:30:00+00:00,16.25,16.260000228881836,16.25,16.25,33641,0.0,0.0,0.0
2024-10-18 02:35:00+00:00,16.260000228881836,16.260000228881836,16.260000228881836,16.260000228881836,132958,0.0,0.0,0.0
2024-10-18 02:40:00+00:00,16.260000228881836,16.270000457763672,16.25,16.270000457763672,70165,0.0,0.0,0.0
2024-10-18 02:45:00+00:00,16.270000457763672,16.270000457763672,16.260000228881836,16.270000457763672,27586,0.0,0.0,0.0
2024-10-18 02:50:00+00:00,16.270000457763672,16.270000457763672,16.260000228881836,16.260000228881836,77100,0.0,0.0,0.0
2024-10-18 02:55:00+00:00,16.260000228881836,16.260000228881836,16.25,16.260000228881836,46098,0.0,0.0,0.0
2024-10-18 03:00:00+00:00,16.260000228881836,16.260000228881836,16.25,16.25,56006,0.0,0.0,0.0
2024-10-18 03:05:00+00:00,16.25,16.260000228881836,16.25,16.25,108065,0.0,0.0,0.0
2024-10-18 03:10:00+00:00,16.260000228881836,16.260000228881836,16.25,16.25,14528,0.0,0.0,0.0
2024-10-18 03:15:00+00:00,16.25,16.25,16.239999771118164,16.239999771118164,77367,0.0,0.0,0.0
2024-10-18 03:20:00+00:00,16.239999771118164,16.239999771118164,16.239999771118164,16.239999771118164,1000,0.0,0.0,0.0
2024-10-18 03:25:00+00:00,16.239999771118164,16.239999771118164,16.229999542236328,16.239999771118164,23664,0.0,0.0,0.0
2024-10-18 03:30:00+00:00,16.229999542236328,16.239999771118164,16.229999542236328,16.239999771118164,39055,0.0,0.0,0.0
2024-10-18 03:35:00+00:00,16.239999771118164,16.239999771118164,16.239999771118164,16.239999771118164,43600,0.0,0.0,0.0
2024-10-18 03:40:00+00:00,16.239999771118164,16.239999771118164,16.229999542236328,16.229999542236328,35715,0.0,0.0,0.0
2024-10-18 03:45:00+00:00,16.229999542236328,16.239999771118164,16.229999542236328,16.229999542236328,17406,0.0,0.0,0.0
2024-10-18 03:50:00+00:00,16.229999542236328,16.229999542236328,16.229999542236328,16.229999542236328,8200,0.0,0.0,0.0
2024-10-18 03:55:00+00:00,16.229999542236328,16.239999771118164,16.229999542236328,16.229999542236328,47727,0.0,0.0,0.0
2024-10-18 04:00:00+00:00,16.229999542236328,16.229999542236328,16.219999313354492,16.229999542236328,9300,0.0,0.0,0.0
2024-10-18 04:05:00+00:00,16.219999313354492,16.229999542236328,16.219999313354492,16.229999542236328,11858,0.0,0.0,0.0
2024-10-18 04:10:00+00:00,16.229999542236328,16.229999542236328,16.229999542236328,16.229999542236328,3747,0.0,0.0,0.0
2024-10-18 04:15:00+00:00,16.219999313354492,16.229999542236328,16.219999313354492,16.229999542236328,11000,0.0,0.0,0.0
2024-10-18 04:20:00+00:00,16.229999542236328,16.229999542236328,16.219999313354492,16.229999542236328,61100,0.0,0.0,0.0
2024-10-18 04:25:00+00:00,16.229999542236328,16.229999542236328,16.219999313354492,16.229999542236328,12281,0.0,0.0,0.0
2024-10-18 04:30:00+00:00,16.229999542236328,16.229999542236328,16.229999542236328,16.229999542236328,7100,0.0,0.0,0.0
2024-10-18 04:35:00+00:00,16.229999542236328,16.229999542236328,16.229999542236328,16.229999542236328,11000,0.0,0.0,0.0
2024-10-18 04:40:00+00:00,16.229999542236328,16.229999542236328,16.219999313354492,16.219999313354492,17057,0.0,0.0,0.0
2024-10-18 04:45:00+00:00,16.219999313354492,16.229999542236328,16.219999313354492,16.229999542236328,40010,0.0,0.0,0.0
2024-10-18 04:50:00+00:00,16.229999542236328,16.239999771118164,16.229999542236328,16.239999771118164,54175,0.0,0.0,0.0
2024-10-18 04:55:00+00:00,16.239999771118164,16.239999771118164,16.239999771118164,16.239999771118164,78129,0.0,0.0,0.0
2024-10-18 05:00:00+00:00,16.239999771118164,16.25,16.239999771118164,16.239999771118164,81664,0.0,0.0,0.0
2024-10-18 05:05:00+00:00,16.239999771118164,16.25,16.239999771118164,16.239999771118164,31960,0.0,0.0,0.0
2024-10-18 05:10:00+00:00,16.239999771118164,16.239999771118164,16.239999771118164,16.239999771118164,10000,0.0,0.0,0.0
2024-10-21 01:00:00+00:00,16.299999237060547,16.31999969482422,16.299999237060547,16.309999465942383,0,0.0,0.0,0.0
2024-10-21 01:05:00+00:00,16.299999237060547,16.309999465942383,16.299999237060547,16.299999237060547,145000,0.0,0.0,0.0
2024-10-21 01:10:00+00:00,16.309999465942383,16.309999465942383,16.270000457763672,16.270000457763672,290372,0.0,0.0,0.0
2024-10-21 01:15:00+00:00,16.270000457763672,16.270000457763672,16.260000228881836,16.270000457763672,107793,0.0,0.0,0.0
2024-10-21 01:20:00+00:00,16.260000228881836,16.260000228881836,16.229999542236328,16.229999542236328,394483,0.0,0.0,0.0
2024-10-21 01:25:00+00:00,16.229999542236328,16.229999542236328,16.219999313354492,16.219999313354492,251457,0.0,0.0,0.0
2024-10-21 01:30:00+00:00,16.229999542236328,16.229999542236328,16.200000762939453,16.209999084472656,332711,0.0,0.0,0.0
2024-10-21 01:35:00+00:00,16.209999084472656,16.209999084472656,16.200000762939453,16.209999084472656,48167,0.0,0.0,0.0
2024-10-21 01:40:00+00:00,16.209999084472656,16.209999084472656,16.209999084472656,16.209999084472656,317200,0.0,0.0,0.0
2024-10-21 01:45:00+00:00,16.219999313354492,16.219999313354492,16.200000762939453,16.209999084472656,294144,0.0,0.0,0.0
2024-10-21 01:50:00+00:00,16.209999084472656,16.219999313354492,16.200000762939453,16.200000762939453,172071,0.0,0.0,0.0
2024-10-21 01:55:00+00:00,16.209999084472656,16.209999084472656,16.200000762939453,16.200000762939453,730028,0.0,0.0,0.0
2024-10-21 02:00:00+00:00,16.200000762939453,16.209999084472656,16.200000762939453,16.209999084472656,148154,0.0,0.0,0.0
2024-10-21 02:05:00+00:00,16.200000762939453,16.209999084472656,16.190000534057617,16.200000762939453,352010,0.0,0.0,0.0
2024-10-21 02:10:00+00:00,16.200000762939453,16.200000762939453,16.200000762939453,16.200000762939453,59325,0.0,0.0,0.0
2024-10-21 02:15:00+00:00,16.209999084472656,16.209999084472656,16.200000762939453,16.200000762939453,10959,0.0,0.0,0.0
2024-10-21 02:20:00+00:00,16.209999084472656,16.209999084472656,16.209999084472656,16.209999084472656,30634,0.0,0.0,0.0
2024-10-21 02:25:00+00:00,16.209999084472656,16.219999313354492,16.209999084472656,16.219999313354492,307365,0.0,0.0,0.0
2024-10-21 02:30:00+00:00,16.219999313354492,16.229999542236328,16.219999313354492,16.229999542236328,27363,0.0,0.0,0.0
2024-10-21 02:35:00+00:00,16.229999542236328,16.239999771118164,16.229999542236328,16.239999771118164,98197,0.0,0.0,0.0
2024-10-21 02:40:00+00:00,16.25,16.25,16.239999771118164,16.239999771118164,34000,0.0,0.0,0.0
2024-10-21 02:45:00+00:00,16.239999771118164,16.25,16.229999542236328,16.239999771118164,68623,0.0,0.0,0.0
2024-10-21 02:50:00+00:00,16.239999771118164,16.239999771118164,16.229999542236328,16.229999542236328,147183,0.0,0.0,0.0
2024-10-21 02:55:00+00:00,16.219999313354492,16.229999542236328,16.219999313354492,16.229999542236328,114640,0.0,0.0,0.0
2024-10-21 03:00:00+00:00,16.239999771118164,16.239999771118164,16.229999542236328,16.229999542236328,147190,0.0,0.0,0.0
2024-10-21 03:05:00+00:00,16.229999542236328,16.229999542236328,16.229999542236328,16.229999542236328,185145,0.0,0.0,0.0
2024-10-21 03:10:00+00:00,16.239999771118164,16.239999771118164,16.219999313354492,16.229999542236328,23500,0.0,0.0,0.0
2024-10-21 03:15:00+00:00,16.229999542236328,16.229999542236328,16.219999313354492,16.219999313354492,421290,0.0,0.0,0.0
2024-10-21 03:20:00+00:00,16.219999313354492,16.219999313354492,16.219999313354492,16.219999313354492,12695,0.0,0.0,0.0
2024-10-21 03:25:00+00:00,16.219999313354492,16.219999313354492,16.209999084472656,16.209999084472656,133606,0.0,0.0,0.0
2024-10-21 03:30:00+00:00,16.219999313354492,16.219999313354492,16.209999084472656,16.209999084472656,417814,0.0,0.0,0.0
2024-10-21 03:35:00+00:00,16.200000762939453,16.209999084472656,16.200000762939453,16.209999084472656,32480,0.0,0.0,0.0
2024-10-21 03:40:00+00:00,16.209999084472656,16.219999313354492,16.209999084472656,16.219999313354492,14020,0.0,0.0,0.0
2024-10-21 03:45:00+00:00,16.219999313354492,16.219999313354492,16.219999313354492,16.219999313354492,30840,0.0,0.0,0.0
2024-10-21 03:50:00+00:00,16.209999084472656,16.219999313354492,16.209999084472656,16.209999084472656,258250,0.0,0.0,0.0
2024-10-21 03:55:00+00:00,16.209999084472656,16.209999084472656,16.200000762939453,16.209999084472656,121389,0.0,0.0,0.0
2024-10-21 04:00:00+00:00,16.209999084472656,16.209999084472656,16.209999084472656,16.209999084472656,78300,0.0,0.0,0.0
2024-10-21 04:05:00+00:00,16.200000762939453,16.209999084472656,16.200000762939453,16.209999084472656,36737,0.0,0.0,0.0
2024-10-21 04:10:00+00:00,16.209999084472656,16.209999084472656,16.209999084472656,16.209999084472656,24030,0.0,0.0,0.0
2024-10-21 04:15:00+00:00,16.209999084472656,16.209999084472656,16.200000762939453,16.200000762939453,168310,0.0,0.0,0.0
2024-10-21 04:20:00+00:00,16.209999084472656,16.209999084472656,16.200000762939453,16.209999084472656,206646,0.0,0.0,0.0
2024-10-21 04:25:00+00:00,16.209999084472656,16.209999084472656,16.200000762939453,16.209999084472656,145550,0.0,0.0,0.0
2024-10-21 04:30:00+00:00,16.209999084472656,16.209999084472656,16.209999084472656,16.209999084472656,97399,0.0,0.0,0.0
2024-10-21 04:35:00+00:00,16.209999084472656,16.209999084472656,16.200000762939453,16.209999084472656,148530,0.0,0.0,0.0
2024-10-21 04:40:00+00:00,16.209999084472656,16.209999084472656,16.209999084472656,16.209999084472656,56518,0.0,0.0,0.0
2024-10-21 04:45:00+00:00,16.209999084472656,16.209999084472656,16.200000762939453,16.209999084472656,48142,0.0,0.0,0.0
2024-10-21 04:50:00+00:00,16.209999084472656,16.209999084472656,16.200000762939453,16.209999084472656,360410,0.0,0.0,0.0
2024-10-21 04:55:00+00:00,16.200000762939453,16.209999084472656,16.200000762939453,16.200000762939453,112531,0.0,0.0,0.0
2024-10-21 05:00:00+00:00,16.209999084472656,16.209999084472656,16.200000762939453,16.200000762939453,405288,0.0,0.0,0.0
2024-10-21 05:05:00+00:00,16.200000762939453,16.200000762939453,16.190000534057617,16.200000762939453,440812,0.0,0.0,0.0
2024-10-21 05:10:00+00:00,16.200000762939453,16.200000762939453,16.190000534057617,16.200000762939453,85452,0.0,0.0,0.0
2024-10-21 05:15:00+00:00,16.200000762939453,16.200000762939453,16.190000534057617,16.200000762939453,548397,0.0,0.0,0.0
2024-10-21 05:20:00+00:00,16.190000534057617,16.200000762939453,16.18000030517578,16.18000030517578,307763,0.0,0.0,0.0
2024-10-22 01:00:00+00:00,16.209999084472656,16.219999313354492,16.1200008392334,16.1200008392334,0,0.0,0.0,0.0
2024-10-22 01:05:00+00:00,16.1200008392334,16.149999618530273,16.1200008392334,16.149999618530273,395297,0.0,0.0,0.0
2024-10-22 01:10:00+00:00,16.149999618530273,16.149999618530273,16.110000610351562,16.1200008392334,996812,0.0,0.0,0.0
2024-10-22 01:15:00+00:00,16.1200008392334,16.149999618530273,16.1200008392334,16.149999618530273,216500,0.0,0.0,0.0
2024-10-22 01:20:00+00:00,16.139999389648438,16.18000030517578,16.139999389648438,16.18000030517578,183915,0.0,0.0,0.0
2024-10-22 01:25:00+00:00,16.18000030517578,16.200000762939453,16.170000076293945,16.18000030517578,256189,0.0,0.0,0.0
2024-10-22 01:30:00+00:00,16.190000534057617,16.200000762939453,16.18000030517578,16.200000762939453,225023,0.0,0.0,0.0
2024-10-22 01:35:00+00:00,16.200000762939453,16.200000762939453,16.170000076293945,16.170000076293945,162706,0.0,0.0,0.0
2024-10-22 01:40:00+00:00,16.170000076293945,16.190000534057617,16.170000076293945,16.190000534057617,47319,0.0,0.0,0.0
2024-10-22 01:45:00+00:00,16.190000534057617,16.190000534057617,16.190000534057617,16.190000534057617,68500,0.0,0.0,0.0
2024-10-22 01:50:00+00:00,16.190000534057617,16.190000534057617,16.18000030517578,16.18000030517578,49570,0.0,0.0,0.0
2024-10-22 01:55:00+00:00,16.18000030517578,16.18000030517578,16.170000076293945,16.18000030517578,109050,0.0,0.0,0.0
2024-10-22 02:00:00+00:00,16.170000076293945,16.18000030517578,16.170000076293945,16.170000076293945,399630,0.0,0.0,0.0
2024-10-22 02:05:00+00:00,16.170000076293945,16.200000762939453,16.170000076293945,16.190000534057617,332162,0.0,0.0,0.0
2024-10-22 02:10:00+00:00,16.190000534057617,16.190000534057617,16.18000030517578,16.18000030517578,57338,0.0,0.0,0.0
2024-10-22 02:15:00+00:00,16.18000030517578,16.190000534057617,16.18000030517578,16.190000534057617,8000,0.0,0.0,0.0
2024-10-22 02:20:00+00:00,16.190000534057617,16.190000534057617,16.18000030517578,16.18000030517578,146589,0.0,0.0,0.0
2024-10-22 02:25:00+00:00,16.18000030517578,16.190000534057617,16.18000030517578,16.18000030517578,56045,0.0,0.0,0.0
2024-10-22 02:30:00+00:00,16.18000030517578,16.18000030517578,16.170000076293945,16.170000076293945,248652,0.0,0.0,0.0
2024-10-22 02:35:00+00:00,16.18000030517578,16.18000030517578,16.170000076293945,16.18000030517578,47000,0.0,0.0,0.0
2024-10-22 02:40:00+00:00,16.170000076293945,16.18000030517578,16.170000076293945,16.18000030517578,130231,0.0,0.0,0.0
2024-10-22 02:45:00+00:00,16.170000076293945,16.170000076293945,16.170000076293945,16.170000076293945,223320,0.0,0.0,0.0
2024-10-22 02:50:00+00:00,16.170000076293945,16.170000076293945,16.170000076293945,16.170000076293945,62184,0.0,0.0,0.0
2024-10-22 02:55:00+00:00,16.170000076293945,16.18000030517578,16.170000076293945,16.170000076293945,0,0.0,0.0,0.0
2024-10-22 03:00:00+00:00,16.170000076293945,16.170000076293945,16.170000076293945,16.170000076293945,5279186,0.0,0.0,0.0
2024-10-22 03:05:00+00:00,16.170000076293945,16.170000076293945,16.170000076293945,16.170000076293945,104054,0.0,0.0,0.0
2024-10-22 03:10:00+00:00,16.18000030517578,16.18000030517578,16.170000076293945,16.18000030517578,10600,0.0,0.0,0.0
2024-10-22 03:15:00+00:00,16.18000030517578,16.18000030517578,16.18000030517578,16.18000030517578,23313,0.0,0.0,0.0
2024-10-22 03:20:00+00:00,16.18000030517578,16.18000030517578,16.170000076293945,16.170000076293945,39210,0.0,0.0,0.0
2024-10-22 03:25:00+00:00,16.18000030517578,16.18000030517578,16.18000030517578,16.18000030517578,40050,0.0,0.0,0.0
2024-10-22 03:30:00+00:00,16.18000030517578,16.18000030517578,16.170000076293945,16.170000076293945,160885,0.0,0.0,0.0
2024-10-22 03:35:00+00:00,16.170000076293945,16.18000030517578,16.170000076293945,16.18000030517578,350341,0.0,0.0,0.0
2024-10-22 03:40:00+00:00,16.190000534057617,16.190000534057617,16.18000030517578,16.18000030517578,74163,0.0,0.0,0.0
2024-10-22 03:45:00+00:00,16.18000030517578,16.18000030517578,16.18000030517578,16.18000030517578,2495,0.0,0.0,0.0
2024-10-22 03:50:00+00:00,16.18000030517578,16.190000534057617,16.18000030517578,16.190000534057617,12000,0.0,0.0,0.0
2024-10-22 03:55:00+00:00,16.190000534057617,16.190000534057617,16.190000534057617,16.190000534057617,139580,0.0,0.0,0.0
2024-10-22 04:00:00+00:00,16.190000534057617,16.190000534057617,16.190000534057617,16.190000534057617,134101,0.0,0.0,0.0
2024-10-22 04:05:00+00:00,16.190000534057617,16.190000534057617,16.18000030517578,16.18000030517578,140152,0.0,0.0,0.0
2024-10-22 04:10:00+00:00,16.18000030517578,16.190000534057617,16.18000030517578,16.190000534057617,16404,0.0,0.0,0.0
2024-10-22 04:15:00+00:00,16.190000534057617,16.190000534057617,16.190000534057617,16.190000534057617,25394,0.0,0.0,0.0
2024-10-22 04:20:00+00:00,16.190000534057617,16.190000534057617,16.190000534057617,16.190000534057617,161429,0.0,0.0,0.0
2024-10-22 04:25:00+00:00,16.190000534057617,16.190000534057617,16.18000030517578,16.190000534057617,141400,0.0,0.0,0.0
2024-10-22 04:30:00+00:00,16.190000534057617,16.190000534057617,16.18000030517578,16.18000030517578,655952,0.0,0.0,0.0
2024-10-22 04:35:00+00:00,16.190000534057617,16.190000534057617,16.18000030517578,16.190000534057617,145600,0.0,0.0,0.0
2024-10-22 04:40:00+00:00,16.190000534057617,16.190000534057617,16.18000030517578,16.18000030517578,77223,0.0,0.0,0.0
2024-10-22 04:45:00+00:00,16.18000030517578,16.190000534057617,16.170000076293945,16.170000076293945,318194,0.0,0.0,0.0
2024-10-22 04:50:00+00:00,16.18000030517578,16.18000030517578,16.170000076293945,16.170000076293945,445045,0.0,0.0,0.0
2024-10-22 04:55:00+00:00,16.170000076293945,16.170000076293945,16.15999984741211,16.170000076293945,37340,0.0,0.0,0.0
2024-10-22 05:00:00+00:00,16.170000076293945,16.170000076293945,16.170000076293945,16.170000076293945,122590,0.0,0.0,0.0
2024-10-22 05:05:00+00:00,16.170000076293945,16.170000076293945,16.170000076293945,16.170000076293945,186689,0.0,0.0,0.0
2024-10-22 05:10:00+00:00,16.18000030517578,16.18000030517578,16.170000076293945,16.18000030517578,45321,0.0,0.0,0.0
2024-10-22 05:15:00+00:00,16.18000030517578,16.18000030517578,16.15999984741211,16.170000076293945,582816,0.0,0.0,0.0
2024-10-22 05:20:00+00:00,16.170000076293945,16.170000076293945,16.15999984741211,16.170000076293945,406580,0.0,0.0,0.0
2024-10-23 01:00:00+00:00,16.200000762939453,16.209999084472656,16.18000030517578,16.18000030517578,0,0.0,0.0,0.0
2024-10-23 01:05:00+00:00,16.18000030517578,16.190000534057617,16.15999984741211,16.170000076293945,660000,0.0,0.0,0.0
2024-10-23 01:10:00+00:00,16.170000076293945,16.170000076293945,16.149999618530273,16.170000076293945,595503,0.0,0.0,0.0
2024-10-23 01:15:00+00:00,16.170000076293945,16.18000030517578,16.15999984741211,16.170000076293945,252709,0.0,0.0,0.0
2024-10-23 01:20:00+00:00,16.18000030517578,16.18000030517578,16.170000076293945,16.18000030517578,81170,0.0,0.0,0.0
2024-10-23 01:25:00+00:00,16.18000030517578,16.18000030517578,16.170000076293945,16.170000076293945,214525,0.0,0.0,0.0
2024-10-23 01:30:00+00:00,16.18000030517578,16.18000030517578,16.170000076293945,16.18000030517578,48780,0.0,0.0,0.0
2024-10-23 01:35:00+00:00,16.18000030517578,16.18000030517578,16.15999984741211,16.15999984741211,824128,0.0,0.0,0.0
2024-10-23 01:40:00+00:00,16.15999984741211,16.170000076293945,16.149999618530273,16.15999984741211,213270,0.0,0.0,0.0
2024-10-23 01:45:00+00:00,16.15999984741211,16.15999984741211,16.15999984741211,16.15999984741211,226620,0.0,0.0,0.0
2024-10-23 01:50:00+00:00,16.15999984741211,16.15999984741211,16.139999389648438,16.139999389648438,1002451,0.0,0.0,0.0
2024-10-23 01:55:00+00:00,16.139999389648438,16.149999618530273,16.1299991607666,16.1299991607666,551121,0.0,0.0,0.0
2024-10-23 02:00:00+00:00,16.139999389648438,16.139999389648438,16.1299991607666,16.139999389648438,59490,0.0,0.0,0.0
2024-10-23 02:05:00+00:00,16.139999389648438,16.139999389648438,16.1299991607666,16.139999389648438,164528,0.0,0.0,0.0
2024-10-23 02:10:00+00:00,16.139999389648438,16.139999389648438,16.1299991607666,16.139999389648438,72334,0.0,0.0,0.0
2024-10-23 02:15:00+00:00,16.139999389648438,16.139999389648438,16.1299991607666,16.139999389648438,340987,0.0,0.0,0.0
2024-10-23 02:20:00+00:00,16.139999389648438,16.139999389648438,16.1299991607666,16.139999389648438,31399,0.0,0.0,0.0
2024-10-23 02:25:00+00:00,16.139999389648438,16.139999389648438,16.1299991607666,16.1299991607666,410855,0.0,0.0,0.0
2024-10-23 02:30:00+00:00,16.1299991607666,16.139999389648438,16.1299991607666,16.1299991607666,286334,0.0,0.0,0.0
2024-10-23 02:35:00+00:00,16.1299991607666,16.1299991607666,16.1200008392334,16.1200008392334,553075,0.0,0.0,0.0
2024-10-23 02:40:00+00:00,16.1200008392334,16.1200008392334,16.110000610351562,16.1200008392334,139345,0.0,0.0,0.0
2024-10-23 02:45:00+00:00,16.1200008392334,16.1200008392334,16.110000610351562,16.110000610351562,306070,0.0,0.0,0.0
2024-10-23 02:50:00+00:00,16.1200008392334,16.1200008392334,16.110000610351562,16.110000610351562,165252,0.0,0.0,0.0
2024-10-23 02:55:00+00:00,16.110000610351562,16.1200008392334,16.110000610351562,16.1200008392334,24890,0.0,0.0,0.0
2024-10-23 03:00:00+00:00,16.1200008392334,16.1200008392334,16.110000610351562,16.110000610351562,238679,0.0,0.0,0.0
2024-10-23 03:05:00+00:00,16.1200008392334,16.1200008392334,16.1200008392334,16.1200008392334,56395,0.0,0.0,0.0
2024-10-23 03:10:00+00:00,16.1200008392334,16.1200008392334,16.1200008392334,16.1200008392334,65757,0.0,0.0,0.0
2024-10-23 03:15:00+00:00,16.1200008392334,16.1200008392334,16.110000610351562,16.1200008392334,98715,0.0,0.0,0.0
2024-10-23 03:20:00+00:00,16.1200008392334,16.1200008392334,16.110000610351562,16.1200008392334,108072,0.0,0.0,0.0
2024-10-23 03:25:00+00:00,16.1200008392334,16.1200008392334,16.100000381469727,16.100000381469727,1021210,0.0,0.0,0.0
2024-10-23 03:30:00+00:00,16.100000381469727,16.110000610351562,16.079999923706055,16.079999923706055,960734,0.0,0.0,0.0
2024-10-23 03:35:00+00:00,16.079999923706055,16.100000381469727,16.079999923706055,16.100000381469727,132347,0.0,0.0,0.0
2024-10-23 03:40:00+00:00,16.100000381469727,16.100000381469727,16.079999923706055,16.079999923706055,89647,0.0,0.0,0.0
2024-10-23 03:45:00+00:00,16.09000015258789,16.100000381469727,16.09000015258789,16.100000381469727,89766,0.0,0.0,0.0
2024-10-23 03:50:00+00:00,16.09000015258789,16.100000381469727,16.09000015258789,16.100000381469727,129230,0.0,0.0,0.0
2024-10-23 03:55:00+00:00,16.100000381469727,16.100000381469727,16.09000015258789,16.09000015258789,140100,0.0,0.0,0.0
2024-10-23 04:00:00+00:00,16.09000015258789,16.100000381469727,16.09000015258789,16.100000381469727,32554,0.0,0.0,0.0
2024-10-23 04:05:00+00:00,16.100000381469727,16.100000381469727,16.09000015258789,16.100000381469727,60732,0.0,0.0,0.0
2024-10-23 04:10:00+00:00,16.100000381469727,16.100000381469727,16.100000381469727,16.100000381469727,61590,0.0,0.0,0.0
2024-10-23 04:15:00+00:00,16.100000381469727,16.100000381469727,16.09000015258789,16.09000015258789,193162,0.0,0.0,0.0
2024-10-23 04:20:00+00:00,16.09000015258789,16.100000381469727,16.09000015258789,16.09000015258789,176700,0.0,0.0,0.0
2024-10-23 04:25:00+00:00,16.09000015258789,16.100000381469727,16.09000015258789,16.09000015258789,221388,0.0,0.0,0.0
2024-10-23 04:30:00+00:00,16.09000015258789,16.100000381469727,16.09000015258789,16.09000015258789,109581,0.0,0.0,0.0
2024-10-23 04:35:00+00:00,16.09000015258789,16.100000381469727,16.09000015258789,16.09000015258789,106834,0.0,0.0,0.0
2024-10-23 04:40:00+00:00,16.09000015258789,16.100000381469727,16.09000015258789,16.09000015258789,115630,0.0,0.0,0.0
2024-10-23 04:45:00+00:00,16.09000015258789,16.100000381469727,16.09000015258789,16.100000381469727,217682,0.0,0.0,0.0
2024-10-23 04:50:00+00:00,16.09000015258789,16.100000381469727,16.09000015258789,16.09000015258789,299491,0.0,0.0,0.0
2024-10-23 04:55:00+00:00,16.09000015258789,16.100000381469727,16.09000015258789,16.09000015258789,225726,0.0,0.0,0.0
2024-10-23 05:00:00+00:00,16.09000015258789,16.100000381469727,16.079999923706055,16.079999923706055,591698,0.0,0.0,0.0
2024-10-23 05:05:00+00:00,16.079999923706055,16.09000015258789,16.06999969482422,16.06999969482422,1110546,0.0,0.0,0.0
2024-10-23 05:10:00+00:00,16.06999969482422,16.09000015258789,16.06999969482422,16.079999923706055,197577,0.0,0.0,0.0
2024-10-24 01:00:00+00:00,15.8100004196167,15.8100004196167,15.699999809265137,15.729999542236328,0,0.0,0.0,0.0
2024-10-24 01:05:00+00:00,15.729999542236328,15.760000228881836,15.729999542236328,15.739999771118164,349600,0.0,0.0,0.0
2024-10-24 01:10:00+00:00,15.739999771118164,15.739999771118164,15.739999771118164,15.739999771118164,222201,0.0,0.0,0.0
2024-10-24 01:15:00+00:00,15.739999771118164,15.739999771118164,15.720000267028809,15.729999542236328,334344,0.0,0.0,0.0
2024-10-24 01:20:00+00:00,15.729999542236328,15.729999542236328,15.720000267028809,15.729999542236328,91530,0.0,0.0,0.0
2024-10-24 01:25:00+00:00,15.729999542236328,15.75,15.729999542236328,15.739999771118164,330825,0.0,0.0,0.0
2024-10-24 01:30:00+00:00,15.739999771118164,15.770000457763672,15.739999771118164,15.770000457763672,199969,0.0,0.0,0.0
2024-10-24 01:35:00+00:00,15.770000457763672,15.779999732971191,15.770000457763672,15.770000457763672,127723,0.0,0.0,0.0
2024-10-24 01:40:00+00:00,15.770000457763672,15.770000457763672,15.739999771118164,15.739999771118164,305033,0.0,0.0,0.0
2024-10-24 01:45:00+00:00,15.75,15.760000228881836,15.75,15.75,182750,0.0,0.0,0.0
2024-10-24 01:50:00+00:00,15.739999771118164,15.789999961853027,15.739999771118164,15.779999732971191,675236,0.0,0.0,0.0
2024-10-24 01:55:00+00:00,15.779999732971191,15.789999961853027,15.779999732971191,15.779999732971191,106535,0.0,0.0,0.0
2024-10-24 02:00:00+00:00,15.779999732971191,15.779999732971191,15.760000228881836,15.760000228881836,67409,0.0,0.0,0.0
2024-10-24 02:05:00+00:00,15.760000228881836,15.760000228881836,15.739999771118164,15.739999771118164,221909,0.0,0.0,0.0
2024-10-24 02:10:00+00:00,15.75,15.75,15.739999771118164,15.75,66432,0.0,0.0,0.0
2024-10-24 02:15:00+00:00,15.75,15.75,15.75,15.75,106189,0.0,0.0,0.0
2024-10-24 02:20:00+00:00,15.760000228881836,15.760000228881836,15.760000228881836,15.760000228881836,6425,0.0,0.0,0.0
2024-10-24 02:25:00+00:00,15.760000228881836,15.760000228881836,15.760000228881836,15.760000228881836,44768,0.0,0.0,0.0
2024-10-24 02:30:00+00:00,15.760000228881836,15.760000228881836,15.760000228881836,15.760000228881836,13588,0.0,0.0,0.0
2024-10-24 02:35:00+00:00,15.770000457763672,15.779999732971191,15.770000457763672,15.779999732971191,130402,0.0,0.0,0.0
2024-10-24 02:40:00+00:00,15.779999732971191,15.779999732971191,15.770000457763672,15.770000457763672,67912,0.0,0.0,0.0
2024-10-24 02:45:00+00:00,15.770000457763672,15.779999732971191,15.770000457763672,15.779999732971191,25500,0.0,0.0,0.0
2024-10-24 02:50:00+00:00,15.779999732971191,15.779999732971191,15.779999732971191,15.779999732971191,87088,0.0,0.0,0.0
2024-10-24 02:55:00+00:00,15.789999961853027,15.789999961853027,15.779999732971191,15.789999961853027,20465,0.0,0.0,0.0
2024-10-24 03:00:00+00:00,15.789999961853027,15.789999961853027,15.789999961853027,15.789999961853027,17510,0.0,0.0,0.0
2024-10-24 03:05:00+00:00,15.789999961853027,15.789999961853027,15.789999961853027,15.789999961853027,15020,0.0,0.0,0.0
2024-10-24 03:10:00+00:00,15.789999961853027,15.800000190734863,15.789999961853027,15.800000190734863,19435,0.0,0.0,0.0
2024-10-24 03:15:00+00:00,15.789999961853027,15.800000190734863,15.770000457763672,15.789999961853027,64757,0.0,0.0,0.0
2024-10-24 03:20:00+00:00,15.789999961853027,15.789999961853027,15.789999961853027,15.789999961853027,12490,0.0,0.0,0.0
2024-10-24 03:25:00+00:00,15.789999961853027,15.800000190734863,15.789999961853027,15.800000190734863,67224,0.0,0.0,0.0
2024-10-24 03:30:00+00:00,15.800000190734863,15.800000190734863,15.789999961853027,15.800000190734863,27326,0.0,0.0,0.0
2024-10-24 03:35:00+00:00,15.789999961853027,15.800000190734863,15.789999961853027,15.789999961853027,14812,0.0,0.0,0.0
2024-10-24 03:40:00+00:00,15.789999961853027,15.789999961853027,15.779999732971191,15.779999732971191,6395,0.0,0.0,0.0
2024-10-24 03:45:00+00:00,15.789999961853027,15.789999961853027,15.779999732971191,15.789999961853027,37250,0.0,0.0,0.0
2024-10-24 03:50:00+00:00,15.789999961853027,15.789999961853027,15.770000457763672,15.770000457763672,72078,0.0,0.0,0.0
2024-10-24 03:55:00+00:00,15.770000457763672,15.770000457763672,15.760000228881836,15.760000228881836,119750,0.0,0.0,0.0
2024-10-24 04:00:00+00:00,15.760000228881836,15.770000457763672,15.760000228881836,15.760000228881836,34581,0.0,0.0,0.0
2024-10-24 04:05:00+00:00,15.770000457763672,15.770000457763672,15.770000457763672,15.770000457763672,3000,0.0,0.0,0.0
2024-10-24 04:10:00+00:00,15.770000457763672,15.770000457763672,15.760000228881836,15.760000228881836,85835,0.0,0.0,0.0
2024-10-24 04:15:00+00:00,15.75,15.760000228881836,15.75,15.75,86005,0.0,0.0,0.0
2024-10-24 04:20:00+00:00,15.75,15.75,15.75,15.75,44670,0.0,0.0,0.0
2024-10-24 04:25:00+00:00,15.75,15.75,15.75,15.75,91318,0.0,0.0,0.0
2024-10-24 04:30:00+00:00,15.75,15.760000228881836,15.75,15.75,78976,0.0,0.0,0.0
2024-10-24 04:35:00+00:00,15.75,15.760000228881836,15.739999771118164,15.75,172197,0.0,0.0,0.0
2024-10-24 04:40:00+00:00,15.739999771118164,15.75,15.739999771118164,15.739999771118164,91461,0.0,0.0,0.0
2024-10-24 04:45:00+00:00,15.739999771118164,15.75,15.739999771118164,15.739999771118164,93058,0.0,0.0,0.0
2024-10-24 04:50:00+00:00,15.739999771118164,15.739999771118164,15.729999542236328,15.739999771118164,25809,0.0,0.0,0.0
2024-10-24 04:55:00+00:00,15.739999771118164,15.739999771118164,15.739999771118164,15.739999771118164,179111,0.0,0.0,0.0
2024-10-24 05:00:00+00:00,15.739999771118164,15.75,15.739999771118164,15.739999771118164,122950,0.0,0.0,0.0
2024-10-24 05:05:00+00:00,15.739999771118164,15.760000228881836,15.739999771118164,15.75,252480,0.0,0.0,0.0
2024-10-24 05:10:00+00:00,15.75,15.75,15.739999771118164,15.75,23500,0.0,0.0,0.0
2024-10-25 01:00:00+00:00,15.739999771118164,15.789999961853027,15.739999771118164,15.789999961853027,0,0.0,0.0,0.0
2024-10-25 01:05:00+00:00,15.789999961853027,15.789999961853027,15.779999732971191,15.789999961853027,22558,0.0,0.0,0.0
2024-10-25 01:10:00+00:00,15.789999961853027,15.789999961853027,15.779999732971191,15.779999732971191,37706,0.0,0.0,0.0
2024-10-25 01:15:00+00:00,15.779999732971191,15.779999732971191,15.770000457763672,15.770000457763672,10385,0.0,0.0,0.0
2024-10-25 01:20:00+00:00,15.770000457763672,15.779999732971191,15.770000457763672,15.779999732971191,27300,0.0,0.0,0.0
2024-10-25 01:25:00+00:00,15.779999732971191,15.779999732971191,15.770000457763672,15.770000457763672,67717,0.0,0.0,0.0
2024-10-25 01:30:00+00:00,15.770000457763672,15.770000457763672,15.770000457763672,15.770000457763672,9992,0.0,0.0,0.0
2024-10-25 01:35:00+00:00,15.770000457763672,15.770000457763672,15.760000228881836,15.770000457763672,320190,0.0,0.0,0.0
2024-10-25 01:40:00+00:00,15.770000457763672,15.779999732971191,15.770000457763672,15.770000457763672,47265,0.0,0.0,0.0
2024-10-25 01:45:00+00:00,15.770000457763672,15.770000457763672,15.770000457763672,15.770000457763672,4361,0.0,0.0,0.0
2024-10-25 01:50:00+00:00,15.770000457763672,15.770000457763672,15.770000457763672,15.770000457763672,38000,0.0,0.0,0.0
2024-10-25 01:55:00+00:00,15.770000457763672,15.770000457763672,15.760000228881836,15.760000228881836,62893,0.0,0.0,0.0
2024-10-25 02:00:00+00:00,15.760000228881836,15.760000228881836,15.75,15.760000228881836,22659,0.0,0.0,0.0
2024-10-25 02:05:00+00:00,15.75,15.75,15.75,15.75,10664,0.0,0.0,0.0
2024-10-25 02:10:00+00:00,15.75,15.75,15.75,15.75,26479,0.0,0.0,0.0
2024-10-25 02:15:00+00:00,15.75,15.770000457763672,15.75,15.770000457763672,46702,0.0,0.0,0.0
2024-10-25 02:20:00+00:00,15.779999732971191,15.789999961853027,15.779999732971191,15.779999732971191,10800,0.0,0.0,0.0
2024-10-25 02:30:00+00:00,15.789999961853027,15.789999961853027,15.779999732971191,15.779999732971191,7100,0.0,0.0,0.0
2024-10-25 02:35:00+00:00,15.789999961853027,15.789999961853027,15.779999732971191,15.779999732971191,26903,0.0,0.0,0.0
2024-10-25 02:40:00+00:00,15.779999732971191,15.779999732971191,15.779999732971191,15.779999732971191,2000,0.0,0.0,0.0
2024-10-25 02:45:00+00:00,15.779999732971191,15.779999732971191,15.770000457763672,15.779999732971191,14950,0.0,0.0,0.0
2024-10-25 02:50:00+00:00,15.779999732971191,15.779999732971191,15.770000457763672,15.779999732971191,18050,0.0,0.0,0.0
2024-10-25 02:55:00+00:00,15.779999732971191,15.779999732971191,15.779999732971191,15.779999732971191,5401,0.0,0.0,0.0
2024-10-25 03:00:00+00:00,15.779999732971191,15.789999961853027,15.779999732971191,15.789999961853027,4150,0.0,0.0,0.0
2024-10-25 03:05:00+00:00,15.779999732971191,15.779999732971191,15.779999732971191,15.779999732971191,6050,0.0,0.0,0.0
2024-10-25 03:10:00+00:00,15.779999732971191,15.779999732971191,15.770000457763672,15.770000457763672,115788,0.0,0.0,0.0
2024-10-25 03:15:00+00:00,15.760000228881836,15.760000228881836,15.760000228881836,15.760000228881836,1450,0.0,0.0,0.0
2024-10-25 03:20:00+00:00,15.760000228881836,15.770000457763672,15.760000228881836,15.760000228881836,41300,0.0,0.0,0.0
2024-10-25 03:25:00+00:00,15.770000457763672,15.770000457763672,15.770000457763672,15.770000457763672,18100,0.0,0.0,0.0
2024-10-25 03:30:00+00:00,15.770000457763672,15.770000457763672,15.760000228881836,15.760000228881836,16023,0.0,0.0,0.0
2024-10-25 03:35:00+00:00,15.760000228881836,15.760000228881836,15.760000228881836,15.760000228881836,13140,0.0,0.0,0.0
2024-10-25 03:40:00+00:00,15.760000228881836,15.760000228881836,15.760000228881836,15.760000228881836,4100,0.0,0.0,0.0
2024-10-25 03:45:00+00:00,15.770000457763672,15.770000457763672,15.760000228881836,15.760000228881836,26179,0.0,0.0,0.0
2024-10-25 03:50:00+00:00,15.760000228881836,15.760000228881836,15.760000228881836,15.760000228881836,4085,0.0,0.0,0.0
2024-10-25 03:55:00+00:00,15.760000228881836,15.760000228881836,15.75,15.75,36439,0.0,0.0,0.0
2024-10-25 04:00:00+00:00,15.75,15.75,15.75,15.75,3000,0.0,0.0,0.0
2024-10-25 04:05:00+00:00,15.760000228881836,15.760000228881836,15.75,15.75,7878,0.0,0.0,0.0
2024-10-25 04:15:00+00:00,15.760000228881836,15.760000228881836,15.760000228881836,15.760000228881836,21000,0.0,0.0,0.0
2024-10-25 04:20:00+00:00,15.770000457763672,15.770000457763672,15.760000228881836,15.760000228881836,16336,0.0,0.0,0.0
2024-10-25 04:25:00+00:00,15.770000457763672,15.770000457763672,15.760000228881836,15.760000228881836,7650,0.0,0.0,0.0
2024-10-25 04:30:00+00:00,15.760000228881836,15.760000228881836,15.760000228881836,15.760000228881836,13435,0.0,0.0,0.0
2024-10-25 04:35:00+00:00,15.760000228881836,15.770000457763672,15.760000228881836,15.760000228881836,45112,0.0,0.0,0.0
2024-10-25 04:40:00+00:00,15.760000228881836,15.760000228881836,15.760000228881836,15.760000228881836,43230,0.0,0.0,0.0
2024-10-25 04:45:00+00:00,15.760000228881836,15.760000228881836,15.75,15.760000228881836,14372,0.0,0.0,0.0
2024-10-25 04:50:00+00:00,15.760000228881836,15.770000457763672,15.760000228881836,15.770000457763672,27200,0.0,0.0,0.0
2024-10-25 05:00:00+00:00,15.760000228881836,15.760000228881836,15.760000228881836,15.760000228881836,32070,0.0,0.0,0.0
2024-10-25 05:05:00+00:00,15.760000228881836,15.760000228881836,15.760000228881836,15.760000228881836,7010,0.0,0.0,0.0
2024-10-25 05:10:00+00:00,15.760000228881836,15.770000457763672,15.760000228881836,15.770000457763672,5142,0.0,0.0,0.0
2024-10-28 01:00:00+00:00,15.800000190734863,15.850000381469727,15.800000190734863,15.829999923706055,0,0.0,0.0,0.0
2024-10-28 01:05:00+00:00,15.829999923706055,15.829999923706055,15.800000190734863,15.800000190734863,51733,0.0,0.0,0.0
2024-10-28 01:10:00+00:00,15.800000190734863,15.829999923706055,15.800000190734863,15.829999923706055,115002,0.0,0.0,0.0
2024-10-28 01:15:00+00:00,15.829999923706055,15.829999923706055,15.819999694824219,15.819999694824219,26778,0.0,0.0,0.0
2024-10-28 01:20:00+00:00,15.819999694824219,15.829999923706055,15.819999694824219,15.819999694824219,42042,0.0,0.0,0.0
2024-10-28 01:25:00+00:00,15.819999694824219,15.829999923706055,15.8100004196167,15.8100004196167,45094,0.0,0.0,0.0
2024-10-28 01:30:00+00:00,15.819999694824219,15.829999923706055,15.8100004196167,15.8100004196167,26376,0.0,0.0,0.0
2024-10-28 01:35:00+00:00,15.8100004196167,15.8100004196167,15.800000190734863,15.8100004196167,59805,0.0,0.0,0.0
2024-10-28 01:40:00+00:00,15.800000190734863,15.8100004196167,15.800000190734863,15.800000190734863,100030,0.0,0.0,0.0
2024-10-28 01:45:00+00:00,15.800000190734863,15.800000190734863,15.789999961853027,15.800000190734863,27788,0.0,0.0,0.0
2024-10-28 01:50:00+00:00,15.789999961853027,15.819999694824219,15.789999961853027,15.819999694824219,77200,0.0,0.0,0.0
2024-10-28 01:55:00+00:00,15.819999694824219,15.819999694824219,15.8100004196167,15.8100004196167,38168,0.0,0.0,0.0
2024-10-28 02:00:00+00:00,15.8100004196167,15.8100004196167,15.789999961853027,15.789999961853027,39560,0.0,0.0,0.0
2024-10-28 02:05:00+00:00,15.789999961853027,15.800000190734863,15.779999732971191,15.800000190734863,46435,0.0,0.0,0.0
2024-10-28 02:10:00+00:00,15.779999732971191,15.789999961853027,15.760000228881836,15.789999961853027,102012,0.0,0.0,0.0
2024-10-28 02:15:00+00:00,15.789999961853027,15.800000190734863,15.789999961853027,15.800000190734863,7207,0.0,0.0,0.0
2024-10-28 02:20:00+00:00,15.800000190734863,15.800000190734863,15.789999961853027,15.789999961853027,5266,0.0,0.0,0.0
2024-10-28 02:25:00+00:00,15.789999961853027,15.789999961853027,15.779999732971191,15.779999732971191,115330,0.0,0.0,0.0
2024-10-28 02:30:00+00:00,15.789999961853027,15.789999961853027,15.779999732971191,15.779999732971191,7345,0.0,0.0,0.0
2024-10-28 02:35:00+00:00,15.779999732971191,15.800000190734863,15.779999732971191,15.800000190734863,107263,0.0,0.0,0.0
2024-10-28 02:40:00+00:00,15.800000190734863,15.800000190734863,15.800000190734863,15.800000190734863,7100,0.0,0.0,0.0
2024-10-28 02:45:00+00:00,15.8100004196167,15.8100004196167,15.800000190734863,15.800000190734863,8273,0.0,0.0,0.0
2024-10-28 02:50:00+00:00,15.800000190734863,15.8100004196167,15.800000190734863,15.8100004196167,12447,0.0,0.0,0.0
2024-10-28 02:55:00+00:00,15.800000190734863,15.8100004196167,15.800000190734863,15.800000190734863,7211,0.0,0.0,0.0
2024-10-28 03:00:00+00:00,15.8100004196167,15.8100004196167,15.8100004196167,15.8100004196167,8201,0.0,0.0,0.0
2024-10-28 03:05:00+00:00,15.8100004196167,15.819999694824219,15.8100004196167,15.819999694824219,19068,0.0,0.0,0.0
2024-10-28 03:10:00+00:00,15.8100004196167,15.8100004196167,15.8100004196167,15.8100004196167,2792,0.0,0.0,0.0
2024-10-28 03:15:00+00:00,15.8100004196167,15.8100004196167,15.8100004196167,15.8100004196167,3813,0.0,0.0,0.0
2024-10-28 03:20:00+00:00,15.800000190734863,15.800000190734863,15.800000190734863,15.800000190734863,28350,0.0,0.0,0.0
2024-10-28 03:30:00+00:00,15.800000190734863,15.800000190734863,15.800000190734863,15.800000190734863,4875,0.0,0.0,0.0
2024-10-28 03:35:00+00:00,15.800000190734863,15.800000190734863,15.789999961853027,15.789999961853027,21261,0.0,0.0,0.0
2024-10-28 03:40:00+00:00,15.789999961853027,15.789999961853027,15.779999732971191,15.779999732971191,35346,0.0,0.0,0.0
2024-10-28 03:45:00+00:00,15.779999732971191,15.779999732971191,15.779999732971191,15.779999732971191,16815,0.0,0.0,0.0
2024-10-28 03:50:00+00:00,15.779999732971191,15.779999732971191,15.779999732971191,15.779999732971191,3350,0.0,0.0,0.0
2024-10-28 03:55:00+00:00,15.779999732971191,15.779999732971191,15.770000457763672,15.770000457763672,3890,0.0,0.0,0.0
2024-10-28 04:05:00+00:00,15.779999732971191,15.779999732971191,15.779999732971191,15.779999732971191,2045,0.0,0.0,0.0
2024-10-28 04:10:00+00:00,15.789999961853027,15.800000190734863,15.789999961853027,15.800000190734863,3850,0.0,0.0,0.0
2024-10-28 04:15:00+00:00,15.789999961853027,15.789999961853027,15.779999732971191,15.779999732971191,12117,0.0,0.0,0.0
2024-10-28 04:20:00+00:00,15.800000190734863,15.8100004196167,15.800000190734863,15.8100004196167,117308,0.0,0.0,0.0
2024-10-28 04:25:00+00:00,15.800000190734863,15.800000190734863,15.789999961853027,15.789999961853027,14684,0.0,0.0,0.0
2024-10-28 04:30:00+00:00,15.789999961853027,15.789999961853027,15.779999732971191,15.779999732971191,13398,0.0,0.0,0.0
2024-10-28 04:35:00+00:00,15.800000190734863,15.800000190734863,15.779999732971191,15.779999732971191,4335,0.0,0.0,0.0
2024-10-28 04:40:00+00:00,15.789999961853027,15.789999961853027,15.779999732971191,15.779999732971191,4199,0.0,0.0,0.0
2024-10-28 04:45:00+00:00,15.800000190734863,15.800000190734863,15.789999961853027,15.800000190734863,13058,0.0,0.0,0.0
2024-10-28 04:50:00+00:00,15.800000190734863,15.8100004196167,15.800000190734863,15.8100004196167,108326,0.0,0.0,0.0
2024-10-28 04:55:00+00:00,15.800000190734863,15.800000190734863,15.800000190734863,15.800000190734863,6608,0.0,0.0,0.0
2024-10-28 05:00:00+00:00,15.8100004196167,15.829999923706055,15.8100004196167,15.819999694824219,167907,0.0,0.0,0.0
2024-10-28 05:05:00+00:00,15.819999694824219,15.819999694824219,15.8100004196167,15.819999694824219,5300,0.0,0.0,0.0
2024-10-28 05:10:00+00:00,15.8100004196167,15.8100004196167,15.8100004196167,15.8100004196167,2102,0.0,0.0,0.0
2024-10-29 01:00:00+00:00,15.739999771118164,15.779999732971191,15.739999771118164,15.760000228881836,0,0.0,0.0,0.0
2024-10-29 01:05:00+00:00,15.75,15.75,15.699999809265137,15.710000038146973,127000,0.0,0.0,0.0
2024-10-29 01:10:00+00:00,15.720000267028809,15.729999542236328,15.699999809265137,15.699999809265137,254344,0.0,0.0,0.0
2024-10-29 01:15:00+00:00,15.699999809265137,15.699999809265137,15.680000305175781,15.6899995803833,129011,0.0,0.0,0.0
2024-10-29 01:20:00+00:00,15.6899995803833,15.720000267028809,15.6899995803833,15.720000267028809,129304,0.0,0.0,0.0
2024-10-29 01:25:00+00:00,15.720000267028809,15.720000267028809,15.710000038146973,15.710000038146973,36650,0.0,0.0,0.0
2024-10-29 01:30:00+00:00,15.720000267028809,15.739999771118164,15.720000267028809,15.720000267028809,90609,0.0,0.0,0.0
2024-10-29 01:35:00+00:00,15.729999542236328,15.729999542236328,15.699999809265137,15.720000267028809,120300,0.0,0.0,0.0
2024-10-29 01:40:00+00:00,15.720000267028809,15.720000267028809,15.699999809265137,15.699999809265137,65342,0.0,0.0,0.0
2024-10-29 01:45:00+00:00,15.699999809265137,15.699999809265137,15.680000305175781,15.699999809265137,117785,0.0,0.0,0.0
2024-10-29 01:50:00+00:00,15.680000305175781,15.680000305175781,15.680000305175781,15.680000305175781,188043,0.0,0.0,0.0
2024-10-29 01:55:00+00:00,15.680000305175781,15.680000305175781,15.65999984741211,15.65999984741211,154897,0.0,0.0,0.0
2024-10-29 02:00:00+00:00,15.670000076293945,15.670000076293945,15.619999885559082,15.619999885559082,551239,0.0,0.0,0.0
2024-10-29 02:05:00+00:00,15.619999885559082,15.619999885559082,15.609999656677246,15.619999885559082,91127,0.0,0.0,0.0
2024-10-29 02:10:00+00:00,15.619999885559082,15.649999618530273,15.619999885559082,15.640000343322754,26303,0.0,0.0,0.0
2024-10-29 02:15:00+00:00,15.630000114440918,15.640000343322754,15.609999656677246,15.619999885559082,164373,0.0,0.0,0.0
2024-10-29 02:20:00+00:00,15.619999885559082,15.630000114440918,15.619999885559082,15.619999885559082,38656,0.0,0.0,0.0
2024-10-29 02:25:00+00:00,15.619999885559082,15.649999618530273,15.619999885559082,15.649999618530273,55492,0.0,0.0,0.0
2024-10-29 02:30:00+00:00,15.649999618530273,15.649999618530273,15.630000114440918,15.630000114440918,18616,0.0,0.0,0.0
2024-10-29 02:40:00+00:00,15.640000343322754,15.649999618530273,15.640000343322754,15.640000343322754,40223,0.0,0.0,0.0
2024-10-29 02:45:00+00:00,15.670000076293945,15.670000076293945,15.640000343322754,15.649999618530273,90619,0.0,0.0,0.0
2024-10-29 02:50:00+00:00,15.649999618530273,15.649999618530273,15.649999618530273,15.649999618530273,59390,0.0,0.0,0.0
2024-10-29 02:55:00+00:00,15.649999618530273,15.65999984741211,15.649999618530273,15.65999984741211,137600,0.0,0.0,0.0
2024-10-29 03:00:00+00:00,15.6899995803833,15.6899995803833,15.65999984741211,15.680000305175781,16131,0.0,0.0,0.0
2024-10-29 03:05:00+00:00,15.6899995803833,15.6899995803833,15.680000305175781,15.680000305175781,16653,0.0,0.0,0.0
2024-10-29 03:10:00+00:00,15.680000305175781,15.680000305175781,15.680000305175781,15.680000305175781,131300,0.0,0.0,0.0
2024-10-29 03:15:00+00:00,15.670000076293945,15.680000305175781,15.65999984741211,15.65999984741211,87829,0.0,0.0,0.0
2024-10-29 03:20:00+00:00,15.670000076293945,15.670000076293945,15.65999984741211,15.65999984741211,9000,0.0,0.0,0.0
2024-10-29 03:25:00+00:00,15.65999984741211,15.670000076293945,15.65999984741211,15.670000076293945,18531,0.0,0.0,0.0
2024-10-29 03:30:00+00:00,15.670000076293945,15.670000076293945,15.65999984741211,15.65999984741211,14286,0.0,0.0,0.0
2024-10-29 03:35:00+00:00,15.670000076293945,15.670000076293945,15.670000076293945,15.670000076293945,7100,0.0,0.0,0.0
2024-10-29 03:40:00+00:00,15.670000076293945,15.680000305175781,15.65999984741211,15.670000076293945,12020,0.0,0.0,0.0
2024-10-29 03:45:00+00:00,15.680000305175781,15.680000305175781,15.649999618530273,15.649999618530273,133335,0.0,0.0,0.0
2024-10-29 03:50:00+00:00,15.649999618530273,15.65999984741211,15.649999618530273,15.649999618530273,36861,0.0,0.0,0.0
2024-10-29 03:55:00+00:00,15.640000343322754,15.65999984741211,15.640000343322754,15.65999984741211,42060,0.0,0.0,0.0
2024-10-29 04:00:00+00:00,15.65999984741211,15.65999984741211,15.640000343322754,15.649999618530273,25174,0.0,0.0,0.0
2024-10-29 04:05:00+00:00,15.640000343322754,15.649999618530273,15.640000343322754,15.649999618530273,15748,0.0,0.0,0.0
2024-10-29 04:10:00+00:00,15.649999618530273,15.649999618530273,15.649999618530273,15.649999618530273,17200,0.0,0.0,0.0
2024-10-29 04:15:00+00:00,15.65999984741211,15.65999984741211,15.65999984741211,15.65999984741211,3614,0.0,0.0,0.0
2024-10-29 04:20:00+00:00,15.65999984741211,15.65999984741211,15.65999984741211,15.65999984741211,34159,0.0,0.0,0.0
2024-10-29 04:25:00+00:00,15.65999984741211,15.65999984741211,15.649999618530273,15.65999984741211,19100,0.0,0.0,0.0
2024-10-29 04:30:00+00:00,15.670000076293945,15.670000076293945,15.670000076293945,15.670000076293945,12270,0.0,0.0,0.0
2024-10-29 04:35:00+00:00,15.680000305175781,15.680000305175781,15.65999984741211,15.65999984741211,18280,0.0,0.0,0.0
2024-10-29 04:40:00+00:00,15.65999984741211,15.65999984741211,15.65999984741211,15.65999984741211,2600,0.0,0.0,0.0
2024-10-29 04:45:00+00:00,15.680000305175781,15.680000305175781,15.65999984741211,15.65999984741211,46600,0.0,0.0,0.0
2024-10-29 04:50:00+00:00,15.6899995803833,15.6899995803833,15.6899995803833,15.6899995803833,2585,0.0,0.0,0.0
2024-10-29 04:55:00+00:00,15.680000305175781,15.6899995803833,15.680000305175781,15.680000305175781,4221,0.0,0.0,0.0
2024-10-29 05:00:00+00:00,15.680000305175781,15.6899995803833,15.680000305175781,15.6899995803833,14182,0.0,0.0,0.0
2024-10-29 05:05:00+00:00,15.6899995803833,15.6899995803833,15.670000076293945,15.6899995803833,28285,0.0,0.0,0.0
2024-10-29 05:10:00+00:00,15.680000305175781,15.699999809265137,15.680000305175781,15.6899995803833,12410,0.0,0.0,0.0
2024-10-30 01:00:00+00:00,15.760000228881836,15.789999961853027,15.760000228881836,15.779999732971191,0,0.0,0.0,0.0
2024-10-30 01:05:00+00:00,15.779999732971191,15.789999961853027,15.770000457763672,15.779999732971191,37000,0.0,0.0,0.0
2024-10-30 01:10:00+00:00,15.770000457763672,15.770000457763672,15.729999542236328,15.739999771118164,29679,0.0,0.0,0.0
2024-10-30 01:15:00+00:00,15.729999542236328,15.729999542236328,15.720000267028809,15.720000267028809,19127,0.0,0.0,0.0
2024-10-30 01:20:00+00:00,15.729999542236328,15.739999771118164,15.729999542236328,15.739999771118164,16372,0.0,0.0,0.0
2024-10-30 01:25:00+00:00,15.729999542236328,15.729999542236328,15.729999542236328,15.729999542236328,3000,0.0,0.0,0.0
2024-10-30 01:30:00+00:00,15.729999542236328,15.729999542236328,15.720000267028809,15.720000267028809,125770,0.0,0.0,0.0
2024-10-30 01:35:00+00:00,15.720000267028809,15.720000267028809,15.710000038146973,15.710000038146973,52153,0.0,0.0,0.0
2024-10-30 01:40:00+00:00,15.710000038146973,15.720000267028809,15.710000038146973,15.720000267028809,49090,0.0,0.0,0.0
2024-10-30 01:45:00+00:00,15.720000267028809,15.720000267028809,15.699999809265137,15.710000038146973,48402,0.0,0.0,0.0
2024-10-30 01:50:00+00:00,15.699999809265137,15.699999809265137,15.699999809265137,15.699999809265137,14400,0.0,0.0,0.0
2024-10-30 01:55:00+00:00,15.710000038146973,15.710000038146973,15.710000038146973,15.710000038146973,6550,0.0,0.0,0.0
2024-10-30 02:00:00+00:00,15.710000038146973,15.710000038146973,15.710000038146973,15.710000038146973,5810,0.0,0.0,0.0
2024-10-30 02:05:00+00:00,15.710000038146973,15.710000038146973,15.710000038146973,15.710000038146973,5090,0.0,0.0,0.0
2024-10-30 02:10:00+00:00,15.720000267028809,15.720000267028809,15.699999809265137,15.699999809265137,124960,0.0,0.0,0.0
2024-10-30 02:15:00+00:00,15.699999809265137,15.699999809265137,15.699999809265137,15.699999809265137,10200,0.0,0.0,0.0
2024-10-30 02:20:00+00:00,15.710000038146973,15.710000038146973,15.710000038146973,15.710000038146973,1575,0.0,0.0,0.0
2024-10-30 02:25:00+00:00,15.699999809265137,15.699999809265137,15.699999809265137,15.699999809265137,6852,0.0,0.0,0.0
2024-10-30 02:30:00+00:00,15.710000038146973,15.710000038146973,15.710000038146973,15.710000038146973,3348,0.0,0.0,0.0
2024-10-30 02:35:00+00:00,15.710000038146973,15.710000038146973,15.710000038146973,15.710000038146973,10632,0.0,0.0,0.0
2024-10-30 02:40:00+00:00,15.710000038146973,15.710000038146973,15.710000038146973,15.710000038146973,11512,0.0,0.0,0.0
2024-10-30 02:45:00+00:00,15.710000038146973,15.720000267028809,15.710000038146973,15.720000267028809,4000,0.0,0.0,0.0
2024-10-30 02:50:00+00:00,15.710000038146973,15.710000038146973,15.710000038146973,15.710000038146973,1447,0.0,0.0,0.0
2024-10-30 03:00:00+00:00,15.710000038146973,15.710000038146973,15.710000038146973,15.710000038146973,5000,0.0,0.0,0.0
2024-10-30 03:05:00+00:00,15.710000038146973,15.720000267028809,15.699999809265137,15.699999809265137,46220,0.0,0.0,0.0
2024-10-30 03:10:00+00:00,15.699999809265137,15.699999809265137,15.699999809265137,15.699999809265137,127280,0.0,0.0,0.0
2024-10-30 03:15:00+00:00,15.699999809265137,15.699999809265137,15.699999809265137,15.699999809265137,18400,0.0,0.0,0.0
2024-10-30 03:20:00+00:00,15.699999809265137,15.699999809265137,15.699999809265137,15.699999809265137,9260,0.0,0.0,0.0
2024-10-30 03:25:00+00:00,15.710000038146973,15.710000038146973,15.710000038146973,15.710000038146973,2975,0.0,0.0,0.0
2024-10-30 03:30:00+00:00,15.699999809265137,15.699999809265137,15.699999809265137,15.699999809265137,17542,0.0,0.0,0.0
2024-10-30 03:40:00+00:00,15.699999809265137,15.699999809265137,15.699999809265137,15.699999809265137,2162,0.0,0.0,0.0
2024-10-30 03:45:00+00:00,15.6899995803833,15.6899995803833,15.6899995803833,15.6899995803833,67000,0.0,0.0,0.0
2024-10-30 03:50:00+00:00,15.6899995803833,15.6899995803833,15.6899995803833,15.6899995803833,5100,0.0,0.0,0.0
2024-10-30 03:55:00+00:00,15.6899995803833,15.6899995803833,15.6899995803833,15.6899995803833,2055,0.0,0.0,0.0
2024-10-30 04:05:00+00:00,15.6899995803833,15.6899995803833,15.6899995803833,15.6899995803833,6481,0.0,0.0,0.0
2024-10-30 04:20:00+00:00,15.6899995803833,15.6899995803833,15.6899995803833,15.6899995803833,72400,0.0,0.0,0.0
2024-10-30 04:25:00+00:00,15.6899995803833,15.6899995803833,15.6899995803833,15.6899995803833,9954,0.0,0.0,0.0
2024-10-30 04:30:00+00:00,15.6899995803833,15.6899995803833,15.6899995803833,15.6899995803833,4612,0.0,0.0,0.0
2024-10-30 04:35:00+00:00,15.6899995803833,15.6899995803833,15.6899995803833,15.6899995803833,12597,0.0,0.0,0.0
2024-10-30 04:40:00+00:00,15.6899995803833,15.6899995803833,15.680000305175781,15.680000305175781,31086,0.0,0.0,0.0
2024-10-30 04:45:00+00:00,15.6899995803833,15.6899995803833,15.680000305175781,15.680000305175781,113842,0.0,0.0,0.0
2024-10-30 04:50:00+00:00,15.680000305175781,15.680000305175781,15.680000305175781,15.680000305175781,20100,0.0,0.0,0.0
2024-10-30 04:55:00+00:00,15.680000305175781,15.680000305175781,15.680000305175781,15.680000305175781,7736,0.0,0.0,0.0
2024-10-30 05:00:00+00:00,15.680000305175781,15.680000305175781,15.680000305175781,15.680000305175781,27329,0.0,0.0,0.0
2024-10-30 05:05:00+00:00,15.680000305175781,15.6899995803833,15.680000305175781,15.6899995803833,81444,0.0,0.0,0.0
2024-10-30 05:10:00+00:00,15.699999809265137,15.710000038146973,15.699999809265137,15.710000038146973,22368,0.0,0.0,0.0
2024-10-30 05:15:00+00:00,15.710000038146973,15.710000038146973,15.710000038146973,15.710000038146973,3000,0.0,0.0,0.0
2024-10-30 05:20:00+00:00,15.710000038146973,15.720000267028809,15.699999809265137,15.710000038146973,98422,0.0,0.0,0.0
2024-11-01 01:00:00+00:00,15.510000228881836,15.600000381469727,15.5,15.550000190734863,0,0.0,0.0,0.0
2024-11-01 01:05:00+00:00,15.569999694824219,15.600000381469727,15.529999732971191,15.5600004196167,438000,0.0,0.0,0.0
2024-11-01 01:10:00+00:00,15.550000190734863,15.5600004196167,15.539999961853027,15.539999961853027,108980,0.0,0.0,0.0
2024-11-01 01:15:00+00:00,15.5600004196167,15.5600004196167,15.529999732971191,15.529999732971191,117961,0.0,0.0,0.0
2024-11-01 01:20:00+00:00,15.539999961853027,15.569999694824219,15.539999961853027,15.550000190734863,41521,0.0,0.0,0.0
2024-11-01 01:25:00+00:00,15.539999961853027,15.550000190734863,15.529999732971191,15.529999732971191,89370,0.0,0.0,0.0
2024-11-01 01:30:00+00:00,15.529999732971191,15.529999732971191,15.5,15.510000228881836,143423,0.0,0.0,0.0
2024-11-01 01:35:00+00:00,15.510000228881836,15.520000457763672,15.489999771118164,15.520000457763672,427317,0.0,0.0,0.0
2024-11-01 01:40:00+00:00,15.510000228881836,15.520000457763672,15.5,15.5,104593,0.0,0.0,0.0
2024-11-01 01:45:00+00:00,15.510000228881836,15.510000228881836,15.5,15.5,66960,0.0,0.0,0.0
2024-11-01 01:50:00+00:00,15.510000228881836,15.510000228881836,15.5,15.5,109124,0.0,0.0,0.0
2024-11-01 01:55:00+00:00,15.510000228881836,15.520000457763672,15.510000228881836,15.520000457763672,18924,0.0,0.0,0.0
2024-11-01 02:00:00+00:00,15.520000457763672,15.520000457763672,15.510000228881836,15.510000228881836,93208,0.0,0.0,0.0
2024-11-01 02:05:00+00:00,15.5,15.5,15.479999542236328,15.489999771118164,274188,0.0,0.0,0.0
2024-11-01 02:10:00+00:00,15.489999771118164,15.5,15.479999542236328,15.479999542236328,140895,0.0,0.0,0.0
2024-11-01 02:15:00+00:00,15.489999771118164,15.489999771118164,15.479999542236328,15.479999542236328,153019,0.0,0.0,0.0
2024-11-01 02:20:00+00:00,15.489999771118164,15.5,15.489999771118164,15.5,139593,0.0,0.0,0.0
2024-11-01 02:25:00+00:00,15.5,15.5,15.5,15.5,44500,0.0,0.0,0.0
2024-11-01 02:30:00+00:00,15.5,15.5,15.489999771118164,15.5,51239,0.0,0.0,0.0
2024-11-01 02:35:00+00:00,15.5,15.5,15.5,15.5,3430,0.0,0.0,0.0
2024-11-01 02:40:00+00:00,15.510000228881836,15.510000228881836,15.510000228881836,15.510000228881836,80236,0.0,0.0,0.0
2024-11-01 02:45:00+00:00,15.510000228881836,15.520000457763672,15.510000228881836,15.520000457763672,6364,0.0,0.0,0.0
2024-11-01 02:50:00+00:00,15.520000457763672,15.539999961853027,15.520000457763672,15.539999961853027,3100,0.0,0.0,0.0
2024-11-01 02:55:00+00:00,15.529999732971191,15.550000190734863,15.529999732971191,15.550000190734863,37367,0.0,0.0,0.0
2024-11-01 03:00:00+00:00,15.550000190734863,15.569999694824219,15.550000190734863,15.569999694824219,27943,0.0,0.0,0.0
2024-11-01 03:05:00+00:00,15.569999694824219,15.579999923706055,15.569999694824219,15.579999923706055,69080,0.0,0.0,0.0
2024-11-01 03:10:00+00:00,15.579999923706055,15.59000015258789,15.579999923706055,15.59000015258789,6696,0.0,0.0,0.0
2024-11-01 03:15:00+00:00,15.579999923706055,15.579999923706055,15.579999923706055,15.579999923706055,24855,0.0,0.0,0.0
2024-11-01 03:20:00+00:00,15.579999923706055,15.579999923706055,15.579999923706055,15.579999923706055,2350,0.0,0.0,0.0
2024-11-01 03:25:00+00:00,15.579999923706055,15.579999923706055,15.569999694824219,15.569999694824219,108350,0.0,0.0,0.0
2024-11-01 03:30:00+00:00,15.569999694824219,15.579999923706055,15.569999694824219,15.579999923706055,9100,0.0,0.0,0.0
2024-11-01 03:35:00+00:00,15.579999923706055,15.59000015258789,15.579999923706055,15.59000015258789,91000,0.0,0.0,0.0
2024-11-01 03:40:00+00:00,15.59000015258789,15.59000015258789,15.59000015258789,15.59000015258789,1100,0.0,0.0,0.0
2024-11-01 03:45:00+00:00,15.600000381469727,15.609999656677246,15.600000381469727,15.600000381469727,82500,0.0,0.0,0.0
2024-11-01 03:50:00+00:00,15.609999656677246,15.619999885559082,15.609999656677246,15.619999885559082,58285,0.0,0.0,0.0
2024-11-01 03:55:00+00:00,15.619999885559082,15.619999885559082,15.619999885559082,15.619999885559082,1050,0.0,0.0,0.0
2024-11-01 04:00:00+00:00,15.630000114440918,15.630000114440918,15.630000114440918,15.630000114440918,1165,0.0,0.0,0.0
2024-11-01 04:05:00+00:00,15.630000114440918,15.640000343322754,15.630000114440918,15.640000343322754,23135,0.0,0.0,0.0
2024-11-01 04:10:00+00:00,15.640000343322754,15.640000343322754,15.630000114440918,15.630000114440918,4300,0.0,0.0,0.0
2024-11-01 04:15:00+00:00,15.630000114440918,15.630000114440918,15.630000114440918,15.630000114440918,2256,0.0,0.0,0.0
2024-11-01 04:20:00+00:00,15.640000343322754,15.640000343322754,15.640000343322754,15.640000343322754,5895,0.0,0.0,0.0
2024-11-01 04:25:00+00:00,15.640000343322754,15.640000343322754,15.640000343322754,15.640000343322754,3080,0.0,0.0,0.0
2024-11-01 04:30:00+00:00,15.640000343322754,15.640000343322754,15.640000343322754,15.640000343322754,15295,0.0,0.0,0.0
2024-11-01 04:40:00+00:00,15.640000343322754,15.640000343322754,15.630000114440918,15.630000114440918,32694,0.0,0.0,0.0
2024-11-01 04:45:00+00:00,15.649999618530273,15.649999618530273,15.649999618530273,15.649999618530273,1072,0.0,0.0,0.0
2024-11-01 04:50:00+00:00,15.649999618530273,15.649999618530273,15.649999618530273,15.649999618530273,8640,0.0,0.0,0.0
2024-11-01 04:55:00+00:00,15.640000343322754,15.649999618530273,15.640000343322754,15.649999618530273,7338,0.0,0.0,0.0
2024-11-01 05:00:00+00:00,15.649999618530273,15.649999618530273,15.640000343322754,15.640000343322754,10580,0.0,0.0,0.0
2024-11-01 05:05:00+00:00,15.649999618530273,15.649999618530273,15.649999618530273,15.649999618530273,15215,0.0,0.0,0.0
2024-11-01 05:10:00+00:00,15.65999984741211,15.65999984741211,15.649999618530273,15.649999618530273,14185,0.0,0.0,0.0
2024-11-01 05:15:00+00:00,15.649999618530273,15.65999984741211,15.649999618530273,15.65999984741211,90814,0.0,0.0,0.0
2024-11-01 05:20:00+00:00,15.65999984741211,15.65999984741211,15.630000114440918,15.630000114440918,56840,0.0,0.0,0.0
2024-11-04 01:00:00+00:00,15.649999618530273,15.65999984741211,15.649999618530273,15.649999618530273,0,0.0,0.0,0.0
2024-11-04 01:05:00+00:00,15.640000343322754,15.649999618530273,15.640000343322754,15.649999618530273,133003,0.0,0.0,0.0
2024-11-04 01:10:00+00:00,15.649999618530273,15.670000076293945,15.649999618530273,15.670000076293945,52872,0.0,0.0,0.0
2024-11-04 01:15:00+00:00,15.670000076293945,15.670000076293945,15.65999984741211,15.670000076293945,31492,0.0,0.0,0.0
2024-11-04 01:20:00+00:00,15.65999984741211,15.680000305175781,15.65999984741211,15.670000076293945,47010,0.0,0.0,0.0
2024-11-04 01:25:00+00:00,15.6899995803833,15.710000038146973,15.680000305175781,15.710000038146973,122000,0.0,0.0,0.0
2024-11-04 01:30:00+00:00,15.710000038146973,15.710000038146973,15.6899995803833,15.6899995803833,24413,0.0,0.0,0.0
2024-11-04 01:35:00+00:00,15.699999809265137,15.699999809265137,15.6899995803833,15.6899995803833,57490,0.0,0.0,0.0
2024-11-04 01:40:00+00:00,15.6899995803833,15.6899995803833,15.680000305175781,15.680000305175781,140030,0.0,0.0,0.0
2024-11-04 01:45:00+00:00,15.6899995803833,15.699999809265137,15.6899995803833,15.6899995803833,55155,0.0,0.0,0.0
2024-11-04 01:50:00+00:00,15.680000305175781,15.699999809265137,15.680000305175781,15.699999809265137,51180,0.0,0.0,0.0
2024-11-04 01:55:00+00:00,15.699999809265137,15.710000038146973,15.6899995803833,15.710000038146973,135250,0.0,0.0,0.0
2024-11-04 02:00:00+00:00,15.710000038146973,15.710000038146973,15.6899995803833,15.699999809265137,5514,0.0,0.0,0.0
2024-11-04 02:05:00+00:00,15.6899995803833,15.6899995803833,15.680000305175781,15.6899995803833,12537,0.0,0.0,0.0
2024-11-04 02:10:00+00:00,15.6899995803833,15.6899995803833,15.670000076293945,15.670000076293945,38501,0.0,0.0,0.0
2024-11-04 02:15:00+00:00,15.670000076293945,15.670000076293945,15.649999618530273,15.65999984741211,81499,0.0,0.0,0.0
2024-11-04 02:20:00+00:00,15.65999984741211,15.680000305175781,15.65999984741211,15.670000076293945,33114,0.0,0.0,0.0
2024-11-04 02:25:00+00:00,15.680000305175781,15.6899995803833,15.680000305175781,15.680000305175781,8357,0.0,0.0,0.0
2024-11-04 02:30:00+00:00,15.6899995803833,15.699999809265137,15.680000305175781,15.699999809265137,75086,0.0,0.0,0.0
2024-11-04 02:35:00+00:00,15.699999809265137,15.699999809265137,15.699999809265137,15.699999809265137,49048,0.0,0.0,0.0
2024-11-04 02:40:00+00:00,15.699999809265137,15.710000038146973,15.699999809265137,15.710000038146973,19201,0.0,0.0,0.0
2024-11-04 02:45:00+00:00,15.710000038146973,15.710000038146973,15.6899995803833,15.6899995803833,21904,0.0,0.0,0.0
2024-11-04 02:50:00+00:00,15.6899995803833,15.699999809265137,15.6899995803833,15.699999809265137,12200,0.0,0.0,0.0
2024-11-04 02:55:00+00:00,15.699999809265137,15.699999809265137,15.699999809265137,15.699999809265137,23091,0.0,0.0,0.0
2024-11-04 03:00:00+00:00,15.699999809265137,15.710000038146973,15.699999809265137,15.699999809265137,67955,0.0,0.0,0.0
2024-11-04 03:05:00+00:00,15.699999809265137,15.699999809265137,15.699999809265137,15.699999809265137,1000,0.0,0.0,0.0
2024-11-04 03:10:00+00:00,15.699999809265137,15.729999542236328,15.699999809265137,15.710000038146973,177532,0.0,0.0,0.0
2024-11-04 03:15:00+00:00,15.729999542236328,15.729999542236328,15.710000038146973,15.720000267028809,37558,0.0,0.0,0.0
2024-11-04 03:20:00+00:00,15.710000038146973,15.710000038146973,15.710000038146973,15.710000038146973,6450,0.0,0.0,0.0
2024-11-04 03:25:00+00:00,15.720000267028809,15.720000267028809,15.720000267028809,15.720000267028809,4000,0.0,0.0,0.0
2024-11-04 03:30:00+00:00,15.729999542236328,15.729999542236328,15.720000267028809,15.720000267028809,14176,0.0,0.0,0.0
2024-11-04 03:35:00+00:00,15.710000038146973,15.720000267028809,15.710000038146973,15.720000267028809,3117,0.0,0.0,0.0
2024-11-04 03:40:00+00:00,15.720000267028809,15.720000267028809,15.720000267028809,15.720000267028809,6034,0.0,0.0,0.0
2024-11-04 03:45:00+00:00,15.720000267028809,15.720000267028809,15.720000267028809,15.720000267028809,5100,0.0,0.0,0.0
2024-11-04 03:50:00+00:00,15.720000267028809,15.720000267028809,15.720000267028809,15.720000267028809,4140,0.0,0.0,0.0
2024-11-04 03:55:00+00:00,15.710000038146973,15.729999542236328,15.710000038146973,15.720000267028809,17000,0.0,0.0,0.0
2024-11-04 04:00:00+00:00,15.720000267028809,15.720000267028809,15.710000038146973,15.720000267028809,13812,0.0,0.0,0.0
2024-11-04 04:05:00+00:00,15.729999542236328,15.729999542236328,15.720000267028809,15.720000267028809,2100,0.0,0.0,0.0
2024-11-04 04:10:00+00:00,15.710000038146973,15.710000038146973,15.699999809265137,15.699999809265137,9520,0.0,0.0,0.0
2024-11-04 04:15:00+00:00,15.710000038146973,15.710000038146973,15.699999809265137,15.699999809265137,22881,0.0,0.0,0.0
2024-11-04 04:20:00+00:00,15.699999809265137,15.699999809265137,15.6899995803833,15.699999809265137,6201,0.0,0.0,0.0
2024-11-04 04:25:00+00:00,15.699999809265137,15.699999809265137,15.699999809265137,15.699999809265137,17382,0.0,0.0,0.0
2024-11-04 04:30:00+00:00,15.699999809265137,15.710000038146973,15.699999809265137,15.699999809265137,44106,0.0,0.0,0.0
2024-11-04 04:35:00+00:00,15.710000038146973,15.710000038146973,15.699999809265137,15.710000038146973,16000,0.0,0.0,0.0
2024-11-04 04:40:00+00:00,15.710000038146973,15.720000267028809,15.710000038146973,15.720000267028809,38267,0.0,0.0,0.0
2024-11-04 04:45:00+00:00,15.720000267028809,15.729999542236328,15.720000267028809,15.720000267028809,7000,0.0,0.0,0.0
2024-11-04 04:50:00+00:00,15.720000267028809,15.729999542236328,15.720000267028809,15.729999542236328,12100,0.0,0.0,0.0
2024-11-04 04:55:00+00:00,15.720000267028809,15.729999542236328,15.710000038146973,15.729999542236328,75667,0.0,0.0,0.0
2024-11-04 05:00:00+00:00,15.739999771118164,15.739999771118164,15.720000267028809,15.729999542236328,58333,0.0,0.0,0.0
2024-11-04 05:05:00+00:00,15.720000267028809,15.720000267028809,15.710000038146973,15.710000038146973,179005,0.0,0.0,0.0
2024-11-04 05:10:00+00:00,15.710000038146973,15.710000038146973,15.699999809265137,15.710000038146973,39040,0.0,0.0,0.0
2024-11-05 01:00:00+00:00,15.710000038146973,15.710000038146973,15.670000076293945,15.6899995803833,0,0.0,0.0,0.0
2024-11-05 01:05:00+00:00,15.6899995803833,15.699999809265137,15.6899995803833,15.699999809265137,16949,0.0,0.0,0.0
2024-11-05 01:10:00+00:00,15.710000038146973,15.710000038146973,15.680000305175781,15.680000305175781,29825,0.0,0.0,0.0
2024-11-05 01:15:00+00:00,15.680000305175781,15.680000305175781,15.680000305175781,15.680000305175781,2761,0.0,0.0,0.0
2024-11-05 01:20:00+00:00,15.680000305175781,15.6899995803833,15.680000305175781,15.6899995803833,2000,0.0,0.0,0.0
2024-11-05 01:25:00+00:00,15.6899995803833,15.6899995803833,15.670000076293945,15.670000076293945,75569,0.0,0.0,0.0
2024-11-05 01:30:00+00:00,15.6899995803833,15.699999809265137,15.6899995803833,15.699999809265137,35178,0.0,0.0,0.0
2024-11-05 01:35:00+00:00,15.699999809265137,15.699999809265137,15.699999809265137,15.699999809265137,63000,0.0,0.0,0.0
2024-11-05 01:40:00+00:00,15.699999809265137,15.75,15.699999809265137,15.75,227945,0.0,0.0,0.0
2024-11-05 01:45:00+00:00,15.760000228881836,15.789999961853027,15.75,15.779999732971191,178050,0.0,0.0,0.0
2024-11-05 01:50:00+00:00,15.779999732971191,15.779999732971191,15.75,15.75,17462,0.0,0.0,0.0
2024-11-05 01:55:00+00:00,15.770000457763672,15.770000457763672,15.770000457763672,15.770000457763672,19156,0.0,0.0,0.0
2024-11-05 02:00:00+00:00,15.760000228881836,15.770000457763672,15.760000228881836,15.770000457763672,31050,0.0,0.0,0.0
2024-11-05 02:05:00+00:00,15.760000228881836,15.760000228881836,15.75,15.75,73018,0.0,0.0,0.0
2024-11-05 02:10:00+00:00,15.75,15.75,15.729999542236328,15.729999542236328,37463,0.0,0.0,0.0
2024-11-05 02:15:00+00:00,15.729999542236328,15.729999542236328,15.729999542236328,15.729999542236328,25090,0.0,0.0,0.0
2024-11-05 02:20:00+00:00,15.739999771118164,15.739999771118164,15.729999542236328,15.729999542236328,28000,0.0,0.0,0.0
2024-11-05 02:25:00+00:00,15.729999542236328,15.75,15.729999542236328,15.75,38000,0.0,0.0,0.0
2024-11-05 02:30:00+00:00,15.75,15.760000228881836,15.75,15.760000228881836,11000,0.0,0.0,0.0
2024-11-05 02:35:00+00:00,15.760000228881836,15.770000457763672,15.760000228881836,15.770000457763672,9031,0.0,0.0,0.0
2024-11-05 02:40:00+00:00,15.770000457763672,15.779999732971191,15.760000228881836,15.760000228881836,72096,0.0,0.0,0.0
2024-11-05 02:45:00+00:00,15.760000228881836,15.770000457763672,15.760000228881836,15.760000228881836,5210,0.0,0.0,0.0
2024-11-05 02:50:00+00:00,15.760000228881836,15.770000457763672,15.760000228881836,15.770000457763672,35192,0.0,0.0,0.0
2024-11-05 02:55:00+00:00,15.770000457763672,15.770000457763672,15.770000457763672,15.770000457763672,26500,0.0,0.0,0.0
2024-11-05 03:00:00+00:00,15.770000457763672,15.779999732971191,15.770000457763672,15.779999732971191,11800,0.0,0.0,0.0
2024-11-05 03:05:00+00:00,15.779999732971191,15.779999732971191,15.770000457763672,15.770000457763672,82200,0.0,0.0,0.0
2024-11-05 03:10:00+00:00,15.770000457763672,15.779999732971191,15.770000457763672,15.779999732971191,49582,0.0,0.0,0.0
2024-11-05 03:15:00+00:00,15.779999732971191,15.779999732971191,15.779999732971191,15.779999732971191,1477,0.0,0.0,0.0
2024-11-05 03:20:00+00:00,15.779999732971191,15.779999732971191,15.779999732971191,15.779999732971191,22000,0.0,0.0,0.0
2024-11-05 03:25:00+00:00,15.779999732971191,15.779999732971191,15.779999732971191,15.779999732971191,11113,0.0,0.0,0.0
2024-11-05 03:30:00+00:00,15.789999961853027,15.789999961853027,15.789999961853027,15.789999961853027,155000,0.0,0.0,0.0
2024-11-05 03:35:00+00:00,15.779999732971191,15.779999732971191,15.779999732971191,15.779999732971191,3000,0.0,0.0,0.0
2024-11-05 03:40:00+00:00,15.779999732971191,15.779999732971191,15.779999732971191,15.779999732971191,5000,0.0,0.0,0.0
2024-11-05 03:50:00+00:00,15.789999961853027,15.789999961853027,15.789999961853027,15.789999961853027,20283,0.0,0.0,0.0
2024-11-05 03:55:00+00:00,15.789999961853027,15.800000190734863,15.779999732971191,15.800000190734863,97000,0.0,0.0,0.0
2024-11-05 04:00:00+00:00,15.800000190734863,15.800000190734863,15.789999961853027,15.789999961853027,44030,0.0,0.0,0.0
2024-11-05 04:05:00+00:00,15.789999961853027,15.800000190734863,15.789999961853027,15.789999961853027,12100,0.0,0.0,0.0
2024-11-05 04:10:00+00:00,15.789999961853027,15.789999961853027,15.789999961853027,15.789999961853027,3000,0.0,0.0,0.0
2024-11-05 04:15:00+00:00,15.789999961853027,15.789999961853027,15.779999732971191,15.789999961853027,7000,0.0,0.0,0.0
2024-11-05 04:20:00+00:00,15.789999961853027,15.789999961853027,15.789999961853027,15.789999961853027,100300,0.0,0.0,0.0
2024-11-05 04:25:00+00:00,15.789999961853027,15.800000190734863,15.789999961853027,15.800000190734863,53649,0.0,0.0,0.0
2024-11-05 04:30:00+00:00,15.800000190734863,15.800000190734863,15.789999961853027,15.789999961853027,28536,0.0,0.0,0.0
2024-11-05 04:35:00+00:00,15.789999961853027,15.789999961853027,15.789999961853027,15.789999961853027,8213,0.0,0.0,0.0
2024-11-05 04:40:00+00:00,15.789999961853027,15.789999961853027,15.779999732971191,15.779999732971191,23733,0.0,0.0,0.0
2024-11-05 04:45:00+00:00,15.779999732971191,15.779999732971191,15.779999732971191,15.779999732971191,1620,0.0,0.0,0.0
2024-11-05 04:55:00+00:00,15.779999732971191,15.789999961853027,15.779999732971191,15.789999961853027,26128,0.0,0.0,0.0
2024-11-05 05:00:00+00:00,15.789999961853027,15.789999961853027,15.789999961853027,15.789999961853027,4350,0.0,0.0,0.0
2024-11-05 05:05:00+00:00,15.789999961853027,15.789999961853027,15.789999961853027,15.789999961853027,16644,0.0,0.0,0.0
2024-11-05 05:10:00+00:00,15.789999961853027,15.789999961853027,15.789999961853027,15.789999961853027,12010,0.0,0.0,0.0
2024-11-05 05:15:00+00:00,15.800000190734863,15.800000190734863,15.789999961853027,15.789999961853027,127621,0.0,0.0,0.0
2024-11-05 05:20:00+00:00,15.789999961853027,15.789999961853027,15.779999732971191,15.779999732971191,27025,0.0,0.0,0.0
2024-11-06 01:00:00+00:00,15.829999923706055,15.829999923706055,15.800000190734863,15.800000190734863,0,0.0,0.0,0.0
2024-11-06 01:05:00+00:00,15.789999961853027,15.800000190734863,15.789999961853027,15.789999961853027,32183,0.0,0.0,0.0
2024-11-06 01:10:00+00:00,15.800000190734863,15.800000190734863,15.789999961853027,15.800000190734863,51154,0.0,0.0,0.0
2024-11-06 01:15:00+00:00,15.800000190734863,15.800000190734863,15.800000190734863,15.800000190734863,10163,0.0,0.0,0.0
2024-11-06 01:20:00+00:00,15.800000190734863,15.800000190734863,15.800000190734863,15.800000190734863,18303,0.0,0.0,0.0
2024-11-06 01:25:00+00:00,15.800000190734863,15.800000190734863,15.789999961853027,15.800000190734863,12330,0.0,0.0,0.0
2024-11-06 01:30:00+00:00,15.800000190734863,15.800000190734863,15.779999732971191,15.779999732971191,57670,0.0,0.0,0.0
2024-11-06 01:35:00+00:00,15.779999732971191,15.789999961853027,15.779999732971191,15.789999961853027,35829,0.0,0.0,0.0
2024-11-06 01:40:00+00:00,15.779999732971191,15.789999961853027,15.779999732971191,15.779999732971191,24053,0.0,0.0,0.0
2024-11-06 01:45:00+00:00,15.789999961853027,15.789999961853027,15.760000228881836,15.760000228881836,115061,0.0,0.0,0.0
2024-11-06 01:50:00+00:00,15.760000228881836,15.779999732971191,15.760000228881836,15.779999732971191,12759,0.0,0.0,0.0
2024-11-06 01:55:00+00:00,15.779999732971191,15.779999732971191,15.779999732971191,15.779999732971191,10000,0.0,0.0,0.0
2024-11-06 02:00:00+00:00,15.789999961853027,15.789999961853027,15.779999732971191,15.779999732971191,9541,0.0,0.0,0.0
2024-11-06 02:05:00+00:00,15.779999732971191,15.779999732971191,15.770000457763672,15.779999732971191,21835,0.0,0.0,0.0
2024-11-06 02:10:00+00:00,15.779999732971191,15.779999732971191,15.779999732971191,15.779999732971191,8600,0.0,0.0,0.0
2024-11-06 02:15:00+00:00,15.779999732971191,15.789999961853027,15.779999732971191,15.789999961853027,25157,0.0,0.0,0.0
2024-11-06 02:20:00+00:00,15.789999961853027,15.789999961853027,15.760000228881836,15.760000228881836,86228,0.0,0.0,0.0
2024-11-06 02:25:00+00:00,15.770000457763672,15.770000457763672,15.770000457763672,15.770000457763672,1000,0.0,0.0,0.0
2024-11-06 02:30:00+00:00,15.779999732971191,15.779999732971191,15.770000457763672,15.770000457763672,9946,0.0,0.0,0.0
2024-11-06 02:35:00+00:00,15.779999732971191,15.800000190734863,15.779999732971191,15.800000190734863,100321,0.0,0.0,0.0
2024-11-06 02:40:00+00:00,15.8100004196167,15.8100004196167,15.800000190734863,15.8100004196167,54000,0.0,0.0,0.0
2024-11-06 02:45:00+00:00,15.819999694824219,15.819999694824219,15.8100004196167,15.8100004196167,9430,0.0,0.0,0.0
2024-11-06 02:50:00+00:00,15.800000190734863,15.800000190734863,15.800000190734863,15.800000190734863,48200,0.0,0.0,0.0
2024-11-06 03:00:00+00:00,15.8100004196167,15.819999694824219,15.800000190734863,15.819999694824219,78200,0.0,0.0,0.0
2024-11-06 03:05:00+00:00,15.800000190734863,15.800000190734863,15.800000190734863,15.800000190734863,105050,0.0,0.0,0.0
2024-11-06 03:10:00+00:00,15.800000190734863,15.800000190734863,15.800000190734863,15.800000190734863,1000,0.0,0.0,0.0
2024-11-06 03:15:00+00:00,15.8100004196167,15.819999694824219,15.800000190734863,15.800000190734863,5077,0.0,0.0,0.0
2024-11-06 03:20:00+00:00,15.8100004196167,15.8100004196167,15.800000190734863,15.800000190734863,9131,0.0,0.0,0.0
2024-11-06 03:25:00+00:00,15.800000190734863,15.800000190734863,15.800000190734863,15.800000190734863,6000,0.0,0.0,0.0
2024-11-06 03:30:00+00:00,15.800000190734863,15.800000190734863,15.779999732971191,15.779999732971191,43649,0.0,0.0,0.0
2024-11-06 03:35:00+00:00,15.789999961853027,15.789999961853027,15.789999961853027,15.789999961853027,2000,0.0,0.0,0.0
2024-11-06 03:40:00+00:00,15.789999961853027,15.789999961853027,15.789999961853027,15.789999961853027,2500,0.0,0.0,0.0
2024-11-06 03:45:00+00:00,15.789999961853027,15.789999961853027,15.789999961853027,15.789999961853027,26050,0.0,0.0,0.0
2024-11-06 03:50:00+00:00,15.789999961853027,15.789999961853027,15.789999961853027,15.789999961853027,7577,0.0,0.0,0.0
2024-11-06 03:55:00+00:00,15.789999961853027,15.789999961853027,15.789999961853027,15.789999961853027,11375,0.0,0.0,0.0
2024-11-06 04:00:00+00:00,15.789999961853027,15.789999961853027,15.789999961853027,15.789999961853027,12000,0.0,0.0,0.0
2024-11-06 04:05:00+00:00,15.789999961853027,15.789999961853027,15.779999732971191,15.779999732971191,14252,0.0,0.0,0.0
2024-11-06 04:15:00+00:00,15.789999961853027,15.789999961853027,15.779999732971191,15.779999732971191,51000,0.0,0.0,0.0
2024-11-06 04:20:00+00:00,15.789999961853027,15.789999961853027,15.779999732971191,15.779999732971191,53973,0.0,0.0,0.0
2024-11-06 04:25:00+00:00,15.779999732971191,15.789999961853027,15.779999732971191,15.789999961853027,19200,0.0,0.0,0.0
2024-11-06 04:30:00+00:00,15.789999961853027,15.789999961853027,15.779999732971191,15.789999961853027,35440,0.0,0.0,0.0
2024-11-06 04:35:00+00:00,15.789999961853027,15.800000190734863,15.779999732971191,15.789999961853027,6700,0.0,0.0,0.0
2024-11-06 04:40:00+00:00,15.779999732971191,15.779999732971191,15.779999732971191,15.779999732971191,18628,0.0,0.0,0.0
2024-11-06 04:45:00+00:00,15.779999732971191,15.789999961853027,15.779999732971191,15.789999961853027,5405,0.0,0.0,0.0
2024-11-06 04:50:00+00:00,15.789999961853027,15.789999961853027,15.789999961853027,15.789999961853027,3122,0.0,0.0,0.0
2024-11-06 04:55:00+00:00,15.789999961853027,15.800000190734863,15.789999961853027,15.789999961853027,9002,0.0,0.0,0.0
2024-11-06 05:00:00+00:00,15.800000190734863,15.800000190734863,15.800000190734863,15.800000190734863,4060,0.0,0.0,0.0
2024-11-06 05:05:00+00:00,15.789999961853027,15.8100004196167,15.789999961853027,15.800000190734863,7019,0.0,0.0,0.0
2024-11-06 05:10:00+00:00,15.800000190734863,15.800000190734863,15.800000190734863,15.800000190734863,1000,0.0,0.0,0.0
2024-11-07 01:00:00+00:00,15.760000228881836,15.829999923706055,15.760000228881836,15.829999923706055,0,0.0,0.0,0.0
2024-11-07 01:05:00+00:00,15.850000381469727,15.859999656677246,15.84000015258789,15.84000015258789,43620,0.0,0.0,0.0
2024-11-07 01:10:00+00:00,15.859999656677246,15.899999618530273,15.850000381469727,15.880000114440918,102132,0.0,0.0,0.0
2024-11-07 01:15:00+00:00,15.880000114440918,15.880000114440918,15.859999656677246,15.859999656677246,21198,0.0,0.0,0.0
2024-11-07 01:20:00+00:00,15.859999656677246,15.869999885559082,15.84000015258789,15.84000015258789,19677,0.0,0.0,0.0
2024-11-07 01:25:00+00:00,15.829999923706055,15.829999923706055,15.829999923706055,15.829999923706055,45450,0.0,0.0,0.0
2024-11-07 01:30:00+00:00,15.819999694824219,15.84000015258789,15.819999694824219,15.84000015258789,76235,0.0,0.0,0.0
2024-11-07 01:35:00+00:00,15.84000015258789,15.850000381469727,15.84000015258789,15.84000015258789,108444,0.0,0.0,0.0
2024-11-07 01:40:00+00:00,15.84000015258789,15.859999656677246,15.84000015258789,15.859999656677246,28403,0.0,0.0,0.0
2024-11-07 01:45:00+00:00,15.859999656677246,15.869999885559082,15.84000015258789,15.84000015258789,118330,0.0,0.0,0.0
2024-11-07 01:50:00+00:00,15.84000015258789,15.84000015258789,15.829999923706055,15.829999923706055,34120,0.0,0.0,0.0
2024-11-07 01:55:00+00:00,15.84000015258789,15.850000381469727,15.829999923706055,15.850000381469727,34300,0.0,0.0,0.0
2024-11-07 02:00:00+00:00,15.850000381469727,15.850000381469727,15.819999694824219,15.819999694824219,17086,0.0,0.0,0.0
2024-11-07 02:05:00+00:00,15.819999694824219,15.819999694824219,15.8100004196167,15.8100004196167,24883,0.0,0.0,0.0
2024-11-07 02:10:00+00:00,15.819999694824219,15.819999694824219,15.819999694824219,15.819999694824219,25000,0.0,0.0,0.0
2024-11-07 02:15:00+00:00,15.84000015258789,15.869999885559082,15.84000015258789,15.869999885559082,34610,0.0,0.0,0.0
2024-11-07 02:20:00+00:00,15.869999885559082,15.869999885559082,15.869999885559082,15.869999885559082,9201,0.0,0.0,0.0
2024-11-07 02:25:00+00:00,15.869999885559082,15.880000114440918,15.869999885559082,15.880000114440918,46000,0.0,0.0,0.0
2024-11-07 02:30:00+00:00,15.890000343322754,15.890000343322754,15.890000343322754,15.890000343322754,28076,0.0,0.0,0.0
2024-11-07 02:35:00+00:00,15.890000343322754,15.899999618530273,15.880000114440918,15.899999618530273,391252,0.0,0.0,0.0
2024-11-07 02:40:00+00:00,15.899999618530273,15.899999618530273,15.899999618530273,15.899999618530273,12334,0.0,0.0,0.0
2024-11-07 02:45:00+00:00,15.899999618530273,15.90999984741211,15.899999618530273,15.90999984741211,115010,0.0,0.0,0.0
2024-11-07 02:50:00+00:00,15.90999984741211,15.90999984741211,15.90999984741211,15.90999984741211,16470,0.0,0.0,0.0
2024-11-07 02:55:00+00:00,15.899999618530273,15.899999618530273,15.899999618530273,15.899999618530273,27131,0.0,0.0,0.0
2024-11-07 03:00:00+00:00,15.90999984741211,15.920000076293945,15.90999984741211,15.920000076293945,156175,0.0,0.0,0.0
2024-11-07 03:05:00+00:00,15.90999984741211,15.90999984741211,15.90999984741211,15.90999984741211,21191,0.0,0.0,0.0
2024-11-07 03:10:00+00:00,15.920000076293945,15.920000076293945,15.920000076293945,15.920000076293945,52573,0.0,0.0,0.0
2024-11-07 03:15:00+00:00,15.920000076293945,15.920000076293945,15.90999984741211,15.90999984741211,15100,0.0,0.0,0.0
2024-11-07 03:20:00+00:00,15.90999984741211,15.90999984741211,15.90999984741211,15.90999984741211,74907,0.0,0.0,0.0
2024-11-07 03:25:00+00:00,15.90999984741211,15.90999984741211,15.899999618530273,15.90999984741211,60843,0.0,0.0,0.0
2024-11-07 03:30:00+00:00,15.90999984741211,15.90999984741211,15.90999984741211,15.90999984741211,13000,0.0,0.0,0.0
2024-11-07 03:35:00+00:00,15.90999984741211,15.920000076293945,15.90999984741211,15.920000076293945,39000,0.0,0.0,0.0
2024-11-07 03:40:00+00:00,15.920000076293945,15.930000305175781,15.920000076293945,15.930000305175781,24893,0.0,0.0,0.0
2024-11-07 03:45:00+00:00,15.920000076293945,15.920000076293945,15.920000076293945,15.920000076293945,13000,0.0,0.0,0.0
2024-11-07 03:50:00+00:00,15.90999984741211,15.90999984741211,15.90999984741211,15.90999984741211,7189,0.0,0.0,0.0
2024-11-07 03:55:00+00:00,15.90999984741211,15.90999984741211,15.90999984741211,15.90999984741211,2350,0.0,0.0,0.0
2024-11-07 04:00:00+00:00,15.90999984741211,15.90999984741211,15.899999618530273,15.899999618530273,19000,0.0,0.0,0.0
2024-11-07 04:05:00+00:00,15.899999618530273,15.899999618530273,15.899999618530273,15.899999618530273,25735,0.0,0.0,0.0
2024-11-07 04:10:00+00:00,15.899999618530273,15.899999618530273,15.890000343322754,15.890000343322754,20672,0.0,0.0,0.0
2024-11-07 04:15:00+00:00,15.890000343322754,15.899999618530273,15.890000343322754,15.899999618530273,13090,0.0,0.0,0.0
2024-11-07 04:20:00+00:00,15.899999618530273,15.899999618530273,15.899999618530273,15.899999618530273,1015,0.0,0.0,0.0
2024-11-07 04:25:00+00:00,15.899999618530273,15.899999618530273,15.890000343322754,15.890000343322754,7125,0.0,0.0,0.0
2024-11-07 04:30:00+00:00,15.890000343322754,15.890000343322754,15.890000343322754,15.890000343322754,21200,0.0,0.0,0.0
2024-11-07 04:35:00+00:00,15.899999618530273,15.899999618530273,15.899999618530273,15.899999618530273,115150,0.0,0.0,0.0
2024-11-07 04:40:00+00:00,15.899999618530273,15.90999984741211,15.899999618530273,15.90999984741211,30803,0.0,0.0,0.0
2024-11-07 04:45:00+00:00,15.899999618530273,15.899999618530273,15.899999618530273,15.899999618530273,7558,0.0,0.0,0.0
2024-11-07 04:50:00+00:00,15.90999984741211,15.90999984741211,15.90999984741211,15.90999984741211,165580,0.0,0.0,0.0
2024-11-07 04:55:00+00:00,15.899999618530273,15.90999984741211,15.899999618530273,15.899999618530273,4242,0.0,0.0,0.0
2024-11-07 05:00:00+00:00,15.899999618530273,15.899999618530273,15.899999618530273,15.899999618530273,53050,0.0,0.0,0.0
2024-11-07 05:05:00+00:00,15.899999618530273,15.899999618530273,15.899999618530273,15.899999618530273,22020,0.0,0.0,0.0
2024-11-08 01:00:00+00:00,15.9399995803833,16.010000228881836,15.9399995803833,15.960000038146973,0,0.0,0.0,0.0
2024-11-08 01:05:00+00:00,15.960000038146973,15.979999542236328,15.949999809265137,15.979999542236328,322334,0.0,0.0,0.0
2024-11-08 01:10:00+00:00,15.979999542236328,16.0,15.979999542236328,15.989999771118164,329879,0.0,0.0,0.0
2024-11-08 01:15:00+00:00,15.989999771118164,15.989999771118164,15.979999542236328,15.979999542236328,41484,0.0,0.0,0.0
2024-11-08 01:20:00+00:00,15.970000267028809,15.979999542236328,15.970000267028809,15.979999542236328,42117,0.0,0.0,0.0
2024-11-08 01:25:00+00:00,15.979999542236328,16.0,15.979999542236328,16.0,84090,0.0,0.0,0.0
2024-11-08 01:30:00+00:00,15.979999542236328,15.989999771118164,15.979999542236328,15.989999771118164,17878,0.0,0.0,0.0
2024-11-08 01:35:00+00:00,15.979999542236328,15.989999771118164,15.979999542236328,15.979999542236328,18989,0.0,0.0,0.0
2024-11-08 01:40:00+00:00,15.979999542236328,15.979999542236328,15.970000267028809,15.979999542236328,92733,0.0,0.0,0.0
2024-11-08 01:45:00+00:00,15.979999542236328,15.989999771118164,15.979999542236328,15.989999771118164,5097,0.0,0.0,0.0
2024-11-08 01:50:00+00:00,15.979999542236328,15.979999542236328,15.970000267028809,15.970000267028809,182577,0.0,0.0,0.0
2024-11-08 01:55:00+00:00,15.979999542236328,15.979999542236328,15.970000267028809,15.970000267028809,9143,0.0,0.0,0.0
2024-11-08 02:00:00+00:00,15.970000267028809,15.970000267028809,15.970000267028809,15.970000267028809,2000,0.0,0.0,0.0
2024-11-08 02:05:00+00:00,15.970000267028809,15.970000267028809,15.960000038146973,15.960000038146973,20086,0.0,0.0,0.0
2024-11-08 02:10:00+00:00,15.960000038146973,15.979999542236328,15.960000038146973,15.979999542236328,111040,0.0,0.0,0.0
2024-11-08 02:15:00+00:00,15.989999771118164,15.989999771118164,15.979999542236328,15.989999771118164,102051,0.0,0.0,0.0
2024-11-08 02:20:00+00:00,15.989999771118164,15.989999771118164,15.989999771118164,15.989999771118164,19750,0.0,0.0,0.0
2024-11-08 02:25:00+00:00,15.979999542236328,15.989999771118164,15.979999542236328,15.979999542236328,7262,0.0,0.0,0.0
2024-11-08 02:30:00+00:00,15.979999542236328,15.989999771118164,15.979999542236328,15.979999542236328,19240,0.0,0.0,0.0
2024-11-08 02:35:00+00:00,15.979999542236328,15.979999542236328,15.970000267028809,15.970000267028809,3079,0.0,0.0,0.0
2024-11-08 02:40:00+00:00,15.970000267028809,15.970000267028809,15.970000267028809,15.970000267028809,10378,0.0,0.0,0.0
2024-11-08 02:45:00+00:00,15.970000267028809,15.970000267028809,15.960000038146973,15.970000267028809,32068,0.0,0.0,0.0
2024-11-08 02:50:00+00:00,15.960000038146973,15.970000267028809,15.960000038146973,15.970000267028809,104000,0.0,0.0,0.0
2024-11-08 02:55:00+00:00,15.970000267028809,15.970000267028809,15.960000038146973,15.960000038146973,22040,0.0,0.0,0.0
2024-11-08 03:00:00+00:00,15.960000038146973,15.960000038146973,15.960000038146973,15.960000038146973,2429,0.0,0.0,0.0
2024-11-08 03:05:00+00:00,15.960000038146973,15.960000038146973,15.9399995803833,15.9399995803833,49202,0.0,0.0,0.0
2024-11-08 03:10:00+00:00,15.949999809265137,15.960000038146973,15.949999809265137,15.949999809265137,68100,0.0,0.0,0.0
2024-11-08 03:15:00+00:00,15.949999809265137,15.949999809265137,15.949999809265137,15.949999809265137,2040,0.0,0.0,0.0
2024-11-08 03:20:00+00:00,15.9399995803833,15.9399995803833,15.9399995803833,15.9399995803833,160651,0.0,0.0,0.0
2024-11-08 03:25:00+00:00,15.930000305175781,15.930000305175781,15.930000305175781,15.930000305175781,21212,0.0,0.0,0.0
2024-11-08 03:30:00+00:00,15.930000305175781,15.930000305175781,15.920000076293945,15.930000305175781,62178,0.0,0.0,0.0
2024-11-08 03:40:00+00:00,15.930000305175781,15.930000305175781,15.920000076293945,15.920000076293945,12500,0.0,0.0,0.0
2024-11-08 03:45:00+00:00,15.90999984741211,15.90999984741211,15.90999984741211,15.90999984741211,60000,0.0,0.0,0.0
2024-11-08 03:50:00+00:00,15.90999984741211,15.90999984741211,15.90999984741211,15.90999984741211,14292,0.0,0.0,0.0
2024-11-08 04:00:00+00:00,15.899999618530273,15.899999618530273,15.899999618530273,15.899999618530273,8200,0.0,0.0,0.0
2024-11-08 04:05:00+00:00,15.899999618530273,15.899999618530273,15.890000343322754,15.890000343322754,285129,0.0,0.0,0.0
2024-11-08 04:10:00+00:00,15.890000343322754,15.890000343322754,15.890000343322754,15.890000343322754,98000,0.0,0.0,0.0
2024-11-08 04:15:00+00:00,15.890000343322754,15.899999618530273,15.890000343322754,15.899999618530273,34603,0.0,0.0,0.0
2024-11-08 04:20:00+00:00,15.899999618530273,15.899999618530273,15.899999618530273,15.899999618530273,10100,0.0,0.0,0.0
2024-11-08 04:25:00+00:00,15.890000343322754,15.890000343322754,15.890000343322754,15.890000343322754,14258,0.0,0.0,0.0
2024-11-08 04:30:00+00:00,15.890000343322754,15.890000343322754,15.890000343322754,15.890000343322754,12500,0.0,0.0,0.0
2024-11-08 04:35:00+00:00,15.899999618530273,15.899999618530273,15.899999618530273,15.899999618530273,1356,0.0,0.0,0.0
2024-11-08 04:40:00+00:00,15.890000343322754,15.890000343322754,15.890000343322754,15.890000343322754,22000,0.0,0.0,0.0
2024-11-08 04:45:00+00:00,15.890000343322754,15.890000343322754,15.880000114440918,15.880000114440918,18280,0.0,0.0,0.0
2024-11-08 04:50:00+00:00,15.890000343322754,15.890000343322754,15.890000343322754,15.890000343322754,14050,0.0,0.0,0.0
2024-11-08 04:55:00+00:00,15.890000343322754,15.890000343322754,15.880000114440918,15.880000114440918,62180,0.0,0.0,0.0
2024-11-08 05:00:00+00:00,15.890000343322754,15.890000343322754,15.890000343322754,15.890000343322754,58039,0.0,0.0,0.0
2024-11-08 05:05:00+00:00,15.890000343322754,15.890000343322754,15.890000343322754,15.890000343322754,3050,0.0,0.0,0.0
2024-11-08 05:10:00+00:00,15.899999618530273,15.899999618530273,15.899999618530273,15.899999618530273,100000,0.0,0.0,0.0
2024-11-11 01:00:00+00:00,15.899999618530273,15.979999542236328,15.899999618530273,15.90999984741211,0,0.0,0.0,0.0
2024-11-11 01:05:00+00:00,15.90999984741211,15.90999984741211,15.880000114440918,15.890000343322754,45807,0.0,0.0,0.0
2024-11-11 01:10:00+00:00,15.890000343322754,15.890000343322754,15.850000381469727,15.859999656677246,83574,0.0,0.0,0.0
2024-11-11 01:15:00+00:00,15.850000381469727,15.850000381469727,15.829999923706055,15.829999923706055,34150,0.0,0.0,0.0
2024-11-11 01:20:00+00:00,15.829999923706055,15.850000381469727,15.829999923706055,15.850000381469727,23624,0.0,0.0,0.0
2024-11-11 01:25:00+00:00,15.859999656677246,15.859999656677246,15.84000015258789,15.84000015258789,14183,0.0,0.0,0.0
2024-11-11 01:30:00+00:00,15.84000015258789,15.850000381469727,15.819999694824219,15.819999694824219,62939,0.0,0.0,0.0
2024-11-11 01:35:00+00:00,15.819999694824219,15.850000381469727,15.819999694824219,15.850000381469727,32537,0.0,0.0,0.0
2024-11-11 01:40:00+00:00,15.859999656677246,15.859999656677246,15.84000015258789,15.84000015258789,44998,0.0,0.0,0.0
2024-11-11 01:45:00+00:00,15.84000015258789,15.859999656677246,15.84000015258789,15.859999656677246,98889,0.0,0.0,0.0
2024-11-11 01:50:00+00:00,15.850000381469727,15.859999656677246,15.850000381469727,15.859999656677246,64368,0.0,0.0,0.0
2024-11-11 01:55:00+00:00,15.859999656677246,15.859999656677246,15.850000381469727,15.859999656677246,14071,0.0,0.0,0.0
2024-11-11 02:00:00+00:00,15.850000381469727,15.850000381469727,15.8100004196167,15.8100004196167,125292,0.0,0.0,0.0
2024-11-11 02:05:00+00:00,15.8100004196167,15.8100004196167,15.8100004196167,15.8100004196167,6176,0.0,0.0,0.0
2024-11-11 02:10:00+00:00,15.819999694824219,15.829999923706055,15.819999694824219,15.829999923706055,44000,0.0,0.0,0.0
2024-11-11 02:15:00+00:00,15.819999694824219,15.829999923706055,15.8100004196167,15.8100004196167,69200,0.0,0.0,0.0
2024-11-11 02:25:00+00:00,15.829999923706055,15.859999656677246,15.829999923706055,15.84000015258789,112133,0.0,0.0,0.0
2024-11-11 02:30:00+00:00,15.869999885559082,15.869999885559082,15.869999885559082,15.869999885559082,26710,0.0,0.0,0.0
2024-11-11 02:35:00+00:00,15.859999656677246,15.859999656677246,15.859999656677246,15.859999656677246,6660,0.0,0.0,0.0
2024-11-11 02:40:00+00:00,15.869999885559082,15.869999885559082,15.869999885559082,15.869999885559082,17100,0.0,0.0,0.0
2024-11-11 02:45:00+00:00,15.880000114440918,15.880000114440918,15.859999656677246,15.869999885559082,25328,0.0,0.0,0.0
2024-11-11 02:50:00+00:00,15.850000381469727,15.850000381469727,15.850000381469727,15.850000381469727,6873,0.0,0.0,0.0
2024-11-11 02:55:00+00:00,15.850000381469727,15.850000381469727,15.84000015258789,15.850000381469727,5233,0.0,0.0,0.0
2024-11-11 03:00:00+00:00,15.850000381469727,15.850000381469727,15.850000381469727,15.850000381469727,3127,0.0,0.0,0.0
2024-11-11 03:05:00+00:00,15.850000381469727,15.850000381469727,15.84000015258789,15.84000015258789,18164,0.0,0.0,0.0
2024-11-11 03:10:00+00:00,15.850000381469727,15.850000381469727,15.850000381469727,15.850000381469727,26000,0.0,0.0,0.0
2024-11-11 03:15:00+00:00,15.859999656677246,15.869999885559082,15.859999656677246,15.869999885559082,4125,0.0,0.0,0.0
2024-11-11 03:20:00+00:00,15.859999656677246,15.869999885559082,15.859999656677246,15.869999885559082,32971,0.0,0.0,0.0
2024-11-11 03:25:00+00:00,15.869999885559082,15.869999885559082,15.869999885559082,15.869999885559082,1000,0.0,0.0,0.0
2024-11-11 03:30:00+00:00,15.880000114440918,15.880000114440918,15.869999885559082,15.869999885559082,10042,0.0,0.0,0.0
2024-11-11 03:40:00+00:00,15.869999885559082,15.869999885559082,15.859999656677246,15.859999656677246,33247,0.0,0.0,0.0
2024-11-11 03:45:00+00:00,15.869999885559082,15.869999885559082,15.859999656677246,15.859999656677246,5020,0.0,0.0,0.0
2024-11-11 03:50:00+00:00,15.859999656677246,15.869999885559082,15.859999656677246,15.869999885559082,15408,0.0,0.0,0.0
2024-11-11 04:00:00+00:00,15.869999885559082,15.899999618530273,15.869999885559082,15.899999618530273,171640,0.0,0.0,0.0
2024-11-11 04:05:00+00:00,15.899999618530273,15.899999618530273,15.899999618530273,15.899999618530273,1100,0.0,0.0,0.0
2024-11-11 04:10:00+00:00,15.899999618530273,15.899999618530273,15.899999618530273,15.899999618530273,1600,0.0,0.0,0.0
2024-11-11 04:15:00+00:00,15.890000343322754,15.899999618530273,15.890000343322754,15.899999618530273,142337,0.0,0.0,0.0
2024-11-11 04:20:00+00:00,15.899999618530273,15.899999618530273,15.899999618530273,15.899999618530273,1643,0.0,0.0,0.0
2024-11-11 04:25:00+00:00,15.899999618530273,15.90999984741211,15.899999618530273,15.899999618530273,12639,0.0,0.0,0.0
2024-11-11 04:30:00+00:00,15.90999984741211,15.90999984741211,15.899999618530273,15.899999618530273,18320,0.0,0.0,0.0
2024-11-11 04:35:00+00:00,15.899999618530273,15.899999618530273,15.890000343322754,15.890000343322754,13417,0.0,0.0,0.0
2024-11-11 04:40:00+00:00,15.880000114440918,15.880000114440918,15.880000114440918,15.880000114440918,9330,0.0,0.0,0.0
2024-11-11 04:45:00+00:00,15.880000114440918,15.890000343322754,15.880000114440918,15.890000343322754,8506,0.0,0.0,0.0
2024-11-11 04:55:00+00:00,15.899999618530273,15.90999984741211,15.899999618530273,15.899999618530273,54000,0.0,0.0,0.0
2024-11-11 05:00:00+00:00,15.899999618530273,15.899999618530273,15.899999618530273,15.899999618530273,3235,0.0,0.0,0.0
2024-11-11 05:05:00+00:00,15.899999618530273,15.899999618530273,15.899999618530273,15.899999618530273,10180,0.0,0.0,0.0
2024-11-11 05:10:00+00:00,15.899999618530273,15.920000076293945,15.899999618530273,15.920000076293945,105482,0.0,0.0,0.0
2024-11-11 05:15:00+00:00,15.920000076293945,15.920000076293945,15.90999984741211,15.920000076293945,1808407,0.0,0.0,0.0
2024-11-11 05:20:00+00:00,15.920000076293945,15.920000076293945,15.899999618530273,15.90999984741211,92101,0.0,0.0,0.0
2024-11-12 01:00:00+00:00,15.880000114440918,15.880000114440918,15.800000190734863,15.819999694824219,0,0.0,0.0,0.0
2024-11-12 01:05:00+00:00,15.84000015258789,15.850000381469727,15.84000015258789,15.84000015258789,12942,0.0,0.0,0.0
2024-11-12 01:10:00+00:00,15.84000015258789,15.850000381469727,15.819999694824219,15.819999694824219,45604,0.0,0.0,0.0
2024-11-12 01:15:00+00:00,15.829999923706055,15.859999656677246,15.829999923706055,15.859999656677246,55786,0.0,0.0,0.0
2024-11-12 01:20:00+00:00,15.850000381469727,15.869999885559082,15.850000381469727,15.859999656677246,78100,0.0,0.0,0.0
2024-11-12 01:25:00+00:00,15.859999656677246,15.859999656677246,15.84000015258789,15.84000015258789,56701,0.0,0.0,0.0
2024-11-12 01:30:00+00:00,15.829999923706055,15.829999923706055,15.819999694824219,15.819999694824219,105000,0.0,0.0,0.0
2024-11-12 01:35:00+00:00,15.819999694824219,15.84000015258789,15.819999694824219,15.84000015258789,23145,0.0,0.0,0.0
2024-11-12 01:40:00+00:00,15.850000381469727,15.859999656677246,15.850000381469727,15.859999656677246,9300,0.0,0.0,0.0
2024-11-12 01:45:00+00:00,15.859999656677246,15.859999656677246,15.859999656677246,15.859999656677246,2177,0.0,0.0,0.0
2024-11-12 01:50:00+00:00,15.859999656677246,15.859999656677246,15.850000381469727,15.850000381469727,9192,0.0,0.0,0.0
2024-11-12 01:55:00+00:00,15.859999656677246,15.859999656677246,15.850000381469727,15.850000381469727,16450,0.0,0.0,0.0
2024-11-12 02:00:00+00:00,15.850000381469727,15.850000381469727,15.84000015258789,15.84000015258789,4654,0.0,0.0,0.0
2024-11-12 02:05:00+00:00,15.84000015258789,15.84000015258789,15.829999923706055,15.829999923706055,31602,0.0,0.0,0.0
2024-11-12 02:10:00+00:00,15.829999923706055,15.829999923706055,15.829999923706055,15.829999923706055,13020,0.0,0.0,0.0
2024-11-12 02:15:00+00:00,15.829999923706055,15.829999923706055,15.819999694824219,15.819999694824219,15286,0.0,0.0,0.0
2024-11-12 02:20:00+00:00,15.819999694824219,15.819999694824219,15.8100004196167,15.8100004196167,8298,0.0,0.0,0.0
2024-11-12 02:25:00+00:00,15.819999694824219,15.829999923706055,15.819999694824219,15.829999923706055,31399,0.0,0.0,0.0
2024-11-12 02:30:00+00:00,15.819999694824219,15.819999694824219,15.8100004196167,15.8100004196167,57708,0.0,0.0,0.0
2024-11-12 02:35:00+00:00,15.8100004196167,15.8100004196167,15.8100004196167,15.8100004196167,29165,0.0,0.0,0.0
2024-11-12 02:40:00+00:00,15.8100004196167,15.8100004196167,15.800000190734863,15.800000190734863,35065,0.0,0.0,0.0
2024-11-12 02:45:00+00:00,15.800000190734863,15.8100004196167,15.779999732971191,15.779999732971191,257905,0.0,0.0,0.0
2024-11-12 02:50:00+00:00,15.789999961853027,15.789999961853027,15.779999732971191,15.779999732971191,91711,0.0,0.0,0.0
2024-11-12 02:55:00+00:00,15.800000190734863,15.800000190734863,15.800000190734863,15.800000190734863,16831,0.0,0.0,0.0
2024-11-12 03:05:00+00:00,15.819999694824219,15.819999694824219,15.819999694824219,15.819999694824219,4422,0.0,0.0,0.0
2024-11-12 03:10:00+00:00,15.8100004196167,15.8100004196167,15.8100004196167,15.8100004196167,6327,0.0,0.0,0.0
2024-11-12 03:15:00+00:00,15.8100004196167,15.8100004196167,15.8100004196167,15.8100004196167,3318,0.0,0.0,0.0
2024-11-12 03:20:00+00:00,15.8100004196167,15.829999923706055,15.8100004196167,15.829999923706055,32652,0.0,0.0,0.0
2024-11-12 03:25:00+00:00,15.850000381469727,15.850000381469727,15.84000015258789,15.84000015258789,75259,0.0,0.0,0.0
2024-11-12 03:40:00+00:00,15.859999656677246,15.859999656677246,15.850000381469727,15.850000381469727,4000,0.0,0.0,0.0
2024-11-12 03:45:00+00:00,15.850000381469727,15.859999656677246,15.850000381469727,15.850000381469727,10200,0.0,0.0,0.0
2024-11-12 03:50:00+00:00,15.850000381469727,15.850000381469727,15.829999923706055,15.829999923706055,9225,0.0,0.0,0.0
2024-11-12 04:00:00+00:00,15.829999923706055,15.84000015258789,15.829999923706055,15.829999923706055,25200,0.0,0.0,0.0
2024-11-12 04:05:00+00:00,15.829999923706055,15.829999923706055,15.829999923706055,15.829999923706055,4795,0.0,0.0,0.0
2024-11-12 04:10:00+00:00,15.829999923706055,15.829999923706055,15.829999923706055,15.829999923706055,3200,0.0,0.0,0.0
2024-11-12 04:15:00+00:00,15.829999923706055,15.829999923706055,15.829999923706055,15.829999923706055,9881,0.0,0.0,0.0
2024-11-12 04:25:00+00:00,15.829999923706055,15.829999923706055,15.829999923706055,15.829999923706055,60894,0.0,0.0,0.0
2024-11-12 04:35:00+00:00,15.829999923706055,15.829999923706055,15.819999694824219,15.819999694824219,23417,0.0,0.0,0.0
2024-11-12 04:40:00+00:00,15.819999694824219,15.829999923706055,15.819999694824219,15.829999923706055,5235,0.0,0.0,0.0
2024-11-12 04:45:00+00:00,15.829999923706055,15.829999923706055,15.819999694824219,15.819999694824219,59956,0.0,0.0,0.0
2024-11-12 04:50:00+00:00,15.8100004196167,15.8100004196167,15.800000190734863,15.800000190734863,109560,0.0,0.0,0.0
2024-11-12 04:55:00+00:00,15.800000190734863,15.819999694824219,15.800000190734863,15.819999694824219,45010,0.0,0.0,0.0
2024-11-12 05:00:00+00:00,15.8100004196167,15.8100004196167,15.8100004196167,15.8100004196167,10533,0.0,0.0,0.0
2024-11-12 05:05:00+00:00,15.819999694824219,15.819999694824219,15.800000190734863,15.800000190734863,12058,0.0,0.0,0.0
2024-11-12 05:10:00+00:00,15.800000190734863,15.800000190734863,15.779999732971191,15.789999961853027,83514,0.0,0.0,0.0
2024-11-13 01:00:00+00:00,15.75,15.75,15.720000267028809,15.720000267028809,0,0.0,0.0,0.0
2024-11-13 01:05:00+00:00,15.720000267028809,15.720000267028809,15.710000038146973,15.720000267028809,51739,0.0,0.0,0.0
2024-11-13 01:10:00+00:00,15.720000267028809,15.729999542236328,15.720000267028809,15.720000267028809,26311,0.0,0.0,0.0
2024-11-13 01:15:00+00:00,15.720000267028809,15.760000228881836,15.720000267028809,15.729999542236328,123760,0.0,0.0,0.0
2024-11-13 01:20:00+00:00,15.729999542236328,15.75,15.729999542236328,15.739999771118164,90002,0.0,0.0,0.0
2024-11-13 01:25:00+00:00,15.729999542236328,15.729999542236328,15.699999809265137,15.699999809265137,191293,0.0,0.0,0.0
2024-11-13 01:30:00+00:00,15.710000038146973,15.710000038146973,15.699999809265137,15.710000038146973,16441,0.0,0.0,0.0
2024-11-13 01:35:00+00:00,15.710000038146973,15.710000038146973,15.699999809265137,15.699999809265137,49109,0.0,0.0,0.0
2024-11-13 01:40:00+00:00,15.699999809265137,15.699999809265137,15.699999809265137,15.699999809265137,5274,0.0,0.0,0.0
2024-11-13 01:45:00+00:00,15.710000038146973,15.710000038146973,15.710000038146973,15.710000038146973,4974,0.0,0.0,0.0
2024-11-13 01:50:00+00:00,15.729999542236328,15.729999542236328,15.720000267028809,15.720000267028809,66117,0.0,0.0,0.0
2024-11-13 01:55:00+00:00,15.720000267028809,15.720000267028809,15.6899995803833,15.6899995803833,94432,0.0,0.0,0.0
2024-11-13 02:00:00+00:00,15.699999809265137,15.699999809265137,15.699999809265137,15.699999809265137,8099,0.0,0.0,0.0
2024-11-13 02:05:00+00:00,15.699999809265137,15.699999809265137,15.6899995803833,15.6899995803833,10393,0.0,0.0,0.0
2024-11-13 02:15:00+00:00,15.720000267028809,15.720000267028809,15.699999809265137,15.699999809265137,17602,0.0,0.0,0.0
2024-11-13 02:20:00+00:00,15.699999809265137,15.729999542236328,15.699999809265137,15.710000038146973,4500,0.0,0.0,0.0
2024-11-13 02:25:00+00:00,15.710000038146973,15.710000038146973,15.710000038146973,15.710000038146973,13040,0.0,0.0,0.0
2024-11-13 02:30:00+00:00,15.710000038146973,15.710000038146973,15.6899995803833,15.6899995803833,151271,0.0,0.0,0.0
2024-11-13 02:35:00+00:00,15.680000305175781,15.680000305175781,15.670000076293945,15.670000076293945,164513,0.0,0.0,0.0
2024-11-13 02:40:00+00:00,15.670000076293945,15.670000076293945,15.670000076293945,15.670000076293945,1000,0.0,0.0,0.0
2024-11-13 02:45:00+00:00,15.6899995803833,15.6899995803833,15.6899995803833,15.6899995803833,9536,0.0,0.0,0.0
2024-11-13 02:50:00+00:00,15.6899995803833,15.699999809265137,15.6899995803833,15.699999809265137,7454,0.0,0.0,0.0
2024-11-13 02:55:00+00:00,15.699999809265137,15.699999809265137,15.699999809265137,15.699999809265137,3100,0.0,0.0,0.0
2024-11-13 03:00:00+00:00,15.720000267028809,15.720000267028809,15.720000267028809,15.720000267028809,19310,0.0,0.0,0.0
2024-11-13 03:05:00+00:00,15.729999542236328,15.729999542236328,15.729999542236328,15.729999542236328,2000,0.0,0.0,0.0
2024-11-13 03:15:00+00:00,15.739999771118164,15.739999771118164,15.739999771118164,15.739999771118164,8021,0.0,0.0,0.0
2024-11-13 03:20:00+00:00,15.739999771118164,15.739999771118164,15.739999771118164,15.739999771118164,2000,0.0,0.0,0.0
2024-11-13 03:25:00+00:00,15.729999542236328,15.729999542236328,15.729999542236328,15.729999542236328,2099,0.0,0.0,0.0
2024-11-13 03:30:00+00:00,15.729999542236328,15.729999542236328,15.729999542236328,15.729999542236328,4120,0.0,0.0,0.0
2024-11-13 03:35:00+00:00,15.729999542236328,15.729999542236328,15.699999809265137,15.699999809265137,41973,0.0,0.0,0.0
2024-11-13 03:40:00+00:00,15.710000038146973,15.710000038146973,15.699999809265137,15.699999809265137,11100,0.0,0.0,0.0
2024-11-13 03:45:00+00:00,15.729999542236328,15.729999542236328,15.729999542236328,15.729999542236328,10890,0.0,0.0,0.0
2024-11-13 03:50:00+00:00,15.729999542236328,15.729999542236328,15.710000038146973,15.710000038146973,22100,0.0,0.0,0.0
2024-11-13 03:55:00+00:00,15.699999809265137,15.710000038146973,15.699999809265137,15.699999809265137,7214,0.0,0.0,0.0
2024-11-13 04:00:00+00:00,15.699999809265137,15.699999809265137,15.699999809265137,15.699999809265137,2047,0.0,0.0,0.0
2024-11-13 04:05:00+00:00,15.699999809265137,15.699999809265137,15.699999809265137,15.699999809265137,5929,0.0,0.0,0.0
2024-11-13 04:10:00+00:00,15.699999809265137,15.720000267028809,15.6899995803833,15.6899995803833,143815,0.0,0.0,0.0
2024-11-13 04:15:00+00:00,15.699999809265137,15.699999809265137,15.699999809265137,15.699999809265137,2155,0.0,0.0,0.0
2024-11-13 04:20:00+00:00,15.699999809265137,15.710000038146973,15.699999809265137,15.710000038146973,4000,0.0,0.0,0.0
2024-11-13 04:25:00+00:00,15.710000038146973,15.739999771118164,15.710000038146973,15.739999771118164,124140,0.0,0.0,0.0
2024-11-13 04:30:00+00:00,15.75,15.760000228881836,15.75,15.75,16600,0.0,0.0,0.0
2024-11-13 04:35:00+00:00,15.75,15.75,15.75,15.75,2135,0.0,0.0,0.0
2024-11-13 04:40:00+00:00,15.760000228881836,15.760000228881836,15.75,15.75,7498,0.0,0.0,0.0
2024-11-13 04:45:00+00:00,15.75,15.75,15.739999771118164,15.739999771118164,35800,0.0,0.0,0.0
2024-11-13 04:50:00+00:00,15.75,15.75,15.75,15.75,7010,0.0,0.0,0.0
2024-11-13 04:55:00+00:00,15.75,15.75,15.75,15.75,56100,0.0,0.0,0.0
2024-11-13 05:00:00+00:00,15.75,15.75,15.75,15.75,36442,0.0,0.0,0.0
2024-11-13 05:05:00+00:00,15.739999771118164,15.739999771118164,15.739999771118164,15.739999771118164,2700,0.0,0.0,0.0
2024-11-14 01:00:00+00:00,15.739999771118164,15.739999771118164,15.739999771118164,15.739999771118164,0,0.0,0.0,0.0
2024-11-14 01:05:00+00:00,15.75,15.760000228881836,15.75,15.75,11467,0.0,0.0,0.0
2024-11-14 01:10:00+00:00,15.739999771118164,15.75,15.739999771118164,15.75,74149,0.0,0.0,0.0
2024-11-14 01:15:00+00:00,15.75,15.779999732971191,15.75,15.779999732971191,15187,0.0,0.0,0.0
2024-11-14 01:20:00+00:00,15.760000228881836,15.760000228881836,15.739999771118164,15.739999771118164,77945,0.0,0.0,0.0
2024-11-14 01:25:00+00:00,15.739999771118164,15.739999771118164,15.720000267028809,15.729999542236328,139578,0.0,0.0,0.0
2024-11-14 01:30:00+00:00,15.729999542236328,15.729999542236328,15.729999542236328,15.729999542236328,35376,0.0,0.0,0.0
2024-11-14 01:35:00+00:00,15.729999542236328,15.770000457763672,15.729999542236328,15.770000457763672,107000,0.0,0.0,0.0
2024-11-14 01:40:00+00:00,15.760000228881836,15.779999732971191,15.75,15.779999732971191,61080,0.0,0.0,0.0
2024-11-14 01:45:00+00:00,15.779999732971191,15.819999694824219,15.779999732971191,15.819999694824219,158200,0.0,0.0,0.0
2024-11-14 01:50:00+00:00,15.819999694824219,15.819999694824219,15.789999961853027,15.789999961853027,15000,0.0,0.0,0.0
2024-11-14 01:55:00+00:00,15.779999732971191,15.779999732971191,15.75,15.75,31205,0.0,0.0,0.0
2024-11-14 02:00:00+00:00,15.75,15.75,15.75,15.75,13530,0.0,0.0,0.0
2024-11-14 02:05:00+00:00,15.739999771118164,15.739999771118164,15.729999542236328,15.729999542236328,13150,0.0,0.0,0.0
2024-11-14 02:10:00+00:00,15.729999542236328,15.729999542236328,15.729999542236328,15.729999542236328,13400,0.0,0.0,0.0
2024-11-14 02:15:00+00:00,15.739999771118164,15.739999771118164,15.699999809265137,15.699999809265137,93670,0.0,0.0,0.0
2024-11-14 02:20:00+00:00,15.6899995803833,15.699999809265137,15.6899995803833,15.6899995803833,6000,0.0,0.0,0.0
2024-11-14 02:25:00+00:00,15.680000305175781,15.699999809265137,15.680000305175781,15.699999809265137,33507,0.0,0.0,0.0
2024-11-14 02:30:00+00:00,15.6899995803833,15.6899995803833,15.6899995803833,15.6899995803833,2229,0.0,0.0,0.0
2024-11-14 02:35:00+00:00,15.699999809265137,15.699999809265137,15.699999809265137,15.699999809265137,68132,0.0,0.0,0.0
2024-11-14 02:40:00+00:00,15.699999809265137,15.699999809265137,15.699999809265137,15.699999809265137,1746,0.0,0.0,0.0
2024-11-14 02:45:00+00:00,15.6899995803833,15.6899995803833,15.680000305175781,15.680000305175781,33055,0.0,0.0,0.0
2024-11-14 02:50:00+00:00,15.680000305175781,15.680000305175781,15.680000305175781,15.680000305175781,12502,0.0,0.0,0.0
2024-11-14 02:55:00+00:00,15.680000305175781,15.680000305175781,15.680000305175781,15.680000305175781,3026,0.0,0.0,0.0
2024-11-14 03:00:00+00:00,15.680000305175781,15.680000305175781,15.680000305175781,15.680000305175781,6630,0.0,0.0,0.0
2024-11-14 03:05:00+00:00,15.6899995803833,15.6899995803833,15.6899995803833,15.6899995803833,5000,0.0,0.0,0.0
2024-11-14 03:10:00+00:00,15.710000038146973,15.720000267028809,15.710000038146973,15.720000267028809,47319,0.0,0.0,0.0
2024-11-14 03:15:00+00:00,15.720000267028809,15.720000267028809,15.720000267028809,15.720000267028809,3015,0.0,0.0,0.0
2024-11-14 03:20:00+00:00,15.720000267028809,15.720000267028809,15.720000267028809,15.720000267028809,8250,0.0,0.0,0.0
2024-11-14 03:25:00+00:00,15.720000267028809,15.729999542236328,15.720000267028809,15.729999542236328,3855,0.0,0.0,0.0
2024-11-14 03:30:00+00:00,15.720000267028809,15.720000267028809,15.720000267028809,15.720000267028809,1064,0.0,0.0,0.0
2024-11-14 03:35:00+00:00,15.720000267028809,15.720000267028809,15.720000267028809,15.720000267028809,1000,0.0,0.0,0.0
2024-11-14 03:40:00+00:00,15.720000267028809,15.729999542236328,15.710000038146973,15.710000038146973,7420,0.0,0.0,0.0
2024-11-14 03:45:00+00:00,15.729999542236328,15.739999771118164,15.729999542236328,15.739999771118164,4100,0.0,0.0,0.0
2024-11-14 03:50:00+00:00,15.710000038146973,15.710000038146973,15.710000038146973,15.710000038146973,4000,0.0,0.0,0.0
2024-11-14 03:55:00+00:00,15.720000267028809,15.720000267028809,15.720000267028809,15.720000267028809,7150,0.0,0.0,0.0
2024-11-14 04:00:00+00:00,15.710000038146973,15.710000038146973,15.710000038146973,15.710000038146973,9781,0.0,0.0,0.0
2024-11-14 04:05:00+00:00,15.710000038146973,15.710000038146973,15.710000038146973,15.710000038146973,4000,0.0,0.0,0.0
2024-11-14 04:10:00+00:00,15.729999542236328,15.739999771118164,15.729999542236328,15.729999542236328,22030,0.0,0.0,0.0
2024-11-14 04:15:00+00:00,15.739999771118164,15.75,15.739999771118164,15.75,36149,0.0,0.0,0.0
2024-11-14 04:20:00+00:00,15.760000228881836,15.760000228881836,15.760000228881836,15.760000228881836,3173,0.0,0.0,0.0
2024-11-14 04:25:00+00:00,15.75,15.760000228881836,15.739999771118164,15.739999771118164,7500,0.0,0.0,0.0
2024-11-14 04:30:00+00:00,15.739999771118164,15.75,15.739999771118164,15.75,4000,0.0,0.0,0.0
2024-11-14 04:35:00+00:00,15.75,15.75,15.75,15.75,15300,0.0,0.0,0.0
2024-11-14 04:40:00+00:00,15.739999771118164,15.739999771118164,15.739999771118164,15.739999771118164,4310,0.0,0.0,0.0
2024-11-14 04:45:00+00:00,15.729999542236328,15.729999542236328,15.720000267028809,15.720000267028809,12249,0.0,0.0,0.0
2024-11-14 04:50:00+00:00,15.729999542236328,15.75,15.720000267028809,15.75,34100,0.0,0.0,0.0
2024-11-14 04:55:00+00:00,15.739999771118164,15.739999771118164,15.739999771118164,15.739999771118164,3000,0.0,0.0,0.0
2024-11-14 05:00:00+00:00,15.739999771118164,15.739999771118164,15.739999771118164,15.739999771118164,7362,0.0,0.0,0.0
2024-11-14 05:05:00+00:00,15.729999542236328,15.739999771118164,15.729999542236328,15.739999771118164,15200,0.0,0.0,0.0
2024-11-14 05:10:00+00:00,15.729999542236328,15.729999542236328,15.720000267028809,15.720000267028809,58348,0.0,0.0,0.0
2024-11-14 05:15:00+00:00,15.720000267028809,15.720000267028809,15.710000038146973,15.710000038146973,22975,0.0,0.0,0.0
2024-11-14 05:20:00+00:00,15.710000038146973,15.710000038146973,15.699999809265137,15.699999809265137,0,0.0,0.0,0.0
2024-11-15 01:00:00+00:00,15.710000038146973,15.829999923706055,15.710000038146973,15.829999923706055,0,0.0,0.0,0.0
2024-11-15 01:05:00+00:00,15.829999923706055,15.850000381469727,15.819999694824219,15.84000015258789,31000,0.0,0.0,0.0
2024-11-15 01:10:00+00:00,15.829999923706055,15.899999618530273,15.829999923706055,15.899999618530273,315045,0.0,0.0,0.0
2024-11-15 01:15:00+00:00,15.90999984741211,15.90999984741211,15.899999618530273,15.899999618530273,69444,0.0,0.0,0.0
2024-11-15 01:20:00+00:00,15.899999618530273,15.899999618530273,15.880000114440918,15.880000114440918,44198,0.0,0.0,0.0
2024-11-15 01:25:00+00:00,15.880000114440918,15.880000114440918,15.869999885559082,15.869999885559082,69367,0.0,0.0,0.0
2024-11-15 01:30:00+00:00,15.869999885559082,15.880000114440918,15.859999656677246,15.880000114440918,132926,0.0,0.0,0.0
2024-11-15 01:35:00+00:00,15.890000343322754,15.899999618530273,15.890000343322754,15.899999618530273,275080,0.0,0.0,0.0
2024-11-15 01:40:00+00:00,15.899999618530273,15.899999618530273,15.880000114440918,15.890000343322754,52507,0.0,0.0,0.0
2024-11-15 01:45:00+00:00,15.890000343322754,15.90999984741211,15.890000343322754,15.899999618530273,48000,0.0,0.0,0.0
2024-11-15 01:50:00+00:00,15.899999618530273,15.899999618530273,15.859999656677246,15.880000114440918,42000,0.0,0.0,0.0
2024-11-15 01:55:00+00:00,15.869999885559082,15.880000114440918,15.869999885559082,15.880000114440918,52001,0.0,0.0,0.0
2024-11-15 02:00:00+00:00,15.869999885559082,15.899999618530273,15.869999885559082,15.899999618530273,136010,0.0,0.0,0.0
2024-11-15 02:05:00+00:00,15.890000343322754,15.890000343322754,15.880000114440918,15.890000343322754,63350,0.0,0.0,0.0
2024-11-15 02:10:00+00:00,15.890000343322754,15.899999618530273,15.890000343322754,15.890000343322754,20000,0.0,0.0,0.0
2024-11-15 02:15:00+00:00,15.899999618530273,15.899999618530273,15.890000343322754,15.899999618530273,212105,0.0,0.0,0.0
2024-11-15 02:20:00+00:00,15.899999618530273,15.899999618530273,15.899999618530273,15.899999618530273,10540,0.0,0.0,0.0
2024-11-15 02:25:00+00:00,15.880000114440918,15.880000114440918,15.880000114440918,15.880000114440918,57000,0.0,0.0,0.0
2024-11-15 02:30:00+00:00,15.880000114440918,15.880000114440918,15.869999885559082,15.869999885559082,26004,0.0,0.0,0.0
2024-11-15 02:35:00+00:00,15.880000114440918,15.880000114440918,15.869999885559082,15.869999885559082,34411,0.0,0.0,0.0
2024-11-15 02:40:00+00:00,15.869999885559082,15.869999885559082,15.859999656677246,15.859999656677246,18040,0.0,0.0,0.0
2024-11-15 02:45:00+00:00,15.859999656677246,15.869999885559082,15.859999656677246,15.869999885559082,40583,0.0,0.0,0.0
2024-11-15 02:55:00+00:00,15.880000114440918,15.880000114440918,15.880000114440918,15.880000114440918,9000,0.0,0.0,0.0
2024-11-15 03:00:00+00:00,15.880000114440918,15.880000114440918,15.869999885559082,15.880000114440918,106001,0.0,0.0,0.0
2024-11-15 03:05:00+00:00,15.880000114440918,15.880000114440918,15.880000114440918,15.880000114440918,6190,0.0,0.0,0.0
2024-11-15 03:10:00+00:00,15.880000114440918,15.880000114440918,15.880000114440918,15.880000114440918,12024,0.0,0.0,0.0
2024-11-15 03:15:00+00:00,15.890000343322754,15.890000343322754,15.890000343322754,15.890000343322754,35001,0.0,0.0,0.0
2024-11-15 03:20:00+00:00,15.890000343322754,15.890000343322754,15.890000343322754,15.890000343322754,6119,0.0,0.0,0.0
2024-11-15 03:30:00+00:00,15.890000343322754,15.890000343322754,15.869999885559082,15.869999885559082,16284,0.0,0.0,0.0
2024-11-15 03:35:00+00:00,15.890000343322754,15.890000343322754,15.880000114440918,15.880000114440918,9000,0.0,0.0,0.0
2024-11-15 03:40:00+00:00,15.880000114440918,15.880000114440918,15.880000114440918,15.880000114440918,1000,0.0,0.0,0.0
2024-11-15 03:45:00+00:00,15.880000114440918,15.880000114440918,15.880000114440918,15.880000114440918,4000,0.0,0.0,0.0
2024-11-15 03:50:00+00:00,15.880000114440918,15.880000114440918,15.880000114440918,15.880000114440918,5570,0.0,0.0,0.0
2024-11-15 03:55:00+00:00,15.880000114440918,15.880000114440918,15.869999885559082,15.869999885559082,5000,0.0,0.0,0.0
2024-11-15 04:00:00+00:00,15.869999885559082,15.869999885559082,15.869999885559082,15.869999885559082,9386,0.0,0.0,0.0
2024-11-15 04:10:00+00:00,15.869999885559082,15.869999885559082,15.869999885559082,15.869999885559082,1000,0.0,0.0,0.0
2024-11-15 04:15:00+00:00,15.859999656677246,15.859999656677246,15.859999656677246,15.859999656677246,4176,0.0,0.0,0.0
2024-11-15 04:20:00+00:00,15.859999656677246,15.859999656677246,15.859999656677246,15.859999656677246,8000,0.0,0.0,0.0
2024-11-15 04:25:00+00:00,15.859999656677246,15.859999656677246,15.850000381469727,15.850000381469727,20008,0.0,0.0,0.0
2024-11-15 04:30:00+00:00,15.859999656677246,15.859999656677246,15.859999656677246,15.859999656677246,6360,0.0,0.0,0.0
2024-11-15 04:35:00+00:00,15.859999656677246,15.859999656677246,15.850000381469727,15.850000381469727,18000,0.0,0.0,0.0
2024-11-15 04:40:00+00:00,15.859999656677246,15.869999885559082,15.850000381469727,15.869999885559082,9562,0.0,0.0,0.0
2024-11-15 04:45:00+00:00,15.859999656677246,15.869999885559082,15.859999656677246,15.869999885559082,6000,0.0,0.0,0.0
2024-11-15 04:50:00+00:00,15.869999885559082,15.869999885559082,15.850000381469727,15.850000381469727,3380,0.0,0.0,0.0
2024-11-15 04:55:00+00:00,15.850000381469727,15.850000381469727,15.850000381469727,15.850000381469727,13406,0.0,0.0,0.0
2024-11-15 05:00:00+00:00,15.850000381469727,15.850000381469727,15.850000381469727,15.850000381469727,18800,0.0,0.0,0.0
2024-11-15 05:05:00+00:00,15.850000381469727,15.850000381469727,15.850000381469727,15.850000381469727,19350,0.0,0.0,0.0
2024-11-15 05:10:00+00:00,15.850000381469727,15.859999656677246,15.850000381469727,15.850000381469727,11822,0.0,0.0,0.0
2024-11-15 05:15:00+00:00,15.850000381469727,15.850000381469727,15.850000381469727,15.850000381469727,1000,0.0,0.0,0.0
2024-11-15 05:20:00+00:00,15.850000381469727,15.850000381469727,15.850000381469727,15.850000381469727,52409,0.0,0.0,0.0
2024-11-18 01:00:00+00:00,15.869999885559082,15.930000305175781,15.869999885559082,15.899999618530273,0,0.0,0.0,0.0
2024-11-18 01:05:00+00:00,15.890000343322754,15.899999618530273,15.869999885559082,15.869999885559082,127369,0.0,0.0,0.0
2024-11-18 01:10:00+00:00,15.869999885559082,15.880000114440918,15.869999885559082,15.869999885559082,28135,0.0,0.0,0.0
2024-11-18 01:15:00+00:00,15.869999885559082,15.890000343322754,15.869999885559082,15.890000343322754,220929,0.0,0.0,0.0
2024-11-18 01:20:00+00:00,15.880000114440918,15.890000343322754,15.880000114440918,15.890000343322754,13914,0.0,0.0,0.0
2024-11-18 01:25:00+00:00,15.899999618530273,15.899999618530273,15.899999618530273,15.899999618530273,137570,0.0,0.0,0.0
2024-11-18 01:30:00+00:00,15.899999618530273,15.90999984741211,15.899999618530273,15.899999618530273,9400,0.0,0.0,0.0
2024-11-18 01:35:00+00:00,15.90999984741211,15.920000076293945,15.899999618530273,15.920000076293945,146704,0.0,0.0,0.0
2024-11-18 01:40:00+00:00,15.90999984741211,15.90999984741211,15.899999618530273,15.899999618530273,281840,0.0,0.0,0.0
2024-11-18 01:45:00+00:00,15.90999984741211,15.90999984741211,15.899999618530273,15.899999618530273,11189,0.0,0.0,0.0
2024-11-18 01:50:00+00:00,15.899999618530273,15.899999618530273,15.899999618530273,15.899999618530273,48023,0.0,0.0,0.0
2024-11-18 01:55:00+00:00,15.899999618530273,15.899999618530273,15.890000343322754,15.890000343322754,39036,0.0,0.0,0.0
2024-11-18 02:00:00+00:00,15.899999618530273,15.899999618530273,15.899999618530273,15.899999618530273,5350,0.0,0.0,0.0
2024-11-18 02:05:00+00:00,15.890000343322754,15.899999618530273,15.890000343322754,15.890000343322754,91199,0.0,0.0,0.0
2024-11-18 02:10:00+00:00,15.890000343322754,15.899999618530273,15.890000343322754,15.899999618530273,112268,0.0,0.0,0.0
2024-11-18 02:15:00+00:00,15.899999618530273,15.90999984741211,15.899999618530273,15.90999984741211,170536,0.0,0.0,0.0
2024-11-18 02:20:00+00:00,15.920000076293945,15.920000076293945,15.90999984741211,15.90999984741211,47056,0.0,0.0,0.0
2024-11-18 02:25:00+00:00,15.90999984741211,15.920000076293945,15.90999984741211,15.90999984741211,25137,0.0,0.0,0.0
2024-11-18 02:30:00+00:00,15.920000076293945,15.920000076293945,15.899999618530273,15.899999618530273,153635,0.0,0.0,0.0
2024-11-18 02:35:00+00:00,15.899999618530273,15.90999984741211,15.899999618530273,15.899999618530273,18938,0.0,0.0,0.0
2024-11-18 02:40:00+00:00,15.899999618530273,15.899999618530273,15.899999618530273,15.899999618530273,8000,0.0,0.0,0.0
2024-11-18 02:45:00+00:00,15.90999984741211,15.90999984741211,15.899999618530273,15.90999984741211,6246,0.0,0.0,0.0
2024-11-18 02:50:00+00:00,15.899999618530273,15.90999984741211,15.899999618530273,15.899999618530273,157459,0.0,0.0,0.0
2024-11-18 02:55:00+00:00,15.90999984741211,15.920000076293945,15.899999618530273,15.920000076293945,25644,0.0,0.0,0.0
2024-11-18 03:00:00+00:00,15.90999984741211,15.90999984741211,15.90999984741211,15.90999984741211,11500,0.0,0.0,0.0
2024-11-18 03:05:00+00:00,15.90999984741211,15.90999984741211,15.90999984741211,15.90999984741211,15036,0.0,0.0,0.0
2024-11-18 03:10:00+00:00,15.90999984741211,15.90999984741211,15.890000343322754,15.890000343322754,310288,0.0,0.0,0.0
2024-11-18 03:15:00+00:00,15.890000343322754,15.899999618530273,15.890000343322754,15.890000343322754,113706,0.0,0.0,0.0
2024-11-18 03:20:00+00:00,15.890000343322754,15.890000343322754,15.880000114440918,15.880000114440918,12117,0.0,0.0,0.0
2024-11-18 03:30:00+00:00,15.890000343322754,15.890000343322754,15.890000343322754,15.890000343322754,12537,0.0,0.0,0.0
2024-11-18 03:35:00+00:00,15.890000343322754,15.890000343322754,15.890000343322754,15.890000343322754,2794,0.0,0.0,0.0
2024-11-18 03:45:00+00:00,15.880000114440918,15.880000114440918,15.880000114440918,15.880000114440918,3871,0.0,0.0,0.0
2024-11-18 03:55:00+00:00,15.890000343322754,15.890000343322754,15.880000114440918,15.890000343322754,6280,0.0,0.0,0.0
2024-11-18 04:05:00+00:00,15.880000114440918,15.880000114440918,15.880000114440918,15.880000114440918,103510,0.0,0.0,0.0
2024-11-18 04:15:00+00:00,15.890000343322754,15.890000343322754,15.890000343322754,15.890000343322754,1000,0.0,0.0,0.0
2024-11-18 04:20:00+00:00,15.880000114440918,15.880000114440918,15.880000114440918,15.880000114440918,11564,0.0,0.0,0.0
2024-11-18 04:25:00+00:00,15.880000114440918,15.880000114440918,15.880000114440918,15.880000114440918,2000,0.0,0.0,0.0
2024-11-18 04:30:00+00:00,15.880000114440918,15.880000114440918,15.880000114440918,15.880000114440918,1200,0.0,0.0,0.0
2024-11-18 04:35:00+00:00,15.880000114440918,15.880000114440918,15.869999885559082,15.880000114440918,156803,0.0,0.0,0.0
2024-11-18 04:40:00+00:00,15.890000343322754,15.890000343322754,15.890000343322754,15.890000343322754,18406,0.0,0.0,0.0
2024-11-18 04:45:00+00:00,15.880000114440918,15.880000114440918,15.880000114440918,15.880000114440918,1000,0.0,0.0,0.0
2024-11-18 04:50:00+00:00,15.880000114440918,15.880000114440918,15.880000114440918,15.880000114440918,47000,0.0,0.0,0.0
2024-11-18 04:55:00+00:00,15.890000343322754,15.890000343322754,15.890000343322754,15.890000343322754,68412,0.0,0.0,0.0
2024-11-18 05:00:00+00:00,15.899999618530273,15.899999618530273,15.880000114440918,15.880000114440918,5500,0.0,0.0,0.0
2024-11-18 05:05:00+00:00,15.880000114440918,15.880000114440918,15.869999885559082,15.869999885559082,23110,0.0,0.0,0.0
2024-11-18 05:10:00+00:00,15.869999885559082,15.869999885559082,15.869999885559082,15.869999885559082,20082,0.0,0.0,0.0
2024-11-18 05:15:00+00:00,15.859999656677246,15.859999656677246,15.859999656677246,15.859999656677246,25441,0.0,0.0,0.0
2024-11-18 05:20:00+00:00,15.859999656677246,15.859999656677246,15.859999656677246,15.859999656677246,29000,0.0,0.0,0.0
2024-11-19 01:00:00+00:00,15.899999618530273,15.920000076293945,15.880000114440918,15.880000114440918,0,0.0,0.0,0.0
2024-11-19 01:05:00+00:00,15.880000114440918,15.899999618530273,15.880000114440918,15.890000343322754,44088,0.0,0.0,0.0
2024-11-19 01:10:00+00:00,15.880000114440918,15.880000114440918,15.869999885559082,15.869999885559082,32215,0.0,0.0,0.0
2024-11-19 01:15:00+00:00,15.869999885559082,15.880000114440918,15.869999885559082,15.869999885559082,13530,0.0,0.0,0.0
2024-11-19 01:20:00+00:00,15.869999885559082,15.880000114440918,15.869999885559082,15.880000114440918,10108,0.0,0.0,0.0
2024-11-19 01:25:00+00:00,15.880000114440918,15.880000114440918,15.880000114440918,15.880000114440918,222834,0.0,0.0,0.0
2024-11-19 01:30:00+00:00,15.890000343322754,15.899999618530273,15.880000114440918,15.899999618530273,16904,0.0,0.0,0.0
2024-11-19 01:35:00+00:00,15.899999618530273,15.899999618530273,15.899999618530273,15.899999618530273,2000,0.0,0.0,0.0
2024-11-19 01:40:00+00:00,15.890000343322754,15.890000343322754,15.880000114440918,15.880000114440918,12000,0.0,0.0,0.0
2024-11-19 01:45:00+00:00,15.899999618530273,15.899999618530273,15.890000343322754,15.890000343322754,6056,0.0,0.0,0.0
2024-11-19 01:50:00+00:00,15.890000343322754,15.899999618530273,15.890000343322754,15.899999618530273,24058,0.0,0.0,0.0
2024-11-19 02:00:00+00:00,15.90999984741211,15.920000076293945,15.90999984741211,15.920000076293945,100502,0.0,0.0,0.0
2024-11-19 02:05:00+00:00,15.920000076293945,15.920000076293945,15.890000343322754,15.890000343322754,94280,0.0,0.0,0.0
2024-11-19 02:10:00+00:00,15.890000343322754,15.890000343322754,15.880000114440918,15.880000114440918,173164,0.0,0.0,0.0
2024-11-19 02:15:00+00:00,15.890000343322754,15.890000343322754,15.890000343322754,15.890000343322754,6786,0.0,0.0,0.0
2024-11-19 02:25:00+00:00,15.890000343322754,15.890000343322754,15.880000114440918,15.880000114440918,23000,0.0,0.0,0.0
2024-11-19 02:30:00+00:00,15.890000343322754,15.890000343322754,15.890000343322754,15.890000343322754,11221,0.0,0.0,0.0
2024-11-19 02:35:00+00:00,15.890000343322754,15.899999618530273,15.890000343322754,15.899999618530273,21200,0.0,0.0,0.0
2024-11-19 02:40:00+00:00,15.899999618530273,15.899999618530273,15.899999618530273,15.899999618530273,9242,0.0,0.0,0.0
2024-11-19 02:45:00+00:00,15.90999984741211,15.90999984741211,15.90999984741211,15.90999984741211,20400,0.0,0.0,0.0
2024-11-19 02:50:00+00:00,15.90999984741211,15.930000305175781,15.90999984741211,15.930000305175781,138320,0.0,0.0,0.0
2024-11-19 02:55:00+00:00,15.930000305175781,15.9399995803833,15.930000305175781,15.9399995803833,8000,0.0,0.0,0.0
2024-11-19 03:00:00+00:00,15.9399995803833,15.9399995803833,15.9399995803833,15.9399995803833,63269,0.0,0.0,0.0
2024-11-19 03:05:00+00:00,15.9399995803833,15.949999809265137,15.9399995803833,15.949999809265137,32668,0.0,0.0,0.0
2024-11-19 03:10:00+00:00,15.9399995803833,15.9399995803833,15.9399995803833,15.9399995803833,11112,0.0,0.0,0.0
2024-11-19 03:15:00+00:00,15.9399995803833,15.9399995803833,15.9399995803833,15.9399995803833,15500,0.0,0.0,0.0
2024-11-19 03:20:00+00:00,15.9399995803833,15.960000038146973,15.9399995803833,15.960000038146973,337212,0.0,0.0,0.0
2024-11-19 03:25:00+00:00,15.949999809265137,15.949999809265137,15.949999809265137,15.949999809265137,10326,0.0,0.0,0.0
2024-11-19 03:30:00+00:00,15.960000038146973,15.979999542236328,15.960000038146973,15.979999542236328,56728,0.0,0.0,0.0
2024-11-19 03:35:00+00:00,15.979999542236328,15.979999542236328,15.970000267028809,15.979999542236328,23207,0.0,0.0,0.0
2024-11-19 03:40:00+00:00,15.979999542236328,15.979999542236328,15.979999542236328,15.979999542236328,22060,0.0,0.0,0.0
2024-11-19 03:45:00+00:00,15.979999542236328,15.989999771118164,15.979999542236328,15.989999771118164,31020,0.0,0.0,0.0
2024-11-19 03:50:00+00:00,15.989999771118164,15.989999771118164,15.979999542236328,15.989999771118164,323753,0.0,0.0,0.0
2024-11-19 03:55:00+00:00,15.989999771118164,15.989999771118164,15.979999542236328,15.979999542236328,7383,0.0,0.0,0.0
2024-11-19 04:00:00+00:00,15.979999542236328,15.979999542236328,15.979999542236328,15.979999542236328,13090,0.0,0.0,0.0
2024-11-19 04:05:00+00:00,15.979999542236328,15.979999542236328,15.970000267028809,15.970000267028809,195220,0.0,0.0,0.0
2024-11-19 04:10:00+00:00,15.970000267028809,15.970000267028809,15.970000267028809,15.970000267028809,8010,0.0,0.0,0.0
2024-11-19 04:15:00+00:00,15.970000267028809,15.970000267028809,15.970000267028809,15.970000267028809,2035,0.0,0.0,0.0
2024-11-19 04:20:00+00:00,15.970000267028809,15.970000267028809,15.970000267028809,15.970000267028809,76478,0.0,0.0,0.0
2024-11-19 04:25:00+00:00,15.970000267028809,15.970000267028809,15.970000267028809,15.970000267028809,19200,0.0,0.0,0.0
2024-11-19 04:30:00+00:00,15.979999542236328,15.979999542236328,15.979999542236328,15.979999542236328,159442,0.0,0.0,0.0
2024-11-19 04:35:00+00:00,15.979999542236328,15.979999542236328,15.970000267028809,15.979999542236328,31398,0.0,0.0,0.0
2024-11-19 04:40:00+00:00,15.979999542236328,15.979999542236328,15.979999542236328,15.979999542236328,2736,0.0,0.0,0.0
2024-11-19 04:45:00+00:00,15.979999542236328,15.979999542236328,15.960000038146973,15.970000267028809,27050,0.0,0.0,0.0
2024-11-19 04:50:00+00:00,15.970000267028809,15.970000267028809,15.970000267028809,15.970000267028809,11782,0.0,0.0,0.0
2024-11-19 04:55:00+00:00,15.970000267028809,15.970000267028809,15.970000267028809,15.970000267028809,3100,0.0,0.0,0.0
2024-11-19 05:00:00+00:00,15.970000267028809,15.970000267028809,15.970000267028809,15.970000267028809,10597,0.0,0.0,0.0
2024-11-19 05:05:00+00:00,15.960000038146973,15.970000267028809,15.960000038146973,15.970000267028809,12612,0.0,0.0,0.0
2024-11-19 05:10:00+00:00,15.960000038146973,15.960000038146973,15.960000038146973,15.960000038146973,80000,0.0,0.0,0.0
2024-11-19 05:15:00+00:00,15.960000038146973,15.960000038146973,15.960000038146973,15.960000038146973,12887,0.0,0.0,0.0
2024-11-19 05:20:00+00:00,15.949999809265137,15.970000267028809,15.949999809265137,15.970000267028809,26960,0.0,0.0,0.0
2024-11-20 01:00:00+00:00,15.989999771118164,16.0,15.989999771118164,15.989999771118164,0,0.0,0.0,0.0
2024-11-20 01:05:00+00:00,15.989999771118164,16.0,15.979999542236328,15.989999771118164,67682,0.0,0.0,0.0
2024-11-20 01:10:00+00:00,15.989999771118164,15.989999771118164,15.979999542236328,15.989999771118164,25494,0.0,0.0,0.0
2024-11-20 01:15:00+00:00,15.989999771118164,15.989999771118164,15.979999542236328,15.979999542236328,3073,0.0,0.0,0.0
2024-11-20 01:20:00+00:00,15.979999542236328,15.979999542236328,15.979999542236328,15.979999542236328,125326,0.0,0.0,0.0
2024-11-20 01:25:00+00:00,15.979999542236328,15.979999542236328,15.979999542236328,15.979999542236328,20513,0.0,0.0,0.0
2024-11-20 01:30:00+00:00,15.979999542236328,15.989999771118164,15.979999542236328,15.989999771118164,51511,0.0,0.0,0.0
2024-11-20 01:35:00+00:00,15.989999771118164,15.989999771118164,15.989999771118164,15.989999771118164,172571,0.0,0.0,0.0
2024-11-20 01:40:00+00:00,16.0,16.0,16.0,16.0,262013,0.0,0.0,0.0
2024-11-20 01:45:00+00:00,16.0,16.010000228881836,16.0,16.0,85075,0.0,0.0,0.0
2024-11-20 01:50:00+00:00,15.989999771118164,16.0,15.979999542236328,15.979999542236328,150000,0.0,0.0,0.0
2024-11-20 01:55:00+00:00,15.989999771118164,16.0,15.979999542236328,15.979999542236328,59000,0.0,0.0,0.0
2024-11-20 02:00:00+00:00,16.0,16.0,15.979999542236328,16.0,36013,0.0,0.0,0.0
2024-11-20 02:05:00+00:00,15.989999771118164,16.0,15.989999771118164,15.989999771118164,34000,0.0,0.0,0.0
2024-11-20 02:10:00+00:00,15.989999771118164,15.989999771118164,15.970000267028809,15.970000267028809,39159,0.0,0.0,0.0
2024-11-20 02:15:00+00:00,15.970000267028809,15.979999542236328,15.970000267028809,15.979999542236328,13500,0.0,0.0,0.0
2024-11-20 02:20:00+00:00,15.989999771118164,16.010000228881836,15.989999771118164,16.010000228881836,86210,0.0,0.0,0.0
2024-11-20 02:25:00+00:00,16.010000228881836,16.020000457763672,16.010000228881836,16.010000228881836,83075,0.0,0.0,0.0
2024-11-20 02:30:00+00:00,16.010000228881836,16.030000686645508,16.010000228881836,16.020000457763672,26294,0.0,0.0,0.0
2024-11-20 02:35:00+00:00,16.020000457763672,16.020000457763672,16.010000228881836,16.020000457763672,65571,0.0,0.0,0.0
2024-11-20 02:40:00+00:00,16.030000686645508,16.030000686645508,16.030000686645508,16.030000686645508,110630,0.0,0.0,0.0
2024-11-20 02:45:00+00:00,16.030000686645508,16.030000686645508,16.020000457763672,16.020000457763672,50251,0.0,0.0,0.0
2024-11-20 02:50:00+00:00,16.030000686645508,16.030000686645508,16.030000686645508,16.030000686645508,20000,0.0,0.0,0.0
2024-11-20 02:55:00+00:00,16.030000686645508,16.030000686645508,16.020000457763672,16.020000457763672,19258,0.0,0.0,0.0
2024-11-20 03:00:00+00:00,16.030000686645508,16.030000686645508,16.0,16.0,85531,0.0,0.0,0.0
2024-11-20 03:05:00+00:00,16.010000228881836,16.010000228881836,16.0,16.0,54245,0.0,0.0,0.0
2024-11-20 03:10:00+00:00,15.989999771118164,16.0,15.989999771118164,16.0,7000,0.0,0.0,0.0
2024-11-20 03:15:00+00:00,15.989999771118164,15.989999771118164,15.960000038146973,15.960000038146973,145351,0.0,0.0,0.0
2024-11-20 03:20:00+00:00,15.960000038146973,15.989999771118164,15.960000038146973,15.979999542236328,24046,0.0,0.0,0.0
2024-11-20 03:25:00+00:00,15.979999542236328,15.979999542236328,15.979999542236328,15.979999542236328,3028,0.0,0.0,0.0
2024-11-20 03:30:00+00:00,15.979999542236328,15.979999542236328,15.979999542236328,15.979999542236328,2000,0.0,0.0,0.0
2024-11-20 03:35:00+00:00,15.979999542236328,15.979999542236328,15.979999542236328,15.979999542236328,9070,0.0,0.0,0.0
2024-11-20 03:40:00+00:00,15.979999542236328,15.979999542236328,15.979999542236328,15.979999542236328,1006,0.0,0.0,0.0
2024-11-20 03:45:00+00:00,15.979999542236328,15.979999542236328,15.979999542236328,15.979999542236328,7000,0.0,0.0,0.0
2024-11-20 03:50:00+00:00,15.970000267028809,15.979999542236328,15.970000267028809,15.979999542236328,6623,0.0,0.0,0.0
2024-11-20 03:55:00+00:00,15.970000267028809,15.979999542236328,15.970000267028809,15.979999542236328,3400,0.0,0.0,0.0
2024-11-20 04:00:00+00:00,15.979999542236328,15.979999542236328,15.979999542236328,15.979999542236328,14830,0.0,0.0,0.0
2024-11-20 04:10:00+00:00,15.970000267028809,15.979999542236328,15.970000267028809,15.979999542236328,25000,0.0,0.0,0.0
2024-11-20 04:15:00+00:00,15.970000267028809,15.970000267028809,15.970000267028809,15.970000267028809,18722,0.0,0.0,0.0
2024-11-20 04:25:00+00:00,15.970000267028809,15.970000267028809,15.960000038146973,15.960000038146973,25200,0.0,0.0,0.0
2024-11-20 04:30:00+00:00,15.960000038146973,15.960000038146973,15.960000038146973,15.960000038146973,9201,0.0,0.0,0.0
2024-11-20 04:35:00+00:00,15.960000038146973,15.960000038146973,15.960000038146973,15.960000038146973,65000,0.0,0.0,0.0
2024-11-20 04:40:00+00:00,15.960000038146973,15.960000038146973,15.949999809265137,15.949999809265137,59207,0.0,0.0,0.0
2024-11-20 04:45:00+00:00,15.949999809265137,15.960000038146973,15.949999809265137,15.960000038146973,2100,0.0,0.0,0.0
2024-11-20 04:50:00+00:00,15.960000038146973,15.960000038146973,15.960000038146973,15.960000038146973,70233,0.0,0.0,0.0
2024-11-20 04:55:00+00:00,15.960000038146973,15.960000038146973,15.960000038146973,15.960000038146973,13186,0.0,0.0,0.0
2024-11-20 05:00:00+00:00,15.960000038146973,15.960000038146973,15.949999809265137,15.949999809265137,7080,0.0,0.0,0.0
2024-11-20 05:05:00+00:00,15.949999809265137,15.949999809265137,15.949999809265137,15.949999809265137,2250,0.0,0.0,0.0
2024-11-20 05:10:00+00:00,15.949999809265137,15.949999809265137,15.949999809265137,15.949999809265137,40170,0.0,0.0,0.0
2024-11-20 05:15:00+00:00,15.949999809265137,15.949999809265137,15.949999809265137,15.949999809265137,12835,0.0,0.0,0.0
2024-11-20 05:20:00+00:00,15.949999809265137,15.960000038146973,15.949999809265137,15.949999809265137,8869,0.0,0.0,0.0
2024-11-21 01:00:00+00:00,15.920000076293945,15.920000076293945,15.920000076293945,15.920000076293945,0,0.0,0.0,0.0
2024-11-21 01:05:00+00:00,15.920000076293945,15.9399995803833,15.920000076293945,15.920000076293945,123258,0.0,0.0,0.0
2024-11-21 01:10:00+00:00,15.920000076293945,15.920000076293945,15.899999618530273,15.899999618530273,27913,0.0,0.0,0.0
2024-11-21 01:15:00+00:00,15.899999618530273,15.90999984741211,15.899999618530273,15.90999984741211,36312,0.0,0.0,0.0
2024-11-21 01:20:00+00:00,15.90999984741211,15.90999984741211,15.90999984741211,15.90999984741211,64110,0.0,0.0,0.0
2024-11-21 01:25:00+00:00,15.90999984741211,15.90999984741211,15.899999618530273,15.899999618530273,33886,0.0,0.0,0.0
2024-11-21 01:30:00+00:00,15.899999618530273,15.899999618530273,15.899999618530273,15.899999618530273,5040,0.0,0.0,0.0
2024-11-21 01:35:00+00:00,15.899999618530273,15.899999618530273,15.880000114440918,15.880000114440918,101472,0.0,0.0,0.0
2024-11-21 01:40:00+00:00,15.880000114440918,15.899999618530273,15.880000114440918,15.899999618530273,8680,0.0,0.0,0.0
2024-11-21 01:45:00+00:00,15.899999618530273,15.899999618530273,15.899999618530273,15.899999618530273,1000,0.0,0.0,0.0
2024-11-21 01:50:00+00:00,15.890000343322754,15.890000343322754,15.869999885559082,15.880000114440918,96993,0.0,0.0,0.0
2024-11-21 01:55:00+00:00,15.880000114440918,15.880000114440918,15.859999656677246,15.859999656677246,17183,0.0,0.0,0.0
2024-11-21 02:00:00+00:00,15.859999656677246,15.859999656677246,15.859999656677246,15.859999656677246,1547,0.0,0.0,0.0
2024-11-21 02:05:00+00:00,15.880000114440918,15.880000114440918,15.880000114440918,15.880000114440918,6000,0.0,0.0,0.0
2024-11-21 02:10:00+00:00,15.880000114440918,15.880000114440918,15.880000114440918,15.880000114440918,41650,0.0,0.0,0.0
2024-11-21 02:15:00+00:00,15.890000343322754,15.890000343322754,15.890000343322754,15.890000343322754,7160,0.0,0.0,0.0
2024-11-21 02:20:00+00:00,15.899999618530273,15.899999618530273,15.890000343322754,15.890000343322754,35065,0.0,0.0,0.0
2024-11-21 02:25:00+00:00,15.899999618530273,15.899999618530273,15.899999618530273,15.899999618530273,17040,0.0,0.0,0.0
2024-11-21 02:30:00+00:00,15.899999618530273,15.90999984741211,15.899999618530273,15.90999984741211,53005,0.0,0.0,0.0
2024-11-21 02:40:00+00:00,15.90999984741211,15.90999984741211,15.90999984741211,15.90999984741211,5020,0.0,0.0,0.0
2024-11-21 02:45:00+00:00,15.90999984741211,15.90999984741211,15.899999618530273,15.899999618530273,4018,0.0,0.0,0.0
2024-11-21 02:50:00+00:00,15.90999984741211,15.90999984741211,15.90999984741211,15.90999984741211,1000,0.0,0.0,0.0
2024-11-21 02:55:00+00:00,15.90999984741211,15.90999984741211,15.890000343322754,15.890000343322754,45881,0.0,0.0,0.0
2024-11-21 03:00:00+00:00,15.90999984741211,15.90999984741211,15.90999984741211,15.90999984741211,8100,0.0,0.0,0.0
2024-11-21 03:05:00+00:00,15.90999984741211,15.930000305175781,15.90999984741211,15.930000305175781,147211,0.0,0.0,0.0
2024-11-21 03:10:00+00:00,15.930000305175781,15.930000305175781,15.930000305175781,15.930000305175781,2880,0.0,0.0,0.0
2024-11-21 03:20:00+00:00,15.930000305175781,15.930000305175781,15.930000305175781,15.930000305175781,26446,0.0,0.0,0.0
2024-11-21 03:25:00+00:00,15.930000305175781,15.9399995803833,15.930000305175781,15.9399995803833,2000,0.0,0.0,0.0
2024-11-21 03:30:00+00:00,15.9399995803833,15.9399995803833,15.9399995803833,15.9399995803833,2420,0.0,0.0,0.0
2024-11-21 03:35:00+00:00,15.9399995803833,15.9399995803833,15.9399995803833,15.9399995803833,1000,0.0,0.0,0.0
2024-11-21 03:45:00+00:00,15.9399995803833,15.9399995803833,15.930000305175781,15.930000305175781,3240,0.0,0.0,0.0
2024-11-21 03:55:00+00:00,15.930000305175781,15.930000305175781,15.90999984741211,15.90999984741211,6000,0.0,0.0,0.0
2024-11-21 04:00:00+00:00,15.90999984741211,15.90999984741211,15.90999984741211,15.90999984741211,1855,0.0,0.0,0.0
2024-11-21 04:05:00+00:00,15.920000076293945,15.920000076293945,15.920000076293945,15.920000076293945,1500,0.0,0.0,0.0
2024-11-21 04:10:00+00:00,15.920000076293945,15.920000076293945,15.920000076293945,15.920000076293945,2174,0.0,0.0,0.0
2024-11-21 04:15:00+00:00,15.9399995803833,15.9399995803833,15.9399995803833,15.9399995803833,10000,0.0,0.0,0.0
2024-11-21 04:20:00+00:00,15.9399995803833,15.9399995803833,15.9399995803833,15.9399995803833,3339,0.0,0.0,0.0
2024-11-21 04:30:00+00:00,15.9399995803833,15.9399995803833,15.9399995803833,15.9399995803833,3261,0.0,0.0,0.0
2024-11-21 04:35:00+00:00,15.9399995803833,15.9399995803833,15.9399995803833,15.9399995803833,3309,0.0,0.0,0.0
2024-11-21 04:40:00+00:00,15.9399995803833,15.9399995803833,15.9399995803833,15.9399995803833,16020,0.0,0.0,0.0
2024-11-21 04:45:00+00:00,15.930000305175781,15.930000305175781,15.930000305175781,15.930000305175781,51243,0.0,0.0,0.0
2024-11-21 04:50:00+00:00,15.930000305175781,15.930000305175781,15.90999984741211,15.90999984741211,402356,0.0,0.0,0.0
2024-11-21 04:55:00+00:00,15.90999984741211,15.90999984741211,15.90999984741211,15.90999984741211,1704,0.0,0.0,0.0
2024-11-21 05:10:00+00:00,15.920000076293945,15.920000076293945,15.920000076293945,15.920000076293945,100163,0.0,0.0,0.0
2024-11-21 05:15:00+00:00,15.920000076293945,15.930000305175781,15.920000076293945,15.930000305175781,7382,0.0,0.0,0.0
2024-11-21 05:20:00+00:00,15.9399995803833,15.9399995803833,15.9399995803833,15.9399995803833,21545,0.0,0.0,0.0
2024-11-22 01:00:00+00:00,15.970000267028809,15.989999771118164,15.970000267028809,15.970000267028809,0,0.0,0.0,0.0
2024-11-22 01:05:00+00:00,15.970000267028809,15.979999542236328,15.970000267028809,15.979999542236328,4109,0.0,0.0,0.0
2024-11-22 01:10:00+00:00,15.979999542236328,15.989999771118164,15.979999542236328,15.979999542236328,82002,0.0,0.0,0.0
2024-11-22 01:15:00+00:00,15.989999771118164,15.989999771118164,15.989999771118164,15.989999771118164,2010,0.0,0.0,0.0
2024-11-22 01:20:00+00:00,15.989999771118164,16.0,15.989999771118164,16.0,31100,0.0,0.0,0.0
2024-11-22 01:25:00+00:00,16.0,16.0,15.989999771118164,15.989999771118164,90938,0.0,0.0,0.0
2024-11-22 01:30:00+00:00,15.979999542236328,15.979999542236328,15.979999542236328,15.979999542236328,2007,0.0,0.0,0.0
2024-11-22 01:35:00+00:00,15.979999542236328,15.979999542236328,15.979999542236328,15.979999542236328,14372,0.0,0.0,0.0
2024-11-22 01:40:00+00:00,15.979999542236328,15.979999542236328,15.979999542236328,15.979999542236328,18004,0.0,0.0,0.0
2024-11-22 01:45:00+00:00,15.979999542236328,15.989999771118164,15.970000267028809,15.970000267028809,49723,0.0,0.0,0.0
2024-11-22 01:50:00+00:00,15.960000038146973,15.960000038146973,15.949999809265137,15.949999809265137,28182,0.0,0.0,0.0
2024-11-22 01:55:00+00:00,15.949999809265137,15.949999809265137,15.949999809265137,15.949999809265137,12397,0.0,0.0,0.0
2024-11-22 02:00:00+00:00,15.949999809265137,15.949999809265137,15.949999809265137,15.949999809265137,2006,0.0,0.0,0.0
2024-11-22 02:05:00+00:00,15.960000038146973,15.960000038146973,15.960000038146973,15.960000038146973,36265,0.0,0.0,0.0
2024-11-22 02:10:00+00:00,15.970000267028809,15.970000267028809,15.970000267028809,15.970000267028809,6000,0.0,0.0,0.0
2024-11-22 02:15:00+00:00,15.979999542236328,15.979999542236328,15.979999542236328,15.979999542236328,107280,0.0,0.0,0.0
2024-11-22 02:20:00+00:00,15.979999542236328,15.979999542236328,15.979999542236328,15.979999542236328,2010,0.0,0.0,0.0
2024-11-22 02:25:00+00:00,15.970000267028809,15.979999542236328,15.970000267028809,15.979999542236328,6015,0.0,0.0,0.0
2024-11-22 02:30:00+00:00,15.989999771118164,15.989999771118164,15.989999771118164,15.989999771118164,1251,0.0,0.0,0.0
2024-11-22 02:35:00+00:00,15.989999771118164,16.0,15.989999771118164,16.0,398526,0.0,0.0,0.0
2024-11-22 02:40:00+00:00,16.010000228881836,16.040000915527344,16.010000228881836,16.030000686645508,52266,0.0,0.0,0.0
2024-11-22 02:45:00+00:00,16.020000457763672,16.030000686645508,16.020000457763672,16.030000686645508,31100,0.0,0.0,0.0
2024-11-22 02:50:00+00:00,16.020000457763672,16.020000457763672,16.010000228881836,16.010000228881836,4094,0.0,0.0,0.0
2024-11-22 02:55:00+00:00,15.989999771118164,16.0,15.989999771118164,16.0,35350,0.0,0.0,0.0
2024-11-22 03:00:00+00:00,16.0,16.0,16.0,16.0,2770,0.0,0.0,0.0
2024-11-22 03:05:00+00:00,15.989999771118164,15.989999771118164,15.989999771118164,15.989999771118164,1900,0.0,0.0,0.0
2024-11-22 03:10:00+00:00,15.989999771118164,15.989999771118164,15.989999771118164,15.989999771118164,10952,0.0,0.0,0.0
2024-11-22 03:20:00+00:00,16.0,16.0,15.989999771118164,15.989999771118164,20244,0.0,0.0,0.0
2024-11-22 03:25:00+00:00,15.979999542236328,15.979999542236328,15.979999542236328,15.979999542236328,33071,0.0,0.0,0.0
2024-11-22 03:30:00+00:00,15.970000267028809,15.970000267028809,15.970000267028809,15.970000267028809,15130,0.0,0.0,0.0
2024-11-22 03:35:00+00:00,15.970000267028809,15.979999542236328,15.970000267028809,15.979999542236328,51063,0.0,0.0,0.0
2024-11-22 03:40:00+00:00,15.979999542236328,15.979999542236328,15.979999542236328,15.979999542236328,2000,0.0,0.0,0.0
2024-11-22 03:45:00+00:00,15.970000267028809,15.970000267028809,15.970000267028809,15.970000267028809,1000,0.0,0.0,0.0
2024-11-22 03:50:00+00:00,15.970000267028809,15.970000267028809,15.970000267028809,15.970000267028809,6550,0.0,0.0,0.0
2024-11-22 04:05:00+00:00,15.970000267028809,15.970000267028809,15.970000267028809,15.970000267028809,38000,0.0,0.0,0.0
2024-11-22 04:10:00+00:00,15.979999542236328,15.979999542236328,15.979999542236328,15.979999542236328,1120,0.0,0.0,0.0
2024-11-22 04:25:00+00:00,15.970000267028809,15.970000267028809,15.970000267028809,15.970000267028809,1050,0.0,0.0,0.0
2024-11-22 04:30:00+00:00,15.970000267028809,15.970000267028809,15.970000267028809,15.970000267028809,7472,0.0,0.0,0.0
2024-11-22 04:45:00+00:00,15.970000267028809,15.979999542236328,15.970000267028809,15.970000267028809,5150,0.0,0.0,0.0
2024-11-22 04:50:00+00:00,15.979999542236328,15.979999542236328,15.970000267028809,15.970000267028809,7526,0.0,0.0,0.0
2024-11-22 04:55:00+00:00,15.970000267028809,15.970000267028809,15.970000267028809,15.970000267028809,8091,0.0,0.0,0.0
2024-11-22 05:00:00+00:00,15.970000267028809,15.970000267028809,15.970000267028809,15.970000267028809,45601,0.0,0.0,0.0
2024-11-22 05:05:00+00:00,15.960000038146973,15.960000038146973,15.960000038146973,15.960000038146973,101986,0.0,0.0,0.0
2024-11-22 05:10:00+00:00,15.960000038146973,15.960000038146973,15.960000038146973,15.960000038146973,1044,0.0,0.0,0.0
2024-11-22 05:15:00+00:00,15.960000038146973,15.960000038146973,15.960000038146973,15.960000038146973,11000,0.0,0.0,0.0
2024-11-22 05:20:00+00:00,15.960000038146973,15.960000038146973,15.960000038146973,15.960000038146973,81330,0.0,0.0,0.0
2024-11-25 01:00:00+00:00,16.030000686645508,16.049999237060547,16.020000457763672,16.040000915527344,0,0.0,0.0,0.0
2024-11-25 01:05:00+00:00,16.030000686645508,16.040000915527344,16.020000457763672,16.040000915527344,59024,0.0,0.0,0.0
2024-11-25 01:10:00+00:00,16.040000915527344,16.040000915527344,16.020000457763672,16.020000457763672,64416,0.0,0.0,0.0
2024-11-25 01:15:00+00:00,16.010000228881836,16.030000686645508,16.010000228881836,16.030000686645508,15432,0.0,0.0,0.0
2024-11-25 01:20:00+00:00,16.010000228881836,16.010000228881836,16.010000228881836,16.010000228881836,10080,0.0,0.0,0.0
2024-11-25 01:25:00+00:00,16.010000228881836,16.010000228881836,16.0,16.0,119500,0.0,0.0,0.0
2024-11-25 01:30:00+00:00,16.020000457763672,16.020000457763672,16.0,16.020000457763672,28251,0.0,0.0,0.0
2024-11-25 01:40:00+00:00,16.0,16.0,15.989999771118164,15.989999771118164,99418,0.0,0.0,0.0
2024-11-25 01:45:00+00:00,15.989999771118164,15.989999771118164,15.989999771118164,15.989999771118164,7372,0.0,0.0,0.0
2024-11-25 01:50:00+00:00,15.989999771118164,15.989999771118164,15.989999771118164,15.989999771118164,9000,0.0,0.0,0.0
2024-11-25 01:55:00+00:00,15.989999771118164,15.989999771118164,15.970000267028809,15.989999771118164,141410,0.0,0.0,0.0
2024-11-25 02:00:00+00:00,15.989999771118164,15.989999771118164,15.970000267028809,15.979999542236328,14060,0.0,0.0,0.0
2024-11-25 02:05:00+00:00,15.979999542236328,15.979999542236328,15.970000267028809,15.970000267028809,26533,0.0,0.0,0.0
2024-11-25 02:10:00+00:00,15.970000267028809,15.970000267028809,15.960000038146973,15.960000038146973,73377,0.0,0.0,0.0
2024-11-25 02:15:00+00:00,15.970000267028809,15.970000267028809,15.9399995803833,15.9399995803833,140859,0.0,0.0,0.0
2024-11-25 02:20:00+00:00,15.949999809265137,15.949999809265137,15.9399995803833,15.9399995803833,40056,0.0,0.0,0.0
2024-11-25 02:25:00+00:00,15.949999809265137,15.949999809265137,15.949999809265137,15.949999809265137,4725,0.0,0.0,0.0
2024-11-25 02:30:00+00:00,15.970000267028809,15.979999542236328,15.970000267028809,15.979999542236328,11617,0.0,0.0,0.0
2024-11-25 02:35:00+00:00,15.979999542236328,15.979999542236328,15.970000267028809,15.970000267028809,30118,0.0,0.0,0.0
2024-11-25 02:45:00+00:00,15.979999542236328,15.979999542236328,15.979999542236328,15.979999542236328,4158,0.0,0.0,0.0
2024-11-25 02:50:00+00:00,15.979999542236328,15.979999542236328,15.979999542236328,15.979999542236328,2083,0.0,0.0,0.0
2024-11-25 02:55:00+00:00,15.979999542236328,15.989999771118164,15.979999542236328,15.989999771118164,4003,0.0,0.0,0.0
2024-11-25 03:00:00+00:00,15.989999771118164,15.989999771118164,15.989999771118164,15.989999771118164,15100,0.0,0.0,0.0
2024-11-25 03:05:00+00:00,15.979999542236328,15.979999542236328,15.979999542236328,15.979999542236328,72001,0.0,0.0,0.0
2024-11-25 03:10:00+00:00,15.970000267028809,15.970000267028809,15.970000267028809,15.970000267028809,3000,0.0,0.0,0.0
2024-11-25 03:15:00+00:00,15.979999542236328,15.979999542236328,15.960000038146973,15.960000038146973,46715,0.0,0.0,0.0
2024-11-25 03:25:00+00:00,15.970000267028809,15.970000267028809,15.970000267028809,15.970000267028809,2000,0.0,0.0,0.0
2024-11-25 03:30:00+00:00,15.970000267028809,15.970000267028809,15.949999809265137,15.949999809265137,27130,0.0,0.0,0.0
2024-11-25 03:35:00+00:00,15.949999809265137,15.949999809265137,15.949999809265137,15.949999809265137,1050,0.0,0.0,0.0
2024-11-25 03:40:00+00:00,15.949999809265137,15.960000038146973,15.949999809265137,15.960000038146973,56000,0.0,0.0,0.0
2024-11-25 03:45:00+00:00,15.949999809265137,15.960000038146973,15.949999809265137,15.960000038146973,5358,0.0,0.0,0.0
2024-11-25 03:50:00+00:00,15.960000038146973,15.970000267028809,15.949999809265137,15.970000267028809,14622,0.0,0.0,0.0
2024-11-25 03:55:00+00:00,15.970000267028809,15.970000267028809,15.970000267028809,15.970000267028809,2000,0.0,0.0,0.0
2024-11-25 04:00:00+00:00,15.970000267028809,15.970000267028809,15.970000267028809,15.970000267028809,1000,0.0,0.0,0.0
2024-11-25 04:05:00+00:00,15.970000267028809,15.970000267028809,15.970000267028809,15.970000267028809,2292,0.0,0.0,0.0
2024-11-25 04:10:00+00:00,15.970000267028809,15.970000267028809,15.960000038146973,15.970000267028809,10700,0.0,0.0,0.0
2024-11-25 04:15:00+00:00,15.970000267028809,15.970000267028809,15.970000267028809,15.970000267028809,12050,0.0,0.0,0.0
2024-11-25 04:20:00+00:00,15.979999542236328,15.989999771118164,15.979999542236328,15.989999771118164,7050,0.0,0.0,0.0
2024-11-25 04:30:00+00:00,15.989999771118164,15.989999771118164,15.960000038146973,15.989999771118164,25554,0.0,0.0,0.0
2024-11-25 04:40:00+00:00,15.979999542236328,15.979999542236328,15.979999542236328,15.979999542236328,6060,0.0,0.0,0.0
2024-11-25 04:45:00+00:00,15.970000267028809,15.970000267028809,15.970000267028809,15.970000267028809,1001,0.0,0.0,0.0
2024-11-25 04:50:00+00:00,15.970000267028809,15.989999771118164,15.970000267028809,15.979999542236328,26300,0.0,0.0,0.0
2024-11-25 04:55:00+00:00,15.989999771118164,15.989999771118164,15.979999542236328,15.979999542236328,7093,0.0,0.0,0.0
2024-11-25 05:00:00+00:00,15.989999771118164,15.989999771118164,15.989999771118164,15.989999771118164,10107,0.0,0.0,0.0
2024-11-25 05:05:00+00:00,15.989999771118164,15.989999771118164,15.989999771118164,15.989999771118164,1010,0.0,0.0,0.0
2024-11-25 05:15:00+00:00,15.979999542236328,15.979999542236328,15.979999542236328,15.979999542236328,4575,0.0,0.0,0.0
2024-11-25 05:20:00+00:00,15.970000267028809,15.970000267028809,15.960000038146973,15.960000038146973,11100,0.0,0.0,0.0
2024-11-26 01:00:00+00:00,15.949999809265137,15.949999809265137,15.899999618530273,15.90999984741211,0,0.0,0.0,0.0
2024-11-26 01:05:00+00:00,15.90999984741211,15.9399995803833,15.90999984741211,15.90999984741211,189000,0.0,0.0,0.0
2024-11-26 01:10:00+00:00,15.90999984741211,15.920000076293945,15.890000343322754,15.890000343322754,64889,0.0,0.0,0.0
2024-11-26 01:15:00+00:00,15.880000114440918,15.890000343322754,15.850000381469727,15.880000114440918,65360,0.0,0.0,0.0
2024-11-26 01:20:00+00:00,15.880000114440918,15.880000114440918,15.869999885559082,15.880000114440918,21685,0.0,0.0,0.0
2024-11-26 01:25:00+00:00,15.869999885559082,15.890000343322754,15.859999656677246,15.880000114440918,335508,0.0,0.0,0.0
2024-11-26 01:30:00+00:00,15.899999618530273,15.899999618530273,15.880000114440918,15.899999618530273,31745,0.0,0.0,0.0
2024-11-26 01:35:00+00:00,15.899999618530273,15.930000305175781,15.899999618530273,15.920000076293945,13010,0.0,0.0,0.0
2024-11-26 01:40:00+00:00,15.920000076293945,15.949999809265137,15.90999984741211,15.930000305175781,11190,0.0,0.0,0.0
2024-11-26 01:45:00+00:00,15.960000038146973,15.960000038146973,15.930000305175781,15.9399995803833,15139,0.0,0.0,0.0
2024-11-26 01:50:00+00:00,15.930000305175781,15.960000038146973,15.930000305175781,15.960000038146973,44707,0.0,0.0,0.0
2024-11-26 01:55:00+00:00,15.960000038146973,15.970000267028809,15.960000038146973,15.960000038146973,14100,0.0,0.0,0.0
2024-11-26 02:00:00+00:00,15.979999542236328,15.989999771118164,15.960000038146973,15.970000267028809,15801,0.0,0.0,0.0
2024-11-26 02:05:00+00:00,15.970000267028809,15.979999542236328,15.970000267028809,15.979999542236328,29005,0.0,0.0,0.0
2024-11-26 02:10:00+00:00,15.979999542236328,16.0,15.979999542236328,15.979999542236328,21228,0.0,0.0,0.0
2024-11-26 02:15:00+00:00,16.0,16.0,15.979999542236328,15.979999542236328,24293,0.0,0.0,0.0
2024-11-26 02:20:00+00:00,15.979999542236328,16.010000228881836,15.979999542236328,15.989999771118164,82381,0.0,0.0,0.0
2024-11-26 02:25:00+00:00,15.989999771118164,15.989999771118164,15.979999542236328,15.979999542236328,10000,0.0,0.0,0.0
2024-11-26 02:30:00+00:00,16.0,16.0,15.960000038146973,15.960000038146973,30010,0.0,0.0,0.0
2024-11-26 02:35:00+00:00,15.960000038146973,15.979999542236328,15.960000038146973,15.970000267028809,12730,0.0,0.0,0.0
2024-11-26 02:40:00+00:00,15.970000267028809,15.970000267028809,15.960000038146973,15.960000038146973,22000,0.0,0.0,0.0
2024-11-26 02:45:00+00:00,15.970000267028809,15.970000267028809,15.960000038146973,15.960000038146973,17500,0.0,0.0,0.0
2024-11-26 02:50:00+00:00,15.960000038146973,15.960000038146973,15.949999809265137,15.949999809265137,11140,0.0,0.0,0.0
2024-11-26 02:55:00+00:00,15.949999809265137,15.949999809265137,15.9399995803833,15.9399995803833,13005,0.0,0.0,0.0
2024-11-26 03:00:00+00:00,15.949999809265137,15.949999809265137,15.9399995803833,15.949999809265137,37778,0.0,0.0,0.0
2024-11-26 03:05:00+00:00,15.949999809265137,15.949999809265137,15.9399995803833,15.9399995803833,9020,0.0,0.0,0.0
2024-11-26 03:10:00+00:00,15.9399995803833,15.9399995803833,15.9399995803833,15.9399995803833,20580,0.0,0.0,0.0
2024-11-26 03:15:00+00:00,15.949999809265137,15.949999809265137,15.9399995803833,15.9399995803833,13000,0.0,0.0,0.0
2024-11-26 03:20:00+00:00,15.949999809265137,15.949999809265137,15.9399995803833,15.9399995803833,10100,0.0,0.0,0.0
2024-11-26 03:30:00+00:00,15.949999809265137,15.949999809265137,15.949999809265137,15.949999809265137,3040,0.0,0.0,0.0
2024-11-26 03:35:00+00:00,15.949999809265137,15.949999809265137,15.949999809265137,15.949999809265137,1140,0.0,0.0,0.0
2024-11-26 03:40:00+00:00,15.949999809265137,15.949999809265137,15.949999809265137,15.949999809265137,1682,0.0,0.0,0.0
2024-11-26 03:45:00+00:00,15.949999809265137,15.949999809265137,15.949999809265137,15.949999809265137,2840,0.0,0.0,0.0
2024-11-26 03:55:00+00:00,15.9399995803833,15.9399995803833,15.9399995803833,15.9399995803833,5220,0.0,0.0,0.0
2024-11-26 04:05:00+00:00,15.949999809265137,15.949999809265137,15.9399995803833,15.9399995803833,11080,0.0,0.0,0.0
2024-11-26 04:10:00+00:00,15.949999809265137,15.949999809265137,15.949999809265137,15.949999809265137,2000,0.0,0.0,0.0
2024-11-26 04:15:00+00:00,15.949999809265137,15.949999809265137,15.949999809265137,15.949999809265137,21144,0.0,0.0,0.0
2024-11-26 04:20:00+00:00,15.9399995803833,15.9399995803833,15.9399995803833,15.9399995803833,11028,0.0,0.0,0.0
2024-11-26 04:25:00+00:00,15.9399995803833,15.9399995803833,15.9399995803833,15.9399995803833,4000,0.0,0.0,0.0
2024-11-26 04:30:00+00:00,15.949999809265137,15.949999809265137,15.949999809265137,15.949999809265137,3454,0.0,0.0,0.0
2024-11-26 04:35:00+00:00,15.949999809265137,15.960000038146973,15.949999809265137,15.960000038146973,2240,0.0,0.0,0.0
2024-11-26 04:40:00+00:00,15.960000038146973,15.960000038146973,15.949999809265137,15.949999809265137,8271,0.0,0.0,0.0
2024-11-26 04:45:00+00:00,15.949999809265137,15.949999809265137,15.9399995803833,15.9399995803833,164400,0.0,0.0,0.0
2024-11-26 04:50:00+00:00,15.9399995803833,15.9399995803833,15.930000305175781,15.930000305175781,14105,0.0,0.0,0.0
2024-11-26 04:55:00+00:00,15.9399995803833,15.9399995803833,15.930000305175781,15.930000305175781,60867,0.0,0.0,0.0
2024-11-26 05:00:00+00:00,15.920000076293945,15.930000305175781,15.920000076293945,15.930000305175781,11670,0.0,0.0,0.0
2024-11-26 05:05:00+00:00,15.930000305175781,15.930000305175781,15.920000076293945,15.920000076293945,11188,0.0,0.0,0.0
2024-11-26 05:10:00+00:00,15.920000076293945,15.920000076293945,15.920000076293945,15.920000076293945,28122,0.0,0.0,0.0
2024-11-26 05:15:00+00:00,15.920000076293945,15.930000305175781,15.920000076293945,15.930000305175781,53572,0.0,0.0,0.0
2024-11-26 05:20:00+00:00,15.930000305175781,15.930000305175781,15.930000305175781,15.930000305175781,28511,0.0,0.0,0.0
2024-11-27 01:00:00+00:00,15.949999809265137,15.960000038146973,15.9399995803833,15.9399995803833,0,0.0,0.0,0.0
2024-11-27 01:05:00+00:00,15.9399995803833,15.9399995803833,15.9399995803833,15.9399995803833,4845,0.0,0.0,0.0
2024-11-27 01:10:00+00:00,15.949999809265137,15.949999809265137,15.949999809265137,15.949999809265137,4000,0.0,0.0,0.0
2024-11-27 01:15:00+00:00,15.960000038146973,15.960000038146973,15.9399995803833,15.9399995803833,32095,0.0,0.0,0.0
2024-11-27 01:20:00+00:00,15.930000305175781,15.930000305175781,15.930000305175781,15.930000305175781,11423,0.0,0.0,0.0
2024-11-27 01:25:00+00:00,15.930000305175781,15.930000305175781,15.899999618530273,15.899999618530273,69142,0.0,0.0,0.0
2024-11-27 01:30:00+00:00,15.920000076293945,15.920000076293945,15.90999984741211,15.90999984741211,162766,0.0,0.0,0.0
2024-11-27 01:35:00+00:00,15.920000076293945,15.920000076293945,15.920000076293945,15.920000076293945,5000,0.0,0.0,0.0
2024-11-27 01:40:00+00:00,15.920000076293945,15.930000305175781,15.920000076293945,15.930000305175781,62100,0.0,0.0,0.0
2024-11-27 01:45:00+00:00,15.930000305175781,15.930000305175781,15.930000305175781,15.930000305175781,3020,0.0,0.0,0.0
2024-11-27 01:50:00+00:00,15.920000076293945,15.920000076293945,15.920000076293945,15.920000076293945,5000,0.0,0.0,0.0
2024-11-27 01:55:00+00:00,15.920000076293945,15.920000076293945,15.90999984741211,15.90999984741211,84390,0.0,0.0,0.0
2024-11-27 02:00:00+00:00,15.90999984741211,15.90999984741211,15.90999984741211,15.90999984741211,58690,0.0,0.0,0.0
2024-11-27 02:05:00+00:00,15.90999984741211,15.90999984741211,15.90999984741211,15.90999984741211,59200,0.0,0.0,0.0
2024-11-27 02:15:00+00:00,15.920000076293945,15.920000076293945,15.920000076293945,15.920000076293945,12050,0.0,0.0,0.0
2024-11-27 02:20:00+00:00,15.90999984741211,15.920000076293945,15.90999984741211,15.90999984741211,15335,0.0,0.0,0.0
2024-11-27 02:30:00+00:00,15.90999984741211,15.90999984741211,15.90999984741211,15.90999984741211,80541,0.0,0.0,0.0
2024-11-27 02:35:00+00:00,15.90999984741211,15.90999984741211,15.90999984741211,15.90999984741211,1000,0.0,0.0,0.0
2024-11-27 02:40:00+00:00,15.90999984741211,15.90999984741211,15.90999984741211,15.90999984741211,11344,0.0,0.0,0.0
2024-11-27 02:45:00+00:00,15.90999984741211,15.90999984741211,15.899999618530273,15.90999984741211,280407,0.0,0.0,0.0
2024-11-27 02:50:00+00:00,15.90999984741211,15.90999984741211,15.90999984741211,15.90999984741211,1020,0.0,0.0,0.0
2024-11-27 02:55:00+00:00,15.90999984741211,15.90999984741211,15.90999984741211,15.90999984741211,1480,0.0,0.0,0.0
2024-11-27 03:00:00+00:00,15.920000076293945,15.920000076293945,15.920000076293945,15.920000076293945,1100,0.0,0.0,0.0
2024-11-27 03:05:00+00:00,15.920000076293945,15.920000076293945,15.920000076293945,15.920000076293945,1005,0.0,0.0,0.0
2024-11-27 03:10:00+00:00,15.90999984741211,15.90999984741211,15.90999984741211,15.90999984741211,2242,0.0,0.0,0.0
2024-11-27 03:20:00+00:00,15.90999984741211,15.90999984741211,15.90999984741211,15.90999984741211,6000,0.0,0.0,0.0
2024-11-27 03:25:00+00:00,15.90999984741211,15.90999984741211,15.90999984741211,15.90999984741211,7777,0.0,0.0,0.0
2024-11-27 03:30:00+00:00,15.90999984741211,15.90999984741211,15.899999618530273,15.899999618530273,40346,0.0,0.0,0.0
2024-11-27 03:35:00+00:00,15.899999618530273,15.899999618530273,15.899999618530273,15.899999618530273,4016,0.0,0.0,0.0
2024-11-27 03:40:00+00:00,15.899999618530273,15.899999618530273,15.890000343322754,15.890000343322754,120200,0.0,0.0,0.0
2024-11-27 03:45:00+00:00,15.890000343322754,15.899999618530273,15.890000343322754,15.899999618530273,2285,0.0,0.0,0.0
2024-11-27 03:50:00+00:00,15.899999618530273,15.899999618530273,15.899999618530273,15.899999618530273,24000,0.0,0.0,0.0
2024-11-27 03:55:00+00:00,15.899999618530273,15.90999984741211,15.899999618530273,15.90999984741211,23100,0.0,0.0,0.0
2024-11-27 04:00:00+00:00,15.90999984741211,15.90999984741211,15.90999984741211,15.90999984741211,5451,0.0,0.0,0.0
2024-11-27 04:05:00+00:00,15.90999984741211,15.90999984741211,15.90999984741211,15.90999984741211,18442,0.0,0.0,0.0
2024-11-27 04:10:00+00:00,15.90999984741211,15.90999984741211,15.90999984741211,15.90999984741211,10000,0.0,0.0,0.0
2024-11-27 04:15:00+00:00,15.899999618530273,15.899999618530273,15.899999618530273,15.899999618530273,13196,0.0,0.0,0.0
2024-11-27 04:20:00+00:00,15.899999618530273,15.899999618530273,15.890000343322754,15.890000343322754,29497,0.0,0.0,0.0
2024-11-27 04:25:00+00:00,15.890000343322754,15.899999618530273,15.890000343322754,15.899999618530273,6011,0.0,0.0,0.0
2024-11-27 04:30:00+00:00,15.899999618530273,15.899999618530273,15.890000343322754,15.890000343322754,59267,0.0,0.0,0.0
2024-11-27 04:35:00+00:00,15.890000343322754,15.890000343322754,15.880000114440918,15.880000114440918,18225,0.0,0.0,0.0
2024-11-27 04:40:00+00:00,15.880000114440918,15.880000114440918,15.880000114440918,15.880000114440918,12594,0.0,0.0,0.0
2024-11-27 04:45:00+00:00,15.890000343322754,15.890000343322754,15.869999885559082,15.869999885559082,137679,0.0,0.0,0.0
2024-11-27 04:50:00+00:00,15.869999885559082,15.869999885559082,15.859999656677246,15.859999656677246,38818,0.0,0.0,0.0
2024-11-27 04:55:00+00:00,15.859999656677246,15.859999656677246,15.850000381469727,15.859999656677246,10485,0.0,0.0,0.0
2024-11-27 05:00:00+00:00,15.859999656677246,15.859999656677246,15.850000381469727,15.859999656677246,13160,0.0,0.0,0.0
2024-11-27 05:05:00+00:00,15.850000381469727,15.850000381469727,15.84000015258789,15.850000381469727,128988,0.0,0.0,0.0
2024-11-27 05:10:00+00:00,15.850000381469727,15.850000381469727,15.850000381469727,15.850000381469727,14688,0.0,0.0,0.0
2024-11-27 05:15:00+00:00,15.850000381469727,15.850000381469727,15.829999923706055,15.84000015258789,64112,0.0,0.0,0.0
2024-11-27 05:20:00+00:00,15.829999923706055,15.84000015258789,15.829999923706055,15.829999923706055,32553,0.0,0.0,0.0
2024-11-28 01:00:00+00:00,15.84000015258789,15.84000015258789,15.829999923706055,15.84000015258789,0,0.0,0.0,0.0
2024-11-28 01:05:00+00:00,15.84000015258789,15.84000015258789,15.819999694824219,15.819999694824219,39218,0.0,0.0,0.0
2024-11-28 01:10:00+00:00,15.819999694824219,15.829999923706055,15.8100004196167,15.829999923706055,133020,0.0,0.0,0.0
2024-11-28 01:15:00+00:00,15.829999923706055,15.84000015258789,15.829999923706055,15.84000015258789,175022,0.0,0.0,0.0
2024-11-28 01:20:00+00:00,15.84000015258789,15.84000015258789,15.829999923706055,15.829999923706055,50107,0.0,0.0,0.0
2024-11-28 01:25:00+00:00,15.84000015258789,15.850000381469727,15.84000015258789,15.84000015258789,107512,0.0,0.0,0.0
2024-11-28 01:30:00+00:00,15.829999923706055,15.84000015258789,15.829999923706055,15.84000015258789,33171,0.0,0.0,0.0
2024-11-28 01:35:00+00:00,15.829999923706055,15.829999923706055,15.800000190734863,15.819999694824219,98149,0.0,0.0,0.0
2024-11-28 01:40:00+00:00,15.819999694824219,15.819999694824219,15.800000190734863,15.800000190734863,87450,0.0,0.0,0.0
2024-11-28 01:45:00+00:00,15.800000190734863,15.819999694824219,15.800000190734863,15.819999694824219,173398,0.0,0.0,0.0
2024-11-28 01:50:00+00:00,15.819999694824219,15.819999694824219,15.800000190734863,15.800000190734863,45696,0.0,0.0,0.0
2024-11-28 01:55:00+00:00,15.789999961853027,15.789999961853027,15.770000457763672,15.770000457763672,72567,0.0,0.0,0.0
2024-11-28 02:00:00+00:00,15.770000457763672,15.770000457763672,15.75,15.770000457763672,59411,0.0,0.0,0.0
2024-11-28 02:05:00+00:00,15.770000457763672,15.779999732971191,15.770000457763672,15.779999732971191,84166,0.0,0.0,0.0
2024-11-28 02:10:00+00:00,15.779999732971191,15.779999732971191,15.760000228881836,15.760000228881836,22000,0.0,0.0,0.0
2024-11-28 02:15:00+00:00,15.760000228881836,15.770000457763672,15.760000228881836,15.760000228881836,26031,0.0,0.0,0.0
2024-11-28 02:20:00+00:00,15.770000457763672,15.770000457763672,15.770000457763672,15.770000457763672,8200,0.0,0.0,0.0
2024-11-28 02:25:00+00:00,15.770000457763672,15.779999732971191,15.770000457763672,15.779999732971191,21502,0.0,0.0,0.0
2024-11-28 02:30:00+00:00,15.770000457763672,15.779999732971191,15.770000457763672,15.779999732971191,16179,0.0,0.0,0.0
2024-11-28 02:35:00+00:00,15.779999732971191,15.789999961853027,15.779999732971191,15.789999961853027,25014,0.0,0.0,0.0
2024-11-28 02:40:00+00:00,15.779999732971191,15.779999732971191,15.779999732971191,15.779999732971191,10145,0.0,0.0,0.0
2024-11-28 02:45:00+00:00,15.779999732971191,15.800000190734863,15.779999732971191,15.800000190734863,111001,0.0,0.0,0.0
2024-11-28 02:50:00+00:00,15.800000190734863,15.819999694824219,15.800000190734863,15.819999694824219,74689,0.0,0.0,0.0
2024-11-28 02:55:00+00:00,15.829999923706055,15.84000015258789,15.819999694824219,15.829999923706055,21430,0.0,0.0,0.0
2024-11-28 03:00:00+00:00,15.829999923706055,15.829999923706055,15.829999923706055,15.829999923706055,2152,0.0,0.0,0.0
2024-11-28 03:05:00+00:00,15.829999923706055,15.829999923706055,15.829999923706055,15.829999923706055,2324,0.0,0.0,0.0
2024-11-28 03:10:00+00:00,15.829999923706055,15.829999923706055,15.829999923706055,15.829999923706055,110170,0.0,0.0,0.0
2024-11-28 03:15:00+00:00,15.829999923706055,15.829999923706055,15.819999694824219,15.819999694824219,26101,0.0,0.0,0.0
2024-11-28 03:20:00+00:00,15.819999694824219,15.819999694824219,15.8100004196167,15.8100004196167,5334,0.0,0.0,0.0
2024-11-28 03:30:00+00:00,15.800000190734863,15.800000190734863,15.800000190734863,15.800000190734863,33206,0.0,0.0,0.0
2024-11-28 03:35:00+00:00,15.789999961853027,15.789999961853027,15.789999961853027,15.789999961853027,5273,0.0,0.0,0.0
2024-11-28 03:40:00+00:00,15.789999961853027,15.789999961853027,15.789999961853027,15.789999961853027,1015,0.0,0.0,0.0
2024-11-28 03:45:00+00:00,15.800000190734863,15.800000190734863,15.800000190734863,15.800000190734863,3170,0.0,0.0,0.0
2024-11-28 03:50:00+00:00,15.8100004196167,15.8100004196167,15.800000190734863,15.800000190734863,17000,0.0,0.0,0.0
2024-11-28 03:55:00+00:00,15.800000190734863,15.800000190734863,15.800000190734863,15.800000190734863,9046,0.0,0.0,0.0
2024-11-28 04:00:00+00:00,15.789999961853027,15.789999961853027,15.770000457763672,15.770000457763672,83055,0.0,0.0,0.0
2024-11-28 04:05:00+00:00,15.770000457763672,15.779999732971191,15.770000457763672,15.770000457763672,6423,0.0,0.0,0.0
2024-11-28 04:10:00+00:00,15.779999732971191,15.779999732971191,15.779999732971191,15.779999732971191,5411,0.0,0.0,0.0
2024-11-28 04:15:00+00:00,15.779999732971191,15.779999732971191,15.770000457763672,15.779999732971191,12110,0.0,0.0,0.0
2024-11-28 04:20:00+00:00,15.779999732971191,15.779999732971191,15.760000228881836,15.779999732971191,78202,0.0,0.0,0.0
2024-11-28 04:25:00+00:00,15.779999732971191,15.779999732971191,15.770000457763672,15.770000457763672,7192,0.0,0.0,0.0
2024-11-28 04:30:00+00:00,15.779999732971191,15.789999961853027,15.779999732971191,15.789999961853027,5168,0.0,0.0,0.0
2024-11-28 04:35:00+00:00,15.789999961853027,15.789999961853027,15.789999961853027,15.789999961853027,11139,0.0,0.0,0.0
2024-11-28 04:40:00+00:00,15.789999961853027,15.789999961853027,15.779999732971191,15.779999732971191,19381,0.0,0.0,0.0
2024-11-28 04:45:00+00:00,15.789999961853027,15.800000190734863,15.789999961853027,15.800000190734863,6622,0.0,0.0,0.0
2024-11-28 04:50:00+00:00,15.800000190734863,15.800000190734863,15.789999961853027,15.800000190734863,55010,0.0,0.0,0.0
2024-11-28 04:55:00+00:00,15.800000190734863,15.800000190734863,15.800000190734863,15.800000190734863,1491,0.0,0.0,0.0
2024-11-28 05:00:00+00:00,15.789999961853027,15.789999961853027,15.789999961853027,15.789999961853027,8230,0.0,0.0,0.0
2024-11-28 05:05:00+00:00,15.800000190734863,15.800000190734863,15.789999961853027,15.800000190734863,17779,0.0,0.0,0.0
2024-11-28 05:10:00+00:00,15.789999961853027,15.800000190734863,15.789999961853027,15.800000190734863,20221,0.0,0.0,0.0
2024-11-28 05:15:00+00:00,15.800000190734863,15.819999694824219,15.800000190734863,15.819999694824219,18486,0.0,0.0,0.0
2024-11-28 05:20:00+00:00,15.819999694824219,15.819999694824219,15.789999961853027,15.789999961853027,65322,0.0,0.0,0.0
2024-11-29 01:00:00+00:00,15.770000457763672,15.770000457763672,15.649999618530273,15.649999618530273,0,0.0,0.0,0.0
2024-11-29 01:05:00+00:00,15.649999618530273,15.6899995803833,15.649999618530273,15.670000076293945,55030,0.0,0.0,0.0
2024-11-29 01:10:00+00:00,15.6899995803833,15.6899995803833,15.670000076293945,15.6899995803833,79680,0.0,0.0,0.0
2024-11-29 01:15:00+00:00,15.699999809265137,15.720000267028809,15.699999809265137,15.710000038146973,42928,0.0,0.0,0.0
2024-11-29 01:20:00+00:00,15.710000038146973,15.710000038146973,15.710000038146973,15.710000038146973,10407,0.0,0.0,0.0
2024-11-29 01:25:00+00:00,15.720000267028809,15.729999542236328,15.720000267028809,15.729999542236328,33213,0.0,0.0,0.0
2024-11-29 01:30:00+00:00,15.739999771118164,15.739999771118164,15.729999542236328,15.729999542236328,26780,0.0,0.0,0.0
2024-11-29 01:35:00+00:00,15.729999542236328,15.729999542236328,15.729999542236328,15.729999542236328,13467,0.0,0.0,0.0
2024-11-29 01:40:00+00:00,15.729999542236328,15.729999542236328,15.710000038146973,15.710000038146973,152017,0.0,0.0,0.0
2024-11-29 01:45:00+00:00,15.720000267028809,15.720000267028809,15.710000038146973,15.710000038146973,112122,0.0,0.0,0.0
2024-11-29 01:55:00+00:00,15.710000038146973,15.760000228881836,15.710000038146973,15.760000228881836,108394,0.0,0.0,0.0
2024-11-29 02:00:00+00:00,15.760000228881836,15.760000228881836,15.760000228881836,15.760000228881836,4285,0.0,0.0,0.0
2024-11-29 02:05:00+00:00,15.770000457763672,15.770000457763672,15.770000457763672,15.770000457763672,1120,0.0,0.0,0.0
2024-11-29 02:10:00+00:00,15.770000457763672,15.770000457763672,15.770000457763672,15.770000457763672,16662,0.0,0.0,0.0
2024-11-29 02:15:00+00:00,15.770000457763672,15.770000457763672,15.760000228881836,15.760000228881836,27193,0.0,0.0,0.0
2024-11-29 02:20:00+00:00,15.75,15.760000228881836,15.75,15.760000228881836,11973,0.0,0.0,0.0
2024-11-29 02:25:00+00:00,15.75,15.770000457763672,15.75,15.770000457763672,4035,0.0,0.0,0.0
2024-11-29 02:30:00+00:00,15.770000457763672,15.770000457763672,15.739999771118164,15.739999771118164,81649,0.0,0.0,0.0
2024-11-29 02:35:00+00:00,15.75,15.75,15.75,15.75,21510,0.0,0.0,0.0
2024-11-29 02:45:00+00:00,15.760000228881836,15.760000228881836,15.75,15.75,8501,0.0,0.0,0.0
2024-11-29 02:55:00+00:00,15.75,15.760000228881836,15.75,15.760000228881836,13138,0.0,0.0,0.0
2024-11-29 03:00:00+00:00,15.770000457763672,15.779999732971191,15.770000457763672,15.779999732971191,21450,0.0,0.0,0.0
2024-11-29 03:05:00+00:00,15.779999732971191,15.789999961853027,15.779999732971191,15.789999961853027,6110,0.0,0.0,0.0
2024-11-29 03:10:00+00:00,15.789999961853027,15.789999961853027,15.789999961853027,15.789999961853027,3100,0.0,0.0,0.0
2024-11-29 03:15:00+00:00,15.800000190734863,15.800000190734863,15.779999732971191,15.779999732971191,12509,0.0,0.0,0.0
2024-11-29 03:20:00+00:00,15.779999732971191,15.789999961853027,15.779999732971191,15.779999732971191,31100,0.0,0.0,0.0
2024-11-29 03:25:00+00:00,15.770000457763672,15.770000457763672,15.770000457763672,15.770000457763672,13495,0.0,0.0,0.0
2024-11-29 03:30:00+00:00,15.779999732971191,15.779999732971191,15.770000457763672,15.770000457763672,8984,0.0,0.0,0.0
2024-11-29 03:35:00+00:00,15.770000457763672,15.770000457763672,15.760000228881836,15.760000228881836,11960,0.0,0.0,0.0
2024-11-29 03:40:00+00:00,15.760000228881836,15.760000228881836,15.760000228881836,15.760000228881836,6180,0.0,0.0,0.0
2024-11-29 03:45:00+00:00,15.760000228881836,15.760000228881836,15.75,15.760000228881836,25251,0.0,0.0,0.0
2024-11-29 03:50:00+00:00,15.770000457763672,15.770000457763672,15.760000228881836,15.760000228881836,3020,0.0,0.0,0.0
2024-11-29 03:55:00+00:00,15.770000457763672,15.779999732971191,15.770000457763672,15.779999732971191,7000,0.0,0.0,0.0
2024-11-29 04:00:00+00:00,15.779999732971191,15.779999732971191,15.779999732971191,15.779999732971191,101000,0.0,0.0,0.0
2024-11-29 04:05:00+00:00,15.789999961853027,15.789999961853027,15.789999961853027,15.789999961853027,3300,0.0,0.0,0.0
2024-11-29 04:10:00+00:00,15.779999732971191,15.789999961853027,15.779999732971191,15.789999961853027,4569,0.0,0.0,0.0
2024-11-29 04:25:00+00:00,15.789999961853027,15.789999961853027,15.789999961853027,15.789999961853027,1100,0.0,0.0,0.0
2024-11-29 04:30:00+00:00,15.789999961853027,15.789999961853027,15.789999961853027,15.789999961853027,1000,0.0,0.0,0.0
2024-11-29 04:35:00+00:00,15.789999961853027,15.789999961853027,15.779999732971191,15.779999732971191,4432,0.0,0.0,0.0
2024-11-29 04:40:00+00:00,15.779999732971191,15.789999961853027,15.779999732971191,15.789999961853027,12187,0.0,0.0,0.0
2024-11-29 04:45:00+00:00,15.789999961853027,15.789999961853027,15.789999961853027,15.789999961853027,5100,0.0,0.0,0.0
2024-11-29 04:50:00+00:00,15.789999961853027,15.789999961853027,15.789999961853027,15.789999961853027,4350,0.0,0.0,0.0
2024-11-29 04:55:00+00:00,15.800000190734863,15.800000190734863,15.800000190734863,15.800000190734863,3733,0.0,0.0,0.0
2024-11-29 05:00:00+00:00,15.800000190734863,15.800000190734863,15.789999961853027,15.789999961853027,20586,0.0,0.0,0.0
2024-11-29 05:05:00+00:00,15.789999961853027,15.789999961853027,15.779999732971191,15.779999732971191,15007,0.0,0.0,0.0
2024-11-29 05:10:00+00:00,15.789999961853027,15.800000190734863,15.789999961853027,15.789999961853027,9000,0.0,0.0,0.0
2024-11-29 05:15:00+00:00,15.789999961853027,15.800000190734863,15.779999732971191,15.779999732971191,44213,0.0,0.0,0.0
2024-11-29 05:20:00+00:00,15.779999732971191,15.789999961853027,15.779999732971191,15.789999961853027,51870,0.0,0.0,0.0
2024-12-02 01:00:00+00:00,15.859999656677246,15.9399995803833,15.859999656677246,15.9399995803833,0,0.0,0.0,0.0
2024-12-02 01:05:00+00:00,15.930000305175781,15.930000305175781,15.899999618530273,15.899999618530273,19889,0.0,0.0,0.0
2024-12-02 01:10:00+00:00,15.899999618530273,15.90999984741211,15.899999618530273,15.90999984741211,33367,0.0,0.0,0.0
2024-12-02 01:15:00+00:00,15.920000076293945,15.9399995803833,15.920000076293945,15.9399995803833,165140,0.0,0.0,0.0
2024-12-02 01:20:00+00:00,15.920000076293945,15.930000305175781,15.90999984741211,15.90999984741211,113155,0.0,0.0,0.0
2024-12-02 01:25:00+00:00,15.90999984741211,15.930000305175781,15.90999984741211,15.930000305175781,44316,0.0,0.0,0.0
2024-12-02 01:30:00+00:00,15.930000305175781,15.960000038146973,15.930000305175781,15.960000038146973,29563,0.0,0.0,0.0
2024-12-02 01:35:00+00:00,15.960000038146973,15.970000267028809,15.960000038146973,15.970000267028809,30100,0.0,0.0,0.0
2024-12-02 01:40:00+00:00,15.970000267028809,15.979999542236328,15.960000038146973,15.960000038146973,56622,0.0,0.0,0.0
2024-12-02 01:45:00+00:00,15.960000038146973,15.960000038146973,15.960000038146973,15.960000038146973,24038,0.0,0.0,0.0
2024-12-02 01:50:00+00:00,15.960000038146973,15.970000267028809,15.960000038146973,15.970000267028809,21150,0.0,0.0,0.0
2024-12-02 01:55:00+00:00,15.949999809265137,15.960000038146973,15.949999809265137,15.960000038146973,5202,0.0,0.0,0.0
2024-12-02 02:00:00+00:00,15.960000038146973,15.960000038146973,15.960000038146973,15.960000038146973,6105,0.0,0.0,0.0
2024-12-02 02:05:00+00:00,15.960000038146973,15.960000038146973,15.960000038146973,15.960000038146973,21000,0.0,0.0,0.0
2024-12-02 02:10:00+00:00,15.960000038146973,15.960000038146973,15.960000038146973,15.960000038146973,4000,0.0,0.0,0.0
2024-12-02 02:15:00+00:00,15.960000038146973,15.960000038146973,15.960000038146973,15.960000038146973,2100,0.0,0.0,0.0
2024-12-02 02:20:00+00:00,15.960000038146973,15.970000267028809,15.960000038146973,15.970000267028809,15940,0.0,0.0,0.0
2024-12-02 02:30:00+00:00,15.970000267028809,15.970000267028809,15.970000267028809,15.970000267028809,7320,0.0,0.0,0.0
2024-12-02 02:35:00+00:00,15.970000267028809,15.970000267028809,15.970000267028809,15.970000267028809,37140,0.0,0.0,0.0
2024-12-02 02:40:00+00:00,15.970000267028809,15.970000267028809,15.970000267028809,15.970000267028809,2050,0.0,0.0,0.0
2024-12-02 02:45:00+00:00,15.970000267028809,15.970000267028809,15.960000038146973,15.960000038146973,11384,0.0,0.0,0.0
2024-12-02 02:50:00+00:00,15.960000038146973,15.960000038146973,15.949999809265137,15.949999809265137,2304,0.0,0.0,0.0
2024-12-02 02:55:00+00:00,15.949999809265137,15.970000267028809,15.949999809265137,15.960000038146973,39289,0.0,0.0,0.0
2024-12-02 03:05:00+00:00,15.960000038146973,15.960000038146973,15.960000038146973,15.960000038146973,10283,0.0,0.0,0.0
2024-12-02 03:10:00+00:00,15.960000038146973,15.960000038146973,15.960000038146973,15.960000038146973,1414,0.0,0.0,0.0
2024-12-02 03:20:00+00:00,15.960000038146973,15.960000038146973,15.960000038146973,15.960000038146973,6010,0.0,0.0,0.0
2024-12-02 03:25:00+00:00,15.970000267028809,15.970000267028809,15.970000267028809,15.970000267028809,10216,0.0,0.0,0.0
2024-12-02 03:30:00+00:00,15.960000038146973,15.970000267028809,15.960000038146973,15.970000267028809,4455,0.0,0.0,0.0
2024-12-02 03:35:00+00:00,15.970000267028809,15.970000267028809,15.970000267028809,15.970000267028809,92007,0.0,0.0,0.0
2024-12-02 03:40:00+00:00,15.979999542236328,15.979999542236328,15.970000267028809,15.970000267028809,5603,0.0,0.0,0.0
2024-12-02 03:50:00+00:00,15.970000267028809,15.979999542236328,15.970000267028809,15.970000267028809,19301,0.0,0.0,0.0
2024-12-02 03:55:00+00:00,15.970000267028809,15.970000267028809,15.970000267028809,15.970000267028809,11100,0.0,0.0,0.0
2024-12-02 04:00:00+00:00,15.960000038146973,15.979999542236328,15.960000038146973,15.979999542236328,85300,0.0,0.0,0.0
2024-12-02 04:05:00+00:00,15.979999542236328,15.979999542236328,15.979999542236328,15.979999542236328,1270,0.0,0.0,0.0
2024-12-02 04:10:00+00:00,15.970000267028809,15.970000267028809,15.960000038146973,15.960000038146973,5000,0.0,0.0,0.0
2024-12-02 04:15:00+00:00,15.970000267028809,15.989999771118164,15.970000267028809,15.989999771118164,17000,0.0,0.0,0.0
2024-12-02 04:20:00+00:00,15.979999542236328,15.979999542236328,15.979999542236328,15.979999542236328,24846,0.0,0.0,0.0
2024-12-02 04:30:00+00:00,15.979999542236328,15.979999542236328,15.979999542236328,15.979999542236328,18548,0.0,0.0,0.0
2024-12-02 04:40:00+00:00,15.979999542236328,15.979999542236328,15.960000038146973,15.960000038146973,4238,0.0,0.0,0.0
2024-12-02 04:45:00+00:00,15.970000267028809,15.970000267028809,15.970000267028809,15.970000267028809,2549,0.0,0.0,0.0
2024-12-02 04:50:00+00:00,15.970000267028809,15.970000267028809,15.960000038146973,15.960000038146973,72241,0.0,0.0,0.0
2024-12-02 04:55:00+00:00,15.960000038146973,15.970000267028809,15.960000038146973,15.970000267028809,48339,0.0,0.0,0.0
2024-12-02 05:00:00+00:00,15.970000267028809,15.970000267028809,15.970000267028809,15.970000267028809,31168,0.0,0.0,0.0
2024-12-02 05:05:00+00:00,15.979999542236328,15.979999542236328,15.979999542236328,15.979999542236328,84514,0.0,0.0,0.0
2024-12-02 05:10:00+00:00,15.979999542236328,15.979999542236328,15.979999542236328,15.979999542236328,2000,0.0,0.0,0.0
2024-12-02 05:15:00+00:00,15.989999771118164,15.989999771118164,15.979999542236328,15.979999542236328,97801,0.0,0.0,0.0
2024-12-02 05:20:00+00:00,15.989999771118164,15.989999771118164,15.979999542236328,15.979999542236328,161931,0.0,0.0,0.0
2024-12-03 01:00:00+00:00,16.040000915527344,16.09000015258789,16.040000915527344,16.09000015258789,0,0.0,0.0,0.0
2024-12-03 01:05:00+00:00,16.079999923706055,16.079999923706055,16.049999237060547,16.06999969482422,1006341,0.0,0.0,0.0
2024-12-03 01:10:00+00:00,16.06999969482422,16.079999923706055,16.059999465942383,16.079999923706055,276848,0.0,0.0,0.0
2024-12-03 01:15:00+00:00,16.079999923706055,16.09000015258789,16.06999969482422,16.06999969482422,387875,0.0,0.0,0.0
2024-12-03 01:20:00+00:00,16.079999923706055,16.079999923706055,16.06999969482422,16.079999923706055,148525,0.0,0.0,0.0
2024-12-03 01:25:00+00:00,16.079999923706055,16.079999923706055,16.059999465942383,16.06999969482422,231064,0.0,0.0,0.0
2024-12-03 01:30:00+00:00,16.06999969482422,16.09000015258789,16.059999465942383,16.079999923706055,234433,0.0,0.0,0.0
2024-12-03 01:35:00+00:00,16.079999923706055,16.09000015258789,16.079999923706055,16.09000015258789,271015,0.0,0.0,0.0
2024-12-03 01:40:00+00:00,16.09000015258789,16.100000381469727,16.079999923706055,16.100000381469727,326995,0.0,0.0,0.0
2024-12-03 01:45:00+00:00,16.100000381469727,16.1200008392334,16.100000381469727,16.100000381469727,135100,0.0,0.0,0.0
2024-12-03 01:50:00+00:00,16.100000381469727,16.110000610351562,16.100000381469727,16.100000381469727,45754,0.0,0.0,0.0
2024-12-03 01:55:00+00:00,16.110000610351562,16.110000610351562,16.09000015258789,16.100000381469727,83573,0.0,0.0,0.0
2024-12-03 02:00:00+00:00,16.100000381469727,16.100000381469727,16.079999923706055,16.079999923706055,52293,0.0,0.0,0.0
2024-12-03 02:05:00+00:00,16.09000015258789,16.100000381469727,16.09000015258789,16.100000381469727,29156,0.0,0.0,0.0
2024-12-03 02:10:00+00:00,16.100000381469727,16.100000381469727,16.079999923706055,16.09000015258789,79400,0.0,0.0,0.0
2024-12-03 02:15:00+00:00,16.09000015258789,16.09000015258789,16.079999923706055,16.079999923706055,84913,0.0,0.0,0.0
2024-12-03 02:20:00+00:00,16.079999923706055,16.110000610351562,16.079999923706055,16.110000610351562,60362,0.0,0.0,0.0
2024-12-03 02:25:00+00:00,16.100000381469727,16.100000381469727,16.100000381469727,16.100000381469727,18381,0.0,0.0,0.0
2024-12-03 02:30:00+00:00,16.110000610351562,16.110000610351562,16.100000381469727,16.100000381469727,69102,0.0,0.0,0.0
2024-12-03 02:35:00+00:00,16.100000381469727,16.100000381469727,16.09000015258789,16.09000015258789,19089,0.0,0.0,0.0
2024-12-03 02:40:00+00:00,16.09000015258789,16.100000381469727,16.09000015258789,16.09000015258789,35105,0.0,0.0,0.0
2024-12-03 02:45:00+00:00,16.100000381469727,16.110000610351562,16.100000381469727,16.110000610351562,186712,0.0,0.0,0.0
2024-12-03 02:50:00+00:00,16.110000610351562,16.110000610351562,16.100000381469727,16.100000381469727,28563,0.0,0.0,0.0
2024-12-03 02:55:00+00:00,16.100000381469727,16.100000381469727,16.100000381469727,16.100000381469727,27309,0.0,0.0,0.0
2024-12-03 03:00:00+00:00,16.100000381469727,16.100000381469727,16.09000015258789,16.100000381469727,284399,0.0,0.0,0.0
2024-12-03 03:05:00+00:00,16.110000610351562,16.1200008392334,16.100000381469727,16.1200008392334,297622,0.0,0.0,0.0
2024-12-03 03:10:00+00:00,16.1200008392334,16.1200008392334,16.110000610351562,16.1200008392334,29006,0.0,0.0,0.0
2024-12-03 03:15:00+00:00,16.1200008392334,16.1200008392334,16.1200008392334,16.1200008392334,15012,0.0,0.0,0.0
2024-12-03 03:20:00+00:00,16.1200008392334,16.1200008392334,16.100000381469727,16.110000610351562,45278,0.0,0.0,0.0
2024-12-03 03:25:00+00:00,16.110000610351562,16.1200008392334,16.110000610351562,16.110000610351562,257011,0.0,0.0,0.0
2024-12-03 03:30:00+00:00,16.110000610351562,16.1200008392334,16.110000610351562,16.1200008392334,60015,0.0,0.0,0.0
2024-12-03 03:35:00+00:00,16.1299991607666,16.139999389648438,16.1299991607666,16.139999389648438,230727,0.0,0.0,0.0
2024-12-03 03:40:00+00:00,16.139999389648438,16.149999618530273,16.139999389648438,16.139999389648438,22120,0.0,0.0,0.0
2024-12-03 03:45:00+00:00,16.149999618530273,16.15999984741211,16.149999618530273,16.149999618530273,142446,0.0,0.0,0.0
2024-12-03 03:50:00+00:00,16.149999618530273,16.15999984741211,16.149999618530273,16.15999984741211,107247,0.0,0.0,0.0
2024-12-03 03:55:00+00:00,16.15999984741211,16.15999984741211,16.149999618530273,16.149999618530273,17550,0.0,0.0,0.0
2024-12-03 04:00:00+00:00,16.149999618530273,16.149999618530273,16.149999618530273,16.149999618530273,12468,0.0,0.0,0.0
2024-12-03 04:05:00+00:00,16.139999389648438,16.15999984741211,16.139999389648438,16.149999618530273,100243,0.0,0.0,0.0
2024-12-03 04:10:00+00:00,16.139999389648438,16.139999389648438,16.139999389648438,16.139999389648438,58064,0.0,0.0,0.0
2024-12-03 04:15:00+00:00,16.139999389648438,16.139999389648438,16.139999389648438,16.139999389648438,80006,0.0,0.0,0.0
2024-12-03 04:20:00+00:00,16.139999389648438,16.149999618530273,16.139999389648438,16.139999389648438,103061,0.0,0.0,0.0
2024-12-03 04:25:00+00:00,16.139999389648438,16.149999618530273,16.139999389648438,16.149999618530273,35396,0.0,0.0,0.0
2024-12-03 04:30:00+00:00,16.149999618530273,16.149999618530273,16.139999389648438,16.139999389648438,25309,0.0,0.0,0.0
2024-12-03 04:35:00+00:00,16.139999389648438,16.139999389648438,16.1299991607666,16.1299991607666,45958,0.0,0.0,0.0
2024-12-03 04:40:00+00:00,16.1299991607666,16.139999389648438,16.1299991607666,16.1299991607666,57130,0.0,0.0,0.0
2024-12-03 04:45:00+00:00,16.1299991607666,16.149999618530273,16.1299991607666,16.149999618530273,228592,0.0,0.0,0.0
2024-12-03 04:50:00+00:00,16.149999618530273,16.149999618530273,16.139999389648438,16.139999389648438,72335,0.0,0.0,0.0
2024-12-03 04:55:00+00:00,16.139999389648438,16.139999389648438,16.139999389648438,16.139999389648438,24348,0.0,0.0,0.0
2024-12-03 05:00:00+00:00,16.139999389648438,16.139999389648438,16.1299991607666,16.139999389648438,42000,0.0,0.0,0.0
2024-12-03 05:05:00+00:00,16.1299991607666,16.139999389648438,16.1299991607666,16.139999389648438,114710,0.0,0.0,0.0
2024-12-03 05:10:00+00:00,16.139999389648438,16.139999389648438,16.1299991607666,16.139999389648438,24657,0.0,0.0,0.0
2024-12-03 05:15:00+00:00,16.139999389648438,16.139999389648438,16.1299991607666,16.1299991607666,31610,0.0,0.0,0.0
2024-12-03 05:20:00+00:00,16.139999389648438,16.139999389648438,16.1299991607666,16.139999389648438,243772,0.0,0.0,0.0
2024-12-04 01:00:00+00:00,16.15999984741211,16.219999313354492,16.15999984741211,16.18000030517578,0,0.0,0.0,0.0
2024-12-04 01:05:00+00:00,16.170000076293945,16.170000076293945,16.15999984741211,16.15999984741211,91788,0.0,0.0,0.0
2024-12-04 01:10:00+00:00,16.170000076293945,16.170000076293945,16.139999389648438,16.149999618530273,92642,0.0,0.0,0.0
2024-12-04 01:15:00+00:00,16.1299991607666,16.139999389648438,16.1200008392334,16.1200008392334,170154,0.0,0.0,0.0
2024-12-04 01:20:00+00:00,16.1200008392334,16.1200008392334,16.100000381469727,16.100000381469727,171991,0.0,0.0,0.0
2024-12-04 01:25:00+00:00,16.100000381469727,16.110000610351562,16.100000381469727,16.100000381469727,197293,0.0,0.0,0.0
2024-12-04 01:30:00+00:00,16.09000015258789,16.100000381469727,16.09000015258789,16.100000381469727,18000,0.0,0.0,0.0
2024-12-04 01:35:00+00:00,16.100000381469727,16.100000381469727,16.09000015258789,16.09000015258789,103962,0.0,0.0,0.0
2024-12-04 01:40:00+00:00,16.100000381469727,16.100000381469727,16.100000381469727,16.100000381469727,8975,0.0,0.0,0.0
2024-12-04 01:45:00+00:00,16.100000381469727,16.110000610351562,16.100000381469727,16.110000610351562,50145,0.0,0.0,0.0
2024-12-04 01:50:00+00:00,16.110000610351562,16.1200008392334,16.110000610351562,16.110000610351562,26528,0.0,0.0,0.0
2024-12-04 01:55:00+00:00,16.110000610351562,16.110000610351562,16.100000381469727,16.100000381469727,119806,0.0,0.0,0.0
2024-12-04 02:00:00+00:00,16.110000610351562,16.1200008392334,16.100000381469727,16.110000610351562,70220,0.0,0.0,0.0
2024-12-04 02:05:00+00:00,16.110000610351562,16.110000610351562,16.100000381469727,16.100000381469727,119500,0.0,0.0,0.0
2024-12-04 02:10:00+00:00,16.100000381469727,16.110000610351562,16.100000381469727,16.110000610351562,45079,0.0,0.0,0.0
2024-12-04 02:15:00+00:00,16.110000610351562,16.110000610351562,16.100000381469727,16.100000381469727,7421,0.0,0.0,0.0
2024-12-04 02:20:00+00:00,16.110000610351562,16.1200008392334,16.110000610351562,16.110000610351562,13744,0.0,0.0,0.0
2024-12-04 02:25:00+00:00,16.100000381469727,16.110000610351562,16.09000015258789,16.09000015258789,137084,0.0,0.0,0.0
2024-12-04 02:30:00+00:00,16.09000015258789,16.100000381469727,16.09000015258789,16.100000381469727,29308,0.0,0.0,0.0
2024-12-04 02:35:00+00:00,16.079999923706055,16.100000381469727,16.079999923706055,16.100000381469727,43160,0.0,0.0,0.0
2024-12-04 02:40:00+00:00,16.100000381469727,16.100000381469727,16.100000381469727,16.100000381469727,4102,0.0,0.0,0.0
2024-12-04 02:45:00+00:00,16.09000015258789,16.09000015258789,16.09000015258789,16.09000015258789,22597,0.0,0.0,0.0
2024-12-04 02:50:00+00:00,16.09000015258789,16.09000015258789,16.09000015258789,16.09000015258789,30000,0.0,0.0,0.0
2024-12-04 02:55:00+00:00,16.09000015258789,16.09000015258789,16.079999923706055,16.09000015258789,115266,0.0,0.0,0.0
2024-12-04 03:00:00+00:00,16.09000015258789,16.09000015258789,16.09000015258789,16.09000015258789,11400,0.0,0.0,0.0
2024-12-04 03:05:00+00:00,16.09000015258789,16.09000015258789,16.079999923706055,16.079999923706055,85820,0.0,0.0,0.0
2024-12-04 03:10:00+00:00,16.09000015258789,16.09000015258789,16.079999923706055,16.079999923706055,37250,0.0,0.0,0.0
2024-12-04 03:15:00+00:00,16.079999923706055,16.079999923706055,16.06999969482422,16.06999969482422,109117,0.0,0.0,0.0
2024-12-04 03:20:00+00:00,16.06999969482422,16.079999923706055,16.06999969482422,16.079999923706055,38463,0.0,0.0,0.0
2024-12-04 03:25:00+00:00,16.079999923706055,16.079999923706055,16.079999923706055,16.079999923706055,11000,0.0,0.0,0.0
2024-12-04 03:30:00+00:00,16.079999923706055,16.079999923706055,16.079999923706055,16.079999923706055,7184,0.0,0.0,0.0
2024-12-04 03:35:00+00:00,16.079999923706055,16.079999923706055,16.06999969482422,16.079999923706055,28300,0.0,0.0,0.0
2024-12-04 03:40:00+00:00,16.09000015258789,16.09000015258789,16.09000015258789,16.09000015258789,1235,0.0,0.0,0.0
2024-12-04 03:45:00+00:00,16.09000015258789,16.09000015258789,16.079999923706055,16.079999923706055,10300,0.0,0.0,0.0
2024-12-04 03:50:00+00:00,16.09000015258789,16.09000015258789,16.09000015258789,16.09000015258789,2322,0.0,0.0,0.0
2024-12-04 03:55:00+00:00,16.09000015258789,16.09000015258789,16.09000015258789,16.09000015258789,3754,0.0,0.0,0.0
2024-12-04 04:00:00+00:00,16.09000015258789,16.09000015258789,16.09000015258789,16.09000015258789,3624,0.0,0.0,0.0
2024-12-04 04:05:00+00:00,16.09000015258789,16.100000381469727,16.09000015258789,16.100000381469727,14350,0.0,0.0,0.0
2024-12-04 04:10:00+00:00,16.100000381469727,16.100000381469727,16.079999923706055,16.100000381469727,71606,0.0,0.0,0.0
2024-12-04 04:15:00+00:00,16.100000381469727,16.110000610351562,16.09000015258789,16.110000610351562,9388,0.0,0.0,0.0
2024-12-04 04:20:00+00:00,16.110000610351562,16.110000610351562,16.09000015258789,16.09000015258789,7500,0.0,0.0,0.0
2024-12-04 04:25:00+00:00,16.100000381469727,16.100000381469727,16.09000015258789,16.09000015258789,51000,0.0,0.0,0.0
2024-12-04 04:30:00+00:00,16.09000015258789,16.09000015258789,16.079999923706055,16.079999923706055,24921,0.0,0.0,0.0
2024-12-04 04:35:00+00:00,16.079999923706055,16.09000015258789,16.079999923706055,16.09000015258789,136072,0.0,0.0,0.0
2024-12-04 04:40:00+00:00,16.100000381469727,16.100000381469727,16.100000381469727,16.100000381469727,21050,0.0,0.0,0.0
2024-12-04 04:45:00+00:00,16.100000381469727,16.100000381469727,16.09000015258789,16.100000381469727,26140,0.0,0.0,0.0
2024-12-04 04:50:00+00:00,16.09000015258789,16.100000381469727,16.09000015258789,16.100000381469727,22400,0.0,0.0,0.0
2024-12-04 04:55:00+00:00,16.100000381469727,16.100000381469727,16.09000015258789,16.09000015258789,30082,0.0,0.0,0.0
2024-12-04 05:00:00+00:00,16.100000381469727,16.100000381469727,16.100000381469727,16.100000381469727,149100,0.0,0.0,0.0
2024-12-04 05:05:00+00:00,16.100000381469727,16.100000381469727,16.100000381469727,16.100000381469727,26179,0.0,0.0,0.0
2024-12-04 05:10:00+00:00,16.110000610351562,16.110000610351562,16.100000381469727,16.100000381469727,149376,0.0,0.0,0.0
2024-12-04 05:15:00+00:00,16.100000381469727,16.110000610351562,16.100000381469727,16.110000610351562,138230,0.0,0.0,0.0
2024-12-04 05:20:00+00:00,16.110000610351562,16.110000610351562,16.100000381469727,16.100000381469727,4098,0.0,0.0,0.0
2024-12-05 01:00:00+00:00,16.1299991607666,16.149999618530273,16.1200008392334,16.1200008392334,0,0.0,0.0,0.0
2024-12-05 01:05:00+00:00,16.1200008392334,16.1299991607666,16.1200008392334,16.1299991607666,246836,0.0,0.0,0.0
2024-12-05 01:10:00+00:00,16.139999389648438,16.149999618530273,16.1299991607666,16.139999389648438,106943,0.0,0.0,0.0
2024-12-05 01:15:00+00:00,16.1299991607666,16.1299991607666,16.100000381469727,16.1299991607666,80618,0.0,0.0,0.0
2024-12-05 01:20:00+00:00,16.1200008392334,16.1200008392334,16.110000610351562,16.110000610351562,32677,0.0,0.0,0.0
2024-12-05 01:25:00+00:00,16.110000610351562,16.1200008392334,16.110000610351562,16.1200008392334,142380,0.0,0.0,0.0
2024-12-05 01:30:00+00:00,16.110000610351562,16.110000610351562,16.110000610351562,16.110000610351562,17800,0.0,0.0,0.0
2024-12-05 01:35:00+00:00,16.110000610351562,16.1200008392334,16.110000610351562,16.1200008392334,45472,0.0,0.0,0.0
2024-12-05 01:40:00+00:00,16.1200008392334,16.1200008392334,16.100000381469727,16.110000610351562,21836,0.0,0.0,0.0
2024-12-05 01:45:00+00:00,16.110000610351562,16.110000610351562,16.110000610351562,16.110000610351562,9919,0.0,0.0,0.0
2024-12-05 01:50:00+00:00,16.110000610351562,16.110000610351562,16.100000381469727,16.110000610351562,20925,0.0,0.0,0.0
2024-12-05 01:55:00+00:00,16.100000381469727,16.110000610351562,16.100000381469727,16.110000610351562,19342,0.0,0.0,0.0
2024-12-05 02:00:00+00:00,16.110000610351562,16.110000610351562,16.110000610351562,16.110000610351562,13625,0.0,0.0,0.0
2024-12-05 02:05:00+00:00,16.1200008392334,16.1200008392334,16.1200008392334,16.1200008392334,55988,0.0,0.0,0.0
2024-12-05 02:10:00+00:00,16.1200008392334,16.1200008392334,16.1200008392334,16.1200008392334,10000,0.0,0.0,0.0
2024-12-05 02:15:00+00:00,16.1200008392334,16.1200008392334,16.1200008392334,16.1200008392334,17562,0.0,0.0,0.0
2024-12-05 02:20:00+00:00,16.1200008392334,16.1200008392334,16.1200008392334,16.1200008392334,5290,0.0,0.0,0.0
2024-12-05 02:25:00+00:00,16.1200008392334,16.1299991607666,16.1200008392334,16.1299991607666,11056,0.0,0.0,0.0
2024-12-05 02:30:00+00:00,16.1299991607666,16.1299991607666,16.1200008392334,16.1200008392334,28460,0.0,0.0,0.0
2024-12-05 02:35:00+00:00,16.1200008392334,16.1299991607666,16.110000610351562,16.1299991607666,46769,0.0,0.0,0.0
2024-12-05 02:40:00+00:00,16.1299991607666,16.1299991607666,16.1299991607666,16.1299991607666,18010,0.0,0.0,0.0
2024-12-05 02:45:00+00:00,16.1299991607666,16.1299991607666,16.1200008392334,16.1200008392334,62716,0.0,0.0,0.0
2024-12-05 02:50:00+00:00,16.1200008392334,16.1200008392334,16.100000381469727,16.100000381469727,127140,0.0,0.0,0.0
2024-12-05 02:55:00+00:00,16.100000381469727,16.1200008392334,16.100000381469727,16.110000610351562,25310,0.0,0.0,0.0
2024-12-05 03:00:00+00:00,16.110000610351562,16.110000610351562,16.100000381469727,16.110000610351562,32840,0.0,0.0,0.0
2024-12-05 03:05:00+00:00,16.110000610351562,16.110000610351562,16.110000610351562,16.110000610351562,39000,0.0,0.0,0.0
2024-12-05 03:10:00+00:00,16.110000610351562,16.1200008392334,16.110000610351562,16.1200008392334,19217,0.0,0.0,0.0
2024-12-05 03:15:00+00:00,16.110000610351562,16.110000610351562,16.100000381469727,16.110000610351562,8920,0.0,0.0,0.0
2024-12-05 03:20:00+00:00,16.110000610351562,16.110000610351562,16.110000610351562,16.110000610351562,41300,0.0,0.0,0.0
2024-12-05 03:25:00+00:00,16.110000610351562,16.110000610351562,16.110000610351562,16.110000610351562,3000,0.0,0.0,0.0
2024-12-05 03:30:00+00:00,16.1200008392334,16.1200008392334,16.110000610351562,16.110000610351562,25735,0.0,0.0,0.0
2024-12-05 03:45:00+00:00,16.1299991607666,16.1299991607666,16.1299991607666,16.1299991607666,20010,0.0,0.0,0.0
2024-12-05 03:50:00+00:00,16.1299991607666,16.139999389648438,16.1299991607666,16.139999389648438,5050,0.0,0.0,0.0
2024-12-05 03:55:00+00:00,16.139999389648438,16.139999389648438,16.139999389648438,16.139999389648438,1437,0.0,0.0,0.0
2024-12-05 04:00:00+00:00,16.139999389648438,16.139999389648438,16.1299991607666,16.1299991607666,6162,0.0,0.0,0.0
2024-12-05 04:05:00+00:00,16.1299991607666,16.1299991607666,16.1200008392334,16.1200008392334,11000,0.0,0.0,0.0
2024-12-05 04:10:00+00:00,16.1200008392334,16.1200008392334,16.110000610351562,16.110000610351562,23759,0.0,0.0,0.0
2024-12-05 04:15:00+00:00,16.110000610351562,16.110000610351562,16.110000610351562,16.110000610351562,22600,0.0,0.0,0.0
2024-12-05 04:20:00+00:00,16.100000381469727,16.1200008392334,16.100000381469727,16.1200008392334,76510,0.0,0.0,0.0
2024-12-05 04:25:00+00:00,16.1200008392334,16.1200008392334,16.110000610351562,16.110000610351562,23000,0.0,0.0,0.0
2024-12-05 04:30:00+00:00,16.1200008392334,16.1200008392334,16.1200008392334,16.1200008392334,1000,0.0,0.0,0.0
2024-12-05 04:35:00+00:00,16.1200008392334,16.1200008392334,16.1200008392334,16.1200008392334,4708,0.0,0.0,0.0
2024-12-05 04:40:00+00:00,16.1200008392334,16.1200008392334,16.110000610351562,16.110000610351562,4368,0.0,0.0,0.0
2024-12-05 04:45:00+00:00,16.1200008392334,16.1200008392334,16.1200008392334,16.1200008392334,18000,0.0,0.0,0.0
2024-12-05 04:50:00+00:00,16.1200008392334,16.1299991607666,16.110000610351562,16.1299991607666,6000,0.0,0.0,0.0
2024-12-05 04:55:00+00:00,16.1200008392334,16.1200008392334,16.110000610351562,16.110000610351562,2280,0.0,0.0,0.0
2024-12-05 05:00:00+00:00,16.110000610351562,16.1200008392334,16.110000610351562,16.1200008392334,17018,0.0,0.0,0.0
2024-12-05 05:05:00+00:00,16.1200008392334,16.1200008392334,16.110000610351562,16.110000610351562,65010,0.0,0.0,0.0
2024-12-05 05:10:00+00:00,16.110000610351562,16.1200008392334,16.110000610351562,16.1200008392334,17000,0.0,0.0,0.0
2024-12-05 05:15:00+00:00,16.1200008392334,16.1200008392334,16.110000610351562,16.110000610351562,66672,0.0,0.0,0.0
2024-12-05 05:20:00+00:00,16.110000610351562,16.1200008392334,16.110000610351562,16.110000610351562,158100,0.0,0.0,0.0
2024-12-06 01:00:00+00:00,16.149999618530273,16.170000076293945,16.1200008392334,16.170000076293945,0,0.0,0.0,0.0
2024-12-06 01:05:00+00:00,16.170000076293945,16.18000030517578,16.170000076293945,16.170000076293945,30000,0.0,0.0,0.0
2024-12-06 01:10:00+00:00,16.15999984741211,16.170000076293945,16.149999618530273,16.149999618530273,73342,0.0,0.0,0.0
2024-12-06 01:15:00+00:00,16.149999618530273,16.149999618530273,16.1299991607666,16.1299991607666,19044,0.0,0.0,0.0
2024-12-06 01:20:00+00:00,16.139999389648438,16.139999389648438,16.1200008392334,16.1200008392334,63581,0.0,0.0,0.0
2024-12-06 01:25:00+00:00,16.1200008392334,16.1200008392334,16.1200008392334,16.1200008392334,46075,0.0,0.0,0.0
2024-12-06 01:30:00+00:00,16.1200008392334,16.1299991607666,16.1200008392334,16.1299991607666,40650,0.0,0.0,0.0
2024-12-06 01:35:00+00:00,16.139999389648438,16.149999618530273,16.1299991607666,16.139999389648438,37215,0.0,0.0,0.0
2024-12-06 01:40:00+00:00,16.149999618530273,16.149999618530273,16.139999389648438,16.139999389648438,6603,0.0,0.0,0.0
2024-12-06 01:45:00+00:00,16.139999389648438,16.139999389648438,16.1200008392334,16.1299991607666,106582,0.0,0.0,0.0
2024-12-06 01:50:00+00:00,16.1299991607666,16.1299991607666,16.1200008392334,16.1299991607666,26831,0.0,0.0,0.0
2024-12-06 01:55:00+00:00,16.1200008392334,16.1200008392334,16.1200008392334,16.1200008392334,104171,0.0,0.0,0.0
2024-12-06 02:00:00+00:00,16.1200008392334,16.1299991607666,16.110000610351562,16.110000610351562,26704,0.0,0.0,0.0
2024-12-06 02:05:00+00:00,16.110000610351562,16.1200008392334,16.110000610351562,16.1200008392334,46023,0.0,0.0,0.0
2024-12-06 02:10:00+00:00,16.1200008392334,16.1299991607666,16.1200008392334,16.1299991607666,2003,0.0,0.0,0.0
2024-12-06 02:15:00+00:00,16.1299991607666,16.1299991607666,16.1200008392334,16.1200008392334,7265,0.0,0.0,0.0
2024-12-06 02:20:00+00:00,16.1299991607666,16.1299991607666,16.1299991607666,16.1299991607666,5000,0.0,0.0,0.0
2024-12-06 02:25:00+00:00,16.1299991607666,16.1299991607666,16.1299991607666,16.1299991607666,11203,0.0,0.0,0.0
2024-12-06 02:30:00+00:00,16.1299991607666,16.1299991607666,16.1299991607666,16.1299991607666,13070,0.0,0.0,0.0
2024-12-06 02:35:00+00:00,16.1200008392334,16.1299991607666,16.110000610351562,16.110000610351562,83602,0.0,0.0,0.0
2024-12-06 02:40:00+00:00,16.110000610351562,16.110000610351562,16.110000610351562,16.110000610351562,31000,0.0,0.0,0.0
2024-12-06 02:45:00+00:00,16.1200008392334,16.1200008392334,16.110000610351562,16.110000610351562,83002,0.0,0.0,0.0
2024-12-06 02:50:00+00:00,16.110000610351562,16.1200008392334,16.110000610351562,16.110000610351562,107672,0.0,0.0,0.0
2024-12-06 02:55:00+00:00,16.100000381469727,16.100000381469727,16.100000381469727,16.100000381469727,127174,0.0,0.0,0.0
2024-12-06 03:00:00+00:00,16.100000381469727,16.100000381469727,16.09000015258789,16.09000015258789,11387,0.0,0.0,0.0
2024-12-06 03:05:00+00:00,16.09000015258789,16.100000381469727,16.09000015258789,16.100000381469727,27527,0.0,0.0,0.0
2024-12-06 03:15:00+00:00,16.110000610351562,16.110000610351562,16.110000610351562,16.110000610351562,9324,0.0,0.0,0.0
2024-12-06 03:20:00+00:00,16.110000610351562,16.110000610351562,16.100000381469727,16.100000381469727,83003,0.0,0.0,0.0
2024-12-06 03:25:00+00:00,16.100000381469727,16.110000610351562,16.100000381469727,16.110000610351562,66228,0.0,0.0,0.0
2024-12-06 03:30:00+00:00,16.1200008392334,16.1200008392334,16.110000610351562,16.110000610351562,65133,0.0,0.0,0.0
2024-12-06 03:40:00+00:00,16.110000610351562,16.110000610351562,16.110000610351562,16.110000610351562,3062,0.0,0.0,0.0
2024-12-06 03:55:00+00:00,16.110000610351562,16.110000610351562,16.100000381469727,16.100000381469727,61483,0.0,0.0,0.0
2024-12-06 04:00:00+00:00,16.100000381469727,16.100000381469727,16.100000381469727,16.100000381469727,1200,0.0,0.0,0.0
2024-12-06 04:05:00+00:00,16.100000381469727,16.100000381469727,16.09000015258789,16.09000015258789,29250,0.0,0.0,0.0
2024-12-06 04:10:00+00:00,16.09000015258789,16.100000381469727,16.09000015258789,16.100000381469727,33403,0.0,0.0,0.0
2024-12-06 04:15:00+00:00,16.100000381469727,16.100000381469727,16.09000015258789,16.09000015258789,37202,0.0,0.0,0.0
2024-12-06 04:20:00+00:00,16.09000015258789,16.100000381469727,16.09000015258789,16.100000381469727,5612,0.0,0.0,0.0
2024-12-06 04:25:00+00:00,16.100000381469727,16.110000610351562,16.100000381469727,16.110000610351562,32000,0.0,0.0,0.0
2024-12-06 04:30:00+00:00,16.100000381469727,16.100000381469727,16.09000015258789,16.09000015258789,21203,0.0,0.0,0.0
2024-12-06 04:35:00+00:00,16.09000015258789,16.09000015258789,16.09000015258789,16.09000015258789,7534,0.0,0.0,0.0
2024-12-06 04:40:00+00:00,16.100000381469727,16.100000381469727,16.09000015258789,16.09000015258789,18398,0.0,0.0,0.0
2024-12-06 04:45:00+00:00,16.09000015258789,16.09000015258789,16.09000015258789,16.09000015258789,75123,0.0,0.0,0.0
2024-12-06 04:50:00+00:00,16.09000015258789,16.100000381469727,16.09000015258789,16.100000381469727,16562,0.0,0.0,0.0
2024-12-06 04:55:00+00:00,16.100000381469727,16.100000381469727,16.100000381469727,16.100000381469727,15621,0.0,0.0,0.0
2024-12-06 05:00:00+00:00,16.100000381469727,16.100000381469727,16.09000015258789,16.09000015258789,49209,0.0,0.0,0.0
2024-12-06 05:05:00+00:00,16.09000015258789,16.09000015258789,16.09000015258789,16.09000015258789,20312,0.0,0.0,0.0
2024-12-06 05:10:00+00:00,16.09000015258789,16.100000381469727,16.09000015258789,16.100000381469727,21100,0.0,0.0,0.0
2024-12-06 05:15:00+00:00,16.100000381469727,16.100000381469727,16.100000381469727,16.100000381469727,16402,0.0,0.0,0.0
2024-12-06 05:20:00+00:00,16.09000015258789,16.100000381469727,16.09000015258789,16.100000381469727,175341,0.0,0.0,0.0
2024-12-09 01:00:00+00:00,16.110000610351562,16.209999084472656,16.110000610351562,16.200000762939453,0,0.0,0.0,0.0
2024-12-09 01:05:00+00:00,16.200000762939453,16.209999084472656,16.190000534057617,16.200000762939453,269000,0.0,0.0,0.0
2024-12-09 01:10:00+00:00,16.200000762939453,16.209999084472656,16.190000534057617,16.200000762939453,159813,0.0,0.0,0.0
2024-12-09 01:15:00+00:00,16.190000534057617,16.209999084472656,16.190000534057617,16.200000762939453,132059,0.0,0.0,0.0
2024-12-09 01:20:00+00:00,16.209999084472656,16.219999313354492,16.200000762939453,16.209999084472656,124678,0.0,0.0,0.0
2024-12-09 01:25:00+00:00,16.219999313354492,16.239999771118164,16.209999084472656,16.239999771118164,379978,0.0,0.0,0.0
2024-12-09 01:30:00+00:00,16.239999771118164,16.25,16.239999771118164,16.239999771118164,195165,0.0,0.0,0.0
2024-12-09 01:35:00+00:00,16.239999771118164,16.270000457763672,16.239999771118164,16.260000228881836,456442,0.0,0.0,0.0
2024-12-09 01:40:00+00:00,16.260000228881836,16.260000228881836,16.25,16.260000228881836,315965,0.0,0.0,0.0
2024-12-09 01:45:00+00:00,16.260000228881836,16.270000457763672,16.260000228881836,16.260000228881836,278708,0.0,0.0,0.0
2024-12-09 01:50:00+00:00,16.260000228881836,16.260000228881836,16.25,16.25,109126,0.0,0.0,0.0
2024-12-09 01:55:00+00:00,16.260000228881836,16.260000228881836,16.25,16.25,24047,0.0,0.0,0.0
2024-12-09 02:00:00+00:00,16.260000228881836,16.260000228881836,16.25,16.260000228881836,18033,0.0,0.0,0.0
2024-12-09 02:05:00+00:00,16.260000228881836,16.270000457763672,16.25,16.260000228881836,276712,0.0,0.0,0.0
2024-12-09 02:10:00+00:00,16.260000228881836,16.270000457763672,16.260000228881836,16.260000228881836,120080,0.0,0.0,0.0
2024-12-09 02:15:00+00:00,16.270000457763672,16.270000457763672,16.260000228881836,16.270000457763672,6325,0.0,0.0,0.0
2024-12-09 02:20:00+00:00,16.260000228881836,16.270000457763672,16.260000228881836,16.270000457763672,337641,0.0,0.0,0.0
2024-12-09 02:25:00+00:00,16.270000457763672,16.280000686645508,16.270000457763672,16.280000686645508,47751,0.0,0.0,0.0
2024-12-09 02:30:00+00:00,16.280000686645508,16.280000686645508,16.260000228881836,16.260000228881836,70195,0.0,0.0,0.0
2024-12-09 02:35:00+00:00,16.260000228881836,16.280000686645508,16.260000228881836,16.270000457763672,78075,0.0,0.0,0.0
2024-12-09 02:40:00+00:00,16.260000228881836,16.260000228881836,16.260000228881836,16.260000228881836,115175,0.0,0.0,0.0
2024-12-09 02:45:00+00:00,16.260000228881836,16.270000457763672,16.25,16.270000457763672,187779,0.0,0.0,0.0
2024-12-09 02:50:00+00:00,16.270000457763672,16.290000915527344,16.270000457763672,16.290000915527344,333480,0.0,0.0,0.0
2024-12-09 02:55:00+00:00,16.280000686645508,16.290000915527344,16.280000686645508,16.280000686645508,160196,0.0,0.0,0.0
2024-12-09 03:00:00+00:00,16.280000686645508,16.290000915527344,16.270000457763672,16.280000686645508,29568,0.0,0.0,0.0
2024-12-09 03:05:00+00:00,16.280000686645508,16.280000686645508,16.280000686645508,16.280000686645508,20895,0.0,0.0,0.0
2024-12-09 03:10:00+00:00,16.280000686645508,16.280000686645508,16.270000457763672,16.270000457763672,183708,0.0,0.0,0.0
2024-12-09 03:15:00+00:00,16.260000228881836,16.260000228881836,16.260000228881836,16.260000228881836,14031,0.0,0.0,0.0
2024-12-09 03:20:00+00:00,16.270000457763672,16.270000457763672,16.270000457763672,16.270000457763672,64581,0.0,0.0,0.0
2024-12-09 03:25:00+00:00,16.270000457763672,16.270000457763672,16.270000457763672,16.270000457763672,42167,0.0,0.0,0.0
2024-12-09 03:30:00+00:00,16.260000228881836,16.260000228881836,16.260000228881836,16.260000228881836,10200,0.0,0.0,0.0
2024-12-09 03:35:00+00:00,16.270000457763672,16.270000457763672,16.260000228881836,16.260000228881836,62047,0.0,0.0,0.0
2024-12-09 03:40:00+00:00,16.270000457763672,16.280000686645508,16.260000228881836,16.270000457763672,87000,0.0,0.0,0.0
2024-12-09 03:45:00+00:00,16.270000457763672,16.270000457763672,16.270000457763672,16.270000457763672,16357,0.0,0.0,0.0
2024-12-09 03:50:00+00:00,16.260000228881836,16.260000228881836,16.260000228881836,16.260000228881836,10000,0.0,0.0,0.0
2024-12-09 03:55:00+00:00,16.260000228881836,16.270000457763672,16.260000228881836,16.270000457763672,165204,0.0,0.0,0.0
2024-12-09 04:00:00+00:00,16.270000457763672,16.270000457763672,16.260000228881836,16.260000228881836,11000,0.0,0.0,0.0
2024-12-09 04:05:00+00:00,16.260000228881836,16.260000228881836,16.260000228881836,16.260000228881836,17083,0.0,0.0,0.0
2024-12-09 04:10:00+00:00,16.260000228881836,16.260000228881836,16.260000228881836,16.260000228881836,44300,0.0,0.0,0.0
2024-12-09 04:15:00+00:00,16.260000228881836,16.260000228881836,16.260000228881836,16.260000228881836,131200,0.0,0.0,0.0
2024-12-09 04:20:00+00:00,16.260000228881836,16.260000228881836,16.25,16.25,257705,0.0,0.0,0.0
2024-12-09 04:25:00+00:00,16.25,16.260000228881836,16.25,16.25,258570,0.0,0.0,0.0
2024-12-09 04:30:00+00:00,16.25,16.25,16.25,16.25,5248,0.0,0.0,0.0
2024-12-09 04:35:00+00:00,16.239999771118164,16.239999771118164,16.229999542236328,16.229999542236328,63441,0.0,0.0,0.0
2024-12-09 04:40:00+00:00,16.229999542236328,16.229999542236328,16.219999313354492,16.229999542236328,71854,0.0,0.0,0.0
2024-12-09 04:50:00+00:00,16.229999542236328,16.239999771118164,16.229999542236328,16.229999542236328,25130,0.0,0.0,0.0
2024-12-09 04:55:00+00:00,16.229999542236328,16.239999771118164,16.229999542236328,16.229999542236328,11250,0.0,0.0,0.0
2024-12-09 05:00:00+00:00,16.239999771118164,16.239999771118164,16.239999771118164,16.239999771118164,102465,0.0,0.0,0.0
2024-12-09 05:05:00+00:00,16.239999771118164,16.239999771118164,16.239999771118164,16.239999771118164,16548,0.0,0.0,0.0
2024-12-09 05:10:00+00:00,16.239999771118164,16.25,16.239999771118164,16.239999771118164,11161,0.0,0.0,0.0
2024-12-09 05:15:00+00:00,16.239999771118164,16.239999771118164,16.239999771118164,16.239999771118164,45990,0.0,0.0,0.0
2024-12-09 05:20:00+00:00,16.239999771118164,16.25,16.229999542236328,16.25,26497,0.0,0.0,0.0
2024-12-10 01:00:00+00:00,16.229999542236328,16.290000915527344,16.229999542236328,16.280000686645508,0,0.0,0.0,0.0
2024-12-10 01:05:00+00:00,16.280000686645508,16.299999237060547,16.280000686645508,16.290000915527344,267000,0.0,0.0,0.0
2024-12-10 01:10:00+00:00,16.299999237060547,16.299999237060547,16.290000915527344,16.299999237060547,144740,0.0,0.0,0.0
2024-12-10 01:15:00+00:00,16.299999237060547,16.309999465942383,16.290000915527344,16.290000915527344,74095,0.0,0.0,0.0
2024-12-10 01:20:00+00:00,16.290000915527344,16.290000915527344,16.280000686645508,16.280000686645508,68139,0.0,0.0,0.0
2024-12-10 01:25:00+00:00,16.280000686645508,16.280000686645508,16.25,16.25,96201,0.0,0.0,0.0
2024-12-10 01:30:00+00:00,16.239999771118164,16.239999771118164,16.219999313354492,16.219999313354492,32457,0.0,0.0,0.0
2024-12-10 01:35:00+00:00,16.219999313354492,16.229999542236328,16.219999313354492,16.219999313354492,115100,0.0,0.0,0.0
2024-12-10 01:40:00+00:00,16.229999542236328,16.229999542236328,16.219999313354492,16.219999313354492,24312,0.0,0.0,0.0
2024-12-10 01:45:00+00:00,16.219999313354492,16.229999542236328,16.219999313354492,16.229999542236328,67374,0.0,0.0,0.0
2024-12-10 01:50:00+00:00,16.229999542236328,16.229999542236328,16.219999313354492,16.219999313354492,116267,0.0,0.0,0.0
2024-12-10 01:55:00+00:00,16.209999084472656,16.219999313354492,16.209999084472656,16.209999084472656,21641,0.0,0.0,0.0
2024-12-10 02:00:00+00:00,16.219999313354492,16.219999313354492,16.209999084472656,16.209999084472656,43489,0.0,0.0,0.0
2024-12-10 02:05:00+00:00,16.200000762939453,16.200000762939453,16.200000762939453,16.200000762939453,98810,0.0,0.0,0.0
2024-12-10 02:10:00+00:00,16.209999084472656,16.219999313354492,16.200000762939453,16.209999084472656,21200,0.0,0.0,0.0
2024-12-10 02:15:00+00:00,16.229999542236328,16.239999771118164,16.229999542236328,16.239999771118164,62316,0.0,0.0,0.0
2024-12-10 02:20:00+00:00,16.239999771118164,16.239999771118164,16.229999542236328,16.239999771118164,16598,0.0,0.0,0.0
2024-12-10 02:25:00+00:00,16.239999771118164,16.239999771118164,16.219999313354492,16.219999313354492,27567,0.0,0.0,0.0
2024-12-10 02:35:00+00:00,16.219999313354492,16.219999313354492,16.219999313354492,16.219999313354492,4100,0.0,0.0,0.0
2024-12-10 02:40:00+00:00,16.219999313354492,16.219999313354492,16.219999313354492,16.219999313354492,9000,0.0,0.0,0.0
2024-12-10 02:45:00+00:00,16.229999542236328,16.229999542236328,16.229999542236328,16.229999542236328,18000,0.0,0.0,0.0
2024-12-10 02:50:00+00:00,16.219999313354492,16.219999313354492,16.219999313354492,16.219999313354492,3000,0.0,0.0,0.0
2024-12-10 02:55:00+00:00,16.219999313354492,16.219999313354492,16.219999313354492,16.219999313354492,7000,0.0,0.0,0.0
2024-12-10 03:00:00+00:00,16.219999313354492,16.219999313354492,16.200000762939453,16.209999084472656,75286,0.0,0.0,0.0
2024-12-10 03:05:00+00:00,16.209999084472656,16.209999084472656,16.200000762939453,16.209999084472656,13025,0.0,0.0,0.0
2024-12-10 03:10:00+00:00,16.209999084472656,16.209999084472656,16.209999084472656,16.209999084472656,1000,0.0,0.0,0.0
2024-12-10 03:15:00+00:00,16.200000762939453,16.200000762939453,16.190000534057617,16.190000534057617,69135,0.0,0.0,0.0
2024-12-10 03:20:00+00:00,16.190000534057617,16.190000534057617,16.18000030517578,16.18000030517578,9300,0.0,0.0,0.0
2024-12-10 03:25:00+00:00,16.190000534057617,16.190000534057617,16.190000534057617,16.190000534057617,9589,0.0,0.0,0.0
2024-12-10 03:30:00+00:00,16.190000534057617,16.190000534057617,16.190000534057617,16.190000534057617,26020,0.0,0.0,0.0
2024-12-10 03:35:00+00:00,16.190000534057617,16.190000534057617,16.18000030517578,16.18000030517578,14151,0.0,0.0,0.0
2024-12-10 03:40:00+00:00,16.190000534057617,16.190000534057617,16.190000534057617,16.190000534057617,7921,0.0,0.0,0.0
2024-12-10 03:45:00+00:00,16.190000534057617,16.190000534057617,16.190000534057617,16.190000534057617,4325,0.0,0.0,0.0
2024-12-10 03:50:00+00:00,16.200000762939453,16.200000762939453,16.200000762939453,16.200000762939453,7160,0.0,0.0,0.0
2024-12-10 03:55:00+00:00,16.200000762939453,16.200000762939453,16.190000534057617,16.190000534057617,9195,0.0,0.0,0.0
2024-12-10 04:00:00+00:00,16.190000534057617,16.190000534057617,16.18000030517578,16.18000030517578,10341,0.0,0.0,0.0
2024-12-10 04:05:00+00:00,16.200000762939453,16.200000762939453,16.190000534057617,16.200000762939453,25895,0.0,0.0,0.0
2024-12-10 04:10:00+00:00,16.190000534057617,16.190000534057617,16.190000534057617,16.190000534057617,1000,0.0,0.0,0.0
2024-12-10 04:15:00+00:00,16.190000534057617,16.200000762939453,16.190000534057617,16.200000762939453,11635,0.0,0.0,0.0
2024-12-10 04:20:00+00:00,16.200000762939453,16.200000762939453,16.190000534057617,16.190000534057617,15000,0.0,0.0,0.0
2024-12-10 04:25:00+00:00,16.190000534057617,16.190000534057617,16.18000030517578,16.18000030517578,152030,0.0,0.0,0.0
2024-12-10 04:30:00+00:00,16.18000030517578,16.18000030517578,16.18000030517578,16.18000030517578,102133,0.0,0.0,0.0
2024-12-10 04:35:00+00:00,16.18000030517578,16.18000030517578,16.18000030517578,16.18000030517578,21123,0.0,0.0,0.0
2024-12-10 04:40:00+00:00,16.190000534057617,16.190000534057617,16.18000030517578,16.18000030517578,15110,0.0,0.0,0.0
2024-12-10 04:45:00+00:00,16.170000076293945,16.18000030517578,16.170000076293945,16.170000076293945,66680,0.0,0.0,0.0
2024-12-10 04:50:00+00:00,16.18000030517578,16.18000030517578,16.18000030517578,16.18000030517578,2644,0.0,0.0,0.0
2024-12-10 04:55:00+00:00,16.18000030517578,16.18000030517578,16.18000030517578,16.18000030517578,2315,0.0,0.0,0.0
2024-12-10 05:00:00+00:00,16.18000030517578,16.18000030517578,16.15999984741211,16.15999984741211,95573,0.0,0.0,0.0
2024-12-10 05:05:00+00:00,16.170000076293945,16.18000030517578,16.170000076293945,16.170000076293945,141027,0.0,0.0,0.0
2024-12-10 05:10:00+00:00,16.170000076293945,16.18000030517578,16.170000076293945,16.18000030517578,36685,0.0,0.0,0.0
2024-12-10 05:15:00+00:00,16.18000030517578,16.18000030517578,16.170000076293945,16.18000030517578,19393,0.0,0.0,0.0
2024-12-10 05:20:00+00:00,16.18000030517578,16.18000030517578,16.170000076293945,16.170000076293945,115138,0.0,0.0,0.0
2024-12-11 01:00:00+00:00,16.149999618530273,16.149999618530273,16.110000610351562,16.139999389648438,0,0.0,0.0,0.0
2024-12-11 01:05:00+00:00,16.139999389648438,16.15999984741211,16.139999389648438,16.149999618530273,259708,0.0,0.0,0.0
2024-12-11 01:10:00+00:00,16.149999618530273,16.18000030517578,16.149999618530273,16.18000030517578,93369,0.0,0.0,0.0
2024-12-11 01:15:00+00:00,16.170000076293945,16.18000030517578,16.15999984741211,16.170000076293945,20135,0.0,0.0,0.0
2024-12-11 01:20:00+00:00,16.15999984741211,16.15999984741211,16.149999618530273,16.149999618530273,83162,0.0,0.0,0.0
2024-12-11 01:25:00+00:00,16.149999618530273,16.149999618530273,16.139999389648438,16.149999618530273,12036,0.0,0.0,0.0
2024-12-11 01:30:00+00:00,16.149999618530273,16.170000076293945,16.139999389648438,16.170000076293945,112015,0.0,0.0,0.0
2024-12-11 01:35:00+00:00,16.170000076293945,16.170000076293945,16.170000076293945,16.170000076293945,54100,0.0,0.0,0.0
2024-12-11 01:40:00+00:00,16.170000076293945,16.170000076293945,16.149999618530273,16.149999618530273,64190,0.0,0.0,0.0
2024-12-11 01:45:00+00:00,16.149999618530273,16.149999618530273,16.149999618530273,16.149999618530273,20626,0.0,0.0,0.0
2024-12-11 01:50:00+00:00,16.149999618530273,16.170000076293945,16.149999618530273,16.15999984741211,50000,0.0,0.0,0.0
2024-12-11 01:55:00+00:00,16.15999984741211,16.170000076293945,16.15999984741211,16.170000076293945,27140,0.0,0.0,0.0
2024-12-11 02:00:00+00:00,16.170000076293945,16.18000030517578,16.170000076293945,16.18000030517578,25000,0.0,0.0,0.0
2024-12-11 02:05:00+00:00,16.170000076293945,16.170000076293945,16.15999984741211,16.15999984741211,17060,0.0,0.0,0.0
2024-12-11 02:10:00+00:00,16.15999984741211,16.15999984741211,16.15999984741211,16.15999984741211,82500,0.0,0.0,0.0
2024-12-11 02:15:00+00:00,16.149999618530273,16.149999618530273,16.139999389648438,16.139999389648438,129420,0.0,0.0,0.0
2024-12-11 02:20:00+00:00,16.139999389648438,16.139999389648438,16.1299991607666,16.1299991607666,28082,0.0,0.0,0.0
2024-12-11 02:25:00+00:00,16.1299991607666,16.1299991607666,16.1299991607666,16.1299991607666,6300,0.0,0.0,0.0
2024-12-11 02:30:00+00:00,16.1299991607666,16.1299991607666,16.1299991607666,16.1299991607666,8040,0.0,0.0,0.0
2024-12-11 02:35:00+00:00,16.1299991607666,16.1299991607666,16.1299991607666,16.1299991607666,10000,0.0,0.0,0.0
2024-12-11 02:40:00+00:00,16.1200008392334,16.1200008392334,16.1200008392334,16.1200008392334,2710,0.0,0.0,0.0
2024-12-11 02:45:00+00:00,16.1200008392334,16.1299991607666,16.1200008392334,16.1200008392334,13502,0.0,0.0,0.0
2024-12-11 02:50:00+00:00,16.1299991607666,16.1299991607666,16.1299991607666,16.1299991607666,5080,0.0,0.0,0.0
2024-12-11 02:55:00+00:00,16.1299991607666,16.1299991607666,16.1299991607666,16.1299991607666,7000,0.0,0.0,0.0
2024-12-11 03:00:00+00:00,16.1299991607666,16.1299991607666,16.1299991607666,16.1299991607666,8109,0.0,0.0,0.0
2024-12-11 03:05:00+00:00,16.1299991607666,16.1299991607666,16.1299991607666,16.1299991607666,18748,0.0,0.0,0.0
2024-12-11 03:10:00+00:00,16.1299991607666,16.1299991607666,16.1200008392334,16.1200008392334,101300,0.0,0.0,0.0
2024-12-11 03:15:00+00:00,16.1299991607666,16.1299991607666,16.1299991607666,16.1299991607666,11478,0.0,0.0,0.0
2024-12-11 03:20:00+00:00,16.1200008392334,16.1200008392334,16.110000610351562,16.110000610351562,2205,0.0,0.0,0.0
2024-12-11 03:25:00+00:00,16.1200008392334,16.1200008392334,16.1200008392334,16.1200008392334,37838,0.0,0.0,0.0
2024-12-11 03:30:00+00:00,16.1200008392334,16.1200008392334,16.1200008392334,16.1200008392334,7643,0.0,0.0,0.0
2024-12-11 03:35:00+00:00,16.1200008392334,16.1200008392334,16.1200008392334,16.1200008392334,2450,0.0,0.0,0.0
2024-12-11 03:40:00+00:00,16.110000610351562,16.110000610351562,16.110000610351562,16.110000610351562,114183,0.0,0.0,0.0
2024-12-11 03:45:00+00:00,16.100000381469727,16.110000610351562,16.100000381469727,16.100000381469727,40098,0.0,0.0,0.0
2024-12-11 03:50:00+00:00,16.110000610351562,16.110000610351562,16.100000381469727,16.110000610351562,39160,0.0,0.0,0.0
2024-12-11 03:55:00+00:00,16.100000381469727,16.110000610351562,16.100000381469727,16.100000381469727,78894,0.0,0.0,0.0
2024-12-11 04:00:00+00:00,16.100000381469727,16.100000381469727,16.09000015258789,16.09000015258789,13481,0.0,0.0,0.0
2024-12-11 04:05:00+00:00,16.09000015258789,16.100000381469727,16.09000015258789,16.09000015258789,50175,0.0,0.0,0.0
2024-12-11 04:10:00+00:00,16.09000015258789,16.09000015258789,16.079999923706055,16.09000015258789,12160,0.0,0.0,0.0
2024-12-11 04:15:00+00:00,16.09000015258789,16.09000015258789,16.06999969482422,16.06999969482422,189901,0.0,0.0,0.0
2024-12-11 04:20:00+00:00,16.06999969482422,16.06999969482422,16.059999465942383,16.059999465942383,51479,0.0,0.0,0.0
2024-12-11 04:25:00+00:00,16.049999237060547,16.049999237060547,16.040000915527344,16.049999237060547,92239,0.0,0.0,0.0
2024-12-11 04:30:00+00:00,16.049999237060547,16.059999465942383,16.049999237060547,16.049999237060547,147180,0.0,0.0,0.0
2024-12-11 04:35:00+00:00,16.049999237060547,16.049999237060547,16.049999237060547,16.049999237060547,4625,0.0,0.0,0.0
2024-12-11 04:40:00+00:00,16.049999237060547,16.049999237060547,16.049999237060547,16.049999237060547,8790,0.0,0.0,0.0
2024-12-11 04:45:00+00:00,16.059999465942383,16.059999465942383,16.059999465942383,16.059999465942383,1000,0.0,0.0,0.0
2024-12-11 04:50:00+00:00,16.059999465942383,16.059999465942383,16.059999465942383,16.059999465942383,1337,0.0,0.0,0.0
2024-12-11 04:55:00+00:00,16.06999969482422,16.06999969482422,16.06999969482422,16.06999969482422,5598,0.0,0.0,0.0
2024-12-11 05:05:00+00:00,16.06999969482422,16.079999923706055,16.06999969482422,16.079999923706055,23000,0.0,0.0,0.0
2024-12-11 05:10:00+00:00,16.079999923706055,16.079999923706055,16.059999465942383,16.06999969482422,76807,0.0,0.0,0.0
2024-12-11 05:15:00+00:00,16.06999969482422,16.06999969482422,16.06999969482422,16.06999969482422,20538,0.0,0.0,0.0
2024-12-11 05:20:00+00:00,16.06999969482422,16.06999969482422,16.06999969482422,16.06999969482422,26362,0.0,0.0,0.0
2024-12-12 01:00:00+00:00,16.100000381469727,16.1200008392334,16.079999923706055,16.1200008392334,0,0.0,0.0,0.0
2024-12-12 01:05:00+00:00,16.1200008392334,16.1299991607666,16.110000610351562,16.1200008392334,69613,0.0,0.0,0.0
2024-12-12 01:10:00+00:00,16.1200008392334,16.1200008392334,16.1200008392334,16.1200008392334,2685,0.0,0.0,0.0
2024-12-12 01:15:00+00:00,16.1200008392334,16.1299991607666,16.1200008392334,16.1299991607666,9185,0.0,0.0,0.0
2024-12-12 01:20:00+00:00,16.1299991607666,16.1299991607666,16.1299991607666,16.1299991607666,97385,0.0,0.0,0.0
2024-12-12 01:25:00+00:00,16.1299991607666,16.139999389648438,16.1299991607666,16.139999389648438,56549,0.0,0.0,0.0
2024-12-12 01:30:00+00:00,16.139999389648438,16.139999389648438,16.1299991607666,16.1299991607666,25703,0.0,0.0,0.0
2024-12-12 01:35:00+00:00,16.1299991607666,16.1299991607666,16.1299991607666,16.1299991607666,19210,0.0,0.0,0.0
2024-12-12 01:40:00+00:00,16.1299991607666,16.1299991607666,16.1200008392334,16.1299991607666,16000,0.0,0.0,0.0
2024-12-12 01:50:00+00:00,16.1200008392334,16.1200008392334,16.110000610351562,16.110000610351562,110473,0.0,0.0,0.0
2024-12-12 01:55:00+00:00,16.1200008392334,16.1200008392334,16.1200008392334,16.1200008392334,1592,0.0,0.0,0.0
2024-12-12 02:00:00+00:00,16.1200008392334,16.1299991607666,16.1200008392334,16.1299991607666,20280,0.0,0.0,0.0
2024-12-12 02:05:00+00:00,16.1299991607666,16.1299991607666,16.1299991607666,16.1299991607666,34000,0.0,0.0,0.0
2024-12-12 02:10:00+00:00,16.139999389648438,16.139999389648438,16.139999389648438,16.139999389648438,56130,0.0,0.0,0.0
2024-12-12 02:15:00+00:00,16.139999389648438,16.15999984741211,16.139999389648438,16.15999984741211,66135,0.0,0.0,0.0
2024-12-12 02:25:00+00:00,16.149999618530273,16.149999618530273,16.149999618530273,16.149999618530273,26720,0.0,0.0,0.0
2024-12-12 02:30:00+00:00,16.149999618530273,16.149999618530273,16.149999618530273,16.149999618530273,2303,0.0,0.0,0.0
2024-12-12 02:35:00+00:00,16.149999618530273,16.149999618530273,16.149999618530273,16.149999618530273,1312,0.0,0.0,0.0
2024-12-12 02:40:00+00:00,16.15999984741211,16.15999984741211,16.149999618530273,16.149999618530273,24060,0.0,0.0,0.0
2024-12-12 02:45:00+00:00,16.149999618530273,16.149999618530273,16.139999389648438,16.149999618530273,21010,0.0,0.0,0.0
2024-12-12 02:50:00+00:00,16.149999618530273,16.149999618530273,16.139999389648438,16.139999389648438,4040,0.0,0.0,0.0
2024-12-12 02:55:00+00:00,16.139999389648438,16.139999389648438,16.139999389648438,16.139999389648438,9670,0.0,0.0,0.0
2024-12-12 03:00:00+00:00,16.149999618530273,16.149999618530273,16.149999618530273,16.149999618530273,3390,0.0,0.0,0.0
2024-12-12 03:05:00+00:00,16.149999618530273,16.149999618530273,16.149999618530273,16.149999618530273,3200,0.0,0.0,0.0
2024-12-12 03:10:00+00:00,16.149999618530273,16.15999984741211,16.149999618530273,16.15999984741211,60000,0.0,0.0,0.0
2024-12-12 03:15:00+00:00,16.15999984741211,16.15999984741211,16.15999984741211,16.15999984741211,38360,0.0,0.0,0.0
2024-12-12 03:20:00+00:00,16.149999618530273,16.149999618530273,16.149999618530273,16.149999618530273,15533,0.0,0.0,0.0
2024-12-12 03:25:00+00:00,16.15999984741211,16.15999984741211,16.15999984741211,16.15999984741211,8000,0.0,0.0,0.0
2024-12-12 03:30:00+00:00,16.15999984741211,16.15999984741211,16.15999984741211,16.15999984741211,5100,0.0,0.0,0.0
2024-12-12 03:35:00+00:00,16.149999618530273,16.149999618530273,16.149999618530273,16.149999618530273,12142,0.0,0.0,0.0
2024-12-12 03:40:00+00:00,16.149999618530273,16.149999618530273,16.139999389648438,16.139999389648438,10034,0.0,0.0,0.0
2024-12-12 03:45:00+00:00,16.139999389648438,16.149999618530273,16.139999389648438,16.149999618530273,9000,0.0,0.0,0.0
2024-12-12 03:50:00+00:00,16.139999389648438,16.139999389648438,16.139999389648438,16.139999389648438,1000,0.0,0.0,0.0
2024-12-12 03:55:00+00:00,16.139999389648438,16.139999389648438,16.139999389648438,16.139999389648438,5150,0.0,0.0,0.0
2024-12-12 04:00:00+00:00,16.139999389648438,16.139999389648438,16.139999389648438,16.139999389648438,14082,0.0,0.0,0.0
2024-12-12 04:05:00+00:00,16.1299991607666,16.1299991607666,16.1299991607666,16.1299991607666,12300,0.0,0.0,0.0
2024-12-12 04:10:00+00:00,16.1299991607666,16.1299991607666,16.1299991607666,16.1299991607666,5600,0.0,0.0,0.0
2024-12-12 04:15:00+00:00,16.1299991607666,16.1299991607666,16.1299991607666,16.1299991607666,26492,0.0,0.0,0.0
2024-12-12 04:20:00+00:00,16.1299991607666,16.1299991607666,16.1299991607666,16.1299991607666,8202,0.0,0.0,0.0
2024-12-12 04:25:00+00:00,16.139999389648438,16.139999389648438,16.139999389648438,16.139999389648438,20020,0.0,0.0,0.0
2024-12-12 04:30:00+00:00,16.149999618530273,16.149999618530273,16.139999389648438,16.139999389648438,3000,0.0,0.0,0.0
2024-12-12 04:35:00+00:00,16.139999389648438,16.149999618530273,16.139999389648438,16.149999618530273,12047,0.0,0.0,0.0
2024-12-12 04:40:00+00:00,16.149999618530273,16.149999618530273,16.149999618530273,16.149999618530273,2095,0.0,0.0,0.0
2024-12-12 04:45:00+00:00,16.149999618530273,16.149999618530273,16.149999618530273,16.149999618530273,1100,0.0,0.0,0.0
2024-12-12 04:50:00+00:00,16.139999389648438,16.149999618530273,16.139999389648438,16.149999618530273,7200,0.0,0.0,0.0
2024-12-12 04:55:00+00:00,16.139999389648438,16.139999389648438,16.139999389648438,16.139999389648438,13730,0.0,0.0,0.0
2024-12-12 05:00:00+00:00,16.139999389648438,16.139999389648438,16.139999389648438,16.139999389648438,4060,0.0,0.0,0.0
2024-12-12 05:05:00+00:00,16.139999389648438,16.139999389648438,16.139999389648438,16.139999389648438,4100,0.0,0.0,0.0
2024-12-12 05:10:00+00:00,16.1299991607666,16.139999389648438,16.1299991607666,16.1299991607666,60525,0.0,0.0,0.0
2024-12-12 05:15:00+00:00,16.1299991607666,16.1299991607666,16.1299991607666,16.1299991607666,7758,0.0,0.0,0.0
2024-12-12 05:20:00+00:00,16.1200008392334,16.1299991607666,16.1200008392334,16.1299991607666,19620,0.0,0.0,0.0
2024-12-13 01:00:00+00:00,16.1299991607666,16.1299991607666,16.079999923706055,16.079999923706055,0,0.0,0.0,0.0
2024-12-13 01:05:00+00:00,16.079999923706055,16.079999923706055,16.059999465942383,16.059999465942383,29000,0.0,0.0,0.0
2024-12-13 01:10:00+00:00,16.079999923706055,16.100000381469727,16.079999923706055,16.100000381469727,30912,0.0,0.0,0.0
2024-12-13 01:15:00+00:00,16.100000381469727,16.100000381469727,16.100000381469727,16.100000381469727,24225,0.0,0.0,0.0
2024-12-13 01:20:00+00:00,16.100000381469727,16.100000381469727,16.100000381469727,16.100000381469727,16349,0.0,0.0,0.0
2024-12-13 01:25:00+00:00,16.09000015258789,16.100000381469727,16.09000015258789,16.100000381469727,12607,0.0,0.0,0.0
2024-12-13 01:30:00+00:00,16.100000381469727,16.100000381469727,16.100000381469727,16.100000381469727,15554,0.0,0.0,0.0
2024-12-13 01:35:00+00:00,16.100000381469727,16.100000381469727,16.09000015258789,16.100000381469727,8086,0.0,0.0,0.0
2024-12-13 01:40:00+00:00,16.100000381469727,16.100000381469727,16.100000381469727,16.100000381469727,33016,0.0,0.0,0.0
2024-12-13 01:45:00+00:00,16.100000381469727,16.110000610351562,16.100000381469727,16.100000381469727,51500,0.0,0.0,0.0
2024-12-13 01:50:00+00:00,16.100000381469727,16.100000381469727,16.100000381469727,16.100000381469727,11622,0.0,0.0,0.0
2024-12-13 01:55:00+00:00,16.09000015258789,16.100000381469727,16.09000015258789,16.09000015258789,15468,0.0,0.0,0.0
2024-12-13 02:00:00+00:00,16.100000381469727,16.100000381469727,16.079999923706055,16.079999923706055,57237,0.0,0.0,0.0
2024-12-13 02:05:00+00:00,16.079999923706055,16.079999923706055,16.06999969482422,16.06999969482422,152596,0.0,0.0,0.0
2024-12-13 02:10:00+00:00,16.06999969482422,16.06999969482422,16.06999969482422,16.06999969482422,8377,0.0,0.0,0.0
2024-12-13 02:15:00+00:00,16.06999969482422,16.06999969482422,16.06999969482422,16.06999969482422,9904,0.0,0.0,0.0
2024-12-13 02:20:00+00:00,16.06999969482422,16.079999923706055,16.06999969482422,16.079999923706055,38302,0.0,0.0,0.0
2024-12-13 02:25:00+00:00,16.079999923706055,16.09000015258789,16.079999923706055,16.09000015258789,226178,0.0,0.0,0.0
2024-12-13 02:30:00+00:00,16.09000015258789,16.09000015258789,16.09000015258789,16.09000015258789,8026,0.0,0.0,0.0
2024-12-13 02:35:00+00:00,16.09000015258789,16.100000381469727,16.079999923706055,16.100000381469727,111000,0.0,0.0,0.0
2024-12-13 02:40:00+00:00,16.09000015258789,16.09000015258789,16.09000015258789,16.09000015258789,3100,0.0,0.0,0.0
2024-12-13 02:45:00+00:00,16.100000381469727,16.100000381469727,16.079999923706055,16.079999923706055,40200,0.0,0.0,0.0
2024-12-13 02:50:00+00:00,16.100000381469727,16.100000381469727,16.09000015258789,16.09000015258789,9097,0.0,0.0,0.0
2024-12-13 02:55:00+00:00,16.100000381469727,16.100000381469727,16.09000015258789,16.09000015258789,24013,0.0,0.0,0.0
2024-12-13 03:00:00+00:00,16.100000381469727,16.100000381469727,16.09000015258789,16.09000015258789,34472,0.0,0.0,0.0
2024-12-13 03:05:00+00:00,16.079999923706055,16.09000015258789,16.079999923706055,16.09000015258789,152190,0.0,0.0,0.0
2024-12-13 03:10:00+00:00,16.079999923706055,16.09000015258789,16.079999923706055,16.079999923706055,79125,0.0,0.0,0.0
2024-12-13 03:15:00+00:00,16.09000015258789,16.09000015258789,16.09000015258789,16.09000015258789,14780,0.0,0.0,0.0
2024-12-13 03:20:00+00:00,16.09000015258789,16.09000015258789,16.09000015258789,16.09000015258789,14420,0.0,0.0,0.0
2024-12-13 03:25:00+00:00,16.09000015258789,16.09000015258789,16.09000015258789,16.09000015258789,9100,0.0,0.0,0.0
2024-12-13 03:30:00+00:00,16.09000015258789,16.09000015258789,16.079999923706055,16.09000015258789,27580,0.0,0.0,0.0
2024-12-13 03:35:00+00:00,16.079999923706055,16.09000015258789,16.079999923706055,16.09000015258789,2000,0.0,0.0,0.0
2024-12-13 03:40:00+00:00,16.09000015258789,16.09000015258789,16.079999923706055,16.079999923706055,10864,0.0,0.0,0.0
2024-12-13 03:45:00+00:00,16.09000015258789,16.09000015258789,16.079999923706055,16.079999923706055,3020,0.0,0.0,0.0
2024-12-13 03:50:00+00:00,16.09000015258789,16.09000015258789,16.079999923706055,16.079999923706055,13793,0.0,0.0,0.0
2024-12-13 03:55:00+00:00,16.079999923706055,16.079999923706055,16.06999969482422,16.06999969482422,104109,0.0,0.0,0.0
2024-12-13 04:00:00+00:00,16.079999923706055,16.079999923706055,16.079999923706055,16.079999923706055,8541,0.0,0.0,0.0
2024-12-13 04:05:00+00:00,16.06999969482422,16.06999969482422,16.06999969482422,16.06999969482422,6000,0.0,0.0,0.0
2024-12-13 04:10:00+00:00,16.06999969482422,16.079999923706055,16.06999969482422,16.079999923706055,62337,0.0,0.0,0.0
2024-12-13 04:15:00+00:00,16.079999923706055,16.079999923706055,16.06999969482422,16.06999969482422,156953,0.0,0.0,0.0
2024-12-13 04:20:00+00:00,16.06999969482422,16.06999969482422,16.059999465942383,16.06999969482422,13362,0.0,0.0,0.0
2024-12-13 04:25:00+00:00,16.059999465942383,16.06999969482422,16.059999465942383,16.06999969482422,35260,0.0,0.0,0.0
2024-12-13 04:30:00+00:00,16.06999969482422,16.06999969482422,16.059999465942383,16.06999969482422,11558,0.0,0.0,0.0
2024-12-13 04:35:00+00:00,16.059999465942383,16.059999465942383,16.049999237060547,16.049999237060547,331841,0.0,0.0,0.0
2024-12-13 04:40:00+00:00,16.049999237060547,16.049999237060547,16.040000915527344,16.040000915527344,18487,0.0,0.0,0.0
2024-12-13 04:45:00+00:00,16.040000915527344,16.059999465942383,16.040000915527344,16.059999465942383,9000,0.0,0.0,0.0
2024-12-13 04:50:00+00:00,16.059999465942383,16.059999465942383,16.059999465942383,16.059999465942383,15254,0.0,0.0,0.0
2024-12-13 04:55:00+00:00,16.059999465942383,16.059999465942383,16.049999237060547,16.049999237060547,32100,0.0,0.0,0.0
2024-12-13 05:00:00+00:00,16.059999465942383,16.059999465942383,16.059999465942383,16.059999465942383,17614,0.0,0.0,0.0
2024-12-13 05:05:00+00:00,16.059999465942383,16.06999969482422,16.059999465942383,16.06999969482422,13020,0.0,0.0,0.0
2024-12-13 05:10:00+00:00,16.06999969482422,16.06999969482422,16.06999969482422,16.06999969482422,4000,0.0,0.0,0.0
2024-12-13 05:15:00+00:00,16.06999969482422,16.06999969482422,16.06999969482422,16.06999969482422,17654,0.0,0.0,0.0
2024-12-13 05:20:00+00:00,16.06999969482422,16.079999923706055,16.06999969482422,16.079999923706055,18671,0.0,0.0,0.0
2024-12-16 01:00:00+00:00,16.100000381469727,16.1200008392334,16.100000381469727,16.1200008392334,0,0.0,0.0,0.0
2024-12-16 01:05:00+00:00,16.100000381469727,16.100000381469727,16.079999923706055,16.09000015258789,122482,0.0,0.0,0.0
2024-12-16 01:10:00+00:00,16.100000381469727,16.100000381469727,16.09000015258789,16.100000381469727,129565,0.0,0.0,0.0
2024-12-16 01:15:00+00:00,16.09000015258789,16.09000015258789,16.09000015258789,16.09000015258789,54982,0.0,0.0,0.0
2024-12-16 01:20:00+00:00,16.079999923706055,16.09000015258789,16.079999923706055,16.09000015258789,47116,0.0,0.0,0.0
2024-12-16 01:25:00+00:00,16.100000381469727,16.110000610351562,16.100000381469727,16.110000610351562,265305,0.0,0.0,0.0
2024-12-16 01:30:00+00:00,16.110000610351562,16.139999389648438,16.110000610351562,16.139999389648438,36398,0.0,0.0,0.0
2024-12-16 01:35:00+00:00,16.139999389648438,16.139999389648438,16.1299991607666,16.1299991607666,86478,0.0,0.0,0.0
2024-12-16 01:40:00+00:00,16.1299991607666,16.1299991607666,16.110000610351562,16.110000610351562,28600,0.0,0.0,0.0
2024-12-16 01:45:00+00:00,16.1299991607666,16.1299991607666,16.110000610351562,16.110000610351562,7640,0.0,0.0,0.0
2024-12-16 01:50:00+00:00,16.110000610351562,16.1299991607666,16.110000610351562,16.1299991607666,23448,0.0,0.0,0.0
2024-12-16 01:55:00+00:00,16.1299991607666,16.1299991607666,16.1299991607666,16.1299991607666,2354,0.0,0.0,0.0
2024-12-16 02:00:00+00:00,16.1299991607666,16.139999389648438,16.1299991607666,16.139999389648438,73645,0.0,0.0,0.0
2024-12-16 02:05:00+00:00,16.1299991607666,16.1299991607666,16.1200008392334,16.1200008392334,24167,0.0,0.0,0.0
2024-12-16 02:15:00+00:00,16.1200008392334,16.1299991607666,16.100000381469727,16.100000381469727,37484,0.0,0.0,0.0
2024-12-16 02:20:00+00:00,16.100000381469727,16.100000381469727,16.09000015258789,16.09000015258789,32435,0.0,0.0,0.0
2024-12-16 02:25:00+00:00,16.09000015258789,16.09000015258789,16.09000015258789,16.09000015258789,3014,0.0,0.0,0.0
2024-12-16 02:30:00+00:00,16.09000015258789,16.09000015258789,16.09000015258789,16.09000015258789,16127,0.0,0.0,0.0
2024-12-16 02:35:00+00:00,16.09000015258789,16.09000015258789,16.09000015258789,16.09000015258789,2114,0.0,0.0,0.0
2024-12-16 02:40:00+00:00,16.09000015258789,16.09000015258789,16.079999923706055,16.09000015258789,10230,0.0,0.0,0.0
2024-12-16 02:45:00+00:00,16.09000015258789,16.100000381469727,16.09000015258789,16.09000015258789,5176,0.0,0.0,0.0
2024-12-16 02:50:00+00:00,16.09000015258789,16.09000015258789,16.079999923706055,16.09000015258789,30022,0.0,0.0,0.0
2024-12-16 02:55:00+00:00,16.079999923706055,16.079999923706055,16.06999969482422,16.06999969482422,134127,0.0,0.0,0.0
2024-12-16 03:00:00+00:00,16.079999923706055,16.09000015258789,16.079999923706055,16.09000015258789,14100,0.0,0.0,0.0
2024-12-16 03:05:00+00:00,16.09000015258789,16.09000015258789,16.09000015258789,16.09000015258789,2247,0.0,0.0,0.0
2024-12-16 03:15:00+00:00,16.09000015258789,16.09000015258789,16.06999969482422,16.06999969482422,18294,0.0,0.0,0.0
2024-12-16 03:20:00+00:00,16.06999969482422,16.06999969482422,16.06999969482422,16.06999969482422,36705,0.0,0.0,0.0
2024-12-16 03:25:00+00:00,16.06999969482422,16.079999923706055,16.06999969482422,16.079999923706055,7000,0.0,0.0,0.0
2024-12-16 03:30:00+00:00,16.079999923706055,16.079999923706055,16.079999923706055,16.079999923706055,7130,0.0,0.0,0.0
2024-12-16 03:35:00+00:00,16.079999923706055,16.079999923706055,16.06999969482422,16.06999969482422,25100,0.0,0.0,0.0
2024-12-16 03:40:00+00:00,16.06999969482422,16.079999923706055,16.06999969482422,16.079999923706055,3074,0.0,0.0,0.0
2024-12-16 03:45:00+00:00,16.06999969482422,16.06999969482422,16.06999969482422,16.06999969482422,39500,0.0,0.0,0.0
2024-12-16 03:50:00+00:00,16.059999465942383,16.059999465942383,16.059999465942383,16.059999465942383,51281,0.0,0.0,0.0
2024-12-16 03:55:00+00:00,16.059999465942383,16.059999465942383,16.049999237060547,16.049999237060547,10758,0.0,0.0,0.0
2024-12-16 04:00:00+00:00,16.049999237060547,16.049999237060547,16.049999237060547,16.049999237060547,36164,0.0,0.0,0.0
2024-12-16 04:05:00+00:00,16.059999465942383,16.059999465942383,16.059999465942383,16.059999465942383,3000,0.0,0.0,0.0
2024-12-16 04:10:00+00:00,16.059999465942383,16.059999465942383,16.049999237060547,16.049999237060547,6735,0.0,0.0,0.0
2024-12-16 04:15:00+00:00,16.049999237060547,16.049999237060547,16.049999237060547,16.049999237060547,80389,0.0,0.0,0.0
2024-12-16 04:20:00+00:00,16.040000915527344,16.040000915527344,16.040000915527344,16.040000915527344,24190,0.0,0.0,0.0
2024-12-16 04:25:00+00:00,16.040000915527344,16.040000915527344,16.030000686645508,16.030000686645508,19738,0.0,0.0,0.0
2024-12-16 04:30:00+00:00,16.030000686645508,16.030000686645508,16.030000686645508,16.030000686645508,119718,0.0,0.0,0.0
2024-12-16 04:35:00+00:00,16.030000686645508,16.030000686645508,16.030000686645508,16.030000686645508,2565,0.0,0.0,0.0
2024-12-16 04:40:00+00:00,16.040000915527344,16.040000915527344,16.040000915527344,16.040000915527344,2331,0.0,0.0,0.0
2024-12-16 04:45:00+00:00,16.040000915527344,16.040000915527344,16.030000686645508,16.030000686645508,31540,0.0,0.0,0.0
2024-12-16 04:50:00+00:00,16.040000915527344,16.040000915527344,16.030000686645508,16.030000686645508,53639,0.0,0.0,0.0
2024-12-16 04:55:00+00:00,16.030000686645508,16.030000686645508,16.030000686645508,16.030000686645508,4015,0.0,0.0,0.0
2024-12-16 05:00:00+00:00,16.030000686645508,16.030000686645508,16.020000457763672,16.020000457763672,56313,0.0,0.0,0.0
2024-12-16 05:05:00+00:00,16.020000457763672,16.020000457763672,16.020000457763672,16.020000457763672,35980,0.0,0.0,0.0
2024-12-16 05:10:00+00:00,16.020000457763672,16.020000457763672,16.010000228881836,16.010000228881836,22952,0.0,0.0,0.0
2024-12-16 05:15:00+00:00,16.010000228881836,16.020000457763672,16.010000228881836,16.020000457763672,41956,0.0,0.0,0.0
2024-12-16 05:20:00+00:00,16.020000457763672,16.020000457763672,16.020000457763672,16.020000457763672,16478,0.0,0.0,0.0
2024-12-17 01:00:00+00:00,16.059999465942383,16.059999465942383,16.049999237060547,16.049999237060547,0,0.0,0.0,0.0
2024-12-17 01:05:00+00:00,16.049999237060547,16.059999465942383,16.049999237060547,16.059999465942383,12047,0.0,0.0,0.0
2024-12-17 01:10:00+00:00,16.059999465942383,16.059999465942383,16.049999237060547,16.059999465942383,49236,0.0,0.0,0.0
2024-12-17 01:15:00+00:00,16.049999237060547,16.049999237060547,16.040000915527344,16.040000915527344,95310,0.0,0.0,0.0
2024-12-17 01:20:00+00:00,16.049999237060547,16.049999237060547,16.040000915527344,16.049999237060547,82133,0.0,0.0,0.0
2024-12-17 01:25:00+00:00,16.049999237060547,16.049999237060547,16.040000915527344,16.040000915527344,50000,0.0,0.0,0.0
2024-12-17 01:30:00+00:00,16.049999237060547,16.06999969482422,16.049999237060547,16.06999969482422,245343,0.0,0.0,0.0
2024-12-17 01:35:00+00:00,16.059999465942383,16.06999969482422,16.059999465942383,16.06999969482422,73227,0.0,0.0,0.0
2024-12-17 01:40:00+00:00,16.079999923706055,16.079999923706055,16.06999969482422,16.06999969482422,27318,0.0,0.0,0.0
2024-12-17 01:45:00+00:00,16.06999969482422,16.06999969482422,16.059999465942383,16.059999465942383,33110,0.0,0.0,0.0
2024-12-17 01:50:00+00:00,16.049999237060547,16.049999237060547,16.049999237060547,16.049999237060547,45112,0.0,0.0,0.0
2024-12-17 01:55:00+00:00,16.049999237060547,16.049999237060547,16.020000457763672,16.030000686645508,100823,0.0,0.0,0.0
2024-12-17 02:00:00+00:00,16.040000915527344,16.040000915527344,16.040000915527344,16.040000915527344,9117,0.0,0.0,0.0
2024-12-17 02:05:00+00:00,16.049999237060547,16.049999237060547,16.049999237060547,16.049999237060547,24000,0.0,0.0,0.0
2024-12-17 02:10:00+00:00,16.049999237060547,16.06999969482422,16.049999237060547,16.06999969482422,79000,0.0,0.0,0.0
2024-12-17 02:15:00+00:00,16.079999923706055,16.09000015258789,16.079999923706055,16.09000015258789,188057,0.0,0.0,0.0
2024-12-17 02:20:00+00:00,16.09000015258789,16.09000015258789,16.09000015258789,16.09000015258789,8359,0.0,0.0,0.0
2024-12-17 02:25:00+00:00,16.09000015258789,16.09000015258789,16.09000015258789,16.09000015258789,19000,0.0,0.0,0.0
2024-12-17 02:30:00+00:00,16.079999923706055,16.079999923706055,16.06999969482422,16.079999923706055,10253,0.0,0.0,0.0
2024-12-17 02:35:00+00:00,16.079999923706055,16.09000015258789,16.079999923706055,16.079999923706055,4362,0.0,0.0,0.0
2024-12-17 02:40:00+00:00,16.079999923706055,16.079999923706055,16.079999923706055,16.079999923706055,13410,0.0,0.0,0.0
2024-12-17 02:45:00+00:00,16.079999923706055,16.09000015258789,16.079999923706055,16.09000015258789,11130,0.0,0.0,0.0
2024-12-17 02:50:00+00:00,16.079999923706055,16.079999923706055,16.079999923706055,16.079999923706055,1663,0.0,0.0,0.0
2024-12-17 02:55:00+00:00,16.079999923706055,16.079999923706055,16.079999923706055,16.079999923706055,12000,0.0,0.0,0.0
2024-12-17 03:00:00+00:00,16.079999923706055,16.079999923706055,16.06999969482422,16.06999969482422,5280,0.0,0.0,0.0
2024-12-17 03:05:00+00:00,16.06999969482422,16.06999969482422,16.06999969482422,16.06999969482422,12420,0.0,0.0,0.0
2024-12-17 03:10:00+00:00,16.059999465942383,16.059999465942383,16.059999465942383,16.059999465942383,9300,0.0,0.0,0.0
2024-12-17 03:15:00+00:00,16.059999465942383,16.059999465942383,16.040000915527344,16.040000915527344,42537,0.0,0.0,0.0
2024-12-17 03:20:00+00:00,16.040000915527344,16.040000915527344,16.040000915527344,16.040000915527344,3752,0.0,0.0,0.0
2024-12-17 03:30:00+00:00,16.040000915527344,16.040000915527344,16.030000686645508,16.030000686645508,5100,0.0,0.0,0.0
2024-12-17 03:35:00+00:00,16.030000686645508,16.030000686645508,16.030000686645508,16.030000686645508,40680,0.0,0.0,0.0
2024-12-17 03:40:00+00:00,16.020000457763672,16.020000457763672,16.020000457763672,16.020000457763672,73423,0.0,0.0,0.0
2024-12-17 03:45:00+00:00,16.020000457763672,16.020000457763672,16.010000228881836,16.020000457763672,15009,0.0,0.0,0.0
2024-12-17 03:50:00+00:00,16.010000228881836,16.020000457763672,16.010000228881836,16.010000228881836,145500,0.0,0.0,0.0
2024-12-17 03:55:00+00:00,16.010000228881836,16.010000228881836,16.010000228881836,16.010000228881836,120247,0.0,0.0,0.0
2024-12-17 04:00:00+00:00,16.010000228881836,16.010000228881836,16.010000228881836,16.010000228881836,17201,0.0,0.0,0.0
2024-12-17 04:05:00+00:00,16.010000228881836,16.010000228881836,16.010000228881836,16.010000228881836,28109,0.0,0.0,0.0
2024-12-17 04:10:00+00:00,16.010000228881836,16.010000228881836,16.010000228881836,16.010000228881836,3200,0.0,0.0,0.0
2024-12-17 04:15:00+00:00,16.010000228881836,16.010000228881836,16.010000228881836,16.010000228881836,19300,0.0,0.0,0.0
2024-12-17 04:20:00+00:00,16.010000228881836,16.010000228881836,16.0,16.010000228881836,15575,0.0,0.0,0.0
2024-12-17 04:25:00+00:00,16.010000228881836,16.010000228881836,16.0,16.010000228881836,13862,0.0,0.0,0.0
2024-12-17 04:30:00+00:00,16.010000228881836,16.010000228881836,16.0,16.010000228881836,203550,0.0,0.0,0.0
2024-12-17 04:35:00+00:00,16.010000228881836,16.020000457763672,16.010000228881836,16.020000457763672,14894,0.0,0.0,0.0
2024-12-17 04:40:00+00:00,16.010000228881836,16.010000228881836,16.010000228881836,16.010000228881836,26000,0.0,0.0,0.0
2024-12-17 04:45:00+00:00,16.0,16.010000228881836,16.0,16.010000228881836,15338,0.0,0.0,0.0
2024-12-17 04:50:00+00:00,16.010000228881836,16.010000228881836,16.010000228881836,16.010000228881836,49347,0.0,0.0,0.0
2024-12-17 04:55:00+00:00,16.010000228881836,16.020000457763672,16.010000228881836,16.020000457763672,13696,0.0,0.0,0.0
2024-12-17 05:00:00+00:00,16.010000228881836,16.010000228881836,16.010000228881836,16.010000228881836,258086,0.0,0.0,0.0
2024-12-17 05:05:00+00:00,16.0,16.020000457763672,16.0,16.020000457763672,26233,0.0,0.0,0.0
2024-12-17 05:10:00+00:00,16.020000457763672,16.020000457763672,16.020000457763672,16.020000457763672,11000,0.0,0.0,0.0
2024-12-17 05:15:00+00:00,16.020000457763672,16.020000457763672,16.020000457763672,16.020000457763672,19655,0.0,0.0,0.0
2024-12-17 05:20:00+00:00,16.020000457763672,16.020000457763672,16.010000228881836,16.020000457763672,14289,0.0,0.0,0.0
2024-12-18 01:00:00+00:00,16.010000228881836,16.040000915527344,16.010000228881836,16.040000915527344,11000,0.0,0.0,0.0
2024-12-18 01:05:00+00:00,16.040000915527344,16.040000915527344,16.030000686645508,16.030000686645508,14023,0.0,0.0,0.0
2024-12-18 01:10:00+00:00,16.020000457763672,16.040000915527344,16.020000457763672,16.040000915527344,42310,0.0,0.0,0.0
2024-12-18 01:15:00+00:00,16.040000915527344,16.049999237060547,16.040000915527344,16.049999237060547,5324,0.0,0.0,0.0
2024-12-18 01:20:00+00:00,16.049999237060547,16.049999237060547,16.040000915527344,16.040000915527344,37217,0.0,0.0,0.0
2024-12-18 01:25:00+00:00,16.040000915527344,16.040000915527344,16.030000686645508,16.040000915527344,46400,0.0,0.0,0.0
2024-12-18 01:30:00+00:00,16.040000915527344,16.040000915527344,16.040000915527344,16.040000915527344,1129,0.0,0.0,0.0
2024-12-18 01:35:00+00:00,16.040000915527344,16.040000915527344,16.030000686645508,16.030000686645508,16647,0.0,0.0,0.0
2024-12-18 01:40:00+00:00,16.030000686645508,16.030000686645508,16.030000686645508,16.030000686645508,20018,0.0,0.0,0.0
2024-12-18 01:45:00+00:00,16.049999237060547,16.079999923706055,16.049999237060547,16.06999969482422,135936,0.0,0.0,0.0
2024-12-18 01:50:00+00:00,16.06999969482422,16.06999969482422,16.040000915527344,16.040000915527344,6040,0.0,0.0,0.0
2024-12-18 01:55:00+00:00,16.040000915527344,16.049999237060547,16.040000915527344,16.049999237060547,9194,0.0,0.0,0.0
2024-12-18 02:00:00+00:00,16.049999237060547,16.049999237060547,16.040000915527344,16.040000915527344,16130,0.0,0.0,0.0
2024-12-18 02:05:00+00:00,16.040000915527344,16.040000915527344,16.040000915527344,16.040000915527344,1076,0.0,0.0,0.0
2024-12-18 02:10:00+00:00,16.030000686645508,16.030000686645508,16.030000686645508,16.030000686645508,14687,0.0,0.0,0.0
2024-12-18 02:15:00+00:00,16.040000915527344,16.040000915527344,16.040000915527344,16.040000915527344,11067,0.0,0.0,0.0
2024-12-18 02:20:00+00:00,16.040000915527344,16.040000915527344,16.040000915527344,16.040000915527344,5545,0.0,0.0,0.0
2024-12-18 02:25:00+00:00,16.040000915527344,16.040000915527344,16.040000915527344,16.040000915527344,27094,0.0,0.0,0.0
2024-12-18 02:30:00+00:00,16.040000915527344,16.040000915527344,16.030000686645508,16.030000686645508,66780,0.0,0.0,0.0
2024-12-18 02:35:00+00:00,16.030000686645508,16.030000686645508,16.020000457763672,16.020000457763672,29002,0.0,0.0,0.0
2024-12-18 02:40:00+00:00,16.020000457763672,16.020000457763672,16.010000228881836,16.010000228881836,69334,0.0,0.0,0.0
2024-12-18 02:45:00+00:00,16.010000228881836,16.020000457763672,16.010000228881836,16.020000457763672,34431,0.0,0.0,0.0
2024-12-18 02:50:00+00:00,16.020000457763672,16.020000457763672,16.020000457763672,16.020000457763672,3300,0.0,0.0,0.0
2024-12-18 02:55:00+00:00,16.020000457763672,16.020000457763672,16.020000457763672,16.020000457763672,1066,0.0,0.0,0.0
2024-12-18 03:00:00+00:00,16.020000457763672,16.020000457763672,16.020000457763672,16.020000457763672,13950,0.0,0.0,0.0
2024-12-18 03:05:00+00:00,16.020000457763672,16.020000457763672,16.010000228881836,16.010000228881836,29374,0.0,0.0,0.0
2024-12-18 03:10:00+00:00,16.020000457763672,16.020000457763672,16.020000457763672,16.020000457763672,20360,0.0,0.0,0.0
2024-12-18 03:15:00+00:00,16.010000228881836,16.020000457763672,16.010000228881836,16.020000457763672,113961,0.0,0.0,0.0
2024-12-18 03:20:00+00:00,16.020000457763672,16.020000457763672,16.020000457763672,16.020000457763672,20004,0.0,0.0,0.0
2024-12-18 03:25:00+00:00,16.010000228881836,16.020000457763672,16.010000228881836,16.020000457763672,117060,0.0,0.0,0.0
2024-12-18 03:30:00+00:00,16.010000228881836,16.010000228881836,16.0,16.0,211868,0.0,0.0,0.0
2024-12-18 03:35:00+00:00,15.989999771118164,16.010000228881836,15.989999771118164,16.010000228881836,10212,0.0,0.0,0.0
2024-12-18 03:40:00+00:00,16.010000228881836,16.010000228881836,16.0,16.0,9658,0.0,0.0,0.0
2024-12-18 03:45:00+00:00,16.0,16.0,16.0,16.0,2205,0.0,0.0,0.0
2024-12-18 03:50:00+00:00,15.989999771118164,15.989999771118164,15.989999771118164,15.989999771118164,21880,0.0,0.0,0.0
2024-12-18 03:55:00+00:00,15.989999771118164,16.0,15.989999771118164,16.0,27100,0.0,0.0,0.0
2024-12-18 04:00:00+00:00,16.010000228881836,16.010000228881836,15.989999771118164,16.0,33139,0.0,0.0,0.0
2024-12-18 04:05:00+00:00,16.0,16.0,16.0,16.0,2000,0.0,0.0,0.0
2024-12-18 04:10:00+00:00,16.0,16.0,16.0,16.0,6000,0.0,0.0,0.0
2024-12-18 04:15:00+00:00,16.020000457763672,16.020000457763672,16.020000457763672,16.020000457763672,4130,0.0,0.0,0.0
2024-12-18 04:20:00+00:00,16.020000457763672,16.040000915527344,16.020000457763672,16.040000915527344,110270,0.0,0.0,0.0
2024-12-18 04:25:00+00:00,16.040000915527344,16.049999237060547,16.040000915527344,16.049999237060547,9234,0.0,0.0,0.0
2024-12-18 04:30:00+00:00,16.049999237060547,16.059999465942383,16.049999237060547,16.059999465942383,3106,0.0,0.0,0.0
2024-12-18 04:35:00+00:00,16.049999237060547,16.049999237060547,16.049999237060547,16.049999237060547,6200,0.0,0.0,0.0
2024-12-18 04:40:00+00:00,16.049999237060547,16.059999465942383,16.049999237060547,16.059999465942383,8305,0.0,0.0,0.0
2024-12-18 04:45:00+00:00,16.059999465942383,16.059999465942383,16.059999465942383,16.059999465942383,13256,0.0,0.0,0.0
2024-12-18 04:50:00+00:00,16.049999237060547,16.049999237060547,16.049999237060547,16.049999237060547,7110,0.0,0.0,0.0
2024-12-18 04:55:00+00:00,16.040000915527344,16.040000915527344,16.030000686645508,16.030000686645508,8550,0.0,0.0,0.0
2024-12-18 05:00:00+00:00,16.030000686645508,16.030000686645508,16.020000457763672,16.020000457763672,95200,0.0,0.0,0.0
2024-12-18 05:05:00+00:00,16.030000686645508,16.030000686645508,16.030000686645508,16.030000686645508,2934,0.0,0.0,0.0
2024-12-18 05:10:00+00:00,16.040000915527344,16.040000915527344,16.030000686645508,16.030000686645508,18106,0.0,0.0,0.0
2024-12-18 05:15:00+00:00,16.030000686645508,16.030000686645508,16.020000457763672,16.020000457763672,10260,0.0,0.0,0.0
2024-12-18 05:20:00+00:00,16.030000686645508,16.030000686645508,16.030000686645508,16.030000686645508,1670,0.0,0.0,0.0
2024-12-19 01:00:00+00:00,15.949999809265137,15.949999809265137,15.84000015258789,15.930000305175781,0,0.0,0.0,0.0
2024-12-19 01:05:00+00:00,15.930000305175781,15.9399995803833,15.920000076293945,15.9399995803833,67358,0.0,0.0,0.0
2024-12-19 01:10:00+00:00,15.930000305175781,15.9399995803833,15.930000305175781,15.9399995803833,86062,0.0,0.0,0.0
2024-12-19 01:15:00+00:00,15.930000305175781,15.930000305175781,15.930000305175781,15.930000305175781,140830,0.0,0.0,0.0
2024-12-19 01:20:00+00:00,15.930000305175781,15.949999809265137,15.930000305175781,15.949999809265137,16233,0.0,0.0,0.0
2024-12-19 01:25:00+00:00,15.949999809265137,15.949999809265137,15.930000305175781,15.9399995803833,155662,0.0,0.0,0.0
2024-12-19 01:30:00+00:00,15.9399995803833,15.9399995803833,15.90999984741211,15.930000305175781,112189,0.0,0.0,0.0
2024-12-19 01:35:00+00:00,15.930000305175781,15.9399995803833,15.930000305175781,15.9399995803833,37300,0.0,0.0,0.0
2024-12-19 01:40:00+00:00,15.9399995803833,15.949999809265137,15.9399995803833,15.949999809265137,144451,0.0,0.0,0.0
2024-12-19 01:45:00+00:00,15.949999809265137,15.949999809265137,15.920000076293945,15.920000076293945,79308,0.0,0.0,0.0
2024-12-19 01:50:00+00:00,15.920000076293945,15.930000305175781,15.920000076293945,15.920000076293945,56697,0.0,0.0,0.0
2024-12-19 01:55:00+00:00,15.920000076293945,15.920000076293945,15.90999984741211,15.920000076293945,160445,0.0,0.0,0.0
2024-12-19 02:00:00+00:00,15.920000076293945,15.930000305175781,15.90999984741211,15.920000076293945,52233,0.0,0.0,0.0
2024-12-19 02:05:00+00:00,15.930000305175781,15.930000305175781,15.90999984741211,15.920000076293945,162565,0.0,0.0,0.0
2024-12-19 02:10:00+00:00,15.930000305175781,15.930000305175781,15.930000305175781,15.930000305175781,12956,0.0,0.0,0.0
2024-12-19 02:15:00+00:00,15.920000076293945,15.920000076293945,15.920000076293945,15.920000076293945,466963,0.0,0.0,0.0
2024-12-19 02:20:00+00:00,15.920000076293945,15.920000076293945,15.920000076293945,15.920000076293945,10871,0.0,0.0,0.0
2024-12-19 02:25:00+00:00,15.920000076293945,15.920000076293945,15.920000076293945,15.920000076293945,34353,0.0,0.0,0.0
2024-12-19 02:30:00+00:00,15.920000076293945,15.930000305175781,15.920000076293945,15.920000076293945,37749,0.0,0.0,0.0
2024-12-19 02:35:00+00:00,15.920000076293945,15.920000076293945,15.90999984741211,15.90999984741211,118656,0.0,0.0,0.0
2024-12-19 02:40:00+00:00,15.899999618530273,15.90999984741211,15.899999618530273,15.90999984741211,233322,0.0,0.0,0.0
2024-12-19 02:45:00+00:00,15.90999984741211,15.90999984741211,15.899999618530273,15.90999984741211,368907,0.0,0.0,0.0
2024-12-19 02:50:00+00:00,15.899999618530273,15.90999984741211,15.899999618530273,15.899999618530273,112981,0.0,0.0,0.0
2024-12-19 02:55:00+00:00,15.899999618530273,15.899999618530273,15.899999618530273,15.899999618530273,21365,0.0,0.0,0.0
2024-12-19 03:00:00+00:00,15.90999984741211,15.90999984741211,15.899999618530273,15.899999618530273,16863,0.0,0.0,0.0
2024-12-19 03:05:00+00:00,15.899999618530273,15.899999618530273,15.890000343322754,15.890000343322754,201362,0.0,0.0,0.0
2024-12-19 03:10:00+00:00,15.890000343322754,15.890000343322754,15.890000343322754,15.890000343322754,22000,0.0,0.0,0.0
2024-12-19 03:15:00+00:00,15.899999618530273,15.899999618530273,15.869999885559082,15.880000114440918,267716,0.0,0.0,0.0
2024-12-19 03:20:00+00:00,15.869999885559082,15.890000343322754,15.869999885559082,15.880000114440918,43356,0.0,0.0,0.0
2024-12-19 03:25:00+00:00,15.890000343322754,15.890000343322754,15.859999656677246,15.859999656677246,454414,0.0,0.0,0.0
2024-12-19 03:30:00+00:00,15.869999885559082,15.869999885559082,15.859999656677246,15.869999885559082,18898,0.0,0.0,0.0
2024-12-19 03:35:00+00:00,15.869999885559082,15.869999885559082,15.859999656677246,15.869999885559082,96191,0.0,0.0,0.0
2024-12-19 03:40:00+00:00,15.880000114440918,15.890000343322754,15.880000114440918,15.890000343322754,14418,0.0,0.0,0.0
2024-12-19 03:45:00+00:00,15.880000114440918,15.880000114440918,15.880000114440918,15.880000114440918,35127,0.0,0.0,0.0
2024-12-19 03:50:00+00:00,15.880000114440918,15.890000343322754,15.880000114440918,15.880000114440918,57720,0.0,0.0,0.0
2024-12-19 03:55:00+00:00,15.880000114440918,15.880000114440918,15.869999885559082,15.869999885559082,5750,0.0,0.0,0.0
2024-12-19 04:00:00+00:00,15.880000114440918,15.880000114440918,15.880000114440918,15.880000114440918,15160,0.0,0.0,0.0
2024-12-19 04:05:00+00:00,15.880000114440918,15.890000343322754,15.869999885559082,15.890000343322754,42189,0.0,0.0,0.0
2024-12-19 04:10:00+00:00,15.890000343322754,15.890000343322754,15.890000343322754,15.890000343322754,64700,0.0,0.0,0.0
2024-12-19 04:15:00+00:00,15.890000343322754,15.890000343322754,15.890000343322754,15.890000343322754,5648,0.0,0.0,0.0
2024-12-19 04:20:00+00:00,15.890000343322754,15.890000343322754,15.890000343322754,15.890000343322754,10074,0.0,0.0,0.0
2024-12-19 04:25:00+00:00,15.890000343322754,15.890000343322754,15.880000114440918,15.880000114440918,14957,0.0,0.0,0.0
2024-12-19 04:30:00+00:00,15.890000343322754,15.890000343322754,15.890000343322754,15.890000343322754,14450,0.0,0.0,0.0
2024-12-19 04:35:00+00:00,15.890000343322754,15.890000343322754,15.890000343322754,15.890000343322754,13512,0.0,0.0,0.0
2024-12-19 04:40:00+00:00,15.899999618530273,15.899999618530273,15.890000343322754,15.899999618530273,14379,0.0,0.0,0.0
2024-12-19 04:45:00+00:00,15.899999618530273,15.899999618530273,15.899999618530273,15.899999618530273,15113,0.0,0.0,0.0
2024-12-19 04:50:00+00:00,15.890000343322754,15.899999618530273,15.890000343322754,15.899999618530273,76100,0.0,0.0,0.0
2024-12-19 04:55:00+00:00,15.899999618530273,15.920000076293945,15.899999618530273,15.920000076293945,70260,0.0,0.0,0.0
2024-12-19 05:00:00+00:00,15.90999984741211,15.90999984741211,15.899999618530273,15.899999618530273,89140,0.0,0.0,0.0
2024-12-19 05:05:00+00:00,15.899999618530273,15.90999984741211,15.899999618530273,15.899999618530273,35350,0.0,0.0,0.0
2024-12-19 05:10:00+00:00,15.899999618530273,15.899999618530273,15.899999618530273,15.899999618530273,46862,0.0,0.0,0.0
2024-12-19 05:15:00+00:00,15.899999618530273,15.90999984741211,15.899999618530273,15.899999618530273,45098,0.0,0.0,0.0
2024-12-19 05:20:00+00:00,15.90999984741211,15.90999984741211,15.890000343322754,15.90999984741211,84923,0.0,0.0,0.0
2024-12-20 01:00:00+00:00,15.899999618530273,15.90999984741211,15.850000381469727,15.850000381469727,0,0.0,0.0,0.0
2024-12-20 01:05:00+00:00,15.850000381469727,15.859999656677246,15.84000015258789,15.859999656677246,214782,0.0,0.0,0.0
2024-12-20 01:10:00+00:00,15.859999656677246,15.859999656677246,15.789999961853027,15.789999961853027,640687,0.0,0.0,0.0
2024-12-20 01:15:00+00:00,15.789999961853027,15.8100004196167,15.789999961853027,15.800000190734863,92659,0.0,0.0,0.0
2024-12-20 01:20:00+00:00,15.800000190734863,15.8100004196167,15.789999961853027,15.8100004196167,92264,0.0,0.0,0.0
2024-12-20 01:25:00+00:00,15.829999923706055,15.829999923706055,15.819999694824219,15.829999923706055,60005,0.0,0.0,0.0
2024-12-20 01:30:00+00:00,15.829999923706055,15.84000015258789,15.819999694824219,15.829999923706055,40737,0.0,0.0,0.0
2024-12-20 01:35:00+00:00,15.829999923706055,15.84000015258789,15.829999923706055,15.829999923706055,57900,0.0,0.0,0.0
2024-12-20 01:40:00+00:00,15.819999694824219,15.829999923706055,15.819999694824219,15.829999923706055,59639,0.0,0.0,0.0
2024-12-20 01:45:00+00:00,15.819999694824219,15.819999694824219,15.8100004196167,15.8100004196167,125139,0.0,0.0,0.0
2024-12-20 01:50:00+00:00,15.8100004196167,15.8100004196167,15.800000190734863,15.800000190734863,82985,0.0,0.0,0.0
2024-12-20 01:55:00+00:00,15.8100004196167,15.829999923706055,15.8100004196167,15.819999694824219,34669,0.0,0.0,0.0
2024-12-20 02:00:00+00:00,15.819999694824219,15.819999694824219,15.800000190734863,15.800000190734863,303901,0.0,0.0,0.0
2024-12-20 02:05:00+00:00,15.8100004196167,15.819999694824219,15.8100004196167,15.819999694824219,27350,0.0,0.0,0.0
2024-12-20 02:10:00+00:00,15.819999694824219,15.819999694824219,15.819999694824219,15.819999694824219,28556,0.0,0.0,0.0
2024-12-20 02:15:00+00:00,15.819999694824219,15.819999694824219,15.819999694824219,15.819999694824219,19170,0.0,0.0,0.0
2024-12-20 02:20:00+00:00,15.8100004196167,15.819999694824219,15.8100004196167,15.8100004196167,65884,0.0,0.0,0.0
2024-12-20 02:25:00+00:00,15.8100004196167,15.819999694824219,15.8100004196167,15.819999694824219,88327,0.0,0.0,0.0
2024-12-20 02:30:00+00:00,15.829999923706055,15.829999923706055,15.829999923706055,15.829999923706055,32333,0.0,0.0,0.0
2024-12-20 02:35:00+00:00,15.829999923706055,15.829999923706055,15.829999923706055,15.829999923706055,6120,0.0,0.0,0.0
2024-12-20 02:40:00+00:00,15.84000015258789,15.850000381469727,15.84000015258789,15.84000015258789,48258,0.0,0.0,0.0
2024-12-20 02:45:00+00:00,15.850000381469727,15.850000381469727,15.84000015258789,15.850000381469727,36288,0.0,0.0,0.0
2024-12-20 02:50:00+00:00,15.850000381469727,15.850000381469727,15.84000015258789,15.84000015258789,20054,0.0,0.0,0.0
2024-12-20 02:55:00+00:00,15.829999923706055,15.829999923706055,15.829999923706055,15.829999923706055,46058,0.0,0.0,0.0
2024-12-20 03:00:00+00:00,15.84000015258789,15.84000015258789,15.829999923706055,15.829999923706055,31200,0.0,0.0,0.0
2024-12-20 03:05:00+00:00,15.829999923706055,15.829999923706055,15.829999923706055,15.829999923706055,87400,0.0,0.0,0.0
2024-12-20 03:10:00+00:00,15.829999923706055,15.84000015258789,15.829999923706055,15.829999923706055,30500,0.0,0.0,0.0
2024-12-20 03:15:00+00:00,15.829999923706055,15.829999923706055,15.829999923706055,15.829999923706055,9500,0.0,0.0,0.0
2024-12-20 03:20:00+00:00,15.829999923706055,15.829999923706055,15.819999694824219,15.829999923706055,147535,0.0,0.0,0.0
2024-12-20 03:25:00+00:00,15.829999923706055,15.829999923706055,15.829999923706055,15.829999923706055,4000,0.0,0.0,0.0
2024-12-20 03:30:00+00:00,15.829999923706055,15.829999923706055,15.829999923706055,15.829999923706055,31747,0.0,0.0,0.0
2024-12-20 03:35:00+00:00,15.829999923706055,15.829999923706055,15.829999923706055,15.829999923706055,7140,0.0,0.0,0.0
2024-12-20 03:40:00+00:00,15.829999923706055,15.829999923706055,15.819999694824219,15.819999694824219,38100,0.0,0.0,0.0
2024-12-20 03:45:00+00:00,15.829999923706055,15.829999923706055,15.800000190734863,15.800000190734863,538330,0.0,0.0,0.0
2024-12-20 03:50:00+00:00,15.800000190734863,15.800000190734863,15.800000190734863,15.800000190734863,26427,0.0,0.0,0.0
2024-12-20 03:55:00+00:00,15.800000190734863,15.8100004196167,15.800000190734863,15.800000190734863,32064,0.0,0.0,0.0
2024-12-20 04:00:00+00:00,15.800000190734863,15.8100004196167,15.800000190734863,15.8100004196167,6962,0.0,0.0,0.0
2024-12-20 04:05:00+00:00,15.800000190734863,15.800000190734863,15.800000190734863,15.800000190734863,117593,0.0,0.0,0.0
2024-12-20 04:10:00+00:00,15.800000190734863,15.8100004196167,15.800000190734863,15.800000190734863,55750,0.0,0.0,0.0
2024-12-20 04:15:00+00:00,15.8100004196167,15.8100004196167,15.800000190734863,15.800000190734863,37891,0.0,0.0,0.0
2024-12-20 04:20:00+00:00,15.800000190734863,15.800000190734863,15.789999961853027,15.800000190734863,349595,0.0,0.0,0.0
2024-12-20 04:25:00+00:00,15.800000190734863,15.800000190734863,15.789999961853027,15.800000190734863,42558,0.0,0.0,0.0
2024-12-20 04:30:00+00:00,15.800000190734863,15.800000190734863,15.789999961853027,15.789999961853027,284876,0.0,0.0,0.0
2024-12-20 04:35:00+00:00,15.789999961853027,15.800000190734863,15.789999961853027,15.789999961853027,8495,0.0,0.0,0.0
2024-12-20 04:40:00+00:00,15.789999961853027,15.8100004196167,15.789999961853027,15.8100004196167,93400,0.0,0.0,0.0
2024-12-20 04:45:00+00:00,15.8100004196167,15.8100004196167,15.8100004196167,15.8100004196167,23712,0.0,0.0,0.0
2024-12-20 04:50:00+00:00,15.8100004196167,15.8100004196167,15.800000190734863,15.8100004196167,362230,0.0,0.0,0.0
2024-12-20 04:55:00+00:00,15.819999694824219,15.829999923706055,15.819999694824219,15.819999694824219,14589,0.0,0.0,0.0
2024-12-20 05:00:00+00:00,15.829999923706055,15.829999923706055,15.829999923706055,15.829999923706055,10042,0.0,0.0,0.0
2024-12-20 05:05:00+00:00,15.829999923706055,15.829999923706055,15.819999694824219,15.819999694824219,182400,0.0,0.0,0.0
2024-12-20 05:10:00+00:00,15.819999694824219,15.819999694824219,15.8100004196167,15.819999694824219,60432,0.0,0.0,0.0
2024-12-20 05:15:00+00:00,15.8100004196167,15.819999694824219,15.800000190734863,15.800000190734863,518441,0.0,0.0,0.0
2024-12-20 05:20:00+00:00,15.800000190734863,15.8100004196167,15.800000190734863,15.800000190734863,743248,0.0,0.0,0.0
2024-12-23 01:00:00+00:00,15.890000343322754,15.90999984741211,15.829999923706055,15.850000381469727,0,0.0,0.0,0.0
2024-12-23 01:05:00+00:00,15.850000381469727,15.850000381469727,15.819999694824219,15.819999694824219,538000,0.0,0.0,0.0
2024-12-23 01:10:00+00:00,15.819999694824219,15.869999885559082,15.819999694824219,15.859999656677246,647888,0.0,0.0,0.0
2024-12-23 01:15:00+00:00,15.859999656677246,15.869999885559082,15.850000381469727,15.850000381469727,180815,0.0,0.0,0.0
2024-12-23 01:20:00+00:00,15.850000381469727,15.869999885559082,15.850000381469727,15.859999656677246,96650,0.0,0.0,0.0
2024-12-23 01:25:00+00:00,15.859999656677246,15.859999656677246,15.850000381469727,15.850000381469727,76151,0.0,0.0,0.0
2024-12-23 01:30:00+00:00,15.859999656677246,15.859999656677246,15.850000381469727,15.859999656677246,63469,0.0,0.0,0.0
2024-12-23 01:35:00+00:00,15.869999885559082,15.869999885559082,15.859999656677246,15.869999885559082,35683,0.0,0.0,0.0
2024-12-23 01:40:00+00:00,15.859999656677246,15.869999885559082,15.859999656677246,15.869999885559082,66278,0.0,0.0,0.0
2024-12-23 01:45:00+00:00,15.880000114440918,15.890000343322754,15.880000114440918,15.890000343322754,34874,0.0,0.0,0.0
2024-12-23 01:50:00+00:00,15.880000114440918,15.880000114440918,15.880000114440918,15.880000114440918,21066,0.0,0.0,0.0
2024-12-23 01:55:00+00:00,15.880000114440918,15.899999618530273,15.880000114440918,15.899999618530273,16088,0.0,0.0,0.0
2024-12-23 02:00:00+00:00,15.890000343322754,15.899999618530273,15.890000343322754,15.890000343322754,32326,0.0,0.0,0.0
2024-12-23 02:05:00+00:00,15.880000114440918,15.90999984741211,15.880000114440918,15.90999984741211,109845,0.0,0.0,0.0
2024-12-23 02:10:00+00:00,15.90999984741211,15.920000076293945,15.90999984741211,15.920000076293945,15010,0.0,0.0,0.0
2024-12-23 02:15:00+00:00,15.920000076293945,15.9399995803833,15.920000076293945,15.9399995803833,24958,0.0,0.0,0.0
2024-12-23 02:20:00+00:00,15.9399995803833,15.949999809265137,15.9399995803833,15.949999809265137,9715,0.0,0.0,0.0
2024-12-23 02:25:00+00:00,15.9399995803833,15.949999809265137,15.9399995803833,15.949999809265137,90085,0.0,0.0,0.0
2024-12-23 02:30:00+00:00,15.960000038146973,15.960000038146973,15.960000038146973,15.960000038146973,44812,0.0,0.0,0.0
2024-12-23 02:35:00+00:00,15.960000038146973,15.970000267028809,15.960000038146973,15.960000038146973,66900,0.0,0.0,0.0
2024-12-23 02:40:00+00:00,15.960000038146973,15.970000267028809,15.960000038146973,15.970000267028809,5058,0.0,0.0,0.0
2024-12-23 02:45:00+00:00,15.970000267028809,15.970000267028809,15.960000038146973,15.960000038146973,237737,0.0,0.0,0.0
2024-12-23 02:50:00+00:00,15.979999542236328,15.989999771118164,15.970000267028809,15.989999771118164,152238,0.0,0.0,0.0
2024-12-23 02:55:00+00:00,15.989999771118164,16.0,15.979999542236328,16.0,73000,0.0,0.0,0.0
2024-12-23 03:00:00+00:00,16.0,16.010000228881836,16.0,16.0,57120,0.0,0.0,0.0
2024-12-23 03:05:00+00:00,16.0,16.0,15.989999771118164,15.989999771118164,46375,0.0,0.0,0.0
2024-12-23 03:10:00+00:00,15.989999771118164,16.0,15.989999771118164,16.0,6426,0.0,0.0,0.0
2024-12-23 03:15:00+00:00,15.989999771118164,16.0,15.989999771118164,15.989999771118164,217252,0.0,0.0,0.0
2024-12-23 03:20:00+00:00,15.989999771118164,15.989999771118164,15.989999771118164,15.989999771118164,125711,0.0,0.0,0.0
2024-12-23 03:25:00+00:00,15.979999542236328,15.979999542236328,15.979999542236328,15.979999542236328,4486,0.0,0.0,0.0
2024-12-23 03:30:00+00:00,15.979999542236328,15.989999771118164,15.979999542236328,15.979999542236328,88925,0.0,0.0,0.0
2024-12-23 03:35:00+00:00,15.970000267028809,15.970000267028809,15.970000267028809,15.970000267028809,15060,0.0,0.0,0.0
2024-12-23 03:40:00+00:00,15.970000267028809,15.979999542236328,15.970000267028809,15.979999542236328,11122,0.0,0.0,0.0
2024-12-23 03:45:00+00:00,15.979999542236328,15.979999542236328,15.970000267028809,15.970000267028809,21010,0.0,0.0,0.0
2024-12-23 03:50:00+00:00,15.970000267028809,15.979999542236328,15.970000267028809,15.970000267028809,76020,0.0,0.0,0.0
2024-12-23 03:55:00+00:00,15.979999542236328,15.979999542236328,15.970000267028809,15.970000267028809,9371,0.0,0.0,0.0
2024-12-23 04:00:00+00:00,15.979999542236328,15.979999542236328,15.970000267028809,15.970000267028809,73460,0.0,0.0,0.0
2024-12-23 04:05:00+00:00,15.960000038146973,15.979999542236328,15.960000038146973,15.979999542236328,83120,0.0,0.0,0.0
2024-12-23 04:10:00+00:00,15.979999542236328,15.989999771118164,15.979999542236328,15.979999542236328,25416,0.0,0.0,0.0
2024-12-23 04:15:00+00:00,15.979999542236328,15.989999771118164,15.979999542236328,15.989999771118164,2000,0.0,0.0,0.0
2024-12-23 04:20:00+00:00,15.979999542236328,15.979999542236328,15.970000267028809,15.970000267028809,48305,0.0,0.0,0.0
2024-12-23 04:25:00+00:00,15.970000267028809,15.979999542236328,15.970000267028809,15.970000267028809,40035,0.0,0.0,0.0
2024-12-23 04:30:00+00:00,15.970000267028809,15.970000267028809,15.970000267028809,15.970000267028809,3016,0.0,0.0,0.0
2024-12-23 04:35:00+00:00,15.970000267028809,15.970000267028809,15.970000267028809,15.970000267028809,10000,0.0,0.0,0.0
2024-12-23 04:40:00+00:00,15.979999542236328,15.979999542236328,15.979999542236328,15.979999542236328,25198,0.0,0.0,0.0
2024-12-23 04:45:00+00:00,15.979999542236328,15.979999542236328,15.970000267028809,15.979999542236328,89939,0.0,0.0,0.0
2024-12-23 04:50:00+00:00,15.979999542236328,15.989999771118164,15.979999542236328,15.989999771118164,126696,0.0,0.0,0.0
2024-12-23 04:55:00+00:00,15.989999771118164,15.989999771118164,15.979999542236328,15.979999542236328,82701,0.0,0.0,0.0
2024-12-23 05:00:00+00:00,15.979999542236328,15.989999771118164,15.979999542236328,15.989999771118164,18618,0.0,0.0,0.0
2024-12-23 05:05:00+00:00,15.989999771118164,16.0,15.979999542236328,15.989999771118164,42608,0.0,0.0,0.0
2024-12-23 05:10:00+00:00,15.989999771118164,16.0,15.989999771118164,15.989999771118164,43846,0.0,0.0,0.0
2024-12-23 05:15:00+00:00,16.0,16.0,15.989999771118164,16.0,132888,0.0,0.0,0.0
2024-12-23 05:20:00+00:00,15.989999771118164,15.989999771118164,15.970000267028809,15.979999542236328,174461,0.0,0.0,0.0
2024-12-24 01:00:00+00:00,15.789999961853027,15.8100004196167,15.779999732971191,15.789999961853027,0,0.22,0.0,0.0
2024-12-24 01:05:00+00:00,15.789999961853027,15.800000190734863,15.779999732971191,15.789999961853027,209412,0.0,0.0,0.0
2024-12-24 01:10:00+00:00,15.789999961853027,15.819999694824219,15.779999732971191,15.819999694824219,122094,0.0,0.0,0.0
2024-12-24 01:15:00+00:00,15.829999923706055,15.829999923706055,15.800000190734863,15.8100004196167,207933,0.0,0.0,0.0
2024-12-24 01:20:00+00:00,15.8100004196167,15.8100004196167,15.8100004196167,15.8100004196167,109313,0.0,0.0,0.0
2024-12-24 01:25:00+00:00,15.8100004196167,15.819999694824219,15.8100004196167,15.819999694824219,24695,0.0,0.0,0.0
2024-12-24 01:30:00+00:00,15.8100004196167,15.8100004196167,15.800000190734863,15.8100004196167,85430,0.0,0.0,0.0
2024-12-24 01:35:00+00:00,15.8100004196167,15.819999694824219,15.8100004196167,15.8100004196167,39643,0.0,0.0,0.0
2024-12-24 01:40:00+00:00,15.819999694824219,15.819999694824219,15.8100004196167,15.8100004196167,11103,0.0,0.0,0.0
2024-12-24 01:45:00+00:00,15.8100004196167,15.84000015258789,15.8100004196167,15.84000015258789,166460,0.0,0.0,0.0
2024-12-24 01:50:00+00:00,15.84000015258789,15.84000015258789,15.84000015258789,15.84000015258789,35035,0.0,0.0,0.0
2024-12-24 01:55:00+00:00,15.84000015258789,15.850000381469727,15.84000015258789,15.850000381469727,83790,0.0,0.0,0.0
2024-12-24 02:00:00+00:00,15.850000381469727,15.859999656677246,15.850000381469727,15.859999656677246,263859,0.0,0.0,0.0
2024-12-24 02:05:00+00:00,15.859999656677246,15.859999656677246,15.850000381469727,15.859999656677246,17630,0.0,0.0,0.0
2024-12-24 02:10:00+00:00,15.859999656677246,15.859999656677246,15.859999656677246,15.859999656677246,14200,0.0,0.0,0.0
2024-12-24 02:15:00+00:00,15.859999656677246,15.859999656677246,15.859999656677246,15.859999656677246,24050,0.0,0.0,0.0
2024-12-24 02:20:00+00:00,15.859999656677246,15.859999656677246,15.859999656677246,15.859999656677246,52199,0.0,0.0,0.0
2024-12-24 02:25:00+00:00,15.859999656677246,15.859999656677246,15.850000381469727,15.850000381469727,6495,0.0,0.0,0.0
2024-12-24 02:30:00+00:00,15.859999656677246,15.859999656677246,15.850000381469727,15.850000381469727,40000,0.0,0.0,0.0
2024-12-24 02:35:00+00:00,15.859999656677246,15.859999656677246,15.850000381469727,15.850000381469727,98088,0.0,0.0,0.0
2024-12-24 02:40:00+00:00,15.850000381469727,15.850000381469727,15.84000015258789,15.84000015258789,4100,0.0,0.0,0.0
2024-12-24 02:45:00+00:00,15.84000015258789,15.84000015258789,15.829999923706055,15.84000015258789,78294,0.0,0.0,0.0
2024-12-24 02:50:00+00:00,15.84000015258789,15.84000015258789,15.829999923706055,15.84000015258789,17200,0.0,0.0,0.0
2024-12-24 02:55:00+00:00,15.84000015258789,15.84000015258789,15.84000015258789,15.84000015258789,150000,0.0,0.0,0.0
2024-12-24 03:00:00+00:00,15.84000015258789,15.84000015258789,15.829999923706055,15.829999923706055,63100,0.0,0.0,0.0
2024-12-24 03:05:00+00:00,15.84000015258789,15.84000015258789,15.829999923706055,15.829999923706055,3214,0.0,0.0,0.0
2024-12-24 03:10:00+00:00,15.829999923706055,15.829999923706055,15.819999694824219,15.819999694824219,23005,0.0,0.0,0.0
2024-12-24 03:15:00+00:00,15.84000015258789,15.84000015258789,15.84000015258789,15.84000015258789,67000,0.0,0.0,0.0
2024-12-24 03:20:00+00:00,15.84000015258789,15.850000381469727,15.84000015258789,15.850000381469727,44882,0.0,0.0,0.0
2024-12-24 03:25:00+00:00,15.859999656677246,15.859999656677246,15.859999656677246,15.859999656677246,10000,0.0,0.0,0.0
2024-12-24 03:30:00+00:00,15.850000381469727,15.859999656677246,15.850000381469727,15.850000381469727,16333,0.0,0.0,0.0
2024-12-24 03:35:00+00:00,15.850000381469727,15.859999656677246,15.850000381469727,15.859999656677246,37700,0.0,0.0,0.0
2024-12-24 03:40:00+00:00,15.859999656677246,15.859999656677246,15.859999656677246,15.859999656677246,2194,0.0,0.0,0.0
2024-12-24 03:45:00+00:00,15.850000381469727,15.859999656677246,15.850000381469727,15.859999656677246,8002,0.0,0.0,0.0
2024-12-24 03:50:00+00:00,15.859999656677246,15.859999656677246,15.850000381469727,15.850000381469727,105157,0.0,0.0,0.0
2024-12-24 03:55:00+00:00,15.850000381469727,15.850000381469727,15.84000015258789,15.850000381469727,7050,0.0,0.0,0.0
2024-12-24 04:00:00+00:00,15.850000381469727,15.850000381469727,15.84000015258789,15.84000015258789,18059,0.0,0.0,0.0
2024-12-24 04:05:00+00:00,15.84000015258789,15.850000381469727,15.84000015258789,15.850000381469727,41100,0.0,0.0,0.0
2024-12-24 04:10:00+00:00,15.850000381469727,15.859999656677246,15.850000381469727,15.859999656677246,12634,0.0,0.0,0.0
2024-12-24 04:15:00+00:00,15.859999656677246,15.859999656677246,15.850000381469727,15.859999656677246,185910,0.0,0.0,0.0
2024-12-24 04:20:00+00:00,15.859999656677246,15.859999656677246,15.850000381469727,15.859999656677246,22050,0.0,0.0,0.0
2024-12-24 04:25:00+00:00,15.859999656677246,15.859999656677246,15.859999656677246,15.859999656677246,16120,0.0,0.0,0.0
2024-12-24 04:30:00+00:00,15.859999656677246,15.859999656677246,15.859999656677246,15.859999656677246,1400,0.0,0.0,0.0
2024-12-24 04:35:00+00:00,15.850000381469727,15.850000381469727,15.850000381469727,15.850000381469727,102000,0.0,0.0,0.0
2024-12-24 04:40:00+00:00,15.859999656677246,15.859999656677246,15.850000381469727,15.850000381469727,48000,0.0,0.0,0.0
2024-12-24 04:45:00+00:00,15.859999656677246,15.859999656677246,15.859999656677246,15.859999656677246,3883,0.0,0.0,0.0
2024-12-24 04:50:00+00:00,15.850000381469727,15.859999656677246,15.850000381469727,15.859999656677246,5735,0.0,0.0,0.0
2024-12-24 05:00:00+00:00,15.859999656677246,15.859999656677246,15.850000381469727,15.859999656677246,52280,0.0,0.0,0.0
2024-12-24 05:05:00+00:00,15.859999656677246,15.859999656677246,15.859999656677246,15.859999656677246,1000,0.0,0.0,0.0
2024-12-24 05:10:00+00:00,15.850000381469727,15.850000381469727,15.84000015258789,15.84000015258789,3136,0.0,0.0,0.0
2024-12-24 05:15:00+00:00,15.84000015258789,15.859999656677246,15.84000015258789,15.859999656677246,12808,0.0,0.0,0.0
2024-12-24 05:20:00+00:00,15.859999656677246,15.859999656677246,15.850000381469727,15.859999656677246,9917,0.0,0.0,0.0
2024-12-25 01:00:00+00:00,15.880000114440918,15.880000114440918,15.859999656677246,15.859999656677246,0,0.0,0.0,0.0
2024-12-25 01:05:00+00:00,15.850000381469727,15.859999656677246,15.84000015258789,15.850000381469727,140717,0.0,0.0,0.0
2024-12-25 01:10:00+00:00,15.850000381469727,15.850000381469727,15.819999694824219,15.84000015258789,134985,0.0,0.0,0.0
2024-12-25 01:15:00+00:00,15.84000015258789,15.84000015258789,15.800000190734863,15.8100004196167,101104,0.0,0.0,0.0
2024-12-25 01:20:00+00:00,15.8100004196167,15.8100004196167,15.8100004196167,15.8100004196167,23255,0.0,0.0,0.0
2024-12-25 01:25:00+00:00,15.8100004196167,15.8100004196167,15.800000190734863,15.800000190734863,176266,0.0,0.0,0.0
2024-12-25 01:30:00+00:00,15.800000190734863,15.8100004196167,15.789999961853027,15.789999961853027,49453,0.0,0.0,0.0
2024-12-25 01:35:00+00:00,15.789999961853027,15.789999961853027,15.779999732971191,15.789999961853027,209095,0.0,0.0,0.0
2024-12-25 01:40:00+00:00,15.789999961853027,15.789999961853027,15.779999732971191,15.779999732971191,95183,0.0,0.0,0.0
2024-12-25 01:45:00+00:00,15.779999732971191,15.779999732971191,15.779999732971191,15.779999732971191,26184,0.0,0.0,0.0
2024-12-25 01:50:00+00:00,15.789999961853027,15.789999961853027,15.789999961853027,15.789999961853027,17053,0.0,0.0,0.0
2024-12-25 01:55:00+00:00,15.789999961853027,15.789999961853027,15.789999961853027,15.789999961853027,35310,0.0,0.0,0.0
2024-12-25 02:00:00+00:00,15.789999961853027,15.789999961853027,15.779999732971191,15.779999732971191,156469,0.0,0.0,0.0
2024-12-25 02:05:00+00:00,15.779999732971191,15.779999732971191,15.770000457763672,15.770000457763672,107868,0.0,0.0,0.0
2024-12-25 02:10:00+00:00,15.770000457763672,15.770000457763672,15.770000457763672,15.770000457763672,77356,0.0,0.0,0.0
2024-12-25 02:15:00+00:00,15.770000457763672,15.770000457763672,15.760000228881836,15.760000228881836,160479,0.0,0.0,0.0
2024-12-25 02:20:00+00:00,15.760000228881836,15.770000457763672,15.760000228881836,15.770000457763672,16105,0.0,0.0,0.0
2024-12-25 02:25:00+00:00,15.770000457763672,15.789999961853027,15.770000457763672,15.779999732971191,32456,0.0,0.0,0.0
2024-12-25 02:30:00+00:00,15.779999732971191,15.789999961853027,15.779999732971191,15.779999732971191,10790,0.0,0.0,0.0
2024-12-25 02:35:00+00:00,15.779999732971191,15.779999732971191,15.779999732971191,15.779999732971191,11835,0.0,0.0,0.0
2024-12-25 02:40:00+00:00,15.770000457763672,15.779999732971191,15.770000457763672,15.779999732971191,11341,0.0,0.0,0.0
2024-12-25 02:45:00+00:00,15.779999732971191,15.789999961853027,15.779999732971191,15.789999961853027,2622,0.0,0.0,0.0
2024-12-25 02:50:00+00:00,15.800000190734863,15.800000190734863,15.800000190734863,15.800000190734863,2000,0.0,0.0,0.0
2024-12-25 02:55:00+00:00,15.800000190734863,15.800000190734863,15.800000190734863,15.800000190734863,9582,0.0,0.0,0.0
2024-12-25 03:00:00+00:00,15.8100004196167,15.8100004196167,15.8100004196167,15.8100004196167,4900,0.0,0.0,0.0
2024-12-25 03:05:00+00:00,15.819999694824219,15.819999694824219,15.819999694824219,15.819999694824219,7487,0.0,0.0,0.0
2024-12-25 03:10:00+00:00,15.8100004196167,15.8100004196167,15.8100004196167,15.8100004196167,2110,0.0,0.0,0.0
2024-12-25 03:15:00+00:00,15.800000190734863,15.800000190734863,15.800000190734863,15.800000190734863,3000,0.0,0.0,0.0
2024-12-25 03:20:00+00:00,15.800000190734863,15.800000190734863,15.800000190734863,15.800000190734863,1500,0.0,0.0,0.0
2024-12-25 03:25:00+00:00,15.800000190734863,15.800000190734863,15.800000190734863,15.800000190734863,32151,0.0,0.0,0.0
2024-12-25 03:30:00+00:00,15.8100004196167,15.8100004196167,15.789999961853027,15.8100004196167,23880,0.0,0.0,0.0
2024-12-25 03:35:00+00:00,15.789999961853027,15.789999961853027,15.789999961853027,15.789999961853027,54305,0.0,0.0,0.0
2024-12-25 03:40:00+00:00,15.789999961853027,15.789999961853027,15.779999732971191,15.779999732971191,10471,0.0,0.0,0.0
2024-12-25 03:45:00+00:00,15.779999732971191,15.779999732971191,15.779999732971191,15.779999732971191,3000,0.0,0.0,0.0
2024-12-25 03:50:00+00:00,15.800000190734863,15.800000190734863,15.800000190734863,15.800000190734863,1270,0.0,0.0,0.0
2024-12-25 03:55:00+00:00,15.779999732971191,15.800000190734863,15.779999732971191,15.800000190734863,18030,0.0,0.0,0.0
2024-12-25 04:00:00+00:00,15.779999732971191,15.8100004196167,15.779999732971191,15.8100004196167,6738,0.0,0.0,0.0
2024-12-25 04:05:00+00:00,15.8100004196167,15.8100004196167,15.800000190734863,15.800000190734863,6020,0.0,0.0,0.0
2024-12-25 04:10:00+00:00,15.789999961853027,15.800000190734863,15.779999732971191,15.779999732971191,28500,0.0,0.0,0.0
2024-12-25 04:15:00+00:00,15.800000190734863,15.800000190734863,15.800000190734863,15.800000190734863,1200,0.0,0.0,0.0
2024-12-25 04:20:00+00:00,15.789999961853027,15.789999961853027,15.779999732971191,15.789999961853027,6380,0.0,0.0,0.0
2024-12-25 04:25:00+00:00,15.789999961853027,15.789999961853027,15.789999961853027,15.789999961853027,1471,0.0,0.0,0.0
2024-12-25 04:30:00+00:00,15.789999961853027,15.789999961853027,15.789999961853027,15.789999961853027,2648,0.0,0.0,0.0
2024-12-25 04:35:00+00:00,15.789999961853027,15.789999961853027,15.789999961853027,15.789999961853027,1605,0.0,0.0,0.0
2024-12-25 04:40:00+00:00,15.800000190734863,15.800000190734863,15.789999961853027,15.789999961853027,7191,0.0,0.0,0.0
2024-12-25 04:45:00+00:00,15.800000190734863,15.800000190734863,15.800000190734863,15.800000190734863,103510,0.0,0.0,0.0
2024-12-25 04:50:00+00:00,15.800000190734863,15.800000190734863,15.789999961853027,15.789999961853027,9430,0.0,0.0,0.0
2024-12-25 04:55:00+00:00,15.789999961853027,15.789999961853027,15.789999961853027,15.789999961853027,5000,0.0,0.0,0.0
2024-12-25 05:00:00+00:00,15.789999961853027,15.8100004196167,15.789999961853027,15.8100004196167,36300,0.0,0.0,0.0
2024-12-25 05:05:00+00:00,15.8100004196167,15.8100004196167,15.8100004196167,15.8100004196167,3150,0.0,0.0,0.0
2024-12-25 05:10:00+00:00,15.800000190734863,15.800000190734863,15.800000190734863,15.800000190734863,3837,0.0,0.0,0.0
2024-12-25 05:20:00+00:00,15.8100004196167,15.8100004196167,15.800000190734863,15.8100004196167,26195,0.0,0.0,0.0
2024-12-26 01:00:00+00:00,15.800000190734863,15.800000190734863,15.800000190734863,15.800000190734863,0,0.0,0.0,0.0
2024-12-26 01:05:00+00:00,15.8100004196167,15.8100004196167,15.779999732971191,15.779999732971191,24000,0.0,0.0,0.0
2024-12-26 01:10:00+00:00,15.779999732971191,15.800000190734863,15.779999732971191,15.789999961853027,96295,0.0,0.0,0.0
2024-12-26 01:15:00+00:00,15.779999732971191,15.779999732971191,15.770000457763672,15.770000457763672,105812,0.0,0.0,0.0
2024-12-26 01:20:00+00:00,15.760000228881836,15.760000228881836,15.760000228881836,15.760000228881836,61362,0.0,0.0,0.0
2024-12-26 01:25:00+00:00,15.760000228881836,15.770000457763672,15.760000228881836,15.770000457763672,16720,0.0,0.0,0.0
2024-12-26 01:30:00+00:00,15.770000457763672,15.779999732971191,15.770000457763672,15.770000457763672,27628,0.0,0.0,0.0
2024-12-26 01:35:00+00:00,15.770000457763672,15.770000457763672,15.770000457763672,15.770000457763672,10659,0.0,0.0,0.0
2024-12-26 01:40:00+00:00,15.770000457763672,15.770000457763672,15.760000228881836,15.760000228881836,6120,0.0,0.0,0.0
2024-12-26 01:45:00+00:00,15.760000228881836,15.770000457763672,15.760000228881836,15.770000457763672,18242,0.0,0.0,0.0
2024-12-26 01:50:00+00:00,15.770000457763672,15.770000457763672,15.760000228881836,15.760000228881836,155000,0.0,0.0,0.0
2024-12-26 01:55:00+00:00,15.760000228881836,15.770000457763672,15.760000228881836,15.770000457763672,41412,0.0,0.0,0.0
2024-12-26 02:00:00+00:00,15.779999732971191,15.779999732971191,15.760000228881836,15.760000228881836,28463,0.0,0.0,0.0
2024-12-26 02:05:00+00:00,15.760000228881836,15.760000228881836,15.760000228881836,15.760000228881836,11819,0.0,0.0,0.0
2024-12-26 02:10:00+00:00,15.760000228881836,15.770000457763672,15.760000228881836,15.770000457763672,14000,0.0,0.0,0.0
2024-12-26 02:15:00+00:00,15.779999732971191,15.779999732971191,15.779999732971191,15.779999732971191,4942,0.0,0.0,0.0
2024-12-26 02:20:00+00:00,15.779999732971191,15.779999732971191,15.779999732971191,15.779999732971191,20000,0.0,0.0,0.0
2024-12-26 02:25:00+00:00,15.779999732971191,15.779999732971191,15.779999732971191,15.779999732971191,31040,0.0,0.0,0.0
2024-12-26 02:30:00+00:00,15.789999961853027,15.800000190734863,15.789999961853027,15.800000190734863,16500,0.0,0.0,0.0
2024-12-26 02:35:00+00:00,15.800000190734863,15.800000190734863,15.800000190734863,15.800000190734863,1000,0.0,0.0,0.0
2024-12-26 02:40:00+00:00,15.800000190734863,15.800000190734863,15.800000190734863,15.800000190734863,59000,0.0,0.0,0.0
2024-12-26 02:45:00+00:00,15.8100004196167,15.8100004196167,15.8100004196167,15.8100004196167,5170,0.0,0.0,0.0
2024-12-26 02:50:00+00:00,15.800000190734863,15.8100004196167,15.800000190734863,15.8100004196167,18342,0.0,0.0,0.0
2024-12-26 02:55:00+00:00,15.8100004196167,15.8100004196167,15.8100004196167,15.8100004196167,8055,0.0,0.0,0.0
2024-12-26 03:00:00+00:00,15.819999694824219,15.819999694824219,15.819999694824219,15.819999694824219,3803,0.0,0.0,0.0
2024-12-26 03:05:00+00:00,15.8100004196167,15.8100004196167,15.8100004196167,15.8100004196167,4188,0.0,0.0,0.0
2024-12-26 03:15:00+00:00,15.8100004196167,15.8100004196167,15.8100004196167,15.8100004196167,5020,0.0,0.0,0.0
2024-12-26 03:20:00+00:00,15.8100004196167,15.8100004196167,15.800000190734863,15.800000190734863,13926,0.0,0.0,0.0
2024-12-26 03:25:00+00:00,15.800000190734863,15.800000190734863,15.800000190734863,15.800000190734863,2600,0.0,0.0,0.0
2024-12-26 03:30:00+00:00,15.8100004196167,15.8100004196167,15.800000190734863,15.800000190734863,10153,0.0,0.0,0.0
2024-12-26 03:35:00+00:00,15.800000190734863,15.800000190734863,15.800000190734863,15.800000190734863,3000,0.0,0.0,0.0
2024-12-26 03:40:00+00:00,15.800000190734863,15.800000190734863,15.800000190734863,15.800000190734863,2000,0.0,0.0,0.0
2024-12-26 03:45:00+00:00,15.800000190734863,15.800000190734863,15.800000190734863,15.800000190734863,30000,0.0,0.0,0.0
2024-12-26 03:50:00+00:00,15.800000190734863,15.800000190734863,15.800000190734863,15.800000190734863,10100,0.0,0.0,0.0
2024-12-26 04:00:00+00:00,15.800000190734863,15.8100004196167,15.800000190734863,15.8100004196167,22000,0.0,0.0,0.0
2024-12-26 04:05:00+00:00,15.8100004196167,15.819999694824219,15.8100004196167,15.819999694824219,3240,0.0,0.0,0.0
2024-12-26 04:15:00+00:00,15.800000190734863,15.800000190734863,15.800000190734863,15.800000190734863,8040,0.0,0.0,0.0
2024-12-26 04:20:00+00:00,15.8100004196167,15.8100004196167,15.8100004196167,15.8100004196167,4307,0.0,0.0,0.0
2024-12-26 04:25:00+00:00,15.8100004196167,15.8100004196167,15.800000190734863,15.8100004196167,7710,0.0,0.0,0.0
2024-12-26 04:30:00+00:00,15.8100004196167,15.8100004196167,15.8100004196167,15.8100004196167,2224,0.0,0.0,0.0
2024-12-26 04:35:00+00:00,15.8100004196167,15.8100004196167,15.800000190734863,15.800000190734863,5675,0.0,0.0,0.0
2024-12-26 04:45:00+00:00,15.800000190734863,15.800000190734863,15.779999732971191,15.779999732971191,133161,0.0,0.0,0.0
2024-12-26 04:50:00+00:00,15.779999732971191,15.779999732971191,15.779999732971191,15.779999732971191,9400,0.0,0.0,0.0
2024-12-26 04:55:00+00:00,15.779999732971191,15.789999961853027,15.779999732971191,15.789999961853027,3548,0.0,0.0,0.0
2024-12-26 05:00:00+00:00,15.789999961853027,15.789999961853027,15.789999961853027,15.789999961853027,18471,0.0,0.0,0.0
2024-12-26 05:05:00+00:00,15.789999961853027,15.789999961853027,15.779999732971191,15.779999732971191,122159,0.0,0.0,0.0
2024-12-26 05:10:00+00:00,15.789999961853027,15.789999961853027,15.789999961853027,15.789999961853027,13445,0.0,0.0,0.0
2024-12-26 05:15:00+00:00,15.789999961853027,15.789999961853027,15.789999961853027,15.789999961853027,3000,0.0,0.0,0.0
2024-12-26 05:20:00+00:00,15.789999961853027,15.800000190734863,15.789999961853027,15.800000190734863,15641,0.0,0.0,0.0
2024-12-27 01:00:00+00:00,15.789999961853027,15.789999961853027,15.779999732971191,15.779999732971191,0,0.0,0.0,0.0
2024-12-27 01:05:00+00:00,15.770000457763672,15.779999732971191,15.770000457763672,15.770000457763672,72000,0.0,0.0,0.0
2024-12-27 01:10:00+00:00,15.770000457763672,15.770000457763672,15.760000228881836,15.760000228881836,124840,0.0,0.0,0.0
2024-12-27 01:15:00+00:00,15.760000228881836,15.770000457763672,15.760000228881836,15.760000228881836,8200,0.0,0.0,0.0
2024-12-27 01:20:00+00:00,15.760000228881836,15.760000228881836,15.739999771118164,15.75,266511,0.0,0.0,0.0
2024-12-27 01:25:00+00:00,15.760000228881836,15.760000228881836,15.760000228881836,15.760000228881836,2458,0.0,0.0,0.0
2024-12-27 01:30:00+00:00,15.760000228881836,15.760000228881836,15.75,15.760000228881836,4850,0.0,0.0,0.0
2024-12-27 01:35:00+00:00,15.75,15.75,15.75,15.75,92364,0.0,0.0,0.0
2024-12-27 01:40:00+00:00,15.75,15.75,15.75,15.75,3100,0.0,0.0,0.0
2024-12-27 01:45:00+00:00,15.75,15.75,15.75,15.75,5220,0.0,0.0,0.0
2024-12-27 01:50:00+00:00,15.75,15.779999732971191,15.75,15.779999732971191,5196,0.0,0.0,0.0
2024-12-27 01:55:00+00:00,15.779999732971191,15.779999732971191,15.779999732971191,15.779999732971191,101516,0.0,0.0,0.0
2024-12-27 02:00:00+00:00,15.779999732971191,15.779999732971191,15.770000457763672,15.770000457763672,14168,0.0,0.0,0.0
2024-12-27 02:05:00+00:00,15.779999732971191,15.779999732971191,15.779999732971191,15.779999732971191,1000,0.0,0.0,0.0
2024-12-27 02:10:00+00:00,15.779999732971191,15.779999732971191,15.770000457763672,15.770000457763672,76030,0.0,0.0,0.0
2024-12-27 02:15:00+00:00,15.779999732971191,15.779999732971191,15.770000457763672,15.770000457763672,11182,0.0,0.0,0.0
2024-12-27 02:20:00+00:00,15.760000228881836,15.770000457763672,15.760000228881836,15.770000457763672,7320,0.0,0.0,0.0
2024-12-27 02:25:00+00:00,15.760000228881836,15.760000228881836,15.760000228881836,15.760000228881836,4761,0.0,0.0,0.0
2024-12-27 02:30:00+00:00,15.779999732971191,15.779999732971191,15.779999732971191,15.779999732971191,3800,0.0,0.0,0.0
2024-12-27 02:35:00+00:00,15.770000457763672,15.770000457763672,15.770000457763672,15.770000457763672,4200,0.0,0.0,0.0
2024-12-27 02:40:00+00:00,15.770000457763672,15.770000457763672,15.770000457763672,15.770000457763672,16135,0.0,0.0,0.0
2024-12-27 02:45:00+00:00,15.760000228881836,15.760000228881836,15.760000228881836,15.760000228881836,36720,0.0,0.0,0.0
2024-12-27 02:55:00+00:00,15.770000457763672,15.770000457763672,15.770000457763672,15.770000457763672,2000,0.0,0.0,0.0
2024-12-27 03:00:00+00:00,15.760000228881836,15.760000228881836,15.760000228881836,15.760000228881836,80385,0.0,0.0,0.0
2024-12-27 03:05:00+00:00,15.760000228881836,15.760000228881836,15.75,15.75,8223,0.0,0.0,0.0
2024-12-27 03:10:00+00:00,15.760000228881836,15.760000228881836,15.760000228881836,15.760000228881836,13000,0.0,0.0,0.0
2024-12-27 03:15:00+00:00,15.75,15.760000228881836,15.75,15.760000228881836,127228,0.0,0.0,0.0
2024-12-27 03:20:00+00:00,15.760000228881836,15.760000228881836,15.760000228881836,15.760000228881836,3065,0.0,0.0,0.0
2024-12-27 03:25:00+00:00,15.760000228881836,15.760000228881836,15.760000228881836,15.760000228881836,9332,0.0,0.0,0.0
2024-12-27 03:35:00+00:00,15.760000228881836,15.760000228881836,15.760000228881836,15.760000228881836,73135,0.0,0.0,0.0
2024-12-27 03:40:00+00:00,15.760000228881836,15.760000228881836,15.75,15.75,3133,0.0,0.0,0.0
2024-12-27 03:45:00+00:00,15.760000228881836,15.760000228881836,15.75,15.760000228881836,6000,0.0,0.0,0.0
2024-12-27 03:50:00+00:00,15.760000228881836,15.760000228881836,15.760000228881836,15.760000228881836,64967,0.0,0.0,0.0
2024-12-27 04:00:00+00:00,15.760000228881836,15.760000228881836,15.760000228881836,15.760000228881836,2400,0.0,0.0,0.0
2024-12-27 04:05:00+00:00,15.760000228881836,15.760000228881836,15.760000228881836,15.760000228881836,2165,0.0,0.0,0.0
2024-12-27 04:10:00+00:00,15.760000228881836,15.760000228881836,15.760000228881836,15.760000228881836,1900,0.0,0.0,0.0
2024-12-27 04:15:00+00:00,15.760000228881836,15.760000228881836,15.760000228881836,15.760000228881836,8312,0.0,0.0,0.0
2024-12-27 04:20:00+00:00,15.770000457763672,15.770000457763672,15.770000457763672,15.770000457763672,1521,0.0,0.0,0.0
2024-12-27 04:30:00+00:00,15.760000228881836,15.760000228881836,15.760000228881836,15.760000228881836,1105,0.0,0.0,0.0
2024-12-27 04:35:00+00:00,15.760000228881836,15.760000228881836,15.760000228881836,15.760000228881836,11376,0.0,0.0,0.0
2024-12-27 04:40:00+00:00,15.760000228881836,15.760000228881836,15.760000228881836,15.760000228881836,15180,0.0,0.0,0.0
2024-12-27 04:45:00+00:00,15.770000457763672,15.770000457763672,15.770000457763672,15.770000457763672,3114,0.0,0.0,0.0
2024-12-27 04:50:00+00:00,15.760000228881836,15.760000228881836,15.760000228881836,15.760000228881836,35100,0.0,0.0,0.0
2024-12-27 04:55:00+00:00,15.770000457763672,15.770000457763672,15.770000457763672,15.770000457763672,4057,0.0,0.0,0.0
2024-12-27 05:00:00+00:00,15.770000457763672,15.770000457763672,15.760000228881836,15.760000228881836,61929,0.0,0.0,0.0
2024-12-27 05:05:00+00:00,15.770000457763672,15.770000457763672,15.760000228881836,15.760000228881836,2512,0.0,0.0,0.0
2024-12-27 05:15:00+00:00,15.760000228881836,15.760000228881836,15.760000228881836,15.760000228881836,10025,0.0,0.0,0.0
2024-12-27 05:20:00+00:00,15.760000228881836,15.760000228881836,15.760000228881836,15.760000228881836,2708,0.0,0.0,0.0
2024-12-30 01:00:00+00:00,15.75,15.75,15.720000267028809,15.720000267028809,0,0.0,0.0,0.0
2024-12-30 01:05:00+00:00,15.720000267028809,15.729999542236328,15.710000038146973,15.720000267028809,115158,0.0,0.0,0.0
2024-12-30 01:10:00+00:00,15.720000267028809,15.720000267028809,15.710000038146973,15.710000038146973,29583,0.0,0.0,0.0
2024-12-30 01:15:00+00:00,15.710000038146973,15.720000267028809,15.710000038146973,15.720000267028809,4172,0.0,0.0,0.0
2024-12-30 01:20:00+00:00,15.729999542236328,15.729999542236328,15.729999542236328,15.729999542236328,6160,0.0,0.0,0.0
2024-12-30 01:25:00+00:00,15.739999771118164,15.739999771118164,15.729999542236328,15.729999542236328,13378,0.0,0.0,0.0
2024-12-30 01:30:00+00:00,15.729999542236328,15.739999771118164,15.729999542236328,15.739999771118164,5135,0.0,0.0,0.0
2024-12-30 01:35:00+00:00,15.739999771118164,15.739999771118164,15.729999542236328,15.729999542236328,12003,0.0,0.0,0.0
2024-12-30 01:40:00+00:00,15.729999542236328,15.729999542236328,15.729999542236328,15.729999542236328,5020,0.0,0.0,0.0
2024-12-30 01:45:00+00:00,15.739999771118164,15.739999771118164,15.739999771118164,15.739999771118164,53100,0.0,0.0,0.0
2024-12-30 01:50:00+00:00,15.75,15.75,15.75,15.75,8200,0.0,0.0,0.0
2024-12-30 01:55:00+00:00,15.75,15.75,15.75,15.75,16500,0.0,0.0,0.0
2024-12-30 02:00:00+00:00,15.75,15.760000228881836,15.739999771118164,15.739999771118164,19014,0.0,0.0,0.0
2024-12-30 02:05:00+00:00,15.739999771118164,15.739999771118164,15.739999771118164,15.739999771118164,6080,0.0,0.0,0.0
2024-12-30 02:10:00+00:00,15.739999771118164,15.739999771118164,15.739999771118164,15.739999771118164,7015,0.0,0.0,0.0
2024-12-30 02:15:00+00:00,15.739999771118164,15.739999771118164,15.720000267028809,15.720000267028809,170539,0.0,0.0,0.0
2024-12-30 02:20:00+00:00,15.720000267028809,15.729999542236328,15.720000267028809,15.729999542236328,31960,0.0,0.0,0.0
2024-12-30 02:25:00+00:00,15.729999542236328,15.729999542236328,15.720000267028809,15.720000267028809,16141,0.0,0.0,0.0
2024-12-30 02:30:00+00:00,15.729999542236328,15.729999542236328,15.720000267028809,15.720000267028809,69963,0.0,0.0,0.0
2024-12-30 02:35:00+00:00,15.720000267028809,15.720000267028809,15.710000038146973,15.720000267028809,7050,0.0,0.0,0.0
2024-12-30 02:40:00+00:00,15.720000267028809,15.720000267028809,15.720000267028809,15.720000267028809,9115,0.0,0.0,0.0
2024-12-30 02:45:00+00:00,15.720000267028809,15.720000267028809,15.710000038146973,15.710000038146973,96400,0.0,0.0,0.0
2024-12-30 02:50:00+00:00,15.720000267028809,15.720000267028809,15.710000038146973,15.710000038146973,9236,0.0,0.0,0.0
2024-12-30 02:55:00+00:00,15.710000038146973,15.710000038146973,15.699999809265137,15.699999809265137,17161,0.0,0.0,0.0
2024-12-30 03:00:00+00:00,15.720000267028809,15.720000267028809,15.699999809265137,15.699999809265137,164297,0.0,0.0,0.0
2024-12-30 03:15:00+00:00,15.710000038146973,15.710000038146973,15.699999809265137,15.699999809265137,156350,0.0,0.0,0.0
2024-12-30 03:20:00+00:00,15.699999809265137,15.699999809265137,15.699999809265137,15.699999809265137,3011,0.0,0.0,0.0
2024-12-30 03:25:00+00:00,15.699999809265137,15.710000038146973,15.699999809265137,15.710000038146973,17045,0.0,0.0,0.0
2024-12-30 03:30:00+00:00,15.720000267028809,15.720000267028809,15.720000267028809,15.720000267028809,32400,0.0,0.0,0.0
2024-12-30 03:35:00+00:00,15.720000267028809,15.720000267028809,15.720000267028809,15.720000267028809,6415,0.0,0.0,0.0
2024-12-30 03:40:00+00:00,15.720000267028809,15.720000267028809,15.720000267028809,15.720000267028809,3149,0.0,0.0,0.0
2024-12-30 03:45:00+00:00,15.720000267028809,15.720000267028809,15.710000038146973,15.710000038146973,2150,0.0,0.0,0.0
2024-12-30 03:50:00+00:00,15.720000267028809,15.720000267028809,15.720000267028809,15.720000267028809,11400,0.0,0.0,0.0
2024-12-30 03:55:00+00:00,15.720000267028809,15.720000267028809,15.710000038146973,15.710000038146973,6010,0.0,0.0,0.0
2024-12-30 04:00:00+00:00,15.710000038146973,15.710000038146973,15.710000038146973,15.710000038146973,10167,0.0,0.0,0.0
2024-12-30 04:05:00+00:00,15.710000038146973,15.710000038146973,15.710000038146973,15.710000038146973,10170,0.0,0.0,0.0
2024-12-30 04:15:00+00:00,15.720000267028809,15.720000267028809,15.720000267028809,15.720000267028809,2100,0.0,0.0,0.0
2024-12-30 04:20:00+00:00,15.720000267028809,15.720000267028809,15.710000038146973,15.710000038146973,46190,0.0,0.0,0.0
2024-12-30 04:25:00+00:00,15.699999809265137,15.699999809265137,15.699999809265137,15.699999809265137,167350,0.0,0.0,0.0
2024-12-30 04:30:00+00:00,15.699999809265137,15.699999809265137,15.699999809265137,15.699999809265137,5661,0.0,0.0,0.0
2024-12-30 04:35:00+00:00,15.710000038146973,15.710000038146973,15.710000038146973,15.710000038146973,54300,0.0,0.0,0.0
2024-12-30 04:40:00+00:00,15.710000038146973,15.710000038146973,15.699999809265137,15.699999809265137,11683,0.0,0.0,0.0
2024-12-30 04:45:00+00:00,15.710000038146973,15.720000267028809,15.699999809265137,15.720000267028809,74273,0.0,0.0,0.0
2024-12-30 04:50:00+00:00,15.720000267028809,15.720000267028809,15.699999809265137,15.699999809265137,13429,0.0,0.0,0.0
2024-12-30 04:55:00+00:00,15.710000038146973,15.710000038146973,15.710000038146973,15.710000038146973,8383,0.0,0.0,0.0
2024-12-30 05:00:00+00:00,15.699999809265137,15.699999809265137,15.6899995803833,15.6899995803833,77605,0.0,0.0,0.0
2024-12-30 05:05:00+00:00,15.6899995803833,15.6899995803833,15.6899995803833,15.6899995803833,4265,0.0,0.0,0.0
2024-12-30 05:10:00+00:00,15.699999809265137,15.699999809265137,15.699999809265137,15.699999809265137,13601,0.0,0.0,0.0
2024-12-30 05:15:00+00:00,15.699999809265137,15.699999809265137,15.6899995803833,15.699999809265137,6000,0.0,0.0,0.0
2024-12-30 05:20:00+00:00,15.6899995803833,15.699999809265137,15.6899995803833,15.6899995803833,162181,0.0,0.0,0.0
2024-12-31 01:00:00+00:00,15.65999984741211,15.65999984741211,15.600000381469727,15.609999656677246,0,0.0,0.0,0.0
2024-12-31 01:05:00+00:00,15.600000381469727,15.609999656677246,15.600000381469727,15.609999656677246,111018,0.0,0.0,0.0
2024-12-31 01:10:00+00:00,15.609999656677246,15.619999885559082,15.600000381469727,15.600000381469727,304331,0.0,0.0,0.0
2024-12-31 01:15:00+00:00,15.609999656677246,15.609999656677246,15.609999656677246,15.609999656677246,21299,0.0,0.0,0.0
2024-12-31 01:20:00+00:00,15.619999885559082,15.630000114440918,15.619999885559082,15.630000114440918,12300,0.0,0.0,0.0
2024-12-31 01:25:00+00:00,15.630000114440918,15.630000114440918,15.619999885559082,15.619999885559082,102043,0.0,0.0,0.0
2024-12-31 01:30:00+00:00,15.619999885559082,15.619999885559082,15.609999656677246,15.609999656677246,76910,0.0,0.0,0.0
2024-12-31 01:35:00+00:00,15.609999656677246,15.619999885559082,15.609999656677246,15.619999885559082,55010,0.0,0.0,0.0
2024-12-31 01:40:00+00:00,15.630000114440918,15.630000114440918,15.630000114440918,15.630000114440918,4772,0.0,0.0,0.0
2024-12-31 01:45:00+00:00,15.630000114440918,15.640000343322754,15.630000114440918,15.630000114440918,12520,0.0,0.0,0.0
2024-12-31 01:50:00+00:00,15.630000114440918,15.640000343322754,15.630000114440918,15.640000343322754,4514,0.0,0.0,0.0
2024-12-31 01:55:00+00:00,15.640000343322754,15.640000343322754,15.619999885559082,15.619999885559082,72458,0.0,0.0,0.0
2024-12-31 02:00:00+00:00,15.619999885559082,15.619999885559082,15.619999885559082,15.619999885559082,27760,0.0,0.0,0.0
2024-12-31 02:05:00+00:00,15.609999656677246,15.630000114440918,15.609999656677246,15.630000114440918,143500,0.0,0.0,0.0
2024-12-31 02:15:00+00:00,15.640000343322754,15.640000343322754,15.640000343322754,15.640000343322754,119300,0.0,0.0,0.0
2024-12-31 02:20:00+00:00,15.630000114440918,15.640000343322754,15.630000114440918,15.640000343322754,3369,0.0,0.0,0.0
2024-12-31 02:25:00+00:00,15.640000343322754,15.649999618530273,15.640000343322754,15.649999618530273,90310,0.0,0.0,0.0
2024-12-31 02:30:00+00:00,15.640000343322754,15.640000343322754,15.640000343322754,15.640000343322754,17000,0.0,0.0,0.0
2024-12-31 02:35:00+00:00,15.640000343322754,15.640000343322754,15.630000114440918,15.630000114440918,29459,0.0,0.0,0.0
2024-12-31 02:40:00+00:00,15.630000114440918,15.640000343322754,15.630000114440918,15.640000343322754,2290,0.0,0.0,0.0
2024-12-31 02:45:00+00:00,15.619999885559082,15.619999885559082,15.619999885559082,15.619999885559082,67060,0.0,0.0,0.0
2024-12-31 02:55:00+00:00,15.619999885559082,15.619999885559082,15.609999656677246,15.609999656677246,41587,0.0,0.0,0.0
2024-12-31 03:00:00+00:00,15.619999885559082,15.619999885559082,15.619999885559082,15.619999885559082,10188,0.0,0.0,0.0
2024-12-31 03:05:00+00:00,15.619999885559082,15.619999885559082,15.609999656677246,15.619999885559082,158100,0.0,0.0,0.0
2024-12-31 03:10:00+00:00,15.609999656677246,15.609999656677246,15.609999656677246,15.609999656677246,9000,0.0,0.0,0.0
2024-12-31 03:15:00+00:00,15.609999656677246,15.609999656677246,15.609999656677246,15.609999656677246,2000,0.0,0.0,0.0
2024-12-31 03:20:00+00:00,15.609999656677246,15.619999885559082,15.609999656677246,15.609999656677246,43240,0.0,0.0,0.0
2024-12-31 03:25:00+00:00,15.609999656677246,15.609999656677246,15.600000381469727,15.600000381469727,359500,0.0,0.0,0.0
2024-12-31 03:30:00+00:00,15.609999656677246,15.609999656677246,15.600000381469727,15.600000381469727,120025,0.0,0.0,0.0
2024-12-31 03:35:00+00:00,15.600000381469727,15.600000381469727,15.600000381469727,15.600000381469727,33596,0.0,0.0,0.0
2024-12-31 03:40:00+00:00,15.600000381469727,15.600000381469727,15.59000015258789,15.600000381469727,17598,0.0,0.0,0.0
2024-12-31 03:45:00+00:00,15.59000015258789,15.600000381469727,15.59000015258789,15.59000015258789,186060,0.0,0.0,0.0
2024-12-31 03:50:00+00:00,15.59000015258789,15.600000381469727,15.59000015258789,15.59000015258789,12964,0.0,0.0,0.0
2024-12-31 03:55:00+00:00,15.59000015258789,15.59000015258789,15.59000015258789,15.59000015258789,26152,0.0,0.0,0.0
2024-12-31 04:00:00+00:00,15.600000381469727,15.600000381469727,15.59000015258789,15.59000015258789,18169,0.0,0.0,0.0
2024-12-31 04:05:00+00:00,15.59000015258789,15.600000381469727,15.579999923706055,15.579999923706055,190778,0.0,0.0,0.0
2024-12-31 04:10:00+00:00,15.579999923706055,15.579999923706055,15.579999923706055,15.579999923706055,28087,0.0,0.0,0.0
2024-12-31 04:15:00+00:00,15.579999923706055,15.579999923706055,15.579999923706055,15.579999923706055,27920,0.0,0.0,0.0
2024-12-31 04:20:00+00:00,15.579999923706055,15.579999923706055,15.579999923706055,15.579999923706055,13525,0.0,0.0,0.0
2024-12-31 04:25:00+00:00,15.579999923706055,15.579999923706055,15.579999923706055,15.579999923706055,26840,0.0,0.0,0.0
2024-12-31 04:30:00+00:00,15.579999923706055,15.600000381469727,15.579999923706055,15.600000381469727,100000,0.0,0.0,0.0
2024-12-31 04:35:00+00:00,15.600000381469727,15.600000381469727,15.600000381469727,15.600000381469727,2600,0.0,0.0,0.0
2024-12-31 04:40:00+00:00,15.600000381469727,15.600000381469727,15.600000381469727,15.600000381469727,13400,0.0,0.0,0.0
2024-12-31 04:45:00+00:00,15.600000381469727,15.600000381469727,15.59000015258789,15.59000015258789,4310,0.0,0.0,0.0
2024-12-31 04:50:00+00:00,15.59000015258789,15.600000381469727,15.59000015258789,15.600000381469727,73560,0.0,0.0,0.0
2024-12-31 04:55:00+00:00,15.600000381469727,15.600000381469727,15.600000381469727,15.600000381469727,15512,0.0,0.0,0.0
2024-12-31 05:00:00+00:00,15.609999656677246,15.609999656677246,15.59000015258789,15.59000015258789,147064,0.0,0.0,0.0
2024-12-31 05:05:00+00:00,15.59000015258789,15.600000381469727,15.579999923706055,15.59000015258789,133968,0.0,0.0,0.0
2024-12-31 05:10:00+00:00,15.579999923706055,15.579999923706055,15.579999923706055,15.579999923706055,110990,0.0,0.0,0.0
2024-12-31 05:15:00+00:00,15.579999923706055,15.600000381469727,15.579999923706055,15.600000381469727,22626,0.0,0.0,0.0
2024-12-31 05:20:00+00:00,15.600000381469727,15.600000381469727,15.59000015258789,15.59000015258789,24531,0.0,0.0,0.0
2025-01-02 01:00:00+00:00,15.579999923706055,15.579999923706055,15.5600004196167,15.579999923706055,0,0.0,0.0,0.0
2025-01-02 01:05:00+00:00,15.579999923706055,15.579999923706055,15.569999694824219,15.579999923706055,129519,0.0,0.0,0.0
2025-01-02 01:10:00+00:00,15.579999923706055,15.579999923706055,15.579999923706055,15.579999923706055,17215,0.0,0.0,0.0
2025-01-02 01:15:00+00:00,15.579999923706055,15.600000381469727,15.579999923706055,15.579999923706055,135408,0.0,0.0,0.0
2025-01-02 01:20:00+00:00,15.59000015258789,15.600000381469727,15.59000015258789,15.600000381469727,74292,0.0,0.0,0.0
2025-01-02 01:25:00+00:00,15.600000381469727,15.609999656677246,15.600000381469727,15.609999656677246,3785,0.0,0.0,0.0
2025-01-02 01:30:00+00:00,15.609999656677246,15.619999885559082,15.59000015258789,15.59000015258789,205088,0.0,0.0,0.0
2025-01-02 01:35:00+00:00,15.59000015258789,15.600000381469727,15.59000015258789,15.600000381469727,64140,0.0,0.0,0.0
2025-01-02 01:40:00+00:00,15.619999885559082,15.630000114440918,15.609999656677246,15.609999656677246,74237,0.0,0.0,0.0
2025-01-02 01:45:00+00:00,15.630000114440918,15.630000114440918,15.630000114440918,15.630000114440918,6130,0.0,0.0,0.0
2025-01-02 01:50:00+00:00,15.630000114440918,15.630000114440918,15.630000114440918,15.630000114440918,5213,0.0,0.0,0.0
2025-01-02 01:55:00+00:00,15.630000114440918,15.630000114440918,15.619999885559082,15.630000114440918,22648,0.0,0.0,0.0
2025-01-02 02:00:00+00:00,15.630000114440918,15.630000114440918,15.619999885559082,15.619999885559082,5700,0.0,0.0,0.0
2025-01-02 02:05:00+00:00,15.619999885559082,15.619999885559082,15.609999656677246,15.609999656677246,6074,0.0,0.0,0.0
2025-01-02 02:10:00+00:00,15.609999656677246,15.630000114440918,15.609999656677246,15.630000114440918,23100,0.0,0.0,0.0
2025-01-02 02:15:00+00:00,15.619999885559082,15.630000114440918,15.619999885559082,15.630000114440918,15076,0.0,0.0,0.0
2025-01-02 02:20:00+00:00,15.630000114440918,15.649999618530273,15.630000114440918,15.649999618530273,50446,0.0,0.0,0.0
2025-01-02 02:25:00+00:00,15.649999618530273,15.65999984741211,15.649999618530273,15.65999984741211,41419,0.0,0.0,0.0
2025-01-02 02:30:00+00:00,15.649999618530273,15.680000305175781,15.649999618530273,15.680000305175781,10510,0.0,0.0,0.0
2025-01-02 02:35:00+00:00,15.670000076293945,15.6899995803833,15.670000076293945,15.6899995803833,72008,0.0,0.0,0.0
2025-01-02 02:40:00+00:00,15.699999809265137,15.699999809265137,15.6899995803833,15.6899995803833,23260,0.0,0.0,0.0
2025-01-02 02:45:00+00:00,15.6899995803833,15.699999809265137,15.6899995803833,15.699999809265137,41332,0.0,0.0,0.0
2025-01-02 02:50:00+00:00,15.699999809265137,15.699999809265137,15.6899995803833,15.6899995803833,23020,0.0,0.0,0.0
2025-01-02 02:55:00+00:00,15.6899995803833,15.6899995803833,15.670000076293945,15.670000076293945,3205,0.0,0.0,0.0
2025-01-02 03:00:00+00:00,15.670000076293945,15.680000305175781,15.670000076293945,15.670000076293945,4500,0.0,0.0,0.0
2025-01-02 03:05:00+00:00,15.65999984741211,15.65999984741211,15.649999618530273,15.649999618530273,10130,0.0,0.0,0.0
2025-01-02 03:10:00+00:00,15.649999618530273,15.670000076293945,15.649999618530273,15.65999984741211,19564,0.0,0.0,0.0
2025-01-02 03:15:00+00:00,15.649999618530273,15.65999984741211,15.640000343322754,15.640000343322754,28003,0.0,0.0,0.0
2025-01-02 03:20:00+00:00,15.649999618530273,15.649999618530273,15.649999618530273,15.649999618530273,9000,0.0,0.0,0.0
2025-01-02 03:25:00+00:00,15.65999984741211,15.65999984741211,15.65999984741211,15.65999984741211,12020,0.0,0.0,0.0
2025-01-02 03:30:00+00:00,15.65999984741211,15.65999984741211,15.65999984741211,15.65999984741211,6009,0.0,0.0,0.0
2025-01-02 03:35:00+00:00,15.65999984741211,15.65999984741211,15.65999984741211,15.65999984741211,15000,0.0,0.0,0.0
2025-01-02 03:40:00+00:00,15.65999984741211,15.65999984741211,15.649999618530273,15.649999618530273,3000,0.0,0.0,0.0
2025-01-02 03:45:00+00:00,15.65999984741211,15.65999984741211,15.649999618530273,15.649999618530273,60580,0.0,0.0,0.0
2025-01-02 03:55:00+00:00,15.649999618530273,15.649999618530273,15.649999618530273,15.649999618530273,92403,0.0,0.0,0.0
2025-01-02 04:00:00+00:00,15.649999618530273,15.649999618530273,15.649999618530273,15.649999618530273,10230,0.0,0.0,0.0
2025-01-02 04:05:00+00:00,15.649999618530273,15.649999618530273,15.649999618530273,15.649999618530273,95390,0.0,0.0,0.0
2025-01-02 04:10:00+00:00,15.649999618530273,15.649999618530273,15.630000114440918,15.640000343322754,14525,0.0,0.0,0.0
2025-01-02 04:15:00+00:00,15.640000343322754,15.649999618530273,15.640000343322754,15.649999618530273,6100,0.0,0.0,0.0
2025-01-02 04:20:00+00:00,15.649999618530273,15.649999618530273,15.649999618530273,15.649999618530273,7650,0.0,0.0,0.0
2025-01-02 04:25:00+00:00,15.649999618530273,15.649999618530273,15.649999618530273,15.649999618530273,20405,0.0,0.0,0.0
2025-01-02 04:30:00+00:00,15.649999618530273,15.65999984741211,15.649999618530273,15.65999984741211,4625,0.0,0.0,0.0
2025-01-02 04:35:00+00:00,15.65999984741211,15.65999984741211,15.65999984741211,15.65999984741211,23492,0.0,0.0,0.0
2025-01-02 04:40:00+00:00,15.65999984741211,15.65999984741211,15.65999984741211,15.65999984741211,18365,0.0,0.0,0.0
2025-01-02 04:45:00+00:00,15.649999618530273,15.649999618530273,15.649999618530273,15.649999618530273,13260,0.0,0.0,0.0
2025-01-02 04:50:00+00:00,15.649999618530273,15.649999618530273,15.649999618530273,15.649999618530273,10130,0.0,0.0,0.0
2025-01-02 04:55:00+00:00,15.649999618530273,15.65999984741211,15.649999618530273,15.65999984741211,114223,0.0,0.0,0.0
2025-01-02 05:00:00+00:00,15.65999984741211,15.65999984741211,15.649999618530273,15.649999618530273,90300,0.0,0.0,0.0
2025-01-02 05:05:00+00:00,15.649999618530273,15.649999618530273,15.649999618530273,15.649999618530273,14340,0.0,0.0,0.0
2025-01-02 05:10:00+00:00,15.640000343322754,15.649999618530273,15.640000343322754,15.649999618530273,9076,0.0,0.0,0.0
2025-01-02 05:15:00+00:00,15.640000343322754,15.670000076293945,15.640000343322754,15.670000076293945,378573,0.0,0.0,0.0
2025-01-02 05:20:00+00:00,15.65999984741211,15.65999984741211,15.649999618530273,15.65999984741211,7459,0.0,0.0,0.0
2025-01-03 01:00:00+00:00,15.680000305175781,15.75,15.680000305175781,15.729999542236328,0,0.0,0.0,0.0
2025-01-03 01:05:00+00:00,15.739999771118164,15.75,15.739999771118164,15.75,65000,0.0,0.0,0.0
2025-01-03 01:10:00+00:00,15.739999771118164,15.75,15.729999542236328,15.729999542236328,34349,0.0,0.0,0.0
2025-01-03 01:15:00+00:00,15.739999771118164,15.75,15.729999542236328,15.739999771118164,47145,0.0,0.0,0.0
2025-01-03 01:20:00+00:00,15.739999771118164,15.75,15.739999771118164,15.75,163729,0.0,0.0,0.0
2025-01-03 01:25:00+00:00,15.739999771118164,15.739999771118164,15.699999809265137,15.699999809265137,13102,0.0,0.0,0.0
2025-01-03 01:30:00+00:00,15.720000267028809,15.720000267028809,15.710000038146973,15.710000038146973,8258,0.0,0.0,0.0
2025-01-03 01:35:00+00:00,15.699999809265137,15.720000267028809,15.699999809265137,15.710000038146973,10565,0.0,0.0,0.0
2025-01-03 01:40:00+00:00,15.710000038146973,15.710000038146973,15.699999809265137,15.699999809265137,54582,0.0,0.0,0.0
2025-01-03 01:45:00+00:00,15.710000038146973,15.710000038146973,15.710000038146973,15.710000038146973,7578,0.0,0.0,0.0
2025-01-03 01:50:00+00:00,15.699999809265137,15.699999809265137,15.699999809265137,15.699999809265137,124225,0.0,0.0,0.0
2025-01-03 01:55:00+00:00,15.710000038146973,15.710000038146973,15.710000038146973,15.710000038146973,35140,0.0,0.0,0.0
2025-01-03 02:00:00+00:00,15.720000267028809,15.720000267028809,15.720000267028809,15.720000267028809,9100,0.0,0.0,0.0
2025-01-03 02:05:00+00:00,15.710000038146973,15.710000038146973,15.680000305175781,15.680000305175781,80584,0.0,0.0,0.0
2025-01-03 02:10:00+00:00,15.680000305175781,15.699999809265137,15.680000305175781,15.699999809265137,10817,0.0,0.0,0.0
2025-01-03 02:15:00+00:00,15.710000038146973,15.710000038146973,15.699999809265137,15.699999809265137,15120,0.0,0.0,0.0
2025-01-03 02:20:00+00:00,15.699999809265137,15.699999809265137,15.699999809265137,15.699999809265137,4148,0.0,0.0,0.0
2025-01-03 02:25:00+00:00,15.699999809265137,15.699999809265137,15.699999809265137,15.699999809265137,22130,0.0,0.0,0.0
2025-01-03 02:30:00+00:00,15.6899995803833,15.710000038146973,15.6899995803833,15.710000038146973,13100,0.0,0.0,0.0
2025-01-03 02:35:00+00:00,15.699999809265137,15.699999809265137,15.6899995803833,15.6899995803833,12020,0.0,0.0,0.0
2025-01-03 02:40:00+00:00,15.699999809265137,15.710000038146973,15.6899995803833,15.710000038146973,24274,0.0,0.0,0.0
2025-01-03 02:45:00+00:00,15.710000038146973,15.710000038146973,15.6899995803833,15.6899995803833,17095,0.0,0.0,0.0
2025-01-03 02:50:00+00:00,15.6899995803833,15.699999809265137,15.6899995803833,15.699999809265137,6050,0.0,0.0,0.0
2025-01-03 02:55:00+00:00,15.699999809265137,15.699999809265137,15.6899995803833,15.6899995803833,10271,0.0,0.0,0.0
2025-01-03 03:00:00+00:00,15.699999809265137,15.699999809265137,15.699999809265137,15.699999809265137,13064,0.0,0.0,0.0
2025-01-03 03:05:00+00:00,15.699999809265137,15.710000038146973,15.699999809265137,15.710000038146973,30000,0.0,0.0,0.0
2025-01-03 03:10:00+00:00,15.710000038146973,15.720000267028809,15.710000038146973,15.710000038146973,8006,0.0,0.0,0.0
2025-01-03 03:15:00+00:00,15.720000267028809,15.720000267028809,15.710000038146973,15.710000038146973,10910,0.0,0.0,0.0
2025-01-03 03:25:00+00:00,15.699999809265137,15.699999809265137,15.699999809265137,15.699999809265137,21489,0.0,0.0,0.0
2025-01-03 03:30:00+00:00,15.699999809265137,15.699999809265137,15.680000305175781,15.680000305175781,415789,0.0,0.0,0.0
2025-01-03 03:35:00+00:00,15.680000305175781,15.680000305175781,15.680000305175781,15.680000305175781,1120,0.0,0.0,0.0
2025-01-03 03:40:00+00:00,15.680000305175781,15.6899995803833,15.680000305175781,15.680000305175781,25000,0.0,0.0,0.0
2025-01-03 03:45:00+00:00,15.680000305175781,15.6899995803833,15.680000305175781,15.6899995803833,20000,0.0,0.0,0.0
2025-01-03 03:50:00+00:00,15.6899995803833,15.6899995803833,15.6899995803833,15.6899995803833,1221,0.0,0.0,0.0
2025-01-03 03:55:00+00:00,15.680000305175781,15.6899995803833,15.680000305175781,15.6899995803833,17051,0.0,0.0,0.0
2025-01-03 04:00:00+00:00,15.680000305175781,15.680000305175781,15.680000305175781,15.680000305175781,6002,0.0,0.0,0.0
2025-01-03 04:05:00+00:00,15.680000305175781,15.680000305175781,15.680000305175781,15.680000305175781,15000,0.0,0.0,0.0
2025-01-03 04:10:00+00:00,15.680000305175781,15.680000305175781,15.680000305175781,15.680000305175781,1282,0.0,0.0,0.0
2025-01-03 04:15:00+00:00,15.680000305175781,15.680000305175781,15.680000305175781,15.680000305175781,19000,0.0,0.0,0.0
2025-01-03 04:20:00+00:00,15.680000305175781,15.680000305175781,15.680000305175781,15.680000305175781,6028,0.0,0.0,0.0
2025-01-03 04:25:00+00:00,15.6899995803833,15.6899995803833,15.6899995803833,15.6899995803833,62035,0.0,0.0,0.0
2025-01-03 04:30:00+00:00,15.6899995803833,15.6899995803833,15.670000076293945,15.670000076293945,16574,0.0,0.0,0.0
2025-01-03 04:35:00+00:00,15.680000305175781,15.680000305175781,15.670000076293945,15.680000305175781,42184,0.0,0.0,0.0
2025-01-03 04:40:00+00:00,15.670000076293945,15.670000076293945,15.65999984741211,15.65999984741211,42927,0.0,0.0,0.0
2025-01-03 04:45:00+00:00,15.670000076293945,15.670000076293945,15.65999984741211,15.65999984741211,15500,0.0,0.0,0.0
2025-01-03 04:50:00+00:00,15.670000076293945,15.670000076293945,15.670000076293945,15.670000076293945,3100,0.0,0.0,0.0
2025-01-03 04:55:00+00:00,15.670000076293945,15.670000076293945,15.670000076293945,15.670000076293945,6367,0.0,0.0,0.0
2025-01-03 05:00:00+00:00,15.670000076293945,15.670000076293945,15.670000076293945,15.670000076293945,12350,0.0,0.0,0.0
2025-01-03 05:05:00+00:00,15.670000076293945,15.670000076293945,15.649999618530273,15.649999618530273,49007,0.0,0.0,0.0
2025-01-03 05:10:00+00:00,15.649999618530273,15.649999618530273,15.649999618530273,15.649999618530273,9000,0.0,0.0,0.0
2025-01-06 01:00:00+00:00,15.699999809265137,15.720000267028809,15.699999809265137,15.720000267028809,0,0.0,0.0,0.0
2025-01-06 01:05:00+00:00,15.699999809265137,15.720000267028809,15.699999809265137,15.720000267028809,73000,0.0,0.0,0.0
2025-01-06 01:10:00+00:00,15.729999542236328,15.739999771118164,15.729999542236328,15.739999771118164,46082,0.0,0.0,0.0
2025-01-06 01:15:00+00:00,15.739999771118164,15.770000457763672,15.739999771118164,15.770000457763672,161388,0.0,0.0,0.0
2025-01-06 01:20:00+00:00,15.770000457763672,15.779999732971191,15.75,15.75,31250,0.0,0.0,0.0
2025-01-06 01:25:00+00:00,15.75,15.760000228881836,15.75,15.760000228881836,24276,0.0,0.0,0.0
2025-01-06 01:30:00+00:00,15.760000228881836,15.770000457763672,15.739999771118164,15.760000228881836,117242,0.0,0.0,0.0
2025-01-06 01:35:00+00:00,15.760000228881836,15.779999732971191,15.760000228881836,15.770000457763672,201945,0.0,0.0,0.0
2025-01-06 01:40:00+00:00,15.770000457763672,15.770000457763672,15.770000457763672,15.770000457763672,5094,0.0,0.0,0.0
2025-01-06 01:45:00+00:00,15.779999732971191,15.779999732971191,15.770000457763672,15.770000457763672,30601,0.0,0.0,0.0
2025-01-06 01:50:00+00:00,15.760000228881836,15.779999732971191,15.75,15.779999732971191,136886,0.0,0.0,0.0
2025-01-06 01:55:00+00:00,15.779999732971191,15.779999732971191,15.770000457763672,15.770000457763672,4272,0.0,0.0,0.0
2025-01-06 02:00:00+00:00,15.779999732971191,15.779999732971191,15.770000457763672,15.770000457763672,24586,0.0,0.0,0.0
2025-01-06 02:05:00+00:00,15.770000457763672,15.779999732971191,15.770000457763672,15.779999732971191,52154,0.0,0.0,0.0
2025-01-06 02:10:00+00:00,15.789999961853027,15.789999961853027,15.789999961853027,15.789999961853027,67049,0.0,0.0,0.0
2025-01-06 02:15:00+00:00,15.789999961853027,15.800000190734863,15.789999961853027,15.800000190734863,107876,0.0,0.0,0.0
2025-01-06 02:20:00+00:00,15.789999961853027,15.800000190734863,15.779999732971191,15.779999732971191,44120,0.0,0.0,0.0
2025-01-06 02:25:00+00:00,15.789999961853027,15.789999961853027,15.789999961853027,15.789999961853027,1088,0.0,0.0,0.0
2025-01-06 02:30:00+00:00,15.789999961853027,15.789999961853027,15.779999732971191,15.779999732971191,8187,0.0,0.0,0.0
2025-01-06 02:35:00+00:00,15.779999732971191,15.779999732971191,15.779999732971191,15.779999732971191,3153,0.0,0.0,0.0
2025-01-06 02:40:00+00:00,15.779999732971191,15.779999732971191,15.779999732971191,15.779999732971191,85288,0.0,0.0,0.0
2025-01-06 02:45:00+00:00,15.789999961853027,15.789999961853027,15.789999961853027,15.789999961853027,107832,0.0,0.0,0.0
2025-01-06 02:50:00+00:00,15.789999961853027,15.789999961853027,15.789999961853027,15.789999961853027,14363,0.0,0.0,0.0
2025-01-06 02:55:00+00:00,15.789999961853027,15.8100004196167,15.789999961853027,15.8100004196167,230003,0.0,0.0,0.0
2025-01-06 03:00:00+00:00,15.8100004196167,15.819999694824219,15.8100004196167,15.8100004196167,17324,0.0,0.0,0.0
2025-01-06 03:05:00+00:00,15.8100004196167,15.8100004196167,15.8100004196167,15.8100004196167,2603,0.0,0.0,0.0
2025-01-06 03:10:00+00:00,15.8100004196167,15.8100004196167,15.800000190734863,15.800000190734863,13184,0.0,0.0,0.0
2025-01-06 03:15:00+00:00,15.8100004196167,15.8100004196167,15.800000190734863,15.800000190734863,19527,0.0,0.0,0.0
2025-01-06 03:20:00+00:00,15.800000190734863,15.800000190734863,15.800000190734863,15.800000190734863,5355,0.0,0.0,0.0
2025-01-06 03:25:00+00:00,15.800000190734863,15.800000190734863,15.800000190734863,15.800000190734863,18020,0.0,0.0,0.0
2025-01-06 03:30:00+00:00,15.8100004196167,15.819999694824219,15.8100004196167,15.8100004196167,72552,0.0,0.0,0.0
2025-01-06 03:35:00+00:00,15.8100004196167,15.8100004196167,15.8100004196167,15.8100004196167,15582,0.0,0.0,0.0
2025-01-06 03:40:00+00:00,15.819999694824219,15.819999694824219,15.819999694824219,15.819999694824219,40143,0.0,0.0,0.0
2025-01-06 03:45:00+00:00,15.819999694824219,15.819999694824219,15.8100004196167,15.8100004196167,22270,0.0,0.0,0.0
2025-01-06 03:50:00+00:00,15.8100004196167,15.8100004196167,15.8100004196167,15.8100004196167,8036,0.0,0.0,0.0
2025-01-06 03:55:00+00:00,15.8100004196167,15.819999694824219,15.8100004196167,15.8100004196167,8000,0.0,0.0,0.0
2025-01-06 04:00:00+00:00,15.8100004196167,15.8100004196167,15.8100004196167,15.8100004196167,19003,0.0,0.0,0.0
2025-01-06 04:05:00+00:00,15.8100004196167,15.8100004196167,15.8100004196167,15.8100004196167,3520,0.0,0.0,0.0
2025-01-06 04:15:00+00:00,15.800000190734863,15.8100004196167,15.800000190734863,15.8100004196167,51800,0.0,0.0,0.0
2025-01-06 04:20:00+00:00,15.800000190734863,15.800000190734863,15.789999961853027,15.789999961853027,26123,0.0,0.0,0.0
2025-01-06 04:25:00+00:00,15.789999961853027,15.789999961853027,15.789999961853027,15.789999961853027,11237,0.0,0.0,0.0
2025-01-06 04:30:00+00:00,15.800000190734863,15.800000190734863,15.789999961853027,15.789999961853027,5458,0.0,0.0,0.0
2025-01-06 04:35:00+00:00,15.789999961853027,15.789999961853027,15.779999732971191,15.779999732971191,15638,0.0,0.0,0.0
2025-01-06 04:40:00+00:00,15.770000457763672,15.779999732971191,15.770000457763672,15.779999732971191,4879,0.0,0.0,0.0
2025-01-06 04:45:00+00:00,15.779999732971191,15.779999732971191,15.779999732971191,15.779999732971191,1172,0.0,0.0,0.0
2025-01-06 04:50:00+00:00,15.770000457763672,15.770000457763672,15.770000457763672,15.770000457763672,72143,0.0,0.0,0.0
2025-01-06 04:55:00+00:00,15.770000457763672,15.770000457763672,15.770000457763672,15.770000457763672,9766,0.0,0.0,0.0
2025-01-06 05:00:00+00:00,15.779999732971191,15.779999732971191,15.779999732971191,15.779999732971191,7771,0.0,0.0,0.0
2025-01-06 05:05:00+00:00,15.779999732971191,15.779999732971191,15.779999732971191,15.779999732971191,64030,0.0,0.0,0.0
2025-01-06 05:10:00+00:00,15.779999732971191,15.789999961853027,15.779999732971191,15.789999961853027,3105,0.0,0.0,0.0
2025-01-06 05:15:00+00:00,15.789999961853027,15.789999961853027,15.789999961853027,15.789999961853027,5854,0.0,0.0,0.0
2025-01-06 05:20:00+00:00,15.789999961853027,15.789999961853027,15.789999961853027,15.789999961853027,10560,0.0,0.0,0.0
2025-01-07 01:00:00+00:00,15.829999923706055,15.829999923706055,15.789999961853027,15.800000190734863,0,0.0,0.0,0.0
2025-01-07 01:05:00+00:00,15.789999961853027,15.789999961853027,15.779999732971191,15.779999732971191,16020,0.0,0.0,0.0
2025-01-07 01:10:00+00:00,15.770000457763672,15.770000457763672,15.770000457763672,15.770000457763672,14000,0.0,0.0,0.0
2025-01-07 01:15:00+00:00,15.770000457763672,15.770000457763672,15.770000457763672,15.770000457763672,20180,0.0,0.0,0.0
2025-01-07 01:20:00+00:00,15.760000228881836,15.770000457763672,15.760000228881836,15.770000457763672,6657,0.0,0.0,0.0
2025-01-07 01:25:00+00:00,15.760000228881836,15.770000457763672,15.760000228881836,15.760000228881836,91276,0.0,0.0,0.0
2025-01-07 01:30:00+00:00,15.760000228881836,15.779999732971191,15.760000228881836,15.779999732971191,39018,0.0,0.0,0.0
2025-01-07 01:35:00+00:00,15.779999732971191,15.800000190734863,15.779999732971191,15.800000190734863,17513,0.0,0.0,0.0
2025-01-07 01:40:00+00:00,15.800000190734863,15.800000190734863,15.770000457763672,15.779999732971191,26189,0.0,0.0,0.0
2025-01-07 01:45:00+00:00,15.779999732971191,15.779999732971191,15.779999732971191,15.779999732971191,2631,0.0,0.0,0.0
2025-01-07 01:50:00+00:00,15.770000457763672,15.770000457763672,15.770000457763672,15.770000457763672,25100,0.0,0.0,0.0
2025-01-07 01:55:00+00:00,15.760000228881836,15.770000457763672,15.75,15.770000457763672,33540,0.0,0.0,0.0
2025-01-07 02:00:00+00:00,15.760000228881836,15.760000228881836,15.760000228881836,15.760000228881836,2600,0.0,0.0,0.0
2025-01-07 02:05:00+00:00,15.760000228881836,15.770000457763672,15.760000228881836,15.760000228881836,20095,0.0,0.0,0.0
2025-01-07 02:10:00+00:00,15.760000228881836,15.770000457763672,15.760000228881836,15.760000228881836,40655,0.0,0.0,0.0
2025-01-07 02:15:00+00:00,15.760000228881836,15.760000228881836,15.75,15.75,43370,0.0,0.0,0.0
2025-01-07 02:20:00+00:00,15.760000228881836,15.760000228881836,15.760000228881836,15.760000228881836,14064,0.0,0.0,0.0
2025-01-07 02:25:00+00:00,15.760000228881836,15.770000457763672,15.760000228881836,15.770000457763672,10360,0.0,0.0,0.0
2025-01-07 02:30:00+00:00,15.770000457763672,15.770000457763672,15.75,15.760000228881836,32785,0.0,0.0,0.0
2025-01-07 02:40:00+00:00,15.760000228881836,15.760000228881836,15.760000228881836,15.760000228881836,6187,0.0,0.0,0.0
2025-01-07 02:50:00+00:00,15.770000457763672,15.770000457763672,15.760000228881836,15.770000457763672,55810,0.0,0.0,0.0
2025-01-07 03:00:00+00:00,15.760000228881836,15.760000228881836,15.75,15.75,22424,0.0,0.0,0.0
2025-01-07 03:05:00+00:00,15.75,15.75,15.75,15.75,26238,0.0,0.0,0.0
2025-01-07 03:10:00+00:00,15.75,15.75,15.75,15.75,25185,0.0,0.0,0.0
2025-01-07 03:15:00+00:00,15.75,15.75,15.75,15.75,1310,0.0,0.0,0.0
2025-01-07 03:20:00+00:00,15.760000228881836,15.760000228881836,15.760000228881836,15.760000228881836,4090,0.0,0.0,0.0
2025-01-07 03:25:00+00:00,15.75,15.75,15.75,15.75,49107,0.0,0.0,0.0
2025-01-07 03:30:00+00:00,15.739999771118164,15.739999771118164,15.739999771118164,15.739999771118164,39780,0.0,0.0,0.0
2025-01-07 03:35:00+00:00,15.729999542236328,15.729999542236328,15.729999542236328,15.729999542236328,2683,0.0,0.0,0.0
2025-01-07 03:40:00+00:00,15.729999542236328,15.729999542236328,15.729999542236328,15.729999542236328,2000,0.0,0.0,0.0
2025-01-07 03:45:00+00:00,15.729999542236328,15.739999771118164,15.729999542236328,15.739999771118164,21725,0.0,0.0,0.0
2025-01-07 03:55:00+00:00,15.729999542236328,15.739999771118164,15.729999542236328,15.739999771118164,2010,0.0,0.0,0.0
2025-01-07 04:00:00+00:00,15.739999771118164,15.739999771118164,15.729999542236328,15.729999542236328,25100,0.0,0.0,0.0
2025-01-07 04:05:00+00:00,15.729999542236328,15.739999771118164,15.729999542236328,15.739999771118164,5660,0.0,0.0,0.0
2025-01-07 04:10:00+00:00,15.729999542236328,15.739999771118164,15.729999542236328,15.739999771118164,48100,0.0,0.0,0.0
2025-01-07 04:15:00+00:00,15.739999771118164,15.739999771118164,15.729999542236328,15.729999542236328,18254,0.0,0.0,0.0
2025-01-07 04:20:00+00:00,15.739999771118164,15.739999771118164,15.739999771118164,15.739999771118164,7160,0.0,0.0,0.0
2025-01-07 04:25:00+00:00,15.739999771118164,15.739999771118164,15.729999542236328,15.729999542236328,40488,0.0,0.0,0.0
2025-01-07 04:30:00+00:00,15.729999542236328,15.729999542236328,15.720000267028809,15.720000267028809,96950,0.0,0.0,0.0
2025-01-07 04:35:00+00:00,15.720000267028809,15.729999542236328,15.720000267028809,15.729999542236328,10000,0.0,0.0,0.0
2025-01-07 04:40:00+00:00,15.739999771118164,15.760000228881836,15.739999771118164,15.760000228881836,21011,0.0,0.0,0.0
2025-01-07 04:45:00+00:00,15.760000228881836,15.760000228881836,15.760000228881836,15.760000228881836,2932,0.0,0.0,0.0
2025-01-07 04:50:00+00:00,15.75,15.75,15.75,15.75,3200,0.0,0.0,0.0
2025-01-07 04:55:00+00:00,15.75,15.75,15.75,15.75,10143,0.0,0.0,0.0
2025-01-07 05:00:00+00:00,15.75,15.75,15.739999771118164,15.75,45366,0.0,0.0,0.0
2025-01-07 05:05:00+00:00,15.75,15.75,15.75,15.75,4000,0.0,0.0,0.0
2025-01-07 05:10:00+00:00,15.75,15.75,15.75,15.75,3000,0.0,0.0,0.0
2025-01-07 05:15:00+00:00,15.75,15.75,15.75,15.75,46539,0.0,0.0,0.0
2025-01-07 05:20:00+00:00,15.75,15.75,15.729999542236328,15.739999771118164,57457,0.0,0.0,0.0
2025-01-08 01:00:00+00:00,15.729999542236328,15.729999542236328,15.710000038146973,15.710000038146973,0,0.0,0.0,0.0
2025-01-08 01:05:00+00:00,15.710000038146973,15.710000038146973,15.699999809265137,15.699999809265137,45096,0.0,0.0,0.0
2025-01-08 01:10:00+00:00,15.720000267028809,15.720000267028809,15.710000038146973,15.710000038146973,11893,0.0,0.0,0.0
2025-01-08 01:15:00+00:00,15.710000038146973,15.720000267028809,15.710000038146973,15.710000038146973,5628,0.0,0.0,0.0
2025-01-08 01:20:00+00:00,15.699999809265137,15.699999809265137,15.6899995803833,15.6899995803833,32361,0.0,0.0,0.0
2025-01-08 01:25:00+00:00,15.699999809265137,15.699999809265137,15.699999809265137,15.699999809265137,7525,0.0,0.0,0.0
2025-01-08 01:30:00+00:00,15.699999809265137,15.699999809265137,15.699999809265137,15.699999809265137,95498,0.0,0.0,0.0
2025-01-08 01:35:00+00:00,15.699999809265137,15.729999542236328,15.699999809265137,15.729999542236328,42659,0.0,0.0,0.0
2025-01-08 01:40:00+00:00,15.720000267028809,15.720000267028809,15.720000267028809,15.720000267028809,3000,0.0,0.0,0.0
2025-01-08 01:45:00+00:00,15.710000038146973,15.710000038146973,15.710000038146973,15.710000038146973,8639,0.0,0.0,0.0
2025-01-08 01:55:00+00:00,15.710000038146973,15.710000038146973,15.699999809265137,15.699999809265137,3211,0.0,0.0,0.0
2025-01-08 02:00:00+00:00,15.699999809265137,15.699999809265137,15.699999809265137,15.699999809265137,28000,0.0,0.0,0.0
2025-01-08 02:05:00+00:00,15.710000038146973,15.729999542236328,15.710000038146973,15.710000038146973,22759,0.0,0.0,0.0
2025-01-08 02:10:00+00:00,15.710000038146973,15.710000038146973,15.710000038146973,15.710000038146973,1825,0.0,0.0,0.0
2025-01-08 02:15:00+00:00,15.710000038146973,15.710000038146973,15.710000038146973,15.710000038146973,7081,0.0,0.0,0.0
2025-01-08 02:20:00+00:00,15.720000267028809,15.720000267028809,15.720000267028809,15.720000267028809,10800,0.0,0.0,0.0
2025-01-08 02:25:00+00:00,15.720000267028809,15.729999542236328,15.720000267028809,15.720000267028809,6210,0.0,0.0,0.0
2025-01-08 02:30:00+00:00,15.720000267028809,15.729999542236328,15.720000267028809,15.729999542236328,7099,0.0,0.0,0.0
2025-01-08 02:35:00+00:00,15.720000267028809,15.720000267028809,15.720000267028809,15.720000267028809,39179,0.0,0.0,0.0
2025-01-08 02:40:00+00:00,15.720000267028809,15.720000267028809,15.720000267028809,15.720000267028809,5666,0.0,0.0,0.0
2025-01-08 02:50:00+00:00,15.720000267028809,15.720000267028809,15.720000267028809,15.720000267028809,2449,0.0,0.0,0.0
2025-01-08 03:00:00+00:00,15.710000038146973,15.710000038146973,15.710000038146973,15.710000038146973,4000,0.0,0.0,0.0
2025-01-08 03:05:00+00:00,15.710000038146973,15.710000038146973,15.699999809265137,15.699999809265137,15261,0.0,0.0,0.0
2025-01-08 03:10:00+00:00,15.699999809265137,15.720000267028809,15.699999809265137,15.720000267028809,24565,0.0,0.0,0.0
2025-01-08 03:20:00+00:00,15.710000038146973,15.710000038146973,15.710000038146973,15.710000038146973,7026,0.0,0.0,0.0
2025-01-08 03:25:00+00:00,15.699999809265137,15.710000038146973,15.699999809265137,15.710000038146973,7299,0.0,0.0,0.0
2025-01-08 03:30:00+00:00,15.710000038146973,15.710000038146973,15.710000038146973,15.710000038146973,1000,0.0,0.0,0.0
2025-01-08 03:35:00+00:00,15.710000038146973,15.720000267028809,15.710000038146973,15.720000267028809,8159,0.0,0.0,0.0
2025-01-08 03:40:00+00:00,15.720000267028809,15.720000267028809,15.720000267028809,15.720000267028809,10254,0.0,0.0,0.0
2025-01-08 03:45:00+00:00,15.720000267028809,15.720000267028809,15.720000267028809,15.720000267028809,10000,0.0,0.0,0.0
2025-01-08 03:50:00+00:00,15.720000267028809,15.720000267028809,15.720000267028809,15.720000267028809,1000,0.0,0.0,0.0
2025-01-08 03:55:00+00:00,15.720000267028809,15.720000267028809,15.720000267028809,15.720000267028809,1900,0.0,0.0,0.0
2025-01-08 04:00:00+00:00,15.720000267028809,15.720000267028809,15.720000267028809,15.720000267028809,17000,0.0,0.0,0.0
2025-01-08 04:05:00+00:00,15.729999542236328,15.729999542236328,15.729999542236328,15.729999542236328,62000,0.0,0.0,0.0
2025-01-08 04:10:00+00:00,15.729999542236328,15.729999542236328,15.729999542236328,15.729999542236328,3278,0.0,0.0,0.0
2025-01-08 04:15:00+00:00,15.720000267028809,15.720000267028809,15.720000267028809,15.720000267028809,91709,0.0,0.0,0.0
2025-01-08 04:20:00+00:00,15.720000267028809,15.720000267028809,15.720000267028809,15.720000267028809,25170,0.0,0.0,0.0
2025-01-08 04:25:00+00:00,15.720000267028809,15.720000267028809,15.720000267028809,15.720000267028809,1000,0.0,0.0,0.0
2025-01-08 04:30:00+00:00,15.729999542236328,15.729999542236328,15.729999542236328,15.729999542236328,2000,0.0,0.0,0.0
2025-01-08 04:35:00+00:00,15.729999542236328,15.729999542236328,15.729999542236328,15.729999542236328,6440,0.0,0.0,0.0
2025-01-08 04:40:00+00:00,15.729999542236328,15.729999542236328,15.720000267028809,15.720000267028809,9010,0.0,0.0,0.0
2025-01-08 04:45:00+00:00,15.729999542236328,15.739999771118164,15.729999542236328,15.739999771118164,21610,0.0,0.0,0.0
2025-01-08 04:50:00+00:00,15.739999771118164,15.739999771118164,15.729999542236328,15.739999771118164,4130,0.0,0.0,0.0
2025-01-08 04:55:00+00:00,15.739999771118164,15.739999771118164,15.739999771118164,15.739999771118164,4000,0.0,0.0,0.0
2025-01-08 05:00:00+00:00,15.739999771118164,15.739999771118164,15.739999771118164,15.739999771118164,69125,0.0,0.0,0.0
2025-01-08 05:05:00+00:00,15.739999771118164,15.739999771118164,15.739999771118164,15.739999771118164,10720,0.0,0.0,0.0
2025-01-08 05:10:00+00:00,15.729999542236328,15.729999542236328,15.729999542236328,15.729999542236328,22000,0.0,0.0,0.0
2025-01-08 05:15:00+00:00,15.729999542236328,15.729999542236328,15.720000267028809,15.729999542236328,99110,0.0,0.0,0.0
2025-01-08 05:20:00+00:00,15.729999542236328,15.729999542236328,15.720000267028809,15.729999542236328,31861,0.0,0.0,0.0
2025-01-09 01:00:00+00:00,15.729999542236328,15.729999542236328,15.710000038146973,15.710000038146973,0,0.0,0.0,0.0
2025-01-09 01:05:00+00:00,15.699999809265137,15.699999809265137,15.6899995803833,15.6899995803833,31519,0.0,0.0,0.0
2025-01-09 01:10:00+00:00,15.699999809265137,15.699999809265137,15.680000305175781,15.680000305175781,146457,0.0,0.0,0.0
2025-01-09 01:15:00+00:00,15.680000305175781,15.680000305175781,15.65999984741211,15.65999984741211,37820,0.0,0.0,0.0
2025-01-09 01:20:00+00:00,15.65999984741211,15.670000076293945,15.65999984741211,15.670000076293945,106384,0.0,0.0,0.0
2025-01-09 01:25:00+00:00,15.65999984741211,15.699999809265137,15.65999984741211,15.699999809265137,12100,0.0,0.0,0.0
2025-01-09 01:30:00+00:00,15.699999809265137,15.699999809265137,15.670000076293945,15.680000305175781,14110,0.0,0.0,0.0
2025-01-09 01:35:00+00:00,15.670000076293945,15.670000076293945,15.65999984741211,15.65999984741211,115522,0.0,0.0,0.0
2025-01-09 01:40:00+00:00,15.670000076293945,15.6899995803833,15.670000076293945,15.680000305175781,111000,0.0,0.0,0.0
2025-01-09 01:45:00+00:00,15.680000305175781,15.680000305175781,15.670000076293945,15.670000076293945,13684,0.0,0.0,0.0
2025-01-09 01:50:00+00:00,15.670000076293945,15.670000076293945,15.670000076293945,15.670000076293945,2080,0.0,0.0,0.0
2025-01-09 01:55:00+00:00,15.670000076293945,15.670000076293945,15.65999984741211,15.65999984741211,35780,0.0,0.0,0.0
2025-01-09 02:00:00+00:00,15.670000076293945,15.680000305175781,15.670000076293945,15.670000076293945,5200,0.0,0.0,0.0
2025-01-09 02:05:00+00:00,15.670000076293945,15.670000076293945,15.670000076293945,15.670000076293945,4235,0.0,0.0,0.0
2025-01-09 02:10:00+00:00,15.670000076293945,15.670000076293945,15.670000076293945,15.670000076293945,8000,0.0,0.0,0.0
2025-01-09 02:15:00+00:00,15.670000076293945,15.670000076293945,15.670000076293945,15.670000076293945,10340,0.0,0.0,0.0
2025-01-09 02:20:00+00:00,15.670000076293945,15.670000076293945,15.670000076293945,15.670000076293945,1500,0.0,0.0,0.0
2025-01-09 02:25:00+00:00,15.680000305175781,15.680000305175781,15.680000305175781,15.680000305175781,6000,0.0,0.0,0.0
2025-01-09 02:30:00+00:00,15.680000305175781,15.680000305175781,15.670000076293945,15.670000076293945,5613,0.0,0.0,0.0
2025-01-09 02:35:00+00:00,15.670000076293945,15.670000076293945,15.65999984741211,15.65999984741211,13120,0.0,0.0,0.0
2025-01-09 02:40:00+00:00,15.65999984741211,15.65999984741211,15.649999618530273,15.649999618530273,183557,0.0,0.0,0.0
2025-01-09 02:45:00+00:00,15.649999618530273,15.65999984741211,15.640000343322754,15.640000343322754,73447,0.0,0.0,0.0
2025-01-09 02:50:00+00:00,15.640000343322754,15.649999618530273,15.640000343322754,15.649999618530273,6160,0.0,0.0,0.0
2025-01-09 02:55:00+00:00,15.640000343322754,15.649999618530273,15.640000343322754,15.649999618530273,11530,0.0,0.0,0.0
2025-01-09 03:00:00+00:00,15.649999618530273,15.649999618530273,15.649999618530273,15.649999618530273,7510,0.0,0.0,0.0
2025-01-09 03:05:00+00:00,15.649999618530273,15.649999618530273,15.649999618530273,15.649999618530273,20611,0.0,0.0,0.0
2025-01-09 03:10:00+00:00,15.649999618530273,15.649999618530273,15.640000343322754,15.649999618530273,17260,0.0,0.0,0.0
2025-01-09 03:15:00+00:00,15.65999984741211,15.65999984741211,15.640000343322754,15.640000343322754,99418,0.0,0.0,0.0
2025-01-09 03:20:00+00:00,15.640000343322754,15.640000343322754,15.630000114440918,15.630000114440918,16300,0.0,0.0,0.0
2025-01-09 03:25:00+00:00,15.630000114440918,15.630000114440918,15.630000114440918,15.630000114440918,71170,0.0,0.0,0.0
2025-01-09 03:30:00+00:00,15.630000114440918,15.640000343322754,15.630000114440918,15.630000114440918,10580,0.0,0.0,0.0
2025-01-09 03:35:00+00:00,15.630000114440918,15.630000114440918,15.630000114440918,15.630000114440918,5050,0.0,0.0,0.0
2025-01-09 03:40:00+00:00,15.630000114440918,15.630000114440918,15.630000114440918,15.630000114440918,3068,0.0,0.0,0.0
2025-01-09 03:45:00+00:00,15.630000114440918,15.640000343322754,15.630000114440918,15.630000114440918,23100,0.0,0.0,0.0
2025-01-09 03:50:00+00:00,15.619999885559082,15.619999885559082,15.619999885559082,15.619999885559082,46385,0.0,0.0,0.0
2025-01-09 03:55:00+00:00,15.619999885559082,15.619999885559082,15.619999885559082,15.619999885559082,1130,0.0,0.0,0.0
2025-01-09 04:00:00+00:00,15.619999885559082,15.619999885559082,15.609999656677246,15.609999656677246,37072,0.0,0.0,0.0
2025-01-09 04:05:00+00:00,15.609999656677246,15.609999656677246,15.59000015258789,15.59000015258789,180306,0.0,0.0,0.0
2025-01-09 04:10:00+00:00,15.600000381469727,15.600000381469727,15.579999923706055,15.579999923706055,45502,0.0,0.0,0.0
2025-01-09 04:15:00+00:00,15.569999694824219,15.569999694824219,15.569999694824219,15.569999694824219,21885,0.0,0.0,0.0
2025-01-09 04:20:00+00:00,15.569999694824219,15.569999694824219,15.5600004196167,15.5600004196167,52887,0.0,0.0,0.0
2025-01-09 04:25:00+00:00,15.569999694824219,15.569999694824219,15.5600004196167,15.5600004196167,52180,0.0,0.0,0.0
2025-01-09 04:30:00+00:00,15.5600004196167,15.569999694824219,15.5600004196167,15.569999694824219,43160,0.0,0.0,0.0
2025-01-09 04:35:00+00:00,15.569999694824219,15.569999694824219,15.550000190734863,15.550000190734863,142129,0.0,0.0,0.0
2025-01-09 04:40:00+00:00,15.550000190734863,15.550000190734863,15.539999961853027,15.539999961853027,49450,0.0,0.0,0.0
2025-01-09 04:45:00+00:00,15.539999961853027,15.539999961853027,15.529999732971191,15.539999961853027,62601,0.0,0.0,0.0
2025-01-09 04:50:00+00:00,15.539999961853027,15.550000190734863,15.539999961853027,15.550000190734863,8620,0.0,0.0,0.0
2025-01-09 04:55:00+00:00,15.550000190734863,15.5600004196167,15.550000190734863,15.550000190734863,32660,0.0,0.0,0.0
2025-01-09 05:00:00+00:00,15.550000190734863,15.550000190734863,15.539999961853027,15.550000190734863,13170,0.0,0.0,0.0
2025-01-09 05:05:00+00:00,15.550000190734863,15.5600004196167,15.539999961853027,15.5600004196167,42924,0.0,0.0,0.0
2025-01-09 05:10:00+00:00,15.5600004196167,15.5600004196167,15.550000190734863,15.550000190734863,48107,0.0,0.0,0.0
2025-01-09 05:15:00+00:00,15.550000190734863,15.550000190734863,15.539999961853027,15.539999961853027,82976,0.0,0.0,0.0
2025-01-09 05:20:00+00:00,15.539999961853027,15.5600004196167,15.529999732971191,15.5600004196167,281633,0.0,0.0,0.0
2025-01-10 01:00:00+00:00,15.5,15.5,15.460000038146973,15.479999542236328,0,0.0,0.0,0.0
2025-01-10 01:05:00+00:00,15.489999771118164,15.489999771118164,15.470000267028809,15.489999771118164,24249,0.0,0.0,0.0
2025-01-10 01:10:00+00:00,15.5,15.5,15.5,15.5,11494,0.0,0.0,0.0
2025-01-10 01:15:00+00:00,15.5,15.5,15.489999771118164,15.489999771118164,74866,0.0,0.0,0.0
2025-01-10 01:20:00+00:00,15.489999771118164,15.489999771118164,15.449999809265137,15.449999809265137,219791,0.0,0.0,0.0
2025-01-10 01:25:00+00:00,15.449999809265137,15.449999809265137,15.420000076293945,15.420000076293945,278406,0.0,0.0,0.0
2025-01-10 01:30:00+00:00,15.430000305175781,15.430000305175781,15.40999984741211,15.40999984741211,82101,0.0,0.0,0.0
2025-01-10 01:35:00+00:00,15.40999984741211,15.40999984741211,15.390000343322754,15.390000343322754,164761,0.0,0.0,0.0
2025-01-10 01:40:00+00:00,15.40999984741211,15.40999984741211,15.399999618530273,15.399999618530273,45562,0.0,0.0,0.0
2025-01-10 01:45:00+00:00,15.399999618530273,15.399999618530273,15.390000343322754,15.390000343322754,54935,0.0,0.0,0.0
2025-01-10 01:50:00+00:00,15.390000343322754,15.390000343322754,15.380000114440918,15.390000343322754,108356,0.0,0.0,0.0
2025-01-10 01:55:00+00:00,15.390000343322754,15.390000343322754,15.390000343322754,15.390000343322754,36190,0.0,0.0,0.0
2025-01-10 02:00:00+00:00,15.390000343322754,15.390000343322754,15.380000114440918,15.390000343322754,155424,0.0,0.0,0.0
2025-01-10 02:05:00+00:00,15.390000343322754,15.399999618530273,15.380000114440918,15.399999618530273,29400,0.0,0.0,0.0
2025-01-10 02:10:00+00:00,15.390000343322754,15.4399995803833,15.390000343322754,15.430000305175781,71060,0.0,0.0,0.0
2025-01-10 02:15:00+00:00,15.430000305175781,15.460000038146973,15.430000305175781,15.449999809265137,16648,0.0,0.0,0.0
2025-01-10 02:20:00+00:00,15.470000267028809,15.470000267028809,15.460000038146973,15.460000038146973,3000,0.0,0.0,0.0
2025-01-10 02:25:00+00:00,15.470000267028809,15.470000267028809,15.460000038146973,15.460000038146973,5000,0.0,0.0,0.0
2025-01-10 02:30:00+00:00,15.460000038146973,15.460000038146973,15.449999809265137,15.449999809265137,26303,0.0,0.0,0.0
2025-01-10 02:35:00+00:00,15.449999809265137,15.449999809265137,15.449999809265137,15.449999809265137,2860,0.0,0.0,0.0
2025-01-10 02:40:00+00:00,15.4399995803833,15.4399995803833,15.430000305175781,15.430000305175781,20063,0.0,0.0,0.0
2025-01-10 02:50:00+00:00,15.430000305175781,15.430000305175781,15.430000305175781,15.430000305175781,1700,0.0,0.0,0.0
2025-01-10 02:55:00+00:00,15.430000305175781,15.430000305175781,15.420000076293945,15.420000076293945,100430,0.0,0.0,0.0
2025-01-10 03:00:00+00:00,15.430000305175781,15.430000305175781,15.430000305175781,15.430000305175781,2000,0.0,0.0,0.0
2025-01-10 03:05:00+00:00,15.430000305175781,15.4399995803833,15.430000305175781,15.4399995803833,27090,0.0,0.0,0.0
2025-01-10 03:10:00+00:00,15.4399995803833,15.449999809265137,15.4399995803833,15.449999809265137,54377,0.0,0.0,0.0
2025-01-10 03:15:00+00:00,15.449999809265137,15.449999809265137,15.449999809265137,15.449999809265137,5000,0.0,0.0,0.0
2025-01-10 03:20:00+00:00,15.449999809265137,15.460000038146973,15.449999809265137,15.460000038146973,5000,0.0,0.0,0.0
2025-01-10 03:25:00+00:00,15.4399995803833,15.460000038146973,15.4399995803833,15.460000038146973,15504,0.0,0.0,0.0
2025-01-10 03:30:00+00:00,15.460000038146973,15.460000038146973,15.460000038146973,15.460000038146973,5000,0.0,0.0,0.0
2025-01-10 03:35:00+00:00,15.460000038146973,15.460000038146973,15.4399995803833,15.4399995803833,18205,0.0,0.0,0.0
2025-01-10 03:40:00+00:00,15.4399995803833,15.4399995803833,15.4399995803833,15.4399995803833,4300,0.0,0.0,0.0
2025-01-10 03:45:00+00:00,15.4399995803833,15.449999809265137,15.4399995803833,15.449999809265137,16300,0.0,0.0,0.0
2025-01-10 03:50:00+00:00,15.449999809265137,15.449999809265137,15.449999809265137,15.449999809265137,1046,0.0,0.0,0.0
2025-01-10 03:55:00+00:00,15.4399995803833,15.4399995803833,15.4399995803833,15.4399995803833,4635,0.0,0.0,0.0
2025-01-10 04:00:00+00:00,15.4399995803833,15.4399995803833,15.4399995803833,15.4399995803833,4777,0.0,0.0,0.0
2025-01-10 04:05:00+00:00,15.430000305175781,15.430000305175781,15.430000305175781,15.430000305175781,29323,0.0,0.0,0.0
2025-01-10 04:10:00+00:00,15.430000305175781,15.430000305175781,15.430000305175781,15.430000305175781,5722,0.0,0.0,0.0
2025-01-10 04:15:00+00:00,15.430000305175781,15.430000305175781,15.420000076293945,15.420000076293945,217200,0.0,0.0,0.0
2025-01-10 04:20:00+00:00,15.430000305175781,15.430000305175781,15.430000305175781,15.430000305175781,5100,0.0,0.0,0.0
2025-01-10 04:25:00+00:00,15.430000305175781,15.4399995803833,15.420000076293945,15.430000305175781,74090,0.0,0.0,0.0
2025-01-10 04:30:00+00:00,15.4399995803833,15.4399995803833,15.4399995803833,15.4399995803833,13557,0.0,0.0,0.0
2025-01-10 04:35:00+00:00,15.4399995803833,15.4399995803833,15.4399995803833,15.4399995803833,23800,0.0,0.0,0.0
2025-01-10 04:40:00+00:00,15.4399995803833,15.449999809265137,15.430000305175781,15.449999809265137,243792,0.0,0.0,0.0
2025-01-10 04:45:00+00:00,15.449999809265137,15.449999809265137,15.4399995803833,15.4399995803833,13338,0.0,0.0,0.0
2025-01-10 04:50:00+00:00,15.4399995803833,15.470000267028809,15.4399995803833,15.470000267028809,245315,0.0,0.0,0.0
2025-01-10 04:55:00+00:00,15.479999542236328,15.479999542236328,15.460000038146973,15.460000038146973,41307,0.0,0.0,0.0
2025-01-10 05:00:00+00:00,15.470000267028809,15.470000267028809,15.470000267028809,15.470000267028809,9734,0.0,0.0,0.0
2025-01-10 05:05:00+00:00,15.479999542236328,15.489999771118164,15.479999542236328,15.489999771118164,175298,0.0,0.0,0.0
2025-01-10 05:10:00+00:00,15.5,15.510000228881836,15.489999771118164,15.5,48594,0.0,0.0,0.0
2025-01-10 05:15:00+00:00,15.5,15.5,15.479999542236328,15.479999542236328,36179,0.0,0.0,0.0
2025-01-10 05:20:00+00:00,15.479999542236328,15.479999542236328,15.460000038146973,15.470000267028809,106773,0.0,0.0,0.0
2025-01-13 01:00:00+00:00,15.460000038146973,15.460000038146973,15.430000305175781,15.430000305175781,0,0.0,0.0,0.0
2025-01-13 01:05:00+00:00,15.430000305175781,15.430000305175781,15.399999618530273,15.399999618530273,164721,0.0,0.0,0.0
2025-01-13 01:10:00+00:00,15.399999618530273,15.399999618530273,15.369999885559082,15.369999885559082,48740,0.0,0.0,0.0
2025-01-13 01:15:00+00:00,15.369999885559082,15.380000114440918,15.369999885559082,15.369999885559082,27316,0.0,0.0,0.0
2025-01-13 01:20:00+00:00,15.369999885559082,15.369999885559082,15.329999923706055,15.329999923706055,106690,0.0,0.0,0.0
2025-01-13 01:25:00+00:00,15.34000015258789,15.34000015258789,15.3100004196167,15.3100004196167,67012,0.0,0.0,0.0
2025-01-13 01:30:00+00:00,15.300000190734863,15.3100004196167,15.279999732971191,15.279999732971191,97231,0.0,0.0,0.0
2025-01-13 01:35:00+00:00,15.279999732971191,15.289999961853027,15.279999732971191,15.289999961853027,33641,0.0,0.0,0.0
2025-01-13 01:40:00+00:00,15.289999961853027,15.289999961853027,15.25,15.25,239023,0.0,0.0,0.0
2025-01-13 01:45:00+00:00,15.25,15.25,15.210000038146973,15.25,67827,0.0,0.0,0.0
2025-01-13 01:50:00+00:00,15.270000457763672,15.289999961853027,15.270000457763672,15.289999961853027,25520,0.0,0.0,0.0
2025-01-13 01:55:00+00:00,15.279999732971191,15.279999732971191,15.25,15.25,85399,0.0,0.0,0.0
2025-01-13 02:00:00+00:00,15.25,15.25,15.229999542236328,15.25,26130,0.0,0.0,0.0
2025-01-13 02:05:00+00:00,15.270000457763672,15.289999961853027,15.260000228881836,15.289999961853027,123420,0.0,0.0,0.0
2025-01-13 02:10:00+00:00,15.289999961853027,15.289999961853027,15.289999961853027,15.289999961853027,4962,0.0,0.0,0.0
2025-01-13 02:15:00+00:00,15.289999961853027,15.3100004196167,15.289999961853027,15.3100004196167,162115,0.0,0.0,0.0
2025-01-13 02:20:00+00:00,15.300000190734863,15.3100004196167,15.300000190734863,15.300000190734863,55019,0.0,0.0,0.0
2025-01-13 02:25:00+00:00,15.300000190734863,15.300000190734863,15.300000190734863,15.300000190734863,25010,0.0,0.0,0.0
2025-01-13 02:30:00+00:00,15.3100004196167,15.3100004196167,15.3100004196167,15.3100004196167,32913,0.0,0.0,0.0
2025-01-13 02:35:00+00:00,15.319999694824219,15.319999694824219,15.319999694824219,15.319999694824219,5545,0.0,0.0,0.0
2025-01-13 02:40:00+00:00,15.3100004196167,15.319999694824219,15.3100004196167,15.319999694824219,22380,0.0,0.0,0.0
2025-01-13 02:45:00+00:00,15.319999694824219,15.319999694824219,15.300000190734863,15.300000190734863,42603,0.0,0.0,0.0
2025-01-13 02:50:00+00:00,15.300000190734863,15.3100004196167,15.300000190734863,15.3100004196167,17140,0.0,0.0,0.0
2025-01-13 02:55:00+00:00,15.3100004196167,15.319999694824219,15.3100004196167,15.319999694824219,92574,0.0,0.0,0.0
2025-01-13 03:00:00+00:00,15.329999923706055,15.329999923706055,15.319999694824219,15.329999923706055,10306,0.0,0.0,0.0
2025-01-13 03:05:00+00:00,15.319999694824219,15.319999694824219,15.319999694824219,15.319999694824219,4000,0.0,0.0,0.0
2025-01-13 03:10:00+00:00,15.3100004196167,15.3100004196167,15.289999961853027,15.289999961853027,91181,0.0,0.0,0.0
2025-01-13 03:15:00+00:00,15.289999961853027,15.3100004196167,15.289999961853027,15.3100004196167,12262,0.0,0.0,0.0
2025-01-13 03:20:00+00:00,15.3100004196167,15.3100004196167,15.289999961853027,15.289999961853027,9370,0.0,0.0,0.0
2025-01-13 03:25:00+00:00,15.289999961853027,15.289999961853027,15.289999961853027,15.289999961853027,4325,0.0,0.0,0.0
2025-01-13 03:30:00+00:00,15.3100004196167,15.3100004196167,15.300000190734863,15.3100004196167,9752,0.0,0.0,0.0
2025-01-13 03:35:00+00:00,15.3100004196167,15.3100004196167,15.300000190734863,15.300000190734863,18196,0.0,0.0,0.0
2025-01-13 03:40:00+00:00,15.300000190734863,15.300000190734863,15.300000190734863,15.300000190734863,15730,0.0,0.0,0.0
2025-01-13 03:45:00+00:00,15.300000190734863,15.300000190734863,15.289999961853027,15.289999961853027,24697,0.0,0.0,0.0
2025-01-13 03:50:00+00:00,15.289999961853027,15.289999961853027,15.289999961853027,15.289999961853027,10515,0.0,0.0,0.0
2025-01-13 03:55:00+00:00,15.289999961853027,15.289999961853027,15.289999961853027,15.289999961853027,7515,0.0,0.0,0.0
2025-01-13 04:00:00+00:00,15.289999961853027,15.329999923706055,15.289999961853027,15.329999923706055,161200,0.0,0.0,0.0
2025-01-13 04:05:00+00:00,15.329999923706055,15.34000015258789,15.319999694824219,15.34000015258789,56862,0.0,0.0,0.0
2025-01-13 04:10:00+00:00,15.350000381469727,15.350000381469727,15.329999923706055,15.329999923706055,8819,0.0,0.0,0.0
2025-01-13 04:15:00+00:00,15.329999923706055,15.329999923706055,15.329999923706055,15.329999923706055,1096,0.0,0.0,0.0
2025-01-13 04:20:00+00:00,15.329999923706055,15.350000381469727,15.329999923706055,15.34000015258789,10320,0.0,0.0,0.0
2025-01-13 04:25:00+00:00,15.34000015258789,15.34000015258789,15.329999923706055,15.329999923706055,21321,0.0,0.0,0.0
2025-01-13 04:30:00+00:00,15.329999923706055,15.350000381469727,15.329999923706055,15.350000381469727,92158,0.0,0.0,0.0
2025-01-13 04:35:00+00:00,15.350000381469727,15.350000381469727,15.350000381469727,15.350000381469727,3000,0.0,0.0,0.0
2025-01-13 04:40:00+00:00,15.350000381469727,15.350000381469727,15.34000015258789,15.34000015258789,33483,0.0,0.0,0.0
2025-01-13 04:45:00+00:00,15.34000015258789,15.34000015258789,15.34000015258789,15.34000015258789,5238,0.0,0.0,0.0
2025-01-13 04:50:00+00:00,15.34000015258789,15.350000381469727,15.34000015258789,15.350000381469727,31220,0.0,0.0,0.0
2025-01-13 04:55:00+00:00,15.350000381469727,15.359999656677246,15.34000015258789,15.359999656677246,40369,0.0,0.0,0.0
2025-01-13 05:00:00+00:00,15.359999656677246,15.359999656677246,15.350000381469727,15.350000381469727,9020,0.0,0.0,0.0
2025-01-13 05:05:00+00:00,15.350000381469727,15.350000381469727,15.34000015258789,15.34000015258789,17100,0.0,0.0,0.0
2025-01-13 05:10:00+00:00,15.350000381469727,15.350000381469727,15.34000015258789,15.34000015258789,121450,0.0,0.0,0.0
2025-01-13 05:15:00+00:00,15.34000015258789,15.350000381469727,15.34000015258789,15.34000015258789,133924,0.0,0.0,0.0
2025-01-13 05:20:00+00:00,15.359999656677246,15.369999885559082,15.359999656677246,15.369999885559082,99040,0.0,0.0,0.0
2025-01-14 01:00:00+00:00,15.430000305175781,15.430000305175781,15.40999984741211,15.40999984741211,0,0.0,0.0,0.0
2025-01-14 01:05:00+00:00,15.390000343322754,15.4399995803833,15.390000343322754,15.4399995803833,59241,0.0,0.0,0.0
2025-01-14 01:10:00+00:00,15.449999809265137,15.449999809265137,15.430000305175781,15.430000305175781,25333,0.0,0.0,0.0
2025-01-14 01:15:00+00:00,15.4399995803833,15.449999809265137,15.4399995803833,15.449999809265137,33588,0.0,0.0,0.0
2025-01-14 01:20:00+00:00,15.4399995803833,15.449999809265137,15.430000305175781,15.449999809265137,124985,0.0,0.0,0.0
2025-01-14 01:25:00+00:00,15.460000038146973,15.479999542236328,15.460000038146973,15.479999542236328,39238,0.0,0.0,0.0
2025-01-14 01:30:00+00:00,15.470000267028809,15.470000267028809,15.460000038146973,15.460000038146973,9288,0.0,0.0,0.0
2025-01-14 01:35:00+00:00,15.460000038146973,15.489999771118164,15.460000038146973,15.479999542236328,202290,0.0,0.0,0.0
2025-01-14 01:40:00+00:00,15.470000267028809,15.470000267028809,15.449999809265137,15.449999809265137,11444,0.0,0.0,0.0
2025-01-14 01:45:00+00:00,15.449999809265137,15.460000038146973,15.449999809265137,15.460000038146973,113096,0.0,0.0,0.0
2025-01-14 01:50:00+00:00,15.449999809265137,15.449999809265137,15.449999809265137,15.449999809265137,105845,0.0,0.0,0.0
2025-01-14 01:55:00+00:00,15.449999809265137,15.470000267028809,15.4399995803833,15.460000038146973,24526,0.0,0.0,0.0
2025-01-14 02:00:00+00:00,15.460000038146973,15.460000038146973,15.460000038146973,15.460000038146973,5100,0.0,0.0,0.0
2025-01-14 02:05:00+00:00,15.449999809265137,15.449999809265137,15.449999809265137,15.449999809265137,3532,0.0,0.0,0.0
2025-01-14 02:15:00+00:00,15.449999809265137,15.449999809265137,15.449999809265137,15.449999809265137,11650,0.0,0.0,0.0
2025-01-14 02:20:00+00:00,15.460000038146973,15.470000267028809,15.460000038146973,15.470000267028809,22000,0.0,0.0,0.0
2025-01-14 02:25:00+00:00,15.479999542236328,15.479999542236328,15.479999542236328,15.479999542236328,101450,0.0,0.0,0.0
2025-01-14 02:30:00+00:00,15.479999542236328,15.479999542236328,15.479999542236328,15.479999542236328,8275,0.0,0.0,0.0
2025-01-14 02:35:00+00:00,15.479999542236328,15.479999542236328,15.479999542236328,15.479999542236328,27440,0.0,0.0,0.0
2025-01-14 02:40:00+00:00,15.479999542236328,15.479999542236328,15.479999542236328,15.479999542236328,2325,0.0,0.0,0.0
2025-01-14 02:45:00+00:00,15.479999542236328,15.489999771118164,15.479999542236328,15.489999771118164,8000,0.0,0.0,0.0
2025-01-14 02:50:00+00:00,15.489999771118164,15.5,15.479999542236328,15.5,120448,0.0,0.0,0.0
2025-01-14 02:55:00+00:00,15.479999542236328,15.479999542236328,15.479999542236328,15.479999542236328,10200,0.0,0.0,0.0
2025-01-14 03:05:00+00:00,15.5,15.510000228881836,15.5,15.510000228881836,25000,0.0,0.0,0.0
2025-01-14 03:10:00+00:00,15.5,15.510000228881836,15.5,15.510000228881836,32000,0.0,0.0,0.0
2025-01-14 03:15:00+00:00,15.5,15.5,15.479999542236328,15.479999542236328,35211,0.0,0.0,0.0
2025-01-14 03:20:00+00:00,15.479999542236328,15.479999542236328,15.479999542236328,15.479999542236328,50000,0.0,0.0,0.0
2025-01-14 03:30:00+00:00,15.489999771118164,15.489999771118164,15.489999771118164,15.489999771118164,1620,0.0,0.0,0.0
2025-01-14 03:35:00+00:00,15.5,15.510000228881836,15.5,15.510000228881836,3135,0.0,0.0,0.0
2025-01-14 03:40:00+00:00,15.510000228881836,15.510000228881836,15.5,15.5,5250,0.0,0.0,0.0
2025-01-14 03:50:00+00:00,15.5,15.5,15.5,15.5,11100,0.0,0.0,0.0
2025-01-14 03:55:00+00:00,15.489999771118164,15.489999771118164,15.489999771118164,15.489999771118164,5000,0.0,0.0,0.0
2025-01-14 04:00:00+00:00,15.489999771118164,15.489999771118164,15.489999771118164,15.489999771118164,12950,0.0,0.0,0.0
2025-01-14 04:05:00+00:00,15.479999542236328,15.479999542236328,15.479999542236328,15.479999542236328,5250,0.0,0.0,0.0
2025-01-14 04:10:00+00:00,15.489999771118164,15.489999771118164,15.489999771118164,15.489999771118164,2327,0.0,0.0,0.0
2025-01-14 04:15:00+00:00,15.489999771118164,15.489999771118164,15.489999771118164,15.489999771118164,2536,0.0,0.0,0.0
2025-01-14 04:30:00+00:00,15.489999771118164,15.5,15.489999771118164,15.5,7082,0.0,0.0,0.0
2025-01-14 04:35:00+00:00,15.5,15.5,15.5,15.5,3328,0.0,0.0,0.0
2025-01-14 04:40:00+00:00,15.5,15.5,15.5,15.5,5927,0.0,0.0,0.0
2025-01-14 04:45:00+00:00,15.5,15.5,15.5,15.5,1000,0.0,0.0,0.0
2025-01-14 04:50:00+00:00,15.489999771118164,15.489999771118164,15.489999771118164,15.489999771118164,7356,0.0,0.0,0.0
2025-01-14 04:55:00+00:00,15.489999771118164,15.489999771118164,15.489999771118164,15.489999771118164,1236,0.0,0.0,0.0
2025-01-14 05:00:00+00:00,15.489999771118164,15.5,15.489999771118164,15.5,2069,0.0,0.0,0.0
2025-01-14 05:05:00+00:00,15.5,15.5,15.5,15.5,19000,0.0,0.0,0.0
2025-01-14 05:10:00+00:00,15.5,15.5,15.5,15.5,2000,0.0,0.0,0.0
2025-01-14 05:15:00+00:00,15.5,15.510000228881836,15.5,15.510000228881836,5121,0.0,0.0,0.0
2025-01-14 05:20:00+00:00,15.5,15.510000228881836,15.5,15.510000228881836,10439,0.0,0.0,0.0
2025-01-15 01:00:00+00:00,15.520000457763672,15.529999732971191,15.520000457763672,15.529999732971191,17000,0.0,0.0,0.0
2025-01-15 01:05:00+00:00,15.539999961853027,15.59000015258789,15.539999961853027,15.59000015258789,174551,0.0,0.0,0.0
2025-01-15 01:10:00+00:00,15.59000015258789,15.59000015258789,15.569999694824219,15.569999694824219,38048,0.0,0.0,0.0
2025-01-15 01:15:00+00:00,15.569999694824219,15.59000015258789,15.569999694824219,15.59000015258789,59410,0.0,0.0,0.0
2025-01-15 01:20:00+00:00,15.600000381469727,15.600000381469727,15.600000381469727,15.600000381469727,34000,0.0,0.0,0.0
2025-01-15 01:25:00+00:00,15.59000015258789,15.619999885559082,15.59000015258789,15.619999885559082,23705,0.0,0.0,0.0
2025-01-15 01:30:00+00:00,15.600000381469727,15.600000381469727,15.59000015258789,15.59000015258789,14000,0.0,0.0,0.0
2025-01-15 01:35:00+00:00,15.600000381469727,15.630000114440918,15.600000381469727,15.600000381469727,32485,0.0,0.0,0.0
2025-01-15 01:40:00+00:00,15.600000381469727,15.600000381469727,15.600000381469727,15.600000381469727,96000,0.0,0.0,0.0
2025-01-15 01:45:00+00:00,15.600000381469727,15.600000381469727,15.600000381469727,15.600000381469727,22000,0.0,0.0,0.0
2025-01-15 01:50:00+00:00,15.600000381469727,15.609999656677246,15.600000381469727,15.600000381469727,39910,0.0,0.0,0.0
2025-01-15 01:55:00+00:00,15.600000381469727,15.600000381469727,15.600000381469727,15.600000381469727,14000,0.0,0.0,0.0
2025-01-15 02:00:00+00:00,15.600000381469727,15.609999656677246,15.600000381469727,15.600000381469727,36093,0.0,0.0,0.0
2025-01-15 02:05:00+00:00,15.600000381469727,15.609999656677246,15.600000381469727,15.609999656677246,35320,0.0,0.0,0.0
2025-01-15 02:10:00+00:00,15.609999656677246,15.609999656677246,15.600000381469727,15.600000381469727,172000,0.0,0.0,0.0
2025-01-15 02:15:00+00:00,15.600000381469727,15.600000381469727,15.600000381469727,15.600000381469727,3250,0.0,0.0,0.0
2025-01-15 02:20:00+00:00,15.600000381469727,15.600000381469727,15.59000015258789,15.59000015258789,71040,0.0,0.0,0.0
2025-01-15 02:25:00+00:00,15.579999923706055,15.579999923706055,15.579999923706055,15.579999923706055,8100,0.0,0.0,0.0
2025-01-15 02:30:00+00:00,15.579999923706055,15.579999923706055,15.569999694824219,15.579999923706055,7419,0.0,0.0,0.0
2025-01-15 02:35:00+00:00,15.59000015258789,15.59000015258789,15.579999923706055,15.579999923706055,2600,0.0,0.0,0.0
2025-01-15 02:45:00+00:00,15.569999694824219,15.569999694824219,15.569999694824219,15.569999694824219,1520,0.0,0.0,0.0
2025-01-15 02:50:00+00:00,15.5600004196167,15.579999923706055,15.5600004196167,15.579999923706055,12030,0.0,0.0,0.0
2025-01-15 03:00:00+00:00,15.569999694824219,15.569999694824219,15.569999694824219,15.569999694824219,8300,0.0,0.0,0.0
2025-01-15 03:05:00+00:00,15.569999694824219,15.569999694824219,15.569999694824219,15.569999694824219,1000,0.0,0.0,0.0
2025-01-15 03:10:00+00:00,15.569999694824219,15.569999694824219,15.569999694824219,15.569999694824219,5000,0.0,0.0,0.0
2025-01-15 03:15:00+00:00,15.569999694824219,15.569999694824219,15.569999694824219,15.569999694824219,1000,0.0,0.0,0.0
2025-01-15 03:25:00+00:00,15.569999694824219,15.569999694824219,15.569999694824219,15.569999694824219,16086,0.0,0.0,0.0
2025-01-15 03:30:00+00:00,15.579999923706055,15.579999923706055,15.579999923706055,15.579999923706055,1470,0.0,0.0,0.0
2025-01-15 03:45:00+00:00,15.569999694824219,15.569999694824219,15.5600004196167,15.5600004196167,29964,0.0,0.0,0.0
2025-01-15 03:50:00+00:00,15.5600004196167,15.5600004196167,15.5600004196167,15.5600004196167,206100,0.0,0.0,0.0
2025-01-15 03:55:00+00:00,15.5600004196167,15.5600004196167,15.5600004196167,15.5600004196167,1022,0.0,0.0,0.0
2025-01-15 04:00:00+00:00,15.5600004196167,15.5600004196167,15.5600004196167,15.5600004196167,1000,0.0,0.0,0.0
2025-01-15 04:05:00+00:00,15.5600004196167,15.5600004196167,15.550000190734863,15.550000190734863,11299,0.0,0.0,0.0
2025-01-15 04:10:00+00:00,15.550000190734863,15.550000190734863,15.550000190734863,15.550000190734863,19640,0.0,0.0,0.0
2025-01-15 04:15:00+00:00,15.550000190734863,15.550000190734863,15.550000190734863,15.550000190734863,7043,0.0,0.0,0.0
2025-01-15 04:20:00+00:00,15.550000190734863,15.550000190734863,15.550000190734863,15.550000190734863,1256,0.0,0.0,0.0
2025-01-15 04:25:00+00:00,15.539999961853027,15.539999961853027,15.539999961853027,15.539999961853027,15405,0.0,0.0,0.0
2025-01-15 04:30:00+00:00,15.529999732971191,15.539999961853027,15.529999732971191,15.539999961853027,6520,0.0,0.0,0.0
2025-01-15 04:35:00+00:00,15.539999961853027,15.539999961853027,15.539999961853027,15.539999961853027,2070,0.0,0.0,0.0
2025-01-15 04:40:00+00:00,15.529999732971191,15.529999732971191,15.529999732971191,15.529999732971191,10150,0.0,0.0,0.0
2025-01-15 04:45:00+00:00,15.529999732971191,15.539999961853027,15.529999732971191,15.539999961853027,18100,0.0,0.0,0.0
2025-01-15 04:50:00+00:00,15.539999961853027,15.539999961853027,15.539999961853027,15.539999961853027,9010,0.0,0.0,0.0
2025-01-15 04:55:00+00:00,15.539999961853027,15.539999961853027,15.529999732971191,15.529999732971191,45870,0.0,0.0,0.0
2025-01-15 05:00:00+00:00,15.520000457763672,15.520000457763672,15.510000228881836,15.510000228881836,27327,0.0,0.0,0.0
2025-01-15 05:05:00+00:00,15.5,15.510000228881836,15.5,15.510000228881836,3300,0.0,0.0,0.0
2025-01-15 05:10:00+00:00,15.510000228881836,15.510000228881836,15.510000228881836,15.510000228881836,3414,0.0,0.0,0.0
2025-01-15 05:15:00+00:00,15.510000228881836,15.510000228881836,15.510000228881836,15.510000228881836,5990,0.0,0.0,0.0
2025-01-15 05:20:00+00:00,15.510000228881836,15.510000228881836,15.5,15.510000228881836,14225,0.0,0.0,0.0
2025-01-16 01:00:00+00:00,15.619999885559082,15.619999885559082,15.619999885559082,15.619999885559082,0,0.0,0.0,0.0
2025-01-16 01:05:00+00:00,15.619999885559082,15.640000343322754,15.619999885559082,15.619999885559082,19335,0.0,0.0,0.0
2025-01-16 01:10:00+00:00,15.619999885559082,15.630000114440918,15.619999885559082,15.630000114440918,11331,0.0,0.0,0.0
2025-01-16 01:15:00+00:00,15.630000114440918,15.630000114440918,15.619999885559082,15.619999885559082,8213,0.0,0.0,0.0
2025-01-16 01:20:00+00:00,15.619999885559082,15.630000114440918,15.619999885559082,15.630000114440918,7483,0.0,0.0,0.0
2025-01-16 01:25:00+00:00,15.630000114440918,15.630000114440918,15.619999885559082,15.619999885559082,37003,0.0,0.0,0.0
2025-01-16 01:30:00+00:00,15.619999885559082,15.619999885559082,15.619999885559082,15.619999885559082,7284,0.0,0.0,0.0
2025-01-16 01:35:00+00:00,15.619999885559082,15.619999885559082,15.619999885559082,15.619999885559082,2005,0.0,0.0,0.0
2025-01-16 01:40:00+00:00,15.630000114440918,15.65999984741211,15.619999885559082,15.65999984741211,158026,0.0,0.0,0.0
2025-01-16 01:45:00+00:00,15.65999984741211,15.65999984741211,15.649999618530273,15.649999618530273,5330,0.0,0.0,0.0
2025-01-16 01:50:00+00:00,15.640000343322754,15.640000343322754,15.630000114440918,15.630000114440918,3237,0.0,0.0,0.0
2025-01-16 01:55:00+00:00,15.619999885559082,15.619999885559082,15.619999885559082,15.619999885559082,1771,0.0,0.0,0.0
2025-01-16 02:00:00+00:00,15.619999885559082,15.619999885559082,15.619999885559082,15.619999885559082,5083,0.0,0.0,0.0
2025-01-16 02:05:00+00:00,15.619999885559082,15.619999885559082,15.619999885559082,15.619999885559082,2046,0.0,0.0,0.0
2025-01-16 02:10:00+00:00,15.619999885559082,15.619999885559082,15.609999656677246,15.609999656677246,7055,0.0,0.0,0.0
2025-01-16 02:15:00+00:00,15.619999885559082,15.619999885559082,15.600000381469727,15.600000381469727,7217,0.0,0.0,0.0
2025-01-16 02:20:00+00:00,15.600000381469727,15.600000381469727,15.600000381469727,15.600000381469727,22000,0.0,0.0,0.0
2025-01-16 02:25:00+00:00,15.600000381469727,15.600000381469727,15.579999923706055,15.59000015258789,14028,0.0,0.0,0.0
2025-01-16 02:30:00+00:00,15.59000015258789,15.59000015258789,15.59000015258789,15.59000015258789,5000,0.0,0.0,0.0
2025-01-16 02:35:00+00:00,15.600000381469727,15.600000381469727,15.600000381469727,15.600000381469727,2022,0.0,0.0,0.0
2025-01-16 02:40:00+00:00,15.600000381469727,15.600000381469727,15.600000381469727,15.600000381469727,1282,0.0,0.0,0.0
2025-01-16 02:45:00+00:00,15.600000381469727,15.600000381469727,15.600000381469727,15.600000381469727,4018,0.0,0.0,0.0
2025-01-16 02:50:00+00:00,15.59000015258789,15.59000015258789,15.59000015258789,15.59000015258789,3220,0.0,0.0,0.0
2025-01-16 02:55:00+00:00,15.59000015258789,15.59000015258789,15.59000015258789,15.59000015258789,5117,0.0,0.0,0.0
2025-01-16 03:00:00+00:00,15.59000015258789,15.59000015258789,15.59000015258789,15.59000015258789,5018,0.0,0.0,0.0
2025-01-16 03:05:00+00:00,15.59000015258789,15.59000015258789,15.59000015258789,15.59000015258789,1000,0.0,0.0,0.0
2025-01-16 03:10:00+00:00,15.579999923706055,15.59000015258789,15.579999923706055,15.59000015258789,17000,0.0,0.0,0.0
2025-01-16 03:15:00+00:00,15.600000381469727,15.600000381469727,15.579999923706055,15.579999923706055,19022,0.0,0.0,0.0
2025-01-16 03:20:00+00:00,15.579999923706055,15.579999923706055,15.579999923706055,15.579999923706055,2018,0.0,0.0,0.0
2025-01-16 03:25:00+00:00,15.600000381469727,15.600000381469727,15.600000381469727,15.600000381469727,138103,0.0,0.0,0.0
2025-01-16 03:30:00+00:00,15.609999656677246,15.609999656677246,15.609999656677246,15.609999656677246,9035,0.0,0.0,0.0
2025-01-16 03:35:00+00:00,15.609999656677246,15.609999656677246,15.609999656677246,15.609999656677246,5420,0.0,0.0,0.0
2025-01-16 03:40:00+00:00,15.600000381469727,15.600000381469727,15.600000381469727,15.600000381469727,9051,0.0,0.0,0.0
2025-01-16 03:45:00+00:00,15.600000381469727,15.600000381469727,15.600000381469727,15.600000381469727,13078,0.0,0.0,0.0
2025-01-16 04:00:00+00:00,15.600000381469727,15.600000381469727,15.600000381469727,15.600000381469727,5637,0.0,0.0,0.0
2025-01-16 04:05:00+00:00,15.600000381469727,15.600000381469727,15.600000381469727,15.600000381469727,3120,0.0,0.0,0.0
2025-01-16 04:10:00+00:00,15.600000381469727,15.600000381469727,15.600000381469727,15.600000381469727,3048,0.0,0.0,0.0
2025-01-16 04:15:00+00:00,15.59000015258789,15.600000381469727,15.59000015258789,15.600000381469727,5549,0.0,0.0,0.0
2025-01-16 04:25:00+00:00,15.600000381469727,15.600000381469727,15.600000381469727,15.600000381469727,8000,0.0,0.0,0.0
2025-01-16 04:30:00+00:00,15.600000381469727,15.600000381469727,15.600000381469727,15.600000381469727,1118,0.0,0.0,0.0
2025-01-16 04:35:00+00:00,15.600000381469727,15.600000381469727,15.600000381469727,15.600000381469727,3000,0.0,0.0,0.0
2025-01-16 04:40:00+00:00,15.600000381469727,15.600000381469727,15.600000381469727,15.600000381469727,36932,0.0,0.0,0.0
2025-01-16 04:45:00+00:00,15.59000015258789,15.59000015258789,15.59000015258789,15.59000015258789,11110,0.0,0.0,0.0
2025-01-16 04:50:00+00:00,15.600000381469727,15.600000381469727,15.600000381469727,15.600000381469727,50040,0.0,0.0,0.0
2025-01-16 04:55:00+00:00,15.600000381469727,15.600000381469727,15.579999923706055,15.59000015258789,106318,0.0,0.0,0.0
2025-01-16 05:00:00+00:00,15.59000015258789,15.59000015258789,15.579999923706055,15.59000015258789,103550,0.0,0.0,0.0
2025-01-16 05:05:00+00:00,15.579999923706055,15.579999923706055,15.579999923706055,15.579999923706055,11010,0.0,0.0,0.0
2025-01-16 05:10:00+00:00,15.579999923706055,15.59000015258789,15.579999923706055,15.59000015258789,19250,0.0,0.0,0.0
2025-01-16 05:15:00+00:00,15.579999923706055,15.579999923706055,15.569999694824219,15.579999923706055,193985,0.0,0.0,0.0
2025-01-16 05:20:00+00:00,15.579999923706055,15.579999923706055,15.569999694824219,15.579999923706055,10477,0.0,0.0,0.0
2025-01-17 01:00:00+00:00,15.600000381469727,15.619999885559082,15.600000381469727,15.619999885559082,0,0.0,0.0,0.0
2025-01-17 01:05:00+00:00,15.619999885559082,15.619999885559082,15.600000381469727,15.600000381469727,47753,0.0,0.0,0.0
2025-01-17 01:10:00+00:00,15.600000381469727,15.600000381469727,15.600000381469727,15.600000381469727,13600,0.0,0.0,0.0
2025-01-17 01:15:00+00:00,15.600000381469727,15.600000381469727,15.59000015258789,15.600000381469727,14000,0.0,0.0,0.0
2025-01-17 01:20:00+00:00,15.609999656677246,15.630000114440918,15.600000381469727,15.630000114440918,114122,0.0,0.0,0.0
2025-01-17 01:25:00+00:00,15.630000114440918,15.630000114440918,15.630000114440918,15.630000114440918,43527,0.0,0.0,0.0
2025-01-17 01:35:00+00:00,15.609999656677246,15.609999656677246,15.609999656677246,15.609999656677246,111015,0.0,0.0,0.0
2025-01-17 01:40:00+00:00,15.619999885559082,15.619999885559082,15.579999923706055,15.59000015258789,396830,0.0,0.0,0.0
2025-01-17 01:45:00+00:00,15.59000015258789,15.59000015258789,15.59000015258789,15.59000015258789,7483,0.0,0.0,0.0
2025-01-17 01:50:00+00:00,15.600000381469727,15.600000381469727,15.600000381469727,15.600000381469727,3220,0.0,0.0,0.0
2025-01-17 01:55:00+00:00,15.59000015258789,15.59000015258789,15.59000015258789,15.59000015258789,2159,0.0,0.0,0.0
2025-01-17 02:00:00+00:00,15.600000381469727,15.600000381469727,15.59000015258789,15.59000015258789,11521,0.0,0.0,0.0
2025-01-17 02:05:00+00:00,15.600000381469727,15.600000381469727,15.600000381469727,15.600000381469727,2100,0.0,0.0,0.0
2025-01-17 02:10:00+00:00,15.600000381469727,15.600000381469727,15.600000381469727,15.600000381469727,36000,0.0,0.0,0.0
2025-01-17 02:15:00+00:00,15.600000381469727,15.609999656677246,15.600000381469727,15.609999656677246,10000,0.0,0.0,0.0
2025-01-17 02:20:00+00:00,15.609999656677246,15.609999656677246,15.609999656677246,15.609999656677246,2100,0.0,0.0,0.0
2025-01-17 02:25:00+00:00,15.600000381469727,15.600000381469727,15.600000381469727,15.600000381469727,5000,0.0,0.0,0.0
2025-01-17 02:30:00+00:00,15.600000381469727,15.600000381469727,15.600000381469727,15.600000381469727,3350,0.0,0.0,0.0
2025-01-17 02:35:00+00:00,15.59000015258789,15.59000015258789,15.59000015258789,15.59000015258789,15100,0.0,0.0,0.0
2025-01-17 02:40:00+00:00,15.600000381469727,15.600000381469727,15.600000381469727,15.600000381469727,3160,0.0,0.0,0.0
2025-01-17 02:45:00+00:00,15.609999656677246,15.619999885559082,15.600000381469727,15.619999885559082,84100,0.0,0.0,0.0
2025-01-17 02:50:00+00:00,15.619999885559082,15.619999885559082,15.619999885559082,15.619999885559082,1258,0.0,0.0,0.0
2025-01-17 02:55:00+00:00,15.600000381469727,15.600000381469727,15.600000381469727,15.600000381469727,2157,0.0,0.0,0.0
2025-01-17 03:10:00+00:00,15.609999656677246,15.609999656677246,15.609999656677246,15.609999656677246,1050,0.0,0.0,0.0
2025-01-17 03:20:00+00:00,15.600000381469727,15.609999656677246,15.600000381469727,15.609999656677246,11219,0.0,0.0,0.0
2025-01-17 03:25:00+00:00,15.609999656677246,15.609999656677246,15.609999656677246,15.609999656677246,1103,0.0,0.0,0.0
2025-01-17 03:40:00+00:00,15.609999656677246,15.609999656677246,15.600000381469727,15.609999656677246,24649,0.0,0.0,0.0
2025-01-17 03:45:00+00:00,15.609999656677246,15.609999656677246,15.609999656677246,15.609999656677246,51350,0.0,0.0,0.0
2025-01-17 03:50:00+00:00,15.609999656677246,15.619999885559082,15.609999656677246,15.619999885559082,17000,0.0,0.0,0.0
2025-01-17 03:55:00+00:00,15.619999885559082,15.630000114440918,15.619999885559082,15.630000114440918,42160,0.0,0.0,0.0
2025-01-17 04:00:00+00:00,15.640000343322754,15.640000343322754,15.640000343322754,15.640000343322754,1380,0.0,0.0,0.0
2025-01-17 04:05:00+00:00,15.630000114440918,15.630000114440918,15.609999656677246,15.609999656677246,19761,0.0,0.0,0.0
2025-01-17 04:15:00+00:00,15.609999656677246,15.630000114440918,15.600000381469727,15.630000114440918,27473,0.0,0.0,0.0
2025-01-17 04:20:00+00:00,15.619999885559082,15.619999885559082,15.619999885559082,15.619999885559082,2126,0.0,0.0,0.0
2025-01-17 04:25:00+00:00,15.609999656677246,15.609999656677246,15.609999656677246,15.609999656677246,6200,0.0,0.0,0.0
2025-01-17 04:30:00+00:00,15.619999885559082,15.619999885559082,15.59000015258789,15.59000015258789,42000,0.0,0.0,0.0
2025-01-17 04:35:00+00:00,15.59000015258789,15.59000015258789,15.59000015258789,15.59000015258789,3760,0.0,0.0,0.0
2025-01-17 04:40:00+00:00,15.600000381469727,15.600000381469727,15.579999923706055,15.579999923706055,30665,0.0,0.0,0.0
2025-01-17 04:45:00+00:00,15.600000381469727,15.619999885559082,15.600000381469727,15.619999885559082,12056,0.0,0.0,0.0
2025-01-17 04:50:00+00:00,15.619999885559082,15.619999885559082,15.619999885559082,15.619999885559082,36254,0.0,0.0,0.0
2025-01-17 05:05:00+00:00,15.609999656677246,15.619999885559082,15.609999656677246,15.609999656677246,83614,0.0,0.0,0.0
2025-01-17 05:15:00+00:00,15.600000381469727,15.600000381469727,15.600000381469727,15.600000381469727,54400,0.0,0.0,0.0
2025-01-17 05:20:00+00:00,15.609999656677246,15.609999656677246,15.600000381469727,15.609999656677246,11807,0.0,0.0,0.0
2025-01-20 01:00:00+00:00,15.609999656677246,15.609999656677246,15.600000381469727,15.609999656677246,0,0.0,0.0,0.0
2025-01-20 01:05:00+00:00,15.609999656677246,15.609999656677246,15.569999694824219,15.569999694824219,46756,0.0,0.0,0.0
2025-01-20 01:10:00+00:00,15.569999694824219,15.569999694824219,15.569999694824219,15.569999694824219,37854,0.0,0.0,0.0
2025-01-20 01:15:00+00:00,15.569999694824219,15.569999694824219,15.569999694824219,15.569999694824219,33994,0.0,0.0,0.0
2025-01-20 01:20:00+00:00,15.569999694824219,15.569999694824219,15.5600004196167,15.5600004196167,50331,0.0,0.0,0.0
2025-01-20 01:25:00+00:00,15.5600004196167,15.5600004196167,15.550000190734863,15.5600004196167,114934,0.0,0.0,0.0
2025-01-20 01:30:00+00:00,15.5600004196167,15.5600004196167,15.550000190734863,15.550000190734863,20152,0.0,0.0,0.0
2025-01-20 01:35:00+00:00,15.5600004196167,15.569999694824219,15.550000190734863,15.5600004196167,23653,0.0,0.0,0.0
2025-01-20 01:40:00+00:00,15.5600004196167,15.569999694824219,15.550000190734863,15.5600004196167,18850,0.0,0.0,0.0
2025-01-20 01:45:00+00:00,15.5600004196167,15.569999694824219,15.5600004196167,15.569999694824219,9337,0.0,0.0,0.0
2025-01-20 01:50:00+00:00,15.569999694824219,15.569999694824219,15.5600004196167,15.569999694824219,31094,0.0,0.0,0.0
2025-01-20 01:55:00+00:00,15.569999694824219,15.579999923706055,15.569999694824219,15.579999923706055,8260,0.0,0.0,0.0
2025-01-20 02:00:00+00:00,15.579999923706055,15.579999923706055,15.5600004196167,15.569999694824219,23755,0.0,0.0,0.0
2025-01-20 02:05:00+00:00,15.569999694824219,15.569999694824219,15.569999694824219,15.569999694824219,9260,0.0,0.0,0.0
2025-01-20 02:10:00+00:00,15.569999694824219,15.569999694824219,15.5600004196167,15.5600004196167,35740,0.0,0.0,0.0
2025-01-20 02:15:00+00:00,15.569999694824219,15.569999694824219,15.569999694824219,15.569999694824219,5293,0.0,0.0,0.0
2025-01-20 02:20:00+00:00,15.569999694824219,15.579999923706055,15.569999694824219,15.579999923706055,41332,0.0,0.0,0.0
2025-01-20 02:25:00+00:00,15.579999923706055,15.579999923706055,15.579999923706055,15.579999923706055,33014,0.0,0.0,0.0
2025-01-20 02:30:00+00:00,15.579999923706055,15.579999923706055,15.579999923706055,15.579999923706055,8730,0.0,0.0,0.0
2025-01-20 02:35:00+00:00,15.569999694824219,15.569999694824219,15.569999694824219,15.569999694824219,6224,0.0,0.0,0.0
2025-01-20 02:40:00+00:00,15.59000015258789,15.59000015258789,15.59000015258789,15.59000015258789,2000,0.0,0.0,0.0
2025-01-20 02:45:00+00:00,15.59000015258789,15.59000015258789,15.579999923706055,15.579999923706055,10744,0.0,0.0,0.0
2025-01-20 02:50:00+00:00,15.579999923706055,15.579999923706055,15.579999923706055,15.579999923706055,27360,0.0,0.0,0.0
2025-01-20 02:55:00+00:00,15.579999923706055,15.579999923706055,15.569999694824219,15.579999923706055,8045,0.0,0.0,0.0
2025-01-20 03:00:00+00:00,15.579999923706055,15.579999923706055,15.579999923706055,15.579999923706055,23320,0.0,0.0,0.0
2025-01-20 03:05:00+00:00,15.579999923706055,15.579999923706055,15.579999923706055,15.579999923706055,13112,0.0,0.0,0.0
2025-01-20 03:10:00+00:00,15.579999923706055,15.59000015258789,15.579999923706055,15.579999923706055,15708,0.0,0.0,0.0
2025-01-20 03:15:00+00:00,15.59000015258789,15.59000015258789,15.579999923706055,15.579999923706055,4080,0.0,0.0,0.0
2025-01-20 03:20:00+00:00,15.59000015258789,15.59000015258789,15.579999923706055,15.579999923706055,14014,0.0,0.0,0.0
2025-01-20 03:25:00+00:00,15.579999923706055,15.59000015258789,15.579999923706055,15.59000015258789,18052,0.0,0.0,0.0
2025-01-20 03:30:00+00:00,15.59000015258789,15.59000015258789,15.59000015258789,15.59000015258789,39243,0.0,0.0,0.0
2025-01-20 03:35:00+00:00,15.579999923706055,15.579999923706055,15.579999923706055,15.579999923706055,26635,0.0,0.0,0.0
2025-01-20 03:40:00+00:00,15.579999923706055,15.579999923706055,15.579999923706055,15.579999923706055,1000,0.0,0.0,0.0
2025-01-20 03:45:00+00:00,15.579999923706055,15.579999923706055,15.579999923706055,15.579999923706055,4030,0.0,0.0,0.0
2025-01-20 03:50:00+00:00,15.579999923706055,15.579999923706055,15.569999694824219,15.569999694824219,19055,0.0,0.0,0.0
2025-01-20 03:55:00+00:00,15.579999923706055,15.579999923706055,15.579999923706055,15.579999923706055,4751,0.0,0.0,0.0
2025-01-20 04:00:00+00:00,15.579999923706055,15.579999923706055,15.569999694824219,15.579999923706055,3077,0.0,0.0,0.0
2025-01-20 04:05:00+00:00,15.579999923706055,15.579999923706055,15.579999923706055,15.579999923706055,2432,0.0,0.0,0.0
2025-01-20 04:10:00+00:00,15.579999923706055,15.579999923706055,15.579999923706055,15.579999923706055,10290,0.0,0.0,0.0
2025-01-20 04:15:00+00:00,15.569999694824219,15.569999694824219,15.569999694824219,15.569999694824219,95790,0.0,0.0,0.0
2025-01-20 04:20:00+00:00,15.569999694824219,15.569999694824219,15.5600004196167,15.5600004196167,155222,0.0,0.0,0.0
2025-01-20 04:25:00+00:00,15.5600004196167,15.569999694824219,15.550000190734863,15.550000190734863,79810,0.0,0.0,0.0
2025-01-20 04:30:00+00:00,15.550000190734863,15.569999694824219,15.550000190734863,15.569999694824219,5100,0.0,0.0,0.0
2025-01-20 04:35:00+00:00,15.569999694824219,15.569999694824219,15.5600004196167,15.5600004196167,31700,0.0,0.0,0.0
2025-01-20 04:45:00+00:00,15.5600004196167,15.5600004196167,15.550000190734863,15.5600004196167,40780,0.0,0.0,0.0
2025-01-20 04:50:00+00:00,15.5600004196167,15.5600004196167,15.5600004196167,15.5600004196167,7810,0.0,0.0,0.0
2025-01-20 04:55:00+00:00,15.5600004196167,15.569999694824219,15.5600004196167,15.569999694824219,11817,0.0,0.0,0.0
2025-01-20 05:00:00+00:00,15.569999694824219,15.569999694824219,15.569999694824219,15.569999694824219,22168,0.0,0.0,0.0
2025-01-20 05:05:00+00:00,15.569999694824219,15.579999923706055,15.569999694824219,15.579999923706055,175119,0.0,0.0,0.0
2025-01-20 05:10:00+00:00,15.569999694824219,15.569999694824219,15.569999694824219,15.569999694824219,20000,0.0,0.0,0.0
2025-01-20 05:15:00+00:00,15.569999694824219,15.569999694824219,15.5600004196167,15.5600004196167,166505,0.0,0.0,0.0
2025-01-20 05:20:00+00:00,15.569999694824219,15.569999694824219,15.5600004196167,15.5600004196167,7200,0.0,0.0,0.0
2025-01-21 01:00:00+00:00,15.5600004196167,15.5600004196167,15.5600004196167,15.5600004196167,0,0.0,0.0,0.0
2025-01-21 01:05:00+00:00,15.5600004196167,15.5600004196167,15.5600004196167,15.5600004196167,6943,0.0,0.0,0.0
2025-01-21 01:10:00+00:00,15.569999694824219,15.609999656677246,15.569999694824219,15.609999656677246,202360,0.0,0.0,0.0
2025-01-21 01:15:00+00:00,15.609999656677246,15.619999885559082,15.609999656677246,15.619999885559082,102000,0.0,0.0,0.0
2025-01-21 01:20:00+00:00,15.619999885559082,15.619999885559082,15.609999656677246,15.609999656677246,1553000,0.0,0.0,0.0
2025-01-21 01:25:00+00:00,15.609999656677246,15.609999656677246,15.600000381469727,15.600000381469727,131384,0.0,0.0,0.0
2025-01-21 01:30:00+00:00,15.59000015258789,15.59000015258789,15.579999923706055,15.579999923706055,6750,0.0,0.0,0.0
2025-01-21 01:35:00+00:00,15.579999923706055,15.579999923706055,15.579999923706055,15.579999923706055,6000,0.0,0.0,0.0
2025-01-21 01:40:00+00:00,15.579999923706055,15.579999923706055,15.579999923706055,15.579999923706055,6565,0.0,0.0,0.0
2025-01-21 01:45:00+00:00,15.579999923706055,15.59000015258789,15.579999923706055,15.59000015258789,68667,0.0,0.0,0.0
2025-01-21 01:50:00+00:00,15.59000015258789,15.59000015258789,15.59000015258789,15.59000015258789,5000,0.0,0.0,0.0
2025-01-21 01:55:00+00:00,15.59000015258789,15.59000015258789,15.579999923706055,15.579999923706055,12100,0.0,0.0,0.0
2025-01-21 02:00:00+00:00,15.579999923706055,15.579999923706055,15.569999694824219,15.569999694824219,8435,0.0,0.0,0.0
2025-01-21 02:05:00+00:00,15.579999923706055,15.579999923706055,15.579999923706055,15.579999923706055,2510,0.0,0.0,0.0
2025-01-21 02:15:00+00:00,15.59000015258789,15.59000015258789,15.579999923706055,15.579999923706055,23550,0.0,0.0,0.0
2025-01-21 02:20:00+00:00,15.579999923706055,15.579999923706055,15.579999923706055,15.579999923706055,19029,0.0,0.0,0.0
2025-01-21 02:25:00+00:00,15.579999923706055,15.579999923706055,15.579999923706055,15.579999923706055,22376,0.0,0.0,0.0
2025-01-21 02:30:00+00:00,15.59000015258789,15.59000015258789,15.59000015258789,15.59000015258789,4393,0.0,0.0,0.0
2025-01-21 02:35:00+00:00,15.59000015258789,15.600000381469727,15.59000015258789,15.600000381469727,3260,0.0,0.0,0.0
2025-01-21 02:40:00+00:00,15.600000381469727,15.600000381469727,15.600000381469727,15.600000381469727,89142,0.0,0.0,0.0
2025-01-21 02:45:00+00:00,15.600000381469727,15.600000381469727,15.600000381469727,15.600000381469727,1570,0.0,0.0,0.0
2025-01-21 02:55:00+00:00,15.600000381469727,15.600000381469727,15.600000381469727,15.600000381469727,1738,0.0,0.0,0.0
2025-01-21 03:00:00+00:00,15.600000381469727,15.600000381469727,15.600000381469727,15.600000381469727,43510,0.0,0.0,0.0
2025-01-21 03:05:00+00:00,15.600000381469727,15.600000381469727,15.600000381469727,15.600000381469727,1760,0.0,0.0,0.0
2025-01-21 03:10:00+00:00,15.600000381469727,15.600000381469727,15.600000381469727,15.600000381469727,29100,0.0,0.0,0.0
2025-01-21 03:15:00+00:00,15.600000381469727,15.619999885559082,15.600000381469727,15.619999885559082,213528,0.0,0.0,0.0
2025-01-21 03:20:00+00:00,15.619999885559082,15.619999885559082,15.619999885559082,15.619999885559082,18760,0.0,0.0,0.0
2025-01-21 03:25:00+00:00,15.630000114440918,15.640000343322754,15.630000114440918,15.640000343322754,260772,0.0,0.0,0.0
2025-01-21 03:30:00+00:00,15.640000343322754,15.640000343322754,15.640000343322754,15.640000343322754,1080,0.0,0.0,0.0
2025-01-21 03:35:00+00:00,15.630000114440918,15.640000343322754,15.630000114440918,15.640000343322754,6450,0.0,0.0,0.0
2025-01-21 03:40:00+00:00,15.640000343322754,15.640000343322754,15.640000343322754,15.640000343322754,158740,0.0,0.0,0.0
2025-01-21 03:45:00+00:00,15.640000343322754,15.640000343322754,15.640000343322754,15.640000343322754,7185,0.0,0.0,0.0
2025-01-21 03:50:00+00:00,15.630000114440918,15.630000114440918,15.630000114440918,15.630000114440918,28735,0.0,0.0,0.0
2025-01-21 04:00:00+00:00,15.630000114440918,15.630000114440918,15.630000114440918,15.630000114440918,1205,0.0,0.0,0.0
2025-01-21 04:05:00+00:00,15.630000114440918,15.630000114440918,15.630000114440918,15.630000114440918,1000,0.0,0.0,0.0
2025-01-21 04:10:00+00:00,15.640000343322754,15.640000343322754,15.630000114440918,15.630000114440918,14520,0.0,0.0,0.0
2025-01-21 04:15:00+00:00,15.619999885559082,15.630000114440918,15.619999885559082,15.630000114440918,6089,0.0,0.0,0.0
2025-01-21 04:20:00+00:00,15.619999885559082,15.619999885559082,15.619999885559082,15.619999885559082,1020,0.0,0.0,0.0
2025-01-21 04:25:00+00:00,15.640000343322754,15.640000343322754,15.630000114440918,15.630000114440918,8030,0.0,0.0,0.0
2025-01-21 04:30:00+00:00,15.619999885559082,15.630000114440918,15.619999885559082,15.630000114440918,8287,0.0,0.0,0.0
2025-01-21 04:35:00+00:00,15.619999885559082,15.619999885559082,15.619999885559082,15.619999885559082,2532,0.0,0.0,0.0
2025-01-21 04:40:00+00:00,15.619999885559082,15.619999885559082,15.619999885559082,15.619999885559082,49010,0.0,0.0,0.0
2025-01-21 04:45:00+00:00,15.609999656677246,15.609999656677246,15.609999656677246,15.609999656677246,5708,0.0,0.0,0.0
2025-01-21 04:50:00+00:00,15.609999656677246,15.609999656677246,15.609999656677246,15.609999656677246,7791,0.0,0.0,0.0
2025-01-21 04:55:00+00:00,15.609999656677246,15.619999885559082,15.609999656677246,15.619999885559082,26000,0.0,0.0,0.0
2025-01-21 05:00:00+00:00,15.619999885559082,15.630000114440918,15.619999885559082,15.630000114440918,11007,0.0,0.0,0.0
2025-01-21 05:05:00+00:00,15.619999885559082,15.619999885559082,15.609999656677246,15.609999656677246,14600,0.0,0.0,0.0
2025-01-21 05:10:00+00:00,15.619999885559082,15.619999885559082,15.619999885559082,15.619999885559082,1540,0.0,0.0,0.0
2025-01-21 05:15:00+00:00,15.619999885559082,15.619999885559082,15.609999656677246,15.609999656677246,40039,0.0,0.0,0.0
2025-01-21 05:20:00+00:00,15.609999656677246,15.619999885559082,15.600000381469727,15.600000381469727,11295,0.0,0.0,0.0
2025-01-22 01:00:00+00:00,15.649999618530273,15.65999984741211,15.649999618530273,15.649999618530273,0,0.0,0.0,0.0
2025-01-22 01:05:00+00:00,15.630000114440918,15.649999618530273,15.630000114440918,15.649999618530273,15351,0.0,0.0,0.0
2025-01-22 01:10:00+00:00,15.630000114440918,15.630000114440918,15.630000114440918,15.630000114440918,36221,0.0,0.0,0.0
2025-01-22 01:15:00+00:00,15.630000114440918,15.630000114440918,15.630000114440918,15.630000114440918,14160,0.0,0.0,0.0
2025-01-22 01:20:00+00:00,15.630000114440918,15.640000343322754,15.630000114440918,15.640000343322754,11071,0.0,0.0,0.0
2025-01-22 01:25:00+00:00,15.640000343322754,15.640000343322754,15.640000343322754,15.640000343322754,6958,0.0,0.0,0.0
2025-01-22 01:30:00+00:00,15.640000343322754,15.670000076293945,15.640000343322754,15.670000076293945,290150,0.0,0.0,0.0
2025-01-22 01:35:00+00:00,15.680000305175781,15.680000305175781,15.670000076293945,15.670000076293945,5339,0.0,0.0,0.0
2025-01-22 01:40:00+00:00,15.670000076293945,15.680000305175781,15.670000076293945,15.680000305175781,52306,0.0,0.0,0.0
2025-01-22 01:45:00+00:00,15.680000305175781,15.6899995803833,15.680000305175781,15.6899995803833,116518,0.0,0.0,0.0
2025-01-22 01:50:00+00:00,15.6899995803833,15.6899995803833,15.6899995803833,15.6899995803833,30955,0.0,0.0,0.0
2025-01-22 01:55:00+00:00,15.6899995803833,15.6899995803833,15.6899995803833,15.6899995803833,30020,0.0,0.0,0.0
2025-01-22 02:00:00+00:00,15.6899995803833,15.6899995803833,15.6899995803833,15.6899995803833,10100,0.0,0.0,0.0
2025-01-22 02:05:00+00:00,15.680000305175781,15.680000305175781,15.680000305175781,15.680000305175781,4380,0.0,0.0,0.0
2025-01-22 02:10:00+00:00,15.680000305175781,15.680000305175781,15.680000305175781,15.680000305175781,2248,0.0,0.0,0.0
2025-01-22 02:15:00+00:00,15.6899995803833,15.6899995803833,15.6899995803833,15.6899995803833,1985,0.0,0.0,0.0
2025-01-22 02:20:00+00:00,15.6899995803833,15.6899995803833,15.6899995803833,15.6899995803833,19352,0.0,0.0,0.0
2025-01-22 02:25:00+00:00,15.6899995803833,15.699999809265137,15.6899995803833,15.6899995803833,8463,0.0,0.0,0.0
2025-01-22 02:30:00+00:00,15.699999809265137,15.699999809265137,15.6899995803833,15.6899995803833,29299,0.0,0.0,0.0
2025-01-22 02:35:00+00:00,15.680000305175781,15.699999809265137,15.680000305175781,15.699999809265137,271416,0.0,0.0,0.0
2025-01-22 02:40:00+00:00,15.699999809265137,15.699999809265137,15.680000305175781,15.680000305175781,16349,0.0,0.0,0.0
2025-01-22 02:45:00+00:00,15.680000305175781,15.680000305175781,15.680000305175781,15.680000305175781,1200,0.0,0.0,0.0
2025-01-22 02:50:00+00:00,15.680000305175781,15.680000305175781,15.680000305175781,15.680000305175781,1255,0.0,0.0,0.0
2025-01-22 03:00:00+00:00,15.670000076293945,15.680000305175781,15.670000076293945,15.670000076293945,42400,0.0,0.0,0.0
2025-01-22 03:05:00+00:00,15.680000305175781,15.6899995803833,15.680000305175781,15.6899995803833,11187,0.0,0.0,0.0
2025-01-22 03:10:00+00:00,15.670000076293945,15.670000076293945,15.670000076293945,15.670000076293945,2012,0.0,0.0,0.0
2025-01-22 03:15:00+00:00,15.670000076293945,15.6899995803833,15.670000076293945,15.6899995803833,3000,0.0,0.0,0.0
2025-01-22 03:20:00+00:00,15.680000305175781,15.680000305175781,15.680000305175781,15.680000305175781,9000,0.0,0.0,0.0
2025-01-22 03:25:00+00:00,15.680000305175781,15.680000305175781,15.680000305175781,15.680000305175781,13015,0.0,0.0,0.0
2025-01-22 03:30:00+00:00,15.680000305175781,15.680000305175781,15.680000305175781,15.680000305175781,2100,0.0,0.0,0.0
2025-01-22 03:35:00+00:00,15.670000076293945,15.670000076293945,15.670000076293945,15.670000076293945,18000,0.0,0.0,0.0
2025-01-22 03:40:00+00:00,15.6899995803833,15.6899995803833,15.6899995803833,15.6899995803833,4310,0.0,0.0,0.0
2025-01-22 03:50:00+00:00,15.6899995803833,15.6899995803833,15.6899995803833,15.6899995803833,2111,0.0,0.0,0.0
2025-01-22 04:00:00+00:00,15.680000305175781,15.680000305175781,15.680000305175781,15.680000305175781,14030,0.0,0.0,0.0
2025-01-22 04:05:00+00:00,15.680000305175781,15.680000305175781,15.680000305175781,15.680000305175781,2068,0.0,0.0,0.0
2025-01-22 04:10:00+00:00,15.680000305175781,15.680000305175781,15.670000076293945,15.680000305175781,5000,0.0,0.0,0.0
2025-01-22 04:15:00+00:00,15.680000305175781,15.6899995803833,15.680000305175781,15.6899995803833,17000,0.0,0.0,0.0
2025-01-22 04:20:00+00:00,15.6899995803833,15.6899995803833,15.670000076293945,15.670000076293945,28261,0.0,0.0,0.0
2025-01-22 04:25:00+00:00,15.680000305175781,15.680000305175781,15.670000076293945,15.670000076293945,3884,0.0,0.0,0.0
2025-01-22 04:30:00+00:00,15.670000076293945,15.670000076293945,15.670000076293945,15.670000076293945,13403,0.0,0.0,0.0
2025-01-22 04:35:00+00:00,15.670000076293945,15.670000076293945,15.670000076293945,15.670000076293945,7000,0.0,0.0,0.0
2025-01-22 04:40:00+00:00,15.680000305175781,15.680000305175781,15.680000305175781,15.680000305175781,46300,0.0,0.0,0.0
2025-01-22 04:45:00+00:00,15.680000305175781,15.680000305175781,15.680000305175781,15.680000305175781,4100,0.0,0.0,0.0
2025-01-22 04:50:00+00:00,15.680000305175781,15.680000305175781,15.680000305175781,15.680000305175781,4038,0.0,0.0,0.0
2025-01-22 04:55:00+00:00,15.6899995803833,15.6899995803833,15.6899995803833,15.6899995803833,13100,0.0,0.0,0.0
2025-01-22 05:00:00+00:00,15.6899995803833,15.6899995803833,15.680000305175781,15.680000305175781,3000,0.0,0.0,0.0
2025-01-22 05:05:00+00:00,15.680000305175781,15.680000305175781,15.680000305175781,15.680000305175781,9040,0.0,0.0,0.0
2025-01-22 05:10:00+00:00,15.680000305175781,15.680000305175781,15.680000305175781,15.680000305175781,2360,0.0,0.0,0.0
2025-01-22 05:15:00+00:00,15.6899995803833,15.6899995803833,15.6899995803833,15.6899995803833,72880,0.0,0.0,0.0
2025-01-22 05:20:00+00:00,15.6899995803833,15.6899995803833,15.680000305175781,15.680000305175781,62045,0.0,0.0,0.0
2025-02-03 01:00:00+00:00,15.59000015258789,15.600000381469727,15.569999694824219,15.600000381469727,0,0.0,0.0,0.0
2025-02-03 01:05:00+00:00,15.600000381469727,15.680000305175781,15.600000381469727,15.65999984741211,440524,0.0,0.0,0.0
2025-02-03 01:10:00+00:00,15.680000305175781,15.729999542236328,15.680000305175781,15.729999542236328,82748,0.0,0.0,0.0
2025-02-03 01:15:00+00:00,15.729999542236328,15.729999542236328,15.699999809265137,15.710000038146973,413231,0.0,0.0,0.0
2025-02-03 01:20:00+00:00,15.699999809265137,15.710000038146973,15.6899995803833,15.699999809265137,160240,0.0,0.0,0.0
2025-02-03 01:25:00+00:00,15.710000038146973,15.710000038146973,15.680000305175781,15.680000305175781,33737,0.0,0.0,0.0
2025-02-03 01:30:00+00:00,15.680000305175781,15.680000305175781,15.630000114440918,15.630000114440918,58028,0.0,0.0,0.0
2025-02-03 01:35:00+00:00,15.630000114440918,15.640000343322754,15.600000381469727,15.600000381469727,453983,0.0,0.0,0.0
2025-02-03 01:40:00+00:00,15.609999656677246,15.630000114440918,15.609999656677246,15.609999656677246,126314,0.0,0.0,0.0
2025-02-03 01:45:00+00:00,15.600000381469727,15.609999656677246,15.600000381469727,15.609999656677246,61037,0.0,0.0,0.0
2025-02-03 01:50:00+00:00,15.609999656677246,15.609999656677246,15.600000381469727,15.600000381469727,24999,0.0,0.0,0.0
2025-02-03 01:55:00+00:00,15.600000381469727,15.600000381469727,15.600000381469727,15.600000381469727,73205,0.0,0.0,0.0
2025-02-03 02:00:00+00:00,15.600000381469727,15.609999656677246,15.600000381469727,15.609999656677246,19921,0.0,0.0,0.0
2025-02-03 02:05:00+00:00,15.609999656677246,15.609999656677246,15.59000015258789,15.600000381469727,161325,0.0,0.0,0.0
2025-02-03 02:10:00+00:00,15.600000381469727,15.609999656677246,15.600000381469727,15.600000381469727,24290,0.0,0.0,0.0
2025-02-03 02:15:00+00:00,15.600000381469727,15.609999656677246,15.600000381469727,15.609999656677246,165170,0.0,0.0,0.0
2025-02-03 02:20:00+00:00,15.609999656677246,15.630000114440918,15.609999656677246,15.630000114440918,25200,0.0,0.0,0.0
2025-02-03 02:25:00+00:00,15.630000114440918,15.65999984741211,15.630000114440918,15.65999984741211,30195,0.0,0.0,0.0
2025-02-03 02:30:00+00:00,15.670000076293945,15.6899995803833,15.670000076293945,15.680000305175781,15100,0.0,0.0,0.0
2025-02-03 02:35:00+00:00,15.680000305175781,15.680000305175781,15.680000305175781,15.680000305175781,12225,0.0,0.0,0.0
2025-02-03 02:40:00+00:00,15.680000305175781,15.680000305175781,15.65999984741211,15.670000076293945,34674,0.0,0.0,0.0
2025-02-03 02:45:00+00:00,15.65999984741211,15.670000076293945,15.640000343322754,15.670000076293945,48339,0.0,0.0,0.0
2025-02-03 02:50:00+00:00,15.670000076293945,15.670000076293945,15.670000076293945,15.670000076293945,20460,0.0,0.0,0.0
2025-02-03 02:55:00+00:00,15.670000076293945,15.670000076293945,15.670000076293945,15.670000076293945,6052,0.0,0.0,0.0
2025-02-03 03:00:00+00:00,15.670000076293945,15.670000076293945,15.65999984741211,15.65999984741211,25392,0.0,0.0,0.0
2025-02-03 03:05:00+00:00,15.65999984741211,15.65999984741211,15.65999984741211,15.65999984741211,3000,0.0,0.0,0.0
2025-02-03 03:10:00+00:00,15.670000076293945,15.670000076293945,15.649999618530273,15.649999618530273,11100,0.0,0.0,0.0
2025-02-03 03:15:00+00:00,15.670000076293945,15.670000076293945,15.649999618530273,15.649999618530273,13260,0.0,0.0,0.0
2025-02-03 03:20:00+00:00,15.649999618530273,15.649999618530273,15.649999618530273,15.649999618530273,7309,0.0,0.0,0.0
2025-02-03 03:25:00+00:00,15.649999618530273,15.670000076293945,15.649999618530273,15.670000076293945,8163,0.0,0.0,0.0
2025-02-03 03:30:00+00:00,15.65999984741211,15.680000305175781,15.65999984741211,15.680000305175781,27310,0.0,0.0,0.0
2025-02-03 03:35:00+00:00,15.680000305175781,15.680000305175781,15.680000305175781,15.680000305175781,8251,0.0,0.0,0.0
2025-02-03 03:40:00+00:00,15.670000076293945,15.670000076293945,15.670000076293945,15.670000076293945,14148,0.0,0.0,0.0
2025-02-03 03:45:00+00:00,15.680000305175781,15.680000305175781,15.680000305175781,15.680000305175781,6351,0.0,0.0,0.0
2025-02-03 03:50:00+00:00,15.680000305175781,15.680000305175781,15.670000076293945,15.680000305175781,9809,0.0,0.0,0.0
2025-02-03 03:55:00+00:00,15.680000305175781,15.680000305175781,15.680000305175781,15.680000305175781,1351,0.0,0.0,0.0
2025-02-03 04:00:00+00:00,15.670000076293945,15.670000076293945,15.65999984741211,15.65999984741211,23922,0.0,0.0,0.0
2025-02-03 04:05:00+00:00,15.65999984741211,15.670000076293945,15.65999984741211,15.670000076293945,12414,0.0,0.0,0.0
2025-02-03 04:10:00+00:00,15.65999984741211,15.65999984741211,15.65999984741211,15.65999984741211,12200,0.0,0.0,0.0
2025-02-03 04:15:00+00:00,15.670000076293945,15.680000305175781,15.670000076293945,15.680000305175781,14330,0.0,0.0,0.0
2025-02-03 04:20:00+00:00,15.680000305175781,15.6899995803833,15.680000305175781,15.6899995803833,10559,0.0,0.0,0.0
2025-02-03 04:25:00+00:00,15.6899995803833,15.699999809265137,15.6899995803833,15.699999809265137,7100,0.0,0.0,0.0
2025-02-03 04:30:00+00:00,15.6899995803833,15.699999809265137,15.6899995803833,15.6899995803833,37872,0.0,0.0,0.0
2025-02-03 04:35:00+00:00,15.6899995803833,15.6899995803833,15.65999984741211,15.65999984741211,32484,0.0,0.0,0.0
2025-02-03 04:40:00+00:00,15.65999984741211,15.680000305175781,15.65999984741211,15.65999984741211,5040,0.0,0.0,0.0
2025-02-03 04:45:00+00:00,15.670000076293945,15.670000076293945,15.670000076293945,15.670000076293945,2275,0.0,0.0,0.0
2025-02-03 04:50:00+00:00,15.670000076293945,15.6899995803833,15.670000076293945,15.6899995803833,7659,0.0,0.0,0.0
2025-02-03 04:55:00+00:00,15.6899995803833,15.6899995803833,15.6899995803833,15.6899995803833,6050,0.0,0.0,0.0
2025-02-03 05:00:00+00:00,15.6899995803833,15.6899995803833,15.680000305175781,15.680000305175781,12411,0.0,0.0,0.0
2025-02-03 05:05:00+00:00,15.680000305175781,15.680000305175781,15.680000305175781,15.680000305175781,2152,0.0,0.0,0.0
2025-02-03 05:10:00+00:00,15.680000305175781,15.680000305175781,15.680000305175781,15.680000305175781,5150,0.0,0.0,0.0
2025-02-03 05:15:00+00:00,15.670000076293945,15.670000076293945,15.670000076293945,15.670000076293945,16544,0.0,0.0,0.0
2025-02-03 05:20:00+00:00,15.670000076293945,15.680000305175781,15.670000076293945,15.680000305175781,15000,0.0,0.0,0.0
2025-02-04 01:00:00+00:00,15.680000305175781,15.6899995803833,15.680000305175781,15.6899995803833,0,0.0,0.0,0.0
2025-02-04 01:05:00+00:00,15.680000305175781,15.6899995803833,15.670000076293945,15.680000305175781,98732,0.0,0.0,0.0
2025-02-04 01:10:00+00:00,15.680000305175781,15.680000305175781,15.680000305175781,15.680000305175781,74730,0.0,0.0,0.0
2025-02-04 01:15:00+00:00,15.6899995803833,15.6899995803833,15.6899995803833,15.6899995803833,78035,0.0,0.0,0.0
2025-02-04 01:20:00+00:00,15.699999809265137,15.699999809265137,15.699999809265137,15.699999809265137,52000,0.0,0.0,0.0
2025-02-04 01:25:00+00:00,15.699999809265137,15.710000038146973,15.699999809265137,15.710000038146973,243796,0.0,0.0,0.0
2025-02-04 01:30:00+00:00,15.699999809265137,15.720000267028809,15.699999809265137,15.720000267028809,96336,0.0,0.0,0.0
2025-02-04 01:35:00+00:00,15.729999542236328,15.739999771118164,15.729999542236328,15.729999542236328,102563,0.0,0.0,0.0
2025-02-04 01:40:00+00:00,15.729999542236328,15.729999542236328,15.729999542236328,15.729999542236328,63246,0.0,0.0,0.0
2025-02-04 01:45:00+00:00,15.710000038146973,15.710000038146973,15.710000038146973,15.710000038146973,11250,0.0,0.0,0.0
2025-02-04 01:50:00+00:00,15.710000038146973,15.720000267028809,15.710000038146973,15.710000038146973,53050,0.0,0.0,0.0
2025-02-04 01:55:00+00:00,15.699999809265137,15.720000267028809,15.699999809265137,15.720000267028809,125178,0.0,0.0,0.0
2025-02-04 02:00:00+00:00,15.720000267028809,15.720000267028809,15.720000267028809,15.720000267028809,3000,0.0,0.0,0.0
2025-02-04 02:05:00+00:00,15.710000038146973,15.710000038146973,15.6899995803833,15.699999809265137,24398,0.0,0.0,0.0
2025-02-04 02:10:00+00:00,15.699999809265137,15.720000267028809,15.699999809265137,15.720000267028809,7310,0.0,0.0,0.0
2025-02-04 02:15:00+00:00,15.710000038146973,15.710000038146973,15.699999809265137,15.699999809265137,12315,0.0,0.0,0.0
2025-02-04 02:20:00+00:00,15.699999809265137,15.699999809265137,15.6899995803833,15.6899995803833,45400,0.0,0.0,0.0
2025-02-04 02:25:00+00:00,15.6899995803833,15.6899995803833,15.6899995803833,15.6899995803833,27027,0.0,0.0,0.0
2025-02-04 02:30:00+00:00,15.6899995803833,15.699999809265137,15.6899995803833,15.6899995803833,15200,0.0,0.0,0.0
2025-02-04 02:35:00+00:00,15.6899995803833,15.6899995803833,15.670000076293945,15.670000076293945,22146,0.0,0.0,0.0
2025-02-04 02:40:00+00:00,15.680000305175781,15.680000305175781,15.640000343322754,15.640000343322754,202114,0.0,0.0,0.0
2025-02-04 02:45:00+00:00,15.649999618530273,15.65999984741211,15.649999618530273,15.65999984741211,9360,0.0,0.0,0.0
2025-02-04 02:50:00+00:00,15.649999618530273,15.65999984741211,15.649999618530273,15.65999984741211,24018,0.0,0.0,0.0
2025-02-04 02:55:00+00:00,15.65999984741211,15.65999984741211,15.640000343322754,15.640000343322754,15224,0.0,0.0,0.0
2025-02-04 03:00:00+00:00,15.640000343322754,15.649999618530273,15.640000343322754,15.640000343322754,23724,0.0,0.0,0.0
2025-02-04 03:05:00+00:00,15.649999618530273,15.649999618530273,15.619999885559082,15.619999885559082,32552,0.0,0.0,0.0
2025-02-04 03:10:00+00:00,15.609999656677246,15.609999656677246,15.600000381469727,15.600000381469727,51883,0.0,0.0,0.0
2025-02-04 03:15:00+00:00,15.609999656677246,15.619999885559082,15.609999656677246,15.619999885559082,8000,0.0,0.0,0.0
2025-02-04 03:20:00+00:00,15.619999885559082,15.630000114440918,15.619999885559082,15.630000114440918,18799,0.0,0.0,0.0
2025-02-04 03:25:00+00:00,15.630000114440918,15.630000114440918,15.630000114440918,15.630000114440918,9030,0.0,0.0,0.0
2025-02-04 03:30:00+00:00,15.630000114440918,15.630000114440918,15.609999656677246,15.609999656677246,61134,0.0,0.0,0.0
2025-02-04 03:35:00+00:00,15.609999656677246,15.609999656677246,15.609999656677246,15.609999656677246,23785,0.0,0.0,0.0
2025-02-04 03:40:00+00:00,15.609999656677246,15.609999656677246,15.600000381469727,15.600000381469727,121369,0.0,0.0,0.0
2025-02-04 03:45:00+00:00,15.600000381469727,15.600000381469727,15.59000015258789,15.59000015258789,41795,0.0,0.0,0.0
2025-02-04 03:50:00+00:00,15.59000015258789,15.600000381469727,15.59000015258789,15.600000381469727,8000,0.0,0.0,0.0
2025-02-04 03:55:00+00:00,15.600000381469727,15.600000381469727,15.600000381469727,15.600000381469727,19000,0.0,0.0,0.0
2025-02-04 04:00:00+00:00,15.600000381469727,15.600000381469727,15.59000015258789,15.59000015258789,5012,0.0,0.0,0.0
2025-02-04 04:05:00+00:00,15.59000015258789,15.59000015258789,15.579999923706055,15.579999923706055,32009,0.0,0.0,0.0
2025-02-04 04:10:00+00:00,15.59000015258789,15.600000381469727,15.59000015258789,15.600000381469727,2025,0.0,0.0,0.0
2025-02-04 04:15:00+00:00,15.600000381469727,15.609999656677246,15.600000381469727,15.600000381469727,109320,0.0,0.0,0.0
2025-02-04 04:20:00+00:00,15.600000381469727,15.619999885559082,15.600000381469727,15.619999885559082,2334,0.0,0.0,0.0
2025-02-04 04:25:00+00:00,15.619999885559082,15.619999885559082,15.619999885559082,15.619999885559082,1560,0.0,0.0,0.0
2025-02-04 04:30:00+00:00,15.609999656677246,15.609999656677246,15.609999656677246,15.609999656677246,1029,0.0,0.0,0.0
2025-02-04 04:35:00+00:00,15.619999885559082,15.619999885559082,15.609999656677246,15.609999656677246,8800,0.0,0.0,0.0
2025-02-04 04:40:00+00:00,15.609999656677246,15.619999885559082,15.609999656677246,15.619999885559082,8130,0.0,0.0,0.0
2025-02-04 04:45:00+00:00,15.609999656677246,15.609999656677246,15.609999656677246,15.609999656677246,4010,0.0,0.0,0.0
2025-02-04 04:50:00+00:00,15.609999656677246,15.609999656677246,15.59000015258789,15.59000015258789,100865,0.0,0.0,0.0
2025-02-04 04:55:00+00:00,15.59000015258789,15.59000015258789,15.59000015258789,15.59000015258789,12494,0.0,0.0,0.0
2025-02-04 05:00:00+00:00,15.609999656677246,15.609999656677246,15.59000015258789,15.59000015258789,56382,0.0,0.0,0.0
2025-02-04 05:05:00+00:00,15.579999923706055,15.579999923706055,15.579999923706055,15.579999923706055,98932,0.0,0.0,0.0
2025-02-04 05:10:00+00:00,15.579999923706055,15.59000015258789,15.579999923706055,15.579999923706055,122609,0.0,0.0,0.0
2025-02-04 05:15:00+00:00,15.579999923706055,15.579999923706055,15.579999923706055,15.579999923706055,13300,0.0,0.0,0.0
2025-02-04 05:20:00+00:00,15.579999923706055,15.579999923706055,15.5600004196167,15.569999694824219,176417,0.0,0.0,0.0
2025-02-05 01:00:00+00:00,15.680000305175781,15.75,15.680000305175781,15.739999771118164,0,0.0,0.0,0.0
2025-02-05 01:05:00+00:00,15.739999771118164,15.760000228881836,15.739999771118164,15.75,186199,0.0,0.0,0.0
2025-02-05 01:10:00+00:00,15.760000228881836,15.770000457763672,15.760000228881836,15.770000457763672,185378,0.0,0.0,0.0
2025-02-05 01:15:00+00:00,15.779999732971191,15.789999961853027,15.779999732971191,15.789999961853027,201924,0.0,0.0,0.0
2025-02-05 01:20:00+00:00,15.779999732971191,15.779999732971191,15.779999732971191,15.779999732971191,60595,0.0,0.0,0.0
2025-02-05 01:25:00+00:00,15.779999732971191,15.800000190734863,15.779999732971191,15.800000190734863,230218,0.0,0.0,0.0
2025-02-05 01:30:00+00:00,15.800000190734863,15.800000190734863,15.779999732971191,15.779999732971191,39063,0.0,0.0,0.0
2025-02-05 01:35:00+00:00,15.760000228881836,15.770000457763672,15.760000228881836,15.760000228881836,113000,0.0,0.0,0.0
2025-02-05 01:40:00+00:00,15.760000228881836,15.760000228881836,15.760000228881836,15.760000228881836,107000,0.0,0.0,0.0
2025-02-05 01:45:00+00:00,15.75,15.75,15.75,15.75,20400,0.0,0.0,0.0
2025-02-05 01:50:00+00:00,15.75,15.75,15.75,15.75,82071,0.0,0.0,0.0
2025-02-05 01:55:00+00:00,15.75,15.75,15.75,15.75,2373,0.0,0.0,0.0
2025-02-05 02:00:00+00:00,15.75,15.75,15.739999771118164,15.739999771118164,17564,0.0,0.0,0.0
2025-02-05 02:05:00+00:00,15.729999542236328,15.739999771118164,15.720000267028809,15.739999771118164,35646,0.0,0.0,0.0
2025-02-05 02:10:00+00:00,15.720000267028809,15.729999542236328,15.720000267028809,15.729999542236328,17000,0.0,0.0,0.0
2025-02-05 02:15:00+00:00,15.720000267028809,15.720000267028809,15.720000267028809,15.720000267028809,9304,0.0,0.0,0.0
2025-02-05 02:20:00+00:00,15.720000267028809,15.720000267028809,15.720000267028809,15.720000267028809,2009,0.0,0.0,0.0
2025-02-05 02:25:00+00:00,15.720000267028809,15.720000267028809,15.720000267028809,15.720000267028809,1055,0.0,0.0,0.0
2025-02-05 02:30:00+00:00,15.720000267028809,15.729999542236328,15.720000267028809,15.729999542236328,18060,0.0,0.0,0.0
2025-02-05 02:35:00+00:00,15.729999542236328,15.729999542236328,15.729999542236328,15.729999542236328,5170,0.0,0.0,0.0
2025-02-05 02:40:00+00:00,15.729999542236328,15.729999542236328,15.710000038146973,15.710000038146973,10058,0.0,0.0,0.0
2025-02-05 02:50:00+00:00,15.710000038146973,15.710000038146973,15.710000038146973,15.710000038146973,22767,0.0,0.0,0.0
2025-02-05 02:55:00+00:00,15.710000038146973,15.720000267028809,15.710000038146973,15.720000267028809,9341,0.0,0.0,0.0
2025-02-05 03:05:00+00:00,15.720000267028809,15.720000267028809,15.720000267028809,15.720000267028809,1000,0.0,0.0,0.0
2025-02-05 03:10:00+00:00,15.710000038146973,15.710000038146973,15.710000038146973,15.710000038146973,10000,0.0,0.0,0.0
2025-02-05 03:15:00+00:00,15.710000038146973,15.710000038146973,15.6899995803833,15.6899995803833,32382,0.0,0.0,0.0
2025-02-05 03:20:00+00:00,15.6899995803833,15.6899995803833,15.6899995803833,15.6899995803833,5000,0.0,0.0,0.0
2025-02-05 03:25:00+00:00,15.699999809265137,15.699999809265137,15.699999809265137,15.699999809265137,5509,0.0,0.0,0.0
2025-02-05 03:30:00+00:00,15.699999809265137,15.710000038146973,15.6899995803833,15.6899995803833,8247,0.0,0.0,0.0
2025-02-05 03:35:00+00:00,15.6899995803833,15.6899995803833,15.6899995803833,15.6899995803833,30100,0.0,0.0,0.0
2025-02-05 03:40:00+00:00,15.6899995803833,15.699999809265137,15.6899995803833,15.699999809265137,23654,0.0,0.0,0.0
2025-02-05 03:45:00+00:00,15.699999809265137,15.710000038146973,15.699999809265137,15.710000038146973,12136,0.0,0.0,0.0
2025-02-05 03:50:00+00:00,15.699999809265137,15.699999809265137,15.699999809265137,15.699999809265137,3000,0.0,0.0,0.0
2025-02-05 03:55:00+00:00,15.6899995803833,15.699999809265137,15.6899995803833,15.699999809265137,6050,0.0,0.0,0.0
2025-02-05 04:00:00+00:00,15.699999809265137,15.699999809265137,15.699999809265137,15.699999809265137,18678,0.0,0.0,0.0
2025-02-05 04:10:00+00:00,15.699999809265137,15.699999809265137,15.699999809265137,15.699999809265137,3000,0.0,0.0,0.0
2025-02-05 04:15:00+00:00,15.699999809265137,15.699999809265137,15.6899995803833,15.6899995803833,20912,0.0,0.0,0.0
2025-02-05 04:20:00+00:00,15.6899995803833,15.6899995803833,15.6899995803833,15.6899995803833,26000,0.0,0.0,0.0
2025-02-05 04:25:00+00:00,15.6899995803833,15.699999809265137,15.6899995803833,15.699999809265137,17271,0.0,0.0,0.0
2025-02-05 04:30:00+00:00,15.699999809265137,15.710000038146973,15.699999809265137,15.710000038146973,29007,0.0,0.0,0.0
2025-02-05 04:35:00+00:00,15.710000038146973,15.710000038146973,15.710000038146973,15.710000038146973,2238,0.0,0.0,0.0
2025-02-05 04:40:00+00:00,15.710000038146973,15.710000038146973,15.710000038146973,15.710000038146973,9000,0.0,0.0,0.0
2025-02-05 04:45:00+00:00,15.699999809265137,15.710000038146973,15.699999809265137,15.699999809265137,64110,0.0,0.0,0.0
2025-02-05 04:55:00+00:00,15.6899995803833,15.699999809265137,15.6899995803833,15.699999809265137,11950,0.0,0.0,0.0
2025-02-05 05:00:00+00:00,15.6899995803833,15.6899995803833,15.6899995803833,15.6899995803833,5019,0.0,0.0,0.0
2025-02-05 05:05:00+00:00,15.6899995803833,15.6899995803833,15.6899995803833,15.6899995803833,7511,0.0,0.0,0.0
2025-02-05 05:10:00+00:00,15.699999809265137,15.699999809265137,15.6899995803833,15.699999809265137,21568,0.0,0.0,0.0
2025-02-05 05:15:00+00:00,15.699999809265137,15.710000038146973,15.699999809265137,15.710000038146973,3788,0.0,0.0,0.0
2025-02-05 05:20:00+00:00,15.710000038146973,15.710000038146973,15.699999809265137,15.699999809265137,3146,0.0,0.0,0.0
2025-02-06 01:00:00+00:00,15.739999771118164,15.739999771118164,15.729999542236328,15.729999542236328,0,0.0,0.0,0.0
2025-02-06 01:05:00+00:00,15.720000267028809,15.720000267028809,15.6899995803833,15.6899995803833,30795,0.0,0.0,0.0
2025-02-06 01:10:00+00:00,15.710000038146973,15.710000038146973,15.699999809265137,15.710000038146973,11012,0.0,0.0,0.0
2025-02-06 01:15:00+00:00,15.710000038146973,15.720000267028809,15.699999809265137,15.699999809265137,183040,0.0,0.0,0.0
2025-02-06 01:20:00+00:00,15.699999809265137,15.710000038146973,15.699999809265137,15.710000038146973,78364,0.0,0.0,0.0
2025-02-06 01:25:00+00:00,15.710000038146973,15.720000267028809,15.710000038146973,15.720000267028809,75329,0.0,0.0,0.0
2025-02-06 01:30:00+00:00,15.729999542236328,15.729999542236328,15.710000038146973,15.710000038146973,6959,0.0,0.0,0.0
2025-02-06 01:35:00+00:00,15.710000038146973,15.710000038146973,15.710000038146973,15.710000038146973,3400,0.0,0.0,0.0
2025-02-06 01:40:00+00:00,15.720000267028809,15.729999542236328,15.720000267028809,15.729999542236328,18030,0.0,0.0,0.0
2025-02-06 01:45:00+00:00,15.729999542236328,15.729999542236328,15.710000038146973,15.710000038146973,7447,0.0,0.0,0.0
2025-02-06 01:50:00+00:00,15.710000038146973,15.710000038146973,15.710000038146973,15.710000038146973,313014,0.0,0.0,0.0
2025-02-06 01:55:00+00:00,15.710000038146973,15.710000038146973,15.710000038146973,15.710000038146973,14393,0.0,0.0,0.0
2025-02-06 02:00:00+00:00,15.710000038146973,15.710000038146973,15.710000038146973,15.710000038146973,5147,0.0,0.0,0.0
2025-02-06 02:05:00+00:00,15.710000038146973,15.720000267028809,15.710000038146973,15.710000038146973,83221,0.0,0.0,0.0
2025-02-06 02:10:00+00:00,15.720000267028809,15.720000267028809,15.720000267028809,15.720000267028809,25699,0.0,0.0,0.0
2025-02-06 02:15:00+00:00,15.729999542236328,15.729999542236328,15.720000267028809,15.720000267028809,9633,0.0,0.0,0.0
2025-02-06 02:20:00+00:00,15.720000267028809,15.729999542236328,15.720000267028809,15.729999542236328,13100,0.0,0.0,0.0
2025-02-06 02:25:00+00:00,15.720000267028809,15.720000267028809,15.710000038146973,15.710000038146973,51003,0.0,0.0,0.0
2025-02-06 02:30:00+00:00,15.729999542236328,15.729999542236328,15.729999542236328,15.729999542236328,4324,0.0,0.0,0.0
2025-02-06 02:35:00+00:00,15.720000267028809,15.720000267028809,15.720000267028809,15.720000267028809,10004,0.0,0.0,0.0
2025-02-06 02:40:00+00:00,15.720000267028809,15.720000267028809,15.720000267028809,15.720000267028809,2051,0.0,0.0,0.0
2025-02-06 02:45:00+00:00,15.720000267028809,15.720000267028809,15.710000038146973,15.710000038146973,6106,0.0,0.0,0.0
2025-02-06 02:50:00+00:00,15.710000038146973,15.710000038146973,15.710000038146973,15.710000038146973,2000,0.0,0.0,0.0
2025-02-06 02:55:00+00:00,15.720000267028809,15.720000267028809,15.720000267028809,15.720000267028809,5211,0.0,0.0,0.0
2025-02-06 03:00:00+00:00,15.720000267028809,15.720000267028809,15.710000038146973,15.710000038146973,11272,0.0,0.0,0.0
2025-02-06 03:05:00+00:00,15.710000038146973,15.710000038146973,15.710000038146973,15.710000038146973,4570,0.0,0.0,0.0
2025-02-06 03:10:00+00:00,15.710000038146973,15.710000038146973,15.710000038146973,15.710000038146973,12630,0.0,0.0,0.0
2025-02-06 03:15:00+00:00,15.720000267028809,15.720000267028809,15.720000267028809,15.720000267028809,3698,0.0,0.0,0.0
2025-02-06 03:20:00+00:00,15.720000267028809,15.720000267028809,15.720000267028809,15.720000267028809,4003,0.0,0.0,0.0
2025-02-06 03:25:00+00:00,15.720000267028809,15.720000267028809,15.720000267028809,15.720000267028809,21060,0.0,0.0,0.0
2025-02-06 03:30:00+00:00,15.720000267028809,15.720000267028809,15.720000267028809,15.720000267028809,15143,0.0,0.0,0.0
2025-02-06 03:35:00+00:00,15.720000267028809,15.729999542236328,15.720000267028809,15.729999542236328,199200,0.0,0.0,0.0
2025-02-06 03:40:00+00:00,15.729999542236328,15.739999771118164,15.729999542236328,15.739999771118164,270086,0.0,0.0,0.0
2025-02-06 03:45:00+00:00,15.729999542236328,15.729999542236328,15.729999542236328,15.729999542236328,3192,0.0,0.0,0.0
2025-02-06 03:50:00+00:00,15.729999542236328,15.739999771118164,15.729999542236328,15.739999771118164,72103,0.0,0.0,0.0
2025-02-06 03:55:00+00:00,15.739999771118164,15.75,15.739999771118164,15.75,170592,0.0,0.0,0.0
2025-02-06 04:00:00+00:00,15.75,15.75,15.739999771118164,15.739999771118164,27147,0.0,0.0,0.0
2025-02-06 04:05:00+00:00,15.75,15.75,15.75,15.75,2655,0.0,0.0,0.0
2025-02-06 04:10:00+00:00,15.75,15.75,15.739999771118164,15.739999771118164,142003,0.0,0.0,0.0
2025-02-06 04:15:00+00:00,15.739999771118164,15.75,15.739999771118164,15.75,15256,0.0,0.0,0.0
2025-02-06 04:20:00+00:00,15.75,15.760000228881836,15.739999771118164,15.760000228881836,32314,0.0,0.0,0.0
2025-02-06 04:25:00+00:00,15.760000228881836,15.760000228881836,15.760000228881836,15.760000228881836,5000,0.0,0.0,0.0
2025-02-06 04:30:00+00:00,15.760000228881836,15.760000228881836,15.760000228881836,15.760000228881836,14143,0.0,0.0,0.0
2025-02-06 04:35:00+00:00,15.75,15.760000228881836,15.75,15.760000228881836,20103,0.0,0.0,0.0
2025-02-06 04:40:00+00:00,15.760000228881836,15.760000228881836,15.75,15.75,6100,0.0,0.0,0.0
2025-02-06 04:45:00+00:00,15.75,15.75,15.75,15.75,4669,0.0,0.0,0.0
2025-02-06 04:50:00+00:00,15.75,15.75,15.75,15.75,16100,0.0,0.0,0.0
2025-02-06 04:55:00+00:00,15.75,15.760000228881836,15.75,15.760000228881836,22203,0.0,0.0,0.0
2025-02-06 05:00:00+00:00,15.760000228881836,15.760000228881836,15.75,15.75,8000,0.0,0.0,0.0
2025-02-06 05:05:00+00:00,15.75,15.75,15.75,15.75,5052,0.0,0.0,0.0
2025-02-06 05:10:00+00:00,15.760000228881836,15.770000457763672,15.760000228881836,15.770000457763672,55357,0.0,0.0,0.0
2025-02-06 05:15:00+00:00,15.770000457763672,15.770000457763672,15.770000457763672,15.770000457763672,2080,0.0,0.0,0.0
2025-02-06 05:20:00+00:00,15.760000228881836,15.760000228881836,15.760000228881836,15.760000228881836,74658,0.0,0.0,0.0
2025-02-07 01:00:00+00:00,15.760000228881836,15.760000228881836,15.75,15.75,0,0.0,0.0,0.0
2025-02-07 01:05:00+00:00,15.75,15.75,15.739999771118164,15.75,97000,0.0,0.0,0.0
2025-02-07 01:10:00+00:00,15.75,15.75,15.75,15.75,39574,0.0,0.0,0.0
2025-02-07 01:15:00+00:00,15.75,15.75,15.739999771118164,15.739999771118164,55400,0.0,0.0,0.0
2025-02-07 01:20:00+00:00,15.729999542236328,15.729999542236328,15.729999542236328,15.729999542236328,16926,0.0,0.0,0.0
2025-02-07 01:25:00+00:00,15.729999542236328,15.729999542236328,15.710000038146973,15.710000038146973,16454,0.0,0.0,0.0
2025-02-07 01:30:00+00:00,15.710000038146973,15.710000038146973,15.6899995803833,15.6899995803833,104858,0.0,0.0,0.0
2025-02-07 01:35:00+00:00,15.6899995803833,15.6899995803833,15.6899995803833,15.6899995803833,25895,0.0,0.0,0.0
2025-02-07 01:40:00+00:00,15.6899995803833,15.6899995803833,15.6899995803833,15.6899995803833,10002,0.0,0.0,0.0
2025-02-07 01:45:00+00:00,15.6899995803833,15.6899995803833,15.670000076293945,15.670000076293945,102463,0.0,0.0,0.0
2025-02-07 01:50:00+00:00,15.670000076293945,15.680000305175781,15.670000076293945,15.670000076293945,26077,0.0,0.0,0.0
2025-02-07 01:55:00+00:00,15.670000076293945,15.670000076293945,15.649999618530273,15.649999618530273,120769,0.0,0.0,0.0
2025-02-07 02:00:00+00:00,15.649999618530273,15.670000076293945,15.649999618530273,15.670000076293945,18659,0.0,0.0,0.0
2025-02-07 02:05:00+00:00,15.670000076293945,15.670000076293945,15.65999984741211,15.65999984741211,37449,0.0,0.0,0.0
2025-02-07 02:10:00+00:00,15.65999984741211,15.65999984741211,15.649999618530273,15.65999984741211,45808,0.0,0.0,0.0
2025-02-07 02:15:00+00:00,15.65999984741211,15.65999984741211,15.65999984741211,15.65999984741211,10733,0.0,0.0,0.0
2025-02-07 02:20:00+00:00,15.65999984741211,15.65999984741211,15.65999984741211,15.65999984741211,2050,0.0,0.0,0.0
2025-02-07 02:25:00+00:00,15.670000076293945,15.670000076293945,15.65999984741211,15.670000076293945,15110,0.0,0.0,0.0
2025-02-07 02:30:00+00:00,15.670000076293945,15.670000076293945,15.670000076293945,15.670000076293945,17230,0.0,0.0,0.0
2025-02-07 02:35:00+00:00,15.65999984741211,15.65999984741211,15.65999984741211,15.65999984741211,64000,0.0,0.0,0.0
2025-02-07 02:40:00+00:00,15.65999984741211,15.670000076293945,15.65999984741211,15.670000076293945,10520,0.0,0.0,0.0
2025-02-07 02:45:00+00:00,15.670000076293945,15.670000076293945,15.65999984741211,15.65999984741211,44000,0.0,0.0,0.0
2025-02-07 02:50:00+00:00,15.65999984741211,15.65999984741211,15.65999984741211,15.65999984741211,3000,0.0,0.0,0.0
2025-02-07 02:55:00+00:00,15.65999984741211,15.65999984741211,15.649999618530273,15.649999618530273,6506,0.0,0.0,0.0
2025-02-07 03:00:00+00:00,15.670000076293945,15.670000076293945,15.670000076293945,15.670000076293945,1584,0.0,0.0,0.0
2025-02-07 03:05:00+00:00,15.65999984741211,15.65999984741211,15.65999984741211,15.65999984741211,4603,0.0,0.0,0.0
2025-02-07 03:10:00+00:00,15.670000076293945,15.670000076293945,15.670000076293945,15.670000076293945,5030,0.0,0.0,0.0
2025-02-07 03:15:00+00:00,15.670000076293945,15.670000076293945,15.670000076293945,15.670000076293945,2414,0.0,0.0,0.0
2025-02-07 03:20:00+00:00,15.65999984741211,15.65999984741211,15.65999984741211,15.65999984741211,3290,0.0,0.0,0.0
2025-02-07 03:25:00+00:00,15.670000076293945,15.670000076293945,15.670000076293945,15.670000076293945,13250,0.0,0.0,0.0
2025-02-07 03:30:00+00:00,15.670000076293945,15.670000076293945,15.65999984741211,15.65999984741211,43685,0.0,0.0,0.0
2025-02-07 03:35:00+00:00,15.670000076293945,15.670000076293945,15.670000076293945,15.670000076293945,2420,0.0,0.0,0.0
2025-02-07 03:40:00+00:00,15.670000076293945,15.680000305175781,15.670000076293945,15.680000305175781,55000,0.0,0.0,0.0
2025-02-07 03:45:00+00:00,15.680000305175781,15.680000305175781,15.680000305175781,15.680000305175781,2460,0.0,0.0,0.0
2025-02-07 03:50:00+00:00,15.670000076293945,15.670000076293945,15.670000076293945,15.670000076293945,31904,0.0,0.0,0.0
2025-02-07 03:55:00+00:00,15.670000076293945,15.680000305175781,15.670000076293945,15.680000305175781,4300,0.0,0.0,0.0
2025-02-07 04:00:00+00:00,15.680000305175781,15.680000305175781,15.670000076293945,15.670000076293945,6512,0.0,0.0,0.0
2025-02-07 04:05:00+00:00,15.670000076293945,15.680000305175781,15.670000076293945,15.680000305175781,8150,0.0,0.0,0.0
2025-02-07 04:10:00+00:00,15.680000305175781,15.6899995803833,15.680000305175781,15.680000305175781,39013,0.0,0.0,0.0
2025-02-07 04:15:00+00:00,15.680000305175781,15.680000305175781,15.670000076293945,15.670000076293945,39045,0.0,0.0,0.0
2025-02-07 04:20:00+00:00,15.670000076293945,15.670000076293945,15.670000076293945,15.670000076293945,5499,0.0,0.0,0.0
2025-02-07 04:25:00+00:00,15.670000076293945,15.670000076293945,15.670000076293945,15.670000076293945,2650,0.0,0.0,0.0
2025-02-07 04:30:00+00:00,15.670000076293945,15.670000076293945,15.670000076293945,15.670000076293945,7410,0.0,0.0,0.0
2025-02-07 04:35:00+00:00,15.670000076293945,15.670000076293945,15.670000076293945,15.670000076293945,14512,0.0,0.0,0.0
2025-02-07 04:40:00+00:00,15.680000305175781,15.680000305175781,15.680000305175781,15.680000305175781,11200,0.0,0.0,0.0
2025-02-07 04:45:00+00:00,15.670000076293945,15.6899995803833,15.670000076293945,15.680000305175781,119310,0.0,0.0,0.0
2025-02-07 04:50:00+00:00,15.680000305175781,15.680000305175781,15.680000305175781,15.680000305175781,11060,0.0,0.0,0.0
2025-02-07 04:55:00+00:00,15.680000305175781,15.680000305175781,15.670000076293945,15.670000076293945,33976,0.0,0.0,0.0
2025-02-07 05:00:00+00:00,15.670000076293945,15.670000076293945,15.670000076293945,15.670000076293945,2001,0.0,0.0,0.0
2025-02-07 05:05:00+00:00,15.680000305175781,15.680000305175781,15.670000076293945,15.680000305175781,115121,0.0,0.0,0.0
2025-02-07 05:10:00+00:00,15.680000305175781,15.680000305175781,15.680000305175781,15.680000305175781,5782,0.0,0.0,0.0
2025-02-07 05:15:00+00:00,15.680000305175781,15.680000305175781,15.670000076293945,15.680000305175781,120300,0.0,0.0,0.0
2025-02-07 05:20:00+00:00,15.680000305175781,15.680000305175781,15.670000076293945,15.670000076293945,21998,0.0,0.0,0.0
2025-02-10 01:00:00+00:00,15.6899995803833,15.6899995803833,15.670000076293945,15.670000076293945,0,0.0,0.0,0.0
2025-02-10 01:05:00+00:00,15.670000076293945,15.680000305175781,15.670000076293945,15.680000305175781,15000,0.0,0.0,0.0
2025-02-10 01:10:00+00:00,15.680000305175781,15.6899995803833,15.680000305175781,15.680000305175781,179703,0.0,0.0,0.0
2025-02-10 01:15:00+00:00,15.6899995803833,15.729999542236328,15.6899995803833,15.720000267028809,84128,0.0,0.0,0.0
2025-02-10 01:20:00+00:00,15.720000267028809,15.729999542236328,15.720000267028809,15.729999542236328,62179,0.0,0.0,0.0
2025-02-10 01:25:00+00:00,15.720000267028809,15.720000267028809,15.710000038146973,15.710000038146973,55308,0.0,0.0,0.0
2025-02-10 01:30:00+00:00,15.720000267028809,15.720000267028809,15.699999809265137,15.699999809265137,10300,0.0,0.0,0.0
2025-02-10 01:35:00+00:00,15.699999809265137,15.720000267028809,15.699999809265137,15.710000038146973,113131,0.0,0.0,0.0
2025-02-10 01:40:00+00:00,15.710000038146973,15.710000038146973,15.710000038146973,15.710000038146973,3560,0.0,0.0,0.0
2025-02-10 01:45:00+00:00,15.720000267028809,15.729999542236328,15.720000267028809,15.720000267028809,201232,0.0,0.0,0.0
2025-02-10 01:50:00+00:00,15.729999542236328,15.729999542236328,15.729999542236328,15.729999542236328,161043,0.0,0.0,0.0
2025-02-10 01:55:00+00:00,15.739999771118164,15.739999771118164,15.739999771118164,15.739999771118164,14267,0.0,0.0,0.0
2025-02-10 02:00:00+00:00,15.739999771118164,15.739999771118164,15.729999542236328,15.729999542236328,18123,0.0,0.0,0.0
2025-02-10 02:05:00+00:00,15.729999542236328,15.75,15.729999542236328,15.75,120082,0.0,0.0,0.0
2025-02-10 02:10:00+00:00,15.75,15.75,15.739999771118164,15.739999771118164,9300,0.0,0.0,0.0
2025-02-10 02:15:00+00:00,15.739999771118164,15.75,15.739999771118164,15.75,106167,0.0,0.0,0.0
2025-02-10 02:20:00+00:00,15.75,15.75,15.739999771118164,15.75,17000,0.0,0.0,0.0
2025-02-10 02:25:00+00:00,15.739999771118164,15.75,15.739999771118164,15.739999771118164,20217,0.0,0.0,0.0
2025-02-10 02:30:00+00:00,15.75,15.75,15.729999542236328,15.729999542236328,8790,0.0,0.0,0.0
2025-02-10 02:35:00+00:00,15.729999542236328,15.729999542236328,15.729999542236328,15.729999542236328,24167,0.0,0.0,0.0
2025-02-10 02:40:00+00:00,15.729999542236328,15.729999542236328,15.729999542236328,15.729999542236328,10578,0.0,0.0,0.0
2025-02-10 02:45:00+00:00,15.729999542236328,15.729999542236328,15.720000267028809,15.729999542236328,95277,0.0,0.0,0.0
2025-02-10 02:50:00+00:00,15.729999542236328,15.739999771118164,15.729999542236328,15.739999771118164,11300,0.0,0.0,0.0
2025-02-10 02:55:00+00:00,15.739999771118164,15.739999771118164,15.729999542236328,15.729999542236328,12086,0.0,0.0,0.0
2025-02-10 03:00:00+00:00,15.739999771118164,15.739999771118164,15.739999771118164,15.739999771118164,59454,0.0,0.0,0.0
2025-02-10 03:10:00+00:00,15.739999771118164,15.739999771118164,15.739999771118164,15.739999771118164,2000,0.0,0.0,0.0
2025-02-10 03:15:00+00:00,15.739999771118164,15.739999771118164,15.729999542236328,15.739999771118164,124167,0.0,0.0,0.0
2025-02-10 03:20:00+00:00,15.729999542236328,15.729999542236328,15.729999542236328,15.729999542236328,19176,0.0,0.0,0.0
2025-02-10 03:25:00+00:00,15.729999542236328,15.729999542236328,15.720000267028809,15.720000267028809,23000,0.0,0.0,0.0
2025-02-10 03:30:00+00:00,15.729999542236328,15.729999542236328,15.720000267028809,15.720000267028809,30126,0.0,0.0,0.0
2025-02-10 03:35:00+00:00,15.720000267028809,15.729999542236328,15.720000267028809,15.729999542236328,20052,0.0,0.0,0.0
2025-02-10 03:45:00+00:00,15.729999542236328,15.729999542236328,15.720000267028809,15.720000267028809,52198,0.0,0.0,0.0
2025-02-10 03:50:00+00:00,15.720000267028809,15.720000267028809,15.720000267028809,15.720000267028809,4000,0.0,0.0,0.0
2025-02-10 03:55:00+00:00,15.720000267028809,15.720000267028809,15.710000038146973,15.710000038146973,18007,0.0,0.0,0.0
2025-02-10 04:00:00+00:00,15.710000038146973,15.720000267028809,15.710000038146973,15.720000267028809,13020,0.0,0.0,0.0
2025-02-10 04:05:00+00:00,15.720000267028809,15.720000267028809,15.720000267028809,15.720000267028809,2555,0.0,0.0,0.0
2025-02-10 04:10:00+00:00,15.720000267028809,15.720000267028809,15.720000267028809,15.720000267028809,4790,0.0,0.0,0.0
2025-02-10 04:15:00+00:00,15.720000267028809,15.720000267028809,15.720000267028809,15.720000267028809,96092,0.0,0.0,0.0
2025-02-10 04:20:00+00:00,15.720000267028809,15.729999542236328,15.720000267028809,15.729999542236328,12000,0.0,0.0,0.0
2025-02-10 04:25:00+00:00,15.729999542236328,15.729999542236328,15.720000267028809,15.720000267028809,8001,0.0,0.0,0.0
2025-02-10 04:30:00+00:00,15.729999542236328,15.729999542236328,15.729999542236328,15.729999542236328,158650,0.0,0.0,0.0
2025-02-10 04:35:00+00:00,15.729999542236328,15.729999542236328,15.729999542236328,15.729999542236328,4400,0.0,0.0,0.0
2025-02-10 04:40:00+00:00,15.729999542236328,15.729999542236328,15.720000267028809,15.720000267028809,109217,0.0,0.0,0.0
2025-02-10 04:45:00+00:00,15.720000267028809,15.729999542236328,15.720000267028809,15.729999542236328,126400,0.0,0.0,0.0
2025-02-10 04:50:00+00:00,15.729999542236328,15.729999542236328,15.729999542236328,15.729999542236328,2500,0.0,0.0,0.0
2025-02-10 04:55:00+00:00,15.729999542236328,15.729999542236328,15.729999542236328,15.729999542236328,6100,0.0,0.0,0.0
2025-02-10 05:00:00+00:00,15.720000267028809,15.729999542236328,15.720000267028809,15.729999542236328,39717,0.0,0.0,0.0
2025-02-10 05:05:00+00:00,15.729999542236328,15.729999542236328,15.729999542236328,15.729999542236328,24101,0.0,0.0,0.0
2025-02-10 05:10:00+00:00,15.729999542236328,15.739999771118164,15.729999542236328,15.729999542236328,97010,0.0,0.0,0.0
2025-02-10 05:15:00+00:00,15.729999542236328,15.739999771118164,15.729999542236328,15.739999771118164,7940,0.0,0.0,0.0
2025-02-10 05:20:00+00:00,15.739999771118164,15.75,15.739999771118164,15.75,43319,0.0,0.0,0.0
2025-02-11 01:00:00+00:00,15.829999923706055,15.859999656677246,15.829999923706055,15.859999656677246,0,0.0,0.0,0.0
2025-02-11 01:05:00+00:00,15.850000381469727,15.859999656677246,15.850000381469727,15.850000381469727,169769,0.0,0.0,0.0
2025-02-11 01:10:00+00:00,15.850000381469727,15.880000114440918,15.850000381469727,15.880000114440918,250673,0.0,0.0,0.0
2025-02-11 01:15:00+00:00,15.859999656677246,15.859999656677246,15.859999656677246,15.859999656677246,25280,0.0,0.0,0.0
2025-02-11 01:20:00+00:00,15.859999656677246,15.859999656677246,15.850000381469727,15.859999656677246,106135,0.0,0.0,0.0
2025-02-11 01:25:00+00:00,15.859999656677246,15.859999656677246,15.859999656677246,15.859999656677246,13924,0.0,0.0,0.0
2025-02-11 01:30:00+00:00,15.869999885559082,15.869999885559082,15.84000015258789,15.84000015258789,24178,0.0,0.0,0.0
2025-02-11 01:35:00+00:00,15.84000015258789,15.84000015258789,15.819999694824219,15.829999923706055,28028,0.0,0.0,0.0
2025-02-11 01:40:00+00:00,15.8100004196167,15.819999694824219,15.8100004196167,15.819999694824219,106000,0.0,0.0,0.0
2025-02-11 01:45:00+00:00,15.819999694824219,15.819999694824219,15.819999694824219,15.819999694824219,12166,0.0,0.0,0.0
2025-02-11 01:50:00+00:00,15.819999694824219,15.819999694824219,15.8100004196167,15.819999694824219,103160,0.0,0.0,0.0
2025-02-11 01:55:00+00:00,15.819999694824219,15.819999694824219,15.819999694824219,15.819999694824219,2261,0.0,0.0,0.0
2025-02-11 02:00:00+00:00,15.8100004196167,15.8100004196167,15.8100004196167,15.8100004196167,14248,0.0,0.0,0.0
2025-02-11 02:05:00+00:00,15.8100004196167,15.8100004196167,15.800000190734863,15.800000190734863,37285,0.0,0.0,0.0
2025-02-11 02:10:00+00:00,15.789999961853027,15.789999961853027,15.789999961853027,15.789999961853027,108590,0.0,0.0,0.0
2025-02-11 02:15:00+00:00,15.800000190734863,15.800000190734863,15.789999961853027,15.789999961853027,5100,0.0,0.0,0.0
2025-02-11 02:20:00+00:00,15.789999961853027,15.789999961853027,15.789999961853027,15.789999961853027,12000,0.0,0.0,0.0
2025-02-11 02:25:00+00:00,15.789999961853027,15.789999961853027,15.789999961853027,15.789999961853027,10483,0.0,0.0,0.0
2025-02-11 02:30:00+00:00,15.789999961853027,15.789999961853027,15.789999961853027,15.789999961853027,7110,0.0,0.0,0.0
2025-02-11 02:35:00+00:00,15.779999732971191,15.800000190734863,15.779999732971191,15.789999961853027,20103,0.0,0.0,0.0
2025-02-11 02:40:00+00:00,15.789999961853027,15.789999961853027,15.779999732971191,15.779999732971191,17065,0.0,0.0,0.0
2025-02-11 02:45:00+00:00,15.779999732971191,15.779999732971191,15.779999732971191,15.779999732971191,10000,0.0,0.0,0.0
2025-02-11 02:50:00+00:00,15.779999732971191,15.779999732971191,15.779999732971191,15.779999732971191,1090,0.0,0.0,0.0
2025-02-11 03:00:00+00:00,15.789999961853027,15.789999961853027,15.789999961853027,15.789999961853027,2500,0.0,0.0,0.0
2025-02-11 03:05:00+00:00,15.789999961853027,15.789999961853027,15.789999961853027,15.789999961853027,3156,0.0,0.0,0.0
2025-02-11 03:10:00+00:00,15.779999732971191,15.779999732971191,15.779999732971191,15.779999732971191,29124,0.0,0.0,0.0
2025-02-11 03:15:00+00:00,15.779999732971191,15.789999961853027,15.779999732971191,15.789999961853027,3100,0.0,0.0,0.0
2025-02-11 03:20:00+00:00,15.789999961853027,15.789999961853027,15.779999732971191,15.779999732971191,4033,0.0,0.0,0.0
2025-02-11 03:25:00+00:00,15.789999961853027,15.789999961853027,15.789999961853027,15.789999961853027,10067,0.0,0.0,0.0
2025-02-11 03:30:00+00:00,15.800000190734863,15.800000190734863,15.800000190734863,15.800000190734863,1133,0.0,0.0,0.0
2025-02-11 03:35:00+00:00,15.800000190734863,15.800000190734863,15.800000190734863,15.800000190734863,25202,0.0,0.0,0.0
2025-02-11 03:40:00+00:00,15.800000190734863,15.800000190734863,15.800000190734863,15.800000190734863,10098,0.0,0.0,0.0
2025-02-11 03:45:00+00:00,15.789999961853027,15.789999961853027,15.789999961853027,15.789999961853027,2100,0.0,0.0,0.0
2025-02-11 03:50:00+00:00,15.789999961853027,15.789999961853027,15.789999961853027,15.789999961853027,2218,0.0,0.0,0.0
2025-02-11 03:55:00+00:00,15.789999961853027,15.789999961853027,15.789999961853027,15.789999961853027,81000,0.0,0.0,0.0
2025-02-11 04:00:00+00:00,15.789999961853027,15.789999961853027,15.789999961853027,15.789999961853027,2000,0.0,0.0,0.0
2025-02-11 04:05:00+00:00,15.789999961853027,15.789999961853027,15.789999961853027,15.789999961853027,5021,0.0,0.0,0.0
2025-02-11 04:10:00+00:00,15.789999961853027,15.800000190734863,15.789999961853027,15.800000190734863,15718,0.0,0.0,0.0
2025-02-11 04:20:00+00:00,15.789999961853027,15.789999961853027,15.789999961853027,15.789999961853027,10056,0.0,0.0,0.0
2025-02-11 04:25:00+00:00,15.789999961853027,15.789999961853027,15.789999961853027,15.789999961853027,2000,0.0,0.0,0.0
2025-02-11 04:30:00+00:00,15.789999961853027,15.789999961853027,15.789999961853027,15.789999961853027,7197,0.0,0.0,0.0
2025-02-11 04:35:00+00:00,15.800000190734863,15.800000190734863,15.789999961853027,15.789999961853027,7534,0.0,0.0,0.0
2025-02-11 04:40:00+00:00,15.800000190734863,15.800000190734863,15.800000190734863,15.800000190734863,3334,0.0,0.0,0.0
2025-02-11 04:50:00+00:00,15.800000190734863,15.800000190734863,15.800000190734863,15.800000190734863,2165,0.0,0.0,0.0
2025-02-11 04:55:00+00:00,15.800000190734863,15.800000190734863,15.800000190734863,15.800000190734863,86794,0.0,0.0,0.0
2025-02-11 05:00:00+00:00,15.800000190734863,15.800000190734863,15.800000190734863,15.800000190734863,1000,0.0,0.0,0.0
2025-02-11 05:05:00+00:00,15.800000190734863,15.8100004196167,15.800000190734863,15.800000190734863,48454,0.0,0.0,0.0
2025-02-11 05:10:00+00:00,15.8100004196167,15.8100004196167,15.789999961853027,15.789999961853027,73000,0.0,0.0,0.0
2025-02-11 05:15:00+00:00,15.789999961853027,15.800000190734863,15.789999961853027,15.800000190734863,2221,0.0,0.0,0.0
2025-02-11 05:20:00+00:00,15.800000190734863,15.8100004196167,15.800000190734863,15.800000190734863,16175,0.0,0.0,0.0
2025-02-12 01:00:00+00:00,15.84000015258789,15.850000381469727,15.84000015258789,15.850000381469727,0,0.0,0.0,0.0
2025-02-12 01:05:00+00:00,15.850000381469727,15.880000114440918,15.84000015258789,15.869999885559082,421916,0.0,0.0,0.0
2025-02-12 01:10:00+00:00,15.869999885559082,15.869999885559082,15.869999885559082,15.869999885559082,13606,0.0,0.0,0.0
2025-02-12 01:15:00+00:00,15.869999885559082,15.869999885559082,15.850000381469727,15.850000381469727,44509,0.0,0.0,0.0
2025-02-12 01:20:00+00:00,15.850000381469727,15.850000381469727,15.829999923706055,15.829999923706055,36218,0.0,0.0,0.0
2025-02-12 01:25:00+00:00,15.829999923706055,15.84000015258789,15.829999923706055,15.84000015258789,77000,0.0,0.0,0.0
2025-02-12 01:30:00+00:00,15.84000015258789,15.84000015258789,15.84000015258789,15.84000015258789,15105,0.0,0.0,0.0
2025-02-12 01:35:00+00:00,15.84000015258789,15.84000015258789,15.84000015258789,15.84000015258789,2500,0.0,0.0,0.0
2025-02-12 01:45:00+00:00,15.84000015258789,15.859999656677246,15.84000015258789,15.859999656677246,163215,0.0,0.0,0.0
2025-02-12 01:50:00+00:00,15.859999656677246,15.859999656677246,15.859999656677246,15.859999656677246,29380,0.0,0.0,0.0
2025-02-12 01:55:00+00:00,15.859999656677246,15.869999885559082,15.859999656677246,15.869999885559082,7064,0.0,0.0,0.0
2025-02-12 02:00:00+00:00,15.859999656677246,15.859999656677246,15.859999656677246,15.859999656677246,16142,0.0,0.0,0.0
2025-02-12 02:05:00+00:00,15.869999885559082,15.869999885559082,15.859999656677246,15.869999885559082,56030,0.0,0.0,0.0
2025-02-12 02:15:00+00:00,15.869999885559082,15.869999885559082,15.869999885559082,15.869999885559082,5300,0.0,0.0,0.0
2025-02-12 02:20:00+00:00,15.850000381469727,15.850000381469727,15.84000015258789,15.84000015258789,14004,0.0,0.0,0.0
2025-02-12 02:25:00+00:00,15.84000015258789,15.850000381469727,15.84000015258789,15.850000381469727,108450,0.0,0.0,0.0
2025-02-12 02:35:00+00:00,15.850000381469727,15.850000381469727,15.84000015258789,15.84000015258789,8060,0.0,0.0,0.0
2025-02-12 02:40:00+00:00,15.84000015258789,15.84000015258789,15.84000015258789,15.84000015258789,2200,0.0,0.0,0.0
2025-02-12 02:45:00+00:00,15.84000015258789,15.84000015258789,15.84000015258789,15.84000015258789,19342,0.0,0.0,0.0
2025-02-12 02:50:00+00:00,15.829999923706055,15.84000015258789,15.819999694824219,15.84000015258789,155437,0.0,0.0,0.0
2025-02-12 02:55:00+00:00,15.819999694824219,15.819999694824219,15.8100004196167,15.819999694824219,51493,0.0,0.0,0.0
2025-02-12 03:00:00+00:00,15.819999694824219,15.819999694824219,15.819999694824219,15.819999694824219,17000,0.0,0.0,0.0
2025-02-12 03:05:00+00:00,15.819999694824219,15.819999694824219,15.819999694824219,15.819999694824219,4229,0.0,0.0,0.0
2025-02-12 03:10:00+00:00,15.829999923706055,15.829999923706055,15.829999923706055,15.829999923706055,2000,0.0,0.0,0.0
2025-02-12 03:15:00+00:00,15.829999923706055,15.829999923706055,15.819999694824219,15.829999923706055,35000,0.0,0.0,0.0
2025-02-12 03:20:00+00:00,15.829999923706055,15.84000015258789,15.829999923706055,15.84000015258789,10100,0.0,0.0,0.0
2025-02-12 03:25:00+00:00,15.829999923706055,15.850000381469727,15.829999923706055,15.850000381469727,16350,0.0,0.0,0.0
2025-02-12 03:30:00+00:00,15.829999923706055,15.829999923706055,15.829999923706055,15.829999923706055,1571,0.0,0.0,0.0
2025-02-12 03:50:00+00:00,15.819999694824219,15.819999694824219,15.819999694824219,15.819999694824219,8109,0.0,0.0,0.0
2025-02-12 03:55:00+00:00,15.8100004196167,15.8100004196167,15.8100004196167,15.8100004196167,21050,0.0,0.0,0.0
2025-02-12 04:05:00+00:00,15.800000190734863,15.800000190734863,15.800000190734863,15.800000190734863,1000,0.0,0.0,0.0
2025-02-12 04:10:00+00:00,15.800000190734863,15.800000190734863,15.800000190734863,15.800000190734863,20682,0.0,0.0,0.0
2025-02-12 04:15:00+00:00,15.800000190734863,15.800000190734863,15.800000190734863,15.800000190734863,3502,0.0,0.0,0.0
2025-02-12 04:25:00+00:00,15.800000190734863,15.800000190734863,15.800000190734863,15.800000190734863,6008,0.0,0.0,0.0
2025-02-12 04:30:00+00:00,15.800000190734863,15.800000190734863,15.800000190734863,15.800000190734863,31000,0.0,0.0,0.0
2025-02-12 04:35:00+00:00,15.800000190734863,15.800000190734863,15.800000190734863,15.800000190734863,2000,0.0,0.0,0.0
2025-02-12 04:40:00+00:00,15.800000190734863,15.800000190734863,15.800000190734863,15.800000190734863,6130,0.0,0.0,0.0
2025-02-12 04:45:00+00:00,15.800000190734863,15.800000190734863,15.789999961853027,15.800000190734863,7000,0.0,0.0,0.0
2025-02-12 04:50:00+00:00,15.789999961853027,15.800000190734863,15.789999961853027,15.789999961853027,58500,0.0,0.0,0.0
2025-02-12 04:55:00+00:00,15.779999732971191,15.789999961853027,15.779999732971191,15.779999732971191,9000,0.0,0.0,0.0
2025-02-12 05:00:00+00:00,15.779999732971191,15.779999732971191,15.779999732971191,15.779999732971191,21315,0.0,0.0,0.0
2025-02-12 05:05:00+00:00,15.770000457763672,15.779999732971191,15.770000457763672,15.779999732971191,18000,0.0,0.0,0.0
2025-02-12 05:10:00+00:00,15.770000457763672,15.779999732971191,15.770000457763672,15.779999732971191,7055,0.0,0.0,0.0
2025-02-12 05:15:00+00:00,15.779999732971191,15.779999732971191,15.779999732971191,15.779999732971191,12000,0.0,0.0,0.0
2025-02-12 05:20:00+00:00,15.789999961853027,15.789999961853027,15.770000457763672,15.770000457763672,30000,0.0,0.0,0.0
2025-02-13 01:00:00+00:00,15.819999694824219,15.819999694824219,15.789999961853027,15.789999961853027,0,0.0,0.0,0.0
2025-02-13 01:05:00+00:00,15.800000190734863,15.8100004196167,15.789999961853027,15.8100004196167,48667,0.0,0.0,0.0
2025-02-13 01:10:00+00:00,15.829999923706055,15.829999923706055,15.800000190734863,15.829999923706055,55697,0.0,0.0,0.0
2025-02-13 01:15:00+00:00,15.829999923706055,15.829999923706055,15.819999694824219,15.829999923706055,31300,0.0,0.0,0.0
2025-02-13 01:20:00+00:00,15.829999923706055,15.829999923706055,15.829999923706055,15.829999923706055,18100,0.0,0.0,0.0
2025-02-13 01:25:00+00:00,15.819999694824219,15.84000015258789,15.819999694824219,15.829999923706055,103585,0.0,0.0,0.0
2025-02-13 01:30:00+00:00,15.829999923706055,15.84000015258789,15.829999923706055,15.84000015258789,8515,0.0,0.0,0.0
2025-02-13 01:35:00+00:00,15.84000015258789,15.84000015258789,15.829999923706055,15.84000015258789,50057,0.0,0.0,0.0
2025-02-13 01:40:00+00:00,15.850000381469727,15.850000381469727,15.850000381469727,15.850000381469727,67620,0.0,0.0,0.0
2025-02-13 01:45:00+00:00,15.859999656677246,15.859999656677246,15.850000381469727,15.850000381469727,17110,0.0,0.0,0.0
2025-02-13 01:50:00+00:00,15.84000015258789,15.850000381469727,15.84000015258789,15.84000015258789,61050,0.0,0.0,0.0
2025-02-13 01:55:00+00:00,15.84000015258789,15.850000381469727,15.84000015258789,15.850000381469727,21000,0.0,0.0,0.0
2025-02-13 02:00:00+00:00,15.859999656677246,15.869999885559082,15.859999656677246,15.859999656677246,82626,0.0,0.0,0.0
2025-02-13 02:05:00+00:00,15.859999656677246,15.859999656677246,15.859999656677246,15.859999656677246,46200,0.0,0.0,0.0
2025-02-13 02:10:00+00:00,15.859999656677246,15.869999885559082,15.859999656677246,15.859999656677246,16945,0.0,0.0,0.0
2025-02-13 02:15:00+00:00,15.869999885559082,15.869999885559082,15.859999656677246,15.859999656677246,8059,0.0,0.0,0.0
2025-02-13 02:20:00+00:00,15.869999885559082,15.869999885559082,15.859999656677246,15.859999656677246,35610,0.0,0.0,0.0
2025-02-13 02:25:00+00:00,15.850000381469727,15.850000381469727,15.850000381469727,15.850000381469727,2100,0.0,0.0,0.0
2025-02-13 02:30:00+00:00,15.850000381469727,15.859999656677246,15.850000381469727,15.850000381469727,62713,0.0,0.0,0.0
2025-02-13 02:35:00+00:00,15.850000381469727,15.859999656677246,15.850000381469727,15.859999656677246,72061,0.0,0.0,0.0
2025-02-13 02:40:00+00:00,15.859999656677246,15.880000114440918,15.859999656677246,15.880000114440918,330039,0.0,0.0,0.0
2025-02-13 02:45:00+00:00,15.890000343322754,15.890000343322754,15.880000114440918,15.880000114440918,74214,0.0,0.0,0.0
2025-02-13 02:50:00+00:00,15.880000114440918,15.899999618530273,15.880000114440918,15.899999618530273,145763,0.0,0.0,0.0
2025-02-13 02:55:00+00:00,15.899999618530273,15.899999618530273,15.890000343322754,15.890000343322754,44063,0.0,0.0,0.0
2025-02-13 03:00:00+00:00,15.899999618530273,15.899999618530273,15.899999618530273,15.899999618530273,42460,0.0,0.0,0.0
2025-02-13 03:05:00+00:00,15.890000343322754,15.890000343322754,15.890000343322754,15.890000343322754,5000,0.0,0.0,0.0
2025-02-13 03:10:00+00:00,15.890000343322754,15.899999618530273,15.890000343322754,15.890000343322754,17254,0.0,0.0,0.0
2025-02-13 03:15:00+00:00,15.899999618530273,15.899999618530273,15.899999618530273,15.899999618530273,24315,0.0,0.0,0.0
2025-02-13 03:20:00+00:00,15.890000343322754,15.890000343322754,15.890000343322754,15.890000343322754,2000,0.0,0.0,0.0
2025-02-13 03:25:00+00:00,15.890000343322754,15.890000343322754,15.890000343322754,15.890000343322754,2267,0.0,0.0,0.0
2025-02-13 03:30:00+00:00,15.899999618530273,15.899999618530273,15.899999618530273,15.899999618530273,14107,0.0,0.0,0.0
2025-02-13 03:35:00+00:00,15.899999618530273,15.90999984741211,15.899999618530273,15.90999984741211,180700,0.0,0.0,0.0
2025-02-13 03:40:00+00:00,15.90999984741211,15.9399995803833,15.90999984741211,15.930000305175781,214513,0.0,0.0,0.0
2025-02-13 03:45:00+00:00,15.9399995803833,15.9399995803833,15.930000305175781,15.9399995803833,9813,0.0,0.0,0.0
2025-02-13 03:55:00+00:00,15.930000305175781,15.930000305175781,15.920000076293945,15.920000076293945,3051,0.0,0.0,0.0
2025-02-13 04:00:00+00:00,15.920000076293945,15.920000076293945,15.920000076293945,15.920000076293945,6240,0.0,0.0,0.0
2025-02-13 04:05:00+00:00,15.920000076293945,15.920000076293945,15.920000076293945,15.920000076293945,58000,0.0,0.0,0.0
2025-02-13 04:10:00+00:00,15.920000076293945,15.920000076293945,15.920000076293945,15.920000076293945,2100,0.0,0.0,0.0
2025-02-13 04:15:00+00:00,15.920000076293945,15.920000076293945,15.920000076293945,15.920000076293945,38000,0.0,0.0,0.0
2025-02-13 04:20:00+00:00,15.90999984741211,15.920000076293945,15.90999984741211,15.920000076293945,120160,0.0,0.0,0.0
2025-02-13 04:25:00+00:00,15.930000305175781,15.9399995803833,15.930000305175781,15.930000305175781,161188,0.0,0.0,0.0
2025-02-13 04:30:00+00:00,15.930000305175781,15.930000305175781,15.920000076293945,15.920000076293945,117270,0.0,0.0,0.0
2025-02-13 04:35:00+00:00,15.930000305175781,15.930000305175781,15.930000305175781,15.930000305175781,20095,0.0,0.0,0.0
2025-02-13 04:40:00+00:00,15.930000305175781,15.930000305175781,15.930000305175781,15.930000305175781,13319,0.0,0.0,0.0
2025-02-13 04:45:00+00:00,15.930000305175781,15.9399995803833,15.930000305175781,15.9399995803833,42050,0.0,0.0,0.0
2025-02-13 04:50:00+00:00,15.930000305175781,15.930000305175781,15.930000305175781,15.930000305175781,6713,0.0,0.0,0.0
2025-02-13 04:55:00+00:00,15.920000076293945,15.920000076293945,15.90999984741211,15.920000076293945,85062,0.0,0.0,0.0
2025-02-13 05:00:00+00:00,15.920000076293945,15.920000076293945,15.920000076293945,15.920000076293945,19200,0.0,0.0,0.0
2025-02-13 05:05:00+00:00,15.920000076293945,15.920000076293945,15.899999618530273,15.899999618530273,13336,0.0,0.0,0.0
2025-02-13 05:10:00+00:00,15.90999984741211,15.920000076293945,15.90999984741211,15.920000076293945,5514,0.0,0.0,0.0
2025-02-13 05:15:00+00:00,15.90999984741211,15.920000076293945,15.90999984741211,15.90999984741211,20860,0.0,0.0,0.0
2025-02-13 05:20:00+00:00,15.90999984741211,15.920000076293945,15.90999984741211,15.920000076293945,31217,0.0,0.0,0.0
2025-02-14 01:00:00+00:00,15.90999984741211,15.90999984741211,15.899999618530273,15.90999984741211,0,0.0,0.0,0.0
2025-02-14 01:05:00+00:00,15.90999984741211,15.920000076293945,15.90999984741211,15.920000076293945,81350,0.0,0.0,0.0
2025-02-14 01:10:00+00:00,15.920000076293945,15.930000305175781,15.899999618530273,15.899999618530273,340653,0.0,0.0,0.0
2025-02-14 01:15:00+00:00,15.899999618530273,15.899999618530273,15.890000343322754,15.899999618530273,106190,0.0,0.0,0.0
2025-02-14 01:20:00+00:00,15.90999984741211,15.90999984741211,15.880000114440918,15.880000114440918,6548,0.0,0.0,0.0
2025-02-14 01:25:00+00:00,15.890000343322754,15.890000343322754,15.890000343322754,15.890000343322754,2000,0.0,0.0,0.0
2025-02-14 01:30:00+00:00,15.880000114440918,15.880000114440918,15.869999885559082,15.869999885559082,130534,0.0,0.0,0.0
2025-02-14 01:35:00+00:00,15.869999885559082,15.880000114440918,15.869999885559082,15.880000114440918,131537,0.0,0.0,0.0
2025-02-14 01:40:00+00:00,15.890000343322754,15.890000343322754,15.890000343322754,15.890000343322754,13020,0.0,0.0,0.0
2025-02-14 01:45:00+00:00,15.899999618530273,15.899999618530273,15.899999618530273,15.899999618530273,25115,0.0,0.0,0.0
2025-02-14 01:55:00+00:00,15.899999618530273,15.90999984741211,15.899999618530273,15.90999984741211,55300,0.0,0.0,0.0
2025-02-14 02:00:00+00:00,15.899999618530273,15.920000076293945,15.899999618530273,15.920000076293945,54400,0.0,0.0,0.0
2025-02-14 02:05:00+00:00,15.920000076293945,15.930000305175781,15.920000076293945,15.930000305175781,250000,0.0,0.0,0.0
2025-02-14 02:10:00+00:00,15.920000076293945,15.920000076293945,15.920000076293945,15.920000076293945,10000,0.0,0.0,0.0
2025-02-14 02:15:00+00:00,15.920000076293945,15.930000305175781,15.90999984741211,15.90999984741211,48000,0.0,0.0,0.0
2025-02-14 02:20:00+00:00,15.920000076293945,15.930000305175781,15.920000076293945,15.930000305175781,212660,0.0,0.0,0.0
2025-02-14 02:25:00+00:00,15.930000305175781,15.930000305175781,15.930000305175781,15.930000305175781,155100,0.0,0.0,0.0
2025-02-14 02:30:00+00:00,15.930000305175781,15.930000305175781,15.920000076293945,15.920000076293945,262186,0.0,0.0,0.0
2025-02-14 02:35:00+00:00,15.920000076293945,15.930000305175781,15.920000076293945,15.920000076293945,134820,0.0,0.0,0.0
2025-02-14 02:40:00+00:00,15.920000076293945,15.930000305175781,15.920000076293945,15.930000305175781,21100,0.0,0.0,0.0
2025-02-14 02:45:00+00:00,15.930000305175781,15.930000305175781,15.930000305175781,15.930000305175781,4260,0.0,0.0,0.0
2025-02-14 02:50:00+00:00,15.930000305175781,15.930000305175781,15.930000305175781,15.930000305175781,32500,0.0,0.0,0.0
2025-02-14 02:55:00+00:00,15.930000305175781,15.949999809265137,15.930000305175781,15.9399995803833,218050,0.0,0.0,0.0
2025-02-14 03:00:00+00:00,15.9399995803833,15.9399995803833,15.930000305175781,15.930000305175781,4278,0.0,0.0,0.0
2025-02-14 03:05:00+00:00,15.9399995803833,15.9399995803833,15.9399995803833,15.9399995803833,54000,0.0,0.0,0.0
2025-02-14 03:10:00+00:00,15.9399995803833,15.9399995803833,15.9399995803833,15.9399995803833,2715,0.0,0.0,0.0
2025-02-14 03:15:00+00:00,15.9399995803833,15.9399995803833,15.9399995803833,15.9399995803833,35000,0.0,0.0,0.0
2025-02-14 03:20:00+00:00,15.9399995803833,15.9399995803833,15.930000305175781,15.930000305175781,6031,0.0,0.0,0.0
2025-02-14 03:25:00+00:00,15.930000305175781,15.9399995803833,15.930000305175781,15.9399995803833,5161,0.0,0.0,0.0
2025-02-14 03:30:00+00:00,15.9399995803833,15.9399995803833,15.9399995803833,15.9399995803833,3106,0.0,0.0,0.0
2025-02-14 03:35:00+00:00,15.9399995803833,15.9399995803833,15.930000305175781,15.930000305175781,19500,0.0,0.0,0.0
2025-02-14 03:40:00+00:00,15.930000305175781,15.930000305175781,15.930000305175781,15.930000305175781,30000,0.0,0.0,0.0
2025-02-14 03:45:00+00:00,15.930000305175781,15.9399995803833,15.930000305175781,15.9399995803833,80000,0.0,0.0,0.0
2025-02-14 03:50:00+00:00,15.9399995803833,15.9399995803833,15.930000305175781,15.9399995803833,10035,0.0,0.0,0.0
2025-02-14 03:55:00+00:00,15.930000305175781,15.930000305175781,15.930000305175781,15.930000305175781,5000,0.0,0.0,0.0
2025-02-14 04:00:00+00:00,15.930000305175781,15.930000305175781,15.920000076293945,15.920000076293945,158319,0.0,0.0,0.0
2025-02-14 04:05:00+00:00,15.920000076293945,15.920000076293945,15.90999984741211,15.90999984741211,9300,0.0,0.0,0.0
2025-02-14 04:10:00+00:00,15.90999984741211,15.90999984741211,15.899999618530273,15.899999618530273,21609,0.0,0.0,0.0
2025-02-14 04:15:00+00:00,15.899999618530273,15.899999618530273,15.899999618530273,15.899999618530273,8262,0.0,0.0,0.0
2025-02-14 04:20:00+00:00,15.899999618530273,15.899999618530273,15.899999618530273,15.899999618530273,16010,0.0,0.0,0.0
2025-02-14 04:25:00+00:00,15.899999618530273,15.899999618530273,15.899999618530273,15.899999618530273,13000,0.0,0.0,0.0
2025-02-14 04:30:00+00:00,15.899999618530273,15.899999618530273,15.899999618530273,15.899999618530273,32600,0.0,0.0,0.0
2025-02-14 04:35:00+00:00,15.899999618530273,15.899999618530273,15.890000343322754,15.899999618530273,8170,0.0,0.0,0.0
2025-02-14 04:40:00+00:00,15.899999618530273,15.90999984741211,15.899999618530273,15.90999984741211,69235,0.0,0.0,0.0
2025-02-14 04:45:00+00:00,15.90999984741211,15.90999984741211,15.90999984741211,15.90999984741211,1204,0.0,0.0,0.0
2025-02-14 04:50:00+00:00,15.90999984741211,15.90999984741211,15.899999618530273,15.899999618530273,29047,0.0,0.0,0.0
2025-02-14 04:55:00+00:00,15.90999984741211,15.90999984741211,15.90999984741211,15.90999984741211,24000,0.0,0.0,0.0
2025-02-14 05:00:00+00:00,15.920000076293945,15.920000076293945,15.90999984741211,15.90999984741211,9511,0.0,0.0,0.0
2025-02-14 05:05:00+00:00,15.90999984741211,15.90999984741211,15.90999984741211,15.90999984741211,7030,0.0,0.0,0.0
2025-02-14 05:10:00+00:00,15.920000076293945,15.920000076293945,15.920000076293945,15.920000076293945,104000,0.0,0.0,0.0
2025-02-14 05:15:00+00:00,15.920000076293945,15.920000076293945,15.920000076293945,15.920000076293945,36091,0.0,0.0,0.0
2025-02-14 05:20:00+00:00,15.920000076293945,15.920000076293945,15.90999984741211,15.90999984741211,12727,0.0,0.0,0.0
2025-02-17 01:00:00+00:00,15.979999542236328,16.040000915527344,15.979999542236328,16.020000457763672,0,0.0,0.0,0.0
2025-02-17 01:05:00+00:00,16.010000228881836,16.020000457763672,16.0,16.0,104255,0.0,0.0,0.0
2025-02-17 01:10:00+00:00,16.0,16.0,15.979999542236328,15.989999771118164,42655,0.0,0.0,0.0
2025-02-17 01:15:00+00:00,16.0,16.0,15.989999771118164,16.0,55100,0.0,0.0,0.0
2025-02-17 01:20:00+00:00,16.0,16.010000228881836,16.0,16.010000228881836,80286,0.0,0.0,0.0
2025-02-17 01:25:00+00:00,16.010000228881836,16.030000686645508,16.010000228881836,16.030000686645508,174621,0.0,0.0,0.0
2025-02-17 01:30:00+00:00,16.030000686645508,16.030000686645508,16.030000686645508,16.030000686645508,18257,0.0,0.0,0.0
2025-02-17 01:35:00+00:00,16.030000686645508,16.030000686645508,16.020000457763672,16.030000686645508,149744,0.0,0.0,0.0
2025-02-17 01:40:00+00:00,16.030000686645508,16.040000915527344,16.030000686645508,16.040000915527344,40460,0.0,0.0,0.0
2025-02-17 01:45:00+00:00,16.030000686645508,16.030000686645508,16.020000457763672,16.030000686645508,68205,0.0,0.0,0.0
2025-02-17 01:50:00+00:00,16.030000686645508,16.06999969482422,16.030000686645508,16.06999969482422,472016,0.0,0.0,0.0
2025-02-17 01:55:00+00:00,16.06999969482422,16.06999969482422,16.06999969482422,16.06999969482422,96139,0.0,0.0,0.0
2025-02-17 02:00:00+00:00,16.079999923706055,16.079999923706055,16.049999237060547,16.06999969482422,81175,0.0,0.0,0.0
2025-02-17 02:05:00+00:00,16.06999969482422,16.06999969482422,16.06999969482422,16.06999969482422,100300,0.0,0.0,0.0
2025-02-17 02:10:00+00:00,16.059999465942383,16.059999465942383,16.049999237060547,16.049999237060547,3500,0.0,0.0,0.0
2025-02-17 02:15:00+00:00,16.059999465942383,16.059999465942383,16.049999237060547,16.059999465942383,10195,0.0,0.0,0.0
2025-02-17 02:20:00+00:00,16.049999237060547,16.059999465942383,16.049999237060547,16.049999237060547,9929,0.0,0.0,0.0
2025-02-17 02:25:00+00:00,16.049999237060547,16.059999465942383,16.049999237060547,16.059999465942383,48280,0.0,0.0,0.0
2025-02-17 02:30:00+00:00,16.059999465942383,16.06999969482422,16.059999465942383,16.06999969482422,103228,0.0,0.0,0.0
2025-02-17 02:35:00+00:00,16.06999969482422,16.079999923706055,16.06999969482422,16.079999923706055,27563,0.0,0.0,0.0
2025-02-17 02:40:00+00:00,16.079999923706055,16.079999923706055,16.079999923706055,16.079999923706055,192300,0.0,0.0,0.0
2025-02-17 02:45:00+00:00,16.09000015258789,16.09000015258789,16.09000015258789,16.09000015258789,81216,0.0,0.0,0.0
2025-02-17 02:50:00+00:00,16.09000015258789,16.09000015258789,16.079999923706055,16.079999923706055,2100,0.0,0.0,0.0
2025-02-17 02:55:00+00:00,16.079999923706055,16.079999923706055,16.079999923706055,16.079999923706055,25171,0.0,0.0,0.0
2025-02-17 03:00:00+00:00,16.09000015258789,16.09000015258789,16.079999923706055,16.079999923706055,29300,0.0,0.0,0.0
2025-02-17 03:05:00+00:00,16.079999923706055,16.079999923706055,16.079999923706055,16.079999923706055,22901,0.0,0.0,0.0
2025-02-17 03:10:00+00:00,16.079999923706055,16.079999923706055,16.079999923706055,16.079999923706055,18726,0.0,0.0,0.0
2025-02-17 03:15:00+00:00,16.09000015258789,16.09000015258789,16.079999923706055,16.079999923706055,14731,0.0,0.0,0.0
2025-02-17 03:20:00+00:00,16.079999923706055,16.079999923706055,16.079999923706055,16.079999923706055,42180,0.0,0.0,0.0
2025-02-17 03:25:00+00:00,16.079999923706055,16.079999923706055,16.079999923706055,16.079999923706055,39000,0.0,0.0,0.0
2025-02-17 03:30:00+00:00,16.079999923706055,16.09000015258789,16.079999923706055,16.079999923706055,74841,0.0,0.0,0.0
2025-02-17 03:35:00+00:00,16.079999923706055,16.079999923706055,16.079999923706055,16.079999923706055,130002,0.0,0.0,0.0
2025-02-17 03:40:00+00:00,16.06999969482422,16.06999969482422,16.06999969482422,16.06999969482422,9130,0.0,0.0,0.0
2025-02-17 03:45:00+00:00,16.079999923706055,16.079999923706055,16.06999969482422,16.06999969482422,13262,0.0,0.0,0.0
2025-02-17 03:50:00+00:00,16.06999969482422,16.06999969482422,16.06999969482422,16.06999969482422,4120,0.0,0.0,0.0
2025-02-17 03:55:00+00:00,16.06999969482422,16.06999969482422,16.06999969482422,16.06999969482422,71000,0.0,0.0,0.0
2025-02-17 04:00:00+00:00,16.06999969482422,16.06999969482422,16.059999465942383,16.059999465942383,12020,0.0,0.0,0.0
2025-02-17 04:05:00+00:00,16.059999465942383,16.06999969482422,16.059999465942383,16.06999969482422,149050,0.0,0.0,0.0
2025-02-17 04:10:00+00:00,16.06999969482422,16.079999923706055,16.06999969482422,16.079999923706055,13131,0.0,0.0,0.0
2025-02-17 04:15:00+00:00,16.06999969482422,16.06999969482422,16.06999969482422,16.06999969482422,197800,0.0,0.0,0.0
2025-02-17 04:25:00+00:00,16.06999969482422,16.06999969482422,16.06999969482422,16.06999969482422,8290,0.0,0.0,0.0
2025-02-17 04:30:00+00:00,16.06999969482422,16.06999969482422,16.059999465942383,16.059999465942383,7730,0.0,0.0,0.0
2025-02-17 04:35:00+00:00,16.06999969482422,16.06999969482422,16.059999465942383,16.06999969482422,61165,0.0,0.0,0.0
2025-02-17 04:40:00+00:00,16.059999465942383,16.059999465942383,16.059999465942383,16.059999465942383,1000,0.0,0.0,0.0
2025-02-17 04:45:00+00:00,16.059999465942383,16.059999465942383,16.059999465942383,16.059999465942383,13065,0.0,0.0,0.0
2025-02-17 04:50:00+00:00,16.059999465942383,16.059999465942383,16.049999237060547,16.049999237060547,40670,0.0,0.0,0.0
2025-02-17 04:55:00+00:00,16.059999465942383,16.06999969482422,16.049999237060547,16.06999969482422,50741,0.0,0.0,0.0
2025-02-17 05:00:00+00:00,16.06999969482422,16.06999969482422,16.059999465942383,16.059999465942383,4550,0.0,0.0,0.0
2025-02-17 05:10:00+00:00,16.059999465942383,16.059999465942383,16.059999465942383,16.059999465942383,8350,0.0,0.0,0.0
2025-02-17 05:15:00+00:00,16.059999465942383,16.059999465942383,16.049999237060547,16.049999237060547,20375,0.0,0.0,0.0
2025-02-17 05:20:00+00:00,16.049999237060547,16.059999465942383,16.049999237060547,16.059999465942383,30465,0.0,0.0,0.0
2025-02-18 01:00:00+00:00,16.079999923706055,16.09000015258789,16.059999465942383,16.06999969482422,0,0.0,0.0,0.0
2025-02-18 01:05:00+00:00,16.079999923706055,16.079999923706055,16.06999969482422,16.079999923706055,23035,0.0,0.0,0.0
2025-02-18 01:10:00+00:00,16.06999969482422,16.06999969482422,16.059999465942383,16.059999465942383,19000,0.0,0.0,0.0
2025-02-18 01:15:00+00:00,16.059999465942383,16.059999465942383,16.049999237060547,16.049999237060547,126147,0.0,0.0,0.0
2025-02-18 01:20:00+00:00,16.049999237060547,16.049999237060547,16.040000915527344,16.040000915527344,24030,0.0,0.0,0.0
2025-02-18 01:25:00+00:00,16.030000686645508,16.049999237060547,16.030000686645508,16.049999237060547,41644,0.0,0.0,0.0
2025-02-18 01:30:00+00:00,16.049999237060547,16.049999237060547,16.040000915527344,16.049999237060547,29137,0.0,0.0,0.0
2025-02-18 01:35:00+00:00,16.049999237060547,16.059999465942383,16.040000915527344,16.059999465942383,43328,0.0,0.0,0.0
2025-02-18 01:40:00+00:00,16.049999237060547,16.049999237060547,16.049999237060547,16.049999237060547,2000,0.0,0.0,0.0
2025-02-18 01:45:00+00:00,16.049999237060547,16.059999465942383,16.049999237060547,16.059999465942383,10087,0.0,0.0,0.0
2025-02-18 01:50:00+00:00,16.049999237060547,16.049999237060547,16.049999237060547,16.049999237060547,13245,0.0,0.0,0.0
2025-02-18 01:55:00+00:00,16.049999237060547,16.059999465942383,16.049999237060547,16.059999465942383,17790,0.0,0.0,0.0
2025-02-18 02:00:00+00:00,16.059999465942383,16.059999465942383,16.059999465942383,16.059999465942383,6300,0.0,0.0,0.0
2025-02-18 02:05:00+00:00,16.059999465942383,16.059999465942383,16.059999465942383,16.059999465942383,1117,0.0,0.0,0.0
2025-02-18 02:10:00+00:00,16.059999465942383,16.059999465942383,16.049999237060547,16.049999237060547,19609,0.0,0.0,0.0
2025-02-18 02:15:00+00:00,16.049999237060547,16.049999237060547,16.040000915527344,16.049999237060547,57141,0.0,0.0,0.0
2025-02-18 02:20:00+00:00,16.049999237060547,16.059999465942383,16.049999237060547,16.049999237060547,14438,0.0,0.0,0.0
2025-02-18 02:25:00+00:00,16.059999465942383,16.059999465942383,16.049999237060547,16.049999237060547,10061,0.0,0.0,0.0
2025-02-18 02:30:00+00:00,16.049999237060547,16.059999465942383,16.049999237060547,16.059999465942383,94474,0.0,0.0,0.0
2025-02-18 02:35:00+00:00,16.049999237060547,16.059999465942383,16.049999237060547,16.059999465942383,31628,0.0,0.0,0.0
2025-02-18 02:40:00+00:00,16.06999969482422,16.06999969482422,16.059999465942383,16.06999969482422,104100,0.0,0.0,0.0
2025-02-18 02:45:00+00:00,16.079999923706055,16.079999923706055,16.079999923706055,16.079999923706055,1200,0.0,0.0,0.0
2025-02-18 02:50:00+00:00,16.06999969482422,16.06999969482422,16.06999969482422,16.06999969482422,1000,0.0,0.0,0.0
2025-02-18 02:55:00+00:00,16.059999465942383,16.059999465942383,16.059999465942383,16.059999465942383,35136,0.0,0.0,0.0
2025-02-18 03:00:00+00:00,16.059999465942383,16.059999465942383,16.059999465942383,16.059999465942383,6120,0.0,0.0,0.0
2025-02-18 03:05:00+00:00,16.059999465942383,16.059999465942383,16.059999465942383,16.059999465942383,9256,0.0,0.0,0.0
2025-02-18 03:10:00+00:00,16.059999465942383,16.059999465942383,16.059999465942383,16.059999465942383,4000,0.0,0.0,0.0
2025-02-18 03:15:00+00:00,16.059999465942383,16.059999465942383,16.059999465942383,16.059999465942383,0,0.0,0.0,0.0
2025-02-18 03:20:00+00:00,16.059999465942383,16.06999969482422,16.059999465942383,16.06999969482422,961549,0.0,0.0,0.0
2025-02-18 03:25:00+00:00,16.06999969482422,16.06999969482422,16.06999969482422,16.06999969482422,16180,0.0,0.0,0.0
2025-02-18 03:30:00+00:00,16.06999969482422,16.06999969482422,16.06999969482422,16.06999969482422,3000,0.0,0.0,0.0
2025-02-18 03:35:00+00:00,16.06999969482422,16.06999969482422,16.06999969482422,16.06999969482422,5029,0.0,0.0,0.0
2025-02-18 03:40:00+00:00,16.06999969482422,16.06999969482422,16.06999969482422,16.06999969482422,6121,0.0,0.0,0.0
2025-02-18 03:45:00+00:00,16.06999969482422,16.06999969482422,16.06999969482422,16.06999969482422,45000,0.0,0.0,0.0
2025-02-18 03:50:00+00:00,16.059999465942383,16.059999465942383,16.049999237060547,16.049999237060547,18000,0.0,0.0,0.0
2025-02-18 03:55:00+00:00,16.059999465942383,16.059999465942383,16.059999465942383,16.059999465942383,1308,0.0,0.0,0.0
2025-02-18 04:00:00+00:00,16.059999465942383,16.059999465942383,16.059999465942383,16.059999465942383,2050,0.0,0.0,0.0
2025-02-18 04:05:00+00:00,16.059999465942383,16.059999465942383,16.059999465942383,16.059999465942383,15062,0.0,0.0,0.0
2025-02-18 04:10:00+00:00,16.059999465942383,16.059999465942383,16.059999465942383,16.059999465942383,15903,0.0,0.0,0.0
2025-02-18 04:15:00+00:00,16.059999465942383,16.059999465942383,16.059999465942383,16.059999465942383,7123,0.0,0.0,0.0
2025-02-18 04:20:00+00:00,16.059999465942383,16.059999465942383,16.059999465942383,16.059999465942383,36416,0.0,0.0,0.0
2025-02-18 04:30:00+00:00,16.059999465942383,16.059999465942383,16.059999465942383,16.059999465942383,33065,0.0,0.0,0.0
2025-02-18 04:35:00+00:00,16.059999465942383,16.059999465942383,16.059999465942383,16.059999465942383,33300,0.0,0.0,0.0
2025-02-18 04:40:00+00:00,16.059999465942383,16.059999465942383,16.059999465942383,16.059999465942383,63216,0.0,0.0,0.0
2025-02-18 04:45:00+00:00,16.059999465942383,16.06999969482422,16.059999465942383,16.06999969482422,33163,0.0,0.0,0.0
2025-02-18 04:50:00+00:00,16.06999969482422,16.06999969482422,16.059999465942383,16.059999465942383,11500,0.0,0.0,0.0
2025-02-18 04:55:00+00:00,16.059999465942383,16.059999465942383,16.059999465942383,16.059999465942383,131031,0.0,0.0,0.0
2025-02-18 05:00:00+00:00,16.059999465942383,16.06999969482422,16.059999465942383,16.06999969482422,18060,0.0,0.0,0.0
2025-02-18 05:05:00+00:00,16.059999465942383,16.06999969482422,16.059999465942383,16.06999969482422,108000,0.0,0.0,0.0
2025-02-18 05:10:00+00:00,16.06999969482422,16.079999923706055,16.059999465942383,16.079999923706055,63287,0.0,0.0,0.0
2025-02-18 05:15:00+00:00,16.06999969482422,16.079999923706055,16.06999969482422,16.079999923706055,6724,0.0,0.0,0.0
2025-02-19 01:00:00+00:00,16.079999923706055,16.110000610351562,16.079999923706055,16.110000610351562,0,0.0,0.0,0.0
2025-02-19 01:05:00+00:00,16.110000610351562,16.110000610351562,16.110000610351562,16.110000610351562,18080,0.0,0.0,0.0
2025-02-19 01:10:00+00:00,16.100000381469727,16.100000381469727,16.100000381469727,16.100000381469727,106011,0.0,0.0,0.0
2025-02-19 01:15:00+00:00,16.100000381469727,16.110000610351562,16.100000381469727,16.100000381469727,57889,0.0,0.0,0.0
2025-02-19 01:20:00+00:00,16.100000381469727,16.1200008392334,16.100000381469727,16.110000610351562,225396,0.0,0.0,0.0
2025-02-19 01:25:00+00:00,16.100000381469727,16.100000381469727,16.100000381469727,16.100000381469727,50000,0.0,0.0,0.0
2025-02-19 01:30:00+00:00,16.110000610351562,16.110000610351562,16.100000381469727,16.100000381469727,9187,0.0,0.0,0.0
2025-02-19 01:35:00+00:00,16.09000015258789,16.100000381469727,16.09000015258789,16.100000381469727,101176,0.0,0.0,0.0
2025-02-19 01:40:00+00:00,16.110000610351562,16.110000610351562,16.110000610351562,16.110000610351562,66401,0.0,0.0,0.0
2025-02-19 01:45:00+00:00,16.1200008392334,16.1200008392334,16.1200008392334,16.1200008392334,4200,0.0,0.0,0.0
2025-02-19 01:50:00+00:00,16.110000610351562,16.110000610351562,16.110000610351562,16.110000610351562,17392,0.0,0.0,0.0
2025-02-19 01:55:00+00:00,16.100000381469727,16.100000381469727,16.09000015258789,16.09000015258789,130450,0.0,0.0,0.0
2025-02-19 02:00:00+00:00,16.09000015258789,16.09000015258789,16.079999923706055,16.079999923706055,44170,0.0,0.0,0.0
2025-02-19 02:05:00+00:00,16.06999969482422,16.079999923706055,16.06999969482422,16.079999923706055,11237,0.0,0.0,0.0
2025-02-19 02:10:00+00:00,16.06999969482422,16.079999923706055,16.06999969482422,16.079999923706055,7715,0.0,0.0,0.0
2025-02-19 02:15:00+00:00,16.079999923706055,16.079999923706055,16.079999923706055,16.079999923706055,2260,0.0,0.0,0.0
2025-02-19 02:20:00+00:00,16.079999923706055,16.079999923706055,16.06999969482422,16.06999969482422,55676,0.0,0.0,0.0
2025-02-19 02:25:00+00:00,16.059999465942383,16.059999465942383,16.049999237060547,16.049999237060547,43332,0.0,0.0,0.0
2025-02-19 02:30:00+00:00,16.059999465942383,16.059999465942383,16.049999237060547,16.059999465942383,19500,0.0,0.0,0.0
2025-02-19 02:35:00+00:00,16.049999237060547,16.049999237060547,16.049999237060547,16.049999237060547,21195,0.0,0.0,0.0
2025-02-19 02:45:00+00:00,16.059999465942383,16.059999465942383,16.059999465942383,16.059999465942383,8696,0.0,0.0,0.0
2025-02-19 02:50:00+00:00,16.059999465942383,16.059999465942383,16.049999237060547,16.049999237060547,5000,0.0,0.0,0.0
2025-02-19 02:55:00+00:00,16.049999237060547,16.059999465942383,16.049999237060547,16.059999465942383,7675,0.0,0.0,0.0
2025-02-19 03:00:00+00:00,16.06999969482422,16.06999969482422,16.059999465942383,16.059999465942383,6250,0.0,0.0,0.0
2025-02-19 03:05:00+00:00,16.059999465942383,16.059999465942383,16.059999465942383,16.059999465942383,8325,0.0,0.0,0.0
2025-02-19 03:10:00+00:00,16.059999465942383,16.059999465942383,16.049999237060547,16.049999237060547,89265,0.0,0.0,0.0
2025-02-19 03:15:00+00:00,16.049999237060547,16.059999465942383,16.049999237060547,16.059999465942383,56102,0.0,0.0,0.0
2025-02-19 03:20:00+00:00,16.049999237060547,16.059999465942383,16.049999237060547,16.059999465942383,16134,0.0,0.0,0.0
2025-02-19 03:30:00+00:00,16.06999969482422,16.06999969482422,16.049999237060547,16.059999465942383,8030,0.0,0.0,0.0
2025-02-19 03:35:00+00:00,16.06999969482422,16.06999969482422,16.059999465942383,16.059999465942383,6008,0.0,0.0,0.0
2025-02-19 03:40:00+00:00,16.06999969482422,16.079999923706055,16.06999969482422,16.079999923706055,73000,0.0,0.0,0.0
2025-02-19 03:45:00+00:00,16.09000015258789,16.09000015258789,16.09000015258789,16.09000015258789,5110,0.0,0.0,0.0
2025-02-19 03:50:00+00:00,16.09000015258789,16.09000015258789,16.079999923706055,16.079999923706055,30178,0.0,0.0,0.0
2025-02-19 03:55:00+00:00,16.079999923706055,16.079999923706055,16.079999923706055,16.079999923706055,1000,0.0,0.0,0.0
2025-02-19 04:00:00+00:00,16.079999923706055,16.079999923706055,16.079999923706055,16.079999923706055,1237,0.0,0.0,0.0
2025-02-19 04:15:00+00:00,16.06999969482422,16.079999923706055,16.059999465942383,16.079999923706055,20036,0.0,0.0,0.0
2025-02-19 04:25:00+00:00,16.06999969482422,16.06999969482422,16.06999969482422,16.06999969482422,3000,0.0,0.0,0.0
2025-02-19 04:30:00+00:00,16.079999923706055,16.079999923706055,16.079999923706055,16.079999923706055,7200,0.0,0.0,0.0
2025-02-19 04:35:00+00:00,16.079999923706055,16.079999923706055,16.06999969482422,16.06999969482422,5500,0.0,0.0,0.0
2025-02-19 04:40:00+00:00,16.06999969482422,16.06999969482422,16.06999969482422,16.06999969482422,5310,0.0,0.0,0.0
2025-02-19 04:45:00+00:00,16.06999969482422,16.06999969482422,16.059999465942383,16.059999465942383,11500,0.0,0.0,0.0
2025-02-19 04:50:00+00:00,16.059999465942383,16.059999465942383,16.059999465942383,16.059999465942383,2300,0.0,0.0,0.0
2025-02-19 04:55:00+00:00,16.06999969482422,16.06999969482422,16.06999969482422,16.06999969482422,13362,0.0,0.0,0.0
2025-02-19 05:00:00+00:00,16.06999969482422,16.06999969482422,16.06999969482422,16.06999969482422,12110,0.0,0.0,0.0
2025-02-19 05:05:00+00:00,16.06999969482422,16.079999923706055,16.06999969482422,16.06999969482422,57177,0.0,0.0,0.0
2025-02-19 05:10:00+00:00,16.06999969482422,16.06999969482422,16.06999969482422,16.06999969482422,15400,0.0,0.0,0.0
2025-02-19 05:15:00+00:00,16.06999969482422,16.06999969482422,16.06999969482422,16.06999969482422,22339,0.0,0.0,0.0
2025-02-19 05:20:00+00:00,16.06999969482422,16.079999923706055,16.059999465942383,16.079999923706055,26200,0.0,0.0,0.0
2025-02-20 01:00:00+00:00,16.100000381469727,16.1299991607666,16.100000381469727,16.1299991607666,0,0.0,0.0,0.0
2025-02-20 01:05:00+00:00,16.1299991607666,16.139999389648438,16.110000610351562,16.110000610351562,79132,0.0,0.0,0.0
2025-02-20 01:10:00+00:00,16.110000610351562,16.110000610351562,16.09000015258789,16.100000381469727,97090,0.0,0.0,0.0
2025-02-20 01:15:00+00:00,16.110000610351562,16.1299991607666,16.110000610351562,16.1200008392334,95185,0.0,0.0,0.0
2025-02-20 01:20:00+00:00,16.1200008392334,16.1200008392334,16.110000610351562,16.1200008392334,60114,0.0,0.0,0.0
2025-02-20 01:25:00+00:00,16.1200008392334,16.1299991607666,16.110000610351562,16.1200008392334,28215,0.0,0.0,0.0
2025-02-20 01:30:00+00:00,16.1299991607666,16.1299991607666,16.1200008392334,16.1200008392334,13850,0.0,0.0,0.0
2025-02-20 01:35:00+00:00,16.1200008392334,16.1299991607666,16.1200008392334,16.1299991607666,21025,0.0,0.0,0.0
2025-02-20 01:40:00+00:00,16.1200008392334,16.1200008392334,16.110000610351562,16.1200008392334,65419,0.0,0.0,0.0
2025-02-20 01:45:00+00:00,16.110000610351562,16.110000610351562,16.100000381469727,16.100000381469727,130400,0.0,0.0,0.0
2025-02-20 01:50:00+00:00,16.100000381469727,16.100000381469727,16.09000015258789,16.09000015258789,9976,0.0,0.0,0.0
2025-02-20 01:55:00+00:00,16.09000015258789,16.09000015258789,16.09000015258789,16.09000015258789,23365,0.0,0.0,0.0
2025-02-20 02:00:00+00:00,16.09000015258789,16.100000381469727,16.09000015258789,16.100000381469727,13000,0.0,0.0,0.0
2025-02-20 02:05:00+00:00,16.100000381469727,16.110000610351562,16.100000381469727,16.110000610351562,110309,0.0,0.0,0.0
2025-02-20 02:10:00+00:00,16.100000381469727,16.110000610351562,16.100000381469727,16.110000610351562,25849,0.0,0.0,0.0
2025-02-20 02:15:00+00:00,16.110000610351562,16.110000610351562,16.110000610351562,16.110000610351562,1000,0.0,0.0,0.0
2025-02-20 02:20:00+00:00,16.110000610351562,16.1200008392334,16.110000610351562,16.1200008392334,94170,0.0,0.0,0.0
2025-02-20 02:25:00+00:00,16.1200008392334,16.1200008392334,16.110000610351562,16.1200008392334,19836,0.0,0.0,0.0
2025-02-20 02:30:00+00:00,16.1200008392334,16.1200008392334,16.1200008392334,16.1200008392334,1228,0.0,0.0,0.0
2025-02-20 02:35:00+00:00,16.110000610351562,16.1200008392334,16.110000610351562,16.1200008392334,69100,0.0,0.0,0.0
2025-02-20 02:40:00+00:00,16.1200008392334,16.1200008392334,16.1200008392334,16.1200008392334,4040,0.0,0.0,0.0
2025-02-20 02:45:00+00:00,16.1299991607666,16.1299991607666,16.1200008392334,16.1200008392334,4001,0.0,0.0,0.0
2025-02-20 02:50:00+00:00,16.110000610351562,16.1200008392334,16.110000610351562,16.1200008392334,13642,0.0,0.0,0.0
2025-02-20 02:55:00+00:00,16.1200008392334,16.1200008392334,16.1200008392334,16.1200008392334,1000,0.0,0.0,0.0
2025-02-20 03:00:00+00:00,16.1200008392334,16.1200008392334,16.1200008392334,16.1200008392334,11000,0.0,0.0,0.0
2025-02-20 03:05:00+00:00,16.1200008392334,16.1200008392334,16.1200008392334,16.1200008392334,19018,0.0,0.0,0.0
2025-02-20 03:10:00+00:00,16.1200008392334,16.1299991607666,16.1200008392334,16.1299991607666,28000,0.0,0.0,0.0
2025-02-20 03:15:00+00:00,16.1299991607666,16.1299991607666,16.1200008392334,16.1200008392334,23930,0.0,0.0,0.0
2025-02-20 03:20:00+00:00,16.1299991607666,16.1299991607666,16.1299991607666,16.1299991607666,5239,0.0,0.0,0.0
2025-02-20 03:25:00+00:00,16.1200008392334,16.1200008392334,16.1200008392334,16.1200008392334,5757,0.0,0.0,0.0
2025-02-20 03:30:00+00:00,16.1200008392334,16.1299991607666,16.1200008392334,16.1299991607666,3000,0.0,0.0,0.0
2025-02-20 03:35:00+00:00,16.1299991607666,16.1299991607666,16.1299991607666,16.1299991607666,13270,0.0,0.0,0.0
2025-02-20 03:40:00+00:00,16.1299991607666,16.1299991607666,16.1200008392334,16.1200008392334,27110,0.0,0.0,0.0
2025-02-20 03:45:00+00:00,16.1299991607666,16.1299991607666,16.1299991607666,16.1299991607666,9000,0.0,0.0,0.0
2025-02-20 03:50:00+00:00,16.1299991607666,16.1299991607666,16.1299991607666,16.1299991607666,13150,0.0,0.0,0.0
2025-02-20 03:55:00+00:00,16.1200008392334,16.1200008392334,16.1200008392334,16.1200008392334,158700,0.0,0.0,0.0
2025-02-20 04:00:00+00:00,16.1200008392334,16.1200008392334,16.1200008392334,16.1200008392334,99032,0.0,0.0,0.0
2025-02-20 04:05:00+00:00,16.1200008392334,16.1200008392334,16.110000610351562,16.110000610351562,10250,0.0,0.0,0.0
2025-02-20 04:10:00+00:00,16.100000381469727,16.100000381469727,16.100000381469727,16.100000381469727,5162,0.0,0.0,0.0
2025-02-20 04:15:00+00:00,16.110000610351562,16.110000610351562,16.100000381469727,16.100000381469727,6000,0.0,0.0,0.0
2025-02-20 04:20:00+00:00,16.100000381469727,16.100000381469727,16.100000381469727,16.100000381469727,10300,0.0,0.0,0.0
2025-02-20 04:25:00+00:00,16.100000381469727,16.100000381469727,16.100000381469727,16.100000381469727,8532,0.0,0.0,0.0
2025-02-20 04:30:00+00:00,16.110000610351562,16.110000610351562,16.110000610351562,16.110000610351562,41096,0.0,0.0,0.0
2025-02-20 04:35:00+00:00,16.110000610351562,16.1200008392334,16.110000610351562,16.1200008392334,97120,0.0,0.0,0.0
2025-02-20 04:40:00+00:00,16.110000610351562,16.110000610351562,16.110000610351562,16.110000610351562,4000,0.0,0.0,0.0
2025-02-20 04:45:00+00:00,16.110000610351562,16.110000610351562,16.110000610351562,16.110000610351562,5022,0.0,0.0,0.0
2025-02-20 04:50:00+00:00,16.110000610351562,16.110000610351562,16.110000610351562,16.110000610351562,24131,0.0,0.0,0.0
2025-02-20 04:55:00+00:00,16.100000381469727,16.110000610351562,16.100000381469727,16.110000610351562,52436,0.0,0.0,0.0
2025-02-20 05:05:00+00:00,16.100000381469727,16.110000610351562,16.100000381469727,16.100000381469727,12972,0.0,0.0,0.0
2025-02-20 05:10:00+00:00,16.100000381469727,16.100000381469727,16.100000381469727,16.100000381469727,56105,0.0,0.0,0.0
2025-02-20 05:15:00+00:00,16.100000381469727,16.100000381469727,16.09000015258789,16.100000381469727,23229,0.0,0.0,0.0
2025-02-20 05:20:00+00:00,16.100000381469727,16.100000381469727,16.100000381469727,16.100000381469727,6450,0.0,0.0,0.0
2025-02-21 01:00:00+00:00,16.100000381469727,16.110000610351562,16.100000381469727,16.110000610351562,0,0.0,0.0,0.0
2025-02-21 01:05:00+00:00,16.110000610351562,16.110000610351562,16.09000015258789,16.09000015258789,105326,0.0,0.0,0.0
2025-02-21 01:10:00+00:00,16.09000015258789,16.100000381469727,16.09000015258789,16.100000381469727,45010,0.0,0.0,0.0
2025-02-21 01:15:00+00:00,16.09000015258789,16.09000015258789,16.09000015258789,16.09000015258789,8576,0.0,0.0,0.0
2025-02-21 01:20:00+00:00,16.09000015258789,16.100000381469727,16.09000015258789,16.100000381469727,50168,0.0,0.0,0.0
2025-02-21 01:25:00+00:00,16.110000610351562,16.110000610351562,16.110000610351562,16.110000610351562,113000,0.0,0.0,0.0
2025-02-21 01:30:00+00:00,16.1200008392334,16.1200008392334,16.1200008392334,16.1200008392334,62282,0.0,0.0,0.0
2025-02-21 01:35:00+00:00,16.1200008392334,16.15999984741211,16.1200008392334,16.15999984741211,622848,0.0,0.0,0.0
2025-02-21 01:40:00+00:00,16.15999984741211,16.170000076293945,16.15999984741211,16.170000076293945,18600,0.0,0.0,0.0
2025-02-21 01:45:00+00:00,16.15999984741211,16.170000076293945,16.15999984741211,16.170000076293945,126061,0.0,0.0,0.0
2025-02-21 01:50:00+00:00,16.15999984741211,16.170000076293945,16.15999984741211,16.15999984741211,39057,0.0,0.0,0.0
2025-02-21 01:55:00+00:00,16.15999984741211,16.15999984741211,16.15999984741211,16.15999984741211,36213,0.0,0.0,0.0
2025-02-21 02:00:00+00:00,16.15999984741211,16.170000076293945,16.15999984741211,16.15999984741211,20133,0.0,0.0,0.0
2025-02-21 02:05:00+00:00,16.15999984741211,16.170000076293945,16.15999984741211,16.170000076293945,208970,0.0,0.0,0.0
2025-02-21 02:10:00+00:00,16.170000076293945,16.190000534057617,16.170000076293945,16.190000534057617,163150,0.0,0.0,0.0
2025-02-21 02:15:00+00:00,16.190000534057617,16.190000534057617,16.18000030517578,16.18000030517578,58340,0.0,0.0,0.0
2025-02-21 02:20:00+00:00,16.18000030517578,16.18000030517578,16.18000030517578,16.18000030517578,18508,0.0,0.0,0.0
2025-02-21 02:25:00+00:00,16.18000030517578,16.18000030517578,16.18000030517578,16.18000030517578,47600,0.0,0.0,0.0
2025-02-21 02:30:00+00:00,16.18000030517578,16.190000534057617,16.18000030517578,16.190000534057617,229091,0.0,0.0,0.0
2025-02-21 02:35:00+00:00,16.18000030517578,16.200000762939453,16.18000030517578,16.200000762939453,231965,0.0,0.0,0.0
2025-02-21 02:40:00+00:00,16.200000762939453,16.200000762939453,16.190000534057617,16.200000762939453,187215,0.0,0.0,0.0
2025-02-21 02:45:00+00:00,16.190000534057617,16.200000762939453,16.190000534057617,16.200000762939453,29300,0.0,0.0,0.0
2025-02-21 02:50:00+00:00,16.200000762939453,16.200000762939453,16.190000534057617,16.200000762939453,169400,0.0,0.0,0.0
2025-02-21 02:55:00+00:00,16.190000534057617,16.200000762939453,16.190000534057617,16.190000534057617,80097,0.0,0.0,0.0
2025-02-21 03:00:00+00:00,16.190000534057617,16.190000534057617,16.18000030517578,16.190000534057617,18307,0.0,0.0,0.0
2025-02-21 03:05:00+00:00,16.190000534057617,16.190000534057617,16.190000534057617,16.190000534057617,7329,0.0,0.0,0.0
2025-02-21 03:10:00+00:00,16.190000534057617,16.190000534057617,16.190000534057617,16.190000534057617,17315,0.0,0.0,0.0
2025-02-21 03:15:00+00:00,16.18000030517578,16.18000030517578,16.18000030517578,16.18000030517578,30803,0.0,0.0,0.0
2025-02-21 03:20:00+00:00,16.190000534057617,16.200000762939453,16.190000534057617,16.200000762939453,86560,0.0,0.0,0.0
2025-02-21 03:25:00+00:00,16.190000534057617,16.190000534057617,16.190000534057617,16.190000534057617,21000,0.0,0.0,0.0
2025-02-21 03:30:00+00:00,16.190000534057617,16.200000762939453,16.190000534057617,16.200000762939453,12750,0.0,0.0,0.0
2025-02-21 03:35:00+00:00,16.200000762939453,16.200000762939453,16.190000534057617,16.190000534057617,26650,0.0,0.0,0.0
2025-02-21 03:40:00+00:00,16.190000534057617,16.200000762939453,16.190000534057617,16.190000534057617,10409,0.0,0.0,0.0
2025-02-21 03:45:00+00:00,16.190000534057617,16.200000762939453,16.190000534057617,16.190000534057617,14377,0.0,0.0,0.0
2025-02-21 03:50:00+00:00,16.200000762939453,16.200000762939453,16.190000534057617,16.200000762939453,27873,0.0,0.0,0.0
2025-02-21 03:55:00+00:00,16.200000762939453,16.200000762939453,16.190000534057617,16.190000534057617,46100,0.0,0.0,0.0
2025-02-21 04:00:00+00:00,16.190000534057617,16.200000762939453,16.190000534057617,16.200000762939453,22521,0.0,0.0,0.0
2025-02-21 04:05:00+00:00,16.190000534057617,16.190000534057617,16.190000534057617,16.190000534057617,81011,0.0,0.0,0.0
2025-02-21 04:10:00+00:00,16.200000762939453,16.200000762939453,16.190000534057617,16.200000762939453,10100,0.0,0.0,0.0
2025-02-21 04:15:00+00:00,16.190000534057617,16.190000534057617,16.190000534057617,16.190000534057617,117600,0.0,0.0,0.0
2025-02-21 04:20:00+00:00,16.190000534057617,16.200000762939453,16.190000534057617,16.200000762939453,72166,0.0,0.0,0.0
2025-02-21 04:25:00+00:00,16.200000762939453,16.200000762939453,16.190000534057617,16.200000762939453,92396,0.0,0.0,0.0
2025-02-21 04:30:00+00:00,16.190000534057617,16.200000762939453,16.190000534057617,16.200000762939453,9540,0.0,0.0,0.0
2025-02-21 04:35:00+00:00,16.190000534057617,16.190000534057617,16.190000534057617,16.190000534057617,26531,0.0,0.0,0.0
2025-02-21 04:40:00+00:00,16.18000030517578,16.190000534057617,16.18000030517578,16.190000534057617,17932,0.0,0.0,0.0
2025-02-21 04:45:00+00:00,16.190000534057617,16.190000534057617,16.190000534057617,16.190000534057617,39827,0.0,0.0,0.0
2025-02-21 04:50:00+00:00,16.190000534057617,16.200000762939453,16.18000030517578,16.200000762939453,28310,0.0,0.0,0.0
2025-02-21 04:55:00+00:00,16.190000534057617,16.190000534057617,16.18000030517578,16.18000030517578,21312,0.0,0.0,0.0
2025-02-21 05:00:00+00:00,16.18000030517578,16.200000762939453,16.18000030517578,16.200000762939453,41207,0.0,0.0,0.0
2025-02-21 05:05:00+00:00,16.200000762939453,16.200000762939453,16.190000534057617,16.200000762939453,15797,0.0,0.0,0.0
2025-02-21 05:10:00+00:00,16.200000762939453,16.200000762939453,16.190000534057617,16.200000762939453,34231,0.0,0.0,0.0
2025-02-21 05:15:00+00:00,16.190000534057617,16.190000534057617,16.190000534057617,16.190000534057617,66023,0.0,0.0,0.0
2025-02-21 05:20:00+00:00,16.190000534057617,16.200000762939453,16.190000534057617,16.190000534057617,38550,0.0,0.0,0.0
2025-02-24 01:00:00+00:00,16.010000228881836,16.040000915527344,16.010000228881836,16.030000686645508,0,0.0,0.0,0.0
2025-02-24 01:05:00+00:00,16.030000686645508,16.049999237060547,16.020000457763672,16.020000457763672,174079,0.0,0.0,0.0
2025-02-24 01:10:00+00:00,16.020000457763672,16.020000457763672,16.0,16.010000228881836,176086,0.0,0.0,0.0
2025-02-24 01:15:00+00:00,16.010000228881836,16.040000915527344,16.010000228881836,16.020000457763672,31309,0.0,0.0,0.0
2025-02-24 01:20:00+00:00,16.010000228881836,16.020000457763672,16.010000228881836,16.010000228881836,59311,0.0,0.0,0.0
2025-02-24 01:25:00+00:00,16.010000228881836,16.040000915527344,16.010000228881836,16.040000915527344,46695,0.0,0.0,0.0
2025-02-24 01:30:00+00:00,16.040000915527344,16.049999237060547,16.030000686645508,16.040000915527344,0,0.0,0.0,0.0
2025-02-24 01:35:00+00:00,16.030000686645508,16.040000915527344,16.020000457763672,16.030000686645508,676045,0.0,0.0,0.0
2025-02-24 01:40:00+00:00,16.020000457763672,16.030000686645508,16.020000457763672,16.020000457763672,174696,0.0,0.0,0.0
2025-02-24 01:45:00+00:00,16.020000457763672,16.020000457763672,16.010000228881836,16.010000228881836,123619,0.0,0.0,0.0
2025-02-24 01:50:00+00:00,16.010000228881836,16.020000457763672,16.010000228881836,16.020000457763672,71175,0.0,0.0,0.0
2025-02-24 01:55:00+00:00,16.020000457763672,16.020000457763672,16.020000457763672,16.020000457763672,84150,0.0,0.0,0.0
2025-02-24 02:00:00+00:00,16.020000457763672,16.030000686645508,16.020000457763672,16.020000457763672,8110,0.0,0.0,0.0
2025-02-24 02:05:00+00:00,16.020000457763672,16.030000686645508,16.010000228881836,16.020000457763672,73900,0.0,0.0,0.0
2025-02-24 02:10:00+00:00,16.030000686645508,16.040000915527344,16.030000686645508,16.030000686645508,97000,0.0,0.0,0.0
2025-02-24 02:15:00+00:00,16.049999237060547,16.049999237060547,16.040000915527344,16.040000915527344,22693,0.0,0.0,0.0
2025-02-24 02:20:00+00:00,16.040000915527344,16.049999237060547,16.040000915527344,16.049999237060547,56000,0.0,0.0,0.0
2025-02-24 02:25:00+00:00,16.049999237060547,16.049999237060547,16.040000915527344,16.049999237060547,73190,0.0,0.0,0.0
2025-02-24 02:30:00+00:00,16.049999237060547,16.049999237060547,16.040000915527344,16.049999237060547,8393,0.0,0.0,0.0
2025-02-24 02:35:00+00:00,16.049999237060547,16.049999237060547,16.040000915527344,16.049999237060547,8408,0.0,0.0,0.0
2025-02-24 02:40:00+00:00,16.049999237060547,16.049999237060547,16.040000915527344,16.040000915527344,3392,0.0,0.0,0.0
2025-02-24 02:45:00+00:00,16.049999237060547,16.049999237060547,16.040000915527344,16.049999237060547,43341,0.0,0.0,0.0
2025-02-24 02:50:00+00:00,16.059999465942383,16.059999465942383,16.059999465942383,16.059999465942383,3201,0.0,0.0,0.0
2025-02-24 02:55:00+00:00,16.059999465942383,16.059999465942383,16.049999237060547,16.059999465942383,22302,0.0,0.0,0.0
2025-02-24 03:00:00+00:00,16.059999465942383,16.059999465942383,16.059999465942383,16.059999465942383,3100,0.0,0.0,0.0
2025-02-24 03:05:00+00:00,16.049999237060547,16.049999237060547,16.049999237060547,16.049999237060547,12128,0.0,0.0,0.0
2025-02-24 03:10:00+00:00,16.059999465942383,16.059999465942383,16.049999237060547,16.049999237060547,14500,0.0,0.0,0.0
2025-02-24 03:15:00+00:00,16.059999465942383,16.059999465942383,16.049999237060547,16.049999237060547,5697,0.0,0.0,0.0
2025-02-24 03:20:00+00:00,16.059999465942383,16.059999465942383,16.049999237060547,16.049999237060547,54134,0.0,0.0,0.0
2025-02-24 03:25:00+00:00,16.049999237060547,16.049999237060547,16.049999237060547,16.049999237060547,23670,0.0,0.0,0.0
2025-02-24 03:30:00+00:00,16.049999237060547,16.049999237060547,16.040000915527344,16.049999237060547,15120,0.0,0.0,0.0
2025-02-24 03:35:00+00:00,16.040000915527344,16.049999237060547,16.040000915527344,16.040000915527344,24000,0.0,0.0,0.0
2025-02-24 03:40:00+00:00,16.049999237060547,16.049999237060547,16.049999237060547,16.049999237060547,16148,0.0,0.0,0.0
2025-02-24 03:45:00+00:00,16.049999237060547,16.059999465942383,16.049999237060547,16.049999237060547,15330,0.0,0.0,0.0
2025-02-24 03:50:00+00:00,16.040000915527344,16.040000915527344,16.040000915527344,16.040000915527344,5300,0.0,0.0,0.0
2025-02-24 03:55:00+00:00,16.049999237060547,16.049999237060547,16.049999237060547,16.049999237060547,2000,0.0,0.0,0.0
2025-02-24 04:00:00+00:00,16.040000915527344,16.049999237060547,16.040000915527344,16.049999237060547,6200,0.0,0.0,0.0
2025-02-24 04:05:00+00:00,16.040000915527344,16.040000915527344,16.040000915527344,16.040000915527344,5020,0.0,0.0,0.0
2025-02-24 04:10:00+00:00,16.040000915527344,16.049999237060547,16.040000915527344,16.049999237060547,52390,0.0,0.0,0.0
2025-02-24 04:15:00+00:00,16.049999237060547,16.049999237060547,16.040000915527344,16.049999237060547,11516,0.0,0.0,0.0
2025-02-24 04:20:00+00:00,16.059999465942383,16.06999969482422,16.059999465942383,16.06999969482422,267188,0.0,0.0,0.0
2025-02-24 04:25:00+00:00,16.079999923706055,16.079999923706055,16.06999969482422,16.079999923706055,48241,0.0,0.0,0.0
2025-02-24 04:30:00+00:00,16.06999969482422,16.079999923706055,16.059999465942383,16.06999969482422,55178,0.0,0.0,0.0
2025-02-24 04:35:00+00:00,16.06999969482422,16.079999923706055,16.06999969482422,16.079999923706055,24702,0.0,0.0,0.0
2025-02-24 04:40:00+00:00,16.059999465942383,16.06999969482422,16.059999465942383,16.059999465942383,5150,0.0,0.0,0.0
2025-02-24 04:45:00+00:00,16.059999465942383,16.06999969482422,16.059999465942383,16.06999969482422,16100,0.0,0.0,0.0
2025-02-24 04:50:00+00:00,16.06999969482422,16.06999969482422,16.06999969482422,16.06999969482422,1000,0.0,0.0,0.0
2025-02-24 04:55:00+00:00,16.06999969482422,16.06999969482422,16.059999465942383,16.059999465942383,29200,0.0,0.0,0.0
2025-02-24 05:00:00+00:00,16.06999969482422,16.079999923706055,16.06999969482422,16.079999923706055,35100,0.0,0.0,0.0
2025-02-24 05:05:00+00:00,16.079999923706055,16.079999923706055,16.059999465942383,16.059999465942383,27508,0.0,0.0,0.0
2025-02-24 05:10:00+00:00,16.059999465942383,16.06999969482422,16.059999465942383,16.06999969482422,23670,0.0,0.0,0.0
2025-02-24 05:15:00+00:00,16.06999969482422,16.06999969482422,16.06999969482422,16.06999969482422,23347,0.0,0.0,0.0
2025-02-24 05:20:00+00:00,16.079999923706055,16.079999923706055,16.06999969482422,16.06999969482422,11890,0.0,0.0,0.0
2025-02-25 01:00:00+00:00,16.049999237060547,16.049999237060547,16.030000686645508,16.040000915527344,0,0.0,0.0,0.0
2025-02-25 01:05:00+00:00,16.040000915527344,16.059999465942383,16.030000686645508,16.049999237060547,59667,0.0,0.0,0.0
2025-02-25 01:10:00+00:00,16.030000686645508,16.040000915527344,16.030000686645508,16.040000915527344,23058,0.0,0.0,0.0
2025-02-25 01:15:00+00:00,16.030000686645508,16.059999465942383,16.030000686645508,16.040000915527344,457682,0.0,0.0,0.0
2025-02-25 01:20:00+00:00,16.059999465942383,16.06999969482422,16.059999465942383,16.06999969482422,168265,0.0,0.0,0.0
2025-02-25 01:25:00+00:00,16.049999237060547,16.059999465942383,16.049999237060547,16.059999465942383,43100,0.0,0.0,0.0
2025-02-25 01:30:00+00:00,16.06999969482422,16.06999969482422,16.06999969482422,16.06999969482422,56210,0.0,0.0,0.0
2025-02-25 01:35:00+00:00,16.079999923706055,16.079999923706055,16.079999923706055,16.079999923706055,2020,0.0,0.0,0.0
2025-02-25 01:40:00+00:00,16.059999465942383,16.079999923706055,16.059999465942383,16.079999923706055,216715,0.0,0.0,0.0
2025-02-25 01:45:00+00:00,16.079999923706055,16.09000015258789,16.079999923706055,16.09000015258789,168262,0.0,0.0,0.0
2025-02-25 01:50:00+00:00,16.09000015258789,16.09000015258789,16.09000015258789,16.09000015258789,29038,0.0,0.0,0.0
2025-02-25 02:00:00+00:00,16.079999923706055,16.100000381469727,16.079999923706055,16.100000381469727,207480,0.0,0.0,0.0
2025-02-25 02:05:00+00:00,16.100000381469727,16.100000381469727,16.100000381469727,16.100000381469727,31350,0.0,0.0,0.0
2025-02-25 02:10:00+00:00,16.09000015258789,16.09000015258789,16.09000015258789,16.09000015258789,100926,0.0,0.0,0.0
2025-02-25 02:15:00+00:00,16.100000381469727,16.100000381469727,16.09000015258789,16.09000015258789,70126,0.0,0.0,0.0
2025-02-25 02:20:00+00:00,16.09000015258789,16.09000015258789,16.09000015258789,16.09000015258789,25046,0.0,0.0,0.0
2025-02-25 02:25:00+00:00,16.09000015258789,16.09000015258789,16.09000015258789,16.09000015258789,66304,0.0,0.0,0.0
2025-02-25 02:30:00+00:00,16.09000015258789,16.09000015258789,16.09000015258789,16.09000015258789,11000,0.0,0.0,0.0
2025-02-25 02:35:00+00:00,16.09000015258789,16.100000381469727,16.09000015258789,16.100000381469727,86374,0.0,0.0,0.0
2025-02-25 02:40:00+00:00,16.100000381469727,16.100000381469727,16.100000381469727,16.100000381469727,11123,0.0,0.0,0.0
2025-02-25 02:45:00+00:00,16.100000381469727,16.110000610351562,16.100000381469727,16.110000610351562,196039,0.0,0.0,0.0
2025-02-25 02:50:00+00:00,16.110000610351562,16.1200008392334,16.110000610351562,16.1200008392334,76458,0.0,0.0,0.0
2025-02-25 02:55:00+00:00,16.1200008392334,16.1299991607666,16.1200008392334,16.1200008392334,66073,0.0,0.0,0.0
2025-02-25 03:00:00+00:00,16.1200008392334,16.1200008392334,16.1200008392334,16.1200008392334,1110,0.0,0.0,0.0
2025-02-25 03:05:00+00:00,16.1200008392334,16.1200008392334,16.110000610351562,16.110000610351562,19561,0.0,0.0,0.0
2025-02-25 03:15:00+00:00,16.110000610351562,16.110000610351562,16.100000381469727,16.100000381469727,20202,0.0,0.0,0.0
2025-02-25 03:20:00+00:00,16.110000610351562,16.110000610351562,16.110000610351562,16.110000610351562,10212,0.0,0.0,0.0
2025-02-25 03:25:00+00:00,16.100000381469727,16.110000610351562,16.100000381469727,16.110000610351562,22000,0.0,0.0,0.0
2025-02-25 03:30:00+00:00,16.110000610351562,16.110000610351562,16.110000610351562,16.110000610351562,2010,0.0,0.0,0.0
2025-02-25 03:35:00+00:00,16.110000610351562,16.110000610351562,16.110000610351562,16.110000610351562,58862,0.0,0.0,0.0
2025-02-25 03:40:00+00:00,16.1200008392334,16.1200008392334,16.110000610351562,16.110000610351562,143187,0.0,0.0,0.0
2025-02-25 03:45:00+00:00,16.110000610351562,16.110000610351562,16.110000610351562,16.110000610351562,3140,0.0,0.0,0.0
2025-02-25 03:55:00+00:00,16.110000610351562,16.110000610351562,16.110000610351562,16.110000610351562,3384,0.0,0.0,0.0
2025-02-25 04:00:00+00:00,16.1200008392334,16.1200008392334,16.1200008392334,16.1200008392334,202108,0.0,0.0,0.0
2025-02-25 04:05:00+00:00,16.1200008392334,16.1200008392334,16.1200008392334,16.1200008392334,2227,0.0,0.0,0.0
2025-02-25 04:10:00+00:00,16.110000610351562,16.1200008392334,16.110000610351562,16.1200008392334,54421,0.0,0.0,0.0
2025-02-25 04:15:00+00:00,16.1200008392334,16.1200008392334,16.1200008392334,16.1200008392334,36530,0.0,0.0,0.0
2025-02-25 04:20:00+00:00,16.1299991607666,16.139999389648438,16.1299991607666,16.1299991607666,197660,0.0,0.0,0.0
2025-02-25 04:25:00+00:00,16.139999389648438,16.139999389648438,16.139999389648438,16.139999389648438,82251,0.0,0.0,0.0
2025-02-25 04:30:00+00:00,16.139999389648438,16.139999389648438,16.139999389648438,16.139999389648438,3351,0.0,0.0,0.0
2025-02-25 04:35:00+00:00,16.1299991607666,16.1299991607666,16.1299991607666,16.1299991607666,12000,0.0,0.0,0.0
2025-02-25 04:40:00+00:00,16.1299991607666,16.139999389648438,16.1299991607666,16.1299991607666,16000,0.0,0.0,0.0
2025-02-25 04:45:00+00:00,16.1299991607666,16.1299991607666,16.110000610351562,16.110000610351562,368050,0.0,0.0,0.0
2025-02-25 04:50:00+00:00,16.110000610351562,16.1200008392334,16.110000610351562,16.1200008392334,111818,0.0,0.0,0.0
2025-02-25 04:55:00+00:00,16.1200008392334,16.1299991607666,16.1200008392334,16.1299991607666,21625,0.0,0.0,0.0
2025-02-25 05:00:00+00:00,16.1299991607666,16.1299991607666,16.1200008392334,16.1200008392334,113092,0.0,0.0,0.0
2025-02-25 05:05:00+00:00,16.1200008392334,16.1299991607666,16.1200008392334,16.1200008392334,25000,0.0,0.0,0.0
2025-02-25 05:10:00+00:00,16.1200008392334,16.1200008392334,16.1200008392334,16.1200008392334,54000,0.0,0.0,0.0
2025-02-25 05:15:00+00:00,16.1200008392334,16.1299991607666,16.1200008392334,16.1299991607666,23087,0.0,0.0,0.0
2025-02-25 05:20:00+00:00,16.1200008392334,16.1200008392334,16.110000610351562,16.110000610351562,133200,0.0,0.0,0.0
2025-02-26 01:00:00+00:00,16.149999618530273,16.15999984741211,16.149999618530273,16.15999984741211,0,0.0,0.0,0.0
2025-02-26 01:05:00+00:00,16.15999984741211,16.15999984741211,16.1200008392334,16.1200008392334,41097,0.0,0.0,0.0
2025-02-26 01:10:00+00:00,16.1200008392334,16.1200008392334,16.100000381469727,16.100000381469727,10210,0.0,0.0,0.0
2025-02-26 01:15:00+00:00,16.100000381469727,16.110000610351562,16.100000381469727,16.100000381469727,90000,0.0,0.0,0.0
2025-02-26 01:20:00+00:00,16.100000381469727,16.1200008392334,16.100000381469727,16.1200008392334,136000,0.0,0.0,0.0
2025-02-26 01:25:00+00:00,16.1299991607666,16.139999389648438,16.1200008392334,16.139999389648438,17155,0.0,0.0,0.0
2025-02-26 01:30:00+00:00,16.139999389648438,16.139999389648438,16.1200008392334,16.1200008392334,11100,0.0,0.0,0.0
2025-02-26 01:35:00+00:00,16.1200008392334,16.1299991607666,16.1200008392334,16.1299991607666,16000,0.0,0.0,0.0
2025-02-26 01:40:00+00:00,16.1299991607666,16.139999389648438,16.1299991607666,16.139999389648438,13240,0.0,0.0,0.0
2025-02-26 01:45:00+00:00,16.139999389648438,16.139999389648438,16.139999389648438,16.139999389648438,27100,0.0,0.0,0.0
2025-02-26 01:50:00+00:00,16.139999389648438,16.149999618530273,16.139999389648438,16.149999618530273,223100,0.0,0.0,0.0
2025-02-26 01:55:00+00:00,16.15999984741211,16.15999984741211,16.139999389648438,16.139999389648438,29000,0.0,0.0,0.0
2025-02-26 02:00:00+00:00,16.139999389648438,16.149999618530273,16.1299991607666,16.1299991607666,16535,0.0,0.0,0.0
2025-02-26 02:05:00+00:00,16.1299991607666,16.139999389648438,16.1299991607666,16.139999389648438,31494,0.0,0.0,0.0
2025-02-26 02:10:00+00:00,16.139999389648438,16.139999389648438,16.139999389648438,16.139999389648438,20065,0.0,0.0,0.0
2025-02-26 02:15:00+00:00,16.139999389648438,16.139999389648438,16.139999389648438,16.139999389648438,24794,0.0,0.0,0.0
2025-02-26 02:20:00+00:00,16.139999389648438,16.139999389648438,16.1299991607666,16.139999389648438,36070,0.0,0.0,0.0
2025-02-26 02:25:00+00:00,16.139999389648438,16.139999389648438,16.139999389648438,16.139999389648438,34345,0.0,0.0,0.0
2025-02-26 02:30:00+00:00,16.149999618530273,16.149999618530273,16.149999618530273,16.149999618530273,3085,0.0,0.0,0.0
2025-02-26 02:35:00+00:00,16.149999618530273,16.149999618530273,16.139999389648438,16.139999389648438,26000,0.0,0.0,0.0
2025-02-26 02:40:00+00:00,16.139999389648438,16.139999389648438,16.139999389648438,16.139999389648438,7345,0.0,0.0,0.0
2025-02-26 02:45:00+00:00,16.149999618530273,16.149999618530273,16.139999389648438,16.139999389648438,10039,0.0,0.0,0.0
2025-02-26 02:50:00+00:00,16.139999389648438,16.139999389648438,16.139999389648438,16.139999389648438,5165,0.0,0.0,0.0
2025-02-26 02:55:00+00:00,16.139999389648438,16.139999389648438,16.139999389648438,16.139999389648438,17422,0.0,0.0,0.0
2025-02-26 03:00:00+00:00,16.139999389648438,16.149999618530273,16.139999389648438,16.149999618530273,115049,0.0,0.0,0.0
2025-02-26 03:05:00+00:00,16.149999618530273,16.149999618530273,16.149999618530273,16.149999618530273,162991,0.0,0.0,0.0
2025-02-26 03:10:00+00:00,16.149999618530273,16.149999618530273,16.149999618530273,16.149999618530273,26300,0.0,0.0,0.0
2025-02-26 03:15:00+00:00,16.149999618530273,16.15999984741211,16.149999618530273,16.15999984741211,365060,0.0,0.0,0.0
2025-02-26 03:20:00+00:00,16.15999984741211,16.15999984741211,16.15999984741211,16.15999984741211,6739,0.0,0.0,0.0
2025-02-26 03:25:00+00:00,16.149999618530273,16.149999618530273,16.149999618530273,16.149999618530273,8430,0.0,0.0,0.0
2025-02-26 03:30:00+00:00,16.149999618530273,16.149999618530273,16.139999389648438,16.139999389648438,3039,0.0,0.0,0.0
2025-02-26 03:35:00+00:00,16.139999389648438,16.139999389648438,16.139999389648438,16.139999389648438,3165,0.0,0.0,0.0
2025-02-26 03:40:00+00:00,16.139999389648438,16.139999389648438,16.139999389648438,16.139999389648438,1000,0.0,0.0,0.0
2025-02-26 03:45:00+00:00,16.139999389648438,16.149999618530273,16.139999389648438,16.149999618530273,7300,0.0,0.0,0.0
2025-02-26 03:50:00+00:00,16.1299991607666,16.139999389648438,16.1299991607666,16.139999389648438,4351,0.0,0.0,0.0
2025-02-26 03:55:00+00:00,16.139999389648438,16.139999389648438,16.139999389648438,16.139999389648438,16388,0.0,0.0,0.0
2025-02-26 04:00:00+00:00,16.1299991607666,16.139999389648438,16.1299991607666,16.139999389648438,36361,0.0,0.0,0.0
2025-02-26 04:05:00+00:00,16.139999389648438,16.139999389648438,16.139999389648438,16.139999389648438,5100,0.0,0.0,0.0
2025-02-26 04:10:00+00:00,16.139999389648438,16.139999389648438,16.139999389648438,16.139999389648438,17139,0.0,0.0,0.0
2025-02-26 04:15:00+00:00,16.149999618530273,16.149999618530273,16.139999389648438,16.139999389648438,6000,0.0,0.0,0.0
2025-02-26 04:20:00+00:00,16.149999618530273,16.149999618530273,16.139999389648438,16.139999389648438,68105,0.0,0.0,0.0
2025-02-26 04:25:00+00:00,16.139999389648438,16.139999389648438,16.1299991607666,16.139999389648438,30106,0.0,0.0,0.0
2025-02-26 04:30:00+00:00,16.139999389648438,16.149999618530273,16.139999389648438,16.149999618530273,103240,0.0,0.0,0.0
2025-02-26 04:35:00+00:00,16.149999618530273,16.149999618530273,16.149999618530273,16.149999618530273,2400,0.0,0.0,0.0
2025-02-26 04:40:00+00:00,16.149999618530273,16.149999618530273,16.149999618530273,16.149999618530273,49334,0.0,0.0,0.0
2025-02-26 04:45:00+00:00,16.149999618530273,16.149999618530273,16.149999618530273,16.149999618530273,3139,0.0,0.0,0.0
2025-02-26 04:50:00+00:00,16.15999984741211,16.15999984741211,16.15999984741211,16.15999984741211,115626,0.0,0.0,0.0
2025-02-26 04:55:00+00:00,16.15999984741211,16.15999984741211,16.15999984741211,16.15999984741211,30290,0.0,0.0,0.0
2025-02-26 05:00:00+00:00,16.15999984741211,16.18000030517578,16.15999984741211,16.18000030517578,535100,0.0,0.0,0.0
2025-02-26 05:05:00+00:00,16.18000030517578,16.18000030517578,16.18000030517578,16.18000030517578,80700,0.0,0.0,0.0
2025-02-26 05:10:00+00:00,16.18000030517578,16.18000030517578,16.18000030517578,16.18000030517578,65000,0.0,0.0,0.0
2025-02-26 05:15:00+00:00,16.18000030517578,16.18000030517578,16.18000030517578,16.18000030517578,23969,0.0,0.0,0.0
2025-02-26 05:20:00+00:00,16.18000030517578,16.190000534057617,16.18000030517578,16.190000534057617,98380,0.0,0.0,0.0
2025-02-27 01:00:00+00:00,16.170000076293945,16.170000076293945,16.139999389648438,16.139999389648438,0,0.0,0.0,0.0
2025-02-27 01:05:00+00:00,16.139999389648438,16.149999618530273,16.139999389648438,16.149999618530273,333857,0.0,0.0,0.0
2025-02-27 01:10:00+00:00,16.15999984741211,16.170000076293945,16.15999984741211,16.170000076293945,69750,0.0,0.0,0.0
2025-02-27 01:15:00+00:00,16.170000076293945,16.170000076293945,16.170000076293945,16.170000076293945,40345,0.0,0.0,0.0
2025-02-27 01:20:00+00:00,16.170000076293945,16.170000076293945,16.149999618530273,16.149999618530273,11628,0.0,0.0,0.0
2025-02-27 01:25:00+00:00,16.149999618530273,16.15999984741211,16.149999618530273,16.15999984741211,30260,0.0,0.0,0.0
2025-02-27 01:30:00+00:00,16.15999984741211,16.170000076293945,16.15999984741211,16.170000076293945,306150,0.0,0.0,0.0
2025-02-27 01:35:00+00:00,16.170000076293945,16.170000076293945,16.15999984741211,16.15999984741211,6002,0.0,0.0,0.0
2025-02-27 01:40:00+00:00,16.170000076293945,16.170000076293945,16.170000076293945,16.170000076293945,46410,0.0,0.0,0.0
2025-02-27 01:45:00+00:00,16.15999984741211,16.170000076293945,16.15999984741211,16.15999984741211,30532,0.0,0.0,0.0
2025-02-27 01:50:00+00:00,16.15999984741211,16.15999984741211,16.149999618530273,16.149999618530273,150968,0.0,0.0,0.0
2025-02-27 01:55:00+00:00,16.149999618530273,16.149999618530273,16.139999389648438,16.139999389648438,4000,0.0,0.0,0.0
2025-02-27 02:00:00+00:00,16.139999389648438,16.139999389648438,16.139999389648438,16.139999389648438,5009,0.0,0.0,0.0
2025-02-27 02:05:00+00:00,16.139999389648438,16.139999389648438,16.1200008392334,16.1200008392334,94200,0.0,0.0,0.0
2025-02-27 02:10:00+00:00,16.1200008392334,16.1200008392334,16.110000610351562,16.110000610351562,21365,0.0,0.0,0.0
2025-02-27 02:15:00+00:00,16.1200008392334,16.1200008392334,16.079999923706055,16.079999923706055,102611,0.0,0.0,0.0
2025-02-27 02:20:00+00:00,16.079999923706055,16.1200008392334,16.06999969482422,16.110000610351562,56030,0.0,0.0,0.0
2025-02-27 02:25:00+00:00,16.110000610351562,16.110000610351562,16.110000610351562,16.110000610351562,3259,0.0,0.0,0.0
2025-02-27 02:30:00+00:00,16.1200008392334,16.1200008392334,16.110000610351562,16.110000610351562,2320,0.0,0.0,0.0
2025-02-27 02:35:00+00:00,16.110000610351562,16.110000610351562,16.110000610351562,16.110000610351562,8200,0.0,0.0,0.0
2025-02-27 02:40:00+00:00,16.100000381469727,16.100000381469727,16.100000381469727,16.100000381469727,9039,0.0,0.0,0.0
2025-02-27 02:45:00+00:00,16.100000381469727,16.100000381469727,16.09000015258789,16.09000015258789,56032,0.0,0.0,0.0
2025-02-27 02:50:00+00:00,16.100000381469727,16.100000381469727,16.09000015258789,16.09000015258789,164148,0.0,0.0,0.0
2025-02-27 02:55:00+00:00,16.09000015258789,16.09000015258789,16.079999923706055,16.09000015258789,9905,0.0,0.0,0.0
2025-02-27 03:00:00+00:00,16.09000015258789,16.09000015258789,16.09000015258789,16.09000015258789,9600,0.0,0.0,0.0
2025-02-27 03:05:00+00:00,16.09000015258789,16.09000015258789,16.079999923706055,16.079999923706055,15503,0.0,0.0,0.0
2025-02-27 03:10:00+00:00,16.079999923706055,16.09000015258789,16.079999923706055,16.09000015258789,79000,0.0,0.0,0.0
2025-02-27 03:15:00+00:00,16.100000381469727,16.100000381469727,16.09000015258789,16.100000381469727,0,0.0,0.0,0.0
2025-02-27 03:20:00+00:00,16.100000381469727,16.100000381469727,16.09000015258789,16.09000015258789,1817223,0.0,0.0,0.0
2025-02-27 03:30:00+00:00,16.09000015258789,16.100000381469727,16.09000015258789,16.100000381469727,8045,0.0,0.0,0.0
2025-02-27 03:35:00+00:00,16.09000015258789,16.09000015258789,16.09000015258789,16.09000015258789,3122,0.0,0.0,0.0
2025-02-27 03:45:00+00:00,16.079999923706055,16.079999923706055,16.079999923706055,16.079999923706055,18250,0.0,0.0,0.0
2025-02-27 03:50:00+00:00,16.079999923706055,16.079999923706055,16.079999923706055,16.079999923706055,2000,0.0,0.0,0.0
2025-02-27 03:55:00+00:00,16.079999923706055,16.079999923706055,16.079999923706055,16.079999923706055,6100,0.0,0.0,0.0
2025-02-27 04:00:00+00:00,16.06999969482422,16.06999969482422,16.06999969482422,16.06999969482422,5477,0.0,0.0,0.0
2025-02-27 04:05:00+00:00,16.06999969482422,16.079999923706055,16.06999969482422,16.079999923706055,25379,0.0,0.0,0.0
2025-02-27 04:10:00+00:00,16.079999923706055,16.079999923706055,16.06999969482422,16.06999969482422,17100,0.0,0.0,0.0
2025-02-27 04:15:00+00:00,16.079999923706055,16.079999923706055,16.079999923706055,16.079999923706055,12010,0.0,0.0,0.0
2025-02-27 04:20:00+00:00,16.079999923706055,16.079999923706055,16.06999969482422,16.06999969482422,12530,0.0,0.0,0.0
2025-02-27 04:25:00+00:00,16.06999969482422,16.06999969482422,16.059999465942383,16.059999465942383,595388,0.0,0.0,0.0
2025-02-27 04:30:00+00:00,16.059999465942383,16.06999969482422,16.059999465942383,16.059999465942383,28025,0.0,0.0,0.0
2025-02-27 04:35:00+00:00,16.059999465942383,16.059999465942383,16.049999237060547,16.049999237060547,7022,0.0,0.0,0.0
2025-02-27 04:40:00+00:00,16.049999237060547,16.049999237060547,16.049999237060547,16.049999237060547,3192,0.0,0.0,0.0
2025-02-27 04:45:00+00:00,16.049999237060547,16.059999465942383,16.049999237060547,16.059999465942383,18192,0.0,0.0,0.0
2025-02-27 04:50:00+00:00,16.049999237060547,16.049999237060547,16.049999237060547,16.049999237060547,8075,0.0,0.0,0.0
2025-02-27 04:55:00+00:00,16.049999237060547,16.049999237060547,16.049999237060547,16.049999237060547,32165,0.0,0.0,0.0
2025-02-27 05:00:00+00:00,16.049999237060547,16.059999465942383,16.049999237060547,16.059999465942383,12300,0.0,0.0,0.0
2025-02-27 05:05:00+00:00,16.059999465942383,16.059999465942383,16.049999237060547,16.049999237060547,13139,0.0,0.0,0.0
2025-02-27 05:10:00+00:00,16.049999237060547,16.049999237060547,16.049999237060547,16.049999237060547,21290,0.0,0.0,0.0
2025-02-27 05:15:00+00:00,16.049999237060547,16.049999237060547,16.049999237060547,16.049999237060547,16438,0.0,0.0,0.0
2025-02-27 05:20:00+00:00,16.049999237060547,16.049999237060547,16.030000686645508,16.040000915527344,87160,0.0,0.0,0.0
2025-03-03 01:00:00+00:00,16.040000915527344,16.040000915527344,15.949999809265137,15.970000267028809,0,0.0,0.0,0.0
2025-03-03 01:05:00+00:00,15.970000267028809,15.989999771118164,15.960000038146973,15.989999771118164,112678,0.0,0.0,0.0
2025-03-03 01:10:00+00:00,15.989999771118164,15.989999771118164,15.960000038146973,15.960000038146973,55318,0.0,0.0,0.0
2025-03-03 01:15:00+00:00,15.960000038146973,15.960000038146973,15.890000343322754,15.890000343322754,116908,0.0,0.0,0.0
2025-03-03 01:20:00+00:00,15.899999618530273,15.9399995803833,15.899999618530273,15.920000076293945,62349,0.0,0.0,0.0
2025-03-03 01:25:00+00:00,15.920000076293945,15.9399995803833,15.90999984741211,15.90999984741211,150518,0.0,0.0,0.0
2025-03-03 01:30:00+00:00,15.9399995803833,15.9399995803833,15.920000076293945,15.920000076293945,31243,0.0,0.0,0.0
2025-03-03 01:35:00+00:00,15.920000076293945,15.9399995803833,15.90999984741211,15.9399995803833,102078,0.0,0.0,0.0
2025-03-03 01:40:00+00:00,15.930000305175781,15.930000305175781,15.920000076293945,15.930000305175781,16967,0.0,0.0,0.0
2025-03-03 01:45:00+00:00,15.930000305175781,15.970000267028809,15.930000305175781,15.970000267028809,112430,0.0,0.0,0.0
2025-03-03 01:50:00+00:00,15.960000038146973,15.960000038146973,15.949999809265137,15.960000038146973,15094,0.0,0.0,0.0
2025-03-03 01:55:00+00:00,15.970000267028809,15.979999542236328,15.970000267028809,15.979999542236328,15506,0.0,0.0,0.0
2025-03-03 02:00:00+00:00,15.979999542236328,15.979999542236328,15.970000267028809,15.970000267028809,21612,0.0,0.0,0.0
2025-03-03 02:05:00+00:00,15.970000267028809,15.979999542236328,15.970000267028809,15.979999542236328,49200,0.0,0.0,0.0
2025-03-03 02:10:00+00:00,15.979999542236328,16.0,15.979999542236328,16.0,61065,0.0,0.0,0.0
2025-03-03 02:15:00+00:00,16.0,16.010000228881836,15.989999771118164,15.989999771118164,8066,0.0,0.0,0.0
2025-03-03 02:20:00+00:00,15.979999542236328,15.989999771118164,15.960000038146973,15.989999771118164,42483,0.0,0.0,0.0
2025-03-03 02:25:00+00:00,16.0,16.0,15.989999771118164,15.989999771118164,23138,0.0,0.0,0.0
2025-03-03 02:30:00+00:00,16.0,16.0,16.0,16.0,3050,0.0,0.0,0.0
2025-03-03 02:35:00+00:00,16.0,16.0,15.989999771118164,16.0,48076,0.0,0.0,0.0
2025-03-03 02:40:00+00:00,16.0,16.0,15.989999771118164,16.0,4032,0.0,0.0,0.0
2025-03-03 02:45:00+00:00,15.989999771118164,16.0,15.989999771118164,15.989999771118164,11262,0.0,0.0,0.0
2025-03-03 02:55:00+00:00,15.989999771118164,15.989999771118164,15.989999771118164,15.989999771118164,39196,0.0,0.0,0.0
2025-03-03 03:00:00+00:00,15.989999771118164,15.989999771118164,15.989999771118164,15.989999771118164,2986,0.0,0.0,0.0
2025-03-03 03:05:00+00:00,15.989999771118164,15.989999771118164,15.989999771118164,15.989999771118164,1015,0.0,0.0,0.0
2025-03-03 03:10:00+00:00,15.989999771118164,15.989999771118164,15.989999771118164,15.989999771118164,2100,0.0,0.0,0.0
2025-03-03 03:15:00+00:00,15.979999542236328,15.989999771118164,15.979999542236328,15.979999542236328,54000,0.0,0.0,0.0
2025-03-03 03:20:00+00:00,15.979999542236328,15.989999771118164,15.979999542236328,15.989999771118164,11021,0.0,0.0,0.0
2025-03-03 03:25:00+00:00,15.989999771118164,15.989999771118164,15.979999542236328,15.979999542236328,5001,0.0,0.0,0.0
2025-03-03 03:30:00+00:00,15.989999771118164,15.989999771118164,15.989999771118164,15.989999771118164,29792,0.0,0.0,0.0
2025-03-03 03:35:00+00:00,15.989999771118164,16.0,15.989999771118164,16.0,80058,0.0,0.0,0.0
2025-03-03 03:40:00+00:00,16.0,16.0,16.0,16.0,9000,0.0,0.0,0.0
2025-03-03 03:45:00+00:00,16.010000228881836,16.010000228881836,16.010000228881836,16.010000228881836,27081,0.0,0.0,0.0
2025-03-03 03:50:00+00:00,16.010000228881836,16.010000228881836,16.010000228881836,16.010000228881836,1000,0.0,0.0,0.0
2025-03-03 03:55:00+00:00,16.010000228881836,16.010000228881836,16.010000228881836,16.010000228881836,1867,0.0,0.0,0.0
2025-03-03 04:00:00+00:00,16.010000228881836,16.010000228881836,16.010000228881836,16.010000228881836,5085,0.0,0.0,0.0
2025-03-03 04:05:00+00:00,16.010000228881836,16.010000228881836,16.010000228881836,16.010000228881836,1189,0.0,0.0,0.0
2025-03-03 04:10:00+00:00,16.010000228881836,16.020000457763672,16.010000228881836,16.020000457763672,32925,0.0,0.0,0.0
2025-03-03 04:15:00+00:00,16.030000686645508,16.030000686645508,16.030000686645508,16.030000686645508,4345,0.0,0.0,0.0
2025-03-03 04:20:00+00:00,16.030000686645508,16.030000686645508,16.030000686645508,16.030000686645508,7150,0.0,0.0,0.0
2025-03-03 04:25:00+00:00,16.020000457763672,16.030000686645508,16.020000457763672,16.030000686645508,6400,0.0,0.0,0.0
2025-03-03 04:30:00+00:00,16.030000686645508,16.030000686645508,16.030000686645508,16.030000686645508,1310,0.0,0.0,0.0
2025-03-03 04:35:00+00:00,16.020000457763672,16.020000457763672,16.020000457763672,16.020000457763672,8420,0.0,0.0,0.0
2025-03-03 04:40:00+00:00,16.020000457763672,16.020000457763672,16.020000457763672,16.020000457763672,16104,0.0,0.0,0.0
2025-03-03 04:45:00+00:00,16.020000457763672,16.020000457763672,16.020000457763672,16.020000457763672,2627,0.0,0.0,0.0
2025-03-03 04:50:00+00:00,16.020000457763672,16.020000457763672,16.020000457763672,16.020000457763672,39048,0.0,0.0,0.0
2025-03-03 04:55:00+00:00,16.020000457763672,16.020000457763672,16.020000457763672,16.020000457763672,155267,0.0,0.0,0.0
2025-03-03 05:00:00+00:00,16.020000457763672,16.020000457763672,16.020000457763672,16.020000457763672,29062,0.0,0.0,0.0
2025-03-03 05:05:00+00:00,16.020000457763672,16.020000457763672,16.0,16.0,25305,0.0,0.0,0.0
2025-03-03 05:10:00+00:00,16.010000228881836,16.020000457763672,16.010000228881836,16.010000228881836,56017,0.0,0.0,0.0
2025-03-03 05:15:00+00:00,16.020000457763672,16.020000457763672,16.010000228881836,16.010000228881836,80975,0.0,0.0,0.0
2025-03-03 05:20:00+00:00,16.010000228881836,16.020000457763672,16.010000228881836,16.020000457763672,22327,0.0,0.0,0.0
2025-03-04 01:00:00+00:00,15.970000267028809,15.970000267028809,15.850000381469727,15.880000114440918,0,0.0,0.0,0.0
2025-03-04 01:05:00+00:00,15.880000114440918,15.880000114440918,15.880000114440918,15.880000114440918,21211,0.0,0.0,0.0
2025-03-04 01:10:00+00:00,15.890000343322754,15.899999618530273,15.869999885559082,15.869999885559082,403113,0.0,0.0,0.0
2025-03-04 01:15:00+00:00,15.859999656677246,15.859999656677246,15.850000381469727,15.850000381469727,197793,0.0,0.0,0.0
2025-03-04 01:20:00+00:00,15.850000381469727,15.869999885559082,15.850000381469727,15.869999885559082,404524,0.0,0.0,0.0
2025-03-04 01:25:00+00:00,15.880000114440918,15.890000343322754,15.880000114440918,15.880000114440918,14679,0.0,0.0,0.0
2025-03-04 01:30:00+00:00,15.899999618530273,15.899999618530273,15.899999618530273,15.899999618530273,6000,0.0,0.0,0.0
2025-03-04 01:35:00+00:00,15.899999618530273,15.899999618530273,15.899999618530273,15.899999618530273,13361,0.0,0.0,0.0
2025-03-04 01:40:00+00:00,15.899999618530273,15.899999618530273,15.899999618530273,15.899999618530273,9213,0.0,0.0,0.0
2025-03-04 01:45:00+00:00,15.890000343322754,15.899999618530273,15.890000343322754,15.899999618530273,10055,0.0,0.0,0.0
2025-03-04 01:50:00+00:00,15.899999618530273,15.899999618530273,15.899999618530273,15.899999618530273,21129,0.0,0.0,0.0
2025-03-04 01:55:00+00:00,15.899999618530273,15.899999618530273,15.890000343322754,15.899999618530273,19284,0.0,0.0,0.0
2025-03-04 02:00:00+00:00,15.899999618530273,15.899999618530273,15.890000343322754,15.899999618530273,9931,0.0,0.0,0.0
2025-03-04 02:05:00+00:00,15.899999618530273,15.920000076293945,15.899999618530273,15.920000076293945,42082,0.0,0.0,0.0
2025-03-04 02:10:00+00:00,15.930000305175781,15.9399995803833,15.930000305175781,15.9399995803833,7600,0.0,0.0,0.0
2025-03-04 02:15:00+00:00,15.949999809265137,15.949999809265137,15.949999809265137,15.949999809265137,15000,0.0,0.0,0.0
2025-03-04 02:20:00+00:00,15.949999809265137,15.949999809265137,15.949999809265137,15.949999809265137,8353,0.0,0.0,0.0
2025-03-04 02:25:00+00:00,15.949999809265137,15.960000038146973,15.949999809265137,15.960000038146973,16002,0.0,0.0,0.0
2025-03-04 02:30:00+00:00,15.960000038146973,15.960000038146973,15.960000038146973,15.960000038146973,3200,0.0,0.0,0.0
2025-03-04 02:35:00+00:00,15.960000038146973,15.970000267028809,15.960000038146973,15.970000267028809,21000,0.0,0.0,0.0
2025-03-04 02:40:00+00:00,15.970000267028809,15.989999771118164,15.970000267028809,15.979999542236328,89112,0.0,0.0,0.0
2025-03-04 02:45:00+00:00,15.989999771118164,15.989999771118164,15.979999542236328,15.979999542236328,3000,0.0,0.0,0.0
2025-03-04 02:50:00+00:00,16.0,16.0,16.0,16.0,4022,0.0,0.0,0.0
2025-03-04 02:55:00+00:00,16.0,16.0,16.0,16.0,7630,0.0,0.0,0.0
2025-03-04 03:00:00+00:00,16.0,16.0,15.989999771118164,15.989999771118164,14000,0.0,0.0,0.0
2025-03-04 03:05:00+00:00,16.0,16.0,15.979999542236328,15.979999542236328,21146,0.0,0.0,0.0
2025-03-04 03:10:00+00:00,15.989999771118164,15.989999771118164,15.989999771118164,15.989999771118164,3115,0.0,0.0,0.0
2025-03-04 03:15:00+00:00,15.989999771118164,15.989999771118164,15.989999771118164,15.989999771118164,8045,0.0,0.0,0.0
2025-03-04 03:20:00+00:00,15.979999542236328,15.989999771118164,15.979999542236328,15.989999771118164,108453,0.0,0.0,0.0
2025-03-04 03:25:00+00:00,15.989999771118164,15.989999771118164,15.989999771118164,15.989999771118164,90000,0.0,0.0,0.0
2025-03-04 03:30:00+00:00,15.989999771118164,15.989999771118164,15.989999771118164,15.989999771118164,8099,0.0,0.0,0.0
2025-03-04 03:35:00+00:00,15.989999771118164,15.989999771118164,15.970000267028809,15.970000267028809,24730,0.0,0.0,0.0
2025-03-04 03:40:00+00:00,15.970000267028809,15.970000267028809,15.970000267028809,15.970000267028809,9392,0.0,0.0,0.0
2025-03-04 03:45:00+00:00,15.979999542236328,15.979999542236328,15.979999542236328,15.979999542236328,3000,0.0,0.0,0.0
2025-03-04 03:50:00+00:00,15.979999542236328,15.979999542236328,15.979999542236328,15.979999542236328,5319,0.0,0.0,0.0
2025-03-04 03:55:00+00:00,15.979999542236328,15.979999542236328,15.970000267028809,15.970000267028809,75150,0.0,0.0,0.0
2025-03-04 04:00:00+00:00,15.970000267028809,15.970000267028809,15.970000267028809,15.970000267028809,102090,0.0,0.0,0.0
2025-03-04 04:05:00+00:00,15.979999542236328,15.979999542236328,15.979999542236328,15.979999542236328,4275,0.0,0.0,0.0
2025-03-04 04:10:00+00:00,15.979999542236328,15.979999542236328,15.979999542236328,15.979999542236328,2371,0.0,0.0,0.0
2025-03-04 04:15:00+00:00,15.979999542236328,15.989999771118164,15.979999542236328,15.989999771118164,6000,0.0,0.0,0.0
2025-03-04 04:20:00+00:00,16.0,16.0,16.0,16.0,14497,0.0,0.0,0.0
2025-03-04 04:25:00+00:00,15.989999771118164,15.989999771118164,15.989999771118164,15.989999771118164,6000,0.0,0.0,0.0
2025-03-04 04:30:00+00:00,16.0,16.010000228881836,16.0,16.010000228881836,185630,0.0,0.0,0.0
2025-03-04 04:35:00+00:00,16.0,16.0,15.989999771118164,15.989999771118164,8200,0.0,0.0,0.0
2025-03-04 04:40:00+00:00,15.989999771118164,15.989999771118164,15.979999542236328,15.979999542236328,102020,0.0,0.0,0.0
2025-03-04 04:45:00+00:00,15.979999542236328,15.979999542236328,15.979999542236328,15.979999542236328,101000,0.0,0.0,0.0
2025-03-04 04:50:00+00:00,15.979999542236328,15.979999542236328,15.979999542236328,15.979999542236328,120060,0.0,0.0,0.0
2025-03-04 04:55:00+00:00,15.989999771118164,15.989999771118164,15.989999771118164,15.989999771118164,5272,0.0,0.0,0.0
2025-03-04 05:00:00+00:00,15.979999542236328,15.979999542236328,15.979999542236328,15.979999542236328,90000,0.0,0.0,0.0
2025-03-04 05:05:00+00:00,15.970000267028809,15.979999542236328,15.970000267028809,15.979999542236328,9575,0.0,0.0,0.0
2025-03-04 05:10:00+00:00,15.970000267028809,15.979999542236328,15.970000267028809,15.979999542236328,92021,0.0,0.0,0.0
2025-03-04 05:15:00+00:00,15.979999542236328,15.989999771118164,15.979999542236328,15.979999542236328,9300,0.0,0.0,0.0
2025-03-04 05:20:00+00:00,15.979999542236328,15.989999771118164,15.979999542236328,15.989999771118164,314051,0.0,0.0,0.0
2025-03-05 01:00:00+00:00,16.0,16.010000228881836,15.979999542236328,15.979999542236328,0,0.0,0.0,0.0
2025-03-05 01:05:00+00:00,15.960000038146973,15.970000267028809,15.960000038146973,15.970000267028809,214288,0.0,0.0,0.0
2025-03-05 01:10:00+00:00,15.979999542236328,15.979999542236328,15.979999542236328,15.979999542236328,32613,0.0,0.0,0.0
2025-03-05 01:15:00+00:00,15.979999542236328,15.979999542236328,15.979999542236328,15.979999542236328,109309,0.0,0.0,0.0
2025-03-05 01:20:00+00:00,15.989999771118164,15.989999771118164,15.989999771118164,15.989999771118164,8030,0.0,0.0,0.0
2025-03-05 01:25:00+00:00,15.989999771118164,15.989999771118164,15.989999771118164,15.989999771118164,3000,0.0,0.0,0.0
2025-03-05 01:30:00+00:00,15.979999542236328,15.989999771118164,15.979999542236328,15.979999542236328,106381,0.0,0.0,0.0
2025-03-05 01:35:00+00:00,15.979999542236328,16.0,15.979999542236328,16.0,84200,0.0,0.0,0.0
2025-03-05 01:40:00+00:00,15.989999771118164,16.030000686645508,15.989999771118164,16.020000457763672,239000,0.0,0.0,0.0
2025-03-05 01:45:00+00:00,16.030000686645508,16.030000686645508,16.030000686645508,16.030000686645508,48000,0.0,0.0,0.0
2025-03-05 01:50:00+00:00,16.030000686645508,16.040000915527344,16.030000686645508,16.040000915527344,134000,0.0,0.0,0.0
2025-03-05 01:55:00+00:00,16.040000915527344,16.049999237060547,16.040000915527344,16.049999237060547,71325,0.0,0.0,0.0
2025-03-05 02:00:00+00:00,16.059999465942383,16.059999465942383,16.030000686645508,16.030000686645508,16000,0.0,0.0,0.0
2025-03-05 02:05:00+00:00,16.030000686645508,16.040000915527344,16.030000686645508,16.040000915527344,25573,0.0,0.0,0.0
2025-03-05 02:10:00+00:00,16.049999237060547,16.049999237060547,16.049999237060547,16.049999237060547,54474,0.0,0.0,0.0
2025-03-05 02:15:00+00:00,16.040000915527344,16.040000915527344,16.030000686645508,16.030000686645508,3580,0.0,0.0,0.0
2025-03-05 02:20:00+00:00,16.030000686645508,16.040000915527344,16.030000686645508,16.040000915527344,173408,0.0,0.0,0.0
2025-03-05 02:25:00+00:00,16.030000686645508,16.030000686645508,16.030000686645508,16.030000686645508,1270,0.0,0.0,0.0
2025-03-05 02:40:00+00:00,16.020000457763672,16.030000686645508,16.020000457763672,16.030000686645508,55000,0.0,0.0,0.0
2025-03-05 02:45:00+00:00,16.030000686645508,16.030000686645508,16.020000457763672,16.030000686645508,21000,0.0,0.0,0.0
2025-03-05 02:50:00+00:00,16.040000915527344,16.040000915527344,16.030000686645508,16.030000686645508,22000,0.0,0.0,0.0
2025-03-05 03:00:00+00:00,16.040000915527344,16.040000915527344,16.040000915527344,16.040000915527344,14322,0.0,0.0,0.0
2025-03-05 03:10:00+00:00,16.030000686645508,16.049999237060547,16.030000686645508,16.049999237060547,235250,0.0,0.0,0.0
2025-03-05 03:15:00+00:00,16.040000915527344,16.049999237060547,16.040000915527344,16.049999237060547,34553,0.0,0.0,0.0
2025-03-05 03:25:00+00:00,16.049999237060547,16.049999237060547,16.040000915527344,16.040000915527344,26627,0.0,0.0,0.0
2025-03-05 03:30:00+00:00,16.040000915527344,16.049999237060547,16.040000915527344,16.049999237060547,12254,0.0,0.0,0.0
2025-03-05 03:35:00+00:00,16.049999237060547,16.049999237060547,16.040000915527344,16.040000915527344,11009,0.0,0.0,0.0
2025-03-05 03:40:00+00:00,16.049999237060547,16.049999237060547,16.040000915527344,16.040000915527344,12000,0.0,0.0,0.0
2025-03-05 03:45:00+00:00,16.040000915527344,16.049999237060547,16.040000915527344,16.049999237060547,54525,0.0,0.0,0.0
2025-03-05 03:50:00+00:00,16.059999465942383,16.059999465942383,16.059999465942383,16.059999465942383,1000,0.0,0.0,0.0
2025-03-05 03:55:00+00:00,16.059999465942383,16.059999465942383,16.049999237060547,16.049999237060547,13000,0.0,0.0,0.0
2025-03-05 04:00:00+00:00,16.049999237060547,16.049999237060547,16.049999237060547,16.049999237060547,1000,0.0,0.0,0.0
2025-03-05 04:05:00+00:00,16.059999465942383,16.059999465942383,16.059999465942383,16.059999465942383,6277,0.0,0.0,0.0
2025-03-05 04:10:00+00:00,16.059999465942383,16.059999465942383,16.049999237060547,16.049999237060547,7080,0.0,0.0,0.0
2025-03-05 04:15:00+00:00,16.049999237060547,16.049999237060547,16.049999237060547,16.049999237060547,1087,0.0,0.0,0.0
2025-03-05 04:20:00+00:00,16.059999465942383,16.06999969482422,16.059999465942383,16.06999969482422,86752,0.0,0.0,0.0
2025-03-05 04:25:00+00:00,16.06999969482422,16.06999969482422,16.06999969482422,16.06999969482422,2152,0.0,0.0,0.0
2025-03-05 04:35:00+00:00,16.06999969482422,16.06999969482422,16.059999465942383,16.06999969482422,13000,0.0,0.0,0.0
2025-03-05 04:40:00+00:00,16.059999465942383,16.059999465942383,16.059999465942383,16.059999465942383,4500,0.0,0.0,0.0
2025-03-05 04:45:00+00:00,16.059999465942383,16.059999465942383,16.059999465942383,16.059999465942383,5000,0.0,0.0,0.0
2025-03-05 04:50:00+00:00,16.059999465942383,16.059999465942383,16.059999465942383,16.059999465942383,20000,0.0,0.0,0.0
2025-03-05 04:55:00+00:00,16.059999465942383,16.059999465942383,16.059999465942383,16.059999465942383,176000,0.0,0.0,0.0
2025-03-05 05:00:00+00:00,16.059999465942383,16.06999969482422,16.059999465942383,16.059999465942383,135009,0.0,0.0,0.0
2025-03-05 05:05:00+00:00,16.059999465942383,16.06999969482422,16.049999237060547,16.06999969482422,34000,0.0,0.0,0.0
2025-03-05 05:10:00+00:00,16.06999969482422,16.06999969482422,16.049999237060547,16.049999237060547,13249,0.0,0.0,0.0
2025-03-05 05:15:00+00:00,16.049999237060547,16.059999465942383,16.049999237060547,16.049999237060547,31438,0.0,0.0,0.0
2025-03-05 05:20:00+00:00,16.059999465942383,16.059999465942383,16.049999237060547,16.049999237060547,6690,0.0,0.0,0.0
2025-03-06 01:00:00+00:00,16.1200008392334,16.1200008392334,16.1200008392334,16.1200008392334,0,0.0,0.0,0.0
2025-03-06 01:05:00+00:00,16.079999923706055,16.09000015258789,16.079999923706055,16.09000015258789,45625,0.0,0.0,0.0
2025-03-06 01:10:00+00:00,16.09000015258789,16.110000610351562,16.09000015258789,16.110000610351562,28344,0.0,0.0,0.0
2025-03-06 01:15:00+00:00,16.110000610351562,16.1200008392334,16.110000610351562,16.1200008392334,87258,0.0,0.0,0.0
2025-03-06 01:20:00+00:00,16.1200008392334,16.1299991607666,16.1200008392334,16.1299991607666,100606,0.0,0.0,0.0
2025-03-06 01:25:00+00:00,16.1299991607666,16.139999389648438,16.1299991607666,16.1299991607666,178080,0.0,0.0,0.0
2025-03-06 01:30:00+00:00,16.1299991607666,16.1299991607666,16.110000610351562,16.110000610351562,4170,0.0,0.0,0.0
2025-03-06 01:35:00+00:00,16.1200008392334,16.1200008392334,16.110000610351562,16.110000610351562,50101,0.0,0.0,0.0
2025-03-06 01:40:00+00:00,16.110000610351562,16.110000610351562,16.100000381469727,16.100000381469727,5752,0.0,0.0,0.0
2025-03-06 01:45:00+00:00,16.100000381469727,16.110000610351562,16.100000381469727,16.100000381469727,106100,0.0,0.0,0.0
2025-03-06 01:50:00+00:00,16.100000381469727,16.110000610351562,16.100000381469727,16.110000610351562,68331,0.0,0.0,0.0
2025-03-06 01:55:00+00:00,16.100000381469727,16.100000381469727,16.100000381469727,16.100000381469727,33405,0.0,0.0,0.0
2025-03-06 02:00:00+00:00,16.110000610351562,16.1200008392334,16.110000610351562,16.1200008392334,254067,0.0,0.0,0.0
2025-03-06 02:15:00+00:00,16.1200008392334,16.1200008392334,16.1200008392334,16.1200008392334,3266,0.0,0.0,0.0
2025-03-06 02:20:00+00:00,16.110000610351562,16.110000610351562,16.100000381469727,16.100000381469727,9010,0.0,0.0,0.0
2025-03-06 02:25:00+00:00,16.100000381469727,16.110000610351562,16.100000381469727,16.110000610351562,40036,0.0,0.0,0.0
2025-03-06 02:30:00+00:00,16.1200008392334,16.1200008392334,16.1200008392334,16.1200008392334,137606,0.0,0.0,0.0
2025-03-06 02:35:00+00:00,16.110000610351562,16.110000610351562,16.110000610351562,16.110000610351562,4568,0.0,0.0,0.0
2025-03-06 02:40:00+00:00,16.110000610351562,16.110000610351562,16.100000381469727,16.110000610351562,26029,0.0,0.0,0.0
2025-03-06 02:45:00+00:00,16.110000610351562,16.110000610351562,16.100000381469727,16.110000610351562,57165,0.0,0.0,0.0
2025-03-06 02:50:00+00:00,16.110000610351562,16.1200008392334,16.110000610351562,16.1200008392334,141933,0.0,0.0,0.0
2025-03-06 03:00:00+00:00,16.1299991607666,16.1299991607666,16.110000610351562,16.110000610351562,8027,0.0,0.0,0.0
2025-03-06 03:05:00+00:00,16.110000610351562,16.110000610351562,16.100000381469727,16.100000381469727,37275,0.0,0.0,0.0
2025-03-06 03:10:00+00:00,16.100000381469727,16.100000381469727,16.100000381469727,16.100000381469727,4000,0.0,0.0,0.0
2025-03-06 03:15:00+00:00,16.100000381469727,16.100000381469727,16.100000381469727,16.100000381469727,10105,0.0,0.0,0.0
2025-03-06 03:20:00+00:00,16.110000610351562,16.110000610351562,16.110000610351562,16.110000610351562,12156,0.0,0.0,0.0
2025-03-06 03:25:00+00:00,16.110000610351562,16.110000610351562,16.100000381469727,16.100000381469727,17000,0.0,0.0,0.0
2025-03-06 03:30:00+00:00,16.110000610351562,16.110000610351562,16.100000381469727,16.100000381469727,26106,0.0,0.0,0.0
2025-03-06 03:40:00+00:00,16.09000015258789,16.09000015258789,16.09000015258789,16.09000015258789,25005,0.0,0.0,0.0
2025-03-06 03:45:00+00:00,16.100000381469727,16.100000381469727,16.09000015258789,16.09000015258789,9190,0.0,0.0,0.0
2025-03-06 03:50:00+00:00,16.100000381469727,16.100000381469727,16.100000381469727,16.100000381469727,2106,0.0,0.0,0.0
2025-03-06 03:55:00+00:00,16.100000381469727,16.100000381469727,16.100000381469727,16.100000381469727,5000,0.0,0.0,0.0
2025-03-06 04:00:00+00:00,16.100000381469727,16.110000610351562,16.100000381469727,16.110000610351562,62156,0.0,0.0,0.0
2025-03-06 04:05:00+00:00,16.100000381469727,16.110000610351562,16.100000381469727,16.100000381469727,106000,0.0,0.0,0.0
2025-03-06 04:10:00+00:00,16.100000381469727,16.100000381469727,16.100000381469727,16.100000381469727,9105,0.0,0.0,0.0
2025-03-06 04:15:00+00:00,16.100000381469727,16.100000381469727,16.100000381469727,16.100000381469727,2000,0.0,0.0,0.0
2025-03-06 04:20:00+00:00,16.100000381469727,16.100000381469727,16.100000381469727,16.100000381469727,11256,0.0,0.0,0.0
2025-03-06 04:25:00+00:00,16.100000381469727,16.100000381469727,16.100000381469727,16.100000381469727,6250,0.0,0.0,0.0
2025-03-06 04:30:00+00:00,16.110000610351562,16.110000610351562,16.100000381469727,16.100000381469727,123677,0.0,0.0,0.0
2025-03-06 04:40:00+00:00,16.100000381469727,16.100000381469727,16.100000381469727,16.100000381469727,16647,0.0,0.0,0.0
2025-03-06 04:45:00+00:00,16.100000381469727,16.100000381469727,16.100000381469727,16.100000381469727,61092,0.0,0.0,0.0
2025-03-06 04:50:00+00:00,16.09000015258789,16.100000381469727,16.09000015258789,16.100000381469727,69384,0.0,0.0,0.0
2025-03-06 04:55:00+00:00,16.100000381469727,16.100000381469727,16.100000381469727,16.100000381469727,3034,0.0,0.0,0.0
2025-03-06 05:00:00+00:00,16.110000610351562,16.110000610351562,16.110000610351562,16.110000610351562,367272,0.0,0.0,0.0
2025-03-06 05:05:00+00:00,16.110000610351562,16.110000610351562,16.110000610351562,16.110000610351562,152050,0.0,0.0,0.0
2025-03-06 05:10:00+00:00,16.100000381469727,16.1200008392334,16.100000381469727,16.110000610351562,74235,0.0,0.0,0.0
2025-03-06 05:15:00+00:00,16.110000610351562,16.110000610351562,16.110000610351562,16.110000610351562,115091,0.0,0.0,0.0
2025-03-06 05:20:00+00:00,16.1200008392334,16.1200008392334,16.110000610351562,16.110000610351562,4069,0.0,0.0,0.0
2025-03-07 01:00:00+00:00,16.09000015258789,16.110000610351562,16.09000015258789,16.110000610351562,0,0.0,0.0,0.0
2025-03-07 01:05:00+00:00,16.09000015258789,16.09000015258789,16.079999923706055,16.079999923706055,4170,0.0,0.0,0.0
2025-03-07 01:10:00+00:00,16.079999923706055,16.100000381469727,16.06999969482422,16.100000381469727,15160,0.0,0.0,0.0
2025-03-07 01:15:00+00:00,16.09000015258789,16.100000381469727,16.09000015258789,16.09000015258789,12387,0.0,0.0,0.0
2025-03-07 01:20:00+00:00,16.079999923706055,16.079999923706055,16.06999969482422,16.06999969482422,4583,0.0,0.0,0.0
2025-03-07 01:25:00+00:00,16.079999923706055,16.079999923706055,16.06999969482422,16.06999969482422,8554,0.0,0.0,0.0
2025-03-07 01:30:00+00:00,16.06999969482422,16.06999969482422,16.059999465942383,16.059999465942383,15292,0.0,0.0,0.0
2025-03-07 01:35:00+00:00,16.049999237060547,16.049999237060547,16.049999237060547,16.049999237060547,10000,0.0,0.0,0.0
2025-03-07 01:40:00+00:00,16.059999465942383,16.06999969482422,16.059999465942383,16.059999465942383,140046,0.0,0.0,0.0
2025-03-07 01:45:00+00:00,16.059999465942383,16.059999465942383,16.059999465942383,16.059999465942383,10294,0.0,0.0,0.0
2025-03-07 01:50:00+00:00,16.049999237060547,16.049999237060547,16.040000915527344,16.040000915527344,32820,0.0,0.0,0.0
2025-03-07 01:55:00+00:00,16.040000915527344,16.040000915527344,16.040000915527344,16.040000915527344,2320,0.0,0.0,0.0
2025-03-07 02:00:00+00:00,16.040000915527344,16.040000915527344,16.040000915527344,16.040000915527344,2099,0.0,0.0,0.0
2025-03-07 02:05:00+00:00,16.040000915527344,16.049999237060547,16.040000915527344,16.040000915527344,9180,0.0,0.0,0.0
2025-03-07 02:10:00+00:00,16.040000915527344,16.040000915527344,16.040000915527344,16.040000915527344,5580,0.0,0.0,0.0
2025-03-07 02:15:00+00:00,16.049999237060547,16.049999237060547,16.040000915527344,16.040000915527344,35150,0.0,0.0,0.0
2025-03-07 02:20:00+00:00,16.049999237060547,16.049999237060547,16.040000915527344,16.049999237060547,9150,0.0,0.0,0.0
2025-03-07 02:25:00+00:00,16.049999237060547,16.059999465942383,16.049999237060547,16.059999465942383,7103,0.0,0.0,0.0
2025-03-07 02:30:00+00:00,16.049999237060547,16.049999237060547,16.040000915527344,16.049999237060547,14038,0.0,0.0,0.0
2025-03-07 02:35:00+00:00,16.049999237060547,16.049999237060547,16.049999237060547,16.049999237060547,27200,0.0,0.0,0.0
2025-03-07 02:40:00+00:00,16.049999237060547,16.049999237060547,16.049999237060547,16.049999237060547,41708,0.0,0.0,0.0
2025-03-07 02:45:00+00:00,16.049999237060547,16.059999465942383,16.049999237060547,16.049999237060547,114000,0.0,0.0,0.0
2025-03-07 02:50:00+00:00,16.049999237060547,16.049999237060547,16.049999237060547,16.049999237060547,60100,0.0,0.0,0.0
2025-03-07 02:55:00+00:00,16.049999237060547,16.049999237060547,16.040000915527344,16.040000915527344,10025,0.0,0.0,0.0
2025-03-07 03:00:00+00:00,16.049999237060547,16.049999237060547,16.049999237060547,16.049999237060547,10250,0.0,0.0,0.0
2025-03-07 03:10:00+00:00,16.049999237060547,16.049999237060547,16.049999237060547,16.049999237060547,2264,0.0,0.0,0.0
2025-03-07 03:15:00+00:00,16.059999465942383,16.059999465942383,16.059999465942383,16.059999465942383,47215,0.0,0.0,0.0
2025-03-07 03:25:00+00:00,16.059999465942383,16.059999465942383,16.059999465942383,16.059999465942383,5210,0.0,0.0,0.0
2025-03-07 03:40:00+00:00,16.059999465942383,16.059999465942383,16.049999237060547,16.049999237060547,9031,0.0,0.0,0.0
2025-03-07 03:45:00+00:00,16.049999237060547,16.049999237060547,16.049999237060547,16.049999237060547,5750,0.0,0.0,0.0
2025-03-07 03:50:00+00:00,16.059999465942383,16.06999969482422,16.059999465942383,16.06999969482422,68369,0.0,0.0,0.0
2025-03-07 04:00:00+00:00,16.06999969482422,16.06999969482422,16.06999969482422,16.06999969482422,5000,0.0,0.0,0.0
2025-03-07 04:05:00+00:00,16.06999969482422,16.079999923706055,16.06999969482422,16.079999923706055,23877,0.0,0.0,0.0
2025-03-07 04:10:00+00:00,16.09000015258789,16.100000381469727,16.079999923706055,16.09000015258789,99223,0.0,0.0,0.0
2025-03-07 04:15:00+00:00,16.09000015258789,16.09000015258789,16.09000015258789,16.09000015258789,2828,0.0,0.0,0.0
2025-03-07 04:25:00+00:00,16.09000015258789,16.09000015258789,16.09000015258789,16.09000015258789,2500,0.0,0.0,0.0
2025-03-07 04:30:00+00:00,16.09000015258789,16.09000015258789,16.09000015258789,16.09000015258789,1000,0.0,0.0,0.0
2025-03-07 04:40:00+00:00,16.09000015258789,16.09000015258789,16.079999923706055,16.09000015258789,89021,0.0,0.0,0.0
2025-03-07 04:45:00+00:00,16.100000381469727,16.100000381469727,16.100000381469727,16.100000381469727,2000,0.0,0.0,0.0
2025-03-07 04:50:00+00:00,16.09000015258789,16.09000015258789,16.079999923706055,16.079999923706055,455636,0.0,0.0,0.0
2025-03-07 05:00:00+00:00,16.079999923706055,16.079999923706055,16.079999923706055,16.079999923706055,43000,0.0,0.0,0.0
2025-03-07 05:05:00+00:00,16.079999923706055,16.079999923706055,16.079999923706055,16.079999923706055,4387,0.0,0.0,0.0
2025-03-07 05:10:00+00:00,16.079999923706055,16.079999923706055,16.079999923706055,16.079999923706055,17000,0.0,0.0,0.0
2025-03-07 05:15:00+00:00,16.079999923706055,16.09000015258789,16.079999923706055,16.079999923706055,90063,0.0,0.0,0.0
2025-03-07 05:20:00+00:00,16.079999923706055,16.079999923706055,16.059999465942383,16.059999465942383,42573,0.0,0.0,0.0
2025-03-10 01:00:00+00:00,16.079999923706055,16.079999923706055,16.040000915527344,16.040000915527344,0,0.0,0.0,0.0
2025-03-10 01:05:00+00:00,16.010000228881836,16.010000228881836,16.0,16.010000228881836,143340,0.0,0.0,0.0
2025-03-10 01:10:00+00:00,16.010000228881836,16.030000686645508,16.0,16.0,133039,0.0,0.0,0.0
2025-03-10 01:15:00+00:00,16.020000457763672,16.040000915527344,16.020000457763672,16.040000915527344,50410,0.0,0.0,0.0
2025-03-10 01:20:00+00:00,16.040000915527344,16.049999237060547,16.020000457763672,16.020000457763672,98115,0.0,0.0,0.0
2025-03-10 01:25:00+00:00,16.020000457763672,16.040000915527344,16.020000457763672,16.030000686645508,51187,0.0,0.0,0.0
2025-03-10 01:30:00+00:00,16.030000686645508,16.040000915527344,16.030000686645508,16.040000915527344,26526,0.0,0.0,0.0
2025-03-10 01:35:00+00:00,16.030000686645508,16.030000686645508,16.020000457763672,16.020000457763672,255009,0.0,0.0,0.0
2025-03-10 01:40:00+00:00,16.020000457763672,16.040000915527344,16.020000457763672,16.040000915527344,117753,0.0,0.0,0.0
2025-03-10 01:45:00+00:00,16.040000915527344,16.040000915527344,16.020000457763672,16.020000457763672,109262,0.0,0.0,0.0
2025-03-10 01:50:00+00:00,16.020000457763672,16.030000686645508,16.020000457763672,16.030000686645508,19150,0.0,0.0,0.0
2025-03-10 01:55:00+00:00,16.040000915527344,16.049999237060547,16.040000915527344,16.049999237060547,191209,0.0,0.0,0.0
2025-03-10 02:00:00+00:00,16.059999465942383,16.06999969482422,16.049999237060547,16.06999969482422,19387,0.0,0.0,0.0
2025-03-10 02:05:00+00:00,16.06999969482422,16.06999969482422,16.06999969482422,16.06999969482422,1000,0.0,0.0,0.0
2025-03-10 02:10:00+00:00,16.059999465942383,16.059999465942383,16.059999465942383,16.059999465942383,211059,0.0,0.0,0.0
2025-03-10 02:15:00+00:00,16.059999465942383,16.06999969482422,16.049999237060547,16.049999237060547,7678,0.0,0.0,0.0
2025-03-10 02:20:00+00:00,16.049999237060547,16.049999237060547,16.049999237060547,16.049999237060547,3000,0.0,0.0,0.0
2025-03-10 02:25:00+00:00,16.049999237060547,16.049999237060547,16.040000915527344,16.040000915527344,7159,0.0,0.0,0.0
2025-03-10 02:30:00+00:00,16.040000915527344,16.049999237060547,16.040000915527344,16.049999237060547,13100,0.0,0.0,0.0
2025-03-10 02:35:00+00:00,16.049999237060547,16.059999465942383,16.049999237060547,16.049999237060547,22069,0.0,0.0,0.0
2025-03-10 02:40:00+00:00,16.049999237060547,16.059999465942383,16.049999237060547,16.059999465942383,15124,0.0,0.0,0.0
2025-03-10 02:45:00+00:00,16.049999237060547,16.049999237060547,16.049999237060547,16.049999237060547,9298,0.0,0.0,0.0
2025-03-10 02:50:00+00:00,16.049999237060547,16.049999237060547,16.049999237060547,16.049999237060547,24339,0.0,0.0,0.0
2025-03-10 03:00:00+00:00,16.059999465942383,16.059999465942383,16.040000915527344,16.040000915527344,9100,0.0,0.0,0.0
2025-03-10 03:05:00+00:00,16.040000915527344,16.040000915527344,16.040000915527344,16.040000915527344,4100,0.0,0.0,0.0
2025-03-10 03:10:00+00:00,16.040000915527344,16.040000915527344,16.030000686645508,16.030000686645508,15459,0.0,0.0,0.0
2025-03-10 03:15:00+00:00,16.049999237060547,16.049999237060547,16.049999237060547,16.049999237060547,3159,0.0,0.0,0.0
2025-03-10 03:25:00+00:00,16.049999237060547,16.049999237060547,16.049999237060547,16.049999237060547,7336,0.0,0.0,0.0
2025-03-10 03:30:00+00:00,16.049999237060547,16.059999465942383,16.040000915527344,16.059999465942383,31181,0.0,0.0,0.0
2025-03-10 03:35:00+00:00,16.049999237060547,16.049999237060547,16.049999237060547,16.049999237060547,2000,0.0,0.0,0.0
2025-03-10 03:40:00+00:00,16.049999237060547,16.059999465942383,16.040000915527344,16.059999465942383,17000,0.0,0.0,0.0
2025-03-10 03:45:00+00:00,16.049999237060547,16.049999237060547,16.049999237060547,16.049999237060547,7662,0.0,0.0,0.0
2025-03-10 03:50:00+00:00,16.049999237060547,16.049999237060547,16.040000915527344,16.040000915527344,26000,0.0,0.0,0.0
2025-03-10 03:55:00+00:00,16.030000686645508,16.040000915527344,16.030000686645508,16.040000915527344,44136,0.0,0.0,0.0
2025-03-10 04:05:00+00:00,16.030000686645508,16.030000686645508,16.030000686645508,16.030000686645508,27000,0.0,0.0,0.0
2025-03-10 04:10:00+00:00,16.030000686645508,16.030000686645508,16.030000686645508,16.030000686645508,12150,0.0,0.0,0.0
2025-03-10 04:15:00+00:00,16.040000915527344,16.040000915527344,16.040000915527344,16.040000915527344,31398,0.0,0.0,0.0
2025-03-10 04:25:00+00:00,16.049999237060547,16.049999237060547,16.049999237060547,16.049999237060547,12156,0.0,0.0,0.0
2025-03-10 04:30:00+00:00,16.040000915527344,16.049999237060547,16.040000915527344,16.049999237060547,13624,0.0,0.0,0.0
2025-03-10 04:35:00+00:00,16.049999237060547,16.049999237060547,16.040000915527344,16.040000915527344,16100,0.0,0.0,0.0
2025-03-10 04:40:00+00:00,16.040000915527344,16.049999237060547,16.040000915527344,16.049999237060547,39276,0.0,0.0,0.0
2025-03-10 04:45:00+00:00,16.040000915527344,16.049999237060547,16.040000915527344,16.040000915527344,49346,0.0,0.0,0.0
2025-03-10 04:50:00+00:00,16.049999237060547,16.049999237060547,16.040000915527344,16.040000915527344,6180,0.0,0.0,0.0
2025-03-10 04:55:00+00:00,16.040000915527344,16.049999237060547,16.040000915527344,16.040000915527344,14300,0.0,0.0,0.0
2025-03-10 05:00:00+00:00,16.040000915527344,16.049999237060547,16.040000915527344,16.049999237060547,121100,0.0,0.0,0.0
2025-03-10 05:05:00+00:00,16.040000915527344,16.040000915527344,16.040000915527344,16.040000915527344,4509,0.0,0.0,0.0
2025-03-10 05:10:00+00:00,16.049999237060547,16.049999237060547,16.040000915527344,16.040000915527344,7080,0.0,0.0,0.0
2025-03-10 05:15:00+00:00,16.040000915527344,16.040000915527344,16.040000915527344,16.040000915527344,7039,0.0,0.0,0.0
2025-03-10 05:20:00+00:00,16.040000915527344,16.049999237060547,16.030000686645508,16.040000915527344,22045,0.0,0.0,0.0
2025-03-11 01:00:00+00:00,15.850000381469727,15.850000381469727,15.800000190734863,15.8100004196167,0,0.0,0.0,0.0
2025-03-11 01:05:00+00:00,15.8100004196167,15.8100004196167,15.75,15.770000457763672,248071,0.0,0.0,0.0
2025-03-11 01:10:00+00:00,15.760000228881836,15.760000228881836,15.739999771118164,15.75,160411,0.0,0.0,0.0
2025-03-11 01:15:00+00:00,15.739999771118164,15.75,15.720000267028809,15.729999542236328,157446,0.0,0.0,0.0
2025-03-11 01:20:00+00:00,15.729999542236328,15.75,15.720000267028809,15.75,341167,0.0,0.0,0.0
2025-03-11 01:25:00+00:00,15.75,15.75,15.729999542236328,15.739999771118164,111611,0.0,0.0,0.0
2025-03-11 01:30:00+00:00,15.739999771118164,15.75,15.729999542236328,15.729999542236328,104758,0.0,0.0,0.0
2025-03-11 01:35:00+00:00,15.729999542236328,15.75,15.720000267028809,15.75,410730,0.0,0.0,0.0
2025-03-11 01:40:00+00:00,15.75,15.75,15.75,15.75,194420,0.0,0.0,0.0
2025-03-11 01:45:00+00:00,15.760000228881836,15.760000228881836,15.760000228881836,15.760000228881836,16151,0.0,0.0,0.0
2025-03-11 01:50:00+00:00,15.770000457763672,15.770000457763672,15.770000457763672,15.770000457763672,22566,0.0,0.0,0.0
2025-03-11 01:55:00+00:00,15.770000457763672,15.779999732971191,15.760000228881836,15.779999732971191,71870,0.0,0.0,0.0
2025-03-11 02:00:00+00:00,15.800000190734863,15.800000190734863,15.800000190734863,15.800000190734863,32890,0.0,0.0,0.0
2025-03-11 02:05:00+00:00,15.800000190734863,15.819999694824219,15.789999961853027,15.819999694824219,83947,0.0,0.0,0.0
2025-03-11 02:10:00+00:00,15.819999694824219,15.819999694824219,15.8100004196167,15.8100004196167,156946,0.0,0.0,0.0
2025-03-11 02:15:00+00:00,15.8100004196167,15.8100004196167,15.8100004196167,15.8100004196167,10687,0.0,0.0,0.0
2025-03-11 02:20:00+00:00,15.800000190734863,15.8100004196167,15.800000190734863,15.8100004196167,35300,0.0,0.0,0.0
2025-03-11 02:25:00+00:00,15.819999694824219,15.829999923706055,15.819999694824219,15.829999923706055,12538,0.0,0.0,0.0
2025-03-11 02:30:00+00:00,15.829999923706055,15.829999923706055,15.819999694824219,15.819999694824219,118050,0.0,0.0,0.0
2025-03-11 02:35:00+00:00,15.819999694824219,15.819999694824219,15.819999694824219,15.819999694824219,12165,0.0,0.0,0.0
2025-03-11 02:45:00+00:00,15.8100004196167,15.8100004196167,15.8100004196167,15.8100004196167,23807,0.0,0.0,0.0
2025-03-11 02:50:00+00:00,15.8100004196167,15.8100004196167,15.800000190734863,15.8100004196167,69244,0.0,0.0,0.0
2025-03-11 02:55:00+00:00,15.8100004196167,15.84000015258789,15.8100004196167,15.84000015258789,3726,0.0,0.0,0.0
2025-03-11 03:00:00+00:00,15.84000015258789,15.850000381469727,15.84000015258789,15.850000381469727,9148,0.0,0.0,0.0
2025-03-11 03:05:00+00:00,15.850000381469727,15.850000381469727,15.850000381469727,15.850000381469727,12165,0.0,0.0,0.0
2025-03-11 03:10:00+00:00,15.850000381469727,15.859999656677246,15.850000381469727,15.859999656677246,2785,0.0,0.0,0.0
2025-03-11 03:15:00+00:00,15.859999656677246,15.859999656677246,15.859999656677246,15.859999656677246,2000,0.0,0.0,0.0
2025-03-11 03:20:00+00:00,15.859999656677246,15.869999885559082,15.859999656677246,15.859999656677246,21682,0.0,0.0,0.0
2025-03-11 03:25:00+00:00,15.850000381469727,15.850000381469727,15.850000381469727,15.850000381469727,2377,0.0,0.0,0.0
2025-03-11 03:30:00+00:00,15.859999656677246,15.859999656677246,15.850000381469727,15.850000381469727,76110,0.0,0.0,0.0
2025-03-11 03:35:00+00:00,15.84000015258789,15.84000015258789,15.829999923706055,15.829999923706055,31358,0.0,0.0,0.0
2025-03-11 03:40:00+00:00,15.829999923706055,15.829999923706055,15.819999694824219,15.829999923706055,11010,0.0,0.0,0.0
2025-03-11 03:45:00+00:00,15.829999923706055,15.829999923706055,15.829999923706055,15.829999923706055,2279,0.0,0.0,0.0
2025-03-11 03:50:00+00:00,15.829999923706055,15.829999923706055,15.819999694824219,15.819999694824219,20700,0.0,0.0,0.0
2025-03-11 04:00:00+00:00,15.829999923706055,15.84000015258789,15.819999694824219,15.829999923706055,8302,0.0,0.0,0.0
2025-03-11 04:05:00+00:00,15.829999923706055,15.829999923706055,15.829999923706055,15.829999923706055,6000,0.0,0.0,0.0
2025-03-11 04:10:00+00:00,15.859999656677246,15.859999656677246,15.859999656677246,15.859999656677246,4065,0.0,0.0,0.0
2025-03-11 04:15:00+00:00,15.859999656677246,15.869999885559082,15.859999656677246,15.869999885559082,124500,0.0,0.0,0.0
2025-03-11 04:20:00+00:00,15.880000114440918,15.880000114440918,15.880000114440918,15.880000114440918,7181,0.0,0.0,0.0
2025-03-11 04:25:00+00:00,15.899999618530273,15.90999984741211,15.899999618530273,15.90999984741211,4850,0.0,0.0,0.0
2025-03-11 04:30:00+00:00,15.90999984741211,15.920000076293945,15.899999618530273,15.920000076293945,32697,0.0,0.0,0.0
2025-03-11 04:35:00+00:00,15.920000076293945,15.920000076293945,15.90999984741211,15.90999984741211,5131,0.0,0.0,0.0
2025-03-11 04:40:00+00:00,15.899999618530273,15.90999984741211,15.899999618530273,15.899999618530273,10000,0.0,0.0,0.0
2025-03-11 04:45:00+00:00,15.899999618530273,15.899999618530273,15.899999618530273,15.899999618530273,13678,0.0,0.0,0.0
2025-03-11 04:50:00+00:00,15.90999984741211,15.90999984741211,15.899999618530273,15.899999618530273,15140,0.0,0.0,0.0
2025-03-11 04:55:00+00:00,15.899999618530273,15.899999618530273,15.899999618530273,15.899999618530273,16190,0.0,0.0,0.0
2025-03-11 05:00:00+00:00,15.899999618530273,15.90999984741211,15.899999618530273,15.899999618530273,16000,0.0,0.0,0.0
2025-03-11 05:05:00+00:00,15.90999984741211,15.90999984741211,15.899999618530273,15.899999618530273,21260,0.0,0.0,0.0
2025-03-11 05:10:00+00:00,15.899999618530273,15.899999618530273,15.890000343322754,15.890000343322754,16844,0.0,0.0,0.0
2025-03-11 05:15:00+00:00,15.890000343322754,15.890000343322754,15.890000343322754,15.890000343322754,7159,0.0,0.0,0.0
2025-03-11 05:20:00+00:00,15.899999618530273,15.899999618530273,15.890000343322754,15.890000343322754,2309,0.0,0.0,0.0
2025-03-12 01:00:00+00:00,15.890000343322754,15.890000343322754,15.890000343322754,15.890000343322754,0,0.0,0.0,0.0
2025-03-12 01:05:00+00:00,15.890000343322754,15.890000343322754,15.890000343322754,15.890000343322754,7687,0.0,0.0,0.0
2025-03-12 01:10:00+00:00,15.880000114440918,15.880000114440918,15.850000381469727,15.850000381469727,90451,0.0,0.0,0.0
2025-03-12 01:15:00+00:00,15.850000381469727,15.859999656677246,15.829999923706055,15.829999923706055,73048,0.0,0.0,0.0
2025-03-12 01:20:00+00:00,15.829999923706055,15.84000015258789,15.819999694824219,15.84000015258789,16600,0.0,0.0,0.0
2025-03-12 01:25:00+00:00,15.829999923706055,15.829999923706055,15.819999694824219,15.819999694824219,53455,0.0,0.0,0.0
2025-03-12 01:30:00+00:00,15.819999694824219,15.819999694824219,15.8100004196167,15.8100004196167,36378,0.0,0.0,0.0
2025-03-12 01:40:00+00:00,15.819999694824219,15.819999694824219,15.819999694824219,15.819999694824219,1425,0.0,0.0,0.0
2025-03-12 01:45:00+00:00,15.819999694824219,15.829999923706055,15.819999694824219,15.829999923706055,407074,0.0,0.0,0.0
2025-03-12 01:50:00+00:00,15.829999923706055,15.84000015258789,15.829999923706055,15.84000015258789,113533,0.0,0.0,0.0
2025-03-12 01:55:00+00:00,15.84000015258789,15.84000015258789,15.829999923706055,15.829999923706055,8240,0.0,0.0,0.0
2025-03-12 02:00:00+00:00,15.829999923706055,15.84000015258789,15.829999923706055,15.84000015258789,4285,0.0,0.0,0.0
2025-03-12 02:05:00+00:00,15.84000015258789,15.84000015258789,15.84000015258789,15.84000015258789,122566,0.0,0.0,0.0
2025-03-12 02:10:00+00:00,15.84000015258789,15.84000015258789,15.84000015258789,15.84000015258789,112000,0.0,0.0,0.0
2025-03-12 02:15:00+00:00,15.84000015258789,15.850000381469727,15.84000015258789,15.850000381469727,102200,0.0,0.0,0.0
2025-03-12 02:20:00+00:00,15.859999656677246,15.859999656677246,15.859999656677246,15.859999656677246,107000,0.0,0.0,0.0
2025-03-12 02:25:00+00:00,15.869999885559082,15.869999885559082,15.869999885559082,15.869999885559082,4300,0.0,0.0,0.0
2025-03-12 02:30:00+00:00,15.880000114440918,15.880000114440918,15.869999885559082,15.869999885559082,4000,0.0,0.0,0.0
2025-03-12 02:35:00+00:00,15.869999885559082,15.880000114440918,15.869999885559082,15.869999885559082,36040,0.0,0.0,0.0
2025-03-12 02:40:00+00:00,15.869999885559082,15.869999885559082,15.869999885559082,15.869999885559082,4708,0.0,0.0,0.0
2025-03-12 02:45:00+00:00,15.869999885559082,15.880000114440918,15.869999885559082,15.880000114440918,9600,0.0,0.0,0.0
2025-03-12 02:50:00+00:00,15.880000114440918,15.880000114440918,15.880000114440918,15.880000114440918,1500,0.0,0.0,0.0
2025-03-12 02:55:00+00:00,15.869999885559082,15.869999885559082,15.859999656677246,15.859999656677246,7502,0.0,0.0,0.0
2025-03-12 03:05:00+00:00,15.869999885559082,15.869999885559082,15.869999885559082,15.869999885559082,2210,0.0,0.0,0.0
2025-03-12 03:10:00+00:00,15.869999885559082,15.869999885559082,15.869999885559082,15.869999885559082,2260,0.0,0.0,0.0
2025-03-12 03:15:00+00:00,15.869999885559082,15.869999885559082,15.869999885559082,15.869999885559082,11811,0.0,0.0,0.0
2025-03-12 03:20:00+00:00,15.880000114440918,15.880000114440918,15.869999885559082,15.869999885559082,13000,0.0,0.0,0.0
2025-03-12 03:25:00+00:00,15.880000114440918,15.880000114440918,15.869999885559082,15.869999885559082,6010,0.0,0.0,0.0
2025-03-12 03:30:00+00:00,15.869999885559082,15.869999885559082,15.869999885559082,15.869999885559082,4000,0.0,0.0,0.0
2025-03-12 03:35:00+00:00,15.869999885559082,15.869999885559082,15.869999885559082,15.869999885559082,3286,0.0,0.0,0.0
2025-03-12 03:40:00+00:00,15.869999885559082,15.869999885559082,15.859999656677246,15.859999656677246,16050,0.0,0.0,0.0
2025-03-12 03:45:00+00:00,15.859999656677246,15.869999885559082,15.859999656677246,15.869999885559082,120554,0.0,0.0,0.0
2025-03-12 03:50:00+00:00,15.869999885559082,15.869999885559082,15.869999885559082,15.869999885559082,5296,0.0,0.0,0.0
2025-03-12 03:55:00+00:00,15.869999885559082,15.869999885559082,15.869999885559082,15.869999885559082,1000,0.0,0.0,0.0
2025-03-12 04:00:00+00:00,15.859999656677246,15.859999656677246,15.859999656677246,15.859999656677246,5241,0.0,0.0,0.0
2025-03-12 04:05:00+00:00,15.859999656677246,15.859999656677246,15.850000381469727,15.850000381469727,13115,0.0,0.0,0.0
2025-03-12 04:10:00+00:00,15.859999656677246,15.869999885559082,15.859999656677246,15.859999656677246,45051,0.0,0.0,0.0
2025-03-12 04:15:00+00:00,15.869999885559082,15.869999885559082,15.859999656677246,15.859999656677246,11000,0.0,0.0,0.0
2025-03-12 04:20:00+00:00,15.859999656677246,15.859999656677246,15.859999656677246,15.859999656677246,5242,0.0,0.0,0.0
2025-03-12 04:30:00+00:00,15.859999656677246,15.859999656677246,15.859999656677246,15.859999656677246,1282,0.0,0.0,0.0
2025-03-12 04:35:00+00:00,15.859999656677246,15.859999656677246,15.859999656677246,15.859999656677246,3000,0.0,0.0,0.0
2025-03-12 04:40:00+00:00,15.869999885559082,15.869999885559082,15.859999656677246,15.859999656677246,14500,0.0,0.0,0.0
2025-03-12 04:45:00+00:00,15.859999656677246,15.859999656677246,15.859999656677246,15.859999656677246,1000,0.0,0.0,0.0
2025-03-12 04:50:00+00:00,15.869999885559082,15.869999885559082,15.869999885559082,15.869999885559082,9002,0.0,0.0,0.0
2025-03-12 04:55:00+00:00,15.869999885559082,15.869999885559082,15.859999656677246,15.869999885559082,15000,0.0,0.0,0.0
2025-03-12 05:00:00+00:00,15.859999656677246,15.859999656677246,15.859999656677246,15.859999656677246,4050,0.0,0.0,0.0
2025-03-12 05:05:00+00:00,15.869999885559082,15.869999885559082,15.869999885559082,15.869999885559082,2100,0.0,0.0,0.0
2025-03-12 05:10:00+00:00,15.869999885559082,15.869999885559082,15.869999885559082,15.869999885559082,1000,0.0,0.0,0.0
2025-03-12 05:15:00+00:00,15.859999656677246,15.859999656677246,15.859999656677246,15.859999656677246,10593,0.0,0.0,0.0
2025-03-12 05:20:00+00:00,15.859999656677246,15.859999656677246,15.850000381469727,15.850000381469727,74404,0.0,0.0,0.0
2025-03-13 01:00:00+00:00,15.920000076293945,15.920000076293945,15.890000343322754,15.90999984741211,0,0.0,0.0,0.0
2025-03-13 01:05:00+00:00,15.90999984741211,15.930000305175781,15.90999984741211,15.920000076293945,157358,0.0,0.0,0.0
2025-03-13 01:10:00+00:00,15.920000076293945,15.920000076293945,15.899999618530273,15.899999618530273,29138,0.0,0.0,0.0
2025-03-13 01:15:00+00:00,15.899999618530273,15.899999618530273,15.890000343322754,15.890000343322754,26462,0.0,0.0,0.0
2025-03-13 01:20:00+00:00,15.899999618530273,15.899999618530273,15.890000343322754,15.890000343322754,102410,0.0,0.0,0.0
2025-03-13 01:25:00+00:00,15.890000343322754,15.890000343322754,15.890000343322754,15.890000343322754,6965,0.0,0.0,0.0
2025-03-13 01:30:00+00:00,15.880000114440918,15.880000114440918,15.880000114440918,15.880000114440918,11300,0.0,0.0,0.0
2025-03-13 01:40:00+00:00,15.869999885559082,15.869999885559082,15.859999656677246,15.859999656677246,8000,0.0,0.0,0.0
2025-03-13 01:45:00+00:00,15.869999885559082,15.869999885559082,15.859999656677246,15.859999656677246,19319,0.0,0.0,0.0
2025-03-13 01:50:00+00:00,15.859999656677246,15.869999885559082,15.859999656677246,15.869999885559082,14000,0.0,0.0,0.0
2025-03-13 01:55:00+00:00,15.869999885559082,15.880000114440918,15.869999885559082,15.880000114440918,14182,0.0,0.0,0.0
2025-03-13 02:00:00+00:00,15.880000114440918,15.880000114440918,15.859999656677246,15.859999656677246,9350,0.0,0.0,0.0
2025-03-13 02:05:00+00:00,15.859999656677246,15.859999656677246,15.850000381469727,15.850000381469727,2314,0.0,0.0,0.0
2025-03-13 02:10:00+00:00,15.850000381469727,15.859999656677246,15.850000381469727,15.859999656677246,6962,0.0,0.0,0.0
2025-03-13 02:15:00+00:00,15.869999885559082,15.869999885559082,15.869999885559082,15.869999885559082,4308,0.0,0.0,0.0
2025-03-13 02:20:00+00:00,15.869999885559082,15.869999885559082,15.869999885559082,15.869999885559082,3000,0.0,0.0,0.0
2025-03-13 02:25:00+00:00,15.869999885559082,15.869999885559082,15.859999656677246,15.859999656677246,12150,0.0,0.0,0.0
2025-03-13 02:30:00+00:00,15.869999885559082,15.869999885559082,15.859999656677246,15.869999885559082,9200,0.0,0.0,0.0
2025-03-13 02:35:00+00:00,15.859999656677246,15.869999885559082,15.859999656677246,15.869999885559082,6188,0.0,0.0,0.0
2025-03-13 02:40:00+00:00,15.859999656677246,15.869999885559082,15.850000381469727,15.869999885559082,8000,0.0,0.0,0.0
2025-03-13 02:45:00+00:00,15.869999885559082,15.869999885559082,15.859999656677246,15.859999656677246,8500,0.0,0.0,0.0
2025-03-13 02:50:00+00:00,15.850000381469727,15.850000381469727,15.850000381469727,15.850000381469727,94204,0.0,0.0,0.0
2025-03-13 02:55:00+00:00,15.84000015258789,15.84000015258789,15.84000015258789,15.84000015258789,30846,0.0,0.0,0.0
2025-03-13 03:00:00+00:00,15.84000015258789,15.84000015258789,15.84000015258789,15.84000015258789,13020,0.0,0.0,0.0
2025-03-13 03:05:00+00:00,15.84000015258789,15.84000015258789,15.829999923706055,15.829999923706055,22680,0.0,0.0,0.0
2025-03-13 03:10:00+00:00,15.819999694824219,15.819999694824219,15.819999694824219,15.819999694824219,2077,0.0,0.0,0.0
2025-03-13 03:15:00+00:00,15.819999694824219,15.819999694824219,15.819999694824219,15.819999694824219,7389,0.0,0.0,0.0
2025-03-13 03:20:00+00:00,15.819999694824219,15.819999694824219,15.819999694824219,15.819999694824219,4000,0.0,0.0,0.0
2025-03-13 03:25:00+00:00,15.819999694824219,15.819999694824219,15.8100004196167,15.8100004196167,24429,0.0,0.0,0.0
2025-03-13 03:30:00+00:00,15.8100004196167,15.8100004196167,15.800000190734863,15.800000190734863,7080,0.0,0.0,0.0
2025-03-13 03:35:00+00:00,15.800000190734863,15.800000190734863,15.800000190734863,15.800000190734863,82209,0.0,0.0,0.0
2025-03-13 03:40:00+00:00,15.800000190734863,15.800000190734863,15.800000190734863,15.800000190734863,8000,0.0,0.0,0.0
2025-03-13 03:45:00+00:00,15.800000190734863,15.800000190734863,15.789999961853027,15.789999961853027,5232,0.0,0.0,0.0
2025-03-13 03:50:00+00:00,15.789999961853027,15.789999961853027,15.789999961853027,15.789999961853027,2500,0.0,0.0,0.0
2025-03-13 03:55:00+00:00,15.789999961853027,15.789999961853027,15.789999961853027,15.789999961853027,46241,0.0,0.0,0.0
2025-03-13 04:00:00+00:00,15.789999961853027,15.789999961853027,15.789999961853027,15.789999961853027,2430,0.0,0.0,0.0
2025-03-13 04:05:00+00:00,15.789999961853027,15.789999961853027,15.789999961853027,15.789999961853027,2350,0.0,0.0,0.0
2025-03-13 04:10:00+00:00,15.800000190734863,15.8100004196167,15.800000190734863,15.8100004196167,46000,0.0,0.0,0.0
2025-03-13 04:15:00+00:00,15.800000190734863,15.8100004196167,15.800000190734863,15.800000190734863,21210,0.0,0.0,0.0
2025-03-13 04:20:00+00:00,15.800000190734863,15.800000190734863,15.800000190734863,15.800000190734863,3800,0.0,0.0,0.0
2025-03-13 04:25:00+00:00,15.800000190734863,15.800000190734863,15.789999961853027,15.789999961853027,11343,0.0,0.0,0.0
2025-03-13 04:30:00+00:00,15.8100004196167,15.8100004196167,15.8100004196167,15.8100004196167,2668,0.0,0.0,0.0
2025-03-13 04:35:00+00:00,15.800000190734863,15.800000190734863,15.779999732971191,15.779999732971191,40589,0.0,0.0,0.0
2025-03-13 04:40:00+00:00,15.779999732971191,15.779999732971191,15.779999732971191,15.779999732971191,84855,0.0,0.0,0.0
2025-03-13 04:45:00+00:00,15.779999732971191,15.779999732971191,15.779999732971191,15.779999732971191,5500,0.0,0.0,0.0
2025-03-13 04:50:00+00:00,15.779999732971191,15.779999732971191,15.779999732971191,15.779999732971191,13681,0.0,0.0,0.0
2025-03-13 04:55:00+00:00,15.770000457763672,15.770000457763672,15.770000457763672,15.770000457763672,28263,0.0,0.0,0.0
2025-03-13 05:00:00+00:00,15.770000457763672,15.779999732971191,15.770000457763672,15.770000457763672,15550,0.0,0.0,0.0
2025-03-13 05:05:00+00:00,15.779999732971191,15.779999732971191,15.760000228881836,15.760000228881836,84863,0.0,0.0,0.0
2025-03-13 05:10:00+00:00,15.760000228881836,15.760000228881836,15.75,15.75,15888,0.0,0.0,0.0
2025-03-13 05:15:00+00:00,15.760000228881836,15.760000228881836,15.75,15.760000228881836,82908,0.0,0.0,0.0
2025-03-13 05:20:00+00:00,15.75,15.760000228881836,15.75,15.760000228881836,24788,0.0,0.0,0.0
2025-03-14 01:00:00+00:00,15.779999732971191,15.789999961853027,15.770000457763672,15.789999961853027,0,0.0,0.0,0.0
2025-03-14 01:05:00+00:00,15.800000190734863,15.829999923706055,15.800000190734863,15.829999923706055,207140,0.0,0.0,0.0
2025-03-14 01:15:00+00:00,15.819999694824219,15.819999694824219,15.779999732971191,15.779999732971191,25283,0.0,0.0,0.0
2025-03-14 01:20:00+00:00,15.779999732971191,15.779999732971191,15.770000457763672,15.779999732971191,20000,0.0,0.0,0.0
2025-03-14 01:25:00+00:00,15.779999732971191,15.779999732971191,15.75,15.760000228881836,43066,0.0,0.0,0.0
2025-03-14 01:30:00+00:00,15.760000228881836,15.760000228881836,15.75,15.75,23582,0.0,0.0,0.0
2025-03-14 01:35:00+00:00,15.739999771118164,15.75,15.739999771118164,15.75,44768,0.0,0.0,0.0
2025-03-14 01:40:00+00:00,15.75,15.760000228881836,15.75,15.760000228881836,4000,0.0,0.0,0.0
2025-03-14 01:45:00+00:00,15.770000457763672,15.770000457763672,15.75,15.75,6000,0.0,0.0,0.0
2025-03-14 01:50:00+00:00,15.75,15.75,15.75,15.75,7397,0.0,0.0,0.0
2025-03-14 01:55:00+00:00,15.75,15.75,15.75,15.75,2185,0.0,0.0,0.0
2025-03-14 02:00:00+00:00,15.75,15.75,15.75,15.75,11164,0.0,0.0,0.0
2025-03-14 02:05:00+00:00,15.760000228881836,15.760000228881836,15.760000228881836,15.760000228881836,36860,0.0,0.0,0.0
2025-03-14 02:10:00+00:00,15.760000228881836,15.760000228881836,15.760000228881836,15.760000228881836,10000,0.0,0.0,0.0
2025-03-14 02:15:00+00:00,15.770000457763672,15.779999732971191,15.770000457763672,15.779999732971191,73201,0.0,0.0,0.0
2025-03-14 02:20:00+00:00,15.770000457763672,15.770000457763672,15.770000457763672,15.770000457763672,22189,0.0,0.0,0.0
2025-03-14 02:25:00+00:00,15.770000457763672,15.779999732971191,15.770000457763672,15.779999732971191,108416,0.0,0.0,0.0
2025-03-14 02:30:00+00:00,15.789999961853027,15.789999961853027,15.789999961853027,15.789999961853027,2100,0.0,0.0,0.0
2025-03-14 02:35:00+00:00,15.789999961853027,15.789999961853027,15.779999732971191,15.789999961853027,9000,0.0,0.0,0.0
2025-03-14 02:40:00+00:00,15.789999961853027,15.789999961853027,15.779999732971191,15.779999732971191,9021,0.0,0.0,0.0
2025-03-14 02:45:00+00:00,15.779999732971191,15.800000190734863,15.779999732971191,15.800000190734863,53200,0.0,0.0,0.0
2025-03-14 02:50:00+00:00,15.800000190734863,15.8100004196167,15.800000190734863,15.8100004196167,34003,0.0,0.0,0.0
2025-03-14 02:55:00+00:00,15.819999694824219,15.819999694824219,15.819999694824219,15.819999694824219,1050,0.0,0.0,0.0
2025-03-14 03:00:00+00:00,15.819999694824219,15.819999694824219,15.8100004196167,15.8100004196167,101125,0.0,0.0,0.0
2025-03-14 03:05:00+00:00,15.8100004196167,15.8100004196167,15.8100004196167,15.8100004196167,107035,0.0,0.0,0.0
2025-03-14 03:10:00+00:00,15.8100004196167,15.8100004196167,15.800000190734863,15.800000190734863,365350,0.0,0.0,0.0
2025-03-14 03:15:00+00:00,15.800000190734863,15.800000190734863,15.800000190734863,15.800000190734863,100000,0.0,0.0,0.0
2025-03-14 03:20:00+00:00,15.800000190734863,15.800000190734863,15.800000190734863,15.800000190734863,2000,0.0,0.0,0.0
2025-03-14 03:25:00+00:00,15.800000190734863,15.800000190734863,15.800000190734863,15.800000190734863,2200,0.0,0.0,0.0
2025-03-14 03:30:00+00:00,15.800000190734863,15.800000190734863,15.789999961853027,15.789999961853027,25540,0.0,0.0,0.0
2025-03-14 03:35:00+00:00,15.789999961853027,15.800000190734863,15.789999961853027,15.800000190734863,63300,0.0,0.0,0.0
2025-03-14 03:40:00+00:00,15.800000190734863,15.800000190734863,15.800000190734863,15.800000190734863,3500,0.0,0.0,0.0
2025-03-14 03:45:00+00:00,15.789999961853027,15.789999961853027,15.789999961853027,15.789999961853027,1000,0.0,0.0,0.0
2025-03-14 03:50:00+00:00,15.800000190734863,15.800000190734863,15.800000190734863,15.800000190734863,3000,0.0,0.0,0.0
2025-03-14 04:00:00+00:00,15.789999961853027,15.789999961853027,15.789999961853027,15.789999961853027,10940,0.0,0.0,0.0
2025-03-14 04:10:00+00:00,15.800000190734863,15.800000190734863,15.800000190734863,15.800000190734863,3000,0.0,0.0,0.0
2025-03-14 04:15:00+00:00,15.800000190734863,15.800000190734863,15.800000190734863,15.800000190734863,2000,0.0,0.0,0.0
2025-03-14 04:20:00+00:00,15.800000190734863,15.800000190734863,15.800000190734863,15.800000190734863,61458,0.0,0.0,0.0
2025-03-14 04:25:00+00:00,15.800000190734863,15.800000190734863,15.800000190734863,15.800000190734863,2000,0.0,0.0,0.0
2025-03-14 04:30:00+00:00,15.800000190734863,15.800000190734863,15.800000190734863,15.800000190734863,2000,0.0,0.0,0.0
2025-03-14 04:35:00+00:00,15.789999961853027,15.800000190734863,15.789999961853027,15.800000190734863,2344,0.0,0.0,0.0
2025-03-14 04:40:00+00:00,15.779999732971191,15.779999732971191,15.779999732971191,15.779999732971191,10150,0.0,0.0,0.0
2025-03-14 04:45:00+00:00,15.779999732971191,15.779999732971191,15.779999732971191,15.779999732971191,43755,0.0,0.0,0.0
2025-03-14 04:55:00+00:00,15.779999732971191,15.779999732971191,15.779999732971191,15.779999732971191,1094,0.0,0.0,0.0
2025-03-14 05:00:00+00:00,15.800000190734863,15.800000190734863,15.789999961853027,15.789999961853027,3300,0.0,0.0,0.0
2025-03-14 05:05:00+00:00,15.789999961853027,15.800000190734863,15.789999961853027,15.800000190734863,15050,0.0,0.0,0.0
2025-03-14 05:10:00+00:00,15.789999961853027,15.789999961853027,15.789999961853027,15.789999961853027,3000,0.0,0.0,0.0
2025-03-14 05:15:00+00:00,15.789999961853027,15.789999961853027,15.789999961853027,15.789999961853027,1312,0.0,0.0,0.0
2025-03-14 05:20:00+00:00,15.789999961853027,15.789999961853027,15.789999961853027,15.789999961853027,4955,0.0,0.0,0.0
2025-03-17 01:00:00+00:00,15.800000190734863,15.8100004196167,15.779999732971191,15.779999732971191,0,0.0,0.0,0.0
2025-03-17 01:05:00+00:00,15.779999732971191,15.8100004196167,15.779999732971191,15.800000190734863,37881,0.0,0.0,0.0
2025-03-17 01:10:00+00:00,15.800000190734863,15.800000190734863,15.779999732971191,15.800000190734863,5230,0.0,0.0,0.0
2025-03-17 01:15:00+00:00,15.789999961853027,15.800000190734863,15.779999732971191,15.800000190734863,160121,0.0,0.0,0.0
2025-03-17 01:20:00+00:00,15.8100004196167,15.8100004196167,15.800000190734863,15.8100004196167,30842,0.0,0.0,0.0
2025-03-17 01:25:00+00:00,15.800000190734863,15.800000190734863,15.800000190734863,15.800000190734863,16173,0.0,0.0,0.0
2025-03-17 01:30:00+00:00,15.8100004196167,15.819999694824219,15.8100004196167,15.819999694824219,33563,0.0,0.0,0.0
2025-03-17 01:35:00+00:00,15.8100004196167,15.8100004196167,15.800000190734863,15.800000190734863,39222,0.0,0.0,0.0
2025-03-17 01:40:00+00:00,15.800000190734863,15.850000381469727,15.800000190734863,15.850000381469727,132046,0.0,0.0,0.0
2025-03-17 01:45:00+00:00,15.859999656677246,15.859999656677246,15.859999656677246,15.859999656677246,3038,0.0,0.0,0.0
2025-03-17 01:50:00+00:00,15.850000381469727,15.850000381469727,15.84000015258789,15.850000381469727,8300,0.0,0.0,0.0
2025-03-17 01:55:00+00:00,15.859999656677246,15.859999656677246,15.850000381469727,15.850000381469727,9003,0.0,0.0,0.0
2025-03-17 02:00:00+00:00,15.859999656677246,15.859999656677246,15.829999923706055,15.829999923706055,232534,0.0,0.0,0.0
2025-03-17 02:10:00+00:00,15.819999694824219,15.819999694824219,15.8100004196167,15.8100004196167,31350,0.0,0.0,0.0
2025-03-17 02:15:00+00:00,15.8100004196167,15.8100004196167,15.8100004196167,15.8100004196167,7377,0.0,0.0,0.0
2025-03-17 02:20:00+00:00,15.8100004196167,15.8100004196167,15.8100004196167,15.8100004196167,3090,0.0,0.0,0.0
2025-03-17 02:25:00+00:00,15.8100004196167,15.8100004196167,15.8100004196167,15.8100004196167,14138,0.0,0.0,0.0
2025-03-17 02:30:00+00:00,15.819999694824219,15.84000015258789,15.819999694824219,15.84000015258789,14057,0.0,0.0,0.0
2025-03-17 02:35:00+00:00,15.829999923706055,15.84000015258789,15.829999923706055,15.84000015258789,140117,0.0,0.0,0.0
2025-03-17 02:40:00+00:00,15.850000381469727,15.850000381469727,15.84000015258789,15.84000015258789,109398,0.0,0.0,0.0
2025-03-17 02:45:00+00:00,15.850000381469727,15.850000381469727,15.829999923706055,15.84000015258789,10017,0.0,0.0,0.0
2025-03-17 02:50:00+00:00,15.829999923706055,15.829999923706055,15.829999923706055,15.829999923706055,8223,0.0,0.0,0.0
2025-03-17 02:55:00+00:00,15.829999923706055,15.829999923706055,15.829999923706055,15.829999923706055,7000,0.0,0.0,0.0
2025-03-17 03:00:00+00:00,15.84000015258789,15.84000015258789,15.829999923706055,15.829999923706055,15318,0.0,0.0,0.0
2025-03-17 03:05:00+00:00,15.829999923706055,15.829999923706055,15.829999923706055,15.829999923706055,1201,0.0,0.0,0.0
2025-03-17 03:10:00+00:00,15.819999694824219,15.819999694824219,15.819999694824219,15.819999694824219,1000,0.0,0.0,0.0
2025-03-17 03:15:00+00:00,15.829999923706055,15.829999923706055,15.819999694824219,15.829999923706055,15117,0.0,0.0,0.0
2025-03-17 03:20:00+00:00,15.829999923706055,15.829999923706055,15.819999694824219,15.819999694824219,6122,0.0,0.0,0.0
2025-03-17 03:25:00+00:00,15.829999923706055,15.829999923706055,15.829999923706055,15.829999923706055,1000,0.0,0.0,0.0
2025-03-17 03:30:00+00:00,15.829999923706055,15.829999923706055,15.829999923706055,15.829999923706055,26017,0.0,0.0,0.0
2025-03-17 03:35:00+00:00,15.829999923706055,15.829999923706055,15.829999923706055,15.829999923706055,14102,0.0,0.0,0.0
2025-03-17 03:40:00+00:00,15.829999923706055,15.829999923706055,15.829999923706055,15.829999923706055,16118,0.0,0.0,0.0
2025-03-17 03:45:00+00:00,15.829999923706055,15.84000015258789,15.829999923706055,15.84000015258789,35000,0.0,0.0,0.0
2025-03-17 03:50:00+00:00,15.829999923706055,15.829999923706055,15.829999923706055,15.829999923706055,5117,0.0,0.0,0.0
2025-03-17 03:55:00+00:00,15.84000015258789,15.84000015258789,15.84000015258789,15.84000015258789,111205,0.0,0.0,0.0
2025-03-17 04:00:00+00:00,15.829999923706055,15.859999656677246,15.829999923706055,15.859999656677246,22117,0.0,0.0,0.0
2025-03-17 04:05:00+00:00,15.84000015258789,15.84000015258789,15.84000015258789,15.84000015258789,5100,0.0,0.0,0.0
2025-03-17 04:10:00+00:00,15.84000015258789,15.84000015258789,15.829999923706055,15.829999923706055,6117,0.0,0.0,0.0
2025-03-17 04:15:00+00:00,15.829999923706055,15.84000015258789,15.829999923706055,15.829999923706055,15130,0.0,0.0,0.0
2025-03-17 04:20:00+00:00,15.829999923706055,15.84000015258789,15.829999923706055,15.829999923706055,26018,0.0,0.0,0.0
2025-03-17 04:25:00+00:00,15.84000015258789,15.84000015258789,15.829999923706055,15.84000015258789,10100,0.0,0.0,0.0
2025-03-17 04:30:00+00:00,15.84000015258789,15.84000015258789,15.829999923706055,15.829999923706055,11267,0.0,0.0,0.0
2025-03-17 04:35:00+00:00,15.84000015258789,15.84000015258789,15.829999923706055,15.84000015258789,24407,0.0,0.0,0.0
2025-03-17 04:40:00+00:00,15.84000015258789,15.84000015258789,15.84000015258789,15.84000015258789,25431,0.0,0.0,0.0
2025-03-17 04:45:00+00:00,15.84000015258789,15.850000381469727,15.84000015258789,15.850000381469727,12595,0.0,0.0,0.0
2025-03-17 04:50:00+00:00,15.84000015258789,15.84000015258789,15.84000015258789,15.84000015258789,1040,0.0,0.0,0.0
2025-03-17 04:55:00+00:00,15.84000015258789,15.84000015258789,15.84000015258789,15.84000015258789,10080,0.0,0.0,0.0
2025-03-17 05:00:00+00:00,15.84000015258789,15.84000015258789,15.84000015258789,15.84000015258789,2100,0.0,0.0,0.0
2025-03-17 05:05:00+00:00,15.84000015258789,15.84000015258789,15.84000015258789,15.84000015258789,2989,0.0,0.0,0.0
2025-03-17 05:10:00+00:00,15.829999923706055,15.829999923706055,15.819999694824219,15.819999694824219,117600,0.0,0.0,0.0
2025-03-17 05:15:00+00:00,15.819999694824219,15.819999694824219,15.8100004196167,15.8100004196167,17184,0.0,0.0,0.0
2025-03-17 05:20:00+00:00,15.8100004196167,15.8100004196167,15.800000190734863,15.800000190734863,48626,0.0,0.0,0.0
2025-03-18 01:00:00+00:00,15.890000343322754,15.920000076293945,15.890000343322754,15.920000076293945,0,0.0,0.0,0.0
2025-03-18 01:05:00+00:00,15.930000305175781,15.930000305175781,15.920000076293945,15.930000305175781,9416,0.0,0.0,0.0
2025-03-18 01:10:00+00:00,15.930000305175781,15.9399995803833,15.930000305175781,15.930000305175781,110600,0.0,0.0,0.0
2025-03-18 01:15:00+00:00,15.9399995803833,15.9399995803833,15.920000076293945,15.920000076293945,9270,0.0,0.0,0.0
2025-03-18 01:20:00+00:00,15.930000305175781,15.930000305175781,15.920000076293945,15.920000076293945,3247,0.0,0.0,0.0
2025-03-18 01:25:00+00:00,15.90999984741211,15.920000076293945,15.90999984741211,15.90999984741211,4017,0.0,0.0,0.0
2025-03-18 01:30:00+00:00,15.899999618530273,15.899999618530273,15.899999618530273,15.899999618530273,117000,0.0,0.0,0.0
2025-03-18 01:35:00+00:00,15.899999618530273,15.899999618530273,15.880000114440918,15.880000114440918,106768,0.0,0.0,0.0
2025-03-18 01:40:00+00:00,15.880000114440918,15.880000114440918,15.880000114440918,15.880000114440918,2000,0.0,0.0,0.0
2025-03-18 01:45:00+00:00,15.880000114440918,15.880000114440918,15.880000114440918,15.880000114440918,10265,0.0,0.0,0.0
2025-03-18 01:50:00+00:00,15.880000114440918,15.880000114440918,15.869999885559082,15.869999885559082,35344,0.0,0.0,0.0
2025-03-18 01:55:00+00:00,15.869999885559082,15.880000114440918,15.859999656677246,15.880000114440918,19200,0.0,0.0,0.0
2025-03-18 02:00:00+00:00,15.869999885559082,15.869999885559082,15.869999885559082,15.869999885559082,14000,0.0,0.0,0.0
2025-03-18 02:05:00+00:00,15.869999885559082,15.880000114440918,15.869999885559082,15.880000114440918,2017,0.0,0.0,0.0
2025-03-18 02:10:00+00:00,15.880000114440918,15.880000114440918,15.880000114440918,15.880000114440918,2017,0.0,0.0,0.0
2025-03-18 02:15:00+00:00,15.880000114440918,15.880000114440918,15.880000114440918,15.880000114440918,9000,0.0,0.0,0.0
2025-03-18 02:20:00+00:00,15.880000114440918,15.880000114440918,15.869999885559082,15.869999885559082,48210,0.0,0.0,0.0
2025-03-18 02:25:00+00:00,15.869999885559082,15.869999885559082,15.869999885559082,15.869999885559082,5017,0.0,0.0,0.0
2025-03-18 02:30:00+00:00,15.869999885559082,15.869999885559082,15.859999656677246,15.859999656677246,14811,0.0,0.0,0.0
2025-03-18 02:40:00+00:00,15.850000381469727,15.850000381469727,15.850000381469727,15.850000381469727,16214,0.0,0.0,0.0
2025-03-18 02:45:00+00:00,15.850000381469727,15.850000381469727,15.850000381469727,15.850000381469727,1016,0.0,0.0,0.0
2025-03-18 02:50:00+00:00,15.84000015258789,15.84000015258789,15.84000015258789,15.84000015258789,1711,0.0,0.0,0.0
2025-03-18 02:55:00+00:00,15.850000381469727,15.850000381469727,15.850000381469727,15.850000381469727,6000,0.0,0.0,0.0
2025-03-18 03:00:00+00:00,15.850000381469727,15.859999656677246,15.850000381469727,15.859999656677246,113316,0.0,0.0,0.0
2025-03-18 03:15:00+00:00,15.859999656677246,15.859999656677246,15.859999656677246,15.859999656677246,3036,0.0,0.0,0.0
2025-03-18 03:20:00+00:00,15.859999656677246,15.859999656677246,15.859999656677246,15.859999656677246,11966,0.0,0.0,0.0
2025-03-18 03:25:00+00:00,15.859999656677246,15.859999656677246,15.859999656677246,15.859999656677246,1100,0.0,0.0,0.0
2025-03-18 03:30:00+00:00,15.859999656677246,15.869999885559082,15.859999656677246,15.869999885559082,73412,0.0,0.0,0.0
2025-03-18 03:35:00+00:00,15.869999885559082,15.880000114440918,15.869999885559082,15.880000114440918,17539,0.0,0.0,0.0
2025-03-18 03:40:00+00:00,15.880000114440918,15.880000114440918,15.869999885559082,15.880000114440918,7561,0.0,0.0,0.0
2025-03-18 03:45:00+00:00,15.880000114440918,15.880000114440918,15.880000114440918,15.880000114440918,1000,0.0,0.0,0.0
2025-03-18 03:50:00+00:00,15.880000114440918,15.880000114440918,15.880000114440918,15.880000114440918,2213,0.0,0.0,0.0
2025-03-18 03:55:00+00:00,15.890000343322754,15.890000343322754,15.890000343322754,15.890000343322754,55128,0.0,0.0,0.0
2025-03-18 04:00:00+00:00,15.899999618530273,15.899999618530273,15.899999618530273,15.899999618530273,10393,0.0,0.0,0.0
2025-03-18 04:05:00+00:00,15.899999618530273,15.899999618530273,15.899999618530273,15.899999618530273,65262,0.0,0.0,0.0
2025-03-18 04:10:00+00:00,15.899999618530273,15.899999618530273,15.890000343322754,15.890000343322754,6000,0.0,0.0,0.0
2025-03-18 04:15:00+00:00,15.890000343322754,15.890000343322754,15.890000343322754,15.890000343322754,7014,0.0,0.0,0.0
2025-03-18 04:20:00+00:00,15.890000343322754,15.90999984741211,15.890000343322754,15.90999984741211,4000,0.0,0.0,0.0
2025-03-18 04:25:00+00:00,15.90999984741211,15.90999984741211,15.90999984741211,15.90999984741211,3855,0.0,0.0,0.0
2025-03-18 04:35:00+00:00,15.899999618530273,15.899999618530273,15.890000343322754,15.890000343322754,9100,0.0,0.0,0.0
2025-03-18 04:40:00+00:00,15.899999618530273,15.899999618530273,15.899999618530273,15.899999618530273,4078,0.0,0.0,0.0
2025-03-18 04:45:00+00:00,15.890000343322754,15.890000343322754,15.880000114440918,15.880000114440918,13132,0.0,0.0,0.0
2025-03-18 04:50:00+00:00,15.890000343322754,15.890000343322754,15.890000343322754,15.890000343322754,5004,0.0,0.0,0.0
2025-03-18 04:55:00+00:00,15.890000343322754,15.890000343322754,15.890000343322754,15.890000343322754,6000,0.0,0.0,0.0
2025-03-18 05:00:00+00:00,15.880000114440918,15.880000114440918,15.880000114440918,15.880000114440918,1000,0.0,0.0,0.0
2025-03-18 05:10:00+00:00,15.899999618530273,15.899999618530273,15.890000343322754,15.890000343322754,6100,0.0,0.0,0.0
2025-03-18 05:15:00+00:00,15.899999618530273,15.899999618530273,15.880000114440918,15.880000114440918,16020,0.0,0.0,0.0
2025-03-18 05:20:00+00:00,15.890000343322754,15.899999618530273,15.890000343322754,15.890000343322754,9420,0.0,0.0,0.0
2025-03-19 01:00:00+00:00,15.930000305175781,15.930000305175781,15.920000076293945,15.920000076293945,0,0.0,0.0,0.0
2025-03-19 01:05:00+00:00,15.920000076293945,15.920000076293945,15.920000076293945,15.920000076293945,21812,0.0,0.0,0.0
2025-03-19 01:10:00+00:00,15.920000076293945,15.920000076293945,15.920000076293945,15.920000076293945,6279,0.0,0.0,0.0
2025-03-19 01:15:00+00:00,15.920000076293945,15.920000076293945,15.90999984741211,15.90999984741211,4155,0.0,0.0,0.0
2025-03-19 01:20:00+00:00,15.930000305175781,15.9399995803833,15.930000305175781,15.9399995803833,53979,0.0,0.0,0.0
2025-03-19 01:25:00+00:00,15.9399995803833,15.949999809265137,15.9399995803833,15.949999809265137,5000,0.0,0.0,0.0
2025-03-19 01:30:00+00:00,15.9399995803833,15.949999809265137,15.9399995803833,15.949999809265137,3302,0.0,0.0,0.0
2025-03-19 01:35:00+00:00,15.949999809265137,15.949999809265137,15.9399995803833,15.9399995803833,7900,0.0,0.0,0.0
2025-03-19 01:45:00+00:00,15.9399995803833,15.9399995803833,15.930000305175781,15.930000305175781,4198,0.0,0.0,0.0
2025-03-19 01:50:00+00:00,15.930000305175781,15.930000305175781,15.930000305175781,15.930000305175781,6100,0.0,0.0,0.0
2025-03-19 01:55:00+00:00,15.920000076293945,15.920000076293945,15.920000076293945,15.920000076293945,49195,0.0,0.0,0.0
2025-03-19 02:00:00+00:00,15.930000305175781,15.9399995803833,15.920000076293945,15.930000305175781,11487,0.0,0.0,0.0
2025-03-19 02:05:00+00:00,15.920000076293945,15.920000076293945,15.920000076293945,15.920000076293945,24372,0.0,0.0,0.0
2025-03-19 02:10:00+00:00,15.920000076293945,15.920000076293945,15.920000076293945,15.920000076293945,2500,0.0,0.0,0.0
2025-03-19 02:15:00+00:00,15.920000076293945,15.920000076293945,15.920000076293945,15.920000076293945,2220,0.0,0.0,0.0
2025-03-19 02:20:00+00:00,15.920000076293945,15.920000076293945,15.920000076293945,15.920000076293945,2000,0.0,0.0,0.0
2025-03-19 02:25:00+00:00,15.920000076293945,15.920000076293945,15.920000076293945,15.920000076293945,10180,0.0,0.0,0.0
2025-03-19 02:30:00+00:00,15.920000076293945,15.920000076293945,15.90999984741211,15.90999984741211,13400,0.0,0.0,0.0
2025-03-19 02:35:00+00:00,15.90999984741211,15.90999984741211,15.90999984741211,15.90999984741211,1000,0.0,0.0,0.0
2025-03-19 02:40:00+00:00,15.899999618530273,15.899999618530273,15.899999618530273,15.899999618530273,15000,0.0,0.0,0.0
2025-03-19 02:45:00+00:00,15.90999984741211,15.90999984741211,15.90999984741211,15.90999984741211,5285,0.0,0.0,0.0
2025-03-19 02:55:00+00:00,15.90999984741211,15.90999984741211,15.90999984741211,15.90999984741211,1000,0.0,0.0,0.0
2025-03-19 03:00:00+00:00,15.90999984741211,15.90999984741211,15.90999984741211,15.90999984741211,7517,0.0,0.0,0.0
2025-03-19 03:10:00+00:00,15.90999984741211,15.90999984741211,15.90999984741211,15.90999984741211,12400,0.0,0.0,0.0
2025-03-19 03:20:00+00:00,15.90999984741211,15.90999984741211,15.90999984741211,15.90999984741211,1000,0.0,0.0,0.0
2025-03-19 03:25:00+00:00,15.90999984741211,15.90999984741211,15.90999984741211,15.90999984741211,23034,0.0,0.0,0.0
2025-03-19 03:30:00+00:00,15.90999984741211,15.90999984741211,15.90999984741211,15.90999984741211,2000,0.0,0.0,0.0
2025-03-19 03:35:00+00:00,15.90999984741211,15.90999984741211,15.90999984741211,15.90999984741211,3638,0.0,0.0,0.0
2025-03-19 03:55:00+00:00,15.899999618530273,15.899999618530273,15.899999618530273,15.899999618530273,11300,0.0,0.0,0.0
2025-03-19 04:00:00+00:00,15.899999618530273,15.899999618530273,15.899999618530273,15.899999618530273,10000,0.0,0.0,0.0
2025-03-19 04:05:00+00:00,15.899999618530273,15.899999618530273,15.899999618530273,15.899999618530273,18772,0.0,0.0,0.0
2025-03-19 04:15:00+00:00,15.890000343322754,15.890000343322754,15.890000343322754,15.890000343322754,7413,0.0,0.0,0.0
2025-03-19 04:25:00+00:00,15.880000114440918,15.890000343322754,15.880000114440918,15.880000114440918,31599,0.0,0.0,0.0
2025-03-19 04:30:00+00:00,15.869999885559082,15.869999885559082,15.859999656677246,15.869999885559082,590625,0.0,0.0,0.0
2025-03-19 04:35:00+00:00,15.859999656677246,15.880000114440918,15.859999656677246,15.880000114440918,28100,0.0,0.0,0.0
2025-03-19 04:40:00+00:00,15.859999656677246,15.859999656677246,15.850000381469727,15.859999656677246,18345,0.0,0.0,0.0
2025-03-19 04:45:00+00:00,15.850000381469727,15.850000381469727,15.850000381469727,15.850000381469727,29163,0.0,0.0,0.0
2025-03-19 04:50:00+00:00,15.850000381469727,15.850000381469727,15.84000015258789,15.84000015258789,12310,0.0,0.0,0.0
2025-03-19 04:55:00+00:00,15.850000381469727,15.850000381469727,15.84000015258789,15.84000015258789,48100,0.0,0.0,0.0
2025-03-19 05:00:00+00:00,15.850000381469727,15.850000381469727,15.84000015258789,15.850000381469727,15957,0.0,0.0,0.0
2025-03-19 05:05:00+00:00,15.829999923706055,15.829999923706055,15.829999923706055,15.829999923706055,21655,0.0,0.0,0.0
2025-03-19 05:10:00+00:00,15.84000015258789,15.850000381469727,15.84000015258789,15.84000015258789,20018,0.0,0.0,0.0
2025-03-19 05:15:00+00:00,15.84000015258789,15.850000381469727,15.84000015258789,15.850000381469727,27144,0.0,0.0,0.0
2025-03-19 05:20:00+00:00,15.850000381469727,15.850000381469727,15.850000381469727,15.850000381469727,1800,0.0,0.0,0.0
2025-03-20 01:00:00+00:00,15.880000114440918,15.920000076293945,15.880000114440918,15.920000076293945,0,0.0,0.0,0.0
2025-03-20 01:05:00+00:00,15.920000076293945,15.9399995803833,15.920000076293945,15.9399995803833,38514,0.0,0.0,0.0
2025-03-20 01:10:00+00:00,15.930000305175781,15.9399995803833,15.930000305175781,15.9399995803833,158321,0.0,0.0,0.0
2025-03-20 01:20:00+00:00,15.920000076293945,15.920000076293945,15.90999984741211,15.90999984741211,5706,0.0,0.0,0.0
2025-03-20 01:25:00+00:00,15.90999984741211,15.90999984741211,15.90999984741211,15.90999984741211,9868,0.0,0.0,0.0
2025-03-20 01:30:00+00:00,15.899999618530273,15.90999984741211,15.899999618530273,15.899999618530273,60200,0.0,0.0,0.0
2025-03-20 01:35:00+00:00,15.890000343322754,15.899999618530273,15.890000343322754,15.899999618530273,203183,0.0,0.0,0.0
2025-03-20 01:40:00+00:00,15.890000343322754,15.890000343322754,15.890000343322754,15.890000343322754,1064,0.0,0.0,0.0
2025-03-20 01:45:00+00:00,15.880000114440918,15.880000114440918,15.880000114440918,15.880000114440918,62600,0.0,0.0,0.0
2025-03-20 01:55:00+00:00,15.880000114440918,15.880000114440918,15.880000114440918,15.880000114440918,7000,0.0,0.0,0.0
2025-03-20 02:05:00+00:00,15.880000114440918,15.890000343322754,15.880000114440918,15.880000114440918,33500,0.0,0.0,0.0
2025-03-20 02:15:00+00:00,15.890000343322754,15.899999618530273,15.890000343322754,15.899999618530273,73400,0.0,0.0,0.0
2025-03-20 02:20:00+00:00,15.899999618530273,15.899999618530273,15.899999618530273,15.899999618530273,10200,0.0,0.0,0.0
2025-03-20 02:25:00+00:00,15.899999618530273,15.899999618530273,15.899999618530273,15.899999618530273,4170,0.0,0.0,0.0
2025-03-20 02:30:00+00:00,15.899999618530273,15.899999618530273,15.899999618530273,15.899999618530273,2000,0.0,0.0,0.0
2025-03-20 02:35:00+00:00,15.899999618530273,15.899999618530273,15.899999618530273,15.899999618530273,2166,0.0,0.0,0.0
2025-03-20 02:40:00+00:00,15.899999618530273,15.899999618530273,15.899999618530273,15.899999618530273,2314,0.0,0.0,0.0
2025-03-20 02:55:00+00:00,15.890000343322754,15.890000343322754,15.890000343322754,15.890000343322754,2000,0.0,0.0,0.0
2025-03-20 03:00:00+00:00,15.899999618530273,15.899999618530273,15.899999618530273,15.899999618530273,4896,0.0,0.0,0.0
2025-03-20 03:10:00+00:00,15.899999618530273,15.90999984741211,15.899999618530273,15.90999984741211,159000,0.0,0.0,0.0
2025-03-20 03:15:00+00:00,15.920000076293945,15.920000076293945,15.920000076293945,15.920000076293945,2172,0.0,0.0,0.0
2025-03-20 03:25:00+00:00,15.920000076293945,15.920000076293945,15.920000076293945,15.920000076293945,7444,0.0,0.0,0.0
2025-03-20 03:30:00+00:00,15.920000076293945,15.920000076293945,15.920000076293945,15.920000076293945,72028,0.0,0.0,0.0
2025-03-20 03:35:00+00:00,15.920000076293945,15.920000076293945,15.920000076293945,15.920000076293945,1581,0.0,0.0,0.0
2025-03-20 03:50:00+00:00,15.920000076293945,15.920000076293945,15.920000076293945,15.920000076293945,1057,0.0,0.0,0.0
2025-03-20 03:55:00+00:00,15.920000076293945,15.920000076293945,15.920000076293945,15.920000076293945,2833,0.0,0.0,0.0
2025-03-20 04:00:00+00:00,15.920000076293945,15.920000076293945,15.920000076293945,15.920000076293945,1000,0.0,0.0,0.0
2025-03-20 04:05:00+00:00,15.920000076293945,15.920000076293945,15.920000076293945,15.920000076293945,3050,0.0,0.0,0.0
2025-03-20 04:10:00+00:00,15.920000076293945,15.920000076293945,15.90999984741211,15.90999984741211,45088,0.0,0.0,0.0
2025-03-20 04:15:00+00:00,15.90999984741211,15.920000076293945,15.90999984741211,15.920000076293945,8038,0.0,0.0,0.0
2025-03-20 04:20:00+00:00,15.920000076293945,15.920000076293945,15.920000076293945,15.920000076293945,11000,0.0,0.0,0.0
2025-03-20 04:25:00+00:00,15.930000305175781,15.930000305175781,15.920000076293945,15.920000076293945,11000,0.0,0.0,0.0
2025-03-20 04:30:00+00:00,15.920000076293945,15.920000076293945,15.920000076293945,15.920000076293945,9044,0.0,0.0,0.0
2025-03-20 04:35:00+00:00,15.930000305175781,15.930000305175781,15.920000076293945,15.920000076293945,8700,0.0,0.0,0.0
2025-03-20 04:40:00+00:00,15.920000076293945,15.920000076293945,15.920000076293945,15.920000076293945,12311,0.0,0.0,0.0
2025-03-20 04:45:00+00:00,15.920000076293945,15.920000076293945,15.920000076293945,15.920000076293945,15000,0.0,0.0,0.0
2025-03-20 04:50:00+00:00,15.920000076293945,15.930000305175781,15.920000076293945,15.930000305175781,25413,0.0,0.0,0.0
2025-03-20 04:55:00+00:00,15.930000305175781,15.930000305175781,15.930000305175781,15.930000305175781,25257,0.0,0.0,0.0
2025-03-20 05:00:00+00:00,15.920000076293945,15.920000076293945,15.920000076293945,15.920000076293945,2000,0.0,0.0,0.0
2025-03-20 05:10:00+00:00,15.930000305175781,15.930000305175781,15.930000305175781,15.930000305175781,183130,0.0,0.0,0.0
2025-03-20 05:15:00+00:00,15.920000076293945,15.930000305175781,15.920000076293945,15.930000305175781,23314,0.0,0.0,0.0
2025-03-20 05:20:00+00:00,15.930000305175781,15.930000305175781,15.920000076293945,15.920000076293945,156110,0.0,0.0,0.0
2025-03-21 01:00:00+00:00,15.90999984741211,15.90999984741211,15.869999885559082,15.869999885559082,0,0.0,0.0,0.0
2025-03-21 01:05:00+00:00,15.859999656677246,15.859999656677246,15.84000015258789,15.850000381469727,25905,0.0,0.0,0.0
2025-03-21 01:10:00+00:00,15.850000381469727,15.850000381469727,15.850000381469727,15.850000381469727,4530,0.0,0.0,0.0
2025-03-21 01:15:00+00:00,15.850000381469727,15.869999885559082,15.850000381469727,15.869999885559082,7020,0.0,0.0,0.0
2025-03-21 01:20:00+00:00,15.869999885559082,15.869999885559082,15.850000381469727,15.850000381469727,17142,0.0,0.0,0.0
2025-03-21 01:25:00+00:00,15.850000381469727,15.850000381469727,15.84000015258789,15.84000015258789,35656,0.0,0.0,0.0
2025-03-21 01:30:00+00:00,15.84000015258789,15.84000015258789,15.84000015258789,15.84000015258789,14544,0.0,0.0,0.0
2025-03-21 01:35:00+00:00,15.84000015258789,15.859999656677246,15.84000015258789,15.850000381469727,10000,0.0,0.0,0.0
2025-03-21 01:40:00+00:00,15.850000381469727,15.850000381469727,15.850000381469727,15.850000381469727,10399,0.0,0.0,0.0
2025-03-21 01:45:00+00:00,15.850000381469727,15.850000381469727,15.850000381469727,15.850000381469727,19137,0.0,0.0,0.0
2025-03-21 01:50:00+00:00,15.859999656677246,15.859999656677246,15.859999656677246,15.859999656677246,1750,0.0,0.0,0.0
2025-03-21 01:55:00+00:00,15.859999656677246,15.859999656677246,15.859999656677246,15.859999656677246,3057,0.0,0.0,0.0
2025-03-21 02:00:00+00:00,15.850000381469727,15.850000381469727,15.84000015258789,15.84000015258789,63006,0.0,0.0,0.0
2025-03-21 02:05:00+00:00,15.84000015258789,15.84000015258789,15.829999923706055,15.829999923706055,7800,0.0,0.0,0.0
2025-03-21 02:10:00+00:00,15.829999923706055,15.829999923706055,15.819999694824219,15.819999694824219,29191,0.0,0.0,0.0
2025-03-21 02:15:00+00:00,15.819999694824219,15.819999694824219,15.819999694824219,15.819999694824219,13184,0.0,0.0,0.0
2025-03-21 02:20:00+00:00,15.819999694824219,15.819999694824219,15.819999694824219,15.819999694824219,1000,0.0,0.0,0.0
2025-03-21 02:25:00+00:00,15.819999694824219,15.819999694824219,15.819999694824219,15.819999694824219,12393,0.0,0.0,0.0
2025-03-21 02:30:00+00:00,15.819999694824219,15.829999923706055,15.819999694824219,15.829999923706055,6100,0.0,0.0,0.0
2025-03-21 02:35:00+00:00,15.829999923706055,15.829999923706055,15.829999923706055,15.829999923706055,6303,0.0,0.0,0.0
2025-03-21 02:40:00+00:00,15.829999923706055,15.829999923706055,15.829999923706055,15.829999923706055,4000,0.0,0.0,0.0
2025-03-21 02:50:00+00:00,15.84000015258789,15.84000015258789,15.84000015258789,15.84000015258789,2000,0.0,0.0,0.0
2025-03-21 02:55:00+00:00,15.84000015258789,15.84000015258789,15.84000015258789,15.84000015258789,7070,0.0,0.0,0.0
2025-03-21 03:00:00+00:00,15.829999923706055,15.829999923706055,15.829999923706055,15.829999923706055,25190,0.0,0.0,0.0
2025-03-21 03:05:00+00:00,15.829999923706055,15.829999923706055,15.819999694824219,15.819999694824219,7074,0.0,0.0,0.0
2025-03-21 03:10:00+00:00,15.829999923706055,15.829999923706055,15.819999694824219,15.819999694824219,85000,0.0,0.0,0.0
2025-03-21 03:15:00+00:00,15.819999694824219,15.819999694824219,15.819999694824219,15.819999694824219,12074,0.0,0.0,0.0
2025-03-21 03:20:00+00:00,15.819999694824219,15.819999694824219,15.8100004196167,15.8100004196167,24225,0.0,0.0,0.0
2025-03-21 03:30:00+00:00,15.819999694824219,15.819999694824219,15.819999694824219,15.819999694824219,5000,0.0,0.0,0.0
2025-03-21 03:35:00+00:00,15.829999923706055,15.829999923706055,15.829999923706055,15.829999923706055,11015,0.0,0.0,0.0
2025-03-21 03:40:00+00:00,15.829999923706055,15.829999923706055,15.829999923706055,15.829999923706055,6300,0.0,0.0,0.0
2025-03-21 03:45:00+00:00,15.829999923706055,15.829999923706055,15.829999923706055,15.829999923706055,1594,0.0,0.0,0.0
2025-03-21 03:50:00+00:00,15.84000015258789,15.84000015258789,15.84000015258789,15.84000015258789,4050,0.0,0.0,0.0
2025-03-21 03:55:00+00:00,15.84000015258789,15.84000015258789,15.84000015258789,15.84000015258789,2376,0.0,0.0,0.0
2025-03-21 04:00:00+00:00,15.84000015258789,15.84000015258789,15.84000015258789,15.84000015258789,3000,0.0,0.0,0.0
2025-03-21 04:10:00+00:00,15.84000015258789,15.84000015258789,15.84000015258789,15.84000015258789,12140,0.0,0.0,0.0
2025-03-21 04:15:00+00:00,15.850000381469727,15.850000381469727,15.850000381469727,15.850000381469727,1121,0.0,0.0,0.0
2025-03-21 04:20:00+00:00,15.84000015258789,15.84000015258789,15.84000015258789,15.84000015258789,10240,0.0,0.0,0.0
2025-03-21 04:25:00+00:00,15.84000015258789,15.84000015258789,15.84000015258789,15.84000015258789,12000,0.0,0.0,0.0
2025-03-21 04:30:00+00:00,15.850000381469727,15.859999656677246,15.850000381469727,15.859999656677246,50000,0.0,0.0,0.0
2025-03-21 04:35:00+00:00,15.859999656677246,15.859999656677246,15.859999656677246,15.859999656677246,1150,0.0,0.0,0.0
2025-03-21 04:40:00+00:00,15.850000381469727,15.859999656677246,15.850000381469727,15.859999656677246,7000,0.0,0.0,0.0
2025-03-21 04:45:00+00:00,15.859999656677246,15.859999656677246,15.859999656677246,15.859999656677246,2042,0.0,0.0,0.0
2025-03-21 04:50:00+00:00,15.84000015258789,15.850000381469727,15.84000015258789,15.850000381469727,16300,0.0,0.0,0.0
2025-03-21 04:55:00+00:00,15.850000381469727,15.850000381469727,15.84000015258789,15.84000015258789,11553,0.0,0.0,0.0
2025-03-21 05:00:00+00:00,15.850000381469727,15.850000381469727,15.850000381469727,15.850000381469727,10180,0.0,0.0,0.0
2025-03-21 05:05:00+00:00,15.829999923706055,15.829999923706055,15.829999923706055,15.829999923706055,24509,0.0,0.0,0.0
2025-03-21 05:10:00+00:00,15.850000381469727,15.850000381469727,15.84000015258789,15.84000015258789,6005,0.0,0.0,0.0
2025-03-21 05:15:00+00:00,15.850000381469727,15.850000381469727,15.850000381469727,15.850000381469727,6583,0.0,0.0,0.0
2025-03-24 01:00:00+00:00,15.850000381469727,15.859999656677246,15.850000381469727,15.859999656677246,0,0.0,0.0,0.0
2025-03-24 01:05:00+00:00,15.850000381469727,15.850000381469727,15.84000015258789,15.84000015258789,13526,0.0,0.0,0.0
2025-03-24 01:10:00+00:00,15.829999923706055,15.829999923706055,15.829999923706055,15.829999923706055,16303,0.0,0.0,0.0
2025-03-24 01:15:00+00:00,15.829999923706055,15.84000015258789,15.829999923706055,15.84000015258789,43583,0.0,0.0,0.0
2025-03-24 01:20:00+00:00,15.84000015258789,15.850000381469727,15.84000015258789,15.850000381469727,14931,0.0,0.0,0.0
2025-03-24 01:30:00+00:00,15.850000381469727,15.850000381469727,15.850000381469727,15.850000381469727,105216,0.0,0.0,0.0
2025-03-24 01:35:00+00:00,15.850000381469727,15.850000381469727,15.84000015258789,15.850000381469727,5036,0.0,0.0,0.0
2025-03-24 01:40:00+00:00,15.850000381469727,15.850000381469727,15.84000015258789,15.84000015258789,5000,0.0,0.0,0.0
2025-03-24 01:45:00+00:00,15.850000381469727,15.859999656677246,15.850000381469727,15.859999656677246,4103,0.0,0.0,0.0
2025-03-24 01:50:00+00:00,15.84000015258789,15.850000381469727,15.84000015258789,15.850000381469727,81190,0.0,0.0,0.0
2025-03-24 01:55:00+00:00,15.850000381469727,15.859999656677246,15.850000381469727,15.859999656677246,67200,0.0,0.0,0.0
2025-03-24 02:00:00+00:00,15.869999885559082,15.869999885559082,15.850000381469727,15.850000381469727,3200,0.0,0.0,0.0
2025-03-24 02:05:00+00:00,15.859999656677246,15.859999656677246,15.859999656677246,15.859999656677246,51372,0.0,0.0,0.0
2025-03-24 02:10:00+00:00,15.859999656677246,15.869999885559082,15.859999656677246,15.869999885559082,3000,0.0,0.0,0.0
2025-03-24 02:15:00+00:00,15.869999885559082,15.869999885559082,15.869999885559082,15.869999885559082,4147,0.0,0.0,0.0
2025-03-24 02:20:00+00:00,15.869999885559082,15.869999885559082,15.869999885559082,15.869999885559082,74080,0.0,0.0,0.0
2025-03-24 02:25:00+00:00,15.869999885559082,15.880000114440918,15.869999885559082,15.880000114440918,3000,0.0,0.0,0.0
2025-03-24 02:30:00+00:00,15.880000114440918,15.880000114440918,15.869999885559082,15.869999885559082,6278,0.0,0.0,0.0
2025-03-24 02:35:00+00:00,15.869999885559082,15.869999885559082,15.869999885559082,15.869999885559082,2202,0.0,0.0,0.0
2025-03-24 02:45:00+00:00,15.869999885559082,15.869999885559082,15.869999885559082,15.869999885559082,2215,0.0,0.0,0.0
2025-03-24 02:50:00+00:00,15.869999885559082,15.869999885559082,15.869999885559082,15.869999885559082,6004,0.0,0.0,0.0
2025-03-24 02:55:00+00:00,15.859999656677246,15.859999656677246,15.859999656677246,15.859999656677246,2020,0.0,0.0,0.0
2025-03-24 03:00:00+00:00,15.850000381469727,15.859999656677246,15.850000381469727,15.859999656677246,3570,0.0,0.0,0.0
2025-03-24 03:05:00+00:00,15.859999656677246,15.859999656677246,15.850000381469727,15.850000381469727,18273,0.0,0.0,0.0
2025-03-24 03:10:00+00:00,15.850000381469727,15.850000381469727,15.84000015258789,15.850000381469727,7000,0.0,0.0,0.0
2025-03-24 03:15:00+00:00,15.850000381469727,15.850000381469727,15.850000381469727,15.850000381469727,12100,0.0,0.0,0.0
2025-03-24 03:20:00+00:00,15.850000381469727,15.850000381469727,15.850000381469727,15.850000381469727,50373,0.0,0.0,0.0
2025-03-24 03:25:00+00:00,15.84000015258789,15.84000015258789,15.84000015258789,15.84000015258789,33020,0.0,0.0,0.0
2025-03-24 03:30:00+00:00,15.829999923706055,15.829999923706055,15.829999923706055,15.829999923706055,30270,0.0,0.0,0.0
2025-03-24 03:35:00+00:00,15.829999923706055,15.829999923706055,15.819999694824219,15.819999694824219,2130,0.0,0.0,0.0
2025-03-24 03:40:00+00:00,15.84000015258789,15.84000015258789,15.84000015258789,15.84000015258789,2100,0.0,0.0,0.0
2025-03-24 03:45:00+00:00,15.84000015258789,15.84000015258789,15.84000015258789,15.84000015258789,6100,0.0,0.0,0.0
2025-03-24 03:55:00+00:00,15.829999923706055,15.84000015258789,15.829999923706055,15.84000015258789,2000,0.0,0.0,0.0
2025-03-24 04:00:00+00:00,15.829999923706055,15.829999923706055,15.829999923706055,15.829999923706055,3567,0.0,0.0,0.0
2025-03-24 04:05:00+00:00,15.84000015258789,15.84000015258789,15.84000015258789,15.84000015258789,4025,0.0,0.0,0.0
2025-03-24 04:10:00+00:00,15.829999923706055,15.829999923706055,15.829999923706055,15.829999923706055,6055,0.0,0.0,0.0
2025-03-24 04:15:00+00:00,15.829999923706055,15.829999923706055,15.829999923706055,15.829999923706055,8100,0.0,0.0,0.0
2025-03-24 04:20:00+00:00,15.829999923706055,15.84000015258789,15.829999923706055,15.84000015258789,104520,0.0,0.0,0.0
2025-03-24 04:25:00+00:00,15.84000015258789,15.84000015258789,15.84000015258789,15.84000015258789,5100,0.0,0.0,0.0
2025-03-24 04:30:00+00:00,15.84000015258789,15.84000015258789,15.84000015258789,15.84000015258789,36408,0.0,0.0,0.0
2025-03-24 04:35:00+00:00,15.84000015258789,15.84000015258789,15.84000015258789,15.84000015258789,4200,0.0,0.0,0.0
2025-03-24 04:40:00+00:00,15.84000015258789,15.84000015258789,15.84000015258789,15.84000015258789,5956,0.0,0.0,0.0
2025-03-24 04:45:00+00:00,15.84000015258789,15.84000015258789,15.84000015258789,15.84000015258789,1100,0.0,0.0,0.0
2025-03-24 04:50:00+00:00,15.829999923706055,15.84000015258789,15.829999923706055,15.84000015258789,6270,0.0,0.0,0.0
2025-03-24 04:55:00+00:00,15.84000015258789,15.84000015258789,15.84000015258789,15.84000015258789,2200,0.0,0.0,0.0
2025-03-24 05:00:00+00:00,15.84000015258789,15.84000015258789,15.829999923706055,15.829999923706055,5228,0.0,0.0,0.0
2025-03-24 05:05:00+00:00,15.829999923706055,15.829999923706055,15.829999923706055,15.829999923706055,2242,0.0,0.0,0.0
2025-03-24 05:10:00+00:00,15.829999923706055,15.829999923706055,15.829999923706055,15.829999923706055,5000,0.0,0.0,0.0
2025-03-24 05:15:00+00:00,15.829999923706055,15.84000015258789,15.829999923706055,15.829999923706055,60747,0.0,0.0,0.0
2025-03-24 05:20:00+00:00,15.84000015258789,15.84000015258789,15.84000015258789,15.84000015258789,55071,0.0,0.0,0.0
2025-03-25 01:00:00+00:00,15.869999885559082,15.880000114440918,15.869999885559082,15.869999885559082,20000,0.0,0.0,0.0
2025-03-25 01:05:00+00:00,15.869999885559082,15.869999885559082,15.859999656677246,15.869999885559082,38160,0.0,0.0,0.0
2025-03-25 01:10:00+00:00,15.850000381469727,15.869999885559082,15.84000015258789,15.84000015258789,48068,0.0,0.0,0.0
2025-03-25 01:15:00+00:00,15.84000015258789,15.869999885559082,15.84000015258789,15.84000015258789,21852,0.0,0.0,0.0
2025-03-25 01:25:00+00:00,15.869999885559082,15.869999885559082,15.869999885559082,15.869999885559082,3650,0.0,0.0,0.0
2025-03-25 01:30:00+00:00,15.869999885559082,15.869999885559082,15.869999885559082,15.869999885559082,5095,0.0,0.0,0.0
2025-03-25 01:35:00+00:00,15.869999885559082,15.869999885559082,15.859999656677246,15.859999656677246,8267,0.0,0.0,0.0
2025-03-25 01:40:00+00:00,15.869999885559082,15.869999885559082,15.869999885559082,15.869999885559082,9070,0.0,0.0,0.0
2025-03-25 01:45:00+00:00,15.869999885559082,15.869999885559082,15.869999885559082,15.869999885559082,7340,0.0,0.0,0.0
2025-03-25 01:50:00+00:00,15.869999885559082,15.869999885559082,15.869999885559082,15.869999885559082,3050,0.0,0.0,0.0
2025-03-25 01:55:00+00:00,15.859999656677246,15.859999656677246,15.84000015258789,15.84000015258789,128911,0.0,0.0,0.0
2025-03-25 02:00:00+00:00,15.829999923706055,15.829999923706055,15.819999694824219,15.829999923706055,43048,0.0,0.0,0.0
2025-03-25 02:05:00+00:00,15.819999694824219,15.819999694824219,15.8100004196167,15.8100004196167,59933,0.0,0.0,0.0
2025-03-25 02:10:00+00:00,15.8100004196167,15.8100004196167,15.8100004196167,15.8100004196167,5000,0.0,0.0,0.0
2025-03-25 02:15:00+00:00,15.819999694824219,15.819999694824219,15.819999694824219,15.819999694824219,3497,0.0,0.0,0.0
2025-03-25 02:20:00+00:00,15.8100004196167,15.819999694824219,15.8100004196167,15.819999694824219,2000,0.0,0.0,0.0
2025-03-25 02:25:00+00:00,15.8100004196167,15.8100004196167,15.8100004196167,15.8100004196167,31400,0.0,0.0,0.0
2025-03-25 02:30:00+00:00,15.8100004196167,15.8100004196167,15.8100004196167,15.8100004196167,6110,0.0,0.0,0.0
2025-03-25 02:35:00+00:00,15.8100004196167,15.8100004196167,15.8100004196167,15.8100004196167,53935,0.0,0.0,0.0
2025-03-25 02:40:00+00:00,15.800000190734863,15.800000190734863,15.789999961853027,15.789999961853027,130549,0.0,0.0,0.0
2025-03-25 02:45:00+00:00,15.779999732971191,15.779999732971191,15.770000457763672,15.770000457763672,67243,0.0,0.0,0.0
2025-03-25 02:50:00+00:00,15.770000457763672,15.770000457763672,15.760000228881836,15.760000228881836,8228,0.0,0.0,0.0
2025-03-25 02:55:00+00:00,15.770000457763672,15.779999732971191,15.770000457763672,15.779999732971191,3000,0.0,0.0,0.0
2025-03-25 03:00:00+00:00,15.779999732971191,15.789999961853027,15.779999732971191,15.789999961853027,87354,0.0,0.0,0.0
2025-03-25 03:05:00+00:00,15.789999961853027,15.789999961853027,15.789999961853027,15.789999961853027,3201,0.0,0.0,0.0
2025-03-25 03:10:00+00:00,15.789999961853027,15.789999961853027,15.789999961853027,15.789999961853027,6210,0.0,0.0,0.0
2025-03-25 03:15:00+00:00,15.779999732971191,15.779999732971191,15.779999732971191,15.779999732971191,19007,0.0,0.0,0.0
2025-03-25 03:20:00+00:00,15.779999732971191,15.779999732971191,15.770000457763672,15.770000457763672,7060,0.0,0.0,0.0
2025-03-25 03:25:00+00:00,15.770000457763672,15.770000457763672,15.770000457763672,15.770000457763672,19920,0.0,0.0,0.0
2025-03-25 03:45:00+00:00,15.770000457763672,15.770000457763672,15.770000457763672,15.770000457763672,11986,0.0,0.0,0.0
2025-03-25 03:50:00+00:00,15.779999732971191,15.779999732971191,15.779999732971191,15.779999732971191,17000,0.0,0.0,0.0
2025-03-25 03:55:00+00:00,15.770000457763672,15.770000457763672,15.770000457763672,15.770000457763672,20500,0.0,0.0,0.0
2025-03-25 04:00:00+00:00,15.770000457763672,15.770000457763672,15.770000457763672,15.770000457763672,51110,0.0,0.0,0.0
2025-03-25 04:05:00+00:00,15.770000457763672,15.770000457763672,15.770000457763672,15.770000457763672,8066,0.0,0.0,0.0
2025-03-25 04:10:00+00:00,15.770000457763672,15.770000457763672,15.770000457763672,15.770000457763672,7500,0.0,0.0,0.0
2025-03-25 04:15:00+00:00,15.760000228881836,15.760000228881836,15.760000228881836,15.760000228881836,94954,0.0,0.0,0.0
2025-03-25 04:20:00+00:00,15.760000228881836,15.760000228881836,15.760000228881836,15.760000228881836,1000,0.0,0.0,0.0
2025-03-25 04:25:00+00:00,15.770000457763672,15.770000457763672,15.760000228881836,15.760000228881836,10739,0.0,0.0,0.0
2025-03-25 04:30:00+00:00,15.75,15.75,15.75,15.75,9302,0.0,0.0,0.0
2025-03-25 04:35:00+00:00,15.75,15.760000228881836,15.75,15.760000228881836,42100,0.0,0.0,0.0
2025-03-25 04:50:00+00:00,15.770000457763672,15.770000457763672,15.770000457763672,15.770000457763672,6132,0.0,0.0,0.0
2025-03-25 04:55:00+00:00,15.779999732971191,15.779999732971191,15.779999732971191,15.779999732971191,5594,0.0,0.0,0.0
2025-03-25 05:00:00+00:00,15.779999732971191,15.779999732971191,15.779999732971191,15.779999732971191,10100,0.0,0.0,0.0
2025-03-25 05:05:00+00:00,15.779999732971191,15.779999732971191,15.779999732971191,15.779999732971191,4180,0.0,0.0,0.0
2025-03-25 05:10:00+00:00,15.770000457763672,15.770000457763672,15.760000228881836,15.760000228881836,33587,0.0,0.0,0.0
2025-03-25 05:15:00+00:00,15.770000457763672,15.770000457763672,15.770000457763672,15.770000457763672,13525,0.0,0.0,0.0
2025-03-25 05:20:00+00:00,15.770000457763672,15.779999732971191,15.770000457763672,15.770000457763672,21100,0.0,0.0,0.0
2025-03-26 01:00:00+00:00,15.800000190734863,15.84000015258789,15.800000190734863,15.84000015258789,0,0.0,0.0,0.0
2025-03-26 01:05:00+00:00,15.84000015258789,15.84000015258789,15.84000015258789,15.84000015258789,3126,0.0,0.0,0.0
2025-03-26 01:10:00+00:00,15.84000015258789,15.84000015258789,15.84000015258789,15.84000015258789,33339,0.0,0.0,0.0
2025-03-26 01:15:00+00:00,15.84000015258789,15.84000015258789,15.84000015258789,15.84000015258789,2077,0.0,0.0,0.0
2025-03-26 01:20:00+00:00,15.84000015258789,15.84000015258789,15.829999923706055,15.829999923706055,2000,0.0,0.0,0.0
2025-03-26 01:25:00+00:00,15.829999923706055,15.829999923706055,15.829999923706055,15.829999923706055,1000,0.0,0.0,0.0
2025-03-26 01:30:00+00:00,15.829999923706055,15.84000015258789,15.829999923706055,15.84000015258789,108571,0.0,0.0,0.0
2025-03-26 01:35:00+00:00,15.84000015258789,15.84000015258789,15.84000015258789,15.84000015258789,5730,0.0,0.0,0.0
2025-03-26 01:40:00+00:00,15.84000015258789,15.84000015258789,15.84000015258789,15.84000015258789,1000,0.0,0.0,0.0
2025-03-26 01:45:00+00:00,15.84000015258789,15.850000381469727,15.84000015258789,15.84000015258789,32956,0.0,0.0,0.0
2025-03-26 02:00:00+00:00,15.84000015258789,15.84000015258789,15.84000015258789,15.84000015258789,3213,0.0,0.0,0.0
2025-03-26 02:05:00+00:00,15.829999923706055,15.829999923706055,15.829999923706055,15.829999923706055,1049,0.0,0.0,0.0
2025-03-26 02:10:00+00:00,15.829999923706055,15.829999923706055,15.819999694824219,15.819999694824219,3000,0.0,0.0,0.0
2025-03-26 02:15:00+00:00,15.829999923706055,15.829999923706055,15.829999923706055,15.829999923706055,32149,0.0,0.0,0.0
2025-03-26 02:20:00+00:00,15.829999923706055,15.829999923706055,15.829999923706055,15.829999923706055,3469,0.0,0.0,0.0
2025-03-26 02:30:00+00:00,15.829999923706055,15.829999923706055,15.819999694824219,15.819999694824219,4200,0.0,0.0,0.0
2025-03-26 02:35:00+00:00,15.819999694824219,15.829999923706055,15.819999694824219,15.829999923706055,31049,0.0,0.0,0.0
2025-03-26 02:40:00+00:00,15.829999923706055,15.829999923706055,15.829999923706055,15.829999923706055,4001,0.0,0.0,0.0
2025-03-26 02:45:00+00:00,15.829999923706055,15.84000015258789,15.829999923706055,15.829999923706055,16349,0.0,0.0,0.0
2025-03-26 02:50:00+00:00,15.829999923706055,15.829999923706055,15.829999923706055,15.829999923706055,8349,0.0,0.0,0.0
2025-03-26 02:55:00+00:00,15.829999923706055,15.84000015258789,15.829999923706055,15.84000015258789,23049,0.0,0.0,0.0
2025-03-26 03:00:00+00:00,15.84000015258789,15.850000381469727,15.84000015258789,15.850000381469727,5169,0.0,0.0,0.0
2025-03-26 03:10:00+00:00,15.829999923706055,15.829999923706055,15.829999923706055,15.829999923706055,17100,0.0,0.0,0.0
2025-03-26 03:15:00+00:00,15.84000015258789,15.84000015258789,15.829999923706055,15.829999923706055,103149,0.0,0.0,0.0
2025-03-26 03:20:00+00:00,15.819999694824219,15.819999694824219,15.819999694824219,15.819999694824219,4049,0.0,0.0,0.0
2025-03-26 03:25:00+00:00,15.819999694824219,15.819999694824219,15.819999694824219,15.819999694824219,2000,0.0,0.0,0.0
2025-03-26 03:30:00+00:00,15.829999923706055,15.829999923706055,15.829999923706055,15.829999923706055,68188,0.0,0.0,0.0
2025-03-26 03:35:00+00:00,15.829999923706055,15.829999923706055,15.829999923706055,15.829999923706055,10054,0.0,0.0,0.0
2025-03-26 03:45:00+00:00,15.829999923706055,15.829999923706055,15.829999923706055,15.829999923706055,91000,0.0,0.0,0.0
2025-03-26 03:50:00+00:00,15.829999923706055,15.829999923706055,15.829999923706055,15.829999923706055,14049,0.0,0.0,0.0
2025-03-26 03:55:00+00:00,15.829999923706055,15.84000015258789,15.829999923706055,15.84000015258789,3305,0.0,0.0,0.0
2025-03-26 04:05:00+00:00,15.829999923706055,15.829999923706055,15.829999923706055,15.829999923706055,1068,0.0,0.0,0.0
2025-03-26 04:10:00+00:00,15.819999694824219,15.819999694824219,15.819999694824219,15.819999694824219,1000,0.0,0.0,0.0
2025-03-26 04:15:00+00:00,15.819999694824219,15.819999694824219,15.819999694824219,15.819999694824219,3706,0.0,0.0,0.0
2025-03-26 04:20:00+00:00,15.829999923706055,15.829999923706055,15.829999923706055,15.829999923706055,1001,0.0,0.0,0.0
2025-03-26 04:25:00+00:00,15.829999923706055,15.829999923706055,15.829999923706055,15.829999923706055,7088,0.0,0.0,0.0
2025-03-26 04:30:00+00:00,15.84000015258789,15.84000015258789,15.84000015258789,15.84000015258789,1646,0.0,0.0,0.0
2025-03-26 04:40:00+00:00,15.84000015258789,15.84000015258789,15.829999923706055,15.829999923706055,43298,0.0,0.0,0.0
2025-03-26 04:45:00+00:00,15.829999923706055,15.829999923706055,15.8100004196167,15.8100004196167,8049,0.0,0.0,0.0
2025-03-26 04:50:00+00:00,15.819999694824219,15.819999694824219,15.8100004196167,15.8100004196167,3130,0.0,0.0,0.0
2025-03-26 04:55:00+00:00,15.829999923706055,15.829999923706055,15.829999923706055,15.829999923706055,24069,0.0,0.0,0.0
2025-03-26 05:00:00+00:00,15.829999923706055,15.829999923706055,15.829999923706055,15.829999923706055,1000,0.0,0.0,0.0
2025-03-26 05:05:00+00:00,15.829999923706055,15.829999923706055,15.829999923706055,15.829999923706055,2739,0.0,0.0,0.0
2025-03-26 05:20:00+00:00,15.84000015258789,15.84000015258789,15.84000015258789,15.84000015258789,21108,0.0,0.0,0.0
2025-03-27 01:00:00+00:00,15.8100004196167,15.8100004196167,15.789999961853027,15.789999961853027,0,0.0,0.0,0.0
2025-03-27 01:05:00+00:00,15.779999732971191,15.779999732971191,15.75,15.779999732971191,94348,0.0,0.0,0.0
2025-03-27 01:10:00+00:00,15.779999732971191,15.800000190734863,15.770000457763672,15.800000190734863,30415,0.0,0.0,0.0
2025-03-27 01:15:00+00:00,15.789999961853027,15.789999961853027,15.789999961853027,15.789999961853027,11044,0.0,0.0,0.0
2025-03-27 01:20:00+00:00,15.789999961853027,15.789999961853027,15.789999961853027,15.789999961853027,18499,0.0,0.0,0.0
2025-03-27 01:25:00+00:00,15.789999961853027,15.789999961853027,15.779999732971191,15.779999732971191,40640,0.0,0.0,0.0
2025-03-27 01:30:00+00:00,15.779999732971191,15.779999732971191,15.75,15.75,75130,0.0,0.0,0.0
2025-03-27 01:35:00+00:00,15.760000228881836,15.760000228881836,15.75,15.75,61076,0.0,0.0,0.0
2025-03-27 01:40:00+00:00,15.760000228881836,15.760000228881836,15.760000228881836,15.760000228881836,1000,0.0,0.0,0.0
2025-03-27 01:45:00+00:00,15.760000228881836,15.770000457763672,15.760000228881836,15.770000457763672,12014,0.0,0.0,0.0
2025-03-27 01:50:00+00:00,15.760000228881836,15.760000228881836,15.760000228881836,15.760000228881836,27018,0.0,0.0,0.0
2025-03-27 01:55:00+00:00,15.760000228881836,15.760000228881836,15.75,15.75,27712,0.0,0.0,0.0
2025-03-27 02:00:00+00:00,15.75,15.760000228881836,15.75,15.760000228881836,91870,0.0,0.0,0.0
2025-03-27 02:05:00+00:00,15.760000228881836,15.760000228881836,15.760000228881836,15.760000228881836,6322,0.0,0.0,0.0
2025-03-27 02:10:00+00:00,15.760000228881836,15.779999732971191,15.760000228881836,15.779999732971191,13125,0.0,0.0,0.0
2025-03-27 02:15:00+00:00,15.760000228881836,15.760000228881836,15.760000228881836,15.760000228881836,2143,0.0,0.0,0.0
2025-03-27 02:20:00+00:00,15.760000228881836,15.760000228881836,15.760000228881836,15.760000228881836,11100,0.0,0.0,0.0
2025-03-27 02:25:00+00:00,15.760000228881836,15.760000228881836,15.760000228881836,15.760000228881836,3200,0.0,0.0,0.0
2025-03-27 02:30:00+00:00,15.75,15.75,15.75,15.75,112323,0.0,0.0,0.0
2025-03-27 02:35:00+00:00,15.75,15.75,15.75,15.75,2632,0.0,0.0,0.0
2025-03-27 02:40:00+00:00,15.75,15.75,15.75,15.75,1177,0.0,0.0,0.0
2025-03-27 02:45:00+00:00,15.75,15.75,15.739999771118164,15.739999771118164,17131,0.0,0.0,0.0
2025-03-27 02:50:00+00:00,15.75,15.75,15.739999771118164,15.739999771118164,9300,0.0,0.0,0.0
2025-03-27 02:55:00+00:00,15.739999771118164,15.739999771118164,15.739999771118164,15.739999771118164,61452,0.0,0.0,0.0
2025-03-27 03:00:00+00:00,15.739999771118164,15.739999771118164,15.729999542236328,15.729999542236328,95110,0.0,0.0,0.0
2025-03-27 03:05:00+00:00,15.729999542236328,15.729999542236328,15.729999542236328,15.729999542236328,42871,0.0,0.0,0.0
2025-03-27 03:10:00+00:00,15.729999542236328,15.729999542236328,15.710000038146973,15.720000267028809,162058,0.0,0.0,0.0
2025-03-27 03:15:00+00:00,15.720000267028809,15.720000267028809,15.720000267028809,15.720000267028809,1100,0.0,0.0,0.0
2025-03-27 03:20:00+00:00,15.720000267028809,15.720000267028809,15.710000038146973,15.720000267028809,33977,0.0,0.0,0.0
2025-03-27 03:25:00+00:00,15.720000267028809,15.720000267028809,15.720000267028809,15.720000267028809,5135,0.0,0.0,0.0
2025-03-27 03:30:00+00:00,15.720000267028809,15.720000267028809,15.720000267028809,15.720000267028809,4650,0.0,0.0,0.0
2025-03-27 03:35:00+00:00,15.710000038146973,15.710000038146973,15.710000038146973,15.710000038146973,12333,0.0,0.0,0.0
2025-03-27 03:40:00+00:00,15.720000267028809,15.720000267028809,15.710000038146973,15.720000267028809,33409,0.0,0.0,0.0
2025-03-27 03:45:00+00:00,15.720000267028809,15.720000267028809,15.720000267028809,15.720000267028809,3000,0.0,0.0,0.0
2025-03-27 03:50:00+00:00,15.720000267028809,15.720000267028809,15.720000267028809,15.720000267028809,11448,0.0,0.0,0.0
2025-03-27 03:55:00+00:00,15.710000038146973,15.710000038146973,15.710000038146973,15.710000038146973,59388,0.0,0.0,0.0
2025-03-27 04:00:00+00:00,15.710000038146973,15.720000267028809,15.710000038146973,15.720000267028809,4097,0.0,0.0,0.0
2025-03-27 04:10:00+00:00,15.720000267028809,15.720000267028809,15.710000038146973,15.710000038146973,5291,0.0,0.0,0.0
2025-03-27 04:15:00+00:00,15.710000038146973,15.710000038146973,15.710000038146973,15.710000038146973,20872,0.0,0.0,0.0
2025-03-27 04:20:00+00:00,15.720000267028809,15.720000267028809,15.710000038146973,15.720000267028809,65696,0.0,0.0,0.0
2025-03-27 04:25:00+00:00,15.729999542236328,15.75,15.729999542236328,15.75,73000,0.0,0.0,0.0
2025-03-27 04:30:00+00:00,15.75,15.75,15.75,15.75,6100,0.0,0.0,0.0
2025-03-27 04:35:00+00:00,15.75,15.75,15.75,15.75,6000,0.0,0.0,0.0
2025-03-27 04:40:00+00:00,15.739999771118164,15.739999771118164,15.729999542236328,15.739999771118164,53505,0.0,0.0,0.0
2025-03-27 04:45:00+00:00,15.75,15.75,15.75,15.75,1075,0.0,0.0,0.0
2025-03-27 04:50:00+00:00,15.75,15.75,15.75,15.75,5821,0.0,0.0,0.0
2025-03-27 04:55:00+00:00,15.75,15.760000228881836,15.75,15.760000228881836,11034,0.0,0.0,0.0
2025-03-27 05:00:00+00:00,15.760000228881836,15.760000228881836,15.75,15.75,20540,0.0,0.0,0.0
2025-03-27 05:05:00+00:00,15.75,15.75,15.739999771118164,15.739999771118164,61733,0.0,0.0,0.0
2025-03-27 05:10:00+00:00,15.739999771118164,15.739999771118164,15.739999771118164,15.739999771118164,31607,0.0,0.0,0.0
2025-03-27 05:20:00+00:00,15.75,15.760000228881836,15.739999771118164,15.75,38313,0.0,0.0,0.0
2025-03-28 01:00:00+00:00,15.739999771118164,15.739999771118164,15.670000076293945,15.670000076293945,0,0.0,0.0,0.0
2025-03-28 01:05:00+00:00,15.670000076293945,15.670000076293945,15.65999984741211,15.65999984741211,90158,0.0,0.0,0.0
2025-03-28 01:10:00+00:00,15.65999984741211,15.680000305175781,15.65999984741211,15.680000305175781,24326,0.0,0.0,0.0
2025-03-28 01:15:00+00:00,15.680000305175781,15.699999809265137,15.680000305175781,15.699999809265137,18053,0.0,0.0,0.0
2025-03-28 01:20:00+00:00,15.699999809265137,15.699999809265137,15.680000305175781,15.6899995803833,35356,0.0,0.0,0.0
2025-03-28 01:25:00+00:00,15.6899995803833,15.6899995803833,15.6899995803833,15.6899995803833,4750,0.0,0.0,0.0
2025-03-28 01:30:00+00:00,15.6899995803833,15.6899995803833,15.680000305175781,15.680000305175781,60745,0.0,0.0,0.0
2025-03-28 01:35:00+00:00,15.680000305175781,15.680000305175781,15.680000305175781,15.680000305175781,9067,0.0,0.0,0.0
2025-03-28 01:40:00+00:00,15.670000076293945,15.670000076293945,15.65999984741211,15.65999984741211,132161,0.0,0.0,0.0
2025-03-28 01:45:00+00:00,15.65999984741211,15.670000076293945,15.65999984741211,15.670000076293945,6470,0.0,0.0,0.0
2025-03-28 01:50:00+00:00,15.670000076293945,15.670000076293945,15.65999984741211,15.65999984741211,74547,0.0,0.0,0.0
2025-03-28 01:55:00+00:00,15.649999618530273,15.65999984741211,15.649999618530273,15.65999984741211,27001,0.0,0.0,0.0
2025-03-28 02:00:00+00:00,15.649999618530273,15.65999984741211,15.649999618530273,15.65999984741211,125754,0.0,0.0,0.0
2025-03-28 02:05:00+00:00,15.65999984741211,15.65999984741211,15.65999984741211,15.65999984741211,6110,0.0,0.0,0.0
2025-03-28 02:10:00+00:00,15.65999984741211,15.65999984741211,15.640000343322754,15.649999618530273,97861,0.0,0.0,0.0
2025-03-28 02:15:00+00:00,15.649999618530273,15.649999618530273,15.649999618530273,15.649999618530273,3299,0.0,0.0,0.0
2025-03-28 02:20:00+00:00,15.649999618530273,15.649999618530273,15.619999885559082,15.619999885559082,105847,0.0,0.0,0.0
2025-03-28 02:25:00+00:00,15.619999885559082,15.630000114440918,15.619999885559082,15.630000114440918,30767,0.0,0.0,0.0
2025-03-28 02:30:00+00:00,15.630000114440918,15.630000114440918,15.619999885559082,15.619999885559082,24440,0.0,0.0,0.0
2025-03-28 02:35:00+00:00,15.619999885559082,15.630000114440918,15.619999885559082,15.630000114440918,13986,0.0,0.0,0.0
2025-03-28 02:40:00+00:00,15.630000114440918,15.630000114440918,15.619999885559082,15.619999885559082,12021,0.0,0.0,0.0
2025-03-28 02:45:00+00:00,15.619999885559082,15.619999885559082,15.600000381469727,15.609999656677246,94613,0.0,0.0,0.0
2025-03-28 02:50:00+00:00,15.600000381469727,15.600000381469727,15.59000015258789,15.600000381469727,123061,0.0,0.0,0.0
2025-03-28 02:55:00+00:00,15.59000015258789,15.59000015258789,15.59000015258789,15.59000015258789,68232,0.0,0.0,0.0
2025-03-28 03:00:00+00:00,15.59000015258789,15.59000015258789,15.579999923706055,15.579999923706055,44358,0.0,0.0,0.0
2025-03-28 03:05:00+00:00,15.579999923706055,15.579999923706055,15.569999694824219,15.569999694824219,31411,0.0,0.0,0.0
2025-03-28 03:10:00+00:00,15.569999694824219,15.569999694824219,15.569999694824219,15.569999694824219,8898,0.0,0.0,0.0
2025-03-28 03:15:00+00:00,15.579999923706055,15.579999923706055,15.579999923706055,15.579999923706055,4022,0.0,0.0,0.0
2025-03-28 03:20:00+00:00,15.579999923706055,15.579999923706055,15.5600004196167,15.5600004196167,77400,0.0,0.0,0.0
2025-03-28 03:25:00+00:00,15.5600004196167,15.5600004196167,15.5600004196167,15.5600004196167,6189,0.0,0.0,0.0
2025-03-28 03:30:00+00:00,15.569999694824219,15.569999694824219,15.569999694824219,15.569999694824219,17200,0.0,0.0,0.0
2025-03-28 03:35:00+00:00,15.569999694824219,15.569999694824219,15.569999694824219,15.569999694824219,21607,0.0,0.0,0.0
2025-03-28 03:40:00+00:00,15.569999694824219,15.569999694824219,15.569999694824219,15.569999694824219,15424,0.0,0.0,0.0
2025-03-28 03:45:00+00:00,15.569999694824219,15.579999923706055,15.569999694824219,15.579999923706055,18359,0.0,0.0,0.0
2025-03-28 03:50:00+00:00,15.579999923706055,15.579999923706055,15.5600004196167,15.5600004196167,52381,0.0,0.0,0.0
2025-03-28 03:55:00+00:00,15.5600004196167,15.5600004196167,15.5600004196167,15.5600004196167,2292,0.0,0.0,0.0
2025-03-28 04:00:00+00:00,15.569999694824219,15.569999694824219,15.5600004196167,15.5600004196167,76880,0.0,0.0,0.0
2025-03-28 04:05:00+00:00,15.5600004196167,15.5600004196167,15.5600004196167,15.5600004196167,22639,0.0,0.0,0.0
2025-03-28 04:10:00+00:00,15.5600004196167,15.569999694824219,15.5600004196167,15.5600004196167,28358,0.0,0.0,0.0
2025-03-28 04:15:00+00:00,15.5600004196167,15.579999923706055,15.5600004196167,15.579999923706055,8616,0.0,0.0,0.0
2025-03-28 04:20:00+00:00,15.579999923706055,15.579999923706055,15.579999923706055,15.579999923706055,17200,0.0,0.0,0.0
2025-03-28 04:25:00+00:00,15.59000015258789,15.600000381469727,15.59000015258789,15.600000381469727,2000,0.0,0.0,0.0
2025-03-28 04:30:00+00:00,15.600000381469727,15.619999885559082,15.600000381469727,15.619999885559082,21100,0.0,0.0,0.0
2025-03-28 04:35:00+00:00,15.619999885559082,15.619999885559082,15.619999885559082,15.619999885559082,2605,0.0,0.0,0.0
2025-03-28 04:40:00+00:00,15.619999885559082,15.619999885559082,15.619999885559082,15.619999885559082,6963,0.0,0.0,0.0
2025-03-28 04:45:00+00:00,15.619999885559082,15.619999885559082,15.59000015258789,15.59000015258789,43535,0.0,0.0,0.0
2025-03-28 04:50:00+00:00,15.600000381469727,15.600000381469727,15.59000015258789,15.59000015258789,64675,0.0,0.0,0.0
2025-03-28 05:00:00+00:00,15.600000381469727,15.619999885559082,15.600000381469727,15.619999885559082,21541,0.0,0.0,0.0
2025-03-28 05:05:00+00:00,15.619999885559082,15.619999885559082,15.609999656677246,15.609999656677246,23506,0.0,0.0,0.0
2025-03-28 05:10:00+00:00,15.609999656677246,15.609999656677246,15.609999656677246,15.609999656677246,2986,0.0,0.0,0.0
2025-03-28 05:15:00+00:00,15.619999885559082,15.630000114440918,15.609999656677246,15.630000114440918,7750,0.0,0.0,0.0
2025-03-28 05:20:00+00:00,15.630000114440918,15.630000114440918,15.619999885559082,15.630000114440918,22026,0.0,0.0,0.0
2025-03-31 01:00:00+00:00,15.460000038146973,15.460000038146973,15.40999984741211,15.40999984741211,0,0.0,0.0,0.0
2025-03-31 01:05:00+00:00,15.40999984741211,15.40999984741211,15.359999656677246,15.369999885559082,156786,0.0,0.0,0.0
2025-03-31 01:10:00+00:00,15.369999885559082,15.369999885559082,15.319999694824219,15.350000381469727,273579,0.0,0.0,0.0
2025-03-31 01:15:00+00:00,15.34000015258789,15.359999656677246,15.34000015258789,15.34000015258789,59886,0.0,0.0,0.0
2025-03-31 01:20:00+00:00,15.34000015258789,15.359999656677246,15.34000015258789,15.34000015258789,92676,0.0,0.0,0.0
2025-03-31 01:25:00+00:00,15.34000015258789,15.369999885559082,15.34000015258789,15.369999885559082,62302,0.0,0.0,0.0
2025-03-31 01:30:00+00:00,15.390000343322754,15.390000343322754,15.34000015258789,15.34000015258789,118911,0.0,0.0,0.0
2025-03-31 01:35:00+00:00,15.34000015258789,15.350000381469727,15.34000015258789,15.34000015258789,28615,0.0,0.0,0.0
2025-03-31 01:40:00+00:00,15.329999923706055,15.34000015258789,15.319999694824219,15.329999923706055,70153,0.0,0.0,0.0
2025-03-31 01:45:00+00:00,15.319999694824219,15.329999923706055,15.3100004196167,15.329999923706055,111880,0.0,0.0,0.0
2025-03-31 01:50:00+00:00,15.34000015258789,15.350000381469727,15.34000015258789,15.350000381469727,11433,0.0,0.0,0.0
2025-03-31 01:55:00+00:00,15.350000381469727,15.369999885559082,15.350000381469727,15.369999885559082,35330,0.0,0.0,0.0
2025-03-31 02:00:00+00:00,15.369999885559082,15.369999885559082,15.369999885559082,15.369999885559082,12420,0.0,0.0,0.0
2025-03-31 02:05:00+00:00,15.359999656677246,15.359999656677246,15.359999656677246,15.359999656677246,15668,0.0,0.0,0.0
2025-03-31 02:10:00+00:00,15.350000381469727,15.350000381469727,15.329999923706055,15.329999923706055,102249,0.0,0.0,0.0
2025-03-31 02:15:00+00:00,15.329999923706055,15.34000015258789,15.3100004196167,15.3100004196167,204740,0.0,0.0,0.0
2025-03-31 02:20:00+00:00,15.3100004196167,15.319999694824219,15.289999961853027,15.300000190734863,303639,0.0,0.0,0.0
2025-03-31 02:25:00+00:00,15.289999961853027,15.300000190734863,15.279999732971191,15.279999732971191,22379,0.0,0.0,0.0
2025-03-31 02:30:00+00:00,15.289999961853027,15.300000190734863,15.270000457763672,15.270000457763672,380265,0.0,0.0,0.0
2025-03-31 02:35:00+00:00,15.270000457763672,15.279999732971191,15.270000457763672,15.270000457763672,41773,0.0,0.0,0.0
2025-03-31 02:40:00+00:00,15.270000457763672,15.279999732971191,15.270000457763672,15.279999732971191,35180,0.0,0.0,0.0
2025-03-31 02:45:00+00:00,15.279999732971191,15.289999961853027,15.279999732971191,15.289999961853027,20500,0.0,0.0,0.0
2025-03-31 02:50:00+00:00,15.289999961853027,15.289999961853027,15.279999732971191,15.279999732971191,118401,0.0,0.0,0.0
2025-03-31 02:55:00+00:00,15.279999732971191,15.279999732971191,15.279999732971191,15.279999732971191,324406,0.0,0.0,0.0
2025-03-31 03:00:00+00:00,15.289999961853027,15.289999961853027,15.289999961853027,15.289999961853027,8511,0.0,0.0,0.0
2025-03-31 03:05:00+00:00,15.279999732971191,15.279999732971191,15.270000457763672,15.270000457763672,86244,0.0,0.0,0.0
2025-03-31 03:10:00+00:00,15.270000457763672,15.270000457763672,15.25,15.25,76390,0.0,0.0,0.0
2025-03-31 03:15:00+00:00,15.25,15.260000228881836,15.25,15.25,119623,0.0,0.0,0.0
2025-03-31 03:20:00+00:00,15.25,15.270000457763672,15.25,15.270000457763672,212261,0.0,0.0,0.0
2025-03-31 03:25:00+00:00,15.279999732971191,15.289999961853027,15.279999732971191,15.289999961853027,156000,0.0,0.0,0.0
2025-03-31 03:30:00+00:00,15.289999961853027,15.289999961853027,15.289999961853027,15.289999961853027,12003,0.0,0.0,0.0
2025-03-31 03:35:00+00:00,15.289999961853027,15.289999961853027,15.279999732971191,15.279999732971191,26773,0.0,0.0,0.0
2025-03-31 03:40:00+00:00,15.279999732971191,15.279999732971191,15.279999732971191,15.279999732971191,1150,0.0,0.0,0.0
2025-03-31 03:45:00+00:00,15.289999961853027,15.289999961853027,15.279999732971191,15.289999961853027,41299,0.0,0.0,0.0
2025-03-31 03:50:00+00:00,15.289999961853027,15.289999961853027,15.279999732971191,15.289999961853027,7324,0.0,0.0,0.0
2025-03-31 03:55:00+00:00,15.279999732971191,15.279999732971191,15.260000228881836,15.260000228881836,79100,0.0,0.0,0.0
2025-03-31 04:00:00+00:00,15.260000228881836,15.279999732971191,15.260000228881836,15.279999732971191,13000,0.0,0.0,0.0
2025-03-31 04:05:00+00:00,15.270000457763672,15.270000457763672,15.270000457763672,15.270000457763672,190722,0.0,0.0,0.0
2025-03-31 04:10:00+00:00,15.270000457763672,15.270000457763672,15.260000228881836,15.260000228881836,22102,0.0,0.0,0.0
2025-03-31 04:15:00+00:00,15.260000228881836,15.270000457763672,15.260000228881836,15.260000228881836,8900,0.0,0.0,0.0
2025-03-31 04:20:00+00:00,15.260000228881836,15.279999732971191,15.260000228881836,15.270000457763672,14553,0.0,0.0,0.0
2025-03-31 04:25:00+00:00,15.270000457763672,15.289999961853027,15.270000457763672,15.289999961853027,46378,0.0,0.0,0.0
2025-03-31 04:30:00+00:00,15.289999961853027,15.319999694824219,15.289999961853027,15.3100004196167,61887,0.0,0.0,0.0
2025-03-31 04:35:00+00:00,15.3100004196167,15.329999923706055,15.3100004196167,15.329999923706055,16260,0.0,0.0,0.0
2025-03-31 04:40:00+00:00,15.3100004196167,15.3100004196167,15.3100004196167,15.3100004196167,167301,0.0,0.0,0.0
2025-03-31 04:45:00+00:00,15.329999923706055,15.34000015258789,15.319999694824219,15.319999694824219,17956,0.0,0.0,0.0
2025-03-31 04:50:00+00:00,15.319999694824219,15.319999694824219,15.3100004196167,15.3100004196167,25639,0.0,0.0,0.0
2025-03-31 04:55:00+00:00,15.3100004196167,15.3100004196167,15.300000190734863,15.3100004196167,21300,0.0,0.0,0.0
2025-03-31 05:00:00+00:00,15.3100004196167,15.319999694824219,15.300000190734863,15.3100004196167,94200,0.0,0.0,0.0
2025-03-31 05:05:00+00:00,15.300000190734863,15.3100004196167,15.300000190734863,15.300000190734863,42676,0.0,0.0,0.0
2025-03-31 05:10:00+00:00,15.300000190734863,15.3100004196167,15.289999961853027,15.3100004196167,19061,0.0,0.0,0.0
2025-03-31 05:15:00+00:00,15.3100004196167,15.3100004196167,15.300000190734863,15.300000190734863,35273,0.0,0.0,0.0
2025-03-31 05:20:00+00:00,15.300000190734863,15.3100004196167,15.289999961853027,15.289999961853027,21655,0.0,0.0,0.0
2025-04-01 01:00:00+00:00,15.300000190734863,15.359999656677246,15.300000190734863,15.350000381469727,0,0.0,0.0,0.0
2025-04-01 01:05:00+00:00,15.359999656677246,15.390000343322754,15.329999923706055,15.390000343322754,45864,0.0,0.0,0.0
2025-04-01 01:10:00+00:00,15.390000343322754,15.420000076293945,15.380000114440918,15.390000343322754,92500,0.0,0.0,0.0
2025-04-01 01:15:00+00:00,15.390000343322754,15.40999984741211,15.359999656677246,15.40999984741211,31000,0.0,0.0,0.0
2025-04-01 01:20:00+00:00,15.420000076293945,15.460000038146973,15.420000076293945,15.460000038146973,174033,0.0,0.0,0.0
2025-04-01 01:25:00+00:00,15.4399995803833,15.449999809265137,15.4399995803833,15.449999809265137,2010,0.0,0.0,0.0
2025-04-01 01:30:00+00:00,15.4399995803833,15.449999809265137,15.420000076293945,15.420000076293945,19682,0.0,0.0,0.0
2025-04-01 01:35:00+00:00,15.40999984741211,15.40999984741211,15.40999984741211,15.40999984741211,4151,0.0,0.0,0.0
2025-04-01 01:40:00+00:00,15.399999618530273,15.40999984741211,15.399999618530273,15.40999984741211,54068,0.0,0.0,0.0
2025-04-01 01:45:00+00:00,15.40999984741211,15.420000076293945,15.40999984741211,15.420000076293945,18000,0.0,0.0,0.0
2025-04-01 01:50:00+00:00,15.420000076293945,15.430000305175781,15.40999984741211,15.40999984741211,33125,0.0,0.0,0.0
2025-04-01 02:00:00+00:00,15.420000076293945,15.420000076293945,15.40999984741211,15.420000076293945,10817,0.0,0.0,0.0
2025-04-01 02:05:00+00:00,15.40999984741211,15.40999984741211,15.40999984741211,15.40999984741211,11216,0.0,0.0,0.0
2025-04-01 02:10:00+00:00,15.399999618530273,15.40999984741211,15.399999618530273,15.40999984741211,36053,0.0,0.0,0.0
2025-04-01 02:15:00+00:00,15.420000076293945,15.420000076293945,15.420000076293945,15.420000076293945,70249,0.0,0.0,0.0
2025-04-01 02:20:00+00:00,15.420000076293945,15.4399995803833,15.420000076293945,15.4399995803833,20110,0.0,0.0,0.0
2025-04-01 02:25:00+00:00,15.4399995803833,15.4399995803833,15.4399995803833,15.4399995803833,8000,0.0,0.0,0.0
2025-04-01 02:30:00+00:00,15.4399995803833,15.4399995803833,15.4399995803833,15.4399995803833,5108,0.0,0.0,0.0
2025-04-01 02:35:00+00:00,15.4399995803833,15.4399995803833,15.420000076293945,15.420000076293945,111688,0.0,0.0,0.0
2025-04-01 02:50:00+00:00,15.420000076293945,15.420000076293945,15.420000076293945,15.420000076293945,21494,0.0,0.0,0.0
2025-04-01 02:55:00+00:00,15.420000076293945,15.430000305175781,15.420000076293945,15.430000305175781,21560,0.0,0.0,0.0
2025-04-01 03:00:00+00:00,15.430000305175781,15.430000305175781,15.430000305175781,15.430000305175781,3500,0.0,0.0,0.0
2025-04-01 03:05:00+00:00,15.4399995803833,15.449999809265137,15.4399995803833,15.449999809265137,3960,0.0,0.0,0.0
2025-04-01 03:10:00+00:00,15.449999809265137,15.449999809265137,15.449999809265137,15.449999809265137,39300,0.0,0.0,0.0
2025-04-01 03:15:00+00:00,15.460000038146973,15.460000038146973,15.460000038146973,15.460000038146973,3000,0.0,0.0,0.0
2025-04-01 03:20:00+00:00,15.449999809265137,15.449999809265137,15.449999809265137,15.449999809265137,13200,0.0,0.0,0.0
2025-04-01 03:30:00+00:00,15.460000038146973,15.460000038146973,15.460000038146973,15.460000038146973,4996,0.0,0.0,0.0
2025-04-01 03:35:00+00:00,15.449999809265137,15.449999809265137,15.449999809265137,15.449999809265137,9552,0.0,0.0,0.0
2025-04-01 03:50:00+00:00,15.460000038146973,15.460000038146973,15.449999809265137,15.460000038146973,5100,0.0,0.0,0.0
2025-04-01 03:55:00+00:00,15.460000038146973,15.460000038146973,15.4399995803833,15.4399995803833,7517,0.0,0.0,0.0
2025-04-01 04:00:00+00:00,15.4399995803833,15.4399995803833,15.4399995803833,15.4399995803833,13235,0.0,0.0,0.0
2025-04-01 04:05:00+00:00,15.4399995803833,15.4399995803833,15.420000076293945,15.420000076293945,5210,0.0,0.0,0.0
2025-04-01 04:10:00+00:00,15.430000305175781,15.430000305175781,15.430000305175781,15.430000305175781,6100,0.0,0.0,0.0
2025-04-01 04:15:00+00:00,15.430000305175781,15.430000305175781,15.430000305175781,15.430000305175781,10405,0.0,0.0,0.0
2025-04-01 04:20:00+00:00,15.4399995803833,15.449999809265137,15.430000305175781,15.430000305175781,27200,0.0,0.0,0.0
2025-04-01 04:25:00+00:00,15.4399995803833,15.4399995803833,15.4399995803833,15.4399995803833,1568,0.0,0.0,0.0
2025-04-01 04:30:00+00:00,15.460000038146973,15.460000038146973,15.460000038146973,15.460000038146973,2100,0.0,0.0,0.0
2025-04-01 04:35:00+00:00,15.449999809265137,15.449999809265137,15.449999809265137,15.449999809265137,5659,0.0,0.0,0.0
2025-04-01 04:40:00+00:00,15.449999809265137,15.449999809265137,15.449999809265137,15.449999809265137,11000,0.0,0.0,0.0
2025-04-01 04:45:00+00:00,15.449999809265137,15.460000038146973,15.449999809265137,15.460000038146973,12090,0.0,0.0,0.0
2025-04-01 04:50:00+00:00,15.449999809265137,15.449999809265137,15.449999809265137,15.449999809265137,1040,0.0,0.0,0.0
2025-04-01 04:55:00+00:00,15.449999809265137,15.470000267028809,15.449999809265137,15.470000267028809,58270,0.0,0.0,0.0
2025-04-01 05:00:00+00:00,15.470000267028809,15.470000267028809,15.470000267028809,15.470000267028809,66230,0.0,0.0,0.0
2025-04-01 05:05:00+00:00,15.479999542236328,15.479999542236328,15.479999542236328,15.479999542236328,2000,0.0,0.0,0.0
2025-04-01 05:10:00+00:00,15.479999542236328,15.479999542236328,15.470000267028809,15.470000267028809,7000,0.0,0.0,0.0
2025-04-01 05:15:00+00:00,15.470000267028809,15.470000267028809,15.470000267028809,15.470000267028809,4153,0.0,0.0,0.0
2025-04-01 05:20:00+00:00,15.479999542236328,15.479999542236328,15.470000267028809,15.470000267028809,5170,0.0,0.0,0.0
2025-04-02 01:00:00+00:00,15.449999809265137,15.449999809265137,15.40999984741211,15.40999984741211,0,0.0,0.0,0.0
2025-04-02 01:05:00+00:00,15.40999984741211,15.40999984741211,15.399999618530273,15.399999618530273,41206,0.0,0.0,0.0
2025-04-02 01:10:00+00:00,15.40999984741211,15.40999984741211,15.40999984741211,15.40999984741211,120337,0.0,0.0,0.0
2025-04-02 01:15:00+00:00,15.40999984741211,15.420000076293945,15.40999984741211,15.420000076293945,115525,0.0,0.0,0.0
2025-04-02 01:20:00+00:00,15.420000076293945,15.430000305175781,15.420000076293945,15.430000305175781,140002,0.0,0.0,0.0
2025-04-02 01:25:00+00:00,15.449999809265137,15.449999809265137,15.4399995803833,15.449999809265137,74065,0.0,0.0,0.0
2025-04-02 01:30:00+00:00,15.449999809265137,15.479999542236328,15.449999809265137,15.479999542236328,59700,0.0,0.0,0.0
2025-04-02 01:35:00+00:00,15.479999542236328,15.489999771118164,15.470000267028809,15.489999771118164,63000,0.0,0.0,0.0
2025-04-02 01:40:00+00:00,15.479999542236328,15.489999771118164,15.470000267028809,15.470000267028809,418452,0.0,0.0,0.0
2025-04-02 01:45:00+00:00,15.470000267028809,15.470000267028809,15.460000038146973,15.460000038146973,57147,0.0,0.0,0.0
2025-04-02 01:50:00+00:00,15.470000267028809,15.470000267028809,15.470000267028809,15.470000267028809,25110,0.0,0.0,0.0
2025-04-02 01:55:00+00:00,15.470000267028809,15.470000267028809,15.470000267028809,15.470000267028809,6100,0.0,0.0,0.0
2025-04-02 02:00:00+00:00,15.470000267028809,15.470000267028809,15.449999809265137,15.449999809265137,98205,0.0,0.0,0.0
2025-04-02 02:05:00+00:00,15.4399995803833,15.4399995803833,15.430000305175781,15.430000305175781,114778,0.0,0.0,0.0
2025-04-02 02:10:00+00:00,15.420000076293945,15.420000076293945,15.420000076293945,15.420000076293945,58450,0.0,0.0,0.0
2025-04-02 02:15:00+00:00,15.40999984741211,15.420000076293945,15.40999984741211,15.420000076293945,4630,0.0,0.0,0.0
2025-04-02 02:20:00+00:00,15.430000305175781,15.430000305175781,15.430000305175781,15.430000305175781,7097,0.0,0.0,0.0
2025-04-02 02:25:00+00:00,15.430000305175781,15.4399995803833,15.430000305175781,15.4399995803833,13000,0.0,0.0,0.0
2025-04-02 02:35:00+00:00,15.449999809265137,15.449999809265137,15.449999809265137,15.449999809265137,8080,0.0,0.0,0.0
2025-04-02 02:40:00+00:00,15.449999809265137,15.460000038146973,15.449999809265137,15.460000038146973,4751,0.0,0.0,0.0
2025-04-02 02:45:00+00:00,15.460000038146973,15.460000038146973,15.460000038146973,15.460000038146973,2456,0.0,0.0,0.0
2025-04-02 02:50:00+00:00,15.460000038146973,15.460000038146973,15.460000038146973,15.460000038146973,1000,0.0,0.0,0.0
2025-04-02 02:55:00+00:00,15.449999809265137,15.449999809265137,15.4399995803833,15.4399995803833,20177,0.0,0.0,0.0
2025-04-02 03:00:00+00:00,15.430000305175781,15.430000305175781,15.430000305175781,15.430000305175781,36164,0.0,0.0,0.0
2025-04-02 03:05:00+00:00,15.430000305175781,15.430000305175781,15.430000305175781,15.430000305175781,10310,0.0,0.0,0.0
2025-04-02 03:15:00+00:00,15.430000305175781,15.430000305175781,15.430000305175781,15.430000305175781,9365,0.0,0.0,0.0
2025-04-02 03:20:00+00:00,15.420000076293945,15.420000076293945,15.420000076293945,15.420000076293945,5403,0.0,0.0,0.0
2025-04-02 03:25:00+00:00,15.430000305175781,15.430000305175781,15.430000305175781,15.430000305175781,10720,0.0,0.0,0.0
2025-04-02 03:30:00+00:00,15.449999809265137,15.460000038146973,15.449999809265137,15.460000038146973,4581,0.0,0.0,0.0
2025-04-02 03:35:00+00:00,15.449999809265137,15.449999809265137,15.449999809265137,15.449999809265137,4440,0.0,0.0,0.0
2025-04-02 03:40:00+00:00,15.449999809265137,15.449999809265137,15.449999809265137,15.449999809265137,23798,0.0,0.0,0.0
2025-04-02 03:45:00+00:00,15.4399995803833,15.4399995803833,15.4399995803833,15.4399995803833,2000,0.0,0.0,0.0
2025-04-02 03:50:00+00:00,15.4399995803833,15.4399995803833,15.4399995803833,15.4399995803833,8000,0.0,0.0,0.0
2025-04-02 03:55:00+00:00,15.4399995803833,15.4399995803833,15.4399995803833,15.4399995803833,4150,0.0,0.0,0.0
2025-04-02 04:00:00+00:00,15.449999809265137,15.449999809265137,15.4399995803833,15.4399995803833,8073,0.0,0.0,0.0
2025-04-02 04:05:00+00:00,15.4399995803833,15.4399995803833,15.4399995803833,15.4399995803833,5000,0.0,0.0,0.0
2025-04-02 04:10:00+00:00,15.4399995803833,15.449999809265137,15.4399995803833,15.449999809265137,4818,0.0,0.0,0.0
2025-04-02 04:15:00+00:00,15.449999809265137,15.449999809265137,15.449999809265137,15.449999809265137,4281,0.0,0.0,0.0
2025-04-02 04:25:00+00:00,15.449999809265137,15.449999809265137,15.449999809265137,15.449999809265137,2440,0.0,0.0,0.0
2025-04-02 04:30:00+00:00,15.449999809265137,15.449999809265137,15.4399995803833,15.4399995803833,74280,0.0,0.0,0.0
2025-04-02 04:35:00+00:00,15.430000305175781,15.430000305175781,15.430000305175781,15.430000305175781,2442,0.0,0.0,0.0
2025-04-02 04:40:00+00:00,15.4399995803833,15.4399995803833,15.4399995803833,15.4399995803833,29200,0.0,0.0,0.0
2025-04-02 04:45:00+00:00,15.449999809265137,15.449999809265137,15.449999809265137,15.449999809265137,6350,0.0,0.0,0.0
2025-04-02 04:50:00+00:00,15.449999809265137,15.460000038146973,15.449999809265137,15.460000038146973,3100,0.0,0.0,0.0
2025-04-02 04:55:00+00:00,15.449999809265137,15.449999809265137,15.449999809265137,15.449999809265137,2264,0.0,0.0,0.0
2025-04-02 05:00:00+00:00,15.449999809265137,15.460000038146973,15.449999809265137,15.460000038146973,31000,0.0,0.0,0.0
2025-04-02 05:05:00+00:00,15.460000038146973,15.460000038146973,15.460000038146973,15.460000038146973,6367,0.0,0.0,0.0
2025-04-02 05:10:00+00:00,15.460000038146973,15.460000038146973,15.460000038146973,15.460000038146973,13065,0.0,0.0,0.0
2025-04-02 05:15:00+00:00,15.460000038146973,15.460000038146973,15.460000038146973,15.460000038146973,6223,0.0,0.0,0.0
2025-04-02 05:20:00+00:00,15.460000038146973,15.470000267028809,15.460000038146973,15.470000267028809,4146,0.0,0.0,0.0
2025-04-07 01:00:00+00:00,13.90999984741211,13.90999984741211,13.90999984741211,13.90999984741211,0,0.0,0.0,0.0
2025-04-07 01:05:00+00:00,13.90999984741211,13.90999984741211,13.90999984741211,13.90999984741211,94000,0.0,0.0,0.0
2025-04-07 01:10:00+00:00,13.90999984741211,13.90999984741211,13.90999984741211,13.90999984741211,62271,0.0,0.0,0.0
2025-04-07 01:15:00+00:00,13.90999984741211,13.90999984741211,13.90999984741211,13.90999984741211,56847,0.0,0.0,0.0
2025-04-07 01:20:00+00:00,13.90999984741211,13.90999984741211,13.90999984741211,13.90999984741211,49040,0.0,0.0,0.0
2025-04-07 01:25:00+00:00,13.90999984741211,13.90999984741211,13.90999984741211,13.90999984741211,78222,0.0,0.0,0.0
2025-04-07 01:30:00+00:00,13.90999984741211,13.90999984741211,13.90999984741211,13.90999984741211,63948,0.0,0.0,0.0
2025-04-07 01:35:00+00:00,13.90999984741211,13.90999984741211,13.90999984741211,13.90999984741211,74906,0.0,0.0,0.0
2025-04-07 01:40:00+00:00,13.90999984741211,13.90999984741211,13.90999984741211,13.90999984741211,37560,0.0,0.0,0.0
2025-04-07 01:45:00+00:00,13.90999984741211,13.90999984741211,13.90999984741211,13.90999984741211,53775,0.0,0.0,0.0
2025-04-07 01:50:00+00:00,13.90999984741211,13.90999984741211,13.90999984741211,13.90999984741211,27343,0.0,0.0,0.0
2025-04-07 01:55:00+00:00,13.90999984741211,13.90999984741211,13.90999984741211,13.90999984741211,19497,0.0,0.0,0.0
2025-04-07 02:00:00+00:00,13.90999984741211,13.90999984741211,13.90999984741211,13.90999984741211,24750,0.0,0.0,0.0
2025-04-07 02:05:00+00:00,13.90999984741211,13.90999984741211,13.90999984741211,13.90999984741211,50104,0.0,0.0,0.0
2025-04-07 02:10:00+00:00,13.90999984741211,13.90999984741211,13.90999984741211,13.90999984741211,19399,0.0,0.0,0.0
2025-04-07 02:15:00+00:00,13.90999984741211,13.90999984741211,13.90999984741211,13.90999984741211,39488,0.0,0.0,0.0
2025-04-07 02:20:00+00:00,13.90999984741211,13.90999984741211,13.90999984741211,13.90999984741211,25834,0.0,0.0,0.0
2025-04-07 02:25:00+00:00,13.90999984741211,13.90999984741211,13.90999984741211,13.90999984741211,9519,0.0,0.0,0.0
2025-04-07 02:30:00+00:00,13.90999984741211,13.90999984741211,13.90999984741211,13.90999984741211,18705,0.0,0.0,0.0
2025-04-07 02:35:00+00:00,13.90999984741211,13.90999984741211,13.90999984741211,13.90999984741211,15688,0.0,0.0,0.0
2025-04-07 02:40:00+00:00,13.90999984741211,13.90999984741211,13.90999984741211,13.90999984741211,11181,0.0,0.0,0.0
2025-04-07 02:45:00+00:00,13.90999984741211,13.90999984741211,13.90999984741211,13.90999984741211,17445,0.0,0.0,0.0
2025-04-07 02:50:00+00:00,13.90999984741211,13.90999984741211,13.90999984741211,13.90999984741211,10554,0.0,0.0,0.0
2025-04-07 02:55:00+00:00,13.90999984741211,13.90999984741211,13.90999984741211,13.90999984741211,25571,0.0,0.0,0.0
2025-04-07 03:00:00+00:00,13.90999984741211,13.90999984741211,13.90999984741211,13.90999984741211,8200,0.0,0.0,0.0
2025-04-07 03:05:00+00:00,13.90999984741211,13.90999984741211,13.90999984741211,13.90999984741211,8120,0.0,0.0,0.0
2025-04-07 03:10:00+00:00,13.90999984741211,13.90999984741211,13.90999984741211,13.90999984741211,5070,0.0,0.0,0.0
2025-04-07 03:15:00+00:00,13.90999984741211,13.90999984741211,13.90999984741211,13.90999984741211,10497,0.0,0.0,0.0
2025-04-07 03:20:00+00:00,13.90999984741211,13.90999984741211,13.90999984741211,13.90999984741211,1800,0.0,0.0,0.0
2025-04-07 03:25:00+00:00,13.90999984741211,13.90999984741211,13.90999984741211,13.90999984741211,22000,0.0,0.0,0.0
2025-04-07 03:30:00+00:00,13.90999984741211,13.90999984741211,13.90999984741211,13.90999984741211,23186,0.0,0.0,0.0
2025-04-07 03:35:00+00:00,13.90999984741211,13.90999984741211,13.90999984741211,13.90999984741211,11997,0.0,0.0,0.0
2025-04-07 03:40:00+00:00,13.90999984741211,13.90999984741211,13.90999984741211,13.90999984741211,6018,0.0,0.0,0.0
2025-04-07 03:45:00+00:00,13.90999984741211,13.90999984741211,13.90999984741211,13.90999984741211,3253,0.0,0.0,0.0
2025-04-07 03:50:00+00:00,13.90999984741211,13.90999984741211,13.90999984741211,13.90999984741211,6264,0.0,0.0,0.0
2025-04-07 03:55:00+00:00,13.90999984741211,13.90999984741211,13.90999984741211,13.90999984741211,21330,0.0,0.0,0.0
2025-04-07 04:00:00+00:00,13.90999984741211,13.90999984741211,13.90999984741211,13.90999984741211,20697,0.0,0.0,0.0
2025-04-07 04:05:00+00:00,13.90999984741211,13.90999984741211,13.90999984741211,13.90999984741211,13400,0.0,0.0,0.0
2025-04-07 04:10:00+00:00,13.90999984741211,13.90999984741211,13.90999984741211,13.90999984741211,8070,0.0,0.0,0.0
2025-04-07 04:15:00+00:00,13.90999984741211,13.90999984741211,13.90999984741211,13.90999984741211,12758,0.0,0.0,0.0
2025-04-07 04:20:00+00:00,13.90999984741211,13.90999984741211,13.90999984741211,13.90999984741211,15647,0.0,0.0,0.0
2025-04-07 04:25:00+00:00,13.90999984741211,13.90999984741211,13.90999984741211,13.90999984741211,13266,0.0,0.0,0.0
2025-04-07 04:30:00+00:00,13.90999984741211,13.90999984741211,13.90999984741211,13.90999984741211,23199,0.0,0.0,0.0
2025-04-07 04:35:00+00:00,13.90999984741211,13.90999984741211,13.90999984741211,13.90999984741211,50622,0.0,0.0,0.0
2025-04-07 04:40:00+00:00,13.90999984741211,13.90999984741211,13.90999984741211,13.90999984741211,16084,0.0,0.0,0.0
2025-04-07 04:45:00+00:00,13.90999984741211,13.90999984741211,13.90999984741211,13.90999984741211,4781,0.0,0.0,0.0
2025-04-07 04:50:00+00:00,13.90999984741211,13.90999984741211,13.90999984741211,13.90999984741211,12427,0.0,0.0,0.0
2025-04-07 04:55:00+00:00,13.90999984741211,13.90999984741211,13.90999984741211,13.90999984741211,5171,0.0,0.0,0.0
2025-04-07 05:05:00+00:00,13.90999984741211,13.90999984741211,13.90999984741211,13.90999984741211,6300,0.0,0.0,0.0
2025-04-07 05:10:00+00:00,13.90999984741211,13.90999984741211,13.90999984741211,13.90999984741211,6875,0.0,0.0,0.0
2025-04-07 05:15:00+00:00,13.90999984741211,13.90999984741211,13.90999984741211,13.90999984741211,10149,0.0,0.0,0.0
2025-04-07 05:20:00+00:00,13.90999984741211,13.90999984741211,13.90999984741211,13.90999984741211,3182,0.0,0.0,0.0
2025-04-08 01:00:00+00:00,13.140000343322754,13.40999984741211,13.140000343322754,13.399999618530273,0,0.0,0.0,0.0
2025-04-08 01:05:00+00:00,13.460000038146973,13.789999961853027,13.460000038146973,13.65999984741211,486024,0.0,0.0,0.0
2025-04-08 01:10:00+00:00,13.65999984741211,13.710000038146973,13.600000381469727,13.619999885559082,419561,0.0,0.0,0.0
2025-04-08 01:15:00+00:00,13.630000114440918,13.630000114440918,13.569999694824219,13.569999694824219,134732,0.0,0.0,0.0
2025-04-08 01:20:00+00:00,13.5600004196167,13.729999542236328,13.550000190734863,13.729999542236328,594487,0.0,0.0,0.0
2025-04-08 01:25:00+00:00,13.770000457763672,13.800000190734863,13.770000457763672,13.800000190734863,227465,0.0,0.0,0.0
2025-04-08 01:30:00+00:00,13.800000190734863,13.800000190734863,13.720000267028809,13.729999542236328,138119,0.0,0.0,0.0
2025-04-08 01:35:00+00:00,13.75,13.84000015258789,13.75,13.84000015258789,2827701,0.0,0.0,0.0
2025-04-08 01:40:00+00:00,13.850000381469727,13.850000381469727,13.760000228881836,13.800000190734863,491345,0.0,0.0,0.0
2025-04-08 01:45:00+00:00,13.789999961853027,13.789999961853027,13.729999542236328,13.760000228881836,983243,0.0,0.0,0.0
2025-04-08 01:50:00+00:00,13.760000228881836,13.770000457763672,13.729999542236328,13.760000228881836,91253,0.0,0.0,0.0
2025-04-08 01:55:00+00:00,13.770000457763672,13.779999732971191,13.75,13.75,22460,0.0,0.0,0.0
2025-04-08 02:00:00+00:00,13.739999771118164,13.800000190734863,13.729999542236328,13.779999732971191,285843,0.0,0.0,0.0
2025-04-08 02:05:00+00:00,13.770000457763672,13.779999732971191,13.729999542236328,13.729999542236328,544475,0.0,0.0,0.0
2025-04-08 02:10:00+00:00,13.729999542236328,13.770000457763672,13.729999542236328,13.770000457763672,256565,0.0,0.0,0.0
2025-04-08 02:15:00+00:00,13.770000457763672,13.770000457763672,13.75,13.75,25109,0.0,0.0,0.0
2025-04-08 02:20:00+00:00,13.75,13.75,13.720000267028809,13.739999771118164,142324,0.0,0.0,0.0
2025-04-08 02:25:00+00:00,13.739999771118164,13.739999771118164,13.710000038146973,13.710000038146973,622617,0.0,0.0,0.0
2025-04-08 02:30:00+00:00,13.699999809265137,13.699999809265137,13.65999984741211,13.65999984741211,133023,0.0,0.0,0.0
2025-04-08 02:35:00+00:00,13.670000076293945,13.670000076293945,13.649999618530273,13.649999618530273,83133,0.0,0.0,0.0
2025-04-08 02:40:00+00:00,13.640000343322754,13.640000343322754,13.600000381469727,13.600000381469727,44547,0.0,0.0,0.0
2025-04-08 02:45:00+00:00,13.630000114440918,13.630000114440918,13.619999885559082,13.619999885559082,27710,0.0,0.0,0.0
2025-04-08 02:50:00+00:00,13.619999885559082,13.619999885559082,13.600000381469727,13.600000381469727,67916,0.0,0.0,0.0
2025-04-08 02:55:00+00:00,13.59000015258789,13.59000015258789,13.569999694824219,13.569999694824219,47139,0.0,0.0,0.0
2025-04-08 03:00:00+00:00,13.5600004196167,13.5600004196167,13.550000190734863,13.550000190734863,73157,0.0,0.0,0.0
2025-04-08 03:05:00+00:00,13.550000190734863,13.550000190734863,13.529999732971191,13.529999732971191,63787,0.0,0.0,0.0
2025-04-08 03:10:00+00:00,13.520000457763672,13.520000457763672,13.489999771118164,13.489999771118164,116315,0.0,0.0,0.0
2025-04-08 03:15:00+00:00,13.489999771118164,13.520000457763672,13.479999542236328,13.520000457763672,41763,0.0,0.0,0.0
2025-04-08 03:20:00+00:00,13.520000457763672,13.520000457763672,13.5,13.5,35760,0.0,0.0,0.0
2025-04-08 03:25:00+00:00,13.510000228881836,13.550000190734863,13.510000228881836,13.529999732971191,32060,0.0,0.0,0.0
2025-04-08 03:30:00+00:00,13.529999732971191,13.579999923706055,13.529999732971191,13.579999923706055,76033,0.0,0.0,0.0
2025-04-08 03:35:00+00:00,13.5600004196167,13.59000015258789,13.539999961853027,13.59000015258789,74322,0.0,0.0,0.0
2025-04-08 03:40:00+00:00,13.59000015258789,13.600000381469727,13.550000190734863,13.550000190734863,129020,0.0,0.0,0.0
2025-04-08 03:45:00+00:00,13.550000190734863,13.550000190734863,13.539999961853027,13.539999961853027,20307,0.0,0.0,0.0
2025-04-08 03:50:00+00:00,13.529999732971191,13.529999732971191,13.520000457763672,13.520000457763672,31999,0.0,0.0,0.0
2025-04-08 03:55:00+00:00,13.539999961853027,13.550000190734863,13.529999732971191,13.529999732971191,196159,0.0,0.0,0.0
2025-04-08 04:00:00+00:00,13.529999732971191,13.569999694824219,13.529999732971191,13.569999694824219,130025,0.0,0.0,0.0
2025-04-08 04:05:00+00:00,13.5600004196167,13.600000381469727,13.5600004196167,13.600000381469727,17054,0.0,0.0,0.0
2025-04-08 04:10:00+00:00,13.59000015258789,13.619999885559082,13.579999923706055,13.59000015258789,63526,0.0,0.0,0.0
2025-04-08 04:15:00+00:00,13.579999923706055,13.59000015258789,13.550000190734863,13.550000190734863,30981,0.0,0.0,0.0
2025-04-08 04:20:00+00:00,13.5600004196167,13.5600004196167,13.539999961853027,13.550000190734863,39006,0.0,0.0,0.0
2025-04-08 04:25:00+00:00,13.550000190734863,13.5600004196167,13.550000190734863,13.550000190734863,31669,0.0,0.0,0.0
2025-04-08 04:30:00+00:00,13.5600004196167,13.600000381469727,13.5600004196167,13.600000381469727,1255000,0.0,0.0,0.0
2025-04-08 04:35:00+00:00,13.600000381469727,13.630000114440918,13.600000381469727,13.630000114440918,244500,0.0,0.0,0.0
2025-04-08 04:40:00+00:00,13.619999885559082,13.649999618530273,13.609999656677246,13.619999885559082,46000,0.0,0.0,0.0
2025-04-08 04:45:00+00:00,13.640000343322754,13.65999984741211,13.640000343322754,13.649999618530273,72109,0.0,0.0,0.0
2025-04-08 04:50:00+00:00,13.649999618530273,13.649999618530273,13.640000343322754,13.640000343322754,13448,0.0,0.0,0.0
2025-04-08 04:55:00+00:00,13.630000114440918,13.720000267028809,13.630000114440918,13.720000267028809,38309,0.0,0.0,0.0
2025-04-08 05:00:00+00:00,13.729999542236328,13.729999542236328,13.710000038146973,13.710000038146973,28330,0.0,0.0,0.0
2025-04-08 05:05:00+00:00,13.699999809265137,13.710000038146973,13.6899995803833,13.699999809265137,17872,0.0,0.0,0.0
2025-04-08 05:10:00+00:00,13.699999809265137,13.699999809265137,13.65999984741211,13.65999984741211,135859,0.0,0.0,0.0
2025-04-08 05:15:00+00:00,13.670000076293945,13.6899995803833,13.670000076293945,13.6899995803833,94103,0.0,0.0,0.0
2025-04-08 05:20:00+00:00,13.680000305175781,13.699999809265137,13.680000305175781,13.699999809265137,36617,0.0,0.0,0.0
2025-04-09 01:00:00+00:00,13.640000343322754,13.680000305175781,13.619999885559082,13.619999885559082,0,0.0,0.0,0.0
2025-04-09 01:05:00+00:00,13.609999656677246,13.609999656677246,13.569999694824219,13.600000381469727,62526,0.0,0.0,0.0
2025-04-09 01:10:00+00:00,13.59000015258789,13.680000305175781,13.5600004196167,13.680000305175781,250411,0.0,0.0,0.0
2025-04-09 01:15:00+00:00,13.680000305175781,13.680000305175781,13.619999885559082,13.619999885559082,143090,0.0,0.0,0.0
2025-04-09 01:20:00+00:00,13.609999656677246,13.609999656677246,13.539999961853027,13.539999961853027,120925,0.0,0.0,0.0
2025-04-09 01:25:00+00:00,13.5600004196167,13.5600004196167,13.529999732971191,13.539999961853027,52122,0.0,0.0,0.0
2025-04-09 01:30:00+00:00,13.529999732971191,13.529999732971191,13.489999771118164,13.510000228881836,199576,0.0,0.0,0.0
2025-04-09 01:35:00+00:00,13.510000228881836,13.579999923706055,13.510000228881836,13.569999694824219,92253,0.0,0.0,0.0
2025-04-09 01:40:00+00:00,13.5600004196167,13.59000015258789,13.550000190734863,13.59000015258789,38000,0.0,0.0,0.0
2025-04-09 01:45:00+00:00,13.59000015258789,13.600000381469727,13.569999694824219,13.600000381469727,100599,0.0,0.0,0.0
2025-04-09 01:50:00+00:00,13.630000114440918,13.630000114440918,13.510000228881836,13.510000228881836,80064,0.0,0.0,0.0
2025-04-09 01:55:00+00:00,13.510000228881836,13.529999732971191,13.5,13.529999732971191,76090,0.0,0.0,0.0
2025-04-09 02:00:00+00:00,13.550000190734863,13.579999923706055,13.550000190734863,13.5600004196167,26301,0.0,0.0,0.0
2025-04-09 02:05:00+00:00,13.550000190734863,13.550000190734863,13.550000190734863,13.550000190734863,3110,0.0,0.0,0.0
2025-04-09 02:10:00+00:00,13.569999694824219,13.569999694824219,13.5600004196167,13.5600004196167,7051,0.0,0.0,0.0
2025-04-09 02:15:00+00:00,13.59000015258789,13.59000015258789,13.59000015258789,13.59000015258789,22410,0.0,0.0,0.0
2025-04-09 02:20:00+00:00,13.579999923706055,13.579999923706055,13.569999694824219,13.569999694824219,12134,0.0,0.0,0.0
2025-04-09 02:25:00+00:00,13.569999694824219,13.569999694824219,13.529999732971191,13.529999732971191,159429,0.0,0.0,0.0
2025-04-09 02:30:00+00:00,13.539999961853027,13.550000190734863,13.539999961853027,13.550000190734863,8000,0.0,0.0,0.0
2025-04-09 02:35:00+00:00,13.550000190734863,13.550000190734863,13.520000457763672,13.520000457763672,19589,0.0,0.0,0.0
2025-04-09 02:40:00+00:00,13.529999732971191,13.529999732971191,13.510000228881836,13.520000457763672,32174,0.0,0.0,0.0
2025-04-09 02:45:00+00:00,13.529999732971191,13.529999732971191,13.510000228881836,13.510000228881836,55916,0.0,0.0,0.0
2025-04-09 02:50:00+00:00,13.510000228881836,13.510000228881836,13.479999542236328,13.479999542236328,319319,0.0,0.0,0.0
2025-04-09 02:55:00+00:00,13.470000267028809,13.470000267028809,13.430000305175781,13.430000305175781,89833,0.0,0.0,0.0
2025-04-09 03:00:00+00:00,13.4399995803833,13.4399995803833,13.399999618530273,13.399999618530273,83134,0.0,0.0,0.0
2025-04-09 03:05:00+00:00,13.390000343322754,13.399999618530273,13.380000114440918,13.399999618530273,37050,0.0,0.0,0.0
2025-04-09 03:10:00+00:00,13.399999618530273,13.399999618530273,13.329999923706055,13.329999923706055,115225,0.0,0.0,0.0
2025-04-09 03:15:00+00:00,13.319999694824219,13.319999694824219,13.279999732971191,13.279999732971191,37840,0.0,0.0,0.0
2025-04-09 03:20:00+00:00,13.270000457763672,13.270000457763672,13.220000267028809,13.220000267028809,131891,0.0,0.0,0.0
2025-04-09 03:25:00+00:00,13.220000267028809,13.229999542236328,13.1899995803833,13.229999542236328,312248,0.0,0.0,0.0
2025-04-09 03:30:00+00:00,13.1899995803833,13.229999542236328,13.180000305175781,13.210000038146973,22200,0.0,0.0,0.0
2025-04-09 03:35:00+00:00,13.220000267028809,13.220000267028809,13.15999984741211,13.15999984741211,80906,0.0,0.0,0.0
2025-04-09 03:40:00+00:00,13.15999984741211,13.15999984741211,13.140000343322754,13.140000343322754,88417,0.0,0.0,0.0
2025-04-09 03:45:00+00:00,13.149999618530273,13.170000076293945,13.149999618530273,13.149999618530273,19029,0.0,0.0,0.0
2025-04-09 03:50:00+00:00,13.140000343322754,13.15999984741211,13.140000343322754,13.140000343322754,24410,0.0,0.0,0.0
2025-04-09 03:55:00+00:00,13.140000343322754,13.140000343322754,13.039999961853027,13.079999923706055,172673,0.0,0.0,0.0
2025-04-09 04:00:00+00:00,13.140000343322754,13.1899995803833,13.109999656677246,13.109999656677246,365100,0.0,0.0,0.0
2025-04-09 04:05:00+00:00,13.119999885559082,13.119999885559082,13.050000190734863,13.079999923706055,60176,0.0,0.0,0.0
2025-04-09 04:10:00+00:00,13.069999694824219,13.069999694824219,13.020000457763672,13.020000457763672,38370,0.0,0.0,0.0
2025-04-09 04:15:00+00:00,13.020000457763672,13.029999732971191,12.979999542236328,12.979999542236328,147989,0.0,0.0,0.0
2025-04-09 04:20:00+00:00,12.979999542236328,12.989999771118164,12.970000267028809,12.970000267028809,67092,0.0,0.0,0.0
2025-04-09 04:25:00+00:00,12.970000267028809,12.970000267028809,12.960000038146973,12.960000038146973,57767,0.0,0.0,0.0
2025-04-09 04:30:00+00:00,12.989999771118164,12.989999771118164,12.960000038146973,12.960000038146973,15659,0.0,0.0,0.0
2025-04-09 04:35:00+00:00,12.970000267028809,12.970000267028809,12.930000305175781,12.930000305175781,113704,0.0,0.0,0.0
2025-04-09 04:40:00+00:00,12.930000305175781,12.9399995803833,12.899999618530273,12.9399995803833,252405,0.0,0.0,0.0
2025-04-09 04:45:00+00:00,12.970000267028809,13.050000190734863,12.970000267028809,13.050000190734863,186069,0.0,0.0,0.0
2025-04-09 05:05:00+00:00,12.949999809265137,12.949999809265137,12.9399995803833,12.9399995803833,182464,0.0,0.0,0.0
2025-04-09 05:10:00+00:00,12.9399995803833,12.9399995803833,12.930000305175781,12.9399995803833,52138,0.0,0.0,0.0
2025-04-09 05:15:00+00:00,12.949999809265137,12.979999542236328,12.949999809265137,12.970000267028809,66650,0.0,0.0,0.0
2025-04-09 05:20:00+00:00,12.970000267028809,12.970000267028809,12.920000076293945,12.949999809265137,361779,0.0,0.0,0.0
2025-04-10 01:00:00+00:00,14.1899995803833,14.1899995803833,14.1899995803833,14.1899995803833,0,0.0,0.0,0.0
2025-04-10 01:05:00+00:00,14.1899995803833,14.1899995803833,14.1899995803833,14.1899995803833,53768,0.0,0.0,0.0
2025-04-10 01:10:00+00:00,14.1899995803833,14.1899995803833,14.1899995803833,14.1899995803833,67625,0.0,0.0,0.0
2025-04-10 01:15:00+00:00,14.1899995803833,14.1899995803833,14.1899995803833,14.1899995803833,51731,0.0,0.0,0.0
2025-04-10 01:20:00+00:00,14.1899995803833,14.1899995803833,14.1899995803833,14.1899995803833,67873,0.0,0.0,0.0
2025-04-10 01:25:00+00:00,14.1899995803833,14.1899995803833,14.1899995803833,14.1899995803833,21748,0.0,0.0,0.0
2025-04-10 01:30:00+00:00,14.1899995803833,14.1899995803833,14.1899995803833,14.1899995803833,5580,0.0,0.0,0.0
2025-04-10 01:35:00+00:00,14.1899995803833,14.1899995803833,14.1899995803833,14.1899995803833,16100,0.0,0.0,0.0
2025-04-10 01:40:00+00:00,14.1899995803833,14.1899995803833,14.1899995803833,14.1899995803833,101800,0.0,0.0,0.0
2025-04-10 01:45:00+00:00,14.1899995803833,14.1899995803833,14.1899995803833,14.1899995803833,41000,0.0,0.0,0.0
2025-04-10 01:50:00+00:00,14.1899995803833,14.1899995803833,14.1899995803833,14.1899995803833,46725,0.0,0.0,0.0
2025-04-10 01:55:00+00:00,14.1899995803833,14.1899995803833,14.1899995803833,14.1899995803833,2100,0.0,0.0,0.0
2025-04-10 02:00:00+00:00,14.1899995803833,14.1899995803833,14.1899995803833,14.1899995803833,164200,0.0,0.0,0.0
2025-04-10 02:05:00+00:00,14.1899995803833,14.1899995803833,14.1899995803833,14.1899995803833,13000,0.0,0.0,0.0
2025-04-10 02:10:00+00:00,14.1899995803833,14.1899995803833,14.1899995803833,14.1899995803833,3000,0.0,0.0,0.0
2025-04-10 02:15:00+00:00,14.1899995803833,14.1899995803833,14.1899995803833,14.1899995803833,2000,0.0,0.0,0.0
2025-04-10 02:20:00+00:00,14.1899995803833,14.1899995803833,14.1899995803833,14.1899995803833,1000,0.0,0.0,0.0
2025-04-10 02:25:00+00:00,14.1899995803833,14.1899995803833,14.1899995803833,14.1899995803833,10500,0.0,0.0,0.0
2025-04-10 02:30:00+00:00,14.1899995803833,14.1899995803833,14.1899995803833,14.1899995803833,6014,0.0,0.0,0.0
2025-04-10 02:35:00+00:00,14.1899995803833,14.1899995803833,14.1899995803833,14.1899995803833,125000,0.0,0.0,0.0
2025-04-10 02:40:00+00:00,14.1899995803833,14.1899995803833,14.180000305175781,14.180000305175781,325200,0.0,0.0,0.0
2025-04-10 02:45:00+00:00,14.1899995803833,14.1899995803833,14.15999984741211,14.1899995803833,185000,0.0,0.0,0.0
2025-04-10 02:50:00+00:00,14.1899995803833,14.1899995803833,14.1899995803833,14.1899995803833,386500,0.0,0.0,0.0
2025-04-10 02:55:00+00:00,14.1899995803833,14.1899995803833,14.149999618530273,14.1899995803833,107100,0.0,0.0,0.0
2025-04-10 03:00:00+00:00,14.1899995803833,14.1899995803833,14.1899995803833,14.1899995803833,16000,0.0,0.0,0.0
2025-04-10 03:05:00+00:00,14.1899995803833,14.1899995803833,14.1899995803833,14.1899995803833,103210,0.0,0.0,0.0
2025-04-10 03:10:00+00:00,14.1899995803833,14.1899995803833,14.1899995803833,14.1899995803833,23000,0.0,0.0,0.0
2025-04-10 03:15:00+00:00,14.1899995803833,14.1899995803833,14.1899995803833,14.1899995803833,5700,0.0,0.0,0.0
2025-04-10 03:20:00+00:00,14.1899995803833,14.1899995803833,14.1899995803833,14.1899995803833,54000,0.0,0.0,0.0
2025-04-10 03:30:00+00:00,14.1899995803833,14.1899995803833,14.1899995803833,14.1899995803833,20930,0.0,0.0,0.0
2025-04-10 03:35:00+00:00,14.1899995803833,14.1899995803833,14.1899995803833,14.1899995803833,35000,0.0,0.0,0.0
2025-04-10 03:45:00+00:00,14.1899995803833,14.1899995803833,14.1899995803833,14.1899995803833,100000,0.0,0.0,0.0
2025-04-10 03:55:00+00:00,14.1899995803833,14.1899995803833,14.1899995803833,14.1899995803833,50190,0.0,0.0,0.0
2025-04-10 04:05:00+00:00,14.1899995803833,14.1899995803833,14.1899995803833,14.1899995803833,7066,0.0,0.0,0.0
2025-04-10 04:15:00+00:00,14.1899995803833,14.1899995803833,14.1899995803833,14.1899995803833,79000,0.0,0.0,0.0
2025-04-10 04:20:00+00:00,14.1899995803833,14.1899995803833,14.1899995803833,14.1899995803833,10000,0.0,0.0,0.0
2025-04-10 04:25:00+00:00,14.1899995803833,14.1899995803833,14.1899995803833,14.1899995803833,16660,0.0,0.0,0.0
2025-04-10 04:35:00+00:00,14.1899995803833,14.1899995803833,14.1899995803833,14.1899995803833,9000,0.0,0.0,0.0
2025-04-10 04:40:00+00:00,14.1899995803833,14.1899995803833,14.1899995803833,14.1899995803833,5477,0.0,0.0,0.0
2025-04-10 04:55:00+00:00,14.1899995803833,14.1899995803833,14.1899995803833,14.1899995803833,3350,0.0,0.0,0.0
2025-04-10 05:00:00+00:00,14.1899995803833,14.1899995803833,14.1899995803833,14.1899995803833,419200,0.0,0.0,0.0
2025-04-10 05:05:00+00:00,14.1899995803833,14.1899995803833,14.1899995803833,14.1899995803833,1970005,0.0,0.0,0.0
2025-04-10 05:10:00+00:00,14.1899995803833,14.1899995803833,14.180000305175781,14.1899995803833,40590,0.0,0.0,0.0
2025-04-10 05:15:00+00:00,14.1899995803833,14.1899995803833,14.1899995803833,14.1899995803833,3824100,0.0,0.0,0.0
2025-04-11 01:00:00+00:00,13.859999656677246,13.869999885559082,13.699999809265137,13.850000381469727,0,0.0,0.0,0.0
2025-04-11 01:05:00+00:00,13.800000190734863,13.880000114440918,13.800000190734863,13.880000114440918,95304,0.0,0.0,0.0
2025-04-11 01:10:00+00:00,13.880000114440918,13.920000076293945,13.880000114440918,13.920000076293945,203657,0.0,0.0,0.0
2025-04-11 01:15:00+00:00,13.90999984741211,14.079999923706055,13.899999618530273,14.079999923706055,582004,0.0,0.0,0.0
2025-04-11 01:20:00+00:00,14.079999923706055,14.100000381469727,14.039999961853027,14.079999923706055,94640,0.0,0.0,0.0
2025-04-11 01:25:00+00:00,14.100000381469727,14.15999984741211,14.100000381469727,14.149999618530273,103100,0.0,0.0,0.0
2025-04-11 01:30:00+00:00,14.130000114440918,14.130000114440918,14.0600004196167,14.0600004196167,85511,0.0,0.0,0.0
2025-04-11 01:35:00+00:00,14.069999694824219,14.119999885559082,14.069999694824219,14.119999885559082,112596,0.0,0.0,0.0
2025-04-11 01:40:00+00:00,14.119999885559082,14.119999885559082,14.100000381469727,14.119999885559082,23423,0.0,0.0,0.0
2025-04-11 01:45:00+00:00,14.119999885559082,14.119999885559082,14.069999694824219,14.069999694824219,33353,0.0,0.0,0.0
2025-04-11 01:50:00+00:00,14.069999694824219,14.069999694824219,14.0600004196167,14.069999694824219,11130,0.0,0.0,0.0
2025-04-11 01:55:00+00:00,14.069999694824219,14.100000381469727,14.069999694824219,14.100000381469727,23550,0.0,0.0,0.0
2025-04-11 02:00:00+00:00,14.100000381469727,14.100000381469727,14.100000381469727,14.100000381469727,25005,0.0,0.0,0.0
2025-04-11 02:05:00+00:00,14.09000015258789,14.09000015258789,14.069999694824219,14.09000015258789,26310,0.0,0.0,0.0
2025-04-11 02:10:00+00:00,14.100000381469727,14.100000381469727,14.09000015258789,14.100000381469727,16000,0.0,0.0,0.0
2025-04-11 02:15:00+00:00,14.100000381469727,14.100000381469727,14.069999694824219,14.069999694824219,37564,0.0,0.0,0.0
2025-04-11 02:20:00+00:00,14.09000015258789,14.109999656677246,14.09000015258789,14.109999656677246,7000,0.0,0.0,0.0
2025-04-11 02:25:00+00:00,14.109999656677246,14.109999656677246,14.109999656677246,14.109999656677246,8302,0.0,0.0,0.0
2025-04-11 02:30:00+00:00,14.100000381469727,14.119999885559082,14.09000015258789,14.119999885559082,110208,0.0,0.0,0.0
2025-04-11 02:35:00+00:00,14.119999885559082,14.119999885559082,14.119999885559082,14.119999885559082,19002,0.0,0.0,0.0
2025-04-11 02:40:00+00:00,14.109999656677246,14.119999885559082,14.09000015258789,14.119999885559082,229700,0.0,0.0,0.0
2025-04-11 02:45:00+00:00,14.130000114440918,14.15999984741211,14.130000114440918,14.15999984741211,503000,0.0,0.0,0.0
2025-04-11 02:50:00+00:00,14.15999984741211,14.15999984741211,14.15999984741211,14.15999984741211,209200,0.0,0.0,0.0
2025-04-11 02:55:00+00:00,14.15999984741211,14.15999984741211,14.15999984741211,14.15999984741211,19920,0.0,0.0,0.0
2025-04-11 03:00:00+00:00,14.15999984741211,14.15999984741211,14.149999618530273,14.149999618530273,129100,0.0,0.0,0.0
2025-04-11 03:05:00+00:00,14.15999984741211,14.170000076293945,14.149999618530273,14.149999618530273,224418,0.0,0.0,0.0
2025-04-11 03:10:00+00:00,14.170000076293945,14.170000076293945,14.15999984741211,14.170000076293945,14000,0.0,0.0,0.0
2025-04-11 03:15:00+00:00,14.170000076293945,14.170000076293945,14.170000076293945,14.170000076293945,5035,0.0,0.0,0.0
2025-04-11 03:20:00+00:00,14.170000076293945,14.180000305175781,14.140000343322754,14.170000076293945,226598,0.0,0.0,0.0
2025-04-11 03:25:00+00:00,14.140000343322754,14.15999984741211,14.140000343322754,14.149999618530273,14350,0.0,0.0,0.0
2025-04-11 03:30:00+00:00,14.15999984741211,14.15999984741211,14.119999885559082,14.119999885559082,111612,0.0,0.0,0.0
2025-04-11 03:35:00+00:00,14.130000114440918,14.130000114440918,14.119999885559082,14.130000114440918,9820,0.0,0.0,0.0
2025-04-11 03:40:00+00:00,14.130000114440918,14.149999618530273,14.130000114440918,14.149999618530273,17000,0.0,0.0,0.0
2025-04-11 03:45:00+00:00,14.140000343322754,14.140000343322754,14.130000114440918,14.130000114440918,14035,0.0,0.0,0.0
2025-04-11 03:55:00+00:00,14.130000114440918,14.130000114440918,14.130000114440918,14.130000114440918,4750,0.0,0.0,0.0
2025-04-11 04:00:00+00:00,14.119999885559082,14.130000114440918,14.100000381469727,14.100000381469727,123687,0.0,0.0,0.0
2025-04-11 04:05:00+00:00,14.109999656677246,14.119999885559082,14.109999656677246,14.119999885559082,14000,0.0,0.0,0.0
2025-04-11 04:10:00+00:00,14.130000114440918,14.130000114440918,14.130000114440918,14.130000114440918,2360,0.0,0.0,0.0
2025-04-11 04:15:00+00:00,14.130000114440918,14.130000114440918,14.119999885559082,14.119999885559082,3060,0.0,0.0,0.0
2025-04-11 04:20:00+00:00,14.130000114440918,14.130000114440918,14.119999885559082,14.119999885559082,32336,0.0,0.0,0.0
2025-04-11 04:25:00+00:00,14.119999885559082,14.130000114440918,14.109999656677246,14.109999656677246,35126,0.0,0.0,0.0
2025-04-11 04:30:00+00:00,14.119999885559082,14.149999618530273,14.119999885559082,14.149999618530273,52926,0.0,0.0,0.0
2025-04-11 04:35:00+00:00,14.140000343322754,14.149999618530273,14.130000114440918,14.149999618530273,189211,0.0,0.0,0.0
2025-04-11 04:40:00+00:00,14.149999618530273,14.149999618530273,14.149999618530273,14.149999618530273,163667,0.0,0.0,0.0
2025-04-11 04:45:00+00:00,14.15999984741211,14.15999984741211,14.149999618530273,14.149999618530273,3294,0.0,0.0,0.0
2025-04-11 04:50:00+00:00,14.140000343322754,14.170000076293945,14.140000343322754,14.170000076293945,13156,0.0,0.0,0.0
2025-04-11 04:55:00+00:00,14.149999618530273,14.15999984741211,14.149999618530273,14.15999984741211,107150,0.0,0.0,0.0
2025-04-11 05:00:00+00:00,14.15999984741211,14.170000076293945,14.15999984741211,14.170000076293945,530100,0.0,0.0,0.0
2025-04-11 05:05:00+00:00,14.170000076293945,14.1899995803833,14.170000076293945,14.1899995803833,10100,0.0,0.0,0.0
2025-04-11 05:10:00+00:00,14.180000305175781,14.180000305175781,14.180000305175781,14.180000305175781,1000,0.0,0.0,0.0
2025-04-11 05:15:00+00:00,14.1899995803833,14.199999809265137,14.1899995803833,14.1899995803833,34260,0.0,0.0,0.0
2025-04-11 05:20:00+00:00,14.199999809265137,14.220000267028809,14.1899995803833,14.220000267028809,597205,0.0,0.0,0.0
2025-04-14 01:00:00+00:00,14.369999885559082,14.449999809265137,14.369999885559082,14.4399995803833,0,0.0,0.0,0.0
2025-04-14 01:05:00+00:00,14.449999809265137,14.550000190734863,14.449999809265137,14.539999961853027,132304,0.0,0.0,0.0
2025-04-14 01:10:00+00:00,14.539999961853027,14.5600004196167,14.539999961853027,14.550000190734863,72600,0.0,0.0,0.0
2025-04-14 01:15:00+00:00,14.550000190734863,14.550000190734863,14.4399995803833,14.4399995803833,127787,0.0,0.0,0.0
2025-04-14 01:20:00+00:00,14.449999809265137,14.470000267028809,14.430000305175781,14.430000305175781,234179,0.0,0.0,0.0
2025-04-14 01:25:00+00:00,14.420000076293945,14.449999809265137,14.40999984741211,14.4399995803833,152888,0.0,0.0,0.0
2025-04-14 01:30:00+00:00,14.449999809265137,14.449999809265137,14.4399995803833,14.449999809265137,9416,0.0,0.0,0.0
2025-04-14 01:35:00+00:00,14.4399995803833,14.4399995803833,14.40999984741211,14.40999984741211,207803,0.0,0.0,0.0
2025-04-14 01:40:00+00:00,14.40999984741211,14.40999984741211,14.390000343322754,14.390000343322754,40200,0.0,0.0,0.0
2025-04-14 01:45:00+00:00,14.420000076293945,14.420000076293945,14.359999656677246,14.359999656677246,37849,0.0,0.0,0.0
2025-04-14 01:50:00+00:00,14.359999656677246,14.369999885559082,14.350000381469727,14.369999885559082,42720,0.0,0.0,0.0
2025-04-14 01:55:00+00:00,14.359999656677246,14.390000343322754,14.359999656677246,14.390000343322754,4240,0.0,0.0,0.0
2025-04-14 02:00:00+00:00,14.399999618530273,14.420000076293945,14.399999618530273,14.420000076293945,120220,0.0,0.0,0.0
2025-04-14 02:05:00+00:00,14.420000076293945,14.420000076293945,14.399999618530273,14.399999618530273,221989,0.0,0.0,0.0
2025-04-14 02:10:00+00:00,14.390000343322754,14.390000343322754,14.390000343322754,14.390000343322754,32100,0.0,0.0,0.0
2025-04-14 02:15:00+00:00,14.380000114440918,14.399999618530273,14.380000114440918,14.399999618530273,75446,0.0,0.0,0.0
2025-04-14 02:20:00+00:00,14.399999618530273,14.399999618530273,14.399999618530273,14.399999618530273,7180,0.0,0.0,0.0
2025-04-14 02:30:00+00:00,14.40999984741211,14.449999809265137,14.40999984741211,14.449999809265137,35000,0.0,0.0,0.0
2025-04-14 02:35:00+00:00,14.449999809265137,14.449999809265137,14.449999809265137,14.449999809265137,1252,0.0,0.0,0.0
2025-04-14 02:45:00+00:00,14.470000267028809,14.470000267028809,14.460000038146973,14.460000038146973,7223,0.0,0.0,0.0
2025-04-14 02:50:00+00:00,14.460000038146973,14.460000038146973,14.460000038146973,14.460000038146973,10160,0.0,0.0,0.0
2025-04-14 02:55:00+00:00,14.479999542236328,14.479999542236328,14.460000038146973,14.460000038146973,32000,0.0,0.0,0.0
2025-04-14 03:00:00+00:00,14.470000267028809,14.470000267028809,14.420000076293945,14.420000076293945,113992,0.0,0.0,0.0
2025-04-14 03:05:00+00:00,14.430000305175781,14.430000305175781,14.430000305175781,14.430000305175781,1045,0.0,0.0,0.0
2025-04-14 03:10:00+00:00,14.430000305175781,14.430000305175781,14.430000305175781,14.430000305175781,2000,0.0,0.0,0.0
2025-04-14 03:15:00+00:00,14.4399995803833,14.4399995803833,14.430000305175781,14.430000305175781,17062,0.0,0.0,0.0
2025-04-14 03:20:00+00:00,14.420000076293945,14.420000076293945,14.420000076293945,14.420000076293945,4100,0.0,0.0,0.0
2025-04-14 03:25:00+00:00,14.420000076293945,14.420000076293945,14.420000076293945,14.420000076293945,8100,0.0,0.0,0.0
2025-04-14 03:30:00+00:00,14.4399995803833,14.449999809265137,14.4399995803833,14.449999809265137,3390,0.0,0.0,0.0
2025-04-14 03:35:00+00:00,14.420000076293945,14.420000076293945,14.420000076293945,14.420000076293945,23038,0.0,0.0,0.0
2025-04-14 03:40:00+00:00,14.420000076293945,14.430000305175781,14.420000076293945,14.430000305175781,10109,0.0,0.0,0.0
2025-04-14 03:45:00+00:00,14.430000305175781,14.430000305175781,14.420000076293945,14.420000076293945,5100,0.0,0.0,0.0
2025-04-14 03:50:00+00:00,14.420000076293945,14.420000076293945,14.420000076293945,14.420000076293945,10292,0.0,0.0,0.0
2025-04-14 04:00:00+00:00,14.40999984741211,14.40999984741211,14.40999984741211,14.40999984741211,70097,0.0,0.0,0.0
2025-04-14 04:05:00+00:00,14.40999984741211,14.40999984741211,14.40999984741211,14.40999984741211,3097,0.0,0.0,0.0
2025-04-14 04:10:00+00:00,14.40999984741211,14.40999984741211,14.40999984741211,14.40999984741211,10100,0.0,0.0,0.0
2025-04-14 04:15:00+00:00,14.40999984741211,14.430000305175781,14.40999984741211,14.430000305175781,21584,0.0,0.0,0.0
2025-04-14 04:20:00+00:00,14.420000076293945,14.430000305175781,14.40999984741211,14.40999984741211,8916,0.0,0.0,0.0
2025-04-14 04:25:00+00:00,14.40999984741211,14.40999984741211,14.40999984741211,14.40999984741211,10304,0.0,0.0,0.0
2025-04-14 04:30:00+00:00,14.399999618530273,14.40999984741211,14.399999618530273,14.40999984741211,8962,0.0,0.0,0.0
2025-04-14 04:35:00+00:00,14.40999984741211,14.40999984741211,14.390000343322754,14.390000343322754,218406,0.0,0.0,0.0
2025-04-14 04:40:00+00:00,14.380000114440918,14.390000343322754,14.380000114440918,14.390000343322754,11238,0.0,0.0,0.0
2025-04-14 04:45:00+00:00,14.390000343322754,14.390000343322754,14.390000343322754,14.390000343322754,3381,0.0,0.0,0.0
2025-04-14 04:50:00+00:00,14.390000343322754,14.390000343322754,14.380000114440918,14.380000114440918,217550,0.0,0.0,0.0
2025-04-14 04:55:00+00:00,14.369999885559082,14.369999885559082,14.369999885559082,14.369999885559082,124072,0.0,0.0,0.0
2025-04-14 05:00:00+00:00,14.369999885559082,14.369999885559082,14.369999885559082,14.369999885559082,2100,0.0,0.0,0.0
2025-04-14 05:05:00+00:00,14.359999656677246,14.359999656677246,14.359999656677246,14.359999656677246,28591,0.0,0.0,0.0
2025-04-14 05:10:00+00:00,14.369999885559082,14.369999885559082,14.350000381469727,14.359999656677246,251298,0.0,0.0,0.0
2025-04-14 05:15:00+00:00,14.359999656677246,14.359999656677246,14.359999656677246,14.359999656677246,8824,0.0,0.0,0.0
2025-04-14 05:20:00+00:00,14.369999885559082,14.369999885559082,14.359999656677246,14.359999656677246,8880,0.0,0.0,0.0
2025-04-15 01:00:00+00:00,14.420000076293945,14.470000267028809,14.420000076293945,14.470000267028809,0,0.0,0.0,0.0
2025-04-15 01:05:00+00:00,14.479999542236328,14.479999542236328,14.449999809265137,14.470000267028809,25217,0.0,0.0,0.0
2025-04-15 01:10:00+00:00,14.479999542236328,14.479999542236328,14.470000267028809,14.479999542236328,12297,0.0,0.0,0.0
2025-04-15 01:15:00+00:00,14.489999771118164,14.489999771118164,14.470000267028809,14.470000267028809,10987,0.0,0.0,0.0
2025-04-15 01:20:00+00:00,14.470000267028809,14.470000267028809,14.470000267028809,14.470000267028809,7201,0.0,0.0,0.0
2025-04-15 01:25:00+00:00,14.479999542236328,14.489999771118164,14.479999542236328,14.489999771118164,37266,0.0,0.0,0.0
2025-04-15 01:30:00+00:00,14.489999771118164,14.489999771118164,14.489999771118164,14.489999771118164,22821,0.0,0.0,0.0
2025-04-15 01:40:00+00:00,14.489999771118164,14.489999771118164,14.479999542236328,14.489999771118164,16508,0.0,0.0,0.0
2025-04-15 01:45:00+00:00,14.479999542236328,14.5,14.479999542236328,14.5,29000,0.0,0.0,0.0
2025-04-15 01:50:00+00:00,14.5,14.5,14.489999771118164,14.489999771118164,20150,0.0,0.0,0.0
2025-04-15 01:55:00+00:00,14.479999542236328,14.489999771118164,14.479999542236328,14.489999771118164,38400,0.0,0.0,0.0
2025-04-15 02:00:00+00:00,14.489999771118164,14.489999771118164,14.489999771118164,14.489999771118164,5273,0.0,0.0,0.0
2025-04-15 02:05:00+00:00,14.489999771118164,14.489999771118164,14.479999542236328,14.479999542236328,4330,0.0,0.0,0.0
2025-04-15 02:10:00+00:00,14.479999542236328,14.479999542236328,14.479999542236328,14.479999542236328,13230,0.0,0.0,0.0
2025-04-15 02:15:00+00:00,14.489999771118164,14.489999771118164,14.489999771118164,14.489999771118164,1017,0.0,0.0,0.0
2025-04-15 02:20:00+00:00,14.5,14.5,14.5,14.5,2000,0.0,0.0,0.0
2025-04-15 02:25:00+00:00,14.489999771118164,14.489999771118164,14.479999542236328,14.479999542236328,5001,0.0,0.0,0.0
2025-04-15 02:30:00+00:00,14.479999542236328,14.479999542236328,14.479999542236328,14.479999542236328,2000,0.0,0.0,0.0
2025-04-15 02:35:00+00:00,14.489999771118164,14.489999771118164,14.489999771118164,14.489999771118164,1063,0.0,0.0,0.0
2025-04-15 02:40:00+00:00,14.5,14.5,14.5,14.5,17580,0.0,0.0,0.0
2025-04-15 02:45:00+00:00,14.510000228881836,14.550000190734863,14.510000228881836,14.550000190734863,31981,0.0,0.0,0.0
2025-04-15 02:50:00+00:00,14.550000190734863,14.550000190734863,14.539999961853027,14.539999961853027,14759,0.0,0.0,0.0
2025-04-15 03:00:00+00:00,14.539999961853027,14.539999961853027,14.539999961853027,14.539999961853027,50115,0.0,0.0,0.0
2025-04-15 03:05:00+00:00,14.539999961853027,14.539999961853027,14.529999732971191,14.529999732971191,6162,0.0,0.0,0.0
2025-04-15 03:10:00+00:00,14.520000457763672,14.529999732971191,14.520000457763672,14.529999732971191,3600,0.0,0.0,0.0
2025-04-15 03:15:00+00:00,14.529999732971191,14.529999732971191,14.529999732971191,14.529999732971191,1200,0.0,0.0,0.0
2025-04-15 03:20:00+00:00,14.529999732971191,14.529999732971191,14.520000457763672,14.529999732971191,4000,0.0,0.0,0.0
2025-04-15 03:25:00+00:00,14.529999732971191,14.529999732971191,14.529999732971191,14.529999732971191,3300,0.0,0.0,0.0
2025-04-15 03:30:00+00:00,14.529999732971191,14.529999732971191,14.529999732971191,14.529999732971191,19015,0.0,0.0,0.0
2025-04-15 03:35:00+00:00,14.529999732971191,14.529999732971191,14.520000457763672,14.520000457763672,36000,0.0,0.0,0.0
2025-04-15 03:40:00+00:00,14.520000457763672,14.529999732971191,14.520000457763672,14.520000457763672,19000,0.0,0.0,0.0
2025-04-15 03:45:00+00:00,14.539999961853027,14.550000190734863,14.539999961853027,14.550000190734863,71300,0.0,0.0,0.0
2025-04-15 03:50:00+00:00,14.539999961853027,14.539999961853027,14.539999961853027,14.539999961853027,2000,0.0,0.0,0.0
2025-04-15 03:55:00+00:00,14.550000190734863,14.5600004196167,14.550000190734863,14.550000190734863,24280,0.0,0.0,0.0
2025-04-15 04:00:00+00:00,14.550000190734863,14.550000190734863,14.550000190734863,14.550000190734863,30020,0.0,0.0,0.0
2025-04-15 04:05:00+00:00,14.539999961853027,14.539999961853027,14.539999961853027,14.539999961853027,19080,0.0,0.0,0.0
2025-04-15 04:10:00+00:00,14.539999961853027,14.539999961853027,14.539999961853027,14.539999961853027,1000,0.0,0.0,0.0
2025-04-15 04:15:00+00:00,14.539999961853027,14.539999961853027,14.529999732971191,14.529999732971191,9936,0.0,0.0,0.0
2025-04-15 04:20:00+00:00,14.529999732971191,14.529999732971191,14.529999732971191,14.529999732971191,2350,0.0,0.0,0.0
2025-04-15 04:25:00+00:00,14.529999732971191,14.529999732971191,14.529999732971191,14.529999732971191,6020,0.0,0.0,0.0
2025-04-15 04:30:00+00:00,14.529999732971191,14.529999732971191,14.529999732971191,14.529999732971191,5200,0.0,0.0,0.0
2025-04-15 04:35:00+00:00,14.529999732971191,14.539999961853027,14.529999732971191,14.539999961853027,4137,0.0,0.0,0.0
2025-04-15 04:40:00+00:00,14.539999961853027,14.539999961853027,14.539999961853027,14.539999961853027,19000,0.0,0.0,0.0
2025-04-15 04:45:00+00:00,14.550000190734863,14.550000190734863,14.550000190734863,14.550000190734863,5400,0.0,0.0,0.0
2025-04-15 04:50:00+00:00,14.5600004196167,14.5600004196167,14.550000190734863,14.550000190734863,4030,0.0,0.0,0.0
2025-04-15 04:55:00+00:00,14.550000190734863,14.550000190734863,14.550000190734863,14.550000190734863,11290,0.0,0.0,0.0
2025-04-15 05:00:00+00:00,14.550000190734863,14.550000190734863,14.550000190734863,14.550000190734863,1000,0.0,0.0,0.0
2025-04-15 05:05:00+00:00,14.550000190734863,14.550000190734863,14.550000190734863,14.550000190734863,3400,0.0,0.0,0.0
2025-04-15 05:10:00+00:00,14.539999961853027,14.539999961853027,14.539999961853027,14.539999961853027,14636,0.0,0.0,0.0
2025-04-15 05:15:00+00:00,14.539999961853027,14.539999961853027,14.539999961853027,14.539999961853027,2050,0.0,0.0,0.0
2025-04-15 05:20:00+00:00,14.539999961853027,14.550000190734863,14.539999961853027,14.550000190734863,61450,0.0,0.0,0.0
2025-04-16 01:00:00+00:00,14.489999771118164,14.489999771118164,14.449999809265137,14.449999809265137,0,0.0,0.0,0.0
2025-04-16 01:05:00+00:00,14.449999809265137,14.449999809265137,14.420000076293945,14.430000305175781,252629,0.0,0.0,0.0
2025-04-16 01:10:00+00:00,14.449999809265137,14.449999809265137,14.4399995803833,14.4399995803833,7431,0.0,0.0,0.0
2025-04-16 01:15:00+00:00,14.4399995803833,14.4399995803833,14.430000305175781,14.430000305175781,124770,0.0,0.0,0.0
2025-04-16 01:20:00+00:00,14.420000076293945,14.420000076293945,14.40999984741211,14.40999984741211,104421,0.0,0.0,0.0
2025-04-16 01:25:00+00:00,14.40999984741211,14.40999984741211,14.390000343322754,14.399999618530273,140757,0.0,0.0,0.0
2025-04-16 01:30:00+00:00,14.40999984741211,14.420000076293945,14.399999618530273,14.420000076293945,141100,0.0,0.0,0.0
2025-04-16 01:35:00+00:00,14.430000305175781,14.430000305175781,14.430000305175781,14.430000305175781,9787,0.0,0.0,0.0
2025-04-16 01:40:00+00:00,14.430000305175781,14.430000305175781,14.430000305175781,14.430000305175781,7000,0.0,0.0,0.0
2025-04-16 01:45:00+00:00,14.449999809265137,14.460000038146973,14.449999809265137,14.460000038146973,17102,0.0,0.0,0.0
2025-04-16 01:50:00+00:00,14.449999809265137,14.449999809265137,14.4399995803833,14.4399995803833,3050,0.0,0.0,0.0
2025-04-16 01:55:00+00:00,14.4399995803833,14.4399995803833,14.4399995803833,14.4399995803833,6740,0.0,0.0,0.0
2025-04-16 02:00:00+00:00,14.430000305175781,14.430000305175781,14.420000076293945,14.420000076293945,36897,0.0,0.0,0.0
2025-04-16 02:05:00+00:00,14.420000076293945,14.420000076293945,14.399999618530273,14.399999618530273,42034,0.0,0.0,0.0
2025-04-16 02:10:00+00:00,14.399999618530273,14.399999618530273,14.390000343322754,14.390000343322754,7290,0.0,0.0,0.0
2025-04-16 02:15:00+00:00,14.399999618530273,14.399999618530273,14.390000343322754,14.390000343322754,25224,0.0,0.0,0.0
2025-04-16 02:20:00+00:00,14.390000343322754,14.390000343322754,14.380000114440918,14.380000114440918,77699,0.0,0.0,0.0
2025-04-16 02:25:00+00:00,14.380000114440918,14.380000114440918,14.380000114440918,14.380000114440918,2622,0.0,0.0,0.0
2025-04-16 02:30:00+00:00,14.380000114440918,14.380000114440918,14.380000114440918,14.380000114440918,22110,0.0,0.0,0.0
2025-04-16 02:35:00+00:00,14.390000343322754,14.390000343322754,14.380000114440918,14.380000114440918,2532,0.0,0.0,0.0
2025-04-16 02:40:00+00:00,14.369999885559082,14.369999885559082,14.359999656677246,14.359999656677246,25008,0.0,0.0,0.0
2025-04-16 02:45:00+00:00,14.380000114440918,14.380000114440918,14.380000114440918,14.380000114440918,6162,0.0,0.0,0.0
2025-04-16 02:50:00+00:00,14.369999885559082,14.369999885559082,14.369999885559082,14.369999885559082,4131,0.0,0.0,0.0
2025-04-16 02:55:00+00:00,14.359999656677246,14.359999656677246,14.359999656677246,14.359999656677246,9367,0.0,0.0,0.0
2025-04-16 03:00:00+00:00,14.359999656677246,14.369999885559082,14.359999656677246,14.369999885559082,68342,0.0,0.0,0.0
2025-04-16 03:10:00+00:00,14.369999885559082,14.369999885559082,14.369999885559082,14.369999885559082,7293,0.0,0.0,0.0
2025-04-16 03:15:00+00:00,14.380000114440918,14.390000343322754,14.380000114440918,14.390000343322754,24222,0.0,0.0,0.0
2025-04-16 03:20:00+00:00,14.399999618530273,14.420000076293945,14.399999618530273,14.420000076293945,10110,0.0,0.0,0.0
2025-04-16 03:25:00+00:00,14.40999984741211,14.40999984741211,14.40999984741211,14.40999984741211,6100,0.0,0.0,0.0
2025-04-16 03:30:00+00:00,14.399999618530273,14.40999984741211,14.399999618530273,14.40999984741211,22032,0.0,0.0,0.0
2025-04-16 03:35:00+00:00,14.40999984741211,14.40999984741211,14.40999984741211,14.40999984741211,18520,0.0,0.0,0.0
2025-04-16 03:40:00+00:00,14.399999618530273,14.399999618530273,14.399999618530273,14.399999618530273,2222,0.0,0.0,0.0
2025-04-16 03:45:00+00:00,14.40999984741211,14.40999984741211,14.390000343322754,14.390000343322754,7322,0.0,0.0,0.0
2025-04-16 03:50:00+00:00,14.390000343322754,14.390000343322754,14.390000343322754,14.390000343322754,4020,0.0,0.0,0.0
2025-04-16 03:55:00+00:00,14.390000343322754,14.390000343322754,14.390000343322754,14.390000343322754,5021,0.0,0.0,0.0
2025-04-16 04:05:00+00:00,14.380000114440918,14.380000114440918,14.380000114440918,14.380000114440918,21400,0.0,0.0,0.0
2025-04-16 04:10:00+00:00,14.399999618530273,14.399999618530273,14.399999618530273,14.399999618530273,77379,0.0,0.0,0.0
2025-04-16 04:20:00+00:00,14.40999984741211,14.40999984741211,14.40999984741211,14.40999984741211,3015,0.0,0.0,0.0
2025-04-16 04:25:00+00:00,14.40999984741211,14.40999984741211,14.40999984741211,14.40999984741211,1100,0.0,0.0,0.0
2025-04-16 04:30:00+00:00,14.40999984741211,14.40999984741211,14.40999984741211,14.40999984741211,23310,0.0,0.0,0.0
2025-04-16 04:35:00+00:00,14.40999984741211,14.420000076293945,14.40999984741211,14.420000076293945,31389,0.0,0.0,0.0
2025-04-16 04:40:00+00:00,14.430000305175781,14.430000305175781,14.430000305175781,14.430000305175781,6137,0.0,0.0,0.0
2025-04-16 04:45:00+00:00,14.430000305175781,14.449999809265137,14.430000305175781,14.449999809265137,4330,0.0,0.0,0.0
2025-04-16 04:50:00+00:00,14.4399995803833,14.449999809265137,14.4399995803833,14.4399995803833,22400,0.0,0.0,0.0
2025-04-16 04:55:00+00:00,14.4399995803833,14.449999809265137,14.4399995803833,14.449999809265137,11288,0.0,0.0,0.0
2025-04-16 05:00:00+00:00,14.449999809265137,14.449999809265137,14.449999809265137,14.449999809265137,21000,0.0,0.0,0.0
2025-04-16 05:05:00+00:00,14.460000038146973,14.460000038146973,14.460000038146973,14.460000038146973,5520,0.0,0.0,0.0
2025-04-16 05:10:00+00:00,14.449999809265137,14.460000038146973,14.449999809265137,14.449999809265137,70457,0.0,0.0,0.0
2025-04-16 05:20:00+00:00,14.449999809265137,14.449999809265137,14.4399995803833,14.4399995803833,75330,0.0,0.0,0.0
2025-04-17 01:00:00+00:00,14.399999618530273,14.399999618530273,14.289999961853027,14.289999961853027,0,0.0,0.0,0.0
2025-04-17 01:05:00+00:00,14.279999732971191,14.279999732971191,14.270000457763672,14.279999732971191,51873,0.0,0.0,0.0
2025-04-17 01:10:00+00:00,14.300000190734863,14.300000190734863,14.289999961853027,14.300000190734863,9736,0.0,0.0,0.0
2025-04-17 01:15:00+00:00,14.329999923706055,14.329999923706055,14.329999923706055,14.329999923706055,1000,0.0,0.0,0.0
2025-04-17 01:20:00+00:00,14.319999694824219,14.329999923706055,14.319999694824219,14.329999923706055,33040,0.0,0.0,0.0
2025-04-17 01:25:00+00:00,14.329999923706055,14.329999923706055,14.319999694824219,14.319999694824219,10496,0.0,0.0,0.0
2025-04-17 01:30:00+00:00,14.319999694824219,14.319999694824219,14.300000190734863,14.300000190734863,25857,0.0,0.0,0.0
2025-04-17 01:35:00+00:00,14.289999961853027,14.289999961853027,14.270000457763672,14.270000457763672,67523,0.0,0.0,0.0
2025-04-17 01:40:00+00:00,14.279999732971191,14.279999732971191,14.260000228881836,14.260000228881836,28285,0.0,0.0,0.0
2025-04-17 01:45:00+00:00,14.260000228881836,14.270000457763672,14.260000228881836,14.270000457763672,134095,0.0,0.0,0.0
2025-04-17 01:50:00+00:00,14.270000457763672,14.270000457763672,14.25,14.25,31210,0.0,0.0,0.0
2025-04-17 01:55:00+00:00,14.25,14.25,14.25,14.25,9265,0.0,0.0,0.0
2025-04-17 02:05:00+00:00,14.25,14.260000228881836,14.25,14.260000228881836,67130,0.0,0.0,0.0
2025-04-17 02:10:00+00:00,14.260000228881836,14.270000457763672,14.260000228881836,14.270000457763672,20000,0.0,0.0,0.0
2025-04-17 02:15:00+00:00,14.279999732971191,14.279999732971191,14.279999732971191,14.279999732971191,5100,0.0,0.0,0.0
2025-04-17 02:20:00+00:00,14.300000190734863,14.300000190734863,14.300000190734863,14.300000190734863,5650,0.0,0.0,0.0
2025-04-17 02:30:00+00:00,14.3100004196167,14.3100004196167,14.3100004196167,14.3100004196167,15000,0.0,0.0,0.0
2025-04-17 02:35:00+00:00,14.319999694824219,14.319999694824219,14.319999694824219,14.319999694824219,3810,0.0,0.0,0.0
2025-04-17 02:40:00+00:00,14.319999694824219,14.319999694824219,14.319999694824219,14.319999694824219,11100,0.0,0.0,0.0
2025-04-17 02:45:00+00:00,14.319999694824219,14.319999694824219,14.319999694824219,14.319999694824219,1090,0.0,0.0,0.0
2025-04-17 02:50:00+00:00,14.319999694824219,14.319999694824219,14.300000190734863,14.300000190734863,24777,0.0,0.0,0.0
2025-04-17 02:55:00+00:00,14.319999694824219,14.319999694824219,14.319999694824219,14.319999694824219,3150,0.0,0.0,0.0
2025-04-17 03:00:00+00:00,14.329999923706055,14.329999923706055,14.329999923706055,14.329999923706055,18000,0.0,0.0,0.0
2025-04-17 03:05:00+00:00,14.34000015258789,14.350000381469727,14.34000015258789,14.350000381469727,6050,0.0,0.0,0.0
2025-04-17 03:10:00+00:00,14.350000381469727,14.350000381469727,14.350000381469727,14.350000381469727,2000,0.0,0.0,0.0
2025-04-17 03:15:00+00:00,14.350000381469727,14.350000381469727,14.34000015258789,14.34000015258789,17215,0.0,0.0,0.0
2025-04-17 03:25:00+00:00,14.350000381469727,14.350000381469727,14.34000015258789,14.34000015258789,8000,0.0,0.0,0.0
2025-04-17 03:30:00+00:00,14.34000015258789,14.34000015258789,14.329999923706055,14.329999923706055,8670,0.0,0.0,0.0
2025-04-17 03:35:00+00:00,14.329999923706055,14.329999923706055,14.319999694824219,14.319999694824219,9946,0.0,0.0,0.0
2025-04-17 03:45:00+00:00,14.3100004196167,14.3100004196167,14.3100004196167,14.3100004196167,3460,0.0,0.0,0.0
2025-04-17 03:50:00+00:00,14.3100004196167,14.3100004196167,14.3100004196167,14.3100004196167,11100,0.0,0.0,0.0
2025-04-17 03:55:00+00:00,14.3100004196167,14.3100004196167,14.3100004196167,14.3100004196167,4150,0.0,0.0,0.0
2025-04-17 04:05:00+00:00,14.300000190734863,14.300000190734863,14.300000190734863,14.300000190734863,34340,0.0,0.0,0.0
2025-04-17 04:10:00+00:00,14.289999961853027,14.289999961853027,14.289999961853027,14.289999961853027,8100,0.0,0.0,0.0
2025-04-17 04:15:00+00:00,14.279999732971191,14.289999961853027,14.279999732971191,14.289999961853027,28184,0.0,0.0,0.0
2025-04-17 04:25:00+00:00,14.279999732971191,14.289999961853027,14.279999732971191,14.289999961853027,9100,0.0,0.0,0.0
2025-04-17 04:30:00+00:00,14.279999732971191,14.279999732971191,14.270000457763672,14.270000457763672,18602,0.0,0.0,0.0
2025-04-17 04:35:00+00:00,14.270000457763672,14.270000457763672,14.25,14.270000457763672,78269,0.0,0.0,0.0
2025-04-17 04:40:00+00:00,14.25,14.270000457763672,14.25,14.260000228881836,49349,0.0,0.0,0.0
2025-04-17 04:45:00+00:00,14.260000228881836,14.260000228881836,14.25,14.260000228881836,164650,0.0,0.0,0.0
2025-04-17 04:55:00+00:00,14.260000228881836,14.270000457763672,14.260000228881836,14.260000228881836,60050,0.0,0.0,0.0
2025-04-17 05:00:00+00:00,14.260000228881836,14.279999732971191,14.260000228881836,14.279999732971191,189400,0.0,0.0,0.0
2025-04-17 05:05:00+00:00,14.279999732971191,14.279999732971191,14.279999732971191,14.279999732971191,5059,0.0,0.0,0.0
2025-04-17 05:10:00+00:00,14.270000457763672,14.270000457763672,14.270000457763672,14.270000457763672,16448,0.0,0.0,0.0
2025-04-17 05:15:00+00:00,14.270000457763672,14.270000457763672,14.260000228881836,14.260000228881836,37867,0.0,0.0,0.0
2025-04-17 05:20:00+00:00,14.260000228881836,14.270000457763672,14.260000228881836,14.260000228881836,21068,0.0,0.0,0.0
2025-04-18 01:00:00+00:00,14.270000457763672,14.3100004196167,14.270000457763672,14.3100004196167,0,0.0,0.0,0.0
2025-04-18 01:05:00+00:00,14.3100004196167,14.329999923706055,14.300000190734863,14.329999923706055,96649,0.0,0.0,0.0
2025-04-18 01:10:00+00:00,14.3100004196167,14.319999694824219,14.3100004196167,14.3100004196167,9300,0.0,0.0,0.0
2025-04-18 01:15:00+00:00,14.3100004196167,14.3100004196167,14.3100004196167,14.3100004196167,6127,0.0,0.0,0.0
2025-04-18 01:20:00+00:00,14.300000190734863,14.300000190734863,14.300000190734863,14.300000190734863,15921,0.0,0.0,0.0
2025-04-18 01:25:00+00:00,14.3100004196167,14.3100004196167,14.300000190734863,14.300000190734863,5270,0.0,0.0,0.0
2025-04-18 01:30:00+00:00,14.289999961853027,14.289999961853027,14.279999732971191,14.279999732971191,3172,0.0,0.0,0.0
2025-04-18 01:35:00+00:00,14.279999732971191,14.300000190734863,14.279999732971191,14.279999732971191,29740,0.0,0.0,0.0
2025-04-18 01:40:00+00:00,14.279999732971191,14.279999732971191,14.279999732971191,14.279999732971191,4024,0.0,0.0,0.0
2025-04-18 01:45:00+00:00,14.279999732971191,14.279999732971191,14.279999732971191,14.279999732971191,4096,0.0,0.0,0.0
2025-04-18 01:50:00+00:00,14.279999732971191,14.279999732971191,14.279999732971191,14.279999732971191,1009,0.0,0.0,0.0
2025-04-18 01:55:00+00:00,14.279999732971191,14.300000190734863,14.279999732971191,14.279999732971191,7127,0.0,0.0,0.0
2025-04-18 02:00:00+00:00,14.289999961853027,14.300000190734863,14.289999961853027,14.300000190734863,7845,0.0,0.0,0.0
2025-04-18 02:05:00+00:00,14.300000190734863,14.300000190734863,14.300000190734863,14.300000190734863,3027,0.0,0.0,0.0
2025-04-18 02:10:00+00:00,14.279999732971191,14.289999961853027,14.279999732971191,14.289999961853027,25124,0.0,0.0,0.0
2025-04-18 02:15:00+00:00,14.279999732971191,14.279999732971191,14.279999732971191,14.279999732971191,2527,0.0,0.0,0.0
2025-04-18 02:25:00+00:00,14.289999961853027,14.300000190734863,14.279999732971191,14.300000190734863,7037,0.0,0.0,0.0
2025-04-18 02:30:00+00:00,14.300000190734863,14.3100004196167,14.300000190734863,14.3100004196167,24000,0.0,0.0,0.0
2025-04-18 02:35:00+00:00,14.3100004196167,14.3100004196167,14.3100004196167,14.3100004196167,13165,0.0,0.0,0.0
2025-04-18 02:40:00+00:00,14.3100004196167,14.3100004196167,14.3100004196167,14.3100004196167,9220,0.0,0.0,0.0
2025-04-18 02:45:00+00:00,14.3100004196167,14.3100004196167,14.3100004196167,14.3100004196167,2117,0.0,0.0,0.0
2025-04-18 03:00:00+00:00,14.3100004196167,14.3100004196167,14.3100004196167,14.3100004196167,7066,0.0,0.0,0.0
2025-04-18 03:05:00+00:00,14.319999694824219,14.319999694824219,14.319999694824219,14.319999694824219,57026,0.0,0.0,0.0
2025-04-18 03:10:00+00:00,14.319999694824219,14.319999694824219,14.319999694824219,14.319999694824219,1000,0.0,0.0,0.0
2025-04-18 03:15:00+00:00,14.319999694824219,14.319999694824219,14.3100004196167,14.3100004196167,8333,0.0,0.0,0.0
2025-04-18 03:25:00+00:00,14.3100004196167,14.3100004196167,14.300000190734863,14.300000190734863,5186,0.0,0.0,0.0
2025-04-18 03:35:00+00:00,14.300000190734863,14.300000190734863,14.300000190734863,14.300000190734863,2175,0.0,0.0,0.0
2025-04-18 03:40:00+00:00,14.300000190734863,14.300000190734863,14.300000190734863,14.300000190734863,2425,0.0,0.0,0.0
2025-04-18 03:45:00+00:00,14.300000190734863,14.300000190734863,14.300000190734863,14.300000190734863,9000,0.0,0.0,0.0
2025-04-18 03:50:00+00:00,14.289999961853027,14.289999961853027,14.279999732971191,14.279999732971191,6299,0.0,0.0,0.0
2025-04-18 04:00:00+00:00,14.279999732971191,14.279999732971191,14.279999732971191,14.279999732971191,2102,0.0,0.0,0.0
2025-04-18 04:05:00+00:00,14.279999732971191,14.279999732971191,14.279999732971191,14.279999732971191,1000,0.0,0.0,0.0
2025-04-18 04:15:00+00:00,14.289999961853027,14.289999961853027,14.279999732971191,14.279999732971191,40000,0.0,0.0,0.0
2025-04-18 04:20:00+00:00,14.300000190734863,14.300000190734863,14.300000190734863,14.300000190734863,3206,0.0,0.0,0.0
2025-04-18 04:25:00+00:00,14.300000190734863,14.300000190734863,14.289999961853027,14.289999961853027,4018,0.0,0.0,0.0
2025-04-18 04:35:00+00:00,14.289999961853027,14.289999961853027,14.289999961853027,14.289999961853027,1685,0.0,0.0,0.0
2025-04-18 04:40:00+00:00,14.289999961853027,14.289999961853027,14.289999961853027,14.289999961853027,6225,0.0,0.0,0.0
2025-04-18 04:45:00+00:00,14.279999732971191,14.279999732971191,14.279999732971191,14.279999732971191,12507,0.0,0.0,0.0
2025-04-18 04:50:00+00:00,14.279999732971191,14.289999961853027,14.279999732971191,14.289999961853027,46100,0.0,0.0,0.0
2025-04-18 04:55:00+00:00,14.289999961853027,14.289999961853027,14.289999961853027,14.289999961853027,2000,0.0,0.0,0.0
2025-04-18 05:00:00+00:00,14.289999961853027,14.289999961853027,14.279999732971191,14.279999732971191,5115,0.0,0.0,0.0
2025-04-18 05:05:00+00:00,14.279999732971191,14.279999732971191,14.279999732971191,14.279999732971191,3000,0.0,0.0,0.0
2025-04-18 05:10:00+00:00,14.289999961853027,14.289999961853027,14.289999961853027,14.289999961853027,1114,0.0,0.0,0.0
2025-04-18 05:15:00+00:00,14.289999961853027,14.289999961853027,14.289999961853027,14.289999961853027,6442,0.0,0.0,0.0
2025-04-18 05:20:00+00:00,14.289999961853027,14.289999961853027,14.279999732971191,14.279999732971191,15310,0.0,0.0,0.0
2025-04-21 01:00:00+00:00,14.229999542236328,14.229999542236328,14.180000305175781,14.180000305175781,0,0.0,0.0,0.0
2025-04-21 01:05:00+00:00,14.180000305175781,14.1899995803833,14.149999618530273,14.149999618530273,139408,0.0,0.0,0.0
2025-04-21 01:10:00+00:00,14.149999618530273,14.149999618530273,14.140000343322754,14.140000343322754,19152,0.0,0.0,0.0
2025-04-21 01:15:00+00:00,14.140000343322754,14.140000343322754,14.109999656677246,14.109999656677246,39465,0.0,0.0,0.0
2025-04-21 01:20:00+00:00,14.119999885559082,14.119999885559082,14.119999885559082,14.119999885559082,11927,0.0,0.0,0.0
2025-04-21 01:25:00+00:00,14.109999656677246,14.119999885559082,14.100000381469727,14.109999656677246,62173,0.0,0.0,0.0
2025-04-21 01:30:00+00:00,14.140000343322754,14.140000343322754,14.109999656677246,14.109999656677246,60540,0.0,0.0,0.0
2025-04-21 01:35:00+00:00,14.109999656677246,14.119999885559082,14.109999656677246,14.119999885559082,81000,0.0,0.0,0.0
2025-04-21 01:40:00+00:00,14.119999885559082,14.149999618530273,14.109999656677246,14.149999618530273,112105,0.0,0.0,0.0
2025-04-21 01:45:00+00:00,14.170000076293945,14.170000076293945,14.15999984741211,14.15999984741211,10540,0.0,0.0,0.0
2025-04-21 01:50:00+00:00,14.170000076293945,14.170000076293945,14.130000114440918,14.130000114440918,112714,0.0,0.0,0.0
2025-04-21 01:55:00+00:00,14.140000343322754,14.140000343322754,14.140000343322754,14.140000343322754,15300,0.0,0.0,0.0
2025-04-21 02:00:00+00:00,14.15999984741211,14.170000076293945,14.15999984741211,14.170000076293945,2520,0.0,0.0,0.0
2025-04-21 02:05:00+00:00,14.15999984741211,14.15999984741211,14.149999618530273,14.149999618530273,6751,0.0,0.0,0.0
2025-04-21 02:15:00+00:00,14.149999618530273,14.149999618530273,14.149999618530273,14.149999618530273,4092,0.0,0.0,0.0
2025-04-21 02:20:00+00:00,14.140000343322754,14.140000343322754,14.130000114440918,14.130000114440918,20914,0.0,0.0,0.0
2025-04-21 02:25:00+00:00,14.119999885559082,14.119999885559082,14.109999656677246,14.109999656677246,53984,0.0,0.0,0.0
2025-04-21 02:30:00+00:00,14.100000381469727,14.119999885559082,14.100000381469727,14.100000381469727,84507,0.0,0.0,0.0
2025-04-21 02:35:00+00:00,14.100000381469727,14.100000381469727,14.079999923706055,14.079999923706055,92724,0.0,0.0,0.0
2025-04-21 02:40:00+00:00,14.079999923706055,14.079999923706055,14.079999923706055,14.079999923706055,9920,0.0,0.0,0.0
2025-04-21 02:45:00+00:00,14.079999923706055,14.079999923706055,14.079999923706055,14.079999923706055,3450,0.0,0.0,0.0
2025-04-21 02:50:00+00:00,14.079999923706055,14.079999923706055,14.0600004196167,14.0600004196167,26491,0.0,0.0,0.0
2025-04-21 02:55:00+00:00,14.0600004196167,14.0600004196167,14.0600004196167,14.0600004196167,2001,0.0,0.0,0.0
2025-04-21 03:00:00+00:00,14.079999923706055,14.100000381469727,14.069999694824219,14.069999694824219,14622,0.0,0.0,0.0
2025-04-21 03:05:00+00:00,14.069999694824219,14.069999694824219,14.069999694824219,14.069999694824219,6010,0.0,0.0,0.0
2025-04-21 03:10:00+00:00,14.0600004196167,14.069999694824219,14.0600004196167,14.0600004196167,37048,0.0,0.0,0.0
2025-04-21 03:15:00+00:00,14.069999694824219,14.069999694824219,14.069999694824219,14.069999694824219,3595,0.0,0.0,0.0
2025-04-21 03:25:00+00:00,14.079999923706055,14.079999923706055,14.069999694824219,14.069999694824219,3502,0.0,0.0,0.0
2025-04-21 03:40:00+00:00,14.079999923706055,14.079999923706055,14.0600004196167,14.0600004196167,337490,0.0,0.0,0.0
2025-04-21 03:55:00+00:00,14.0600004196167,14.0600004196167,14.0600004196167,14.0600004196167,1000,0.0,0.0,0.0
2025-04-21 04:00:00+00:00,14.0600004196167,14.0600004196167,14.0600004196167,14.0600004196167,3101,0.0,0.0,0.0
2025-04-21 04:10:00+00:00,14.069999694824219,14.069999694824219,14.069999694824219,14.069999694824219,1180,0.0,0.0,0.0
2025-04-21 04:15:00+00:00,14.069999694824219,14.069999694824219,14.069999694824219,14.069999694824219,2030,0.0,0.0,0.0
2025-04-21 04:20:00+00:00,14.069999694824219,14.069999694824219,14.069999694824219,14.069999694824219,6021,0.0,0.0,0.0
2025-04-21 04:25:00+00:00,14.069999694824219,14.069999694824219,14.069999694824219,14.069999694824219,1000,0.0,0.0,0.0
2025-04-21 04:30:00+00:00,14.0600004196167,14.0600004196167,14.0600004196167,14.0600004196167,5414,0.0,0.0,0.0
2025-04-21 04:40:00+00:00,14.069999694824219,14.079999923706055,14.0600004196167,14.079999923706055,14214,0.0,0.0,0.0
2025-04-21 04:45:00+00:00,14.069999694824219,14.069999694824219,14.0600004196167,14.069999694824219,6321,0.0,0.0,0.0
2025-04-21 04:50:00+00:00,14.069999694824219,14.069999694824219,14.0600004196167,14.0600004196167,69085,0.0,0.0,0.0
2025-04-21 04:55:00+00:00,14.0600004196167,14.0600004196167,14.050000190734863,14.0600004196167,18310,0.0,0.0,0.0
2025-04-21 05:00:00+00:00,14.0600004196167,14.0600004196167,14.050000190734863,14.050000190734863,92631,0.0,0.0,0.0
2025-04-21 05:05:00+00:00,14.050000190734863,14.050000190734863,14.050000190734863,14.050000190734863,1253,0.0,0.0,0.0
2025-04-21 05:10:00+00:00,14.050000190734863,14.050000190734863,14.039999961853027,14.039999961853027,10021,0.0,0.0,0.0
2025-04-21 05:15:00+00:00,14.039999961853027,14.039999961853027,14.029999732971191,14.039999961853027,83214,0.0,0.0,0.0
2025-04-21 05:20:00+00:00,14.050000190734863,14.050000190734863,14.029999732971191,14.029999732971191,82601,0.0,0.0,0.0
2025-04-22 01:00:00+00:00,13.899999618530273,13.930000305175781,13.899999618530273,13.920000076293945,0,0.0,0.0,0.0
2025-04-22 01:05:00+00:00,13.90999984741211,13.9399995803833,13.90999984741211,13.9399995803833,87525,0.0,0.0,0.0
2025-04-22 01:10:00+00:00,13.949999809265137,13.949999809265137,13.90999984741211,13.920000076293945,340911,0.0,0.0,0.0
2025-04-22 01:15:00+00:00,13.920000076293945,13.949999809265137,13.920000076293945,13.949999809265137,57655,0.0,0.0,0.0
2025-04-22 01:25:00+00:00,13.960000038146973,13.979999542236328,13.960000038146973,13.979999542236328,7318,0.0,0.0,0.0
2025-04-22 01:30:00+00:00,13.970000267028809,13.979999542236328,13.970000267028809,13.979999542236328,11042,0.0,0.0,0.0
2025-04-22 01:35:00+00:00,13.970000267028809,13.970000267028809,13.970000267028809,13.970000267028809,8635,0.0,0.0,0.0
2025-04-22 01:40:00+00:00,13.970000267028809,13.970000267028809,13.960000038146973,13.970000267028809,63200,0.0,0.0,0.0
2025-04-22 01:45:00+00:00,13.970000267028809,14.0,13.970000267028809,14.0,211010,0.0,0.0,0.0
2025-04-22 01:50:00+00:00,14.0,14.0,14.0,14.0,11510,0.0,0.0,0.0
2025-04-22 01:55:00+00:00,14.0,14.0,13.989999771118164,13.989999771118164,21480,0.0,0.0,0.0
2025-04-22 02:00:00+00:00,13.979999542236328,13.979999542236328,13.970000267028809,13.979999542236328,3682,0.0,0.0,0.0
2025-04-22 02:05:00+00:00,13.970000267028809,13.970000267028809,13.970000267028809,13.970000267028809,11000,0.0,0.0,0.0
2025-04-22 02:10:00+00:00,13.970000267028809,13.970000267028809,13.960000038146973,13.960000038146973,41844,0.0,0.0,0.0
2025-04-22 02:20:00+00:00,13.970000267028809,13.970000267028809,13.960000038146973,13.970000267028809,10799,0.0,0.0,0.0
2025-04-22 02:25:00+00:00,13.960000038146973,13.960000038146973,13.9399995803833,13.9399995803833,38541,0.0,0.0,0.0
2025-04-22 02:30:00+00:00,13.949999809265137,13.949999809265137,13.930000305175781,13.930000305175781,8627,0.0,0.0,0.0
2025-04-22 02:35:00+00:00,13.930000305175781,13.9399995803833,13.930000305175781,13.9399995803833,4250,0.0,0.0,0.0
2025-04-22 02:40:00+00:00,13.930000305175781,13.930000305175781,13.930000305175781,13.930000305175781,14400,0.0,0.0,0.0
2025-04-22 02:45:00+00:00,13.920000076293945,13.920000076293945,13.920000076293945,13.920000076293945,8100,0.0,0.0,0.0
2025-04-22 02:50:00+00:00,13.920000076293945,13.920000076293945,13.90999984741211,13.90999984741211,34133,0.0,0.0,0.0
2025-04-22 03:00:00+00:00,13.90999984741211,13.90999984741211,13.90999984741211,13.90999984741211,4148,0.0,0.0,0.0
2025-04-22 03:05:00+00:00,13.90999984741211,13.90999984741211,13.899999618530273,13.899999618530273,12019,0.0,0.0,0.0
2025-04-22 03:10:00+00:00,13.90999984741211,13.90999984741211,13.899999618530273,13.899999618530273,2015,0.0,0.0,0.0
2025-04-22 03:15:00+00:00,13.90999984741211,13.930000305175781,13.899999618530273,13.930000305175781,14201,0.0,0.0,0.0
2025-04-22 03:20:00+00:00,13.920000076293945,13.920000076293945,13.920000076293945,13.920000076293945,1084,0.0,0.0,0.0
2025-04-22 03:25:00+00:00,13.920000076293945,13.920000076293945,13.920000076293945,13.920000076293945,1000,0.0,0.0,0.0
2025-04-22 03:30:00+00:00,13.90999984741211,13.920000076293945,13.90999984741211,13.90999984741211,82346,0.0,0.0,0.0
2025-04-22 03:35:00+00:00,13.930000305175781,13.930000305175781,13.920000076293945,13.920000076293945,113000,0.0,0.0,0.0
2025-04-22 03:40:00+00:00,13.9399995803833,13.9399995803833,13.920000076293945,13.920000076293945,7000,0.0,0.0,0.0
2025-04-22 03:45:00+00:00,13.9399995803833,13.9399995803833,13.9399995803833,13.9399995803833,3615,0.0,0.0,0.0
2025-04-22 03:50:00+00:00,13.9399995803833,13.9399995803833,13.9399995803833,13.9399995803833,5357,0.0,0.0,0.0
2025-04-22 03:55:00+00:00,13.9399995803833,13.9399995803833,13.9399995803833,13.9399995803833,2538,0.0,0.0,0.0
2025-04-22 04:00:00+00:00,13.930000305175781,13.930000305175781,13.930000305175781,13.930000305175781,2343,0.0,0.0,0.0
2025-04-22 04:05:00+00:00,13.930000305175781,13.930000305175781,13.930000305175781,13.930000305175781,1130,0.0,0.0,0.0
2025-04-22 04:10:00+00:00,13.930000305175781,13.930000305175781,13.920000076293945,13.920000076293945,5458,0.0,0.0,0.0
2025-04-22 04:20:00+00:00,13.920000076293945,13.930000305175781,13.920000076293945,13.930000305175781,13300,0.0,0.0,0.0
2025-04-22 04:25:00+00:00,13.9399995803833,13.9399995803833,13.9399995803833,13.9399995803833,1250,0.0,0.0,0.0
2025-04-22 04:30:00+00:00,13.930000305175781,13.930000305175781,13.930000305175781,13.930000305175781,1050,0.0,0.0,0.0
2025-04-22 04:35:00+00:00,13.9399995803833,13.9399995803833,13.9399995803833,13.9399995803833,2649,0.0,0.0,0.0
2025-04-22 04:40:00+00:00,13.9399995803833,13.949999809265137,13.9399995803833,13.949999809265137,35042,0.0,0.0,0.0
2025-04-22 04:45:00+00:00,13.949999809265137,13.949999809265137,13.949999809265137,13.949999809265137,1530,0.0,0.0,0.0
2025-04-22 04:55:00+00:00,13.9399995803833,13.9399995803833,13.930000305175781,13.930000305175781,27139,0.0,0.0,0.0
2025-04-22 05:00:00+00:00,13.930000305175781,13.930000305175781,13.930000305175781,13.930000305175781,1355,0.0,0.0,0.0
2025-04-22 05:05:00+00:00,13.9399995803833,13.9399995803833,13.930000305175781,13.930000305175781,38249,0.0,0.0,0.0
2025-04-22 05:10:00+00:00,13.920000076293945,13.920000076293945,13.920000076293945,13.920000076293945,18125,0.0,0.0,0.0
2025-04-22 05:15:00+00:00,13.930000305175781,13.930000305175781,13.90999984741211,13.90999984741211,57388,0.0,0.0,0.0
2025-04-22 05:20:00+00:00,13.90999984741211,13.920000076293945,13.90999984741211,13.920000076293945,29620,0.0,0.0,0.0
2025-04-23 01:00:00+00:00,13.979999542236328,14.050000190734863,13.979999542236328,14.029999732971191,0,0.0,0.0,0.0
2025-04-23 01:05:00+00:00,14.029999732971191,14.039999961853027,14.020000457763672,14.020000457763672,162357,0.0,0.0,0.0
2025-04-23 01:10:00+00:00,14.029999732971191,14.079999923706055,14.029999732971191,14.079999923706055,183676,0.0,0.0,0.0
2025-04-23 01:15:00+00:00,14.0600004196167,14.069999694824219,14.0600004196167,14.069999694824219,9401,0.0,0.0,0.0
2025-04-23 01:20:00+00:00,14.069999694824219,14.069999694824219,14.0600004196167,14.0600004196167,12410,0.0,0.0,0.0
2025-04-23 01:25:00+00:00,14.079999923706055,14.079999923706055,14.079999923706055,14.079999923706055,15841,0.0,0.0,0.0
2025-04-23 01:30:00+00:00,14.09000015258789,14.09000015258789,14.079999923706055,14.079999923706055,25094,0.0,0.0,0.0
2025-04-23 01:35:00+00:00,14.079999923706055,14.09000015258789,14.079999923706055,14.09000015258789,5000,0.0,0.0,0.0
2025-04-23 01:40:00+00:00,14.079999923706055,14.079999923706055,14.079999923706055,14.079999923706055,5459,0.0,0.0,0.0
2025-04-23 01:45:00+00:00,14.09000015258789,14.09000015258789,14.079999923706055,14.079999923706055,12300,0.0,0.0,0.0
2025-04-23 01:50:00+00:00,14.09000015258789,14.09000015258789,14.079999923706055,14.079999923706055,5790,0.0,0.0,0.0
2025-04-23 01:55:00+00:00,14.079999923706055,14.09000015258789,14.079999923706055,14.09000015258789,6000,0.0,0.0,0.0
2025-04-23 02:00:00+00:00,14.09000015258789,14.100000381469727,14.09000015258789,14.100000381469727,73127,0.0,0.0,0.0
2025-04-23 02:05:00+00:00,14.109999656677246,14.109999656677246,14.109999656677246,14.109999656677246,4618,0.0,0.0,0.0
2025-04-23 02:15:00+00:00,14.109999656677246,14.109999656677246,14.109999656677246,14.109999656677246,3005,0.0,0.0,0.0
2025-04-23 02:20:00+00:00,14.109999656677246,14.109999656677246,14.109999656677246,14.109999656677246,1263,0.0,0.0,0.0
2025-04-23 02:25:00+00:00,14.100000381469727,14.100000381469727,14.100000381469727,14.100000381469727,4099,0.0,0.0,0.0
2025-04-23 02:30:00+00:00,14.100000381469727,14.100000381469727,14.100000381469727,14.100000381469727,42400,0.0,0.0,0.0
2025-04-23 02:35:00+00:00,14.100000381469727,14.130000114440918,14.100000381469727,14.130000114440918,24000,0.0,0.0,0.0
2025-04-23 02:40:00+00:00,14.130000114440918,14.130000114440918,14.119999885559082,14.119999885559082,42070,0.0,0.0,0.0
2025-04-23 02:45:00+00:00,14.109999656677246,14.130000114440918,14.109999656677246,14.130000114440918,67015,0.0,0.0,0.0
2025-04-23 02:50:00+00:00,14.130000114440918,14.130000114440918,14.130000114440918,14.130000114440918,1000,0.0,0.0,0.0
2025-04-23 02:55:00+00:00,14.109999656677246,14.109999656677246,14.109999656677246,14.109999656677246,3050,0.0,0.0,0.0
2025-04-23 03:00:00+00:00,14.130000114440918,14.130000114440918,14.130000114440918,14.130000114440918,5034,0.0,0.0,0.0
2025-04-23 03:05:00+00:00,14.130000114440918,14.130000114440918,14.130000114440918,14.130000114440918,11000,0.0,0.0,0.0
2025-04-23 03:10:00+00:00,14.119999885559082,14.130000114440918,14.119999885559082,14.130000114440918,2035,0.0,0.0,0.0
2025-04-23 03:15:00+00:00,14.130000114440918,14.130000114440918,14.130000114440918,14.130000114440918,4351,0.0,0.0,0.0
2025-04-23 03:20:00+00:00,14.130000114440918,14.130000114440918,14.119999885559082,14.119999885559082,5000,0.0,0.0,0.0
2025-04-23 03:25:00+00:00,14.119999885559082,14.119999885559082,14.109999656677246,14.109999656677246,23100,0.0,0.0,0.0
2025-04-23 03:30:00+00:00,14.109999656677246,14.109999656677246,14.100000381469727,14.100000381469727,24424,0.0,0.0,0.0
2025-04-23 03:40:00+00:00,14.109999656677246,14.109999656677246,14.109999656677246,14.109999656677246,3160,0.0,0.0,0.0
2025-04-23 03:45:00+00:00,14.109999656677246,14.109999656677246,14.100000381469727,14.100000381469727,6500,0.0,0.0,0.0
2025-04-23 03:50:00+00:00,14.100000381469727,14.100000381469727,14.100000381469727,14.100000381469727,101290,0.0,0.0,0.0
2025-04-23 04:05:00+00:00,14.09000015258789,14.100000381469727,14.09000015258789,14.09000015258789,53256,0.0,0.0,0.0
2025-04-23 04:10:00+00:00,14.100000381469727,14.100000381469727,14.100000381469727,14.100000381469727,1025,0.0,0.0,0.0
2025-04-23 04:20:00+00:00,14.100000381469727,14.100000381469727,14.100000381469727,14.100000381469727,2010,0.0,0.0,0.0
2025-04-23 04:25:00+00:00,14.100000381469727,14.109999656677246,14.100000381469727,14.109999656677246,216165,0.0,0.0,0.0
2025-04-23 04:30:00+00:00,14.109999656677246,14.109999656677246,14.109999656677246,14.109999656677246,7125,0.0,0.0,0.0
2025-04-23 04:40:00+00:00,14.109999656677246,14.109999656677246,14.109999656677246,14.109999656677246,4300,0.0,0.0,0.0
2025-04-23 04:45:00+00:00,14.109999656677246,14.109999656677246,14.109999656677246,14.109999656677246,1401,0.0,0.0,0.0
2025-04-23 04:55:00+00:00,14.109999656677246,14.109999656677246,14.100000381469727,14.109999656677246,3098,0.0,0.0,0.0
2025-04-23 05:00:00+00:00,14.100000381469727,14.109999656677246,14.100000381469727,14.109999656677246,77000,0.0,0.0,0.0
2025-04-23 05:05:00+00:00,14.109999656677246,14.109999656677246,14.109999656677246,14.109999656677246,1072,0.0,0.0,0.0
2025-04-23 05:10:00+00:00,14.100000381469727,14.100000381469727,14.100000381469727,14.100000381469727,2998,0.0,0.0,0.0
2025-04-23 05:15:00+00:00,14.09000015258789,14.09000015258789,14.079999923706055,14.079999923706055,42743,0.0,0.0,0.0
2025-04-23 05:20:00+00:00,14.079999923706055,14.079999923706055,14.079999923706055,14.079999923706055,7126,0.0,0.0,0.0
2025-04-24 01:00:00+00:00,14.130000114440918,14.130000114440918,14.119999885559082,14.119999885559082,0,0.0,0.0,0.0
2025-04-24 01:05:00+00:00,14.109999656677246,14.140000343322754,14.100000381469727,14.140000343322754,27642,0.0,0.0,0.0
2025-04-24 01:10:00+00:00,14.130000114440918,14.130000114440918,14.109999656677246,14.109999656677246,4295,0.0,0.0,0.0
2025-04-24 01:15:00+00:00,14.100000381469727,14.100000381469727,14.09000015258789,14.09000015258789,28000,0.0,0.0,0.0
2025-04-24 01:20:00+00:00,14.100000381469727,14.100000381469727,14.079999923706055,14.079999923706055,105583,0.0,0.0,0.0
2025-04-24 01:25:00+00:00,14.079999923706055,14.100000381469727,14.079999923706055,14.100000381469727,35067,0.0,0.0,0.0
2025-04-24 01:30:00+00:00,14.109999656677246,14.130000114440918,14.109999656677246,14.130000114440918,102479,0.0,0.0,0.0
2025-04-24 01:35:00+00:00,14.130000114440918,14.140000343322754,14.119999885559082,14.140000343322754,88552,0.0,0.0,0.0
2025-04-24 01:45:00+00:00,14.119999885559082,14.130000114440918,14.119999885559082,14.130000114440918,5030,0.0,0.0,0.0
2025-04-24 01:50:00+00:00,14.130000114440918,14.130000114440918,14.130000114440918,14.130000114440918,6905,0.0,0.0,0.0
2025-04-24 02:10:00+00:00,14.100000381469727,14.109999656677246,14.100000381469727,14.109999656677246,35008,0.0,0.0,0.0
2025-04-24 02:15:00+00:00,14.109999656677246,14.119999885559082,14.109999656677246,14.119999885559082,19000,0.0,0.0,0.0
2025-04-24 02:20:00+00:00,14.109999656677246,14.109999656677246,14.109999656677246,14.109999656677246,25222,0.0,0.0,0.0
2025-04-24 02:30:00+00:00,14.100000381469727,14.100000381469727,14.100000381469727,14.100000381469727,45220,0.0,0.0,0.0
2025-04-24 02:35:00+00:00,14.100000381469727,14.100000381469727,14.100000381469727,14.100000381469727,3000,0.0,0.0,0.0
2025-04-24 02:40:00+00:00,14.100000381469727,14.100000381469727,14.09000015258789,14.09000015258789,82890,0.0,0.0,0.0
2025-04-24 02:45:00+00:00,14.079999923706055,14.079999923706055,14.079999923706055,14.079999923706055,2000,0.0,0.0,0.0
2025-04-24 02:50:00+00:00,14.079999923706055,14.079999923706055,14.079999923706055,14.079999923706055,14410,0.0,0.0,0.0
2025-04-24 02:55:00+00:00,14.079999923706055,14.079999923706055,14.069999694824219,14.079999923706055,111350,0.0,0.0,0.0
2025-04-24 03:00:00+00:00,14.079999923706055,14.079999923706055,14.079999923706055,14.079999923706055,2000,0.0,0.0,0.0
2025-04-24 03:05:00+00:00,14.069999694824219,14.069999694824219,14.069999694824219,14.069999694824219,3000,0.0,0.0,0.0
2025-04-24 03:10:00+00:00,14.069999694824219,14.069999694824219,14.069999694824219,14.069999694824219,2000,0.0,0.0,0.0
2025-04-24 03:15:00+00:00,14.069999694824219,14.079999923706055,14.069999694824219,14.069999694824219,3466,0.0,0.0,0.0
2025-04-24 03:20:00+00:00,14.069999694824219,14.069999694824219,14.0600004196167,14.0600004196167,21257,0.0,0.0,0.0
2025-04-24 03:25:00+00:00,14.050000190734863,14.050000190734863,14.050000190734863,14.050000190734863,4020,0.0,0.0,0.0
2025-04-24 03:30:00+00:00,14.0600004196167,14.0600004196167,14.0600004196167,14.0600004196167,1000,0.0,0.0,0.0
2025-04-24 03:35:00+00:00,14.0600004196167,14.0600004196167,14.0600004196167,14.0600004196167,2000,0.0,0.0,0.0
2025-04-24 03:40:00+00:00,14.050000190734863,14.050000190734863,14.050000190734863,14.050000190734863,16010,0.0,0.0,0.0
2025-04-24 03:45:00+00:00,14.0600004196167,14.069999694824219,14.0600004196167,14.069999694824219,12600,0.0,0.0,0.0
2025-04-24 03:50:00+00:00,14.069999694824219,14.069999694824219,14.069999694824219,14.069999694824219,1010,0.0,0.0,0.0
2025-04-24 03:55:00+00:00,14.0600004196167,14.0600004196167,14.0600004196167,14.0600004196167,2200,0.0,0.0,0.0
2025-04-24 04:00:00+00:00,14.069999694824219,14.069999694824219,14.069999694824219,14.069999694824219,3054,0.0,0.0,0.0
2025-04-24 04:15:00+00:00,14.079999923706055,14.079999923706055,14.069999694824219,14.069999694824219,10117,0.0,0.0,0.0
2025-04-24 04:30:00+00:00,14.0600004196167,14.0600004196167,14.0600004196167,14.0600004196167,1000,0.0,0.0,0.0
2025-04-24 04:35:00+00:00,14.069999694824219,14.079999923706055,14.069999694824219,14.079999923706055,39100,0.0,0.0,0.0
2025-04-24 04:40:00+00:00,14.079999923706055,14.079999923706055,14.069999694824219,14.069999694824219,101010,0.0,0.0,0.0
2025-04-24 04:45:00+00:00,14.069999694824219,14.069999694824219,14.069999694824219,14.069999694824219,5200,0.0,0.0,0.0
2025-04-24 04:50:00+00:00,14.069999694824219,14.069999694824219,14.069999694824219,14.069999694824219,4000,0.0,0.0,0.0
2025-04-24 04:55:00+00:00,14.069999694824219,14.069999694824219,14.069999694824219,14.069999694824219,1142,0.0,0.0,0.0
2025-04-24 05:00:00+00:00,14.0600004196167,14.0600004196167,14.0600004196167,14.0600004196167,5000,0.0,0.0,0.0
2025-04-24 05:05:00+00:00,14.0600004196167,14.0600004196167,14.0600004196167,14.0600004196167,1094,0.0,0.0,0.0
2025-04-24 05:10:00+00:00,14.069999694824219,14.069999694824219,14.069999694824219,14.069999694824219,1000,0.0,0.0,0.0
2025-04-24 05:15:00+00:00,14.069999694824219,14.069999694824219,14.069999694824219,14.069999694824219,1224,0.0,0.0,0.0
2025-04-24 05:20:00+00:00,14.069999694824219,14.069999694824219,14.0600004196167,14.0600004196167,16439,0.0,0.0,0.0
2025-04-25 01:00:00+00:00,14.199999809265137,14.199999809265137,14.1899995803833,14.199999809265137,0,0.0,0.0,0.0
2025-04-25 01:05:00+00:00,14.199999809265137,14.199999809265137,14.180000305175781,14.1899995803833,27270,0.0,0.0,0.0
2025-04-25 01:10:00+00:00,14.1899995803833,14.1899995803833,14.180000305175781,14.180000305175781,32593,0.0,0.0,0.0
2025-04-25 01:20:00+00:00,14.180000305175781,14.180000305175781,14.15999984741211,14.15999984741211,205083,0.0,0.0,0.0
2025-04-25 01:25:00+00:00,14.15999984741211,14.15999984741211,14.15999984741211,14.15999984741211,1562,0.0,0.0,0.0
2025-04-25 01:30:00+00:00,14.149999618530273,14.149999618530273,14.149999618530273,14.149999618530273,10000,0.0,0.0,0.0
2025-04-25 01:35:00+00:00,14.15999984741211,14.15999984741211,14.15999984741211,14.15999984741211,3000,0.0,0.0,0.0
2025-04-25 01:40:00+00:00,14.15999984741211,14.15999984741211,14.15999984741211,14.15999984741211,10339,0.0,0.0,0.0
2025-04-25 01:45:00+00:00,14.149999618530273,14.149999618530273,14.149999618530273,14.149999618530273,20352,0.0,0.0,0.0
2025-04-25 01:50:00+00:00,14.140000343322754,14.140000343322754,14.140000343322754,14.140000343322754,7411,0.0,0.0,0.0
2025-04-25 01:55:00+00:00,14.140000343322754,14.140000343322754,14.140000343322754,14.140000343322754,1040,0.0,0.0,0.0
2025-04-25 02:00:00+00:00,14.130000114440918,14.130000114440918,14.130000114440918,14.130000114440918,30005,0.0,0.0,0.0
2025-04-25 02:05:00+00:00,14.140000343322754,14.140000343322754,14.140000343322754,14.140000343322754,32000,0.0,0.0,0.0
2025-04-25 02:10:00+00:00,14.140000343322754,14.140000343322754,14.140000343322754,14.140000343322754,1263,0.0,0.0,0.0
2025-04-25 02:15:00+00:00,14.140000343322754,14.140000343322754,14.140000343322754,14.140000343322754,2000,0.0,0.0,0.0
2025-04-25 02:20:00+00:00,14.140000343322754,14.149999618530273,14.140000343322754,14.149999618530273,48000,0.0,0.0,0.0
2025-04-25 02:25:00+00:00,14.149999618530273,14.149999618530273,14.140000343322754,14.140000343322754,6000,0.0,0.0,0.0
2025-04-25 02:30:00+00:00,14.140000343322754,14.140000343322754,14.130000114440918,14.130000114440918,20107,0.0,0.0,0.0
2025-04-25 02:35:00+00:00,14.130000114440918,14.130000114440918,14.130000114440918,14.130000114440918,21000,0.0,0.0,0.0
2025-04-25 02:40:00+00:00,14.130000114440918,14.140000343322754,14.130000114440918,14.140000343322754,16350,0.0,0.0,0.0
2025-04-25 02:45:00+00:00,14.140000343322754,14.140000343322754,14.140000343322754,14.140000343322754,2010,0.0,0.0,0.0
2025-04-25 02:50:00+00:00,14.119999885559082,14.119999885559082,14.119999885559082,14.119999885559082,12040,0.0,0.0,0.0
2025-04-25 02:55:00+00:00,14.119999885559082,14.119999885559082,14.119999885559082,14.119999885559082,20010,0.0,0.0,0.0
2025-04-25 03:00:00+00:00,14.119999885559082,14.119999885559082,14.119999885559082,14.119999885559082,5044,0.0,0.0,0.0
2025-04-25 03:05:00+00:00,14.130000114440918,14.130000114440918,14.130000114440918,14.130000114440918,2640,0.0,0.0,0.0
2025-04-25 03:20:00+00:00,14.130000114440918,14.130000114440918,14.130000114440918,14.130000114440918,84023,0.0,0.0,0.0
2025-04-25 03:25:00+00:00,14.130000114440918,14.130000114440918,14.130000114440918,14.130000114440918,6127,0.0,0.0,0.0
2025-04-25 03:30:00+00:00,14.119999885559082,14.119999885559082,14.119999885559082,14.119999885559082,5716,0.0,0.0,0.0
2025-04-25 03:45:00+00:00,14.119999885559082,14.119999885559082,14.119999885559082,14.119999885559082,10858,0.0,0.0,0.0
2025-04-25 04:00:00+00:00,14.119999885559082,14.130000114440918,14.119999885559082,14.130000114440918,8100,0.0,0.0,0.0
2025-04-25 04:05:00+00:00,14.130000114440918,14.140000343322754,14.130000114440918,14.140000343322754,29119,0.0,0.0,0.0
2025-04-25 04:10:00+00:00,14.149999618530273,14.149999618530273,14.149999618530273,14.149999618530273,20028,0.0,0.0,0.0
2025-04-25 04:15:00+00:00,14.140000343322754,14.140000343322754,14.140000343322754,14.140000343322754,4110,0.0,0.0,0.0
2025-04-25 04:30:00+00:00,14.119999885559082,14.119999885559082,14.119999885559082,14.119999885559082,25476,0.0,0.0,0.0
2025-04-25 04:40:00+00:00,14.130000114440918,14.130000114440918,14.119999885559082,14.119999885559082,33602,0.0,0.0,0.0
2025-04-25 04:50:00+00:00,14.119999885559082,14.119999885559082,14.119999885559082,14.119999885559082,5002,0.0,0.0,0.0
2025-04-25 04:55:00+00:00,14.119999885559082,14.119999885559082,14.119999885559082,14.119999885559082,2100,0.0,0.0,0.0
2025-04-25 05:05:00+00:00,14.119999885559082,14.119999885559082,14.119999885559082,14.119999885559082,17000,0.0,0.0,0.0
2025-04-25 05:10:00+00:00,14.109999656677246,14.109999656677246,14.109999656677246,14.109999656677246,2581,0.0,0.0,0.0
2025-04-25 05:15:00+00:00,14.119999885559082,14.119999885559082,14.119999885559082,14.119999885559082,1000,0.0,0.0,0.0
2025-04-25 05:20:00+00:00,14.119999885559082,14.119999885559082,14.119999885559082,14.119999885559082,3955,0.0,0.0,0.0
2025-04-28 01:00:00+00:00,14.149999618530273,14.15999984741211,14.149999618530273,14.15999984741211,0,0.0,0.0,0.0
2025-04-28 01:05:00+00:00,14.170000076293945,14.170000076293945,14.15999984741211,14.15999984741211,87000,0.0,0.0,0.0
2025-04-28 01:10:00+00:00,14.15999984741211,14.15999984741211,14.140000343322754,14.15999984741211,182400,0.0,0.0,0.0
2025-04-28 01:15:00+00:00,14.15999984741211,14.170000076293945,14.15999984741211,14.15999984741211,86472,0.0,0.0,0.0
2025-04-28 01:20:00+00:00,14.15999984741211,14.15999984741211,14.15999984741211,14.15999984741211,5335,0.0,0.0,0.0
2025-04-28 01:25:00+00:00,14.170000076293945,14.170000076293945,14.15999984741211,14.15999984741211,13525,0.0,0.0,0.0
2025-04-28 01:30:00+00:00,14.170000076293945,14.180000305175781,14.170000076293945,14.180000305175781,73238,0.0,0.0,0.0
2025-04-28 01:40:00+00:00,14.180000305175781,14.180000305175781,14.180000305175781,14.180000305175781,5000,0.0,0.0,0.0
2025-04-28 01:45:00+00:00,14.1899995803833,14.1899995803833,14.180000305175781,14.180000305175781,59115,0.0,0.0,0.0
2025-04-28 01:50:00+00:00,14.170000076293945,14.170000076293945,14.15999984741211,14.15999984741211,34557,0.0,0.0,0.0
2025-04-28 01:55:00+00:00,14.15999984741211,14.15999984741211,14.15999984741211,14.15999984741211,2343,0.0,0.0,0.0
2025-04-28 02:00:00+00:00,14.15999984741211,14.15999984741211,14.149999618530273,14.149999618530273,12379,0.0,0.0,0.0
2025-04-28 02:05:00+00:00,14.149999618530273,14.149999618530273,14.149999618530273,14.149999618530273,2056,0.0,0.0,0.0
2025-04-28 02:10:00+00:00,14.149999618530273,14.149999618530273,14.140000343322754,14.140000343322754,19000,0.0,0.0,0.0
2025-04-28 02:15:00+00:00,14.15999984741211,14.15999984741211,14.140000343322754,14.15999984741211,41366,0.0,0.0,0.0
2025-04-28 02:20:00+00:00,14.140000343322754,14.140000343322754,14.140000343322754,14.140000343322754,2000,0.0,0.0,0.0
2025-04-28 02:25:00+00:00,14.140000343322754,14.140000343322754,14.140000343322754,14.140000343322754,2142,0.0,0.0,0.0
2025-04-28 02:30:00+00:00,14.15999984741211,14.15999984741211,14.15999984741211,14.15999984741211,4338,0.0,0.0,0.0
2025-04-28 02:35:00+00:00,14.149999618530273,14.149999618530273,14.149999618530273,14.149999618530273,36780,0.0,0.0,0.0
2025-04-28 02:40:00+00:00,14.149999618530273,14.149999618530273,14.140000343322754,14.140000343322754,45092,0.0,0.0,0.0
2025-04-28 02:45:00+00:00,14.130000114440918,14.149999618530273,14.130000114440918,14.149999618530273,6806,0.0,0.0,0.0
2025-04-28 02:50:00+00:00,14.140000343322754,14.140000343322754,14.140000343322754,14.140000343322754,20000,0.0,0.0,0.0
2025-04-28 02:55:00+00:00,14.140000343322754,14.140000343322754,14.130000114440918,14.130000114440918,170904,0.0,0.0,0.0
2025-04-28 03:00:00+00:00,14.130000114440918,14.130000114440918,14.130000114440918,14.130000114440918,4042,0.0,0.0,0.0
2025-04-28 03:10:00+00:00,14.140000343322754,14.140000343322754,14.140000343322754,14.140000343322754,1100,0.0,0.0,0.0
2025-04-28 03:15:00+00:00,14.140000343322754,14.140000343322754,14.140000343322754,14.140000343322754,4144,0.0,0.0,0.0
2025-04-28 03:20:00+00:00,14.140000343322754,14.140000343322754,14.140000343322754,14.140000343322754,1562,0.0,0.0,0.0
2025-04-28 03:25:00+00:00,14.130000114440918,14.130000114440918,14.130000114440918,14.130000114440918,2180,0.0,0.0,0.0
2025-04-28 03:30:00+00:00,14.119999885559082,14.140000343322754,14.119999885559082,14.140000343322754,19232,0.0,0.0,0.0
2025-04-28 03:55:00+00:00,14.130000114440918,14.130000114440918,14.130000114440918,14.130000114440918,1242,0.0,0.0,0.0
2025-04-28 04:00:00+00:00,14.130000114440918,14.130000114440918,14.130000114440918,14.130000114440918,1364,0.0,0.0,0.0
2025-04-28 04:15:00+00:00,14.130000114440918,14.130000114440918,14.130000114440918,14.130000114440918,3000,0.0,0.0,0.0
2025-04-28 04:20:00+00:00,14.130000114440918,14.130000114440918,14.130000114440918,14.130000114440918,1176,0.0,0.0,0.0
2025-04-28 04:25:00+00:00,14.130000114440918,14.130000114440918,14.119999885559082,14.119999885559082,6140,0.0,0.0,0.0
2025-04-28 04:30:00+00:00,14.130000114440918,14.130000114440918,14.130000114440918,14.130000114440918,3406,0.0,0.0,0.0
2025-04-28 04:35:00+00:00,14.130000114440918,14.130000114440918,14.130000114440918,14.130000114440918,5250,0.0,0.0,0.0
2025-04-28 04:40:00+00:00,14.140000343322754,14.140000343322754,14.140000343322754,14.140000343322754,25185,0.0,0.0,0.0
2025-04-28 04:50:00+00:00,14.140000343322754,14.140000343322754,14.140000343322754,14.140000343322754,15000,0.0,0.0,0.0
2025-04-28 04:55:00+00:00,14.140000343322754,14.140000343322754,14.140000343322754,14.140000343322754,1111,0.0,0.0,0.0
2025-04-28 05:00:00+00:00,14.140000343322754,14.140000343322754,14.140000343322754,14.140000343322754,6200,0.0,0.0,0.0
2025-04-28 05:05:00+00:00,14.149999618530273,14.149999618530273,14.140000343322754,14.140000343322754,7054,0.0,0.0,0.0
2025-04-28 05:10:00+00:00,14.130000114440918,14.140000343322754,14.130000114440918,14.140000343322754,13703,0.0,0.0,0.0
2025-04-28 05:15:00+00:00,14.140000343322754,14.140000343322754,14.130000114440918,14.130000114440918,14145,0.0,0.0,0.0
2025-04-28 05:20:00+00:00,14.140000343322754,14.140000343322754,14.130000114440918,14.130000114440918,10279,0.0,0.0,0.0
2025-04-29 01:00:00+00:00,14.180000305175781,14.180000305175781,14.170000076293945,14.180000305175781,0,0.0,0.0,0.0
2025-04-29 01:05:00+00:00,14.1899995803833,14.220000267028809,14.1899995803833,14.210000038146973,41567,0.0,0.0,0.0
2025-04-29 01:10:00+00:00,14.220000267028809,14.220000267028809,14.210000038146973,14.210000038146973,2000,0.0,0.0,0.0
2025-04-29 01:15:00+00:00,14.1899995803833,14.210000038146973,14.1899995803833,14.210000038146973,3070,0.0,0.0,0.0
2025-04-29 01:20:00+00:00,14.1899995803833,14.1899995803833,14.1899995803833,14.1899995803833,20035,0.0,0.0,0.0
2025-04-29 01:25:00+00:00,14.1899995803833,14.1899995803833,14.1899995803833,14.1899995803833,43244,0.0,0.0,0.0
2025-04-29 01:30:00+00:00,14.1899995803833,14.1899995803833,14.180000305175781,14.180000305175781,46197,0.0,0.0,0.0
2025-04-29 01:35:00+00:00,14.170000076293945,14.170000076293945,14.170000076293945,14.170000076293945,21119,0.0,0.0,0.0
2025-04-29 01:40:00+00:00,14.180000305175781,14.180000305175781,14.180000305175781,14.180000305175781,3681,0.0,0.0,0.0
2025-04-29 01:45:00+00:00,14.1899995803833,14.199999809265137,14.1899995803833,14.199999809265137,184242,0.0,0.0,0.0
2025-04-29 01:50:00+00:00,14.199999809265137,14.199999809265137,14.199999809265137,14.199999809265137,1424,0.0,0.0,0.0
2025-04-29 01:55:00+00:00,14.210000038146973,14.210000038146973,14.199999809265137,14.210000038146973,12250,0.0,0.0,0.0
2025-04-29 02:00:00+00:00,14.220000267028809,14.239999771118164,14.220000267028809,14.239999771118164,130219,0.0,0.0,0.0
2025-04-29 02:10:00+00:00,14.229999542236328,14.289999961853027,14.229999542236328,14.289999961853027,101369,0.0,0.0,0.0
2025-04-29 02:15:00+00:00,14.300000190734863,14.319999694824219,14.289999961853027,14.289999961853027,58030,0.0,0.0,0.0
2025-04-29 02:20:00+00:00,14.289999961853027,14.300000190734863,14.289999961853027,14.300000190734863,35019,0.0,0.0,0.0
2025-04-29 02:25:00+00:00,14.300000190734863,14.300000190734863,14.300000190734863,14.300000190734863,20500,0.0,0.0,0.0
2025-04-29 02:30:00+00:00,14.300000190734863,14.319999694824219,14.300000190734863,14.319999694824219,60294,0.0,0.0,0.0
2025-04-29 02:35:00+00:00,14.319999694824219,14.319999694824219,14.319999694824219,14.319999694824219,4206,0.0,0.0,0.0
2025-04-29 02:40:00+00:00,14.3100004196167,14.3100004196167,14.300000190734863,14.300000190734863,5229,0.0,0.0,0.0
2025-04-29 02:45:00+00:00,14.3100004196167,14.3100004196167,14.3100004196167,14.3100004196167,17000,0.0,0.0,0.0
2025-04-29 02:50:00+00:00,14.300000190734863,14.300000190734863,14.300000190734863,14.300000190734863,5240,0.0,0.0,0.0
2025-04-29 02:55:00+00:00,14.289999961853027,14.289999961853027,14.289999961853027,14.289999961853027,4010,0.0,0.0,0.0
2025-04-29 03:00:00+00:00,14.289999961853027,14.289999961853027,14.279999732971191,14.279999732971191,52443,0.0,0.0,0.0
2025-04-29 03:05:00+00:00,14.289999961853027,14.289999961853027,14.289999961853027,14.289999961853027,3067,0.0,0.0,0.0
2025-04-29 03:10:00+00:00,14.289999961853027,14.289999961853027,14.289999961853027,14.289999961853027,2000,0.0,0.0,0.0
2025-04-29 03:20:00+00:00,14.289999961853027,14.289999961853027,14.289999961853027,14.289999961853027,1000,0.0,0.0,0.0
2025-04-29 03:25:00+00:00,14.289999961853027,14.289999961853027,14.289999961853027,14.289999961853027,2173,0.0,0.0,0.0
2025-04-29 03:30:00+00:00,14.279999732971191,14.279999732971191,14.279999732971191,14.279999732971191,19060,0.0,0.0,0.0
2025-04-29 03:35:00+00:00,14.279999732971191,14.279999732971191,14.279999732971191,14.279999732971191,2000,0.0,0.0,0.0
2025-04-29 03:40:00+00:00,14.289999961853027,14.289999961853027,14.289999961853027,14.289999961853027,4000,0.0,0.0,0.0
2025-04-29 03:45:00+00:00,14.289999961853027,14.300000190734863,14.289999961853027,14.300000190734863,32400,0.0,0.0,0.0
2025-04-29 03:50:00+00:00,14.3100004196167,14.3100004196167,14.3100004196167,14.3100004196167,10000,0.0,0.0,0.0
2025-04-29 03:55:00+00:00,14.3100004196167,14.319999694824219,14.3100004196167,14.319999694824219,3050,0.0,0.0,0.0
2025-04-29 04:00:00+00:00,14.319999694824219,14.319999694824219,14.319999694824219,14.319999694824219,44343,0.0,0.0,0.0
2025-04-29 04:10:00+00:00,14.3100004196167,14.3100004196167,14.3100004196167,14.3100004196167,13000,0.0,0.0,0.0
2025-04-29 04:15:00+00:00,14.319999694824219,14.319999694824219,14.319999694824219,14.319999694824219,3040,0.0,0.0,0.0
2025-04-29 04:20:00+00:00,14.319999694824219,14.319999694824219,14.319999694824219,14.319999694824219,4000,0.0,0.0,0.0
2025-04-29 04:25:00+00:00,14.319999694824219,14.329999923706055,14.319999694824219,14.329999923706055,56100,0.0,0.0,0.0
2025-04-29 04:30:00+00:00,14.329999923706055,14.329999923706055,14.329999923706055,14.329999923706055,1460,0.0,0.0,0.0
2025-04-29 04:35:00+00:00,14.319999694824219,14.329999923706055,14.319999694824219,14.329999923706055,15200,0.0,0.0,0.0
2025-04-29 04:40:00+00:00,14.329999923706055,14.329999923706055,14.329999923706055,14.329999923706055,4600,0.0,0.0,0.0
2025-04-29 04:45:00+00:00,14.329999923706055,14.329999923706055,14.329999923706055,14.329999923706055,6202,0.0,0.0,0.0
2025-04-29 04:50:00+00:00,14.34000015258789,14.34000015258789,14.34000015258789,14.34000015258789,11311,0.0,0.0,0.0
2025-04-29 04:55:00+00:00,14.329999923706055,14.329999923706055,14.329999923706055,14.329999923706055,21377,0.0,0.0,0.0
2025-04-29 05:05:00+00:00,14.329999923706055,14.329999923706055,14.329999923706055,14.329999923706055,3156,0.0,0.0,0.0
2025-04-29 05:10:00+00:00,14.329999923706055,14.329999923706055,14.329999923706055,14.329999923706055,100115,0.0,0.0,0.0
2025-04-29 05:20:00+00:00,14.319999694824219,14.329999923706055,14.319999694824219,14.329999923706055,18000,0.0,0.0,0.0
2025-04-30 01:00:00+00:00,14.369999885559082,14.369999885559082,14.350000381469727,14.359999656677246,0,0.0,0.0,0.0
2025-04-30 01:05:00+00:00,14.350000381469727,14.390000343322754,14.350000381469727,14.390000343322754,146000,0.0,0.0,0.0
2025-04-30 01:10:00+00:00,14.380000114440918,14.390000343322754,14.380000114440918,14.390000343322754,20803,0.0,0.0,0.0
2025-04-30 01:15:00+00:00,14.390000343322754,14.390000343322754,14.380000114440918,14.390000343322754,18351,0.0,0.0,0.0
2025-04-30 01:20:00+00:00,14.390000343322754,14.390000343322754,14.380000114440918,14.380000114440918,18001,0.0,0.0,0.0
2025-04-30 01:25:00+00:00,14.390000343322754,14.390000343322754,14.390000343322754,14.390000343322754,11025,0.0,0.0,0.0
2025-04-30 01:30:00+00:00,14.390000343322754,14.399999618530273,14.390000343322754,14.399999618530273,31208,0.0,0.0,0.0
2025-04-30 01:35:00+00:00,14.390000343322754,14.430000305175781,14.390000343322754,14.430000305175781,134886,0.0,0.0,0.0
2025-04-30 01:40:00+00:00,14.430000305175781,14.4399995803833,14.420000076293945,14.420000076293945,256832,0.0,0.0,0.0
2025-04-30 01:55:00+00:00,14.420000076293945,14.430000305175781,14.420000076293945,14.430000305175781,6645,0.0,0.0,0.0
2025-04-30 02:00:00+00:00,14.430000305175781,14.430000305175781,14.430000305175781,14.430000305175781,26000,0.0,0.0,0.0
2025-04-30 02:05:00+00:00,14.4399995803833,14.460000038146973,14.4399995803833,14.460000038146973,280369,0.0,0.0,0.0
2025-04-30 02:10:00+00:00,14.470000267028809,14.479999542236328,14.470000267028809,14.479999542236328,14100,0.0,0.0,0.0
2025-04-30 02:15:00+00:00,14.470000267028809,14.470000267028809,14.449999809265137,14.449999809265137,5900,0.0,0.0,0.0
2025-04-30 02:20:00+00:00,14.449999809265137,14.460000038146973,14.449999809265137,14.449999809265137,8207,0.0,0.0,0.0
2025-04-30 02:25:00+00:00,14.470000267028809,14.470000267028809,14.460000038146973,14.460000038146973,102220,0.0,0.0,0.0
2025-04-30 02:30:00+00:00,14.4399995803833,14.4399995803833,14.4399995803833,14.4399995803833,102200,0.0,0.0,0.0
2025-04-30 02:35:00+00:00,14.449999809265137,14.460000038146973,14.430000305175781,14.430000305175781,104364,0.0,0.0,0.0
2025-04-30 02:40:00+00:00,14.449999809265137,14.449999809265137,14.4399995803833,14.4399995803833,10068,0.0,0.0,0.0
2025-04-30 02:45:00+00:00,14.430000305175781,14.430000305175781,14.430000305175781,14.430000305175781,1100,0.0,0.0,0.0
2025-04-30 02:50:00+00:00,14.430000305175781,14.430000305175781,14.420000076293945,14.420000076293945,104000,0.0,0.0,0.0
2025-04-30 02:55:00+00:00,14.40999984741211,14.40999984741211,14.399999618530273,14.399999618530273,210610,0.0,0.0,0.0
2025-04-30 03:05:00+00:00,14.390000343322754,14.390000343322754,14.390000343322754,14.390000343322754,6367,0.0,0.0,0.0
2025-04-30 03:15:00+00:00,14.390000343322754,14.390000343322754,14.390000343322754,14.390000343322754,3013,0.0,0.0,0.0
2025-04-30 03:20:00+00:00,14.380000114440918,14.399999618530273,14.380000114440918,14.399999618530273,50029,0.0,0.0,0.0
2025-04-30 03:25:00+00:00,14.40999984741211,14.40999984741211,14.40999984741211,14.40999984741211,70000,0.0,0.0,0.0
2025-04-30 03:30:00+00:00,14.399999618530273,14.399999618530273,14.399999618530273,14.399999618530273,5100,0.0,0.0,0.0
2025-04-30 03:35:00+00:00,14.40999984741211,14.40999984741211,14.390000343322754,14.390000343322754,226070,0.0,0.0,0.0
2025-04-30 03:40:00+00:00,14.399999618530273,14.399999618530273,14.399999618530273,14.399999618530273,10401,0.0,0.0,0.0
2025-04-30 03:45:00+00:00,14.390000343322754,14.390000343322754,14.390000343322754,14.390000343322754,208000,0.0,0.0,0.0
2025-04-30 03:50:00+00:00,14.390000343322754,14.399999618530273,14.390000343322754,14.399999618530273,34000,0.0,0.0,0.0
2025-04-30 03:55:00+00:00,14.399999618530273,14.399999618530273,14.399999618530273,14.399999618530273,1100,0.0,0.0,0.0
2025-04-30 04:05:00+00:00,14.399999618530273,14.399999618530273,14.399999618530273,14.399999618530273,1000,0.0,0.0,0.0
2025-04-30 04:10:00+00:00,14.390000343322754,14.399999618530273,14.390000343322754,14.399999618530273,14250,0.0,0.0,0.0
2025-04-30 04:25:00+00:00,14.399999618530273,14.399999618530273,14.399999618530273,14.399999618530273,2300,0.0,0.0,0.0
2025-04-30 04:30:00+00:00,14.399999618530273,14.399999618530273,14.399999618530273,14.399999618530273,1010,0.0,0.0,0.0
2025-04-30 04:40:00+00:00,14.399999618530273,14.399999618530273,14.399999618530273,14.399999618530273,1449,0.0,0.0,0.0
2025-04-30 04:45:00+00:00,14.399999618530273,14.399999618530273,14.390000343322754,14.390000343322754,2000,0.0,0.0,0.0
2025-04-30 04:50:00+00:00,14.390000343322754,14.390000343322754,14.390000343322754,14.390000343322754,8010,0.0,0.0,0.0
2025-04-30 04:55:00+00:00,14.390000343322754,14.390000343322754,14.390000343322754,14.390000343322754,1000,0.0,0.0,0.0
2025-04-30 05:00:00+00:00,14.390000343322754,14.390000343322754,14.390000343322754,14.390000343322754,16050,0.0,0.0,0.0
2025-04-30 05:05:00+00:00,14.390000343322754,14.390000343322754,14.390000343322754,14.390000343322754,1000,0.0,0.0,0.0
2025-04-30 05:10:00+00:00,14.380000114440918,14.380000114440918,14.380000114440918,14.380000114440918,5176,0.0,0.0,0.0
2025-04-30 05:20:00+00:00,14.390000343322754,14.399999618530273,14.380000114440918,14.390000343322754,14038,0.0,0.0,0.0
2025-05-02 01:00:00+00:00,14.449999809265137,14.449999809265137,14.449999809265137,14.449999809265137,0,0.0,0.0,0.0
2025-05-02 01:05:00+00:00,14.460000038146973,14.470000267028809,14.460000038146973,14.460000038146973,27831,0.0,0.0,0.0
2025-05-02 01:10:00+00:00,14.470000267028809,14.479999542236328,14.460000038146973,14.479999542236328,36000,0.0,0.0,0.0
2025-05-02 01:15:00+00:00,14.489999771118164,14.489999771118164,14.479999542236328,14.479999542236328,39571,0.0,0.0,0.0
2025-05-02 01:20:00+00:00,14.470000267028809,14.470000267028809,14.460000038146973,14.470000267028809,9422,0.0,0.0,0.0
2025-05-02 01:25:00+00:00,14.479999542236328,14.489999771118164,14.479999542236328,14.489999771118164,25190,0.0,0.0,0.0
2025-05-02 01:30:00+00:00,14.470000267028809,14.470000267028809,14.470000267028809,14.470000267028809,125537,0.0,0.0,0.0
2025-05-02 01:35:00+00:00,14.470000267028809,14.470000267028809,14.470000267028809,14.470000267028809,2013,0.0,0.0,0.0
2025-05-02 01:40:00+00:00,14.470000267028809,14.470000267028809,14.449999809265137,14.449999809265137,6089,0.0,0.0,0.0
2025-05-02 01:45:00+00:00,14.470000267028809,14.5,14.470000267028809,14.5,17820,0.0,0.0,0.0
2025-05-02 01:50:00+00:00,14.489999771118164,14.5,14.489999771118164,14.5,213000,0.0,0.0,0.0
2025-05-02 01:55:00+00:00,14.5,14.520000457763672,14.5,14.510000228881836,16517,0.0,0.0,0.0
2025-05-02 02:00:00+00:00,14.5,14.510000228881836,14.5,14.510000228881836,24000,0.0,0.0,0.0
2025-05-02 02:05:00+00:00,14.520000457763672,14.520000457763672,14.489999771118164,14.510000228881836,119614,0.0,0.0,0.0
2025-05-02 02:15:00+00:00,14.510000228881836,14.510000228881836,14.510000228881836,14.510000228881836,7040,0.0,0.0,0.0
2025-05-02 02:20:00+00:00,14.510000228881836,14.520000457763672,14.510000228881836,14.520000457763672,36526,0.0,0.0,0.0
2025-05-02 02:25:00+00:00,14.520000457763672,14.520000457763672,14.520000457763672,14.520000457763672,4096,0.0,0.0,0.0
2025-05-02 02:30:00+00:00,14.520000457763672,14.529999732971191,14.520000457763672,14.529999732971191,16374,0.0,0.0,0.0
2025-05-02 02:35:00+00:00,14.539999961853027,14.539999961853027,14.539999961853027,14.539999961853027,5039,0.0,0.0,0.0
2025-05-02 02:40:00+00:00,14.539999961853027,14.550000190734863,14.539999961853027,14.550000190734863,45000,0.0,0.0,0.0
2025-05-02 02:45:00+00:00,14.550000190734863,14.550000190734863,14.539999961853027,14.550000190734863,19100,0.0,0.0,0.0
2025-05-02 02:50:00+00:00,14.550000190734863,14.550000190734863,14.550000190734863,14.550000190734863,1500,0.0,0.0,0.0
2025-05-02 02:55:00+00:00,14.539999961853027,14.539999961853027,14.539999961853027,14.539999961853027,1272,0.0,0.0,0.0
2025-05-02 03:00:00+00:00,14.539999961853027,14.539999961853027,14.539999961853027,14.539999961853027,10360,0.0,0.0,0.0
2025-05-02 03:05:00+00:00,14.550000190734863,14.550000190734863,14.539999961853027,14.539999961853027,9140,0.0,0.0,0.0
2025-05-02 03:10:00+00:00,14.550000190734863,14.550000190734863,14.550000190734863,14.550000190734863,31490,0.0,0.0,0.0
2025-05-02 03:15:00+00:00,14.550000190734863,14.550000190734863,14.550000190734863,14.550000190734863,1033,0.0,0.0,0.0
2025-05-02 03:30:00+00:00,14.539999961853027,14.550000190734863,14.539999961853027,14.550000190734863,19010,0.0,0.0,0.0
2025-05-02 03:35:00+00:00,14.5600004196167,14.5600004196167,14.5600004196167,14.5600004196167,16000,0.0,0.0,0.0
2025-05-02 03:40:00+00:00,14.5600004196167,14.5600004196167,14.5600004196167,14.5600004196167,17170,0.0,0.0,0.0
2025-05-02 03:50:00+00:00,14.550000190734863,14.550000190734863,14.550000190734863,14.550000190734863,1100,0.0,0.0,0.0
2025-05-02 03:55:00+00:00,14.550000190734863,14.550000190734863,14.539999961853027,14.539999961853027,8000,0.0,0.0,0.0
2025-05-02 04:00:00+00:00,14.539999961853027,14.539999961853027,14.539999961853027,14.539999961853027,6720,0.0,0.0,0.0
2025-05-02 04:05:00+00:00,14.539999961853027,14.550000190734863,14.539999961853027,14.539999961853027,15090,0.0,0.0,0.0
2025-05-02 04:20:00+00:00,14.550000190734863,14.550000190734863,14.550000190734863,14.550000190734863,2000,0.0,0.0,0.0
2025-05-02 04:25:00+00:00,14.550000190734863,14.550000190734863,14.539999961853027,14.539999961853027,33087,0.0,0.0,0.0
2025-05-02 04:30:00+00:00,14.539999961853027,14.539999961853027,14.539999961853027,14.539999961853027,3528,0.0,0.0,0.0
2025-05-02 04:35:00+00:00,14.539999961853027,14.539999961853027,14.539999961853027,14.539999961853027,3470,0.0,0.0,0.0
2025-05-02 04:40:00+00:00,14.529999732971191,14.529999732971191,14.529999732971191,14.529999732971191,1103,0.0,0.0,0.0
2025-05-02 04:45:00+00:00,14.529999732971191,14.539999961853027,14.529999732971191,14.539999961853027,12000,0.0,0.0,0.0
2025-05-02 04:50:00+00:00,14.529999732971191,14.529999732971191,14.529999732971191,14.529999732971191,1035,0.0,0.0,0.0
2025-05-02 04:55:00+00:00,14.529999732971191,14.529999732971191,14.529999732971191,14.529999732971191,30068,0.0,0.0,0.0
2025-05-02 05:10:00+00:00,14.529999732971191,14.529999732971191,14.529999732971191,14.529999732971191,6000,0.0,0.0,0.0
2025-05-02 05:15:00+00:00,14.539999961853027,14.539999961853027,14.529999732971191,14.529999732971191,10433,0.0,0.0,0.0
2025-05-02 05:20:00+00:00,14.520000457763672,14.550000190734863,14.520000457763672,14.539999961853027,43137,0.0,0.0,0.0
2025-05-05 01:00:00+00:00,14.529999732971191,14.529999732971191,14.40999984741211,14.40999984741211,0,0.0,0.0,0.0
2025-05-05 01:05:00+00:00,14.420000076293945,14.420000076293945,14.399999618530273,14.399999618530273,439247,0.0,0.0,0.0
2025-05-05 01:10:00+00:00,14.399999618530273,14.4399995803833,14.390000343322754,14.4399995803833,115109,0.0,0.0,0.0
2025-05-05 01:15:00+00:00,14.4399995803833,14.449999809265137,14.4399995803833,14.449999809265137,10120,0.0,0.0,0.0
2025-05-05 01:20:00+00:00,14.4399995803833,14.449999809265137,14.420000076293945,14.420000076293945,115000,0.0,0.0,0.0
2025-05-05 01:25:00+00:00,14.420000076293945,14.420000076293945,14.380000114440918,14.390000343322754,121662,0.0,0.0,0.0
2025-05-05 01:30:00+00:00,14.380000114440918,14.390000343322754,14.359999656677246,14.359999656677246,120115,0.0,0.0,0.0
2025-05-05 01:35:00+00:00,14.369999885559082,14.369999885559082,14.350000381469727,14.350000381469727,411370,0.0,0.0,0.0
2025-05-05 01:40:00+00:00,14.350000381469727,14.350000381469727,14.34000015258789,14.350000381469727,111200,0.0,0.0,0.0
2025-05-05 01:45:00+00:00,14.34000015258789,14.34000015258789,14.270000457763672,14.270000457763672,172964,0.0,0.0,0.0
2025-05-05 01:50:00+00:00,14.260000228881836,14.300000190734863,14.260000228881836,14.270000457763672,160599,0.0,0.0,0.0
2025-05-05 01:55:00+00:00,14.279999732971191,14.279999732971191,14.270000457763672,14.279999732971191,18140,0.0,0.0,0.0
2025-05-05 02:00:00+00:00,14.300000190734863,14.300000190734863,14.270000457763672,14.300000190734863,11225,0.0,0.0,0.0
2025-05-05 02:05:00+00:00,14.270000457763672,14.279999732971191,14.260000228881836,14.279999732971191,34219,0.0,0.0,0.0
2025-05-05 02:10:00+00:00,14.260000228881836,14.300000190734863,14.260000228881836,14.300000190734863,78073,0.0,0.0,0.0
2025-05-05 02:15:00+00:00,14.3100004196167,14.329999923706055,14.3100004196167,14.329999923706055,31414,0.0,0.0,0.0
2025-05-05 02:20:00+00:00,14.300000190734863,14.319999694824219,14.289999961853027,14.3100004196167,28000,0.0,0.0,0.0
2025-05-05 02:25:00+00:00,14.319999694824219,14.329999923706055,14.319999694824219,14.329999923706055,13000,0.0,0.0,0.0
2025-05-05 02:30:00+00:00,14.329999923706055,14.350000381469727,14.289999961853027,14.289999961853027,113127,0.0,0.0,0.0
2025-05-05 02:35:00+00:00,14.300000190734863,14.300000190734863,14.300000190734863,14.300000190734863,3100,0.0,0.0,0.0
2025-05-05 02:40:00+00:00,14.300000190734863,14.319999694824219,14.289999961853027,14.319999694824219,10050,0.0,0.0,0.0
2025-05-05 02:45:00+00:00,14.3100004196167,14.3100004196167,14.300000190734863,14.300000190734863,8268,0.0,0.0,0.0
2025-05-05 02:50:00+00:00,14.300000190734863,14.34000015258789,14.300000190734863,14.34000015258789,27000,0.0,0.0,0.0
2025-05-05 02:55:00+00:00,14.34000015258789,14.34000015258789,14.329999923706055,14.34000015258789,19367,0.0,0.0,0.0
2025-05-05 03:00:00+00:00,14.350000381469727,14.350000381469727,14.34000015258789,14.350000381469727,166493,0.0,0.0,0.0
2025-05-05 03:05:00+00:00,14.369999885559082,14.369999885559082,14.34000015258789,14.34000015258789,43317,0.0,0.0,0.0
2025-05-05 03:10:00+00:00,14.329999923706055,14.34000015258789,14.329999923706055,14.329999923706055,12100,0.0,0.0,0.0
2025-05-05 03:15:00+00:00,14.329999923706055,14.34000015258789,14.329999923706055,14.34000015258789,8000,0.0,0.0,0.0
2025-05-05 03:20:00+00:00,14.34000015258789,14.369999885559082,14.34000015258789,14.350000381469727,121011,0.0,0.0,0.0
2025-05-05 03:25:00+00:00,14.359999656677246,14.359999656677246,14.350000381469727,14.350000381469727,9000,0.0,0.0,0.0
2025-05-05 03:30:00+00:00,14.359999656677246,14.359999656677246,14.350000381469727,14.350000381469727,22024,0.0,0.0,0.0
2025-05-05 03:35:00+00:00,14.350000381469727,14.359999656677246,14.34000015258789,14.34000015258789,45000,0.0,0.0,0.0
2025-05-05 03:40:00+00:00,14.350000381469727,14.359999656677246,14.34000015258789,14.350000381469727,194020,0.0,0.0,0.0
2025-05-05 03:45:00+00:00,14.350000381469727,14.359999656677246,14.350000381469727,14.359999656677246,3000,0.0,0.0,0.0
2025-05-05 03:50:00+00:00,14.359999656677246,14.359999656677246,14.359999656677246,14.359999656677246,18381,0.0,0.0,0.0
2025-05-05 03:55:00+00:00,14.369999885559082,14.380000114440918,14.369999885559082,14.380000114440918,5077,0.0,0.0,0.0
2025-05-05 04:00:00+00:00,14.359999656677246,14.380000114440918,14.359999656677246,14.380000114440918,4290,0.0,0.0,0.0
2025-05-05 04:05:00+00:00,14.369999885559082,14.369999885559082,14.369999885559082,14.369999885559082,2696,0.0,0.0,0.0
2025-05-05 04:10:00+00:00,14.369999885559082,14.369999885559082,14.369999885559082,14.369999885559082,24000,0.0,0.0,0.0
2025-05-05 04:15:00+00:00,14.359999656677246,14.369999885559082,14.359999656677246,14.369999885559082,8022,0.0,0.0,0.0
2025-05-05 04:20:00+00:00,14.369999885559082,14.390000343322754,14.369999885559082,14.390000343322754,13210,0.0,0.0,0.0
2025-05-05 04:25:00+00:00,14.369999885559082,14.380000114440918,14.369999885559082,14.380000114440918,4000,0.0,0.0,0.0
2025-05-05 04:30:00+00:00,14.380000114440918,14.390000343322754,14.380000114440918,14.390000343322754,10315,0.0,0.0,0.0
2025-05-05 04:35:00+00:00,14.380000114440918,14.380000114440918,14.359999656677246,14.359999656677246,14062,0.0,0.0,0.0
2025-05-05 04:40:00+00:00,14.359999656677246,14.399999618530273,14.359999656677246,14.399999618530273,59250,0.0,0.0,0.0
2025-05-05 04:45:00+00:00,14.390000343322754,14.399999618530273,14.390000343322754,14.399999618530273,5740,0.0,0.0,0.0
2025-05-05 04:50:00+00:00,14.380000114440918,14.380000114440918,14.359999656677246,14.359999656677246,13907,0.0,0.0,0.0
2025-05-05 04:55:00+00:00,14.369999885559082,14.369999885559082,14.34000015258789,14.34000015258789,7681,0.0,0.0,0.0
2025-05-05 05:00:00+00:00,14.34000015258789,14.359999656677246,14.34000015258789,14.34000015258789,24383,0.0,0.0,0.0
2025-05-05 05:05:00+00:00,14.350000381469727,14.350000381469727,14.350000381469727,14.350000381469727,10535,0.0,0.0,0.0
2025-05-05 05:10:00+00:00,14.350000381469727,14.359999656677246,14.350000381469727,14.359999656677246,20045,0.0,0.0,0.0
2025-05-05 05:15:00+00:00,14.350000381469727,14.359999656677246,14.350000381469727,14.359999656677246,204430,0.0,0.0,0.0
2025-05-05 05:20:00+00:00,14.350000381469727,14.350000381469727,14.350000381469727,14.350000381469727,27302,0.0,0.0,0.0
2025-05-06 01:00:00+00:00,14.380000114440918,14.390000343322754,14.369999885559082,14.369999885559082,0,0.0,0.0,0.0
2025-05-06 01:05:00+00:00,14.369999885559082,14.399999618530273,14.369999885559082,14.399999618530273,130824,0.0,0.0,0.0
2025-05-06 01:10:00+00:00,14.399999618530273,14.449999809265137,14.399999618530273,14.449999809265137,37448,0.0,0.0,0.0
2025-05-06 01:15:00+00:00,14.420000076293945,14.420000076293945,14.420000076293945,14.420000076293945,2000,0.0,0.0,0.0
2025-05-06 01:20:00+00:00,14.430000305175781,14.470000267028809,14.430000305175781,14.460000038146973,67068,0.0,0.0,0.0
2025-05-06 01:25:00+00:00,14.449999809265137,14.479999542236328,14.449999809265137,14.460000038146973,18151,0.0,0.0,0.0
2025-05-06 01:30:00+00:00,14.470000267028809,14.470000267028809,14.470000267028809,14.470000267028809,3102,0.0,0.0,0.0
2025-05-06 01:35:00+00:00,14.460000038146973,14.470000267028809,14.460000038146973,14.470000267028809,43005,0.0,0.0,0.0
2025-05-06 01:40:00+00:00,14.470000267028809,14.470000267028809,14.460000038146973,14.460000038146973,7000,0.0,0.0,0.0
2025-05-06 01:45:00+00:00,14.460000038146973,14.470000267028809,14.420000076293945,14.420000076293945,24200,0.0,0.0,0.0
2025-05-06 01:50:00+00:00,14.420000076293945,14.430000305175781,14.40999984741211,14.430000305175781,59200,0.0,0.0,0.0
2025-05-06 01:55:00+00:00,14.449999809265137,14.449999809265137,14.449999809265137,14.449999809265137,17122,0.0,0.0,0.0
2025-05-06 02:00:00+00:00,14.460000038146973,14.460000038146973,14.460000038146973,14.460000038146973,11335,0.0,0.0,0.0
2025-05-06 02:05:00+00:00,14.460000038146973,14.470000267028809,14.460000038146973,14.470000267028809,25272,0.0,0.0,0.0
2025-05-06 02:10:00+00:00,14.470000267028809,14.470000267028809,14.470000267028809,14.470000267028809,107000,0.0,0.0,0.0
2025-05-06 02:15:00+00:00,14.479999542236328,14.479999542236328,14.479999542236328,14.479999542236328,13257,0.0,0.0,0.0
2025-05-06 02:20:00+00:00,14.479999542236328,14.479999542236328,14.479999542236328,14.479999542236328,1044,0.0,0.0,0.0
2025-05-06 02:25:00+00:00,14.479999542236328,14.5,14.479999542236328,14.5,36537,0.0,0.0,0.0
2025-05-06 02:30:00+00:00,14.5,14.5,14.489999771118164,14.5,17302,0.0,0.0,0.0
2025-05-06 02:35:00+00:00,14.510000228881836,14.529999732971191,14.510000228881836,14.529999732971191,57845,0.0,0.0,0.0
2025-05-06 02:40:00+00:00,14.529999732971191,14.539999961853027,14.529999732971191,14.539999961853027,3075,0.0,0.0,0.0
2025-05-06 02:45:00+00:00,14.539999961853027,14.539999961853027,14.539999961853027,14.539999961853027,6027,0.0,0.0,0.0
2025-05-06 02:50:00+00:00,14.529999732971191,14.550000190734863,14.529999732971191,14.539999961853027,62000,0.0,0.0,0.0
2025-05-06 02:55:00+00:00,14.539999961853027,14.550000190734863,14.539999961853027,14.539999961853027,56148,0.0,0.0,0.0
2025-05-06 03:00:00+00:00,14.539999961853027,14.539999961853027,14.539999961853027,14.539999961853027,19808,0.0,0.0,0.0
2025-05-06 03:05:00+00:00,14.5600004196167,14.5600004196167,14.539999961853027,14.539999961853027,45051,0.0,0.0,0.0
2025-05-06 03:15:00+00:00,14.529999732971191,14.529999732971191,14.529999732971191,14.529999732971191,3022,0.0,0.0,0.0
2025-05-06 03:20:00+00:00,14.529999732971191,14.539999961853027,14.529999732971191,14.539999961853027,14122,0.0,0.0,0.0
2025-05-06 03:25:00+00:00,14.529999732971191,14.529999732971191,14.529999732971191,14.529999732971191,1000,0.0,0.0,0.0
2025-05-06 03:30:00+00:00,14.539999961853027,14.569999694824219,14.539999961853027,14.569999694824219,79222,0.0,0.0,0.0
2025-05-06 03:35:00+00:00,14.579999923706055,14.579999923706055,14.579999923706055,14.579999923706055,6100,0.0,0.0,0.0
2025-05-06 03:40:00+00:00,14.569999694824219,14.569999694824219,14.569999694824219,14.569999694824219,7042,0.0,0.0,0.0
2025-05-06 03:45:00+00:00,14.579999923706055,14.579999923706055,14.579999923706055,14.579999923706055,1472,0.0,0.0,0.0
2025-05-06 03:50:00+00:00,14.569999694824219,14.569999694824219,14.569999694824219,14.569999694824219,1445,0.0,0.0,0.0
2025-05-06 04:00:00+00:00,14.569999694824219,14.569999694824219,14.569999694824219,14.569999694824219,219023,0.0,0.0,0.0
2025-05-06 04:05:00+00:00,14.569999694824219,14.579999923706055,14.569999694824219,14.579999923706055,7100,0.0,0.0,0.0
2025-05-06 04:10:00+00:00,14.5600004196167,14.569999694824219,14.5600004196167,14.569999694824219,110172,0.0,0.0,0.0
2025-05-06 04:20:00+00:00,14.5600004196167,14.5600004196167,14.5600004196167,14.5600004196167,5022,0.0,0.0,0.0
2025-05-06 04:25:00+00:00,14.5600004196167,14.569999694824219,14.5600004196167,14.569999694824219,7100,0.0,0.0,0.0
2025-05-06 04:30:00+00:00,14.569999694824219,14.569999694824219,14.569999694824219,14.569999694824219,2100,0.0,0.0,0.0
2025-05-06 04:35:00+00:00,14.5600004196167,14.5600004196167,14.550000190734863,14.550000190734863,2042,0.0,0.0,0.0
2025-05-06 04:40:00+00:00,14.539999961853027,14.539999961853027,14.529999732971191,14.529999732971191,43133,0.0,0.0,0.0
2025-05-06 04:45:00+00:00,14.539999961853027,14.550000190734863,14.539999961853027,14.550000190734863,39105,0.0,0.0,0.0
2025-05-06 04:50:00+00:00,14.539999961853027,14.539999961853027,14.539999961853027,14.539999961853027,10000,0.0,0.0,0.0
2025-05-06 04:55:00+00:00,14.550000190734863,14.550000190734863,14.529999732971191,14.539999961853027,27271,0.0,0.0,0.0
2025-05-06 05:00:00+00:00,14.550000190734863,14.550000190734863,14.529999732971191,14.550000190734863,8015,0.0,0.0,0.0
2025-05-06 05:05:00+00:00,14.520000457763672,14.520000457763672,14.520000457763672,14.520000457763672,510430,0.0,0.0,0.0
2025-05-06 05:10:00+00:00,14.5,14.5,14.5,14.5,103073,0.0,0.0,0.0
2025-05-06 05:15:00+00:00,14.5,14.5,14.5,14.5,111000,0.0,0.0,0.0
2025-05-06 05:20:00+00:00,14.5,14.5,14.5,14.5,3238,0.0,0.0,0.0
2025-05-07 01:00:00+00:00,14.520000457763672,14.619999885559082,14.520000457763672,14.619999885559082,0,0.0,0.0,0.0
2025-05-07 01:05:00+00:00,14.539999961853027,14.550000190734863,14.539999961853027,14.550000190734863,8472,0.0,0.0,0.0
2025-05-07 01:10:00+00:00,14.600000381469727,14.600000381469727,14.59000015258789,14.600000381469727,25136,0.0,0.0,0.0
2025-05-07 01:15:00+00:00,14.609999656677246,14.670000076293945,14.609999656677246,14.670000076293945,33311,0.0,0.0,0.0
2025-05-07 01:20:00+00:00,14.65999984741211,14.65999984741211,14.649999618530273,14.65999984741211,32085,0.0,0.0,0.0
2025-05-07 01:25:00+00:00,14.670000076293945,14.670000076293945,14.640000343322754,14.640000343322754,170225,0.0,0.0,0.0
2025-05-07 01:30:00+00:00,14.619999885559082,14.619999885559082,14.619999885559082,14.619999885559082,6000,0.0,0.0,0.0
2025-05-07 01:35:00+00:00,14.609999656677246,14.630000114440918,14.600000381469727,14.630000114440918,56021,0.0,0.0,0.0
2025-05-07 01:40:00+00:00,14.640000343322754,14.640000343322754,14.609999656677246,14.630000114440918,36075,0.0,0.0,0.0
2025-05-07 01:45:00+00:00,14.630000114440918,14.630000114440918,14.630000114440918,14.630000114440918,8000,0.0,0.0,0.0
2025-05-07 01:50:00+00:00,14.609999656677246,14.630000114440918,14.609999656677246,14.630000114440918,84007,0.0,0.0,0.0
2025-05-07 01:55:00+00:00,14.630000114440918,14.640000343322754,14.630000114440918,14.640000343322754,60420,0.0,0.0,0.0
2025-05-07 02:00:00+00:00,14.630000114440918,14.630000114440918,14.630000114440918,14.630000114440918,4033,0.0,0.0,0.0
2025-05-07 02:05:00+00:00,14.640000343322754,14.640000343322754,14.640000343322754,14.640000343322754,2250,0.0,0.0,0.0
2025-05-07 02:10:00+00:00,14.640000343322754,14.640000343322754,14.630000114440918,14.630000114440918,6549,0.0,0.0,0.0
2025-05-07 02:15:00+00:00,14.609999656677246,14.630000114440918,14.609999656677246,14.630000114440918,12000,0.0,0.0,0.0
2025-05-07 02:20:00+00:00,14.619999885559082,14.619999885559082,14.609999656677246,14.609999656677246,16000,0.0,0.0,0.0
2025-05-07 02:25:00+00:00,14.609999656677246,14.609999656677246,14.609999656677246,14.609999656677246,1168,0.0,0.0,0.0
2025-05-07 02:30:00+00:00,14.600000381469727,14.600000381469727,14.600000381469727,14.600000381469727,5000,0.0,0.0,0.0
2025-05-07 02:40:00+00:00,14.609999656677246,14.609999656677246,14.600000381469727,14.600000381469727,14130,0.0,0.0,0.0
2025-05-07 02:45:00+00:00,14.579999923706055,14.579999923706055,14.569999694824219,14.569999694824219,8240,0.0,0.0,0.0
2025-05-07 02:50:00+00:00,14.569999694824219,14.569999694824219,14.569999694824219,14.569999694824219,8100,0.0,0.0,0.0
2025-05-07 02:55:00+00:00,14.569999694824219,14.569999694824219,14.569999694824219,14.569999694824219,3035,0.0,0.0,0.0
2025-05-07 03:00:00+00:00,14.569999694824219,14.579999923706055,14.569999694824219,14.579999923706055,6395,0.0,0.0,0.0
2025-05-07 03:20:00+00:00,14.569999694824219,14.579999923706055,14.569999694824219,14.579999923706055,22100,0.0,0.0,0.0
2025-05-07 03:30:00+00:00,14.569999694824219,14.569999694824219,14.569999694824219,14.569999694824219,3000,0.0,0.0,0.0
2025-05-07 03:35:00+00:00,14.579999923706055,14.579999923706055,14.579999923706055,14.579999923706055,5033,0.0,0.0,0.0
2025-05-07 03:45:00+00:00,14.579999923706055,14.579999923706055,14.569999694824219,14.569999694824219,10306,0.0,0.0,0.0
2025-05-07 03:50:00+00:00,14.59000015258789,14.59000015258789,14.59000015258789,14.59000015258789,2000,0.0,0.0,0.0
2025-05-07 04:00:00+00:00,14.59000015258789,14.59000015258789,14.59000015258789,14.59000015258789,1035,0.0,0.0,0.0
2025-05-07 04:10:00+00:00,14.569999694824219,14.569999694824219,14.569999694824219,14.569999694824219,1100,0.0,0.0,0.0
2025-05-07 04:15:00+00:00,14.5600004196167,14.5600004196167,14.5600004196167,14.5600004196167,2200,0.0,0.0,0.0
2025-05-07 04:20:00+00:00,14.579999923706055,14.579999923706055,14.579999923706055,14.579999923706055,1124,0.0,0.0,0.0
2025-05-07 04:25:00+00:00,14.59000015258789,14.59000015258789,14.59000015258789,14.59000015258789,221561,0.0,0.0,0.0
2025-05-07 04:35:00+00:00,14.579999923706055,14.579999923706055,14.569999694824219,14.569999694824219,204547,0.0,0.0,0.0
2025-05-07 04:45:00+00:00,14.569999694824219,14.569999694824219,14.569999694824219,14.569999694824219,100067,0.0,0.0,0.0
2025-05-07 04:50:00+00:00,14.5600004196167,14.5600004196167,14.5600004196167,14.5600004196167,52000,0.0,0.0,0.0
2025-05-07 05:00:00+00:00,14.569999694824219,14.569999694824219,14.539999961853027,14.539999961853027,118302,0.0,0.0,0.0
2025-05-07 05:05:00+00:00,14.550000190734863,14.550000190734863,14.550000190734863,14.550000190734863,261000,0.0,0.0,0.0
2025-05-07 05:10:00+00:00,14.550000190734863,14.550000190734863,14.550000190734863,14.550000190734863,299070,0.0,0.0,0.0
2025-05-07 05:15:00+00:00,14.550000190734863,14.5600004196167,14.550000190734863,14.5600004196167,25524,0.0,0.0,0.0
2025-05-07 05:20:00+00:00,14.5600004196167,14.569999694824219,14.550000190734863,14.550000190734863,13688,0.0,0.0,0.0
2025-05-08 01:00:00+00:00,14.569999694824219,14.569999694824219,14.569999694824219,14.569999694824219,0,0.0,0.0,0.0
2025-05-08 01:05:00+00:00,14.569999694824219,14.619999885559082,14.569999694824219,14.619999885559082,70440,0.0,0.0,0.0
2025-05-08 01:10:00+00:00,14.640000343322754,14.649999618530273,14.640000343322754,14.640000343322754,71145,0.0,0.0,0.0
2025-05-08 01:20:00+00:00,14.670000076293945,14.670000076293945,14.649999618530273,14.649999618530273,2000,0.0,0.0,0.0
2025-05-08 01:35:00+00:00,14.630000114440918,14.630000114440918,14.630000114440918,14.630000114440918,0,0.0,0.0,0.0
2025-05-08 01:40:00+00:00,14.630000114440918,14.630000114440918,14.630000114440918,14.630000114440918,195777,0.0,0.0,0.0
2025-05-08 01:45:00+00:00,14.649999618530273,14.649999618530273,14.649999618530273,14.649999618530273,3000,0.0,0.0,0.0
2025-05-08 01:50:00+00:00,14.619999885559082,14.619999885559082,14.609999656677246,14.609999656677246,6364,0.0,0.0,0.0
2025-05-08 01:55:00+00:00,14.600000381469727,14.609999656677246,14.600000381469727,14.609999656677246,6430,0.0,0.0,0.0
2025-05-08 02:00:00+00:00,14.609999656677246,14.619999885559082,14.609999656677246,14.619999885559082,14016,0.0,0.0,0.0
2025-05-08 02:05:00+00:00,14.619999885559082,14.619999885559082,14.619999885559082,14.619999885559082,29000,0.0,0.0,0.0
2025-05-08 02:10:00+00:00,14.630000114440918,14.640000343322754,14.630000114440918,14.640000343322754,22606,0.0,0.0,0.0
2025-05-08 02:15:00+00:00,14.640000343322754,14.649999618530273,14.640000343322754,14.649999618530273,2445,0.0,0.0,0.0
2025-05-08 02:30:00+00:00,14.640000343322754,14.640000343322754,14.640000343322754,14.640000343322754,20000,0.0,0.0,0.0
2025-05-08 02:35:00+00:00,14.649999618530273,14.649999618530273,14.640000343322754,14.640000343322754,11284,0.0,0.0,0.0
2025-05-08 02:40:00+00:00,14.649999618530273,14.649999618530273,14.649999618530273,14.649999618530273,40246,0.0,0.0,0.0
2025-05-08 02:45:00+00:00,14.630000114440918,14.640000343322754,14.630000114440918,14.640000343322754,23010,0.0,0.0,0.0
2025-05-08 02:50:00+00:00,14.630000114440918,14.640000343322754,14.630000114440918,14.640000343322754,13001,0.0,0.0,0.0
2025-05-08 02:55:00+00:00,14.640000343322754,14.640000343322754,14.640000343322754,14.640000343322754,5206,0.0,0.0,0.0
2025-05-08 03:00:00+00:00,14.649999618530273,14.670000076293945,14.649999618530273,14.670000076293945,86400,0.0,0.0,0.0
2025-05-08 03:05:00+00:00,14.670000076293945,14.670000076293945,14.670000076293945,14.670000076293945,1015,0.0,0.0,0.0
2025-05-08 03:10:00+00:00,14.65999984741211,14.65999984741211,14.65999984741211,14.65999984741211,1400,0.0,0.0,0.0
2025-05-08 03:20:00+00:00,14.65999984741211,14.65999984741211,14.65999984741211,14.65999984741211,1000,0.0,0.0,0.0
2025-05-08 03:25:00+00:00,14.65999984741211,14.65999984741211,14.65999984741211,14.65999984741211,1000,0.0,0.0,0.0
2025-05-08 03:30:00+00:00,14.670000076293945,14.670000076293945,14.65999984741211,14.65999984741211,3125,0.0,0.0,0.0
2025-05-08 03:40:00+00:00,14.65999984741211,14.65999984741211,14.65999984741211,14.65999984741211,2650,0.0,0.0,0.0
2025-05-08 03:45:00+00:00,14.649999618530273,14.65999984741211,14.649999618530273,14.65999984741211,15999,0.0,0.0,0.0
2025-05-08 03:50:00+00:00,14.65999984741211,14.65999984741211,14.65999984741211,14.65999984741211,5000,0.0,0.0,0.0
2025-05-08 03:55:00+00:00,14.649999618530273,14.649999618530273,14.649999618530273,14.649999618530273,10000,0.0,0.0,0.0
2025-05-08 04:00:00+00:00,14.649999618530273,14.649999618530273,14.649999618530273,14.649999618530273,12201,0.0,0.0,0.0
2025-05-08 04:10:00+00:00,14.649999618530273,14.649999618530273,14.649999618530273,14.649999618530273,2083,0.0,0.0,0.0
2025-05-08 04:25:00+00:00,14.649999618530273,14.649999618530273,14.649999618530273,14.649999618530273,1684,0.0,0.0,0.0
2025-05-08 04:40:00+00:00,14.649999618530273,14.649999618530273,14.649999618530273,14.649999618530273,50000,0.0,0.0,0.0
2025-05-08 04:55:00+00:00,14.640000343322754,14.649999618530273,14.640000343322754,14.649999618530273,2000,0.0,0.0,0.0
2025-05-08 05:05:00+00:00,14.640000343322754,14.640000343322754,14.640000343322754,14.640000343322754,3818,0.0,0.0,0.0
2025-05-08 05:10:00+00:00,14.630000114440918,14.630000114440918,14.630000114440918,14.630000114440918,3000,0.0,0.0,0.0
2025-05-08 05:15:00+00:00,14.619999885559082,14.619999885559082,14.619999885559082,14.619999885559082,25057,0.0,0.0,0.0
2025-05-08 05:20:00+00:00,14.619999885559082,14.619999885559082,14.619999885559082,14.619999885559082,8748,0.0,0.0,0.0
2025-05-09 01:00:00+00:00,14.630000114440918,14.640000343322754,14.630000114440918,14.640000343322754,0,0.0,0.0,0.0
2025-05-09 01:05:00+00:00,14.640000343322754,14.640000343322754,14.619999885559082,14.619999885559082,17838,0.0,0.0,0.0
2025-05-09 01:10:00+00:00,14.619999885559082,14.619999885559082,14.619999885559082,14.619999885559082,3000,0.0,0.0,0.0
2025-05-09 01:15:00+00:00,14.630000114440918,14.630000114440918,14.630000114440918,14.630000114440918,14671,0.0,0.0,0.0
2025-05-09 01:20:00+00:00,14.619999885559082,14.619999885559082,14.609999656677246,14.619999885559082,10111,0.0,0.0,0.0
2025-05-09 01:25:00+00:00,14.619999885559082,14.619999885559082,14.619999885559082,14.619999885559082,3100,0.0,0.0,0.0
2025-05-09 01:30:00+00:00,14.609999656677246,14.609999656677246,14.600000381469727,14.600000381469727,16210,0.0,0.0,0.0
2025-05-09 01:35:00+00:00,14.609999656677246,14.609999656677246,14.609999656677246,14.609999656677246,5335,0.0,0.0,0.0
2025-05-09 01:40:00+00:00,14.609999656677246,14.640000343322754,14.609999656677246,14.640000343322754,184000,0.0,0.0,0.0
2025-05-09 01:45:00+00:00,14.649999618530273,14.649999618530273,14.649999618530273,14.649999618530273,3100,0.0,0.0,0.0
2025-05-09 01:50:00+00:00,14.649999618530273,14.649999618530273,14.649999618530273,14.649999618530273,1090,0.0,0.0,0.0
2025-05-09 02:00:00+00:00,14.649999618530273,14.649999618530273,14.640000343322754,14.640000343322754,4338,0.0,0.0,0.0
2025-05-09 02:10:00+00:00,14.640000343322754,14.640000343322754,14.640000343322754,14.640000343322754,8302,0.0,0.0,0.0
2025-05-09 02:15:00+00:00,14.640000343322754,14.640000343322754,14.640000343322754,14.640000343322754,7300,0.0,0.0,0.0
2025-05-09 02:20:00+00:00,14.640000343322754,14.640000343322754,14.640000343322754,14.640000343322754,1005,0.0,0.0,0.0
2025-05-09 02:25:00+00:00,14.640000343322754,14.65999984741211,14.640000343322754,14.65999984741211,43000,0.0,0.0,0.0
2025-05-09 02:30:00+00:00,14.670000076293945,14.6899995803833,14.670000076293945,14.6899995803833,11854,0.0,0.0,0.0
2025-05-09 02:35:00+00:00,14.680000305175781,14.680000305175781,14.680000305175781,14.680000305175781,1863,0.0,0.0,0.0
2025-05-09 02:40:00+00:00,14.680000305175781,14.680000305175781,14.680000305175781,14.680000305175781,2900,0.0,0.0,0.0
2025-05-09 02:45:00+00:00,14.6899995803833,14.699999809265137,14.6899995803833,14.699999809265137,83670,0.0,0.0,0.0
2025-05-09 02:55:00+00:00,14.699999809265137,14.710000038146973,14.699999809265137,14.710000038146973,22500,0.0,0.0,0.0
2025-05-09 03:00:00+00:00,14.720000267028809,14.720000267028809,14.720000267028809,14.720000267028809,12232,0.0,0.0,0.0
2025-05-09 03:10:00+00:00,14.720000267028809,14.729999542236328,14.720000267028809,14.729999542236328,56999,0.0,0.0,0.0
2025-05-09 03:15:00+00:00,14.729999542236328,14.729999542236328,14.729999542236328,14.729999542236328,1974,0.0,0.0,0.0
2025-05-09 03:25:00+00:00,14.729999542236328,14.729999542236328,14.729999542236328,14.729999542236328,2602,0.0,0.0,0.0
2025-05-09 03:35:00+00:00,14.729999542236328,14.729999542236328,14.729999542236328,14.729999542236328,29577,0.0,0.0,0.0
2025-05-09 03:40:00+00:00,14.729999542236328,14.729999542236328,14.729999542236328,14.729999542236328,2000,0.0,0.0,0.0
2025-05-09 03:45:00+00:00,14.729999542236328,14.729999542236328,14.720000267028809,14.720000267028809,6000,0.0,0.0,0.0
2025-05-09 03:50:00+00:00,14.720000267028809,14.739999771118164,14.720000267028809,14.739999771118164,48050,0.0,0.0,0.0
2025-05-09 03:55:00+00:00,14.739999771118164,14.75,14.739999771118164,14.75,59839,0.0,0.0,0.0
2025-05-09 04:00:00+00:00,14.760000228881836,14.760000228881836,14.75,14.75,2360,0.0,0.0,0.0
2025-05-09 04:05:00+00:00,14.75,14.75,14.75,14.75,13000,0.0,0.0,0.0
2025-05-09 04:10:00+00:00,14.760000228881836,14.760000228881836,14.75,14.75,37840,0.0,0.0,0.0
2025-05-09 04:15:00+00:00,14.760000228881836,14.770000457763672,14.760000228881836,14.770000457763672,15357,0.0,0.0,0.0
2025-05-09 04:20:00+00:00,14.760000228881836,14.760000228881836,14.760000228881836,14.760000228881836,5000,0.0,0.0,0.0
2025-05-09 04:25:00+00:00,14.760000228881836,14.760000228881836,14.760000228881836,14.760000228881836,3345,0.0,0.0,0.0
2025-05-09 04:30:00+00:00,14.760000228881836,14.770000457763672,14.760000228881836,14.770000457763672,76707,0.0,0.0,0.0
2025-05-09 04:45:00+00:00,14.760000228881836,14.770000457763672,14.75,14.75,10036,0.0,0.0,0.0
2025-05-09 04:50:00+00:00,14.770000457763672,14.770000457763672,14.770000457763672,14.770000457763672,1317,0.0,0.0,0.0
2025-05-09 04:55:00+00:00,14.770000457763672,14.770000457763672,14.770000457763672,14.770000457763672,8748,0.0,0.0,0.0
2025-05-09 05:05:00+00:00,14.770000457763672,14.770000457763672,14.770000457763672,14.770000457763672,3439,0.0,0.0,0.0
2025-05-09 05:10:00+00:00,14.770000457763672,14.770000457763672,14.770000457763672,14.770000457763672,1574,0.0,0.0,0.0
2025-05-09 05:15:00+00:00,14.770000457763672,14.770000457763672,14.770000457763672,14.770000457763672,23187,0.0,0.0,0.0
2025-05-09 05:20:00+00:00,14.760000228881836,14.760000228881836,14.760000228881836,14.760000228881836,1230,0.0,0.0,0.0
2025-05-12 01:00:00+00:00,14.84000015258789,14.880000114440918,14.84000015258789,14.880000114440918,0,0.0,0.0,0.0
2025-05-12 01:05:00+00:00,14.880000114440918,14.890000343322754,14.880000114440918,14.890000343322754,141821,0.0,0.0,0.0
2025-05-12 01:10:00+00:00,14.890000343322754,14.899999618530273,14.890000343322754,14.899999618530273,28100,0.0,0.0,0.0
2025-05-12 01:15:00+00:00,14.920000076293945,14.920000076293945,14.920000076293945,14.920000076293945,9215,0.0,0.0,0.0
2025-05-12 01:20:00+00:00,14.920000076293945,14.920000076293945,14.890000343322754,14.890000343322754,59019,0.0,0.0,0.0
2025-05-12 01:25:00+00:00,14.890000343322754,14.90999984741211,14.890000343322754,14.90999984741211,16693,0.0,0.0,0.0
2025-05-12 01:35:00+00:00,14.880000114440918,14.880000114440918,14.869999885559082,14.869999885559082,26508,0.0,0.0,0.0
2025-05-12 01:45:00+00:00,14.880000114440918,14.899999618530273,14.880000114440918,14.899999618530273,99000,0.0,0.0,0.0
2025-05-12 01:50:00+00:00,14.899999618530273,14.899999618530273,14.899999618530273,14.899999618530273,4191,0.0,0.0,0.0
2025-05-12 01:55:00+00:00,14.890000343322754,14.890000343322754,14.880000114440918,14.880000114440918,8381,0.0,0.0,0.0
2025-05-12 02:00:00+00:00,14.899999618530273,14.899999618530273,14.899999618530273,14.899999618530273,1000,0.0,0.0,0.0
2025-05-12 02:05:00+00:00,14.890000343322754,14.890000343322754,14.890000343322754,14.890000343322754,40261,0.0,0.0,0.0
2025-05-12 02:15:00+00:00,14.890000343322754,14.890000343322754,14.890000343322754,14.890000343322754,4280,0.0,0.0,0.0
2025-05-12 02:25:00+00:00,14.880000114440918,14.880000114440918,14.880000114440918,14.880000114440918,1292,0.0,0.0,0.0
2025-05-12 02:35:00+00:00,14.880000114440918,14.880000114440918,14.869999885559082,14.869999885559082,14238,0.0,0.0,0.0
2025-05-12 02:40:00+00:00,14.869999885559082,14.869999885559082,14.869999885559082,14.869999885559082,6000,0.0,0.0,0.0
2025-05-12 02:45:00+00:00,14.869999885559082,14.869999885559082,14.869999885559082,14.869999885559082,10235,0.0,0.0,0.0
2025-05-12 02:50:00+00:00,14.869999885559082,14.869999885559082,14.869999885559082,14.869999885559082,4310,0.0,0.0,0.0
2025-05-12 02:55:00+00:00,14.869999885559082,14.869999885559082,14.859999656677246,14.859999656677246,75025,0.0,0.0,0.0
2025-05-12 03:00:00+00:00,14.869999885559082,14.869999885559082,14.869999885559082,14.869999885559082,2100,0.0,0.0,0.0
2025-05-12 03:05:00+00:00,14.869999885559082,14.869999885559082,14.869999885559082,14.869999885559082,1167,0.0,0.0,0.0
2025-05-12 03:10:00+00:00,14.880000114440918,14.880000114440918,14.880000114440918,14.880000114440918,13321,0.0,0.0,0.0
2025-05-12 03:25:00+00:00,14.880000114440918,14.880000114440918,14.869999885559082,14.869999885559082,8000,0.0,0.0,0.0
2025-05-12 03:30:00+00:00,14.859999656677246,14.859999656677246,14.859999656677246,14.859999656677246,10310,0.0,0.0,0.0
2025-05-12 03:35:00+00:00,14.859999656677246,14.859999656677246,14.859999656677246,14.859999656677246,1000,0.0,0.0,0.0
2025-05-12 03:40:00+00:00,14.859999656677246,14.869999885559082,14.859999656677246,14.869999885559082,33000,0.0,0.0,0.0
2025-05-12 03:50:00+00:00,14.880000114440918,14.880000114440918,14.880000114440918,14.880000114440918,2005,0.0,0.0,0.0
2025-05-12 03:55:00+00:00,14.880000114440918,14.880000114440918,14.869999885559082,14.880000114440918,22250,0.0,0.0,0.0
2025-05-12 04:00:00+00:00,14.890000343322754,14.890000343322754,14.890000343322754,14.890000343322754,1000,0.0,0.0,0.0
2025-05-12 04:05:00+00:00,14.880000114440918,14.890000343322754,14.880000114440918,14.890000343322754,10270,0.0,0.0,0.0
2025-05-12 04:20:00+00:00,14.890000343322754,14.890000343322754,14.890000343322754,14.890000343322754,12435,0.0,0.0,0.0
2025-05-12 04:30:00+00:00,14.890000343322754,14.890000343322754,14.890000343322754,14.890000343322754,6461,0.0,0.0,0.0
2025-05-12 04:40:00+00:00,14.890000343322754,14.890000343322754,14.890000343322754,14.890000343322754,2050,0.0,0.0,0.0
2025-05-12 04:45:00+00:00,14.890000343322754,14.890000343322754,14.890000343322754,14.890000343322754,10022,0.0,0.0,0.0
2025-05-12 04:50:00+00:00,14.890000343322754,14.890000343322754,14.890000343322754,14.890000343322754,1078,0.0,0.0,0.0
2025-05-12 05:00:00+00:00,14.880000114440918,14.880000114440918,14.880000114440918,14.880000114440918,1000,0.0,0.0,0.0
2025-05-12 05:05:00+00:00,14.880000114440918,14.890000343322754,14.880000114440918,14.890000343322754,11000,0.0,0.0,0.0
2025-05-12 05:10:00+00:00,14.880000114440918,14.880000114440918,14.880000114440918,14.880000114440918,17110,0.0,0.0,0.0
2025-05-12 05:15:00+00:00,14.880000114440918,14.880000114440918,14.880000114440918,14.880000114440918,1230,0.0,0.0,0.0
2025-05-12 05:20:00+00:00,14.890000343322754,14.899999618530273,14.890000343322754,14.899999618530273,70488,0.0,0.0,0.0
2025-05-13 01:00:00+00:00,15.079999923706055,15.079999923706055,15.029999732971191,15.029999732971191,0,0.0,0.0,0.0
2025-05-13 01:05:00+00:00,15.029999732971191,15.039999961853027,15.0,15.0,14854,0.0,0.0,0.0
2025-05-13 01:10:00+00:00,15.0,15.029999732971191,15.0,15.0,206404,0.0,0.0,0.0
2025-05-13 01:15:00+00:00,15.0,15.020000457763672,15.0,15.020000457763672,19946,0.0,0.0,0.0
2025-05-13 01:20:00+00:00,15.029999732971191,15.029999732971191,15.020000457763672,15.020000457763672,11264,0.0,0.0,0.0
2025-05-13 01:25:00+00:00,15.020000457763672,15.020000457763672,15.0,15.010000228881836,132310,0.0,0.0,0.0
2025-05-13 01:30:00+00:00,15.020000457763672,15.029999732971191,15.010000228881836,15.029999732971191,28316,0.0,0.0,0.0
2025-05-13 01:35:00+00:00,15.029999732971191,15.050000190734863,15.029999732971191,15.039999961853027,171798,0.0,0.0,0.0
2025-05-13 01:40:00+00:00,15.039999961853027,15.039999961853027,15.029999732971191,15.039999961853027,197900,0.0,0.0,0.0
2025-05-13 01:45:00+00:00,15.050000190734863,15.050000190734863,15.050000190734863,15.050000190734863,33552,0.0,0.0,0.0
2025-05-13 01:50:00+00:00,15.0600004196167,15.0600004196167,15.050000190734863,15.050000190734863,25600,0.0,0.0,0.0
2025-05-13 01:55:00+00:00,15.039999961853027,15.050000190734863,15.039999961853027,15.039999961853027,118000,0.0,0.0,0.0
2025-05-13 02:00:00+00:00,15.0600004196167,15.069999694824219,15.050000190734863,15.050000190734863,12858,0.0,0.0,0.0
2025-05-13 02:05:00+00:00,15.050000190734863,15.050000190734863,15.050000190734863,15.050000190734863,22153,0.0,0.0,0.0
2025-05-13 02:10:00+00:00,15.050000190734863,15.050000190734863,15.050000190734863,15.050000190734863,6798,0.0,0.0,0.0
2025-05-13 02:15:00+00:00,15.050000190734863,15.069999694824219,15.050000190734863,15.069999694824219,3200,0.0,0.0,0.0
2025-05-13 02:20:00+00:00,15.029999732971191,15.0600004196167,15.029999732971191,15.050000190734863,10573,0.0,0.0,0.0
2025-05-13 02:25:00+00:00,15.020000457763672,15.020000457763672,15.020000457763672,15.020000457763672,39566,0.0,0.0,0.0
2025-05-13 02:30:00+00:00,15.039999961853027,15.039999961853027,15.029999732971191,15.029999732971191,4240,0.0,0.0,0.0
2025-05-13 02:35:00+00:00,15.029999732971191,15.029999732971191,15.029999732971191,15.029999732971191,3231,0.0,0.0,0.0
2025-05-13 02:40:00+00:00,15.029999732971191,15.029999732971191,15.029999732971191,15.029999732971191,1000,0.0,0.0,0.0
2025-05-13 02:45:00+00:00,15.039999961853027,15.039999961853027,15.039999961853027,15.039999961853027,2449,0.0,0.0,0.0
2025-05-13 03:00:00+00:00,15.039999961853027,15.039999961853027,15.020000457763672,15.020000457763672,4110,0.0,0.0,0.0
2025-05-13 03:05:00+00:00,15.010000228881836,15.010000228881836,14.989999771118164,14.989999771118164,25101,0.0,0.0,0.0
2025-05-13 03:10:00+00:00,14.979999542236328,14.979999542236328,14.979999542236328,14.979999542236328,5140,0.0,0.0,0.0
2025-05-13 03:15:00+00:00,14.989999771118164,14.989999771118164,14.989999771118164,14.989999771118164,2173,0.0,0.0,0.0
2025-05-13 03:20:00+00:00,14.989999771118164,15.0,14.989999771118164,15.0,12227,0.0,0.0,0.0
2025-05-13 03:25:00+00:00,15.0,15.010000228881836,15.0,15.010000228881836,7198,0.0,0.0,0.0
2025-05-13 03:35:00+00:00,15.0,15.0,15.0,15.0,2105,0.0,0.0,0.0
2025-05-13 03:40:00+00:00,15.0,15.0,15.0,15.0,13195,0.0,0.0,0.0
2025-05-13 03:45:00+00:00,15.0,15.010000228881836,14.989999771118164,14.989999771118164,10305,0.0,0.0,0.0
2025-05-13 03:55:00+00:00,14.989999771118164,14.989999771118164,14.989999771118164,14.989999771118164,1000,0.0,0.0,0.0
2025-05-13 04:00:00+00:00,15.0,15.0,15.0,15.0,31097,0.0,0.0,0.0
2025-05-13 04:05:00+00:00,15.0,15.0,15.0,15.0,3010,0.0,0.0,0.0
2025-05-13 04:10:00+00:00,14.989999771118164,14.989999771118164,14.989999771118164,14.989999771118164,60646,0.0,0.0,0.0
2025-05-13 04:15:00+00:00,15.0,15.0,15.0,15.0,23000,0.0,0.0,0.0
2025-05-13 04:20:00+00:00,15.010000228881836,15.010000228881836,15.010000228881836,15.010000228881836,13299,0.0,0.0,0.0
2025-05-13 04:25:00+00:00,15.010000228881836,15.010000228881836,15.010000228881836,15.010000228881836,20349,0.0,0.0,0.0
2025-05-13 04:30:00+00:00,15.010000228881836,15.020000457763672,15.010000228881836,15.020000457763672,9340,0.0,0.0,0.0
2025-05-13 04:50:00+00:00,15.020000457763672,15.020000457763672,15.020000457763672,15.020000457763672,7207,0.0,0.0,0.0
2025-05-13 05:00:00+00:00,15.020000457763672,15.020000457763672,15.020000457763672,15.020000457763672,1097,0.0,0.0,0.0
2025-05-13 05:05:00+00:00,15.010000228881836,15.010000228881836,15.010000228881836,15.010000228881836,2000,0.0,0.0,0.0
2025-05-13 05:10:00+00:00,15.010000228881836,15.010000228881836,15.010000228881836,15.010000228881836,15020,0.0,0.0,0.0
2025-05-13 05:15:00+00:00,15.010000228881836,15.010000228881836,15.010000228881836,15.010000228881836,119633,0.0,0.0,0.0
2025-05-13 05:20:00+00:00,15.010000228881836,15.020000457763672,15.010000228881836,15.020000457763672,39637,0.0,0.0,0.0
2025-05-14 01:00:00+00:00,15.100000381469727,15.140000343322754,15.100000381469727,15.140000343322754,0,0.0,0.0,0.0
2025-05-14 01:05:00+00:00,15.130000114440918,15.140000343322754,15.100000381469727,15.100000381469727,124645,0.0,0.0,0.0
2025-05-14 01:10:00+00:00,15.100000381469727,15.100000381469727,15.09000015258789,15.09000015258789,4008,0.0,0.0,0.0
2025-05-14 01:15:00+00:00,15.050000190734863,15.079999923706055,15.050000190734863,15.069999694824219,10050,0.0,0.0,0.0
2025-05-14 01:20:00+00:00,15.09000015258789,15.09000015258789,15.09000015258789,15.09000015258789,20688,0.0,0.0,0.0
2025-05-14 01:25:00+00:00,15.09000015258789,15.109999656677246,15.09000015258789,15.109999656677246,29071,0.0,0.0,0.0
2025-05-14 01:30:00+00:00,15.109999656677246,15.119999885559082,15.109999656677246,15.119999885559082,36406,0.0,0.0,0.0
2025-05-14 01:35:00+00:00,15.130000114440918,15.140000343322754,15.130000114440918,15.140000343322754,57000,0.0,0.0,0.0
2025-05-14 01:40:00+00:00,15.140000343322754,15.170000076293945,15.140000343322754,15.170000076293945,163600,0.0,0.0,0.0
2025-05-14 01:45:00+00:00,15.170000076293945,15.170000076293945,15.15999984741211,15.15999984741211,10061,0.0,0.0,0.0
2025-05-14 01:50:00+00:00,15.170000076293945,15.170000076293945,15.170000076293945,15.170000076293945,45455,0.0,0.0,0.0
2025-05-14 01:55:00+00:00,15.15999984741211,15.15999984741211,15.15999984741211,15.15999984741211,100280,0.0,0.0,0.0
2025-05-14 02:00:00+00:00,15.15999984741211,15.15999984741211,15.15999984741211,15.15999984741211,16000,0.0,0.0,0.0
2025-05-14 02:05:00+00:00,15.170000076293945,15.1899995803833,15.170000076293945,15.1899995803833,95800,0.0,0.0,0.0
2025-05-14 02:15:00+00:00,15.180000305175781,15.1899995803833,15.180000305175781,15.1899995803833,17035,0.0,0.0,0.0
2025-05-14 02:20:00+00:00,15.180000305175781,15.180000305175781,15.180000305175781,15.180000305175781,3185,0.0,0.0,0.0
2025-05-14 02:25:00+00:00,15.1899995803833,15.1899995803833,15.180000305175781,15.180000305175781,105005,0.0,0.0,0.0
2025-05-14 02:30:00+00:00,15.170000076293945,15.170000076293945,15.149999618530273,15.149999618530273,7000,0.0,0.0,0.0
2025-05-14 02:40:00+00:00,15.149999618530273,15.149999618530273,15.140000343322754,15.140000343322754,45040,0.0,0.0,0.0
2025-05-14 02:45:00+00:00,15.130000114440918,15.130000114440918,15.130000114440918,15.130000114440918,65555,0.0,0.0,0.0
2025-05-14 02:50:00+00:00,15.109999656677246,15.119999885559082,15.109999656677246,15.119999885559082,12100,0.0,0.0,0.0
2025-05-14 02:55:00+00:00,15.130000114440918,15.140000343322754,15.130000114440918,15.140000343322754,111302,0.0,0.0,0.0
2025-05-14 03:00:00+00:00,15.140000343322754,15.140000343322754,15.140000343322754,15.140000343322754,2000,0.0,0.0,0.0
2025-05-14 03:05:00+00:00,15.149999618530273,15.149999618530273,15.140000343322754,15.149999618530273,53000,0.0,0.0,0.0
2025-05-14 03:10:00+00:00,15.149999618530273,15.15999984741211,15.149999618530273,15.15999984741211,21980,0.0,0.0,0.0
2025-05-14 03:20:00+00:00,15.15999984741211,15.15999984741211,15.15999984741211,15.15999984741211,21012,0.0,0.0,0.0
2025-05-14 03:25:00+00:00,15.15999984741211,15.170000076293945,15.15999984741211,15.170000076293945,67000,0.0,0.0,0.0
2025-05-14 03:30:00+00:00,15.170000076293945,15.180000305175781,15.170000076293945,15.180000305175781,13070,0.0,0.0,0.0
2025-05-14 03:35:00+00:00,15.180000305175781,15.180000305175781,15.149999618530273,15.149999618530273,56000,0.0,0.0,0.0
2025-05-14 03:40:00+00:00,15.15999984741211,15.15999984741211,15.15999984741211,15.15999984741211,1000,0.0,0.0,0.0
2025-05-14 03:45:00+00:00,15.170000076293945,15.170000076293945,15.15999984741211,15.15999984741211,22170,0.0,0.0,0.0
2025-05-14 03:55:00+00:00,15.149999618530273,15.149999618530273,15.149999618530273,15.149999618530273,1000,0.0,0.0,0.0
2025-05-14 04:00:00+00:00,15.149999618530273,15.149999618530273,15.149999618530273,15.149999618530273,20100,0.0,0.0,0.0
2025-05-14 04:05:00+00:00,15.15999984741211,15.170000076293945,15.15999984741211,15.170000076293945,116204,0.0,0.0,0.0
2025-05-14 04:15:00+00:00,15.15999984741211,15.15999984741211,15.15999984741211,15.15999984741211,5293,0.0,0.0,0.0
2025-05-14 04:20:00+00:00,15.170000076293945,15.170000076293945,15.170000076293945,15.170000076293945,14654,0.0,0.0,0.0
2025-05-14 04:25:00+00:00,15.170000076293945,15.180000305175781,15.15999984741211,15.180000305175781,95527,0.0,0.0,0.0
2025-05-14 04:30:00+00:00,15.1899995803833,15.1899995803833,15.1899995803833,15.1899995803833,21100,0.0,0.0,0.0
2025-05-14 04:35:00+00:00,15.1899995803833,15.1899995803833,15.1899995803833,15.1899995803833,10000,0.0,0.0,0.0
2025-05-14 04:40:00+00:00,15.1899995803833,15.1899995803833,15.1899995803833,15.1899995803833,27114,0.0,0.0,0.0
2025-05-14 04:45:00+00:00,15.180000305175781,15.180000305175781,15.180000305175781,15.180000305175781,30010,0.0,0.0,0.0
2025-05-14 04:50:00+00:00,15.180000305175781,15.180000305175781,15.170000076293945,15.180000305175781,5148,0.0,0.0,0.0
2025-05-14 05:00:00+00:00,15.180000305175781,15.180000305175781,15.170000076293945,15.170000076293945,8382,0.0,0.0,0.0
2025-05-14 05:05:00+00:00,15.170000076293945,15.180000305175781,15.170000076293945,15.180000305175781,106248,0.0,0.0,0.0
2025-05-14 05:10:00+00:00,15.170000076293945,15.170000076293945,15.170000076293945,15.170000076293945,13002,0.0,0.0,0.0
2025-05-14 05:15:00+00:00,15.170000076293945,15.170000076293945,15.170000076293945,15.170000076293945,8196,0.0,0.0,0.0
2025-05-14 05:20:00+00:00,15.170000076293945,15.1899995803833,15.170000076293945,15.170000076293945,18553,0.0,0.0,0.0
2025-05-15 01:00:00+00:00,15.210000038146973,15.25,15.210000038146973,15.25,0,0.0,0.0,0.0
2025-05-15 01:05:00+00:00,15.239999771118164,15.270000457763672,15.229999542236328,15.229999542236328,50737,0.0,0.0,0.0
2025-05-15 01:10:00+00:00,15.239999771118164,15.239999771118164,15.239999771118164,15.239999771118164,29147,0.0,0.0,0.0
2025-05-15 01:15:00+00:00,15.25,15.260000228881836,15.25,15.260000228881836,11040,0.0,0.0,0.0
2025-05-15 01:20:00+00:00,15.220000267028809,15.220000267028809,15.199999809265137,15.199999809265137,113315,0.0,0.0,0.0
2025-05-15 01:25:00+00:00,15.1899995803833,15.1899995803833,15.1899995803833,15.1899995803833,3044,0.0,0.0,0.0
2025-05-15 01:30:00+00:00,15.15999984741211,15.1899995803833,15.15999984741211,15.1899995803833,28806,0.0,0.0,0.0
2025-05-15 01:35:00+00:00,15.1899995803833,15.210000038146973,15.1899995803833,15.199999809265137,30083,0.0,0.0,0.0
2025-05-15 01:40:00+00:00,15.199999809265137,15.239999771118164,15.199999809265137,15.239999771118164,47109,0.0,0.0,0.0
2025-05-15 01:45:00+00:00,15.25,15.260000228881836,15.25,15.25,80980,0.0,0.0,0.0
2025-05-15 01:50:00+00:00,15.25,15.25,15.25,15.25,203688,0.0,0.0,0.0
2025-05-15 01:55:00+00:00,15.239999771118164,15.239999771118164,15.239999771118164,15.239999771118164,33180,0.0,0.0,0.0
2025-05-15 02:00:00+00:00,15.220000267028809,15.220000267028809,15.210000038146973,15.210000038146973,102320,0.0,0.0,0.0
2025-05-15 02:10:00+00:00,15.210000038146973,15.210000038146973,15.210000038146973,15.210000038146973,13000,0.0,0.0,0.0
2025-05-15 02:15:00+00:00,15.220000267028809,15.220000267028809,15.220000267028809,15.220000267028809,12000,0.0,0.0,0.0
2025-05-15 02:20:00+00:00,15.210000038146973,15.210000038146973,15.210000038146973,15.210000038146973,100006,0.0,0.0,0.0
2025-05-15 02:30:00+00:00,15.210000038146973,15.220000267028809,15.210000038146973,15.220000267028809,44028,0.0,0.0,0.0
2025-05-15 02:35:00+00:00,15.220000267028809,15.220000267028809,15.220000267028809,15.220000267028809,7000,0.0,0.0,0.0
2025-05-15 02:40:00+00:00,15.220000267028809,15.229999542236328,15.220000267028809,15.229999542236328,21815,0.0,0.0,0.0
2025-05-15 02:45:00+00:00,15.220000267028809,15.229999542236328,15.220000267028809,15.229999542236328,17233,0.0,0.0,0.0
2025-05-15 02:50:00+00:00,15.239999771118164,15.25,15.239999771118164,15.239999771118164,20068,0.0,0.0,0.0
2025-05-15 02:55:00+00:00,15.239999771118164,15.25,15.239999771118164,15.25,33009,0.0,0.0,0.0
2025-05-15 03:00:00+00:00,15.260000228881836,15.260000228881836,15.260000228881836,15.260000228881836,6082,0.0,0.0,0.0
2025-05-15 03:15:00+00:00,15.25,15.25,15.25,15.25,13000,0.0,0.0,0.0
2025-05-15 03:20:00+00:00,15.25,15.25,15.239999771118164,15.239999771118164,8007,0.0,0.0,0.0
2025-05-15 03:25:00+00:00,15.239999771118164,15.239999771118164,15.239999771118164,15.239999771118164,2000,0.0,0.0,0.0
2025-05-15 03:30:00+00:00,15.239999771118164,15.239999771118164,15.239999771118164,15.239999771118164,9500,0.0,0.0,0.0
2025-05-15 03:35:00+00:00,15.229999542236328,15.229999542236328,15.229999542236328,15.229999542236328,1000,0.0,0.0,0.0
2025-05-15 03:40:00+00:00,15.229999542236328,15.229999542236328,15.220000267028809,15.220000267028809,6100,0.0,0.0,0.0
2025-05-15 03:45:00+00:00,15.229999542236328,15.229999542236328,15.229999542236328,15.229999542236328,3000,0.0,0.0,0.0
2025-05-15 03:55:00+00:00,15.229999542236328,15.229999542236328,15.229999542236328,15.229999542236328,29561,0.0,0.0,0.0
2025-05-15 04:05:00+00:00,15.229999542236328,15.229999542236328,15.229999542236328,15.229999542236328,1010,0.0,0.0,0.0
2025-05-15 04:10:00+00:00,15.229999542236328,15.229999542236328,15.229999542236328,15.229999542236328,8000,0.0,0.0,0.0
2025-05-15 04:15:00+00:00,15.229999542236328,15.229999542236328,15.229999542236328,15.229999542236328,6000,0.0,0.0,0.0
2025-05-15 04:20:00+00:00,15.229999542236328,15.229999542236328,15.229999542236328,15.229999542236328,2229,0.0,0.0,0.0
2025-05-15 04:25:00+00:00,15.229999542236328,15.229999542236328,15.229999542236328,15.229999542236328,4000,0.0,0.0,0.0
2025-05-15 04:30:00+00:00,15.229999542236328,15.229999542236328,15.220000267028809,15.220000267028809,17000,0.0,0.0,0.0
2025-05-15 04:35:00+00:00,15.229999542236328,15.229999542236328,15.220000267028809,15.220000267028809,22100,0.0,0.0,0.0
2025-05-15 04:40:00+00:00,15.220000267028809,15.229999542236328,15.220000267028809,15.229999542236328,14090,0.0,0.0,0.0
2025-05-15 04:45:00+00:00,15.229999542236328,15.229999542236328,15.229999542236328,15.229999542236328,11000,0.0,0.0,0.0
2025-05-15 04:50:00+00:00,15.220000267028809,15.229999542236328,15.220000267028809,15.229999542236328,16500,0.0,0.0,0.0
2025-05-15 04:55:00+00:00,15.229999542236328,15.229999542236328,15.229999542236328,15.229999542236328,1000,0.0,0.0,0.0
2025-05-15 05:00:00+00:00,15.229999542236328,15.229999542236328,15.229999542236328,15.229999542236328,10632,0.0,0.0,0.0
2025-05-15 05:05:00+00:00,15.229999542236328,15.229999542236328,15.229999542236328,15.229999542236328,26063,0.0,0.0,0.0
2025-05-15 05:10:00+00:00,15.229999542236328,15.229999542236328,15.229999542236328,15.229999542236328,6000,0.0,0.0,0.0
2025-05-15 05:15:00+00:00,15.229999542236328,15.229999542236328,15.229999542236328,15.229999542236328,9710,0.0,0.0,0.0
2025-05-15 05:20:00+00:00,15.239999771118164,15.239999771118164,15.229999542236328,15.229999542236328,7000,0.0,0.0,0.0
2025-05-16 01:00:00+00:00,15.270000457763672,15.289999961853027,15.270000457763672,15.289999961853027,0,0.0,0.0,0.0
2025-05-16 01:05:00+00:00,15.270000457763672,15.270000457763672,15.270000457763672,15.270000457763672,10613,0.0,0.0,0.0
2025-05-16 01:10:00+00:00,15.270000457763672,15.270000457763672,15.270000457763672,15.270000457763672,90070,0.0,0.0,0.0
2025-05-16 01:15:00+00:00,15.279999732971191,15.300000190734863,15.279999732971191,15.300000190734863,142825,0.0,0.0,0.0
2025-05-16 01:20:00+00:00,15.300000190734863,15.300000190734863,15.300000190734863,15.300000190734863,47100,0.0,0.0,0.0
2025-05-16 01:25:00+00:00,15.300000190734863,15.3100004196167,15.300000190734863,15.3100004196167,36201,0.0,0.0,0.0
2025-05-16 01:30:00+00:00,15.3100004196167,15.3100004196167,15.300000190734863,15.3100004196167,20750,0.0,0.0,0.0
2025-05-16 01:35:00+00:00,15.319999694824219,15.359999656677246,15.319999694824219,15.359999656677246,113439,0.0,0.0,0.0
2025-05-16 01:40:00+00:00,15.350000381469727,15.359999656677246,15.350000381469727,15.359999656677246,5480,0.0,0.0,0.0
2025-05-16 01:45:00+00:00,15.369999885559082,15.380000114440918,15.359999656677246,15.359999656677246,32185,0.0,0.0,0.0
2025-05-16 01:50:00+00:00,15.350000381469727,15.350000381469727,15.350000381469727,15.350000381469727,1065,0.0,0.0,0.0
2025-05-16 01:55:00+00:00,15.359999656677246,15.380000114440918,15.350000381469727,15.380000114440918,71139,0.0,0.0,0.0
2025-05-16 02:00:00+00:00,15.390000343322754,15.399999618530273,15.380000114440918,15.380000114440918,11500,0.0,0.0,0.0
2025-05-16 02:05:00+00:00,15.380000114440918,15.380000114440918,15.380000114440918,15.380000114440918,2038,0.0,0.0,0.0
2025-05-16 02:10:00+00:00,15.369999885559082,15.369999885559082,15.369999885559082,15.369999885559082,7000,0.0,0.0,0.0
2025-05-16 02:15:00+00:00,15.369999885559082,15.369999885559082,15.369999885559082,15.369999885559082,3118,0.0,0.0,0.0
2025-05-16 02:20:00+00:00,15.369999885559082,15.390000343322754,15.369999885559082,15.380000114440918,78025,0.0,0.0,0.0
2025-05-16 02:25:00+00:00,15.390000343322754,15.390000343322754,15.390000343322754,15.390000343322754,4018,0.0,0.0,0.0
2025-05-16 02:30:00+00:00,15.399999618530273,15.399999618530273,15.399999618530273,15.399999618530273,109100,0.0,0.0,0.0
2025-05-16 02:35:00+00:00,15.40999984741211,15.430000305175781,15.40999984741211,15.430000305175781,88430,0.0,0.0,0.0
2025-05-16 02:40:00+00:00,15.430000305175781,15.430000305175781,15.430000305175781,15.430000305175781,22000,0.0,0.0,0.0
2025-05-16 02:45:00+00:00,15.4399995803833,15.4399995803833,15.430000305175781,15.430000305175781,4351,0.0,0.0,0.0
2025-05-16 02:50:00+00:00,15.40999984741211,15.40999984741211,15.40999984741211,15.40999984741211,13580,0.0,0.0,0.0
2025-05-16 02:55:00+00:00,15.420000076293945,15.420000076293945,15.420000076293945,15.420000076293945,4017,0.0,0.0,0.0
2025-05-16 03:00:00+00:00,15.420000076293945,15.420000076293945,15.40999984741211,15.40999984741211,5300,0.0,0.0,0.0
2025-05-16 03:05:00+00:00,15.40999984741211,15.420000076293945,15.40999984741211,15.420000076293945,31027,0.0,0.0,0.0
2025-05-16 03:10:00+00:00,15.430000305175781,15.4399995803833,15.430000305175781,15.4399995803833,76300,0.0,0.0,0.0
2025-05-16 03:15:00+00:00,15.449999809265137,15.449999809265137,15.4399995803833,15.449999809265137,94380,0.0,0.0,0.0
2025-05-16 03:20:00+00:00,15.449999809265137,15.460000038146973,15.449999809265137,15.449999809265137,7991,0.0,0.0,0.0
2025-05-16 03:25:00+00:00,15.460000038146973,15.460000038146973,15.460000038146973,15.460000038146973,20018,0.0,0.0,0.0
2025-05-16 03:30:00+00:00,15.449999809265137,15.449999809265137,15.449999809265137,15.449999809265137,18118,0.0,0.0,0.0
2025-05-16 03:35:00+00:00,15.4399995803833,15.4399995803833,15.420000076293945,15.420000076293945,205729,0.0,0.0,0.0
2025-05-16 03:40:00+00:00,15.40999984741211,15.40999984741211,15.399999618530273,15.399999618530273,7088,0.0,0.0,0.0
2025-05-16 03:45:00+00:00,15.399999618530273,15.399999618530273,15.399999618530273,15.399999618530273,29002,0.0,0.0,0.0
2025-05-16 03:50:00+00:00,15.399999618530273,15.399999618530273,15.399999618530273,15.399999618530273,10119,0.0,0.0,0.0
2025-05-16 03:55:00+00:00,15.390000343322754,15.390000343322754,15.390000343322754,15.390000343322754,33027,0.0,0.0,0.0
2025-05-16 04:05:00+00:00,15.399999618530273,15.399999618530273,15.399999618530273,15.399999618530273,8019,0.0,0.0,0.0
2025-05-16 04:10:00+00:00,15.399999618530273,15.399999618530273,15.399999618530273,15.399999618530273,1000,0.0,0.0,0.0
2025-05-16 04:15:00+00:00,15.399999618530273,15.399999618530273,15.399999618530273,15.399999618530273,40973,0.0,0.0,0.0
2025-05-16 04:25:00+00:00,15.399999618530273,15.399999618530273,15.399999618530273,15.399999618530273,10200,0.0,0.0,0.0
2025-05-16 04:30:00+00:00,15.399999618530273,15.40999984741211,15.399999618530273,15.40999984741211,29218,0.0,0.0,0.0
2025-05-16 04:35:00+00:00,15.40999984741211,15.420000076293945,15.40999984741211,15.420000076293945,24356,0.0,0.0,0.0
2025-05-16 04:40:00+00:00,15.420000076293945,15.420000076293945,15.420000076293945,15.420000076293945,3547,0.0,0.0,0.0
2025-05-16 04:45:00+00:00,15.420000076293945,15.430000305175781,15.420000076293945,15.430000305175781,7584,0.0,0.0,0.0
2025-05-16 04:55:00+00:00,15.399999618530273,15.399999618530273,15.399999618530273,15.399999618530273,74282,0.0,0.0,0.0
2025-05-16 05:00:00+00:00,15.399999618530273,15.40999984741211,15.399999618530273,15.40999984741211,65750,0.0,0.0,0.0
2025-05-16 05:05:00+00:00,15.40999984741211,15.40999984741211,15.40999984741211,15.40999984741211,6271,0.0,0.0,0.0
2025-05-16 05:10:00+00:00,15.40999984741211,15.40999984741211,15.40999984741211,15.40999984741211,9000,0.0,0.0,0.0
2025-05-16 05:15:00+00:00,15.40999984741211,15.40999984741211,15.40999984741211,15.40999984741211,30230,0.0,0.0,0.0
2025-05-16 05:20:00+00:00,15.40999984741211,15.40999984741211,15.399999618530273,15.40999984741211,14868,0.0,0.0,0.0
2025-05-19 01:00:00+00:00,15.369999885559082,15.399999618530273,15.350000381469727,15.359999656677246,0,0.0,0.0,0.0
2025-05-19 01:05:00+00:00,15.369999885559082,15.380000114440918,15.359999656677246,15.369999885559082,159093,0.0,0.0,0.0
2025-05-19 01:10:00+00:00,15.369999885559082,15.369999885559082,15.34000015258789,15.34000015258789,264890,0.0,0.0,0.0
2025-05-19 01:15:00+00:00,15.329999923706055,15.329999923706055,15.319999694824219,15.319999694824219,14440,0.0,0.0,0.0
2025-05-19 01:20:00+00:00,15.3100004196167,15.3100004196167,15.289999961853027,15.289999961853027,58646,0.0,0.0,0.0
2025-05-19 01:25:00+00:00,15.300000190734863,15.3100004196167,15.289999961853027,15.3100004196167,16265,0.0,0.0,0.0
2025-05-19 01:30:00+00:00,15.329999923706055,15.329999923706055,15.300000190734863,15.3100004196167,31098,0.0,0.0,0.0
2025-05-19 01:35:00+00:00,15.3100004196167,15.329999923706055,15.3100004196167,15.319999694824219,23335,0.0,0.0,0.0
2025-05-19 01:40:00+00:00,15.319999694824219,15.319999694824219,15.3100004196167,15.3100004196167,37114,0.0,0.0,0.0
2025-05-19 01:45:00+00:00,15.319999694824219,15.319999694824219,15.300000190734863,15.300000190734863,145100,0.0,0.0,0.0
2025-05-19 01:50:00+00:00,15.3100004196167,15.3100004196167,15.289999961853027,15.289999961853027,33477,0.0,0.0,0.0
2025-05-19 01:55:00+00:00,15.289999961853027,15.289999961853027,15.289999961853027,15.289999961853027,6384,0.0,0.0,0.0
2025-05-19 02:00:00+00:00,15.289999961853027,15.300000190734863,15.279999732971191,15.300000190734863,40575,0.0,0.0,0.0
2025-05-19 02:05:00+00:00,15.3100004196167,15.319999694824219,15.3100004196167,15.319999694824219,19176,0.0,0.0,0.0
2025-05-19 02:10:00+00:00,15.319999694824219,15.319999694824219,15.3100004196167,15.319999694824219,19117,0.0,0.0,0.0
2025-05-19 02:15:00+00:00,15.329999923706055,15.350000381469727,15.329999923706055,15.350000381469727,11389,0.0,0.0,0.0
2025-05-19 02:20:00+00:00,15.350000381469727,15.350000381469727,15.34000015258789,15.34000015258789,12000,0.0,0.0,0.0
2025-05-19 02:25:00+00:00,15.350000381469727,15.359999656677246,15.350000381469727,15.359999656677246,10444,0.0,0.0,0.0
2025-05-19 02:30:00+00:00,15.359999656677246,15.369999885559082,15.350000381469727,15.350000381469727,113040,0.0,0.0,0.0
2025-05-19 02:35:00+00:00,15.350000381469727,15.359999656677246,15.350000381469727,15.359999656677246,11260,0.0,0.0,0.0
2025-05-19 02:40:00+00:00,15.359999656677246,15.359999656677246,15.359999656677246,15.359999656677246,4000,0.0,0.0,0.0
2025-05-19 02:45:00+00:00,15.369999885559082,15.369999885559082,15.369999885559082,15.369999885559082,3400,0.0,0.0,0.0
2025-05-19 02:55:00+00:00,15.359999656677246,15.359999656677246,15.359999656677246,15.359999656677246,1060,0.0,0.0,0.0
2025-05-19 03:00:00+00:00,15.369999885559082,15.369999885559082,15.369999885559082,15.369999885559082,2153,0.0,0.0,0.0
2025-05-19 03:05:00+00:00,15.359999656677246,15.359999656677246,15.359999656677246,15.359999656677246,1000,0.0,0.0,0.0
2025-05-19 03:10:00+00:00,15.350000381469727,15.350000381469727,15.329999923706055,15.329999923706055,35000,0.0,0.0,0.0
2025-05-19 03:15:00+00:00,15.329999923706055,15.329999923706055,15.319999694824219,15.319999694824219,3168,0.0,0.0,0.0
2025-05-19 03:20:00+00:00,15.329999923706055,15.329999923706055,15.319999694824219,15.319999694824219,20000,0.0,0.0,0.0
2025-05-19 03:25:00+00:00,15.319999694824219,15.319999694824219,15.319999694824219,15.319999694824219,25061,0.0,0.0,0.0
2025-05-19 03:30:00+00:00,15.300000190734863,15.300000190734863,15.300000190734863,15.300000190734863,100410,0.0,0.0,0.0
2025-05-19 03:35:00+00:00,15.279999732971191,15.279999732971191,15.279999732971191,15.279999732971191,7041,0.0,0.0,0.0
2025-05-19 03:45:00+00:00,15.279999732971191,15.279999732971191,15.279999732971191,15.279999732971191,7200,0.0,0.0,0.0
2025-05-19 03:50:00+00:00,15.279999732971191,15.279999732971191,15.279999732971191,15.279999732971191,1000,0.0,0.0,0.0
2025-05-19 03:55:00+00:00,15.300000190734863,15.300000190734863,15.300000190734863,15.300000190734863,13340,0.0,0.0,0.0
2025-05-19 04:15:00+00:00,15.300000190734863,15.300000190734863,15.300000190734863,15.300000190734863,20113,0.0,0.0,0.0
2025-05-19 04:20:00+00:00,15.279999732971191,15.279999732971191,15.279999732971191,15.279999732971191,10010,0.0,0.0,0.0
2025-05-19 04:25:00+00:00,15.279999732971191,15.279999732971191,15.279999732971191,15.279999732971191,2557,0.0,0.0,0.0
2025-05-19 04:30:00+00:00,15.270000457763672,15.279999732971191,15.270000457763672,15.279999732971191,4267,0.0,0.0,0.0
2025-05-19 04:35:00+00:00,15.279999732971191,15.279999732971191,15.279999732971191,15.279999732971191,6000,0.0,0.0,0.0
2025-05-19 04:40:00+00:00,15.270000457763672,15.270000457763672,15.270000457763672,15.270000457763672,9030,0.0,0.0,0.0
2025-05-19 04:45:00+00:00,15.279999732971191,15.279999732971191,15.279999732971191,15.279999732971191,1447,0.0,0.0,0.0
2025-05-19 04:50:00+00:00,15.270000457763672,15.270000457763672,15.260000228881836,15.260000228881836,20220,0.0,0.0,0.0
2025-05-19 04:55:00+00:00,15.260000228881836,15.260000228881836,15.260000228881836,15.260000228881836,6078,0.0,0.0,0.0
2025-05-19 05:05:00+00:00,15.270000457763672,15.270000457763672,15.270000457763672,15.270000457763672,187520,0.0,0.0,0.0
2025-05-19 05:10:00+00:00,15.260000228881836,15.270000457763672,15.260000228881836,15.260000228881836,14205,0.0,0.0,0.0
2025-05-19 05:15:00+00:00,15.260000228881836,15.260000228881836,15.25,15.25,30968,0.0,0.0,0.0
2025-05-19 05:20:00+00:00,15.260000228881836,15.260000228881836,15.260000228881836,15.260000228881836,9123,0.0,0.0,0.0
2025-05-20 01:00:00+00:00,15.270000457763672,15.300000190734863,15.270000457763672,15.279999732971191,0,0.0,0.0,0.0
2025-05-20 01:05:00+00:00,15.289999961853027,15.300000190734863,15.289999961853027,15.300000190734863,58239,0.0,0.0,0.0
2025-05-20 01:10:00+00:00,15.279999732971191,15.279999732971191,15.279999732971191,15.279999732971191,12077,0.0,0.0,0.0
2025-05-20 01:15:00+00:00,15.270000457763672,15.270000457763672,15.25,15.260000228881836,4079,0.0,0.0,0.0
2025-05-20 01:20:00+00:00,15.260000228881836,15.260000228881836,15.25,15.25,8661,0.0,0.0,0.0
2025-05-20 01:25:00+00:00,15.25,15.25,15.239999771118164,15.239999771118164,5145,0.0,0.0,0.0
2025-05-20 01:30:00+00:00,15.25,15.25,15.220000267028809,15.220000267028809,15078,0.0,0.0,0.0
2025-05-20 01:35:00+00:00,15.220000267028809,15.220000267028809,15.210000038146973,15.210000038146973,28231,0.0,0.0,0.0
2025-05-20 01:40:00+00:00,15.220000267028809,15.229999542236328,15.220000267028809,15.229999542236328,23222,0.0,0.0,0.0
2025-05-20 01:45:00+00:00,15.229999542236328,15.25,15.229999542236328,15.25,20100,0.0,0.0,0.0
2025-05-20 01:50:00+00:00,15.25,15.25,15.25,15.25,9092,0.0,0.0,0.0
2025-05-20 01:55:00+00:00,15.260000228881836,15.260000228881836,15.260000228881836,15.260000228881836,13142,0.0,0.0,0.0
2025-05-20 02:00:00+00:00,15.270000457763672,15.279999732971191,15.270000457763672,15.279999732971191,74376,0.0,0.0,0.0
2025-05-20 02:05:00+00:00,15.279999732971191,15.279999732971191,15.270000457763672,15.270000457763672,7709,0.0,0.0,0.0
2025-05-20 02:10:00+00:00,15.279999732971191,15.289999961853027,15.279999732971191,15.289999961853027,33346,0.0,0.0,0.0
2025-05-20 02:15:00+00:00,15.260000228881836,15.270000457763672,15.260000228881836,15.270000457763672,102000,0.0,0.0,0.0
2025-05-20 02:25:00+00:00,15.260000228881836,15.260000228881836,15.260000228881836,15.260000228881836,3097,0.0,0.0,0.0
2025-05-20 02:30:00+00:00,15.260000228881836,15.260000228881836,15.260000228881836,15.260000228881836,1173,0.0,0.0,0.0
2025-05-20 02:35:00+00:00,15.270000457763672,15.300000190734863,15.270000457763672,15.300000190734863,149078,0.0,0.0,0.0
2025-05-20 02:40:00+00:00,15.300000190734863,15.3100004196167,15.300000190734863,15.3100004196167,115750,0.0,0.0,0.0
2025-05-20 02:45:00+00:00,15.3100004196167,15.3100004196167,15.3100004196167,15.3100004196167,1275,0.0,0.0,0.0
2025-05-20 02:50:00+00:00,15.300000190734863,15.300000190734863,15.300000190734863,15.300000190734863,5000,0.0,0.0,0.0
2025-05-20 02:55:00+00:00,15.300000190734863,15.300000190734863,15.300000190734863,15.300000190734863,6150,0.0,0.0,0.0
2025-05-20 03:00:00+00:00,15.300000190734863,15.3100004196167,15.300000190734863,15.3100004196167,26335,0.0,0.0,0.0
2025-05-20 03:15:00+00:00,15.300000190734863,15.300000190734863,15.289999961853027,15.289999961853027,50188,0.0,0.0,0.0
2025-05-20 03:20:00+00:00,15.289999961853027,15.300000190734863,15.289999961853027,15.300000190734863,23029,0.0,0.0,0.0
2025-05-20 03:25:00+00:00,15.289999961853027,15.289999961853027,15.289999961853027,15.289999961853027,12000,0.0,0.0,0.0
2025-05-20 03:30:00+00:00,15.289999961853027,15.289999961853027,15.289999961853027,15.289999961853027,1000,0.0,0.0,0.0
2025-05-20 03:35:00+00:00,15.289999961853027,15.289999961853027,15.289999961853027,15.289999961853027,11300,0.0,0.0,0.0
2025-05-20 03:40:00+00:00,15.289999961853027,15.300000190734863,15.289999961853027,15.300000190734863,29803,0.0,0.0,0.0
2025-05-20 03:55:00+00:00,15.300000190734863,15.300000190734863,15.300000190734863,15.300000190734863,2000,0.0,0.0,0.0
2025-05-20 04:00:00+00:00,15.300000190734863,15.300000190734863,15.300000190734863,15.300000190734863,3830,0.0,0.0,0.0
2025-05-20 04:10:00+00:00,15.279999732971191,15.279999732971191,15.279999732971191,15.279999732971191,1000,0.0,0.0,0.0
2025-05-20 04:15:00+00:00,15.279999732971191,15.279999732971191,15.260000228881836,15.260000228881836,15201,0.0,0.0,0.0
2025-05-20 04:20:00+00:00,15.260000228881836,15.260000228881836,15.260000228881836,15.260000228881836,5100,0.0,0.0,0.0
2025-05-20 04:25:00+00:00,15.260000228881836,15.260000228881836,15.260000228881836,15.260000228881836,24559,0.0,0.0,0.0
2025-05-20 04:30:00+00:00,15.270000457763672,15.270000457763672,15.270000457763672,15.270000457763672,18210,0.0,0.0,0.0
2025-05-20 04:40:00+00:00,15.260000228881836,15.260000228881836,15.260000228881836,15.260000228881836,64521,0.0,0.0,0.0
2025-05-20 04:50:00+00:00,15.260000228881836,15.260000228881836,15.260000228881836,15.260000228881836,100000,0.0,0.0,0.0
2025-05-20 05:05:00+00:00,15.260000228881836,15.260000228881836,15.260000228881836,15.260000228881836,19100,0.0,0.0,0.0
2025-05-20 05:10:00+00:00,15.260000228881836,15.260000228881836,15.260000228881836,15.260000228881836,2297,0.0,0.0,0.0
2025-05-20 05:15:00+00:00,15.260000228881836,15.260000228881836,15.260000228881836,15.260000228881836,1000,0.0,0.0,0.0
2025-05-20 05:20:00+00:00,15.260000228881836,15.270000457763672,15.260000228881836,15.260000228881836,36042,0.0,0.0,0.0
2025-05-21 01:00:00+00:00,15.260000228881836,15.300000190734863,15.260000228881836,15.300000190734863,0,0.0,0.0,0.0
2025-05-21 01:05:00+00:00,15.3100004196167,15.3100004196167,15.289999961853027,15.289999961853027,9110,0.0,0.0,0.0
2025-05-21 01:15:00+00:00,15.289999961853027,15.289999961853027,15.289999961853027,15.289999961853027,1650,0.0,0.0,0.0
2025-05-21 01:20:00+00:00,15.270000457763672,15.270000457763672,15.270000457763672,15.270000457763672,13075,0.0,0.0,0.0
2025-05-21 01:25:00+00:00,15.279999732971191,15.279999732971191,15.279999732971191,15.279999732971191,1000,0.0,0.0,0.0
2025-05-21 01:30:00+00:00,15.279999732971191,15.279999732971191,15.270000457763672,15.270000457763672,4402,0.0,0.0,0.0
2025-05-21 01:35:00+00:00,15.270000457763672,15.270000457763672,15.270000457763672,15.270000457763672,2270,0.0,0.0,0.0
2025-05-21 01:45:00+00:00,15.270000457763672,15.289999961853027,15.270000457763672,15.270000457763672,82289,0.0,0.0,0.0
2025-05-21 01:50:00+00:00,15.289999961853027,15.289999961853027,15.289999961853027,15.289999961853027,9066,0.0,0.0,0.0
2025-05-21 01:55:00+00:00,15.300000190734863,15.3100004196167,15.300000190734863,15.3100004196167,68528,0.0,0.0,0.0
2025-05-21 02:05:00+00:00,15.279999732971191,15.279999732971191,15.279999732971191,15.279999732971191,1000,0.0,0.0,0.0
2025-05-21 02:10:00+00:00,15.289999961853027,15.3100004196167,15.289999961853027,15.3100004196167,9257,0.0,0.0,0.0
2025-05-21 02:15:00+00:00,15.3100004196167,15.3100004196167,15.3100004196167,15.3100004196167,9305,0.0,0.0,0.0
2025-05-21 02:25:00+00:00,15.3100004196167,15.3100004196167,15.3100004196167,15.3100004196167,1297,0.0,0.0,0.0
2025-05-21 02:30:00+00:00,15.3100004196167,15.3100004196167,15.3100004196167,15.3100004196167,8220,0.0,0.0,0.0
2025-05-21 02:35:00+00:00,15.3100004196167,15.3100004196167,15.3100004196167,15.3100004196167,5027,0.0,0.0,0.0
2025-05-21 02:40:00+00:00,15.319999694824219,15.329999923706055,15.319999694824219,15.329999923706055,34004,0.0,0.0,0.0
2025-05-21 02:45:00+00:00,15.329999923706055,15.329999923706055,15.329999923706055,15.329999923706055,1000,0.0,0.0,0.0
2025-05-21 02:50:00+00:00,15.319999694824219,15.319999694824219,15.319999694824219,15.319999694824219,30000,0.0,0.0,0.0
2025-05-21 02:55:00+00:00,15.319999694824219,15.319999694824219,15.319999694824219,15.319999694824219,1777,0.0,0.0,0.0
2025-05-21 03:00:00+00:00,15.329999923706055,15.350000381469727,15.329999923706055,15.350000381469727,56300,0.0,0.0,0.0
2025-05-21 03:05:00+00:00,15.350000381469727,15.359999656677246,15.350000381469727,15.359999656677246,29000,0.0,0.0,0.0
2025-05-21 03:10:00+00:00,15.359999656677246,15.359999656677246,15.359999656677246,15.359999656677246,3005,0.0,0.0,0.0
2025-05-21 03:15:00+00:00,15.359999656677246,15.359999656677246,15.359999656677246,15.359999656677246,7000,0.0,0.0,0.0
2025-05-21 03:20:00+00:00,15.359999656677246,15.359999656677246,15.359999656677246,15.359999656677246,60150,0.0,0.0,0.0
2025-05-21 03:25:00+00:00,15.350000381469727,15.350000381469727,15.350000381469727,15.350000381469727,1130,0.0,0.0,0.0
2025-05-21 03:35:00+00:00,15.359999656677246,15.359999656677246,15.359999656677246,15.359999656677246,1000,0.0,0.0,0.0
2025-05-21 03:40:00+00:00,15.359999656677246,15.359999656677246,15.359999656677246,15.359999656677246,1325,0.0,0.0,0.0
2025-05-21 03:50:00+00:00,15.350000381469727,15.350000381469727,15.350000381469727,15.350000381469727,8130,0.0,0.0,0.0
2025-05-21 03:55:00+00:00,15.34000015258789,15.350000381469727,15.34000015258789,15.350000381469727,21714,0.0,0.0,0.0
2025-05-21 04:10:00+00:00,15.350000381469727,15.350000381469727,15.350000381469727,15.350000381469727,2000,0.0,0.0,0.0
2025-05-21 04:15:00+00:00,15.350000381469727,15.350000381469727,15.350000381469727,15.350000381469727,43000,0.0,0.0,0.0
2025-05-21 04:20:00+00:00,15.350000381469727,15.359999656677246,15.350000381469727,15.359999656677246,20000,0.0,0.0,0.0
2025-05-21 04:25:00+00:00,15.359999656677246,15.359999656677246,15.350000381469727,15.350000381469727,4800,0.0,0.0,0.0
2025-05-21 04:30:00+00:00,15.359999656677246,15.359999656677246,15.359999656677246,15.359999656677246,64000,0.0,0.0,0.0
2025-05-21 04:35:00+00:00,15.359999656677246,15.369999885559082,15.359999656677246,15.369999885559082,163400,0.0,0.0,0.0
2025-05-21 04:40:00+00:00,15.369999885559082,15.369999885559082,15.359999656677246,15.359999656677246,11020,0.0,0.0,0.0
2025-05-21 04:45:00+00:00,15.359999656677246,15.359999656677246,15.359999656677246,15.359999656677246,1337,0.0,0.0,0.0
2025-05-21 04:50:00+00:00,15.359999656677246,15.359999656677246,15.359999656677246,15.359999656677246,1500,0.0,0.0,0.0
2025-05-21 04:55:00+00:00,15.359999656677246,15.359999656677246,15.359999656677246,15.359999656677246,2063,0.0,0.0,0.0
2025-05-21 05:00:00+00:00,15.359999656677246,15.369999885559082,15.359999656677246,15.369999885559082,127548,0.0,0.0,0.0
2025-05-21 05:05:00+00:00,15.369999885559082,15.369999885559082,15.369999885559082,15.369999885559082,1200,0.0,0.0,0.0
2025-05-21 05:10:00+00:00,15.369999885559082,15.369999885559082,15.369999885559082,15.369999885559082,2010,0.0,0.0,0.0
2025-05-21 05:15:00+00:00,15.369999885559082,15.380000114440918,15.369999885559082,15.380000114440918,69006,0.0,0.0,0.0
2025-05-21 05:20:00+00:00,15.380000114440918,15.390000343322754,15.380000114440918,15.390000343322754,15577,0.0,0.0,0.0
2025-05-22 01:00:00+00:00,15.239999771118164,15.289999961853027,15.239999771118164,15.289999961853027,0,0.0,0.0,0.0
2025-05-22 01:05:00+00:00,15.289999961853027,15.300000190734863,15.289999961853027,15.300000190734863,19746,0.0,0.0,0.0
2025-05-22 01:10:00+00:00,15.3100004196167,15.3100004196167,15.300000190734863,15.3100004196167,73000,0.0,0.0,0.0
2025-05-22 01:15:00+00:00,15.300000190734863,15.300000190734863,15.25,15.25,133200,0.0,0.0,0.0
2025-05-22 01:20:00+00:00,15.25,15.279999732971191,15.25,15.279999732971191,6000,0.0,0.0,0.0
2025-05-22 01:25:00+00:00,15.300000190734863,15.300000190734863,15.300000190734863,15.300000190734863,7290,0.0,0.0,0.0
2025-05-22 01:30:00+00:00,15.300000190734863,15.300000190734863,15.300000190734863,15.300000190734863,5250,0.0,0.0,0.0
2025-05-22 01:40:00+00:00,15.300000190734863,15.300000190734863,15.300000190734863,15.300000190734863,4000,0.0,0.0,0.0
2025-05-22 01:45:00+00:00,15.3100004196167,15.3100004196167,15.300000190734863,15.300000190734863,146670,0.0,0.0,0.0
2025-05-22 01:50:00+00:00,15.289999961853027,15.300000190734863,15.289999961853027,15.300000190734863,5486,0.0,0.0,0.0
2025-05-22 01:55:00+00:00,15.25,15.25,15.25,15.25,13430,0.0,0.0,0.0
2025-05-22 02:00:00+00:00,15.25,15.25,15.25,15.25,6333,0.0,0.0,0.0
2025-05-22 02:05:00+00:00,15.25,15.270000457763672,15.25,15.270000457763672,32280,0.0,0.0,0.0
2025-05-22 02:10:00+00:00,15.270000457763672,15.270000457763672,15.270000457763672,15.270000457763672,6010,0.0,0.0,0.0
2025-05-22 02:20:00+00:00,15.300000190734863,15.300000190734863,15.300000190734863,15.300000190734863,2000,0.0,0.0,0.0
2025-05-22 02:25:00+00:00,15.300000190734863,15.3100004196167,15.300000190734863,15.3100004196167,25800,0.0,0.0,0.0
2025-05-22 02:30:00+00:00,15.3100004196167,15.3100004196167,15.3100004196167,15.3100004196167,7115,0.0,0.0,0.0
2025-05-22 02:35:00+00:00,15.3100004196167,15.319999694824219,15.3100004196167,15.319999694824219,13000,0.0,0.0,0.0
2025-05-22 02:40:00+00:00,15.319999694824219,15.329999923706055,15.319999694824219,15.329999923706055,8009,0.0,0.0,0.0
2025-05-22 02:45:00+00:00,15.329999923706055,15.329999923706055,15.329999923706055,15.329999923706055,5641,0.0,0.0,0.0
2025-05-22 02:50:00+00:00,15.319999694824219,15.319999694824219,15.319999694824219,15.319999694824219,2100,0.0,0.0,0.0
2025-05-22 02:55:00+00:00,15.3100004196167,15.3100004196167,15.3100004196167,15.3100004196167,1000,0.0,0.0,0.0
2025-05-22 03:00:00+00:00,15.3100004196167,15.3100004196167,15.3100004196167,15.3100004196167,4209,0.0,0.0,0.0
2025-05-22 03:05:00+00:00,15.3100004196167,15.3100004196167,15.3100004196167,15.3100004196167,7000,0.0,0.0,0.0
2025-05-22 03:10:00+00:00,15.3100004196167,15.319999694824219,15.3100004196167,15.319999694824219,63000,0.0,0.0,0.0
2025-05-22 03:15:00+00:00,15.329999923706055,15.34000015258789,15.329999923706055,15.34000015258789,31461,0.0,0.0,0.0
2025-05-22 03:20:00+00:00,15.350000381469727,15.350000381469727,15.350000381469727,15.350000381469727,9191,0.0,0.0,0.0
2025-05-22 03:25:00+00:00,15.359999656677246,15.359999656677246,15.359999656677246,15.359999656677246,11107,0.0,0.0,0.0
2025-05-22 03:30:00+00:00,15.359999656677246,15.359999656677246,15.359999656677246,15.359999656677246,5000,0.0,0.0,0.0
2025-05-22 03:35:00+00:00,15.359999656677246,15.380000114440918,15.359999656677246,15.380000114440918,30237,0.0,0.0,0.0
2025-05-22 03:40:00+00:00,15.380000114440918,15.380000114440918,15.380000114440918,15.380000114440918,5000,0.0,0.0,0.0
2025-05-22 03:45:00+00:00,15.369999885559082,15.369999885559082,15.369999885559082,15.369999885559082,8107,0.0,0.0,0.0
2025-05-22 03:55:00+00:00,15.369999885559082,15.390000343322754,15.369999885559082,15.390000343322754,21383,0.0,0.0,0.0
2025-05-22 04:05:00+00:00,15.380000114440918,15.380000114440918,15.380000114440918,15.380000114440918,100013,0.0,0.0,0.0
2025-05-22 04:10:00+00:00,15.359999656677246,15.359999656677246,15.359999656677246,15.359999656677246,2100,0.0,0.0,0.0
2025-05-22 04:20:00+00:00,15.369999885559082,15.380000114440918,15.369999885559082,15.380000114440918,35000,0.0,0.0,0.0
2025-05-22 04:25:00+00:00,15.380000114440918,15.380000114440918,15.380000114440918,15.380000114440918,1130,0.0,0.0,0.0
2025-05-22 04:40:00+00:00,15.369999885559082,15.380000114440918,15.369999885559082,15.380000114440918,5018,0.0,0.0,0.0
2025-05-22 04:45:00+00:00,15.380000114440918,15.380000114440918,15.380000114440918,15.380000114440918,3171,0.0,0.0,0.0
2025-05-22 05:00:00+00:00,15.359999656677246,15.359999656677246,15.359999656677246,15.359999656677246,10776,0.0,0.0,0.0
2025-05-22 05:05:00+00:00,15.359999656677246,15.359999656677246,15.359999656677246,15.359999656677246,1160,0.0,0.0,0.0
2025-05-22 05:15:00+00:00,15.369999885559082,15.369999885559082,15.369999885559082,15.369999885559082,22138,0.0,0.0,0.0
2025-05-22 05:20:00+00:00,15.380000114440918,15.380000114440918,15.369999885559082,15.369999885559082,4781,0.0,0.0,0.0
2025-05-23 01:00:00+00:00,15.390000343322754,15.420000076293945,15.390000343322754,15.40999984741211,0,0.0,0.0,0.0
2025-05-23 01:05:00+00:00,15.399999618530273,15.399999618530273,15.399999618530273,15.399999618530273,14087,0.0,0.0,0.0
2025-05-23 01:10:00+00:00,15.40999984741211,15.420000076293945,15.40999984741211,15.40999984741211,22740,0.0,0.0,0.0
2025-05-23 01:15:00+00:00,15.399999618530273,15.399999618530273,15.390000343322754,15.399999618530273,10000,0.0,0.0,0.0
2025-05-23 01:20:00+00:00,15.399999618530273,15.399999618530273,15.390000343322754,15.390000343322754,48877,0.0,0.0,0.0
2025-05-23 01:25:00+00:00,15.380000114440918,15.380000114440918,15.380000114440918,15.380000114440918,10710,0.0,0.0,0.0
2025-05-23 01:30:00+00:00,15.390000343322754,15.390000343322754,15.380000114440918,15.380000114440918,21210,0.0,0.0,0.0
2025-05-23 01:35:00+00:00,15.380000114440918,15.380000114440918,15.369999885559082,15.380000114440918,20739,0.0,0.0,0.0
2025-05-23 01:40:00+00:00,15.380000114440918,15.380000114440918,15.380000114440918,15.380000114440918,1015,0.0,0.0,0.0
2025-05-23 01:45:00+00:00,15.390000343322754,15.399999618530273,15.390000343322754,15.399999618530273,32356,0.0,0.0,0.0
2025-05-23 01:50:00+00:00,15.399999618530273,15.399999618530273,15.399999618530273,15.399999618530273,100045,0.0,0.0,0.0
2025-05-23 01:55:00+00:00,15.369999885559082,15.369999885559082,15.369999885559082,15.369999885559082,106086,0.0,0.0,0.0
2025-05-23 02:00:00+00:00,15.399999618530273,15.399999618530273,15.399999618530273,15.399999618530273,2112,0.0,0.0,0.0
2025-05-23 02:10:00+00:00,15.369999885559082,15.390000343322754,15.369999885559082,15.390000343322754,5350,0.0,0.0,0.0
2025-05-23 02:15:00+00:00,15.399999618530273,15.399999618530273,15.399999618530273,15.399999618530273,107193,0.0,0.0,0.0
2025-05-23 02:20:00+00:00,15.390000343322754,15.390000343322754,15.390000343322754,15.390000343322754,1126,0.0,0.0,0.0
2025-05-23 02:25:00+00:00,15.380000114440918,15.390000343322754,15.380000114440918,15.390000343322754,3000,0.0,0.0,0.0
2025-05-23 02:30:00+00:00,15.390000343322754,15.390000343322754,15.380000114440918,15.380000114440918,5518,0.0,0.0,0.0
2025-05-23 02:35:00+00:00,15.369999885559082,15.369999885559082,15.359999656677246,15.359999656677246,53160,0.0,0.0,0.0
2025-05-23 02:40:00+00:00,15.369999885559082,15.369999885559082,15.369999885559082,15.369999885559082,4000,0.0,0.0,0.0
2025-05-23 02:45:00+00:00,15.390000343322754,15.390000343322754,15.390000343322754,15.390000343322754,2140,0.0,0.0,0.0
2025-05-23 02:50:00+00:00,15.390000343322754,15.390000343322754,15.390000343322754,15.390000343322754,5063,0.0,0.0,0.0
2025-05-23 03:00:00+00:00,15.390000343322754,15.390000343322754,15.380000114440918,15.380000114440918,8110,0.0,0.0,0.0
2025-05-23 03:05:00+00:00,15.380000114440918,15.380000114440918,15.380000114440918,15.380000114440918,2000,0.0,0.0,0.0
2025-05-23 03:15:00+00:00,15.380000114440918,15.380000114440918,15.380000114440918,15.380000114440918,29311,0.0,0.0,0.0
2025-05-23 03:20:00+00:00,15.390000343322754,15.390000343322754,15.390000343322754,15.390000343322754,46601,0.0,0.0,0.0
2025-05-23 03:30:00+00:00,15.390000343322754,15.390000343322754,15.390000343322754,15.390000343322754,5614,0.0,0.0,0.0
2025-05-23 03:40:00+00:00,15.380000114440918,15.380000114440918,15.380000114440918,15.380000114440918,5081,0.0,0.0,0.0
2025-05-23 03:45:00+00:00,15.380000114440918,15.390000343322754,15.369999885559082,15.369999885559082,18140,0.0,0.0,0.0
2025-05-23 03:50:00+00:00,15.359999656677246,15.359999656677246,15.359999656677246,15.359999656677246,3080,0.0,0.0,0.0
2025-05-23 04:05:00+00:00,15.359999656677246,15.359999656677246,15.350000381469727,15.359999656677246,29263,0.0,0.0,0.0
2025-05-23 04:10:00+00:00,15.369999885559082,15.369999885559082,15.369999885559082,15.369999885559082,20166,0.0,0.0,0.0
2025-05-23 04:20:00+00:00,15.359999656677246,15.359999656677246,15.350000381469727,15.350000381469727,116250,0.0,0.0,0.0
2025-05-23 04:25:00+00:00,15.359999656677246,15.359999656677246,15.350000381469727,15.350000381469727,8281,0.0,0.0,0.0
2025-05-23 04:30:00+00:00,15.34000015258789,15.350000381469727,15.34000015258789,15.350000381469727,19573,0.0,0.0,0.0
2025-05-23 04:45:00+00:00,15.350000381469727,15.350000381469727,15.350000381469727,15.350000381469727,1300,0.0,0.0,0.0
2025-05-23 04:50:00+00:00,15.350000381469727,15.350000381469727,15.350000381469727,15.350000381469727,1700,0.0,0.0,0.0
2025-05-23 04:55:00+00:00,15.34000015258789,15.34000015258789,15.34000015258789,15.34000015258789,23100,0.0,0.0,0.0
2025-05-23 05:00:00+00:00,15.34000015258789,15.350000381469727,15.34000015258789,15.350000381469727,21053,0.0,0.0,0.0
2025-05-23 05:05:00+00:00,15.350000381469727,15.350000381469727,15.34000015258789,15.34000015258789,3000,0.0,0.0,0.0
2025-05-23 05:10:00+00:00,15.34000015258789,15.34000015258789,15.329999923706055,15.329999923706055,2954,0.0,0.0,0.0
2025-05-23 05:20:00+00:00,15.329999923706055,15.34000015258789,15.329999923706055,15.34000015258789,5056,0.0,0.0,0.0
2025-05-26 01:00:00+00:00,15.350000381469727,15.350000381469727,15.34000015258789,15.34000015258789,0,0.0,0.0,0.0
2025-05-26 01:05:00+00:00,15.329999923706055,15.350000381469727,15.329999923706055,15.329999923706055,18387,0.0,0.0,0.0
2025-05-26 01:10:00+00:00,15.34000015258789,15.359999656677246,15.34000015258789,15.359999656677246,201017,0.0,0.0,0.0
2025-05-26 01:15:00+00:00,15.359999656677246,15.359999656677246,15.359999656677246,15.359999656677246,1079,0.0,0.0,0.0
2025-05-26 01:20:00+00:00,15.34000015258789,15.34000015258789,15.34000015258789,15.34000015258789,102130,0.0,0.0,0.0
2025-05-26 01:25:00+00:00,15.329999923706055,15.329999923706055,15.319999694824219,15.319999694824219,6029,0.0,0.0,0.0
2025-05-26 01:30:00+00:00,15.300000190734863,15.300000190734863,15.300000190734863,15.300000190734863,35100,0.0,0.0,0.0
2025-05-26 01:35:00+00:00,15.300000190734863,15.300000190734863,15.300000190734863,15.300000190734863,20100,0.0,0.0,0.0
2025-05-26 01:40:00+00:00,15.319999694824219,15.329999923706055,15.319999694824219,15.319999694824219,181068,0.0,0.0,0.0
2025-05-26 01:45:00+00:00,15.329999923706055,15.329999923706055,15.329999923706055,15.329999923706055,11268,0.0,0.0,0.0
2025-05-26 01:50:00+00:00,15.329999923706055,15.329999923706055,15.319999694824219,15.319999694824219,6000,0.0,0.0,0.0
2025-05-26 01:55:00+00:00,15.3100004196167,15.329999923706055,15.3100004196167,15.329999923706055,47230,0.0,0.0,0.0
2025-05-26 02:00:00+00:00,15.34000015258789,15.34000015258789,15.329999923706055,15.34000015258789,12110,0.0,0.0,0.0
2025-05-26 02:05:00+00:00,15.34000015258789,15.34000015258789,15.34000015258789,15.34000015258789,7118,0.0,0.0,0.0
2025-05-26 02:10:00+00:00,15.34000015258789,15.34000015258789,15.34000015258789,15.34000015258789,1000,0.0,0.0,0.0
2025-05-26 02:15:00+00:00,15.34000015258789,15.34000015258789,15.329999923706055,15.34000015258789,25052,0.0,0.0,0.0
2025-05-26 02:20:00+00:00,15.34000015258789,15.34000015258789,15.319999694824219,15.319999694824219,4000,0.0,0.0,0.0
2025-05-26 02:25:00+00:00,15.300000190734863,15.300000190734863,15.300000190734863,15.300000190734863,3030,0.0,0.0,0.0
2025-05-26 02:30:00+00:00,15.3100004196167,15.319999694824219,15.3100004196167,15.3100004196167,8178,0.0,0.0,0.0
2025-05-26 02:35:00+00:00,15.3100004196167,15.3100004196167,15.300000190734863,15.3100004196167,7085,0.0,0.0,0.0
2025-05-26 02:40:00+00:00,15.3100004196167,15.3100004196167,15.3100004196167,15.3100004196167,2100,0.0,0.0,0.0
2025-05-26 02:45:00+00:00,15.3100004196167,15.3100004196167,15.3100004196167,15.3100004196167,12588,0.0,0.0,0.0
2025-05-26 02:50:00+00:00,15.3100004196167,15.3100004196167,15.3100004196167,15.3100004196167,10117,0.0,0.0,0.0
2025-05-26 02:55:00+00:00,15.300000190734863,15.3100004196167,15.300000190734863,15.3100004196167,20300,0.0,0.0,0.0
2025-05-26 03:00:00+00:00,15.3100004196167,15.329999923706055,15.3100004196167,15.329999923706055,10500,0.0,0.0,0.0
2025-05-26 03:05:00+00:00,15.34000015258789,15.34000015258789,15.34000015258789,15.34000015258789,1398,0.0,0.0,0.0
2025-05-26 03:15:00+00:00,15.329999923706055,15.329999923706055,15.329999923706055,15.329999923706055,1029,0.0,0.0,0.0
2025-05-26 03:20:00+00:00,15.329999923706055,15.329999923706055,15.329999923706055,15.329999923706055,2030,0.0,0.0,0.0
2025-05-26 03:25:00+00:00,15.319999694824219,15.319999694824219,15.319999694824219,15.319999694824219,12207,0.0,0.0,0.0
2025-05-26 03:40:00+00:00,15.319999694824219,15.319999694824219,15.300000190734863,15.300000190734863,12341,0.0,0.0,0.0
2025-05-26 03:45:00+00:00,15.300000190734863,15.300000190734863,15.300000190734863,15.300000190734863,2529,0.0,0.0,0.0
2025-05-26 03:50:00+00:00,15.3100004196167,15.3100004196167,15.3100004196167,15.3100004196167,1000,0.0,0.0,0.0
2025-05-26 03:55:00+00:00,15.3100004196167,15.3100004196167,15.3100004196167,15.3100004196167,1054,0.0,0.0,0.0
2025-05-26 04:05:00+00:00,15.319999694824219,15.319999694824219,15.319999694824219,15.319999694824219,4018,0.0,0.0,0.0
2025-05-26 04:10:00+00:00,15.319999694824219,15.319999694824219,15.3100004196167,15.3100004196167,6105,0.0,0.0,0.0
2025-05-26 04:15:00+00:00,15.3100004196167,15.3100004196167,15.300000190734863,15.300000190734863,5010,0.0,0.0,0.0
2025-05-26 04:20:00+00:00,15.300000190734863,15.319999694824219,15.300000190734863,15.319999694824219,11198,0.0,0.0,0.0
2025-05-26 04:25:00+00:00,15.319999694824219,15.319999694824219,15.319999694824219,15.319999694824219,65000,0.0,0.0,0.0
2025-05-26 04:30:00+00:00,15.329999923706055,15.329999923706055,15.319999694824219,15.329999923706055,28945,0.0,0.0,0.0
2025-05-26 04:35:00+00:00,15.329999923706055,15.329999923706055,15.329999923706055,15.329999923706055,7029,0.0,0.0,0.0
2025-05-26 04:40:00+00:00,15.329999923706055,15.329999923706055,15.319999694824219,15.319999694824219,21362,0.0,0.0,0.0
2025-05-26 04:45:00+00:00,15.329999923706055,15.329999923706055,15.319999694824219,15.319999694824219,62063,0.0,0.0,0.0
2025-05-26 04:55:00+00:00,15.3100004196167,15.3100004196167,15.3100004196167,15.3100004196167,251425,0.0,0.0,0.0
2025-05-26 05:00:00+00:00,15.3100004196167,15.3100004196167,15.3100004196167,15.3100004196167,2000,0.0,0.0,0.0
2025-05-26 05:05:00+00:00,15.3100004196167,15.3100004196167,15.3100004196167,15.3100004196167,152000,0.0,0.0,0.0
2025-05-26 05:10:00+00:00,15.300000190734863,15.300000190734863,15.300000190734863,15.300000190734863,68076,0.0,0.0,0.0
2025-05-26 05:15:00+00:00,15.300000190734863,15.300000190734863,15.289999961853027,15.289999961853027,16102,0.0,0.0,0.0
2025-05-26 05:20:00+00:00,15.289999961853027,15.289999961853027,15.279999732971191,15.279999732971191,114071,0.0,0.0,0.0
2025-05-27 01:00:00+00:00,15.279999732971191,15.279999732971191,15.260000228881836,15.260000228881836,0,0.0,0.0,0.0
2025-05-27 01:05:00+00:00,15.260000228881836,15.260000228881836,15.260000228881836,15.260000228881836,50915,0.0,0.0,0.0
2025-05-27 01:10:00+00:00,15.25,15.25,15.25,15.25,6490,0.0,0.0,0.0
2025-05-27 01:15:00+00:00,15.220000267028809,15.220000267028809,15.199999809265137,15.199999809265137,3641,0.0,0.0,0.0
2025-05-27 01:20:00+00:00,15.210000038146973,15.210000038146973,15.210000038146973,15.210000038146973,2430,0.0,0.0,0.0
2025-05-27 01:25:00+00:00,15.229999542236328,15.229999542236328,15.229999542236328,15.229999542236328,79000,0.0,0.0,0.0
2025-05-27 01:30:00+00:00,15.25,15.25,15.25,15.25,5116,0.0,0.0,0.0
2025-05-27 01:35:00+00:00,15.229999542236328,15.229999542236328,15.229999542236328,15.229999542236328,7500,0.0,0.0,0.0
2025-05-27 01:40:00+00:00,15.229999542236328,15.229999542236328,15.229999542236328,15.229999542236328,20195,0.0,0.0,0.0
2025-05-27 01:45:00+00:00,15.229999542236328,15.229999542236328,15.229999542236328,15.229999542236328,54070,0.0,0.0,0.0
2025-05-27 01:50:00+00:00,15.220000267028809,15.220000267028809,15.199999809265137,15.199999809265137,23100,0.0,0.0,0.0
2025-05-27 01:55:00+00:00,15.1899995803833,15.1899995803833,15.15999984741211,15.15999984741211,21949,0.0,0.0,0.0
2025-05-27 02:00:00+00:00,15.15999984741211,15.15999984741211,15.15999984741211,15.15999984741211,20010,0.0,0.0,0.0
2025-05-27 02:05:00+00:00,15.149999618530273,15.149999618530273,15.149999618530273,15.149999618530273,10145,0.0,0.0,0.0
2025-05-27 02:10:00+00:00,15.149999618530273,15.149999618530273,15.140000343322754,15.140000343322754,5978,0.0,0.0,0.0
2025-05-27 02:15:00+00:00,15.149999618530273,15.15999984741211,15.149999618530273,15.15999984741211,69010,0.0,0.0,0.0
2025-05-27 02:25:00+00:00,15.15999984741211,15.180000305175781,15.15999984741211,15.180000305175781,17180,0.0,0.0,0.0
2025-05-27 02:30:00+00:00,15.199999809265137,15.220000267028809,15.199999809265137,15.220000267028809,28053,0.0,0.0,0.0
2025-05-27 02:35:00+00:00,15.220000267028809,15.220000267028809,15.220000267028809,15.220000267028809,3000,0.0,0.0,0.0
2025-05-27 02:40:00+00:00,15.229999542236328,15.229999542236328,15.210000038146973,15.220000267028809,81396,0.0,0.0,0.0
2025-05-27 03:00:00+00:00,15.199999809265137,15.199999809265137,15.199999809265137,15.199999809265137,3355,0.0,0.0,0.0
2025-05-27 03:10:00+00:00,15.1899995803833,15.1899995803833,15.1899995803833,15.1899995803833,2003,0.0,0.0,0.0
2025-05-27 03:15:00+00:00,15.180000305175781,15.180000305175781,15.180000305175781,15.180000305175781,2000,0.0,0.0,0.0
2025-05-27 03:25:00+00:00,15.180000305175781,15.180000305175781,15.180000305175781,15.180000305175781,3109,0.0,0.0,0.0
2025-05-27 03:35:00+00:00,15.170000076293945,15.180000305175781,15.170000076293945,15.180000305175781,80220,0.0,0.0,0.0
2025-05-27 03:50:00+00:00,15.170000076293945,15.170000076293945,15.15999984741211,15.15999984741211,113295,0.0,0.0,0.0
2025-05-27 03:55:00+00:00,15.149999618530273,15.149999618530273,15.140000343322754,15.140000343322754,49179,0.0,0.0,0.0
2025-05-27 04:10:00+00:00,15.140000343322754,15.140000343322754,15.140000343322754,15.140000343322754,2010,0.0,0.0,0.0
2025-05-27 04:20:00+00:00,15.140000343322754,15.140000343322754,15.140000343322754,15.140000343322754,96179,0.0,0.0,0.0
2025-05-27 04:25:00+00:00,15.140000343322754,15.140000343322754,15.140000343322754,15.140000343322754,2281,0.0,0.0,0.0
2025-05-27 04:35:00+00:00,15.149999618530273,15.149999618530273,15.149999618530273,15.149999618530273,3022,0.0,0.0,0.0
2025-05-27 04:40:00+00:00,15.15999984741211,15.15999984741211,15.15999984741211,15.15999984741211,2108,0.0,0.0,0.0
2025-05-27 04:45:00+00:00,15.15999984741211,15.15999984741211,15.15999984741211,15.15999984741211,10050,0.0,0.0,0.0
2025-05-27 04:50:00+00:00,15.149999618530273,15.149999618530273,15.149999618530273,15.149999618530273,1051,0.0,0.0,0.0
2025-05-27 04:55:00+00:00,15.149999618530273,15.15999984741211,15.149999618530273,15.15999984741211,111000,0.0,0.0,0.0
2025-05-27 05:00:00+00:00,15.149999618530273,15.149999618530273,15.149999618530273,15.149999618530273,1533,0.0,0.0,0.0
2025-05-27 05:05:00+00:00,15.149999618530273,15.149999618530273,15.149999618530273,15.149999618530273,3043,0.0,0.0,0.0
2025-05-27 05:10:00+00:00,15.149999618530273,15.149999618530273,15.149999618530273,15.149999618530273,50100,0.0,0.0,0.0
2025-05-27 05:15:00+00:00,15.15999984741211,15.15999984741211,15.149999618530273,15.149999618530273,52038,0.0,0.0,0.0
2025-05-27 05:20:00+00:00,15.140000343322754,15.140000343322754,15.140000343322754,15.140000343322754,2362,0.0,0.0,0.0
2025-05-28 01:00:00+00:00,15.199999809265137,15.210000038146973,15.199999809265137,15.210000038146973,0,0.0,0.0,0.0
2025-05-28 01:05:00+00:00,15.199999809265137,15.199999809265137,15.180000305175781,15.180000305175781,6807,0.0,0.0,0.0
2025-05-28 01:10:00+00:00,15.1899995803833,15.1899995803833,15.1899995803833,15.1899995803833,1100,0.0,0.0,0.0
2025-05-28 01:15:00+00:00,15.180000305175781,15.180000305175781,15.170000076293945,15.170000076293945,3060,0.0,0.0,0.0
2025-05-28 01:20:00+00:00,15.180000305175781,15.180000305175781,15.180000305175781,15.180000305175781,2103,0.0,0.0,0.0
2025-05-28 01:25:00+00:00,15.180000305175781,15.180000305175781,15.180000305175781,15.180000305175781,1778,0.0,0.0,0.0
2025-05-28 01:30:00+00:00,15.170000076293945,15.170000076293945,15.15999984741211,15.15999984741211,8526,0.0,0.0,0.0
2025-05-28 01:35:00+00:00,15.15999984741211,15.15999984741211,15.15999984741211,15.15999984741211,1000,0.0,0.0,0.0
2025-05-28 01:40:00+00:00,15.15999984741211,15.15999984741211,15.15999984741211,15.15999984741211,2340,0.0,0.0,0.0
2025-05-28 01:45:00+00:00,15.170000076293945,15.170000076293945,15.170000076293945,15.170000076293945,1150,0.0,0.0,0.0
2025-05-28 01:50:00+00:00,15.170000076293945,15.170000076293945,15.15999984741211,15.15999984741211,16000,0.0,0.0,0.0
2025-05-28 01:55:00+00:00,15.149999618530273,15.149999618530273,15.149999618530273,15.149999618530273,11000,0.0,0.0,0.0
2025-05-28 02:00:00+00:00,15.149999618530273,15.149999618530273,15.149999618530273,15.149999618530273,15000,0.0,0.0,0.0
2025-05-28 02:05:00+00:00,15.140000343322754,15.140000343322754,15.140000343322754,15.140000343322754,11220,0.0,0.0,0.0
2025-05-28 02:10:00+00:00,15.140000343322754,15.140000343322754,15.140000343322754,15.140000343322754,2510,0.0,0.0,0.0
2025-05-28 02:15:00+00:00,15.140000343322754,15.140000343322754,15.140000343322754,15.140000343322754,10738,0.0,0.0,0.0
2025-05-28 02:20:00+00:00,15.140000343322754,15.140000343322754,15.140000343322754,15.140000343322754,1558,0.0,0.0,0.0
2025-05-28 02:40:00+00:00,15.130000114440918,15.130000114440918,15.119999885559082,15.119999885559082,8100,0.0,0.0,0.0
2025-05-28 02:45:00+00:00,15.119999885559082,15.130000114440918,15.119999885559082,15.130000114440918,4761,0.0,0.0,0.0
2025-05-28 03:05:00+00:00,15.119999885559082,15.119999885559082,15.119999885559082,15.119999885559082,2000,0.0,0.0,0.0
2025-05-28 03:10:00+00:00,15.119999885559082,15.130000114440918,15.119999885559082,15.119999885559082,17170,0.0,0.0,0.0
2025-05-28 03:15:00+00:00,15.119999885559082,15.119999885559082,15.119999885559082,15.119999885559082,2664,0.0,0.0,0.0
2025-05-28 03:20:00+00:00,15.119999885559082,15.119999885559082,15.119999885559082,15.119999885559082,3000,0.0,0.0,0.0
2025-05-28 03:25:00+00:00,15.119999885559082,15.119999885559082,15.119999885559082,15.119999885559082,5732,0.0,0.0,0.0
2025-05-28 03:30:00+00:00,15.109999656677246,15.109999656677246,15.109999656677246,15.109999656677246,22100,0.0,0.0,0.0
2025-05-28 03:35:00+00:00,15.109999656677246,15.109999656677246,15.100000381469727,15.100000381469727,9000,0.0,0.0,0.0
2025-05-28 03:40:00+00:00,15.100000381469727,15.100000381469727,15.100000381469727,15.100000381469727,27520,0.0,0.0,0.0
2025-05-28 03:45:00+00:00,15.100000381469727,15.100000381469727,15.069999694824219,15.069999694824219,15798,0.0,0.0,0.0
2025-05-28 03:55:00+00:00,15.069999694824219,15.069999694824219,15.0600004196167,15.0600004196167,2007,0.0,0.0,0.0
2025-05-28 04:00:00+00:00,15.0600004196167,15.0600004196167,15.0600004196167,15.0600004196167,2061,0.0,0.0,0.0
2025-05-28 04:05:00+00:00,15.0600004196167,15.0600004196167,15.0600004196167,15.0600004196167,7426,0.0,0.0,0.0
2025-05-28 04:10:00+00:00,15.0600004196167,15.0600004196167,15.0600004196167,15.0600004196167,2030,0.0,0.0,0.0
2025-05-28 04:15:00+00:00,15.050000190734863,15.050000190734863,15.039999961853027,15.039999961853027,12141,0.0,0.0,0.0
2025-05-28 04:20:00+00:00,15.039999961853027,15.039999961853027,15.029999732971191,15.029999732971191,7104,0.0,0.0,0.0
2025-05-28 04:25:00+00:00,15.029999732971191,15.029999732971191,15.020000457763672,15.020000457763672,7372,0.0,0.0,0.0
2025-05-28 04:30:00+00:00,15.020000457763672,15.020000457763672,15.010000228881836,15.010000228881836,17533,0.0,0.0,0.0
2025-05-28 04:35:00+00:00,15.0,15.0,15.0,15.0,28036,0.0,0.0,0.0
2025-05-28 04:40:00+00:00,15.0,15.0,14.979999542236328,14.989999771118164,7878,0.0,0.0,0.0
2025-05-28 04:50:00+00:00,14.989999771118164,14.989999771118164,14.989999771118164,14.989999771118164,15020,0.0,0.0,0.0
2025-05-28 04:55:00+00:00,14.979999542236328,14.989999771118164,14.979999542236328,14.979999542236328,28174,0.0,0.0,0.0
2025-05-28 05:05:00+00:00,15.0,15.029999732971191,15.0,15.029999732971191,24411,0.0,0.0,0.0
2025-05-28 05:15:00+00:00,15.029999732971191,15.029999732971191,15.029999732971191,15.029999732971191,4598,0.0,0.0,0.0
2025-05-28 05:20:00+00:00,15.050000190734863,15.050000190734863,15.020000457763672,15.029999732971191,18004,0.0,0.0,0.0
2025-05-29 01:00:00+00:00,15.069999694824219,15.100000381469727,15.069999694824219,15.100000381469727,0,0.0,0.0,0.0
2025-05-29 01:05:00+00:00,15.100000381469727,15.100000381469727,15.09000015258789,15.09000015258789,5640,0.0,0.0,0.0
2025-05-29 01:10:00+00:00,15.079999923706055,15.079999923706055,15.039999961853027,15.039999961853027,6576,0.0,0.0,0.0
2025-05-29 01:15:00+00:00,15.039999961853027,15.039999961853027,15.039999961853027,15.039999961853027,4020,0.0,0.0,0.0
2025-05-29 01:20:00+00:00,15.029999732971191,15.029999732971191,15.029999732971191,15.029999732971191,206721,0.0,0.0,0.0
2025-05-29 01:25:00+00:00,15.029999732971191,15.039999961853027,15.029999732971191,15.039999961853027,13219,0.0,0.0,0.0
2025-05-29 01:30:00+00:00,15.069999694824219,15.069999694824219,15.0600004196167,15.0600004196167,11741,0.0,0.0,0.0
2025-05-29 01:35:00+00:00,15.0600004196167,15.0600004196167,15.0600004196167,15.0600004196167,5020,0.0,0.0,0.0
2025-05-29 01:40:00+00:00,15.0600004196167,15.0600004196167,15.0600004196167,15.0600004196167,2030,0.0,0.0,0.0
2025-05-29 01:45:00+00:00,15.0600004196167,15.0600004196167,15.029999732971191,15.029999732971191,9166,0.0,0.0,0.0
2025-05-29 01:50:00+00:00,15.020000457763672,15.020000457763672,15.020000457763672,15.020000457763672,6381,0.0,0.0,0.0
2025-05-29 01:55:00+00:00,15.020000457763672,15.020000457763672,15.020000457763672,15.020000457763672,2090,0.0,0.0,0.0
2025-05-29 02:00:00+00:00,15.029999732971191,15.039999961853027,15.020000457763672,15.020000457763672,16337,0.0,0.0,0.0
2025-05-29 02:05:00+00:00,15.0,15.010000228881836,15.0,15.010000228881836,113170,0.0,0.0,0.0
2025-05-29 02:15:00+00:00,15.029999732971191,15.029999732971191,15.0,15.0,46509,0.0,0.0,0.0
2025-05-29 02:25:00+00:00,15.0,15.0,15.0,15.0,3357,0.0,0.0,0.0
2025-05-29 02:30:00+00:00,15.0,15.0,15.0,15.0,3455,0.0,0.0,0.0
2025-05-29 02:35:00+00:00,15.0,15.0,15.0,15.0,1048,0.0,0.0,0.0
2025-05-29 02:40:00+00:00,15.0,15.0,15.0,15.0,5000,0.0,0.0,0.0
2025-05-29 02:45:00+00:00,15.0,15.0,14.989999771118164,14.989999771118164,22273,0.0,0.0,0.0
2025-05-29 02:50:00+00:00,14.979999542236328,14.979999542236328,14.979999542236328,14.979999542236328,18690,0.0,0.0,0.0
2025-05-29 03:15:00+00:00,15.0,15.0,15.0,15.0,49300,0.0,0.0,0.0
2025-05-29 03:20:00+00:00,15.0,15.0,14.989999771118164,14.989999771118164,10050,0.0,0.0,0.0
2025-05-29 03:25:00+00:00,14.989999771118164,14.989999771118164,14.989999771118164,14.989999771118164,1740,0.0,0.0,0.0
2025-05-29 03:35:00+00:00,14.989999771118164,14.989999771118164,14.989999771118164,14.989999771118164,10820,0.0,0.0,0.0
2025-05-29 03:40:00+00:00,15.0,15.0,15.0,15.0,1664,0.0,0.0,0.0
2025-05-29 03:45:00+00:00,15.0,15.0,14.989999771118164,14.989999771118164,8460,0.0,0.0,0.0
2025-05-29 03:50:00+00:00,14.989999771118164,14.989999771118164,14.989999771118164,14.989999771118164,1150,0.0,0.0,0.0
2025-05-29 04:00:00+00:00,14.989999771118164,14.989999771118164,14.989999771118164,14.989999771118164,1368,0.0,0.0,0.0
2025-05-29 04:15:00+00:00,14.989999771118164,14.989999771118164,14.989999771118164,14.989999771118164,2060,0.0,0.0,0.0
2025-05-29 04:20:00+00:00,15.0,15.0,15.0,15.0,6042,0.0,0.0,0.0
2025-05-29 04:25:00+00:00,14.989999771118164,14.989999771118164,14.989999771118164,14.989999771118164,5000,0.0,0.0,0.0
2025-05-29 04:30:00+00:00,14.989999771118164,14.989999771118164,14.979999542236328,14.979999542236328,12234,0.0,0.0,0.0
2025-05-29 04:35:00+00:00,14.979999542236328,14.989999771118164,14.979999542236328,14.989999771118164,4920,0.0,0.0,0.0
2025-05-29 04:45:00+00:00,14.989999771118164,14.989999771118164,14.989999771118164,14.989999771118164,12300,0.0,0.0,0.0
2025-05-29 04:50:00+00:00,14.989999771118164,14.989999771118164,14.979999542236328,14.989999771118164,10250,0.0,0.0,0.0
2025-05-29 04:55:00+00:00,14.989999771118164,14.989999771118164,14.989999771118164,14.989999771118164,1224,0.0,0.0,0.0
2025-05-29 05:05:00+00:00,14.979999542236328,14.979999542236328,14.970000267028809,14.970000267028809,49046,0.0,0.0,0.0
2025-05-29 05:10:00+00:00,14.970000267028809,14.970000267028809,14.970000267028809,14.970000267028809,10059,0.0,0.0,0.0
2025-05-29 05:20:00+00:00,14.989999771118164,15.0,14.989999771118164,15.0,11448,0.0,0.0,0.0
2025-06-02 01:00:00+00:00,14.880000114440918,14.880000114440918,14.800000190734863,14.819999694824219,0,0.0,0.0,0.0
2025-06-02 01:05:00+00:00,14.84000015258789,14.859999656677246,14.84000015258789,14.859999656677246,16488,0.0,0.0,0.0
2025-06-02 01:10:00+00:00,14.859999656677246,14.859999656677246,14.829999923706055,14.84000015258789,13059,0.0,0.0,0.0
2025-06-02 01:15:00+00:00,14.84000015258789,14.84000015258789,14.84000015258789,14.84000015258789,4401,0.0,0.0,0.0
2025-06-02 01:20:00+00:00,14.84000015258789,14.859999656677246,14.84000015258789,14.859999656677246,122383,0.0,0.0,0.0
2025-06-02 01:25:00+00:00,14.859999656677246,14.869999885559082,14.859999656677246,14.869999885559082,16318,0.0,0.0,0.0
2025-06-02 01:30:00+00:00,14.859999656677246,14.869999885559082,14.850000381469727,14.850000381469727,44100,0.0,0.0,0.0
2025-06-02 01:35:00+00:00,14.850000381469727,14.850000381469727,14.850000381469727,14.850000381469727,18367,0.0,0.0,0.0
2025-06-02 01:40:00+00:00,14.850000381469727,14.859999656677246,14.850000381469727,14.859999656677246,25130,0.0,0.0,0.0
2025-06-02 01:45:00+00:00,14.859999656677246,14.880000114440918,14.859999656677246,14.880000114440918,146764,0.0,0.0,0.0
2025-06-02 01:50:00+00:00,14.869999885559082,14.880000114440918,14.869999885559082,14.880000114440918,106000,0.0,0.0,0.0
2025-06-02 01:55:00+00:00,14.880000114440918,14.899999618530273,14.880000114440918,14.899999618530273,69460,0.0,0.0,0.0
2025-06-02 02:00:00+00:00,14.899999618530273,14.90999984741211,14.899999618530273,14.90999984741211,10046,0.0,0.0,0.0
2025-06-02 02:05:00+00:00,14.90999984741211,14.90999984741211,14.90999984741211,14.90999984741211,8394,0.0,0.0,0.0
2025-06-02 02:10:00+00:00,14.920000076293945,14.9399995803833,14.920000076293945,14.9399995803833,12050,0.0,0.0,0.0
2025-06-02 02:15:00+00:00,14.920000076293945,14.9399995803833,14.920000076293945,14.930000305175781,17000,0.0,0.0,0.0
2025-06-02 02:20:00+00:00,14.920000076293945,14.920000076293945,14.90999984741211,14.90999984741211,9000,0.0,0.0,0.0
2025-06-02 02:25:00+00:00,14.899999618530273,14.899999618530273,14.890000343322754,14.890000343322754,18850,0.0,0.0,0.0
2025-06-02 02:30:00+00:00,14.880000114440918,14.880000114440918,14.880000114440918,14.880000114440918,2006,0.0,0.0,0.0
2025-06-02 02:35:00+00:00,14.869999885559082,14.880000114440918,14.869999885559082,14.880000114440918,19244,0.0,0.0,0.0
2025-06-02 02:40:00+00:00,14.880000114440918,14.880000114440918,14.880000114440918,14.880000114440918,5007,0.0,0.0,0.0
2025-06-02 02:45:00+00:00,14.859999656677246,14.859999656677246,14.859999656677246,14.859999656677246,21013,0.0,0.0,0.0
2025-06-02 02:50:00+00:00,14.850000381469727,14.850000381469727,14.850000381469727,14.850000381469727,208100,0.0,0.0,0.0
2025-06-02 02:55:00+00:00,14.850000381469727,14.850000381469727,14.850000381469727,14.850000381469727,1000,0.0,0.0,0.0
2025-06-02 03:00:00+00:00,14.84000015258789,14.84000015258789,14.829999923706055,14.829999923706055,6000,0.0,0.0,0.0
2025-06-02 03:05:00+00:00,14.84000015258789,14.84000015258789,14.829999923706055,14.829999923706055,9723,0.0,0.0,0.0
2025-06-02 03:10:00+00:00,14.829999923706055,14.829999923706055,14.829999923706055,14.829999923706055,7243,0.0,0.0,0.0
2025-06-02 03:15:00+00:00,14.829999923706055,14.850000381469727,14.829999923706055,14.829999923706055,70360,0.0,0.0,0.0
2025-06-02 03:20:00+00:00,14.829999923706055,14.829999923706055,14.829999923706055,14.829999923706055,11000,0.0,0.0,0.0
2025-06-02 03:25:00+00:00,14.829999923706055,14.829999923706055,14.819999694824219,14.819999694824219,6000,0.0,0.0,0.0
2025-06-02 03:30:00+00:00,14.819999694824219,14.819999694824219,14.819999694824219,14.819999694824219,6106,0.0,0.0,0.0
2025-06-02 03:35:00+00:00,14.819999694824219,14.829999923706055,14.819999694824219,14.829999923706055,16203,0.0,0.0,0.0
2025-06-02 03:40:00+00:00,14.829999923706055,14.829999923706055,14.819999694824219,14.819999694824219,11110,0.0,0.0,0.0
2025-06-02 03:55:00+00:00,14.829999923706055,14.829999923706055,14.829999923706055,14.829999923706055,5020,0.0,0.0,0.0
2025-06-02 04:00:00+00:00,14.829999923706055,14.829999923706055,14.829999923706055,14.829999923706055,1000,0.0,0.0,0.0
2025-06-02 04:05:00+00:00,14.819999694824219,14.819999694824219,14.819999694824219,14.819999694824219,10000,0.0,0.0,0.0
2025-06-02 04:10:00+00:00,14.829999923706055,14.829999923706055,14.829999923706055,14.829999923706055,15194,0.0,0.0,0.0
2025-06-02 04:15:00+00:00,14.84000015258789,14.850000381469727,14.84000015258789,14.850000381469727,7111,0.0,0.0,0.0
2025-06-02 04:20:00+00:00,14.850000381469727,14.850000381469727,14.850000381469727,14.850000381469727,6604,0.0,0.0,0.0
2025-06-02 04:25:00+00:00,14.850000381469727,14.850000381469727,14.850000381469727,14.850000381469727,2168,0.0,0.0,0.0
2025-06-02 04:30:00+00:00,14.850000381469727,14.850000381469727,14.850000381469727,14.850000381469727,5327,0.0,0.0,0.0
2025-06-02 04:35:00+00:00,14.84000015258789,14.84000015258789,14.84000015258789,14.84000015258789,6030,0.0,0.0,0.0
2025-06-02 04:40:00+00:00,14.84000015258789,14.84000015258789,14.84000015258789,14.84000015258789,11000,0.0,0.0,0.0
2025-06-02 04:45:00+00:00,14.850000381469727,14.850000381469727,14.84000015258789,14.850000381469727,5000,0.0,0.0,0.0
2025-06-02 04:50:00+00:00,14.84000015258789,14.84000015258789,14.829999923706055,14.829999923706055,3000,0.0,0.0,0.0
2025-06-02 04:55:00+00:00,14.84000015258789,14.84000015258789,14.84000015258789,14.84000015258789,6000,0.0,0.0,0.0
2025-06-02 05:00:00+00:00,14.850000381469727,14.859999656677246,14.850000381469727,14.859999656677246,11192,0.0,0.0,0.0
2025-06-02 05:05:00+00:00,14.859999656677246,14.859999656677246,14.850000381469727,14.859999656677246,7010,0.0,0.0,0.0
2025-06-02 05:10:00+00:00,14.859999656677246,14.869999885559082,14.859999656677246,14.859999656677246,98126,0.0,0.0,0.0
2025-06-02 05:15:00+00:00,14.859999656677246,14.859999656677246,14.850000381469727,14.850000381469727,30718,0.0,0.0,0.0
2025-06-02 05:20:00+00:00,14.850000381469727,14.859999656677246,14.850000381469727,14.859999656677246,16036,0.0,0.0,0.0
2025-06-03 01:00:00+00:00,14.869999885559082,14.899999618530273,14.859999656677246,14.869999885559082,0,0.0,0.0,0.0
2025-06-03 01:05:00+00:00,14.869999885559082,14.890000343322754,14.869999885559082,14.890000343322754,687000,0.0,0.0,0.0
2025-06-03 01:10:00+00:00,14.890000343322754,14.930000305175781,14.880000114440918,14.930000305175781,724114,0.0,0.0,0.0
2025-06-03 01:15:00+00:00,14.930000305175781,14.930000305175781,14.920000076293945,14.920000076293945,177269,0.0,0.0,0.0
2025-06-03 01:20:00+00:00,14.920000076293945,14.9399995803833,14.920000076293945,14.920000076293945,340440,0.0,0.0,0.0
2025-06-03 01:25:00+00:00,14.930000305175781,14.9399995803833,14.920000076293945,14.9399995803833,167563,0.0,0.0,0.0
2025-06-03 01:30:00+00:00,14.949999809265137,14.960000038146973,14.9399995803833,14.960000038146973,301192,0.0,0.0,0.0
2025-06-03 01:35:00+00:00,14.960000038146973,14.979999542236328,14.960000038146973,14.970000267028809,74963,0.0,0.0,0.0
2025-06-03 01:40:00+00:00,14.970000267028809,14.979999542236328,14.970000267028809,14.970000267028809,81071,0.0,0.0,0.0
2025-06-03 01:45:00+00:00,14.979999542236328,14.979999542236328,14.970000267028809,14.970000267028809,191331,0.0,0.0,0.0
2025-06-03 01:50:00+00:00,14.970000267028809,14.970000267028809,14.970000267028809,14.970000267028809,83040,0.0,0.0,0.0
2025-06-03 01:55:00+00:00,14.960000038146973,14.960000038146973,14.9399995803833,14.9399995803833,203209,0.0,0.0,0.0
2025-06-03 02:00:00+00:00,14.949999809265137,14.949999809265137,14.90999984741211,14.90999984741211,85000,0.0,0.0,0.0
2025-06-03 02:05:00+00:00,14.90999984741211,14.90999984741211,14.880000114440918,14.880000114440918,282184,0.0,0.0,0.0
2025-06-03 02:10:00+00:00,14.880000114440918,14.880000114440918,14.859999656677246,14.869999885559082,236323,0.0,0.0,0.0
2025-06-03 02:15:00+00:00,14.859999656677246,14.859999656677246,14.850000381469727,14.859999656677246,149157,0.0,0.0,0.0
2025-06-03 02:20:00+00:00,14.859999656677246,14.869999885559082,14.859999656677246,14.869999885559082,75020,0.0,0.0,0.0
2025-06-03 02:25:00+00:00,14.869999885559082,14.880000114440918,14.869999885559082,14.869999885559082,20644,0.0,0.0,0.0
2025-06-03 02:30:00+00:00,14.880000114440918,14.880000114440918,14.869999885559082,14.880000114440918,91035,0.0,0.0,0.0
2025-06-03 02:35:00+00:00,14.890000343322754,14.890000343322754,14.859999656677246,14.859999656677246,211045,0.0,0.0,0.0
2025-06-03 02:40:00+00:00,14.859999656677246,14.859999656677246,14.859999656677246,14.859999656677246,52686,0.0,0.0,0.0
2025-06-03 02:45:00+00:00,14.869999885559082,14.869999885559082,14.859999656677246,14.869999885559082,104937,0.0,0.0,0.0
2025-06-03 02:50:00+00:00,14.880000114440918,14.880000114440918,14.869999885559082,14.869999885559082,27109,0.0,0.0,0.0
2025-06-03 02:55:00+00:00,14.869999885559082,14.869999885559082,14.869999885559082,14.869999885559082,42000,0.0,0.0,0.0
2025-06-03 03:00:00+00:00,14.880000114440918,14.880000114440918,14.880000114440918,14.880000114440918,2999,0.0,0.0,0.0
2025-06-03 03:10:00+00:00,14.859999656677246,14.869999885559082,14.859999656677246,14.869999885559082,41179,0.0,0.0,0.0
2025-06-03 03:15:00+00:00,14.880000114440918,14.880000114440918,14.869999885559082,14.880000114440918,78000,0.0,0.0,0.0
2025-06-03 03:20:00+00:00,14.869999885559082,14.880000114440918,14.869999885559082,14.880000114440918,12138,0.0,0.0,0.0
2025-06-03 03:25:00+00:00,14.880000114440918,14.880000114440918,14.880000114440918,14.880000114440918,47000,0.0,0.0,0.0
2025-06-03 03:30:00+00:00,14.880000114440918,14.880000114440918,14.869999885559082,14.869999885559082,28025,0.0,0.0,0.0
2025-06-03 03:35:00+00:00,14.880000114440918,14.890000343322754,14.880000114440918,14.880000114440918,106623,0.0,0.0,0.0
2025-06-03 03:40:00+00:00,14.890000343322754,14.899999618530273,14.890000343322754,14.899999618530273,111700,0.0,0.0,0.0
2025-06-03 03:45:00+00:00,14.899999618530273,14.899999618530273,14.899999618530273,14.899999618530273,70028,0.0,0.0,0.0
2025-06-03 03:50:00+00:00,14.899999618530273,14.899999618530273,14.899999618530273,14.899999618530273,72606,0.0,0.0,0.0
2025-06-03 03:55:00+00:00,14.890000343322754,14.890000343322754,14.890000343322754,14.890000343322754,74000,0.0,0.0,0.0
2025-06-03 04:00:00+00:00,14.890000343322754,14.890000343322754,14.869999885559082,14.869999885559082,108000,0.0,0.0,0.0
2025-06-03 04:05:00+00:00,14.869999885559082,14.890000343322754,14.869999885559082,14.890000343322754,51038,0.0,0.0,0.0
2025-06-03 04:10:00+00:00,14.880000114440918,14.880000114440918,14.869999885559082,14.880000114440918,75000,0.0,0.0,0.0
2025-06-03 04:15:00+00:00,14.880000114440918,14.880000114440918,14.880000114440918,14.880000114440918,136000,0.0,0.0,0.0
2025-06-03 04:20:00+00:00,14.880000114440918,14.899999618530273,14.880000114440918,14.890000343322754,132135,0.0,0.0,0.0
2025-06-03 04:25:00+00:00,14.890000343322754,14.90999984741211,14.890000343322754,14.899999618530273,98757,0.0,0.0,0.0
2025-06-03 04:30:00+00:00,14.899999618530273,14.899999618530273,14.899999618530273,14.899999618530273,159500,0.0,0.0,0.0
2025-06-03 04:35:00+00:00,14.90999984741211,14.920000076293945,14.90999984741211,14.920000076293945,81029,0.0,0.0,0.0
2025-06-03 04:40:00+00:00,14.90999984741211,14.90999984741211,14.90999984741211,14.90999984741211,201251,0.0,0.0,0.0
2025-06-03 04:45:00+00:00,14.920000076293945,14.920000076293945,14.920000076293945,14.920000076293945,27100,0.0,0.0,0.0
2025-06-03 04:50:00+00:00,14.90999984741211,14.90999984741211,14.90999984741211,14.90999984741211,31200,0.0,0.0,0.0
2025-06-03 04:55:00+00:00,14.920000076293945,14.930000305175781,14.920000076293945,14.930000305175781,163440,0.0,0.0,0.0
2025-06-03 05:00:00+00:00,14.930000305175781,14.9399995803833,14.930000305175781,14.930000305175781,87000,0.0,0.0,0.0
2025-06-03 05:05:00+00:00,14.9399995803833,14.9399995803833,14.930000305175781,14.930000305175781,76179,0.0,0.0,0.0
2025-06-03 05:10:00+00:00,14.930000305175781,14.930000305175781,14.920000076293945,14.920000076293945,80002,0.0,0.0,0.0
2025-06-03 05:15:00+00:00,14.920000076293945,14.930000305175781,14.920000076293945,14.930000305175781,64389,0.0,0.0,0.0
2025-06-03 05:20:00+00:00,14.930000305175781,14.930000305175781,14.920000076293945,14.930000305175781,33925,0.0,0.0,0.0
2025-06-04 01:00:00+00:00,15.0,15.0,14.989999771118164,15.0,0,0.0,0.0,0.0
2025-06-04 01:05:00+00:00,15.0,15.020000457763672,15.0,15.010000228881836,207311,0.0,0.0,0.0
2025-06-04 01:10:00+00:00,15.010000228881836,15.010000228881836,15.0,15.010000228881836,255211,0.0,0.0,0.0
2025-06-04 01:15:00+00:00,15.010000228881836,15.020000457763672,15.010000228881836,15.020000457763672,328770,0.0,0.0,0.0
2025-06-04 01:20:00+00:00,15.020000457763672,15.029999732971191,15.020000457763672,15.029999732971191,308150,0.0,0.0,0.0
2025-06-04 01:25:00+00:00,15.029999732971191,15.029999732971191,15.020000457763672,15.029999732971191,138617,0.0,0.0,0.0
2025-06-04 01:30:00+00:00,15.020000457763672,15.020000457763672,15.010000228881836,15.020000457763672,23700,0.0,0.0,0.0
2025-06-04 01:35:00+00:00,15.029999732971191,15.029999732971191,15.029999732971191,15.029999732971191,233440,0.0,0.0,0.0
2025-06-04 01:40:00+00:00,15.010000228881836,15.010000228881836,15.0,15.0,23196,0.0,0.0,0.0
2025-06-04 01:45:00+00:00,15.0,15.010000228881836,15.0,15.010000228881836,44000,0.0,0.0,0.0
2025-06-04 01:50:00+00:00,15.010000228881836,15.010000228881836,15.0,15.010000228881836,66822,0.0,0.0,0.0
2025-06-04 01:55:00+00:00,15.0,15.0,14.989999771118164,14.989999771118164,18000,0.0,0.0,0.0
2025-06-04 02:00:00+00:00,15.0,15.010000228881836,14.989999771118164,15.010000228881836,113693,0.0,0.0,0.0
2025-06-04 02:05:00+00:00,15.010000228881836,15.029999732971191,15.010000228881836,15.029999732971191,348565,0.0,0.0,0.0
2025-06-04 02:10:00+00:00,15.029999732971191,15.039999961853027,15.029999732971191,15.039999961853027,295103,0.0,0.0,0.0
2025-06-04 02:15:00+00:00,15.029999732971191,15.039999961853027,15.029999732971191,15.039999961853027,269654,0.0,0.0,0.0
2025-06-04 02:20:00+00:00,15.039999961853027,15.0600004196167,15.039999961853027,15.0600004196167,270593,0.0,0.0,0.0
2025-06-04 02:25:00+00:00,15.0600004196167,15.069999694824219,15.0600004196167,15.069999694824219,88167,0.0,0.0,0.0
2025-06-04 02:30:00+00:00,15.069999694824219,15.079999923706055,15.069999694824219,15.069999694824219,205195,0.0,0.0,0.0
2025-06-04 02:35:00+00:00,15.069999694824219,15.079999923706055,15.069999694824219,15.079999923706055,98337,0.0,0.0,0.0
2025-06-04 02:40:00+00:00,15.069999694824219,15.069999694824219,15.069999694824219,15.069999694824219,9020,0.0,0.0,0.0
2025-06-04 02:45:00+00:00,15.069999694824219,15.079999923706055,15.069999694824219,15.069999694824219,242160,0.0,0.0,0.0
2025-06-04 02:50:00+00:00,15.069999694824219,15.079999923706055,15.069999694824219,15.079999923706055,209255,0.0,0.0,0.0
2025-06-04 02:55:00+00:00,15.079999923706055,15.079999923706055,15.079999923706055,15.079999923706055,99860,0.0,0.0,0.0
2025-06-04 03:00:00+00:00,15.079999923706055,15.09000015258789,15.079999923706055,15.09000015258789,253839,0.0,0.0,0.0
2025-06-04 03:05:00+00:00,15.09000015258789,15.09000015258789,15.09000015258789,15.09000015258789,4600,0.0,0.0,0.0
2025-06-04 03:10:00+00:00,15.09000015258789,15.100000381469727,15.09000015258789,15.100000381469727,167091,0.0,0.0,0.0
2025-06-04 03:15:00+00:00,15.09000015258789,15.09000015258789,15.09000015258789,15.09000015258789,11000,0.0,0.0,0.0
2025-06-04 03:20:00+00:00,15.100000381469727,15.109999656677246,15.100000381469727,15.109999656677246,157834,0.0,0.0,0.0
2025-06-04 03:25:00+00:00,15.100000381469727,15.109999656677246,15.100000381469727,15.100000381469727,21000,0.0,0.0,0.0
2025-06-04 03:30:00+00:00,15.109999656677246,15.109999656677246,15.109999656677246,15.109999656677246,31186,0.0,0.0,0.0
2025-06-04 03:35:00+00:00,15.109999656677246,15.109999656677246,15.109999656677246,15.109999656677246,19160,0.0,0.0,0.0
2025-06-04 03:40:00+00:00,15.100000381469727,15.100000381469727,15.100000381469727,15.100000381469727,14000,0.0,0.0,0.0
2025-06-04 03:45:00+00:00,15.100000381469727,15.109999656677246,15.09000015258789,15.09000015258789,208577,0.0,0.0,0.0
2025-06-04 03:50:00+00:00,15.09000015258789,15.09000015258789,15.09000015258789,15.09000015258789,50000,0.0,0.0,0.0
2025-06-04 03:55:00+00:00,15.09000015258789,15.09000015258789,15.09000015258789,15.09000015258789,25000,0.0,0.0,0.0
2025-06-04 04:00:00+00:00,15.09000015258789,15.09000015258789,15.079999923706055,15.079999923706055,59000,0.0,0.0,0.0
2025-06-04 04:05:00+00:00,15.09000015258789,15.09000015258789,15.09000015258789,15.09000015258789,2020,0.0,0.0,0.0
2025-06-04 04:10:00+00:00,15.079999923706055,15.09000015258789,15.079999923706055,15.09000015258789,18000,0.0,0.0,0.0
2025-06-04 04:15:00+00:00,15.09000015258789,15.100000381469727,15.09000015258789,15.09000015258789,56223,0.0,0.0,0.0
2025-06-04 04:20:00+00:00,15.09000015258789,15.09000015258789,15.09000015258789,15.09000015258789,29000,0.0,0.0,0.0
2025-06-04 04:25:00+00:00,15.09000015258789,15.09000015258789,15.09000015258789,15.09000015258789,23200,0.0,0.0,0.0
2025-06-04 04:30:00+00:00,15.09000015258789,15.09000015258789,15.079999923706055,15.079999923706055,18392,0.0,0.0,0.0
2025-06-04 04:35:00+00:00,15.079999923706055,15.079999923706055,15.079999923706055,15.079999923706055,18000,0.0,0.0,0.0
2025-06-04 04:40:00+00:00,15.079999923706055,15.079999923706055,15.079999923706055,15.079999923706055,16000,0.0,0.0,0.0
2025-06-04 04:45:00+00:00,15.079999923706055,15.079999923706055,15.0600004196167,15.0600004196167,19412,0.0,0.0,0.0
2025-06-04 04:50:00+00:00,15.0600004196167,15.0600004196167,15.0600004196167,15.0600004196167,39340,0.0,0.0,0.0
2025-06-04 04:55:00+00:00,15.069999694824219,15.069999694824219,15.069999694824219,15.069999694824219,68112,0.0,0.0,0.0
2025-06-04 05:00:00+00:00,15.069999694824219,15.079999923706055,15.069999694824219,15.079999923706055,276123,0.0,0.0,0.0
2025-06-04 05:05:00+00:00,15.079999923706055,15.09000015258789,15.079999923706055,15.09000015258789,90000,0.0,0.0,0.0
2025-06-04 05:10:00+00:00,15.079999923706055,15.079999923706055,15.069999694824219,15.069999694824219,68000,0.0,0.0,0.0
2025-06-04 05:15:00+00:00,15.069999694824219,15.069999694824219,15.050000190734863,15.0600004196167,146012,0.0,0.0,0.0
2025-06-04 05:20:00+00:00,15.050000190734863,15.0600004196167,15.039999961853027,15.050000190734863,327401,0.0,0.0,0.0
2025-06-05 01:00:00+00:00,15.029999732971191,15.029999732971191,15.020000457763672,15.029999732971191,0,0.0,0.0,0.0
2025-06-05 01:05:00+00:00,15.039999961853027,15.0600004196167,15.039999961853027,15.0600004196167,101366,0.0,0.0,0.0
2025-06-05 01:10:00+00:00,15.069999694824219,15.069999694824219,15.0600004196167,15.069999694824219,107015,0.0,0.0,0.0
2025-06-05 01:15:00+00:00,15.079999923706055,15.09000015258789,15.079999923706055,15.079999923706055,32493,0.0,0.0,0.0
2025-06-05 01:20:00+00:00,15.079999923706055,15.09000015258789,15.069999694824219,15.069999694824219,97510,0.0,0.0,0.0
2025-06-05 01:25:00+00:00,15.069999694824219,15.069999694824219,15.069999694824219,15.069999694824219,50000,0.0,0.0,0.0
2025-06-05 01:30:00+00:00,15.069999694824219,15.079999923706055,15.0600004196167,15.079999923706055,102674,0.0,0.0,0.0
2025-06-05 01:35:00+00:00,15.079999923706055,15.079999923706055,15.069999694824219,15.069999694824219,10222,0.0,0.0,0.0
2025-06-05 01:40:00+00:00,15.069999694824219,15.069999694824219,15.0600004196167,15.069999694824219,175880,0.0,0.0,0.0
2025-06-05 01:45:00+00:00,15.069999694824219,15.079999923706055,15.069999694824219,15.079999923706055,69102,0.0,0.0,0.0
2025-06-05 01:55:00+00:00,15.069999694824219,15.069999694824219,15.069999694824219,15.069999694824219,29000,0.0,0.0,0.0
2025-06-05 02:00:00+00:00,15.069999694824219,15.079999923706055,15.050000190734863,15.050000190734863,213000,0.0,0.0,0.0
2025-06-05 02:05:00+00:00,15.039999961853027,15.039999961853027,14.979999542236328,14.989999771118164,311623,0.0,0.0,0.0
2025-06-05 02:10:00+00:00,14.989999771118164,15.0,14.989999771118164,15.0,44014,0.0,0.0,0.0
2025-06-05 02:15:00+00:00,15.0,15.0,15.0,15.0,4050,0.0,0.0,0.0
2025-06-05 02:25:00+00:00,14.979999542236328,14.989999771118164,14.979999542236328,14.979999542236328,7244,0.0,0.0,0.0
2025-06-05 02:30:00+00:00,14.979999542236328,14.979999542236328,14.960000038146973,14.960000038146973,37166,0.0,0.0,0.0
2025-06-05 02:35:00+00:00,14.960000038146973,14.960000038146973,14.949999809265137,14.960000038146973,12070,0.0,0.0,0.0
2025-06-05 02:40:00+00:00,14.960000038146973,14.960000038146973,14.949999809265137,14.949999809265137,24184,0.0,0.0,0.0
2025-06-05 02:45:00+00:00,14.949999809265137,14.949999809265137,14.9399995803833,14.949999809265137,13406,0.0,0.0,0.0
2025-06-05 02:50:00+00:00,14.949999809265137,14.949999809265137,14.9399995803833,14.949999809265137,12060,0.0,0.0,0.0
2025-06-05 02:55:00+00:00,14.949999809265137,14.949999809265137,14.949999809265137,14.949999809265137,1000,0.0,0.0,0.0
2025-06-05 03:00:00+00:00,14.949999809265137,14.949999809265137,14.9399995803833,14.9399995803833,6000,0.0,0.0,0.0
2025-06-05 03:05:00+00:00,14.9399995803833,14.9399995803833,14.930000305175781,14.930000305175781,3120,0.0,0.0,0.0
2025-06-05 03:10:00+00:00,14.930000305175781,14.930000305175781,14.930000305175781,14.930000305175781,4000,0.0,0.0,0.0
2025-06-05 03:15:00+00:00,14.930000305175781,14.9399995803833,14.930000305175781,14.930000305175781,6230,0.0,0.0,0.0
2025-06-05 03:20:00+00:00,14.930000305175781,14.930000305175781,14.930000305175781,14.930000305175781,23316,0.0,0.0,0.0
2025-06-05 03:25:00+00:00,14.930000305175781,14.930000305175781,14.930000305175781,14.930000305175781,6076,0.0,0.0,0.0
2025-06-05 03:30:00+00:00,14.930000305175781,14.930000305175781,14.920000076293945,14.920000076293945,74469,0.0,0.0,0.0
2025-06-05 03:35:00+00:00,14.930000305175781,14.930000305175781,14.920000076293945,14.920000076293945,7819,0.0,0.0,0.0
2025-06-05 03:40:00+00:00,14.920000076293945,14.920000076293945,14.920000076293945,14.920000076293945,2000,0.0,0.0,0.0
2025-06-05 03:45:00+00:00,14.930000305175781,14.930000305175781,14.920000076293945,14.920000076293945,103967,0.0,0.0,0.0
2025-06-05 03:50:00+00:00,14.90999984741211,14.90999984741211,14.90999984741211,14.90999984741211,10000,0.0,0.0,0.0
2025-06-05 03:55:00+00:00,14.90999984741211,14.90999984741211,14.90999984741211,14.90999984741211,12004,0.0,0.0,0.0
2025-06-05 04:00:00+00:00,14.90999984741211,14.90999984741211,14.90999984741211,14.90999984741211,76544,0.0,0.0,0.0
2025-06-05 04:05:00+00:00,14.90999984741211,14.90999984741211,14.90999984741211,14.90999984741211,3300,0.0,0.0,0.0
2025-06-05 04:10:00+00:00,14.90999984741211,14.90999984741211,14.90999984741211,14.90999984741211,28400,0.0,0.0,0.0
2025-06-05 04:15:00+00:00,14.90999984741211,14.90999984741211,14.90999984741211,14.90999984741211,52388,0.0,0.0,0.0
2025-06-05 04:20:00+00:00,14.90999984741211,14.920000076293945,14.90999984741211,14.90999984741211,156061,0.0,0.0,0.0
2025-06-05 04:25:00+00:00,14.920000076293945,14.920000076293945,14.90999984741211,14.90999984741211,5670,0.0,0.0,0.0
2025-06-05 04:30:00+00:00,14.90999984741211,14.90999984741211,14.90999984741211,14.90999984741211,10199,0.0,0.0,0.0
2025-06-05 04:35:00+00:00,14.930000305175781,14.930000305175781,14.90999984741211,14.90999984741211,15300,0.0,0.0,0.0
2025-06-05 04:45:00+00:00,14.90999984741211,14.920000076293945,14.90999984741211,14.90999984741211,36455,0.0,0.0,0.0
2025-06-05 04:50:00+00:00,14.90999984741211,14.90999984741211,14.899999618530273,14.899999618530273,30500,0.0,0.0,0.0
2025-06-05 04:55:00+00:00,14.90999984741211,14.920000076293945,14.90999984741211,14.920000076293945,32684,0.0,0.0,0.0
2025-06-05 05:05:00+00:00,14.90999984741211,14.90999984741211,14.90999984741211,14.90999984741211,2564,0.0,0.0,0.0
2025-06-05 05:10:00+00:00,14.899999618530273,14.899999618530273,14.899999618530273,14.899999618530273,15000,0.0,0.0,0.0
2025-06-05 05:15:00+00:00,14.899999618530273,14.899999618530273,14.899999618530273,14.899999618530273,10332,0.0,0.0,0.0
2025-06-05 05:20:00+00:00,14.899999618530273,14.899999618530273,14.890000343322754,14.890000343322754,131834,0.0,0.0,0.0
2025-06-06 01:00:00+00:00,14.899999618530273,14.90999984741211,14.899999618530273,14.90999984741211,0,0.0,0.0,0.0
2025-06-06 01:05:00+00:00,14.920000076293945,14.949999809265137,14.920000076293945,14.949999809265137,114588,0.0,0.0,0.0
2025-06-06 01:10:00+00:00,14.960000038146973,14.970000267028809,14.960000038146973,14.970000267028809,192300,0.0,0.0,0.0
2025-06-06 01:15:00+00:00,14.970000267028809,14.970000267028809,14.930000305175781,14.930000305175781,41634,0.0,0.0,0.0
2025-06-06 01:20:00+00:00,14.920000076293945,14.930000305175781,14.920000076293945,14.930000305175781,78000,0.0,0.0,0.0
2025-06-06 01:25:00+00:00,14.949999809265137,14.979999542236328,14.949999809265137,14.979999542236328,52519,0.0,0.0,0.0
2025-06-06 01:30:00+00:00,14.989999771118164,14.989999771118164,14.979999542236328,14.979999542236328,17108,0.0,0.0,0.0
2025-06-06 01:35:00+00:00,14.979999542236328,14.979999542236328,14.979999542236328,14.979999542236328,18573,0.0,0.0,0.0
2025-06-06 01:40:00+00:00,14.949999809265137,14.949999809265137,14.949999809265137,14.949999809265137,10000,0.0,0.0,0.0
2025-06-06 01:45:00+00:00,14.970000267028809,14.970000267028809,14.970000267028809,14.970000267028809,3102,0.0,0.0,0.0
2025-06-06 01:55:00+00:00,14.960000038146973,14.960000038146973,14.949999809265137,14.949999809265137,11138,0.0,0.0,0.0
2025-06-06 02:00:00+00:00,14.9399995803833,14.949999809265137,14.9399995803833,14.949999809265137,39100,0.0,0.0,0.0
2025-06-06 02:05:00+00:00,14.949999809265137,14.970000267028809,14.949999809265137,14.970000267028809,99579,0.0,0.0,0.0
2025-06-06 02:10:00+00:00,14.970000267028809,14.979999542236328,14.970000267028809,14.970000267028809,17000,0.0,0.0,0.0
2025-06-06 02:15:00+00:00,14.979999542236328,14.979999542236328,14.979999542236328,14.979999542236328,33748,0.0,0.0,0.0
2025-06-06 02:20:00+00:00,14.989999771118164,14.989999771118164,14.989999771118164,14.989999771118164,37100,0.0,0.0,0.0
2025-06-06 02:25:00+00:00,14.989999771118164,14.989999771118164,14.989999771118164,14.989999771118164,20021,0.0,0.0,0.0
2025-06-06 02:30:00+00:00,14.989999771118164,14.989999771118164,14.989999771118164,14.989999771118164,29100,0.0,0.0,0.0
2025-06-06 02:35:00+00:00,14.989999771118164,14.989999771118164,14.989999771118164,14.989999771118164,6068,0.0,0.0,0.0
2025-06-06 02:40:00+00:00,14.989999771118164,14.989999771118164,14.989999771118164,14.989999771118164,34000,0.0,0.0,0.0
2025-06-06 02:45:00+00:00,15.0,15.0,15.0,15.0,3258,0.0,0.0,0.0
2025-06-06 02:50:00+00:00,15.0,15.0,15.0,15.0,101000,0.0,0.0,0.0
2025-06-06 02:55:00+00:00,14.989999771118164,15.0,14.989999771118164,14.989999771118164,181028,0.0,0.0,0.0
2025-06-06 03:00:00+00:00,14.989999771118164,15.010000228881836,14.989999771118164,15.010000228881836,5727,0.0,0.0,0.0
2025-06-06 03:15:00+00:00,14.989999771118164,14.989999771118164,14.989999771118164,14.989999771118164,3430,0.0,0.0,0.0
2025-06-06 03:20:00+00:00,14.989999771118164,14.989999771118164,14.989999771118164,14.989999771118164,9000,0.0,0.0,0.0
2025-06-06 03:25:00+00:00,14.989999771118164,14.989999771118164,14.989999771118164,14.989999771118164,5038,0.0,0.0,0.0
2025-06-06 03:30:00+00:00,15.0,15.0,14.979999542236328,14.979999542236328,59218,0.0,0.0,0.0
2025-06-06 03:35:00+00:00,14.979999542236328,14.979999542236328,14.979999542236328,14.979999542236328,30000,0.0,0.0,0.0
2025-06-06 03:40:00+00:00,14.989999771118164,14.989999771118164,14.989999771118164,14.989999771118164,5032,0.0,0.0,0.0
2025-06-06 03:45:00+00:00,14.989999771118164,14.989999771118164,14.989999771118164,14.989999771118164,10640,0.0,0.0,0.0
2025-06-06 03:50:00+00:00,14.979999542236328,14.979999542236328,14.970000267028809,14.970000267028809,22018,0.0,0.0,0.0
2025-06-06 03:55:00+00:00,14.979999542236328,14.979999542236328,14.979999542236328,14.979999542236328,5100,0.0,0.0,0.0
2025-06-06 04:00:00+00:00,14.979999542236328,14.979999542236328,14.979999542236328,14.979999542236328,13018,0.0,0.0,0.0
2025-06-06 04:05:00+00:00,14.970000267028809,14.970000267028809,14.970000267028809,14.970000267028809,8078,0.0,0.0,0.0
2025-06-06 04:10:00+00:00,14.970000267028809,14.979999542236328,14.970000267028809,14.979999542236328,2000,0.0,0.0,0.0
2025-06-06 04:15:00+00:00,14.970000267028809,14.970000267028809,14.960000038146973,14.960000038146973,21229,0.0,0.0,0.0
2025-06-06 04:20:00+00:00,14.960000038146973,14.960000038146973,14.949999809265137,14.949999809265137,31040,0.0,0.0,0.0
2025-06-06 04:25:00+00:00,14.949999809265137,14.949999809265137,14.949999809265137,14.949999809265137,1000,0.0,0.0,0.0
2025-06-06 04:30:00+00:00,14.970000267028809,14.970000267028809,14.949999809265137,14.949999809265137,17410,0.0,0.0,0.0
2025-06-06 04:35:00+00:00,14.949999809265137,14.949999809265137,14.949999809265137,14.949999809265137,10260,0.0,0.0,0.0
2025-06-06 04:45:00+00:00,14.949999809265137,14.949999809265137,14.949999809265137,14.949999809265137,11118,0.0,0.0,0.0
2025-06-06 04:50:00+00:00,14.949999809265137,14.949999809265137,14.949999809265137,14.949999809265137,24423,0.0,0.0,0.0
2025-06-06 04:55:00+00:00,14.949999809265137,14.949999809265137,14.949999809265137,14.949999809265137,18019,0.0,0.0,0.0
2025-06-06 05:00:00+00:00,14.949999809265137,14.960000038146973,14.949999809265137,14.960000038146973,85700,0.0,0.0,0.0
2025-06-06 05:10:00+00:00,14.960000038146973,14.970000267028809,14.960000038146973,14.970000267028809,52197,0.0,0.0,0.0
2025-06-06 05:20:00+00:00,14.960000038146973,14.960000038146973,14.960000038146973,14.960000038146973,93366,0.0,0.0,0.0
2025-06-09 01:00:00+00:00,14.989999771118164,15.029999732971191,14.989999771118164,15.010000228881836,0,0.0,0.0,0.0
2025-06-09 01:05:00+00:00,15.020000457763672,15.020000457763672,15.010000228881836,15.020000457763672,83000,0.0,0.0,0.0
2025-06-09 01:10:00+00:00,15.029999732971191,15.029999732971191,15.029999732971191,15.029999732971191,4321,0.0,0.0,0.0
2025-06-09 01:15:00+00:00,15.029999732971191,15.050000190734863,15.020000457763672,15.050000190734863,343032,0.0,0.0,0.0
2025-06-09 01:20:00+00:00,15.050000190734863,15.050000190734863,15.039999961853027,15.050000190734863,29911,0.0,0.0,0.0
2025-06-09 01:25:00+00:00,15.039999961853027,15.039999961853027,15.020000457763672,15.020000457763672,142077,0.0,0.0,0.0
2025-06-09 01:30:00+00:00,15.020000457763672,15.020000457763672,15.010000228881836,15.010000228881836,29598,0.0,0.0,0.0
2025-06-09 01:35:00+00:00,15.0,15.0,15.0,15.0,41116,0.0,0.0,0.0
2025-06-09 01:40:00+00:00,15.0,15.0,15.0,15.0,12091,0.0,0.0,0.0
2025-06-09 01:45:00+00:00,15.0,15.010000228881836,15.0,15.010000228881836,20573,0.0,0.0,0.0
2025-06-09 01:50:00+00:00,15.020000457763672,15.020000457763672,15.020000457763672,15.020000457763672,28251,0.0,0.0,0.0
2025-06-09 01:55:00+00:00,15.020000457763672,15.020000457763672,15.0,15.0,5200,0.0,0.0,0.0
2025-06-09 02:00:00+00:00,15.020000457763672,15.020000457763672,15.010000228881836,15.010000228881836,11150,0.0,0.0,0.0
2025-06-09 02:05:00+00:00,15.010000228881836,15.020000457763672,15.010000228881836,15.020000457763672,56253,0.0,0.0,0.0
2025-06-09 02:10:00+00:00,15.020000457763672,15.020000457763672,15.010000228881836,15.010000228881836,27010,0.0,0.0,0.0
2025-06-09 02:15:00+00:00,15.020000457763672,15.020000457763672,15.010000228881836,15.010000228881836,95229,0.0,0.0,0.0
2025-06-09 02:20:00+00:00,15.0,15.010000228881836,15.0,15.0,17000,0.0,0.0,0.0
2025-06-09 02:25:00+00:00,15.0,15.010000228881836,15.0,15.0,88110,0.0,0.0,0.0
2025-06-09 02:30:00+00:00,15.0,15.0,14.970000267028809,14.970000267028809,25950,0.0,0.0,0.0
2025-06-09 02:35:00+00:00,14.989999771118164,14.989999771118164,14.979999542236328,14.979999542236328,7612,0.0,0.0,0.0
2025-06-09 02:40:00+00:00,14.989999771118164,14.989999771118164,14.989999771118164,14.989999771118164,13000,0.0,0.0,0.0
2025-06-09 02:45:00+00:00,15.0,15.0,15.0,15.0,2100,0.0,0.0,0.0
2025-06-09 02:50:00+00:00,14.979999542236328,14.979999542236328,14.979999542236328,14.979999542236328,1100,0.0,0.0,0.0
2025-06-09 02:55:00+00:00,14.979999542236328,14.979999542236328,14.979999542236328,14.979999542236328,76129,0.0,0.0,0.0
2025-06-09 03:00:00+00:00,14.989999771118164,15.0,14.979999542236328,14.979999542236328,5109,0.0,0.0,0.0
2025-06-09 03:05:00+00:00,14.989999771118164,15.0,14.970000267028809,14.970000267028809,3454,0.0,0.0,0.0
2025-06-09 03:10:00+00:00,14.970000267028809,14.970000267028809,14.970000267028809,14.970000267028809,3000,0.0,0.0,0.0
2025-06-09 03:15:00+00:00,15.0,15.0,14.989999771118164,15.0,58146,0.0,0.0,0.0
2025-06-09 03:20:00+00:00,14.989999771118164,14.989999771118164,14.989999771118164,14.989999771118164,60100,0.0,0.0,0.0
2025-06-09 03:25:00+00:00,14.979999542236328,14.979999542236328,14.979999542236328,14.979999542236328,2000,0.0,0.0,0.0
2025-06-09 03:30:00+00:00,14.979999542236328,14.979999542236328,14.979999542236328,14.979999542236328,1000,0.0,0.0,0.0
2025-06-09 03:35:00+00:00,14.979999542236328,14.979999542236328,14.979999542236328,14.979999542236328,2286,0.0,0.0,0.0
2025-06-09 03:40:00+00:00,14.970000267028809,14.970000267028809,14.970000267028809,14.970000267028809,7120,0.0,0.0,0.0
2025-06-09 03:45:00+00:00,14.970000267028809,14.970000267028809,14.970000267028809,14.970000267028809,1180,0.0,0.0,0.0
2025-06-09 03:50:00+00:00,14.960000038146973,14.970000267028809,14.960000038146973,14.970000267028809,27320,0.0,0.0,0.0
2025-06-09 03:55:00+00:00,14.970000267028809,14.970000267028809,14.970000267028809,14.970000267028809,31003,0.0,0.0,0.0
2025-06-09 04:00:00+00:00,14.970000267028809,14.979999542236328,14.970000267028809,14.979999542236328,45000,0.0,0.0,0.0
2025-06-09 04:05:00+00:00,14.979999542236328,14.979999542236328,14.979999542236328,14.979999542236328,5000,0.0,0.0,0.0
2025-06-09 04:10:00+00:00,14.979999542236328,14.979999542236328,14.979999542236328,14.979999542236328,10349,0.0,0.0,0.0
2025-06-09 04:15:00+00:00,14.970000267028809,14.970000267028809,14.970000267028809,14.970000267028809,35000,0.0,0.0,0.0
2025-06-09 04:20:00+00:00,14.970000267028809,14.970000267028809,14.970000267028809,14.970000267028809,56420,0.0,0.0,0.0
2025-06-09 04:25:00+00:00,14.979999542236328,14.979999542236328,14.979999542236328,14.979999542236328,1734,0.0,0.0,0.0
2025-06-09 04:35:00+00:00,14.970000267028809,14.979999542236328,14.970000267028809,14.979999542236328,34100,0.0,0.0,0.0
2025-06-09 04:40:00+00:00,14.970000267028809,14.970000267028809,14.970000267028809,14.970000267028809,27165,0.0,0.0,0.0
2025-06-09 04:45:00+00:00,14.979999542236328,14.979999542236328,14.979999542236328,14.979999542236328,12100,0.0,0.0,0.0
2025-06-09 04:50:00+00:00,14.970000267028809,14.979999542236328,14.970000267028809,14.970000267028809,8000,0.0,0.0,0.0
2025-06-09 04:55:00+00:00,14.989999771118164,14.989999771118164,14.979999542236328,14.979999542236328,18200,0.0,0.0,0.0
2025-06-09 05:00:00+00:00,14.970000267028809,14.970000267028809,14.970000267028809,14.970000267028809,34247,0.0,0.0,0.0
2025-06-09 05:10:00+00:00,14.970000267028809,14.970000267028809,14.970000267028809,14.970000267028809,11578,0.0,0.0,0.0
2025-06-09 05:15:00+00:00,14.970000267028809,14.979999542236328,14.970000267028809,14.970000267028809,9638,0.0,0.0,0.0
2025-06-09 05:20:00+00:00,14.979999542236328,14.979999542236328,14.979999542236328,14.979999542236328,33162,0.0,0.0,0.0
2025-06-10 01:00:00+00:00,14.979999542236328,15.0,14.979999542236328,14.989999771118164,0,0.0,0.0,0.0
2025-06-10 01:05:00+00:00,15.0,15.020000457763672,15.0,15.020000457763672,137455,0.0,0.0,0.0
2025-06-10 01:10:00+00:00,15.020000457763672,15.020000457763672,15.0,15.0,5413,0.0,0.0,0.0
2025-06-10 01:15:00+00:00,15.0,15.0,15.0,15.0,56000,0.0,0.0,0.0
2025-06-10 01:20:00+00:00,15.0,15.020000457763672,15.0,15.020000457763672,111026,0.0,0.0,0.0
2025-06-10 01:25:00+00:00,15.020000457763672,15.039999961853027,15.020000457763672,15.029999732971191,173720,0.0,0.0,0.0
2025-06-10 01:30:00+00:00,15.039999961853027,15.039999961853027,15.029999732971191,15.029999732971191,11483,0.0,0.0,0.0
2025-06-10 01:35:00+00:00,15.039999961853027,15.050000190734863,15.029999732971191,15.050000190734863,41110,0.0,0.0,0.0
2025-06-10 01:40:00+00:00,15.050000190734863,15.069999694824219,15.050000190734863,15.069999694824219,336356,0.0,0.0,0.0
2025-06-10 01:45:00+00:00,15.069999694824219,15.09000015258789,15.069999694824219,15.079999923706055,155766,0.0,0.0,0.0
2025-06-10 01:50:00+00:00,15.09000015258789,15.09000015258789,15.09000015258789,15.09000015258789,27700,0.0,0.0,0.0
2025-06-10 01:55:00+00:00,15.09000015258789,15.09000015258789,15.079999923706055,15.079999923706055,106100,0.0,0.0,0.0
2025-06-10 02:00:00+00:00,15.09000015258789,15.09000015258789,15.079999923706055,15.079999923706055,5200,0.0,0.0,0.0
2025-06-10 02:05:00+00:00,15.079999923706055,15.079999923706055,15.069999694824219,15.069999694824219,89311,0.0,0.0,0.0
2025-06-10 02:10:00+00:00,15.079999923706055,15.09000015258789,15.079999923706055,15.09000015258789,111209,0.0,0.0,0.0
2025-06-10 02:15:00+00:00,15.079999923706055,15.100000381469727,15.079999923706055,15.100000381469727,148671,0.0,0.0,0.0
2025-06-10 02:20:00+00:00,15.100000381469727,15.100000381469727,15.100000381469727,15.100000381469727,26148,0.0,0.0,0.0
2025-06-10 02:25:00+00:00,15.100000381469727,15.109999656677246,15.09000015258789,15.09000015258789,164150,0.0,0.0,0.0
2025-06-10 02:30:00+00:00,15.09000015258789,15.09000015258789,15.09000015258789,15.09000015258789,13000,0.0,0.0,0.0
2025-06-10 02:35:00+00:00,15.09000015258789,15.09000015258789,15.09000015258789,15.09000015258789,21250,0.0,0.0,0.0
2025-06-10 02:40:00+00:00,15.100000381469727,15.109999656677246,15.100000381469727,15.109999656677246,149729,0.0,0.0,0.0
2025-06-10 02:45:00+00:00,15.100000381469727,15.109999656677246,15.100000381469727,15.100000381469727,85000,0.0,0.0,0.0
2025-06-10 02:50:00+00:00,15.109999656677246,15.109999656677246,15.100000381469727,15.109999656677246,48252,0.0,0.0,0.0
2025-06-10 02:55:00+00:00,15.100000381469727,15.100000381469727,15.100000381469727,15.100000381469727,3000,0.0,0.0,0.0
2025-06-10 03:00:00+00:00,15.100000381469727,15.109999656677246,15.100000381469727,15.109999656677246,39454,0.0,0.0,0.0
2025-06-10 03:10:00+00:00,15.079999923706055,15.079999923706055,15.079999923706055,15.079999923706055,12000,0.0,0.0,0.0
2025-06-10 03:15:00+00:00,15.079999923706055,15.09000015258789,15.079999923706055,15.09000015258789,4080,0.0,0.0,0.0
2025-06-10 03:20:00+00:00,15.079999923706055,15.09000015258789,15.079999923706055,15.09000015258789,28059,0.0,0.0,0.0
2025-06-10 03:25:00+00:00,15.09000015258789,15.09000015258789,15.09000015258789,15.09000015258789,10498,0.0,0.0,0.0
2025-06-10 03:35:00+00:00,15.079999923706055,15.079999923706055,15.079999923706055,15.079999923706055,3220,0.0,0.0,0.0
2025-06-10 03:40:00+00:00,15.079999923706055,15.079999923706055,15.079999923706055,15.079999923706055,5000,0.0,0.0,0.0
2025-06-10 03:45:00+00:00,15.079999923706055,15.079999923706055,15.079999923706055,15.079999923706055,115792,0.0,0.0,0.0
2025-06-10 03:50:00+00:00,15.079999923706055,15.079999923706055,15.079999923706055,15.079999923706055,17001,0.0,0.0,0.0
2025-06-10 03:55:00+00:00,15.079999923706055,15.079999923706055,15.079999923706055,15.079999923706055,46000,0.0,0.0,0.0
2025-06-10 04:00:00+00:00,15.079999923706055,15.079999923706055,15.079999923706055,15.079999923706055,13945,0.0,0.0,0.0
2025-06-10 04:05:00+00:00,15.079999923706055,15.09000015258789,15.069999694824219,15.079999923706055,71040,0.0,0.0,0.0
2025-06-10 04:10:00+00:00,15.069999694824219,15.069999694824219,15.069999694824219,15.069999694824219,1000,0.0,0.0,0.0
2025-06-10 04:15:00+00:00,15.069999694824219,15.069999694824219,15.069999694824219,15.069999694824219,19140,0.0,0.0,0.0
2025-06-10 04:20:00+00:00,15.069999694824219,15.079999923706055,15.069999694824219,15.069999694824219,25000,0.0,0.0,0.0
2025-06-10 04:25:00+00:00,15.069999694824219,15.069999694824219,15.0600004196167,15.0600004196167,28170,0.0,0.0,0.0
2025-06-10 04:30:00+00:00,15.0600004196167,15.0600004196167,15.0600004196167,15.0600004196167,24000,0.0,0.0,0.0
2025-06-10 04:35:00+00:00,15.0600004196167,15.0600004196167,15.0600004196167,15.0600004196167,15000,0.0,0.0,0.0
2025-06-10 04:40:00+00:00,15.0600004196167,15.0600004196167,15.0600004196167,15.0600004196167,12000,0.0,0.0,0.0
2025-06-10 04:45:00+00:00,15.0600004196167,15.079999923706055,15.0600004196167,15.069999694824219,75019,0.0,0.0,0.0
2025-06-10 04:50:00+00:00,15.069999694824219,15.069999694824219,15.069999694824219,15.069999694824219,16695,0.0,0.0,0.0
2025-06-10 04:55:00+00:00,15.069999694824219,15.069999694824219,15.069999694824219,15.069999694824219,10000,0.0,0.0,0.0
2025-06-10 05:00:00+00:00,15.069999694824219,15.069999694824219,15.0600004196167,15.0600004196167,71002,0.0,0.0,0.0
2025-06-10 05:05:00+00:00,15.069999694824219,15.069999694824219,15.069999694824219,15.069999694824219,47332,0.0,0.0,0.0
2025-06-10 05:10:00+00:00,15.069999694824219,15.079999923706055,15.069999694824219,15.079999923706055,16000,0.0,0.0,0.0
2025-06-10 05:15:00+00:00,15.079999923706055,15.079999923706055,15.0600004196167,15.079999923706055,33024,0.0,0.0,0.0
2025-06-10 05:20:00+00:00,15.069999694824219,15.069999694824219,15.0600004196167,15.0600004196167,204538,0.0,0.0,0.0
2025-06-11 01:00:00+00:00,15.050000190734863,15.050000190734863,15.029999732971191,15.029999732971191,0,0.0,0.0,0.0
2025-06-11 01:05:00+00:00,15.020000457763672,15.029999732971191,15.010000228881836,15.029999732971191,372421,0.0,0.0,0.0
2025-06-11 01:10:00+00:00,15.029999732971191,15.029999732971191,15.010000228881836,15.010000228881836,7370,0.0,0.0,0.0
2025-06-11 01:15:00+00:00,15.0,15.020000457763672,15.0,15.010000228881836,215628,0.0,0.0,0.0
2025-06-11 01:20:00+00:00,15.0,15.020000457763672,15.0,15.020000457763672,0,0.0,0.0,0.0
2025-06-11 01:25:00+00:00,15.010000228881836,15.020000457763672,15.010000228881836,15.020000457763672,617496,0.0,0.0,0.0
2025-06-11 01:30:00+00:00,15.020000457763672,15.020000457763672,15.0,15.0,32647,0.0,0.0,0.0
2025-06-11 01:35:00+00:00,15.010000228881836,15.020000457763672,15.010000228881836,15.020000457763672,120779,0.0,0.0,0.0
2025-06-11 01:45:00+00:00,15.010000228881836,15.010000228881836,15.010000228881836,15.010000228881836,6000,0.0,0.0,0.0
2025-06-11 01:50:00+00:00,15.020000457763672,15.029999732971191,15.020000457763672,15.020000457763672,169114,0.0,0.0,0.0
2025-06-11 01:55:00+00:00,15.010000228881836,15.010000228881836,15.0,15.0,107205,0.0,0.0,0.0
2025-06-11 02:00:00+00:00,15.0,15.010000228881836,14.989999771118164,15.010000228881836,37090,0.0,0.0,0.0
2025-06-11 02:05:00+00:00,15.010000228881836,15.020000457763672,15.010000228881836,15.020000457763672,55010,0.0,0.0,0.0
2025-06-11 02:10:00+00:00,15.020000457763672,15.029999732971191,15.020000457763672,15.029999732971191,36257,0.0,0.0,0.0
2025-06-11 02:15:00+00:00,15.029999732971191,15.029999732971191,15.029999732971191,15.029999732971191,8000,0.0,0.0,0.0
2025-06-11 02:20:00+00:00,15.029999732971191,15.039999961853027,15.029999732971191,15.039999961853027,68000,0.0,0.0,0.0
2025-06-11 02:25:00+00:00,15.029999732971191,15.029999732971191,15.029999732971191,15.029999732971191,2300,0.0,0.0,0.0
2025-06-11 02:30:00+00:00,15.029999732971191,15.029999732971191,15.029999732971191,15.029999732971191,10060,0.0,0.0,0.0
2025-06-11 02:35:00+00:00,15.029999732971191,15.029999732971191,15.029999732971191,15.029999732971191,7020,0.0,0.0,0.0
2025-06-11 02:40:00+00:00,15.029999732971191,15.029999732971191,15.029999732971191,15.029999732971191,0,0.0,0.0,0.0
2025-06-11 02:45:00+00:00,15.029999732971191,15.050000190734863,15.029999732971191,15.050000190734863,1364920,0.0,0.0,0.0
2025-06-11 02:50:00+00:00,15.050000190734863,15.050000190734863,15.050000190734863,15.050000190734863,5100,0.0,0.0,0.0
2025-06-11 02:55:00+00:00,15.050000190734863,15.050000190734863,15.050000190734863,15.050000190734863,46116,0.0,0.0,0.0
2025-06-11 03:00:00+00:00,15.050000190734863,15.050000190734863,15.050000190734863,15.050000190734863,28601,0.0,0.0,0.0
2025-06-11 03:05:00+00:00,15.050000190734863,15.069999694824219,15.050000190734863,15.069999694824219,25300,0.0,0.0,0.0
2025-06-11 03:10:00+00:00,15.069999694824219,15.069999694824219,15.0600004196167,15.0600004196167,106000,0.0,0.0,0.0
2025-06-11 03:15:00+00:00,15.0600004196167,15.079999923706055,15.0600004196167,15.069999694824219,50911,0.0,0.0,0.0
2025-06-11 03:20:00+00:00,15.079999923706055,15.09000015258789,15.079999923706055,15.09000015258789,53791,0.0,0.0,0.0
2025-06-11 03:25:00+00:00,15.09000015258789,15.100000381469727,15.09000015258789,15.100000381469727,0,0.0,0.0,0.0
2025-06-11 03:30:00+00:00,15.100000381469727,15.100000381469727,15.100000381469727,15.100000381469727,1748817,0.0,0.0,0.0
2025-06-11 03:35:00+00:00,15.09000015258789,15.09000015258789,15.09000015258789,15.09000015258789,28100,0.0,0.0,0.0
2025-06-11 03:40:00+00:00,15.09000015258789,15.09000015258789,15.09000015258789,15.09000015258789,20236,0.0,0.0,0.0
2025-06-11 03:45:00+00:00,15.079999923706055,15.09000015258789,15.079999923706055,15.079999923706055,29100,0.0,0.0,0.0
2025-06-11 03:50:00+00:00,15.079999923706055,15.079999923706055,15.079999923706055,15.079999923706055,25053,0.0,0.0,0.0
2025-06-11 03:55:00+00:00,15.079999923706055,15.09000015258789,15.079999923706055,15.09000015258789,7249,0.0,0.0,0.0
2025-06-11 04:15:00+00:00,15.09000015258789,15.09000015258789,15.09000015258789,15.09000015258789,121201,0.0,0.0,0.0
2025-06-11 04:20:00+00:00,15.079999923706055,15.09000015258789,15.079999923706055,15.09000015258789,10340,0.0,0.0,0.0
2025-06-11 04:25:00+00:00,15.079999923706055,15.09000015258789,15.079999923706055,15.09000015258789,20318,0.0,0.0,0.0
2025-06-11 04:30:00+00:00,15.09000015258789,15.100000381469727,15.09000015258789,15.100000381469727,176924,0.0,0.0,0.0
2025-06-11 04:35:00+00:00,15.09000015258789,15.100000381469727,15.09000015258789,15.09000015258789,199060,0.0,0.0,0.0
2025-06-11 04:40:00+00:00,15.100000381469727,15.100000381469727,15.09000015258789,15.09000015258789,47125,0.0,0.0,0.0
2025-06-11 04:45:00+00:00,15.09000015258789,15.09000015258789,15.09000015258789,15.09000015258789,6000,0.0,0.0,0.0
2025-06-11 04:50:00+00:00,15.100000381469727,15.100000381469727,15.100000381469727,15.100000381469727,50002,0.0,0.0,0.0
2025-06-11 04:55:00+00:00,15.100000381469727,15.100000381469727,15.100000381469727,15.100000381469727,35184,0.0,0.0,0.0
2025-06-11 05:00:00+00:00,15.09000015258789,15.100000381469727,15.09000015258789,15.100000381469727,64266,0.0,0.0,0.0
2025-06-11 05:05:00+00:00,15.09000015258789,15.09000015258789,15.09000015258789,15.09000015258789,100000,0.0,0.0,0.0
2025-06-11 05:10:00+00:00,15.09000015258789,15.100000381469727,15.09000015258789,15.100000381469727,107116,0.0,0.0,0.0
2025-06-11 05:15:00+00:00,15.100000381469727,15.100000381469727,15.09000015258789,15.100000381469727,15030,0.0,0.0,0.0
2025-06-11 05:20:00+00:00,15.100000381469727,15.100000381469727,15.09000015258789,15.09000015258789,106000,0.0,0.0,0.0
2025-06-12 01:00:00+00:00,15.09000015258789,15.109999656677246,15.09000015258789,15.109999656677246,0,0.0,0.0,0.0
2025-06-12 01:05:00+00:00,15.100000381469727,15.130000114440918,15.100000381469727,15.119999885559082,41000,0.0,0.0,0.0
2025-06-12 01:10:00+00:00,15.119999885559082,15.130000114440918,15.119999885559082,15.119999885559082,48595,0.0,0.0,0.0
2025-06-12 01:15:00+00:00,15.109999656677246,15.109999656677246,15.109999656677246,15.109999656677246,1000,0.0,0.0,0.0
2025-06-12 01:20:00+00:00,15.109999656677246,15.119999885559082,15.100000381469727,15.119999885559082,52790,0.0,0.0,0.0
2025-06-12 01:25:00+00:00,15.119999885559082,15.119999885559082,15.109999656677246,15.109999656677246,90000,0.0,0.0,0.0
2025-06-12 01:30:00+00:00,15.119999885559082,15.130000114440918,15.119999885559082,15.119999885559082,110500,0.0,0.0,0.0
2025-06-12 01:35:00+00:00,15.119999885559082,15.119999885559082,15.109999656677246,15.109999656677246,3000,0.0,0.0,0.0
2025-06-12 01:40:00+00:00,15.100000381469727,15.109999656677246,15.100000381469727,15.109999656677246,42655,0.0,0.0,0.0
2025-06-12 01:45:00+00:00,15.09000015258789,15.09000015258789,15.09000015258789,15.09000015258789,107477,0.0,0.0,0.0
2025-06-12 01:50:00+00:00,15.100000381469727,15.100000381469727,15.100000381469727,15.100000381469727,19000,0.0,0.0,0.0
2025-06-12 01:55:00+00:00,15.100000381469727,15.109999656677246,15.100000381469727,15.100000381469727,34829,0.0,0.0,0.0
2025-06-12 02:00:00+00:00,15.100000381469727,15.100000381469727,15.100000381469727,15.100000381469727,8172,0.0,0.0,0.0
2025-06-12 02:05:00+00:00,15.100000381469727,15.100000381469727,15.100000381469727,15.100000381469727,22000,0.0,0.0,0.0
2025-06-12 02:10:00+00:00,15.100000381469727,15.100000381469727,15.100000381469727,15.100000381469727,12200,0.0,0.0,0.0
2025-06-12 02:15:00+00:00,15.100000381469727,15.100000381469727,15.100000381469727,15.100000381469727,66009,0.0,0.0,0.0
2025-06-12 02:20:00+00:00,15.100000381469727,15.100000381469727,15.100000381469727,15.100000381469727,13280,0.0,0.0,0.0
2025-06-12 02:30:00+00:00,15.100000381469727,15.100000381469727,15.100000381469727,15.100000381469727,4000,0.0,0.0,0.0
2025-06-12 02:35:00+00:00,15.100000381469727,15.109999656677246,15.100000381469727,15.109999656677246,14000,0.0,0.0,0.0
2025-06-12 02:40:00+00:00,15.100000381469727,15.100000381469727,15.100000381469727,15.100000381469727,44386,0.0,0.0,0.0
2025-06-12 02:45:00+00:00,15.100000381469727,15.100000381469727,15.100000381469727,15.100000381469727,7010,0.0,0.0,0.0
2025-06-12 02:50:00+00:00,15.100000381469727,15.100000381469727,15.100000381469727,15.100000381469727,73089,0.0,0.0,0.0
2025-06-12 02:55:00+00:00,15.100000381469727,15.109999656677246,15.100000381469727,15.100000381469727,156330,0.0,0.0,0.0
2025-06-12 03:00:00+00:00,15.100000381469727,15.100000381469727,15.100000381469727,15.100000381469727,21310,0.0,0.0,0.0
2025-06-12 03:15:00+00:00,15.109999656677246,15.109999656677246,15.109999656677246,15.109999656677246,76034,0.0,0.0,0.0
2025-06-12 03:20:00+00:00,15.100000381469727,15.100000381469727,15.100000381469727,15.100000381469727,5000,0.0,0.0,0.0
2025-06-12 03:25:00+00:00,15.100000381469727,15.100000381469727,15.100000381469727,15.100000381469727,30100,0.0,0.0,0.0
2025-06-12 03:35:00+00:00,15.100000381469727,15.109999656677246,15.100000381469727,15.109999656677246,44255,0.0,0.0,0.0
2025-06-12 03:40:00+00:00,15.109999656677246,15.109999656677246,15.109999656677246,15.109999656677246,5000,0.0,0.0,0.0
2025-06-12 03:45:00+00:00,15.109999656677246,15.109999656677246,15.109999656677246,15.109999656677246,8007,0.0,0.0,0.0
2025-06-12 03:50:00+00:00,15.109999656677246,15.109999656677246,15.109999656677246,15.109999656677246,0,0.0,0.0,0.0
2025-06-12 03:55:00+00:00,15.109999656677246,15.109999656677246,15.109999656677246,15.109999656677246,1431037,0.0,0.0,0.0
2025-06-12 04:00:00+00:00,15.100000381469727,15.109999656677246,15.100000381469727,15.109999656677246,40000,0.0,0.0,0.0
2025-06-12 04:05:00+00:00,15.109999656677246,15.109999656677246,15.109999656677246,15.109999656677246,2150,0.0,0.0,0.0
2025-06-12 04:10:00+00:00,15.109999656677246,15.109999656677246,15.109999656677246,15.109999656677246,9150,0.0,0.0,0.0
2025-06-12 04:15:00+00:00,15.100000381469727,15.100000381469727,15.100000381469727,15.100000381469727,6150,0.0,0.0,0.0
2025-06-12 04:25:00+00:00,15.100000381469727,15.100000381469727,15.100000381469727,15.100000381469727,4049,0.0,0.0,0.0
2025-06-12 04:30:00+00:00,15.100000381469727,15.100000381469727,15.100000381469727,15.100000381469727,18000,0.0,0.0,0.0
2025-06-12 04:35:00+00:00,15.100000381469727,15.100000381469727,15.100000381469727,15.100000381469727,7013,0.0,0.0,0.0
2025-06-12 04:50:00+00:00,15.09000015258789,15.09000015258789,15.09000015258789,15.09000015258789,19000,0.0,0.0,0.0
2025-06-12 04:55:00+00:00,15.09000015258789,15.09000015258789,15.09000015258789,15.09000015258789,4625,0.0,0.0,0.0
2025-06-12 05:00:00+00:00,15.09000015258789,15.09000015258789,15.09000015258789,15.09000015258789,7000,0.0,0.0,0.0
2025-06-12 05:05:00+00:00,15.09000015258789,15.09000015258789,15.09000015258789,15.09000015258789,18000,0.0,0.0,0.0
2025-06-12 05:15:00+00:00,15.09000015258789,15.09000015258789,15.079999923706055,15.09000015258789,10236,0.0,0.0,0.0
2025-06-12 05:20:00+00:00,15.09000015258789,15.100000381469727,15.09000015258789,15.09000015258789,122000,0.0,0.0,0.0
2025-06-13 01:00:00+00:00,15.050000190734863,15.050000190734863,15.020000457763672,15.020000457763672,0,0.0,0.0,0.0
2025-06-13 01:05:00+00:00,15.010000228881836,15.029999732971191,14.989999771118164,15.020000457763672,120584,0.0,0.0,0.0
2025-06-13 01:10:00+00:00,15.020000457763672,15.020000457763672,15.0,15.0,205878,0.0,0.0,0.0
2025-06-13 01:15:00+00:00,14.989999771118164,14.989999771118164,14.989999771118164,14.989999771118164,39551,0.0,0.0,0.0
2025-06-13 01:20:00+00:00,15.0,15.010000228881836,15.0,15.0,155000,0.0,0.0,0.0
2025-06-13 01:25:00+00:00,15.0,15.010000228881836,15.0,15.010000228881836,101500,0.0,0.0,0.0
2025-06-13 01:30:00+00:00,15.010000228881836,15.039999961853027,15.010000228881836,15.039999961853027,50333,0.0,0.0,0.0
2025-06-13 01:35:00+00:00,15.039999961853027,15.079999923706055,15.039999961853027,15.079999923706055,134523,0.0,0.0,0.0
2025-06-13 01:40:00+00:00,15.079999923706055,15.079999923706055,15.069999694824219,15.069999694824219,7158,0.0,0.0,0.0
2025-06-13 01:45:00+00:00,15.069999694824219,15.09000015258789,15.069999694824219,15.09000015258789,228400,0.0,0.0,0.0
2025-06-13 01:50:00+00:00,15.079999923706055,15.09000015258789,15.079999923706055,15.09000015258789,67000,0.0,0.0,0.0
2025-06-13 01:55:00+00:00,15.100000381469727,15.109999656677246,15.100000381469727,15.109999656677246,84756,0.0,0.0,0.0
2025-06-13 02:00:00+00:00,15.119999885559082,15.119999885559082,15.119999885559082,15.119999885559082,3220,0.0,0.0,0.0
2025-06-13 02:05:00+00:00,15.109999656677246,15.109999656677246,15.109999656677246,15.109999656677246,33137,0.0,0.0,0.0
2025-06-13 02:10:00+00:00,15.109999656677246,15.119999885559082,15.109999656677246,15.119999885559082,154341,0.0,0.0,0.0
2025-06-13 02:15:00+00:00,15.119999885559082,15.130000114440918,15.119999885559082,15.130000114440918,72949,0.0,0.0,0.0
2025-06-13 02:20:00+00:00,15.130000114440918,15.149999618530273,15.130000114440918,15.130000114440918,163000,0.0,0.0,0.0
2025-06-13 02:25:00+00:00,15.119999885559082,15.119999885559082,15.109999656677246,15.119999885559082,401009,0.0,0.0,0.0
2025-06-13 02:30:00+00:00,15.130000114440918,15.130000114440918,15.100000381469727,15.100000381469727,203200,0.0,0.0,0.0
2025-06-13 02:40:00+00:00,15.079999923706055,15.079999923706055,15.0600004196167,15.0600004196167,104000,0.0,0.0,0.0
2025-06-13 02:45:00+00:00,15.050000190734863,15.079999923706055,15.050000190734863,15.079999923706055,166100,0.0,0.0,0.0
2025-06-13 02:50:00+00:00,15.079999923706055,15.09000015258789,15.079999923706055,15.09000015258789,102101,0.0,0.0,0.0
2025-06-13 02:55:00+00:00,15.079999923706055,15.100000381469727,15.079999923706055,15.100000381469727,76000,0.0,0.0,0.0
2025-06-13 03:00:00+00:00,15.109999656677246,15.109999656677246,15.09000015258789,15.09000015258789,18100,0.0,0.0,0.0
2025-06-13 03:05:00+00:00,15.09000015258789,15.09000015258789,15.079999923706055,15.09000015258789,17005,0.0,0.0,0.0
2025-06-13 03:10:00+00:00,15.09000015258789,15.100000381469727,15.09000015258789,15.100000381469727,18805,0.0,0.0,0.0
2025-06-13 03:15:00+00:00,15.109999656677246,15.109999656677246,15.109999656677246,15.109999656677246,19057,0.0,0.0,0.0
2025-06-13 03:20:00+00:00,15.109999656677246,15.109999656677246,15.109999656677246,15.109999656677246,28000,0.0,0.0,0.0
2025-06-13 03:25:00+00:00,15.119999885559082,15.119999885559082,15.119999885559082,15.119999885559082,27911,0.0,0.0,0.0
2025-06-13 03:35:00+00:00,15.109999656677246,15.109999656677246,15.109999656677246,15.109999656677246,8060,0.0,0.0,0.0
2025-06-13 03:40:00+00:00,15.100000381469727,15.109999656677246,15.100000381469727,15.100000381469727,59037,0.0,0.0,0.0
2025-06-13 03:45:00+00:00,15.09000015258789,15.109999656677246,15.09000015258789,15.100000381469727,18070,0.0,0.0,0.0
2025-06-13 03:50:00+00:00,15.100000381469727,15.109999656677246,15.100000381469727,15.109999656677246,18059,0.0,0.0,0.0
2025-06-13 03:55:00+00:00,15.109999656677246,15.109999656677246,15.109999656677246,15.109999656677246,7000,0.0,0.0,0.0
2025-06-13 04:05:00+00:00,15.109999656677246,15.119999885559082,15.100000381469727,15.100000381469727,8000,0.0,0.0,0.0
2025-06-13 04:10:00+00:00,15.100000381469727,15.109999656677246,15.100000381469727,15.109999656677246,24000,0.0,0.0,0.0
2025-06-13 04:20:00+00:00,15.100000381469727,15.100000381469727,15.100000381469727,15.100000381469727,56100,0.0,0.0,0.0
2025-06-13 04:30:00+00:00,15.100000381469727,15.100000381469727,15.100000381469727,15.100000381469727,114102,0.0,0.0,0.0
2025-06-13 04:35:00+00:00,15.100000381469727,15.100000381469727,15.100000381469727,15.100000381469727,214000,0.0,0.0,0.0
2025-06-13 04:40:00+00:00,15.100000381469727,15.100000381469727,15.100000381469727,15.100000381469727,34500,0.0,0.0,0.0
2025-06-13 04:45:00+00:00,15.100000381469727,15.100000381469727,15.100000381469727,15.100000381469727,6400,0.0,0.0,0.0
2025-06-13 04:50:00+00:00,15.100000381469727,15.100000381469727,15.100000381469727,15.100000381469727,3300,0.0,0.0,0.0
2025-06-13 04:55:00+00:00,15.100000381469727,15.100000381469727,15.100000381469727,15.100000381469727,3077,0.0,0.0,0.0
2025-06-13 05:00:00+00:00,15.09000015258789,15.09000015258789,15.09000015258789,15.09000015258789,3000,0.0,0.0,0.0
2025-06-13 05:05:00+00:00,15.079999923706055,15.079999923706055,15.079999923706055,15.079999923706055,2022,0.0,0.0,0.0
2025-06-13 05:10:00+00:00,15.079999923706055,15.079999923706055,15.079999923706055,15.079999923706055,101299,0.0,0.0,0.0
2025-06-13 05:15:00+00:00,15.069999694824219,15.069999694824219,15.069999694824219,15.069999694824219,1010,0.0,0.0,0.0
2025-06-13 05:20:00+00:00,15.0600004196167,15.0600004196167,15.0600004196167,15.0600004196167,26055,0.0,0.0,0.0
2025-06-16 01:00:00+00:00,15.020000457763672,15.050000190734863,15.020000457763672,15.029999732971191,0,0.0,0.0,0.0
2025-06-16 01:05:00+00:00,15.010000228881836,15.020000457763672,15.010000228881836,15.020000457763672,176900,0.0,0.0,0.0
2025-06-16 01:10:00+00:00,15.020000457763672,15.050000190734863,15.020000457763672,15.039999961853027,117674,0.0,0.0,0.0
2025-06-16 01:15:00+00:00,15.050000190734863,15.050000190734863,15.050000190734863,15.050000190734863,55068,0.0,0.0,0.0
2025-06-16 01:20:00+00:00,15.050000190734863,15.050000190734863,15.050000190734863,15.050000190734863,2042,0.0,0.0,0.0
2025-06-16 01:25:00+00:00,15.050000190734863,15.0600004196167,15.050000190734863,15.050000190734863,84359,0.0,0.0,0.0
2025-06-16 01:30:00+00:00,15.0600004196167,15.069999694824219,15.0600004196167,15.069999694824219,141288,0.0,0.0,0.0
2025-06-16 01:35:00+00:00,15.079999923706055,15.079999923706055,15.079999923706055,15.079999923706055,20000,0.0,0.0,0.0
2025-06-16 01:40:00+00:00,15.079999923706055,15.079999923706055,15.079999923706055,15.079999923706055,11000,0.0,0.0,0.0
2025-06-16 01:45:00+00:00,15.079999923706055,15.100000381469727,15.079999923706055,15.09000015258789,34246,0.0,0.0,0.0
2025-06-16 01:50:00+00:00,15.09000015258789,15.100000381469727,15.09000015258789,15.100000381469727,14272,0.0,0.0,0.0
2025-06-16 01:55:00+00:00,15.09000015258789,15.09000015258789,15.09000015258789,15.09000015258789,1439,0.0,0.0,0.0
2025-06-16 02:00:00+00:00,15.09000015258789,15.09000015258789,15.069999694824219,15.069999694824219,19100,0.0,0.0,0.0
2025-06-16 02:05:00+00:00,15.069999694824219,15.079999923706055,15.069999694824219,15.079999923706055,32009,0.0,0.0,0.0
2025-06-16 02:10:00+00:00,15.079999923706055,15.079999923706055,15.079999923706055,15.079999923706055,62000,0.0,0.0,0.0
2025-06-16 02:15:00+00:00,15.069999694824219,15.079999923706055,15.069999694824219,15.079999923706055,17309,0.0,0.0,0.0
2025-06-16 02:20:00+00:00,15.069999694824219,15.069999694824219,15.069999694824219,15.069999694824219,6255,0.0,0.0,0.0
2025-06-16 02:25:00+00:00,15.069999694824219,15.069999694824219,15.069999694824219,15.069999694824219,55554,0.0,0.0,0.0
2025-06-16 02:30:00+00:00,15.079999923706055,15.09000015258789,15.079999923706055,15.09000015258789,135100,0.0,0.0,0.0
2025-06-16 02:35:00+00:00,15.09000015258789,15.09000015258789,15.09000015258789,15.09000015258789,9554,0.0,0.0,0.0
2025-06-16 02:40:00+00:00,15.09000015258789,15.09000015258789,15.079999923706055,15.09000015258789,51100,0.0,0.0,0.0
2025-06-16 02:45:00+00:00,15.100000381469727,15.100000381469727,15.079999923706055,15.079999923706055,18515,0.0,0.0,0.0
2025-06-16 02:55:00+00:00,15.09000015258789,15.09000015258789,15.09000015258789,15.09000015258789,4119,0.0,0.0,0.0
2025-06-16 03:00:00+00:00,15.100000381469727,15.100000381469727,15.09000015258789,15.09000015258789,4480,0.0,0.0,0.0
2025-06-16 03:05:00+00:00,15.09000015258789,15.09000015258789,15.09000015258789,15.09000015258789,4235,0.0,0.0,0.0
2025-06-16 03:15:00+00:00,15.079999923706055,15.079999923706055,15.079999923706055,15.079999923706055,2010,0.0,0.0,0.0
2025-06-16 03:20:00+00:00,15.079999923706055,15.09000015258789,15.079999923706055,15.09000015258789,15109,0.0,0.0,0.0
2025-06-16 03:25:00+00:00,15.09000015258789,15.09000015258789,15.079999923706055,15.09000015258789,28030,0.0,0.0,0.0
2025-06-16 03:30:00+00:00,15.09000015258789,15.09000015258789,15.09000015258789,15.09000015258789,15078,0.0,0.0,0.0
2025-06-16 03:35:00+00:00,15.09000015258789,15.09000015258789,15.09000015258789,15.09000015258789,11000,0.0,0.0,0.0
2025-06-16 03:40:00+00:00,15.079999923706055,15.09000015258789,15.079999923706055,15.079999923706055,15009,0.0,0.0,0.0
2025-06-16 03:45:00+00:00,15.079999923706055,15.079999923706055,15.079999923706055,15.079999923706055,35100,0.0,0.0,0.0
2025-06-16 03:50:00+00:00,15.079999923706055,15.09000015258789,15.079999923706055,15.09000015258789,93019,0.0,0.0,0.0
2025-06-16 03:55:00+00:00,15.09000015258789,15.09000015258789,15.079999923706055,15.09000015258789,57080,0.0,0.0,0.0
2025-06-16 04:00:00+00:00,15.09000015258789,15.09000015258789,15.09000015258789,15.09000015258789,12109,0.0,0.0,0.0
2025-06-16 04:05:00+00:00,15.09000015258789,15.09000015258789,15.079999923706055,15.079999923706055,7250,0.0,0.0,0.0
2025-06-16 04:10:00+00:00,15.09000015258789,15.09000015258789,15.079999923706055,15.079999923706055,33873,0.0,0.0,0.0
2025-06-16 04:15:00+00:00,15.09000015258789,15.09000015258789,15.09000015258789,15.09000015258789,11000,0.0,0.0,0.0
2025-06-16 04:20:00+00:00,15.09000015258789,15.09000015258789,15.09000015258789,15.09000015258789,1009,0.0,0.0,0.0
2025-06-16 04:25:00+00:00,15.09000015258789,15.09000015258789,15.09000015258789,15.09000015258789,19246,0.0,0.0,0.0
2025-06-16 04:30:00+00:00,15.09000015258789,15.09000015258789,15.09000015258789,15.09000015258789,7109,0.0,0.0,0.0
2025-06-16 04:35:00+00:00,15.09000015258789,15.09000015258789,15.09000015258789,15.09000015258789,14100,0.0,0.0,0.0
2025-06-16 04:40:00+00:00,15.09000015258789,15.100000381469727,15.09000015258789,15.09000015258789,217309,0.0,0.0,0.0
2025-06-16 04:45:00+00:00,15.09000015258789,15.09000015258789,15.09000015258789,15.09000015258789,11172,0.0,0.0,0.0
2025-06-16 04:50:00+00:00,15.09000015258789,15.09000015258789,15.09000015258789,15.09000015258789,15752,0.0,0.0,0.0
2025-06-16 04:55:00+00:00,15.09000015258789,15.100000381469727,15.09000015258789,15.100000381469727,24182,0.0,0.0,0.0
2025-06-16 05:10:00+00:00,15.100000381469727,15.100000381469727,15.100000381469727,15.100000381469727,45000,0.0,0.0,0.0
2025-06-16 05:15:00+00:00,15.100000381469727,15.100000381469727,15.09000015258789,15.09000015258789,10147,0.0,0.0,0.0
2025-06-16 05:20:00+00:00,15.100000381469727,15.100000381469727,15.09000015258789,15.09000015258789,12686,0.0,0.0,0.0
2025-06-17 01:00:00+00:00,15.119999885559082,15.140000343322754,15.119999885559082,15.130000114440918,0,0.0,0.0,0.0
2025-06-17 01:05:00+00:00,15.130000114440918,15.140000343322754,15.130000114440918,15.130000114440918,27685,0.0,0.0,0.0
2025-06-17 01:10:00+00:00,15.140000343322754,15.140000343322754,15.140000343322754,15.140000343322754,54335,0.0,0.0,0.0
2025-06-17 01:15:00+00:00,15.130000114440918,15.130000114440918,15.130000114440918,15.130000114440918,10654,0.0,0.0,0.0
2025-06-17 01:20:00+00:00,15.119999885559082,15.130000114440918,15.119999885559082,15.119999885559082,121107,0.0,0.0,0.0
2025-06-17 01:25:00+00:00,15.119999885559082,15.119999885559082,15.119999885559082,15.119999885559082,2178,0.0,0.0,0.0
2025-06-17 01:30:00+00:00,15.119999885559082,15.119999885559082,15.119999885559082,15.119999885559082,115000,0.0,0.0,0.0
2025-06-17 01:35:00+00:00,15.119999885559082,15.119999885559082,15.119999885559082,15.119999885559082,36332,0.0,0.0,0.0
2025-06-17 01:40:00+00:00,15.119999885559082,15.119999885559082,15.119999885559082,15.119999885559082,5500,0.0,0.0,0.0
2025-06-17 01:45:00+00:00,15.119999885559082,15.119999885559082,15.119999885559082,15.119999885559082,30040,0.0,0.0,0.0
2025-06-17 01:50:00+00:00,15.119999885559082,15.119999885559082,15.119999885559082,15.119999885559082,17000,0.0,0.0,0.0
2025-06-17 01:55:00+00:00,15.109999656677246,15.109999656677246,15.109999656677246,15.109999656677246,2615,0.0,0.0,0.0
2025-06-17 02:00:00+00:00,15.109999656677246,15.109999656677246,15.100000381469727,15.100000381469727,12055,0.0,0.0,0.0
2025-06-17 02:05:00+00:00,15.100000381469727,15.100000381469727,15.09000015258789,15.09000015258789,3000,0.0,0.0,0.0
2025-06-17 02:10:00+00:00,15.09000015258789,15.100000381469727,15.09000015258789,15.100000381469727,25100,0.0,0.0,0.0
2025-06-17 02:15:00+00:00,15.079999923706055,15.09000015258789,15.079999923706055,15.09000015258789,12200,0.0,0.0,0.0
2025-06-17 02:25:00+00:00,15.079999923706055,15.079999923706055,15.069999694824219,15.069999694824219,36000,0.0,0.0,0.0
2025-06-17 02:30:00+00:00,15.069999694824219,15.069999694824219,15.069999694824219,15.069999694824219,12154,0.0,0.0,0.0
2025-06-17 02:35:00+00:00,15.069999694824219,15.069999694824219,15.069999694824219,15.069999694824219,9154,0.0,0.0,0.0
2025-06-17 02:40:00+00:00,15.069999694824219,15.09000015258789,15.069999694824219,15.09000015258789,25000,0.0,0.0,0.0
2025-06-17 02:45:00+00:00,15.079999923706055,15.079999923706055,15.079999923706055,15.079999923706055,3000,0.0,0.0,0.0
2025-06-17 02:50:00+00:00,15.079999923706055,15.09000015258789,15.079999923706055,15.09000015258789,48355,0.0,0.0,0.0
2025-06-17 02:55:00+00:00,15.09000015258789,15.09000015258789,15.09000015258789,15.09000015258789,13390,0.0,0.0,0.0
2025-06-17 03:00:00+00:00,15.100000381469727,15.100000381469727,15.09000015258789,15.09000015258789,26265,0.0,0.0,0.0
2025-06-17 03:05:00+00:00,15.100000381469727,15.100000381469727,15.100000381469727,15.100000381469727,30000,0.0,0.0,0.0
2025-06-17 03:10:00+00:00,15.100000381469727,15.100000381469727,15.100000381469727,15.100000381469727,98100,0.0,0.0,0.0
2025-06-17 03:15:00+00:00,15.100000381469727,15.100000381469727,15.100000381469727,15.100000381469727,9080,0.0,0.0,0.0
2025-06-17 03:20:00+00:00,15.100000381469727,15.100000381469727,15.100000381469727,15.100000381469727,17000,0.0,0.0,0.0
2025-06-17 03:25:00+00:00,15.100000381469727,15.100000381469727,15.100000381469727,15.100000381469727,16000,0.0,0.0,0.0
2025-06-17 03:30:00+00:00,15.100000381469727,15.100000381469727,15.100000381469727,15.100000381469727,64400,0.0,0.0,0.0
2025-06-17 03:35:00+00:00,15.100000381469727,15.100000381469727,15.100000381469727,15.100000381469727,27000,0.0,0.0,0.0
2025-06-17 03:40:00+00:00,15.109999656677246,15.109999656677246,15.109999656677246,15.109999656677246,34489,0.0,0.0,0.0
2025-06-17 03:45:00+00:00,15.109999656677246,15.109999656677246,15.109999656677246,15.109999656677246,200100,0.0,0.0,0.0
2025-06-17 03:50:00+00:00,15.109999656677246,15.109999656677246,15.109999656677246,15.109999656677246,5000,0.0,0.0,0.0
2025-06-17 03:55:00+00:00,15.109999656677246,15.109999656677246,15.100000381469727,15.100000381469727,42000,0.0,0.0,0.0
2025-06-17 04:00:00+00:00,15.100000381469727,15.100000381469727,15.100000381469727,15.100000381469727,10010,0.0,0.0,0.0
2025-06-17 04:05:00+00:00,15.100000381469727,15.109999656677246,15.100000381469727,15.109999656677246,6050,0.0,0.0,0.0
2025-06-17 04:10:00+00:00,15.100000381469727,15.100000381469727,15.100000381469727,15.100000381469727,20000,0.0,0.0,0.0
2025-06-17 04:15:00+00:00,15.100000381469727,15.100000381469727,15.09000015258789,15.09000015258789,71000,0.0,0.0,0.0
2025-06-17 04:20:00+00:00,15.100000381469727,15.100000381469727,15.09000015258789,15.100000381469727,10010,0.0,0.0,0.0
2025-06-17 04:25:00+00:00,15.109999656677246,15.119999885559082,15.109999656677246,15.119999885559082,53547,0.0,0.0,0.0
2025-06-17 04:30:00+00:00,15.119999885559082,15.130000114440918,15.119999885559082,15.130000114440918,300100,0.0,0.0,0.0
2025-06-17 04:35:00+00:00,15.130000114440918,15.130000114440918,15.130000114440918,15.130000114440918,20452,0.0,0.0,0.0
2025-06-17 04:40:00+00:00,15.130000114440918,15.140000343322754,15.130000114440918,15.140000343322754,203000,0.0,0.0,0.0
2025-06-17 04:45:00+00:00,15.140000343322754,15.140000343322754,15.140000343322754,15.140000343322754,58181,0.0,0.0,0.0
2025-06-17 04:50:00+00:00,15.140000343322754,15.140000343322754,15.140000343322754,15.140000343322754,39003,0.0,0.0,0.0
2025-06-17 04:55:00+00:00,15.130000114440918,15.130000114440918,15.119999885559082,15.119999885559082,103300,0.0,0.0,0.0
2025-06-17 05:00:00+00:00,15.109999656677246,15.109999656677246,15.109999656677246,15.109999656677246,1000,0.0,0.0,0.0
2025-06-17 05:05:00+00:00,15.100000381469727,15.100000381469727,15.09000015258789,15.09000015258789,14000,0.0,0.0,0.0
2025-06-17 05:10:00+00:00,15.09000015258789,15.100000381469727,15.09000015258789,15.100000381469727,24047,0.0,0.0,0.0
2025-06-17 05:15:00+00:00,15.100000381469727,15.100000381469727,15.100000381469727,15.100000381469727,1012,0.0,0.0,0.0
2025-06-17 05:20:00+00:00,15.100000381469727,15.100000381469727,15.100000381469727,15.100000381469727,6150,0.0,0.0,0.0
2025-06-18 01:00:00+00:00,15.079999923706055,15.079999923706055,15.079999923706055,15.079999923706055,0,0.0,0.0,0.0
2025-06-18 01:05:00+00:00,15.039999961853027,15.039999961853027,15.020000457763672,15.020000457763672,182834,0.0,0.0,0.0
2025-06-18 01:10:00+00:00,15.0,15.010000228881836,15.0,15.010000228881836,21451,0.0,0.0,0.0
2025-06-18 01:15:00+00:00,15.010000228881836,15.010000228881836,15.0,15.010000228881836,80810,0.0,0.0,0.0
2025-06-18 01:20:00+00:00,15.0,15.020000457763672,15.0,15.020000457763672,13000,0.0,0.0,0.0
2025-06-18 01:25:00+00:00,15.020000457763672,15.020000457763672,15.010000228881836,15.010000228881836,11395,0.0,0.0,0.0
2025-06-18 01:30:00+00:00,15.010000228881836,15.020000457763672,15.010000228881836,15.020000457763672,12000,0.0,0.0,0.0
2025-06-18 01:35:00+00:00,15.029999732971191,15.039999961853027,15.029999732971191,15.039999961853027,16235,0.0,0.0,0.0
2025-06-18 01:45:00+00:00,15.039999961853027,15.039999961853027,15.039999961853027,15.039999961853027,100050,0.0,0.0,0.0
2025-06-18 01:50:00+00:00,15.039999961853027,15.050000190734863,15.039999961853027,15.050000190734863,277000,0.0,0.0,0.0
2025-06-18 01:55:00+00:00,15.050000190734863,15.0600004196167,15.050000190734863,15.0600004196167,11889,0.0,0.0,0.0
2025-06-18 02:10:00+00:00,15.050000190734863,15.0600004196167,15.050000190734863,15.050000190734863,42195,0.0,0.0,0.0
2025-06-18 02:15:00+00:00,15.050000190734863,15.069999694824219,15.050000190734863,15.069999694824219,6707,0.0,0.0,0.0
2025-06-18 02:20:00+00:00,15.050000190734863,15.069999694824219,15.050000190734863,15.069999694824219,23217,0.0,0.0,0.0
2025-06-18 02:25:00+00:00,15.079999923706055,15.079999923706055,15.0600004196167,15.0600004196167,3333,0.0,0.0,0.0
2025-06-18 02:35:00+00:00,15.079999923706055,15.09000015258789,15.079999923706055,15.09000015258789,53160,0.0,0.0,0.0
2025-06-18 02:40:00+00:00,15.079999923706055,15.079999923706055,15.079999923706055,15.079999923706055,1000,0.0,0.0,0.0
2025-06-18 02:45:00+00:00,15.079999923706055,15.09000015258789,15.079999923706055,15.09000015258789,5002,0.0,0.0,0.0
2025-06-18 02:50:00+00:00,15.100000381469727,15.100000381469727,15.09000015258789,15.09000015258789,60035,0.0,0.0,0.0
2025-06-18 02:55:00+00:00,15.09000015258789,15.09000015258789,15.09000015258789,15.09000015258789,30305,0.0,0.0,0.0
2025-06-18 03:00:00+00:00,15.09000015258789,15.09000015258789,15.09000015258789,15.09000015258789,3100,0.0,0.0,0.0
2025-06-18 03:05:00+00:00,15.079999923706055,15.079999923706055,15.069999694824219,15.069999694824219,5048,0.0,0.0,0.0
2025-06-18 03:10:00+00:00,15.069999694824219,15.069999694824219,15.069999694824219,15.069999694824219,1360,0.0,0.0,0.0
2025-06-18 03:15:00+00:00,15.0600004196167,15.0600004196167,15.0600004196167,15.0600004196167,1150,0.0,0.0,0.0
2025-06-18 03:20:00+00:00,15.069999694824219,15.069999694824219,15.069999694824219,15.069999694824219,12000,0.0,0.0,0.0
2025-06-18 03:25:00+00:00,15.069999694824219,15.079999923706055,15.069999694824219,15.079999923706055,13056,0.0,0.0,0.0
2025-06-18 03:30:00+00:00,15.069999694824219,15.069999694824219,15.069999694824219,15.069999694824219,3624,0.0,0.0,0.0
2025-06-18 03:40:00+00:00,15.069999694824219,15.069999694824219,15.069999694824219,15.069999694824219,2000,0.0,0.0,0.0
2025-06-18 03:45:00+00:00,15.069999694824219,15.069999694824219,15.069999694824219,15.069999694824219,5000,0.0,0.0,0.0
2025-06-18 03:50:00+00:00,15.069999694824219,15.069999694824219,15.069999694824219,15.069999694824219,1890,0.0,0.0,0.0
2025-06-18 03:55:00+00:00,15.069999694824219,15.069999694824219,15.069999694824219,15.069999694824219,1100,0.0,0.0,0.0
2025-06-18 04:00:00+00:00,15.069999694824219,15.069999694824219,15.069999694824219,15.069999694824219,4000,0.0,0.0,0.0
2025-06-18 04:05:00+00:00,15.0600004196167,15.0600004196167,15.0600004196167,15.0600004196167,1000,0.0,0.0,0.0
2025-06-18 04:10:00+00:00,15.0600004196167,15.0600004196167,15.0600004196167,15.0600004196167,218781,0.0,0.0,0.0
2025-06-18 04:15:00+00:00,15.050000190734863,15.050000190734863,15.050000190734863,15.050000190734863,5069,0.0,0.0,0.0
2025-06-18 04:20:00+00:00,15.050000190734863,15.050000190734863,15.050000190734863,15.050000190734863,5525,0.0,0.0,0.0
2025-06-18 04:30:00+00:00,15.039999961853027,15.039999961853027,15.029999732971191,15.029999732971191,5643,0.0,0.0,0.0
2025-06-18 04:35:00+00:00,15.020000457763672,15.020000457763672,15.020000457763672,15.020000457763672,193500,0.0,0.0,0.0
2025-06-18 04:40:00+00:00,15.020000457763672,15.029999732971191,15.020000457763672,15.029999732971191,19240,0.0,0.0,0.0
2025-06-18 04:55:00+00:00,15.039999961853027,15.039999961853027,15.039999961853027,15.039999961853027,13002,0.0,0.0,0.0
2025-06-18 05:00:00+00:00,15.039999961853027,15.050000190734863,15.039999961853027,15.050000190734863,17034,0.0,0.0,0.0
2025-06-18 05:10:00+00:00,15.050000190734863,15.0600004196167,15.050000190734863,15.050000190734863,41122,0.0,0.0,0.0
2025-06-18 05:15:00+00:00,15.039999961853027,15.050000190734863,15.039999961853027,15.039999961853027,31426,0.0,0.0,0.0
2025-06-18 05:20:00+00:00,15.039999961853027,15.050000190734863,15.039999961853027,15.050000190734863,22235,0.0,0.0,0.0
2025-06-19 01:00:00+00:00,15.029999732971191,15.029999732971191,15.010000228881836,15.010000228881836,0,0.0,0.0,0.0
2025-06-19 01:05:00+00:00,15.0,15.0,15.0,15.0,14478,0.0,0.0,0.0
2025-06-19 01:10:00+00:00,15.0,15.0,15.0,15.0,4153,0.0,0.0,0.0
2025-06-19 01:20:00+00:00,14.989999771118164,14.989999771118164,14.989999771118164,14.989999771118164,354391,0.0,0.0,0.0
2025-06-19 01:25:00+00:00,14.989999771118164,14.989999771118164,14.989999771118164,14.989999771118164,140059,0.0,0.0,0.0
2025-06-19 01:30:00+00:00,14.989999771118164,15.0,14.989999771118164,15.0,37110,0.0,0.0,0.0
2025-06-19 01:35:00+00:00,14.989999771118164,14.989999771118164,14.970000267028809,14.970000267028809,674805,0.0,0.0,0.0
2025-06-19 01:40:00+00:00,14.970000267028809,14.979999542236328,14.970000267028809,14.979999542236328,158000,0.0,0.0,0.0
2025-06-19 01:45:00+00:00,14.979999542236328,14.979999542236328,14.960000038146973,14.960000038146973,12012,0.0,0.0,0.0
2025-06-19 01:50:00+00:00,14.960000038146973,14.960000038146973,14.960000038146973,14.960000038146973,16887,0.0,0.0,0.0
2025-06-19 02:00:00+00:00,14.979999542236328,14.979999542236328,14.979999542236328,14.979999542236328,5627,0.0,0.0,0.0
2025-06-19 02:05:00+00:00,14.979999542236328,14.979999542236328,14.979999542236328,14.979999542236328,1343,0.0,0.0,0.0
2025-06-19 02:15:00+00:00,14.979999542236328,14.979999542236328,14.979999542236328,14.979999542236328,2290,0.0,0.0,0.0
2025-06-19 02:20:00+00:00,14.960000038146973,14.970000267028809,14.949999809265137,14.949999809265137,16365,0.0,0.0,0.0
2025-06-19 02:25:00+00:00,14.960000038146973,14.960000038146973,14.9399995803833,14.9399995803833,429000,0.0,0.0,0.0
2025-06-19 02:30:00+00:00,14.970000267028809,14.970000267028809,14.970000267028809,14.970000267028809,2143,0.0,0.0,0.0
2025-06-19 02:35:00+00:00,14.9399995803833,14.9399995803833,14.9399995803833,14.9399995803833,101102,0.0,0.0,0.0
2025-06-19 02:45:00+00:00,14.9399995803833,14.960000038146973,14.9399995803833,14.960000038146973,3590,0.0,0.0,0.0
2025-06-19 02:50:00+00:00,14.949999809265137,14.949999809265137,14.949999809265137,14.949999809265137,7000,0.0,0.0,0.0
2025-06-19 02:55:00+00:00,14.9399995803833,14.9399995803833,14.930000305175781,14.930000305175781,355311,0.0,0.0,0.0
2025-06-19 03:05:00+00:00,14.930000305175781,14.930000305175781,14.930000305175781,14.930000305175781,1050,0.0,0.0,0.0
2025-06-19 03:15:00+00:00,14.930000305175781,14.930000305175781,14.930000305175781,14.930000305175781,10150,0.0,0.0,0.0
2025-06-19 03:20:00+00:00,14.930000305175781,14.930000305175781,14.930000305175781,14.930000305175781,31128,0.0,0.0,0.0
2025-06-19 03:40:00+00:00,14.949999809265137,14.949999809265137,14.949999809265137,14.949999809265137,1000,0.0,0.0,0.0
2025-06-19 03:45:00+00:00,14.9399995803833,14.9399995803833,14.930000305175781,14.930000305175781,26000,0.0,0.0,0.0
2025-06-19 03:50:00+00:00,14.930000305175781,14.930000305175781,14.930000305175781,14.930000305175781,1872,0.0,0.0,0.0
2025-06-19 04:00:00+00:00,14.9399995803833,14.9399995803833,14.9399995803833,14.9399995803833,4000,0.0,0.0,0.0
2025-06-19 04:05:00+00:00,14.9399995803833,14.9399995803833,14.9399995803833,14.9399995803833,1510,0.0,0.0,0.0
2025-06-19 04:15:00+00:00,14.9399995803833,14.9399995803833,14.9399995803833,14.9399995803833,6110,0.0,0.0,0.0
2025-06-19 04:20:00+00:00,14.9399995803833,14.9399995803833,14.9399995803833,14.9399995803833,5000,0.0,0.0,0.0
2025-06-19 04:25:00+00:00,14.9399995803833,14.9399995803833,14.930000305175781,14.930000305175781,6325,0.0,0.0,0.0
2025-06-19 04:30:00+00:00,14.930000305175781,14.930000305175781,14.920000076293945,14.920000076293945,31578,0.0,0.0,0.0
2025-06-19 04:35:00+00:00,14.920000076293945,14.920000076293945,14.920000076293945,14.920000076293945,4252,0.0,0.0,0.0
2025-06-19 04:45:00+00:00,14.930000305175781,14.930000305175781,14.930000305175781,14.930000305175781,4944,0.0,0.0,0.0
2025-06-19 05:00:00+00:00,14.920000076293945,14.920000076293945,14.899999618530273,14.899999618530273,38747,0.0,0.0,0.0
2025-06-19 05:05:00+00:00,14.899999618530273,14.899999618530273,14.899999618530273,14.899999618530273,34033,0.0,0.0,0.0
2025-06-19 05:15:00+00:00,14.920000076293945,14.920000076293945,14.920000076293945,14.920000076293945,1225,0.0,0.0,0.0
2025-06-19 05:20:00+00:00,14.90999984741211,14.90999984741211,14.90999984741211,14.90999984741211,9021,0.0,0.0,0.0
2025-06-20 01:00:00+00:00,14.899999618530273,14.899999618530273,14.899999618530273,14.899999618530273,0,0.0,0.0,0.0
2025-06-20 01:05:00+00:00,14.899999618530273,14.90999984741211,14.880000114440918,14.899999618530273,217000,0.0,0.0,0.0
2025-06-20 01:10:00+00:00,14.880000114440918,14.880000114440918,14.880000114440918,14.880000114440918,2177,0.0,0.0,0.0
2025-06-20 01:15:00+00:00,14.869999885559082,14.869999885559082,14.869999885559082,14.869999885559082,1000,0.0,0.0,0.0
2025-06-20 01:20:00+00:00,14.859999656677246,14.859999656677246,14.84000015258789,14.84000015258789,19986,0.0,0.0,0.0
2025-06-20 01:25:00+00:00,14.829999923706055,14.84000015258789,14.8100004196167,14.8100004196167,11320,0.0,0.0,0.0
2025-06-20 01:30:00+00:00,14.8100004196167,14.819999694824219,14.800000190734863,14.800000190734863,24290,0.0,0.0,0.0
2025-06-20 01:35:00+00:00,14.800000190734863,14.800000190734863,14.779999732971191,14.779999732971191,49318,0.0,0.0,0.0
2025-06-20 01:40:00+00:00,14.770000457763672,14.779999732971191,14.760000228881836,14.760000228881836,38852,0.0,0.0,0.0
2025-06-20 01:45:00+00:00,14.75,14.760000228881836,14.75,14.75,46240,0.0,0.0,0.0
2025-06-20 01:50:00+00:00,14.75,14.760000228881836,14.75,14.75,10354,0.0,0.0,0.0
2025-06-20 01:55:00+00:00,14.75,14.75,14.75,14.75,3150,0.0,0.0,0.0
2025-06-20 02:00:00+00:00,14.75,14.75,14.75,14.75,39000,0.0,0.0,0.0
2025-06-20 02:05:00+00:00,14.760000228881836,14.760000228881836,14.75,14.75,41862,0.0,0.0,0.0
2025-06-20 02:10:00+00:00,14.75,14.75,14.75,14.75,4000,0.0,0.0,0.0
2025-06-20 02:15:00+00:00,14.760000228881836,14.760000228881836,14.760000228881836,14.760000228881836,3000,0.0,0.0,0.0
2025-06-20 02:20:00+00:00,14.760000228881836,14.760000228881836,14.760000228881836,14.760000228881836,2000,0.0,0.0,0.0
2025-06-20 02:25:00+00:00,14.760000228881836,14.760000228881836,14.760000228881836,14.760000228881836,4030,0.0,0.0,0.0
2025-06-20 02:30:00+00:00,14.760000228881836,14.760000228881836,14.75,14.760000228881836,15000,0.0,0.0,0.0
2025-06-20 02:40:00+00:00,14.770000457763672,14.770000457763672,14.770000457763672,14.770000457763672,1000,0.0,0.0,0.0
2025-06-20 02:45:00+00:00,14.770000457763672,14.770000457763672,14.760000228881836,14.770000457763672,12871,0.0,0.0,0.0
2025-06-20 02:55:00+00:00,14.75,14.75,14.75,14.75,173436,0.0,0.0,0.0
2025-06-20 03:00:00+00:00,14.75,14.75,14.75,14.75,2330,0.0,0.0,0.0
2025-06-20 03:10:00+00:00,14.75,14.75,14.739999771118164,14.739999771118164,8546,0.0,0.0,0.0
2025-06-20 03:20:00+00:00,14.739999771118164,14.75,14.739999771118164,14.739999771118164,15775,0.0,0.0,0.0
2025-06-20 03:25:00+00:00,14.75,14.75,14.75,14.75,1000,0.0,0.0,0.0
2025-06-20 03:30:00+00:00,14.760000228881836,14.760000228881836,14.75,14.75,107150,0.0,0.0,0.0
2025-06-20 03:35:00+00:00,14.760000228881836,14.770000457763672,14.760000228881836,14.770000457763672,65550,0.0,0.0,0.0
2025-06-20 03:45:00+00:00,14.770000457763672,14.770000457763672,14.770000457763672,14.770000457763672,2000,0.0,0.0,0.0
2025-06-20 03:50:00+00:00,14.779999732971191,14.779999732971191,14.779999732971191,14.779999732971191,5000,0.0,0.0,0.0
2025-06-20 03:55:00+00:00,14.770000457763672,14.770000457763672,14.770000457763672,14.770000457763672,1010,0.0,0.0,0.0
2025-06-20 04:20:00+00:00,14.770000457763672,14.770000457763672,14.770000457763672,14.770000457763672,6297,0.0,0.0,0.0
2025-06-20 04:30:00+00:00,14.770000457763672,14.770000457763672,14.770000457763672,14.770000457763672,1000,0.0,0.0,0.0
2025-06-20 04:35:00+00:00,14.760000228881836,14.760000228881836,14.760000228881836,14.760000228881836,5000,0.0,0.0,0.0
2025-06-20 04:45:00+00:00,14.760000228881836,14.760000228881836,14.760000228881836,14.760000228881836,3360,0.0,0.0,0.0
2025-06-20 04:50:00+00:00,14.760000228881836,14.770000457763672,14.760000228881836,14.770000457763672,11000,0.0,0.0,0.0
2025-06-20 04:55:00+00:00,14.770000457763672,14.770000457763672,14.770000457763672,14.770000457763672,3222,0.0,0.0,0.0
2025-06-20 05:00:00+00:00,14.760000228881836,14.760000228881836,14.760000228881836,14.760000228881836,1285,0.0,0.0,0.0
2025-06-20 05:05:00+00:00,14.75,14.75,14.75,14.75,10095,0.0,0.0,0.0
2025-06-20 05:10:00+00:00,14.75,14.779999732971191,14.75,14.779999732971191,9584,0.0,0.0,0.0
2025-06-20 05:15:00+00:00,14.760000228881836,14.760000228881836,14.760000228881836,14.760000228881836,3000,0.0,0.0,0.0
2025-06-20 05:20:00+00:00,14.760000228881836,14.760000228881836,14.760000228881836,14.760000228881836,3263,0.0,0.0,0.0
2025-06-23 01:00:00+00:00,14.5600004196167,14.5600004196167,14.510000228881836,14.510000228881836,0,0.0,0.0,0.0
2025-06-23 01:05:00+00:00,14.600000381469727,14.609999656677246,14.600000381469727,14.600000381469727,35192,0.0,0.0,0.0
2025-06-23 01:10:00+00:00,14.609999656677246,14.609999656677246,14.600000381469727,14.600000381469727,17000,0.0,0.0,0.0
2025-06-23 01:15:00+00:00,14.59000015258789,14.59000015258789,14.550000190734863,14.550000190734863,13359,0.0,0.0,0.0
2025-06-23 01:20:00+00:00,14.550000190734863,14.550000190734863,14.539999961853027,14.539999961853027,23219,0.0,0.0,0.0
2025-06-23 01:25:00+00:00,14.529999732971191,14.529999732971191,14.5,14.5,55445,0.0,0.0,0.0
2025-06-23 01:30:00+00:00,14.5,14.520000457763672,14.5,14.520000457763672,81093,0.0,0.0,0.0
2025-06-23 01:35:00+00:00,14.539999961853027,14.539999961853027,14.539999961853027,14.539999961853027,7000,0.0,0.0,0.0
2025-06-23 01:40:00+00:00,14.529999732971191,14.529999732971191,14.529999732971191,14.529999732971191,9318,0.0,0.0,0.0
2025-06-23 01:45:00+00:00,14.539999961853027,14.539999961853027,14.529999732971191,14.529999732971191,4573,0.0,0.0,0.0
2025-06-23 01:50:00+00:00,14.529999732971191,14.550000190734863,14.529999732971191,14.550000190734863,19000,0.0,0.0,0.0
2025-06-23 01:55:00+00:00,14.529999732971191,14.529999732971191,14.520000457763672,14.520000457763672,10411,0.0,0.0,0.0
2025-06-23 02:00:00+00:00,14.550000190734863,14.550000190734863,14.520000457763672,14.520000457763672,4316,0.0,0.0,0.0
2025-06-23 02:05:00+00:00,14.539999961853027,14.539999961853027,14.539999961853027,14.539999961853027,100000,0.0,0.0,0.0
2025-06-23 02:10:00+00:00,14.550000190734863,14.550000190734863,14.550000190734863,14.550000190734863,1000,0.0,0.0,0.0
2025-06-23 02:15:00+00:00,14.550000190734863,14.550000190734863,14.539999961853027,14.539999961853027,19235,0.0,0.0,0.0
2025-06-23 02:20:00+00:00,14.539999961853027,14.550000190734863,14.539999961853027,14.550000190734863,121050,0.0,0.0,0.0
2025-06-23 02:25:00+00:00,14.539999961853027,14.539999961853027,14.539999961853027,14.539999961853027,60067,0.0,0.0,0.0
2025-06-23 02:30:00+00:00,14.5600004196167,14.5600004196167,14.539999961853027,14.539999961853027,33000,0.0,0.0,0.0
2025-06-23 02:35:00+00:00,14.539999961853027,14.539999961853027,14.539999961853027,14.539999961853027,3091,0.0,0.0,0.0
2025-06-23 02:40:00+00:00,14.539999961853027,14.539999961853027,14.539999961853027,14.539999961853027,100300,0.0,0.0,0.0
2025-06-23 02:45:00+00:00,14.5600004196167,14.5600004196167,14.529999732971191,14.529999732971191,10767,0.0,0.0,0.0
2025-06-23 02:50:00+00:00,14.539999961853027,14.539999961853027,14.539999961853027,14.539999961853027,2000,0.0,0.0,0.0
2025-06-23 02:55:00+00:00,14.539999961853027,14.550000190734863,14.539999961853027,14.550000190734863,6500,0.0,0.0,0.0
2025-06-23 03:00:00+00:00,14.550000190734863,14.5600004196167,14.539999961853027,14.539999961853027,7224,0.0,0.0,0.0
2025-06-23 03:10:00+00:00,14.539999961853027,14.539999961853027,14.539999961853027,14.539999961853027,1000,0.0,0.0,0.0
2025-06-23 03:15:00+00:00,14.550000190734863,14.569999694824219,14.539999961853027,14.539999961853027,4000,0.0,0.0,0.0
2025-06-23 03:25:00+00:00,14.579999923706055,14.579999923706055,14.5600004196167,14.5600004196167,32000,0.0,0.0,0.0
2025-06-23 03:30:00+00:00,14.579999923706055,14.579999923706055,14.579999923706055,14.579999923706055,1000,0.0,0.0,0.0
2025-06-23 03:40:00+00:00,14.579999923706055,14.579999923706055,14.579999923706055,14.579999923706055,7095,0.0,0.0,0.0
2025-06-23 03:45:00+00:00,14.59000015258789,14.59000015258789,14.569999694824219,14.569999694824219,5008,0.0,0.0,0.0
2025-06-23 03:50:00+00:00,14.569999694824219,14.569999694824219,14.569999694824219,14.569999694824219,1590,0.0,0.0,0.0
2025-06-23 04:00:00+00:00,14.569999694824219,14.569999694824219,14.569999694824219,14.569999694824219,2018,0.0,0.0,0.0
2025-06-23 04:10:00+00:00,14.569999694824219,14.569999694824219,14.569999694824219,14.569999694824219,1000,0.0,0.0,0.0
2025-06-23 04:15:00+00:00,14.579999923706055,14.579999923706055,14.579999923706055,14.579999923706055,84198,0.0,0.0,0.0
2025-06-23 04:20:00+00:00,14.579999923706055,14.579999923706055,14.579999923706055,14.579999923706055,10343,0.0,0.0,0.0
2025-06-23 04:25:00+00:00,14.579999923706055,14.59000015258789,14.579999923706055,14.59000015258789,3250,0.0,0.0,0.0
2025-06-23 04:30:00+00:00,14.59000015258789,14.59000015258789,14.59000015258789,14.59000015258789,6145,0.0,0.0,0.0
2025-06-23 04:35:00+00:00,14.59000015258789,14.59000015258789,14.579999923706055,14.579999923706055,7210,0.0,0.0,0.0
2025-06-23 04:40:00+00:00,14.569999694824219,14.569999694824219,14.569999694824219,14.569999694824219,3500,0.0,0.0,0.0
2025-06-23 04:45:00+00:00,14.569999694824219,14.59000015258789,14.569999694824219,14.59000015258789,6100,0.0,0.0,0.0
2025-06-23 04:50:00+00:00,14.579999923706055,14.579999923706055,14.579999923706055,14.579999923706055,25208,0.0,0.0,0.0
2025-06-23 04:55:00+00:00,14.579999923706055,14.579999923706055,14.579999923706055,14.579999923706055,2100,0.0,0.0,0.0
2025-06-23 05:00:00+00:00,14.600000381469727,14.600000381469727,14.600000381469727,14.600000381469727,7104,0.0,0.0,0.0
2025-06-23 05:05:00+00:00,14.600000381469727,14.600000381469727,14.600000381469727,14.600000381469727,2141,0.0,0.0,0.0
2025-06-23 05:10:00+00:00,14.59000015258789,14.59000015258789,14.59000015258789,14.59000015258789,1500,0.0,0.0,0.0
2025-06-23 05:15:00+00:00,14.59000015258789,14.609999656677246,14.59000015258789,14.600000381469727,36000,0.0,0.0,0.0
2025-06-23 05:20:00+00:00,14.600000381469727,14.600000381469727,14.600000381469727,14.600000381469727,1309,0.0,0.0,0.0
2025-06-24 01:00:00+00:00,14.770000457763672,14.770000457763672,14.770000457763672,14.770000457763672,0,0.0,0.0,0.0
2025-06-24 01:05:00+00:00,14.770000457763672,14.800000190734863,14.760000228881836,14.800000190734863,23097,0.0,0.0,0.0
2025-06-24 01:15:00+00:00,14.800000190734863,14.819999694824219,14.800000190734863,14.819999694824219,64700,0.0,0.0,0.0
2025-06-24 01:20:00+00:00,14.819999694824219,14.819999694824219,14.819999694824219,14.819999694824219,6047,0.0,0.0,0.0
2025-06-24 01:25:00+00:00,14.789999961853027,14.789999961853027,14.789999961853027,14.789999961853027,1100,0.0,0.0,0.0
2025-06-24 01:30:00+00:00,14.789999961853027,14.789999961853027,14.789999961853027,14.789999961853027,2002,0.0,0.0,0.0
2025-06-24 01:35:00+00:00,14.770000457763672,14.779999732971191,14.770000457763672,14.779999732971191,11020,0.0,0.0,0.0
2025-06-24 01:40:00+00:00,14.779999732971191,14.789999961853027,14.779999732971191,14.789999961853027,15027,0.0,0.0,0.0
2025-06-24 01:50:00+00:00,14.789999961853027,14.789999961853027,14.789999961853027,14.789999961853027,1000,0.0,0.0,0.0
2025-06-24 01:55:00+00:00,14.789999961853027,14.789999961853027,14.789999961853027,14.789999961853027,4310,0.0,0.0,0.0
2025-06-24 02:00:00+00:00,14.779999732971191,14.779999732971191,14.779999732971191,14.779999732971191,16000,0.0,0.0,0.0
2025-06-24 02:05:00+00:00,14.779999732971191,14.779999732971191,14.760000228881836,14.760000228881836,103397,0.0,0.0,0.0
2025-06-24 02:15:00+00:00,14.770000457763672,14.770000457763672,14.770000457763672,14.770000457763672,2545,0.0,0.0,0.0
2025-06-24 02:30:00+00:00,14.770000457763672,14.779999732971191,14.770000457763672,14.779999732971191,62261,0.0,0.0,0.0
2025-06-24 02:40:00+00:00,14.770000457763672,14.770000457763672,14.760000228881836,14.760000228881836,23500,0.0,0.0,0.0
2025-06-24 02:45:00+00:00,14.760000228881836,14.760000228881836,14.760000228881836,14.760000228881836,15216,0.0,0.0,0.0
2025-06-24 02:50:00+00:00,14.75,14.75,14.75,14.75,5000,0.0,0.0,0.0
2025-06-24 02:55:00+00:00,14.75,14.75,14.75,14.75,20165,0.0,0.0,0.0
2025-06-24 03:00:00+00:00,14.75,14.760000228881836,14.75,14.760000228881836,66135,0.0,0.0,0.0
2025-06-24 03:10:00+00:00,14.770000457763672,14.770000457763672,14.770000457763672,14.770000457763672,12358,0.0,0.0,0.0
2025-06-24 03:20:00+00:00,14.770000457763672,14.779999732971191,14.770000457763672,14.779999732971191,106096,0.0,0.0,0.0
2025-06-24 03:25:00+00:00,14.779999732971191,14.779999732971191,14.779999732971191,14.779999732971191,8500,0.0,0.0,0.0
2025-06-24 03:30:00+00:00,14.779999732971191,14.800000190734863,14.779999732971191,14.800000190734863,80598,0.0,0.0,0.0
2025-06-24 03:35:00+00:00,14.8100004196167,14.8100004196167,14.8100004196167,14.8100004196167,2015,0.0,0.0,0.0
2025-06-24 03:40:00+00:00,14.779999732971191,14.779999732971191,14.779999732971191,14.779999732971191,10000,0.0,0.0,0.0
2025-06-24 03:45:00+00:00,14.779999732971191,14.779999732971191,14.779999732971191,14.779999732971191,1000,0.0,0.0,0.0
2025-06-24 03:50:00+00:00,14.779999732971191,14.779999732971191,14.770000457763672,14.770000457763672,4967,0.0,0.0,0.0
2025-06-24 04:00:00+00:00,14.779999732971191,14.779999732971191,14.779999732971191,14.779999732971191,10000,0.0,0.0,0.0
2025-06-24 04:05:00+00:00,14.770000457763672,14.770000457763672,14.760000228881836,14.760000228881836,4000,0.0,0.0,0.0
2025-06-24 04:10:00+00:00,14.760000228881836,14.760000228881836,14.760000228881836,14.760000228881836,4100,0.0,0.0,0.0
2025-06-24 04:15:00+00:00,14.760000228881836,14.760000228881836,14.760000228881836,14.760000228881836,100085,0.0,0.0,0.0
2025-06-24 04:20:00+00:00,14.760000228881836,14.760000228881836,14.760000228881836,14.760000228881836,5000,0.0,0.0,0.0
2025-06-24 04:25:00+00:00,14.75,14.760000228881836,14.75,14.760000228881836,21065,0.0,0.0,0.0
2025-06-24 04:35:00+00:00,14.770000457763672,14.770000457763672,14.760000228881836,14.760000228881836,60000,0.0,0.0,0.0
2025-06-24 04:40:00+00:00,14.770000457763672,14.779999732971191,14.770000457763672,14.779999732971191,20507,0.0,0.0,0.0
2025-06-24 04:45:00+00:00,14.779999732971191,14.779999732971191,14.779999732971191,14.779999732971191,1988,0.0,0.0,0.0
2025-06-24 04:50:00+00:00,14.779999732971191,14.789999961853027,14.770000457763672,14.789999961853027,31050,0.0,0.0,0.0
2025-06-24 04:55:00+00:00,14.779999732971191,14.779999732971191,14.779999732971191,14.779999732971191,5733,0.0,0.0,0.0
2025-06-24 05:00:00+00:00,14.789999961853027,14.789999961853027,14.789999961853027,14.789999961853027,9177,0.0,0.0,0.0
2025-06-24 05:10:00+00:00,14.779999732971191,14.779999732971191,14.779999732971191,14.779999732971191,1046,0.0,0.0,0.0
2025-06-24 05:15:00+00:00,14.779999732971191,14.779999732971191,14.779999732971191,14.779999732971191,7094,0.0,0.0,0.0
2025-06-24 05:20:00+00:00,14.789999961853027,14.789999961853027,14.779999732971191,14.779999732971191,6000,0.0,0.0,0.0
2025-06-25 01:00:00+00:00,14.800000190734863,14.84000015258789,14.800000190734863,14.819999694824219,0,0.0,0.0,0.0
2025-06-25 01:05:00+00:00,14.819999694824219,14.819999694824219,14.8100004196167,14.8100004196167,135000,0.0,0.0,0.0
2025-06-25 01:10:00+00:00,14.789999961853027,14.789999961853027,14.789999961853027,14.789999961853027,64665,0.0,0.0,0.0
2025-06-25 01:15:00+00:00,14.789999961853027,14.789999961853027,14.789999961853027,14.789999961853027,53574,0.0,0.0,0.0
2025-06-25 01:25:00+00:00,14.779999732971191,14.779999732971191,14.770000457763672,14.770000457763672,106950,0.0,0.0,0.0
2025-06-25 01:30:00+00:00,14.770000457763672,14.770000457763672,14.770000457763672,14.770000457763672,21533,0.0,0.0,0.0
2025-06-25 01:35:00+00:00,14.789999961853027,14.819999694824219,14.789999961853027,14.819999694824219,79340,0.0,0.0,0.0
2025-06-25 01:40:00+00:00,14.8100004196167,14.8100004196167,14.8100004196167,14.8100004196167,1000,0.0,0.0,0.0
2025-06-25 01:45:00+00:00,14.800000190734863,14.800000190734863,14.800000190734863,14.800000190734863,3305,0.0,0.0,0.0
2025-06-25 01:50:00+00:00,14.800000190734863,14.800000190734863,14.800000190734863,14.800000190734863,1010,0.0,0.0,0.0
2025-06-25 02:00:00+00:00,14.800000190734863,14.800000190734863,14.789999961853027,14.789999961853027,2000,0.0,0.0,0.0
2025-06-25 02:05:00+00:00,14.789999961853027,14.789999961853027,14.789999961853027,14.789999961853027,8000,0.0,0.0,0.0
2025-06-25 02:10:00+00:00,14.800000190734863,14.800000190734863,14.800000190734863,14.800000190734863,3250,0.0,0.0,0.0
2025-06-25 02:15:00+00:00,14.800000190734863,14.800000190734863,14.800000190734863,14.800000190734863,39150,0.0,0.0,0.0
2025-06-25 02:20:00+00:00,14.789999961853027,14.789999961853027,14.789999961853027,14.789999961853027,2468,0.0,0.0,0.0
2025-06-25 02:25:00+00:00,14.779999732971191,14.779999732971191,14.779999732971191,14.779999732971191,30000,0.0,0.0,0.0
2025-06-25 02:30:00+00:00,14.779999732971191,14.779999732971191,14.770000457763672,14.770000457763672,24000,0.0,0.0,0.0
2025-06-25 02:35:00+00:00,14.779999732971191,14.779999732971191,14.779999732971191,14.779999732971191,11000,0.0,0.0,0.0
2025-06-25 02:40:00+00:00,14.789999961853027,14.789999961853027,14.779999732971191,14.779999732971191,7005,0.0,0.0,0.0
2025-06-25 02:45:00+00:00,14.779999732971191,14.789999961853027,14.779999732971191,14.779999732971191,29102,0.0,0.0,0.0
2025-06-25 02:55:00+00:00,14.779999732971191,14.779999732971191,14.779999732971191,14.779999732971191,5139,0.0,0.0,0.0
2025-06-25 03:00:00+00:00,14.789999961853027,14.789999961853027,14.789999961853027,14.789999961853027,5000,0.0,0.0,0.0
2025-06-25 03:05:00+00:00,14.800000190734863,14.800000190734863,14.800000190734863,14.800000190734863,11049,0.0,0.0,0.0
2025-06-25 03:10:00+00:00,14.800000190734863,14.800000190734863,14.800000190734863,14.800000190734863,21094,0.0,0.0,0.0
2025-06-25 03:15:00+00:00,14.800000190734863,14.800000190734863,14.800000190734863,14.800000190734863,8200,0.0,0.0,0.0
2025-06-25 03:20:00+00:00,14.800000190734863,14.8100004196167,14.800000190734863,14.8100004196167,62500,0.0,0.0,0.0
2025-06-25 03:30:00+00:00,14.8100004196167,14.8100004196167,14.8100004196167,14.8100004196167,2060,0.0,0.0,0.0
2025-06-25 03:35:00+00:00,14.8100004196167,14.8100004196167,14.8100004196167,14.8100004196167,15844,0.0,0.0,0.0
2025-06-25 03:40:00+00:00,14.8100004196167,14.819999694824219,14.8100004196167,14.819999694824219,85020,0.0,0.0,0.0
2025-06-25 03:45:00+00:00,14.8100004196167,14.8100004196167,14.8100004196167,14.8100004196167,100000,0.0,0.0,0.0
2025-06-25 03:55:00+00:00,14.8100004196167,14.8100004196167,14.8100004196167,14.8100004196167,3000,0.0,0.0,0.0
2025-06-25 04:00:00+00:00,14.8100004196167,14.8100004196167,14.8100004196167,14.8100004196167,107000,0.0,0.0,0.0
2025-06-25 04:15:00+00:00,14.8100004196167,14.8100004196167,14.8100004196167,14.8100004196167,37200,0.0,0.0,0.0
2025-06-25 04:20:00+00:00,14.8100004196167,14.8100004196167,14.8100004196167,14.8100004196167,5100,0.0,0.0,0.0
2025-06-25 04:35:00+00:00,14.8100004196167,14.8100004196167,14.8100004196167,14.8100004196167,3000,0.0,0.0,0.0
2025-06-25 04:40:00+00:00,14.8100004196167,14.8100004196167,14.8100004196167,14.8100004196167,7806,0.0,0.0,0.0
2025-06-25 04:45:00+00:00,14.8100004196167,14.8100004196167,14.8100004196167,14.8100004196167,8660,0.0,0.0,0.0
2025-06-25 04:50:00+00:00,14.8100004196167,14.8100004196167,14.800000190734863,14.8100004196167,5000,0.0,0.0,0.0
2025-06-25 04:55:00+00:00,14.819999694824219,14.819999694824219,14.819999694824219,14.819999694824219,50183,0.0,0.0,0.0
2025-06-25 05:00:00+00:00,14.819999694824219,14.829999923706055,14.819999694824219,14.819999694824219,103000,0.0,0.0,0.0
2025-06-25 05:05:00+00:00,14.819999694824219,14.819999694824219,14.819999694824219,14.819999694824219,4460,0.0,0.0,0.0
2025-06-25 05:15:00+00:00,14.829999923706055,14.829999923706055,14.8100004196167,14.8100004196167,197781,0.0,0.0,0.0
2025-06-25 05:20:00+00:00,14.8100004196167,14.8100004196167,14.8100004196167,14.8100004196167,2203480,0.0,0.0,0.0
2025-06-26 01:00:00+00:00,14.8100004196167,14.8100004196167,14.8100004196167,14.8100004196167,0,0.0,0.0,0.0
2025-06-26 01:05:00+00:00,14.8100004196167,14.819999694824219,14.8100004196167,14.819999694824219,25917,0.0,0.0,0.0
2025-06-26 01:10:00+00:00,14.819999694824219,14.829999923706055,14.819999694824219,14.829999923706055,31162,0.0,0.0,0.0
2025-06-26 01:15:00+00:00,14.84000015258789,14.84000015258789,14.829999923706055,14.829999923706055,21000,0.0,0.0,0.0
2025-06-26 01:20:00+00:00,14.829999923706055,14.829999923706055,14.829999923706055,14.829999923706055,6020,0.0,0.0,0.0
2025-06-26 01:25:00+00:00,14.84000015258789,14.84000015258789,14.84000015258789,14.84000015258789,53149,0.0,0.0,0.0
2025-06-26 01:30:00+00:00,14.850000381469727,14.850000381469727,14.850000381469727,14.850000381469727,2344,0.0,0.0,0.0
2025-06-26 01:35:00+00:00,14.84000015258789,14.850000381469727,14.84000015258789,14.850000381469727,53000,0.0,0.0,0.0
2025-06-26 01:45:00+00:00,14.850000381469727,14.850000381469727,14.829999923706055,14.84000015258789,26254,0.0,0.0,0.0
2025-06-26 01:55:00+00:00,14.84000015258789,14.84000015258789,14.84000015258789,14.84000015258789,11130,0.0,0.0,0.0
2025-06-26 02:00:00+00:00,14.850000381469727,14.850000381469727,14.84000015258789,14.850000381469727,56102,0.0,0.0,0.0
2025-06-26 02:05:00+00:00,14.859999656677246,14.899999618530273,14.859999656677246,14.899999618530273,106460,0.0,0.0,0.0
2025-06-26 02:10:00+00:00,14.90999984741211,14.930000305175781,14.90999984741211,14.930000305175781,33203,0.0,0.0,0.0
2025-06-26 02:15:00+00:00,14.949999809265137,14.949999809265137,14.930000305175781,14.930000305175781,9133,0.0,0.0,0.0
2025-06-26 02:20:00+00:00,14.90999984741211,14.90999984741211,14.90999984741211,14.90999984741211,58800,0.0,0.0,0.0
2025-06-26 02:25:00+00:00,14.90999984741211,14.90999984741211,14.90999984741211,14.90999984741211,2031,0.0,0.0,0.0
2025-06-26 02:30:00+00:00,14.920000076293945,14.920000076293945,14.920000076293945,14.920000076293945,2100,0.0,0.0,0.0
2025-06-26 02:35:00+00:00,14.899999618530273,14.899999618530273,14.899999618530273,14.899999618530273,108081,0.0,0.0,0.0
2025-06-26 02:45:00+00:00,14.90999984741211,14.90999984741211,14.90999984741211,14.90999984741211,2661,0.0,0.0,0.0
2025-06-26 02:55:00+00:00,14.899999618530273,14.899999618530273,14.899999618530273,14.899999618530273,205000,0.0,0.0,0.0
2025-06-26 03:00:00+00:00,14.890000343322754,14.920000076293945,14.890000343322754,14.90999984741211,625131,0.0,0.0,0.0
2025-06-26 03:15:00+00:00,14.90999984741211,14.90999984741211,14.880000114440918,14.880000114440918,17195,0.0,0.0,0.0
2025-06-26 03:20:00+00:00,14.880000114440918,14.880000114440918,14.880000114440918,14.880000114440918,2031,0.0,0.0,0.0
2025-06-26 03:30:00+00:00,14.880000114440918,14.880000114440918,14.880000114440918,14.880000114440918,10384,0.0,0.0,0.0
2025-06-26 03:40:00+00:00,14.880000114440918,14.880000114440918,14.880000114440918,14.880000114440918,14272,0.0,0.0,0.0
2025-06-26 03:55:00+00:00,14.869999885559082,14.869999885559082,14.869999885559082,14.869999885559082,100124,0.0,0.0,0.0
2025-06-26 04:05:00+00:00,14.859999656677246,14.869999885559082,14.859999656677246,14.869999885559082,60301,0.0,0.0,0.0
2025-06-26 04:20:00+00:00,14.869999885559082,14.880000114440918,14.869999885559082,14.880000114440918,34061,0.0,0.0,0.0
2025-06-26 04:25:00+00:00,14.869999885559082,14.869999885559082,14.869999885559082,14.869999885559082,12171,0.0,0.0,0.0
2025-06-26 04:35:00+00:00,14.869999885559082,14.880000114440918,14.869999885559082,14.869999885559082,48330,0.0,0.0,0.0
2025-06-26 04:40:00+00:00,14.850000381469727,14.850000381469727,14.850000381469727,14.850000381469727,2100,0.0,0.0,0.0
2025-06-26 04:45:00+00:00,14.850000381469727,14.850000381469727,14.850000381469727,14.850000381469727,1131,0.0,0.0,0.0
2025-06-26 04:50:00+00:00,14.850000381469727,14.850000381469727,14.850000381469727,14.850000381469727,4100,0.0,0.0,0.0
2025-06-26 04:55:00+00:00,14.859999656677246,14.859999656677246,14.850000381469727,14.850000381469727,25164,0.0,0.0,0.0
2025-06-26 05:05:00+00:00,14.84000015258789,14.84000015258789,14.84000015258789,14.84000015258789,207323,0.0,0.0,0.0
2025-06-26 05:15:00+00:00,14.829999923706055,14.829999923706055,14.819999694824219,14.819999694824219,13300,0.0,0.0,0.0
2025-06-26 05:20:00+00:00,14.819999694824219,14.819999694824219,14.819999694824219,14.819999694824219,3400,0.0,0.0,0.0
2025-06-27 01:00:00+00:00,14.90999984741211,14.9399995803833,14.90999984741211,14.90999984741211,0,0.0,0.0,0.0
2025-06-27 01:05:00+00:00,14.90999984741211,14.90999984741211,14.890000343322754,14.899999618530273,14850,0.0,0.0,0.0
2025-06-27 01:10:00+00:00,14.899999618530273,14.949999809265137,14.899999618530273,14.949999809265137,29020,0.0,0.0,0.0
2025-06-27 01:15:00+00:00,14.949999809265137,14.949999809265137,14.949999809265137,14.949999809265137,3000,0.0,0.0,0.0
2025-06-27 01:20:00+00:00,14.920000076293945,14.920000076293945,14.920000076293945,14.920000076293945,10000,0.0,0.0,0.0
2025-06-27 01:25:00+00:00,14.920000076293945,14.930000305175781,14.920000076293945,14.930000305175781,23180,0.0,0.0,0.0
2025-06-27 01:30:00+00:00,14.899999618530273,14.899999618530273,14.899999618530273,14.899999618530273,100000,0.0,0.0,0.0
2025-06-27 01:50:00+00:00,14.869999885559082,14.869999885559082,14.869999885559082,14.869999885559082,3744,0.0,0.0,0.0
2025-06-27 01:55:00+00:00,14.859999656677246,14.859999656677246,14.850000381469727,14.859999656677246,39563,0.0,0.0,0.0
2025-06-27 02:10:00+00:00,14.859999656677246,14.859999656677246,14.859999656677246,14.859999656677246,15536,0.0,0.0,0.0
2025-06-27 02:15:00+00:00,14.869999885559082,14.869999885559082,14.869999885559082,14.869999885559082,17700,0.0,0.0,0.0
2025-06-27 02:20:00+00:00,14.880000114440918,14.880000114440918,14.880000114440918,14.880000114440918,4000,0.0,0.0,0.0
2025-06-27 02:25:00+00:00,14.880000114440918,14.880000114440918,14.880000114440918,14.880000114440918,26021,0.0,0.0,0.0
2025-06-27 02:35:00+00:00,14.880000114440918,14.880000114440918,14.880000114440918,14.880000114440918,100025,0.0,0.0,0.0
2025-06-27 02:40:00+00:00,14.880000114440918,14.890000343322754,14.880000114440918,14.890000343322754,41000,0.0,0.0,0.0
2025-06-27 02:50:00+00:00,14.899999618530273,14.90999984741211,14.899999618530273,14.90999984741211,54342,0.0,0.0,0.0
2025-06-27 02:55:00+00:00,14.890000343322754,14.90999984741211,14.890000343322754,14.90999984741211,2040,0.0,0.0,0.0
2025-06-27 03:05:00+00:00,14.90999984741211,14.90999984741211,14.90999984741211,14.90999984741211,6250,0.0,0.0,0.0
2025-06-27 03:15:00+00:00,14.90999984741211,14.90999984741211,14.90999984741211,14.90999984741211,7000,0.0,0.0,0.0
2025-06-27 03:20:00+00:00,14.90999984741211,14.90999984741211,14.90999984741211,14.90999984741211,1000,0.0,0.0,0.0
2025-06-27 03:25:00+00:00,14.90999984741211,14.90999984741211,14.90999984741211,14.90999984741211,1141,0.0,0.0,0.0
2025-06-27 03:40:00+00:00,14.899999618530273,14.899999618530273,14.899999618530273,14.899999618530273,7000,0.0,0.0,0.0
2025-06-27 03:45:00+00:00,14.899999618530273,14.899999618530273,14.899999618530273,14.899999618530273,6000,0.0,0.0,0.0
2025-06-27 03:50:00+00:00,14.899999618530273,14.899999618530273,14.899999618530273,14.899999618530273,5000,0.0,0.0,0.0
2025-06-27 04:00:00+00:00,14.899999618530273,14.899999618530273,14.899999618530273,14.899999618530273,7203,0.0,0.0,0.0
2025-06-27 04:05:00+00:00,14.899999618530273,14.899999618530273,14.899999618530273,14.899999618530273,21000,0.0,0.0,0.0
2025-06-27 04:15:00+00:00,14.899999618530273,14.899999618530273,14.899999618530273,14.899999618530273,32555,0.0,0.0,0.0
2025-06-27 04:20:00+00:00,14.90999984741211,14.90999984741211,14.90999984741211,14.90999984741211,26080,0.0,0.0,0.0
2025-06-27 04:25:00+00:00,14.90999984741211,14.90999984741211,14.90999984741211,14.90999984741211,6000,0.0,0.0,0.0
2025-06-27 04:30:00+00:00,14.920000076293945,14.920000076293945,14.90999984741211,14.920000076293945,68000,0.0,0.0,0.0
2025-06-27 04:35:00+00:00,14.920000076293945,14.920000076293945,14.920000076293945,14.920000076293945,2180,0.0,0.0,0.0
2025-06-27 04:40:00+00:00,14.920000076293945,14.920000076293945,14.920000076293945,14.920000076293945,4000,0.0,0.0,0.0
2025-06-27 04:45:00+00:00,14.920000076293945,14.920000076293945,14.920000076293945,14.920000076293945,10000,0.0,0.0,0.0
2025-06-27 04:50:00+00:00,14.920000076293945,14.920000076293945,14.920000076293945,14.920000076293945,7080,0.0,0.0,0.0
2025-06-27 04:55:00+00:00,14.920000076293945,14.920000076293945,14.920000076293945,14.920000076293945,1000,0.0,0.0,0.0
2025-06-27 05:00:00+00:00,14.920000076293945,14.920000076293945,14.920000076293945,14.920000076293945,16000,0.0,0.0,0.0
2025-06-27 05:05:00+00:00,14.920000076293945,14.920000076293945,14.920000076293945,14.920000076293945,9300,0.0,0.0,0.0
2025-06-27 05:10:00+00:00,14.920000076293945,14.920000076293945,14.920000076293945,14.920000076293945,33000,0.0,0.0,0.0
2025-06-27 05:15:00+00:00,14.920000076293945,14.920000076293945,14.920000076293945,14.920000076293945,2135,0.0,0.0,0.0
2025-06-27 05:20:00+00:00,14.930000305175781,14.930000305175781,14.90999984741211,14.930000305175781,8100,0.0,0.0,0.0
2025-04-30 01:00:00+00:00,14.369999885559082,14.369999885559082,14.350000381469727,14.359999656677246,0,0.0,0.0,0.0
2025-04-30 01:05:00+00:00,14.350000381469727,14.390000343322754,14.350000381469727,14.390000343322754,146000,0.0,0.0,0.0
2025-04-30 01:10:00+00:00,14.380000114440918,14.390000343322754,14.380000114440918,14.390000343322754,20803,0.0,0.0,0.0
2025-04-30 01:15:00+00:00,14.390000343322754,14.390000343322754,14.380000114440918,14.390000343322754,18351,0.0,0.0,0.0
2025-04-30 01:20:00+00:00,14.390000343322754,14.390000343322754,14.380000114440918,14.380000114440918,18001,0.0,0.0,0.0
2025-04-30 01:25:00+00:00,14.390000343322754,14.390000343322754,14.390000343322754,14.390000343322754,11025,0.0,0.0,0.0
2025-04-30 01:30:00+00:00,14.390000343322754,14.399999618530273,14.390000343322754,14.399999618530273,31208,0.0,0.0,0.0
2025-04-30 01:35:00+00:00,14.390000343322754,14.430000305175781,14.390000343322754,14.430000305175781,134886,0.0,0.0,0.0
2025-04-30 01:40:00+00:00,14.430000305175781,14.4399995803833,14.420000076293945,14.420000076293945,256832,0.0,0.0,0.0
2025-04-30 01:55:00+00:00,14.420000076293945,14.430000305175781,14.420000076293945,14.430000305175781,6645,0.0,0.0,0.0
2025-04-30 02:00:00+00:00,14.430000305175781,14.430000305175781,14.430000305175781,14.430000305175781,26000,0.0,0.0,0.0
2025-04-30 02:05:00+00:00,14.4399995803833,14.460000038146973,14.4399995803833,14.460000038146973,280369,0.0,0.0,0.0
2025-04-30 02:10:00+00:00,14.470000267028809,14.479999542236328,14.470000267028809,14.479999542236328,14100,0.0,0.0,0.0
2025-04-30 02:15:00+00:00,14.470000267028809,14.470000267028809,14.449999809265137,14.449999809265137,5900,0.0,0.0,0.0
2025-04-30 02:20:00+00:00,14.449999809265137,14.460000038146973,14.449999809265137,14.449999809265137,8207,0.0,0.0,0.0
2025-04-30 02:25:00+00:00,14.470000267028809,14.470000267028809,14.460000038146973,14.460000038146973,102220,0.0,0.0,0.0
2025-04-30 02:30:00+00:00,14.4399995803833,14.4399995803833,14.4399995803833,14.4399995803833,102200,0.0,0.0,0.0
2025-04-30 02:35:00+00:00,14.449999809265137,14.460000038146973,14.430000305175781,14.430000305175781,104364,0.0,0.0,0.0
2025-04-30 02:40:00+00:00,14.449999809265137,14.449999809265137,14.4399995803833,14.4399995803833,10068,0.0,0.0,0.0
2025-04-30 02:45:00+00:00,14.430000305175781,14.430000305175781,14.430000305175781,14.430000305175781,1100,0.0,0.0,0.0
2025-04-30 02:50:00+00:00,14.430000305175781,14.430000305175781,14.420000076293945,14.420000076293945,104000,0.0,0.0,0.0
2025-04-30 02:55:00+00:00,14.40999984741211,14.40999984741211,14.399999618530273,14.399999618530273,210610,0.0,0.0,0.0
2025-04-30 03:05:00+00:00,14.390000343322754,14.390000343322754,14.390000343322754,14.390000343322754,6367,0.0,0.0,0.0
2025-04-30 03:15:00+00:00,14.390000343322754,14.390000343322754,14.390000343322754,14.390000343322754,3013,0.0,0.0,0.0
2025-04-30 03:20:00+00:00,14.380000114440918,14.399999618530273,14.380000114440918,14.399999618530273,50027,0.0,0.0,0.0
2025-04-30 03:25:00+00:00,14.40999984741211,14.40999984741211,14.40999984741211,14.40999984741211,70002,0.0,0.0,0.0
2025-04-30 03:30:00+00:00,14.399999618530273,14.399999618530273,14.399999618530273,14.399999618530273,5100,0.0,0.0,0.0
2025-04-30 03:35:00+00:00,14.40999984741211,14.40999984741211,14.390000343322754,14.390000343322754,226070,0.0,0.0,0.0
2025-04-30 03:40:00+00:00,14.399999618530273,14.399999618530273,14.399999618530273,14.399999618530273,10401,0.0,0.0,0.0
2025-04-30 03:45:00+00:00,14.390000343322754,14.390000343322754,14.390000343322754,14.390000343322754,208000,0.0,0.0,0.0
2025-04-30 03:50:00+00:00,14.390000343322754,14.399999618530273,14.390000343322754,14.399999618530273,34000,0.0,0.0,0.0
2025-04-30 03:55:00+00:00,14.399999618530273,14.399999618530273,14.399999618530273,14.399999618530273,1100,0.0,0.0,0.0
2025-04-30 04:05:00+00:00,14.399999618530273,14.399999618530273,14.399999618530273,14.399999618530273,1000,0.0,0.0,0.0
2025-04-30 04:10:00+00:00,14.390000343322754,14.399999618530273,14.390000343322754,14.399999618530273,14250,0.0,0.0,0.0
2025-04-30 04:25:00+00:00,14.399999618530273,14.399999618530273,14.399999618530273,14.399999618530273,2300,0.0,0.0,0.0
2025-04-30 04:30:00+00:00,14.399999618530273,14.399999618530273,14.399999618530273,14.399999618530273,1010,0.0,0.0,0.0
2025-04-30 04:40:00+00:00,14.399999618530273,14.399999618530273,14.399999618530273,14.399999618530273,1449,0.0,0.0,0.0
2025-04-30 04:45:00+00:00,14.399999618530273,14.399999618530273,14.390000343322754,14.390000343322754,2000,0.0,0.0,0.0
2025-04-30 04:50:00+00:00,14.390000343322754,14.390000343322754,14.390000343322754,14.390000343322754,8010,0.0,0.0,0.0
2025-04-30 04:55:00+00:00,14.390000343322754,14.390000343322754,14.390000343322754,14.390000343322754,1000,0.0,0.0,0.0
2025-04-30 05:00:00+00:00,14.390000343322754,14.390000343322754,14.390000343322754,14.390000343322754,16050,0.0,0.0,0.0
2025-04-30 05:05:00+00:00,14.390000343322754,14.390000343322754,14.390000343322754,14.390000343322754,1000,0.0,0.0,0.0
2025-04-30 05:10:00+00:00,14.380000114440918,14.380000114440918,14.380000114440918,14.380000114440918,5176,0.0,0.0,0.0
2025-04-30 05:20:00+00:00,14.390000343322754,14.399999618530273,14.380000114440918,14.390000343322754,14038,0.0,0.0,0.0
2025-05-02 01:00:00+00:00,14.449999809265137,14.449999809265137,14.449999809265137,14.449999809265137,0,0.0,0.0,0.0
2025-05-02 01:05:00+00:00,14.460000038146973,14.470000267028809,14.460000038146973,14.460000038146973,27831,0.0,0.0,0.0
2025-05-02 01:10:00+00:00,14.470000267028809,14.479999542236328,14.460000038146973,14.479999542236328,36000,0.0,0.0,0.0
2025-05-02 01:15:00+00:00,14.489999771118164,14.489999771118164,14.479999542236328,14.479999542236328,39571,0.0,0.0,0.0
2025-05-02 01:20:00+00:00,14.470000267028809,14.470000267028809,14.460000038146973,14.470000267028809,9422,0.0,0.0,0.0
2025-05-02 01:25:00+00:00,14.479999542236328,14.489999771118164,14.479999542236328,14.489999771118164,25190,0.0,0.0,0.0
2025-05-02 01:30:00+00:00,14.470000267028809,14.470000267028809,14.470000267028809,14.470000267028809,125537,0.0,0.0,0.0
2025-05-02 01:35:00+00:00,14.470000267028809,14.470000267028809,14.470000267028809,14.470000267028809,2013,0.0,0.0,0.0
2025-05-02 01:40:00+00:00,14.470000267028809,14.470000267028809,14.449999809265137,14.449999809265137,6089,0.0,0.0,0.0
2025-05-02 01:45:00+00:00,14.470000267028809,14.5,14.470000267028809,14.5,17820,0.0,0.0,0.0
2025-05-02 01:50:00+00:00,14.489999771118164,14.5,14.489999771118164,14.5,213000,0.0,0.0,0.0
2025-05-02 01:55:00+00:00,14.5,14.520000457763672,14.5,14.510000228881836,16517,0.0,0.0,0.0
2025-05-02 02:00:00+00:00,14.5,14.510000228881836,14.5,14.510000228881836,24000,0.0,0.0,0.0
2025-05-02 02:05:00+00:00,14.520000457763672,14.520000457763672,14.489999771118164,14.510000228881836,119614,0.0,0.0,0.0
2025-05-02 02:15:00+00:00,14.510000228881836,14.510000228881836,14.510000228881836,14.510000228881836,7040,0.0,0.0,0.0
2025-05-02 02:20:00+00:00,14.510000228881836,14.520000457763672,14.510000228881836,14.520000457763672,36526,0.0,0.0,0.0
2025-05-02 02:25:00+00:00,14.520000457763672,14.520000457763672,14.520000457763672,14.520000457763672,4096,0.0,0.0,0.0
2025-05-02 02:30:00+00:00,14.520000457763672,14.529999732971191,14.520000457763672,14.529999732971191,16374,0.0,0.0,0.0
2025-05-02 02:35:00+00:00,14.539999961853027,14.539999961853027,14.539999961853027,14.539999961853027,5039,0.0,0.0,0.0
2025-05-02 02:40:00+00:00,14.539999961853027,14.550000190734863,14.539999961853027,14.550000190734863,45000,0.0,0.0,0.0
2025-05-02 02:45:00+00:00,14.550000190734863,14.550000190734863,14.539999961853027,14.550000190734863,19100,0.0,0.0,0.0
2025-05-02 02:50:00+00:00,14.550000190734863,14.550000190734863,14.550000190734863,14.550000190734863,1500,0.0,0.0,0.0
2025-05-02 02:55:00+00:00,14.539999961853027,14.539999961853027,14.539999961853027,14.539999961853027,1272,0.0,0.0,0.0
2025-05-02 03:00:00+00:00,14.539999961853027,14.539999961853027,14.539999961853027,14.539999961853027,10360,0.0,0.0,0.0
2025-05-02 03:05:00+00:00,14.550000190734863,14.550000190734863,14.539999961853027,14.539999961853027,9140,0.0,0.0,0.0
2025-05-02 03:10:00+00:00,14.550000190734863,14.550000190734863,14.550000190734863,14.550000190734863,31490,0.0,0.0,0.0
2025-05-02 03:15:00+00:00,14.550000190734863,14.550000190734863,14.550000190734863,14.550000190734863,1033,0.0,0.0,0.0
2025-05-02 03:30:00+00:00,14.539999961853027,14.550000190734863,14.539999961853027,14.550000190734863,19010,0.0,0.0,0.0
2025-05-02 03:35:00+00:00,14.5600004196167,14.5600004196167,14.5600004196167,14.5600004196167,16000,0.0,0.0,0.0
2025-05-02 03:40:00+00:00,14.5600004196167,14.5600004196167,14.5600004196167,14.5600004196167,17170,0.0,0.0,0.0
2025-05-02 03:50:00+00:00,14.550000190734863,14.550000190734863,14.550000190734863,14.550000190734863,1100,0.0,0.0,0.0
2025-05-02 03:55:00+00:00,14.550000190734863,14.550000190734863,14.539999961853027,14.539999961853027,8000,0.0,0.0,0.0
2025-05-02 04:00:00+00:00,14.539999961853027,14.539999961853027,14.539999961853027,14.539999961853027,6720,0.0,0.0,0.0
2025-05-02 04:05:00+00:00,14.539999961853027,14.550000190734863,14.539999961853027,14.539999961853027,15090,0.0,0.0,0.0
2025-05-02 04:20:00+00:00,14.550000190734863,14.550000190734863,14.550000190734863,14.550000190734863,2000,0.0,0.0,0.0
2025-05-02 04:25:00+00:00,14.550000190734863,14.550000190734863,14.539999961853027,14.539999961853027,33087,0.0,0.0,0.0
2025-05-02 04:30:00+00:00,14.539999961853027,14.539999961853027,14.539999961853027,14.539999961853027,3528,0.0,0.0,0.0
2025-05-02 04:35:00+00:00,14.539999961853027,14.539999961853027,14.539999961853027,14.539999961853027,3470,0.0,0.0,0.0
2025-05-02 04:40:00+00:00,14.529999732971191,14.529999732971191,14.529999732971191,14.529999732971191,1103,0.0,0.0,0.0
2025-05-02 04:45:00+00:00,14.529999732971191,14.539999961853027,14.529999732971191,14.539999961853027,12000,0.0,0.0,0.0
2025-05-02 04:50:00+00:00,14.529999732971191,14.529999732971191,14.529999732971191,14.529999732971191,1035,0.0,0.0,0.0
2025-05-02 04:55:00+00:00,14.529999732971191,14.529999732971191,14.529999732971191,14.529999732971191,30068,0.0,0.0,0.0
2025-05-02 05:10:00+00:00,14.529999732971191,14.529999732971191,14.529999732971191,14.529999732971191,6000,0.0,0.0,0.0
2025-05-02 05:15:00+00:00,14.539999961853027,14.539999961853027,14.529999732971191,14.529999732971191,10433,0.0,0.0,0.0
2025-05-02 05:20:00+00:00,14.520000457763672,14.550000190734863,14.520000457763672,14.539999961853027,43137,0.0,0.0,0.0
2025-05-05 01:00:00+00:00,14.529999732971191,14.529999732971191,14.40999984741211,14.40999984741211,0,0.0,0.0,0.0
2025-05-05 01:05:00+00:00,14.420000076293945,14.420000076293945,14.399999618530273,14.399999618530273,439247,0.0,0.0,0.0
2025-05-05 01:10:00+00:00,14.399999618530273,14.4399995803833,14.390000343322754,14.4399995803833,115109,0.0,0.0,0.0
2025-05-05 01:15:00+00:00,14.4399995803833,14.449999809265137,14.4399995803833,14.449999809265137,10120,0.0,0.0,0.0
2025-05-05 01:20:00+00:00,14.4399995803833,14.449999809265137,14.420000076293945,14.420000076293945,115000,0.0,0.0,0.0
2025-05-05 01:25:00+00:00,14.420000076293945,14.420000076293945,14.380000114440918,14.390000343322754,121662,0.0,0.0,0.0
2025-05-05 01:30:00+00:00,14.380000114440918,14.390000343322754,14.359999656677246,14.359999656677246,120115,0.0,0.0,0.0
2025-05-05 01:35:00+00:00,14.369999885559082,14.369999885559082,14.350000381469727,14.350000381469727,411370,0.0,0.0,0.0
2025-05-05 01:40:00+00:00,14.350000381469727,14.350000381469727,14.34000015258789,14.350000381469727,111200,0.0,0.0,0.0
2025-05-05 01:45:00+00:00,14.34000015258789,14.34000015258789,14.270000457763672,14.270000457763672,172964,0.0,0.0,0.0
2025-05-05 01:50:00+00:00,14.260000228881836,14.300000190734863,14.260000228881836,14.270000457763672,160599,0.0,0.0,0.0
2025-05-05 01:55:00+00:00,14.279999732971191,14.279999732971191,14.270000457763672,14.279999732971191,18140,0.0,0.0,0.0
2025-05-05 02:00:00+00:00,14.300000190734863,14.300000190734863,14.270000457763672,14.300000190734863,11225,0.0,0.0,0.0
2025-05-05 02:05:00+00:00,14.270000457763672,14.279999732971191,14.260000228881836,14.279999732971191,34219,0.0,0.0,0.0
2025-05-05 02:10:00+00:00,14.260000228881836,14.300000190734863,14.260000228881836,14.300000190734863,78073,0.0,0.0,0.0
2025-05-05 02:15:00+00:00,14.3100004196167,14.329999923706055,14.3100004196167,14.329999923706055,31414,0.0,0.0,0.0
2025-05-05 02:20:00+00:00,14.300000190734863,14.319999694824219,14.289999961853027,14.3100004196167,28000,0.0,0.0,0.0
2025-05-05 02:25:00+00:00,14.319999694824219,14.329999923706055,14.319999694824219,14.329999923706055,13000,0.0,0.0,0.0
2025-05-05 02:30:00+00:00,14.329999923706055,14.350000381469727,14.289999961853027,14.289999961853027,113127,0.0,0.0,0.0
2025-05-05 02:35:00+00:00,14.300000190734863,14.300000190734863,14.300000190734863,14.300000190734863,3100,0.0,0.0,0.0
2025-05-05 02:40:00+00:00,14.300000190734863,14.319999694824219,14.289999961853027,14.319999694824219,10050,0.0,0.0,0.0
2025-05-05 02:45:00+00:00,14.3100004196167,14.3100004196167,14.300000190734863,14.300000190734863,8268,0.0,0.0,0.0
2025-05-05 02:50:00+00:00,14.300000190734863,14.34000015258789,14.300000190734863,14.34000015258789,27000,0.0,0.0,0.0
2025-05-05 02:55:00+00:00,14.34000015258789,14.34000015258789,14.329999923706055,14.34000015258789,19367,0.0,0.0,0.0
2025-05-05 03:00:00+00:00,14.350000381469727,14.350000381469727,14.34000015258789,14.350000381469727,166493,0.0,0.0,0.0
2025-05-05 03:05:00+00:00,14.369999885559082,14.369999885559082,14.34000015258789,14.34000015258789,43317,0.0,0.0,0.0
2025-05-05 03:10:00+00:00,14.329999923706055,14.34000015258789,14.329999923706055,14.329999923706055,12100,0.0,0.0,0.0
2025-05-05 03:15:00+00:00,14.329999923706055,14.34000015258789,14.329999923706055,14.34000015258789,8000,0.0,0.0,0.0
2025-05-05 03:20:00+00:00,14.34000015258789,14.369999885559082,14.34000015258789,14.350000381469727,121011,0.0,0.0,0.0
2025-05-05 03:25:00+00:00,14.359999656677246,14.359999656677246,14.350000381469727,14.350000381469727,9000,0.0,0.0,0.0
2025-05-05 03:30:00+00:00,14.359999656677246,14.359999656677246,14.350000381469727,14.350000381469727,22024,0.0,0.0,0.0
2025-05-05 03:35:00+00:00,14.350000381469727,14.359999656677246,14.34000015258789,14.34000015258789,45000,0.0,0.0,0.0
2025-05-05 03:40:00+00:00,14.350000381469727,14.359999656677246,14.34000015258789,14.350000381469727,194020,0.0,0.0,0.0
2025-05-05 03:45:00+00:00,14.350000381469727,14.359999656677246,14.350000381469727,14.359999656677246,3000,0.0,0.0,0.0
2025-05-05 03:50:00+00:00,14.359999656677246,14.359999656677246,14.359999656677246,14.359999656677246,18381,0.0,0.0,0.0
2025-05-05 03:55:00+00:00,14.369999885559082,14.380000114440918,14.369999885559082,14.380000114440918,5077,0.0,0.0,0.0
2025-05-05 04:00:00+00:00,14.359999656677246,14.380000114440918,14.359999656677246,14.380000114440918,4290,0.0,0.0,0.0
2025-05-05 04:05:00+00:00,14.369999885559082,14.369999885559082,14.369999885559082,14.369999885559082,2696,0.0,0.0,0.0
2025-05-05 04:10:00+00:00,14.369999885559082,14.369999885559082,14.369999885559082,14.369999885559082,24000,0.0,0.0,0.0
2025-05-05 04:15:00+00:00,14.359999656677246,14.369999885559082,14.359999656677246,14.369999885559082,8022,0.0,0.0,0.0
2025-05-05 04:20:00+00:00,14.369999885559082,14.390000343322754,14.369999885559082,14.390000343322754,13210,0.0,0.0,0.0
2025-05-05 04:25:00+00:00,14.369999885559082,14.380000114440918,14.369999885559082,14.380000114440918,4000,0.0,0.0,0.0
2025-05-05 04:30:00+00:00,14.380000114440918,14.390000343322754,14.380000114440918,14.390000343322754,10315,0.0,0.0,0.0
2025-05-05 04:35:00+00:00,14.380000114440918,14.380000114440918,14.359999656677246,14.359999656677246,14062,0.0,0.0,0.0
2025-05-05 04:40:00+00:00,14.359999656677246,14.399999618530273,14.359999656677246,14.399999618530273,59250,0.0,0.0,0.0
2025-05-05 04:45:00+00:00,14.390000343322754,14.399999618530273,14.390000343322754,14.399999618530273,5740,0.0,0.0,0.0
2025-05-05 04:50:00+00:00,14.380000114440918,14.380000114440918,14.359999656677246,14.359999656677246,13907,0.0,0.0,0.0
2025-05-05 04:55:00+00:00,14.369999885559082,14.369999885559082,14.34000015258789,14.34000015258789,7681,0.0,0.0,0.0
2025-05-05 05:00:00+00:00,14.34000015258789,14.359999656677246,14.34000015258789,14.34000015258789,24383,0.0,0.0,0.0
2025-05-05 05:05:00+00:00,14.350000381469727,14.350000381469727,14.350000381469727,14.350000381469727,10535,0.0,0.0,0.0
2025-05-05 05:10:00+00:00,14.350000381469727,14.359999656677246,14.350000381469727,14.359999656677246,20045,0.0,0.0,0.0
2025-05-05 05:15:00+00:00,14.350000381469727,14.359999656677246,14.350000381469727,14.359999656677246,204430,0.0,0.0,0.0
2025-05-05 05:20:00+00:00,14.350000381469727,14.350000381469727,14.350000381469727,14.350000381469727,27302,0.0,0.0,0.0
2025-05-06 01:00:00+00:00,14.380000114440918,14.390000343322754,14.369999885559082,14.369999885559082,0,0.0,0.0,0.0
2025-05-06 01:05:00+00:00,14.369999885559082,14.399999618530273,14.369999885559082,14.399999618530273,130824,0.0,0.0,0.0
2025-05-06 01:10:00+00:00,14.399999618530273,14.449999809265137,14.399999618530273,14.449999809265137,37448,0.0,0.0,0.0
2025-05-06 01:15:00+00:00,14.420000076293945,14.420000076293945,14.420000076293945,14.420000076293945,2000,0.0,0.0,0.0
2025-05-06 01:20:00+00:00,14.430000305175781,14.470000267028809,14.430000305175781,14.460000038146973,67068,0.0,0.0,0.0
2025-05-06 01:25:00+00:00,14.449999809265137,14.479999542236328,14.449999809265137,14.460000038146973,18151,0.0,0.0,0.0
2025-05-06 01:30:00+00:00,14.470000267028809,14.470000267028809,14.470000267028809,14.470000267028809,3102,0.0,0.0,0.0
2025-05-06 01:35:00+00:00,14.460000038146973,14.470000267028809,14.460000038146973,14.470000267028809,43005,0.0,0.0,0.0
2025-05-06 01:40:00+00:00,14.470000267028809,14.470000267028809,14.460000038146973,14.460000038146973,7000,0.0,0.0,0.0
2025-05-06 01:45:00+00:00,14.460000038146973,14.470000267028809,14.420000076293945,14.420000076293945,24200,0.0,0.0,0.0
2025-05-06 01:50:00+00:00,14.420000076293945,14.430000305175781,14.40999984741211,14.430000305175781,59200,0.0,0.0,0.0
2025-05-06 01:55:00+00:00,14.449999809265137,14.449999809265137,14.449999809265137,14.449999809265137,17122,0.0,0.0,0.0
2025-05-06 02:00:00+00:00,14.460000038146973,14.460000038146973,14.460000038146973,14.460000038146973,11335,0.0,0.0,0.0
2025-05-06 02:05:00+00:00,14.460000038146973,14.470000267028809,14.460000038146973,14.470000267028809,25272,0.0,0.0,0.0
2025-05-06 02:10:00+00:00,14.470000267028809,14.470000267028809,14.470000267028809,14.470000267028809,107000,0.0,0.0,0.0
2025-05-06 02:15:00+00:00,14.479999542236328,14.479999542236328,14.479999542236328,14.479999542236328,13257,0.0,0.0,0.0
2025-05-06 02:20:00+00:00,14.479999542236328,14.479999542236328,14.479999542236328,14.479999542236328,1044,0.0,0.0,0.0
2025-05-06 02:25:00+00:00,14.479999542236328,14.5,14.479999542236328,14.5,36537,0.0,0.0,0.0
2025-05-06 02:30:00+00:00,14.5,14.5,14.489999771118164,14.5,17302,0.0,0.0,0.0
2025-05-06 02:35:00+00:00,14.510000228881836,14.529999732971191,14.510000228881836,14.529999732971191,57845,0.0,0.0,0.0
2025-05-06 02:40:00+00:00,14.529999732971191,14.539999961853027,14.529999732971191,14.539999961853027,3075,0.0,0.0,0.0
2025-05-06 02:45:00+00:00,14.539999961853027,14.539999961853027,14.539999961853027,14.539999961853027,6027,0.0,0.0,0.0
2025-05-06 02:50:00+00:00,14.529999732971191,14.550000190734863,14.529999732971191,14.539999961853027,62000,0.0,0.0,0.0
2025-05-06 02:55:00+00:00,14.539999961853027,14.550000190734863,14.539999961853027,14.539999961853027,56148,0.0,0.0,0.0
2025-05-06 03:00:00+00:00,14.539999961853027,14.539999961853027,14.539999961853027,14.539999961853027,19808,0.0,0.0,0.0
2025-05-06 03:05:00+00:00,14.5600004196167,14.5600004196167,14.539999961853027,14.539999961853027,45051,0.0,0.0,0.0
2025-05-06 03:15:00+00:00,14.529999732971191,14.529999732971191,14.529999732971191,14.529999732971191,3022,0.0,0.0,0.0
2025-05-06 03:20:00+00:00,14.529999732971191,14.539999961853027,14.529999732971191,14.539999961853027,14122,0.0,0.0,0.0
2025-05-06 03:25:00+00:00,14.529999732971191,14.529999732971191,14.529999732971191,14.529999732971191,1000,0.0,0.0,0.0
2025-05-06 03:30:00+00:00,14.539999961853027,14.569999694824219,14.539999961853027,14.569999694824219,79222,0.0,0.0,0.0
2025-05-06 03:35:00+00:00,14.579999923706055,14.579999923706055,14.579999923706055,14.579999923706055,6100,0.0,0.0,0.0
2025-05-06 03:40:00+00:00,14.569999694824219,14.569999694824219,14.569999694824219,14.569999694824219,7042,0.0,0.0,0.0
2025-05-06 03:45:00+00:00,14.579999923706055,14.579999923706055,14.579999923706055,14.579999923706055,1472,0.0,0.0,0.0
2025-05-06 03:50:00+00:00,14.569999694824219,14.569999694824219,14.569999694824219,14.569999694824219,1445,0.0,0.0,0.0
2025-05-06 04:00:00+00:00,14.569999694824219,14.569999694824219,14.569999694824219,14.569999694824219,219023,0.0,0.0,0.0
2025-05-06 04:05:00+00:00,14.569999694824219,14.579999923706055,14.569999694824219,14.579999923706055,7100,0.0,0.0,0.0
2025-05-06 04:10:00+00:00,14.5600004196167,14.569999694824219,14.5600004196167,14.569999694824219,110172,0.0,0.0,0.0
2025-05-06 04:20:00+00:00,14.5600004196167,14.5600004196167,14.5600004196167,14.5600004196167,5022,0.0,0.0,0.0
2025-05-06 04:25:00+00:00,14.5600004196167,14.569999694824219,14.5600004196167,14.569999694824219,7100,0.0,0.0,0.0
2025-05-06 04:30:00+00:00,14.569999694824219,14.569999694824219,14.569999694824219,14.569999694824219,2100,0.0,0.0,0.0
2025-05-06 04:35:00+00:00,14.5600004196167,14.5600004196167,14.550000190734863,14.550000190734863,2042,0.0,0.0,0.0
2025-05-06 04:40:00+00:00,14.539999961853027,14.539999961853027,14.529999732971191,14.529999732971191,43133,0.0,0.0,0.0
2025-05-06 04:45:00+00:00,14.539999961853027,14.550000190734863,14.539999961853027,14.550000190734863,39105,0.0,0.0,0.0
2025-05-06 04:50:00+00:00,14.539999961853027,14.539999961853027,14.539999961853027,14.539999961853027,10000,0.0,0.0,0.0
2025-05-06 04:55:00+00:00,14.550000190734863,14.550000190734863,14.529999732971191,14.539999961853027,27271,0.0,0.0,0.0
2025-05-06 05:00:00+00:00,14.550000190734863,14.550000190734863,14.529999732971191,14.550000190734863,8015,0.0,0.0,0.0
2025-05-06 05:05:00+00:00,14.520000457763672,14.520000457763672,14.520000457763672,14.520000457763672,510430,0.0,0.0,0.0
2025-05-06 05:10:00+00:00,14.5,14.5,14.5,14.5,103073,0.0,0.0,0.0
2025-05-06 05:15:00+00:00,14.5,14.5,14.5,14.5,111000,0.0,0.0,0.0
2025-05-06 05:20:00+00:00,14.5,14.5,14.5,14.5,3238,0.0,0.0,0.0
2025-05-07 01:00:00+00:00,14.520000457763672,14.619999885559082,14.520000457763672,14.619999885559082,0,0.0,0.0,0.0
2025-05-07 01:05:00+00:00,14.539999961853027,14.550000190734863,14.539999961853027,14.550000190734863,8472,0.0,0.0,0.0
2025-05-07 01:10:00+00:00,14.600000381469727,14.600000381469727,14.59000015258789,14.600000381469727,25136,0.0,0.0,0.0
2025-05-07 01:15:00+00:00,14.609999656677246,14.670000076293945,14.609999656677246,14.670000076293945,33311,0.0,0.0,0.0
2025-05-07 01:20:00+00:00,14.65999984741211,14.65999984741211,14.649999618530273,14.65999984741211,32085,0.0,0.0,0.0
2025-05-07 01:25:00+00:00,14.670000076293945,14.670000076293945,14.640000343322754,14.640000343322754,170225,0.0,0.0,0.0
2025-05-07 01:30:00+00:00,14.619999885559082,14.619999885559082,14.619999885559082,14.619999885559082,6000,0.0,0.0,0.0
2025-05-07 01:35:00+00:00,14.609999656677246,14.630000114440918,14.600000381469727,14.630000114440918,56021,0.0,0.0,0.0
2025-05-07 01:40:00+00:00,14.640000343322754,14.640000343322754,14.609999656677246,14.630000114440918,36075,0.0,0.0,0.0
2025-05-07 01:45:00+00:00,14.630000114440918,14.630000114440918,14.630000114440918,14.630000114440918,8000,0.0,0.0,0.0
2025-05-07 01:50:00+00:00,14.609999656677246,14.630000114440918,14.609999656677246,14.630000114440918,84007,0.0,0.0,0.0
2025-05-07 01:55:00+00:00,14.630000114440918,14.640000343322754,14.630000114440918,14.640000343322754,60420,0.0,0.0,0.0
2025-05-07 02:00:00+00:00,14.630000114440918,14.630000114440918,14.630000114440918,14.630000114440918,4033,0.0,0.0,0.0
2025-05-07 02:05:00+00:00,14.640000343322754,14.640000343322754,14.640000343322754,14.640000343322754,2250,0.0,0.0,0.0
2025-05-07 02:10:00+00:00,14.640000343322754,14.640000343322754,14.630000114440918,14.630000114440918,6549,0.0,0.0,0.0
2025-05-07 02:15:00+00:00,14.609999656677246,14.630000114440918,14.609999656677246,14.630000114440918,12000,0.0,0.0,0.0
2025-05-07 02:20:00+00:00,14.619999885559082,14.619999885559082,14.609999656677246,14.609999656677246,16000,0.0,0.0,0.0
2025-05-07 02:25:00+00:00,14.609999656677246,14.609999656677246,14.609999656677246,14.609999656677246,1168,0.0,0.0,0.0
2025-05-07 02:30:00+00:00,14.600000381469727,14.600000381469727,14.600000381469727,14.600000381469727,5000,0.0,0.0,0.0
2025-05-07 02:40:00+00:00,14.609999656677246,14.609999656677246,14.600000381469727,14.600000381469727,14130,0.0,0.0,0.0
2025-05-07 02:45:00+00:00,14.579999923706055,14.579999923706055,14.569999694824219,14.569999694824219,8240,0.0,0.0,0.0
2025-05-07 02:50:00+00:00,14.569999694824219,14.569999694824219,14.569999694824219,14.569999694824219,8100,0.0,0.0,0.0
2025-05-07 02:55:00+00:00,14.569999694824219,14.569999694824219,14.569999694824219,14.569999694824219,3035,0.0,0.0,0.0
2025-05-07 03:00:00+00:00,14.569999694824219,14.579999923706055,14.569999694824219,14.579999923706055,6395,0.0,0.0,0.0
2025-05-07 03:20:00+00:00,14.569999694824219,14.579999923706055,14.569999694824219,14.579999923706055,22100,0.0,0.0,0.0
2025-05-07 03:30:00+00:00,14.569999694824219,14.569999694824219,14.569999694824219,14.569999694824219,3000,0.0,0.0,0.0
2025-05-07 03:35:00+00:00,14.579999923706055,14.579999923706055,14.579999923706055,14.579999923706055,5033,0.0,0.0,0.0
2025-05-07 03:45:00+00:00,14.579999923706055,14.579999923706055,14.569999694824219,14.569999694824219,10306,0.0,0.0,0.0
2025-05-07 03:50:00+00:00,14.59000015258789,14.59000015258789,14.59000015258789,14.59000015258789,2000,0.0,0.0,0.0
2025-05-07 04:00:00+00:00,14.59000015258789,14.59000015258789,14.59000015258789,14.59000015258789,1035,0.0,0.0,0.0
2025-05-07 04:10:00+00:00,14.569999694824219,14.569999694824219,14.569999694824219,14.569999694824219,1100,0.0,0.0,0.0
2025-05-07 04:15:00+00:00,14.5600004196167,14.5600004196167,14.5600004196167,14.5600004196167,2200,0.0,0.0,0.0
2025-05-07 04:20:00+00:00,14.579999923706055,14.579999923706055,14.579999923706055,14.579999923706055,1124,0.0,0.0,0.0
2025-05-07 04:25:00+00:00,14.59000015258789,14.59000015258789,14.59000015258789,14.59000015258789,221561,0.0,0.0,0.0
2025-05-07 04:35:00+00:00,14.579999923706055,14.579999923706055,14.569999694824219,14.569999694824219,204547,0.0,0.0,0.0
2025-05-07 04:45:00+00:00,14.569999694824219,14.569999694824219,14.569999694824219,14.569999694824219,100067,0.0,0.0,0.0
2025-05-07 04:50:00+00:00,14.5600004196167,14.5600004196167,14.5600004196167,14.5600004196167,52000,0.0,0.0,0.0
2025-05-07 05:00:00+00:00,14.569999694824219,14.569999694824219,14.539999961853027,14.539999961853027,118302,0.0,0.0,0.0
2025-05-07 05:05:00+00:00,14.550000190734863,14.550000190734863,14.550000190734863,14.550000190734863,261000,0.0,0.0,0.0
2025-05-07 05:10:00+00:00,14.550000190734863,14.550000190734863,14.550000190734863,14.550000190734863,299070,0.0,0.0,0.0
2025-05-07 05:15:00+00:00,14.550000190734863,14.5600004196167,14.550000190734863,14.5600004196167,25524,0.0,0.0,0.0
2025-05-07 05:20:00+00:00,14.5600004196167,14.569999694824219,14.550000190734863,14.550000190734863,13688,0.0,0.0,0.0
2025-05-08 01:00:00+00:00,14.569999694824219,14.569999694824219,14.569999694824219,14.569999694824219,0,0.0,0.0,0.0
2025-05-08 01:05:00+00:00,14.569999694824219,14.619999885559082,14.569999694824219,14.619999885559082,70440,0.0,0.0,0.0
2025-05-08 01:10:00+00:00,14.640000343322754,14.649999618530273,14.640000343322754,14.640000343322754,71145,0.0,0.0,0.0
2025-05-08 01:20:00+00:00,14.670000076293945,14.670000076293945,14.649999618530273,14.649999618530273,2000,0.0,0.0,0.0
2025-05-08 02:30:00+00:00,14.640000343322754,14.640000343322754,14.640000343322754,14.640000343322754,0,0.0,0.0,0.0
2025-05-08 02:35:00+00:00,14.649999618530273,14.649999618530273,14.640000343322754,14.640000343322754,310922,0.0,0.0,0.0
2025-05-08 02:40:00+00:00,14.649999618530273,14.649999618530273,14.649999618530273,14.649999618530273,40246,0.0,0.0,0.0
2025-05-08 02:45:00+00:00,14.630000114440918,14.640000343322754,14.630000114440918,14.640000343322754,23010,0.0,0.0,0.0
2025-05-08 02:50:00+00:00,14.630000114440918,14.640000343322754,14.630000114440918,14.640000343322754,13001,0.0,0.0,0.0
2025-05-08 02:55:00+00:00,14.640000343322754,14.640000343322754,14.640000343322754,14.640000343322754,5206,0.0,0.0,0.0
2025-05-08 03:00:00+00:00,14.649999618530273,14.670000076293945,14.649999618530273,14.670000076293945,86400,0.0,0.0,0.0
2025-05-08 03:05:00+00:00,14.670000076293945,14.670000076293945,14.670000076293945,14.670000076293945,1015,0.0,0.0,0.0
2025-05-08 03:10:00+00:00,14.65999984741211,14.65999984741211,14.65999984741211,14.65999984741211,1400,0.0,0.0,0.0
2025-05-08 03:20:00+00:00,14.65999984741211,14.65999984741211,14.65999984741211,14.65999984741211,1000,0.0,0.0,0.0
2025-05-08 03:30:00+00:00,14.670000076293945,14.670000076293945,14.65999984741211,14.65999984741211,4125,0.0,0.0,0.0
2025-05-08 03:40:00+00:00,14.65999984741211,14.65999984741211,14.65999984741211,14.65999984741211,2650,0.0,0.0,0.0
2025-05-08 03:45:00+00:00,14.649999618530273,14.65999984741211,14.649999618530273,14.65999984741211,15999,0.0,0.0,0.0
2025-05-08 03:50:00+00:00,14.65999984741211,14.65999984741211,14.65999984741211,14.65999984741211,5000,0.0,0.0,0.0
2025-05-08 03:55:00+00:00,14.649999618530273,14.649999618530273,14.649999618530273,14.649999618530273,10000,0.0,0.0,0.0
2025-05-08 04:00:00+00:00,14.649999618530273,14.649999618530273,14.649999618530273,14.649999618530273,12201,0.0,0.0,0.0
2025-05-08 04:10:00+00:00,14.649999618530273,14.649999618530273,14.649999618530273,14.649999618530273,2083,0.0,0.0,0.0
2025-05-08 04:25:00+00:00,14.649999618530273,14.649999618530273,14.649999618530273,14.649999618530273,1684,0.0,0.0,0.0
2025-05-08 04:40:00+00:00,14.649999618530273,14.649999618530273,14.649999618530273,14.649999618530273,50000,0.0,0.0,0.0
2025-05-08 04:55:00+00:00,14.640000343322754,14.649999618530273,14.640000343322754,14.649999618530273,2000,0.0,0.0,0.0
2025-05-08 05:05:00+00:00,14.640000343322754,14.640000343322754,14.640000343322754,14.640000343322754,3818,0.0,0.0,0.0
2025-05-08 05:10:00+00:00,14.630000114440918,14.630000114440918,14.630000114440918,14.630000114440918,3000,0.0,0.0,0.0
2025-05-08 05:15:00+00:00,14.619999885559082,14.619999885559082,14.619999885559082,14.619999885559082,25057,0.0,0.0,0.0
2025-05-08 05:20:00+00:00,14.619999885559082,14.619999885559082,14.619999885559082,14.619999885559082,8748,0.0,0.0,0.0
2025-05-09 01:00:00+00:00,14.630000114440918,14.640000343322754,14.630000114440918,14.640000343322754,0,0.0,0.0,0.0
2025-05-09 01:05:00+00:00,14.640000343322754,14.640000343322754,14.619999885559082,14.619999885559082,17838,0.0,0.0,0.0
2025-05-09 01:10:00+00:00,14.619999885559082,14.619999885559082,14.619999885559082,14.619999885559082,3000,0.0,0.0,0.0
2025-05-09 01:15:00+00:00,14.630000114440918,14.630000114440918,14.630000114440918,14.630000114440918,14671,0.0,0.0,0.0
2025-05-09 01:20:00+00:00,14.619999885559082,14.619999885559082,14.609999656677246,14.619999885559082,10111,0.0,0.0,0.0
2025-05-09 01:25:00+00:00,14.619999885559082,14.619999885559082,14.619999885559082,14.619999885559082,3100,0.0,0.0,0.0
2025-05-09 01:30:00+00:00,14.609999656677246,14.609999656677246,14.600000381469727,14.600000381469727,16210,0.0,0.0,0.0
2025-05-09 01:35:00+00:00,14.609999656677246,14.609999656677246,14.609999656677246,14.609999656677246,5335,0.0,0.0,0.0
2025-05-09 01:40:00+00:00,14.609999656677246,14.640000343322754,14.609999656677246,14.640000343322754,184000,0.0,0.0,0.0
2025-05-09 01:45:00+00:00,14.649999618530273,14.649999618530273,14.649999618530273,14.649999618530273,3100,0.0,0.0,0.0
2025-05-09 01:50:00+00:00,14.649999618530273,14.649999618530273,14.649999618530273,14.649999618530273,1090,0.0,0.0,0.0
2025-05-09 02:00:00+00:00,14.649999618530273,14.649999618530273,14.640000343322754,14.640000343322754,4338,0.0,0.0,0.0
2025-05-09 02:10:00+00:00,14.640000343322754,14.640000343322754,14.640000343322754,14.640000343322754,8302,0.0,0.0,0.0
2025-05-09 02:15:00+00:00,14.640000343322754,14.640000343322754,14.640000343322754,14.640000343322754,7300,0.0,0.0,0.0
2025-05-09 02:20:00+00:00,14.640000343322754,14.640000343322754,14.640000343322754,14.640000343322754,1005,0.0,0.0,0.0
2025-05-09 02:25:00+00:00,14.640000343322754,14.65999984741211,14.640000343322754,14.65999984741211,43000,0.0,0.0,0.0
2025-05-09 02:30:00+00:00,14.670000076293945,14.6899995803833,14.670000076293945,14.6899995803833,11854,0.0,0.0,0.0
2025-05-09 02:35:00+00:00,14.680000305175781,14.680000305175781,14.680000305175781,14.680000305175781,1863,0.0,0.0,0.0
2025-05-09 02:40:00+00:00,14.680000305175781,14.680000305175781,14.680000305175781,14.680000305175781,2900,0.0,0.0,0.0
2025-05-09 02:45:00+00:00,14.6899995803833,14.699999809265137,14.6899995803833,14.699999809265137,83670,0.0,0.0,0.0
2025-05-09 02:55:00+00:00,14.699999809265137,14.710000038146973,14.699999809265137,14.710000038146973,22500,0.0,0.0,0.0
2025-05-09 03:00:00+00:00,14.720000267028809,14.720000267028809,14.720000267028809,14.720000267028809,12232,0.0,0.0,0.0
2025-05-09 03:10:00+00:00,14.720000267028809,14.729999542236328,14.720000267028809,14.729999542236328,56999,0.0,0.0,0.0
2025-05-09 03:15:00+00:00,14.729999542236328,14.729999542236328,14.729999542236328,14.729999542236328,1974,0.0,0.0,0.0
2025-05-09 03:25:00+00:00,14.729999542236328,14.729999542236328,14.729999542236328,14.729999542236328,2602,0.0,0.0,0.0
2025-05-09 03:35:00+00:00,14.729999542236328,14.729999542236328,14.729999542236328,14.729999542236328,29577,0.0,0.0,0.0
2025-05-09 03:40:00+00:00,14.729999542236328,14.729999542236328,14.729999542236328,14.729999542236328,2000,0.0,0.0,0.0
2025-05-09 03:45:00+00:00,14.729999542236328,14.729999542236328,14.720000267028809,14.720000267028809,6000,0.0,0.0,0.0
2025-05-09 03:50:00+00:00,14.720000267028809,14.739999771118164,14.720000267028809,14.739999771118164,48050,0.0,0.0,0.0
2025-05-09 03:55:00+00:00,14.739999771118164,14.75,14.739999771118164,14.75,59839,0.0,0.0,0.0
2025-05-09 04:00:00+00:00,14.760000228881836,14.760000228881836,14.75,14.75,2360,0.0,0.0,0.0
2025-05-09 04:05:00+00:00,14.75,14.75,14.75,14.75,13000,0.0,0.0,0.0
2025-05-09 04:10:00+00:00,14.760000228881836,14.760000228881836,14.75,14.75,37840,0.0,0.0,0.0
2025-05-09 04:15:00+00:00,14.760000228881836,14.770000457763672,14.760000228881836,14.770000457763672,15357,0.0,0.0,0.0
2025-05-09 04:20:00+00:00,14.760000228881836,14.760000228881836,14.760000228881836,14.760000228881836,5000,0.0,0.0,0.0
2025-05-09 04:25:00+00:00,14.760000228881836,14.760000228881836,14.760000228881836,14.760000228881836,3345,0.0,0.0,0.0
2025-05-09 04:30:00+00:00,14.760000228881836,14.770000457763672,14.760000228881836,14.770000457763672,76707,0.0,0.0,0.0
2025-05-09 04:45:00+00:00,14.760000228881836,14.770000457763672,14.75,14.75,10036,0.0,0.0,0.0
2025-05-09 04:50:00+00:00,14.770000457763672,14.770000457763672,14.770000457763672,14.770000457763672,1317,0.0,0.0,0.0
2025-05-09 04:55:00+00:00,14.770000457763672,14.770000457763672,14.770000457763672,14.770000457763672,8748,0.0,0.0,0.0
2025-05-09 05:05:00+00:00,14.770000457763672,14.770000457763672,14.770000457763672,14.770000457763672,3439,0.0,0.0,0.0
2025-05-09 05:10:00+00:00,14.770000457763672,14.770000457763672,14.770000457763672,14.770000457763672,1574,0.0,0.0,0.0
2025-05-09 05:15:00+00:00,14.770000457763672,14.770000457763672,14.770000457763672,14.770000457763672,23187,0.0,0.0,0.0
2025-05-09 05:20:00+00:00,14.760000228881836,14.760000228881836,14.760000228881836,14.760000228881836,1230,0.0,0.0,0.0
2025-05-12 01:00:00+00:00,14.84000015258789,14.880000114440918,14.84000015258789,14.880000114440918,0,0.0,0.0,0.0
2025-05-12 01:05:00+00:00,14.880000114440918,14.890000343322754,14.880000114440918,14.890000343322754,141821,0.0,0.0,0.0
2025-05-12 01:10:00+00:00,14.890000343322754,14.899999618530273,14.890000343322754,14.899999618530273,28100,0.0,0.0,0.0
2025-05-12 01:15:00+00:00,14.920000076293945,14.920000076293945,14.920000076293945,14.920000076293945,9215,0.0,0.0,0.0
2025-05-12 01:20:00+00:00,14.920000076293945,14.920000076293945,14.890000343322754,14.890000343322754,59019,0.0,0.0,0.0
2025-05-12 01:25:00+00:00,14.890000343322754,14.90999984741211,14.890000343322754,14.90999984741211,16693,0.0,0.0,0.0
2025-05-12 01:35:00+00:00,14.880000114440918,14.880000114440918,14.869999885559082,14.869999885559082,26508,0.0,0.0,0.0
2025-05-12 01:45:00+00:00,14.880000114440918,14.899999618530273,14.880000114440918,14.899999618530273,99000,0.0,0.0,0.0
2025-05-12 01:50:00+00:00,14.899999618530273,14.899999618530273,14.899999618530273,14.899999618530273,4191,0.0,0.0,0.0
2025-05-12 01:55:00+00:00,14.890000343322754,14.890000343322754,14.880000114440918,14.880000114440918,8381,0.0,0.0,0.0
2025-05-12 02:00:00+00:00,14.899999618530273,14.899999618530273,14.899999618530273,14.899999618530273,1000,0.0,0.0,0.0
2025-05-12 02:05:00+00:00,14.890000343322754,14.890000343322754,14.890000343322754,14.890000343322754,40261,0.0,0.0,0.0
2025-05-12 02:15:00+00:00,14.890000343322754,14.890000343322754,14.890000343322754,14.890000343322754,4280,0.0,0.0,0.0
2025-05-12 02:25:00+00:00,14.880000114440918,14.880000114440918,14.880000114440918,14.880000114440918,1292,0.0,0.0,0.0
2025-05-12 02:35:00+00:00,14.880000114440918,14.880000114440918,14.869999885559082,14.869999885559082,14238,0.0,0.0,0.0
2025-05-12 02:40:00+00:00,14.869999885559082,14.869999885559082,14.869999885559082,14.869999885559082,6000,0.0,0.0,0.0
2025-05-12 02:45:00+00:00,14.869999885559082,14.869999885559082,14.869999885559082,14.869999885559082,10235,0.0,0.0,0.0
2025-05-12 02:50:00+00:00,14.869999885559082,14.869999885559082,14.869999885559082,14.869999885559082,4310,0.0,0.0,0.0
2025-05-12 02:55:00+00:00,14.869999885559082,14.869999885559082,14.859999656677246,14.859999656677246,75025,0.0,0.0,0.0
2025-05-12 03:00:00+00:00,14.869999885559082,14.869999885559082,14.869999885559082,14.869999885559082,2100,0.0,0.0,0.0
2025-05-12 03:05:00+00:00,14.869999885559082,14.869999885559082,14.869999885559082,14.869999885559082,1167,0.0,0.0,0.0
2025-05-12 03:10:00+00:00,14.880000114440918,14.880000114440918,14.880000114440918,14.880000114440918,13321,0.0,0.0,0.0
2025-05-12 03:25:00+00:00,14.880000114440918,14.880000114440918,14.869999885559082,14.869999885559082,8000,0.0,0.0,0.0
2025-05-12 03:30:00+00:00,14.859999656677246,14.859999656677246,14.859999656677246,14.859999656677246,10310,0.0,0.0,0.0
2025-05-12 03:35:00+00:00,14.859999656677246,14.859999656677246,14.859999656677246,14.859999656677246,1000,0.0,0.0,0.0
2025-05-12 03:40:00+00:00,14.859999656677246,14.869999885559082,14.859999656677246,14.869999885559082,33000,0.0,0.0,0.0
2025-05-12 03:50:00+00:00,14.880000114440918,14.880000114440918,14.880000114440918,14.880000114440918,2005,0.0,0.0,0.0
2025-05-12 03:55:00+00:00,14.880000114440918,14.880000114440918,14.869999885559082,14.880000114440918,22250,0.0,0.0,0.0
2025-05-12 04:00:00+00:00,14.890000343322754,14.890000343322754,14.890000343322754,14.890000343322754,1000,0.0,0.0,0.0
2025-05-12 04:05:00+00:00,14.880000114440918,14.890000343322754,14.880000114440918,14.890000343322754,10270,0.0,0.0,0.0
2025-05-12 04:20:00+00:00,14.890000343322754,14.890000343322754,14.890000343322754,14.890000343322754,12435,0.0,0.0,0.0
2025-05-12 04:30:00+00:00,14.890000343322754,14.890000343322754,14.890000343322754,14.890000343322754,6461,0.0,0.0,0.0
2025-05-12 04:40:00+00:00,14.890000343322754,14.890000343322754,14.890000343322754,14.890000343322754,2050,0.0,0.0,0.0
2025-05-12 04:45:00+00:00,14.890000343322754,14.890000343322754,14.890000343322754,14.890000343322754,10022,0.0,0.0,0.0
2025-05-12 04:50:00+00:00,14.890000343322754,14.890000343322754,14.890000343322754,14.890000343322754,1078,0.0,0.0,0.0
2025-05-12 05:00:00+00:00,14.880000114440918,14.880000114440918,14.880000114440918,14.880000114440918,1000,0.0,0.0,0.0
2025-05-12 05:05:00+00:00,14.880000114440918,14.890000343322754,14.880000114440918,14.890000343322754,11000,0.0,0.0,0.0
2025-05-12 05:10:00+00:00,14.880000114440918,14.880000114440918,14.880000114440918,14.880000114440918,17110,0.0,0.0,0.0
2025-05-12 05:15:00+00:00,14.880000114440918,14.880000114440918,14.880000114440918,14.880000114440918,1230,0.0,0.0,0.0
2025-05-12 05:20:00+00:00,14.890000343322754,14.899999618530273,14.890000343322754,14.899999618530273,70488,0.0,0.0,0.0
2025-05-13 01:00:00+00:00,15.079999923706055,15.079999923706055,15.029999732971191,15.029999732971191,0,0.0,0.0,0.0
2025-05-13 01:05:00+00:00,15.029999732971191,15.039999961853027,15.0,15.0,14854,0.0,0.0,0.0
2025-05-13 01:10:00+00:00,15.0,15.029999732971191,15.0,15.0,206404,0.0,0.0,0.0
2025-05-13 01:15:00+00:00,15.0,15.020000457763672,15.0,15.020000457763672,19946,0.0,0.0,0.0
2025-05-13 01:20:00+00:00,15.029999732971191,15.029999732971191,15.020000457763672,15.020000457763672,11264,0.0,0.0,0.0
2025-05-13 01:25:00+00:00,15.020000457763672,15.020000457763672,15.0,15.010000228881836,132310,0.0,0.0,0.0
2025-05-13 01:30:00+00:00,15.020000457763672,15.029999732971191,15.010000228881836,15.029999732971191,28316,0.0,0.0,0.0
2025-05-13 01:35:00+00:00,15.029999732971191,15.050000190734863,15.029999732971191,15.039999961853027,171798,0.0,0.0,0.0
2025-05-13 01:40:00+00:00,15.039999961853027,15.039999961853027,15.029999732971191,15.039999961853027,197900,0.0,0.0,0.0
2025-05-13 01:45:00+00:00,15.050000190734863,15.050000190734863,15.050000190734863,15.050000190734863,33552,0.0,0.0,0.0
2025-05-13 01:50:00+00:00,15.0600004196167,15.0600004196167,15.050000190734863,15.050000190734863,25600,0.0,0.0,0.0
2025-05-13 01:55:00+00:00,15.039999961853027,15.050000190734863,15.039999961853027,15.039999961853027,118000,0.0,0.0,0.0
2025-05-13 02:00:00+00:00,15.0600004196167,15.069999694824219,15.050000190734863,15.050000190734863,12858,0.0,0.0,0.0
2025-05-13 02:05:00+00:00,15.050000190734863,15.050000190734863,15.050000190734863,15.050000190734863,22153,0.0,0.0,0.0
2025-05-13 02:10:00+00:00,15.050000190734863,15.050000190734863,15.050000190734863,15.050000190734863,6798,0.0,0.0,0.0
2025-05-13 02:15:00+00:00,15.050000190734863,15.069999694824219,15.050000190734863,15.069999694824219,3200,0.0,0.0,0.0
2025-05-13 02:20:00+00:00,15.029999732971191,15.0600004196167,15.029999732971191,15.050000190734863,10573,0.0,0.0,0.0
2025-05-13 02:25:00+00:00,15.020000457763672,15.020000457763672,15.020000457763672,15.020000457763672,39566,0.0,0.0,0.0
2025-05-13 02:30:00+00:00,15.039999961853027,15.039999961853027,15.029999732971191,15.029999732971191,4240,0.0,0.0,0.0
2025-05-13 02:35:00+00:00,15.029999732971191,15.029999732971191,15.029999732971191,15.029999732971191,3231,0.0,0.0,0.0
2025-05-13 02:40:00+00:00,15.029999732971191,15.029999732971191,15.029999732971191,15.029999732971191,1000,0.0,0.0,0.0
2025-05-13 02:45:00+00:00,15.039999961853027,15.039999961853027,15.039999961853027,15.039999961853027,2449,0.0,0.0,0.0
2025-05-13 03:00:00+00:00,15.039999961853027,15.039999961853027,15.020000457763672,15.020000457763672,4110,0.0,0.0,0.0
2025-05-13 03:05:00+00:00,15.010000228881836,15.010000228881836,14.989999771118164,14.989999771118164,25101,0.0,0.0,0.0
2025-05-13 03:10:00+00:00,14.979999542236328,14.979999542236328,14.979999542236328,14.979999542236328,5140,0.0,0.0,0.0
2025-05-13 03:15:00+00:00,14.989999771118164,14.989999771118164,14.989999771118164,14.989999771118164,2173,0.0,0.0,0.0
2025-05-13 03:20:00+00:00,14.989999771118164,15.0,14.989999771118164,15.0,12227,0.0,0.0,0.0
2025-05-13 03:25:00+00:00,15.0,15.010000228881836,15.0,15.010000228881836,7198,0.0,0.0,0.0
2025-05-13 03:35:00+00:00,15.0,15.0,15.0,15.0,2105,0.0,0.0,0.0
2025-05-13 03:40:00+00:00,15.0,15.0,15.0,15.0,13195,0.0,0.0,0.0
2025-05-13 03:45:00+00:00,15.0,15.010000228881836,14.989999771118164,14.989999771118164,10305,0.0,0.0,0.0
2025-05-13 03:55:00+00:00,14.989999771118164,14.989999771118164,14.989999771118164,14.989999771118164,1000,0.0,0.0,0.0
2025-05-13 04:00:00+00:00,15.0,15.0,15.0,15.0,31097,0.0,0.0,0.0
2025-05-13 04:05:00+00:00,15.0,15.0,15.0,15.0,3010,0.0,0.0,0.0
2025-05-13 04:10:00+00:00,14.989999771118164,14.989999771118164,14.989999771118164,14.989999771118164,60646,0.0,0.0,0.0
2025-05-13 04:15:00+00:00,15.0,15.0,15.0,15.0,23000,0.0,0.0,0.0
2025-05-13 04:20:00+00:00,15.010000228881836,15.010000228881836,15.010000228881836,15.010000228881836,13299,0.0,0.0,0.0
2025-05-13 04:25:00+00:00,15.010000228881836,15.010000228881836,15.010000228881836,15.010000228881836,20349,0.0,0.0,0.0
2025-05-13 04:30:00+00:00,15.010000228881836,15.020000457763672,15.010000228881836,15.020000457763672,9340,0.0,0.0,0.0
2025-05-13 04:50:00+00:00,15.020000457763672,15.020000457763672,15.020000457763672,15.020000457763672,7207,0.0,0.0,0.0
2025-05-13 05:00:00+00:00,15.020000457763672,15.020000457763672,15.020000457763672,15.020000457763672,1097,0.0,0.0,0.0
2025-05-13 05:05:00+00:00,15.010000228881836,15.010000228881836,15.010000228881836,15.010000228881836,2000,0.0,0.0,0.0
2025-05-13 05:10:00+00:00,15.010000228881836,15.010000228881836,15.010000228881836,15.010000228881836,15020,0.0,0.0,0.0
2025-05-13 05:15:00+00:00,15.010000228881836,15.010000228881836,15.010000228881836,15.010000228881836,119633,0.0,0.0,0.0
2025-05-13 05:20:00+00:00,15.010000228881836,15.020000457763672,15.010000228881836,15.020000457763672,39637,0.0,0.0,0.0
2025-05-14 01:00:00+00:00,15.100000381469727,15.140000343322754,15.100000381469727,15.140000343322754,0,0.0,0.0,0.0
2025-05-14 01:05:00+00:00,15.130000114440918,15.140000343322754,15.100000381469727,15.100000381469727,124645,0.0,0.0,0.0
2025-05-14 01:10:00+00:00,15.100000381469727,15.100000381469727,15.09000015258789,15.09000015258789,4008,0.0,0.0,0.0
2025-05-14 01:15:00+00:00,15.050000190734863,15.079999923706055,15.050000190734863,15.069999694824219,10050,0.0,0.0,0.0
2025-05-14 01:20:00+00:00,15.09000015258789,15.09000015258789,15.09000015258789,15.09000015258789,20688,0.0,0.0,0.0
2025-05-14 01:25:00+00:00,15.09000015258789,15.109999656677246,15.09000015258789,15.109999656677246,29071,0.0,0.0,0.0
2025-05-14 01:30:00+00:00,15.109999656677246,15.119999885559082,15.109999656677246,15.119999885559082,36406,0.0,0.0,0.0
2025-05-14 01:35:00+00:00,15.130000114440918,15.140000343322754,15.130000114440918,15.140000343322754,57000,0.0,0.0,0.0
2025-05-14 01:40:00+00:00,15.140000343322754,15.170000076293945,15.140000343322754,15.170000076293945,163600,0.0,0.0,0.0
2025-05-14 01:45:00+00:00,15.170000076293945,15.170000076293945,15.15999984741211,15.15999984741211,10061,0.0,0.0,0.0
2025-05-14 01:50:00+00:00,15.170000076293945,15.170000076293945,15.170000076293945,15.170000076293945,45455,0.0,0.0,0.0
2025-05-14 01:55:00+00:00,15.15999984741211,15.15999984741211,15.15999984741211,15.15999984741211,100280,0.0,0.0,0.0
2025-05-14 02:00:00+00:00,15.15999984741211,15.15999984741211,15.15999984741211,15.15999984741211,16000,0.0,0.0,0.0
2025-05-14 02:05:00+00:00,15.170000076293945,15.1899995803833,15.170000076293945,15.1899995803833,95800,0.0,0.0,0.0
2025-05-14 02:10:00+00:00,15.180000305175781,15.180000305175781,15.180000305175781,15.180000305175781,3035,0.0,0.0,0.0
2025-05-14 02:15:00+00:00,15.180000305175781,15.1899995803833,15.180000305175781,15.1899995803833,14000,0.0,0.0,0.0
2025-05-14 02:20:00+00:00,15.180000305175781,15.180000305175781,15.180000305175781,15.180000305175781,3185,0.0,0.0,0.0
2025-05-14 02:25:00+00:00,15.1899995803833,15.1899995803833,15.180000305175781,15.180000305175781,105005,0.0,0.0,0.0
2025-05-14 02:30:00+00:00,15.170000076293945,15.170000076293945,15.149999618530273,15.149999618530273,7000,0.0,0.0,0.0
2025-05-14 02:40:00+00:00,15.149999618530273,15.149999618530273,15.140000343322754,15.140000343322754,45040,0.0,0.0,0.0
2025-05-14 02:45:00+00:00,15.130000114440918,15.130000114440918,15.130000114440918,15.130000114440918,65555,0.0,0.0,0.0
2025-05-14 02:50:00+00:00,15.109999656677246,15.119999885559082,15.109999656677246,15.119999885559082,12100,0.0,0.0,0.0
2025-05-14 02:55:00+00:00,15.130000114440918,15.140000343322754,15.130000114440918,15.140000343322754,111302,0.0,0.0,0.0
2025-05-14 03:00:00+00:00,15.140000343322754,15.140000343322754,15.140000343322754,15.140000343322754,2000,0.0,0.0,0.0
2025-05-14 03:05:00+00:00,15.149999618530273,15.149999618530273,15.140000343322754,15.149999618530273,53000,0.0,0.0,0.0
2025-05-14 03:10:00+00:00,15.149999618530273,15.15999984741211,15.149999618530273,15.15999984741211,21980,0.0,0.0,0.0
2025-05-14 03:20:00+00:00,15.15999984741211,15.15999984741211,15.15999984741211,15.15999984741211,21012,0.0,0.0,0.0
2025-05-14 03:25:00+00:00,15.15999984741211,15.170000076293945,15.15999984741211,15.170000076293945,67000,0.0,0.0,0.0
2025-05-14 03:30:00+00:00,15.170000076293945,15.180000305175781,15.170000076293945,15.180000305175781,13070,0.0,0.0,0.0
2025-05-14 03:35:00+00:00,15.180000305175781,15.180000305175781,15.149999618530273,15.149999618530273,56000,0.0,0.0,0.0
2025-05-14 03:40:00+00:00,15.15999984741211,15.15999984741211,15.15999984741211,15.15999984741211,1000,0.0,0.0,0.0
2025-05-14 03:45:00+00:00,15.170000076293945,15.170000076293945,15.15999984741211,15.15999984741211,22170,0.0,0.0,0.0
2025-05-14 03:55:00+00:00,15.149999618530273,15.149999618530273,15.149999618530273,15.149999618530273,1000,0.0,0.0,0.0
2025-05-14 04:00:00+00:00,15.149999618530273,15.149999618530273,15.149999618530273,15.149999618530273,20100,0.0,0.0,0.0
2025-05-14 04:05:00+00:00,15.15999984741211,15.170000076293945,15.15999984741211,15.170000076293945,116204,0.0,0.0,0.0
2025-05-14 04:15:00+00:00,15.15999984741211,15.15999984741211,15.15999984741211,15.15999984741211,5293,0.0,0.0,0.0
2025-05-14 04:20:00+00:00,15.170000076293945,15.170000076293945,15.170000076293945,15.170000076293945,14654,0.0,0.0,0.0
2025-05-14 04:25:00+00:00,15.170000076293945,15.180000305175781,15.15999984741211,15.180000305175781,95527,0.0,0.0,0.0
2025-05-14 04:30:00+00:00,15.1899995803833,15.1899995803833,15.1899995803833,15.1899995803833,21100,0.0,0.0,0.0
2025-05-14 04:35:00+00:00,15.1899995803833,15.1899995803833,15.1899995803833,15.1899995803833,10000,0.0,0.0,0.0
2025-05-14 04:40:00+00:00,15.1899995803833,15.1899995803833,15.1899995803833,15.1899995803833,27114,0.0,0.0,0.0
2025-05-14 04:45:00+00:00,15.180000305175781,15.180000305175781,15.180000305175781,15.180000305175781,30010,0.0,0.0,0.0
2025-05-14 04:50:00+00:00,15.180000305175781,15.180000305175781,15.170000076293945,15.180000305175781,5148,0.0,0.0,0.0
2025-05-14 05:00:00+00:00,15.180000305175781,15.180000305175781,15.170000076293945,15.170000076293945,8382,0.0,0.0,0.0
2025-05-14 05:05:00+00:00,15.170000076293945,15.180000305175781,15.170000076293945,15.180000305175781,106248,0.0,0.0,0.0
2025-05-14 05:10:00+00:00,15.170000076293945,15.170000076293945,15.170000076293945,15.170000076293945,13002,0.0,0.0,0.0
2025-05-14 05:15:00+00:00,15.170000076293945,15.170000076293945,15.170000076293945,15.170000076293945,8196,0.0,0.0,0.0
2025-05-14 05:20:00+00:00,15.170000076293945,15.1899995803833,15.170000076293945,15.170000076293945,18553,0.0,0.0,0.0
2025-05-15 01:00:00+00:00,15.210000038146973,15.25,15.210000038146973,15.25,0,0.0,0.0,0.0
2025-05-15 01:05:00+00:00,15.239999771118164,15.270000457763672,15.229999542236328,15.229999542236328,50737,0.0,0.0,0.0
2025-05-15 01:10:00+00:00,15.239999771118164,15.239999771118164,15.239999771118164,15.239999771118164,29147,0.0,0.0,0.0
2025-05-15 01:15:00+00:00,15.25,15.260000228881836,15.25,15.260000228881836,11040,0.0,0.0,0.0
2025-05-15 01:20:00+00:00,15.220000267028809,15.220000267028809,15.199999809265137,15.199999809265137,113315,0.0,0.0,0.0
2025-05-15 01:25:00+00:00,15.1899995803833,15.1899995803833,15.1899995803833,15.1899995803833,3044,0.0,0.0,0.0
2025-05-15 01:30:00+00:00,15.15999984741211,15.1899995803833,15.15999984741211,15.1899995803833,28806,0.0,0.0,0.0
2025-05-15 01:35:00+00:00,15.1899995803833,15.210000038146973,15.1899995803833,15.199999809265137,30083,0.0,0.0,0.0
2025-05-15 01:40:00+00:00,15.199999809265137,15.239999771118164,15.199999809265137,15.239999771118164,47109,0.0,0.0,0.0
2025-05-15 01:45:00+00:00,15.25,15.260000228881836,15.25,15.25,80980,0.0,0.0,0.0
2025-05-15 01:50:00+00:00,15.25,15.25,15.25,15.25,203688,0.0,0.0,0.0
2025-05-15 01:55:00+00:00,15.239999771118164,15.239999771118164,15.239999771118164,15.239999771118164,33180,0.0,0.0,0.0
2025-05-15 02:00:00+00:00,15.220000267028809,15.220000267028809,15.210000038146973,15.210000038146973,102320,0.0,0.0,0.0
2025-05-15 02:10:00+00:00,15.210000038146973,15.210000038146973,15.210000038146973,15.210000038146973,13000,0.0,0.0,0.0
2025-05-15 02:15:00+00:00,15.220000267028809,15.220000267028809,15.220000267028809,15.220000267028809,12000,0.0,0.0,0.0
2025-05-15 02:20:00+00:00,15.210000038146973,15.210000038146973,15.210000038146973,15.210000038146973,100006,0.0,0.0,0.0
2025-05-15 02:30:00+00:00,15.210000038146973,15.220000267028809,15.210000038146973,15.220000267028809,44028,0.0,0.0,0.0
2025-05-15 02:35:00+00:00,15.220000267028809,15.220000267028809,15.220000267028809,15.220000267028809,7000,0.0,0.0,0.0
2025-05-15 02:40:00+00:00,15.220000267028809,15.229999542236328,15.220000267028809,15.229999542236328,21815,0.0,0.0,0.0
2025-05-15 02:45:00+00:00,15.220000267028809,15.229999542236328,15.220000267028809,15.229999542236328,17233,0.0,0.0,0.0
2025-05-15 02:50:00+00:00,15.239999771118164,15.25,15.239999771118164,15.239999771118164,20068,0.0,0.0,0.0
2025-05-15 02:55:00+00:00,15.239999771118164,15.25,15.239999771118164,15.25,33009,0.0,0.0,0.0
2025-05-15 03:00:00+00:00,15.260000228881836,15.260000228881836,15.260000228881836,15.260000228881836,6082,0.0,0.0,0.0
2025-05-15 03:15:00+00:00,15.25,15.25,15.25,15.25,13000,0.0,0.0,0.0
2025-05-15 03:20:00+00:00,15.25,15.25,15.239999771118164,15.239999771118164,8007,0.0,0.0,0.0
2025-05-15 03:25:00+00:00,15.239999771118164,15.239999771118164,15.239999771118164,15.239999771118164,2000,0.0,0.0,0.0
2025-05-15 03:30:00+00:00,15.239999771118164,15.239999771118164,15.239999771118164,15.239999771118164,9500,0.0,0.0,0.0
2025-05-15 03:35:00+00:00,15.229999542236328,15.229999542236328,15.229999542236328,15.229999542236328,1000,0.0,0.0,0.0
2025-05-15 03:40:00+00:00,15.229999542236328,15.229999542236328,15.220000267028809,15.220000267028809,6100,0.0,0.0,0.0
2025-05-15 03:45:00+00:00,15.229999542236328,15.229999542236328,15.229999542236328,15.229999542236328,3000,0.0,0.0,0.0
2025-05-15 03:55:00+00:00,15.229999542236328,15.229999542236328,15.229999542236328,15.229999542236328,29561,0.0,0.0,0.0
2025-05-15 04:05:00+00:00,15.229999542236328,15.229999542236328,15.229999542236328,15.229999542236328,1010,0.0,0.0,0.0
2025-05-15 04:10:00+00:00,15.229999542236328,15.229999542236328,15.229999542236328,15.229999542236328,8000,0.0,0.0,0.0
2025-05-15 04:15:00+00:00,15.229999542236328,15.229999542236328,15.229999542236328,15.229999542236328,6000,0.0,0.0,0.0
2025-05-15 04:20:00+00:00,15.229999542236328,15.229999542236328,15.229999542236328,15.229999542236328,2229,0.0,0.0,0.0
2025-05-15 04:25:00+00:00,15.229999542236328,15.229999542236328,15.229999542236328,15.229999542236328,4000,0.0,0.0,0.0
2025-05-15 04:30:00+00:00,15.229999542236328,15.229999542236328,15.220000267028809,15.220000267028809,17000,0.0,0.0,0.0
2025-05-15 04:35:00+00:00,15.229999542236328,15.229999542236328,15.220000267028809,15.220000267028809,22100,0.0,0.0,0.0
2025-05-15 04:40:00+00:00,15.220000267028809,15.229999542236328,15.220000267028809,15.229999542236328,14090,0.0,0.0,0.0
2025-05-15 04:45:00+00:00,15.229999542236328,15.229999542236328,15.229999542236328,15.229999542236328,11000,0.0,0.0,0.0
2025-05-15 04:50:00+00:00,15.220000267028809,15.229999542236328,15.220000267028809,15.229999542236328,16500,0.0,0.0,0.0
2025-05-15 04:55:00+00:00,15.229999542236328,15.229999542236328,15.229999542236328,15.229999542236328,1000,0.0,0.0,0.0
2025-05-15 05:00:00+00:00,15.229999542236328,15.229999542236328,15.229999542236328,15.229999542236328,10632,0.0,0.0,0.0
2025-05-15 05:05:00+00:00,15.229999542236328,15.229999542236328,15.229999542236328,15.229999542236328,26063,0.0,0.0,0.0
2025-05-15 05:10:00+00:00,15.229999542236328,15.229999542236328,15.229999542236328,15.229999542236328,6000,0.0,0.0,0.0
2025-05-15 05:15:00+00:00,15.229999542236328,15.229999542236328,15.229999542236328,15.229999542236328,9710,0.0,0.0,0.0
2025-05-15 05:20:00+00:00,15.239999771118164,15.239999771118164,15.229999542236328,15.229999542236328,7000,0.0,0.0,0.0
2025-05-16 01:00:00+00:00,15.270000457763672,15.289999961853027,15.270000457763672,15.289999961853027,0,0.0,0.0,0.0
2025-05-16 01:05:00+00:00,15.270000457763672,15.270000457763672,15.270000457763672,15.270000457763672,10613,0.0,0.0,0.0
2025-05-16 01:10:00+00:00,15.270000457763672,15.270000457763672,15.270000457763672,15.270000457763672,90070,0.0,0.0,0.0
2025-05-16 01:15:00+00:00,15.279999732971191,15.300000190734863,15.279999732971191,15.300000190734863,142825,0.0,0.0,0.0
2025-05-16 01:20:00+00:00,15.300000190734863,15.300000190734863,15.300000190734863,15.300000190734863,47100,0.0,0.0,0.0
2025-05-16 01:25:00+00:00,15.300000190734863,15.3100004196167,15.300000190734863,15.3100004196167,36201,0.0,0.0,0.0
2025-05-16 01:30:00+00:00,15.3100004196167,15.3100004196167,15.300000190734863,15.3100004196167,20750,0.0,0.0,0.0
2025-05-16 01:35:00+00:00,15.319999694824219,15.359999656677246,15.319999694824219,15.359999656677246,113439,0.0,0.0,0.0
2025-05-16 01:40:00+00:00,15.350000381469727,15.359999656677246,15.350000381469727,15.359999656677246,5480,0.0,0.0,0.0
2025-05-16 01:45:00+00:00,15.369999885559082,15.380000114440918,15.359999656677246,15.359999656677246,32185,0.0,0.0,0.0
2025-05-16 01:50:00+00:00,15.350000381469727,15.350000381469727,15.350000381469727,15.350000381469727,1065,0.0,0.0,0.0
2025-05-16 01:55:00+00:00,15.359999656677246,15.380000114440918,15.350000381469727,15.380000114440918,71139,0.0,0.0,0.0
2025-05-16 02:00:00+00:00,15.390000343322754,15.399999618530273,15.380000114440918,15.380000114440918,11500,0.0,0.0,0.0
2025-05-16 02:05:00+00:00,15.380000114440918,15.380000114440918,15.380000114440918,15.380000114440918,2038,0.0,0.0,0.0
2025-05-16 02:10:00+00:00,15.369999885559082,15.369999885559082,15.369999885559082,15.369999885559082,7000,0.0,0.0,0.0
2025-05-16 02:15:00+00:00,15.369999885559082,15.369999885559082,15.369999885559082,15.369999885559082,3118,0.0,0.0,0.0
2025-05-16 02:20:00+00:00,15.369999885559082,15.390000343322754,15.369999885559082,15.380000114440918,78025,0.0,0.0,0.0
2025-05-16 02:25:00+00:00,15.390000343322754,15.390000343322754,15.390000343322754,15.390000343322754,4018,0.0,0.0,0.0
2025-05-16 02:30:00+00:00,15.399999618530273,15.399999618530273,15.399999618530273,15.399999618530273,109100,0.0,0.0,0.0
2025-05-16 02:35:00+00:00,15.40999984741211,15.430000305175781,15.40999984741211,15.430000305175781,88430,0.0,0.0,0.0
2025-05-16 02:40:00+00:00,15.430000305175781,15.430000305175781,15.430000305175781,15.430000305175781,22000,0.0,0.0,0.0
2025-05-16 02:45:00+00:00,15.4399995803833,15.4399995803833,15.430000305175781,15.430000305175781,4351,0.0,0.0,0.0
2025-05-16 02:50:00+00:00,15.40999984741211,15.40999984741211,15.40999984741211,15.40999984741211,13580,0.0,0.0,0.0
2025-05-16 02:55:00+00:00,15.420000076293945,15.420000076293945,15.420000076293945,15.420000076293945,4017,0.0,0.0,0.0
2025-05-16 03:00:00+00:00,15.420000076293945,15.420000076293945,15.40999984741211,15.40999984741211,5300,0.0,0.0,0.0
2025-05-16 03:05:00+00:00,15.40999984741211,15.420000076293945,15.40999984741211,15.420000076293945,31027,0.0,0.0,0.0
2025-05-16 03:10:00+00:00,15.430000305175781,15.4399995803833,15.430000305175781,15.4399995803833,76300,0.0,0.0,0.0
2025-05-16 03:15:00+00:00,15.449999809265137,15.449999809265137,15.4399995803833,15.449999809265137,94380,0.0,0.0,0.0
2025-05-16 03:20:00+00:00,15.449999809265137,15.460000038146973,15.449999809265137,15.449999809265137,7991,0.0,0.0,0.0
2025-05-16 03:25:00+00:00,15.460000038146973,15.460000038146973,15.460000038146973,15.460000038146973,20018,0.0,0.0,0.0
2025-05-16 03:30:00+00:00,15.449999809265137,15.449999809265137,15.449999809265137,15.449999809265137,18118,0.0,0.0,0.0
2025-05-16 03:35:00+00:00,15.4399995803833,15.4399995803833,15.420000076293945,15.420000076293945,205729,0.0,0.0,0.0
2025-05-16 03:40:00+00:00,15.40999984741211,15.40999984741211,15.399999618530273,15.399999618530273,7088,0.0,0.0,0.0
2025-05-16 03:45:00+00:00,15.399999618530273,15.399999618530273,15.399999618530273,15.399999618530273,29002,0.0,0.0,0.0
2025-05-16 03:50:00+00:00,15.399999618530273,15.399999618530273,15.399999618530273,15.399999618530273,10119,0.0,0.0,0.0
2025-05-16 03:55:00+00:00,15.390000343322754,15.390000343322754,15.390000343322754,15.390000343322754,33027,0.0,0.0,0.0
2025-05-16 04:05:00+00:00,15.399999618530273,15.399999618530273,15.399999618530273,15.399999618530273,8019,0.0,0.0,0.0
2025-05-16 04:10:00+00:00,15.399999618530273,15.399999618530273,15.399999618530273,15.399999618530273,1000,0.0,0.0,0.0
2025-05-16 04:15:00+00:00,15.399999618530273,15.399999618530273,15.399999618530273,15.399999618530273,40973,0.0,0.0,0.0
2025-05-16 04:25:00+00:00,15.399999618530273,15.399999618530273,15.399999618530273,15.399999618530273,10200,0.0,0.0,0.0
2025-05-16 04:30:00+00:00,15.399999618530273,15.40999984741211,15.399999618530273,15.40999984741211,29218,0.0,0.0,0.0
2025-05-16 04:35:00+00:00,15.40999984741211,15.420000076293945,15.40999984741211,15.420000076293945,24356,0.0,0.0,0.0
2025-05-16 04:40:00+00:00,15.420000076293945,15.420000076293945,15.420000076293945,15.420000076293945,3547,0.0,0.0,0.0
2025-05-16 04:45:00+00:00,15.420000076293945,15.430000305175781,15.420000076293945,15.430000305175781,7584,0.0,0.0,0.0
2025-05-16 04:55:00+00:00,15.399999618530273,15.399999618530273,15.399999618530273,15.399999618530273,74282,0.0,0.0,0.0
2025-05-16 05:00:00+00:00,15.399999618530273,15.40999984741211,15.399999618530273,15.40999984741211,65750,0.0,0.0,0.0
2025-05-16 05:05:00+00:00,15.40999984741211,15.40999984741211,15.40999984741211,15.40999984741211,6271,0.0,0.0,0.0
2025-05-16 05:10:00+00:00,15.40999984741211,15.40999984741211,15.40999984741211,15.40999984741211,9000,0.0,0.0,0.0
2025-05-16 05:15:00+00:00,15.40999984741211,15.40999984741211,15.40999984741211,15.40999984741211,30230,0.0,0.0,0.0
2025-05-16 05:20:00+00:00,15.40999984741211,15.40999984741211,15.399999618530273,15.40999984741211,14868,0.0,0.0,0.0
2025-05-19 01:00:00+00:00,15.369999885559082,15.399999618530273,15.350000381469727,15.359999656677246,0,0.0,0.0,0.0
2025-05-19 01:05:00+00:00,15.369999885559082,15.380000114440918,15.359999656677246,15.369999885559082,159093,0.0,0.0,0.0
2025-05-19 01:10:00+00:00,15.369999885559082,15.369999885559082,15.34000015258789,15.34000015258789,264890,0.0,0.0,0.0
2025-05-19 01:15:00+00:00,15.329999923706055,15.329999923706055,15.319999694824219,15.319999694824219,14440,0.0,0.0,0.0
2025-05-19 01:20:00+00:00,15.3100004196167,15.3100004196167,15.289999961853027,15.289999961853027,58646,0.0,0.0,0.0
2025-05-19 01:25:00+00:00,15.300000190734863,15.3100004196167,15.289999961853027,15.3100004196167,16265,0.0,0.0,0.0
2025-05-19 01:30:00+00:00,15.329999923706055,15.329999923706055,15.300000190734863,15.3100004196167,31098,0.0,0.0,0.0
2025-05-19 01:35:00+00:00,15.3100004196167,15.329999923706055,15.3100004196167,15.319999694824219,23335,0.0,0.0,0.0
2025-05-19 01:40:00+00:00,15.319999694824219,15.319999694824219,15.3100004196167,15.3100004196167,37114,0.0,0.0,0.0
2025-05-19 01:45:00+00:00,15.319999694824219,15.319999694824219,15.300000190734863,15.300000190734863,145100,0.0,0.0,0.0
2025-05-19 01:50:00+00:00,15.3100004196167,15.3100004196167,15.289999961853027,15.289999961853027,33477,0.0,0.0,0.0
2025-05-19 01:55:00+00:00,15.289999961853027,15.289999961853027,15.289999961853027,15.289999961853027,6384,0.0,0.0,0.0
2025-05-19 02:00:00+00:00,15.289999961853027,15.300000190734863,15.279999732971191,15.300000190734863,40575,0.0,0.0,0.0
2025-05-19 02:05:00+00:00,15.3100004196167,15.319999694824219,15.3100004196167,15.319999694824219,19176,0.0,0.0,0.0
2025-05-19 02:10:00+00:00,15.319999694824219,15.319999694824219,15.3100004196167,15.319999694824219,19117,0.0,0.0,0.0
2025-05-19 02:15:00+00:00,15.329999923706055,15.350000381469727,15.329999923706055,15.350000381469727,11389,0.0,0.0,0.0
2025-05-19 02:20:00+00:00,15.350000381469727,15.350000381469727,15.34000015258789,15.34000015258789,12000,0.0,0.0,0.0
2025-05-19 02:25:00+00:00,15.350000381469727,15.359999656677246,15.350000381469727,15.359999656677246,10444,0.0,0.0,0.0
2025-05-19 02:30:00+00:00,15.359999656677246,15.369999885559082,15.350000381469727,15.350000381469727,113040,0.0,0.0,0.0
2025-05-19 02:35:00+00:00,15.350000381469727,15.359999656677246,15.350000381469727,15.359999656677246,11260,0.0,0.0,0.0
2025-05-19 02:40:00+00:00,15.359999656677246,15.359999656677246,15.359999656677246,15.359999656677246,4000,0.0,0.0,0.0
2025-05-19 02:45:00+00:00,15.369999885559082,15.369999885559082,15.369999885559082,15.369999885559082,3400,0.0,0.0,0.0
2025-05-19 02:55:00+00:00,15.359999656677246,15.359999656677246,15.359999656677246,15.359999656677246,1060,0.0,0.0,0.0
2025-05-19 03:00:00+00:00,15.369999885559082,15.369999885559082,15.369999885559082,15.369999885559082,2153,0.0,0.0,0.0
2025-05-19 03:05:00+00:00,15.359999656677246,15.359999656677246,15.359999656677246,15.359999656677246,1000,0.0,0.0,0.0
2025-05-19 03:10:00+00:00,15.350000381469727,15.350000381469727,15.329999923706055,15.329999923706055,35000,0.0,0.0,0.0
2025-05-19 03:15:00+00:00,15.329999923706055,15.329999923706055,15.319999694824219,15.319999694824219,3168,0.0,0.0,0.0
2025-05-19 03:20:00+00:00,15.329999923706055,15.329999923706055,15.319999694824219,15.319999694824219,20000,0.0,0.0,0.0
2025-05-19 03:25:00+00:00,15.319999694824219,15.319999694824219,15.319999694824219,15.319999694824219,25061,0.0,0.0,0.0
2025-05-19 03:30:00+00:00,15.300000190734863,15.300000190734863,15.300000190734863,15.300000190734863,100410,0.0,0.0,0.0
2025-05-19 03:35:00+00:00,15.279999732971191,15.279999732971191,15.279999732971191,15.279999732971191,7041,0.0,0.0,0.0
2025-05-19 03:45:00+00:00,15.279999732971191,15.279999732971191,15.279999732971191,15.279999732971191,7200,0.0,0.0,0.0
2025-05-19 03:50:00+00:00,15.279999732971191,15.279999732971191,15.279999732971191,15.279999732971191,1000,0.0,0.0,0.0
2025-05-19 03:55:00+00:00,15.300000190734863,15.300000190734863,15.300000190734863,15.300000190734863,13340,0.0,0.0,0.0
2025-05-19 04:15:00+00:00,15.300000190734863,15.300000190734863,15.300000190734863,15.300000190734863,20113,0.0,0.0,0.0
2025-05-19 04:20:00+00:00,15.279999732971191,15.279999732971191,15.279999732971191,15.279999732971191,10010,0.0,0.0,0.0
2025-05-19 04:25:00+00:00,15.279999732971191,15.279999732971191,15.279999732971191,15.279999732971191,2557,0.0,0.0,0.0
2025-05-19 04:30:00+00:00,15.270000457763672,15.279999732971191,15.270000457763672,15.279999732971191,4267,0.0,0.0,0.0
2025-05-19 04:35:00+00:00,15.279999732971191,15.279999732971191,15.279999732971191,15.279999732971191,6000,0.0,0.0,0.0
2025-05-19 04:40:00+00:00,15.270000457763672,15.270000457763672,15.270000457763672,15.270000457763672,9030,0.0,0.0,0.0
2025-05-19 04:45:00+00:00,15.279999732971191,15.279999732971191,15.279999732971191,15.279999732971191,1447,0.0,0.0,0.0
2025-05-19 04:50:00+00:00,15.270000457763672,15.270000457763672,15.260000228881836,15.260000228881836,20220,0.0,0.0,0.0
2025-05-19 04:55:00+00:00,15.260000228881836,15.260000228881836,15.260000228881836,15.260000228881836,6078,0.0,0.0,0.0
2025-05-19 05:05:00+00:00,15.270000457763672,15.270000457763672,15.270000457763672,15.270000457763672,187520,0.0,0.0,0.0
2025-05-19 05:10:00+00:00,15.260000228881836,15.270000457763672,15.260000228881836,15.260000228881836,14205,0.0,0.0,0.0
2025-05-19 05:15:00+00:00,15.260000228881836,15.260000228881836,15.25,15.25,30968,0.0,0.0,0.0
2025-05-19 05:20:00+00:00,15.260000228881836,15.260000228881836,15.260000228881836,15.260000228881836,9123,0.0,0.0,0.0
2025-05-20 01:00:00+00:00,15.270000457763672,15.300000190734863,15.270000457763672,15.279999732971191,0,0.0,0.0,0.0
2025-05-20 01:05:00+00:00,15.289999961853027,15.300000190734863,15.289999961853027,15.300000190734863,58239,0.0,0.0,0.0
2025-05-20 01:10:00+00:00,15.279999732971191,15.279999732971191,15.279999732971191,15.279999732971191,12077,0.0,0.0,0.0
2025-05-20 01:15:00+00:00,15.270000457763672,15.270000457763672,15.25,15.260000228881836,4079,0.0,0.0,0.0
2025-05-20 01:20:00+00:00,15.260000228881836,15.260000228881836,15.25,15.25,8661,0.0,0.0,0.0
2025-05-20 01:25:00+00:00,15.25,15.25,15.239999771118164,15.239999771118164,5145,0.0,0.0,0.0
2025-05-20 01:30:00+00:00,15.25,15.25,15.220000267028809,15.220000267028809,15078,0.0,0.0,0.0
2025-05-20 01:35:00+00:00,15.220000267028809,15.220000267028809,15.210000038146973,15.210000038146973,28231,0.0,0.0,0.0
2025-05-20 01:40:00+00:00,15.220000267028809,15.229999542236328,15.220000267028809,15.229999542236328,23222,0.0,0.0,0.0
2025-05-20 01:45:00+00:00,15.229999542236328,15.25,15.229999542236328,15.25,20100,0.0,0.0,0.0
2025-05-20 01:50:00+00:00,15.25,15.25,15.25,15.25,9092,0.0,0.0,0.0
2025-05-20 01:55:00+00:00,15.260000228881836,15.260000228881836,15.260000228881836,15.260000228881836,13142,0.0,0.0,0.0
2025-05-20 02:00:00+00:00,15.270000457763672,15.279999732971191,15.270000457763672,15.279999732971191,74376,0.0,0.0,0.0
2025-05-20 02:05:00+00:00,15.279999732971191,15.279999732971191,15.270000457763672,15.270000457763672,7709,0.0,0.0,0.0
2025-05-20 02:10:00+00:00,15.279999732971191,15.289999961853027,15.279999732971191,15.289999961853027,33346,0.0,0.0,0.0
2025-05-20 02:15:00+00:00,15.260000228881836,15.270000457763672,15.260000228881836,15.270000457763672,102000,0.0,0.0,0.0
2025-05-20 02:25:00+00:00,15.260000228881836,15.260000228881836,15.260000228881836,15.260000228881836,3097,0.0,0.0,0.0
2025-05-20 02:30:00+00:00,15.260000228881836,15.260000228881836,15.260000228881836,15.260000228881836,1173,0.0,0.0,0.0
2025-05-20 02:35:00+00:00,15.270000457763672,15.300000190734863,15.270000457763672,15.300000190734863,149078,0.0,0.0,0.0
2025-05-20 02:40:00+00:00,15.300000190734863,15.3100004196167,15.300000190734863,15.3100004196167,115750,0.0,0.0,0.0
2025-05-20 02:45:00+00:00,15.3100004196167,15.3100004196167,15.3100004196167,15.3100004196167,1275,0.0,0.0,0.0
2025-05-20 02:50:00+00:00,15.300000190734863,15.300000190734863,15.300000190734863,15.300000190734863,5000,0.0,0.0,0.0
2025-05-20 02:55:00+00:00,15.300000190734863,15.300000190734863,15.300000190734863,15.300000190734863,6150,0.0,0.0,0.0
2025-05-20 03:00:00+00:00,15.300000190734863,15.3100004196167,15.300000190734863,15.3100004196167,26335,0.0,0.0,0.0
2025-05-20 03:15:00+00:00,15.300000190734863,15.300000190734863,15.289999961853027,15.289999961853027,50188,0.0,0.0,0.0
2025-05-20 03:20:00+00:00,15.289999961853027,15.300000190734863,15.289999961853027,15.300000190734863,23029,0.0,0.0,0.0
2025-05-20 03:25:00+00:00,15.289999961853027,15.289999961853027,15.289999961853027,15.289999961853027,12000,0.0,0.0,0.0
2025-05-20 03:30:00+00:00,15.289999961853027,15.289999961853027,15.289999961853027,15.289999961853027,1000,0.0,0.0,0.0
2025-05-20 03:35:00+00:00,15.289999961853027,15.289999961853027,15.289999961853027,15.289999961853027,11300,0.0,0.0,0.0
2025-05-20 03:40:00+00:00,15.289999961853027,15.300000190734863,15.289999961853027,15.300000190734863,29803,0.0,0.0,0.0
2025-05-20 03:55:00+00:00,15.300000190734863,15.300000190734863,15.300000190734863,15.300000190734863,2000,0.0,0.0,0.0
2025-05-20 04:00:00+00:00,15.300000190734863,15.300000190734863,15.300000190734863,15.300000190734863,3830,0.0,0.0,0.0
2025-05-20 04:10:00+00:00,15.279999732971191,15.279999732971191,15.279999732971191,15.279999732971191,1000,0.0,0.0,0.0
2025-05-20 04:15:00+00:00,15.279999732971191,15.279999732971191,15.260000228881836,15.260000228881836,15201,0.0,0.0,0.0
2025-05-20 04:20:00+00:00,15.260000228881836,15.260000228881836,15.260000228881836,15.260000228881836,5100,0.0,0.0,0.0
2025-05-20 04:25:00+00:00,15.260000228881836,15.260000228881836,15.260000228881836,15.260000228881836,24559,0.0,0.0,0.0
2025-05-20 04:30:00+00:00,15.270000457763672,15.270000457763672,15.270000457763672,15.270000457763672,18210,0.0,0.0,0.0
2025-05-20 04:40:00+00:00,15.260000228881836,15.260000228881836,15.260000228881836,15.260000228881836,64521,0.0,0.0,0.0
2025-05-20 04:50:00+00:00,15.260000228881836,15.260000228881836,15.260000228881836,15.260000228881836,100000,0.0,0.0,0.0
2025-05-20 05:05:00+00:00,15.260000228881836,15.260000228881836,15.260000228881836,15.260000228881836,19100,0.0,0.0,0.0
2025-05-20 05:10:00+00:00,15.260000228881836,15.260000228881836,15.260000228881836,15.260000228881836,2297,0.0,0.0,0.0
2025-05-20 05:15:00+00:00,15.260000228881836,15.260000228881836,15.260000228881836,15.260000228881836,1000,0.0,0.0,0.0
2025-05-20 05:20:00+00:00,15.260000228881836,15.270000457763672,15.260000228881836,15.260000228881836,36042,0.0,0.0,0.0
2025-05-21 01:00:00+00:00,15.260000228881836,15.300000190734863,15.260000228881836,15.300000190734863,0,0.0,0.0,0.0
2025-05-21 01:05:00+00:00,15.3100004196167,15.3100004196167,15.289999961853027,15.289999961853027,9110,0.0,0.0,0.0
2025-05-21 01:15:00+00:00,15.289999961853027,15.289999961853027,15.289999961853027,15.289999961853027,1650,0.0,0.0,0.0
2025-05-21 01:20:00+00:00,15.270000457763672,15.270000457763672,15.270000457763672,15.270000457763672,13075,0.0,0.0,0.0
2025-05-21 01:25:00+00:00,15.279999732971191,15.279999732971191,15.279999732971191,15.279999732971191,1000,0.0,0.0,0.0
2025-05-21 01:30:00+00:00,15.279999732971191,15.279999732971191,15.270000457763672,15.270000457763672,4402,0.0,0.0,0.0
2025-05-21 01:35:00+00:00,15.270000457763672,15.270000457763672,15.270000457763672,15.270000457763672,2270,0.0,0.0,0.0
2025-05-21 01:45:00+00:00,15.270000457763672,15.289999961853027,15.270000457763672,15.270000457763672,82289,0.0,0.0,0.0
2025-05-21 01:50:00+00:00,15.289999961853027,15.289999961853027,15.289999961853027,15.289999961853027,9066,0.0,0.0,0.0
2025-05-21 01:55:00+00:00,15.300000190734863,15.3100004196167,15.300000190734863,15.3100004196167,68528,0.0,0.0,0.0
2025-05-21 02:05:00+00:00,15.279999732971191,15.279999732971191,15.279999732971191,15.279999732971191,1000,0.0,0.0,0.0
2025-05-21 02:10:00+00:00,15.289999961853027,15.3100004196167,15.289999961853027,15.3100004196167,9257,0.0,0.0,0.0
2025-05-21 02:15:00+00:00,15.3100004196167,15.3100004196167,15.3100004196167,15.3100004196167,9305,0.0,0.0,0.0
2025-05-21 02:25:00+00:00,15.3100004196167,15.3100004196167,15.3100004196167,15.3100004196167,1297,0.0,0.0,0.0
2025-05-21 02:30:00+00:00,15.3100004196167,15.3100004196167,15.3100004196167,15.3100004196167,8220,0.0,0.0,0.0
2025-05-21 02:35:00+00:00,15.3100004196167,15.3100004196167,15.3100004196167,15.3100004196167,5027,0.0,0.0,0.0
2025-05-21 02:40:00+00:00,15.319999694824219,15.329999923706055,15.319999694824219,15.329999923706055,34004,0.0,0.0,0.0
2025-05-21 02:45:00+00:00,15.329999923706055,15.329999923706055,15.329999923706055,15.329999923706055,1000,0.0,0.0,0.0
2025-05-21 02:50:00+00:00,15.319999694824219,15.319999694824219,15.319999694824219,15.319999694824219,30000,0.0,0.0,0.0
2025-05-21 02:55:00+00:00,15.319999694824219,15.319999694824219,15.319999694824219,15.319999694824219,1777,0.0,0.0,0.0
2025-05-21 03:00:00+00:00,15.329999923706055,15.350000381469727,15.329999923706055,15.350000381469727,56300,0.0,0.0,0.0
2025-05-21 03:05:00+00:00,15.350000381469727,15.359999656677246,15.350000381469727,15.359999656677246,29000,0.0,0.0,0.0
2025-05-21 03:10:00+00:00,15.359999656677246,15.359999656677246,15.359999656677246,15.359999656677246,3005,0.0,0.0,0.0
2025-05-21 03:15:00+00:00,15.359999656677246,15.359999656677246,15.359999656677246,15.359999656677246,7000,0.0,0.0,0.0
2025-05-21 03:20:00+00:00,15.359999656677246,15.359999656677246,15.359999656677246,15.359999656677246,60150,0.0,0.0,0.0
2025-05-21 03:25:00+00:00,15.350000381469727,15.350000381469727,15.350000381469727,15.350000381469727,1130,0.0,0.0,0.0
2025-05-21 03:35:00+00:00,15.359999656677246,15.359999656677246,15.359999656677246,15.359999656677246,1000,0.0,0.0,0.0
2025-05-21 03:40:00+00:00,15.359999656677246,15.359999656677246,15.359999656677246,15.359999656677246,1325,0.0,0.0,0.0
2025-05-21 03:50:00+00:00,15.350000381469727,15.350000381469727,15.350000381469727,15.350000381469727,8130,0.0,0.0,0.0
2025-05-21 03:55:00+00:00,15.34000015258789,15.350000381469727,15.34000015258789,15.350000381469727,21714,0.0,0.0,0.0
2025-05-21 04:10:00+00:00,15.350000381469727,15.350000381469727,15.350000381469727,15.350000381469727,2000,0.0,0.0,0.0
2025-05-21 04:15:00+00:00,15.350000381469727,15.350000381469727,15.350000381469727,15.350000381469727,43000,0.0,0.0,0.0
2025-05-21 04:20:00+00:00,15.350000381469727,15.359999656677246,15.350000381469727,15.359999656677246,20000,0.0,0.0,0.0
2025-05-21 04:25:00+00:00,15.359999656677246,15.359999656677246,15.350000381469727,15.350000381469727,4800,0.0,0.0,0.0
2025-05-21 04:30:00+00:00,15.359999656677246,15.359999656677246,15.359999656677246,15.359999656677246,64000,0.0,0.0,0.0
2025-05-21 04:35:00+00:00,15.359999656677246,15.369999885559082,15.359999656677246,15.369999885559082,163400,0.0,0.0,0.0
2025-05-21 04:40:00+00:00,15.369999885559082,15.369999885559082,15.359999656677246,15.359999656677246,11020,0.0,0.0,0.0
2025-05-21 04:45:00+00:00,15.359999656677246,15.359999656677246,15.359999656677246,15.359999656677246,1337,0.0,0.0,0.0
2025-05-21 04:50:00+00:00,15.359999656677246,15.359999656677246,15.359999656677246,15.359999656677246,1500,0.0,0.0,0.0
2025-05-21 04:55:00+00:00,15.359999656677246,15.359999656677246,15.359999656677246,15.359999656677246,2063,0.0,0.0,0.0
2025-05-21 05:00:00+00:00,15.359999656677246,15.369999885559082,15.359999656677246,15.369999885559082,127548,0.0,0.0,0.0
2025-05-21 05:05:00+00:00,15.369999885559082,15.369999885559082,15.369999885559082,15.369999885559082,1200,0.0,0.0,0.0
2025-05-21 05:10:00+00:00,15.369999885559082,15.369999885559082,15.369999885559082,15.369999885559082,2010,0.0,0.0,0.0
2025-05-21 05:15:00+00:00,15.369999885559082,15.380000114440918,15.369999885559082,15.380000114440918,69006,0.0,0.0,0.0
2025-05-21 05:20:00+00:00,15.380000114440918,15.390000343322754,15.380000114440918,15.390000343322754,15577,0.0,0.0,0.0
2025-05-22 01:00:00+00:00,15.239999771118164,15.289999961853027,15.239999771118164,15.289999961853027,0,0.0,0.0,0.0
2025-05-22 01:05:00+00:00,15.289999961853027,15.300000190734863,15.289999961853027,15.300000190734863,19746,0.0,0.0,0.0
2025-05-22 01:10:00+00:00,15.3100004196167,15.3100004196167,15.300000190734863,15.3100004196167,73000,0.0,0.0,0.0
2025-05-22 01:15:00+00:00,15.300000190734863,15.300000190734863,15.25,15.25,133200,0.0,0.0,0.0
2025-05-22 01:20:00+00:00,15.25,15.279999732971191,15.25,15.279999732971191,6000,0.0,0.0,0.0
2025-05-22 01:25:00+00:00,15.300000190734863,15.300000190734863,15.300000190734863,15.300000190734863,7290,0.0,0.0,0.0
2025-05-22 01:30:00+00:00,15.300000190734863,15.300000190734863,15.300000190734863,15.300000190734863,5250,0.0,0.0,0.0
2025-05-22 01:40:00+00:00,15.300000190734863,15.300000190734863,15.300000190734863,15.300000190734863,4000,0.0,0.0,0.0
2025-05-22 01:45:00+00:00,15.3100004196167,15.3100004196167,15.300000190734863,15.300000190734863,146670,0.0,0.0,0.0
2025-05-22 01:50:00+00:00,15.289999961853027,15.300000190734863,15.289999961853027,15.300000190734863,5486,0.0,0.0,0.0
2025-05-22 01:55:00+00:00,15.25,15.25,15.25,15.25,13430,0.0,0.0,0.0
2025-05-22 02:00:00+00:00,15.25,15.25,15.25,15.25,6333,0.0,0.0,0.0
2025-05-22 02:05:00+00:00,15.25,15.270000457763672,15.25,15.270000457763672,32280,0.0,0.0,0.0
2025-05-22 02:10:00+00:00,15.270000457763672,15.270000457763672,15.270000457763672,15.270000457763672,6010,0.0,0.0,0.0
2025-05-22 02:20:00+00:00,15.300000190734863,15.300000190734863,15.300000190734863,15.300000190734863,2000,0.0,0.0,0.0
2025-05-22 02:25:00+00:00,15.300000190734863,15.3100004196167,15.300000190734863,15.3100004196167,25800,0.0,0.0,0.0
2025-05-22 02:30:00+00:00,15.3100004196167,15.3100004196167,15.3100004196167,15.3100004196167,7115,0.0,0.0,0.0
2025-05-22 02:35:00+00:00,15.3100004196167,15.319999694824219,15.3100004196167,15.319999694824219,13000,0.0,0.0,0.0
2025-05-22 02:40:00+00:00,15.319999694824219,15.329999923706055,15.319999694824219,15.329999923706055,8009,0.0,0.0,0.0
2025-05-22 02:45:00+00:00,15.329999923706055,15.329999923706055,15.329999923706055,15.329999923706055,5641,0.0,0.0,0.0
2025-05-22 02:50:00+00:00,15.319999694824219,15.319999694824219,15.319999694824219,15.319999694824219,2100,0.0,0.0,0.0
2025-05-22 02:55:00+00:00,15.3100004196167,15.3100004196167,15.3100004196167,15.3100004196167,1000,0.0,0.0,0.0
2025-05-22 03:00:00+00:00,15.3100004196167,15.3100004196167,15.3100004196167,15.3100004196167,4209,0.0,0.0,0.0
2025-05-22 03:05:00+00:00,15.3100004196167,15.3100004196167,15.3100004196167,15.3100004196167,7000,0.0,0.0,0.0
2025-05-22 03:10:00+00:00,15.3100004196167,15.319999694824219,15.3100004196167,15.319999694824219,63000,0.0,0.0,0.0
2025-05-22 03:15:00+00:00,15.329999923706055,15.34000015258789,15.329999923706055,15.34000015258789,31461,0.0,0.0,0.0
2025-05-22 03:20:00+00:00,15.350000381469727,15.350000381469727,15.350000381469727,15.350000381469727,9191,0.0,0.0,0.0
2025-05-22 03:25:00+00:00,15.359999656677246,15.359999656677246,15.359999656677246,15.359999656677246,11107,0.0,0.0,0.0
2025-05-22 03:30:00+00:00,15.359999656677246,15.359999656677246,15.359999656677246,15.359999656677246,5000,0.0,0.0,0.0
2025-05-22 03:35:00+00:00,15.359999656677246,15.380000114440918,15.359999656677246,15.380000114440918,30237,0.0,0.0,0.0
2025-05-22 03:40:00+00:00,15.380000114440918,15.380000114440918,15.380000114440918,15.380000114440918,5000,0.0,0.0,0.0
2025-05-22 03:45:00+00:00,15.369999885559082,15.369999885559082,15.369999885559082,15.369999885559082,8107,0.0,0.0,0.0
2025-05-22 03:55:00+00:00,15.369999885559082,15.390000343322754,15.369999885559082,15.390000343322754,21383,0.0,0.0,0.0
2025-05-22 04:05:00+00:00,15.380000114440918,15.380000114440918,15.380000114440918,15.380000114440918,100013,0.0,0.0,0.0
2025-05-22 04:10:00+00:00,15.359999656677246,15.359999656677246,15.359999656677246,15.359999656677246,2100,0.0,0.0,0.0
2025-05-22 04:20:00+00:00,15.369999885559082,15.380000114440918,15.369999885559082,15.380000114440918,35000,0.0,0.0,0.0
2025-05-22 04:25:00+00:00,15.380000114440918,15.380000114440918,15.380000114440918,15.380000114440918,1000,0.0,0.0,0.0
2025-05-22 04:40:00+00:00,15.369999885559082,15.380000114440918,15.369999885559082,15.380000114440918,5148,0.0,0.0,0.0
2025-05-22 04:45:00+00:00,15.380000114440918,15.380000114440918,15.380000114440918,15.380000114440918,3171,0.0,0.0,0.0
2025-05-22 05:00:00+00:00,15.359999656677246,15.359999656677246,15.359999656677246,15.359999656677246,10776,0.0,0.0,0.0
2025-05-22 05:05:00+00:00,15.359999656677246,15.359999656677246,15.359999656677246,15.359999656677246,1160,0.0,0.0,0.0
2025-05-22 05:15:00+00:00,15.369999885559082,15.369999885559082,15.369999885559082,15.369999885559082,22138,0.0,0.0,0.0
2025-05-22 05:20:00+00:00,15.380000114440918,15.380000114440918,15.369999885559082,15.369999885559082,4781,0.0,0.0,0.0
2025-05-23 01:00:00+00:00,15.390000343322754,15.420000076293945,15.390000343322754,15.40999984741211,0,0.0,0.0,0.0
2025-05-23 01:05:00+00:00,15.399999618530273,15.399999618530273,15.399999618530273,15.399999618530273,14087,0.0,0.0,0.0
2025-05-23 01:10:00+00:00,15.40999984741211,15.420000076293945,15.40999984741211,15.40999984741211,22740,0.0,0.0,0.0
2025-05-23 01:15:00+00:00,15.399999618530273,15.399999618530273,15.390000343322754,15.399999618530273,10000,0.0,0.0,0.0
2025-05-23 01:20:00+00:00,15.399999618530273,15.399999618530273,15.390000343322754,15.390000343322754,48877,0.0,0.0,0.0
2025-05-23 01:25:00+00:00,15.380000114440918,15.380000114440918,15.380000114440918,15.380000114440918,10710,0.0,0.0,0.0
2025-05-23 01:30:00+00:00,15.390000343322754,15.390000343322754,15.380000114440918,15.380000114440918,21210,0.0,0.0,0.0
2025-05-23 01:35:00+00:00,15.380000114440918,15.380000114440918,15.369999885559082,15.380000114440918,20739,0.0,0.0,0.0
2025-05-23 01:40:00+00:00,15.380000114440918,15.380000114440918,15.380000114440918,15.380000114440918,1015,0.0,0.0,0.0
2025-05-23 01:45:00+00:00,15.390000343322754,15.399999618530273,15.390000343322754,15.399999618530273,32356,0.0,0.0,0.0
2025-05-23 01:50:00+00:00,15.399999618530273,15.399999618530273,15.399999618530273,15.399999618530273,100045,0.0,0.0,0.0
2025-05-23 01:55:00+00:00,15.369999885559082,15.369999885559082,15.369999885559082,15.369999885559082,106086,0.0,0.0,0.0
2025-05-23 02:00:00+00:00,15.399999618530273,15.399999618530273,15.399999618530273,15.399999618530273,2112,0.0,0.0,0.0
2025-05-23 02:10:00+00:00,15.369999885559082,15.390000343322754,15.369999885559082,15.390000343322754,5350,0.0,0.0,0.0
2025-05-23 02:15:00+00:00,15.399999618530273,15.399999618530273,15.399999618530273,15.399999618530273,107193,0.0,0.0,0.0
2025-05-23 02:20:00+00:00,15.390000343322754,15.390000343322754,15.390000343322754,15.390000343322754,1126,0.0,0.0,0.0
2025-05-23 02:25:00+00:00,15.380000114440918,15.390000343322754,15.380000114440918,15.390000343322754,3000,0.0,0.0,0.0
2025-05-23 02:30:00+00:00,15.390000343322754,15.390000343322754,15.380000114440918,15.380000114440918,5518,0.0,0.0,0.0
2025-05-23 02:35:00+00:00,15.369999885559082,15.369999885559082,15.359999656677246,15.359999656677246,53160,0.0,0.0,0.0
2025-05-23 02:40:00+00:00,15.369999885559082,15.369999885559082,15.369999885559082,15.369999885559082,4000,0.0,0.0,0.0
2025-05-23 02:45:00+00:00,15.390000343322754,15.390000343322754,15.390000343322754,15.390000343322754,2140,0.0,0.0,0.0
2025-05-23 02:50:00+00:00,15.390000343322754,15.390000343322754,15.390000343322754,15.390000343322754,5063,0.0,0.0,0.0
2025-05-23 03:00:00+00:00,15.390000343322754,15.390000343322754,15.380000114440918,15.380000114440918,8110,0.0,0.0,0.0
2025-05-23 03:05:00+00:00,15.380000114440918,15.380000114440918,15.380000114440918,15.380000114440918,2000,0.0,0.0,0.0
2025-05-23 03:15:00+00:00,15.380000114440918,15.380000114440918,15.380000114440918,15.380000114440918,29311,0.0,0.0,0.0
2025-05-23 03:20:00+00:00,15.390000343322754,15.390000343322754,15.390000343322754,15.390000343322754,46601,0.0,0.0,0.0
2025-05-23 03:30:00+00:00,15.390000343322754,15.390000343322754,15.390000343322754,15.390000343322754,5614,0.0,0.0,0.0
2025-05-23 03:40:00+00:00,15.380000114440918,15.380000114440918,15.380000114440918,15.380000114440918,5081,0.0,0.0,0.0
2025-05-23 03:45:00+00:00,15.380000114440918,15.390000343322754,15.369999885559082,15.369999885559082,18140,0.0,0.0,0.0
2025-05-23 03:50:00+00:00,15.359999656677246,15.359999656677246,15.359999656677246,15.359999656677246,3080,0.0,0.0,0.0
2025-05-23 04:05:00+00:00,15.359999656677246,15.359999656677246,15.350000381469727,15.359999656677246,29263,0.0,0.0,0.0
2025-05-23 04:10:00+00:00,15.369999885559082,15.369999885559082,15.369999885559082,15.369999885559082,20166,0.0,0.0,0.0
2025-05-23 04:20:00+00:00,15.359999656677246,15.359999656677246,15.350000381469727,15.350000381469727,116250,0.0,0.0,0.0
2025-05-23 04:25:00+00:00,15.359999656677246,15.359999656677246,15.350000381469727,15.350000381469727,8281,0.0,0.0,0.0
2025-05-23 04:30:00+00:00,15.34000015258789,15.350000381469727,15.34000015258789,15.350000381469727,19573,0.0,0.0,0.0
2025-05-23 04:45:00+00:00,15.350000381469727,15.350000381469727,15.350000381469727,15.350000381469727,1300,0.0,0.0,0.0
2025-05-23 04:50:00+00:00,15.350000381469727,15.350000381469727,15.350000381469727,15.350000381469727,1700,0.0,0.0,0.0
2025-05-23 04:55:00+00:00,15.34000015258789,15.34000015258789,15.34000015258789,15.34000015258789,23100,0.0,0.0,0.0
2025-05-23 05:00:00+00:00,15.34000015258789,15.350000381469727,15.34000015258789,15.350000381469727,21053,0.0,0.0,0.0
2025-05-23 05:05:00+00:00,15.350000381469727,15.350000381469727,15.34000015258789,15.34000015258789,3000,0.0,0.0,0.0
2025-05-23 05:10:00+00:00,15.34000015258789,15.34000015258789,15.329999923706055,15.329999923706055,2954,0.0,0.0,0.0
2025-05-23 05:20:00+00:00,15.329999923706055,15.34000015258789,15.329999923706055,15.34000015258789,5056,0.0,0.0,0.0
2025-05-26 01:00:00+00:00,15.350000381469727,15.350000381469727,15.34000015258789,15.34000015258789,0,0.0,0.0,0.0
2025-05-26 01:05:00+00:00,15.329999923706055,15.350000381469727,15.329999923706055,15.329999923706055,18387,0.0,0.0,0.0
2025-05-26 01:10:00+00:00,15.34000015258789,15.359999656677246,15.34000015258789,15.359999656677246,201017,0.0,0.0,0.0
2025-05-26 01:15:00+00:00,15.359999656677246,15.359999656677246,15.359999656677246,15.359999656677246,1079,0.0,0.0,0.0
2025-05-26 01:20:00+00:00,15.34000015258789,15.34000015258789,15.34000015258789,15.34000015258789,102130,0.0,0.0,0.0
2025-05-26 01:25:00+00:00,15.329999923706055,15.329999923706055,15.319999694824219,15.319999694824219,6029,0.0,0.0,0.0
2025-05-26 01:30:00+00:00,15.300000190734863,15.300000190734863,15.300000190734863,15.300000190734863,35100,0.0,0.0,0.0
2025-05-26 01:35:00+00:00,15.300000190734863,15.300000190734863,15.300000190734863,15.300000190734863,20100,0.0,0.0,0.0
2025-05-26 01:40:00+00:00,15.319999694824219,15.329999923706055,15.319999694824219,15.319999694824219,181068,0.0,0.0,0.0
2025-05-26 01:45:00+00:00,15.329999923706055,15.329999923706055,15.329999923706055,15.329999923706055,11268,0.0,0.0,0.0
2025-05-26 01:50:00+00:00,15.329999923706055,15.329999923706055,15.319999694824219,15.319999694824219,6000,0.0,0.0,0.0
2025-05-26 01:55:00+00:00,15.3100004196167,15.329999923706055,15.3100004196167,15.329999923706055,47230,0.0,0.0,0.0
2025-05-26 02:00:00+00:00,15.34000015258789,15.34000015258789,15.329999923706055,15.34000015258789,12110,0.0,0.0,0.0
2025-05-26 02:05:00+00:00,15.34000015258789,15.34000015258789,15.34000015258789,15.34000015258789,7118,0.0,0.0,0.0
2025-05-26 02:10:00+00:00,15.34000015258789,15.34000015258789,15.34000015258789,15.34000015258789,1000,0.0,0.0,0.0
2025-05-26 02:15:00+00:00,15.34000015258789,15.34000015258789,15.329999923706055,15.34000015258789,25052,0.0,0.0,0.0
2025-05-26 02:20:00+00:00,15.34000015258789,15.34000015258789,15.319999694824219,15.319999694824219,4000,0.0,0.0,0.0
2025-05-26 02:25:00+00:00,15.300000190734863,15.300000190734863,15.300000190734863,15.300000190734863,3030,0.0,0.0,0.0
2025-05-26 02:30:00+00:00,15.3100004196167,15.319999694824219,15.3100004196167,15.3100004196167,8178,0.0,0.0,0.0
2025-05-26 02:35:00+00:00,15.3100004196167,15.3100004196167,15.300000190734863,15.3100004196167,7085,0.0,0.0,0.0
2025-05-26 02:40:00+00:00,15.3100004196167,15.3100004196167,15.3100004196167,15.3100004196167,2100,0.0,0.0,0.0
2025-05-26 02:45:00+00:00,15.3100004196167,15.3100004196167,15.3100004196167,15.3100004196167,12588,0.0,0.0,0.0
2025-05-26 02:50:00+00:00,15.3100004196167,15.3100004196167,15.3100004196167,15.3100004196167,10117,0.0,0.0,0.0
2025-05-26 02:55:00+00:00,15.300000190734863,15.3100004196167,15.300000190734863,15.3100004196167,20300,0.0,0.0,0.0
2025-05-26 03:00:00+00:00,15.3100004196167,15.329999923706055,15.3100004196167,15.329999923706055,10500,0.0,0.0,0.0
2025-05-26 03:05:00+00:00,15.34000015258789,15.34000015258789,15.34000015258789,15.34000015258789,1398,0.0,0.0,0.0
2025-05-26 03:15:00+00:00,15.329999923706055,15.329999923706055,15.329999923706055,15.329999923706055,1029,0.0,0.0,0.0
2025-05-26 03:20:00+00:00,15.329999923706055,15.329999923706055,15.329999923706055,15.329999923706055,2030,0.0,0.0,0.0
2025-05-26 03:25:00+00:00,15.319999694824219,15.319999694824219,15.319999694824219,15.319999694824219,12207,0.0,0.0,0.0
2025-05-26 03:40:00+00:00,15.319999694824219,15.319999694824219,15.300000190734863,15.300000190734863,12341,0.0,0.0,0.0
2025-05-26 03:45:00+00:00,15.300000190734863,15.300000190734863,15.300000190734863,15.300000190734863,2529,0.0,0.0,0.0
2025-05-26 03:50:00+00:00,15.3100004196167,15.3100004196167,15.3100004196167,15.3100004196167,1000,0.0,0.0,0.0
2025-05-26 03:55:00+00:00,15.3100004196167,15.3100004196167,15.3100004196167,15.3100004196167,1054,0.0,0.0,0.0
2025-05-26 04:05:00+00:00,15.319999694824219,15.319999694824219,15.319999694824219,15.319999694824219,4018,0.0,0.0,0.0
2025-05-26 04:10:00+00:00,15.319999694824219,15.319999694824219,15.3100004196167,15.3100004196167,6105,0.0,0.0,0.0
2025-05-26 04:15:00+00:00,15.3100004196167,15.3100004196167,15.300000190734863,15.300000190734863,5010,0.0,0.0,0.0
2025-05-26 04:20:00+00:00,15.300000190734863,15.319999694824219,15.300000190734863,15.319999694824219,11198,0.0,0.0,0.0
2025-05-26 04:25:00+00:00,15.319999694824219,15.319999694824219,15.319999694824219,15.319999694824219,65000,0.0,0.0,0.0
2025-05-26 04:30:00+00:00,15.329999923706055,15.329999923706055,15.319999694824219,15.329999923706055,28945,0.0,0.0,0.0
2025-05-26 04:35:00+00:00,15.329999923706055,15.329999923706055,15.329999923706055,15.329999923706055,7029,0.0,0.0,0.0
2025-05-26 04:40:00+00:00,15.329999923706055,15.329999923706055,15.319999694824219,15.319999694824219,21362,0.0,0.0,0.0
2025-05-26 04:45:00+00:00,15.329999923706055,15.329999923706055,15.319999694824219,15.319999694824219,62063,0.0,0.0,0.0
2025-05-26 04:55:00+00:00,15.3100004196167,15.3100004196167,15.3100004196167,15.3100004196167,251425,0.0,0.0,0.0
2025-05-26 05:00:00+00:00,15.3100004196167,15.3100004196167,15.3100004196167,15.3100004196167,2000,0.0,0.0,0.0
2025-05-26 05:05:00+00:00,15.3100004196167,15.3100004196167,15.3100004196167,15.3100004196167,152000,0.0,0.0,0.0
2025-05-26 05:10:00+00:00,15.300000190734863,15.300000190734863,15.300000190734863,15.300000190734863,68076,0.0,0.0,0.0
2025-05-26 05:15:00+00:00,15.300000190734863,15.300000190734863,15.289999961853027,15.289999961853027,16102,0.0,0.0,0.0
2025-05-26 05:20:00+00:00,15.289999961853027,15.289999961853027,15.279999732971191,15.279999732971191,114071,0.0,0.0,0.0
2025-05-27 01:00:00+00:00,15.279999732971191,15.279999732971191,15.260000228881836,15.260000228881836,0,0.0,0.0,0.0
2025-05-27 01:05:00+00:00,15.260000228881836,15.260000228881836,15.260000228881836,15.260000228881836,50915,0.0,0.0,0.0
2025-05-27 01:10:00+00:00,15.25,15.25,15.25,15.25,6490,0.0,0.0,0.0
2025-05-27 01:15:00+00:00,15.220000267028809,15.220000267028809,15.199999809265137,15.199999809265137,3641,0.0,0.0,0.0
2025-05-27 01:20:00+00:00,15.210000038146973,15.210000038146973,15.210000038146973,15.210000038146973,2430,0.0,0.0,0.0
2025-05-27 01:25:00+00:00,15.229999542236328,15.229999542236328,15.229999542236328,15.229999542236328,79000,0.0,0.0,0.0
2025-05-27 01:30:00+00:00,15.25,15.25,15.25,15.25,5116,0.0,0.0,0.0
2025-05-27 01:35:00+00:00,15.229999542236328,15.229999542236328,15.229999542236328,15.229999542236328,7500,0.0,0.0,0.0
2025-05-27 01:40:00+00:00,15.229999542236328,15.229999542236328,15.229999542236328,15.229999542236328,20195,0.0,0.0,0.0
2025-05-27 01:45:00+00:00,15.229999542236328,15.229999542236328,15.229999542236328,15.229999542236328,54070,0.0,0.0,0.0
2025-05-27 01:50:00+00:00,15.220000267028809,15.220000267028809,15.199999809265137,15.199999809265137,23100,0.0,0.0,0.0
2025-05-27 01:55:00+00:00,15.1899995803833,15.1899995803833,15.15999984741211,15.15999984741211,21949,0.0,0.0,0.0
2025-05-27 02:00:00+00:00,15.15999984741211,15.15999984741211,15.15999984741211,15.15999984741211,20010,0.0,0.0,0.0
2025-05-27 02:05:00+00:00,15.149999618530273,15.149999618530273,15.149999618530273,15.149999618530273,10145,0.0,0.0,0.0
2025-05-27 02:10:00+00:00,15.149999618530273,15.149999618530273,15.140000343322754,15.140000343322754,5978,0.0,0.0,0.0
2025-05-27 02:15:00+00:00,15.149999618530273,15.15999984741211,15.149999618530273,15.15999984741211,69010,0.0,0.0,0.0
2025-05-27 02:25:00+00:00,15.15999984741211,15.180000305175781,15.15999984741211,15.180000305175781,17180,0.0,0.0,0.0
2025-05-27 02:30:00+00:00,15.199999809265137,15.220000267028809,15.199999809265137,15.220000267028809,28053,0.0,0.0,0.0
2025-05-27 02:35:00+00:00,15.220000267028809,15.220000267028809,15.220000267028809,15.220000267028809,3000,0.0,0.0,0.0
2025-05-27 02:40:00+00:00,15.229999542236328,15.229999542236328,15.210000038146973,15.220000267028809,81396,0.0,0.0,0.0
2025-05-27 03:00:00+00:00,15.199999809265137,15.199999809265137,15.199999809265137,15.199999809265137,3355,0.0,0.0,0.0
2025-05-27 03:10:00+00:00,15.1899995803833,15.1899995803833,15.1899995803833,15.1899995803833,2003,0.0,0.0,0.0
2025-05-27 03:15:00+00:00,15.180000305175781,15.180000305175781,15.180000305175781,15.180000305175781,2000,0.0,0.0,0.0
2025-05-27 03:25:00+00:00,15.180000305175781,15.180000305175781,15.180000305175781,15.180000305175781,3109,0.0,0.0,0.0
2025-05-27 03:35:00+00:00,15.170000076293945,15.180000305175781,15.170000076293945,15.180000305175781,80220,0.0,0.0,0.0
2025-05-27 03:50:00+00:00,15.170000076293945,15.170000076293945,15.15999984741211,15.15999984741211,113295,0.0,0.0,0.0
2025-05-27 03:55:00+00:00,15.149999618530273,15.149999618530273,15.140000343322754,15.140000343322754,49179,0.0,0.0,0.0
2025-05-27 04:10:00+00:00,15.140000343322754,15.140000343322754,15.140000343322754,15.140000343322754,2010,0.0,0.0,0.0
2025-05-27 04:20:00+00:00,15.140000343322754,15.140000343322754,15.140000343322754,15.140000343322754,96179,0.0,0.0,0.0
2025-05-27 04:25:00+00:00,15.140000343322754,15.140000343322754,15.140000343322754,15.140000343322754,2281,0.0,0.0,0.0
2025-05-27 04:35:00+00:00,15.149999618530273,15.149999618530273,15.149999618530273,15.149999618530273,3022,0.0,0.0,0.0
2025-05-27 04:40:00+00:00,15.15999984741211,15.15999984741211,15.15999984741211,15.15999984741211,2108,0.0,0.0,0.0
2025-05-27 04:45:00+00:00,15.15999984741211,15.15999984741211,15.15999984741211,15.15999984741211,10050,0.0,0.0,0.0
2025-05-27 04:50:00+00:00,15.149999618530273,15.149999618530273,15.149999618530273,15.149999618530273,1051,0.0,0.0,0.0
2025-05-27 04:55:00+00:00,15.149999618530273,15.15999984741211,15.149999618530273,15.15999984741211,111000,0.0,0.0,0.0
2025-05-27 05:00:00+00:00,15.149999618530273,15.149999618530273,15.149999618530273,15.149999618530273,1533,0.0,0.0,0.0
2025-05-27 05:05:00+00:00,15.149999618530273,15.149999618530273,15.149999618530273,15.149999618530273,3043,0.0,0.0,0.0
2025-05-27 05:10:00+00:00,15.149999618530273,15.149999618530273,15.149999618530273,15.149999618530273,50100,0.0,0.0,0.0
2025-05-27 05:15:00+00:00,15.15999984741211,15.15999984741211,15.149999618530273,15.149999618530273,52038,0.0,0.0,0.0
2025-05-27 05:20:00+00:00,15.140000343322754,15.140000343322754,15.140000343322754,15.140000343322754,2362,0.0,0.0,0.0
2025-05-28 01:00:00+00:00,15.199999809265137,15.210000038146973,15.199999809265137,15.210000038146973,0,0.0,0.0,0.0
2025-05-28 01:05:00+00:00,15.199999809265137,15.199999809265137,15.180000305175781,15.180000305175781,6807,0.0,0.0,0.0
2025-05-28 01:10:00+00:00,15.1899995803833,15.1899995803833,15.1899995803833,15.1899995803833,1100,0.0,0.0,0.0
2025-05-28 01:15:00+00:00,15.180000305175781,15.180000305175781,15.170000076293945,15.170000076293945,3060,0.0,0.0,0.0
2025-05-28 01:20:00+00:00,15.180000305175781,15.180000305175781,15.180000305175781,15.180000305175781,2103,0.0,0.0,0.0
2025-05-28 01:25:00+00:00,15.180000305175781,15.180000305175781,15.180000305175781,15.180000305175781,1778,0.0,0.0,0.0
2025-05-28 01:30:00+00:00,15.170000076293945,15.170000076293945,15.15999984741211,15.15999984741211,8526,0.0,0.0,0.0
2025-05-28 01:35:00+00:00,15.15999984741211,15.15999984741211,15.15999984741211,15.15999984741211,1000,0.0,0.0,0.0
2025-05-28 01:40:00+00:00,15.15999984741211,15.15999984741211,15.15999984741211,15.15999984741211,2340,0.0,0.0,0.0
2025-05-28 01:45:00+00:00,15.170000076293945,15.170000076293945,15.170000076293945,15.170000076293945,1150,0.0,0.0,0.0
2025-05-28 01:50:00+00:00,15.170000076293945,15.170000076293945,15.15999984741211,15.15999984741211,16000,0.0,0.0,0.0
2025-05-28 01:55:00+00:00,15.149999618530273,15.149999618530273,15.149999618530273,15.149999618530273,11000,0.0,0.0,0.0
2025-05-28 02:00:00+00:00,15.149999618530273,15.149999618530273,15.149999618530273,15.149999618530273,15000,0.0,0.0,0.0
2025-05-28 02:05:00+00:00,15.140000343322754,15.140000343322754,15.140000343322754,15.140000343322754,11220,0.0,0.0,0.0
2025-05-28 02:10:00+00:00,15.140000343322754,15.140000343322754,15.140000343322754,15.140000343322754,2510,0.0,0.0,0.0
2025-05-28 02:15:00+00:00,15.140000343322754,15.140000343322754,15.140000343322754,15.140000343322754,10738,0.0,0.0,0.0
2025-05-28 02:20:00+00:00,15.140000343322754,15.140000343322754,15.140000343322754,15.140000343322754,1558,0.0,0.0,0.0
2025-05-28 02:40:00+00:00,15.130000114440918,15.130000114440918,15.119999885559082,15.119999885559082,8100,0.0,0.0,0.0
2025-05-28 02:45:00+00:00,15.119999885559082,15.130000114440918,15.119999885559082,15.130000114440918,4761,0.0,0.0,0.0
2025-05-28 03:05:00+00:00,15.119999885559082,15.119999885559082,15.119999885559082,15.119999885559082,2000,0.0,0.0,0.0
2025-05-28 03:10:00+00:00,15.119999885559082,15.130000114440918,15.119999885559082,15.119999885559082,17170,0.0,0.0,0.0
2025-05-28 03:15:00+00:00,15.119999885559082,15.119999885559082,15.119999885559082,15.119999885559082,2664,0.0,0.0,0.0
2025-05-28 03:20:00+00:00,15.119999885559082,15.119999885559082,15.119999885559082,15.119999885559082,3000,0.0,0.0,0.0
2025-05-28 03:25:00+00:00,15.119999885559082,15.119999885559082,15.119999885559082,15.119999885559082,5732,0.0,0.0,0.0
2025-05-28 03:30:00+00:00,15.109999656677246,15.109999656677246,15.109999656677246,15.109999656677246,22100,0.0,0.0,0.0
2025-05-28 03:35:00+00:00,15.109999656677246,15.109999656677246,15.100000381469727,15.100000381469727,9000,0.0,0.0,0.0
2025-05-28 03:40:00+00:00,15.100000381469727,15.100000381469727,15.100000381469727,15.100000381469727,27520,0.0,0.0,0.0
2025-05-28 03:45:00+00:00,15.100000381469727,15.100000381469727,15.069999694824219,15.069999694824219,15798,0.0,0.0,0.0
2025-05-28 03:55:00+00:00,15.069999694824219,15.069999694824219,15.0600004196167,15.0600004196167,2007,0.0,0.0,0.0
2025-05-28 04:00:00+00:00,15.0600004196167,15.0600004196167,15.0600004196167,15.0600004196167,2061,0.0,0.0,0.0
2025-05-28 04:05:00+00:00,15.0600004196167,15.0600004196167,15.0600004196167,15.0600004196167,7426,0.0,0.0,0.0
2025-05-28 04:10:00+00:00,15.0600004196167,15.0600004196167,15.0600004196167,15.0600004196167,2030,0.0,0.0,0.0
2025-05-28 04:15:00+00:00,15.050000190734863,15.050000190734863,15.039999961853027,15.039999961853027,12141,0.0,0.0,0.0
2025-05-28 04:20:00+00:00,15.039999961853027,15.039999961853027,15.029999732971191,15.029999732971191,7104,0.0,0.0,0.0
2025-05-28 04:25:00+00:00,15.029999732971191,15.029999732971191,15.020000457763672,15.020000457763672,7372,0.0,0.0,0.0
2025-05-28 04:30:00+00:00,15.020000457763672,15.020000457763672,15.010000228881836,15.010000228881836,17533,0.0,0.0,0.0
2025-05-28 04:35:00+00:00,15.0,15.0,15.0,15.0,28036,0.0,0.0,0.0
2025-05-28 04:40:00+00:00,15.0,15.0,14.979999542236328,14.989999771118164,7878,0.0,0.0,0.0
2025-05-28 04:50:00+00:00,14.989999771118164,14.989999771118164,14.989999771118164,14.989999771118164,15020,0.0,0.0,0.0
2025-05-28 04:55:00+00:00,14.979999542236328,14.989999771118164,14.979999542236328,14.979999542236328,28174,0.0,0.0,0.0
2025-05-28 05:05:00+00:00,15.0,15.029999732971191,15.0,15.029999732971191,24411,0.0,0.0,0.0
2025-05-28 05:15:00+00:00,15.029999732971191,15.029999732971191,15.029999732971191,15.029999732971191,4598,0.0,0.0,0.0
2025-05-28 05:20:00+00:00,15.050000190734863,15.050000190734863,15.020000457763672,15.029999732971191,18004,0.0,0.0,0.0
2025-05-29 01:00:00+00:00,15.069999694824219,15.100000381469727,15.069999694824219,15.100000381469727,0,0.0,0.0,0.0
2025-05-29 01:05:00+00:00,15.100000381469727,15.100000381469727,15.09000015258789,15.09000015258789,5640,0.0,0.0,0.0
2025-05-29 01:10:00+00:00,15.079999923706055,15.079999923706055,15.039999961853027,15.039999961853027,6576,0.0,0.0,0.0
2025-05-29 01:15:00+00:00,15.039999961853027,15.039999961853027,15.039999961853027,15.039999961853027,4020,0.0,0.0,0.0
2025-05-29 01:20:00+00:00,15.029999732971191,15.029999732971191,15.029999732971191,15.029999732971191,206721,0.0,0.0,0.0
2025-05-29 01:25:00+00:00,15.029999732971191,15.039999961853027,15.029999732971191,15.039999961853027,13219,0.0,0.0,0.0
2025-05-29 01:30:00+00:00,15.069999694824219,15.069999694824219,15.0600004196167,15.0600004196167,11741,0.0,0.0,0.0
2025-05-29 01:35:00+00:00,15.0600004196167,15.0600004196167,15.0600004196167,15.0600004196167,5020,0.0,0.0,0.0
2025-05-29 01:40:00+00:00,15.0600004196167,15.0600004196167,15.0600004196167,15.0600004196167,2030,0.0,0.0,0.0
2025-05-29 01:45:00+00:00,15.0600004196167,15.0600004196167,15.029999732971191,15.029999732971191,9166,0.0,0.0,0.0
2025-05-29 01:50:00+00:00,15.020000457763672,15.020000457763672,15.020000457763672,15.020000457763672,6381,0.0,0.0,0.0
2025-05-29 01:55:00+00:00,15.020000457763672,15.020000457763672,15.020000457763672,15.020000457763672,2090,0.0,0.0,0.0
2025-05-29 02:00:00+00:00,15.029999732971191,15.039999961853027,15.020000457763672,15.020000457763672,16337,0.0,0.0,0.0
2025-05-29 02:05:00+00:00,15.010000228881836,15.010000228881836,15.0,15.010000228881836,113170,0.0,0.0,0.0
2025-05-29 02:15:00+00:00,15.029999732971191,15.029999732971191,15.0,15.0,46509,0.0,0.0,0.0
2025-05-29 02:25:00+00:00,15.0,15.0,15.0,15.0,3357,0.0,0.0,0.0
2025-05-29 02:30:00+00:00,15.0,15.0,15.0,15.0,3455,0.0,0.0,0.0
2025-05-29 02:35:00+00:00,15.0,15.0,15.0,15.0,1048,0.0,0.0,0.0
2025-05-29 02:40:00+00:00,15.0,15.0,15.0,15.0,5000,0.0,0.0,0.0
2025-05-29 02:45:00+00:00,15.0,15.0,14.989999771118164,14.989999771118164,22273,0.0,0.0,0.0
2025-05-29 02:50:00+00:00,14.979999542236328,14.979999542236328,14.979999542236328,14.979999542236328,18690,0.0,0.0,0.0
2025-05-29 03:15:00+00:00,15.0,15.0,15.0,15.0,49300,0.0,0.0,0.0
2025-05-29 03:20:00+00:00,15.0,15.0,14.989999771118164,14.989999771118164,10050,0.0,0.0,0.0
2025-05-29 03:25:00+00:00,14.989999771118164,14.989999771118164,14.989999771118164,14.989999771118164,1740,0.0,0.0,0.0
2025-05-29 03:35:00+00:00,14.989999771118164,14.989999771118164,14.989999771118164,14.989999771118164,10820,0.0,0.0,0.0
2025-05-29 03:40:00+00:00,15.0,15.0,15.0,15.0,1664,0.0,0.0,0.0
2025-05-29 03:45:00+00:00,15.0,15.0,14.989999771118164,14.989999771118164,8460,0.0,0.0,0.0
2025-05-29 03:50:00+00:00,14.989999771118164,14.989999771118164,14.989999771118164,14.989999771118164,1150,0.0,0.0,0.0
2025-05-29 04:00:00+00:00,14.989999771118164,14.989999771118164,14.989999771118164,14.989999771118164,1368,0.0,0.0,0.0
2025-05-29 04:15:00+00:00,14.989999771118164,14.989999771118164,14.989999771118164,14.989999771118164,2060,0.0,0.0,0.0
2025-05-29 04:20:00+00:00,15.0,15.0,15.0,15.0,6042,0.0,0.0,0.0
2025-05-29 04:25:00+00:00,14.989999771118164,14.989999771118164,14.989999771118164,14.989999771118164,5000,0.0,0.0,0.0
2025-05-29 04:30:00+00:00,14.989999771118164,14.989999771118164,14.979999542236328,14.979999542236328,12234,0.0,0.0,0.0
2025-05-29 04:35:00+00:00,14.979999542236328,14.989999771118164,14.979999542236328,14.989999771118164,4920,0.0,0.0,0.0
2025-05-29 04:45:00+00:00,14.989999771118164,14.989999771118164,14.989999771118164,14.989999771118164,12300,0.0,0.0,0.0
2025-05-29 04:50:00+00:00,14.989999771118164,14.989999771118164,14.979999542236328,14.989999771118164,10250,0.0,0.0,0.0
2025-05-29 04:55:00+00:00,14.989999771118164,14.989999771118164,14.989999771118164,14.989999771118164,1224,0.0,0.0,0.0
2025-05-29 05:05:00+00:00,14.979999542236328,14.979999542236328,14.970000267028809,14.970000267028809,49046,0.0,0.0,0.0
2025-05-29 05:10:00+00:00,14.970000267028809,14.970000267028809,14.970000267028809,14.970000267028809,10059,0.0,0.0,0.0
2025-05-29 05:20:00+00:00,14.989999771118164,15.0,14.989999771118164,15.0,11448,0.0,0.0,0.0
2025-06-02 01:00:00+00:00,14.880000114440918,14.880000114440918,14.800000190734863,14.819999694824219,0,0.0,0.0,0.0
2025-06-02 01:05:00+00:00,14.84000015258789,14.859999656677246,14.84000015258789,14.859999656677246,16488,0.0,0.0,0.0
2025-06-02 01:10:00+00:00,14.859999656677246,14.859999656677246,14.829999923706055,14.84000015258789,13059,0.0,0.0,0.0
2025-06-02 01:15:00+00:00,14.84000015258789,14.84000015258789,14.84000015258789,14.84000015258789,4401,0.0,0.0,0.0
2025-06-02 01:20:00+00:00,14.84000015258789,14.859999656677246,14.84000015258789,14.859999656677246,122383,0.0,0.0,0.0
2025-06-02 01:25:00+00:00,14.859999656677246,14.869999885559082,14.859999656677246,14.869999885559082,16318,0.0,0.0,0.0
2025-06-02 01:30:00+00:00,14.859999656677246,14.869999885559082,14.850000381469727,14.850000381469727,44100,0.0,0.0,0.0
2025-06-02 01:35:00+00:00,14.850000381469727,14.850000381469727,14.850000381469727,14.850000381469727,18367,0.0,0.0,0.0
2025-06-02 01:40:00+00:00,14.850000381469727,14.859999656677246,14.850000381469727,14.859999656677246,25130,0.0,0.0,0.0
2025-06-02 01:45:00+00:00,14.859999656677246,14.880000114440918,14.859999656677246,14.880000114440918,146764,0.0,0.0,0.0
2025-06-02 01:50:00+00:00,14.869999885559082,14.880000114440918,14.869999885559082,14.880000114440918,106000,0.0,0.0,0.0
2025-06-02 01:55:00+00:00,14.880000114440918,14.899999618530273,14.880000114440918,14.899999618530273,69460,0.0,0.0,0.0
2025-06-02 02:00:00+00:00,14.899999618530273,14.90999984741211,14.899999618530273,14.90999984741211,10046,0.0,0.0,0.0
2025-06-02 02:05:00+00:00,14.90999984741211,14.90999984741211,14.90999984741211,14.90999984741211,8394,0.0,0.0,0.0
2025-06-02 02:10:00+00:00,14.920000076293945,14.9399995803833,14.920000076293945,14.9399995803833,12050,0.0,0.0,0.0
2025-06-02 02:15:00+00:00,14.920000076293945,14.9399995803833,14.920000076293945,14.930000305175781,17000,0.0,0.0,0.0
2025-06-02 02:20:00+00:00,14.920000076293945,14.920000076293945,14.90999984741211,14.90999984741211,9000,0.0,0.0,0.0
2025-06-02 02:25:00+00:00,14.899999618530273,14.899999618530273,14.890000343322754,14.890000343322754,18850,0.0,0.0,0.0
2025-06-02 02:30:00+00:00,14.880000114440918,14.880000114440918,14.880000114440918,14.880000114440918,2006,0.0,0.0,0.0
2025-06-02 02:35:00+00:00,14.869999885559082,14.880000114440918,14.869999885559082,14.880000114440918,19244,0.0,0.0,0.0
2025-06-02 02:40:00+00:00,14.880000114440918,14.880000114440918,14.880000114440918,14.880000114440918,5007,0.0,0.0,0.0
2025-06-02 02:45:00+00:00,14.859999656677246,14.859999656677246,14.859999656677246,14.859999656677246,21013,0.0,0.0,0.0
2025-06-02 02:50:00+00:00,14.850000381469727,14.850000381469727,14.850000381469727,14.850000381469727,208100,0.0,0.0,0.0
2025-06-02 02:55:00+00:00,14.850000381469727,14.850000381469727,14.850000381469727,14.850000381469727,1000,0.0,0.0,0.0
2025-06-02 03:00:00+00:00,14.84000015258789,14.84000015258789,14.829999923706055,14.829999923706055,6000,0.0,0.0,0.0
2025-06-02 03:05:00+00:00,14.84000015258789,14.84000015258789,14.829999923706055,14.829999923706055,9723,0.0,0.0,0.0
2025-06-02 03:10:00+00:00,14.829999923706055,14.829999923706055,14.829999923706055,14.829999923706055,7243,0.0,0.0,0.0
2025-06-02 03:15:00+00:00,14.829999923706055,14.850000381469727,14.829999923706055,14.829999923706055,70360,0.0,0.0,0.0
2025-06-02 03:20:00+00:00,14.829999923706055,14.829999923706055,14.829999923706055,14.829999923706055,11000,0.0,0.0,0.0
2025-06-02 03:25:00+00:00,14.829999923706055,14.829999923706055,14.819999694824219,14.819999694824219,6000,0.0,0.0,0.0
2025-06-02 03:30:00+00:00,14.819999694824219,14.819999694824219,14.819999694824219,14.819999694824219,6106,0.0,0.0,0.0
2025-06-02 03:35:00+00:00,14.819999694824219,14.829999923706055,14.819999694824219,14.829999923706055,16203,0.0,0.0,0.0
2025-06-02 03:40:00+00:00,14.829999923706055,14.829999923706055,14.819999694824219,14.819999694824219,11110,0.0,0.0,0.0
2025-06-02 03:55:00+00:00,14.829999923706055,14.829999923706055,14.829999923706055,14.829999923706055,5020,0.0,0.0,0.0
2025-06-02 04:00:00+00:00,14.829999923706055,14.829999923706055,14.829999923706055,14.829999923706055,1000,0.0,0.0,0.0
2025-06-02 04:05:00+00:00,14.819999694824219,14.819999694824219,14.819999694824219,14.819999694824219,10000,0.0,0.0,0.0
2025-06-02 04:10:00+00:00,14.829999923706055,14.829999923706055,14.829999923706055,14.829999923706055,15194,0.0,0.0,0.0
2025-06-02 04:15:00+00:00,14.84000015258789,14.850000381469727,14.84000015258789,14.850000381469727,7111,0.0,0.0,0.0
2025-06-02 04:20:00+00:00,14.850000381469727,14.850000381469727,14.850000381469727,14.850000381469727,6604,0.0,0.0,0.0
2025-06-02 04:25:00+00:00,14.850000381469727,14.850000381469727,14.850000381469727,14.850000381469727,2168,0.0,0.0,0.0
2025-06-02 04:30:00+00:00,14.850000381469727,14.850000381469727,14.850000381469727,14.850000381469727,5327,0.0,0.0,0.0
2025-06-02 04:35:00+00:00,14.84000015258789,14.84000015258789,14.84000015258789,14.84000015258789,6030,0.0,0.0,0.0
2025-06-02 04:40:00+00:00,14.84000015258789,14.84000015258789,14.84000015258789,14.84000015258789,11000,0.0,0.0,0.0
2025-06-02 04:45:00+00:00,14.850000381469727,14.850000381469727,14.84000015258789,14.850000381469727,5000,0.0,0.0,0.0
2025-06-02 04:50:00+00:00,14.84000015258789,14.84000015258789,14.829999923706055,14.829999923706055,3000,0.0,0.0,0.0
2025-06-02 04:55:00+00:00,14.84000015258789,14.84000015258789,14.84000015258789,14.84000015258789,6000,0.0,0.0,0.0
2025-06-02 05:00:00+00:00,14.850000381469727,14.859999656677246,14.850000381469727,14.859999656677246,11192,0.0,0.0,0.0
2025-06-02 05:05:00+00:00,14.859999656677246,14.859999656677246,14.850000381469727,14.859999656677246,7010,0.0,0.0,0.0
2025-06-02 05:10:00+00:00,14.859999656677246,14.869999885559082,14.859999656677246,14.859999656677246,98126,0.0,0.0,0.0
2025-06-02 05:15:00+00:00,14.859999656677246,14.859999656677246,14.850000381469727,14.850000381469727,30718,0.0,0.0,0.0
2025-06-02 05:20:00+00:00,14.850000381469727,14.859999656677246,14.850000381469727,14.859999656677246,16036,0.0,0.0,0.0
2025-06-03 01:00:00+00:00,14.869999885559082,14.899999618530273,14.859999656677246,14.869999885559082,0,0.0,0.0,0.0
2025-06-03 01:05:00+00:00,14.869999885559082,14.890000343322754,14.869999885559082,14.890000343322754,687000,0.0,0.0,0.0
2025-06-03 01:10:00+00:00,14.890000343322754,14.930000305175781,14.880000114440918,14.930000305175781,724114,0.0,0.0,0.0
2025-06-03 01:15:00+00:00,14.930000305175781,14.930000305175781,14.920000076293945,14.920000076293945,177269,0.0,0.0,0.0
2025-06-03 01:20:00+00:00,14.920000076293945,14.9399995803833,14.920000076293945,14.920000076293945,340440,0.0,0.0,0.0
2025-06-03 01:25:00+00:00,14.930000305175781,14.9399995803833,14.920000076293945,14.9399995803833,167563,0.0,0.0,0.0
2025-06-03 01:30:00+00:00,14.949999809265137,14.960000038146973,14.9399995803833,14.960000038146973,301192,0.0,0.0,0.0
2025-06-03 01:35:00+00:00,14.960000038146973,14.979999542236328,14.960000038146973,14.970000267028809,74963,0.0,0.0,0.0
2025-06-03 01:40:00+00:00,14.970000267028809,14.979999542236328,14.970000267028809,14.970000267028809,81071,0.0,0.0,0.0
2025-06-03 01:45:00+00:00,14.979999542236328,14.979999542236328,14.970000267028809,14.970000267028809,191331,0.0,0.0,0.0
2025-06-03 01:50:00+00:00,14.970000267028809,14.970000267028809,14.970000267028809,14.970000267028809,83040,0.0,0.0,0.0
2025-06-03 01:55:00+00:00,14.960000038146973,14.960000038146973,14.9399995803833,14.9399995803833,203209,0.0,0.0,0.0
2025-06-03 02:00:00+00:00,14.949999809265137,14.949999809265137,14.90999984741211,14.90999984741211,85000,0.0,0.0,0.0
2025-06-03 02:05:00+00:00,14.90999984741211,14.90999984741211,14.880000114440918,14.880000114440918,282184,0.0,0.0,0.0
2025-06-03 02:10:00+00:00,14.880000114440918,14.880000114440918,14.859999656677246,14.869999885559082,236323,0.0,0.0,0.0
2025-06-03 02:15:00+00:00,14.859999656677246,14.859999656677246,14.850000381469727,14.859999656677246,149157,0.0,0.0,0.0
2025-06-03 02:20:00+00:00,14.859999656677246,14.869999885559082,14.859999656677246,14.869999885559082,75020,0.0,0.0,0.0
2025-06-03 02:25:00+00:00,14.869999885559082,14.880000114440918,14.869999885559082,14.869999885559082,20644,0.0,0.0,0.0
2025-06-03 02:30:00+00:00,14.880000114440918,14.880000114440918,14.869999885559082,14.880000114440918,91035,0.0,0.0,0.0
2025-06-03 02:35:00+00:00,14.890000343322754,14.890000343322754,14.859999656677246,14.859999656677246,211045,0.0,0.0,0.0
2025-06-03 02:40:00+00:00,14.859999656677246,14.859999656677246,14.859999656677246,14.859999656677246,52686,0.0,0.0,0.0
2025-06-03 02:45:00+00:00,14.869999885559082,14.869999885559082,14.859999656677246,14.869999885559082,104937,0.0,0.0,0.0
2025-06-03 02:50:00+00:00,14.880000114440918,14.880000114440918,14.869999885559082,14.869999885559082,27109,0.0,0.0,0.0
2025-06-03 02:55:00+00:00,14.869999885559082,14.869999885559082,14.869999885559082,14.869999885559082,42000,0.0,0.0,0.0
2025-06-03 03:00:00+00:00,14.880000114440918,14.880000114440918,14.880000114440918,14.880000114440918,2999,0.0,0.0,0.0
2025-06-03 03:10:00+00:00,14.859999656677246,14.869999885559082,14.859999656677246,14.869999885559082,41179,0.0,0.0,0.0
2025-06-03 03:15:00+00:00,14.880000114440918,14.880000114440918,14.869999885559082,14.880000114440918,78000,0.0,0.0,0.0
2025-06-03 03:20:00+00:00,14.869999885559082,14.880000114440918,14.869999885559082,14.880000114440918,12138,0.0,0.0,0.0
2025-06-03 03:25:00+00:00,14.880000114440918,14.880000114440918,14.880000114440918,14.880000114440918,47000,0.0,0.0,0.0
2025-06-03 03:30:00+00:00,14.880000114440918,14.880000114440918,14.869999885559082,14.869999885559082,28025,0.0,0.0,0.0
2025-06-03 03:35:00+00:00,14.880000114440918,14.890000343322754,14.880000114440918,14.880000114440918,106623,0.0,0.0,0.0
2025-06-03 03:40:00+00:00,14.890000343322754,14.899999618530273,14.890000343322754,14.899999618530273,111700,0.0,0.0,0.0
2025-06-03 03:45:00+00:00,14.899999618530273,14.899999618530273,14.899999618530273,14.899999618530273,70028,0.0,0.0,0.0
2025-06-03 03:50:00+00:00,14.899999618530273,14.899999618530273,14.899999618530273,14.899999618530273,72606,0.0,0.0,0.0
2025-06-03 03:55:00+00:00,14.890000343322754,14.890000343322754,14.890000343322754,14.890000343322754,74000,0.0,0.0,0.0
2025-06-03 04:00:00+00:00,14.890000343322754,14.890000343322754,14.869999885559082,14.869999885559082,108000,0.0,0.0,0.0
2025-06-03 04:05:00+00:00,14.869999885559082,14.890000343322754,14.869999885559082,14.890000343322754,51038,0.0,0.0,0.0
2025-06-03 04:10:00+00:00,14.880000114440918,14.880000114440918,14.869999885559082,14.880000114440918,75000,0.0,0.0,0.0
2025-06-03 04:15:00+00:00,14.880000114440918,14.880000114440918,14.880000114440918,14.880000114440918,136000,0.0,0.0,0.0
2025-06-03 04:20:00+00:00,14.880000114440918,14.899999618530273,14.880000114440918,14.890000343322754,132135,0.0,0.0,0.0
2025-06-03 04:25:00+00:00,14.890000343322754,14.90999984741211,14.890000343322754,14.899999618530273,98757,0.0,0.0,0.0
2025-06-03 04:30:00+00:00,14.899999618530273,14.899999618530273,14.899999618530273,14.899999618530273,159500,0.0,0.0,0.0
2025-06-03 04:35:00+00:00,14.90999984741211,14.920000076293945,14.90999984741211,14.920000076293945,81029,0.0,0.0,0.0
2025-06-03 04:40:00+00:00,14.90999984741211,14.90999984741211,14.90999984741211,14.90999984741211,201251,0.0,0.0,0.0
2025-06-03 04:45:00+00:00,14.920000076293945,14.920000076293945,14.920000076293945,14.920000076293945,27100,0.0,0.0,0.0
2025-06-03 04:50:00+00:00,14.90999984741211,14.90999984741211,14.90999984741211,14.90999984741211,31200,0.0,0.0,0.0
2025-06-03 04:55:00+00:00,14.920000076293945,14.930000305175781,14.920000076293945,14.930000305175781,163440,0.0,0.0,0.0
2025-06-03 05:00:00+00:00,14.930000305175781,14.9399995803833,14.930000305175781,14.930000305175781,87000,0.0,0.0,0.0
2025-06-03 05:05:00+00:00,14.9399995803833,14.9399995803833,14.930000305175781,14.930000305175781,76179,0.0,0.0,0.0
2025-06-03 05:10:00+00:00,14.930000305175781,14.930000305175781,14.920000076293945,14.920000076293945,80002,0.0,0.0,0.0
2025-06-03 05:15:00+00:00,14.920000076293945,14.930000305175781,14.920000076293945,14.930000305175781,64389,0.0,0.0,0.0
2025-06-03 05:20:00+00:00,14.930000305175781,14.930000305175781,14.920000076293945,14.930000305175781,33925,0.0,0.0,0.0
2025-06-04 01:00:00+00:00,15.0,15.0,14.989999771118164,15.0,0,0.0,0.0,0.0
2025-06-04 01:05:00+00:00,15.0,15.020000457763672,15.0,15.010000228881836,207311,0.0,0.0,0.0
2025-06-04 01:10:00+00:00,15.010000228881836,15.010000228881836,15.0,15.010000228881836,255211,0.0,0.0,0.0
2025-06-04 01:15:00+00:00,15.010000228881836,15.020000457763672,15.010000228881836,15.020000457763672,328770,0.0,0.0,0.0
2025-06-04 01:20:00+00:00,15.020000457763672,15.029999732971191,15.020000457763672,15.029999732971191,308150,0.0,0.0,0.0
2025-06-04 01:25:00+00:00,15.029999732971191,15.029999732971191,15.020000457763672,15.029999732971191,138617,0.0,0.0,0.0
2025-06-04 01:30:00+00:00,15.020000457763672,15.020000457763672,15.010000228881836,15.020000457763672,23700,0.0,0.0,0.0
2025-06-04 01:35:00+00:00,15.029999732971191,15.029999732971191,15.029999732971191,15.029999732971191,233440,0.0,0.0,0.0
2025-06-04 01:40:00+00:00,15.010000228881836,15.010000228881836,15.0,15.0,23196,0.0,0.0,0.0
2025-06-04 01:45:00+00:00,15.0,15.010000228881836,15.0,15.010000228881836,44000,0.0,0.0,0.0
2025-06-04 01:50:00+00:00,15.010000228881836,15.010000228881836,15.0,15.010000228881836,66822,0.0,0.0,0.0
2025-06-04 01:55:00+00:00,15.0,15.0,14.989999771118164,14.989999771118164,18000,0.0,0.0,0.0
2025-06-04 02:00:00+00:00,15.0,15.010000228881836,14.989999771118164,15.010000228881836,113693,0.0,0.0,0.0
2025-06-04 02:05:00+00:00,15.010000228881836,15.029999732971191,15.010000228881836,15.029999732971191,348565,0.0,0.0,0.0
2025-06-04 02:10:00+00:00,15.029999732971191,15.039999961853027,15.029999732971191,15.039999961853027,295103,0.0,0.0,0.0
2025-06-04 02:15:00+00:00,15.029999732971191,15.039999961853027,15.029999732971191,15.039999961853027,269654,0.0,0.0,0.0
2025-06-04 02:20:00+00:00,15.039999961853027,15.0600004196167,15.039999961853027,15.0600004196167,270593,0.0,0.0,0.0
2025-06-04 02:25:00+00:00,15.0600004196167,15.069999694824219,15.0600004196167,15.069999694824219,88167,0.0,0.0,0.0
2025-06-04 02:30:00+00:00,15.069999694824219,15.079999923706055,15.069999694824219,15.069999694824219,205195,0.0,0.0,0.0
2025-06-04 02:35:00+00:00,15.069999694824219,15.079999923706055,15.069999694824219,15.079999923706055,98337,0.0,0.0,0.0
2025-06-04 02:40:00+00:00,15.069999694824219,15.069999694824219,15.069999694824219,15.069999694824219,9020,0.0,0.0,0.0
2025-06-04 02:45:00+00:00,15.069999694824219,15.079999923706055,15.069999694824219,15.069999694824219,242160,0.0,0.0,0.0
2025-06-04 02:50:00+00:00,15.069999694824219,15.079999923706055,15.069999694824219,15.079999923706055,209255,0.0,0.0,0.0
2025-06-04 02:55:00+00:00,15.079999923706055,15.079999923706055,15.079999923706055,15.079999923706055,99860,0.0,0.0,0.0
2025-06-04 03:00:00+00:00,15.079999923706055,15.09000015258789,15.079999923706055,15.09000015258789,253839,0.0,0.0,0.0
2025-06-04 03:05:00+00:00,15.09000015258789,15.09000015258789,15.09000015258789,15.09000015258789,4600,0.0,0.0,0.0
2025-06-04 03:10:00+00:00,15.09000015258789,15.100000381469727,15.09000015258789,15.100000381469727,167091,0.0,0.0,0.0
2025-06-04 03:15:00+00:00,15.09000015258789,15.09000015258789,15.09000015258789,15.09000015258789,11000,0.0,0.0,0.0
2025-06-04 03:20:00+00:00,15.100000381469727,15.109999656677246,15.100000381469727,15.109999656677246,157834,0.0,0.0,0.0
2025-06-04 03:25:00+00:00,15.100000381469727,15.109999656677246,15.100000381469727,15.100000381469727,21000,0.0,0.0,0.0
2025-06-04 03:30:00+00:00,15.109999656677246,15.109999656677246,15.109999656677246,15.109999656677246,31186,0.0,0.0,0.0
2025-06-04 03:35:00+00:00,15.109999656677246,15.109999656677246,15.109999656677246,15.109999656677246,19160,0.0,0.0,0.0
2025-06-04 03:40:00+00:00,15.100000381469727,15.100000381469727,15.100000381469727,15.100000381469727,14000,0.0,0.0,0.0
2025-06-04 03:45:00+00:00,15.100000381469727,15.109999656677246,15.09000015258789,15.09000015258789,208577,0.0,0.0,0.0
2025-06-04 03:50:00+00:00,15.09000015258789,15.09000015258789,15.09000015258789,15.09000015258789,50000,0.0,0.0,0.0
2025-06-04 03:55:00+00:00,15.09000015258789,15.09000015258789,15.09000015258789,15.09000015258789,25000,0.0,0.0,0.0
2025-06-04 04:00:00+00:00,15.09000015258789,15.09000015258789,15.079999923706055,15.079999923706055,59000,0.0,0.0,0.0
2025-06-04 04:05:00+00:00,15.09000015258789,15.09000015258789,15.09000015258789,15.09000015258789,2020,0.0,0.0,0.0
2025-06-04 04:10:00+00:00,15.079999923706055,15.09000015258789,15.079999923706055,15.09000015258789,18000,0.0,0.0,0.0
2025-06-04 04:15:00+00:00,15.09000015258789,15.100000381469727,15.09000015258789,15.09000015258789,56223,0.0,0.0,0.0
2025-06-04 04:20:00+00:00,15.09000015258789,15.09000015258789,15.09000015258789,15.09000015258789,29000,0.0,0.0,0.0
2025-06-04 04:25:00+00:00,15.09000015258789,15.09000015258789,15.09000015258789,15.09000015258789,23200,0.0,0.0,0.0
2025-06-04 04:30:00+00:00,15.09000015258789,15.09000015258789,15.079999923706055,15.079999923706055,18392,0.0,0.0,0.0
2025-06-04 04:35:00+00:00,15.079999923706055,15.079999923706055,15.079999923706055,15.079999923706055,18000,0.0,0.0,0.0
2025-06-04 04:40:00+00:00,15.079999923706055,15.079999923706055,15.079999923706055,15.079999923706055,16000,0.0,0.0,0.0
2025-06-04 04:45:00+00:00,15.079999923706055,15.079999923706055,15.0600004196167,15.0600004196167,19412,0.0,0.0,0.0
2025-06-04 04:50:00+00:00,15.0600004196167,15.0600004196167,15.0600004196167,15.0600004196167,39340,0.0,0.0,0.0
2025-06-04 04:55:00+00:00,15.069999694824219,15.069999694824219,15.069999694824219,15.069999694824219,68112,0.0,0.0,0.0
2025-06-04 05:00:00+00:00,15.069999694824219,15.079999923706055,15.069999694824219,15.079999923706055,276123,0.0,0.0,0.0
2025-06-04 05:05:00+00:00,15.079999923706055,15.09000015258789,15.079999923706055,15.09000015258789,90000,0.0,0.0,0.0
2025-06-04 05:10:00+00:00,15.079999923706055,15.079999923706055,15.069999694824219,15.069999694824219,68000,0.0,0.0,0.0
2025-06-04 05:15:00+00:00,15.069999694824219,15.069999694824219,15.050000190734863,15.0600004196167,146012,0.0,0.0,0.0
2025-06-04 05:20:00+00:00,15.050000190734863,15.0600004196167,15.039999961853027,15.050000190734863,327401,0.0,0.0,0.0
2025-06-05 01:00:00+00:00,15.029999732971191,15.029999732971191,15.020000457763672,15.029999732971191,0,0.0,0.0,0.0
2025-06-05 01:05:00+00:00,15.039999961853027,15.0600004196167,15.039999961853027,15.0600004196167,101366,0.0,0.0,0.0
2025-06-05 01:10:00+00:00,15.069999694824219,15.069999694824219,15.0600004196167,15.069999694824219,107015,0.0,0.0,0.0
2025-06-05 01:15:00+00:00,15.079999923706055,15.09000015258789,15.079999923706055,15.079999923706055,32493,0.0,0.0,0.0
2025-06-05 01:20:00+00:00,15.079999923706055,15.09000015258789,15.069999694824219,15.069999694824219,97510,0.0,0.0,0.0
2025-06-05 01:25:00+00:00,15.069999694824219,15.069999694824219,15.069999694824219,15.069999694824219,50000,0.0,0.0,0.0
2025-06-05 01:30:00+00:00,15.069999694824219,15.079999923706055,15.0600004196167,15.079999923706055,102674,0.0,0.0,0.0
2025-06-05 01:35:00+00:00,15.079999923706055,15.079999923706055,15.069999694824219,15.069999694824219,10222,0.0,0.0,0.0
2025-06-05 01:40:00+00:00,15.069999694824219,15.069999694824219,15.0600004196167,15.069999694824219,175880,0.0,0.0,0.0
2025-06-05 01:45:00+00:00,15.069999694824219,15.079999923706055,15.069999694824219,15.079999923706055,69102,0.0,0.0,0.0
2025-06-05 01:55:00+00:00,15.069999694824219,15.069999694824219,15.069999694824219,15.069999694824219,29000,0.0,0.0,0.0
2025-06-05 02:00:00+00:00,15.069999694824219,15.079999923706055,15.050000190734863,15.050000190734863,213000,0.0,0.0,0.0
2025-06-05 02:05:00+00:00,15.039999961853027,15.039999961853027,14.979999542236328,14.989999771118164,311623,0.0,0.0,0.0
2025-06-05 02:10:00+00:00,14.989999771118164,15.0,14.989999771118164,15.0,44014,0.0,0.0,0.0
2025-06-05 02:15:00+00:00,15.0,15.0,15.0,15.0,4050,0.0,0.0,0.0
2025-06-05 02:25:00+00:00,14.979999542236328,14.989999771118164,14.979999542236328,14.979999542236328,7244,0.0,0.0,0.0
2025-06-05 02:30:00+00:00,14.979999542236328,14.979999542236328,14.960000038146973,14.960000038146973,37166,0.0,0.0,0.0
2025-06-05 02:35:00+00:00,14.960000038146973,14.960000038146973,14.949999809265137,14.960000038146973,12070,0.0,0.0,0.0
2025-06-05 02:40:00+00:00,14.960000038146973,14.960000038146973,14.949999809265137,14.949999809265137,24184,0.0,0.0,0.0
2025-06-05 02:45:00+00:00,14.949999809265137,14.949999809265137,14.9399995803833,14.949999809265137,13406,0.0,0.0,0.0
2025-06-05 02:50:00+00:00,14.949999809265137,14.949999809265137,14.9399995803833,14.949999809265137,12060,0.0,0.0,0.0
2025-06-05 02:55:00+00:00,14.949999809265137,14.949999809265137,14.949999809265137,14.949999809265137,1000,0.0,0.0,0.0
2025-06-05 03:00:00+00:00,14.949999809265137,14.949999809265137,14.9399995803833,14.9399995803833,6000,0.0,0.0,0.0
2025-06-05 03:05:00+00:00,14.9399995803833,14.9399995803833,14.930000305175781,14.930000305175781,3120,0.0,0.0,0.0
2025-06-05 03:10:00+00:00,14.930000305175781,14.930000305175781,14.930000305175781,14.930000305175781,4000,0.0,0.0,0.0
2025-06-05 03:15:00+00:00,14.930000305175781,14.9399995803833,14.930000305175781,14.930000305175781,6230,0.0,0.0,0.0
2025-06-05 03:20:00+00:00,14.930000305175781,14.930000305175781,14.930000305175781,14.930000305175781,23316,0.0,0.0,0.0
2025-06-05 03:25:00+00:00,14.930000305175781,14.930000305175781,14.930000305175781,14.930000305175781,6076,0.0,0.0,0.0
2025-06-05 03:30:00+00:00,14.930000305175781,14.930000305175781,14.920000076293945,14.920000076293945,74469,0.0,0.0,0.0
2025-06-05 03:35:00+00:00,14.930000305175781,14.930000305175781,14.920000076293945,14.920000076293945,7819,0.0,0.0,0.0
2025-06-05 03:40:00+00:00,14.920000076293945,14.920000076293945,14.920000076293945,14.920000076293945,2000,0.0,0.0,0.0
2025-06-05 03:45:00+00:00,14.930000305175781,14.930000305175781,14.920000076293945,14.920000076293945,103967,0.0,0.0,0.0
2025-06-05 03:50:00+00:00,14.90999984741211,14.90999984741211,14.90999984741211,14.90999984741211,10000,0.0,0.0,0.0
2025-06-05 03:55:00+00:00,14.90999984741211,14.90999984741211,14.90999984741211,14.90999984741211,12004,0.0,0.0,0.0
2025-06-05 04:00:00+00:00,14.90999984741211,14.90999984741211,14.90999984741211,14.90999984741211,76544,0.0,0.0,0.0
2025-06-05 04:05:00+00:00,14.90999984741211,14.90999984741211,14.90999984741211,14.90999984741211,3300,0.0,0.0,0.0
2025-06-05 04:10:00+00:00,14.90999984741211,14.90999984741211,14.90999984741211,14.90999984741211,28400,0.0,0.0,0.0
2025-06-05 04:15:00+00:00,14.90999984741211,14.90999984741211,14.90999984741211,14.90999984741211,52388,0.0,0.0,0.0
2025-06-05 04:20:00+00:00,14.90999984741211,14.920000076293945,14.90999984741211,14.90999984741211,156061,0.0,0.0,0.0
2025-06-05 04:25:00+00:00,14.920000076293945,14.920000076293945,14.90999984741211,14.90999984741211,5670,0.0,0.0,0.0
2025-06-05 04:30:00+00:00,14.90999984741211,14.90999984741211,14.90999984741211,14.90999984741211,10199,0.0,0.0,0.0
2025-06-05 04:35:00+00:00,14.930000305175781,14.930000305175781,14.90999984741211,14.90999984741211,15300,0.0,0.0,0.0
2025-06-05 04:45:00+00:00,14.90999984741211,14.920000076293945,14.90999984741211,14.90999984741211,36455,0.0,0.0,0.0
2025-06-05 04:50:00+00:00,14.90999984741211,14.90999984741211,14.899999618530273,14.899999618530273,30500,0.0,0.0,0.0
2025-06-05 04:55:00+00:00,14.90999984741211,14.920000076293945,14.90999984741211,14.920000076293945,32684,0.0,0.0,0.0
2025-06-05 05:05:00+00:00,14.90999984741211,14.90999984741211,14.90999984741211,14.90999984741211,2564,0.0,0.0,0.0
2025-06-05 05:10:00+00:00,14.899999618530273,14.899999618530273,14.899999618530273,14.899999618530273,15000,0.0,0.0,0.0
2025-06-05 05:15:00+00:00,14.899999618530273,14.899999618530273,14.899999618530273,14.899999618530273,10332,0.0,0.0,0.0
2025-06-05 05:20:00+00:00,14.899999618530273,14.899999618530273,14.890000343322754,14.890000343322754,131834,0.0,0.0,0.0
2025-06-06 01:00:00+00:00,14.899999618530273,14.90999984741211,14.899999618530273,14.90999984741211,0,0.0,0.0,0.0
2025-06-06 01:05:00+00:00,14.920000076293945,14.949999809265137,14.920000076293945,14.949999809265137,114588,0.0,0.0,0.0
2025-06-06 01:10:00+00:00,14.960000038146973,14.970000267028809,14.960000038146973,14.970000267028809,192300,0.0,0.0,0.0
2025-06-06 01:15:00+00:00,14.970000267028809,14.970000267028809,14.930000305175781,14.930000305175781,41634,0.0,0.0,0.0
2025-06-06 01:20:00+00:00,14.920000076293945,14.930000305175781,14.920000076293945,14.930000305175781,78000,0.0,0.0,0.0
2025-06-06 01:25:00+00:00,14.949999809265137,14.979999542236328,14.949999809265137,14.979999542236328,52519,0.0,0.0,0.0
2025-06-06 01:30:00+00:00,14.989999771118164,14.989999771118164,14.979999542236328,14.979999542236328,17108,0.0,0.0,0.0
2025-06-06 01:35:00+00:00,14.979999542236328,14.979999542236328,14.979999542236328,14.979999542236328,18573,0.0,0.0,0.0
2025-06-06 01:40:00+00:00,14.949999809265137,14.949999809265137,14.949999809265137,14.949999809265137,10000,0.0,0.0,0.0
2025-06-06 01:45:00+00:00,14.970000267028809,14.970000267028809,14.970000267028809,14.970000267028809,3102,0.0,0.0,0.0
2025-06-06 01:55:00+00:00,14.960000038146973,14.960000038146973,14.949999809265137,14.949999809265137,11138,0.0,0.0,0.0
2025-06-06 02:00:00+00:00,14.9399995803833,14.949999809265137,14.9399995803833,14.949999809265137,39100,0.0,0.0,0.0
2025-06-06 02:05:00+00:00,14.949999809265137,14.970000267028809,14.949999809265137,14.970000267028809,99579,0.0,0.0,0.0
2025-06-06 02:10:00+00:00,14.970000267028809,14.979999542236328,14.970000267028809,14.970000267028809,17000,0.0,0.0,0.0
2025-06-06 02:15:00+00:00,14.979999542236328,14.979999542236328,14.979999542236328,14.979999542236328,33748,0.0,0.0,0.0
2025-06-06 02:20:00+00:00,14.989999771118164,14.989999771118164,14.989999771118164,14.989999771118164,37100,0.0,0.0,0.0
2025-06-06 02:25:00+00:00,14.989999771118164,14.989999771118164,14.989999771118164,14.989999771118164,20002,0.0,0.0,0.0
2025-06-06 02:30:00+00:00,15.0,15.0,14.989999771118164,14.989999771118164,29119,0.0,0.0,0.0
2025-06-06 02:35:00+00:00,14.989999771118164,14.989999771118164,14.989999771118164,14.989999771118164,6068,0.0,0.0,0.0
2025-06-06 02:40:00+00:00,14.989999771118164,14.989999771118164,14.989999771118164,14.989999771118164,34000,0.0,0.0,0.0
2025-06-06 02:45:00+00:00,15.0,15.0,15.0,15.0,3258,0.0,0.0,0.0
2025-06-06 02:50:00+00:00,15.0,15.0,15.0,15.0,101000,0.0,0.0,0.0
2025-06-06 02:55:00+00:00,14.989999771118164,15.0,14.989999771118164,14.989999771118164,181028,0.0,0.0,0.0
2025-06-06 03:00:00+00:00,14.989999771118164,15.010000228881836,14.989999771118164,15.010000228881836,5727,0.0,0.0,0.0
2025-06-06 03:15:00+00:00,14.989999771118164,14.989999771118164,14.989999771118164,14.989999771118164,3430,0.0,0.0,0.0
2025-06-06 03:20:00+00:00,14.989999771118164,14.989999771118164,14.989999771118164,14.989999771118164,9000,0.0,0.0,0.0
2025-06-06 03:25:00+00:00,14.989999771118164,14.989999771118164,14.989999771118164,14.989999771118164,5038,0.0,0.0,0.0
2025-06-06 03:30:00+00:00,15.0,15.0,14.979999542236328,14.979999542236328,53100,0.0,0.0,0.0
2025-06-06 03:35:00+00:00,14.979999542236328,14.979999542236328,14.979999542236328,14.979999542236328,36118,0.0,0.0,0.0
2025-06-06 03:40:00+00:00,14.989999771118164,14.989999771118164,14.989999771118164,14.989999771118164,5032,0.0,0.0,0.0
2025-06-06 03:45:00+00:00,14.989999771118164,14.989999771118164,14.989999771118164,14.989999771118164,10640,0.0,0.0,0.0
2025-06-06 03:50:00+00:00,14.979999542236328,14.979999542236328,14.970000267028809,14.970000267028809,22018,0.0,0.0,0.0
2025-06-06 03:55:00+00:00,14.979999542236328,14.979999542236328,14.979999542236328,14.979999542236328,5100,0.0,0.0,0.0
2025-06-06 04:00:00+00:00,14.979999542236328,14.979999542236328,14.979999542236328,14.979999542236328,13018,0.0,0.0,0.0
2025-06-06 04:05:00+00:00,14.970000267028809,14.970000267028809,14.970000267028809,14.970000267028809,8078,0.0,0.0,0.0
2025-06-06 04:10:00+00:00,14.970000267028809,14.979999542236328,14.970000267028809,14.979999542236328,2000,0.0,0.0,0.0
2025-06-06 04:15:00+00:00,14.970000267028809,14.970000267028809,14.960000038146973,14.960000038146973,21229,0.0,0.0,0.0
2025-06-06 04:20:00+00:00,14.960000038146973,14.960000038146973,14.949999809265137,14.949999809265137,31040,0.0,0.0,0.0
2025-06-06 04:25:00+00:00,14.949999809265137,14.949999809265137,14.949999809265137,14.949999809265137,1000,0.0,0.0,0.0
2025-06-06 04:30:00+00:00,14.970000267028809,14.970000267028809,14.949999809265137,14.949999809265137,17410,0.0,0.0,0.0
2025-06-06 04:35:00+00:00,14.949999809265137,14.949999809265137,14.949999809265137,14.949999809265137,10260,0.0,0.0,0.0
2025-06-06 04:45:00+00:00,14.949999809265137,14.949999809265137,14.949999809265137,14.949999809265137,11118,0.0,0.0,0.0
2025-06-06 04:50:00+00:00,14.949999809265137,14.949999809265137,14.949999809265137,14.949999809265137,24423,0.0,0.0,0.0
2025-06-06 04:55:00+00:00,14.949999809265137,14.949999809265137,14.949999809265137,14.949999809265137,18019,0.0,0.0,0.0
2025-06-06 05:00:00+00:00,14.949999809265137,14.960000038146973,14.949999809265137,14.960000038146973,85700,0.0,0.0,0.0
2025-06-06 05:10:00+00:00,14.960000038146973,14.970000267028809,14.960000038146973,14.970000267028809,52197,0.0,0.0,0.0
2025-06-06 05:20:00+00:00,14.960000038146973,14.960000038146973,14.960000038146973,14.960000038146973,93366,0.0,0.0,0.0
2025-06-09 01:00:00+00:00,14.989999771118164,15.029999732971191,14.989999771118164,15.010000228881836,0,0.0,0.0,0.0
2025-06-09 01:05:00+00:00,15.020000457763672,15.020000457763672,15.010000228881836,15.020000457763672,85221,0.0,0.0,0.0
2025-06-09 01:10:00+00:00,15.029999732971191,15.029999732971191,15.029999732971191,15.029999732971191,2100,0.0,0.0,0.0
2025-06-09 01:15:00+00:00,15.029999732971191,15.050000190734863,15.020000457763672,15.050000190734863,343032,0.0,0.0,0.0
2025-06-09 01:20:00+00:00,15.050000190734863,15.050000190734863,15.039999961853027,15.050000190734863,29911,0.0,0.0,0.0
2025-06-09 01:25:00+00:00,15.039999961853027,15.039999961853027,15.020000457763672,15.020000457763672,142077,0.0,0.0,0.0
2025-06-09 01:30:00+00:00,15.020000457763672,15.020000457763672,15.010000228881836,15.010000228881836,29598,0.0,0.0,0.0
2025-06-09 01:35:00+00:00,15.0,15.0,15.0,15.0,41116,0.0,0.0,0.0
2025-06-09 01:40:00+00:00,15.0,15.0,15.0,15.0,12091,0.0,0.0,0.0
2025-06-09 01:45:00+00:00,15.0,15.010000228881836,15.0,15.010000228881836,20573,0.0,0.0,0.0
2025-06-09 01:50:00+00:00,15.020000457763672,15.020000457763672,15.020000457763672,15.020000457763672,28251,0.0,0.0,0.0
2025-06-09 01:55:00+00:00,15.020000457763672,15.020000457763672,15.0,15.0,5200,0.0,0.0,0.0
2025-06-09 02:00:00+00:00,15.020000457763672,15.020000457763672,15.010000228881836,15.010000228881836,11150,0.0,0.0,0.0
2025-06-09 02:05:00+00:00,15.010000228881836,15.020000457763672,15.010000228881836,15.020000457763672,56253,0.0,0.0,0.0
2025-06-09 02:10:00+00:00,15.020000457763672,15.020000457763672,15.010000228881836,15.010000228881836,27010,0.0,0.0,0.0
2025-06-09 02:15:00+00:00,15.020000457763672,15.020000457763672,15.010000228881836,15.010000228881836,95229,0.0,0.0,0.0
2025-06-09 02:20:00+00:00,15.0,15.010000228881836,15.0,15.0,17000,0.0,0.0,0.0
2025-06-09 02:25:00+00:00,15.0,15.010000228881836,15.0,15.0,88110,0.0,0.0,0.0
2025-06-09 02:30:00+00:00,15.0,15.0,14.970000267028809,14.970000267028809,25950,0.0,0.0,0.0
2025-06-09 02:35:00+00:00,14.989999771118164,14.989999771118164,14.979999542236328,14.979999542236328,7612,0.0,0.0,0.0
2025-06-09 02:40:00+00:00,14.989999771118164,14.989999771118164,14.989999771118164,14.989999771118164,13000,0.0,0.0,0.0
2025-06-09 02:45:00+00:00,15.0,15.0,15.0,15.0,2100,0.0,0.0,0.0
2025-06-09 02:50:00+00:00,14.979999542236328,14.979999542236328,14.979999542236328,14.979999542236328,1100,0.0,0.0,0.0
2025-06-09 02:55:00+00:00,14.979999542236328,14.979999542236328,14.979999542236328,14.979999542236328,76129,0.0,0.0,0.0
2025-06-09 03:00:00+00:00,14.989999771118164,15.0,14.979999542236328,14.979999542236328,5109,0.0,0.0,0.0
2025-06-09 03:05:00+00:00,14.989999771118164,15.0,14.970000267028809,14.970000267028809,3454,0.0,0.0,0.0
2025-06-09 03:10:00+00:00,14.970000267028809,14.970000267028809,14.970000267028809,14.970000267028809,3000,0.0,0.0,0.0
2025-06-09 03:15:00+00:00,15.0,15.0,14.989999771118164,15.0,0,0.0,0.0,0.0
2025-06-09 03:20:00+00:00,14.989999771118164,14.989999771118164,14.989999771118164,14.989999771118164,1494622,0.0,0.0,0.0
2025-06-09 03:25:00+00:00,14.979999542236328,14.979999542236328,14.979999542236328,14.979999542236328,2000,0.0,0.0,0.0
2025-06-09 03:30:00+00:00,14.979999542236328,14.979999542236328,14.979999542236328,14.979999542236328,1000,0.0,0.0,0.0
2025-06-09 03:35:00+00:00,14.979999542236328,14.979999542236328,14.979999542236328,14.979999542236328,2286,0.0,0.0,0.0
2025-06-09 03:40:00+00:00,14.970000267028809,14.970000267028809,14.970000267028809,14.970000267028809,7120,0.0,0.0,0.0
2025-06-09 03:45:00+00:00,14.970000267028809,14.970000267028809,14.970000267028809,14.970000267028809,1180,0.0,0.0,0.0
2025-06-09 03:50:00+00:00,14.960000038146973,14.970000267028809,14.960000038146973,14.970000267028809,27320,0.0,0.0,0.0
2025-06-09 03:55:00+00:00,14.970000267028809,14.970000267028809,14.970000267028809,14.970000267028809,31003,0.0,0.0,0.0
2025-06-09 04:00:00+00:00,14.970000267028809,14.979999542236328,14.970000267028809,14.979999542236328,45000,0.0,0.0,0.0
2025-06-09 04:05:00+00:00,14.979999542236328,14.979999542236328,14.979999542236328,14.979999542236328,5000,0.0,0.0,0.0
2025-06-09 04:10:00+00:00,14.979999542236328,14.979999542236328,14.979999542236328,14.979999542236328,10349,0.0,0.0,0.0
2025-06-09 04:15:00+00:00,14.970000267028809,14.970000267028809,14.970000267028809,14.970000267028809,35000,0.0,0.0,0.0
2025-06-09 04:20:00+00:00,14.970000267028809,14.970000267028809,14.970000267028809,14.970000267028809,56420,0.0,0.0,0.0
2025-06-09 04:25:00+00:00,14.979999542236328,14.979999542236328,14.979999542236328,14.979999542236328,1734,0.0,0.0,0.0
2025-06-09 04:35:00+00:00,14.970000267028809,14.979999542236328,14.970000267028809,14.979999542236328,34100,0.0,0.0,0.0
2025-06-09 04:40:00+00:00,14.970000267028809,14.970000267028809,14.970000267028809,14.970000267028809,27165,0.0,0.0,0.0
2025-06-09 04:45:00+00:00,14.979999542236328,14.979999542236328,14.979999542236328,14.979999542236328,12100,0.0,0.0,0.0
2025-06-09 04:50:00+00:00,14.970000267028809,14.979999542236328,14.970000267028809,14.970000267028809,8000,0.0,0.0,0.0
2025-06-09 04:55:00+00:00,14.989999771118164,14.989999771118164,14.979999542236328,14.979999542236328,18200,0.0,0.0,0.0
2025-06-09 05:00:00+00:00,14.970000267028809,14.970000267028809,14.970000267028809,14.970000267028809,34247,0.0,0.0,0.0
2025-06-09 05:10:00+00:00,14.970000267028809,14.970000267028809,14.970000267028809,14.970000267028809,11578,0.0,0.0,0.0
2025-06-09 05:15:00+00:00,14.970000267028809,14.979999542236328,14.970000267028809,14.970000267028809,9638,0.0,0.0,0.0
2025-06-09 05:20:00+00:00,14.979999542236328,14.979999542236328,14.979999542236328,14.979999542236328,33162,0.0,0.0,0.0
2025-06-10 01:00:00+00:00,14.979999542236328,15.0,14.979999542236328,14.989999771118164,0,0.0,0.0,0.0
2025-06-10 01:05:00+00:00,15.0,15.020000457763672,15.0,15.020000457763672,137455,0.0,0.0,0.0
2025-06-10 01:10:00+00:00,15.020000457763672,15.020000457763672,15.0,15.0,5413,0.0,0.0,0.0
2025-06-10 01:15:00+00:00,15.0,15.0,15.0,15.0,56000,0.0,0.0,0.0
2025-06-10 01:20:00+00:00,15.0,15.020000457763672,15.0,15.020000457763672,111026,0.0,0.0,0.0
2025-06-10 01:25:00+00:00,15.020000457763672,15.039999961853027,15.020000457763672,15.029999732971191,173720,0.0,0.0,0.0
2025-06-10 01:30:00+00:00,15.039999961853027,15.039999961853027,15.029999732971191,15.029999732971191,11483,0.0,0.0,0.0
2025-06-10 01:35:00+00:00,15.039999961853027,15.050000190734863,15.029999732971191,15.050000190734863,41110,0.0,0.0,0.0
2025-06-10 01:40:00+00:00,15.050000190734863,15.069999694824219,15.050000190734863,15.069999694824219,336356,0.0,0.0,0.0
2025-06-10 01:45:00+00:00,15.069999694824219,15.09000015258789,15.069999694824219,15.079999923706055,155766,0.0,0.0,0.0
2025-06-10 01:50:00+00:00,15.09000015258789,15.09000015258789,15.09000015258789,15.09000015258789,27700,0.0,0.0,0.0
2025-06-10 01:55:00+00:00,15.09000015258789,15.09000015258789,15.079999923706055,15.079999923706055,106100,0.0,0.0,0.0
2025-06-10 02:00:00+00:00,15.09000015258789,15.09000015258789,15.079999923706055,15.079999923706055,5200,0.0,0.0,0.0
2025-06-10 02:05:00+00:00,15.079999923706055,15.079999923706055,15.069999694824219,15.069999694824219,89311,0.0,0.0,0.0
2025-06-10 02:10:00+00:00,15.079999923706055,15.09000015258789,15.079999923706055,15.09000015258789,111209,0.0,0.0,0.0
2025-06-10 02:15:00+00:00,15.079999923706055,15.100000381469727,15.079999923706055,15.100000381469727,148671,0.0,0.0,0.0
2025-06-10 02:20:00+00:00,15.100000381469727,15.100000381469727,15.100000381469727,15.100000381469727,26148,0.0,0.0,0.0
2025-06-10 02:25:00+00:00,15.100000381469727,15.109999656677246,15.09000015258789,15.09000015258789,164150,0.0,0.0,0.0
2025-06-10 02:30:00+00:00,15.09000015258789,15.09000015258789,15.09000015258789,15.09000015258789,13000,0.0,0.0,0.0
2025-06-10 02:35:00+00:00,15.09000015258789,15.09000015258789,15.09000015258789,15.09000015258789,21250,0.0,0.0,0.0
2025-06-10 02:40:00+00:00,15.100000381469727,15.109999656677246,15.100000381469727,15.109999656677246,149729,0.0,0.0,0.0
2025-06-10 02:45:00+00:00,15.100000381469727,15.109999656677246,15.100000381469727,15.100000381469727,85000,0.0,0.0,0.0
2025-06-10 02:50:00+00:00,15.109999656677246,15.109999656677246,15.100000381469727,15.109999656677246,48252,0.0,0.0,0.0
2025-06-10 02:55:00+00:00,15.100000381469727,15.100000381469727,15.100000381469727,15.100000381469727,3000,0.0,0.0,0.0
2025-06-10 03:00:00+00:00,15.100000381469727,15.109999656677246,15.100000381469727,15.109999656677246,39454,0.0,0.0,0.0
2025-06-10 03:10:00+00:00,15.079999923706055,15.079999923706055,15.079999923706055,15.079999923706055,12000,0.0,0.0,0.0
2025-06-10 03:15:00+00:00,15.079999923706055,15.09000015258789,15.079999923706055,15.09000015258789,4080,0.0,0.0,0.0
2025-06-10 03:20:00+00:00,15.09000015258789,15.09000015258789,15.09000015258789,15.09000015258789,28059,0.0,0.0,0.0
2025-06-10 03:25:00+00:00,15.09000015258789,15.09000015258789,15.09000015258789,15.09000015258789,10498,0.0,0.0,0.0
2025-06-10 03:30:00+00:00,15.079999923706055,15.079999923706055,15.079999923706055,15.079999923706055,1000,0.0,0.0,0.0
2025-06-10 03:35:00+00:00,15.079999923706055,15.079999923706055,15.079999923706055,15.079999923706055,2220,0.0,0.0,0.0
2025-06-10 03:40:00+00:00,15.079999923706055,15.079999923706055,15.079999923706055,15.079999923706055,5000,0.0,0.0,0.0
2025-06-10 03:45:00+00:00,15.079999923706055,15.079999923706055,15.079999923706055,15.079999923706055,115792,0.0,0.0,0.0
2025-06-10 03:50:00+00:00,15.079999923706055,15.079999923706055,15.079999923706055,15.079999923706055,17001,0.0,0.0,0.0
2025-06-10 03:55:00+00:00,15.079999923706055,15.079999923706055,15.079999923706055,15.079999923706055,46000,0.0,0.0,0.0
2025-06-10 04:00:00+00:00,15.079999923706055,15.079999923706055,15.079999923706055,15.079999923706055,13945,0.0,0.0,0.0
2025-06-10 04:05:00+00:00,15.079999923706055,15.09000015258789,15.069999694824219,15.079999923706055,71040,0.0,0.0,0.0
2025-06-10 04:10:00+00:00,15.069999694824219,15.069999694824219,15.069999694824219,15.069999694824219,1000,0.0,0.0,0.0
2025-06-10 04:15:00+00:00,15.069999694824219,15.069999694824219,15.069999694824219,15.069999694824219,19140,0.0,0.0,0.0
2025-06-10 04:20:00+00:00,15.069999694824219,15.079999923706055,15.069999694824219,15.069999694824219,25000,0.0,0.0,0.0
2025-06-10 04:25:00+00:00,15.069999694824219,15.069999694824219,15.0600004196167,15.0600004196167,28170,0.0,0.0,0.0
2025-06-10 04:30:00+00:00,15.0600004196167,15.0600004196167,15.0600004196167,15.0600004196167,24000,0.0,0.0,0.0
2025-06-10 04:35:00+00:00,15.0600004196167,15.0600004196167,15.0600004196167,15.0600004196167,15000,0.0,0.0,0.0
2025-06-10 04:40:00+00:00,15.0600004196167,15.0600004196167,15.0600004196167,15.0600004196167,12000,0.0,0.0,0.0
2025-06-10 04:45:00+00:00,15.0600004196167,15.079999923706055,15.0600004196167,15.069999694824219,75019,0.0,0.0,0.0
2025-06-10 04:50:00+00:00,15.069999694824219,15.069999694824219,15.069999694824219,15.069999694824219,16695,0.0,0.0,0.0
2025-06-10 04:55:00+00:00,15.069999694824219,15.069999694824219,15.069999694824219,15.069999694824219,10000,0.0,0.0,0.0
2025-06-10 05:00:00+00:00,15.069999694824219,15.069999694824219,15.0600004196167,15.0600004196167,71002,0.0,0.0,0.0
2025-06-10 05:05:00+00:00,15.069999694824219,15.069999694824219,15.069999694824219,15.069999694824219,47332,0.0,0.0,0.0
2025-06-10 05:10:00+00:00,15.069999694824219,15.079999923706055,15.069999694824219,15.079999923706055,16000,0.0,0.0,0.0
2025-06-10 05:15:00+00:00,15.0600004196167,15.079999923706055,15.0600004196167,15.079999923706055,33024,0.0,0.0,0.0
2025-06-10 05:20:00+00:00,15.069999694824219,15.069999694824219,15.0600004196167,15.0600004196167,204538,0.0,0.0,0.0
2025-06-11 01:00:00+00:00,15.050000190734863,15.050000190734863,15.029999732971191,15.029999732971191,0,0.0,0.0,0.0
2025-06-11 01:05:00+00:00,15.020000457763672,15.029999732971191,15.010000228881836,15.029999732971191,372421,0.0,0.0,0.0
2025-06-11 01:10:00+00:00,15.029999732971191,15.029999732971191,15.010000228881836,15.010000228881836,7370,0.0,0.0,0.0
2025-06-11 01:15:00+00:00,15.0,15.020000457763672,15.0,15.010000228881836,215628,0.0,0.0,0.0
2025-06-11 01:20:00+00:00,15.0,15.020000457763672,15.0,15.020000457763672,0,0.0,0.0,0.0
2025-06-11 01:25:00+00:00,15.010000228881836,15.020000457763672,15.010000228881836,15.020000457763672,617496,0.0,0.0,0.0
2025-06-11 01:30:00+00:00,15.020000457763672,15.020000457763672,15.0,15.0,32647,0.0,0.0,0.0
2025-06-11 01:35:00+00:00,15.010000228881836,15.020000457763672,15.010000228881836,15.020000457763672,120779,0.0,0.0,0.0
2025-06-11 01:45:00+00:00,15.010000228881836,15.010000228881836,15.010000228881836,15.010000228881836,6000,0.0,0.0,0.0
2025-06-11 01:50:00+00:00,15.020000457763672,15.029999732971191,15.020000457763672,15.020000457763672,169114,0.0,0.0,0.0
2025-06-11 01:55:00+00:00,15.010000228881836,15.010000228881836,15.0,15.0,107205,0.0,0.0,0.0
2025-06-11 02:00:00+00:00,15.0,15.010000228881836,14.989999771118164,15.010000228881836,37090,0.0,0.0,0.0
2025-06-11 02:05:00+00:00,15.010000228881836,15.020000457763672,15.010000228881836,15.020000457763672,55010,0.0,0.0,0.0
2025-06-11 02:10:00+00:00,15.020000457763672,15.029999732971191,15.020000457763672,15.029999732971191,36257,0.0,0.0,0.0
2025-06-11 02:15:00+00:00,15.029999732971191,15.029999732971191,15.029999732971191,15.029999732971191,8000,0.0,0.0,0.0
2025-06-11 02:20:00+00:00,15.029999732971191,15.039999961853027,15.029999732971191,15.039999961853027,68000,0.0,0.0,0.0
2025-06-11 02:25:00+00:00,15.029999732971191,15.029999732971191,15.029999732971191,15.029999732971191,2300,0.0,0.0,0.0
2025-06-11 02:30:00+00:00,15.029999732971191,15.029999732971191,15.029999732971191,15.029999732971191,10060,0.0,0.0,0.0
2025-06-11 02:35:00+00:00,15.029999732971191,15.029999732971191,15.029999732971191,15.029999732971191,7020,0.0,0.0,0.0
2025-06-11 02:40:00+00:00,15.029999732971191,15.029999732971191,15.029999732971191,15.029999732971191,0,0.0,0.0,0.0
2025-06-11 02:45:00+00:00,15.029999732971191,15.050000190734863,15.029999732971191,15.050000190734863,1364920,0.0,0.0,0.0
2025-06-11 02:50:00+00:00,15.050000190734863,15.050000190734863,15.050000190734863,15.050000190734863,5100,0.0,0.0,0.0
2025-06-11 02:55:00+00:00,15.050000190734863,15.050000190734863,15.050000190734863,15.050000190734863,46116,0.0,0.0,0.0
2025-06-11 03:00:00+00:00,15.050000190734863,15.050000190734863,15.050000190734863,15.050000190734863,28601,0.0,0.0,0.0
2025-06-11 03:05:00+00:00,15.050000190734863,15.069999694824219,15.050000190734863,15.069999694824219,25300,0.0,0.0,0.0
2025-06-11 03:10:00+00:00,15.069999694824219,15.069999694824219,15.0600004196167,15.0600004196167,106000,0.0,0.0,0.0
2025-06-11 03:15:00+00:00,15.0600004196167,15.079999923706055,15.0600004196167,15.069999694824219,50911,0.0,0.0,0.0
2025-06-11 03:20:00+00:00,15.079999923706055,15.09000015258789,15.079999923706055,15.09000015258789,53791,0.0,0.0,0.0
2025-06-11 03:25:00+00:00,15.09000015258789,15.100000381469727,15.09000015258789,15.100000381469727,0,0.0,0.0,0.0
2025-06-11 03:30:00+00:00,15.100000381469727,15.100000381469727,15.100000381469727,15.100000381469727,1748817,0.0,0.0,0.0
2025-06-11 03:35:00+00:00,15.09000015258789,15.09000015258789,15.09000015258789,15.09000015258789,28100,0.0,0.0,0.0
2025-06-11 03:40:00+00:00,15.09000015258789,15.09000015258789,15.09000015258789,15.09000015258789,20236,0.0,0.0,0.0
2025-06-11 03:45:00+00:00,15.079999923706055,15.09000015258789,15.079999923706055,15.079999923706055,29100,0.0,0.0,0.0
2025-06-11 03:50:00+00:00,15.079999923706055,15.079999923706055,15.079999923706055,15.079999923706055,25053,0.0,0.0,0.0
2025-06-11 03:55:00+00:00,15.079999923706055,15.09000015258789,15.079999923706055,15.09000015258789,7249,0.0,0.0,0.0
2025-06-11 04:15:00+00:00,15.09000015258789,15.09000015258789,15.09000015258789,15.09000015258789,121201,0.0,0.0,0.0
2025-06-11 04:20:00+00:00,15.079999923706055,15.09000015258789,15.079999923706055,15.09000015258789,10340,0.0,0.0,0.0
2025-06-11 04:25:00+00:00,15.079999923706055,15.09000015258789,15.079999923706055,15.09000015258789,20318,0.0,0.0,0.0
2025-06-11 04:30:00+00:00,15.09000015258789,15.100000381469727,15.09000015258789,15.100000381469727,176924,0.0,0.0,0.0
2025-06-11 04:35:00+00:00,15.09000015258789,15.100000381469727,15.09000015258789,15.09000015258789,199060,0.0,0.0,0.0
2025-06-11 04:40:00+00:00,15.100000381469727,15.100000381469727,15.100000381469727,15.100000381469727,2000,0.0,0.0,0.0
2025-06-12 01:00:00+00:00,15.09000015258789,15.109999656677246,15.09000015258789,15.109999656677246,162000,0.0,0.0,0.0
2025-06-12 01:05:00+00:00,15.100000381469727,15.130000114440918,15.100000381469727,15.119999885559082,41000,0.0,0.0,0.0
2025-06-12 01:10:00+00:00,15.119999885559082,15.130000114440918,15.119999885559082,15.119999885559082,48595,0.0,0.0,0.0
2025-06-12 01:15:00+00:00,15.109999656677246,15.109999656677246,15.109999656677246,15.109999656677246,1000,0.0,0.0,0.0
2025-06-12 01:20:00+00:00,15.109999656677246,15.119999885559082,15.100000381469727,15.119999885559082,52790,0.0,0.0,0.0
2025-06-12 01:25:00+00:00,15.119999885559082,15.119999885559082,15.109999656677246,15.109999656677246,90000,0.0,0.0,0.0
2025-06-12 01:30:00+00:00,15.119999885559082,15.130000114440918,15.119999885559082,15.119999885559082,110500,0.0,0.0,0.0
2025-06-12 01:35:00+00:00,15.119999885559082,15.119999885559082,15.109999656677246,15.109999656677246,3000,0.0,0.0,0.0
2025-06-12 01:40:00+00:00,15.100000381469727,15.109999656677246,15.100000381469727,15.109999656677246,42655,0.0,0.0,0.0
2025-06-12 01:45:00+00:00,15.09000015258789,15.09000015258789,15.09000015258789,15.09000015258789,107477,0.0,0.0,0.0
2025-06-12 01:50:00+00:00,15.100000381469727,15.100000381469727,15.100000381469727,15.100000381469727,19000,0.0,0.0,0.0
2025-06-12 01:55:00+00:00,15.100000381469727,15.109999656677246,15.100000381469727,15.100000381469727,34829,0.0,0.0,0.0
2025-06-12 02:00:00+00:00,15.100000381469727,15.100000381469727,15.100000381469727,15.100000381469727,8172,0.0,0.0,0.0
2025-06-12 02:05:00+00:00,15.100000381469727,15.100000381469727,15.100000381469727,15.100000381469727,22000,0.0,0.0,0.0
2025-06-12 02:10:00+00:00,15.100000381469727,15.100000381469727,15.100000381469727,15.100000381469727,12200,0.0,0.0,0.0
2025-06-12 02:15:00+00:00,15.100000381469727,15.100000381469727,15.100000381469727,15.100000381469727,66009,0.0,0.0,0.0
2025-06-12 02:20:00+00:00,15.100000381469727,15.100000381469727,15.100000381469727,15.100000381469727,13280,0.0,0.0,0.0
2025-06-12 02:30:00+00:00,15.100000381469727,15.100000381469727,15.100000381469727,15.100000381469727,4000,0.0,0.0,0.0
2025-06-12 02:35:00+00:00,15.100000381469727,15.109999656677246,15.100000381469727,15.109999656677246,14000,0.0,0.0,0.0
2025-06-12 02:40:00+00:00,15.100000381469727,15.100000381469727,15.100000381469727,15.100000381469727,44386,0.0,0.0,0.0
2025-06-12 02:45:00+00:00,15.100000381469727,15.100000381469727,15.100000381469727,15.100000381469727,7010,0.0,0.0,0.0
2025-06-12 02:50:00+00:00,15.100000381469727,15.100000381469727,15.100000381469727,15.100000381469727,73089,0.0,0.0,0.0
2025-06-12 02:55:00+00:00,15.100000381469727,15.109999656677246,15.100000381469727,15.100000381469727,156330,0.0,0.0,0.0
2025-06-12 03:00:00+00:00,15.100000381469727,15.100000381469727,15.100000381469727,15.100000381469727,21310,0.0,0.0,0.0
2025-06-12 03:15:00+00:00,15.109999656677246,15.109999656677246,15.109999656677246,15.109999656677246,76034,0.0,0.0,0.0
2025-06-12 03:20:00+00:00,15.100000381469727,15.100000381469727,15.100000381469727,15.100000381469727,5000,0.0,0.0,0.0
2025-06-12 03:25:00+00:00,15.100000381469727,15.100000381469727,15.100000381469727,15.100000381469727,0,0.0,0.0,0.0
2025-06-12 03:35:00+00:00,15.100000381469727,15.109999656677246,15.100000381469727,15.109999656677246,1310021,0.0,0.0,0.0
2025-06-12 03:40:00+00:00,15.109999656677246,15.109999656677246,15.109999656677246,15.109999656677246,5000,0.0,0.0,0.0
2025-06-12 03:45:00+00:00,15.109999656677246,15.109999656677246,15.109999656677246,15.109999656677246,8007,0.0,0.0,0.0
2025-06-12 03:50:00+00:00,15.109999656677246,15.109999656677246,15.109999656677246,15.109999656677246,100000,0.0,0.0,0.0
2025-06-12 03:55:00+00:00,15.109999656677246,15.109999656677246,15.109999656677246,15.109999656677246,8009,0.0,0.0,0.0
2025-06-12 04:00:00+00:00,15.100000381469727,15.109999656677246,15.100000381469727,15.109999656677246,40000,0.0,0.0,0.0
2025-06-12 04:05:00+00:00,15.109999656677246,15.109999656677246,15.109999656677246,15.109999656677246,2150,0.0,0.0,0.0
2025-06-12 04:10:00+00:00,15.109999656677246,15.109999656677246,15.109999656677246,15.109999656677246,9150,0.0,0.0,0.0
2025-06-12 04:15:00+00:00,15.100000381469727,15.100000381469727,15.100000381469727,15.100000381469727,6150,0.0,0.0,0.0
2025-06-12 04:25:00+00:00,15.100000381469727,15.100000381469727,15.100000381469727,15.100000381469727,4049,0.0,0.0,0.0
2025-06-12 04:30:00+00:00,15.100000381469727,15.100000381469727,15.100000381469727,15.100000381469727,18000,0.0,0.0,0.0
2025-06-12 04:35:00+00:00,15.100000381469727,15.100000381469727,15.100000381469727,15.100000381469727,7013,0.0,0.0,0.0
2025-06-12 04:50:00+00:00,15.09000015258789,15.09000015258789,15.09000015258789,15.09000015258789,19625,0.0,0.0,0.0
2025-06-12 04:55:00+00:00,15.09000015258789,15.09000015258789,15.09000015258789,15.09000015258789,4000,0.0,0.0,0.0
2025-06-12 05:00:00+00:00,15.09000015258789,15.09000015258789,15.09000015258789,15.09000015258789,7000,0.0,0.0,0.0
2025-06-12 05:05:00+00:00,15.09000015258789,15.09000015258789,15.09000015258789,15.09000015258789,0,0.0,0.0,0.0
2025-06-12 05:15:00+00:00,15.09000015258789,15.09000015258789,15.079999923706055,15.09000015258789,1576410,0.0,0.0,0.0
2025-06-12 05:20:00+00:00,15.09000015258789,15.100000381469727,15.09000015258789,15.09000015258789,122000,0.0,0.0,0.0
2025-06-13 01:00:00+00:00,15.050000190734863,15.050000190734863,15.020000457763672,15.020000457763672,0,0.0,0.0,0.0
2025-06-13 01:05:00+00:00,15.010000228881836,15.029999732971191,14.989999771118164,15.020000457763672,120584,0.0,0.0,0.0
2025-06-13 01:10:00+00:00,15.020000457763672,15.020000457763672,15.0,15.0,205878,0.0,0.0,0.0
2025-06-13 01:15:00+00:00,14.989999771118164,14.989999771118164,14.989999771118164,14.989999771118164,39551,0.0,0.0,0.0
2025-06-13 01:20:00+00:00,15.0,15.010000228881836,15.0,15.0,155000,0.0,0.0,0.0
2025-06-13 01:25:00+00:00,15.0,15.010000228881836,15.0,15.010000228881836,101500,0.0,0.0,0.0
2025-06-13 01:30:00+00:00,15.010000228881836,15.039999961853027,15.010000228881836,15.039999961853027,50333,0.0,0.0,0.0
2025-06-13 01:35:00+00:00,15.039999961853027,15.079999923706055,15.039999961853027,15.079999923706055,134523,0.0,0.0,0.0
2025-06-13 01:40:00+00:00,15.079999923706055,15.079999923706055,15.069999694824219,15.069999694824219,7158,0.0,0.0,0.0
2025-06-13 01:45:00+00:00,15.069999694824219,15.09000015258789,15.069999694824219,15.09000015258789,228400,0.0,0.0,0.0
2025-06-13 01:50:00+00:00,15.079999923706055,15.09000015258789,15.079999923706055,15.09000015258789,67000,0.0,0.0,0.0
2025-06-13 01:55:00+00:00,15.100000381469727,15.109999656677246,15.100000381469727,15.109999656677246,84756,0.0,0.0,0.0
2025-06-13 02:00:00+00:00,15.119999885559082,15.119999885559082,15.119999885559082,15.119999885559082,3220,0.0,0.0,0.0
2025-06-13 02:05:00+00:00,15.109999656677246,15.109999656677246,15.109999656677246,15.109999656677246,33137,0.0,0.0,0.0
2025-06-13 02:10:00+00:00,15.109999656677246,15.119999885559082,15.109999656677246,15.119999885559082,154341,0.0,0.0,0.0
2025-06-13 02:15:00+00:00,15.119999885559082,15.130000114440918,15.119999885559082,15.130000114440918,72949,0.0,0.0,0.0
2025-06-13 02:20:00+00:00,15.130000114440918,15.149999618530273,15.130000114440918,15.130000114440918,163000,0.0,0.0,0.0
2025-06-13 02:25:00+00:00,15.119999885559082,15.119999885559082,15.109999656677246,15.119999885559082,401009,0.0,0.0,0.0
2025-06-13 02:30:00+00:00,15.130000114440918,15.130000114440918,15.100000381469727,15.100000381469727,203200,0.0,0.0,0.0
2025-06-13 02:40:00+00:00,15.079999923706055,15.079999923706055,15.0600004196167,15.0600004196167,104000,0.0,0.0,0.0
2025-06-13 02:45:00+00:00,15.050000190734863,15.079999923706055,15.050000190734863,15.079999923706055,166100,0.0,0.0,0.0
2025-06-13 02:50:00+00:00,15.079999923706055,15.09000015258789,15.079999923706055,15.09000015258789,102101,0.0,0.0,0.0
2025-06-13 02:55:00+00:00,15.079999923706055,15.100000381469727,15.079999923706055,15.100000381469727,76000,0.0,0.0,0.0
2025-06-13 03:00:00+00:00,15.109999656677246,15.109999656677246,15.09000015258789,15.09000015258789,18100,0.0,0.0,0.0
2025-06-13 03:05:00+00:00,15.09000015258789,15.09000015258789,15.079999923706055,15.09000015258789,17005,0.0,0.0,0.0
2025-06-13 03:10:00+00:00,15.09000015258789,15.100000381469727,15.09000015258789,15.100000381469727,18805,0.0,0.0,0.0
2025-06-13 03:15:00+00:00,15.109999656677246,15.109999656677246,15.109999656677246,15.109999656677246,19057,0.0,0.0,0.0
2025-06-13 03:20:00+00:00,15.109999656677246,15.109999656677246,15.109999656677246,15.109999656677246,28000,0.0,0.0,0.0
2025-06-13 03:25:00+00:00,15.119999885559082,15.119999885559082,15.119999885559082,15.119999885559082,27911,0.0,0.0,0.0
2025-06-13 03:35:00+00:00,15.109999656677246,15.109999656677246,15.109999656677246,15.109999656677246,8060,0.0,0.0,0.0
2025-06-13 03:40:00+00:00,15.100000381469727,15.109999656677246,15.100000381469727,15.100000381469727,59037,0.0,0.0,0.0
2025-06-13 03:45:00+00:00,15.09000015258789,15.109999656677246,15.09000015258789,15.100000381469727,18070,0.0,0.0,0.0
2025-06-13 03:50:00+00:00,15.100000381469727,15.109999656677246,15.100000381469727,15.109999656677246,18059,0.0,0.0,0.0
2025-06-13 03:55:00+00:00,15.109999656677246,15.109999656677246,15.109999656677246,15.109999656677246,7000,0.0,0.0,0.0
2025-06-13 04:05:00+00:00,15.109999656677246,15.119999885559082,15.100000381469727,15.100000381469727,8000,0.0,0.0,0.0
2025-06-13 04:10:00+00:00,15.100000381469727,15.109999656677246,15.100000381469727,15.109999656677246,24000,0.0,0.0,0.0
2025-06-13 04:20:00+00:00,15.100000381469727,15.100000381469727,15.100000381469727,15.100000381469727,56100,0.0,0.0,0.0
2025-06-13 04:30:00+00:00,15.100000381469727,15.100000381469727,15.100000381469727,15.100000381469727,114102,0.0,0.0,0.0
2025-06-13 04:35:00+00:00,15.100000381469727,15.100000381469727,15.100000381469727,15.100000381469727,214000,0.0,0.0,0.0
2025-06-13 04:40:00+00:00,15.100000381469727,15.100000381469727,15.100000381469727,15.100000381469727,34500,0.0,0.0,0.0
2025-06-13 04:45:00+00:00,15.100000381469727,15.100000381469727,15.100000381469727,15.100000381469727,6400,0.0,0.0,0.0
2025-06-13 04:50:00+00:00,15.100000381469727,15.100000381469727,15.100000381469727,15.100000381469727,3300,0.0,0.0,0.0
2025-06-13 04:55:00+00:00,15.100000381469727,15.100000381469727,15.100000381469727,15.100000381469727,3077,0.0,0.0,0.0
2025-06-13 05:00:00+00:00,15.09000015258789,15.09000015258789,15.09000015258789,15.09000015258789,3000,0.0,0.0,0.0
2025-06-13 05:05:00+00:00,15.079999923706055,15.079999923706055,15.079999923706055,15.079999923706055,2022,0.0,0.0,0.0
2025-06-13 05:10:00+00:00,15.079999923706055,15.079999923706055,15.079999923706055,15.079999923706055,101299,0.0,0.0,0.0
2025-06-13 05:15:00+00:00,15.069999694824219,15.069999694824219,15.069999694824219,15.069999694824219,1010,0.0,0.0,0.0
2025-06-13 05:20:00+00:00,15.0600004196167,15.0600004196167,15.0600004196167,15.0600004196167,26055,0.0,0.0,0.0
2025-06-16 01:00:00+00:00,15.020000457763672,15.050000190734863,15.020000457763672,15.029999732971191,0,0.0,0.0,0.0
2025-06-16 01:05:00+00:00,15.010000228881836,15.020000457763672,15.010000228881836,15.020000457763672,176900,0.0,0.0,0.0
2025-06-16 01:10:00+00:00,15.020000457763672,15.050000190734863,15.020000457763672,15.039999961853027,117674,0.0,0.0,0.0
2025-06-16 01:15:00+00:00,15.050000190734863,15.050000190734863,15.050000190734863,15.050000190734863,55068,0.0,0.0,0.0
2025-06-16 01:20:00+00:00,15.050000190734863,15.050000190734863,15.050000190734863,15.050000190734863,2042,0.0,0.0,0.0
2025-06-16 01:25:00+00:00,15.050000190734863,15.0600004196167,15.050000190734863,15.050000190734863,84359,0.0,0.0,0.0
2025-06-16 01:30:00+00:00,15.0600004196167,15.069999694824219,15.0600004196167,15.069999694824219,141288,0.0,0.0,0.0
2025-06-16 01:35:00+00:00,15.079999923706055,15.079999923706055,15.079999923706055,15.079999923706055,20000,0.0,0.0,0.0
2025-06-16 01:40:00+00:00,15.079999923706055,15.079999923706055,15.079999923706055,15.079999923706055,11000,0.0,0.0,0.0
2025-06-16 01:45:00+00:00,15.079999923706055,15.100000381469727,15.079999923706055,15.09000015258789,34246,0.0,0.0,0.0
2025-06-16 01:50:00+00:00,15.09000015258789,15.100000381469727,15.09000015258789,15.100000381469727,14272,0.0,0.0,0.0
2025-06-16 01:55:00+00:00,15.09000015258789,15.09000015258789,15.09000015258789,15.09000015258789,1439,0.0,0.0,0.0
2025-06-16 02:00:00+00:00,15.09000015258789,15.09000015258789,15.069999694824219,15.069999694824219,19100,0.0,0.0,0.0
2025-06-16 02:05:00+00:00,15.069999694824219,15.079999923706055,15.069999694824219,15.079999923706055,32009,0.0,0.0,0.0
2025-06-16 02:10:00+00:00,15.079999923706055,15.079999923706055,15.079999923706055,15.079999923706055,62000,0.0,0.0,0.0
2025-06-16 02:15:00+00:00,15.069999694824219,15.079999923706055,15.069999694824219,15.079999923706055,17309,0.0,0.0,0.0
2025-06-16 02:20:00+00:00,15.069999694824219,15.069999694824219,15.069999694824219,15.069999694824219,6255,0.0,0.0,0.0
2025-06-16 02:25:00+00:00,15.069999694824219,15.069999694824219,15.069999694824219,15.069999694824219,55554,0.0,0.0,0.0
2025-06-16 02:30:00+00:00,15.079999923706055,15.09000015258789,15.079999923706055,15.09000015258789,135100,0.0,0.0,0.0
2025-06-16 02:35:00+00:00,15.09000015258789,15.09000015258789,15.09000015258789,15.09000015258789,9554,0.0,0.0,0.0
2025-06-16 02:40:00+00:00,15.09000015258789,15.09000015258789,15.079999923706055,15.09000015258789,51100,0.0,0.0,0.0
2025-06-16 02:45:00+00:00,15.100000381469727,15.100000381469727,15.079999923706055,15.079999923706055,18515,0.0,0.0,0.0
2025-06-16 02:55:00+00:00,15.09000015258789,15.09000015258789,15.09000015258789,15.09000015258789,4119,0.0,0.0,0.0
2025-06-16 03:00:00+00:00,15.100000381469727,15.100000381469727,15.09000015258789,15.09000015258789,4480,0.0,0.0,0.0
2025-06-16 03:05:00+00:00,15.09000015258789,15.09000015258789,15.09000015258789,15.09000015258789,4235,0.0,0.0,0.0
2025-06-16 03:15:00+00:00,15.079999923706055,15.079999923706055,15.079999923706055,15.079999923706055,2010,0.0,0.0,0.0
2025-06-16 03:20:00+00:00,15.079999923706055,15.09000015258789,15.079999923706055,15.09000015258789,15109,0.0,0.0,0.0
2025-06-16 03:25:00+00:00,15.09000015258789,15.09000015258789,15.079999923706055,15.09000015258789,28030,0.0,0.0,0.0
2025-06-16 03:30:00+00:00,15.09000015258789,15.09000015258789,15.09000015258789,15.09000015258789,15078,0.0,0.0,0.0
2025-06-16 03:35:00+00:00,15.09000015258789,15.09000015258789,15.09000015258789,15.09000015258789,11000,0.0,0.0,0.0
2025-06-16 03:40:00+00:00,15.079999923706055,15.09000015258789,15.079999923706055,15.079999923706055,15009,0.0,0.0,0.0
2025-06-16 03:45:00+00:00,15.079999923706055,15.079999923706055,15.079999923706055,15.079999923706055,35100,0.0,0.0,0.0
2025-06-16 03:50:00+00:00,15.079999923706055,15.09000015258789,15.079999923706055,15.09000015258789,93019,0.0,0.0,0.0
2025-06-16 03:55:00+00:00,15.09000015258789,15.09000015258789,15.079999923706055,15.09000015258789,57080,0.0,0.0,0.0
2025-06-16 04:00:00+00:00,15.09000015258789,15.09000015258789,15.09000015258789,15.09000015258789,12109,0.0,0.0,0.0
2025-06-16 04:05:00+00:00,15.09000015258789,15.09000015258789,15.079999923706055,15.079999923706055,7250,0.0,0.0,0.0
2025-06-16 04:10:00+00:00,15.09000015258789,15.09000015258789,15.079999923706055,15.079999923706055,33873,0.0,0.0,0.0
2025-06-16 04:15:00+00:00,15.09000015258789,15.09000015258789,15.09000015258789,15.09000015258789,11000,0.0,0.0,0.0
2025-06-16 04:20:00+00:00,15.09000015258789,15.09000015258789,15.09000015258789,15.09000015258789,1009,0.0,0.0,0.0
2025-06-16 04:25:00+00:00,15.09000015258789,15.09000015258789,15.09000015258789,15.09000015258789,19246,0.0,0.0,0.0
2025-06-16 04:30:00+00:00,15.09000015258789,15.09000015258789,15.09000015258789,15.09000015258789,7109,0.0,0.0,0.0
2025-06-16 04:35:00+00:00,15.09000015258789,15.09000015258789,15.09000015258789,15.09000015258789,14100,0.0,0.0,0.0
2025-06-16 04:40:00+00:00,15.09000015258789,15.100000381469727,15.09000015258789,15.09000015258789,217309,0.0,0.0,0.0
2025-06-16 04:45:00+00:00,15.09000015258789,15.09000015258789,15.09000015258789,15.09000015258789,11172,0.0,0.0,0.0
2025-06-16 04:50:00+00:00,15.09000015258789,15.09000015258789,15.09000015258789,15.09000015258789,15752,0.0,0.0,0.0
2025-06-16 04:55:00+00:00,15.09000015258789,15.100000381469727,15.09000015258789,15.100000381469727,24182,0.0,0.0,0.0
2025-06-16 05:10:00+00:00,15.100000381469727,15.100000381469727,15.100000381469727,15.100000381469727,45000,0.0,0.0,0.0
2025-06-16 05:15:00+00:00,15.100000381469727,15.100000381469727,15.09000015258789,15.09000015258789,10147,0.0,0.0,0.0
2025-06-16 05:20:00+00:00,15.100000381469727,15.100000381469727,15.09000015258789,15.09000015258789,12686,0.0,0.0,0.0
2025-06-17 01:00:00+00:00,15.119999885559082,15.140000343322754,15.119999885559082,15.130000114440918,0,0.0,0.0,0.0
2025-06-17 01:05:00+00:00,15.130000114440918,15.140000343322754,15.130000114440918,15.130000114440918,27685,0.0,0.0,0.0
2025-06-17 01:10:00+00:00,15.140000343322754,15.140000343322754,15.140000343322754,15.140000343322754,54335,0.0,0.0,0.0
2025-06-17 01:15:00+00:00,15.130000114440918,15.130000114440918,15.130000114440918,15.130000114440918,10654,0.0,0.0,0.0
2025-06-17 01:20:00+00:00,15.119999885559082,15.130000114440918,15.119999885559082,15.119999885559082,121107,0.0,0.0,0.0
2025-06-17 01:25:00+00:00,15.119999885559082,15.119999885559082,15.119999885559082,15.119999885559082,2178,0.0,0.0,0.0
2025-06-17 01:30:00+00:00,15.119999885559082,15.119999885559082,15.119999885559082,15.119999885559082,115000,0.0,0.0,0.0
2025-06-17 01:35:00+00:00,15.119999885559082,15.119999885559082,15.119999885559082,15.119999885559082,36332,0.0,0.0,0.0
2025-06-17 01:40:00+00:00,15.119999885559082,15.119999885559082,15.119999885559082,15.119999885559082,5500,0.0,0.0,0.0
2025-06-17 01:45:00+00:00,15.119999885559082,15.119999885559082,15.119999885559082,15.119999885559082,30040,0.0,0.0,0.0
2025-06-17 01:50:00+00:00,15.119999885559082,15.119999885559082,15.119999885559082,15.119999885559082,17000,0.0,0.0,0.0
2025-06-17 01:55:00+00:00,15.109999656677246,15.109999656677246,15.109999656677246,15.109999656677246,2615,0.0,0.0,0.0
2025-06-17 02:00:00+00:00,15.109999656677246,15.109999656677246,15.100000381469727,15.100000381469727,12055,0.0,0.0,0.0
2025-06-17 02:05:00+00:00,15.100000381469727,15.100000381469727,15.09000015258789,15.09000015258789,3000,0.0,0.0,0.0
2025-06-17 02:10:00+00:00,15.09000015258789,15.100000381469727,15.09000015258789,15.100000381469727,25100,0.0,0.0,0.0
2025-06-17 02:15:00+00:00,15.079999923706055,15.09000015258789,15.079999923706055,15.09000015258789,12200,0.0,0.0,0.0
2025-06-17 02:25:00+00:00,15.079999923706055,15.079999923706055,15.069999694824219,15.069999694824219,36000,0.0,0.0,0.0
2025-06-17 02:30:00+00:00,15.069999694824219,15.069999694824219,15.069999694824219,15.069999694824219,12154,0.0,0.0,0.0
2025-06-17 02:35:00+00:00,15.069999694824219,15.069999694824219,15.069999694824219,15.069999694824219,9154,0.0,0.0,0.0
2025-06-17 02:40:00+00:00,15.069999694824219,15.09000015258789,15.069999694824219,15.09000015258789,25000,0.0,0.0,0.0
2025-06-17 02:45:00+00:00,15.079999923706055,15.079999923706055,15.079999923706055,15.079999923706055,3000,0.0,0.0,0.0
2025-06-17 02:50:00+00:00,15.079999923706055,15.09000015258789,15.079999923706055,15.09000015258789,48355,0.0,0.0,0.0
2025-06-17 02:55:00+00:00,15.09000015258789,15.09000015258789,15.09000015258789,15.09000015258789,13390,0.0,0.0,0.0
2025-06-17 03:00:00+00:00,15.100000381469727,15.100000381469727,15.09000015258789,15.09000015258789,26265,0.0,0.0,0.0
2025-06-17 03:05:00+00:00,15.100000381469727,15.100000381469727,15.100000381469727,15.100000381469727,30000,0.0,0.0,0.0
2025-06-17 03:10:00+00:00,15.100000381469727,15.100000381469727,15.100000381469727,15.100000381469727,98100,0.0,0.0,0.0
2025-06-17 03:15:00+00:00,15.100000381469727,15.100000381469727,15.100000381469727,15.100000381469727,9080,0.0,0.0,0.0
2025-06-17 03:20:00+00:00,15.100000381469727,15.100000381469727,15.100000381469727,15.100000381469727,17000,0.0,0.0,0.0
2025-06-17 03:25:00+00:00,15.100000381469727,15.100000381469727,15.100000381469727,15.100000381469727,16000,0.0,0.0,0.0
2025-06-17 03:30:00+00:00,15.100000381469727,15.100000381469727,15.100000381469727,15.100000381469727,64400,0.0,0.0,0.0
2025-06-17 03:35:00+00:00,15.100000381469727,15.100000381469727,15.100000381469727,15.100000381469727,27000,0.0,0.0,0.0
2025-06-17 03:40:00+00:00,15.109999656677246,15.109999656677246,15.109999656677246,15.109999656677246,34489,0.0,0.0,0.0
2025-06-17 03:45:00+00:00,15.109999656677246,15.109999656677246,15.109999656677246,15.109999656677246,200100,0.0,0.0,0.0
2025-06-17 03:50:00+00:00,15.109999656677246,15.109999656677246,15.109999656677246,15.109999656677246,5000,0.0,0.0,0.0
2025-06-17 03:55:00+00:00,15.109999656677246,15.109999656677246,15.100000381469727,15.100000381469727,42000,0.0,0.0,0.0
2025-06-17 04:00:00+00:00,15.100000381469727,15.100000381469727,15.100000381469727,15.100000381469727,10010,0.0,0.0,0.0
2025-06-17 04:05:00+00:00,15.100000381469727,15.109999656677246,15.100000381469727,15.109999656677246,6050,0.0,0.0,0.0
2025-06-17 04:10:00+00:00,15.100000381469727,15.100000381469727,15.100000381469727,15.100000381469727,20000,0.0,0.0,0.0
2025-06-17 04:15:00+00:00,15.100000381469727,15.100000381469727,15.09000015258789,15.09000015258789,71000,0.0,0.0,0.0
2025-06-17 04:20:00+00:00,15.100000381469727,15.100000381469727,15.09000015258789,15.100000381469727,10010,0.0,0.0,0.0
2025-06-17 04:25:00+00:00,15.109999656677246,15.119999885559082,15.109999656677246,15.119999885559082,53547,0.0,0.0,0.0
2025-06-17 04:30:00+00:00,15.119999885559082,15.130000114440918,15.119999885559082,15.130000114440918,300100,0.0,0.0,0.0
2025-06-17 04:35:00+00:00,15.130000114440918,15.130000114440918,15.130000114440918,15.130000114440918,20452,0.0,0.0,0.0
2025-06-17 04:40:00+00:00,15.130000114440918,15.140000343322754,15.130000114440918,15.140000343322754,203000,0.0,0.0,0.0
2025-06-17 04:45:00+00:00,15.140000343322754,15.140000343322754,15.140000343322754,15.140000343322754,58181,0.0,0.0,0.0
2025-06-17 04:50:00+00:00,15.140000343322754,15.140000343322754,15.140000343322754,15.140000343322754,39003,0.0,0.0,0.0
2025-06-17 04:55:00+00:00,15.130000114440918,15.130000114440918,15.119999885559082,15.119999885559082,103300,0.0,0.0,0.0
2025-06-17 05:00:00+00:00,15.109999656677246,15.109999656677246,15.109999656677246,15.109999656677246,1000,0.0,0.0,0.0
2025-06-17 05:05:00+00:00,15.100000381469727,15.100000381469727,15.09000015258789,15.09000015258789,14000,0.0,0.0,0.0
2025-06-17 05:10:00+00:00,15.09000015258789,15.100000381469727,15.09000015258789,15.100000381469727,24047,0.0,0.0,0.0
2025-06-17 05:15:00+00:00,15.100000381469727,15.100000381469727,15.100000381469727,15.100000381469727,1012,0.0,0.0,0.0
2025-06-17 05:20:00+00:00,15.100000381469727,15.100000381469727,15.100000381469727,15.100000381469727,6150,0.0,0.0,0.0
2025-06-18 01:00:00+00:00,15.079999923706055,15.079999923706055,15.079999923706055,15.079999923706055,11000,0.0,0.0,0.0
2025-06-18 01:05:00+00:00,15.039999961853027,15.039999961853027,15.020000457763672,15.020000457763672,182834,0.0,0.0,0.0
2025-06-18 01:10:00+00:00,15.0,15.010000228881836,15.0,15.010000228881836,21451,0.0,0.0,0.0
2025-06-18 01:15:00+00:00,15.010000228881836,15.010000228881836,15.0,15.010000228881836,80810,0.0,0.0,0.0
2025-06-18 01:20:00+00:00,15.0,15.020000457763672,15.0,15.020000457763672,13000,0.0,0.0,0.0
2025-06-18 01:25:00+00:00,15.020000457763672,15.020000457763672,15.010000228881836,15.010000228881836,11395,0.0,0.0,0.0
2025-06-18 01:30:00+00:00,15.010000228881836,15.020000457763672,15.010000228881836,15.020000457763672,12000,0.0,0.0,0.0
2025-06-18 01:35:00+00:00,15.029999732971191,15.039999961853027,15.029999732971191,15.039999961853027,16235,0.0,0.0,0.0
2025-06-18 01:45:00+00:00,15.039999961853027,15.039999961853027,15.039999961853027,15.039999961853027,100050,0.0,0.0,0.0
2025-06-18 01:50:00+00:00,15.039999961853027,15.050000190734863,15.039999961853027,15.050000190734863,277000,0.0,0.0,0.0
2025-06-18 01:55:00+00:00,15.050000190734863,15.0600004196167,15.050000190734863,15.0600004196167,11889,0.0,0.0,0.0
2025-06-18 02:10:00+00:00,15.050000190734863,15.0600004196167,15.050000190734863,15.050000190734863,42195,0.0,0.0,0.0
2025-06-18 02:15:00+00:00,15.050000190734863,15.069999694824219,15.050000190734863,15.069999694824219,6707,0.0,0.0,0.0
2025-06-18 02:20:00+00:00,15.050000190734863,15.069999694824219,15.050000190734863,15.069999694824219,23217,0.0,0.0,0.0
2025-06-18 02:25:00+00:00,15.079999923706055,15.079999923706055,15.0600004196167,15.0600004196167,3333,0.0,0.0,0.0
2025-06-18 02:35:00+00:00,15.079999923706055,15.09000015258789,15.079999923706055,15.09000015258789,53160,0.0,0.0,0.0
2025-06-18 02:40:00+00:00,15.079999923706055,15.079999923706055,15.079999923706055,15.079999923706055,1000,0.0,0.0,0.0
2025-06-18 02:45:00+00:00,15.079999923706055,15.09000015258789,15.079999923706055,15.09000015258789,5002,0.0,0.0,0.0
2025-06-18 02:50:00+00:00,15.100000381469727,15.100000381469727,15.09000015258789,15.09000015258789,60035,0.0,0.0,0.0
2025-06-18 02:55:00+00:00,15.09000015258789,15.09000015258789,15.09000015258789,15.09000015258789,30305,0.0,0.0,0.0
2025-06-18 03:00:00+00:00,15.09000015258789,15.09000015258789,15.09000015258789,15.09000015258789,3100,0.0,0.0,0.0
2025-06-18 03:05:00+00:00,15.079999923706055,15.079999923706055,15.069999694824219,15.069999694824219,5048,0.0,0.0,0.0
2025-06-18 03:10:00+00:00,15.069999694824219,15.069999694824219,15.069999694824219,15.069999694824219,1360,0.0,0.0,0.0
2025-06-18 03:15:00+00:00,15.0600004196167,15.0600004196167,15.0600004196167,15.0600004196167,1150,0.0,0.0,0.0
2025-06-18 03:20:00+00:00,15.069999694824219,15.069999694824219,15.069999694824219,15.069999694824219,12000,0.0,0.0,0.0
2025-06-18 03:25:00+00:00,15.069999694824219,15.079999923706055,15.069999694824219,15.079999923706055,13056,0.0,0.0,0.0
2025-06-18 03:30:00+00:00,15.069999694824219,15.069999694824219,15.069999694824219,15.069999694824219,3624,0.0,0.0,0.0
2025-06-18 03:40:00+00:00,15.069999694824219,15.069999694824219,15.069999694824219,15.069999694824219,2000,0.0,0.0,0.0
2025-06-18 03:45:00+00:00,15.069999694824219,15.069999694824219,15.069999694824219,15.069999694824219,5000,0.0,0.0,0.0
2025-06-18 03:50:00+00:00,15.069999694824219,15.069999694824219,15.069999694824219,15.069999694824219,1890,0.0,0.0,0.0
2025-06-18 03:55:00+00:00,15.069999694824219,15.069999694824219,15.069999694824219,15.069999694824219,1100,0.0,0.0,0.0
2025-06-18 04:00:00+00:00,15.069999694824219,15.069999694824219,15.069999694824219,15.069999694824219,4000,0.0,0.0,0.0
2025-06-18 04:05:00+00:00,15.0600004196167,15.0600004196167,15.0600004196167,15.0600004196167,1000,0.0,0.0,0.0
2025-06-18 04:10:00+00:00,15.0600004196167,15.0600004196167,15.0600004196167,15.0600004196167,218781,0.0,0.0,0.0
2025-06-18 04:15:00+00:00,15.050000190734863,15.050000190734863,15.050000190734863,15.050000190734863,5069,0.0,0.0,0.0
2025-06-18 04:20:00+00:00,15.050000190734863,15.050000190734863,15.050000190734863,15.050000190734863,5525,0.0,0.0,0.0
2025-06-18 04:30:00+00:00,15.039999961853027,15.039999961853027,15.029999732971191,15.029999732971191,5643,0.0,0.0,0.0
2025-06-18 04:35:00+00:00,15.020000457763672,15.020000457763672,15.020000457763672,15.020000457763672,193500,0.0,0.0,0.0
2025-06-18 04:40:00+00:00,15.020000457763672,15.029999732971191,15.020000457763672,15.029999732971191,19240,0.0,0.0,0.0
2025-06-18 04:55:00+00:00,15.039999961853027,15.039999961853027,15.039999961853027,15.039999961853027,13002,0.0,0.0,0.0
2025-06-18 05:00:00+00:00,15.039999961853027,15.050000190734863,15.039999961853027,15.050000190734863,17034,0.0,0.0,0.0
2025-06-18 05:10:00+00:00,15.050000190734863,15.0600004196167,15.050000190734863,15.050000190734863,41122,0.0,0.0,0.0
2025-06-18 05:15:00+00:00,15.039999961853027,15.050000190734863,15.039999961853027,15.039999961853027,31426,0.0,0.0,0.0
2025-06-18 05:20:00+00:00,15.039999961853027,15.050000190734863,15.039999961853027,15.050000190734863,22235,0.0,0.0,0.0
2025-06-19 01:00:00+00:00,15.029999732971191,15.029999732971191,15.010000228881836,15.010000228881836,0,0.0,0.0,0.0
2025-06-19 01:05:00+00:00,15.0,15.0,15.0,15.0,14478,0.0,0.0,0.0
2025-06-19 01:10:00+00:00,15.0,15.0,15.0,15.0,4153,0.0,0.0,0.0
2025-06-19 01:20:00+00:00,14.989999771118164,14.989999771118164,14.989999771118164,14.989999771118164,354391,0.0,0.0,0.0
2025-06-19 01:25:00+00:00,14.989999771118164,14.989999771118164,14.989999771118164,14.989999771118164,140059,0.0,0.0,0.0
2025-06-19 01:30:00+00:00,14.989999771118164,15.0,14.989999771118164,15.0,37110,0.0,0.0,0.0
2025-06-19 01:35:00+00:00,14.989999771118164,14.989999771118164,14.970000267028809,14.970000267028809,674805,0.0,0.0,0.0
2025-06-19 01:40:00+00:00,14.970000267028809,14.979999542236328,14.970000267028809,14.979999542236328,158000,0.0,0.0,0.0
2025-06-19 01:45:00+00:00,14.979999542236328,14.979999542236328,14.960000038146973,14.960000038146973,12012,0.0,0.0,0.0
2025-06-19 01:50:00+00:00,14.960000038146973,14.960000038146973,14.960000038146973,14.960000038146973,16887,0.0,0.0,0.0
2025-06-19 02:00:00+00:00,14.979999542236328,14.979999542236328,14.979999542236328,14.979999542236328,5627,0.0,0.0,0.0
2025-06-19 02:05:00+00:00,14.979999542236328,14.979999542236328,14.979999542236328,14.979999542236328,1343,0.0,0.0,0.0
2025-06-19 02:15:00+00:00,14.979999542236328,14.979999542236328,14.979999542236328,14.979999542236328,2290,0.0,0.0,0.0
2025-06-19 02:20:00+00:00,14.960000038146973,14.970000267028809,14.949999809265137,14.949999809265137,16365,0.0,0.0,0.0
2025-06-19 02:25:00+00:00,14.960000038146973,14.960000038146973,14.9399995803833,14.9399995803833,429000,0.0,0.0,0.0
2025-06-19 02:30:00+00:00,14.970000267028809,14.970000267028809,14.970000267028809,14.970000267028809,2143,0.0,0.0,0.0
2025-06-19 02:35:00+00:00,14.9399995803833,14.9399995803833,14.9399995803833,14.9399995803833,101102,0.0,0.0,0.0
2025-06-19 02:45:00+00:00,14.9399995803833,14.960000038146973,14.9399995803833,14.960000038146973,3590,0.0,0.0,0.0
2025-06-19 02:50:00+00:00,14.949999809265137,14.949999809265137,14.949999809265137,14.949999809265137,7000,0.0,0.0,0.0
2025-06-19 02:55:00+00:00,14.9399995803833,14.9399995803833,14.930000305175781,14.930000305175781,355311,0.0,0.0,0.0
2025-06-19 03:05:00+00:00,14.930000305175781,14.930000305175781,14.930000305175781,14.930000305175781,1050,0.0,0.0,0.0
2025-06-19 03:15:00+00:00,14.930000305175781,14.930000305175781,14.930000305175781,14.930000305175781,10150,0.0,0.0,0.0
2025-06-19 03:20:00+00:00,14.930000305175781,14.930000305175781,14.930000305175781,14.930000305175781,31128,0.0,0.0,0.0
2025-06-19 03:40:00+00:00,14.949999809265137,14.949999809265137,14.949999809265137,14.949999809265137,1000,0.0,0.0,0.0
2025-06-19 03:45:00+00:00,14.9399995803833,14.9399995803833,14.930000305175781,14.930000305175781,26000,0.0,0.0,0.0
2025-06-19 03:50:00+00:00,14.930000305175781,14.930000305175781,14.930000305175781,14.930000305175781,1872,0.0,0.0,0.0
2025-06-19 04:00:00+00:00,14.9399995803833,14.9399995803833,14.9399995803833,14.9399995803833,4000,0.0,0.0,0.0
2025-06-19 04:05:00+00:00,14.9399995803833,14.9399995803833,14.9399995803833,14.9399995803833,1510,0.0,0.0,0.0
2025-06-19 04:15:00+00:00,14.9399995803833,14.9399995803833,14.9399995803833,14.9399995803833,6110,0.0,0.0,0.0
2025-06-19 04:20:00+00:00,14.9399995803833,14.9399995803833,14.9399995803833,14.9399995803833,5000,0.0,0.0,0.0
2025-06-19 04:25:00+00:00,14.9399995803833,14.9399995803833,14.930000305175781,14.930000305175781,6325,0.0,0.0,0.0
2025-06-19 04:30:00+00:00,14.930000305175781,14.930000305175781,14.920000076293945,14.920000076293945,31578,0.0,0.0,0.0
2025-06-19 04:35:00+00:00,14.920000076293945,14.920000076293945,14.920000076293945,14.920000076293945,4252,0.0,0.0,0.0
2025-06-19 04:45:00+00:00,14.930000305175781,14.930000305175781,14.930000305175781,14.930000305175781,4944,0.0,0.0,0.0
2025-06-19 05:00:00+00:00,14.920000076293945,14.920000076293945,14.899999618530273,14.899999618530273,38747,0.0,0.0,0.0
2025-06-19 05:05:00+00:00,14.899999618530273,14.899999618530273,14.899999618530273,14.899999618530273,34033,0.0,0.0,0.0
2025-06-19 05:15:00+00:00,14.920000076293945,14.920000076293945,14.920000076293945,14.920000076293945,1225,0.0,0.0,0.0
2025-06-19 05:20:00+00:00,14.90999984741211,14.90999984741211,14.90999984741211,14.90999984741211,9021,0.0,0.0,0.0
2025-06-20 01:00:00+00:00,14.899999618530273,14.899999618530273,14.899999618530273,14.899999618530273,0,0.0,0.0,0.0
2025-06-20 01:05:00+00:00,14.899999618530273,14.90999984741211,14.880000114440918,14.899999618530273,217000,0.0,0.0,0.0
2025-06-20 01:10:00+00:00,14.880000114440918,14.880000114440918,14.880000114440918,14.880000114440918,2177,0.0,0.0,0.0
2025-06-20 01:15:00+00:00,14.869999885559082,14.869999885559082,14.869999885559082,14.869999885559082,1000,0.0,0.0,0.0
2025-06-20 01:20:00+00:00,14.859999656677246,14.859999656677246,14.84000015258789,14.84000015258789,19986,0.0,0.0,0.0
2025-06-20 01:25:00+00:00,14.829999923706055,14.84000015258789,14.8100004196167,14.8100004196167,11320,0.0,0.0,0.0
2025-06-20 01:30:00+00:00,14.8100004196167,14.819999694824219,14.800000190734863,14.800000190734863,24290,0.0,0.0,0.0
2025-06-20 01:35:00+00:00,14.800000190734863,14.800000190734863,14.779999732971191,14.779999732971191,49318,0.0,0.0,0.0
2025-06-20 01:40:00+00:00,14.770000457763672,14.779999732971191,14.760000228881836,14.760000228881836,38852,0.0,0.0,0.0
2025-06-20 01:45:00+00:00,14.75,14.760000228881836,14.75,14.75,46240,0.0,0.0,0.0
2025-06-20 01:50:00+00:00,14.75,14.760000228881836,14.75,14.75,10354,0.0,0.0,0.0
2025-06-20 01:55:00+00:00,14.75,14.75,14.75,14.75,3150,0.0,0.0,0.0
2025-06-20 02:00:00+00:00,14.75,14.75,14.75,14.75,39000,0.0,0.0,0.0
2025-06-20 02:05:00+00:00,14.760000228881836,14.760000228881836,14.75,14.75,41862,0.0,0.0,0.0
2025-06-20 02:10:00+00:00,14.75,14.75,14.75,14.75,4000,0.0,0.0,0.0
2025-06-20 02:15:00+00:00,14.760000228881836,14.760000228881836,14.760000228881836,14.760000228881836,3000,0.0,0.0,0.0
2025-06-20 02:20:00+00:00,14.760000228881836,14.760000228881836,14.760000228881836,14.760000228881836,2000,0.0,0.0,0.0
2025-06-20 02:25:00+00:00,14.760000228881836,14.760000228881836,14.760000228881836,14.760000228881836,4030,0.0,0.0,0.0
2025-06-20 02:30:00+00:00,14.760000228881836,14.760000228881836,14.75,14.760000228881836,15000,0.0,0.0,0.0
2025-06-20 02:40:00+00:00,14.770000457763672,14.770000457763672,14.770000457763672,14.770000457763672,1000,0.0,0.0,0.0
2025-06-20 02:45:00+00:00,14.770000457763672,14.770000457763672,14.760000228881836,14.770000457763672,12871,0.0,0.0,0.0
2025-06-20 02:55:00+00:00,14.75,14.75,14.75,14.75,173436,0.0,0.0,0.0
2025-06-20 03:00:00+00:00,14.75,14.75,14.75,14.75,2330,0.0,0.0,0.0
2025-06-20 03:10:00+00:00,14.75,14.75,14.739999771118164,14.739999771118164,8546,0.0,0.0,0.0
2025-06-20 03:20:00+00:00,14.739999771118164,14.75,14.739999771118164,14.739999771118164,15775,0.0,0.0,0.0
2025-06-20 03:25:00+00:00,14.75,14.75,14.75,14.75,1000,0.0,0.0,0.0
2025-06-20 03:30:00+00:00,14.760000228881836,14.760000228881836,14.75,14.75,107150,0.0,0.0,0.0
2025-06-20 03:35:00+00:00,14.760000228881836,14.770000457763672,14.760000228881836,14.770000457763672,65550,0.0,0.0,0.0
2025-06-20 03:45:00+00:00,14.770000457763672,14.770000457763672,14.770000457763672,14.770000457763672,2000,0.0,0.0,0.0
2025-06-20 03:50:00+00:00,14.779999732971191,14.779999732971191,14.779999732971191,14.779999732971191,5000,0.0,0.0,0.0
2025-06-20 03:55:00+00:00,14.770000457763672,14.770000457763672,14.770000457763672,14.770000457763672,1010,0.0,0.0,0.0
2025-06-20 04:20:00+00:00,14.770000457763672,14.770000457763672,14.770000457763672,14.770000457763672,6297,0.0,0.0,0.0
2025-06-20 04:30:00+00:00,14.770000457763672,14.770000457763672,14.770000457763672,14.770000457763672,1000,0.0,0.0,0.0
2025-06-20 04:35:00+00:00,14.760000228881836,14.760000228881836,14.760000228881836,14.760000228881836,5000,0.0,0.0,0.0
2025-06-20 04:45:00+00:00,14.760000228881836,14.760000228881836,14.760000228881836,14.760000228881836,3360,0.0,0.0,0.0
2025-06-20 04:50:00+00:00,14.760000228881836,14.770000457763672,14.760000228881836,14.770000457763672,11000,0.0,0.0,0.0
2025-06-20 04:55:00+00:00,14.770000457763672,14.770000457763672,14.770000457763672,14.770000457763672,3222,0.0,0.0,0.0
2025-06-20 05:00:00+00:00,14.760000228881836,14.760000228881836,14.760000228881836,14.760000228881836,1285,0.0,0.0,0.0
2025-06-20 05:05:00+00:00,14.75,14.75,14.75,14.75,10095,0.0,0.0,0.0
2025-06-20 05:10:00+00:00,14.75,14.779999732971191,14.75,14.779999732971191,9584,0.0,0.0,0.0
2025-06-20 05:15:00+00:00,14.760000228881836,14.760000228881836,14.760000228881836,14.760000228881836,3000,0.0,0.0,0.0
2025-06-20 05:20:00+00:00,14.760000228881836,14.760000228881836,14.760000228881836,14.760000228881836,3263,0.0,0.0,0.0
2025-06-23 01:00:00+00:00,14.5600004196167,14.5600004196167,14.510000228881836,14.510000228881836,0,0.0,0.0,0.0
2025-06-23 01:05:00+00:00,14.600000381469727,14.609999656677246,14.600000381469727,14.600000381469727,35192,0.0,0.0,0.0
2025-06-23 01:10:00+00:00,14.609999656677246,14.609999656677246,14.600000381469727,14.600000381469727,17000,0.0,0.0,0.0
2025-06-23 01:15:00+00:00,14.59000015258789,14.59000015258789,14.550000190734863,14.550000190734863,13359,0.0,0.0,0.0
2025-06-23 01:20:00+00:00,14.550000190734863,14.550000190734863,14.539999961853027,14.539999961853027,23219,0.0,0.0,0.0
2025-06-23 01:25:00+00:00,14.529999732971191,14.529999732971191,14.5,14.5,55445,0.0,0.0,0.0
2025-06-23 01:30:00+00:00,14.5,14.520000457763672,14.5,14.520000457763672,81093,0.0,0.0,0.0
2025-06-23 01:35:00+00:00,14.539999961853027,14.539999961853027,14.539999961853027,14.539999961853027,7000,0.0,0.0,0.0
2025-06-23 01:40:00+00:00,14.529999732971191,14.529999732971191,14.529999732971191,14.529999732971191,9318,0.0,0.0,0.0
2025-06-23 01:45:00+00:00,14.539999961853027,14.539999961853027,14.529999732971191,14.529999732971191,4573,0.0,0.0,0.0
2025-06-23 01:50:00+00:00,14.529999732971191,14.550000190734863,14.529999732971191,14.550000190734863,19000,0.0,0.0,0.0
2025-06-23 01:55:00+00:00,14.529999732971191,14.529999732971191,14.520000457763672,14.520000457763672,10411,0.0,0.0,0.0
2025-06-23 02:00:00+00:00,14.550000190734863,14.550000190734863,14.520000457763672,14.520000457763672,4316,0.0,0.0,0.0
2025-06-23 02:05:00+00:00,14.539999961853027,14.539999961853027,14.539999961853027,14.539999961853027,100000,0.0,0.0,0.0
2025-06-23 02:10:00+00:00,14.550000190734863,14.550000190734863,14.550000190734863,14.550000190734863,1000,0.0,0.0,0.0
2025-06-23 02:15:00+00:00,14.550000190734863,14.550000190734863,14.539999961853027,14.539999961853027,19235,0.0,0.0,0.0
2025-06-23 02:20:00+00:00,14.539999961853027,14.550000190734863,14.539999961853027,14.550000190734863,121050,0.0,0.0,0.0
2025-06-23 02:25:00+00:00,14.539999961853027,14.539999961853027,14.539999961853027,14.539999961853027,60067,0.0,0.0,0.0
2025-06-23 02:30:00+00:00,14.5600004196167,14.5600004196167,14.539999961853027,14.539999961853027,33000,0.0,0.0,0.0
2025-06-23 02:35:00+00:00,14.539999961853027,14.539999961853027,14.539999961853027,14.539999961853027,3091,0.0,0.0,0.0
2025-06-23 02:40:00+00:00,14.539999961853027,14.539999961853027,14.539999961853027,14.539999961853027,100300,0.0,0.0,0.0
2025-06-23 02:45:00+00:00,14.5600004196167,14.5600004196167,14.529999732971191,14.529999732971191,10767,0.0,0.0,0.0
2025-06-23 02:50:00+00:00,14.539999961853027,14.539999961853027,14.539999961853027,14.539999961853027,2000,0.0,0.0,0.0
2025-06-23 02:55:00+00:00,14.539999961853027,14.550000190734863,14.539999961853027,14.550000190734863,6500,0.0,0.0,0.0
2025-06-23 03:00:00+00:00,14.550000190734863,14.5600004196167,14.539999961853027,14.539999961853027,7224,0.0,0.0,0.0
2025-06-23 03:10:00+00:00,14.539999961853027,14.539999961853027,14.539999961853027,14.539999961853027,1000,0.0,0.0,0.0
2025-06-23 03:15:00+00:00,14.550000190734863,14.569999694824219,14.539999961853027,14.539999961853027,4000,0.0,0.0,0.0
2025-06-23 03:25:00+00:00,14.579999923706055,14.579999923706055,14.5600004196167,14.5600004196167,32000,0.0,0.0,0.0
2025-06-23 03:30:00+00:00,14.579999923706055,14.579999923706055,14.579999923706055,14.579999923706055,1000,0.0,0.0,0.0
2025-06-23 03:40:00+00:00,14.579999923706055,14.579999923706055,14.579999923706055,14.579999923706055,7095,0.0,0.0,0.0
2025-06-23 03:45:00+00:00,14.59000015258789,14.59000015258789,14.569999694824219,14.569999694824219,5008,0.0,0.0,0.0
2025-06-23 03:50:00+00:00,14.569999694824219,14.569999694824219,14.569999694824219,14.569999694824219,1590,0.0,0.0,0.0
2025-06-23 04:00:00+00:00,14.569999694824219,14.569999694824219,14.569999694824219,14.569999694824219,2018,0.0,0.0,0.0
2025-06-23 04:10:00+00:00,14.569999694824219,14.569999694824219,14.569999694824219,14.569999694824219,1000,0.0,0.0,0.0
2025-06-23 04:15:00+00:00,14.579999923706055,14.579999923706055,14.579999923706055,14.579999923706055,84198,0.0,0.0,0.0
2025-06-23 04:20:00+00:00,14.579999923706055,14.579999923706055,14.579999923706055,14.579999923706055,10343,0.0,0.0,0.0
2025-06-23 04:25:00+00:00,14.579999923706055,14.59000015258789,14.579999923706055,14.59000015258789,3250,0.0,0.0,0.0
2025-06-23 04:30:00+00:00,14.59000015258789,14.59000015258789,14.59000015258789,14.59000015258789,6145,0.0,0.0,0.0
2025-06-23 04:35:00+00:00,14.59000015258789,14.59000015258789,14.579999923706055,14.579999923706055,7210,0.0,0.0,0.0
2025-06-23 04:40:00+00:00,14.569999694824219,14.569999694824219,14.569999694824219,14.569999694824219,3500,0.0,0.0,0.0
2025-06-23 04:45:00+00:00,14.569999694824219,14.59000015258789,14.569999694824219,14.59000015258789,6100,0.0,0.0,0.0
2025-06-23 04:50:00+00:00,14.579999923706055,14.579999923706055,14.579999923706055,14.579999923706055,25208,0.0,0.0,0.0
2025-06-23 04:55:00+00:00,14.579999923706055,14.579999923706055,14.579999923706055,14.579999923706055,2100,0.0,0.0,0.0
2025-06-23 05:00:00+00:00,14.600000381469727,14.600000381469727,14.600000381469727,14.600000381469727,7104,0.0,0.0,0.0
2025-06-23 05:05:00+00:00,14.600000381469727,14.600000381469727,14.600000381469727,14.600000381469727,2141,0.0,0.0,0.0
2025-06-23 05:10:00+00:00,14.59000015258789,14.59000015258789,14.59000015258789,14.59000015258789,1500,0.0,0.0,0.0
2025-06-23 05:15:00+00:00,14.59000015258789,14.609999656677246,14.59000015258789,14.600000381469727,36000,0.0,0.0,0.0
2025-06-23 05:20:00+00:00,14.600000381469727,14.600000381469727,14.600000381469727,14.600000381469727,1309,0.0,0.0,0.0
2025-06-24 01:00:00+00:00,14.770000457763672,14.770000457763672,14.770000457763672,14.770000457763672,0,0.011,0.0,0.0
2025-06-24 01:05:00+00:00,14.770000457763672,14.800000190734863,14.760000228881836,14.800000190734863,23097,0.0,0.0,0.0
2025-06-24 01:15:00+00:00,14.800000190734863,14.819999694824219,14.800000190734863,14.819999694824219,64700,0.0,0.0,0.0
2025-06-24 01:20:00+00:00,14.819999694824219,14.819999694824219,14.819999694824219,14.819999694824219,6047,0.0,0.0,0.0
2025-06-24 01:25:00+00:00,14.789999961853027,14.789999961853027,14.789999961853027,14.789999961853027,1100,0.0,0.0,0.0
2025-06-24 01:30:00+00:00,14.789999961853027,14.789999961853027,14.789999961853027,14.789999961853027,2002,0.0,0.0,0.0
2025-06-24 01:35:00+00:00,14.770000457763672,14.779999732971191,14.770000457763672,14.779999732971191,11020,0.0,0.0,0.0
2025-06-24 01:40:00+00:00,14.779999732971191,14.789999961853027,14.779999732971191,14.789999961853027,15027,0.0,0.0,0.0
2025-06-24 01:50:00+00:00,14.789999961853027,14.789999961853027,14.789999961853027,14.789999961853027,1000,0.0,0.0,0.0
2025-06-24 01:55:00+00:00,14.789999961853027,14.789999961853027,14.789999961853027,14.789999961853027,4310,0.0,0.0,0.0
2025-06-24 02:00:00+00:00,14.779999732971191,14.779999732971191,14.779999732971191,14.779999732971191,16000,0.0,0.0,0.0
2025-06-24 02:05:00+00:00,14.779999732971191,14.779999732971191,14.760000228881836,14.760000228881836,103397,0.0,0.0,0.0
2025-06-24 02:15:00+00:00,14.770000457763672,14.770000457763672,14.770000457763672,14.770000457763672,2545,0.0,0.0,0.0
2025-06-24 02:30:00+00:00,14.770000457763672,14.779999732971191,14.770000457763672,14.779999732971191,62261,0.0,0.0,0.0
2025-06-24 02:40:00+00:00,14.770000457763672,14.770000457763672,14.760000228881836,14.760000228881836,23500,0.0,0.0,0.0
2025-06-24 02:45:00+00:00,14.760000228881836,14.760000228881836,14.760000228881836,14.760000228881836,15216,0.0,0.0,0.0
2025-06-24 02:50:00+00:00,14.75,14.75,14.75,14.75,5000,0.0,0.0,0.0
2025-06-24 02:55:00+00:00,14.75,14.75,14.75,14.75,20165,0.0,0.0,0.0
2025-06-24 03:00:00+00:00,14.75,14.760000228881836,14.75,14.760000228881836,66135,0.0,0.0,0.0
2025-06-24 03:10:00+00:00,14.770000457763672,14.770000457763672,14.770000457763672,14.770000457763672,12358,0.0,0.0,0.0
2025-06-24 03:20:00+00:00,14.770000457763672,14.779999732971191,14.770000457763672,14.779999732971191,106096,0.0,0.0,0.0
2025-06-24 03:25:00+00:00,14.779999732971191,14.779999732971191,14.779999732971191,14.779999732971191,8500,0.0,0.0,0.0
2025-06-24 03:30:00+00:00,14.779999732971191,14.800000190734863,14.779999732971191,14.800000190734863,80598,0.0,0.0,0.0
2025-06-24 03:35:00+00:00,14.8100004196167,14.8100004196167,14.8100004196167,14.8100004196167,2015,0.0,0.0,0.0
2025-06-24 03:40:00+00:00,14.779999732971191,14.779999732971191,14.779999732971191,14.779999732971191,10000,0.0,0.0,0.0
2025-06-24 03:45:00+00:00,14.779999732971191,14.779999732971191,14.779999732971191,14.779999732971191,1000,0.0,0.0,0.0
2025-06-24 03:50:00+00:00,14.779999732971191,14.779999732971191,14.770000457763672,14.770000457763672,4967,0.0,0.0,0.0
2025-06-24 04:00:00+00:00,14.779999732971191,14.779999732971191,14.779999732971191,14.779999732971191,10000,0.0,0.0,0.0
2025-06-24 04:05:00+00:00,14.770000457763672,14.770000457763672,14.760000228881836,14.760000228881836,4000,0.0,0.0,0.0
2025-06-24 04:10:00+00:00,14.760000228881836,14.760000228881836,14.760000228881836,14.760000228881836,4100,0.0,0.0,0.0
2025-06-24 04:15:00+00:00,14.760000228881836,14.760000228881836,14.760000228881836,14.760000228881836,100085,0.0,0.0,0.0
2025-06-24 04:20:00+00:00,14.760000228881836,14.760000228881836,14.760000228881836,14.760000228881836,5000,0.0,0.0,0.0
2025-06-24 04:25:00+00:00,14.75,14.760000228881836,14.75,14.760000228881836,21065,0.0,0.0,0.0
2025-06-24 04:35:00+00:00,14.770000457763672,14.770000457763672,14.760000228881836,14.760000228881836,60000,0.0,0.0,0.0
2025-06-24 04:40:00+00:00,14.770000457763672,14.779999732971191,14.770000457763672,14.779999732971191,20507,0.0,0.0,0.0
2025-06-24 04:45:00+00:00,14.779999732971191,14.779999732971191,14.779999732971191,14.779999732971191,1988,0.0,0.0,0.0
2025-06-24 04:50:00+00:00,14.779999732971191,14.789999961853027,14.770000457763672,14.789999961853027,31050,0.0,0.0,0.0
2025-06-24 04:55:00+00:00,14.779999732971191,14.779999732971191,14.779999732971191,14.779999732971191,5733,0.0,0.0,0.0
2025-06-24 05:00:00+00:00,14.789999961853027,14.789999961853027,14.789999961853027,14.789999961853027,9177,0.0,0.0,0.0
2025-06-24 05:10:00+00:00,14.779999732971191,14.779999732971191,14.779999732971191,14.779999732971191,1046,0.0,0.0,0.0
2025-06-24 05:15:00+00:00,14.779999732971191,14.779999732971191,14.779999732971191,14.779999732971191,7094,0.0,0.0,0.0
2025-06-24 05:20:00+00:00,14.789999961853027,14.789999961853027,14.779999732971191,14.779999732971191,6000,0.0,0.0,0.0
2025-06-25 01:00:00+00:00,14.800000190734863,14.84000015258789,14.800000190734863,14.819999694824219,718000,0.0,0.0,0.0
2025-06-25 01:05:00+00:00,14.819999694824219,14.819999694824219,14.8100004196167,14.8100004196167,135000,0.0,0.0,0.0
2025-06-25 01:10:00+00:00,14.789999961853027,14.789999961853027,14.789999961853027,14.789999961853027,64665,0.0,0.0,0.0
2025-06-25 01:15:00+00:00,14.789999961853027,14.789999961853027,14.789999961853027,14.789999961853027,53574,0.0,0.0,0.0
2025-06-25 01:25:00+00:00,14.779999732971191,14.779999732971191,14.770000457763672,14.770000457763672,106950,0.0,0.0,0.0
2025-06-25 01:30:00+00:00,14.770000457763672,14.770000457763672,14.770000457763672,14.770000457763672,21533,0.0,0.0,0.0
2025-06-25 01:35:00+00:00,14.789999961853027,14.819999694824219,14.789999961853027,14.819999694824219,79340,0.0,0.0,0.0
2025-06-25 01:40:00+00:00,14.8100004196167,14.8100004196167,14.8100004196167,14.8100004196167,1000,0.0,0.0,0.0
2025-06-25 01:45:00+00:00,14.800000190734863,14.800000190734863,14.800000190734863,14.800000190734863,3305,0.0,0.0,0.0
2025-06-25 01:50:00+00:00,14.800000190734863,14.800000190734863,14.800000190734863,14.800000190734863,1010,0.0,0.0,0.0
2025-06-25 02:00:00+00:00,14.800000190734863,14.800000190734863,14.789999961853027,14.789999961853027,2000,0.0,0.0,0.0
2025-06-25 02:05:00+00:00,14.789999961853027,14.789999961853027,14.789999961853027,14.789999961853027,8000,0.0,0.0,0.0
2025-06-25 02:10:00+00:00,14.800000190734863,14.800000190734863,14.800000190734863,14.800000190734863,3250,0.0,0.0,0.0
2025-06-25 02:15:00+00:00,14.800000190734863,14.800000190734863,14.800000190734863,14.800000190734863,39150,0.0,0.0,0.0
2025-06-25 02:20:00+00:00,14.789999961853027,14.789999961853027,14.789999961853027,14.789999961853027,2468,0.0,0.0,0.0
2025-06-25 02:25:00+00:00,14.779999732971191,14.779999732971191,14.779999732971191,14.779999732971191,30000,0.0,0.0,0.0
2025-06-25 02:30:00+00:00,14.779999732971191,14.779999732971191,14.770000457763672,14.770000457763672,24000,0.0,0.0,0.0
2025-06-25 02:35:00+00:00,14.779999732971191,14.779999732971191,14.779999732971191,14.779999732971191,11000,0.0,0.0,0.0
2025-06-25 02:40:00+00:00,14.789999961853027,14.789999961853027,14.779999732971191,14.779999732971191,7005,0.0,0.0,0.0
2025-06-25 02:45:00+00:00,14.779999732971191,14.789999961853027,14.779999732971191,14.779999732971191,29102,0.0,0.0,0.0
2025-06-25 02:55:00+00:00,14.779999732971191,14.779999732971191,14.779999732971191,14.779999732971191,5139,0.0,0.0,0.0
2025-06-25 03:00:00+00:00,14.789999961853027,14.789999961853027,14.789999961853027,14.789999961853027,5000,0.0,0.0,0.0
2025-06-25 03:05:00+00:00,14.800000190734863,14.800000190734863,14.800000190734863,14.800000190734863,11049,0.0,0.0,0.0
2025-06-25 03:10:00+00:00,14.800000190734863,14.800000190734863,14.800000190734863,14.800000190734863,21094,0.0,0.0,0.0
2025-06-25 03:15:00+00:00,14.800000190734863,14.800000190734863,14.800000190734863,14.800000190734863,8200,0.0,0.0,0.0
2025-06-25 03:20:00+00:00,14.800000190734863,14.8100004196167,14.800000190734863,14.8100004196167,62500,0.0,0.0,0.0
2025-06-25 03:30:00+00:00,14.8100004196167,14.8100004196167,14.8100004196167,14.8100004196167,2060,0.0,0.0,0.0
2025-06-25 03:35:00+00:00,14.8100004196167,14.8100004196167,14.8100004196167,14.8100004196167,15844,0.0,0.0,0.0
2025-06-25 03:40:00+00:00,14.8100004196167,14.819999694824219,14.8100004196167,14.819999694824219,85020,0.0,0.0,0.0
2025-06-25 03:45:00+00:00,14.8100004196167,14.8100004196167,14.8100004196167,14.8100004196167,100000,0.0,0.0,0.0
2025-06-25 03:55:00+00:00,14.8100004196167,14.8100004196167,14.8100004196167,14.8100004196167,3000,0.0,0.0,0.0
2025-06-25 04:00:00+00:00,14.8100004196167,14.8100004196167,14.8100004196167,14.8100004196167,107000,0.0,0.0,0.0
2025-06-25 04:15:00+00:00,14.8100004196167,14.8100004196167,14.8100004196167,14.8100004196167,37200,0.0,0.0,0.0
2025-06-25 04:20:00+00:00,14.8100004196167,14.8100004196167,14.8100004196167,14.8100004196167,5100,0.0,0.0,0.0
2025-06-25 04:35:00+00:00,14.8100004196167,14.8100004196167,14.8100004196167,14.8100004196167,3000,0.0,0.0,0.0
2025-06-25 04:40:00+00:00,14.8100004196167,14.8100004196167,14.8100004196167,14.8100004196167,7806,0.0,0.0,0.0
2025-06-25 04:45:00+00:00,14.8100004196167,14.8100004196167,14.8100004196167,14.8100004196167,8660,0.0,0.0,0.0
2025-06-25 04:50:00+00:00,14.8100004196167,14.8100004196167,14.800000190734863,14.8100004196167,5000,0.0,0.0,0.0
2025-06-25 04:55:00+00:00,14.819999694824219,14.819999694824219,14.819999694824219,14.819999694824219,50183,0.0,0.0,0.0
2025-06-25 05:00:00+00:00,14.819999694824219,14.829999923706055,14.819999694824219,14.819999694824219,103000,0.0,0.0,0.0
2025-06-25 05:05:00+00:00,14.819999694824219,14.819999694824219,14.819999694824219,14.819999694824219,4460,0.0,0.0,0.0
2025-06-25 05:15:00+00:00,14.829999923706055,14.829999923706055,14.8100004196167,14.8100004196167,0,0.0,0.0,0.0
2025-06-25 05:20:00+00:00,14.8100004196167,14.8100004196167,14.8100004196167,14.8100004196167,2203480,0.0,0.0,0.0
2025-06-26 01:00:00+00:00,14.8100004196167,14.8100004196167,14.8100004196167,14.8100004196167,0,0.0,0.0,0.0
2025-06-26 01:05:00+00:00,14.8100004196167,14.819999694824219,14.8100004196167,14.819999694824219,25917,0.0,0.0,0.0
2025-06-26 01:10:00+00:00,14.819999694824219,14.829999923706055,14.819999694824219,14.829999923706055,31162,0.0,0.0,0.0
2025-06-26 01:15:00+00:00,14.84000015258789,14.84000015258789,14.829999923706055,14.829999923706055,21000,0.0,0.0,0.0
2025-06-26 01:20:00+00:00,14.829999923706055,14.829999923706055,14.829999923706055,14.829999923706055,6020,0.0,0.0,0.0
2025-06-26 01:25:00+00:00,14.84000015258789,14.84000015258789,14.84000015258789,14.84000015258789,53149,0.0,0.0,0.0
2025-06-26 01:30:00+00:00,14.850000381469727,14.850000381469727,14.850000381469727,14.850000381469727,2344,0.0,0.0,0.0
2025-06-26 01:35:00+00:00,14.84000015258789,14.850000381469727,14.84000015258789,14.850000381469727,53000,0.0,0.0,0.0
2025-06-26 01:45:00+00:00,14.850000381469727,14.850000381469727,14.829999923706055,14.84000015258789,26254,0.0,0.0,0.0
2025-06-26 01:55:00+00:00,14.84000015258789,14.84000015258789,14.84000015258789,14.84000015258789,11130,0.0,0.0,0.0
2025-06-26 02:00:00+00:00,14.850000381469727,14.850000381469727,14.84000015258789,14.850000381469727,56102,0.0,0.0,0.0
2025-06-26 02:05:00+00:00,14.859999656677246,14.899999618530273,14.859999656677246,14.899999618530273,106460,0.0,0.0,0.0
2025-06-26 02:10:00+00:00,14.90999984741211,14.930000305175781,14.90999984741211,14.930000305175781,33203,0.0,0.0,0.0
2025-06-26 02:15:00+00:00,14.949999809265137,14.949999809265137,14.930000305175781,14.930000305175781,9133,0.0,0.0,0.0
2025-06-26 02:20:00+00:00,14.90999984741211,14.90999984741211,14.90999984741211,14.90999984741211,58800,0.0,0.0,0.0
2025-06-26 02:25:00+00:00,14.90999984741211,14.90999984741211,14.90999984741211,14.90999984741211,2031,0.0,0.0,0.0
2025-06-26 02:30:00+00:00,14.920000076293945,14.920000076293945,14.920000076293945,14.920000076293945,2100,0.0,0.0,0.0
2025-06-26 02:35:00+00:00,14.899999618530273,14.899999618530273,14.899999618530273,14.899999618530273,108081,0.0,0.0,0.0
2025-06-26 02:45:00+00:00,14.90999984741211,14.90999984741211,14.90999984741211,14.90999984741211,2661,0.0,0.0,0.0
2025-06-26 02:55:00+00:00,14.899999618530273,14.899999618530273,14.899999618530273,14.899999618530273,205000,0.0,0.0,0.0
2025-06-26 03:00:00+00:00,14.890000343322754,14.920000076293945,14.890000343322754,14.90999984741211,625131,0.0,0.0,0.0
2025-06-26 03:15:00+00:00,14.90999984741211,14.90999984741211,14.880000114440918,14.880000114440918,17195,0.0,0.0,0.0
2025-06-26 03:20:00+00:00,14.880000114440918,14.880000114440918,14.880000114440918,14.880000114440918,2031,0.0,0.0,0.0
2025-06-26 03:30:00+00:00,14.880000114440918,14.880000114440918,14.880000114440918,14.880000114440918,10384,0.0,0.0,0.0
2025-06-26 03:40:00+00:00,14.880000114440918,14.880000114440918,14.880000114440918,14.880000114440918,14272,0.0,0.0,0.0
2025-06-26 03:55:00+00:00,14.869999885559082,14.869999885559082,14.869999885559082,14.869999885559082,100124,0.0,0.0,0.0
2025-06-26 04:05:00+00:00,14.859999656677246,14.869999885559082,14.859999656677246,14.869999885559082,60301,0.0,0.0,0.0
2025-06-26 04:20:00+00:00,14.869999885559082,14.880000114440918,14.869999885559082,14.880000114440918,34061,0.0,0.0,0.0
2025-06-26 04:25:00+00:00,14.869999885559082,14.869999885559082,14.869999885559082,14.869999885559082,12171,0.0,0.0,0.0
2025-06-26 04:35:00+00:00,14.869999885559082,14.880000114440918,14.869999885559082,14.869999885559082,48330,0.0,0.0,0.0
2025-06-26 04:40:00+00:00,14.850000381469727,14.850000381469727,14.850000381469727,14.850000381469727,2100,0.0,0.0,0.0
2025-06-26 04:45:00+00:00,14.850000381469727,14.850000381469727,14.850000381469727,14.850000381469727,1131,0.0,0.0,0.0
2025-06-26 04:50:00+00:00,14.850000381469727,14.850000381469727,14.850000381469727,14.850000381469727,4100,0.0,0.0,0.0
2025-06-26 04:55:00+00:00,14.859999656677246,14.859999656677246,14.850000381469727,14.850000381469727,25164,0.0,0.0,0.0
2025-06-26 05:05:00+00:00,14.84000015258789,14.84000015258789,14.84000015258789,14.84000015258789,207323,0.0,0.0,0.0
2025-06-26 05:15:00+00:00,14.829999923706055,14.829999923706055,14.819999694824219,14.819999694824219,13300,0.0,0.0,0.0
2025-06-26 05:20:00+00:00,14.819999694824219,14.819999694824219,14.819999694824219,14.819999694824219,3400,0.0,0.0,0.0
2025-06-27 01:00:00+00:00,14.90999984741211,14.9399995803833,14.90999984741211,14.90999984741211,0,0.0,0.0,0.0
2025-06-27 01:05:00+00:00,14.90999984741211,14.90999984741211,14.890000343322754,14.899999618530273,14850,0.0,0.0,0.0
2025-06-27 01:10:00+00:00,14.899999618530273,14.949999809265137,14.899999618530273,14.949999809265137,29020,0.0,0.0,0.0
2025-06-27 01:15:00+00:00,14.949999809265137,14.949999809265137,14.949999809265137,14.949999809265137,3000,0.0,0.0,0.0
2025-06-27 01:20:00+00:00,14.920000076293945,14.920000076293945,14.920000076293945,14.920000076293945,10000,0.0,0.0,0.0
2025-06-27 01:25:00+00:00,14.920000076293945,14.930000305175781,14.920000076293945,14.930000305175781,23180,0.0,0.0,0.0
2025-06-27 01:30:00+00:00,14.899999618530273,14.899999618530273,14.899999618530273,14.899999618530273,100000,0.0,0.0,0.0
2025-06-27 01:50:00+00:00,14.869999885559082,14.869999885559082,14.869999885559082,14.869999885559082,3744,0.0,0.0,0.0
2025-06-27 01:55:00+00:00,14.859999656677246,14.859999656677246,14.850000381469727,14.859999656677246,39563,0.0,0.0,0.0
2025-06-27 02:10:00+00:00,14.859999656677246,14.859999656677246,14.859999656677246,14.859999656677246,15536,0.0,0.0,0.0
2025-06-27 02:15:00+00:00,14.869999885559082,14.869999885559082,14.869999885559082,14.869999885559082,17700,0.0,0.0,0.0
2025-06-27 02:20:00+00:00,14.880000114440918,14.880000114440918,14.880000114440918,14.880000114440918,4000,0.0,0.0,0.0
2025-06-27 02:25:00+00:00,14.880000114440918,14.880000114440918,14.880000114440918,14.880000114440918,26021,0.0,0.0,0.0
2025-06-27 02:35:00+00:00,14.880000114440918,14.880000114440918,14.880000114440918,14.880000114440918,100025,0.0,0.0,0.0
2025-06-27 02:40:00+00:00,14.880000114440918,14.890000343322754,14.880000114440918,14.890000343322754,41000,0.0,0.0,0.0
2025-06-27 02:50:00+00:00,14.899999618530273,14.90999984741211,14.899999618530273,14.90999984741211,54342,0.0,0.0,0.0
2025-06-27 02:55:00+00:00,14.890000343322754,14.90999984741211,14.890000343322754,14.90999984741211,2040,0.0,0.0,0.0
2025-06-27 03:05:00+00:00,14.90999984741211,14.90999984741211,14.90999984741211,14.90999984741211,6250,0.0,0.0,0.0
2025-06-27 03:15:00+00:00,14.90999984741211,14.90999984741211,14.90999984741211,14.90999984741211,7000,0.0,0.0,0.0
2025-06-27 03:20:00+00:00,14.90999984741211,14.90999984741211,14.90999984741211,14.90999984741211,1000,0.0,0.0,0.0
2025-06-27 03:25:00+00:00,14.90999984741211,14.90999984741211,14.90999984741211,14.90999984741211,1141,0.0,0.0,0.0
2025-06-27 03:40:00+00:00,14.899999618530273,14.899999618530273,14.899999618530273,14.899999618530273,7000,0.0,0.0,0.0
2025-06-27 03:45:00+00:00,14.899999618530273,14.899999618530273,14.899999618530273,14.899999618530273,6000,0.0,0.0,0.0
2025-06-27 03:50:00+00:00,14.899999618530273,14.899999618530273,14.899999618530273,14.899999618530273,5000,0.0,0.0,0.0
2025-06-27 04:00:00+00:00,14.899999618530273,14.899999618530273,14.899999618530273,14.899999618530273,7203,0.0,0.0,0.0
2025-06-27 04:05:00+00:00,14.899999618530273,14.899999618530273,14.899999618530273,14.899999618530273,21000,0.0,0.0,0.0
2025-06-27 04:15:00+00:00,14.899999618530273,14.899999618530273,14.899999618530273,14.899999618530273,32555,0.0,0.0,0.0
2025-06-27 04:20:00+00:00,14.90999984741211,14.90999984741211,14.90999984741211,14.90999984741211,26080,0.0,0.0,0.0
2025-06-27 04:25:00+00:00,14.90999984741211,14.90999984741211,14.90999984741211,14.90999984741211,6000,0.0,0.0,0.0
2025-06-27 04:30:00+00:00,14.920000076293945,14.920000076293945,14.90999984741211,14.920000076293945,68000,0.0,0.0,0.0
2025-06-27 04:35:00+00:00,14.920000076293945,14.920000076293945,14.920000076293945,14.920000076293945,2180,0.0,0.0,0.0
2025-06-27 04:40:00+00:00,14.920000076293945,14.920000076293945,14.920000076293945,14.920000076293945,4000,0.0,0.0,0.0
2025-06-27 04:45:00+00:00,14.920000076293945,14.920000076293945,14.920000076293945,14.920000076293945,10000,0.0,0.0,0.0
2025-06-27 04:50:00+00:00,14.920000076293945,14.920000076293945,14.920000076293945,14.920000076293945,7080,0.0,0.0,0.0
2025-06-27 04:55:00+00:00,14.920000076293945,14.920000076293945,14.920000076293945,14.920000076293945,1000,0.0,0.0,0.0
2025-06-27 05:00:00+00:00,14.920000076293945,14.920000076293945,14.920000076293945,14.920000076293945,16000,0.0,0.0,0.0
2025-06-27 05:05:00+00:00,14.920000076293945,14.920000076293945,14.920000076293945,14.920000076293945,9300,0.0,0.0,0.0
2025-06-27 05:10:00+00:00,14.920000076293945,14.920000076293945,14.920000076293945,14.920000076293945,33000,0.0,0.0,0.0
2025-06-27 05:15:00+00:00,14.920000076293945,14.920000076293945,14.920000076293945,14.920000076293945,2135,0.0,0.0,0.0
2025-06-27 05:20:00+00:00,14.930000305175781,14.930000305175781,14.90999984741211,14.930000305175781,8100,0.0,0.0,0.0
2025-05-02 01:00:00+00:00,14.449999809265137,14.449999809265137,14.449999809265137,14.449999809265137,0,0.0,0.0,0.0
2025-05-02 01:05:00+00:00,14.460000038146973,14.470000267028809,14.460000038146973,14.460000038146973,27831,0.0,0.0,0.0
2025-05-02 01:10:00+00:00,14.470000267028809,14.479999542236328,14.460000038146973,14.479999542236328,36000,0.0,0.0,0.0
2025-05-02 01:15:00+00:00,14.489999771118164,14.489999771118164,14.479999542236328,14.479999542236328,39571,0.0,0.0,0.0
2025-05-02 01:20:00+00:00,14.470000267028809,14.470000267028809,14.460000038146973,14.470000267028809,9422,0.0,0.0,0.0
2025-05-02 01:25:00+00:00,14.479999542236328,14.489999771118164,14.479999542236328,14.489999771118164,25190,0.0,0.0,0.0
2025-05-02 01:30:00+00:00,14.470000267028809,14.470000267028809,14.470000267028809,14.470000267028809,125537,0.0,0.0,0.0
2025-05-02 01:35:00+00:00,14.470000267028809,14.470000267028809,14.470000267028809,14.470000267028809,2013,0.0,0.0,0.0
2025-05-02 01:40:00+00:00,14.470000267028809,14.470000267028809,14.449999809265137,14.449999809265137,6089,0.0,0.0,0.0
2025-05-02 01:45:00+00:00,14.470000267028809,14.5,14.470000267028809,14.5,17820,0.0,0.0,0.0
2025-05-02 01:50:00+00:00,14.489999771118164,14.5,14.489999771118164,14.5,213000,0.0,0.0,0.0
2025-05-02 01:55:00+00:00,14.5,14.520000457763672,14.5,14.510000228881836,16517,0.0,0.0,0.0
2025-05-02 02:00:00+00:00,14.5,14.510000228881836,14.5,14.510000228881836,24000,0.0,0.0,0.0
2025-05-02 02:05:00+00:00,14.520000457763672,14.520000457763672,14.489999771118164,14.510000228881836,119614,0.0,0.0,0.0
2025-05-02 02:15:00+00:00,14.510000228881836,14.510000228881836,14.510000228881836,14.510000228881836,7040,0.0,0.0,0.0
2025-05-02 02:20:00+00:00,14.510000228881836,14.520000457763672,14.510000228881836,14.520000457763672,36526,0.0,0.0,0.0
2025-05-02 02:25:00+00:00,14.520000457763672,14.520000457763672,14.520000457763672,14.520000457763672,4096,0.0,0.0,0.0
2025-05-02 02:30:00+00:00,14.520000457763672,14.529999732971191,14.520000457763672,14.529999732971191,16374,0.0,0.0,0.0
2025-05-02 02:35:00+00:00,14.539999961853027,14.539999961853027,14.539999961853027,14.539999961853027,5039,0.0,0.0,0.0
2025-05-02 02:40:00+00:00,14.539999961853027,14.550000190734863,14.539999961853027,14.550000190734863,45000,0.0,0.0,0.0
2025-05-02 02:45:00+00:00,14.550000190734863,14.550000190734863,14.539999961853027,14.550000190734863,19100,0.0,0.0,0.0
2025-05-02 02:50:00+00:00,14.550000190734863,14.550000190734863,14.550000190734863,14.550000190734863,1500,0.0,0.0,0.0
2025-05-02 02:55:00+00:00,14.539999961853027,14.539999961853027,14.539999961853027,14.539999961853027,1272,0.0,0.0,0.0
2025-05-02 03:00:00+00:00,14.539999961853027,14.539999961853027,14.539999961853027,14.539999961853027,10360,0.0,0.0,0.0
2025-05-02 03:05:00+00:00,14.550000190734863,14.550000190734863,14.539999961853027,14.539999961853027,9140,0.0,0.0,0.0
2025-05-02 03:10:00+00:00,14.550000190734863,14.550000190734863,14.550000190734863,14.550000190734863,31490,0.0,0.0,0.0
2025-05-02 03:15:00+00:00,14.550000190734863,14.550000190734863,14.550000190734863,14.550000190734863,1033,0.0,0.0,0.0
2025-05-02 03:30:00+00:00,14.539999961853027,14.550000190734863,14.539999961853027,14.550000190734863,19010,0.0,0.0,0.0
2025-05-02 03:35:00+00:00,14.5600004196167,14.5600004196167,14.5600004196167,14.5600004196167,16000,0.0,0.0,0.0
2025-05-02 03:40:00+00:00,14.5600004196167,14.5600004196167,14.5600004196167,14.5600004196167,17170,0.0,0.0,0.0
2025-05-02 03:50:00+00:00,14.550000190734863,14.550000190734863,14.550000190734863,14.550000190734863,1100,0.0,0.0,0.0
2025-05-02 03:55:00+00:00,14.550000190734863,14.550000190734863,14.539999961853027,14.539999961853027,8000,0.0,0.0,0.0
2025-05-02 04:00:00+00:00,14.539999961853027,14.539999961853027,14.539999961853027,14.539999961853027,6720,0.0,0.0,0.0
2025-05-02 04:05:00+00:00,14.539999961853027,14.550000190734863,14.539999961853027,14.539999961853027,15090,0.0,0.0,0.0
2025-05-02 04:20:00+00:00,14.550000190734863,14.550000190734863,14.550000190734863,14.550000190734863,2000,0.0,0.0,0.0
2025-05-02 04:25:00+00:00,14.550000190734863,14.550000190734863,14.539999961853027,14.539999961853027,33087,0.0,0.0,0.0
2025-05-02 04:30:00+00:00,14.539999961853027,14.539999961853027,14.539999961853027,14.539999961853027,3528,0.0,0.0,0.0
2025-05-02 04:35:00+00:00,14.539999961853027,14.539999961853027,14.539999961853027,14.539999961853027,3470,0.0,0.0,0.0
2025-05-02 04:40:00+00:00,14.529999732971191,14.529999732971191,14.529999732971191,14.529999732971191,1103,0.0,0.0,0.0
2025-05-02 04:45:00+00:00,14.529999732971191,14.539999961853027,14.529999732971191,14.539999961853027,12000,0.0,0.0,0.0
2025-05-02 04:50:00+00:00,14.529999732971191,14.529999732971191,14.529999732971191,14.529999732971191,1035,0.0,0.0,0.0
2025-05-02 04:55:00+00:00,14.529999732971191,14.529999732971191,14.529999732971191,14.529999732971191,30068,0.0,0.0,0.0
2025-05-02 05:10:00+00:00,14.529999732971191,14.529999732971191,14.529999732971191,14.529999732971191,6000,0.0,0.0,0.0
2025-05-02 05:15:00+00:00,14.539999961853027,14.539999961853027,14.529999732971191,14.529999732971191,10433,0.0,0.0,0.0
2025-05-02 05:20:00+00:00,14.520000457763672,14.550000190734863,14.520000457763672,14.539999961853027,43137,0.0,0.0,0.0
2025-05-05 01:00:00+00:00,14.529999732971191,14.529999732971191,14.40999984741211,14.40999984741211,0,0.0,0.0,0.0
2025-05-05 01:05:00+00:00,14.420000076293945,14.420000076293945,14.399999618530273,14.399999618530273,439247,0.0,0.0,0.0
2025-05-05 01:10:00+00:00,14.399999618530273,14.4399995803833,14.390000343322754,14.4399995803833,115109,0.0,0.0,0.0
2025-05-05 01:15:00+00:00,14.4399995803833,14.449999809265137,14.4399995803833,14.449999809265137,10120,0.0,0.0,0.0
2025-05-05 01:20:00+00:00,14.4399995803833,14.449999809265137,14.420000076293945,14.420000076293945,115000,0.0,0.0,0.0
2025-05-05 01:25:00+00:00,14.420000076293945,14.420000076293945,14.380000114440918,14.390000343322754,121662,0.0,0.0,0.0
2025-05-05 01:30:00+00:00,14.380000114440918,14.390000343322754,14.359999656677246,14.359999656677246,120115,0.0,0.0,0.0
2025-05-05 01:35:00+00:00,14.369999885559082,14.369999885559082,14.350000381469727,14.350000381469727,411370,0.0,0.0,0.0
2025-05-05 01:40:00+00:00,14.350000381469727,14.350000381469727,14.34000015258789,14.350000381469727,111200,0.0,0.0,0.0
2025-05-05 01:45:00+00:00,14.34000015258789,14.34000015258789,14.270000457763672,14.270000457763672,172964,0.0,0.0,0.0
2025-05-05 01:50:00+00:00,14.260000228881836,14.300000190734863,14.260000228881836,14.270000457763672,160599,0.0,0.0,0.0
2025-05-05 01:55:00+00:00,14.279999732971191,14.279999732971191,14.270000457763672,14.279999732971191,18140,0.0,0.0,0.0
2025-05-05 02:00:00+00:00,14.300000190734863,14.300000190734863,14.270000457763672,14.300000190734863,11225,0.0,0.0,0.0
2025-05-05 02:05:00+00:00,14.270000457763672,14.279999732971191,14.260000228881836,14.279999732971191,34219,0.0,0.0,0.0
2025-05-05 02:10:00+00:00,14.260000228881836,14.300000190734863,14.260000228881836,14.300000190734863,78073,0.0,0.0,0.0
2025-05-05 02:15:00+00:00,14.3100004196167,14.329999923706055,14.3100004196167,14.329999923706055,31414,0.0,0.0,0.0
2025-05-05 02:20:00+00:00,14.300000190734863,14.319999694824219,14.289999961853027,14.3100004196167,28000,0.0,0.0,0.0
2025-05-05 02:25:00+00:00,14.319999694824219,14.329999923706055,14.319999694824219,14.329999923706055,13000,0.0,0.0,0.0
2025-05-05 02:30:00+00:00,14.329999923706055,14.350000381469727,14.289999961853027,14.289999961853027,113127,0.0,0.0,0.0
2025-05-05 02:35:00+00:00,14.300000190734863,14.300000190734863,14.300000190734863,14.300000190734863,3100,0.0,0.0,0.0
2025-05-05 02:40:00+00:00,14.300000190734863,14.319999694824219,14.289999961853027,14.319999694824219,10050,0.0,0.0,0.0
2025-05-05 02:45:00+00:00,14.3100004196167,14.3100004196167,14.300000190734863,14.300000190734863,8268,0.0,0.0,0.0
2025-05-05 02:50:00+00:00,14.300000190734863,14.34000015258789,14.300000190734863,14.34000015258789,27000,0.0,0.0,0.0
2025-05-05 02:55:00+00:00,14.34000015258789,14.34000015258789,14.329999923706055,14.34000015258789,19367,0.0,0.0,0.0
2025-05-05 03:00:00+00:00,14.350000381469727,14.350000381469727,14.34000015258789,14.350000381469727,166493,0.0,0.0,0.0
2025-05-05 03:05:00+00:00,14.369999885559082,14.369999885559082,14.34000015258789,14.34000015258789,43317,0.0,0.0,0.0
2025-05-05 03:10:00+00:00,14.329999923706055,14.34000015258789,14.329999923706055,14.329999923706055,12100,0.0,0.0,0.0
2025-05-05 03:15:00+00:00,14.329999923706055,14.34000015258789,14.329999923706055,14.34000015258789,8000,0.0,0.0,0.0
2025-05-05 03:20:00+00:00,14.34000015258789,14.369999885559082,14.34000015258789,14.350000381469727,121011,0.0,0.0,0.0
2025-05-05 03:25:00+00:00,14.359999656677246,14.359999656677246,14.350000381469727,14.350000381469727,9000,0.0,0.0,0.0
2025-05-05 03:30:00+00:00,14.359999656677246,14.359999656677246,14.350000381469727,14.350000381469727,22024,0.0,0.0,0.0
2025-05-05 03:35:00+00:00,14.350000381469727,14.359999656677246,14.34000015258789,14.34000015258789,45000,0.0,0.0,0.0
2025-05-05 03:40:00+00:00,14.350000381469727,14.359999656677246,14.34000015258789,14.350000381469727,194020,0.0,0.0,0.0
2025-05-05 03:45:00+00:00,14.350000381469727,14.359999656677246,14.350000381469727,14.359999656677246,3000,0.0,0.0,0.0
2025-05-05 03:50:00+00:00,14.359999656677246,14.359999656677246,14.359999656677246,14.359999656677246,18381,0.0,0.0,0.0
2025-05-05 03:55:00+00:00,14.369999885559082,14.380000114440918,14.369999885559082,14.380000114440918,5077,0.0,0.0,0.0
2025-05-05 04:00:00+00:00,14.359999656677246,14.380000114440918,14.359999656677246,14.380000114440918,4290,0.0,0.0,0.0
2025-05-05 04:05:00+00:00,14.369999885559082,14.369999885559082,14.369999885559082,14.369999885559082,2696,0.0,0.0,0.0
2025-05-05 04:10:00+00:00,14.369999885559082,14.369999885559082,14.369999885559082,14.369999885559082,24000,0.0,0.0,0.0
2025-05-05 04:15:00+00:00,14.359999656677246,14.369999885559082,14.359999656677246,14.369999885559082,8022,0.0,0.0,0.0
2025-05-05 04:20:00+00:00,14.369999885559082,14.390000343322754,14.369999885559082,14.390000343322754,13210,0.0,0.0,0.0
2025-05-05 04:25:00+00:00,14.369999885559082,14.380000114440918,14.369999885559082,14.380000114440918,4000,0.0,0.0,0.0
2025-05-05 04:30:00+00:00,14.380000114440918,14.390000343322754,14.380000114440918,14.390000343322754,10315,0.0,0.0,0.0
2025-05-05 04:35:00+00:00,14.380000114440918,14.380000114440918,14.359999656677246,14.359999656677246,14062,0.0,0.0,0.0
2025-05-05 04:40:00+00:00,14.359999656677246,14.399999618530273,14.359999656677246,14.399999618530273,59250,0.0,0.0,0.0
2025-05-05 04:45:00+00:00,14.390000343322754,14.399999618530273,14.390000343322754,14.399999618530273,5740,0.0,0.0,0.0
2025-05-05 04:50:00+00:00,14.380000114440918,14.380000114440918,14.359999656677246,14.359999656677246,13907,0.0,0.0,0.0
2025-05-05 04:55:00+00:00,14.369999885559082,14.369999885559082,14.34000015258789,14.34000015258789,7681,0.0,0.0,0.0
2025-05-05 05:00:00+00:00,14.34000015258789,14.359999656677246,14.34000015258789,14.34000015258789,24383,0.0,0.0,0.0
2025-05-05 05:05:00+00:00,14.350000381469727,14.350000381469727,14.350000381469727,14.350000381469727,10535,0.0,0.0,0.0
2025-05-05 05:10:00+00:00,14.350000381469727,14.359999656677246,14.350000381469727,14.359999656677246,20045,0.0,0.0,0.0
2025-05-05 05:15:00+00:00,14.350000381469727,14.359999656677246,14.350000381469727,14.359999656677246,204430,0.0,0.0,0.0
2025-05-05 05:20:00+00:00,14.350000381469727,14.350000381469727,14.350000381469727,14.350000381469727,27302,0.0,0.0,0.0
2025-05-06 01:00:00+00:00,14.380000114440918,14.390000343322754,14.369999885559082,14.369999885559082,0,0.0,0.0,0.0
2025-05-06 01:05:00+00:00,14.369999885559082,14.399999618530273,14.369999885559082,14.399999618530273,130824,0.0,0.0,0.0
2025-05-06 01:10:00+00:00,14.399999618530273,14.449999809265137,14.399999618530273,14.449999809265137,37448,0.0,0.0,0.0
2025-05-06 01:15:00+00:00,14.420000076293945,14.420000076293945,14.420000076293945,14.420000076293945,2000,0.0,0.0,0.0
2025-05-06 01:20:00+00:00,14.430000305175781,14.470000267028809,14.430000305175781,14.460000038146973,67068,0.0,0.0,0.0
2025-05-06 01:25:00+00:00,14.449999809265137,14.479999542236328,14.449999809265137,14.460000038146973,18151,0.0,0.0,0.0
2025-05-06 01:30:00+00:00,14.470000267028809,14.470000267028809,14.470000267028809,14.470000267028809,3102,0.0,0.0,0.0
2025-05-06 01:35:00+00:00,14.460000038146973,14.470000267028809,14.460000038146973,14.470000267028809,43005,0.0,0.0,0.0
2025-05-06 01:40:00+00:00,14.470000267028809,14.470000267028809,14.460000038146973,14.460000038146973,7000,0.0,0.0,0.0
2025-05-06 01:45:00+00:00,14.460000038146973,14.470000267028809,14.420000076293945,14.420000076293945,24200,0.0,0.0,0.0
2025-05-06 01:50:00+00:00,14.420000076293945,14.430000305175781,14.40999984741211,14.430000305175781,59200,0.0,0.0,0.0
2025-05-06 01:55:00+00:00,14.449999809265137,14.449999809265137,14.449999809265137,14.449999809265137,17122,0.0,0.0,0.0
2025-05-06 02:00:00+00:00,14.460000038146973,14.460000038146973,14.460000038146973,14.460000038146973,11335,0.0,0.0,0.0
2025-05-06 02:05:00+00:00,14.460000038146973,14.470000267028809,14.460000038146973,14.470000267028809,25272,0.0,0.0,0.0
2025-05-06 02:10:00+00:00,14.470000267028809,14.470000267028809,14.470000267028809,14.470000267028809,107000,0.0,0.0,0.0
2025-05-06 02:15:00+00:00,14.479999542236328,14.479999542236328,14.479999542236328,14.479999542236328,13257,0.0,0.0,0.0
2025-05-06 02:20:00+00:00,14.479999542236328,14.479999542236328,14.479999542236328,14.479999542236328,1044,0.0,0.0,0.0
2025-05-06 02:25:00+00:00,14.479999542236328,14.5,14.479999542236328,14.5,36537,0.0,0.0,0.0
2025-05-06 02:30:00+00:00,14.5,14.5,14.489999771118164,14.5,17302,0.0,0.0,0.0
2025-05-06 02:35:00+00:00,14.510000228881836,14.529999732971191,14.510000228881836,14.529999732971191,57845,0.0,0.0,0.0
2025-05-06 02:40:00+00:00,14.529999732971191,14.539999961853027,14.529999732971191,14.539999961853027,3075,0.0,0.0,0.0
2025-05-06 02:45:00+00:00,14.539999961853027,14.539999961853027,14.539999961853027,14.539999961853027,6027,0.0,0.0,0.0
2025-05-06 02:50:00+00:00,14.529999732971191,14.550000190734863,14.529999732971191,14.539999961853027,62000,0.0,0.0,0.0
2025-05-06 02:55:00+00:00,14.539999961853027,14.550000190734863,14.539999961853027,14.539999961853027,56148,0.0,0.0,0.0
2025-05-06 03:00:00+00:00,14.539999961853027,14.539999961853027,14.539999961853027,14.539999961853027,19808,0.0,0.0,0.0
2025-05-06 03:05:00+00:00,14.5600004196167,14.5600004196167,14.539999961853027,14.539999961853027,45051,0.0,0.0,0.0
2025-05-06 03:15:00+00:00,14.529999732971191,14.529999732971191,14.529999732971191,14.529999732971191,3022,0.0,0.0,0.0
2025-05-06 03:20:00+00:00,14.529999732971191,14.539999961853027,14.529999732971191,14.539999961853027,14122,0.0,0.0,0.0
2025-05-06 03:25:00+00:00,14.529999732971191,14.529999732971191,14.529999732971191,14.529999732971191,1000,0.0,0.0,0.0
2025-05-06 03:30:00+00:00,14.539999961853027,14.569999694824219,14.539999961853027,14.569999694824219,79222,0.0,0.0,0.0
2025-05-06 03:35:00+00:00,14.579999923706055,14.579999923706055,14.579999923706055,14.579999923706055,6100,0.0,0.0,0.0
2025-05-06 03:40:00+00:00,14.569999694824219,14.569999694824219,14.569999694824219,14.569999694824219,7042,0.0,0.0,0.0
2025-05-06 03:45:00+00:00,14.579999923706055,14.579999923706055,14.579999923706055,14.579999923706055,1472,0.0,0.0,0.0
2025-05-06 03:50:00+00:00,14.569999694824219,14.569999694824219,14.569999694824219,14.569999694824219,1445,0.0,0.0,0.0
2025-05-06 04:00:00+00:00,14.569999694824219,14.569999694824219,14.569999694824219,14.569999694824219,219023,0.0,0.0,0.0
2025-05-06 04:05:00+00:00,14.569999694824219,14.579999923706055,14.569999694824219,14.579999923706055,7100,0.0,0.0,0.0
2025-05-06 04:10:00+00:00,14.5600004196167,14.569999694824219,14.5600004196167,14.569999694824219,110172,0.0,0.0,0.0
2025-05-06 04:20:00+00:00,14.5600004196167,14.5600004196167,14.5600004196167,14.5600004196167,5022,0.0,0.0,0.0
2025-05-06 04:25:00+00:00,14.5600004196167,14.569999694824219,14.5600004196167,14.569999694824219,7100,0.0,0.0,0.0
2025-05-06 04:30:00+00:00,14.569999694824219,14.569999694824219,14.569999694824219,14.569999694824219,2100,0.0,0.0,0.0
2025-05-06 04:35:00+00:00,14.5600004196167,14.5600004196167,14.550000190734863,14.550000190734863,2042,0.0,0.0,0.0
2025-05-06 04:40:00+00:00,14.539999961853027,14.539999961853027,14.529999732971191,14.529999732971191,43133,0.0,0.0,0.0
2025-05-06 04:45:00+00:00,14.539999961853027,14.550000190734863,14.539999961853027,14.550000190734863,39105,0.0,0.0,0.0
2025-05-06 04:50:00+00:00,14.539999961853027,14.539999961853027,14.539999961853027,14.539999961853027,10000,0.0,0.0,0.0
2025-05-06 04:55:00+00:00,14.550000190734863,14.550000190734863,14.529999732971191,14.539999961853027,27271,0.0,0.0,0.0
2025-05-06 05:00:00+00:00,14.550000190734863,14.550000190734863,14.529999732971191,14.550000190734863,8015,0.0,0.0,0.0
2025-05-06 05:05:00+00:00,14.520000457763672,14.520000457763672,14.520000457763672,14.520000457763672,510430,0.0,0.0,0.0
2025-05-06 05:10:00+00:00,14.5,14.5,14.5,14.5,103073,0.0,0.0,0.0
2025-05-06 05:15:00+00:00,14.5,14.5,14.5,14.5,111000,0.0,0.0,0.0
2025-05-06 05:20:00+00:00,14.5,14.5,14.5,14.5,3238,0.0,0.0,0.0
2025-05-07 01:00:00+00:00,14.520000457763672,14.619999885559082,14.520000457763672,14.619999885559082,0,0.0,0.0,0.0
2025-05-07 01:05:00+00:00,14.539999961853027,14.550000190734863,14.539999961853027,14.550000190734863,8472,0.0,0.0,0.0
2025-05-07 01:10:00+00:00,14.600000381469727,14.600000381469727,14.59000015258789,14.600000381469727,25136,0.0,0.0,0.0
2025-05-07 01:15:00+00:00,14.609999656677246,14.670000076293945,14.609999656677246,14.670000076293945,33311,0.0,0.0,0.0
2025-05-07 01:20:00+00:00,14.65999984741211,14.65999984741211,14.649999618530273,14.65999984741211,32085,0.0,0.0,0.0
2025-05-07 01:25:00+00:00,14.670000076293945,14.670000076293945,14.640000343322754,14.640000343322754,170225,0.0,0.0,0.0
2025-05-07 01:30:00+00:00,14.619999885559082,14.619999885559082,14.619999885559082,14.619999885559082,6000,0.0,0.0,0.0
2025-05-07 01:35:00+00:00,14.609999656677246,14.630000114440918,14.600000381469727,14.630000114440918,56021,0.0,0.0,0.0
2025-05-07 01:40:00+00:00,14.640000343322754,14.640000343322754,14.609999656677246,14.630000114440918,36075,0.0,0.0,0.0
2025-05-07 01:45:00+00:00,14.630000114440918,14.630000114440918,14.630000114440918,14.630000114440918,8000,0.0,0.0,0.0
2025-05-07 01:50:00+00:00,14.609999656677246,14.630000114440918,14.609999656677246,14.630000114440918,84007,0.0,0.0,0.0
2025-05-07 01:55:00+00:00,14.630000114440918,14.640000343322754,14.630000114440918,14.640000343322754,60420,0.0,0.0,0.0
2025-05-07 02:00:00+00:00,14.630000114440918,14.630000114440918,14.630000114440918,14.630000114440918,4033,0.0,0.0,0.0
2025-05-07 02:05:00+00:00,14.640000343322754,14.640000343322754,14.640000343322754,14.640000343322754,2250,0.0,0.0,0.0
2025-05-07 02:10:00+00:00,14.640000343322754,14.640000343322754,14.630000114440918,14.630000114440918,6549,0.0,0.0,0.0
2025-05-07 02:15:00+00:00,14.609999656677246,14.630000114440918,14.609999656677246,14.630000114440918,12000,0.0,0.0,0.0
2025-05-07 02:20:00+00:00,14.619999885559082,14.619999885559082,14.609999656677246,14.609999656677246,16000,0.0,0.0,0.0
2025-05-07 02:25:00+00:00,14.609999656677246,14.609999656677246,14.609999656677246,14.609999656677246,1168,0.0,0.0,0.0
2025-05-07 02:30:00+00:00,14.600000381469727,14.600000381469727,14.600000381469727,14.600000381469727,5000,0.0,0.0,0.0
2025-05-07 02:40:00+00:00,14.609999656677246,14.609999656677246,14.600000381469727,14.600000381469727,14130,0.0,0.0,0.0
2025-05-07 02:45:00+00:00,14.579999923706055,14.579999923706055,14.569999694824219,14.569999694824219,8240,0.0,0.0,0.0
2025-05-07 02:50:00+00:00,14.569999694824219,14.569999694824219,14.569999694824219,14.569999694824219,8100,0.0,0.0,0.0
2025-05-07 02:55:00+00:00,14.569999694824219,14.569999694824219,14.569999694824219,14.569999694824219,3035,0.0,0.0,0.0
2025-05-07 03:00:00+00:00,14.569999694824219,14.579999923706055,14.569999694824219,14.579999923706055,6395,0.0,0.0,0.0
2025-05-07 03:20:00+00:00,14.569999694824219,14.579999923706055,14.569999694824219,14.579999923706055,22100,0.0,0.0,0.0
2025-05-07 03:30:00+00:00,14.569999694824219,14.569999694824219,14.569999694824219,14.569999694824219,3000,0.0,0.0,0.0
2025-05-07 03:35:00+00:00,14.579999923706055,14.579999923706055,14.579999923706055,14.579999923706055,5033,0.0,0.0,0.0
2025-05-07 03:45:00+00:00,14.579999923706055,14.579999923706055,14.569999694824219,14.569999694824219,10306,0.0,0.0,0.0
2025-05-07 03:50:00+00:00,14.59000015258789,14.59000015258789,14.59000015258789,14.59000015258789,2000,0.0,0.0,0.0
2025-05-07 04:00:00+00:00,14.59000015258789,14.59000015258789,14.59000015258789,14.59000015258789,1035,0.0,0.0,0.0
2025-05-07 04:10:00+00:00,14.569999694824219,14.569999694824219,14.569999694824219,14.569999694824219,1100,0.0,0.0,0.0
2025-05-07 04:15:00+00:00,14.5600004196167,14.5600004196167,14.5600004196167,14.5600004196167,2200,0.0,0.0,0.0
2025-05-07 04:20:00+00:00,14.579999923706055,14.579999923706055,14.579999923706055,14.579999923706055,1124,0.0,0.0,0.0
2025-05-07 04:25:00+00:00,14.59000015258789,14.59000015258789,14.59000015258789,14.59000015258789,221561,0.0,0.0,0.0
2025-05-07 04:35:00+00:00,14.579999923706055,14.579999923706055,14.569999694824219,14.569999694824219,204547,0.0,0.0,0.0
2025-05-07 04:45:00+00:00,14.569999694824219,14.569999694824219,14.569999694824219,14.569999694824219,100067,0.0,0.0,0.0
2025-05-07 04:50:00+00:00,14.5600004196167,14.5600004196167,14.5600004196167,14.5600004196167,52000,0.0,0.0,0.0
2025-05-07 05:00:00+00:00,14.569999694824219,14.569999694824219,14.539999961853027,14.539999961853027,118302,0.0,0.0,0.0
2025-05-07 05:05:00+00:00,14.550000190734863,14.550000190734863,14.550000190734863,14.550000190734863,261000,0.0,0.0,0.0
2025-05-07 05:10:00+00:00,14.550000190734863,14.550000190734863,14.550000190734863,14.550000190734863,299070,0.0,0.0,0.0
2025-05-07 05:15:00+00:00,14.550000190734863,14.5600004196167,14.550000190734863,14.5600004196167,25524,0.0,0.0,0.0
2025-05-07 05:20:00+00:00,14.5600004196167,14.569999694824219,14.550000190734863,14.550000190734863,13688,0.0,0.0,0.0
2025-05-08 01:00:00+00:00,14.569999694824219,14.569999694824219,14.569999694824219,14.569999694824219,0,0.0,0.0,0.0
2025-05-08 01:05:00+00:00,14.569999694824219,14.619999885559082,14.569999694824219,14.619999885559082,70440,0.0,0.0,0.0
2025-05-08 01:10:00+00:00,14.640000343322754,14.649999618530273,14.640000343322754,14.640000343322754,71145,0.0,0.0,0.0
2025-05-08 01:20:00+00:00,14.670000076293945,14.670000076293945,14.649999618530273,14.649999618530273,2000,0.0,0.0,0.0
2025-05-08 01:35:00+00:00,14.630000114440918,14.630000114440918,14.630000114440918,14.630000114440918,0,0.0,0.0,0.0
2025-05-08 01:40:00+00:00,14.630000114440918,14.630000114440918,14.630000114440918,14.630000114440918,195777,0.0,0.0,0.0
2025-05-08 01:45:00+00:00,14.649999618530273,14.649999618530273,14.649999618530273,14.649999618530273,3000,0.0,0.0,0.0
2025-05-08 01:50:00+00:00,14.619999885559082,14.619999885559082,14.609999656677246,14.609999656677246,6364,0.0,0.0,0.0
2025-05-08 01:55:00+00:00,14.600000381469727,14.609999656677246,14.600000381469727,14.609999656677246,6430,0.0,0.0,0.0
2025-05-08 02:00:00+00:00,14.609999656677246,14.619999885559082,14.609999656677246,14.619999885559082,14016,0.0,0.0,0.0
2025-05-08 02:05:00+00:00,14.619999885559082,14.619999885559082,14.619999885559082,14.619999885559082,29000,0.0,0.0,0.0
2025-05-08 02:10:00+00:00,14.630000114440918,14.640000343322754,14.630000114440918,14.640000343322754,22606,0.0,0.0,0.0
2025-05-08 02:15:00+00:00,14.640000343322754,14.649999618530273,14.640000343322754,14.649999618530273,2445,0.0,0.0,0.0
2025-05-08 02:30:00+00:00,14.640000343322754,14.640000343322754,14.640000343322754,14.640000343322754,20000,0.0,0.0,0.0
2025-05-08 02:35:00+00:00,14.649999618530273,14.649999618530273,14.640000343322754,14.640000343322754,11284,0.0,0.0,0.0
2025-05-08 02:40:00+00:00,14.649999618530273,14.649999618530273,14.649999618530273,14.649999618530273,40246,0.0,0.0,0.0
2025-05-08 02:45:00+00:00,14.630000114440918,14.640000343322754,14.630000114440918,14.640000343322754,23010,0.0,0.0,0.0
2025-05-08 02:50:00+00:00,14.630000114440918,14.640000343322754,14.630000114440918,14.640000343322754,13001,0.0,0.0,0.0
2025-05-08 02:55:00+00:00,14.640000343322754,14.640000343322754,14.640000343322754,14.640000343322754,5206,0.0,0.0,0.0
2025-05-08 03:00:00+00:00,14.649999618530273,14.670000076293945,14.649999618530273,14.670000076293945,86400,0.0,0.0,0.0
2025-05-08 03:05:00+00:00,14.670000076293945,14.670000076293945,14.670000076293945,14.670000076293945,1015,0.0,0.0,0.0
2025-05-08 03:10:00+00:00,14.65999984741211,14.65999984741211,14.65999984741211,14.65999984741211,1400,0.0,0.0,0.0
2025-05-08 03:20:00+00:00,14.65999984741211,14.65999984741211,14.65999984741211,14.65999984741211,1000,0.0,0.0,0.0
2025-05-08 03:25:00+00:00,14.65999984741211,14.65999984741211,14.65999984741211,14.65999984741211,1000,0.0,0.0,0.0
2025-05-08 03:30:00+00:00,14.670000076293945,14.670000076293945,14.65999984741211,14.65999984741211,3125,0.0,0.0,0.0
2025-05-08 03:40:00+00:00,14.65999984741211,14.65999984741211,14.65999984741211,14.65999984741211,2650,0.0,0.0,0.0
2025-05-08 03:45:00+00:00,14.649999618530273,14.65999984741211,14.649999618530273,14.65999984741211,15999,0.0,0.0,0.0
2025-05-08 03:50:00+00:00,14.65999984741211,14.65999984741211,14.65999984741211,14.65999984741211,5000,0.0,0.0,0.0
2025-05-08 03:55:00+00:00,14.649999618530273,14.649999618530273,14.649999618530273,14.649999618530273,10000,0.0,0.0,0.0
2025-05-08 04:00:00+00:00,14.649999618530273,14.649999618530273,14.649999618530273,14.649999618530273,12201,0.0,0.0,0.0
2025-05-08 04:10:00+00:00,14.649999618530273,14.649999618530273,14.649999618530273,14.649999618530273,2083,0.0,0.0,0.0
2025-05-08 04:25:00+00:00,14.649999618530273,14.649999618530273,14.649999618530273,14.649999618530273,1684,0.0,0.0,0.0
2025-05-08 04:40:00+00:00,14.649999618530273,14.649999618530273,14.649999618530273,14.649999618530273,50000,0.0,0.0,0.0
2025-05-08 04:55:00+00:00,14.640000343322754,14.649999618530273,14.640000343322754,14.649999618530273,2000,0.0,0.0,0.0
2025-05-08 05:05:00+00:00,14.640000343322754,14.640000343322754,14.640000343322754,14.640000343322754,3818,0.0,0.0,0.0
2025-05-08 05:10:00+00:00,14.630000114440918,14.630000114440918,14.630000114440918,14.630000114440918,3000,0.0,0.0,0.0
2025-05-08 05:15:00+00:00,14.619999885559082,14.619999885559082,14.619999885559082,14.619999885559082,25057,0.0,0.0,0.0
2025-05-08 05:20:00+00:00,14.619999885559082,14.619999885559082,14.619999885559082,14.619999885559082,8748,0.0,0.0,0.0
2025-05-09 01:00:00+00:00,14.630000114440918,14.640000343322754,14.630000114440918,14.640000343322754,0,0.0,0.0,0.0
2025-05-09 01:05:00+00:00,14.640000343322754,14.640000343322754,14.619999885559082,14.619999885559082,17838,0.0,0.0,0.0
2025-05-09 01:10:00+00:00,14.619999885559082,14.619999885559082,14.619999885559082,14.619999885559082,3000,0.0,0.0,0.0
2025-05-09 01:15:00+00:00,14.630000114440918,14.630000114440918,14.630000114440918,14.630000114440918,14671,0.0,0.0,0.0
2025-05-09 01:20:00+00:00,14.619999885559082,14.619999885559082,14.609999656677246,14.619999885559082,10111,0.0,0.0,0.0
2025-05-09 01:25:00+00:00,14.619999885559082,14.619999885559082,14.619999885559082,14.619999885559082,3100,0.0,0.0,0.0
2025-05-09 01:30:00+00:00,14.609999656677246,14.609999656677246,14.600000381469727,14.600000381469727,16210,0.0,0.0,0.0
2025-05-09 01:35:00+00:00,14.609999656677246,14.609999656677246,14.609999656677246,14.609999656677246,5335,0.0,0.0,0.0
2025-05-09 01:40:00+00:00,14.609999656677246,14.640000343322754,14.609999656677246,14.640000343322754,184000,0.0,0.0,0.0
2025-05-09 01:45:00+00:00,14.649999618530273,14.649999618530273,14.649999618530273,14.649999618530273,3100,0.0,0.0,0.0
2025-05-09 01:50:00+00:00,14.649999618530273,14.649999618530273,14.649999618530273,14.649999618530273,1090,0.0,0.0,0.0
2025-05-09 02:00:00+00:00,14.649999618530273,14.649999618530273,14.640000343322754,14.640000343322754,4338,0.0,0.0,0.0
2025-05-09 02:10:00+00:00,14.640000343322754,14.640000343322754,14.640000343322754,14.640000343322754,8302,0.0,0.0,0.0
2025-05-09 02:15:00+00:00,14.640000343322754,14.640000343322754,14.640000343322754,14.640000343322754,7300,0.0,0.0,0.0
2025-05-09 02:20:00+00:00,14.640000343322754,14.640000343322754,14.640000343322754,14.640000343322754,1005,0.0,0.0,0.0
2025-05-09 02:25:00+00:00,14.640000343322754,14.65999984741211,14.640000343322754,14.65999984741211,43000,0.0,0.0,0.0
2025-05-09 02:30:00+00:00,14.670000076293945,14.6899995803833,14.670000076293945,14.6899995803833,11854,0.0,0.0,0.0
2025-05-09 02:35:00+00:00,14.680000305175781,14.680000305175781,14.680000305175781,14.680000305175781,1863,0.0,0.0,0.0
2025-05-09 02:40:00+00:00,14.680000305175781,14.680000305175781,14.680000305175781,14.680000305175781,2900,0.0,0.0,0.0
2025-05-09 02:45:00+00:00,14.6899995803833,14.699999809265137,14.6899995803833,14.699999809265137,83670,0.0,0.0,0.0
2025-05-09 02:55:00+00:00,14.699999809265137,14.710000038146973,14.699999809265137,14.710000038146973,22500,0.0,0.0,0.0
2025-05-09 03:00:00+00:00,14.720000267028809,14.720000267028809,14.720000267028809,14.720000267028809,12232,0.0,0.0,0.0
2025-05-09 03:10:00+00:00,14.720000267028809,14.729999542236328,14.720000267028809,14.729999542236328,56999,0.0,0.0,0.0
2025-05-09 03:15:00+00:00,14.729999542236328,14.729999542236328,14.729999542236328,14.729999542236328,1974,0.0,0.0,0.0
2025-05-09 03:25:00+00:00,14.729999542236328,14.729999542236328,14.729999542236328,14.729999542236328,2602,0.0,0.0,0.0
2025-05-09 03:35:00+00:00,14.729999542236328,14.729999542236328,14.729999542236328,14.729999542236328,29577,0.0,0.0,0.0
2025-05-09 03:40:00+00:00,14.729999542236328,14.729999542236328,14.729999542236328,14.729999542236328,2000,0.0,0.0,0.0
2025-05-09 03:45:00+00:00,14.729999542236328,14.729999542236328,14.720000267028809,14.720000267028809,6000,0.0,0.0,0.0
2025-05-09 03:50:00+00:00,14.720000267028809,14.739999771118164,14.720000267028809,14.739999771118164,48050,0.0,0.0,0.0
2025-05-09 03:55:00+00:00,14.739999771118164,14.75,14.739999771118164,14.75,59839,0.0,0.0,0.0
2025-05-09 04:00:00+00:00,14.760000228881836,14.760000228881836,14.75,14.75,2360,0.0,0.0,0.0
2025-05-09 04:05:00+00:00,14.75,14.75,14.75,14.75,13000,0.0,0.0,0.0
2025-05-09 04:10:00+00:00,14.760000228881836,14.760000228881836,14.75,14.75,37840,0.0,0.0,0.0
2025-05-09 04:15:00+00:00,14.760000228881836,14.770000457763672,14.760000228881836,14.770000457763672,15357,0.0,0.0,0.0
2025-05-09 04:20:00+00:00,14.760000228881836,14.760000228881836,14.760000228881836,14.760000228881836,5000,0.0,0.0,0.0
2025-05-09 04:25:00+00:00,14.760000228881836,14.760000228881836,14.760000228881836,14.760000228881836,3345,0.0,0.0,0.0
2025-05-09 04:30:00+00:00,14.760000228881836,14.770000457763672,14.760000228881836,14.770000457763672,76707,0.0,0.0,0.0
2025-05-09 04:45:00+00:00,14.760000228881836,14.770000457763672,14.75,14.75,10036,0.0,0.0,0.0
2025-05-09 04:50:00+00:00,14.770000457763672,14.770000457763672,14.770000457763672,14.770000457763672,1317,0.0,0.0,0.0
2025-05-09 04:55:00+00:00,14.770000457763672,14.770000457763672,14.770000457763672,14.770000457763672,8748,0.0,0.0,0.0
2025-05-09 05:05:00+00:00,14.770000457763672,14.770000457763672,14.770000457763672,14.770000457763672,3439,0.0,0.0,0.0
2025-05-09 05:10:00+00:00,14.770000457763672,14.770000457763672,14.770000457763672,14.770000457763672,1574,0.0,0.0,0.0
2025-05-09 05:15:00+00:00,14.770000457763672,14.770000457763672,14.770000457763672,14.770000457763672,23187,0.0,0.0,0.0
2025-05-09 05:20:00+00:00,14.760000228881836,14.760000228881836,14.760000228881836,14.760000228881836,1230,0.0,0.0,0.0
2025-05-12 01:00:00+00:00,14.84000015258789,14.880000114440918,14.84000015258789,14.880000114440918,0,0.0,0.0,0.0
2025-05-12 01:05:00+00:00,14.880000114440918,14.890000343322754,14.880000114440918,14.890000343322754,141821,0.0,0.0,0.0
2025-05-12 01:10:00+00:00,14.890000343322754,14.899999618530273,14.890000343322754,14.899999618530273,28100,0.0,0.0,0.0
2025-05-12 01:15:00+00:00,14.920000076293945,14.920000076293945,14.920000076293945,14.920000076293945,9215,0.0,0.0,0.0
2025-05-12 01:20:00+00:00,14.920000076293945,14.920000076293945,14.890000343322754,14.890000343322754,59019,0.0,0.0,0.0
2025-05-12 01:25:00+00:00,14.890000343322754,14.90999984741211,14.890000343322754,14.90999984741211,16693,0.0,0.0,0.0
2025-05-12 01:35:00+00:00,14.880000114440918,14.880000114440918,14.869999885559082,14.869999885559082,26508,0.0,0.0,0.0
2025-05-12 01:45:00+00:00,14.880000114440918,14.899999618530273,14.880000114440918,14.899999618530273,99000,0.0,0.0,0.0
2025-05-12 01:50:00+00:00,14.899999618530273,14.899999618530273,14.899999618530273,14.899999618530273,4191,0.0,0.0,0.0
2025-05-12 01:55:00+00:00,14.890000343322754,14.890000343322754,14.880000114440918,14.880000114440918,8381,0.0,0.0,0.0
2025-05-12 02:00:00+00:00,14.899999618530273,14.899999618530273,14.899999618530273,14.899999618530273,1000,0.0,0.0,0.0
2025-05-12 02:05:00+00:00,14.890000343322754,14.890000343322754,14.890000343322754,14.890000343322754,40261,0.0,0.0,0.0
2025-05-12 02:15:00+00:00,14.890000343322754,14.890000343322754,14.890000343322754,14.890000343322754,4280,0.0,0.0,0.0
2025-05-12 02:25:00+00:00,14.880000114440918,14.880000114440918,14.880000114440918,14.880000114440918,1292,0.0,0.0,0.0
2025-05-12 02:35:00+00:00,14.880000114440918,14.880000114440918,14.869999885559082,14.869999885559082,14238,0.0,0.0,0.0
2025-05-12 02:40:00+00:00,14.869999885559082,14.869999885559082,14.869999885559082,14.869999885559082,6000,0.0,0.0,0.0
2025-05-12 02:45:00+00:00,14.869999885559082,14.869999885559082,14.869999885559082,14.869999885559082,10235,0.0,0.0,0.0
2025-05-12 02:50:00+00:00,14.869999885559082,14.869999885559082,14.869999885559082,14.869999885559082,4310,0.0,0.0,0.0
2025-05-12 02:55:00+00:00,14.869999885559082,14.869999885559082,14.859999656677246,14.859999656677246,75025,0.0,0.0,0.0
2025-05-12 03:00:00+00:00,14.869999885559082,14.869999885559082,14.869999885559082,14.869999885559082,2100,0.0,0.0,0.0
2025-05-12 03:05:00+00:00,14.869999885559082,14.869999885559082,14.869999885559082,14.869999885559082,1167,0.0,0.0,0.0
2025-05-12 03:10:00+00:00,14.880000114440918,14.880000114440918,14.880000114440918,14.880000114440918,13321,0.0,0.0,0.0
2025-05-12 03:25:00+00:00,14.880000114440918,14.880000114440918,14.869999885559082,14.869999885559082,8000,0.0,0.0,0.0
2025-05-12 03:30:00+00:00,14.859999656677246,14.859999656677246,14.859999656677246,14.859999656677246,10310,0.0,0.0,0.0
2025-05-12 03:35:00+00:00,14.859999656677246,14.859999656677246,14.859999656677246,14.859999656677246,1000,0.0,0.0,0.0
2025-05-12 03:40:00+00:00,14.859999656677246,14.869999885559082,14.859999656677246,14.869999885559082,33000,0.0,0.0,0.0
2025-05-12 03:50:00+00:00,14.880000114440918,14.880000114440918,14.880000114440918,14.880000114440918,2005,0.0,0.0,0.0
2025-05-12 03:55:00+00:00,14.880000114440918,14.880000114440918,14.869999885559082,14.880000114440918,22250,0.0,0.0,0.0
2025-05-12 04:00:00+00:00,14.890000343322754,14.890000343322754,14.890000343322754,14.890000343322754,1000,0.0,0.0,0.0
2025-05-12 04:05:00+00:00,14.880000114440918,14.890000343322754,14.880000114440918,14.890000343322754,10270,0.0,0.0,0.0
2025-05-12 04:20:00+00:00,14.890000343322754,14.890000343322754,14.890000343322754,14.890000343322754,12435,0.0,0.0,0.0
2025-05-12 04:30:00+00:00,14.890000343322754,14.890000343322754,14.890000343322754,14.890000343322754,6461,0.0,0.0,0.0
2025-05-12 04:40:00+00:00,14.890000343322754,14.890000343322754,14.890000343322754,14.890000343322754,2050,0.0,0.0,0.0
2025-05-12 04:45:00+00:00,14.890000343322754,14.890000343322754,14.890000343322754,14.890000343322754,10022,0.0,0.0,0.0
2025-05-12 04:50:00+00:00,14.890000343322754,14.890000343322754,14.890000343322754,14.890000343322754,1078,0.0,0.0,0.0
2025-05-12 05:00:00+00:00,14.880000114440918,14.880000114440918,14.880000114440918,14.880000114440918,1000,0.0,0.0,0.0
2025-05-12 05:05:00+00:00,14.880000114440918,14.890000343322754,14.880000114440918,14.890000343322754,11000,0.0,0.0,0.0
2025-05-12 05:10:00+00:00,14.880000114440918,14.880000114440918,14.880000114440918,14.880000114440918,17110,0.0,0.0,0.0
2025-05-12 05:15:00+00:00,14.880000114440918,14.880000114440918,14.880000114440918,14.880000114440918,1230,0.0,0.0,0.0
2025-05-12 05:20:00+00:00,14.890000343322754,14.899999618530273,14.890000343322754,14.899999618530273,70488,0.0,0.0,0.0
2025-05-13 01:00:00+00:00,15.079999923706055,15.079999923706055,15.029999732971191,15.029999732971191,62000,0.0,0.0,0.0
2025-05-13 01:05:00+00:00,15.029999732971191,15.039999961853027,15.0,15.0,14854,0.0,0.0,0.0
2025-05-13 01:10:00+00:00,15.0,15.029999732971191,15.0,15.0,206404,0.0,0.0,0.0
2025-05-13 01:15:00+00:00,15.0,15.020000457763672,15.0,15.020000457763672,19946,0.0,0.0,0.0
2025-05-13 01:20:00+00:00,15.029999732971191,15.029999732971191,15.020000457763672,15.020000457763672,11264,0.0,0.0,0.0
2025-05-13 01:25:00+00:00,15.020000457763672,15.020000457763672,15.0,15.010000228881836,132310,0.0,0.0,0.0
2025-05-13 01:30:00+00:00,15.020000457763672,15.029999732971191,15.010000228881836,15.029999732971191,28316,0.0,0.0,0.0
2025-05-13 01:35:00+00:00,15.029999732971191,15.050000190734863,15.029999732971191,15.039999961853027,171798,0.0,0.0,0.0
2025-05-13 01:40:00+00:00,15.039999961853027,15.039999961853027,15.029999732971191,15.039999961853027,197900,0.0,0.0,0.0
2025-05-13 01:45:00+00:00,15.050000190734863,15.050000190734863,15.050000190734863,15.050000190734863,33552,0.0,0.0,0.0
2025-05-13 01:50:00+00:00,15.0600004196167,15.0600004196167,15.050000190734863,15.050000190734863,25600,0.0,0.0,0.0
2025-05-13 01:55:00+00:00,15.039999961853027,15.050000190734863,15.039999961853027,15.039999961853027,118000,0.0,0.0,0.0
2025-05-13 02:00:00+00:00,15.0600004196167,15.069999694824219,15.050000190734863,15.050000190734863,12858,0.0,0.0,0.0
2025-05-13 02:05:00+00:00,15.050000190734863,15.050000190734863,15.050000190734863,15.050000190734863,22153,0.0,0.0,0.0
2025-05-13 02:10:00+00:00,15.050000190734863,15.050000190734863,15.050000190734863,15.050000190734863,6798,0.0,0.0,0.0
2025-05-13 02:15:00+00:00,15.050000190734863,15.069999694824219,15.050000190734863,15.069999694824219,3200,0.0,0.0,0.0
2025-05-13 02:20:00+00:00,15.029999732971191,15.0600004196167,15.029999732971191,15.050000190734863,10573,0.0,0.0,0.0
2025-05-13 02:25:00+00:00,15.020000457763672,15.020000457763672,15.020000457763672,15.020000457763672,39566,0.0,0.0,0.0
2025-05-13 02:30:00+00:00,15.039999961853027,15.039999961853027,15.029999732971191,15.029999732971191,4240,0.0,0.0,0.0
2025-05-13 02:35:00+00:00,15.029999732971191,15.029999732971191,15.029999732971191,15.029999732971191,3231,0.0,0.0,0.0
2025-05-13 02:40:00+00:00,15.029999732971191,15.029999732971191,15.029999732971191,15.029999732971191,1000,0.0,0.0,0.0
2025-05-13 02:45:00+00:00,15.039999961853027,15.039999961853027,15.039999961853027,15.039999961853027,2449,0.0,0.0,0.0
2025-05-13 03:00:00+00:00,15.039999961853027,15.039999961853027,15.020000457763672,15.020000457763672,4110,0.0,0.0,0.0
2025-05-13 03:05:00+00:00,15.010000228881836,15.010000228881836,14.989999771118164,14.989999771118164,25101,0.0,0.0,0.0
2025-05-13 03:10:00+00:00,14.979999542236328,14.979999542236328,14.979999542236328,14.979999542236328,5140,0.0,0.0,0.0
2025-05-13 03:15:00+00:00,14.989999771118164,14.989999771118164,14.989999771118164,14.989999771118164,2173,0.0,0.0,0.0
2025-05-13 03:20:00+00:00,14.989999771118164,15.0,14.989999771118164,15.0,12227,0.0,0.0,0.0
2025-05-13 03:25:00+00:00,15.0,15.010000228881836,15.0,15.010000228881836,7198,0.0,0.0,0.0
2025-05-13 03:35:00+00:00,15.0,15.0,15.0,15.0,2105,0.0,0.0,0.0
2025-05-13 03:40:00+00:00,15.0,15.0,15.0,15.0,13195,0.0,0.0,0.0
2025-05-13 03:45:00+00:00,15.0,15.010000228881836,14.989999771118164,14.989999771118164,10305,0.0,0.0,0.0
2025-05-13 03:55:00+00:00,14.989999771118164,14.989999771118164,14.989999771118164,14.989999771118164,1000,0.0,0.0,0.0
2025-05-13 04:00:00+00:00,15.0,15.0,15.0,15.0,31097,0.0,0.0,0.0
2025-05-13 04:05:00+00:00,15.0,15.0,15.0,15.0,3010,0.0,0.0,0.0
2025-05-13 04:10:00+00:00,14.989999771118164,14.989999771118164,14.989999771118164,14.989999771118164,60646,0.0,0.0,0.0
2025-05-13 04:15:00+00:00,15.0,15.0,15.0,15.0,23000,0.0,0.0,0.0
2025-05-13 04:20:00+00:00,15.010000228881836,15.010000228881836,15.010000228881836,15.010000228881836,13299,0.0,0.0,0.0
2025-05-13 04:25:00+00:00,15.010000228881836,15.010000228881836,15.010000228881836,15.010000228881836,20349,0.0,0.0,0.0
2025-05-13 04:30:00+00:00,15.010000228881836,15.020000457763672,15.010000228881836,15.020000457763672,9340,0.0,0.0,0.0
2025-05-13 04:50:00+00:00,15.020000457763672,15.020000457763672,15.020000457763672,15.020000457763672,7207,0.0,0.0,0.0
2025-05-13 05:00:00+00:00,15.020000457763672,15.020000457763672,15.020000457763672,15.020000457763672,1097,0.0,0.0,0.0
2025-05-13 05:05:00+00:00,15.010000228881836,15.010000228881836,15.010000228881836,15.010000228881836,2000,0.0,0.0,0.0
2025-05-13 05:10:00+00:00,15.010000228881836,15.010000228881836,15.010000228881836,15.010000228881836,15020,0.0,0.0,0.0
2025-05-13 05:15:00+00:00,15.010000228881836,15.010000228881836,15.010000228881836,15.010000228881836,119633,0.0,0.0,0.0
2025-05-13 05:20:00+00:00,15.010000228881836,15.020000457763672,15.010000228881836,15.020000457763672,39637,0.0,0.0,0.0
2025-05-14 01:00:00+00:00,15.100000381469727,15.140000343322754,15.100000381469727,15.140000343322754,71000,0.0,0.0,0.0
2025-05-14 01:05:00+00:00,15.130000114440918,15.140000343322754,15.100000381469727,15.100000381469727,124645,0.0,0.0,0.0
2025-05-14 01:10:00+00:00,15.100000381469727,15.100000381469727,15.09000015258789,15.09000015258789,4008,0.0,0.0,0.0
2025-05-14 01:15:00+00:00,15.050000190734863,15.079999923706055,15.050000190734863,15.069999694824219,10050,0.0,0.0,0.0
2025-05-14 01:20:00+00:00,15.09000015258789,15.09000015258789,15.09000015258789,15.09000015258789,20688,0.0,0.0,0.0
2025-05-14 01:25:00+00:00,15.09000015258789,15.109999656677246,15.09000015258789,15.109999656677246,29071,0.0,0.0,0.0
2025-05-14 01:30:00+00:00,15.109999656677246,15.119999885559082,15.109999656677246,15.119999885559082,36406,0.0,0.0,0.0
2025-05-14 01:35:00+00:00,15.130000114440918,15.140000343322754,15.130000114440918,15.140000343322754,57000,0.0,0.0,0.0
2025-05-14 01:40:00+00:00,15.140000343322754,15.170000076293945,15.140000343322754,15.170000076293945,163600,0.0,0.0,0.0
2025-05-14 01:45:00+00:00,15.170000076293945,15.170000076293945,15.15999984741211,15.15999984741211,10061,0.0,0.0,0.0
2025-05-14 01:50:00+00:00,15.170000076293945,15.170000076293945,15.170000076293945,15.170000076293945,45455,0.0,0.0,0.0
2025-05-14 01:55:00+00:00,15.15999984741211,15.15999984741211,15.15999984741211,15.15999984741211,100280,0.0,0.0,0.0
2025-05-14 02:00:00+00:00,15.15999984741211,15.15999984741211,15.15999984741211,15.15999984741211,16000,0.0,0.0,0.0
2025-05-14 02:05:00+00:00,15.170000076293945,15.1899995803833,15.170000076293945,15.1899995803833,95800,0.0,0.0,0.0
2025-05-14 02:15:00+00:00,15.180000305175781,15.1899995803833,15.180000305175781,15.1899995803833,17035,0.0,0.0,0.0
2025-05-14 02:20:00+00:00,15.180000305175781,15.180000305175781,15.180000305175781,15.180000305175781,3185,0.0,0.0,0.0
2025-05-14 02:25:00+00:00,15.1899995803833,15.1899995803833,15.180000305175781,15.180000305175781,105005,0.0,0.0,0.0
2025-05-14 02:30:00+00:00,15.170000076293945,15.170000076293945,15.149999618530273,15.149999618530273,7000,0.0,0.0,0.0
2025-05-14 02:40:00+00:00,15.149999618530273,15.149999618530273,15.140000343322754,15.140000343322754,45040,0.0,0.0,0.0
2025-05-14 02:45:00+00:00,15.130000114440918,15.130000114440918,15.130000114440918,15.130000114440918,65555,0.0,0.0,0.0
2025-05-14 02:50:00+00:00,15.109999656677246,15.119999885559082,15.109999656677246,15.119999885559082,12100,0.0,0.0,0.0
2025-05-14 02:55:00+00:00,15.130000114440918,15.140000343322754,15.130000114440918,15.140000343322754,111302,0.0,0.0,0.0
2025-05-14 03:00:00+00:00,15.140000343322754,15.140000343322754,15.140000343322754,15.140000343322754,2000,0.0,0.0,0.0
2025-05-14 03:05:00+00:00,15.149999618530273,15.149999618530273,15.140000343322754,15.149999618530273,53000,0.0,0.0,0.0
2025-05-14 03:10:00+00:00,15.149999618530273,15.15999984741211,15.149999618530273,15.15999984741211,21980,0.0,0.0,0.0
2025-05-14 03:20:00+00:00,15.15999984741211,15.15999984741211,15.15999984741211,15.15999984741211,21012,0.0,0.0,0.0
2025-05-14 03:25:00+00:00,15.15999984741211,15.170000076293945,15.15999984741211,15.170000076293945,67000,0.0,0.0,0.0
2025-05-14 03:30:00+00:00,15.170000076293945,15.180000305175781,15.170000076293945,15.180000305175781,13070,0.0,0.0,0.0
2025-05-14 03:35:00+00:00,15.180000305175781,15.180000305175781,15.149999618530273,15.149999618530273,56000,0.0,0.0,0.0
2025-05-14 03:40:00+00:00,15.15999984741211,15.15999984741211,15.15999984741211,15.15999984741211,1000,0.0,0.0,0.0
2025-05-14 03:45:00+00:00,15.170000076293945,15.170000076293945,15.15999984741211,15.15999984741211,22170,0.0,0.0,0.0
2025-05-14 03:55:00+00:00,15.149999618530273,15.149999618530273,15.149999618530273,15.149999618530273,1000,0.0,0.0,0.0
2025-05-14 04:00:00+00:00,15.149999618530273,15.149999618530273,15.149999618530273,15.149999618530273,20100,0.0,0.0,0.0
2025-05-14 04:05:00+00:00,15.15999984741211,15.170000076293945,15.15999984741211,15.170000076293945,116204,0.0,0.0,0.0
2025-05-14 04:15:00+00:00,15.15999984741211,15.15999984741211,15.15999984741211,15.15999984741211,5293,0.0,0.0,0.0
2025-05-14 04:20:00+00:00,15.170000076293945,15.170000076293945,15.170000076293945,15.170000076293945,14654,0.0,0.0,0.0
2025-05-14 04:25:00+00:00,15.170000076293945,15.180000305175781,15.15999984741211,15.180000305175781,95527,0.0,0.0,0.0
2025-05-14 04:30:00+00:00,15.1899995803833,15.1899995803833,15.1899995803833,15.1899995803833,21100,0.0,0.0,0.0
2025-05-14 04:35:00+00:00,15.1899995803833,15.1899995803833,15.1899995803833,15.1899995803833,10000,0.0,0.0,0.0
2025-05-14 04:40:00+00:00,15.1899995803833,15.1899995803833,15.1899995803833,15.1899995803833,27114,0.0,0.0,0.0
2025-05-14 04:45:00+00:00,15.180000305175781,15.180000305175781,15.180000305175781,15.180000305175781,30010,0.0,0.0,0.0
2025-05-14 04:50:00+00:00,15.180000305175781,15.180000305175781,15.170000076293945,15.180000305175781,5148,0.0,0.0,0.0
2025-05-14 05:00:00+00:00,15.180000305175781,15.180000305175781,15.170000076293945,15.170000076293945,8382,0.0,0.0,0.0
2025-05-14 05:05:00+00:00,15.170000076293945,15.180000305175781,15.170000076293945,15.180000305175781,106248,0.0,0.0,0.0
2025-05-14 05:10:00+00:00,15.170000076293945,15.170000076293945,15.170000076293945,15.170000076293945,13002,0.0,0.0,0.0
2025-05-14 05:15:00+00:00,15.170000076293945,15.170000076293945,15.170000076293945,15.170000076293945,8196,0.0,0.0,0.0
2025-05-14 05:20:00+00:00,15.170000076293945,15.1899995803833,15.170000076293945,15.170000076293945,18553,0.0,0.0,0.0
2025-05-15 01:00:00+00:00,15.210000038146973,15.25,15.210000038146973,15.25,0,0.0,0.0,0.0
2025-05-15 01:05:00+00:00,15.239999771118164,15.270000457763672,15.229999542236328,15.229999542236328,50737,0.0,0.0,0.0
2025-05-15 01:10:00+00:00,15.239999771118164,15.239999771118164,15.239999771118164,15.239999771118164,29147,0.0,0.0,0.0
2025-05-15 01:15:00+00:00,15.25,15.260000228881836,15.25,15.260000228881836,11040,0.0,0.0,0.0
2025-05-15 01:20:00+00:00,15.220000267028809,15.220000267028809,15.199999809265137,15.199999809265137,113315,0.0,0.0,0.0
2025-05-15 01:25:00+00:00,15.1899995803833,15.1899995803833,15.1899995803833,15.1899995803833,3044,0.0,0.0,0.0
2025-05-15 01:30:00+00:00,15.15999984741211,15.1899995803833,15.15999984741211,15.1899995803833,28806,0.0,0.0,0.0
2025-05-15 01:35:00+00:00,15.1899995803833,15.210000038146973,15.1899995803833,15.199999809265137,30083,0.0,0.0,0.0
2025-05-15 01:40:00+00:00,15.199999809265137,15.239999771118164,15.199999809265137,15.239999771118164,47109,0.0,0.0,0.0
2025-05-15 01:45:00+00:00,15.25,15.260000228881836,15.25,15.25,80980,0.0,0.0,0.0
2025-05-15 01:50:00+00:00,15.25,15.25,15.25,15.25,203688,0.0,0.0,0.0
2025-05-15 01:55:00+00:00,15.239999771118164,15.239999771118164,15.239999771118164,15.239999771118164,33180,0.0,0.0,0.0
2025-05-15 02:00:00+00:00,15.220000267028809,15.220000267028809,15.210000038146973,15.210000038146973,102320,0.0,0.0,0.0
2025-05-15 02:10:00+00:00,15.210000038146973,15.210000038146973,15.210000038146973,15.210000038146973,13000,0.0,0.0,0.0
2025-05-15 02:15:00+00:00,15.220000267028809,15.220000267028809,15.220000267028809,15.220000267028809,12000,0.0,0.0,0.0
2025-05-15 02:20:00+00:00,15.210000038146973,15.210000038146973,15.210000038146973,15.210000038146973,100006,0.0,0.0,0.0
2025-05-15 02:30:00+00:00,15.210000038146973,15.220000267028809,15.210000038146973,15.220000267028809,44028,0.0,0.0,0.0
2025-05-15 02:35:00+00:00,15.220000267028809,15.220000267028809,15.220000267028809,15.220000267028809,7000,0.0,0.0,0.0
2025-05-15 02:40:00+00:00,15.220000267028809,15.229999542236328,15.220000267028809,15.229999542236328,21815,0.0,0.0,0.0
2025-05-15 02:45:00+00:00,15.220000267028809,15.229999542236328,15.220000267028809,15.229999542236328,17233,0.0,0.0,0.0
2025-05-15 02:50:00+00:00,15.239999771118164,15.25,15.239999771118164,15.239999771118164,20068,0.0,0.0,0.0
2025-05-15 02:55:00+00:00,15.239999771118164,15.25,15.239999771118164,15.25,33009,0.0,0.0,0.0
2025-05-15 03:00:00+00:00,15.260000228881836,15.260000228881836,15.260000228881836,15.260000228881836,6082,0.0,0.0,0.0
2025-05-15 03:15:00+00:00,15.25,15.25,15.25,15.25,13000,0.0,0.0,0.0
2025-05-15 03:20:00+00:00,15.25,15.25,15.239999771118164,15.239999771118164,8007,0.0,0.0,0.0
2025-05-15 03:25:00+00:00,15.239999771118164,15.239999771118164,15.239999771118164,15.239999771118164,2000,0.0,0.0,0.0
2025-05-15 03:30:00+00:00,15.239999771118164,15.239999771118164,15.239999771118164,15.239999771118164,9500,0.0,0.0,0.0
2025-05-15 03:35:00+00:00,15.229999542236328,15.229999542236328,15.229999542236328,15.229999542236328,1000,0.0,0.0,0.0
2025-05-15 03:40:00+00:00,15.229999542236328,15.229999542236328,15.220000267028809,15.220000267028809,6100,0.0,0.0,0.0
2025-05-15 03:45:00+00:00,15.229999542236328,15.229999542236328,15.229999542236328,15.229999542236328,3000,0.0,0.0,0.0
2025-05-15 03:55:00+00:00,15.229999542236328,15.229999542236328,15.229999542236328,15.229999542236328,29561,0.0,0.0,0.0
2025-05-15 04:05:00+00:00,15.229999542236328,15.229999542236328,15.229999542236328,15.229999542236328,1010,0.0,0.0,0.0
2025-05-15 04:10:00+00:00,15.229999542236328,15.229999542236328,15.229999542236328,15.229999542236328,8000,0.0,0.0,0.0
2025-05-15 04:15:00+00:00,15.229999542236328,15.229999542236328,15.229999542236328,15.229999542236328,6000,0.0,0.0,0.0
2025-05-15 04:20:00+00:00,15.229999542236328,15.229999542236328,15.229999542236328,15.229999542236328,2229,0.0,0.0,0.0
2025-05-15 04:25:00+00:00,15.229999542236328,15.229999542236328,15.229999542236328,15.229999542236328,4000,0.0,0.0,0.0
2025-05-15 04:30:00+00:00,15.229999542236328,15.229999542236328,15.220000267028809,15.220000267028809,17000,0.0,0.0,0.0
2025-05-15 04:35:00+00:00,15.229999542236328,15.229999542236328,15.220000267028809,15.220000267028809,22100,0.0,0.0,0.0
2025-05-15 04:40:00+00:00,15.220000267028809,15.229999542236328,15.220000267028809,15.229999542236328,14090,0.0,0.0,0.0
2025-05-15 04:45:00+00:00,15.229999542236328,15.229999542236328,15.229999542236328,15.229999542236328,11000,0.0,0.0,0.0
2025-05-15 04:50:00+00:00,15.220000267028809,15.229999542236328,15.220000267028809,15.229999542236328,16500,0.0,0.0,0.0
2025-05-15 04:55:00+00:00,15.229999542236328,15.229999542236328,15.229999542236328,15.229999542236328,1000,0.0,0.0,0.0
2025-05-15 05:00:00+00:00,15.229999542236328,15.229999542236328,15.229999542236328,15.229999542236328,10632,0.0,0.0,0.0
2025-05-15 05:05:00+00:00,15.229999542236328,15.229999542236328,15.229999542236328,15.229999542236328,26063,0.0,0.0,0.0
2025-05-15 05:10:00+00:00,15.229999542236328,15.229999542236328,15.229999542236328,15.229999542236328,6000,0.0,0.0,0.0
2025-05-15 05:15:00+00:00,15.229999542236328,15.229999542236328,15.229999542236328,15.229999542236328,9710,0.0,0.0,0.0
2025-05-15 05:20:00+00:00,15.239999771118164,15.239999771118164,15.229999542236328,15.229999542236328,7000,0.0,0.0,0.0
2025-05-16 01:00:00+00:00,15.270000457763672,15.289999961853027,15.270000457763672,15.289999961853027,0,0.0,0.0,0.0
2025-05-16 01:05:00+00:00,15.270000457763672,15.270000457763672,15.270000457763672,15.270000457763672,10613,0.0,0.0,0.0
2025-05-16 01:10:00+00:00,15.270000457763672,15.270000457763672,15.270000457763672,15.270000457763672,90070,0.0,0.0,0.0
2025-05-16 01:15:00+00:00,15.279999732971191,15.300000190734863,15.279999732971191,15.300000190734863,142825,0.0,0.0,0.0
2025-05-16 01:20:00+00:00,15.300000190734863,15.300000190734863,15.300000190734863,15.300000190734863,47100,0.0,0.0,0.0
2025-05-16 01:25:00+00:00,15.300000190734863,15.3100004196167,15.300000190734863,15.3100004196167,36201,0.0,0.0,0.0
2025-05-16 01:30:00+00:00,15.3100004196167,15.3100004196167,15.300000190734863,15.3100004196167,20750,0.0,0.0,0.0
2025-05-16 01:35:00+00:00,15.319999694824219,15.359999656677246,15.319999694824219,15.359999656677246,113439,0.0,0.0,0.0
2025-05-16 01:40:00+00:00,15.350000381469727,15.359999656677246,15.350000381469727,15.359999656677246,5480,0.0,0.0,0.0
2025-05-16 01:45:00+00:00,15.369999885559082,15.380000114440918,15.359999656677246,15.359999656677246,32185,0.0,0.0,0.0
2025-05-16 01:50:00+00:00,15.350000381469727,15.350000381469727,15.350000381469727,15.350000381469727,1065,0.0,0.0,0.0
2025-05-16 01:55:00+00:00,15.359999656677246,15.380000114440918,15.350000381469727,15.380000114440918,71139,0.0,0.0,0.0
2025-05-16 02:00:00+00:00,15.390000343322754,15.399999618530273,15.380000114440918,15.380000114440918,11500,0.0,0.0,0.0
2025-05-16 02:05:00+00:00,15.380000114440918,15.380000114440918,15.380000114440918,15.380000114440918,2038,0.0,0.0,0.0
2025-05-16 02:10:00+00:00,15.369999885559082,15.369999885559082,15.369999885559082,15.369999885559082,7000,0.0,0.0,0.0
2025-05-16 02:15:00+00:00,15.369999885559082,15.369999885559082,15.369999885559082,15.369999885559082,3118,0.0,0.0,0.0
2025-05-16 02:20:00+00:00,15.369999885559082,15.390000343322754,15.369999885559082,15.380000114440918,78025,0.0,0.0,0.0
2025-05-16 02:25:00+00:00,15.390000343322754,15.390000343322754,15.390000343322754,15.390000343322754,4018,0.0,0.0,0.0
2025-05-16 02:30:00+00:00,15.399999618530273,15.399999618530273,15.399999618530273,15.399999618530273,109100,0.0,0.0,0.0
2025-05-16 02:35:00+00:00,15.40999984741211,15.430000305175781,15.40999984741211,15.430000305175781,88430,0.0,0.0,0.0
2025-05-16 02:40:00+00:00,15.430000305175781,15.430000305175781,15.430000305175781,15.430000305175781,22000,0.0,0.0,0.0
2025-05-16 02:45:00+00:00,15.4399995803833,15.4399995803833,15.430000305175781,15.430000305175781,4351,0.0,0.0,0.0
2025-05-16 02:50:00+00:00,15.40999984741211,15.40999984741211,15.40999984741211,15.40999984741211,13580,0.0,0.0,0.0
2025-05-16 02:55:00+00:00,15.420000076293945,15.420000076293945,15.420000076293945,15.420000076293945,4017,0.0,0.0,0.0
2025-05-16 03:00:00+00:00,15.420000076293945,15.420000076293945,15.40999984741211,15.40999984741211,5300,0.0,0.0,0.0
2025-05-16 03:05:00+00:00,15.40999984741211,15.420000076293945,15.40999984741211,15.420000076293945,31027,0.0,0.0,0.0
2025-05-16 03:10:00+00:00,15.430000305175781,15.4399995803833,15.430000305175781,15.4399995803833,76300,0.0,0.0,0.0
2025-05-16 03:15:00+00:00,15.449999809265137,15.449999809265137,15.4399995803833,15.449999809265137,94380,0.0,0.0,0.0
2025-05-16 03:20:00+00:00,15.449999809265137,15.460000038146973,15.449999809265137,15.449999809265137,7991,0.0,0.0,0.0
2025-05-16 03:25:00+00:00,15.460000038146973,15.460000038146973,15.460000038146973,15.460000038146973,20018,0.0,0.0,0.0
2025-05-16 03:30:00+00:00,15.449999809265137,15.449999809265137,15.449999809265137,15.449999809265137,18118,0.0,0.0,0.0
2025-05-16 03:35:00+00:00,15.4399995803833,15.4399995803833,15.420000076293945,15.420000076293945,205729,0.0,0.0,0.0
2025-05-16 03:40:00+00:00,15.40999984741211,15.40999984741211,15.399999618530273,15.399999618530273,7088,0.0,0.0,0.0
2025-05-16 03:45:00+00:00,15.399999618530273,15.399999618530273,15.399999618530273,15.399999618530273,29002,0.0,0.0,0.0
2025-05-16 03:50:00+00:00,15.399999618530273,15.399999618530273,15.399999618530273,15.399999618530273,10119,0.0,0.0,0.0
2025-05-16 03:55:00+00:00,15.390000343322754,15.390000343322754,15.390000343322754,15.390000343322754,33027,0.0,0.0,0.0
2025-05-16 04:05:00+00:00,15.399999618530273,15.399999618530273,15.399999618530273,15.399999618530273,8019,0.0,0.0,0.0
2025-05-16 04:10:00+00:00,15.399999618530273,15.399999618530273,15.399999618530273,15.399999618530273,1000,0.0,0.0,0.0
2025-05-16 04:15:00+00:00,15.399999618530273,15.399999618530273,15.399999618530273,15.399999618530273,40973,0.0,0.0,0.0
2025-05-16 04:25:00+00:00,15.399999618530273,15.399999618530273,15.399999618530273,15.399999618530273,10200,0.0,0.0,0.0
2025-05-16 04:30:00+00:00,15.399999618530273,15.40999984741211,15.399999618530273,15.40999984741211,29218,0.0,0.0,0.0
2025-05-16 04:35:00+00:00,15.40999984741211,15.420000076293945,15.40999984741211,15.420000076293945,24356,0.0,0.0,0.0
2025-05-16 04:40:00+00:00,15.420000076293945,15.420000076293945,15.420000076293945,15.420000076293945,3547,0.0,0.0,0.0
2025-05-16 04:45:00+00:00,15.420000076293945,15.430000305175781,15.420000076293945,15.430000305175781,7584,0.0,0.0,0.0
2025-05-16 04:55:00+00:00,15.399999618530273,15.399999618530273,15.399999618530273,15.399999618530273,74282,0.0,0.0,0.0
2025-05-16 05:00:00+00:00,15.399999618530273,15.40999984741211,15.399999618530273,15.40999984741211,65750,0.0,0.0,0.0
2025-05-16 05:05:00+00:00,15.40999984741211,15.40999984741211,15.40999984741211,15.40999984741211,6271,0.0,0.0,0.0
2025-05-16 05:10:00+00:00,15.40999984741211,15.40999984741211,15.40999984741211,15.40999984741211,9000,0.0,0.0,0.0
2025-05-16 05:15:00+00:00,15.40999984741211,15.40999984741211,15.40999984741211,15.40999984741211,30230,0.0,0.0,0.0
2025-05-16 05:20:00+00:00,15.40999984741211,15.40999984741211,15.399999618530273,15.40999984741211,14868,0.0,0.0,0.0
2025-05-19 01:00:00+00:00,15.369999885559082,15.399999618530273,15.350000381469727,15.359999656677246,0,0.0,0.0,0.0
2025-05-19 01:05:00+00:00,15.369999885559082,15.380000114440918,15.359999656677246,15.369999885559082,159093,0.0,0.0,0.0
2025-05-19 01:10:00+00:00,15.369999885559082,15.369999885559082,15.34000015258789,15.34000015258789,264890,0.0,0.0,0.0
2025-05-19 01:15:00+00:00,15.329999923706055,15.329999923706055,15.319999694824219,15.319999694824219,14440,0.0,0.0,0.0
2025-05-19 01:20:00+00:00,15.3100004196167,15.3100004196167,15.289999961853027,15.289999961853027,58646,0.0,0.0,0.0
2025-05-19 01:25:00+00:00,15.300000190734863,15.3100004196167,15.289999961853027,15.3100004196167,16265,0.0,0.0,0.0
2025-05-19 01:30:00+00:00,15.329999923706055,15.329999923706055,15.300000190734863,15.3100004196167,31098,0.0,0.0,0.0
2025-05-19 01:35:00+00:00,15.3100004196167,15.329999923706055,15.3100004196167,15.319999694824219,23335,0.0,0.0,0.0
2025-05-19 01:40:00+00:00,15.319999694824219,15.319999694824219,15.3100004196167,15.3100004196167,37114,0.0,0.0,0.0
2025-05-19 01:45:00+00:00,15.319999694824219,15.319999694824219,15.300000190734863,15.300000190734863,145100,0.0,0.0,0.0
2025-05-19 01:50:00+00:00,15.3100004196167,15.3100004196167,15.289999961853027,15.289999961853027,33477,0.0,0.0,0.0
2025-05-19 01:55:00+00:00,15.289999961853027,15.289999961853027,15.289999961853027,15.289999961853027,6384,0.0,0.0,0.0
2025-05-19 02:00:00+00:00,15.289999961853027,15.300000190734863,15.279999732971191,15.300000190734863,40575,0.0,0.0,0.0
2025-05-19 02:05:00+00:00,15.3100004196167,15.319999694824219,15.3100004196167,15.319999694824219,19176,0.0,0.0,0.0
2025-05-19 02:10:00+00:00,15.319999694824219,15.319999694824219,15.3100004196167,15.319999694824219,19117,0.0,0.0,0.0
2025-05-19 02:15:00+00:00,15.329999923706055,15.350000381469727,15.329999923706055,15.350000381469727,11389,0.0,0.0,0.0
2025-05-19 02:20:00+00:00,15.350000381469727,15.350000381469727,15.34000015258789,15.34000015258789,12000,0.0,0.0,0.0
2025-05-19 02:25:00+00:00,15.350000381469727,15.359999656677246,15.350000381469727,15.359999656677246,10444,0.0,0.0,0.0
2025-05-19 02:30:00+00:00,15.359999656677246,15.369999885559082,15.350000381469727,15.350000381469727,113040,0.0,0.0,0.0
2025-05-19 02:35:00+00:00,15.350000381469727,15.359999656677246,15.350000381469727,15.359999656677246,11260,0.0,0.0,0.0
2025-05-19 02:40:00+00:00,15.359999656677246,15.359999656677246,15.359999656677246,15.359999656677246,4000,0.0,0.0,0.0
2025-05-19 02:45:00+00:00,15.369999885559082,15.369999885559082,15.369999885559082,15.369999885559082,3400,0.0,0.0,0.0
2025-05-19 02:55:00+00:00,15.359999656677246,15.359999656677246,15.359999656677246,15.359999656677246,1060,0.0,0.0,0.0
2025-05-19 03:00:00+00:00,15.369999885559082,15.369999885559082,15.369999885559082,15.369999885559082,2153,0.0,0.0,0.0
2025-05-19 03:05:00+00:00,15.359999656677246,15.359999656677246,15.359999656677246,15.359999656677246,1000,0.0,0.0,0.0
2025-05-19 03:10:00+00:00,15.350000381469727,15.350000381469727,15.329999923706055,15.329999923706055,35000,0.0,0.0,0.0
2025-05-19 03:15:00+00:00,15.329999923706055,15.329999923706055,15.319999694824219,15.319999694824219,3168,0.0,0.0,0.0
2025-05-19 03:20:00+00:00,15.329999923706055,15.329999923706055,15.319999694824219,15.319999694824219,20000,0.0,0.0,0.0
2025-05-19 03:25:00+00:00,15.319999694824219,15.319999694824219,15.319999694824219,15.319999694824219,25061,0.0,0.0,0.0
2025-05-19 03:30:00+00:00,15.300000190734863,15.300000190734863,15.300000190734863,15.300000190734863,100410,0.0,0.0,0.0
2025-05-19 03:35:00+00:00,15.279999732971191,15.279999732971191,15.279999732971191,15.279999732971191,7041,0.0,0.0,0.0
2025-05-19 03:45:00+00:00,15.279999732971191,15.279999732971191,15.279999732971191,15.279999732971191,7200,0.0,0.0,0.0
2025-05-19 03:50:00+00:00,15.279999732971191,15.279999732971191,15.279999732971191,15.279999732971191,1000,0.0,0.0,0.0
2025-05-19 03:55:00+00:00,15.300000190734863,15.300000190734863,15.300000190734863,15.300000190734863,13340,0.0,0.0,0.0
2025-05-19 04:15:00+00:00,15.300000190734863,15.300000190734863,15.300000190734863,15.300000190734863,20113,0.0,0.0,0.0
2025-05-19 04:20:00+00:00,15.279999732971191,15.279999732971191,15.279999732971191,15.279999732971191,10010,0.0,0.0,0.0
2025-05-19 04:25:00+00:00,15.279999732971191,15.279999732971191,15.279999732971191,15.279999732971191,2557,0.0,0.0,0.0
2025-05-19 04:30:00+00:00,15.270000457763672,15.279999732971191,15.270000457763672,15.279999732971191,4267,0.0,0.0,0.0
2025-05-19 04:35:00+00:00,15.279999732971191,15.279999732971191,15.279999732971191,15.279999732971191,6000,0.0,0.0,0.0
2025-05-19 04:40:00+00:00,15.270000457763672,15.270000457763672,15.270000457763672,15.270000457763672,9030,0.0,0.0,0.0
2025-05-19 04:45:00+00:00,15.279999732971191,15.279999732971191,15.279999732971191,15.279999732971191,1447,0.0,0.0,0.0
2025-05-19 04:50:00+00:00,15.270000457763672,15.270000457763672,15.260000228881836,15.260000228881836,20220,0.0,0.0,0.0
2025-05-19 04:55:00+00:00,15.260000228881836,15.260000228881836,15.260000228881836,15.260000228881836,6078,0.0,0.0,0.0
2025-05-19 05:05:00+00:00,15.270000457763672,15.270000457763672,15.270000457763672,15.270000457763672,187520,0.0,0.0,0.0
2025-05-19 05:10:00+00:00,15.260000228881836,15.270000457763672,15.260000228881836,15.260000228881836,14205,0.0,0.0,0.0
2025-05-19 05:15:00+00:00,15.260000228881836,15.260000228881836,15.25,15.25,30968,0.0,0.0,0.0
2025-05-19 05:20:00+00:00,15.260000228881836,15.260000228881836,15.260000228881836,15.260000228881836,9123,0.0,0.0,0.0
2025-05-20 01:00:00+00:00,15.270000457763672,15.300000190734863,15.270000457763672,15.279999732971191,0,0.0,0.0,0.0
2025-05-20 01:05:00+00:00,15.289999961853027,15.300000190734863,15.289999961853027,15.300000190734863,58239,0.0,0.0,0.0
2025-05-20 01:10:00+00:00,15.279999732971191,15.279999732971191,15.279999732971191,15.279999732971191,12077,0.0,0.0,0.0
2025-05-20 01:15:00+00:00,15.270000457763672,15.270000457763672,15.25,15.260000228881836,4079,0.0,0.0,0.0
2025-05-20 01:20:00+00:00,15.260000228881836,15.260000228881836,15.25,15.25,8661,0.0,0.0,0.0
2025-05-20 01:25:00+00:00,15.25,15.25,15.239999771118164,15.239999771118164,5145,0.0,0.0,0.0
2025-05-20 01:30:00+00:00,15.25,15.25,15.220000267028809,15.220000267028809,15078,0.0,0.0,0.0
2025-05-20 01:35:00+00:00,15.220000267028809,15.220000267028809,15.210000038146973,15.210000038146973,28231,0.0,0.0,0.0
2025-05-20 01:40:00+00:00,15.220000267028809,15.229999542236328,15.220000267028809,15.229999542236328,23222,0.0,0.0,0.0
2025-05-20 01:45:00+00:00,15.229999542236328,15.25,15.229999542236328,15.25,20100,0.0,0.0,0.0
2025-05-20 01:50:00+00:00,15.25,15.25,15.25,15.25,9092,0.0,0.0,0.0
2025-05-20 01:55:00+00:00,15.260000228881836,15.260000228881836,15.260000228881836,15.260000228881836,13142,0.0,0.0,0.0
2025-05-20 02:00:00+00:00,15.270000457763672,15.279999732971191,15.270000457763672,15.279999732971191,74376,0.0,0.0,0.0
2025-05-20 02:05:00+00:00,15.279999732971191,15.279999732971191,15.270000457763672,15.270000457763672,7709,0.0,0.0,0.0
2025-05-20 02:10:00+00:00,15.279999732971191,15.289999961853027,15.279999732971191,15.289999961853027,33346,0.0,0.0,0.0
2025-05-20 02:15:00+00:00,15.260000228881836,15.270000457763672,15.260000228881836,15.270000457763672,102000,0.0,0.0,0.0
2025-05-20 02:25:00+00:00,15.260000228881836,15.260000228881836,15.260000228881836,15.260000228881836,3097,0.0,0.0,0.0
2025-05-20 02:30:00+00:00,15.260000228881836,15.260000228881836,15.260000228881836,15.260000228881836,1173,0.0,0.0,0.0
2025-05-20 02:35:00+00:00,15.270000457763672,15.300000190734863,15.270000457763672,15.300000190734863,149078,0.0,0.0,0.0
2025-05-20 02:40:00+00:00,15.300000190734863,15.3100004196167,15.300000190734863,15.3100004196167,115750,0.0,0.0,0.0
2025-05-20 02:45:00+00:00,15.3100004196167,15.3100004196167,15.3100004196167,15.3100004196167,1275,0.0,0.0,0.0
2025-05-20 02:50:00+00:00,15.300000190734863,15.300000190734863,15.300000190734863,15.300000190734863,5000,0.0,0.0,0.0
2025-05-20 02:55:00+00:00,15.300000190734863,15.300000190734863,15.300000190734863,15.300000190734863,6150,0.0,0.0,0.0
2025-05-20 03:00:00+00:00,15.300000190734863,15.3100004196167,15.300000190734863,15.3100004196167,26335,0.0,0.0,0.0
2025-05-20 03:15:00+00:00,15.300000190734863,15.300000190734863,15.289999961853027,15.289999961853027,50188,0.0,0.0,0.0
2025-05-20 03:20:00+00:00,15.289999961853027,15.300000190734863,15.289999961853027,15.300000190734863,23029,0.0,0.0,0.0
2025-05-20 03:25:00+00:00,15.289999961853027,15.289999961853027,15.289999961853027,15.289999961853027,12000,0.0,0.0,0.0
2025-05-20 03:30:00+00:00,15.289999961853027,15.289999961853027,15.289999961853027,15.289999961853027,1000,0.0,0.0,0.0
2025-05-20 03:35:00+00:00,15.289999961853027,15.289999961853027,15.289999961853027,15.289999961853027,11300,0.0,0.0,0.0
2025-05-20 03:40:00+00:00,15.289999961853027,15.300000190734863,15.289999961853027,15.300000190734863,29803,0.0,0.0,0.0
2025-05-20 03:55:00+00:00,15.300000190734863,15.300000190734863,15.300000190734863,15.300000190734863,2000,0.0,0.0,0.0
2025-05-20 04:00:00+00:00,15.300000190734863,15.300000190734863,15.300000190734863,15.300000190734863,3830,0.0,0.0,0.0
2025-05-20 04:10:00+00:00,15.279999732971191,15.279999732971191,15.279999732971191,15.279999732971191,1000,0.0,0.0,0.0
2025-05-20 04:15:00+00:00,15.279999732971191,15.279999732971191,15.260000228881836,15.260000228881836,15201,0.0,0.0,0.0
2025-05-20 04:20:00+00:00,15.260000228881836,15.260000228881836,15.260000228881836,15.260000228881836,5100,0.0,0.0,0.0
2025-05-20 04:25:00+00:00,15.260000228881836,15.260000228881836,15.260000228881836,15.260000228881836,24559,0.0,0.0,0.0
2025-05-20 04:30:00+00:00,15.270000457763672,15.270000457763672,15.270000457763672,15.270000457763672,18210,0.0,0.0,0.0
2025-05-20 04:40:00+00:00,15.260000228881836,15.260000228881836,15.260000228881836,15.260000228881836,64521,0.0,0.0,0.0
2025-05-20 04:50:00+00:00,15.260000228881836,15.260000228881836,15.260000228881836,15.260000228881836,100000,0.0,0.0,0.0
2025-05-20 05:05:00+00:00,15.260000228881836,15.260000228881836,15.260000228881836,15.260000228881836,19100,0.0,0.0,0.0
2025-05-20 05:10:00+00:00,15.260000228881836,15.260000228881836,15.260000228881836,15.260000228881836,2297,0.0,0.0,0.0
2025-05-20 05:15:00+00:00,15.260000228881836,15.260000228881836,15.260000228881836,15.260000228881836,1000,0.0,0.0,0.0
2025-05-20 05:20:00+00:00,15.260000228881836,15.270000457763672,15.260000228881836,15.260000228881836,36042,0.0,0.0,0.0
2025-05-21 01:00:00+00:00,15.260000228881836,15.300000190734863,15.260000228881836,15.300000190734863,0,0.0,0.0,0.0
2025-05-21 01:05:00+00:00,15.3100004196167,15.3100004196167,15.289999961853027,15.289999961853027,9110,0.0,0.0,0.0
2025-05-21 01:15:00+00:00,15.289999961853027,15.289999961853027,15.289999961853027,15.289999961853027,1650,0.0,0.0,0.0
2025-05-21 01:20:00+00:00,15.270000457763672,15.270000457763672,15.270000457763672,15.270000457763672,13075,0.0,0.0,0.0
2025-05-21 01:25:00+00:00,15.279999732971191,15.279999732971191,15.279999732971191,15.279999732971191,1000,0.0,0.0,0.0
2025-05-21 01:30:00+00:00,15.279999732971191,15.279999732971191,15.270000457763672,15.270000457763672,4402,0.0,0.0,0.0
2025-05-21 01:35:00+00:00,15.270000457763672,15.270000457763672,15.270000457763672,15.270000457763672,2270,0.0,0.0,0.0
2025-05-21 01:45:00+00:00,15.270000457763672,15.289999961853027,15.270000457763672,15.270000457763672,82289,0.0,0.0,0.0
2025-05-21 01:50:00+00:00,15.289999961853027,15.289999961853027,15.289999961853027,15.289999961853027,9066,0.0,0.0,0.0
2025-05-21 01:55:00+00:00,15.300000190734863,15.3100004196167,15.300000190734863,15.3100004196167,68528,0.0,0.0,0.0
2025-05-21 02:05:00+00:00,15.279999732971191,15.279999732971191,15.279999732971191,15.279999732971191,1000,0.0,0.0,0.0
2025-05-21 02:10:00+00:00,15.289999961853027,15.3100004196167,15.289999961853027,15.3100004196167,9257,0.0,0.0,0.0
2025-05-21 02:15:00+00:00,15.3100004196167,15.3100004196167,15.3100004196167,15.3100004196167,9305,0.0,0.0,0.0
2025-05-21 02:25:00+00:00,15.3100004196167,15.3100004196167,15.3100004196167,15.3100004196167,1297,0.0,0.0,0.0
2025-05-21 02:30:00+00:00,15.3100004196167,15.3100004196167,15.3100004196167,15.3100004196167,8220,0.0,0.0,0.0
2025-05-21 02:35:00+00:00,15.3100004196167,15.3100004196167,15.3100004196167,15.3100004196167,5027,0.0,0.0,0.0
2025-05-21 02:40:00+00:00,15.319999694824219,15.329999923706055,15.319999694824219,15.329999923706055,34004,0.0,0.0,0.0
2025-05-21 02:45:00+00:00,15.329999923706055,15.329999923706055,15.329999923706055,15.329999923706055,1000,0.0,0.0,0.0
2025-05-21 02:50:00+00:00,15.319999694824219,15.319999694824219,15.319999694824219,15.319999694824219,30000,0.0,0.0,0.0
2025-05-21 02:55:00+00:00,15.319999694824219,15.319999694824219,15.319999694824219,15.319999694824219,1777,0.0,0.0,0.0
2025-05-21 03:00:00+00:00,15.329999923706055,15.350000381469727,15.329999923706055,15.350000381469727,56300,0.0,0.0,0.0
2025-05-21 03:05:00+00:00,15.350000381469727,15.359999656677246,15.350000381469727,15.359999656677246,29000,0.0,0.0,0.0
2025-05-21 03:10:00+00:00,15.359999656677246,15.359999656677246,15.359999656677246,15.359999656677246,3005,0.0,0.0,0.0
2025-05-21 03:15:00+00:00,15.359999656677246,15.359999656677246,15.359999656677246,15.359999656677246,7000,0.0,0.0,0.0
2025-05-21 03:20:00+00:00,15.359999656677246,15.359999656677246,15.359999656677246,15.359999656677246,60150,0.0,0.0,0.0
2025-05-21 03:25:00+00:00,15.350000381469727,15.350000381469727,15.350000381469727,15.350000381469727,1130,0.0,0.0,0.0
2025-05-21 03:35:00+00:00,15.359999656677246,15.359999656677246,15.359999656677246,15.359999656677246,1000,0.0,0.0,0.0
2025-05-21 03:40:00+00:00,15.359999656677246,15.359999656677246,15.359999656677246,15.359999656677246,1325,0.0,0.0,0.0
2025-05-21 03:50:00+00:00,15.350000381469727,15.350000381469727,15.350000381469727,15.350000381469727,8130,0.0,0.0,0.0
2025-05-21 03:55:00+00:00,15.34000015258789,15.350000381469727,15.34000015258789,15.350000381469727,21714,0.0,0.0,0.0
2025-05-21 04:10:00+00:00,15.350000381469727,15.350000381469727,15.350000381469727,15.350000381469727,2000,0.0,0.0,0.0
2025-05-21 04:15:00+00:00,15.350000381469727,15.350000381469727,15.350000381469727,15.350000381469727,43000,0.0,0.0,0.0
2025-05-21 04:20:00+00:00,15.350000381469727,15.359999656677246,15.350000381469727,15.359999656677246,20000,0.0,0.0,0.0
2025-05-21 04:25:00+00:00,15.359999656677246,15.359999656677246,15.350000381469727,15.350000381469727,4800,0.0,0.0,0.0
2025-05-21 04:30:00+00:00,15.359999656677246,15.359999656677246,15.359999656677246,15.359999656677246,64000,0.0,0.0,0.0
2025-05-21 04:35:00+00:00,15.359999656677246,15.369999885559082,15.359999656677246,15.369999885559082,163400,0.0,0.0,0.0
2025-05-21 04:40:00+00:00,15.369999885559082,15.369999885559082,15.359999656677246,15.359999656677246,11020,0.0,0.0,0.0
2025-05-21 04:45:00+00:00,15.359999656677246,15.359999656677246,15.359999656677246,15.359999656677246,1337,0.0,0.0,0.0
2025-05-21 04:50:00+00:00,15.359999656677246,15.359999656677246,15.359999656677246,15.359999656677246,1500,0.0,0.0,0.0
2025-05-21 04:55:00+00:00,15.359999656677246,15.359999656677246,15.359999656677246,15.359999656677246,2063,0.0,0.0,0.0
2025-05-21 05:00:00+00:00,15.359999656677246,15.369999885559082,15.359999656677246,15.369999885559082,127548,0.0,0.0,0.0
2025-05-21 05:05:00+00:00,15.369999885559082,15.369999885559082,15.369999885559082,15.369999885559082,1200,0.0,0.0,0.0
2025-05-21 05:10:00+00:00,15.369999885559082,15.369999885559082,15.369999885559082,15.369999885559082,2010,0.0,0.0,0.0
2025-05-21 05:15:00+00:00,15.369999885559082,15.380000114440918,15.369999885559082,15.380000114440918,69006,0.0,0.0,0.0
2025-05-21 05:20:00+00:00,15.380000114440918,15.390000343322754,15.380000114440918,15.390000343322754,15577,0.0,0.0,0.0
2025-05-22 01:00:00+00:00,15.239999771118164,15.289999961853027,15.239999771118164,15.289999961853027,0,0.0,0.0,0.0
2025-05-22 01:05:00+00:00,15.289999961853027,15.300000190734863,15.289999961853027,15.300000190734863,19746,0.0,0.0,0.0
2025-05-22 01:10:00+00:00,15.3100004196167,15.3100004196167,15.300000190734863,15.3100004196167,73000,0.0,0.0,0.0
2025-05-22 01:15:00+00:00,15.300000190734863,15.300000190734863,15.25,15.25,133200,0.0,0.0,0.0
2025-05-22 01:20:00+00:00,15.25,15.279999732971191,15.25,15.279999732971191,6000,0.0,0.0,0.0
2025-05-22 01:25:00+00:00,15.300000190734863,15.300000190734863,15.300000190734863,15.300000190734863,7290,0.0,0.0,0.0
2025-05-22 01:30:00+00:00,15.300000190734863,15.300000190734863,15.300000190734863,15.300000190734863,5250,0.0,0.0,0.0
2025-05-22 01:40:00+00:00,15.300000190734863,15.300000190734863,15.300000190734863,15.300000190734863,4000,0.0,0.0,0.0
2025-05-22 01:45:00+00:00,15.3100004196167,15.3100004196167,15.300000190734863,15.300000190734863,146670,0.0,0.0,0.0
2025-05-22 01:50:00+00:00,15.289999961853027,15.300000190734863,15.289999961853027,15.300000190734863,5486,0.0,0.0,0.0
2025-05-22 01:55:00+00:00,15.25,15.25,15.25,15.25,13430,0.0,0.0,0.0
2025-05-22 02:00:00+00:00,15.25,15.25,15.25,15.25,6333,0.0,0.0,0.0
2025-05-22 02:05:00+00:00,15.25,15.270000457763672,15.25,15.270000457763672,32280,0.0,0.0,0.0
2025-05-22 02:10:00+00:00,15.270000457763672,15.270000457763672,15.270000457763672,15.270000457763672,6010,0.0,0.0,0.0
2025-05-22 02:20:00+00:00,15.300000190734863,15.300000190734863,15.300000190734863,15.300000190734863,2000,0.0,0.0,0.0
2025-05-22 02:25:00+00:00,15.300000190734863,15.3100004196167,15.300000190734863,15.3100004196167,25800,0.0,0.0,0.0
2025-05-22 02:30:00+00:00,15.3100004196167,15.3100004196167,15.3100004196167,15.3100004196167,7115,0.0,0.0,0.0
2025-05-22 02:35:00+00:00,15.3100004196167,15.319999694824219,15.3100004196167,15.319999694824219,13000,0.0,0.0,0.0
2025-05-22 02:40:00+00:00,15.319999694824219,15.329999923706055,15.319999694824219,15.329999923706055,8009,0.0,0.0,0.0
2025-05-22 02:45:00+00:00,15.329999923706055,15.329999923706055,15.329999923706055,15.329999923706055,5641,0.0,0.0,0.0
2025-05-22 02:50:00+00:00,15.319999694824219,15.319999694824219,15.319999694824219,15.319999694824219,2100,0.0,0.0,0.0
2025-05-22 02:55:00+00:00,15.3100004196167,15.3100004196167,15.3100004196167,15.3100004196167,1000,0.0,0.0,0.0
2025-05-22 03:00:00+00:00,15.3100004196167,15.3100004196167,15.3100004196167,15.3100004196167,4209,0.0,0.0,0.0
2025-05-22 03:05:00+00:00,15.3100004196167,15.3100004196167,15.3100004196167,15.3100004196167,7000,0.0,0.0,0.0
2025-05-22 03:10:00+00:00,15.3100004196167,15.319999694824219,15.3100004196167,15.319999694824219,63000,0.0,0.0,0.0
2025-05-22 03:15:00+00:00,15.329999923706055,15.34000015258789,15.329999923706055,15.34000015258789,31461,0.0,0.0,0.0
2025-05-22 03:20:00+00:00,15.350000381469727,15.350000381469727,15.350000381469727,15.350000381469727,9191,0.0,0.0,0.0
2025-05-22 03:25:00+00:00,15.359999656677246,15.359999656677246,15.359999656677246,15.359999656677246,11107,0.0,0.0,0.0
2025-05-22 03:30:00+00:00,15.359999656677246,15.359999656677246,15.359999656677246,15.359999656677246,5000,0.0,0.0,0.0
2025-05-22 03:35:00+00:00,15.359999656677246,15.380000114440918,15.359999656677246,15.380000114440918,30237,0.0,0.0,0.0
2025-05-22 03:40:00+00:00,15.380000114440918,15.380000114440918,15.380000114440918,15.380000114440918,5000,0.0,0.0,0.0
2025-05-22 03:45:00+00:00,15.369999885559082,15.369999885559082,15.369999885559082,15.369999885559082,8107,0.0,0.0,0.0
2025-05-22 03:55:00+00:00,15.369999885559082,15.390000343322754,15.369999885559082,15.390000343322754,21383,0.0,0.0,0.0
2025-05-22 04:05:00+00:00,15.380000114440918,15.380000114440918,15.380000114440918,15.380000114440918,100013,0.0,0.0,0.0
2025-05-22 04:10:00+00:00,15.359999656677246,15.359999656677246,15.359999656677246,15.359999656677246,2100,0.0,0.0,0.0
2025-05-22 04:20:00+00:00,15.369999885559082,15.380000114440918,15.369999885559082,15.380000114440918,35000,0.0,0.0,0.0
2025-05-22 04:25:00+00:00,15.380000114440918,15.380000114440918,15.380000114440918,15.380000114440918,1130,0.0,0.0,0.0
2025-05-22 04:40:00+00:00,15.369999885559082,15.380000114440918,15.369999885559082,15.380000114440918,5018,0.0,0.0,0.0
2025-05-22 04:45:00+00:00,15.380000114440918,15.380000114440918,15.380000114440918,15.380000114440918,3171,0.0,0.0,0.0
2025-05-22 05:00:00+00:00,15.359999656677246,15.359999656677246,15.359999656677246,15.359999656677246,10776,0.0,0.0,0.0
2025-05-22 05:05:00+00:00,15.359999656677246,15.359999656677246,15.359999656677246,15.359999656677246,1160,0.0,0.0,0.0
2025-05-22 05:15:00+00:00,15.369999885559082,15.369999885559082,15.369999885559082,15.369999885559082,22138,0.0,0.0,0.0
2025-05-22 05:20:00+00:00,15.380000114440918,15.380000114440918,15.369999885559082,15.369999885559082,4781,0.0,0.0,0.0
2025-05-23 01:00:00+00:00,15.390000343322754,15.420000076293945,15.390000343322754,15.40999984741211,0,0.0,0.0,0.0
2025-05-23 01:05:00+00:00,15.399999618530273,15.399999618530273,15.399999618530273,15.399999618530273,14087,0.0,0.0,0.0
2025-05-23 01:10:00+00:00,15.40999984741211,15.420000076293945,15.40999984741211,15.40999984741211,22740,0.0,0.0,0.0
2025-05-23 01:15:00+00:00,15.399999618530273,15.399999618530273,15.390000343322754,15.399999618530273,10000,0.0,0.0,0.0
2025-05-23 01:20:00+00:00,15.399999618530273,15.399999618530273,15.390000343322754,15.390000343322754,48877,0.0,0.0,0.0
2025-05-23 01:25:00+00:00,15.380000114440918,15.380000114440918,15.380000114440918,15.380000114440918,10710,0.0,0.0,0.0
2025-05-23 01:30:00+00:00,15.390000343322754,15.390000343322754,15.380000114440918,15.380000114440918,21210,0.0,0.0,0.0
2025-05-23 01:35:00+00:00,15.380000114440918,15.380000114440918,15.369999885559082,15.380000114440918,20739,0.0,0.0,0.0
2025-05-23 01:40:00+00:00,15.380000114440918,15.380000114440918,15.380000114440918,15.380000114440918,1015,0.0,0.0,0.0
2025-05-23 01:45:00+00:00,15.390000343322754,15.399999618530273,15.390000343322754,15.399999618530273,32356,0.0,0.0,0.0
2025-05-23 01:50:00+00:00,15.399999618530273,15.399999618530273,15.399999618530273,15.399999618530273,100045,0.0,0.0,0.0
2025-05-23 01:55:00+00:00,15.369999885559082,15.369999885559082,15.369999885559082,15.369999885559082,106086,0.0,0.0,0.0
2025-05-23 02:00:00+00:00,15.399999618530273,15.399999618530273,15.399999618530273,15.399999618530273,2112,0.0,0.0,0.0
2025-05-23 02:10:00+00:00,15.369999885559082,15.390000343322754,15.369999885559082,15.390000343322754,5350,0.0,0.0,0.0
2025-05-23 02:15:00+00:00,15.399999618530273,15.399999618530273,15.399999618530273,15.399999618530273,107193,0.0,0.0,0.0
2025-05-23 02:20:00+00:00,15.390000343322754,15.390000343322754,15.390000343322754,15.390000343322754,1126,0.0,0.0,0.0
2025-05-23 02:25:00+00:00,15.380000114440918,15.390000343322754,15.380000114440918,15.390000343322754,3000,0.0,0.0,0.0
2025-05-23 02:30:00+00:00,15.390000343322754,15.390000343322754,15.380000114440918,15.380000114440918,5518,0.0,0.0,0.0
2025-05-23 02:35:00+00:00,15.369999885559082,15.369999885559082,15.359999656677246,15.359999656677246,53160,0.0,0.0,0.0
2025-05-23 02:40:00+00:00,15.369999885559082,15.369999885559082,15.369999885559082,15.369999885559082,4000,0.0,0.0,0.0
2025-05-23 02:45:00+00:00,15.390000343322754,15.390000343322754,15.390000343322754,15.390000343322754,2140,0.0,0.0,0.0
2025-05-23 02:50:00+00:00,15.390000343322754,15.390000343322754,15.390000343322754,15.390000343322754,5063,0.0,0.0,0.0
2025-05-23 03:00:00+00:00,15.390000343322754,15.390000343322754,15.380000114440918,15.380000114440918,8110,0.0,0.0,0.0
2025-05-23 03:05:00+00:00,15.380000114440918,15.380000114440918,15.380000114440918,15.380000114440918,2000,0.0,0.0,0.0
2025-05-23 03:15:00+00:00,15.380000114440918,15.380000114440918,15.380000114440918,15.380000114440918,29311,0.0,0.0,0.0
2025-05-23 03:20:00+00:00,15.390000343322754,15.390000343322754,15.390000343322754,15.390000343322754,46601,0.0,0.0,0.0
2025-05-23 03:30:00+00:00,15.390000343322754,15.390000343322754,15.390000343322754,15.390000343322754,5614,0.0,0.0,0.0
2025-05-23 03:40:00+00:00,15.380000114440918,15.380000114440918,15.380000114440918,15.380000114440918,5081,0.0,0.0,0.0
2025-05-23 03:45:00+00:00,15.380000114440918,15.390000343322754,15.369999885559082,15.369999885559082,18140,0.0,0.0,0.0
2025-05-23 03:50:00+00:00,15.359999656677246,15.359999656677246,15.359999656677246,15.359999656677246,3080,0.0,0.0,0.0
2025-05-23 04:05:00+00:00,15.359999656677246,15.359999656677246,15.350000381469727,15.359999656677246,29263,0.0,0.0,0.0
2025-05-23 04:10:00+00:00,15.369999885559082,15.369999885559082,15.369999885559082,15.369999885559082,20166,0.0,0.0,0.0
2025-05-23 04:20:00+00:00,15.359999656677246,15.359999656677246,15.350000381469727,15.350000381469727,116250,0.0,0.0,0.0
2025-05-23 04:25:00+00:00,15.359999656677246,15.359999656677246,15.350000381469727,15.350000381469727,8281,0.0,0.0,0.0
2025-05-23 04:30:00+00:00,15.34000015258789,15.350000381469727,15.34000015258789,15.350000381469727,19573,0.0,0.0,0.0
2025-05-23 04:45:00+00:00,15.350000381469727,15.350000381469727,15.350000381469727,15.350000381469727,1300,0.0,0.0,0.0
2025-05-23 04:50:00+00:00,15.350000381469727,15.350000381469727,15.350000381469727,15.350000381469727,1700,0.0,0.0,0.0
2025-05-23 04:55:00+00:00,15.34000015258789,15.34000015258789,15.34000015258789,15.34000015258789,23100,0.0,0.0,0.0
2025-05-23 05:00:00+00:00,15.34000015258789,15.350000381469727,15.34000015258789,15.350000381469727,21053,0.0,0.0,0.0
2025-05-23 05:05:00+00:00,15.350000381469727,15.350000381469727,15.34000015258789,15.34000015258789,3000,0.0,0.0,0.0
2025-05-23 05:10:00+00:00,15.34000015258789,15.34000015258789,15.329999923706055,15.329999923706055,2954,0.0,0.0,0.0
2025-05-23 05:20:00+00:00,15.329999923706055,15.34000015258789,15.329999923706055,15.34000015258789,5056,0.0,0.0,0.0
2025-05-26 01:00:00+00:00,15.350000381469727,15.350000381469727,15.34000015258789,15.34000015258789,0,0.0,0.0,0.0
2025-05-26 01:05:00+00:00,15.329999923706055,15.350000381469727,15.329999923706055,15.329999923706055,18387,0.0,0.0,0.0
2025-05-26 01:10:00+00:00,15.34000015258789,15.359999656677246,15.34000015258789,15.359999656677246,201017,0.0,0.0,0.0
2025-05-26 01:15:00+00:00,15.359999656677246,15.359999656677246,15.359999656677246,15.359999656677246,1079,0.0,0.0,0.0
2025-05-26 01:20:00+00:00,15.34000015258789,15.34000015258789,15.34000015258789,15.34000015258789,102130,0.0,0.0,0.0
2025-05-26 01:25:00+00:00,15.329999923706055,15.329999923706055,15.319999694824219,15.319999694824219,6029,0.0,0.0,0.0
2025-05-26 01:30:00+00:00,15.300000190734863,15.300000190734863,15.300000190734863,15.300000190734863,35100,0.0,0.0,0.0
2025-05-26 01:35:00+00:00,15.300000190734863,15.300000190734863,15.300000190734863,15.300000190734863,20100,0.0,0.0,0.0
2025-05-26 01:40:00+00:00,15.319999694824219,15.329999923706055,15.319999694824219,15.319999694824219,181068,0.0,0.0,0.0
2025-05-26 01:45:00+00:00,15.329999923706055,15.329999923706055,15.329999923706055,15.329999923706055,11268,0.0,0.0,0.0
2025-05-26 01:50:00+00:00,15.329999923706055,15.329999923706055,15.319999694824219,15.319999694824219,6000,0.0,0.0,0.0
2025-05-26 01:55:00+00:00,15.3100004196167,15.329999923706055,15.3100004196167,15.329999923706055,47230,0.0,0.0,0.0
2025-05-26 02:00:00+00:00,15.34000015258789,15.34000015258789,15.329999923706055,15.34000015258789,12110,0.0,0.0,0.0
2025-05-26 02:05:00+00:00,15.34000015258789,15.34000015258789,15.34000015258789,15.34000015258789,7118,0.0,0.0,0.0
2025-05-26 02:10:00+00:00,15.34000015258789,15.34000015258789,15.34000015258789,15.34000015258789,1000,0.0,0.0,0.0
2025-05-26 02:15:00+00:00,15.34000015258789,15.34000015258789,15.329999923706055,15.34000015258789,25052,0.0,0.0,0.0
2025-05-26 02:20:00+00:00,15.34000015258789,15.34000015258789,15.319999694824219,15.319999694824219,4000,0.0,0.0,0.0
2025-05-26 02:25:00+00:00,15.300000190734863,15.300000190734863,15.300000190734863,15.300000190734863,3030,0.0,0.0,0.0
2025-05-26 02:30:00+00:00,15.3100004196167,15.319999694824219,15.3100004196167,15.3100004196167,8178,0.0,0.0,0.0
2025-05-26 02:35:00+00:00,15.3100004196167,15.3100004196167,15.300000190734863,15.3100004196167,7085,0.0,0.0,0.0
2025-05-26 02:40:00+00:00,15.3100004196167,15.3100004196167,15.3100004196167,15.3100004196167,2100,0.0,0.0,0.0
2025-05-26 02:45:00+00:00,15.3100004196167,15.3100004196167,15.3100004196167,15.3100004196167,12588,0.0,0.0,0.0
2025-05-26 02:50:00+00:00,15.3100004196167,15.3100004196167,15.3100004196167,15.3100004196167,10117,0.0,0.0,0.0
2025-05-26 02:55:00+00:00,15.300000190734863,15.3100004196167,15.300000190734863,15.3100004196167,20300,0.0,0.0,0.0
2025-05-26 03:00:00+00:00,15.3100004196167,15.329999923706055,15.3100004196167,15.329999923706055,10500,0.0,0.0,0.0
2025-05-26 03:05:00+00:00,15.34000015258789,15.34000015258789,15.34000015258789,15.34000015258789,1398,0.0,0.0,0.0
2025-05-26 03:15:00+00:00,15.329999923706055,15.329999923706055,15.329999923706055,15.329999923706055,1029,0.0,0.0,0.0
2025-05-26 03:20:00+00:00,15.329999923706055,15.329999923706055,15.329999923706055,15.329999923706055,2030,0.0,0.0,0.0
2025-05-26 03:25:00+00:00,15.319999694824219,15.319999694824219,15.319999694824219,15.319999694824219,12207,0.0,0.0,0.0
2025-05-26 03:40:00+00:00,15.319999694824219,15.319999694824219,15.300000190734863,15.300000190734863,12341,0.0,0.0,0.0
2025-05-26 03:45:00+00:00,15.300000190734863,15.300000190734863,15.300000190734863,15.300000190734863,2529,0.0,0.0,0.0
2025-05-26 03:50:00+00:00,15.3100004196167,15.3100004196167,15.3100004196167,15.3100004196167,1000,0.0,0.0,0.0
2025-05-26 03:55:00+00:00,15.3100004196167,15.3100004196167,15.3100004196167,15.3100004196167,1054,0.0,0.0,0.0
2025-05-26 04:05:00+00:00,15.319999694824219,15.319999694824219,15.319999694824219,15.319999694824219,4018,0.0,0.0,0.0
2025-05-26 04:10:00+00:00,15.319999694824219,15.319999694824219,15.3100004196167,15.3100004196167,6105,0.0,0.0,0.0
2025-05-26 04:15:00+00:00,15.3100004196167,15.3100004196167,15.300000190734863,15.300000190734863,5010,0.0,0.0,0.0
2025-05-26 04:20:00+00:00,15.300000190734863,15.319999694824219,15.300000190734863,15.319999694824219,11198,0.0,0.0,0.0
2025-05-26 04:25:00+00:00,15.319999694824219,15.319999694824219,15.319999694824219,15.319999694824219,65000,0.0,0.0,0.0
2025-05-26 04:30:00+00:00,15.329999923706055,15.329999923706055,15.319999694824219,15.329999923706055,28945,0.0,0.0,0.0
2025-05-26 04:35:00+00:00,15.329999923706055,15.329999923706055,15.329999923706055,15.329999923706055,7029,0.0,0.0,0.0
2025-05-26 04:40:00+00:00,15.329999923706055,15.329999923706055,15.319999694824219,15.319999694824219,21362,0.0,0.0,0.0
2025-05-26 04:45:00+00:00,15.329999923706055,15.329999923706055,15.319999694824219,15.319999694824219,62063,0.0,0.0,0.0
2025-05-26 04:55:00+00:00,15.3100004196167,15.3100004196167,15.3100004196167,15.3100004196167,251425,0.0,0.0,0.0
2025-05-26 05:00:00+00:00,15.3100004196167,15.3100004196167,15.3100004196167,15.3100004196167,2000,0.0,0.0,0.0
2025-05-26 05:05:00+00:00,15.3100004196167,15.3100004196167,15.3100004196167,15.3100004196167,152000,0.0,0.0,0.0
2025-05-26 05:10:00+00:00,15.300000190734863,15.300000190734863,15.300000190734863,15.300000190734863,68076,0.0,0.0,0.0
2025-05-26 05:15:00+00:00,15.300000190734863,15.300000190734863,15.289999961853027,15.289999961853027,16102,0.0,0.0,0.0
2025-05-26 05:20:00+00:00,15.289999961853027,15.289999961853027,15.279999732971191,15.279999732971191,114071,0.0,0.0,0.0
2025-05-27 01:00:00+00:00,15.279999732971191,15.279999732971191,15.260000228881836,15.260000228881836,0,0.0,0.0,0.0
2025-05-27 01:05:00+00:00,15.260000228881836,15.260000228881836,15.260000228881836,15.260000228881836,50915,0.0,0.0,0.0
2025-05-27 01:10:00+00:00,15.25,15.25,15.25,15.25,6490,0.0,0.0,0.0
2025-05-27 01:15:00+00:00,15.220000267028809,15.220000267028809,15.199999809265137,15.199999809265137,3641,0.0,0.0,0.0
2025-05-27 01:20:00+00:00,15.210000038146973,15.210000038146973,15.210000038146973,15.210000038146973,2430,0.0,0.0,0.0
2025-05-27 01:25:00+00:00,15.229999542236328,15.229999542236328,15.229999542236328,15.229999542236328,79000,0.0,0.0,0.0
2025-05-27 01:30:00+00:00,15.25,15.25,15.25,15.25,5116,0.0,0.0,0.0
2025-05-27 01:35:00+00:00,15.229999542236328,15.229999542236328,15.229999542236328,15.229999542236328,7500,0.0,0.0,0.0
2025-05-27 01:40:00+00:00,15.229999542236328,15.229999542236328,15.229999542236328,15.229999542236328,20195,0.0,0.0,0.0
2025-05-27 01:45:00+00:00,15.229999542236328,15.229999542236328,15.229999542236328,15.229999542236328,54070,0.0,0.0,0.0
2025-05-27 01:50:00+00:00,15.220000267028809,15.220000267028809,15.199999809265137,15.199999809265137,23100,0.0,0.0,0.0
2025-05-27 01:55:00+00:00,15.1899995803833,15.1899995803833,15.15999984741211,15.15999984741211,21949,0.0,0.0,0.0
2025-05-27 02:00:00+00:00,15.15999984741211,15.15999984741211,15.15999984741211,15.15999984741211,20010,0.0,0.0,0.0
2025-05-27 02:05:00+00:00,15.149999618530273,15.149999618530273,15.149999618530273,15.149999618530273,10145,0.0,0.0,0.0
2025-05-27 02:10:00+00:00,15.149999618530273,15.149999618530273,15.140000343322754,15.140000343322754,5978,0.0,0.0,0.0
2025-05-27 02:15:00+00:00,15.149999618530273,15.15999984741211,15.149999618530273,15.15999984741211,69010,0.0,0.0,0.0
2025-05-27 02:25:00+00:00,15.15999984741211,15.180000305175781,15.15999984741211,15.180000305175781,17180,0.0,0.0,0.0
2025-05-27 02:30:00+00:00,15.199999809265137,15.220000267028809,15.199999809265137,15.220000267028809,28053,0.0,0.0,0.0
2025-05-27 02:35:00+00:00,15.220000267028809,15.220000267028809,15.220000267028809,15.220000267028809,3000,0.0,0.0,0.0
2025-05-27 02:40:00+00:00,15.229999542236328,15.229999542236328,15.210000038146973,15.220000267028809,81396,0.0,0.0,0.0
2025-05-27 03:00:00+00:00,15.199999809265137,15.199999809265137,15.199999809265137,15.199999809265137,3355,0.0,0.0,0.0
2025-05-27 03:10:00+00:00,15.1899995803833,15.1899995803833,15.1899995803833,15.1899995803833,2003,0.0,0.0,0.0
2025-05-27 03:15:00+00:00,15.180000305175781,15.180000305175781,15.180000305175781,15.180000305175781,2000,0.0,0.0,0.0
2025-05-27 03:25:00+00:00,15.180000305175781,15.180000305175781,15.180000305175781,15.180000305175781,3109,0.0,0.0,0.0
2025-05-27 03:35:00+00:00,15.170000076293945,15.180000305175781,15.170000076293945,15.180000305175781,80220,0.0,0.0,0.0
2025-05-27 03:50:00+00:00,15.170000076293945,15.170000076293945,15.15999984741211,15.15999984741211,113295,0.0,0.0,0.0
2025-05-27 03:55:00+00:00,15.149999618530273,15.149999618530273,15.140000343322754,15.140000343322754,49179,0.0,0.0,0.0
2025-05-27 04:10:00+00:00,15.140000343322754,15.140000343322754,15.140000343322754,15.140000343322754,2010,0.0,0.0,0.0
2025-05-27 04:20:00+00:00,15.140000343322754,15.140000343322754,15.140000343322754,15.140000343322754,96179,0.0,0.0,0.0
2025-05-27 04:25:00+00:00,15.140000343322754,15.140000343322754,15.140000343322754,15.140000343322754,2281,0.0,0.0,0.0
2025-05-27 04:35:00+00:00,15.149999618530273,15.149999618530273,15.149999618530273,15.149999618530273,3022,0.0,0.0,0.0
2025-05-27 04:40:00+00:00,15.15999984741211,15.15999984741211,15.15999984741211,15.15999984741211,2108,0.0,0.0,0.0
2025-05-27 04:45:00+00:00,15.15999984741211,15.15999984741211,15.15999984741211,15.15999984741211,10050,0.0,0.0,0.0
2025-05-27 04:50:00+00:00,15.149999618530273,15.149999618530273,15.149999618530273,15.149999618530273,1051,0.0,0.0,0.0
2025-05-27 04:55:00+00:00,15.149999618530273,15.15999984741211,15.149999618530273,15.15999984741211,111000,0.0,0.0,0.0
2025-05-27 05:00:00+00:00,15.149999618530273,15.149999618530273,15.149999618530273,15.149999618530273,1533,0.0,0.0,0.0
2025-05-27 05:05:00+00:00,15.149999618530273,15.149999618530273,15.149999618530273,15.149999618530273,3043,0.0,0.0,0.0
2025-05-27 05:10:00+00:00,15.149999618530273,15.149999618530273,15.149999618530273,15.149999618530273,50100,0.0,0.0,0.0
2025-05-27 05:15:00+00:00,15.15999984741211,15.15999984741211,15.149999618530273,15.149999618530273,52038,0.0,0.0,0.0
2025-05-27 05:20:00+00:00,15.140000343322754,15.140000343322754,15.140000343322754,15.140000343322754,2362,0.0,0.0,0.0
2025-05-28 01:00:00+00:00,15.199999809265137,15.210000038146973,15.199999809265137,15.210000038146973,0,0.0,0.0,0.0
2025-05-28 01:05:00+00:00,15.199999809265137,15.199999809265137,15.180000305175781,15.180000305175781,6807,0.0,0.0,0.0
2025-05-28 01:10:00+00:00,15.1899995803833,15.1899995803833,15.1899995803833,15.1899995803833,1100,0.0,0.0,0.0
2025-05-28 01:15:00+00:00,15.180000305175781,15.180000305175781,15.170000076293945,15.170000076293945,3060,0.0,0.0,0.0
2025-05-28 01:20:00+00:00,15.180000305175781,15.180000305175781,15.180000305175781,15.180000305175781,2103,0.0,0.0,0.0
2025-05-28 01:25:00+00:00,15.180000305175781,15.180000305175781,15.180000305175781,15.180000305175781,1778,0.0,0.0,0.0
2025-05-28 01:30:00+00:00,15.170000076293945,15.170000076293945,15.15999984741211,15.15999984741211,8526,0.0,0.0,0.0
2025-05-28 01:35:00+00:00,15.15999984741211,15.15999984741211,15.15999984741211,15.15999984741211,1000,0.0,0.0,0.0
2025-05-28 01:40:00+00:00,15.15999984741211,15.15999984741211,15.15999984741211,15.15999984741211,2340,0.0,0.0,0.0
2025-05-28 01:45:00+00:00,15.170000076293945,15.170000076293945,15.170000076293945,15.170000076293945,1150,0.0,0.0,0.0
2025-05-28 01:50:00+00:00,15.170000076293945,15.170000076293945,15.15999984741211,15.15999984741211,16000,0.0,0.0,0.0
2025-05-28 01:55:00+00:00,15.149999618530273,15.149999618530273,15.149999618530273,15.149999618530273,11000,0.0,0.0,0.0
2025-05-28 02:00:00+00:00,15.149999618530273,15.149999618530273,15.149999618530273,15.149999618530273,15000,0.0,0.0,0.0
2025-05-28 02:05:00+00:00,15.140000343322754,15.140000343322754,15.140000343322754,15.140000343322754,11220,0.0,0.0,0.0
2025-05-28 02:10:00+00:00,15.140000343322754,15.140000343322754,15.140000343322754,15.140000343322754,2510,0.0,0.0,0.0
2025-05-28 02:15:00+00:00,15.140000343322754,15.140000343322754,15.140000343322754,15.140000343322754,10738,0.0,0.0,0.0
2025-05-28 02:20:00+00:00,15.140000343322754,15.140000343322754,15.140000343322754,15.140000343322754,1558,0.0,0.0,0.0
2025-05-28 02:40:00+00:00,15.130000114440918,15.130000114440918,15.119999885559082,15.119999885559082,8100,0.0,0.0,0.0
2025-05-28 02:45:00+00:00,15.119999885559082,15.130000114440918,15.119999885559082,15.130000114440918,4761,0.0,0.0,0.0
2025-05-28 03:05:00+00:00,15.119999885559082,15.119999885559082,15.119999885559082,15.119999885559082,2000,0.0,0.0,0.0
2025-05-28 03:10:00+00:00,15.119999885559082,15.130000114440918,15.119999885559082,15.119999885559082,17170,0.0,0.0,0.0
2025-05-28 03:15:00+00:00,15.119999885559082,15.119999885559082,15.119999885559082,15.119999885559082,2664,0.0,0.0,0.0
2025-05-28 03:20:00+00:00,15.119999885559082,15.119999885559082,15.119999885559082,15.119999885559082,3000,0.0,0.0,0.0
2025-05-28 03:25:00+00:00,15.119999885559082,15.119999885559082,15.119999885559082,15.119999885559082,5732,0.0,0.0,0.0
2025-05-28 03:30:00+00:00,15.109999656677246,15.109999656677246,15.109999656677246,15.109999656677246,22100,0.0,0.0,0.0
2025-05-28 03:35:00+00:00,15.109999656677246,15.109999656677246,15.100000381469727,15.100000381469727,9000,0.0,0.0,0.0
2025-05-28 03:40:00+00:00,15.100000381469727,15.100000381469727,15.100000381469727,15.100000381469727,27520,0.0,0.0,0.0
2025-05-28 03:45:00+00:00,15.100000381469727,15.100000381469727,15.069999694824219,15.069999694824219,15798,0.0,0.0,0.0
2025-05-28 03:55:00+00:00,15.069999694824219,15.069999694824219,15.0600004196167,15.0600004196167,2007,0.0,0.0,0.0
2025-05-28 04:00:00+00:00,15.0600004196167,15.0600004196167,15.0600004196167,15.0600004196167,2061,0.0,0.0,0.0
2025-05-28 04:05:00+00:00,15.0600004196167,15.0600004196167,15.0600004196167,15.0600004196167,7426,0.0,0.0,0.0
2025-05-28 04:10:00+00:00,15.0600004196167,15.0600004196167,15.0600004196167,15.0600004196167,2030,0.0,0.0,0.0
2025-05-28 04:15:00+00:00,15.050000190734863,15.050000190734863,15.039999961853027,15.039999961853027,12141,0.0,0.0,0.0
2025-05-28 04:20:00+00:00,15.039999961853027,15.039999961853027,15.029999732971191,15.029999732971191,7104,0.0,0.0,0.0
2025-05-28 04:25:00+00:00,15.029999732971191,15.029999732971191,15.020000457763672,15.020000457763672,7372,0.0,0.0,0.0
2025-05-28 04:30:00+00:00,15.020000457763672,15.020000457763672,15.010000228881836,15.010000228881836,17533,0.0,0.0,0.0
2025-05-28 04:35:00+00:00,15.0,15.0,15.0,15.0,28036,0.0,0.0,0.0
2025-05-28 04:40:00+00:00,15.0,15.0,14.979999542236328,14.989999771118164,7878,0.0,0.0,0.0
2025-05-28 04:50:00+00:00,14.989999771118164,14.989999771118164,14.989999771118164,14.989999771118164,15020,0.0,0.0,0.0
2025-05-28 04:55:00+00:00,14.979999542236328,14.989999771118164,14.979999542236328,14.979999542236328,28174,0.0,0.0,0.0
2025-05-28 05:05:00+00:00,15.0,15.029999732971191,15.0,15.029999732971191,24411,0.0,0.0,0.0
2025-05-28 05:15:00+00:00,15.029999732971191,15.029999732971191,15.029999732971191,15.029999732971191,4598,0.0,0.0,0.0
2025-05-28 05:20:00+00:00,15.050000190734863,15.050000190734863,15.020000457763672,15.029999732971191,18004,0.0,0.0,0.0
2025-05-29 01:00:00+00:00,15.069999694824219,15.100000381469727,15.069999694824219,15.100000381469727,0,0.0,0.0,0.0
2025-05-29 01:05:00+00:00,15.100000381469727,15.100000381469727,15.09000015258789,15.09000015258789,5640,0.0,0.0,0.0
2025-05-29 01:10:00+00:00,15.079999923706055,15.079999923706055,15.039999961853027,15.039999961853027,6576,0.0,0.0,0.0
2025-05-29 01:15:00+00:00,15.039999961853027,15.039999961853027,15.039999961853027,15.039999961853027,4020,0.0,0.0,0.0
2025-05-29 01:20:00+00:00,15.029999732971191,15.029999732971191,15.029999732971191,15.029999732971191,206721,0.0,0.0,0.0
2025-05-29 01:25:00+00:00,15.029999732971191,15.039999961853027,15.029999732971191,15.039999961853027,13219,0.0,0.0,0.0
2025-05-29 01:30:00+00:00,15.069999694824219,15.069999694824219,15.0600004196167,15.0600004196167,11741,0.0,0.0,0.0
2025-05-29 01:35:00+00:00,15.0600004196167,15.0600004196167,15.0600004196167,15.0600004196167,5020,0.0,0.0,0.0
2025-05-29 01:40:00+00:00,15.0600004196167,15.0600004196167,15.0600004196167,15.0600004196167,2030,0.0,0.0,0.0
2025-05-29 01:45:00+00:00,15.0600004196167,15.0600004196167,15.029999732971191,15.029999732971191,9166,0.0,0.0,0.0
2025-05-29 01:50:00+00:00,15.020000457763672,15.020000457763672,15.020000457763672,15.020000457763672,6381,0.0,0.0,0.0
2025-05-29 01:55:00+00:00,15.020000457763672,15.020000457763672,15.020000457763672,15.020000457763672,2090,0.0,0.0,0.0
2025-05-29 02:00:00+00:00,15.029999732971191,15.039999961853027,15.020000457763672,15.020000457763672,16337,0.0,0.0,0.0
2025-05-29 02:05:00+00:00,15.0,15.010000228881836,15.0,15.010000228881836,113170,0.0,0.0,0.0
2025-05-29 02:15:00+00:00,15.029999732971191,15.029999732971191,15.0,15.0,46509,0.0,0.0,0.0
2025-05-29 02:25:00+00:00,15.0,15.0,15.0,15.0,3357,0.0,0.0,0.0
2025-05-29 02:30:00+00:00,15.0,15.0,15.0,15.0,3455,0.0,0.0,0.0
2025-05-29 02:35:00+00:00,15.0,15.0,15.0,15.0,1048,0.0,0.0,0.0
2025-05-29 02:40:00+00:00,15.0,15.0,15.0,15.0,5000,0.0,0.0,0.0
2025-05-29 02:45:00+00:00,15.0,15.0,14.989999771118164,14.989999771118164,22273,0.0,0.0,0.0
2025-05-29 02:50:00+00:00,14.979999542236328,14.979999542236328,14.979999542236328,14.979999542236328,18690,0.0,0.0,0.0
2025-05-29 03:15:00+00:00,15.0,15.0,15.0,15.0,49300,0.0,0.0,0.0
2025-05-29 03:20:00+00:00,15.0,15.0,14.989999771118164,14.989999771118164,10050,0.0,0.0,0.0
2025-05-29 03:25:00+00:00,14.989999771118164,14.989999771118164,14.989999771118164,14.989999771118164,1740,0.0,0.0,0.0
2025-05-29 03:35:00+00:00,14.989999771118164,14.989999771118164,14.989999771118164,14.989999771118164,10820,0.0,0.0,0.0
2025-05-29 03:40:00+00:00,15.0,15.0,15.0,15.0,1664,0.0,0.0,0.0
2025-05-29 03:45:00+00:00,15.0,15.0,14.989999771118164,14.989999771118164,8460,0.0,0.0,0.0
2025-05-29 03:50:00+00:00,14.989999771118164,14.989999771118164,14.989999771118164,14.989999771118164,1150,0.0,0.0,0.0
2025-05-29 04:00:00+00:00,14.989999771118164,14.989999771118164,14.989999771118164,14.989999771118164,1368,0.0,0.0,0.0
2025-05-29 04:15:00+00:00,14.989999771118164,14.989999771118164,14.989999771118164,14.989999771118164,2060,0.0,0.0,0.0
2025-05-29 04:20:00+00:00,15.0,15.0,15.0,15.0,6042,0.0,0.0,0.0
2025-05-29 04:25:00+00:00,14.989999771118164,14.989999771118164,14.989999771118164,14.989999771118164,5000,0.0,0.0,0.0
2025-05-29 04:30:00+00:00,14.989999771118164,14.989999771118164,14.979999542236328,14.979999542236328,12234,0.0,0.0,0.0
2025-05-29 04:35:00+00:00,14.979999542236328,14.989999771118164,14.979999542236328,14.989999771118164,4920,0.0,0.0,0.0
2025-05-29 04:45:00+00:00,14.989999771118164,14.989999771118164,14.989999771118164,14.989999771118164,12300,0.0,0.0,0.0
2025-05-29 04:50:00+00:00,14.989999771118164,14.989999771118164,14.979999542236328,14.989999771118164,10250,0.0,0.0,0.0
2025-05-29 04:55:00+00:00,14.989999771118164,14.989999771118164,14.989999771118164,14.989999771118164,1224,0.0,0.0,0.0
2025-05-29 05:05:00+00:00,14.979999542236328,14.979999542236328,14.970000267028809,14.970000267028809,49046,0.0,0.0,0.0
2025-05-29 05:10:00+00:00,14.970000267028809,14.970000267028809,14.970000267028809,14.970000267028809,10059,0.0,0.0,0.0
2025-05-29 05:20:00+00:00,14.989999771118164,15.0,14.989999771118164,15.0,11448,0.0,0.0,0.0
2025-06-02 01:00:00+00:00,14.880000114440918,14.880000114440918,14.800000190734863,14.819999694824219,31000,0.0,0.0,0.0
2025-06-02 01:05:00+00:00,14.84000015258789,14.859999656677246,14.84000015258789,14.859999656677246,16488,0.0,0.0,0.0
2025-06-02 01:10:00+00:00,14.859999656677246,14.859999656677246,14.829999923706055,14.84000015258789,13059,0.0,0.0,0.0
2025-06-02 01:15:00+00:00,14.84000015258789,14.84000015258789,14.84000015258789,14.84000015258789,4401,0.0,0.0,0.0
2025-06-02 01:20:00+00:00,14.84000015258789,14.859999656677246,14.84000015258789,14.859999656677246,122383,0.0,0.0,0.0
2025-06-02 01:25:00+00:00,14.859999656677246,14.869999885559082,14.859999656677246,14.869999885559082,16318,0.0,0.0,0.0
2025-06-02 01:30:00+00:00,14.859999656677246,14.869999885559082,14.850000381469727,14.850000381469727,44100,0.0,0.0,0.0
2025-06-02 01:35:00+00:00,14.850000381469727,14.850000381469727,14.850000381469727,14.850000381469727,18367,0.0,0.0,0.0
2025-06-02 01:40:00+00:00,14.850000381469727,14.859999656677246,14.850000381469727,14.859999656677246,25130,0.0,0.0,0.0
2025-06-02 01:45:00+00:00,14.859999656677246,14.880000114440918,14.859999656677246,14.880000114440918,146764,0.0,0.0,0.0
2025-06-02 01:50:00+00:00,14.869999885559082,14.880000114440918,14.869999885559082,14.880000114440918,106000,0.0,0.0,0.0
2025-06-02 01:55:00+00:00,14.880000114440918,14.899999618530273,14.880000114440918,14.899999618530273,69460,0.0,0.0,0.0
2025-06-02 02:00:00+00:00,14.899999618530273,14.90999984741211,14.899999618530273,14.90999984741211,10046,0.0,0.0,0.0
2025-06-02 02:05:00+00:00,14.90999984741211,14.90999984741211,14.90999984741211,14.90999984741211,8394,0.0,0.0,0.0
2025-06-02 02:10:00+00:00,14.920000076293945,14.9399995803833,14.920000076293945,14.9399995803833,12050,0.0,0.0,0.0
2025-06-02 02:15:00+00:00,14.920000076293945,14.9399995803833,14.920000076293945,14.930000305175781,17000,0.0,0.0,0.0
2025-06-02 02:20:00+00:00,14.920000076293945,14.920000076293945,14.90999984741211,14.90999984741211,9000,0.0,0.0,0.0
2025-06-02 02:25:00+00:00,14.899999618530273,14.899999618530273,14.890000343322754,14.890000343322754,18850,0.0,0.0,0.0
2025-06-02 02:30:00+00:00,14.880000114440918,14.880000114440918,14.880000114440918,14.880000114440918,2006,0.0,0.0,0.0
2025-06-02 02:35:00+00:00,14.869999885559082,14.880000114440918,14.869999885559082,14.880000114440918,19244,0.0,0.0,0.0
2025-06-02 02:40:00+00:00,14.880000114440918,14.880000114440918,14.880000114440918,14.880000114440918,5007,0.0,0.0,0.0
2025-06-02 02:45:00+00:00,14.859999656677246,14.859999656677246,14.859999656677246,14.859999656677246,21013,0.0,0.0,0.0
2025-06-02 02:50:00+00:00,14.850000381469727,14.850000381469727,14.850000381469727,14.850000381469727,208100,0.0,0.0,0.0
2025-06-02 02:55:00+00:00,14.850000381469727,14.850000381469727,14.850000381469727,14.850000381469727,1000,0.0,0.0,0.0
2025-06-02 03:00:00+00:00,14.84000015258789,14.84000015258789,14.829999923706055,14.829999923706055,6000,0.0,0.0,0.0
2025-06-02 03:05:00+00:00,14.84000015258789,14.84000015258789,14.829999923706055,14.829999923706055,9723,0.0,0.0,0.0
2025-06-02 03:10:00+00:00,14.829999923706055,14.829999923706055,14.829999923706055,14.829999923706055,7243,0.0,0.0,0.0
2025-06-02 03:15:00+00:00,14.829999923706055,14.850000381469727,14.829999923706055,14.829999923706055,70360,0.0,0.0,0.0
2025-06-02 03:20:00+00:00,14.829999923706055,14.829999923706055,14.829999923706055,14.829999923706055,11000,0.0,0.0,0.0
2025-06-02 03:25:00+00:00,14.829999923706055,14.829999923706055,14.819999694824219,14.819999694824219,6000,0.0,0.0,0.0
2025-06-02 03:30:00+00:00,14.819999694824219,14.819999694824219,14.819999694824219,14.819999694824219,6106,0.0,0.0,0.0
2025-06-02 03:35:00+00:00,14.819999694824219,14.829999923706055,14.819999694824219,14.829999923706055,16203,0.0,0.0,0.0
2025-06-02 03:40:00+00:00,14.829999923706055,14.829999923706055,14.819999694824219,14.819999694824219,11110,0.0,0.0,0.0
2025-06-02 03:55:00+00:00,14.829999923706055,14.829999923706055,14.829999923706055,14.829999923706055,5020,0.0,0.0,0.0
2025-06-02 04:00:00+00:00,14.829999923706055,14.829999923706055,14.829999923706055,14.829999923706055,1000,0.0,0.0,0.0
2025-06-02 04:05:00+00:00,14.819999694824219,14.819999694824219,14.819999694824219,14.819999694824219,10000,0.0,0.0,0.0
2025-06-02 04:10:00+00:00,14.829999923706055,14.829999923706055,14.829999923706055,14.829999923706055,15194,0.0,0.0,0.0
2025-06-02 04:15:00+00:00,14.84000015258789,14.850000381469727,14.84000015258789,14.850000381469727,7111,0.0,0.0,0.0
2025-06-02 04:20:00+00:00,14.850000381469727,14.850000381469727,14.850000381469727,14.850000381469727,6604,0.0,0.0,0.0
2025-06-02 04:25:00+00:00,14.850000381469727,14.850000381469727,14.850000381469727,14.850000381469727,2168,0.0,0.0,0.0
2025-06-02 04:30:00+00:00,14.850000381469727,14.850000381469727,14.850000381469727,14.850000381469727,5327,0.0,0.0,0.0
2025-06-02 04:35:00+00:00,14.84000015258789,14.84000015258789,14.84000015258789,14.84000015258789,6030,0.0,0.0,0.0
2025-06-02 04:40:00+00:00,14.84000015258789,14.84000015258789,14.84000015258789,14.84000015258789,11000,0.0,0.0,0.0
2025-06-02 04:45:00+00:00,14.850000381469727,14.850000381469727,14.84000015258789,14.850000381469727,5000,0.0,0.0,0.0
2025-06-02 04:50:00+00:00,14.84000015258789,14.84000015258789,14.829999923706055,14.829999923706055,3000,0.0,0.0,0.0
2025-06-02 04:55:00+00:00,14.84000015258789,14.84000015258789,14.84000015258789,14.84000015258789,6000,0.0,0.0,0.0
2025-06-02 05:00:00+00:00,14.850000381469727,14.859999656677246,14.850000381469727,14.859999656677246,11192,0.0,0.0,0.0
2025-06-02 05:05:00+00:00,14.859999656677246,14.859999656677246,14.850000381469727,14.859999656677246,7010,0.0,0.0,0.0
2025-06-02 05:10:00+00:00,14.859999656677246,14.869999885559082,14.859999656677246,14.859999656677246,98126,0.0,0.0,0.0
2025-06-02 05:15:00+00:00,14.859999656677246,14.859999656677246,14.850000381469727,14.850000381469727,30718,0.0,0.0,0.0
2025-06-02 05:20:00+00:00,14.850000381469727,14.859999656677246,14.850000381469727,14.859999656677246,16036,0.0,0.0,0.0
2025-06-03 01:00:00+00:00,14.869999885559082,14.899999618530273,14.859999656677246,14.869999885559082,0,0.0,0.0,0.0
2025-06-03 01:05:00+00:00,14.869999885559082,14.890000343322754,14.869999885559082,14.890000343322754,687000,0.0,0.0,0.0
2025-06-03 01:10:00+00:00,14.890000343322754,14.930000305175781,14.880000114440918,14.930000305175781,724114,0.0,0.0,0.0
2025-06-03 01:15:00+00:00,14.930000305175781,14.930000305175781,14.920000076293945,14.920000076293945,177269,0.0,0.0,0.0
2025-06-03 01:20:00+00:00,14.920000076293945,14.9399995803833,14.920000076293945,14.920000076293945,340440,0.0,0.0,0.0
2025-06-03 01:25:00+00:00,14.930000305175781,14.9399995803833,14.920000076293945,14.9399995803833,167563,0.0,0.0,0.0
2025-06-03 01:30:00+00:00,14.949999809265137,14.960000038146973,14.9399995803833,14.960000038146973,301192,0.0,0.0,0.0
2025-06-03 01:35:00+00:00,14.960000038146973,14.979999542236328,14.960000038146973,14.970000267028809,74963,0.0,0.0,0.0
2025-06-03 01:40:00+00:00,14.970000267028809,14.979999542236328,14.970000267028809,14.970000267028809,81071,0.0,0.0,0.0
2025-06-03 01:45:00+00:00,14.979999542236328,14.979999542236328,14.970000267028809,14.970000267028809,191331,0.0,0.0,0.0
2025-06-03 01:50:00+00:00,14.970000267028809,14.970000267028809,14.970000267028809,14.970000267028809,83040,0.0,0.0,0.0
2025-06-03 01:55:00+00:00,14.960000038146973,14.960000038146973,14.9399995803833,14.9399995803833,203209,0.0,0.0,0.0
2025-06-03 02:00:00+00:00,14.949999809265137,14.949999809265137,14.90999984741211,14.90999984741211,85000,0.0,0.0,0.0
2025-06-03 02:05:00+00:00,14.90999984741211,14.90999984741211,14.880000114440918,14.880000114440918,282184,0.0,0.0,0.0
2025-06-03 02:10:00+00:00,14.880000114440918,14.880000114440918,14.859999656677246,14.869999885559082,236323,0.0,0.0,0.0
2025-06-03 02:15:00+00:00,14.859999656677246,14.859999656677246,14.850000381469727,14.859999656677246,149157,0.0,0.0,0.0
2025-06-03 02:20:00+00:00,14.859999656677246,14.869999885559082,14.859999656677246,14.869999885559082,75020,0.0,0.0,0.0
2025-06-03 02:25:00+00:00,14.869999885559082,14.880000114440918,14.869999885559082,14.869999885559082,20644,0.0,0.0,0.0
2025-06-03 02:30:00+00:00,14.880000114440918,14.880000114440918,14.869999885559082,14.880000114440918,91035,0.0,0.0,0.0
2025-06-03 02:35:00+00:00,14.890000343322754,14.890000343322754,14.859999656677246,14.859999656677246,211045,0.0,0.0,0.0
2025-06-03 02:40:00+00:00,14.859999656677246,14.859999656677246,14.859999656677246,14.859999656677246,52686,0.0,0.0,0.0
2025-06-03 02:45:00+00:00,14.869999885559082,14.869999885559082,14.859999656677246,14.869999885559082,104937,0.0,0.0,0.0
2025-06-03 02:50:00+00:00,14.880000114440918,14.880000114440918,14.869999885559082,14.869999885559082,27109,0.0,0.0,0.0
2025-06-03 02:55:00+00:00,14.869999885559082,14.869999885559082,14.869999885559082,14.869999885559082,42000,0.0,0.0,0.0
2025-06-03 03:00:00+00:00,14.880000114440918,14.880000114440918,14.880000114440918,14.880000114440918,2999,0.0,0.0,0.0
2025-06-03 03:10:00+00:00,14.859999656677246,14.869999885559082,14.859999656677246,14.869999885559082,41179,0.0,0.0,0.0
2025-06-03 03:15:00+00:00,14.880000114440918,14.880000114440918,14.869999885559082,14.880000114440918,78000,0.0,0.0,0.0
2025-06-03 03:20:00+00:00,14.869999885559082,14.880000114440918,14.869999885559082,14.880000114440918,12138,0.0,0.0,0.0
2025-06-03 03:25:00+00:00,14.880000114440918,14.880000114440918,14.880000114440918,14.880000114440918,47000,0.0,0.0,0.0
2025-06-03 03:30:00+00:00,14.880000114440918,14.880000114440918,14.869999885559082,14.869999885559082,28025,0.0,0.0,0.0
2025-06-03 03:35:00+00:00,14.880000114440918,14.890000343322754,14.880000114440918,14.880000114440918,106623,0.0,0.0,0.0
2025-06-03 03:40:00+00:00,14.890000343322754,14.899999618530273,14.890000343322754,14.899999618530273,111700,0.0,0.0,0.0
2025-06-03 03:45:00+00:00,14.899999618530273,14.899999618530273,14.899999618530273,14.899999618530273,70028,0.0,0.0,0.0
2025-06-03 03:50:00+00:00,14.899999618530273,14.899999618530273,14.899999618530273,14.899999618530273,72606,0.0,0.0,0.0
2025-06-03 03:55:00+00:00,14.890000343322754,14.890000343322754,14.890000343322754,14.890000343322754,74000,0.0,0.0,0.0
2025-06-03 04:00:00+00:00,14.890000343322754,14.890000343322754,14.869999885559082,14.869999885559082,108000,0.0,0.0,0.0
2025-06-03 04:05:00+00:00,14.869999885559082,14.890000343322754,14.869999885559082,14.890000343322754,51038,0.0,0.0,0.0
2025-06-03 04:10:00+00:00,14.880000114440918,14.880000114440918,14.869999885559082,14.880000114440918,75000,0.0,0.0,0.0
2025-06-03 04:15:00+00:00,14.880000114440918,14.880000114440918,14.880000114440918,14.880000114440918,136000,0.0,0.0,0.0
2025-06-03 04:20:00+00:00,14.880000114440918,14.899999618530273,14.880000114440918,14.890000343322754,132135,0.0,0.0,0.0
2025-06-03 04:25:00+00:00,14.890000343322754,14.90999984741211,14.890000343322754,14.899999618530273,98757,0.0,0.0,0.0
2025-06-03 04:30:00+00:00,14.899999618530273,14.899999618530273,14.899999618530273,14.899999618530273,159500,0.0,0.0,0.0
2025-06-03 04:35:00+00:00,14.90999984741211,14.920000076293945,14.90999984741211,14.920000076293945,81029,0.0,0.0,0.0
2025-06-03 04:40:00+00:00,14.90999984741211,14.90999984741211,14.90999984741211,14.90999984741211,201251,0.0,0.0,0.0
2025-06-03 04:45:00+00:00,14.920000076293945,14.920000076293945,14.920000076293945,14.920000076293945,27100,0.0,0.0,0.0
2025-06-03 04:50:00+00:00,14.90999984741211,14.90999984741211,14.90999984741211,14.90999984741211,31200,0.0,0.0,0.0
2025-06-03 04:55:00+00:00,14.920000076293945,14.930000305175781,14.920000076293945,14.930000305175781,163440,0.0,0.0,0.0
2025-06-03 05:00:00+00:00,14.930000305175781,14.9399995803833,14.930000305175781,14.930000305175781,87000,0.0,0.0,0.0
2025-06-03 05:05:00+00:00,14.9399995803833,14.9399995803833,14.930000305175781,14.930000305175781,76179,0.0,0.0,0.0
2025-06-03 05:10:00+00:00,14.930000305175781,14.930000305175781,14.920000076293945,14.920000076293945,80002,0.0,0.0,0.0
2025-06-03 05:15:00+00:00,14.920000076293945,14.930000305175781,14.920000076293945,14.930000305175781,64389,0.0,0.0,0.0
2025-06-03 05:20:00+00:00,14.930000305175781,14.930000305175781,14.920000076293945,14.930000305175781,33925,0.0,0.0,0.0
2025-06-04 01:00:00+00:00,15.0,15.0,14.989999771118164,15.0,844000,0.0,0.0,0.0
2025-06-04 01:05:00+00:00,15.0,15.020000457763672,15.0,15.010000228881836,207311,0.0,0.0,0.0
2025-06-04 01:10:00+00:00,15.010000228881836,15.010000228881836,15.0,15.010000228881836,255211,0.0,0.0,0.0
2025-06-04 01:15:00+00:00,15.010000228881836,15.020000457763672,15.010000228881836,15.020000457763672,328770,0.0,0.0,0.0
2025-06-04 01:20:00+00:00,15.020000457763672,15.029999732971191,15.020000457763672,15.029999732971191,308150,0.0,0.0,0.0
2025-06-04 01:25:00+00:00,15.029999732971191,15.029999732971191,15.020000457763672,15.029999732971191,138617,0.0,0.0,0.0
2025-06-04 01:30:00+00:00,15.020000457763672,15.020000457763672,15.010000228881836,15.020000457763672,23700,0.0,0.0,0.0
2025-06-04 01:35:00+00:00,15.029999732971191,15.029999732971191,15.029999732971191,15.029999732971191,233440,0.0,0.0,0.0
2025-06-04 01:40:00+00:00,15.010000228881836,15.010000228881836,15.0,15.0,23196,0.0,0.0,0.0
2025-06-04 01:45:00+00:00,15.0,15.010000228881836,15.0,15.010000228881836,44000,0.0,0.0,0.0
2025-06-04 01:50:00+00:00,15.010000228881836,15.010000228881836,15.0,15.010000228881836,66822,0.0,0.0,0.0
2025-06-04 01:55:00+00:00,15.0,15.0,14.989999771118164,14.989999771118164,18000,0.0,0.0,0.0
2025-06-04 02:00:00+00:00,15.0,15.010000228881836,14.989999771118164,15.010000228881836,113693,0.0,0.0,0.0
2025-06-04 02:05:00+00:00,15.010000228881836,15.029999732971191,15.010000228881836,15.029999732971191,348565,0.0,0.0,0.0
2025-06-04 02:10:00+00:00,15.029999732971191,15.039999961853027,15.029999732971191,15.039999961853027,295103,0.0,0.0,0.0
2025-06-04 02:15:00+00:00,15.029999732971191,15.039999961853027,15.029999732971191,15.039999961853027,269654,0.0,0.0,0.0
2025-06-04 02:20:00+00:00,15.039999961853027,15.0600004196167,15.039999961853027,15.0600004196167,270593,0.0,0.0,0.0
2025-06-04 02:25:00+00:00,15.0600004196167,15.069999694824219,15.0600004196167,15.069999694824219,88167,0.0,0.0,0.0
2025-06-04 02:30:00+00:00,15.069999694824219,15.079999923706055,15.069999694824219,15.069999694824219,205195,0.0,0.0,0.0
2025-06-04 02:35:00+00:00,15.069999694824219,15.079999923706055,15.069999694824219,15.079999923706055,98337,0.0,0.0,0.0
2025-06-04 02:40:00+00:00,15.069999694824219,15.069999694824219,15.069999694824219,15.069999694824219,9020,0.0,0.0,0.0
2025-06-04 02:45:00+00:00,15.069999694824219,15.079999923706055,15.069999694824219,15.069999694824219,242160,0.0,0.0,0.0
2025-06-04 02:50:00+00:00,15.069999694824219,15.079999923706055,15.069999694824219,15.079999923706055,209255,0.0,0.0,0.0
2025-06-04 02:55:00+00:00,15.079999923706055,15.079999923706055,15.079999923706055,15.079999923706055,99860,0.0,0.0,0.0
2025-06-04 03:00:00+00:00,15.079999923706055,15.09000015258789,15.079999923706055,15.09000015258789,253839,0.0,0.0,0.0
2025-06-04 03:05:00+00:00,15.09000015258789,15.09000015258789,15.09000015258789,15.09000015258789,4600,0.0,0.0,0.0
2025-06-04 03:10:00+00:00,15.09000015258789,15.100000381469727,15.09000015258789,15.100000381469727,167091,0.0,0.0,0.0
2025-06-04 03:15:00+00:00,15.09000015258789,15.09000015258789,15.09000015258789,15.09000015258789,11000,0.0,0.0,0.0
2025-06-04 03:20:00+00:00,15.100000381469727,15.109999656677246,15.100000381469727,15.109999656677246,157834,0.0,0.0,0.0
2025-06-04 03:25:00+00:00,15.100000381469727,15.109999656677246,15.100000381469727,15.100000381469727,21000,0.0,0.0,0.0
2025-06-04 03:30:00+00:00,15.109999656677246,15.109999656677246,15.109999656677246,15.109999656677246,31186,0.0,0.0,0.0
2025-06-04 03:35:00+00:00,15.109999656677246,15.109999656677246,15.109999656677246,15.109999656677246,19160,0.0,0.0,0.0
2025-06-04 03:40:00+00:00,15.100000381469727,15.100000381469727,15.100000381469727,15.100000381469727,14000,0.0,0.0,0.0
2025-06-04 03:45:00+00:00,15.100000381469727,15.109999656677246,15.09000015258789,15.09000015258789,208577,0.0,0.0,0.0
2025-06-04 03:50:00+00:00,15.09000015258789,15.09000015258789,15.09000015258789,15.09000015258789,50000,0.0,0.0,0.0
2025-06-04 03:55:00+00:00,15.09000015258789,15.09000015258789,15.09000015258789,15.09000015258789,25000,0.0,0.0,0.0
2025-06-04 04:00:00+00:00,15.09000015258789,15.09000015258789,15.079999923706055,15.079999923706055,59000,0.0,0.0,0.0
2025-06-04 04:05:00+00:00,15.09000015258789,15.09000015258789,15.09000015258789,15.09000015258789,2020,0.0,0.0,0.0
2025-06-04 04:10:00+00:00,15.079999923706055,15.09000015258789,15.079999923706055,15.09000015258789,18000,0.0,0.0,0.0
2025-06-04 04:15:00+00:00,15.09000015258789,15.100000381469727,15.09000015258789,15.09000015258789,56223,0.0,0.0,0.0
2025-06-04 04:20:00+00:00,15.09000015258789,15.09000015258789,15.09000015258789,15.09000015258789,29000,0.0,0.0,0.0
2025-06-04 04:25:00+00:00,15.09000015258789,15.09000015258789,15.09000015258789,15.09000015258789,23200,0.0,0.0,0.0
2025-06-04 04:30:00+00:00,15.09000015258789,15.09000015258789,15.079999923706055,15.079999923706055,18392,0.0,0.0,0.0
2025-06-04 04:35:00+00:00,15.079999923706055,15.079999923706055,15.079999923706055,15.079999923706055,18000,0.0,0.0,0.0
2025-06-04 04:40:00+00:00,15.079999923706055,15.079999923706055,15.079999923706055,15.079999923706055,16000,0.0,0.0,0.0
2025-06-04 04:45:00+00:00,15.079999923706055,15.079999923706055,15.0600004196167,15.0600004196167,19412,0.0,0.0,0.0
2025-06-04 04:50:00+00:00,15.0600004196167,15.0600004196167,15.0600004196167,15.0600004196167,39340,0.0,0.0,0.0
2025-06-04 04:55:00+00:00,15.069999694824219,15.069999694824219,15.069999694824219,15.069999694824219,68112,0.0,0.0,0.0
2025-06-04 05:00:00+00:00,15.069999694824219,15.079999923706055,15.069999694824219,15.079999923706055,276123,0.0,0.0,0.0
2025-06-04 05:05:00+00:00,15.079999923706055,15.09000015258789,15.079999923706055,15.09000015258789,90000,0.0,0.0,0.0
2025-06-04 05:10:00+00:00,15.079999923706055,15.079999923706055,15.069999694824219,15.069999694824219,68000,0.0,0.0,0.0
2025-06-04 05:15:00+00:00,15.069999694824219,15.069999694824219,15.050000190734863,15.0600004196167,146012,0.0,0.0,0.0
2025-06-04 05:20:00+00:00,15.050000190734863,15.0600004196167,15.039999961853027,15.050000190734863,327401,0.0,0.0,0.0
2025-06-05 01:00:00+00:00,15.029999732971191,15.029999732971191,15.020000457763672,15.029999732971191,278000,0.0,0.0,0.0
2025-06-05 01:05:00+00:00,15.039999961853027,15.0600004196167,15.039999961853027,15.0600004196167,101366,0.0,0.0,0.0
2025-06-05 01:10:00+00:00,15.069999694824219,15.069999694824219,15.0600004196167,15.069999694824219,107015,0.0,0.0,0.0
2025-06-05 01:15:00+00:00,15.079999923706055,15.09000015258789,15.079999923706055,15.079999923706055,32493,0.0,0.0,0.0
2025-06-05 01:20:00+00:00,15.079999923706055,15.09000015258789,15.069999694824219,15.069999694824219,97510,0.0,0.0,0.0
2025-06-05 01:25:00+00:00,15.069999694824219,15.069999694824219,15.069999694824219,15.069999694824219,50000,0.0,0.0,0.0
2025-06-05 01:30:00+00:00,15.069999694824219,15.079999923706055,15.0600004196167,15.079999923706055,102674,0.0,0.0,0.0
2025-06-05 01:35:00+00:00,15.079999923706055,15.079999923706055,15.069999694824219,15.069999694824219,10222,0.0,0.0,0.0
2025-06-05 01:40:00+00:00,15.069999694824219,15.069999694824219,15.0600004196167,15.069999694824219,175880,0.0,0.0,0.0
2025-06-05 01:45:00+00:00,15.069999694824219,15.079999923706055,15.069999694824219,15.079999923706055,69102,0.0,0.0,0.0
2025-06-05 01:55:00+00:00,15.069999694824219,15.069999694824219,15.069999694824219,15.069999694824219,29000,0.0,0.0,0.0
2025-06-05 02:00:00+00:00,15.069999694824219,15.079999923706055,15.050000190734863,15.050000190734863,213000,0.0,0.0,0.0
2025-06-05 02:05:00+00:00,15.039999961853027,15.039999961853027,14.979999542236328,14.989999771118164,311623,0.0,0.0,0.0
2025-06-05 02:10:00+00:00,14.989999771118164,15.0,14.989999771118164,15.0,44014,0.0,0.0,0.0
2025-06-05 02:15:00+00:00,15.0,15.0,15.0,15.0,4050,0.0,0.0,0.0
2025-06-05 02:25:00+00:00,14.979999542236328,14.989999771118164,14.979999542236328,14.979999542236328,7244,0.0,0.0,0.0
2025-06-05 02:30:00+00:00,14.979999542236328,14.979999542236328,14.960000038146973,14.960000038146973,37166,0.0,0.0,0.0
2025-06-05 02:35:00+00:00,14.960000038146973,14.960000038146973,14.949999809265137,14.960000038146973,12070,0.0,0.0,0.0
2025-06-05 02:40:00+00:00,14.960000038146973,14.960000038146973,14.949999809265137,14.949999809265137,24184,0.0,0.0,0.0
2025-06-05 02:45:00+00:00,14.949999809265137,14.949999809265137,14.9399995803833,14.949999809265137,13406,0.0,0.0,0.0
2025-06-05 02:50:00+00:00,14.949999809265137,14.949999809265137,14.9399995803833,14.949999809265137,12060,0.0,0.0,0.0
2025-06-05 02:55:00+00:00,14.949999809265137,14.949999809265137,14.949999809265137,14.949999809265137,1000,0.0,0.0,0.0
2025-06-05 03:00:00+00:00,14.949999809265137,14.949999809265137,14.9399995803833,14.9399995803833,6000,0.0,0.0,0.0
2025-06-05 03:05:00+00:00,14.9399995803833,14.9399995803833,14.930000305175781,14.930000305175781,3120,0.0,0.0,0.0
2025-06-05 03:10:00+00:00,14.930000305175781,14.930000305175781,14.930000305175781,14.930000305175781,4000,0.0,0.0,0.0
2025-06-05 03:15:00+00:00,14.930000305175781,14.9399995803833,14.930000305175781,14.930000305175781,6230,0.0,0.0,0.0
2025-06-05 03:20:00+00:00,14.930000305175781,14.930000305175781,14.930000305175781,14.930000305175781,23316,0.0,0.0,0.0
2025-06-05 03:25:00+00:00,14.930000305175781,14.930000305175781,14.930000305175781,14.930000305175781,6076,0.0,0.0,0.0
2025-06-05 03:30:00+00:00,14.930000305175781,14.930000305175781,14.920000076293945,14.920000076293945,74469,0.0,0.0,0.0
2025-06-05 03:35:00+00:00,14.930000305175781,14.930000305175781,14.920000076293945,14.920000076293945,7819,0.0,0.0,0.0
2025-06-05 03:40:00+00:00,14.920000076293945,14.920000076293945,14.920000076293945,14.920000076293945,2000,0.0,0.0,0.0
2025-06-05 03:45:00+00:00,14.930000305175781,14.930000305175781,14.920000076293945,14.920000076293945,103967,0.0,0.0,0.0
2025-06-05 03:50:00+00:00,14.90999984741211,14.90999984741211,14.90999984741211,14.90999984741211,10000,0.0,0.0,0.0
2025-06-05 03:55:00+00:00,14.90999984741211,14.90999984741211,14.90999984741211,14.90999984741211,12004,0.0,0.0,0.0
2025-06-05 04:00:00+00:00,14.90999984741211,14.90999984741211,14.90999984741211,14.90999984741211,76544,0.0,0.0,0.0
2025-06-05 04:05:00+00:00,14.90999984741211,14.90999984741211,14.90999984741211,14.90999984741211,3300,0.0,0.0,0.0
2025-06-05 04:10:00+00:00,14.90999984741211,14.90999984741211,14.90999984741211,14.90999984741211,28400,0.0,0.0,0.0
2025-06-05 04:15:00+00:00,14.90999984741211,14.90999984741211,14.90999984741211,14.90999984741211,52388,0.0,0.0,0.0
2025-06-05 04:20:00+00:00,14.90999984741211,14.920000076293945,14.90999984741211,14.90999984741211,156061,0.0,0.0,0.0
2025-06-05 04:25:00+00:00,14.920000076293945,14.920000076293945,14.90999984741211,14.90999984741211,5670,0.0,0.0,0.0
2025-06-05 04:30:00+00:00,14.90999984741211,14.90999984741211,14.90999984741211,14.90999984741211,10199,0.0,0.0,0.0
2025-06-05 04:35:00+00:00,14.930000305175781,14.930000305175781,14.90999984741211,14.90999984741211,15300,0.0,0.0,0.0
2025-06-05 04:45:00+00:00,14.90999984741211,14.920000076293945,14.90999984741211,14.90999984741211,36455,0.0,0.0,0.0
2025-06-05 04:50:00+00:00,14.90999984741211,14.90999984741211,14.899999618530273,14.899999618530273,30500,0.0,0.0,0.0
2025-06-05 04:55:00+00:00,14.90999984741211,14.920000076293945,14.90999984741211,14.920000076293945,32684,0.0,0.0,0.0
2025-06-05 05:05:00+00:00,14.90999984741211,14.90999984741211,14.90999984741211,14.90999984741211,2564,0.0,0.0,0.0
2025-06-05 05:10:00+00:00,14.899999618530273,14.899999618530273,14.899999618530273,14.899999618530273,15000,0.0,0.0,0.0
2025-06-05 05:15:00+00:00,14.899999618530273,14.899999618530273,14.899999618530273,14.899999618530273,10332,0.0,0.0,0.0
2025-06-05 05:20:00+00:00,14.899999618530273,14.899999618530273,14.890000343322754,14.890000343322754,131834,0.0,0.0,0.0
2025-06-06 01:00:00+00:00,14.899999618530273,14.90999984741211,14.899999618530273,14.90999984741211,92000,0.0,0.0,0.0
2025-06-06 01:05:00+00:00,14.920000076293945,14.949999809265137,14.920000076293945,14.949999809265137,114588,0.0,0.0,0.0
2025-06-06 01:10:00+00:00,14.960000038146973,14.970000267028809,14.960000038146973,14.970000267028809,192300,0.0,0.0,0.0
2025-06-06 01:15:00+00:00,14.970000267028809,14.970000267028809,14.930000305175781,14.930000305175781,41634,0.0,0.0,0.0
2025-06-06 01:20:00+00:00,14.920000076293945,14.930000305175781,14.920000076293945,14.930000305175781,18000,0.0,0.0,0.0
2025-06-06 01:25:00+00:00,14.949999809265137,14.979999542236328,14.949999809265137,14.979999542236328,112519,0.0,0.0,0.0
2025-06-06 01:30:00+00:00,14.989999771118164,14.989999771118164,14.979999542236328,14.979999542236328,17108,0.0,0.0,0.0
2025-06-06 01:35:00+00:00,14.979999542236328,14.979999542236328,14.979999542236328,14.979999542236328,18573,0.0,0.0,0.0
2025-06-06 01:40:00+00:00,14.949999809265137,14.949999809265137,14.949999809265137,14.949999809265137,10000,0.0,0.0,0.0
2025-06-06 01:45:00+00:00,14.970000267028809,14.970000267028809,14.970000267028809,14.970000267028809,3102,0.0,0.0,0.0
2025-06-06 01:55:00+00:00,14.960000038146973,14.960000038146973,14.949999809265137,14.949999809265137,11138,0.0,0.0,0.0
2025-06-06 02:00:00+00:00,14.9399995803833,14.949999809265137,14.9399995803833,14.949999809265137,39100,0.0,0.0,0.0
2025-06-06 02:05:00+00:00,14.949999809265137,14.970000267028809,14.949999809265137,14.970000267028809,99579,0.0,0.0,0.0
2025-06-06 02:10:00+00:00,14.970000267028809,14.979999542236328,14.970000267028809,14.970000267028809,17000,0.0,0.0,0.0
2025-06-06 02:15:00+00:00,14.979999542236328,14.979999542236328,14.979999542236328,14.979999542236328,33748,0.0,0.0,0.0
2025-06-06 02:20:00+00:00,14.989999771118164,14.989999771118164,14.989999771118164,14.989999771118164,37100,0.0,0.0,0.0
2025-06-06 02:25:00+00:00,14.989999771118164,14.989999771118164,14.989999771118164,14.989999771118164,20021,0.0,0.0,0.0
2025-06-06 02:30:00+00:00,14.989999771118164,14.989999771118164,14.989999771118164,14.989999771118164,29100,0.0,0.0,0.0
2025-06-06 02:35:00+00:00,14.989999771118164,14.989999771118164,14.989999771118164,14.989999771118164,6068,0.0,0.0,0.0
2025-06-06 02:40:00+00:00,14.989999771118164,14.989999771118164,14.989999771118164,14.989999771118164,34000,0.0,0.0,0.0
2025-06-06 02:45:00+00:00,15.0,15.0,15.0,15.0,3258,0.0,0.0,0.0
2025-06-06 02:50:00+00:00,15.0,15.0,15.0,15.0,101000,0.0,0.0,0.0
2025-06-06 02:55:00+00:00,14.989999771118164,15.0,14.989999771118164,14.989999771118164,181028,0.0,0.0,0.0
2025-06-06 03:00:00+00:00,14.989999771118164,15.010000228881836,14.989999771118164,15.010000228881836,5727,0.0,0.0,0.0
2025-06-06 03:15:00+00:00,14.989999771118164,14.989999771118164,14.989999771118164,14.989999771118164,3430,0.0,0.0,0.0
2025-06-06 03:20:00+00:00,14.989999771118164,14.989999771118164,14.989999771118164,14.989999771118164,9000,0.0,0.0,0.0
2025-06-06 03:25:00+00:00,14.989999771118164,14.989999771118164,14.989999771118164,14.989999771118164,5038,0.0,0.0,0.0
2025-06-06 03:30:00+00:00,15.0,15.0,14.979999542236328,14.979999542236328,59218,0.0,0.0,0.0
2025-06-06 03:35:00+00:00,14.979999542236328,14.979999542236328,14.979999542236328,14.979999542236328,30000,0.0,0.0,0.0
2025-06-06 03:40:00+00:00,14.989999771118164,14.989999771118164,14.989999771118164,14.989999771118164,5032,0.0,0.0,0.0
2025-06-06 03:45:00+00:00,14.989999771118164,14.989999771118164,14.989999771118164,14.989999771118164,10640,0.0,0.0,0.0
2025-06-06 03:50:00+00:00,14.979999542236328,14.979999542236328,14.970000267028809,14.970000267028809,22018,0.0,0.0,0.0
2025-06-06 03:55:00+00:00,14.979999542236328,14.979999542236328,14.979999542236328,14.979999542236328,5100,0.0,0.0,0.0
2025-06-06 04:00:00+00:00,14.979999542236328,14.979999542236328,14.979999542236328,14.979999542236328,13018,0.0,0.0,0.0
2025-06-06 04:05:00+00:00,14.970000267028809,14.970000267028809,14.970000267028809,14.970000267028809,8078,0.0,0.0,0.0
2025-06-06 04:10:00+00:00,14.970000267028809,14.979999542236328,14.970000267028809,14.979999542236328,2000,0.0,0.0,0.0
2025-06-06 04:15:00+00:00,14.970000267028809,14.970000267028809,14.960000038146973,14.960000038146973,21229,0.0,0.0,0.0
2025-06-06 04:20:00+00:00,14.960000038146973,14.960000038146973,14.949999809265137,14.949999809265137,31040,0.0,0.0,0.0
2025-06-06 04:25:00+00:00,14.949999809265137,14.949999809265137,14.949999809265137,14.949999809265137,1000,0.0,0.0,0.0
2025-06-06 04:30:00+00:00,14.970000267028809,14.970000267028809,14.949999809265137,14.949999809265137,17410,0.0,0.0,0.0
2025-06-06 04:35:00+00:00,14.949999809265137,14.949999809265137,14.949999809265137,14.949999809265137,10260,0.0,0.0,0.0
2025-06-06 04:45:00+00:00,14.949999809265137,14.949999809265137,14.949999809265137,14.949999809265137,11118,0.0,0.0,0.0
2025-06-06 04:50:00+00:00,14.949999809265137,14.949999809265137,14.949999809265137,14.949999809265137,24423,0.0,0.0,0.0
2025-06-06 04:55:00+00:00,14.949999809265137,14.949999809265137,14.949999809265137,14.949999809265137,18019,0.0,0.0,0.0
2025-06-06 05:00:00+00:00,14.949999809265137,14.960000038146973,14.949999809265137,14.960000038146973,85700,0.0,0.0,0.0
2025-06-06 05:10:00+00:00,14.960000038146973,14.970000267028809,14.960000038146973,14.970000267028809,52197,0.0,0.0,0.0
2025-06-06 05:20:00+00:00,14.960000038146973,14.960000038146973,14.960000038146973,14.960000038146973,93366,0.0,0.0,0.0
2025-06-09 01:00:00+00:00,14.989999771118164,15.029999732971191,14.989999771118164,15.010000228881836,0,0.0,0.0,0.0
2025-06-09 01:05:00+00:00,15.020000457763672,15.020000457763672,15.010000228881836,15.020000457763672,83000,0.0,0.0,0.0
2025-06-09 01:10:00+00:00,15.029999732971191,15.029999732971191,15.029999732971191,15.029999732971191,4321,0.0,0.0,0.0
2025-06-09 01:15:00+00:00,15.029999732971191,15.050000190734863,15.020000457763672,15.050000190734863,343032,0.0,0.0,0.0
2025-06-09 01:20:00+00:00,15.050000190734863,15.050000190734863,15.039999961853027,15.050000190734863,29911,0.0,0.0,0.0
2025-06-09 01:25:00+00:00,15.039999961853027,15.039999961853027,15.020000457763672,15.020000457763672,142077,0.0,0.0,0.0
2025-06-09 01:30:00+00:00,15.020000457763672,15.020000457763672,15.010000228881836,15.010000228881836,29598,0.0,0.0,0.0
2025-06-09 01:35:00+00:00,15.0,15.0,15.0,15.0,41116,0.0,0.0,0.0
2025-06-09 01:40:00+00:00,15.0,15.0,15.0,15.0,12091,0.0,0.0,0.0
2025-06-09 01:45:00+00:00,15.0,15.010000228881836,15.0,15.010000228881836,20573,0.0,0.0,0.0
2025-06-09 01:50:00+00:00,15.020000457763672,15.020000457763672,15.020000457763672,15.020000457763672,28251,0.0,0.0,0.0
2025-06-09 01:55:00+00:00,15.020000457763672,15.020000457763672,15.0,15.0,5200,0.0,0.0,0.0
2025-06-09 02:00:00+00:00,15.020000457763672,15.020000457763672,15.010000228881836,15.010000228881836,11150,0.0,0.0,0.0
2025-06-09 02:05:00+00:00,15.010000228881836,15.020000457763672,15.010000228881836,15.020000457763672,56253,0.0,0.0,0.0
2025-06-09 02:10:00+00:00,15.020000457763672,15.020000457763672,15.010000228881836,15.010000228881836,27010,0.0,0.0,0.0
2025-06-09 02:15:00+00:00,15.020000457763672,15.020000457763672,15.010000228881836,15.010000228881836,95229,0.0,0.0,0.0
2025-06-09 02:20:00+00:00,15.0,15.010000228881836,15.0,15.0,17000,0.0,0.0,0.0
2025-06-09 02:25:00+00:00,15.0,15.010000228881836,15.0,15.0,88110,0.0,0.0,0.0
2025-06-09 02:30:00+00:00,15.0,15.0,14.970000267028809,14.970000267028809,25950,0.0,0.0,0.0
2025-06-09 02:35:00+00:00,14.989999771118164,14.989999771118164,14.979999542236328,14.979999542236328,7612,0.0,0.0,0.0
2025-06-09 02:40:00+00:00,14.989999771118164,14.989999771118164,14.989999771118164,14.989999771118164,13000,0.0,0.0,0.0
2025-06-09 02:45:00+00:00,15.0,15.0,15.0,15.0,2100,0.0,0.0,0.0
2025-06-09 02:50:00+00:00,14.979999542236328,14.979999542236328,14.979999542236328,14.979999542236328,1100,0.0,0.0,0.0
2025-06-09 02:55:00+00:00,14.979999542236328,14.979999542236328,14.979999542236328,14.979999542236328,76129,0.0,0.0,0.0
2025-06-09 03:00:00+00:00,14.989999771118164,15.0,14.979999542236328,14.979999542236328,5109,0.0,0.0,0.0
2025-06-09 03:05:00+00:00,14.989999771118164,15.0,14.970000267028809,14.970000267028809,3454,0.0,0.0,0.0
2025-06-09 03:10:00+00:00,14.970000267028809,14.970000267028809,14.970000267028809,14.970000267028809,3000,0.0,0.0,0.0
2025-06-09 03:15:00+00:00,15.0,15.0,14.989999771118164,15.0,58146,0.0,0.0,0.0
2025-06-09 03:20:00+00:00,14.989999771118164,14.989999771118164,14.989999771118164,14.989999771118164,60100,0.0,0.0,0.0
2025-06-09 03:25:00+00:00,14.979999542236328,14.979999542236328,14.979999542236328,14.979999542236328,2000,0.0,0.0,0.0
2025-06-09 03:30:00+00:00,14.979999542236328,14.979999542236328,14.979999542236328,14.979999542236328,1000,0.0,0.0,0.0
2025-06-09 03:35:00+00:00,14.979999542236328,14.979999542236328,14.979999542236328,14.979999542236328,2286,0.0,0.0,0.0
2025-06-09 03:40:00+00:00,14.970000267028809,14.970000267028809,14.970000267028809,14.970000267028809,7120,0.0,0.0,0.0
2025-06-09 03:45:00+00:00,14.970000267028809,14.970000267028809,14.970000267028809,14.970000267028809,1180,0.0,0.0,0.0
2025-06-09 03:50:00+00:00,14.960000038146973,14.970000267028809,14.960000038146973,14.970000267028809,27320,0.0,0.0,0.0
2025-06-09 03:55:00+00:00,14.970000267028809,14.970000267028809,14.970000267028809,14.970000267028809,31003,0.0,0.0,0.0
2025-06-09 04:00:00+00:00,14.970000267028809,14.979999542236328,14.970000267028809,14.979999542236328,45000,0.0,0.0,0.0
2025-06-09 04:05:00+00:00,14.979999542236328,14.979999542236328,14.979999542236328,14.979999542236328,5000,0.0,0.0,0.0
2025-06-09 04:10:00+00:00,14.979999542236328,14.979999542236328,14.979999542236328,14.979999542236328,10349,0.0,0.0,0.0
2025-06-09 04:15:00+00:00,14.970000267028809,14.970000267028809,14.970000267028809,14.970000267028809,35000,0.0,0.0,0.0
2025-06-09 04:20:00+00:00,14.970000267028809,14.970000267028809,14.970000267028809,14.970000267028809,56420,0.0,0.0,0.0
2025-06-09 04:25:00+00:00,14.979999542236328,14.979999542236328,14.979999542236328,14.979999542236328,1734,0.0,0.0,0.0
2025-06-09 04:35:00+00:00,14.970000267028809,14.979999542236328,14.970000267028809,14.979999542236328,34100,0.0,0.0,0.0
2025-06-09 04:40:00+00:00,14.970000267028809,14.970000267028809,14.970000267028809,14.970000267028809,27165,0.0,0.0,0.0
2025-06-09 04:45:00+00:00,14.979999542236328,14.979999542236328,14.979999542236328,14.979999542236328,12100,0.0,0.0,0.0
2025-06-09 04:50:00+00:00,14.970000267028809,14.979999542236328,14.970000267028809,14.970000267028809,8000,0.0,0.0,0.0
2025-06-09 04:55:00+00:00,14.989999771118164,14.989999771118164,14.979999542236328,14.979999542236328,18200,0.0,0.0,0.0
2025-06-09 05:00:00+00:00,14.970000267028809,14.970000267028809,14.970000267028809,14.970000267028809,34247,0.0,0.0,0.0
2025-06-09 05:10:00+00:00,14.970000267028809,14.970000267028809,14.970000267028809,14.970000267028809,11578,0.0,0.0,0.0
2025-06-09 05:15:00+00:00,14.970000267028809,14.979999542236328,14.970000267028809,14.970000267028809,9638,0.0,0.0,0.0
2025-06-09 05:20:00+00:00,14.979999542236328,14.979999542236328,14.979999542236328,14.979999542236328,33162,0.0,0.0,0.0
2025-06-10 01:00:00+00:00,14.979999542236328,15.0,14.979999542236328,14.989999771118164,165000,0.0,0.0,0.0
2025-06-10 01:05:00+00:00,15.0,15.020000457763672,15.0,15.020000457763672,137455,0.0,0.0,0.0
2025-06-10 01:10:00+00:00,15.020000457763672,15.020000457763672,15.0,15.0,5413,0.0,0.0,0.0
2025-06-10 01:15:00+00:00,15.0,15.0,15.0,15.0,56000,0.0,0.0,0.0
2025-06-10 01:20:00+00:00,15.0,15.020000457763672,15.0,15.020000457763672,111026,0.0,0.0,0.0
2025-06-10 01:25:00+00:00,15.020000457763672,15.039999961853027,15.020000457763672,15.029999732971191,173720,0.0,0.0,0.0
2025-06-10 01:30:00+00:00,15.039999961853027,15.039999961853027,15.029999732971191,15.029999732971191,11483,0.0,0.0,0.0
2025-06-10 01:35:00+00:00,15.039999961853027,15.050000190734863,15.029999732971191,15.050000190734863,41110,0.0,0.0,0.0
2025-06-10 01:40:00+00:00,15.050000190734863,15.069999694824219,15.050000190734863,15.069999694824219,336356,0.0,0.0,0.0
2025-06-10 01:45:00+00:00,15.069999694824219,15.09000015258789,15.069999694824219,15.079999923706055,155766,0.0,0.0,0.0
2025-06-10 01:50:00+00:00,15.09000015258789,15.09000015258789,15.09000015258789,15.09000015258789,27700,0.0,0.0,0.0
2025-06-10 01:55:00+00:00,15.09000015258789,15.09000015258789,15.079999923706055,15.079999923706055,106100,0.0,0.0,0.0
2025-06-10 02:00:00+00:00,15.09000015258789,15.09000015258789,15.079999923706055,15.079999923706055,5200,0.0,0.0,0.0
2025-06-10 02:05:00+00:00,15.079999923706055,15.079999923706055,15.069999694824219,15.069999694824219,89311,0.0,0.0,0.0
2025-06-10 02:10:00+00:00,15.079999923706055,15.09000015258789,15.079999923706055,15.09000015258789,111209,0.0,0.0,0.0
2025-06-10 02:15:00+00:00,15.079999923706055,15.100000381469727,15.079999923706055,15.100000381469727,148671,0.0,0.0,0.0
2025-06-10 02:20:00+00:00,15.100000381469727,15.100000381469727,15.100000381469727,15.100000381469727,26148,0.0,0.0,0.0
2025-06-10 02:25:00+00:00,15.100000381469727,15.109999656677246,15.09000015258789,15.09000015258789,164150,0.0,0.0,0.0
2025-06-10 02:30:00+00:00,15.09000015258789,15.09000015258789,15.09000015258789,15.09000015258789,13000,0.0,0.0,0.0
2025-06-10 02:35:00+00:00,15.09000015258789,15.09000015258789,15.09000015258789,15.09000015258789,21250,0.0,0.0,0.0
2025-06-10 02:40:00+00:00,15.100000381469727,15.109999656677246,15.100000381469727,15.109999656677246,149729,0.0,0.0,0.0
2025-06-10 02:45:00+00:00,15.100000381469727,15.109999656677246,15.100000381469727,15.100000381469727,85000,0.0,0.0,0.0
2025-06-10 02:50:00+00:00,15.109999656677246,15.109999656677246,15.100000381469727,15.109999656677246,48252,0.0,0.0,0.0
2025-06-10 02:55:00+00:00,15.100000381469727,15.100000381469727,15.100000381469727,15.100000381469727,3000,0.0,0.0,0.0
2025-06-10 03:00:00+00:00,15.100000381469727,15.109999656677246,15.100000381469727,15.109999656677246,39454,0.0,0.0,0.0
2025-06-10 03:10:00+00:00,15.079999923706055,15.079999923706055,15.079999923706055,15.079999923706055,12000,0.0,0.0,0.0
2025-06-10 03:15:00+00:00,15.079999923706055,15.09000015258789,15.079999923706055,15.09000015258789,4080,0.0,0.0,0.0
2025-06-10 03:20:00+00:00,15.079999923706055,15.09000015258789,15.079999923706055,15.09000015258789,28059,0.0,0.0,0.0
2025-06-10 03:25:00+00:00,15.09000015258789,15.09000015258789,15.09000015258789,15.09000015258789,10498,0.0,0.0,0.0
2025-06-10 03:35:00+00:00,15.079999923706055,15.079999923706055,15.079999923706055,15.079999923706055,3220,0.0,0.0,0.0
2025-06-10 03:40:00+00:00,15.079999923706055,15.079999923706055,15.079999923706055,15.079999923706055,5000,0.0,0.0,0.0
2025-06-10 03:45:00+00:00,15.079999923706055,15.079999923706055,15.079999923706055,15.079999923706055,115792,0.0,0.0,0.0
2025-06-10 03:50:00+00:00,15.079999923706055,15.079999923706055,15.079999923706055,15.079999923706055,17001,0.0,0.0,0.0
2025-06-10 03:55:00+00:00,15.079999923706055,15.079999923706055,15.079999923706055,15.079999923706055,46000,0.0,0.0,0.0
2025-06-10 04:00:00+00:00,15.079999923706055,15.079999923706055,15.079999923706055,15.079999923706055,13945,0.0,0.0,0.0
2025-06-10 04:05:00+00:00,15.079999923706055,15.09000015258789,15.069999694824219,15.079999923706055,71040,0.0,0.0,0.0
2025-06-10 04:10:00+00:00,15.069999694824219,15.069999694824219,15.069999694824219,15.069999694824219,1000,0.0,0.0,0.0
2025-06-10 04:15:00+00:00,15.069999694824219,15.069999694824219,15.069999694824219,15.069999694824219,19140,0.0,0.0,0.0
2025-06-10 04:20:00+00:00,15.069999694824219,15.079999923706055,15.069999694824219,15.069999694824219,25000,0.0,0.0,0.0
2025-06-10 04:25:00+00:00,15.069999694824219,15.069999694824219,15.0600004196167,15.0600004196167,28170,0.0,0.0,0.0
2025-06-10 04:30:00+00:00,15.0600004196167,15.0600004196167,15.0600004196167,15.0600004196167,24000,0.0,0.0,0.0
2025-06-10 04:35:00+00:00,15.0600004196167,15.0600004196167,15.0600004196167,15.0600004196167,15000,0.0,0.0,0.0
2025-06-10 04:40:00+00:00,15.0600004196167,15.0600004196167,15.0600004196167,15.0600004196167,12000,0.0,0.0,0.0
2025-06-10 04:45:00+00:00,15.0600004196167,15.079999923706055,15.0600004196167,15.069999694824219,75019,0.0,0.0,0.0
2025-06-10 04:50:00+00:00,15.069999694824219,15.069999694824219,15.069999694824219,15.069999694824219,16686,0.0,0.0,0.0
2025-06-10 04:55:00+00:00,15.069999694824219,15.069999694824219,15.069999694824219,15.069999694824219,10009,0.0,0.0,0.0
2025-06-10 05:00:00+00:00,15.069999694824219,15.069999694824219,15.0600004196167,15.0600004196167,71002,0.0,0.0,0.0
2025-06-10 05:05:00+00:00,15.069999694824219,15.069999694824219,15.069999694824219,15.069999694824219,47332,0.0,0.0,0.0
2025-06-10 05:10:00+00:00,15.069999694824219,15.079999923706055,15.069999694824219,15.079999923706055,16000,0.0,0.0,0.0
2025-06-10 05:15:00+00:00,15.0600004196167,15.079999923706055,15.0600004196167,15.079999923706055,33024,0.0,0.0,0.0
2025-06-10 05:20:00+00:00,15.069999694824219,15.069999694824219,15.0600004196167,15.0600004196167,204538,0.0,0.0,0.0
2025-06-11 01:00:00+00:00,15.050000190734863,15.050000190734863,15.029999732971191,15.029999732971191,6000,0.0,0.0,0.0
2025-06-11 01:05:00+00:00,15.020000457763672,15.029999732971191,15.010000228881836,15.029999732971191,372421,0.0,0.0,0.0
2025-06-11 01:10:00+00:00,15.029999732971191,15.029999732971191,15.010000228881836,15.010000228881836,7370,0.0,0.0,0.0
2025-06-11 01:15:00+00:00,15.0,15.020000457763672,15.0,15.010000228881836,215628,0.0,0.0,0.0
2025-06-11 01:20:00+00:00,15.0,15.020000457763672,15.0,15.020000457763672,0,0.0,0.0,0.0
2025-06-11 01:25:00+00:00,15.010000228881836,15.020000457763672,15.010000228881836,15.020000457763672,617496,0.0,0.0,0.0
2025-06-11 01:30:00+00:00,15.020000457763672,15.020000457763672,15.0,15.0,32647,0.0,0.0,0.0
2025-06-11 01:35:00+00:00,15.010000228881836,15.020000457763672,15.010000228881836,15.020000457763672,120779,0.0,0.0,0.0
2025-06-11 01:45:00+00:00,15.010000228881836,15.010000228881836,15.010000228881836,15.010000228881836,6000,0.0,0.0,0.0
2025-06-11 01:50:00+00:00,15.020000457763672,15.029999732971191,15.020000457763672,15.020000457763672,169114,0.0,0.0,0.0
2025-06-11 01:55:00+00:00,15.010000228881836,15.010000228881836,15.0,15.0,107205,0.0,0.0,0.0
2025-06-11 02:00:00+00:00,15.0,15.010000228881836,14.989999771118164,15.010000228881836,37090,0.0,0.0,0.0
2025-06-11 02:05:00+00:00,15.010000228881836,15.020000457763672,15.010000228881836,15.020000457763672,55010,0.0,0.0,0.0
2025-06-11 02:10:00+00:00,15.020000457763672,15.029999732971191,15.020000457763672,15.029999732971191,36257,0.0,0.0,0.0
2025-06-11 02:15:00+00:00,15.029999732971191,15.029999732971191,15.029999732971191,15.029999732971191,8000,0.0,0.0,0.0
2025-06-11 02:20:00+00:00,15.029999732971191,15.039999961853027,15.029999732971191,15.039999961853027,68000,0.0,0.0,0.0
2025-06-11 02:25:00+00:00,15.029999732971191,15.029999732971191,15.029999732971191,15.029999732971191,2300,0.0,0.0,0.0
2025-06-11 02:30:00+00:00,15.029999732971191,15.029999732971191,15.029999732971191,15.029999732971191,10060,0.0,0.0,0.0
2025-06-11 02:35:00+00:00,15.029999732971191,15.029999732971191,15.029999732971191,15.029999732971191,7020,0.0,0.0,0.0
2025-06-11 02:40:00+00:00,15.029999732971191,15.029999732971191,15.029999732971191,15.029999732971191,0,0.0,0.0,0.0
2025-06-11 02:45:00+00:00,15.029999732971191,15.050000190734863,15.029999732971191,15.050000190734863,1364920,0.0,0.0,0.0
2025-06-11 02:50:00+00:00,15.050000190734863,15.050000190734863,15.050000190734863,15.050000190734863,5100,0.0,0.0,0.0
2025-06-11 02:55:00+00:00,15.050000190734863,15.050000190734863,15.050000190734863,15.050000190734863,46116,0.0,0.0,0.0
2025-06-11 03:00:00+00:00,15.050000190734863,15.050000190734863,15.050000190734863,15.050000190734863,28601,0.0,0.0,0.0
2025-06-11 03:05:00+00:00,15.050000190734863,15.069999694824219,15.050000190734863,15.069999694824219,25300,0.0,0.0,0.0
2025-06-11 03:10:00+00:00,15.069999694824219,15.069999694824219,15.0600004196167,15.0600004196167,106000,0.0,0.0,0.0
2025-06-11 03:15:00+00:00,15.0600004196167,15.079999923706055,15.0600004196167,15.069999694824219,50911,0.0,0.0,0.0
2025-06-11 03:20:00+00:00,15.079999923706055,15.09000015258789,15.079999923706055,15.09000015258789,53791,0.0,0.0,0.0
2025-06-11 03:25:00+00:00,15.09000015258789,15.100000381469727,15.09000015258789,15.100000381469727,0,0.0,0.0,0.0
2025-06-11 03:30:00+00:00,15.100000381469727,15.100000381469727,15.100000381469727,15.100000381469727,1748817,0.0,0.0,0.0
2025-06-11 03:35:00+00:00,15.09000015258789,15.09000015258789,15.09000015258789,15.09000015258789,28100,0.0,0.0,0.0
2025-06-11 03:40:00+00:00,15.09000015258789,15.09000015258789,15.09000015258789,15.09000015258789,20236,0.0,0.0,0.0
2025-06-11 03:45:00+00:00,15.079999923706055,15.09000015258789,15.079999923706055,15.079999923706055,29100,0.0,0.0,0.0
2025-06-11 03:50:00+00:00,15.079999923706055,15.079999923706055,15.079999923706055,15.079999923706055,25053,0.0,0.0,0.0
2025-06-11 03:55:00+00:00,15.079999923706055,15.09000015258789,15.079999923706055,15.09000015258789,7249,0.0,0.0,0.0
2025-06-11 04:15:00+00:00,15.09000015258789,15.09000015258789,15.09000015258789,15.09000015258789,121201,0.0,0.0,0.0
2025-06-11 04:20:00+00:00,15.079999923706055,15.09000015258789,15.079999923706055,15.09000015258789,10340,0.0,0.0,0.0
2025-06-11 04:25:00+00:00,15.079999923706055,15.09000015258789,15.079999923706055,15.09000015258789,20318,0.0,0.0,0.0
2025-06-11 04:30:00+00:00,15.09000015258789,15.100000381469727,15.09000015258789,15.100000381469727,176924,0.0,0.0,0.0
2025-06-11 04:35:00+00:00,15.09000015258789,15.100000381469727,15.09000015258789,15.09000015258789,199060,0.0,0.0,0.0
2025-06-11 04:40:00+00:00,15.100000381469727,15.100000381469727,15.09000015258789,15.09000015258789,47125,0.0,0.0,0.0
2025-06-11 04:45:00+00:00,15.09000015258789,15.09000015258789,15.09000015258789,15.09000015258789,6000,0.0,0.0,0.0
2025-06-11 04:50:00+00:00,15.100000381469727,15.100000381469727,15.100000381469727,15.100000381469727,50002,0.0,0.0,0.0
2025-06-11 04:55:00+00:00,15.100000381469727,15.100000381469727,15.100000381469727,15.100000381469727,35184,0.0,0.0,0.0
2025-06-11 05:00:00+00:00,15.09000015258789,15.100000381469727,15.09000015258789,15.100000381469727,64266,0.0,0.0,0.0
2025-06-11 05:05:00+00:00,15.09000015258789,15.09000015258789,15.09000015258789,15.09000015258789,100000,0.0,0.0,0.0
2025-06-11 05:10:00+00:00,15.09000015258789,15.100000381469727,15.09000015258789,15.100000381469727,107116,0.0,0.0,0.0
2025-06-11 05:15:00+00:00,15.100000381469727,15.100000381469727,15.09000015258789,15.100000381469727,15030,0.0,0.0,0.0
2025-06-11 05:20:00+00:00,15.100000381469727,15.100000381469727,15.09000015258789,15.09000015258789,106000,0.0,0.0,0.0
2025-06-12 01:00:00+00:00,15.09000015258789,15.109999656677246,15.09000015258789,15.109999656677246,162000,0.0,0.0,0.0
2025-06-12 01:05:00+00:00,15.100000381469727,15.130000114440918,15.100000381469727,15.119999885559082,41000,0.0,0.0,0.0
2025-06-12 01:10:00+00:00,15.119999885559082,15.130000114440918,15.119999885559082,15.119999885559082,48595,0.0,0.0,0.0
2025-06-12 01:15:00+00:00,15.109999656677246,15.109999656677246,15.109999656677246,15.109999656677246,1000,0.0,0.0,0.0
2025-06-12 01:20:00+00:00,15.109999656677246,15.119999885559082,15.100000381469727,15.119999885559082,52790,0.0,0.0,0.0
2025-06-12 01:25:00+00:00,15.119999885559082,15.119999885559082,15.109999656677246,15.109999656677246,90000,0.0,0.0,0.0
2025-06-12 01:30:00+00:00,15.119999885559082,15.130000114440918,15.119999885559082,15.119999885559082,110500,0.0,0.0,0.0
2025-06-12 01:35:00+00:00,15.119999885559082,15.119999885559082,15.109999656677246,15.109999656677246,3000,0.0,0.0,0.0
2025-06-12 01:40:00+00:00,15.100000381469727,15.109999656677246,15.100000381469727,15.109999656677246,42655,0.0,0.0,0.0
2025-06-12 01:45:00+00:00,15.09000015258789,15.09000015258789,15.09000015258789,15.09000015258789,107477,0.0,0.0,0.0
2025-06-12 01:50:00+00:00,15.100000381469727,15.100000381469727,15.100000381469727,15.100000381469727,19000,0.0,0.0,0.0
2025-06-12 01:55:00+00:00,15.100000381469727,15.109999656677246,15.100000381469727,15.100000381469727,34829,0.0,0.0,0.0
2025-06-12 02:00:00+00:00,15.100000381469727,15.100000381469727,15.100000381469727,15.100000381469727,8172,0.0,0.0,0.0
2025-06-12 02:05:00+00:00,15.100000381469727,15.100000381469727,15.100000381469727,15.100000381469727,22000,0.0,0.0,0.0
2025-06-12 02:10:00+00:00,15.100000381469727,15.100000381469727,15.100000381469727,15.100000381469727,12200,0.0,0.0,0.0
2025-06-12 02:15:00+00:00,15.100000381469727,15.100000381469727,15.100000381469727,15.100000381469727,66009,0.0,0.0,0.0
2025-06-12 02:20:00+00:00,15.100000381469727,15.100000381469727,15.100000381469727,15.100000381469727,13280,0.0,0.0,0.0
2025-06-12 02:30:00+00:00,15.100000381469727,15.100000381469727,15.100000381469727,15.100000381469727,4000,0.0,0.0,0.0
2025-06-12 02:35:00+00:00,15.100000381469727,15.109999656677246,15.100000381469727,15.109999656677246,14000,0.0,0.0,0.0
2025-06-12 02:40:00+00:00,15.100000381469727,15.100000381469727,15.100000381469727,15.100000381469727,44386,0.0,0.0,0.0
2025-06-12 02:45:00+00:00,15.100000381469727,15.100000381469727,15.100000381469727,15.100000381469727,7010,0.0,0.0,0.0
2025-06-12 02:50:00+00:00,15.100000381469727,15.100000381469727,15.100000381469727,15.100000381469727,73089,0.0,0.0,0.0
2025-06-12 02:55:00+00:00,15.100000381469727,15.109999656677246,15.100000381469727,15.100000381469727,156330,0.0,0.0,0.0
2025-06-12 03:00:00+00:00,15.100000381469727,15.100000381469727,15.100000381469727,15.100000381469727,21310,0.0,0.0,0.0
2025-06-12 03:15:00+00:00,15.109999656677246,15.109999656677246,15.109999656677246,15.109999656677246,76034,0.0,0.0,0.0
2025-06-12 03:20:00+00:00,15.100000381469727,15.100000381469727,15.100000381469727,15.100000381469727,5000,0.0,0.0,0.0
2025-06-12 03:25:00+00:00,15.100000381469727,15.100000381469727,15.100000381469727,15.100000381469727,0,0.0,0.0,0.0
2025-06-12 03:35:00+00:00,15.100000381469727,15.109999656677246,15.100000381469727,15.109999656677246,1310021,0.0,0.0,0.0
2025-06-12 03:40:00+00:00,15.109999656677246,15.109999656677246,15.109999656677246,15.109999656677246,5000,0.0,0.0,0.0
2025-06-12 03:45:00+00:00,15.109999656677246,15.109999656677246,15.109999656677246,15.109999656677246,8007,0.0,0.0,0.0
2025-06-12 03:50:00+00:00,15.109999656677246,15.109999656677246,15.109999656677246,15.109999656677246,100000,0.0,0.0,0.0
2025-06-12 03:55:00+00:00,15.109999656677246,15.109999656677246,15.109999656677246,15.109999656677246,8009,0.0,0.0,0.0
2025-06-12 04:00:00+00:00,15.100000381469727,15.109999656677246,15.100000381469727,15.109999656677246,40000,0.0,0.0,0.0
2025-06-12 04:05:00+00:00,15.109999656677246,15.109999656677246,15.109999656677246,15.109999656677246,2150,0.0,0.0,0.0
2025-06-12 04:10:00+00:00,15.109999656677246,15.109999656677246,15.109999656677246,15.109999656677246,9150,0.0,0.0,0.0
2025-06-12 04:15:00+00:00,15.100000381469727,15.100000381469727,15.100000381469727,15.100000381469727,6150,0.0,0.0,0.0
2025-06-12 04:25:00+00:00,15.100000381469727,15.100000381469727,15.100000381469727,15.100000381469727,4049,0.0,0.0,0.0
2025-06-12 04:30:00+00:00,15.100000381469727,15.100000381469727,15.100000381469727,15.100000381469727,18000,0.0,0.0,0.0
2025-06-12 04:35:00+00:00,15.100000381469727,15.100000381469727,15.100000381469727,15.100000381469727,7013,0.0,0.0,0.0
2025-06-12 04:50:00+00:00,15.09000015258789,15.09000015258789,15.09000015258789,15.09000015258789,19625,0.0,0.0,0.0
2025-06-12 04:55:00+00:00,15.09000015258789,15.09000015258789,15.09000015258789,15.09000015258789,4000,0.0,0.0,0.0
2025-06-12 05:00:00+00:00,15.09000015258789,15.09000015258789,15.09000015258789,15.09000015258789,7000,0.0,0.0,0.0
2025-06-12 05:05:00+00:00,15.09000015258789,15.09000015258789,15.09000015258789,15.09000015258789,0,0.0,0.0,0.0
2025-06-12 05:15:00+00:00,15.09000015258789,15.09000015258789,15.079999923706055,15.09000015258789,1576410,0.0,0.0,0.0
2025-06-12 05:20:00+00:00,15.09000015258789,15.100000381469727,15.09000015258789,15.09000015258789,122000,0.0,0.0,0.0
2025-06-13 01:00:00+00:00,15.050000190734863,15.050000190734863,15.020000457763672,15.020000457763672,46000,0.0,0.0,0.0
2025-06-13 01:05:00+00:00,15.010000228881836,15.029999732971191,14.989999771118164,15.020000457763672,120584,0.0,0.0,0.0
2025-06-13 01:10:00+00:00,15.020000457763672,15.020000457763672,15.0,15.0,205878,0.0,0.0,0.0
2025-06-13 01:15:00+00:00,14.989999771118164,14.989999771118164,14.989999771118164,14.989999771118164,39551,0.0,0.0,0.0
2025-06-13 01:20:00+00:00,15.0,15.010000228881836,15.0,15.0,155000,0.0,0.0,0.0
2025-06-13 01:25:00+00:00,15.0,15.010000228881836,15.0,15.010000228881836,101500,0.0,0.0,0.0
2025-06-13 01:30:00+00:00,15.010000228881836,15.039999961853027,15.010000228881836,15.039999961853027,50333,0.0,0.0,0.0
2025-06-13 01:35:00+00:00,15.039999961853027,15.079999923706055,15.039999961853027,15.079999923706055,134523,0.0,0.0,0.0
2025-06-13 01:40:00+00:00,15.079999923706055,15.079999923706055,15.069999694824219,15.069999694824219,7158,0.0,0.0,0.0
2025-06-13 01:45:00+00:00,15.069999694824219,15.09000015258789,15.069999694824219,15.09000015258789,228400,0.0,0.0,0.0
2025-06-13 01:50:00+00:00,15.079999923706055,15.09000015258789,15.079999923706055,15.09000015258789,67000,0.0,0.0,0.0
2025-06-13 01:55:00+00:00,15.100000381469727,15.109999656677246,15.100000381469727,15.109999656677246,84756,0.0,0.0,0.0
2025-06-13 02:00:00+00:00,15.119999885559082,15.119999885559082,15.119999885559082,15.119999885559082,3220,0.0,0.0,0.0
2025-06-13 02:05:00+00:00,15.109999656677246,15.109999656677246,15.109999656677246,15.109999656677246,33137,0.0,0.0,0.0
2025-06-13 02:10:00+00:00,15.109999656677246,15.119999885559082,15.109999656677246,15.119999885559082,154341,0.0,0.0,0.0
2025-06-13 02:15:00+00:00,15.119999885559082,15.130000114440918,15.119999885559082,15.130000114440918,72949,0.0,0.0,0.0
2025-06-13 02:20:00+00:00,15.130000114440918,15.149999618530273,15.130000114440918,15.130000114440918,163000,0.0,0.0,0.0
2025-06-13 02:25:00+00:00,15.119999885559082,15.119999885559082,15.109999656677246,15.119999885559082,401009,0.0,0.0,0.0
2025-06-13 02:30:00+00:00,15.130000114440918,15.130000114440918,15.100000381469727,15.100000381469727,203200,0.0,0.0,0.0
2025-06-13 02:40:00+00:00,15.079999923706055,15.079999923706055,15.0600004196167,15.0600004196167,104000,0.0,0.0,0.0
2025-06-13 02:45:00+00:00,15.050000190734863,15.079999923706055,15.050000190734863,15.079999923706055,166100,0.0,0.0,0.0
2025-06-13 02:50:00+00:00,15.079999923706055,15.09000015258789,15.079999923706055,15.09000015258789,102101,0.0,0.0,0.0
2025-06-13 02:55:00+00:00,15.079999923706055,15.100000381469727,15.079999923706055,15.100000381469727,76000,0.0,0.0,0.0
2025-06-13 03:00:00+00:00,15.109999656677246,15.109999656677246,15.09000015258789,15.09000015258789,18100,0.0,0.0,0.0
2025-06-13 03:05:00+00:00,15.09000015258789,15.09000015258789,15.079999923706055,15.09000015258789,17005,0.0,0.0,0.0
2025-06-13 03:10:00+00:00,15.09000015258789,15.100000381469727,15.09000015258789,15.100000381469727,18805,0.0,0.0,0.0
2025-06-13 03:15:00+00:00,15.109999656677246,15.109999656677246,15.109999656677246,15.109999656677246,19057,0.0,0.0,0.0
2025-06-13 03:20:00+00:00,15.109999656677246,15.109999656677246,15.109999656677246,15.109999656677246,28000,0.0,0.0,0.0
2025-06-13 03:25:00+00:00,15.119999885559082,15.119999885559082,15.119999885559082,15.119999885559082,27911,0.0,0.0,0.0
2025-06-13 03:35:00+00:00,15.109999656677246,15.109999656677246,15.109999656677246,15.109999656677246,8060,0.0,0.0,0.0
2025-06-13 03:40:00+00:00,15.100000381469727,15.109999656677246,15.100000381469727,15.100000381469727,59037,0.0,0.0,0.0
2025-06-13 03:45:00+00:00,15.09000015258789,15.109999656677246,15.09000015258789,15.100000381469727,18070,0.0,0.0,0.0
2025-06-13 03:50:00+00:00,15.100000381469727,15.109999656677246,15.100000381469727,15.109999656677246,18059,0.0,0.0,0.0
2025-06-13 03:55:00+00:00,15.109999656677246,15.109999656677246,15.109999656677246,15.109999656677246,7000,0.0,0.0,0.0
2025-06-13 04:05:00+00:00,15.109999656677246,15.119999885559082,15.100000381469727,15.100000381469727,8000,0.0,0.0,0.0
2025-06-13 04:10:00+00:00,15.100000381469727,15.109999656677246,15.100000381469727,15.109999656677246,24000,0.0,0.0,0.0
2025-06-13 04:20:00+00:00,15.100000381469727,15.100000381469727,15.100000381469727,15.100000381469727,56100,0.0,0.0,0.0
2025-06-13 04:30:00+00:00,15.100000381469727,15.100000381469727,15.100000381469727,15.100000381469727,114102,0.0,0.0,0.0
2025-06-13 04:35:00+00:00,15.100000381469727,15.100000381469727,15.100000381469727,15.100000381469727,214000,0.0,0.0,0.0
2025-06-13 04:40:00+00:00,15.100000381469727,15.100000381469727,15.100000381469727,15.100000381469727,34500,0.0,0.0,0.0
2025-06-13 04:45:00+00:00,15.100000381469727,15.100000381469727,15.100000381469727,15.100000381469727,6400,0.0,0.0,0.0
2025-06-13 04:50:00+00:00,15.100000381469727,15.100000381469727,15.100000381469727,15.100000381469727,3300,0.0,0.0,0.0
2025-06-13 04:55:00+00:00,15.100000381469727,15.100000381469727,15.100000381469727,15.100000381469727,3077,0.0,0.0,0.0
2025-06-13 05:00:00+00:00,15.09000015258789,15.09000015258789,15.09000015258789,15.09000015258789,3000,0.0,0.0,0.0
2025-06-13 05:05:00+00:00,15.079999923706055,15.079999923706055,15.079999923706055,15.079999923706055,2022,0.0,0.0,0.0
2025-06-13 05:10:00+00:00,15.079999923706055,15.079999923706055,15.079999923706055,15.079999923706055,101299,0.0,0.0,0.0
2025-06-13 05:15:00+00:00,15.069999694824219,15.069999694824219,15.069999694824219,15.069999694824219,1010,0.0,0.0,0.0
2025-06-13 05:20:00+00:00,15.0600004196167,15.0600004196167,15.0600004196167,15.0600004196167,26055,0.0,0.0,0.0
2025-06-16 01:00:00+00:00,15.020000457763672,15.050000190734863,15.020000457763672,15.029999732971191,0,0.0,0.0,0.0
2025-06-16 01:05:00+00:00,15.010000228881836,15.020000457763672,15.010000228881836,15.020000457763672,176900,0.0,0.0,0.0
2025-06-16 01:10:00+00:00,15.020000457763672,15.050000190734863,15.020000457763672,15.039999961853027,117674,0.0,0.0,0.0
2025-06-16 01:15:00+00:00,15.050000190734863,15.050000190734863,15.050000190734863,15.050000190734863,55068,0.0,0.0,0.0
2025-06-16 01:20:00+00:00,15.050000190734863,15.050000190734863,15.050000190734863,15.050000190734863,2042,0.0,0.0,0.0
2025-06-16 01:25:00+00:00,15.050000190734863,15.0600004196167,15.050000190734863,15.050000190734863,84359,0.0,0.0,0.0
2025-06-16 01:30:00+00:00,15.0600004196167,15.069999694824219,15.0600004196167,15.069999694824219,141288,0.0,0.0,0.0
2025-06-16 01:35:00+00:00,15.079999923706055,15.079999923706055,15.079999923706055,15.079999923706055,20000,0.0,0.0,0.0
2025-06-16 01:40:00+00:00,15.079999923706055,15.079999923706055,15.079999923706055,15.079999923706055,11000,0.0,0.0,0.0
2025-06-16 01:45:00+00:00,15.079999923706055,15.100000381469727,15.079999923706055,15.09000015258789,34246,0.0,0.0,0.0
2025-06-16 01:50:00+00:00,15.09000015258789,15.100000381469727,15.09000015258789,15.100000381469727,14272,0.0,0.0,0.0
2025-06-16 01:55:00+00:00,15.09000015258789,15.09000015258789,15.09000015258789,15.09000015258789,1439,0.0,0.0,0.0
2025-06-16 02:00:00+00:00,15.09000015258789,15.09000015258789,15.069999694824219,15.069999694824219,19100,0.0,0.0,0.0
2025-06-16 02:05:00+00:00,15.069999694824219,15.079999923706055,15.069999694824219,15.079999923706055,32009,0.0,0.0,0.0
2025-06-16 02:10:00+00:00,15.079999923706055,15.079999923706055,15.079999923706055,15.079999923706055,62000,0.0,0.0,0.0
2025-06-16 02:15:00+00:00,15.069999694824219,15.079999923706055,15.069999694824219,15.079999923706055,17309,0.0,0.0,0.0
2025-06-16 02:20:00+00:00,15.069999694824219,15.069999694824219,15.069999694824219,15.069999694824219,6255,0.0,0.0,0.0
2025-06-16 02:25:00+00:00,15.069999694824219,15.069999694824219,15.069999694824219,15.069999694824219,55554,0.0,0.0,0.0
2025-06-16 02:30:00+00:00,15.079999923706055,15.09000015258789,15.079999923706055,15.09000015258789,135100,0.0,0.0,0.0
2025-06-16 02:35:00+00:00,15.09000015258789,15.09000015258789,15.09000015258789,15.09000015258789,9554,0.0,0.0,0.0
2025-06-16 02:40:00+00:00,15.09000015258789,15.09000015258789,15.079999923706055,15.09000015258789,51100,0.0,0.0,0.0
2025-06-16 02:45:00+00:00,15.100000381469727,15.100000381469727,15.079999923706055,15.079999923706055,18515,0.0,0.0,0.0
2025-06-16 02:55:00+00:00,15.09000015258789,15.09000015258789,15.09000015258789,15.09000015258789,4119,0.0,0.0,0.0
2025-06-16 03:00:00+00:00,15.100000381469727,15.100000381469727,15.09000015258789,15.09000015258789,4480,0.0,0.0,0.0
2025-06-16 03:05:00+00:00,15.09000015258789,15.09000015258789,15.09000015258789,15.09000015258789,4235,0.0,0.0,0.0
2025-06-16 03:15:00+00:00,15.079999923706055,15.079999923706055,15.079999923706055,15.079999923706055,2010,0.0,0.0,0.0
2025-06-16 03:20:00+00:00,15.079999923706055,15.09000015258789,15.079999923706055,15.09000015258789,15109,0.0,0.0,0.0
2025-06-16 03:25:00+00:00,15.09000015258789,15.09000015258789,15.079999923706055,15.09000015258789,28030,0.0,0.0,0.0
2025-06-16 03:30:00+00:00,15.09000015258789,15.09000015258789,15.09000015258789,15.09000015258789,15078,0.0,0.0,0.0
2025-06-16 03:35:00+00:00,15.09000015258789,15.09000015258789,15.09000015258789,15.09000015258789,11000,0.0,0.0,0.0
2025-06-16 03:40:00+00:00,15.079999923706055,15.09000015258789,15.079999923706055,15.079999923706055,15009,0.0,0.0,0.0
2025-06-16 03:45:00+00:00,15.079999923706055,15.079999923706055,15.079999923706055,15.079999923706055,35100,0.0,0.0,0.0
2025-06-16 03:50:00+00:00,15.079999923706055,15.09000015258789,15.079999923706055,15.09000015258789,93019,0.0,0.0,0.0
2025-06-16 03:55:00+00:00,15.09000015258789,15.09000015258789,15.079999923706055,15.09000015258789,57080,0.0,0.0,0.0
2025-06-16 04:00:00+00:00,15.09000015258789,15.09000015258789,15.09000015258789,15.09000015258789,12109,0.0,0.0,0.0
2025-06-16 04:05:00+00:00,15.09000015258789,15.09000015258789,15.079999923706055,15.079999923706055,7250,0.0,0.0,0.0
2025-06-16 04:10:00+00:00,15.09000015258789,15.09000015258789,15.079999923706055,15.079999923706055,33873,0.0,0.0,0.0
2025-06-16 04:15:00+00:00,15.09000015258789,15.09000015258789,15.09000015258789,15.09000015258789,11000,0.0,0.0,0.0
2025-06-16 04:20:00+00:00,15.09000015258789,15.09000015258789,15.09000015258789,15.09000015258789,1009,0.0,0.0,0.0
2025-06-16 04:25:00+00:00,15.09000015258789,15.09000015258789,15.09000015258789,15.09000015258789,19246,0.0,0.0,0.0
2025-06-16 04:30:00+00:00,15.09000015258789,15.09000015258789,15.09000015258789,15.09000015258789,7109,0.0,0.0,0.0
2025-06-16 04:35:00+00:00,15.09000015258789,15.09000015258789,15.09000015258789,15.09000015258789,14100,0.0,0.0,0.0
2025-06-16 04:40:00+00:00,15.09000015258789,15.100000381469727,15.09000015258789,15.09000015258789,217309,0.0,0.0,0.0
2025-06-16 04:45:00+00:00,15.09000015258789,15.09000015258789,15.09000015258789,15.09000015258789,11172,0.0,0.0,0.0
2025-06-16 04:50:00+00:00,15.09000015258789,15.09000015258789,15.09000015258789,15.09000015258789,15752,0.0,0.0,0.0
2025-06-16 04:55:00+00:00,15.09000015258789,15.100000381469727,15.09000015258789,15.100000381469727,24182,0.0,0.0,0.0
2025-06-16 05:10:00+00:00,15.100000381469727,15.100000381469727,15.100000381469727,15.100000381469727,45000,0.0,0.0,0.0
2025-06-16 05:15:00+00:00,15.100000381469727,15.100000381469727,15.09000015258789,15.09000015258789,10147,0.0,0.0,0.0
2025-06-16 05:20:00+00:00,15.100000381469727,15.100000381469727,15.09000015258789,15.09000015258789,12686,0.0,0.0,0.0
2025-06-17 01:00:00+00:00,15.119999885559082,15.140000343322754,15.119999885559082,15.130000114440918,164000,0.0,0.0,0.0
2025-06-17 01:05:00+00:00,15.130000114440918,15.140000343322754,15.130000114440918,15.130000114440918,27685,0.0,0.0,0.0
2025-06-17 01:10:00+00:00,15.140000343322754,15.140000343322754,15.140000343322754,15.140000343322754,54335,0.0,0.0,0.0
2025-06-17 01:15:00+00:00,15.130000114440918,15.130000114440918,15.130000114440918,15.130000114440918,10654,0.0,0.0,0.0
2025-06-17 01:20:00+00:00,15.119999885559082,15.130000114440918,15.119999885559082,15.119999885559082,121107,0.0,0.0,0.0
2025-06-17 01:25:00+00:00,15.119999885559082,15.119999885559082,15.119999885559082,15.119999885559082,2178,0.0,0.0,0.0
2025-06-17 01:30:00+00:00,15.119999885559082,15.119999885559082,15.119999885559082,15.119999885559082,115000,0.0,0.0,0.0
2025-06-17 01:35:00+00:00,15.119999885559082,15.119999885559082,15.119999885559082,15.119999885559082,36332,0.0,0.0,0.0
2025-06-17 01:40:00+00:00,15.119999885559082,15.119999885559082,15.119999885559082,15.119999885559082,5500,0.0,0.0,0.0
2025-06-17 01:45:00+00:00,15.119999885559082,15.119999885559082,15.119999885559082,15.119999885559082,30040,0.0,0.0,0.0
2025-06-17 01:50:00+00:00,15.119999885559082,15.119999885559082,15.119999885559082,15.119999885559082,17000,0.0,0.0,0.0
2025-06-17 01:55:00+00:00,15.109999656677246,15.109999656677246,15.109999656677246,15.109999656677246,2615,0.0,0.0,0.0
2025-06-17 02:00:00+00:00,15.109999656677246,15.109999656677246,15.100000381469727,15.100000381469727,12055,0.0,0.0,0.0
2025-06-17 02:05:00+00:00,15.100000381469727,15.100000381469727,15.09000015258789,15.09000015258789,3000,0.0,0.0,0.0
2025-06-17 02:10:00+00:00,15.09000015258789,15.100000381469727,15.09000015258789,15.100000381469727,25100,0.0,0.0,0.0
2025-06-17 02:15:00+00:00,15.079999923706055,15.09000015258789,15.079999923706055,15.09000015258789,12200,0.0,0.0,0.0
2025-06-17 02:25:00+00:00,15.079999923706055,15.079999923706055,15.069999694824219,15.069999694824219,36000,0.0,0.0,0.0
2025-06-17 02:30:00+00:00,15.069999694824219,15.069999694824219,15.069999694824219,15.069999694824219,12154,0.0,0.0,0.0
2025-06-17 02:35:00+00:00,15.069999694824219,15.069999694824219,15.069999694824219,15.069999694824219,9154,0.0,0.0,0.0
2025-06-17 02:40:00+00:00,15.069999694824219,15.09000015258789,15.069999694824219,15.09000015258789,25000,0.0,0.0,0.0
2025-06-17 02:45:00+00:00,15.079999923706055,15.079999923706055,15.079999923706055,15.079999923706055,3000,0.0,0.0,0.0
2025-06-17 02:50:00+00:00,15.079999923706055,15.09000015258789,15.079999923706055,15.09000015258789,48355,0.0,0.0,0.0
2025-06-17 02:55:00+00:00,15.09000015258789,15.09000015258789,15.09000015258789,15.09000015258789,13390,0.0,0.0,0.0
2025-06-17 03:00:00+00:00,15.100000381469727,15.100000381469727,15.09000015258789,15.09000015258789,26265,0.0,0.0,0.0
2025-06-17 03:05:00+00:00,15.100000381469727,15.100000381469727,15.100000381469727,15.100000381469727,30000,0.0,0.0,0.0
2025-06-17 03:10:00+00:00,15.100000381469727,15.100000381469727,15.100000381469727,15.100000381469727,98100,0.0,0.0,0.0
2025-06-17 03:15:00+00:00,15.100000381469727,15.100000381469727,15.100000381469727,15.100000381469727,9080,0.0,0.0,0.0
2025-06-17 03:20:00+00:00,15.100000381469727,15.100000381469727,15.100000381469727,15.100000381469727,17000,0.0,0.0,0.0
2025-06-17 03:25:00+00:00,15.100000381469727,15.100000381469727,15.100000381469727,15.100000381469727,16000,0.0,0.0,0.0
2025-06-17 03:30:00+00:00,15.100000381469727,15.100000381469727,15.100000381469727,15.100000381469727,64400,0.0,0.0,0.0
2025-06-17 03:35:00+00:00,15.100000381469727,15.100000381469727,15.100000381469727,15.100000381469727,27000,0.0,0.0,0.0
2025-06-17 03:40:00+00:00,15.109999656677246,15.109999656677246,15.109999656677246,15.109999656677246,34489,0.0,0.0,0.0
2025-06-17 03:45:00+00:00,15.109999656677246,15.109999656677246,15.109999656677246,15.109999656677246,200100,0.0,0.0,0.0
2025-06-17 03:50:00+00:00,15.109999656677246,15.109999656677246,15.109999656677246,15.109999656677246,5000,0.0,0.0,0.0
2025-06-17 03:55:00+00:00,15.109999656677246,15.109999656677246,15.100000381469727,15.100000381469727,42000,0.0,0.0,0.0
2025-06-17 04:00:00+00:00,15.100000381469727,15.100000381469727,15.100000381469727,15.100000381469727,10010,0.0,0.0,0.0
2025-06-17 04:05:00+00:00,15.100000381469727,15.109999656677246,15.100000381469727,15.109999656677246,6050,0.0,0.0,0.0
2025-06-17 04:10:00+00:00,15.100000381469727,15.100000381469727,15.100000381469727,15.100000381469727,20000,0.0,0.0,0.0
2025-06-17 04:15:00+00:00,15.100000381469727,15.100000381469727,15.09000015258789,15.09000015258789,71000,0.0,0.0,0.0
2025-06-17 04:20:00+00:00,15.100000381469727,15.100000381469727,15.09000015258789,15.100000381469727,10010,0.0,0.0,0.0
2025-06-17 04:25:00+00:00,15.109999656677246,15.119999885559082,15.109999656677246,15.119999885559082,53547,0.0,0.0,0.0
2025-06-17 04:30:00+00:00,15.119999885559082,15.130000114440918,15.119999885559082,15.130000114440918,300100,0.0,0.0,0.0
2025-06-17 04:35:00+00:00,15.130000114440918,15.130000114440918,15.130000114440918,15.130000114440918,20452,0.0,0.0,0.0
2025-06-17 04:40:00+00:00,15.130000114440918,15.140000343322754,15.130000114440918,15.140000343322754,203000,0.0,0.0,0.0
2025-06-17 04:45:00+00:00,15.140000343322754,15.140000343322754,15.140000343322754,15.140000343322754,58181,0.0,0.0,0.0
2025-06-17 04:50:00+00:00,15.140000343322754,15.140000343322754,15.140000343322754,15.140000343322754,39003,0.0,0.0,0.0
2025-06-17 04:55:00+00:00,15.130000114440918,15.130000114440918,15.119999885559082,15.119999885559082,103300,0.0,0.0,0.0
2025-06-17 05:00:00+00:00,15.109999656677246,15.109999656677246,15.109999656677246,15.109999656677246,1000,0.0,0.0,0.0
2025-06-17 05:05:00+00:00,15.100000381469727,15.100000381469727,15.09000015258789,15.09000015258789,14000,0.0,0.0,0.0
2025-06-17 05:10:00+00:00,15.09000015258789,15.100000381469727,15.09000015258789,15.100000381469727,24047,0.0,0.0,0.0
2025-06-17 05:15:00+00:00,15.100000381469727,15.100000381469727,15.100000381469727,15.100000381469727,1012,0.0,0.0,0.0
2025-06-17 05:20:00+00:00,15.100000381469727,15.100000381469727,15.100000381469727,15.100000381469727,6150,0.0,0.0,0.0
2025-06-18 01:00:00+00:00,15.079999923706055,15.079999923706055,15.079999923706055,15.079999923706055,11000,0.0,0.0,0.0
2025-06-18 01:05:00+00:00,15.039999961853027,15.039999961853027,15.020000457763672,15.020000457763672,182834,0.0,0.0,0.0
2025-06-18 01:10:00+00:00,15.0,15.010000228881836,15.0,15.010000228881836,21451,0.0,0.0,0.0
2025-06-18 01:15:00+00:00,15.010000228881836,15.010000228881836,15.0,15.010000228881836,80810,0.0,0.0,0.0
2025-06-18 01:20:00+00:00,15.0,15.020000457763672,15.0,15.020000457763672,13000,0.0,0.0,0.0
2025-06-18 01:25:00+00:00,15.020000457763672,15.020000457763672,15.010000228881836,15.010000228881836,11395,0.0,0.0,0.0
2025-06-18 01:30:00+00:00,15.010000228881836,15.020000457763672,15.010000228881836,15.020000457763672,12000,0.0,0.0,0.0
2025-06-18 01:35:00+00:00,15.029999732971191,15.039999961853027,15.029999732971191,15.039999961853027,16235,0.0,0.0,0.0
2025-06-18 01:45:00+00:00,15.039999961853027,15.039999961853027,15.039999961853027,15.039999961853027,100050,0.0,0.0,0.0
2025-06-18 01:50:00+00:00,15.039999961853027,15.050000190734863,15.039999961853027,15.050000190734863,277000,0.0,0.0,0.0
2025-06-18 01:55:00+00:00,15.050000190734863,15.0600004196167,15.050000190734863,15.0600004196167,11889,0.0,0.0,0.0
2025-06-18 02:10:00+00:00,15.050000190734863,15.0600004196167,15.050000190734863,15.050000190734863,42195,0.0,0.0,0.0
2025-06-18 02:15:00+00:00,15.050000190734863,15.069999694824219,15.050000190734863,15.069999694824219,6707,0.0,0.0,0.0
2025-06-18 02:20:00+00:00,15.050000190734863,15.069999694824219,15.050000190734863,15.069999694824219,23217,0.0,0.0,0.0
2025-06-18 02:25:00+00:00,15.079999923706055,15.079999923706055,15.0600004196167,15.0600004196167,3333,0.0,0.0,0.0
2025-06-18 02:35:00+00:00,15.079999923706055,15.09000015258789,15.079999923706055,15.09000015258789,53160,0.0,0.0,0.0
2025-06-18 02:40:00+00:00,15.079999923706055,15.079999923706055,15.079999923706055,15.079999923706055,1000,0.0,0.0,0.0
2025-06-18 02:45:00+00:00,15.079999923706055,15.09000015258789,15.079999923706055,15.09000015258789,5002,0.0,0.0,0.0
2025-06-18 02:50:00+00:00,15.100000381469727,15.100000381469727,15.09000015258789,15.09000015258789,60035,0.0,0.0,0.0
2025-06-18 02:55:00+00:00,15.09000015258789,15.09000015258789,15.09000015258789,15.09000015258789,30305,0.0,0.0,0.0
2025-06-18 03:00:00+00:00,15.09000015258789,15.09000015258789,15.09000015258789,15.09000015258789,3100,0.0,0.0,0.0
2025-06-18 03:05:00+00:00,15.079999923706055,15.079999923706055,15.069999694824219,15.069999694824219,5048,0.0,0.0,0.0
2025-06-18 03:10:00+00:00,15.069999694824219,15.069999694824219,15.069999694824219,15.069999694824219,1360,0.0,0.0,0.0
2025-06-18 03:15:00+00:00,15.0600004196167,15.0600004196167,15.0600004196167,15.0600004196167,1150,0.0,0.0,0.0
2025-06-18 03:20:00+00:00,15.069999694824219,15.069999694824219,15.069999694824219,15.069999694824219,12000,0.0,0.0,0.0
2025-06-18 03:25:00+00:00,15.069999694824219,15.079999923706055,15.069999694824219,15.079999923706055,13056,0.0,0.0,0.0
2025-06-18 03:30:00+00:00,15.069999694824219,15.069999694824219,15.069999694824219,15.069999694824219,3624,0.0,0.0,0.0
2025-06-18 03:40:00+00:00,15.069999694824219,15.069999694824219,15.069999694824219,15.069999694824219,2000,0.0,0.0,0.0
2025-06-18 03:45:00+00:00,15.069999694824219,15.069999694824219,15.069999694824219,15.069999694824219,5000,0.0,0.0,0.0
2025-06-18 03:50:00+00:00,15.069999694824219,15.069999694824219,15.069999694824219,15.069999694824219,1890,0.0,0.0,0.0
2025-06-18 03:55:00+00:00,15.069999694824219,15.069999694824219,15.069999694824219,15.069999694824219,1100,0.0,0.0,0.0
2025-06-18 04:00:00+00:00,15.069999694824219,15.069999694824219,15.069999694824219,15.069999694824219,4000,0.0,0.0,0.0
2025-06-18 04:05:00+00:00,15.0600004196167,15.0600004196167,15.0600004196167,15.0600004196167,1000,0.0,0.0,0.0
2025-06-18 04:10:00+00:00,15.0600004196167,15.0600004196167,15.0600004196167,15.0600004196167,218781,0.0,0.0,0.0
2025-06-18 04:15:00+00:00,15.050000190734863,15.050000190734863,15.050000190734863,15.050000190734863,5069,0.0,0.0,0.0
2025-06-18 04:20:00+00:00,15.050000190734863,15.050000190734863,15.050000190734863,15.050000190734863,5525,0.0,0.0,0.0
2025-06-18 04:30:00+00:00,15.039999961853027,15.039999961853027,15.029999732971191,15.029999732971191,5643,0.0,0.0,0.0
2025-06-18 04:35:00+00:00,15.020000457763672,15.020000457763672,15.020000457763672,15.020000457763672,193500,0.0,0.0,0.0
2025-06-18 04:40:00+00:00,15.020000457763672,15.029999732971191,15.020000457763672,15.029999732971191,19240,0.0,0.0,0.0
2025-06-18 04:55:00+00:00,15.039999961853027,15.039999961853027,15.039999961853027,15.039999961853027,13002,0.0,0.0,0.0
2025-06-18 05:00:00+00:00,15.039999961853027,15.050000190734863,15.039999961853027,15.050000190734863,17034,0.0,0.0,0.0
2025-06-18 05:10:00+00:00,15.050000190734863,15.0600004196167,15.050000190734863,15.050000190734863,41122,0.0,0.0,0.0
2025-06-18 05:15:00+00:00,15.039999961853027,15.050000190734863,15.039999961853027,15.039999961853027,31426,0.0,0.0,0.0
2025-06-18 05:20:00+00:00,15.039999961853027,15.050000190734863,15.039999961853027,15.050000190734863,22235,0.0,0.0,0.0
2025-06-19 01:00:00+00:00,15.029999732971191,15.029999732971191,15.010000228881836,15.010000228881836,14000,0.0,0.0,0.0
2025-06-19 01:05:00+00:00,15.0,15.0,15.0,15.0,14478,0.0,0.0,0.0
2025-06-19 01:10:00+00:00,15.0,15.0,15.0,15.0,4153,0.0,0.0,0.0
2025-06-19 01:20:00+00:00,14.989999771118164,14.989999771118164,14.989999771118164,14.989999771118164,354391,0.0,0.0,0.0
2025-06-19 01:25:00+00:00,14.989999771118164,14.989999771118164,14.989999771118164,14.989999771118164,140059,0.0,0.0,0.0
2025-06-19 01:30:00+00:00,14.989999771118164,15.0,14.989999771118164,15.0,37110,0.0,0.0,0.0
2025-06-19 01:35:00+00:00,14.989999771118164,14.989999771118164,14.970000267028809,14.970000267028809,674805,0.0,0.0,0.0
2025-06-19 01:40:00+00:00,14.970000267028809,14.979999542236328,14.970000267028809,14.979999542236328,158000,0.0,0.0,0.0
2025-06-19 01:45:00+00:00,14.979999542236328,14.979999542236328,14.960000038146973,14.960000038146973,12012,0.0,0.0,0.0
2025-06-19 01:50:00+00:00,14.960000038146973,14.960000038146973,14.960000038146973,14.960000038146973,16887,0.0,0.0,0.0
2025-06-19 02:00:00+00:00,14.979999542236328,14.979999542236328,14.979999542236328,14.979999542236328,5627,0.0,0.0,0.0
2025-06-19 02:05:00+00:00,14.979999542236328,14.979999542236328,14.979999542236328,14.979999542236328,1343,0.0,0.0,0.0
2025-06-19 02:15:00+00:00,14.979999542236328,14.979999542236328,14.979999542236328,14.979999542236328,2290,0.0,0.0,0.0
2025-06-19 02:20:00+00:00,14.960000038146973,14.970000267028809,14.949999809265137,14.949999809265137,16365,0.0,0.0,0.0
2025-06-19 02:25:00+00:00,14.960000038146973,14.960000038146973,14.9399995803833,14.9399995803833,429000,0.0,0.0,0.0
2025-06-19 02:30:00+00:00,14.970000267028809,14.970000267028809,14.970000267028809,14.970000267028809,2143,0.0,0.0,0.0
2025-06-19 02:35:00+00:00,14.9399995803833,14.9399995803833,14.9399995803833,14.9399995803833,101102,0.0,0.0,0.0
2025-06-19 02:45:00+00:00,14.9399995803833,14.960000038146973,14.9399995803833,14.960000038146973,3590,0.0,0.0,0.0
2025-06-19 02:50:00+00:00,14.949999809265137,14.949999809265137,14.949999809265137,14.949999809265137,7000,0.0,0.0,0.0
2025-06-19 02:55:00+00:00,14.9399995803833,14.9399995803833,14.930000305175781,14.930000305175781,355311,0.0,0.0,0.0
2025-06-19 03:05:00+00:00,14.930000305175781,14.930000305175781,14.930000305175781,14.930000305175781,1050,0.0,0.0,0.0
2025-06-19 03:15:00+00:00,14.930000305175781,14.930000305175781,14.930000305175781,14.930000305175781,10150,0.0,0.0,0.0
2025-06-19 03:20:00+00:00,14.930000305175781,14.930000305175781,14.930000305175781,14.930000305175781,31128,0.0,0.0,0.0
2025-06-19 03:40:00+00:00,14.949999809265137,14.949999809265137,14.949999809265137,14.949999809265137,1000,0.0,0.0,0.0
2025-06-19 03:45:00+00:00,14.9399995803833,14.9399995803833,14.930000305175781,14.930000305175781,26000,0.0,0.0,0.0
2025-06-19 03:50:00+00:00,14.930000305175781,14.930000305175781,14.930000305175781,14.930000305175781,1872,0.0,0.0,0.0
2025-06-19 04:00:00+00:00,14.9399995803833,14.9399995803833,14.9399995803833,14.9399995803833,4000,0.0,0.0,0.0
2025-06-19 04:05:00+00:00,14.9399995803833,14.9399995803833,14.9399995803833,14.9399995803833,1510,0.0,0.0,0.0
2025-06-19 04:15:00+00:00,14.9399995803833,14.9399995803833,14.9399995803833,14.9399995803833,6110,0.0,0.0,0.0
2025-06-19 04:20:00+00:00,14.9399995803833,14.9399995803833,14.9399995803833,14.9399995803833,5000,0.0,0.0,0.0
2025-06-19 04:25:00+00:00,14.9399995803833,14.9399995803833,14.930000305175781,14.930000305175781,6325,0.0,0.0,0.0
2025-06-19 04:30:00+00:00,14.930000305175781,14.930000305175781,14.920000076293945,14.920000076293945,31578,0.0,0.0,0.0
2025-06-19 04:35:00+00:00,14.920000076293945,14.920000076293945,14.920000076293945,14.920000076293945,4252,0.0,0.0,0.0
2025-06-19 04:45:00+00:00,14.930000305175781,14.930000305175781,14.930000305175781,14.930000305175781,4944,0.0,0.0,0.0
2025-06-19 05:00:00+00:00,14.920000076293945,14.920000076293945,14.899999618530273,14.899999618530273,38747,0.0,0.0,0.0
2025-06-19 05:05:00+00:00,14.899999618530273,14.899999618530273,14.899999618530273,14.899999618530273,34033,0.0,0.0,0.0
2025-06-19 05:15:00+00:00,14.920000076293945,14.920000076293945,14.920000076293945,14.920000076293945,1225,0.0,0.0,0.0
2025-06-19 05:20:00+00:00,14.90999984741211,14.90999984741211,14.90999984741211,14.90999984741211,9021,0.0,0.0,0.0
2025-06-20 01:00:00+00:00,14.899999618530273,14.899999618530273,14.899999618530273,14.899999618530273,4000,0.0,0.0,0.0
2025-06-20 01:05:00+00:00,14.899999618530273,14.90999984741211,14.880000114440918,14.899999618530273,217000,0.0,0.0,0.0
2025-06-20 01:10:00+00:00,14.880000114440918,14.880000114440918,14.880000114440918,14.880000114440918,2177,0.0,0.0,0.0
2025-06-20 01:15:00+00:00,14.869999885559082,14.869999885559082,14.869999885559082,14.869999885559082,1000,0.0,0.0,0.0
2025-06-20 01:20:00+00:00,14.859999656677246,14.859999656677246,14.84000015258789,14.84000015258789,19986,0.0,0.0,0.0
2025-06-20 01:25:00+00:00,14.829999923706055,14.84000015258789,14.8100004196167,14.8100004196167,11320,0.0,0.0,0.0
2025-06-20 01:30:00+00:00,14.8100004196167,14.819999694824219,14.800000190734863,14.800000190734863,24290,0.0,0.0,0.0
2025-06-20 01:35:00+00:00,14.800000190734863,14.800000190734863,14.779999732971191,14.779999732971191,49318,0.0,0.0,0.0
2025-06-20 01:40:00+00:00,14.770000457763672,14.779999732971191,14.760000228881836,14.760000228881836,38852,0.0,0.0,0.0
2025-06-20 01:45:00+00:00,14.75,14.760000228881836,14.75,14.75,46240,0.0,0.0,0.0
2025-06-20 01:50:00+00:00,14.75,14.760000228881836,14.75,14.75,10354,0.0,0.0,0.0
2025-06-20 01:55:00+00:00,14.75,14.75,14.75,14.75,3150,0.0,0.0,0.0
2025-06-20 02:00:00+00:00,14.75,14.75,14.75,14.75,39000,0.0,0.0,0.0
2025-06-20 02:05:00+00:00,14.760000228881836,14.760000228881836,14.75,14.75,41862,0.0,0.0,0.0
2025-06-20 02:10:00+00:00,14.75,14.75,14.75,14.75,4000,0.0,0.0,0.0
2025-06-20 02:15:00+00:00,14.760000228881836,14.760000228881836,14.760000228881836,14.760000228881836,3000,0.0,0.0,0.0
2025-06-20 02:20:00+00:00,14.760000228881836,14.760000228881836,14.760000228881836,14.760000228881836,2000,0.0,0.0,0.0
2025-06-20 02:25:00+00:00,14.760000228881836,14.760000228881836,14.760000228881836,14.760000228881836,4030,0.0,0.0,0.0
2025-06-20 02:30:00+00:00,14.760000228881836,14.760000228881836,14.75,14.760000228881836,15000,0.0,0.0,0.0
2025-06-20 02:40:00+00:00,14.770000457763672,14.770000457763672,14.770000457763672,14.770000457763672,1000,0.0,0.0,0.0
2025-06-20 02:45:00+00:00,14.770000457763672,14.770000457763672,14.760000228881836,14.770000457763672,12871,0.0,0.0,0.0
2025-06-20 02:55:00+00:00,14.75,14.75,14.75,14.75,173436,0.0,0.0,0.0
2025-06-20 03:00:00+00:00,14.75,14.75,14.75,14.75,2330,0.0,0.0,0.0
2025-06-20 03:10:00+00:00,14.75,14.75,14.739999771118164,14.739999771118164,8546,0.0,0.0,0.0
2025-06-20 03:20:00+00:00,14.739999771118164,14.75,14.739999771118164,14.739999771118164,15775,0.0,0.0,0.0
2025-06-20 03:25:00+00:00,14.75,14.75,14.75,14.75,1000,0.0,0.0,0.0
2025-06-20 03:30:00+00:00,14.760000228881836,14.760000228881836,14.75,14.75,107150,0.0,0.0,0.0
2025-06-20 03:35:00+00:00,14.760000228881836,14.770000457763672,14.760000228881836,14.770000457763672,65550,0.0,0.0,0.0
2025-06-20 03:45:00+00:00,14.770000457763672,14.770000457763672,14.770000457763672,14.770000457763672,2000,0.0,0.0,0.0
2025-06-20 03:50:00+00:00,14.779999732971191,14.779999732971191,14.779999732971191,14.779999732971191,5000,0.0,0.0,0.0
2025-06-20 03:55:00+00:00,14.770000457763672,14.770000457763672,14.770000457763672,14.770000457763672,1010,0.0,0.0,0.0
2025-06-20 04:20:00+00:00,14.770000457763672,14.770000457763672,14.770000457763672,14.770000457763672,6297,0.0,0.0,0.0
2025-06-20 04:30:00+00:00,14.770000457763672,14.770000457763672,14.770000457763672,14.770000457763672,1000,0.0,0.0,0.0
2025-06-20 04:35:00+00:00,14.760000228881836,14.760000228881836,14.760000228881836,14.760000228881836,5000,0.0,0.0,0.0
2025-06-20 04:45:00+00:00,14.760000228881836,14.760000228881836,14.760000228881836,14.760000228881836,3360,0.0,0.0,0.0
2025-06-20 04:50:00+00:00,14.760000228881836,14.770000457763672,14.760000228881836,14.770000457763672,11000,0.0,0.0,0.0
2025-06-20 04:55:00+00:00,14.770000457763672,14.770000457763672,14.770000457763672,14.770000457763672,3222,0.0,0.0,0.0
2025-06-20 05:00:00+00:00,14.760000228881836,14.760000228881836,14.760000228881836,14.760000228881836,1285,0.0,0.0,0.0
2025-06-20 05:05:00+00:00,14.75,14.75,14.75,14.75,10095,0.0,0.0,0.0
2025-06-20 05:10:00+00:00,14.75,14.779999732971191,14.75,14.779999732971191,9584,0.0,0.0,0.0
2025-06-20 05:15:00+00:00,14.760000228881836,14.760000228881836,14.760000228881836,14.760000228881836,3000,0.0,0.0,0.0
2025-06-20 05:20:00+00:00,14.760000228881836,14.760000228881836,14.760000228881836,14.760000228881836,3263,0.0,0.0,0.0
2025-06-23 01:00:00+00:00,14.5600004196167,14.5600004196167,14.510000228881836,14.510000228881836,0,0.0,0.0,0.0
2025-06-23 01:05:00+00:00,14.600000381469727,14.609999656677246,14.600000381469727,14.600000381469727,35192,0.0,0.0,0.0
2025-06-23 01:10:00+00:00,14.609999656677246,14.609999656677246,14.600000381469727,14.600000381469727,17000,0.0,0.0,0.0
2025-06-23 01:15:00+00:00,14.59000015258789,14.59000015258789,14.550000190734863,14.550000190734863,13359,0.0,0.0,0.0
2025-06-23 01:20:00+00:00,14.550000190734863,14.550000190734863,14.539999961853027,14.539999961853027,23219,0.0,0.0,0.0
2025-06-23 01:25:00+00:00,14.529999732971191,14.529999732971191,14.5,14.5,55445,0.0,0.0,0.0
2025-06-23 01:30:00+00:00,14.5,14.520000457763672,14.5,14.520000457763672,81093,0.0,0.0,0.0
2025-06-23 01:35:00+00:00,14.539999961853027,14.539999961853027,14.539999961853027,14.539999961853027,7000,0.0,0.0,0.0
2025-06-23 01:40:00+00:00,14.529999732971191,14.529999732971191,14.529999732971191,14.529999732971191,9318,0.0,0.0,0.0
2025-06-23 01:45:00+00:00,14.539999961853027,14.539999961853027,14.529999732971191,14.529999732971191,4573,0.0,0.0,0.0
2025-06-23 01:50:00+00:00,14.529999732971191,14.550000190734863,14.529999732971191,14.550000190734863,19000,0.0,0.0,0.0
2025-06-23 01:55:00+00:00,14.529999732971191,14.529999732971191,14.520000457763672,14.520000457763672,10411,0.0,0.0,0.0
2025-06-23 02:00:00+00:00,14.550000190734863,14.550000190734863,14.520000457763672,14.520000457763672,4316,0.0,0.0,0.0
2025-06-23 02:05:00+00:00,14.539999961853027,14.539999961853027,14.539999961853027,14.539999961853027,100000,0.0,0.0,0.0
2025-06-23 02:10:00+00:00,14.550000190734863,14.550000190734863,14.550000190734863,14.550000190734863,1000,0.0,0.0,0.0
2025-06-23 02:15:00+00:00,14.550000190734863,14.550000190734863,14.539999961853027,14.539999961853027,19235,0.0,0.0,0.0
2025-06-23 02:20:00+00:00,14.539999961853027,14.550000190734863,14.539999961853027,14.550000190734863,121050,0.0,0.0,0.0
2025-06-23 02:25:00+00:00,14.539999961853027,14.539999961853027,14.539999961853027,14.539999961853027,60067,0.0,0.0,0.0
2025-06-23 02:30:00+00:00,14.5600004196167,14.5600004196167,14.539999961853027,14.539999961853027,33000,0.0,0.0,0.0
2025-06-23 02:35:00+00:00,14.539999961853027,14.539999961853027,14.539999961853027,14.539999961853027,3091,0.0,0.0,0.0
2025-06-23 02:40:00+00:00,14.539999961853027,14.539999961853027,14.539999961853027,14.539999961853027,100300,0.0,0.0,0.0
2025-06-23 02:45:00+00:00,14.5600004196167,14.5600004196167,14.529999732971191,14.529999732971191,10767,0.0,0.0,0.0
2025-06-23 02:50:00+00:00,14.539999961853027,14.539999961853027,14.539999961853027,14.539999961853027,2000,0.0,0.0,0.0
2025-06-23 02:55:00+00:00,14.539999961853027,14.550000190734863,14.539999961853027,14.550000190734863,6500,0.0,0.0,0.0
2025-06-23 03:00:00+00:00,14.550000190734863,14.5600004196167,14.539999961853027,14.539999961853027,7224,0.0,0.0,0.0
2025-06-23 03:10:00+00:00,14.539999961853027,14.539999961853027,14.539999961853027,14.539999961853027,1000,0.0,0.0,0.0
2025-06-23 03:15:00+00:00,14.550000190734863,14.569999694824219,14.539999961853027,14.539999961853027,4000,0.0,0.0,0.0
2025-06-23 03:25:00+00:00,14.579999923706055,14.579999923706055,14.5600004196167,14.5600004196167,32000,0.0,0.0,0.0
2025-06-23 03:30:00+00:00,14.579999923706055,14.579999923706055,14.579999923706055,14.579999923706055,1000,0.0,0.0,0.0
2025-06-23 03:40:00+00:00,14.579999923706055,14.579999923706055,14.579999923706055,14.579999923706055,7095,0.0,0.0,0.0
2025-06-23 03:45:00+00:00,14.59000015258789,14.59000015258789,14.569999694824219,14.569999694824219,5008,0.0,0.0,0.0
2025-06-23 03:50:00+00:00,14.569999694824219,14.569999694824219,14.569999694824219,14.569999694824219,1590,0.0,0.0,0.0
2025-06-23 04:00:00+00:00,14.569999694824219,14.569999694824219,14.569999694824219,14.569999694824219,2018,0.0,0.0,0.0
2025-06-23 04:10:00+00:00,14.569999694824219,14.569999694824219,14.569999694824219,14.569999694824219,1000,0.0,0.0,0.0
2025-06-23 04:15:00+00:00,14.579999923706055,14.579999923706055,14.579999923706055,14.579999923706055,84198,0.0,0.0,0.0
2025-06-23 04:20:00+00:00,14.579999923706055,14.579999923706055,14.579999923706055,14.579999923706055,10343,0.0,0.0,0.0
2025-06-23 04:25:00+00:00,14.579999923706055,14.59000015258789,14.579999923706055,14.59000015258789,3250,0.0,0.0,0.0
2025-06-23 04:30:00+00:00,14.59000015258789,14.59000015258789,14.59000015258789,14.59000015258789,6145,0.0,0.0,0.0
2025-06-23 04:35:00+00:00,14.59000015258789,14.59000015258789,14.579999923706055,14.579999923706055,7210,0.0,0.0,0.0
2025-06-23 04:40:00+00:00,14.569999694824219,14.569999694824219,14.569999694824219,14.569999694824219,3500,0.0,0.0,0.0
2025-06-23 04:45:00+00:00,14.569999694824219,14.59000015258789,14.569999694824219,14.59000015258789,6100,0.0,0.0,0.0
2025-06-23 04:50:00+00:00,14.579999923706055,14.579999923706055,14.579999923706055,14.579999923706055,25208,0.0,0.0,0.0
2025-06-23 04:55:00+00:00,14.579999923706055,14.579999923706055,14.579999923706055,14.579999923706055,2100,0.0,0.0,0.0
2025-06-23 05:00:00+00:00,14.600000381469727,14.600000381469727,14.600000381469727,14.600000381469727,7104,0.0,0.0,0.0
2025-06-23 05:05:00+00:00,14.600000381469727,14.600000381469727,14.600000381469727,14.600000381469727,2141,0.0,0.0,0.0
2025-06-23 05:10:00+00:00,14.59000015258789,14.59000015258789,14.59000015258789,14.59000015258789,1500,0.0,0.0,0.0
2025-06-23 05:15:00+00:00,14.59000015258789,14.609999656677246,14.59000015258789,14.600000381469727,36000,0.0,0.0,0.0
2025-06-23 05:20:00+00:00,14.600000381469727,14.600000381469727,14.600000381469727,14.600000381469727,1309,0.0,0.0,0.0
2025-06-24 01:00:00+00:00,14.770000457763672,14.770000457763672,14.770000457763672,14.770000457763672,165000,0.011,0.0,0.0
2025-06-24 01:05:00+00:00,14.770000457763672,14.800000190734863,14.760000228881836,14.800000190734863,23097,0.0,0.0,0.0
2025-06-24 01:15:00+00:00,14.800000190734863,14.819999694824219,14.800000190734863,14.819999694824219,64700,0.0,0.0,0.0
2025-06-24 01:20:00+00:00,14.819999694824219,14.819999694824219,14.819999694824219,14.819999694824219,6047,0.0,0.0,0.0
2025-06-24 01:25:00+00:00,14.789999961853027,14.789999961853027,14.789999961853027,14.789999961853027,1100,0.0,0.0,0.0
2025-06-24 01:30:00+00:00,14.789999961853027,14.789999961853027,14.789999961853027,14.789999961853027,2002,0.0,0.0,0.0
2025-06-24 01:35:00+00:00,14.770000457763672,14.779999732971191,14.770000457763672,14.779999732971191,11020,0.0,0.0,0.0
2025-06-24 01:40:00+00:00,14.779999732971191,14.789999961853027,14.779999732971191,14.789999961853027,15027,0.0,0.0,0.0
2025-06-24 01:50:00+00:00,14.789999961853027,14.789999961853027,14.789999961853027,14.789999961853027,1000,0.0,0.0,0.0
2025-06-24 01:55:00+00:00,14.789999961853027,14.789999961853027,14.789999961853027,14.789999961853027,4310,0.0,0.0,0.0
2025-06-24 02:00:00+00:00,14.779999732971191,14.779999732971191,14.779999732971191,14.779999732971191,16000,0.0,0.0,0.0
2025-06-24 02:05:00+00:00,14.779999732971191,14.779999732971191,14.760000228881836,14.760000228881836,103397,0.0,0.0,0.0
2025-06-24 02:15:00+00:00,14.770000457763672,14.770000457763672,14.770000457763672,14.770000457763672,2545,0.0,0.0,0.0
2025-06-24 02:30:00+00:00,14.770000457763672,14.779999732971191,14.770000457763672,14.779999732971191,62261,0.0,0.0,0.0
2025-06-24 02:40:00+00:00,14.770000457763672,14.770000457763672,14.760000228881836,14.760000228881836,23500,0.0,0.0,0.0
2025-06-24 02:45:00+00:00,14.760000228881836,14.760000228881836,14.760000228881836,14.760000228881836,15216,0.0,0.0,0.0
2025-06-24 02:50:00+00:00,14.75,14.75,14.75,14.75,5000,0.0,0.0,0.0
2025-06-24 02:55:00+00:00,14.75,14.75,14.75,14.75,20165,0.0,0.0,0.0
2025-06-24 03:00:00+00:00,14.75,14.760000228881836,14.75,14.760000228881836,66135,0.0,0.0,0.0
2025-06-24 03:10:00+00:00,14.770000457763672,14.770000457763672,14.770000457763672,14.770000457763672,12358,0.0,0.0,0.0
2025-06-24 03:20:00+00:00,14.770000457763672,14.779999732971191,14.770000457763672,14.779999732971191,106096,0.0,0.0,0.0
2025-06-24 03:25:00+00:00,14.779999732971191,14.779999732971191,14.779999732971191,14.779999732971191,8500,0.0,0.0,0.0
2025-06-24 03:30:00+00:00,14.779999732971191,14.800000190734863,14.779999732971191,14.800000190734863,80598,0.0,0.0,0.0
2025-06-24 03:35:00+00:00,14.8100004196167,14.8100004196167,14.8100004196167,14.8100004196167,2015,0.0,0.0,0.0
2025-06-24 03:40:00+00:00,14.779999732971191,14.779999732971191,14.779999732971191,14.779999732971191,10000,0.0,0.0,0.0
2025-06-24 03:45:00+00:00,14.779999732971191,14.779999732971191,14.779999732971191,14.779999732971191,1000,0.0,0.0,0.0
2025-06-24 03:50:00+00:00,14.779999732971191,14.779999732971191,14.770000457763672,14.770000457763672,4967,0.0,0.0,0.0
2025-06-24 04:00:00+00:00,14.779999732971191,14.779999732971191,14.779999732971191,14.779999732971191,10000,0.0,0.0,0.0
2025-06-24 04:05:00+00:00,14.770000457763672,14.770000457763672,14.760000228881836,14.760000228881836,4000,0.0,0.0,0.0
2025-06-24 04:10:00+00:00,14.760000228881836,14.760000228881836,14.760000228881836,14.760000228881836,4100,0.0,0.0,0.0
2025-06-24 04:15:00+00:00,14.760000228881836,14.760000228881836,14.760000228881836,14.760000228881836,100085,0.0,0.0,0.0
2025-06-24 04:20:00+00:00,14.760000228881836,14.760000228881836,14.760000228881836,14.760000228881836,5000,0.0,0.0,0.0
2025-06-24 04:25:00+00:00,14.75,14.760000228881836,14.75,14.760000228881836,21065,0.0,0.0,0.0
2025-06-24 04:35:00+00:00,14.770000457763672,14.770000457763672,14.760000228881836,14.760000228881836,60000,0.0,0.0,0.0
2025-06-24 04:40:00+00:00,14.770000457763672,14.779999732971191,14.770000457763672,14.779999732971191,20507,0.0,0.0,0.0
2025-06-24 04:45:00+00:00,14.779999732971191,14.779999732971191,14.779999732971191,14.779999732971191,1988,0.0,0.0,0.0
2025-06-24 04:50:00+00:00,14.779999732971191,14.789999961853027,14.770000457763672,14.789999961853027,31050,0.0,0.0,0.0
2025-06-24 04:55:00+00:00,14.779999732971191,14.779999732971191,14.779999732971191,14.779999732971191,5733,0.0,0.0,0.0
2025-06-24 05:00:00+00:00,14.789999961853027,14.789999961853027,14.789999961853027,14.789999961853027,9177,0.0,0.0,0.0
2025-06-24 05:10:00+00:00,14.779999732971191,14.779999732971191,14.779999732971191,14.779999732971191,1046,0.0,0.0,0.0
2025-06-24 05:15:00+00:00,14.779999732971191,14.779999732971191,14.779999732971191,14.779999732971191,7094,0.0,0.0,0.0
2025-06-24 05:20:00+00:00,14.789999961853027,14.789999961853027,14.779999732971191,14.779999732971191,6000,0.0,0.0,0.0
2025-06-25 01:00:00+00:00,14.800000190734863,14.84000015258789,14.800000190734863,14.819999694824219,718000,0.0,0.0,0.0
2025-06-25 01:05:00+00:00,14.819999694824219,14.819999694824219,14.8100004196167,14.8100004196167,135000,0.0,0.0,0.0
2025-06-25 01:10:00+00:00,14.789999961853027,14.789999961853027,14.789999961853027,14.789999961853027,64665,0.0,0.0,0.0
2025-06-25 01:15:00+00:00,14.789999961853027,14.789999961853027,14.789999961853027,14.789999961853027,53574,0.0,0.0,0.0
2025-06-25 01:25:00+00:00,14.779999732971191,14.779999732971191,14.770000457763672,14.770000457763672,106950,0.0,0.0,0.0
2025-06-25 01:30:00+00:00,14.770000457763672,14.770000457763672,14.770000457763672,14.770000457763672,21533,0.0,0.0,0.0
2025-06-25 01:35:00+00:00,14.789999961853027,14.819999694824219,14.789999961853027,14.819999694824219,79340,0.0,0.0,0.0
2025-06-25 01:40:00+00:00,14.8100004196167,14.8100004196167,14.8100004196167,14.8100004196167,1000,0.0,0.0,0.0
2025-06-25 01:45:00+00:00,14.800000190734863,14.800000190734863,14.800000190734863,14.800000190734863,3305,0.0,0.0,0.0
2025-06-25 01:50:00+00:00,14.800000190734863,14.800000190734863,14.800000190734863,14.800000190734863,1010,0.0,0.0,0.0
2025-06-25 02:00:00+00:00,14.800000190734863,14.800000190734863,14.789999961853027,14.789999961853027,2000,0.0,0.0,0.0
2025-06-25 02:05:00+00:00,14.789999961853027,14.789999961853027,14.789999961853027,14.789999961853027,8000,0.0,0.0,0.0
2025-06-25 02:10:00+00:00,14.800000190734863,14.800000190734863,14.800000190734863,14.800000190734863,3250,0.0,0.0,0.0
2025-06-25 02:15:00+00:00,14.800000190734863,14.800000190734863,14.800000190734863,14.800000190734863,39150,0.0,0.0,0.0
2025-06-25 02:20:00+00:00,14.789999961853027,14.789999961853027,14.789999961853027,14.789999961853027,2468,0.0,0.0,0.0
2025-06-25 02:25:00+00:00,14.779999732971191,14.779999732971191,14.779999732971191,14.779999732971191,30000,0.0,0.0,0.0
2025-06-25 02:30:00+00:00,14.779999732971191,14.779999732971191,14.770000457763672,14.770000457763672,24000,0.0,0.0,0.0
2025-06-25 02:35:00+00:00,14.779999732971191,14.779999732971191,14.779999732971191,14.779999732971191,11000,0.0,0.0,0.0
2025-06-25 02:40:00+00:00,14.789999961853027,14.789999961853027,14.779999732971191,14.779999732971191,7005,0.0,0.0,0.0
2025-06-25 02:45:00+00:00,14.779999732971191,14.789999961853027,14.779999732971191,14.779999732971191,29102,0.0,0.0,0.0
2025-06-25 02:55:00+00:00,14.779999732971191,14.779999732971191,14.779999732971191,14.779999732971191,5139,0.0,0.0,0.0
2025-06-25 03:00:00+00:00,14.789999961853027,14.789999961853027,14.789999961853027,14.789999961853027,5000,0.0,0.0,0.0
2025-06-25 03:05:00+00:00,14.800000190734863,14.800000190734863,14.800000190734863,14.800000190734863,11049,0.0,0.0,0.0
2025-06-25 03:10:00+00:00,14.800000190734863,14.800000190734863,14.800000190734863,14.800000190734863,21094,0.0,0.0,0.0
2025-06-25 03:15:00+00:00,14.800000190734863,14.800000190734863,14.800000190734863,14.800000190734863,8200,0.0,0.0,0.0
2025-06-25 03:20:00+00:00,14.800000190734863,14.8100004196167,14.800000190734863,14.8100004196167,62500,0.0,0.0,0.0
2025-06-25 03:30:00+00:00,14.8100004196167,14.8100004196167,14.8100004196167,14.8100004196167,2060,0.0,0.0,0.0
2025-06-25 03:35:00+00:00,14.8100004196167,14.8100004196167,14.8100004196167,14.8100004196167,15844,0.0,0.0,0.0
2025-06-25 03:40:00+00:00,14.8100004196167,14.819999694824219,14.8100004196167,14.819999694824219,85020,0.0,0.0,0.0
2025-06-25 03:45:00+00:00,14.8100004196167,14.8100004196167,14.8100004196167,14.8100004196167,100000,0.0,0.0,0.0
2025-06-25 03:55:00+00:00,14.8100004196167,14.8100004196167,14.8100004196167,14.8100004196167,3000,0.0,0.0,0.0
2025-06-25 04:00:00+00:00,14.8100004196167,14.8100004196167,14.8100004196167,14.8100004196167,107000,0.0,0.0,0.0
2025-06-25 04:15:00+00:00,14.8100004196167,14.8100004196167,14.8100004196167,14.8100004196167,37200,0.0,0.0,0.0
2025-06-25 04:20:00+00:00,14.8100004196167,14.8100004196167,14.8100004196167,14.8100004196167,5100,0.0,0.0,0.0
2025-06-25 04:35:00+00:00,14.8100004196167,14.8100004196167,14.8100004196167,14.8100004196167,3000,0.0,0.0,0.0
2025-06-25 04:40:00+00:00,14.8100004196167,14.8100004196167,14.8100004196167,14.8100004196167,7806,0.0,0.0,0.0
2025-06-25 04:45:00+00:00,14.8100004196167,14.8100004196167,14.8100004196167,14.8100004196167,8660,0.0,0.0,0.0
2025-06-25 04:50:00+00:00,14.8100004196167,14.8100004196167,14.800000190734863,14.8100004196167,5000,0.0,0.0,0.0
2025-06-25 04:55:00+00:00,14.819999694824219,14.819999694824219,14.819999694824219,14.819999694824219,50183,0.0,0.0,0.0
2025-06-25 05:00:00+00:00,14.819999694824219,14.829999923706055,14.819999694824219,14.819999694824219,103000,0.0,0.0,0.0
2025-06-25 05:05:00+00:00,14.819999694824219,14.819999694824219,14.819999694824219,14.819999694824219,4460,0.0,0.0,0.0
2025-06-25 05:15:00+00:00,14.829999923706055,14.829999923706055,14.8100004196167,14.8100004196167,0,0.0,0.0,0.0
2025-06-25 05:20:00+00:00,14.8100004196167,14.8100004196167,14.8100004196167,14.8100004196167,2203480,0.0,0.0,0.0
2025-06-26 01:00:00+00:00,14.8100004196167,14.8100004196167,14.8100004196167,14.8100004196167,0,0.0,0.0,0.0
2025-06-26 01:05:00+00:00,14.8100004196167,14.819999694824219,14.8100004196167,14.819999694824219,25917,0.0,0.0,0.0
2025-06-26 01:10:00+00:00,14.819999694824219,14.829999923706055,14.819999694824219,14.829999923706055,31162,0.0,0.0,0.0
2025-06-26 01:15:00+00:00,14.84000015258789,14.84000015258789,14.829999923706055,14.829999923706055,21000,0.0,0.0,0.0
2025-06-26 01:20:00+00:00,14.829999923706055,14.829999923706055,14.829999923706055,14.829999923706055,6020,0.0,0.0,0.0
2025-06-26 01:25:00+00:00,14.84000015258789,14.84000015258789,14.84000015258789,14.84000015258789,53149,0.0,0.0,0.0
2025-06-26 01:30:00+00:00,14.850000381469727,14.850000381469727,14.850000381469727,14.850000381469727,2344,0.0,0.0,0.0
2025-06-26 01:35:00+00:00,14.84000015258789,14.850000381469727,14.84000015258789,14.850000381469727,53000,0.0,0.0,0.0
2025-06-26 01:45:00+00:00,14.850000381469727,14.850000381469727,14.829999923706055,14.84000015258789,26254,0.0,0.0,0.0
2025-06-26 01:55:00+00:00,14.84000015258789,14.84000015258789,14.84000015258789,14.84000015258789,11130,0.0,0.0,0.0
2025-06-26 02:00:00+00:00,14.850000381469727,14.850000381469727,14.84000015258789,14.850000381469727,56102,0.0,0.0,0.0
2025-06-26 02:05:00+00:00,14.859999656677246,14.899999618530273,14.859999656677246,14.899999618530273,106460,0.0,0.0,0.0
2025-06-26 02:10:00+00:00,14.90999984741211,14.930000305175781,14.90999984741211,14.930000305175781,33203,0.0,0.0,0.0
2025-06-26 02:15:00+00:00,14.949999809265137,14.949999809265137,14.930000305175781,14.930000305175781,9133,0.0,0.0,0.0
2025-06-26 02:20:00+00:00,14.90999984741211,14.90999984741211,14.90999984741211,14.90999984741211,58800,0.0,0.0,0.0
2025-06-26 02:25:00+00:00,14.90999984741211,14.90999984741211,14.90999984741211,14.90999984741211,2031,0.0,0.0,0.0
2025-06-26 02:30:00+00:00,14.920000076293945,14.920000076293945,14.920000076293945,14.920000076293945,2100,0.0,0.0,0.0
2025-06-26 02:35:00+00:00,14.899999618530273,14.899999618530273,14.899999618530273,14.899999618530273,108081,0.0,0.0,0.0
2025-06-26 02:45:00+00:00,14.90999984741211,14.90999984741211,14.90999984741211,14.90999984741211,2661,0.0,0.0,0.0
2025-06-26 02:55:00+00:00,14.899999618530273,14.899999618530273,14.899999618530273,14.899999618530273,205000,0.0,0.0,0.0
2025-06-26 03:00:00+00:00,14.890000343322754,14.920000076293945,14.890000343322754,14.90999984741211,625131,0.0,0.0,0.0
2025-06-26 03:15:00+00:00,14.90999984741211,14.90999984741211,14.880000114440918,14.880000114440918,17195,0.0,0.0,0.0
2025-06-26 03:20:00+00:00,14.880000114440918,14.880000114440918,14.880000114440918,14.880000114440918,2031,0.0,0.0,0.0
2025-06-26 03:30:00+00:00,14.880000114440918,14.880000114440918,14.880000114440918,14.880000114440918,10384,0.0,0.0,0.0
2025-06-26 03:40:00+00:00,14.880000114440918,14.880000114440918,14.880000114440918,14.880000114440918,14272,0.0,0.0,0.0
2025-06-26 03:55:00+00:00,14.869999885559082,14.869999885559082,14.869999885559082,14.869999885559082,100124,0.0,0.0,0.0
2025-06-26 04:05:00+00:00,14.859999656677246,14.869999885559082,14.859999656677246,14.869999885559082,60301,0.0,0.0,0.0
2025-06-26 04:20:00+00:00,14.869999885559082,14.880000114440918,14.869999885559082,14.880000114440918,34061,0.0,0.0,0.0
2025-06-26 04:25:00+00:00,14.869999885559082,14.869999885559082,14.869999885559082,14.869999885559082,12171,0.0,0.0,0.0
2025-06-26 04:35:00+00:00,14.869999885559082,14.880000114440918,14.869999885559082,14.869999885559082,48330,0.0,0.0,0.0
2025-06-26 04:40:00+00:00,14.850000381469727,14.850000381469727,14.850000381469727,14.850000381469727,2100,0.0,0.0,0.0
2025-06-26 04:45:00+00:00,14.850000381469727,14.850000381469727,14.850000381469727,14.850000381469727,1131,0.0,0.0,0.0
2025-06-26 04:50:00+00:00,14.850000381469727,14.850000381469727,14.850000381469727,14.850000381469727,4100,0.0,0.0,0.0
2025-06-26 04:55:00+00:00,14.859999656677246,14.859999656677246,14.850000381469727,14.850000381469727,25164,0.0,0.0,0.0
2025-06-26 05:05:00+00:00,14.84000015258789,14.84000015258789,14.84000015258789,14.84000015258789,207323,0.0,0.0,0.0
2025-06-26 05:15:00+00:00,14.829999923706055,14.829999923706055,14.819999694824219,14.819999694824219,13300,0.0,0.0,0.0
2025-06-26 05:20:00+00:00,14.819999694824219,14.819999694824219,14.819999694824219,14.819999694824219,3400,0.0,0.0,0.0
2025-06-27 01:00:00+00:00,14.90999984741211,14.9399995803833,14.90999984741211,14.90999984741211,81000,0.0,0.0,0.0
2025-06-27 01:05:00+00:00,14.90999984741211,14.90999984741211,14.890000343322754,14.899999618530273,14850,0.0,0.0,0.0
2025-06-27 01:10:00+00:00,14.899999618530273,14.949999809265137,14.899999618530273,14.949999809265137,29020,0.0,0.0,0.0
2025-06-27 01:15:00+00:00,14.949999809265137,14.949999809265137,14.949999809265137,14.949999809265137,3000,0.0,0.0,0.0
2025-06-27 01:20:00+00:00,14.920000076293945,14.920000076293945,14.920000076293945,14.920000076293945,10000,0.0,0.0,0.0
2025-06-27 01:25:00+00:00,14.920000076293945,14.930000305175781,14.920000076293945,14.930000305175781,23180,0.0,0.0,0.0
2025-06-27 01:30:00+00:00,14.899999618530273,14.899999618530273,14.899999618530273,14.899999618530273,100000,0.0,0.0,0.0
2025-06-27 01:50:00+00:00,14.869999885559082,14.869999885559082,14.869999885559082,14.869999885559082,3744,0.0,0.0,0.0
2025-06-27 01:55:00+00:00,14.859999656677246,14.859999656677246,14.850000381469727,14.859999656677246,39563,0.0,0.0,0.0
2025-06-27 02:10:00+00:00,14.859999656677246,14.859999656677246,14.859999656677246,14.859999656677246,15536,0.0,0.0,0.0
2025-06-27 02:15:00+00:00,14.869999885559082,14.869999885559082,14.869999885559082,14.869999885559082,17700,0.0,0.0,0.0
2025-06-27 02:20:00+00:00,14.880000114440918,14.880000114440918,14.880000114440918,14.880000114440918,4000,0.0,0.0,0.0
2025-06-27 02:25:00+00:00,14.880000114440918,14.880000114440918,14.880000114440918,14.880000114440918,26021,0.0,0.0,0.0
2025-06-27 02:35:00+00:00,14.880000114440918,14.880000114440918,14.880000114440918,14.880000114440918,100025,0.0,0.0,0.0
2025-06-27 02:40:00+00:00,14.880000114440918,14.890000343322754,14.880000114440918,14.890000343322754,41000,0.0,0.0,0.0
2025-06-27 02:50:00+00:00,14.899999618530273,14.90999984741211,14.899999618530273,14.90999984741211,54342,0.0,0.0,0.0
2025-06-27 02:55:00+00:00,14.890000343322754,14.90999984741211,14.890000343322754,14.90999984741211,2040,0.0,0.0,0.0
2025-06-27 03:05:00+00:00,14.90999984741211,14.90999984741211,14.90999984741211,14.90999984741211,6250,0.0,0.0,0.0
2025-06-27 03:15:00+00:00,14.90999984741211,14.90999984741211,14.90999984741211,14.90999984741211,7000,0.0,0.0,0.0
2025-06-27 03:20:00+00:00,14.90999984741211,14.90999984741211,14.90999984741211,14.90999984741211,1000,0.0,0.0,0.0
2025-06-27 03:25:00+00:00,14.90999984741211,14.90999984741211,14.90999984741211,14.90999984741211,1141,0.0,0.0,0.0
2025-06-27 03:40:00+00:00,14.899999618530273,14.899999618530273,14.899999618530273,14.899999618530273,7000,0.0,0.0,0.0
2025-06-27 03:45:00+00:00,14.899999618530273,14.899999618530273,14.899999618530273,14.899999618530273,6000,0.0,0.0,0.0
2025-06-27 03:50:00+00:00,14.899999618530273,14.899999618530273,14.899999618530273,14.899999618530273,5000,0.0,0.0,0.0
2025-06-27 04:00:00+00:00,14.899999618530273,14.899999618530273,14.899999618530273,14.899999618530273,7203,0.0,0.0,0.0
2025-06-27 04:05:00+00:00,14.899999618530273,14.899999618530273,14.899999618530273,14.899999618530273,21000,0.0,0.0,0.0
2025-06-27 04:15:00+00:00,14.899999618530273,14.899999618530273,14.899999618530273,14.899999618530273,32555,0.0,0.0,0.0
2025-06-27 04:20:00+00:00,14.90999984741211,14.90999984741211,14.90999984741211,14.90999984741211,26080,0.0,0.0,0.0
2025-06-27 04:25:00+00:00,14.90999984741211,14.90999984741211,14.90999984741211,14.90999984741211,6000,0.0,0.0,0.0
2025-06-27 04:30:00+00:00,14.920000076293945,14.920000076293945,14.90999984741211,14.920000076293945,68000,0.0,0.0,0.0
2025-06-27 04:35:00+00:00,14.920000076293945,14.920000076293945,14.920000076293945,14.920000076293945,2180,0.0,0.0,0.0
2025-06-27 04:40:00+00:00,14.920000076293945,14.920000076293945,14.920000076293945,14.920000076293945,4000,0.0,0.0,0.0
2025-06-27 04:45:00+00:00,14.920000076293945,14.920000076293945,14.920000076293945,14.920000076293945,10000,0.0,0.0,0.0
2025-06-27 04:50:00+00:00,14.920000076293945,14.920000076293945,14.920000076293945,14.920000076293945,7080,0.0,0.0,0.0
2025-06-27 04:55:00+00:00,14.920000076293945,14.920000076293945,14.920000076293945,14.920000076293945,1000,0.0,0.0,0.0
2025-06-27 05:00:00+00:00,14.920000076293945,14.920000076293945,14.920000076293945,14.920000076293945,16000,0.0,0.0,0.0
2025-06-27 05:05:00+00:00,14.920000076293945,14.920000076293945,14.920000076293945,14.920000076293945,9300,0.0,0.0,0.0
2025-06-27 05:10:00+00:00,14.920000076293945,14.920000076293945,14.920000076293945,14.920000076293945,33000,0.0,0.0,0.0
2025-06-27 05:15:00+00:00,14.920000076293945,14.920000076293945,14.920000076293945,14.920000076293945,2135,0.0,0.0,0.0
2025-06-27 05:20:00+00:00,14.930000305175781,14.930000305175781,14.90999984741211,14.930000305175781,8100,0.0,0.0,0.0
2025-05-02 01:00:00+00:00,14.449999809265137,14.449999809265137,14.449999809265137,14.449999809265137,0,0.0,0.0,0.0
2025-05-02 01:05:00+00:00,14.460000038146973,14.470000267028809,14.460000038146973,14.460000038146973,27831,0.0,0.0,0.0
2025-05-02 01:10:00+00:00,14.470000267028809,14.479999542236328,14.460000038146973,14.479999542236328,36000,0.0,0.0,0.0
2025-05-02 01:15:00+00:00,14.489999771118164,14.489999771118164,14.479999542236328,14.479999542236328,39571,0.0,0.0,0.0
2025-05-02 01:20:00+00:00,14.470000267028809,14.470000267028809,14.460000038146973,14.470000267028809,9422,0.0,0.0,0.0
2025-05-02 01:25:00+00:00,14.479999542236328,14.489999771118164,14.479999542236328,14.489999771118164,25190,0.0,0.0,0.0
2025-05-02 01:30:00+00:00,14.470000267028809,14.470000267028809,14.470000267028809,14.470000267028809,125537,0.0,0.0,0.0
2025-05-02 01:35:00+00:00,14.470000267028809,14.470000267028809,14.470000267028809,14.470000267028809,2013,0.0,0.0,0.0
2025-05-02 01:40:00+00:00,14.470000267028809,14.470000267028809,14.449999809265137,14.449999809265137,6089,0.0,0.0,0.0
2025-05-02 01:45:00+00:00,14.470000267028809,14.5,14.470000267028809,14.5,17820,0.0,0.0,0.0
2025-05-02 01:50:00+00:00,14.489999771118164,14.5,14.489999771118164,14.5,213000,0.0,0.0,0.0
2025-05-02 01:55:00+00:00,14.5,14.520000457763672,14.5,14.510000228881836,16517,0.0,0.0,0.0
2025-05-02 02:00:00+00:00,14.5,14.510000228881836,14.5,14.510000228881836,24000,0.0,0.0,0.0
2025-05-02 02:05:00+00:00,14.520000457763672,14.520000457763672,14.489999771118164,14.510000228881836,119614,0.0,0.0,0.0
2025-05-02 02:15:00+00:00,14.510000228881836,14.510000228881836,14.510000228881836,14.510000228881836,7040,0.0,0.0,0.0
2025-05-02 02:20:00+00:00,14.510000228881836,14.520000457763672,14.510000228881836,14.520000457763672,36526,0.0,0.0,0.0
2025-05-02 02:25:00+00:00,14.520000457763672,14.520000457763672,14.520000457763672,14.520000457763672,4096,0.0,0.0,0.0
2025-05-02 02:30:00+00:00,14.520000457763672,14.529999732971191,14.520000457763672,14.529999732971191,16374,0.0,0.0,0.0
2025-05-02 02:35:00+00:00,14.539999961853027,14.539999961853027,14.539999961853027,14.539999961853027,5039,0.0,0.0,0.0
2025-05-02 02:40:00+00:00,14.539999961853027,14.550000190734863,14.539999961853027,14.550000190734863,45000,0.0,0.0,0.0
2025-05-02 02:45:00+00:00,14.550000190734863,14.550000190734863,14.539999961853027,14.550000190734863,19100,0.0,0.0,0.0
2025-05-02 02:50:00+00:00,14.550000190734863,14.550000190734863,14.550000190734863,14.550000190734863,1500,0.0,0.0,0.0
2025-05-02 02:55:00+00:00,14.539999961853027,14.539999961853027,14.539999961853027,14.539999961853027,1272,0.0,0.0,0.0
2025-05-02 03:00:00+00:00,14.539999961853027,14.539999961853027,14.539999961853027,14.539999961853027,10360,0.0,0.0,0.0
2025-05-02 03:05:00+00:00,14.550000190734863,14.550000190734863,14.539999961853027,14.539999961853027,9140,0.0,0.0,0.0
2025-05-02 03:10:00+00:00,14.550000190734863,14.550000190734863,14.550000190734863,14.550000190734863,31490,0.0,0.0,0.0
2025-05-02 03:15:00+00:00,14.550000190734863,14.550000190734863,14.550000190734863,14.550000190734863,1033,0.0,0.0,0.0
2025-05-02 03:30:00+00:00,14.539999961853027,14.550000190734863,14.539999961853027,14.550000190734863,19010,0.0,0.0,0.0
2025-05-02 03:35:00+00:00,14.5600004196167,14.5600004196167,14.5600004196167,14.5600004196167,16000,0.0,0.0,0.0
2025-05-02 03:40:00+00:00,14.5600004196167,14.5600004196167,14.5600004196167,14.5600004196167,17170,0.0,0.0,0.0
2025-05-02 03:50:00+00:00,14.550000190734863,14.550000190734863,14.550000190734863,14.550000190734863,1100,0.0,0.0,0.0
2025-05-02 03:55:00+00:00,14.550000190734863,14.550000190734863,14.539999961853027,14.539999961853027,8000,0.0,0.0,0.0
2025-05-02 04:00:00+00:00,14.539999961853027,14.539999961853027,14.539999961853027,14.539999961853027,6720,0.0,0.0,0.0
2025-05-02 04:05:00+00:00,14.539999961853027,14.550000190734863,14.539999961853027,14.539999961853027,15090,0.0,0.0,0.0
2025-05-02 04:20:00+00:00,14.550000190734863,14.550000190734863,14.550000190734863,14.550000190734863,2000,0.0,0.0,0.0
2025-05-02 04:25:00+00:00,14.550000190734863,14.550000190734863,14.539999961853027,14.539999961853027,33087,0.0,0.0,0.0
2025-05-02 04:30:00+00:00,14.539999961853027,14.539999961853027,14.539999961853027,14.539999961853027,3528,0.0,0.0,0.0
2025-05-02 04:35:00+00:00,14.539999961853027,14.539999961853027,14.539999961853027,14.539999961853027,3470,0.0,0.0,0.0
2025-05-02 04:40:00+00:00,14.529999732971191,14.529999732971191,14.529999732971191,14.529999732971191,1103,0.0,0.0,0.0
2025-05-02 04:45:00+00:00,14.529999732971191,14.539999961853027,14.529999732971191,14.539999961853027,12000,0.0,0.0,0.0
2025-05-02 04:50:00+00:00,14.529999732971191,14.529999732971191,14.529999732971191,14.529999732971191,1035,0.0,0.0,0.0
2025-05-02 04:55:00+00:00,14.529999732971191,14.529999732971191,14.529999732971191,14.529999732971191,30068,0.0,0.0,0.0
2025-05-02 05:10:00+00:00,14.529999732971191,14.529999732971191,14.529999732971191,14.529999732971191,6000,0.0,0.0,0.0
2025-05-02 05:15:00+00:00,14.539999961853027,14.539999961853027,14.529999732971191,14.529999732971191,10433,0.0,0.0,0.0
2025-05-02 05:20:00+00:00,14.520000457763672,14.550000190734863,14.520000457763672,14.539999961853027,43137,0.0,0.0,0.0
2025-05-05 01:00:00+00:00,14.529999732971191,14.529999732971191,14.40999984741211,14.40999984741211,0,0.0,0.0,0.0
2025-05-05 01:05:00+00:00,14.420000076293945,14.420000076293945,14.399999618530273,14.399999618530273,439247,0.0,0.0,0.0
2025-05-05 01:10:00+00:00,14.399999618530273,14.4399995803833,14.390000343322754,14.4399995803833,115109,0.0,0.0,0.0
2025-05-05 01:15:00+00:00,14.4399995803833,14.449999809265137,14.4399995803833,14.449999809265137,10120,0.0,0.0,0.0
2025-05-05 01:20:00+00:00,14.4399995803833,14.449999809265137,14.420000076293945,14.420000076293945,115000,0.0,0.0,0.0
2025-05-05 01:25:00+00:00,14.420000076293945,14.420000076293945,14.380000114440918,14.390000343322754,121662,0.0,0.0,0.0
2025-05-05 01:30:00+00:00,14.380000114440918,14.390000343322754,14.359999656677246,14.359999656677246,120115,0.0,0.0,0.0
2025-05-05 01:35:00+00:00,14.369999885559082,14.369999885559082,14.350000381469727,14.350000381469727,411370,0.0,0.0,0.0
2025-05-05 01:40:00+00:00,14.350000381469727,14.350000381469727,14.34000015258789,14.350000381469727,111200,0.0,0.0,0.0
2025-05-05 01:45:00+00:00,14.34000015258789,14.34000015258789,14.270000457763672,14.270000457763672,172964,0.0,0.0,0.0
2025-05-05 01:50:00+00:00,14.260000228881836,14.300000190734863,14.260000228881836,14.270000457763672,160599,0.0,0.0,0.0
2025-05-05 01:55:00+00:00,14.279999732971191,14.279999732971191,14.270000457763672,14.279999732971191,18140,0.0,0.0,0.0
2025-05-05 02:00:00+00:00,14.300000190734863,14.300000190734863,14.270000457763672,14.300000190734863,11225,0.0,0.0,0.0
2025-05-05 02:05:00+00:00,14.270000457763672,14.279999732971191,14.260000228881836,14.279999732971191,34219,0.0,0.0,0.0
2025-05-05 02:10:00+00:00,14.260000228881836,14.300000190734863,14.260000228881836,14.300000190734863,78073,0.0,0.0,0.0
2025-05-05 02:15:00+00:00,14.3100004196167,14.329999923706055,14.3100004196167,14.329999923706055,31414,0.0,0.0,0.0
2025-05-05 02:20:00+00:00,14.300000190734863,14.319999694824219,14.289999961853027,14.3100004196167,28000,0.0,0.0,0.0
2025-05-05 02:25:00+00:00,14.319999694824219,14.329999923706055,14.319999694824219,14.329999923706055,13000,0.0,0.0,0.0
2025-05-05 02:30:00+00:00,14.329999923706055,14.350000381469727,14.289999961853027,14.289999961853027,113127,0.0,0.0,0.0
2025-05-05 02:35:00+00:00,14.300000190734863,14.300000190734863,14.300000190734863,14.300000190734863,3100,0.0,0.0,0.0
2025-05-05 02:40:00+00:00,14.300000190734863,14.319999694824219,14.289999961853027,14.319999694824219,10050,0.0,0.0,0.0
2025-05-05 02:45:00+00:00,14.3100004196167,14.3100004196167,14.300000190734863,14.300000190734863,8268,0.0,0.0,0.0
2025-05-05 02:50:00+00:00,14.300000190734863,14.34000015258789,14.300000190734863,14.34000015258789,27000,0.0,0.0,0.0
2025-05-05 02:55:00+00:00,14.34000015258789,14.34000015258789,14.329999923706055,14.34000015258789,19367,0.0,0.0,0.0
2025-05-05 03:00:00+00:00,14.350000381469727,14.350000381469727,14.34000015258789,14.350000381469727,166493,0.0,0.0,0.0
2025-05-05 03:05:00+00:00,14.369999885559082,14.369999885559082,14.34000015258789,14.34000015258789,43317,0.0,0.0,0.0
2025-05-05 03:10:00+00:00,14.329999923706055,14.34000015258789,14.329999923706055,14.329999923706055,12100,0.0,0.0,0.0
2025-05-05 03:15:00+00:00,14.329999923706055,14.34000015258789,14.329999923706055,14.34000015258789,8000,0.0,0.0,0.0
2025-05-05 03:20:00+00:00,14.34000015258789,14.369999885559082,14.34000015258789,14.350000381469727,121011,0.0,0.0,0.0
2025-05-05 03:25:00+00:00,14.359999656677246,14.359999656677246,14.350000381469727,14.350000381469727,9000,0.0,0.0,0.0
2025-05-05 03:30:00+00:00,14.359999656677246,14.359999656677246,14.350000381469727,14.350000381469727,22024,0.0,0.0,0.0
2025-05-05 03:35:00+00:00,14.350000381469727,14.359999656677246,14.34000015258789,14.34000015258789,45000,0.0,0.0,0.0
2025-05-05 03:40:00+00:00,14.350000381469727,14.359999656677246,14.34000015258789,14.350000381469727,194020,0.0,0.0,0.0
2025-05-05 03:45:00+00:00,14.350000381469727,14.359999656677246,14.350000381469727,14.359999656677246,3000,0.0,0.0,0.0
2025-05-05 03:50:00+00:00,14.359999656677246,14.359999656677246,14.359999656677246,14.359999656677246,18381,0.0,0.0,0.0
2025-05-05 03:55:00+00:00,14.369999885559082,14.380000114440918,14.369999885559082,14.380000114440918,5077,0.0,0.0,0.0
2025-05-05 04:00:00+00:00,14.359999656677246,14.380000114440918,14.359999656677246,14.380000114440918,4290,0.0,0.0,0.0
2025-05-05 04:05:00+00:00,14.369999885559082,14.369999885559082,14.369999885559082,14.369999885559082,2696,0.0,0.0,0.0
2025-05-05 04:10:00+00:00,14.369999885559082,14.369999885559082,14.369999885559082,14.369999885559082,24000,0.0,0.0,0.0
2025-05-05 04:15:00+00:00,14.359999656677246,14.369999885559082,14.359999656677246,14.369999885559082,8022,0.0,0.0,0.0
2025-05-05 04:20:00+00:00,14.369999885559082,14.390000343322754,14.369999885559082,14.390000343322754,13210,0.0,0.0,0.0
2025-05-05 04:25:00+00:00,14.369999885559082,14.380000114440918,14.369999885559082,14.380000114440918,4000,0.0,0.0,0.0
2025-05-05 04:30:00+00:00,14.380000114440918,14.390000343322754,14.380000114440918,14.390000343322754,10315,0.0,0.0,0.0
2025-05-05 04:35:00+00:00,14.380000114440918,14.380000114440918,14.359999656677246,14.359999656677246,14062,0.0,0.0,0.0
2025-05-05 04:40:00+00:00,14.359999656677246,14.399999618530273,14.359999656677246,14.399999618530273,59250,0.0,0.0,0.0
2025-05-05 04:45:00+00:00,14.390000343322754,14.399999618530273,14.390000343322754,14.399999618530273,5740,0.0,0.0,0.0
2025-05-05 04:50:00+00:00,14.380000114440918,14.380000114440918,14.359999656677246,14.359999656677246,13907,0.0,0.0,0.0
2025-05-05 04:55:00+00:00,14.369999885559082,14.369999885559082,14.34000015258789,14.34000015258789,7681,0.0,0.0,0.0
2025-05-05 05:00:00+00:00,14.34000015258789,14.359999656677246,14.34000015258789,14.34000015258789,24383,0.0,0.0,0.0
2025-05-05 05:05:00+00:00,14.350000381469727,14.350000381469727,14.350000381469727,14.350000381469727,10535,0.0,0.0,0.0
2025-05-05 05:10:00+00:00,14.350000381469727,14.359999656677246,14.350000381469727,14.359999656677246,20045,0.0,0.0,0.0
2025-05-05 05:15:00+00:00,14.350000381469727,14.359999656677246,14.350000381469727,14.359999656677246,204430,0.0,0.0,0.0
2025-05-05 05:20:00+00:00,14.350000381469727,14.350000381469727,14.350000381469727,14.350000381469727,27302,0.0,0.0,0.0
2025-05-06 01:00:00+00:00,14.380000114440918,14.390000343322754,14.369999885559082,14.369999885559082,0,0.0,0.0,0.0
2025-05-06 01:05:00+00:00,14.369999885559082,14.399999618530273,14.369999885559082,14.399999618530273,130824,0.0,0.0,0.0
2025-05-06 01:10:00+00:00,14.399999618530273,14.449999809265137,14.399999618530273,14.449999809265137,37448,0.0,0.0,0.0
2025-05-06 01:15:00+00:00,14.420000076293945,14.420000076293945,14.420000076293945,14.420000076293945,2000,0.0,0.0,0.0
2025-05-06 01:20:00+00:00,14.430000305175781,14.470000267028809,14.430000305175781,14.460000038146973,67068,0.0,0.0,0.0
2025-05-06 01:25:00+00:00,14.449999809265137,14.479999542236328,14.449999809265137,14.460000038146973,18151,0.0,0.0,0.0
2025-05-06 01:30:00+00:00,14.470000267028809,14.470000267028809,14.470000267028809,14.470000267028809,3102,0.0,0.0,0.0
2025-05-06 01:35:00+00:00,14.460000038146973,14.470000267028809,14.460000038146973,14.470000267028809,43005,0.0,0.0,0.0
2025-05-06 01:40:00+00:00,14.470000267028809,14.470000267028809,14.460000038146973,14.460000038146973,7000,0.0,0.0,0.0
2025-05-06 01:45:00+00:00,14.460000038146973,14.470000267028809,14.420000076293945,14.420000076293945,24200,0.0,0.0,0.0
2025-05-06 01:50:00+00:00,14.420000076293945,14.430000305175781,14.40999984741211,14.430000305175781,59200,0.0,0.0,0.0
2025-05-06 01:55:00+00:00,14.449999809265137,14.449999809265137,14.449999809265137,14.449999809265137,17122,0.0,0.0,0.0
2025-05-06 02:00:00+00:00,14.460000038146973,14.460000038146973,14.460000038146973,14.460000038146973,11335,0.0,0.0,0.0
2025-05-06 02:05:00+00:00,14.460000038146973,14.470000267028809,14.460000038146973,14.470000267028809,25272,0.0,0.0,0.0
2025-05-06 02:10:00+00:00,14.470000267028809,14.470000267028809,14.470000267028809,14.470000267028809,107000,0.0,0.0,0.0
2025-05-06 02:15:00+00:00,14.479999542236328,14.479999542236328,14.479999542236328,14.479999542236328,13257,0.0,0.0,0.0
2025-05-06 02:20:00+00:00,14.479999542236328,14.479999542236328,14.479999542236328,14.479999542236328,1044,0.0,0.0,0.0
2025-05-06 02:25:00+00:00,14.479999542236328,14.5,14.479999542236328,14.5,36537,0.0,0.0,0.0
2025-05-06 02:30:00+00:00,14.5,14.5,14.489999771118164,14.5,17302,0.0,0.0,0.0
2025-05-06 02:35:00+00:00,14.510000228881836,14.529999732971191,14.510000228881836,14.529999732971191,57845,0.0,0.0,0.0
2025-05-06 02:40:00+00:00,14.529999732971191,14.539999961853027,14.529999732971191,14.539999961853027,3075,0.0,0.0,0.0
2025-05-06 02:45:00+00:00,14.539999961853027,14.539999961853027,14.539999961853027,14.539999961853027,6027,0.0,0.0,0.0
2025-05-06 02:50:00+00:00,14.529999732971191,14.550000190734863,14.529999732971191,14.539999961853027,62000,0.0,0.0,0.0
2025-05-06 02:55:00+00:00,14.539999961853027,14.550000190734863,14.539999961853027,14.539999961853027,56148,0.0,0.0,0.0
2025-05-06 03:00:00+00:00,14.539999961853027,14.539999961853027,14.539999961853027,14.539999961853027,19808,0.0,0.0,0.0
2025-05-06 03:05:00+00:00,14.5600004196167,14.5600004196167,14.539999961853027,14.539999961853027,45051,0.0,0.0,0.0
2025-05-06 03:15:00+00:00,14.529999732971191,14.529999732971191,14.529999732971191,14.529999732971191,3022,0.0,0.0,0.0
2025-05-06 03:20:00+00:00,14.529999732971191,14.539999961853027,14.529999732971191,14.539999961853027,14122,0.0,0.0,0.0
2025-05-06 03:25:00+00:00,14.529999732971191,14.529999732971191,14.529999732971191,14.529999732971191,1000,0.0,0.0,0.0
2025-05-06 03:30:00+00:00,14.539999961853027,14.569999694824219,14.539999961853027,14.569999694824219,79222,0.0,0.0,0.0
2025-05-06 03:35:00+00:00,14.579999923706055,14.579999923706055,14.579999923706055,14.579999923706055,6100,0.0,0.0,0.0
2025-05-06 03:40:00+00:00,14.569999694824219,14.569999694824219,14.569999694824219,14.569999694824219,7042,0.0,0.0,0.0
2025-05-06 03:45:00+00:00,14.579999923706055,14.579999923706055,14.579999923706055,14.579999923706055,1472,0.0,0.0,0.0
2025-05-06 03:50:00+00:00,14.569999694824219,14.569999694824219,14.569999694824219,14.569999694824219,1445,0.0,0.0,0.0
2025-05-06 04:00:00+00:00,14.569999694824219,14.569999694824219,14.569999694824219,14.569999694824219,219023,0.0,0.0,0.0
2025-05-06 04:05:00+00:00,14.569999694824219,14.579999923706055,14.569999694824219,14.579999923706055,7100,0.0,0.0,0.0
2025-05-06 04:10:00+00:00,14.5600004196167,14.569999694824219,14.5600004196167,14.569999694824219,110172,0.0,0.0,0.0
2025-05-06 04:20:00+00:00,14.5600004196167,14.5600004196167,14.5600004196167,14.5600004196167,5022,0.0,0.0,0.0
2025-05-06 04:25:00+00:00,14.5600004196167,14.569999694824219,14.5600004196167,14.569999694824219,7100,0.0,0.0,0.0
2025-05-06 04:30:00+00:00,14.569999694824219,14.569999694824219,14.569999694824219,14.569999694824219,2100,0.0,0.0,0.0
2025-05-06 04:35:00+00:00,14.5600004196167,14.5600004196167,14.550000190734863,14.550000190734863,2042,0.0,0.0,0.0
2025-05-06 04:40:00+00:00,14.539999961853027,14.539999961853027,14.529999732971191,14.529999732971191,43133,0.0,0.0,0.0
2025-05-06 04:45:00+00:00,14.539999961853027,14.550000190734863,14.539999961853027,14.550000190734863,39105,0.0,0.0,0.0
2025-05-06 04:50:00+00:00,14.539999961853027,14.539999961853027,14.539999961853027,14.539999961853027,10000,0.0,0.0,0.0
2025-05-06 04:55:00+00:00,14.550000190734863,14.550000190734863,14.529999732971191,14.539999961853027,27271,0.0,0.0,0.0
2025-05-06 05:00:00+00:00,14.550000190734863,14.550000190734863,14.529999732971191,14.550000190734863,8015,0.0,0.0,0.0
2025-05-06 05:05:00+00:00,14.520000457763672,14.520000457763672,14.520000457763672,14.520000457763672,510430,0.0,0.0,0.0
2025-05-06 05:10:00+00:00,14.5,14.5,14.5,14.5,103073,0.0,0.0,0.0
2025-05-06 05:15:00+00:00,14.5,14.5,14.5,14.5,111000,0.0,0.0,0.0
2025-05-06 05:20:00+00:00,14.5,14.5,14.5,14.5,3238,0.0,0.0,0.0
2025-05-07 01:00:00+00:00,14.520000457763672,14.619999885559082,14.520000457763672,14.619999885559082,0,0.0,0.0,0.0
2025-05-07 01:05:00+00:00,14.539999961853027,14.550000190734863,14.539999961853027,14.550000190734863,8472,0.0,0.0,0.0
2025-05-07 01:10:00+00:00,14.600000381469727,14.600000381469727,14.59000015258789,14.600000381469727,25136,0.0,0.0,0.0
2025-05-07 01:15:00+00:00,14.609999656677246,14.670000076293945,14.609999656677246,14.670000076293945,33311,0.0,0.0,0.0
2025-05-07 01:20:00+00:00,14.65999984741211,14.65999984741211,14.649999618530273,14.65999984741211,32085,0.0,0.0,0.0
2025-05-07 01:25:00+00:00,14.670000076293945,14.670000076293945,14.640000343322754,14.640000343322754,170225,0.0,0.0,0.0
2025-05-07 01:30:00+00:00,14.619999885559082,14.619999885559082,14.619999885559082,14.619999885559082,6000,0.0,0.0,0.0
2025-05-07 01:35:00+00:00,14.609999656677246,14.630000114440918,14.600000381469727,14.630000114440918,56021,0.0,0.0,0.0
2025-05-07 01:40:00+00:00,14.640000343322754,14.640000343322754,14.609999656677246,14.630000114440918,36075,0.0,0.0,0.0
2025-05-07 01:45:00+00:00,14.630000114440918,14.630000114440918,14.630000114440918,14.630000114440918,8000,0.0,0.0,0.0
2025-05-07 01:50:00+00:00,14.609999656677246,14.630000114440918,14.609999656677246,14.630000114440918,84007,0.0,0.0,0.0
2025-05-07 01:55:00+00:00,14.630000114440918,14.640000343322754,14.630000114440918,14.640000343322754,60420,0.0,0.0,0.0
2025-05-07 02:00:00+00:00,14.630000114440918,14.630000114440918,14.630000114440918,14.630000114440918,4033,0.0,0.0,0.0
2025-05-07 02:05:00+00:00,14.640000343322754,14.640000343322754,14.640000343322754,14.640000343322754,2250,0.0,0.0,0.0
2025-05-07 02:10:00+00:00,14.640000343322754,14.640000343322754,14.630000114440918,14.630000114440918,6549,0.0,0.0,0.0
2025-05-07 02:15:00+00:00,14.609999656677246,14.630000114440918,14.609999656677246,14.630000114440918,12000,0.0,0.0,0.0
2025-05-07 02:20:00+00:00,14.619999885559082,14.619999885559082,14.609999656677246,14.609999656677246,16000,0.0,0.0,0.0
2025-05-07 02:25:00+00:00,14.609999656677246,14.609999656677246,14.609999656677246,14.609999656677246,1168,0.0,0.0,0.0
2025-05-07 02:30:00+00:00,14.600000381469727,14.600000381469727,14.600000381469727,14.600000381469727,5000,0.0,0.0,0.0
2025-05-07 02:40:00+00:00,14.609999656677246,14.609999656677246,14.600000381469727,14.600000381469727,14130,0.0,0.0,0.0
2025-05-07 02:45:00+00:00,14.579999923706055,14.579999923706055,14.569999694824219,14.569999694824219,8240,0.0,0.0,0.0
2025-05-07 02:50:00+00:00,14.569999694824219,14.569999694824219,14.569999694824219,14.569999694824219,8100,0.0,0.0,0.0
2025-05-07 02:55:00+00:00,14.569999694824219,14.569999694824219,14.569999694824219,14.569999694824219,3035,0.0,0.0,0.0
2025-05-07 03:00:00+00:00,14.569999694824219,14.579999923706055,14.569999694824219,14.579999923706055,6395,0.0,0.0,0.0
2025-05-07 03:20:00+00:00,14.569999694824219,14.579999923706055,14.569999694824219,14.579999923706055,22100,0.0,0.0,0.0
2025-05-07 03:30:00+00:00,14.569999694824219,14.569999694824219,14.569999694824219,14.569999694824219,3000,0.0,0.0,0.0
2025-05-07 03:35:00+00:00,14.579999923706055,14.579999923706055,14.579999923706055,14.579999923706055,5033,0.0,0.0,0.0
2025-05-07 03:45:00+00:00,14.579999923706055,14.579999923706055,14.569999694824219,14.569999694824219,10306,0.0,0.0,0.0
2025-05-07 03:50:00+00:00,14.59000015258789,14.59000015258789,14.59000015258789,14.59000015258789,2000,0.0,0.0,0.0
2025-05-07 04:00:00+00:00,14.59000015258789,14.59000015258789,14.59000015258789,14.59000015258789,1035,0.0,0.0,0.0
2025-05-07 04:10:00+00:00,14.569999694824219,14.569999694824219,14.569999694824219,14.569999694824219,1100,0.0,0.0,0.0
2025-05-07 04:15:00+00:00,14.5600004196167,14.5600004196167,14.5600004196167,14.5600004196167,2200,0.0,0.0,0.0
2025-05-07 04:20:00+00:00,14.579999923706055,14.579999923706055,14.579999923706055,14.579999923706055,1124,0.0,0.0,0.0
2025-05-07 04:25:00+00:00,14.59000015258789,14.59000015258789,14.59000015258789,14.59000015258789,221561,0.0,0.0,0.0
2025-05-07 04:35:00+00:00,14.579999923706055,14.579999923706055,14.569999694824219,14.569999694824219,204547,0.0,0.0,0.0
2025-05-07 04:45:00+00:00,14.569999694824219,14.569999694824219,14.569999694824219,14.569999694824219,100067,0.0,0.0,0.0
2025-05-07 04:50:00+00:00,14.5600004196167,14.5600004196167,14.5600004196167,14.5600004196167,52000,0.0,0.0,0.0
2025-05-07 05:00:00+00:00,14.569999694824219,14.569999694824219,14.539999961853027,14.539999961853027,118302,0.0,0.0,0.0
2025-05-07 05:05:00+00:00,14.550000190734863,14.550000190734863,14.550000190734863,14.550000190734863,261000,0.0,0.0,0.0
2025-05-07 05:10:00+00:00,14.550000190734863,14.550000190734863,14.550000190734863,14.550000190734863,299070,0.0,0.0,0.0
2025-05-07 05:15:00+00:00,14.550000190734863,14.5600004196167,14.550000190734863,14.5600004196167,25524,0.0,0.0,0.0
2025-05-07 05:20:00+00:00,14.5600004196167,14.569999694824219,14.550000190734863,14.550000190734863,13688,0.0,0.0,0.0
2025-05-08 01:00:00+00:00,14.569999694824219,14.569999694824219,14.569999694824219,14.569999694824219,0,0.0,0.0,0.0
2025-05-08 01:05:00+00:00,14.569999694824219,14.619999885559082,14.569999694824219,14.619999885559082,70440,0.0,0.0,0.0
2025-05-08 01:10:00+00:00,14.640000343322754,14.649999618530273,14.640000343322754,14.640000343322754,71145,0.0,0.0,0.0
2025-05-08 01:20:00+00:00,14.670000076293945,14.670000076293945,14.649999618530273,14.649999618530273,2000,0.0,0.0,0.0
2025-05-08 02:30:00+00:00,14.640000343322754,14.640000343322754,14.640000343322754,14.640000343322754,0,0.0,0.0,0.0
2025-05-08 02:35:00+00:00,14.649999618530273,14.649999618530273,14.640000343322754,14.640000343322754,310922,0.0,0.0,0.0
2025-05-08 02:40:00+00:00,14.649999618530273,14.649999618530273,14.649999618530273,14.649999618530273,40246,0.0,0.0,0.0
2025-05-08 02:45:00+00:00,14.630000114440918,14.640000343322754,14.630000114440918,14.640000343322754,23010,0.0,0.0,0.0
2025-05-08 02:50:00+00:00,14.630000114440918,14.640000343322754,14.630000114440918,14.640000343322754,13001,0.0,0.0,0.0
2025-05-08 02:55:00+00:00,14.640000343322754,14.640000343322754,14.640000343322754,14.640000343322754,5206,0.0,0.0,0.0
2025-05-08 03:00:00+00:00,14.649999618530273,14.670000076293945,14.649999618530273,14.670000076293945,86400,0.0,0.0,0.0
2025-05-08 03:05:00+00:00,14.670000076293945,14.670000076293945,14.670000076293945,14.670000076293945,1015,0.0,0.0,0.0
2025-05-08 03:10:00+00:00,14.65999984741211,14.65999984741211,14.65999984741211,14.65999984741211,1400,0.0,0.0,0.0
2025-05-08 03:20:00+00:00,14.65999984741211,14.65999984741211,14.65999984741211,14.65999984741211,1000,0.0,0.0,0.0
2025-05-08 03:30:00+00:00,14.670000076293945,14.670000076293945,14.65999984741211,14.65999984741211,4125,0.0,0.0,0.0
2025-05-08 03:40:00+00:00,14.65999984741211,14.65999984741211,14.65999984741211,14.65999984741211,2650,0.0,0.0,0.0
2025-05-08 03:45:00+00:00,14.649999618530273,14.65999984741211,14.649999618530273,14.65999984741211,15999,0.0,0.0,0.0
2025-05-08 03:50:00+00:00,14.65999984741211,14.65999984741211,14.65999984741211,14.65999984741211,5000,0.0,0.0,0.0
2025-05-08 03:55:00+00:00,14.649999618530273,14.649999618530273,14.649999618530273,14.649999618530273,10000,0.0,0.0,0.0
2025-05-08 04:00:00+00:00,14.649999618530273,14.649999618530273,14.649999618530273,14.649999618530273,12201,0.0,0.0,0.0
2025-05-08 04:10:00+00:00,14.649999618530273,14.649999618530273,14.649999618530273,14.649999618530273,2083,0.0,0.0,0.0
2025-05-08 04:25:00+00:00,14.649999618530273,14.649999618530273,14.649999618530273,14.649999618530273,1684,0.0,0.0,0.0
2025-05-08 04:40:00+00:00,14.649999618530273,14.649999618530273,14.649999618530273,14.649999618530273,50000,0.0,0.0,0.0
2025-05-08 04:55:00+00:00,14.640000343322754,14.649999618530273,14.640000343322754,14.649999618530273,2000,0.0,0.0,0.0
2025-05-08 05:05:00+00:00,14.640000343322754,14.640000343322754,14.640000343322754,14.640000343322754,3818,0.0,0.0,0.0
2025-05-08 05:10:00+00:00,14.630000114440918,14.630000114440918,14.630000114440918,14.630000114440918,3000,0.0,0.0,0.0
2025-05-08 05:15:00+00:00,14.619999885559082,14.619999885559082,14.619999885559082,14.619999885559082,25057,0.0,0.0,0.0
2025-05-08 05:20:00+00:00,14.619999885559082,14.619999885559082,14.619999885559082,14.619999885559082,8748,0.0,0.0,0.0
2025-05-09 01:00:00+00:00,14.630000114440918,14.640000343322754,14.630000114440918,14.640000343322754,0,0.0,0.0,0.0
2025-05-09 01:05:00+00:00,14.640000343322754,14.640000343322754,14.619999885559082,14.619999885559082,17838,0.0,0.0,0.0
2025-05-09 01:10:00+00:00,14.619999885559082,14.619999885559082,14.619999885559082,14.619999885559082,3000,0.0,0.0,0.0
2025-05-09 01:15:00+00:00,14.630000114440918,14.630000114440918,14.630000114440918,14.630000114440918,14671,0.0,0.0,0.0
2025-05-09 01:20:00+00:00,14.619999885559082,14.619999885559082,14.609999656677246,14.619999885559082,10111,0.0,0.0,0.0
2025-05-09 01:25:00+00:00,14.619999885559082,14.619999885559082,14.619999885559082,14.619999885559082,3100,0.0,0.0,0.0
2025-05-09 01:30:00+00:00,14.609999656677246,14.609999656677246,14.600000381469727,14.600000381469727,16210,0.0,0.0,0.0
2025-05-09 01:35:00+00:00,14.609999656677246,14.609999656677246,14.609999656677246,14.609999656677246,5335,0.0,0.0,0.0
2025-05-09 01:40:00+00:00,14.609999656677246,14.640000343322754,14.609999656677246,14.640000343322754,184000,0.0,0.0,0.0
2025-05-09 01:45:00+00:00,14.649999618530273,14.649999618530273,14.649999618530273,14.649999618530273,3100,0.0,0.0,0.0
2025-05-09 01:50:00+00:00,14.649999618530273,14.649999618530273,14.649999618530273,14.649999618530273,1090,0.0,0.0,0.0
2025-05-09 02:00:00+00:00,14.649999618530273,14.649999618530273,14.640000343322754,14.640000343322754,4338,0.0,0.0,0.0
2025-05-09 02:10:00+00:00,14.640000343322754,14.640000343322754,14.640000343322754,14.640000343322754,8302,0.0,0.0,0.0
2025-05-09 02:15:00+00:00,14.640000343322754,14.640000343322754,14.640000343322754,14.640000343322754,7300,0.0,0.0,0.0
2025-05-09 02:20:00+00:00,14.640000343322754,14.640000343322754,14.640000343322754,14.640000343322754,1005,0.0,0.0,0.0
2025-05-09 02:25:00+00:00,14.640000343322754,14.65999984741211,14.640000343322754,14.65999984741211,43000,0.0,0.0,0.0
2025-05-09 02:30:00+00:00,14.670000076293945,14.6899995803833,14.670000076293945,14.6899995803833,11854,0.0,0.0,0.0
2025-05-09 02:35:00+00:00,14.680000305175781,14.680000305175781,14.680000305175781,14.680000305175781,1863,0.0,0.0,0.0
2025-05-09 02:40:00+00:00,14.680000305175781,14.680000305175781,14.680000305175781,14.680000305175781,2900,0.0,0.0,0.0
2025-05-09 02:45:00+00:00,14.6899995803833,14.699999809265137,14.6899995803833,14.699999809265137,83670,0.0,0.0,0.0
2025-05-09 02:55:00+00:00,14.699999809265137,14.710000038146973,14.699999809265137,14.710000038146973,22500,0.0,0.0,0.0
2025-05-09 03:00:00+00:00,14.720000267028809,14.720000267028809,14.720000267028809,14.720000267028809,12232,0.0,0.0,0.0
2025-05-09 03:10:00+00:00,14.720000267028809,14.729999542236328,14.720000267028809,14.729999542236328,56999,0.0,0.0,0.0
2025-05-09 03:15:00+00:00,14.729999542236328,14.729999542236328,14.729999542236328,14.729999542236328,1974,0.0,0.0,0.0
2025-05-09 03:25:00+00:00,14.729999542236328,14.729999542236328,14.729999542236328,14.729999542236328,2602,0.0,0.0,0.0
2025-05-09 03:35:00+00:00,14.729999542236328,14.729999542236328,14.729999542236328,14.729999542236328,29577,0.0,0.0,0.0
2025-05-09 03:40:00+00:00,14.729999542236328,14.729999542236328,14.729999542236328,14.729999542236328,2000,0.0,0.0,0.0
2025-05-09 03:45:00+00:00,14.729999542236328,14.729999542236328,14.720000267028809,14.720000267028809,6000,0.0,0.0,0.0
2025-05-09 03:50:00+00:00,14.720000267028809,14.739999771118164,14.720000267028809,14.739999771118164,48050,0.0,0.0,0.0
2025-05-09 03:55:00+00:00,14.739999771118164,14.75,14.739999771118164,14.75,59839,0.0,0.0,0.0
2025-05-09 04:00:00+00:00,14.760000228881836,14.760000228881836,14.75,14.75,2360,0.0,0.0,0.0
2025-05-09 04:05:00+00:00,14.75,14.75,14.75,14.75,13000,0.0,0.0,0.0
2025-05-09 04:10:00+00:00,14.760000228881836,14.760000228881836,14.75,14.75,37840,0.0,0.0,0.0
2025-05-09 04:15:00+00:00,14.760000228881836,14.770000457763672,14.760000228881836,14.770000457763672,15357,0.0,0.0,0.0
2025-05-09 04:20:00+00:00,14.760000228881836,14.760000228881836,14.760000228881836,14.760000228881836,5000,0.0,0.0,0.0
2025-05-09 04:25:00+00:00,14.760000228881836,14.760000228881836,14.760000228881836,14.760000228881836,3345,0.0,0.0,0.0
2025-05-09 04:30:00+00:00,14.760000228881836,14.770000457763672,14.760000228881836,14.770000457763672,76707,0.0,0.0,0.0
2025-05-09 04:45:00+00:00,14.760000228881836,14.770000457763672,14.75,14.75,10036,0.0,0.0,0.0
2025-05-09 04:50:00+00:00,14.770000457763672,14.770000457763672,14.770000457763672,14.770000457763672,1317,0.0,0.0,0.0
2025-05-09 04:55:00+00:00,14.770000457763672,14.770000457763672,14.770000457763672,14.770000457763672,8748,0.0,0.0,0.0
2025-05-09 05:05:00+00:00,14.770000457763672,14.770000457763672,14.770000457763672,14.770000457763672,3439,0.0,0.0,0.0
2025-05-09 05:10:00+00:00,14.770000457763672,14.770000457763672,14.770000457763672,14.770000457763672,1574,0.0,0.0,0.0
2025-05-09 05:15:00+00:00,14.770000457763672,14.770000457763672,14.770000457763672,14.770000457763672,23187,0.0,0.0,0.0
2025-05-09 05:20:00+00:00,14.760000228881836,14.760000228881836,14.760000228881836,14.760000228881836,1230,0.0,0.0,0.0
2025-05-12 01:00:00+00:00,14.84000015258789,14.880000114440918,14.84000015258789,14.880000114440918,0,0.0,0.0,0.0
2025-05-12 01:05:00+00:00,14.880000114440918,14.890000343322754,14.880000114440918,14.890000343322754,141821,0.0,0.0,0.0
2025-05-12 01:10:00+00:00,14.890000343322754,14.899999618530273,14.890000343322754,14.899999618530273,28100,0.0,0.0,0.0
2025-05-12 01:15:00+00:00,14.920000076293945,14.920000076293945,14.920000076293945,14.920000076293945,9215,0.0,0.0,0.0
2025-05-12 01:20:00+00:00,14.920000076293945,14.920000076293945,14.890000343322754,14.890000343322754,59019,0.0,0.0,0.0
2025-05-12 01:25:00+00:00,14.890000343322754,14.90999984741211,14.890000343322754,14.90999984741211,16693,0.0,0.0,0.0
2025-05-12 01:35:00+00:00,14.880000114440918,14.880000114440918,14.869999885559082,14.869999885559082,26508,0.0,0.0,0.0
2025-05-12 01:45:00+00:00,14.880000114440918,14.899999618530273,14.880000114440918,14.899999618530273,99000,0.0,0.0,0.0
2025-05-12 01:50:00+00:00,14.899999618530273,14.899999618530273,14.899999618530273,14.899999618530273,4191,0.0,0.0,0.0
2025-05-12 01:55:00+00:00,14.890000343322754,14.890000343322754,14.880000114440918,14.880000114440918,8381,0.0,0.0,0.0
2025-05-12 02:00:00+00:00,14.899999618530273,14.899999618530273,14.899999618530273,14.899999618530273,1000,0.0,0.0,0.0
2025-05-12 02:05:00+00:00,14.890000343322754,14.890000343322754,14.890000343322754,14.890000343322754,40261,0.0,0.0,0.0
2025-05-12 02:15:00+00:00,14.890000343322754,14.890000343322754,14.890000343322754,14.890000343322754,4280,0.0,0.0,0.0
2025-05-12 02:25:00+00:00,14.880000114440918,14.880000114440918,14.880000114440918,14.880000114440918,1292,0.0,0.0,0.0
2025-05-12 02:35:00+00:00,14.880000114440918,14.880000114440918,14.869999885559082,14.869999885559082,14238,0.0,0.0,0.0
2025-05-12 02:40:00+00:00,14.869999885559082,14.869999885559082,14.869999885559082,14.869999885559082,6000,0.0,0.0,0.0
2025-05-12 02:45:00+00:00,14.869999885559082,14.869999885559082,14.869999885559082,14.869999885559082,10235,0.0,0.0,0.0
2025-05-12 02:50:00+00:00,14.869999885559082,14.869999885559082,14.869999885559082,14.869999885559082,4310,0.0,0.0,0.0
2025-05-12 02:55:00+00:00,14.869999885559082,14.869999885559082,14.859999656677246,14.859999656677246,75025,0.0,0.0,0.0
2025-05-12 03:00:00+00:00,14.869999885559082,14.869999885559082,14.869999885559082,14.869999885559082,2100,0.0,0.0,0.0
2025-05-12 03:05:00+00:00,14.869999885559082,14.869999885559082,14.869999885559082,14.869999885559082,1167,0.0,0.0,0.0
2025-05-12 03:10:00+00:00,14.880000114440918,14.880000114440918,14.880000114440918,14.880000114440918,13321,0.0,0.0,0.0
2025-05-12 03:25:00+00:00,14.880000114440918,14.880000114440918,14.869999885559082,14.869999885559082,8000,0.0,0.0,0.0
2025-05-12 03:30:00+00:00,14.859999656677246,14.859999656677246,14.859999656677246,14.859999656677246,10310,0.0,0.0,0.0
2025-05-12 03:35:00+00:00,14.859999656677246,14.859999656677246,14.859999656677246,14.859999656677246,1000,0.0,0.0,0.0
2025-05-12 03:40:00+00:00,14.859999656677246,14.869999885559082,14.859999656677246,14.869999885559082,33000,0.0,0.0,0.0
2025-05-12 03:50:00+00:00,14.880000114440918,14.880000114440918,14.880000114440918,14.880000114440918,2005,0.0,0.0,0.0
2025-05-12 03:55:00+00:00,14.880000114440918,14.880000114440918,14.869999885559082,14.880000114440918,22250,0.0,0.0,0.0
2025-05-12 04:00:00+00:00,14.890000343322754,14.890000343322754,14.890000343322754,14.890000343322754,1000,0.0,0.0,0.0
2025-05-12 04:05:00+00:00,14.880000114440918,14.890000343322754,14.880000114440918,14.890000343322754,10270,0.0,0.0,0.0
2025-05-12 04:20:00+00:00,14.890000343322754,14.890000343322754,14.890000343322754,14.890000343322754,12435,0.0,0.0,0.0
2025-05-12 04:30:00+00:00,14.890000343322754,14.890000343322754,14.890000343322754,14.890000343322754,6461,0.0,0.0,0.0
2025-05-12 04:40:00+00:00,14.890000343322754,14.890000343322754,14.890000343322754,14.890000343322754,2050,0.0,0.0,0.0
2025-05-12 04:45:00+00:00,14.890000343322754,14.890000343322754,14.890000343322754,14.890000343322754,10022,0.0,0.0,0.0
2025-05-12 04:50:00+00:00,14.890000343322754,14.890000343322754,14.890000343322754,14.890000343322754,1078,0.0,0.0,0.0
2025-05-12 05:00:00+00:00,14.880000114440918,14.880000114440918,14.880000114440918,14.880000114440918,1000,0.0,0.0,0.0
2025-05-12 05:05:00+00:00,14.880000114440918,14.890000343322754,14.880000114440918,14.890000343322754,11000,0.0,0.0,0.0
2025-05-12 05:10:00+00:00,14.880000114440918,14.880000114440918,14.880000114440918,14.880000114440918,17110,0.0,0.0,0.0
2025-05-12 05:15:00+00:00,14.880000114440918,14.880000114440918,14.880000114440918,14.880000114440918,1230,0.0,0.0,0.0
2025-05-12 05:20:00+00:00,14.890000343322754,14.899999618530273,14.890000343322754,14.899999618530273,70488,0.0,0.0,0.0
2025-05-13 01:00:00+00:00,15.079999923706055,15.079999923706055,15.029999732971191,15.029999732971191,0,0.0,0.0,0.0
2025-05-13 01:05:00+00:00,15.029999732971191,15.039999961853027,15.0,15.0,14854,0.0,0.0,0.0
2025-05-13 01:10:00+00:00,15.0,15.029999732971191,15.0,15.0,206404,0.0,0.0,0.0
2025-05-13 01:15:00+00:00,15.0,15.020000457763672,15.0,15.020000457763672,19946,0.0,0.0,0.0
2025-05-13 01:20:00+00:00,15.029999732971191,15.029999732971191,15.020000457763672,15.020000457763672,11264,0.0,0.0,0.0
2025-05-13 01:25:00+00:00,15.020000457763672,15.020000457763672,15.0,15.010000228881836,132310,0.0,0.0,0.0
2025-05-13 01:30:00+00:00,15.020000457763672,15.029999732971191,15.010000228881836,15.029999732971191,28316,0.0,0.0,0.0
2025-05-13 01:35:00+00:00,15.029999732971191,15.050000190734863,15.029999732971191,15.039999961853027,171798,0.0,0.0,0.0
2025-05-13 01:40:00+00:00,15.039999961853027,15.039999961853027,15.029999732971191,15.039999961853027,197900,0.0,0.0,0.0
2025-05-13 01:45:00+00:00,15.050000190734863,15.050000190734863,15.050000190734863,15.050000190734863,33552,0.0,0.0,0.0
2025-05-13 01:50:00+00:00,15.0600004196167,15.0600004196167,15.050000190734863,15.050000190734863,25600,0.0,0.0,0.0
2025-05-13 01:55:00+00:00,15.039999961853027,15.050000190734863,15.039999961853027,15.039999961853027,118000,0.0,0.0,0.0
2025-05-13 02:00:00+00:00,15.0600004196167,15.069999694824219,15.050000190734863,15.050000190734863,12858,0.0,0.0,0.0
2025-05-13 02:05:00+00:00,15.050000190734863,15.050000190734863,15.050000190734863,15.050000190734863,22153,0.0,0.0,0.0
2025-05-13 02:10:00+00:00,15.050000190734863,15.050000190734863,15.050000190734863,15.050000190734863,6798,0.0,0.0,0.0
2025-05-13 02:15:00+00:00,15.050000190734863,15.069999694824219,15.050000190734863,15.069999694824219,3200,0.0,0.0,0.0
2025-05-13 02:20:00+00:00,15.029999732971191,15.0600004196167,15.029999732971191,15.050000190734863,10573,0.0,0.0,0.0
2025-05-13 02:25:00+00:00,15.020000457763672,15.020000457763672,15.020000457763672,15.020000457763672,39566,0.0,0.0,0.0
2025-05-13 02:30:00+00:00,15.039999961853027,15.039999961853027,15.029999732971191,15.029999732971191,4240,0.0,0.0,0.0
2025-05-13 02:35:00+00:00,15.029999732971191,15.029999732971191,15.029999732971191,15.029999732971191,3231,0.0,0.0,0.0
2025-05-13 02:40:00+00:00,15.029999732971191,15.029999732971191,15.029999732971191,15.029999732971191,1000,0.0,0.0,0.0
2025-05-13 02:45:00+00:00,15.039999961853027,15.039999961853027,15.039999961853027,15.039999961853027,2449,0.0,0.0,0.0
2025-05-13 03:00:00+00:00,15.039999961853027,15.039999961853027,15.020000457763672,15.020000457763672,4110,0.0,0.0,0.0
2025-05-13 03:05:00+00:00,15.010000228881836,15.010000228881836,14.989999771118164,14.989999771118164,25101,0.0,0.0,0.0
2025-05-13 03:10:00+00:00,14.979999542236328,14.979999542236328,14.979999542236328,14.979999542236328,5140,0.0,0.0,0.0
2025-05-13 03:15:00+00:00,14.989999771118164,14.989999771118164,14.989999771118164,14.989999771118164,2173,0.0,0.0,0.0
2025-05-13 03:20:00+00:00,14.989999771118164,15.0,14.989999771118164,15.0,12227,0.0,0.0,0.0
2025-05-13 03:25:00+00:00,15.0,15.010000228881836,15.0,15.010000228881836,7198,0.0,0.0,0.0
2025-05-13 03:35:00+00:00,15.0,15.0,15.0,15.0,2105,0.0,0.0,0.0
2025-05-13 03:40:00+00:00,15.0,15.0,15.0,15.0,13195,0.0,0.0,0.0
2025-05-13 03:45:00+00:00,15.0,15.010000228881836,14.989999771118164,14.989999771118164,10305,0.0,0.0,0.0
2025-05-13 03:55:00+00:00,14.989999771118164,14.989999771118164,14.989999771118164,14.989999771118164,1000,0.0,0.0,0.0
2025-05-13 04:00:00+00:00,15.0,15.0,15.0,15.0,31097,0.0,0.0,0.0
2025-05-13 04:05:00+00:00,15.0,15.0,15.0,15.0,3010,0.0,0.0,0.0
2025-05-13 04:10:00+00:00,14.989999771118164,14.989999771118164,14.989999771118164,14.989999771118164,60646,0.0,0.0,0.0
2025-05-13 04:15:00+00:00,15.0,15.0,15.0,15.0,23000,0.0,0.0,0.0
2025-05-13 04:20:00+00:00,15.010000228881836,15.010000228881836,15.010000228881836,15.010000228881836,13299,0.0,0.0,0.0
2025-05-13 04:25:00+00:00,15.010000228881836,15.010000228881836,15.010000228881836,15.010000228881836,20349,0.0,0.0,0.0
2025-05-13 04:30:00+00:00,15.010000228881836,15.020000457763672,15.010000228881836,15.020000457763672,9340,0.0,0.0,0.0
2025-05-13 04:50:00+00:00,15.020000457763672,15.020000457763672,15.020000457763672,15.020000457763672,7207,0.0,0.0,0.0
2025-05-13 05:00:00+00:00,15.020000457763672,15.020000457763672,15.020000457763672,15.020000457763672,1097,0.0,0.0,0.0
2025-05-13 05:05:00+00:00,15.010000228881836,15.010000228881836,15.010000228881836,15.010000228881836,2000,0.0,0.0,0.0
2025-05-13 05:10:00+00:00,15.010000228881836,15.010000228881836,15.010000228881836,15.010000228881836,15020,0.0,0.0,0.0
2025-05-13 05:15:00+00:00,15.010000228881836,15.010000228881836,15.010000228881836,15.010000228881836,119633,0.0,0.0,0.0
2025-05-13 05:20:00+00:00,15.010000228881836,15.020000457763672,15.010000228881836,15.020000457763672,39637,0.0,0.0,0.0
2025-05-14 01:00:00+00:00,15.100000381469727,15.140000343322754,15.100000381469727,15.140000343322754,0,0.0,0.0,0.0
2025-05-14 01:05:00+00:00,15.130000114440918,15.140000343322754,15.100000381469727,15.100000381469727,124645,0.0,0.0,0.0
2025-05-14 01:10:00+00:00,15.100000381469727,15.100000381469727,15.09000015258789,15.09000015258789,4008,0.0,0.0,0.0
2025-05-14 01:15:00+00:00,15.050000190734863,15.079999923706055,15.050000190734863,15.069999694824219,10050,0.0,0.0,0.0
2025-05-14 01:20:00+00:00,15.09000015258789,15.09000015258789,15.09000015258789,15.09000015258789,20688,0.0,0.0,0.0
2025-05-14 01:25:00+00:00,15.09000015258789,15.109999656677246,15.09000015258789,15.109999656677246,29071,0.0,0.0,0.0
2025-05-14 01:30:00+00:00,15.109999656677246,15.119999885559082,15.109999656677246,15.119999885559082,36406,0.0,0.0,0.0
2025-05-14 01:35:00+00:00,15.130000114440918,15.140000343322754,15.130000114440918,15.140000343322754,57000,0.0,0.0,0.0
2025-05-14 01:40:00+00:00,15.140000343322754,15.170000076293945,15.140000343322754,15.170000076293945,163600,0.0,0.0,0.0
2025-05-14 01:45:00+00:00,15.170000076293945,15.170000076293945,15.15999984741211,15.15999984741211,10061,0.0,0.0,0.0
2025-05-14 01:50:00+00:00,15.170000076293945,15.170000076293945,15.170000076293945,15.170000076293945,45455,0.0,0.0,0.0
2025-05-14 01:55:00+00:00,15.15999984741211,15.15999984741211,15.15999984741211,15.15999984741211,100280,0.0,0.0,0.0
2025-05-14 02:00:00+00:00,15.15999984741211,15.15999984741211,15.15999984741211,15.15999984741211,16000,0.0,0.0,0.0
2025-05-14 02:05:00+00:00,15.170000076293945,15.1899995803833,15.170000076293945,15.1899995803833,95800,0.0,0.0,0.0
2025-05-14 02:10:00+00:00,15.180000305175781,15.180000305175781,15.180000305175781,15.180000305175781,3035,0.0,0.0,0.0
2025-05-14 02:15:00+00:00,15.180000305175781,15.1899995803833,15.180000305175781,15.1899995803833,14000,0.0,0.0,0.0
2025-05-14 02:20:00+00:00,15.180000305175781,15.180000305175781,15.180000305175781,15.180000305175781,3185,0.0,0.0,0.0
2025-05-14 02:25:00+00:00,15.1899995803833,15.1899995803833,15.180000305175781,15.180000305175781,105005,0.0,0.0,0.0
2025-05-14 02:30:00+00:00,15.170000076293945,15.170000076293945,15.149999618530273,15.149999618530273,7000,0.0,0.0,0.0
2025-05-14 02:40:00+00:00,15.149999618530273,15.149999618530273,15.140000343322754,15.140000343322754,45040,0.0,0.0,0.0
2025-05-14 02:45:00+00:00,15.130000114440918,15.130000114440918,15.130000114440918,15.130000114440918,65555,0.0,0.0,0.0
2025-05-14 02:50:00+00:00,15.109999656677246,15.119999885559082,15.109999656677246,15.119999885559082,12100,0.0,0.0,0.0
2025-05-14 02:55:00+00:00,15.130000114440918,15.140000343322754,15.130000114440918,15.140000343322754,111302,0.0,0.0,0.0
2025-05-14 03:00:00+00:00,15.140000343322754,15.140000343322754,15.140000343322754,15.140000343322754,2000,0.0,0.0,0.0
2025-05-14 03:05:00+00:00,15.149999618530273,15.149999618530273,15.140000343322754,15.149999618530273,53000,0.0,0.0,0.0
2025-05-14 03:10:00+00:00,15.149999618530273,15.15999984741211,15.149999618530273,15.15999984741211,21980,0.0,0.0,0.0
2025-05-14 03:20:00+00:00,15.15999984741211,15.15999984741211,15.15999984741211,15.15999984741211,21012,0.0,0.0,0.0
2025-05-14 03:25:00+00:00,15.15999984741211,15.170000076293945,15.15999984741211,15.170000076293945,67000,0.0,0.0,0.0
2025-05-14 03:30:00+00:00,15.170000076293945,15.180000305175781,15.170000076293945,15.180000305175781,13070,0.0,0.0,0.0
2025-05-14 03:35:00+00:00,15.180000305175781,15.180000305175781,15.149999618530273,15.149999618530273,56000,0.0,0.0,0.0
2025-05-14 03:40:00+00:00,15.15999984741211,15.15999984741211,15.15999984741211,15.15999984741211,1000,0.0,0.0,0.0
2025-05-14 03:45:00+00:00,15.170000076293945,15.170000076293945,15.15999984741211,15.15999984741211,22170,0.0,0.0,0.0
2025-05-14 03:55:00+00:00,15.149999618530273,15.149999618530273,15.149999618530273,15.149999618530273,1000,0.0,0.0,0.0
2025-05-14 04:00:00+00:00,15.149999618530273,15.149999618530273,15.149999618530273,15.149999618530273,20100,0.0,0.0,0.0
2025-05-14 04:05:00+00:00,15.15999984741211,15.170000076293945,15.15999984741211,15.170000076293945,116204,0.0,0.0,0.0
2025-05-14 04:15:00+00:00,15.15999984741211,15.15999984741211,15.15999984741211,15.15999984741211,5293,0.0,0.0,0.0
2025-05-14 04:20:00+00:00,15.170000076293945,15.170000076293945,15.170000076293945,15.170000076293945,14654,0.0,0.0,0.0
2025-05-14 04:25:00+00:00,15.170000076293945,15.180000305175781,15.15999984741211,15.180000305175781,95527,0.0,0.0,0.0
2025-05-14 04:30:00+00:00,15.1899995803833,15.1899995803833,15.1899995803833,15.1899995803833,21100,0.0,0.0,0.0
2025-05-14 04:35:00+00:00,15.1899995803833,15.1899995803833,15.1899995803833,15.1899995803833,10000,0.0,0.0,0.0
2025-05-14 04:40:00+00:00,15.1899995803833,15.1899995803833,15.1899995803833,15.1899995803833,27114,0.0,0.0,0.0
2025-05-14 04:45:00+00:00,15.180000305175781,15.180000305175781,15.180000305175781,15.180000305175781,30010,0.0,0.0,0.0
2025-05-14 04:50:00+00:00,15.180000305175781,15.180000305175781,15.170000076293945,15.180000305175781,5148,0.0,0.0,0.0
2025-05-14 05:00:00+00:00,15.180000305175781,15.180000305175781,15.170000076293945,15.170000076293945,8382,0.0,0.0,0.0
2025-05-14 05:05:00+00:00,15.170000076293945,15.180000305175781,15.170000076293945,15.180000305175781,106248,0.0,0.0,0.0
2025-05-14 05:10:00+00:00,15.170000076293945,15.170000076293945,15.170000076293945,15.170000076293945,13002,0.0,0.0,0.0
2025-05-14 05:15:00+00:00,15.170000076293945,15.170000076293945,15.170000076293945,15.170000076293945,8196,0.0,0.0,0.0
2025-05-14 05:20:00+00:00,15.170000076293945,15.1899995803833,15.170000076293945,15.170000076293945,18553,0.0,0.0,0.0
2025-05-15 01:00:00+00:00,15.210000038146973,15.25,15.210000038146973,15.25,0,0.0,0.0,0.0
2025-05-15 01:05:00+00:00,15.239999771118164,15.270000457763672,15.229999542236328,15.229999542236328,50737,0.0,0.0,0.0
2025-05-15 01:10:00+00:00,15.239999771118164,15.239999771118164,15.239999771118164,15.239999771118164,29147,0.0,0.0,0.0
2025-05-15 01:15:00+00:00,15.25,15.260000228881836,15.25,15.260000228881836,11040,0.0,0.0,0.0
2025-05-15 01:20:00+00:00,15.220000267028809,15.220000267028809,15.199999809265137,15.199999809265137,113315,0.0,0.0,0.0
2025-05-15 01:25:00+00:00,15.1899995803833,15.1899995803833,15.1899995803833,15.1899995803833,3044,0.0,0.0,0.0
2025-05-15 01:30:00+00:00,15.15999984741211,15.1899995803833,15.15999984741211,15.1899995803833,28806,0.0,0.0,0.0
2025-05-15 01:35:00+00:00,15.1899995803833,15.210000038146973,15.1899995803833,15.199999809265137,30083,0.0,0.0,0.0
2025-05-15 01:40:00+00:00,15.199999809265137,15.239999771118164,15.199999809265137,15.239999771118164,47109,0.0,0.0,0.0
2025-05-15 01:45:00+00:00,15.25,15.260000228881836,15.25,15.25,80980,0.0,0.0,0.0
2025-05-15 01:50:00+00:00,15.25,15.25,15.25,15.25,203688,0.0,0.0,0.0
2025-05-15 01:55:00+00:00,15.239999771118164,15.239999771118164,15.239999771118164,15.239999771118164,33180,0.0,0.0,0.0
2025-05-15 02:00:00+00:00,15.220000267028809,15.220000267028809,15.210000038146973,15.210000038146973,102320,0.0,0.0,0.0
2025-05-15 02:10:00+00:00,15.210000038146973,15.210000038146973,15.210000038146973,15.210000038146973,13000,0.0,0.0,0.0
2025-05-15 02:15:00+00:00,15.220000267028809,15.220000267028809,15.220000267028809,15.220000267028809,12000,0.0,0.0,0.0
2025-05-15 02:20:00+00:00,15.210000038146973,15.210000038146973,15.210000038146973,15.210000038146973,100006,0.0,0.0,0.0
2025-05-15 02:30:00+00:00,15.210000038146973,15.220000267028809,15.210000038146973,15.220000267028809,44028,0.0,0.0,0.0
2025-05-15 02:35:00+00:00,15.220000267028809,15.220000267028809,15.220000267028809,15.220000267028809,7000,0.0,0.0,0.0
2025-05-15 02:40:00+00:00,15.220000267028809,15.229999542236328,15.220000267028809,15.229999542236328,21815,0.0,0.0,0.0
2025-05-15 02:45:00+00:00,15.220000267028809,15.229999542236328,15.220000267028809,15.229999542236328,17233,0.0,0.0,0.0
2025-05-15 02:50:00+00:00,15.239999771118164,15.25,15.239999771118164,15.239999771118164,20068,0.0,0.0,0.0
2025-05-15 02:55:00+00:00,15.239999771118164,15.25,15.239999771118164,15.25,33009,0.0,0.0,0.0
2025-05-15 03:00:00+00:00,15.260000228881836,15.260000228881836,15.260000228881836,15.260000228881836,6082,0.0,0.0,0.0
2025-05-15 03:15:00+00:00,15.25,15.25,15.25,15.25,13000,0.0,0.0,0.0
2025-05-15 03:20:00+00:00,15.25,15.25,15.239999771118164,15.239999771118164,8007,0.0,0.0,0.0
2025-05-15 03:25:00+00:00,15.239999771118164,15.239999771118164,15.239999771118164,15.239999771118164,2000,0.0,0.0,0.0
2025-05-15 03:30:00+00:00,15.239999771118164,15.239999771118164,15.239999771118164,15.239999771118164,9500,0.0,0.0,0.0
2025-05-15 03:35:00+00:00,15.229999542236328,15.229999542236328,15.229999542236328,15.229999542236328,1000,0.0,0.0,0.0
2025-05-15 03:40:00+00:00,15.229999542236328,15.229999542236328,15.220000267028809,15.220000267028809,6100,0.0,0.0,0.0
2025-05-15 03:45:00+00:00,15.229999542236328,15.229999542236328,15.229999542236328,15.229999542236328,3000,0.0,0.0,0.0
2025-05-15 03:55:00+00:00,15.229999542236328,15.229999542236328,15.229999542236328,15.229999542236328,29561,0.0,0.0,0.0
2025-05-15 04:05:00+00:00,15.229999542236328,15.229999542236328,15.229999542236328,15.229999542236328,1010,0.0,0.0,0.0
2025-05-15 04:10:00+00:00,15.229999542236328,15.229999542236328,15.229999542236328,15.229999542236328,8000,0.0,0.0,0.0
2025-05-15 04:15:00+00:00,15.229999542236328,15.229999542236328,15.229999542236328,15.229999542236328,6000,0.0,0.0,0.0
2025-05-15 04:20:00+00:00,15.229999542236328,15.229999542236328,15.229999542236328,15.229999542236328,2229,0.0,0.0,0.0
2025-05-15 04:25:00+00:00,15.229999542236328,15.229999542236328,15.229999542236328,15.229999542236328,4000,0.0,0.0,0.0
2025-05-15 04:30:00+00:00,15.229999542236328,15.229999542236328,15.220000267028809,15.220000267028809,17000,0.0,0.0,0.0
2025-05-15 04:35:00+00:00,15.229999542236328,15.229999542236328,15.220000267028809,15.220000267028809,22100,0.0,0.0,0.0
2025-05-15 04:40:00+00:00,15.220000267028809,15.229999542236328,15.220000267028809,15.229999542236328,14090,0.0,0.0,0.0
2025-05-15 04:45:00+00:00,15.229999542236328,15.229999542236328,15.229999542236328,15.229999542236328,11000,0.0,0.0,0.0
2025-05-15 04:50:00+00:00,15.220000267028809,15.229999542236328,15.220000267028809,15.229999542236328,16500,0.0,0.0,0.0
2025-05-15 04:55:00+00:00,15.229999542236328,15.229999542236328,15.229999542236328,15.229999542236328,1000,0.0,0.0,0.0
2025-05-15 05:00:00+00:00,15.229999542236328,15.229999542236328,15.229999542236328,15.229999542236328,10632,0.0,0.0,0.0
2025-05-15 05:05:00+00:00,15.229999542236328,15.229999542236328,15.229999542236328,15.229999542236328,26063,0.0,0.0,0.0
2025-05-15 05:10:00+00:00,15.229999542236328,15.229999542236328,15.229999542236328,15.229999542236328,6000,0.0,0.0,0.0
2025-05-15 05:15:00+00:00,15.229999542236328,15.229999542236328,15.229999542236328,15.229999542236328,9710,0.0,0.0,0.0
2025-05-15 05:20:00+00:00,15.239999771118164,15.239999771118164,15.229999542236328,15.229999542236328,7000,0.0,0.0,0.0
2025-05-16 01:00:00+00:00,15.270000457763672,15.289999961853027,15.270000457763672,15.289999961853027,0,0.0,0.0,0.0
2025-05-16 01:05:00+00:00,15.270000457763672,15.270000457763672,15.270000457763672,15.270000457763672,10613,0.0,0.0,0.0
2025-05-16 01:10:00+00:00,15.270000457763672,15.270000457763672,15.270000457763672,15.270000457763672,90070,0.0,0.0,0.0
2025-05-16 01:15:00+00:00,15.279999732971191,15.300000190734863,15.279999732971191,15.300000190734863,142825,0.0,0.0,0.0
2025-05-16 01:20:00+00:00,15.300000190734863,15.300000190734863,15.300000190734863,15.300000190734863,47100,0.0,0.0,0.0
2025-05-16 01:25:00+00:00,15.300000190734863,15.3100004196167,15.300000190734863,15.3100004196167,36201,0.0,0.0,0.0
2025-05-16 01:30:00+00:00,15.3100004196167,15.3100004196167,15.300000190734863,15.3100004196167,20750,0.0,0.0,0.0
2025-05-16 01:35:00+00:00,15.319999694824219,15.359999656677246,15.319999694824219,15.359999656677246,113439,0.0,0.0,0.0
2025-05-16 01:40:00+00:00,15.350000381469727,15.359999656677246,15.350000381469727,15.359999656677246,5480,0.0,0.0,0.0
2025-05-16 01:45:00+00:00,15.369999885559082,15.380000114440918,15.359999656677246,15.359999656677246,32185,0.0,0.0,0.0
2025-05-16 01:50:00+00:00,15.350000381469727,15.350000381469727,15.350000381469727,15.350000381469727,1065,0.0,0.0,0.0
2025-05-16 01:55:00+00:00,15.359999656677246,15.380000114440918,15.350000381469727,15.380000114440918,71139,0.0,0.0,0.0
2025-05-16 02:00:00+00:00,15.390000343322754,15.399999618530273,15.380000114440918,15.380000114440918,11500,0.0,0.0,0.0
2025-05-16 02:05:00+00:00,15.380000114440918,15.380000114440918,15.380000114440918,15.380000114440918,2038,0.0,0.0,0.0
2025-05-16 02:10:00+00:00,15.369999885559082,15.369999885559082,15.369999885559082,15.369999885559082,7000,0.0,0.0,0.0
2025-05-16 02:15:00+00:00,15.369999885559082,15.369999885559082,15.369999885559082,15.369999885559082,3118,0.0,0.0,0.0
2025-05-16 02:20:00+00:00,15.369999885559082,15.390000343322754,15.369999885559082,15.380000114440918,78025,0.0,0.0,0.0
2025-05-16 02:25:00+00:00,15.390000343322754,15.390000343322754,15.390000343322754,15.390000343322754,4018,0.0,0.0,0.0
2025-05-16 02:30:00+00:00,15.399999618530273,15.399999618530273,15.399999618530273,15.399999618530273,109100,0.0,0.0,0.0
2025-05-16 02:35:00+00:00,15.40999984741211,15.430000305175781,15.40999984741211,15.430000305175781,88430,0.0,0.0,0.0
2025-05-16 02:40:00+00:00,15.430000305175781,15.430000305175781,15.430000305175781,15.430000305175781,22000,0.0,0.0,0.0
2025-05-16 02:45:00+00:00,15.4399995803833,15.4399995803833,15.430000305175781,15.430000305175781,4351,0.0,0.0,0.0
2025-05-16 02:50:00+00:00,15.40999984741211,15.40999984741211,15.40999984741211,15.40999984741211,13580,0.0,0.0,0.0
2025-05-16 02:55:00+00:00,15.420000076293945,15.420000076293945,15.420000076293945,15.420000076293945,4017,0.0,0.0,0.0
2025-05-16 03:00:00+00:00,15.420000076293945,15.420000076293945,15.40999984741211,15.40999984741211,5300,0.0,0.0,0.0
2025-05-16 03:05:00+00:00,15.40999984741211,15.420000076293945,15.40999984741211,15.420000076293945,31027,0.0,0.0,0.0
2025-05-16 03:10:00+00:00,15.430000305175781,15.4399995803833,15.430000305175781,15.4399995803833,76300,0.0,0.0,0.0
2025-05-16 03:15:00+00:00,15.449999809265137,15.449999809265137,15.4399995803833,15.449999809265137,94380,0.0,0.0,0.0
2025-05-16 03:20:00+00:00,15.449999809265137,15.460000038146973,15.449999809265137,15.449999809265137,7991,0.0,0.0,0.0
2025-05-16 03:25:00+00:00,15.460000038146973,15.460000038146973,15.460000038146973,15.460000038146973,20018,0.0,0.0,0.0
2025-05-16 03:30:00+00:00,15.449999809265137,15.449999809265137,15.449999809265137,15.449999809265137,18118,0.0,0.0,0.0
2025-05-16 03:35:00+00:00,15.4399995803833,15.4399995803833,15.420000076293945,15.420000076293945,205729,0.0,0.0,0.0
2025-05-16 03:40:00+00:00,15.40999984741211,15.40999984741211,15.399999618530273,15.399999618530273,7088,0.0,0.0,0.0
2025-05-16 03:45:00+00:00,15.399999618530273,15.399999618530273,15.399999618530273,15.399999618530273,29002,0.0,0.0,0.0
2025-05-16 03:50:00+00:00,15.399999618530273,15.399999618530273,15.399999618530273,15.399999618530273,10119,0.0,0.0,0.0
2025-05-16 03:55:00+00:00,15.390000343322754,15.390000343322754,15.390000343322754,15.390000343322754,33027,0.0,0.0,0.0
2025-05-16 04:05:00+00:00,15.399999618530273,15.399999618530273,15.399999618530273,15.399999618530273,8019,0.0,0.0,0.0
2025-05-16 04:10:00+00:00,15.399999618530273,15.399999618530273,15.399999618530273,15.399999618530273,1000,0.0,0.0,0.0
2025-05-16 04:15:00+00:00,15.399999618530273,15.399999618530273,15.399999618530273,15.399999618530273,40973,0.0,0.0,0.0
2025-05-16 04:25:00+00:00,15.399999618530273,15.399999618530273,15.399999618530273,15.399999618530273,10200,0.0,0.0,0.0
2025-05-16 04:30:00+00:00,15.399999618530273,15.40999984741211,15.399999618530273,15.40999984741211,29218,0.0,0.0,0.0
2025-05-16 04:35:00+00:00,15.40999984741211,15.420000076293945,15.40999984741211,15.420000076293945,24356,0.0,0.0,0.0
2025-05-16 04:40:00+00:00,15.420000076293945,15.420000076293945,15.420000076293945,15.420000076293945,3547,0.0,0.0,0.0
2025-05-16 04:45:00+00:00,15.420000076293945,15.430000305175781,15.420000076293945,15.430000305175781,7584,0.0,0.0,0.0
2025-05-16 04:55:00+00:00,15.399999618530273,15.399999618530273,15.399999618530273,15.399999618530273,74282,0.0,0.0,0.0
2025-05-16 05:00:00+00:00,15.399999618530273,15.40999984741211,15.399999618530273,15.40999984741211,65750,0.0,0.0,0.0
2025-05-16 05:05:00+00:00,15.40999984741211,15.40999984741211,15.40999984741211,15.40999984741211,6271,0.0,0.0,0.0
2025-05-16 05:10:00+00:00,15.40999984741211,15.40999984741211,15.40999984741211,15.40999984741211,9000,0.0,0.0,0.0
2025-05-16 05:15:00+00:00,15.40999984741211,15.40999984741211,15.40999984741211,15.40999984741211,30230,0.0,0.0,0.0
2025-05-16 05:20:00+00:00,15.40999984741211,15.40999984741211,15.399999618530273,15.40999984741211,14868,0.0,0.0,0.0
2025-05-19 01:00:00+00:00,15.369999885559082,15.399999618530273,15.350000381469727,15.359999656677246,0,0.0,0.0,0.0
2025-05-19 01:05:00+00:00,15.369999885559082,15.380000114440918,15.359999656677246,15.369999885559082,159093,0.0,0.0,0.0
2025-05-19 01:10:00+00:00,15.369999885559082,15.369999885559082,15.34000015258789,15.34000015258789,264890,0.0,0.0,0.0
2025-05-19 01:15:00+00:00,15.329999923706055,15.329999923706055,15.319999694824219,15.319999694824219,14440,0.0,0.0,0.0
2025-05-19 01:20:00+00:00,15.3100004196167,15.3100004196167,15.289999961853027,15.289999961853027,58646,0.0,0.0,0.0
2025-05-19 01:25:00+00:00,15.300000190734863,15.3100004196167,15.289999961853027,15.3100004196167,16265,0.0,0.0,0.0
2025-05-19 01:30:00+00:00,15.329999923706055,15.329999923706055,15.300000190734863,15.3100004196167,31098,0.0,0.0,0.0
2025-05-19 01:35:00+00:00,15.3100004196167,15.329999923706055,15.3100004196167,15.319999694824219,23335,0.0,0.0,0.0
2025-05-19 01:40:00+00:00,15.319999694824219,15.319999694824219,15.3100004196167,15.3100004196167,37114,0.0,0.0,0.0
2025-05-19 01:45:00+00:00,15.319999694824219,15.319999694824219,15.300000190734863,15.300000190734863,145100,0.0,0.0,0.0
2025-05-19 01:50:00+00:00,15.3100004196167,15.3100004196167,15.289999961853027,15.289999961853027,33477,0.0,0.0,0.0
2025-05-19 01:55:00+00:00,15.289999961853027,15.289999961853027,15.289999961853027,15.289999961853027,6384,0.0,0.0,0.0
2025-05-19 02:00:00+00:00,15.289999961853027,15.300000190734863,15.279999732971191,15.300000190734863,40575,0.0,0.0,0.0
2025-05-19 02:05:00+00:00,15.3100004196167,15.319999694824219,15.3100004196167,15.319999694824219,19176,0.0,0.0,0.0
2025-05-19 02:10:00+00:00,15.319999694824219,15.319999694824219,15.3100004196167,15.319999694824219,19117,0.0,0.0,0.0
2025-05-19 02:15:00+00:00,15.329999923706055,15.350000381469727,15.329999923706055,15.350000381469727,11389,0.0,0.0,0.0
2025-05-19 02:20:00+00:00,15.350000381469727,15.350000381469727,15.34000015258789,15.34000015258789,12000,0.0,0.0,0.0
2025-05-19 02:25:00+00:00,15.350000381469727,15.359999656677246,15.350000381469727,15.359999656677246,10444,0.0,0.0,0.0
2025-05-19 02:30:00+00:00,15.359999656677246,15.369999885559082,15.350000381469727,15.350000381469727,113040,0.0,0.0,0.0
2025-05-19 02:35:00+00:00,15.350000381469727,15.359999656677246,15.350000381469727,15.359999656677246,11260,0.0,0.0,0.0
2025-05-19 02:40:00+00:00,15.359999656677246,15.359999656677246,15.359999656677246,15.359999656677246,4000,0.0,0.0,0.0
2025-05-19 02:45:00+00:00,15.369999885559082,15.369999885559082,15.369999885559082,15.369999885559082,3400,0.0,0.0,0.0
2025-05-19 02:55:00+00:00,15.359999656677246,15.359999656677246,15.359999656677246,15.359999656677246,1060,0.0,0.0,0.0
2025-05-19 03:00:00+00:00,15.369999885559082,15.369999885559082,15.369999885559082,15.369999885559082,2153,0.0,0.0,0.0
2025-05-19 03:05:00+00:00,15.359999656677246,15.359999656677246,15.359999656677246,15.359999656677246,1000,0.0,0.0,0.0
2025-05-19 03:10:00+00:00,15.350000381469727,15.350000381469727,15.329999923706055,15.329999923706055,35000,0.0,0.0,0.0
2025-05-19 03:15:00+00:00,15.329999923706055,15.329999923706055,15.319999694824219,15.319999694824219,3168,0.0,0.0,0.0
2025-05-19 03:20:00+00:00,15.329999923706055,15.329999923706055,15.319999694824219,15.319999694824219,20000,0.0,0.0,0.0
2025-05-19 03:25:00+00:00,15.319999694824219,15.319999694824219,15.319999694824219,15.319999694824219,25061,0.0,0.0,0.0
2025-05-19 03:30:00+00:00,15.300000190734863,15.300000190734863,15.300000190734863,15.300000190734863,100410,0.0,0.0,0.0
2025-05-19 03:35:00+00:00,15.279999732971191,15.279999732971191,15.279999732971191,15.279999732971191,7041,0.0,0.0,0.0
2025-05-19 03:45:00+00:00,15.279999732971191,15.279999732971191,15.279999732971191,15.279999732971191,7200,0.0,0.0,0.0
2025-05-19 03:50:00+00:00,15.279999732971191,15.279999732971191,15.279999732971191,15.279999732971191,1000,0.0,0.0,0.0
2025-05-19 03:55:00+00:00,15.300000190734863,15.300000190734863,15.300000190734863,15.300000190734863,13340,0.0,0.0,0.0
2025-05-19 04:15:00+00:00,15.300000190734863,15.300000190734863,15.300000190734863,15.300000190734863,20113,0.0,0.0,0.0
2025-05-19 04:20:00+00:00,15.279999732971191,15.279999732971191,15.279999732971191,15.279999732971191,10010,0.0,0.0,0.0
2025-05-19 04:25:00+00:00,15.279999732971191,15.279999732971191,15.279999732971191,15.279999732971191,2557,0.0,0.0,0.0
2025-05-19 04:30:00+00:00,15.270000457763672,15.279999732971191,15.270000457763672,15.279999732971191,4267,0.0,0.0,0.0
2025-05-19 04:35:00+00:00,15.279999732971191,15.279999732971191,15.279999732971191,15.279999732971191,6000,0.0,0.0,0.0
2025-05-19 04:40:00+00:00,15.270000457763672,15.270000457763672,15.270000457763672,15.270000457763672,9030,0.0,0.0,0.0
2025-05-19 04:45:00+00:00,15.279999732971191,15.279999732971191,15.279999732971191,15.279999732971191,1447,0.0,0.0,0.0
2025-05-19 04:50:00+00:00,15.270000457763672,15.270000457763672,15.260000228881836,15.260000228881836,20220,0.0,0.0,0.0
2025-05-19 04:55:00+00:00,15.260000228881836,15.260000228881836,15.260000228881836,15.260000228881836,6078,0.0,0.0,0.0
2025-05-19 05:05:00+00:00,15.270000457763672,15.270000457763672,15.270000457763672,15.270000457763672,187520,0.0,0.0,0.0
2025-05-19 05:10:00+00:00,15.260000228881836,15.270000457763672,15.260000228881836,15.260000228881836,14205,0.0,0.0,0.0
2025-05-19 05:15:00+00:00,15.260000228881836,15.260000228881836,15.25,15.25,30968,0.0,0.0,0.0
2025-05-19 05:20:00+00:00,15.260000228881836,15.260000228881836,15.260000228881836,15.260000228881836,9123,0.0,0.0,0.0
2025-05-20 01:00:00+00:00,15.270000457763672,15.300000190734863,15.270000457763672,15.279999732971191,0,0.0,0.0,0.0
2025-05-20 01:05:00+00:00,15.289999961853027,15.300000190734863,15.289999961853027,15.300000190734863,58239,0.0,0.0,0.0
2025-05-20 01:10:00+00:00,15.279999732971191,15.279999732971191,15.279999732971191,15.279999732971191,12077,0.0,0.0,0.0
2025-05-20 01:15:00+00:00,15.270000457763672,15.270000457763672,15.25,15.260000228881836,4079,0.0,0.0,0.0
2025-05-20 01:20:00+00:00,15.260000228881836,15.260000228881836,15.25,15.25,8661,0.0,0.0,0.0
2025-05-20 01:25:00+00:00,15.25,15.25,15.239999771118164,15.239999771118164,5145,0.0,0.0,0.0
2025-05-20 01:30:00+00:00,15.25,15.25,15.220000267028809,15.220000267028809,15078,0.0,0.0,0.0
2025-05-20 01:35:00+00:00,15.220000267028809,15.220000267028809,15.210000038146973,15.210000038146973,28231,0.0,0.0,0.0
2025-05-20 01:40:00+00:00,15.220000267028809,15.229999542236328,15.220000267028809,15.229999542236328,23222,0.0,0.0,0.0
2025-05-20 01:45:00+00:00,15.229999542236328,15.25,15.229999542236328,15.25,20100,0.0,0.0,0.0
2025-05-20 01:50:00+00:00,15.25,15.25,15.25,15.25,9092,0.0,0.0,0.0
2025-05-20 01:55:00+00:00,15.260000228881836,15.260000228881836,15.260000228881836,15.260000228881836,13142,0.0,0.0,0.0
2025-05-20 02:00:00+00:00,15.270000457763672,15.279999732971191,15.270000457763672,15.279999732971191,74376,0.0,0.0,0.0
2025-05-20 02:05:00+00:00,15.279999732971191,15.279999732971191,15.270000457763672,15.270000457763672,7709,0.0,0.0,0.0
2025-05-20 02:10:00+00:00,15.279999732971191,15.289999961853027,15.279999732971191,15.289999961853027,33346,0.0,0.0,0.0
2025-05-20 02:15:00+00:00,15.260000228881836,15.270000457763672,15.260000228881836,15.270000457763672,102000,0.0,0.0,0.0
2025-05-20 02:25:00+00:00,15.260000228881836,15.260000228881836,15.260000228881836,15.260000228881836,3097,0.0,0.0,0.0
2025-05-20 02:30:00+00:00,15.260000228881836,15.260000228881836,15.260000228881836,15.260000228881836,1173,0.0,0.0,0.0
2025-05-20 02:35:00+00:00,15.270000457763672,15.300000190734863,15.270000457763672,15.300000190734863,149078,0.0,0.0,0.0
2025-05-20 02:40:00+00:00,15.300000190734863,15.3100004196167,15.300000190734863,15.3100004196167,115750,0.0,0.0,0.0
2025-05-20 02:45:00+00:00,15.3100004196167,15.3100004196167,15.3100004196167,15.3100004196167,1275,0.0,0.0,0.0
2025-05-20 02:50:00+00:00,15.300000190734863,15.300000190734863,15.300000190734863,15.300000190734863,5000,0.0,0.0,0.0
2025-05-20 02:55:00+00:00,15.300000190734863,15.300000190734863,15.300000190734863,15.300000190734863,6150,0.0,0.0,0.0
2025-05-20 03:00:00+00:00,15.300000190734863,15.3100004196167,15.300000190734863,15.3100004196167,26335,0.0,0.0,0.0
2025-05-20 03:15:00+00:00,15.300000190734863,15.300000190734863,15.289999961853027,15.289999961853027,50188,0.0,0.0,0.0
2025-05-20 03:20:00+00:00,15.289999961853027,15.300000190734863,15.289999961853027,15.300000190734863,23029,0.0,0.0,0.0
2025-05-20 03:25:00+00:00,15.289999961853027,15.289999961853027,15.289999961853027,15.289999961853027,12000,0.0,0.0,0.0
2025-05-20 03:30:00+00:00,15.289999961853027,15.289999961853027,15.289999961853027,15.289999961853027,1000,0.0,0.0,0.0
2025-05-20 03:35:00+00:00,15.289999961853027,15.289999961853027,15.289999961853027,15.289999961853027,11300,0.0,0.0,0.0
2025-05-20 03:40:00+00:00,15.289999961853027,15.300000190734863,15.289999961853027,15.300000190734863,29803,0.0,0.0,0.0
2025-05-20 03:55:00+00:00,15.300000190734863,15.300000190734863,15.300000190734863,15.300000190734863,2000,0.0,0.0,0.0
2025-05-20 04:00:00+00:00,15.300000190734863,15.300000190734863,15.300000190734863,15.300000190734863,3830,0.0,0.0,0.0
2025-05-20 04:10:00+00:00,15.279999732971191,15.279999732971191,15.279999732971191,15.279999732971191,1000,0.0,0.0,0.0
2025-05-20 04:15:00+00:00,15.279999732971191,15.279999732971191,15.260000228881836,15.260000228881836,15201,0.0,0.0,0.0
2025-05-20 04:20:00+00:00,15.260000228881836,15.260000228881836,15.260000228881836,15.260000228881836,5100,0.0,0.0,0.0
2025-05-20 04:25:00+00:00,15.260000228881836,15.260000228881836,15.260000228881836,15.260000228881836,24559,0.0,0.0,0.0
2025-05-20 04:30:00+00:00,15.270000457763672,15.270000457763672,15.270000457763672,15.270000457763672,18210,0.0,0.0,0.0
2025-05-20 04:40:00+00:00,15.260000228881836,15.260000228881836,15.260000228881836,15.260000228881836,64521,0.0,0.0,0.0
2025-05-20 04:50:00+00:00,15.260000228881836,15.260000228881836,15.260000228881836,15.260000228881836,100000,0.0,0.0,0.0
2025-05-20 05:05:00+00:00,15.260000228881836,15.260000228881836,15.260000228881836,15.260000228881836,19100,0.0,0.0,0.0
2025-05-20 05:10:00+00:00,15.260000228881836,15.260000228881836,15.260000228881836,15.260000228881836,2297,0.0,0.0,0.0
2025-05-20 05:15:00+00:00,15.260000228881836,15.260000228881836,15.260000228881836,15.260000228881836,1000,0.0,0.0,0.0
2025-05-20 05:20:00+00:00,15.260000228881836,15.270000457763672,15.260000228881836,15.260000228881836,36042,0.0,0.0,0.0
2025-05-21 01:00:00+00:00,15.260000228881836,15.300000190734863,15.260000228881836,15.300000190734863,0,0.0,0.0,0.0
2025-05-21 01:05:00+00:00,15.3100004196167,15.3100004196167,15.289999961853027,15.289999961853027,9110,0.0,0.0,0.0
2025-05-21 01:15:00+00:00,15.289999961853027,15.289999961853027,15.289999961853027,15.289999961853027,1650,0.0,0.0,0.0
2025-05-21 01:20:00+00:00,15.270000457763672,15.270000457763672,15.270000457763672,15.270000457763672,13075,0.0,0.0,0.0
2025-05-21 01:25:00+00:00,15.279999732971191,15.279999732971191,15.279999732971191,15.279999732971191,1000,0.0,0.0,0.0
2025-05-21 01:30:00+00:00,15.279999732971191,15.279999732971191,15.270000457763672,15.270000457763672,4402,0.0,0.0,0.0
2025-05-21 01:35:00+00:00,15.270000457763672,15.270000457763672,15.270000457763672,15.270000457763672,2270,0.0,0.0,0.0
2025-05-21 01:45:00+00:00,15.270000457763672,15.289999961853027,15.270000457763672,15.270000457763672,82289,0.0,0.0,0.0
2025-05-21 01:50:00+00:00,15.289999961853027,15.289999961853027,15.289999961853027,15.289999961853027,9066,0.0,0.0,0.0
2025-05-21 01:55:00+00:00,15.300000190734863,15.3100004196167,15.300000190734863,15.3100004196167,68528,0.0,0.0,0.0
2025-05-21 02:05:00+00:00,15.279999732971191,15.279999732971191,15.279999732971191,15.279999732971191,1000,0.0,0.0,0.0
2025-05-21 02:10:00+00:00,15.289999961853027,15.3100004196167,15.289999961853027,15.3100004196167,9257,0.0,0.0,0.0
2025-05-21 02:15:00+00:00,15.3100004196167,15.3100004196167,15.3100004196167,15.3100004196167,9305,0.0,0.0,0.0
2025-05-21 02:25:00+00:00,15.3100004196167,15.3100004196167,15.3100004196167,15.3100004196167,1297,0.0,0.0,0.0
2025-05-21 02:30:00+00:00,15.3100004196167,15.3100004196167,15.3100004196167,15.3100004196167,8220,0.0,0.0,0.0
2025-05-21 02:35:00+00:00,15.3100004196167,15.3100004196167,15.3100004196167,15.3100004196167,5027,0.0,0.0,0.0
2025-05-21 02:40:00+00:00,15.319999694824219,15.329999923706055,15.319999694824219,15.329999923706055,34004,0.0,0.0,0.0
2025-05-21 02:45:00+00:00,15.329999923706055,15.329999923706055,15.329999923706055,15.329999923706055,1000,0.0,0.0,0.0
2025-05-21 02:50:00+00:00,15.319999694824219,15.319999694824219,15.319999694824219,15.319999694824219,30000,0.0,0.0,0.0
2025-05-21 02:55:00+00:00,15.319999694824219,15.319999694824219,15.319999694824219,15.319999694824219,1777,0.0,0.0,0.0
2025-05-21 03:00:00+00:00,15.329999923706055,15.350000381469727,15.329999923706055,15.350000381469727,56300,0.0,0.0,0.0
2025-05-21 03:05:00+00:00,15.350000381469727,15.359999656677246,15.350000381469727,15.359999656677246,29000,0.0,0.0,0.0
2025-05-21 03:10:00+00:00,15.359999656677246,15.359999656677246,15.359999656677246,15.359999656677246,3005,0.0,0.0,0.0
2025-05-21 03:15:00+00:00,15.359999656677246,15.359999656677246,15.359999656677246,15.359999656677246,7000,0.0,0.0,0.0
2025-05-21 03:20:00+00:00,15.359999656677246,15.359999656677246,15.359999656677246,15.359999656677246,60150,0.0,0.0,0.0
2025-05-21 03:25:00+00:00,15.350000381469727,15.350000381469727,15.350000381469727,15.350000381469727,1130,0.0,0.0,0.0
2025-05-21 03:35:00+00:00,15.359999656677246,15.359999656677246,15.359999656677246,15.359999656677246,1000,0.0,0.0,0.0
2025-05-21 03:40:00+00:00,15.359999656677246,15.359999656677246,15.359999656677246,15.359999656677246,1325,0.0,0.0,0.0
2025-05-21 03:50:00+00:00,15.350000381469727,15.350000381469727,15.350000381469727,15.350000381469727,8130,0.0,0.0,0.0
2025-05-21 03:55:00+00:00,15.34000015258789,15.350000381469727,15.34000015258789,15.350000381469727,21714,0.0,0.0,0.0
2025-05-21 04:10:00+00:00,15.350000381469727,15.350000381469727,15.350000381469727,15.350000381469727,2000,0.0,0.0,0.0
2025-05-21 04:15:00+00:00,15.350000381469727,15.350000381469727,15.350000381469727,15.350000381469727,43000,0.0,0.0,0.0
2025-05-21 04:20:00+00:00,15.350000381469727,15.359999656677246,15.350000381469727,15.359999656677246,20000,0.0,0.0,0.0
2025-05-21 04:25:00+00:00,15.359999656677246,15.359999656677246,15.350000381469727,15.350000381469727,4800,0.0,0.0,0.0
2025-05-21 04:30:00+00:00,15.359999656677246,15.359999656677246,15.359999656677246,15.359999656677246,64000,0.0,0.0,0.0
2025-05-21 04:35:00+00:00,15.359999656677246,15.369999885559082,15.359999656677246,15.369999885559082,163400,0.0,0.0,0.0
2025-05-21 04:40:00+00:00,15.369999885559082,15.369999885559082,15.359999656677246,15.359999656677246,11020,0.0,0.0,0.0
2025-05-21 04:45:00+00:00,15.359999656677246,15.359999656677246,15.359999656677246,15.359999656677246,1337,0.0,0.0,0.0
2025-05-21 04:50:00+00:00,15.359999656677246,15.359999656677246,15.359999656677246,15.359999656677246,1500,0.0,0.0,0.0
2025-05-21 04:55:00+00:00,15.359999656677246,15.359999656677246,15.359999656677246,15.359999656677246,2063,0.0,0.0,0.0
2025-05-21 05:00:00+00:00,15.359999656677246,15.369999885559082,15.359999656677246,15.369999885559082,127548,0.0,0.0,0.0
2025-05-21 05:05:00+00:00,15.369999885559082,15.369999885559082,15.369999885559082,15.369999885559082,1200,0.0,0.0,0.0
2025-05-21 05:10:00+00:00,15.369999885559082,15.369999885559082,15.369999885559082,15.369999885559082,2010,0.0,0.0,0.0
2025-05-21 05:15:00+00:00,15.369999885559082,15.380000114440918,15.369999885559082,15.380000114440918,69006,0.0,0.0,0.0
2025-05-21 05:20:00+00:00,15.380000114440918,15.390000343322754,15.380000114440918,15.390000343322754,15577,0.0,0.0,0.0
2025-05-22 01:00:00+00:00,15.239999771118164,15.289999961853027,15.239999771118164,15.289999961853027,0,0.0,0.0,0.0
2025-05-22 01:05:00+00:00,15.289999961853027,15.300000190734863,15.289999961853027,15.300000190734863,19746,0.0,0.0,0.0
2025-05-22 01:10:00+00:00,15.3100004196167,15.3100004196167,15.300000190734863,15.3100004196167,73000,0.0,0.0,0.0
2025-05-22 01:15:00+00:00,15.300000190734863,15.300000190734863,15.25,15.25,133200,0.0,0.0,0.0
2025-05-22 01:20:00+00:00,15.25,15.279999732971191,15.25,15.279999732971191,6000,0.0,0.0,0.0
2025-05-22 01:25:00+00:00,15.300000190734863,15.300000190734863,15.300000190734863,15.300000190734863,7290,0.0,0.0,0.0
2025-05-22 01:30:00+00:00,15.300000190734863,15.300000190734863,15.300000190734863,15.300000190734863,5250,0.0,0.0,0.0
2025-05-22 01:40:00+00:00,15.300000190734863,15.300000190734863,15.300000190734863,15.300000190734863,4000,0.0,0.0,0.0
2025-05-22 01:45:00+00:00,15.3100004196167,15.3100004196167,15.300000190734863,15.300000190734863,146670,0.0,0.0,0.0
2025-05-22 01:50:00+00:00,15.289999961853027,15.300000190734863,15.289999961853027,15.300000190734863,5486,0.0,0.0,0.0
2025-05-22 01:55:00+00:00,15.25,15.25,15.25,15.25,13430,0.0,0.0,0.0
2025-05-22 02:00:00+00:00,15.25,15.25,15.25,15.25,6333,0.0,0.0,0.0
2025-05-22 02:05:00+00:00,15.25,15.270000457763672,15.25,15.270000457763672,32280,0.0,0.0,0.0
2025-05-22 02:10:00+00:00,15.270000457763672,15.270000457763672,15.270000457763672,15.270000457763672,6010,0.0,0.0,0.0
2025-05-22 02:20:00+00:00,15.300000190734863,15.300000190734863,15.300000190734863,15.300000190734863,2000,0.0,0.0,0.0
2025-05-22 02:25:00+00:00,15.300000190734863,15.3100004196167,15.300000190734863,15.3100004196167,25800,0.0,0.0,0.0
2025-05-22 02:30:00+00:00,15.3100004196167,15.3100004196167,15.3100004196167,15.3100004196167,7115,0.0,0.0,0.0
2025-05-22 02:35:00+00:00,15.3100004196167,15.319999694824219,15.3100004196167,15.319999694824219,13000,0.0,0.0,0.0
2025-05-22 02:40:00+00:00,15.319999694824219,15.329999923706055,15.319999694824219,15.329999923706055,8009,0.0,0.0,0.0
2025-05-22 02:45:00+00:00,15.329999923706055,15.329999923706055,15.329999923706055,15.329999923706055,5641,0.0,0.0,0.0
2025-05-22 02:50:00+00:00,15.319999694824219,15.319999694824219,15.319999694824219,15.319999694824219,2100,0.0,0.0,0.0
2025-05-22 02:55:00+00:00,15.3100004196167,15.3100004196167,15.3100004196167,15.3100004196167,1000,0.0,0.0,0.0
2025-05-22 03:00:00+00:00,15.3100004196167,15.3100004196167,15.3100004196167,15.3100004196167,4209,0.0,0.0,0.0
2025-05-22 03:05:00+00:00,15.3100004196167,15.3100004196167,15.3100004196167,15.3100004196167,7000,0.0,0.0,0.0
2025-05-22 03:10:00+00:00,15.3100004196167,15.319999694824219,15.3100004196167,15.319999694824219,63000,0.0,0.0,0.0
2025-05-22 03:15:00+00:00,15.329999923706055,15.34000015258789,15.329999923706055,15.34000015258789,31461,0.0,0.0,0.0
2025-05-22 03:20:00+00:00,15.350000381469727,15.350000381469727,15.350000381469727,15.350000381469727,9191,0.0,0.0,0.0
2025-05-22 03:25:00+00:00,15.359999656677246,15.359999656677246,15.359999656677246,15.359999656677246,11107,0.0,0.0,0.0
2025-05-22 03:30:00+00:00,15.359999656677246,15.359999656677246,15.359999656677246,15.359999656677246,5000,0.0,0.0,0.0
2025-05-22 03:35:00+00:00,15.359999656677246,15.380000114440918,15.359999656677246,15.380000114440918,30237,0.0,0.0,0.0
2025-05-22 03:40:00+00:00,15.380000114440918,15.380000114440918,15.380000114440918,15.380000114440918,5000,0.0,0.0,0.0
2025-05-22 03:45:00+00:00,15.369999885559082,15.369999885559082,15.369999885559082,15.369999885559082,8107,0.0,0.0,0.0
2025-05-22 03:55:00+00:00,15.369999885559082,15.390000343322754,15.369999885559082,15.390000343322754,21383,0.0,0.0,0.0
2025-05-22 04:05:00+00:00,15.380000114440918,15.380000114440918,15.380000114440918,15.380000114440918,100013,0.0,0.0,0.0
2025-05-22 04:10:00+00:00,15.359999656677246,15.359999656677246,15.359999656677246,15.359999656677246,2100,0.0,0.0,0.0
2025-05-22 04:20:00+00:00,15.369999885559082,15.380000114440918,15.369999885559082,15.380000114440918,35000,0.0,0.0,0.0
2025-05-22 04:25:00+00:00,15.380000114440918,15.380000114440918,15.380000114440918,15.380000114440918,1000,0.0,0.0,0.0
2025-05-22 04:40:00+00:00,15.369999885559082,15.380000114440918,15.369999885559082,15.380000114440918,5148,0.0,0.0,0.0
2025-05-22 04:45:00+00:00,15.380000114440918,15.380000114440918,15.380000114440918,15.380000114440918,3171,0.0,0.0,0.0
2025-05-22 05:00:00+00:00,15.359999656677246,15.359999656677246,15.359999656677246,15.359999656677246,10776,0.0,0.0,0.0
2025-05-22 05:05:00+00:00,15.359999656677246,15.359999656677246,15.359999656677246,15.359999656677246,1160,0.0,0.0,0.0
2025-05-22 05:15:00+00:00,15.369999885559082,15.369999885559082,15.369999885559082,15.369999885559082,22138,0.0,0.0,0.0
2025-05-22 05:20:00+00:00,15.380000114440918,15.380000114440918,15.369999885559082,15.369999885559082,4781,0.0,0.0,0.0
2025-05-23 01:00:00+00:00,15.390000343322754,15.420000076293945,15.390000343322754,15.40999984741211,0,0.0,0.0,0.0
2025-05-23 01:05:00+00:00,15.399999618530273,15.399999618530273,15.399999618530273,15.399999618530273,14087,0.0,0.0,0.0
2025-05-23 01:10:00+00:00,15.40999984741211,15.420000076293945,15.40999984741211,15.40999984741211,22740,0.0,0.0,0.0
2025-05-23 01:15:00+00:00,15.399999618530273,15.399999618530273,15.390000343322754,15.399999618530273,10000,0.0,0.0,0.0
2025-05-23 01:20:00+00:00,15.399999618530273,15.399999618530273,15.390000343322754,15.390000343322754,48877,0.0,0.0,0.0
2025-05-23 01:25:00+00:00,15.380000114440918,15.380000114440918,15.380000114440918,15.380000114440918,10710,0.0,0.0,0.0
2025-05-23 01:30:00+00:00,15.390000343322754,15.390000343322754,15.380000114440918,15.380000114440918,21210,0.0,0.0,0.0
2025-05-23 01:35:00+00:00,15.380000114440918,15.380000114440918,15.369999885559082,15.380000114440918,20739,0.0,0.0,0.0
2025-05-23 01:40:00+00:00,15.380000114440918,15.380000114440918,15.380000114440918,15.380000114440918,1015,0.0,0.0,0.0
2025-05-23 01:45:00+00:00,15.390000343322754,15.399999618530273,15.390000343322754,15.399999618530273,32356,0.0,0.0,0.0
2025-05-23 01:50:00+00:00,15.399999618530273,15.399999618530273,15.399999618530273,15.399999618530273,100045,0.0,0.0,0.0
2025-05-23 01:55:00+00:00,15.369999885559082,15.369999885559082,15.369999885559082,15.369999885559082,106086,0.0,0.0,0.0
2025-05-23 02:00:00+00:00,15.399999618530273,15.399999618530273,15.399999618530273,15.399999618530273,2112,0.0,0.0,0.0
2025-05-23 02:10:00+00:00,15.369999885559082,15.390000343322754,15.369999885559082,15.390000343322754,5350,0.0,0.0,0.0
2025-05-23 02:15:00+00:00,15.399999618530273,15.399999618530273,15.399999618530273,15.399999618530273,107193,0.0,0.0,0.0
2025-05-23 02:20:00+00:00,15.390000343322754,15.390000343322754,15.390000343322754,15.390000343322754,1126,0.0,0.0,0.0
2025-05-23 02:25:00+00:00,15.380000114440918,15.390000343322754,15.380000114440918,15.390000343322754,3000,0.0,0.0,0.0
2025-05-23 02:30:00+00:00,15.390000343322754,15.390000343322754,15.380000114440918,15.380000114440918,5518,0.0,0.0,0.0
2025-05-23 02:35:00+00:00,15.369999885559082,15.369999885559082,15.359999656677246,15.359999656677246,53160,0.0,0.0,0.0
2025-05-23 02:40:00+00:00,15.369999885559082,15.369999885559082,15.369999885559082,15.369999885559082,4000,0.0,0.0,0.0
2025-05-23 02:45:00+00:00,15.390000343322754,15.390000343322754,15.390000343322754,15.390000343322754,2140,0.0,0.0,0.0
2025-05-23 02:50:00+00:00,15.390000343322754,15.390000343322754,15.390000343322754,15.390000343322754,5063,0.0,0.0,0.0
2025-05-23 03:00:00+00:00,15.390000343322754,15.390000343322754,15.380000114440918,15.380000114440918,8110,0.0,0.0,0.0
2025-05-23 03:05:00+00:00,15.380000114440918,15.380000114440918,15.380000114440918,15.380000114440918,2000,0.0,0.0,0.0
2025-05-23 03:15:00+00:00,15.380000114440918,15.380000114440918,15.380000114440918,15.380000114440918,29311,0.0,0.0,0.0
2025-05-23 03:20:00+00:00,15.390000343322754,15.390000343322754,15.390000343322754,15.390000343322754,46601,0.0,0.0,0.0
2025-05-23 03:30:00+00:00,15.390000343322754,15.390000343322754,15.390000343322754,15.390000343322754,5614,0.0,0.0,0.0
2025-05-23 03:40:00+00:00,15.380000114440918,15.380000114440918,15.380000114440918,15.380000114440918,5081,0.0,0.0,0.0
2025-05-23 03:45:00+00:00,15.380000114440918,15.390000343322754,15.369999885559082,15.369999885559082,18140,0.0,0.0,0.0
2025-05-23 03:50:00+00:00,15.359999656677246,15.359999656677246,15.359999656677246,15.359999656677246,3080,0.0,0.0,0.0
2025-05-23 04:05:00+00:00,15.359999656677246,15.359999656677246,15.350000381469727,15.359999656677246,29263,0.0,0.0,0.0
2025-05-23 04:10:00+00:00,15.369999885559082,15.369999885559082,15.369999885559082,15.369999885559082,20166,0.0,0.0,0.0
2025-05-23 04:20:00+00:00,15.359999656677246,15.359999656677246,15.350000381469727,15.350000381469727,116250,0.0,0.0,0.0
2025-05-23 04:25:00+00:00,15.359999656677246,15.359999656677246,15.350000381469727,15.350000381469727,8281,0.0,0.0,0.0
2025-05-23 04:30:00+00:00,15.34000015258789,15.350000381469727,15.34000015258789,15.350000381469727,19573,0.0,0.0,0.0
2025-05-23 04:45:00+00:00,15.350000381469727,15.350000381469727,15.350000381469727,15.350000381469727,1300,0.0,0.0,0.0
2025-05-23 04:50:00+00:00,15.350000381469727,15.350000381469727,15.350000381469727,15.350000381469727,1700,0.0,0.0,0.0
2025-05-23 04:55:00+00:00,15.34000015258789,15.34000015258789,15.34000015258789,15.34000015258789,23100,0.0,0.0,0.0
2025-05-23 05:00:00+00:00,15.34000015258789,15.350000381469727,15.34000015258789,15.350000381469727,21053,0.0,0.0,0.0
2025-05-23 05:05:00+00:00,15.350000381469727,15.350000381469727,15.34000015258789,15.34000015258789,3000,0.0,0.0,0.0
2025-05-23 05:10:00+00:00,15.34000015258789,15.34000015258789,15.329999923706055,15.329999923706055,2954,0.0,0.0,0.0
2025-05-23 05:20:00+00:00,15.329999923706055,15.34000015258789,15.329999923706055,15.34000015258789,5056,0.0,0.0,0.0
2025-05-26 01:00:00+00:00,15.350000381469727,15.350000381469727,15.34000015258789,15.34000015258789,0,0.0,0.0,0.0
2025-05-26 01:05:00+00:00,15.329999923706055,15.350000381469727,15.329999923706055,15.329999923706055,18387,0.0,0.0,0.0
2025-05-26 01:10:00+00:00,15.34000015258789,15.359999656677246,15.34000015258789,15.359999656677246,201017,0.0,0.0,0.0
2025-05-26 01:15:00+00:00,15.359999656677246,15.359999656677246,15.359999656677246,15.359999656677246,1079,0.0,0.0,0.0
2025-05-26 01:20:00+00:00,15.34000015258789,15.34000015258789,15.34000015258789,15.34000015258789,102130,0.0,0.0,0.0
2025-05-26 01:25:00+00:00,15.329999923706055,15.329999923706055,15.319999694824219,15.319999694824219,6029,0.0,0.0,0.0
2025-05-26 01:30:00+00:00,15.300000190734863,15.300000190734863,15.300000190734863,15.300000190734863,35100,0.0,0.0,0.0
2025-05-26 01:35:00+00:00,15.300000190734863,15.300000190734863,15.300000190734863,15.300000190734863,20100,0.0,0.0,0.0
2025-05-26 01:40:00+00:00,15.319999694824219,15.329999923706055,15.319999694824219,15.319999694824219,181068,0.0,0.0,0.0
2025-05-26 01:45:00+00:00,15.329999923706055,15.329999923706055,15.329999923706055,15.329999923706055,11268,0.0,0.0,0.0
2025-05-26 01:50:00+00:00,15.329999923706055,15.329999923706055,15.319999694824219,15.319999694824219,6000,0.0,0.0,0.0
2025-05-26 01:55:00+00:00,15.3100004196167,15.329999923706055,15.3100004196167,15.329999923706055,47230,0.0,0.0,0.0
2025-05-26 02:00:00+00:00,15.34000015258789,15.34000015258789,15.329999923706055,15.34000015258789,12110,0.0,0.0,0.0
2025-05-26 02:05:00+00:00,15.34000015258789,15.34000015258789,15.34000015258789,15.34000015258789,7118,0.0,0.0,0.0
2025-05-26 02:10:00+00:00,15.34000015258789,15.34000015258789,15.34000015258789,15.34000015258789,1000,0.0,0.0,0.0
2025-05-26 02:15:00+00:00,15.34000015258789,15.34000015258789,15.329999923706055,15.34000015258789,25052,0.0,0.0,0.0
2025-05-26 02:20:00+00:00,15.34000015258789,15.34000015258789,15.319999694824219,15.319999694824219,4000,0.0,0.0,0.0
2025-05-26 02:25:00+00:00,15.300000190734863,15.300000190734863,15.300000190734863,15.300000190734863,3030,0.0,0.0,0.0
2025-05-26 02:30:00+00:00,15.3100004196167,15.319999694824219,15.3100004196167,15.3100004196167,8178,0.0,0.0,0.0
2025-05-26 02:35:00+00:00,15.3100004196167,15.3100004196167,15.300000190734863,15.3100004196167,7085,0.0,0.0,0.0
2025-05-26 02:40:00+00:00,15.3100004196167,15.3100004196167,15.3100004196167,15.3100004196167,2100,0.0,0.0,0.0
2025-05-26 02:45:00+00:00,15.3100004196167,15.3100004196167,15.3100004196167,15.3100004196167,12588,0.0,0.0,0.0
2025-05-26 02:50:00+00:00,15.3100004196167,15.3100004196167,15.3100004196167,15.3100004196167,10117,0.0,0.0,0.0
2025-05-26 02:55:00+00:00,15.300000190734863,15.3100004196167,15.300000190734863,15.3100004196167,20300,0.0,0.0,0.0
2025-05-26 03:00:00+00:00,15.3100004196167,15.329999923706055,15.3100004196167,15.329999923706055,10500,0.0,0.0,0.0
2025-05-26 03:05:00+00:00,15.34000015258789,15.34000015258789,15.34000015258789,15.34000015258789,1398,0.0,0.0,0.0
2025-05-26 03:15:00+00:00,15.329999923706055,15.329999923706055,15.329999923706055,15.329999923706055,1029,0.0,0.0,0.0
2025-05-26 03:20:00+00:00,15.329999923706055,15.329999923706055,15.329999923706055,15.329999923706055,2030,0.0,0.0,0.0
2025-05-26 03:25:00+00:00,15.319999694824219,15.319999694824219,15.319999694824219,15.319999694824219,12207,0.0,0.0,0.0
2025-05-26 03:40:00+00:00,15.319999694824219,15.319999694824219,15.300000190734863,15.300000190734863,12341,0.0,0.0,0.0
2025-05-26 03:45:00+00:00,15.300000190734863,15.300000190734863,15.300000190734863,15.300000190734863,2529,0.0,0.0,0.0
2025-05-26 03:50:00+00:00,15.3100004196167,15.3100004196167,15.3100004196167,15.3100004196167,1000,0.0,0.0,0.0
2025-05-26 03:55:00+00:00,15.3100004196167,15.3100004196167,15.3100004196167,15.3100004196167,1054,0.0,0.0,0.0
2025-05-26 04:05:00+00:00,15.319999694824219,15.319999694824219,15.319999694824219,15.319999694824219,4018,0.0,0.0,0.0
2025-05-26 04:10:00+00:00,15.319999694824219,15.319999694824219,15.3100004196167,15.3100004196167,6105,0.0,0.0,0.0
2025-05-26 04:15:00+00:00,15.3100004196167,15.3100004196167,15.300000190734863,15.300000190734863,5010,0.0,0.0,0.0
2025-05-26 04:20:00+00:00,15.300000190734863,15.319999694824219,15.300000190734863,15.319999694824219,11198,0.0,0.0,0.0
2025-05-26 04:25:00+00:00,15.319999694824219,15.319999694824219,15.319999694824219,15.319999694824219,65000,0.0,0.0,0.0
2025-05-26 04:30:00+00:00,15.329999923706055,15.329999923706055,15.319999694824219,15.329999923706055,28945,0.0,0.0,0.0
2025-05-26 04:35:00+00:00,15.329999923706055,15.329999923706055,15.329999923706055,15.329999923706055,7029,0.0,0.0,0.0
2025-05-26 04:40:00+00:00,15.329999923706055,15.329999923706055,15.319999694824219,15.319999694824219,21362,0.0,0.0,0.0
2025-05-26 04:45:00+00:00,15.329999923706055,15.329999923706055,15.319999694824219,15.319999694824219,62063,0.0,0.0,0.0
2025-05-26 04:55:00+00:00,15.3100004196167,15.3100004196167,15.3100004196167,15.3100004196167,251425,0.0,0.0,0.0
2025-05-26 05:00:00+00:00,15.3100004196167,15.3100004196167,15.3100004196167,15.3100004196167,2000,0.0,0.0,0.0
2025-05-26 05:05:00+00:00,15.3100004196167,15.3100004196167,15.3100004196167,15.3100004196167,152000,0.0,0.0,0.0
2025-05-26 05:10:00+00:00,15.300000190734863,15.300000190734863,15.300000190734863,15.300000190734863,68076,0.0,0.0,0.0
2025-05-26 05:15:00+00:00,15.300000190734863,15.300000190734863,15.289999961853027,15.289999961853027,16102,0.0,0.0,0.0
2025-05-26 05:20:00+00:00,15.289999961853027,15.289999961853027,15.279999732971191,15.279999732971191,114071,0.0,0.0,0.0
2025-05-27 01:00:00+00:00,15.279999732971191,15.279999732971191,15.260000228881836,15.260000228881836,0,0.0,0.0,0.0
2025-05-27 01:05:00+00:00,15.260000228881836,15.260000228881836,15.260000228881836,15.260000228881836,50915,0.0,0.0,0.0
2025-05-27 01:10:00+00:00,15.25,15.25,15.25,15.25,6490,0.0,0.0,0.0
2025-05-27 01:15:00+00:00,15.220000267028809,15.220000267028809,15.199999809265137,15.199999809265137,3641,0.0,0.0,0.0
2025-05-27 01:20:00+00:00,15.210000038146973,15.210000038146973,15.210000038146973,15.210000038146973,2430,0.0,0.0,0.0
2025-05-27 01:25:00+00:00,15.229999542236328,15.229999542236328,15.229999542236328,15.229999542236328,79000,0.0,0.0,0.0
2025-05-27 01:30:00+00:00,15.25,15.25,15.25,15.25,5116,0.0,0.0,0.0
2025-05-27 01:35:00+00:00,15.229999542236328,15.229999542236328,15.229999542236328,15.229999542236328,7500,0.0,0.0,0.0
2025-05-27 01:40:00+00:00,15.229999542236328,15.229999542236328,15.229999542236328,15.229999542236328,20195,0.0,0.0,0.0
2025-05-27 01:45:00+00:00,15.229999542236328,15.229999542236328,15.229999542236328,15.229999542236328,54070,0.0,0.0,0.0
2025-05-27 01:50:00+00:00,15.220000267028809,15.220000267028809,15.199999809265137,15.199999809265137,23100,0.0,0.0,0.0
2025-05-27 01:55:00+00:00,15.1899995803833,15.1899995803833,15.15999984741211,15.15999984741211,21949,0.0,0.0,0.0
2025-05-27 02:00:00+00:00,15.15999984741211,15.15999984741211,15.15999984741211,15.15999984741211,20010,0.0,0.0,0.0
2025-05-27 02:05:00+00:00,15.149999618530273,15.149999618530273,15.149999618530273,15.149999618530273,10145,0.0,0.0,0.0
2025-05-27 02:10:00+00:00,15.149999618530273,15.149999618530273,15.140000343322754,15.140000343322754,5978,0.0,0.0,0.0
2025-05-27 02:15:00+00:00,15.149999618530273,15.15999984741211,15.149999618530273,15.15999984741211,69010,0.0,0.0,0.0
2025-05-27 02:25:00+00:00,15.15999984741211,15.180000305175781,15.15999984741211,15.180000305175781,17180,0.0,0.0,0.0
2025-05-27 02:30:00+00:00,15.199999809265137,15.220000267028809,15.199999809265137,15.220000267028809,28053,0.0,0.0,0.0
2025-05-27 02:35:00+00:00,15.220000267028809,15.220000267028809,15.220000267028809,15.220000267028809,3000,0.0,0.0,0.0
2025-05-27 02:40:00+00:00,15.229999542236328,15.229999542236328,15.210000038146973,15.220000267028809,81396,0.0,0.0,0.0
2025-05-27 03:00:00+00:00,15.199999809265137,15.199999809265137,15.199999809265137,15.199999809265137,3355,0.0,0.0,0.0
2025-05-27 03:10:00+00:00,15.1899995803833,15.1899995803833,15.1899995803833,15.1899995803833,2003,0.0,0.0,0.0
2025-05-27 03:15:00+00:00,15.180000305175781,15.180000305175781,15.180000305175781,15.180000305175781,2000,0.0,0.0,0.0
2025-05-27 03:25:00+00:00,15.180000305175781,15.180000305175781,15.180000305175781,15.180000305175781,3109,0.0,0.0,0.0
2025-05-27 03:35:00+00:00,15.170000076293945,15.180000305175781,15.170000076293945,15.180000305175781,80220,0.0,0.0,0.0
2025-05-27 03:50:00+00:00,15.170000076293945,15.170000076293945,15.15999984741211,15.15999984741211,113295,0.0,0.0,0.0
2025-05-27 03:55:00+00:00,15.149999618530273,15.149999618530273,15.140000343322754,15.140000343322754,49179,0.0,0.0,0.0
2025-05-27 04:10:00+00:00,15.140000343322754,15.140000343322754,15.140000343322754,15.140000343322754,2010,0.0,0.0,0.0
2025-05-27 04:20:00+00:00,15.140000343322754,15.140000343322754,15.140000343322754,15.140000343322754,96179,0.0,0.0,0.0
2025-05-27 04:25:00+00:00,15.140000343322754,15.140000343322754,15.140000343322754,15.140000343322754,2281,0.0,0.0,0.0
2025-05-27 04:35:00+00:00,15.149999618530273,15.149999618530273,15.149999618530273,15.149999618530273,3022,0.0,0.0,0.0
2025-05-27 04:40:00+00:00,15.15999984741211,15.15999984741211,15.15999984741211,15.15999984741211,2108,0.0,0.0,0.0
2025-05-27 04:45:00+00:00,15.15999984741211,15.15999984741211,15.15999984741211,15.15999984741211,10050,0.0,0.0,0.0
2025-05-27 04:50:00+00:00,15.149999618530273,15.149999618530273,15.149999618530273,15.149999618530273,1051,0.0,0.0,0.0
2025-05-27 04:55:00+00:00,15.149999618530273,15.15999984741211,15.149999618530273,15.15999984741211,111000,0.0,0.0,0.0
2025-05-27 05:00:00+00:00,15.149999618530273,15.149999618530273,15.149999618530273,15.149999618530273,1533,0.0,0.0,0.0
2025-05-27 05:05:00+00:00,15.149999618530273,15.149999618530273,15.149999618530273,15.149999618530273,3043,0.0,0.0,0.0
2025-05-27 05:10:00+00:00,15.149999618530273,15.149999618530273,15.149999618530273,15.149999618530273,50100,0.0,0.0,0.0
2025-05-27 05:15:00+00:00,15.15999984741211,15.15999984741211,15.149999618530273,15.149999618530273,52038,0.0,0.0,0.0
2025-05-27 05:20:00+00:00,15.140000343322754,15.140000343322754,15.140000343322754,15.140000343322754,2362,0.0,0.0,0.0
2025-05-28 01:00:00+00:00,15.199999809265137,15.210000038146973,15.199999809265137,15.210000038146973,0,0.0,0.0,0.0
2025-05-28 01:05:00+00:00,15.199999809265137,15.199999809265137,15.180000305175781,15.180000305175781,6807,0.0,0.0,0.0
2025-05-28 01:10:00+00:00,15.1899995803833,15.1899995803833,15.1899995803833,15.1899995803833,1100,0.0,0.0,0.0
2025-05-28 01:15:00+00:00,15.180000305175781,15.180000305175781,15.170000076293945,15.170000076293945,3060,0.0,0.0,0.0
2025-05-28 01:20:00+00:00,15.180000305175781,15.180000305175781,15.180000305175781,15.180000305175781,2103,0.0,0.0,0.0
2025-05-28 01:25:00+00:00,15.180000305175781,15.180000305175781,15.180000305175781,15.180000305175781,1778,0.0,0.0,0.0
2025-05-28 01:30:00+00:00,15.170000076293945,15.170000076293945,15.15999984741211,15.15999984741211,8526,0.0,0.0,0.0
2025-05-28 01:35:00+00:00,15.15999984741211,15.15999984741211,15.15999984741211,15.15999984741211,1000,0.0,0.0,0.0
2025-05-28 01:40:00+00:00,15.15999984741211,15.15999984741211,15.15999984741211,15.15999984741211,2340,0.0,0.0,0.0
2025-05-28 01:45:00+00:00,15.170000076293945,15.170000076293945,15.170000076293945,15.170000076293945,1150,0.0,0.0,0.0
2025-05-28 01:50:00+00:00,15.170000076293945,15.170000076293945,15.15999984741211,15.15999984741211,16000,0.0,0.0,0.0
2025-05-28 01:55:00+00:00,15.149999618530273,15.149999618530273,15.149999618530273,15.149999618530273,11000,0.0,0.0,0.0
2025-05-28 02:00:00+00:00,15.149999618530273,15.149999618530273,15.149999618530273,15.149999618530273,15000,0.0,0.0,0.0
2025-05-28 02:05:00+00:00,15.140000343322754,15.140000343322754,15.140000343322754,15.140000343322754,11220,0.0,0.0,0.0
2025-05-28 02:10:00+00:00,15.140000343322754,15.140000343322754,15.140000343322754,15.140000343322754,2510,0.0,0.0,0.0
2025-05-28 02:15:00+00:00,15.140000343322754,15.140000343322754,15.140000343322754,15.140000343322754,10738,0.0,0.0,0.0
2025-05-28 02:20:00+00:00,15.140000343322754,15.140000343322754,15.140000343322754,15.140000343322754,1558,0.0,0.0,0.0
2025-05-28 02:40:00+00:00,15.130000114440918,15.130000114440918,15.119999885559082,15.119999885559082,8100,0.0,0.0,0.0
2025-05-28 02:45:00+00:00,15.119999885559082,15.130000114440918,15.119999885559082,15.130000114440918,4761,0.0,0.0,0.0
2025-05-28 03:05:00+00:00,15.119999885559082,15.119999885559082,15.119999885559082,15.119999885559082,2000,0.0,0.0,0.0
2025-05-28 03:10:00+00:00,15.119999885559082,15.130000114440918,15.119999885559082,15.119999885559082,17170,0.0,0.0,0.0
2025-05-28 03:15:00+00:00,15.119999885559082,15.119999885559082,15.119999885559082,15.119999885559082,2664,0.0,0.0,0.0
2025-05-28 03:20:00+00:00,15.119999885559082,15.119999885559082,15.119999885559082,15.119999885559082,3000,0.0,0.0,0.0
2025-05-28 03:25:00+00:00,15.119999885559082,15.119999885559082,15.119999885559082,15.119999885559082,5732,0.0,0.0,0.0
2025-05-28 03:30:00+00:00,15.109999656677246,15.109999656677246,15.109999656677246,15.109999656677246,22100,0.0,0.0,0.0
2025-05-28 03:35:00+00:00,15.109999656677246,15.109999656677246,15.100000381469727,15.100000381469727,9000,0.0,0.0,0.0
2025-05-28 03:40:00+00:00,15.100000381469727,15.100000381469727,15.100000381469727,15.100000381469727,27520,0.0,0.0,0.0
2025-05-28 03:45:00+00:00,15.100000381469727,15.100000381469727,15.069999694824219,15.069999694824219,15798,0.0,0.0,0.0
2025-05-28 03:55:00+00:00,15.069999694824219,15.069999694824219,15.0600004196167,15.0600004196167,2007,0.0,0.0,0.0
2025-05-28 04:00:00+00:00,15.0600004196167,15.0600004196167,15.0600004196167,15.0600004196167,2061,0.0,0.0,0.0
2025-05-28 04:05:00+00:00,15.0600004196167,15.0600004196167,15.0600004196167,15.0600004196167,7426,0.0,0.0,0.0
2025-05-28 04:10:00+00:00,15.0600004196167,15.0600004196167,15.0600004196167,15.0600004196167,2030,0.0,0.0,0.0
2025-05-28 04:15:00+00:00,15.050000190734863,15.050000190734863,15.039999961853027,15.039999961853027,12141,0.0,0.0,0.0
2025-05-28 04:20:00+00:00,15.039999961853027,15.039999961853027,15.029999732971191,15.029999732971191,7104,0.0,0.0,0.0
2025-05-28 04:25:00+00:00,15.029999732971191,15.029999732971191,15.020000457763672,15.020000457763672,7372,0.0,0.0,0.0
2025-05-28 04:30:00+00:00,15.020000457763672,15.020000457763672,15.010000228881836,15.010000228881836,17533,0.0,0.0,0.0
2025-05-28 04:35:00+00:00,15.0,15.0,15.0,15.0,28036,0.0,0.0,0.0
2025-05-28 04:40:00+00:00,15.0,15.0,14.979999542236328,14.989999771118164,7878,0.0,0.0,0.0
2025-05-28 04:50:00+00:00,14.989999771118164,14.989999771118164,14.989999771118164,14.989999771118164,15020,0.0,0.0,0.0
2025-05-28 04:55:00+00:00,14.979999542236328,14.989999771118164,14.979999542236328,14.979999542236328,28174,0.0,0.0,0.0
2025-05-28 05:05:00+00:00,15.0,15.029999732971191,15.0,15.029999732971191,24411,0.0,0.0,0.0
2025-05-28 05:15:00+00:00,15.029999732971191,15.029999732971191,15.029999732971191,15.029999732971191,4598,0.0,0.0,0.0
2025-05-28 05:20:00+00:00,15.050000190734863,15.050000190734863,15.020000457763672,15.029999732971191,18004,0.0,0.0,0.0
2025-05-29 01:00:00+00:00,15.069999694824219,15.100000381469727,15.069999694824219,15.100000381469727,0,0.0,0.0,0.0
2025-05-29 01:05:00+00:00,15.100000381469727,15.100000381469727,15.09000015258789,15.09000015258789,5640,0.0,0.0,0.0
2025-05-29 01:10:00+00:00,15.079999923706055,15.079999923706055,15.039999961853027,15.039999961853027,6576,0.0,0.0,0.0
2025-05-29 01:15:00+00:00,15.039999961853027,15.039999961853027,15.039999961853027,15.039999961853027,4020,0.0,0.0,0.0
2025-05-29 01:20:00+00:00,15.029999732971191,15.029999732971191,15.029999732971191,15.029999732971191,206721,0.0,0.0,0.0
2025-05-29 01:25:00+00:00,15.029999732971191,15.039999961853027,15.029999732971191,15.039999961853027,13219,0.0,0.0,0.0
2025-05-29 01:30:00+00:00,15.069999694824219,15.069999694824219,15.0600004196167,15.0600004196167,11741,0.0,0.0,0.0
2025-05-29 01:35:00+00:00,15.0600004196167,15.0600004196167,15.0600004196167,15.0600004196167,5020,0.0,0.0,0.0
2025-05-29 01:40:00+00:00,15.0600004196167,15.0600004196167,15.0600004196167,15.0600004196167,2030,0.0,0.0,0.0
2025-05-29 01:45:00+00:00,15.0600004196167,15.0600004196167,15.029999732971191,15.029999732971191,9166,0.0,0.0,0.0
2025-05-29 01:50:00+00:00,15.020000457763672,15.020000457763672,15.020000457763672,15.020000457763672,6381,0.0,0.0,0.0
2025-05-29 01:55:00+00:00,15.020000457763672,15.020000457763672,15.020000457763672,15.020000457763672,2090,0.0,0.0,0.0
2025-05-29 02:00:00+00:00,15.029999732971191,15.039999961853027,15.020000457763672,15.020000457763672,16337,0.0,0.0,0.0
2025-05-29 02:05:00+00:00,15.010000228881836,15.010000228881836,15.0,15.010000228881836,113170,0.0,0.0,0.0
2025-05-29 02:15:00+00:00,15.029999732971191,15.029999732971191,15.0,15.0,46509,0.0,0.0,0.0
2025-05-29 02:25:00+00:00,15.0,15.0,15.0,15.0,3357,0.0,0.0,0.0
2025-05-29 02:30:00+00:00,15.0,15.0,15.0,15.0,3455,0.0,0.0,0.0
2025-05-29 02:35:00+00:00,15.0,15.0,15.0,15.0,1048,0.0,0.0,0.0
2025-05-29 02:40:00+00:00,15.0,15.0,15.0,15.0,5000,0.0,0.0,0.0
2025-05-29 02:45:00+00:00,15.0,15.0,14.989999771118164,14.989999771118164,22273,0.0,0.0,0.0
2025-05-29 02:50:00+00:00,14.979999542236328,14.979999542236328,14.979999542236328,14.979999542236328,18690,0.0,0.0,0.0
2025-05-29 03:15:00+00:00,15.0,15.0,15.0,15.0,49300,0.0,0.0,0.0
2025-05-29 03:20:00+00:00,15.0,15.0,14.989999771118164,14.989999771118164,10050,0.0,0.0,0.0
2025-05-29 03:25:00+00:00,14.989999771118164,14.989999771118164,14.989999771118164,14.989999771118164,1740,0.0,0.0,0.0
2025-05-29 03:35:00+00:00,14.989999771118164,14.989999771118164,14.989999771118164,14.989999771118164,10820,0.0,0.0,0.0
2025-05-29 03:40:00+00:00,15.0,15.0,15.0,15.0,1664,0.0,0.0,0.0
2025-05-29 03:45:00+00:00,15.0,15.0,14.989999771118164,14.989999771118164,8460,0.0,0.0,0.0
2025-05-29 03:50:00+00:00,14.989999771118164,14.989999771118164,14.989999771118164,14.989999771118164,1150,0.0,0.0,0.0
2025-05-29 04:00:00+00:00,14.989999771118164,14.989999771118164,14.989999771118164,14.989999771118164,1368,0.0,0.0,0.0
2025-05-29 04:15:00+00:00,14.989999771118164,14.989999771118164,14.989999771118164,14.989999771118164,2060,0.0,0.0,0.0
2025-05-29 04:20:00+00:00,15.0,15.0,15.0,15.0,6042,0.0,0.0,0.0
2025-05-29 04:25:00+00:00,14.989999771118164,14.989999771118164,14.989999771118164,14.989999771118164,5000,0.0,0.0,0.0
2025-05-29 04:30:00+00:00,14.989999771118164,14.989999771118164,14.979999542236328,14.979999542236328,12234,0.0,0.0,0.0
2025-05-29 04:35:00+00:00,14.979999542236328,14.989999771118164,14.979999542236328,14.989999771118164,4920,0.0,0.0,0.0
2025-05-29 04:45:00+00:00,14.989999771118164,14.989999771118164,14.989999771118164,14.989999771118164,12300,0.0,0.0,0.0
2025-05-29 04:50:00+00:00,14.989999771118164,14.989999771118164,14.979999542236328,14.989999771118164,10250,0.0,0.0,0.0
2025-05-29 04:55:00+00:00,14.989999771118164,14.989999771118164,14.989999771118164,14.989999771118164,1224,0.0,0.0,0.0
2025-05-29 05:05:00+00:00,14.979999542236328,14.979999542236328,14.970000267028809,14.970000267028809,49046,0.0,0.0,0.0
2025-05-29 05:10:00+00:00,14.970000267028809,14.970000267028809,14.970000267028809,14.970000267028809,10059,0.0,0.0,0.0
2025-05-29 05:20:00+00:00,14.989999771118164,15.0,14.989999771118164,15.0,11448,0.0,0.0,0.0
2025-06-02 01:00:00+00:00,14.880000114440918,14.880000114440918,14.800000190734863,14.819999694824219,0,0.0,0.0,0.0
2025-06-02 01:05:00+00:00,14.84000015258789,14.859999656677246,14.84000015258789,14.859999656677246,16488,0.0,0.0,0.0
2025-06-02 01:10:00+00:00,14.859999656677246,14.859999656677246,14.829999923706055,14.84000015258789,13059,0.0,0.0,0.0
2025-06-02 01:15:00+00:00,14.84000015258789,14.84000015258789,14.84000015258789,14.84000015258789,4401,0.0,0.0,0.0
2025-06-02 01:20:00+00:00,14.84000015258789,14.859999656677246,14.84000015258789,14.859999656677246,122383,0.0,0.0,0.0
2025-06-02 01:25:00+00:00,14.859999656677246,14.869999885559082,14.859999656677246,14.869999885559082,16318,0.0,0.0,0.0
2025-06-02 01:30:00+00:00,14.859999656677246,14.869999885559082,14.850000381469727,14.850000381469727,44100,0.0,0.0,0.0
2025-06-02 01:35:00+00:00,14.850000381469727,14.850000381469727,14.850000381469727,14.850000381469727,18367,0.0,0.0,0.0
2025-06-02 01:40:00+00:00,14.850000381469727,14.859999656677246,14.850000381469727,14.859999656677246,25130,0.0,0.0,0.0
2025-06-02 01:45:00+00:00,14.859999656677246,14.880000114440918,14.859999656677246,14.880000114440918,146764,0.0,0.0,0.0
2025-06-02 01:50:00+00:00,14.869999885559082,14.880000114440918,14.869999885559082,14.880000114440918,106000,0.0,0.0,0.0
2025-06-02 01:55:00+00:00,14.880000114440918,14.899999618530273,14.880000114440918,14.899999618530273,69460,0.0,0.0,0.0
2025-06-02 02:00:00+00:00,14.899999618530273,14.90999984741211,14.899999618530273,14.90999984741211,10046,0.0,0.0,0.0
2025-06-02 02:05:00+00:00,14.90999984741211,14.90999984741211,14.90999984741211,14.90999984741211,8394,0.0,0.0,0.0
2025-06-02 02:10:00+00:00,14.920000076293945,14.9399995803833,14.920000076293945,14.9399995803833,12050,0.0,0.0,0.0
2025-06-02 02:15:00+00:00,14.920000076293945,14.9399995803833,14.920000076293945,14.930000305175781,17000,0.0,0.0,0.0
2025-06-02 02:20:00+00:00,14.920000076293945,14.920000076293945,14.90999984741211,14.90999984741211,9000,0.0,0.0,0.0
2025-06-02 02:25:00+00:00,14.899999618530273,14.899999618530273,14.890000343322754,14.890000343322754,18850,0.0,0.0,0.0
2025-06-02 02:30:00+00:00,14.880000114440918,14.880000114440918,14.880000114440918,14.880000114440918,2006,0.0,0.0,0.0
2025-06-02 02:35:00+00:00,14.869999885559082,14.880000114440918,14.869999885559082,14.880000114440918,19244,0.0,0.0,0.0
2025-06-02 02:40:00+00:00,14.880000114440918,14.880000114440918,14.880000114440918,14.880000114440918,5007,0.0,0.0,0.0
2025-06-02 02:45:00+00:00,14.859999656677246,14.859999656677246,14.859999656677246,14.859999656677246,21013,0.0,0.0,0.0
2025-06-02 02:50:00+00:00,14.850000381469727,14.850000381469727,14.850000381469727,14.850000381469727,208100,0.0,0.0,0.0
2025-06-02 02:55:00+00:00,14.850000381469727,14.850000381469727,14.850000381469727,14.850000381469727,1000,0.0,0.0,0.0
2025-06-02 03:00:00+00:00,14.84000015258789,14.84000015258789,14.829999923706055,14.829999923706055,6000,0.0,0.0,0.0
2025-06-02 03:05:00+00:00,14.84000015258789,14.84000015258789,14.829999923706055,14.829999923706055,9723,0.0,0.0,0.0
2025-06-02 03:10:00+00:00,14.829999923706055,14.829999923706055,14.829999923706055,14.829999923706055,7243,0.0,0.0,0.0
2025-06-02 03:15:00+00:00,14.829999923706055,14.850000381469727,14.829999923706055,14.829999923706055,70360,0.0,0.0,0.0
2025-06-02 03:20:00+00:00,14.829999923706055,14.829999923706055,14.829999923706055,14.829999923706055,11000,0.0,0.0,0.0
2025-06-02 03:25:00+00:00,14.829999923706055,14.829999923706055,14.819999694824219,14.819999694824219,6000,0.0,0.0,0.0
2025-06-02 03:30:00+00:00,14.819999694824219,14.819999694824219,14.819999694824219,14.819999694824219,6106,0.0,0.0,0.0
2025-06-02 03:35:00+00:00,14.819999694824219,14.829999923706055,14.819999694824219,14.829999923706055,16203,0.0,0.0,0.0
2025-06-02 03:40:00+00:00,14.829999923706055,14.829999923706055,14.819999694824219,14.819999694824219,11110,0.0,0.0,0.0
2025-06-02 03:55:00+00:00,14.829999923706055,14.829999923706055,14.829999923706055,14.829999923706055,5020,0.0,0.0,0.0
2025-06-02 04:00:00+00:00,14.829999923706055,14.829999923706055,14.829999923706055,14.829999923706055,1000,0.0,0.0,0.0
2025-06-02 04:05:00+00:00,14.819999694824219,14.819999694824219,14.819999694824219,14.819999694824219,10000,0.0,0.0,0.0
2025-06-02 04:10:00+00:00,14.829999923706055,14.829999923706055,14.829999923706055,14.829999923706055,15194,0.0,0.0,0.0
2025-06-02 04:15:00+00:00,14.84000015258789,14.850000381469727,14.84000015258789,14.850000381469727,7111,0.0,0.0,0.0
2025-06-02 04:20:00+00:00,14.850000381469727,14.850000381469727,14.850000381469727,14.850000381469727,6604,0.0,0.0,0.0
2025-06-02 04:25:00+00:00,14.850000381469727,14.850000381469727,14.850000381469727,14.850000381469727,2168,0.0,0.0,0.0
2025-06-02 04:30:00+00:00,14.850000381469727,14.850000381469727,14.850000381469727,14.850000381469727,5327,0.0,0.0,0.0
2025-06-02 04:35:00+00:00,14.84000015258789,14.84000015258789,14.84000015258789,14.84000015258789,6030,0.0,0.0,0.0
2025-06-02 04:40:00+00:00,14.84000015258789,14.84000015258789,14.84000015258789,14.84000015258789,11000,0.0,0.0,0.0
2025-06-02 04:45:00+00:00,14.850000381469727,14.850000381469727,14.84000015258789,14.850000381469727,5000,0.0,0.0,0.0
2025-06-02 04:50:00+00:00,14.84000015258789,14.84000015258789,14.829999923706055,14.829999923706055,3000,0.0,0.0,0.0
2025-06-02 04:55:00+00:00,14.84000015258789,14.84000015258789,14.84000015258789,14.84000015258789,6000,0.0,0.0,0.0
2025-06-02 05:00:00+00:00,14.850000381469727,14.859999656677246,14.850000381469727,14.859999656677246,11192,0.0,0.0,0.0
2025-06-02 05:05:00+00:00,14.859999656677246,14.859999656677246,14.850000381469727,14.859999656677246,7010,0.0,0.0,0.0
2025-06-02 05:10:00+00:00,14.859999656677246,14.869999885559082,14.859999656677246,14.859999656677246,98126,0.0,0.0,0.0
2025-06-02 05:15:00+00:00,14.859999656677246,14.859999656677246,14.850000381469727,14.850000381469727,30718,0.0,0.0,0.0
2025-06-02 05:20:00+00:00,14.850000381469727,14.859999656677246,14.850000381469727,14.859999656677246,16036,0.0,0.0,0.0
2025-06-03 01:00:00+00:00,14.869999885559082,14.899999618530273,14.859999656677246,14.869999885559082,0,0.0,0.0,0.0
2025-06-03 01:05:00+00:00,14.869999885559082,14.890000343322754,14.869999885559082,14.890000343322754,687000,0.0,0.0,0.0
2025-06-03 01:10:00+00:00,14.890000343322754,14.930000305175781,14.880000114440918,14.930000305175781,724114,0.0,0.0,0.0
2025-06-03 01:15:00+00:00,14.930000305175781,14.930000305175781,14.920000076293945,14.920000076293945,177269,0.0,0.0,0.0
2025-06-03 01:20:00+00:00,14.920000076293945,14.9399995803833,14.920000076293945,14.920000076293945,340440,0.0,0.0,0.0
2025-06-03 01:25:00+00:00,14.930000305175781,14.9399995803833,14.920000076293945,14.9399995803833,167563,0.0,0.0,0.0
2025-06-03 01:30:00+00:00,14.949999809265137,14.960000038146973,14.9399995803833,14.960000038146973,301192,0.0,0.0,0.0
2025-06-03 01:35:00+00:00,14.960000038146973,14.979999542236328,14.960000038146973,14.970000267028809,74963,0.0,0.0,0.0
2025-06-03 01:40:00+00:00,14.970000267028809,14.979999542236328,14.970000267028809,14.970000267028809,81071,0.0,0.0,0.0
2025-06-03 01:45:00+00:00,14.979999542236328,14.979999542236328,14.970000267028809,14.970000267028809,191331,0.0,0.0,0.0
2025-06-03 01:50:00+00:00,14.970000267028809,14.970000267028809,14.970000267028809,14.970000267028809,83040,0.0,0.0,0.0
2025-06-03 01:55:00+00:00,14.960000038146973,14.960000038146973,14.9399995803833,14.9399995803833,203209,0.0,0.0,0.0
2025-06-03 02:00:00+00:00,14.949999809265137,14.949999809265137,14.90999984741211,14.90999984741211,85000,0.0,0.0,0.0
2025-06-03 02:05:00+00:00,14.90999984741211,14.90999984741211,14.880000114440918,14.880000114440918,282184,0.0,0.0,0.0
2025-06-03 02:10:00+00:00,14.880000114440918,14.880000114440918,14.859999656677246,14.869999885559082,236323,0.0,0.0,0.0
2025-06-03 02:15:00+00:00,14.859999656677246,14.859999656677246,14.850000381469727,14.859999656677246,149157,0.0,0.0,0.0
2025-06-03 02:20:00+00:00,14.859999656677246,14.869999885559082,14.859999656677246,14.869999885559082,75020,0.0,0.0,0.0
2025-06-03 02:25:00+00:00,14.869999885559082,14.880000114440918,14.869999885559082,14.869999885559082,20644,0.0,0.0,0.0
2025-06-03 02:30:00+00:00,14.880000114440918,14.880000114440918,14.869999885559082,14.880000114440918,91035,0.0,0.0,0.0
2025-06-03 02:35:00+00:00,14.890000343322754,14.890000343322754,14.859999656677246,14.859999656677246,211045,0.0,0.0,0.0
2025-06-03 02:40:00+00:00,14.859999656677246,14.859999656677246,14.859999656677246,14.859999656677246,52686,0.0,0.0,0.0
2025-06-03 02:45:00+00:00,14.869999885559082,14.869999885559082,14.859999656677246,14.869999885559082,104937,0.0,0.0,0.0
2025-06-03 02:50:00+00:00,14.880000114440918,14.880000114440918,14.869999885559082,14.869999885559082,27109,0.0,0.0,0.0
2025-06-03 02:55:00+00:00,14.869999885559082,14.869999885559082,14.869999885559082,14.869999885559082,42000,0.0,0.0,0.0
2025-06-03 03:00:00+00:00,14.880000114440918,14.880000114440918,14.880000114440918,14.880000114440918,2999,0.0,0.0,0.0
2025-06-03 03:10:00+00:00,14.859999656677246,14.869999885559082,14.859999656677246,14.869999885559082,41179,0.0,0.0,0.0
2025-06-03 03:15:00+00:00,14.880000114440918,14.880000114440918,14.869999885559082,14.880000114440918,78000,0.0,0.0,0.0
2025-06-03 03:20:00+00:00,14.869999885559082,14.880000114440918,14.869999885559082,14.880000114440918,12138,0.0,0.0,0.0
2025-06-03 03:25:00+00:00,14.880000114440918,14.880000114440918,14.880000114440918,14.880000114440918,47000,0.0,0.0,0.0
2025-06-03 03:30:00+00:00,14.880000114440918,14.880000114440918,14.869999885559082,14.869999885559082,28025,0.0,0.0,0.0
2025-06-03 03:35:00+00:00,14.880000114440918,14.890000343322754,14.880000114440918,14.880000114440918,106623,0.0,0.0,0.0
2025-06-03 03:40:00+00:00,14.890000343322754,14.899999618530273,14.890000343322754,14.899999618530273,111700,0.0,0.0,0.0
2025-06-03 03:45:00+00:00,14.899999618530273,14.899999618530273,14.899999618530273,14.899999618530273,70028,0.0,0.0,0.0
2025-06-03 03:50:00+00:00,14.899999618530273,14.899999618530273,14.899999618530273,14.899999618530273,72606,0.0,0.0,0.0
2025-06-03 03:55:00+00:00,14.890000343322754,14.890000343322754,14.890000343322754,14.890000343322754,74000,0.0,0.0,0.0
2025-06-03 04:00:00+00:00,14.890000343322754,14.890000343322754,14.869999885559082,14.869999885559082,108000,0.0,0.0,0.0
2025-06-03 04:05:00+00:00,14.869999885559082,14.890000343322754,14.869999885559082,14.890000343322754,51038,0.0,0.0,0.0
2025-06-03 04:10:00+00:00,14.880000114440918,14.880000114440918,14.869999885559082,14.880000114440918,75000,0.0,0.0,0.0
2025-06-03 04:15:00+00:00,14.880000114440918,14.880000114440918,14.880000114440918,14.880000114440918,136000,0.0,0.0,0.0
2025-06-03 04:20:00+00:00,14.880000114440918,14.899999618530273,14.880000114440918,14.890000343322754,132135,0.0,0.0,0.0
2025-06-03 04:25:00+00:00,14.890000343322754,14.90999984741211,14.890000343322754,14.899999618530273,98757,0.0,0.0,0.0
2025-06-03 04:30:00+00:00,14.899999618530273,14.899999618530273,14.899999618530273,14.899999618530273,159500,0.0,0.0,0.0
2025-06-03 04:35:00+00:00,14.90999984741211,14.920000076293945,14.90999984741211,14.920000076293945,81029,0.0,0.0,0.0
2025-06-03 04:40:00+00:00,14.90999984741211,14.90999984741211,14.90999984741211,14.90999984741211,201251,0.0,0.0,0.0
2025-06-03 04:45:00+00:00,14.920000076293945,14.920000076293945,14.920000076293945,14.920000076293945,27100,0.0,0.0,0.0
2025-06-03 04:50:00+00:00,14.90999984741211,14.90999984741211,14.90999984741211,14.90999984741211,31200,0.0,0.0,0.0
2025-06-03 04:55:00+00:00,14.920000076293945,14.930000305175781,14.920000076293945,14.930000305175781,163440,0.0,0.0,0.0
2025-06-03 05:00:00+00:00,14.930000305175781,14.9399995803833,14.930000305175781,14.930000305175781,87000,0.0,0.0,0.0
2025-06-03 05:05:00+00:00,14.9399995803833,14.9399995803833,14.930000305175781,14.930000305175781,76179,0.0,0.0,0.0
2025-06-03 05:10:00+00:00,14.930000305175781,14.930000305175781,14.920000076293945,14.920000076293945,80002,0.0,0.0,0.0
2025-06-03 05:15:00+00:00,14.920000076293945,14.930000305175781,14.920000076293945,14.930000305175781,64389,0.0,0.0,0.0
2025-06-03 05:20:00+00:00,14.930000305175781,14.930000305175781,14.920000076293945,14.930000305175781,33925,0.0,0.0,0.0
2025-06-04 01:00:00+00:00,15.0,15.0,14.989999771118164,15.0,0,0.0,0.0,0.0
2025-06-04 01:05:00+00:00,15.0,15.020000457763672,15.0,15.010000228881836,207311,0.0,0.0,0.0
2025-06-04 01:10:00+00:00,15.010000228881836,15.010000228881836,15.0,15.010000228881836,255211,0.0,0.0,0.0
2025-06-04 01:15:00+00:00,15.010000228881836,15.020000457763672,15.010000228881836,15.020000457763672,328770,0.0,0.0,0.0
2025-06-04 01:20:00+00:00,15.020000457763672,15.029999732971191,15.020000457763672,15.029999732971191,308150,0.0,0.0,0.0
2025-06-04 01:25:00+00:00,15.029999732971191,15.029999732971191,15.020000457763672,15.029999732971191,138617,0.0,0.0,0.0
2025-06-04 01:30:00+00:00,15.020000457763672,15.020000457763672,15.010000228881836,15.020000457763672,23700,0.0,0.0,0.0
2025-06-04 01:35:00+00:00,15.029999732971191,15.029999732971191,15.029999732971191,15.029999732971191,233440,0.0,0.0,0.0
2025-06-04 01:40:00+00:00,15.010000228881836,15.010000228881836,15.0,15.0,23196,0.0,0.0,0.0
2025-06-04 01:45:00+00:00,15.0,15.010000228881836,15.0,15.010000228881836,44000,0.0,0.0,0.0
2025-06-04 01:50:00+00:00,15.010000228881836,15.010000228881836,15.0,15.010000228881836,66822,0.0,0.0,0.0
2025-06-04 01:55:00+00:00,15.0,15.0,14.989999771118164,14.989999771118164,18000,0.0,0.0,0.0
2025-06-04 02:00:00+00:00,15.0,15.010000228881836,14.989999771118164,15.010000228881836,113693,0.0,0.0,0.0
2025-06-04 02:05:00+00:00,15.010000228881836,15.029999732971191,15.010000228881836,15.029999732971191,348565,0.0,0.0,0.0
2025-06-04 02:10:00+00:00,15.029999732971191,15.039999961853027,15.029999732971191,15.039999961853027,295103,0.0,0.0,0.0
2025-06-04 02:15:00+00:00,15.029999732971191,15.039999961853027,15.029999732971191,15.039999961853027,269654,0.0,0.0,0.0
2025-06-04 02:20:00+00:00,15.039999961853027,15.0600004196167,15.039999961853027,15.0600004196167,270593,0.0,0.0,0.0
2025-06-04 02:25:00+00:00,15.0600004196167,15.069999694824219,15.0600004196167,15.069999694824219,88167,0.0,0.0,0.0
2025-06-04 02:30:00+00:00,15.069999694824219,15.079999923706055,15.069999694824219,15.069999694824219,205195,0.0,0.0,0.0
2025-06-04 02:35:00+00:00,15.069999694824219,15.079999923706055,15.069999694824219,15.079999923706055,98337,0.0,0.0,0.0
2025-06-04 02:40:00+00:00,15.069999694824219,15.069999694824219,15.069999694824219,15.069999694824219,9020,0.0,0.0,0.0
2025-06-04 02:45:00+00:00,15.069999694824219,15.079999923706055,15.069999694824219,15.069999694824219,242160,0.0,0.0,0.0
2025-06-04 02:50:00+00:00,15.069999694824219,15.079999923706055,15.069999694824219,15.079999923706055,209255,0.0,0.0,0.0
2025-06-04 02:55:00+00:00,15.079999923706055,15.079999923706055,15.079999923706055,15.079999923706055,99860,0.0,0.0,0.0
2025-06-04 03:00:00+00:00,15.079999923706055,15.09000015258789,15.079999923706055,15.09000015258789,253839,0.0,0.0,0.0
2025-06-04 03:05:00+00:00,15.09000015258789,15.09000015258789,15.09000015258789,15.09000015258789,4600,0.0,0.0,0.0
2025-06-04 03:10:00+00:00,15.09000015258789,15.100000381469727,15.09000015258789,15.100000381469727,167091,0.0,0.0,0.0
2025-06-04 03:15:00+00:00,15.09000015258789,15.09000015258789,15.09000015258789,15.09000015258789,11000,0.0,0.0,0.0
2025-06-04 03:20:00+00:00,15.100000381469727,15.109999656677246,15.100000381469727,15.109999656677246,157834,0.0,0.0,0.0
2025-06-04 03:25:00+00:00,15.100000381469727,15.109999656677246,15.100000381469727,15.100000381469727,21000,0.0,0.0,0.0
2025-06-04 03:30:00+00:00,15.109999656677246,15.109999656677246,15.109999656677246,15.109999656677246,31186,0.0,0.0,0.0
2025-06-04 03:35:00+00:00,15.109999656677246,15.109999656677246,15.109999656677246,15.109999656677246,19160,0.0,0.0,0.0
2025-06-04 03:40:00+00:00,15.100000381469727,15.100000381469727,15.100000381469727,15.100000381469727,14000,0.0,0.0,0.0
2025-06-04 03:45:00+00:00,15.100000381469727,15.109999656677246,15.09000015258789,15.09000015258789,208577,0.0,0.0,0.0
2025-06-04 03:50:00+00:00,15.09000015258789,15.09000015258789,15.09000015258789,15.09000015258789,50000,0.0,0.0,0.0
2025-06-04 03:55:00+00:00,15.09000015258789,15.09000015258789,15.09000015258789,15.09000015258789,25000,0.0,0.0,0.0
2025-06-04 04:00:00+00:00,15.09000015258789,15.09000015258789,15.079999923706055,15.079999923706055,59000,0.0,0.0,0.0
2025-06-04 04:05:00+00:00,15.09000015258789,15.09000015258789,15.09000015258789,15.09000015258789,2020,0.0,0.0,0.0
2025-06-04 04:10:00+00:00,15.079999923706055,15.09000015258789,15.079999923706055,15.09000015258789,18000,0.0,0.0,0.0
2025-06-04 04:15:00+00:00,15.09000015258789,15.100000381469727,15.09000015258789,15.09000015258789,56223,0.0,0.0,0.0
2025-06-04 04:20:00+00:00,15.09000015258789,15.09000015258789,15.09000015258789,15.09000015258789,29000,0.0,0.0,0.0
2025-06-04 04:25:00+00:00,15.09000015258789,15.09000015258789,15.09000015258789,15.09000015258789,23200,0.0,0.0,0.0
2025-06-04 04:30:00+00:00,15.09000015258789,15.09000015258789,15.079999923706055,15.079999923706055,18392,0.0,0.0,0.0
2025-06-04 04:35:00+00:00,15.079999923706055,15.079999923706055,15.079999923706055,15.079999923706055,18000,0.0,0.0,0.0
2025-06-04 04:40:00+00:00,15.079999923706055,15.079999923706055,15.079999923706055,15.079999923706055,16000,0.0,0.0,0.0
2025-06-04 04:45:00+00:00,15.079999923706055,15.079999923706055,15.0600004196167,15.0600004196167,19412,0.0,0.0,0.0
2025-06-04 04:50:00+00:00,15.0600004196167,15.0600004196167,15.0600004196167,15.0600004196167,39340,0.0,0.0,0.0
2025-06-04 04:55:00+00:00,15.069999694824219,15.069999694824219,15.069999694824219,15.069999694824219,68112,0.0,0.0,0.0
2025-06-04 05:00:00+00:00,15.069999694824219,15.079999923706055,15.069999694824219,15.079999923706055,276123,0.0,0.0,0.0
2025-06-04 05:05:00+00:00,15.079999923706055,15.09000015258789,15.079999923706055,15.09000015258789,90000,0.0,0.0,0.0
2025-06-04 05:10:00+00:00,15.079999923706055,15.079999923706055,15.069999694824219,15.069999694824219,68000,0.0,0.0,0.0
2025-06-04 05:15:00+00:00,15.069999694824219,15.069999694824219,15.050000190734863,15.0600004196167,146012,0.0,0.0,0.0
2025-06-04 05:20:00+00:00,15.050000190734863,15.0600004196167,15.039999961853027,15.050000190734863,327401,0.0,0.0,0.0
2025-06-05 01:00:00+00:00,15.029999732971191,15.029999732971191,15.020000457763672,15.029999732971191,0,0.0,0.0,0.0
2025-06-05 01:05:00+00:00,15.039999961853027,15.0600004196167,15.039999961853027,15.0600004196167,101366,0.0,0.0,0.0
2025-06-05 01:10:00+00:00,15.069999694824219,15.069999694824219,15.0600004196167,15.069999694824219,107015,0.0,0.0,0.0
2025-06-05 01:15:00+00:00,15.079999923706055,15.09000015258789,15.079999923706055,15.079999923706055,32493,0.0,0.0,0.0
2025-06-05 01:20:00+00:00,15.079999923706055,15.09000015258789,15.069999694824219,15.069999694824219,97510,0.0,0.0,0.0
2025-06-05 01:25:00+00:00,15.069999694824219,15.069999694824219,15.069999694824219,15.069999694824219,50000,0.0,0.0,0.0
2025-06-05 01:30:00+00:00,15.069999694824219,15.079999923706055,15.0600004196167,15.079999923706055,102674,0.0,0.0,0.0
2025-06-05 01:35:00+00:00,15.079999923706055,15.079999923706055,15.069999694824219,15.069999694824219,10222,0.0,0.0,0.0
2025-06-05 01:40:00+00:00,15.069999694824219,15.069999694824219,15.0600004196167,15.069999694824219,175880,0.0,0.0,0.0
2025-06-05 01:45:00+00:00,15.069999694824219,15.079999923706055,15.069999694824219,15.079999923706055,69102,0.0,0.0,0.0
2025-06-05 01:55:00+00:00,15.069999694824219,15.069999694824219,15.069999694824219,15.069999694824219,29000,0.0,0.0,0.0
2025-06-05 02:00:00+00:00,15.069999694824219,15.079999923706055,15.050000190734863,15.050000190734863,213000,0.0,0.0,0.0
2025-06-05 02:05:00+00:00,15.039999961853027,15.039999961853027,14.979999542236328,14.989999771118164,311623,0.0,0.0,0.0
2025-06-05 02:10:00+00:00,14.989999771118164,15.0,14.989999771118164,15.0,44014,0.0,0.0,0.0
2025-06-05 02:15:00+00:00,15.0,15.0,15.0,15.0,4050,0.0,0.0,0.0
2025-06-05 02:25:00+00:00,14.979999542236328,14.989999771118164,14.979999542236328,14.979999542236328,7244,0.0,0.0,0.0
2025-06-05 02:30:00+00:00,14.979999542236328,14.979999542236328,14.960000038146973,14.960000038146973,37166,0.0,0.0,0.0
2025-06-05 02:35:00+00:00,14.960000038146973,14.960000038146973,14.949999809265137,14.960000038146973,12070,0.0,0.0,0.0
2025-06-05 02:40:00+00:00,14.960000038146973,14.960000038146973,14.949999809265137,14.949999809265137,24184,0.0,0.0,0.0
2025-06-05 02:45:00+00:00,14.949999809265137,14.949999809265137,14.9399995803833,14.949999809265137,13406,0.0,0.0,0.0
2025-06-05 02:50:00+00:00,14.949999809265137,14.949999809265137,14.9399995803833,14.949999809265137,12060,0.0,0.0,0.0
2025-06-05 02:55:00+00:00,14.949999809265137,14.949999809265137,14.949999809265137,14.949999809265137,1000,0.0,0.0,0.0
2025-06-05 03:00:00+00:00,14.949999809265137,14.949999809265137,14.9399995803833,14.9399995803833,6000,0.0,0.0,0.0
2025-06-05 03:05:00+00:00,14.9399995803833,14.9399995803833,14.930000305175781,14.930000305175781,3120,0.0,0.0,0.0
2025-06-05 03:10:00+00:00,14.930000305175781,14.930000305175781,14.930000305175781,14.930000305175781,4000,0.0,0.0,0.0
2025-06-05 03:15:00+00:00,14.930000305175781,14.9399995803833,14.930000305175781,14.930000305175781,6230,0.0,0.0,0.0
2025-06-05 03:20:00+00:00,14.930000305175781,14.930000305175781,14.930000305175781,14.930000305175781,23316,0.0,0.0,0.0
2025-06-05 03:25:00+00:00,14.930000305175781,14.930000305175781,14.930000305175781,14.930000305175781,6076,0.0,0.0,0.0
2025-06-05 03:30:00+00:00,14.930000305175781,14.930000305175781,14.920000076293945,14.920000076293945,74469,0.0,0.0,0.0
2025-06-05 03:35:00+00:00,14.930000305175781,14.930000305175781,14.920000076293945,14.920000076293945,7819,0.0,0.0,0.0
2025-06-05 03:40:00+00:00,14.920000076293945,14.920000076293945,14.920000076293945,14.920000076293945,2000,0.0,0.0,0.0
2025-06-05 03:45:00+00:00,14.930000305175781,14.930000305175781,14.920000076293945,14.920000076293945,103967,0.0,0.0,0.0
2025-06-05 03:50:00+00:00,14.90999984741211,14.90999984741211,14.90999984741211,14.90999984741211,10000,0.0,0.0,0.0
2025-06-05 03:55:00+00:00,14.90999984741211,14.90999984741211,14.90999984741211,14.90999984741211,12004,0.0,0.0,0.0
2025-06-05 04:00:00+00:00,14.90999984741211,14.90999984741211,14.90999984741211,14.90999984741211,76544,0.0,0.0,0.0
2025-06-05 04:05:00+00:00,14.90999984741211,14.90999984741211,14.90999984741211,14.90999984741211,3300,0.0,0.0,0.0
2025-06-05 04:10:00+00:00,14.90999984741211,14.90999984741211,14.90999984741211,14.90999984741211,28400,0.0,0.0,0.0
2025-06-05 04:15:00+00:00,14.90999984741211,14.90999984741211,14.90999984741211,14.90999984741211,52388,0.0,0.0,0.0
2025-06-05 04:20:00+00:00,14.90999984741211,14.920000076293945,14.90999984741211,14.90999984741211,156061,0.0,0.0,0.0
2025-06-05 04:25:00+00:00,14.920000076293945,14.920000076293945,14.90999984741211,14.90999984741211,5670,0.0,0.0,0.0
2025-06-05 04:30:00+00:00,14.90999984741211,14.90999984741211,14.90999984741211,14.90999984741211,10199,0.0,0.0,0.0
2025-06-05 04:35:00+00:00,14.930000305175781,14.930000305175781,14.90999984741211,14.90999984741211,15300,0.0,0.0,0.0
2025-06-05 04:45:00+00:00,14.90999984741211,14.920000076293945,14.90999984741211,14.90999984741211,36455,0.0,0.0,0.0
2025-06-05 04:50:00+00:00,14.90999984741211,14.90999984741211,14.899999618530273,14.899999618530273,30500,0.0,0.0,0.0
2025-06-05 04:55:00+00:00,14.90999984741211,14.920000076293945,14.90999984741211,14.920000076293945,32684,0.0,0.0,0.0
2025-06-05 05:05:00+00:00,14.90999984741211,14.90999984741211,14.90999984741211,14.90999984741211,2564,0.0,0.0,0.0
2025-06-05 05:10:00+00:00,14.899999618530273,14.899999618530273,14.899999618530273,14.899999618530273,15000,0.0,0.0,0.0
2025-06-05 05:15:00+00:00,14.899999618530273,14.899999618530273,14.899999618530273,14.899999618530273,10332,0.0,0.0,0.0
2025-06-05 05:20:00+00:00,14.899999618530273,14.899999618530273,14.890000343322754,14.890000343322754,131834,0.0,0.0,0.0
2025-06-06 01:00:00+00:00,14.899999618530273,14.90999984741211,14.899999618530273,14.90999984741211,0,0.0,0.0,0.0
2025-06-06 01:05:00+00:00,14.920000076293945,14.949999809265137,14.920000076293945,14.949999809265137,114588,0.0,0.0,0.0
2025-06-06 01:10:00+00:00,14.960000038146973,14.970000267028809,14.960000038146973,14.970000267028809,192300,0.0,0.0,0.0
2025-06-06 01:15:00+00:00,14.970000267028809,14.970000267028809,14.930000305175781,14.930000305175781,41634,0.0,0.0,0.0
2025-06-06 01:20:00+00:00,14.920000076293945,14.930000305175781,14.920000076293945,14.930000305175781,78000,0.0,0.0,0.0
2025-06-06 01:25:00+00:00,14.949999809265137,14.979999542236328,14.949999809265137,14.979999542236328,52519,0.0,0.0,0.0
2025-06-06 01:30:00+00:00,14.989999771118164,14.989999771118164,14.979999542236328,14.979999542236328,17108,0.0,0.0,0.0
2025-06-06 01:35:00+00:00,14.979999542236328,14.979999542236328,14.979999542236328,14.979999542236328,18573,0.0,0.0,0.0
2025-06-06 01:40:00+00:00,14.949999809265137,14.949999809265137,14.949999809265137,14.949999809265137,10000,0.0,0.0,0.0
2025-06-06 01:45:00+00:00,14.970000267028809,14.970000267028809,14.970000267028809,14.970000267028809,3102,0.0,0.0,0.0
2025-06-06 01:55:00+00:00,14.960000038146973,14.960000038146973,14.949999809265137,14.949999809265137,11138,0.0,0.0,0.0
2025-06-06 02:00:00+00:00,14.9399995803833,14.949999809265137,14.9399995803833,14.949999809265137,39100,0.0,0.0,0.0
2025-06-06 02:05:00+00:00,14.949999809265137,14.970000267028809,14.949999809265137,14.970000267028809,99579,0.0,0.0,0.0
2025-06-06 02:10:00+00:00,14.970000267028809,14.979999542236328,14.970000267028809,14.970000267028809,17000,0.0,0.0,0.0
2025-06-06 02:15:00+00:00,14.979999542236328,14.979999542236328,14.979999542236328,14.979999542236328,33748,0.0,0.0,0.0
2025-06-06 02:20:00+00:00,14.989999771118164,14.989999771118164,14.989999771118164,14.989999771118164,37100,0.0,0.0,0.0
2025-06-06 02:25:00+00:00,14.989999771118164,14.989999771118164,14.989999771118164,14.989999771118164,20002,0.0,0.0,0.0
2025-06-06 02:30:00+00:00,15.0,15.0,14.989999771118164,14.989999771118164,29119,0.0,0.0,0.0
2025-06-06 02:35:00+00:00,14.989999771118164,14.989999771118164,14.989999771118164,14.989999771118164,6068,0.0,0.0,0.0
2025-06-06 02:40:00+00:00,14.989999771118164,14.989999771118164,14.989999771118164,14.989999771118164,34000,0.0,0.0,0.0
2025-06-06 02:45:00+00:00,15.0,15.0,15.0,15.0,3258,0.0,0.0,0.0
2025-06-06 02:50:00+00:00,15.0,15.0,15.0,15.0,101000,0.0,0.0,0.0
2025-06-06 02:55:00+00:00,14.989999771118164,15.0,14.989999771118164,14.989999771118164,181028,0.0,0.0,0.0
2025-06-06 03:00:00+00:00,14.989999771118164,15.010000228881836,14.989999771118164,15.010000228881836,5727,0.0,0.0,0.0
2025-06-06 03:15:00+00:00,14.989999771118164,14.989999771118164,14.989999771118164,14.989999771118164,3430,0.0,0.0,0.0
2025-06-06 03:20:00+00:00,14.989999771118164,14.989999771118164,14.989999771118164,14.989999771118164,9000,0.0,0.0,0.0
2025-06-06 03:25:00+00:00,14.989999771118164,14.989999771118164,14.989999771118164,14.989999771118164,5038,0.0,0.0,0.0
2025-06-06 03:30:00+00:00,15.0,15.0,14.979999542236328,14.979999542236328,53100,0.0,0.0,0.0
2025-06-06 03:35:00+00:00,14.979999542236328,14.979999542236328,14.979999542236328,14.979999542236328,36118,0.0,0.0,0.0
2025-06-06 03:40:00+00:00,14.989999771118164,14.989999771118164,14.989999771118164,14.989999771118164,5032,0.0,0.0,0.0
2025-06-06 03:45:00+00:00,14.989999771118164,14.989999771118164,14.989999771118164,14.989999771118164,10640,0.0,0.0,0.0
2025-06-06 03:50:00+00:00,14.979999542236328,14.979999542236328,14.970000267028809,14.970000267028809,22018,0.0,0.0,0.0
2025-06-06 03:55:00+00:00,14.979999542236328,14.979999542236328,14.979999542236328,14.979999542236328,5100,0.0,0.0,0.0
2025-06-06 04:00:00+00:00,14.979999542236328,14.979999542236328,14.979999542236328,14.979999542236328,13018,0.0,0.0,0.0
2025-06-06 04:05:00+00:00,14.970000267028809,14.970000267028809,14.970000267028809,14.970000267028809,8078,0.0,0.0,0.0
2025-06-06 04:10:00+00:00,14.970000267028809,14.979999542236328,14.970000267028809,14.979999542236328,2000,0.0,0.0,0.0
2025-06-06 04:15:00+00:00,14.970000267028809,14.970000267028809,14.960000038146973,14.960000038146973,21229,0.0,0.0,0.0
2025-06-06 04:20:00+00:00,14.960000038146973,14.960000038146973,14.949999809265137,14.949999809265137,31040,0.0,0.0,0.0
2025-06-06 04:25:00+00:00,14.949999809265137,14.949999809265137,14.949999809265137,14.949999809265137,1000,0.0,0.0,0.0
2025-06-06 04:30:00+00:00,14.970000267028809,14.970000267028809,14.949999809265137,14.949999809265137,17410,0.0,0.0,0.0
2025-06-06 04:35:00+00:00,14.949999809265137,14.949999809265137,14.949999809265137,14.949999809265137,10260,0.0,0.0,0.0
2025-06-06 04:45:00+00:00,14.949999809265137,14.949999809265137,14.949999809265137,14.949999809265137,11118,0.0,0.0,0.0
2025-06-06 04:50:00+00:00,14.949999809265137,14.949999809265137,14.949999809265137,14.949999809265137,24423,0.0,0.0,0.0
2025-06-06 04:55:00+00:00,14.949999809265137,14.949999809265137,14.949999809265137,14.949999809265137,18019,0.0,0.0,0.0
2025-06-06 05:00:00+00:00,14.949999809265137,14.960000038146973,14.949999809265137,14.960000038146973,85700,0.0,0.0,0.0
2025-06-06 05:10:00+00:00,14.960000038146973,14.970000267028809,14.960000038146973,14.970000267028809,52197,0.0,0.0,0.0
2025-06-06 05:20:00+00:00,14.960000038146973,14.960000038146973,14.960000038146973,14.960000038146973,93366,0.0,0.0,0.0
2025-06-09 01:00:00+00:00,14.989999771118164,15.029999732971191,14.989999771118164,15.010000228881836,0,0.0,0.0,0.0
2025-06-09 01:05:00+00:00,15.020000457763672,15.020000457763672,15.010000228881836,15.020000457763672,85221,0.0,0.0,0.0
2025-06-09 01:10:00+00:00,15.029999732971191,15.029999732971191,15.029999732971191,15.029999732971191,2100,0.0,0.0,0.0
2025-06-09 01:15:00+00:00,15.029999732971191,15.050000190734863,15.020000457763672,15.050000190734863,343032,0.0,0.0,0.0
2025-06-09 01:20:00+00:00,15.050000190734863,15.050000190734863,15.039999961853027,15.050000190734863,29911,0.0,0.0,0.0
2025-06-09 01:25:00+00:00,15.039999961853027,15.039999961853027,15.020000457763672,15.020000457763672,142077,0.0,0.0,0.0
2025-06-09 01:30:00+00:00,15.020000457763672,15.020000457763672,15.010000228881836,15.010000228881836,29598,0.0,0.0,0.0
2025-06-09 01:35:00+00:00,15.0,15.0,15.0,15.0,41116,0.0,0.0,0.0
2025-06-09 01:40:00+00:00,15.0,15.0,15.0,15.0,12091,0.0,0.0,0.0
2025-06-09 01:45:00+00:00,15.0,15.010000228881836,15.0,15.010000228881836,20573,0.0,0.0,0.0
2025-06-09 01:50:00+00:00,15.020000457763672,15.020000457763672,15.020000457763672,15.020000457763672,28251,0.0,0.0,0.0
2025-06-09 01:55:00+00:00,15.020000457763672,15.020000457763672,15.0,15.0,5200,0.0,0.0,0.0
2025-06-09 02:00:00+00:00,15.020000457763672,15.020000457763672,15.010000228881836,15.010000228881836,11150,0.0,0.0,0.0
2025-06-09 02:05:00+00:00,15.010000228881836,15.020000457763672,15.010000228881836,15.020000457763672,56253,0.0,0.0,0.0
2025-06-09 02:10:00+00:00,15.020000457763672,15.020000457763672,15.010000228881836,15.010000228881836,27010,0.0,0.0,0.0
2025-06-09 02:15:00+00:00,15.020000457763672,15.020000457763672,15.010000228881836,15.010000228881836,95229,0.0,0.0,0.0
2025-06-09 02:20:00+00:00,15.0,15.010000228881836,15.0,15.0,17000,0.0,0.0,0.0
2025-06-09 02:25:00+00:00,15.0,15.010000228881836,15.0,15.0,88110,0.0,0.0,0.0
2025-06-09 02:30:00+00:00,15.0,15.0,14.970000267028809,14.970000267028809,25950,0.0,0.0,0.0
2025-06-09 02:35:00+00:00,14.989999771118164,14.989999771118164,14.979999542236328,14.979999542236328,7612,0.0,0.0,0.0
2025-06-09 02:40:00+00:00,14.989999771118164,14.989999771118164,14.989999771118164,14.989999771118164,13000,0.0,0.0,0.0
2025-06-09 02:45:00+00:00,15.0,15.0,15.0,15.0,2100,0.0,0.0,0.0
2025-06-09 02:50:00+00:00,14.979999542236328,14.979999542236328,14.979999542236328,14.979999542236328,1100,0.0,0.0,0.0
2025-06-09 02:55:00+00:00,14.979999542236328,14.979999542236328,14.979999542236328,14.979999542236328,76129,0.0,0.0,0.0
2025-06-09 03:00:00+00:00,14.989999771118164,15.0,14.979999542236328,14.979999542236328,5109,0.0,0.0,0.0
2025-06-09 03:05:00+00:00,14.989999771118164,15.0,14.970000267028809,14.970000267028809,3454,0.0,0.0,0.0
2025-06-09 03:10:00+00:00,14.970000267028809,14.970000267028809,14.970000267028809,14.970000267028809,3000,0.0,0.0,0.0
2025-06-09 03:15:00+00:00,15.0,15.0,14.989999771118164,15.0,0,0.0,0.0,0.0
2025-06-09 03:20:00+00:00,14.989999771118164,14.989999771118164,14.989999771118164,14.989999771118164,1494622,0.0,0.0,0.0
2025-06-09 03:25:00+00:00,14.979999542236328,14.979999542236328,14.979999542236328,14.979999542236328,2000,0.0,0.0,0.0
2025-06-09 03:30:00+00:00,14.979999542236328,14.979999542236328,14.979999542236328,14.979999542236328,1000,0.0,0.0,0.0
2025-06-09 03:35:00+00:00,14.979999542236328,14.979999542236328,14.979999542236328,14.979999542236328,2286,0.0,0.0,0.0
2025-06-09 03:40:00+00:00,14.970000267028809,14.970000267028809,14.970000267028809,14.970000267028809,7120,0.0,0.0,0.0
2025-06-09 03:45:00+00:00,14.970000267028809,14.970000267028809,14.970000267028809,14.970000267028809,1180,0.0,0.0,0.0
2025-06-09 03:50:00+00:00,14.960000038146973,14.970000267028809,14.960000038146973,14.970000267028809,27320,0.0,0.0,0.0
2025-06-09 03:55:00+00:00,14.970000267028809,14.970000267028809,14.970000267028809,14.970000267028809,31003,0.0,0.0,0.0
2025-06-09 04:00:00+00:00,14.970000267028809,14.979999542236328,14.970000267028809,14.979999542236328,45000,0.0,0.0,0.0
2025-06-09 04:05:00+00:00,14.979999542236328,14.979999542236328,14.979999542236328,14.979999542236328,5000,0.0,0.0,0.0
2025-06-09 04:10:00+00:00,14.979999542236328,14.979999542236328,14.979999542236328,14.979999542236328,10349,0.0,0.0,0.0
2025-06-09 04:15:00+00:00,14.970000267028809,14.970000267028809,14.970000267028809,14.970000267028809,35000,0.0,0.0,0.0
2025-06-09 04:20:00+00:00,14.970000267028809,14.970000267028809,14.970000267028809,14.970000267028809,56420,0.0,0.0,0.0
2025-06-09 04:25:00+00:00,14.979999542236328,14.979999542236328,14.979999542236328,14.979999542236328,1734,0.0,0.0,0.0
2025-06-09 04:35:00+00:00,14.970000267028809,14.979999542236328,14.970000267028809,14.979999542236328,34100,0.0,0.0,0.0
2025-06-09 04:40:00+00:00,14.970000267028809,14.970000267028809,14.970000267028809,14.970000267028809,27165,0.0,0.0,0.0
2025-06-09 04:45:00+00:00,14.979999542236328,14.979999542236328,14.979999542236328,14.979999542236328,12100,0.0,0.0,0.0
2025-06-09 04:50:00+00:00,14.970000267028809,14.979999542236328,14.970000267028809,14.970000267028809,8000,0.0,0.0,0.0
2025-06-09 04:55:00+00:00,14.989999771118164,14.989999771118164,14.979999542236328,14.979999542236328,18200,0.0,0.0,0.0
2025-06-09 05:00:00+00:00,14.970000267028809,14.970000267028809,14.970000267028809,14.970000267028809,34247,0.0,0.0,0.0
2025-06-09 05:10:00+00:00,14.970000267028809,14.970000267028809,14.970000267028809,14.970000267028809,11578,0.0,0.0,0.0
2025-06-09 05:15:00+00:00,14.970000267028809,14.979999542236328,14.970000267028809,14.970000267028809,9638,0.0,0.0,0.0
2025-06-09 05:20:00+00:00,14.979999542236328,14.979999542236328,14.979999542236328,14.979999542236328,33162,0.0,0.0,0.0
2025-06-10 01:00:00+00:00,14.979999542236328,15.0,14.979999542236328,14.989999771118164,0,0.0,0.0,0.0
2025-06-10 01:05:00+00:00,15.0,15.020000457763672,15.0,15.020000457763672,137455,0.0,0.0,0.0
2025-06-10 01:10:00+00:00,15.020000457763672,15.020000457763672,15.0,15.0,5413,0.0,0.0,0.0
2025-06-10 01:15:00+00:00,15.0,15.0,15.0,15.0,56000,0.0,0.0,0.0
2025-06-10 01:20:00+00:00,15.0,15.020000457763672,15.0,15.020000457763672,111026,0.0,0.0,0.0
2025-06-10 01:25:00+00:00,15.020000457763672,15.039999961853027,15.020000457763672,15.029999732971191,173720,0.0,0.0,0.0
2025-06-10 01:30:00+00:00,15.039999961853027,15.039999961853027,15.029999732971191,15.029999732971191,11483,0.0,0.0,0.0
2025-06-10 01:35:00+00:00,15.039999961853027,15.050000190734863,15.029999732971191,15.050000190734863,41110,0.0,0.0,0.0
2025-06-10 01:40:00+00:00,15.050000190734863,15.069999694824219,15.050000190734863,15.069999694824219,336356,0.0,0.0,0.0
2025-06-10 01:45:00+00:00,15.069999694824219,15.09000015258789,15.069999694824219,15.079999923706055,155766,0.0,0.0,0.0
2025-06-10 01:50:00+00:00,15.09000015258789,15.09000015258789,15.09000015258789,15.09000015258789,27700,0.0,0.0,0.0
2025-06-10 01:55:00+00:00,15.09000015258789,15.09000015258789,15.079999923706055,15.079999923706055,106100,0.0,0.0,0.0
2025-06-10 02:00:00+00:00,15.09000015258789,15.09000015258789,15.079999923706055,15.079999923706055,5200,0.0,0.0,0.0
2025-06-10 02:05:00+00:00,15.079999923706055,15.079999923706055,15.069999694824219,15.069999694824219,89311,0.0,0.0,0.0
2025-06-10 02:10:00+00:00,15.079999923706055,15.09000015258789,15.079999923706055,15.09000015258789,111209,0.0,0.0,0.0
2025-06-10 02:15:00+00:00,15.079999923706055,15.100000381469727,15.079999923706055,15.100000381469727,148671,0.0,0.0,0.0
2025-06-10 02:20:00+00:00,15.100000381469727,15.100000381469727,15.100000381469727,15.100000381469727,26148,0.0,0.0,0.0
2025-06-10 02:25:00+00:00,15.100000381469727,15.109999656677246,15.09000015258789,15.09000015258789,164150,0.0,0.0,0.0
2025-06-10 02:30:00+00:00,15.09000015258789,15.09000015258789,15.09000015258789,15.09000015258789,13000,0.0,0.0,0.0
2025-06-10 02:35:00+00:00,15.09000015258789,15.09000015258789,15.09000015258789,15.09000015258789,21250,0.0,0.0,0.0
2025-06-10 02:40:00+00:00,15.100000381469727,15.109999656677246,15.100000381469727,15.109999656677246,149729,0.0,0.0,0.0
2025-06-10 02:45:00+00:00,15.100000381469727,15.109999656677246,15.100000381469727,15.100000381469727,85000,0.0,0.0,0.0
2025-06-10 02:50:00+00:00,15.109999656677246,15.109999656677246,15.100000381469727,15.109999656677246,48252,0.0,0.0,0.0
2025-06-10 02:55:00+00:00,15.100000381469727,15.100000381469727,15.100000381469727,15.100000381469727,3000,0.0,0.0,0.0
2025-06-10 03:00:00+00:00,15.100000381469727,15.109999656677246,15.100000381469727,15.109999656677246,39454,0.0,0.0,0.0
2025-06-10 03:10:00+00:00,15.079999923706055,15.079999923706055,15.079999923706055,15.079999923706055,12000,0.0,0.0,0.0
2025-06-10 03:15:00+00:00,15.079999923706055,15.09000015258789,15.079999923706055,15.09000015258789,4080,0.0,0.0,0.0
2025-06-10 03:20:00+00:00,15.09000015258789,15.09000015258789,15.09000015258789,15.09000015258789,28059,0.0,0.0,0.0
2025-06-10 03:25:00+00:00,15.09000015258789,15.09000015258789,15.09000015258789,15.09000015258789,10498,0.0,0.0,0.0
2025-06-10 03:30:00+00:00,15.079999923706055,15.079999923706055,15.079999923706055,15.079999923706055,1000,0.0,0.0,0.0
2025-06-10 03:35:00+00:00,15.079999923706055,15.079999923706055,15.079999923706055,15.079999923706055,2220,0.0,0.0,0.0
2025-06-10 03:40:00+00:00,15.079999923706055,15.079999923706055,15.079999923706055,15.079999923706055,5000,0.0,0.0,0.0
2025-06-10 03:45:00+00:00,15.079999923706055,15.079999923706055,15.079999923706055,15.079999923706055,115792,0.0,0.0,0.0
2025-06-10 03:50:00+00:00,15.079999923706055,15.079999923706055,15.079999923706055,15.079999923706055,17001,0.0,0.0,0.0
2025-06-10 03:55:00+00:00,15.079999923706055,15.079999923706055,15.079999923706055,15.079999923706055,46000,0.0,0.0,0.0
2025-06-10 04:00:00+00:00,15.079999923706055,15.079999923706055,15.079999923706055,15.079999923706055,13945,0.0,0.0,0.0
2025-06-10 04:05:00+00:00,15.079999923706055,15.09000015258789,15.069999694824219,15.079999923706055,71040,0.0,0.0,0.0
2025-06-10 04:10:00+00:00,15.069999694824219,15.069999694824219,15.069999694824219,15.069999694824219,1000,0.0,0.0,0.0
2025-06-10 04:15:00+00:00,15.069999694824219,15.069999694824219,15.069999694824219,15.069999694824219,19140,0.0,0.0,0.0
2025-06-10 04:20:00+00:00,15.069999694824219,15.079999923706055,15.069999694824219,15.069999694824219,25000,0.0,0.0,0.0
2025-06-10 04:25:00+00:00,15.069999694824219,15.069999694824219,15.0600004196167,15.0600004196167,28170,0.0,0.0,0.0
2025-06-10 04:30:00+00:00,15.0600004196167,15.0600004196167,15.0600004196167,15.0600004196167,24000,0.0,0.0,0.0
2025-06-10 04:35:00+00:00,15.0600004196167,15.0600004196167,15.0600004196167,15.0600004196167,15000,0.0,0.0,0.0
2025-06-10 04:40:00+00:00,15.0600004196167,15.0600004196167,15.0600004196167,15.0600004196167,12000,0.0,0.0,0.0
2025-06-10 04:45:00+00:00,15.0600004196167,15.079999923706055,15.0600004196167,15.069999694824219,75019,0.0,0.0,0.0
2025-06-10 04:50:00+00:00,15.069999694824219,15.069999694824219,15.069999694824219,15.069999694824219,16695,0.0,0.0,0.0
2025-06-10 04:55:00+00:00,15.069999694824219,15.069999694824219,15.069999694824219,15.069999694824219,10000,0.0,0.0,0.0
2025-06-10 05:00:00+00:00,15.069999694824219,15.069999694824219,15.0600004196167,15.0600004196167,71002,0.0,0.0,0.0
2025-06-10 05:05:00+00:00,15.069999694824219,15.069999694824219,15.069999694824219,15.069999694824219,47332,0.0,0.0,0.0
2025-06-10 05:10:00+00:00,15.069999694824219,15.079999923706055,15.069999694824219,15.079999923706055,16000,0.0,0.0,0.0
2025-06-10 05:15:00+00:00,15.0600004196167,15.079999923706055,15.0600004196167,15.079999923706055,33024,0.0,0.0,0.0
2025-06-10 05:20:00+00:00,15.069999694824219,15.069999694824219,15.0600004196167,15.0600004196167,204538,0.0,0.0,0.0
2025-06-11 01:00:00+00:00,15.050000190734863,15.050000190734863,15.029999732971191,15.029999732971191,0,0.0,0.0,0.0
2025-06-11 01:05:00+00:00,15.020000457763672,15.029999732971191,15.010000228881836,15.029999732971191,372421,0.0,0.0,0.0
2025-06-11 01:10:00+00:00,15.029999732971191,15.029999732971191,15.010000228881836,15.010000228881836,7370,0.0,0.0,0.0
2025-06-11 01:15:00+00:00,15.0,15.020000457763672,15.0,15.010000228881836,215628,0.0,0.0,0.0
2025-06-11 01:20:00+00:00,15.0,15.020000457763672,15.0,15.020000457763672,0,0.0,0.0,0.0
2025-06-11 01:25:00+00:00,15.010000228881836,15.020000457763672,15.010000228881836,15.020000457763672,617496,0.0,0.0,0.0
2025-06-11 01:30:00+00:00,15.020000457763672,15.020000457763672,15.0,15.0,32647,0.0,0.0,0.0
2025-06-11 01:35:00+00:00,15.010000228881836,15.020000457763672,15.010000228881836,15.020000457763672,120779,0.0,0.0,0.0
2025-06-11 01:45:00+00:00,15.010000228881836,15.010000228881836,15.010000228881836,15.010000228881836,6000,0.0,0.0,0.0
2025-06-11 01:50:00+00:00,15.020000457763672,15.029999732971191,15.020000457763672,15.020000457763672,169114,0.0,0.0,0.0
2025-06-11 01:55:00+00:00,15.010000228881836,15.010000228881836,15.0,15.0,107205,0.0,0.0,0.0
2025-06-11 02:00:00+00:00,15.0,15.010000228881836,14.989999771118164,15.010000228881836,37090,0.0,0.0,0.0
2025-06-11 02:05:00+00:00,15.010000228881836,15.020000457763672,15.010000228881836,15.020000457763672,55010,0.0,0.0,0.0
2025-06-11 02:10:00+00:00,15.020000457763672,15.029999732971191,15.020000457763672,15.029999732971191,36257,0.0,0.0,0.0
2025-06-11 02:15:00+00:00,15.029999732971191,15.029999732971191,15.029999732971191,15.029999732971191,8000,0.0,0.0,0.0
2025-06-11 02:20:00+00:00,15.029999732971191,15.039999961853027,15.029999732971191,15.039999961853027,68000,0.0,0.0,0.0
2025-06-11 02:25:00+00:00,15.029999732971191,15.029999732971191,15.029999732971191,15.029999732971191,2300,0.0,0.0,0.0
2025-06-11 02:30:00+00:00,15.029999732971191,15.029999732971191,15.029999732971191,15.029999732971191,10060,0.0,0.0,0.0
2025-06-11 02:35:00+00:00,15.029999732971191,15.029999732971191,15.029999732971191,15.029999732971191,7020,0.0,0.0,0.0
2025-06-11 02:40:00+00:00,15.029999732971191,15.029999732971191,15.029999732971191,15.029999732971191,0,0.0,0.0,0.0
2025-06-11 02:45:00+00:00,15.029999732971191,15.050000190734863,15.029999732971191,15.050000190734863,1364920,0.0,0.0,0.0
2025-06-11 02:50:00+00:00,15.050000190734863,15.050000190734863,15.050000190734863,15.050000190734863,5100,0.0,0.0,0.0
2025-06-11 02:55:00+00:00,15.050000190734863,15.050000190734863,15.050000190734863,15.050000190734863,46116,0.0,0.0,0.0
2025-06-11 03:00:00+00:00,15.050000190734863,15.050000190734863,15.050000190734863,15.050000190734863,28601,0.0,0.0,0.0
2025-06-11 03:05:00+00:00,15.050000190734863,15.069999694824219,15.050000190734863,15.069999694824219,25300,0.0,0.0,0.0
2025-06-11 03:10:00+00:00,15.069999694824219,15.069999694824219,15.0600004196167,15.0600004196167,106000,0.0,0.0,0.0
2025-06-11 03:15:00+00:00,15.0600004196167,15.079999923706055,15.0600004196167,15.069999694824219,50911,0.0,0.0,0.0
2025-06-11 03:20:00+00:00,15.079999923706055,15.09000015258789,15.079999923706055,15.09000015258789,53791,0.0,0.0,0.0
2025-06-11 03:25:00+00:00,15.09000015258789,15.100000381469727,15.09000015258789,15.100000381469727,0,0.0,0.0,0.0
2025-06-11 03:30:00+00:00,15.100000381469727,15.100000381469727,15.100000381469727,15.100000381469727,1748817,0.0,0.0,0.0
2025-06-11 03:35:00+00:00,15.09000015258789,15.09000015258789,15.09000015258789,15.09000015258789,28100,0.0,0.0,0.0
2025-06-11 03:40:00+00:00,15.09000015258789,15.09000015258789,15.09000015258789,15.09000015258789,20236,0.0,0.0,0.0
2025-06-11 03:45:00+00:00,15.079999923706055,15.09000015258789,15.079999923706055,15.079999923706055,29100,0.0,0.0,0.0
2025-06-11 03:50:00+00:00,15.079999923706055,15.079999923706055,15.079999923706055,15.079999923706055,25053,0.0,0.0,0.0
2025-06-11 03:55:00+00:00,15.079999923706055,15.09000015258789,15.079999923706055,15.09000015258789,7249,0.0,0.0,0.0
2025-06-11 04:15:00+00:00,15.09000015258789,15.09000015258789,15.09000015258789,15.09000015258789,121201,0.0,0.0,0.0
2025-06-11 04:20:00+00:00,15.079999923706055,15.09000015258789,15.079999923706055,15.09000015258789,10340,0.0,0.0,0.0
2025-06-11 04:25:00+00:00,15.079999923706055,15.09000015258789,15.079999923706055,15.09000015258789,20318,0.0,0.0,0.0
2025-06-11 04:30:00+00:00,15.09000015258789,15.100000381469727,15.09000015258789,15.100000381469727,176924,0.0,0.0,0.0
2025-06-11 04:35:00+00:00,15.09000015258789,15.100000381469727,15.09000015258789,15.09000015258789,199060,0.0,0.0,0.0
2025-06-11 04:40:00+00:00,15.100000381469727,15.100000381469727,15.100000381469727,15.100000381469727,2000,0.0,0.0,0.0
2025-06-12 01:00:00+00:00,15.09000015258789,15.109999656677246,15.09000015258789,15.109999656677246,162000,0.0,0.0,0.0
2025-06-12 01:05:00+00:00,15.100000381469727,15.130000114440918,15.100000381469727,15.119999885559082,41000,0.0,0.0,0.0
2025-06-12 01:10:00+00:00,15.119999885559082,15.130000114440918,15.119999885559082,15.119999885559082,48595,0.0,0.0,0.0
2025-06-12 01:15:00+00:00,15.109999656677246,15.109999656677246,15.109999656677246,15.109999656677246,1000,0.0,0.0,0.0
2025-06-12 01:20:00+00:00,15.109999656677246,15.119999885559082,15.100000381469727,15.119999885559082,52790,0.0,0.0,0.0
2025-06-12 01:25:00+00:00,15.119999885559082,15.119999885559082,15.109999656677246,15.109999656677246,90000,0.0,0.0,0.0
2025-06-12 01:30:00+00:00,15.119999885559082,15.130000114440918,15.119999885559082,15.119999885559082,110500,0.0,0.0,0.0
2025-06-12 01:35:00+00:00,15.119999885559082,15.119999885559082,15.109999656677246,15.109999656677246,3000,0.0,0.0,0.0
2025-06-12 01:40:00+00:00,15.100000381469727,15.109999656677246,15.100000381469727,15.109999656677246,42655,0.0,0.0,0.0
2025-06-12 01:45:00+00:00,15.09000015258789,15.09000015258789,15.09000015258789,15.09000015258789,107477,0.0,0.0,0.0
2025-06-12 01:50:00+00:00,15.100000381469727,15.100000381469727,15.100000381469727,15.100000381469727,19000,0.0,0.0,0.0
2025-06-12 01:55:00+00:00,15.100000381469727,15.109999656677246,15.100000381469727,15.100000381469727,34829,0.0,0.0,0.0
2025-06-12 02:00:00+00:00,15.100000381469727,15.100000381469727,15.100000381469727,15.100000381469727,8172,0.0,0.0,0.0
2025-06-12 02:05:00+00:00,15.100000381469727,15.100000381469727,15.100000381469727,15.100000381469727,22000,0.0,0.0,0.0
2025-06-12 02:10:00+00:00,15.100000381469727,15.100000381469727,15.100000381469727,15.100000381469727,12200,0.0,0.0,0.0
2025-06-12 02:15:00+00:00,15.100000381469727,15.100000381469727,15.100000381469727,15.100000381469727,66009,0.0,0.0,0.0
2025-06-12 02:20:00+00:00,15.100000381469727,15.100000381469727,15.100000381469727,15.100000381469727,13280,0.0,0.0,0.0
2025-06-12 02:30:00+00:00,15.100000381469727,15.100000381469727,15.100000381469727,15.100000381469727,4000,0.0,0.0,0.0
2025-06-12 02:35:00+00:00,15.100000381469727,15.109999656677246,15.100000381469727,15.109999656677246,14000,0.0,0.0,0.0
2025-06-12 02:40:00+00:00,15.100000381469727,15.100000381469727,15.100000381469727,15.100000381469727,44386,0.0,0.0,0.0
2025-06-12 02:45:00+00:00,15.100000381469727,15.100000381469727,15.100000381469727,15.100000381469727,7010,0.0,0.0,0.0
2025-06-12 02:50:00+00:00,15.100000381469727,15.100000381469727,15.100000381469727,15.100000381469727,73089,0.0,0.0,0.0
2025-06-12 02:55:00+00:00,15.100000381469727,15.109999656677246,15.100000381469727,15.100000381469727,156330,0.0,0.0,0.0
2025-06-12 03:00:00+00:00,15.100000381469727,15.100000381469727,15.100000381469727,15.100000381469727,21310,0.0,0.0,0.0
2025-06-12 03:15:00+00:00,15.109999656677246,15.109999656677246,15.109999656677246,15.109999656677246,76034,0.0,0.0,0.0
2025-06-12 03:20:00+00:00,15.100000381469727,15.100000381469727,15.100000381469727,15.100000381469727,5000,0.0,0.0,0.0
2025-06-12 03:25:00+00:00,15.100000381469727,15.100000381469727,15.100000381469727,15.100000381469727,0,0.0,0.0,0.0
2025-06-12 03:35:00+00:00,15.100000381469727,15.109999656677246,15.100000381469727,15.109999656677246,1310021,0.0,0.0,0.0
2025-06-12 03:40:00+00:00,15.109999656677246,15.109999656677246,15.109999656677246,15.109999656677246,5000,0.0,0.0,0.0
2025-06-12 03:45:00+00:00,15.109999656677246,15.109999656677246,15.109999656677246,15.109999656677246,8007,0.0,0.0,0.0
2025-06-12 03:50:00+00:00,15.109999656677246,15.109999656677246,15.109999656677246,15.109999656677246,100000,0.0,0.0,0.0
2025-06-12 03:55:00+00:00,15.109999656677246,15.109999656677246,15.109999656677246,15.109999656677246,8009,0.0,0.0,0.0
2025-06-12 04:00:00+00:00,15.100000381469727,15.109999656677246,15.100000381469727,15.109999656677246,40000,0.0,0.0,0.0
2025-06-12 04:05:00+00:00,15.109999656677246,15.109999656677246,15.109999656677246,15.109999656677246,2150,0.0,0.0,0.0
2025-06-12 04:10:00+00:00,15.109999656677246,15.109999656677246,15.109999656677246,15.109999656677246,9150,0.0,0.0,0.0
2025-06-12 04:15:00+00:00,15.100000381469727,15.100000381469727,15.100000381469727,15.100000381469727,6150,0.0,0.0,0.0
2025-06-12 04:25:00+00:00,15.100000381469727,15.100000381469727,15.100000381469727,15.100000381469727,4049,0.0,0.0,0.0
2025-06-12 04:30:00+00:00,15.100000381469727,15.100000381469727,15.100000381469727,15.100000381469727,18000,0.0,0.0,0.0
2025-06-12 04:35:00+00:00,15.100000381469727,15.100000381469727,15.100000381469727,15.100000381469727,7013,0.0,0.0,0.0
2025-06-12 04:50:00+00:00,15.09000015258789,15.09000015258789,15.09000015258789,15.09000015258789,19625,0.0,0.0,0.0
2025-06-12 04:55:00+00:00,15.09000015258789,15.09000015258789,15.09000015258789,15.09000015258789,4000,0.0,0.0,0.0
2025-06-12 05:00:00+00:00,15.09000015258789,15.09000015258789,15.09000015258789,15.09000015258789,7000,0.0,0.0,0.0
2025-06-12 05:05:00+00:00,15.09000015258789,15.09000015258789,15.09000015258789,15.09000015258789,0,0.0,0.0,0.0
2025-06-12 05:15:00+00:00,15.09000015258789,15.09000015258789,15.079999923706055,15.09000015258789,1576410,0.0,0.0,0.0
2025-06-12 05:20:00+00:00,15.09000015258789,15.100000381469727,15.09000015258789,15.09000015258789,122000,0.0,0.0,0.0
2025-06-13 01:00:00+00:00,15.050000190734863,15.050000190734863,15.020000457763672,15.020000457763672,0,0.0,0.0,0.0
2025-06-13 01:05:00+00:00,15.010000228881836,15.029999732971191,14.989999771118164,15.020000457763672,120584,0.0,0.0,0.0
2025-06-13 01:10:00+00:00,15.020000457763672,15.020000457763672,15.0,15.0,205878,0.0,0.0,0.0
2025-06-13 01:15:00+00:00,14.989999771118164,14.989999771118164,14.989999771118164,14.989999771118164,39551,0.0,0.0,0.0
2025-06-13 01:20:00+00:00,15.0,15.010000228881836,15.0,15.0,155000,0.0,0.0,0.0
2025-06-13 01:25:00+00:00,15.0,15.010000228881836,15.0,15.010000228881836,101500,0.0,0.0,0.0
2025-06-13 01:30:00+00:00,15.010000228881836,15.039999961853027,15.010000228881836,15.039999961853027,50333,0.0,0.0,0.0
2025-06-13 01:35:00+00:00,15.039999961853027,15.079999923706055,15.039999961853027,15.079999923706055,134523,0.0,0.0,0.0
2025-06-13 01:40:00+00:00,15.079999923706055,15.079999923706055,15.069999694824219,15.069999694824219,7158,0.0,0.0,0.0
2025-06-13 01:45:00+00:00,15.069999694824219,15.09000015258789,15.069999694824219,15.09000015258789,228400,0.0,0.0,0.0
2025-06-13 01:50:00+00:00,15.079999923706055,15.09000015258789,15.079999923706055,15.09000015258789,67000,0.0,0.0,0.0
2025-06-13 01:55:00+00:00,15.100000381469727,15.109999656677246,15.100000381469727,15.109999656677246,84756,0.0,0.0,0.0
2025-06-13 02:00:00+00:00,15.119999885559082,15.119999885559082,15.119999885559082,15.119999885559082,3220,0.0,0.0,0.0
2025-06-13 02:05:00+00:00,15.109999656677246,15.109999656677246,15.109999656677246,15.109999656677246,33137,0.0,0.0,0.0
2025-06-13 02:10:00+00:00,15.109999656677246,15.119999885559082,15.109999656677246,15.119999885559082,154341,0.0,0.0,0.0
2025-06-13 02:15:00+00:00,15.119999885559082,15.130000114440918,15.119999885559082,15.130000114440918,72949,0.0,0.0,0.0
2025-06-13 02:20:00+00:00,15.130000114440918,15.149999618530273,15.130000114440918,15.130000114440918,163000,0.0,0.0,0.0
2025-06-13 02:25:00+00:00,15.119999885559082,15.119999885559082,15.109999656677246,15.119999885559082,401009,0.0,0.0,0.0
2025-06-13 02:30:00+00:00,15.130000114440918,15.130000114440918,15.100000381469727,15.100000381469727,203200,0.0,0.0,0.0
2025-06-13 02:40:00+00:00,15.079999923706055,15.079999923706055,15.0600004196167,15.0600004196167,104000,0.0,0.0,0.0
2025-06-13 02:45:00+00:00,15.050000190734863,15.079999923706055,15.050000190734863,15.079999923706055,166100,0.0,0.0,0.0
2025-06-13 02:50:00+00:00,15.079999923706055,15.09000015258789,15.079999923706055,15.09000015258789,102101,0.0,0.0,0.0
2025-06-13 02:55:00+00:00,15.079999923706055,15.100000381469727,15.079999923706055,15.100000381469727,76000,0.0,0.0,0.0
2025-06-13 03:00:00+00:00,15.109999656677246,15.109999656677246,15.09000015258789,15.09000015258789,18100,0.0,0.0,0.0
2025-06-13 03:05:00+00:00,15.09000015258789,15.09000015258789,15.079999923706055,15.09000015258789,17005,0.0,0.0,0.0
2025-06-13 03:10:00+00:00,15.09000015258789,15.100000381469727,15.09000015258789,15.100000381469727,18805,0.0,0.0,0.0
2025-06-13 03:15:00+00:00,15.109999656677246,15.109999656677246,15.109999656677246,15.109999656677246,19057,0.0,0.0,0.0
2025-06-13 03:20:00+00:00,15.109999656677246,15.109999656677246,15.109999656677246,15.109999656677246,28000,0.0,0.0,0.0
2025-06-13 03:25:00+00:00,15.119999885559082,15.119999885559082,15.119999885559082,15.119999885559082,27911,0.0,0.0,0.0
2025-06-13 03:35:00+00:00,15.109999656677246,15.109999656677246,15.109999656677246,15.109999656677246,8060,0.0,0.0,0.0
2025-06-13 03:40:00+00:00,15.100000381469727,15.109999656677246,15.100000381469727,15.100000381469727,59037,0.0,0.0,0.0
2025-06-13 03:45:00+00:00,15.09000015258789,15.109999656677246,15.09000015258789,15.100000381469727,18070,0.0,0.0,0.0
2025-06-13 03:50:00+00:00,15.100000381469727,15.109999656677246,15.100000381469727,15.109999656677246,18059,0.0,0.0,0.0
2025-06-13 03:55:00+00:00,15.109999656677246,15.109999656677246,15.109999656677246,15.109999656677246,7000,0.0,0.0,0.0
2025-06-13 04:05:00+00:00,15.109999656677246,15.119999885559082,15.100000381469727,15.100000381469727,8000,0.0,0.0,0.0
2025-06-13 04:10:00+00:00,15.100000381469727,15.109999656677246,15.100000381469727,15.109999656677246,24000,0.0,0.0,0.0
2025-06-13 04:20:00+00:00,15.100000381469727,15.100000381469727,15.100000381469727,15.100000381469727,56100,0.0,0.0,0.0
2025-06-13 04:30:00+00:00,15.100000381469727,15.100000381469727,15.100000381469727,15.100000381469727,114102,0.0,0.0,0.0
2025-06-13 04:35:00+00:00,15.100000381469727,15.100000381469727,15.100000381469727,15.100000381469727,214000,0.0,0.0,0.0
2025-06-13 04:40:00+00:00,15.100000381469727,15.100000381469727,15.100000381469727,15.100000381469727,34500,0.0,0.0,0.0
2025-06-13 04:45:00+00:00,15.100000381469727,15.100000381469727,15.100000381469727,15.100000381469727,6400,0.0,0.0,0.0
2025-06-13 04:50:00+00:00,15.100000381469727,15.100000381469727,15.100000381469727,15.100000381469727,3300,0.0,0.0,0.0
2025-06-13 04:55:00+00:00,15.100000381469727,15.100000381469727,15.100000381469727,15.100000381469727,3077,0.0,0.0,0.0
2025-06-13 05:00:00+00:00,15.09000015258789,15.09000015258789,15.09000015258789,15.09000015258789,3000,0.0,0.0,0.0
2025-06-13 05:05:00+00:00,15.079999923706055,15.079999923706055,15.079999923706055,15.079999923706055,2022,0.0,0.0,0.0
2025-06-13 05:10:00+00:00,15.079999923706055,15.079999923706055,15.079999923706055,15.079999923706055,101299,0.0,0.0,0.0
2025-06-13 05:15:00+00:00,15.069999694824219,15.069999694824219,15.069999694824219,15.069999694824219,1010,0.0,0.0,0.0
2025-06-13 05:20:00+00:00,15.0600004196167,15.0600004196167,15.0600004196167,15.0600004196167,26055,0.0,0.0,0.0
2025-06-16 01:00:00+00:00,15.020000457763672,15.050000190734863,15.020000457763672,15.029999732971191,0,0.0,0.0,0.0
2025-06-16 01:05:00+00:00,15.010000228881836,15.020000457763672,15.010000228881836,15.020000457763672,176900,0.0,0.0,0.0
2025-06-16 01:10:00+00:00,15.020000457763672,15.050000190734863,15.020000457763672,15.039999961853027,117674,0.0,0.0,0.0
2025-06-16 01:15:00+00:00,15.050000190734863,15.050000190734863,15.050000190734863,15.050000190734863,55068,0.0,0.0,0.0
2025-06-16 01:20:00+00:00,15.050000190734863,15.050000190734863,15.050000190734863,15.050000190734863,2042,0.0,0.0,0.0
2025-06-16 01:25:00+00:00,15.050000190734863,15.0600004196167,15.050000190734863,15.050000190734863,84359,0.0,0.0,0.0
2025-06-16 01:30:00+00:00,15.0600004196167,15.069999694824219,15.0600004196167,15.069999694824219,141288,0.0,0.0,0.0
2025-06-16 01:35:00+00:00,15.079999923706055,15.079999923706055,15.079999923706055,15.079999923706055,20000,0.0,0.0,0.0
2025-06-16 01:40:00+00:00,15.079999923706055,15.079999923706055,15.079999923706055,15.079999923706055,11000,0.0,0.0,0.0
2025-06-16 01:45:00+00:00,15.079999923706055,15.100000381469727,15.079999923706055,15.09000015258789,34246,0.0,0.0,0.0
2025-06-16 01:50:00+00:00,15.09000015258789,15.100000381469727,15.09000015258789,15.100000381469727,14272,0.0,0.0,0.0
2025-06-16 01:55:00+00:00,15.09000015258789,15.09000015258789,15.09000015258789,15.09000015258789,1439,0.0,0.0,0.0
2025-06-16 02:00:00+00:00,15.09000015258789,15.09000015258789,15.069999694824219,15.069999694824219,19100,0.0,0.0,0.0
2025-06-16 02:05:00+00:00,15.069999694824219,15.079999923706055,15.069999694824219,15.079999923706055,32009,0.0,0.0,0.0
2025-06-16 02:10:00+00:00,15.079999923706055,15.079999923706055,15.079999923706055,15.079999923706055,62000,0.0,0.0,0.0
2025-06-16 02:15:00+00:00,15.069999694824219,15.079999923706055,15.069999694824219,15.079999923706055,17309,0.0,0.0,0.0
2025-06-16 02:20:00+00:00,15.069999694824219,15.069999694824219,15.069999694824219,15.069999694824219,6255,0.0,0.0,0.0
2025-06-16 02:25:00+00:00,15.069999694824219,15.069999694824219,15.069999694824219,15.069999694824219,55554,0.0,0.0,0.0
2025-06-16 02:30:00+00:00,15.079999923706055,15.09000015258789,15.079999923706055,15.09000015258789,135100,0.0,0.0,0.0
2025-06-16 02:35:00+00:00,15.09000015258789,15.09000015258789,15.09000015258789,15.09000015258789,9554,0.0,0.0,0.0
2025-06-16 02:40:00+00:00,15.09000015258789,15.09000015258789,15.079999923706055,15.09000015258789,51100,0.0,0.0,0.0
2025-06-16 02:45:00+00:00,15.100000381469727,15.100000381469727,15.079999923706055,15.079999923706055,18515,0.0,0.0,0.0
2025-06-16 02:55:00+00:00,15.09000015258789,15.09000015258789,15.09000015258789,15.09000015258789,4119,0.0,0.0,0.0
2025-06-16 03:00:00+00:00,15.100000381469727,15.100000381469727,15.09000015258789,15.09000015258789,4480,0.0,0.0,0.0
2025-06-16 03:05:00+00:00,15.09000015258789,15.09000015258789,15.09000015258789,15.09000015258789,4235,0.0,0.0,0.0
2025-06-16 03:15:00+00:00,15.079999923706055,15.079999923706055,15.079999923706055,15.079999923706055,2010,0.0,0.0,0.0
2025-06-16 03:20:00+00:00,15.079999923706055,15.09000015258789,15.079999923706055,15.09000015258789,15109,0.0,0.0,0.0
2025-06-16 03:25:00+00:00,15.09000015258789,15.09000015258789,15.079999923706055,15.09000015258789,28030,0.0,0.0,0.0
2025-06-16 03:30:00+00:00,15.09000015258789,15.09000015258789,15.09000015258789,15.09000015258789,15078,0.0,0.0,0.0
2025-06-16 03:35:00+00:00,15.09000015258789,15.09000015258789,15.09000015258789,15.09000015258789,11000,0.0,0.0,0.0
2025-06-16 03:40:00+00:00,15.079999923706055,15.09000015258789,15.079999923706055,15.079999923706055,15009,0.0,0.0,0.0
2025-06-16 03:45:00+00:00,15.079999923706055,15.079999923706055,15.079999923706055,15.079999923706055,35100,0.0,0.0,0.0
2025-06-16 03:50:00+00:00,15.079999923706055,15.09000015258789,15.079999923706055,15.09000015258789,93019,0.0,0.0,0.0
2025-06-16 03:55:00+00:00,15.09000015258789,15.09000015258789,15.079999923706055,15.09000015258789,57080,0.0,0.0,0.0
2025-06-16 04:00:00+00:00,15.09000015258789,15.09000015258789,15.09000015258789,15.09000015258789,12109,0.0,0.0,0.0
2025-06-16 04:05:00+00:00,15.09000015258789,15.09000015258789,15.079999923706055,15.079999923706055,7250,0.0,0.0,0.0
2025-06-16 04:10:00+00:00,15.09000015258789,15.09000015258789,15.079999923706055,15.079999923706055,33873,0.0,0.0,0.0
2025-06-16 04:15:00+00:00,15.09000015258789,15.09000015258789,15.09000015258789,15.09000015258789,11000,0.0,0.0,0.0
2025-06-16 04:20:00+00:00,15.09000015258789,15.09000015258789,15.09000015258789,15.09000015258789,1009,0.0,0.0,0.0
2025-06-16 04:25:00+00:00,15.09000015258789,15.09000015258789,15.09000015258789,15.09000015258789,19246,0.0,0.0,0.0
2025-06-16 04:30:00+00:00,15.09000015258789,15.09000015258789,15.09000015258789,15.09000015258789,7109,0.0,0.0,0.0
2025-06-16 04:35:00+00:00,15.09000015258789,15.09000015258789,15.09000015258789,15.09000015258789,14100,0.0,0.0,0.0
2025-06-16 04:40:00+00:00,15.09000015258789,15.100000381469727,15.09000015258789,15.09000015258789,217309,0.0,0.0,0.0
2025-06-16 04:45:00+00:00,15.09000015258789,15.09000015258789,15.09000015258789,15.09000015258789,11172,0.0,0.0,0.0
2025-06-16 04:50:00+00:00,15.09000015258789,15.09000015258789,15.09000015258789,15.09000015258789,15752,0.0,0.0,0.0
2025-06-16 04:55:00+00:00,15.09000015258789,15.100000381469727,15.09000015258789,15.100000381469727,24182,0.0,0.0,0.0
2025-06-16 05:10:00+00:00,15.100000381469727,15.100000381469727,15.100000381469727,15.100000381469727,45000,0.0,0.0,0.0
2025-06-16 05:15:00+00:00,15.100000381469727,15.100000381469727,15.09000015258789,15.09000015258789,10147,0.0,0.0,0.0
2025-06-16 05:20:00+00:00,15.100000381469727,15.100000381469727,15.09000015258789,15.09000015258789,12686,0.0,0.0,0.0
2025-06-17 01:00:00+00:00,15.119999885559082,15.140000343322754,15.119999885559082,15.130000114440918,0,0.0,0.0,0.0
2025-06-17 01:05:00+00:00,15.130000114440918,15.140000343322754,15.130000114440918,15.130000114440918,27685,0.0,0.0,0.0
2025-06-17 01:10:00+00:00,15.140000343322754,15.140000343322754,15.140000343322754,15.140000343322754,54335,0.0,0.0,0.0
2025-06-17 01:15:00+00:00,15.130000114440918,15.130000114440918,15.130000114440918,15.130000114440918,10654,0.0,0.0,0.0
2025-06-17 01:20:00+00:00,15.119999885559082,15.130000114440918,15.119999885559082,15.119999885559082,121107,0.0,0.0,0.0
2025-06-17 01:25:00+00:00,15.119999885559082,15.119999885559082,15.119999885559082,15.119999885559082,2178,0.0,0.0,0.0
2025-06-17 01:30:00+00:00,15.119999885559082,15.119999885559082,15.119999885559082,15.119999885559082,115000,0.0,0.0,0.0
2025-06-17 01:35:00+00:00,15.119999885559082,15.119999885559082,15.119999885559082,15.119999885559082,36332,0.0,0.0,0.0
2025-06-17 01:40:00+00:00,15.119999885559082,15.119999885559082,15.119999885559082,15.119999885559082,5500,0.0,0.0,0.0
2025-06-17 01:45:00+00:00,15.119999885559082,15.119999885559082,15.119999885559082,15.119999885559082,30040,0.0,0.0,0.0
2025-06-17 01:50:00+00:00,15.119999885559082,15.119999885559082,15.119999885559082,15.119999885559082,17000,0.0,0.0,0.0
2025-06-17 01:55:00+00:00,15.109999656677246,15.109999656677246,15.109999656677246,15.109999656677246,2615,0.0,0.0,0.0
2025-06-17 02:00:00+00:00,15.109999656677246,15.109999656677246,15.100000381469727,15.100000381469727,12055,0.0,0.0,0.0
2025-06-17 02:05:00+00:00,15.100000381469727,15.100000381469727,15.09000015258789,15.09000015258789,3000,0.0,0.0,0.0
2025-06-17 02:10:00+00:00,15.09000015258789,15.100000381469727,15.09000015258789,15.100000381469727,25100,0.0,0.0,0.0
2025-06-17 02:15:00+00:00,15.079999923706055,15.09000015258789,15.079999923706055,15.09000015258789,12200,0.0,0.0,0.0
2025-06-17 02:25:00+00:00,15.079999923706055,15.079999923706055,15.069999694824219,15.069999694824219,36000,0.0,0.0,0.0
2025-06-17 02:30:00+00:00,15.069999694824219,15.069999694824219,15.069999694824219,15.069999694824219,12154,0.0,0.0,0.0
2025-06-17 02:35:00+00:00,15.069999694824219,15.069999694824219,15.069999694824219,15.069999694824219,9154,0.0,0.0,0.0
2025-06-17 02:40:00+00:00,15.069999694824219,15.09000015258789,15.069999694824219,15.09000015258789,25000,0.0,0.0,0.0
2025-06-17 02:45:00+00:00,15.079999923706055,15.079999923706055,15.079999923706055,15.079999923706055,3000,0.0,0.0,0.0
2025-06-17 02:50:00+00:00,15.079999923706055,15.09000015258789,15.079999923706055,15.09000015258789,48355,0.0,0.0,0.0
2025-06-17 02:55:00+00:00,15.09000015258789,15.09000015258789,15.09000015258789,15.09000015258789,13390,0.0,0.0,0.0
2025-06-17 03:00:00+00:00,15.100000381469727,15.100000381469727,15.09000015258789,15.09000015258789,26265,0.0,0.0,0.0
2025-06-17 03:05:00+00:00,15.100000381469727,15.100000381469727,15.100000381469727,15.100000381469727,30000,0.0,0.0,0.0
2025-06-17 03:10:00+00:00,15.100000381469727,15.100000381469727,15.100000381469727,15.100000381469727,98100,0.0,0.0,0.0
2025-06-17 03:15:00+00:00,15.100000381469727,15.100000381469727,15.100000381469727,15.100000381469727,9080,0.0,0.0,0.0
2025-06-17 03:20:00+00:00,15.100000381469727,15.100000381469727,15.100000381469727,15.100000381469727,17000,0.0,0.0,0.0
2025-06-17 03:25:00+00:00,15.100000381469727,15.100000381469727,15.100000381469727,15.100000381469727,16000,0.0,0.0,0.0
2025-06-17 03:30:00+00:00,15.100000381469727,15.100000381469727,15.100000381469727,15.100000381469727,64400,0.0,0.0,0.0
2025-06-17 03:35:00+00:00,15.100000381469727,15.100000381469727,15.100000381469727,15.100000381469727,27000,0.0,0.0,0.0
2025-06-17 03:40:00+00:00,15.109999656677246,15.109999656677246,15.109999656677246,15.109999656677246,34489,0.0,0.0,0.0
2025-06-17 03:45:00+00:00,15.109999656677246,15.109999656677246,15.109999656677246,15.109999656677246,200100,0.0,0.0,0.0
2025-06-17 03:50:00+00:00,15.109999656677246,15.109999656677246,15.109999656677246,15.109999656677246,5000,0.0,0.0,0.0
2025-06-17 03:55:00+00:00,15.109999656677246,15.109999656677246,15.100000381469727,15.100000381469727,42000,0.0,0.0,0.0
2025-06-17 04:00:00+00:00,15.100000381469727,15.100000381469727,15.100000381469727,15.100000381469727,10010,0.0,0.0,0.0
2025-06-17 04:05:00+00:00,15.100000381469727,15.109999656677246,15.100000381469727,15.109999656677246,6050,0.0,0.0,0.0
2025-06-17 04:10:00+00:00,15.100000381469727,15.100000381469727,15.100000381469727,15.100000381469727,20000,0.0,0.0,0.0
2025-06-17 04:15:00+00:00,15.100000381469727,15.100000381469727,15.09000015258789,15.09000015258789,71000,0.0,0.0,0.0
2025-06-17 04:20:00+00:00,15.100000381469727,15.100000381469727,15.09000015258789,15.100000381469727,10010,0.0,0.0,0.0
2025-06-17 04:25:00+00:00,15.109999656677246,15.119999885559082,15.109999656677246,15.119999885559082,53547,0.0,0.0,0.0
2025-06-17 04:30:00+00:00,15.119999885559082,15.130000114440918,15.119999885559082,15.130000114440918,300100,0.0,0.0,0.0
2025-06-17 04:35:00+00:00,15.130000114440918,15.130000114440918,15.130000114440918,15.130000114440918,20452,0.0,0.0,0.0
2025-06-17 04:40:00+00:00,15.130000114440918,15.140000343322754,15.130000114440918,15.140000343322754,203000,0.0,0.0,0.0
2025-06-17 04:45:00+00:00,15.140000343322754,15.140000343322754,15.140000343322754,15.140000343322754,58181,0.0,0.0,0.0
2025-06-17 04:50:00+00:00,15.140000343322754,15.140000343322754,15.140000343322754,15.140000343322754,39003,0.0,0.0,0.0
2025-06-17 04:55:00+00:00,15.130000114440918,15.130000114440918,15.119999885559082,15.119999885559082,103300,0.0,0.0,0.0
2025-06-17 05:00:00+00:00,15.109999656677246,15.109999656677246,15.109999656677246,15.109999656677246,1000,0.0,0.0,0.0
2025-06-17 05:05:00+00:00,15.100000381469727,15.100000381469727,15.09000015258789,15.09000015258789,14000,0.0,0.0,0.0
2025-06-17 05:10:00+00:00,15.09000015258789,15.100000381469727,15.09000015258789,15.100000381469727,24047,0.0,0.0,0.0
2025-06-17 05:15:00+00:00,15.100000381469727,15.100000381469727,15.100000381469727,15.100000381469727,1012,0.0,0.0,0.0
2025-06-17 05:20:00+00:00,15.100000381469727,15.100000381469727,15.100000381469727,15.100000381469727,6150,0.0,0.0,0.0
2025-06-18 01:00:00+00:00,15.079999923706055,15.079999923706055,15.079999923706055,15.079999923706055,11000,0.0,0.0,0.0
2025-06-18 01:05:00+00:00,15.039999961853027,15.039999961853027,15.020000457763672,15.020000457763672,182834,0.0,0.0,0.0
2025-06-18 01:10:00+00:00,15.0,15.010000228881836,15.0,15.010000228881836,21451,0.0,0.0,0.0
2025-06-18 01:15:00+00:00,15.010000228881836,15.010000228881836,15.0,15.010000228881836,80810,0.0,0.0,0.0
2025-06-18 01:20:00+00:00,15.0,15.020000457763672,15.0,15.020000457763672,13000,0.0,0.0,0.0
2025-06-18 01:25:00+00:00,15.020000457763672,15.020000457763672,15.010000228881836,15.010000228881836,11395,0.0,0.0,0.0
2025-06-18 01:30:00+00:00,15.010000228881836,15.020000457763672,15.010000228881836,15.020000457763672,12000,0.0,0.0,0.0
2025-06-18 01:35:00+00:00,15.029999732971191,15.039999961853027,15.029999732971191,15.039999961853027,16235,0.0,0.0,0.0
2025-06-18 01:45:00+00:00,15.039999961853027,15.039999961853027,15.039999961853027,15.039999961853027,100050,0.0,0.0,0.0
2025-06-18 01:50:00+00:00,15.039999961853027,15.050000190734863,15.039999961853027,15.050000190734863,277000,0.0,0.0,0.0
2025-06-18 01:55:00+00:00,15.050000190734863,15.0600004196167,15.050000190734863,15.0600004196167,11889,0.0,0.0,0.0
2025-06-18 02:10:00+00:00,15.050000190734863,15.0600004196167,15.050000190734863,15.050000190734863,42195,0.0,0.0,0.0
2025-06-18 02:15:00+00:00,15.050000190734863,15.069999694824219,15.050000190734863,15.069999694824219,6707,0.0,0.0,0.0
2025-06-18 02:20:00+00:00,15.050000190734863,15.069999694824219,15.050000190734863,15.069999694824219,23217,0.0,0.0,0.0
2025-06-18 02:25:00+00:00,15.079999923706055,15.079999923706055,15.0600004196167,15.0600004196167,3333,0.0,0.0,0.0
2025-06-18 02:35:00+00:00,15.079999923706055,15.09000015258789,15.079999923706055,15.09000015258789,53160,0.0,0.0,0.0
2025-06-18 02:40:00+00:00,15.079999923706055,15.079999923706055,15.079999923706055,15.079999923706055,1000,0.0,0.0,0.0
2025-06-18 02:45:00+00:00,15.079999923706055,15.09000015258789,15.079999923706055,15.09000015258789,5002,0.0,0.0,0.0
2025-06-18 02:50:00+00:00,15.100000381469727,15.100000381469727,15.09000015258789,15.09000015258789,60035,0.0,0.0,0.0
2025-06-18 02:55:00+00:00,15.09000015258789,15.09000015258789,15.09000015258789,15.09000015258789,30305,0.0,0.0,0.0
2025-06-18 03:00:00+00:00,15.09000015258789,15.09000015258789,15.09000015258789,15.09000015258789,3100,0.0,0.0,0.0
2025-06-18 03:05:00+00:00,15.079999923706055,15.079999923706055,15.069999694824219,15.069999694824219,5048,0.0,0.0,0.0
2025-06-18 03:10:00+00:00,15.069999694824219,15.069999694824219,15.069999694824219,15.069999694824219,1360,0.0,0.0,0.0
2025-06-18 03:15:00+00:00,15.0600004196167,15.0600004196167,15.0600004196167,15.0600004196167,1150,0.0,0.0,0.0
2025-06-18 03:20:00+00:00,15.069999694824219,15.069999694824219,15.069999694824219,15.069999694824219,12000,0.0,0.0,0.0
2025-06-18 03:25:00+00:00,15.069999694824219,15.079999923706055,15.069999694824219,15.079999923706055,13056,0.0,0.0,0.0
2025-06-18 03:30:00+00:00,15.069999694824219,15.069999694824219,15.069999694824219,15.069999694824219,3624,0.0,0.0,0.0
2025-06-18 03:40:00+00:00,15.069999694824219,15.069999694824219,15.069999694824219,15.069999694824219,2000,0.0,0.0,0.0
2025-06-18 03:45:00+00:00,15.069999694824219,15.069999694824219,15.069999694824219,15.069999694824219,5000,0.0,0.0,0.0
2025-06-18 03:50:00+00:00,15.069999694824219,15.069999694824219,15.069999694824219,15.069999694824219,1890,0.0,0.0,0.0
2025-06-18 03:55:00+00:00,15.069999694824219,15.069999694824219,15.069999694824219,15.069999694824219,1100,0.0,0.0,0.0
2025-06-18 04:00:00+00:00,15.069999694824219,15.069999694824219,15.069999694824219,15.069999694824219,4000,0.0,0.0,0.0
2025-06-18 04:05:00+00:00,15.0600004196167,15.0600004196167,15.0600004196167,15.0600004196167,1000,0.0,0.0,0.0
2025-06-18 04:10:00+00:00,15.0600004196167,15.0600004196167,15.0600004196167,15.0600004196167,218781,0.0,0.0,0.0
2025-06-18 04:15:00+00:00,15.050000190734863,15.050000190734863,15.050000190734863,15.050000190734863,5069,0.0,0.0,0.0
2025-06-18 04:20:00+00:00,15.050000190734863,15.050000190734863,15.050000190734863,15.050000190734863,5525,0.0,0.0,0.0
2025-06-18 04:30:00+00:00,15.039999961853027,15.039999961853027,15.029999732971191,15.029999732971191,5643,0.0,0.0,0.0
2025-06-18 04:35:00+00:00,15.020000457763672,15.020000457763672,15.020000457763672,15.020000457763672,193500,0.0,0.0,0.0
2025-06-18 04:40:00+00:00,15.020000457763672,15.029999732971191,15.020000457763672,15.029999732971191,19240,0.0,0.0,0.0
2025-06-18 04:55:00+00:00,15.039999961853027,15.039999961853027,15.039999961853027,15.039999961853027,13002,0.0,0.0,0.0
2025-06-18 05:00:00+00:00,15.039999961853027,15.050000190734863,15.039999961853027,15.050000190734863,17034,0.0,0.0,0.0
2025-06-18 05:10:00+00:00,15.050000190734863,15.0600004196167,15.050000190734863,15.050000190734863,41122,0.0,0.0,0.0
2025-06-18 05:15:00+00:00,15.039999961853027,15.050000190734863,15.039999961853027,15.039999961853027,31426,0.0,0.0,0.0
2025-06-18 05:20:00+00:00,15.039999961853027,15.050000190734863,15.039999961853027,15.050000190734863,22235,0.0,0.0,0.0
2025-06-19 01:00:00+00:00,15.029999732971191,15.029999732971191,15.010000228881836,15.010000228881836,0,0.0,0.0,0.0
2025-06-19 01:05:00+00:00,15.0,15.0,15.0,15.0,14478,0.0,0.0,0.0
2025-06-19 01:10:00+00:00,15.0,15.0,15.0,15.0,4153,0.0,0.0,0.0
2025-06-19 01:20:00+00:00,14.989999771118164,14.989999771118164,14.989999771118164,14.989999771118164,354391,0.0,0.0,0.0
2025-06-19 01:25:00+00:00,14.989999771118164,14.989999771118164,14.989999771118164,14.989999771118164,140059,0.0,0.0,0.0
2025-06-19 01:30:00+00:00,14.989999771118164,15.0,14.989999771118164,15.0,37110,0.0,0.0,0.0
2025-06-19 01:35:00+00:00,14.989999771118164,14.989999771118164,14.970000267028809,14.970000267028809,674805,0.0,0.0,0.0
2025-06-19 01:40:00+00:00,14.970000267028809,14.979999542236328,14.970000267028809,14.979999542236328,158000,0.0,0.0,0.0
2025-06-19 01:45:00+00:00,14.979999542236328,14.979999542236328,14.960000038146973,14.960000038146973,12012,0.0,0.0,0.0
2025-06-19 01:50:00+00:00,14.960000038146973,14.960000038146973,14.960000038146973,14.960000038146973,16887,0.0,0.0,0.0
2025-06-19 02:00:00+00:00,14.979999542236328,14.979999542236328,14.979999542236328,14.979999542236328,5627,0.0,0.0,0.0
2025-06-19 02:05:00+00:00,14.979999542236328,14.979999542236328,14.979999542236328,14.979999542236328,1343,0.0,0.0,0.0
2025-06-19 02:15:00+00:00,14.979999542236328,14.979999542236328,14.979999542236328,14.979999542236328,2290,0.0,0.0,0.0
2025-06-19 02:20:00+00:00,14.960000038146973,14.970000267028809,14.949999809265137,14.949999809265137,16365,0.0,0.0,0.0
2025-06-19 02:25:00+00:00,14.960000038146973,14.960000038146973,14.9399995803833,14.9399995803833,429000,0.0,0.0,0.0
2025-06-19 02:30:00+00:00,14.970000267028809,14.970000267028809,14.970000267028809,14.970000267028809,2143,0.0,0.0,0.0
2025-06-19 02:35:00+00:00,14.9399995803833,14.9399995803833,14.9399995803833,14.9399995803833,101102,0.0,0.0,0.0
2025-06-19 02:45:00+00:00,14.9399995803833,14.960000038146973,14.9399995803833,14.960000038146973,3590,0.0,0.0,0.0
2025-06-19 02:50:00+00:00,14.949999809265137,14.949999809265137,14.949999809265137,14.949999809265137,7000,0.0,0.0,0.0
2025-06-19 02:55:00+00:00,14.9399995803833,14.9399995803833,14.930000305175781,14.930000305175781,355311,0.0,0.0,0.0
2025-06-19 03:05:00+00:00,14.930000305175781,14.930000305175781,14.930000305175781,14.930000305175781,1050,0.0,0.0,0.0
2025-06-19 03:15:00+00:00,14.930000305175781,14.930000305175781,14.930000305175781,14.930000305175781,10150,0.0,0.0,0.0
2025-06-19 03:20:00+00:00,14.930000305175781,14.930000305175781,14.930000305175781,14.930000305175781,31128,0.0,0.0,0.0
2025-06-19 03:40:00+00:00,14.949999809265137,14.949999809265137,14.949999809265137,14.949999809265137,1000,0.0,0.0,0.0
2025-06-19 03:45:00+00:00,14.9399995803833,14.9399995803833,14.930000305175781,14.930000305175781,26000,0.0,0.0,0.0
2025-06-19 03:50:00+00:00,14.930000305175781,14.930000305175781,14.930000305175781,14.930000305175781,1872,0.0,0.0,0.0
2025-06-19 04:00:00+00:00,14.9399995803833,14.9399995803833,14.9399995803833,14.9399995803833,4000,0.0,0.0,0.0
2025-06-19 04:05:00+00:00,14.9399995803833,14.9399995803833,14.9399995803833,14.9399995803833,1510,0.0,0.0,0.0
2025-06-19 04:15:00+00:00,14.9399995803833,14.9399995803833,14.9399995803833,14.9399995803833,6110,0.0,0.0,0.0
2025-06-19 04:20:00+00:00,14.9399995803833,14.9399995803833,14.9399995803833,14.9399995803833,5000,0.0,0.0,0.0
2025-06-19 04:25:00+00:00,14.9399995803833,14.9399995803833,14.930000305175781,14.930000305175781,6325,0.0,0.0,0.0
2025-06-19 04:30:00+00:00,14.930000305175781,14.930000305175781,14.920000076293945,14.920000076293945,31578,0.0,0.0,0.0
2025-06-19 04:35:00+00:00,14.920000076293945,14.920000076293945,14.920000076293945,14.920000076293945,4252,0.0,0.0,0.0
2025-06-19 04:45:00+00:00,14.930000305175781,14.930000305175781,14.930000305175781,14.930000305175781,4944,0.0,0.0,0.0
2025-06-19 05:00:00+00:00,14.920000076293945,14.920000076293945,14.899999618530273,14.899999618530273,38747,0.0,0.0,0.0
2025-06-19 05:05:00+00:00,14.899999618530273,14.899999618530273,14.899999618530273,14.899999618530273,34033,0.0,0.0,0.0
2025-06-19 05:15:00+00:00,14.920000076293945,14.920000076293945,14.920000076293945,14.920000076293945,1225,0.0,0.0,0.0
2025-06-19 05:20:00+00:00,14.90999984741211,14.90999984741211,14.90999984741211,14.90999984741211,9021,0.0,0.0,0.0
2025-06-20 01:00:00+00:00,14.899999618530273,14.899999618530273,14.899999618530273,14.899999618530273,0,0.0,0.0,0.0
2025-06-20 01:05:00+00:00,14.899999618530273,14.90999984741211,14.880000114440918,14.899999618530273,217000,0.0,0.0,0.0
2025-06-20 01:10:00+00:00,14.880000114440918,14.880000114440918,14.880000114440918,14.880000114440918,2177,0.0,0.0,0.0
2025-06-20 01:15:00+00:00,14.869999885559082,14.869999885559082,14.869999885559082,14.869999885559082,1000,0.0,0.0,0.0
2025-06-20 01:20:00+00:00,14.859999656677246,14.859999656677246,14.84000015258789,14.84000015258789,19986,0.0,0.0,0.0
2025-06-20 01:25:00+00:00,14.829999923706055,14.84000015258789,14.8100004196167,14.8100004196167,11320,0.0,0.0,0.0
2025-06-20 01:30:00+00:00,14.8100004196167,14.819999694824219,14.800000190734863,14.800000190734863,24290,0.0,0.0,0.0
2025-06-20 01:35:00+00:00,14.800000190734863,14.800000190734863,14.779999732971191,14.779999732971191,49318,0.0,0.0,0.0
2025-06-20 01:40:00+00:00,14.770000457763672,14.779999732971191,14.760000228881836,14.760000228881836,38852,0.0,0.0,0.0
2025-06-20 01:45:00+00:00,14.75,14.760000228881836,14.75,14.75,46240,0.0,0.0,0.0
2025-06-20 01:50:00+00:00,14.75,14.760000228881836,14.75,14.75,10354,0.0,0.0,0.0
2025-06-20 01:55:00+00:00,14.75,14.75,14.75,14.75,3150,0.0,0.0,0.0
2025-06-20 02:00:00+00:00,14.75,14.75,14.75,14.75,39000,0.0,0.0,0.0
2025-06-20 02:05:00+00:00,14.760000228881836,14.760000228881836,14.75,14.75,41862,0.0,0.0,0.0
2025-06-20 02:10:00+00:00,14.75,14.75,14.75,14.75,4000,0.0,0.0,0.0
2025-06-20 02:15:00+00:00,14.760000228881836,14.760000228881836,14.760000228881836,14.760000228881836,3000,0.0,0.0,0.0
2025-06-20 02:20:00+00:00,14.760000228881836,14.760000228881836,14.760000228881836,14.760000228881836,2000,0.0,0.0,0.0
2025-06-20 02:25:00+00:00,14.760000228881836,14.760000228881836,14.760000228881836,14.760000228881836,4030,0.0,0.0,0.0
2025-06-20 02:30:00+00:00,14.760000228881836,14.760000228881836,14.75,14.760000228881836,15000,0.0,0.0,0.0
2025-06-20 02:40:00+00:00,14.770000457763672,14.770000457763672,14.770000457763672,14.770000457763672,1000,0.0,0.0,0.0
2025-06-20 02:45:00+00:00,14.770000457763672,14.770000457763672,14.760000228881836,14.770000457763672,12871,0.0,0.0,0.0
2025-06-20 02:55:00+00:00,14.75,14.75,14.75,14.75,173436,0.0,0.0,0.0
2025-06-20 03:00:00+00:00,14.75,14.75,14.75,14.75,2330,0.0,0.0,0.0
2025-06-20 03:10:00+00:00,14.75,14.75,14.739999771118164,14.739999771118164,8546,0.0,0.0,0.0
2025-06-20 03:20:00+00:00,14.739999771118164,14.75,14.739999771118164,14.739999771118164,15775,0.0,0.0,0.0
2025-06-20 03:25:00+00:00,14.75,14.75,14.75,14.75,1000,0.0,0.0,0.0
2025-06-20 03:30:00+00:00,14.760000228881836,14.760000228881836,14.75,14.75,107150,0.0,0.0,0.0
2025-06-20 03:35:00+00:00,14.760000228881836,14.770000457763672,14.760000228881836,14.770000457763672,65550,0.0,0.0,0.0
2025-06-20 03:45:00+00:00,14.770000457763672,14.770000457763672,14.770000457763672,14.770000457763672,2000,0.0,0.0,0.0
2025-06-20 03:50:00+00:00,14.779999732971191,14.779999732971191,14.779999732971191,14.779999732971191,5000,0.0,0.0,0.0
2025-06-20 03:55:00+00:00,14.770000457763672,14.770000457763672,14.770000457763672,14.770000457763672,1010,0.0,0.0,0.0
2025-06-20 04:20:00+00:00,14.770000457763672,14.770000457763672,14.770000457763672,14.770000457763672,6297,0.0,0.0,0.0
2025-06-20 04:30:00+00:00,14.770000457763672,14.770000457763672,14.770000457763672,14.770000457763672,1000,0.0,0.0,0.0
2025-06-20 04:35:00+00:00,14.760000228881836,14.760000228881836,14.760000228881836,14.760000228881836,5000,0.0,0.0,0.0
2025-06-20 04:45:00+00:00,14.760000228881836,14.760000228881836,14.760000228881836,14.760000228881836,3360,0.0,0.0,0.0
2025-06-20 04:50:00+00:00,14.760000228881836,14.770000457763672,14.760000228881836,14.770000457763672,11000,0.0,0.0,0.0
2025-06-20 04:55:00+00:00,14.770000457763672,14.770000457763672,14.770000457763672,14.770000457763672,3222,0.0,0.0,0.0
2025-06-20 05:00:00+00:00,14.760000228881836,14.760000228881836,14.760000228881836,14.760000228881836,1285,0.0,0.0,0.0
2025-06-20 05:05:00+00:00,14.75,14.75,14.75,14.75,10095,0.0,0.0,0.0
2025-06-20 05:10:00+00:00,14.75,14.779999732971191,14.75,14.779999732971191,9584,0.0,0.0,0.0
2025-06-20 05:15:00+00:00,14.760000228881836,14.760000228881836,14.760000228881836,14.760000228881836,3000,0.0,0.0,0.0
2025-06-20 05:20:00+00:00,14.760000228881836,14.760000228881836,14.760000228881836,14.760000228881836,3263,0.0,0.0,0.0
2025-06-23 01:00:00+00:00,14.5600004196167,14.5600004196167,14.510000228881836,14.510000228881836,0,0.0,0.0,0.0
2025-06-23 01:05:00+00:00,14.600000381469727,14.609999656677246,14.600000381469727,14.600000381469727,35192,0.0,0.0,0.0
2025-06-23 01:10:00+00:00,14.609999656677246,14.609999656677246,14.600000381469727,14.600000381469727,17000,0.0,0.0,0.0
2025-06-23 01:15:00+00:00,14.59000015258789,14.59000015258789,14.550000190734863,14.550000190734863,13359,0.0,0.0,0.0
2025-06-23 01:20:00+00:00,14.550000190734863,14.550000190734863,14.539999961853027,14.539999961853027,23219,0.0,0.0,0.0
2025-06-23 01:25:00+00:00,14.529999732971191,14.529999732971191,14.5,14.5,55445,0.0,0.0,0.0
2025-06-23 01:30:00+00:00,14.5,14.520000457763672,14.5,14.520000457763672,81093,0.0,0.0,0.0
2025-06-23 01:35:00+00:00,14.539999961853027,14.539999961853027,14.539999961853027,14.539999961853027,7000,0.0,0.0,0.0
2025-06-23 01:40:00+00:00,14.529999732971191,14.529999732971191,14.529999732971191,14.529999732971191,9318,0.0,0.0,0.0
2025-06-23 01:45:00+00:00,14.539999961853027,14.539999961853027,14.529999732971191,14.529999732971191,4573,0.0,0.0,0.0
2025-06-23 01:50:00+00:00,14.529999732971191,14.550000190734863,14.529999732971191,14.550000190734863,19000,0.0,0.0,0.0
2025-06-23 01:55:00+00:00,14.529999732971191,14.529999732971191,14.520000457763672,14.520000457763672,10411,0.0,0.0,0.0
2025-06-23 02:00:00+00:00,14.550000190734863,14.550000190734863,14.520000457763672,14.520000457763672,4316,0.0,0.0,0.0
2025-06-23 02:05:00+00:00,14.539999961853027,14.539999961853027,14.539999961853027,14.539999961853027,100000,0.0,0.0,0.0
2025-06-23 02:10:00+00:00,14.550000190734863,14.550000190734863,14.550000190734863,14.550000190734863,1000,0.0,0.0,0.0
2025-06-23 02:15:00+00:00,14.550000190734863,14.550000190734863,14.539999961853027,14.539999961853027,19235,0.0,0.0,0.0
2025-06-23 02:20:00+00:00,14.539999961853027,14.550000190734863,14.539999961853027,14.550000190734863,121050,0.0,0.0,0.0
2025-06-23 02:25:00+00:00,14.539999961853027,14.539999961853027,14.539999961853027,14.539999961853027,60067,0.0,0.0,0.0
2025-06-23 02:30:00+00:00,14.5600004196167,14.5600004196167,14.539999961853027,14.539999961853027,33000,0.0,0.0,0.0
2025-06-23 02:35:00+00:00,14.539999961853027,14.539999961853027,14.539999961853027,14.539999961853027,3091,0.0,0.0,0.0
2025-06-23 02:40:00+00:00,14.539999961853027,14.539999961853027,14.539999961853027,14.539999961853027,100300,0.0,0.0,0.0
2025-06-23 02:45:00+00:00,14.5600004196167,14.5600004196167,14.529999732971191,14.529999732971191,10767,0.0,0.0,0.0
2025-06-23 02:50:00+00:00,14.539999961853027,14.539999961853027,14.539999961853027,14.539999961853027,2000,0.0,0.0,0.0
2025-06-23 02:55:00+00:00,14.539999961853027,14.550000190734863,14.539999961853027,14.550000190734863,6500,0.0,0.0,0.0
2025-06-23 03:00:00+00:00,14.550000190734863,14.5600004196167,14.539999961853027,14.539999961853027,7224,0.0,0.0,0.0
2025-06-23 03:10:00+00:00,14.539999961853027,14.539999961853027,14.539999961853027,14.539999961853027,1000,0.0,0.0,0.0
2025-06-23 03:15:00+00:00,14.550000190734863,14.569999694824219,14.539999961853027,14.539999961853027,4000,0.0,0.0,0.0
2025-06-23 03:25:00+00:00,14.579999923706055,14.579999923706055,14.5600004196167,14.5600004196167,32000,0.0,0.0,0.0
2025-06-23 03:30:00+00:00,14.579999923706055,14.579999923706055,14.579999923706055,14.579999923706055,1000,0.0,0.0,0.0
2025-06-23 03:40:00+00:00,14.579999923706055,14.579999923706055,14.579999923706055,14.579999923706055,7095,0.0,0.0,0.0
2025-06-23 03:45:00+00:00,14.59000015258789,14.59000015258789,14.569999694824219,14.569999694824219,5008,0.0,0.0,0.0
2025-06-23 03:50:00+00:00,14.569999694824219,14.569999694824219,14.569999694824219,14.569999694824219,1590,0.0,0.0,0.0
2025-06-23 04:00:00+00:00,14.569999694824219,14.569999694824219,14.569999694824219,14.569999694824219,2018,0.0,0.0,0.0
2025-06-23 04:10:00+00:00,14.569999694824219,14.569999694824219,14.569999694824219,14.569999694824219,1000,0.0,0.0,0.0
2025-06-23 04:15:00+00:00,14.579999923706055,14.579999923706055,14.579999923706055,14.579999923706055,84198,0.0,0.0,0.0
2025-06-23 04:20:00+00:00,14.579999923706055,14.579999923706055,14.579999923706055,14.579999923706055,10343,0.0,0.0,0.0
2025-06-23 04:25:00+00:00,14.579999923706055,14.59000015258789,14.579999923706055,14.59000015258789,3250,0.0,0.0,0.0
2025-06-23 04:30:00+00:00,14.59000015258789,14.59000015258789,14.59000015258789,14.59000015258789,6145,0.0,0.0,0.0
2025-06-23 04:35:00+00:00,14.59000015258789,14.59000015258789,14.579999923706055,14.579999923706055,7210,0.0,0.0,0.0
2025-06-23 04:40:00+00:00,14.569999694824219,14.569999694824219,14.569999694824219,14.569999694824219,3500,0.0,0.0,0.0
2025-06-23 04:45:00+00:00,14.569999694824219,14.59000015258789,14.569999694824219,14.59000015258789,6100,0.0,0.0,0.0
2025-06-23 04:50:00+00:00,14.579999923706055,14.579999923706055,14.579999923706055,14.579999923706055,25208,0.0,0.0,0.0
2025-06-23 04:55:00+00:00,14.579999923706055,14.579999923706055,14.579999923706055,14.579999923706055,2100,0.0,0.0,0.0
2025-06-23 05:00:00+00:00,14.600000381469727,14.600000381469727,14.600000381469727,14.600000381469727,7104,0.0,0.0,0.0
2025-06-23 05:05:00+00:00,14.600000381469727,14.600000381469727,14.600000381469727,14.600000381469727,2141,0.0,0.0,0.0
2025-06-23 05:10:00+00:00,14.59000015258789,14.59000015258789,14.59000015258789,14.59000015258789,1500,0.0,0.0,0.0
2025-06-23 05:15:00+00:00,14.59000015258789,14.609999656677246,14.59000015258789,14.600000381469727,36000,0.0,0.0,0.0
2025-06-23 05:20:00+00:00,14.600000381469727,14.600000381469727,14.600000381469727,14.600000381469727,1309,0.0,0.0,0.0
2025-06-24 01:00:00+00:00,14.770000457763672,14.770000457763672,14.770000457763672,14.770000457763672,0,0.011,0.0,0.0
2025-06-24 01:05:00+00:00,14.770000457763672,14.800000190734863,14.760000228881836,14.800000190734863,23097,0.0,0.0,0.0
2025-06-24 01:15:00+00:00,14.800000190734863,14.819999694824219,14.800000190734863,14.819999694824219,64700,0.0,0.0,0.0
2025-06-24 01:20:00+00:00,14.819999694824219,14.819999694824219,14.819999694824219,14.819999694824219,6047,0.0,0.0,0.0
2025-06-24 01:25:00+00:00,14.789999961853027,14.789999961853027,14.789999961853027,14.789999961853027,1100,0.0,0.0,0.0
2025-06-24 01:30:00+00:00,14.789999961853027,14.789999961853027,14.789999961853027,14.789999961853027,2002,0.0,0.0,0.0
2025-06-24 01:35:00+00:00,14.770000457763672,14.779999732971191,14.770000457763672,14.779999732971191,11020,0.0,0.0,0.0
2025-06-24 01:40:00+00:00,14.779999732971191,14.789999961853027,14.779999732971191,14.789999961853027,15027,0.0,0.0,0.0
2025-06-24 01:50:00+00:00,14.789999961853027,14.789999961853027,14.789999961853027,14.789999961853027,1000,0.0,0.0,0.0
2025-06-24 01:55:00+00:00,14.789999961853027,14.789999961853027,14.789999961853027,14.789999961853027,4310,0.0,0.0,0.0
2025-06-24 02:00:00+00:00,14.779999732971191,14.779999732971191,14.779999732971191,14.779999732971191,16000,0.0,0.0,0.0
2025-06-24 02:05:00+00:00,14.779999732971191,14.779999732971191,14.760000228881836,14.760000228881836,103397,0.0,0.0,0.0
2025-06-24 02:15:00+00:00,14.770000457763672,14.770000457763672,14.770000457763672,14.770000457763672,2545,0.0,0.0,0.0
2025-06-24 02:30:00+00:00,14.770000457763672,14.779999732971191,14.770000457763672,14.779999732971191,62261,0.0,0.0,0.0
2025-06-24 02:40:00+00:00,14.770000457763672,14.770000457763672,14.760000228881836,14.760000228881836,23500,0.0,0.0,0.0
2025-06-24 02:45:00+00:00,14.760000228881836,14.760000228881836,14.760000228881836,14.760000228881836,15216,0.0,0.0,0.0
2025-06-24 02:50:00+00:00,14.75,14.75,14.75,14.75,5000,0.0,0.0,0.0
2025-06-24 02:55:00+00:00,14.75,14.75,14.75,14.75,20165,0.0,0.0,0.0
2025-06-24 03:00:00+00:00,14.75,14.760000228881836,14.75,14.760000228881836,66135,0.0,0.0,0.0
2025-06-24 03:10:00+00:00,14.770000457763672,14.770000457763672,14.770000457763672,14.770000457763672,12358,0.0,0.0,0.0
2025-06-24 03:20:00+00:00,14.770000457763672,14.779999732971191,14.770000457763672,14.779999732971191,106096,0.0,0.0,0.0
2025-06-24 03:25:00+00:00,14.779999732971191,14.779999732971191,14.779999732971191,14.779999732971191,8500,0.0,0.0,0.0
2025-06-24 03:30:00+00:00,14.779999732971191,14.800000190734863,14.779999732971191,14.800000190734863,80598,0.0,0.0,0.0
2025-06-24 03:35:00+00:00,14.8100004196167,14.8100004196167,14.8100004196167,14.8100004196167,2015,0.0,0.0,0.0
2025-06-24 03:40:00+00:00,14.779999732971191,14.779999732971191,14.779999732971191,14.779999732971191,10000,0.0,0.0,0.0
2025-06-24 03:45:00+00:00,14.779999732971191,14.779999732971191,14.779999732971191,14.779999732971191,1000,0.0,0.0,0.0
2025-06-24 03:50:00+00:00,14.779999732971191,14.779999732971191,14.770000457763672,14.770000457763672,4967,0.0,0.0,0.0
2025-06-24 04:00:00+00:00,14.779999732971191,14.779999732971191,14.779999732971191,14.779999732971191,10000,0.0,0.0,0.0
2025-06-24 04:05:00+00:00,14.770000457763672,14.770000457763672,14.760000228881836,14.760000228881836,4000,0.0,0.0,0.0
2025-06-24 04:10:00+00:00,14.760000228881836,14.760000228881836,14.760000228881836,14.760000228881836,4100,0.0,0.0,0.0
2025-06-24 04:15:00+00:00,14.760000228881836,14.760000228881836,14.760000228881836,14.760000228881836,100085,0.0,0.0,0.0
2025-06-24 04:20:00+00:00,14.760000228881836,14.760000228881836,14.760000228881836,14.760000228881836,5000,0.0,0.0,0.0
2025-06-24 04:25:00+00:00,14.75,14.760000228881836,14.75,14.760000228881836,21065,0.0,0.0,0.0
2025-06-24 04:35:00+00:00,14.770000457763672,14.770000457763672,14.760000228881836,14.760000228881836,60000,0.0,0.0,0.0
2025-06-24 04:40:00+00:00,14.770000457763672,14.779999732971191,14.770000457763672,14.779999732971191,20507,0.0,0.0,0.0
2025-06-24 04:45:00+00:00,14.779999732971191,14.779999732971191,14.779999732971191,14.779999732971191,1988,0.0,0.0,0.0
2025-06-24 04:50:00+00:00,14.779999732971191,14.789999961853027,14.770000457763672,14.789999961853027,31050,0.0,0.0,0.0
2025-06-24 04:55:00+00:00,14.779999732971191,14.779999732971191,14.779999732971191,14.779999732971191,5733,0.0,0.0,0.0
2025-06-24 05:00:00+00:00,14.789999961853027,14.789999961853027,14.789999961853027,14.789999961853027,9177,0.0,0.0,0.0
2025-06-24 05:10:00+00:00,14.779999732971191,14.779999732971191,14.779999732971191,14.779999732971191,1046,0.0,0.0,0.0
2025-06-24 05:15:00+00:00,14.779999732971191,14.779999732971191,14.779999732971191,14.779999732971191,7094,0.0,0.0,0.0
2025-06-24 05:20:00+00:00,14.789999961853027,14.789999961853027,14.779999732971191,14.779999732971191,6000,0.0,0.0,0.0
2025-06-25 01:00:00+00:00,14.800000190734863,14.84000015258789,14.800000190734863,14.819999694824219,718000,0.0,0.0,0.0
2025-06-25 01:05:00+00:00,14.819999694824219,14.819999694824219,14.8100004196167,14.8100004196167,135000,0.0,0.0,0.0
2025-06-25 01:10:00+00:00,14.789999961853027,14.789999961853027,14.789999961853027,14.789999961853027,64665,0.0,0.0,0.0
2025-06-25 01:15:00+00:00,14.789999961853027,14.789999961853027,14.789999961853027,14.789999961853027,53574,0.0,0.0,0.0
2025-06-25 01:25:00+00:00,14.779999732971191,14.779999732971191,14.770000457763672,14.770000457763672,106950,0.0,0.0,0.0
2025-06-25 01:30:00+00:00,14.770000457763672,14.770000457763672,14.770000457763672,14.770000457763672,21533,0.0,0.0,0.0
2025-06-25 01:35:00+00:00,14.789999961853027,14.819999694824219,14.789999961853027,14.819999694824219,79340,0.0,0.0,0.0
2025-06-25 01:40:00+00:00,14.8100004196167,14.8100004196167,14.8100004196167,14.8100004196167,1000,0.0,0.0,0.0
2025-06-25 01:45:00+00:00,14.800000190734863,14.800000190734863,14.800000190734863,14.800000190734863,3305,0.0,0.0,0.0
2025-06-25 01:50:00+00:00,14.800000190734863,14.800000190734863,14.800000190734863,14.800000190734863,1010,0.0,0.0,0.0
2025-06-25 02:00:00+00:00,14.800000190734863,14.800000190734863,14.789999961853027,14.789999961853027,2000,0.0,0.0,0.0
2025-06-25 02:05:00+00:00,14.789999961853027,14.789999961853027,14.789999961853027,14.789999961853027,8000,0.0,0.0,0.0
2025-06-25 02:10:00+00:00,14.800000190734863,14.800000190734863,14.800000190734863,14.800000190734863,3250,0.0,0.0,0.0
2025-06-25 02:15:00+00:00,14.800000190734863,14.800000190734863,14.800000190734863,14.800000190734863,39150,0.0,0.0,0.0
2025-06-25 02:20:00+00:00,14.789999961853027,14.789999961853027,14.789999961853027,14.789999961853027,2468,0.0,0.0,0.0
2025-06-25 02:25:00+00:00,14.779999732971191,14.779999732971191,14.779999732971191,14.779999732971191,30000,0.0,0.0,0.0
2025-06-25 02:30:00+00:00,14.779999732971191,14.779999732971191,14.770000457763672,14.770000457763672,24000,0.0,0.0,0.0
2025-06-25 02:35:00+00:00,14.779999732971191,14.779999732971191,14.779999732971191,14.779999732971191,11000,0.0,0.0,0.0
2025-06-25 02:40:00+00:00,14.789999961853027,14.789999961853027,14.779999732971191,14.779999732971191,7005,0.0,0.0,0.0
2025-06-25 02:45:00+00:00,14.779999732971191,14.789999961853027,14.779999732971191,14.779999732971191,29102,0.0,0.0,0.0
2025-06-25 02:55:00+00:00,14.779999732971191,14.779999732971191,14.779999732971191,14.779999732971191,5139,0.0,0.0,0.0
2025-06-25 03:00:00+00:00,14.789999961853027,14.789999961853027,14.789999961853027,14.789999961853027,5000,0.0,0.0,0.0
2025-06-25 03:05:00+00:00,14.800000190734863,14.800000190734863,14.800000190734863,14.800000190734863,11049,0.0,0.0,0.0
2025-06-25 03:10:00+00:00,14.800000190734863,14.800000190734863,14.800000190734863,14.800000190734863,21094,0.0,0.0,0.0
2025-06-25 03:15:00+00:00,14.800000190734863,14.800000190734863,14.800000190734863,14.800000190734863,8200,0.0,0.0,0.0
2025-06-25 03:20:00+00:00,14.800000190734863,14.8100004196167,14.800000190734863,14.8100004196167,62500,0.0,0.0,0.0
2025-06-25 03:30:00+00:00,14.8100004196167,14.8100004196167,14.8100004196167,14.8100004196167,2060,0.0,0.0,0.0
2025-06-25 03:35:00+00:00,14.8100004196167,14.8100004196167,14.8100004196167,14.8100004196167,15844,0.0,0.0,0.0
2025-06-25 03:40:00+00:00,14.8100004196167,14.819999694824219,14.8100004196167,14.819999694824219,85020,0.0,0.0,0.0
2025-06-25 03:45:00+00:00,14.8100004196167,14.8100004196167,14.8100004196167,14.8100004196167,100000,0.0,0.0,0.0
2025-06-25 03:55:00+00:00,14.8100004196167,14.8100004196167,14.8100004196167,14.8100004196167,3000,0.0,0.0,0.0
2025-06-25 04:00:00+00:00,14.8100004196167,14.8100004196167,14.8100004196167,14.8100004196167,107000,0.0,0.0,0.0
2025-06-25 04:15:00+00:00,14.8100004196167,14.8100004196167,14.8100004196167,14.8100004196167,37200,0.0,0.0,0.0
2025-06-25 04:20:00+00:00,14.8100004196167,14.8100004196167,14.8100004196167,14.8100004196167,5100,0.0,0.0,0.0
2025-06-25 04:35:00+00:00,14.8100004196167,14.8100004196167,14.8100004196167,14.8100004196167,3000,0.0,0.0,0.0
2025-06-25 04:40:00+00:00,14.8100004196167,14.8100004196167,14.8100004196167,14.8100004196167,7806,0.0,0.0,0.0
2025-06-25 04:45:00+00:00,14.8100004196167,14.8100004196167,14.8100004196167,14.8100004196167,8660,0.0,0.0,0.0
2025-06-25 04:50:00+00:00,14.8100004196167,14.8100004196167,14.800000190734863,14.8100004196167,5000,0.0,0.0,0.0
2025-06-25 04:55:00+00:00,14.819999694824219,14.819999694824219,14.819999694824219,14.819999694824219,50183,0.0,0.0,0.0
2025-06-25 05:00:00+00:00,14.819999694824219,14.829999923706055,14.819999694824219,14.819999694824219,103000,0.0,0.0,0.0
2025-06-25 05:05:00+00:00,14.819999694824219,14.819999694824219,14.819999694824219,14.819999694824219,4460,0.0,0.0,0.0
2025-06-25 05:15:00+00:00,14.829999923706055,14.829999923706055,14.8100004196167,14.8100004196167,0,0.0,0.0,0.0
2025-06-25 05:20:00+00:00,14.8100004196167,14.8100004196167,14.8100004196167,14.8100004196167,2203480,0.0,0.0,0.0
2025-06-26 01:00:00+00:00,14.8100004196167,14.8100004196167,14.8100004196167,14.8100004196167,0,0.0,0.0,0.0
2025-06-26 01:05:00+00:00,14.8100004196167,14.819999694824219,14.8100004196167,14.819999694824219,25917,0.0,0.0,0.0
2025-06-26 01:10:00+00:00,14.819999694824219,14.829999923706055,14.819999694824219,14.829999923706055,31162,0.0,0.0,0.0
2025-06-26 01:15:00+00:00,14.84000015258789,14.84000015258789,14.829999923706055,14.829999923706055,21000,0.0,0.0,0.0
2025-06-26 01:20:00+00:00,14.829999923706055,14.829999923706055,14.829999923706055,14.829999923706055,6020,0.0,0.0,0.0
2025-06-26 01:25:00+00:00,14.84000015258789,14.84000015258789,14.84000015258789,14.84000015258789,53149,0.0,0.0,0.0
2025-06-26 01:30:00+00:00,14.850000381469727,14.850000381469727,14.850000381469727,14.850000381469727,2344,0.0,0.0,0.0
2025-06-26 01:35:00+00:00,14.84000015258789,14.850000381469727,14.84000015258789,14.850000381469727,53000,0.0,0.0,0.0
2025-06-26 01:45:00+00:00,14.850000381469727,14.850000381469727,14.829999923706055,14.84000015258789,26254,0.0,0.0,0.0
2025-06-26 01:55:00+00:00,14.84000015258789,14.84000015258789,14.84000015258789,14.84000015258789,11130,0.0,0.0,0.0
2025-06-26 02:00:00+00:00,14.850000381469727,14.850000381469727,14.84000015258789,14.850000381469727,56102,0.0,0.0,0.0
2025-06-26 02:05:00+00:00,14.859999656677246,14.899999618530273,14.859999656677246,14.899999618530273,106460,0.0,0.0,0.0
2025-06-26 02:10:00+00:00,14.90999984741211,14.930000305175781,14.90999984741211,14.930000305175781,33203,0.0,0.0,0.0
2025-06-26 02:15:00+00:00,14.949999809265137,14.949999809265137,14.930000305175781,14.930000305175781,9133,0.0,0.0,0.0
2025-06-26 02:20:00+00:00,14.90999984741211,14.90999984741211,14.90999984741211,14.90999984741211,58800,0.0,0.0,0.0
2025-06-26 02:25:00+00:00,14.90999984741211,14.90999984741211,14.90999984741211,14.90999984741211,2031,0.0,0.0,0.0
2025-06-26 02:30:00+00:00,14.920000076293945,14.920000076293945,14.920000076293945,14.920000076293945,2100,0.0,0.0,0.0
2025-06-26 02:35:00+00:00,14.899999618530273,14.899999618530273,14.899999618530273,14.899999618530273,108081,0.0,0.0,0.0
2025-06-26 02:45:00+00:00,14.90999984741211,14.90999984741211,14.90999984741211,14.90999984741211,2661,0.0,0.0,0.0
2025-06-26 02:55:00+00:00,14.899999618530273,14.899999618530273,14.899999618530273,14.899999618530273,205000,0.0,0.0,0.0
2025-06-26 03:00:00+00:00,14.890000343322754,14.920000076293945,14.890000343322754,14.90999984741211,625131,0.0,0.0,0.0
2025-06-26 03:15:00+00:00,14.90999984741211,14.90999984741211,14.880000114440918,14.880000114440918,17195,0.0,0.0,0.0
2025-06-26 03:20:00+00:00,14.880000114440918,14.880000114440918,14.880000114440918,14.880000114440918,2031,0.0,0.0,0.0
2025-06-26 03:30:00+00:00,14.880000114440918,14.880000114440918,14.880000114440918,14.880000114440918,10384,0.0,0.0,0.0
2025-06-26 03:40:00+00:00,14.880000114440918,14.880000114440918,14.880000114440918,14.880000114440918,14272,0.0,0.0,0.0
2025-06-26 03:55:00+00:00,14.869999885559082,14.869999885559082,14.869999885559082,14.869999885559082,100124,0.0,0.0,0.0
2025-06-26 04:05:00+00:00,14.859999656677246,14.869999885559082,14.859999656677246,14.869999885559082,60301,0.0,0.0,0.0
2025-06-26 04:20:00+00:00,14.869999885559082,14.880000114440918,14.869999885559082,14.880000114440918,34061,0.0,0.0,0.0
2025-06-26 04:25:00+00:00,14.869999885559082,14.869999885559082,14.869999885559082,14.869999885559082,12171,0.0,0.0,0.0
2025-06-26 04:35:00+00:00,14.869999885559082,14.880000114440918,14.869999885559082,14.869999885559082,48330,0.0,0.0,0.0
2025-06-26 04:40:00+00:00,14.850000381469727,14.850000381469727,14.850000381469727,14.850000381469727,2100,0.0,0.0,0.0
2025-06-26 04:45:00+00:00,14.850000381469727,14.850000381469727,14.850000381469727,14.850000381469727,1131,0.0,0.0,0.0
2025-06-26 04:50:00+00:00,14.850000381469727,14.850000381469727,14.850000381469727,14.850000381469727,4100,0.0,0.0,0.0
2025-06-26 04:55:00+00:00,14.859999656677246,14.859999656677246,14.850000381469727,14.850000381469727,25164,0.0,0.0,0.0
2025-06-26 05:05:00+00:00,14.84000015258789,14.84000015258789,14.84000015258789,14.84000015258789,207323,0.0,0.0,0.0
2025-06-26 05:15:00+00:00,14.829999923706055,14.829999923706055,14.819999694824219,14.819999694824219,13300,0.0,0.0,0.0
2025-06-26 05:20:00+00:00,14.819999694824219,14.819999694824219,14.819999694824219,14.819999694824219,3400,0.0,0.0,0.0
2025-06-27 01:00:00+00:00,14.90999984741211,14.9399995803833,14.90999984741211,14.90999984741211,0,0.0,0.0,0.0
2025-06-27 01:05:00+00:00,14.90999984741211,14.90999984741211,14.890000343322754,14.899999618530273,14850,0.0,0.0,0.0
2025-06-27 01:10:00+00:00,14.899999618530273,14.949999809265137,14.899999618530273,14.949999809265137,29020,0.0,0.0,0.0
2025-06-27 01:15:00+00:00,14.949999809265137,14.949999809265137,14.949999809265137,14.949999809265137,3000,0.0,0.0,0.0
2025-06-27 01:20:00+00:00,14.920000076293945,14.920000076293945,14.920000076293945,14.920000076293945,10000,0.0,0.0,0.0
2025-06-27 01:25:00+00:00,14.920000076293945,14.930000305175781,14.920000076293945,14.930000305175781,23180,0.0,0.0,0.0
2025-06-27 01:30:00+00:00,14.899999618530273,14.899999618530273,14.899999618530273,14.899999618530273,100000,0.0,0.0,0.0
2025-06-27 01:50:00+00:00,14.869999885559082,14.869999885559082,14.869999885559082,14.869999885559082,3744,0.0,0.0,0.0
2025-06-27 01:55:00+00:00,14.859999656677246,14.859999656677246,14.850000381469727,14.859999656677246,39563,0.0,0.0,0.0
2025-06-27 02:10:00+00:00,14.859999656677246,14.859999656677246,14.859999656677246,14.859999656677246,15536,0.0,0.0,0.0
2025-06-27 02:15:00+00:00,14.869999885559082,14.869999885559082,14.869999885559082,14.869999885559082,17700,0.0,0.0,0.0
2025-06-27 02:20:00+00:00,14.880000114440918,14.880000114440918,14.880000114440918,14.880000114440918,4000,0.0,0.0,0.0
2025-06-27 02:25:00+00:00,14.880000114440918,14.880000114440918,14.880000114440918,14.880000114440918,26021,0.0,0.0,0.0
2025-06-27 02:35:00+00:00,14.880000114440918,14.880000114440918,14.880000114440918,14.880000114440918,100025,0.0,0.0,0.0
2025-06-27 02:40:00+00:00,14.880000114440918,14.890000343322754,14.880000114440918,14.890000343322754,41000,0.0,0.0,0.0
2025-06-27 02:50:00+00:00,14.899999618530273,14.90999984741211,14.899999618530273,14.90999984741211,54342,0.0,0.0,0.0
2025-06-27 02:55:00+00:00,14.890000343322754,14.90999984741211,14.890000343322754,14.90999984741211,2040,0.0,0.0,0.0
2025-06-27 03:05:00+00:00,14.90999984741211,14.90999984741211,14.90999984741211,14.90999984741211,6250,0.0,0.0,0.0
2025-06-27 03:15:00+00:00,14.90999984741211,14.90999984741211,14.90999984741211,14.90999984741211,7000,0.0,0.0,0.0
2025-06-27 03:20:00+00:00,14.90999984741211,14.90999984741211,14.90999984741211,14.90999984741211,1000,0.0,0.0,0.0
2025-06-27 03:25:00+00:00,14.90999984741211,14.90999984741211,14.90999984741211,14.90999984741211,1141,0.0,0.0,0.0
2025-06-27 03:40:00+00:00,14.899999618530273,14.899999618530273,14.899999618530273,14.899999618530273,7000,0.0,0.0,0.0
2025-06-27 03:45:00+00:00,14.899999618530273,14.899999618530273,14.899999618530273,14.899999618530273,6000,0.0,0.0,0.0
2025-06-27 03:50:00+00:00,14.899999618530273,14.899999618530273,14.899999618530273,14.899999618530273,5000,0.0,0.0,0.0
2025-06-27 04:00:00+00:00,14.899999618530273,14.899999618530273,14.899999618530273,14.899999618530273,7203,0.0,0.0,0.0
2025-06-27 04:05:00+00:00,14.899999618530273,14.899999618530273,14.899999618530273,14.899999618530273,21000,0.0,0.0,0.0
2025-06-27 04:15:00+00:00,14.899999618530273,14.899999618530273,14.899999618530273,14.899999618530273,32555,0.0,0.0,0.0
2025-06-27 04:20:00+00:00,14.90999984741211,14.90999984741211,14.90999984741211,14.90999984741211,26080,0.0,0.0,0.0
2025-06-27 04:25:00+00:00,14.90999984741211,14.90999984741211,14.90999984741211,14.90999984741211,6000,0.0,0.0,0.0
2025-06-27 04:30:00+00:00,14.920000076293945,14.920000076293945,14.90999984741211,14.920000076293945,68000,0.0,0.0,0.0
2025-06-27 04:35:00+00:00,14.920000076293945,14.920000076293945,14.920000076293945,14.920000076293945,2180,0.0,0.0,0.0
2025-06-27 04:40:00+00:00,14.920000076293945,14.920000076293945,14.920000076293945,14.920000076293945,4000,0.0,0.0,0.0
2025-06-27 04:45:00+00:00,14.920000076293945,14.920000076293945,14.920000076293945,14.920000076293945,10000,0.0,0.0,0.0
2025-06-27 04:50:00+00:00,14.920000076293945,14.920000076293945,14.920000076293945,14.920000076293945,7080,0.0,0.0,0.0
2025-06-27 04:55:00+00:00,14.920000076293945,14.920000076293945,14.920000076293945,14.920000076293945,1000,0.0,0.0,0.0
2025-06-27 05:00:00+00:00,14.920000076293945,14.920000076293945,14.920000076293945,14.920000076293945,16000,0.0,0.0,0.0
2025-06-27 05:05:00+00:00,14.920000076293945,14.920000076293945,14.920000076293945,14.920000076293945,9300,0.0,0.0,0.0
2025-06-27 05:10:00+00:00,14.920000076293945,14.920000076293945,14.920000076293945,14.920000076293945,33000,0.0,0.0,0.0
2025-06-27 05:15:00+00:00,14.920000076293945,14.920000076293945,14.920000076293945,14.920000076293945,2135,0.0,0.0,0.0
2025-06-27 05:20:00+00:00,14.930000305175781,14.930000305175781,14.90999984741211,14.930000305175781,8100,0.0,0.0,0.0
2025-06-30 01:00:00+00:00,14.920000076293945,14.920000076293945,14.890000343322754,14.890000343322754,0,0.0,0.0,0.0
2025-06-30 01:05:00+00:00,14.859999656677246,14.859999656677246,14.859999656677246,14.859999656677246,39445,0.0,0.0,0.0
2025-06-30 01:10:00+00:00,14.869999885559082,14.869999885559082,14.859999656677246,14.859999656677246,3010,0.0,0.0,0.0
2025-06-30 01:15:00+00:00,14.859999656677246,14.859999656677246,14.84000015258789,14.84000015258789,103250,0.0,0.0,0.0
2025-06-30 01:20:00+00:00,14.84000015258789,14.84000015258789,14.829999923706055,14.84000015258789,11407,0.0,0.0,0.0
2025-06-30 01:25:00+00:00,14.84000015258789,14.84000015258789,14.84000015258789,14.84000015258789,10000,0.0,0.0,0.0
2025-06-30 01:30:00+00:00,14.859999656677246,14.859999656677246,14.84000015258789,14.84000015258789,23052,0.0,0.0,0.0
2025-06-30 01:40:00+00:00,14.859999656677246,14.859999656677246,14.850000381469727,14.850000381469727,3000,0.0,0.0,0.0
2025-06-30 01:45:00+00:00,14.869999885559082,14.869999885559082,14.869999885559082,14.869999885559082,4100,0.0,0.0,0.0
2025-06-30 01:50:00+00:00,14.869999885559082,14.869999885559082,14.859999656677246,14.859999656677246,5037,0.0,0.0,0.0
2025-06-30 01:55:00+00:00,14.869999885559082,14.869999885559082,14.859999656677246,14.859999656677246,13290,0.0,0.0,0.0
2025-06-30 02:00:00+00:00,14.869999885559082,14.869999885559082,14.859999656677246,14.859999656677246,46215,0.0,0.0,0.0
2025-06-30 02:10:00+00:00,14.859999656677246,14.859999656677246,14.859999656677246,14.859999656677246,1000,0.0,0.0,0.0
2025-06-30 02:15:00+00:00,14.859999656677246,14.859999656677246,14.859999656677246,14.859999656677246,18022,0.0,0.0,0.0
2025-06-30 02:20:00+00:00,14.869999885559082,14.869999885559082,14.869999885559082,14.869999885559082,25250,0.0,0.0,0.0
2025-06-30 02:30:00+00:00,14.869999885559082,14.869999885559082,14.869999885559082,14.869999885559082,2222,0.0,0.0,0.0
2025-06-30 02:45:00+00:00,14.859999656677246,14.859999656677246,14.850000381469727,14.850000381469727,4830,0.0,0.0,0.0
2025-06-30 02:50:00+00:00,14.850000381469727,14.850000381469727,14.850000381469727,14.850000381469727,16226,0.0,0.0,0.0
2025-06-30 03:00:00+00:00,14.850000381469727,14.850000381469727,14.850000381469727,14.850000381469727,2020,0.0,0.0,0.0
2025-06-30 03:05:00+00:00,14.84000015258789,14.84000015258789,14.84000015258789,14.84000015258789,10770,0.0,0.0,0.0
2025-06-30 03:25:00+00:00,14.84000015258789,14.84000015258789,14.84000015258789,14.84000015258789,5300,0.0,0.0,0.0
2025-06-30 03:30:00+00:00,14.850000381469727,14.850000381469727,14.850000381469727,14.850000381469727,5753,0.0,0.0,0.0
2025-06-30 04:00:00+00:00,14.850000381469727,14.850000381469727,14.850000381469727,14.850000381469727,2000,0.0,0.0,0.0
2025-06-30 04:05:00+00:00,14.84000015258789,14.84000015258789,14.84000015258789,14.84000015258789,2200,0.0,0.0,0.0
2025-06-30 04:15:00+00:00,14.850000381469727,14.850000381469727,14.84000015258789,14.84000015258789,43266,0.0,0.0,0.0
2025-06-30 04:20:00+00:00,14.84000015258789,14.84000015258789,14.84000015258789,14.84000015258789,1374,0.0,0.0,0.0
2025-06-30 04:25:00+00:00,14.84000015258789,14.84000015258789,14.84000015258789,14.84000015258789,1145,0.0,0.0,0.0
2025-06-30 04:30:00+00:00,14.84000015258789,14.84000015258789,14.84000015258789,14.84000015258789,1100,0.0,0.0,0.0
2025-06-30 04:35:00+00:00,14.84000015258789,14.84000015258789,14.84000015258789,14.84000015258789,5506,0.0,0.0,0.0
2025-06-30 04:40:00+00:00,14.84000015258789,14.84000015258789,14.829999923706055,14.829999923706055,5127,0.0,0.0,0.0
2025-06-30 04:45:00+00:00,14.84000015258789,14.84000015258789,14.84000015258789,14.84000015258789,1200,0.0,0.0,0.0
2025-06-30 04:50:00+00:00,14.850000381469727,14.850000381469727,14.84000015258789,14.84000015258789,7142,0.0,0.0,0.0
2025-06-30 04:55:00+00:00,14.84000015258789,14.84000015258789,14.84000015258789,14.84000015258789,2017,0.0,0.0,0.0
2025-06-30 05:00:00+00:00,14.84000015258789,14.84000015258789,14.829999923706055,14.829999923706055,14000,0.0,0.0,0.0
2025-06-30 05:05:00+00:00,14.819999694824219,14.819999694824219,14.819999694824219,14.819999694824219,1202,0.0,0.0,0.0
2025-06-30 05:10:00+00:00,14.819999694824219,14.819999694824219,14.819999694824219,14.819999694824219,103239,0.0,0.0,0.0
2025-06-30 05:15:00+00:00,14.819999694824219,14.819999694824219,14.819999694824219,14.819999694824219,3000,0.0,0.0,0.0
2025-06-30 05:20:00+00:00,14.819999694824219,14.819999694824219,14.8100004196167,14.8100004196167,100741,0.0,0.0,0.0
2025-05-05 01:00:00+00:00,14.529999732971191,14.529999732971191,14.40999984741211,14.40999984741211,0,0.0,0.0,0.0
2025-05-05 01:05:00+00:00,14.420000076293945,14.420000076293945,14.399999618530273,14.399999618530273,439247,0.0,0.0,0.0
2025-05-05 01:10:00+00:00,14.399999618530273,14.4399995803833,14.390000343322754,14.4399995803833,115109,0.0,0.0,0.0
2025-05-05 01:15:00+00:00,14.4399995803833,14.449999809265137,14.4399995803833,14.449999809265137,10120,0.0,0.0,0.0
2025-05-05 01:20:00+00:00,14.4399995803833,14.449999809265137,14.420000076293945,14.420000076293945,115000,0.0,0.0,0.0
2025-05-05 01:25:00+00:00,14.420000076293945,14.420000076293945,14.380000114440918,14.390000343322754,121662,0.0,0.0,0.0
2025-05-05 01:30:00+00:00,14.380000114440918,14.390000343322754,14.359999656677246,14.359999656677246,120115,0.0,0.0,0.0
2025-05-05 01:35:00+00:00,14.369999885559082,14.369999885559082,14.350000381469727,14.350000381469727,411370,0.0,0.0,0.0
2025-05-05 01:40:00+00:00,14.350000381469727,14.350000381469727,14.34000015258789,14.350000381469727,111200,0.0,0.0,0.0
2025-05-05 01:45:00+00:00,14.34000015258789,14.34000015258789,14.270000457763672,14.270000457763672,172964,0.0,0.0,0.0
2025-05-05 01:50:00+00:00,14.260000228881836,14.300000190734863,14.260000228881836,14.270000457763672,160599,0.0,0.0,0.0
2025-05-05 01:55:00+00:00,14.279999732971191,14.279999732971191,14.270000457763672,14.279999732971191,18140,0.0,0.0,0.0
2025-05-05 02:00:00+00:00,14.300000190734863,14.300000190734863,14.270000457763672,14.300000190734863,11225,0.0,0.0,0.0
2025-05-05 02:05:00+00:00,14.270000457763672,14.279999732971191,14.260000228881836,14.279999732971191,34219,0.0,0.0,0.0
2025-05-05 02:10:00+00:00,14.260000228881836,14.300000190734863,14.260000228881836,14.300000190734863,78073,0.0,0.0,0.0
2025-05-05 02:15:00+00:00,14.3100004196167,14.329999923706055,14.3100004196167,14.329999923706055,31414,0.0,0.0,0.0
2025-05-05 02:20:00+00:00,14.300000190734863,14.319999694824219,14.289999961853027,14.3100004196167,28000,0.0,0.0,0.0
2025-05-05 02:25:00+00:00,14.319999694824219,14.329999923706055,14.319999694824219,14.329999923706055,13000,0.0,0.0,0.0
2025-05-05 02:30:00+00:00,14.329999923706055,14.350000381469727,14.289999961853027,14.289999961853027,113127,0.0,0.0,0.0
2025-05-05 02:35:00+00:00,14.300000190734863,14.300000190734863,14.300000190734863,14.300000190734863,3100,0.0,0.0,0.0
2025-05-05 02:40:00+00:00,14.300000190734863,14.319999694824219,14.289999961853027,14.319999694824219,10050,0.0,0.0,0.0
2025-05-05 02:45:00+00:00,14.3100004196167,14.3100004196167,14.300000190734863,14.300000190734863,8268,0.0,0.0,0.0
2025-05-05 02:50:00+00:00,14.300000190734863,14.34000015258789,14.300000190734863,14.34000015258789,27000,0.0,0.0,0.0
2025-05-05 02:55:00+00:00,14.34000015258789,14.34000015258789,14.329999923706055,14.34000015258789,19367,0.0,0.0,0.0
2025-05-05 03:00:00+00:00,14.350000381469727,14.350000381469727,14.34000015258789,14.350000381469727,166493,0.0,0.0,0.0
2025-05-05 03:05:00+00:00,14.369999885559082,14.369999885559082,14.34000015258789,14.34000015258789,43317,0.0,0.0,0.0
2025-05-05 03:10:00+00:00,14.329999923706055,14.34000015258789,14.329999923706055,14.329999923706055,12100,0.0,0.0,0.0
2025-05-05 03:15:00+00:00,14.329999923706055,14.34000015258789,14.329999923706055,14.34000015258789,8000,0.0,0.0,0.0
2025-05-05 03:20:00+00:00,14.34000015258789,14.369999885559082,14.34000015258789,14.350000381469727,121011,0.0,0.0,0.0
2025-05-05 03:25:00+00:00,14.359999656677246,14.359999656677246,14.350000381469727,14.350000381469727,9000,0.0,0.0,0.0
2025-05-05 03:30:00+00:00,14.359999656677246,14.359999656677246,14.350000381469727,14.350000381469727,22024,0.0,0.0,0.0
2025-05-05 03:35:00+00:00,14.350000381469727,14.359999656677246,14.34000015258789,14.34000015258789,45000,0.0,0.0,0.0
2025-05-05 03:40:00+00:00,14.350000381469727,14.359999656677246,14.34000015258789,14.350000381469727,194020,0.0,0.0,0.0
2025-05-05 03:45:00+00:00,14.350000381469727,14.359999656677246,14.350000381469727,14.359999656677246,3000,0.0,0.0,0.0
2025-05-05 03:50:00+00:00,14.359999656677246,14.359999656677246,14.359999656677246,14.359999656677246,18381,0.0,0.0,0.0
2025-05-05 03:55:00+00:00,14.369999885559082,14.380000114440918,14.369999885559082,14.380000114440918,5077,0.0,0.0,0.0
2025-05-05 04:00:00+00:00,14.359999656677246,14.380000114440918,14.359999656677246,14.380000114440918,4290,0.0,0.0,0.0
2025-05-05 04:05:00+00:00,14.369999885559082,14.369999885559082,14.369999885559082,14.369999885559082,2696,0.0,0.0,0.0
2025-05-05 04:10:00+00:00,14.369999885559082,14.369999885559082,14.369999885559082,14.369999885559082,24000,0.0,0.0,0.0
2025-05-05 04:15:00+00:00,14.359999656677246,14.369999885559082,14.359999656677246,14.369999885559082,8022,0.0,0.0,0.0
2025-05-05 04:20:00+00:00,14.369999885559082,14.390000343322754,14.369999885559082,14.390000343322754,13210,0.0,0.0,0.0
2025-05-05 04:25:00+00:00,14.369999885559082,14.380000114440918,14.369999885559082,14.380000114440918,4000,0.0,0.0,0.0
2025-05-05 04:30:00+00:00,14.380000114440918,14.390000343322754,14.380000114440918,14.390000343322754,10315,0.0,0.0,0.0
2025-05-05 04:35:00+00:00,14.380000114440918,14.380000114440918,14.359999656677246,14.359999656677246,14062,0.0,0.0,0.0
2025-05-05 04:40:00+00:00,14.359999656677246,14.399999618530273,14.359999656677246,14.399999618530273,59250,0.0,0.0,0.0
2025-05-05 04:45:00+00:00,14.390000343322754,14.399999618530273,14.390000343322754,14.399999618530273,5740,0.0,0.0,0.0
2025-05-05 04:50:00+00:00,14.380000114440918,14.380000114440918,14.359999656677246,14.359999656677246,13907,0.0,0.0,0.0
2025-05-05 04:55:00+00:00,14.369999885559082,14.369999885559082,14.34000015258789,14.34000015258789,7681,0.0,0.0,0.0
2025-05-05 05:00:00+00:00,14.34000015258789,14.359999656677246,14.34000015258789,14.34000015258789,24383,0.0,0.0,0.0
2025-05-05 05:05:00+00:00,14.350000381469727,14.350000381469727,14.350000381469727,14.350000381469727,10535,0.0,0.0,0.0
2025-05-05 05:10:00+00:00,14.350000381469727,14.359999656677246,14.350000381469727,14.359999656677246,20045,0.0,0.0,0.0
2025-05-05 05:15:00+00:00,14.350000381469727,14.359999656677246,14.350000381469727,14.359999656677246,204430,0.0,0.0,0.0
2025-05-05 05:20:00+00:00,14.350000381469727,14.350000381469727,14.350000381469727,14.350000381469727,27302,0.0,0.0,0.0
2025-05-06 01:00:00+00:00,14.380000114440918,14.390000343322754,14.369999885559082,14.369999885559082,0,0.0,0.0,0.0
2025-05-06 01:05:00+00:00,14.369999885559082,14.399999618530273,14.369999885559082,14.399999618530273,130824,0.0,0.0,0.0
2025-05-06 01:10:00+00:00,14.399999618530273,14.449999809265137,14.399999618530273,14.449999809265137,37448,0.0,0.0,0.0
2025-05-06 01:15:00+00:00,14.420000076293945,14.420000076293945,14.420000076293945,14.420000076293945,2000,0.0,0.0,0.0
2025-05-06 01:20:00+00:00,14.430000305175781,14.470000267028809,14.430000305175781,14.460000038146973,67068,0.0,0.0,0.0
2025-05-06 01:25:00+00:00,14.449999809265137,14.479999542236328,14.449999809265137,14.460000038146973,18151,0.0,0.0,0.0
2025-05-06 01:30:00+00:00,14.470000267028809,14.470000267028809,14.470000267028809,14.470000267028809,3102,0.0,0.0,0.0
2025-05-06 01:35:00+00:00,14.460000038146973,14.470000267028809,14.460000038146973,14.470000267028809,43005,0.0,0.0,0.0
2025-05-06 01:40:00+00:00,14.470000267028809,14.470000267028809,14.460000038146973,14.460000038146973,7000,0.0,0.0,0.0
2025-05-06 01:45:00+00:00,14.460000038146973,14.470000267028809,14.420000076293945,14.420000076293945,24200,0.0,0.0,0.0
2025-05-06 01:50:00+00:00,14.420000076293945,14.430000305175781,14.40999984741211,14.430000305175781,59200,0.0,0.0,0.0
2025-05-06 01:55:00+00:00,14.449999809265137,14.449999809265137,14.449999809265137,14.449999809265137,17122,0.0,0.0,0.0
2025-05-06 02:00:00+00:00,14.460000038146973,14.460000038146973,14.460000038146973,14.460000038146973,11335,0.0,0.0,0.0
2025-05-06 02:05:00+00:00,14.460000038146973,14.470000267028809,14.460000038146973,14.470000267028809,25272,0.0,0.0,0.0
2025-05-06 02:10:00+00:00,14.470000267028809,14.470000267028809,14.470000267028809,14.470000267028809,107000,0.0,0.0,0.0
2025-05-06 02:15:00+00:00,14.479999542236328,14.479999542236328,14.479999542236328,14.479999542236328,13257,0.0,0.0,0.0
2025-05-06 02:20:00+00:00,14.479999542236328,14.479999542236328,14.479999542236328,14.479999542236328,1044,0.0,0.0,0.0
2025-05-06 02:25:00+00:00,14.479999542236328,14.5,14.479999542236328,14.5,36537,0.0,0.0,0.0
2025-05-06 02:30:00+00:00,14.5,14.5,14.489999771118164,14.5,17302,0.0,0.0,0.0
2025-05-06 02:35:00+00:00,14.510000228881836,14.529999732971191,14.510000228881836,14.529999732971191,57845,0.0,0.0,0.0
2025-05-06 02:40:00+00:00,14.529999732971191,14.539999961853027,14.529999732971191,14.539999961853027,3075,0.0,0.0,0.0
2025-05-06 02:45:00+00:00,14.539999961853027,14.539999961853027,14.539999961853027,14.539999961853027,6027,0.0,0.0,0.0
2025-05-06 02:50:00+00:00,14.529999732971191,14.550000190734863,14.529999732971191,14.539999961853027,62000,0.0,0.0,0.0
2025-05-06 02:55:00+00:00,14.539999961853027,14.550000190734863,14.539999961853027,14.539999961853027,56148,0.0,0.0,0.0
2025-05-06 03:00:00+00:00,14.539999961853027,14.539999961853027,14.539999961853027,14.539999961853027,19808,0.0,0.0,0.0
2025-05-06 03:05:00+00:00,14.5600004196167,14.5600004196167,14.539999961853027,14.539999961853027,45051,0.0,0.0,0.0
2025-05-06 03:15:00+00:00,14.529999732971191,14.529999732971191,14.529999732971191,14.529999732971191,3022,0.0,0.0,0.0
2025-05-06 03:20:00+00:00,14.529999732971191,14.539999961853027,14.529999732971191,14.539999961853027,14122,0.0,0.0,0.0
2025-05-06 03:25:00+00:00,14.529999732971191,14.529999732971191,14.529999732971191,14.529999732971191,1000,0.0,0.0,0.0
2025-05-06 03:30:00+00:00,14.539999961853027,14.569999694824219,14.539999961853027,14.569999694824219,79222,0.0,0.0,0.0
2025-05-06 03:35:00+00:00,14.579999923706055,14.579999923706055,14.579999923706055,14.579999923706055,6100,0.0,0.0,0.0
2025-05-06 03:40:00+00:00,14.569999694824219,14.569999694824219,14.569999694824219,14.569999694824219,7042,0.0,0.0,0.0
2025-05-06 03:45:00+00:00,14.579999923706055,14.579999923706055,14.579999923706055,14.579999923706055,1472,0.0,0.0,0.0
2025-05-06 03:50:00+00:00,14.569999694824219,14.569999694824219,14.569999694824219,14.569999694824219,1445,0.0,0.0,0.0
2025-05-06 04:00:00+00:00,14.569999694824219,14.569999694824219,14.569999694824219,14.569999694824219,219023,0.0,0.0,0.0
2025-05-06 04:05:00+00:00,14.569999694824219,14.579999923706055,14.569999694824219,14.579999923706055,7100,0.0,0.0,0.0
2025-05-06 04:10:00+00:00,14.5600004196167,14.569999694824219,14.5600004196167,14.569999694824219,110172,0.0,0.0,0.0
2025-05-06 04:20:00+00:00,14.5600004196167,14.5600004196167,14.5600004196167,14.5600004196167,5022,0.0,0.0,0.0
2025-05-06 04:25:00+00:00,14.5600004196167,14.569999694824219,14.5600004196167,14.569999694824219,7100,0.0,0.0,0.0
2025-05-06 04:30:00+00:00,14.569999694824219,14.569999694824219,14.569999694824219,14.569999694824219,2100,0.0,0.0,0.0
2025-05-06 04:35:00+00:00,14.5600004196167,14.5600004196167,14.550000190734863,14.550000190734863,2042,0.0,0.0,0.0
2025-05-06 04:40:00+00:00,14.539999961853027,14.539999961853027,14.529999732971191,14.529999732971191,43133,0.0,0.0,0.0
2025-05-06 04:45:00+00:00,14.539999961853027,14.550000190734863,14.539999961853027,14.550000190734863,39105,0.0,0.0,0.0
2025-05-06 04:50:00+00:00,14.539999961853027,14.539999961853027,14.539999961853027,14.539999961853027,10000,0.0,0.0,0.0
2025-05-06 04:55:00+00:00,14.550000190734863,14.550000190734863,14.529999732971191,14.539999961853027,27271,0.0,0.0,0.0
2025-05-06 05:00:00+00:00,14.550000190734863,14.550000190734863,14.529999732971191,14.550000190734863,8015,0.0,0.0,0.0
2025-05-06 05:05:00+00:00,14.520000457763672,14.520000457763672,14.520000457763672,14.520000457763672,510430,0.0,0.0,0.0
2025-05-06 05:10:00+00:00,14.5,14.5,14.5,14.5,103073,0.0,0.0,0.0
2025-05-06 05:15:00+00:00,14.5,14.5,14.5,14.5,111000,0.0,0.0,0.0
2025-05-06 05:20:00+00:00,14.5,14.5,14.5,14.5,3238,0.0,0.0,0.0
2025-05-07 01:00:00+00:00,14.520000457763672,14.619999885559082,14.520000457763672,14.619999885559082,0,0.0,0.0,0.0
2025-05-07 01:05:00+00:00,14.539999961853027,14.550000190734863,14.539999961853027,14.550000190734863,8472,0.0,0.0,0.0
2025-05-07 01:10:00+00:00,14.600000381469727,14.600000381469727,14.59000015258789,14.600000381469727,25136,0.0,0.0,0.0
2025-05-07 01:15:00+00:00,14.609999656677246,14.670000076293945,14.609999656677246,14.670000076293945,33311,0.0,0.0,0.0
2025-05-07 01:20:00+00:00,14.65999984741211,14.65999984741211,14.649999618530273,14.65999984741211,32085,0.0,0.0,0.0
2025-05-07 01:25:00+00:00,14.670000076293945,14.670000076293945,14.640000343322754,14.640000343322754,170225,0.0,0.0,0.0
2025-05-07 01:30:00+00:00,14.619999885559082,14.619999885559082,14.619999885559082,14.619999885559082,6000,0.0,0.0,0.0
2025-05-07 01:35:00+00:00,14.609999656677246,14.630000114440918,14.600000381469727,14.630000114440918,56021,0.0,0.0,0.0
2025-05-07 01:40:00+00:00,14.640000343322754,14.640000343322754,14.609999656677246,14.630000114440918,36075,0.0,0.0,0.0
2025-05-07 01:45:00+00:00,14.630000114440918,14.630000114440918,14.630000114440918,14.630000114440918,8000,0.0,0.0,0.0
2025-05-07 01:50:00+00:00,14.609999656677246,14.630000114440918,14.609999656677246,14.630000114440918,84007,0.0,0.0,0.0
2025-05-07 01:55:00+00:00,14.630000114440918,14.640000343322754,14.630000114440918,14.640000343322754,60420,0.0,0.0,0.0
2025-05-07 02:00:00+00:00,14.630000114440918,14.630000114440918,14.630000114440918,14.630000114440918,4033,0.0,0.0,0.0
2025-05-07 02:05:00+00:00,14.640000343322754,14.640000343322754,14.640000343322754,14.640000343322754,2250,0.0,0.0,0.0
2025-05-07 02:10:00+00:00,14.640000343322754,14.640000343322754,14.630000114440918,14.630000114440918,6549,0.0,0.0,0.0
2025-05-07 02:15:00+00:00,14.609999656677246,14.630000114440918,14.609999656677246,14.630000114440918,12000,0.0,0.0,0.0
2025-05-07 02:20:00+00:00,14.619999885559082,14.619999885559082,14.609999656677246,14.609999656677246,16000,0.0,0.0,0.0
2025-05-07 02:25:00+00:00,14.609999656677246,14.609999656677246,14.609999656677246,14.609999656677246,1168,0.0,0.0,0.0
2025-05-07 02:30:00+00:00,14.600000381469727,14.600000381469727,14.600000381469727,14.600000381469727,5000,0.0,0.0,0.0
2025-05-07 02:40:00+00:00,14.609999656677246,14.609999656677246,14.600000381469727,14.600000381469727,14130,0.0,0.0,0.0
2025-05-07 02:45:00+00:00,14.579999923706055,14.579999923706055,14.569999694824219,14.569999694824219,8240,0.0,0.0,0.0
2025-05-07 02:50:00+00:00,14.569999694824219,14.569999694824219,14.569999694824219,14.569999694824219,8100,0.0,0.0,0.0
2025-05-07 02:55:00+00:00,14.569999694824219,14.569999694824219,14.569999694824219,14.569999694824219,3035,0.0,0.0,0.0
2025-05-07 03:00:00+00:00,14.569999694824219,14.579999923706055,14.569999694824219,14.579999923706055,6395,0.0,0.0,0.0
2025-05-07 03:20:00+00:00,14.569999694824219,14.579999923706055,14.569999694824219,14.579999923706055,22100,0.0,0.0,0.0
2025-05-07 03:30:00+00:00,14.569999694824219,14.569999694824219,14.569999694824219,14.569999694824219,3000,0.0,0.0,0.0
2025-05-07 03:35:00+00:00,14.579999923706055,14.579999923706055,14.579999923706055,14.579999923706055,5033,0.0,0.0,0.0
2025-05-07 03:45:00+00:00,14.579999923706055,14.579999923706055,14.569999694824219,14.569999694824219,10306,0.0,0.0,0.0
2025-05-07 03:50:00+00:00,14.59000015258789,14.59000015258789,14.59000015258789,14.59000015258789,2000,0.0,0.0,0.0
2025-05-07 04:00:00+00:00,14.59000015258789,14.59000015258789,14.59000015258789,14.59000015258789,1035,0.0,0.0,0.0
2025-05-07 04:10:00+00:00,14.569999694824219,14.569999694824219,14.569999694824219,14.569999694824219,1100,0.0,0.0,0.0
2025-05-07 04:15:00+00:00,14.5600004196167,14.5600004196167,14.5600004196167,14.5600004196167,2200,0.0,0.0,0.0
2025-05-07 04:20:00+00:00,14.579999923706055,14.579999923706055,14.579999923706055,14.579999923706055,1124,0.0,0.0,0.0
2025-05-07 04:25:00+00:00,14.59000015258789,14.59000015258789,14.59000015258789,14.59000015258789,221561,0.0,0.0,0.0
2025-05-07 04:35:00+00:00,14.579999923706055,14.579999923706055,14.569999694824219,14.569999694824219,204547,0.0,0.0,0.0
2025-05-07 04:45:00+00:00,14.569999694824219,14.569999694824219,14.569999694824219,14.569999694824219,100067,0.0,0.0,0.0
2025-05-07 04:50:00+00:00,14.5600004196167,14.5600004196167,14.5600004196167,14.5600004196167,52000,0.0,0.0,0.0
2025-05-07 05:00:00+00:00,14.569999694824219,14.569999694824219,14.539999961853027,14.539999961853027,118302,0.0,0.0,0.0
2025-05-07 05:05:00+00:00,14.550000190734863,14.550000190734863,14.550000190734863,14.550000190734863,261000,0.0,0.0,0.0
2025-05-07 05:10:00+00:00,14.550000190734863,14.550000190734863,14.550000190734863,14.550000190734863,299070,0.0,0.0,0.0
2025-05-07 05:15:00+00:00,14.550000190734863,14.5600004196167,14.550000190734863,14.5600004196167,25524,0.0,0.0,0.0
2025-05-07 05:20:00+00:00,14.5600004196167,14.569999694824219,14.550000190734863,14.550000190734863,13688,0.0,0.0,0.0
2025-05-08 01:00:00+00:00,14.569999694824219,14.569999694824219,14.569999694824219,14.569999694824219,0,0.0,0.0,0.0
2025-05-08 01:05:00+00:00,14.569999694824219,14.619999885559082,14.569999694824219,14.619999885559082,70440,0.0,0.0,0.0
2025-05-08 01:10:00+00:00,14.640000343322754,14.649999618530273,14.640000343322754,14.640000343322754,71145,0.0,0.0,0.0
2025-05-08 01:20:00+00:00,14.670000076293945,14.670000076293945,14.649999618530273,14.649999618530273,2000,0.0,0.0,0.0
2025-05-08 02:30:00+00:00,14.640000343322754,14.640000343322754,14.640000343322754,14.640000343322754,0,0.0,0.0,0.0
2025-05-08 02:35:00+00:00,14.649999618530273,14.649999618530273,14.640000343322754,14.640000343322754,310922,0.0,0.0,0.0
2025-05-08 02:40:00+00:00,14.649999618530273,14.649999618530273,14.649999618530273,14.649999618530273,40246,0.0,0.0,0.0
2025-05-08 02:45:00+00:00,14.630000114440918,14.640000343322754,14.630000114440918,14.640000343322754,23010,0.0,0.0,0.0
2025-05-08 02:50:00+00:00,14.630000114440918,14.640000343322754,14.630000114440918,14.640000343322754,13001,0.0,0.0,0.0
2025-05-08 02:55:00+00:00,14.640000343322754,14.640000343322754,14.640000343322754,14.640000343322754,5206,0.0,0.0,0.0
2025-05-08 03:00:00+00:00,14.649999618530273,14.670000076293945,14.649999618530273,14.670000076293945,86400,0.0,0.0,0.0
2025-05-08 03:05:00+00:00,14.670000076293945,14.670000076293945,14.670000076293945,14.670000076293945,1015,0.0,0.0,0.0
2025-05-08 03:10:00+00:00,14.65999984741211,14.65999984741211,14.65999984741211,14.65999984741211,1400,0.0,0.0,0.0
2025-05-08 03:20:00+00:00,14.65999984741211,14.65999984741211,14.65999984741211,14.65999984741211,1000,0.0,0.0,0.0
2025-05-08 03:30:00+00:00,14.670000076293945,14.670000076293945,14.65999984741211,14.65999984741211,4125,0.0,0.0,0.0
2025-05-08 03:40:00+00:00,14.65999984741211,14.65999984741211,14.65999984741211,14.65999984741211,2650,0.0,0.0,0.0
2025-05-08 03:45:00+00:00,14.649999618530273,14.65999984741211,14.649999618530273,14.65999984741211,15999,0.0,0.0,0.0
2025-05-08 03:50:00+00:00,14.65999984741211,14.65999984741211,14.65999984741211,14.65999984741211,5000,0.0,0.0,0.0
2025-05-08 03:55:00+00:00,14.649999618530273,14.649999618530273,14.649999618530273,14.649999618530273,10000,0.0,0.0,0.0
2025-05-08 04:00:00+00:00,14.649999618530273,14.649999618530273,14.649999618530273,14.649999618530273,12201,0.0,0.0,0.0
2025-05-08 04:10:00+00:00,14.649999618530273,14.649999618530273,14.649999618530273,14.649999618530273,2083,0.0,0.0,0.0
2025-05-08 04:25:00+00:00,14.649999618530273,14.649999618530273,14.649999618530273,14.649999618530273,1684,0.0,0.0,0.0
2025-05-08 04:40:00+00:00,14.649999618530273,14.649999618530273,14.649999618530273,14.649999618530273,50000,0.0,0.0,0.0
2025-05-08 04:55:00+00:00,14.640000343322754,14.649999618530273,14.640000343322754,14.649999618530273,2000,0.0,0.0,0.0
2025-05-08 05:05:00+00:00,14.640000343322754,14.640000343322754,14.640000343322754,14.640000343322754,3818,0.0,0.0,0.0
2025-05-08 05:10:00+00:00,14.630000114440918,14.630000114440918,14.630000114440918,14.630000114440918,3000,0.0,0.0,0.0
2025-05-08 05:15:00+00:00,14.619999885559082,14.619999885559082,14.619999885559082,14.619999885559082,25057,0.0,0.0,0.0
2025-05-08 05:20:00+00:00,14.619999885559082,14.619999885559082,14.619999885559082,14.619999885559082,8748,0.0,0.0,0.0
2025-05-09 01:00:00+00:00,14.630000114440918,14.640000343322754,14.630000114440918,14.640000343322754,0,0.0,0.0,0.0
2025-05-09 01:05:00+00:00,14.640000343322754,14.640000343322754,14.619999885559082,14.619999885559082,17838,0.0,0.0,0.0
2025-05-09 01:10:00+00:00,14.619999885559082,14.619999885559082,14.619999885559082,14.619999885559082,3000,0.0,0.0,0.0
2025-05-09 01:15:00+00:00,14.630000114440918,14.630000114440918,14.630000114440918,14.630000114440918,14671,0.0,0.0,0.0
2025-05-09 01:20:00+00:00,14.619999885559082,14.619999885559082,14.609999656677246,14.619999885559082,10111,0.0,0.0,0.0
2025-05-09 01:25:00+00:00,14.619999885559082,14.619999885559082,14.619999885559082,14.619999885559082,3100,0.0,0.0,0.0
2025-05-09 01:30:00+00:00,14.609999656677246,14.609999656677246,14.600000381469727,14.600000381469727,16210,0.0,0.0,0.0
2025-05-09 01:35:00+00:00,14.609999656677246,14.609999656677246,14.609999656677246,14.609999656677246,5335,0.0,0.0,0.0
2025-05-09 01:40:00+00:00,14.609999656677246,14.640000343322754,14.609999656677246,14.640000343322754,184000,0.0,0.0,0.0
2025-05-09 01:45:00+00:00,14.649999618530273,14.649999618530273,14.649999618530273,14.649999618530273,3100,0.0,0.0,0.0
2025-05-09 01:50:00+00:00,14.649999618530273,14.649999618530273,14.649999618530273,14.649999618530273,1090,0.0,0.0,0.0
2025-05-09 02:00:00+00:00,14.649999618530273,14.649999618530273,14.640000343322754,14.640000343322754,4338,0.0,0.0,0.0
2025-05-09 02:10:00+00:00,14.640000343322754,14.640000343322754,14.640000343322754,14.640000343322754,8302,0.0,0.0,0.0
2025-05-09 02:15:00+00:00,14.640000343322754,14.640000343322754,14.640000343322754,14.640000343322754,7300,0.0,0.0,0.0
2025-05-09 02:20:00+00:00,14.640000343322754,14.640000343322754,14.640000343322754,14.640000343322754,1005,0.0,0.0,0.0
2025-05-09 02:25:00+00:00,14.640000343322754,14.65999984741211,14.640000343322754,14.65999984741211,43000,0.0,0.0,0.0
2025-05-09 02:30:00+00:00,14.670000076293945,14.6899995803833,14.670000076293945,14.6899995803833,11854,0.0,0.0,0.0
2025-05-09 02:35:00+00:00,14.680000305175781,14.680000305175781,14.680000305175781,14.680000305175781,1863,0.0,0.0,0.0
2025-05-09 02:40:00+00:00,14.680000305175781,14.680000305175781,14.680000305175781,14.680000305175781,2900,0.0,0.0,0.0
2025-05-09 02:45:00+00:00,14.6899995803833,14.699999809265137,14.6899995803833,14.699999809265137,83670,0.0,0.0,0.0
2025-05-09 02:55:00+00:00,14.699999809265137,14.710000038146973,14.699999809265137,14.710000038146973,22500,0.0,0.0,0.0
2025-05-09 03:00:00+00:00,14.720000267028809,14.720000267028809,14.720000267028809,14.720000267028809,12232,0.0,0.0,0.0
2025-05-09 03:10:00+00:00,14.720000267028809,14.729999542236328,14.720000267028809,14.729999542236328,56999,0.0,0.0,0.0
2025-05-09 03:15:00+00:00,14.729999542236328,14.729999542236328,14.729999542236328,14.729999542236328,1974,0.0,0.0,0.0
2025-05-09 03:25:00+00:00,14.729999542236328,14.729999542236328,14.729999542236328,14.729999542236328,2602,0.0,0.0,0.0
2025-05-09 03:35:00+00:00,14.729999542236328,14.729999542236328,14.729999542236328,14.729999542236328,29577,0.0,0.0,0.0
2025-05-09 03:40:00+00:00,14.729999542236328,14.729999542236328,14.729999542236328,14.729999542236328,2000,0.0,0.0,0.0
2025-05-09 03:45:00+00:00,14.729999542236328,14.729999542236328,14.720000267028809,14.720000267028809,6000,0.0,0.0,0.0
2025-05-09 03:50:00+00:00,14.720000267028809,14.739999771118164,14.720000267028809,14.739999771118164,48050,0.0,0.0,0.0
2025-05-09 03:55:00+00:00,14.739999771118164,14.75,14.739999771118164,14.75,59839,0.0,0.0,0.0
2025-05-09 04:00:00+00:00,14.760000228881836,14.760000228881836,14.75,14.75,2360,0.0,0.0,0.0
2025-05-09 04:05:00+00:00,14.75,14.75,14.75,14.75,13000,0.0,0.0,0.0
2025-05-09 04:10:00+00:00,14.760000228881836,14.760000228881836,14.75,14.75,37840,0.0,0.0,0.0
2025-05-09 04:15:00+00:00,14.760000228881836,14.770000457763672,14.760000228881836,14.770000457763672,15357,0.0,0.0,0.0
2025-05-09 04:20:00+00:00,14.760000228881836,14.760000228881836,14.760000228881836,14.760000228881836,5000,0.0,0.0,0.0
2025-05-09 04:25:00+00:00,14.760000228881836,14.760000228881836,14.760000228881836,14.760000228881836,3345,0.0,0.0,0.0
2025-05-09 04:30:00+00:00,14.760000228881836,14.770000457763672,14.760000228881836,14.770000457763672,76707,0.0,0.0,0.0
2025-05-09 04:45:00+00:00,14.760000228881836,14.770000457763672,14.75,14.75,10036,0.0,0.0,0.0
2025-05-09 04:50:00+00:00,14.770000457763672,14.770000457763672,14.770000457763672,14.770000457763672,1317,0.0,0.0,0.0
2025-05-09 04:55:00+00:00,14.770000457763672,14.770000457763672,14.770000457763672,14.770000457763672,8748,0.0,0.0,0.0
2025-05-09 05:05:00+00:00,14.770000457763672,14.770000457763672,14.770000457763672,14.770000457763672,3439,0.0,0.0,0.0
2025-05-09 05:10:00+00:00,14.770000457763672,14.770000457763672,14.770000457763672,14.770000457763672,1574,0.0,0.0,0.0
2025-05-09 05:15:00+00:00,14.770000457763672,14.770000457763672,14.770000457763672,14.770000457763672,23187,0.0,0.0,0.0
2025-05-09 05:20:00+00:00,14.760000228881836,14.760000228881836,14.760000228881836,14.760000228881836,1230,0.0,0.0,0.0
2025-05-12 01:00:00+00:00,14.84000015258789,14.880000114440918,14.84000015258789,14.880000114440918,0,0.0,0.0,0.0
2025-05-12 01:05:00+00:00,14.880000114440918,14.890000343322754,14.880000114440918,14.890000343322754,141821,0.0,0.0,0.0
2025-05-12 01:10:00+00:00,14.890000343322754,14.899999618530273,14.890000343322754,14.899999618530273,28100,0.0,0.0,0.0
2025-05-12 01:15:00+00:00,14.920000076293945,14.920000076293945,14.920000076293945,14.920000076293945,9215,0.0,0.0,0.0
2025-05-12 01:20:00+00:00,14.920000076293945,14.920000076293945,14.890000343322754,14.890000343322754,59019,0.0,0.0,0.0
2025-05-12 01:25:00+00:00,14.890000343322754,14.90999984741211,14.890000343322754,14.90999984741211,16693,0.0,0.0,0.0
2025-05-12 01:35:00+00:00,14.880000114440918,14.880000114440918,14.869999885559082,14.869999885559082,26508,0.0,0.0,0.0
2025-05-12 01:45:00+00:00,14.880000114440918,14.899999618530273,14.880000114440918,14.899999618530273,99000,0.0,0.0,0.0
2025-05-12 01:50:00+00:00,14.899999618530273,14.899999618530273,14.899999618530273,14.899999618530273,4191,0.0,0.0,0.0
2025-05-12 01:55:00+00:00,14.890000343322754,14.890000343322754,14.880000114440918,14.880000114440918,8381,0.0,0.0,0.0
2025-05-12 02:00:00+00:00,14.899999618530273,14.899999618530273,14.899999618530273,14.899999618530273,1000,0.0,0.0,0.0
2025-05-12 02:05:00+00:00,14.890000343322754,14.890000343322754,14.890000343322754,14.890000343322754,40261,0.0,0.0,0.0
2025-05-12 02:15:00+00:00,14.890000343322754,14.890000343322754,14.890000343322754,14.890000343322754,4280,0.0,0.0,0.0
2025-05-12 02:25:00+00:00,14.880000114440918,14.880000114440918,14.880000114440918,14.880000114440918,1292,0.0,0.0,0.0
2025-05-12 02:35:00+00:00,14.880000114440918,14.880000114440918,14.869999885559082,14.869999885559082,14238,0.0,0.0,0.0
2025-05-12 02:40:00+00:00,14.869999885559082,14.869999885559082,14.869999885559082,14.869999885559082,6000,0.0,0.0,0.0
2025-05-12 02:45:00+00:00,14.869999885559082,14.869999885559082,14.869999885559082,14.869999885559082,10235,0.0,0.0,0.0
2025-05-12 02:50:00+00:00,14.869999885559082,14.869999885559082,14.869999885559082,14.869999885559082,4310,0.0,0.0,0.0
2025-05-12 02:55:00+00:00,14.869999885559082,14.869999885559082,14.859999656677246,14.859999656677246,75025,0.0,0.0,0.0
2025-05-12 03:00:00+00:00,14.869999885559082,14.869999885559082,14.869999885559082,14.869999885559082,2100,0.0,0.0,0.0
2025-05-12 03:05:00+00:00,14.869999885559082,14.869999885559082,14.869999885559082,14.869999885559082,1167,0.0,0.0,0.0
2025-05-12 03:10:00+00:00,14.880000114440918,14.880000114440918,14.880000114440918,14.880000114440918,13321,0.0,0.0,0.0
2025-05-12 03:25:00+00:00,14.880000114440918,14.880000114440918,14.869999885559082,14.869999885559082,8000,0.0,0.0,0.0
2025-05-12 03:30:00+00:00,14.859999656677246,14.859999656677246,14.859999656677246,14.859999656677246,10310,0.0,0.0,0.0
2025-05-12 03:35:00+00:00,14.859999656677246,14.859999656677246,14.859999656677246,14.859999656677246,1000,0.0,0.0,0.0
2025-05-12 03:40:00+00:00,14.859999656677246,14.869999885559082,14.859999656677246,14.869999885559082,33000,0.0,0.0,0.0
2025-05-12 03:50:00+00:00,14.880000114440918,14.880000114440918,14.880000114440918,14.880000114440918,2005,0.0,0.0,0.0
2025-05-12 03:55:00+00:00,14.880000114440918,14.880000114440918,14.869999885559082,14.880000114440918,22250,0.0,0.0,0.0
2025-05-12 04:00:00+00:00,14.890000343322754,14.890000343322754,14.890000343322754,14.890000343322754,1000,0.0,0.0,0.0
2025-05-12 04:05:00+00:00,14.880000114440918,14.890000343322754,14.880000114440918,14.890000343322754,10270,0.0,0.0,0.0
2025-05-12 04:20:00+00:00,14.890000343322754,14.890000343322754,14.890000343322754,14.890000343322754,12435,0.0,0.0,0.0
2025-05-12 04:30:00+00:00,14.890000343322754,14.890000343322754,14.890000343322754,14.890000343322754,6461,0.0,0.0,0.0
2025-05-12 04:40:00+00:00,14.890000343322754,14.890000343322754,14.890000343322754,14.890000343322754,2050,0.0,0.0,0.0
2025-05-12 04:45:00+00:00,14.890000343322754,14.890000343322754,14.890000343322754,14.890000343322754,10022,0.0,0.0,0.0
2025-05-12 04:50:00+00:00,14.890000343322754,14.890000343322754,14.890000343322754,14.890000343322754,1078,0.0,0.0,0.0
2025-05-12 05:00:00+00:00,14.880000114440918,14.880000114440918,14.880000114440918,14.880000114440918,1000,0.0,0.0,0.0
2025-05-12 05:05:00+00:00,14.880000114440918,14.890000343322754,14.880000114440918,14.890000343322754,11000,0.0,0.0,0.0
2025-05-12 05:10:00+00:00,14.880000114440918,14.880000114440918,14.880000114440918,14.880000114440918,17110,0.0,0.0,0.0
2025-05-12 05:15:00+00:00,14.880000114440918,14.880000114440918,14.880000114440918,14.880000114440918,1230,0.0,0.0,0.0
2025-05-12 05:20:00+00:00,14.890000343322754,14.899999618530273,14.890000343322754,14.899999618530273,70488,0.0,0.0,0.0
2025-05-13 01:00:00+00:00,15.079999923706055,15.079999923706055,15.029999732971191,15.029999732971191,0,0.0,0.0,0.0
2025-05-13 01:05:00+00:00,15.029999732971191,15.039999961853027,15.0,15.0,14854,0.0,0.0,0.0
2025-05-13 01:10:00+00:00,15.0,15.029999732971191,15.0,15.0,206404,0.0,0.0,0.0
2025-05-13 01:15:00+00:00,15.0,15.020000457763672,15.0,15.020000457763672,19946,0.0,0.0,0.0
2025-05-13 01:20:00+00:00,15.029999732971191,15.029999732971191,15.020000457763672,15.020000457763672,11264,0.0,0.0,0.0
2025-05-13 01:25:00+00:00,15.020000457763672,15.020000457763672,15.0,15.010000228881836,132310,0.0,0.0,0.0
2025-05-13 01:30:00+00:00,15.020000457763672,15.029999732971191,15.010000228881836,15.029999732971191,28316,0.0,0.0,0.0
2025-05-13 01:35:00+00:00,15.029999732971191,15.050000190734863,15.029999732971191,15.039999961853027,171798,0.0,0.0,0.0
2025-05-13 01:40:00+00:00,15.039999961853027,15.039999961853027,15.029999732971191,15.039999961853027,197900,0.0,0.0,0.0
2025-05-13 01:45:00+00:00,15.050000190734863,15.050000190734863,15.050000190734863,15.050000190734863,33552,0.0,0.0,0.0
2025-05-13 01:50:00+00:00,15.0600004196167,15.0600004196167,15.050000190734863,15.050000190734863,25600,0.0,0.0,0.0
2025-05-13 01:55:00+00:00,15.039999961853027,15.050000190734863,15.039999961853027,15.039999961853027,118000,0.0,0.0,0.0
2025-05-13 02:00:00+00:00,15.0600004196167,15.069999694824219,15.050000190734863,15.050000190734863,12858,0.0,0.0,0.0
2025-05-13 02:05:00+00:00,15.050000190734863,15.050000190734863,15.050000190734863,15.050000190734863,22153,0.0,0.0,0.0
2025-05-13 02:10:00+00:00,15.050000190734863,15.050000190734863,15.050000190734863,15.050000190734863,6798,0.0,0.0,0.0
2025-05-13 02:15:00+00:00,15.050000190734863,15.069999694824219,15.050000190734863,15.069999694824219,3200,0.0,0.0,0.0
2025-05-13 02:20:00+00:00,15.029999732971191,15.0600004196167,15.029999732971191,15.050000190734863,10573,0.0,0.0,0.0
2025-05-13 02:25:00+00:00,15.020000457763672,15.020000457763672,15.020000457763672,15.020000457763672,39566,0.0,0.0,0.0
2025-05-13 02:30:00+00:00,15.039999961853027,15.039999961853027,15.029999732971191,15.029999732971191,4240,0.0,0.0,0.0
2025-05-13 02:35:00+00:00,15.029999732971191,15.029999732971191,15.029999732971191,15.029999732971191,3231,0.0,0.0,0.0
2025-05-13 02:40:00+00:00,15.029999732971191,15.029999732971191,15.029999732971191,15.029999732971191,1000,0.0,0.0,0.0
2025-05-13 02:45:00+00:00,15.039999961853027,15.039999961853027,15.039999961853027,15.039999961853027,2449,0.0,0.0,0.0
2025-05-13 03:00:00+00:00,15.039999961853027,15.039999961853027,15.020000457763672,15.020000457763672,4110,0.0,0.0,0.0
2025-05-13 03:05:00+00:00,15.010000228881836,15.010000228881836,14.989999771118164,14.989999771118164,25101,0.0,0.0,0.0
2025-05-13 03:10:00+00:00,14.979999542236328,14.979999542236328,14.979999542236328,14.979999542236328,5140,0.0,0.0,0.0
2025-05-13 03:15:00+00:00,14.989999771118164,14.989999771118164,14.989999771118164,14.989999771118164,2173,0.0,0.0,0.0
2025-05-13 03:20:00+00:00,14.989999771118164,15.0,14.989999771118164,15.0,12227,0.0,0.0,0.0
2025-05-13 03:25:00+00:00,15.0,15.010000228881836,15.0,15.010000228881836,7198,0.0,0.0,0.0
2025-05-13 03:35:00+00:00,15.0,15.0,15.0,15.0,2105,0.0,0.0,0.0
2025-05-13 03:40:00+00:00,15.0,15.0,15.0,15.0,13195,0.0,0.0,0.0
2025-05-13 03:45:00+00:00,15.0,15.010000228881836,14.989999771118164,14.989999771118164,10305,0.0,0.0,0.0
2025-05-13 03:55:00+00:00,14.989999771118164,14.989999771118164,14.989999771118164,14.989999771118164,1000,0.0,0.0,0.0
2025-05-13 04:00:00+00:00,15.0,15.0,15.0,15.0,31097,0.0,0.0,0.0
2025-05-13 04:05:00+00:00,15.0,15.0,15.0,15.0,3010,0.0,0.0,0.0
2025-05-13 04:10:00+00:00,14.989999771118164,14.989999771118164,14.989999771118164,14.989999771118164,60646,0.0,0.0,0.0
2025-05-13 04:15:00+00:00,15.0,15.0,15.0,15.0,23000,0.0,0.0,0.0
2025-05-13 04:20:00+00:00,15.010000228881836,15.010000228881836,15.010000228881836,15.010000228881836,13299,0.0,0.0,0.0
2025-05-13 04:25:00+00:00,15.010000228881836,15.010000228881836,15.010000228881836,15.010000228881836,20349,0.0,0.0,0.0
2025-05-13 04:30:00+00:00,15.010000228881836,15.020000457763672,15.010000228881836,15.020000457763672,9340,0.0,0.0,0.0
2025-05-13 04:50:00+00:00,15.020000457763672,15.020000457763672,15.020000457763672,15.020000457763672,7207,0.0,0.0,0.0
2025-05-13 05:00:00+00:00,15.020000457763672,15.020000457763672,15.020000457763672,15.020000457763672,1097,0.0,0.0,0.0
2025-05-13 05:05:00+00:00,15.010000228881836,15.010000228881836,15.010000228881836,15.010000228881836,2000,0.0,0.0,0.0
2025-05-13 05:10:00+00:00,15.010000228881836,15.010000228881836,15.010000228881836,15.010000228881836,15020,0.0,0.0,0.0
2025-05-13 05:15:00+00:00,15.010000228881836,15.010000228881836,15.010000228881836,15.010000228881836,119633,0.0,0.0,0.0
2025-05-13 05:20:00+00:00,15.010000228881836,15.020000457763672,15.010000228881836,15.020000457763672,39637,0.0,0.0,0.0
2025-05-14 01:00:00+00:00,15.100000381469727,15.140000343322754,15.100000381469727,15.140000343322754,0,0.0,0.0,0.0
2025-05-14 01:05:00+00:00,15.130000114440918,15.140000343322754,15.100000381469727,15.100000381469727,124645,0.0,0.0,0.0
2025-05-14 01:10:00+00:00,15.100000381469727,15.100000381469727,15.09000015258789,15.09000015258789,4008,0.0,0.0,0.0
2025-05-14 01:15:00+00:00,15.050000190734863,15.079999923706055,15.050000190734863,15.069999694824219,10050,0.0,0.0,0.0
2025-05-14 01:20:00+00:00,15.09000015258789,15.09000015258789,15.09000015258789,15.09000015258789,20688,0.0,0.0,0.0
2025-05-14 01:25:00+00:00,15.09000015258789,15.109999656677246,15.09000015258789,15.109999656677246,29071,0.0,0.0,0.0
2025-05-14 01:30:00+00:00,15.109999656677246,15.119999885559082,15.109999656677246,15.119999885559082,36406,0.0,0.0,0.0
2025-05-14 01:35:00+00:00,15.130000114440918,15.140000343322754,15.130000114440918,15.140000343322754,57000,0.0,0.0,0.0
2025-05-14 01:40:00+00:00,15.140000343322754,15.170000076293945,15.140000343322754,15.170000076293945,163600,0.0,0.0,0.0
2025-05-14 01:45:00+00:00,15.170000076293945,15.170000076293945,15.15999984741211,15.15999984741211,10061,0.0,0.0,0.0
2025-05-14 01:50:00+00:00,15.170000076293945,15.170000076293945,15.170000076293945,15.170000076293945,45455,0.0,0.0,0.0
2025-05-14 01:55:00+00:00,15.15999984741211,15.15999984741211,15.15999984741211,15.15999984741211,100280,0.0,0.0,0.0
2025-05-14 02:00:00+00:00,15.15999984741211,15.15999984741211,15.15999984741211,15.15999984741211,16000,0.0,0.0,0.0
2025-05-14 02:05:00+00:00,15.170000076293945,15.1899995803833,15.170000076293945,15.1899995803833,95800,0.0,0.0,0.0
2025-05-14 02:10:00+00:00,15.180000305175781,15.180000305175781,15.180000305175781,15.180000305175781,3035,0.0,0.0,0.0
2025-05-14 02:15:00+00:00,15.180000305175781,15.1899995803833,15.180000305175781,15.1899995803833,14000,0.0,0.0,0.0
2025-05-14 02:20:00+00:00,15.180000305175781,15.180000305175781,15.180000305175781,15.180000305175781,3185,0.0,0.0,0.0
2025-05-14 02:25:00+00:00,15.1899995803833,15.1899995803833,15.180000305175781,15.180000305175781,105005,0.0,0.0,0.0
2025-05-14 02:30:00+00:00,15.170000076293945,15.170000076293945,15.149999618530273,15.149999618530273,7000,0.0,0.0,0.0
2025-05-14 02:40:00+00:00,15.149999618530273,15.149999618530273,15.140000343322754,15.140000343322754,45040,0.0,0.0,0.0
2025-05-14 02:45:00+00:00,15.130000114440918,15.130000114440918,15.130000114440918,15.130000114440918,65555,0.0,0.0,0.0
2025-05-14 02:50:00+00:00,15.109999656677246,15.119999885559082,15.109999656677246,15.119999885559082,12100,0.0,0.0,0.0
2025-05-14 02:55:00+00:00,15.130000114440918,15.140000343322754,15.130000114440918,15.140000343322754,111302,0.0,0.0,0.0
2025-05-14 03:00:00+00:00,15.140000343322754,15.140000343322754,15.140000343322754,15.140000343322754,2000,0.0,0.0,0.0
2025-05-14 03:05:00+00:00,15.149999618530273,15.149999618530273,15.140000343322754,15.149999618530273,53000,0.0,0.0,0.0
2025-05-14 03:10:00+00:00,15.149999618530273,15.15999984741211,15.149999618530273,15.15999984741211,21980,0.0,0.0,0.0
2025-05-14 03:20:00+00:00,15.15999984741211,15.15999984741211,15.15999984741211,15.15999984741211,21012,0.0,0.0,0.0
2025-05-14 03:25:00+00:00,15.15999984741211,15.170000076293945,15.15999984741211,15.170000076293945,67000,0.0,0.0,0.0
2025-05-14 03:30:00+00:00,15.170000076293945,15.180000305175781,15.170000076293945,15.180000305175781,13070,0.0,0.0,0.0
2025-05-14 03:35:00+00:00,15.180000305175781,15.180000305175781,15.149999618530273,15.149999618530273,56000,0.0,0.0,0.0
2025-05-14 03:40:00+00:00,15.15999984741211,15.15999984741211,15.15999984741211,15.15999984741211,1000,0.0,0.0,0.0
2025-05-14 03:45:00+00:00,15.170000076293945,15.170000076293945,15.15999984741211,15.15999984741211,22170,0.0,0.0,0.0
2025-05-14 03:55:00+00:00,15.149999618530273,15.149999618530273,15.149999618530273,15.149999618530273,1000,0.0,0.0,0.0
2025-05-14 04:00:00+00:00,15.149999618530273,15.149999618530273,15.149999618530273,15.149999618530273,20100,0.0,0.0,0.0
2025-05-14 04:05:00+00:00,15.15999984741211,15.170000076293945,15.15999984741211,15.170000076293945,116204,0.0,0.0,0.0
2025-05-14 04:15:00+00:00,15.15999984741211,15.15999984741211,15.15999984741211,15.15999984741211,5293,0.0,0.0,0.0
2025-05-14 04:20:00+00:00,15.170000076293945,15.170000076293945,15.170000076293945,15.170000076293945,14654,0.0,0.0,0.0
2025-05-14 04:25:00+00:00,15.170000076293945,15.180000305175781,15.15999984741211,15.180000305175781,95527,0.0,0.0,0.0
2025-05-14 04:30:00+00:00,15.1899995803833,15.1899995803833,15.1899995803833,15.1899995803833,21100,0.0,0.0,0.0
2025-05-14 04:35:00+00:00,15.1899995803833,15.1899995803833,15.1899995803833,15.1899995803833,10000,0.0,0.0,0.0
2025-05-14 04:40:00+00:00,15.1899995803833,15.1899995803833,15.1899995803833,15.1899995803833,27114,0.0,0.0,0.0
2025-05-14 04:45:00+00:00,15.180000305175781,15.180000305175781,15.180000305175781,15.180000305175781,30010,0.0,0.0,0.0
2025-05-14 04:50:00+00:00,15.180000305175781,15.180000305175781,15.170000076293945,15.180000305175781,5148,0.0,0.0,0.0
2025-05-14 05:00:00+00:00,15.180000305175781,15.180000305175781,15.170000076293945,15.170000076293945,8382,0.0,0.0,0.0
2025-05-14 05:05:00+00:00,15.170000076293945,15.180000305175781,15.170000076293945,15.180000305175781,106248,0.0,0.0,0.0
2025-05-14 05:10:00+00:00,15.170000076293945,15.170000076293945,15.170000076293945,15.170000076293945,13002,0.0,0.0,0.0
2025-05-14 05:15:00+00:00,15.170000076293945,15.170000076293945,15.170000076293945,15.170000076293945,8196,0.0,0.0,0.0
2025-05-14 05:20:00+00:00,15.170000076293945,15.1899995803833,15.170000076293945,15.170000076293945,18553,0.0,0.0,0.0
2025-05-15 01:00:00+00:00,15.210000038146973,15.25,15.210000038146973,15.25,0,0.0,0.0,0.0
2025-05-15 01:05:00+00:00,15.239999771118164,15.270000457763672,15.229999542236328,15.229999542236328,50737,0.0,0.0,0.0
2025-05-15 01:10:00+00:00,15.239999771118164,15.239999771118164,15.239999771118164,15.239999771118164,29147,0.0,0.0,0.0
2025-05-15 01:15:00+00:00,15.25,15.260000228881836,15.25,15.260000228881836,11040,0.0,0.0,0.0
2025-05-15 01:20:00+00:00,15.220000267028809,15.220000267028809,15.199999809265137,15.199999809265137,113315,0.0,0.0,0.0
2025-05-15 01:25:00+00:00,15.1899995803833,15.1899995803833,15.1899995803833,15.1899995803833,3044,0.0,0.0,0.0
2025-05-15 01:30:00+00:00,15.15999984741211,15.1899995803833,15.15999984741211,15.1899995803833,28806,0.0,0.0,0.0
2025-05-15 01:35:00+00:00,15.1899995803833,15.210000038146973,15.1899995803833,15.199999809265137,30083,0.0,0.0,0.0
2025-05-15 01:40:00+00:00,15.199999809265137,15.239999771118164,15.199999809265137,15.239999771118164,47109,0.0,0.0,0.0
2025-05-15 01:45:00+00:00,15.25,15.260000228881836,15.25,15.25,80980,0.0,0.0,0.0
2025-05-15 01:50:00+00:00,15.25,15.25,15.25,15.25,203688,0.0,0.0,0.0
2025-05-15 01:55:00+00:00,15.239999771118164,15.239999771118164,15.239999771118164,15.239999771118164,33180,0.0,0.0,0.0
2025-05-15 02:00:00+00:00,15.220000267028809,15.220000267028809,15.210000038146973,15.210000038146973,102320,0.0,0.0,0.0
2025-05-15 02:10:00+00:00,15.210000038146973,15.210000038146973,15.210000038146973,15.210000038146973,13000,0.0,0.0,0.0
2025-05-15 02:15:00+00:00,15.220000267028809,15.220000267028809,15.220000267028809,15.220000267028809,12000,0.0,0.0,0.0
2025-05-15 02:20:00+00:00,15.210000038146973,15.210000038146973,15.210000038146973,15.210000038146973,100006,0.0,0.0,0.0
2025-05-15 02:30:00+00:00,15.210000038146973,15.220000267028809,15.210000038146973,15.220000267028809,44028,0.0,0.0,0.0
2025-05-15 02:35:00+00:00,15.220000267028809,15.220000267028809,15.220000267028809,15.220000267028809,7000,0.0,0.0,0.0
2025-05-15 02:40:00+00:00,15.220000267028809,15.229999542236328,15.220000267028809,15.229999542236328,21815,0.0,0.0,0.0
2025-05-15 02:45:00+00:00,15.220000267028809,15.229999542236328,15.220000267028809,15.229999542236328,17233,0.0,0.0,0.0
2025-05-15 02:50:00+00:00,15.239999771118164,15.25,15.239999771118164,15.239999771118164,20068,0.0,0.0,0.0
2025-05-15 02:55:00+00:00,15.239999771118164,15.25,15.239999771118164,15.25,33009,0.0,0.0,0.0
2025-05-15 03:00:00+00:00,15.260000228881836,15.260000228881836,15.260000228881836,15.260000228881836,6082,0.0,0.0,0.0
2025-05-15 03:15:00+00:00,15.25,15.25,15.25,15.25,13000,0.0,0.0,0.0
2025-05-15 03:20:00+00:00,15.25,15.25,15.239999771118164,15.239999771118164,8007,0.0,0.0,0.0
2025-05-15 03:25:00+00:00,15.239999771118164,15.239999771118164,15.239999771118164,15.239999771118164,2000,0.0,0.0,0.0
2025-05-15 03:30:00+00:00,15.239999771118164,15.239999771118164,15.239999771118164,15.239999771118164,9500,0.0,0.0,0.0
2025-05-15 03:35:00+00:00,15.229999542236328,15.229999542236328,15.229999542236328,15.229999542236328,1000,0.0,0.0,0.0
2025-05-15 03:40:00+00:00,15.229999542236328,15.229999542236328,15.220000267028809,15.220000267028809,6100,0.0,0.0,0.0
2025-05-15 03:45:00+00:00,15.229999542236328,15.229999542236328,15.229999542236328,15.229999542236328,3000,0.0,0.0,0.0
2025-05-15 03:55:00+00:00,15.229999542236328,15.229999542236328,15.229999542236328,15.229999542236328,29561,0.0,0.0,0.0
2025-05-15 04:05:00+00:00,15.229999542236328,15.229999542236328,15.229999542236328,15.229999542236328,1010,0.0,0.0,0.0
2025-05-15 04:10:00+00:00,15.229999542236328,15.229999542236328,15.229999542236328,15.229999542236328,8000,0.0,0.0,0.0
2025-05-15 04:15:00+00:00,15.229999542236328,15.229999542236328,15.229999542236328,15.229999542236328,6000,0.0,0.0,0.0
2025-05-15 04:20:00+00:00,15.229999542236328,15.229999542236328,15.229999542236328,15.229999542236328,2229,0.0,0.0,0.0
2025-05-15 04:25:00+00:00,15.229999542236328,15.229999542236328,15.229999542236328,15.229999542236328,4000,0.0,0.0,0.0
2025-05-15 04:30:00+00:00,15.229999542236328,15.229999542236328,15.220000267028809,15.220000267028809,17000,0.0,0.0,0.0
2025-05-15 04:35:00+00:00,15.229999542236328,15.229999542236328,15.220000267028809,15.220000267028809,22100,0.0,0.0,0.0
2025-05-15 04:40:00+00:00,15.220000267028809,15.229999542236328,15.220000267028809,15.229999542236328,14090,0.0,0.0,0.0
2025-05-15 04:45:00+00:00,15.229999542236328,15.229999542236328,15.229999542236328,15.229999542236328,11000,0.0,0.0,0.0
2025-05-15 04:50:00+00:00,15.220000267028809,15.229999542236328,15.220000267028809,15.229999542236328,16500,0.0,0.0,0.0
2025-05-15 04:55:00+00:00,15.229999542236328,15.229999542236328,15.229999542236328,15.229999542236328,1000,0.0,0.0,0.0
2025-05-15 05:00:00+00:00,15.229999542236328,15.229999542236328,15.229999542236328,15.229999542236328,10632,0.0,0.0,0.0
2025-05-15 05:05:00+00:00,15.229999542236328,15.229999542236328,15.229999542236328,15.229999542236328,26063,0.0,0.0,0.0
2025-05-15 05:10:00+00:00,15.229999542236328,15.229999542236328,15.229999542236328,15.229999542236328,6000,0.0,0.0,0.0
2025-05-15 05:15:00+00:00,15.229999542236328,15.229999542236328,15.229999542236328,15.229999542236328,9710,0.0,0.0,0.0
2025-05-15 05:20:00+00:00,15.239999771118164,15.239999771118164,15.229999542236328,15.229999542236328,7000,0.0,0.0,0.0
2025-05-16 01:00:00+00:00,15.270000457763672,15.289999961853027,15.270000457763672,15.289999961853027,0,0.0,0.0,0.0
2025-05-16 01:05:00+00:00,15.270000457763672,15.270000457763672,15.270000457763672,15.270000457763672,10613,0.0,0.0,0.0
2025-05-16 01:10:00+00:00,15.270000457763672,15.270000457763672,15.270000457763672,15.270000457763672,90070,0.0,0.0,0.0
2025-05-16 01:15:00+00:00,15.279999732971191,15.300000190734863,15.279999732971191,15.300000190734863,142825,0.0,0.0,0.0
2025-05-16 01:20:00+00:00,15.300000190734863,15.300000190734863,15.300000190734863,15.300000190734863,47100,0.0,0.0,0.0
2025-05-16 01:25:00+00:00,15.300000190734863,15.3100004196167,15.300000190734863,15.3100004196167,36201,0.0,0.0,0.0
2025-05-16 01:30:00+00:00,15.3100004196167,15.3100004196167,15.300000190734863,15.3100004196167,20750,0.0,0.0,0.0
2025-05-16 01:35:00+00:00,15.319999694824219,15.359999656677246,15.319999694824219,15.359999656677246,113439,0.0,0.0,0.0
2025-05-16 01:40:00+00:00,15.350000381469727,15.359999656677246,15.350000381469727,15.359999656677246,5480,0.0,0.0,0.0
2025-05-16 01:45:00+00:00,15.369999885559082,15.380000114440918,15.359999656677246,15.359999656677246,32185,0.0,0.0,0.0
2025-05-16 01:50:00+00:00,15.350000381469727,15.350000381469727,15.350000381469727,15.350000381469727,1065,0.0,0.0,0.0
2025-05-16 01:55:00+00:00,15.359999656677246,15.380000114440918,15.350000381469727,15.380000114440918,71139,0.0,0.0,0.0
2025-05-16 02:00:00+00:00,15.390000343322754,15.399999618530273,15.380000114440918,15.380000114440918,11500,0.0,0.0,0.0
2025-05-16 02:05:00+00:00,15.380000114440918,15.380000114440918,15.380000114440918,15.380000114440918,2038,0.0,0.0,0.0
2025-05-16 02:10:00+00:00,15.369999885559082,15.369999885559082,15.369999885559082,15.369999885559082,7000,0.0,0.0,0.0
2025-05-16 02:15:00+00:00,15.369999885559082,15.369999885559082,15.369999885559082,15.369999885559082,3118,0.0,0.0,0.0
2025-05-16 02:20:00+00:00,15.369999885559082,15.390000343322754,15.369999885559082,15.380000114440918,78025,0.0,0.0,0.0
2025-05-16 02:25:00+00:00,15.390000343322754,15.390000343322754,15.390000343322754,15.390000343322754,4018,0.0,0.0,0.0
2025-05-16 02:30:00+00:00,15.399999618530273,15.399999618530273,15.399999618530273,15.399999618530273,109100,0.0,0.0,0.0
2025-05-16 02:35:00+00:00,15.40999984741211,15.430000305175781,15.40999984741211,15.430000305175781,88430,0.0,0.0,0.0
2025-05-16 02:40:00+00:00,15.430000305175781,15.430000305175781,15.430000305175781,15.430000305175781,22000,0.0,0.0,0.0
2025-05-16 02:45:00+00:00,15.4399995803833,15.4399995803833,15.430000305175781,15.430000305175781,4351,0.0,0.0,0.0
2025-05-16 02:50:00+00:00,15.40999984741211,15.40999984741211,15.40999984741211,15.40999984741211,13580,0.0,0.0,0.0
2025-05-16 02:55:00+00:00,15.420000076293945,15.420000076293945,15.420000076293945,15.420000076293945,4017,0.0,0.0,0.0
2025-05-16 03:00:00+00:00,15.420000076293945,15.420000076293945,15.40999984741211,15.40999984741211,5300,0.0,0.0,0.0
2025-05-16 03:05:00+00:00,15.40999984741211,15.420000076293945,15.40999984741211,15.420000076293945,31027,0.0,0.0,0.0
2025-05-16 03:10:00+00:00,15.430000305175781,15.4399995803833,15.430000305175781,15.4399995803833,76300,0.0,0.0,0.0
2025-05-16 03:15:00+00:00,15.449999809265137,15.449999809265137,15.4399995803833,15.449999809265137,94380,0.0,0.0,0.0
2025-05-16 03:20:00+00:00,15.449999809265137,15.460000038146973,15.449999809265137,15.449999809265137,7991,0.0,0.0,0.0
2025-05-16 03:25:00+00:00,15.460000038146973,15.460000038146973,15.460000038146973,15.460000038146973,20018,0.0,0.0,0.0
2025-05-16 03:30:00+00:00,15.449999809265137,15.449999809265137,15.449999809265137,15.449999809265137,18118,0.0,0.0,0.0
2025-05-16 03:35:00+00:00,15.4399995803833,15.4399995803833,15.420000076293945,15.420000076293945,205729,0.0,0.0,0.0
2025-05-16 03:40:00+00:00,15.40999984741211,15.40999984741211,15.399999618530273,15.399999618530273,7088,0.0,0.0,0.0
2025-05-16 03:45:00+00:00,15.399999618530273,15.399999618530273,15.399999618530273,15.399999618530273,29002,0.0,0.0,0.0
2025-05-16 03:50:00+00:00,15.399999618530273,15.399999618530273,15.399999618530273,15.399999618530273,10119,0.0,0.0,0.0
2025-05-16 03:55:00+00:00,15.390000343322754,15.390000343322754,15.390000343322754,15.390000343322754,33027,0.0,0.0,0.0
2025-05-16 04:05:00+00:00,15.399999618530273,15.399999618530273,15.399999618530273,15.399999618530273,8019,0.0,0.0,0.0
2025-05-16 04:10:00+00:00,15.399999618530273,15.399999618530273,15.399999618530273,15.399999618530273,1000,0.0,0.0,0.0
2025-05-16 04:15:00+00:00,15.399999618530273,15.399999618530273,15.399999618530273,15.399999618530273,40973,0.0,0.0,0.0
2025-05-16 04:25:00+00:00,15.399999618530273,15.399999618530273,15.399999618530273,15.399999618530273,10200,0.0,0.0,0.0
2025-05-16 04:30:00+00:00,15.399999618530273,15.40999984741211,15.399999618530273,15.40999984741211,29218,0.0,0.0,0.0
2025-05-16 04:35:00+00:00,15.40999984741211,15.420000076293945,15.40999984741211,15.420000076293945,24356,0.0,0.0,0.0
2025-05-16 04:40:00+00:00,15.420000076293945,15.420000076293945,15.420000076293945,15.420000076293945,3547,0.0,0.0,0.0
2025-05-16 04:45:00+00:00,15.420000076293945,15.430000305175781,15.420000076293945,15.430000305175781,7584,0.0,0.0,0.0
2025-05-16 04:55:00+00:00,15.399999618530273,15.399999618530273,15.399999618530273,15.399999618530273,74282,0.0,0.0,0.0
2025-05-16 05:00:00+00:00,15.399999618530273,15.40999984741211,15.399999618530273,15.40999984741211,65750,0.0,0.0,0.0
2025-05-16 05:05:00+00:00,15.40999984741211,15.40999984741211,15.40999984741211,15.40999984741211,6271,0.0,0.0,0.0
2025-05-16 05:10:00+00:00,15.40999984741211,15.40999984741211,15.40999984741211,15.40999984741211,9000,0.0,0.0,0.0
2025-05-16 05:15:00+00:00,15.40999984741211,15.40999984741211,15.40999984741211,15.40999984741211,30230,0.0,0.0,0.0
2025-05-16 05:20:00+00:00,15.40999984741211,15.40999984741211,15.399999618530273,15.40999984741211,14868,0.0,0.0,0.0
2025-05-19 01:00:00+00:00,15.369999885559082,15.399999618530273,15.350000381469727,15.359999656677246,0,0.0,0.0,0.0
2025-05-19 01:05:00+00:00,15.369999885559082,15.380000114440918,15.359999656677246,15.369999885559082,159093,0.0,0.0,0.0
2025-05-19 01:10:00+00:00,15.369999885559082,15.369999885559082,15.34000015258789,15.34000015258789,264890,0.0,0.0,0.0
2025-05-19 01:15:00+00:00,15.329999923706055,15.329999923706055,15.319999694824219,15.319999694824219,14440,0.0,0.0,0.0
2025-05-19 01:20:00+00:00,15.3100004196167,15.3100004196167,15.289999961853027,15.289999961853027,58646,0.0,0.0,0.0
2025-05-19 01:25:00+00:00,15.300000190734863,15.3100004196167,15.289999961853027,15.3100004196167,16265,0.0,0.0,0.0
2025-05-19 01:30:00+00:00,15.329999923706055,15.329999923706055,15.300000190734863,15.3100004196167,31098,0.0,0.0,0.0
2025-05-19 01:35:00+00:00,15.3100004196167,15.329999923706055,15.3100004196167,15.319999694824219,23335,0.0,0.0,0.0
2025-05-19 01:40:00+00:00,15.319999694824219,15.319999694824219,15.3100004196167,15.3100004196167,37114,0.0,0.0,0.0
2025-05-19 01:45:00+00:00,15.319999694824219,15.319999694824219,15.300000190734863,15.300000190734863,145100,0.0,0.0,0.0
2025-05-19 01:50:00+00:00,15.3100004196167,15.3100004196167,15.289999961853027,15.289999961853027,33477,0.0,0.0,0.0
2025-05-19 01:55:00+00:00,15.289999961853027,15.289999961853027,15.289999961853027,15.289999961853027,6384,0.0,0.0,0.0
2025-05-19 02:00:00+00:00,15.289999961853027,15.300000190734863,15.279999732971191,15.300000190734863,40575,0.0,0.0,0.0
2025-05-19 02:05:00+00:00,15.3100004196167,15.319999694824219,15.3100004196167,15.319999694824219,19176,0.0,0.0,0.0
2025-05-19 02:10:00+00:00,15.319999694824219,15.319999694824219,15.3100004196167,15.319999694824219,19117,0.0,0.0,0.0
2025-05-19 02:15:00+00:00,15.329999923706055,15.350000381469727,15.329999923706055,15.350000381469727,11389,0.0,0.0,0.0
2025-05-19 02:20:00+00:00,15.350000381469727,15.350000381469727,15.34000015258789,15.34000015258789,12000,0.0,0.0,0.0
2025-05-19 02:25:00+00:00,15.350000381469727,15.359999656677246,15.350000381469727,15.359999656677246,10444,0.0,0.0,0.0
2025-05-19 02:30:00+00:00,15.359999656677246,15.369999885559082,15.350000381469727,15.350000381469727,113040,0.0,0.0,0.0
2025-05-19 02:35:00+00:00,15.350000381469727,15.359999656677246,15.350000381469727,15.359999656677246,11260,0.0,0.0,0.0
2025-05-19 02:40:00+00:00,15.359999656677246,15.359999656677246,15.359999656677246,15.359999656677246,4000,0.0,0.0,0.0
2025-05-19 02:45:00+00:00,15.369999885559082,15.369999885559082,15.369999885559082,15.369999885559082,3400,0.0,0.0,0.0
2025-05-19 02:55:00+00:00,15.359999656677246,15.359999656677246,15.359999656677246,15.359999656677246,1060,0.0,0.0,0.0
2025-05-19 03:00:00+00:00,15.369999885559082,15.369999885559082,15.369999885559082,15.369999885559082,2153,0.0,0.0,0.0
2025-05-19 03:05:00+00:00,15.359999656677246,15.359999656677246,15.359999656677246,15.359999656677246,1000,0.0,0.0,0.0
2025-05-19 03:10:00+00:00,15.350000381469727,15.350000381469727,15.329999923706055,15.329999923706055,35000,0.0,0.0,0.0
2025-05-19 03:15:00+00:00,15.329999923706055,15.329999923706055,15.319999694824219,15.319999694824219,3168,0.0,0.0,0.0
2025-05-19 03:20:00+00:00,15.329999923706055,15.329999923706055,15.319999694824219,15.319999694824219,20000,0.0,0.0,0.0
2025-05-19 03:25:00+00:00,15.319999694824219,15.319999694824219,15.319999694824219,15.319999694824219,25061,0.0,0.0,0.0
2025-05-19 03:30:00+00:00,15.300000190734863,15.300000190734863,15.300000190734863,15.300000190734863,100410,0.0,0.0,0.0
2025-05-19 03:35:00+00:00,15.279999732971191,15.279999732971191,15.279999732971191,15.279999732971191,7041,0.0,0.0,0.0
2025-05-19 03:45:00+00:00,15.279999732971191,15.279999732971191,15.279999732971191,15.279999732971191,7200,0.0,0.0,0.0
2025-05-19 03:50:00+00:00,15.279999732971191,15.279999732971191,15.279999732971191,15.279999732971191,1000,0.0,0.0,0.0
2025-05-19 03:55:00+00:00,15.300000190734863,15.300000190734863,15.300000190734863,15.300000190734863,13340,0.0,0.0,0.0
2025-05-19 04:15:00+00:00,15.300000190734863,15.300000190734863,15.300000190734863,15.300000190734863,20113,0.0,0.0,0.0
2025-05-19 04:20:00+00:00,15.279999732971191,15.279999732971191,15.279999732971191,15.279999732971191,10010,0.0,0.0,0.0
2025-05-19 04:25:00+00:00,15.279999732971191,15.279999732971191,15.279999732971191,15.279999732971191,2557,0.0,0.0,0.0
2025-05-19 04:30:00+00:00,15.270000457763672,15.279999732971191,15.270000457763672,15.279999732971191,4267,0.0,0.0,0.0
2025-05-19 04:35:00+00:00,15.279999732971191,15.279999732971191,15.279999732971191,15.279999732971191,6000,0.0,0.0,0.0
2025-05-19 04:40:00+00:00,15.270000457763672,15.270000457763672,15.270000457763672,15.270000457763672,9030,0.0,0.0,0.0
2025-05-19 04:45:00+00:00,15.279999732971191,15.279999732971191,15.279999732971191,15.279999732971191,1447,0.0,0.0,0.0
2025-05-19 04:50:00+00:00,15.270000457763672,15.270000457763672,15.260000228881836,15.260000228881836,20220,0.0,0.0,0.0
2025-05-19 04:55:00+00:00,15.260000228881836,15.260000228881836,15.260000228881836,15.260000228881836,6078,0.0,0.0,0.0
2025-05-19 05:05:00+00:00,15.270000457763672,15.270000457763672,15.270000457763672,15.270000457763672,187520,0.0,0.0,0.0
2025-05-19 05:10:00+00:00,15.260000228881836,15.270000457763672,15.260000228881836,15.260000228881836,14205,0.0,0.0,0.0
2025-05-19 05:15:00+00:00,15.260000228881836,15.260000228881836,15.25,15.25,30968,0.0,0.0,0.0
2025-05-19 05:20:00+00:00,15.260000228881836,15.260000228881836,15.260000228881836,15.260000228881836,9123,0.0,0.0,0.0
2025-05-20 01:00:00+00:00,15.270000457763672,15.300000190734863,15.270000457763672,15.279999732971191,0,0.0,0.0,0.0
2025-05-20 01:05:00+00:00,15.289999961853027,15.300000190734863,15.289999961853027,15.300000190734863,58239,0.0,0.0,0.0
2025-05-20 01:10:00+00:00,15.279999732971191,15.279999732971191,15.279999732971191,15.279999732971191,12077,0.0,0.0,0.0
2025-05-20 01:15:00+00:00,15.270000457763672,15.270000457763672,15.25,15.260000228881836,4079,0.0,0.0,0.0
2025-05-20 01:20:00+00:00,15.260000228881836,15.260000228881836,15.25,15.25,8661,0.0,0.0,0.0
2025-05-20 01:25:00+00:00,15.25,15.25,15.239999771118164,15.239999771118164,5145,0.0,0.0,0.0
2025-05-20 01:30:00+00:00,15.25,15.25,15.220000267028809,15.220000267028809,15078,0.0,0.0,0.0
2025-05-20 01:35:00+00:00,15.220000267028809,15.220000267028809,15.210000038146973,15.210000038146973,28231,0.0,0.0,0.0
2025-05-20 01:40:00+00:00,15.220000267028809,15.229999542236328,15.220000267028809,15.229999542236328,23222,0.0,0.0,0.0
2025-05-20 01:45:00+00:00,15.229999542236328,15.25,15.229999542236328,15.25,20100,0.0,0.0,0.0
2025-05-20 01:50:00+00:00,15.25,15.25,15.25,15.25,9092,0.0,0.0,0.0
2025-05-20 01:55:00+00:00,15.260000228881836,15.260000228881836,15.260000228881836,15.260000228881836,13142,0.0,0.0,0.0
2025-05-20 02:00:00+00:00,15.270000457763672,15.279999732971191,15.270000457763672,15.279999732971191,74376,0.0,0.0,0.0
2025-05-20 02:05:00+00:00,15.279999732971191,15.279999732971191,15.270000457763672,15.270000457763672,7709,0.0,0.0,0.0
2025-05-20 02:10:00+00:00,15.279999732971191,15.289999961853027,15.279999732971191,15.289999961853027,33346,0.0,0.0,0.0
2025-05-20 02:15:00+00:00,15.260000228881836,15.270000457763672,15.260000228881836,15.270000457763672,102000,0.0,0.0,0.0
2025-05-20 02:25:00+00:00,15.260000228881836,15.260000228881836,15.260000228881836,15.260000228881836,3097,0.0,0.0,0.0
2025-05-20 02:30:00+00:00,15.260000228881836,15.260000228881836,15.260000228881836,15.260000228881836,1173,0.0,0.0,0.0
2025-05-20 02:35:00+00:00,15.270000457763672,15.300000190734863,15.270000457763672,15.300000190734863,149078,0.0,0.0,0.0
2025-05-20 02:40:00+00:00,15.300000190734863,15.3100004196167,15.300000190734863,15.3100004196167,115750,0.0,0.0,0.0
2025-05-20 02:45:00+00:00,15.3100004196167,15.3100004196167,15.3100004196167,15.3100004196167,1275,0.0,0.0,0.0
2025-05-20 02:50:00+00:00,15.300000190734863,15.300000190734863,15.300000190734863,15.300000190734863,5000,0.0,0.0,0.0
2025-05-20 02:55:00+00:00,15.300000190734863,15.300000190734863,15.300000190734863,15.300000190734863,6150,0.0,0.0,0.0
2025-05-20 03:00:00+00:00,15.300000190734863,15.3100004196167,15.300000190734863,15.3100004196167,26335,0.0,0.0,0.0
2025-05-20 03:15:00+00:00,15.300000190734863,15.300000190734863,15.289999961853027,15.289999961853027,50188,0.0,0.0,0.0
2025-05-20 03:20:00+00:00,15.289999961853027,15.300000190734863,15.289999961853027,15.300000190734863,23029,0.0,0.0,0.0
2025-05-20 03:25:00+00:00,15.289999961853027,15.289999961853027,15.289999961853027,15.289999961853027,12000,0.0,0.0,0.0
2025-05-20 03:30:00+00:00,15.289999961853027,15.289999961853027,15.289999961853027,15.289999961853027,1000,0.0,0.0,0.0
2025-05-20 03:35:00+00:00,15.289999961853027,15.289999961853027,15.289999961853027,15.289999961853027,11300,0.0,0.0,0.0
2025-05-20 03:40:00+00:00,15.289999961853027,15.300000190734863,15.289999961853027,15.300000190734863,29803,0.0,0.0,0.0
2025-05-20 03:55:00+00:00,15.300000190734863,15.300000190734863,15.300000190734863,15.300000190734863,2000,0.0,0.0,0.0
2025-05-20 04:00:00+00:00,15.300000190734863,15.300000190734863,15.300000190734863,15.300000190734863,3830,0.0,0.0,0.0
2025-05-20 04:10:00+00:00,15.279999732971191,15.279999732971191,15.279999732971191,15.279999732971191,1000,0.0,0.0,0.0
2025-05-20 04:15:00+00:00,15.279999732971191,15.279999732971191,15.260000228881836,15.260000228881836,15201,0.0,0.0,0.0
2025-05-20 04:20:00+00:00,15.260000228881836,15.260000228881836,15.260000228881836,15.260000228881836,5100,0.0,0.0,0.0
2025-05-20 04:25:00+00:00,15.260000228881836,15.260000228881836,15.260000228881836,15.260000228881836,24559,0.0,0.0,0.0
2025-05-20 04:30:00+00:00,15.270000457763672,15.270000457763672,15.270000457763672,15.270000457763672,18210,0.0,0.0,0.0
2025-05-20 04:40:00+00:00,15.260000228881836,15.260000228881836,15.260000228881836,15.260000228881836,64521,0.0,0.0,0.0
2025-05-20 04:50:00+00:00,15.260000228881836,15.260000228881836,15.260000228881836,15.260000228881836,100000,0.0,0.0,0.0
2025-05-20 05:05:00+00:00,15.260000228881836,15.260000228881836,15.260000228881836,15.260000228881836,19100,0.0,0.0,0.0
2025-05-20 05:10:00+00:00,15.260000228881836,15.260000228881836,15.260000228881836,15.260000228881836,2297,0.0,0.0,0.0
2025-05-20 05:15:00+00:00,15.260000228881836,15.260000228881836,15.260000228881836,15.260000228881836,1000,0.0,0.0,0.0
2025-05-20 05:20:00+00:00,15.260000228881836,15.270000457763672,15.260000228881836,15.260000228881836,36042,0.0,0.0,0.0
2025-05-21 01:00:00+00:00,15.260000228881836,15.300000190734863,15.260000228881836,15.300000190734863,0,0.0,0.0,0.0
2025-05-21 01:05:00+00:00,15.3100004196167,15.3100004196167,15.289999961853027,15.289999961853027,9110,0.0,0.0,0.0
2025-05-21 01:15:00+00:00,15.289999961853027,15.289999961853027,15.289999961853027,15.289999961853027,1650,0.0,0.0,0.0
2025-05-21 01:20:00+00:00,15.270000457763672,15.270000457763672,15.270000457763672,15.270000457763672,13075,0.0,0.0,0.0
2025-05-21 01:25:00+00:00,15.279999732971191,15.279999732971191,15.279999732971191,15.279999732971191,1000,0.0,0.0,0.0
2025-05-21 01:30:00+00:00,15.279999732971191,15.279999732971191,15.270000457763672,15.270000457763672,4402,0.0,0.0,0.0
2025-05-21 01:35:00+00:00,15.270000457763672,15.270000457763672,15.270000457763672,15.270000457763672,2270,0.0,0.0,0.0
2025-05-21 01:45:00+00:00,15.270000457763672,15.289999961853027,15.270000457763672,15.270000457763672,82289,0.0,0.0,0.0
2025-05-21 01:50:00+00:00,15.289999961853027,15.289999961853027,15.289999961853027,15.289999961853027,9066,0.0,0.0,0.0
2025-05-21 01:55:00+00:00,15.300000190734863,15.3100004196167,15.300000190734863,15.3100004196167,68528,0.0,0.0,0.0
2025-05-21 02:05:00+00:00,15.279999732971191,15.279999732971191,15.279999732971191,15.279999732971191,1000,0.0,0.0,0.0
2025-05-21 02:10:00+00:00,15.289999961853027,15.3100004196167,15.289999961853027,15.3100004196167,9257,0.0,0.0,0.0
2025-05-21 02:15:00+00:00,15.3100004196167,15.3100004196167,15.3100004196167,15.3100004196167,9305,0.0,0.0,0.0
2025-05-21 02:25:00+00:00,15.3100004196167,15.3100004196167,15.3100004196167,15.3100004196167,1297,0.0,0.0,0.0
2025-05-21 02:30:00+00:00,15.3100004196167,15.3100004196167,15.3100004196167,15.3100004196167,8220,0.0,0.0,0.0
2025-05-21 02:35:00+00:00,15.3100004196167,15.3100004196167,15.3100004196167,15.3100004196167,5027,0.0,0.0,0.0
2025-05-21 02:40:00+00:00,15.319999694824219,15.329999923706055,15.319999694824219,15.329999923706055,34004,0.0,0.0,0.0
2025-05-21 02:45:00+00:00,15.329999923706055,15.329999923706055,15.329999923706055,15.329999923706055,1000,0.0,0.0,0.0
2025-05-21 02:50:00+00:00,15.319999694824219,15.319999694824219,15.319999694824219,15.319999694824219,30000,0.0,0.0,0.0
2025-05-21 02:55:00+00:00,15.319999694824219,15.319999694824219,15.319999694824219,15.319999694824219,1777,0.0,0.0,0.0
2025-05-21 03:00:00+00:00,15.329999923706055,15.350000381469727,15.329999923706055,15.350000381469727,56300,0.0,0.0,0.0
2025-05-21 03:05:00+00:00,15.350000381469727,15.359999656677246,15.350000381469727,15.359999656677246,29000,0.0,0.0,0.0
2025-05-21 03:10:00+00:00,15.359999656677246,15.359999656677246,15.359999656677246,15.359999656677246,3005,0.0,0.0,0.0
2025-05-21 03:15:00+00:00,15.359999656677246,15.359999656677246,15.359999656677246,15.359999656677246,7000,0.0,0.0,0.0
2025-05-21 03:20:00+00:00,15.359999656677246,15.359999656677246,15.359999656677246,15.359999656677246,60150,0.0,0.0,0.0
2025-05-21 03:25:00+00:00,15.350000381469727,15.350000381469727,15.350000381469727,15.350000381469727,1130,0.0,0.0,0.0
2025-05-21 03:35:00+00:00,15.359999656677246,15.359999656677246,15.359999656677246,15.359999656677246,1000,0.0,0.0,0.0
2025-05-21 03:40:00+00:00,15.359999656677246,15.359999656677246,15.359999656677246,15.359999656677246,1325,0.0,0.0,0.0
2025-05-21 03:50:00+00:00,15.350000381469727,15.350000381469727,15.350000381469727,15.350000381469727,8130,0.0,0.0,0.0
2025-05-21 03:55:00+00:00,15.34000015258789,15.350000381469727,15.34000015258789,15.350000381469727,21714,0.0,0.0,0.0
2025-05-21 04:10:00+00:00,15.350000381469727,15.350000381469727,15.350000381469727,15.350000381469727,2000,0.0,0.0,0.0
2025-05-21 04:15:00+00:00,15.350000381469727,15.350000381469727,15.350000381469727,15.350000381469727,43000,0.0,0.0,0.0
2025-05-21 04:20:00+00:00,15.350000381469727,15.359999656677246,15.350000381469727,15.359999656677246,20000,0.0,0.0,0.0
2025-05-21 04:25:00+00:00,15.359999656677246,15.359999656677246,15.350000381469727,15.350000381469727,4800,0.0,0.0,0.0
2025-05-21 04:30:00+00:00,15.359999656677246,15.359999656677246,15.359999656677246,15.359999656677246,64000,0.0,0.0,0.0
2025-05-21 04:35:00+00:00,15.359999656677246,15.369999885559082,15.359999656677246,15.369999885559082,163400,0.0,0.0,0.0
2025-05-21 04:40:00+00:00,15.369999885559082,15.369999885559082,15.359999656677246,15.359999656677246,11020,0.0,0.0,0.0
2025-05-21 04:45:00+00:00,15.359999656677246,15.359999656677246,15.359999656677246,15.359999656677246,1337,0.0,0.0,0.0
2025-05-21 04:50:00+00:00,15.359999656677246,15.359999656677246,15.359999656677246,15.359999656677246,1500,0.0,0.0,0.0
2025-05-21 04:55:00+00:00,15.359999656677246,15.359999656677246,15.359999656677246,15.359999656677246,2063,0.0,0.0,0.0
2025-05-21 05:00:00+00:00,15.359999656677246,15.369999885559082,15.359999656677246,15.369999885559082,127548,0.0,0.0,0.0
2025-05-21 05:05:00+00:00,15.369999885559082,15.369999885559082,15.369999885559082,15.369999885559082,1200,0.0,0.0,0.0
2025-05-21 05:10:00+00:00,15.369999885559082,15.369999885559082,15.369999885559082,15.369999885559082,2010,0.0,0.0,0.0
2025-05-21 05:15:00+00:00,15.369999885559082,15.380000114440918,15.369999885559082,15.380000114440918,69006,0.0,0.0,0.0
2025-05-21 05:20:00+00:00,15.380000114440918,15.390000343322754,15.380000114440918,15.390000343322754,15577,0.0,0.0,0.0
2025-05-22 01:00:00+00:00,15.239999771118164,15.289999961853027,15.239999771118164,15.289999961853027,0,0.0,0.0,0.0
2025-05-22 01:05:00+00:00,15.289999961853027,15.300000190734863,15.289999961853027,15.300000190734863,19746,0.0,0.0,0.0
2025-05-22 01:10:00+00:00,15.3100004196167,15.3100004196167,15.300000190734863,15.3100004196167,73000,0.0,0.0,0.0
2025-05-22 01:15:00+00:00,15.300000190734863,15.300000190734863,15.25,15.25,133200,0.0,0.0,0.0
2025-05-22 01:20:00+00:00,15.25,15.279999732971191,15.25,15.279999732971191,6000,0.0,0.0,0.0
2025-05-22 01:25:00+00:00,15.300000190734863,15.300000190734863,15.300000190734863,15.300000190734863,7290,0.0,0.0,0.0
2025-05-22 01:30:00+00:00,15.300000190734863,15.300000190734863,15.300000190734863,15.300000190734863,5250,0.0,0.0,0.0
2025-05-22 01:40:00+00:00,15.300000190734863,15.300000190734863,15.300000190734863,15.300000190734863,4000,0.0,0.0,0.0
2025-05-22 01:45:00+00:00,15.3100004196167,15.3100004196167,15.300000190734863,15.300000190734863,146670,0.0,0.0,0.0
2025-05-22 01:50:00+00:00,15.289999961853027,15.300000190734863,15.289999961853027,15.300000190734863,5486,0.0,0.0,0.0
2025-05-22 01:55:00+00:00,15.25,15.25,15.25,15.25,13430,0.0,0.0,0.0
2025-05-22 02:00:00+00:00,15.25,15.25,15.25,15.25,6333,0.0,0.0,0.0
2025-05-22 02:05:00+00:00,15.25,15.270000457763672,15.25,15.270000457763672,32280,0.0,0.0,0.0
2025-05-22 02:10:00+00:00,15.270000457763672,15.270000457763672,15.270000457763672,15.270000457763672,6010,0.0,0.0,0.0
2025-05-22 02:20:00+00:00,15.300000190734863,15.300000190734863,15.300000190734863,15.300000190734863,2000,0.0,0.0,0.0
2025-05-22 02:25:00+00:00,15.300000190734863,15.3100004196167,15.300000190734863,15.3100004196167,25800,0.0,0.0,0.0
2025-05-22 02:30:00+00:00,15.3100004196167,15.3100004196167,15.3100004196167,15.3100004196167,7115,0.0,0.0,0.0
2025-05-22 02:35:00+00:00,15.3100004196167,15.319999694824219,15.3100004196167,15.319999694824219,13000,0.0,0.0,0.0
2025-05-22 02:40:00+00:00,15.319999694824219,15.329999923706055,15.319999694824219,15.329999923706055,8009,0.0,0.0,0.0
2025-05-22 02:45:00+00:00,15.329999923706055,15.329999923706055,15.329999923706055,15.329999923706055,5641,0.0,0.0,0.0
2025-05-22 02:50:00+00:00,15.319999694824219,15.319999694824219,15.319999694824219,15.319999694824219,2100,0.0,0.0,0.0
2025-05-22 02:55:00+00:00,15.3100004196167,15.3100004196167,15.3100004196167,15.3100004196167,1000,0.0,0.0,0.0
2025-05-22 03:00:00+00:00,15.3100004196167,15.3100004196167,15.3100004196167,15.3100004196167,4209,0.0,0.0,0.0
2025-05-22 03:05:00+00:00,15.3100004196167,15.3100004196167,15.3100004196167,15.3100004196167,7000,0.0,0.0,0.0
2025-05-22 03:10:00+00:00,15.3100004196167,15.319999694824219,15.3100004196167,15.319999694824219,63000,0.0,0.0,0.0
2025-05-22 03:15:00+00:00,15.329999923706055,15.34000015258789,15.329999923706055,15.34000015258789,31461,0.0,0.0,0.0
2025-05-22 03:20:00+00:00,15.350000381469727,15.350000381469727,15.350000381469727,15.350000381469727,9191,0.0,0.0,0.0
2025-05-22 03:25:00+00:00,15.359999656677246,15.359999656677246,15.359999656677246,15.359999656677246,11107,0.0,0.0,0.0
2025-05-22 03:30:00+00:00,15.359999656677246,15.359999656677246,15.359999656677246,15.359999656677246,5000,0.0,0.0,0.0
2025-05-22 03:35:00+00:00,15.359999656677246,15.380000114440918,15.359999656677246,15.380000114440918,30237,0.0,0.0,0.0
2025-05-22 03:40:00+00:00,15.380000114440918,15.380000114440918,15.380000114440918,15.380000114440918,5000,0.0,0.0,0.0
2025-05-22 03:45:00+00:00,15.369999885559082,15.369999885559082,15.369999885559082,15.369999885559082,8107,0.0,0.0,0.0
2025-05-22 03:55:00+00:00,15.369999885559082,15.390000343322754,15.369999885559082,15.390000343322754,21383,0.0,0.0,0.0
2025-05-22 04:05:00+00:00,15.380000114440918,15.380000114440918,15.380000114440918,15.380000114440918,100013,0.0,0.0,0.0
2025-05-22 04:10:00+00:00,15.359999656677246,15.359999656677246,15.359999656677246,15.359999656677246,2100,0.0,0.0,0.0
2025-05-22 04:20:00+00:00,15.369999885559082,15.380000114440918,15.369999885559082,15.380000114440918,35000,0.0,0.0,0.0
2025-05-22 04:25:00+00:00,15.380000114440918,15.380000114440918,15.380000114440918,15.380000114440918,1000,0.0,0.0,0.0
2025-05-22 04:40:00+00:00,15.369999885559082,15.380000114440918,15.369999885559082,15.380000114440918,5148,0.0,0.0,0.0
2025-05-22 04:45:00+00:00,15.380000114440918,15.380000114440918,15.380000114440918,15.380000114440918,3171,0.0,0.0,0.0
2025-05-22 05:00:00+00:00,15.359999656677246,15.359999656677246,15.359999656677246,15.359999656677246,10776,0.0,0.0,0.0
2025-05-22 05:05:00+00:00,15.359999656677246,15.359999656677246,15.359999656677246,15.359999656677246,1160,0.0,0.0,0.0
2025-05-22 05:15:00+00:00,15.369999885559082,15.369999885559082,15.369999885559082,15.369999885559082,22138,0.0,0.0,0.0
2025-05-22 05:20:00+00:00,15.380000114440918,15.380000114440918,15.369999885559082,15.369999885559082,4781,0.0,0.0,0.0
2025-05-23 01:00:00+00:00,15.390000343322754,15.420000076293945,15.390000343322754,15.40999984741211,0,0.0,0.0,0.0
2025-05-23 01:05:00+00:00,15.399999618530273,15.399999618530273,15.399999618530273,15.399999618530273,14087,0.0,0.0,0.0
2025-05-23 01:10:00+00:00,15.40999984741211,15.420000076293945,15.40999984741211,15.40999984741211,22740,0.0,0.0,0.0
2025-05-23 01:15:00+00:00,15.399999618530273,15.399999618530273,15.390000343322754,15.399999618530273,10000,0.0,0.0,0.0
2025-05-23 01:20:00+00:00,15.399999618530273,15.399999618530273,15.390000343322754,15.390000343322754,48877,0.0,0.0,0.0
2025-05-23 01:25:00+00:00,15.380000114440918,15.380000114440918,15.380000114440918,15.380000114440918,10710,0.0,0.0,0.0
2025-05-23 01:30:00+00:00,15.390000343322754,15.390000343322754,15.380000114440918,15.380000114440918,21210,0.0,0.0,0.0
2025-05-23 01:35:00+00:00,15.380000114440918,15.380000114440918,15.369999885559082,15.380000114440918,20739,0.0,0.0,0.0
2025-05-23 01:40:00+00:00,15.380000114440918,15.380000114440918,15.380000114440918,15.380000114440918,1015,0.0,0.0,0.0
2025-05-23 01:45:00+00:00,15.390000343322754,15.399999618530273,15.390000343322754,15.399999618530273,32356,0.0,0.0,0.0
2025-05-23 01:50:00+00:00,15.399999618530273,15.399999618530273,15.399999618530273,15.399999618530273,100045,0.0,0.0,0.0
2025-05-23 01:55:00+00:00,15.369999885559082,15.369999885559082,15.369999885559082,15.369999885559082,106086,0.0,0.0,0.0
2025-05-23 02:00:00+00:00,15.399999618530273,15.399999618530273,15.399999618530273,15.399999618530273,2112,0.0,0.0,0.0
2025-05-23 02:10:00+00:00,15.369999885559082,15.390000343322754,15.369999885559082,15.390000343322754,5350,0.0,0.0,0.0
2025-05-23 02:15:00+00:00,15.399999618530273,15.399999618530273,15.399999618530273,15.399999618530273,107193,0.0,0.0,0.0
2025-05-23 02:20:00+00:00,15.390000343322754,15.390000343322754,15.390000343322754,15.390000343322754,1126,0.0,0.0,0.0
2025-05-23 02:25:00+00:00,15.380000114440918,15.390000343322754,15.380000114440918,15.390000343322754,3000,0.0,0.0,0.0
2025-05-23 02:30:00+00:00,15.390000343322754,15.390000343322754,15.380000114440918,15.380000114440918,5518,0.0,0.0,0.0
2025-05-23 02:35:00+00:00,15.369999885559082,15.369999885559082,15.359999656677246,15.359999656677246,53160,0.0,0.0,0.0
2025-05-23 02:40:00+00:00,15.369999885559082,15.369999885559082,15.369999885559082,15.369999885559082,4000,0.0,0.0,0.0
2025-05-23 02:45:00+00:00,15.390000343322754,15.390000343322754,15.390000343322754,15.390000343322754,2140,0.0,0.0,0.0
2025-05-23 02:50:00+00:00,15.390000343322754,15.390000343322754,15.390000343322754,15.390000343322754,5063,0.0,0.0,0.0
2025-05-23 03:00:00+00:00,15.390000343322754,15.390000343322754,15.380000114440918,15.380000114440918,8110,0.0,0.0,0.0
2025-05-23 03:05:00+00:00,15.380000114440918,15.380000114440918,15.380000114440918,15.380000114440918,2000,0.0,0.0,0.0
2025-05-23 03:15:00+00:00,15.380000114440918,15.380000114440918,15.380000114440918,15.380000114440918,29311,0.0,0.0,0.0
2025-05-23 03:20:00+00:00,15.390000343322754,15.390000343322754,15.390000343322754,15.390000343322754,46601,0.0,0.0,0.0
2025-05-23 03:30:00+00:00,15.390000343322754,15.390000343322754,15.390000343322754,15.390000343322754,5614,0.0,0.0,0.0
2025-05-23 03:40:00+00:00,15.380000114440918,15.380000114440918,15.380000114440918,15.380000114440918,5081,0.0,0.0,0.0
2025-05-23 03:45:00+00:00,15.380000114440918,15.390000343322754,15.369999885559082,15.369999885559082,18140,0.0,0.0,0.0
2025-05-23 03:50:00+00:00,15.359999656677246,15.359999656677246,15.359999656677246,15.359999656677246,3080,0.0,0.0,0.0
2025-05-23 04:05:00+00:00,15.359999656677246,15.359999656677246,15.350000381469727,15.359999656677246,29263,0.0,0.0,0.0
2025-05-23 04:10:00+00:00,15.369999885559082,15.369999885559082,15.369999885559082,15.369999885559082,20166,0.0,0.0,0.0
2025-05-23 04:20:00+00:00,15.359999656677246,15.359999656677246,15.350000381469727,15.350000381469727,116250,0.0,0.0,0.0
2025-05-23 04:25:00+00:00,15.359999656677246,15.359999656677246,15.350000381469727,15.350000381469727,8281,0.0,0.0,0.0
2025-05-23 04:30:00+00:00,15.34000015258789,15.350000381469727,15.34000015258789,15.350000381469727,19573,0.0,0.0,0.0
2025-05-23 04:45:00+00:00,15.350000381469727,15.350000381469727,15.350000381469727,15.350000381469727,1300,0.0,0.0,0.0
2025-05-23 04:50:00+00:00,15.350000381469727,15.350000381469727,15.350000381469727,15.350000381469727,1700,0.0,0.0,0.0
2025-05-23 04:55:00+00:00,15.34000015258789,15.34000015258789,15.34000015258789,15.34000015258789,23100,0.0,0.0,0.0
2025-05-23 05:00:00+00:00,15.34000015258789,15.350000381469727,15.34000015258789,15.350000381469727,21053,0.0,0.0,0.0
2025-05-23 05:05:00+00:00,15.350000381469727,15.350000381469727,15.34000015258789,15.34000015258789,3000,0.0,0.0,0.0
2025-05-23 05:10:00+00:00,15.34000015258789,15.34000015258789,15.329999923706055,15.329999923706055,2954,0.0,0.0,0.0
2025-05-23 05:20:00+00:00,15.329999923706055,15.34000015258789,15.329999923706055,15.34000015258789,5056,0.0,0.0,0.0
2025-05-26 01:00:00+00:00,15.350000381469727,15.350000381469727,15.34000015258789,15.34000015258789,0,0.0,0.0,0.0
2025-05-26 01:05:00+00:00,15.329999923706055,15.350000381469727,15.329999923706055,15.329999923706055,18387,0.0,0.0,0.0
2025-05-26 01:10:00+00:00,15.34000015258789,15.359999656677246,15.34000015258789,15.359999656677246,201017,0.0,0.0,0.0
2025-05-26 01:15:00+00:00,15.359999656677246,15.359999656677246,15.359999656677246,15.359999656677246,1079,0.0,0.0,0.0
2025-05-26 01:20:00+00:00,15.34000015258789,15.34000015258789,15.34000015258789,15.34000015258789,102130,0.0,0.0,0.0
2025-05-26 01:25:00+00:00,15.329999923706055,15.329999923706055,15.319999694824219,15.319999694824219,6029,0.0,0.0,0.0
2025-05-26 01:30:00+00:00,15.300000190734863,15.300000190734863,15.300000190734863,15.300000190734863,35100,0.0,0.0,0.0
2025-05-26 01:35:00+00:00,15.300000190734863,15.300000190734863,15.300000190734863,15.300000190734863,20100,0.0,0.0,0.0
2025-05-26 01:40:00+00:00,15.319999694824219,15.329999923706055,15.319999694824219,15.319999694824219,181068,0.0,0.0,0.0
2025-05-26 01:45:00+00:00,15.329999923706055,15.329999923706055,15.329999923706055,15.329999923706055,11268,0.0,0.0,0.0
2025-05-26 01:50:00+00:00,15.329999923706055,15.329999923706055,15.319999694824219,15.319999694824219,6000,0.0,0.0,0.0
2025-05-26 01:55:00+00:00,15.3100004196167,15.329999923706055,15.3100004196167,15.329999923706055,47230,0.0,0.0,0.0
2025-05-26 02:00:00+00:00,15.34000015258789,15.34000015258789,15.329999923706055,15.34000015258789,12110,0.0,0.0,0.0
2025-05-26 02:05:00+00:00,15.34000015258789,15.34000015258789,15.34000015258789,15.34000015258789,7118,0.0,0.0,0.0
2025-05-26 02:10:00+00:00,15.34000015258789,15.34000015258789,15.34000015258789,15.34000015258789,1000,0.0,0.0,0.0
2025-05-26 02:15:00+00:00,15.34000015258789,15.34000015258789,15.329999923706055,15.34000015258789,25052,0.0,0.0,0.0
2025-05-26 02:20:00+00:00,15.34000015258789,15.34000015258789,15.319999694824219,15.319999694824219,4000,0.0,0.0,0.0
2025-05-26 02:25:00+00:00,15.300000190734863,15.300000190734863,15.300000190734863,15.300000190734863,3030,0.0,0.0,0.0
2025-05-26 02:30:00+00:00,15.3100004196167,15.319999694824219,15.3100004196167,15.3100004196167,8178,0.0,0.0,0.0
2025-05-26 02:35:00+00:00,15.3100004196167,15.3100004196167,15.300000190734863,15.3100004196167,7085,0.0,0.0,0.0
2025-05-26 02:40:00+00:00,15.3100004196167,15.3100004196167,15.3100004196167,15.3100004196167,2100,0.0,0.0,0.0
2025-05-26 02:45:00+00:00,15.3100004196167,15.3100004196167,15.3100004196167,15.3100004196167,12588,0.0,0.0,0.0
2025-05-26 02:50:00+00:00,15.3100004196167,15.3100004196167,15.3100004196167,15.3100004196167,10117,0.0,0.0,0.0
2025-05-26 02:55:00+00:00,15.300000190734863,15.3100004196167,15.300000190734863,15.3100004196167,20300,0.0,0.0,0.0
2025-05-26 03:00:00+00:00,15.3100004196167,15.329999923706055,15.3100004196167,15.329999923706055,10500,0.0,0.0,0.0
2025-05-26 03:05:00+00:00,15.34000015258789,15.34000015258789,15.34000015258789,15.34000015258789,1398,0.0,0.0,0.0
2025-05-26 03:15:00+00:00,15.329999923706055,15.329999923706055,15.329999923706055,15.329999923706055,1029,0.0,0.0,0.0
2025-05-26 03:20:00+00:00,15.329999923706055,15.329999923706055,15.329999923706055,15.329999923706055,2030,0.0,0.0,0.0
2025-05-26 03:25:00+00:00,15.319999694824219,15.319999694824219,15.319999694824219,15.319999694824219,12207,0.0,0.0,0.0
2025-05-26 03:40:00+00:00,15.319999694824219,15.319999694824219,15.300000190734863,15.300000190734863,12341,0.0,0.0,0.0
2025-05-26 03:45:00+00:00,15.300000190734863,15.300000190734863,15.300000190734863,15.300000190734863,2529,0.0,0.0,0.0
2025-05-26 03:50:00+00:00,15.3100004196167,15.3100004196167,15.3100004196167,15.3100004196167,1000,0.0,0.0,0.0
2025-05-26 03:55:00+00:00,15.3100004196167,15.3100004196167,15.3100004196167,15.3100004196167,1054,0.0,0.0,0.0
2025-05-26 04:05:00+00:00,15.319999694824219,15.319999694824219,15.319999694824219,15.319999694824219,4018,0.0,0.0,0.0
2025-05-26 04:10:00+00:00,15.319999694824219,15.319999694824219,15.3100004196167,15.3100004196167,6105,0.0,0.0,0.0
2025-05-26 04:15:00+00:00,15.3100004196167,15.3100004196167,15.300000190734863,15.300000190734863,5010,0.0,0.0,0.0
2025-05-26 04:20:00+00:00,15.300000190734863,15.319999694824219,15.300000190734863,15.319999694824219,11198,0.0,0.0,0.0
2025-05-26 04:25:00+00:00,15.319999694824219,15.319999694824219,15.319999694824219,15.319999694824219,65000,0.0,0.0,0.0
2025-05-26 04:30:00+00:00,15.329999923706055,15.329999923706055,15.319999694824219,15.329999923706055,28945,0.0,0.0,0.0
2025-05-26 04:35:00+00:00,15.329999923706055,15.329999923706055,15.329999923706055,15.329999923706055,7029,0.0,0.0,0.0
2025-05-26 04:40:00+00:00,15.329999923706055,15.329999923706055,15.319999694824219,15.319999694824219,21362,0.0,0.0,0.0
2025-05-26 04:45:00+00:00,15.329999923706055,15.329999923706055,15.319999694824219,15.319999694824219,62063,0.0,0.0,0.0
2025-05-26 04:55:00+00:00,15.3100004196167,15.3100004196167,15.3100004196167,15.3100004196167,251425,0.0,0.0,0.0
2025-05-26 05:00:00+00:00,15.3100004196167,15.3100004196167,15.3100004196167,15.3100004196167,2000,0.0,0.0,0.0
2025-05-26 05:05:00+00:00,15.3100004196167,15.3100004196167,15.3100004196167,15.3100004196167,152000,0.0,0.0,0.0
2025-05-26 05:10:00+00:00,15.300000190734863,15.300000190734863,15.300000190734863,15.300000190734863,68076,0.0,0.0,0.0
2025-05-26 05:15:00+00:00,15.300000190734863,15.300000190734863,15.289999961853027,15.289999961853027,16102,0.0,0.0,0.0
2025-05-26 05:20:00+00:00,15.289999961853027,15.289999961853027,15.279999732971191,15.279999732971191,114071,0.0,0.0,0.0
2025-05-27 01:00:00+00:00,15.279999732971191,15.279999732971191,15.260000228881836,15.260000228881836,0,0.0,0.0,0.0
2025-05-27 01:05:00+00:00,15.260000228881836,15.260000228881836,15.260000228881836,15.260000228881836,50915,0.0,0.0,0.0
2025-05-27 01:10:00+00:00,15.25,15.25,15.25,15.25,6490,0.0,0.0,0.0
2025-05-27 01:15:00+00:00,15.220000267028809,15.220000267028809,15.199999809265137,15.199999809265137,3641,0.0,0.0,0.0
2025-05-27 01:20:00+00:00,15.210000038146973,15.210000038146973,15.210000038146973,15.210000038146973,2430,0.0,0.0,0.0
2025-05-27 01:25:00+00:00,15.229999542236328,15.229999542236328,15.229999542236328,15.229999542236328,79000,0.0,0.0,0.0
2025-05-27 01:30:00+00:00,15.25,15.25,15.25,15.25,5116,0.0,0.0,0.0
2025-05-27 01:35:00+00:00,15.229999542236328,15.229999542236328,15.229999542236328,15.229999542236328,7500,0.0,0.0,0.0
2025-05-27 01:40:00+00:00,15.229999542236328,15.229999542236328,15.229999542236328,15.229999542236328,20195,0.0,0.0,0.0
2025-05-27 01:45:00+00:00,15.229999542236328,15.229999542236328,15.229999542236328,15.229999542236328,54070,0.0,0.0,0.0
2025-05-27 01:50:00+00:00,15.220000267028809,15.220000267028809,15.199999809265137,15.199999809265137,23100,0.0,0.0,0.0
2025-05-27 01:55:00+00:00,15.1899995803833,15.1899995803833,15.15999984741211,15.15999984741211,21949,0.0,0.0,0.0
2025-05-27 02:00:00+00:00,15.15999984741211,15.15999984741211,15.15999984741211,15.15999984741211,20010,0.0,0.0,0.0
2025-05-27 02:05:00+00:00,15.149999618530273,15.149999618530273,15.149999618530273,15.149999618530273,10145,0.0,0.0,0.0
2025-05-27 02:10:00+00:00,15.149999618530273,15.149999618530273,15.140000343322754,15.140000343322754,5978,0.0,0.0,0.0
2025-05-27 02:15:00+00:00,15.149999618530273,15.15999984741211,15.149999618530273,15.15999984741211,69010,0.0,0.0,0.0
2025-05-27 02:25:00+00:00,15.15999984741211,15.180000305175781,15.15999984741211,15.180000305175781,17180,0.0,0.0,0.0
2025-05-27 02:30:00+00:00,15.199999809265137,15.220000267028809,15.199999809265137,15.220000267028809,28053,0.0,0.0,0.0
2025-05-27 02:35:00+00:00,15.220000267028809,15.220000267028809,15.220000267028809,15.220000267028809,3000,0.0,0.0,0.0
2025-05-27 02:40:00+00:00,15.229999542236328,15.229999542236328,15.210000038146973,15.220000267028809,81396,0.0,0.0,0.0
2025-05-27 03:00:00+00:00,15.199999809265137,15.199999809265137,15.199999809265137,15.199999809265137,3355,0.0,0.0,0.0
2025-05-27 03:10:00+00:00,15.1899995803833,15.1899995803833,15.1899995803833,15.1899995803833,2003,0.0,0.0,0.0
2025-05-27 03:15:00+00:00,15.180000305175781,15.180000305175781,15.180000305175781,15.180000305175781,2000,0.0,0.0,0.0
2025-05-27 03:25:00+00:00,15.180000305175781,15.180000305175781,15.180000305175781,15.180000305175781,3109,0.0,0.0,0.0
2025-05-27 03:35:00+00:00,15.170000076293945,15.180000305175781,15.170000076293945,15.180000305175781,80220,0.0,0.0,0.0
2025-05-27 03:50:00+00:00,15.170000076293945,15.170000076293945,15.15999984741211,15.15999984741211,113295,0.0,0.0,0.0
2025-05-27 03:55:00+00:00,15.149999618530273,15.149999618530273,15.140000343322754,15.140000343322754,49179,0.0,0.0,0.0
2025-05-27 04:10:00+00:00,15.140000343322754,15.140000343322754,15.140000343322754,15.140000343322754,2010,0.0,0.0,0.0
2025-05-27 04:20:00+00:00,15.140000343322754,15.140000343322754,15.140000343322754,15.140000343322754,96179,0.0,0.0,0.0
2025-05-27 04:25:00+00:00,15.140000343322754,15.140000343322754,15.140000343322754,15.140000343322754,2281,0.0,0.0,0.0
2025-05-27 04:35:00+00:00,15.149999618530273,15.149999618530273,15.149999618530273,15.149999618530273,3022,0.0,0.0,0.0
2025-05-27 04:40:00+00:00,15.15999984741211,15.15999984741211,15.15999984741211,15.15999984741211,2108,0.0,0.0,0.0
2025-05-27 04:45:00+00:00,15.15999984741211,15.15999984741211,15.15999984741211,15.15999984741211,10050,0.0,0.0,0.0
2025-05-27 04:50:00+00:00,15.149999618530273,15.149999618530273,15.149999618530273,15.149999618530273,1051,0.0,0.0,0.0
2025-05-27 04:55:00+00:00,15.149999618530273,15.15999984741211,15.149999618530273,15.15999984741211,111000,0.0,0.0,0.0
2025-05-27 05:00:00+00:00,15.149999618530273,15.149999618530273,15.149999618530273,15.149999618530273,1533,0.0,0.0,0.0
2025-05-27 05:05:00+00:00,15.149999618530273,15.149999618530273,15.149999618530273,15.149999618530273,3043,0.0,0.0,0.0
2025-05-27 05:10:00+00:00,15.149999618530273,15.149999618530273,15.149999618530273,15.149999618530273,50100,0.0,0.0,0.0
2025-05-27 05:15:00+00:00,15.15999984741211,15.15999984741211,15.149999618530273,15.149999618530273,52038,0.0,0.0,0.0
2025-05-27 05:20:00+00:00,15.140000343322754,15.140000343322754,15.140000343322754,15.140000343322754,2362,0.0,0.0,0.0
2025-05-28 01:00:00+00:00,15.199999809265137,15.210000038146973,15.199999809265137,15.210000038146973,0,0.0,0.0,0.0
2025-05-28 01:05:00+00:00,15.199999809265137,15.199999809265137,15.180000305175781,15.180000305175781,6807,0.0,0.0,0.0
2025-05-28 01:10:00+00:00,15.1899995803833,15.1899995803833,15.1899995803833,15.1899995803833,1100,0.0,0.0,0.0
2025-05-28 01:15:00+00:00,15.180000305175781,15.180000305175781,15.170000076293945,15.170000076293945,3060,0.0,0.0,0.0
2025-05-28 01:20:00+00:00,15.180000305175781,15.180000305175781,15.180000305175781,15.180000305175781,2103,0.0,0.0,0.0
2025-05-28 01:25:00+00:00,15.180000305175781,15.180000305175781,15.180000305175781,15.180000305175781,1778,0.0,0.0,0.0
2025-05-28 01:30:00+00:00,15.170000076293945,15.170000076293945,15.15999984741211,15.15999984741211,8526,0.0,0.0,0.0
2025-05-28 01:35:00+00:00,15.15999984741211,15.15999984741211,15.15999984741211,15.15999984741211,1000,0.0,0.0,0.0
2025-05-28 01:40:00+00:00,15.15999984741211,15.15999984741211,15.15999984741211,15.15999984741211,2340,0.0,0.0,0.0
2025-05-28 01:45:00+00:00,15.170000076293945,15.170000076293945,15.170000076293945,15.170000076293945,1150,0.0,0.0,0.0
2025-05-28 01:50:00+00:00,15.170000076293945,15.170000076293945,15.15999984741211,15.15999984741211,16000,0.0,0.0,0.0
2025-05-28 01:55:00+00:00,15.149999618530273,15.149999618530273,15.149999618530273,15.149999618530273,11000,0.0,0.0,0.0
2025-05-28 02:00:00+00:00,15.149999618530273,15.149999618530273,15.149999618530273,15.149999618530273,15000,0.0,0.0,0.0
2025-05-28 02:05:00+00:00,15.140000343322754,15.140000343322754,15.140000343322754,15.140000343322754,11220,0.0,0.0,0.0
2025-05-28 02:10:00+00:00,15.140000343322754,15.140000343322754,15.140000343322754,15.140000343322754,2510,0.0,0.0,0.0
2025-05-28 02:15:00+00:00,15.140000343322754,15.140000343322754,15.140000343322754,15.140000343322754,10738,0.0,0.0,0.0
2025-05-28 02:20:00+00:00,15.140000343322754,15.140000343322754,15.140000343322754,15.140000343322754,1558,0.0,0.0,0.0
2025-05-28 02:40:00+00:00,15.130000114440918,15.130000114440918,15.119999885559082,15.119999885559082,8100,0.0,0.0,0.0
2025-05-28 02:45:00+00:00,15.119999885559082,15.130000114440918,15.119999885559082,15.130000114440918,4761,0.0,0.0,0.0
2025-05-28 03:05:00+00:00,15.119999885559082,15.119999885559082,15.119999885559082,15.119999885559082,2000,0.0,0.0,0.0
2025-05-28 03:10:00+00:00,15.119999885559082,15.130000114440918,15.119999885559082,15.119999885559082,17170,0.0,0.0,0.0
2025-05-28 03:15:00+00:00,15.119999885559082,15.119999885559082,15.119999885559082,15.119999885559082,2664,0.0,0.0,0.0
2025-05-28 03:20:00+00:00,15.119999885559082,15.119999885559082,15.119999885559082,15.119999885559082,3000,0.0,0.0,0.0
2025-05-28 03:25:00+00:00,15.119999885559082,15.119999885559082,15.119999885559082,15.119999885559082,5732,0.0,0.0,0.0
2025-05-28 03:30:00+00:00,15.109999656677246,15.109999656677246,15.109999656677246,15.109999656677246,22100,0.0,0.0,0.0
2025-05-28 03:35:00+00:00,15.109999656677246,15.109999656677246,15.100000381469727,15.100000381469727,9000,0.0,0.0,0.0
2025-05-28 03:40:00+00:00,15.100000381469727,15.100000381469727,15.100000381469727,15.100000381469727,27520,0.0,0.0,0.0
2025-05-28 03:45:00+00:00,15.100000381469727,15.100000381469727,15.069999694824219,15.069999694824219,15798,0.0,0.0,0.0
2025-05-28 03:55:00+00:00,15.069999694824219,15.069999694824219,15.0600004196167,15.0600004196167,2007,0.0,0.0,0.0
2025-05-28 04:00:00+00:00,15.0600004196167,15.0600004196167,15.0600004196167,15.0600004196167,2061,0.0,0.0,0.0
2025-05-28 04:05:00+00:00,15.0600004196167,15.0600004196167,15.0600004196167,15.0600004196167,7426,0.0,0.0,0.0
2025-05-28 04:10:00+00:00,15.0600004196167,15.0600004196167,15.0600004196167,15.0600004196167,2030,0.0,0.0,0.0
2025-05-28 04:15:00+00:00,15.050000190734863,15.050000190734863,15.039999961853027,15.039999961853027,12141,0.0,0.0,0.0
2025-05-28 04:20:00+00:00,15.039999961853027,15.039999961853027,15.029999732971191,15.029999732971191,7104,0.0,0.0,0.0
2025-05-28 04:25:00+00:00,15.029999732971191,15.029999732971191,15.020000457763672,15.020000457763672,7372,0.0,0.0,0.0
2025-05-28 04:30:00+00:00,15.020000457763672,15.020000457763672,15.010000228881836,15.010000228881836,17533,0.0,0.0,0.0
2025-05-28 04:35:00+00:00,15.0,15.0,15.0,15.0,28036,0.0,0.0,0.0
2025-05-28 04:40:00+00:00,15.0,15.0,14.979999542236328,14.989999771118164,7878,0.0,0.0,0.0
2025-05-28 04:50:00+00:00,14.989999771118164,14.989999771118164,14.989999771118164,14.989999771118164,15020,0.0,0.0,0.0
2025-05-28 04:55:00+00:00,14.979999542236328,14.989999771118164,14.979999542236328,14.979999542236328,28174,0.0,0.0,0.0
2025-05-28 05:05:00+00:00,15.0,15.029999732971191,15.0,15.029999732971191,24411,0.0,0.0,0.0
2025-05-28 05:15:00+00:00,15.029999732971191,15.029999732971191,15.029999732971191,15.029999732971191,4598,0.0,0.0,0.0
2025-05-28 05:20:00+00:00,15.050000190734863,15.050000190734863,15.020000457763672,15.029999732971191,18004,0.0,0.0,0.0
2025-05-29 01:00:00+00:00,15.069999694824219,15.100000381469727,15.069999694824219,15.100000381469727,0,0.0,0.0,0.0
2025-05-29 01:05:00+00:00,15.100000381469727,15.100000381469727,15.09000015258789,15.09000015258789,5640,0.0,0.0,0.0
2025-05-29 01:10:00+00:00,15.079999923706055,15.079999923706055,15.039999961853027,15.039999961853027,6576,0.0,0.0,0.0
2025-05-29 01:15:00+00:00,15.039999961853027,15.039999961853027,15.039999961853027,15.039999961853027,4020,0.0,0.0,0.0
2025-05-29 01:20:00+00:00,15.029999732971191,15.029999732971191,15.029999732971191,15.029999732971191,206721,0.0,0.0,0.0
2025-05-29 01:25:00+00:00,15.029999732971191,15.039999961853027,15.029999732971191,15.039999961853027,13219,0.0,0.0,0.0
2025-05-29 01:30:00+00:00,15.069999694824219,15.069999694824219,15.0600004196167,15.0600004196167,11741,0.0,0.0,0.0
2025-05-29 01:35:00+00:00,15.0600004196167,15.0600004196167,15.0600004196167,15.0600004196167,5020,0.0,0.0,0.0
2025-05-29 01:40:00+00:00,15.0600004196167,15.0600004196167,15.0600004196167,15.0600004196167,2030,0.0,0.0,0.0
2025-05-29 01:45:00+00:00,15.0600004196167,15.0600004196167,15.029999732971191,15.029999732971191,9166,0.0,0.0,0.0
2025-05-29 01:50:00+00:00,15.020000457763672,15.020000457763672,15.020000457763672,15.020000457763672,6381,0.0,0.0,0.0
2025-05-29 01:55:00+00:00,15.020000457763672,15.020000457763672,15.020000457763672,15.020000457763672,2090,0.0,0.0,0.0
2025-05-29 02:00:00+00:00,15.029999732971191,15.039999961853027,15.020000457763672,15.020000457763672,16337,0.0,0.0,0.0
2025-05-29 02:05:00+00:00,15.010000228881836,15.010000228881836,15.0,15.010000228881836,113170,0.0,0.0,0.0
2025-05-29 02:15:00+00:00,15.029999732971191,15.029999732971191,15.0,15.0,46509,0.0,0.0,0.0
2025-05-29 02:25:00+00:00,15.0,15.0,15.0,15.0,3357,0.0,0.0,0.0
2025-05-29 02:30:00+00:00,15.0,15.0,15.0,15.0,3455,0.0,0.0,0.0
2025-05-29 02:35:00+00:00,15.0,15.0,15.0,15.0,1048,0.0,0.0,0.0
2025-05-29 02:40:00+00:00,15.0,15.0,15.0,15.0,5000,0.0,0.0,0.0
2025-05-29 02:45:00+00:00,15.0,15.0,14.989999771118164,14.989999771118164,22273,0.0,0.0,0.0
2025-05-29 02:50:00+00:00,14.979999542236328,14.979999542236328,14.979999542236328,14.979999542236328,18690,0.0,0.0,0.0
2025-05-29 03:15:00+00:00,15.0,15.0,15.0,15.0,49300,0.0,0.0,0.0
2025-05-29 03:20:00+00:00,15.0,15.0,14.989999771118164,14.989999771118164,10050,0.0,0.0,0.0
2025-05-29 03:25:00+00:00,14.989999771118164,14.989999771118164,14.989999771118164,14.989999771118164,1740,0.0,0.0,0.0
2025-05-29 03:35:00+00:00,14.989999771118164,14.989999771118164,14.989999771118164,14.989999771118164,10820,0.0,0.0,0.0
2025-05-29 03:40:00+00:00,15.0,15.0,15.0,15.0,1664,0.0,0.0,0.0
2025-05-29 03:45:00+00:00,15.0,15.0,14.989999771118164,14.989999771118164,8460,0.0,0.0,0.0
2025-05-29 03:50:00+00:00,14.989999771118164,14.989999771118164,14.989999771118164,14.989999771118164,1150,0.0,0.0,0.0
2025-05-29 04:00:00+00:00,14.989999771118164,14.989999771118164,14.989999771118164,14.989999771118164,1368,0.0,0.0,0.0
2025-05-29 04:15:00+00:00,14.989999771118164,14.989999771118164,14.989999771118164,14.989999771118164,2060,0.0,0.0,0.0
2025-05-29 04:20:00+00:00,15.0,15.0,15.0,15.0,6042,0.0,0.0,0.0
2025-05-29 04:25:00+00:00,14.989999771118164,14.989999771118164,14.989999771118164,14.989999771118164,5000,0.0,0.0,0.0
2025-05-29 04:30:00+00:00,14.989999771118164,14.989999771118164,14.979999542236328,14.979999542236328,12234,0.0,0.0,0.0
2025-05-29 04:35:00+00:00,14.979999542236328,14.989999771118164,14.979999542236328,14.989999771118164,4920,0.0,0.0,0.0
2025-05-29 04:45:00+00:00,14.989999771118164,14.989999771118164,14.989999771118164,14.989999771118164,12300,0.0,0.0,0.0
2025-05-29 04:50:00+00:00,14.989999771118164,14.989999771118164,14.979999542236328,14.989999771118164,10250,0.0,0.0,0.0
2025-05-29 04:55:00+00:00,14.989999771118164,14.989999771118164,14.989999771118164,14.989999771118164,1224,0.0,0.0,0.0
2025-05-29 05:05:00+00:00,14.979999542236328,14.979999542236328,14.970000267028809,14.970000267028809,49046,0.0,0.0,0.0
2025-05-29 05:10:00+00:00,14.970000267028809,14.970000267028809,14.970000267028809,14.970000267028809,10059,0.0,0.0,0.0
2025-05-29 05:20:00+00:00,14.989999771118164,15.0,14.989999771118164,15.0,11448,0.0,0.0,0.0
2025-06-02 01:00:00+00:00,14.880000114440918,14.880000114440918,14.800000190734863,14.819999694824219,0,0.0,0.0,0.0
2025-06-02 01:05:00+00:00,14.84000015258789,14.859999656677246,14.84000015258789,14.859999656677246,16488,0.0,0.0,0.0
2025-06-02 01:10:00+00:00,14.859999656677246,14.859999656677246,14.829999923706055,14.84000015258789,13059,0.0,0.0,0.0
2025-06-02 01:15:00+00:00,14.84000015258789,14.84000015258789,14.84000015258789,14.84000015258789,4401,0.0,0.0,0.0
2025-06-02 01:20:00+00:00,14.84000015258789,14.859999656677246,14.84000015258789,14.859999656677246,122383,0.0,0.0,0.0
2025-06-02 01:25:00+00:00,14.859999656677246,14.869999885559082,14.859999656677246,14.869999885559082,16318,0.0,0.0,0.0
2025-06-02 01:30:00+00:00,14.859999656677246,14.869999885559082,14.850000381469727,14.850000381469727,44100,0.0,0.0,0.0
2025-06-02 01:35:00+00:00,14.850000381469727,14.850000381469727,14.850000381469727,14.850000381469727,18367,0.0,0.0,0.0
2025-06-02 01:40:00+00:00,14.850000381469727,14.859999656677246,14.850000381469727,14.859999656677246,25130,0.0,0.0,0.0
2025-06-02 01:45:00+00:00,14.859999656677246,14.880000114440918,14.859999656677246,14.880000114440918,146764,0.0,0.0,0.0
2025-06-02 01:50:00+00:00,14.869999885559082,14.880000114440918,14.869999885559082,14.880000114440918,106000,0.0,0.0,0.0
2025-06-02 01:55:00+00:00,14.880000114440918,14.899999618530273,14.880000114440918,14.899999618530273,69460,0.0,0.0,0.0
2025-06-02 02:00:00+00:00,14.899999618530273,14.90999984741211,14.899999618530273,14.90999984741211,10046,0.0,0.0,0.0
2025-06-02 02:05:00+00:00,14.90999984741211,14.90999984741211,14.90999984741211,14.90999984741211,8394,0.0,0.0,0.0
2025-06-02 02:10:00+00:00,14.920000076293945,14.9399995803833,14.920000076293945,14.9399995803833,12050,0.0,0.0,0.0
2025-06-02 02:15:00+00:00,14.920000076293945,14.9399995803833,14.920000076293945,14.930000305175781,17000,0.0,0.0,0.0
2025-06-02 02:20:00+00:00,14.920000076293945,14.920000076293945,14.90999984741211,14.90999984741211,9000,0.0,0.0,0.0
2025-06-02 02:25:00+00:00,14.899999618530273,14.899999618530273,14.890000343322754,14.890000343322754,18850,0.0,0.0,0.0
2025-06-02 02:30:00+00:00,14.880000114440918,14.880000114440918,14.880000114440918,14.880000114440918,2006,0.0,0.0,0.0
2025-06-02 02:35:00+00:00,14.869999885559082,14.880000114440918,14.869999885559082,14.880000114440918,19244,0.0,0.0,0.0
2025-06-02 02:40:00+00:00,14.880000114440918,14.880000114440918,14.880000114440918,14.880000114440918,5007,0.0,0.0,0.0
2025-06-02 02:45:00+00:00,14.859999656677246,14.859999656677246,14.859999656677246,14.859999656677246,21013,0.0,0.0,0.0
2025-06-02 02:50:00+00:00,14.850000381469727,14.850000381469727,14.850000381469727,14.850000381469727,208100,0.0,0.0,0.0
2025-06-02 02:55:00+00:00,14.850000381469727,14.850000381469727,14.850000381469727,14.850000381469727,1000,0.0,0.0,0.0
2025-06-02 03:00:00+00:00,14.84000015258789,14.84000015258789,14.829999923706055,14.829999923706055,6000,0.0,0.0,0.0
2025-06-02 03:05:00+00:00,14.84000015258789,14.84000015258789,14.829999923706055,14.829999923706055,9723,0.0,0.0,0.0
2025-06-02 03:10:00+00:00,14.829999923706055,14.829999923706055,14.829999923706055,14.829999923706055,7243,0.0,0.0,0.0
2025-06-02 03:15:00+00:00,14.829999923706055,14.850000381469727,14.829999923706055,14.829999923706055,70360,0.0,0.0,0.0
2025-06-02 03:20:00+00:00,14.829999923706055,14.829999923706055,14.829999923706055,14.829999923706055,11000,0.0,0.0,0.0
2025-06-02 03:25:00+00:00,14.829999923706055,14.829999923706055,14.819999694824219,14.819999694824219,6000,0.0,0.0,0.0
2025-06-02 03:30:00+00:00,14.819999694824219,14.819999694824219,14.819999694824219,14.819999694824219,6106,0.0,0.0,0.0
2025-06-02 03:35:00+00:00,14.819999694824219,14.829999923706055,14.819999694824219,14.829999923706055,16203,0.0,0.0,0.0
2025-06-02 03:40:00+00:00,14.829999923706055,14.829999923706055,14.819999694824219,14.819999694824219,11110,0.0,0.0,0.0
2025-06-02 03:55:00+00:00,14.829999923706055,14.829999923706055,14.829999923706055,14.829999923706055,5020,0.0,0.0,0.0
2025-06-02 04:00:00+00:00,14.829999923706055,14.829999923706055,14.829999923706055,14.829999923706055,1000,0.0,0.0,0.0
2025-06-02 04:05:00+00:00,14.819999694824219,14.819999694824219,14.819999694824219,14.819999694824219,10000,0.0,0.0,0.0
2025-06-02 04:10:00+00:00,14.829999923706055,14.829999923706055,14.829999923706055,14.829999923706055,15194,0.0,0.0,0.0
2025-06-02 04:15:00+00:00,14.84000015258789,14.850000381469727,14.84000015258789,14.850000381469727,7111,0.0,0.0,0.0
2025-06-02 04:20:00+00:00,14.850000381469727,14.850000381469727,14.850000381469727,14.850000381469727,6604,0.0,0.0,0.0
2025-06-02 04:25:00+00:00,14.850000381469727,14.850000381469727,14.850000381469727,14.850000381469727,2168,0.0,0.0,0.0
2025-06-02 04:30:00+00:00,14.850000381469727,14.850000381469727,14.850000381469727,14.850000381469727,5327,0.0,0.0,0.0
2025-06-02 04:35:00+00:00,14.84000015258789,14.84000015258789,14.84000015258789,14.84000015258789,6030,0.0,0.0,0.0
2025-06-02 04:40:00+00:00,14.84000015258789,14.84000015258789,14.84000015258789,14.84000015258789,11000,0.0,0.0,0.0
2025-06-02 04:45:00+00:00,14.850000381469727,14.850000381469727,14.84000015258789,14.850000381469727,5000,0.0,0.0,0.0
2025-06-02 04:50:00+00:00,14.84000015258789,14.84000015258789,14.829999923706055,14.829999923706055,3000,0.0,0.0,0.0
2025-06-02 04:55:00+00:00,14.84000015258789,14.84000015258789,14.84000015258789,14.84000015258789,6000,0.0,0.0,0.0
2025-06-02 05:00:00+00:00,14.850000381469727,14.859999656677246,14.850000381469727,14.859999656677246,11192,0.0,0.0,0.0
2025-06-02 05:05:00+00:00,14.859999656677246,14.859999656677246,14.850000381469727,14.859999656677246,7010,0.0,0.0,0.0
2025-06-02 05:10:00+00:00,14.859999656677246,14.869999885559082,14.859999656677246,14.859999656677246,98126,0.0,0.0,0.0
2025-06-02 05:15:00+00:00,14.859999656677246,14.859999656677246,14.850000381469727,14.850000381469727,30718,0.0,0.0,0.0
2025-06-02 05:20:00+00:00,14.850000381469727,14.859999656677246,14.850000381469727,14.859999656677246,16036,0.0,0.0,0.0
2025-06-03 01:00:00+00:00,14.869999885559082,14.899999618530273,14.859999656677246,14.869999885559082,0,0.0,0.0,0.0
2025-06-03 01:05:00+00:00,14.869999885559082,14.890000343322754,14.869999885559082,14.890000343322754,687000,0.0,0.0,0.0
2025-06-03 01:10:00+00:00,14.890000343322754,14.930000305175781,14.880000114440918,14.930000305175781,724114,0.0,0.0,0.0
2025-06-03 01:15:00+00:00,14.930000305175781,14.930000305175781,14.920000076293945,14.920000076293945,177269,0.0,0.0,0.0
2025-06-03 01:20:00+00:00,14.920000076293945,14.9399995803833,14.920000076293945,14.920000076293945,340440,0.0,0.0,0.0
2025-06-03 01:25:00+00:00,14.930000305175781,14.9399995803833,14.920000076293945,14.9399995803833,167563,0.0,0.0,0.0
2025-06-03 01:30:00+00:00,14.949999809265137,14.960000038146973,14.9399995803833,14.960000038146973,301192,0.0,0.0,0.0
2025-06-03 01:35:00+00:00,14.960000038146973,14.979999542236328,14.960000038146973,14.970000267028809,74963,0.0,0.0,0.0
2025-06-03 01:40:00+00:00,14.970000267028809,14.979999542236328,14.970000267028809,14.970000267028809,81071,0.0,0.0,0.0
2025-06-03 01:45:00+00:00,14.979999542236328,14.979999542236328,14.970000267028809,14.970000267028809,191331,0.0,0.0,0.0
2025-06-03 01:50:00+00:00,14.970000267028809,14.970000267028809,14.970000267028809,14.970000267028809,83040,0.0,0.0,0.0
2025-06-03 01:55:00+00:00,14.960000038146973,14.960000038146973,14.9399995803833,14.9399995803833,203209,0.0,0.0,0.0
2025-06-03 02:00:00+00:00,14.949999809265137,14.949999809265137,14.90999984741211,14.90999984741211,85000,0.0,0.0,0.0
2025-06-03 02:05:00+00:00,14.90999984741211,14.90999984741211,14.880000114440918,14.880000114440918,282184,0.0,0.0,0.0
2025-06-03 02:10:00+00:00,14.880000114440918,14.880000114440918,14.859999656677246,14.869999885559082,236323,0.0,0.0,0.0
2025-06-03 02:15:00+00:00,14.859999656677246,14.859999656677246,14.850000381469727,14.859999656677246,149157,0.0,0.0,0.0
2025-06-03 02:20:00+00:00,14.859999656677246,14.869999885559082,14.859999656677246,14.869999885559082,75020,0.0,0.0,0.0
2025-06-03 02:25:00+00:00,14.869999885559082,14.880000114440918,14.869999885559082,14.869999885559082,20644,0.0,0.0,0.0
2025-06-03 02:30:00+00:00,14.880000114440918,14.880000114440918,14.869999885559082,14.880000114440918,91035,0.0,0.0,0.0
2025-06-03 02:35:00+00:00,14.890000343322754,14.890000343322754,14.859999656677246,14.859999656677246,211045,0.0,0.0,0.0
2025-06-03 02:40:00+00:00,14.859999656677246,14.859999656677246,14.859999656677246,14.859999656677246,52686,0.0,0.0,0.0
2025-06-03 02:45:00+00:00,14.869999885559082,14.869999885559082,14.859999656677246,14.869999885559082,104937,0.0,0.0,0.0
2025-06-03 02:50:00+00:00,14.880000114440918,14.880000114440918,14.869999885559082,14.869999885559082,27109,0.0,0.0,0.0
2025-06-03 02:55:00+00:00,14.869999885559082,14.869999885559082,14.869999885559082,14.869999885559082,42000,0.0,0.0,0.0
2025-06-03 03:00:00+00:00,14.880000114440918,14.880000114440918,14.880000114440918,14.880000114440918,2999,0.0,0.0,0.0
2025-06-03 03:10:00+00:00,14.859999656677246,14.869999885559082,14.859999656677246,14.869999885559082,41179,0.0,0.0,0.0
2025-06-03 03:15:00+00:00,14.880000114440918,14.880000114440918,14.869999885559082,14.880000114440918,78000,0.0,0.0,0.0
2025-06-03 03:20:00+00:00,14.869999885559082,14.880000114440918,14.869999885559082,14.880000114440918,12138,0.0,0.0,0.0
2025-06-03 03:25:00+00:00,14.880000114440918,14.880000114440918,14.880000114440918,14.880000114440918,47000,0.0,0.0,0.0
2025-06-03 03:30:00+00:00,14.880000114440918,14.880000114440918,14.869999885559082,14.869999885559082,28025,0.0,0.0,0.0
2025-06-03 03:35:00+00:00,14.880000114440918,14.890000343322754,14.880000114440918,14.880000114440918,106623,0.0,0.0,0.0
2025-06-03 03:40:00+00:00,14.890000343322754,14.899999618530273,14.890000343322754,14.899999618530273,111700,0.0,0.0,0.0
2025-06-03 03:45:00+00:00,14.899999618530273,14.899999618530273,14.899999618530273,14.899999618530273,70028,0.0,0.0,0.0
2025-06-03 03:50:00+00:00,14.899999618530273,14.899999618530273,14.899999618530273,14.899999618530273,72606,0.0,0.0,0.0
2025-06-03 03:55:00+00:00,14.890000343322754,14.890000343322754,14.890000343322754,14.890000343322754,74000,0.0,0.0,0.0
2025-06-03 04:00:00+00:00,14.890000343322754,14.890000343322754,14.869999885559082,14.869999885559082,108000,0.0,0.0,0.0
2025-06-03 04:05:00+00:00,14.869999885559082,14.890000343322754,14.869999885559082,14.890000343322754,51038,0.0,0.0,0.0
2025-06-03 04:10:00+00:00,14.880000114440918,14.880000114440918,14.869999885559082,14.880000114440918,75000,0.0,0.0,0.0
2025-06-03 04:15:00+00:00,14.880000114440918,14.880000114440918,14.880000114440918,14.880000114440918,136000,0.0,0.0,0.0
2025-06-03 04:20:00+00:00,14.880000114440918,14.899999618530273,14.880000114440918,14.890000343322754,132135,0.0,0.0,0.0
2025-06-03 04:25:00+00:00,14.890000343322754,14.90999984741211,14.890000343322754,14.899999618530273,98757,0.0,0.0,0.0
2025-06-03 04:30:00+00:00,14.899999618530273,14.899999618530273,14.899999618530273,14.899999618530273,159500,0.0,0.0,0.0
2025-06-03 04:35:00+00:00,14.90999984741211,14.920000076293945,14.90999984741211,14.920000076293945,81029,0.0,0.0,0.0
2025-06-03 04:40:00+00:00,14.90999984741211,14.90999984741211,14.90999984741211,14.90999984741211,201251,0.0,0.0,0.0
2025-06-03 04:45:00+00:00,14.920000076293945,14.920000076293945,14.920000076293945,14.920000076293945,27100,0.0,0.0,0.0
2025-06-03 04:50:00+00:00,14.90999984741211,14.90999984741211,14.90999984741211,14.90999984741211,31200,0.0,0.0,0.0
2025-06-03 04:55:00+00:00,14.920000076293945,14.930000305175781,14.920000076293945,14.930000305175781,163440,0.0,0.0,0.0
2025-06-03 05:00:00+00:00,14.930000305175781,14.9399995803833,14.930000305175781,14.930000305175781,87000,0.0,0.0,0.0
2025-06-03 05:05:00+00:00,14.9399995803833,14.9399995803833,14.930000305175781,14.930000305175781,76179,0.0,0.0,0.0
2025-06-03 05:10:00+00:00,14.930000305175781,14.930000305175781,14.920000076293945,14.920000076293945,80002,0.0,0.0,0.0
2025-06-03 05:15:00+00:00,14.920000076293945,14.930000305175781,14.920000076293945,14.930000305175781,64389,0.0,0.0,0.0
2025-06-03 05:20:00+00:00,14.930000305175781,14.930000305175781,14.920000076293945,14.930000305175781,33925,0.0,0.0,0.0
2025-06-04 01:00:00+00:00,15.0,15.0,14.989999771118164,15.0,0,0.0,0.0,0.0
2025-06-04 01:05:00+00:00,15.0,15.020000457763672,15.0,15.010000228881836,207311,0.0,0.0,0.0
2025-06-04 01:10:00+00:00,15.010000228881836,15.010000228881836,15.0,15.010000228881836,255211,0.0,0.0,0.0
2025-06-04 01:15:00+00:00,15.010000228881836,15.020000457763672,15.010000228881836,15.020000457763672,328770,0.0,0.0,0.0
2025-06-04 01:20:00+00:00,15.020000457763672,15.029999732971191,15.020000457763672,15.029999732971191,308150,0.0,0.0,0.0
2025-06-04 01:25:00+00:00,15.029999732971191,15.029999732971191,15.020000457763672,15.029999732971191,138617,0.0,0.0,0.0
2025-06-04 01:30:00+00:00,15.020000457763672,15.020000457763672,15.010000228881836,15.020000457763672,23700,0.0,0.0,0.0
2025-06-04 01:35:00+00:00,15.029999732971191,15.029999732971191,15.029999732971191,15.029999732971191,233440,0.0,0.0,0.0
2025-06-04 01:40:00+00:00,15.010000228881836,15.010000228881836,15.0,15.0,23196,0.0,0.0,0.0
2025-06-04 01:45:00+00:00,15.0,15.010000228881836,15.0,15.010000228881836,44000,0.0,0.0,0.0
2025-06-04 01:50:00+00:00,15.010000228881836,15.010000228881836,15.0,15.010000228881836,66822,0.0,0.0,0.0
2025-06-04 01:55:00+00:00,15.0,15.0,14.989999771118164,14.989999771118164,18000,0.0,0.0,0.0
2025-06-04 02:00:00+00:00,15.0,15.010000228881836,14.989999771118164,15.010000228881836,113693,0.0,0.0,0.0
2025-06-04 02:05:00+00:00,15.010000228881836,15.029999732971191,15.010000228881836,15.029999732971191,348565,0.0,0.0,0.0
2025-06-04 02:10:00+00:00,15.029999732971191,15.039999961853027,15.029999732971191,15.039999961853027,295103,0.0,0.0,0.0
2025-06-04 02:15:00+00:00,15.029999732971191,15.039999961853027,15.029999732971191,15.039999961853027,269654,0.0,0.0,0.0
2025-06-04 02:20:00+00:00,15.039999961853027,15.0600004196167,15.039999961853027,15.0600004196167,270593,0.0,0.0,0.0
2025-06-04 02:25:00+00:00,15.0600004196167,15.069999694824219,15.0600004196167,15.069999694824219,88167,0.0,0.0,0.0
2025-06-04 02:30:00+00:00,15.069999694824219,15.079999923706055,15.069999694824219,15.069999694824219,205195,0.0,0.0,0.0
2025-06-04 02:35:00+00:00,15.069999694824219,15.079999923706055,15.069999694824219,15.079999923706055,98337,0.0,0.0,0.0
2025-06-04 02:40:00+00:00,15.069999694824219,15.069999694824219,15.069999694824219,15.069999694824219,9020,0.0,0.0,0.0
2025-06-04 02:45:00+00:00,15.069999694824219,15.079999923706055,15.069999694824219,15.069999694824219,242160,0.0,0.0,0.0
2025-06-04 02:50:00+00:00,15.069999694824219,15.079999923706055,15.069999694824219,15.079999923706055,209255,0.0,0.0,0.0
2025-06-04 02:55:00+00:00,15.079999923706055,15.079999923706055,15.079999923706055,15.079999923706055,99860,0.0,0.0,0.0
2025-06-04 03:00:00+00:00,15.079999923706055,15.09000015258789,15.079999923706055,15.09000015258789,253839,0.0,0.0,0.0
2025-06-04 03:05:00+00:00,15.09000015258789,15.09000015258789,15.09000015258789,15.09000015258789,4600,0.0,0.0,0.0
2025-06-04 03:10:00+00:00,15.09000015258789,15.100000381469727,15.09000015258789,15.100000381469727,167091,0.0,0.0,0.0
2025-06-04 03:15:00+00:00,15.09000015258789,15.09000015258789,15.09000015258789,15.09000015258789,11000,0.0,0.0,0.0
2025-06-04 03:20:00+00:00,15.100000381469727,15.109999656677246,15.100000381469727,15.109999656677246,157834,0.0,0.0,0.0
2025-06-04 03:25:00+00:00,15.100000381469727,15.109999656677246,15.100000381469727,15.100000381469727,21000,0.0,0.0,0.0
2025-06-04 03:30:00+00:00,15.109999656677246,15.109999656677246,15.109999656677246,15.109999656677246,31186,0.0,0.0,0.0
2025-06-04 03:35:00+00:00,15.109999656677246,15.109999656677246,15.109999656677246,15.109999656677246,19160,0.0,0.0,0.0
2025-06-04 03:40:00+00:00,15.100000381469727,15.100000381469727,15.100000381469727,15.100000381469727,14000,0.0,0.0,0.0
2025-06-04 03:45:00+00:00,15.100000381469727,15.109999656677246,15.09000015258789,15.09000015258789,208577,0.0,0.0,0.0
2025-06-04 03:50:00+00:00,15.09000015258789,15.09000015258789,15.09000015258789,15.09000015258789,50000,0.0,0.0,0.0
2025-06-04 03:55:00+00:00,15.09000015258789,15.09000015258789,15.09000015258789,15.09000015258789,25000,0.0,0.0,0.0
2025-06-04 04:00:00+00:00,15.09000015258789,15.09000015258789,15.079999923706055,15.079999923706055,59000,0.0,0.0,0.0
2025-06-04 04:05:00+00:00,15.09000015258789,15.09000015258789,15.09000015258789,15.09000015258789,2020,0.0,0.0,0.0
2025-06-04 04:10:00+00:00,15.079999923706055,15.09000015258789,15.079999923706055,15.09000015258789,18000,0.0,0.0,0.0
2025-06-04 04:15:00+00:00,15.09000015258789,15.100000381469727,15.09000015258789,15.09000015258789,56223,0.0,0.0,0.0
2025-06-04 04:20:00+00:00,15.09000015258789,15.09000015258789,15.09000015258789,15.09000015258789,29000,0.0,0.0,0.0
2025-06-04 04:25:00+00:00,15.09000015258789,15.09000015258789,15.09000015258789,15.09000015258789,23200,0.0,0.0,0.0
2025-06-04 04:30:00+00:00,15.09000015258789,15.09000015258789,15.079999923706055,15.079999923706055,18392,0.0,0.0,0.0
2025-06-04 04:35:00+00:00,15.079999923706055,15.079999923706055,15.079999923706055,15.079999923706055,18000,0.0,0.0,0.0
2025-06-04 04:40:00+00:00,15.079999923706055,15.079999923706055,15.079999923706055,15.079999923706055,16000,0.0,0.0,0.0
2025-06-04 04:45:00+00:00,15.079999923706055,15.079999923706055,15.0600004196167,15.0600004196167,19412,0.0,0.0,0.0
2025-06-04 04:50:00+00:00,15.0600004196167,15.0600004196167,15.0600004196167,15.0600004196167,39340,0.0,0.0,0.0
2025-06-04 04:55:00+00:00,15.069999694824219,15.069999694824219,15.069999694824219,15.069999694824219,68112,0.0,0.0,0.0
2025-06-04 05:00:00+00:00,15.069999694824219,15.079999923706055,15.069999694824219,15.079999923706055,276123,0.0,0.0,0.0
2025-06-04 05:05:00+00:00,15.079999923706055,15.09000015258789,15.079999923706055,15.09000015258789,90000,0.0,0.0,0.0
2025-06-04 05:10:00+00:00,15.079999923706055,15.079999923706055,15.069999694824219,15.069999694824219,68000,0.0,0.0,0.0
2025-06-04 05:15:00+00:00,15.069999694824219,15.069999694824219,15.050000190734863,15.0600004196167,146012,0.0,0.0,0.0
2025-06-04 05:20:00+00:00,15.050000190734863,15.0600004196167,15.039999961853027,15.050000190734863,327401,0.0,0.0,0.0
2025-06-05 01:00:00+00:00,15.029999732971191,15.029999732971191,15.020000457763672,15.029999732971191,0,0.0,0.0,0.0
2025-06-05 01:05:00+00:00,15.039999961853027,15.0600004196167,15.039999961853027,15.0600004196167,101366,0.0,0.0,0.0
2025-06-05 01:10:00+00:00,15.069999694824219,15.069999694824219,15.0600004196167,15.069999694824219,107015,0.0,0.0,0.0
2025-06-05 01:15:00+00:00,15.079999923706055,15.09000015258789,15.079999923706055,15.079999923706055,32493,0.0,0.0,0.0
2025-06-05 01:20:00+00:00,15.079999923706055,15.09000015258789,15.069999694824219,15.069999694824219,97510,0.0,0.0,0.0
2025-06-05 01:25:00+00:00,15.069999694824219,15.069999694824219,15.069999694824219,15.069999694824219,50000,0.0,0.0,0.0
2025-06-05 01:30:00+00:00,15.069999694824219,15.079999923706055,15.0600004196167,15.079999923706055,102674,0.0,0.0,0.0
2025-06-05 01:35:00+00:00,15.079999923706055,15.079999923706055,15.069999694824219,15.069999694824219,10222,0.0,0.0,0.0
2025-06-05 01:40:00+00:00,15.069999694824219,15.069999694824219,15.0600004196167,15.069999694824219,175880,0.0,0.0,0.0
2025-06-05 01:45:00+00:00,15.069999694824219,15.079999923706055,15.069999694824219,15.079999923706055,69102,0.0,0.0,0.0
2025-06-05 01:55:00+00:00,15.069999694824219,15.069999694824219,15.069999694824219,15.069999694824219,29000,0.0,0.0,0.0
2025-06-05 02:00:00+00:00,15.069999694824219,15.079999923706055,15.050000190734863,15.050000190734863,213000,0.0,0.0,0.0
2025-06-05 02:05:00+00:00,15.039999961853027,15.039999961853027,14.979999542236328,14.989999771118164,311623,0.0,0.0,0.0
2025-06-05 02:10:00+00:00,14.989999771118164,15.0,14.989999771118164,15.0,44014,0.0,0.0,0.0
2025-06-05 02:15:00+00:00,15.0,15.0,15.0,15.0,4050,0.0,0.0,0.0
2025-06-05 02:25:00+00:00,14.979999542236328,14.989999771118164,14.979999542236328,14.979999542236328,7244,0.0,0.0,0.0
2025-06-05 02:30:00+00:00,14.979999542236328,14.979999542236328,14.960000038146973,14.960000038146973,37166,0.0,0.0,0.0
2025-06-05 02:35:00+00:00,14.960000038146973,14.960000038146973,14.949999809265137,14.960000038146973,12070,0.0,0.0,0.0
2025-06-05 02:40:00+00:00,14.960000038146973,14.960000038146973,14.949999809265137,14.949999809265137,24184,0.0,0.0,0.0
2025-06-05 02:45:00+00:00,14.949999809265137,14.949999809265137,14.9399995803833,14.949999809265137,13406,0.0,0.0,0.0
2025-06-05 02:50:00+00:00,14.949999809265137,14.949999809265137,14.9399995803833,14.949999809265137,12060,0.0,0.0,0.0
2025-06-05 02:55:00+00:00,14.949999809265137,14.949999809265137,14.949999809265137,14.949999809265137,1000,0.0,0.0,0.0
2025-06-05 03:00:00+00:00,14.949999809265137,14.949999809265137,14.9399995803833,14.9399995803833,6000,0.0,0.0,0.0
2025-06-05 03:05:00+00:00,14.9399995803833,14.9399995803833,14.930000305175781,14.930000305175781,3120,0.0,0.0,0.0
2025-06-05 03:10:00+00:00,14.930000305175781,14.930000305175781,14.930000305175781,14.930000305175781,4000,0.0,0.0,0.0
2025-06-05 03:15:00+00:00,14.930000305175781,14.9399995803833,14.930000305175781,14.930000305175781,6230,0.0,0.0,0.0
2025-06-05 03:20:00+00:00,14.930000305175781,14.930000305175781,14.930000305175781,14.930000305175781,23316,0.0,0.0,0.0
2025-06-05 03:25:00+00:00,14.930000305175781,14.930000305175781,14.930000305175781,14.930000305175781,6076,0.0,0.0,0.0
2025-06-05 03:30:00+00:00,14.930000305175781,14.930000305175781,14.920000076293945,14.920000076293945,74469,0.0,0.0,0.0
2025-06-05 03:35:00+00:00,14.930000305175781,14.930000305175781,14.920000076293945,14.920000076293945,7819,0.0,0.0,0.0
2025-06-05 03:40:00+00:00,14.920000076293945,14.920000076293945,14.920000076293945,14.920000076293945,2000,0.0,0.0,0.0
2025-06-05 03:45:00+00:00,14.930000305175781,14.930000305175781,14.920000076293945,14.920000076293945,103967,0.0,0.0,0.0
2025-06-05 03:50:00+00:00,14.90999984741211,14.90999984741211,14.90999984741211,14.90999984741211,10000,0.0,0.0,0.0
2025-06-05 03:55:00+00:00,14.90999984741211,14.90999984741211,14.90999984741211,14.90999984741211,12004,0.0,0.0,0.0
2025-06-05 04:00:00+00:00,14.90999984741211,14.90999984741211,14.90999984741211,14.90999984741211,76544,0.0,0.0,0.0
2025-06-05 04:05:00+00:00,14.90999984741211,14.90999984741211,14.90999984741211,14.90999984741211,3300,0.0,0.0,0.0
2025-06-05 04:10:00+00:00,14.90999984741211,14.90999984741211,14.90999984741211,14.90999984741211,28400,0.0,0.0,0.0
2025-06-05 04:15:00+00:00,14.90999984741211,14.90999984741211,14.90999984741211,14.90999984741211,52388,0.0,0.0,0.0
2025-06-05 04:20:00+00:00,14.90999984741211,14.920000076293945,14.90999984741211,14.90999984741211,156061,0.0,0.0,0.0
2025-06-05 04:25:00+00:00,14.920000076293945,14.920000076293945,14.90999984741211,14.90999984741211,5670,0.0,0.0,0.0
2025-06-05 04:30:00+00:00,14.90999984741211,14.90999984741211,14.90999984741211,14.90999984741211,10199,0.0,0.0,0.0
2025-06-05 04:35:00+00:00,14.930000305175781,14.930000305175781,14.90999984741211,14.90999984741211,15300,0.0,0.0,0.0
2025-06-05 04:45:00+00:00,14.90999984741211,14.920000076293945,14.90999984741211,14.90999984741211,36455,0.0,0.0,0.0
2025-06-05 04:50:00+00:00,14.90999984741211,14.90999984741211,14.899999618530273,14.899999618530273,30500,0.0,0.0,0.0
2025-06-05 04:55:00+00:00,14.90999984741211,14.920000076293945,14.90999984741211,14.920000076293945,32684,0.0,0.0,0.0
2025-06-05 05:05:00+00:00,14.90999984741211,14.90999984741211,14.90999984741211,14.90999984741211,2564,0.0,0.0,0.0
2025-06-05 05:10:00+00:00,14.899999618530273,14.899999618530273,14.899999618530273,14.899999618530273,15000,0.0,0.0,0.0
2025-06-05 05:15:00+00:00,14.899999618530273,14.899999618530273,14.899999618530273,14.899999618530273,10332,0.0,0.0,0.0
2025-06-05 05:20:00+00:00,14.899999618530273,14.899999618530273,14.890000343322754,14.890000343322754,131834,0.0,0.0,0.0
2025-06-06 01:00:00+00:00,14.899999618530273,14.90999984741211,14.899999618530273,14.90999984741211,0,0.0,0.0,0.0
2025-06-06 01:05:00+00:00,14.920000076293945,14.949999809265137,14.920000076293945,14.949999809265137,114588,0.0,0.0,0.0
2025-06-06 01:10:00+00:00,14.960000038146973,14.970000267028809,14.960000038146973,14.970000267028809,192300,0.0,0.0,0.0
2025-06-06 01:15:00+00:00,14.970000267028809,14.970000267028809,14.930000305175781,14.930000305175781,41634,0.0,0.0,0.0
2025-06-06 01:20:00+00:00,14.920000076293945,14.930000305175781,14.920000076293945,14.930000305175781,78000,0.0,0.0,0.0
2025-06-06 01:25:00+00:00,14.949999809265137,14.979999542236328,14.949999809265137,14.979999542236328,52519,0.0,0.0,0.0
2025-06-06 01:30:00+00:00,14.989999771118164,14.989999771118164,14.979999542236328,14.979999542236328,17108,0.0,0.0,0.0
2025-06-06 01:35:00+00:00,14.979999542236328,14.979999542236328,14.979999542236328,14.979999542236328,18573,0.0,0.0,0.0
2025-06-06 01:40:00+00:00,14.949999809265137,14.949999809265137,14.949999809265137,14.949999809265137,10000,0.0,0.0,0.0
2025-06-06 01:45:00+00:00,14.970000267028809,14.970000267028809,14.970000267028809,14.970000267028809,3102,0.0,0.0,0.0
2025-06-06 01:55:00+00:00,14.960000038146973,14.960000038146973,14.949999809265137,14.949999809265137,11138,0.0,0.0,0.0
2025-06-06 02:00:00+00:00,14.9399995803833,14.949999809265137,14.9399995803833,14.949999809265137,39100,0.0,0.0,0.0
2025-06-06 02:05:00+00:00,14.949999809265137,14.970000267028809,14.949999809265137,14.970000267028809,99579,0.0,0.0,0.0
2025-06-06 02:10:00+00:00,14.970000267028809,14.979999542236328,14.970000267028809,14.970000267028809,17000,0.0,0.0,0.0
2025-06-06 02:15:00+00:00,14.979999542236328,14.979999542236328,14.979999542236328,14.979999542236328,33748,0.0,0.0,0.0
2025-06-06 02:20:00+00:00,14.989999771118164,14.989999771118164,14.989999771118164,14.989999771118164,37100,0.0,0.0,0.0
2025-06-06 02:25:00+00:00,14.989999771118164,14.989999771118164,14.989999771118164,14.989999771118164,20002,0.0,0.0,0.0
2025-06-06 02:30:00+00:00,15.0,15.0,14.989999771118164,14.989999771118164,29119,0.0,0.0,0.0
2025-06-06 02:35:00+00:00,14.989999771118164,14.989999771118164,14.989999771118164,14.989999771118164,6068,0.0,0.0,0.0
2025-06-06 02:40:00+00:00,14.989999771118164,14.989999771118164,14.989999771118164,14.989999771118164,34000,0.0,0.0,0.0
2025-06-06 02:45:00+00:00,15.0,15.0,15.0,15.0,3258,0.0,0.0,0.0
2025-06-06 02:50:00+00:00,15.0,15.0,15.0,15.0,101000,0.0,0.0,0.0
2025-06-06 02:55:00+00:00,14.989999771118164,15.0,14.989999771118164,14.989999771118164,181028,0.0,0.0,0.0
2025-06-06 03:00:00+00:00,14.989999771118164,15.010000228881836,14.989999771118164,15.010000228881836,5727,0.0,0.0,0.0
2025-06-06 03:15:00+00:00,14.989999771118164,14.989999771118164,14.989999771118164,14.989999771118164,3430,0.0,0.0,0.0
2025-06-06 03:20:00+00:00,14.989999771118164,14.989999771118164,14.989999771118164,14.989999771118164,9000,0.0,0.0,0.0
2025-06-06 03:25:00+00:00,14.989999771118164,14.989999771118164,14.989999771118164,14.989999771118164,5038,0.0,0.0,0.0
2025-06-06 03:30:00+00:00,15.0,15.0,14.979999542236328,14.979999542236328,53100,0.0,0.0,0.0
2025-06-06 03:35:00+00:00,14.979999542236328,14.979999542236328,14.979999542236328,14.979999542236328,36118,0.0,0.0,0.0
2025-06-06 03:40:00+00:00,14.989999771118164,14.989999771118164,14.989999771118164,14.989999771118164,5032,0.0,0.0,0.0
2025-06-06 03:45:00+00:00,14.989999771118164,14.989999771118164,14.989999771118164,14.989999771118164,10640,0.0,0.0,0.0
2025-06-06 03:50:00+00:00,14.979999542236328,14.979999542236328,14.970000267028809,14.970000267028809,22018,0.0,0.0,0.0
2025-06-06 03:55:00+00:00,14.979999542236328,14.979999542236328,14.979999542236328,14.979999542236328,5100,0.0,0.0,0.0
2025-06-06 04:00:00+00:00,14.979999542236328,14.979999542236328,14.979999542236328,14.979999542236328,13018,0.0,0.0,0.0
2025-06-06 04:05:00+00:00,14.970000267028809,14.970000267028809,14.970000267028809,14.970000267028809,8078,0.0,0.0,0.0
2025-06-06 04:10:00+00:00,14.970000267028809,14.979999542236328,14.970000267028809,14.979999542236328,2000,0.0,0.0,0.0
2025-06-06 04:15:00+00:00,14.970000267028809,14.970000267028809,14.960000038146973,14.960000038146973,21229,0.0,0.0,0.0
2025-06-06 04:20:00+00:00,14.960000038146973,14.960000038146973,14.949999809265137,14.949999809265137,31040,0.0,0.0,0.0
2025-06-06 04:25:00+00:00,14.949999809265137,14.949999809265137,14.949999809265137,14.949999809265137,1000,0.0,0.0,0.0
2025-06-06 04:30:00+00:00,14.970000267028809,14.970000267028809,14.949999809265137,14.949999809265137,17410,0.0,0.0,0.0
2025-06-06 04:35:00+00:00,14.949999809265137,14.949999809265137,14.949999809265137,14.949999809265137,10260,0.0,0.0,0.0
2025-06-06 04:45:00+00:00,14.949999809265137,14.949999809265137,14.949999809265137,14.949999809265137,11118,0.0,0.0,0.0
2025-06-06 04:50:00+00:00,14.949999809265137,14.949999809265137,14.949999809265137,14.949999809265137,24423,0.0,0.0,0.0
2025-06-06 04:55:00+00:00,14.949999809265137,14.949999809265137,14.949999809265137,14.949999809265137,18019,0.0,0.0,0.0
2025-06-06 05:00:00+00:00,14.949999809265137,14.960000038146973,14.949999809265137,14.960000038146973,85700,0.0,0.0,0.0
2025-06-06 05:10:00+00:00,14.960000038146973,14.970000267028809,14.960000038146973,14.970000267028809,52197,0.0,0.0,0.0
2025-06-06 05:20:00+00:00,14.960000038146973,14.960000038146973,14.960000038146973,14.960000038146973,93366,0.0,0.0,0.0
2025-06-09 01:00:00+00:00,14.989999771118164,15.029999732971191,14.989999771118164,15.010000228881836,0,0.0,0.0,0.0
2025-06-09 01:05:00+00:00,15.020000457763672,15.020000457763672,15.010000228881836,15.020000457763672,85221,0.0,0.0,0.0
2025-06-09 01:10:00+00:00,15.029999732971191,15.029999732971191,15.029999732971191,15.029999732971191,2100,0.0,0.0,0.0
2025-06-09 01:15:00+00:00,15.029999732971191,15.050000190734863,15.020000457763672,15.050000190734863,343032,0.0,0.0,0.0
2025-06-09 01:20:00+00:00,15.050000190734863,15.050000190734863,15.039999961853027,15.050000190734863,29911,0.0,0.0,0.0
2025-06-09 01:25:00+00:00,15.039999961853027,15.039999961853027,15.020000457763672,15.020000457763672,142077,0.0,0.0,0.0
2025-06-09 01:30:00+00:00,15.020000457763672,15.020000457763672,15.010000228881836,15.010000228881836,29598,0.0,0.0,0.0
2025-06-09 01:35:00+00:00,15.0,15.0,15.0,15.0,41116,0.0,0.0,0.0
2025-06-09 01:40:00+00:00,15.0,15.0,15.0,15.0,12091,0.0,0.0,0.0
2025-06-09 01:45:00+00:00,15.0,15.010000228881836,15.0,15.010000228881836,20573,0.0,0.0,0.0
2025-06-09 01:50:00+00:00,15.020000457763672,15.020000457763672,15.020000457763672,15.020000457763672,28251,0.0,0.0,0.0
2025-06-09 01:55:00+00:00,15.020000457763672,15.020000457763672,15.0,15.0,5200,0.0,0.0,0.0
2025-06-09 02:00:00+00:00,15.020000457763672,15.020000457763672,15.010000228881836,15.010000228881836,11150,0.0,0.0,0.0
2025-06-09 02:05:00+00:00,15.010000228881836,15.020000457763672,15.010000228881836,15.020000457763672,56253,0.0,0.0,0.0
2025-06-09 02:10:00+00:00,15.020000457763672,15.020000457763672,15.010000228881836,15.010000228881836,27010,0.0,0.0,0.0
2025-06-09 02:15:00+00:00,15.020000457763672,15.020000457763672,15.010000228881836,15.010000228881836,95229,0.0,0.0,0.0
2025-06-09 02:20:00+00:00,15.0,15.010000228881836,15.0,15.0,17000,0.0,0.0,0.0
2025-06-09 02:25:00+00:00,15.0,15.010000228881836,15.0,15.0,88110,0.0,0.0,0.0
2025-06-09 02:30:00+00:00,15.0,15.0,14.970000267028809,14.970000267028809,25950,0.0,0.0,0.0
2025-06-09 02:35:00+00:00,14.989999771118164,14.989999771118164,14.979999542236328,14.979999542236328,7612,0.0,0.0,0.0
2025-06-09 02:40:00+00:00,14.989999771118164,14.989999771118164,14.989999771118164,14.989999771118164,13000,0.0,0.0,0.0
2025-06-09 02:45:00+00:00,15.0,15.0,15.0,15.0,2100,0.0,0.0,0.0
2025-06-09 02:50:00+00:00,14.979999542236328,14.979999542236328,14.979999542236328,14.979999542236328,1100,0.0,0.0,0.0
2025-06-09 02:55:00+00:00,14.979999542236328,14.979999542236328,14.979999542236328,14.979999542236328,76129,0.0,0.0,0.0
2025-06-09 03:00:00+00:00,14.989999771118164,15.0,14.979999542236328,14.979999542236328,5109,0.0,0.0,0.0
2025-06-09 03:05:00+00:00,14.989999771118164,15.0,14.970000267028809,14.970000267028809,3454,0.0,0.0,0.0
2025-06-09 03:10:00+00:00,14.970000267028809,14.970000267028809,14.970000267028809,14.970000267028809,3000,0.0,0.0,0.0
2025-06-09 03:15:00+00:00,15.0,15.0,14.989999771118164,15.0,0,0.0,0.0,0.0
2025-06-09 03:20:00+00:00,14.989999771118164,14.989999771118164,14.989999771118164,14.989999771118164,1494622,0.0,0.0,0.0
2025-06-09 03:25:00+00:00,14.979999542236328,14.979999542236328,14.979999542236328,14.979999542236328,2000,0.0,0.0,0.0
2025-06-09 03:30:00+00:00,14.979999542236328,14.979999542236328,14.979999542236328,14.979999542236328,1000,0.0,0.0,0.0
2025-06-09 03:35:00+00:00,14.979999542236328,14.979999542236328,14.979999542236328,14.979999542236328,2286,0.0,0.0,0.0
2025-06-09 03:40:00+00:00,14.970000267028809,14.970000267028809,14.970000267028809,14.970000267028809,7120,0.0,0.0,0.0
2025-06-09 03:45:00+00:00,14.970000267028809,14.970000267028809,14.970000267028809,14.970000267028809,1180,0.0,0.0,0.0
2025-06-09 03:50:00+00:00,14.960000038146973,14.970000267028809,14.960000038146973,14.970000267028809,27320,0.0,0.0,0.0
2025-06-09 03:55:00+00:00,14.970000267028809,14.970000267028809,14.970000267028809,14.970000267028809,31003,0.0,0.0,0.0
2025-06-09 04:00:00+00:00,14.970000267028809,14.979999542236328,14.970000267028809,14.979999542236328,45000,0.0,0.0,0.0
2025-06-09 04:05:00+00:00,14.979999542236328,14.979999542236328,14.979999542236328,14.979999542236328,5000,0.0,0.0,0.0
2025-06-09 04:10:00+00:00,14.979999542236328,14.979999542236328,14.979999542236328,14.979999542236328,10349,0.0,0.0,0.0
2025-06-09 04:15:00+00:00,14.970000267028809,14.970000267028809,14.970000267028809,14.970000267028809,35000,0.0,0.0,0.0
2025-06-09 04:20:00+00:00,14.970000267028809,14.970000267028809,14.970000267028809,14.970000267028809,56420,0.0,0.0,0.0
2025-06-09 04:25:00+00:00,14.979999542236328,14.979999542236328,14.979999542236328,14.979999542236328,1734,0.0,0.0,0.0
2025-06-09 04:35:00+00:00,14.970000267028809,14.979999542236328,14.970000267028809,14.979999542236328,34100,0.0,0.0,0.0
2025-06-09 04:40:00+00:00,14.970000267028809,14.970000267028809,14.970000267028809,14.970000267028809,27165,0.0,0.0,0.0
2025-06-09 04:45:00+00:00,14.979999542236328,14.979999542236328,14.979999542236328,14.979999542236328,12100,0.0,0.0,0.0
2025-06-09 04:50:00+00:00,14.970000267028809,14.979999542236328,14.970000267028809,14.970000267028809,8000,0.0,0.0,0.0
2025-06-09 04:55:00+00:00,14.989999771118164,14.989999771118164,14.979999542236328,14.979999542236328,18200,0.0,0.0,0.0
2025-06-09 05:00:00+00:00,14.970000267028809,14.970000267028809,14.970000267028809,14.970000267028809,34247,0.0,0.0,0.0
2025-06-09 05:10:00+00:00,14.970000267028809,14.970000267028809,14.970000267028809,14.970000267028809,11578,0.0,0.0,0.0
2025-06-09 05:15:00+00:00,14.970000267028809,14.979999542236328,14.970000267028809,14.970000267028809,9638,0.0,0.0,0.0
2025-06-09 05:20:00+00:00,14.979999542236328,14.979999542236328,14.979999542236328,14.979999542236328,33162,0.0,0.0,0.0
2025-06-10 01:00:00+00:00,14.979999542236328,15.0,14.979999542236328,14.989999771118164,0,0.0,0.0,0.0
2025-06-10 01:05:00+00:00,15.0,15.020000457763672,15.0,15.020000457763672,137455,0.0,0.0,0.0
2025-06-10 01:10:00+00:00,15.020000457763672,15.020000457763672,15.0,15.0,5413,0.0,0.0,0.0
2025-06-10 01:15:00+00:00,15.0,15.0,15.0,15.0,56000,0.0,0.0,0.0
2025-06-10 01:20:00+00:00,15.0,15.020000457763672,15.0,15.020000457763672,111026,0.0,0.0,0.0
2025-06-10 01:25:00+00:00,15.020000457763672,15.039999961853027,15.020000457763672,15.029999732971191,173720,0.0,0.0,0.0
2025-06-10 01:30:00+00:00,15.039999961853027,15.039999961853027,15.029999732971191,15.029999732971191,11483,0.0,0.0,0.0
2025-06-10 01:35:00+00:00,15.039999961853027,15.050000190734863,15.029999732971191,15.050000190734863,41110,0.0,0.0,0.0
2025-06-10 01:40:00+00:00,15.050000190734863,15.069999694824219,15.050000190734863,15.069999694824219,336356,0.0,0.0,0.0
2025-06-10 01:45:00+00:00,15.069999694824219,15.09000015258789,15.069999694824219,15.079999923706055,155766,0.0,0.0,0.0
2025-06-10 01:50:00+00:00,15.09000015258789,15.09000015258789,15.09000015258789,15.09000015258789,27700,0.0,0.0,0.0
2025-06-10 01:55:00+00:00,15.09000015258789,15.09000015258789,15.079999923706055,15.079999923706055,106100,0.0,0.0,0.0
2025-06-10 02:00:00+00:00,15.09000015258789,15.09000015258789,15.079999923706055,15.079999923706055,5200,0.0,0.0,0.0
2025-06-10 02:05:00+00:00,15.079999923706055,15.079999923706055,15.069999694824219,15.069999694824219,89311,0.0,0.0,0.0
2025-06-10 02:10:00+00:00,15.079999923706055,15.09000015258789,15.079999923706055,15.09000015258789,111209,0.0,0.0,0.0
2025-06-10 02:15:00+00:00,15.079999923706055,15.100000381469727,15.079999923706055,15.100000381469727,148671,0.0,0.0,0.0
2025-06-10 02:20:00+00:00,15.100000381469727,15.100000381469727,15.100000381469727,15.100000381469727,26148,0.0,0.0,0.0
2025-06-10 02:25:00+00:00,15.100000381469727,15.109999656677246,15.09000015258789,15.09000015258789,164150,0.0,0.0,0.0
2025-06-10 02:30:00+00:00,15.09000015258789,15.09000015258789,15.09000015258789,15.09000015258789,13000,0.0,0.0,0.0
2025-06-10 02:35:00+00:00,15.09000015258789,15.09000015258789,15.09000015258789,15.09000015258789,21250,0.0,0.0,0.0
2025-06-10 02:40:00+00:00,15.100000381469727,15.109999656677246,15.100000381469727,15.109999656677246,149729,0.0,0.0,0.0
2025-06-10 02:45:00+00:00,15.100000381469727,15.109999656677246,15.100000381469727,15.100000381469727,85000,0.0,0.0,0.0
2025-06-10 02:50:00+00:00,15.109999656677246,15.109999656677246,15.100000381469727,15.109999656677246,48252,0.0,0.0,0.0
2025-06-10 02:55:00+00:00,15.100000381469727,15.100000381469727,15.100000381469727,15.100000381469727,3000,0.0,0.0,0.0
2025-06-10 03:00:00+00:00,15.100000381469727,15.109999656677246,15.100000381469727,15.109999656677246,39454,0.0,0.0,0.0
2025-06-10 03:10:00+00:00,15.079999923706055,15.079999923706055,15.079999923706055,15.079999923706055,12000,0.0,0.0,0.0
2025-06-10 03:15:00+00:00,15.079999923706055,15.09000015258789,15.079999923706055,15.09000015258789,4080,0.0,0.0,0.0
2025-06-10 03:20:00+00:00,15.09000015258789,15.09000015258789,15.09000015258789,15.09000015258789,28059,0.0,0.0,0.0
2025-06-10 03:25:00+00:00,15.09000015258789,15.09000015258789,15.09000015258789,15.09000015258789,10498,0.0,0.0,0.0
2025-06-10 03:30:00+00:00,15.079999923706055,15.079999923706055,15.079999923706055,15.079999923706055,1000,0.0,0.0,0.0
2025-06-10 03:35:00+00:00,15.079999923706055,15.079999923706055,15.079999923706055,15.079999923706055,2220,0.0,0.0,0.0
2025-06-10 03:40:00+00:00,15.079999923706055,15.079999923706055,15.079999923706055,15.079999923706055,5000,0.0,0.0,0.0
2025-06-10 03:45:00+00:00,15.079999923706055,15.079999923706055,15.079999923706055,15.079999923706055,115792,0.0,0.0,0.0
2025-06-10 03:50:00+00:00,15.079999923706055,15.079999923706055,15.079999923706055,15.079999923706055,17001,0.0,0.0,0.0
2025-06-10 03:55:00+00:00,15.079999923706055,15.079999923706055,15.079999923706055,15.079999923706055,46000,0.0,0.0,0.0
2025-06-10 04:00:00+00:00,15.079999923706055,15.079999923706055,15.079999923706055,15.079999923706055,13945,0.0,0.0,0.0
2025-06-10 04:05:00+00:00,15.079999923706055,15.09000015258789,15.069999694824219,15.079999923706055,71040,0.0,0.0,0.0
2025-06-10 04:10:00+00:00,15.069999694824219,15.069999694824219,15.069999694824219,15.069999694824219,1000,0.0,0.0,0.0
2025-06-10 04:15:00+00:00,15.069999694824219,15.069999694824219,15.069999694824219,15.069999694824219,19140,0.0,0.0,0.0
2025-06-10 04:20:00+00:00,15.069999694824219,15.079999923706055,15.069999694824219,15.069999694824219,25000,0.0,0.0,0.0
2025-06-10 04:25:00+00:00,15.069999694824219,15.069999694824219,15.0600004196167,15.0600004196167,28170,0.0,0.0,0.0
2025-06-10 04:30:00+00:00,15.0600004196167,15.0600004196167,15.0600004196167,15.0600004196167,24000,0.0,0.0,0.0
2025-06-10 04:35:00+00:00,15.0600004196167,15.0600004196167,15.0600004196167,15.0600004196167,15000,0.0,0.0,0.0
2025-06-10 04:40:00+00:00,15.0600004196167,15.0600004196167,15.0600004196167,15.0600004196167,12000,0.0,0.0,0.0
2025-06-10 04:45:00+00:00,15.0600004196167,15.079999923706055,15.0600004196167,15.069999694824219,75019,0.0,0.0,0.0
2025-06-10 04:50:00+00:00,15.069999694824219,15.069999694824219,15.069999694824219,15.069999694824219,16695,0.0,0.0,0.0
2025-06-10 04:55:00+00:00,15.069999694824219,15.069999694824219,15.069999694824219,15.069999694824219,10000,0.0,0.0,0.0
2025-06-10 05:00:00+00:00,15.069999694824219,15.069999694824219,15.0600004196167,15.0600004196167,71002,0.0,0.0,0.0
2025-06-10 05:05:00+00:00,15.069999694824219,15.069999694824219,15.069999694824219,15.069999694824219,47332,0.0,0.0,0.0
2025-06-10 05:10:00+00:00,15.069999694824219,15.079999923706055,15.069999694824219,15.079999923706055,16000,0.0,0.0,0.0
2025-06-10 05:15:00+00:00,15.0600004196167,15.079999923706055,15.0600004196167,15.079999923706055,33024,0.0,0.0,0.0
2025-06-10 05:20:00+00:00,15.069999694824219,15.069999694824219,15.0600004196167,15.0600004196167,204538,0.0,0.0,0.0
2025-06-11 01:00:00+00:00,15.050000190734863,15.050000190734863,15.029999732971191,15.029999732971191,0,0.0,0.0,0.0
2025-06-11 01:05:00+00:00,15.020000457763672,15.029999732971191,15.010000228881836,15.029999732971191,372421,0.0,0.0,0.0
2025-06-11 01:10:00+00:00,15.029999732971191,15.029999732971191,15.010000228881836,15.010000228881836,7370,0.0,0.0,0.0
2025-06-11 01:15:00+00:00,15.0,15.020000457763672,15.0,15.010000228881836,215628,0.0,0.0,0.0
2025-06-11 01:20:00+00:00,15.0,15.020000457763672,15.0,15.020000457763672,0,0.0,0.0,0.0
2025-06-11 01:25:00+00:00,15.010000228881836,15.020000457763672,15.010000228881836,15.020000457763672,617496,0.0,0.0,0.0
2025-06-11 01:30:00+00:00,15.020000457763672,15.020000457763672,15.0,15.0,32647,0.0,0.0,0.0
2025-06-11 01:35:00+00:00,15.010000228881836,15.020000457763672,15.010000228881836,15.020000457763672,120779,0.0,0.0,0.0
2025-06-11 01:45:00+00:00,15.010000228881836,15.010000228881836,15.010000228881836,15.010000228881836,6000,0.0,0.0,0.0
2025-06-11 01:50:00+00:00,15.020000457763672,15.029999732971191,15.020000457763672,15.020000457763672,169114,0.0,0.0,0.0
2025-06-11 01:55:00+00:00,15.010000228881836,15.010000228881836,15.0,15.0,107205,0.0,0.0,0.0
2025-06-11 02:00:00+00:00,15.0,15.010000228881836,14.989999771118164,15.010000228881836,37090,0.0,0.0,0.0
2025-06-11 02:05:00+00:00,15.010000228881836,15.020000457763672,15.010000228881836,15.020000457763672,55010,0.0,0.0,0.0
2025-06-11 02:10:00+00:00,15.020000457763672,15.029999732971191,15.020000457763672,15.029999732971191,36257,0.0,0.0,0.0
2025-06-11 02:15:00+00:00,15.029999732971191,15.029999732971191,15.029999732971191,15.029999732971191,8000,0.0,0.0,0.0
2025-06-11 02:20:00+00:00,15.029999732971191,15.039999961853027,15.029999732971191,15.039999961853027,68000,0.0,0.0,0.0
2025-06-11 02:25:00+00:00,15.029999732971191,15.029999732971191,15.029999732971191,15.029999732971191,2300,0.0,0.0,0.0
2025-06-11 02:30:00+00:00,15.029999732971191,15.029999732971191,15.029999732971191,15.029999732971191,10060,0.0,0.0,0.0
2025-06-11 02:35:00+00:00,15.029999732971191,15.029999732971191,15.029999732971191,15.029999732971191,7020,0.0,0.0,0.0
2025-06-11 02:40:00+00:00,15.029999732971191,15.029999732971191,15.029999732971191,15.029999732971191,0,0.0,0.0,0.0
2025-06-11 02:45:00+00:00,15.029999732971191,15.050000190734863,15.029999732971191,15.050000190734863,1364920,0.0,0.0,0.0
2025-06-11 02:50:00+00:00,15.050000190734863,15.050000190734863,15.050000190734863,15.050000190734863,5100,0.0,0.0,0.0
2025-06-11 02:55:00+00:00,15.050000190734863,15.050000190734863,15.050000190734863,15.050000190734863,46116,0.0,0.0,0.0
2025-06-11 03:00:00+00:00,15.050000190734863,15.050000190734863,15.050000190734863,15.050000190734863,28601,0.0,0.0,0.0
2025-06-11 03:05:00+00:00,15.050000190734863,15.069999694824219,15.050000190734863,15.069999694824219,25300,0.0,0.0,0.0
2025-06-11 03:10:00+00:00,15.069999694824219,15.069999694824219,15.0600004196167,15.0600004196167,106000,0.0,0.0,0.0
2025-06-11 03:15:00+00:00,15.0600004196167,15.079999923706055,15.0600004196167,15.069999694824219,50911,0.0,0.0,0.0
2025-06-11 03:20:00+00:00,15.079999923706055,15.09000015258789,15.079999923706055,15.09000015258789,53791,0.0,0.0,0.0
2025-06-11 03:25:00+00:00,15.09000015258789,15.100000381469727,15.09000015258789,15.100000381469727,0,0.0,0.0,0.0
2025-06-11 03:30:00+00:00,15.100000381469727,15.100000381469727,15.100000381469727,15.100000381469727,1748817,0.0,0.0,0.0
2025-06-11 03:35:00+00:00,15.09000015258789,15.09000015258789,15.09000015258789,15.09000015258789,28100,0.0,0.0,0.0
2025-06-11 03:40:00+00:00,15.09000015258789,15.09000015258789,15.09000015258789,15.09000015258789,20236,0.0,0.0,0.0
2025-06-11 03:45:00+00:00,15.079999923706055,15.09000015258789,15.079999923706055,15.079999923706055,29100,0.0,0.0,0.0
2025-06-11 03:50:00+00:00,15.079999923706055,15.079999923706055,15.079999923706055,15.079999923706055,25053,0.0,0.0,0.0
2025-06-11 03:55:00+00:00,15.079999923706055,15.09000015258789,15.079999923706055,15.09000015258789,7249,0.0,0.0,0.0
2025-06-11 04:15:00+00:00,15.09000015258789,15.09000015258789,15.09000015258789,15.09000015258789,121201,0.0,0.0,0.0
2025-06-11 04:20:00+00:00,15.079999923706055,15.09000015258789,15.079999923706055,15.09000015258789,10340,0.0,0.0,0.0
2025-06-11 04:25:00+00:00,15.079999923706055,15.09000015258789,15.079999923706055,15.09000015258789,20318,0.0,0.0,0.0
2025-06-11 04:30:00+00:00,15.09000015258789,15.100000381469727,15.09000015258789,15.100000381469727,176924,0.0,0.0,0.0
2025-06-11 04:35:00+00:00,15.09000015258789,15.100000381469727,15.09000015258789,15.09000015258789,199060,0.0,0.0,0.0
2025-06-11 04:40:00+00:00,15.100000381469727,15.100000381469727,15.100000381469727,15.100000381469727,2000,0.0,0.0,0.0
2025-06-12 01:00:00+00:00,15.09000015258789,15.109999656677246,15.09000015258789,15.109999656677246,162000,0.0,0.0,0.0
2025-06-12 01:05:00+00:00,15.100000381469727,15.130000114440918,15.100000381469727,15.119999885559082,41000,0.0,0.0,0.0
2025-06-12 01:10:00+00:00,15.119999885559082,15.130000114440918,15.119999885559082,15.119999885559082,48595,0.0,0.0,0.0
2025-06-12 01:15:00+00:00,15.109999656677246,15.109999656677246,15.109999656677246,15.109999656677246,1000,0.0,0.0,0.0
2025-06-12 01:20:00+00:00,15.109999656677246,15.119999885559082,15.100000381469727,15.119999885559082,52790,0.0,0.0,0.0
2025-06-12 01:25:00+00:00,15.119999885559082,15.119999885559082,15.109999656677246,15.109999656677246,90000,0.0,0.0,0.0
2025-06-12 01:30:00+00:00,15.119999885559082,15.130000114440918,15.119999885559082,15.119999885559082,110500,0.0,0.0,0.0
2025-06-12 01:35:00+00:00,15.119999885559082,15.119999885559082,15.109999656677246,15.109999656677246,3000,0.0,0.0,0.0
2025-06-12 01:40:00+00:00,15.100000381469727,15.109999656677246,15.100000381469727,15.109999656677246,42655,0.0,0.0,0.0
2025-06-12 01:45:00+00:00,15.09000015258789,15.09000015258789,15.09000015258789,15.09000015258789,107477,0.0,0.0,0.0
2025-06-12 01:50:00+00:00,15.100000381469727,15.100000381469727,15.100000381469727,15.100000381469727,19000,0.0,0.0,0.0
2025-06-12 01:55:00+00:00,15.100000381469727,15.109999656677246,15.100000381469727,15.100000381469727,34829,0.0,0.0,0.0
2025-06-12 02:00:00+00:00,15.100000381469727,15.100000381469727,15.100000381469727,15.100000381469727,8172,0.0,0.0,0.0
2025-06-12 02:05:00+00:00,15.100000381469727,15.100000381469727,15.100000381469727,15.100000381469727,22000,0.0,0.0,0.0
2025-06-12 02:10:00+00:00,15.100000381469727,15.100000381469727,15.100000381469727,15.100000381469727,12200,0.0,0.0,0.0
2025-06-12 02:15:00+00:00,15.100000381469727,15.100000381469727,15.100000381469727,15.100000381469727,66009,0.0,0.0,0.0
2025-06-12 02:20:00+00:00,15.100000381469727,15.100000381469727,15.100000381469727,15.100000381469727,13280,0.0,0.0,0.0
2025-06-12 02:30:00+00:00,15.100000381469727,15.100000381469727,15.100000381469727,15.100000381469727,4000,0.0,0.0,0.0
2025-06-12 02:35:00+00:00,15.100000381469727,15.109999656677246,15.100000381469727,15.109999656677246,14000,0.0,0.0,0.0
2025-06-12 02:40:00+00:00,15.100000381469727,15.100000381469727,15.100000381469727,15.100000381469727,44386,0.0,0.0,0.0
2025-06-12 02:45:00+00:00,15.100000381469727,15.100000381469727,15.100000381469727,15.100000381469727,7010,0.0,0.0,0.0
2025-06-12 02:50:00+00:00,15.100000381469727,15.100000381469727,15.100000381469727,15.100000381469727,73089,0.0,0.0,0.0
2025-06-12 02:55:00+00:00,15.100000381469727,15.109999656677246,15.100000381469727,15.100000381469727,156330,0.0,0.0,0.0
2025-06-12 03:00:00+00:00,15.100000381469727,15.100000381469727,15.100000381469727,15.100000381469727,21310,0.0,0.0,0.0
2025-06-12 03:15:00+00:00,15.109999656677246,15.109999656677246,15.109999656677246,15.109999656677246,76034,0.0,0.0,0.0
2025-06-12 03:20:00+00:00,15.100000381469727,15.100000381469727,15.100000381469727,15.100000381469727,5000,0.0,0.0,0.0
2025-06-12 03:25:00+00:00,15.100000381469727,15.100000381469727,15.100000381469727,15.100000381469727,0,0.0,0.0,0.0
2025-06-12 03:35:00+00:00,15.100000381469727,15.109999656677246,15.100000381469727,15.109999656677246,1310021,0.0,0.0,0.0
2025-06-12 03:40:00+00:00,15.109999656677246,15.109999656677246,15.109999656677246,15.109999656677246,5000,0.0,0.0,0.0
2025-06-12 03:45:00+00:00,15.109999656677246,15.109999656677246,15.109999656677246,15.109999656677246,8007,0.0,0.0,0.0
2025-06-12 03:50:00+00:00,15.109999656677246,15.109999656677246,15.109999656677246,15.109999656677246,100000,0.0,0.0,0.0
2025-06-12 03:55:00+00:00,15.109999656677246,15.109999656677246,15.109999656677246,15.109999656677246,8009,0.0,0.0,0.0
2025-06-12 04:00:00+00:00,15.100000381469727,15.109999656677246,15.100000381469727,15.109999656677246,40000,0.0,0.0,0.0
2025-06-12 04:05:00+00:00,15.109999656677246,15.109999656677246,15.109999656677246,15.109999656677246,2150,0.0,0.0,0.0
2025-06-12 04:10:00+00:00,15.109999656677246,15.109999656677246,15.109999656677246,15.109999656677246,9150,0.0,0.0,0.0
2025-06-12 04:15:00+00:00,15.100000381469727,15.100000381469727,15.100000381469727,15.100000381469727,6150,0.0,0.0,0.0
2025-06-12 04:25:00+00:00,15.100000381469727,15.100000381469727,15.100000381469727,15.100000381469727,4049,0.0,0.0,0.0
2025-06-12 04:30:00+00:00,15.100000381469727,15.100000381469727,15.100000381469727,15.100000381469727,18000,0.0,0.0,0.0
2025-06-12 04:35:00+00:00,15.100000381469727,15.100000381469727,15.100000381469727,15.100000381469727,7013,0.0,0.0,0.0
2025-06-12 04:50:00+00:00,15.09000015258789,15.09000015258789,15.09000015258789,15.09000015258789,19625,0.0,0.0,0.0
2025-06-12 04:55:00+00:00,15.09000015258789,15.09000015258789,15.09000015258789,15.09000015258789,4000,0.0,0.0,0.0
2025-06-12 05:00:00+00:00,15.09000015258789,15.09000015258789,15.09000015258789,15.09000015258789,7000,0.0,0.0,0.0
2025-06-12 05:05:00+00:00,15.09000015258789,15.09000015258789,15.09000015258789,15.09000015258789,0,0.0,0.0,0.0
2025-06-12 05:15:00+00:00,15.09000015258789,15.09000015258789,15.079999923706055,15.09000015258789,1576410,0.0,0.0,0.0
2025-06-12 05:20:00+00:00,15.09000015258789,15.100000381469727,15.09000015258789,15.09000015258789,122000,0.0,0.0,0.0
2025-06-13 01:00:00+00:00,15.050000190734863,15.050000190734863,15.020000457763672,15.020000457763672,0,0.0,0.0,0.0
2025-06-13 01:05:00+00:00,15.010000228881836,15.029999732971191,14.989999771118164,15.020000457763672,120584,0.0,0.0,0.0
2025-06-13 01:10:00+00:00,15.020000457763672,15.020000457763672,15.0,15.0,205878,0.0,0.0,0.0
2025-06-13 01:15:00+00:00,14.989999771118164,14.989999771118164,14.989999771118164,14.989999771118164,39551,0.0,0.0,0.0
2025-06-13 01:20:00+00:00,15.0,15.010000228881836,15.0,15.0,155000,0.0,0.0,0.0
2025-06-13 01:25:00+00:00,15.0,15.010000228881836,15.0,15.010000228881836,101500,0.0,0.0,0.0
2025-06-13 01:30:00+00:00,15.010000228881836,15.039999961853027,15.010000228881836,15.039999961853027,50333,0.0,0.0,0.0
2025-06-13 01:35:00+00:00,15.039999961853027,15.079999923706055,15.039999961853027,15.079999923706055,134523,0.0,0.0,0.0
2025-06-13 01:40:00+00:00,15.079999923706055,15.079999923706055,15.069999694824219,15.069999694824219,7158,0.0,0.0,0.0
2025-06-13 01:45:00+00:00,15.069999694824219,15.09000015258789,15.069999694824219,15.09000015258789,228400,0.0,0.0,0.0
2025-06-13 01:50:00+00:00,15.079999923706055,15.09000015258789,15.079999923706055,15.09000015258789,67000,0.0,0.0,0.0
2025-06-13 01:55:00+00:00,15.100000381469727,15.109999656677246,15.100000381469727,15.109999656677246,84756,0.0,0.0,0.0
2025-06-13 02:00:00+00:00,15.119999885559082,15.119999885559082,15.119999885559082,15.119999885559082,3220,0.0,0.0,0.0
2025-06-13 02:05:00+00:00,15.109999656677246,15.109999656677246,15.109999656677246,15.109999656677246,33137,0.0,0.0,0.0
2025-06-13 02:10:00+00:00,15.109999656677246,15.119999885559082,15.109999656677246,15.119999885559082,154341,0.0,0.0,0.0
2025-06-13 02:15:00+00:00,15.119999885559082,15.130000114440918,15.119999885559082,15.130000114440918,72949,0.0,0.0,0.0
2025-06-13 02:20:00+00:00,15.130000114440918,15.149999618530273,15.130000114440918,15.130000114440918,163000,0.0,0.0,0.0
2025-06-13 02:25:00+00:00,15.119999885559082,15.119999885559082,15.109999656677246,15.119999885559082,401009,0.0,0.0,0.0
2025-06-13 02:30:00+00:00,15.130000114440918,15.130000114440918,15.100000381469727,15.100000381469727,203200,0.0,0.0,0.0
2025-06-13 02:40:00+00:00,15.079999923706055,15.079999923706055,15.0600004196167,15.0600004196167,104000,0.0,0.0,0.0
2025-06-13 02:45:00+00:00,15.050000190734863,15.079999923706055,15.050000190734863,15.079999923706055,166100,0.0,0.0,0.0
2025-06-13 02:50:00+00:00,15.079999923706055,15.09000015258789,15.079999923706055,15.09000015258789,102101,0.0,0.0,0.0
2025-06-13 02:55:00+00:00,15.079999923706055,15.100000381469727,15.079999923706055,15.100000381469727,76000,0.0,0.0,0.0
2025-06-13 03:00:00+00:00,15.109999656677246,15.109999656677246,15.09000015258789,15.09000015258789,18100,0.0,0.0,0.0
2025-06-13 03:05:00+00:00,15.09000015258789,15.09000015258789,15.079999923706055,15.09000015258789,17005,0.0,0.0,0.0
2025-06-13 03:10:00+00:00,15.09000015258789,15.100000381469727,15.09000015258789,15.100000381469727,18805,0.0,0.0,0.0
2025-06-13 03:15:00+00:00,15.109999656677246,15.109999656677246,15.109999656677246,15.109999656677246,19057,0.0,0.0,0.0
2025-06-13 03:20:00+00:00,15.109999656677246,15.109999656677246,15.109999656677246,15.109999656677246,28000,0.0,0.0,0.0
2025-06-13 03:25:00+00:00,15.119999885559082,15.119999885559082,15.119999885559082,15.119999885559082,27911,0.0,0.0,0.0
2025-06-13 03:35:00+00:00,15.109999656677246,15.109999656677246,15.109999656677246,15.109999656677246,8060,0.0,0.0,0.0
2025-06-13 03:40:00+00:00,15.100000381469727,15.109999656677246,15.100000381469727,15.100000381469727,59037,0.0,0.0,0.0
2025-06-13 03:45:00+00:00,15.09000015258789,15.109999656677246,15.09000015258789,15.100000381469727,18070,0.0,0.0,0.0
2025-06-13 03:50:00+00:00,15.100000381469727,15.109999656677246,15.100000381469727,15.109999656677246,18059,0.0,0.0,0.0
2025-06-13 03:55:00+00:00,15.109999656677246,15.109999656677246,15.109999656677246,15.109999656677246,7000,0.0,0.0,0.0
2025-06-13 04:05:00+00:00,15.109999656677246,15.119999885559082,15.100000381469727,15.100000381469727,8000,0.0,0.0,0.0
2025-06-13 04:10:00+00:00,15.100000381469727,15.109999656677246,15.100000381469727,15.109999656677246,24000,0.0,0.0,0.0
2025-06-13 04:20:00+00:00,15.100000381469727,15.100000381469727,15.100000381469727,15.100000381469727,56100,0.0,0.0,0.0
2025-06-13 04:30:00+00:00,15.100000381469727,15.100000381469727,15.100000381469727,15.100000381469727,114102,0.0,0.0,0.0
2025-06-13 04:35:00+00:00,15.100000381469727,15.100000381469727,15.100000381469727,15.100000381469727,214000,0.0,0.0,0.0
2025-06-13 04:40:00+00:00,15.100000381469727,15.100000381469727,15.100000381469727,15.100000381469727,34500,0.0,0.0,0.0
2025-06-13 04:45:00+00:00,15.100000381469727,15.100000381469727,15.100000381469727,15.100000381469727,6400,0.0,0.0,0.0
2025-06-13 04:50:00+00:00,15.100000381469727,15.100000381469727,15.100000381469727,15.100000381469727,3300,0.0,0.0,0.0
2025-06-13 04:55:00+00:00,15.100000381469727,15.100000381469727,15.100000381469727,15.100000381469727,3077,0.0,0.0,0.0
2025-06-13 05:00:00+00:00,15.09000015258789,15.09000015258789,15.09000015258789,15.09000015258789,3000,0.0,0.0,0.0
2025-06-13 05:05:00+00:00,15.079999923706055,15.079999923706055,15.079999923706055,15.079999923706055,2022,0.0,0.0,0.0
2025-06-13 05:10:00+00:00,15.079999923706055,15.079999923706055,15.079999923706055,15.079999923706055,101299,0.0,0.0,0.0
2025-06-13 05:15:00+00:00,15.069999694824219,15.069999694824219,15.069999694824219,15.069999694824219,1010,0.0,0.0,0.0
2025-06-13 05:20:00+00:00,15.0600004196167,15.0600004196167,15.0600004196167,15.0600004196167,26055,0.0,0.0,0.0
2025-06-16 01:00:00+00:00,15.020000457763672,15.050000190734863,15.020000457763672,15.029999732971191,0,0.0,0.0,0.0
2025-06-16 01:05:00+00:00,15.010000228881836,15.020000457763672,15.010000228881836,15.020000457763672,176900,0.0,0.0,0.0
2025-06-16 01:10:00+00:00,15.020000457763672,15.050000190734863,15.020000457763672,15.039999961853027,117674,0.0,0.0,0.0
2025-06-16 01:15:00+00:00,15.050000190734863,15.050000190734863,15.050000190734863,15.050000190734863,55068,0.0,0.0,0.0
2025-06-16 01:20:00+00:00,15.050000190734863,15.050000190734863,15.050000190734863,15.050000190734863,2042,0.0,0.0,0.0
2025-06-16 01:25:00+00:00,15.050000190734863,15.0600004196167,15.050000190734863,15.050000190734863,84359,0.0,0.0,0.0
2025-06-16 01:30:00+00:00,15.0600004196167,15.069999694824219,15.0600004196167,15.069999694824219,141288,0.0,0.0,0.0
2025-06-16 01:35:00+00:00,15.079999923706055,15.079999923706055,15.079999923706055,15.079999923706055,20000,0.0,0.0,0.0
2025-06-16 01:40:00+00:00,15.079999923706055,15.079999923706055,15.079999923706055,15.079999923706055,11000,0.0,0.0,0.0
2025-06-16 01:45:00+00:00,15.079999923706055,15.100000381469727,15.079999923706055,15.09000015258789,34246,0.0,0.0,0.0
2025-06-16 01:50:00+00:00,15.09000015258789,15.100000381469727,15.09000015258789,15.100000381469727,14272,0.0,0.0,0.0
2025-06-16 01:55:00+00:00,15.09000015258789,15.09000015258789,15.09000015258789,15.09000015258789,1439,0.0,0.0,0.0
2025-06-16 02:00:00+00:00,15.09000015258789,15.09000015258789,15.069999694824219,15.069999694824219,19100,0.0,0.0,0.0
2025-06-16 02:05:00+00:00,15.069999694824219,15.079999923706055,15.069999694824219,15.079999923706055,32009,0.0,0.0,0.0
2025-06-16 02:10:00+00:00,15.079999923706055,15.079999923706055,15.079999923706055,15.079999923706055,62000,0.0,0.0,0.0
2025-06-16 02:15:00+00:00,15.069999694824219,15.079999923706055,15.069999694824219,15.079999923706055,17309,0.0,0.0,0.0
2025-06-16 02:20:00+00:00,15.069999694824219,15.069999694824219,15.069999694824219,15.069999694824219,6255,0.0,0.0,0.0
2025-06-16 02:25:00+00:00,15.069999694824219,15.069999694824219,15.069999694824219,15.069999694824219,55554,0.0,0.0,0.0
2025-06-16 02:30:00+00:00,15.079999923706055,15.09000015258789,15.079999923706055,15.09000015258789,135100,0.0,0.0,0.0
2025-06-16 02:35:00+00:00,15.09000015258789,15.09000015258789,15.09000015258789,15.09000015258789,9554,0.0,0.0,0.0
2025-06-16 02:40:00+00:00,15.09000015258789,15.09000015258789,15.079999923706055,15.09000015258789,51100,0.0,0.0,0.0
2025-06-16 02:45:00+00:00,15.100000381469727,15.100000381469727,15.079999923706055,15.079999923706055,18515,0.0,0.0,0.0
2025-06-16 02:55:00+00:00,15.09000015258789,15.09000015258789,15.09000015258789,15.09000015258789,4119,0.0,0.0,0.0
2025-06-16 03:00:00+00:00,15.100000381469727,15.100000381469727,15.09000015258789,15.09000015258789,4480,0.0,0.0,0.0
2025-06-16 03:05:00+00:00,15.09000015258789,15.09000015258789,15.09000015258789,15.09000015258789,4235,0.0,0.0,0.0
2025-06-16 03:15:00+00:00,15.079999923706055,15.079999923706055,15.079999923706055,15.079999923706055,2010,0.0,0.0,0.0
2025-06-16 03:20:00+00:00,15.079999923706055,15.09000015258789,15.079999923706055,15.09000015258789,15109,0.0,0.0,0.0
2025-06-16 03:25:00+00:00,15.09000015258789,15.09000015258789,15.079999923706055,15.09000015258789,28030,0.0,0.0,0.0
2025-06-16 03:30:00+00:00,15.09000015258789,15.09000015258789,15.09000015258789,15.09000015258789,15078,0.0,0.0,0.0
2025-06-16 03:35:00+00:00,15.09000015258789,15.09000015258789,15.09000015258789,15.09000015258789,11000,0.0,0.0,0.0
2025-06-16 03:40:00+00:00,15.079999923706055,15.09000015258789,15.079999923706055,15.079999923706055,15009,0.0,0.0,0.0
2025-06-16 03:45:00+00:00,15.079999923706055,15.079999923706055,15.079999923706055,15.079999923706055,35100,0.0,0.0,0.0
2025-06-16 03:50:00+00:00,15.079999923706055,15.09000015258789,15.079999923706055,15.09000015258789,93019,0.0,0.0,0.0
2025-06-16 03:55:00+00:00,15.09000015258789,15.09000015258789,15.079999923706055,15.09000015258789,57080,0.0,0.0,0.0
2025-06-16 04:00:00+00:00,15.09000015258789,15.09000015258789,15.09000015258789,15.09000015258789,12109,0.0,0.0,0.0
2025-06-16 04:05:00+00:00,15.09000015258789,15.09000015258789,15.079999923706055,15.079999923706055,7250,0.0,0.0,0.0
2025-06-16 04:10:00+00:00,15.09000015258789,15.09000015258789,15.079999923706055,15.079999923706055,33873,0.0,0.0,0.0
2025-06-16 04:15:00+00:00,15.09000015258789,15.09000015258789,15.09000015258789,15.09000015258789,11000,0.0,0.0,0.0
2025-06-16 04:20:00+00:00,15.09000015258789,15.09000015258789,15.09000015258789,15.09000015258789,1009,0.0,0.0,0.0
2025-06-16 04:25:00+00:00,15.09000015258789,15.09000015258789,15.09000015258789,15.09000015258789,19246,0.0,0.0,0.0
2025-06-16 04:30:00+00:00,15.09000015258789,15.09000015258789,15.09000015258789,15.09000015258789,7109,0.0,0.0,0.0
2025-06-16 04:35:00+00:00,15.09000015258789,15.09000015258789,15.09000015258789,15.09000015258789,14100,0.0,0.0,0.0
2025-06-16 04:40:00+00:00,15.09000015258789,15.100000381469727,15.09000015258789,15.09000015258789,217309,0.0,0.0,0.0
2025-06-16 04:45:00+00:00,15.09000015258789,15.09000015258789,15.09000015258789,15.09000015258789,11172,0.0,0.0,0.0
2025-06-16 04:50:00+00:00,15.09000015258789,15.09000015258789,15.09000015258789,15.09000015258789,15752,0.0,0.0,0.0
2025-06-16 04:55:00+00:00,15.09000015258789,15.100000381469727,15.09000015258789,15.100000381469727,24182,0.0,0.0,0.0
2025-06-16 05:10:00+00:00,15.100000381469727,15.100000381469727,15.100000381469727,15.100000381469727,45000,0.0,0.0,0.0
2025-06-16 05:15:00+00:00,15.100000381469727,15.100000381469727,15.09000015258789,15.09000015258789,10147,0.0,0.0,0.0
2025-06-16 05:20:00+00:00,15.100000381469727,15.100000381469727,15.09000015258789,15.09000015258789,12686,0.0,0.0,0.0
2025-06-17 01:00:00+00:00,15.119999885559082,15.140000343322754,15.119999885559082,15.130000114440918,0,0.0,0.0,0.0
2025-06-17 01:05:00+00:00,15.130000114440918,15.140000343322754,15.130000114440918,15.130000114440918,27685,0.0,0.0,0.0
2025-06-17 01:10:00+00:00,15.140000343322754,15.140000343322754,15.140000343322754,15.140000343322754,54335,0.0,0.0,0.0
2025-06-17 01:15:00+00:00,15.130000114440918,15.130000114440918,15.130000114440918,15.130000114440918,10654,0.0,0.0,0.0
2025-06-17 01:20:00+00:00,15.119999885559082,15.130000114440918,15.119999885559082,15.119999885559082,121107,0.0,0.0,0.0
2025-06-17 01:25:00+00:00,15.119999885559082,15.119999885559082,15.119999885559082,15.119999885559082,2178,0.0,0.0,0.0
2025-06-17 01:30:00+00:00,15.119999885559082,15.119999885559082,15.119999885559082,15.119999885559082,115000,0.0,0.0,0.0
2025-06-17 01:35:00+00:00,15.119999885559082,15.119999885559082,15.119999885559082,15.119999885559082,36332,0.0,0.0,0.0
2025-06-17 01:40:00+00:00,15.119999885559082,15.119999885559082,15.119999885559082,15.119999885559082,5500,0.0,0.0,0.0
2025-06-17 01:45:00+00:00,15.119999885559082,15.119999885559082,15.119999885559082,15.119999885559082,30040,0.0,0.0,0.0
2025-06-17 01:50:00+00:00,15.119999885559082,15.119999885559082,15.119999885559082,15.119999885559082,17000,0.0,0.0,0.0
2025-06-17 01:55:00+00:00,15.109999656677246,15.109999656677246,15.109999656677246,15.109999656677246,2615,0.0,0.0,0.0
2025-06-17 02:00:00+00:00,15.109999656677246,15.109999656677246,15.100000381469727,15.100000381469727,12055,0.0,0.0,0.0
2025-06-17 02:05:00+00:00,15.100000381469727,15.100000381469727,15.09000015258789,15.09000015258789,3000,0.0,0.0,0.0
2025-06-17 02:10:00+00:00,15.09000015258789,15.100000381469727,15.09000015258789,15.100000381469727,25100,0.0,0.0,0.0
2025-06-17 02:15:00+00:00,15.079999923706055,15.09000015258789,15.079999923706055,15.09000015258789,12200,0.0,0.0,0.0
2025-06-17 02:25:00+00:00,15.079999923706055,15.079999923706055,15.069999694824219,15.069999694824219,36000,0.0,0.0,0.0
2025-06-17 02:30:00+00:00,15.069999694824219,15.069999694824219,15.069999694824219,15.069999694824219,12154,0.0,0.0,0.0
2025-06-17 02:35:00+00:00,15.069999694824219,15.069999694824219,15.069999694824219,15.069999694824219,9154,0.0,0.0,0.0
2025-06-17 02:40:00+00:00,15.069999694824219,15.09000015258789,15.069999694824219,15.09000015258789,25000,0.0,0.0,0.0
2025-06-17 02:45:00+00:00,15.079999923706055,15.079999923706055,15.079999923706055,15.079999923706055,3000,0.0,0.0,0.0
2025-06-17 02:50:00+00:00,15.079999923706055,15.09000015258789,15.079999923706055,15.09000015258789,48355,0.0,0.0,0.0
2025-06-17 02:55:00+00:00,15.09000015258789,15.09000015258789,15.09000015258789,15.09000015258789,13390,0.0,0.0,0.0
2025-06-17 03:00:00+00:00,15.100000381469727,15.100000381469727,15.09000015258789,15.09000015258789,26265,0.0,0.0,0.0
2025-06-17 03:05:00+00:00,15.100000381469727,15.100000381469727,15.100000381469727,15.100000381469727,30000,0.0,0.0,0.0
2025-06-17 03:10:00+00:00,15.100000381469727,15.100000381469727,15.100000381469727,15.100000381469727,98100,0.0,0.0,0.0
2025-06-17 03:15:00+00:00,15.100000381469727,15.100000381469727,15.100000381469727,15.100000381469727,9080,0.0,0.0,0.0
2025-06-17 03:20:00+00:00,15.100000381469727,15.100000381469727,15.100000381469727,15.100000381469727,17000,0.0,0.0,0.0
2025-06-17 03:25:00+00:00,15.100000381469727,15.100000381469727,15.100000381469727,15.100000381469727,16000,0.0,0.0,0.0
2025-06-17 03:30:00+00:00,15.100000381469727,15.100000381469727,15.100000381469727,15.100000381469727,64400,0.0,0.0,0.0
2025-06-17 03:35:00+00:00,15.100000381469727,15.100000381469727,15.100000381469727,15.100000381469727,27000,0.0,0.0,0.0
2025-06-17 03:40:00+00:00,15.109999656677246,15.109999656677246,15.109999656677246,15.109999656677246,34489,0.0,0.0,0.0
2025-06-17 03:45:00+00:00,15.109999656677246,15.109999656677246,15.109999656677246,15.109999656677246,200100,0.0,0.0,0.0
2025-06-17 03:50:00+00:00,15.109999656677246,15.109999656677246,15.109999656677246,15.109999656677246,5000,0.0,0.0,0.0
2025-06-17 03:55:00+00:00,15.109999656677246,15.109999656677246,15.100000381469727,15.100000381469727,42000,0.0,0.0,0.0
2025-06-17 04:00:00+00:00,15.100000381469727,15.100000381469727,15.100000381469727,15.100000381469727,10010,0.0,0.0,0.0
2025-06-17 04:05:00+00:00,15.100000381469727,15.109999656677246,15.100000381469727,15.109999656677246,6050,0.0,0.0,0.0
2025-06-17 04:10:00+00:00,15.100000381469727,15.100000381469727,15.100000381469727,15.100000381469727,20000,0.0,0.0,0.0
2025-06-17 04:15:00+00:00,15.100000381469727,15.100000381469727,15.09000015258789,15.09000015258789,71000,0.0,0.0,0.0
2025-06-17 04:20:00+00:00,15.100000381469727,15.100000381469727,15.09000015258789,15.100000381469727,10010,0.0,0.0,0.0
2025-06-17 04:25:00+00:00,15.109999656677246,15.119999885559082,15.109999656677246,15.119999885559082,53547,0.0,0.0,0.0
2025-06-17 04:30:00+00:00,15.119999885559082,15.130000114440918,15.119999885559082,15.130000114440918,300100,0.0,0.0,0.0
2025-06-17 04:35:00+00:00,15.130000114440918,15.130000114440918,15.130000114440918,15.130000114440918,20452,0.0,0.0,0.0
2025-06-17 04:40:00+00:00,15.130000114440918,15.140000343322754,15.130000114440918,15.140000343322754,203000,0.0,0.0,0.0
2025-06-17 04:45:00+00:00,15.140000343322754,15.140000343322754,15.140000343322754,15.140000343322754,58181,0.0,0.0,0.0
2025-06-17 04:50:00+00:00,15.140000343322754,15.140000343322754,15.140000343322754,15.140000343322754,39003,0.0,0.0,0.0
2025-06-17 04:55:00+00:00,15.130000114440918,15.130000114440918,15.119999885559082,15.119999885559082,103300,0.0,0.0,0.0
2025-06-17 05:00:00+00:00,15.109999656677246,15.109999656677246,15.109999656677246,15.109999656677246,1000,0.0,0.0,0.0
2025-06-17 05:05:00+00:00,15.100000381469727,15.100000381469727,15.09000015258789,15.09000015258789,14000,0.0,0.0,0.0
2025-06-17 05:10:00+00:00,15.09000015258789,15.100000381469727,15.09000015258789,15.100000381469727,24047,0.0,0.0,0.0
2025-06-17 05:15:00+00:00,15.100000381469727,15.100000381469727,15.100000381469727,15.100000381469727,1012,0.0,0.0,0.0
2025-06-17 05:20:00+00:00,15.100000381469727,15.100000381469727,15.100000381469727,15.100000381469727,6150,0.0,0.0,0.0
2025-06-18 01:00:00+00:00,15.079999923706055,15.079999923706055,15.079999923706055,15.079999923706055,11000,0.0,0.0,0.0
2025-06-18 01:05:00+00:00,15.039999961853027,15.039999961853027,15.020000457763672,15.020000457763672,182834,0.0,0.0,0.0
2025-06-18 01:10:00+00:00,15.0,15.010000228881836,15.0,15.010000228881836,21451,0.0,0.0,0.0
2025-06-18 01:15:00+00:00,15.010000228881836,15.010000228881836,15.0,15.010000228881836,80810,0.0,0.0,0.0
2025-06-18 01:20:00+00:00,15.0,15.020000457763672,15.0,15.020000457763672,13000,0.0,0.0,0.0
2025-06-18 01:25:00+00:00,15.020000457763672,15.020000457763672,15.010000228881836,15.010000228881836,11395,0.0,0.0,0.0
2025-06-18 01:30:00+00:00,15.010000228881836,15.020000457763672,15.010000228881836,15.020000457763672,12000,0.0,0.0,0.0
2025-06-18 01:35:00+00:00,15.029999732971191,15.039999961853027,15.029999732971191,15.039999961853027,16235,0.0,0.0,0.0
2025-06-18 01:45:00+00:00,15.039999961853027,15.039999961853027,15.039999961853027,15.039999961853027,100050,0.0,0.0,0.0
2025-06-18 01:50:00+00:00,15.039999961853027,15.050000190734863,15.039999961853027,15.050000190734863,277000,0.0,0.0,0.0
2025-06-18 01:55:00+00:00,15.050000190734863,15.0600004196167,15.050000190734863,15.0600004196167,11889,0.0,0.0,0.0
2025-06-18 02:10:00+00:00,15.050000190734863,15.0600004196167,15.050000190734863,15.050000190734863,42195,0.0,0.0,0.0
2025-06-18 02:15:00+00:00,15.050000190734863,15.069999694824219,15.050000190734863,15.069999694824219,6707,0.0,0.0,0.0
2025-06-18 02:20:00+00:00,15.050000190734863,15.069999694824219,15.050000190734863,15.069999694824219,23217,0.0,0.0,0.0
2025-06-18 02:25:00+00:00,15.079999923706055,15.079999923706055,15.0600004196167,15.0600004196167,3333,0.0,0.0,0.0
2025-06-18 02:35:00+00:00,15.079999923706055,15.09000015258789,15.079999923706055,15.09000015258789,53160,0.0,0.0,0.0
2025-06-18 02:40:00+00:00,15.079999923706055,15.079999923706055,15.079999923706055,15.079999923706055,1000,0.0,0.0,0.0
2025-06-18 02:45:00+00:00,15.079999923706055,15.09000015258789,15.079999923706055,15.09000015258789,5002,0.0,0.0,0.0
2025-06-18 02:50:00+00:00,15.100000381469727,15.100000381469727,15.09000015258789,15.09000015258789,60035,0.0,0.0,0.0
2025-06-18 02:55:00+00:00,15.09000015258789,15.09000015258789,15.09000015258789,15.09000015258789,30305,0.0,0.0,0.0
2025-06-18 03:00:00+00:00,15.09000015258789,15.09000015258789,15.09000015258789,15.09000015258789,3100,0.0,0.0,0.0
2025-06-18 03:05:00+00:00,15.079999923706055,15.079999923706055,15.069999694824219,15.069999694824219,5048,0.0,0.0,0.0
2025-06-18 03:10:00+00:00,15.069999694824219,15.069999694824219,15.069999694824219,15.069999694824219,1360,0.0,0.0,0.0
2025-06-18 03:15:00+00:00,15.0600004196167,15.0600004196167,15.0600004196167,15.0600004196167,1150,0.0,0.0,0.0
2025-06-18 03:20:00+00:00,15.069999694824219,15.069999694824219,15.069999694824219,15.069999694824219,12000,0.0,0.0,0.0
2025-06-18 03:25:00+00:00,15.069999694824219,15.079999923706055,15.069999694824219,15.079999923706055,13056,0.0,0.0,0.0
2025-06-18 03:30:00+00:00,15.069999694824219,15.069999694824219,15.069999694824219,15.069999694824219,3624,0.0,0.0,0.0
2025-06-18 03:40:00+00:00,15.069999694824219,15.069999694824219,15.069999694824219,15.069999694824219,2000,0.0,0.0,0.0
2025-06-18 03:45:00+00:00,15.069999694824219,15.069999694824219,15.069999694824219,15.069999694824219,5000,0.0,0.0,0.0
2025-06-18 03:50:00+00:00,15.069999694824219,15.069999694824219,15.069999694824219,15.069999694824219,1890,0.0,0.0,0.0
2025-06-18 03:55:00+00:00,15.069999694824219,15.069999694824219,15.069999694824219,15.069999694824219,1100,0.0,0.0,0.0
2025-06-18 04:00:00+00:00,15.069999694824219,15.069999694824219,15.069999694824219,15.069999694824219,4000,0.0,0.0,0.0
2025-06-18 04:05:00+00:00,15.0600004196167,15.0600004196167,15.0600004196167,15.0600004196167,1000,0.0,0.0,0.0
2025-06-18 04:10:00+00:00,15.0600004196167,15.0600004196167,15.0600004196167,15.0600004196167,218781,0.0,0.0,0.0
2025-06-18 04:15:00+00:00,15.050000190734863,15.050000190734863,15.050000190734863,15.050000190734863,5069,0.0,0.0,0.0
2025-06-18 04:20:00+00:00,15.050000190734863,15.050000190734863,15.050000190734863,15.050000190734863,5525,0.0,0.0,0.0
2025-06-18 04:30:00+00:00,15.039999961853027,15.039999961853027,15.029999732971191,15.029999732971191,5643,0.0,0.0,0.0
2025-06-18 04:35:00+00:00,15.020000457763672,15.020000457763672,15.020000457763672,15.020000457763672,193500,0.0,0.0,0.0
2025-06-18 04:40:00+00:00,15.020000457763672,15.029999732971191,15.020000457763672,15.029999732971191,19240,0.0,0.0,0.0
2025-06-18 04:55:00+00:00,15.039999961853027,15.039999961853027,15.039999961853027,15.039999961853027,13002,0.0,0.0,0.0
2025-06-18 05:00:00+00:00,15.039999961853027,15.050000190734863,15.039999961853027,15.050000190734863,17034,0.0,0.0,0.0
2025-06-18 05:10:00+00:00,15.050000190734863,15.0600004196167,15.050000190734863,15.050000190734863,41122,0.0,0.0,0.0
2025-06-18 05:15:00+00:00,15.039999961853027,15.050000190734863,15.039999961853027,15.039999961853027,31426,0.0,0.0,0.0
2025-06-18 05:20:00+00:00,15.039999961853027,15.050000190734863,15.039999961853027,15.050000190734863,22235,0.0,0.0,0.0
2025-06-19 01:00:00+00:00,15.029999732971191,15.029999732971191,15.010000228881836,15.010000228881836,0,0.0,0.0,0.0
2025-06-19 01:05:00+00:00,15.0,15.0,15.0,15.0,14478,0.0,0.0,0.0
2025-06-19 01:10:00+00:00,15.0,15.0,15.0,15.0,4153,0.0,0.0,0.0
2025-06-19 01:20:00+00:00,14.989999771118164,14.989999771118164,14.989999771118164,14.989999771118164,354391,0.0,0.0,0.0
2025-06-19 01:25:00+00:00,14.989999771118164,14.989999771118164,14.989999771118164,14.989999771118164,140059,0.0,0.0,0.0
2025-06-19 01:30:00+00:00,14.989999771118164,15.0,14.989999771118164,15.0,37110,0.0,0.0,0.0
2025-06-19 01:35:00+00:00,14.989999771118164,14.989999771118164,14.970000267028809,14.970000267028809,674805,0.0,0.0,0.0
2025-06-19 01:40:00+00:00,14.970000267028809,14.979999542236328,14.970000267028809,14.979999542236328,158000,0.0,0.0,0.0
2025-06-19 01:45:00+00:00,14.979999542236328,14.979999542236328,14.960000038146973,14.960000038146973,12012,0.0,0.0,0.0
2025-06-19 01:50:00+00:00,14.960000038146973,14.960000038146973,14.960000038146973,14.960000038146973,16887,0.0,0.0,0.0
2025-06-19 02:00:00+00:00,14.979999542236328,14.979999542236328,14.979999542236328,14.979999542236328,5627,0.0,0.0,0.0
2025-06-19 02:05:00+00:00,14.979999542236328,14.979999542236328,14.979999542236328,14.979999542236328,1343,0.0,0.0,0.0
2025-06-19 02:15:00+00:00,14.979999542236328,14.979999542236328,14.979999542236328,14.979999542236328,2290,0.0,0.0,0.0
2025-06-19 02:20:00+00:00,14.960000038146973,14.970000267028809,14.949999809265137,14.949999809265137,16365,0.0,0.0,0.0
2025-06-19 02:25:00+00:00,14.960000038146973,14.960000038146973,14.9399995803833,14.9399995803833,429000,0.0,0.0,0.0
2025-06-19 02:30:00+00:00,14.970000267028809,14.970000267028809,14.970000267028809,14.970000267028809,2143,0.0,0.0,0.0
2025-06-19 02:35:00+00:00,14.9399995803833,14.9399995803833,14.9399995803833,14.9399995803833,101102,0.0,0.0,0.0
2025-06-19 02:45:00+00:00,14.9399995803833,14.960000038146973,14.9399995803833,14.960000038146973,3590,0.0,0.0,0.0
2025-06-19 02:50:00+00:00,14.949999809265137,14.949999809265137,14.949999809265137,14.949999809265137,7000,0.0,0.0,0.0
2025-06-19 02:55:00+00:00,14.9399995803833,14.9399995803833,14.930000305175781,14.930000305175781,355311,0.0,0.0,0.0
2025-06-19 03:05:00+00:00,14.930000305175781,14.930000305175781,14.930000305175781,14.930000305175781,1050,0.0,0.0,0.0
2025-06-19 03:15:00+00:00,14.930000305175781,14.930000305175781,14.930000305175781,14.930000305175781,10150,0.0,0.0,0.0
2025-06-19 03:20:00+00:00,14.930000305175781,14.930000305175781,14.930000305175781,14.930000305175781,31128,0.0,0.0,0.0
2025-06-19 03:40:00+00:00,14.949999809265137,14.949999809265137,14.949999809265137,14.949999809265137,1000,0.0,0.0,0.0
2025-06-19 03:45:00+00:00,14.9399995803833,14.9399995803833,14.930000305175781,14.930000305175781,26000,0.0,0.0,0.0
2025-06-19 03:50:00+00:00,14.930000305175781,14.930000305175781,14.930000305175781,14.930000305175781,1872,0.0,0.0,0.0
2025-06-19 04:00:00+00:00,14.9399995803833,14.9399995803833,14.9399995803833,14.9399995803833,4000,0.0,0.0,0.0
2025-06-19 04:05:00+00:00,14.9399995803833,14.9399995803833,14.9399995803833,14.9399995803833,1510,0.0,0.0,0.0
2025-06-19 04:15:00+00:00,14.9399995803833,14.9399995803833,14.9399995803833,14.9399995803833,6110,0.0,0.0,0.0
2025-06-19 04:20:00+00:00,14.9399995803833,14.9399995803833,14.9399995803833,14.9399995803833,5000,0.0,0.0,0.0
2025-06-19 04:25:00+00:00,14.9399995803833,14.9399995803833,14.930000305175781,14.930000305175781,6325,0.0,0.0,0.0
2025-06-19 04:30:00+00:00,14.930000305175781,14.930000305175781,14.920000076293945,14.920000076293945,31578,0.0,0.0,0.0
2025-06-19 04:35:00+00:00,14.920000076293945,14.920000076293945,14.920000076293945,14.920000076293945,4252,0.0,0.0,0.0
2025-06-19 04:45:00+00:00,14.930000305175781,14.930000305175781,14.930000305175781,14.930000305175781,4944,0.0,0.0,0.0
2025-06-19 05:00:00+00:00,14.920000076293945,14.920000076293945,14.899999618530273,14.899999618530273,38747,0.0,0.0,0.0
2025-06-19 05:05:00+00:00,14.899999618530273,14.899999618530273,14.899999618530273,14.899999618530273,34033,0.0,0.0,0.0
2025-06-19 05:15:00+00:00,14.920000076293945,14.920000076293945,14.920000076293945,14.920000076293945,1225,0.0,0.0,0.0
2025-06-19 05:20:00+00:00,14.90999984741211,14.90999984741211,14.90999984741211,14.90999984741211,9021,0.0,0.0,0.0
2025-06-20 01:00:00+00:00,14.899999618530273,14.899999618530273,14.899999618530273,14.899999618530273,0,0.0,0.0,0.0
2025-06-20 01:05:00+00:00,14.899999618530273,14.90999984741211,14.880000114440918,14.899999618530273,217000,0.0,0.0,0.0
2025-06-20 01:10:00+00:00,14.880000114440918,14.880000114440918,14.880000114440918,14.880000114440918,2177,0.0,0.0,0.0
2025-06-20 01:15:00+00:00,14.869999885559082,14.869999885559082,14.869999885559082,14.869999885559082,1000,0.0,0.0,0.0
2025-06-20 01:20:00+00:00,14.859999656677246,14.859999656677246,14.84000015258789,14.84000015258789,19986,0.0,0.0,0.0
2025-06-20 01:25:00+00:00,14.829999923706055,14.84000015258789,14.8100004196167,14.8100004196167,11320,0.0,0.0,0.0
2025-06-20 01:30:00+00:00,14.8100004196167,14.819999694824219,14.800000190734863,14.800000190734863,24290,0.0,0.0,0.0
2025-06-20 01:35:00+00:00,14.800000190734863,14.800000190734863,14.779999732971191,14.779999732971191,49318,0.0,0.0,0.0
2025-06-20 01:40:00+00:00,14.770000457763672,14.779999732971191,14.760000228881836,14.760000228881836,38852,0.0,0.0,0.0
2025-06-20 01:45:00+00:00,14.75,14.760000228881836,14.75,14.75,46240,0.0,0.0,0.0
2025-06-20 01:50:00+00:00,14.75,14.760000228881836,14.75,14.75,10354,0.0,0.0,0.0
2025-06-20 01:55:00+00:00,14.75,14.75,14.75,14.75,3150,0.0,0.0,0.0
2025-06-20 02:00:00+00:00,14.75,14.75,14.75,14.75,39000,0.0,0.0,0.0
2025-06-20 02:05:00+00:00,14.760000228881836,14.760000228881836,14.75,14.75,41862,0.0,0.0,0.0
2025-06-20 02:10:00+00:00,14.75,14.75,14.75,14.75,4000,0.0,0.0,0.0
2025-06-20 02:15:00+00:00,14.760000228881836,14.760000228881836,14.760000228881836,14.760000228881836,3000,0.0,0.0,0.0
2025-06-20 02:20:00+00:00,14.760000228881836,14.760000228881836,14.760000228881836,14.760000228881836,2000,0.0,0.0,0.0
2025-06-20 02:25:00+00:00,14.760000228881836,14.760000228881836,14.760000228881836,14.760000228881836,4030,0.0,0.0,0.0
2025-06-20 02:30:00+00:00,14.760000228881836,14.760000228881836,14.75,14.760000228881836,15000,0.0,0.0,0.0
2025-06-20 02:40:00+00:00,14.770000457763672,14.770000457763672,14.770000457763672,14.770000457763672,1000,0.0,0.0,0.0
2025-06-20 02:45:00+00:00,14.770000457763672,14.770000457763672,14.760000228881836,14.770000457763672,12871,0.0,0.0,0.0
2025-06-20 02:55:00+00:00,14.75,14.75,14.75,14.75,173436,0.0,0.0,0.0
2025-06-20 03:00:00+00:00,14.75,14.75,14.75,14.75,2330,0.0,0.0,0.0
2025-06-20 03:10:00+00:00,14.75,14.75,14.739999771118164,14.739999771118164,8546,0.0,0.0,0.0
2025-06-20 03:20:00+00:00,14.739999771118164,14.75,14.739999771118164,14.739999771118164,15775,0.0,0.0,0.0
2025-06-20 03:25:00+00:00,14.75,14.75,14.75,14.75,1000,0.0,0.0,0.0
2025-06-20 03:30:00+00:00,14.760000228881836,14.760000228881836,14.75,14.75,107150,0.0,0.0,0.0
2025-06-20 03:35:00+00:00,14.760000228881836,14.770000457763672,14.760000228881836,14.770000457763672,65550,0.0,0.0,0.0
2025-06-20 03:45:00+00:00,14.770000457763672,14.770000457763672,14.770000457763672,14.770000457763672,2000,0.0,0.0,0.0
2025-06-20 03:50:00+00:00,14.779999732971191,14.779999732971191,14.779999732971191,14.779999732971191,5000,0.0,0.0,0.0
2025-06-20 03:55:00+00:00,14.770000457763672,14.770000457763672,14.770000457763672,14.770000457763672,1010,0.0,0.0,0.0
2025-06-20 04:20:00+00:00,14.770000457763672,14.770000457763672,14.770000457763672,14.770000457763672,6297,0.0,0.0,0.0
2025-06-20 04:30:00+00:00,14.770000457763672,14.770000457763672,14.770000457763672,14.770000457763672,1000,0.0,0.0,0.0
2025-06-20 04:35:00+00:00,14.760000228881836,14.760000228881836,14.760000228881836,14.760000228881836,5000,0.0,0.0,0.0
2025-06-20 04:45:00+00:00,14.760000228881836,14.760000228881836,14.760000228881836,14.760000228881836,3360,0.0,0.0,0.0
2025-06-20 04:50:00+00:00,14.760000228881836,14.770000457763672,14.760000228881836,14.770000457763672,11000,0.0,0.0,0.0
2025-06-20 04:55:00+00:00,14.770000457763672,14.770000457763672,14.770000457763672,14.770000457763672,3222,0.0,0.0,0.0
2025-06-20 05:00:00+00:00,14.760000228881836,14.760000228881836,14.760000228881836,14.760000228881836,1285,0.0,0.0,0.0
2025-06-20 05:05:00+00:00,14.75,14.75,14.75,14.75,10095,0.0,0.0,0.0
2025-06-20 05:10:00+00:00,14.75,14.779999732971191,14.75,14.779999732971191,9584,0.0,0.0,0.0
2025-06-20 05:15:00+00:00,14.760000228881836,14.760000228881836,14.760000228881836,14.760000228881836,3000,0.0,0.0,0.0
2025-06-20 05:20:00+00:00,14.760000228881836,14.760000228881836,14.760000228881836,14.760000228881836,3263,0.0,0.0,0.0
2025-06-23 01:00:00+00:00,14.5600004196167,14.5600004196167,14.510000228881836,14.510000228881836,0,0.0,0.0,0.0
2025-06-23 01:05:00+00:00,14.600000381469727,14.609999656677246,14.600000381469727,14.600000381469727,35192,0.0,0.0,0.0
2025-06-23 01:10:00+00:00,14.609999656677246,14.609999656677246,14.600000381469727,14.600000381469727,17000,0.0,0.0,0.0
2025-06-23 01:15:00+00:00,14.59000015258789,14.59000015258789,14.550000190734863,14.550000190734863,13359,0.0,0.0,0.0
2025-06-23 01:20:00+00:00,14.550000190734863,14.550000190734863,14.539999961853027,14.539999961853027,23219,0.0,0.0,0.0
2025-06-23 01:25:00+00:00,14.529999732971191,14.529999732971191,14.5,14.5,55445,0.0,0.0,0.0
2025-06-23 01:30:00+00:00,14.5,14.520000457763672,14.5,14.520000457763672,81093,0.0,0.0,0.0
2025-06-23 01:35:00+00:00,14.539999961853027,14.539999961853027,14.539999961853027,14.539999961853027,7000,0.0,0.0,0.0
2025-06-23 01:40:00+00:00,14.529999732971191,14.529999732971191,14.529999732971191,14.529999732971191,9318,0.0,0.0,0.0
2025-06-23 01:45:00+00:00,14.539999961853027,14.539999961853027,14.529999732971191,14.529999732971191,4573,0.0,0.0,0.0
2025-06-23 01:50:00+00:00,14.529999732971191,14.550000190734863,14.529999732971191,14.550000190734863,19000,0.0,0.0,0.0
2025-06-23 01:55:00+00:00,14.529999732971191,14.529999732971191,14.520000457763672,14.520000457763672,10411,0.0,0.0,0.0
2025-06-23 02:00:00+00:00,14.550000190734863,14.550000190734863,14.520000457763672,14.520000457763672,4316,0.0,0.0,0.0
2025-06-23 02:05:00+00:00,14.539999961853027,14.539999961853027,14.539999961853027,14.539999961853027,100000,0.0,0.0,0.0
2025-06-23 02:10:00+00:00,14.550000190734863,14.550000190734863,14.550000190734863,14.550000190734863,1000,0.0,0.0,0.0
2025-06-23 02:15:00+00:00,14.550000190734863,14.550000190734863,14.539999961853027,14.539999961853027,19235,0.0,0.0,0.0
2025-06-23 02:20:00+00:00,14.539999961853027,14.550000190734863,14.539999961853027,14.550000190734863,121050,0.0,0.0,0.0
2025-06-23 02:25:00+00:00,14.539999961853027,14.539999961853027,14.539999961853027,14.539999961853027,60067,0.0,0.0,0.0
2025-06-23 02:30:00+00:00,14.5600004196167,14.5600004196167,14.539999961853027,14.539999961853027,33000,0.0,0.0,0.0
2025-06-23 02:35:00+00:00,14.539999961853027,14.539999961853027,14.539999961853027,14.539999961853027,3091,0.0,0.0,0.0
2025-06-23 02:40:00+00:00,14.539999961853027,14.539999961853027,14.539999961853027,14.539999961853027,100300,0.0,0.0,0.0
2025-06-23 02:45:00+00:00,14.5600004196167,14.5600004196167,14.529999732971191,14.529999732971191,10767,0.0,0.0,0.0
2025-06-23 02:50:00+00:00,14.539999961853027,14.539999961853027,14.539999961853027,14.539999961853027,2000,0.0,0.0,0.0
2025-06-23 02:55:00+00:00,14.539999961853027,14.550000190734863,14.539999961853027,14.550000190734863,6500,0.0,0.0,0.0
2025-06-23 03:00:00+00:00,14.550000190734863,14.5600004196167,14.539999961853027,14.539999961853027,7224,0.0,0.0,0.0
2025-06-23 03:10:00+00:00,14.539999961853027,14.539999961853027,14.539999961853027,14.539999961853027,1000,0.0,0.0,0.0
2025-06-23 03:15:00+00:00,14.550000190734863,14.569999694824219,14.539999961853027,14.539999961853027,4000,0.0,0.0,0.0
2025-06-23 03:25:00+00:00,14.579999923706055,14.579999923706055,14.5600004196167,14.5600004196167,32000,0.0,0.0,0.0
2025-06-23 03:30:00+00:00,14.579999923706055,14.579999923706055,14.579999923706055,14.579999923706055,1000,0.0,0.0,0.0
2025-06-23 03:40:00+00:00,14.579999923706055,14.579999923706055,14.579999923706055,14.579999923706055,7095,0.0,0.0,0.0
2025-06-23 03:45:00+00:00,14.59000015258789,14.59000015258789,14.569999694824219,14.569999694824219,5008,0.0,0.0,0.0
2025-06-23 03:50:00+00:00,14.569999694824219,14.569999694824219,14.569999694824219,14.569999694824219,1590,0.0,0.0,0.0
2025-06-23 04:00:00+00:00,14.569999694824219,14.569999694824219,14.569999694824219,14.569999694824219,2018,0.0,0.0,0.0
2025-06-23 04:10:00+00:00,14.569999694824219,14.569999694824219,14.569999694824219,14.569999694824219,1000,0.0,0.0,0.0
2025-06-23 04:15:00+00:00,14.579999923706055,14.579999923706055,14.579999923706055,14.579999923706055,84198,0.0,0.0,0.0
2025-06-23 04:20:00+00:00,14.579999923706055,14.579999923706055,14.579999923706055,14.579999923706055,10343,0.0,0.0,0.0
2025-06-23 04:25:00+00:00,14.579999923706055,14.59000015258789,14.579999923706055,14.59000015258789,3250,0.0,0.0,0.0
2025-06-23 04:30:00+00:00,14.59000015258789,14.59000015258789,14.59000015258789,14.59000015258789,6145,0.0,0.0,0.0
2025-06-23 04:35:00+00:00,14.59000015258789,14.59000015258789,14.579999923706055,14.579999923706055,7210,0.0,0.0,0.0
2025-06-23 04:40:00+00:00,14.569999694824219,14.569999694824219,14.569999694824219,14.569999694824219,3500,0.0,0.0,0.0
2025-06-23 04:45:00+00:00,14.569999694824219,14.59000015258789,14.569999694824219,14.59000015258789,6100,0.0,0.0,0.0
2025-06-23 04:50:00+00:00,14.579999923706055,14.579999923706055,14.579999923706055,14.579999923706055,25208,0.0,0.0,0.0
2025-06-23 04:55:00+00:00,14.579999923706055,14.579999923706055,14.579999923706055,14.579999923706055,2100,0.0,0.0,0.0
2025-06-23 05:00:00+00:00,14.600000381469727,14.600000381469727,14.600000381469727,14.600000381469727,7104,0.0,0.0,0.0
2025-06-23 05:05:00+00:00,14.600000381469727,14.600000381469727,14.600000381469727,14.600000381469727,2141,0.0,0.0,0.0
2025-06-23 05:10:00+00:00,14.59000015258789,14.59000015258789,14.59000015258789,14.59000015258789,1500,0.0,0.0,0.0
2025-06-23 05:15:00+00:00,14.59000015258789,14.609999656677246,14.59000015258789,14.600000381469727,36000,0.0,0.0,0.0
2025-06-23 05:20:00+00:00,14.600000381469727,14.600000381469727,14.600000381469727,14.600000381469727,1309,0.0,0.0,0.0
2025-06-24 01:00:00+00:00,14.770000457763672,14.770000457763672,14.770000457763672,14.770000457763672,0,0.011,0.0,0.0
2025-06-24 01:05:00+00:00,14.770000457763672,14.800000190734863,14.760000228881836,14.800000190734863,23097,0.0,0.0,0.0
2025-06-24 01:15:00+00:00,14.800000190734863,14.819999694824219,14.800000190734863,14.819999694824219,64700,0.0,0.0,0.0
2025-06-24 01:20:00+00:00,14.819999694824219,14.819999694824219,14.819999694824219,14.819999694824219,6047,0.0,0.0,0.0
2025-06-24 01:25:00+00:00,14.789999961853027,14.789999961853027,14.789999961853027,14.789999961853027,1100,0.0,0.0,0.0
2025-06-24 01:30:00+00:00,14.789999961853027,14.789999961853027,14.789999961853027,14.789999961853027,2002,0.0,0.0,0.0
2025-06-24 01:35:00+00:00,14.770000457763672,14.779999732971191,14.770000457763672,14.779999732971191,11020,0.0,0.0,0.0
2025-06-24 01:40:00+00:00,14.779999732971191,14.789999961853027,14.779999732971191,14.789999961853027,15027,0.0,0.0,0.0
2025-06-24 01:50:00+00:00,14.789999961853027,14.789999961853027,14.789999961853027,14.789999961853027,1000,0.0,0.0,0.0
2025-06-24 01:55:00+00:00,14.789999961853027,14.789999961853027,14.789999961853027,14.789999961853027,4310,0.0,0.0,0.0
2025-06-24 02:00:00+00:00,14.779999732971191,14.779999732971191,14.779999732971191,14.779999732971191,16000,0.0,0.0,0.0
2025-06-24 02:05:00+00:00,14.779999732971191,14.779999732971191,14.760000228881836,14.760000228881836,103397,0.0,0.0,0.0
2025-06-24 02:15:00+00:00,14.770000457763672,14.770000457763672,14.770000457763672,14.770000457763672,2545,0.0,0.0,0.0
2025-06-24 02:30:00+00:00,14.770000457763672,14.779999732971191,14.770000457763672,14.779999732971191,62261,0.0,0.0,0.0
2025-06-24 02:40:00+00:00,14.770000457763672,14.770000457763672,14.760000228881836,14.760000228881836,23500,0.0,0.0,0.0
2025-06-24 02:45:00+00:00,14.760000228881836,14.760000228881836,14.760000228881836,14.760000228881836,15216,0.0,0.0,0.0
2025-06-24 02:50:00+00:00,14.75,14.75,14.75,14.75,5000,0.0,0.0,0.0
2025-06-24 02:55:00+00:00,14.75,14.75,14.75,14.75,20165,0.0,0.0,0.0
2025-06-24 03:00:00+00:00,14.75,14.760000228881836,14.75,14.760000228881836,66135,0.0,0.0,0.0
2025-06-24 03:10:00+00:00,14.770000457763672,14.770000457763672,14.770000457763672,14.770000457763672,12358,0.0,0.0,0.0
2025-06-24 03:20:00+00:00,14.770000457763672,14.779999732971191,14.770000457763672,14.779999732971191,106096,0.0,0.0,0.0
2025-06-24 03:25:00+00:00,14.779999732971191,14.779999732971191,14.779999732971191,14.779999732971191,8500,0.0,0.0,0.0
2025-06-24 03:30:00+00:00,14.779999732971191,14.800000190734863,14.779999732971191,14.800000190734863,80598,0.0,0.0,0.0
2025-06-24 03:35:00+00:00,14.8100004196167,14.8100004196167,14.8100004196167,14.8100004196167,2015,0.0,0.0,0.0
2025-06-24 03:40:00+00:00,14.779999732971191,14.779999732971191,14.779999732971191,14.779999732971191,10000,0.0,0.0,0.0
2025-06-24 03:45:00+00:00,14.779999732971191,14.779999732971191,14.779999732971191,14.779999732971191,1000,0.0,0.0,0.0
2025-06-24 03:50:00+00:00,14.779999732971191,14.779999732971191,14.770000457763672,14.770000457763672,4967,0.0,0.0,0.0
2025-06-24 04:00:00+00:00,14.779999732971191,14.779999732971191,14.779999732971191,14.779999732971191,10000,0.0,0.0,0.0
2025-06-24 04:05:00+00:00,14.770000457763672,14.770000457763672,14.760000228881836,14.760000228881836,4000,0.0,0.0,0.0
2025-06-24 04:10:00+00:00,14.760000228881836,14.760000228881836,14.760000228881836,14.760000228881836,4100,0.0,0.0,0.0
2025-06-24 04:15:00+00:00,14.760000228881836,14.760000228881836,14.760000228881836,14.760000228881836,100085,0.0,0.0,0.0
2025-06-24 04:20:00+00:00,14.760000228881836,14.760000228881836,14.760000228881836,14.760000228881836,5000,0.0,0.0,0.0
2025-06-24 04:25:00+00:00,14.75,14.760000228881836,14.75,14.760000228881836,21065,0.0,0.0,0.0
2025-06-24 04:35:00+00:00,14.770000457763672,14.770000457763672,14.760000228881836,14.760000228881836,60000,0.0,0.0,0.0
2025-06-24 04:40:00+00:00,14.770000457763672,14.779999732971191,14.770000457763672,14.779999732971191,20507,0.0,0.0,0.0
2025-06-24 04:45:00+00:00,14.779999732971191,14.779999732971191,14.779999732971191,14.779999732971191,1988,0.0,0.0,0.0
2025-06-24 04:50:00+00:00,14.779999732971191,14.789999961853027,14.770000457763672,14.789999961853027,31050,0.0,0.0,0.0
2025-06-24 04:55:00+00:00,14.779999732971191,14.779999732971191,14.779999732971191,14.779999732971191,5733,0.0,0.0,0.0
2025-06-24 05:00:00+00:00,14.789999961853027,14.789999961853027,14.789999961853027,14.789999961853027,9177,0.0,0.0,0.0
2025-06-24 05:10:00+00:00,14.779999732971191,14.779999732971191,14.779999732971191,14.779999732971191,1046,0.0,0.0,0.0
2025-06-24 05:15:00+00:00,14.779999732971191,14.779999732971191,14.779999732971191,14.779999732971191,7094,0.0,0.0,0.0
2025-06-24 05:20:00+00:00,14.789999961853027,14.789999961853027,14.779999732971191,14.779999732971191,6000,0.0,0.0,0.0
2025-06-25 01:00:00+00:00,14.800000190734863,14.84000015258789,14.800000190734863,14.819999694824219,718000,0.0,0.0,0.0
2025-06-25 01:05:00+00:00,14.819999694824219,14.819999694824219,14.8100004196167,14.8100004196167,135000,0.0,0.0,0.0
2025-06-25 01:10:00+00:00,14.789999961853027,14.789999961853027,14.789999961853027,14.789999961853027,64665,0.0,0.0,0.0
2025-06-25 01:15:00+00:00,14.789999961853027,14.789999961853027,14.789999961853027,14.789999961853027,53574,0.0,0.0,0.0
2025-06-25 01:25:00+00:00,14.779999732971191,14.779999732971191,14.770000457763672,14.770000457763672,106950,0.0,0.0,0.0
2025-06-25 01:30:00+00:00,14.770000457763672,14.770000457763672,14.770000457763672,14.770000457763672,21533,0.0,0.0,0.0
2025-06-25 01:35:00+00:00,14.789999961853027,14.819999694824219,14.789999961853027,14.819999694824219,79340,0.0,0.0,0.0
2025-06-25 01:40:00+00:00,14.8100004196167,14.8100004196167,14.8100004196167,14.8100004196167,1000,0.0,0.0,0.0
2025-06-25 01:45:00+00:00,14.800000190734863,14.800000190734863,14.800000190734863,14.800000190734863,3305,0.0,0.0,0.0
2025-06-25 01:50:00+00:00,14.800000190734863,14.800000190734863,14.800000190734863,14.800000190734863,1010,0.0,0.0,0.0
2025-06-25 02:00:00+00:00,14.800000190734863,14.800000190734863,14.789999961853027,14.789999961853027,2000,0.0,0.0,0.0
2025-06-25 02:05:00+00:00,14.789999961853027,14.789999961853027,14.789999961853027,14.789999961853027,8000,0.0,0.0,0.0
2025-06-25 02:10:00+00:00,14.800000190734863,14.800000190734863,14.800000190734863,14.800000190734863,3250,0.0,0.0,0.0
2025-06-25 02:15:00+00:00,14.800000190734863,14.800000190734863,14.800000190734863,14.800000190734863,39150,0.0,0.0,0.0
2025-06-25 02:20:00+00:00,14.789999961853027,14.789999961853027,14.789999961853027,14.789999961853027,2468,0.0,0.0,0.0
2025-06-25 02:25:00+00:00,14.779999732971191,14.779999732971191,14.779999732971191,14.779999732971191,30000,0.0,0.0,0.0
2025-06-25 02:30:00+00:00,14.779999732971191,14.779999732971191,14.770000457763672,14.770000457763672,24000,0.0,0.0,0.0
2025-06-25 02:35:00+00:00,14.779999732971191,14.779999732971191,14.779999732971191,14.779999732971191,11000,0.0,0.0,0.0
2025-06-25 02:40:00+00:00,14.789999961853027,14.789999961853027,14.779999732971191,14.779999732971191,7005,0.0,0.0,0.0
2025-06-25 02:45:00+00:00,14.779999732971191,14.789999961853027,14.779999732971191,14.779999732971191,29102,0.0,0.0,0.0
2025-06-25 02:55:00+00:00,14.779999732971191,14.779999732971191,14.779999732971191,14.779999732971191,5139,0.0,0.0,0.0
2025-06-25 03:00:00+00:00,14.789999961853027,14.789999961853027,14.789999961853027,14.789999961853027,5000,0.0,0.0,0.0
2025-06-25 03:05:00+00:00,14.800000190734863,14.800000190734863,14.800000190734863,14.800000190734863,11049,0.0,0.0,0.0
2025-06-25 03:10:00+00:00,14.800000190734863,14.800000190734863,14.800000190734863,14.800000190734863,21094,0.0,0.0,0.0
2025-06-25 03:15:00+00:00,14.800000190734863,14.800000190734863,14.800000190734863,14.800000190734863,8200,0.0,0.0,0.0
2025-06-25 03:20:00+00:00,14.800000190734863,14.8100004196167,14.800000190734863,14.8100004196167,62500,0.0,0.0,0.0
2025-06-25 03:30:00+00:00,14.8100004196167,14.8100004196167,14.8100004196167,14.8100004196167,2060,0.0,0.0,0.0
2025-06-25 03:35:00+00:00,14.8100004196167,14.8100004196167,14.8100004196167,14.8100004196167,15844,0.0,0.0,0.0
2025-06-25 03:40:00+00:00,14.8100004196167,14.819999694824219,14.8100004196167,14.819999694824219,85020,0.0,0.0,0.0
2025-06-25 03:45:00+00:00,14.8100004196167,14.8100004196167,14.8100004196167,14.8100004196167,100000,0.0,0.0,0.0
2025-06-25 03:55:00+00:00,14.8100004196167,14.8100004196167,14.8100004196167,14.8100004196167,3000,0.0,0.0,0.0
2025-06-25 04:00:00+00:00,14.8100004196167,14.8100004196167,14.8100004196167,14.8100004196167,107000,0.0,0.0,0.0
2025-06-25 04:15:00+00:00,14.8100004196167,14.8100004196167,14.8100004196167,14.8100004196167,37200,0.0,0.0,0.0
2025-06-25 04:20:00+00:00,14.8100004196167,14.8100004196167,14.8100004196167,14.8100004196167,5100,0.0,0.0,0.0
2025-06-25 04:35:00+00:00,14.8100004196167,14.8100004196167,14.8100004196167,14.8100004196167,3000,0.0,0.0,0.0
2025-06-25 04:40:00+00:00,14.8100004196167,14.8100004196167,14.8100004196167,14.8100004196167,7806,0.0,0.0,0.0
2025-06-25 04:45:00+00:00,14.8100004196167,14.8100004196167,14.8100004196167,14.8100004196167,8660,0.0,0.0,0.0
2025-06-25 04:50:00+00:00,14.8100004196167,14.8100004196167,14.800000190734863,14.8100004196167,5000,0.0,0.0,0.0
2025-06-25 04:55:00+00:00,14.819999694824219,14.819999694824219,14.819999694824219,14.819999694824219,50183,0.0,0.0,0.0
2025-06-25 05:00:00+00:00,14.819999694824219,14.829999923706055,14.819999694824219,14.819999694824219,103000,0.0,0.0,0.0
2025-06-25 05:05:00+00:00,14.819999694824219,14.819999694824219,14.819999694824219,14.819999694824219,4460,0.0,0.0,0.0
2025-06-25 05:15:00+00:00,14.829999923706055,14.829999923706055,14.8100004196167,14.8100004196167,0,0.0,0.0,0.0
2025-06-25 05:20:00+00:00,14.8100004196167,14.8100004196167,14.8100004196167,14.8100004196167,2203480,0.0,0.0,0.0
2025-06-26 01:00:00+00:00,14.8100004196167,14.8100004196167,14.8100004196167,14.8100004196167,0,0.0,0.0,0.0
2025-06-26 01:05:00+00:00,14.8100004196167,14.819999694824219,14.8100004196167,14.819999694824219,25917,0.0,0.0,0.0
2025-06-26 01:10:00+00:00,14.819999694824219,14.829999923706055,14.819999694824219,14.829999923706055,31162,0.0,0.0,0.0
2025-06-26 01:15:00+00:00,14.84000015258789,14.84000015258789,14.829999923706055,14.829999923706055,21000,0.0,0.0,0.0
2025-06-26 01:20:00+00:00,14.829999923706055,14.829999923706055,14.829999923706055,14.829999923706055,6020,0.0,0.0,0.0
2025-06-26 01:25:00+00:00,14.84000015258789,14.84000015258789,14.84000015258789,14.84000015258789,53149,0.0,0.0,0.0
2025-06-26 01:30:00+00:00,14.850000381469727,14.850000381469727,14.850000381469727,14.850000381469727,2344,0.0,0.0,0.0
2025-06-26 01:35:00+00:00,14.84000015258789,14.850000381469727,14.84000015258789,14.850000381469727,53000,0.0,0.0,0.0
2025-06-26 01:45:00+00:00,14.850000381469727,14.850000381469727,14.829999923706055,14.84000015258789,26254,0.0,0.0,0.0
2025-06-26 01:55:00+00:00,14.84000015258789,14.84000015258789,14.84000015258789,14.84000015258789,11130,0.0,0.0,0.0
2025-06-26 02:00:00+00:00,14.850000381469727,14.850000381469727,14.84000015258789,14.850000381469727,56102,0.0,0.0,0.0
2025-06-26 02:05:00+00:00,14.859999656677246,14.899999618530273,14.859999656677246,14.899999618530273,106460,0.0,0.0,0.0
2025-06-26 02:10:00+00:00,14.90999984741211,14.930000305175781,14.90999984741211,14.930000305175781,33203,0.0,0.0,0.0
2025-06-26 02:15:00+00:00,14.949999809265137,14.949999809265137,14.930000305175781,14.930000305175781,9133,0.0,0.0,0.0
2025-06-26 02:20:00+00:00,14.90999984741211,14.90999984741211,14.90999984741211,14.90999984741211,58800,0.0,0.0,0.0
2025-06-26 02:25:00+00:00,14.90999984741211,14.90999984741211,14.90999984741211,14.90999984741211,2031,0.0,0.0,0.0
2025-06-26 02:30:00+00:00,14.920000076293945,14.920000076293945,14.920000076293945,14.920000076293945,2100,0.0,0.0,0.0
2025-06-26 02:35:00+00:00,14.899999618530273,14.899999618530273,14.899999618530273,14.899999618530273,108081,0.0,0.0,0.0
2025-06-26 02:45:00+00:00,14.90999984741211,14.90999984741211,14.90999984741211,14.90999984741211,2661,0.0,0.0,0.0
2025-06-26 02:55:00+00:00,14.899999618530273,14.899999618530273,14.899999618530273,14.899999618530273,205000,0.0,0.0,0.0
2025-06-26 03:00:00+00:00,14.890000343322754,14.920000076293945,14.890000343322754,14.90999984741211,625131,0.0,0.0,0.0
2025-06-26 03:15:00+00:00,14.90999984741211,14.90999984741211,14.880000114440918,14.880000114440918,17195,0.0,0.0,0.0
2025-06-26 03:20:00+00:00,14.880000114440918,14.880000114440918,14.880000114440918,14.880000114440918,2031,0.0,0.0,0.0
2025-06-26 03:30:00+00:00,14.880000114440918,14.880000114440918,14.880000114440918,14.880000114440918,10384,0.0,0.0,0.0
2025-06-26 03:40:00+00:00,14.880000114440918,14.880000114440918,14.880000114440918,14.880000114440918,14272,0.0,0.0,0.0
2025-06-26 03:55:00+00:00,14.869999885559082,14.869999885559082,14.869999885559082,14.869999885559082,100124,0.0,0.0,0.0
2025-06-26 04:05:00+00:00,14.859999656677246,14.869999885559082,14.859999656677246,14.869999885559082,60301,0.0,0.0,0.0
2025-06-26 04:20:00+00:00,14.869999885559082,14.880000114440918,14.869999885559082,14.880000114440918,34061,0.0,0.0,0.0
2025-06-26 04:25:00+00:00,14.869999885559082,14.869999885559082,14.869999885559082,14.869999885559082,12171,0.0,0.0,0.0
2025-06-26 04:35:00+00:00,14.869999885559082,14.880000114440918,14.869999885559082,14.869999885559082,48330,0.0,0.0,0.0
2025-06-26 04:40:00+00:00,14.850000381469727,14.850000381469727,14.850000381469727,14.850000381469727,2100,0.0,0.0,0.0
2025-06-26 04:45:00+00:00,14.850000381469727,14.850000381469727,14.850000381469727,14.850000381469727,1131,0.0,0.0,0.0
2025-06-26 04:50:00+00:00,14.850000381469727,14.850000381469727,14.850000381469727,14.850000381469727,4100,0.0,0.0,0.0
2025-06-26 04:55:00+00:00,14.859999656677246,14.859999656677246,14.850000381469727,14.850000381469727,25164,0.0,0.0,0.0
2025-06-26 05:05:00+00:00,14.84000015258789,14.84000015258789,14.84000015258789,14.84000015258789,207323,0.0,0.0,0.0
2025-06-26 05:15:00+00:00,14.829999923706055,14.829999923706055,14.819999694824219,14.819999694824219,13300,0.0,0.0,0.0
2025-06-26 05:20:00+00:00,14.819999694824219,14.819999694824219,14.819999694824219,14.819999694824219,3400,0.0,0.0,0.0
2025-06-27 01:00:00+00:00,14.90999984741211,14.9399995803833,14.90999984741211,14.90999984741211,0,0.0,0.0,0.0
2025-06-27 01:05:00+00:00,14.90999984741211,14.90999984741211,14.890000343322754,14.899999618530273,14850,0.0,0.0,0.0
2025-06-27 01:10:00+00:00,14.899999618530273,14.949999809265137,14.899999618530273,14.949999809265137,29020,0.0,0.0,0.0
2025-06-27 01:15:00+00:00,14.949999809265137,14.949999809265137,14.949999809265137,14.949999809265137,3000,0.0,0.0,0.0
2025-06-27 01:20:00+00:00,14.920000076293945,14.920000076293945,14.920000076293945,14.920000076293945,10000,0.0,0.0,0.0
2025-06-27 01:25:00+00:00,14.920000076293945,14.930000305175781,14.920000076293945,14.930000305175781,23180,0.0,0.0,0.0
2025-06-27 01:30:00+00:00,14.899999618530273,14.899999618530273,14.899999618530273,14.899999618530273,100000,0.0,0.0,0.0
2025-06-27 01:50:00+00:00,14.869999885559082,14.869999885559082,14.869999885559082,14.869999885559082,3744,0.0,0.0,0.0
2025-06-27 01:55:00+00:00,14.859999656677246,14.859999656677246,14.850000381469727,14.859999656677246,39563,0.0,0.0,0.0
2025-06-27 02:10:00+00:00,14.859999656677246,14.859999656677246,14.859999656677246,14.859999656677246,15536,0.0,0.0,0.0
2025-06-27 02:15:00+00:00,14.869999885559082,14.869999885559082,14.869999885559082,14.869999885559082,17700,0.0,0.0,0.0
2025-06-27 02:20:00+00:00,14.880000114440918,14.880000114440918,14.880000114440918,14.880000114440918,4000,0.0,0.0,0.0
2025-06-27 02:25:00+00:00,14.880000114440918,14.880000114440918,14.880000114440918,14.880000114440918,26021,0.0,0.0,0.0
2025-06-27 02:35:00+00:00,14.880000114440918,14.880000114440918,14.880000114440918,14.880000114440918,100025,0.0,0.0,0.0
2025-06-27 02:40:00+00:00,14.880000114440918,14.890000343322754,14.880000114440918,14.890000343322754,41000,0.0,0.0,0.0
2025-06-27 02:50:00+00:00,14.899999618530273,14.90999984741211,14.899999618530273,14.90999984741211,54342,0.0,0.0,0.0
2025-06-27 02:55:00+00:00,14.890000343322754,14.90999984741211,14.890000343322754,14.90999984741211,2040,0.0,0.0,0.0
2025-06-27 03:05:00+00:00,14.90999984741211,14.90999984741211,14.90999984741211,14.90999984741211,6250,0.0,0.0,0.0
2025-06-27 03:15:00+00:00,14.90999984741211,14.90999984741211,14.90999984741211,14.90999984741211,7000,0.0,0.0,0.0
2025-06-27 03:20:00+00:00,14.90999984741211,14.90999984741211,14.90999984741211,14.90999984741211,1000,0.0,0.0,0.0
2025-06-27 03:25:00+00:00,14.90999984741211,14.90999984741211,14.90999984741211,14.90999984741211,1141,0.0,0.0,0.0
2025-06-27 03:40:00+00:00,14.899999618530273,14.899999618530273,14.899999618530273,14.899999618530273,7000,0.0,0.0,0.0
2025-06-27 03:45:00+00:00,14.899999618530273,14.899999618530273,14.899999618530273,14.899999618530273,6000,0.0,0.0,0.0
2025-06-27 03:50:00+00:00,14.899999618530273,14.899999618530273,14.899999618530273,14.899999618530273,5000,0.0,0.0,0.0
2025-06-27 04:00:00+00:00,14.899999618530273,14.899999618530273,14.899999618530273,14.899999618530273,7203,0.0,0.0,0.0
2025-06-27 04:05:00+00:00,14.899999618530273,14.899999618530273,14.899999618530273,14.899999618530273,21000,0.0,0.0,0.0
2025-06-27 04:15:00+00:00,14.899999618530273,14.899999618530273,14.899999618530273,14.899999618530273,32555,0.0,0.0,0.0
2025-06-27 04:20:00+00:00,14.90999984741211,14.90999984741211,14.90999984741211,14.90999984741211,26080,0.0,0.0,0.0
2025-06-27 04:25:00+00:00,14.90999984741211,14.90999984741211,14.90999984741211,14.90999984741211,6000,0.0,0.0,0.0
2025-06-27 04:30:00+00:00,14.920000076293945,14.920000076293945,14.90999984741211,14.920000076293945,68000,0.0,0.0,0.0
2025-06-27 04:35:00+00:00,14.920000076293945,14.920000076293945,14.920000076293945,14.920000076293945,2180,0.0,0.0,0.0
2025-06-27 04:40:00+00:00,14.920000076293945,14.920000076293945,14.920000076293945,14.920000076293945,4000,0.0,0.0,0.0
2025-06-27 04:45:00+00:00,14.920000076293945,14.920000076293945,14.920000076293945,14.920000076293945,10000,0.0,0.0,0.0
2025-06-27 04:50:00+00:00,14.920000076293945,14.920000076293945,14.920000076293945,14.920000076293945,7080,0.0,0.0,0.0
2025-06-27 04:55:00+00:00,14.920000076293945,14.920000076293945,14.920000076293945,14.920000076293945,1000,0.0,0.0,0.0
2025-06-27 05:00:00+00:00,14.920000076293945,14.920000076293945,14.920000076293945,14.920000076293945,16000,0.0,0.0,0.0
2025-06-27 05:05:00+00:00,14.920000076293945,14.920000076293945,14.920000076293945,14.920000076293945,9300,0.0,0.0,0.0
2025-06-27 05:10:00+00:00,14.920000076293945,14.920000076293945,14.920000076293945,14.920000076293945,33000,0.0,0.0,0.0
2025-06-27 05:15:00+00:00,14.920000076293945,14.920000076293945,14.920000076293945,14.920000076293945,2135,0.0,0.0,0.0
2025-06-27 05:20:00+00:00,14.930000305175781,14.930000305175781,14.90999984741211,14.930000305175781,8100,0.0,0.0,0.0
2025-06-30 01:00:00+00:00,14.920000076293945,14.920000076293945,14.890000343322754,14.890000343322754,0,0.0,0.0,0.0
2025-06-30 01:05:00+00:00,14.859999656677246,14.859999656677246,14.859999656677246,14.859999656677246,39445,0.0,0.0,0.0
2025-06-30 01:10:00+00:00,14.869999885559082,14.869999885559082,14.859999656677246,14.859999656677246,3010,0.0,0.0,0.0
2025-06-30 01:15:00+00:00,14.859999656677246,14.859999656677246,14.84000015258789,14.84000015258789,103250,0.0,0.0,0.0
2025-06-30 01:20:00+00:00,14.84000015258789,14.84000015258789,14.829999923706055,14.84000015258789,11407,0.0,0.0,0.0
2025-06-30 01:25:00+00:00,14.84000015258789,14.84000015258789,14.84000015258789,14.84000015258789,10000,0.0,0.0,0.0
2025-06-30 01:30:00+00:00,14.859999656677246,14.859999656677246,14.84000015258789,14.84000015258789,23052,0.0,0.0,0.0
2025-06-30 01:40:00+00:00,14.859999656677246,14.859999656677246,14.850000381469727,14.850000381469727,3000,0.0,0.0,0.0
2025-06-30 01:45:00+00:00,14.869999885559082,14.869999885559082,14.869999885559082,14.869999885559082,4100,0.0,0.0,0.0
2025-06-30 01:50:00+00:00,14.869999885559082,14.869999885559082,14.859999656677246,14.859999656677246,5037,0.0,0.0,0.0
2025-06-30 01:55:00+00:00,14.869999885559082,14.869999885559082,14.859999656677246,14.859999656677246,13290,0.0,0.0,0.0
2025-06-30 02:00:00+00:00,14.869999885559082,14.869999885559082,14.859999656677246,14.859999656677246,46215,0.0,0.0,0.0
2025-06-30 02:10:00+00:00,14.859999656677246,14.859999656677246,14.859999656677246,14.859999656677246,1000,0.0,0.0,0.0
2025-06-30 02:15:00+00:00,14.859999656677246,14.859999656677246,14.859999656677246,14.859999656677246,18022,0.0,0.0,0.0
2025-06-30 02:20:00+00:00,14.869999885559082,14.869999885559082,14.869999885559082,14.869999885559082,25250,0.0,0.0,0.0
2025-06-30 02:30:00+00:00,14.869999885559082,14.869999885559082,14.869999885559082,14.869999885559082,2222,0.0,0.0,0.0
2025-06-30 02:45:00+00:00,14.859999656677246,14.859999656677246,14.850000381469727,14.850000381469727,4830,0.0,0.0,0.0
2025-06-30 02:50:00+00:00,14.850000381469727,14.850000381469727,14.850000381469727,14.850000381469727,16226,0.0,0.0,0.0
2025-06-30 03:00:00+00:00,14.850000381469727,14.850000381469727,14.850000381469727,14.850000381469727,2020,0.0,0.0,0.0
2025-06-30 03:05:00+00:00,14.84000015258789,14.84000015258789,14.84000015258789,14.84000015258789,10770,0.0,0.0,0.0
2025-06-30 03:25:00+00:00,14.84000015258789,14.84000015258789,14.84000015258789,14.84000015258789,5300,0.0,0.0,0.0
2025-06-30 03:30:00+00:00,14.850000381469727,14.850000381469727,14.850000381469727,14.850000381469727,5753,0.0,0.0,0.0
2025-06-30 04:00:00+00:00,14.850000381469727,14.850000381469727,14.850000381469727,14.850000381469727,2000,0.0,0.0,0.0
2025-06-30 04:05:00+00:00,14.84000015258789,14.84000015258789,14.84000015258789,14.84000015258789,2200,0.0,0.0,0.0
2025-06-30 04:15:00+00:00,14.850000381469727,14.850000381469727,14.84000015258789,14.84000015258789,43266,0.0,0.0,0.0
2025-06-30 04:20:00+00:00,14.84000015258789,14.84000015258789,14.84000015258789,14.84000015258789,1374,0.0,0.0,0.0
2025-06-30 04:25:00+00:00,14.84000015258789,14.84000015258789,14.84000015258789,14.84000015258789,1145,0.0,0.0,0.0
2025-06-30 04:30:00+00:00,14.84000015258789,14.84000015258789,14.84000015258789,14.84000015258789,1100,0.0,0.0,0.0
2025-06-30 04:35:00+00:00,14.84000015258789,14.84000015258789,14.84000015258789,14.84000015258789,5506,0.0,0.0,0.0
2025-06-30 04:40:00+00:00,14.84000015258789,14.84000015258789,14.829999923706055,14.829999923706055,5127,0.0,0.0,0.0
2025-06-30 04:45:00+00:00,14.84000015258789,14.84000015258789,14.84000015258789,14.84000015258789,1200,0.0,0.0,0.0
2025-06-30 04:50:00+00:00,14.850000381469727,14.850000381469727,14.84000015258789,14.84000015258789,7142,0.0,0.0,0.0
2025-06-30 04:55:00+00:00,14.84000015258789,14.84000015258789,14.84000015258789,14.84000015258789,2017,0.0,0.0,0.0
2025-06-30 05:00:00+00:00,14.84000015258789,14.84000015258789,14.829999923706055,14.829999923706055,14000,0.0,0.0,0.0
2025-06-30 05:05:00+00:00,14.819999694824219,14.819999694824219,14.819999694824219,14.819999694824219,1202,0.0,0.0,0.0
2025-06-30 05:10:00+00:00,14.819999694824219,14.819999694824219,14.819999694824219,14.819999694824219,103239,0.0,0.0,0.0
2025-06-30 05:15:00+00:00,14.819999694824219,14.819999694824219,14.819999694824219,14.819999694824219,3000,0.0,0.0,0.0
2025-06-30 05:20:00+00:00,14.819999694824219,14.819999694824219,14.8100004196167,14.8100004196167,100741,0.0,0.0,0.0
2025-07-01 01:00:00+00:00,14.859999656677246,14.880000114440918,14.859999656677246,14.880000114440918,0,0.0,0.0,0.0
2025-07-01 01:05:00+00:00,14.899999618530273,14.920000076293945,14.899999618530273,14.920000076293945,47863,0.0,0.0,0.0
2025-07-01 01:10:00+00:00,14.920000076293945,14.920000076293945,14.920000076293945,14.920000076293945,8389,0.0,0.0,0.0
2025-07-01 01:15:00+00:00,14.930000305175781,14.930000305175781,14.899999618530273,14.899999618530273,30015,0.0,0.0,0.0
2025-07-01 01:20:00+00:00,14.930000305175781,14.9399995803833,14.90999984741211,14.9399995803833,111132,0.0,0.0,0.0
2025-07-01 01:30:00+00:00,14.920000076293945,14.9399995803833,14.920000076293945,14.9399995803833,87200,0.0,0.0,0.0
2025-07-01 01:35:00+00:00,14.949999809265137,14.970000267028809,14.9399995803833,14.970000267028809,131397,0.0,0.0,0.0
2025-07-01 01:40:00+00:00,14.970000267028809,14.989999771118164,14.970000267028809,14.989999771118164,41967,0.0,0.0,0.0
2025-07-01 01:45:00+00:00,15.0,15.010000228881836,15.0,15.0,116695,0.0,0.0,0.0
2025-07-01 01:50:00+00:00,15.0,15.0,14.979999542236328,15.0,23100,0.0,0.0,0.0
2025-07-01 01:55:00+00:00,15.0,15.010000228881836,15.0,15.010000228881836,25720,0.0,0.0,0.0
2025-07-01 02:00:00+00:00,15.0,15.0,15.0,15.0,36080,0.0,0.0,0.0
2025-07-01 02:05:00+00:00,14.979999542236328,14.989999771118164,14.979999542236328,14.989999771118164,2000,0.0,0.0,0.0
2025-07-01 02:10:00+00:00,14.989999771118164,14.989999771118164,14.979999542236328,14.979999542236328,78010,0.0,0.0,0.0
2025-07-01 02:15:00+00:00,14.970000267028809,14.989999771118164,14.970000267028809,14.970000267028809,289000,0.0,0.0,0.0
2025-07-01 02:25:00+00:00,14.970000267028809,14.970000267028809,14.970000267028809,14.970000267028809,12000,0.0,0.0,0.0
2025-07-01 02:30:00+00:00,14.970000267028809,14.970000267028809,14.970000267028809,14.970000267028809,4100,0.0,0.0,0.0
2025-07-01 02:35:00+00:00,14.970000267028809,14.970000267028809,14.970000267028809,14.970000267028809,2369,0.0,0.0,0.0
2025-07-01 02:40:00+00:00,14.970000267028809,14.970000267028809,14.970000267028809,14.970000267028809,8000,0.0,0.0,0.0
2025-07-01 02:45:00+00:00,14.960000038146973,14.960000038146973,14.960000038146973,14.960000038146973,1050,0.0,0.0,0.0
2025-07-01 02:55:00+00:00,14.960000038146973,14.960000038146973,14.949999809265137,14.960000038146973,40010,0.0,0.0,0.0
2025-07-01 03:15:00+00:00,14.9399995803833,14.9399995803833,14.9399995803833,14.9399995803833,3000,0.0,0.0,0.0
2025-07-01 03:20:00+00:00,14.9399995803833,14.9399995803833,14.9399995803833,14.9399995803833,100150,0.0,0.0,0.0
2025-07-01 03:30:00+00:00,14.920000076293945,14.920000076293945,14.920000076293945,14.920000076293945,100050,0.0,0.0,0.0
2025-07-01 03:40:00+00:00,14.90999984741211,14.90999984741211,14.899999618530273,14.899999618530273,201813,0.0,0.0,0.0
2025-07-01 03:50:00+00:00,14.899999618530273,14.899999618530273,14.899999618530273,14.899999618530273,1298,0.0,0.0,0.0
2025-07-01 03:55:00+00:00,14.899999618530273,14.899999618530273,14.899999618530273,14.899999618530273,10000,0.0,0.0,0.0
2025-07-01 04:00:00+00:00,14.90999984741211,14.90999984741211,14.90999984741211,14.90999984741211,1000,0.0,0.0,0.0
2025-07-01 04:05:00+00:00,14.890000343322754,14.890000343322754,14.869999885559082,14.869999885559082,11000,0.0,0.0,0.0
2025-07-01 04:10:00+00:00,14.869999885559082,14.869999885559082,14.859999656677246,14.859999656677246,32000,0.0,0.0,0.0
2025-07-01 04:15:00+00:00,14.890000343322754,14.890000343322754,14.890000343322754,14.890000343322754,1020,0.0,0.0,0.0
2025-07-01 04:20:00+00:00,14.859999656677246,14.859999656677246,14.859999656677246,14.859999656677246,102337,0.0,0.0,0.0
2025-07-01 04:25:00+00:00,14.869999885559082,14.890000343322754,14.869999885559082,14.890000343322754,101400,0.0,0.0,0.0
2025-07-01 04:30:00+00:00,14.859999656677246,14.859999656677246,14.859999656677246,14.859999656677246,1000,0.0,0.0,0.0
2025-07-01 04:35:00+00:00,14.859999656677246,14.859999656677246,14.859999656677246,14.859999656677246,2123,0.0,0.0,0.0
2025-07-01 04:40:00+00:00,14.850000381469727,14.850000381469727,14.850000381469727,14.850000381469727,9225,0.0,0.0,0.0
2025-07-01 04:45:00+00:00,14.84000015258789,14.84000015258789,14.84000015258789,14.84000015258789,2000,0.0,0.0,0.0
2025-07-01 04:50:00+00:00,14.850000381469727,14.859999656677246,14.850000381469727,14.859999656677246,11000,0.0,0.0,0.0
2025-07-01 04:55:00+00:00,14.859999656677246,14.859999656677246,14.859999656677246,14.859999656677246,2002,0.0,0.0,0.0
2025-07-01 05:00:00+00:00,14.869999885559082,14.869999885559082,14.869999885559082,14.869999885559082,25000,0.0,0.0,0.0
2025-07-01 05:05:00+00:00,14.880000114440918,14.890000343322754,14.880000114440918,14.890000343322754,6001,0.0,0.0,0.0
2025-07-01 05:10:00+00:00,14.890000343322754,14.899999618530273,14.890000343322754,14.899999618530273,35642,0.0,0.0,0.0
2025-07-01 05:20:00+00:00,14.890000343322754,14.899999618530273,14.880000114440918,14.899999618530273,313106,0.0,0.0,0.0
2025-05-05 01:00:00+00:00,14.529999732971191,14.529999732971191,14.40999984741211,14.40999984741211,0,0.0,0.0,0.0
2025-05-05 01:05:00+00:00,14.420000076293945,14.420000076293945,14.399999618530273,14.399999618530273,439247,0.0,0.0,0.0
2025-05-05 01:10:00+00:00,14.399999618530273,14.4399995803833,14.390000343322754,14.4399995803833,115109,0.0,0.0,0.0
2025-05-05 01:15:00+00:00,14.4399995803833,14.449999809265137,14.4399995803833,14.449999809265137,10120,0.0,0.0,0.0
2025-05-05 01:20:00+00:00,14.4399995803833,14.449999809265137,14.420000076293945,14.420000076293945,115000,0.0,0.0,0.0
2025-05-05 01:25:00+00:00,14.420000076293945,14.420000076293945,14.380000114440918,14.390000343322754,121662,0.0,0.0,0.0
2025-05-05 01:30:00+00:00,14.380000114440918,14.390000343322754,14.359999656677246,14.359999656677246,120115,0.0,0.0,0.0
2025-05-05 01:35:00+00:00,14.369999885559082,14.369999885559082,14.350000381469727,14.350000381469727,411370,0.0,0.0,0.0
2025-05-05 01:40:00+00:00,14.350000381469727,14.350000381469727,14.34000015258789,14.350000381469727,111200,0.0,0.0,0.0
2025-05-05 01:45:00+00:00,14.34000015258789,14.34000015258789,14.270000457763672,14.270000457763672,172964,0.0,0.0,0.0
2025-05-05 01:50:00+00:00,14.260000228881836,14.300000190734863,14.260000228881836,14.270000457763672,160599,0.0,0.0,0.0
2025-05-05 01:55:00+00:00,14.279999732971191,14.279999732971191,14.270000457763672,14.279999732971191,18140,0.0,0.0,0.0
2025-05-05 02:00:00+00:00,14.300000190734863,14.300000190734863,14.270000457763672,14.300000190734863,11225,0.0,0.0,0.0
2025-05-05 02:05:00+00:00,14.270000457763672,14.279999732971191,14.260000228881836,14.279999732971191,34219,0.0,0.0,0.0
2025-05-05 02:10:00+00:00,14.260000228881836,14.300000190734863,14.260000228881836,14.300000190734863,78073,0.0,0.0,0.0
2025-05-05 02:15:00+00:00,14.3100004196167,14.329999923706055,14.3100004196167,14.329999923706055,31414,0.0,0.0,0.0
2025-05-05 02:20:00+00:00,14.300000190734863,14.319999694824219,14.289999961853027,14.3100004196167,28000,0.0,0.0,0.0
2025-05-05 02:25:00+00:00,14.319999694824219,14.329999923706055,14.319999694824219,14.329999923706055,13000,0.0,0.0,0.0
2025-05-05 02:30:00+00:00,14.329999923706055,14.350000381469727,14.289999961853027,14.289999961853027,113127,0.0,0.0,0.0
2025-05-05 02:35:00+00:00,14.300000190734863,14.300000190734863,14.300000190734863,14.300000190734863,3100,0.0,0.0,0.0
2025-05-05 02:40:00+00:00,14.300000190734863,14.319999694824219,14.289999961853027,14.319999694824219,10050,0.0,0.0,0.0
2025-05-05 02:45:00+00:00,14.3100004196167,14.3100004196167,14.300000190734863,14.300000190734863,8268,0.0,0.0,0.0
2025-05-05 02:50:00+00:00,14.300000190734863,14.34000015258789,14.300000190734863,14.34000015258789,27000,0.0,0.0,0.0
2025-05-05 02:55:00+00:00,14.34000015258789,14.34000015258789,14.329999923706055,14.34000015258789,19367,0.0,0.0,0.0
2025-05-05 03:00:00+00:00,14.350000381469727,14.350000381469727,14.34000015258789,14.350000381469727,166493,0.0,0.0,0.0
2025-05-05 03:05:00+00:00,14.369999885559082,14.369999885559082,14.34000015258789,14.34000015258789,43317,0.0,0.0,0.0
2025-05-05 03:10:00+00:00,14.329999923706055,14.34000015258789,14.329999923706055,14.329999923706055,12100,0.0,0.0,0.0
2025-05-05 03:15:00+00:00,14.329999923706055,14.34000015258789,14.329999923706055,14.34000015258789,8000,0.0,0.0,0.0
2025-05-05 03:20:00+00:00,14.34000015258789,14.369999885559082,14.34000015258789,14.350000381469727,121011,0.0,0.0,0.0
2025-05-05 03:25:00+00:00,14.359999656677246,14.359999656677246,14.350000381469727,14.350000381469727,9000,0.0,0.0,0.0
2025-05-05 03:30:00+00:00,14.359999656677246,14.359999656677246,14.350000381469727,14.350000381469727,22024,0.0,0.0,0.0
2025-05-05 03:35:00+00:00,14.350000381469727,14.359999656677246,14.34000015258789,14.34000015258789,45000,0.0,0.0,0.0
2025-05-05 03:40:00+00:00,14.350000381469727,14.359999656677246,14.34000015258789,14.350000381469727,194020,0.0,0.0,0.0
2025-05-05 03:45:00+00:00,14.350000381469727,14.359999656677246,14.350000381469727,14.359999656677246,3000,0.0,0.0,0.0
2025-05-05 03:50:00+00:00,14.359999656677246,14.359999656677246,14.359999656677246,14.359999656677246,18381,0.0,0.0,0.0
2025-05-05 03:55:00+00:00,14.369999885559082,14.380000114440918,14.369999885559082,14.380000114440918,5077,0.0,0.0,0.0
2025-05-05 04:00:00+00:00,14.359999656677246,14.380000114440918,14.359999656677246,14.380000114440918,4290,0.0,0.0,0.0
2025-05-05 04:05:00+00:00,14.369999885559082,14.369999885559082,14.369999885559082,14.369999885559082,2696,0.0,0.0,0.0
2025-05-05 04:10:00+00:00,14.369999885559082,14.369999885559082,14.369999885559082,14.369999885559082,24000,0.0,0.0,0.0
2025-05-05 04:15:00+00:00,14.359999656677246,14.369999885559082,14.359999656677246,14.369999885559082,8022,0.0,0.0,0.0
2025-05-05 04:20:00+00:00,14.369999885559082,14.390000343322754,14.369999885559082,14.390000343322754,13210,0.0,0.0,0.0
2025-05-05 04:25:00+00:00,14.369999885559082,14.380000114440918,14.369999885559082,14.380000114440918,4000,0.0,0.0,0.0
2025-05-05 04:30:00+00:00,14.380000114440918,14.390000343322754,14.380000114440918,14.390000343322754,10315,0.0,0.0,0.0
2025-05-05 04:35:00+00:00,14.380000114440918,14.380000114440918,14.359999656677246,14.359999656677246,14062,0.0,0.0,0.0
2025-05-05 04:40:00+00:00,14.359999656677246,14.399999618530273,14.359999656677246,14.399999618530273,59250,0.0,0.0,0.0
2025-05-05 04:45:00+00:00,14.390000343322754,14.399999618530273,14.390000343322754,14.399999618530273,5740,0.0,0.0,0.0
2025-05-05 04:50:00+00:00,14.380000114440918,14.380000114440918,14.359999656677246,14.359999656677246,13907,0.0,0.0,0.0
2025-05-05 04:55:00+00:00,14.369999885559082,14.369999885559082,14.34000015258789,14.34000015258789,7681,0.0,0.0,0.0
2025-05-05 05:00:00+00:00,14.34000015258789,14.359999656677246,14.34000015258789,14.34000015258789,24383,0.0,0.0,0.0
2025-05-05 05:05:00+00:00,14.350000381469727,14.350000381469727,14.350000381469727,14.350000381469727,10535,0.0,0.0,0.0
2025-05-05 05:10:00+00:00,14.350000381469727,14.359999656677246,14.350000381469727,14.359999656677246,20045,0.0,0.0,0.0
2025-05-05 05:15:00+00:00,14.350000381469727,14.359999656677246,14.350000381469727,14.359999656677246,204430,0.0,0.0,0.0
2025-05-05 05:20:00+00:00,14.350000381469727,14.350000381469727,14.350000381469727,14.350000381469727,27302,0.0,0.0,0.0
2025-05-06 01:00:00+00:00,14.380000114440918,14.390000343322754,14.369999885559082,14.369999885559082,0,0.0,0.0,0.0
2025-05-06 01:05:00+00:00,14.369999885559082,14.399999618530273,14.369999885559082,14.399999618530273,130824,0.0,0.0,0.0
2025-05-06 01:10:00+00:00,14.399999618530273,14.449999809265137,14.399999618530273,14.449999809265137,37448,0.0,0.0,0.0
2025-05-06 01:15:00+00:00,14.420000076293945,14.420000076293945,14.420000076293945,14.420000076293945,2000,0.0,0.0,0.0
2025-05-06 01:20:00+00:00,14.430000305175781,14.470000267028809,14.430000305175781,14.460000038146973,67068,0.0,0.0,0.0
2025-05-06 01:25:00+00:00,14.449999809265137,14.479999542236328,14.449999809265137,14.460000038146973,18151,0.0,0.0,0.0
2025-05-06 01:30:00+00:00,14.470000267028809,14.470000267028809,14.470000267028809,14.470000267028809,3102,0.0,0.0,0.0
2025-05-06 01:35:00+00:00,14.460000038146973,14.470000267028809,14.460000038146973,14.470000267028809,43005,0.0,0.0,0.0
2025-05-06 01:40:00+00:00,14.470000267028809,14.470000267028809,14.460000038146973,14.460000038146973,7000,0.0,0.0,0.0
2025-05-06 01:45:00+00:00,14.460000038146973,14.470000267028809,14.420000076293945,14.420000076293945,24200,0.0,0.0,0.0
2025-05-06 01:50:00+00:00,14.420000076293945,14.430000305175781,14.40999984741211,14.430000305175781,59200,0.0,0.0,0.0
2025-05-06 01:55:00+00:00,14.449999809265137,14.449999809265137,14.449999809265137,14.449999809265137,17122,0.0,0.0,0.0
2025-05-06 02:00:00+00:00,14.460000038146973,14.460000038146973,14.460000038146973,14.460000038146973,11335,0.0,0.0,0.0
2025-05-06 02:05:00+00:00,14.460000038146973,14.470000267028809,14.460000038146973,14.470000267028809,25272,0.0,0.0,0.0
2025-05-06 02:10:00+00:00,14.470000267028809,14.470000267028809,14.470000267028809,14.470000267028809,107000,0.0,0.0,0.0
2025-05-06 02:15:00+00:00,14.479999542236328,14.479999542236328,14.479999542236328,14.479999542236328,13257,0.0,0.0,0.0
2025-05-06 02:20:00+00:00,14.479999542236328,14.479999542236328,14.479999542236328,14.479999542236328,1044,0.0,0.0,0.0
2025-05-06 02:25:00+00:00,14.479999542236328,14.5,14.479999542236328,14.5,36537,0.0,0.0,0.0
2025-05-06 02:30:00+00:00,14.5,14.5,14.489999771118164,14.5,17302,0.0,0.0,0.0
2025-05-06 02:35:00+00:00,14.510000228881836,14.529999732971191,14.510000228881836,14.529999732971191,57845,0.0,0.0,0.0
2025-05-06 02:40:00+00:00,14.529999732971191,14.539999961853027,14.529999732971191,14.539999961853027,3075,0.0,0.0,0.0
2025-05-06 02:45:00+00:00,14.539999961853027,14.539999961853027,14.539999961853027,14.539999961853027,6027,0.0,0.0,0.0
2025-05-06 02:50:00+00:00,14.529999732971191,14.550000190734863,14.529999732971191,14.539999961853027,62000,0.0,0.0,0.0
2025-05-06 02:55:00+00:00,14.539999961853027,14.550000190734863,14.539999961853027,14.539999961853027,56148,0.0,0.0,0.0
2025-05-06 03:00:00+00:00,14.539999961853027,14.539999961853027,14.539999961853027,14.539999961853027,19808,0.0,0.0,0.0
2025-05-06 03:05:00+00:00,14.5600004196167,14.5600004196167,14.539999961853027,14.539999961853027,45051,0.0,0.0,0.0
2025-05-06 03:15:00+00:00,14.529999732971191,14.529999732971191,14.529999732971191,14.529999732971191,3022,0.0,0.0,0.0
2025-05-06 03:20:00+00:00,14.529999732971191,14.539999961853027,14.529999732971191,14.539999961853027,14122,0.0,0.0,0.0
2025-05-06 03:25:00+00:00,14.529999732971191,14.529999732971191,14.529999732971191,14.529999732971191,1000,0.0,0.0,0.0
2025-05-06 03:30:00+00:00,14.539999961853027,14.569999694824219,14.539999961853027,14.569999694824219,79222,0.0,0.0,0.0
2025-05-06 03:35:00+00:00,14.579999923706055,14.579999923706055,14.579999923706055,14.579999923706055,6100,0.0,0.0,0.0
2025-05-06 03:40:00+00:00,14.569999694824219,14.569999694824219,14.569999694824219,14.569999694824219,7042,0.0,0.0,0.0
2025-05-06 03:45:00+00:00,14.579999923706055,14.579999923706055,14.579999923706055,14.579999923706055,1472,0.0,0.0,0.0
2025-05-06 03:50:00+00:00,14.569999694824219,14.569999694824219,14.569999694824219,14.569999694824219,1445,0.0,0.0,0.0
2025-05-06 04:00:00+00:00,14.569999694824219,14.569999694824219,14.569999694824219,14.569999694824219,219023,0.0,0.0,0.0
2025-05-06 04:05:00+00:00,14.569999694824219,14.579999923706055,14.569999694824219,14.579999923706055,7100,0.0,0.0,0.0
2025-05-06 04:10:00+00:00,14.5600004196167,14.569999694824219,14.5600004196167,14.569999694824219,110172,0.0,0.0,0.0
2025-05-06 04:20:00+00:00,14.5600004196167,14.5600004196167,14.5600004196167,14.5600004196167,5022,0.0,0.0,0.0
2025-05-06 04:25:00+00:00,14.5600004196167,14.569999694824219,14.5600004196167,14.569999694824219,7100,0.0,0.0,0.0
2025-05-06 04:30:00+00:00,14.569999694824219,14.569999694824219,14.569999694824219,14.569999694824219,2100,0.0,0.0,0.0
2025-05-06 04:35:00+00:00,14.5600004196167,14.5600004196167,14.550000190734863,14.550000190734863,2042,0.0,0.0,0.0
2025-05-06 04:40:00+00:00,14.539999961853027,14.539999961853027,14.529999732971191,14.529999732971191,43133,0.0,0.0,0.0
2025-05-06 04:45:00+00:00,14.539999961853027,14.550000190734863,14.539999961853027,14.550000190734863,39105,0.0,0.0,0.0
2025-05-06 04:50:00+00:00,14.539999961853027,14.539999961853027,14.539999961853027,14.539999961853027,10000,0.0,0.0,0.0
2025-05-06 04:55:00+00:00,14.550000190734863,14.550000190734863,14.529999732971191,14.539999961853027,27271,0.0,0.0,0.0
2025-05-06 05:00:00+00:00,14.550000190734863,14.550000190734863,14.529999732971191,14.550000190734863,8015,0.0,0.0,0.0
2025-05-06 05:05:00+00:00,14.520000457763672,14.520000457763672,14.520000457763672,14.520000457763672,510430,0.0,0.0,0.0
2025-05-06 05:10:00+00:00,14.5,14.5,14.5,14.5,103073,0.0,0.0,0.0
2025-05-06 05:15:00+00:00,14.5,14.5,14.5,14.5,111000,0.0,0.0,0.0
2025-05-06 05:20:00+00:00,14.5,14.5,14.5,14.5,3238,0.0,0.0,0.0
2025-05-07 01:00:00+00:00,14.520000457763672,14.619999885559082,14.520000457763672,14.619999885559082,0,0.0,0.0,0.0
2025-05-07 01:05:00+00:00,14.539999961853027,14.550000190734863,14.539999961853027,14.550000190734863,8472,0.0,0.0,0.0
2025-05-07 01:10:00+00:00,14.600000381469727,14.600000381469727,14.59000015258789,14.600000381469727,25136,0.0,0.0,0.0
2025-05-07 01:15:00+00:00,14.609999656677246,14.670000076293945,14.609999656677246,14.670000076293945,33311,0.0,0.0,0.0
2025-05-07 01:20:00+00:00,14.65999984741211,14.65999984741211,14.649999618530273,14.65999984741211,32085,0.0,0.0,0.0
2025-05-07 01:25:00+00:00,14.670000076293945,14.670000076293945,14.640000343322754,14.640000343322754,170225,0.0,0.0,0.0
2025-05-07 01:30:00+00:00,14.619999885559082,14.619999885559082,14.619999885559082,14.619999885559082,6000,0.0,0.0,0.0
2025-05-07 01:35:00+00:00,14.609999656677246,14.630000114440918,14.600000381469727,14.630000114440918,56021,0.0,0.0,0.0
2025-05-07 01:40:00+00:00,14.640000343322754,14.640000343322754,14.609999656677246,14.630000114440918,36075,0.0,0.0,0.0
2025-05-07 01:45:00+00:00,14.630000114440918,14.630000114440918,14.630000114440918,14.630000114440918,8000,0.0,0.0,0.0
2025-05-07 01:50:00+00:00,14.609999656677246,14.630000114440918,14.609999656677246,14.630000114440918,84007,0.0,0.0,0.0
2025-05-07 01:55:00+00:00,14.630000114440918,14.640000343322754,14.630000114440918,14.640000343322754,60420,0.0,0.0,0.0
2025-05-07 02:00:00+00:00,14.630000114440918,14.630000114440918,14.630000114440918,14.630000114440918,4033,0.0,0.0,0.0
2025-05-07 02:05:00+00:00,14.640000343322754,14.640000343322754,14.640000343322754,14.640000343322754,2250,0.0,0.0,0.0
2025-05-07 02:10:00+00:00,14.640000343322754,14.640000343322754,14.630000114440918,14.630000114440918,6549,0.0,0.0,0.0
2025-05-07 02:15:00+00:00,14.609999656677246,14.630000114440918,14.609999656677246,14.630000114440918,12000,0.0,0.0,0.0
2025-05-07 02:20:00+00:00,14.619999885559082,14.619999885559082,14.609999656677246,14.609999656677246,16000,0.0,0.0,0.0
2025-05-07 02:25:00+00:00,14.609999656677246,14.609999656677246,14.609999656677246,14.609999656677246,1168,0.0,0.0,0.0
2025-05-07 02:30:00+00:00,14.600000381469727,14.600000381469727,14.600000381469727,14.600000381469727,5000,0.0,0.0,0.0
2025-05-07 02:40:00+00:00,14.609999656677246,14.609999656677246,14.600000381469727,14.600000381469727,14130,0.0,0.0,0.0
2025-05-07 02:45:00+00:00,14.579999923706055,14.579999923706055,14.569999694824219,14.569999694824219,8240,0.0,0.0,0.0
2025-05-07 02:50:00+00:00,14.569999694824219,14.569999694824219,14.569999694824219,14.569999694824219,8100,0.0,0.0,0.0
2025-05-07 02:55:00+00:00,14.569999694824219,14.569999694824219,14.569999694824219,14.569999694824219,3035,0.0,0.0,0.0
2025-05-07 03:00:00+00:00,14.569999694824219,14.579999923706055,14.569999694824219,14.579999923706055,6395,0.0,0.0,0.0
2025-05-07 03:20:00+00:00,14.569999694824219,14.579999923706055,14.569999694824219,14.579999923706055,22100,0.0,0.0,0.0
2025-05-07 03:30:00+00:00,14.569999694824219,14.569999694824219,14.569999694824219,14.569999694824219,3000,0.0,0.0,0.0
2025-05-07 03:35:00+00:00,14.579999923706055,14.579999923706055,14.579999923706055,14.579999923706055,5033,0.0,0.0,0.0
2025-05-07 03:45:00+00:00,14.579999923706055,14.579999923706055,14.569999694824219,14.569999694824219,10306,0.0,0.0,0.0
2025-05-07 03:50:00+00:00,14.59000015258789,14.59000015258789,14.59000015258789,14.59000015258789,2000,0.0,0.0,0.0
2025-05-07 04:00:00+00:00,14.59000015258789,14.59000015258789,14.59000015258789,14.59000015258789,1035,0.0,0.0,0.0
2025-05-07 04:10:00+00:00,14.569999694824219,14.569999694824219,14.569999694824219,14.569999694824219,1100,0.0,0.0,0.0
2025-05-07 04:15:00+00:00,14.5600004196167,14.5600004196167,14.5600004196167,14.5600004196167,2200,0.0,0.0,0.0
2025-05-07 04:20:00+00:00,14.579999923706055,14.579999923706055,14.579999923706055,14.579999923706055,1124,0.0,0.0,0.0
2025-05-07 04:25:00+00:00,14.59000015258789,14.59000015258789,14.59000015258789,14.59000015258789,221561,0.0,0.0,0.0
2025-05-07 04:35:00+00:00,14.579999923706055,14.579999923706055,14.569999694824219,14.569999694824219,204547,0.0,0.0,0.0
2025-05-07 04:45:00+00:00,14.569999694824219,14.569999694824219,14.569999694824219,14.569999694824219,100067,0.0,0.0,0.0
2025-05-07 04:50:00+00:00,14.5600004196167,14.5600004196167,14.5600004196167,14.5600004196167,52000,0.0,0.0,0.0
2025-05-07 05:00:00+00:00,14.569999694824219,14.569999694824219,14.539999961853027,14.539999961853027,118302,0.0,0.0,0.0
2025-05-07 05:05:00+00:00,14.550000190734863,14.550000190734863,14.550000190734863,14.550000190734863,261000,0.0,0.0,0.0
2025-05-07 05:10:00+00:00,14.550000190734863,14.550000190734863,14.550000190734863,14.550000190734863,299070,0.0,0.0,0.0
2025-05-07 05:15:00+00:00,14.550000190734863,14.5600004196167,14.550000190734863,14.5600004196167,25524,0.0,0.0,0.0
2025-05-07 05:20:00+00:00,14.5600004196167,14.569999694824219,14.550000190734863,14.550000190734863,13688,0.0,0.0,0.0
2025-05-08 01:00:00+00:00,14.569999694824219,14.569999694824219,14.569999694824219,14.569999694824219,0,0.0,0.0,0.0
2025-05-08 01:05:00+00:00,14.569999694824219,14.619999885559082,14.569999694824219,14.619999885559082,70440,0.0,0.0,0.0
2025-05-08 01:10:00+00:00,14.640000343322754,14.649999618530273,14.640000343322754,14.640000343322754,71145,0.0,0.0,0.0
2025-05-08 01:20:00+00:00,14.670000076293945,14.670000076293945,14.649999618530273,14.649999618530273,2000,0.0,0.0,0.0
2025-05-08 02:30:00+00:00,14.640000343322754,14.640000343322754,14.640000343322754,14.640000343322754,0,0.0,0.0,0.0
2025-05-08 02:35:00+00:00,14.649999618530273,14.649999618530273,14.640000343322754,14.640000343322754,310922,0.0,0.0,0.0
2025-05-08 02:40:00+00:00,14.649999618530273,14.649999618530273,14.649999618530273,14.649999618530273,40246,0.0,0.0,0.0
2025-05-08 02:45:00+00:00,14.630000114440918,14.640000343322754,14.630000114440918,14.640000343322754,23010,0.0,0.0,0.0
2025-05-08 02:50:00+00:00,14.630000114440918,14.640000343322754,14.630000114440918,14.640000343322754,13001,0.0,0.0,0.0
2025-05-08 02:55:00+00:00,14.640000343322754,14.640000343322754,14.640000343322754,14.640000343322754,5206,0.0,0.0,0.0
2025-05-08 03:00:00+00:00,14.649999618530273,14.670000076293945,14.649999618530273,14.670000076293945,86400,0.0,0.0,0.0
2025-05-08 03:05:00+00:00,14.670000076293945,14.670000076293945,14.670000076293945,14.670000076293945,1015,0.0,0.0,0.0
2025-05-08 03:10:00+00:00,14.65999984741211,14.65999984741211,14.65999984741211,14.65999984741211,1400,0.0,0.0,0.0
2025-05-08 03:20:00+00:00,14.65999984741211,14.65999984741211,14.65999984741211,14.65999984741211,1000,0.0,0.0,0.0
2025-05-08 03:30:00+00:00,14.670000076293945,14.670000076293945,14.65999984741211,14.65999984741211,4125,0.0,0.0,0.0
2025-05-08 03:40:00+00:00,14.65999984741211,14.65999984741211,14.65999984741211,14.65999984741211,2650,0.0,0.0,0.0
2025-05-08 03:45:00+00:00,14.649999618530273,14.65999984741211,14.649999618530273,14.65999984741211,15999,0.0,0.0,0.0
2025-05-08 03:50:00+00:00,14.65999984741211,14.65999984741211,14.65999984741211,14.65999984741211,5000,0.0,0.0,0.0
2025-05-08 03:55:00+00:00,14.649999618530273,14.649999618530273,14.649999618530273,14.649999618530273,10000,0.0,0.0,0.0
2025-05-08 04:00:00+00:00,14.649999618530273,14.649999618530273,14.649999618530273,14.649999618530273,12201,0.0,0.0,0.0
2025-05-08 04:10:00+00:00,14.649999618530273,14.649999618530273,14.649999618530273,14.649999618530273,2083,0.0,0.0,0.0
2025-05-08 04:25:00+00:00,14.649999618530273,14.649999618530273,14.649999618530273,14.649999618530273,1684,0.0,0.0,0.0
2025-05-08 04:40:00+00:00,14.649999618530273,14.649999618530273,14.649999618530273,14.649999618530273,50000,0.0,0.0,0.0
2025-05-08 04:55:00+00:00,14.640000343322754,14.649999618530273,14.640000343322754,14.649999618530273,2000,0.0,0.0,0.0
2025-05-08 05:05:00+00:00,14.640000343322754,14.640000343322754,14.640000343322754,14.640000343322754,3818,0.0,0.0,0.0
2025-05-08 05:10:00+00:00,14.630000114440918,14.630000114440918,14.630000114440918,14.630000114440918,3000,0.0,0.0,0.0
2025-05-08 05:15:00+00:00,14.619999885559082,14.619999885559082,14.619999885559082,14.619999885559082,25057,0.0,0.0,0.0
2025-05-08 05:20:00+00:00,14.619999885559082,14.619999885559082,14.619999885559082,14.619999885559082,8748,0.0,0.0,0.0
2025-05-09 01:00:00+00:00,14.630000114440918,14.640000343322754,14.630000114440918,14.640000343322754,0,0.0,0.0,0.0
2025-05-09 01:05:00+00:00,14.640000343322754,14.640000343322754,14.619999885559082,14.619999885559082,17838,0.0,0.0,0.0
2025-05-09 01:10:00+00:00,14.619999885559082,14.619999885559082,14.619999885559082,14.619999885559082,3000,0.0,0.0,0.0
2025-05-09 01:15:00+00:00,14.630000114440918,14.630000114440918,14.630000114440918,14.630000114440918,14671,0.0,0.0,0.0
2025-05-09 01:20:00+00:00,14.619999885559082,14.619999885559082,14.609999656677246,14.619999885559082,10111,0.0,0.0,0.0
2025-05-09 01:25:00+00:00,14.619999885559082,14.619999885559082,14.619999885559082,14.619999885559082,3100,0.0,0.0,0.0
2025-05-09 01:30:00+00:00,14.609999656677246,14.609999656677246,14.600000381469727,14.600000381469727,16210,0.0,0.0,0.0
2025-05-09 01:35:00+00:00,14.609999656677246,14.609999656677246,14.609999656677246,14.609999656677246,5335,0.0,0.0,0.0
2025-05-09 01:40:00+00:00,14.609999656677246,14.640000343322754,14.609999656677246,14.640000343322754,184000,0.0,0.0,0.0
2025-05-09 01:45:00+00:00,14.649999618530273,14.649999618530273,14.649999618530273,14.649999618530273,3100,0.0,0.0,0.0
2025-05-09 01:50:00+00:00,14.649999618530273,14.649999618530273,14.649999618530273,14.649999618530273,1090,0.0,0.0,0.0
2025-05-09 02:00:00+00:00,14.649999618530273,14.649999618530273,14.640000343322754,14.640000343322754,4338,0.0,0.0,0.0
2025-05-09 02:10:00+00:00,14.640000343322754,14.640000343322754,14.640000343322754,14.640000343322754,8302,0.0,0.0,0.0
2025-05-09 02:15:00+00:00,14.640000343322754,14.640000343322754,14.640000343322754,14.640000343322754,7300,0.0,0.0,0.0
2025-05-09 02:20:00+00:00,14.640000343322754,14.640000343322754,14.640000343322754,14.640000343322754,1005,0.0,0.0,0.0
2025-05-09 02:25:00+00:00,14.640000343322754,14.65999984741211,14.640000343322754,14.65999984741211,43000,0.0,0.0,0.0
2025-05-09 02:30:00+00:00,14.670000076293945,14.6899995803833,14.670000076293945,14.6899995803833,11854,0.0,0.0,0.0
2025-05-09 02:35:00+00:00,14.680000305175781,14.680000305175781,14.680000305175781,14.680000305175781,1863,0.0,0.0,0.0
2025-05-09 02:40:00+00:00,14.680000305175781,14.680000305175781,14.680000305175781,14.680000305175781,2900,0.0,0.0,0.0
2025-05-09 02:45:00+00:00,14.6899995803833,14.699999809265137,14.6899995803833,14.699999809265137,83670,0.0,0.0,0.0
2025-05-09 02:55:00+00:00,14.699999809265137,14.710000038146973,14.699999809265137,14.710000038146973,22500,0.0,0.0,0.0
2025-05-09 03:00:00+00:00,14.720000267028809,14.720000267028809,14.720000267028809,14.720000267028809,12232,0.0,0.0,0.0
2025-05-09 03:10:00+00:00,14.720000267028809,14.729999542236328,14.720000267028809,14.729999542236328,56999,0.0,0.0,0.0
2025-05-09 03:15:00+00:00,14.729999542236328,14.729999542236328,14.729999542236328,14.729999542236328,1974,0.0,0.0,0.0
2025-05-09 03:25:00+00:00,14.729999542236328,14.729999542236328,14.729999542236328,14.729999542236328,2602,0.0,0.0,0.0
2025-05-09 03:35:00+00:00,14.729999542236328,14.729999542236328,14.729999542236328,14.729999542236328,29577,0.0,0.0,0.0
2025-05-09 03:40:00+00:00,14.729999542236328,14.729999542236328,14.729999542236328,14.729999542236328,2000,0.0,0.0,0.0
2025-05-09 03:45:00+00:00,14.729999542236328,14.729999542236328,14.720000267028809,14.720000267028809,6000,0.0,0.0,0.0
2025-05-09 03:50:00+00:00,14.720000267028809,14.739999771118164,14.720000267028809,14.739999771118164,48050,0.0,0.0,0.0
2025-05-09 03:55:00+00:00,14.739999771118164,14.75,14.739999771118164,14.75,59839,0.0,0.0,0.0
2025-05-09 04:00:00+00:00,14.760000228881836,14.760000228881836,14.75,14.75,2360,0.0,0.0,0.0
2025-05-09 04:05:00+00:00,14.75,14.75,14.75,14.75,13000,0.0,0.0,0.0
2025-05-09 04:10:00+00:00,14.760000228881836,14.760000228881836,14.75,14.75,37840,0.0,0.0,0.0
2025-05-09 04:15:00+00:00,14.760000228881836,14.770000457763672,14.760000228881836,14.770000457763672,15357,0.0,0.0,0.0
2025-05-09 04:20:00+00:00,14.760000228881836,14.760000228881836,14.760000228881836,14.760000228881836,5000,0.0,0.0,0.0
2025-05-09 04:25:00+00:00,14.760000228881836,14.760000228881836,14.760000228881836,14.760000228881836,3345,0.0,0.0,0.0
2025-05-09 04:30:00+00:00,14.760000228881836,14.770000457763672,14.760000228881836,14.770000457763672,76707,0.0,0.0,0.0
2025-05-09 04:45:00+00:00,14.760000228881836,14.770000457763672,14.75,14.75,10036,0.0,0.0,0.0
2025-05-09 04:50:00+00:00,14.770000457763672,14.770000457763672,14.770000457763672,14.770000457763672,1317,0.0,0.0,0.0
2025-05-09 04:55:00+00:00,14.770000457763672,14.770000457763672,14.770000457763672,14.770000457763672,8748,0.0,0.0,0.0
2025-05-09 05:05:00+00:00,14.770000457763672,14.770000457763672,14.770000457763672,14.770000457763672,3439,0.0,0.0,0.0
2025-05-09 05:10:00+00:00,14.770000457763672,14.770000457763672,14.770000457763672,14.770000457763672,1574,0.0,0.0,0.0
2025-05-09 05:15:00+00:00,14.770000457763672,14.770000457763672,14.770000457763672,14.770000457763672,23187,0.0,0.0,0.0
2025-05-09 05:20:00+00:00,14.760000228881836,14.760000228881836,14.760000228881836,14.760000228881836,1230,0.0,0.0,0.0
2025-05-12 01:00:00+00:00,14.84000015258789,14.880000114440918,14.84000015258789,14.880000114440918,0,0.0,0.0,0.0
2025-05-12 01:05:00+00:00,14.880000114440918,14.890000343322754,14.880000114440918,14.890000343322754,141821,0.0,0.0,0.0
2025-05-12 01:10:00+00:00,14.890000343322754,14.899999618530273,14.890000343322754,14.899999618530273,28100,0.0,0.0,0.0
2025-05-12 01:15:00+00:00,14.920000076293945,14.920000076293945,14.920000076293945,14.920000076293945,9215,0.0,0.0,0.0
2025-05-12 01:20:00+00:00,14.920000076293945,14.920000076293945,14.890000343322754,14.890000343322754,59019,0.0,0.0,0.0
2025-05-12 01:25:00+00:00,14.890000343322754,14.90999984741211,14.890000343322754,14.90999984741211,16693,0.0,0.0,0.0
2025-05-12 01:35:00+00:00,14.880000114440918,14.880000114440918,14.869999885559082,14.869999885559082,26508,0.0,0.0,0.0
2025-05-12 01:45:00+00:00,14.880000114440918,14.899999618530273,14.880000114440918,14.899999618530273,99000,0.0,0.0,0.0
2025-05-12 01:50:00+00:00,14.899999618530273,14.899999618530273,14.899999618530273,14.899999618530273,4191,0.0,0.0,0.0
2025-05-12 01:55:00+00:00,14.890000343322754,14.890000343322754,14.880000114440918,14.880000114440918,8381,0.0,0.0,0.0
2025-05-12 02:00:00+00:00,14.899999618530273,14.899999618530273,14.899999618530273,14.899999618530273,1000,0.0,0.0,0.0
2025-05-12 02:05:00+00:00,14.890000343322754,14.890000343322754,14.890000343322754,14.890000343322754,40261,0.0,0.0,0.0
2025-05-12 02:15:00+00:00,14.890000343322754,14.890000343322754,14.890000343322754,14.890000343322754,4280,0.0,0.0,0.0
2025-05-12 02:25:00+00:00,14.880000114440918,14.880000114440918,14.880000114440918,14.880000114440918,1292,0.0,0.0,0.0
2025-05-12 02:35:00+00:00,14.880000114440918,14.880000114440918,14.869999885559082,14.869999885559082,14238,0.0,0.0,0.0
2025-05-12 02:40:00+00:00,14.869999885559082,14.869999885559082,14.869999885559082,14.869999885559082,6000,0.0,0.0,0.0
2025-05-12 02:45:00+00:00,14.869999885559082,14.869999885559082,14.869999885559082,14.869999885559082,10235,0.0,0.0,0.0
2025-05-12 02:50:00+00:00,14.869999885559082,14.869999885559082,14.869999885559082,14.869999885559082,4310,0.0,0.0,0.0
2025-05-12 02:55:00+00:00,14.869999885559082,14.869999885559082,14.859999656677246,14.859999656677246,75025,0.0,0.0,0.0
2025-05-12 03:00:00+00:00,14.869999885559082,14.869999885559082,14.869999885559082,14.869999885559082,2100,0.0,0.0,0.0
2025-05-12 03:05:00+00:00,14.869999885559082,14.869999885559082,14.869999885559082,14.869999885559082,1167,0.0,0.0,0.0
2025-05-12 03:10:00+00:00,14.880000114440918,14.880000114440918,14.880000114440918,14.880000114440918,13321,0.0,0.0,0.0
2025-05-12 03:25:00+00:00,14.880000114440918,14.880000114440918,14.869999885559082,14.869999885559082,8000,0.0,0.0,0.0
2025-05-12 03:30:00+00:00,14.859999656677246,14.859999656677246,14.859999656677246,14.859999656677246,10310,0.0,0.0,0.0
2025-05-12 03:35:00+00:00,14.859999656677246,14.859999656677246,14.859999656677246,14.859999656677246,1000,0.0,0.0,0.0
2025-05-12 03:40:00+00:00,14.859999656677246,14.869999885559082,14.859999656677246,14.869999885559082,33000,0.0,0.0,0.0
2025-05-12 03:50:00+00:00,14.880000114440918,14.880000114440918,14.880000114440918,14.880000114440918,2005,0.0,0.0,0.0
2025-05-12 03:55:00+00:00,14.880000114440918,14.880000114440918,14.869999885559082,14.880000114440918,22250,0.0,0.0,0.0
2025-05-12 04:00:00+00:00,14.890000343322754,14.890000343322754,14.890000343322754,14.890000343322754,1000,0.0,0.0,0.0
2025-05-12 04:05:00+00:00,14.880000114440918,14.890000343322754,14.880000114440918,14.890000343322754,10270,0.0,0.0,0.0
2025-05-12 04:20:00+00:00,14.890000343322754,14.890000343322754,14.890000343322754,14.890000343322754,12435,0.0,0.0,0.0
2025-05-12 04:30:00+00:00,14.890000343322754,14.890000343322754,14.890000343322754,14.890000343322754,6461,0.0,0.0,0.0
2025-05-12 04:40:00+00:00,14.890000343322754,14.890000343322754,14.890000343322754,14.890000343322754,2050,0.0,0.0,0.0
2025-05-12 04:45:00+00:00,14.890000343322754,14.890000343322754,14.890000343322754,14.890000343322754,10022,0.0,0.0,0.0
2025-05-12 04:50:00+00:00,14.890000343322754,14.890000343322754,14.890000343322754,14.890000343322754,1078,0.0,0.0,0.0
2025-05-12 05:00:00+00:00,14.880000114440918,14.880000114440918,14.880000114440918,14.880000114440918,1000,0.0,0.0,0.0
2025-05-12 05:05:00+00:00,14.880000114440918,14.890000343322754,14.880000114440918,14.890000343322754,11000,0.0,0.0,0.0
2025-05-12 05:10:00+00:00,14.880000114440918,14.880000114440918,14.880000114440918,14.880000114440918,17110,0.0,0.0,0.0
2025-05-12 05:15:00+00:00,14.880000114440918,14.880000114440918,14.880000114440918,14.880000114440918,1230,0.0,0.0,0.0
2025-05-12 05:20:00+00:00,14.890000343322754,14.899999618530273,14.890000343322754,14.899999618530273,70488,0.0,0.0,0.0
2025-05-13 01:00:00+00:00,15.079999923706055,15.079999923706055,15.029999732971191,15.029999732971191,0,0.0,0.0,0.0
2025-05-13 01:05:00+00:00,15.029999732971191,15.039999961853027,15.0,15.0,14854,0.0,0.0,0.0
2025-05-13 01:10:00+00:00,15.0,15.029999732971191,15.0,15.0,206404,0.0,0.0,0.0
2025-05-13 01:15:00+00:00,15.0,15.020000457763672,15.0,15.020000457763672,19946,0.0,0.0,0.0
2025-05-13 01:20:00+00:00,15.029999732971191,15.029999732971191,15.020000457763672,15.020000457763672,11264,0.0,0.0,0.0
2025-05-13 01:25:00+00:00,15.020000457763672,15.020000457763672,15.0,15.010000228881836,132310,0.0,0.0,0.0
2025-05-13 01:30:00+00:00,15.020000457763672,15.029999732971191,15.010000228881836,15.029999732971191,28316,0.0,0.0,0.0
2025-05-13 01:35:00+00:00,15.029999732971191,15.050000190734863,15.029999732971191,15.039999961853027,171798,0.0,0.0,0.0
2025-05-13 01:40:00+00:00,15.039999961853027,15.039999961853027,15.029999732971191,15.039999961853027,197900,0.0,0.0,0.0
2025-05-13 01:45:00+00:00,15.050000190734863,15.050000190734863,15.050000190734863,15.050000190734863,33552,0.0,0.0,0.0
2025-05-13 01:50:00+00:00,15.0600004196167,15.0600004196167,15.050000190734863,15.050000190734863,25600,0.0,0.0,0.0
2025-05-13 01:55:00+00:00,15.039999961853027,15.050000190734863,15.039999961853027,15.039999961853027,118000,0.0,0.0,0.0
2025-05-13 02:00:00+00:00,15.0600004196167,15.069999694824219,15.050000190734863,15.050000190734863,12858,0.0,0.0,0.0
2025-05-13 02:05:00+00:00,15.050000190734863,15.050000190734863,15.050000190734863,15.050000190734863,22153,0.0,0.0,0.0
2025-05-13 02:10:00+00:00,15.050000190734863,15.050000190734863,15.050000190734863,15.050000190734863,6798,0.0,0.0,0.0
2025-05-13 02:15:00+00:00,15.050000190734863,15.069999694824219,15.050000190734863,15.069999694824219,3200,0.0,0.0,0.0
2025-05-13 02:20:00+00:00,15.029999732971191,15.0600004196167,15.029999732971191,15.050000190734863,10573,0.0,0.0,0.0
2025-05-13 02:25:00+00:00,15.020000457763672,15.020000457763672,15.020000457763672,15.020000457763672,39566,0.0,0.0,0.0
2025-05-13 02:30:00+00:00,15.039999961853027,15.039999961853027,15.029999732971191,15.029999732971191,4240,0.0,0.0,0.0
2025-05-13 02:35:00+00:00,15.029999732971191,15.029999732971191,15.029999732971191,15.029999732971191,3231,0.0,0.0,0.0
2025-05-13 02:40:00+00:00,15.029999732971191,15.029999732971191,15.029999732971191,15.029999732971191,1000,0.0,0.0,0.0
2025-05-13 02:45:00+00:00,15.039999961853027,15.039999961853027,15.039999961853027,15.039999961853027,2449,0.0,0.0,0.0
2025-05-13 03:00:00+00:00,15.039999961853027,15.039999961853027,15.020000457763672,15.020000457763672,4110,0.0,0.0,0.0
2025-05-13 03:05:00+00:00,15.010000228881836,15.010000228881836,14.989999771118164,14.989999771118164,25101,0.0,0.0,0.0
2025-05-13 03:10:00+00:00,14.979999542236328,14.979999542236328,14.979999542236328,14.979999542236328,5140,0.0,0.0,0.0
2025-05-13 03:15:00+00:00,14.989999771118164,14.989999771118164,14.989999771118164,14.989999771118164,2173,0.0,0.0,0.0
2025-05-13 03:20:00+00:00,14.989999771118164,15.0,14.989999771118164,15.0,12227,0.0,0.0,0.0
2025-05-13 03:25:00+00:00,15.0,15.010000228881836,15.0,15.010000228881836,7198,0.0,0.0,0.0
2025-05-13 03:35:00+00:00,15.0,15.0,15.0,15.0,2105,0.0,0.0,0.0
2025-05-13 03:40:00+00:00,15.0,15.0,15.0,15.0,13195,0.0,0.0,0.0
2025-05-13 03:45:00+00:00,15.0,15.010000228881836,14.989999771118164,14.989999771118164,10305,0.0,0.0,0.0
2025-05-13 03:55:00+00:00,14.989999771118164,14.989999771118164,14.989999771118164,14.989999771118164,1000,0.0,0.0,0.0
2025-05-13 04:00:00+00:00,15.0,15.0,15.0,15.0,31097,0.0,0.0,0.0
2025-05-13 04:05:00+00:00,15.0,15.0,15.0,15.0,3010,0.0,0.0,0.0
2025-05-13 04:10:00+00:00,14.989999771118164,14.989999771118164,14.989999771118164,14.989999771118164,60646,0.0,0.0,0.0
2025-05-13 04:15:00+00:00,15.0,15.0,15.0,15.0,23000,0.0,0.0,0.0
2025-05-13 04:20:00+00:00,15.010000228881836,15.010000228881836,15.010000228881836,15.010000228881836,13299,0.0,0.0,0.0
2025-05-13 04:25:00+00:00,15.010000228881836,15.010000228881836,15.010000228881836,15.010000228881836,20349,0.0,0.0,0.0
2025-05-13 04:30:00+00:00,15.010000228881836,15.020000457763672,15.010000228881836,15.020000457763672,9340,0.0,0.0,0.0
2025-05-13 04:50:00+00:00,15.020000457763672,15.020000457763672,15.020000457763672,15.020000457763672,7207,0.0,0.0,0.0
2025-05-13 05:00:00+00:00,15.020000457763672,15.020000457763672,15.020000457763672,15.020000457763672,1097,0.0,0.0,0.0
2025-05-13 05:05:00+00:00,15.010000228881836,15.010000228881836,15.010000228881836,15.010000228881836,2000,0.0,0.0,0.0
2025-05-13 05:10:00+00:00,15.010000228881836,15.010000228881836,15.010000228881836,15.010000228881836,15020,0.0,0.0,0.0
2025-05-13 05:15:00+00:00,15.010000228881836,15.010000228881836,15.010000228881836,15.010000228881836,119633,0.0,0.0,0.0
2025-05-13 05:20:00+00:00,15.010000228881836,15.020000457763672,15.010000228881836,15.020000457763672,39637,0.0,0.0,0.0
2025-05-14 01:00:00+00:00,15.100000381469727,15.140000343322754,15.100000381469727,15.140000343322754,0,0.0,0.0,0.0
2025-05-14 01:05:00+00:00,15.130000114440918,15.140000343322754,15.100000381469727,15.100000381469727,124645,0.0,0.0,0.0
2025-05-14 01:10:00+00:00,15.100000381469727,15.100000381469727,15.09000015258789,15.09000015258789,4008,0.0,0.0,0.0
2025-05-14 01:15:00+00:00,15.050000190734863,15.079999923706055,15.050000190734863,15.069999694824219,10050,0.0,0.0,0.0
2025-05-14 01:20:00+00:00,15.09000015258789,15.09000015258789,15.09000015258789,15.09000015258789,20688,0.0,0.0,0.0
2025-05-14 01:25:00+00:00,15.09000015258789,15.109999656677246,15.09000015258789,15.109999656677246,29071,0.0,0.0,0.0
2025-05-14 01:30:00+00:00,15.109999656677246,15.119999885559082,15.109999656677246,15.119999885559082,36406,0.0,0.0,0.0
2025-05-14 01:35:00+00:00,15.130000114440918,15.140000343322754,15.130000114440918,15.140000343322754,57000,0.0,0.0,0.0
2025-05-14 01:40:00+00:00,15.140000343322754,15.170000076293945,15.140000343322754,15.170000076293945,163600,0.0,0.0,0.0
2025-05-14 01:45:00+00:00,15.170000076293945,15.170000076293945,15.15999984741211,15.15999984741211,10061,0.0,0.0,0.0
2025-05-14 01:50:00+00:00,15.170000076293945,15.170000076293945,15.170000076293945,15.170000076293945,45455,0.0,0.0,0.0
2025-05-14 01:55:00+00:00,15.15999984741211,15.15999984741211,15.15999984741211,15.15999984741211,100280,0.0,0.0,0.0
2025-05-14 02:00:00+00:00,15.15999984741211,15.15999984741211,15.15999984741211,15.15999984741211,16000,0.0,0.0,0.0
2025-05-14 02:05:00+00:00,15.170000076293945,15.1899995803833,15.170000076293945,15.1899995803833,95800,0.0,0.0,0.0
2025-05-14 02:10:00+00:00,15.180000305175781,15.180000305175781,15.180000305175781,15.180000305175781,3035,0.0,0.0,0.0
2025-05-14 02:15:00+00:00,15.180000305175781,15.1899995803833,15.180000305175781,15.1899995803833,14000,0.0,0.0,0.0
2025-05-14 02:20:00+00:00,15.180000305175781,15.180000305175781,15.180000305175781,15.180000305175781,3185,0.0,0.0,0.0
2025-05-14 02:25:00+00:00,15.1899995803833,15.1899995803833,15.180000305175781,15.180000305175781,105005,0.0,0.0,0.0
2025-05-14 02:30:00+00:00,15.170000076293945,15.170000076293945,15.149999618530273,15.149999618530273,7000,0.0,0.0,0.0
2025-05-14 02:40:00+00:00,15.149999618530273,15.149999618530273,15.140000343322754,15.140000343322754,45040,0.0,0.0,0.0
2025-05-14 02:45:00+00:00,15.130000114440918,15.130000114440918,15.130000114440918,15.130000114440918,65555,0.0,0.0,0.0
2025-05-14 02:50:00+00:00,15.109999656677246,15.119999885559082,15.109999656677246,15.119999885559082,12100,0.0,0.0,0.0
2025-05-14 02:55:00+00:00,15.130000114440918,15.140000343322754,15.130000114440918,15.140000343322754,111302,0.0,0.0,0.0
2025-05-14 03:00:00+00:00,15.140000343322754,15.140000343322754,15.140000343322754,15.140000343322754,2000,0.0,0.0,0.0
2025-05-14 03:05:00+00:00,15.149999618530273,15.149999618530273,15.140000343322754,15.149999618530273,53000,0.0,0.0,0.0
2025-05-14 03:10:00+00:00,15.149999618530273,15.15999984741211,15.149999618530273,15.15999984741211,21980,0.0,0.0,0.0
2025-05-14 03:20:00+00:00,15.15999984741211,15.15999984741211,15.15999984741211,15.15999984741211,21012,0.0,0.0,0.0
2025-05-14 03:25:00+00:00,15.15999984741211,15.170000076293945,15.15999984741211,15.170000076293945,67000,0.0,0.0,0.0
2025-05-14 03:30:00+00:00,15.170000076293945,15.180000305175781,15.170000076293945,15.180000305175781,13070,0.0,0.0,0.0
2025-05-14 03:35:00+00:00,15.180000305175781,15.180000305175781,15.149999618530273,15.149999618530273,56000,0.0,0.0,0.0
2025-05-14 03:40:00+00:00,15.15999984741211,15.15999984741211,15.15999984741211,15.15999984741211,1000,0.0,0.0,0.0
2025-05-14 03:45:00+00:00,15.170000076293945,15.170000076293945,15.15999984741211,15.15999984741211,22170,0.0,0.0,0.0
2025-05-14 03:55:00+00:00,15.149999618530273,15.149999618530273,15.149999618530273,15.149999618530273,1000,0.0,0.0,0.0
2025-05-14 04:00:00+00:00,15.149999618530273,15.149999618530273,15.149999618530273,15.149999618530273,20100,0.0,0.0,0.0
2025-05-14 04:05:00+00:00,15.15999984741211,15.170000076293945,15.15999984741211,15.170000076293945,116204,0.0,0.0,0.0
2025-05-14 04:15:00+00:00,15.15999984741211,15.15999984741211,15.15999984741211,15.15999984741211,5293,0.0,0.0,0.0
2025-05-14 04:20:00+00:00,15.170000076293945,15.170000076293945,15.170000076293945,15.170000076293945,14654,0.0,0.0,0.0
2025-05-14 04:25:00+00:00,15.170000076293945,15.180000305175781,15.15999984741211,15.180000305175781,95527,0.0,0.0,0.0
2025-05-14 04:30:00+00:00,15.1899995803833,15.1899995803833,15.1899995803833,15.1899995803833,21100,0.0,0.0,0.0
2025-05-14 04:35:00+00:00,15.1899995803833,15.1899995803833,15.1899995803833,15.1899995803833,10000,0.0,0.0,0.0
2025-05-14 04:40:00+00:00,15.1899995803833,15.1899995803833,15.1899995803833,15.1899995803833,27114,0.0,0.0,0.0
2025-05-14 04:45:00+00:00,15.180000305175781,15.180000305175781,15.180000305175781,15.180000305175781,30010,0.0,0.0,0.0
2025-05-14 04:50:00+00:00,15.180000305175781,15.180000305175781,15.170000076293945,15.180000305175781,5148,0.0,0.0,0.0
2025-05-14 05:00:00+00:00,15.180000305175781,15.180000305175781,15.170000076293945,15.170000076293945,8382,0.0,0.0,0.0
2025-05-14 05:05:00+00:00,15.170000076293945,15.180000305175781,15.170000076293945,15.180000305175781,106248,0.0,0.0,0.0
2025-05-14 05:10:00+00:00,15.170000076293945,15.170000076293945,15.170000076293945,15.170000076293945,13002,0.0,0.0,0.0
2025-05-14 05:15:00+00:00,15.170000076293945,15.170000076293945,15.170000076293945,15.170000076293945,8196,0.0,0.0,0.0
2025-05-14 05:20:00+00:00,15.170000076293945,15.1899995803833,15.170000076293945,15.170000076293945,18553,0.0,0.0,0.0
2025-05-15 01:00:00+00:00,15.210000038146973,15.25,15.210000038146973,15.25,0,0.0,0.0,0.0
2025-05-15 01:05:00+00:00,15.239999771118164,15.270000457763672,15.229999542236328,15.229999542236328,50737,0.0,0.0,0.0
2025-05-15 01:10:00+00:00,15.239999771118164,15.239999771118164,15.239999771118164,15.239999771118164,29147,0.0,0.0,0.0
2025-05-15 01:15:00+00:00,15.25,15.260000228881836,15.25,15.260000228881836,11040,0.0,0.0,0.0
2025-05-15 01:20:00+00:00,15.220000267028809,15.220000267028809,15.199999809265137,15.199999809265137,113315,0.0,0.0,0.0
2025-05-15 01:25:00+00:00,15.1899995803833,15.1899995803833,15.1899995803833,15.1899995803833,3044,0.0,0.0,0.0
2025-05-15 01:30:00+00:00,15.15999984741211,15.1899995803833,15.15999984741211,15.1899995803833,28806,0.0,0.0,0.0
2025-05-15 01:35:00+00:00,15.1899995803833,15.210000038146973,15.1899995803833,15.199999809265137,30083,0.0,0.0,0.0
2025-05-15 01:40:00+00:00,15.199999809265137,15.239999771118164,15.199999809265137,15.239999771118164,47109,0.0,0.0,0.0
2025-05-15 01:45:00+00:00,15.25,15.260000228881836,15.25,15.25,80980,0.0,0.0,0.0
2025-05-15 01:50:00+00:00,15.25,15.25,15.25,15.25,203688,0.0,0.0,0.0
2025-05-15 01:55:00+00:00,15.239999771118164,15.239999771118164,15.239999771118164,15.239999771118164,33180,0.0,0.0,0.0
2025-05-15 02:00:00+00:00,15.220000267028809,15.220000267028809,15.210000038146973,15.210000038146973,102320,0.0,0.0,0.0
2025-05-15 02:10:00+00:00,15.210000038146973,15.210000038146973,15.210000038146973,15.210000038146973,13000,0.0,0.0,0.0
2025-05-15 02:15:00+00:00,15.220000267028809,15.220000267028809,15.220000267028809,15.220000267028809,12000,0.0,0.0,0.0
2025-05-15 02:20:00+00:00,15.210000038146973,15.210000038146973,15.210000038146973,15.210000038146973,100006,0.0,0.0,0.0
2025-05-15 02:30:00+00:00,15.210000038146973,15.220000267028809,15.210000038146973,15.220000267028809,44028,0.0,0.0,0.0
2025-05-15 02:35:00+00:00,15.220000267028809,15.220000267028809,15.220000267028809,15.220000267028809,7000,0.0,0.0,0.0
2025-05-15 02:40:00+00:00,15.220000267028809,15.229999542236328,15.220000267028809,15.229999542236328,21815,0.0,0.0,0.0
2025-05-15 02:45:00+00:00,15.220000267028809,15.229999542236328,15.220000267028809,15.229999542236328,17233,0.0,0.0,0.0
2025-05-15 02:50:00+00:00,15.239999771118164,15.25,15.239999771118164,15.239999771118164,20068,0.0,0.0,0.0
2025-05-15 02:55:00+00:00,15.239999771118164,15.25,15.239999771118164,15.25,33009,0.0,0.0,0.0
2025-05-15 03:00:00+00:00,15.260000228881836,15.260000228881836,15.260000228881836,15.260000228881836,6082,0.0,0.0,0.0
2025-05-15 03:15:00+00:00,15.25,15.25,15.25,15.25,13000,0.0,0.0,0.0
2025-05-15 03:20:00+00:00,15.25,15.25,15.239999771118164,15.239999771118164,8007,0.0,0.0,0.0
2025-05-15 03:25:00+00:00,15.239999771118164,15.239999771118164,15.239999771118164,15.239999771118164,2000,0.0,0.0,0.0
2025-05-15 03:30:00+00:00,15.239999771118164,15.239999771118164,15.239999771118164,15.239999771118164,9500,0.0,0.0,0.0
2025-05-15 03:35:00+00:00,15.229999542236328,15.229999542236328,15.229999542236328,15.229999542236328,1000,0.0,0.0,0.0
2025-05-15 03:40:00+00:00,15.229999542236328,15.229999542236328,15.220000267028809,15.220000267028809,6100,0.0,0.0,0.0
2025-05-15 03:45:00+00:00,15.229999542236328,15.229999542236328,15.229999542236328,15.229999542236328,3000,0.0,0.0,0.0
2025-05-15 03:55:00+00:00,15.229999542236328,15.229999542236328,15.229999542236328,15.229999542236328,29561,0.0,0.0,0.0
2025-05-15 04:05:00+00:00,15.229999542236328,15.229999542236328,15.229999542236328,15.229999542236328,1010,0.0,0.0,0.0
2025-05-15 04:10:00+00:00,15.229999542236328,15.229999542236328,15.229999542236328,15.229999542236328,8000,0.0,0.0,0.0
2025-05-15 04:15:00+00:00,15.229999542236328,15.229999542236328,15.229999542236328,15.229999542236328,6000,0.0,0.0,0.0
2025-05-15 04:20:00+00:00,15.229999542236328,15.229999542236328,15.229999542236328,15.229999542236328,2229,0.0,0.0,0.0
2025-05-15 04:25:00+00:00,15.229999542236328,15.229999542236328,15.229999542236328,15.229999542236328,4000,0.0,0.0,0.0
2025-05-15 04:30:00+00:00,15.229999542236328,15.229999542236328,15.220000267028809,15.220000267028809,17000,0.0,0.0,0.0
2025-05-15 04:35:00+00:00,15.229999542236328,15.229999542236328,15.220000267028809,15.220000267028809,22100,0.0,0.0,0.0
2025-05-15 04:40:00+00:00,15.220000267028809,15.229999542236328,15.220000267028809,15.229999542236328,14090,0.0,0.0,0.0
2025-05-15 04:45:00+00:00,15.229999542236328,15.229999542236328,15.229999542236328,15.229999542236328,11000,0.0,0.0,0.0
2025-05-15 04:50:00+00:00,15.220000267028809,15.229999542236328,15.220000267028809,15.229999542236328,16500,0.0,0.0,0.0
2025-05-15 04:55:00+00:00,15.229999542236328,15.229999542236328,15.229999542236328,15.229999542236328,1000,0.0,0.0,0.0
2025-05-15 05:00:00+00:00,15.229999542236328,15.229999542236328,15.229999542236328,15.229999542236328,10632,0.0,0.0,0.0
2025-05-15 05:05:00+00:00,15.229999542236328,15.229999542236328,15.229999542236328,15.229999542236328,26063,0.0,0.0,0.0
2025-05-15 05:10:00+00:00,15.229999542236328,15.229999542236328,15.229999542236328,15.229999542236328,6000,0.0,0.0,0.0
2025-05-15 05:15:00+00:00,15.229999542236328,15.229999542236328,15.229999542236328,15.229999542236328,9710,0.0,0.0,0.0
2025-05-15 05:20:00+00:00,15.239999771118164,15.239999771118164,15.229999542236328,15.229999542236328,7000,0.0,0.0,0.0
2025-05-16 01:00:00+00:00,15.270000457763672,15.289999961853027,15.270000457763672,15.289999961853027,0,0.0,0.0,0.0
2025-05-16 01:05:00+00:00,15.270000457763672,15.270000457763672,15.270000457763672,15.270000457763672,10613,0.0,0.0,0.0
2025-05-16 01:10:00+00:00,15.270000457763672,15.270000457763672,15.270000457763672,15.270000457763672,90070,0.0,0.0,0.0
2025-05-16 01:15:00+00:00,15.279999732971191,15.300000190734863,15.279999732971191,15.300000190734863,142825,0.0,0.0,0.0
2025-05-16 01:20:00+00:00,15.300000190734863,15.300000190734863,15.300000190734863,15.300000190734863,47100,0.0,0.0,0.0
2025-05-16 01:25:00+00:00,15.300000190734863,15.3100004196167,15.300000190734863,15.3100004196167,36201,0.0,0.0,0.0
2025-05-16 01:30:00+00:00,15.3100004196167,15.3100004196167,15.300000190734863,15.3100004196167,20750,0.0,0.0,0.0
2025-05-16 01:35:00+00:00,15.319999694824219,15.359999656677246,15.319999694824219,15.359999656677246,113439,0.0,0.0,0.0
2025-05-16 01:40:00+00:00,15.350000381469727,15.359999656677246,15.350000381469727,15.359999656677246,5480,0.0,0.0,0.0
2025-05-16 01:45:00+00:00,15.369999885559082,15.380000114440918,15.359999656677246,15.359999656677246,32185,0.0,0.0,0.0
2025-05-16 01:50:00+00:00,15.350000381469727,15.350000381469727,15.350000381469727,15.350000381469727,1065,0.0,0.0,0.0
2025-05-16 01:55:00+00:00,15.359999656677246,15.380000114440918,15.350000381469727,15.380000114440918,71139,0.0,0.0,0.0
2025-05-16 02:00:00+00:00,15.390000343322754,15.399999618530273,15.380000114440918,15.380000114440918,11500,0.0,0.0,0.0
2025-05-16 02:05:00+00:00,15.380000114440918,15.380000114440918,15.380000114440918,15.380000114440918,2038,0.0,0.0,0.0
2025-05-16 02:10:00+00:00,15.369999885559082,15.369999885559082,15.369999885559082,15.369999885559082,7000,0.0,0.0,0.0
2025-05-16 02:15:00+00:00,15.369999885559082,15.369999885559082,15.369999885559082,15.369999885559082,3118,0.0,0.0,0.0
2025-05-16 02:20:00+00:00,15.369999885559082,15.390000343322754,15.369999885559082,15.380000114440918,78025,0.0,0.0,0.0
2025-05-16 02:25:00+00:00,15.390000343322754,15.390000343322754,15.390000343322754,15.390000343322754,4018,0.0,0.0,0.0
2025-05-16 02:30:00+00:00,15.399999618530273,15.399999618530273,15.399999618530273,15.399999618530273,109100,0.0,0.0,0.0
2025-05-16 02:35:00+00:00,15.40999984741211,15.430000305175781,15.40999984741211,15.430000305175781,88430,0.0,0.0,0.0
2025-05-16 02:40:00+00:00,15.430000305175781,15.430000305175781,15.430000305175781,15.430000305175781,22000,0.0,0.0,0.0
2025-05-16 02:45:00+00:00,15.4399995803833,15.4399995803833,15.430000305175781,15.430000305175781,4351,0.0,0.0,0.0
2025-05-16 02:50:00+00:00,15.40999984741211,15.40999984741211,15.40999984741211,15.40999984741211,13580,0.0,0.0,0.0
2025-05-16 02:55:00+00:00,15.420000076293945,15.420000076293945,15.420000076293945,15.420000076293945,4017,0.0,0.0,0.0
2025-05-16 03:00:00+00:00,15.420000076293945,15.420000076293945,15.40999984741211,15.40999984741211,5300,0.0,0.0,0.0
2025-05-16 03:05:00+00:00,15.40999984741211,15.420000076293945,15.40999984741211,15.420000076293945,31027,0.0,0.0,0.0
2025-05-16 03:10:00+00:00,15.430000305175781,15.4399995803833,15.430000305175781,15.4399995803833,76300,0.0,0.0,0.0
2025-05-16 03:15:00+00:00,15.449999809265137,15.449999809265137,15.4399995803833,15.449999809265137,94380,0.0,0.0,0.0
2025-05-16 03:20:00+00:00,15.449999809265137,15.460000038146973,15.449999809265137,15.449999809265137,7991,0.0,0.0,0.0
2025-05-16 03:25:00+00:00,15.460000038146973,15.460000038146973,15.460000038146973,15.460000038146973,20018,0.0,0.0,0.0
2025-05-16 03:30:00+00:00,15.449999809265137,15.449999809265137,15.449999809265137,15.449999809265137,18118,0.0,0.0,0.0
2025-05-16 03:35:00+00:00,15.4399995803833,15.4399995803833,15.420000076293945,15.420000076293945,205729,0.0,0.0,0.0
2025-05-16 03:40:00+00:00,15.40999984741211,15.40999984741211,15.399999618530273,15.399999618530273,7088,0.0,0.0,0.0
2025-05-16 03:45:00+00:00,15.399999618530273,15.399999618530273,15.399999618530273,15.399999618530273,29002,0.0,0.0,0.0
2025-05-16 03:50:00+00:00,15.399999618530273,15.399999618530273,15.399999618530273,15.399999618530273,10119,0.0,0.0,0.0
2025-05-16 03:55:00+00:00,15.390000343322754,15.390000343322754,15.390000343322754,15.390000343322754,33027,0.0,0.0,0.0
2025-05-16 04:05:00+00:00,15.399999618530273,15.399999618530273,15.399999618530273,15.399999618530273,8019,0.0,0.0,0.0
2025-05-16 04:10:00+00:00,15.399999618530273,15.399999618530273,15.399999618530273,15.399999618530273,1000,0.0,0.0,0.0
2025-05-16 04:15:00+00:00,15.399999618530273,15.399999618530273,15.399999618530273,15.399999618530273,40973,0.0,0.0,0.0
2025-05-16 04:25:00+00:00,15.399999618530273,15.399999618530273,15.399999618530273,15.399999618530273,10200,0.0,0.0,0.0
2025-05-16 04:30:00+00:00,15.399999618530273,15.40999984741211,15.399999618530273,15.40999984741211,29218,0.0,0.0,0.0
2025-05-16 04:35:00+00:00,15.40999984741211,15.420000076293945,15.40999984741211,15.420000076293945,24356,0.0,0.0,0.0
2025-05-16 04:40:00+00:00,15.420000076293945,15.420000076293945,15.420000076293945,15.420000076293945,3547,0.0,0.0,0.0
2025-05-16 04:45:00+00:00,15.420000076293945,15.430000305175781,15.420000076293945,15.430000305175781,7584,0.0,0.0,0.0
2025-05-16 04:55:00+00:00,15.399999618530273,15.399999618530273,15.399999618530273,15.399999618530273,74282,0.0,0.0,0.0
2025-05-16 05:00:00+00:00,15.399999618530273,15.40999984741211,15.399999618530273,15.40999984741211,65750,0.0,0.0,0.0
2025-05-16 05:05:00+00:00,15.40999984741211,15.40999984741211,15.40999984741211,15.40999984741211,6271,0.0,0.0,0.0
2025-05-16 05:10:00+00:00,15.40999984741211,15.40999984741211,15.40999984741211,15.40999984741211,9000,0.0,0.0,0.0
2025-05-16 05:15:00+00:00,15.40999984741211,15.40999984741211,15.40999984741211,15.40999984741211,30230,0.0,0.0,0.0
2025-05-16 05:20:00+00:00,15.40999984741211,15.40999984741211,15.399999618530273,15.40999984741211,14868,0.0,0.0,0.0
2025-05-19 01:00:00+00:00,15.369999885559082,15.399999618530273,15.350000381469727,15.359999656677246,0,0.0,0.0,0.0
2025-05-19 01:05:00+00:00,15.369999885559082,15.380000114440918,15.359999656677246,15.369999885559082,159093,0.0,0.0,0.0
2025-05-19 01:10:00+00:00,15.369999885559082,15.369999885559082,15.34000015258789,15.34000015258789,264890,0.0,0.0,0.0
2025-05-19 01:15:00+00:00,15.329999923706055,15.329999923706055,15.319999694824219,15.319999694824219,14440,0.0,0.0,0.0
2025-05-19 01:20:00+00:00,15.3100004196167,15.3100004196167,15.289999961853027,15.289999961853027,58646,0.0,0.0,0.0
2025-05-19 01:25:00+00:00,15.300000190734863,15.3100004196167,15.289999961853027,15.3100004196167,16265,0.0,0.0,0.0
2025-05-19 01:30:00+00:00,15.329999923706055,15.329999923706055,15.300000190734863,15.3100004196167,31098,0.0,0.0,0.0
2025-05-19 01:35:00+00:00,15.3100004196167,15.329999923706055,15.3100004196167,15.319999694824219,23335,0.0,0.0,0.0
2025-05-19 01:40:00+00:00,15.319999694824219,15.319999694824219,15.3100004196167,15.3100004196167,37114,0.0,0.0,0.0
2025-05-19 01:45:00+00:00,15.319999694824219,15.319999694824219,15.300000190734863,15.300000190734863,145100,0.0,0.0,0.0
2025-05-19 01:50:00+00:00,15.3100004196167,15.3100004196167,15.289999961853027,15.289999961853027,33477,0.0,0.0,0.0
2025-05-19 01:55:00+00:00,15.289999961853027,15.289999961853027,15.289999961853027,15.289999961853027,6384,0.0,0.0,0.0
2025-05-19 02:00:00+00:00,15.289999961853027,15.300000190734863,15.279999732971191,15.300000190734863,40575,0.0,0.0,0.0
2025-05-19 02:05:00+00:00,15.3100004196167,15.319999694824219,15.3100004196167,15.319999694824219,19176,0.0,0.0,0.0
2025-05-19 02:10:00+00:00,15.319999694824219,15.319999694824219,15.3100004196167,15.319999694824219,19117,0.0,0.0,0.0
2025-05-19 02:15:00+00:00,15.329999923706055,15.350000381469727,15.329999923706055,15.350000381469727,11389,0.0,0.0,0.0
2025-05-19 02:20:00+00:00,15.350000381469727,15.350000381469727,15.34000015258789,15.34000015258789,12000,0.0,0.0,0.0
2025-05-19 02:25:00+00:00,15.350000381469727,15.359999656677246,15.350000381469727,15.359999656677246,10444,0.0,0.0,0.0
2025-05-19 02:30:00+00:00,15.359999656677246,15.369999885559082,15.350000381469727,15.350000381469727,113040,0.0,0.0,0.0
2025-05-19 02:35:00+00:00,15.350000381469727,15.359999656677246,15.350000381469727,15.359999656677246,11260,0.0,0.0,0.0
2025-05-19 02:40:00+00:00,15.359999656677246,15.359999656677246,15.359999656677246,15.359999656677246,4000,0.0,0.0,0.0
2025-05-19 02:45:00+00:00,15.369999885559082,15.369999885559082,15.369999885559082,15.369999885559082,3400,0.0,0.0,0.0
2025-05-19 02:55:00+00:00,15.359999656677246,15.359999656677246,15.359999656677246,15.359999656677246,1060,0.0,0.0,0.0
2025-05-19 03:00:00+00:00,15.369999885559082,15.369999885559082,15.369999885559082,15.369999885559082,2153,0.0,0.0,0.0
2025-05-19 03:05:00+00:00,15.359999656677246,15.359999656677246,15.359999656677246,15.359999656677246,1000,0.0,0.0,0.0
2025-05-19 03:10:00+00:00,15.350000381469727,15.350000381469727,15.329999923706055,15.329999923706055,35000,0.0,0.0,0.0
2025-05-19 03:15:00+00:00,15.329999923706055,15.329999923706055,15.319999694824219,15.319999694824219,3168,0.0,0.0,0.0
2025-05-19 03:20:00+00:00,15.329999923706055,15.329999923706055,15.319999694824219,15.319999694824219,20000,0.0,0.0,0.0
2025-05-19 03:25:00+00:00,15.319999694824219,15.319999694824219,15.319999694824219,15.319999694824219,25061,0.0,0.0,0.0
2025-05-19 03:30:00+00:00,15.300000190734863,15.300000190734863,15.300000190734863,15.300000190734863,100410,0.0,0.0,0.0
2025-05-19 03:35:00+00:00,15.279999732971191,15.279999732971191,15.279999732971191,15.279999732971191,7041,0.0,0.0,0.0
2025-05-19 03:45:00+00:00,15.279999732971191,15.279999732971191,15.279999732971191,15.279999732971191,7200,0.0,0.0,0.0
2025-05-19 03:50:00+00:00,15.279999732971191,15.279999732971191,15.279999732971191,15.279999732971191,1000,0.0,0.0,0.0
2025-05-19 03:55:00+00:00,15.300000190734863,15.300000190734863,15.300000190734863,15.300000190734863,13340,0.0,0.0,0.0
2025-05-19 04:15:00+00:00,15.300000190734863,15.300000190734863,15.300000190734863,15.300000190734863,20113,0.0,0.0,0.0
2025-05-19 04:20:00+00:00,15.279999732971191,15.279999732971191,15.279999732971191,15.279999732971191,10010,0.0,0.0,0.0
2025-05-19 04:25:00+00:00,15.279999732971191,15.279999732971191,15.279999732971191,15.279999732971191,2557,0.0,0.0,0.0
2025-05-19 04:30:00+00:00,15.270000457763672,15.279999732971191,15.270000457763672,15.279999732971191,4267,0.0,0.0,0.0
2025-05-19 04:35:00+00:00,15.279999732971191,15.279999732971191,15.279999732971191,15.279999732971191,6000,0.0,0.0,0.0
2025-05-19 04:40:00+00:00,15.270000457763672,15.270000457763672,15.270000457763672,15.270000457763672,9030,0.0,0.0,0.0
2025-05-19 04:45:00+00:00,15.279999732971191,15.279999732971191,15.279999732971191,15.279999732971191,1447,0.0,0.0,0.0
2025-05-19 04:50:00+00:00,15.270000457763672,15.270000457763672,15.260000228881836,15.260000228881836,20220,0.0,0.0,0.0
2025-05-19 04:55:00+00:00,15.260000228881836,15.260000228881836,15.260000228881836,15.260000228881836,6078,0.0,0.0,0.0
2025-05-19 05:05:00+00:00,15.270000457763672,15.270000457763672,15.270000457763672,15.270000457763672,187520,0.0,0.0,0.0
2025-05-19 05:10:00+00:00,15.260000228881836,15.270000457763672,15.260000228881836,15.260000228881836,14205,0.0,0.0,0.0
2025-05-19 05:15:00+00:00,15.260000228881836,15.260000228881836,15.25,15.25,30968,0.0,0.0,0.0
2025-05-19 05:20:00+00:00,15.260000228881836,15.260000228881836,15.260000228881836,15.260000228881836,9123,0.0,0.0,0.0
2025-05-20 01:00:00+00:00,15.270000457763672,15.300000190734863,15.270000457763672,15.279999732971191,0,0.0,0.0,0.0
2025-05-20 01:05:00+00:00,15.289999961853027,15.300000190734863,15.289999961853027,15.300000190734863,58239,0.0,0.0,0.0
2025-05-20 01:10:00+00:00,15.279999732971191,15.279999732971191,15.279999732971191,15.279999732971191,12077,0.0,0.0,0.0
2025-05-20 01:15:00+00:00,15.270000457763672,15.270000457763672,15.25,15.260000228881836,4079,0.0,0.0,0.0
2025-05-20 01:20:00+00:00,15.260000228881836,15.260000228881836,15.25,15.25,8661,0.0,0.0,0.0
2025-05-20 01:25:00+00:00,15.25,15.25,15.239999771118164,15.239999771118164,5145,0.0,0.0,0.0
2025-05-20 01:30:00+00:00,15.25,15.25,15.220000267028809,15.220000267028809,15078,0.0,0.0,0.0
2025-05-20 01:35:00+00:00,15.220000267028809,15.220000267028809,15.210000038146973,15.210000038146973,28231,0.0,0.0,0.0
2025-05-20 01:40:00+00:00,15.220000267028809,15.229999542236328,15.220000267028809,15.229999542236328,23222,0.0,0.0,0.0
2025-05-20 01:45:00+00:00,15.229999542236328,15.25,15.229999542236328,15.25,20100,0.0,0.0,0.0
2025-05-20 01:50:00+00:00,15.25,15.25,15.25,15.25,9092,0.0,0.0,0.0
2025-05-20 01:55:00+00:00,15.260000228881836,15.260000228881836,15.260000228881836,15.260000228881836,13142,0.0,0.0,0.0
2025-05-20 02:00:00+00:00,15.270000457763672,15.279999732971191,15.270000457763672,15.279999732971191,74376,0.0,0.0,0.0
2025-05-20 02:05:00+00:00,15.279999732971191,15.279999732971191,15.270000457763672,15.270000457763672,7709,0.0,0.0,0.0
2025-05-20 02:10:00+00:00,15.279999732971191,15.289999961853027,15.279999732971191,15.289999961853027,33346,0.0,0.0,0.0
2025-05-20 02:15:00+00:00,15.260000228881836,15.270000457763672,15.260000228881836,15.270000457763672,102000,0.0,0.0,0.0
2025-05-20 02:25:00+00:00,15.260000228881836,15.260000228881836,15.260000228881836,15.260000228881836,3097,0.0,0.0,0.0
2025-05-20 02:30:00+00:00,15.260000228881836,15.260000228881836,15.260000228881836,15.260000228881836,1173,0.0,0.0,0.0
2025-05-20 02:35:00+00:00,15.270000457763672,15.300000190734863,15.270000457763672,15.300000190734863,149078,0.0,0.0,0.0
2025-05-20 02:40:00+00:00,15.300000190734863,15.3100004196167,15.300000190734863,15.3100004196167,115750,0.0,0.0,0.0
2025-05-20 02:45:00+00:00,15.3100004196167,15.3100004196167,15.3100004196167,15.3100004196167,1275,0.0,0.0,0.0
2025-05-20 02:50:00+00:00,15.300000190734863,15.300000190734863,15.300000190734863,15.300000190734863,5000,0.0,0.0,0.0
2025-05-20 02:55:00+00:00,15.300000190734863,15.300000190734863,15.300000190734863,15.300000190734863,6150,0.0,0.0,0.0
2025-05-20 03:00:00+00:00,15.300000190734863,15.3100004196167,15.300000190734863,15.3100004196167,26335,0.0,0.0,0.0
2025-05-20 03:15:00+00:00,15.300000190734863,15.300000190734863,15.289999961853027,15.289999961853027,50188,0.0,0.0,0.0
2025-05-20 03:20:00+00:00,15.289999961853027,15.300000190734863,15.289999961853027,15.300000190734863,23029,0.0,0.0,0.0
2025-05-20 03:25:00+00:00,15.289999961853027,15.289999961853027,15.289999961853027,15.289999961853027,12000,0.0,0.0,0.0
2025-05-20 03:30:00+00:00,15.289999961853027,15.289999961853027,15.289999961853027,15.289999961853027,1000,0.0,0.0,0.0
2025-05-20 03:35:00+00:00,15.289999961853027,15.289999961853027,15.289999961853027,15.289999961853027,11300,0.0,0.0,0.0
2025-05-20 03:40:00+00:00,15.289999961853027,15.300000190734863,15.289999961853027,15.300000190734863,29803,0.0,0.0,0.0
2025-05-20 03:55:00+00:00,15.300000190734863,15.300000190734863,15.300000190734863,15.300000190734863,2000,0.0,0.0,0.0
2025-05-20 04:00:00+00:00,15.300000190734863,15.300000190734863,15.300000190734863,15.300000190734863,3830,0.0,0.0,0.0
2025-05-20 04:10:00+00:00,15.279999732971191,15.279999732971191,15.279999732971191,15.279999732971191,1000,0.0,0.0,0.0
2025-05-20 04:15:00+00:00,15.279999732971191,15.279999732971191,15.260000228881836,15.260000228881836,15201,0.0,0.0,0.0
2025-05-20 04:20:00+00:00,15.260000228881836,15.260000228881836,15.260000228881836,15.260000228881836,5100,0.0,0.0,0.0
2025-05-20 04:25:00+00:00,15.260000228881836,15.260000228881836,15.260000228881836,15.260000228881836,24559,0.0,0.0,0.0
2025-05-20 04:30:00+00:00,15.270000457763672,15.270000457763672,15.270000457763672,15.270000457763672,18210,0.0,0.0,0.0
2025-05-20 04:40:00+00:00,15.260000228881836,15.260000228881836,15.260000228881836,15.260000228881836,64521,0.0,0.0,0.0
2025-05-20 04:50:00+00:00,15.260000228881836,15.260000228881836,15.260000228881836,15.260000228881836,100000,0.0,0.0,0.0
2025-05-20 05:05:00+00:00,15.260000228881836,15.260000228881836,15.260000228881836,15.260000228881836,19100,0.0,0.0,0.0
2025-05-20 05:10:00+00:00,15.260000228881836,15.260000228881836,15.260000228881836,15.260000228881836,2297,0.0,0.0,0.0
2025-05-20 05:15:00+00:00,15.260000228881836,15.260000228881836,15.260000228881836,15.260000228881836,1000,0.0,0.0,0.0
2025-05-20 05:20:00+00:00,15.260000228881836,15.270000457763672,15.260000228881836,15.260000228881836,36042,0.0,0.0,0.0
2025-05-21 01:00:00+00:00,15.260000228881836,15.300000190734863,15.260000228881836,15.300000190734863,0,0.0,0.0,0.0
2025-05-21 01:05:00+00:00,15.3100004196167,15.3100004196167,15.289999961853027,15.289999961853027,9110,0.0,0.0,0.0
2025-05-21 01:15:00+00:00,15.289999961853027,15.289999961853027,15.289999961853027,15.289999961853027,1650,0.0,0.0,0.0
2025-05-21 01:20:00+00:00,15.270000457763672,15.270000457763672,15.270000457763672,15.270000457763672,13075,0.0,0.0,0.0
2025-05-21 01:25:00+00:00,15.279999732971191,15.279999732971191,15.279999732971191,15.279999732971191,1000,0.0,0.0,0.0
2025-05-21 01:30:00+00:00,15.279999732971191,15.279999732971191,15.270000457763672,15.270000457763672,4402,0.0,0.0,0.0
2025-05-21 01:35:00+00:00,15.270000457763672,15.270000457763672,15.270000457763672,15.270000457763672,2270,0.0,0.0,0.0
2025-05-21 01:45:00+00:00,15.270000457763672,15.289999961853027,15.270000457763672,15.270000457763672,82289,0.0,0.0,0.0
2025-05-21 01:50:00+00:00,15.289999961853027,15.289999961853027,15.289999961853027,15.289999961853027,9066,0.0,0.0,0.0
2025-05-21 01:55:00+00:00,15.300000190734863,15.3100004196167,15.300000190734863,15.3100004196167,68528,0.0,0.0,0.0
2025-05-21 02:05:00+00:00,15.279999732971191,15.279999732971191,15.279999732971191,15.279999732971191,1000,0.0,0.0,0.0
2025-05-21 02:10:00+00:00,15.289999961853027,15.3100004196167,15.289999961853027,15.3100004196167,9257,0.0,0.0,0.0
2025-05-21 02:15:00+00:00,15.3100004196167,15.3100004196167,15.3100004196167,15.3100004196167,9305,0.0,0.0,0.0
2025-05-21 02:25:00+00:00,15.3100004196167,15.3100004196167,15.3100004196167,15.3100004196167,1297,0.0,0.0,0.0
2025-05-21 02:30:00+00:00,15.3100004196167,15.3100004196167,15.3100004196167,15.3100004196167,8220,0.0,0.0,0.0
2025-05-21 02:35:00+00:00,15.3100004196167,15.3100004196167,15.3100004196167,15.3100004196167,5027,0.0,0.0,0.0
2025-05-21 02:40:00+00:00,15.319999694824219,15.329999923706055,15.319999694824219,15.329999923706055,34004,0.0,0.0,0.0
2025-05-21 02:45:00+00:00,15.329999923706055,15.329999923706055,15.329999923706055,15.329999923706055,1000,0.0,0.0,0.0
2025-05-21 02:50:00+00:00,15.319999694824219,15.319999694824219,15.319999694824219,15.319999694824219,30000,0.0,0.0,0.0
2025-05-21 02:55:00+00:00,15.319999694824219,15.319999694824219,15.319999694824219,15.319999694824219,1777,0.0,0.0,0.0
2025-05-21 03:00:00+00:00,15.329999923706055,15.350000381469727,15.329999923706055,15.350000381469727,56300,0.0,0.0,0.0
2025-05-21 03:05:00+00:00,15.350000381469727,15.359999656677246,15.350000381469727,15.359999656677246,29000,0.0,0.0,0.0
2025-05-21 03:10:00+00:00,15.359999656677246,15.359999656677246,15.359999656677246,15.359999656677246,3005,0.0,0.0,0.0
2025-05-21 03:15:00+00:00,15.359999656677246,15.359999656677246,15.359999656677246,15.359999656677246,7000,0.0,0.0,0.0
2025-05-21 03:20:00+00:00,15.359999656677246,15.359999656677246,15.359999656677246,15.359999656677246,60150,0.0,0.0,0.0
2025-05-21 03:25:00+00:00,15.350000381469727,15.350000381469727,15.350000381469727,15.350000381469727,1130,0.0,0.0,0.0
2025-05-21 03:35:00+00:00,15.359999656677246,15.359999656677246,15.359999656677246,15.359999656677246,1000,0.0,0.0,0.0
2025-05-21 03:40:00+00:00,15.359999656677246,15.359999656677246,15.359999656677246,15.359999656677246,1325,0.0,0.0,0.0
2025-05-21 03:50:00+00:00,15.350000381469727,15.350000381469727,15.350000381469727,15.350000381469727,8130,0.0,0.0,0.0
2025-05-21 03:55:00+00:00,15.34000015258789,15.350000381469727,15.34000015258789,15.350000381469727,21714,0.0,0.0,0.0
2025-05-21 04:10:00+00:00,15.350000381469727,15.350000381469727,15.350000381469727,15.350000381469727,2000,0.0,0.0,0.0
2025-05-21 04:15:00+00:00,15.350000381469727,15.350000381469727,15.350000381469727,15.350000381469727,43000,0.0,0.0,0.0
2025-05-21 04:20:00+00:00,15.350000381469727,15.359999656677246,15.350000381469727,15.359999656677246,20000,0.0,0.0,0.0
2025-05-21 04:25:00+00:00,15.359999656677246,15.359999656677246,15.350000381469727,15.350000381469727,4800,0.0,0.0,0.0
2025-05-21 04:30:00+00:00,15.359999656677246,15.359999656677246,15.359999656677246,15.359999656677246,64000,0.0,0.0,0.0
2025-05-21 04:35:00+00:00,15.359999656677246,15.369999885559082,15.359999656677246,15.369999885559082,163400,0.0,0.0,0.0
2025-05-21 04:40:00+00:00,15.369999885559082,15.369999885559082,15.359999656677246,15.359999656677246,11020,0.0,0.0,0.0
2025-05-21 04:45:00+00:00,15.359999656677246,15.359999656677246,15.359999656677246,15.359999656677246,1337,0.0,0.0,0.0
2025-05-21 04:50:00+00:00,15.359999656677246,15.359999656677246,15.359999656677246,15.359999656677246,1500,0.0,0.0,0.0
2025-05-21 04:55:00+00:00,15.359999656677246,15.359999656677246,15.359999656677246,15.359999656677246,2063,0.0,0.0,0.0
2025-05-21 05:00:00+00:00,15.359999656677246,15.369999885559082,15.359999656677246,15.369999885559082,127548,0.0,0.0,0.0
2025-05-21 05:05:00+00:00,15.369999885559082,15.369999885559082,15.369999885559082,15.369999885559082,1200,0.0,0.0,0.0
2025-05-21 05:10:00+00:00,15.369999885559082,15.369999885559082,15.369999885559082,15.369999885559082,2010,0.0,0.0,0.0
2025-05-21 05:15:00+00:00,15.369999885559082,15.380000114440918,15.369999885559082,15.380000114440918,69006,0.0,0.0,0.0
2025-05-21 05:20:00+00:00,15.380000114440918,15.390000343322754,15.380000114440918,15.390000343322754,15577,0.0,0.0,0.0
2025-05-22 01:00:00+00:00,15.239999771118164,15.289999961853027,15.239999771118164,15.289999961853027,0,0.0,0.0,0.0
2025-05-22 01:05:00+00:00,15.289999961853027,15.300000190734863,15.289999961853027,15.300000190734863,19746,0.0,0.0,0.0
2025-05-22 01:10:00+00:00,15.3100004196167,15.3100004196167,15.300000190734863,15.3100004196167,73000,0.0,0.0,0.0
2025-05-22 01:15:00+00:00,15.300000190734863,15.300000190734863,15.25,15.25,133200,0.0,0.0,0.0
2025-05-22 01:20:00+00:00,15.25,15.279999732971191,15.25,15.279999732971191,6000,0.0,0.0,0.0
2025-05-22 01:25:00+00:00,15.300000190734863,15.300000190734863,15.300000190734863,15.300000190734863,7290,0.0,0.0,0.0
2025-05-22 01:30:00+00:00,15.300000190734863,15.300000190734863,15.300000190734863,15.300000190734863,5250,0.0,0.0,0.0
2025-05-22 01:40:00+00:00,15.300000190734863,15.300000190734863,15.300000190734863,15.300000190734863,4000,0.0,0.0,0.0
2025-05-22 01:45:00+00:00,15.3100004196167,15.3100004196167,15.300000190734863,15.300000190734863,146670,0.0,0.0,0.0
2025-05-22 01:50:00+00:00,15.289999961853027,15.300000190734863,15.289999961853027,15.300000190734863,5486,0.0,0.0,0.0
2025-05-22 01:55:00+00:00,15.25,15.25,15.25,15.25,13430,0.0,0.0,0.0
2025-05-22 02:00:00+00:00,15.25,15.25,15.25,15.25,6333,0.0,0.0,0.0
2025-05-22 02:05:00+00:00,15.25,15.270000457763672,15.25,15.270000457763672,32280,0.0,0.0,0.0
2025-05-22 02:10:00+00:00,15.270000457763672,15.270000457763672,15.270000457763672,15.270000457763672,6010,0.0,0.0,0.0
2025-05-22 02:20:00+00:00,15.300000190734863,15.300000190734863,15.300000190734863,15.300000190734863,2000,0.0,0.0,0.0
2025-05-22 02:25:00+00:00,15.300000190734863,15.3100004196167,15.300000190734863,15.3100004196167,25800,0.0,0.0,0.0
2025-05-22 02:30:00+00:00,15.3100004196167,15.3100004196167,15.3100004196167,15.3100004196167,7115,0.0,0.0,0.0
2025-05-22 02:35:00+00:00,15.3100004196167,15.319999694824219,15.3100004196167,15.319999694824219,13000,0.0,0.0,0.0
2025-05-22 02:40:00+00:00,15.319999694824219,15.329999923706055,15.319999694824219,15.329999923706055,8009,0.0,0.0,0.0
2025-05-22 02:45:00+00:00,15.329999923706055,15.329999923706055,15.329999923706055,15.329999923706055,5641,0.0,0.0,0.0
2025-05-22 02:50:00+00:00,15.319999694824219,15.319999694824219,15.319999694824219,15.319999694824219,2100,0.0,0.0,0.0
2025-05-22 02:55:00+00:00,15.3100004196167,15.3100004196167,15.3100004196167,15.3100004196167,1000,0.0,0.0,0.0
2025-05-22 03:00:00+00:00,15.3100004196167,15.3100004196167,15.3100004196167,15.3100004196167,4209,0.0,0.0,0.0
2025-05-22 03:05:00+00:00,15.3100004196167,15.3100004196167,15.3100004196167,15.3100004196167,7000,0.0,0.0,0.0
2025-05-22 03:10:00+00:00,15.3100004196167,15.319999694824219,15.3100004196167,15.319999694824219,63000,0.0,0.0,0.0
2025-05-22 03:15:00+00:00,15.329999923706055,15.34000015258789,15.329999923706055,15.34000015258789,31461,0.0,0.0,0.0
2025-05-22 03:20:00+00:00,15.350000381469727,15.350000381469727,15.350000381469727,15.350000381469727,9191,0.0,0.0,0.0
2025-05-22 03:25:00+00:00,15.359999656677246,15.359999656677246,15.359999656677246,15.359999656677246,11107,0.0,0.0,0.0
2025-05-22 03:30:00+00:00,15.359999656677246,15.359999656677246,15.359999656677246,15.359999656677246,5000,0.0,0.0,0.0
2025-05-22 03:35:00+00:00,15.359999656677246,15.380000114440918,15.359999656677246,15.380000114440918,30237,0.0,0.0,0.0
2025-05-22 03:40:00+00:00,15.380000114440918,15.380000114440918,15.380000114440918,15.380000114440918,5000,0.0,0.0,0.0
2025-05-22 03:45:00+00:00,15.369999885559082,15.369999885559082,15.369999885559082,15.369999885559082,8107,0.0,0.0,0.0
2025-05-22 03:55:00+00:00,15.369999885559082,15.390000343322754,15.369999885559082,15.390000343322754,21383,0.0,0.0,0.0
2025-05-22 04:05:00+00:00,15.380000114440918,15.380000114440918,15.380000114440918,15.380000114440918,100013,0.0,0.0,0.0
2025-05-22 04:10:00+00:00,15.359999656677246,15.359999656677246,15.359999656677246,15.359999656677246,2100,0.0,0.0,0.0
2025-05-22 04:20:00+00:00,15.369999885559082,15.380000114440918,15.369999885559082,15.380000114440918,35000,0.0,0.0,0.0
2025-05-22 04:25:00+00:00,15.380000114440918,15.380000114440918,15.380000114440918,15.380000114440918,1000,0.0,0.0,0.0
2025-05-22 04:40:00+00:00,15.369999885559082,15.380000114440918,15.369999885559082,15.380000114440918,5148,0.0,0.0,0.0
2025-05-22 04:45:00+00:00,15.380000114440918,15.380000114440918,15.380000114440918,15.380000114440918,3171,0.0,0.0,0.0
2025-05-22 05:00:00+00:00,15.359999656677246,15.359999656677246,15.359999656677246,15.359999656677246,10776,0.0,0.0,0.0
2025-05-22 05:05:00+00:00,15.359999656677246,15.359999656677246,15.359999656677246,15.359999656677246,1160,0.0,0.0,0.0
2025-05-22 05:15:00+00:00,15.369999885559082,15.369999885559082,15.369999885559082,15.369999885559082,22138,0.0,0.0,0.0
2025-05-22 05:20:00+00:00,15.380000114440918,15.380000114440918,15.369999885559082,15.369999885559082,4781,0.0,0.0,0.0
2025-05-23 01:00:00+00:00,15.390000343322754,15.420000076293945,15.390000343322754,15.40999984741211,0,0.0,0.0,0.0
2025-05-23 01:05:00+00:00,15.399999618530273,15.399999618530273,15.399999618530273,15.399999618530273,14087,0.0,0.0,0.0
2025-05-23 01:10:00+00:00,15.40999984741211,15.420000076293945,15.40999984741211,15.40999984741211,22740,0.0,0.0,0.0
2025-05-23 01:15:00+00:00,15.399999618530273,15.399999618530273,15.390000343322754,15.399999618530273,10000,0.0,0.0,0.0
2025-05-23 01:20:00+00:00,15.399999618530273,15.399999618530273,15.390000343322754,15.390000343322754,48877,0.0,0.0,0.0
2025-05-23 01:25:00+00:00,15.380000114440918,15.380000114440918,15.380000114440918,15.380000114440918,10710,0.0,0.0,0.0
2025-05-23 01:30:00+00:00,15.390000343322754,15.390000343322754,15.380000114440918,15.380000114440918,21210,0.0,0.0,0.0
2025-05-23 01:35:00+00:00,15.380000114440918,15.380000114440918,15.369999885559082,15.380000114440918,20739,0.0,0.0,0.0
2025-05-23 01:40:00+00:00,15.380000114440918,15.380000114440918,15.380000114440918,15.380000114440918,1015,0.0,0.0,0.0
2025-05-23 01:45:00+00:00,15.390000343322754,15.399999618530273,15.390000343322754,15.399999618530273,32356,0.0,0.0,0.0
2025-05-23 01:50:00+00:00,15.399999618530273,15.399999618530273,15.399999618530273,15.399999618530273,100045,0.0,0.0,0.0
2025-05-23 01:55:00+00:00,15.369999885559082,15.369999885559082,15.369999885559082,15.369999885559082,106086,0.0,0.0,0.0
2025-05-23 02:00:00+00:00,15.399999618530273,15.399999618530273,15.399999618530273,15.399999618530273,2112,0.0,0.0,0.0
2025-05-23 02:10:00+00:00,15.369999885559082,15.390000343322754,15.369999885559082,15.390000343322754,5350,0.0,0.0,0.0
2025-05-23 02:15:00+00:00,15.399999618530273,15.399999618530273,15.399999618530273,15.399999618530273,107193,0.0,0.0,0.0
2025-05-23 02:20:00+00:00,15.390000343322754,15.390000343322754,15.390000343322754,15.390000343322754,1126,0.0,0.0,0.0
2025-05-23 02:25:00+00:00,15.380000114440918,15.390000343322754,15.380000114440918,15.390000343322754,3000,0.0,0.0,0.0
2025-05-23 02:30:00+00:00,15.390000343322754,15.390000343322754,15.380000114440918,15.380000114440918,5518,0.0,0.0,0.0
2025-05-23 02:35:00+00:00,15.369999885559082,15.369999885559082,15.359999656677246,15.359999656677246,53160,0.0,0.0,0.0
2025-05-23 02:40:00+00:00,15.369999885559082,15.369999885559082,15.369999885559082,15.369999885559082,4000,0.0,0.0,0.0
2025-05-23 02:45:00+00:00,15.390000343322754,15.390000343322754,15.390000343322754,15.390000343322754,2140,0.0,0.0,0.0
2025-05-23 02:50:00+00:00,15.390000343322754,15.390000343322754,15.390000343322754,15.390000343322754,5063,0.0,0.0,0.0
2025-05-23 03:00:00+00:00,15.390000343322754,15.390000343322754,15.380000114440918,15.380000114440918,8110,0.0,0.0,0.0
2025-05-23 03:05:00+00:00,15.380000114440918,15.380000114440918,15.380000114440918,15.380000114440918,2000,0.0,0.0,0.0
2025-05-23 03:15:00+00:00,15.380000114440918,15.380000114440918,15.380000114440918,15.380000114440918,29311,0.0,0.0,0.0
2025-05-23 03:20:00+00:00,15.390000343322754,15.390000343322754,15.390000343322754,15.390000343322754,46601,0.0,0.0,0.0
2025-05-23 03:30:00+00:00,15.390000343322754,15.390000343322754,15.390000343322754,15.390000343322754,5614,0.0,0.0,0.0
2025-05-23 03:40:00+00:00,15.380000114440918,15.380000114440918,15.380000114440918,15.380000114440918,5081,0.0,0.0,0.0
2025-05-23 03:45:00+00:00,15.380000114440918,15.390000343322754,15.369999885559082,15.369999885559082,18140,0.0,0.0,0.0
2025-05-23 03:50:00+00:00,15.359999656677246,15.359999656677246,15.359999656677246,15.359999656677246,3080,0.0,0.0,0.0
2025-05-23 04:05:00+00:00,15.359999656677246,15.359999656677246,15.350000381469727,15.359999656677246,29263,0.0,0.0,0.0
2025-05-23 04:10:00+00:00,15.369999885559082,15.369999885559082,15.369999885559082,15.369999885559082,20166,0.0,0.0,0.0
2025-05-23 04:20:00+00:00,15.359999656677246,15.359999656677246,15.350000381469727,15.350000381469727,116250,0.0,0.0,0.0
2025-05-23 04:25:00+00:00,15.359999656677246,15.359999656677246,15.350000381469727,15.350000381469727,8281,0.0,0.0,0.0
2025-05-23 04:30:00+00:00,15.34000015258789,15.350000381469727,15.34000015258789,15.350000381469727,19573,0.0,0.0,0.0
2025-05-23 04:45:00+00:00,15.350000381469727,15.350000381469727,15.350000381469727,15.350000381469727,1300,0.0,0.0,0.0
2025-05-23 04:50:00+00:00,15.350000381469727,15.350000381469727,15.350000381469727,15.350000381469727,1700,0.0,0.0,0.0
2025-05-23 04:55:00+00:00,15.34000015258789,15.34000015258789,15.34000015258789,15.34000015258789,23100,0.0,0.0,0.0
2025-05-23 05:00:00+00:00,15.34000015258789,15.350000381469727,15.34000015258789,15.350000381469727,21053,0.0,0.0,0.0
2025-05-23 05:05:00+00:00,15.350000381469727,15.350000381469727,15.34000015258789,15.34000015258789,3000,0.0,0.0,0.0
2025-05-23 05:10:00+00:00,15.34000015258789,15.34000015258789,15.329999923706055,15.329999923706055,2954,0.0,0.0,0.0
2025-05-23 05:20:00+00:00,15.329999923706055,15.34000015258789,15.329999923706055,15.34000015258789,5056,0.0,0.0,0.0
2025-05-26 01:00:00+00:00,15.350000381469727,15.350000381469727,15.34000015258789,15.34000015258789,0,0.0,0.0,0.0
2025-05-26 01:05:00+00:00,15.329999923706055,15.350000381469727,15.329999923706055,15.329999923706055,18387,0.0,0.0,0.0
2025-05-26 01:10:00+00:00,15.34000015258789,15.359999656677246,15.34000015258789,15.359999656677246,201017,0.0,0.0,0.0
2025-05-26 01:15:00+00:00,15.359999656677246,15.359999656677246,15.359999656677246,15.359999656677246,1079,0.0,0.0,0.0
2025-05-26 01:20:00+00:00,15.34000015258789,15.34000015258789,15.34000015258789,15.34000015258789,102130,0.0,0.0,0.0
2025-05-26 01:25:00+00:00,15.329999923706055,15.329999923706055,15.319999694824219,15.319999694824219,6029,0.0,0.0,0.0
2025-05-26 01:30:00+00:00,15.300000190734863,15.300000190734863,15.300000190734863,15.300000190734863,35100,0.0,0.0,0.0
2025-05-26 01:35:00+00:00,15.300000190734863,15.300000190734863,15.300000190734863,15.300000190734863,20100,0.0,0.0,0.0
2025-05-26 01:40:00+00:00,15.319999694824219,15.329999923706055,15.319999694824219,15.319999694824219,181068,0.0,0.0,0.0
2025-05-26 01:45:00+00:00,15.329999923706055,15.329999923706055,15.329999923706055,15.329999923706055,11268,0.0,0.0,0.0
2025-05-26 01:50:00+00:00,15.329999923706055,15.329999923706055,15.319999694824219,15.319999694824219,6000,0.0,0.0,0.0
2025-05-26 01:55:00+00:00,15.3100004196167,15.329999923706055,15.3100004196167,15.329999923706055,47230,0.0,0.0,0.0
2025-05-26 02:00:00+00:00,15.34000015258789,15.34000015258789,15.329999923706055,15.34000015258789,12110,0.0,0.0,0.0
2025-05-26 02:05:00+00:00,15.34000015258789,15.34000015258789,15.34000015258789,15.34000015258789,7118,0.0,0.0,0.0
2025-05-26 02:10:00+00:00,15.34000015258789,15.34000015258789,15.34000015258789,15.34000015258789,1000,0.0,0.0,0.0
2025-05-26 02:15:00+00:00,15.34000015258789,15.34000015258789,15.329999923706055,15.34000015258789,25052,0.0,0.0,0.0
2025-05-26 02:20:00+00:00,15.34000015258789,15.34000015258789,15.319999694824219,15.319999694824219,4000,0.0,0.0,0.0
2025-05-26 02:25:00+00:00,15.300000190734863,15.300000190734863,15.300000190734863,15.300000190734863,3030,0.0,0.0,0.0
2025-05-26 02:30:00+00:00,15.3100004196167,15.319999694824219,15.3100004196167,15.3100004196167,8178,0.0,0.0,0.0
2025-05-26 02:35:00+00:00,15.3100004196167,15.3100004196167,15.300000190734863,15.3100004196167,7085,0.0,0.0,0.0
2025-05-26 02:40:00+00:00,15.3100004196167,15.3100004196167,15.3100004196167,15.3100004196167,2100,0.0,0.0,0.0
2025-05-26 02:45:00+00:00,15.3100004196167,15.3100004196167,15.3100004196167,15.3100004196167,12588,0.0,0.0,0.0
2025-05-26 02:50:00+00:00,15.3100004196167,15.3100004196167,15.3100004196167,15.3100004196167,10117,0.0,0.0,0.0
2025-05-26 02:55:00+00:00,15.300000190734863,15.3100004196167,15.300000190734863,15.3100004196167,20300,0.0,0.0,0.0
2025-05-26 03:00:00+00:00,15.3100004196167,15.329999923706055,15.3100004196167,15.329999923706055,10500,0.0,0.0,0.0
2025-05-26 03:05:00+00:00,15.34000015258789,15.34000015258789,15.34000015258789,15.34000015258789,1398,0.0,0.0,0.0
2025-05-26 03:15:00+00:00,15.329999923706055,15.329999923706055,15.329999923706055,15.329999923706055,1029,0.0,0.0,0.0
2025-05-26 03:20:00+00:00,15.329999923706055,15.329999923706055,15.329999923706055,15.329999923706055,2030,0.0,0.0,0.0
2025-05-26 03:25:00+00:00,15.319999694824219,15.319999694824219,15.319999694824219,15.319999694824219,12207,0.0,0.0,0.0
2025-05-26 03:40:00+00:00,15.319999694824219,15.319999694824219,15.300000190734863,15.300000190734863,12341,0.0,0.0,0.0
2025-05-26 03:45:00+00:00,15.300000190734863,15.300000190734863,15.300000190734863,15.300000190734863,2529,0.0,0.0,0.0
2025-05-26 03:50:00+00:00,15.3100004196167,15.3100004196167,15.3100004196167,15.3100004196167,1000,0.0,0.0,0.0
2025-05-26 03:55:00+00:00,15.3100004196167,15.3100004196167,15.3100004196167,15.3100004196167,1054,0.0,0.0,0.0
2025-05-26 04:05:00+00:00,15.319999694824219,15.319999694824219,15.319999694824219,15.319999694824219,4018,0.0,0.0,0.0
2025-05-26 04:10:00+00:00,15.319999694824219,15.319999694824219,15.3100004196167,15.3100004196167,6105,0.0,0.0,0.0
2025-05-26 04:15:00+00:00,15.3100004196167,15.3100004196167,15.300000190734863,15.300000190734863,5010,0.0,0.0,0.0
2025-05-26 04:20:00+00:00,15.300000190734863,15.319999694824219,15.300000190734863,15.319999694824219,11198,0.0,0.0,0.0
2025-05-26 04:25:00+00:00,15.319999694824219,15.319999694824219,15.319999694824219,15.319999694824219,65000,0.0,0.0,0.0
2025-05-26 04:30:00+00:00,15.329999923706055,15.329999923706055,15.319999694824219,15.329999923706055,28945,0.0,0.0,0.0
2025-05-26 04:35:00+00:00,15.329999923706055,15.329999923706055,15.329999923706055,15.329999923706055,7029,0.0,0.0,0.0
2025-05-26 04:40:00+00:00,15.329999923706055,15.329999923706055,15.319999694824219,15.319999694824219,21362,0.0,0.0,0.0
2025-05-26 04:45:00+00:00,15.329999923706055,15.329999923706055,15.319999694824219,15.319999694824219,62063,0.0,0.0,0.0
2025-05-26 04:55:00+00:00,15.3100004196167,15.3100004196167,15.3100004196167,15.3100004196167,251425,0.0,0.0,0.0
2025-05-26 05:00:00+00:00,15.3100004196167,15.3100004196167,15.3100004196167,15.3100004196167,2000,0.0,0.0,0.0
2025-05-26 05:05:00+00:00,15.3100004196167,15.3100004196167,15.3100004196167,15.3100004196167,152000,0.0,0.0,0.0
2025-05-26 05:10:00+00:00,15.300000190734863,15.300000190734863,15.300000190734863,15.300000190734863,68076,0.0,0.0,0.0
2025-05-26 05:15:00+00:00,15.300000190734863,15.300000190734863,15.289999961853027,15.289999961853027,16102,0.0,0.0,0.0
2025-05-26 05:20:00+00:00,15.289999961853027,15.289999961853027,15.279999732971191,15.279999732971191,114071,0.0,0.0,0.0
2025-05-27 01:00:00+00:00,15.279999732971191,15.279999732971191,15.260000228881836,15.260000228881836,0,0.0,0.0,0.0
2025-05-27 01:05:00+00:00,15.260000228881836,15.260000228881836,15.260000228881836,15.260000228881836,50915,0.0,0.0,0.0
2025-05-27 01:10:00+00:00,15.25,15.25,15.25,15.25,6490,0.0,0.0,0.0
2025-05-27 01:15:00+00:00,15.220000267028809,15.220000267028809,15.199999809265137,15.199999809265137,3641,0.0,0.0,0.0
2025-05-27 01:20:00+00:00,15.210000038146973,15.210000038146973,15.210000038146973,15.210000038146973,2430,0.0,0.0,0.0
2025-05-27 01:25:00+00:00,15.229999542236328,15.229999542236328,15.229999542236328,15.229999542236328,79000,0.0,0.0,0.0
2025-05-27 01:30:00+00:00,15.25,15.25,15.25,15.25,5116,0.0,0.0,0.0
2025-05-27 01:35:00+00:00,15.229999542236328,15.229999542236328,15.229999542236328,15.229999542236328,7500,0.0,0.0,0.0
2025-05-27 01:40:00+00:00,15.229999542236328,15.229999542236328,15.229999542236328,15.229999542236328,20195,0.0,0.0,0.0
2025-05-27 01:45:00+00:00,15.229999542236328,15.229999542236328,15.229999542236328,15.229999542236328,54070,0.0,0.0,0.0
2025-05-27 01:50:00+00:00,15.220000267028809,15.220000267028809,15.199999809265137,15.199999809265137,23100,0.0,0.0,0.0
2025-05-27 01:55:00+00:00,15.1899995803833,15.1899995803833,15.15999984741211,15.15999984741211,21949,0.0,0.0,0.0
2025-05-27 02:00:00+00:00,15.15999984741211,15.15999984741211,15.15999984741211,15.15999984741211,20010,0.0,0.0,0.0
2025-05-27 02:05:00+00:00,15.149999618530273,15.149999618530273,15.149999618530273,15.149999618530273,10145,0.0,0.0,0.0
2025-05-27 02:10:00+00:00,15.149999618530273,15.149999618530273,15.140000343322754,15.140000343322754,5978,0.0,0.0,0.0
2025-05-27 02:15:00+00:00,15.149999618530273,15.15999984741211,15.149999618530273,15.15999984741211,69010,0.0,0.0,0.0
2025-05-27 02:25:00+00:00,15.15999984741211,15.180000305175781,15.15999984741211,15.180000305175781,17180,0.0,0.0,0.0
2025-05-27 02:30:00+00:00,15.199999809265137,15.220000267028809,15.199999809265137,15.220000267028809,28053,0.0,0.0,0.0
2025-05-27 02:35:00+00:00,15.220000267028809,15.220000267028809,15.220000267028809,15.220000267028809,3000,0.0,0.0,0.0
2025-05-27 02:40:00+00:00,15.229999542236328,15.229999542236328,15.210000038146973,15.220000267028809,81396,0.0,0.0,0.0
2025-05-27 03:00:00+00:00,15.199999809265137,15.199999809265137,15.199999809265137,15.199999809265137,3355,0.0,0.0,0.0
2025-05-27 03:10:00+00:00,15.1899995803833,15.1899995803833,15.1899995803833,15.1899995803833,2003,0.0,0.0,0.0
2025-05-27 03:15:00+00:00,15.180000305175781,15.180000305175781,15.180000305175781,15.180000305175781,2000,0.0,0.0,0.0
2025-05-27 03:25:00+00:00,15.180000305175781,15.180000305175781,15.180000305175781,15.180000305175781,3109,0.0,0.0,0.0
2025-05-27 03:35:00+00:00,15.170000076293945,15.180000305175781,15.170000076293945,15.180000305175781,80220,0.0,0.0,0.0
2025-05-27 03:50:00+00:00,15.170000076293945,15.170000076293945,15.15999984741211,15.15999984741211,113295,0.0,0.0,0.0
2025-05-27 03:55:00+00:00,15.149999618530273,15.149999618530273,15.140000343322754,15.140000343322754,49179,0.0,0.0,0.0
2025-05-27 04:10:00+00:00,15.140000343322754,15.140000343322754,15.140000343322754,15.140000343322754,2010,0.0,0.0,0.0
2025-05-27 04:20:00+00:00,15.140000343322754,15.140000343322754,15.140000343322754,15.140000343322754,96179,0.0,0.0,0.0
2025-05-27 04:25:00+00:00,15.140000343322754,15.140000343322754,15.140000343322754,15.140000343322754,2281,0.0,0.0,0.0
2025-05-27 04:35:00+00:00,15.149999618530273,15.149999618530273,15.149999618530273,15.149999618530273,3022,0.0,0.0,0.0
2025-05-27 04:40:00+00:00,15.15999984741211,15.15999984741211,15.15999984741211,15.15999984741211,2108,0.0,0.0,0.0
2025-05-27 04:45:00+00:00,15.15999984741211,15.15999984741211,15.15999984741211,15.15999984741211,10050,0.0,0.0,0.0
2025-05-27 04:50:00+00:00,15.149999618530273,15.149999618530273,15.149999618530273,15.149999618530273,1051,0.0,0.0,0.0
2025-05-27 04:55:00+00:00,15.149999618530273,15.15999984741211,15.149999618530273,15.15999984741211,111000,0.0,0.0,0.0
2025-05-27 05:00:00+00:00,15.149999618530273,15.149999618530273,15.149999618530273,15.149999618530273,1533,0.0,0.0,0.0
2025-05-27 05:05:00+00:00,15.149999618530273,15.149999618530273,15.149999618530273,15.149999618530273,3043,0.0,0.0,0.0
2025-05-27 05:10:00+00:00,15.149999618530273,15.149999618530273,15.149999618530273,15.149999618530273,50100,0.0,0.0,0.0
2025-05-27 05:15:00+00:00,15.15999984741211,15.15999984741211,15.149999618530273,15.149999618530273,52038,0.0,0.0,0.0
2025-05-27 05:20:00+00:00,15.140000343322754,15.140000343322754,15.140000343322754,15.140000343322754,2362,0.0,0.0,0.0
2025-05-28 01:00:00+00:00,15.199999809265137,15.210000038146973,15.199999809265137,15.210000038146973,0,0.0,0.0,0.0
2025-05-28 01:05:00+00:00,15.199999809265137,15.199999809265137,15.180000305175781,15.180000305175781,6807,0.0,0.0,0.0
2025-05-28 01:10:00+00:00,15.1899995803833,15.1899995803833,15.1899995803833,15.1899995803833,1100,0.0,0.0,0.0
2025-05-28 01:15:00+00:00,15.180000305175781,15.180000305175781,15.170000076293945,15.170000076293945,3060,0.0,0.0,0.0
2025-05-28 01:20:00+00:00,15.180000305175781,15.180000305175781,15.180000305175781,15.180000305175781,2103,0.0,0.0,0.0
2025-05-28 01:25:00+00:00,15.180000305175781,15.180000305175781,15.180000305175781,15.180000305175781,1778,0.0,0.0,0.0
2025-05-28 01:30:00+00:00,15.170000076293945,15.170000076293945,15.15999984741211,15.15999984741211,8526,0.0,0.0,0.0
2025-05-28 01:35:00+00:00,15.15999984741211,15.15999984741211,15.15999984741211,15.15999984741211,1000,0.0,0.0,0.0
2025-05-28 01:40:00+00:00,15.15999984741211,15.15999984741211,15.15999984741211,15.15999984741211,2340,0.0,0.0,0.0
2025-05-28 01:45:00+00:00,15.170000076293945,15.170000076293945,15.170000076293945,15.170000076293945,1150,0.0,0.0,0.0
2025-05-28 01:50:00+00:00,15.170000076293945,15.170000076293945,15.15999984741211,15.15999984741211,16000,0.0,0.0,0.0
2025-05-28 01:55:00+00:00,15.149999618530273,15.149999618530273,15.149999618530273,15.149999618530273,11000,0.0,0.0,0.0
2025-05-28 02:00:00+00:00,15.149999618530273,15.149999618530273,15.149999618530273,15.149999618530273,15000,0.0,0.0,0.0
2025-05-28 02:05:00+00:00,15.140000343322754,15.140000343322754,15.140000343322754,15.140000343322754,11220,0.0,0.0,0.0
2025-05-28 02:10:00+00:00,15.140000343322754,15.140000343322754,15.140000343322754,15.140000343322754,2510,0.0,0.0,0.0
2025-05-28 02:15:00+00:00,15.140000343322754,15.140000343322754,15.140000343322754,15.140000343322754,10738,0.0,0.0,0.0
2025-05-28 02:20:00+00:00,15.140000343322754,15.140000343322754,15.140000343322754,15.140000343322754,1558,0.0,0.0,0.0
2025-05-28 02:40:00+00:00,15.130000114440918,15.130000114440918,15.119999885559082,15.119999885559082,8100,0.0,0.0,0.0
2025-05-28 02:45:00+00:00,15.119999885559082,15.130000114440918,15.119999885559082,15.130000114440918,4761,0.0,0.0,0.0
2025-05-28 03:05:00+00:00,15.119999885559082,15.119999885559082,15.119999885559082,15.119999885559082,2000,0.0,0.0,0.0
2025-05-28 03:10:00+00:00,15.119999885559082,15.130000114440918,15.119999885559082,15.119999885559082,17170,0.0,0.0,0.0
2025-05-28 03:15:00+00:00,15.119999885559082,15.119999885559082,15.119999885559082,15.119999885559082,2664,0.0,0.0,0.0
2025-05-28 03:20:00+00:00,15.119999885559082,15.119999885559082,15.119999885559082,15.119999885559082,3000,0.0,0.0,0.0
2025-05-28 03:25:00+00:00,15.119999885559082,15.119999885559082,15.119999885559082,15.119999885559082,5732,0.0,0.0,0.0
2025-05-28 03:30:00+00:00,15.109999656677246,15.109999656677246,15.109999656677246,15.109999656677246,22100,0.0,0.0,0.0
2025-05-28 03:35:00+00:00,15.109999656677246,15.109999656677246,15.100000381469727,15.100000381469727,9000,0.0,0.0,0.0
2025-05-28 03:40:00+00:00,15.100000381469727,15.100000381469727,15.100000381469727,15.100000381469727,27520,0.0,0.0,0.0
2025-05-28 03:45:00+00:00,15.100000381469727,15.100000381469727,15.069999694824219,15.069999694824219,15798,0.0,0.0,0.0
2025-05-28 03:55:00+00:00,15.069999694824219,15.069999694824219,15.0600004196167,15.0600004196167,2007,0.0,0.0,0.0
2025-05-28 04:00:00+00:00,15.0600004196167,15.0600004196167,15.0600004196167,15.0600004196167,2061,0.0,0.0,0.0
2025-05-28 04:05:00+00:00,15.0600004196167,15.0600004196167,15.0600004196167,15.0600004196167,7426,0.0,0.0,0.0
2025-05-28 04:10:00+00:00,15.0600004196167,15.0600004196167,15.0600004196167,15.0600004196167,2030,0.0,0.0,0.0
2025-05-28 04:15:00+00:00,15.050000190734863,15.050000190734863,15.039999961853027,15.039999961853027,12141,0.0,0.0,0.0
2025-05-28 04:20:00+00:00,15.039999961853027,15.039999961853027,15.029999732971191,15.029999732971191,7104,0.0,0.0,0.0
2025-05-28 04:25:00+00:00,15.029999732971191,15.029999732971191,15.020000457763672,15.020000457763672,7372,0.0,0.0,0.0
2025-05-28 04:30:00+00:00,15.020000457763672,15.020000457763672,15.010000228881836,15.010000228881836,17533,0.0,0.0,0.0
2025-05-28 04:35:00+00:00,15.0,15.0,15.0,15.0,28036,0.0,0.0,0.0
2025-05-28 04:40:00+00:00,15.0,15.0,14.979999542236328,14.989999771118164,7878,0.0,0.0,0.0
2025-05-28 04:50:00+00:00,14.989999771118164,14.989999771118164,14.989999771118164,14.989999771118164,15020,0.0,0.0,0.0
2025-05-28 04:55:00+00:00,14.979999542236328,14.989999771118164,14.979999542236328,14.979999542236328,28174,0.0,0.0,0.0
2025-05-28 05:05:00+00:00,15.0,15.029999732971191,15.0,15.029999732971191,24411,0.0,0.0,0.0
2025-05-28 05:15:00+00:00,15.029999732971191,15.029999732971191,15.029999732971191,15.029999732971191,4598,0.0,0.0,0.0
2025-05-28 05:20:00+00:00,15.050000190734863,15.050000190734863,15.020000457763672,15.029999732971191,18004,0.0,0.0,0.0
2025-05-29 01:00:00+00:00,15.069999694824219,15.100000381469727,15.069999694824219,15.100000381469727,0,0.0,0.0,0.0
2025-05-29 01:05:00+00:00,15.100000381469727,15.100000381469727,15.09000015258789,15.09000015258789,5640,0.0,0.0,0.0
2025-05-29 01:10:00+00:00,15.079999923706055,15.079999923706055,15.039999961853027,15.039999961853027,6576,0.0,0.0,0.0
2025-05-29 01:15:00+00:00,15.039999961853027,15.039999961853027,15.039999961853027,15.039999961853027,4020,0.0,0.0,0.0
2025-05-29 01:20:00+00:00,15.029999732971191,15.029999732971191,15.029999732971191,15.029999732971191,206721,0.0,0.0,0.0
2025-05-29 01:25:00+00:00,15.029999732971191,15.039999961853027,15.029999732971191,15.039999961853027,13219,0.0,0.0,0.0
2025-05-29 01:30:00+00:00,15.069999694824219,15.069999694824219,15.0600004196167,15.0600004196167,11741,0.0,0.0,0.0
2025-05-29 01:35:00+00:00,15.0600004196167,15.0600004196167,15.0600004196167,15.0600004196167,5020,0.0,0.0,0.0
2025-05-29 01:40:00+00:00,15.0600004196167,15.0600004196167,15.0600004196167,15.0600004196167,2030,0.0,0.0,0.0
2025-05-29 01:45:00+00:00,15.0600004196167,15.0600004196167,15.029999732971191,15.029999732971191,9166,0.0,0.0,0.0
2025-05-29 01:50:00+00:00,15.020000457763672,15.020000457763672,15.020000457763672,15.020000457763672,6381,0.0,0.0,0.0
2025-05-29 01:55:00+00:00,15.020000457763672,15.020000457763672,15.020000457763672,15.020000457763672,2090,0.0,0.0,0.0
2025-05-29 02:00:00+00:00,15.029999732971191,15.039999961853027,15.020000457763672,15.020000457763672,16337,0.0,0.0,0.0
2025-05-29 02:05:00+00:00,15.010000228881836,15.010000228881836,15.0,15.010000228881836,113170,0.0,0.0,0.0
2025-05-29 02:15:00+00:00,15.029999732971191,15.029999732971191,15.0,15.0,46509,0.0,0.0,0.0
2025-05-29 02:25:00+00:00,15.0,15.0,15.0,15.0,3357,0.0,0.0,0.0
2025-05-29 02:30:00+00:00,15.0,15.0,15.0,15.0,3455,0.0,0.0,0.0
2025-05-29 02:35:00+00:00,15.0,15.0,15.0,15.0,1048,0.0,0.0,0.0
2025-05-29 02:40:00+00:00,15.0,15.0,15.0,15.0,5000,0.0,0.0,0.0
2025-05-29 02:45:00+00:00,15.0,15.0,14.989999771118164,14.989999771118164,22273,0.0,0.0,0.0
2025-05-29 02:50:00+00:00,14.979999542236328,14.979999542236328,14.979999542236328,14.979999542236328,18690,0.0,0.0,0.0
2025-05-29 03:15:00+00:00,15.0,15.0,15.0,15.0,49300,0.0,0.0,0.0
2025-05-29 03:20:00+00:00,15.0,15.0,14.989999771118164,14.989999771118164,10050,0.0,0.0,0.0
2025-05-29 03:25:00+00:00,14.989999771118164,14.989999771118164,14.989999771118164,14.989999771118164,1740,0.0,0.0,0.0
2025-05-29 03:35:00+00:00,14.989999771118164,14.989999771118164,14.989999771118164,14.989999771118164,10820,0.0,0.0,0.0
2025-05-29 03:40:00+00:00,15.0,15.0,15.0,15.0,1664,0.0,0.0,0.0
2025-05-29 03:45:00+00:00,15.0,15.0,14.989999771118164,14.989999771118164,8460,0.0,0.0,0.0
2025-05-29 03:50:00+00:00,14.989999771118164,14.989999771118164,14.989999771118164,14.989999771118164,1150,0.0,0.0,0.0
2025-05-29 04:00:00+00:00,14.989999771118164,14.989999771118164,14.989999771118164,14.989999771118164,1368,0.0,0.0,0.0
2025-05-29 04:15:00+00:00,14.989999771118164,14.989999771118164,14.989999771118164,14.989999771118164,2060,0.0,0.0,0.0
2025-05-29 04:20:00+00:00,15.0,15.0,15.0,15.0,6042,0.0,0.0,0.0
2025-05-29 04:25:00+00:00,14.989999771118164,14.989999771118164,14.989999771118164,14.989999771118164,5000,0.0,0.0,0.0
2025-05-29 04:30:00+00:00,14.989999771118164,14.989999771118164,14.979999542236328,14.979999542236328,12234,0.0,0.0,0.0
2025-05-29 04:35:00+00:00,14.979999542236328,14.989999771118164,14.979999542236328,14.989999771118164,4920,0.0,0.0,0.0
2025-05-29 04:45:00+00:00,14.989999771118164,14.989999771118164,14.989999771118164,14.989999771118164,12300,0.0,0.0,0.0
2025-05-29 04:50:00+00:00,14.989999771118164,14.989999771118164,14.979999542236328,14.989999771118164,10250,0.0,0.0,0.0
2025-05-29 04:55:00+00:00,14.989999771118164,14.989999771118164,14.989999771118164,14.989999771118164,1224,0.0,0.0,0.0
2025-05-29 05:05:00+00:00,14.979999542236328,14.979999542236328,14.970000267028809,14.970000267028809,49046,0.0,0.0,0.0
2025-05-29 05:10:00+00:00,14.970000267028809,14.970000267028809,14.970000267028809,14.970000267028809,10059,0.0,0.0,0.0
2025-05-29 05:20:00+00:00,14.989999771118164,15.0,14.989999771118164,15.0,11448,0.0,0.0,0.0
2025-06-02 01:00:00+00:00,14.880000114440918,14.880000114440918,14.800000190734863,14.819999694824219,0,0.0,0.0,0.0
2025-06-02 01:05:00+00:00,14.84000015258789,14.859999656677246,14.84000015258789,14.859999656677246,16488,0.0,0.0,0.0
2025-06-02 01:10:00+00:00,14.859999656677246,14.859999656677246,14.829999923706055,14.84000015258789,13059,0.0,0.0,0.0
2025-06-02 01:15:00+00:00,14.84000015258789,14.84000015258789,14.84000015258789,14.84000015258789,4401,0.0,0.0,0.0
2025-06-02 01:20:00+00:00,14.84000015258789,14.859999656677246,14.84000015258789,14.859999656677246,122383,0.0,0.0,0.0
2025-06-02 01:25:00+00:00,14.859999656677246,14.869999885559082,14.859999656677246,14.869999885559082,16318,0.0,0.0,0.0
2025-06-02 01:30:00+00:00,14.859999656677246,14.869999885559082,14.850000381469727,14.850000381469727,44100,0.0,0.0,0.0
2025-06-02 01:35:00+00:00,14.850000381469727,14.850000381469727,14.850000381469727,14.850000381469727,18367,0.0,0.0,0.0
2025-06-02 01:40:00+00:00,14.850000381469727,14.859999656677246,14.850000381469727,14.859999656677246,25130,0.0,0.0,0.0
2025-06-02 01:45:00+00:00,14.859999656677246,14.880000114440918,14.859999656677246,14.880000114440918,146764,0.0,0.0,0.0
2025-06-02 01:50:00+00:00,14.869999885559082,14.880000114440918,14.869999885559082,14.880000114440918,106000,0.0,0.0,0.0
2025-06-02 01:55:00+00:00,14.880000114440918,14.899999618530273,14.880000114440918,14.899999618530273,69460,0.0,0.0,0.0
2025-06-02 02:00:00+00:00,14.899999618530273,14.90999984741211,14.899999618530273,14.90999984741211,10046,0.0,0.0,0.0
2025-06-02 02:05:00+00:00,14.90999984741211,14.90999984741211,14.90999984741211,14.90999984741211,8394,0.0,0.0,0.0
2025-06-02 02:10:00+00:00,14.920000076293945,14.9399995803833,14.920000076293945,14.9399995803833,12050,0.0,0.0,0.0
2025-06-02 02:15:00+00:00,14.920000076293945,14.9399995803833,14.920000076293945,14.930000305175781,17000,0.0,0.0,0.0
2025-06-02 02:20:00+00:00,14.920000076293945,14.920000076293945,14.90999984741211,14.90999984741211,9000,0.0,0.0,0.0
2025-06-02 02:25:00+00:00,14.899999618530273,14.899999618530273,14.890000343322754,14.890000343322754,18850,0.0,0.0,0.0
2025-06-02 02:30:00+00:00,14.880000114440918,14.880000114440918,14.880000114440918,14.880000114440918,2006,0.0,0.0,0.0
2025-06-02 02:35:00+00:00,14.869999885559082,14.880000114440918,14.869999885559082,14.880000114440918,19244,0.0,0.0,0.0
2025-06-02 02:40:00+00:00,14.880000114440918,14.880000114440918,14.880000114440918,14.880000114440918,5007,0.0,0.0,0.0
2025-06-02 02:45:00+00:00,14.859999656677246,14.859999656677246,14.859999656677246,14.859999656677246,21013,0.0,0.0,0.0
2025-06-02 02:50:00+00:00,14.850000381469727,14.850000381469727,14.850000381469727,14.850000381469727,208100,0.0,0.0,0.0
2025-06-02 02:55:00+00:00,14.850000381469727,14.850000381469727,14.850000381469727,14.850000381469727,1000,0.0,0.0,0.0
2025-06-02 03:00:00+00:00,14.84000015258789,14.84000015258789,14.829999923706055,14.829999923706055,6000,0.0,0.0,0.0
2025-06-02 03:05:00+00:00,14.84000015258789,14.84000015258789,14.829999923706055,14.829999923706055,9723,0.0,0.0,0.0
2025-06-02 03:10:00+00:00,14.829999923706055,14.829999923706055,14.829999923706055,14.829999923706055,7243,0.0,0.0,0.0
2025-06-02 03:15:00+00:00,14.829999923706055,14.850000381469727,14.829999923706055,14.829999923706055,70360,0.0,0.0,0.0
2025-06-02 03:20:00+00:00,14.829999923706055,14.829999923706055,14.829999923706055,14.829999923706055,11000,0.0,0.0,0.0
2025-06-02 03:25:00+00:00,14.829999923706055,14.829999923706055,14.819999694824219,14.819999694824219,6000,0.0,0.0,0.0
2025-06-02 03:30:00+00:00,14.819999694824219,14.819999694824219,14.819999694824219,14.819999694824219,6106,0.0,0.0,0.0
2025-06-02 03:35:00+00:00,14.819999694824219,14.829999923706055,14.819999694824219,14.829999923706055,16203,0.0,0.0,0.0
2025-06-02 03:40:00+00:00,14.829999923706055,14.829999923706055,14.819999694824219,14.819999694824219,11110,0.0,0.0,0.0
2025-06-02 03:55:00+00:00,14.829999923706055,14.829999923706055,14.829999923706055,14.829999923706055,5020,0.0,0.0,0.0
2025-06-02 04:00:00+00:00,14.829999923706055,14.829999923706055,14.829999923706055,14.829999923706055,1000,0.0,0.0,0.0
2025-06-02 04:05:00+00:00,14.819999694824219,14.819999694824219,14.819999694824219,14.819999694824219,10000,0.0,0.0,0.0
2025-06-02 04:10:00+00:00,14.829999923706055,14.829999923706055,14.829999923706055,14.829999923706055,15194,0.0,0.0,0.0
2025-06-02 04:15:00+00:00,14.84000015258789,14.850000381469727,14.84000015258789,14.850000381469727,7111,0.0,0.0,0.0
2025-06-02 04:20:00+00:00,14.850000381469727,14.850000381469727,14.850000381469727,14.850000381469727,6604,0.0,0.0,0.0
2025-06-02 04:25:00+00:00,14.850000381469727,14.850000381469727,14.850000381469727,14.850000381469727,2168,0.0,0.0,0.0
2025-06-02 04:30:00+00:00,14.850000381469727,14.850000381469727,14.850000381469727,14.850000381469727,5327,0.0,0.0,0.0
2025-06-02 04:35:00+00:00,14.84000015258789,14.84000015258789,14.84000015258789,14.84000015258789,6030,0.0,0.0,0.0
2025-06-02 04:40:00+00:00,14.84000015258789,14.84000015258789,14.84000015258789,14.84000015258789,11000,0.0,0.0,0.0
2025-06-02 04:45:00+00:00,14.850000381469727,14.850000381469727,14.84000015258789,14.850000381469727,5000,0.0,0.0,0.0
2025-06-02 04:50:00+00:00,14.84000015258789,14.84000015258789,14.829999923706055,14.829999923706055,3000,0.0,0.0,0.0
2025-06-02 04:55:00+00:00,14.84000015258789,14.84000015258789,14.84000015258789,14.84000015258789,6000,0.0,0.0,0.0
2025-06-02 05:00:00+00:00,14.850000381469727,14.859999656677246,14.850000381469727,14.859999656677246,11192,0.0,0.0,0.0
2025-06-02 05:05:00+00:00,14.859999656677246,14.859999656677246,14.850000381469727,14.859999656677246,7010,0.0,0.0,0.0
2025-06-02 05:10:00+00:00,14.859999656677246,14.869999885559082,14.859999656677246,14.859999656677246,98126,0.0,0.0,0.0
2025-06-02 05:15:00+00:00,14.859999656677246,14.859999656677246,14.850000381469727,14.850000381469727,30718,0.0,0.0,0.0
2025-06-02 05:20:00+00:00,14.850000381469727,14.859999656677246,14.850000381469727,14.859999656677246,16036,0.0,0.0,0.0
2025-06-03 01:00:00+00:00,14.869999885559082,14.899999618530273,14.859999656677246,14.869999885559082,0,0.0,0.0,0.0
2025-06-03 01:05:00+00:00,14.869999885559082,14.890000343322754,14.869999885559082,14.890000343322754,687000,0.0,0.0,0.0
2025-06-03 01:10:00+00:00,14.890000343322754,14.930000305175781,14.880000114440918,14.930000305175781,724114,0.0,0.0,0.0
2025-06-03 01:15:00+00:00,14.930000305175781,14.930000305175781,14.920000076293945,14.920000076293945,177269,0.0,0.0,0.0
2025-06-03 01:20:00+00:00,14.920000076293945,14.9399995803833,14.920000076293945,14.920000076293945,340440,0.0,0.0,0.0
2025-06-03 01:25:00+00:00,14.930000305175781,14.9399995803833,14.920000076293945,14.9399995803833,167563,0.0,0.0,0.0
2025-06-03 01:30:00+00:00,14.949999809265137,14.960000038146973,14.9399995803833,14.960000038146973,301192,0.0,0.0,0.0
2025-06-03 01:35:00+00:00,14.960000038146973,14.979999542236328,14.960000038146973,14.970000267028809,74963,0.0,0.0,0.0
2025-06-03 01:40:00+00:00,14.970000267028809,14.979999542236328,14.970000267028809,14.970000267028809,81071,0.0,0.0,0.0
2025-06-03 01:45:00+00:00,14.979999542236328,14.979999542236328,14.970000267028809,14.970000267028809,191331,0.0,0.0,0.0
2025-06-03 01:50:00+00:00,14.970000267028809,14.970000267028809,14.970000267028809,14.970000267028809,83040,0.0,0.0,0.0
2025-06-03 01:55:00+00:00,14.960000038146973,14.960000038146973,14.9399995803833,14.9399995803833,203209,0.0,0.0,0.0
2025-06-03 02:00:00+00:00,14.949999809265137,14.949999809265137,14.90999984741211,14.90999984741211,85000,0.0,0.0,0.0
2025-06-03 02:05:00+00:00,14.90999984741211,14.90999984741211,14.880000114440918,14.880000114440918,282184,0.0,0.0,0.0
2025-06-03 02:10:00+00:00,14.880000114440918,14.880000114440918,14.859999656677246,14.869999885559082,236323,0.0,0.0,0.0
2025-06-03 02:15:00+00:00,14.859999656677246,14.859999656677246,14.850000381469727,14.859999656677246,149157,0.0,0.0,0.0
2025-06-03 02:20:00+00:00,14.859999656677246,14.869999885559082,14.859999656677246,14.869999885559082,75020,0.0,0.0,0.0
2025-06-03 02:25:00+00:00,14.869999885559082,14.880000114440918,14.869999885559082,14.869999885559082,20644,0.0,0.0,0.0
2025-06-03 02:30:00+00:00,14.880000114440918,14.880000114440918,14.869999885559082,14.880000114440918,91035,0.0,0.0,0.0
2025-06-03 02:35:00+00:00,14.890000343322754,14.890000343322754,14.859999656677246,14.859999656677246,211045,0.0,0.0,0.0
2025-06-03 02:40:00+00:00,14.859999656677246,14.859999656677246,14.859999656677246,14.859999656677246,52686,0.0,0.0,0.0
2025-06-03 02:45:00+00:00,14.869999885559082,14.869999885559082,14.859999656677246,14.869999885559082,104937,0.0,0.0,0.0
2025-06-03 02:50:00+00:00,14.880000114440918,14.880000114440918,14.869999885559082,14.869999885559082,27109,0.0,0.0,0.0
2025-06-03 02:55:00+00:00,14.869999885559082,14.869999885559082,14.869999885559082,14.869999885559082,42000,0.0,0.0,0.0
2025-06-03 03:00:00+00:00,14.880000114440918,14.880000114440918,14.880000114440918,14.880000114440918,2999,0.0,0.0,0.0
2025-06-03 03:10:00+00:00,14.859999656677246,14.869999885559082,14.859999656677246,14.869999885559082,41179,0.0,0.0,0.0
2025-06-03 03:15:00+00:00,14.880000114440918,14.880000114440918,14.869999885559082,14.880000114440918,78000,0.0,0.0,0.0
2025-06-03 03:20:00+00:00,14.869999885559082,14.880000114440918,14.869999885559082,14.880000114440918,12138,0.0,0.0,0.0
2025-06-03 03:25:00+00:00,14.880000114440918,14.880000114440918,14.880000114440918,14.880000114440918,47000,0.0,0.0,0.0
2025-06-03 03:30:00+00:00,14.880000114440918,14.880000114440918,14.869999885559082,14.869999885559082,28025,0.0,0.0,0.0
2025-06-03 03:35:00+00:00,14.880000114440918,14.890000343322754,14.880000114440918,14.880000114440918,106623,0.0,0.0,0.0
2025-06-03 03:40:00+00:00,14.890000343322754,14.899999618530273,14.890000343322754,14.899999618530273,111700,0.0,0.0,0.0
2025-06-03 03:45:00+00:00,14.899999618530273,14.899999618530273,14.899999618530273,14.899999618530273,70028,0.0,0.0,0.0
2025-06-03 03:50:00+00:00,14.899999618530273,14.899999618530273,14.899999618530273,14.899999618530273,72606,0.0,0.0,0.0
2025-06-03 03:55:00+00:00,14.890000343322754,14.890000343322754,14.890000343322754,14.890000343322754,74000,0.0,0.0,0.0
2025-06-03 04:00:00+00:00,14.890000343322754,14.890000343322754,14.869999885559082,14.869999885559082,108000,0.0,0.0,0.0
2025-06-03 04:05:00+00:00,14.869999885559082,14.890000343322754,14.869999885559082,14.890000343322754,51038,0.0,0.0,0.0
2025-06-03 04:10:00+00:00,14.880000114440918,14.880000114440918,14.869999885559082,14.880000114440918,75000,0.0,0.0,0.0
2025-06-03 04:15:00+00:00,14.880000114440918,14.880000114440918,14.880000114440918,14.880000114440918,136000,0.0,0.0,0.0
2025-06-03 04:20:00+00:00,14.880000114440918,14.899999618530273,14.880000114440918,14.890000343322754,132135,0.0,0.0,0.0
2025-06-03 04:25:00+00:00,14.890000343322754,14.90999984741211,14.890000343322754,14.899999618530273,98757,0.0,0.0,0.0
2025-06-03 04:30:00+00:00,14.899999618530273,14.899999618530273,14.899999618530273,14.899999618530273,159500,0.0,0.0,0.0
2025-06-03 04:35:00+00:00,14.90999984741211,14.920000076293945,14.90999984741211,14.920000076293945,81029,0.0,0.0,0.0
2025-06-03 04:40:00+00:00,14.90999984741211,14.90999984741211,14.90999984741211,14.90999984741211,201251,0.0,0.0,0.0
2025-06-03 04:45:00+00:00,14.920000076293945,14.920000076293945,14.920000076293945,14.920000076293945,27100,0.0,0.0,0.0
2025-06-03 04:50:00+00:00,14.90999984741211,14.90999984741211,14.90999984741211,14.90999984741211,31200,0.0,0.0,0.0
2025-06-03 04:55:00+00:00,14.920000076293945,14.930000305175781,14.920000076293945,14.930000305175781,163440,0.0,0.0,0.0
2025-06-03 05:00:00+00:00,14.930000305175781,14.9399995803833,14.930000305175781,14.930000305175781,87000,0.0,0.0,0.0
2025-06-03 05:05:00+00:00,14.9399995803833,14.9399995803833,14.930000305175781,14.930000305175781,76179,0.0,0.0,0.0
2025-06-03 05:10:00+00:00,14.930000305175781,14.930000305175781,14.920000076293945,14.920000076293945,80002,0.0,0.0,0.0
2025-06-03 05:15:00+00:00,14.920000076293945,14.930000305175781,14.920000076293945,14.930000305175781,64389,0.0,0.0,0.0
2025-06-03 05:20:00+00:00,14.930000305175781,14.930000305175781,14.920000076293945,14.930000305175781,33925,0.0,0.0,0.0
2025-06-04 01:00:00+00:00,15.0,15.0,14.989999771118164,15.0,0,0.0,0.0,0.0
2025-06-04 01:05:00+00:00,15.0,15.020000457763672,15.0,15.010000228881836,207311,0.0,0.0,0.0
2025-06-04 01:10:00+00:00,15.010000228881836,15.010000228881836,15.0,15.010000228881836,255211,0.0,0.0,0.0
2025-06-04 01:15:00+00:00,15.010000228881836,15.020000457763672,15.010000228881836,15.020000457763672,328770,0.0,0.0,0.0
2025-06-04 01:20:00+00:00,15.020000457763672,15.029999732971191,15.020000457763672,15.029999732971191,308150,0.0,0.0,0.0
2025-06-04 01:25:00+00:00,15.029999732971191,15.029999732971191,15.020000457763672,15.029999732971191,138617,0.0,0.0,0.0
2025-06-04 01:30:00+00:00,15.020000457763672,15.020000457763672,15.010000228881836,15.020000457763672,23700,0.0,0.0,0.0
2025-06-04 01:35:00+00:00,15.029999732971191,15.029999732971191,15.029999732971191,15.029999732971191,233440,0.0,0.0,0.0
2025-06-04 01:40:00+00:00,15.010000228881836,15.010000228881836,15.0,15.0,23196,0.0,0.0,0.0
2025-06-04 01:45:00+00:00,15.0,15.010000228881836,15.0,15.010000228881836,44000,0.0,0.0,0.0
2025-06-04 01:50:00+00:00,15.010000228881836,15.010000228881836,15.0,15.010000228881836,66822,0.0,0.0,0.0
2025-06-04 01:55:00+00:00,15.0,15.0,14.989999771118164,14.989999771118164,18000,0.0,0.0,0.0
2025-06-04 02:00:00+00:00,15.0,15.010000228881836,14.989999771118164,15.010000228881836,113693,0.0,0.0,0.0
2025-06-04 02:05:00+00:00,15.010000228881836,15.029999732971191,15.010000228881836,15.029999732971191,348565,0.0,0.0,0.0
2025-06-04 02:10:00+00:00,15.029999732971191,15.039999961853027,15.029999732971191,15.039999961853027,295103,0.0,0.0,0.0
2025-06-04 02:15:00+00:00,15.029999732971191,15.039999961853027,15.029999732971191,15.039999961853027,269654,0.0,0.0,0.0
2025-06-04 02:20:00+00:00,15.039999961853027,15.0600004196167,15.039999961853027,15.0600004196167,270593,0.0,0.0,0.0
2025-06-04 02:25:00+00:00,15.0600004196167,15.069999694824219,15.0600004196167,15.069999694824219,88167,0.0,0.0,0.0
2025-06-04 02:30:00+00:00,15.069999694824219,15.079999923706055,15.069999694824219,15.069999694824219,205195,0.0,0.0,0.0
2025-06-04 02:35:00+00:00,15.069999694824219,15.079999923706055,15.069999694824219,15.079999923706055,98337,0.0,0.0,0.0
2025-06-04 02:40:00+00:00,15.069999694824219,15.069999694824219,15.069999694824219,15.069999694824219,9020,0.0,0.0,0.0
2025-06-04 02:45:00+00:00,15.069999694824219,15.079999923706055,15.069999694824219,15.069999694824219,242160,0.0,0.0,0.0
2025-06-04 02:50:00+00:00,15.069999694824219,15.079999923706055,15.069999694824219,15.079999923706055,209255,0.0,0.0,0.0
2025-06-04 02:55:00+00:00,15.079999923706055,15.079999923706055,15.079999923706055,15.079999923706055,99860,0.0,0.0,0.0
2025-06-04 03:00:00+00:00,15.079999923706055,15.09000015258789,15.079999923706055,15.09000015258789,253839,0.0,0.0,0.0
2025-06-04 03:05:00+00:00,15.09000015258789,15.09000015258789,15.09000015258789,15.09000015258789,4600,0.0,0.0,0.0
2025-06-04 03:10:00+00:00,15.09000015258789,15.100000381469727,15.09000015258789,15.100000381469727,167091,0.0,0.0,0.0
2025-06-04 03:15:00+00:00,15.09000015258789,15.09000015258789,15.09000015258789,15.09000015258789,11000,0.0,0.0,0.0
2025-06-04 03:20:00+00:00,15.100000381469727,15.109999656677246,15.100000381469727,15.109999656677246,157834,0.0,0.0,0.0
2025-06-04 03:25:00+00:00,15.100000381469727,15.109999656677246,15.100000381469727,15.100000381469727,21000,0.0,0.0,0.0
2025-06-04 03:30:00+00:00,15.109999656677246,15.109999656677246,15.109999656677246,15.109999656677246,31186,0.0,0.0,0.0
2025-06-04 03:35:00+00:00,15.109999656677246,15.109999656677246,15.109999656677246,15.109999656677246,19160,0.0,0.0,0.0
2025-06-04 03:40:00+00:00,15.100000381469727,15.100000381469727,15.100000381469727,15.100000381469727,14000,0.0,0.0,0.0
2025-06-04 03:45:00+00:00,15.100000381469727,15.109999656677246,15.09000015258789,15.09000015258789,208577,0.0,0.0,0.0
2025-06-04 03:50:00+00:00,15.09000015258789,15.09000015258789,15.09000015258789,15.09000015258789,50000,0.0,0.0,0.0
2025-06-04 03:55:00+00:00,15.09000015258789,15.09000015258789,15.09000015258789,15.09000015258789,25000,0.0,0.0,0.0
2025-06-04 04:00:00+00:00,15.09000015258789,15.09000015258789,15.079999923706055,15.079999923706055,59000,0.0,0.0,0.0
2025-06-04 04:05:00+00:00,15.09000015258789,15.09000015258789,15.09000015258789,15.09000015258789,2020,0.0,0.0,0.0
2025-06-04 04:10:00+00:00,15.079999923706055,15.09000015258789,15.079999923706055,15.09000015258789,18000,0.0,0.0,0.0
2025-06-04 04:15:00+00:00,15.09000015258789,15.100000381469727,15.09000015258789,15.09000015258789,56223,0.0,0.0,0.0
2025-06-04 04:20:00+00:00,15.09000015258789,15.09000015258789,15.09000015258789,15.09000015258789,29000,0.0,0.0,0.0
2025-06-04 04:25:00+00:00,15.09000015258789,15.09000015258789,15.09000015258789,15.09000015258789,23200,0.0,0.0,0.0
2025-06-04 04:30:00+00:00,15.09000015258789,15.09000015258789,15.079999923706055,15.079999923706055,18392,0.0,0.0,0.0
2025-06-04 04:35:00+00:00,15.079999923706055,15.079999923706055,15.079999923706055,15.079999923706055,18000,0.0,0.0,0.0
2025-06-04 04:40:00+00:00,15.079999923706055,15.079999923706055,15.079999923706055,15.079999923706055,16000,0.0,0.0,0.0
2025-06-04 04:45:00+00:00,15.079999923706055,15.079999923706055,15.0600004196167,15.0600004196167,19412,0.0,0.0,0.0
2025-06-04 04:50:00+00:00,15.0600004196167,15.0600004196167,15.0600004196167,15.0600004196167,39340,0.0,0.0,0.0
2025-06-04 04:55:00+00:00,15.069999694824219,15.069999694824219,15.069999694824219,15.069999694824219,68112,0.0,0.0,0.0
2025-06-04 05:00:00+00:00,15.069999694824219,15.079999923706055,15.069999694824219,15.079999923706055,276123,0.0,0.0,0.0
2025-06-04 05:05:00+00:00,15.079999923706055,15.09000015258789,15.079999923706055,15.09000015258789,90000,0.0,0.0,0.0
2025-06-04 05:10:00+00:00,15.079999923706055,15.079999923706055,15.069999694824219,15.069999694824219,68000,0.0,0.0,0.0
2025-06-04 05:15:00+00:00,15.069999694824219,15.069999694824219,15.050000190734863,15.0600004196167,146012,0.0,0.0,0.0
2025-06-04 05:20:00+00:00,15.050000190734863,15.0600004196167,15.039999961853027,15.050000190734863,327401,0.0,0.0,0.0
2025-06-05 01:00:00+00:00,15.029999732971191,15.029999732971191,15.020000457763672,15.029999732971191,0,0.0,0.0,0.0
2025-06-05 01:05:00+00:00,15.039999961853027,15.0600004196167,15.039999961853027,15.0600004196167,101366,0.0,0.0,0.0
2025-06-05 01:10:00+00:00,15.069999694824219,15.069999694824219,15.0600004196167,15.069999694824219,107015,0.0,0.0,0.0
2025-06-05 01:15:00+00:00,15.079999923706055,15.09000015258789,15.079999923706055,15.079999923706055,32493,0.0,0.0,0.0
2025-06-05 01:20:00+00:00,15.079999923706055,15.09000015258789,15.069999694824219,15.069999694824219,97510,0.0,0.0,0.0
2025-06-05 01:25:00+00:00,15.069999694824219,15.069999694824219,15.069999694824219,15.069999694824219,50000,0.0,0.0,0.0
2025-06-05 01:30:00+00:00,15.069999694824219,15.079999923706055,15.0600004196167,15.079999923706055,102674,0.0,0.0,0.0
2025-06-05 01:35:00+00:00,15.079999923706055,15.079999923706055,15.069999694824219,15.069999694824219,10222,0.0,0.0,0.0
2025-06-05 01:40:00+00:00,15.069999694824219,15.069999694824219,15.0600004196167,15.069999694824219,175880,0.0,0.0,0.0
2025-06-05 01:45:00+00:00,15.069999694824219,15.079999923706055,15.069999694824219,15.079999923706055,69102,0.0,0.0,0.0
2025-06-05 01:55:00+00:00,15.069999694824219,15.069999694824219,15.069999694824219,15.069999694824219,29000,0.0,0.0,0.0
2025-06-05 02:00:00+00:00,15.069999694824219,15.079999923706055,15.050000190734863,15.050000190734863,213000,0.0,0.0,0.0
2025-06-05 02:05:00+00:00,15.039999961853027,15.039999961853027,14.979999542236328,14.989999771118164,311623,0.0,0.0,0.0
2025-06-05 02:10:00+00:00,14.989999771118164,15.0,14.989999771118164,15.0,44014,0.0,0.0,0.0
2025-06-05 02:15:00+00:00,15.0,15.0,15.0,15.0,4050,0.0,0.0,0.0
2025-06-05 02:25:00+00:00,14.979999542236328,14.989999771118164,14.979999542236328,14.979999542236328,7244,0.0,0.0,0.0
2025-06-05 02:30:00+00:00,14.979999542236328,14.979999542236328,14.960000038146973,14.960000038146973,37166,0.0,0.0,0.0
2025-06-05 02:35:00+00:00,14.960000038146973,14.960000038146973,14.949999809265137,14.960000038146973,12070,0.0,0.0,0.0
2025-06-05 02:40:00+00:00,14.960000038146973,14.960000038146973,14.949999809265137,14.949999809265137,24184,0.0,0.0,0.0
2025-06-05 02:45:00+00:00,14.949999809265137,14.949999809265137,14.9399995803833,14.949999809265137,13406,0.0,0.0,0.0
2025-06-05 02:50:00+00:00,14.949999809265137,14.949999809265137,14.9399995803833,14.949999809265137,12060,0.0,0.0,0.0
2025-06-05 02:55:00+00:00,14.949999809265137,14.949999809265137,14.949999809265137,14.949999809265137,1000,0.0,0.0,0.0
2025-06-05 03:00:00+00:00,14.949999809265137,14.949999809265137,14.9399995803833,14.9399995803833,6000,0.0,0.0,0.0
2025-06-05 03:05:00+00:00,14.9399995803833,14.9399995803833,14.930000305175781,14.930000305175781,3120,0.0,0.0,0.0
2025-06-05 03:10:00+00:00,14.930000305175781,14.930000305175781,14.930000305175781,14.930000305175781,4000,0.0,0.0,0.0
2025-06-05 03:15:00+00:00,14.930000305175781,14.9399995803833,14.930000305175781,14.930000305175781,6230,0.0,0.0,0.0
2025-06-05 03:20:00+00:00,14.930000305175781,14.930000305175781,14.930000305175781,14.930000305175781,23316,0.0,0.0,0.0
2025-06-05 03:25:00+00:00,14.930000305175781,14.930000305175781,14.930000305175781,14.930000305175781,6076,0.0,0.0,0.0
2025-06-05 03:30:00+00:00,14.930000305175781,14.930000305175781,14.920000076293945,14.920000076293945,74469,0.0,0.0,0.0
2025-06-05 03:35:00+00:00,14.930000305175781,14.930000305175781,14.920000076293945,14.920000076293945,7819,0.0,0.0,0.0
2025-06-05 03:40:00+00:00,14.920000076293945,14.920000076293945,14.920000076293945,14.920000076293945,2000,0.0,0.0,0.0
2025-06-05 03:45:00+00:00,14.930000305175781,14.930000305175781,14.920000076293945,14.920000076293945,103967,0.0,0.0,0.0
2025-06-05 03:50:00+00:00,14.90999984741211,14.90999984741211,14.90999984741211,14.90999984741211,10000,0.0,0.0,0.0
2025-06-05 03:55:00+00:00,14.90999984741211,14.90999984741211,14.90999984741211,14.90999984741211,12004,0.0,0.0,0.0
2025-06-05 04:00:00+00:00,14.90999984741211,14.90999984741211,14.90999984741211,14.90999984741211,76544,0.0,0.0,0.0
2025-06-05 04:05:00+00:00,14.90999984741211,14.90999984741211,14.90999984741211,14.90999984741211,3300,0.0,0.0,0.0
2025-06-05 04:10:00+00:00,14.90999984741211,14.90999984741211,14.90999984741211,14.90999984741211,28400,0.0,0.0,0.0
2025-06-05 04:15:00+00:00,14.90999984741211,14.90999984741211,14.90999984741211,14.90999984741211,52388,0.0,0.0,0.0
2025-06-05 04:20:00+00:00,14.90999984741211,14.920000076293945,14.90999984741211,14.90999984741211,156061,0.0,0.0,0.0
2025-06-05 04:25:00+00:00,14.920000076293945,14.920000076293945,14.90999984741211,14.90999984741211,5670,0.0,0.0,0.0
2025-06-05 04:30:00+00:00,14.90999984741211,14.90999984741211,14.90999984741211,14.90999984741211,10199,0.0,0.0,0.0
2025-06-05 04:35:00+00:00,14.930000305175781,14.930000305175781,14.90999984741211,14.90999984741211,15300,0.0,0.0,0.0
2025-06-05 04:45:00+00:00,14.90999984741211,14.920000076293945,14.90999984741211,14.90999984741211,36455,0.0,0.0,0.0
2025-06-05 04:50:00+00:00,14.90999984741211,14.90999984741211,14.899999618530273,14.899999618530273,30500,0.0,0.0,0.0
2025-06-05 04:55:00+00:00,14.90999984741211,14.920000076293945,14.90999984741211,14.920000076293945,32684,0.0,0.0,0.0
2025-06-05 05:05:00+00:00,14.90999984741211,14.90999984741211,14.90999984741211,14.90999984741211,2564,0.0,0.0,0.0
2025-06-05 05:10:00+00:00,14.899999618530273,14.899999618530273,14.899999618530273,14.899999618530273,15000,0.0,0.0,0.0
2025-06-05 05:15:00+00:00,14.899999618530273,14.899999618530273,14.899999618530273,14.899999618530273,10332,0.0,0.0,0.0
2025-06-05 05:20:00+00:00,14.899999618530273,14.899999618530273,14.890000343322754,14.890000343322754,131834,0.0,0.0,0.0
2025-06-06 01:00:00+00:00,14.899999618530273,14.90999984741211,14.899999618530273,14.90999984741211,0,0.0,0.0,0.0
2025-06-06 01:05:00+00:00,14.920000076293945,14.949999809265137,14.920000076293945,14.949999809265137,114588,0.0,0.0,0.0
2025-06-06 01:10:00+00:00,14.960000038146973,14.970000267028809,14.960000038146973,14.970000267028809,192300,0.0,0.0,0.0
2025-06-06 01:15:00+00:00,14.970000267028809,14.970000267028809,14.930000305175781,14.930000305175781,41634,0.0,0.0,0.0
2025-06-06 01:20:00+00:00,14.920000076293945,14.930000305175781,14.920000076293945,14.930000305175781,78000,0.0,0.0,0.0
2025-06-06 01:25:00+00:00,14.949999809265137,14.979999542236328,14.949999809265137,14.979999542236328,52519,0.0,0.0,0.0
2025-06-06 01:30:00+00:00,14.989999771118164,14.989999771118164,14.979999542236328,14.979999542236328,17108,0.0,0.0,0.0
2025-06-06 01:35:00+00:00,14.979999542236328,14.979999542236328,14.979999542236328,14.979999542236328,18573,0.0,0.0,0.0
2025-06-06 01:40:00+00:00,14.949999809265137,14.949999809265137,14.949999809265137,14.949999809265137,10000,0.0,0.0,0.0
2025-06-06 01:45:00+00:00,14.970000267028809,14.970000267028809,14.970000267028809,14.970000267028809,3102,0.0,0.0,0.0
2025-06-06 01:55:00+00:00,14.960000038146973,14.960000038146973,14.949999809265137,14.949999809265137,11138,0.0,0.0,0.0
2025-06-06 02:00:00+00:00,14.9399995803833,14.949999809265137,14.9399995803833,14.949999809265137,39100,0.0,0.0,0.0
2025-06-06 02:05:00+00:00,14.949999809265137,14.970000267028809,14.949999809265137,14.970000267028809,99579,0.0,0.0,0.0
2025-06-06 02:10:00+00:00,14.970000267028809,14.979999542236328,14.970000267028809,14.970000267028809,17000,0.0,0.0,0.0
2025-06-06 02:15:00+00:00,14.979999542236328,14.979999542236328,14.979999542236328,14.979999542236328,33748,0.0,0.0,0.0
2025-06-06 02:20:00+00:00,14.989999771118164,14.989999771118164,14.989999771118164,14.989999771118164,37100,0.0,0.0,0.0
2025-06-06 02:25:00+00:00,14.989999771118164,14.989999771118164,14.989999771118164,14.989999771118164,20002,0.0,0.0,0.0
2025-06-06 02:30:00+00:00,15.0,15.0,14.989999771118164,14.989999771118164,29119,0.0,0.0,0.0
2025-06-06 02:35:00+00:00,14.989999771118164,14.989999771118164,14.989999771118164,14.989999771118164,6068,0.0,0.0,0.0
2025-06-06 02:40:00+00:00,14.989999771118164,14.989999771118164,14.989999771118164,14.989999771118164,34000,0.0,0.0,0.0
2025-06-06 02:45:00+00:00,15.0,15.0,15.0,15.0,3258,0.0,0.0,0.0
2025-06-06 02:50:00+00:00,15.0,15.0,15.0,15.0,101000,0.0,0.0,0.0
2025-06-06 02:55:00+00:00,14.989999771118164,15.0,14.989999771118164,14.989999771118164,181028,0.0,0.0,0.0
2025-06-06 03:00:00+00:00,14.989999771118164,15.010000228881836,14.989999771118164,15.010000228881836,5727,0.0,0.0,0.0
2025-06-06 03:15:00+00:00,14.989999771118164,14.989999771118164,14.989999771118164,14.989999771118164,3430,0.0,0.0,0.0
2025-06-06 03:20:00+00:00,14.989999771118164,14.989999771118164,14.989999771118164,14.989999771118164,9000,0.0,0.0,0.0
2025-06-06 03:25:00+00:00,14.989999771118164,14.989999771118164,14.989999771118164,14.989999771118164,5038,0.0,0.0,0.0
2025-06-06 03:30:00+00:00,15.0,15.0,14.979999542236328,14.979999542236328,53100,0.0,0.0,0.0
2025-06-06 03:35:00+00:00,14.979999542236328,14.979999542236328,14.979999542236328,14.979999542236328,36118,0.0,0.0,0.0
2025-06-06 03:40:00+00:00,14.989999771118164,14.989999771118164,14.989999771118164,14.989999771118164,5032,0.0,0.0,0.0
2025-06-06 03:45:00+00:00,14.989999771118164,14.989999771118164,14.989999771118164,14.989999771118164,10640,0.0,0.0,0.0
2025-06-06 03:50:00+00:00,14.979999542236328,14.979999542236328,14.970000267028809,14.970000267028809,22018,0.0,0.0,0.0
2025-06-06 03:55:00+00:00,14.979999542236328,14.979999542236328,14.979999542236328,14.979999542236328,5100,0.0,0.0,0.0
2025-06-06 04:00:00+00:00,14.979999542236328,14.979999542236328,14.979999542236328,14.979999542236328,13018,0.0,0.0,0.0
2025-06-06 04:05:00+00:00,14.970000267028809,14.970000267028809,14.970000267028809,14.970000267028809,8078,0.0,0.0,0.0
2025-06-06 04:10:00+00:00,14.970000267028809,14.979999542236328,14.970000267028809,14.979999542236328,2000,0.0,0.0,0.0
2025-06-06 04:15:00+00:00,14.970000267028809,14.970000267028809,14.960000038146973,14.960000038146973,21229,0.0,0.0,0.0
2025-06-06 04:20:00+00:00,14.960000038146973,14.960000038146973,14.949999809265137,14.949999809265137,31040,0.0,0.0,0.0
2025-06-06 04:25:00+00:00,14.949999809265137,14.949999809265137,14.949999809265137,14.949999809265137,1000,0.0,0.0,0.0
2025-06-06 04:30:00+00:00,14.970000267028809,14.970000267028809,14.949999809265137,14.949999809265137,17410,0.0,0.0,0.0
2025-06-06 04:35:00+00:00,14.949999809265137,14.949999809265137,14.949999809265137,14.949999809265137,10260,0.0,0.0,0.0
2025-06-06 04:45:00+00:00,14.949999809265137,14.949999809265137,14.949999809265137,14.949999809265137,11118,0.0,0.0,0.0
2025-06-06 04:50:00+00:00,14.949999809265137,14.949999809265137,14.949999809265137,14.949999809265137,24423,0.0,0.0,0.0
2025-06-06 04:55:00+00:00,14.949999809265137,14.949999809265137,14.949999809265137,14.949999809265137,18019,0.0,0.0,0.0
2025-06-06 05:00:00+00:00,14.949999809265137,14.960000038146973,14.949999809265137,14.960000038146973,85700,0.0,0.0,0.0
2025-06-06 05:10:00+00:00,14.960000038146973,14.970000267028809,14.960000038146973,14.970000267028809,52197,0.0,0.0,0.0
2025-06-06 05:20:00+00:00,14.960000038146973,14.960000038146973,14.960000038146973,14.960000038146973,93366,0.0,0.0,0.0
2025-06-09 01:00:00+00:00,14.989999771118164,15.029999732971191,14.989999771118164,15.010000228881836,0,0.0,0.0,0.0
2025-06-09 01:05:00+00:00,15.020000457763672,15.020000457763672,15.010000228881836,15.020000457763672,85221,0.0,0.0,0.0
2025-06-09 01:10:00+00:00,15.029999732971191,15.029999732971191,15.029999732971191,15.029999732971191,2100,0.0,0.0,0.0
2025-06-09 01:15:00+00:00,15.029999732971191,15.050000190734863,15.020000457763672,15.050000190734863,343032,0.0,0.0,0.0
2025-06-09 01:20:00+00:00,15.050000190734863,15.050000190734863,15.039999961853027,15.050000190734863,29911,0.0,0.0,0.0
2025-06-09 01:25:00+00:00,15.039999961853027,15.039999961853027,15.020000457763672,15.020000457763672,142077,0.0,0.0,0.0
2025-06-09 01:30:00+00:00,15.020000457763672,15.020000457763672,15.010000228881836,15.010000228881836,29598,0.0,0.0,0.0
2025-06-09 01:35:00+00:00,15.0,15.0,15.0,15.0,41116,0.0,0.0,0.0
2025-06-09 01:40:00+00:00,15.0,15.0,15.0,15.0,12091,0.0,0.0,0.0
2025-06-09 01:45:00+00:00,15.0,15.010000228881836,15.0,15.010000228881836,20573,0.0,0.0,0.0
2025-06-09 01:50:00+00:00,15.020000457763672,15.020000457763672,15.020000457763672,15.020000457763672,28251,0.0,0.0,0.0
2025-06-09 01:55:00+00:00,15.020000457763672,15.020000457763672,15.0,15.0,5200,0.0,0.0,0.0
2025-06-09 02:00:00+00:00,15.020000457763672,15.020000457763672,15.010000228881836,15.010000228881836,11150,0.0,0.0,0.0
2025-06-09 02:05:00+00:00,15.010000228881836,15.020000457763672,15.010000228881836,15.020000457763672,56253,0.0,0.0,0.0
2025-06-09 02:10:00+00:00,15.020000457763672,15.020000457763672,15.010000228881836,15.010000228881836,27010,0.0,0.0,0.0
2025-06-09 02:15:00+00:00,15.020000457763672,15.020000457763672,15.010000228881836,15.010000228881836,95229,0.0,0.0,0.0
2025-06-09 02:20:00+00:00,15.0,15.010000228881836,15.0,15.0,17000,0.0,0.0,0.0
2025-06-09 02:25:00+00:00,15.0,15.010000228881836,15.0,15.0,88110,0.0,0.0,0.0
2025-06-09 02:30:00+00:00,15.0,15.0,14.970000267028809,14.970000267028809,25950,0.0,0.0,0.0
2025-06-09 02:35:00+00:00,14.989999771118164,14.989999771118164,14.979999542236328,14.979999542236328,7612,0.0,0.0,0.0
2025-06-09 02:40:00+00:00,14.989999771118164,14.989999771118164,14.989999771118164,14.989999771118164,13000,0.0,0.0,0.0
2025-06-09 02:45:00+00:00,15.0,15.0,15.0,15.0,2100,0.0,0.0,0.0
2025-06-09 02:50:00+00:00,14.979999542236328,14.979999542236328,14.979999542236328,14.979999542236328,1100,0.0,0.0,0.0
2025-06-09 02:55:00+00:00,14.979999542236328,14.979999542236328,14.979999542236328,14.979999542236328,76129,0.0,0.0,0.0
2025-06-09 03:00:00+00:00,14.989999771118164,15.0,14.979999542236328,14.979999542236328,5109,0.0,0.0,0.0
2025-06-09 03:05:00+00:00,14.989999771118164,15.0,14.970000267028809,14.970000267028809,3454,0.0,0.0,0.0
2025-06-09 03:10:00+00:00,14.970000267028809,14.970000267028809,14.970000267028809,14.970000267028809,3000,0.0,0.0,0.0
2025-06-09 03:15:00+00:00,15.0,15.0,14.989999771118164,15.0,0,0.0,0.0,0.0
2025-06-09 03:20:00+00:00,14.989999771118164,14.989999771118164,14.989999771118164,14.989999771118164,1494622,0.0,0.0,0.0
2025-06-09 03:25:00+00:00,14.979999542236328,14.979999542236328,14.979999542236328,14.979999542236328,2000,0.0,0.0,0.0
2025-06-09 03:30:00+00:00,14.979999542236328,14.979999542236328,14.979999542236328,14.979999542236328,1000,0.0,0.0,0.0
2025-06-09 03:35:00+00:00,14.979999542236328,14.979999542236328,14.979999542236328,14.979999542236328,2286,0.0,0.0,0.0
2025-06-09 03:40:00+00:00,14.970000267028809,14.970000267028809,14.970000267028809,14.970000267028809,7120,0.0,0.0,0.0
2025-06-09 03:45:00+00:00,14.970000267028809,14.970000267028809,14.970000267028809,14.970000267028809,1180,0.0,0.0,0.0
2025-06-09 03:50:00+00:00,14.960000038146973,14.970000267028809,14.960000038146973,14.970000267028809,27320,0.0,0.0,0.0
2025-06-09 03:55:00+00:00,14.970000267028809,14.970000267028809,14.970000267028809,14.970000267028809,31003,0.0,0.0,0.0
2025-06-09 04:00:00+00:00,14.970000267028809,14.979999542236328,14.970000267028809,14.979999542236328,45000,0.0,0.0,0.0
2025-06-09 04:05:00+00:00,14.979999542236328,14.979999542236328,14.979999542236328,14.979999542236328,5000,0.0,0.0,0.0
2025-06-09 04:10:00+00:00,14.979999542236328,14.979999542236328,14.979999542236328,14.979999542236328,10349,0.0,0.0,0.0
2025-06-09 04:15:00+00:00,14.970000267028809,14.970000267028809,14.970000267028809,14.970000267028809,35000,0.0,0.0,0.0
2025-06-09 04:20:00+00:00,14.970000267028809,14.970000267028809,14.970000267028809,14.970000267028809,56420,0.0,0.0,0.0
2025-06-09 04:25:00+00:00,14.979999542236328,14.979999542236328,14.979999542236328,14.979999542236328,1734,0.0,0.0,0.0
2025-06-09 04:35:00+00:00,14.970000267028809,14.979999542236328,14.970000267028809,14.979999542236328,34100,0.0,0.0,0.0
2025-06-09 04:40:00+00:00,14.970000267028809,14.970000267028809,14.970000267028809,14.970000267028809,27165,0.0,0.0,0.0
2025-06-09 04:45:00+00:00,14.979999542236328,14.979999542236328,14.979999542236328,14.979999542236328,12100,0.0,0.0,0.0
2025-06-09 04:50:00+00:00,14.970000267028809,14.979999542236328,14.970000267028809,14.970000267028809,8000,0.0,0.0,0.0
2025-06-09 04:55:00+00:00,14.989999771118164,14.989999771118164,14.979999542236328,14.979999542236328,18200,0.0,0.0,0.0
2025-06-09 05:00:00+00:00,14.970000267028809,14.970000267028809,14.970000267028809,14.970000267028809,34247,0.0,0.0,0.0
2025-06-09 05:10:00+00:00,14.970000267028809,14.970000267028809,14.970000267028809,14.970000267028809,11578,0.0,0.0,0.0
2025-06-09 05:15:00+00:00,14.970000267028809,14.979999542236328,14.970000267028809,14.970000267028809,9638,0.0,0.0,0.0
2025-06-09 05:20:00+00:00,14.979999542236328,14.979999542236328,14.979999542236328,14.979999542236328,33162,0.0,0.0,0.0
2025-06-10 01:00:00+00:00,14.979999542236328,15.0,14.979999542236328,14.989999771118164,0,0.0,0.0,0.0
2025-06-10 01:05:00+00:00,15.0,15.020000457763672,15.0,15.020000457763672,137455,0.0,0.0,0.0
2025-06-10 01:10:00+00:00,15.020000457763672,15.020000457763672,15.0,15.0,5413,0.0,0.0,0.0
2025-06-10 01:15:00+00:00,15.0,15.0,15.0,15.0,56000,0.0,0.0,0.0
2025-06-10 01:20:00+00:00,15.0,15.020000457763672,15.0,15.020000457763672,111026,0.0,0.0,0.0
2025-06-10 01:25:00+00:00,15.020000457763672,15.039999961853027,15.020000457763672,15.029999732971191,173720,0.0,0.0,0.0
2025-06-10 01:30:00+00:00,15.039999961853027,15.039999961853027,15.029999732971191,15.029999732971191,11483,0.0,0.0,0.0
2025-06-10 01:35:00+00:00,15.039999961853027,15.050000190734863,15.029999732971191,15.050000190734863,41110,0.0,0.0,0.0
2025-06-10 01:40:00+00:00,15.050000190734863,15.069999694824219,15.050000190734863,15.069999694824219,336356,0.0,0.0,0.0
2025-06-10 01:45:00+00:00,15.069999694824219,15.09000015258789,15.069999694824219,15.079999923706055,155766,0.0,0.0,0.0
2025-06-10 01:50:00+00:00,15.09000015258789,15.09000015258789,15.09000015258789,15.09000015258789,27700,0.0,0.0,0.0
2025-06-10 01:55:00+00:00,15.09000015258789,15.09000015258789,15.079999923706055,15.079999923706055,106100,0.0,0.0,0.0
2025-06-10 02:00:00+00:00,15.09000015258789,15.09000015258789,15.079999923706055,15.079999923706055,5200,0.0,0.0,0.0
2025-06-10 02:05:00+00:00,15.079999923706055,15.079999923706055,15.069999694824219,15.069999694824219,89311,0.0,0.0,0.0
2025-06-10 02:10:00+00:00,15.079999923706055,15.09000015258789,15.079999923706055,15.09000015258789,111209,0.0,0.0,0.0
2025-06-10 02:15:00+00:00,15.079999923706055,15.100000381469727,15.079999923706055,15.100000381469727,148671,0.0,0.0,0.0
2025-06-10 02:20:00+00:00,15.100000381469727,15.100000381469727,15.100000381469727,15.100000381469727,26148,0.0,0.0,0.0
2025-06-10 02:25:00+00:00,15.100000381469727,15.109999656677246,15.09000015258789,15.09000015258789,164150,0.0,0.0,0.0
2025-06-10 02:30:00+00:00,15.09000015258789,15.09000015258789,15.09000015258789,15.09000015258789,13000,0.0,0.0,0.0
2025-06-10 02:35:00+00:00,15.09000015258789,15.09000015258789,15.09000015258789,15.09000015258789,21250,0.0,0.0,0.0
2025-06-10 02:40:00+00:00,15.100000381469727,15.109999656677246,15.100000381469727,15.109999656677246,149729,0.0,0.0,0.0
2025-06-10 02:45:00+00:00,15.100000381469727,15.109999656677246,15.100000381469727,15.100000381469727,85000,0.0,0.0,0.0
2025-06-10 02:50:00+00:00,15.109999656677246,15.109999656677246,15.100000381469727,15.109999656677246,48252,0.0,0.0,0.0
2025-06-10 02:55:00+00:00,15.100000381469727,15.100000381469727,15.100000381469727,15.100000381469727,3000,0.0,0.0,0.0
2025-06-10 03:00:00+00:00,15.100000381469727,15.109999656677246,15.100000381469727,15.109999656677246,39454,0.0,0.0,0.0
2025-06-10 03:10:00+00:00,15.079999923706055,15.079999923706055,15.079999923706055,15.079999923706055,12000,0.0,0.0,0.0
2025-06-10 03:15:00+00:00,15.079999923706055,15.09000015258789,15.079999923706055,15.09000015258789,4080,0.0,0.0,0.0
2025-06-10 03:20:00+00:00,15.09000015258789,15.09000015258789,15.09000015258789,15.09000015258789,28059,0.0,0.0,0.0
2025-06-10 03:25:00+00:00,15.09000015258789,15.09000015258789,15.09000015258789,15.09000015258789,10498,0.0,0.0,0.0
2025-06-10 03:30:00+00:00,15.079999923706055,15.079999923706055,15.079999923706055,15.079999923706055,1000,0.0,0.0,0.0
2025-06-10 03:35:00+00:00,15.079999923706055,15.079999923706055,15.079999923706055,15.079999923706055,2220,0.0,0.0,0.0
2025-06-10 03:40:00+00:00,15.079999923706055,15.079999923706055,15.079999923706055,15.079999923706055,5000,0.0,0.0,0.0
2025-06-10 03:45:00+00:00,15.079999923706055,15.079999923706055,15.079999923706055,15.079999923706055,115792,0.0,0.0,0.0
2025-06-10 03:50:00+00:00,15.079999923706055,15.079999923706055,15.079999923706055,15.079999923706055,17001,0.0,0.0,0.0
2025-06-10 03:55:00+00:00,15.079999923706055,15.079999923706055,15.079999923706055,15.079999923706055,46000,0.0,0.0,0.0
2025-06-10 04:00:00+00:00,15.079999923706055,15.079999923706055,15.079999923706055,15.079999923706055,13945,0.0,0.0,0.0
2025-06-10 04:05:00+00:00,15.079999923706055,15.09000015258789,15.069999694824219,15.079999923706055,71040,0.0,0.0,0.0
2025-06-10 04:10:00+00:00,15.069999694824219,15.069999694824219,15.069999694824219,15.069999694824219,1000,0.0,0.0,0.0
2025-06-10 04:15:00+00:00,15.069999694824219,15.069999694824219,15.069999694824219,15.069999694824219,19140,0.0,0.0,0.0
2025-06-10 04:20:00+00:00,15.069999694824219,15.079999923706055,15.069999694824219,15.069999694824219,25000,0.0,0.0,0.0
2025-06-10 04:25:00+00:00,15.069999694824219,15.069999694824219,15.0600004196167,15.0600004196167,28170,0.0,0.0,0.0
2025-06-10 04:30:00+00:00,15.0600004196167,15.0600004196167,15.0600004196167,15.0600004196167,24000,0.0,0.0,0.0
2025-06-10 04:35:00+00:00,15.0600004196167,15.0600004196167,15.0600004196167,15.0600004196167,15000,0.0,0.0,0.0
2025-06-10 04:40:00+00:00,15.0600004196167,15.0600004196167,15.0600004196167,15.0600004196167,12000,0.0,0.0,0.0
2025-06-10 04:45:00+00:00,15.0600004196167,15.079999923706055,15.0600004196167,15.069999694824219,75019,0.0,0.0,0.0
2025-06-10 04:50:00+00:00,15.069999694824219,15.069999694824219,15.069999694824219,15.069999694824219,16695,0.0,0.0,0.0
2025-06-10 04:55:00+00:00,15.069999694824219,15.069999694824219,15.069999694824219,15.069999694824219,10000,0.0,0.0,0.0
2025-06-10 05:00:00+00:00,15.069999694824219,15.069999694824219,15.0600004196167,15.0600004196167,71002,0.0,0.0,0.0
2025-06-10 05:05:00+00:00,15.069999694824219,15.069999694824219,15.069999694824219,15.069999694824219,47332,0.0,0.0,0.0
2025-06-10 05:10:00+00:00,15.069999694824219,15.079999923706055,15.069999694824219,15.079999923706055,16000,0.0,0.0,0.0
2025-06-10 05:15:00+00:00,15.0600004196167,15.079999923706055,15.0600004196167,15.079999923706055,33024,0.0,0.0,0.0
2025-06-10 05:20:00+00:00,15.069999694824219,15.069999694824219,15.0600004196167,15.0600004196167,204538,0.0,0.0,0.0
2025-06-11 01:00:00+00:00,15.050000190734863,15.050000190734863,15.029999732971191,15.029999732971191,0,0.0,0.0,0.0
2025-06-11 01:05:00+00:00,15.020000457763672,15.029999732971191,15.010000228881836,15.029999732971191,372421,0.0,0.0,0.0
2025-06-11 01:10:00+00:00,15.029999732971191,15.029999732971191,15.010000228881836,15.010000228881836,7370,0.0,0.0,0.0
2025-06-11 01:15:00+00:00,15.0,15.020000457763672,15.0,15.010000228881836,215628,0.0,0.0,0.0
2025-06-11 01:20:00+00:00,15.0,15.020000457763672,15.0,15.020000457763672,0,0.0,0.0,0.0
2025-06-11 01:25:00+00:00,15.010000228881836,15.020000457763672,15.010000228881836,15.020000457763672,617496,0.0,0.0,0.0
2025-06-11 01:30:00+00:00,15.020000457763672,15.020000457763672,15.0,15.0,32647,0.0,0.0,0.0
2025-06-11 01:35:00+00:00,15.010000228881836,15.020000457763672,15.010000228881836,15.020000457763672,120779,0.0,0.0,0.0
2025-06-11 01:45:00+00:00,15.010000228881836,15.010000228881836,15.010000228881836,15.010000228881836,6000,0.0,0.0,0.0
2025-06-11 01:50:00+00:00,15.020000457763672,15.029999732971191,15.020000457763672,15.020000457763672,169114,0.0,0.0,0.0
2025-06-11 01:55:00+00:00,15.010000228881836,15.010000228881836,15.0,15.0,107205,0.0,0.0,0.0
2025-06-11 02:00:00+00:00,15.0,15.010000228881836,14.989999771118164,15.010000228881836,37090,0.0,0.0,0.0
2025-06-11 02:05:00+00:00,15.010000228881836,15.020000457763672,15.010000228881836,15.020000457763672,55010,0.0,0.0,0.0
2025-06-11 02:10:00+00:00,15.020000457763672,15.029999732971191,15.020000457763672,15.029999732971191,36257,0.0,0.0,0.0
2025-06-11 02:15:00+00:00,15.029999732971191,15.029999732971191,15.029999732971191,15.029999732971191,8000,0.0,0.0,0.0
2025-06-11 02:20:00+00:00,15.029999732971191,15.039999961853027,15.029999732971191,15.039999961853027,68000,0.0,0.0,0.0
2025-06-11 02:25:00+00:00,15.029999732971191,15.029999732971191,15.029999732971191,15.029999732971191,2300,0.0,0.0,0.0
2025-06-11 02:30:00+00:00,15.029999732971191,15.029999732971191,15.029999732971191,15.029999732971191,10060,0.0,0.0,0.0
2025-06-11 02:35:00+00:00,15.029999732971191,15.029999732971191,15.029999732971191,15.029999732971191,7020,0.0,0.0,0.0
2025-06-11 02:40:00+00:00,15.029999732971191,15.029999732971191,15.029999732971191,15.029999732971191,0,0.0,0.0,0.0
2025-06-11 02:45:00+00:00,15.029999732971191,15.050000190734863,15.029999732971191,15.050000190734863,1364920,0.0,0.0,0.0
2025-06-11 02:50:00+00:00,15.050000190734863,15.050000190734863,15.050000190734863,15.050000190734863,5100,0.0,0.0,0.0
2025-06-11 02:55:00+00:00,15.050000190734863,15.050000190734863,15.050000190734863,15.050000190734863,46116,0.0,0.0,0.0
2025-06-11 03:00:00+00:00,15.050000190734863,15.050000190734863,15.050000190734863,15.050000190734863,28601,0.0,0.0,0.0
2025-06-11 03:05:00+00:00,15.050000190734863,15.069999694824219,15.050000190734863,15.069999694824219,25300,0.0,0.0,0.0
2025-06-11 03:10:00+00:00,15.069999694824219,15.069999694824219,15.0600004196167,15.0600004196167,106000,0.0,0.0,0.0
2025-06-11 03:15:00+00:00,15.0600004196167,15.079999923706055,15.0600004196167,15.069999694824219,50911,0.0,0.0,0.0
2025-06-11 03:20:00+00:00,15.079999923706055,15.09000015258789,15.079999923706055,15.09000015258789,53791,0.0,0.0,0.0
2025-06-11 03:25:00+00:00,15.09000015258789,15.100000381469727,15.09000015258789,15.100000381469727,0,0.0,0.0,0.0
2025-06-11 03:30:00+00:00,15.100000381469727,15.100000381469727,15.100000381469727,15.100000381469727,1748817,0.0,0.0,0.0
2025-06-11 03:35:00+00:00,15.09000015258789,15.09000015258789,15.09000015258789,15.09000015258789,28100,0.0,0.0,0.0
2025-06-11 03:40:00+00:00,15.09000015258789,15.09000015258789,15.09000015258789,15.09000015258789,20236,0.0,0.0,0.0
2025-06-11 03:45:00+00:00,15.079999923706055,15.09000015258789,15.079999923706055,15.079999923706055,29100,0.0,0.0,0.0
2025-06-11 03:50:00+00:00,15.079999923706055,15.079999923706055,15.079999923706055,15.079999923706055,25053,0.0,0.0,0.0
2025-06-11 03:55:00+00:00,15.079999923706055,15.09000015258789,15.079999923706055,15.09000015258789,7249,0.0,0.0,0.0
2025-06-11 04:15:00+00:00,15.09000015258789,15.09000015258789,15.09000015258789,15.09000015258789,121201,0.0,0.0,0.0
2025-06-11 04:20:00+00:00,15.079999923706055,15.09000015258789,15.079999923706055,15.09000015258789,10340,0.0,0.0,0.0
2025-06-11 04:25:00+00:00,15.079999923706055,15.09000015258789,15.079999923706055,15.09000015258789,20318,0.0,0.0,0.0
2025-06-11 04:30:00+00:00,15.09000015258789,15.100000381469727,15.09000015258789,15.100000381469727,176924,0.0,0.0,0.0
2025-06-11 04:35:00+00:00,15.09000015258789,15.100000381469727,15.09000015258789,15.09000015258789,199060,0.0,0.0,0.0
2025-06-11 04:40:00+00:00,15.100000381469727,15.100000381469727,15.100000381469727,15.100000381469727,2000,0.0,0.0,0.0
2025-06-12 01:00:00+00:00,15.09000015258789,15.109999656677246,15.09000015258789,15.109999656677246,162000,0.0,0.0,0.0
2025-06-12 01:05:00+00:00,15.100000381469727,15.130000114440918,15.100000381469727,15.119999885559082,41000,0.0,0.0,0.0
2025-06-12 01:10:00+00:00,15.119999885559082,15.130000114440918,15.119999885559082,15.119999885559082,48595,0.0,0.0,0.0
2025-06-12 01:15:00+00:00,15.109999656677246,15.109999656677246,15.109999656677246,15.109999656677246,1000,0.0,0.0,0.0
2025-06-12 01:20:00+00:00,15.109999656677246,15.119999885559082,15.100000381469727,15.119999885559082,52790,0.0,0.0,0.0
2025-06-12 01:25:00+00:00,15.119999885559082,15.119999885559082,15.109999656677246,15.109999656677246,90000,0.0,0.0,0.0
2025-06-12 01:30:00+00:00,15.119999885559082,15.130000114440918,15.119999885559082,15.119999885559082,110500,0.0,0.0,0.0
2025-06-12 01:35:00+00:00,15.119999885559082,15.119999885559082,15.109999656677246,15.109999656677246,3000,0.0,0.0,0.0
2025-06-12 01:40:00+00:00,15.100000381469727,15.109999656677246,15.100000381469727,15.109999656677246,42655,0.0,0.0,0.0
2025-06-12 01:45:00+00:00,15.09000015258789,15.09000015258789,15.09000015258789,15.09000015258789,107477,0.0,0.0,0.0
2025-06-12 01:50:00+00:00,15.100000381469727,15.100000381469727,15.100000381469727,15.100000381469727,19000,0.0,0.0,0.0
2025-06-12 01:55:00+00:00,15.100000381469727,15.109999656677246,15.100000381469727,15.100000381469727,34829,0.0,0.0,0.0
2025-06-12 02:00:00+00:00,15.100000381469727,15.100000381469727,15.100000381469727,15.100000381469727,8172,0.0,0.0,0.0
2025-06-12 02:05:00+00:00,15.100000381469727,15.100000381469727,15.100000381469727,15.100000381469727,22000,0.0,0.0,0.0
2025-06-12 02:10:00+00:00,15.100000381469727,15.100000381469727,15.100000381469727,15.100000381469727,12200,0.0,0.0,0.0
2025-06-12 02:15:00+00:00,15.100000381469727,15.100000381469727,15.100000381469727,15.100000381469727,66009,0.0,0.0,0.0
2025-06-12 02:20:00+00:00,15.100000381469727,15.100000381469727,15.100000381469727,15.100000381469727,13280,0.0,0.0,0.0
2025-06-12 02:30:00+00:00,15.100000381469727,15.100000381469727,15.100000381469727,15.100000381469727,4000,0.0,0.0,0.0
2025-06-12 02:35:00+00:00,15.100000381469727,15.109999656677246,15.100000381469727,15.109999656677246,14000,0.0,0.0,0.0
2025-06-12 02:40:00+00:00,15.100000381469727,15.100000381469727,15.100000381469727,15.100000381469727,44386,0.0,0.0,0.0
2025-06-12 02:45:00+00:00,15.100000381469727,15.100000381469727,15.100000381469727,15.100000381469727,7010,0.0,0.0,0.0
2025-06-12 02:50:00+00:00,15.100000381469727,15.100000381469727,15.100000381469727,15.100000381469727,73089,0.0,0.0,0.0
2025-06-12 02:55:00+00:00,15.100000381469727,15.109999656677246,15.100000381469727,15.100000381469727,156330,0.0,0.0,0.0
2025-06-12 03:00:00+00:00,15.100000381469727,15.100000381469727,15.100000381469727,15.100000381469727,21310,0.0,0.0,0.0
2025-06-12 03:15:00+00:00,15.109999656677246,15.109999656677246,15.109999656677246,15.109999656677246,76034,0.0,0.0,0.0
2025-06-12 03:20:00+00:00,15.100000381469727,15.100000381469727,15.100000381469727,15.100000381469727,5000,0.0,0.0,0.0
2025-06-12 03:25:00+00:00,15.100000381469727,15.100000381469727,15.100000381469727,15.100000381469727,0,0.0,0.0,0.0
2025-06-12 03:35:00+00:00,15.100000381469727,15.109999656677246,15.100000381469727,15.109999656677246,1310021,0.0,0.0,0.0
2025-06-12 03:40:00+00:00,15.109999656677246,15.109999656677246,15.109999656677246,15.109999656677246,5000,0.0,0.0,0.0
2025-06-12 03:45:00+00:00,15.109999656677246,15.109999656677246,15.109999656677246,15.109999656677246,8007,0.0,0.0,0.0
2025-06-12 03:50:00+00:00,15.109999656677246,15.109999656677246,15.109999656677246,15.109999656677246,100000,0.0,0.0,0.0
2025-06-12 03:55:00+00:00,15.109999656677246,15.109999656677246,15.109999656677246,15.109999656677246,8009,0.0,0.0,0.0
2025-06-12 04:00:00+00:00,15.100000381469727,15.109999656677246,15.100000381469727,15.109999656677246,40000,0.0,0.0,0.0
2025-06-12 04:05:00+00:00,15.109999656677246,15.109999656677246,15.109999656677246,15.109999656677246,2150,0.0,0.0,0.0
2025-06-12 04:10:00+00:00,15.109999656677246,15.109999656677246,15.109999656677246,15.109999656677246,9150,0.0,0.0,0.0
2025-06-12 04:15:00+00:00,15.100000381469727,15.100000381469727,15.100000381469727,15.100000381469727,6150,0.0,0.0,0.0
2025-06-12 04:25:00+00:00,15.100000381469727,15.100000381469727,15.100000381469727,15.100000381469727,4049,0.0,0.0,0.0
2025-06-12 04:30:00+00:00,15.100000381469727,15.100000381469727,15.100000381469727,15.100000381469727,18000,0.0,0.0,0.0
2025-06-12 04:35:00+00:00,15.100000381469727,15.100000381469727,15.100000381469727,15.100000381469727,7013,0.0,0.0,0.0
2025-06-12 04:50:00+00:00,15.09000015258789,15.09000015258789,15.09000015258789,15.09000015258789,19625,0.0,0.0,0.0
2025-06-12 04:55:00+00:00,15.09000015258789,15.09000015258789,15.09000015258789,15.09000015258789,4000,0.0,0.0,0.0
2025-06-12 05:00:00+00:00,15.09000015258789,15.09000015258789,15.09000015258789,15.09000015258789,7000,0.0,0.0,0.0
2025-06-12 05:05:00+00:00,15.09000015258789,15.09000015258789,15.09000015258789,15.09000015258789,0,0.0,0.0,0.0
2025-06-12 05:15:00+00:00,15.09000015258789,15.09000015258789,15.079999923706055,15.09000015258789,1576410,0.0,0.0,0.0
2025-06-12 05:20:00+00:00,15.09000015258789,15.100000381469727,15.09000015258789,15.09000015258789,122000,0.0,0.0,0.0
2025-06-13 01:00:00+00:00,15.050000190734863,15.050000190734863,15.020000457763672,15.020000457763672,0,0.0,0.0,0.0
2025-06-13 01:05:00+00:00,15.010000228881836,15.029999732971191,14.989999771118164,15.020000457763672,120584,0.0,0.0,0.0
2025-06-13 01:10:00+00:00,15.020000457763672,15.020000457763672,15.0,15.0,205878,0.0,0.0,0.0
2025-06-13 01:15:00+00:00,14.989999771118164,14.989999771118164,14.989999771118164,14.989999771118164,39551,0.0,0.0,0.0
2025-06-13 01:20:00+00:00,15.0,15.010000228881836,15.0,15.0,155000,0.0,0.0,0.0
2025-06-13 01:25:00+00:00,15.0,15.010000228881836,15.0,15.010000228881836,101500,0.0,0.0,0.0
2025-06-13 01:30:00+00:00,15.010000228881836,15.039999961853027,15.010000228881836,15.039999961853027,50333,0.0,0.0,0.0
2025-06-13 01:35:00+00:00,15.039999961853027,15.079999923706055,15.039999961853027,15.079999923706055,134523,0.0,0.0,0.0
2025-06-13 01:40:00+00:00,15.079999923706055,15.079999923706055,15.069999694824219,15.069999694824219,7158,0.0,0.0,0.0
2025-06-13 01:45:00+00:00,15.069999694824219,15.09000015258789,15.069999694824219,15.09000015258789,228400,0.0,0.0,0.0
2025-06-13 01:50:00+00:00,15.079999923706055,15.09000015258789,15.079999923706055,15.09000015258789,67000,0.0,0.0,0.0
2025-06-13 01:55:00+00:00,15.100000381469727,15.109999656677246,15.100000381469727,15.109999656677246,84756,0.0,0.0,0.0
2025-06-13 02:00:00+00:00,15.119999885559082,15.119999885559082,15.119999885559082,15.119999885559082,3220,0.0,0.0,0.0
2025-06-13 02:05:00+00:00,15.109999656677246,15.109999656677246,15.109999656677246,15.109999656677246,33137,0.0,0.0,0.0
2025-06-13 02:10:00+00:00,15.109999656677246,15.119999885559082,15.109999656677246,15.119999885559082,154341,0.0,0.0,0.0
2025-06-13 02:15:00+00:00,15.119999885559082,15.130000114440918,15.119999885559082,15.130000114440918,72949,0.0,0.0,0.0
2025-06-13 02:20:00+00:00,15.130000114440918,15.149999618530273,15.130000114440918,15.130000114440918,163000,0.0,0.0,0.0
2025-06-13 02:25:00+00:00,15.119999885559082,15.119999885559082,15.109999656677246,15.119999885559082,401009,0.0,0.0,0.0
2025-06-13 02:30:00+00:00,15.130000114440918,15.130000114440918,15.100000381469727,15.100000381469727,203200,0.0,0.0,0.0
2025-06-13 02:40:00+00:00,15.079999923706055,15.079999923706055,15.0600004196167,15.0600004196167,104000,0.0,0.0,0.0
2025-06-13 02:45:00+00:00,15.050000190734863,15.079999923706055,15.050000190734863,15.079999923706055,166100,0.0,0.0,0.0
2025-06-13 02:50:00+00:00,15.079999923706055,15.09000015258789,15.079999923706055,15.09000015258789,102101,0.0,0.0,0.0
2025-06-13 02:55:00+00:00,15.079999923706055,15.100000381469727,15.079999923706055,15.100000381469727,76000,0.0,0.0,0.0
2025-06-13 03:00:00+00:00,15.109999656677246,15.109999656677246,15.09000015258789,15.09000015258789,18100,0.0,0.0,0.0
2025-06-13 03:05:00+00:00,15.09000015258789,15.09000015258789,15.079999923706055,15.09000015258789,17005,0.0,0.0,0.0
2025-06-13 03:10:00+00:00,15.09000015258789,15.100000381469727,15.09000015258789,15.100000381469727,18805,0.0,0.0,0.0
2025-06-13 03:15:00+00:00,15.109999656677246,15.109999656677246,15.109999656677246,15.109999656677246,19057,0.0,0.0,0.0
2025-06-13 03:20:00+00:00,15.109999656677246,15.109999656677246,15.109999656677246,15.109999656677246,28000,0.0,0.0,0.0
2025-06-13 03:25:00+00:00,15.119999885559082,15.119999885559082,15.119999885559082,15.119999885559082,27911,0.0,0.0,0.0
2025-06-13 03:35:00+00:00,15.109999656677246,15.109999656677246,15.109999656677246,15.109999656677246,8060,0.0,0.0,0.0
2025-06-13 03:40:00+00:00,15.100000381469727,15.109999656677246,15.100000381469727,15.100000381469727,59037,0.0,0.0,0.0
2025-06-13 03:45:00+00:00,15.09000015258789,15.109999656677246,15.09000015258789,15.100000381469727,18070,0.0,0.0,0.0
2025-06-13 03:50:00+00:00,15.100000381469727,15.109999656677246,15.100000381469727,15.109999656677246,18059,0.0,0.0,0.0
2025-06-13 03:55:00+00:00,15.109999656677246,15.109999656677246,15.109999656677246,15.109999656677246,7000,0.0,0.0,0.0
2025-06-13 04:05:00+00:00,15.109999656677246,15.119999885559082,15.100000381469727,15.100000381469727,8000,0.0,0.0,0.0
2025-06-13 04:10:00+00:00,15.100000381469727,15.109999656677246,15.100000381469727,15.109999656677246,24000,0.0,0.0,0.0
2025-06-13 04:20:00+00:00,15.100000381469727,15.100000381469727,15.100000381469727,15.100000381469727,56100,0.0,0.0,0.0
2025-06-13 04:30:00+00:00,15.100000381469727,15.100000381469727,15.100000381469727,15.100000381469727,114102,0.0,0.0,0.0
2025-06-13 04:35:00+00:00,15.100000381469727,15.100000381469727,15.100000381469727,15.100000381469727,214000,0.0,0.0,0.0
2025-06-13 04:40:00+00:00,15.100000381469727,15.100000381469727,15.100000381469727,15.100000381469727,34500,0.0,0.0,0.0
2025-06-13 04:45:00+00:00,15.100000381469727,15.100000381469727,15.100000381469727,15.100000381469727,6400,0.0,0.0,0.0
2025-06-13 04:50:00+00:00,15.100000381469727,15.100000381469727,15.100000381469727,15.100000381469727,3300,0.0,0.0,0.0
2025-06-13 04:55:00+00:00,15.100000381469727,15.100000381469727,15.100000381469727,15.100000381469727,3077,0.0,0.0,0.0
2025-06-13 05:00:00+00:00,15.09000015258789,15.09000015258789,15.09000015258789,15.09000015258789,3000,0.0,0.0,0.0
2025-06-13 05:05:00+00:00,15.079999923706055,15.079999923706055,15.079999923706055,15.079999923706055,2022,0.0,0.0,0.0
2025-06-13 05:10:00+00:00,15.079999923706055,15.079999923706055,15.079999923706055,15.079999923706055,101299,0.0,0.0,0.0
2025-06-13 05:15:00+00:00,15.069999694824219,15.069999694824219,15.069999694824219,15.069999694824219,1010,0.0,0.0,0.0
2025-06-13 05:20:00+00:00,15.0600004196167,15.0600004196167,15.0600004196167,15.0600004196167,26055,0.0,0.0,0.0
2025-06-16 01:00:00+00:00,15.020000457763672,15.050000190734863,15.020000457763672,15.029999732971191,0,0.0,0.0,0.0
2025-06-16 01:05:00+00:00,15.010000228881836,15.020000457763672,15.010000228881836,15.020000457763672,176900,0.0,0.0,0.0
2025-06-16 01:10:00+00:00,15.020000457763672,15.050000190734863,15.020000457763672,15.039999961853027,117674,0.0,0.0,0.0
2025-06-16 01:15:00+00:00,15.050000190734863,15.050000190734863,15.050000190734863,15.050000190734863,55068,0.0,0.0,0.0
2025-06-16 01:20:00+00:00,15.050000190734863,15.050000190734863,15.050000190734863,15.050000190734863,2042,0.0,0.0,0.0
2025-06-16 01:25:00+00:00,15.050000190734863,15.0600004196167,15.050000190734863,15.050000190734863,84359,0.0,0.0,0.0
2025-06-16 01:30:00+00:00,15.0600004196167,15.069999694824219,15.0600004196167,15.069999694824219,141288,0.0,0.0,0.0
2025-06-16 01:35:00+00:00,15.079999923706055,15.079999923706055,15.079999923706055,15.079999923706055,20000,0.0,0.0,0.0
2025-06-16 01:40:00+00:00,15.079999923706055,15.079999923706055,15.079999923706055,15.079999923706055,11000,0.0,0.0,0.0
2025-06-16 01:45:00+00:00,15.079999923706055,15.100000381469727,15.079999923706055,15.09000015258789,34246,0.0,0.0,0.0
2025-06-16 01:50:00+00:00,15.09000015258789,15.100000381469727,15.09000015258789,15.100000381469727,14272,0.0,0.0,0.0
2025-06-16 01:55:00+00:00,15.09000015258789,15.09000015258789,15.09000015258789,15.09000015258789,1439,0.0,0.0,0.0
2025-06-16 02:00:00+00:00,15.09000015258789,15.09000015258789,15.069999694824219,15.069999694824219,19100,0.0,0.0,0.0
2025-06-16 02:05:00+00:00,15.069999694824219,15.079999923706055,15.069999694824219,15.079999923706055,32009,0.0,0.0,0.0
2025-06-16 02:10:00+00:00,15.079999923706055,15.079999923706055,15.079999923706055,15.079999923706055,62000,0.0,0.0,0.0
2025-06-16 02:15:00+00:00,15.069999694824219,15.079999923706055,15.069999694824219,15.079999923706055,17309,0.0,0.0,0.0
2025-06-16 02:20:00+00:00,15.069999694824219,15.069999694824219,15.069999694824219,15.069999694824219,6255,0.0,0.0,0.0
2025-06-16 02:25:00+00:00,15.069999694824219,15.069999694824219,15.069999694824219,15.069999694824219,55554,0.0,0.0,0.0
2025-06-16 02:30:00+00:00,15.079999923706055,15.09000015258789,15.079999923706055,15.09000015258789,135100,0.0,0.0,0.0
2025-06-16 02:35:00+00:00,15.09000015258789,15.09000015258789,15.09000015258789,15.09000015258789,9554,0.0,0.0,0.0
2025-06-16 02:40:00+00:00,15.09000015258789,15.09000015258789,15.079999923706055,15.09000015258789,51100,0.0,0.0,0.0
2025-06-16 02:45:00+00:00,15.100000381469727,15.100000381469727,15.079999923706055,15.079999923706055,18515,0.0,0.0,0.0
2025-06-16 02:55:00+00:00,15.09000015258789,15.09000015258789,15.09000015258789,15.09000015258789,4119,0.0,0.0,0.0
2025-06-16 03:00:00+00:00,15.100000381469727,15.100000381469727,15.09000015258789,15.09000015258789,4480,0.0,0.0,0.0
2025-06-16 03:05:00+00:00,15.09000015258789,15.09000015258789,15.09000015258789,15.09000015258789,4235,0.0,0.0,0.0
2025-06-16 03:15:00+00:00,15.079999923706055,15.079999923706055,15.079999923706055,15.079999923706055,2010,0.0,0.0,0.0
2025-06-16 03:20:00+00:00,15.079999923706055,15.09000015258789,15.079999923706055,15.09000015258789,15109,0.0,0.0,0.0
2025-06-16 03:25:00+00:00,15.09000015258789,15.09000015258789,15.079999923706055,15.09000015258789,28030,0.0,0.0,0.0
2025-06-16 03:30:00+00:00,15.09000015258789,15.09000015258789,15.09000015258789,15.09000015258789,15078,0.0,0.0,0.0
2025-06-16 03:35:00+00:00,15.09000015258789,15.09000015258789,15.09000015258789,15.09000015258789,11000,0.0,0.0,0.0
2025-06-16 03:40:00+00:00,15.079999923706055,15.09000015258789,15.079999923706055,15.079999923706055,15009,0.0,0.0,0.0
2025-06-16 03:45:00+00:00,15.079999923706055,15.079999923706055,15.079999923706055,15.079999923706055,35100,0.0,0.0,0.0
2025-06-16 03:50:00+00:00,15.079999923706055,15.09000015258789,15.079999923706055,15.09000015258789,93019,0.0,0.0,0.0
2025-06-16 03:55:00+00:00,15.09000015258789,15.09000015258789,15.079999923706055,15.09000015258789,57080,0.0,0.0,0.0
2025-06-16 04:00:00+00:00,15.09000015258789,15.09000015258789,15.09000015258789,15.09000015258789,12109,0.0,0.0,0.0
2025-06-16 04:05:00+00:00,15.09000015258789,15.09000015258789,15.079999923706055,15.079999923706055,7250,0.0,0.0,0.0
2025-06-16 04:10:00+00:00,15.09000015258789,15.09000015258789,15.079999923706055,15.079999923706055,33873,0.0,0.0,0.0
2025-06-16 04:15:00+00:00,15.09000015258789,15.09000015258789,15.09000015258789,15.09000015258789,11000,0.0,0.0,0.0
2025-06-16 04:20:00+00:00,15.09000015258789,15.09000015258789,15.09000015258789,15.09000015258789,1009,0.0,0.0,0.0
2025-06-16 04:25:00+00:00,15.09000015258789,15.09000015258789,15.09000015258789,15.09000015258789,19246,0.0,0.0,0.0
2025-06-16 04:30:00+00:00,15.09000015258789,15.09000015258789,15.09000015258789,15.09000015258789,7109,0.0,0.0,0.0
2025-06-16 04:35:00+00:00,15.09000015258789,15.09000015258789,15.09000015258789,15.09000015258789,14100,0.0,0.0,0.0
2025-06-16 04:40:00+00:00,15.09000015258789,15.100000381469727,15.09000015258789,15.09000015258789,217309,0.0,0.0,0.0
2025-06-16 04:45:00+00:00,15.09000015258789,15.09000015258789,15.09000015258789,15.09000015258789,11172,0.0,0.0,0.0
2025-06-16 04:50:00+00:00,15.09000015258789,15.09000015258789,15.09000015258789,15.09000015258789,15752,0.0,0.0,0.0
2025-06-16 04:55:00+00:00,15.09000015258789,15.100000381469727,15.09000015258789,15.100000381469727,24182,0.0,0.0,0.0
2025-06-16 05:10:00+00:00,15.100000381469727,15.100000381469727,15.100000381469727,15.100000381469727,45000,0.0,0.0,0.0
2025-06-16 05:15:00+00:00,15.100000381469727,15.100000381469727,15.09000015258789,15.09000015258789,10147,0.0,0.0,0.0
2025-06-16 05:20:00+00:00,15.100000381469727,15.100000381469727,15.09000015258789,15.09000015258789,12686,0.0,0.0,0.0
2025-06-17 01:00:00+00:00,15.119999885559082,15.140000343322754,15.119999885559082,15.130000114440918,0,0.0,0.0,0.0
2025-06-17 01:05:00+00:00,15.130000114440918,15.140000343322754,15.130000114440918,15.130000114440918,27685,0.0,0.0,0.0
2025-06-17 01:10:00+00:00,15.140000343322754,15.140000343322754,15.140000343322754,15.140000343322754,54335,0.0,0.0,0.0
2025-06-17 01:15:00+00:00,15.130000114440918,15.130000114440918,15.130000114440918,15.130000114440918,10654,0.0,0.0,0.0
2025-06-17 01:20:00+00:00,15.119999885559082,15.130000114440918,15.119999885559082,15.119999885559082,121107,0.0,0.0,0.0
2025-06-17 01:25:00+00:00,15.119999885559082,15.119999885559082,15.119999885559082,15.119999885559082,2178,0.0,0.0,0.0
2025-06-17 01:30:00+00:00,15.119999885559082,15.119999885559082,15.119999885559082,15.119999885559082,115000,0.0,0.0,0.0
2025-06-17 01:35:00+00:00,15.119999885559082,15.119999885559082,15.119999885559082,15.119999885559082,36332,0.0,0.0,0.0
2025-06-17 01:40:00+00:00,15.119999885559082,15.119999885559082,15.119999885559082,15.119999885559082,5500,0.0,0.0,0.0
2025-06-17 01:45:00+00:00,15.119999885559082,15.119999885559082,15.119999885559082,15.119999885559082,30040,0.0,0.0,0.0
2025-06-17 01:50:00+00:00,15.119999885559082,15.119999885559082,15.119999885559082,15.119999885559082,17000,0.0,0.0,0.0
2025-06-17 01:55:00+00:00,15.109999656677246,15.109999656677246,15.109999656677246,15.109999656677246,2615,0.0,0.0,0.0
2025-06-17 02:00:00+00:00,15.109999656677246,15.109999656677246,15.100000381469727,15.100000381469727,12055,0.0,0.0,0.0
2025-06-17 02:05:00+00:00,15.100000381469727,15.100000381469727,15.09000015258789,15.09000015258789,3000,0.0,0.0,0.0
2025-06-17 02:10:00+00:00,15.09000015258789,15.100000381469727,15.09000015258789,15.100000381469727,25100,0.0,0.0,0.0
2025-06-17 02:15:00+00:00,15.079999923706055,15.09000015258789,15.079999923706055,15.09000015258789,12200,0.0,0.0,0.0
2025-06-17 02:25:00+00:00,15.079999923706055,15.079999923706055,15.069999694824219,15.069999694824219,36000,0.0,0.0,0.0
2025-06-17 02:30:00+00:00,15.069999694824219,15.069999694824219,15.069999694824219,15.069999694824219,12154,0.0,0.0,0.0
2025-06-17 02:35:00+00:00,15.069999694824219,15.069999694824219,15.069999694824219,15.069999694824219,9154,0.0,0.0,0.0
2025-06-17 02:40:00+00:00,15.069999694824219,15.09000015258789,15.069999694824219,15.09000015258789,25000,0.0,0.0,0.0
2025-06-17 02:45:00+00:00,15.079999923706055,15.079999923706055,15.079999923706055,15.079999923706055,3000,0.0,0.0,0.0
2025-06-17 02:50:00+00:00,15.079999923706055,15.09000015258789,15.079999923706055,15.09000015258789,48355,0.0,0.0,0.0
2025-06-17 02:55:00+00:00,15.09000015258789,15.09000015258789,15.09000015258789,15.09000015258789,13390,0.0,0.0,0.0
2025-06-17 03:00:00+00:00,15.100000381469727,15.100000381469727,15.09000015258789,15.09000015258789,26265,0.0,0.0,0.0
2025-06-17 03:05:00+00:00,15.100000381469727,15.100000381469727,15.100000381469727,15.100000381469727,30000,0.0,0.0,0.0
2025-06-17 03:10:00+00:00,15.100000381469727,15.100000381469727,15.100000381469727,15.100000381469727,98100,0.0,0.0,0.0
2025-06-17 03:15:00+00:00,15.100000381469727,15.100000381469727,15.100000381469727,15.100000381469727,9080,0.0,0.0,0.0
2025-06-17 03:20:00+00:00,15.100000381469727,15.100000381469727,15.100000381469727,15.100000381469727,17000,0.0,0.0,0.0
2025-06-17 03:25:00+00:00,15.100000381469727,15.100000381469727,15.100000381469727,15.100000381469727,16000,0.0,0.0,0.0
2025-06-17 03:30:00+00:00,15.100000381469727,15.100000381469727,15.100000381469727,15.100000381469727,64400,0.0,0.0,0.0
2025-06-17 03:35:00+00:00,15.100000381469727,15.100000381469727,15.100000381469727,15.100000381469727,27000,0.0,0.0,0.0
2025-06-17 03:40:00+00:00,15.109999656677246,15.109999656677246,15.109999656677246,15.109999656677246,34489,0.0,0.0,0.0
2025-06-17 03:45:00+00:00,15.109999656677246,15.109999656677246,15.109999656677246,15.109999656677246,200100,0.0,0.0,0.0
2025-06-17 03:50:00+00:00,15.109999656677246,15.109999656677246,15.109999656677246,15.109999656677246,5000,0.0,0.0,0.0
2025-06-17 03:55:00+00:00,15.109999656677246,15.109999656677246,15.100000381469727,15.100000381469727,42000,0.0,0.0,0.0
2025-06-17 04:00:00+00:00,15.100000381469727,15.100000381469727,15.100000381469727,15.100000381469727,10010,0.0,0.0,0.0
2025-06-17 04:05:00+00:00,15.100000381469727,15.109999656677246,15.100000381469727,15.109999656677246,6050,0.0,0.0,0.0
2025-06-17 04:10:00+00:00,15.100000381469727,15.100000381469727,15.100000381469727,15.100000381469727,20000,0.0,0.0,0.0
2025-06-17 04:15:00+00:00,15.100000381469727,15.100000381469727,15.09000015258789,15.09000015258789,71000,0.0,0.0,0.0
2025-06-17 04:20:00+00:00,15.100000381469727,15.100000381469727,15.09000015258789,15.100000381469727,10010,0.0,0.0,0.0
2025-06-17 04:25:00+00:00,15.109999656677246,15.119999885559082,15.109999656677246,15.119999885559082,53547,0.0,0.0,0.0
2025-06-17 04:30:00+00:00,15.119999885559082,15.130000114440918,15.119999885559082,15.130000114440918,300100,0.0,0.0,0.0
2025-06-17 04:35:00+00:00,15.130000114440918,15.130000114440918,15.130000114440918,15.130000114440918,20452,0.0,0.0,0.0
2025-06-17 04:40:00+00:00,15.130000114440918,15.140000343322754,15.130000114440918,15.140000343322754,203000,0.0,0.0,0.0
2025-06-17 04:45:00+00:00,15.140000343322754,15.140000343322754,15.140000343322754,15.140000343322754,58181,0.0,0.0,0.0
2025-06-17 04:50:00+00:00,15.140000343322754,15.140000343322754,15.140000343322754,15.140000343322754,39003,0.0,0.0,0.0
2025-06-17 04:55:00+00:00,15.130000114440918,15.130000114440918,15.119999885559082,15.119999885559082,103300,0.0,0.0,0.0
2025-06-17 05:00:00+00:00,15.109999656677246,15.109999656677246,15.109999656677246,15.109999656677246,1000,0.0,0.0,0.0
2025-06-17 05:05:00+00:00,15.100000381469727,15.100000381469727,15.09000015258789,15.09000015258789,14000,0.0,0.0,0.0
2025-06-17 05:10:00+00:00,15.09000015258789,15.100000381469727,15.09000015258789,15.100000381469727,24047,0.0,0.0,0.0
2025-06-17 05:15:00+00:00,15.100000381469727,15.100000381469727,15.100000381469727,15.100000381469727,1012,0.0,0.0,0.0
2025-06-17 05:20:00+00:00,15.100000381469727,15.100000381469727,15.100000381469727,15.100000381469727,6150,0.0,0.0,0.0
2025-06-18 01:00:00+00:00,15.079999923706055,15.079999923706055,15.079999923706055,15.079999923706055,11000,0.0,0.0,0.0
2025-06-18 01:05:00+00:00,15.039999961853027,15.039999961853027,15.020000457763672,15.020000457763672,182834,0.0,0.0,0.0
2025-06-18 01:10:00+00:00,15.0,15.010000228881836,15.0,15.010000228881836,21451,0.0,0.0,0.0
2025-06-18 01:15:00+00:00,15.010000228881836,15.010000228881836,15.0,15.010000228881836,80810,0.0,0.0,0.0
2025-06-18 01:20:00+00:00,15.0,15.020000457763672,15.0,15.020000457763672,13000,0.0,0.0,0.0
2025-06-18 01:25:00+00:00,15.020000457763672,15.020000457763672,15.010000228881836,15.010000228881836,11395,0.0,0.0,0.0
2025-06-18 01:30:00+00:00,15.010000228881836,15.020000457763672,15.010000228881836,15.020000457763672,12000,0.0,0.0,0.0
2025-06-18 01:35:00+00:00,15.029999732971191,15.039999961853027,15.029999732971191,15.039999961853027,16235,0.0,0.0,0.0
2025-06-18 01:45:00+00:00,15.039999961853027,15.039999961853027,15.039999961853027,15.039999961853027,100050,0.0,0.0,0.0
2025-06-18 01:50:00+00:00,15.039999961853027,15.050000190734863,15.039999961853027,15.050000190734863,277000,0.0,0.0,0.0
2025-06-18 01:55:00+00:00,15.050000190734863,15.0600004196167,15.050000190734863,15.0600004196167,11889,0.0,0.0,0.0
2025-06-18 02:10:00+00:00,15.050000190734863,15.0600004196167,15.050000190734863,15.050000190734863,42195,0.0,0.0,0.0
2025-06-18 02:15:00+00:00,15.050000190734863,15.069999694824219,15.050000190734863,15.069999694824219,6707,0.0,0.0,0.0
2025-06-18 02:20:00+00:00,15.050000190734863,15.069999694824219,15.050000190734863,15.069999694824219,23217,0.0,0.0,0.0
2025-06-18 02:25:00+00:00,15.079999923706055,15.079999923706055,15.0600004196167,15.0600004196167,3333,0.0,0.0,0.0
2025-06-18 02:35:00+00:00,15.079999923706055,15.09000015258789,15.079999923706055,15.09000015258789,53160,0.0,0.0,0.0
2025-06-18 02:40:00+00:00,15.079999923706055,15.079999923706055,15.079999923706055,15.079999923706055,1000,0.0,0.0,0.0
2025-06-18 02:45:00+00:00,15.079999923706055,15.09000015258789,15.079999923706055,15.09000015258789,5002,0.0,0.0,0.0
2025-06-18 02:50:00+00:00,15.100000381469727,15.100000381469727,15.09000015258789,15.09000015258789,60035,0.0,0.0,0.0
2025-06-18 02:55:00+00:00,15.09000015258789,15.09000015258789,15.09000015258789,15.09000015258789,30305,0.0,0.0,0.0
2025-06-18 03:00:00+00:00,15.09000015258789,15.09000015258789,15.09000015258789,15.09000015258789,3100,0.0,0.0,0.0
2025-06-18 03:05:00+00:00,15.079999923706055,15.079999923706055,15.069999694824219,15.069999694824219,5048,0.0,0.0,0.0
2025-06-18 03:10:00+00:00,15.069999694824219,15.069999694824219,15.069999694824219,15.069999694824219,1360,0.0,0.0,0.0
2025-06-18 03:15:00+00:00,15.0600004196167,15.0600004196167,15.0600004196167,15.0600004196167,1150,0.0,0.0,0.0
2025-06-18 03:20:00+00:00,15.069999694824219,15.069999694824219,15.069999694824219,15.069999694824219,12000,0.0,0.0,0.0
2025-06-18 03:25:00+00:00,15.069999694824219,15.079999923706055,15.069999694824219,15.079999923706055,13056,0.0,0.0,0.0
2025-06-18 03:30:00+00:00,15.069999694824219,15.069999694824219,15.069999694824219,15.069999694824219,3624,0.0,0.0,0.0
2025-06-18 03:40:00+00:00,15.069999694824219,15.069999694824219,15.069999694824219,15.069999694824219,2000,0.0,0.0,0.0
2025-06-18 03:45:00+00:00,15.069999694824219,15.069999694824219,15.069999694824219,15.069999694824219,5000,0.0,0.0,0.0
2025-06-18 03:50:00+00:00,15.069999694824219,15.069999694824219,15.069999694824219,15.069999694824219,1890,0.0,0.0,0.0
2025-06-18 03:55:00+00:00,15.069999694824219,15.069999694824219,15.069999694824219,15.069999694824219,1100,0.0,0.0,0.0
2025-06-18 04:00:00+00:00,15.069999694824219,15.069999694824219,15.069999694824219,15.069999694824219,4000,0.0,0.0,0.0
2025-06-18 04:05:00+00:00,15.0600004196167,15.0600004196167,15.0600004196167,15.0600004196167,1000,0.0,0.0,0.0
2025-06-18 04:10:00+00:00,15.0600004196167,15.0600004196167,15.0600004196167,15.0600004196167,218781,0.0,0.0,0.0
2025-06-18 04:15:00+00:00,15.050000190734863,15.050000190734863,15.050000190734863,15.050000190734863,5069,0.0,0.0,0.0
2025-06-18 04:20:00+00:00,15.050000190734863,15.050000190734863,15.050000190734863,15.050000190734863,5525,0.0,0.0,0.0
2025-06-18 04:30:00+00:00,15.039999961853027,15.039999961853027,15.029999732971191,15.029999732971191,5643,0.0,0.0,0.0
2025-06-18 04:35:00+00:00,15.020000457763672,15.020000457763672,15.020000457763672,15.020000457763672,193500,0.0,0.0,0.0
2025-06-18 04:40:00+00:00,15.020000457763672,15.029999732971191,15.020000457763672,15.029999732971191,19240,0.0,0.0,0.0
2025-06-18 04:55:00+00:00,15.039999961853027,15.039999961853027,15.039999961853027,15.039999961853027,13002,0.0,0.0,0.0
2025-06-18 05:00:00+00:00,15.039999961853027,15.050000190734863,15.039999961853027,15.050000190734863,17034,0.0,0.0,0.0
2025-06-18 05:10:00+00:00,15.050000190734863,15.0600004196167,15.050000190734863,15.050000190734863,41122,0.0,0.0,0.0
2025-06-18 05:15:00+00:00,15.039999961853027,15.050000190734863,15.039999961853027,15.039999961853027,31426,0.0,0.0,0.0
2025-06-18 05:20:00+00:00,15.039999961853027,15.050000190734863,15.039999961853027,15.050000190734863,22235,0.0,0.0,0.0
2025-06-19 01:00:00+00:00,15.029999732971191,15.029999732971191,15.010000228881836,15.010000228881836,0,0.0,0.0,0.0
2025-06-19 01:05:00+00:00,15.0,15.0,15.0,15.0,14478,0.0,0.0,0.0
2025-06-19 01:10:00+00:00,15.0,15.0,15.0,15.0,4153,0.0,0.0,0.0
2025-06-19 01:20:00+00:00,14.989999771118164,14.989999771118164,14.989999771118164,14.989999771118164,354391,0.0,0.0,0.0
2025-06-19 01:25:00+00:00,14.989999771118164,14.989999771118164,14.989999771118164,14.989999771118164,140059,0.0,0.0,0.0
2025-06-19 01:30:00+00:00,14.989999771118164,15.0,14.989999771118164,15.0,37110,0.0,0.0,0.0
2025-06-19 01:35:00+00:00,14.989999771118164,14.989999771118164,14.970000267028809,14.970000267028809,674805,0.0,0.0,0.0
2025-06-19 01:40:00+00:00,14.970000267028809,14.979999542236328,14.970000267028809,14.979999542236328,158000,0.0,0.0,0.0
2025-06-19 01:45:00+00:00,14.979999542236328,14.979999542236328,14.960000038146973,14.960000038146973,12012,0.0,0.0,0.0
2025-06-19 01:50:00+00:00,14.960000038146973,14.960000038146973,14.960000038146973,14.960000038146973,16887,0.0,0.0,0.0
2025-06-19 02:00:00+00:00,14.979999542236328,14.979999542236328,14.979999542236328,14.979999542236328,5627,0.0,0.0,0.0
2025-06-19 02:05:00+00:00,14.979999542236328,14.979999542236328,14.979999542236328,14.979999542236328,1343,0.0,0.0,0.0
2025-06-19 02:15:00+00:00,14.979999542236328,14.979999542236328,14.979999542236328,14.979999542236328,2290,0.0,0.0,0.0
2025-06-19 02:20:00+00:00,14.960000038146973,14.970000267028809,14.949999809265137,14.949999809265137,16365,0.0,0.0,0.0
2025-06-19 02:25:00+00:00,14.960000038146973,14.960000038146973,14.9399995803833,14.9399995803833,429000,0.0,0.0,0.0
2025-06-19 02:30:00+00:00,14.970000267028809,14.970000267028809,14.970000267028809,14.970000267028809,2143,0.0,0.0,0.0
2025-06-19 02:35:00+00:00,14.9399995803833,14.9399995803833,14.9399995803833,14.9399995803833,101102,0.0,0.0,0.0
2025-06-19 02:45:00+00:00,14.9399995803833,14.960000038146973,14.9399995803833,14.960000038146973,3590,0.0,0.0,0.0
2025-06-19 02:50:00+00:00,14.949999809265137,14.949999809265137,14.949999809265137,14.949999809265137,7000,0.0,0.0,0.0
2025-06-19 02:55:00+00:00,14.9399995803833,14.9399995803833,14.930000305175781,14.930000305175781,355311,0.0,0.0,0.0
2025-06-19 03:05:00+00:00,14.930000305175781,14.930000305175781,14.930000305175781,14.930000305175781,1050,0.0,0.0,0.0
2025-06-19 03:15:00+00:00,14.930000305175781,14.930000305175781,14.930000305175781,14.930000305175781,10150,0.0,0.0,0.0
2025-06-19 03:20:00+00:00,14.930000305175781,14.930000305175781,14.930000305175781,14.930000305175781,31128,0.0,0.0,0.0
2025-06-19 03:40:00+00:00,14.949999809265137,14.949999809265137,14.949999809265137,14.949999809265137,1000,0.0,0.0,0.0
2025-06-19 03:45:00+00:00,14.9399995803833,14.9399995803833,14.930000305175781,14.930000305175781,26000,0.0,0.0,0.0
2025-06-19 03:50:00+00:00,14.930000305175781,14.930000305175781,14.930000305175781,14.930000305175781,1872,0.0,0.0,0.0
2025-06-19 04:00:00+00:00,14.9399995803833,14.9399995803833,14.9399995803833,14.9399995803833,4000,0.0,0.0,0.0
2025-06-19 04:05:00+00:00,14.9399995803833,14.9399995803833,14.9399995803833,14.9399995803833,1510,0.0,0.0,0.0
2025-06-19 04:15:00+00:00,14.9399995803833,14.9399995803833,14.9399995803833,14.9399995803833,6110,0.0,0.0,0.0
2025-06-19 04:20:00+00:00,14.9399995803833,14.9399995803833,14.9399995803833,14.9399995803833,5000,0.0,0.0,0.0
2025-06-19 04:25:00+00:00,14.9399995803833,14.9399995803833,14.930000305175781,14.930000305175781,6325,0.0,0.0,0.0
2025-06-19 04:30:00+00:00,14.930000305175781,14.930000305175781,14.920000076293945,14.920000076293945,31578,0.0,0.0,0.0
2025-06-19 04:35:00+00:00,14.920000076293945,14.920000076293945,14.920000076293945,14.920000076293945,4252,0.0,0.0,0.0
2025-06-19 04:45:00+00:00,14.930000305175781,14.930000305175781,14.930000305175781,14.930000305175781,4944,0.0,0.0,0.0
2025-06-19 05:00:00+00:00,14.920000076293945,14.920000076293945,14.899999618530273,14.899999618530273,38747,0.0,0.0,0.0
2025-06-19 05:05:00+00:00,14.899999618530273,14.899999618530273,14.899999618530273,14.899999618530273,34033,0.0,0.0,0.0
2025-06-19 05:15:00+00:00,14.920000076293945,14.920000076293945,14.920000076293945,14.920000076293945,1225,0.0,0.0,0.0
2025-06-19 05:20:00+00:00,14.90999984741211,14.90999984741211,14.90999984741211,14.90999984741211,9021,0.0,0.0,0.0
2025-06-20 01:00:00+00:00,14.899999618530273,14.899999618530273,14.899999618530273,14.899999618530273,0,0.0,0.0,0.0
2025-06-20 01:05:00+00:00,14.899999618530273,14.90999984741211,14.880000114440918,14.899999618530273,217000,0.0,0.0,0.0
2025-06-20 01:10:00+00:00,14.880000114440918,14.880000114440918,14.880000114440918,14.880000114440918,2177,0.0,0.0,0.0
2025-06-20 01:15:00+00:00,14.869999885559082,14.869999885559082,14.869999885559082,14.869999885559082,1000,0.0,0.0,0.0
2025-06-20 01:20:00+00:00,14.859999656677246,14.859999656677246,14.84000015258789,14.84000015258789,19986,0.0,0.0,0.0
2025-06-20 01:25:00+00:00,14.829999923706055,14.84000015258789,14.8100004196167,14.8100004196167,11320,0.0,0.0,0.0
2025-06-20 01:30:00+00:00,14.8100004196167,14.819999694824219,14.800000190734863,14.800000190734863,24290,0.0,0.0,0.0
2025-06-20 01:35:00+00:00,14.800000190734863,14.800000190734863,14.779999732971191,14.779999732971191,49318,0.0,0.0,0.0
2025-06-20 01:40:00+00:00,14.770000457763672,14.779999732971191,14.760000228881836,14.760000228881836,38852,0.0,0.0,0.0
2025-06-20 01:45:00+00:00,14.75,14.760000228881836,14.75,14.75,46240,0.0,0.0,0.0
2025-06-20 01:50:00+00:00,14.75,14.760000228881836,14.75,14.75,10354,0.0,0.0,0.0
2025-06-20 01:55:00+00:00,14.75,14.75,14.75,14.75,3150,0.0,0.0,0.0
2025-06-20 02:00:00+00:00,14.75,14.75,14.75,14.75,39000,0.0,0.0,0.0
2025-06-20 02:05:00+00:00,14.760000228881836,14.760000228881836,14.75,14.75,41862,0.0,0.0,0.0
2025-06-20 02:10:00+00:00,14.75,14.75,14.75,14.75,4000,0.0,0.0,0.0
2025-06-20 02:15:00+00:00,14.760000228881836,14.760000228881836,14.760000228881836,14.760000228881836,3000,0.0,0.0,0.0
2025-06-20 02:20:00+00:00,14.760000228881836,14.760000228881836,14.760000228881836,14.760000228881836,2000,0.0,0.0,0.0
2025-06-20 02:25:00+00:00,14.760000228881836,14.760000228881836,14.760000228881836,14.760000228881836,4030,0.0,0.0,0.0
2025-06-20 02:30:00+00:00,14.760000228881836,14.760000228881836,14.75,14.760000228881836,15000,0.0,0.0,0.0
2025-06-20 02:40:00+00:00,14.770000457763672,14.770000457763672,14.770000457763672,14.770000457763672,1000,0.0,0.0,0.0
2025-06-20 02:45:00+00:00,14.770000457763672,14.770000457763672,14.760000228881836,14.770000457763672,12871,0.0,0.0,0.0
2025-06-20 02:55:00+00:00,14.75,14.75,14.75,14.75,173436,0.0,0.0,0.0
2025-06-20 03:00:00+00:00,14.75,14.75,14.75,14.75,2330,0.0,0.0,0.0
2025-06-20 03:10:00+00:00,14.75,14.75,14.739999771118164,14.739999771118164,8546,0.0,0.0,0.0
2025-06-20 03:20:00+00:00,14.739999771118164,14.75,14.739999771118164,14.739999771118164,15775,0.0,0.0,0.0
2025-06-20 03:25:00+00:00,14.75,14.75,14.75,14.75,1000,0.0,0.0,0.0
2025-06-20 03:30:00+00:00,14.760000228881836,14.760000228881836,14.75,14.75,107150,0.0,0.0,0.0
2025-06-20 03:35:00+00:00,14.760000228881836,14.770000457763672,14.760000228881836,14.770000457763672,65550,0.0,0.0,0.0
2025-06-20 03:45:00+00:00,14.770000457763672,14.770000457763672,14.770000457763672,14.770000457763672,2000,0.0,0.0,0.0
2025-06-20 03:50:00+00:00,14.779999732971191,14.779999732971191,14.779999732971191,14.779999732971191,5000,0.0,0.0,0.0
2025-06-20 03:55:00+00:00,14.770000457763672,14.770000457763672,14.770000457763672,14.770000457763672,1010,0.0,0.0,0.0
2025-06-20 04:20:00+00:00,14.770000457763672,14.770000457763672,14.770000457763672,14.770000457763672,6297,0.0,0.0,0.0
2025-06-20 04:30:00+00:00,14.770000457763672,14.770000457763672,14.770000457763672,14.770000457763672,1000,0.0,0.0,0.0
2025-06-20 04:35:00+00:00,14.760000228881836,14.760000228881836,14.760000228881836,14.760000228881836,5000,0.0,0.0,0.0
2025-06-20 04:45:00+00:00,14.760000228881836,14.760000228881836,14.760000228881836,14.760000228881836,3360,0.0,0.0,0.0
2025-06-20 04:50:00+00:00,14.760000228881836,14.770000457763672,14.760000228881836,14.770000457763672,11000,0.0,0.0,0.0
2025-06-20 04:55:00+00:00,14.770000457763672,14.770000457763672,14.770000457763672,14.770000457763672,3222,0.0,0.0,0.0
2025-06-20 05:00:00+00:00,14.760000228881836,14.760000228881836,14.760000228881836,14.760000228881836,1285,0.0,0.0,0.0
2025-06-20 05:05:00+00:00,14.75,14.75,14.75,14.75,10095,0.0,0.0,0.0
2025-06-20 05:10:00+00:00,14.75,14.779999732971191,14.75,14.779999732971191,9584,0.0,0.0,0.0
2025-06-20 05:15:00+00:00,14.760000228881836,14.760000228881836,14.760000228881836,14.760000228881836,3000,0.0,0.0,0.0
2025-06-20 05:20:00+00:00,14.760000228881836,14.760000228881836,14.760000228881836,14.760000228881836,3263,0.0,0.0,0.0
2025-06-23 01:00:00+00:00,14.5600004196167,14.5600004196167,14.510000228881836,14.510000228881836,0,0.0,0.0,0.0
2025-06-23 01:05:00+00:00,14.600000381469727,14.609999656677246,14.600000381469727,14.600000381469727,35192,0.0,0.0,0.0
2025-06-23 01:10:00+00:00,14.609999656677246,14.609999656677246,14.600000381469727,14.600000381469727,17000,0.0,0.0,0.0
2025-06-23 01:15:00+00:00,14.59000015258789,14.59000015258789,14.550000190734863,14.550000190734863,13359,0.0,0.0,0.0
2025-06-23 01:20:00+00:00,14.550000190734863,14.550000190734863,14.539999961853027,14.539999961853027,23219,0.0,0.0,0.0
2025-06-23 01:25:00+00:00,14.529999732971191,14.529999732971191,14.5,14.5,55445,0.0,0.0,0.0
2025-06-23 01:30:00+00:00,14.5,14.520000457763672,14.5,14.520000457763672,81093,0.0,0.0,0.0
2025-06-23 01:35:00+00:00,14.539999961853027,14.539999961853027,14.539999961853027,14.539999961853027,7000,0.0,0.0,0.0
2025-06-23 01:40:00+00:00,14.529999732971191,14.529999732971191,14.529999732971191,14.529999732971191,9318,0.0,0.0,0.0
2025-06-23 01:45:00+00:00,14.539999961853027,14.539999961853027,14.529999732971191,14.529999732971191,4573,0.0,0.0,0.0
2025-06-23 01:50:00+00:00,14.529999732971191,14.550000190734863,14.529999732971191,14.550000190734863,19000,0.0,0.0,0.0
2025-06-23 01:55:00+00:00,14.529999732971191,14.529999732971191,14.520000457763672,14.520000457763672,10411,0.0,0.0,0.0
2025-06-23 02:00:00+00:00,14.550000190734863,14.550000190734863,14.520000457763672,14.520000457763672,4316,0.0,0.0,0.0
2025-06-23 02:05:00+00:00,14.539999961853027,14.539999961853027,14.539999961853027,14.539999961853027,100000,0.0,0.0,0.0
2025-06-23 02:10:00+00:00,14.550000190734863,14.550000190734863,14.550000190734863,14.550000190734863,1000,0.0,0.0,0.0
2025-06-23 02:15:00+00:00,14.550000190734863,14.550000190734863,14.539999961853027,14.539999961853027,19235,0.0,0.0,0.0
2025-06-23 02:20:00+00:00,14.539999961853027,14.550000190734863,14.539999961853027,14.550000190734863,121050,0.0,0.0,0.0
2025-06-23 02:25:00+00:00,14.539999961853027,14.539999961853027,14.539999961853027,14.539999961853027,60067,0.0,0.0,0.0
2025-06-23 02:30:00+00:00,14.5600004196167,14.5600004196167,14.539999961853027,14.539999961853027,33000,0.0,0.0,0.0
2025-06-23 02:35:00+00:00,14.539999961853027,14.539999961853027,14.539999961853027,14.539999961853027,3091,0.0,0.0,0.0
2025-06-23 02:40:00+00:00,14.539999961853027,14.539999961853027,14.539999961853027,14.539999961853027,100300,0.0,0.0,0.0
2025-06-23 02:45:00+00:00,14.5600004196167,14.5600004196167,14.529999732971191,14.529999732971191,10767,0.0,0.0,0.0
2025-06-23 02:50:00+00:00,14.539999961853027,14.539999961853027,14.539999961853027,14.539999961853027,2000,0.0,0.0,0.0
2025-06-23 02:55:00+00:00,14.539999961853027,14.550000190734863,14.539999961853027,14.550000190734863,6500,0.0,0.0,0.0
2025-06-23 03:00:00+00:00,14.550000190734863,14.5600004196167,14.539999961853027,14.539999961853027,7224,0.0,0.0,0.0
2025-06-23 03:10:00+00:00,14.539999961853027,14.539999961853027,14.539999961853027,14.539999961853027,1000,0.0,0.0,0.0
2025-06-23 03:15:00+00:00,14.550000190734863,14.569999694824219,14.539999961853027,14.539999961853027,4000,0.0,0.0,0.0
2025-06-23 03:25:00+00:00,14.579999923706055,14.579999923706055,14.5600004196167,14.5600004196167,32000,0.0,0.0,0.0
2025-06-23 03:30:00+00:00,14.579999923706055,14.579999923706055,14.579999923706055,14.579999923706055,1000,0.0,0.0,0.0
2025-06-23 03:40:00+00:00,14.579999923706055,14.579999923706055,14.579999923706055,14.579999923706055,7095,0.0,0.0,0.0
2025-06-23 03:45:00+00:00,14.59000015258789,14.59000015258789,14.569999694824219,14.569999694824219,5008,0.0,0.0,0.0
2025-06-23 03:50:00+00:00,14.569999694824219,14.569999694824219,14.569999694824219,14.569999694824219,1590,0.0,0.0,0.0
2025-06-23 04:00:00+00:00,14.569999694824219,14.569999694824219,14.569999694824219,14.569999694824219,2018,0.0,0.0,0.0
2025-06-23 04:10:00+00:00,14.569999694824219,14.569999694824219,14.569999694824219,14.569999694824219,1000,0.0,0.0,0.0
2025-06-23 04:15:00+00:00,14.579999923706055,14.579999923706055,14.579999923706055,14.579999923706055,84198,0.0,0.0,0.0
2025-06-23 04:20:00+00:00,14.579999923706055,14.579999923706055,14.579999923706055,14.579999923706055,10343,0.0,0.0,0.0
2025-06-23 04:25:00+00:00,14.579999923706055,14.59000015258789,14.579999923706055,14.59000015258789,3250,0.0,0.0,0.0
2025-06-23 04:30:00+00:00,14.59000015258789,14.59000015258789,14.59000015258789,14.59000015258789,6145,0.0,0.0,0.0
2025-06-23 04:35:00+00:00,14.59000015258789,14.59000015258789,14.579999923706055,14.579999923706055,7210,0.0,0.0,0.0
2025-06-23 04:40:00+00:00,14.569999694824219,14.569999694824219,14.569999694824219,14.569999694824219,3500,0.0,0.0,0.0
2025-06-23 04:45:00+00:00,14.569999694824219,14.59000015258789,14.569999694824219,14.59000015258789,6100,0.0,0.0,0.0
2025-06-23 04:50:00+00:00,14.579999923706055,14.579999923706055,14.579999923706055,14.579999923706055,25208,0.0,0.0,0.0
2025-06-23 04:55:00+00:00,14.579999923706055,14.579999923706055,14.579999923706055,14.579999923706055,2100,0.0,0.0,0.0
2025-06-23 05:00:00+00:00,14.600000381469727,14.600000381469727,14.600000381469727,14.600000381469727,7104,0.0,0.0,0.0
2025-06-23 05:05:00+00:00,14.600000381469727,14.600000381469727,14.600000381469727,14.600000381469727,2141,0.0,0.0,0.0
2025-06-23 05:10:00+00:00,14.59000015258789,14.59000015258789,14.59000015258789,14.59000015258789,1500,0.0,0.0,0.0
2025-06-23 05:15:00+00:00,14.59000015258789,14.609999656677246,14.59000015258789,14.600000381469727,36000,0.0,0.0,0.0
2025-06-23 05:20:00+00:00,14.600000381469727,14.600000381469727,14.600000381469727,14.600000381469727,1309,0.0,0.0,0.0
2025-06-24 01:00:00+00:00,14.770000457763672,14.770000457763672,14.770000457763672,14.770000457763672,0,0.011,0.0,0.0
2025-06-24 01:05:00+00:00,14.770000457763672,14.800000190734863,14.760000228881836,14.800000190734863,23097,0.0,0.0,0.0
2025-06-24 01:15:00+00:00,14.800000190734863,14.819999694824219,14.800000190734863,14.819999694824219,64700,0.0,0.0,0.0
2025-06-24 01:20:00+00:00,14.819999694824219,14.819999694824219,14.819999694824219,14.819999694824219,6047,0.0,0.0,0.0
2025-06-24 01:25:00+00:00,14.789999961853027,14.789999961853027,14.789999961853027,14.789999961853027,1100,0.0,0.0,0.0
2025-06-24 01:30:00+00:00,14.789999961853027,14.789999961853027,14.789999961853027,14.789999961853027,2002,0.0,0.0,0.0
2025-06-24 01:35:00+00:00,14.770000457763672,14.779999732971191,14.770000457763672,14.779999732971191,11020,0.0,0.0,0.0
2025-06-24 01:40:00+00:00,14.779999732971191,14.789999961853027,14.779999732971191,14.789999961853027,15027,0.0,0.0,0.0
2025-06-24 01:50:00+00:00,14.789999961853027,14.789999961853027,14.789999961853027,14.789999961853027,1000,0.0,0.0,0.0
2025-06-24 01:55:00+00:00,14.789999961853027,14.789999961853027,14.789999961853027,14.789999961853027,4310,0.0,0.0,0.0
2025-06-24 02:00:00+00:00,14.779999732971191,14.779999732971191,14.779999732971191,14.779999732971191,16000,0.0,0.0,0.0
2025-06-24 02:05:00+00:00,14.779999732971191,14.779999732971191,14.760000228881836,14.760000228881836,103397,0.0,0.0,0.0
2025-06-24 02:15:00+00:00,14.770000457763672,14.770000457763672,14.770000457763672,14.770000457763672,2545,0.0,0.0,0.0
2025-06-24 02:30:00+00:00,14.770000457763672,14.779999732971191,14.770000457763672,14.779999732971191,62261,0.0,0.0,0.0
2025-06-24 02:40:00+00:00,14.770000457763672,14.770000457763672,14.760000228881836,14.760000228881836,23500,0.0,0.0,0.0
2025-06-24 02:45:00+00:00,14.760000228881836,14.760000228881836,14.760000228881836,14.760000228881836,15216,0.0,0.0,0.0
2025-06-24 02:50:00+00:00,14.75,14.75,14.75,14.75,5000,0.0,0.0,0.0
2025-06-24 02:55:00+00:00,14.75,14.75,14.75,14.75,20165,0.0,0.0,0.0
2025-06-24 03:00:00+00:00,14.75,14.760000228881836,14.75,14.760000228881836,66135,0.0,0.0,0.0
2025-06-24 03:10:00+00:00,14.770000457763672,14.770000457763672,14.770000457763672,14.770000457763672,12358,0.0,0.0,0.0
2025-06-24 03:20:00+00:00,14.770000457763672,14.779999732971191,14.770000457763672,14.779999732971191,106096,0.0,0.0,0.0
2025-06-24 03:25:00+00:00,14.779999732971191,14.779999732971191,14.779999732971191,14.779999732971191,8500,0.0,0.0,0.0
2025-06-24 03:30:00+00:00,14.779999732971191,14.800000190734863,14.779999732971191,14.800000190734863,80598,0.0,0.0,0.0
2025-06-24 03:35:00+00:00,14.8100004196167,14.8100004196167,14.8100004196167,14.8100004196167,2015,0.0,0.0,0.0
2025-06-24 03:40:00+00:00,14.779999732971191,14.779999732971191,14.779999732971191,14.779999732971191,10000,0.0,0.0,0.0
2025-06-24 03:45:00+00:00,14.779999732971191,14.779999732971191,14.779999732971191,14.779999732971191,1000,0.0,0.0,0.0
2025-06-24 03:50:00+00:00,14.779999732971191,14.779999732971191,14.770000457763672,14.770000457763672,4967,0.0,0.0,0.0
2025-06-24 04:00:00+00:00,14.779999732971191,14.779999732971191,14.779999732971191,14.779999732971191,10000,0.0,0.0,0.0
2025-06-24 04:05:00+00:00,14.770000457763672,14.770000457763672,14.760000228881836,14.760000228881836,4000,0.0,0.0,0.0
2025-06-24 04:10:00+00:00,14.760000228881836,14.760000228881836,14.760000228881836,14.760000228881836,4100,0.0,0.0,0.0
2025-06-24 04:15:00+00:00,14.760000228881836,14.760000228881836,14.760000228881836,14.760000228881836,100085,0.0,0.0,0.0
2025-06-24 04:20:00+00:00,14.760000228881836,14.760000228881836,14.760000228881836,14.760000228881836,5000,0.0,0.0,0.0
2025-06-24 04:25:00+00:00,14.75,14.760000228881836,14.75,14.760000228881836,21065,0.0,0.0,0.0
2025-06-24 04:35:00+00:00,14.770000457763672,14.770000457763672,14.760000228881836,14.760000228881836,60000,0.0,0.0,0.0
2025-06-24 04:40:00+00:00,14.770000457763672,14.779999732971191,14.770000457763672,14.779999732971191,20507,0.0,0.0,0.0
2025-06-24 04:45:00+00:00,14.779999732971191,14.779999732971191,14.779999732971191,14.779999732971191,1988,0.0,0.0,0.0
2025-06-24 04:50:00+00:00,14.779999732971191,14.789999961853027,14.770000457763672,14.789999961853027,31050,0.0,0.0,0.0
2025-06-24 04:55:00+00:00,14.779999732971191,14.779999732971191,14.779999732971191,14.779999732971191,5733,0.0,0.0,0.0
2025-06-24 05:00:00+00:00,14.789999961853027,14.789999961853027,14.789999961853027,14.789999961853027,9177,0.0,0.0,0.0
2025-06-24 05:10:00+00:00,14.779999732971191,14.779999732971191,14.779999732971191,14.779999732971191,1046,0.0,0.0,0.0
2025-06-24 05:15:00+00:00,14.779999732971191,14.779999732971191,14.779999732971191,14.779999732971191,7094,0.0,0.0,0.0
2025-06-24 05:20:00+00:00,14.789999961853027,14.789999961853027,14.779999732971191,14.779999732971191,6000,0.0,0.0,0.0
2025-06-25 01:00:00+00:00,14.800000190734863,14.84000015258789,14.800000190734863,14.819999694824219,718000,0.0,0.0,0.0
2025-06-25 01:05:00+00:00,14.819999694824219,14.819999694824219,14.8100004196167,14.8100004196167,135000,0.0,0.0,0.0
2025-06-25 01:10:00+00:00,14.789999961853027,14.789999961853027,14.789999961853027,14.789999961853027,64665,0.0,0.0,0.0
2025-06-25 01:15:00+00:00,14.789999961853027,14.789999961853027,14.789999961853027,14.789999961853027,53574,0.0,0.0,0.0
2025-06-25 01:25:00+00:00,14.779999732971191,14.779999732971191,14.770000457763672,14.770000457763672,106950,0.0,0.0,0.0
2025-06-25 01:30:00+00:00,14.770000457763672,14.770000457763672,14.770000457763672,14.770000457763672,21533,0.0,0.0,0.0
2025-06-25 01:35:00+00:00,14.789999961853027,14.819999694824219,14.789999961853027,14.819999694824219,79340,0.0,0.0,0.0
2025-06-25 01:40:00+00:00,14.8100004196167,14.8100004196167,14.8100004196167,14.8100004196167,1000,0.0,0.0,0.0
2025-06-25 01:45:00+00:00,14.800000190734863,14.800000190734863,14.800000190734863,14.800000190734863,3305,0.0,0.0,0.0
2025-06-25 01:50:00+00:00,14.800000190734863,14.800000190734863,14.800000190734863,14.800000190734863,1010,0.0,0.0,0.0
2025-06-25 02:00:00+00:00,14.800000190734863,14.800000190734863,14.789999961853027,14.789999961853027,2000,0.0,0.0,0.0
2025-06-25 02:05:00+00:00,14.789999961853027,14.789999961853027,14.789999961853027,14.789999961853027,8000,0.0,0.0,0.0
2025-06-25 02:10:00+00:00,14.800000190734863,14.800000190734863,14.800000190734863,14.800000190734863,3250,0.0,0.0,0.0
2025-06-25 02:15:00+00:00,14.800000190734863,14.800000190734863,14.800000190734863,14.800000190734863,39150,0.0,0.0,0.0
2025-06-25 02:20:00+00:00,14.789999961853027,14.789999961853027,14.789999961853027,14.789999961853027,2468,0.0,0.0,0.0
2025-06-25 02:25:00+00:00,14.779999732971191,14.779999732971191,14.779999732971191,14.779999732971191,30000,0.0,0.0,0.0
2025-06-25 02:30:00+00:00,14.779999732971191,14.779999732971191,14.770000457763672,14.770000457763672,24000,0.0,0.0,0.0
2025-06-25 02:35:00+00:00,14.779999732971191,14.779999732971191,14.779999732971191,14.779999732971191,11000,0.0,0.0,0.0
2025-06-25 02:40:00+00:00,14.789999961853027,14.789999961853027,14.779999732971191,14.779999732971191,7005,0.0,0.0,0.0
2025-06-25 02:45:00+00:00,14.779999732971191,14.789999961853027,14.779999732971191,14.779999732971191,29102,0.0,0.0,0.0
2025-06-25 02:55:00+00:00,14.779999732971191,14.779999732971191,14.779999732971191,14.779999732971191,5139,0.0,0.0,0.0
2025-06-25 03:00:00+00:00,14.789999961853027,14.789999961853027,14.789999961853027,14.789999961853027,5000,0.0,0.0,0.0
2025-06-25 03:05:00+00:00,14.800000190734863,14.800000190734863,14.800000190734863,14.800000190734863,11049,0.0,0.0,0.0
2025-06-25 03:10:00+00:00,14.800000190734863,14.800000190734863,14.800000190734863,14.800000190734863,21094,0.0,0.0,0.0
2025-06-25 03:15:00+00:00,14.800000190734863,14.800000190734863,14.800000190734863,14.800000190734863,8200,0.0,0.0,0.0
2025-06-25 03:20:00+00:00,14.800000190734863,14.8100004196167,14.800000190734863,14.8100004196167,62500,0.0,0.0,0.0
2025-06-25 03:30:00+00:00,14.8100004196167,14.8100004196167,14.8100004196167,14.8100004196167,2060,0.0,0.0,0.0
2025-06-25 03:35:00+00:00,14.8100004196167,14.8100004196167,14.8100004196167,14.8100004196167,15844,0.0,0.0,0.0
2025-06-25 03:40:00+00:00,14.8100004196167,14.819999694824219,14.8100004196167,14.819999694824219,85020,0.0,0.0,0.0
2025-06-25 03:45:00+00:00,14.8100004196167,14.8100004196167,14.8100004196167,14.8100004196167,100000,0.0,0.0,0.0
2025-06-25 03:55:00+00:00,14.8100004196167,14.8100004196167,14.8100004196167,14.8100004196167,3000,0.0,0.0,0.0
2025-06-25 04:00:00+00:00,14.8100004196167,14.8100004196167,14.8100004196167,14.8100004196167,107000,0.0,0.0,0.0
2025-06-25 04:15:00+00:00,14.8100004196167,14.8100004196167,14.8100004196167,14.8100004196167,37200,0.0,0.0,0.0
2025-06-25 04:20:00+00:00,14.8100004196167,14.8100004196167,14.8100004196167,14.8100004196167,5100,0.0,0.0,0.0
2025-06-25 04:35:00+00:00,14.8100004196167,14.8100004196167,14.8100004196167,14.8100004196167,3000,0.0,0.0,0.0
2025-06-25 04:40:00+00:00,14.8100004196167,14.8100004196167,14.8100004196167,14.8100004196167,7806,0.0,0.0,0.0
2025-06-25 04:45:00+00:00,14.8100004196167,14.8100004196167,14.8100004196167,14.8100004196167,8660,0.0,0.0,0.0
2025-06-25 04:50:00+00:00,14.8100004196167,14.8100004196167,14.800000190734863,14.8100004196167,5000,0.0,0.0,0.0
2025-06-25 04:55:00+00:00,14.819999694824219,14.819999694824219,14.819999694824219,14.819999694824219,50183,0.0,0.0,0.0
2025-06-25 05:00:00+00:00,14.819999694824219,14.829999923706055,14.819999694824219,14.819999694824219,103000,0.0,0.0,0.0
2025-06-25 05:05:00+00:00,14.819999694824219,14.819999694824219,14.819999694824219,14.819999694824219,4460,0.0,0.0,0.0
2025-06-25 05:15:00+00:00,14.829999923706055,14.829999923706055,14.8100004196167,14.8100004196167,0,0.0,0.0,0.0
2025-06-25 05:20:00+00:00,14.8100004196167,14.8100004196167,14.8100004196167,14.8100004196167,2203480,0.0,0.0,0.0
2025-06-26 01:00:00+00:00,14.8100004196167,14.8100004196167,14.8100004196167,14.8100004196167,0,0.0,0.0,0.0
2025-06-26 01:05:00+00:00,14.8100004196167,14.819999694824219,14.8100004196167,14.819999694824219,25917,0.0,0.0,0.0
2025-06-26 01:10:00+00:00,14.819999694824219,14.829999923706055,14.819999694824219,14.829999923706055,31162,0.0,0.0,0.0
2025-06-26 01:15:00+00:00,14.84000015258789,14.84000015258789,14.829999923706055,14.829999923706055,21000,0.0,0.0,0.0
2025-06-26 01:20:00+00:00,14.829999923706055,14.829999923706055,14.829999923706055,14.829999923706055,6020,0.0,0.0,0.0
2025-06-26 01:25:00+00:00,14.84000015258789,14.84000015258789,14.84000015258789,14.84000015258789,53149,0.0,0.0,0.0
2025-06-26 01:30:00+00:00,14.850000381469727,14.850000381469727,14.850000381469727,14.850000381469727,2344,0.0,0.0,0.0
2025-06-26 01:35:00+00:00,14.84000015258789,14.850000381469727,14.84000015258789,14.850000381469727,53000,0.0,0.0,0.0
2025-06-26 01:45:00+00:00,14.850000381469727,14.850000381469727,14.829999923706055,14.84000015258789,26254,0.0,0.0,0.0
2025-06-26 01:55:00+00:00,14.84000015258789,14.84000015258789,14.84000015258789,14.84000015258789,11130,0.0,0.0,0.0
2025-06-26 02:00:00+00:00,14.850000381469727,14.850000381469727,14.84000015258789,14.850000381469727,56102,0.0,0.0,0.0
2025-06-26 02:05:00+00:00,14.859999656677246,14.899999618530273,14.859999656677246,14.899999618530273,106460,0.0,0.0,0.0
2025-06-26 02:10:00+00:00,14.90999984741211,14.930000305175781,14.90999984741211,14.930000305175781,33203,0.0,0.0,0.0
2025-06-26 02:15:00+00:00,14.949999809265137,14.949999809265137,14.930000305175781,14.930000305175781,9133,0.0,0.0,0.0
2025-06-26 02:20:00+00:00,14.90999984741211,14.90999984741211,14.90999984741211,14.90999984741211,58800,0.0,0.0,0.0
2025-06-26 02:25:00+00:00,14.90999984741211,14.90999984741211,14.90999984741211,14.90999984741211,2031,0.0,0.0,0.0
2025-06-26 02:30:00+00:00,14.920000076293945,14.920000076293945,14.920000076293945,14.920000076293945,2100,0.0,0.0,0.0
2025-06-26 02:35:00+00:00,14.899999618530273,14.899999618530273,14.899999618530273,14.899999618530273,108081,0.0,0.0,0.0
2025-06-26 02:45:00+00:00,14.90999984741211,14.90999984741211,14.90999984741211,14.90999984741211,2661,0.0,0.0,0.0
2025-06-26 02:55:00+00:00,14.899999618530273,14.899999618530273,14.899999618530273,14.899999618530273,205000,0.0,0.0,0.0
2025-06-26 03:00:00+00:00,14.890000343322754,14.920000076293945,14.890000343322754,14.90999984741211,625131,0.0,0.0,0.0
2025-06-26 03:15:00+00:00,14.90999984741211,14.90999984741211,14.880000114440918,14.880000114440918,17195,0.0,0.0,0.0
2025-06-26 03:20:00+00:00,14.880000114440918,14.880000114440918,14.880000114440918,14.880000114440918,2031,0.0,0.0,0.0
2025-06-26 03:30:00+00:00,14.880000114440918,14.880000114440918,14.880000114440918,14.880000114440918,10384,0.0,0.0,0.0
2025-06-26 03:40:00+00:00,14.880000114440918,14.880000114440918,14.880000114440918,14.880000114440918,14272,0.0,0.0,0.0
2025-06-26 03:55:00+00:00,14.869999885559082,14.869999885559082,14.869999885559082,14.869999885559082,100124,0.0,0.0,0.0
2025-06-26 04:05:00+00:00,14.859999656677246,14.869999885559082,14.859999656677246,14.869999885559082,60301,0.0,0.0,0.0
2025-06-26 04:20:00+00:00,14.869999885559082,14.880000114440918,14.869999885559082,14.880000114440918,34061,0.0,0.0,0.0
2025-06-26 04:25:00+00:00,14.869999885559082,14.869999885559082,14.869999885559082,14.869999885559082,12171,0.0,0.0,0.0
2025-06-26 04:35:00+00:00,14.869999885559082,14.880000114440918,14.869999885559082,14.869999885559082,48330,0.0,0.0,0.0
2025-06-26 04:40:00+00:00,14.850000381469727,14.850000381469727,14.850000381469727,14.850000381469727,2100,0.0,0.0,0.0
2025-06-26 04:45:00+00:00,14.850000381469727,14.850000381469727,14.850000381469727,14.850000381469727,1131,0.0,0.0,0.0
2025-06-26 04:50:00+00:00,14.850000381469727,14.850000381469727,14.850000381469727,14.850000381469727,4100,0.0,0.0,0.0
2025-06-26 04:55:00+00:00,14.859999656677246,14.859999656677246,14.850000381469727,14.850000381469727,25164,0.0,0.0,0.0
2025-06-26 05:05:00+00:00,14.84000015258789,14.84000015258789,14.84000015258789,14.84000015258789,207323,0.0,0.0,0.0
2025-06-26 05:15:00+00:00,14.829999923706055,14.829999923706055,14.819999694824219,14.819999694824219,13300,0.0,0.0,0.0
2025-06-26 05:20:00+00:00,14.819999694824219,14.819999694824219,14.819999694824219,14.819999694824219,3400,0.0,0.0,0.0
2025-06-27 01:00:00+00:00,14.90999984741211,14.9399995803833,14.90999984741211,14.90999984741211,0,0.0,0.0,0.0
2025-06-27 01:05:00+00:00,14.90999984741211,14.90999984741211,14.890000343322754,14.899999618530273,14850,0.0,0.0,0.0
2025-06-27 01:10:00+00:00,14.899999618530273,14.949999809265137,14.899999618530273,14.949999809265137,29020,0.0,0.0,0.0
2025-06-27 01:15:00+00:00,14.949999809265137,14.949999809265137,14.949999809265137,14.949999809265137,3000,0.0,0.0,0.0
2025-06-27 01:20:00+00:00,14.920000076293945,14.920000076293945,14.920000076293945,14.920000076293945,10000,0.0,0.0,0.0
2025-06-27 01:25:00+00:00,14.920000076293945,14.930000305175781,14.920000076293945,14.930000305175781,23180,0.0,0.0,0.0
2025-06-27 01:30:00+00:00,14.899999618530273,14.899999618530273,14.899999618530273,14.899999618530273,100000,0.0,0.0,0.0
2025-06-27 01:50:00+00:00,14.869999885559082,14.869999885559082,14.869999885559082,14.869999885559082,3744,0.0,0.0,0.0
2025-06-27 01:55:00+00:00,14.859999656677246,14.859999656677246,14.850000381469727,14.859999656677246,39563,0.0,0.0,0.0
2025-06-27 02:10:00+00:00,14.859999656677246,14.859999656677246,14.859999656677246,14.859999656677246,15536,0.0,0.0,0.0
2025-06-27 02:15:00+00:00,14.869999885559082,14.869999885559082,14.869999885559082,14.869999885559082,17700,0.0,0.0,0.0
2025-06-27 02:20:00+00:00,14.880000114440918,14.880000114440918,14.880000114440918,14.880000114440918,4000,0.0,0.0,0.0
2025-06-27 02:25:00+00:00,14.880000114440918,14.880000114440918,14.880000114440918,14.880000114440918,26021,0.0,0.0,0.0
2025-06-27 02:35:00+00:00,14.880000114440918,14.880000114440918,14.880000114440918,14.880000114440918,100025,0.0,0.0,0.0
2025-06-27 02:40:00+00:00,14.880000114440918,14.890000343322754,14.880000114440918,14.890000343322754,41000,0.0,0.0,0.0
2025-06-27 02:50:00+00:00,14.899999618530273,14.90999984741211,14.899999618530273,14.90999984741211,54342,0.0,0.0,0.0
2025-06-27 02:55:00+00:00,14.890000343322754,14.90999984741211,14.890000343322754,14.90999984741211,2040,0.0,0.0,0.0
2025-06-27 03:05:00+00:00,14.90999984741211,14.90999984741211,14.90999984741211,14.90999984741211,6250,0.0,0.0,0.0
2025-06-27 03:15:00+00:00,14.90999984741211,14.90999984741211,14.90999984741211,14.90999984741211,7000,0.0,0.0,0.0
2025-06-27 03:20:00+00:00,14.90999984741211,14.90999984741211,14.90999984741211,14.90999984741211,1000,0.0,0.0,0.0
2025-06-27 03:25:00+00:00,14.90999984741211,14.90999984741211,14.90999984741211,14.90999984741211,1141,0.0,0.0,0.0
2025-06-27 03:40:00+00:00,14.899999618530273,14.899999618530273,14.899999618530273,14.899999618530273,7000,0.0,0.0,0.0
2025-06-27 03:45:00+00:00,14.899999618530273,14.899999618530273,14.899999618530273,14.899999618530273,6000,0.0,0.0,0.0
2025-06-27 03:50:00+00:00,14.899999618530273,14.899999618530273,14.899999618530273,14.899999618530273,5000,0.0,0.0,0.0
2025-06-27 04:00:00+00:00,14.899999618530273,14.899999618530273,14.899999618530273,14.899999618530273,7203,0.0,0.0,0.0
2025-06-27 04:05:00+00:00,14.899999618530273,14.899999618530273,14.899999618530273,14.899999618530273,21000,0.0,0.0,0.0
2025-06-27 04:15:00+00:00,14.899999618530273,14.899999618530273,14.899999618530273,14.899999618530273,32555,0.0,0.0,0.0
2025-06-27 04:20:00+00:00,14.90999984741211,14.90999984741211,14.90999984741211,14.90999984741211,26080,0.0,0.0,0.0
2025-06-27 04:25:00+00:00,14.90999984741211,14.90999984741211,14.90999984741211,14.90999984741211,6000,0.0,0.0,0.0
2025-06-27 04:30:00+00:00,14.920000076293945,14.920000076293945,14.90999984741211,14.920000076293945,68000,0.0,0.0,0.0
2025-06-27 04:35:00+00:00,14.920000076293945,14.920000076293945,14.920000076293945,14.920000076293945,2180,0.0,0.0,0.0
2025-06-27 04:40:00+00:00,14.920000076293945,14.920000076293945,14.920000076293945,14.920000076293945,4000,0.0,0.0,0.0
2025-06-27 04:45:00+00:00,14.920000076293945,14.920000076293945,14.920000076293945,14.920000076293945,10000,0.0,0.0,0.0
2025-06-27 04:50:00+00:00,14.920000076293945,14.920000076293945,14.920000076293945,14.920000076293945,7080,0.0,0.0,0.0
2025-06-27 04:55:00+00:00,14.920000076293945,14.920000076293945,14.920000076293945,14.920000076293945,1000,0.0,0.0,0.0
2025-06-27 05:00:00+00:00,14.920000076293945,14.920000076293945,14.920000076293945,14.920000076293945,16000,0.0,0.0,0.0
2025-06-27 05:05:00+00:00,14.920000076293945,14.920000076293945,14.920000076293945,14.920000076293945,9300,0.0,0.0,0.0
2025-06-27 05:10:00+00:00,14.920000076293945,14.920000076293945,14.920000076293945,14.920000076293945,33000,0.0,0.0,0.0
2025-06-27 05:15:00+00:00,14.920000076293945,14.920000076293945,14.920000076293945,14.920000076293945,2135,0.0,0.0,0.0
2025-06-27 05:20:00+00:00,14.930000305175781,14.930000305175781,14.90999984741211,14.930000305175781,8100,0.0,0.0,0.0
2025-06-30 01:00:00+00:00,14.920000076293945,14.920000076293945,14.890000343322754,14.890000343322754,0,0.0,0.0,0.0
2025-06-30 01:05:00+00:00,14.859999656677246,14.859999656677246,14.859999656677246,14.859999656677246,39445,0.0,0.0,0.0
2025-06-30 01:10:00+00:00,14.869999885559082,14.869999885559082,14.859999656677246,14.859999656677246,3010,0.0,0.0,0.0
2025-06-30 01:15:00+00:00,14.859999656677246,14.859999656677246,14.84000015258789,14.84000015258789,103250,0.0,0.0,0.0
2025-06-30 01:20:00+00:00,14.84000015258789,14.84000015258789,14.829999923706055,14.84000015258789,11407,0.0,0.0,0.0
2025-06-30 01:25:00+00:00,14.84000015258789,14.84000015258789,14.84000015258789,14.84000015258789,10000,0.0,0.0,0.0
2025-06-30 01:30:00+00:00,14.859999656677246,14.859999656677246,14.84000015258789,14.84000015258789,23052,0.0,0.0,0.0
2025-06-30 01:40:00+00:00,14.859999656677246,14.859999656677246,14.850000381469727,14.850000381469727,3000,0.0,0.0,0.0
2025-06-30 01:45:00+00:00,14.869999885559082,14.869999885559082,14.869999885559082,14.869999885559082,4100,0.0,0.0,0.0
2025-06-30 01:50:00+00:00,14.869999885559082,14.869999885559082,14.859999656677246,14.859999656677246,5037,0.0,0.0,0.0
2025-06-30 01:55:00+00:00,14.869999885559082,14.869999885559082,14.859999656677246,14.859999656677246,13290,0.0,0.0,0.0
2025-06-30 02:00:00+00:00,14.869999885559082,14.869999885559082,14.859999656677246,14.859999656677246,46215,0.0,0.0,0.0
2025-06-30 02:10:00+00:00,14.859999656677246,14.859999656677246,14.859999656677246,14.859999656677246,1000,0.0,0.0,0.0
2025-06-30 02:15:00+00:00,14.859999656677246,14.859999656677246,14.859999656677246,14.859999656677246,18022,0.0,0.0,0.0
2025-06-30 02:20:00+00:00,14.869999885559082,14.869999885559082,14.869999885559082,14.869999885559082,25250,0.0,0.0,0.0
2025-06-30 02:30:00+00:00,14.869999885559082,14.869999885559082,14.869999885559082,14.869999885559082,2222,0.0,0.0,0.0
2025-06-30 02:45:00+00:00,14.859999656677246,14.859999656677246,14.850000381469727,14.850000381469727,4830,0.0,0.0,0.0
2025-06-30 02:50:00+00:00,14.850000381469727,14.850000381469727,14.850000381469727,14.850000381469727,16226,0.0,0.0,0.0
2025-06-30 03:00:00+00:00,14.850000381469727,14.850000381469727,14.850000381469727,14.850000381469727,2020,0.0,0.0,0.0
2025-06-30 03:05:00+00:00,14.84000015258789,14.84000015258789,14.84000015258789,14.84000015258789,10770,0.0,0.0,0.0
2025-06-30 03:25:00+00:00,14.84000015258789,14.84000015258789,14.84000015258789,14.84000015258789,5300,0.0,0.0,0.0
2025-06-30 03:30:00+00:00,14.850000381469727,14.850000381469727,14.850000381469727,14.850000381469727,5753,0.0,0.0,0.0
2025-06-30 04:00:00+00:00,14.850000381469727,14.850000381469727,14.850000381469727,14.850000381469727,2000,0.0,0.0,0.0
2025-06-30 04:05:00+00:00,14.84000015258789,14.84000015258789,14.84000015258789,14.84000015258789,2200,0.0,0.0,0.0
2025-06-30 04:15:00+00:00,14.850000381469727,14.850000381469727,14.84000015258789,14.84000015258789,43266,0.0,0.0,0.0
2025-06-30 04:20:00+00:00,14.84000015258789,14.84000015258789,14.84000015258789,14.84000015258789,1374,0.0,0.0,0.0
2025-06-30 04:25:00+00:00,14.84000015258789,14.84000015258789,14.84000015258789,14.84000015258789,1145,0.0,0.0,0.0
2025-06-30 04:30:00+00:00,14.84000015258789,14.84000015258789,14.84000015258789,14.84000015258789,1100,0.0,0.0,0.0
2025-06-30 04:35:00+00:00,14.84000015258789,14.84000015258789,14.84000015258789,14.84000015258789,5506,0.0,0.0,0.0
2025-06-30 04:40:00+00:00,14.84000015258789,14.84000015258789,14.829999923706055,14.829999923706055,5127,0.0,0.0,0.0
2025-06-30 04:45:00+00:00,14.84000015258789,14.84000015258789,14.84000015258789,14.84000015258789,1200,0.0,0.0,0.0
2025-06-30 04:50:00+00:00,14.850000381469727,14.850000381469727,14.84000015258789,14.84000015258789,7142,0.0,0.0,0.0
2025-06-30 04:55:00+00:00,14.84000015258789,14.84000015258789,14.84000015258789,14.84000015258789,2017,0.0,0.0,0.0
2025-06-30 05:00:00+00:00,14.84000015258789,14.84000015258789,14.829999923706055,14.829999923706055,14000,0.0,0.0,0.0
2025-06-30 05:05:00+00:00,14.819999694824219,14.819999694824219,14.819999694824219,14.819999694824219,1202,0.0,0.0,0.0
2025-06-30 05:10:00+00:00,14.819999694824219,14.819999694824219,14.819999694824219,14.819999694824219,103239,0.0,0.0,0.0
2025-06-30 05:15:00+00:00,14.819999694824219,14.819999694824219,14.819999694824219,14.819999694824219,3000,0.0,0.0,0.0
2025-06-30 05:20:00+00:00,14.819999694824219,14.819999694824219,14.8100004196167,14.8100004196167,100741,0.0,0.0,0.0
2025-07-01 01:00:00+00:00,14.859999656677246,14.880000114440918,14.859999656677246,14.880000114440918,0,0.0,0.0,0.0
2025-07-01 01:05:00+00:00,14.899999618530273,14.920000076293945,14.899999618530273,14.920000076293945,47863,0.0,0.0,0.0
2025-07-01 01:10:00+00:00,14.920000076293945,14.920000076293945,14.920000076293945,14.920000076293945,8389,0.0,0.0,0.0
2025-07-01 01:15:00+00:00,14.930000305175781,14.930000305175781,14.899999618530273,14.899999618530273,30015,0.0,0.0,0.0
2025-07-01 01:20:00+00:00,14.930000305175781,14.9399995803833,14.90999984741211,14.9399995803833,111132,0.0,0.0,0.0
2025-07-01 01:30:00+00:00,14.920000076293945,14.9399995803833,14.920000076293945,14.9399995803833,87200,0.0,0.0,0.0
2025-07-01 01:35:00+00:00,14.949999809265137,14.970000267028809,14.9399995803833,14.970000267028809,131397,0.0,0.0,0.0
2025-07-01 01:40:00+00:00,14.970000267028809,14.989999771118164,14.970000267028809,14.989999771118164,41967,0.0,0.0,0.0
2025-07-01 01:45:00+00:00,15.0,15.010000228881836,15.0,15.0,116695,0.0,0.0,0.0
2025-07-01 01:50:00+00:00,15.0,15.0,14.979999542236328,15.0,23100,0.0,0.0,0.0
2025-07-01 01:55:00+00:00,15.0,15.010000228881836,15.0,15.010000228881836,25720,0.0,0.0,0.0
2025-07-01 02:00:00+00:00,15.0,15.0,15.0,15.0,36080,0.0,0.0,0.0
2025-07-01 02:05:00+00:00,14.979999542236328,14.989999771118164,14.979999542236328,14.989999771118164,2000,0.0,0.0,0.0
2025-07-01 02:10:00+00:00,14.989999771118164,14.989999771118164,14.979999542236328,14.979999542236328,78010,0.0,0.0,0.0
2025-07-01 02:15:00+00:00,14.970000267028809,14.989999771118164,14.970000267028809,14.970000267028809,289000,0.0,0.0,0.0
2025-07-01 02:25:00+00:00,14.970000267028809,14.970000267028809,14.970000267028809,14.970000267028809,12000,0.0,0.0,0.0
2025-07-01 02:30:00+00:00,14.970000267028809,14.970000267028809,14.970000267028809,14.970000267028809,4100,0.0,0.0,0.0
2025-07-01 02:35:00+00:00,14.970000267028809,14.970000267028809,14.970000267028809,14.970000267028809,2369,0.0,0.0,0.0
2025-07-01 02:40:00+00:00,14.970000267028809,14.970000267028809,14.970000267028809,14.970000267028809,8000,0.0,0.0,0.0
2025-07-01 02:45:00+00:00,14.960000038146973,14.960000038146973,14.960000038146973,14.960000038146973,1050,0.0,0.0,0.0
2025-07-01 02:55:00+00:00,14.960000038146973,14.960000038146973,14.949999809265137,14.960000038146973,40010,0.0,0.0,0.0
2025-07-01 03:15:00+00:00,14.9399995803833,14.9399995803833,14.9399995803833,14.9399995803833,3000,0.0,0.0,0.0
2025-07-01 03:20:00+00:00,14.9399995803833,14.9399995803833,14.9399995803833,14.9399995803833,100150,0.0,0.0,0.0
2025-07-01 03:30:00+00:00,14.920000076293945,14.920000076293945,14.920000076293945,14.920000076293945,100050,0.0,0.0,0.0
2025-07-01 03:40:00+00:00,14.90999984741211,14.90999984741211,14.899999618530273,14.899999618530273,201813,0.0,0.0,0.0
2025-07-01 03:50:00+00:00,14.899999618530273,14.899999618530273,14.899999618530273,14.899999618530273,1298,0.0,0.0,0.0
2025-07-01 03:55:00+00:00,14.899999618530273,14.899999618530273,14.899999618530273,14.899999618530273,10000,0.0,0.0,0.0
2025-07-01 04:00:00+00:00,14.90999984741211,14.90999984741211,14.90999984741211,14.90999984741211,1000,0.0,0.0,0.0
2025-07-01 04:05:00+00:00,14.890000343322754,14.890000343322754,14.869999885559082,14.869999885559082,11000,0.0,0.0,0.0
2025-07-01 04:10:00+00:00,14.869999885559082,14.869999885559082,14.859999656677246,14.859999656677246,32000,0.0,0.0,0.0
2025-07-01 04:15:00+00:00,14.890000343322754,14.890000343322754,14.890000343322754,14.890000343322754,1020,0.0,0.0,0.0
2025-07-01 04:20:00+00:00,14.859999656677246,14.859999656677246,14.859999656677246,14.859999656677246,102337,0.0,0.0,0.0
2025-07-01 04:25:00+00:00,14.869999885559082,14.890000343322754,14.869999885559082,14.890000343322754,101400,0.0,0.0,0.0
2025-07-01 04:30:00+00:00,14.859999656677246,14.859999656677246,14.859999656677246,14.859999656677246,1000,0.0,0.0,0.0
2025-07-01 04:35:00+00:00,14.859999656677246,14.859999656677246,14.859999656677246,14.859999656677246,2123,0.0,0.0,0.0
2025-07-01 04:40:00+00:00,14.850000381469727,14.850000381469727,14.850000381469727,14.850000381469727,9225,0.0,0.0,0.0
2025-07-01 04:45:00+00:00,14.84000015258789,14.84000015258789,14.84000015258789,14.84000015258789,2000,0.0,0.0,0.0
2025-07-01 04:50:00+00:00,14.850000381469727,14.859999656677246,14.850000381469727,14.859999656677246,11000,0.0,0.0,0.0
2025-07-01 04:55:00+00:00,14.859999656677246,14.859999656677246,14.859999656677246,14.859999656677246,2002,0.0,0.0,0.0
2025-07-01 05:00:00+00:00,14.869999885559082,14.869999885559082,14.869999885559082,14.869999885559082,25000,0.0,0.0,0.0
2025-07-01 05:05:00+00:00,14.880000114440918,14.890000343322754,14.880000114440918,14.890000343322754,6001,0.0,0.0,0.0
2025-07-01 05:10:00+00:00,14.890000343322754,14.899999618530273,14.890000343322754,14.899999618530273,35642,0.0,0.0,0.0
2025-07-01 05:20:00+00:00,14.890000343322754,14.899999618530273,14.880000114440918,14.899999618530273,313106,0.0,0.0,0.0
2025-07-02 01:00:00+00:00,14.890000343322754,14.899999618530273,14.890000343322754,14.899999618530273,0,0.0,0.0,0.0
2025-07-02 01:05:00+00:00,14.90999984741211,14.930000305175781,14.90999984741211,14.920000076293945,120382,0.0,0.0,0.0
2025-07-02 01:10:00+00:00,14.920000076293945,14.930000305175781,14.920000076293945,14.930000305175781,49029,0.0,0.0,0.0
2025-07-02 01:15:00+00:00,14.9399995803833,14.9399995803833,14.9399995803833,14.9399995803833,5065,0.0,0.0,0.0
2025-07-02 01:20:00+00:00,14.930000305175781,14.9399995803833,14.930000305175781,14.9399995803833,20253,0.0,0.0,0.0
2025-07-02 01:30:00+00:00,14.930000305175781,14.930000305175781,14.930000305175781,14.930000305175781,1000,0.0,0.0,0.0
2025-07-02 01:35:00+00:00,14.920000076293945,14.920000076293945,14.90999984741211,14.90999984741211,20067,0.0,0.0,0.0
2025-07-02 01:40:00+00:00,14.920000076293945,14.920000076293945,14.920000076293945,14.920000076293945,3382,0.0,0.0,0.0
2025-07-02 01:55:00+00:00,14.90999984741211,14.90999984741211,14.90999984741211,14.90999984741211,5870,0.0,0.0,0.0
2025-07-02 02:00:00+00:00,14.899999618530273,14.899999618530273,14.899999618530273,14.899999618530273,16000,0.0,0.0,0.0
2025-07-02 02:15:00+00:00,14.899999618530273,14.90999984741211,14.899999618530273,14.90999984741211,3000,0.0,0.0,0.0
2025-07-02 02:20:00+00:00,14.90999984741211,14.90999984741211,14.90999984741211,14.90999984741211,5050,0.0,0.0,0.0
2025-07-02 02:45:00+00:00,14.90999984741211,14.90999984741211,14.90999984741211,14.90999984741211,1120,0.0,0.0,0.0
2025-07-02 02:50:00+00:00,14.90999984741211,14.920000076293945,14.90999984741211,14.920000076293945,35000,0.0,0.0,0.0
2025-07-02 02:55:00+00:00,14.920000076293945,14.920000076293945,14.920000076293945,14.920000076293945,2349,0.0,0.0,0.0
2025-07-02 03:00:00+00:00,14.920000076293945,14.920000076293945,14.920000076293945,14.920000076293945,6000,0.0,0.0,0.0
2025-07-02 03:05:00+00:00,14.930000305175781,14.930000305175781,14.930000305175781,14.930000305175781,42032,0.0,0.0,0.0
2025-07-02 03:15:00+00:00,14.920000076293945,14.920000076293945,14.920000076293945,14.920000076293945,2000,0.0,0.0,0.0
2025-07-02 03:20:00+00:00,14.9399995803833,14.9399995803833,14.9399995803833,14.9399995803833,53499,0.0,0.0,0.0
2025-07-02 03:25:00+00:00,14.9399995803833,14.9399995803833,14.9399995803833,14.9399995803833,17000,0.0,0.0,0.0
2025-07-02 03:30:00+00:00,14.9399995803833,14.949999809265137,14.9399995803833,14.949999809265137,40854,0.0,0.0,0.0
2025-07-02 03:35:00+00:00,14.949999809265137,14.949999809265137,14.949999809265137,14.949999809265137,1006,0.0,0.0,0.0
2025-07-02 03:40:00+00:00,14.949999809265137,14.949999809265137,14.949999809265137,14.949999809265137,65001,0.0,0.0,0.0
2025-07-02 03:45:00+00:00,14.949999809265137,14.949999809265137,14.949999809265137,14.949999809265137,56913,0.0,0.0,0.0
2025-07-02 03:50:00+00:00,14.949999809265137,14.960000038146973,14.949999809265137,14.960000038146973,27305,0.0,0.0,0.0
2025-07-02 03:55:00+00:00,14.970000267028809,14.970000267028809,14.970000267028809,14.970000267028809,16000,0.0,0.0,0.0
2025-07-02 04:00:00+00:00,14.970000267028809,14.979999542236328,14.970000267028809,14.979999542236328,40665,0.0,0.0,0.0
2025-07-02 04:15:00+00:00,14.979999542236328,14.979999542236328,14.979999542236328,14.979999542236328,2000,0.0,0.0,0.0
2025-07-02 04:20:00+00:00,14.979999542236328,14.989999771118164,14.979999542236328,14.989999771118164,46450,0.0,0.0,0.0
2025-07-02 04:25:00+00:00,15.0,15.0,15.0,15.0,143000,0.0,0.0,0.0
2025-07-02 04:30:00+00:00,14.989999771118164,14.989999771118164,14.989999771118164,14.989999771118164,2050,0.0,0.0,0.0
2025-07-02 04:35:00+00:00,14.989999771118164,15.0,14.989999771118164,15.0,22100,0.0,0.0,0.0
2025-07-02 04:40:00+00:00,15.0,15.0,15.0,15.0,45300,0.0,0.0,0.0
2025-07-02 04:45:00+00:00,15.0,15.0,15.0,15.0,7000,0.0,0.0,0.0
2025-07-02 04:50:00+00:00,15.0,15.0,15.0,15.0,19700,0.0,0.0,0.0
2025-07-02 04:55:00+00:00,15.0,15.010000228881836,15.0,15.0,52234,0.0,0.0,0.0
2025-07-02 05:00:00+00:00,15.0,15.010000228881836,15.0,15.010000228881836,40168,0.0,0.0,0.0
2025-07-02 05:05:00+00:00,15.0,15.010000228881836,15.0,15.010000228881836,5000,0.0,0.0,0.0
2025-07-02 05:10:00+00:00,15.0,15.0,15.0,15.0,4000,0.0,0.0,0.0
2025-07-02 05:15:00+00:00,15.0,15.010000228881836,15.0,15.0,394100,0.0,0.0,0.0
2025-07-02 05:20:00+00:00,15.0,15.0,15.0,15.0,78115,0.0,0.0,0.0
2025-05-05 01:00:00+00:00,14.529999732971191,14.529999732971191,14.40999984741211,14.40999984741211,0,0.0,0.0,0.0
2025-05-05 01:05:00+00:00,14.420000076293945,14.420000076293945,14.399999618530273,14.399999618530273,439247,0.0,0.0,0.0
2025-05-05 01:10:00+00:00,14.399999618530273,14.4399995803833,14.390000343322754,14.4399995803833,115109,0.0,0.0,0.0
2025-05-05 01:15:00+00:00,14.4399995803833,14.449999809265137,14.4399995803833,14.449999809265137,10120,0.0,0.0,0.0
2025-05-05 01:20:00+00:00,14.4399995803833,14.449999809265137,14.420000076293945,14.420000076293945,115000,0.0,0.0,0.0
2025-05-05 01:25:00+00:00,14.420000076293945,14.420000076293945,14.380000114440918,14.390000343322754,121662,0.0,0.0,0.0
2025-05-05 01:30:00+00:00,14.380000114440918,14.390000343322754,14.359999656677246,14.359999656677246,120115,0.0,0.0,0.0
2025-05-05 01:35:00+00:00,14.369999885559082,14.369999885559082,14.350000381469727,14.350000381469727,411370,0.0,0.0,0.0
2025-05-05 01:40:00+00:00,14.350000381469727,14.350000381469727,14.34000015258789,14.350000381469727,111200,0.0,0.0,0.0
2025-05-05 01:45:00+00:00,14.34000015258789,14.34000015258789,14.270000457763672,14.270000457763672,172964,0.0,0.0,0.0
2025-05-05 01:50:00+00:00,14.260000228881836,14.300000190734863,14.260000228881836,14.270000457763672,160599,0.0,0.0,0.0
2025-05-05 01:55:00+00:00,14.279999732971191,14.279999732971191,14.270000457763672,14.279999732971191,18140,0.0,0.0,0.0
2025-05-05 02:00:00+00:00,14.300000190734863,14.300000190734863,14.270000457763672,14.300000190734863,11225,0.0,0.0,0.0
2025-05-05 02:05:00+00:00,14.270000457763672,14.279999732971191,14.260000228881836,14.279999732971191,34219,0.0,0.0,0.0
2025-05-05 02:10:00+00:00,14.260000228881836,14.300000190734863,14.260000228881836,14.300000190734863,78073,0.0,0.0,0.0
2025-05-05 02:15:00+00:00,14.3100004196167,14.329999923706055,14.3100004196167,14.329999923706055,31414,0.0,0.0,0.0
2025-05-05 02:20:00+00:00,14.300000190734863,14.319999694824219,14.289999961853027,14.3100004196167,28000,0.0,0.0,0.0
2025-05-05 02:25:00+00:00,14.319999694824219,14.329999923706055,14.319999694824219,14.329999923706055,13000,0.0,0.0,0.0
2025-05-05 02:30:00+00:00,14.329999923706055,14.350000381469727,14.289999961853027,14.289999961853027,113127,0.0,0.0,0.0
2025-05-05 02:35:00+00:00,14.300000190734863,14.300000190734863,14.300000190734863,14.300000190734863,3100,0.0,0.0,0.0
2025-05-05 02:40:00+00:00,14.300000190734863,14.319999694824219,14.289999961853027,14.319999694824219,10050,0.0,0.0,0.0
2025-05-05 02:45:00+00:00,14.3100004196167,14.3100004196167,14.300000190734863,14.300000190734863,8268,0.0,0.0,0.0
2025-05-05 02:50:00+00:00,14.300000190734863,14.34000015258789,14.300000190734863,14.34000015258789,27000,0.0,0.0,0.0
2025-05-05 02:55:00+00:00,14.34000015258789,14.34000015258789,14.329999923706055,14.34000015258789,19367,0.0,0.0,0.0
2025-05-05 03:00:00+00:00,14.350000381469727,14.350000381469727,14.34000015258789,14.350000381469727,166493,0.0,0.0,0.0
2025-05-05 03:05:00+00:00,14.369999885559082,14.369999885559082,14.34000015258789,14.34000015258789,43317,0.0,0.0,0.0
2025-05-05 03:10:00+00:00,14.329999923706055,14.34000015258789,14.329999923706055,14.329999923706055,12100,0.0,0.0,0.0
2025-05-05 03:15:00+00:00,14.329999923706055,14.34000015258789,14.329999923706055,14.34000015258789,8000,0.0,0.0,0.0
2025-05-05 03:20:00+00:00,14.34000015258789,14.369999885559082,14.34000015258789,14.350000381469727,121011,0.0,0.0,0.0
2025-05-05 03:25:00+00:00,14.359999656677246,14.359999656677246,14.350000381469727,14.350000381469727,9000,0.0,0.0,0.0
2025-05-05 03:30:00+00:00,14.359999656677246,14.359999656677246,14.350000381469727,14.350000381469727,22024,0.0,0.0,0.0
2025-05-05 03:35:00+00:00,14.350000381469727,14.359999656677246,14.34000015258789,14.34000015258789,45000,0.0,0.0,0.0
2025-05-05 03:40:00+00:00,14.350000381469727,14.359999656677246,14.34000015258789,14.350000381469727,194020,0.0,0.0,0.0
2025-05-05 03:45:00+00:00,14.350000381469727,14.359999656677246,14.350000381469727,14.359999656677246,3000,0.0,0.0,0.0
2025-05-05 03:50:00+00:00,14.359999656677246,14.359999656677246,14.359999656677246,14.359999656677246,18381,0.0,0.0,0.0
2025-05-05 03:55:00+00:00,14.369999885559082,14.380000114440918,14.369999885559082,14.380000114440918,5077,0.0,0.0,0.0
2025-05-05 04:00:00+00:00,14.359999656677246,14.380000114440918,14.359999656677246,14.380000114440918,4290,0.0,0.0,0.0
2025-05-05 04:05:00+00:00,14.369999885559082,14.369999885559082,14.369999885559082,14.369999885559082,2696,0.0,0.0,0.0
2025-05-05 04:10:00+00:00,14.369999885559082,14.369999885559082,14.369999885559082,14.369999885559082,24000,0.0,0.0,0.0
2025-05-05 04:15:00+00:00,14.359999656677246,14.369999885559082,14.359999656677246,14.369999885559082,8022,0.0,0.0,0.0
2025-05-05 04:20:00+00:00,14.369999885559082,14.390000343322754,14.369999885559082,14.390000343322754,13210,0.0,0.0,0.0
2025-05-05 04:25:00+00:00,14.369999885559082,14.380000114440918,14.369999885559082,14.380000114440918,4000,0.0,0.0,0.0
2025-05-05 04:30:00+00:00,14.380000114440918,14.390000343322754,14.380000114440918,14.390000343322754,10315,0.0,0.0,0.0
2025-05-05 04:35:00+00:00,14.380000114440918,14.380000114440918,14.359999656677246,14.359999656677246,14062,0.0,0.0,0.0
2025-05-05 04:40:00+00:00,14.359999656677246,14.399999618530273,14.359999656677246,14.399999618530273,59250,0.0,0.0,0.0
2025-05-05 04:45:00+00:00,14.390000343322754,14.399999618530273,14.390000343322754,14.399999618530273,5740,0.0,0.0,0.0
2025-05-05 04:50:00+00:00,14.380000114440918,14.380000114440918,14.359999656677246,14.359999656677246,13907,0.0,0.0,0.0
2025-05-05 04:55:00+00:00,14.369999885559082,14.369999885559082,14.34000015258789,14.34000015258789,7681,0.0,0.0,0.0
2025-05-05 05:00:00+00:00,14.34000015258789,14.359999656677246,14.34000015258789,14.34000015258789,24383,0.0,0.0,0.0
2025-05-05 05:05:00+00:00,14.350000381469727,14.350000381469727,14.350000381469727,14.350000381469727,10535,0.0,0.0,0.0
2025-05-05 05:10:00+00:00,14.350000381469727,14.359999656677246,14.350000381469727,14.359999656677246,20045,0.0,0.0,0.0
2025-05-05 05:15:00+00:00,14.350000381469727,14.359999656677246,14.350000381469727,14.359999656677246,204430,0.0,0.0,0.0
2025-05-05 05:20:00+00:00,14.350000381469727,14.350000381469727,14.350000381469727,14.350000381469727,27302,0.0,0.0,0.0
2025-05-06 01:00:00+00:00,14.380000114440918,14.390000343322754,14.369999885559082,14.369999885559082,0,0.0,0.0,0.0
2025-05-06 01:05:00+00:00,14.369999885559082,14.399999618530273,14.369999885559082,14.399999618530273,130824,0.0,0.0,0.0
2025-05-06 01:10:00+00:00,14.399999618530273,14.449999809265137,14.399999618530273,14.449999809265137,37448,0.0,0.0,0.0
2025-05-06 01:15:00+00:00,14.420000076293945,14.420000076293945,14.420000076293945,14.420000076293945,2000,0.0,0.0,0.0
2025-05-06 01:20:00+00:00,14.430000305175781,14.470000267028809,14.430000305175781,14.460000038146973,67068,0.0,0.0,0.0
2025-05-06 01:25:00+00:00,14.449999809265137,14.479999542236328,14.449999809265137,14.460000038146973,18151,0.0,0.0,0.0
2025-05-06 01:30:00+00:00,14.470000267028809,14.470000267028809,14.470000267028809,14.470000267028809,3102,0.0,0.0,0.0
2025-05-06 01:35:00+00:00,14.460000038146973,14.470000267028809,14.460000038146973,14.470000267028809,43005,0.0,0.0,0.0
2025-05-06 01:40:00+00:00,14.470000267028809,14.470000267028809,14.460000038146973,14.460000038146973,7000,0.0,0.0,0.0
2025-05-06 01:45:00+00:00,14.460000038146973,14.470000267028809,14.420000076293945,14.420000076293945,24200,0.0,0.0,0.0
2025-05-06 01:50:00+00:00,14.420000076293945,14.430000305175781,14.40999984741211,14.430000305175781,59200,0.0,0.0,0.0
2025-05-06 01:55:00+00:00,14.449999809265137,14.449999809265137,14.449999809265137,14.449999809265137,17122,0.0,0.0,0.0
2025-05-06 02:00:00+00:00,14.460000038146973,14.460000038146973,14.460000038146973,14.460000038146973,11335,0.0,0.0,0.0
2025-05-06 02:05:00+00:00,14.460000038146973,14.470000267028809,14.460000038146973,14.470000267028809,25272,0.0,0.0,0.0
2025-05-06 02:10:00+00:00,14.470000267028809,14.470000267028809,14.470000267028809,14.470000267028809,107000,0.0,0.0,0.0
2025-05-06 02:15:00+00:00,14.479999542236328,14.479999542236328,14.479999542236328,14.479999542236328,13257,0.0,0.0,0.0
2025-05-06 02:20:00+00:00,14.479999542236328,14.479999542236328,14.479999542236328,14.479999542236328,1044,0.0,0.0,0.0
2025-05-06 02:25:00+00:00,14.479999542236328,14.5,14.479999542236328,14.5,36537,0.0,0.0,0.0
2025-05-06 02:30:00+00:00,14.5,14.5,14.489999771118164,14.5,17302,0.0,0.0,0.0
2025-05-06 02:35:00+00:00,14.510000228881836,14.529999732971191,14.510000228881836,14.529999732971191,57845,0.0,0.0,0.0
2025-05-06 02:40:00+00:00,14.529999732971191,14.539999961853027,14.529999732971191,14.539999961853027,3075,0.0,0.0,0.0
2025-05-06 02:45:00+00:00,14.539999961853027,14.539999961853027,14.539999961853027,14.539999961853027,6027,0.0,0.0,0.0
2025-05-06 02:50:00+00:00,14.529999732971191,14.550000190734863,14.529999732971191,14.539999961853027,62000,0.0,0.0,0.0
2025-05-06 02:55:00+00:00,14.539999961853027,14.550000190734863,14.539999961853027,14.539999961853027,56148,0.0,0.0,0.0
2025-05-06 03:00:00+00:00,14.539999961853027,14.539999961853027,14.539999961853027,14.539999961853027,19808,0.0,0.0,0.0
2025-05-06 03:05:00+00:00,14.5600004196167,14.5600004196167,14.539999961853027,14.539999961853027,45051,0.0,0.0,0.0
2025-05-06 03:15:00+00:00,14.529999732971191,14.529999732971191,14.529999732971191,14.529999732971191,3022,0.0,0.0,0.0
2025-05-06 03:20:00+00:00,14.529999732971191,14.539999961853027,14.529999732971191,14.539999961853027,14122,0.0,0.0,0.0
2025-05-06 03:25:00+00:00,14.529999732971191,14.529999732971191,14.529999732971191,14.529999732971191,1000,0.0,0.0,0.0
2025-05-06 03:30:00+00:00,14.539999961853027,14.569999694824219,14.539999961853027,14.569999694824219,79222,0.0,0.0,0.0
2025-05-06 03:35:00+00:00,14.579999923706055,14.579999923706055,14.579999923706055,14.579999923706055,6100,0.0,0.0,0.0
2025-05-06 03:40:00+00:00,14.569999694824219,14.569999694824219,14.569999694824219,14.569999694824219,7042,0.0,0.0,0.0
2025-05-06 03:45:00+00:00,14.579999923706055,14.579999923706055,14.579999923706055,14.579999923706055,1472,0.0,0.0,0.0
2025-05-06 03:50:00+00:00,14.569999694824219,14.569999694824219,14.569999694824219,14.569999694824219,1445,0.0,0.0,0.0
2025-05-06 04:00:00+00:00,14.569999694824219,14.569999694824219,14.569999694824219,14.569999694824219,219023,0.0,0.0,0.0
2025-05-06 04:05:00+00:00,14.569999694824219,14.579999923706055,14.569999694824219,14.579999923706055,7100,0.0,0.0,0.0
2025-05-06 04:10:00+00:00,14.5600004196167,14.569999694824219,14.5600004196167,14.569999694824219,110172,0.0,0.0,0.0
2025-05-06 04:20:00+00:00,14.5600004196167,14.5600004196167,14.5600004196167,14.5600004196167,5022,0.0,0.0,0.0
2025-05-06 04:25:00+00:00,14.5600004196167,14.569999694824219,14.5600004196167,14.569999694824219,7100,0.0,0.0,0.0
2025-05-06 04:30:00+00:00,14.569999694824219,14.569999694824219,14.569999694824219,14.569999694824219,2100,0.0,0.0,0.0
2025-05-06 04:35:00+00:00,14.5600004196167,14.5600004196167,14.550000190734863,14.550000190734863,2042,0.0,0.0,0.0
2025-05-06 04:40:00+00:00,14.539999961853027,14.539999961853027,14.529999732971191,14.529999732971191,43133,0.0,0.0,0.0
2025-05-06 04:45:00+00:00,14.539999961853027,14.550000190734863,14.539999961853027,14.550000190734863,39105,0.0,0.0,0.0
2025-05-06 04:50:00+00:00,14.539999961853027,14.539999961853027,14.539999961853027,14.539999961853027,10000,0.0,0.0,0.0
2025-05-06 04:55:00+00:00,14.550000190734863,14.550000190734863,14.529999732971191,14.539999961853027,27271,0.0,0.0,0.0
2025-05-06 05:00:00+00:00,14.550000190734863,14.550000190734863,14.529999732971191,14.550000190734863,8015,0.0,0.0,0.0
2025-05-06 05:05:00+00:00,14.520000457763672,14.520000457763672,14.520000457763672,14.520000457763672,510430,0.0,0.0,0.0
2025-05-06 05:10:00+00:00,14.5,14.5,14.5,14.5,103073,0.0,0.0,0.0
2025-05-06 05:15:00+00:00,14.5,14.5,14.5,14.5,111000,0.0,0.0,0.0
2025-05-06 05:20:00+00:00,14.5,14.5,14.5,14.5,3238,0.0,0.0,0.0
2025-05-07 01:00:00+00:00,14.520000457763672,14.619999885559082,14.520000457763672,14.619999885559082,0,0.0,0.0,0.0
2025-05-07 01:05:00+00:00,14.539999961853027,14.550000190734863,14.539999961853027,14.550000190734863,8472,0.0,0.0,0.0
2025-05-07 01:10:00+00:00,14.600000381469727,14.600000381469727,14.59000015258789,14.600000381469727,25136,0.0,0.0,0.0
2025-05-07 01:15:00+00:00,14.609999656677246,14.670000076293945,14.609999656677246,14.670000076293945,33311,0.0,0.0,0.0
2025-05-07 01:20:00+00:00,14.65999984741211,14.65999984741211,14.649999618530273,14.65999984741211,32085,0.0,0.0,0.0
2025-05-07 01:25:00+00:00,14.670000076293945,14.670000076293945,14.640000343322754,14.640000343322754,170225,0.0,0.0,0.0
2025-05-07 01:30:00+00:00,14.619999885559082,14.619999885559082,14.619999885559082,14.619999885559082,6000,0.0,0.0,0.0
2025-05-07 01:35:00+00:00,14.609999656677246,14.630000114440918,14.600000381469727,14.630000114440918,56021,0.0,0.0,0.0
2025-05-07 01:40:00+00:00,14.640000343322754,14.640000343322754,14.609999656677246,14.630000114440918,36075,0.0,0.0,0.0
2025-05-07 01:45:00+00:00,14.630000114440918,14.630000114440918,14.630000114440918,14.630000114440918,8000,0.0,0.0,0.0
2025-05-07 01:50:00+00:00,14.609999656677246,14.630000114440918,14.609999656677246,14.630000114440918,84007,0.0,0.0,0.0
2025-05-07 01:55:00+00:00,14.630000114440918,14.640000343322754,14.630000114440918,14.640000343322754,60420,0.0,0.0,0.0
2025-05-07 02:00:00+00:00,14.630000114440918,14.630000114440918,14.630000114440918,14.630000114440918,4033,0.0,0.0,0.0
2025-05-07 02:05:00+00:00,14.640000343322754,14.640000343322754,14.640000343322754,14.640000343322754,2250,0.0,0.0,0.0
2025-05-07 02:10:00+00:00,14.640000343322754,14.640000343322754,14.630000114440918,14.630000114440918,6549,0.0,0.0,0.0
2025-05-07 02:15:00+00:00,14.609999656677246,14.630000114440918,14.609999656677246,14.630000114440918,12000,0.0,0.0,0.0
2025-05-07 02:20:00+00:00,14.619999885559082,14.619999885559082,14.609999656677246,14.609999656677246,16000,0.0,0.0,0.0
2025-05-07 02:25:00+00:00,14.609999656677246,14.609999656677246,14.609999656677246,14.609999656677246,1168,0.0,0.0,0.0
2025-05-07 02:30:00+00:00,14.600000381469727,14.600000381469727,14.600000381469727,14.600000381469727,5000,0.0,0.0,0.0
2025-05-07 02:40:00+00:00,14.609999656677246,14.609999656677246,14.600000381469727,14.600000381469727,14130,0.0,0.0,0.0
2025-05-07 02:45:00+00:00,14.579999923706055,14.579999923706055,14.569999694824219,14.569999694824219,8240,0.0,0.0,0.0
2025-05-07 02:50:00+00:00,14.569999694824219,14.569999694824219,14.569999694824219,14.569999694824219,8100,0.0,0.0,0.0
2025-05-07 02:55:00+00:00,14.569999694824219,14.569999694824219,14.569999694824219,14.569999694824219,3035,0.0,0.0,0.0
2025-05-07 03:00:00+00:00,14.569999694824219,14.579999923706055,14.569999694824219,14.579999923706055,6395,0.0,0.0,0.0
2025-05-07 03:20:00+00:00,14.569999694824219,14.579999923706055,14.569999694824219,14.579999923706055,22100,0.0,0.0,0.0
2025-05-07 03:30:00+00:00,14.569999694824219,14.569999694824219,14.569999694824219,14.569999694824219,3000,0.0,0.0,0.0
2025-05-07 03:35:00+00:00,14.579999923706055,14.579999923706055,14.579999923706055,14.579999923706055,5033,0.0,0.0,0.0
2025-05-07 03:45:00+00:00,14.579999923706055,14.579999923706055,14.569999694824219,14.569999694824219,10306,0.0,0.0,0.0
2025-05-07 03:50:00+00:00,14.59000015258789,14.59000015258789,14.59000015258789,14.59000015258789,2000,0.0,0.0,0.0
2025-05-07 04:00:00+00:00,14.59000015258789,14.59000015258789,14.59000015258789,14.59000015258789,1035,0.0,0.0,0.0
2025-05-07 04:10:00+00:00,14.569999694824219,14.569999694824219,14.569999694824219,14.569999694824219,1100,0.0,0.0,0.0
2025-05-07 04:15:00+00:00,14.5600004196167,14.5600004196167,14.5600004196167,14.5600004196167,2200,0.0,0.0,0.0
2025-05-07 04:20:00+00:00,14.579999923706055,14.579999923706055,14.579999923706055,14.579999923706055,1124,0.0,0.0,0.0
2025-05-07 04:25:00+00:00,14.59000015258789,14.59000015258789,14.59000015258789,14.59000015258789,221561,0.0,0.0,0.0
2025-05-07 04:35:00+00:00,14.579999923706055,14.579999923706055,14.569999694824219,14.569999694824219,204547,0.0,0.0,0.0
2025-05-07 04:45:00+00:00,14.569999694824219,14.569999694824219,14.569999694824219,14.569999694824219,100067,0.0,0.0,0.0
2025-05-07 04:50:00+00:00,14.5600004196167,14.5600004196167,14.5600004196167,14.5600004196167,52000,0.0,0.0,0.0
2025-05-07 05:00:00+00:00,14.569999694824219,14.569999694824219,14.539999961853027,14.539999961853027,118302,0.0,0.0,0.0
2025-05-07 05:05:00+00:00,14.550000190734863,14.550000190734863,14.550000190734863,14.550000190734863,261000,0.0,0.0,0.0
2025-05-07 05:10:00+00:00,14.550000190734863,14.550000190734863,14.550000190734863,14.550000190734863,299070,0.0,0.0,0.0
2025-05-07 05:15:00+00:00,14.550000190734863,14.5600004196167,14.550000190734863,14.5600004196167,25524,0.0,0.0,0.0
2025-05-07 05:20:00+00:00,14.5600004196167,14.569999694824219,14.550000190734863,14.550000190734863,13688,0.0,0.0,0.0
2025-05-08 01:00:00+00:00,14.569999694824219,14.569999694824219,14.569999694824219,14.569999694824219,0,0.0,0.0,0.0
2025-05-08 01:05:00+00:00,14.569999694824219,14.619999885559082,14.569999694824219,14.619999885559082,70440,0.0,0.0,0.0
2025-05-08 01:10:00+00:00,14.640000343322754,14.649999618530273,14.640000343322754,14.640000343322754,71145,0.0,0.0,0.0
2025-05-08 01:20:00+00:00,14.670000076293945,14.670000076293945,14.649999618530273,14.649999618530273,2000,0.0,0.0,0.0
2025-05-08 02:30:00+00:00,14.640000343322754,14.640000343322754,14.640000343322754,14.640000343322754,0,0.0,0.0,0.0
2025-05-08 02:35:00+00:00,14.649999618530273,14.649999618530273,14.640000343322754,14.640000343322754,310922,0.0,0.0,0.0
2025-05-08 02:40:00+00:00,14.649999618530273,14.649999618530273,14.649999618530273,14.649999618530273,40246,0.0,0.0,0.0
2025-05-08 02:45:00+00:00,14.630000114440918,14.640000343322754,14.630000114440918,14.640000343322754,23010,0.0,0.0,0.0
2025-05-08 02:50:00+00:00,14.630000114440918,14.640000343322754,14.630000114440918,14.640000343322754,13001,0.0,0.0,0.0
2025-05-08 02:55:00+00:00,14.640000343322754,14.640000343322754,14.640000343322754,14.640000343322754,5206,0.0,0.0,0.0
2025-05-08 03:00:00+00:00,14.649999618530273,14.670000076293945,14.649999618530273,14.670000076293945,86400,0.0,0.0,0.0
2025-05-08 03:05:00+00:00,14.670000076293945,14.670000076293945,14.670000076293945,14.670000076293945,1015,0.0,0.0,0.0
2025-05-08 03:10:00+00:00,14.65999984741211,14.65999984741211,14.65999984741211,14.65999984741211,1400,0.0,0.0,0.0
2025-05-08 03:20:00+00:00,14.65999984741211,14.65999984741211,14.65999984741211,14.65999984741211,1000,0.0,0.0,0.0
2025-05-08 03:30:00+00:00,14.670000076293945,14.670000076293945,14.65999984741211,14.65999984741211,4125,0.0,0.0,0.0
2025-05-08 03:40:00+00:00,14.65999984741211,14.65999984741211,14.65999984741211,14.65999984741211,2650,0.0,0.0,0.0
2025-05-08 03:45:00+00:00,14.649999618530273,14.65999984741211,14.649999618530273,14.65999984741211,15999,0.0,0.0,0.0
2025-05-08 03:50:00+00:00,14.65999984741211,14.65999984741211,14.65999984741211,14.65999984741211,5000,0.0,0.0,0.0
2025-05-08 03:55:00+00:00,14.649999618530273,14.649999618530273,14.649999618530273,14.649999618530273,10000,0.0,0.0,0.0
2025-05-08 04:00:00+00:00,14.649999618530273,14.649999618530273,14.649999618530273,14.649999618530273,12201,0.0,0.0,0.0
2025-05-08 04:10:00+00:00,14.649999618530273,14.649999618530273,14.649999618530273,14.649999618530273,2083,0.0,0.0,0.0
2025-05-08 04:25:00+00:00,14.649999618530273,14.649999618530273,14.649999618530273,14.649999618530273,1684,0.0,0.0,0.0
2025-05-08 04:40:00+00:00,14.649999618530273,14.649999618530273,14.649999618530273,14.649999618530273,50000,0.0,0.0,0.0
2025-05-08 04:55:00+00:00,14.640000343322754,14.649999618530273,14.640000343322754,14.649999618530273,2000,0.0,0.0,0.0
2025-05-08 05:05:00+00:00,14.640000343322754,14.640000343322754,14.640000343322754,14.640000343322754,3818,0.0,0.0,0.0
2025-05-08 05:10:00+00:00,14.630000114440918,14.630000114440918,14.630000114440918,14.630000114440918,3000,0.0,0.0,0.0
2025-05-08 05:15:00+00:00,14.619999885559082,14.619999885559082,14.619999885559082,14.619999885559082,25057,0.0,0.0,0.0
2025-05-08 05:20:00+00:00,14.619999885559082,14.619999885559082,14.619999885559082,14.619999885559082,8748,0.0,0.0,0.0
2025-05-09 01:00:00+00:00,14.630000114440918,14.640000343322754,14.630000114440918,14.640000343322754,0,0.0,0.0,0.0
2025-05-09 01:05:00+00:00,14.640000343322754,14.640000343322754,14.619999885559082,14.619999885559082,17838,0.0,0.0,0.0
2025-05-09 01:10:00+00:00,14.619999885559082,14.619999885559082,14.619999885559082,14.619999885559082,3000,0.0,0.0,0.0
2025-05-09 01:15:00+00:00,14.630000114440918,14.630000114440918,14.630000114440918,14.630000114440918,14671,0.0,0.0,0.0
2025-05-09 01:20:00+00:00,14.619999885559082,14.619999885559082,14.609999656677246,14.619999885559082,10111,0.0,0.0,0.0
2025-05-09 01:25:00+00:00,14.619999885559082,14.619999885559082,14.619999885559082,14.619999885559082,3100,0.0,0.0,0.0
2025-05-09 01:30:00+00:00,14.609999656677246,14.609999656677246,14.600000381469727,14.600000381469727,16210,0.0,0.0,0.0
2025-05-09 01:35:00+00:00,14.609999656677246,14.609999656677246,14.609999656677246,14.609999656677246,5335,0.0,0.0,0.0
2025-05-09 01:40:00+00:00,14.609999656677246,14.640000343322754,14.609999656677246,14.640000343322754,184000,0.0,0.0,0.0
2025-05-09 01:45:00+00:00,14.649999618530273,14.649999618530273,14.649999618530273,14.649999618530273,3100,0.0,0.0,0.0
2025-05-09 01:50:00+00:00,14.649999618530273,14.649999618530273,14.649999618530273,14.649999618530273,1090,0.0,0.0,0.0
2025-05-09 02:00:00+00:00,14.649999618530273,14.649999618530273,14.640000343322754,14.640000343322754,4338,0.0,0.0,0.0
2025-05-09 02:10:00+00:00,14.640000343322754,14.640000343322754,14.640000343322754,14.640000343322754,8302,0.0,0.0,0.0
2025-05-09 02:15:00+00:00,14.640000343322754,14.640000343322754,14.640000343322754,14.640000343322754,7300,0.0,0.0,0.0
2025-05-09 02:20:00+00:00,14.640000343322754,14.640000343322754,14.640000343322754,14.640000343322754,1005,0.0,0.0,0.0
2025-05-09 02:25:00+00:00,14.640000343322754,14.65999984741211,14.640000343322754,14.65999984741211,43000,0.0,0.0,0.0
2025-05-09 02:30:00+00:00,14.670000076293945,14.6899995803833,14.670000076293945,14.6899995803833,11854,0.0,0.0,0.0
2025-05-09 02:35:00+00:00,14.680000305175781,14.680000305175781,14.680000305175781,14.680000305175781,1863,0.0,0.0,0.0
2025-05-09 02:40:00+00:00,14.680000305175781,14.680000305175781,14.680000305175781,14.680000305175781,2900,0.0,0.0,0.0
2025-05-09 02:45:00+00:00,14.6899995803833,14.699999809265137,14.6899995803833,14.699999809265137,83670,0.0,0.0,0.0
2025-05-09 02:55:00+00:00,14.699999809265137,14.710000038146973,14.699999809265137,14.710000038146973,22500,0.0,0.0,0.0
2025-05-09 03:00:00+00:00,14.720000267028809,14.720000267028809,14.720000267028809,14.720000267028809,12232,0.0,0.0,0.0
2025-05-09 03:10:00+00:00,14.720000267028809,14.729999542236328,14.720000267028809,14.729999542236328,56999,0.0,0.0,0.0
2025-05-09 03:15:00+00:00,14.729999542236328,14.729999542236328,14.729999542236328,14.729999542236328,1974,0.0,0.0,0.0
2025-05-09 03:25:00+00:00,14.729999542236328,14.729999542236328,14.729999542236328,14.729999542236328,2602,0.0,0.0,0.0
2025-05-09 03:35:00+00:00,14.729999542236328,14.729999542236328,14.729999542236328,14.729999542236328,29577,0.0,0.0,0.0
2025-05-09 03:40:00+00:00,14.729999542236328,14.729999542236328,14.729999542236328,14.729999542236328,2000,0.0,0.0,0.0
2025-05-09 03:45:00+00:00,14.729999542236328,14.729999542236328,14.720000267028809,14.720000267028809,6000,0.0,0.0,0.0
2025-05-09 03:50:00+00:00,14.720000267028809,14.739999771118164,14.720000267028809,14.739999771118164,48050,0.0,0.0,0.0
2025-05-09 03:55:00+00:00,14.739999771118164,14.75,14.739999771118164,14.75,59839,0.0,0.0,0.0
2025-05-09 04:00:00+00:00,14.760000228881836,14.760000228881836,14.75,14.75,2360,0.0,0.0,0.0
2025-05-09 04:05:00+00:00,14.75,14.75,14.75,14.75,13000,0.0,0.0,0.0
2025-05-09 04:10:00+00:00,14.760000228881836,14.760000228881836,14.75,14.75,37840,0.0,0.0,0.0
2025-05-09 04:15:00+00:00,14.760000228881836,14.770000457763672,14.760000228881836,14.770000457763672,15357,0.0,0.0,0.0
2025-05-09 04:20:00+00:00,14.760000228881836,14.760000228881836,14.760000228881836,14.760000228881836,5000,0.0,0.0,0.0
2025-05-09 04:25:00+00:00,14.760000228881836,14.760000228881836,14.760000228881836,14.760000228881836,3345,0.0,0.0,0.0
2025-05-09 04:30:00+00:00,14.760000228881836,14.770000457763672,14.760000228881836,14.770000457763672,76707,0.0,0.0,0.0
2025-05-09 04:45:00+00:00,14.760000228881836,14.770000457763672,14.75,14.75,10036,0.0,0.0,0.0
2025-05-09 04:50:00+00:00,14.770000457763672,14.770000457763672,14.770000457763672,14.770000457763672,1317,0.0,0.0,0.0
2025-05-09 04:55:00+00:00,14.770000457763672,14.770000457763672,14.770000457763672,14.770000457763672,8748,0.0,0.0,0.0
2025-05-09 05:05:00+00:00,14.770000457763672,14.770000457763672,14.770000457763672,14.770000457763672,3439,0.0,0.0,0.0
2025-05-09 05:10:00+00:00,14.770000457763672,14.770000457763672,14.770000457763672,14.770000457763672,1574,0.0,0.0,0.0
2025-05-09 05:15:00+00:00,14.770000457763672,14.770000457763672,14.770000457763672,14.770000457763672,23187,0.0,0.0,0.0
2025-05-09 05:20:00+00:00,14.760000228881836,14.760000228881836,14.760000228881836,14.760000228881836,1230,0.0,0.0,0.0
2025-05-12 01:00:00+00:00,14.84000015258789,14.880000114440918,14.84000015258789,14.880000114440918,0,0.0,0.0,0.0
2025-05-12 01:05:00+00:00,14.880000114440918,14.890000343322754,14.880000114440918,14.890000343322754,141821,0.0,0.0,0.0
2025-05-12 01:10:00+00:00,14.890000343322754,14.899999618530273,14.890000343322754,14.899999618530273,28100,0.0,0.0,0.0
2025-05-12 01:15:00+00:00,14.920000076293945,14.920000076293945,14.920000076293945,14.920000076293945,9215,0.0,0.0,0.0
2025-05-12 01:20:00+00:00,14.920000076293945,14.920000076293945,14.890000343322754,14.890000343322754,59019,0.0,0.0,0.0
2025-05-12 01:25:00+00:00,14.890000343322754,14.90999984741211,14.890000343322754,14.90999984741211,16693,0.0,0.0,0.0
2025-05-12 01:35:00+00:00,14.880000114440918,14.880000114440918,14.869999885559082,14.869999885559082,26508,0.0,0.0,0.0
2025-05-12 01:45:00+00:00,14.880000114440918,14.899999618530273,14.880000114440918,14.899999618530273,99000,0.0,0.0,0.0
2025-05-12 01:50:00+00:00,14.899999618530273,14.899999618530273,14.899999618530273,14.899999618530273,4191,0.0,0.0,0.0
2025-05-12 01:55:00+00:00,14.890000343322754,14.890000343322754,14.880000114440918,14.880000114440918,8381,0.0,0.0,0.0
2025-05-12 02:00:00+00:00,14.899999618530273,14.899999618530273,14.899999618530273,14.899999618530273,1000,0.0,0.0,0.0
2025-05-12 02:05:00+00:00,14.890000343322754,14.890000343322754,14.890000343322754,14.890000343322754,40261,0.0,0.0,0.0
2025-05-12 02:15:00+00:00,14.890000343322754,14.890000343322754,14.890000343322754,14.890000343322754,4280,0.0,0.0,0.0
2025-05-12 02:25:00+00:00,14.880000114440918,14.880000114440918,14.880000114440918,14.880000114440918,1292,0.0,0.0,0.0
2025-05-12 02:35:00+00:00,14.880000114440918,14.880000114440918,14.869999885559082,14.869999885559082,14238,0.0,0.0,0.0
2025-05-12 02:40:00+00:00,14.869999885559082,14.869999885559082,14.869999885559082,14.869999885559082,6000,0.0,0.0,0.0
2025-05-12 02:45:00+00:00,14.869999885559082,14.869999885559082,14.869999885559082,14.869999885559082,10235,0.0,0.0,0.0
2025-05-12 02:50:00+00:00,14.869999885559082,14.869999885559082,14.869999885559082,14.869999885559082,4310,0.0,0.0,0.0
2025-05-12 02:55:00+00:00,14.869999885559082,14.869999885559082,14.859999656677246,14.859999656677246,75025,0.0,0.0,0.0
2025-05-12 03:00:00+00:00,14.869999885559082,14.869999885559082,14.869999885559082,14.869999885559082,2100,0.0,0.0,0.0
2025-05-12 03:05:00+00:00,14.869999885559082,14.869999885559082,14.869999885559082,14.869999885559082,1167,0.0,0.0,0.0
2025-05-12 03:10:00+00:00,14.880000114440918,14.880000114440918,14.880000114440918,14.880000114440918,13321,0.0,0.0,0.0
2025-05-12 03:25:00+00:00,14.880000114440918,14.880000114440918,14.869999885559082,14.869999885559082,8000,0.0,0.0,0.0
2025-05-12 03:30:00+00:00,14.859999656677246,14.859999656677246,14.859999656677246,14.859999656677246,10310,0.0,0.0,0.0
2025-05-12 03:35:00+00:00,14.859999656677246,14.859999656677246,14.859999656677246,14.859999656677246,1000,0.0,0.0,0.0
2025-05-12 03:40:00+00:00,14.859999656677246,14.869999885559082,14.859999656677246,14.869999885559082,33000,0.0,0.0,0.0
2025-05-12 03:50:00+00:00,14.880000114440918,14.880000114440918,14.880000114440918,14.880000114440918,2005,0.0,0.0,0.0
2025-05-12 03:55:00+00:00,14.880000114440918,14.880000114440918,14.869999885559082,14.880000114440918,22250,0.0,0.0,0.0
2025-05-12 04:00:00+00:00,14.890000343322754,14.890000343322754,14.890000343322754,14.890000343322754,1000,0.0,0.0,0.0
2025-05-12 04:05:00+00:00,14.880000114440918,14.890000343322754,14.880000114440918,14.890000343322754,10270,0.0,0.0,0.0
2025-05-12 04:20:00+00:00,14.890000343322754,14.890000343322754,14.890000343322754,14.890000343322754,12435,0.0,0.0,0.0
2025-05-12 04:30:00+00:00,14.890000343322754,14.890000343322754,14.890000343322754,14.890000343322754,6461,0.0,0.0,0.0
2025-05-12 04:40:00+00:00,14.890000343322754,14.890000343322754,14.890000343322754,14.890000343322754,2050,0.0,0.0,0.0
2025-05-12 04:45:00+00:00,14.890000343322754,14.890000343322754,14.890000343322754,14.890000343322754,10022,0.0,0.0,0.0
2025-05-12 04:50:00+00:00,14.890000343322754,14.890000343322754,14.890000343322754,14.890000343322754,1078,0.0,0.0,0.0
2025-05-12 05:00:00+00:00,14.880000114440918,14.880000114440918,14.880000114440918,14.880000114440918,1000,0.0,0.0,0.0
2025-05-12 05:05:00+00:00,14.880000114440918,14.890000343322754,14.880000114440918,14.890000343322754,11000,0.0,0.0,0.0
2025-05-12 05:10:00+00:00,14.880000114440918,14.880000114440918,14.880000114440918,14.880000114440918,17110,0.0,0.0,0.0
2025-05-12 05:15:00+00:00,14.880000114440918,14.880000114440918,14.880000114440918,14.880000114440918,1230,0.0,0.0,0.0
2025-05-12 05:20:00+00:00,14.890000343322754,14.899999618530273,14.890000343322754,14.899999618530273,70488,0.0,0.0,0.0
2025-05-13 01:00:00+00:00,15.079999923706055,15.079999923706055,15.029999732971191,15.029999732971191,0,0.0,0.0,0.0
2025-05-13 01:05:00+00:00,15.029999732971191,15.039999961853027,15.0,15.0,14854,0.0,0.0,0.0
2025-05-13 01:10:00+00:00,15.0,15.029999732971191,15.0,15.0,206404,0.0,0.0,0.0
2025-05-13 01:15:00+00:00,15.0,15.020000457763672,15.0,15.020000457763672,19946,0.0,0.0,0.0
2025-05-13 01:20:00+00:00,15.029999732971191,15.029999732971191,15.020000457763672,15.020000457763672,11264,0.0,0.0,0.0
2025-05-13 01:25:00+00:00,15.020000457763672,15.020000457763672,15.0,15.010000228881836,132310,0.0,0.0,0.0
2025-05-13 01:30:00+00:00,15.020000457763672,15.029999732971191,15.010000228881836,15.029999732971191,28316,0.0,0.0,0.0
2025-05-13 01:35:00+00:00,15.029999732971191,15.050000190734863,15.029999732971191,15.039999961853027,171798,0.0,0.0,0.0
2025-05-13 01:40:00+00:00,15.039999961853027,15.039999961853027,15.029999732971191,15.039999961853027,197900,0.0,0.0,0.0
2025-05-13 01:45:00+00:00,15.050000190734863,15.050000190734863,15.050000190734863,15.050000190734863,33552,0.0,0.0,0.0
2025-05-13 01:50:00+00:00,15.0600004196167,15.0600004196167,15.050000190734863,15.050000190734863,25600,0.0,0.0,0.0
2025-05-13 01:55:00+00:00,15.039999961853027,15.050000190734863,15.039999961853027,15.039999961853027,118000,0.0,0.0,0.0
2025-05-13 02:00:00+00:00,15.0600004196167,15.069999694824219,15.050000190734863,15.050000190734863,12858,0.0,0.0,0.0
2025-05-13 02:05:00+00:00,15.050000190734863,15.050000190734863,15.050000190734863,15.050000190734863,22153,0.0,0.0,0.0
2025-05-13 02:10:00+00:00,15.050000190734863,15.050000190734863,15.050000190734863,15.050000190734863,6798,0.0,0.0,0.0
2025-05-13 02:15:00+00:00,15.050000190734863,15.069999694824219,15.050000190734863,15.069999694824219,3200,0.0,0.0,0.0
2025-05-13 02:20:00+00:00,15.029999732971191,15.0600004196167,15.029999732971191,15.050000190734863,10573,0.0,0.0,0.0
2025-05-13 02:25:00+00:00,15.020000457763672,15.020000457763672,15.020000457763672,15.020000457763672,39566,0.0,0.0,0.0
2025-05-13 02:30:00+00:00,15.039999961853027,15.039999961853027,15.029999732971191,15.029999732971191,4240,0.0,0.0,0.0
2025-05-13 02:35:00+00:00,15.029999732971191,15.029999732971191,15.029999732971191,15.029999732971191,3231,0.0,0.0,0.0
2025-05-13 02:40:00+00:00,15.029999732971191,15.029999732971191,15.029999732971191,15.029999732971191,1000,0.0,0.0,0.0
2025-05-13 02:45:00+00:00,15.039999961853027,15.039999961853027,15.039999961853027,15.039999961853027,2449,0.0,0.0,0.0
2025-05-13 03:00:00+00:00,15.039999961853027,15.039999961853027,15.020000457763672,15.020000457763672,4110,0.0,0.0,0.0
2025-05-13 03:05:00+00:00,15.010000228881836,15.010000228881836,14.989999771118164,14.989999771118164,25101,0.0,0.0,0.0
2025-05-13 03:10:00+00:00,14.979999542236328,14.979999542236328,14.979999542236328,14.979999542236328,5140,0.0,0.0,0.0
2025-05-13 03:15:00+00:00,14.989999771118164,14.989999771118164,14.989999771118164,14.989999771118164,2173,0.0,0.0,0.0
2025-05-13 03:20:00+00:00,14.989999771118164,15.0,14.989999771118164,15.0,12227,0.0,0.0,0.0
2025-05-13 03:25:00+00:00,15.0,15.010000228881836,15.0,15.010000228881836,7198,0.0,0.0,0.0
2025-05-13 03:35:00+00:00,15.0,15.0,15.0,15.0,2105,0.0,0.0,0.0
2025-05-13 03:40:00+00:00,15.0,15.0,15.0,15.0,13195,0.0,0.0,0.0
2025-05-13 03:45:00+00:00,15.0,15.010000228881836,14.989999771118164,14.989999771118164,10305,0.0,0.0,0.0
2025-05-13 03:55:00+00:00,14.989999771118164,14.989999771118164,14.989999771118164,14.989999771118164,1000,0.0,0.0,0.0
2025-05-13 04:00:00+00:00,15.0,15.0,15.0,15.0,31097,0.0,0.0,0.0
2025-05-13 04:05:00+00:00,15.0,15.0,15.0,15.0,3010,0.0,0.0,0.0
2025-05-13 04:10:00+00:00,14.989999771118164,14.989999771118164,14.989999771118164,14.989999771118164,60646,0.0,0.0,0.0
2025-05-13 04:15:00+00:00,15.0,15.0,15.0,15.0,23000,0.0,0.0,0.0
2025-05-13 04:20:00+00:00,15.010000228881836,15.010000228881836,15.010000228881836,15.010000228881836,13299,0.0,0.0,0.0
2025-05-13 04:25:00+00:00,15.010000228881836,15.010000228881836,15.010000228881836,15.010000228881836,20349,0.0,0.0,0.0
2025-05-13 04:30:00+00:00,15.010000228881836,15.020000457763672,15.010000228881836,15.020000457763672,9340,0.0,0.0,0.0
2025-05-13 04:50:00+00:00,15.020000457763672,15.020000457763672,15.020000457763672,15.020000457763672,7207,0.0,0.0,0.0
2025-05-13 05:00:00+00:00,15.020000457763672,15.020000457763672,15.020000457763672,15.020000457763672,1097,0.0,0.0,0.0
2025-05-13 05:05:00+00:00,15.010000228881836,15.010000228881836,15.010000228881836,15.010000228881836,2000,0.0,0.0,0.0
2025-05-13 05:10:00+00:00,15.010000228881836,15.010000228881836,15.010000228881836,15.010000228881836,15020,0.0,0.0,0.0
2025-05-13 05:15:00+00:00,15.010000228881836,15.010000228881836,15.010000228881836,15.010000228881836,119633,0.0,0.0,0.0
2025-05-13 05:20:00+00:00,15.010000228881836,15.020000457763672,15.010000228881836,15.020000457763672,39637,0.0,0.0,0.0
2025-05-14 01:00:00+00:00,15.100000381469727,15.140000343322754,15.100000381469727,15.140000343322754,0,0.0,0.0,0.0
2025-05-14 01:05:00+00:00,15.130000114440918,15.140000343322754,15.100000381469727,15.100000381469727,124645,0.0,0.0,0.0
2025-05-14 01:10:00+00:00,15.100000381469727,15.100000381469727,15.09000015258789,15.09000015258789,4008,0.0,0.0,0.0
2025-05-14 01:15:00+00:00,15.050000190734863,15.079999923706055,15.050000190734863,15.069999694824219,10050,0.0,0.0,0.0
2025-05-14 01:20:00+00:00,15.09000015258789,15.09000015258789,15.09000015258789,15.09000015258789,20688,0.0,0.0,0.0
2025-05-14 01:25:00+00:00,15.09000015258789,15.109999656677246,15.09000015258789,15.109999656677246,29071,0.0,0.0,0.0
2025-05-14 01:30:00+00:00,15.109999656677246,15.119999885559082,15.109999656677246,15.119999885559082,36406,0.0,0.0,0.0
2025-05-14 01:35:00+00:00,15.130000114440918,15.140000343322754,15.130000114440918,15.140000343322754,57000,0.0,0.0,0.0
2025-05-14 01:40:00+00:00,15.140000343322754,15.170000076293945,15.140000343322754,15.170000076293945,163600,0.0,0.0,0.0
2025-05-14 01:45:00+00:00,15.170000076293945,15.170000076293945,15.15999984741211,15.15999984741211,10061,0.0,0.0,0.0
2025-05-14 01:50:00+00:00,15.170000076293945,15.170000076293945,15.170000076293945,15.170000076293945,45455,0.0,0.0,0.0
2025-05-14 01:55:00+00:00,15.15999984741211,15.15999984741211,15.15999984741211,15.15999984741211,100280,0.0,0.0,0.0
2025-05-14 02:00:00+00:00,15.15999984741211,15.15999984741211,15.15999984741211,15.15999984741211,16000,0.0,0.0,0.0
2025-05-14 02:05:00+00:00,15.170000076293945,15.1899995803833,15.170000076293945,15.1899995803833,95800,0.0,0.0,0.0
2025-05-14 02:10:00+00:00,15.180000305175781,15.180000305175781,15.180000305175781,15.180000305175781,3035,0.0,0.0,0.0
2025-05-14 02:15:00+00:00,15.180000305175781,15.1899995803833,15.180000305175781,15.1899995803833,14000,0.0,0.0,0.0
2025-05-14 02:20:00+00:00,15.180000305175781,15.180000305175781,15.180000305175781,15.180000305175781,3185,0.0,0.0,0.0
2025-05-14 02:25:00+00:00,15.1899995803833,15.1899995803833,15.180000305175781,15.180000305175781,105005,0.0,0.0,0.0
2025-05-14 02:30:00+00:00,15.170000076293945,15.170000076293945,15.149999618530273,15.149999618530273,7000,0.0,0.0,0.0
2025-05-14 02:40:00+00:00,15.149999618530273,15.149999618530273,15.140000343322754,15.140000343322754,45040,0.0,0.0,0.0
2025-05-14 02:45:00+00:00,15.130000114440918,15.130000114440918,15.130000114440918,15.130000114440918,65555,0.0,0.0,0.0
2025-05-14 02:50:00+00:00,15.109999656677246,15.119999885559082,15.109999656677246,15.119999885559082,12100,0.0,0.0,0.0
2025-05-14 02:55:00+00:00,15.130000114440918,15.140000343322754,15.130000114440918,15.140000343322754,111302,0.0,0.0,0.0
2025-05-14 03:00:00+00:00,15.140000343322754,15.140000343322754,15.140000343322754,15.140000343322754,2000,0.0,0.0,0.0
2025-05-14 03:05:00+00:00,15.149999618530273,15.149999618530273,15.140000343322754,15.149999618530273,53000,0.0,0.0,0.0
2025-05-14 03:10:00+00:00,15.149999618530273,15.15999984741211,15.149999618530273,15.15999984741211,21980,0.0,0.0,0.0
2025-05-14 03:20:00+00:00,15.15999984741211,15.15999984741211,15.15999984741211,15.15999984741211,21012,0.0,0.0,0.0
2025-05-14 03:25:00+00:00,15.15999984741211,15.170000076293945,15.15999984741211,15.170000076293945,67000,0.0,0.0,0.0
2025-05-14 03:30:00+00:00,15.170000076293945,15.180000305175781,15.170000076293945,15.180000305175781,13070,0.0,0.0,0.0
2025-05-14 03:35:00+00:00,15.180000305175781,15.180000305175781,15.149999618530273,15.149999618530273,56000,0.0,0.0,0.0
2025-05-14 03:40:00+00:00,15.15999984741211,15.15999984741211,15.15999984741211,15.15999984741211,1000,0.0,0.0,0.0
2025-05-14 03:45:00+00:00,15.170000076293945,15.170000076293945,15.15999984741211,15.15999984741211,22170,0.0,0.0,0.0
2025-05-14 03:55:00+00:00,15.149999618530273,15.149999618530273,15.149999618530273,15.149999618530273,1000,0.0,0.0,0.0
2025-05-14 04:00:00+00:00,15.149999618530273,15.149999618530273,15.149999618530273,15.149999618530273,20100,0.0,0.0,0.0
2025-05-14 04:05:00+00:00,15.15999984741211,15.170000076293945,15.15999984741211,15.170000076293945,116204,0.0,0.0,0.0
2025-05-14 04:15:00+00:00,15.15999984741211,15.15999984741211,15.15999984741211,15.15999984741211,5293,0.0,0.0,0.0
2025-05-14 04:20:00+00:00,15.170000076293945,15.170000076293945,15.170000076293945,15.170000076293945,14654,0.0,0.0,0.0
2025-05-14 04:25:00+00:00,15.170000076293945,15.180000305175781,15.15999984741211,15.180000305175781,95527,0.0,0.0,0.0
2025-05-14 04:30:00+00:00,15.1899995803833,15.1899995803833,15.1899995803833,15.1899995803833,21100,0.0,0.0,0.0
2025-05-14 04:35:00+00:00,15.1899995803833,15.1899995803833,15.1899995803833,15.1899995803833,10000,0.0,0.0,0.0
2025-05-14 04:40:00+00:00,15.1899995803833,15.1899995803833,15.1899995803833,15.1899995803833,27114,0.0,0.0,0.0
2025-05-14 04:45:00+00:00,15.180000305175781,15.180000305175781,15.180000305175781,15.180000305175781,30010,0.0,0.0,0.0
2025-05-14 04:50:00+00:00,15.180000305175781,15.180000305175781,15.170000076293945,15.180000305175781,5148,0.0,0.0,0.0
2025-05-14 05:00:00+00:00,15.180000305175781,15.180000305175781,15.170000076293945,15.170000076293945,8382,0.0,0.0,0.0
2025-05-14 05:05:00+00:00,15.170000076293945,15.180000305175781,15.170000076293945,15.180000305175781,106248,0.0,0.0,0.0
2025-05-14 05:10:00+00:00,15.170000076293945,15.170000076293945,15.170000076293945,15.170000076293945,13002,0.0,0.0,0.0
2025-05-14 05:15:00+00:00,15.170000076293945,15.170000076293945,15.170000076293945,15.170000076293945,8196,0.0,0.0,0.0
2025-05-14 05:20:00+00:00,15.170000076293945,15.1899995803833,15.170000076293945,15.170000076293945,18553,0.0,0.0,0.0
2025-05-15 01:00:00+00:00,15.210000038146973,15.25,15.210000038146973,15.25,0,0.0,0.0,0.0
2025-05-15 01:05:00+00:00,15.239999771118164,15.270000457763672,15.229999542236328,15.229999542236328,50737,0.0,0.0,0.0
2025-05-15 01:10:00+00:00,15.239999771118164,15.239999771118164,15.239999771118164,15.239999771118164,29147,0.0,0.0,0.0
2025-05-15 01:15:00+00:00,15.25,15.260000228881836,15.25,15.260000228881836,11040,0.0,0.0,0.0
2025-05-15 01:20:00+00:00,15.220000267028809,15.220000267028809,15.199999809265137,15.199999809265137,113315,0.0,0.0,0.0
2025-05-15 01:25:00+00:00,15.1899995803833,15.1899995803833,15.1899995803833,15.1899995803833,3044,0.0,0.0,0.0
2025-05-15 01:30:00+00:00,15.15999984741211,15.1899995803833,15.15999984741211,15.1899995803833,28806,0.0,0.0,0.0
2025-05-15 01:35:00+00:00,15.1899995803833,15.210000038146973,15.1899995803833,15.199999809265137,30083,0.0,0.0,0.0
2025-05-15 01:40:00+00:00,15.199999809265137,15.239999771118164,15.199999809265137,15.239999771118164,47109,0.0,0.0,0.0
2025-05-15 01:45:00+00:00,15.25,15.260000228881836,15.25,15.25,80980,0.0,0.0,0.0
2025-05-15 01:50:00+00:00,15.25,15.25,15.25,15.25,203688,0.0,0.0,0.0
2025-05-15 01:55:00+00:00,15.239999771118164,15.239999771118164,15.239999771118164,15.239999771118164,33180,0.0,0.0,0.0
2025-05-15 02:00:00+00:00,15.220000267028809,15.220000267028809,15.210000038146973,15.210000038146973,102320,0.0,0.0,0.0
2025-05-15 02:10:00+00:00,15.210000038146973,15.210000038146973,15.210000038146973,15.210000038146973,13000,0.0,0.0,0.0
2025-05-15 02:15:00+00:00,15.220000267028809,15.220000267028809,15.220000267028809,15.220000267028809,12000,0.0,0.0,0.0
2025-05-15 02:20:00+00:00,15.210000038146973,15.210000038146973,15.210000038146973,15.210000038146973,100006,0.0,0.0,0.0
2025-05-15 02:30:00+00:00,15.210000038146973,15.220000267028809,15.210000038146973,15.220000267028809,44028,0.0,0.0,0.0
2025-05-15 02:35:00+00:00,15.220000267028809,15.220000267028809,15.220000267028809,15.220000267028809,7000,0.0,0.0,0.0
2025-05-15 02:40:00+00:00,15.220000267028809,15.229999542236328,15.220000267028809,15.229999542236328,21815,0.0,0.0,0.0
2025-05-15 02:45:00+00:00,15.220000267028809,15.229999542236328,15.220000267028809,15.229999542236328,17233,0.0,0.0,0.0
2025-05-15 02:50:00+00:00,15.239999771118164,15.25,15.239999771118164,15.239999771118164,20068,0.0,0.0,0.0
2025-05-15 02:55:00+00:00,15.239999771118164,15.25,15.239999771118164,15.25,33009,0.0,0.0,0.0
2025-05-15 03:00:00+00:00,15.260000228881836,15.260000228881836,15.260000228881836,15.260000228881836,6082,0.0,0.0,0.0
2025-05-15 03:15:00+00:00,15.25,15.25,15.25,15.25,13000,0.0,0.0,0.0
2025-05-15 03:20:00+00:00,15.25,15.25,15.239999771118164,15.239999771118164,8007,0.0,0.0,0.0
2025-05-15 03:25:00+00:00,15.239999771118164,15.239999771118164,15.239999771118164,15.239999771118164,2000,0.0,0.0,0.0
2025-05-15 03:30:00+00:00,15.239999771118164,15.239999771118164,15.239999771118164,15.239999771118164,9500,0.0,0.0,0.0
2025-05-15 03:35:00+00:00,15.229999542236328,15.229999542236328,15.229999542236328,15.229999542236328,1000,0.0,0.0,0.0
2025-05-15 03:40:00+00:00,15.229999542236328,15.229999542236328,15.220000267028809,15.220000267028809,6100,0.0,0.0,0.0
2025-05-15 03:45:00+00:00,15.229999542236328,15.229999542236328,15.229999542236328,15.229999542236328,3000,0.0,0.0,0.0
2025-05-15 03:55:00+00:00,15.229999542236328,15.229999542236328,15.229999542236328,15.229999542236328,29561,0.0,0.0,0.0
2025-05-15 04:05:00+00:00,15.229999542236328,15.229999542236328,15.229999542236328,15.229999542236328,1010,0.0,0.0,0.0
2025-05-15 04:10:00+00:00,15.229999542236328,15.229999542236328,15.229999542236328,15.229999542236328,8000,0.0,0.0,0.0
2025-05-15 04:15:00+00:00,15.229999542236328,15.229999542236328,15.229999542236328,15.229999542236328,6000,0.0,0.0,0.0
2025-05-15 04:20:00+00:00,15.229999542236328,15.229999542236328,15.229999542236328,15.229999542236328,2229,0.0,0.0,0.0
2025-05-15 04:25:00+00:00,15.229999542236328,15.229999542236328,15.229999542236328,15.229999542236328,4000,0.0,0.0,0.0
2025-05-15 04:30:00+00:00,15.229999542236328,15.229999542236328,15.220000267028809,15.220000267028809,17000,0.0,0.0,0.0
2025-05-15 04:35:00+00:00,15.229999542236328,15.229999542236328,15.220000267028809,15.220000267028809,22100,0.0,0.0,0.0
2025-05-15 04:40:00+00:00,15.220000267028809,15.229999542236328,15.220000267028809,15.229999542236328,14090,0.0,0.0,0.0
2025-05-15 04:45:00+00:00,15.229999542236328,15.229999542236328,15.229999542236328,15.229999542236328,11000,0.0,0.0,0.0
2025-05-15 04:50:00+00:00,15.220000267028809,15.229999542236328,15.220000267028809,15.229999542236328,16500,0.0,0.0,0.0
2025-05-15 04:55:00+00:00,15.229999542236328,15.229999542236328,15.229999542236328,15.229999542236328,1000,0.0,0.0,0.0
2025-05-15 05:00:00+00:00,15.229999542236328,15.229999542236328,15.229999542236328,15.229999542236328,10632,0.0,0.0,0.0
2025-05-15 05:05:00+00:00,15.229999542236328,15.229999542236328,15.229999542236328,15.229999542236328,26063,0.0,0.0,0.0
2025-05-15 05:10:00+00:00,15.229999542236328,15.229999542236328,15.229999542236328,15.229999542236328,6000,0.0,0.0,0.0
2025-05-15 05:15:00+00:00,15.229999542236328,15.229999542236328,15.229999542236328,15.229999542236328,9710,0.0,0.0,0.0
2025-05-15 05:20:00+00:00,15.239999771118164,15.239999771118164,15.229999542236328,15.229999542236328,7000,0.0,0.0,0.0
2025-05-16 01:00:00+00:00,15.270000457763672,15.289999961853027,15.270000457763672,15.289999961853027,0,0.0,0.0,0.0
2025-05-16 01:05:00+00:00,15.270000457763672,15.270000457763672,15.270000457763672,15.270000457763672,10613,0.0,0.0,0.0
2025-05-16 01:10:00+00:00,15.270000457763672,15.270000457763672,15.270000457763672,15.270000457763672,90070,0.0,0.0,0.0
2025-05-16 01:15:00+00:00,15.279999732971191,15.300000190734863,15.279999732971191,15.300000190734863,142825,0.0,0.0,0.0
2025-05-16 01:20:00+00:00,15.300000190734863,15.300000190734863,15.300000190734863,15.300000190734863,47100,0.0,0.0,0.0
2025-05-16 01:25:00+00:00,15.300000190734863,15.3100004196167,15.300000190734863,15.3100004196167,36201,0.0,0.0,0.0
2025-05-16 01:30:00+00:00,15.3100004196167,15.3100004196167,15.300000190734863,15.3100004196167,20750,0.0,0.0,0.0
2025-05-16 01:35:00+00:00,15.319999694824219,15.359999656677246,15.319999694824219,15.359999656677246,113439,0.0,0.0,0.0
2025-05-16 01:40:00+00:00,15.350000381469727,15.359999656677246,15.350000381469727,15.359999656677246,5480,0.0,0.0,0.0
2025-05-16 01:45:00+00:00,15.369999885559082,15.380000114440918,15.359999656677246,15.359999656677246,32185,0.0,0.0,0.0
2025-05-16 01:50:00+00:00,15.350000381469727,15.350000381469727,15.350000381469727,15.350000381469727,1065,0.0,0.0,0.0
2025-05-16 01:55:00+00:00,15.359999656677246,15.380000114440918,15.350000381469727,15.380000114440918,71139,0.0,0.0,0.0
2025-05-16 02:00:00+00:00,15.390000343322754,15.399999618530273,15.380000114440918,15.380000114440918,11500,0.0,0.0,0.0
2025-05-16 02:05:00+00:00,15.380000114440918,15.380000114440918,15.380000114440918,15.380000114440918,2038,0.0,0.0,0.0
2025-05-16 02:10:00+00:00,15.369999885559082,15.369999885559082,15.369999885559082,15.369999885559082,7000,0.0,0.0,0.0
2025-05-16 02:15:00+00:00,15.369999885559082,15.369999885559082,15.369999885559082,15.369999885559082,3118,0.0,0.0,0.0
2025-05-16 02:20:00+00:00,15.369999885559082,15.390000343322754,15.369999885559082,15.380000114440918,78025,0.0,0.0,0.0
2025-05-16 02:25:00+00:00,15.390000343322754,15.390000343322754,15.390000343322754,15.390000343322754,4018,0.0,0.0,0.0
2025-05-16 02:30:00+00:00,15.399999618530273,15.399999618530273,15.399999618530273,15.399999618530273,109100,0.0,0.0,0.0
2025-05-16 02:35:00+00:00,15.40999984741211,15.430000305175781,15.40999984741211,15.430000305175781,88430,0.0,0.0,0.0
2025-05-16 02:40:00+00:00,15.430000305175781,15.430000305175781,15.430000305175781,15.430000305175781,22000,0.0,0.0,0.0
2025-05-16 02:45:00+00:00,15.4399995803833,15.4399995803833,15.430000305175781,15.430000305175781,4351,0.0,0.0,0.0
2025-05-16 02:50:00+00:00,15.40999984741211,15.40999984741211,15.40999984741211,15.40999984741211,13580,0.0,0.0,0.0
2025-05-16 02:55:00+00:00,15.420000076293945,15.420000076293945,15.420000076293945,15.420000076293945,4017,0.0,0.0,0.0
2025-05-16 03:00:00+00:00,15.420000076293945,15.420000076293945,15.40999984741211,15.40999984741211,5300,0.0,0.0,0.0
2025-05-16 03:05:00+00:00,15.40999984741211,15.420000076293945,15.40999984741211,15.420000076293945,31027,0.0,0.0,0.0
2025-05-16 03:10:00+00:00,15.430000305175781,15.4399995803833,15.430000305175781,15.4399995803833,76300,0.0,0.0,0.0
2025-05-16 03:15:00+00:00,15.449999809265137,15.449999809265137,15.4399995803833,15.449999809265137,94380,0.0,0.0,0.0
2025-05-16 03:20:00+00:00,15.449999809265137,15.460000038146973,15.449999809265137,15.449999809265137,7991,0.0,0.0,0.0
2025-05-16 03:25:00+00:00,15.460000038146973,15.460000038146973,15.460000038146973,15.460000038146973,20018,0.0,0.0,0.0
2025-05-16 03:30:00+00:00,15.449999809265137,15.449999809265137,15.449999809265137,15.449999809265137,18118,0.0,0.0,0.0
2025-05-16 03:35:00+00:00,15.4399995803833,15.4399995803833,15.420000076293945,15.420000076293945,205729,0.0,0.0,0.0
2025-05-16 03:40:00+00:00,15.40999984741211,15.40999984741211,15.399999618530273,15.399999618530273,7088,0.0,0.0,0.0
2025-05-16 03:45:00+00:00,15.399999618530273,15.399999618530273,15.399999618530273,15.399999618530273,29002,0.0,0.0,0.0
2025-05-16 03:50:00+00:00,15.399999618530273,15.399999618530273,15.399999618530273,15.399999618530273,10119,0.0,0.0,0.0
2025-05-16 03:55:00+00:00,15.390000343322754,15.390000343322754,15.390000343322754,15.390000343322754,33027,0.0,0.0,0.0
2025-05-16 04:05:00+00:00,15.399999618530273,15.399999618530273,15.399999618530273,15.399999618530273,8019,0.0,0.0,0.0
2025-05-16 04:10:00+00:00,15.399999618530273,15.399999618530273,15.399999618530273,15.399999618530273,1000,0.0,0.0,0.0
2025-05-16 04:15:00+00:00,15.399999618530273,15.399999618530273,15.399999618530273,15.399999618530273,40973,0.0,0.0,0.0
2025-05-16 04:25:00+00:00,15.399999618530273,15.399999618530273,15.399999618530273,15.399999618530273,10200,0.0,0.0,0.0
2025-05-16 04:30:00+00:00,15.399999618530273,15.40999984741211,15.399999618530273,15.40999984741211,29218,0.0,0.0,0.0
2025-05-16 04:35:00+00:00,15.40999984741211,15.420000076293945,15.40999984741211,15.420000076293945,24356,0.0,0.0,0.0
2025-05-16 04:40:00+00:00,15.420000076293945,15.420000076293945,15.420000076293945,15.420000076293945,3547,0.0,0.0,0.0
2025-05-16 04:45:00+00:00,15.420000076293945,15.430000305175781,15.420000076293945,15.430000305175781,7584,0.0,0.0,0.0
2025-05-16 04:55:00+00:00,15.399999618530273,15.399999618530273,15.399999618530273,15.399999618530273,74282,0.0,0.0,0.0
2025-05-16 05:00:00+00:00,15.399999618530273,15.40999984741211,15.399999618530273,15.40999984741211,65750,0.0,0.0,0.0
2025-05-16 05:05:00+00:00,15.40999984741211,15.40999984741211,15.40999984741211,15.40999984741211,6271,0.0,0.0,0.0
2025-05-16 05:10:00+00:00,15.40999984741211,15.40999984741211,15.40999984741211,15.40999984741211,9000,0.0,0.0,0.0
2025-05-16 05:15:00+00:00,15.40999984741211,15.40999984741211,15.40999984741211,15.40999984741211,30230,0.0,0.0,0.0
2025-05-16 05:20:00+00:00,15.40999984741211,15.40999984741211,15.399999618530273,15.40999984741211,14868,0.0,0.0,0.0
2025-05-19 01:00:00+00:00,15.369999885559082,15.399999618530273,15.350000381469727,15.359999656677246,0,0.0,0.0,0.0
2025-05-19 01:05:00+00:00,15.369999885559082,15.380000114440918,15.359999656677246,15.369999885559082,159093,0.0,0.0,0.0
2025-05-19 01:10:00+00:00,15.369999885559082,15.369999885559082,15.34000015258789,15.34000015258789,264890,0.0,0.0,0.0
2025-05-19 01:15:00+00:00,15.329999923706055,15.329999923706055,15.319999694824219,15.319999694824219,14440,0.0,0.0,0.0
2025-05-19 01:20:00+00:00,15.3100004196167,15.3100004196167,15.289999961853027,15.289999961853027,58646,0.0,0.0,0.0
2025-05-19 01:25:00+00:00,15.300000190734863,15.3100004196167,15.289999961853027,15.3100004196167,16265,0.0,0.0,0.0
2025-05-19 01:30:00+00:00,15.329999923706055,15.329999923706055,15.300000190734863,15.3100004196167,31098,0.0,0.0,0.0
2025-05-19 01:35:00+00:00,15.3100004196167,15.329999923706055,15.3100004196167,15.319999694824219,23335,0.0,0.0,0.0
2025-05-19 01:40:00+00:00,15.319999694824219,15.319999694824219,15.3100004196167,15.3100004196167,37114,0.0,0.0,0.0
2025-05-19 01:45:00+00:00,15.319999694824219,15.319999694824219,15.300000190734863,15.300000190734863,145100,0.0,0.0,0.0
2025-05-19 01:50:00+00:00,15.3100004196167,15.3100004196167,15.289999961853027,15.289999961853027,33477,0.0,0.0,0.0
2025-05-19 01:55:00+00:00,15.289999961853027,15.289999961853027,15.289999961853027,15.289999961853027,6384,0.0,0.0,0.0
2025-05-19 02:00:00+00:00,15.289999961853027,15.300000190734863,15.279999732971191,15.300000190734863,40575,0.0,0.0,0.0
2025-05-19 02:05:00+00:00,15.3100004196167,15.319999694824219,15.3100004196167,15.319999694824219,19176,0.0,0.0,0.0
2025-05-19 02:10:00+00:00,15.319999694824219,15.319999694824219,15.3100004196167,15.319999694824219,19117,0.0,0.0,0.0
2025-05-19 02:15:00+00:00,15.329999923706055,15.350000381469727,15.329999923706055,15.350000381469727,11389,0.0,0.0,0.0
2025-05-19 02:20:00+00:00,15.350000381469727,15.350000381469727,15.34000015258789,15.34000015258789,12000,0.0,0.0,0.0
2025-05-19 02:25:00+00:00,15.350000381469727,15.359999656677246,15.350000381469727,15.359999656677246,10444,0.0,0.0,0.0
2025-05-19 02:30:00+00:00,15.359999656677246,15.369999885559082,15.350000381469727,15.350000381469727,113040,0.0,0.0,0.0
2025-05-19 02:35:00+00:00,15.350000381469727,15.359999656677246,15.350000381469727,15.359999656677246,11260,0.0,0.0,0.0
2025-05-19 02:40:00+00:00,15.359999656677246,15.359999656677246,15.359999656677246,15.359999656677246,4000,0.0,0.0,0.0
2025-05-19 02:45:00+00:00,15.369999885559082,15.369999885559082,15.369999885559082,15.369999885559082,3400,0.0,0.0,0.0
2025-05-19 02:55:00+00:00,15.359999656677246,15.359999656677246,15.359999656677246,15.359999656677246,1060,0.0,0.0,0.0
2025-05-19 03:00:00+00:00,15.369999885559082,15.369999885559082,15.369999885559082,15.369999885559082,2153,0.0,0.0,0.0
2025-05-19 03:05:00+00:00,15.359999656677246,15.359999656677246,15.359999656677246,15.359999656677246,1000,0.0,0.0,0.0
2025-05-19 03:10:00+00:00,15.350000381469727,15.350000381469727,15.329999923706055,15.329999923706055,35000,0.0,0.0,0.0
2025-05-19 03:15:00+00:00,15.329999923706055,15.329999923706055,15.319999694824219,15.319999694824219,3168,0.0,0.0,0.0
2025-05-19 03:20:00+00:00,15.329999923706055,15.329999923706055,15.319999694824219,15.319999694824219,20000,0.0,0.0,0.0
2025-05-19 03:25:00+00:00,15.319999694824219,15.319999694824219,15.319999694824219,15.319999694824219,25061,0.0,0.0,0.0
2025-05-19 03:30:00+00:00,15.300000190734863,15.300000190734863,15.300000190734863,15.300000190734863,100410,0.0,0.0,0.0
2025-05-19 03:35:00+00:00,15.279999732971191,15.279999732971191,15.279999732971191,15.279999732971191,7041,0.0,0.0,0.0
2025-05-19 03:45:00+00:00,15.279999732971191,15.279999732971191,15.279999732971191,15.279999732971191,7200,0.0,0.0,0.0
2025-05-19 03:50:00+00:00,15.279999732971191,15.279999732971191,15.279999732971191,15.279999732971191,1000,0.0,0.0,0.0
2025-05-19 03:55:00+00:00,15.300000190734863,15.300000190734863,15.300000190734863,15.300000190734863,13340,0.0,0.0,0.0
2025-05-19 04:15:00+00:00,15.300000190734863,15.300000190734863,15.300000190734863,15.300000190734863,20113,0.0,0.0,0.0
2025-05-19 04:20:00+00:00,15.279999732971191,15.279999732971191,15.279999732971191,15.279999732971191,10010,0.0,0.0,0.0
2025-05-19 04:25:00+00:00,15.279999732971191,15.279999732971191,15.279999732971191,15.279999732971191,2557,0.0,0.0,0.0
2025-05-19 04:30:00+00:00,15.270000457763672,15.279999732971191,15.270000457763672,15.279999732971191,4267,0.0,0.0,0.0
2025-05-19 04:35:00+00:00,15.279999732971191,15.279999732971191,15.279999732971191,15.279999732971191,6000,0.0,0.0,0.0
2025-05-19 04:40:00+00:00,15.270000457763672,15.270000457763672,15.270000457763672,15.270000457763672,9030,0.0,0.0,0.0
2025-05-19 04:45:00+00:00,15.279999732971191,15.279999732971191,15.279999732971191,15.279999732971191,1447,0.0,0.0,0.0
2025-05-19 04:50:00+00:00,15.270000457763672,15.270000457763672,15.260000228881836,15.260000228881836,20220,0.0,0.0,0.0
2025-05-19 04:55:00+00:00,15.260000228881836,15.260000228881836,15.260000228881836,15.260000228881836,6078,0.0,0.0,0.0
2025-05-19 05:05:00+00:00,15.270000457763672,15.270000457763672,15.270000457763672,15.270000457763672,187520,0.0,0.0,0.0
2025-05-19 05:10:00+00:00,15.260000228881836,15.270000457763672,15.260000228881836,15.260000228881836,14205,0.0,0.0,0.0
2025-05-19 05:15:00+00:00,15.260000228881836,15.260000228881836,15.25,15.25,30968,0.0,0.0,0.0
2025-05-19 05:20:00+00:00,15.260000228881836,15.260000228881836,15.260000228881836,15.260000228881836,9123,0.0,0.0,0.0
2025-05-20 01:00:00+00:00,15.270000457763672,15.300000190734863,15.270000457763672,15.279999732971191,0,0.0,0.0,0.0
2025-05-20 01:05:00+00:00,15.289999961853027,15.300000190734863,15.289999961853027,15.300000190734863,58239,0.0,0.0,0.0
2025-05-20 01:10:00+00:00,15.279999732971191,15.279999732971191,15.279999732971191,15.279999732971191,12077,0.0,0.0,0.0
2025-05-20 01:15:00+00:00,15.270000457763672,15.270000457763672,15.25,15.260000228881836,4079,0.0,0.0,0.0
2025-05-20 01:20:00+00:00,15.260000228881836,15.260000228881836,15.25,15.25,8661,0.0,0.0,0.0
2025-05-20 01:25:00+00:00,15.25,15.25,15.239999771118164,15.239999771118164,5145,0.0,0.0,0.0
2025-05-20 01:30:00+00:00,15.25,15.25,15.220000267028809,15.220000267028809,15078,0.0,0.0,0.0
2025-05-20 01:35:00+00:00,15.220000267028809,15.220000267028809,15.210000038146973,15.210000038146973,28231,0.0,0.0,0.0
2025-05-20 01:40:00+00:00,15.220000267028809,15.229999542236328,15.220000267028809,15.229999542236328,23222,0.0,0.0,0.0
2025-05-20 01:45:00+00:00,15.229999542236328,15.25,15.229999542236328,15.25,20100,0.0,0.0,0.0
2025-05-20 01:50:00+00:00,15.25,15.25,15.25,15.25,9092,0.0,0.0,0.0
2025-05-20 01:55:00+00:00,15.260000228881836,15.260000228881836,15.260000228881836,15.260000228881836,13142,0.0,0.0,0.0
2025-05-20 02:00:00+00:00,15.270000457763672,15.279999732971191,15.270000457763672,15.279999732971191,74376,0.0,0.0,0.0
2025-05-20 02:05:00+00:00,15.279999732971191,15.279999732971191,15.270000457763672,15.270000457763672,7709,0.0,0.0,0.0
2025-05-20 02:10:00+00:00,15.279999732971191,15.289999961853027,15.279999732971191,15.289999961853027,33346,0.0,0.0,0.0
2025-05-20 02:15:00+00:00,15.260000228881836,15.270000457763672,15.260000228881836,15.270000457763672,102000,0.0,0.0,0.0
2025-05-20 02:25:00+00:00,15.260000228881836,15.260000228881836,15.260000228881836,15.260000228881836,3097,0.0,0.0,0.0
2025-05-20 02:30:00+00:00,15.260000228881836,15.260000228881836,15.260000228881836,15.260000228881836,1173,0.0,0.0,0.0
2025-05-20 02:35:00+00:00,15.270000457763672,15.300000190734863,15.270000457763672,15.300000190734863,149078,0.0,0.0,0.0
2025-05-20 02:40:00+00:00,15.300000190734863,15.3100004196167,15.300000190734863,15.3100004196167,115750,0.0,0.0,0.0
2025-05-20 02:45:00+00:00,15.3100004196167,15.3100004196167,15.3100004196167,15.3100004196167,1275,0.0,0.0,0.0
2025-05-20 02:50:00+00:00,15.300000190734863,15.300000190734863,15.300000190734863,15.300000190734863,5000,0.0,0.0,0.0
2025-05-20 02:55:00+00:00,15.300000190734863,15.300000190734863,15.300000190734863,15.300000190734863,6150,0.0,0.0,0.0
2025-05-20 03:00:00+00:00,15.300000190734863,15.3100004196167,15.300000190734863,15.3100004196167,26335,0.0,0.0,0.0
2025-05-20 03:15:00+00:00,15.300000190734863,15.300000190734863,15.289999961853027,15.289999961853027,50188,0.0,0.0,0.0
2025-05-20 03:20:00+00:00,15.289999961853027,15.300000190734863,15.289999961853027,15.300000190734863,23029,0.0,0.0,0.0
2025-05-20 03:25:00+00:00,15.289999961853027,15.289999961853027,15.289999961853027,15.289999961853027,12000,0.0,0.0,0.0
2025-05-20 03:30:00+00:00,15.289999961853027,15.289999961853027,15.289999961853027,15.289999961853027,1000,0.0,0.0,0.0
2025-05-20 03:35:00+00:00,15.289999961853027,15.289999961853027,15.289999961853027,15.289999961853027,11300,0.0,0.0,0.0
2025-05-20 03:40:00+00:00,15.289999961853027,15.300000190734863,15.289999961853027,15.300000190734863,29803,0.0,0.0,0.0
2025-05-20 03:55:00+00:00,15.300000190734863,15.300000190734863,15.300000190734863,15.300000190734863,2000,0.0,0.0,0.0
2025-05-20 04:00:00+00:00,15.300000190734863,15.300000190734863,15.300000190734863,15.300000190734863,3830,0.0,0.0,0.0
2025-05-20 04:10:00+00:00,15.279999732971191,15.279999732971191,15.279999732971191,15.279999732971191,1000,0.0,0.0,0.0
2025-05-20 04:15:00+00:00,15.279999732971191,15.279999732971191,15.260000228881836,15.260000228881836,15201,0.0,0.0,0.0
2025-05-20 04:20:00+00:00,15.260000228881836,15.260000228881836,15.260000228881836,15.260000228881836,5100,0.0,0.0,0.0
2025-05-20 04:25:00+00:00,15.260000228881836,15.260000228881836,15.260000228881836,15.260000228881836,24559,0.0,0.0,0.0
2025-05-20 04:30:00+00:00,15.270000457763672,15.270000457763672,15.270000457763672,15.270000457763672,18210,0.0,0.0,0.0
2025-05-20 04:40:00+00:00,15.260000228881836,15.260000228881836,15.260000228881836,15.260000228881836,64521,0.0,0.0,0.0
2025-05-20 04:50:00+00:00,15.260000228881836,15.260000228881836,15.260000228881836,15.260000228881836,100000,0.0,0.0,0.0
2025-05-20 05:05:00+00:00,15.260000228881836,15.260000228881836,15.260000228881836,15.260000228881836,19100,0.0,0.0,0.0
2025-05-20 05:10:00+00:00,15.260000228881836,15.260000228881836,15.260000228881836,15.260000228881836,2297,0.0,0.0,0.0
2025-05-20 05:15:00+00:00,15.260000228881836,15.260000228881836,15.260000228881836,15.260000228881836,1000,0.0,0.0,0.0
2025-05-20 05:20:00+00:00,15.260000228881836,15.270000457763672,15.260000228881836,15.260000228881836,36042,0.0,0.0,0.0
2025-05-21 01:00:00+00:00,15.260000228881836,15.300000190734863,15.260000228881836,15.300000190734863,0,0.0,0.0,0.0
2025-05-21 01:05:00+00:00,15.3100004196167,15.3100004196167,15.289999961853027,15.289999961853027,9110,0.0,0.0,0.0
2025-05-21 01:15:00+00:00,15.289999961853027,15.289999961853027,15.289999961853027,15.289999961853027,1650,0.0,0.0,0.0
2025-05-21 01:20:00+00:00,15.270000457763672,15.270000457763672,15.270000457763672,15.270000457763672,13075,0.0,0.0,0.0
2025-05-21 01:25:00+00:00,15.279999732971191,15.279999732971191,15.279999732971191,15.279999732971191,1000,0.0,0.0,0.0
2025-05-21 01:30:00+00:00,15.279999732971191,15.279999732971191,15.270000457763672,15.270000457763672,4402,0.0,0.0,0.0
2025-05-21 01:35:00+00:00,15.270000457763672,15.270000457763672,15.270000457763672,15.270000457763672,2270,0.0,0.0,0.0
2025-05-21 01:45:00+00:00,15.270000457763672,15.289999961853027,15.270000457763672,15.270000457763672,82289,0.0,0.0,0.0
2025-05-21 01:50:00+00:00,15.289999961853027,15.289999961853027,15.289999961853027,15.289999961853027,9066,0.0,0.0,0.0
2025-05-21 01:55:00+00:00,15.300000190734863,15.3100004196167,15.300000190734863,15.3100004196167,68528,0.0,0.0,0.0
2025-05-21 02:05:00+00:00,15.279999732971191,15.279999732971191,15.279999732971191,15.279999732971191,1000,0.0,0.0,0.0
2025-05-21 02:10:00+00:00,15.289999961853027,15.3100004196167,15.289999961853027,15.3100004196167,9257,0.0,0.0,0.0
2025-05-21 02:15:00+00:00,15.3100004196167,15.3100004196167,15.3100004196167,15.3100004196167,9305,0.0,0.0,0.0
2025-05-21 02:25:00+00:00,15.3100004196167,15.3100004196167,15.3100004196167,15.3100004196167,1297,0.0,0.0,0.0
2025-05-21 02:30:00+00:00,15.3100004196167,15.3100004196167,15.3100004196167,15.3100004196167,8220,0.0,0.0,0.0
2025-05-21 02:35:00+00:00,15.3100004196167,15.3100004196167,15.3100004196167,15.3100004196167,5027,0.0,0.0,0.0
2025-05-21 02:40:00+00:00,15.319999694824219,15.329999923706055,15.319999694824219,15.329999923706055,34004,0.0,0.0,0.0
2025-05-21 02:45:00+00:00,15.329999923706055,15.329999923706055,15.329999923706055,15.329999923706055,1000,0.0,0.0,0.0
2025-05-21 02:50:00+00:00,15.319999694824219,15.319999694824219,15.319999694824219,15.319999694824219,30000,0.0,0.0,0.0
2025-05-21 02:55:00+00:00,15.319999694824219,15.319999694824219,15.319999694824219,15.319999694824219,1777,0.0,0.0,0.0
2025-05-21 03:00:00+00:00,15.329999923706055,15.350000381469727,15.329999923706055,15.350000381469727,56300,0.0,0.0,0.0
2025-05-21 03:05:00+00:00,15.350000381469727,15.359999656677246,15.350000381469727,15.359999656677246,29000,0.0,0.0,0.0
2025-05-21 03:10:00+00:00,15.359999656677246,15.359999656677246,15.359999656677246,15.359999656677246,3005,0.0,0.0,0.0
2025-05-21 03:15:00+00:00,15.359999656677246,15.359999656677246,15.359999656677246,15.359999656677246,7000,0.0,0.0,0.0
2025-05-21 03:20:00+00:00,15.359999656677246,15.359999656677246,15.359999656677246,15.359999656677246,60150,0.0,0.0,0.0
2025-05-21 03:25:00+00:00,15.350000381469727,15.350000381469727,15.350000381469727,15.350000381469727,1130,0.0,0.0,0.0
2025-05-21 03:35:00+00:00,15.359999656677246,15.359999656677246,15.359999656677246,15.359999656677246,1000,0.0,0.0,0.0
2025-05-21 03:40:00+00:00,15.359999656677246,15.359999656677246,15.359999656677246,15.359999656677246,1325,0.0,0.0,0.0
2025-05-21 03:50:00+00:00,15.350000381469727,15.350000381469727,15.350000381469727,15.350000381469727,8130,0.0,0.0,0.0
2025-05-21 03:55:00+00:00,15.34000015258789,15.350000381469727,15.34000015258789,15.350000381469727,21714,0.0,0.0,0.0
2025-05-21 04:10:00+00:00,15.350000381469727,15.350000381469727,15.350000381469727,15.350000381469727,2000,0.0,0.0,0.0
2025-05-21 04:15:00+00:00,15.350000381469727,15.350000381469727,15.350000381469727,15.350000381469727,43000,0.0,0.0,0.0
2025-05-21 04:20:00+00:00,15.350000381469727,15.359999656677246,15.350000381469727,15.359999656677246,20000,0.0,0.0,0.0
2025-05-21 04:25:00+00:00,15.359999656677246,15.359999656677246,15.350000381469727,15.350000381469727,4800,0.0,0.0,0.0
2025-05-21 04:30:00+00:00,15.359999656677246,15.359999656677246,15.359999656677246,15.359999656677246,64000,0.0,0.0,0.0
2025-05-21 04:35:00+00:00,15.359999656677246,15.369999885559082,15.359999656677246,15.369999885559082,163400,0.0,0.0,0.0
2025-05-21 04:40:00+00:00,15.369999885559082,15.369999885559082,15.359999656677246,15.359999656677246,11020,0.0,0.0,0.0
2025-05-21 04:45:00+00:00,15.359999656677246,15.359999656677246,15.359999656677246,15.359999656677246,1337,0.0,0.0,0.0
2025-05-21 04:50:00+00:00,15.359999656677246,15.359999656677246,15.359999656677246,15.359999656677246,1500,0.0,0.0,0.0
2025-05-21 04:55:00+00:00,15.359999656677246,15.359999656677246,15.359999656677246,15.359999656677246,2063,0.0,0.0,0.0
2025-05-21 05:00:00+00:00,15.359999656677246,15.369999885559082,15.359999656677246,15.369999885559082,127548,0.0,0.0,0.0
2025-05-21 05:05:00+00:00,15.369999885559082,15.369999885559082,15.369999885559082,15.369999885559082,1200,0.0,0.0,0.0
2025-05-21 05:10:00+00:00,15.369999885559082,15.369999885559082,15.369999885559082,15.369999885559082,2010,0.0,0.0,0.0
2025-05-21 05:15:00+00:00,15.369999885559082,15.380000114440918,15.369999885559082,15.380000114440918,69006,0.0,0.0,0.0
2025-05-21 05:20:00+00:00,15.380000114440918,15.390000343322754,15.380000114440918,15.390000343322754,15577,0.0,0.0,0.0
2025-05-22 01:00:00+00:00,15.239999771118164,15.289999961853027,15.239999771118164,15.289999961853027,0,0.0,0.0,0.0
2025-05-22 01:05:00+00:00,15.289999961853027,15.300000190734863,15.289999961853027,15.300000190734863,19746,0.0,0.0,0.0
2025-05-22 01:10:00+00:00,15.3100004196167,15.3100004196167,15.300000190734863,15.3100004196167,73000,0.0,0.0,0.0
2025-05-22 01:15:00+00:00,15.300000190734863,15.300000190734863,15.25,15.25,133200,0.0,0.0,0.0
2025-05-22 01:20:00+00:00,15.25,15.279999732971191,15.25,15.279999732971191,6000,0.0,0.0,0.0
2025-05-22 01:25:00+00:00,15.300000190734863,15.300000190734863,15.300000190734863,15.300000190734863,7290,0.0,0.0,0.0
2025-05-22 01:30:00+00:00,15.300000190734863,15.300000190734863,15.300000190734863,15.300000190734863,5250,0.0,0.0,0.0
2025-05-22 01:40:00+00:00,15.300000190734863,15.300000190734863,15.300000190734863,15.300000190734863,4000,0.0,0.0,0.0
2025-05-22 01:45:00+00:00,15.3100004196167,15.3100004196167,15.300000190734863,15.300000190734863,146670,0.0,0.0,0.0
2025-05-22 01:50:00+00:00,15.289999961853027,15.300000190734863,15.289999961853027,15.300000190734863,5486,0.0,0.0,0.0
2025-05-22 01:55:00+00:00,15.25,15.25,15.25,15.25,13430,0.0,0.0,0.0
2025-05-22 02:00:00+00:00,15.25,15.25,15.25,15.25,6333,0.0,0.0,0.0
2025-05-22 02:05:00+00:00,15.25,15.270000457763672,15.25,15.270000457763672,32280,0.0,0.0,0.0
2025-05-22 02:10:00+00:00,15.270000457763672,15.270000457763672,15.270000457763672,15.270000457763672,6010,0.0,0.0,0.0
2025-05-22 02:20:00+00:00,15.300000190734863,15.300000190734863,15.300000190734863,15.300000190734863,2000,0.0,0.0,0.0
2025-05-22 02:25:00+00:00,15.300000190734863,15.3100004196167,15.300000190734863,15.3100004196167,25800,0.0,0.0,0.0
2025-05-22 02:30:00+00:00,15.3100004196167,15.3100004196167,15.3100004196167,15.3100004196167,7115,0.0,0.0,0.0
2025-05-22 02:35:00+00:00,15.3100004196167,15.319999694824219,15.3100004196167,15.319999694824219,13000,0.0,0.0,0.0
2025-05-22 02:40:00+00:00,15.319999694824219,15.329999923706055,15.319999694824219,15.329999923706055,8009,0.0,0.0,0.0
2025-05-22 02:45:00+00:00,15.329999923706055,15.329999923706055,15.329999923706055,15.329999923706055,5641,0.0,0.0,0.0
2025-05-22 02:50:00+00:00,15.319999694824219,15.319999694824219,15.319999694824219,15.319999694824219,2100,0.0,0.0,0.0
2025-05-22 02:55:00+00:00,15.3100004196167,15.3100004196167,15.3100004196167,15.3100004196167,1000,0.0,0.0,0.0
2025-05-22 03:00:00+00:00,15.3100004196167,15.3100004196167,15.3100004196167,15.3100004196167,4209,0.0,0.0,0.0
2025-05-22 03:05:00+00:00,15.3100004196167,15.3100004196167,15.3100004196167,15.3100004196167,7000,0.0,0.0,0.0
2025-05-22 03:10:00+00:00,15.3100004196167,15.319999694824219,15.3100004196167,15.319999694824219,63000,0.0,0.0,0.0
2025-05-22 03:15:00+00:00,15.329999923706055,15.34000015258789,15.329999923706055,15.34000015258789,31461,0.0,0.0,0.0
2025-05-22 03:20:00+00:00,15.350000381469727,15.350000381469727,15.350000381469727,15.350000381469727,9191,0.0,0.0,0.0
2025-05-22 03:25:00+00:00,15.359999656677246,15.359999656677246,15.359999656677246,15.359999656677246,11107,0.0,0.0,0.0
2025-05-22 03:30:00+00:00,15.359999656677246,15.359999656677246,15.359999656677246,15.359999656677246,5000,0.0,0.0,0.0
2025-05-22 03:35:00+00:00,15.359999656677246,15.380000114440918,15.359999656677246,15.380000114440918,30237,0.0,0.0,0.0
2025-05-22 03:40:00+00:00,15.380000114440918,15.380000114440918,15.380000114440918,15.380000114440918,5000,0.0,0.0,0.0
2025-05-22 03:45:00+00:00,15.369999885559082,15.369999885559082,15.369999885559082,15.369999885559082,8107,0.0,0.0,0.0
2025-05-22 03:55:00+00:00,15.369999885559082,15.390000343322754,15.369999885559082,15.390000343322754,21383,0.0,0.0,0.0
2025-05-22 04:05:00+00:00,15.380000114440918,15.380000114440918,15.380000114440918,15.380000114440918,100013,0.0,0.0,0.0
2025-05-22 04:10:00+00:00,15.359999656677246,15.359999656677246,15.359999656677246,15.359999656677246,2100,0.0,0.0,0.0
2025-05-22 04:20:00+00:00,15.369999885559082,15.380000114440918,15.369999885559082,15.380000114440918,35000,0.0,0.0,0.0
2025-05-22 04:25:00+00:00,15.380000114440918,15.380000114440918,15.380000114440918,15.380000114440918,1000,0.0,0.0,0.0
2025-05-22 04:40:00+00:00,15.369999885559082,15.380000114440918,15.369999885559082,15.380000114440918,5148,0.0,0.0,0.0
2025-05-22 04:45:00+00:00,15.380000114440918,15.380000114440918,15.380000114440918,15.380000114440918,3171,0.0,0.0,0.0
2025-05-22 05:00:00+00:00,15.359999656677246,15.359999656677246,15.359999656677246,15.359999656677246,10776,0.0,0.0,0.0
2025-05-22 05:05:00+00:00,15.359999656677246,15.359999656677246,15.359999656677246,15.359999656677246,1160,0.0,0.0,0.0
2025-05-22 05:15:00+00:00,15.369999885559082,15.369999885559082,15.369999885559082,15.369999885559082,22138,0.0,0.0,0.0
2025-05-22 05:20:00+00:00,15.380000114440918,15.380000114440918,15.369999885559082,15.369999885559082,4781,0.0,0.0,0.0
2025-05-23 01:00:00+00:00,15.390000343322754,15.420000076293945,15.390000343322754,15.40999984741211,0,0.0,0.0,0.0
2025-05-23 01:05:00+00:00,15.399999618530273,15.399999618530273,15.399999618530273,15.399999618530273,14087,0.0,0.0,0.0
2025-05-23 01:10:00+00:00,15.40999984741211,15.420000076293945,15.40999984741211,15.40999984741211,22740,0.0,0.0,0.0
2025-05-23 01:15:00+00:00,15.399999618530273,15.399999618530273,15.390000343322754,15.399999618530273,10000,0.0,0.0,0.0
2025-05-23 01:20:00+00:00,15.399999618530273,15.399999618530273,15.390000343322754,15.390000343322754,48877,0.0,0.0,0.0
2025-05-23 01:25:00+00:00,15.380000114440918,15.380000114440918,15.380000114440918,15.380000114440918,10710,0.0,0.0,0.0
2025-05-23 01:30:00+00:00,15.390000343322754,15.390000343322754,15.380000114440918,15.380000114440918,21210,0.0,0.0,0.0
2025-05-23 01:35:00+00:00,15.380000114440918,15.380000114440918,15.369999885559082,15.380000114440918,20739,0.0,0.0,0.0
2025-05-23 01:40:00+00:00,15.380000114440918,15.380000114440918,15.380000114440918,15.380000114440918,1015,0.0,0.0,0.0
2025-05-23 01:45:00+00:00,15.390000343322754,15.399999618530273,15.390000343322754,15.399999618530273,32356,0.0,0.0,0.0
2025-05-23 01:50:00+00:00,15.399999618530273,15.399999618530273,15.399999618530273,15.399999618530273,100045,0.0,0.0,0.0
2025-05-23 01:55:00+00:00,15.369999885559082,15.369999885559082,15.369999885559082,15.369999885559082,106086,0.0,0.0,0.0
2025-05-23 02:00:00+00:00,15.399999618530273,15.399999618530273,15.399999618530273,15.399999618530273,2112,0.0,0.0,0.0
2025-05-23 02:10:00+00:00,15.369999885559082,15.390000343322754,15.369999885559082,15.390000343322754,5350,0.0,0.0,0.0
2025-05-23 02:15:00+00:00,15.399999618530273,15.399999618530273,15.399999618530273,15.399999618530273,107193,0.0,0.0,0.0
2025-05-23 02:20:00+00:00,15.390000343322754,15.390000343322754,15.390000343322754,15.390000343322754,1126,0.0,0.0,0.0
2025-05-23 02:25:00+00:00,15.380000114440918,15.390000343322754,15.380000114440918,15.390000343322754,3000,0.0,0.0,0.0
2025-05-23 02:30:00+00:00,15.390000343322754,15.390000343322754,15.380000114440918,15.380000114440918,5518,0.0,0.0,0.0
2025-05-23 02:35:00+00:00,15.369999885559082,15.369999885559082,15.359999656677246,15.359999656677246,53160,0.0,0.0,0.0
2025-05-23 02:40:00+00:00,15.369999885559082,15.369999885559082,15.369999885559082,15.369999885559082,4000,0.0,0.0,0.0
2025-05-23 02:45:00+00:00,15.390000343322754,15.390000343322754,15.390000343322754,15.390000343322754,2140,0.0,0.0,0.0
2025-05-23 02:50:00+00:00,15.390000343322754,15.390000343322754,15.390000343322754,15.390000343322754,5063,0.0,0.0,0.0
2025-05-23 03:00:00+00:00,15.390000343322754,15.390000343322754,15.380000114440918,15.380000114440918,8110,0.0,0.0,0.0
2025-05-23 03:05:00+00:00,15.380000114440918,15.380000114440918,15.380000114440918,15.380000114440918,2000,0.0,0.0,0.0
2025-05-23 03:15:00+00:00,15.380000114440918,15.380000114440918,15.380000114440918,15.380000114440918,29311,0.0,0.0,0.0
2025-05-23 03:20:00+00:00,15.390000343322754,15.390000343322754,15.390000343322754,15.390000343322754,46601,0.0,0.0,0.0
2025-05-23 03:30:00+00:00,15.390000343322754,15.390000343322754,15.390000343322754,15.390000343322754,5614,0.0,0.0,0.0
2025-05-23 03:40:00+00:00,15.380000114440918,15.380000114440918,15.380000114440918,15.380000114440918,5081,0.0,0.0,0.0
2025-05-23 03:45:00+00:00,15.380000114440918,15.390000343322754,15.369999885559082,15.369999885559082,18140,0.0,0.0,0.0
2025-05-23 03:50:00+00:00,15.359999656677246,15.359999656677246,15.359999656677246,15.359999656677246,3080,0.0,0.0,0.0
2025-05-23 04:05:00+00:00,15.359999656677246,15.359999656677246,15.350000381469727,15.359999656677246,29263,0.0,0.0,0.0
2025-05-23 04:10:00+00:00,15.369999885559082,15.369999885559082,15.369999885559082,15.369999885559082,20166,0.0,0.0,0.0
2025-05-23 04:20:00+00:00,15.359999656677246,15.359999656677246,15.350000381469727,15.350000381469727,116250,0.0,0.0,0.0
2025-05-23 04:25:00+00:00,15.359999656677246,15.359999656677246,15.350000381469727,15.350000381469727,8281,0.0,0.0,0.0
2025-05-23 04:30:00+00:00,15.34000015258789,15.350000381469727,15.34000015258789,15.350000381469727,19573,0.0,0.0,0.0
2025-05-23 04:45:00+00:00,15.350000381469727,15.350000381469727,15.350000381469727,15.350000381469727,1300,0.0,0.0,0.0
2025-05-23 04:50:00+00:00,15.350000381469727,15.350000381469727,15.350000381469727,15.350000381469727,1700,0.0,0.0,0.0
2025-05-23 04:55:00+00:00,15.34000015258789,15.34000015258789,15.34000015258789,15.34000015258789,23100,0.0,0.0,0.0
2025-05-23 05:00:00+00:00,15.34000015258789,15.350000381469727,15.34000015258789,15.350000381469727,21053,0.0,0.0,0.0
2025-05-23 05:05:00+00:00,15.350000381469727,15.350000381469727,15.34000015258789,15.34000015258789,3000,0.0,0.0,0.0
2025-05-23 05:10:00+00:00,15.34000015258789,15.34000015258789,15.329999923706055,15.329999923706055,2954,0.0,0.0,0.0
2025-05-23 05:20:00+00:00,15.329999923706055,15.34000015258789,15.329999923706055,15.34000015258789,5056,0.0,0.0,0.0
2025-05-26 01:00:00+00:00,15.350000381469727,15.350000381469727,15.34000015258789,15.34000015258789,0,0.0,0.0,0.0
2025-05-26 01:05:00+00:00,15.329999923706055,15.350000381469727,15.329999923706055,15.329999923706055,18387,0.0,0.0,0.0
2025-05-26 01:10:00+00:00,15.34000015258789,15.359999656677246,15.34000015258789,15.359999656677246,201017,0.0,0.0,0.0
2025-05-26 01:15:00+00:00,15.359999656677246,15.359999656677246,15.359999656677246,15.359999656677246,1079,0.0,0.0,0.0
2025-05-26 01:20:00+00:00,15.34000015258789,15.34000015258789,15.34000015258789,15.34000015258789,102130,0.0,0.0,0.0
2025-05-26 01:25:00+00:00,15.329999923706055,15.329999923706055,15.319999694824219,15.319999694824219,6029,0.0,0.0,0.0
2025-05-26 01:30:00+00:00,15.300000190734863,15.300000190734863,15.300000190734863,15.300000190734863,35100,0.0,0.0,0.0
2025-05-26 01:35:00+00:00,15.300000190734863,15.300000190734863,15.300000190734863,15.300000190734863,20100,0.0,0.0,0.0
2025-05-26 01:40:00+00:00,15.319999694824219,15.329999923706055,15.319999694824219,15.319999694824219,181068,0.0,0.0,0.0
2025-05-26 01:45:00+00:00,15.329999923706055,15.329999923706055,15.329999923706055,15.329999923706055,11268,0.0,0.0,0.0
2025-05-26 01:50:00+00:00,15.329999923706055,15.329999923706055,15.319999694824219,15.319999694824219,6000,0.0,0.0,0.0
2025-05-26 01:55:00+00:00,15.3100004196167,15.329999923706055,15.3100004196167,15.329999923706055,47230,0.0,0.0,0.0
2025-05-26 02:00:00+00:00,15.34000015258789,15.34000015258789,15.329999923706055,15.34000015258789,12110,0.0,0.0,0.0
2025-05-26 02:05:00+00:00,15.34000015258789,15.34000015258789,15.34000015258789,15.34000015258789,7118,0.0,0.0,0.0
2025-05-26 02:10:00+00:00,15.34000015258789,15.34000015258789,15.34000015258789,15.34000015258789,1000,0.0,0.0,0.0
2025-05-26 02:15:00+00:00,15.34000015258789,15.34000015258789,15.329999923706055,15.34000015258789,25052,0.0,0.0,0.0
2025-05-26 02:20:00+00:00,15.34000015258789,15.34000015258789,15.319999694824219,15.319999694824219,4000,0.0,0.0,0.0
2025-05-26 02:25:00+00:00,15.300000190734863,15.300000190734863,15.300000190734863,15.300000190734863,3030,0.0,0.0,0.0
2025-05-26 02:30:00+00:00,15.3100004196167,15.319999694824219,15.3100004196167,15.3100004196167,8178,0.0,0.0,0.0
2025-05-26 02:35:00+00:00,15.3100004196167,15.3100004196167,15.300000190734863,15.3100004196167,7085,0.0,0.0,0.0
2025-05-26 02:40:00+00:00,15.3100004196167,15.3100004196167,15.3100004196167,15.3100004196167,2100,0.0,0.0,0.0
2025-05-26 02:45:00+00:00,15.3100004196167,15.3100004196167,15.3100004196167,15.3100004196167,12588,0.0,0.0,0.0
2025-05-26 02:50:00+00:00,15.3100004196167,15.3100004196167,15.3100004196167,15.3100004196167,10117,0.0,0.0,0.0
2025-05-26 02:55:00+00:00,15.300000190734863,15.3100004196167,15.300000190734863,15.3100004196167,20300,0.0,0.0,0.0
2025-05-26 03:00:00+00:00,15.3100004196167,15.329999923706055,15.3100004196167,15.329999923706055,10500,0.0,0.0,0.0
2025-05-26 03:05:00+00:00,15.34000015258789,15.34000015258789,15.34000015258789,15.34000015258789,1398,0.0,0.0,0.0
2025-05-26 03:15:00+00:00,15.329999923706055,15.329999923706055,15.329999923706055,15.329999923706055,1029,0.0,0.0,0.0
2025-05-26 03:20:00+00:00,15.329999923706055,15.329999923706055,15.329999923706055,15.329999923706055,2030,0.0,0.0,0.0
2025-05-26 03:25:00+00:00,15.319999694824219,15.319999694824219,15.319999694824219,15.319999694824219,12207,0.0,0.0,0.0
2025-05-26 03:40:00+00:00,15.319999694824219,15.319999694824219,15.300000190734863,15.300000190734863,12341,0.0,0.0,0.0
2025-05-26 03:45:00+00:00,15.300000190734863,15.300000190734863,15.300000190734863,15.300000190734863,2529,0.0,0.0,0.0
2025-05-26 03:50:00+00:00,15.3100004196167,15.3100004196167,15.3100004196167,15.3100004196167,1000,0.0,0.0,0.0
2025-05-26 03:55:00+00:00,15.3100004196167,15.3100004196167,15.3100004196167,15.3100004196167,1054,0.0,0.0,0.0
2025-05-26 04:05:00+00:00,15.319999694824219,15.319999694824219,15.319999694824219,15.319999694824219,4018,0.0,0.0,0.0
2025-05-26 04:10:00+00:00,15.319999694824219,15.319999694824219,15.3100004196167,15.3100004196167,6105,0.0,0.0,0.0
2025-05-26 04:15:00+00:00,15.3100004196167,15.3100004196167,15.300000190734863,15.300000190734863,5010,0.0,0.0,0.0
2025-05-26 04:20:00+00:00,15.300000190734863,15.319999694824219,15.300000190734863,15.319999694824219,11198,0.0,0.0,0.0
2025-05-26 04:25:00+00:00,15.319999694824219,15.319999694824219,15.319999694824219,15.319999694824219,65000,0.0,0.0,0.0
2025-05-26 04:30:00+00:00,15.329999923706055,15.329999923706055,15.319999694824219,15.329999923706055,28945,0.0,0.0,0.0
2025-05-26 04:35:00+00:00,15.329999923706055,15.329999923706055,15.329999923706055,15.329999923706055,7029,0.0,0.0,0.0
2025-05-26 04:40:00+00:00,15.329999923706055,15.329999923706055,15.319999694824219,15.319999694824219,21362,0.0,0.0,0.0
2025-05-26 04:45:00+00:00,15.329999923706055,15.329999923706055,15.319999694824219,15.319999694824219,62063,0.0,0.0,0.0
2025-05-26 04:55:00+00:00,15.3100004196167,15.3100004196167,15.3100004196167,15.3100004196167,251425,0.0,0.0,0.0
2025-05-26 05:00:00+00:00,15.3100004196167,15.3100004196167,15.3100004196167,15.3100004196167,2000,0.0,0.0,0.0
2025-05-26 05:05:00+00:00,15.3100004196167,15.3100004196167,15.3100004196167,15.3100004196167,152000,0.0,0.0,0.0
2025-05-26 05:10:00+00:00,15.300000190734863,15.300000190734863,15.300000190734863,15.300000190734863,68076,0.0,0.0,0.0
2025-05-26 05:15:00+00:00,15.300000190734863,15.300000190734863,15.289999961853027,15.289999961853027,16102,0.0,0.0,0.0
2025-05-26 05:20:00+00:00,15.289999961853027,15.289999961853027,15.279999732971191,15.279999732971191,114071,0.0,0.0,0.0
2025-05-27 01:00:00+00:00,15.279999732971191,15.279999732971191,15.260000228881836,15.260000228881836,0,0.0,0.0,0.0
2025-05-27 01:05:00+00:00,15.260000228881836,15.260000228881836,15.260000228881836,15.260000228881836,50915,0.0,0.0,0.0
2025-05-27 01:10:00+00:00,15.25,15.25,15.25,15.25,6490,0.0,0.0,0.0
2025-05-27 01:15:00+00:00,15.220000267028809,15.220000267028809,15.199999809265137,15.199999809265137,3641,0.0,0.0,0.0
2025-05-27 01:20:00+00:00,15.210000038146973,15.210000038146973,15.210000038146973,15.210000038146973,2430,0.0,0.0,0.0
2025-05-27 01:25:00+00:00,15.229999542236328,15.229999542236328,15.229999542236328,15.229999542236328,79000,0.0,0.0,0.0
2025-05-27 01:30:00+00:00,15.25,15.25,15.25,15.25,5116,0.0,0.0,0.0
2025-05-27 01:35:00+00:00,15.229999542236328,15.229999542236328,15.229999542236328,15.229999542236328,7500,0.0,0.0,0.0
2025-05-27 01:40:00+00:00,15.229999542236328,15.229999542236328,15.229999542236328,15.229999542236328,20195,0.0,0.0,0.0
2025-05-27 01:45:00+00:00,15.229999542236328,15.229999542236328,15.229999542236328,15.229999542236328,54070,0.0,0.0,0.0
2025-05-27 01:50:00+00:00,15.220000267028809,15.220000267028809,15.199999809265137,15.199999809265137,23100,0.0,0.0,0.0
2025-05-27 01:55:00+00:00,15.1899995803833,15.1899995803833,15.15999984741211,15.15999984741211,21949,0.0,0.0,0.0
2025-05-27 02:00:00+00:00,15.15999984741211,15.15999984741211,15.15999984741211,15.15999984741211,20010,0.0,0.0,0.0
2025-05-27 02:05:00+00:00,15.149999618530273,15.149999618530273,15.149999618530273,15.149999618530273,10145,0.0,0.0,0.0
2025-05-27 02:10:00+00:00,15.149999618530273,15.149999618530273,15.140000343322754,15.140000343322754,5978,0.0,0.0,0.0
2025-05-27 02:15:00+00:00,15.149999618530273,15.15999984741211,15.149999618530273,15.15999984741211,69010,0.0,0.0,0.0
2025-05-27 02:25:00+00:00,15.15999984741211,15.180000305175781,15.15999984741211,15.180000305175781,17180,0.0,0.0,0.0
2025-05-27 02:30:00+00:00,15.199999809265137,15.220000267028809,15.199999809265137,15.220000267028809,28053,0.0,0.0,0.0
2025-05-27 02:35:00+00:00,15.220000267028809,15.220000267028809,15.220000267028809,15.220000267028809,3000,0.0,0.0,0.0
2025-05-27 02:40:00+00:00,15.229999542236328,15.229999542236328,15.210000038146973,15.220000267028809,81396,0.0,0.0,0.0
2025-05-27 03:00:00+00:00,15.199999809265137,15.199999809265137,15.199999809265137,15.199999809265137,3355,0.0,0.0,0.0
2025-05-27 03:10:00+00:00,15.1899995803833,15.1899995803833,15.1899995803833,15.1899995803833,2003,0.0,0.0,0.0
2025-05-27 03:15:00+00:00,15.180000305175781,15.180000305175781,15.180000305175781,15.180000305175781,2000,0.0,0.0,0.0
2025-05-27 03:25:00+00:00,15.180000305175781,15.180000305175781,15.180000305175781,15.180000305175781,3109,0.0,0.0,0.0
2025-05-27 03:35:00+00:00,15.170000076293945,15.180000305175781,15.170000076293945,15.180000305175781,80220,0.0,0.0,0.0
2025-05-27 03:50:00+00:00,15.170000076293945,15.170000076293945,15.15999984741211,15.15999984741211,113295,0.0,0.0,0.0
2025-05-27 03:55:00+00:00,15.149999618530273,15.149999618530273,15.140000343322754,15.140000343322754,49179,0.0,0.0,0.0
2025-05-27 04:10:00+00:00,15.140000343322754,15.140000343322754,15.140000343322754,15.140000343322754,2010,0.0,0.0,0.0
2025-05-27 04:20:00+00:00,15.140000343322754,15.140000343322754,15.140000343322754,15.140000343322754,96179,0.0,0.0,0.0
2025-05-27 04:25:00+00:00,15.140000343322754,15.140000343322754,15.140000343322754,15.140000343322754,2281,0.0,0.0,0.0
2025-05-27 04:35:00+00:00,15.149999618530273,15.149999618530273,15.149999618530273,15.149999618530273,3022,0.0,0.0,0.0
2025-05-27 04:40:00+00:00,15.15999984741211,15.15999984741211,15.15999984741211,15.15999984741211,2108,0.0,0.0,0.0
2025-05-27 04:45:00+00:00,15.15999984741211,15.15999984741211,15.15999984741211,15.15999984741211,10050,0.0,0.0,0.0
2025-05-27 04:50:00+00:00,15.149999618530273,15.149999618530273,15.149999618530273,15.149999618530273,1051,0.0,0.0,0.0
2025-05-27 04:55:00+00:00,15.149999618530273,15.15999984741211,15.149999618530273,15.15999984741211,111000,0.0,0.0,0.0
2025-05-27 05:00:00+00:00,15.149999618530273,15.149999618530273,15.149999618530273,15.149999618530273,1533,0.0,0.0,0.0
2025-05-27 05:05:00+00:00,15.149999618530273,15.149999618530273,15.149999618530273,15.149999618530273,3043,0.0,0.0,0.0
2025-05-27 05:10:00+00:00,15.149999618530273,15.149999618530273,15.149999618530273,15.149999618530273,50100,0.0,0.0,0.0
2025-05-27 05:15:00+00:00,15.15999984741211,15.15999984741211,15.149999618530273,15.149999618530273,52038,0.0,0.0,0.0
2025-05-27 05:20:00+00:00,15.140000343322754,15.140000343322754,15.140000343322754,15.140000343322754,2362,0.0,0.0,0.0
2025-05-28 01:00:00+00:00,15.199999809265137,15.210000038146973,15.199999809265137,15.210000038146973,0,0.0,0.0,0.0
2025-05-28 01:05:00+00:00,15.199999809265137,15.199999809265137,15.180000305175781,15.180000305175781,6807,0.0,0.0,0.0
2025-05-28 01:10:00+00:00,15.1899995803833,15.1899995803833,15.1899995803833,15.1899995803833,1100,0.0,0.0,0.0
2025-05-28 01:15:00+00:00,15.180000305175781,15.180000305175781,15.170000076293945,15.170000076293945,3060,0.0,0.0,0.0
2025-05-28 01:20:00+00:00,15.180000305175781,15.180000305175781,15.180000305175781,15.180000305175781,2103,0.0,0.0,0.0
2025-05-28 01:25:00+00:00,15.180000305175781,15.180000305175781,15.180000305175781,15.180000305175781,1778,0.0,0.0,0.0
2025-05-28 01:30:00+00:00,15.170000076293945,15.170000076293945,15.15999984741211,15.15999984741211,8526,0.0,0.0,0.0
2025-05-28 01:35:00+00:00,15.15999984741211,15.15999984741211,15.15999984741211,15.15999984741211,1000,0.0,0.0,0.0
2025-05-28 01:40:00+00:00,15.15999984741211,15.15999984741211,15.15999984741211,15.15999984741211,2340,0.0,0.0,0.0
2025-05-28 01:45:00+00:00,15.170000076293945,15.170000076293945,15.170000076293945,15.170000076293945,1150,0.0,0.0,0.0
2025-05-28 01:50:00+00:00,15.170000076293945,15.170000076293945,15.15999984741211,15.15999984741211,16000,0.0,0.0,0.0
2025-05-28 01:55:00+00:00,15.149999618530273,15.149999618530273,15.149999618530273,15.149999618530273,11000,0.0,0.0,0.0
2025-05-28 02:00:00+00:00,15.149999618530273,15.149999618530273,15.149999618530273,15.149999618530273,15000,0.0,0.0,0.0
2025-05-28 02:05:00+00:00,15.140000343322754,15.140000343322754,15.140000343322754,15.140000343322754,11220,0.0,0.0,0.0
2025-05-28 02:10:00+00:00,15.140000343322754,15.140000343322754,15.140000343322754,15.140000343322754,2510,0.0,0.0,0.0
2025-05-28 02:15:00+00:00,15.140000343322754,15.140000343322754,15.140000343322754,15.140000343322754,10738,0.0,0.0,0.0
2025-05-28 02:20:00+00:00,15.140000343322754,15.140000343322754,15.140000343322754,15.140000343322754,1558,0.0,0.0,0.0
2025-05-28 02:40:00+00:00,15.130000114440918,15.130000114440918,15.119999885559082,15.119999885559082,8100,0.0,0.0,0.0
2025-05-28 02:45:00+00:00,15.119999885559082,15.130000114440918,15.119999885559082,15.130000114440918,4761,0.0,0.0,0.0
2025-05-28 03:05:00+00:00,15.119999885559082,15.119999885559082,15.119999885559082,15.119999885559082,2000,0.0,0.0,0.0
2025-05-28 03:10:00+00:00,15.119999885559082,15.130000114440918,15.119999885559082,15.119999885559082,17170,0.0,0.0,0.0
2025-05-28 03:15:00+00:00,15.119999885559082,15.119999885559082,15.119999885559082,15.119999885559082,2664,0.0,0.0,0.0
2025-05-28 03:20:00+00:00,15.119999885559082,15.119999885559082,15.119999885559082,15.119999885559082,3000,0.0,0.0,0.0
2025-05-28 03:25:00+00:00,15.119999885559082,15.119999885559082,15.119999885559082,15.119999885559082,5732,0.0,0.0,0.0
2025-05-28 03:30:00+00:00,15.109999656677246,15.109999656677246,15.109999656677246,15.109999656677246,22100,0.0,0.0,0.0
2025-05-28 03:35:00+00:00,15.109999656677246,15.109999656677246,15.100000381469727,15.100000381469727,9000,0.0,0.0,0.0
2025-05-28 03:40:00+00:00,15.100000381469727,15.100000381469727,15.100000381469727,15.100000381469727,27520,0.0,0.0,0.0
2025-05-28 03:45:00+00:00,15.100000381469727,15.100000381469727,15.069999694824219,15.069999694824219,15798,0.0,0.0,0.0
2025-05-28 03:55:00+00:00,15.069999694824219,15.069999694824219,15.0600004196167,15.0600004196167,2007,0.0,0.0,0.0
2025-05-28 04:00:00+00:00,15.0600004196167,15.0600004196167,15.0600004196167,15.0600004196167,2061,0.0,0.0,0.0
2025-05-28 04:05:00+00:00,15.0600004196167,15.0600004196167,15.0600004196167,15.0600004196167,7426,0.0,0.0,0.0
2025-05-28 04:10:00+00:00,15.0600004196167,15.0600004196167,15.0600004196167,15.0600004196167,2030,0.0,0.0,0.0
2025-05-28 04:15:00+00:00,15.050000190734863,15.050000190734863,15.039999961853027,15.039999961853027,12141,0.0,0.0,0.0
2025-05-28 04:20:00+00:00,15.039999961853027,15.039999961853027,15.029999732971191,15.029999732971191,7104,0.0,0.0,0.0
2025-05-28 04:25:00+00:00,15.029999732971191,15.029999732971191,15.020000457763672,15.020000457763672,7372,0.0,0.0,0.0
2025-05-28 04:30:00+00:00,15.020000457763672,15.020000457763672,15.010000228881836,15.010000228881836,17533,0.0,0.0,0.0
2025-05-28 04:35:00+00:00,15.0,15.0,15.0,15.0,28036,0.0,0.0,0.0
2025-05-28 04:40:00+00:00,15.0,15.0,14.979999542236328,14.989999771118164,7878,0.0,0.0,0.0
2025-05-28 04:50:00+00:00,14.989999771118164,14.989999771118164,14.989999771118164,14.989999771118164,15020,0.0,0.0,0.0
2025-05-28 04:55:00+00:00,14.979999542236328,14.989999771118164,14.979999542236328,14.979999542236328,28174,0.0,0.0,0.0
2025-05-28 05:05:00+00:00,15.0,15.029999732971191,15.0,15.029999732971191,24411,0.0,0.0,0.0
2025-05-28 05:15:00+00:00,15.029999732971191,15.029999732971191,15.029999732971191,15.029999732971191,4598,0.0,0.0,0.0
2025-05-28 05:20:00+00:00,15.050000190734863,15.050000190734863,15.020000457763672,15.029999732971191,18004,0.0,0.0,0.0
2025-05-29 01:00:00+00:00,15.069999694824219,15.100000381469727,15.069999694824219,15.100000381469727,0,0.0,0.0,0.0
2025-05-29 01:05:00+00:00,15.100000381469727,15.100000381469727,15.09000015258789,15.09000015258789,5640,0.0,0.0,0.0
2025-05-29 01:10:00+00:00,15.079999923706055,15.079999923706055,15.039999961853027,15.039999961853027,6576,0.0,0.0,0.0
2025-05-29 01:15:00+00:00,15.039999961853027,15.039999961853027,15.039999961853027,15.039999961853027,4020,0.0,0.0,0.0
2025-05-29 01:20:00+00:00,15.029999732971191,15.029999732971191,15.029999732971191,15.029999732971191,206721,0.0,0.0,0.0
2025-05-29 01:25:00+00:00,15.029999732971191,15.039999961853027,15.029999732971191,15.039999961853027,13219,0.0,0.0,0.0
2025-05-29 01:30:00+00:00,15.069999694824219,15.069999694824219,15.0600004196167,15.0600004196167,11741,0.0,0.0,0.0
2025-05-29 01:35:00+00:00,15.0600004196167,15.0600004196167,15.0600004196167,15.0600004196167,5020,0.0,0.0,0.0
2025-05-29 01:40:00+00:00,15.0600004196167,15.0600004196167,15.0600004196167,15.0600004196167,2030,0.0,0.0,0.0
2025-05-29 01:45:00+00:00,15.0600004196167,15.0600004196167,15.029999732971191,15.029999732971191,9166,0.0,0.0,0.0
2025-05-29 01:50:00+00:00,15.020000457763672,15.020000457763672,15.020000457763672,15.020000457763672,6381,0.0,0.0,0.0
2025-05-29 01:55:00+00:00,15.020000457763672,15.020000457763672,15.020000457763672,15.020000457763672,2090,0.0,0.0,0.0
2025-05-29 02:00:00+00:00,15.029999732971191,15.039999961853027,15.020000457763672,15.020000457763672,16337,0.0,0.0,0.0
2025-05-29 02:05:00+00:00,15.010000228881836,15.010000228881836,15.0,15.010000228881836,113170,0.0,0.0,0.0
2025-05-29 02:15:00+00:00,15.029999732971191,15.029999732971191,15.0,15.0,46509,0.0,0.0,0.0
2025-05-29 02:25:00+00:00,15.0,15.0,15.0,15.0,3357,0.0,0.0,0.0
2025-05-29 02:30:00+00:00,15.0,15.0,15.0,15.0,3455,0.0,0.0,0.0
2025-05-29 02:35:00+00:00,15.0,15.0,15.0,15.0,1048,0.0,0.0,0.0
2025-05-29 02:40:00+00:00,15.0,15.0,15.0,15.0,5000,0.0,0.0,0.0
2025-05-29 02:45:00+00:00,15.0,15.0,14.989999771118164,14.989999771118164,22273,0.0,0.0,0.0
2025-05-29 02:50:00+00:00,14.979999542236328,14.979999542236328,14.979999542236328,14.979999542236328,18690,0.0,0.0,0.0
2025-05-29 03:15:00+00:00,15.0,15.0,15.0,15.0,49300,0.0,0.0,0.0
2025-05-29 03:20:00+00:00,15.0,15.0,14.989999771118164,14.989999771118164,10050,0.0,0.0,0.0
2025-05-29 03:25:00+00:00,14.989999771118164,14.989999771118164,14.989999771118164,14.989999771118164,1740,0.0,0.0,0.0
2025-05-29 03:35:00+00:00,14.989999771118164,14.989999771118164,14.989999771118164,14.989999771118164,10820,0.0,0.0,0.0
2025-05-29 03:40:00+00:00,15.0,15.0,15.0,15.0,1664,0.0,0.0,0.0
2025-05-29 03:45:00+00:00,15.0,15.0,14.989999771118164,14.989999771118164,8460,0.0,0.0,0.0
2025-05-29 03:50:00+00:00,14.989999771118164,14.989999771118164,14.989999771118164,14.989999771118164,1150,0.0,0.0,0.0
2025-05-29 04:00:00+00:00,14.989999771118164,14.989999771118164,14.989999771118164,14.989999771118164,1368,0.0,0.0,0.0
2025-05-29 04:15:00+00:00,14.989999771118164,14.989999771118164,14.989999771118164,14.989999771118164,2060,0.0,0.0,0.0
2025-05-29 04:20:00+00:00,15.0,15.0,15.0,15.0,6042,0.0,0.0,0.0
2025-05-29 04:25:00+00:00,14.989999771118164,14.989999771118164,14.989999771118164,14.989999771118164,5000,0.0,0.0,0.0
2025-05-29 04:30:00+00:00,14.989999771118164,14.989999771118164,14.979999542236328,14.979999542236328,12234,0.0,0.0,0.0
2025-05-29 04:35:00+00:00,14.979999542236328,14.989999771118164,14.979999542236328,14.989999771118164,4920,0.0,0.0,0.0
2025-05-29 04:45:00+00:00,14.989999771118164,14.989999771118164,14.989999771118164,14.989999771118164,12300,0.0,0.0,0.0
2025-05-29 04:50:00+00:00,14.989999771118164,14.989999771118164,14.979999542236328,14.989999771118164,10250,0.0,0.0,0.0
2025-05-29 04:55:00+00:00,14.989999771118164,14.989999771118164,14.989999771118164,14.989999771118164,1224,0.0,0.0,0.0
2025-05-29 05:05:00+00:00,14.979999542236328,14.979999542236328,14.970000267028809,14.970000267028809,49046,0.0,0.0,0.0
2025-05-29 05:10:00+00:00,14.970000267028809,14.970000267028809,14.970000267028809,14.970000267028809,10059,0.0,0.0,0.0
2025-05-29 05:20:00+00:00,14.989999771118164,15.0,14.989999771118164,15.0,11448,0.0,0.0,0.0
2025-06-02 01:00:00+00:00,14.880000114440918,14.880000114440918,14.800000190734863,14.819999694824219,0,0.0,0.0,0.0
2025-06-02 01:05:00+00:00,14.84000015258789,14.859999656677246,14.84000015258789,14.859999656677246,16488,0.0,0.0,0.0
2025-06-02 01:10:00+00:00,14.859999656677246,14.859999656677246,14.829999923706055,14.84000015258789,13059,0.0,0.0,0.0
2025-06-02 01:15:00+00:00,14.84000015258789,14.84000015258789,14.84000015258789,14.84000015258789,4401,0.0,0.0,0.0
2025-06-02 01:20:00+00:00,14.84000015258789,14.859999656677246,14.84000015258789,14.859999656677246,122383,0.0,0.0,0.0
2025-06-02 01:25:00+00:00,14.859999656677246,14.869999885559082,14.859999656677246,14.869999885559082,16318,0.0,0.0,0.0
2025-06-02 01:30:00+00:00,14.859999656677246,14.869999885559082,14.850000381469727,14.850000381469727,44100,0.0,0.0,0.0
2025-06-02 01:35:00+00:00,14.850000381469727,14.850000381469727,14.850000381469727,14.850000381469727,18367,0.0,0.0,0.0
2025-06-02 01:40:00+00:00,14.850000381469727,14.859999656677246,14.850000381469727,14.859999656677246,25130,0.0,0.0,0.0
2025-06-02 01:45:00+00:00,14.859999656677246,14.880000114440918,14.859999656677246,14.880000114440918,146764,0.0,0.0,0.0
2025-06-02 01:50:00+00:00,14.869999885559082,14.880000114440918,14.869999885559082,14.880000114440918,106000,0.0,0.0,0.0
2025-06-02 01:55:00+00:00,14.880000114440918,14.899999618530273,14.880000114440918,14.899999618530273,69460,0.0,0.0,0.0
2025-06-02 02:00:00+00:00,14.899999618530273,14.90999984741211,14.899999618530273,14.90999984741211,10046,0.0,0.0,0.0
2025-06-02 02:05:00+00:00,14.90999984741211,14.90999984741211,14.90999984741211,14.90999984741211,8394,0.0,0.0,0.0
2025-06-02 02:10:00+00:00,14.920000076293945,14.9399995803833,14.920000076293945,14.9399995803833,12050,0.0,0.0,0.0
2025-06-02 02:15:00+00:00,14.920000076293945,14.9399995803833,14.920000076293945,14.930000305175781,17000,0.0,0.0,0.0
2025-06-02 02:20:00+00:00,14.920000076293945,14.920000076293945,14.90999984741211,14.90999984741211,9000,0.0,0.0,0.0
2025-06-02 02:25:00+00:00,14.899999618530273,14.899999618530273,14.890000343322754,14.890000343322754,18850,0.0,0.0,0.0
2025-06-02 02:30:00+00:00,14.880000114440918,14.880000114440918,14.880000114440918,14.880000114440918,2006,0.0,0.0,0.0
2025-06-02 02:35:00+00:00,14.869999885559082,14.880000114440918,14.869999885559082,14.880000114440918,19244,0.0,0.0,0.0
2025-06-02 02:40:00+00:00,14.880000114440918,14.880000114440918,14.880000114440918,14.880000114440918,5007,0.0,0.0,0.0
2025-06-02 02:45:00+00:00,14.859999656677246,14.859999656677246,14.859999656677246,14.859999656677246,21013,0.0,0.0,0.0
2025-06-02 02:50:00+00:00,14.850000381469727,14.850000381469727,14.850000381469727,14.850000381469727,208100,0.0,0.0,0.0
2025-06-02 02:55:00+00:00,14.850000381469727,14.850000381469727,14.850000381469727,14.850000381469727,1000,0.0,0.0,0.0
2025-06-02 03:00:00+00:00,14.84000015258789,14.84000015258789,14.829999923706055,14.829999923706055,6000,0.0,0.0,0.0
2025-06-02 03:05:00+00:00,14.84000015258789,14.84000015258789,14.829999923706055,14.829999923706055,9723,0.0,0.0,0.0
2025-06-02 03:10:00+00:00,14.829999923706055,14.829999923706055,14.829999923706055,14.829999923706055,7243,0.0,0.0,0.0
2025-06-02 03:15:00+00:00,14.829999923706055,14.850000381469727,14.829999923706055,14.829999923706055,70360,0.0,0.0,0.0
2025-06-02 03:20:00+00:00,14.829999923706055,14.829999923706055,14.829999923706055,14.829999923706055,11000,0.0,0.0,0.0
2025-06-02 03:25:00+00:00,14.829999923706055,14.829999923706055,14.819999694824219,14.819999694824219,6000,0.0,0.0,0.0
2025-06-02 03:30:00+00:00,14.819999694824219,14.819999694824219,14.819999694824219,14.819999694824219,6106,0.0,0.0,0.0
2025-06-02 03:35:00+00:00,14.819999694824219,14.829999923706055,14.819999694824219,14.829999923706055,16203,0.0,0.0,0.0
2025-06-02 03:40:00+00:00,14.829999923706055,14.829999923706055,14.819999694824219,14.819999694824219,11110,0.0,0.0,0.0
2025-06-02 03:55:00+00:00,14.829999923706055,14.829999923706055,14.829999923706055,14.829999923706055,5020,0.0,0.0,0.0
2025-06-02 04:00:00+00:00,14.829999923706055,14.829999923706055,14.829999923706055,14.829999923706055,1000,0.0,0.0,0.0
2025-06-02 04:05:00+00:00,14.819999694824219,14.819999694824219,14.819999694824219,14.819999694824219,10000,0.0,0.0,0.0
2025-06-02 04:10:00+00:00,14.829999923706055,14.829999923706055,14.829999923706055,14.829999923706055,15194,0.0,0.0,0.0
2025-06-02 04:15:00+00:00,14.84000015258789,14.850000381469727,14.84000015258789,14.850000381469727,7111,0.0,0.0,0.0
2025-06-02 04:20:00+00:00,14.850000381469727,14.850000381469727,14.850000381469727,14.850000381469727,6604,0.0,0.0,0.0
2025-06-02 04:25:00+00:00,14.850000381469727,14.850000381469727,14.850000381469727,14.850000381469727,2168,0.0,0.0,0.0
2025-06-02 04:30:00+00:00,14.850000381469727,14.850000381469727,14.850000381469727,14.850000381469727,5327,0.0,0.0,0.0
2025-06-02 04:35:00+00:00,14.84000015258789,14.84000015258789,14.84000015258789,14.84000015258789,6030,0.0,0.0,0.0
2025-06-02 04:40:00+00:00,14.84000015258789,14.84000015258789,14.84000015258789,14.84000015258789,11000,0.0,0.0,0.0
2025-06-02 04:45:00+00:00,14.850000381469727,14.850000381469727,14.84000015258789,14.850000381469727,5000,0.0,0.0,0.0
2025-06-02 04:50:00+00:00,14.84000015258789,14.84000015258789,14.829999923706055,14.829999923706055,3000,0.0,0.0,0.0
2025-06-02 04:55:00+00:00,14.84000015258789,14.84000015258789,14.84000015258789,14.84000015258789,6000,0.0,0.0,0.0
2025-06-02 05:00:00+00:00,14.850000381469727,14.859999656677246,14.850000381469727,14.859999656677246,11192,0.0,0.0,0.0
2025-06-02 05:05:00+00:00,14.859999656677246,14.859999656677246,14.850000381469727,14.859999656677246,7010,0.0,0.0,0.0
2025-06-02 05:10:00+00:00,14.859999656677246,14.869999885559082,14.859999656677246,14.859999656677246,98126,0.0,0.0,0.0
2025-06-02 05:15:00+00:00,14.859999656677246,14.859999656677246,14.850000381469727,14.850000381469727,30718,0.0,0.0,0.0
2025-06-02 05:20:00+00:00,14.850000381469727,14.859999656677246,14.850000381469727,14.859999656677246,16036,0.0,0.0,0.0
2025-06-03 01:00:00+00:00,14.869999885559082,14.899999618530273,14.859999656677246,14.869999885559082,0,0.0,0.0,0.0
2025-06-03 01:05:00+00:00,14.869999885559082,14.890000343322754,14.869999885559082,14.890000343322754,687000,0.0,0.0,0.0
2025-06-03 01:10:00+00:00,14.890000343322754,14.930000305175781,14.880000114440918,14.930000305175781,724114,0.0,0.0,0.0
2025-06-03 01:15:00+00:00,14.930000305175781,14.930000305175781,14.920000076293945,14.920000076293945,177269,0.0,0.0,0.0
2025-06-03 01:20:00+00:00,14.920000076293945,14.9399995803833,14.920000076293945,14.920000076293945,340440,0.0,0.0,0.0
2025-06-03 01:25:00+00:00,14.930000305175781,14.9399995803833,14.920000076293945,14.9399995803833,167563,0.0,0.0,0.0
2025-06-03 01:30:00+00:00,14.949999809265137,14.960000038146973,14.9399995803833,14.960000038146973,301192,0.0,0.0,0.0
2025-06-03 01:35:00+00:00,14.960000038146973,14.979999542236328,14.960000038146973,14.970000267028809,74963,0.0,0.0,0.0
2025-06-03 01:40:00+00:00,14.970000267028809,14.979999542236328,14.970000267028809,14.970000267028809,81071,0.0,0.0,0.0
2025-06-03 01:45:00+00:00,14.979999542236328,14.979999542236328,14.970000267028809,14.970000267028809,191331,0.0,0.0,0.0
2025-06-03 01:50:00+00:00,14.970000267028809,14.970000267028809,14.970000267028809,14.970000267028809,83040,0.0,0.0,0.0
2025-06-03 01:55:00+00:00,14.960000038146973,14.960000038146973,14.9399995803833,14.9399995803833,203209,0.0,0.0,0.0
2025-06-03 02:00:00+00:00,14.949999809265137,14.949999809265137,14.90999984741211,14.90999984741211,85000,0.0,0.0,0.0
2025-06-03 02:05:00+00:00,14.90999984741211,14.90999984741211,14.880000114440918,14.880000114440918,282184,0.0,0.0,0.0
2025-06-03 02:10:00+00:00,14.880000114440918,14.880000114440918,14.859999656677246,14.869999885559082,236323,0.0,0.0,0.0
2025-06-03 02:15:00+00:00,14.859999656677246,14.859999656677246,14.850000381469727,14.859999656677246,149157,0.0,0.0,0.0
2025-06-03 02:20:00+00:00,14.859999656677246,14.869999885559082,14.859999656677246,14.869999885559082,75020,0.0,0.0,0.0
2025-06-03 02:25:00+00:00,14.869999885559082,14.880000114440918,14.869999885559082,14.869999885559082,20644,0.0,0.0,0.0
2025-06-03 02:30:00+00:00,14.880000114440918,14.880000114440918,14.869999885559082,14.880000114440918,91035,0.0,0.0,0.0
2025-06-03 02:35:00+00:00,14.890000343322754,14.890000343322754,14.859999656677246,14.859999656677246,211045,0.0,0.0,0.0
2025-06-03 02:40:00+00:00,14.859999656677246,14.859999656677246,14.859999656677246,14.859999656677246,52686,0.0,0.0,0.0
2025-06-03 02:45:00+00:00,14.869999885559082,14.869999885559082,14.859999656677246,14.869999885559082,104937,0.0,0.0,0.0
2025-06-03 02:50:00+00:00,14.880000114440918,14.880000114440918,14.869999885559082,14.869999885559082,27109,0.0,0.0,0.0
2025-06-03 02:55:00+00:00,14.869999885559082,14.869999885559082,14.869999885559082,14.869999885559082,42000,0.0,0.0,0.0
2025-06-03 03:00:00+00:00,14.880000114440918,14.880000114440918,14.880000114440918,14.880000114440918,2999,0.0,0.0,0.0
2025-06-03 03:10:00+00:00,14.859999656677246,14.869999885559082,14.859999656677246,14.869999885559082,41179,0.0,0.0,0.0
2025-06-03 03:15:00+00:00,14.880000114440918,14.880000114440918,14.869999885559082,14.880000114440918,78000,0.0,0.0,0.0
2025-06-03 03:20:00+00:00,14.869999885559082,14.880000114440918,14.869999885559082,14.880000114440918,12138,0.0,0.0,0.0
2025-06-03 03:25:00+00:00,14.880000114440918,14.880000114440918,14.880000114440918,14.880000114440918,47000,0.0,0.0,0.0
2025-06-03 03:30:00+00:00,14.880000114440918,14.880000114440918,14.869999885559082,14.869999885559082,28025,0.0,0.0,0.0
2025-06-03 03:35:00+00:00,14.880000114440918,14.890000343322754,14.880000114440918,14.880000114440918,106623,0.0,0.0,0.0
2025-06-03 03:40:00+00:00,14.890000343322754,14.899999618530273,14.890000343322754,14.899999618530273,111700,0.0,0.0,0.0
2025-06-03 03:45:00+00:00,14.899999618530273,14.899999618530273,14.899999618530273,14.899999618530273,70028,0.0,0.0,0.0
2025-06-03 03:50:00+00:00,14.899999618530273,14.899999618530273,14.899999618530273,14.899999618530273,72606,0.0,0.0,0.0
2025-06-03 03:55:00+00:00,14.890000343322754,14.890000343322754,14.890000343322754,14.890000343322754,74000,0.0,0.0,0.0
2025-06-03 04:00:00+00:00,14.890000343322754,14.890000343322754,14.869999885559082,14.869999885559082,108000,0.0,0.0,0.0
2025-06-03 04:05:00+00:00,14.869999885559082,14.890000343322754,14.869999885559082,14.890000343322754,51038,0.0,0.0,0.0
2025-06-03 04:10:00+00:00,14.880000114440918,14.880000114440918,14.869999885559082,14.880000114440918,75000,0.0,0.0,0.0
2025-06-03 04:15:00+00:00,14.880000114440918,14.880000114440918,14.880000114440918,14.880000114440918,136000,0.0,0.0,0.0
2025-06-03 04:20:00+00:00,14.880000114440918,14.899999618530273,14.880000114440918,14.890000343322754,132135,0.0,0.0,0.0
2025-06-03 04:25:00+00:00,14.890000343322754,14.90999984741211,14.890000343322754,14.899999618530273,98757,0.0,0.0,0.0
2025-06-03 04:30:00+00:00,14.899999618530273,14.899999618530273,14.899999618530273,14.899999618530273,159500,0.0,0.0,0.0
2025-06-03 04:35:00+00:00,14.90999984741211,14.920000076293945,14.90999984741211,14.920000076293945,81029,0.0,0.0,0.0
2025-06-03 04:40:00+00:00,14.90999984741211,14.90999984741211,14.90999984741211,14.90999984741211,201251,0.0,0.0,0.0
2025-06-03 04:45:00+00:00,14.920000076293945,14.920000076293945,14.920000076293945,14.920000076293945,27100,0.0,0.0,0.0
2025-06-03 04:50:00+00:00,14.90999984741211,14.90999984741211,14.90999984741211,14.90999984741211,31200,0.0,0.0,0.0
2025-06-03 04:55:00+00:00,14.920000076293945,14.930000305175781,14.920000076293945,14.930000305175781,163440,0.0,0.0,0.0
2025-06-03 05:00:00+00:00,14.930000305175781,14.9399995803833,14.930000305175781,14.930000305175781,87000,0.0,0.0,0.0
2025-06-03 05:05:00+00:00,14.9399995803833,14.9399995803833,14.930000305175781,14.930000305175781,76179,0.0,0.0,0.0
2025-06-03 05:10:00+00:00,14.930000305175781,14.930000305175781,14.920000076293945,14.920000076293945,80002,0.0,0.0,0.0
2025-06-03 05:15:00+00:00,14.920000076293945,14.930000305175781,14.920000076293945,14.930000305175781,64389,0.0,0.0,0.0
2025-06-03 05:20:00+00:00,14.930000305175781,14.930000305175781,14.920000076293945,14.930000305175781,33925,0.0,0.0,0.0
2025-06-04 01:00:00+00:00,15.0,15.0,14.989999771118164,15.0,0,0.0,0.0,0.0
2025-06-04 01:05:00+00:00,15.0,15.020000457763672,15.0,15.010000228881836,207311,0.0,0.0,0.0
2025-06-04 01:10:00+00:00,15.010000228881836,15.010000228881836,15.0,15.010000228881836,255211,0.0,0.0,0.0
2025-06-04 01:15:00+00:00,15.010000228881836,15.020000457763672,15.010000228881836,15.020000457763672,328770,0.0,0.0,0.0
2025-06-04 01:20:00+00:00,15.020000457763672,15.029999732971191,15.020000457763672,15.029999732971191,308150,0.0,0.0,0.0
2025-06-04 01:25:00+00:00,15.029999732971191,15.029999732971191,15.020000457763672,15.029999732971191,138617,0.0,0.0,0.0
2025-06-04 01:30:00+00:00,15.020000457763672,15.020000457763672,15.010000228881836,15.020000457763672,23700,0.0,0.0,0.0
2025-06-04 01:35:00+00:00,15.029999732971191,15.029999732971191,15.029999732971191,15.029999732971191,233440,0.0,0.0,0.0
2025-06-04 01:40:00+00:00,15.010000228881836,15.010000228881836,15.0,15.0,23196,0.0,0.0,0.0
2025-06-04 01:45:00+00:00,15.0,15.010000228881836,15.0,15.010000228881836,44000,0.0,0.0,0.0
2025-06-04 01:50:00+00:00,15.010000228881836,15.010000228881836,15.0,15.010000228881836,66822,0.0,0.0,0.0
2025-06-04 01:55:00+00:00,15.0,15.0,14.989999771118164,14.989999771118164,18000,0.0,0.0,0.0
2025-06-04 02:00:00+00:00,15.0,15.010000228881836,14.989999771118164,15.010000228881836,113693,0.0,0.0,0.0
2025-06-04 02:05:00+00:00,15.010000228881836,15.029999732971191,15.010000228881836,15.029999732971191,348565,0.0,0.0,0.0
2025-06-04 02:10:00+00:00,15.029999732971191,15.039999961853027,15.029999732971191,15.039999961853027,295103,0.0,0.0,0.0
2025-06-04 02:15:00+00:00,15.029999732971191,15.039999961853027,15.029999732971191,15.039999961853027,269654,0.0,0.0,0.0
2025-06-04 02:20:00+00:00,15.039999961853027,15.0600004196167,15.039999961853027,15.0600004196167,270593,0.0,0.0,0.0
2025-06-04 02:25:00+00:00,15.0600004196167,15.069999694824219,15.0600004196167,15.069999694824219,88167,0.0,0.0,0.0
2025-06-04 02:30:00+00:00,15.069999694824219,15.079999923706055,15.069999694824219,15.069999694824219,205195,0.0,0.0,0.0
2025-06-04 02:35:00+00:00,15.069999694824219,15.079999923706055,15.069999694824219,15.079999923706055,98337,0.0,0.0,0.0
2025-06-04 02:40:00+00:00,15.069999694824219,15.069999694824219,15.069999694824219,15.069999694824219,9020,0.0,0.0,0.0
2025-06-04 02:45:00+00:00,15.069999694824219,15.079999923706055,15.069999694824219,15.069999694824219,242160,0.0,0.0,0.0
2025-06-04 02:50:00+00:00,15.069999694824219,15.079999923706055,15.069999694824219,15.079999923706055,209255,0.0,0.0,0.0
2025-06-04 02:55:00+00:00,15.079999923706055,15.079999923706055,15.079999923706055,15.079999923706055,99860,0.0,0.0,0.0
2025-06-04 03:00:00+00:00,15.079999923706055,15.09000015258789,15.079999923706055,15.09000015258789,253839,0.0,0.0,0.0
2025-06-04 03:05:00+00:00,15.09000015258789,15.09000015258789,15.09000015258789,15.09000015258789,4600,0.0,0.0,0.0
2025-06-04 03:10:00+00:00,15.09000015258789,15.100000381469727,15.09000015258789,15.100000381469727,167091,0.0,0.0,0.0
2025-06-04 03:15:00+00:00,15.09000015258789,15.09000015258789,15.09000015258789,15.09000015258789,11000,0.0,0.0,0.0
2025-06-04 03:20:00+00:00,15.100000381469727,15.109999656677246,15.100000381469727,15.109999656677246,157834,0.0,0.0,0.0
2025-06-04 03:25:00+00:00,15.100000381469727,15.109999656677246,15.100000381469727,15.100000381469727,21000,0.0,0.0,0.0
2025-06-04 03:30:00+00:00,15.109999656677246,15.109999656677246,15.109999656677246,15.109999656677246,31186,0.0,0.0,0.0
2025-06-04 03:35:00+00:00,15.109999656677246,15.109999656677246,15.109999656677246,15.109999656677246,19160,0.0,0.0,0.0
2025-06-04 03:40:00+00:00,15.100000381469727,15.100000381469727,15.100000381469727,15.100000381469727,14000,0.0,0.0,0.0
2025-06-04 03:45:00+00:00,15.100000381469727,15.109999656677246,15.09000015258789,15.09000015258789,208577,0.0,0.0,0.0
2025-06-04 03:50:00+00:00,15.09000015258789,15.09000015258789,15.09000015258789,15.09000015258789,50000,0.0,0.0,0.0
2025-06-04 03:55:00+00:00,15.09000015258789,15.09000015258789,15.09000015258789,15.09000015258789,25000,0.0,0.0,0.0
2025-06-04 04:00:00+00:00,15.09000015258789,15.09000015258789,15.079999923706055,15.079999923706055,59000,0.0,0.0,0.0
2025-06-04 04:05:00+00:00,15.09000015258789,15.09000015258789,15.09000015258789,15.09000015258789,2020,0.0,0.0,0.0
2025-06-04 04:10:00+00:00,15.079999923706055,15.09000015258789,15.079999923706055,15.09000015258789,18000,0.0,0.0,0.0
2025-06-04 04:15:00+00:00,15.09000015258789,15.100000381469727,15.09000015258789,15.09000015258789,56223,0.0,0.0,0.0
2025-06-04 04:20:00+00:00,15.09000015258789,15.09000015258789,15.09000015258789,15.09000015258789,29000,0.0,0.0,0.0
2025-06-04 04:25:00+00:00,15.09000015258789,15.09000015258789,15.09000015258789,15.09000015258789,23200,0.0,0.0,0.0
2025-06-04 04:30:00+00:00,15.09000015258789,15.09000015258789,15.079999923706055,15.079999923706055,18392,0.0,0.0,0.0
2025-06-04 04:35:00+00:00,15.079999923706055,15.079999923706055,15.079999923706055,15.079999923706055,18000,0.0,0.0,0.0
2025-06-04 04:40:00+00:00,15.079999923706055,15.079999923706055,15.079999923706055,15.079999923706055,16000,0.0,0.0,0.0
2025-06-04 04:45:00+00:00,15.079999923706055,15.079999923706055,15.0600004196167,15.0600004196167,19412,0.0,0.0,0.0
2025-06-04 04:50:00+00:00,15.0600004196167,15.0600004196167,15.0600004196167,15.0600004196167,39340,0.0,0.0,0.0
2025-06-04 04:55:00+00:00,15.069999694824219,15.069999694824219,15.069999694824219,15.069999694824219,68112,0.0,0.0,0.0
2025-06-04 05:00:00+00:00,15.069999694824219,15.079999923706055,15.069999694824219,15.079999923706055,276123,0.0,0.0,0.0
2025-06-04 05:05:00+00:00,15.079999923706055,15.09000015258789,15.079999923706055,15.09000015258789,90000,0.0,0.0,0.0
2025-06-04 05:10:00+00:00,15.079999923706055,15.079999923706055,15.069999694824219,15.069999694824219,68000,0.0,0.0,0.0
2025-06-04 05:15:00+00:00,15.069999694824219,15.069999694824219,15.050000190734863,15.0600004196167,146012,0.0,0.0,0.0
2025-06-04 05:20:00+00:00,15.050000190734863,15.0600004196167,15.039999961853027,15.050000190734863,327401,0.0,0.0,0.0
2025-06-05 01:00:00+00:00,15.029999732971191,15.029999732971191,15.020000457763672,15.029999732971191,0,0.0,0.0,0.0
2025-06-05 01:05:00+00:00,15.039999961853027,15.0600004196167,15.039999961853027,15.0600004196167,101366,0.0,0.0,0.0
2025-06-05 01:10:00+00:00,15.069999694824219,15.069999694824219,15.0600004196167,15.069999694824219,107015,0.0,0.0,0.0
2025-06-05 01:15:00+00:00,15.079999923706055,15.09000015258789,15.079999923706055,15.079999923706055,32493,0.0,0.0,0.0
2025-06-05 01:20:00+00:00,15.079999923706055,15.09000015258789,15.069999694824219,15.069999694824219,97510,0.0,0.0,0.0
2025-06-05 01:25:00+00:00,15.069999694824219,15.069999694824219,15.069999694824219,15.069999694824219,50000,0.0,0.0,0.0
2025-06-05 01:30:00+00:00,15.069999694824219,15.079999923706055,15.0600004196167,15.079999923706055,102674,0.0,0.0,0.0
2025-06-05 01:35:00+00:00,15.079999923706055,15.079999923706055,15.069999694824219,15.069999694824219,10222,0.0,0.0,0.0
2025-06-05 01:40:00+00:00,15.069999694824219,15.069999694824219,15.0600004196167,15.069999694824219,175880,0.0,0.0,0.0
2025-06-05 01:45:00+00:00,15.069999694824219,15.079999923706055,15.069999694824219,15.079999923706055,69102,0.0,0.0,0.0
2025-06-05 01:55:00+00:00,15.069999694824219,15.069999694824219,15.069999694824219,15.069999694824219,29000,0.0,0.0,0.0
2025-06-05 02:00:00+00:00,15.069999694824219,15.079999923706055,15.050000190734863,15.050000190734863,213000,0.0,0.0,0.0
2025-06-05 02:05:00+00:00,15.039999961853027,15.039999961853027,14.979999542236328,14.989999771118164,311623,0.0,0.0,0.0
2025-06-05 02:10:00+00:00,14.989999771118164,15.0,14.989999771118164,15.0,44014,0.0,0.0,0.0
2025-06-05 02:15:00+00:00,15.0,15.0,15.0,15.0,4050,0.0,0.0,0.0
2025-06-05 02:25:00+00:00,14.979999542236328,14.989999771118164,14.979999542236328,14.979999542236328,7244,0.0,0.0,0.0
2025-06-05 02:30:00+00:00,14.979999542236328,14.979999542236328,14.960000038146973,14.960000038146973,37166,0.0,0.0,0.0
2025-06-05 02:35:00+00:00,14.960000038146973,14.960000038146973,14.949999809265137,14.960000038146973,12070,0.0,0.0,0.0
2025-06-05 02:40:00+00:00,14.960000038146973,14.960000038146973,14.949999809265137,14.949999809265137,24184,0.0,0.0,0.0
2025-06-05 02:45:00+00:00,14.949999809265137,14.949999809265137,14.9399995803833,14.949999809265137,13406,0.0,0.0,0.0
2025-06-05 02:50:00+00:00,14.949999809265137,14.949999809265137,14.9399995803833,14.949999809265137,12060,0.0,0.0,0.0
2025-06-05 02:55:00+00:00,14.949999809265137,14.949999809265137,14.949999809265137,14.949999809265137,1000,0.0,0.0,0.0
2025-06-05 03:00:00+00:00,14.949999809265137,14.949999809265137,14.9399995803833,14.9399995803833,6000,0.0,0.0,0.0
2025-06-05 03:05:00+00:00,14.9399995803833,14.9399995803833,14.930000305175781,14.930000305175781,3120,0.0,0.0,0.0
2025-06-05 03:10:00+00:00,14.930000305175781,14.930000305175781,14.930000305175781,14.930000305175781,4000,0.0,0.0,0.0
2025-06-05 03:15:00+00:00,14.930000305175781,14.9399995803833,14.930000305175781,14.930000305175781,6230,0.0,0.0,0.0
2025-06-05 03:20:00+00:00,14.930000305175781,14.930000305175781,14.930000305175781,14.930000305175781,23316,0.0,0.0,0.0
2025-06-05 03:25:00+00:00,14.930000305175781,14.930000305175781,14.930000305175781,14.930000305175781,6076,0.0,0.0,0.0
2025-06-05 03:30:00+00:00,14.930000305175781,14.930000305175781,14.920000076293945,14.920000076293945,74469,0.0,0.0,0.0
2025-06-05 03:35:00+00:00,14.930000305175781,14.930000305175781,14.920000076293945,14.920000076293945,7819,0.0,0.0,0.0
2025-06-05 03:40:00+00:00,14.920000076293945,14.920000076293945,14.920000076293945,14.920000076293945,2000,0.0,0.0,0.0
2025-06-05 03:45:00+00:00,14.930000305175781,14.930000305175781,14.920000076293945,14.920000076293945,103967,0.0,0.0,0.0
2025-06-05 03:50:00+00:00,14.90999984741211,14.90999984741211,14.90999984741211,14.90999984741211,10000,0.0,0.0,0.0
2025-06-05 03:55:00+00:00,14.90999984741211,14.90999984741211,14.90999984741211,14.90999984741211,12004,0.0,0.0,0.0
2025-06-05 04:00:00+00:00,14.90999984741211,14.90999984741211,14.90999984741211,14.90999984741211,76544,0.0,0.0,0.0
2025-06-05 04:05:00+00:00,14.90999984741211,14.90999984741211,14.90999984741211,14.90999984741211,3300,0.0,0.0,0.0
2025-06-05 04:10:00+00:00,14.90999984741211,14.90999984741211,14.90999984741211,14.90999984741211,28400,0.0,0.0,0.0
2025-06-05 04:15:00+00:00,14.90999984741211,14.90999984741211,14.90999984741211,14.90999984741211,52388,0.0,0.0,0.0
2025-06-05 04:20:00+00:00,14.90999984741211,14.920000076293945,14.90999984741211,14.90999984741211,156061,0.0,0.0,0.0
2025-06-05 04:25:00+00:00,14.920000076293945,14.920000076293945,14.90999984741211,14.90999984741211,5670,0.0,0.0,0.0
2025-06-05 04:30:00+00:00,14.90999984741211,14.90999984741211,14.90999984741211,14.90999984741211,10199,0.0,0.0,0.0
2025-06-05 04:35:00+00:00,14.930000305175781,14.930000305175781,14.90999984741211,14.90999984741211,15300,0.0,0.0,0.0
2025-06-05 04:45:00+00:00,14.90999984741211,14.920000076293945,14.90999984741211,14.90999984741211,36455,0.0,0.0,0.0
2025-06-05 04:50:00+00:00,14.90999984741211,14.90999984741211,14.899999618530273,14.899999618530273,30500,0.0,0.0,0.0
2025-06-05 04:55:00+00:00,14.90999984741211,14.920000076293945,14.90999984741211,14.920000076293945,32684,0.0,0.0,0.0
2025-06-05 05:05:00+00:00,14.90999984741211,14.90999984741211,14.90999984741211,14.90999984741211,2564,0.0,0.0,0.0
2025-06-05 05:10:00+00:00,14.899999618530273,14.899999618530273,14.899999618530273,14.899999618530273,15000,0.0,0.0,0.0
2025-06-05 05:15:00+00:00,14.899999618530273,14.899999618530273,14.899999618530273,14.899999618530273,10332,0.0,0.0,0.0
2025-06-05 05:20:00+00:00,14.899999618530273,14.899999618530273,14.890000343322754,14.890000343322754,131834,0.0,0.0,0.0
2025-06-06 01:00:00+00:00,14.899999618530273,14.90999984741211,14.899999618530273,14.90999984741211,0,0.0,0.0,0.0
2025-06-06 01:05:00+00:00,14.920000076293945,14.949999809265137,14.920000076293945,14.949999809265137,114588,0.0,0.0,0.0
2025-06-06 01:10:00+00:00,14.960000038146973,14.970000267028809,14.960000038146973,14.970000267028809,192300,0.0,0.0,0.0
2025-06-06 01:15:00+00:00,14.970000267028809,14.970000267028809,14.930000305175781,14.930000305175781,41634,0.0,0.0,0.0
2025-06-06 01:20:00+00:00,14.920000076293945,14.930000305175781,14.920000076293945,14.930000305175781,78000,0.0,0.0,0.0
2025-06-06 01:25:00+00:00,14.949999809265137,14.979999542236328,14.949999809265137,14.979999542236328,52519,0.0,0.0,0.0
2025-06-06 01:30:00+00:00,14.989999771118164,14.989999771118164,14.979999542236328,14.979999542236328,17108,0.0,0.0,0.0
2025-06-06 01:35:00+00:00,14.979999542236328,14.979999542236328,14.979999542236328,14.979999542236328,18573,0.0,0.0,0.0
2025-06-06 01:40:00+00:00,14.949999809265137,14.949999809265137,14.949999809265137,14.949999809265137,10000,0.0,0.0,0.0
2025-06-06 01:45:00+00:00,14.970000267028809,14.970000267028809,14.970000267028809,14.970000267028809,3102,0.0,0.0,0.0
2025-06-06 01:55:00+00:00,14.960000038146973,14.960000038146973,14.949999809265137,14.949999809265137,11138,0.0,0.0,0.0
2025-06-06 02:00:00+00:00,14.9399995803833,14.949999809265137,14.9399995803833,14.949999809265137,39100,0.0,0.0,0.0
2025-06-06 02:05:00+00:00,14.949999809265137,14.970000267028809,14.949999809265137,14.970000267028809,99579,0.0,0.0,0.0
2025-06-06 02:10:00+00:00,14.970000267028809,14.979999542236328,14.970000267028809,14.970000267028809,17000,0.0,0.0,0.0
2025-06-06 02:15:00+00:00,14.979999542236328,14.979999542236328,14.979999542236328,14.979999542236328,33748,0.0,0.0,0.0
2025-06-06 02:20:00+00:00,14.989999771118164,14.989999771118164,14.989999771118164,14.989999771118164,37100,0.0,0.0,0.0
2025-06-06 02:25:00+00:00,14.989999771118164,14.989999771118164,14.989999771118164,14.989999771118164,20002,0.0,0.0,0.0
2025-06-06 02:30:00+00:00,15.0,15.0,14.989999771118164,14.989999771118164,29119,0.0,0.0,0.0
2025-06-06 02:35:00+00:00,14.989999771118164,14.989999771118164,14.989999771118164,14.989999771118164,6068,0.0,0.0,0.0
2025-06-06 02:40:00+00:00,14.989999771118164,14.989999771118164,14.989999771118164,14.989999771118164,34000,0.0,0.0,0.0
2025-06-06 02:45:00+00:00,15.0,15.0,15.0,15.0,3258,0.0,0.0,0.0
2025-06-06 02:50:00+00:00,15.0,15.0,15.0,15.0,101000,0.0,0.0,0.0
2025-06-06 02:55:00+00:00,14.989999771118164,15.0,14.989999771118164,14.989999771118164,181028,0.0,0.0,0.0
2025-06-06 03:00:00+00:00,14.989999771118164,15.010000228881836,14.989999771118164,15.010000228881836,5727,0.0,0.0,0.0
2025-06-06 03:15:00+00:00,14.989999771118164,14.989999771118164,14.989999771118164,14.989999771118164,3430,0.0,0.0,0.0
2025-06-06 03:20:00+00:00,14.989999771118164,14.989999771118164,14.989999771118164,14.989999771118164,9000,0.0,0.0,0.0
2025-06-06 03:25:00+00:00,14.989999771118164,14.989999771118164,14.989999771118164,14.989999771118164,5038,0.0,0.0,0.0
2025-06-06 03:30:00+00:00,15.0,15.0,14.979999542236328,14.979999542236328,53100,0.0,0.0,0.0
2025-06-06 03:35:00+00:00,14.979999542236328,14.979999542236328,14.979999542236328,14.979999542236328,36118,0.0,0.0,0.0
2025-06-06 03:40:00+00:00,14.989999771118164,14.989999771118164,14.989999771118164,14.989999771118164,5032,0.0,0.0,0.0
2025-06-06 03:45:00+00:00,14.989999771118164,14.989999771118164,14.989999771118164,14.989999771118164,10640,0.0,0.0,0.0
2025-06-06 03:50:00+00:00,14.979999542236328,14.979999542236328,14.970000267028809,14.970000267028809,22018,0.0,0.0,0.0
2025-06-06 03:55:00+00:00,14.979999542236328,14.979999542236328,14.979999542236328,14.979999542236328,5100,0.0,0.0,0.0
2025-06-06 04:00:00+00:00,14.979999542236328,14.979999542236328,14.979999542236328,14.979999542236328,13018,0.0,0.0,0.0
2025-06-06 04:05:00+00:00,14.970000267028809,14.970000267028809,14.970000267028809,14.970000267028809,8078,0.0,0.0,0.0
2025-06-06 04:10:00+00:00,14.970000267028809,14.979999542236328,14.970000267028809,14.979999542236328,2000,0.0,0.0,0.0
2025-06-06 04:15:00+00:00,14.970000267028809,14.970000267028809,14.960000038146973,14.960000038146973,21229,0.0,0.0,0.0
2025-06-06 04:20:00+00:00,14.960000038146973,14.960000038146973,14.949999809265137,14.949999809265137,31040,0.0,0.0,0.0
2025-06-06 04:25:00+00:00,14.949999809265137,14.949999809265137,14.949999809265137,14.949999809265137,1000,0.0,0.0,0.0
2025-06-06 04:30:00+00:00,14.970000267028809,14.970000267028809,14.949999809265137,14.949999809265137,17410,0.0,0.0,0.0
2025-06-06 04:35:00+00:00,14.949999809265137,14.949999809265137,14.949999809265137,14.949999809265137,10260,0.0,0.0,0.0
2025-06-06 04:45:00+00:00,14.949999809265137,14.949999809265137,14.949999809265137,14.949999809265137,11118,0.0,0.0,0.0
2025-06-06 04:50:00+00:00,14.949999809265137,14.949999809265137,14.949999809265137,14.949999809265137,24423,0.0,0.0,0.0
2025-06-06 04:55:00+00:00,14.949999809265137,14.949999809265137,14.949999809265137,14.949999809265137,18019,0.0,0.0,0.0
2025-06-06 05:00:00+00:00,14.949999809265137,14.960000038146973,14.949999809265137,14.960000038146973,85700,0.0,0.0,0.0
2025-06-06 05:10:00+00:00,14.960000038146973,14.970000267028809,14.960000038146973,14.970000267028809,52197,0.0,0.0,0.0
2025-06-06 05:20:00+00:00,14.960000038146973,14.960000038146973,14.960000038146973,14.960000038146973,93366,0.0,0.0,0.0
2025-06-09 01:00:00+00:00,14.989999771118164,15.029999732971191,14.989999771118164,15.010000228881836,0,0.0,0.0,0.0
2025-06-09 01:05:00+00:00,15.020000457763672,15.020000457763672,15.010000228881836,15.020000457763672,85221,0.0,0.0,0.0
2025-06-09 01:10:00+00:00,15.029999732971191,15.029999732971191,15.029999732971191,15.029999732971191,2100,0.0,0.0,0.0
2025-06-09 01:15:00+00:00,15.029999732971191,15.050000190734863,15.020000457763672,15.050000190734863,343032,0.0,0.0,0.0
2025-06-09 01:20:00+00:00,15.050000190734863,15.050000190734863,15.039999961853027,15.050000190734863,29911,0.0,0.0,0.0
2025-06-09 01:25:00+00:00,15.039999961853027,15.039999961853027,15.020000457763672,15.020000457763672,142077,0.0,0.0,0.0
2025-06-09 01:30:00+00:00,15.020000457763672,15.020000457763672,15.010000228881836,15.010000228881836,29598,0.0,0.0,0.0
2025-06-09 01:35:00+00:00,15.0,15.0,15.0,15.0,41116,0.0,0.0,0.0
2025-06-09 01:40:00+00:00,15.0,15.0,15.0,15.0,12091,0.0,0.0,0.0
2025-06-09 01:45:00+00:00,15.0,15.010000228881836,15.0,15.010000228881836,20573,0.0,0.0,0.0
2025-06-09 01:50:00+00:00,15.020000457763672,15.020000457763672,15.020000457763672,15.020000457763672,28251,0.0,0.0,0.0
2025-06-09 01:55:00+00:00,15.020000457763672,15.020000457763672,15.0,15.0,5200,0.0,0.0,0.0
2025-06-09 02:00:00+00:00,15.020000457763672,15.020000457763672,15.010000228881836,15.010000228881836,11150,0.0,0.0,0.0
2025-06-09 02:05:00+00:00,15.010000228881836,15.020000457763672,15.010000228881836,15.020000457763672,56253,0.0,0.0,0.0
2025-06-09 02:10:00+00:00,15.020000457763672,15.020000457763672,15.010000228881836,15.010000228881836,27010,0.0,0.0,0.0
2025-06-09 02:15:00+00:00,15.020000457763672,15.020000457763672,15.010000228881836,15.010000228881836,95229,0.0,0.0,0.0
2025-06-09 02:20:00+00:00,15.0,15.010000228881836,15.0,15.0,17000,0.0,0.0,0.0
2025-06-09 02:25:00+00:00,15.0,15.010000228881836,15.0,15.0,88110,0.0,0.0,0.0
2025-06-09 02:30:00+00:00,15.0,15.0,14.970000267028809,14.970000267028809,25950,0.0,0.0,0.0
2025-06-09 02:35:00+00:00,14.989999771118164,14.989999771118164,14.979999542236328,14.979999542236328,7612,0.0,0.0,0.0
2025-06-09 02:40:00+00:00,14.989999771118164,14.989999771118164,14.989999771118164,14.989999771118164,13000,0.0,0.0,0.0
2025-06-09 02:45:00+00:00,15.0,15.0,15.0,15.0,2100,0.0,0.0,0.0
2025-06-09 02:50:00+00:00,14.979999542236328,14.979999542236328,14.979999542236328,14.979999542236328,1100,0.0,0.0,0.0
2025-06-09 02:55:00+00:00,14.979999542236328,14.979999542236328,14.979999542236328,14.979999542236328,76129,0.0,0.0,0.0
2025-06-09 03:00:00+00:00,14.989999771118164,15.0,14.979999542236328,14.979999542236328,5109,0.0,0.0,0.0
2025-06-09 03:05:00+00:00,14.989999771118164,15.0,14.970000267028809,14.970000267028809,3454,0.0,0.0,0.0
2025-06-09 03:10:00+00:00,14.970000267028809,14.970000267028809,14.970000267028809,14.970000267028809,3000,0.0,0.0,0.0
2025-06-09 03:15:00+00:00,15.0,15.0,14.989999771118164,15.0,0,0.0,0.0,0.0
2025-06-09 03:20:00+00:00,14.989999771118164,14.989999771118164,14.989999771118164,14.989999771118164,1494622,0.0,0.0,0.0
2025-06-09 03:25:00+00:00,14.979999542236328,14.979999542236328,14.979999542236328,14.979999542236328,2000,0.0,0.0,0.0
2025-06-09 03:30:00+00:00,14.979999542236328,14.979999542236328,14.979999542236328,14.979999542236328,1000,0.0,0.0,0.0
2025-06-09 03:35:00+00:00,14.979999542236328,14.979999542236328,14.979999542236328,14.979999542236328,2286,0.0,0.0,0.0
2025-06-09 03:40:00+00:00,14.970000267028809,14.970000267028809,14.970000267028809,14.970000267028809,7120,0.0,0.0,0.0
2025-06-09 03:45:00+00:00,14.970000267028809,14.970000267028809,14.970000267028809,14.970000267028809,1180,0.0,0.0,0.0
2025-06-09 03:50:00+00:00,14.960000038146973,14.970000267028809,14.960000038146973,14.970000267028809,27320,0.0,0.0,0.0
2025-06-09 03:55:00+00:00,14.970000267028809,14.970000267028809,14.970000267028809,14.970000267028809,31003,0.0,0.0,0.0
2025-06-09 04:00:00+00:00,14.970000267028809,14.979999542236328,14.970000267028809,14.979999542236328,45000,0.0,0.0,0.0
2025-06-09 04:05:00+00:00,14.979999542236328,14.979999542236328,14.979999542236328,14.979999542236328,5000,0.0,0.0,0.0
2025-06-09 04:10:00+00:00,14.979999542236328,14.979999542236328,14.979999542236328,14.979999542236328,10349,0.0,0.0,0.0
2025-06-09 04:15:00+00:00,14.970000267028809,14.970000267028809,14.970000267028809,14.970000267028809,35000,0.0,0.0,0.0
2025-06-09 04:20:00+00:00,14.970000267028809,14.970000267028809,14.970000267028809,14.970000267028809,56420,0.0,0.0,0.0
2025-06-09 04:25:00+00:00,14.979999542236328,14.979999542236328,14.979999542236328,14.979999542236328,1734,0.0,0.0,0.0
2025-06-09 04:35:00+00:00,14.970000267028809,14.979999542236328,14.970000267028809,14.979999542236328,34100,0.0,0.0,0.0
2025-06-09 04:40:00+00:00,14.970000267028809,14.970000267028809,14.970000267028809,14.970000267028809,27165,0.0,0.0,0.0
2025-06-09 04:45:00+00:00,14.979999542236328,14.979999542236328,14.979999542236328,14.979999542236328,12100,0.0,0.0,0.0
2025-06-09 04:50:00+00:00,14.970000267028809,14.979999542236328,14.970000267028809,14.970000267028809,8000,0.0,0.0,0.0
2025-06-09 04:55:00+00:00,14.989999771118164,14.989999771118164,14.979999542236328,14.979999542236328,18200,0.0,0.0,0.0
2025-06-09 05:00:00+00:00,14.970000267028809,14.970000267028809,14.970000267028809,14.970000267028809,34247,0.0,0.0,0.0
2025-06-09 05:10:00+00:00,14.970000267028809,14.970000267028809,14.970000267028809,14.970000267028809,11578,0.0,0.0,0.0
2025-06-09 05:15:00+00:00,14.970000267028809,14.979999542236328,14.970000267028809,14.970000267028809,9638,0.0,0.0,0.0
2025-06-09 05:20:00+00:00,14.979999542236328,14.979999542236328,14.979999542236328,14.979999542236328,33162,0.0,0.0,0.0
2025-06-10 01:00:00+00:00,14.979999542236328,15.0,14.979999542236328,14.989999771118164,0,0.0,0.0,0.0
2025-06-10 01:05:00+00:00,15.0,15.020000457763672,15.0,15.020000457763672,137455,0.0,0.0,0.0
2025-06-10 01:10:00+00:00,15.020000457763672,15.020000457763672,15.0,15.0,5413,0.0,0.0,0.0
2025-06-10 01:15:00+00:00,15.0,15.0,15.0,15.0,56000,0.0,0.0,0.0
2025-06-10 01:20:00+00:00,15.0,15.020000457763672,15.0,15.020000457763672,111026,0.0,0.0,0.0
2025-06-10 01:25:00+00:00,15.020000457763672,15.039999961853027,15.020000457763672,15.029999732971191,173720,0.0,0.0,0.0
2025-06-10 01:30:00+00:00,15.039999961853027,15.039999961853027,15.029999732971191,15.029999732971191,11483,0.0,0.0,0.0
2025-06-10 01:35:00+00:00,15.039999961853027,15.050000190734863,15.029999732971191,15.050000190734863,41110,0.0,0.0,0.0
2025-06-10 01:40:00+00:00,15.050000190734863,15.069999694824219,15.050000190734863,15.069999694824219,336356,0.0,0.0,0.0
2025-06-10 01:45:00+00:00,15.069999694824219,15.09000015258789,15.069999694824219,15.079999923706055,155766,0.0,0.0,0.0
2025-06-10 01:50:00+00:00,15.09000015258789,15.09000015258789,15.09000015258789,15.09000015258789,27700,0.0,0.0,0.0
2025-06-10 01:55:00+00:00,15.09000015258789,15.09000015258789,15.079999923706055,15.079999923706055,106100,0.0,0.0,0.0
2025-06-10 02:00:00+00:00,15.09000015258789,15.09000015258789,15.079999923706055,15.079999923706055,5200,0.0,0.0,0.0
2025-06-10 02:05:00+00:00,15.079999923706055,15.079999923706055,15.069999694824219,15.069999694824219,89311,0.0,0.0,0.0
2025-06-10 02:10:00+00:00,15.079999923706055,15.09000015258789,15.079999923706055,15.09000015258789,111209,0.0,0.0,0.0
2025-06-10 02:15:00+00:00,15.079999923706055,15.100000381469727,15.079999923706055,15.100000381469727,148671,0.0,0.0,0.0
2025-06-10 02:20:00+00:00,15.100000381469727,15.100000381469727,15.100000381469727,15.100000381469727,26148,0.0,0.0,0.0
2025-06-10 02:25:00+00:00,15.100000381469727,15.109999656677246,15.09000015258789,15.09000015258789,164150,0.0,0.0,0.0
2025-06-10 02:30:00+00:00,15.09000015258789,15.09000015258789,15.09000015258789,15.09000015258789,13000,0.0,0.0,0.0
2025-06-10 02:35:00+00:00,15.09000015258789,15.09000015258789,15.09000015258789,15.09000015258789,21250,0.0,0.0,0.0
2025-06-10 02:40:00+00:00,15.100000381469727,15.109999656677246,15.100000381469727,15.109999656677246,149729,0.0,0.0,0.0
2025-06-10 02:45:00+00:00,15.100000381469727,15.109999656677246,15.100000381469727,15.100000381469727,85000,0.0,0.0,0.0
2025-06-10 02:50:00+00:00,15.109999656677246,15.109999656677246,15.100000381469727,15.109999656677246,48252,0.0,0.0,0.0
2025-06-10 02:55:00+00:00,15.100000381469727,15.100000381469727,15.100000381469727,15.100000381469727,3000,0.0,0.0,0.0
2025-06-10 03:00:00+00:00,15.100000381469727,15.109999656677246,15.100000381469727,15.109999656677246,39454,0.0,0.0,0.0
2025-06-10 03:10:00+00:00,15.079999923706055,15.079999923706055,15.079999923706055,15.079999923706055,12000,0.0,0.0,0.0
2025-06-10 03:15:00+00:00,15.079999923706055,15.09000015258789,15.079999923706055,15.09000015258789,4080,0.0,0.0,0.0
2025-06-10 03:20:00+00:00,15.09000015258789,15.09000015258789,15.09000015258789,15.09000015258789,28059,0.0,0.0,0.0
2025-06-10 03:25:00+00:00,15.09000015258789,15.09000015258789,15.09000015258789,15.09000015258789,10498,0.0,0.0,0.0
2025-06-10 03:30:00+00:00,15.079999923706055,15.079999923706055,15.079999923706055,15.079999923706055,1000,0.0,0.0,0.0
2025-06-10 03:35:00+00:00,15.079999923706055,15.079999923706055,15.079999923706055,15.079999923706055,2220,0.0,0.0,0.0
2025-06-10 03:40:00+00:00,15.079999923706055,15.079999923706055,15.079999923706055,15.079999923706055,5000,0.0,0.0,0.0
2025-06-10 03:45:00+00:00,15.079999923706055,15.079999923706055,15.079999923706055,15.079999923706055,115792,0.0,0.0,0.0
2025-06-10 03:50:00+00:00,15.079999923706055,15.079999923706055,15.079999923706055,15.079999923706055,17001,0.0,0.0,0.0
2025-06-10 03:55:00+00:00,15.079999923706055,15.079999923706055,15.079999923706055,15.079999923706055,46000,0.0,0.0,0.0
2025-06-10 04:00:00+00:00,15.079999923706055,15.079999923706055,15.079999923706055,15.079999923706055,13945,0.0,0.0,0.0
2025-06-10 04:05:00+00:00,15.079999923706055,15.09000015258789,15.069999694824219,15.079999923706055,71040,0.0,0.0,0.0
2025-06-10 04:10:00+00:00,15.069999694824219,15.069999694824219,15.069999694824219,15.069999694824219,1000,0.0,0.0,0.0
2025-06-10 04:15:00+00:00,15.069999694824219,15.069999694824219,15.069999694824219,15.069999694824219,19140,0.0,0.0,0.0
2025-06-10 04:20:00+00:00,15.069999694824219,15.079999923706055,15.069999694824219,15.069999694824219,25000,0.0,0.0,0.0
2025-06-10 04:25:00+00:00,15.069999694824219,15.069999694824219,15.0600004196167,15.0600004196167,28170,0.0,0.0,0.0
2025-06-10 04:30:00+00:00,15.0600004196167,15.0600004196167,15.0600004196167,15.0600004196167,24000,0.0,0.0,0.0
2025-06-10 04:35:00+00:00,15.0600004196167,15.0600004196167,15.0600004196167,15.0600004196167,15000,0.0,0.0,0.0
2025-06-10 04:40:00+00:00,15.0600004196167,15.0600004196167,15.0600004196167,15.0600004196167,12000,0.0,0.0,0.0
2025-06-10 04:45:00+00:00,15.0600004196167,15.079999923706055,15.0600004196167,15.069999694824219,75019,0.0,0.0,0.0
2025-06-10 04:50:00+00:00,15.069999694824219,15.069999694824219,15.069999694824219,15.069999694824219,16695,0.0,0.0,0.0
2025-06-10 04:55:00+00:00,15.069999694824219,15.069999694824219,15.069999694824219,15.069999694824219,10000,0.0,0.0,0.0
2025-06-10 05:00:00+00:00,15.069999694824219,15.069999694824219,15.0600004196167,15.0600004196167,71002,0.0,0.0,0.0
2025-06-10 05:05:00+00:00,15.069999694824219,15.069999694824219,15.069999694824219,15.069999694824219,47332,0.0,0.0,0.0
2025-06-10 05:10:00+00:00,15.069999694824219,15.079999923706055,15.069999694824219,15.079999923706055,16000,0.0,0.0,0.0
2025-06-10 05:15:00+00:00,15.0600004196167,15.079999923706055,15.0600004196167,15.079999923706055,33024,0.0,0.0,0.0
2025-06-10 05:20:00+00:00,15.069999694824219,15.069999694824219,15.0600004196167,15.0600004196167,204538,0.0,0.0,0.0
2025-06-11 01:00:00+00:00,15.050000190734863,15.050000190734863,15.029999732971191,15.029999732971191,0,0.0,0.0,0.0
2025-06-11 01:05:00+00:00,15.020000457763672,15.029999732971191,15.010000228881836,15.029999732971191,372421,0.0,0.0,0.0
2025-06-11 01:10:00+00:00,15.029999732971191,15.029999732971191,15.010000228881836,15.010000228881836,7370,0.0,0.0,0.0
2025-06-11 01:15:00+00:00,15.0,15.020000457763672,15.0,15.010000228881836,215628,0.0,0.0,0.0
2025-06-11 01:20:00+00:00,15.0,15.020000457763672,15.0,15.020000457763672,0,0.0,0.0,0.0
2025-06-11 01:25:00+00:00,15.010000228881836,15.020000457763672,15.010000228881836,15.020000457763672,617496,0.0,0.0,0.0
2025-06-11 01:30:00+00:00,15.020000457763672,15.020000457763672,15.0,15.0,32647,0.0,0.0,0.0
2025-06-11 01:35:00+00:00,15.010000228881836,15.020000457763672,15.010000228881836,15.020000457763672,120779,0.0,0.0,0.0
2025-06-11 01:45:00+00:00,15.010000228881836,15.010000228881836,15.010000228881836,15.010000228881836,6000,0.0,0.0,0.0
2025-06-11 01:50:00+00:00,15.020000457763672,15.029999732971191,15.020000457763672,15.020000457763672,169114,0.0,0.0,0.0
2025-06-11 01:55:00+00:00,15.010000228881836,15.010000228881836,15.0,15.0,107205,0.0,0.0,0.0
2025-06-11 02:00:00+00:00,15.0,15.010000228881836,14.989999771118164,15.010000228881836,37090,0.0,0.0,0.0
2025-06-11 02:05:00+00:00,15.010000228881836,15.020000457763672,15.010000228881836,15.020000457763672,55010,0.0,0.0,0.0
2025-06-11 02:10:00+00:00,15.020000457763672,15.029999732971191,15.020000457763672,15.029999732971191,36257,0.0,0.0,0.0
2025-06-11 02:15:00+00:00,15.029999732971191,15.029999732971191,15.029999732971191,15.029999732971191,8000,0.0,0.0,0.0
2025-06-11 02:20:00+00:00,15.029999732971191,15.039999961853027,15.029999732971191,15.039999961853027,68000,0.0,0.0,0.0
2025-06-11 02:25:00+00:00,15.029999732971191,15.029999732971191,15.029999732971191,15.029999732971191,2300,0.0,0.0,0.0
2025-06-11 02:30:00+00:00,15.029999732971191,15.029999732971191,15.029999732971191,15.029999732971191,10060,0.0,0.0,0.0
2025-06-11 02:35:00+00:00,15.029999732971191,15.029999732971191,15.029999732971191,15.029999732971191,7020,0.0,0.0,0.0
2025-06-11 02:40:00+00:00,15.029999732971191,15.029999732971191,15.029999732971191,15.029999732971191,0,0.0,0.0,0.0
2025-06-11 02:45:00+00:00,15.029999732971191,15.050000190734863,15.029999732971191,15.050000190734863,1364920,0.0,0.0,0.0
2025-06-11 02:50:00+00:00,15.050000190734863,15.050000190734863,15.050000190734863,15.050000190734863,5100,0.0,0.0,0.0
2025-06-11 02:55:00+00:00,15.050000190734863,15.050000190734863,15.050000190734863,15.050000190734863,46116,0.0,0.0,0.0
2025-06-11 03:00:00+00:00,15.050000190734863,15.050000190734863,15.050000190734863,15.050000190734863,28601,0.0,0.0,0.0
2025-06-11 03:05:00+00:00,15.050000190734863,15.069999694824219,15.050000190734863,15.069999694824219,25300,0.0,0.0,0.0
2025-06-11 03:10:00+00:00,15.069999694824219,15.069999694824219,15.0600004196167,15.0600004196167,106000,0.0,0.0,0.0
2025-06-11 03:15:00+00:00,15.0600004196167,15.079999923706055,15.0600004196167,15.069999694824219,50911,0.0,0.0,0.0
2025-06-11 03:20:00+00:00,15.079999923706055,15.09000015258789,15.079999923706055,15.09000015258789,53791,0.0,0.0,0.0
2025-06-11 03:25:00+00:00,15.09000015258789,15.100000381469727,15.09000015258789,15.100000381469727,0,0.0,0.0,0.0
2025-06-11 03:30:00+00:00,15.100000381469727,15.100000381469727,15.100000381469727,15.100000381469727,1748817,0.0,0.0,0.0
2025-06-11 03:35:00+00:00,15.09000015258789,15.09000015258789,15.09000015258789,15.09000015258789,28100,0.0,0.0,0.0
2025-06-11 03:40:00+00:00,15.09000015258789,15.09000015258789,15.09000015258789,15.09000015258789,20236,0.0,0.0,0.0
2025-06-11 03:45:00+00:00,15.079999923706055,15.09000015258789,15.079999923706055,15.079999923706055,29100,0.0,0.0,0.0
2025-06-11 03:50:00+00:00,15.079999923706055,15.079999923706055,15.079999923706055,15.079999923706055,25053,0.0,0.0,0.0
2025-06-11 03:55:00+00:00,15.079999923706055,15.09000015258789,15.079999923706055,15.09000015258789,7249,0.0,0.0,0.0
2025-06-11 04:15:00+00:00,15.09000015258789,15.09000015258789,15.09000015258789,15.09000015258789,121201,0.0,0.0,0.0
2025-06-11 04:20:00+00:00,15.079999923706055,15.09000015258789,15.079999923706055,15.09000015258789,10340,0.0,0.0,0.0
2025-06-11 04:25:00+00:00,15.079999923706055,15.09000015258789,15.079999923706055,15.09000015258789,20318,0.0,0.0,0.0
2025-06-11 04:30:00+00:00,15.09000015258789,15.100000381469727,15.09000015258789,15.100000381469727,176924,0.0,0.0,0.0
2025-06-11 04:35:00+00:00,15.09000015258789,15.100000381469727,15.09000015258789,15.09000015258789,199060,0.0,0.0,0.0
2025-06-11 04:40:00+00:00,15.100000381469727,15.100000381469727,15.100000381469727,15.100000381469727,2000,0.0,0.0,0.0
2025-06-12 01:00:00+00:00,15.09000015258789,15.109999656677246,15.09000015258789,15.109999656677246,162000,0.0,0.0,0.0
2025-06-12 01:05:00+00:00,15.100000381469727,15.130000114440918,15.100000381469727,15.119999885559082,41000,0.0,0.0,0.0
2025-06-12 01:10:00+00:00,15.119999885559082,15.130000114440918,15.119999885559082,15.119999885559082,48595,0.0,0.0,0.0
2025-06-12 01:15:00+00:00,15.109999656677246,15.109999656677246,15.109999656677246,15.109999656677246,1000,0.0,0.0,0.0
2025-06-12 01:20:00+00:00,15.109999656677246,15.119999885559082,15.100000381469727,15.119999885559082,52790,0.0,0.0,0.0
2025-06-12 01:25:00+00:00,15.119999885559082,15.119999885559082,15.109999656677246,15.109999656677246,90000,0.0,0.0,0.0
2025-06-12 01:30:00+00:00,15.119999885559082,15.130000114440918,15.119999885559082,15.119999885559082,110500,0.0,0.0,0.0
2025-06-12 01:35:00+00:00,15.119999885559082,15.119999885559082,15.109999656677246,15.109999656677246,3000,0.0,0.0,0.0
2025-06-12 01:40:00+00:00,15.100000381469727,15.109999656677246,15.100000381469727,15.109999656677246,42655,0.0,0.0,0.0
2025-06-12 01:45:00+00:00,15.09000015258789,15.09000015258789,15.09000015258789,15.09000015258789,107477,0.0,0.0,0.0
2025-06-12 01:50:00+00:00,15.100000381469727,15.100000381469727,15.100000381469727,15.100000381469727,19000,0.0,0.0,0.0
2025-06-12 01:55:00+00:00,15.100000381469727,15.109999656677246,15.100000381469727,15.100000381469727,34829,0.0,0.0,0.0
2025-06-12 02:00:00+00:00,15.100000381469727,15.100000381469727,15.100000381469727,15.100000381469727,8172,0.0,0.0,0.0
2025-06-12 02:05:00+00:00,15.100000381469727,15.100000381469727,15.100000381469727,15.100000381469727,22000,0.0,0.0,0.0
2025-06-12 02:10:00+00:00,15.100000381469727,15.100000381469727,15.100000381469727,15.100000381469727,12200,0.0,0.0,0.0
2025-06-12 02:15:00+00:00,15.100000381469727,15.100000381469727,15.100000381469727,15.100000381469727,66009,0.0,0.0,0.0
2025-06-12 02:20:00+00:00,15.100000381469727,15.100000381469727,15.100000381469727,15.100000381469727,13280,0.0,0.0,0.0
2025-06-12 02:30:00+00:00,15.100000381469727,15.100000381469727,15.100000381469727,15.100000381469727,4000,0.0,0.0,0.0
2025-06-12 02:35:00+00:00,15.100000381469727,15.109999656677246,15.100000381469727,15.109999656677246,14000,0.0,0.0,0.0
2025-06-12 02:40:00+00:00,15.100000381469727,15.100000381469727,15.100000381469727,15.100000381469727,44386,0.0,0.0,0.0
2025-06-12 02:45:00+00:00,15.100000381469727,15.100000381469727,15.100000381469727,15.100000381469727,7010,0.0,0.0,0.0
2025-06-12 02:50:00+00:00,15.100000381469727,15.100000381469727,15.100000381469727,15.100000381469727,73089,0.0,0.0,0.0
2025-06-12 02:55:00+00:00,15.100000381469727,15.109999656677246,15.100000381469727,15.100000381469727,156330,0.0,0.0,0.0
2025-06-12 03:00:00+00:00,15.100000381469727,15.100000381469727,15.100000381469727,15.100000381469727,21310,0.0,0.0,0.0
2025-06-12 03:15:00+00:00,15.109999656677246,15.109999656677246,15.109999656677246,15.109999656677246,76034,0.0,0.0,0.0
2025-06-12 03:20:00+00:00,15.100000381469727,15.100000381469727,15.100000381469727,15.100000381469727,5000,0.0,0.0,0.0
2025-06-12 03:25:00+00:00,15.100000381469727,15.100000381469727,15.100000381469727,15.100000381469727,0,0.0,0.0,0.0
2025-06-12 03:35:00+00:00,15.100000381469727,15.109999656677246,15.100000381469727,15.109999656677246,1310021,0.0,0.0,0.0
2025-06-12 03:40:00+00:00,15.109999656677246,15.109999656677246,15.109999656677246,15.109999656677246,5000,0.0,0.0,0.0
2025-06-12 03:45:00+00:00,15.109999656677246,15.109999656677246,15.109999656677246,15.109999656677246,8007,0.0,0.0,0.0
2025-06-12 03:50:00+00:00,15.109999656677246,15.109999656677246,15.109999656677246,15.109999656677246,100000,0.0,0.0,0.0
2025-06-12 03:55:00+00:00,15.109999656677246,15.109999656677246,15.109999656677246,15.109999656677246,8009,0.0,0.0,0.0
2025-06-12 04:00:00+00:00,15.100000381469727,15.109999656677246,15.100000381469727,15.109999656677246,40000,0.0,0.0,0.0
2025-06-12 04:05:00+00:00,15.109999656677246,15.109999656677246,15.109999656677246,15.109999656677246,2150,0.0,0.0,0.0
2025-06-12 04:10:00+00:00,15.109999656677246,15.109999656677246,15.109999656677246,15.109999656677246,9150,0.0,0.0,0.0
2025-06-12 04:15:00+00:00,15.100000381469727,15.100000381469727,15.100000381469727,15.100000381469727,6150,0.0,0.0,0.0
2025-06-12 04:25:00+00:00,15.100000381469727,15.100000381469727,15.100000381469727,15.100000381469727,4049,0.0,0.0,0.0
2025-06-12 04:30:00+00:00,15.100000381469727,15.100000381469727,15.100000381469727,15.100000381469727,18000,0.0,0.0,0.0
2025-06-12 04:35:00+00:00,15.100000381469727,15.100000381469727,15.100000381469727,15.100000381469727,7013,0.0,0.0,0.0
2025-06-12 04:50:00+00:00,15.09000015258789,15.09000015258789,15.09000015258789,15.09000015258789,19625,0.0,0.0,0.0
2025-06-12 04:55:00+00:00,15.09000015258789,15.09000015258789,15.09000015258789,15.09000015258789,4000,0.0,0.0,0.0
2025-06-12 05:00:00+00:00,15.09000015258789,15.09000015258789,15.09000015258789,15.09000015258789,7000,0.0,0.0,0.0
2025-06-12 05:05:00+00:00,15.09000015258789,15.09000015258789,15.09000015258789,15.09000015258789,0,0.0,0.0,0.0
2025-06-12 05:15:00+00:00,15.09000015258789,15.09000015258789,15.079999923706055,15.09000015258789,1576410,0.0,0.0,0.0
2025-06-12 05:20:00+00:00,15.09000015258789,15.100000381469727,15.09000015258789,15.09000015258789,122000,0.0,0.0,0.0
2025-06-13 01:00:00+00:00,15.050000190734863,15.050000190734863,15.020000457763672,15.020000457763672,0,0.0,0.0,0.0
2025-06-13 01:05:00+00:00,15.010000228881836,15.029999732971191,14.989999771118164,15.020000457763672,120584,0.0,0.0,0.0
2025-06-13 01:10:00+00:00,15.020000457763672,15.020000457763672,15.0,15.0,205878,0.0,0.0,0.0
2025-06-13 01:15:00+00:00,14.989999771118164,14.989999771118164,14.989999771118164,14.989999771118164,39551,0.0,0.0,0.0
2025-06-13 01:20:00+00:00,15.0,15.010000228881836,15.0,15.0,155000,0.0,0.0,0.0
2025-06-13 01:25:00+00:00,15.0,15.010000228881836,15.0,15.010000228881836,101500,0.0,0.0,0.0
2025-06-13 01:30:00+00:00,15.010000228881836,15.039999961853027,15.010000228881836,15.039999961853027,50333,0.0,0.0,0.0
2025-06-13 01:35:00+00:00,15.039999961853027,15.079999923706055,15.039999961853027,15.079999923706055,134523,0.0,0.0,0.0
2025-06-13 01:40:00+00:00,15.079999923706055,15.079999923706055,15.069999694824219,15.069999694824219,7158,0.0,0.0,0.0
2025-06-13 01:45:00+00:00,15.069999694824219,15.09000015258789,15.069999694824219,15.09000015258789,228400,0.0,0.0,0.0
2025-06-13 01:50:00+00:00,15.079999923706055,15.09000015258789,15.079999923706055,15.09000015258789,67000,0.0,0.0,0.0
2025-06-13 01:55:00+00:00,15.100000381469727,15.109999656677246,15.100000381469727,15.109999656677246,84756,0.0,0.0,0.0
2025-06-13 02:00:00+00:00,15.119999885559082,15.119999885559082,15.119999885559082,15.119999885559082,3220,0.0,0.0,0.0
2025-06-13 02:05:00+00:00,15.109999656677246,15.109999656677246,15.109999656677246,15.109999656677246,33137,0.0,0.0,0.0
2025-06-13 02:10:00+00:00,15.109999656677246,15.119999885559082,15.109999656677246,15.119999885559082,154341,0.0,0.0,0.0
2025-06-13 02:15:00+00:00,15.119999885559082,15.130000114440918,15.119999885559082,15.130000114440918,72949,0.0,0.0,0.0
2025-06-13 02:20:00+00:00,15.130000114440918,15.149999618530273,15.130000114440918,15.130000114440918,163000,0.0,0.0,0.0
2025-06-13 02:25:00+00:00,15.119999885559082,15.119999885559082,15.109999656677246,15.119999885559082,401009,0.0,0.0,0.0
2025-06-13 02:30:00+00:00,15.130000114440918,15.130000114440918,15.100000381469727,15.100000381469727,203200,0.0,0.0,0.0
2025-06-13 02:40:00+00:00,15.079999923706055,15.079999923706055,15.0600004196167,15.0600004196167,104000,0.0,0.0,0.0
2025-06-13 02:45:00+00:00,15.050000190734863,15.079999923706055,15.050000190734863,15.079999923706055,166100,0.0,0.0,0.0
2025-06-13 02:50:00+00:00,15.079999923706055,15.09000015258789,15.079999923706055,15.09000015258789,102101,0.0,0.0,0.0
2025-06-13 02:55:00+00:00,15.079999923706055,15.100000381469727,15.079999923706055,15.100000381469727,76000,0.0,0.0,0.0
2025-06-13 03:00:00+00:00,15.109999656677246,15.109999656677246,15.09000015258789,15.09000015258789,18100,0.0,0.0,0.0
2025-06-13 03:05:00+00:00,15.09000015258789,15.09000015258789,15.079999923706055,15.09000015258789,17005,0.0,0.0,0.0
2025-06-13 03:10:00+00:00,15.09000015258789,15.100000381469727,15.09000015258789,15.100000381469727,18805,0.0,0.0,0.0
2025-06-13 03:15:00+00:00,15.109999656677246,15.109999656677246,15.109999656677246,15.109999656677246,19057,0.0,0.0,0.0
2025-06-13 03:20:00+00:00,15.109999656677246,15.109999656677246,15.109999656677246,15.109999656677246,28000,0.0,0.0,0.0
2025-06-13 03:25:00+00:00,15.119999885559082,15.119999885559082,15.119999885559082,15.119999885559082,27911,0.0,0.0,0.0
2025-06-13 03:35:00+00:00,15.109999656677246,15.109999656677246,15.109999656677246,15.109999656677246,8060,0.0,0.0,0.0
2025-06-13 03:40:00+00:00,15.100000381469727,15.109999656677246,15.100000381469727,15.100000381469727,59037,0.0,0.0,0.0
2025-06-13 03:45:00+00:00,15.09000015258789,15.109999656677246,15.09000015258789,15.100000381469727,18070,0.0,0.0,0.0
2025-06-13 03:50:00+00:00,15.100000381469727,15.109999656677246,15.100000381469727,15.109999656677246,18059,0.0,0.0,0.0
2025-06-13 03:55:00+00:00,15.109999656677246,15.109999656677246,15.109999656677246,15.109999656677246,7000,0.0,0.0,0.0
2025-06-13 04:05:00+00:00,15.109999656677246,15.119999885559082,15.100000381469727,15.100000381469727,8000,0.0,0.0,0.0
2025-06-13 04:10:00+00:00,15.100000381469727,15.109999656677246,15.100000381469727,15.109999656677246,24000,0.0,0.0,0.0
2025-06-13 04:20:00+00:00,15.100000381469727,15.100000381469727,15.100000381469727,15.100000381469727,56100,0.0,0.0,0.0
2025-06-13 04:30:00+00:00,15.100000381469727,15.100000381469727,15.100000381469727,15.100000381469727,114102,0.0,0.0,0.0
2025-06-13 04:35:00+00:00,15.100000381469727,15.100000381469727,15.100000381469727,15.100000381469727,214000,0.0,0.0,0.0
2025-06-13 04:40:00+00:00,15.100000381469727,15.100000381469727,15.100000381469727,15.100000381469727,34500,0.0,0.0,0.0
2025-06-13 04:45:00+00:00,15.100000381469727,15.100000381469727,15.100000381469727,15.100000381469727,6400,0.0,0.0,0.0
2025-06-13 04:50:00+00:00,15.100000381469727,15.100000381469727,15.100000381469727,15.100000381469727,3300,0.0,0.0,0.0
2025-06-13 04:55:00+00:00,15.100000381469727,15.100000381469727,15.100000381469727,15.100000381469727,3077,0.0,0.0,0.0
2025-06-13 05:00:00+00:00,15.09000015258789,15.09000015258789,15.09000015258789,15.09000015258789,3000,0.0,0.0,0.0
2025-06-13 05:05:00+00:00,15.079999923706055,15.079999923706055,15.079999923706055,15.079999923706055,2022,0.0,0.0,0.0
2025-06-13 05:10:00+00:00,15.079999923706055,15.079999923706055,15.079999923706055,15.079999923706055,101299,0.0,0.0,0.0
2025-06-13 05:15:00+00:00,15.069999694824219,15.069999694824219,15.069999694824219,15.069999694824219,1010,0.0,0.0,0.0
2025-06-13 05:20:00+00:00,15.0600004196167,15.0600004196167,15.0600004196167,15.0600004196167,26055,0.0,0.0,0.0
2025-06-16 01:00:00+00:00,15.020000457763672,15.050000190734863,15.020000457763672,15.029999732971191,0,0.0,0.0,0.0
2025-06-16 01:05:00+00:00,15.010000228881836,15.020000457763672,15.010000228881836,15.020000457763672,176900,0.0,0.0,0.0
2025-06-16 01:10:00+00:00,15.020000457763672,15.050000190734863,15.020000457763672,15.039999961853027,117674,0.0,0.0,0.0
2025-06-16 01:15:00+00:00,15.050000190734863,15.050000190734863,15.050000190734863,15.050000190734863,55068,0.0,0.0,0.0
2025-06-16 01:20:00+00:00,15.050000190734863,15.050000190734863,15.050000190734863,15.050000190734863,2042,0.0,0.0,0.0
2025-06-16 01:25:00+00:00,15.050000190734863,15.0600004196167,15.050000190734863,15.050000190734863,84359,0.0,0.0,0.0
2025-06-16 01:30:00+00:00,15.0600004196167,15.069999694824219,15.0600004196167,15.069999694824219,141288,0.0,0.0,0.0
2025-06-16 01:35:00+00:00,15.079999923706055,15.079999923706055,15.079999923706055,15.079999923706055,20000,0.0,0.0,0.0
2025-06-16 01:40:00+00:00,15.079999923706055,15.079999923706055,15.079999923706055,15.079999923706055,11000,0.0,0.0,0.0
2025-06-16 01:45:00+00:00,15.079999923706055,15.100000381469727,15.079999923706055,15.09000015258789,34246,0.0,0.0,0.0
2025-06-16 01:50:00+00:00,15.09000015258789,15.100000381469727,15.09000015258789,15.100000381469727,14272,0.0,0.0,0.0
2025-06-16 01:55:00+00:00,15.09000015258789,15.09000015258789,15.09000015258789,15.09000015258789,1439,0.0,0.0,0.0
2025-06-16 02:00:00+00:00,15.09000015258789,15.09000015258789,15.069999694824219,15.069999694824219,19100,0.0,0.0,0.0
2025-06-16 02:05:00+00:00,15.069999694824219,15.079999923706055,15.069999694824219,15.079999923706055,32009,0.0,0.0,0.0
2025-06-16 02:10:00+00:00,15.079999923706055,15.079999923706055,15.079999923706055,15.079999923706055,62000,0.0,0.0,0.0
2025-06-16 02:15:00+00:00,15.069999694824219,15.079999923706055,15.069999694824219,15.079999923706055,17309,0.0,0.0,0.0
2025-06-16 02:20:00+00:00,15.069999694824219,15.069999694824219,15.069999694824219,15.069999694824219,6255,0.0,0.0,0.0
2025-06-16 02:25:00+00:00,15.069999694824219,15.069999694824219,15.069999694824219,15.069999694824219,55554,0.0,0.0,0.0
2025-06-16 02:30:00+00:00,15.079999923706055,15.09000015258789,15.079999923706055,15.09000015258789,135100,0.0,0.0,0.0
2025-06-16 02:35:00+00:00,15.09000015258789,15.09000015258789,15.09000015258789,15.09000015258789,9554,0.0,0.0,0.0
2025-06-16 02:40:00+00:00,15.09000015258789,15.09000015258789,15.079999923706055,15.09000015258789,51100,0.0,0.0,0.0
2025-06-16 02:45:00+00:00,15.100000381469727,15.100000381469727,15.079999923706055,15.079999923706055,18515,0.0,0.0,0.0
2025-06-16 02:55:00+00:00,15.09000015258789,15.09000015258789,15.09000015258789,15.09000015258789,4119,0.0,0.0,0.0
2025-06-16 03:00:00+00:00,15.100000381469727,15.100000381469727,15.09000015258789,15.09000015258789,4480,0.0,0.0,0.0
2025-06-16 03:05:00+00:00,15.09000015258789,15.09000015258789,15.09000015258789,15.09000015258789,4235,0.0,0.0,0.0
2025-06-16 03:15:00+00:00,15.079999923706055,15.079999923706055,15.079999923706055,15.079999923706055,2010,0.0,0.0,0.0
2025-06-16 03:20:00+00:00,15.079999923706055,15.09000015258789,15.079999923706055,15.09000015258789,15109,0.0,0.0,0.0
2025-06-16 03:25:00+00:00,15.09000015258789,15.09000015258789,15.079999923706055,15.09000015258789,28030,0.0,0.0,0.0
2025-06-16 03:30:00+00:00,15.09000015258789,15.09000015258789,15.09000015258789,15.09000015258789,15078,0.0,0.0,0.0
2025-06-16 03:35:00+00:00,15.09000015258789,15.09000015258789,15.09000015258789,15.09000015258789,11000,0.0,0.0,0.0
2025-06-16 03:40:00+00:00,15.079999923706055,15.09000015258789,15.079999923706055,15.079999923706055,15009,0.0,0.0,0.0
2025-06-16 03:45:00+00:00,15.079999923706055,15.079999923706055,15.079999923706055,15.079999923706055,35100,0.0,0.0,0.0
2025-06-16 03:50:00+00:00,15.079999923706055,15.09000015258789,15.079999923706055,15.09000015258789,93019,0.0,0.0,0.0
2025-06-16 03:55:00+00:00,15.09000015258789,15.09000015258789,15.079999923706055,15.09000015258789,57080,0.0,0.0,0.0
2025-06-16 04:00:00+00:00,15.09000015258789,15.09000015258789,15.09000015258789,15.09000015258789,12109,0.0,0.0,0.0
2025-06-16 04:05:00+00:00,15.09000015258789,15.09000015258789,15.079999923706055,15.079999923706055,7250,0.0,0.0,0.0
2025-06-16 04:10:00+00:00,15.09000015258789,15.09000015258789,15.079999923706055,15.079999923706055,33873,0.0,0.0,0.0
2025-06-16 04:15:00+00:00,15.09000015258789,15.09000015258789,15.09000015258789,15.09000015258789,11000,0.0,0.0,0.0
2025-06-16 04:20:00+00:00,15.09000015258789,15.09000015258789,15.09000015258789,15.09000015258789,1009,0.0,0.0,0.0
2025-06-16 04:25:00+00:00,15.09000015258789,15.09000015258789,15.09000015258789,15.09000015258789,19246,0.0,0.0,0.0
2025-06-16 04:30:00+00:00,15.09000015258789,15.09000015258789,15.09000015258789,15.09000015258789,7109,0.0,0.0,0.0
2025-06-16 04:35:00+00:00,15.09000015258789,15.09000015258789,15.09000015258789,15.09000015258789,14100,0.0,0.0,0.0
2025-06-16 04:40:00+00:00,15.09000015258789,15.100000381469727,15.09000015258789,15.09000015258789,217309,0.0,0.0,0.0
2025-06-16 04:45:00+00:00,15.09000015258789,15.09000015258789,15.09000015258789,15.09000015258789,11172,0.0,0.0,0.0
2025-06-16 04:50:00+00:00,15.09000015258789,15.09000015258789,15.09000015258789,15.09000015258789,15752,0.0,0.0,0.0
2025-06-16 04:55:00+00:00,15.09000015258789,15.100000381469727,15.09000015258789,15.100000381469727,24182,0.0,0.0,0.0
2025-06-16 05:10:00+00:00,15.100000381469727,15.100000381469727,15.100000381469727,15.100000381469727,45000,0.0,0.0,0.0
2025-06-16 05:15:00+00:00,15.100000381469727,15.100000381469727,15.09000015258789,15.09000015258789,10147,0.0,0.0,0.0
2025-06-16 05:20:00+00:00,15.100000381469727,15.100000381469727,15.09000015258789,15.09000015258789,12686,0.0,0.0,0.0
2025-06-17 01:00:00+00:00,15.119999885559082,15.140000343322754,15.119999885559082,15.130000114440918,0,0.0,0.0,0.0
2025-06-17 01:05:00+00:00,15.130000114440918,15.140000343322754,15.130000114440918,15.130000114440918,27685,0.0,0.0,0.0
2025-06-17 01:10:00+00:00,15.140000343322754,15.140000343322754,15.140000343322754,15.140000343322754,54335,0.0,0.0,0.0
2025-06-17 01:15:00+00:00,15.130000114440918,15.130000114440918,15.130000114440918,15.130000114440918,10654,0.0,0.0,0.0
2025-06-17 01:20:00+00:00,15.119999885559082,15.130000114440918,15.119999885559082,15.119999885559082,121107,0.0,0.0,0.0
2025-06-17 01:25:00+00:00,15.119999885559082,15.119999885559082,15.119999885559082,15.119999885559082,2178,0.0,0.0,0.0
2025-06-17 01:30:00+00:00,15.119999885559082,15.119999885559082,15.119999885559082,15.119999885559082,115000,0.0,0.0,0.0
2025-06-17 01:35:00+00:00,15.119999885559082,15.119999885559082,15.119999885559082,15.119999885559082,36332,0.0,0.0,0.0
2025-06-17 01:40:00+00:00,15.119999885559082,15.119999885559082,15.119999885559082,15.119999885559082,5500,0.0,0.0,0.0
2025-06-17 01:45:00+00:00,15.119999885559082,15.119999885559082,15.119999885559082,15.119999885559082,30040,0.0,0.0,0.0
2025-06-17 01:50:00+00:00,15.119999885559082,15.119999885559082,15.119999885559082,15.119999885559082,17000,0.0,0.0,0.0
2025-06-17 01:55:00+00:00,15.109999656677246,15.109999656677246,15.109999656677246,15.109999656677246,2615,0.0,0.0,0.0
2025-06-17 02:00:00+00:00,15.109999656677246,15.109999656677246,15.100000381469727,15.100000381469727,12055,0.0,0.0,0.0
2025-06-17 02:05:00+00:00,15.100000381469727,15.100000381469727,15.09000015258789,15.09000015258789,3000,0.0,0.0,0.0
2025-06-17 02:10:00+00:00,15.09000015258789,15.100000381469727,15.09000015258789,15.100000381469727,25100,0.0,0.0,0.0
2025-06-17 02:15:00+00:00,15.079999923706055,15.09000015258789,15.079999923706055,15.09000015258789,12200,0.0,0.0,0.0
2025-06-17 02:25:00+00:00,15.079999923706055,15.079999923706055,15.069999694824219,15.069999694824219,36000,0.0,0.0,0.0
2025-06-17 02:30:00+00:00,15.069999694824219,15.069999694824219,15.069999694824219,15.069999694824219,12154,0.0,0.0,0.0
2025-06-17 02:35:00+00:00,15.069999694824219,15.069999694824219,15.069999694824219,15.069999694824219,9154,0.0,0.0,0.0
2025-06-17 02:40:00+00:00,15.069999694824219,15.09000015258789,15.069999694824219,15.09000015258789,25000,0.0,0.0,0.0
2025-06-17 02:45:00+00:00,15.079999923706055,15.079999923706055,15.079999923706055,15.079999923706055,3000,0.0,0.0,0.0
2025-06-17 02:50:00+00:00,15.079999923706055,15.09000015258789,15.079999923706055,15.09000015258789,48355,0.0,0.0,0.0
2025-06-17 02:55:00+00:00,15.09000015258789,15.09000015258789,15.09000015258789,15.09000015258789,13390,0.0,0.0,0.0
2025-06-17 03:00:00+00:00,15.100000381469727,15.100000381469727,15.09000015258789,15.09000015258789,26265,0.0,0.0,0.0
2025-06-17 03:05:00+00:00,15.100000381469727,15.100000381469727,15.100000381469727,15.100000381469727,30000,0.0,0.0,0.0
2025-06-17 03:10:00+00:00,15.100000381469727,15.100000381469727,15.100000381469727,15.100000381469727,98100,0.0,0.0,0.0
2025-06-17 03:15:00+00:00,15.100000381469727,15.100000381469727,15.100000381469727,15.100000381469727,9080,0.0,0.0,0.0
2025-06-17 03:20:00+00:00,15.100000381469727,15.100000381469727,15.100000381469727,15.100000381469727,17000,0.0,0.0,0.0
2025-06-17 03:25:00+00:00,15.100000381469727,15.100000381469727,15.100000381469727,15.100000381469727,16000,0.0,0.0,0.0
2025-06-17 03:30:00+00:00,15.100000381469727,15.100000381469727,15.100000381469727,15.100000381469727,64400,0.0,0.0,0.0
2025-06-17 03:35:00+00:00,15.100000381469727,15.100000381469727,15.100000381469727,15.100000381469727,27000,0.0,0.0,0.0
2025-06-17 03:40:00+00:00,15.109999656677246,15.109999656677246,15.109999656677246,15.109999656677246,34489,0.0,0.0,0.0
2025-06-17 03:45:00+00:00,15.109999656677246,15.109999656677246,15.109999656677246,15.109999656677246,200100,0.0,0.0,0.0
2025-06-17 03:50:00+00:00,15.109999656677246,15.109999656677246,15.109999656677246,15.109999656677246,5000,0.0,0.0,0.0
2025-06-17 03:55:00+00:00,15.109999656677246,15.109999656677246,15.100000381469727,15.100000381469727,42000,0.0,0.0,0.0
2025-06-17 04:00:00+00:00,15.100000381469727,15.100000381469727,15.100000381469727,15.100000381469727,10010,0.0,0.0,0.0
2025-06-17 04:05:00+00:00,15.100000381469727,15.109999656677246,15.100000381469727,15.109999656677246,6050,0.0,0.0,0.0
2025-06-17 04:10:00+00:00,15.100000381469727,15.100000381469727,15.100000381469727,15.100000381469727,20000,0.0,0.0,0.0
2025-06-17 04:15:00+00:00,15.100000381469727,15.100000381469727,15.09000015258789,15.09000015258789,71000,0.0,0.0,0.0
2025-06-17 04:20:00+00:00,15.100000381469727,15.100000381469727,15.09000015258789,15.100000381469727,10010,0.0,0.0,0.0
2025-06-17 04:25:00+00:00,15.109999656677246,15.119999885559082,15.109999656677246,15.119999885559082,53547,0.0,0.0,0.0
2025-06-17 04:30:00+00:00,15.119999885559082,15.130000114440918,15.119999885559082,15.130000114440918,300100,0.0,0.0,0.0
2025-06-17 04:35:00+00:00,15.130000114440918,15.130000114440918,15.130000114440918,15.130000114440918,20452,0.0,0.0,0.0
2025-06-17 04:40:00+00:00,15.130000114440918,15.140000343322754,15.130000114440918,15.140000343322754,203000,0.0,0.0,0.0
2025-06-17 04:45:00+00:00,15.140000343322754,15.140000343322754,15.140000343322754,15.140000343322754,58181,0.0,0.0,0.0
2025-06-17 04:50:00+00:00,15.140000343322754,15.140000343322754,15.140000343322754,15.140000343322754,39003,0.0,0.0,0.0
2025-06-17 04:55:00+00:00,15.130000114440918,15.130000114440918,15.119999885559082,15.119999885559082,103300,0.0,0.0,0.0
2025-06-17 05:00:00+00:00,15.109999656677246,15.109999656677246,15.109999656677246,15.109999656677246,1000,0.0,0.0,0.0
2025-06-17 05:05:00+00:00,15.100000381469727,15.100000381469727,15.09000015258789,15.09000015258789,14000,0.0,0.0,0.0
2025-06-17 05:10:00+00:00,15.09000015258789,15.100000381469727,15.09000015258789,15.100000381469727,24047,0.0,0.0,0.0
2025-06-17 05:15:00+00:00,15.100000381469727,15.100000381469727,15.100000381469727,15.100000381469727,1012,0.0,0.0,0.0
2025-06-17 05:20:00+00:00,15.100000381469727,15.100000381469727,15.100000381469727,15.100000381469727,6150,0.0,0.0,0.0
2025-06-18 01:00:00+00:00,15.079999923706055,15.079999923706055,15.079999923706055,15.079999923706055,11000,0.0,0.0,0.0
2025-06-18 01:05:00+00:00,15.039999961853027,15.039999961853027,15.020000457763672,15.020000457763672,182834,0.0,0.0,0.0
2025-06-18 01:10:00+00:00,15.0,15.010000228881836,15.0,15.010000228881836,21451,0.0,0.0,0.0
2025-06-18 01:15:00+00:00,15.010000228881836,15.010000228881836,15.0,15.010000228881836,80810,0.0,0.0,0.0
2025-06-18 01:20:00+00:00,15.0,15.020000457763672,15.0,15.020000457763672,13000,0.0,0.0,0.0
2025-06-18 01:25:00+00:00,15.020000457763672,15.020000457763672,15.010000228881836,15.010000228881836,11395,0.0,0.0,0.0
2025-06-18 01:30:00+00:00,15.010000228881836,15.020000457763672,15.010000228881836,15.020000457763672,12000,0.0,0.0,0.0
2025-06-18 01:35:00+00:00,15.029999732971191,15.039999961853027,15.029999732971191,15.039999961853027,16235,0.0,0.0,0.0
2025-06-18 01:45:00+00:00,15.039999961853027,15.039999961853027,15.039999961853027,15.039999961853027,100050,0.0,0.0,0.0
2025-06-18 01:50:00+00:00,15.039999961853027,15.050000190734863,15.039999961853027,15.050000190734863,277000,0.0,0.0,0.0
2025-06-18 01:55:00+00:00,15.050000190734863,15.0600004196167,15.050000190734863,15.0600004196167,11889,0.0,0.0,0.0
2025-06-18 02:10:00+00:00,15.050000190734863,15.0600004196167,15.050000190734863,15.050000190734863,42195,0.0,0.0,0.0
2025-06-18 02:15:00+00:00,15.050000190734863,15.069999694824219,15.050000190734863,15.069999694824219,6707,0.0,0.0,0.0
2025-06-18 02:20:00+00:00,15.050000190734863,15.069999694824219,15.050000190734863,15.069999694824219,23217,0.0,0.0,0.0
2025-06-18 02:25:00+00:00,15.079999923706055,15.079999923706055,15.0600004196167,15.0600004196167,3333,0.0,0.0,0.0
2025-06-18 02:35:00+00:00,15.079999923706055,15.09000015258789,15.079999923706055,15.09000015258789,53160,0.0,0.0,0.0
2025-06-18 02:40:00+00:00,15.079999923706055,15.079999923706055,15.079999923706055,15.079999923706055,1000,0.0,0.0,0.0
2025-06-18 02:45:00+00:00,15.079999923706055,15.09000015258789,15.079999923706055,15.09000015258789,5002,0.0,0.0,0.0
2025-06-18 02:50:00+00:00,15.100000381469727,15.100000381469727,15.09000015258789,15.09000015258789,60035,0.0,0.0,0.0
2025-06-18 02:55:00+00:00,15.09000015258789,15.09000015258789,15.09000015258789,15.09000015258789,30305,0.0,0.0,0.0
2025-06-18 03:00:00+00:00,15.09000015258789,15.09000015258789,15.09000015258789,15.09000015258789,3100,0.0,0.0,0.0
2025-06-18 03:05:00+00:00,15.079999923706055,15.079999923706055,15.069999694824219,15.069999694824219,5048,0.0,0.0,0.0
2025-06-18 03:10:00+00:00,15.069999694824219,15.069999694824219,15.069999694824219,15.069999694824219,1360,0.0,0.0,0.0
2025-06-18 03:15:00+00:00,15.0600004196167,15.0600004196167,15.0600004196167,15.0600004196167,1150,0.0,0.0,0.0
2025-06-18 03:20:00+00:00,15.069999694824219,15.069999694824219,15.069999694824219,15.069999694824219,12000,0.0,0.0,0.0
2025-06-18 03:25:00+00:00,15.069999694824219,15.079999923706055,15.069999694824219,15.079999923706055,13056,0.0,0.0,0.0
2025-06-18 03:30:00+00:00,15.069999694824219,15.069999694824219,15.069999694824219,15.069999694824219,3624,0.0,0.0,0.0
2025-06-18 03:40:00+00:00,15.069999694824219,15.069999694824219,15.069999694824219,15.069999694824219,2000,0.0,0.0,0.0
2025-06-18 03:45:00+00:00,15.069999694824219,15.069999694824219,15.069999694824219,15.069999694824219,5000,0.0,0.0,0.0
2025-06-18 03:50:00+00:00,15.069999694824219,15.069999694824219,15.069999694824219,15.069999694824219,1890,0.0,0.0,0.0
2025-06-18 03:55:00+00:00,15.069999694824219,15.069999694824219,15.069999694824219,15.069999694824219,1100,0.0,0.0,0.0
2025-06-18 04:00:00+00:00,15.069999694824219,15.069999694824219,15.069999694824219,15.069999694824219,4000,0.0,0.0,0.0
2025-06-18 04:05:00+00:00,15.0600004196167,15.0600004196167,15.0600004196167,15.0600004196167,1000,0.0,0.0,0.0
2025-06-18 04:10:00+00:00,15.0600004196167,15.0600004196167,15.0600004196167,15.0600004196167,218781,0.0,0.0,0.0
2025-06-18 04:15:00+00:00,15.050000190734863,15.050000190734863,15.050000190734863,15.050000190734863,5069,0.0,0.0,0.0
2025-06-18 04:20:00+00:00,15.050000190734863,15.050000190734863,15.050000190734863,15.050000190734863,5525,0.0,0.0,0.0
2025-06-18 04:30:00+00:00,15.039999961853027,15.039999961853027,15.029999732971191,15.029999732971191,5643,0.0,0.0,0.0
2025-06-18 04:35:00+00:00,15.020000457763672,15.020000457763672,15.020000457763672,15.020000457763672,193500,0.0,0.0,0.0
2025-06-18 04:40:00+00:00,15.020000457763672,15.029999732971191,15.020000457763672,15.029999732971191,19240,0.0,0.0,0.0
2025-06-18 04:55:00+00:00,15.039999961853027,15.039999961853027,15.039999961853027,15.039999961853027,13002,0.0,0.0,0.0
2025-06-18 05:00:00+00:00,15.039999961853027,15.050000190734863,15.039999961853027,15.050000190734863,17034,0.0,0.0,0.0
2025-06-18 05:10:00+00:00,15.050000190734863,15.0600004196167,15.050000190734863,15.050000190734863,41122,0.0,0.0,0.0
2025-06-18 05:15:00+00:00,15.039999961853027,15.050000190734863,15.039999961853027,15.039999961853027,31426,0.0,0.0,0.0
2025-06-18 05:20:00+00:00,15.039999961853027,15.050000190734863,15.039999961853027,15.050000190734863,22235,0.0,0.0,0.0
2025-06-19 01:00:00+00:00,15.029999732971191,15.029999732971191,15.010000228881836,15.010000228881836,0,0.0,0.0,0.0
2025-06-19 01:05:00+00:00,15.0,15.0,15.0,15.0,14478,0.0,0.0,0.0
2025-06-19 01:10:00+00:00,15.0,15.0,15.0,15.0,4153,0.0,0.0,0.0
2025-06-19 01:20:00+00:00,14.989999771118164,14.989999771118164,14.989999771118164,14.989999771118164,354391,0.0,0.0,0.0
2025-06-19 01:25:00+00:00,14.989999771118164,14.989999771118164,14.989999771118164,14.989999771118164,140059,0.0,0.0,0.0
2025-06-19 01:30:00+00:00,14.989999771118164,15.0,14.989999771118164,15.0,37110,0.0,0.0,0.0
2025-06-19 01:35:00+00:00,14.989999771118164,14.989999771118164,14.970000267028809,14.970000267028809,674805,0.0,0.0,0.0
2025-06-19 01:40:00+00:00,14.970000267028809,14.979999542236328,14.970000267028809,14.979999542236328,158000,0.0,0.0,0.0
2025-06-19 01:45:00+00:00,14.979999542236328,14.979999542236328,14.960000038146973,14.960000038146973,12012,0.0,0.0,0.0
2025-06-19 01:50:00+00:00,14.960000038146973,14.960000038146973,14.960000038146973,14.960000038146973,16887,0.0,0.0,0.0
2025-06-19 02:00:00+00:00,14.979999542236328,14.979999542236328,14.979999542236328,14.979999542236328,5627,0.0,0.0,0.0
2025-06-19 02:05:00+00:00,14.979999542236328,14.979999542236328,14.979999542236328,14.979999542236328,1343,0.0,0.0,0.0
2025-06-19 02:15:00+00:00,14.979999542236328,14.979999542236328,14.979999542236328,14.979999542236328,2290,0.0,0.0,0.0
2025-06-19 02:20:00+00:00,14.960000038146973,14.970000267028809,14.949999809265137,14.949999809265137,16365,0.0,0.0,0.0
2025-06-19 02:25:00+00:00,14.960000038146973,14.960000038146973,14.9399995803833,14.9399995803833,429000,0.0,0.0,0.0
2025-06-19 02:30:00+00:00,14.970000267028809,14.970000267028809,14.970000267028809,14.970000267028809,2143,0.0,0.0,0.0
2025-06-19 02:35:00+00:00,14.9399995803833,14.9399995803833,14.9399995803833,14.9399995803833,101102,0.0,0.0,0.0
2025-06-19 02:45:00+00:00,14.9399995803833,14.960000038146973,14.9399995803833,14.960000038146973,3590,0.0,0.0,0.0
2025-06-19 02:50:00+00:00,14.949999809265137,14.949999809265137,14.949999809265137,14.949999809265137,7000,0.0,0.0,0.0
2025-06-19 02:55:00+00:00,14.9399995803833,14.9399995803833,14.930000305175781,14.930000305175781,355311,0.0,0.0,0.0
2025-06-19 03:05:00+00:00,14.930000305175781,14.930000305175781,14.930000305175781,14.930000305175781,1050,0.0,0.0,0.0
2025-06-19 03:15:00+00:00,14.930000305175781,14.930000305175781,14.930000305175781,14.930000305175781,10150,0.0,0.0,0.0
2025-06-19 03:20:00+00:00,14.930000305175781,14.930000305175781,14.930000305175781,14.930000305175781,31128,0.0,0.0,0.0
2025-06-19 03:40:00+00:00,14.949999809265137,14.949999809265137,14.949999809265137,14.949999809265137,1000,0.0,0.0,0.0
2025-06-19 03:45:00+00:00,14.9399995803833,14.9399995803833,14.930000305175781,14.930000305175781,26000,0.0,0.0,0.0
2025-06-19 03:50:00+00:00,14.930000305175781,14.930000305175781,14.930000305175781,14.930000305175781,1872,0.0,0.0,0.0
2025-06-19 04:00:00+00:00,14.9399995803833,14.9399995803833,14.9399995803833,14.9399995803833,4000,0.0,0.0,0.0
2025-06-19 04:05:00+00:00,14.9399995803833,14.9399995803833,14.9399995803833,14.9399995803833,1510,0.0,0.0,0.0
2025-06-19 04:15:00+00:00,14.9399995803833,14.9399995803833,14.9399995803833,14.9399995803833,6110,0.0,0.0,0.0
2025-06-19 04:20:00+00:00,14.9399995803833,14.9399995803833,14.9399995803833,14.9399995803833,5000,0.0,0.0,0.0
2025-06-19 04:25:00+00:00,14.9399995803833,14.9399995803833,14.930000305175781,14.930000305175781,6325,0.0,0.0,0.0
2025-06-19 04:30:00+00:00,14.930000305175781,14.930000305175781,14.920000076293945,14.920000076293945,31578,0.0,0.0,0.0
2025-06-19 04:35:00+00:00,14.920000076293945,14.920000076293945,14.920000076293945,14.920000076293945,4252,0.0,0.0,0.0
2025-06-19 04:45:00+00:00,14.930000305175781,14.930000305175781,14.930000305175781,14.930000305175781,4944,0.0,0.0,0.0
2025-06-19 05:00:00+00:00,14.920000076293945,14.920000076293945,14.899999618530273,14.899999618530273,38747,0.0,0.0,0.0
2025-06-19 05:05:00+00:00,14.899999618530273,14.899999618530273,14.899999618530273,14.899999618530273,34033,0.0,0.0,0.0
2025-06-19 05:15:00+00:00,14.920000076293945,14.920000076293945,14.920000076293945,14.920000076293945,1225,0.0,0.0,0.0
2025-06-19 05:20:00+00:00,14.90999984741211,14.90999984741211,14.90999984741211,14.90999984741211,9021,0.0,0.0,0.0
2025-06-20 01:00:00+00:00,14.899999618530273,14.899999618530273,14.899999618530273,14.899999618530273,0,0.0,0.0,0.0
2025-06-20 01:05:00+00:00,14.899999618530273,14.90999984741211,14.880000114440918,14.899999618530273,217000,0.0,0.0,0.0
2025-06-20 01:10:00+00:00,14.880000114440918,14.880000114440918,14.880000114440918,14.880000114440918,2177,0.0,0.0,0.0
2025-06-20 01:15:00+00:00,14.869999885559082,14.869999885559082,14.869999885559082,14.869999885559082,1000,0.0,0.0,0.0
2025-06-20 01:20:00+00:00,14.859999656677246,14.859999656677246,14.84000015258789,14.84000015258789,19986,0.0,0.0,0.0
2025-06-20 01:25:00+00:00,14.829999923706055,14.84000015258789,14.8100004196167,14.8100004196167,11320,0.0,0.0,0.0
2025-06-20 01:30:00+00:00,14.8100004196167,14.819999694824219,14.800000190734863,14.800000190734863,24290,0.0,0.0,0.0
2025-06-20 01:35:00+00:00,14.800000190734863,14.800000190734863,14.779999732971191,14.779999732971191,49318,0.0,0.0,0.0
2025-06-20 01:40:00+00:00,14.770000457763672,14.779999732971191,14.760000228881836,14.760000228881836,38852,0.0,0.0,0.0
2025-06-20 01:45:00+00:00,14.75,14.760000228881836,14.75,14.75,46240,0.0,0.0,0.0
2025-06-20 01:50:00+00:00,14.75,14.760000228881836,14.75,14.75,10354,0.0,0.0,0.0
2025-06-20 01:55:00+00:00,14.75,14.75,14.75,14.75,3150,0.0,0.0,0.0
2025-06-20 02:00:00+00:00,14.75,14.75,14.75,14.75,39000,0.0,0.0,0.0
2025-06-20 02:05:00+00:00,14.760000228881836,14.760000228881836,14.75,14.75,41862,0.0,0.0,0.0
2025-06-20 02:10:00+00:00,14.75,14.75,14.75,14.75,4000,0.0,0.0,0.0
2025-06-20 02:15:00+00:00,14.760000228881836,14.760000228881836,14.760000228881836,14.760000228881836,3000,0.0,0.0,0.0
2025-06-20 02:20:00+00:00,14.760000228881836,14.760000228881836,14.760000228881836,14.760000228881836,2000,0.0,0.0,0.0
2025-06-20 02:25:00+00:00,14.760000228881836,14.760000228881836,14.760000228881836,14.760000228881836,4030,0.0,0.0,0.0
2025-06-20 02:30:00+00:00,14.760000228881836,14.760000228881836,14.75,14.760000228881836,15000,0.0,0.0,0.0
2025-06-20 02:40:00+00:00,14.770000457763672,14.770000457763672,14.770000457763672,14.770000457763672,1000,0.0,0.0,0.0
2025-06-20 02:45:00+00:00,14.770000457763672,14.770000457763672,14.760000228881836,14.770000457763672,12871,0.0,0.0,0.0
2025-06-20 02:55:00+00:00,14.75,14.75,14.75,14.75,173436,0.0,0.0,0.0
2025-06-20 03:00:00+00:00,14.75,14.75,14.75,14.75,2330,0.0,0.0,0.0
2025-06-20 03:10:00+00:00,14.75,14.75,14.739999771118164,14.739999771118164,8546,0.0,0.0,0.0
2025-06-20 03:20:00+00:00,14.739999771118164,14.75,14.739999771118164,14.739999771118164,15775,0.0,0.0,0.0
2025-06-20 03:25:00+00:00,14.75,14.75,14.75,14.75,1000,0.0,0.0,0.0
2025-06-20 03:30:00+00:00,14.760000228881836,14.760000228881836,14.75,14.75,107150,0.0,0.0,0.0
2025-06-20 03:35:00+00:00,14.760000228881836,14.770000457763672,14.760000228881836,14.770000457763672,65550,0.0,0.0,0.0
2025-06-20 03:45:00+00:00,14.770000457763672,14.770000457763672,14.770000457763672,14.770000457763672,2000,0.0,0.0,0.0
2025-06-20 03:50:00+00:00,14.779999732971191,14.779999732971191,14.779999732971191,14.779999732971191,5000,0.0,0.0,0.0
2025-06-20 03:55:00+00:00,14.770000457763672,14.770000457763672,14.770000457763672,14.770000457763672,1010,0.0,0.0,0.0
2025-06-20 04:20:00+00:00,14.770000457763672,14.770000457763672,14.770000457763672,14.770000457763672,6297,0.0,0.0,0.0
2025-06-20 04:30:00+00:00,14.770000457763672,14.770000457763672,14.770000457763672,14.770000457763672,1000,0.0,0.0,0.0
2025-06-20 04:35:00+00:00,14.760000228881836,14.760000228881836,14.760000228881836,14.760000228881836,5000,0.0,0.0,0.0
2025-06-20 04:45:00+00:00,14.760000228881836,14.760000228881836,14.760000228881836,14.760000228881836,3360,0.0,0.0,0.0
2025-06-20 04:50:00+00:00,14.760000228881836,14.770000457763672,14.760000228881836,14.770000457763672,11000,0.0,0.0,0.0
2025-06-20 04:55:00+00:00,14.770000457763672,14.770000457763672,14.770000457763672,14.770000457763672,3222,0.0,0.0,0.0
2025-06-20 05:00:00+00:00,14.760000228881836,14.760000228881836,14.760000228881836,14.760000228881836,1285,0.0,0.0,0.0
2025-06-20 05:05:00+00:00,14.75,14.75,14.75,14.75,10095,0.0,0.0,0.0
2025-06-20 05:10:00+00:00,14.75,14.779999732971191,14.75,14.779999732971191,9584,0.0,0.0,0.0
2025-06-20 05:15:00+00:00,14.760000228881836,14.760000228881836,14.760000228881836,14.760000228881836,3000,0.0,0.0,0.0
2025-06-20 05:20:00+00:00,14.760000228881836,14.760000228881836,14.760000228881836,14.760000228881836,3263,0.0,0.0,0.0
2025-06-23 01:00:00+00:00,14.5600004196167,14.5600004196167,14.510000228881836,14.510000228881836,0,0.0,0.0,0.0
2025-06-23 01:05:00+00:00,14.600000381469727,14.609999656677246,14.600000381469727,14.600000381469727,35192,0.0,0.0,0.0
2025-06-23 01:10:00+00:00,14.609999656677246,14.609999656677246,14.600000381469727,14.600000381469727,17000,0.0,0.0,0.0
2025-06-23 01:15:00+00:00,14.59000015258789,14.59000015258789,14.550000190734863,14.550000190734863,13359,0.0,0.0,0.0
2025-06-23 01:20:00+00:00,14.550000190734863,14.550000190734863,14.539999961853027,14.539999961853027,23219,0.0,0.0,0.0
2025-06-23 01:25:00+00:00,14.529999732971191,14.529999732971191,14.5,14.5,55445,0.0,0.0,0.0
2025-06-23 01:30:00+00:00,14.5,14.520000457763672,14.5,14.520000457763672,81093,0.0,0.0,0.0
2025-06-23 01:35:00+00:00,14.539999961853027,14.539999961853027,14.539999961853027,14.539999961853027,7000,0.0,0.0,0.0
2025-06-23 01:40:00+00:00,14.529999732971191,14.529999732971191,14.529999732971191,14.529999732971191,9318,0.0,0.0,0.0
2025-06-23 01:45:00+00:00,14.539999961853027,14.539999961853027,14.529999732971191,14.529999732971191,4573,0.0,0.0,0.0
2025-06-23 01:50:00+00:00,14.529999732971191,14.550000190734863,14.529999732971191,14.550000190734863,19000,0.0,0.0,0.0
2025-06-23 01:55:00+00:00,14.529999732971191,14.529999732971191,14.520000457763672,14.520000457763672,10411,0.0,0.0,0.0
2025-06-23 02:00:00+00:00,14.550000190734863,14.550000190734863,14.520000457763672,14.520000457763672,4316,0.0,0.0,0.0
2025-06-23 02:05:00+00:00,14.539999961853027,14.539999961853027,14.539999961853027,14.539999961853027,100000,0.0,0.0,0.0
2025-06-23 02:10:00+00:00,14.550000190734863,14.550000190734863,14.550000190734863,14.550000190734863,1000,0.0,0.0,0.0
2025-06-23 02:15:00+00:00,14.550000190734863,14.550000190734863,14.539999961853027,14.539999961853027,19235,0.0,0.0,0.0
2025-06-23 02:20:00+00:00,14.539999961853027,14.550000190734863,14.539999961853027,14.550000190734863,121050,0.0,0.0,0.0
2025-06-23 02:25:00+00:00,14.539999961853027,14.539999961853027,14.539999961853027,14.539999961853027,60067,0.0,0.0,0.0
2025-06-23 02:30:00+00:00,14.5600004196167,14.5600004196167,14.539999961853027,14.539999961853027,33000,0.0,0.0,0.0
2025-06-23 02:35:00+00:00,14.539999961853027,14.539999961853027,14.539999961853027,14.539999961853027,3091,0.0,0.0,0.0
2025-06-23 02:40:00+00:00,14.539999961853027,14.539999961853027,14.539999961853027,14.539999961853027,100300,0.0,0.0,0.0
2025-06-23 02:45:00+00:00,14.5600004196167,14.5600004196167,14.529999732971191,14.529999732971191,10767,0.0,0.0,0.0
2025-06-23 02:50:00+00:00,14.539999961853027,14.539999961853027,14.539999961853027,14.539999961853027,2000,0.0,0.0,0.0
2025-06-23 02:55:00+00:00,14.539999961853027,14.550000190734863,14.539999961853027,14.550000190734863,6500,0.0,0.0,0.0
2025-06-23 03:00:00+00:00,14.550000190734863,14.5600004196167,14.539999961853027,14.539999961853027,7224,0.0,0.0,0.0
2025-06-23 03:10:00+00:00,14.539999961853027,14.539999961853027,14.539999961853027,14.539999961853027,1000,0.0,0.0,0.0
2025-06-23 03:15:00+00:00,14.550000190734863,14.569999694824219,14.539999961853027,14.539999961853027,4000,0.0,0.0,0.0
2025-06-23 03:25:00+00:00,14.579999923706055,14.579999923706055,14.5600004196167,14.5600004196167,32000,0.0,0.0,0.0
2025-06-23 03:30:00+00:00,14.579999923706055,14.579999923706055,14.579999923706055,14.579999923706055,1000,0.0,0.0,0.0
2025-06-23 03:40:00+00:00,14.579999923706055,14.579999923706055,14.579999923706055,14.579999923706055,7095,0.0,0.0,0.0
2025-06-23 03:45:00+00:00,14.59000015258789,14.59000015258789,14.569999694824219,14.569999694824219,5008,0.0,0.0,0.0
2025-06-23 03:50:00+00:00,14.569999694824219,14.569999694824219,14.569999694824219,14.569999694824219,1590,0.0,0.0,0.0
2025-06-23 04:00:00+00:00,14.569999694824219,14.569999694824219,14.569999694824219,14.569999694824219,2018,0.0,0.0,0.0
2025-06-23 04:10:00+00:00,14.569999694824219,14.569999694824219,14.569999694824219,14.569999694824219,1000,0.0,0.0,0.0
2025-06-23 04:15:00+00:00,14.579999923706055,14.579999923706055,14.579999923706055,14.579999923706055,84198,0.0,0.0,0.0
2025-06-23 04:20:00+00:00,14.579999923706055,14.579999923706055,14.579999923706055,14.579999923706055,10343,0.0,0.0,0.0
2025-06-23 04:25:00+00:00,14.579999923706055,14.59000015258789,14.579999923706055,14.59000015258789,3250,0.0,0.0,0.0
2025-06-23 04:30:00+00:00,14.59000015258789,14.59000015258789,14.59000015258789,14.59000015258789,6145,0.0,0.0,0.0
2025-06-23 04:35:00+00:00,14.59000015258789,14.59000015258789,14.579999923706055,14.579999923706055,7210,0.0,0.0,0.0
2025-06-23 04:40:00+00:00,14.569999694824219,14.569999694824219,14.569999694824219,14.569999694824219,3500,0.0,0.0,0.0
2025-06-23 04:45:00+00:00,14.569999694824219,14.59000015258789,14.569999694824219,14.59000015258789,6100,0.0,0.0,0.0
2025-06-23 04:50:00+00:00,14.579999923706055,14.579999923706055,14.579999923706055,14.579999923706055,25208,0.0,0.0,0.0
2025-06-23 04:55:00+00:00,14.579999923706055,14.579999923706055,14.579999923706055,14.579999923706055,2100,0.0,0.0,0.0
2025-06-23 05:00:00+00:00,14.600000381469727,14.600000381469727,14.600000381469727,14.600000381469727,7104,0.0,0.0,0.0
2025-06-23 05:05:00+00:00,14.600000381469727,14.600000381469727,14.600000381469727,14.600000381469727,2141,0.0,0.0,0.0
2025-06-23 05:10:00+00:00,14.59000015258789,14.59000015258789,14.59000015258789,14.59000015258789,1500,0.0,0.0,0.0
2025-06-23 05:15:00+00:00,14.59000015258789,14.609999656677246,14.59000015258789,14.600000381469727,36000,0.0,0.0,0.0
2025-06-23 05:20:00+00:00,14.600000381469727,14.600000381469727,14.600000381469727,14.600000381469727,1309,0.0,0.0,0.0
2025-06-24 01:00:00+00:00,14.770000457763672,14.770000457763672,14.770000457763672,14.770000457763672,0,0.011,0.0,0.0
2025-06-24 01:05:00+00:00,14.770000457763672,14.800000190734863,14.760000228881836,14.800000190734863,23097,0.0,0.0,0.0
2025-06-24 01:15:00+00:00,14.800000190734863,14.819999694824219,14.800000190734863,14.819999694824219,64700,0.0,0.0,0.0
2025-06-24 01:20:00+00:00,14.819999694824219,14.819999694824219,14.819999694824219,14.819999694824219,6047,0.0,0.0,0.0
2025-06-24 01:25:00+00:00,14.789999961853027,14.789999961853027,14.789999961853027,14.789999961853027,1100,0.0,0.0,0.0
2025-06-24 01:30:00+00:00,14.789999961853027,14.789999961853027,14.789999961853027,14.789999961853027,2002,0.0,0.0,0.0
2025-06-24 01:35:00+00:00,14.770000457763672,14.779999732971191,14.770000457763672,14.779999732971191,11020,0.0,0.0,0.0
2025-06-24 01:40:00+00:00,14.779999732971191,14.789999961853027,14.779999732971191,14.789999961853027,15027,0.0,0.0,0.0
2025-06-24 01:50:00+00:00,14.789999961853027,14.789999961853027,14.789999961853027,14.789999961853027,1000,0.0,0.0,0.0
2025-06-24 01:55:00+00:00,14.789999961853027,14.789999961853027,14.789999961853027,14.789999961853027,4310,0.0,0.0,0.0
2025-06-24 02:00:00+00:00,14.779999732971191,14.779999732971191,14.779999732971191,14.779999732971191,16000,0.0,0.0,0.0
2025-06-24 02:05:00+00:00,14.779999732971191,14.779999732971191,14.760000228881836,14.760000228881836,103397,0.0,0.0,0.0
2025-06-24 02:15:00+00:00,14.770000457763672,14.770000457763672,14.770000457763672,14.770000457763672,2545,0.0,0.0,0.0
2025-06-24 02:30:00+00:00,14.770000457763672,14.779999732971191,14.770000457763672,14.779999732971191,62261,0.0,0.0,0.0
2025-06-24 02:40:00+00:00,14.770000457763672,14.770000457763672,14.760000228881836,14.760000228881836,23500,0.0,0.0,0.0
2025-06-24 02:45:00+00:00,14.760000228881836,14.760000228881836,14.760000228881836,14.760000228881836,15216,0.0,0.0,0.0
2025-06-24 02:50:00+00:00,14.75,14.75,14.75,14.75,5000,0.0,0.0,0.0
2025-06-24 02:55:00+00:00,14.75,14.75,14.75,14.75,20165,0.0,0.0,0.0
2025-06-24 03:00:00+00:00,14.75,14.760000228881836,14.75,14.760000228881836,66135,0.0,0.0,0.0
2025-06-24 03:10:00+00:00,14.770000457763672,14.770000457763672,14.770000457763672,14.770000457763672,12358,0.0,0.0,0.0
2025-06-24 03:20:00+00:00,14.770000457763672,14.779999732971191,14.770000457763672,14.779999732971191,106096,0.0,0.0,0.0
2025-06-24 03:25:00+00:00,14.779999732971191,14.779999732971191,14.779999732971191,14.779999732971191,8500,0.0,0.0,0.0
2025-06-24 03:30:00+00:00,14.779999732971191,14.800000190734863,14.779999732971191,14.800000190734863,80598,0.0,0.0,0.0
2025-06-24 03:35:00+00:00,14.8100004196167,14.8100004196167,14.8100004196167,14.8100004196167,2015,0.0,0.0,0.0
2025-06-24 03:40:00+00:00,14.779999732971191,14.779999732971191,14.779999732971191,14.779999732971191,10000,0.0,0.0,0.0
2025-06-24 03:45:00+00:00,14.779999732971191,14.779999732971191,14.779999732971191,14.779999732971191,1000,0.0,0.0,0.0
2025-06-24 03:50:00+00:00,14.779999732971191,14.779999732971191,14.770000457763672,14.770000457763672,4967,0.0,0.0,0.0
2025-06-24 04:00:00+00:00,14.779999732971191,14.779999732971191,14.779999732971191,14.779999732971191,10000,0.0,0.0,0.0
2025-06-24 04:05:00+00:00,14.770000457763672,14.770000457763672,14.760000228881836,14.760000228881836,4000,0.0,0.0,0.0
2025-06-24 04:10:00+00:00,14.760000228881836,14.760000228881836,14.760000228881836,14.760000228881836,4100,0.0,0.0,0.0
2025-06-24 04:15:00+00:00,14.760000228881836,14.760000228881836,14.760000228881836,14.760000228881836,100085,0.0,0.0,0.0
2025-06-24 04:20:00+00:00,14.760000228881836,14.760000228881836,14.760000228881836,14.760000228881836,5000,0.0,0.0,0.0
2025-06-24 04:25:00+00:00,14.75,14.760000228881836,14.75,14.760000228881836,21065,0.0,0.0,0.0
2025-06-24 04:35:00+00:00,14.770000457763672,14.770000457763672,14.760000228881836,14.760000228881836,60000,0.0,0.0,0.0
2025-06-24 04:40:00+00:00,14.770000457763672,14.779999732971191,14.770000457763672,14.779999732971191,20507,0.0,0.0,0.0
2025-06-24 04:45:00+00:00,14.779999732971191,14.779999732971191,14.779999732971191,14.779999732971191,1988,0.0,0.0,0.0
2025-06-24 04:50:00+00:00,14.779999732971191,14.789999961853027,14.770000457763672,14.789999961853027,31050,0.0,0.0,0.0
2025-06-24 04:55:00+00:00,14.779999732971191,14.779999732971191,14.779999732971191,14.779999732971191,5733,0.0,0.0,0.0
2025-06-24 05:00:00+00:00,14.789999961853027,14.789999961853027,14.789999961853027,14.789999961853027,9177,0.0,0.0,0.0
2025-06-24 05:10:00+00:00,14.779999732971191,14.779999732971191,14.779999732971191,14.779999732971191,1046,0.0,0.0,0.0
2025-06-24 05:15:00+00:00,14.779999732971191,14.779999732971191,14.779999732971191,14.779999732971191,7094,0.0,0.0,0.0
2025-06-24 05:20:00+00:00,14.789999961853027,14.789999961853027,14.779999732971191,14.779999732971191,6000,0.0,0.0,0.0
2025-06-25 01:00:00+00:00,14.800000190734863,14.84000015258789,14.800000190734863,14.819999694824219,718000,0.0,0.0,0.0
2025-06-25 01:05:00+00:00,14.819999694824219,14.819999694824219,14.8100004196167,14.8100004196167,135000,0.0,0.0,0.0
2025-06-25 01:10:00+00:00,14.789999961853027,14.789999961853027,14.789999961853027,14.789999961853027,64665,0.0,0.0,0.0
2025-06-25 01:15:00+00:00,14.789999961853027,14.789999961853027,14.789999961853027,14.789999961853027,53574,0.0,0.0,0.0
2025-06-25 01:25:00+00:00,14.779999732971191,14.779999732971191,14.770000457763672,14.770000457763672,106950,0.0,0.0,0.0
2025-06-25 01:30:00+00:00,14.770000457763672,14.770000457763672,14.770000457763672,14.770000457763672,21533,0.0,0.0,0.0
2025-06-25 01:35:00+00:00,14.789999961853027,14.819999694824219,14.789999961853027,14.819999694824219,79340,0.0,0.0,0.0
2025-06-25 01:40:00+00:00,14.8100004196167,14.8100004196167,14.8100004196167,14.8100004196167,1000,0.0,0.0,0.0
2025-06-25 01:45:00+00:00,14.800000190734863,14.800000190734863,14.800000190734863,14.800000190734863,3305,0.0,0.0,0.0
2025-06-25 01:50:00+00:00,14.800000190734863,14.800000190734863,14.800000190734863,14.800000190734863,1010,0.0,0.0,0.0
2025-06-25 02:00:00+00:00,14.800000190734863,14.800000190734863,14.789999961853027,14.789999961853027,2000,0.0,0.0,0.0
2025-06-25 02:05:00+00:00,14.789999961853027,14.789999961853027,14.789999961853027,14.789999961853027,8000,0.0,0.0,0.0
2025-06-25 02:10:00+00:00,14.800000190734863,14.800000190734863,14.800000190734863,14.800000190734863,3250,0.0,0.0,0.0
2025-06-25 02:15:00+00:00,14.800000190734863,14.800000190734863,14.800000190734863,14.800000190734863,39150,0.0,0.0,0.0
2025-06-25 02:20:00+00:00,14.789999961853027,14.789999961853027,14.789999961853027,14.789999961853027,2468,0.0,0.0,0.0
2025-06-25 02:25:00+00:00,14.779999732971191,14.779999732971191,14.779999732971191,14.779999732971191,30000,0.0,0.0,0.0
2025-06-25 02:30:00+00:00,14.779999732971191,14.779999732971191,14.770000457763672,14.770000457763672,24000,0.0,0.0,0.0
2025-06-25 02:35:00+00:00,14.779999732971191,14.779999732971191,14.779999732971191,14.779999732971191,11000,0.0,0.0,0.0
2025-06-25 02:40:00+00:00,14.789999961853027,14.789999961853027,14.779999732971191,14.779999732971191,7005,0.0,0.0,0.0
2025-06-25 02:45:00+00:00,14.779999732971191,14.789999961853027,14.779999732971191,14.779999732971191,29102,0.0,0.0,0.0
2025-06-25 02:55:00+00:00,14.779999732971191,14.779999732971191,14.779999732971191,14.779999732971191,5139,0.0,0.0,0.0
2025-06-25 03:00:00+00:00,14.789999961853027,14.789999961853027,14.789999961853027,14.789999961853027,5000,0.0,0.0,0.0
2025-06-25 03:05:00+00:00,14.800000190734863,14.800000190734863,14.800000190734863,14.800000190734863,11049,0.0,0.0,0.0
2025-06-25 03:10:00+00:00,14.800000190734863,14.800000190734863,14.800000190734863,14.800000190734863,21094,0.0,0.0,0.0
2025-06-25 03:15:00+00:00,14.800000190734863,14.800000190734863,14.800000190734863,14.800000190734863,8200,0.0,0.0,0.0
2025-06-25 03:20:00+00:00,14.800000190734863,14.8100004196167,14.800000190734863,14.8100004196167,62500,0.0,0.0,0.0
2025-06-25 03:30:00+00:00,14.8100004196167,14.8100004196167,14.8100004196167,14.8100004196167,2060,0.0,0.0,0.0
2025-06-25 03:35:00+00:00,14.8100004196167,14.8100004196167,14.8100004196167,14.8100004196167,15844,0.0,0.0,0.0
2025-06-25 03:40:00+00:00,14.8100004196167,14.819999694824219,14.8100004196167,14.819999694824219,85020,0.0,0.0,0.0
2025-06-25 03:45:00+00:00,14.8100004196167,14.8100004196167,14.8100004196167,14.8100004196167,100000,0.0,0.0,0.0
2025-06-25 03:55:00+00:00,14.8100004196167,14.8100004196167,14.8100004196167,14.8100004196167,3000,0.0,0.0,0.0
2025-06-25 04:00:00+00:00,14.8100004196167,14.8100004196167,14.8100004196167,14.8100004196167,107000,0.0,0.0,0.0
2025-06-25 04:15:00+00:00,14.8100004196167,14.8100004196167,14.8100004196167,14.8100004196167,37200,0.0,0.0,0.0
2025-06-25 04:20:00+00:00,14.8100004196167,14.8100004196167,14.8100004196167,14.8100004196167,5100,0.0,0.0,0.0
2025-06-25 04:35:00+00:00,14.8100004196167,14.8100004196167,14.8100004196167,14.8100004196167,3000,0.0,0.0,0.0
2025-06-25 04:40:00+00:00,14.8100004196167,14.8100004196167,14.8100004196167,14.8100004196167,7806,0.0,0.0,0.0
2025-06-25 04:45:00+00:00,14.8100004196167,14.8100004196167,14.8100004196167,14.8100004196167,8660,0.0,0.0,0.0
2025-06-25 04:50:00+00:00,14.8100004196167,14.8100004196167,14.800000190734863,14.8100004196167,5000,0.0,0.0,0.0
2025-06-25 04:55:00+00:00,14.819999694824219,14.819999694824219,14.819999694824219,14.819999694824219,50183,0.0,0.0,0.0
2025-06-25 05:00:00+00:00,14.819999694824219,14.829999923706055,14.819999694824219,14.819999694824219,103000,0.0,0.0,0.0
2025-06-25 05:05:00+00:00,14.819999694824219,14.819999694824219,14.819999694824219,14.819999694824219,4460,0.0,0.0,0.0
2025-06-25 05:15:00+00:00,14.829999923706055,14.829999923706055,14.8100004196167,14.8100004196167,0,0.0,0.0,0.0
2025-06-25 05:20:00+00:00,14.8100004196167,14.8100004196167,14.8100004196167,14.8100004196167,2203480,0.0,0.0,0.0
2025-06-26 01:00:00+00:00,14.8100004196167,14.8100004196167,14.8100004196167,14.8100004196167,0,0.0,0.0,0.0
2025-06-26 01:05:00+00:00,14.8100004196167,14.819999694824219,14.8100004196167,14.819999694824219,25917,0.0,0.0,0.0
2025-06-26 01:10:00+00:00,14.819999694824219,14.829999923706055,14.819999694824219,14.829999923706055,31162,0.0,0.0,0.0
2025-06-26 01:15:00+00:00,14.84000015258789,14.84000015258789,14.829999923706055,14.829999923706055,21000,0.0,0.0,0.0
2025-06-26 01:20:00+00:00,14.829999923706055,14.829999923706055,14.829999923706055,14.829999923706055,6020,0.0,0.0,0.0
2025-06-26 01:25:00+00:00,14.84000015258789,14.84000015258789,14.84000015258789,14.84000015258789,53149,0.0,0.0,0.0
2025-06-26 01:30:00+00:00,14.850000381469727,14.850000381469727,14.850000381469727,14.850000381469727,2344,0.0,0.0,0.0
2025-06-26 01:35:00+00:00,14.84000015258789,14.850000381469727,14.84000015258789,14.850000381469727,53000,0.0,0.0,0.0
2025-06-26 01:45:00+00:00,14.850000381469727,14.850000381469727,14.829999923706055,14.84000015258789,26254,0.0,0.0,0.0
2025-06-26 01:55:00+00:00,14.84000015258789,14.84000015258789,14.84000015258789,14.84000015258789,11130,0.0,0.0,0.0
2025-06-26 02:00:00+00:00,14.850000381469727,14.850000381469727,14.84000015258789,14.850000381469727,56102,0.0,0.0,0.0
2025-06-26 02:05:00+00:00,14.859999656677246,14.899999618530273,14.859999656677246,14.899999618530273,106460,0.0,0.0,0.0
2025-06-26 02:10:00+00:00,14.90999984741211,14.930000305175781,14.90999984741211,14.930000305175781,33203,0.0,0.0,0.0
2025-06-26 02:15:00+00:00,14.949999809265137,14.949999809265137,14.930000305175781,14.930000305175781,9133,0.0,0.0,0.0
2025-06-26 02:20:00+00:00,14.90999984741211,14.90999984741211,14.90999984741211,14.90999984741211,58800,0.0,0.0,0.0
2025-06-26 02:25:00+00:00,14.90999984741211,14.90999984741211,14.90999984741211,14.90999984741211,2031,0.0,0.0,0.0
2025-06-26 02:30:00+00:00,14.920000076293945,14.920000076293945,14.920000076293945,14.920000076293945,2100,0.0,0.0,0.0
2025-06-26 02:35:00+00:00,14.899999618530273,14.899999618530273,14.899999618530273,14.899999618530273,108081,0.0,0.0,0.0
2025-06-26 02:45:00+00:00,14.90999984741211,14.90999984741211,14.90999984741211,14.90999984741211,2661,0.0,0.0,0.0
2025-06-26 02:55:00+00:00,14.899999618530273,14.899999618530273,14.899999618530273,14.899999618530273,205000,0.0,0.0,0.0
2025-06-26 03:00:00+00:00,14.890000343322754,14.920000076293945,14.890000343322754,14.90999984741211,625131,0.0,0.0,0.0
2025-06-26 03:15:00+00:00,14.90999984741211,14.90999984741211,14.880000114440918,14.880000114440918,17195,0.0,0.0,0.0
2025-06-26 03:20:00+00:00,14.880000114440918,14.880000114440918,14.880000114440918,14.880000114440918,2031,0.0,0.0,0.0
2025-06-26 03:30:00+00:00,14.880000114440918,14.880000114440918,14.880000114440918,14.880000114440918,10384,0.0,0.0,0.0
2025-06-26 03:40:00+00:00,14.880000114440918,14.880000114440918,14.880000114440918,14.880000114440918,14272,0.0,0.0,0.0
2025-06-26 03:55:00+00:00,14.869999885559082,14.869999885559082,14.869999885559082,14.869999885559082,100124,0.0,0.0,0.0
2025-06-26 04:05:00+00:00,14.859999656677246,14.869999885559082,14.859999656677246,14.869999885559082,60301,0.0,0.0,0.0
2025-06-26 04:20:00+00:00,14.869999885559082,14.880000114440918,14.869999885559082,14.880000114440918,34061,0.0,0.0,0.0
2025-06-26 04:25:00+00:00,14.869999885559082,14.869999885559082,14.869999885559082,14.869999885559082,12171,0.0,0.0,0.0
2025-06-26 04:35:00+00:00,14.869999885559082,14.880000114440918,14.869999885559082,14.869999885559082,48330,0.0,0.0,0.0
2025-06-26 04:40:00+00:00,14.850000381469727,14.850000381469727,14.850000381469727,14.850000381469727,2100,0.0,0.0,0.0
2025-06-26 04:45:00+00:00,14.850000381469727,14.850000381469727,14.850000381469727,14.850000381469727,1131,0.0,0.0,0.0
2025-06-26 04:50:00+00:00,14.850000381469727,14.850000381469727,14.850000381469727,14.850000381469727,4100,0.0,0.0,0.0
2025-06-26 04:55:00+00:00,14.859999656677246,14.859999656677246,14.850000381469727,14.850000381469727,25164,0.0,0.0,0.0
2025-06-26 05:05:00+00:00,14.84000015258789,14.84000015258789,14.84000015258789,14.84000015258789,207323,0.0,0.0,0.0
2025-06-26 05:15:00+00:00,14.829999923706055,14.829999923706055,14.819999694824219,14.819999694824219,13300,0.0,0.0,0.0
2025-06-26 05:20:00+00:00,14.819999694824219,14.819999694824219,14.819999694824219,14.819999694824219,3400,0.0,0.0,0.0
2025-06-27 01:00:00+00:00,14.90999984741211,14.9399995803833,14.90999984741211,14.90999984741211,0,0.0,0.0,0.0
2025-06-27 01:05:00+00:00,14.90999984741211,14.90999984741211,14.890000343322754,14.899999618530273,14850,0.0,0.0,0.0
2025-06-27 01:10:00+00:00,14.899999618530273,14.949999809265137,14.899999618530273,14.949999809265137,29020,0.0,0.0,0.0
2025-06-27 01:15:00+00:00,14.949999809265137,14.949999809265137,14.949999809265137,14.949999809265137,3000,0.0,0.0,0.0
2025-06-27 01:20:00+00:00,14.920000076293945,14.920000076293945,14.920000076293945,14.920000076293945,10000,0.0,0.0,0.0
2025-06-27 01:25:00+00:00,14.920000076293945,14.930000305175781,14.920000076293945,14.930000305175781,23180,0.0,0.0,0.0
2025-06-27 01:30:00+00:00,14.899999618530273,14.899999618530273,14.899999618530273,14.899999618530273,100000,0.0,0.0,0.0
2025-06-27 01:50:00+00:00,14.869999885559082,14.869999885559082,14.869999885559082,14.869999885559082,3744,0.0,0.0,0.0
2025-06-27 01:55:00+00:00,14.859999656677246,14.859999656677246,14.850000381469727,14.859999656677246,39563,0.0,0.0,0.0
2025-06-27 02:10:00+00:00,14.859999656677246,14.859999656677246,14.859999656677246,14.859999656677246,15536,0.0,0.0,0.0
2025-06-27 02:15:00+00:00,14.869999885559082,14.869999885559082,14.869999885559082,14.869999885559082,17700,0.0,0.0,0.0
2025-06-27 02:20:00+00:00,14.880000114440918,14.880000114440918,14.880000114440918,14.880000114440918,4000,0.0,0.0,0.0
2025-06-27 02:25:00+00:00,14.880000114440918,14.880000114440918,14.880000114440918,14.880000114440918,26021,0.0,0.0,0.0
2025-06-27 02:35:00+00:00,14.880000114440918,14.880000114440918,14.880000114440918,14.880000114440918,100025,0.0,0.0,0.0
2025-06-27 02:40:00+00:00,14.880000114440918,14.890000343322754,14.880000114440918,14.890000343322754,41000,0.0,0.0,0.0
2025-06-27 02:50:00+00:00,14.899999618530273,14.90999984741211,14.899999618530273,14.90999984741211,54342,0.0,0.0,0.0
2025-06-27 02:55:00+00:00,14.890000343322754,14.90999984741211,14.890000343322754,14.90999984741211,2040,0.0,0.0,0.0
2025-06-27 03:05:00+00:00,14.90999984741211,14.90999984741211,14.90999984741211,14.90999984741211,6250,0.0,0.0,0.0
2025-06-27 03:15:00+00:00,14.90999984741211,14.90999984741211,14.90999984741211,14.90999984741211,7000,0.0,0.0,0.0
2025-06-27 03:20:00+00:00,14.90999984741211,14.90999984741211,14.90999984741211,14.90999984741211,1000,0.0,0.0,0.0
2025-06-27 03:25:00+00:00,14.90999984741211,14.90999984741211,14.90999984741211,14.90999984741211,1141,0.0,0.0,0.0
2025-06-27 03:40:00+00:00,14.899999618530273,14.899999618530273,14.899999618530273,14.899999618530273,7000,0.0,0.0,0.0
2025-06-27 03:45:00+00:00,14.899999618530273,14.899999618530273,14.899999618530273,14.899999618530273,6000,0.0,0.0,0.0
2025-06-27 03:50:00+00:00,14.899999618530273,14.899999618530273,14.899999618530273,14.899999618530273,5000,0.0,0.0,0.0
2025-06-27 04:00:00+00:00,14.899999618530273,14.899999618530273,14.899999618530273,14.899999618530273,7203,0.0,0.0,0.0
2025-06-27 04:05:00+00:00,14.899999618530273,14.899999618530273,14.899999618530273,14.899999618530273,21000,0.0,0.0,0.0
2025-06-27 04:15:00+00:00,14.899999618530273,14.899999618530273,14.899999618530273,14.899999618530273,32555,0.0,0.0,0.0
2025-06-27 04:20:00+00:00,14.90999984741211,14.90999984741211,14.90999984741211,14.90999984741211,26080,0.0,0.0,0.0
2025-06-27 04:25:00+00:00,14.90999984741211,14.90999984741211,14.90999984741211,14.90999984741211,6000,0.0,0.0,0.0
2025-06-27 04:30:00+00:00,14.920000076293945,14.920000076293945,14.90999984741211,14.920000076293945,68000,0.0,0.0,0.0
2025-06-27 04:35:00+00:00,14.920000076293945,14.920000076293945,14.920000076293945,14.920000076293945,2180,0.0,0.0,0.0
2025-06-27 04:40:00+00:00,14.920000076293945,14.920000076293945,14.920000076293945,14.920000076293945,4000,0.0,0.0,0.0
2025-06-27 04:45:00+00:00,14.920000076293945,14.920000076293945,14.920000076293945,14.920000076293945,10000,0.0,0.0,0.0
2025-06-27 04:50:00+00:00,14.920000076293945,14.920000076293945,14.920000076293945,14.920000076293945,7080,0.0,0.0,0.0
2025-06-27 04:55:00+00:00,14.920000076293945,14.920000076293945,14.920000076293945,14.920000076293945,1000,0.0,0.0,0.0
2025-06-27 05:00:00+00:00,14.920000076293945,14.920000076293945,14.920000076293945,14.920000076293945,16000,0.0,0.0,0.0
2025-06-27 05:05:00+00:00,14.920000076293945,14.920000076293945,14.920000076293945,14.920000076293945,9300,0.0,0.0,0.0
2025-06-27 05:10:00+00:00,14.920000076293945,14.920000076293945,14.920000076293945,14.920000076293945,33000,0.0,0.0,0.0
2025-06-27 05:15:00+00:00,14.920000076293945,14.920000076293945,14.920000076293945,14.920000076293945,2135,0.0,0.0,0.0
2025-06-27 05:20:00+00:00,14.930000305175781,14.930000305175781,14.90999984741211,14.930000305175781,8100,0.0,0.0,0.0
2025-06-30 01:00:00+00:00,14.920000076293945,14.920000076293945,14.890000343322754,14.890000343322754,0,0.0,0.0,0.0
2025-06-30 01:05:00+00:00,14.859999656677246,14.859999656677246,14.859999656677246,14.859999656677246,39445,0.0,0.0,0.0
2025-06-30 01:10:00+00:00,14.869999885559082,14.869999885559082,14.859999656677246,14.859999656677246,3010,0.0,0.0,0.0
2025-06-30 01:15:00+00:00,14.859999656677246,14.859999656677246,14.84000015258789,14.84000015258789,103250,0.0,0.0,0.0
2025-06-30 01:20:00+00:00,14.84000015258789,14.84000015258789,14.829999923706055,14.84000015258789,11407,0.0,0.0,0.0
2025-06-30 01:25:00+00:00,14.84000015258789,14.84000015258789,14.84000015258789,14.84000015258789,10000,0.0,0.0,0.0
2025-06-30 01:30:00+00:00,14.859999656677246,14.859999656677246,14.84000015258789,14.84000015258789,23052,0.0,0.0,0.0
2025-06-30 01:40:00+00:00,14.859999656677246,14.859999656677246,14.850000381469727,14.850000381469727,3000,0.0,0.0,0.0
2025-06-30 01:45:00+00:00,14.869999885559082,14.869999885559082,14.869999885559082,14.869999885559082,4100,0.0,0.0,0.0
2025-06-30 01:50:00+00:00,14.869999885559082,14.869999885559082,14.859999656677246,14.859999656677246,5037,0.0,0.0,0.0
2025-06-30 01:55:00+00:00,14.869999885559082,14.869999885559082,14.859999656677246,14.859999656677246,13290,0.0,0.0,0.0
2025-06-30 02:00:00+00:00,14.869999885559082,14.869999885559082,14.859999656677246,14.859999656677246,46215,0.0,0.0,0.0
2025-06-30 02:10:00+00:00,14.859999656677246,14.859999656677246,14.859999656677246,14.859999656677246,1000,0.0,0.0,0.0
2025-06-30 02:15:00+00:00,14.859999656677246,14.859999656677246,14.859999656677246,14.859999656677246,18022,0.0,0.0,0.0
2025-06-30 02:20:00+00:00,14.869999885559082,14.869999885559082,14.869999885559082,14.869999885559082,25250,0.0,0.0,0.0
2025-06-30 02:30:00+00:00,14.869999885559082,14.869999885559082,14.869999885559082,14.869999885559082,2222,0.0,0.0,0.0
2025-06-30 02:45:00+00:00,14.859999656677246,14.859999656677246,14.850000381469727,14.850000381469727,4830,0.0,0.0,0.0
2025-06-30 02:50:00+00:00,14.850000381469727,14.850000381469727,14.850000381469727,14.850000381469727,16226,0.0,0.0,0.0
2025-06-30 03:00:00+00:00,14.850000381469727,14.850000381469727,14.850000381469727,14.850000381469727,2020,0.0,0.0,0.0
2025-06-30 03:05:00+00:00,14.84000015258789,14.84000015258789,14.84000015258789,14.84000015258789,10770,0.0,0.0,0.0
2025-06-30 03:25:00+00:00,14.84000015258789,14.84000015258789,14.84000015258789,14.84000015258789,5300,0.0,0.0,0.0
2025-06-30 03:30:00+00:00,14.850000381469727,14.850000381469727,14.850000381469727,14.850000381469727,5753,0.0,0.0,0.0
2025-06-30 04:00:00+00:00,14.850000381469727,14.850000381469727,14.850000381469727,14.850000381469727,2000,0.0,0.0,0.0
2025-06-30 04:05:00+00:00,14.84000015258789,14.84000015258789,14.84000015258789,14.84000015258789,2200,0.0,0.0,0.0
2025-06-30 04:15:00+00:00,14.850000381469727,14.850000381469727,14.84000015258789,14.84000015258789,43266,0.0,0.0,0.0
2025-06-30 04:20:00+00:00,14.84000015258789,14.84000015258789,14.84000015258789,14.84000015258789,1374,0.0,0.0,0.0
2025-06-30 04:25:00+00:00,14.84000015258789,14.84000015258789,14.84000015258789,14.84000015258789,1145,0.0,0.0,0.0
2025-06-30 04:30:00+00:00,14.84000015258789,14.84000015258789,14.84000015258789,14.84000015258789,1100,0.0,0.0,0.0
2025-06-30 04:35:00+00:00,14.84000015258789,14.84000015258789,14.84000015258789,14.84000015258789,5506,0.0,0.0,0.0
2025-06-30 04:40:00+00:00,14.84000015258789,14.84000015258789,14.829999923706055,14.829999923706055,5127,0.0,0.0,0.0
2025-06-30 04:45:00+00:00,14.84000015258789,14.84000015258789,14.84000015258789,14.84000015258789,1200,0.0,0.0,0.0
2025-06-30 04:50:00+00:00,14.850000381469727,14.850000381469727,14.84000015258789,14.84000015258789,7142,0.0,0.0,0.0
2025-06-30 04:55:00+00:00,14.84000015258789,14.84000015258789,14.84000015258789,14.84000015258789,2017,0.0,0.0,0.0
2025-06-30 05:00:00+00:00,14.84000015258789,14.84000015258789,14.829999923706055,14.829999923706055,14000,0.0,0.0,0.0
2025-06-30 05:05:00+00:00,14.819999694824219,14.819999694824219,14.819999694824219,14.819999694824219,1202,0.0,0.0,0.0
2025-06-30 05:10:00+00:00,14.819999694824219,14.819999694824219,14.819999694824219,14.819999694824219,103239,0.0,0.0,0.0
2025-06-30 05:15:00+00:00,14.819999694824219,14.819999694824219,14.819999694824219,14.819999694824219,3000,0.0,0.0,0.0
2025-06-30 05:20:00+00:00,14.819999694824219,14.819999694824219,14.8100004196167,14.8100004196167,100741,0.0,0.0,0.0
2025-07-01 01:00:00+00:00,14.859999656677246,14.880000114440918,14.859999656677246,14.880000114440918,0,0.0,0.0,0.0
2025-07-01 01:05:00+00:00,14.899999618530273,14.920000076293945,14.899999618530273,14.920000076293945,47863,0.0,0.0,0.0
2025-07-01 01:10:00+00:00,14.920000076293945,14.920000076293945,14.920000076293945,14.920000076293945,8389,0.0,0.0,0.0
2025-07-01 01:15:00+00:00,14.930000305175781,14.930000305175781,14.899999618530273,14.899999618530273,30015,0.0,0.0,0.0
2025-07-01 01:20:00+00:00,14.930000305175781,14.9399995803833,14.90999984741211,14.9399995803833,111132,0.0,0.0,0.0
2025-07-01 01:30:00+00:00,14.920000076293945,14.9399995803833,14.920000076293945,14.9399995803833,87200,0.0,0.0,0.0
2025-07-01 01:35:00+00:00,14.949999809265137,14.970000267028809,14.9399995803833,14.970000267028809,131397,0.0,0.0,0.0
2025-07-01 01:40:00+00:00,14.970000267028809,14.989999771118164,14.970000267028809,14.989999771118164,41967,0.0,0.0,0.0
2025-07-01 01:45:00+00:00,15.0,15.010000228881836,15.0,15.0,116695,0.0,0.0,0.0
2025-07-01 01:50:00+00:00,15.0,15.0,14.979999542236328,15.0,23100,0.0,0.0,0.0
2025-07-01 01:55:00+00:00,15.0,15.010000228881836,15.0,15.010000228881836,25720,0.0,0.0,0.0
2025-07-01 02:00:00+00:00,15.0,15.0,15.0,15.0,36080,0.0,0.0,0.0
2025-07-01 02:05:00+00:00,14.979999542236328,14.989999771118164,14.979999542236328,14.989999771118164,2000,0.0,0.0,0.0
2025-07-01 02:10:00+00:00,14.989999771118164,14.989999771118164,14.979999542236328,14.979999542236328,78010,0.0,0.0,0.0
2025-07-01 02:15:00+00:00,14.970000267028809,14.989999771118164,14.970000267028809,14.970000267028809,289000,0.0,0.0,0.0
2025-07-01 02:25:00+00:00,14.970000267028809,14.970000267028809,14.970000267028809,14.970000267028809,12000,0.0,0.0,0.0
2025-07-01 02:30:00+00:00,14.970000267028809,14.970000267028809,14.970000267028809,14.970000267028809,4100,0.0,0.0,0.0
2025-07-01 02:35:00+00:00,14.970000267028809,14.970000267028809,14.970000267028809,14.970000267028809,2369,0.0,0.0,0.0
2025-07-01 02:40:00+00:00,14.970000267028809,14.970000267028809,14.970000267028809,14.970000267028809,8000,0.0,0.0,0.0
2025-07-01 02:45:00+00:00,14.960000038146973,14.960000038146973,14.960000038146973,14.960000038146973,1050,0.0,0.0,0.0
2025-07-01 02:55:00+00:00,14.960000038146973,14.960000038146973,14.949999809265137,14.960000038146973,40010,0.0,0.0,0.0
2025-07-01 03:15:00+00:00,14.9399995803833,14.9399995803833,14.9399995803833,14.9399995803833,3000,0.0,0.0,0.0
2025-07-01 03:20:00+00:00,14.9399995803833,14.9399995803833,14.9399995803833,14.9399995803833,100150,0.0,0.0,0.0
2025-07-01 03:30:00+00:00,14.920000076293945,14.920000076293945,14.920000076293945,14.920000076293945,100050,0.0,0.0,0.0
2025-07-01 03:40:00+00:00,14.90999984741211,14.90999984741211,14.899999618530273,14.899999618530273,201813,0.0,0.0,0.0
2025-07-01 03:50:00+00:00,14.899999618530273,14.899999618530273,14.899999618530273,14.899999618530273,1298,0.0,0.0,0.0
2025-07-01 03:55:00+00:00,14.899999618530273,14.899999618530273,14.899999618530273,14.899999618530273,10000,0.0,0.0,0.0
2025-07-01 04:00:00+00:00,14.90999984741211,14.90999984741211,14.90999984741211,14.90999984741211,1000,0.0,0.0,0.0
2025-07-01 04:05:00+00:00,14.890000343322754,14.890000343322754,14.869999885559082,14.869999885559082,11000,0.0,0.0,0.0
2025-07-01 04:10:00+00:00,14.869999885559082,14.869999885559082,14.859999656677246,14.859999656677246,32000,0.0,0.0,0.0
2025-07-01 04:15:00+00:00,14.890000343322754,14.890000343322754,14.890000343322754,14.890000343322754,1020,0.0,0.0,0.0
2025-07-01 04:20:00+00:00,14.859999656677246,14.859999656677246,14.859999656677246,14.859999656677246,102337,0.0,0.0,0.0
2025-07-01 04:25:00+00:00,14.869999885559082,14.890000343322754,14.869999885559082,14.890000343322754,101400,0.0,0.0,0.0
2025-07-01 04:30:00+00:00,14.859999656677246,14.859999656677246,14.859999656677246,14.859999656677246,1000,0.0,0.0,0.0
2025-07-01 04:35:00+00:00,14.859999656677246,14.859999656677246,14.859999656677246,14.859999656677246,2123,0.0,0.0,0.0
2025-07-01 04:40:00+00:00,14.850000381469727,14.850000381469727,14.850000381469727,14.850000381469727,9225,0.0,0.0,0.0
2025-07-01 04:45:00+00:00,14.84000015258789,14.84000015258789,14.84000015258789,14.84000015258789,2000,0.0,0.0,0.0
2025-07-01 04:50:00+00:00,14.850000381469727,14.859999656677246,14.850000381469727,14.859999656677246,11000,0.0,0.0,0.0
2025-07-01 04:55:00+00:00,14.859999656677246,14.859999656677246,14.859999656677246,14.859999656677246,2002,0.0,0.0,0.0
2025-07-01 05:00:00+00:00,14.869999885559082,14.869999885559082,14.869999885559082,14.869999885559082,25000,0.0,0.0,0.0
2025-07-01 05:05:00+00:00,14.880000114440918,14.890000343322754,14.880000114440918,14.890000343322754,6001,0.0,0.0,0.0
2025-07-01 05:10:00+00:00,14.890000343322754,14.899999618530273,14.890000343322754,14.899999618530273,35642,0.0,0.0,0.0
2025-07-01 05:20:00+00:00,14.890000343322754,14.899999618530273,14.880000114440918,14.899999618530273,313106,0.0,0.0,0.0
2025-07-02 01:00:00+00:00,14.890000343322754,14.899999618530273,14.890000343322754,14.899999618530273,0,0.0,0.0,0.0
2025-07-02 01:05:00+00:00,14.90999984741211,14.930000305175781,14.90999984741211,14.920000076293945,120382,0.0,0.0,0.0
2025-07-02 01:10:00+00:00,14.920000076293945,14.930000305175781,14.920000076293945,14.930000305175781,49029,0.0,0.0,0.0
2025-07-02 01:15:00+00:00,14.9399995803833,14.9399995803833,14.9399995803833,14.9399995803833,5065,0.0,0.0,0.0
2025-07-02 01:20:00+00:00,14.930000305175781,14.9399995803833,14.930000305175781,14.9399995803833,20253,0.0,0.0,0.0
2025-07-02 01:30:00+00:00,14.930000305175781,14.930000305175781,14.930000305175781,14.930000305175781,1000,0.0,0.0,0.0
2025-07-02 01:35:00+00:00,14.920000076293945,14.920000076293945,14.90999984741211,14.90999984741211,20067,0.0,0.0,0.0
2025-07-02 01:40:00+00:00,14.920000076293945,14.920000076293945,14.920000076293945,14.920000076293945,3382,0.0,0.0,0.0
2025-07-02 01:55:00+00:00,14.90999984741211,14.90999984741211,14.90999984741211,14.90999984741211,5870,0.0,0.0,0.0
2025-07-02 02:00:00+00:00,14.899999618530273,14.899999618530273,14.899999618530273,14.899999618530273,16000,0.0,0.0,0.0
2025-07-02 02:15:00+00:00,14.899999618530273,14.90999984741211,14.899999618530273,14.90999984741211,3000,0.0,0.0,0.0
2025-07-02 02:20:00+00:00,14.90999984741211,14.90999984741211,14.90999984741211,14.90999984741211,5050,0.0,0.0,0.0
2025-07-02 02:45:00+00:00,14.90999984741211,14.90999984741211,14.90999984741211,14.90999984741211,1120,0.0,0.0,0.0
2025-07-02 02:50:00+00:00,14.90999984741211,14.920000076293945,14.90999984741211,14.920000076293945,35000,0.0,0.0,0.0
2025-07-02 02:55:00+00:00,14.920000076293945,14.920000076293945,14.920000076293945,14.920000076293945,2349,0.0,0.0,0.0
2025-07-02 03:00:00+00:00,14.920000076293945,14.920000076293945,14.920000076293945,14.920000076293945,6000,0.0,0.0,0.0
2025-07-02 03:05:00+00:00,14.930000305175781,14.930000305175781,14.930000305175781,14.930000305175781,42032,0.0,0.0,0.0
2025-07-02 03:15:00+00:00,14.920000076293945,14.920000076293945,14.920000076293945,14.920000076293945,2000,0.0,0.0,0.0
2025-07-02 03:20:00+00:00,14.9399995803833,14.9399995803833,14.9399995803833,14.9399995803833,53499,0.0,0.0,0.0
2025-07-02 03:25:00+00:00,14.9399995803833,14.9399995803833,14.9399995803833,14.9399995803833,17000,0.0,0.0,0.0
2025-07-02 03:30:00+00:00,14.9399995803833,14.949999809265137,14.9399995803833,14.949999809265137,40854,0.0,0.0,0.0
2025-07-02 03:35:00+00:00,14.949999809265137,14.949999809265137,14.949999809265137,14.949999809265137,1006,0.0,0.0,0.0
2025-07-02 03:40:00+00:00,14.949999809265137,14.949999809265137,14.949999809265137,14.949999809265137,65001,0.0,0.0,0.0
2025-07-02 03:45:00+00:00,14.949999809265137,14.949999809265137,14.949999809265137,14.949999809265137,56913,0.0,0.0,0.0
2025-07-02 03:50:00+00:00,14.949999809265137,14.960000038146973,14.949999809265137,14.960000038146973,27305,0.0,0.0,0.0
2025-07-02 03:55:00+00:00,14.970000267028809,14.970000267028809,14.970000267028809,14.970000267028809,16000,0.0,0.0,0.0
2025-07-02 04:00:00+00:00,14.970000267028809,14.979999542236328,14.970000267028809,14.979999542236328,40665,0.0,0.0,0.0
2025-07-02 04:15:00+00:00,14.979999542236328,14.979999542236328,14.979999542236328,14.979999542236328,2000,0.0,0.0,0.0
2025-07-02 04:20:00+00:00,14.979999542236328,14.989999771118164,14.979999542236328,14.989999771118164,46450,0.0,0.0,0.0
2025-07-02 04:25:00+00:00,15.0,15.0,15.0,15.0,143000,0.0,0.0,0.0
2025-07-02 04:30:00+00:00,14.989999771118164,14.989999771118164,14.989999771118164,14.989999771118164,2050,0.0,0.0,0.0
2025-07-02 04:35:00+00:00,14.989999771118164,15.0,14.989999771118164,15.0,22100,0.0,0.0,0.0
2025-07-02 04:40:00+00:00,15.0,15.0,15.0,15.0,45300,0.0,0.0,0.0
2025-07-02 04:45:00+00:00,15.0,15.0,15.0,15.0,7000,0.0,0.0,0.0
2025-07-02 04:50:00+00:00,15.0,15.0,15.0,15.0,19700,0.0,0.0,0.0
2025-07-02 04:55:00+00:00,15.0,15.010000228881836,15.0,15.0,52234,0.0,0.0,0.0
2025-07-02 05:00:00+00:00,15.0,15.010000228881836,15.0,15.010000228881836,40168,0.0,0.0,0.0
2025-07-02 05:05:00+00:00,15.0,15.010000228881836,15.0,15.010000228881836,5000,0.0,0.0,0.0
2025-07-02 05:10:00+00:00,15.0,15.0,15.0,15.0,4000,0.0,0.0,0.0
2025-07-02 05:15:00+00:00,15.0,15.010000228881836,15.0,15.0,394100,0.0,0.0,0.0
2025-07-02 05:20:00+00:00,15.0,15.0,15.0,15.0,78115,0.0,0.0,0.0
2025-07-03 01:00:00+00:00,15.130000114440918,15.149999618530273,15.130000114440918,15.130000114440918,0,0.0,0.0,0.0
2025-07-03 01:05:00+00:00,15.09000015258789,15.109999656677246,15.09000015258789,15.109999656677246,18317,0.0,0.0,0.0
2025-07-03 01:10:00+00:00,15.109999656677246,15.109999656677246,15.09000015258789,15.109999656677246,45875,0.0,0.0,0.0
2025-07-03 01:15:00+00:00,15.109999656677246,15.119999885559082,15.109999656677246,15.119999885559082,42796,0.0,0.0,0.0
2025-07-03 01:20:00+00:00,15.119999885559082,15.130000114440918,15.119999885559082,15.130000114440918,58807,0.0,0.0,0.0
2025-07-03 01:25:00+00:00,15.130000114440918,15.140000343322754,15.130000114440918,15.130000114440918,94651,0.0,0.0,0.0
2025-07-03 01:30:00+00:00,15.149999618530273,15.149999618530273,15.149999618530273,15.149999618530273,234854,0.0,0.0,0.0
2025-07-03 01:35:00+00:00,15.149999618530273,15.149999618530273,15.140000343322754,15.140000343322754,23311,0.0,0.0,0.0
2025-07-03 01:45:00+00:00,15.140000343322754,15.140000343322754,15.130000114440918,15.130000114440918,5201,0.0,0.0,0.0
2025-07-03 01:55:00+00:00,15.119999885559082,15.119999885559082,15.119999885559082,15.119999885559082,5000,0.0,0.0,0.0
2025-07-03 02:00:00+00:00,15.130000114440918,15.130000114440918,15.119999885559082,15.119999885559082,3100,0.0,0.0,0.0
2025-07-03 02:05:00+00:00,15.119999885559082,15.119999885559082,15.109999656677246,15.109999656677246,24000,0.0,0.0,0.0
2025-07-03 02:10:00+00:00,15.119999885559082,15.130000114440918,15.119999885559082,15.130000114440918,13000,0.0,0.0,0.0
2025-07-03 02:15:00+00:00,15.119999885559082,15.119999885559082,15.109999656677246,15.109999656677246,11105,0.0,0.0,0.0
2025-07-03 02:20:00+00:00,15.109999656677246,15.109999656677246,15.109999656677246,15.109999656677246,51100,0.0,0.0,0.0
2025-07-03 02:25:00+00:00,15.109999656677246,15.109999656677246,15.109999656677246,15.109999656677246,6000,0.0,0.0,0.0
2025-07-03 02:30:00+00:00,15.119999885559082,15.119999885559082,15.119999885559082,15.119999885559082,5200,0.0,0.0,0.0
2025-07-03 02:35:00+00:00,15.109999656677246,15.109999656677246,15.09000015258789,15.100000381469727,22564,0.0,0.0,0.0
2025-07-03 02:45:00+00:00,15.109999656677246,15.109999656677246,15.109999656677246,15.109999656677246,2004,0.0,0.0,0.0
2025-07-03 02:55:00+00:00,15.100000381469727,15.109999656677246,15.100000381469727,15.109999656677246,10000,0.0,0.0,0.0
2025-07-03 03:00:00+00:00,15.100000381469727,15.100000381469727,15.100000381469727,15.100000381469727,2000,0.0,0.0,0.0
2025-07-03 03:10:00+00:00,15.100000381469727,15.100000381469727,15.100000381469727,15.100000381469727,50000,0.0,0.0,0.0
2025-07-03 03:15:00+00:00,15.109999656677246,15.109999656677246,15.100000381469727,15.100000381469727,21450,0.0,0.0,0.0
2025-07-03 03:20:00+00:00,15.100000381469727,15.100000381469727,15.100000381469727,15.100000381469727,15190,0.0,0.0,0.0
2025-07-03 03:25:00+00:00,15.100000381469727,15.100000381469727,15.100000381469727,15.100000381469727,5500,0.0,0.0,0.0
2025-07-03 03:30:00+00:00,15.109999656677246,15.109999656677246,15.109999656677246,15.109999656677246,35000,0.0,0.0,0.0
2025-07-03 03:35:00+00:00,15.109999656677246,15.109999656677246,15.109999656677246,15.109999656677246,11000,0.0,0.0,0.0
2025-07-03 03:45:00+00:00,15.109999656677246,15.119999885559082,15.109999656677246,15.119999885559082,2020,0.0,0.0,0.0
2025-07-03 03:50:00+00:00,15.109999656677246,15.109999656677246,15.109999656677246,15.109999656677246,1030,0.0,0.0,0.0
2025-07-03 04:00:00+00:00,15.109999656677246,15.109999656677246,15.109999656677246,15.109999656677246,21000,0.0,0.0,0.0
2025-07-03 04:05:00+00:00,15.119999885559082,15.119999885559082,15.119999885559082,15.119999885559082,100000,0.0,0.0,0.0
2025-07-03 04:10:00+00:00,15.119999885559082,15.119999885559082,15.119999885559082,15.119999885559082,63268,0.0,0.0,0.0
2025-07-03 04:15:00+00:00,15.119999885559082,15.119999885559082,15.119999885559082,15.119999885559082,123100,0.0,0.0,0.0
2025-07-03 04:20:00+00:00,15.109999656677246,15.109999656677246,15.109999656677246,15.109999656677246,2000,0.0,0.0,0.0
2025-07-03 04:25:00+00:00,15.119999885559082,15.119999885559082,15.119999885559082,15.119999885559082,8532,0.0,0.0,0.0
2025-07-03 04:45:00+00:00,15.109999656677246,15.109999656677246,15.109999656677246,15.109999656677246,25402,0.0,0.0,0.0
2025-07-03 04:50:00+00:00,15.119999885559082,15.119999885559082,15.109999656677246,15.109999656677246,11100,0.0,0.0,0.0
2025-07-03 04:55:00+00:00,15.100000381469727,15.100000381469727,15.100000381469727,15.100000381469727,3263,0.0,0.0,0.0
2025-07-03 05:00:00+00:00,15.100000381469727,15.100000381469727,15.100000381469727,15.100000381469727,8000,0.0,0.0,0.0
2025-07-03 05:05:00+00:00,15.100000381469727,15.100000381469727,15.100000381469727,15.100000381469727,16137,0.0,0.0,0.0
2025-07-03 05:15:00+00:00,15.100000381469727,15.100000381469727,15.100000381469727,15.100000381469727,7264,0.0,0.0,0.0
2025-07-03 05:20:00+00:00,15.100000381469727,15.100000381469727,15.100000381469727,15.100000381469727,16000,0.0,0.0,0.0
2025-05-06 01:00:00+00:00,14.380000114440918,14.390000343322754,14.369999885559082,14.369999885559082,0,0.0,0.0,0.0
2025-05-06 01:05:00+00:00,14.369999885559082,14.399999618530273,14.369999885559082,14.399999618530273,130824,0.0,0.0,0.0
2025-05-06 01:10:00+00:00,14.399999618530273,14.449999809265137,14.399999618530273,14.449999809265137,37448,0.0,0.0,0.0
2025-05-06 01:15:00+00:00,14.420000076293945,14.420000076293945,14.420000076293945,14.420000076293945,2000,0.0,0.0,0.0
2025-05-06 01:20:00+00:00,14.430000305175781,14.470000267028809,14.430000305175781,14.460000038146973,67068,0.0,0.0,0.0
2025-05-06 01:25:00+00:00,14.449999809265137,14.479999542236328,14.449999809265137,14.460000038146973,18151,0.0,0.0,0.0
2025-05-06 01:30:00+00:00,14.470000267028809,14.470000267028809,14.470000267028809,14.470000267028809,3102,0.0,0.0,0.0
2025-05-06 01:35:00+00:00,14.460000038146973,14.470000267028809,14.460000038146973,14.470000267028809,43005,0.0,0.0,0.0
2025-05-06 01:40:00+00:00,14.470000267028809,14.470000267028809,14.460000038146973,14.460000038146973,7000,0.0,0.0,0.0
2025-05-06 01:45:00+00:00,14.460000038146973,14.470000267028809,14.420000076293945,14.420000076293945,24200,0.0,0.0,0.0
2025-05-06 01:50:00+00:00,14.420000076293945,14.430000305175781,14.40999984741211,14.430000305175781,59200,0.0,0.0,0.0
2025-05-06 01:55:00+00:00,14.449999809265137,14.449999809265137,14.449999809265137,14.449999809265137,17122,0.0,0.0,0.0
2025-05-06 02:00:00+00:00,14.460000038146973,14.460000038146973,14.460000038146973,14.460000038146973,11335,0.0,0.0,0.0
2025-05-06 02:05:00+00:00,14.460000038146973,14.470000267028809,14.460000038146973,14.470000267028809,25272,0.0,0.0,0.0
2025-05-06 02:10:00+00:00,14.470000267028809,14.470000267028809,14.470000267028809,14.470000267028809,107000,0.0,0.0,0.0
2025-05-06 02:15:00+00:00,14.479999542236328,14.479999542236328,14.479999542236328,14.479999542236328,13257,0.0,0.0,0.0
2025-05-06 02:20:00+00:00,14.479999542236328,14.479999542236328,14.479999542236328,14.479999542236328,1044,0.0,0.0,0.0
2025-05-06 02:25:00+00:00,14.479999542236328,14.5,14.479999542236328,14.5,36537,0.0,0.0,0.0
2025-05-06 02:30:00+00:00,14.5,14.5,14.489999771118164,14.5,17302,0.0,0.0,0.0
2025-05-06 02:35:00+00:00,14.510000228881836,14.529999732971191,14.510000228881836,14.529999732971191,57845,0.0,0.0,0.0
2025-05-06 02:40:00+00:00,14.529999732971191,14.539999961853027,14.529999732971191,14.539999961853027,3075,0.0,0.0,0.0
2025-05-06 02:45:00+00:00,14.539999961853027,14.539999961853027,14.539999961853027,14.539999961853027,6027,0.0,0.0,0.0
2025-05-06 02:50:00+00:00,14.529999732971191,14.550000190734863,14.529999732971191,14.539999961853027,62000,0.0,0.0,0.0
2025-05-06 02:55:00+00:00,14.539999961853027,14.550000190734863,14.539999961853027,14.539999961853027,56148,0.0,0.0,0.0
2025-05-06 03:00:00+00:00,14.539999961853027,14.539999961853027,14.539999961853027,14.539999961853027,19808,0.0,0.0,0.0
2025-05-06 03:05:00+00:00,14.5600004196167,14.5600004196167,14.539999961853027,14.539999961853027,45051,0.0,0.0,0.0
2025-05-06 03:15:00+00:00,14.529999732971191,14.529999732971191,14.529999732971191,14.529999732971191,3022,0.0,0.0,0.0
2025-05-06 03:20:00+00:00,14.529999732971191,14.539999961853027,14.529999732971191,14.539999961853027,14122,0.0,0.0,0.0
2025-05-06 03:25:00+00:00,14.529999732971191,14.529999732971191,14.529999732971191,14.529999732971191,1000,0.0,0.0,0.0
2025-05-06 03:30:00+00:00,14.539999961853027,14.569999694824219,14.539999961853027,14.569999694824219,79222,0.0,0.0,0.0
2025-05-06 03:35:00+00:00,14.579999923706055,14.579999923706055,14.579999923706055,14.579999923706055,6100,0.0,0.0,0.0
2025-05-06 03:40:00+00:00,14.569999694824219,14.569999694824219,14.569999694824219,14.569999694824219,7042,0.0,0.0,0.0
2025-05-06 03:45:00+00:00,14.579999923706055,14.579999923706055,14.579999923706055,14.579999923706055,1472,0.0,0.0,0.0
2025-05-06 03:50:00+00:00,14.569999694824219,14.569999694824219,14.569999694824219,14.569999694824219,1445,0.0,0.0,0.0
2025-05-06 04:00:00+00:00,14.569999694824219,14.569999694824219,14.569999694824219,14.569999694824219,219023,0.0,0.0,0.0
2025-05-06 04:05:00+00:00,14.569999694824219,14.579999923706055,14.569999694824219,14.579999923706055,7100,0.0,0.0,0.0
2025-05-06 04:10:00+00:00,14.5600004196167,14.569999694824219,14.5600004196167,14.569999694824219,110172,0.0,0.0,0.0
2025-05-06 04:20:00+00:00,14.5600004196167,14.5600004196167,14.5600004196167,14.5600004196167,5022,0.0,0.0,0.0
2025-05-06 04:25:00+00:00,14.5600004196167,14.569999694824219,14.5600004196167,14.569999694824219,7100,0.0,0.0,0.0
2025-05-06 04:30:00+00:00,14.569999694824219,14.569999694824219,14.569999694824219,14.569999694824219,2100,0.0,0.0,0.0
2025-05-06 04:35:00+00:00,14.5600004196167,14.5600004196167,14.550000190734863,14.550000190734863,2042,0.0,0.0,0.0
2025-05-06 04:40:00+00:00,14.539999961853027,14.539999961853027,14.529999732971191,14.529999732971191,43133,0.0,0.0,0.0
2025-05-06 04:45:00+00:00,14.539999961853027,14.550000190734863,14.539999961853027,14.550000190734863,39105,0.0,0.0,0.0
2025-05-06 04:50:00+00:00,14.539999961853027,14.539999961853027,14.539999961853027,14.539999961853027,10000,0.0,0.0,0.0
2025-05-06 04:55:00+00:00,14.550000190734863,14.550000190734863,14.529999732971191,14.539999961853027,27271,0.0,0.0,0.0
2025-05-06 05:00:00+00:00,14.550000190734863,14.550000190734863,14.529999732971191,14.550000190734863,8015,0.0,0.0,0.0
2025-05-06 05:05:00+00:00,14.520000457763672,14.520000457763672,14.520000457763672,14.520000457763672,510430,0.0,0.0,0.0
2025-05-06 05:10:00+00:00,14.5,14.5,14.5,14.5,103073,0.0,0.0,0.0
2025-05-06 05:15:00+00:00,14.5,14.5,14.5,14.5,111000,0.0,0.0,0.0
2025-05-06 05:20:00+00:00,14.5,14.5,14.5,14.5,3238,0.0,0.0,0.0
2025-05-07 01:00:00+00:00,14.520000457763672,14.619999885559082,14.520000457763672,14.619999885559082,0,0.0,0.0,0.0
2025-05-07 01:05:00+00:00,14.539999961853027,14.550000190734863,14.539999961853027,14.550000190734863,8472,0.0,0.0,0.0
2025-05-07 01:10:00+00:00,14.600000381469727,14.600000381469727,14.59000015258789,14.600000381469727,25136,0.0,0.0,0.0
2025-05-07 01:15:00+00:00,14.609999656677246,14.670000076293945,14.609999656677246,14.670000076293945,33311,0.0,0.0,0.0
2025-05-07 01:20:00+00:00,14.65999984741211,14.65999984741211,14.649999618530273,14.65999984741211,32085,0.0,0.0,0.0
2025-05-07 01:25:00+00:00,14.670000076293945,14.670000076293945,14.640000343322754,14.640000343322754,170225,0.0,0.0,0.0
2025-05-07 01:30:00+00:00,14.619999885559082,14.619999885559082,14.619999885559082,14.619999885559082,6000,0.0,0.0,0.0
2025-05-07 01:35:00+00:00,14.609999656677246,14.630000114440918,14.600000381469727,14.630000114440918,56021,0.0,0.0,0.0
2025-05-07 01:40:00+00:00,14.640000343322754,14.640000343322754,14.609999656677246,14.630000114440918,36075,0.0,0.0,0.0
2025-05-07 01:45:00+00:00,14.630000114440918,14.630000114440918,14.630000114440918,14.630000114440918,8000,0.0,0.0,0.0
2025-05-07 01:50:00+00:00,14.609999656677246,14.630000114440918,14.609999656677246,14.630000114440918,84007,0.0,0.0,0.0
2025-05-07 01:55:00+00:00,14.630000114440918,14.640000343322754,14.630000114440918,14.640000343322754,60420,0.0,0.0,0.0
2025-05-07 02:00:00+00:00,14.630000114440918,14.630000114440918,14.630000114440918,14.630000114440918,4033,0.0,0.0,0.0
2025-05-07 02:05:00+00:00,14.640000343322754,14.640000343322754,14.640000343322754,14.640000343322754,2250,0.0,0.0,0.0
2025-05-07 02:10:00+00:00,14.640000343322754,14.640000343322754,14.630000114440918,14.630000114440918,6549,0.0,0.0,0.0
2025-05-07 02:15:00+00:00,14.609999656677246,14.630000114440918,14.609999656677246,14.630000114440918,12000,0.0,0.0,0.0
2025-05-07 02:20:00+00:00,14.619999885559082,14.619999885559082,14.609999656677246,14.609999656677246,16000,0.0,0.0,0.0
2025-05-07 02:25:00+00:00,14.609999656677246,14.609999656677246,14.609999656677246,14.609999656677246,1168,0.0,0.0,0.0
2025-05-07 02:30:00+00:00,14.600000381469727,14.600000381469727,14.600000381469727,14.600000381469727,5000,0.0,0.0,0.0
2025-05-07 02:40:00+00:00,14.609999656677246,14.609999656677246,14.600000381469727,14.600000381469727,14130,0.0,0.0,0.0
2025-05-07 02:45:00+00:00,14.579999923706055,14.579999923706055,14.569999694824219,14.569999694824219,8240,0.0,0.0,0.0
2025-05-07 02:50:00+00:00,14.569999694824219,14.569999694824219,14.569999694824219,14.569999694824219,8100,0.0,0.0,0.0
2025-05-07 02:55:00+00:00,14.569999694824219,14.569999694824219,14.569999694824219,14.569999694824219,3035,0.0,0.0,0.0
2025-05-07 03:00:00+00:00,14.569999694824219,14.579999923706055,14.569999694824219,14.579999923706055,6395,0.0,0.0,0.0
2025-05-07 03:20:00+00:00,14.569999694824219,14.579999923706055,14.569999694824219,14.579999923706055,22100,0.0,0.0,0.0
2025-05-07 03:30:00+00:00,14.569999694824219,14.569999694824219,14.569999694824219,14.569999694824219,3000,0.0,0.0,0.0
2025-05-07 03:35:00+00:00,14.579999923706055,14.579999923706055,14.579999923706055,14.579999923706055,5033,0.0,0.0,0.0
2025-05-07 03:45:00+00:00,14.579999923706055,14.579999923706055,14.569999694824219,14.569999694824219,10306,0.0,0.0,0.0
2025-05-07 03:50:00+00:00,14.59000015258789,14.59000015258789,14.59000015258789,14.59000015258789,2000,0.0,0.0,0.0
2025-05-07 04:00:00+00:00,14.59000015258789,14.59000015258789,14.59000015258789,14.59000015258789,1035,0.0,0.0,0.0
2025-05-07 04:10:00+00:00,14.569999694824219,14.569999694824219,14.569999694824219,14.569999694824219,1100,0.0,0.0,0.0
2025-05-07 04:15:00+00:00,14.5600004196167,14.5600004196167,14.5600004196167,14.5600004196167,2200,0.0,0.0,0.0
2025-05-07 04:20:00+00:00,14.579999923706055,14.579999923706055,14.579999923706055,14.579999923706055,1124,0.0,0.0,0.0
2025-05-07 04:25:00+00:00,14.59000015258789,14.59000015258789,14.59000015258789,14.59000015258789,221561,0.0,0.0,0.0
2025-05-07 04:35:00+00:00,14.579999923706055,14.579999923706055,14.569999694824219,14.569999694824219,204547,0.0,0.0,0.0
2025-05-07 04:45:00+00:00,14.569999694824219,14.569999694824219,14.569999694824219,14.569999694824219,100067,0.0,0.0,0.0
2025-05-07 04:50:00+00:00,14.5600004196167,14.5600004196167,14.5600004196167,14.5600004196167,52000,0.0,0.0,0.0
2025-05-07 05:00:00+00:00,14.569999694824219,14.569999694824219,14.539999961853027,14.539999961853027,118302,0.0,0.0,0.0
2025-05-07 05:05:00+00:00,14.550000190734863,14.550000190734863,14.550000190734863,14.550000190734863,261000,0.0,0.0,0.0
2025-05-07 05:10:00+00:00,14.550000190734863,14.550000190734863,14.550000190734863,14.550000190734863,299070,0.0,0.0,0.0
2025-05-07 05:15:00+00:00,14.550000190734863,14.5600004196167,14.550000190734863,14.5600004196167,25524,0.0,0.0,0.0
2025-05-07 05:20:00+00:00,14.5600004196167,14.569999694824219,14.550000190734863,14.550000190734863,13688,0.0,0.0,0.0
2025-05-08 01:00:00+00:00,14.569999694824219,14.569999694824219,14.569999694824219,14.569999694824219,0,0.0,0.0,0.0
2025-05-08 01:05:00+00:00,14.569999694824219,14.619999885559082,14.569999694824219,14.619999885559082,70440,0.0,0.0,0.0
2025-05-08 01:10:00+00:00,14.640000343322754,14.649999618530273,14.640000343322754,14.640000343322754,71145,0.0,0.0,0.0
2025-05-08 01:20:00+00:00,14.670000076293945,14.670000076293945,14.649999618530273,14.649999618530273,2000,0.0,0.0,0.0
2025-05-08 01:35:00+00:00,14.630000114440918,14.630000114440918,14.630000114440918,14.630000114440918,0,0.0,0.0,0.0
2025-05-08 01:40:00+00:00,14.630000114440918,14.630000114440918,14.630000114440918,14.630000114440918,195777,0.0,0.0,0.0
2025-05-08 01:45:00+00:00,14.649999618530273,14.649999618530273,14.649999618530273,14.649999618530273,3000,0.0,0.0,0.0
2025-05-08 01:50:00+00:00,14.619999885559082,14.619999885559082,14.609999656677246,14.609999656677246,6364,0.0,0.0,0.0
2025-05-08 01:55:00+00:00,14.600000381469727,14.609999656677246,14.600000381469727,14.609999656677246,6430,0.0,0.0,0.0
2025-05-08 02:00:00+00:00,14.609999656677246,14.619999885559082,14.609999656677246,14.619999885559082,14016,0.0,0.0,0.0
2025-05-08 02:05:00+00:00,14.619999885559082,14.619999885559082,14.619999885559082,14.619999885559082,29000,0.0,0.0,0.0
2025-05-08 02:10:00+00:00,14.630000114440918,14.640000343322754,14.630000114440918,14.640000343322754,22606,0.0,0.0,0.0
2025-05-08 02:15:00+00:00,14.640000343322754,14.649999618530273,14.640000343322754,14.649999618530273,2445,0.0,0.0,0.0
2025-05-08 02:30:00+00:00,14.640000343322754,14.640000343322754,14.640000343322754,14.640000343322754,20000,0.0,0.0,0.0
2025-05-08 02:35:00+00:00,14.649999618530273,14.649999618530273,14.640000343322754,14.640000343322754,11284,0.0,0.0,0.0
2025-05-08 02:40:00+00:00,14.649999618530273,14.649999618530273,14.649999618530273,14.649999618530273,40246,0.0,0.0,0.0
2025-05-08 02:45:00+00:00,14.630000114440918,14.640000343322754,14.630000114440918,14.640000343322754,23010,0.0,0.0,0.0
2025-05-08 02:50:00+00:00,14.630000114440918,14.640000343322754,14.630000114440918,14.640000343322754,13001,0.0,0.0,0.0
2025-05-08 02:55:00+00:00,14.640000343322754,14.640000343322754,14.640000343322754,14.640000343322754,5206,0.0,0.0,0.0
2025-05-08 03:00:00+00:00,14.649999618530273,14.670000076293945,14.649999618530273,14.670000076293945,86400,0.0,0.0,0.0
2025-05-08 03:05:00+00:00,14.670000076293945,14.670000076293945,14.670000076293945,14.670000076293945,1015,0.0,0.0,0.0
2025-05-08 03:10:00+00:00,14.65999984741211,14.65999984741211,14.65999984741211,14.65999984741211,1400,0.0,0.0,0.0
2025-05-08 03:20:00+00:00,14.65999984741211,14.65999984741211,14.65999984741211,14.65999984741211,1000,0.0,0.0,0.0
2025-05-08 03:25:00+00:00,14.65999984741211,14.65999984741211,14.65999984741211,14.65999984741211,1000,0.0,0.0,0.0
2025-05-08 03:30:00+00:00,14.670000076293945,14.670000076293945,14.65999984741211,14.65999984741211,3125,0.0,0.0,0.0
2025-05-08 03:40:00+00:00,14.65999984741211,14.65999984741211,14.65999984741211,14.65999984741211,2650,0.0,0.0,0.0
2025-05-08 03:45:00+00:00,14.649999618530273,14.65999984741211,14.649999618530273,14.65999984741211,15999,0.0,0.0,0.0
2025-05-08 03:50:00+00:00,14.65999984741211,14.65999984741211,14.65999984741211,14.65999984741211,5000,0.0,0.0,0.0
2025-05-08 03:55:00+00:00,14.649999618530273,14.649999618530273,14.649999618530273,14.649999618530273,10000,0.0,0.0,0.0
2025-05-08 04:00:00+00:00,14.649999618530273,14.649999618530273,14.649999618530273,14.649999618530273,12201,0.0,0.0,0.0
2025-05-08 04:10:00+00:00,14.649999618530273,14.649999618530273,14.649999618530273,14.649999618530273,2083,0.0,0.0,0.0
2025-05-08 04:25:00+00:00,14.649999618530273,14.649999618530273,14.649999618530273,14.649999618530273,1684,0.0,0.0,0.0
2025-05-08 04:40:00+00:00,14.649999618530273,14.649999618530273,14.649999618530273,14.649999618530273,50000,0.0,0.0,0.0
2025-05-08 04:55:00+00:00,14.640000343322754,14.649999618530273,14.640000343322754,14.649999618530273,2000,0.0,0.0,0.0
2025-05-08 05:05:00+00:00,14.640000343322754,14.640000343322754,14.640000343322754,14.640000343322754,3818,0.0,0.0,0.0
2025-05-08 05:10:00+00:00,14.630000114440918,14.630000114440918,14.630000114440918,14.630000114440918,3000,0.0,0.0,0.0
2025-05-08 05:15:00+00:00,14.619999885559082,14.619999885559082,14.619999885559082,14.619999885559082,25057,0.0,0.0,0.0
2025-05-08 05:20:00+00:00,14.619999885559082,14.619999885559082,14.619999885559082,14.619999885559082,8748,0.0,0.0,0.0
2025-05-09 01:00:00+00:00,14.630000114440918,14.640000343322754,14.630000114440918,14.640000343322754,0,0.0,0.0,0.0
2025-05-09 01:05:00+00:00,14.640000343322754,14.640000343322754,14.619999885559082,14.619999885559082,17838,0.0,0.0,0.0
2025-05-09 01:10:00+00:00,14.619999885559082,14.619999885559082,14.619999885559082,14.619999885559082,3000,0.0,0.0,0.0
2025-05-09 01:15:00+00:00,14.630000114440918,14.630000114440918,14.630000114440918,14.630000114440918,14671,0.0,0.0,0.0
2025-05-09 01:20:00+00:00,14.619999885559082,14.619999885559082,14.609999656677246,14.619999885559082,10111,0.0,0.0,0.0
2025-05-09 01:25:00+00:00,14.619999885559082,14.619999885559082,14.619999885559082,14.619999885559082,3100,0.0,0.0,0.0
2025-05-09 01:30:00+00:00,14.609999656677246,14.609999656677246,14.600000381469727,14.600000381469727,16210,0.0,0.0,0.0
2025-05-09 01:35:00+00:00,14.609999656677246,14.609999656677246,14.609999656677246,14.609999656677246,5335,0.0,0.0,0.0
2025-05-09 01:40:00+00:00,14.609999656677246,14.640000343322754,14.609999656677246,14.640000343322754,184000,0.0,0.0,0.0
2025-05-09 01:45:00+00:00,14.649999618530273,14.649999618530273,14.649999618530273,14.649999618530273,3100,0.0,0.0,0.0
2025-05-09 01:50:00+00:00,14.649999618530273,14.649999618530273,14.649999618530273,14.649999618530273,1090,0.0,0.0,0.0
2025-05-09 02:00:00+00:00,14.649999618530273,14.649999618530273,14.640000343322754,14.640000343322754,4338,0.0,0.0,0.0
2025-05-09 02:10:00+00:00,14.640000343322754,14.640000343322754,14.640000343322754,14.640000343322754,8302,0.0,0.0,0.0
2025-05-09 02:15:00+00:00,14.640000343322754,14.640000343322754,14.640000343322754,14.640000343322754,7300,0.0,0.0,0.0
2025-05-09 02:20:00+00:00,14.640000343322754,14.640000343322754,14.640000343322754,14.640000343322754,1005,0.0,0.0,0.0
2025-05-09 02:25:00+00:00,14.640000343322754,14.65999984741211,14.640000343322754,14.65999984741211,43000,0.0,0.0,0.0
2025-05-09 02:30:00+00:00,14.670000076293945,14.6899995803833,14.670000076293945,14.6899995803833,11854,0.0,0.0,0.0
2025-05-09 02:35:00+00:00,14.680000305175781,14.680000305175781,14.680000305175781,14.680000305175781,1863,0.0,0.0,0.0
2025-05-09 02:40:00+00:00,14.680000305175781,14.680000305175781,14.680000305175781,14.680000305175781,2900,0.0,0.0,0.0
2025-05-09 02:45:00+00:00,14.6899995803833,14.699999809265137,14.6899995803833,14.699999809265137,83670,0.0,0.0,0.0
2025-05-09 02:55:00+00:00,14.699999809265137,14.710000038146973,14.699999809265137,14.710000038146973,22500,0.0,0.0,0.0
2025-05-09 03:00:00+00:00,14.720000267028809,14.720000267028809,14.720000267028809,14.720000267028809,12232,0.0,0.0,0.0
2025-05-09 03:10:00+00:00,14.720000267028809,14.729999542236328,14.720000267028809,14.729999542236328,56999,0.0,0.0,0.0
2025-05-09 03:15:00+00:00,14.729999542236328,14.729999542236328,14.729999542236328,14.729999542236328,1974,0.0,0.0,0.0
2025-05-09 03:25:00+00:00,14.729999542236328,14.729999542236328,14.729999542236328,14.729999542236328,2602,0.0,0.0,0.0
2025-05-09 03:35:00+00:00,14.729999542236328,14.729999542236328,14.729999542236328,14.729999542236328,29577,0.0,0.0,0.0
2025-05-09 03:40:00+00:00,14.729999542236328,14.729999542236328,14.729999542236328,14.729999542236328,2000,0.0,0.0,0.0
2025-05-09 03:45:00+00:00,14.729999542236328,14.729999542236328,14.720000267028809,14.720000267028809,6000,0.0,0.0,0.0
2025-05-09 03:50:00+00:00,14.720000267028809,14.739999771118164,14.720000267028809,14.739999771118164,48050,0.0,0.0,0.0
2025-05-09 03:55:00+00:00,14.739999771118164,14.75,14.739999771118164,14.75,59839,0.0,0.0,0.0
2025-05-09 04:00:00+00:00,14.760000228881836,14.760000228881836,14.75,14.75,2360,0.0,0.0,0.0
2025-05-09 04:05:00+00:00,14.75,14.75,14.75,14.75,13000,0.0,0.0,0.0
2025-05-09 04:10:00+00:00,14.760000228881836,14.760000228881836,14.75,14.75,37840,0.0,0.0,0.0
2025-05-09 04:15:00+00:00,14.760000228881836,14.770000457763672,14.760000228881836,14.770000457763672,15357,0.0,0.0,0.0
2025-05-09 04:20:00+00:00,14.760000228881836,14.760000228881836,14.760000228881836,14.760000228881836,5000,0.0,0.0,0.0
2025-05-09 04:25:00+00:00,14.760000228881836,14.760000228881836,14.760000228881836,14.760000228881836,3345,0.0,0.0,0.0
2025-05-09 04:30:00+00:00,14.760000228881836,14.770000457763672,14.760000228881836,14.770000457763672,76707,0.0,0.0,0.0
2025-05-09 04:45:00+00:00,14.760000228881836,14.770000457763672,14.75,14.75,10036,0.0,0.0,0.0
2025-05-09 04:50:00+00:00,14.770000457763672,14.770000457763672,14.770000457763672,14.770000457763672,1317,0.0,0.0,0.0
2025-05-09 04:55:00+00:00,14.770000457763672,14.770000457763672,14.770000457763672,14.770000457763672,8748,0.0,0.0,0.0
2025-05-09 05:05:00+00:00,14.770000457763672,14.770000457763672,14.770000457763672,14.770000457763672,3439,0.0,0.0,0.0
2025-05-09 05:10:00+00:00,14.770000457763672,14.770000457763672,14.770000457763672,14.770000457763672,1574,0.0,0.0,0.0
2025-05-09 05:15:00+00:00,14.770000457763672,14.770000457763672,14.770000457763672,14.770000457763672,23187,0.0,0.0,0.0
2025-05-09 05:20:00+00:00,14.760000228881836,14.760000228881836,14.760000228881836,14.760000228881836,1230,0.0,0.0,0.0
2025-05-12 01:00:00+00:00,14.84000015258789,14.880000114440918,14.84000015258789,14.880000114440918,0,0.0,0.0,0.0
2025-05-12 01:05:00+00:00,14.880000114440918,14.890000343322754,14.880000114440918,14.890000343322754,141821,0.0,0.0,0.0
2025-05-12 01:10:00+00:00,14.890000343322754,14.899999618530273,14.890000343322754,14.899999618530273,28100,0.0,0.0,0.0
2025-05-12 01:15:00+00:00,14.920000076293945,14.920000076293945,14.920000076293945,14.920000076293945,9215,0.0,0.0,0.0
2025-05-12 01:20:00+00:00,14.920000076293945,14.920000076293945,14.890000343322754,14.890000343322754,59019,0.0,0.0,0.0
2025-05-12 01:25:00+00:00,14.890000343322754,14.90999984741211,14.890000343322754,14.90999984741211,16693,0.0,0.0,0.0
2025-05-12 01:35:00+00:00,14.880000114440918,14.880000114440918,14.869999885559082,14.869999885559082,26508,0.0,0.0,0.0
2025-05-12 01:45:00+00:00,14.880000114440918,14.899999618530273,14.880000114440918,14.899999618530273,99000,0.0,0.0,0.0
2025-05-12 01:50:00+00:00,14.899999618530273,14.899999618530273,14.899999618530273,14.899999618530273,4191,0.0,0.0,0.0
2025-05-12 01:55:00+00:00,14.890000343322754,14.890000343322754,14.880000114440918,14.880000114440918,8381,0.0,0.0,0.0
2025-05-12 02:00:00+00:00,14.899999618530273,14.899999618530273,14.899999618530273,14.899999618530273,1000,0.0,0.0,0.0
2025-05-12 02:05:00+00:00,14.890000343322754,14.890000343322754,14.890000343322754,14.890000343322754,40261,0.0,0.0,0.0
2025-05-12 02:15:00+00:00,14.890000343322754,14.890000343322754,14.890000343322754,14.890000343322754,4280,0.0,0.0,0.0
2025-05-12 02:25:00+00:00,14.880000114440918,14.880000114440918,14.880000114440918,14.880000114440918,1292,0.0,0.0,0.0
2025-05-12 02:35:00+00:00,14.880000114440918,14.880000114440918,14.869999885559082,14.869999885559082,14238,0.0,0.0,0.0
2025-05-12 02:40:00+00:00,14.869999885559082,14.869999885559082,14.869999885559082,14.869999885559082,6000,0.0,0.0,0.0
2025-05-12 02:45:00+00:00,14.869999885559082,14.869999885559082,14.869999885559082,14.869999885559082,10235,0.0,0.0,0.0
2025-05-12 02:50:00+00:00,14.869999885559082,14.869999885559082,14.869999885559082,14.869999885559082,4310,0.0,0.0,0.0
2025-05-12 02:55:00+00:00,14.869999885559082,14.869999885559082,14.859999656677246,14.859999656677246,75025,0.0,0.0,0.0
2025-05-12 03:00:00+00:00,14.869999885559082,14.869999885559082,14.869999885559082,14.869999885559082,2100,0.0,0.0,0.0
2025-05-12 03:05:00+00:00,14.869999885559082,14.869999885559082,14.869999885559082,14.869999885559082,1167,0.0,0.0,0.0
2025-05-12 03:10:00+00:00,14.880000114440918,14.880000114440918,14.880000114440918,14.880000114440918,13321,0.0,0.0,0.0
2025-05-12 03:25:00+00:00,14.880000114440918,14.880000114440918,14.869999885559082,14.869999885559082,8000,0.0,0.0,0.0
2025-05-12 03:30:00+00:00,14.859999656677246,14.859999656677246,14.859999656677246,14.859999656677246,10310,0.0,0.0,0.0
2025-05-12 03:35:00+00:00,14.859999656677246,14.859999656677246,14.859999656677246,14.859999656677246,1000,0.0,0.0,0.0
2025-05-12 03:40:00+00:00,14.859999656677246,14.869999885559082,14.859999656677246,14.869999885559082,33000,0.0,0.0,0.0
2025-05-12 03:50:00+00:00,14.880000114440918,14.880000114440918,14.880000114440918,14.880000114440918,2005,0.0,0.0,0.0
2025-05-12 03:55:00+00:00,14.880000114440918,14.880000114440918,14.869999885559082,14.880000114440918,22250,0.0,0.0,0.0
2025-05-12 04:00:00+00:00,14.890000343322754,14.890000343322754,14.890000343322754,14.890000343322754,1000,0.0,0.0,0.0
2025-05-12 04:05:00+00:00,14.880000114440918,14.890000343322754,14.880000114440918,14.890000343322754,10270,0.0,0.0,0.0
2025-05-12 04:20:00+00:00,14.890000343322754,14.890000343322754,14.890000343322754,14.890000343322754,12435,0.0,0.0,0.0
2025-05-12 04:30:00+00:00,14.890000343322754,14.890000343322754,14.890000343322754,14.890000343322754,6461,0.0,0.0,0.0
2025-05-12 04:40:00+00:00,14.890000343322754,14.890000343322754,14.890000343322754,14.890000343322754,2050,0.0,0.0,0.0
2025-05-12 04:45:00+00:00,14.890000343322754,14.890000343322754,14.890000343322754,14.890000343322754,10022,0.0,0.0,0.0
2025-05-12 04:50:00+00:00,14.890000343322754,14.890000343322754,14.890000343322754,14.890000343322754,1078,0.0,0.0,0.0
2025-05-12 05:00:00+00:00,14.880000114440918,14.880000114440918,14.880000114440918,14.880000114440918,1000,0.0,0.0,0.0
2025-05-12 05:05:00+00:00,14.880000114440918,14.890000343322754,14.880000114440918,14.890000343322754,11000,0.0,0.0,0.0
2025-05-12 05:10:00+00:00,14.880000114440918,14.880000114440918,14.880000114440918,14.880000114440918,17110,0.0,0.0,0.0
2025-05-12 05:15:00+00:00,14.880000114440918,14.880000114440918,14.880000114440918,14.880000114440918,1230,0.0,0.0,0.0
2025-05-12 05:20:00+00:00,14.890000343322754,14.899999618530273,14.890000343322754,14.899999618530273,70488,0.0,0.0,0.0
2025-05-13 01:00:00+00:00,15.079999923706055,15.079999923706055,15.029999732971191,15.029999732971191,62000,0.0,0.0,0.0
2025-05-13 01:05:00+00:00,15.029999732971191,15.039999961853027,15.0,15.0,14854,0.0,0.0,0.0
2025-05-13 01:10:00+00:00,15.0,15.029999732971191,15.0,15.0,206404,0.0,0.0,0.0
2025-05-13 01:15:00+00:00,15.0,15.020000457763672,15.0,15.020000457763672,19946,0.0,0.0,0.0
2025-05-13 01:20:00+00:00,15.029999732971191,15.029999732971191,15.020000457763672,15.020000457763672,11264,0.0,0.0,0.0
2025-05-13 01:25:00+00:00,15.020000457763672,15.020000457763672,15.0,15.010000228881836,132310,0.0,0.0,0.0
2025-05-13 01:30:00+00:00,15.020000457763672,15.029999732971191,15.010000228881836,15.029999732971191,28316,0.0,0.0,0.0
2025-05-13 01:35:00+00:00,15.029999732971191,15.050000190734863,15.029999732971191,15.039999961853027,171798,0.0,0.0,0.0
2025-05-13 01:40:00+00:00,15.039999961853027,15.039999961853027,15.029999732971191,15.039999961853027,197900,0.0,0.0,0.0
2025-05-13 01:45:00+00:00,15.050000190734863,15.050000190734863,15.050000190734863,15.050000190734863,33552,0.0,0.0,0.0
2025-05-13 01:50:00+00:00,15.0600004196167,15.0600004196167,15.050000190734863,15.050000190734863,25600,0.0,0.0,0.0
2025-05-13 01:55:00+00:00,15.039999961853027,15.050000190734863,15.039999961853027,15.039999961853027,118000,0.0,0.0,0.0
2025-05-13 02:00:00+00:00,15.0600004196167,15.069999694824219,15.050000190734863,15.050000190734863,12858,0.0,0.0,0.0
2025-05-13 02:05:00+00:00,15.050000190734863,15.050000190734863,15.050000190734863,15.050000190734863,22153,0.0,0.0,0.0
2025-05-13 02:10:00+00:00,15.050000190734863,15.050000190734863,15.050000190734863,15.050000190734863,6798,0.0,0.0,0.0
2025-05-13 02:15:00+00:00,15.050000190734863,15.069999694824219,15.050000190734863,15.069999694824219,3200,0.0,0.0,0.0
2025-05-13 02:20:00+00:00,15.029999732971191,15.0600004196167,15.029999732971191,15.050000190734863,10573,0.0,0.0,0.0
2025-05-13 02:25:00+00:00,15.020000457763672,15.020000457763672,15.020000457763672,15.020000457763672,39566,0.0,0.0,0.0
2025-05-13 02:30:00+00:00,15.039999961853027,15.039999961853027,15.029999732971191,15.029999732971191,4240,0.0,0.0,0.0
2025-05-13 02:35:00+00:00,15.029999732971191,15.029999732971191,15.029999732971191,15.029999732971191,3231,0.0,0.0,0.0
2025-05-13 02:40:00+00:00,15.029999732971191,15.029999732971191,15.029999732971191,15.029999732971191,1000,0.0,0.0,0.0
2025-05-13 02:45:00+00:00,15.039999961853027,15.039999961853027,15.039999961853027,15.039999961853027,2449,0.0,0.0,0.0
2025-05-13 03:00:00+00:00,15.039999961853027,15.039999961853027,15.020000457763672,15.020000457763672,4110,0.0,0.0,0.0
2025-05-13 03:05:00+00:00,15.010000228881836,15.010000228881836,14.989999771118164,14.989999771118164,25101,0.0,0.0,0.0
2025-05-13 03:10:00+00:00,14.979999542236328,14.979999542236328,14.979999542236328,14.979999542236328,5140,0.0,0.0,0.0
2025-05-13 03:15:00+00:00,14.989999771118164,14.989999771118164,14.989999771118164,14.989999771118164,2173,0.0,0.0,0.0
2025-05-13 03:20:00+00:00,14.989999771118164,15.0,14.989999771118164,15.0,12227,0.0,0.0,0.0
2025-05-13 03:25:00+00:00,15.0,15.010000228881836,15.0,15.010000228881836,7198,0.0,0.0,0.0
2025-05-13 03:35:00+00:00,15.0,15.0,15.0,15.0,2105,0.0,0.0,0.0
2025-05-13 03:40:00+00:00,15.0,15.0,15.0,15.0,13195,0.0,0.0,0.0
2025-05-13 03:45:00+00:00,15.0,15.010000228881836,14.989999771118164,14.989999771118164,10305,0.0,0.0,0.0
2025-05-13 03:55:00+00:00,14.989999771118164,14.989999771118164,14.989999771118164,14.989999771118164,1000,0.0,0.0,0.0
2025-05-13 04:00:00+00:00,15.0,15.0,15.0,15.0,31097,0.0,0.0,0.0
2025-05-13 04:05:00+00:00,15.0,15.0,15.0,15.0,3010,0.0,0.0,0.0
2025-05-13 04:10:00+00:00,14.989999771118164,14.989999771118164,14.989999771118164,14.989999771118164,60646,0.0,0.0,0.0
2025-05-13 04:15:00+00:00,15.0,15.0,15.0,15.0,23000,0.0,0.0,0.0
2025-05-13 04:20:00+00:00,15.010000228881836,15.010000228881836,15.010000228881836,15.010000228881836,13299,0.0,0.0,0.0
2025-05-13 04:25:00+00:00,15.010000228881836,15.010000228881836,15.010000228881836,15.010000228881836,20349,0.0,0.0,0.0
2025-05-13 04:30:00+00:00,15.010000228881836,15.020000457763672,15.010000228881836,15.020000457763672,9340,0.0,0.0,0.0
2025-05-13 04:50:00+00:00,15.020000457763672,15.020000457763672,15.020000457763672,15.020000457763672,7207,0.0,0.0,0.0
2025-05-13 05:00:00+00:00,15.020000457763672,15.020000457763672,15.020000457763672,15.020000457763672,1097,0.0,0.0,0.0
2025-05-13 05:05:00+00:00,15.010000228881836,15.010000228881836,15.010000228881836,15.010000228881836,2000,0.0,0.0,0.0
2025-05-13 05:10:00+00:00,15.010000228881836,15.010000228881836,15.010000228881836,15.010000228881836,15020,0.0,0.0,0.0
2025-05-13 05:15:00+00:00,15.010000228881836,15.010000228881836,15.010000228881836,15.010000228881836,119633,0.0,0.0,0.0
2025-05-13 05:20:00+00:00,15.010000228881836,15.020000457763672,15.010000228881836,15.020000457763672,39637,0.0,0.0,0.0
2025-05-14 01:00:00+00:00,15.100000381469727,15.140000343322754,15.100000381469727,15.140000343322754,71000,0.0,0.0,0.0
2025-05-14 01:05:00+00:00,15.130000114440918,15.140000343322754,15.100000381469727,15.100000381469727,124645,0.0,0.0,0.0
2025-05-14 01:10:00+00:00,15.100000381469727,15.100000381469727,15.09000015258789,15.09000015258789,4008,0.0,0.0,0.0
2025-05-14 01:15:00+00:00,15.050000190734863,15.079999923706055,15.050000190734863,15.069999694824219,10050,0.0,0.0,0.0
2025-05-14 01:20:00+00:00,15.09000015258789,15.09000015258789,15.09000015258789,15.09000015258789,20688,0.0,0.0,0.0
2025-05-14 01:25:00+00:00,15.09000015258789,15.109999656677246,15.09000015258789,15.109999656677246,29071,0.0,0.0,0.0
2025-05-14 01:30:00+00:00,15.109999656677246,15.119999885559082,15.109999656677246,15.119999885559082,36406,0.0,0.0,0.0
2025-05-14 01:35:00+00:00,15.130000114440918,15.140000343322754,15.130000114440918,15.140000343322754,57000,0.0,0.0,0.0
2025-05-14 01:40:00+00:00,15.140000343322754,15.170000076293945,15.140000343322754,15.170000076293945,163600,0.0,0.0,0.0
2025-05-14 01:45:00+00:00,15.170000076293945,15.170000076293945,15.15999984741211,15.15999984741211,10061,0.0,0.0,0.0
2025-05-14 01:50:00+00:00,15.170000076293945,15.170000076293945,15.170000076293945,15.170000076293945,45455,0.0,0.0,0.0
2025-05-14 01:55:00+00:00,15.15999984741211,15.15999984741211,15.15999984741211,15.15999984741211,100280,0.0,0.0,0.0
2025-05-14 02:00:00+00:00,15.15999984741211,15.15999984741211,15.15999984741211,15.15999984741211,16000,0.0,0.0,0.0
2025-05-14 02:05:00+00:00,15.170000076293945,15.1899995803833,15.170000076293945,15.1899995803833,95800,0.0,0.0,0.0
2025-05-14 02:15:00+00:00,15.180000305175781,15.1899995803833,15.180000305175781,15.1899995803833,17035,0.0,0.0,0.0
2025-05-14 02:20:00+00:00,15.180000305175781,15.180000305175781,15.180000305175781,15.180000305175781,3185,0.0,0.0,0.0
2025-05-14 02:25:00+00:00,15.1899995803833,15.1899995803833,15.180000305175781,15.180000305175781,105005,0.0,0.0,0.0
2025-05-14 02:30:00+00:00,15.170000076293945,15.170000076293945,15.149999618530273,15.149999618530273,7000,0.0,0.0,0.0
2025-05-14 02:40:00+00:00,15.149999618530273,15.149999618530273,15.140000343322754,15.140000343322754,45040,0.0,0.0,0.0
2025-05-14 02:45:00+00:00,15.130000114440918,15.130000114440918,15.130000114440918,15.130000114440918,65555,0.0,0.0,0.0
2025-05-14 02:50:00+00:00,15.109999656677246,15.119999885559082,15.109999656677246,15.119999885559082,12100,0.0,0.0,0.0
2025-05-14 02:55:00+00:00,15.130000114440918,15.140000343322754,15.130000114440918,15.140000343322754,111302,0.0,0.0,0.0
2025-05-14 03:00:00+00:00,15.140000343322754,15.140000343322754,15.140000343322754,15.140000343322754,2000,0.0,0.0,0.0
2025-05-14 03:05:00+00:00,15.149999618530273,15.149999618530273,15.140000343322754,15.149999618530273,53000,0.0,0.0,0.0
2025-05-14 03:10:00+00:00,15.149999618530273,15.15999984741211,15.149999618530273,15.15999984741211,21980,0.0,0.0,0.0
2025-05-14 03:20:00+00:00,15.15999984741211,15.15999984741211,15.15999984741211,15.15999984741211,21012,0.0,0.0,0.0
2025-05-14 03:25:00+00:00,15.15999984741211,15.170000076293945,15.15999984741211,15.170000076293945,67000,0.0,0.0,0.0
2025-05-14 03:30:00+00:00,15.170000076293945,15.180000305175781,15.170000076293945,15.180000305175781,13070,0.0,0.0,0.0
2025-05-14 03:35:00+00:00,15.180000305175781,15.180000305175781,15.149999618530273,15.149999618530273,56000,0.0,0.0,0.0
2025-05-14 03:40:00+00:00,15.15999984741211,15.15999984741211,15.15999984741211,15.15999984741211,1000,0.0,0.0,0.0
2025-05-14 03:45:00+00:00,15.170000076293945,15.170000076293945,15.15999984741211,15.15999984741211,22170,0.0,0.0,0.0
2025-05-14 03:55:00+00:00,15.149999618530273,15.149999618530273,15.149999618530273,15.149999618530273,1000,0.0,0.0,0.0
2025-05-14 04:00:00+00:00,15.149999618530273,15.149999618530273,15.149999618530273,15.149999618530273,20100,0.0,0.0,0.0
2025-05-14 04:05:00+00:00,15.15999984741211,15.170000076293945,15.15999984741211,15.170000076293945,116204,0.0,0.0,0.0
2025-05-14 04:15:00+00:00,15.15999984741211,15.15999984741211,15.15999984741211,15.15999984741211,5293,0.0,0.0,0.0
2025-05-14 04:20:00+00:00,15.170000076293945,15.170000076293945,15.170000076293945,15.170000076293945,14654,0.0,0.0,0.0
2025-05-14 04:25:00+00:00,15.170000076293945,15.180000305175781,15.15999984741211,15.180000305175781,95527,0.0,0.0,0.0
2025-05-14 04:30:00+00:00,15.1899995803833,15.1899995803833,15.1899995803833,15.1899995803833,21100,0.0,0.0,0.0
2025-05-14 04:35:00+00:00,15.1899995803833,15.1899995803833,15.1899995803833,15.1899995803833,10000,0.0,0.0,0.0
2025-05-14 04:40:00+00:00,15.1899995803833,15.1899995803833,15.1899995803833,15.1899995803833,27114,0.0,0.0,0.0
2025-05-14 04:45:00+00:00,15.180000305175781,15.180000305175781,15.180000305175781,15.180000305175781,30010,0.0,0.0,0.0
2025-05-14 04:50:00+00:00,15.180000305175781,15.180000305175781,15.170000076293945,15.180000305175781,5148,0.0,0.0,0.0
2025-05-14 05:00:00+00:00,15.180000305175781,15.180000305175781,15.170000076293945,15.170000076293945,8382,0.0,0.0,0.0
2025-05-14 05:05:00+00:00,15.170000076293945,15.180000305175781,15.170000076293945,15.180000305175781,106248,0.0,0.0,0.0
2025-05-14 05:10:00+00:00,15.170000076293945,15.170000076293945,15.170000076293945,15.170000076293945,13002,0.0,0.0,0.0
2025-05-14 05:15:00+00:00,15.170000076293945,15.170000076293945,15.170000076293945,15.170000076293945,8196,0.0,0.0,0.0
2025-05-14 05:20:00+00:00,15.170000076293945,15.1899995803833,15.170000076293945,15.170000076293945,18553,0.0,0.0,0.0
2025-05-15 01:00:00+00:00,15.210000038146973,15.25,15.210000038146973,15.25,0,0.0,0.0,0.0
2025-05-15 01:05:00+00:00,15.239999771118164,15.270000457763672,15.229999542236328,15.229999542236328,50737,0.0,0.0,0.0
2025-05-15 01:10:00+00:00,15.239999771118164,15.239999771118164,15.239999771118164,15.239999771118164,29147,0.0,0.0,0.0
2025-05-15 01:15:00+00:00,15.25,15.260000228881836,15.25,15.260000228881836,11040,0.0,0.0,0.0
2025-05-15 01:20:00+00:00,15.220000267028809,15.220000267028809,15.199999809265137,15.199999809265137,113315,0.0,0.0,0.0
2025-05-15 01:25:00+00:00,15.1899995803833,15.1899995803833,15.1899995803833,15.1899995803833,3044,0.0,0.0,0.0
2025-05-15 01:30:00+00:00,15.15999984741211,15.1899995803833,15.15999984741211,15.1899995803833,28806,0.0,0.0,0.0
2025-05-15 01:35:00+00:00,15.1899995803833,15.210000038146973,15.1899995803833,15.199999809265137,30083,0.0,0.0,0.0
2025-05-15 01:40:00+00:00,15.199999809265137,15.239999771118164,15.199999809265137,15.239999771118164,47109,0.0,0.0,0.0
2025-05-15 01:45:00+00:00,15.25,15.260000228881836,15.25,15.25,80980,0.0,0.0,0.0
2025-05-15 01:50:00+00:00,15.25,15.25,15.25,15.25,203688,0.0,0.0,0.0
2025-05-15 01:55:00+00:00,15.239999771118164,15.239999771118164,15.239999771118164,15.239999771118164,33180,0.0,0.0,0.0
2025-05-15 02:00:00+00:00,15.220000267028809,15.220000267028809,15.210000038146973,15.210000038146973,102320,0.0,0.0,0.0
2025-05-15 02:10:00+00:00,15.210000038146973,15.210000038146973,15.210000038146973,15.210000038146973,13000,0.0,0.0,0.0
2025-05-15 02:15:00+00:00,15.220000267028809,15.220000267028809,15.220000267028809,15.220000267028809,12000,0.0,0.0,0.0
2025-05-15 02:20:00+00:00,15.210000038146973,15.210000038146973,15.210000038146973,15.210000038146973,100006,0.0,0.0,0.0
2025-05-15 02:30:00+00:00,15.210000038146973,15.220000267028809,15.210000038146973,15.220000267028809,44028,0.0,0.0,0.0
2025-05-15 02:35:00+00:00,15.220000267028809,15.220000267028809,15.220000267028809,15.220000267028809,7000,0.0,0.0,0.0
2025-05-15 02:40:00+00:00,15.220000267028809,15.229999542236328,15.220000267028809,15.229999542236328,21815,0.0,0.0,0.0
2025-05-15 02:45:00+00:00,15.220000267028809,15.229999542236328,15.220000267028809,15.229999542236328,17233,0.0,0.0,0.0
2025-05-15 02:50:00+00:00,15.239999771118164,15.25,15.239999771118164,15.239999771118164,20068,0.0,0.0,0.0
2025-05-15 02:55:00+00:00,15.239999771118164,15.25,15.239999771118164,15.25,33009,0.0,0.0,0.0
2025-05-15 03:00:00+00:00,15.260000228881836,15.260000228881836,15.260000228881836,15.260000228881836,6082,0.0,0.0,0.0
2025-05-15 03:15:00+00:00,15.25,15.25,15.25,15.25,13000,0.0,0.0,0.0
2025-05-15 03:20:00+00:00,15.25,15.25,15.239999771118164,15.239999771118164,8007,0.0,0.0,0.0
2025-05-15 03:25:00+00:00,15.239999771118164,15.239999771118164,15.239999771118164,15.239999771118164,2000,0.0,0.0,0.0
2025-05-15 03:30:00+00:00,15.239999771118164,15.239999771118164,15.239999771118164,15.239999771118164,9500,0.0,0.0,0.0
2025-05-15 03:35:00+00:00,15.229999542236328,15.229999542236328,15.229999542236328,15.229999542236328,1000,0.0,0.0,0.0
2025-05-15 03:40:00+00:00,15.229999542236328,15.229999542236328,15.220000267028809,15.220000267028809,6100,0.0,0.0,0.0
2025-05-15 03:45:00+00:00,15.229999542236328,15.229999542236328,15.229999542236328,15.229999542236328,3000,0.0,0.0,0.0
2025-05-15 03:55:00+00:00,15.229999542236328,15.229999542236328,15.229999542236328,15.229999542236328,29561,0.0,0.0,0.0
2025-05-15 04:05:00+00:00,15.229999542236328,15.229999542236328,15.229999542236328,15.229999542236328,1010,0.0,0.0,0.0
2025-05-15 04:10:00+00:00,15.229999542236328,15.229999542236328,15.229999542236328,15.229999542236328,8000,0.0,0.0,0.0
2025-05-15 04:15:00+00:00,15.229999542236328,15.229999542236328,15.229999542236328,15.229999542236328,6000,0.0,0.0,0.0
2025-05-15 04:20:00+00:00,15.229999542236328,15.229999542236328,15.229999542236328,15.229999542236328,2229,0.0,0.0,0.0
2025-05-15 04:25:00+00:00,15.229999542236328,15.229999542236328,15.229999542236328,15.229999542236328,4000,0.0,0.0,0.0
2025-05-15 04:30:00+00:00,15.229999542236328,15.229999542236328,15.220000267028809,15.220000267028809,17000,0.0,0.0,0.0
2025-05-15 04:35:00+00:00,15.229999542236328,15.229999542236328,15.220000267028809,15.220000267028809,22100,0.0,0.0,0.0
2025-05-15 04:40:00+00:00,15.220000267028809,15.229999542236328,15.220000267028809,15.229999542236328,14090,0.0,0.0,0.0
2025-05-15 04:45:00+00:00,15.229999542236328,15.229999542236328,15.229999542236328,15.229999542236328,11000,0.0,0.0,0.0
2025-05-15 04:50:00+00:00,15.220000267028809,15.229999542236328,15.220000267028809,15.229999542236328,16500,0.0,0.0,0.0
2025-05-15 04:55:00+00:00,15.229999542236328,15.229999542236328,15.229999542236328,15.229999542236328,1000,0.0,0.0,0.0
2025-05-15 05:00:00+00:00,15.229999542236328,15.229999542236328,15.229999542236328,15.229999542236328,10632,0.0,0.0,0.0
2025-05-15 05:05:00+00:00,15.229999542236328,15.229999542236328,15.229999542236328,15.229999542236328,26063,0.0,0.0,0.0
2025-05-15 05:10:00+00:00,15.229999542236328,15.229999542236328,15.229999542236328,15.229999542236328,6000,0.0,0.0,0.0
2025-05-15 05:15:00+00:00,15.229999542236328,15.229999542236328,15.229999542236328,15.229999542236328,9710,0.0,0.0,0.0
2025-05-15 05:20:00+00:00,15.239999771118164,15.239999771118164,15.229999542236328,15.229999542236328,7000,0.0,0.0,0.0
2025-05-16 01:00:00+00:00,15.270000457763672,15.289999961853027,15.270000457763672,15.289999961853027,0,0.0,0.0,0.0
2025-05-16 01:05:00+00:00,15.270000457763672,15.270000457763672,15.270000457763672,15.270000457763672,10613,0.0,0.0,0.0
2025-05-16 01:10:00+00:00,15.270000457763672,15.270000457763672,15.270000457763672,15.270000457763672,90070,0.0,0.0,0.0
2025-05-16 01:15:00+00:00,15.279999732971191,15.300000190734863,15.279999732971191,15.300000190734863,142825,0.0,0.0,0.0
2025-05-16 01:20:00+00:00,15.300000190734863,15.300000190734863,15.300000190734863,15.300000190734863,47100,0.0,0.0,0.0
2025-05-16 01:25:00+00:00,15.300000190734863,15.3100004196167,15.300000190734863,15.3100004196167,36201,0.0,0.0,0.0
2025-05-16 01:30:00+00:00,15.3100004196167,15.3100004196167,15.300000190734863,15.3100004196167,20750,0.0,0.0,0.0
2025-05-16 01:35:00+00:00,15.319999694824219,15.359999656677246,15.319999694824219,15.359999656677246,113439,0.0,0.0,0.0
2025-05-16 01:40:00+00:00,15.350000381469727,15.359999656677246,15.350000381469727,15.359999656677246,5480,0.0,0.0,0.0
2025-05-16 01:45:00+00:00,15.369999885559082,15.380000114440918,15.359999656677246,15.359999656677246,32185,0.0,0.0,0.0
2025-05-16 01:50:00+00:00,15.350000381469727,15.350000381469727,15.350000381469727,15.350000381469727,1065,0.0,0.0,0.0
2025-05-16 01:55:00+00:00,15.359999656677246,15.380000114440918,15.350000381469727,15.380000114440918,71139,0.0,0.0,0.0
2025-05-16 02:00:00+00:00,15.390000343322754,15.399999618530273,15.380000114440918,15.380000114440918,11500,0.0,0.0,0.0
2025-05-16 02:05:00+00:00,15.380000114440918,15.380000114440918,15.380000114440918,15.380000114440918,2038,0.0,0.0,0.0
2025-05-16 02:10:00+00:00,15.369999885559082,15.369999885559082,15.369999885559082,15.369999885559082,7000,0.0,0.0,0.0
2025-05-16 02:15:00+00:00,15.369999885559082,15.369999885559082,15.369999885559082,15.369999885559082,3118,0.0,0.0,0.0
2025-05-16 02:20:00+00:00,15.369999885559082,15.390000343322754,15.369999885559082,15.380000114440918,78025,0.0,0.0,0.0
2025-05-16 02:25:00+00:00,15.390000343322754,15.390000343322754,15.390000343322754,15.390000343322754,4018,0.0,0.0,0.0
2025-05-16 02:30:00+00:00,15.399999618530273,15.399999618530273,15.399999618530273,15.399999618530273,109100,0.0,0.0,0.0
2025-05-16 02:35:00+00:00,15.40999984741211,15.430000305175781,15.40999984741211,15.430000305175781,88430,0.0,0.0,0.0
2025-05-16 02:40:00+00:00,15.430000305175781,15.430000305175781,15.430000305175781,15.430000305175781,22000,0.0,0.0,0.0
2025-05-16 02:45:00+00:00,15.4399995803833,15.4399995803833,15.430000305175781,15.430000305175781,4351,0.0,0.0,0.0
2025-05-16 02:50:00+00:00,15.40999984741211,15.40999984741211,15.40999984741211,15.40999984741211,13580,0.0,0.0,0.0
2025-05-16 02:55:00+00:00,15.420000076293945,15.420000076293945,15.420000076293945,15.420000076293945,4017,0.0,0.0,0.0
2025-05-16 03:00:00+00:00,15.420000076293945,15.420000076293945,15.40999984741211,15.40999984741211,5300,0.0,0.0,0.0
2025-05-16 03:05:00+00:00,15.40999984741211,15.420000076293945,15.40999984741211,15.420000076293945,31027,0.0,0.0,0.0
2025-05-16 03:10:00+00:00,15.430000305175781,15.4399995803833,15.430000305175781,15.4399995803833,76300,0.0,0.0,0.0
2025-05-16 03:15:00+00:00,15.449999809265137,15.449999809265137,15.4399995803833,15.449999809265137,94380,0.0,0.0,0.0
2025-05-16 03:20:00+00:00,15.449999809265137,15.460000038146973,15.449999809265137,15.449999809265137,7991,0.0,0.0,0.0
2025-05-16 03:25:00+00:00,15.460000038146973,15.460000038146973,15.460000038146973,15.460000038146973,20018,0.0,0.0,0.0
2025-05-16 03:30:00+00:00,15.449999809265137,15.449999809265137,15.449999809265137,15.449999809265137,18118,0.0,0.0,0.0
2025-05-16 03:35:00+00:00,15.4399995803833,15.4399995803833,15.420000076293945,15.420000076293945,205729,0.0,0.0,0.0
2025-05-16 03:40:00+00:00,15.40999984741211,15.40999984741211,15.399999618530273,15.399999618530273,7088,0.0,0.0,0.0
2025-05-16 03:45:00+00:00,15.399999618530273,15.399999618530273,15.399999618530273,15.399999618530273,29002,0.0,0.0,0.0
2025-05-16 03:50:00+00:00,15.399999618530273,15.399999618530273,15.399999618530273,15.399999618530273,10119,0.0,0.0,0.0
2025-05-16 03:55:00+00:00,15.390000343322754,15.390000343322754,15.390000343322754,15.390000343322754,33027,0.0,0.0,0.0
2025-05-16 04:05:00+00:00,15.399999618530273,15.399999618530273,15.399999618530273,15.399999618530273,8019,0.0,0.0,0.0
2025-05-16 04:10:00+00:00,15.399999618530273,15.399999618530273,15.399999618530273,15.399999618530273,1000,0.0,0.0,0.0
2025-05-16 04:15:00+00:00,15.399999618530273,15.399999618530273,15.399999618530273,15.399999618530273,40973,0.0,0.0,0.0
2025-05-16 04:25:00+00:00,15.399999618530273,15.399999618530273,15.399999618530273,15.399999618530273,10200,0.0,0.0,0.0
2025-05-16 04:30:00+00:00,15.399999618530273,15.40999984741211,15.399999618530273,15.40999984741211,29218,0.0,0.0,0.0
2025-05-16 04:35:00+00:00,15.40999984741211,15.420000076293945,15.40999984741211,15.420000076293945,24356,0.0,0.0,0.0
2025-05-16 04:40:00+00:00,15.420000076293945,15.420000076293945,15.420000076293945,15.420000076293945,3547,0.0,0.0,0.0
2025-05-16 04:45:00+00:00,15.420000076293945,15.430000305175781,15.420000076293945,15.430000305175781,7584,0.0,0.0,0.0
2025-05-16 04:55:00+00:00,15.399999618530273,15.399999618530273,15.399999618530273,15.399999618530273,74282,0.0,0.0,0.0
2025-05-16 05:00:00+00:00,15.399999618530273,15.40999984741211,15.399999618530273,15.40999984741211,65750,0.0,0.0,0.0
2025-05-16 05:05:00+00:00,15.40999984741211,15.40999984741211,15.40999984741211,15.40999984741211,6271,0.0,0.0,0.0
2025-05-16 05:10:00+00:00,15.40999984741211,15.40999984741211,15.40999984741211,15.40999984741211,9000,0.0,0.0,0.0
2025-05-16 05:15:00+00:00,15.40999984741211,15.40999984741211,15.40999984741211,15.40999984741211,30230,0.0,0.0,0.0
2025-05-16 05:20:00+00:00,15.40999984741211,15.40999984741211,15.399999618530273,15.40999984741211,14868,0.0,0.0,0.0
2025-05-19 01:00:00+00:00,15.369999885559082,15.399999618530273,15.350000381469727,15.359999656677246,0,0.0,0.0,0.0
2025-05-19 01:05:00+00:00,15.369999885559082,15.380000114440918,15.359999656677246,15.369999885559082,159093,0.0,0.0,0.0
2025-05-19 01:10:00+00:00,15.369999885559082,15.369999885559082,15.34000015258789,15.34000015258789,264890,0.0,0.0,0.0
2025-05-19 01:15:00+00:00,15.329999923706055,15.329999923706055,15.319999694824219,15.319999694824219,14440,0.0,0.0,0.0
2025-05-19 01:20:00+00:00,15.3100004196167,15.3100004196167,15.289999961853027,15.289999961853027,58646,0.0,0.0,0.0
2025-05-19 01:25:00+00:00,15.300000190734863,15.3100004196167,15.289999961853027,15.3100004196167,16265,0.0,0.0,0.0
2025-05-19 01:30:00+00:00,15.329999923706055,15.329999923706055,15.300000190734863,15.3100004196167,31098,0.0,0.0,0.0
2025-05-19 01:35:00+00:00,15.3100004196167,15.329999923706055,15.3100004196167,15.319999694824219,23335,0.0,0.0,0.0
2025-05-19 01:40:00+00:00,15.319999694824219,15.319999694824219,15.3100004196167,15.3100004196167,37114,0.0,0.0,0.0
2025-05-19 01:45:00+00:00,15.319999694824219,15.319999694824219,15.300000190734863,15.300000190734863,145100,0.0,0.0,0.0
2025-05-19 01:50:00+00:00,15.3100004196167,15.3100004196167,15.289999961853027,15.289999961853027,33477,0.0,0.0,0.0
2025-05-19 01:55:00+00:00,15.289999961853027,15.289999961853027,15.289999961853027,15.289999961853027,6384,0.0,0.0,0.0
2025-05-19 02:00:00+00:00,15.289999961853027,15.300000190734863,15.279999732971191,15.300000190734863,40575,0.0,0.0,0.0
2025-05-19 02:05:00+00:00,15.3100004196167,15.319999694824219,15.3100004196167,15.319999694824219,19176,0.0,0.0,0.0
2025-05-19 02:10:00+00:00,15.319999694824219,15.319999694824219,15.3100004196167,15.319999694824219,19117,0.0,0.0,0.0
2025-05-19 02:15:00+00:00,15.329999923706055,15.350000381469727,15.329999923706055,15.350000381469727,11389,0.0,0.0,0.0
2025-05-19 02:20:00+00:00,15.350000381469727,15.350000381469727,15.34000015258789,15.34000015258789,12000,0.0,0.0,0.0
2025-05-19 02:25:00+00:00,15.350000381469727,15.359999656677246,15.350000381469727,15.359999656677246,10444,0.0,0.0,0.0
2025-05-19 02:30:00+00:00,15.359999656677246,15.369999885559082,15.350000381469727,15.350000381469727,113040,0.0,0.0,0.0
2025-05-19 02:35:00+00:00,15.350000381469727,15.359999656677246,15.350000381469727,15.359999656677246,11260,0.0,0.0,0.0
2025-05-19 02:40:00+00:00,15.359999656677246,15.359999656677246,15.359999656677246,15.359999656677246,4000,0.0,0.0,0.0
2025-05-19 02:45:00+00:00,15.369999885559082,15.369999885559082,15.369999885559082,15.369999885559082,3400,0.0,0.0,0.0
2025-05-19 02:55:00+00:00,15.359999656677246,15.359999656677246,15.359999656677246,15.359999656677246,1060,0.0,0.0,0.0
2025-05-19 03:00:00+00:00,15.369999885559082,15.369999885559082,15.369999885559082,15.369999885559082,2153,0.0,0.0,0.0
2025-05-19 03:05:00+00:00,15.359999656677246,15.359999656677246,15.359999656677246,15.359999656677246,1000,0.0,0.0,0.0
2025-05-19 03:10:00+00:00,15.350000381469727,15.350000381469727,15.329999923706055,15.329999923706055,35000,0.0,0.0,0.0
2025-05-19 03:15:00+00:00,15.329999923706055,15.329999923706055,15.319999694824219,15.319999694824219,3168,0.0,0.0,0.0
2025-05-19 03:20:00+00:00,15.329999923706055,15.329999923706055,15.319999694824219,15.319999694824219,20000,0.0,0.0,0.0
2025-05-19 03:25:00+00:00,15.319999694824219,15.319999694824219,15.319999694824219,15.319999694824219,25061,0.0,0.0,0.0
2025-05-19 03:30:00+00:00,15.300000190734863,15.300000190734863,15.300000190734863,15.300000190734863,100410,0.0,0.0,0.0
2025-05-19 03:35:00+00:00,15.279999732971191,15.279999732971191,15.279999732971191,15.279999732971191,7041,0.0,0.0,0.0
2025-05-19 03:45:00+00:00,15.279999732971191,15.279999732971191,15.279999732971191,15.279999732971191,7200,0.0,0.0,0.0
2025-05-19 03:50:00+00:00,15.279999732971191,15.279999732971191,15.279999732971191,15.279999732971191,1000,0.0,0.0,0.0
2025-05-19 03:55:00+00:00,15.300000190734863,15.300000190734863,15.300000190734863,15.300000190734863,13340,0.0,0.0,0.0
2025-05-19 04:15:00+00:00,15.300000190734863,15.300000190734863,15.300000190734863,15.300000190734863,20113,0.0,0.0,0.0
2025-05-19 04:20:00+00:00,15.279999732971191,15.279999732971191,15.279999732971191,15.279999732971191,10010,0.0,0.0,0.0
2025-05-19 04:25:00+00:00,15.279999732971191,15.279999732971191,15.279999732971191,15.279999732971191,2557,0.0,0.0,0.0
2025-05-19 04:30:00+00:00,15.270000457763672,15.279999732971191,15.270000457763672,15.279999732971191,4267,0.0,0.0,0.0
2025-05-19 04:35:00+00:00,15.279999732971191,15.279999732971191,15.279999732971191,15.279999732971191,6000,0.0,0.0,0.0
2025-05-19 04:40:00+00:00,15.270000457763672,15.270000457763672,15.270000457763672,15.270000457763672,9030,0.0,0.0,0.0
2025-05-19 04:45:00+00:00,15.279999732971191,15.279999732971191,15.279999732971191,15.279999732971191,1447,0.0,0.0,0.0
2025-05-19 04:50:00+00:00,15.270000457763672,15.270000457763672,15.260000228881836,15.260000228881836,20220,0.0,0.0,0.0
2025-05-19 04:55:00+00:00,15.260000228881836,15.260000228881836,15.260000228881836,15.260000228881836,6078,0.0,0.0,0.0
2025-05-19 05:05:00+00:00,15.270000457763672,15.270000457763672,15.270000457763672,15.270000457763672,187520,0.0,0.0,0.0
2025-05-19 05:10:00+00:00,15.260000228881836,15.270000457763672,15.260000228881836,15.260000228881836,14205,0.0,0.0,0.0
2025-05-19 05:15:00+00:00,15.260000228881836,15.260000228881836,15.25,15.25,30968,0.0,0.0,0.0
2025-05-19 05:20:00+00:00,15.260000228881836,15.260000228881836,15.260000228881836,15.260000228881836,9123,0.0,0.0,0.0
2025-05-20 01:00:00+00:00,15.270000457763672,15.300000190734863,15.270000457763672,15.279999732971191,0,0.0,0.0,0.0
2025-05-20 01:05:00+00:00,15.289999961853027,15.300000190734863,15.289999961853027,15.300000190734863,58239,0.0,0.0,0.0
2025-05-20 01:10:00+00:00,15.279999732971191,15.279999732971191,15.279999732971191,15.279999732971191,12077,0.0,0.0,0.0
2025-05-20 01:15:00+00:00,15.270000457763672,15.270000457763672,15.25,15.260000228881836,4079,0.0,0.0,0.0
2025-05-20 01:20:00+00:00,15.260000228881836,15.260000228881836,15.25,15.25,8661,0.0,0.0,0.0
2025-05-20 01:25:00+00:00,15.25,15.25,15.239999771118164,15.239999771118164,5145,0.0,0.0,0.0
2025-05-20 01:30:00+00:00,15.25,15.25,15.220000267028809,15.220000267028809,15078,0.0,0.0,0.0
2025-05-20 01:35:00+00:00,15.220000267028809,15.220000267028809,15.210000038146973,15.210000038146973,28231,0.0,0.0,0.0
2025-05-20 01:40:00+00:00,15.220000267028809,15.229999542236328,15.220000267028809,15.229999542236328,23222,0.0,0.0,0.0
2025-05-20 01:45:00+00:00,15.229999542236328,15.25,15.229999542236328,15.25,20100,0.0,0.0,0.0
2025-05-20 01:50:00+00:00,15.25,15.25,15.25,15.25,9092,0.0,0.0,0.0
2025-05-20 01:55:00+00:00,15.260000228881836,15.260000228881836,15.260000228881836,15.260000228881836,13142,0.0,0.0,0.0
2025-05-20 02:00:00+00:00,15.270000457763672,15.279999732971191,15.270000457763672,15.279999732971191,74376,0.0,0.0,0.0
2025-05-20 02:05:00+00:00,15.279999732971191,15.279999732971191,15.270000457763672,15.270000457763672,7709,0.0,0.0,0.0
2025-05-20 02:10:00+00:00,15.279999732971191,15.289999961853027,15.279999732971191,15.289999961853027,33346,0.0,0.0,0.0
2025-05-20 02:15:00+00:00,15.260000228881836,15.270000457763672,15.260000228881836,15.270000457763672,102000,0.0,0.0,0.0
2025-05-20 02:25:00+00:00,15.260000228881836,15.260000228881836,15.260000228881836,15.260000228881836,3097,0.0,0.0,0.0
2025-05-20 02:30:00+00:00,15.260000228881836,15.260000228881836,15.260000228881836,15.260000228881836,1173,0.0,0.0,0.0
2025-05-20 02:35:00+00:00,15.270000457763672,15.300000190734863,15.270000457763672,15.300000190734863,149078,0.0,0.0,0.0
2025-05-20 02:40:00+00:00,15.300000190734863,15.3100004196167,15.300000190734863,15.3100004196167,115750,0.0,0.0,0.0
2025-05-20 02:45:00+00:00,15.3100004196167,15.3100004196167,15.3100004196167,15.3100004196167,1275,0.0,0.0,0.0
2025-05-20 02:50:00+00:00,15.300000190734863,15.300000190734863,15.300000190734863,15.300000190734863,5000,0.0,0.0,0.0
2025-05-20 02:55:00+00:00,15.300000190734863,15.300000190734863,15.300000190734863,15.300000190734863,6150,0.0,0.0,0.0
2025-05-20 03:00:00+00:00,15.300000190734863,15.3100004196167,15.300000190734863,15.3100004196167,26335,0.0,0.0,0.0
2025-05-20 03:15:00+00:00,15.300000190734863,15.300000190734863,15.289999961853027,15.289999961853027,50188,0.0,0.0,0.0
2025-05-20 03:20:00+00:00,15.289999961853027,15.300000190734863,15.289999961853027,15.300000190734863,23029,0.0,0.0,0.0
2025-05-20 03:25:00+00:00,15.289999961853027,15.289999961853027,15.289999961853027,15.289999961853027,12000,0.0,0.0,0.0
2025-05-20 03:30:00+00:00,15.289999961853027,15.289999961853027,15.289999961853027,15.289999961853027,1000,0.0,0.0,0.0
2025-05-20 03:35:00+00:00,15.289999961853027,15.289999961853027,15.289999961853027,15.289999961853027,11300,0.0,0.0,0.0
2025-05-20 03:40:00+00:00,15.289999961853027,15.300000190734863,15.289999961853027,15.300000190734863,29803,0.0,0.0,0.0
2025-05-20 03:55:00+00:00,15.300000190734863,15.300000190734863,15.300000190734863,15.300000190734863,2000,0.0,0.0,0.0
2025-05-20 04:00:00+00:00,15.300000190734863,15.300000190734863,15.300000190734863,15.300000190734863,3830,0.0,0.0,0.0
2025-05-20 04:10:00+00:00,15.279999732971191,15.279999732971191,15.279999732971191,15.279999732971191,1000,0.0,0.0,0.0
2025-05-20 04:15:00+00:00,15.279999732971191,15.279999732971191,15.260000228881836,15.260000228881836,15201,0.0,0.0,0.0
2025-05-20 04:20:00+00:00,15.260000228881836,15.260000228881836,15.260000228881836,15.260000228881836,5100,0.0,0.0,0.0
2025-05-20 04:25:00+00:00,15.260000228881836,15.260000228881836,15.260000228881836,15.260000228881836,24559,0.0,0.0,0.0
2025-05-20 04:30:00+00:00,15.270000457763672,15.270000457763672,15.270000457763672,15.270000457763672,18210,0.0,0.0,0.0
2025-05-20 04:40:00+00:00,15.260000228881836,15.260000228881836,15.260000228881836,15.260000228881836,64521,0.0,0.0,0.0
2025-05-20 04:50:00+00:00,15.260000228881836,15.260000228881836,15.260000228881836,15.260000228881836,100000,0.0,0.0,0.0
2025-05-20 05:05:00+00:00,15.260000228881836,15.260000228881836,15.260000228881836,15.260000228881836,19100,0.0,0.0,0.0
2025-05-20 05:10:00+00:00,15.260000228881836,15.260000228881836,15.260000228881836,15.260000228881836,2297,0.0,0.0,0.0
2025-05-20 05:15:00+00:00,15.260000228881836,15.260000228881836,15.260000228881836,15.260000228881836,1000,0.0,0.0,0.0
2025-05-20 05:20:00+00:00,15.260000228881836,15.270000457763672,15.260000228881836,15.260000228881836,36042,0.0,0.0,0.0
2025-05-21 01:00:00+00:00,15.260000228881836,15.300000190734863,15.260000228881836,15.300000190734863,0,0.0,0.0,0.0
2025-05-21 01:05:00+00:00,15.3100004196167,15.3100004196167,15.289999961853027,15.289999961853027,9110,0.0,0.0,0.0
2025-05-21 01:15:00+00:00,15.289999961853027,15.289999961853027,15.289999961853027,15.289999961853027,1650,0.0,0.0,0.0
2025-05-21 01:20:00+00:00,15.270000457763672,15.270000457763672,15.270000457763672,15.270000457763672,13075,0.0,0.0,0.0
2025-05-21 01:25:00+00:00,15.279999732971191,15.279999732971191,15.279999732971191,15.279999732971191,1000,0.0,0.0,0.0
2025-05-21 01:30:00+00:00,15.279999732971191,15.279999732971191,15.270000457763672,15.270000457763672,4402,0.0,0.0,0.0
2025-05-21 01:35:00+00:00,15.270000457763672,15.270000457763672,15.270000457763672,15.270000457763672,2270,0.0,0.0,0.0
2025-05-21 01:45:00+00:00,15.270000457763672,15.289999961853027,15.270000457763672,15.270000457763672,82289,0.0,0.0,0.0
2025-05-21 01:50:00+00:00,15.289999961853027,15.289999961853027,15.289999961853027,15.289999961853027,9066,0.0,0.0,0.0
2025-05-21 01:55:00+00:00,15.300000190734863,15.3100004196167,15.300000190734863,15.3100004196167,68528,0.0,0.0,0.0
2025-05-21 02:05:00+00:00,15.279999732971191,15.279999732971191,15.279999732971191,15.279999732971191,1000,0.0,0.0,0.0
2025-05-21 02:10:00+00:00,15.289999961853027,15.3100004196167,15.289999961853027,15.3100004196167,9257,0.0,0.0,0.0
2025-05-21 02:15:00+00:00,15.3100004196167,15.3100004196167,15.3100004196167,15.3100004196167,9305,0.0,0.0,0.0
2025-05-21 02:25:00+00:00,15.3100004196167,15.3100004196167,15.3100004196167,15.3100004196167,1297,0.0,0.0,0.0
2025-05-21 02:30:00+00:00,15.3100004196167,15.3100004196167,15.3100004196167,15.3100004196167,8220,0.0,0.0,0.0
2025-05-21 02:35:00+00:00,15.3100004196167,15.3100004196167,15.3100004196167,15.3100004196167,5027,0.0,0.0,0.0
2025-05-21 02:40:00+00:00,15.319999694824219,15.329999923706055,15.319999694824219,15.329999923706055,34004,0.0,0.0,0.0
2025-05-21 02:45:00+00:00,15.329999923706055,15.329999923706055,15.329999923706055,15.329999923706055,1000,0.0,0.0,0.0
2025-05-21 02:50:00+00:00,15.319999694824219,15.319999694824219,15.319999694824219,15.319999694824219,30000,0.0,0.0,0.0
2025-05-21 02:55:00+00:00,15.319999694824219,15.319999694824219,15.319999694824219,15.319999694824219,1777,0.0,0.0,0.0
2025-05-21 03:00:00+00:00,15.329999923706055,15.350000381469727,15.329999923706055,15.350000381469727,56300,0.0,0.0,0.0
2025-05-21 03:05:00+00:00,15.350000381469727,15.359999656677246,15.350000381469727,15.359999656677246,29000,0.0,0.0,0.0
2025-05-21 03:10:00+00:00,15.359999656677246,15.359999656677246,15.359999656677246,15.359999656677246,3005,0.0,0.0,0.0
2025-05-21 03:15:00+00:00,15.359999656677246,15.359999656677246,15.359999656677246,15.359999656677246,7000,0.0,0.0,0.0
2025-05-21 03:20:00+00:00,15.359999656677246,15.359999656677246,15.359999656677246,15.359999656677246,60150,0.0,0.0,0.0
2025-05-21 03:25:00+00:00,15.350000381469727,15.350000381469727,15.350000381469727,15.350000381469727,1130,0.0,0.0,0.0
2025-05-21 03:35:00+00:00,15.359999656677246,15.359999656677246,15.359999656677246,15.359999656677246,1000,0.0,0.0,0.0
2025-05-21 03:40:00+00:00,15.359999656677246,15.359999656677246,15.359999656677246,15.359999656677246,1325,0.0,0.0,0.0
2025-05-21 03:50:00+00:00,15.350000381469727,15.350000381469727,15.350000381469727,15.350000381469727,8130,0.0,0.0,0.0
2025-05-21 03:55:00+00:00,15.34000015258789,15.350000381469727,15.34000015258789,15.350000381469727,21714,0.0,0.0,0.0
2025-05-21 04:10:00+00:00,15.350000381469727,15.350000381469727,15.350000381469727,15.350000381469727,2000,0.0,0.0,0.0
2025-05-21 04:15:00+00:00,15.350000381469727,15.350000381469727,15.350000381469727,15.350000381469727,43000,0.0,0.0,0.0
2025-05-21 04:20:00+00:00,15.350000381469727,15.359999656677246,15.350000381469727,15.359999656677246,20000,0.0,0.0,0.0
2025-05-21 04:25:00+00:00,15.359999656677246,15.359999656677246,15.350000381469727,15.350000381469727,4800,0.0,0.0,0.0
2025-05-21 04:30:00+00:00,15.359999656677246,15.359999656677246,15.359999656677246,15.359999656677246,64000,0.0,0.0,0.0
2025-05-21 04:35:00+00:00,15.359999656677246,15.369999885559082,15.359999656677246,15.369999885559082,163400,0.0,0.0,0.0
2025-05-21 04:40:00+00:00,15.369999885559082,15.369999885559082,15.359999656677246,15.359999656677246,11020,0.0,0.0,0.0
2025-05-21 04:45:00+00:00,15.359999656677246,15.359999656677246,15.359999656677246,15.359999656677246,1337,0.0,0.0,0.0
2025-05-21 04:50:00+00:00,15.359999656677246,15.359999656677246,15.359999656677246,15.359999656677246,1500,0.0,0.0,0.0
2025-05-21 04:55:00+00:00,15.359999656677246,15.359999656677246,15.359999656677246,15.359999656677246,2063,0.0,0.0,0.0
2025-05-21 05:00:00+00:00,15.359999656677246,15.369999885559082,15.359999656677246,15.369999885559082,127548,0.0,0.0,0.0
2025-05-21 05:05:00+00:00,15.369999885559082,15.369999885559082,15.369999885559082,15.369999885559082,1200,0.0,0.0,0.0
2025-05-21 05:10:00+00:00,15.369999885559082,15.369999885559082,15.369999885559082,15.369999885559082,2010,0.0,0.0,0.0
2025-05-21 05:15:00+00:00,15.369999885559082,15.380000114440918,15.369999885559082,15.380000114440918,69006,0.0,0.0,0.0
2025-05-21 05:20:00+00:00,15.380000114440918,15.390000343322754,15.380000114440918,15.390000343322754,15577,0.0,0.0,0.0
2025-05-22 01:00:00+00:00,15.239999771118164,15.289999961853027,15.239999771118164,15.289999961853027,0,0.0,0.0,0.0
2025-05-22 01:05:00+00:00,15.289999961853027,15.300000190734863,15.289999961853027,15.300000190734863,19746,0.0,0.0,0.0
2025-05-22 01:10:00+00:00,15.3100004196167,15.3100004196167,15.300000190734863,15.3100004196167,73000,0.0,0.0,0.0
2025-05-22 01:15:00+00:00,15.300000190734863,15.300000190734863,15.25,15.25,133200,0.0,0.0,0.0
2025-05-22 01:20:00+00:00,15.25,15.279999732971191,15.25,15.279999732971191,6000,0.0,0.0,0.0
2025-05-22 01:25:00+00:00,15.300000190734863,15.300000190734863,15.300000190734863,15.300000190734863,7290,0.0,0.0,0.0
2025-05-22 01:30:00+00:00,15.300000190734863,15.300000190734863,15.300000190734863,15.300000190734863,5250,0.0,0.0,0.0
2025-05-22 01:40:00+00:00,15.300000190734863,15.300000190734863,15.300000190734863,15.300000190734863,4000,0.0,0.0,0.0
2025-05-22 01:45:00+00:00,15.3100004196167,15.3100004196167,15.300000190734863,15.300000190734863,146670,0.0,0.0,0.0
2025-05-22 01:50:00+00:00,15.289999961853027,15.300000190734863,15.289999961853027,15.300000190734863,5486,0.0,0.0,0.0
2025-05-22 01:55:00+00:00,15.25,15.25,15.25,15.25,13430,0.0,0.0,0.0
2025-05-22 02:00:00+00:00,15.25,15.25,15.25,15.25,6333,0.0,0.0,0.0
2025-05-22 02:05:00+00:00,15.25,15.270000457763672,15.25,15.270000457763672,32280,0.0,0.0,0.0
2025-05-22 02:10:00+00:00,15.270000457763672,15.270000457763672,15.270000457763672,15.270000457763672,6010,0.0,0.0,0.0
2025-05-22 02:20:00+00:00,15.300000190734863,15.300000190734863,15.300000190734863,15.300000190734863,2000,0.0,0.0,0.0
2025-05-22 02:25:00+00:00,15.300000190734863,15.3100004196167,15.300000190734863,15.3100004196167,25800,0.0,0.0,0.0
2025-05-22 02:30:00+00:00,15.3100004196167,15.3100004196167,15.3100004196167,15.3100004196167,7115,0.0,0.0,0.0
2025-05-22 02:35:00+00:00,15.3100004196167,15.319999694824219,15.3100004196167,15.319999694824219,13000,0.0,0.0,0.0
2025-05-22 02:40:00+00:00,15.319999694824219,15.329999923706055,15.319999694824219,15.329999923706055,8009,0.0,0.0,0.0
2025-05-22 02:45:00+00:00,15.329999923706055,15.329999923706055,15.329999923706055,15.329999923706055,5641,0.0,0.0,0.0
2025-05-22 02:50:00+00:00,15.319999694824219,15.319999694824219,15.319999694824219,15.319999694824219,2100,0.0,0.0,0.0
2025-05-22 02:55:00+00:00,15.3100004196167,15.3100004196167,15.3100004196167,15.3100004196167,1000,0.0,0.0,0.0
2025-05-22 03:00:00+00:00,15.3100004196167,15.3100004196167,15.3100004196167,15.3100004196167,4209,0.0,0.0,0.0
2025-05-22 03:05:00+00:00,15.3100004196167,15.3100004196167,15.3100004196167,15.3100004196167,7000,0.0,0.0,0.0
2025-05-22 03:10:00+00:00,15.3100004196167,15.319999694824219,15.3100004196167,15.319999694824219,63000,0.0,0.0,0.0
2025-05-22 03:15:00+00:00,15.329999923706055,15.34000015258789,15.329999923706055,15.34000015258789,31461,0.0,0.0,0.0
2025-05-22 03:20:00+00:00,15.350000381469727,15.350000381469727,15.350000381469727,15.350000381469727,9191,0.0,0.0,0.0
2025-05-22 03:25:00+00:00,15.359999656677246,15.359999656677246,15.359999656677246,15.359999656677246,11107,0.0,0.0,0.0
2025-05-22 03:30:00+00:00,15.359999656677246,15.359999656677246,15.359999656677246,15.359999656677246,5000,0.0,0.0,0.0
2025-05-22 03:35:00+00:00,15.359999656677246,15.380000114440918,15.359999656677246,15.380000114440918,30237,0.0,0.0,0.0
2025-05-22 03:40:00+00:00,15.380000114440918,15.380000114440918,15.380000114440918,15.380000114440918,5000,0.0,0.0,0.0
2025-05-22 03:45:00+00:00,15.369999885559082,15.369999885559082,15.369999885559082,15.369999885559082,8107,0.0,0.0,0.0
2025-05-22 03:55:00+00:00,15.369999885559082,15.390000343322754,15.369999885559082,15.390000343322754,21383,0.0,0.0,0.0
2025-05-22 04:05:00+00:00,15.380000114440918,15.380000114440918,15.380000114440918,15.380000114440918,100013,0.0,0.0,0.0
2025-05-22 04:10:00+00:00,15.359999656677246,15.359999656677246,15.359999656677246,15.359999656677246,2100,0.0,0.0,0.0
2025-05-22 04:20:00+00:00,15.369999885559082,15.380000114440918,15.369999885559082,15.380000114440918,35000,0.0,0.0,0.0
2025-05-22 04:25:00+00:00,15.380000114440918,15.380000114440918,15.380000114440918,15.380000114440918,1130,0.0,0.0,0.0
2025-05-22 04:40:00+00:00,15.369999885559082,15.380000114440918,15.369999885559082,15.380000114440918,5018,0.0,0.0,0.0
2025-05-22 04:45:00+00:00,15.380000114440918,15.380000114440918,15.380000114440918,15.380000114440918,3171,0.0,0.0,0.0
2025-05-22 05:00:00+00:00,15.359999656677246,15.359999656677246,15.359999656677246,15.359999656677246,10776,0.0,0.0,0.0
2025-05-22 05:05:00+00:00,15.359999656677246,15.359999656677246,15.359999656677246,15.359999656677246,1160,0.0,0.0,0.0
2025-05-22 05:15:00+00:00,15.369999885559082,15.369999885559082,15.369999885559082,15.369999885559082,22138,0.0,0.0,0.0
2025-05-22 05:20:00+00:00,15.380000114440918,15.380000114440918,15.369999885559082,15.369999885559082,4781,0.0,0.0,0.0
2025-05-23 01:00:00+00:00,15.390000343322754,15.420000076293945,15.390000343322754,15.40999984741211,0,0.0,0.0,0.0
2025-05-23 01:05:00+00:00,15.399999618530273,15.399999618530273,15.399999618530273,15.399999618530273,14087,0.0,0.0,0.0
2025-05-23 01:10:00+00:00,15.40999984741211,15.420000076293945,15.40999984741211,15.40999984741211,22740,0.0,0.0,0.0
2025-05-23 01:15:00+00:00,15.399999618530273,15.399999618530273,15.390000343322754,15.399999618530273,10000,0.0,0.0,0.0
2025-05-23 01:20:00+00:00,15.399999618530273,15.399999618530273,15.390000343322754,15.390000343322754,48877,0.0,0.0,0.0
2025-05-23 01:25:00+00:00,15.380000114440918,15.380000114440918,15.380000114440918,15.380000114440918,10710,0.0,0.0,0.0
2025-05-23 01:30:00+00:00,15.390000343322754,15.390000343322754,15.380000114440918,15.380000114440918,21210,0.0,0.0,0.0
2025-05-23 01:35:00+00:00,15.380000114440918,15.380000114440918,15.369999885559082,15.380000114440918,20739,0.0,0.0,0.0
2025-05-23 01:40:00+00:00,15.380000114440918,15.380000114440918,15.380000114440918,15.380000114440918,1015,0.0,0.0,0.0
2025-05-23 01:45:00+00:00,15.390000343322754,15.399999618530273,15.390000343322754,15.399999618530273,32356,0.0,0.0,0.0
2025-05-23 01:50:00+00:00,15.399999618530273,15.399999618530273,15.399999618530273,15.399999618530273,100045,0.0,0.0,0.0
2025-05-23 01:55:00+00:00,15.369999885559082,15.369999885559082,15.369999885559082,15.369999885559082,106086,0.0,0.0,0.0
2025-05-23 02:00:00+00:00,15.399999618530273,15.399999618530273,15.399999618530273,15.399999618530273,2112,0.0,0.0,0.0
2025-05-23 02:10:00+00:00,15.369999885559082,15.390000343322754,15.369999885559082,15.390000343322754,5350,0.0,0.0,0.0
2025-05-23 02:15:00+00:00,15.399999618530273,15.399999618530273,15.399999618530273,15.399999618530273,107193,0.0,0.0,0.0
2025-05-23 02:20:00+00:00,15.390000343322754,15.390000343322754,15.390000343322754,15.390000343322754,1126,0.0,0.0,0.0
2025-05-23 02:25:00+00:00,15.380000114440918,15.390000343322754,15.380000114440918,15.390000343322754,3000,0.0,0.0,0.0
2025-05-23 02:30:00+00:00,15.390000343322754,15.390000343322754,15.380000114440918,15.380000114440918,5518,0.0,0.0,0.0
2025-05-23 02:35:00+00:00,15.369999885559082,15.369999885559082,15.359999656677246,15.359999656677246,53160,0.0,0.0,0.0
2025-05-23 02:40:00+00:00,15.369999885559082,15.369999885559082,15.369999885559082,15.369999885559082,4000,0.0,0.0,0.0
2025-05-23 02:45:00+00:00,15.390000343322754,15.390000343322754,15.390000343322754,15.390000343322754,2140,0.0,0.0,0.0
2025-05-23 02:50:00+00:00,15.390000343322754,15.390000343322754,15.390000343322754,15.390000343322754,5063,0.0,0.0,0.0
2025-05-23 03:00:00+00:00,15.390000343322754,15.390000343322754,15.380000114440918,15.380000114440918,8110,0.0,0.0,0.0
2025-05-23 03:05:00+00:00,15.380000114440918,15.380000114440918,15.380000114440918,15.380000114440918,2000,0.0,0.0,0.0
2025-05-23 03:15:00+00:00,15.380000114440918,15.380000114440918,15.380000114440918,15.380000114440918,29311,0.0,0.0,0.0
2025-05-23 03:20:00+00:00,15.390000343322754,15.390000343322754,15.390000343322754,15.390000343322754,46601,0.0,0.0,0.0
2025-05-23 03:30:00+00:00,15.390000343322754,15.390000343322754,15.390000343322754,15.390000343322754,5614,0.0,0.0,0.0
2025-05-23 03:40:00+00:00,15.380000114440918,15.380000114440918,15.380000114440918,15.380000114440918,5081,0.0,0.0,0.0
2025-05-23 03:45:00+00:00,15.380000114440918,15.390000343322754,15.369999885559082,15.369999885559082,18140,0.0,0.0,0.0
2025-05-23 03:50:00+00:00,15.359999656677246,15.359999656677246,15.359999656677246,15.359999656677246,3080,0.0,0.0,0.0
2025-05-23 04:05:00+00:00,15.359999656677246,15.359999656677246,15.350000381469727,15.359999656677246,29263,0.0,0.0,0.0
2025-05-23 04:10:00+00:00,15.369999885559082,15.369999885559082,15.369999885559082,15.369999885559082,20166,0.0,0.0,0.0
2025-05-23 04:20:00+00:00,15.359999656677246,15.359999656677246,15.350000381469727,15.350000381469727,116250,0.0,0.0,0.0
2025-05-23 04:25:00+00:00,15.359999656677246,15.359999656677246,15.350000381469727,15.350000381469727,8281,0.0,0.0,0.0
2025-05-23 04:30:00+00:00,15.34000015258789,15.350000381469727,15.34000015258789,15.350000381469727,19573,0.0,0.0,0.0
2025-05-23 04:45:00+00:00,15.350000381469727,15.350000381469727,15.350000381469727,15.350000381469727,1300,0.0,0.0,0.0
2025-05-23 04:50:00+00:00,15.350000381469727,15.350000381469727,15.350000381469727,15.350000381469727,1700,0.0,0.0,0.0
2025-05-23 04:55:00+00:00,15.34000015258789,15.34000015258789,15.34000015258789,15.34000015258789,23100,0.0,0.0,0.0
2025-05-23 05:00:00+00:00,15.34000015258789,15.350000381469727,15.34000015258789,15.350000381469727,21053,0.0,0.0,0.0
2025-05-23 05:05:00+00:00,15.350000381469727,15.350000381469727,15.34000015258789,15.34000015258789,3000,0.0,0.0,0.0
2025-05-23 05:10:00+00:00,15.34000015258789,15.34000015258789,15.329999923706055,15.329999923706055,2954,0.0,0.0,0.0
2025-05-23 05:20:00+00:00,15.329999923706055,15.34000015258789,15.329999923706055,15.34000015258789,5056,0.0,0.0,0.0
2025-05-26 01:00:00+00:00,15.350000381469727,15.350000381469727,15.34000015258789,15.34000015258789,0,0.0,0.0,0.0
2025-05-26 01:05:00+00:00,15.329999923706055,15.350000381469727,15.329999923706055,15.329999923706055,18387,0.0,0.0,0.0
2025-05-26 01:10:00+00:00,15.34000015258789,15.359999656677246,15.34000015258789,15.359999656677246,201017,0.0,0.0,0.0
2025-05-26 01:15:00+00:00,15.359999656677246,15.359999656677246,15.359999656677246,15.359999656677246,1079,0.0,0.0,0.0
2025-05-26 01:20:00+00:00,15.34000015258789,15.34000015258789,15.34000015258789,15.34000015258789,102130,0.0,0.0,0.0
2025-05-26 01:25:00+00:00,15.329999923706055,15.329999923706055,15.319999694824219,15.319999694824219,6029,0.0,0.0,0.0
2025-05-26 01:30:00+00:00,15.300000190734863,15.300000190734863,15.300000190734863,15.300000190734863,35100,0.0,0.0,0.0
2025-05-26 01:35:00+00:00,15.300000190734863,15.300000190734863,15.300000190734863,15.300000190734863,20100,0.0,0.0,0.0
2025-05-26 01:40:00+00:00,15.319999694824219,15.329999923706055,15.319999694824219,15.319999694824219,181068,0.0,0.0,0.0
2025-05-26 01:45:00+00:00,15.329999923706055,15.329999923706055,15.329999923706055,15.329999923706055,11268,0.0,0.0,0.0
2025-05-26 01:50:00+00:00,15.329999923706055,15.329999923706055,15.319999694824219,15.319999694824219,6000,0.0,0.0,0.0
2025-05-26 01:55:00+00:00,15.3100004196167,15.329999923706055,15.3100004196167,15.329999923706055,47230,0.0,0.0,0.0
2025-05-26 02:00:00+00:00,15.34000015258789,15.34000015258789,15.329999923706055,15.34000015258789,12110,0.0,0.0,0.0
2025-05-26 02:05:00+00:00,15.34000015258789,15.34000015258789,15.34000015258789,15.34000015258789,7118,0.0,0.0,0.0
2025-05-26 02:10:00+00:00,15.34000015258789,15.34000015258789,15.34000015258789,15.34000015258789,1000,0.0,0.0,0.0
2025-05-26 02:15:00+00:00,15.34000015258789,15.34000015258789,15.329999923706055,15.34000015258789,25052,0.0,0.0,0.0
2025-05-26 02:20:00+00:00,15.34000015258789,15.34000015258789,15.319999694824219,15.319999694824219,4000,0.0,0.0,0.0
2025-05-26 02:25:00+00:00,15.300000190734863,15.300000190734863,15.300000190734863,15.300000190734863,3030,0.0,0.0,0.0
2025-05-26 02:30:00+00:00,15.3100004196167,15.319999694824219,15.3100004196167,15.3100004196167,8178,0.0,0.0,0.0
2025-05-26 02:35:00+00:00,15.3100004196167,15.3100004196167,15.300000190734863,15.3100004196167,7085,0.0,0.0,0.0
2025-05-26 02:40:00+00:00,15.3100004196167,15.3100004196167,15.3100004196167,15.3100004196167,2100,0.0,0.0,0.0
2025-05-26 02:45:00+00:00,15.3100004196167,15.3100004196167,15.3100004196167,15.3100004196167,12588,0.0,0.0,0.0
2025-05-26 02:50:00+00:00,15.3100004196167,15.3100004196167,15.3100004196167,15.3100004196167,10117,0.0,0.0,0.0
2025-05-26 02:55:00+00:00,15.300000190734863,15.3100004196167,15.300000190734863,15.3100004196167,20300,0.0,0.0,0.0
2025-05-26 03:00:00+00:00,15.3100004196167,15.329999923706055,15.3100004196167,15.329999923706055,10500,0.0,0.0,0.0
2025-05-26 03:05:00+00:00,15.34000015258789,15.34000015258789,15.34000015258789,15.34000015258789,1398,0.0,0.0,0.0
2025-05-26 03:15:00+00:00,15.329999923706055,15.329999923706055,15.329999923706055,15.329999923706055,1029,0.0,0.0,0.0
2025-05-26 03:20:00+00:00,15.329999923706055,15.329999923706055,15.329999923706055,15.329999923706055,2030,0.0,0.0,0.0
2025-05-26 03:25:00+00:00,15.319999694824219,15.319999694824219,15.319999694824219,15.319999694824219,12207,0.0,0.0,0.0
2025-05-26 03:40:00+00:00,15.319999694824219,15.319999694824219,15.300000190734863,15.300000190734863,12341,0.0,0.0,0.0
2025-05-26 03:45:00+00:00,15.300000190734863,15.300000190734863,15.300000190734863,15.300000190734863,2529,0.0,0.0,0.0
2025-05-26 03:50:00+00:00,15.3100004196167,15.3100004196167,15.3100004196167,15.3100004196167,1000,0.0,0.0,0.0
2025-05-26 03:55:00+00:00,15.3100004196167,15.3100004196167,15.3100004196167,15.3100004196167,1054,0.0,0.0,0.0
2025-05-26 04:05:00+00:00,15.319999694824219,15.319999694824219,15.319999694824219,15.319999694824219,4018,0.0,0.0,0.0
2025-05-26 04:10:00+00:00,15.319999694824219,15.319999694824219,15.3100004196167,15.3100004196167,6105,0.0,0.0,0.0
2025-05-26 04:15:00+00:00,15.3100004196167,15.3100004196167,15.300000190734863,15.300000190734863,5010,0.0,0.0,0.0
2025-05-26 04:20:00+00:00,15.300000190734863,15.319999694824219,15.300000190734863,15.319999694824219,11198,0.0,0.0,0.0
2025-05-26 04:25:00+00:00,15.319999694824219,15.319999694824219,15.319999694824219,15.319999694824219,65000,0.0,0.0,0.0
2025-05-26 04:30:00+00:00,15.329999923706055,15.329999923706055,15.319999694824219,15.329999923706055,28945,0.0,0.0,0.0
2025-05-26 04:35:00+00:00,15.329999923706055,15.329999923706055,15.329999923706055,15.329999923706055,7029,0.0,0.0,0.0
2025-05-26 04:40:00+00:00,15.329999923706055,15.329999923706055,15.319999694824219,15.319999694824219,21362,0.0,0.0,0.0
2025-05-26 04:45:00+00:00,15.329999923706055,15.329999923706055,15.319999694824219,15.319999694824219,62063,0.0,0.0,0.0
2025-05-26 04:55:00+00:00,15.3100004196167,15.3100004196167,15.3100004196167,15.3100004196167,251425,0.0,0.0,0.0
2025-05-26 05:00:00+00:00,15.3100004196167,15.3100004196167,15.3100004196167,15.3100004196167,2000,0.0,0.0,0.0
2025-05-26 05:05:00+00:00,15.3100004196167,15.3100004196167,15.3100004196167,15.3100004196167,152000,0.0,0.0,0.0
2025-05-26 05:10:00+00:00,15.300000190734863,15.300000190734863,15.300000190734863,15.300000190734863,68076,0.0,0.0,0.0
2025-05-26 05:15:00+00:00,15.300000190734863,15.300000190734863,15.289999961853027,15.289999961853027,16102,0.0,0.0,0.0
2025-05-26 05:20:00+00:00,15.289999961853027,15.289999961853027,15.279999732971191,15.279999732971191,114071,0.0,0.0,0.0
2025-05-27 01:00:00+00:00,15.279999732971191,15.279999732971191,15.260000228881836,15.260000228881836,0,0.0,0.0,0.0
2025-05-27 01:05:00+00:00,15.260000228881836,15.260000228881836,15.260000228881836,15.260000228881836,50915,0.0,0.0,0.0
2025-05-27 01:10:00+00:00,15.25,15.25,15.25,15.25,6490,0.0,0.0,0.0
2025-05-27 01:15:00+00:00,15.220000267028809,15.220000267028809,15.199999809265137,15.199999809265137,3641,0.0,0.0,0.0
2025-05-27 01:20:00+00:00,15.210000038146973,15.210000038146973,15.210000038146973,15.210000038146973,2430,0.0,0.0,0.0
2025-05-27 01:25:00+00:00,15.229999542236328,15.229999542236328,15.229999542236328,15.229999542236328,79000,0.0,0.0,0.0
2025-05-27 01:30:00+00:00,15.25,15.25,15.25,15.25,5116,0.0,0.0,0.0
2025-05-27 01:35:00+00:00,15.229999542236328,15.229999542236328,15.229999542236328,15.229999542236328,7500,0.0,0.0,0.0
2025-05-27 01:40:00+00:00,15.229999542236328,15.229999542236328,15.229999542236328,15.229999542236328,20195,0.0,0.0,0.0
2025-05-27 01:45:00+00:00,15.229999542236328,15.229999542236328,15.229999542236328,15.229999542236328,54070,0.0,0.0,0.0
2025-05-27 01:50:00+00:00,15.220000267028809,15.220000267028809,15.199999809265137,15.199999809265137,23100,0.0,0.0,0.0
2025-05-27 01:55:00+00:00,15.1899995803833,15.1899995803833,15.15999984741211,15.15999984741211,21949,0.0,0.0,0.0
2025-05-27 02:00:00+00:00,15.15999984741211,15.15999984741211,15.15999984741211,15.15999984741211,20010,0.0,0.0,0.0
2025-05-27 02:05:00+00:00,15.149999618530273,15.149999618530273,15.149999618530273,15.149999618530273,10145,0.0,0.0,0.0
2025-05-27 02:10:00+00:00,15.149999618530273,15.149999618530273,15.140000343322754,15.140000343322754,5978,0.0,0.0,0.0
2025-05-27 02:15:00+00:00,15.149999618530273,15.15999984741211,15.149999618530273,15.15999984741211,69010,0.0,0.0,0.0
2025-05-27 02:25:00+00:00,15.15999984741211,15.180000305175781,15.15999984741211,15.180000305175781,17180,0.0,0.0,0.0
2025-05-27 02:30:00+00:00,15.199999809265137,15.220000267028809,15.199999809265137,15.220000267028809,28053,0.0,0.0,0.0
2025-05-27 02:35:00+00:00,15.220000267028809,15.220000267028809,15.220000267028809,15.220000267028809,3000,0.0,0.0,0.0
2025-05-27 02:40:00+00:00,15.229999542236328,15.229999542236328,15.210000038146973,15.220000267028809,81396,0.0,0.0,0.0
2025-05-27 03:00:00+00:00,15.199999809265137,15.199999809265137,15.199999809265137,15.199999809265137,3355,0.0,0.0,0.0
2025-05-27 03:10:00+00:00,15.1899995803833,15.1899995803833,15.1899995803833,15.1899995803833,2003,0.0,0.0,0.0
2025-05-27 03:15:00+00:00,15.180000305175781,15.180000305175781,15.180000305175781,15.180000305175781,2000,0.0,0.0,0.0
2025-05-27 03:25:00+00:00,15.180000305175781,15.180000305175781,15.180000305175781,15.180000305175781,3109,0.0,0.0,0.0
2025-05-27 03:35:00+00:00,15.170000076293945,15.180000305175781,15.170000076293945,15.180000305175781,80220,0.0,0.0,0.0
2025-05-27 03:50:00+00:00,15.170000076293945,15.170000076293945,15.15999984741211,15.15999984741211,113295,0.0,0.0,0.0
2025-05-27 03:55:00+00:00,15.149999618530273,15.149999618530273,15.140000343322754,15.140000343322754,49179,0.0,0.0,0.0
2025-05-27 04:10:00+00:00,15.140000343322754,15.140000343322754,15.140000343322754,15.140000343322754,2010,0.0,0.0,0.0
2025-05-27 04:20:00+00:00,15.140000343322754,15.140000343322754,15.140000343322754,15.140000343322754,96179,0.0,0.0,0.0
2025-05-27 04:25:00+00:00,15.140000343322754,15.140000343322754,15.140000343322754,15.140000343322754,2281,0.0,0.0,0.0
2025-05-27 04:35:00+00:00,15.149999618530273,15.149999618530273,15.149999618530273,15.149999618530273,3022,0.0,0.0,0.0
2025-05-27 04:40:00+00:00,15.15999984741211,15.15999984741211,15.15999984741211,15.15999984741211,2108,0.0,0.0,0.0
2025-05-27 04:45:00+00:00,15.15999984741211,15.15999984741211,15.15999984741211,15.15999984741211,10050,0.0,0.0,0.0
2025-05-27 04:50:00+00:00,15.149999618530273,15.149999618530273,15.149999618530273,15.149999618530273,1051,0.0,0.0,0.0
2025-05-27 04:55:00+00:00,15.149999618530273,15.15999984741211,15.149999618530273,15.15999984741211,111000,0.0,0.0,0.0
2025-05-27 05:00:00+00:00,15.149999618530273,15.149999618530273,15.149999618530273,15.149999618530273,1533,0.0,0.0,0.0
2025-05-27 05:05:00+00:00,15.149999618530273,15.149999618530273,15.149999618530273,15.149999618530273,3043,0.0,0.0,0.0
2025-05-27 05:10:00+00:00,15.149999618530273,15.149999618530273,15.149999618530273,15.149999618530273,50100,0.0,0.0,0.0
2025-05-27 05:15:00+00:00,15.15999984741211,15.15999984741211,15.149999618530273,15.149999618530273,52038,0.0,0.0,0.0
2025-05-27 05:20:00+00:00,15.140000343322754,15.140000343322754,15.140000343322754,15.140000343322754,2362,0.0,0.0,0.0
2025-05-28 01:00:00+00:00,15.199999809265137,15.210000038146973,15.199999809265137,15.210000038146973,0,0.0,0.0,0.0
2025-05-28 01:05:00+00:00,15.199999809265137,15.199999809265137,15.180000305175781,15.180000305175781,6807,0.0,0.0,0.0
2025-05-28 01:10:00+00:00,15.1899995803833,15.1899995803833,15.1899995803833,15.1899995803833,1100,0.0,0.0,0.0
2025-05-28 01:15:00+00:00,15.180000305175781,15.180000305175781,15.170000076293945,15.170000076293945,3060,0.0,0.0,0.0
2025-05-28 01:20:00+00:00,15.180000305175781,15.180000305175781,15.180000305175781,15.180000305175781,2103,0.0,0.0,0.0
2025-05-28 01:25:00+00:00,15.180000305175781,15.180000305175781,15.180000305175781,15.180000305175781,1778,0.0,0.0,0.0
2025-05-28 01:30:00+00:00,15.170000076293945,15.170000076293945,15.15999984741211,15.15999984741211,8526,0.0,0.0,0.0
2025-05-28 01:35:00+00:00,15.15999984741211,15.15999984741211,15.15999984741211,15.15999984741211,1000,0.0,0.0,0.0
2025-05-28 01:40:00+00:00,15.15999984741211,15.15999984741211,15.15999984741211,15.15999984741211,2340,0.0,0.0,0.0
2025-05-28 01:45:00+00:00,15.170000076293945,15.170000076293945,15.170000076293945,15.170000076293945,1150,0.0,0.0,0.0
2025-05-28 01:50:00+00:00,15.170000076293945,15.170000076293945,15.15999984741211,15.15999984741211,16000,0.0,0.0,0.0
2025-05-28 01:55:00+00:00,15.149999618530273,15.149999618530273,15.149999618530273,15.149999618530273,11000,0.0,0.0,0.0
2025-05-28 02:00:00+00:00,15.149999618530273,15.149999618530273,15.149999618530273,15.149999618530273,15000,0.0,0.0,0.0
2025-05-28 02:05:00+00:00,15.140000343322754,15.140000343322754,15.140000343322754,15.140000343322754,11220,0.0,0.0,0.0
2025-05-28 02:10:00+00:00,15.140000343322754,15.140000343322754,15.140000343322754,15.140000343322754,2510,0.0,0.0,0.0
2025-05-28 02:15:00+00:00,15.140000343322754,15.140000343322754,15.140000343322754,15.140000343322754,10738,0.0,0.0,0.0
2025-05-28 02:20:00+00:00,15.140000343322754,15.140000343322754,15.140000343322754,15.140000343322754,1558,0.0,0.0,0.0
2025-05-28 02:40:00+00:00,15.130000114440918,15.130000114440918,15.119999885559082,15.119999885559082,8100,0.0,0.0,0.0
2025-05-28 02:45:00+00:00,15.119999885559082,15.130000114440918,15.119999885559082,15.130000114440918,4761,0.0,0.0,0.0
2025-05-28 03:05:00+00:00,15.119999885559082,15.119999885559082,15.119999885559082,15.119999885559082,2000,0.0,0.0,0.0
2025-05-28 03:10:00+00:00,15.119999885559082,15.130000114440918,15.119999885559082,15.119999885559082,17170,0.0,0.0,0.0
2025-05-28 03:15:00+00:00,15.119999885559082,15.119999885559082,15.119999885559082,15.119999885559082,2664,0.0,0.0,0.0
2025-05-28 03:20:00+00:00,15.119999885559082,15.119999885559082,15.119999885559082,15.119999885559082,3000,0.0,0.0,0.0
2025-05-28 03:25:00+00:00,15.119999885559082,15.119999885559082,15.119999885559082,15.119999885559082,5732,0.0,0.0,0.0
2025-05-28 03:30:00+00:00,15.109999656677246,15.109999656677246,15.109999656677246,15.109999656677246,22100,0.0,0.0,0.0
2025-05-28 03:35:00+00:00,15.109999656677246,15.109999656677246,15.100000381469727,15.100000381469727,9000,0.0,0.0,0.0
2025-05-28 03:40:00+00:00,15.100000381469727,15.100000381469727,15.100000381469727,15.100000381469727,27520,0.0,0.0,0.0
2025-05-28 03:45:00+00:00,15.100000381469727,15.100000381469727,15.069999694824219,15.069999694824219,15798,0.0,0.0,0.0
2025-05-28 03:55:00+00:00,15.069999694824219,15.069999694824219,15.0600004196167,15.0600004196167,2007,0.0,0.0,0.0
2025-05-28 04:00:00+00:00,15.0600004196167,15.0600004196167,15.0600004196167,15.0600004196167,2061,0.0,0.0,0.0
2025-05-28 04:05:00+00:00,15.0600004196167,15.0600004196167,15.0600004196167,15.0600004196167,7426,0.0,0.0,0.0
2025-05-28 04:10:00+00:00,15.0600004196167,15.0600004196167,15.0600004196167,15.0600004196167,2030,0.0,0.0,0.0
2025-05-28 04:15:00+00:00,15.050000190734863,15.050000190734863,15.039999961853027,15.039999961853027,12141,0.0,0.0,0.0
2025-05-28 04:20:00+00:00,15.039999961853027,15.039999961853027,15.029999732971191,15.029999732971191,7104,0.0,0.0,0.0
2025-05-28 04:25:00+00:00,15.029999732971191,15.029999732971191,15.020000457763672,15.020000457763672,7372,0.0,0.0,0.0
2025-05-28 04:30:00+00:00,15.020000457763672,15.020000457763672,15.010000228881836,15.010000228881836,17533,0.0,0.0,0.0
2025-05-28 04:35:00+00:00,15.0,15.0,15.0,15.0,28036,0.0,0.0,0.0
2025-05-28 04:40:00+00:00,15.0,15.0,14.979999542236328,14.989999771118164,7878,0.0,0.0,0.0
2025-05-28 04:50:00+00:00,14.989999771118164,14.989999771118164,14.989999771118164,14.989999771118164,15020,0.0,0.0,0.0
2025-05-28 04:55:00+00:00,14.979999542236328,14.989999771118164,14.979999542236328,14.979999542236328,28174,0.0,0.0,0.0
2025-05-28 05:05:00+00:00,15.0,15.029999732971191,15.0,15.029999732971191,24411,0.0,0.0,0.0
2025-05-28 05:15:00+00:00,15.029999732971191,15.029999732971191,15.029999732971191,15.029999732971191,4598,0.0,0.0,0.0
2025-05-28 05:20:00+00:00,15.050000190734863,15.050000190734863,15.020000457763672,15.029999732971191,18004,0.0,0.0,0.0
2025-05-29 01:00:00+00:00,15.069999694824219,15.100000381469727,15.069999694824219,15.100000381469727,0,0.0,0.0,0.0
2025-05-29 01:05:00+00:00,15.100000381469727,15.100000381469727,15.09000015258789,15.09000015258789,5640,0.0,0.0,0.0
2025-05-29 01:10:00+00:00,15.079999923706055,15.079999923706055,15.039999961853027,15.039999961853027,6576,0.0,0.0,0.0
2025-05-29 01:15:00+00:00,15.039999961853027,15.039999961853027,15.039999961853027,15.039999961853027,4020,0.0,0.0,0.0
2025-05-29 01:20:00+00:00,15.029999732971191,15.029999732971191,15.029999732971191,15.029999732971191,206721,0.0,0.0,0.0
2025-05-29 01:25:00+00:00,15.029999732971191,15.039999961853027,15.029999732971191,15.039999961853027,13219,0.0,0.0,0.0
2025-05-29 01:30:00+00:00,15.069999694824219,15.069999694824219,15.0600004196167,15.0600004196167,11741,0.0,0.0,0.0
2025-05-29 01:35:00+00:00,15.0600004196167,15.0600004196167,15.0600004196167,15.0600004196167,5020,0.0,0.0,0.0
2025-05-29 01:40:00+00:00,15.0600004196167,15.0600004196167,15.0600004196167,15.0600004196167,2030,0.0,0.0,0.0
2025-05-29 01:45:00+00:00,15.0600004196167,15.0600004196167,15.029999732971191,15.029999732971191,9166,0.0,0.0,0.0
2025-05-29 01:50:00+00:00,15.020000457763672,15.020000457763672,15.020000457763672,15.020000457763672,6381,0.0,0.0,0.0
2025-05-29 01:55:00+00:00,15.020000457763672,15.020000457763672,15.020000457763672,15.020000457763672,2090,0.0,0.0,0.0
2025-05-29 02:00:00+00:00,15.029999732971191,15.039999961853027,15.020000457763672,15.020000457763672,16337,0.0,0.0,0.0
2025-05-29 02:05:00+00:00,15.0,15.010000228881836,15.0,15.010000228881836,113170,0.0,0.0,0.0
2025-05-29 02:15:00+00:00,15.029999732971191,15.029999732971191,15.0,15.0,46509,0.0,0.0,0.0
2025-05-29 02:25:00+00:00,15.0,15.0,15.0,15.0,3357,0.0,0.0,0.0
2025-05-29 02:30:00+00:00,15.0,15.0,15.0,15.0,3455,0.0,0.0,0.0
2025-05-29 02:35:00+00:00,15.0,15.0,15.0,15.0,1048,0.0,0.0,0.0
2025-05-29 02:40:00+00:00,15.0,15.0,15.0,15.0,5000,0.0,0.0,0.0
2025-05-29 02:45:00+00:00,15.0,15.0,14.989999771118164,14.989999771118164,22273,0.0,0.0,0.0
2025-05-29 02:50:00+00:00,14.979999542236328,14.979999542236328,14.979999542236328,14.979999542236328,18690,0.0,0.0,0.0
2025-05-29 03:15:00+00:00,15.0,15.0,15.0,15.0,49300,0.0,0.0,0.0
2025-05-29 03:20:00+00:00,15.0,15.0,14.989999771118164,14.989999771118164,10050,0.0,0.0,0.0
2025-05-29 03:25:00+00:00,14.989999771118164,14.989999771118164,14.989999771118164,14.989999771118164,1740,0.0,0.0,0.0
2025-05-29 03:35:00+00:00,14.989999771118164,14.989999771118164,14.989999771118164,14.989999771118164,10820,0.0,0.0,0.0
2025-05-29 03:40:00+00:00,15.0,15.0,15.0,15.0,1664,0.0,0.0,0.0
2025-05-29 03:45:00+00:00,15.0,15.0,14.989999771118164,14.989999771118164,8460,0.0,0.0,0.0
2025-05-29 03:50:00+00:00,14.989999771118164,14.989999771118164,14.989999771118164,14.989999771118164,1150,0.0,0.0,0.0
2025-05-29 04:00:00+00:00,14.989999771118164,14.989999771118164,14.989999771118164,14.989999771118164,1368,0.0,0.0,0.0
2025-05-29 04:15:00+00:00,14.989999771118164,14.989999771118164,14.989999771118164,14.989999771118164,2060,0.0,0.0,0.0
2025-05-29 04:20:00+00:00,15.0,15.0,15.0,15.0,6042,0.0,0.0,0.0
2025-05-29 04:25:00+00:00,14.989999771118164,14.989999771118164,14.989999771118164,14.989999771118164,5000,0.0,0.0,0.0
2025-05-29 04:30:00+00:00,14.989999771118164,14.989999771118164,14.979999542236328,14.979999542236328,12234,0.0,0.0,0.0
2025-05-29 04:35:00+00:00,14.979999542236328,14.989999771118164,14.979999542236328,14.989999771118164,4920,0.0,0.0,0.0
2025-05-29 04:45:00+00:00,14.989999771118164,14.989999771118164,14.989999771118164,14.989999771118164,12300,0.0,0.0,0.0
2025-05-29 04:50:00+00:00,14.989999771118164,14.989999771118164,14.979999542236328,14.989999771118164,10250,0.0,0.0,0.0
2025-05-29 04:55:00+00:00,14.989999771118164,14.989999771118164,14.989999771118164,14.989999771118164,1224,0.0,0.0,0.0
2025-05-29 05:05:00+00:00,14.979999542236328,14.979999542236328,14.970000267028809,14.970000267028809,49046,0.0,0.0,0.0
2025-05-29 05:10:00+00:00,14.970000267028809,14.970000267028809,14.970000267028809,14.970000267028809,10059,0.0,0.0,0.0
2025-05-29 05:20:00+00:00,14.989999771118164,15.0,14.989999771118164,15.0,11448,0.0,0.0,0.0
2025-06-02 01:00:00+00:00,14.880000114440918,14.880000114440918,14.800000190734863,14.819999694824219,31000,0.0,0.0,0.0
2025-06-02 01:05:00+00:00,14.84000015258789,14.859999656677246,14.84000015258789,14.859999656677246,16488,0.0,0.0,0.0
2025-06-02 01:10:00+00:00,14.859999656677246,14.859999656677246,14.829999923706055,14.84000015258789,13059,0.0,0.0,0.0
2025-06-02 01:15:00+00:00,14.84000015258789,14.84000015258789,14.84000015258789,14.84000015258789,4401,0.0,0.0,0.0
2025-06-02 01:20:00+00:00,14.84000015258789,14.859999656677246,14.84000015258789,14.859999656677246,122383,0.0,0.0,0.0
2025-06-02 01:25:00+00:00,14.859999656677246,14.869999885559082,14.859999656677246,14.869999885559082,16318,0.0,0.0,0.0
2025-06-02 01:30:00+00:00,14.859999656677246,14.869999885559082,14.850000381469727,14.850000381469727,44100,0.0,0.0,0.0
2025-06-02 01:35:00+00:00,14.850000381469727,14.850000381469727,14.850000381469727,14.850000381469727,18367,0.0,0.0,0.0
2025-06-02 01:40:00+00:00,14.850000381469727,14.859999656677246,14.850000381469727,14.859999656677246,25130,0.0,0.0,0.0
2025-06-02 01:45:00+00:00,14.859999656677246,14.880000114440918,14.859999656677246,14.880000114440918,146764,0.0,0.0,0.0
2025-06-02 01:50:00+00:00,14.869999885559082,14.880000114440918,14.869999885559082,14.880000114440918,106000,0.0,0.0,0.0
2025-06-02 01:55:00+00:00,14.880000114440918,14.899999618530273,14.880000114440918,14.899999618530273,69460,0.0,0.0,0.0
2025-06-02 02:00:00+00:00,14.899999618530273,14.90999984741211,14.899999618530273,14.90999984741211,10046,0.0,0.0,0.0
2025-06-02 02:05:00+00:00,14.90999984741211,14.90999984741211,14.90999984741211,14.90999984741211,8394,0.0,0.0,0.0
2025-06-02 02:10:00+00:00,14.920000076293945,14.9399995803833,14.920000076293945,14.9399995803833,12050,0.0,0.0,0.0
2025-06-02 02:15:00+00:00,14.920000076293945,14.9399995803833,14.920000076293945,14.930000305175781,17000,0.0,0.0,0.0
2025-06-02 02:20:00+00:00,14.920000076293945,14.920000076293945,14.90999984741211,14.90999984741211,9000,0.0,0.0,0.0
2025-06-02 02:25:00+00:00,14.899999618530273,14.899999618530273,14.890000343322754,14.890000343322754,18850,0.0,0.0,0.0
2025-06-02 02:30:00+00:00,14.880000114440918,14.880000114440918,14.880000114440918,14.880000114440918,2006,0.0,0.0,0.0
2025-06-02 02:35:00+00:00,14.869999885559082,14.880000114440918,14.869999885559082,14.880000114440918,19244,0.0,0.0,0.0
2025-06-02 02:40:00+00:00,14.880000114440918,14.880000114440918,14.880000114440918,14.880000114440918,5007,0.0,0.0,0.0
2025-06-02 02:45:00+00:00,14.859999656677246,14.859999656677246,14.859999656677246,14.859999656677246,21013,0.0,0.0,0.0
2025-06-02 02:50:00+00:00,14.850000381469727,14.850000381469727,14.850000381469727,14.850000381469727,208100,0.0,0.0,0.0
2025-06-02 02:55:00+00:00,14.850000381469727,14.850000381469727,14.850000381469727,14.850000381469727,1000,0.0,0.0,0.0
2025-06-02 03:00:00+00:00,14.84000015258789,14.84000015258789,14.829999923706055,14.829999923706055,6000,0.0,0.0,0.0
2025-06-02 03:05:00+00:00,14.84000015258789,14.84000015258789,14.829999923706055,14.829999923706055,9723,0.0,0.0,0.0
2025-06-02 03:10:00+00:00,14.829999923706055,14.829999923706055,14.829999923706055,14.829999923706055,7243,0.0,0.0,0.0
2025-06-02 03:15:00+00:00,14.829999923706055,14.850000381469727,14.829999923706055,14.829999923706055,70360,0.0,0.0,0.0
2025-06-02 03:20:00+00:00,14.829999923706055,14.829999923706055,14.829999923706055,14.829999923706055,11000,0.0,0.0,0.0
2025-06-02 03:25:00+00:00,14.829999923706055,14.829999923706055,14.819999694824219,14.819999694824219,6000,0.0,0.0,0.0
2025-06-02 03:30:00+00:00,14.819999694824219,14.819999694824219,14.819999694824219,14.819999694824219,6106,0.0,0.0,0.0
2025-06-02 03:35:00+00:00,14.819999694824219,14.829999923706055,14.819999694824219,14.829999923706055,16203,0.0,0.0,0.0
2025-06-02 03:40:00+00:00,14.829999923706055,14.829999923706055,14.819999694824219,14.819999694824219,11110,0.0,0.0,0.0
2025-06-02 03:55:00+00:00,14.829999923706055,14.829999923706055,14.829999923706055,14.829999923706055,5020,0.0,0.0,0.0
2025-06-02 04:00:00+00:00,14.829999923706055,14.829999923706055,14.829999923706055,14.829999923706055,1000,0.0,0.0,0.0
2025-06-02 04:05:00+00:00,14.819999694824219,14.819999694824219,14.819999694824219,14.819999694824219,10000,0.0,0.0,0.0
2025-06-02 04:10:00+00:00,14.829999923706055,14.829999923706055,14.829999923706055,14.829999923706055,15194,0.0,0.0,0.0
2025-06-02 04:15:00+00:00,14.84000015258789,14.850000381469727,14.84000015258789,14.850000381469727,7111,0.0,0.0,0.0
2025-06-02 04:20:00+00:00,14.850000381469727,14.850000381469727,14.850000381469727,14.850000381469727,6604,0.0,0.0,0.0
2025-06-02 04:25:00+00:00,14.850000381469727,14.850000381469727,14.850000381469727,14.850000381469727,2168,0.0,0.0,0.0
2025-06-02 04:30:00+00:00,14.850000381469727,14.850000381469727,14.850000381469727,14.850000381469727,5327,0.0,0.0,0.0
2025-06-02 04:35:00+00:00,14.84000015258789,14.84000015258789,14.84000015258789,14.84000015258789,6030,0.0,0.0,0.0
2025-06-02 04:40:00+00:00,14.84000015258789,14.84000015258789,14.84000015258789,14.84000015258789,11000,0.0,0.0,0.0
2025-06-02 04:45:00+00:00,14.850000381469727,14.850000381469727,14.84000015258789,14.850000381469727,5000,0.0,0.0,0.0
2025-06-02 04:50:00+00:00,14.84000015258789,14.84000015258789,14.829999923706055,14.829999923706055,3000,0.0,0.0,0.0
2025-06-02 04:55:00+00:00,14.84000015258789,14.84000015258789,14.84000015258789,14.84000015258789,6000,0.0,0.0,0.0
2025-06-02 05:00:00+00:00,14.850000381469727,14.859999656677246,14.850000381469727,14.859999656677246,11192,0.0,0.0,0.0
2025-06-02 05:05:00+00:00,14.859999656677246,14.859999656677246,14.850000381469727,14.859999656677246,7010,0.0,0.0,0.0
2025-06-02 05:10:00+00:00,14.859999656677246,14.869999885559082,14.859999656677246,14.859999656677246,98126,0.0,0.0,0.0
2025-06-02 05:15:00+00:00,14.859999656677246,14.859999656677246,14.850000381469727,14.850000381469727,30718,0.0,0.0,0.0
2025-06-02 05:20:00+00:00,14.850000381469727,14.859999656677246,14.850000381469727,14.859999656677246,16036,0.0,0.0,0.0
2025-06-03 01:00:00+00:00,14.869999885559082,14.899999618530273,14.859999656677246,14.869999885559082,0,0.0,0.0,0.0
2025-06-03 01:05:00+00:00,14.869999885559082,14.890000343322754,14.869999885559082,14.890000343322754,687000,0.0,0.0,0.0
2025-06-03 01:10:00+00:00,14.890000343322754,14.930000305175781,14.880000114440918,14.930000305175781,724114,0.0,0.0,0.0
2025-06-03 01:15:00+00:00,14.930000305175781,14.930000305175781,14.920000076293945,14.920000076293945,177269,0.0,0.0,0.0
2025-06-03 01:20:00+00:00,14.920000076293945,14.9399995803833,14.920000076293945,14.920000076293945,340440,0.0,0.0,0.0
2025-06-03 01:25:00+00:00,14.930000305175781,14.9399995803833,14.920000076293945,14.9399995803833,167563,0.0,0.0,0.0
2025-06-03 01:30:00+00:00,14.949999809265137,14.960000038146973,14.9399995803833,14.960000038146973,301192,0.0,0.0,0.0
2025-06-03 01:35:00+00:00,14.960000038146973,14.979999542236328,14.960000038146973,14.970000267028809,74963,0.0,0.0,0.0
2025-06-03 01:40:00+00:00,14.970000267028809,14.979999542236328,14.970000267028809,14.970000267028809,81071,0.0,0.0,0.0
2025-06-03 01:45:00+00:00,14.979999542236328,14.979999542236328,14.970000267028809,14.970000267028809,191331,0.0,0.0,0.0
2025-06-03 01:50:00+00:00,14.970000267028809,14.970000267028809,14.970000267028809,14.970000267028809,83040,0.0,0.0,0.0
2025-06-03 01:55:00+00:00,14.960000038146973,14.960000038146973,14.9399995803833,14.9399995803833,203209,0.0,0.0,0.0
2025-06-03 02:00:00+00:00,14.949999809265137,14.949999809265137,14.90999984741211,14.90999984741211,85000,0.0,0.0,0.0
2025-06-03 02:05:00+00:00,14.90999984741211,14.90999984741211,14.880000114440918,14.880000114440918,282184,0.0,0.0,0.0
2025-06-03 02:10:00+00:00,14.880000114440918,14.880000114440918,14.859999656677246,14.869999885559082,236323,0.0,0.0,0.0
2025-06-03 02:15:00+00:00,14.859999656677246,14.859999656677246,14.850000381469727,14.859999656677246,149157,0.0,0.0,0.0
2025-06-03 02:20:00+00:00,14.859999656677246,14.869999885559082,14.859999656677246,14.869999885559082,75020,0.0,0.0,0.0
2025-06-03 02:25:00+00:00,14.869999885559082,14.880000114440918,14.869999885559082,14.869999885559082,20644,0.0,0.0,0.0
2025-06-03 02:30:00+00:00,14.880000114440918,14.880000114440918,14.869999885559082,14.880000114440918,91035,0.0,0.0,0.0
2025-06-03 02:35:00+00:00,14.890000343322754,14.890000343322754,14.859999656677246,14.859999656677246,211045,0.0,0.0,0.0
2025-06-03 02:40:00+00:00,14.859999656677246,14.859999656677246,14.859999656677246,14.859999656677246,52686,0.0,0.0,0.0
2025-06-03 02:45:00+00:00,14.869999885559082,14.869999885559082,14.859999656677246,14.869999885559082,104937,0.0,0.0,0.0
2025-06-03 02:50:00+00:00,14.880000114440918,14.880000114440918,14.869999885559082,14.869999885559082,27109,0.0,0.0,0.0
2025-06-03 02:55:00+00:00,14.869999885559082,14.869999885559082,14.869999885559082,14.869999885559082,42000,0.0,0.0,0.0
2025-06-03 03:00:00+00:00,14.880000114440918,14.880000114440918,14.880000114440918,14.880000114440918,2999,0.0,0.0,0.0
2025-06-03 03:10:00+00:00,14.859999656677246,14.869999885559082,14.859999656677246,14.869999885559082,41179,0.0,0.0,0.0
2025-06-03 03:15:00+00:00,14.880000114440918,14.880000114440918,14.869999885559082,14.880000114440918,78000,0.0,0.0,0.0
2025-06-03 03:20:00+00:00,14.869999885559082,14.880000114440918,14.869999885559082,14.880000114440918,12138,0.0,0.0,0.0
2025-06-03 03:25:00+00:00,14.880000114440918,14.880000114440918,14.880000114440918,14.880000114440918,47000,0.0,0.0,0.0
2025-06-03 03:30:00+00:00,14.880000114440918,14.880000114440918,14.869999885559082,14.869999885559082,28025,0.0,0.0,0.0
2025-06-03 03:35:00+00:00,14.880000114440918,14.890000343322754,14.880000114440918,14.880000114440918,106623,0.0,0.0,0.0
2025-06-03 03:40:00+00:00,14.890000343322754,14.899999618530273,14.890000343322754,14.899999618530273,111700,0.0,0.0,0.0
2025-06-03 03:45:00+00:00,14.899999618530273,14.899999618530273,14.899999618530273,14.899999618530273,70028,0.0,0.0,0.0
2025-06-03 03:50:00+00:00,14.899999618530273,14.899999618530273,14.899999618530273,14.899999618530273,72606,0.0,0.0,0.0
2025-06-03 03:55:00+00:00,14.890000343322754,14.890000343322754,14.890000343322754,14.890000343322754,74000,0.0,0.0,0.0
2025-06-03 04:00:00+00:00,14.890000343322754,14.890000343322754,14.869999885559082,14.869999885559082,108000,0.0,0.0,0.0
2025-06-03 04:05:00+00:00,14.869999885559082,14.890000343322754,14.869999885559082,14.890000343322754,51038,0.0,0.0,0.0
2025-06-03 04:10:00+00:00,14.880000114440918,14.880000114440918,14.869999885559082,14.880000114440918,75000,0.0,0.0,0.0
2025-06-03 04:15:00+00:00,14.880000114440918,14.880000114440918,14.880000114440918,14.880000114440918,136000,0.0,0.0,0.0
2025-06-03 04:20:00+00:00,14.880000114440918,14.899999618530273,14.880000114440918,14.890000343322754,132135,0.0,0.0,0.0
2025-06-03 04:25:00+00:00,14.890000343322754,14.90999984741211,14.890000343322754,14.899999618530273,98757,0.0,0.0,0.0
2025-06-03 04:30:00+00:00,14.899999618530273,14.899999618530273,14.899999618530273,14.899999618530273,159500,0.0,0.0,0.0
2025-06-03 04:35:00+00:00,14.90999984741211,14.920000076293945,14.90999984741211,14.920000076293945,81029,0.0,0.0,0.0
2025-06-03 04:40:00+00:00,14.90999984741211,14.90999984741211,14.90999984741211,14.90999984741211,201251,0.0,0.0,0.0
2025-06-03 04:45:00+00:00,14.920000076293945,14.920000076293945,14.920000076293945,14.920000076293945,27100,0.0,0.0,0.0
2025-06-03 04:50:00+00:00,14.90999984741211,14.90999984741211,14.90999984741211,14.90999984741211,31200,0.0,0.0,0.0
2025-06-03 04:55:00+00:00,14.920000076293945,14.930000305175781,14.920000076293945,14.930000305175781,163440,0.0,0.0,0.0
2025-06-03 05:00:00+00:00,14.930000305175781,14.9399995803833,14.930000305175781,14.930000305175781,87000,0.0,0.0,0.0
2025-06-03 05:05:00+00:00,14.9399995803833,14.9399995803833,14.930000305175781,14.930000305175781,76179,0.0,0.0,0.0
2025-06-03 05:10:00+00:00,14.930000305175781,14.930000305175781,14.920000076293945,14.920000076293945,80002,0.0,0.0,0.0
2025-06-03 05:15:00+00:00,14.920000076293945,14.930000305175781,14.920000076293945,14.930000305175781,64389,0.0,0.0,0.0
2025-06-03 05:20:00+00:00,14.930000305175781,14.930000305175781,14.920000076293945,14.930000305175781,33925,0.0,0.0,0.0
2025-06-04 01:00:00+00:00,15.0,15.0,14.989999771118164,15.0,844000,0.0,0.0,0.0
2025-06-04 01:05:00+00:00,15.0,15.020000457763672,15.0,15.010000228881836,207311,0.0,0.0,0.0
2025-06-04 01:10:00+00:00,15.010000228881836,15.010000228881836,15.0,15.010000228881836,255211,0.0,0.0,0.0
2025-06-04 01:15:00+00:00,15.010000228881836,15.020000457763672,15.010000228881836,15.020000457763672,328770,0.0,0.0,0.0
2025-06-04 01:20:00+00:00,15.020000457763672,15.029999732971191,15.020000457763672,15.029999732971191,308150,0.0,0.0,0.0
2025-06-04 01:25:00+00:00,15.029999732971191,15.029999732971191,15.020000457763672,15.029999732971191,138617,0.0,0.0,0.0
2025-06-04 01:30:00+00:00,15.020000457763672,15.020000457763672,15.010000228881836,15.020000457763672,23700,0.0,0.0,0.0
2025-06-04 01:35:00+00:00,15.029999732971191,15.029999732971191,15.029999732971191,15.029999732971191,233440,0.0,0.0,0.0
2025-06-04 01:40:00+00:00,15.010000228881836,15.010000228881836,15.0,15.0,23196,0.0,0.0,0.0
2025-06-04 01:45:00+00:00,15.0,15.010000228881836,15.0,15.010000228881836,44000,0.0,0.0,0.0
2025-06-04 01:50:00+00:00,15.010000228881836,15.010000228881836,15.0,15.010000228881836,66822,0.0,0.0,0.0
2025-06-04 01:55:00+00:00,15.0,15.0,14.989999771118164,14.989999771118164,18000,0.0,0.0,0.0
2025-06-04 02:00:00+00:00,15.0,15.010000228881836,14.989999771118164,15.010000228881836,113693,0.0,0.0,0.0
2025-06-04 02:05:00+00:00,15.010000228881836,15.029999732971191,15.010000228881836,15.029999732971191,348565,0.0,0.0,0.0
2025-06-04 02:10:00+00:00,15.029999732971191,15.039999961853027,15.029999732971191,15.039999961853027,295103,0.0,0.0,0.0
2025-06-04 02:15:00+00:00,15.029999732971191,15.039999961853027,15.029999732971191,15.039999961853027,269654,0.0,0.0,0.0
2025-06-04 02:20:00+00:00,15.039999961853027,15.0600004196167,15.039999961853027,15.0600004196167,270593,0.0,0.0,0.0
2025-06-04 02:25:00+00:00,15.0600004196167,15.069999694824219,15.0600004196167,15.069999694824219,88167,0.0,0.0,0.0
2025-06-04 02:30:00+00:00,15.069999694824219,15.079999923706055,15.069999694824219,15.069999694824219,205195,0.0,0.0,0.0
2025-06-04 02:35:00+00:00,15.069999694824219,15.079999923706055,15.069999694824219,15.079999923706055,98337,0.0,0.0,0.0
2025-06-04 02:40:00+00:00,15.069999694824219,15.069999694824219,15.069999694824219,15.069999694824219,9020,0.0,0.0,0.0
2025-06-04 02:45:00+00:00,15.069999694824219,15.079999923706055,15.069999694824219,15.069999694824219,242160,0.0,0.0,0.0
2025-06-04 02:50:00+00:00,15.069999694824219,15.079999923706055,15.069999694824219,15.079999923706055,209255,0.0,0.0,0.0
2025-06-04 02:55:00+00:00,15.079999923706055,15.079999923706055,15.079999923706055,15.079999923706055,99860,0.0,0.0,0.0
2025-06-04 03:00:00+00:00,15.079999923706055,15.09000015258789,15.079999923706055,15.09000015258789,253839,0.0,0.0,0.0
2025-06-04 03:05:00+00:00,15.09000015258789,15.09000015258789,15.09000015258789,15.09000015258789,4600,0.0,0.0,0.0
2025-06-04 03:10:00+00:00,15.09000015258789,15.100000381469727,15.09000015258789,15.100000381469727,167091,0.0,0.0,0.0
2025-06-04 03:15:00+00:00,15.09000015258789,15.09000015258789,15.09000015258789,15.09000015258789,11000,0.0,0.0,0.0
2025-06-04 03:20:00+00:00,15.100000381469727,15.109999656677246,15.100000381469727,15.109999656677246,157834,0.0,0.0,0.0
2025-06-04 03:25:00+00:00,15.100000381469727,15.109999656677246,15.100000381469727,15.100000381469727,21000,0.0,0.0,0.0
2025-06-04 03:30:00+00:00,15.109999656677246,15.109999656677246,15.109999656677246,15.109999656677246,31186,0.0,0.0,0.0
2025-06-04 03:35:00+00:00,15.109999656677246,15.109999656677246,15.109999656677246,15.109999656677246,19160,0.0,0.0,0.0
2025-06-04 03:40:00+00:00,15.100000381469727,15.100000381469727,15.100000381469727,15.100000381469727,14000,0.0,0.0,0.0
2025-06-04 03:45:00+00:00,15.100000381469727,15.109999656677246,15.09000015258789,15.09000015258789,208577,0.0,0.0,0.0
2025-06-04 03:50:00+00:00,15.09000015258789,15.09000015258789,15.09000015258789,15.09000015258789,50000,0.0,0.0,0.0
2025-06-04 03:55:00+00:00,15.09000015258789,15.09000015258789,15.09000015258789,15.09000015258789,25000,0.0,0.0,0.0
2025-06-04 04:00:00+00:00,15.09000015258789,15.09000015258789,15.079999923706055,15.079999923706055,59000,0.0,0.0,0.0
2025-06-04 04:05:00+00:00,15.09000015258789,15.09000015258789,15.09000015258789,15.09000015258789,2020,0.0,0.0,0.0
2025-06-04 04:10:00+00:00,15.079999923706055,15.09000015258789,15.079999923706055,15.09000015258789,18000,0.0,0.0,0.0
2025-06-04 04:15:00+00:00,15.09000015258789,15.100000381469727,15.09000015258789,15.09000015258789,56223,0.0,0.0,0.0
2025-06-04 04:20:00+00:00,15.09000015258789,15.09000015258789,15.09000015258789,15.09000015258789,29000,0.0,0.0,0.0
2025-06-04 04:25:00+00:00,15.09000015258789,15.09000015258789,15.09000015258789,15.09000015258789,23200,0.0,0.0,0.0
2025-06-04 04:30:00+00:00,15.09000015258789,15.09000015258789,15.079999923706055,15.079999923706055,18392,0.0,0.0,0.0
2025-06-04 04:35:00+00:00,15.079999923706055,15.079999923706055,15.079999923706055,15.079999923706055,18000,0.0,0.0,0.0
2025-06-04 04:40:00+00:00,15.079999923706055,15.079999923706055,15.079999923706055,15.079999923706055,16000,0.0,0.0,0.0
2025-06-04 04:45:00+00:00,15.079999923706055,15.079999923706055,15.0600004196167,15.0600004196167,19412,0.0,0.0,0.0
2025-06-04 04:50:00+00:00,15.0600004196167,15.0600004196167,15.0600004196167,15.0600004196167,39340,0.0,0.0,0.0
2025-06-04 04:55:00+00:00,15.069999694824219,15.069999694824219,15.069999694824219,15.069999694824219,68112,0.0,0.0,0.0
2025-06-04 05:00:00+00:00,15.069999694824219,15.079999923706055,15.069999694824219,15.079999923706055,276123,0.0,0.0,0.0
2025-06-04 05:05:00+00:00,15.079999923706055,15.09000015258789,15.079999923706055,15.09000015258789,90000,0.0,0.0,0.0
2025-06-04 05:10:00+00:00,15.079999923706055,15.079999923706055,15.069999694824219,15.069999694824219,68000,0.0,0.0,0.0
2025-06-04 05:15:00+00:00,15.069999694824219,15.069999694824219,15.050000190734863,15.0600004196167,146012,0.0,0.0,0.0
2025-06-04 05:20:00+00:00,15.050000190734863,15.0600004196167,15.039999961853027,15.050000190734863,327401,0.0,0.0,0.0
2025-06-05 01:00:00+00:00,15.029999732971191,15.029999732971191,15.020000457763672,15.029999732971191,278000,0.0,0.0,0.0
2025-06-05 01:05:00+00:00,15.039999961853027,15.0600004196167,15.039999961853027,15.0600004196167,101366,0.0,0.0,0.0
2025-06-05 01:10:00+00:00,15.069999694824219,15.069999694824219,15.0600004196167,15.069999694824219,107015,0.0,0.0,0.0
2025-06-05 01:15:00+00:00,15.079999923706055,15.09000015258789,15.079999923706055,15.079999923706055,32493,0.0,0.0,0.0
2025-06-05 01:20:00+00:00,15.079999923706055,15.09000015258789,15.069999694824219,15.069999694824219,97510,0.0,0.0,0.0
2025-06-05 01:25:00+00:00,15.069999694824219,15.069999694824219,15.069999694824219,15.069999694824219,50000,0.0,0.0,0.0
2025-06-05 01:30:00+00:00,15.069999694824219,15.079999923706055,15.0600004196167,15.079999923706055,102674,0.0,0.0,0.0
2025-06-05 01:35:00+00:00,15.079999923706055,15.079999923706055,15.069999694824219,15.069999694824219,10222,0.0,0.0,0.0
2025-06-05 01:40:00+00:00,15.069999694824219,15.069999694824219,15.0600004196167,15.069999694824219,175880,0.0,0.0,0.0
2025-06-05 01:45:00+00:00,15.069999694824219,15.079999923706055,15.069999694824219,15.079999923706055,69102,0.0,0.0,0.0
2025-06-05 01:55:00+00:00,15.069999694824219,15.069999694824219,15.069999694824219,15.069999694824219,29000,0.0,0.0,0.0
2025-06-05 02:00:00+00:00,15.069999694824219,15.079999923706055,15.050000190734863,15.050000190734863,213000,0.0,0.0,0.0
2025-06-05 02:05:00+00:00,15.039999961853027,15.039999961853027,14.979999542236328,14.989999771118164,311623,0.0,0.0,0.0
2025-06-05 02:10:00+00:00,14.989999771118164,15.0,14.989999771118164,15.0,44014,0.0,0.0,0.0
2025-06-05 02:15:00+00:00,15.0,15.0,15.0,15.0,4050,0.0,0.0,0.0
2025-06-05 02:25:00+00:00,14.979999542236328,14.989999771118164,14.979999542236328,14.979999542236328,7244,0.0,0.0,0.0
2025-06-05 02:30:00+00:00,14.979999542236328,14.979999542236328,14.960000038146973,14.960000038146973,37166,0.0,0.0,0.0
2025-06-05 02:35:00+00:00,14.960000038146973,14.960000038146973,14.949999809265137,14.960000038146973,12070,0.0,0.0,0.0
2025-06-05 02:40:00+00:00,14.960000038146973,14.960000038146973,14.949999809265137,14.949999809265137,24184,0.0,0.0,0.0
2025-06-05 02:45:00+00:00,14.949999809265137,14.949999809265137,14.9399995803833,14.949999809265137,13406,0.0,0.0,0.0
2025-06-05 02:50:00+00:00,14.949999809265137,14.949999809265137,14.9399995803833,14.949999809265137,12060,0.0,0.0,0.0
2025-06-05 02:55:00+00:00,14.949999809265137,14.949999809265137,14.949999809265137,14.949999809265137,1000,0.0,0.0,0.0
2025-06-05 03:00:00+00:00,14.949999809265137,14.949999809265137,14.9399995803833,14.9399995803833,6000,0.0,0.0,0.0
2025-06-05 03:05:00+00:00,14.9399995803833,14.9399995803833,14.930000305175781,14.930000305175781,3120,0.0,0.0,0.0
2025-06-05 03:10:00+00:00,14.930000305175781,14.930000305175781,14.930000305175781,14.930000305175781,4000,0.0,0.0,0.0
2025-06-05 03:15:00+00:00,14.930000305175781,14.9399995803833,14.930000305175781,14.930000305175781,6230,0.0,0.0,0.0
2025-06-05 03:20:00+00:00,14.930000305175781,14.930000305175781,14.930000305175781,14.930000305175781,23316,0.0,0.0,0.0
2025-06-05 03:25:00+00:00,14.930000305175781,14.930000305175781,14.930000305175781,14.930000305175781,6076,0.0,0.0,0.0
2025-06-05 03:30:00+00:00,14.930000305175781,14.930000305175781,14.920000076293945,14.920000076293945,74469,0.0,0.0,0.0
2025-06-05 03:35:00+00:00,14.930000305175781,14.930000305175781,14.920000076293945,14.920000076293945,7819,0.0,0.0,0.0
2025-06-05 03:40:00+00:00,14.920000076293945,14.920000076293945,14.920000076293945,14.920000076293945,2000,0.0,0.0,0.0
2025-06-05 03:45:00+00:00,14.930000305175781,14.930000305175781,14.920000076293945,14.920000076293945,103967,0.0,0.0,0.0
2025-06-05 03:50:00+00:00,14.90999984741211,14.90999984741211,14.90999984741211,14.90999984741211,10000,0.0,0.0,0.0
2025-06-05 03:55:00+00:00,14.90999984741211,14.90999984741211,14.90999984741211,14.90999984741211,12004,0.0,0.0,0.0
2025-06-05 04:00:00+00:00,14.90999984741211,14.90999984741211,14.90999984741211,14.90999984741211,76544,0.0,0.0,0.0
2025-06-05 04:05:00+00:00,14.90999984741211,14.90999984741211,14.90999984741211,14.90999984741211,3300,0.0,0.0,0.0
2025-06-05 04:10:00+00:00,14.90999984741211,14.90999984741211,14.90999984741211,14.90999984741211,28400,0.0,0.0,0.0
2025-06-05 04:15:00+00:00,14.90999984741211,14.90999984741211,14.90999984741211,14.90999984741211,52388,0.0,0.0,0.0
2025-06-05 04:20:00+00:00,14.90999984741211,14.920000076293945,14.90999984741211,14.90999984741211,156061,0.0,0.0,0.0
2025-06-05 04:25:00+00:00,14.920000076293945,14.920000076293945,14.90999984741211,14.90999984741211,5670,0.0,0.0,0.0
2025-06-05 04:30:00+00:00,14.90999984741211,14.90999984741211,14.90999984741211,14.90999984741211,10199,0.0,0.0,0.0
2025-06-05 04:35:00+00:00,14.930000305175781,14.930000305175781,14.90999984741211,14.90999984741211,15300,0.0,0.0,0.0
2025-06-05 04:45:00+00:00,14.90999984741211,14.920000076293945,14.90999984741211,14.90999984741211,36455,0.0,0.0,0.0
2025-06-05 04:50:00+00:00,14.90999984741211,14.90999984741211,14.899999618530273,14.899999618530273,30500,0.0,0.0,0.0
2025-06-05 04:55:00+00:00,14.90999984741211,14.920000076293945,14.90999984741211,14.920000076293945,32684,0.0,0.0,0.0
2025-06-05 05:05:00+00:00,14.90999984741211,14.90999984741211,14.90999984741211,14.90999984741211,2564,0.0,0.0,0.0
2025-06-05 05:10:00+00:00,14.899999618530273,14.899999618530273,14.899999618530273,14.899999618530273,15000,0.0,0.0,0.0
2025-06-05 05:15:00+00:00,14.899999618530273,14.899999618530273,14.899999618530273,14.899999618530273,10332,0.0,0.0,0.0
2025-06-05 05:20:00+00:00,14.899999618530273,14.899999618530273,14.890000343322754,14.890000343322754,131834,0.0,0.0,0.0
2025-06-06 01:00:00+00:00,14.899999618530273,14.90999984741211,14.899999618530273,14.90999984741211,92000,0.0,0.0,0.0
2025-06-06 01:05:00+00:00,14.920000076293945,14.949999809265137,14.920000076293945,14.949999809265137,114588,0.0,0.0,0.0
2025-06-06 01:10:00+00:00,14.960000038146973,14.970000267028809,14.960000038146973,14.970000267028809,192300,0.0,0.0,0.0
2025-06-06 01:15:00+00:00,14.970000267028809,14.970000267028809,14.930000305175781,14.930000305175781,41634,0.0,0.0,0.0
2025-06-06 01:20:00+00:00,14.920000076293945,14.930000305175781,14.920000076293945,14.930000305175781,18000,0.0,0.0,0.0
2025-06-06 01:25:00+00:00,14.949999809265137,14.979999542236328,14.949999809265137,14.979999542236328,112519,0.0,0.0,0.0
2025-06-06 01:30:00+00:00,14.989999771118164,14.989999771118164,14.979999542236328,14.979999542236328,17108,0.0,0.0,0.0
2025-06-06 01:35:00+00:00,14.979999542236328,14.979999542236328,14.979999542236328,14.979999542236328,18573,0.0,0.0,0.0
2025-06-06 01:40:00+00:00,14.949999809265137,14.949999809265137,14.949999809265137,14.949999809265137,10000,0.0,0.0,0.0
2025-06-06 01:45:00+00:00,14.970000267028809,14.970000267028809,14.970000267028809,14.970000267028809,3102,0.0,0.0,0.0
2025-06-06 01:55:00+00:00,14.960000038146973,14.960000038146973,14.949999809265137,14.949999809265137,11138,0.0,0.0,0.0
2025-06-06 02:00:00+00:00,14.9399995803833,14.949999809265137,14.9399995803833,14.949999809265137,39100,0.0,0.0,0.0
2025-06-06 02:05:00+00:00,14.949999809265137,14.970000267028809,14.949999809265137,14.970000267028809,99579,0.0,0.0,0.0
2025-06-06 02:10:00+00:00,14.970000267028809,14.979999542236328,14.970000267028809,14.970000267028809,17000,0.0,0.0,0.0
2025-06-06 02:15:00+00:00,14.979999542236328,14.979999542236328,14.979999542236328,14.979999542236328,33748,0.0,0.0,0.0
2025-06-06 02:20:00+00:00,14.989999771118164,14.989999771118164,14.989999771118164,14.989999771118164,37100,0.0,0.0,0.0
2025-06-06 02:25:00+00:00,14.989999771118164,14.989999771118164,14.989999771118164,14.989999771118164,20021,0.0,0.0,0.0
2025-06-06 02:30:00+00:00,14.989999771118164,14.989999771118164,14.989999771118164,14.989999771118164,29100,0.0,0.0,0.0
2025-06-06 02:35:00+00:00,14.989999771118164,14.989999771118164,14.989999771118164,14.989999771118164,6068,0.0,0.0,0.0
2025-06-06 02:40:00+00:00,14.989999771118164,14.989999771118164,14.989999771118164,14.989999771118164,34000,0.0,0.0,0.0
2025-06-06 02:45:00+00:00,15.0,15.0,15.0,15.0,3258,0.0,0.0,0.0
2025-06-06 02:50:00+00:00,15.0,15.0,15.0,15.0,101000,0.0,0.0,0.0
2025-06-06 02:55:00+00:00,14.989999771118164,15.0,14.989999771118164,14.989999771118164,181028,0.0,0.0,0.0
2025-06-06 03:00:00+00:00,14.989999771118164,15.010000228881836,14.989999771118164,15.010000228881836,5727,0.0,0.0,0.0
2025-06-06 03:15:00+00:00,14.989999771118164,14.989999771118164,14.989999771118164,14.989999771118164,3430,0.0,0.0,0.0
2025-06-06 03:20:00+00:00,14.989999771118164,14.989999771118164,14.989999771118164,14.989999771118164,9000,0.0,0.0,0.0
2025-06-06 03:25:00+00:00,14.989999771118164,14.989999771118164,14.989999771118164,14.989999771118164,5038,0.0,0.0,0.0
2025-06-06 03:30:00+00:00,15.0,15.0,14.979999542236328,14.979999542236328,59218,0.0,0.0,0.0
2025-06-06 03:35:00+00:00,14.979999542236328,14.979999542236328,14.979999542236328,14.979999542236328,30000,0.0,0.0,0.0
2025-06-06 03:40:00+00:00,14.989999771118164,14.989999771118164,14.989999771118164,14.989999771118164,5032,0.0,0.0,0.0
2025-06-06 03:45:00+00:00,14.989999771118164,14.989999771118164,14.989999771118164,14.989999771118164,10640,0.0,0.0,0.0
2025-06-06 03:50:00+00:00,14.979999542236328,14.979999542236328,14.970000267028809,14.970000267028809,22018,0.0,0.0,0.0
2025-06-06 03:55:00+00:00,14.979999542236328,14.979999542236328,14.979999542236328,14.979999542236328,5100,0.0,0.0,0.0
2025-06-06 04:00:00+00:00,14.979999542236328,14.979999542236328,14.979999542236328,14.979999542236328,13018,0.0,0.0,0.0
2025-06-06 04:05:00+00:00,14.970000267028809,14.970000267028809,14.970000267028809,14.970000267028809,8078,0.0,0.0,0.0
2025-06-06 04:10:00+00:00,14.970000267028809,14.979999542236328,14.970000267028809,14.979999542236328,2000,0.0,0.0,0.0
2025-06-06 04:15:00+00:00,14.970000267028809,14.970000267028809,14.960000038146973,14.960000038146973,21229,0.0,0.0,0.0
2025-06-06 04:20:00+00:00,14.960000038146973,14.960000038146973,14.949999809265137,14.949999809265137,31040,0.0,0.0,0.0
2025-06-06 04:25:00+00:00,14.949999809265137,14.949999809265137,14.949999809265137,14.949999809265137,1000,0.0,0.0,0.0
2025-06-06 04:30:00+00:00,14.970000267028809,14.970000267028809,14.949999809265137,14.949999809265137,17410,0.0,0.0,0.0
2025-06-06 04:35:00+00:00,14.949999809265137,14.949999809265137,14.949999809265137,14.949999809265137,10260,0.0,0.0,0.0
2025-06-06 04:45:00+00:00,14.949999809265137,14.949999809265137,14.949999809265137,14.949999809265137,11118,0.0,0.0,0.0
2025-06-06 04:50:00+00:00,14.949999809265137,14.949999809265137,14.949999809265137,14.949999809265137,24423,0.0,0.0,0.0
2025-06-06 04:55:00+00:00,14.949999809265137,14.949999809265137,14.949999809265137,14.949999809265137,18019,0.0,0.0,0.0
2025-06-06 05:00:00+00:00,14.949999809265137,14.960000038146973,14.949999809265137,14.960000038146973,85700,0.0,0.0,0.0
2025-06-06 05:10:00+00:00,14.960000038146973,14.970000267028809,14.960000038146973,14.970000267028809,52197,0.0,0.0,0.0
2025-06-06 05:20:00+00:00,14.960000038146973,14.960000038146973,14.960000038146973,14.960000038146973,93366,0.0,0.0,0.0
2025-06-09 01:00:00+00:00,14.989999771118164,15.029999732971191,14.989999771118164,15.010000228881836,0,0.0,0.0,0.0
2025-06-09 01:05:00+00:00,15.020000457763672,15.020000457763672,15.010000228881836,15.020000457763672,83000,0.0,0.0,0.0
2025-06-09 01:10:00+00:00,15.029999732971191,15.029999732971191,15.029999732971191,15.029999732971191,4321,0.0,0.0,0.0
2025-06-09 01:15:00+00:00,15.029999732971191,15.050000190734863,15.020000457763672,15.050000190734863,343032,0.0,0.0,0.0
2025-06-09 01:20:00+00:00,15.050000190734863,15.050000190734863,15.039999961853027,15.050000190734863,29911,0.0,0.0,0.0
2025-06-09 01:25:00+00:00,15.039999961853027,15.039999961853027,15.020000457763672,15.020000457763672,142077,0.0,0.0,0.0
2025-06-09 01:30:00+00:00,15.020000457763672,15.020000457763672,15.010000228881836,15.010000228881836,29598,0.0,0.0,0.0
2025-06-09 01:35:00+00:00,15.0,15.0,15.0,15.0,41116,0.0,0.0,0.0
2025-06-09 01:40:00+00:00,15.0,15.0,15.0,15.0,12091,0.0,0.0,0.0
2025-06-09 01:45:00+00:00,15.0,15.010000228881836,15.0,15.010000228881836,20573,0.0,0.0,0.0
2025-06-09 01:50:00+00:00,15.020000457763672,15.020000457763672,15.020000457763672,15.020000457763672,28251,0.0,0.0,0.0
2025-06-09 01:55:00+00:00,15.020000457763672,15.020000457763672,15.0,15.0,5200,0.0,0.0,0.0
2025-06-09 02:00:00+00:00,15.020000457763672,15.020000457763672,15.010000228881836,15.010000228881836,11150,0.0,0.0,0.0
2025-06-09 02:05:00+00:00,15.010000228881836,15.020000457763672,15.010000228881836,15.020000457763672,56253,0.0,0.0,0.0
2025-06-09 02:10:00+00:00,15.020000457763672,15.020000457763672,15.010000228881836,15.010000228881836,27010,0.0,0.0,0.0
2025-06-09 02:15:00+00:00,15.020000457763672,15.020000457763672,15.010000228881836,15.010000228881836,95229,0.0,0.0,0.0
2025-06-09 02:20:00+00:00,15.0,15.010000228881836,15.0,15.0,17000,0.0,0.0,0.0
2025-06-09 02:25:00+00:00,15.0,15.010000228881836,15.0,15.0,88110,0.0,0.0,0.0
2025-06-09 02:30:00+00:00,15.0,15.0,14.970000267028809,14.970000267028809,25950,0.0,0.0,0.0
2025-06-09 02:35:00+00:00,14.989999771118164,14.989999771118164,14.979999542236328,14.979999542236328,7612,0.0,0.0,0.0
2025-06-09 02:40:00+00:00,14.989999771118164,14.989999771118164,14.989999771118164,14.989999771118164,13000,0.0,0.0,0.0
2025-06-09 02:45:00+00:00,15.0,15.0,15.0,15.0,2100,0.0,0.0,0.0
2025-06-09 02:50:00+00:00,14.979999542236328,14.979999542236328,14.979999542236328,14.979999542236328,1100,0.0,0.0,0.0
2025-06-09 02:55:00+00:00,14.979999542236328,14.979999542236328,14.979999542236328,14.979999542236328,76129,0.0,0.0,0.0
2025-06-09 03:00:00+00:00,14.989999771118164,15.0,14.979999542236328,14.979999542236328,5109,0.0,0.0,0.0
2025-06-09 03:05:00+00:00,14.989999771118164,15.0,14.970000267028809,14.970000267028809,3454,0.0,0.0,0.0
2025-06-09 03:10:00+00:00,14.970000267028809,14.970000267028809,14.970000267028809,14.970000267028809,3000,0.0,0.0,0.0
2025-06-09 03:15:00+00:00,15.0,15.0,14.989999771118164,15.0,58146,0.0,0.0,0.0
2025-06-09 03:20:00+00:00,14.989999771118164,14.989999771118164,14.989999771118164,14.989999771118164,60100,0.0,0.0,0.0
2025-06-09 03:25:00+00:00,14.979999542236328,14.979999542236328,14.979999542236328,14.979999542236328,2000,0.0,0.0,0.0
2025-06-09 03:30:00+00:00,14.979999542236328,14.979999542236328,14.979999542236328,14.979999542236328,1000,0.0,0.0,0.0
2025-06-09 03:35:00+00:00,14.979999542236328,14.979999542236328,14.979999542236328,14.979999542236328,2286,0.0,0.0,0.0
2025-06-09 03:40:00+00:00,14.970000267028809,14.970000267028809,14.970000267028809,14.970000267028809,7120,0.0,0.0,0.0
2025-06-09 03:45:00+00:00,14.970000267028809,14.970000267028809,14.970000267028809,14.970000267028809,1180,0.0,0.0,0.0
2025-06-09 03:50:00+00:00,14.960000038146973,14.970000267028809,14.960000038146973,14.970000267028809,27320,0.0,0.0,0.0
2025-06-09 03:55:00+00:00,14.970000267028809,14.970000267028809,14.970000267028809,14.970000267028809,31003,0.0,0.0,0.0
2025-06-09 04:00:00+00:00,14.970000267028809,14.979999542236328,14.970000267028809,14.979999542236328,45000,0.0,0.0,0.0
2025-06-09 04:05:00+00:00,14.979999542236328,14.979999542236328,14.979999542236328,14.979999542236328,5000,0.0,0.0,0.0
2025-06-09 04:10:00+00:00,14.979999542236328,14.979999542236328,14.979999542236328,14.979999542236328,10349,0.0,0.0,0.0
2025-06-09 04:15:00+00:00,14.970000267028809,14.970000267028809,14.970000267028809,14.970000267028809,35000,0.0,0.0,0.0
2025-06-09 04:20:00+00:00,14.970000267028809,14.970000267028809,14.970000267028809,14.970000267028809,56420,0.0,0.0,0.0
2025-06-09 04:25:00+00:00,14.979999542236328,14.979999542236328,14.979999542236328,14.979999542236328,1734,0.0,0.0,0.0
2025-06-09 04:35:00+00:00,14.970000267028809,14.979999542236328,14.970000267028809,14.979999542236328,34100,0.0,0.0,0.0
2025-06-09 04:40:00+00:00,14.970000267028809,14.970000267028809,14.970000267028809,14.970000267028809,27165,0.0,0.0,0.0
2025-06-09 04:45:00+00:00,14.979999542236328,14.979999542236328,14.979999542236328,14.979999542236328,12100,0.0,0.0,0.0
2025-06-09 04:50:00+00:00,14.970000267028809,14.979999542236328,14.970000267028809,14.970000267028809,8000,0.0,0.0,0.0
2025-06-09 04:55:00+00:00,14.989999771118164,14.989999771118164,14.979999542236328,14.979999542236328,18200,0.0,0.0,0.0
2025-06-09 05:00:00+00:00,14.970000267028809,14.970000267028809,14.970000267028809,14.970000267028809,34247,0.0,0.0,0.0
2025-06-09 05:10:00+00:00,14.970000267028809,14.970000267028809,14.970000267028809,14.970000267028809,11578,0.0,0.0,0.0
2025-06-09 05:15:00+00:00,14.970000267028809,14.979999542236328,14.970000267028809,14.970000267028809,9638,0.0,0.0,0.0
2025-06-09 05:20:00+00:00,14.979999542236328,14.979999542236328,14.979999542236328,14.979999542236328,33162,0.0,0.0,0.0
2025-06-10 01:00:00+00:00,14.979999542236328,15.0,14.979999542236328,14.989999771118164,165000,0.0,0.0,0.0
2025-06-10 01:05:00+00:00,15.0,15.020000457763672,15.0,15.020000457763672,137455,0.0,0.0,0.0
2025-06-10 01:10:00+00:00,15.020000457763672,15.020000457763672,15.0,15.0,5413,0.0,0.0,0.0
2025-06-10 01:15:00+00:00,15.0,15.0,15.0,15.0,56000,0.0,0.0,0.0
2025-06-10 01:20:00+00:00,15.0,15.020000457763672,15.0,15.020000457763672,111026,0.0,0.0,0.0
2025-06-10 01:25:00+00:00,15.020000457763672,15.039999961853027,15.020000457763672,15.029999732971191,173720,0.0,0.0,0.0
2025-06-10 01:30:00+00:00,15.039999961853027,15.039999961853027,15.029999732971191,15.029999732971191,11483,0.0,0.0,0.0
2025-06-10 01:35:00+00:00,15.039999961853027,15.050000190734863,15.029999732971191,15.050000190734863,41110,0.0,0.0,0.0
2025-06-10 01:40:00+00:00,15.050000190734863,15.069999694824219,15.050000190734863,15.069999694824219,336356,0.0,0.0,0.0
2025-06-10 01:45:00+00:00,15.069999694824219,15.09000015258789,15.069999694824219,15.079999923706055,155766,0.0,0.0,0.0
2025-06-10 01:50:00+00:00,15.09000015258789,15.09000015258789,15.09000015258789,15.09000015258789,27700,0.0,0.0,0.0
2025-06-10 01:55:00+00:00,15.09000015258789,15.09000015258789,15.079999923706055,15.079999923706055,106100,0.0,0.0,0.0
2025-06-10 02:00:00+00:00,15.09000015258789,15.09000015258789,15.079999923706055,15.079999923706055,5200,0.0,0.0,0.0
2025-06-10 02:05:00+00:00,15.079999923706055,15.079999923706055,15.069999694824219,15.069999694824219,89311,0.0,0.0,0.0
2025-06-10 02:10:00+00:00,15.079999923706055,15.09000015258789,15.079999923706055,15.09000015258789,111209,0.0,0.0,0.0
2025-06-10 02:15:00+00:00,15.079999923706055,15.100000381469727,15.079999923706055,15.100000381469727,148671,0.0,0.0,0.0
2025-06-10 02:20:00+00:00,15.100000381469727,15.100000381469727,15.100000381469727,15.100000381469727,26148,0.0,0.0,0.0
2025-06-10 02:25:00+00:00,15.100000381469727,15.109999656677246,15.09000015258789,15.09000015258789,164150,0.0,0.0,0.0
2025-06-10 02:30:00+00:00,15.09000015258789,15.09000015258789,15.09000015258789,15.09000015258789,13000,0.0,0.0,0.0
2025-06-10 02:35:00+00:00,15.09000015258789,15.09000015258789,15.09000015258789,15.09000015258789,21250,0.0,0.0,0.0
2025-06-10 02:40:00+00:00,15.100000381469727,15.109999656677246,15.100000381469727,15.109999656677246,149729,0.0,0.0,0.0
2025-06-10 02:45:00+00:00,15.100000381469727,15.109999656677246,15.100000381469727,15.100000381469727,85000,0.0,0.0,0.0
2025-06-10 02:50:00+00:00,15.109999656677246,15.109999656677246,15.100000381469727,15.109999656677246,48252,0.0,0.0,0.0
2025-06-10 02:55:00+00:00,15.100000381469727,15.100000381469727,15.100000381469727,15.100000381469727,3000,0.0,0.0,0.0
2025-06-10 03:00:00+00:00,15.100000381469727,15.109999656677246,15.100000381469727,15.109999656677246,39454,0.0,0.0,0.0
2025-06-10 03:10:00+00:00,15.079999923706055,15.079999923706055,15.079999923706055,15.079999923706055,12000,0.0,0.0,0.0
2025-06-10 03:15:00+00:00,15.079999923706055,15.09000015258789,15.079999923706055,15.09000015258789,4080,0.0,0.0,0.0
2025-06-10 03:20:00+00:00,15.079999923706055,15.09000015258789,15.079999923706055,15.09000015258789,28059,0.0,0.0,0.0
2025-06-10 03:25:00+00:00,15.09000015258789,15.09000015258789,15.09000015258789,15.09000015258789,10498,0.0,0.0,0.0
2025-06-10 03:35:00+00:00,15.079999923706055,15.079999923706055,15.079999923706055,15.079999923706055,3220,0.0,0.0,0.0
2025-06-10 03:40:00+00:00,15.079999923706055,15.079999923706055,15.079999923706055,15.079999923706055,5000,0.0,0.0,0.0
2025-06-10 03:45:00+00:00,15.079999923706055,15.079999923706055,15.079999923706055,15.079999923706055,115792,0.0,0.0,0.0
2025-06-10 03:50:00+00:00,15.079999923706055,15.079999923706055,15.079999923706055,15.079999923706055,17001,0.0,0.0,0.0
2025-06-10 03:55:00+00:00,15.079999923706055,15.079999923706055,15.079999923706055,15.079999923706055,46000,0.0,0.0,0.0
2025-06-10 04:00:00+00:00,15.079999923706055,15.079999923706055,15.079999923706055,15.079999923706055,13945,0.0,0.0,0.0
2025-06-10 04:05:00+00:00,15.079999923706055,15.09000015258789,15.069999694824219,15.079999923706055,71040,0.0,0.0,0.0
2025-06-10 04:10:00+00:00,15.069999694824219,15.069999694824219,15.069999694824219,15.069999694824219,1000,0.0,0.0,0.0
2025-06-10 04:15:00+00:00,15.069999694824219,15.069999694824219,15.069999694824219,15.069999694824219,19140,0.0,0.0,0.0
2025-06-10 04:20:00+00:00,15.069999694824219,15.079999923706055,15.069999694824219,15.069999694824219,25000,0.0,0.0,0.0
2025-06-10 04:25:00+00:00,15.069999694824219,15.069999694824219,15.0600004196167,15.0600004196167,28170,0.0,0.0,0.0
2025-06-10 04:30:00+00:00,15.0600004196167,15.0600004196167,15.0600004196167,15.0600004196167,24000,0.0,0.0,0.0
2025-06-10 04:35:00+00:00,15.0600004196167,15.0600004196167,15.0600004196167,15.0600004196167,15000,0.0,0.0,0.0
2025-06-10 04:40:00+00:00,15.0600004196167,15.0600004196167,15.0600004196167,15.0600004196167,12000,0.0,0.0,0.0
2025-06-10 04:45:00+00:00,15.0600004196167,15.079999923706055,15.0600004196167,15.069999694824219,75019,0.0,0.0,0.0
2025-06-10 04:50:00+00:00,15.069999694824219,15.069999694824219,15.069999694824219,15.069999694824219,16686,0.0,0.0,0.0
2025-06-10 04:55:00+00:00,15.069999694824219,15.069999694824219,15.069999694824219,15.069999694824219,10009,0.0,0.0,0.0
2025-06-10 05:00:00+00:00,15.069999694824219,15.069999694824219,15.0600004196167,15.0600004196167,71002,0.0,0.0,0.0
2025-06-10 05:05:00+00:00,15.069999694824219,15.069999694824219,15.069999694824219,15.069999694824219,47332,0.0,0.0,0.0
2025-06-10 05:10:00+00:00,15.069999694824219,15.079999923706055,15.069999694824219,15.079999923706055,16000,0.0,0.0,0.0
2025-06-10 05:15:00+00:00,15.0600004196167,15.079999923706055,15.0600004196167,15.079999923706055,33024,0.0,0.0,0.0
2025-06-10 05:20:00+00:00,15.069999694824219,15.069999694824219,15.0600004196167,15.0600004196167,204538,0.0,0.0,0.0
2025-06-11 01:00:00+00:00,15.050000190734863,15.050000190734863,15.029999732971191,15.029999732971191,6000,0.0,0.0,0.0
2025-06-11 01:05:00+00:00,15.020000457763672,15.029999732971191,15.010000228881836,15.029999732971191,372421,0.0,0.0,0.0
2025-06-11 01:10:00+00:00,15.029999732971191,15.029999732971191,15.010000228881836,15.010000228881836,7370,0.0,0.0,0.0
2025-06-11 01:15:00+00:00,15.0,15.020000457763672,15.0,15.010000228881836,215628,0.0,0.0,0.0
2025-06-11 01:20:00+00:00,15.0,15.020000457763672,15.0,15.020000457763672,0,0.0,0.0,0.0
2025-06-11 01:25:00+00:00,15.010000228881836,15.020000457763672,15.010000228881836,15.020000457763672,617496,0.0,0.0,0.0
2025-06-11 01:30:00+00:00,15.020000457763672,15.020000457763672,15.0,15.0,32647,0.0,0.0,0.0
2025-06-11 01:35:00+00:00,15.010000228881836,15.020000457763672,15.010000228881836,15.020000457763672,120779,0.0,0.0,0.0
2025-06-11 01:45:00+00:00,15.010000228881836,15.010000228881836,15.010000228881836,15.010000228881836,6000,0.0,0.0,0.0
2025-06-11 01:50:00+00:00,15.020000457763672,15.029999732971191,15.020000457763672,15.020000457763672,169114,0.0,0.0,0.0
2025-06-11 01:55:00+00:00,15.010000228881836,15.010000228881836,15.0,15.0,107205,0.0,0.0,0.0
2025-06-11 02:00:00+00:00,15.0,15.010000228881836,14.989999771118164,15.010000228881836,37090,0.0,0.0,0.0
2025-06-11 02:05:00+00:00,15.010000228881836,15.020000457763672,15.010000228881836,15.020000457763672,55010,0.0,0.0,0.0
2025-06-11 02:10:00+00:00,15.020000457763672,15.029999732971191,15.020000457763672,15.029999732971191,36257,0.0,0.0,0.0
2025-06-11 02:15:00+00:00,15.029999732971191,15.029999732971191,15.029999732971191,15.029999732971191,8000,0.0,0.0,0.0
2025-06-11 02:20:00+00:00,15.029999732971191,15.039999961853027,15.029999732971191,15.039999961853027,68000,0.0,0.0,0.0
2025-06-11 02:25:00+00:00,15.029999732971191,15.029999732971191,15.029999732971191,15.029999732971191,2300,0.0,0.0,0.0
2025-06-11 02:30:00+00:00,15.029999732971191,15.029999732971191,15.029999732971191,15.029999732971191,10060,0.0,0.0,0.0
2025-06-11 02:35:00+00:00,15.029999732971191,15.029999732971191,15.029999732971191,15.029999732971191,7020,0.0,0.0,0.0
2025-06-11 02:40:00+00:00,15.029999732971191,15.029999732971191,15.029999732971191,15.029999732971191,0,0.0,0.0,0.0
2025-06-11 02:45:00+00:00,15.029999732971191,15.050000190734863,15.029999732971191,15.050000190734863,1364920,0.0,0.0,0.0
2025-06-11 02:50:00+00:00,15.050000190734863,15.050000190734863,15.050000190734863,15.050000190734863,5100,0.0,0.0,0.0
2025-06-11 02:55:00+00:00,15.050000190734863,15.050000190734863,15.050000190734863,15.050000190734863,46116,0.0,0.0,0.0
2025-06-11 03:00:00+00:00,15.050000190734863,15.050000190734863,15.050000190734863,15.050000190734863,28601,0.0,0.0,0.0
2025-06-11 03:05:00+00:00,15.050000190734863,15.069999694824219,15.050000190734863,15.069999694824219,25300,0.0,0.0,0.0
2025-06-11 03:10:00+00:00,15.069999694824219,15.069999694824219,15.0600004196167,15.0600004196167,106000,0.0,0.0,0.0
2025-06-11 03:15:00+00:00,15.0600004196167,15.079999923706055,15.0600004196167,15.069999694824219,50911,0.0,0.0,0.0
2025-06-11 03:20:00+00:00,15.079999923706055,15.09000015258789,15.079999923706055,15.09000015258789,53791,0.0,0.0,0.0
2025-06-11 03:25:00+00:00,15.09000015258789,15.100000381469727,15.09000015258789,15.100000381469727,0,0.0,0.0,0.0
2025-06-11 03:30:00+00:00,15.100000381469727,15.100000381469727,15.100000381469727,15.100000381469727,1748817,0.0,0.0,0.0
2025-06-11 03:35:00+00:00,15.09000015258789,15.09000015258789,15.09000015258789,15.09000015258789,28100,0.0,0.0,0.0
2025-06-11 03:40:00+00:00,15.09000015258789,15.09000015258789,15.09000015258789,15.09000015258789,20236,0.0,0.0,0.0
2025-06-11 03:45:00+00:00,15.079999923706055,15.09000015258789,15.079999923706055,15.079999923706055,29100,0.0,0.0,0.0
2025-06-11 03:50:00+00:00,15.079999923706055,15.079999923706055,15.079999923706055,15.079999923706055,25053,0.0,0.0,0.0
2025-06-11 03:55:00+00:00,15.079999923706055,15.09000015258789,15.079999923706055,15.09000015258789,7249,0.0,0.0,0.0
2025-06-11 04:15:00+00:00,15.09000015258789,15.09000015258789,15.09000015258789,15.09000015258789,121201,0.0,0.0,0.0
2025-06-11 04:20:00+00:00,15.079999923706055,15.09000015258789,15.079999923706055,15.09000015258789,10340,0.0,0.0,0.0
2025-06-11 04:25:00+00:00,15.079999923706055,15.09000015258789,15.079999923706055,15.09000015258789,20318,0.0,0.0,0.0
2025-06-11 04:30:00+00:00,15.09000015258789,15.100000381469727,15.09000015258789,15.100000381469727,176924,0.0,0.0,0.0
2025-06-11 04:35:00+00:00,15.09000015258789,15.100000381469727,15.09000015258789,15.09000015258789,199060,0.0,0.0,0.0
2025-06-11 04:40:00+00:00,15.100000381469727,15.100000381469727,15.09000015258789,15.09000015258789,47125,0.0,0.0,0.0
2025-06-11 04:45:00+00:00,15.09000015258789,15.09000015258789,15.09000015258789,15.09000015258789,6000,0.0,0.0,0.0
2025-06-11 04:50:00+00:00,15.100000381469727,15.100000381469727,15.100000381469727,15.100000381469727,50002,0.0,0.0,0.0
2025-06-11 04:55:00+00:00,15.100000381469727,15.100000381469727,15.100000381469727,15.100000381469727,35184,0.0,0.0,0.0
2025-06-11 05:00:00+00:00,15.09000015258789,15.100000381469727,15.09000015258789,15.100000381469727,64266,0.0,0.0,0.0
2025-06-11 05:05:00+00:00,15.09000015258789,15.09000015258789,15.09000015258789,15.09000015258789,100000,0.0,0.0,0.0
2025-06-11 05:10:00+00:00,15.09000015258789,15.100000381469727,15.09000015258789,15.100000381469727,107116,0.0,0.0,0.0
2025-06-11 05:15:00+00:00,15.100000381469727,15.100000381469727,15.09000015258789,15.100000381469727,15030,0.0,0.0,0.0
2025-06-11 05:20:00+00:00,15.100000381469727,15.100000381469727,15.09000015258789,15.09000015258789,106000,0.0,0.0,0.0
2025-06-12 01:00:00+00:00,15.09000015258789,15.109999656677246,15.09000015258789,15.109999656677246,162000,0.0,0.0,0.0
2025-06-12 01:05:00+00:00,15.100000381469727,15.130000114440918,15.100000381469727,15.119999885559082,41000,0.0,0.0,0.0
2025-06-12 01:10:00+00:00,15.119999885559082,15.130000114440918,15.119999885559082,15.119999885559082,48595,0.0,0.0,0.0
2025-06-12 01:15:00+00:00,15.109999656677246,15.109999656677246,15.109999656677246,15.109999656677246,1000,0.0,0.0,0.0
2025-06-12 01:20:00+00:00,15.109999656677246,15.119999885559082,15.100000381469727,15.119999885559082,52790,0.0,0.0,0.0
2025-06-12 01:25:00+00:00,15.119999885559082,15.119999885559082,15.109999656677246,15.109999656677246,90000,0.0,0.0,0.0
2025-06-12 01:30:00+00:00,15.119999885559082,15.130000114440918,15.119999885559082,15.119999885559082,110500,0.0,0.0,0.0
2025-06-12 01:35:00+00:00,15.119999885559082,15.119999885559082,15.109999656677246,15.109999656677246,3000,0.0,0.0,0.0
2025-06-12 01:40:00+00:00,15.100000381469727,15.109999656677246,15.100000381469727,15.109999656677246,42655,0.0,0.0,0.0
2025-06-12 01:45:00+00:00,15.09000015258789,15.09000015258789,15.09000015258789,15.09000015258789,107477,0.0,0.0,0.0
2025-06-12 01:50:00+00:00,15.100000381469727,15.100000381469727,15.100000381469727,15.100000381469727,19000,0.0,0.0,0.0
2025-06-12 01:55:00+00:00,15.100000381469727,15.109999656677246,15.100000381469727,15.100000381469727,34829,0.0,0.0,0.0
2025-06-12 02:00:00+00:00,15.100000381469727,15.100000381469727,15.100000381469727,15.100000381469727,8172,0.0,0.0,0.0
2025-06-12 02:05:00+00:00,15.100000381469727,15.100000381469727,15.100000381469727,15.100000381469727,22000,0.0,0.0,0.0
2025-06-12 02:10:00+00:00,15.100000381469727,15.100000381469727,15.100000381469727,15.100000381469727,12200,0.0,0.0,0.0
2025-06-12 02:15:00+00:00,15.100000381469727,15.100000381469727,15.100000381469727,15.100000381469727,66009,0.0,0.0,0.0
2025-06-12 02:20:00+00:00,15.100000381469727,15.100000381469727,15.100000381469727,15.100000381469727,13280,0.0,0.0,0.0
2025-06-12 02:30:00+00:00,15.100000381469727,15.100000381469727,15.100000381469727,15.100000381469727,4000,0.0,0.0,0.0
2025-06-12 02:35:00+00:00,15.100000381469727,15.109999656677246,15.100000381469727,15.109999656677246,14000,0.0,0.0,0.0
2025-06-12 02:40:00+00:00,15.100000381469727,15.100000381469727,15.100000381469727,15.100000381469727,44386,0.0,0.0,0.0
2025-06-12 02:45:00+00:00,15.100000381469727,15.100000381469727,15.100000381469727,15.100000381469727,7010,0.0,0.0,0.0
2025-06-12 02:50:00+00:00,15.100000381469727,15.100000381469727,15.100000381469727,15.100000381469727,73089,0.0,0.0,0.0
2025-06-12 02:55:00+00:00,15.100000381469727,15.109999656677246,15.100000381469727,15.100000381469727,156330,0.0,0.0,0.0
2025-06-12 03:00:00+00:00,15.100000381469727,15.100000381469727,15.100000381469727,15.100000381469727,21310,0.0,0.0,0.0
2025-06-12 03:15:00+00:00,15.109999656677246,15.109999656677246,15.109999656677246,15.109999656677246,76034,0.0,0.0,0.0
2025-06-12 03:20:00+00:00,15.100000381469727,15.100000381469727,15.100000381469727,15.100000381469727,5000,0.0,0.0,0.0
2025-06-12 03:25:00+00:00,15.100000381469727,15.100000381469727,15.100000381469727,15.100000381469727,0,0.0,0.0,0.0
2025-06-12 03:35:00+00:00,15.100000381469727,15.109999656677246,15.100000381469727,15.109999656677246,1310021,0.0,0.0,0.0
2025-06-12 03:40:00+00:00,15.109999656677246,15.109999656677246,15.109999656677246,15.109999656677246,5000,0.0,0.0,0.0
2025-06-12 03:45:00+00:00,15.109999656677246,15.109999656677246,15.109999656677246,15.109999656677246,8007,0.0,0.0,0.0
2025-06-12 03:50:00+00:00,15.109999656677246,15.109999656677246,15.109999656677246,15.109999656677246,100000,0.0,0.0,0.0
2025-06-12 03:55:00+00:00,15.109999656677246,15.109999656677246,15.109999656677246,15.109999656677246,8009,0.0,0.0,0.0
2025-06-12 04:00:00+00:00,15.100000381469727,15.109999656677246,15.100000381469727,15.109999656677246,40000,0.0,0.0,0.0
2025-06-12 04:05:00+00:00,15.109999656677246,15.109999656677246,15.109999656677246,15.109999656677246,2150,0.0,0.0,0.0
2025-06-12 04:10:00+00:00,15.109999656677246,15.109999656677246,15.109999656677246,15.109999656677246,9150,0.0,0.0,0.0
2025-06-12 04:15:00+00:00,15.100000381469727,15.100000381469727,15.100000381469727,15.100000381469727,6150,0.0,0.0,0.0
2025-06-12 04:25:00+00:00,15.100000381469727,15.100000381469727,15.100000381469727,15.100000381469727,4049,0.0,0.0,0.0
2025-06-12 04:30:00+00:00,15.100000381469727,15.100000381469727,15.100000381469727,15.100000381469727,18000,0.0,0.0,0.0
2025-06-12 04:35:00+00:00,15.100000381469727,15.100000381469727,15.100000381469727,15.100000381469727,7013,0.0,0.0,0.0
2025-06-12 04:50:00+00:00,15.09000015258789,15.09000015258789,15.09000015258789,15.09000015258789,19625,0.0,0.0,0.0
2025-06-12 04:55:00+00:00,15.09000015258789,15.09000015258789,15.09000015258789,15.09000015258789,4000,0.0,0.0,0.0
2025-06-12 05:00:00+00:00,15.09000015258789,15.09000015258789,15.09000015258789,15.09000015258789,7000,0.0,0.0,0.0
2025-06-12 05:05:00+00:00,15.09000015258789,15.09000015258789,15.09000015258789,15.09000015258789,0,0.0,0.0,0.0
2025-06-12 05:15:00+00:00,15.09000015258789,15.09000015258789,15.079999923706055,15.09000015258789,1576410,0.0,0.0,0.0
2025-06-12 05:20:00+00:00,15.09000015258789,15.100000381469727,15.09000015258789,15.09000015258789,122000,0.0,0.0,0.0
2025-06-13 01:00:00+00:00,15.050000190734863,15.050000190734863,15.020000457763672,15.020000457763672,46000,0.0,0.0,0.0
2025-06-13 01:05:00+00:00,15.010000228881836,15.029999732971191,14.989999771118164,15.020000457763672,120584,0.0,0.0,0.0
2025-06-13 01:10:00+00:00,15.020000457763672,15.020000457763672,15.0,15.0,205878,0.0,0.0,0.0
2025-06-13 01:15:00+00:00,14.989999771118164,14.989999771118164,14.989999771118164,14.989999771118164,39551,0.0,0.0,0.0
2025-06-13 01:20:00+00:00,15.0,15.010000228881836,15.0,15.0,155000,0.0,0.0,0.0
2025-06-13 01:25:00+00:00,15.0,15.010000228881836,15.0,15.010000228881836,101500,0.0,0.0,0.0
2025-06-13 01:30:00+00:00,15.010000228881836,15.039999961853027,15.010000228881836,15.039999961853027,50333,0.0,0.0,0.0
2025-06-13 01:35:00+00:00,15.039999961853027,15.079999923706055,15.039999961853027,15.079999923706055,134523,0.0,0.0,0.0
2025-06-13 01:40:00+00:00,15.079999923706055,15.079999923706055,15.069999694824219,15.069999694824219,7158,0.0,0.0,0.0
2025-06-13 01:45:00+00:00,15.069999694824219,15.09000015258789,15.069999694824219,15.09000015258789,228400,0.0,0.0,0.0
2025-06-13 01:50:00+00:00,15.079999923706055,15.09000015258789,15.079999923706055,15.09000015258789,67000,0.0,0.0,0.0
2025-06-13 01:55:00+00:00,15.100000381469727,15.109999656677246,15.100000381469727,15.109999656677246,84756,0.0,0.0,0.0
2025-06-13 02:00:00+00:00,15.119999885559082,15.119999885559082,15.119999885559082,15.119999885559082,3220,0.0,0.0,0.0
2025-06-13 02:05:00+00:00,15.109999656677246,15.109999656677246,15.109999656677246,15.109999656677246,33137,0.0,0.0,0.0
2025-06-13 02:10:00+00:00,15.109999656677246,15.119999885559082,15.109999656677246,15.119999885559082,154341,0.0,0.0,0.0
2025-06-13 02:15:00+00:00,15.119999885559082,15.130000114440918,15.119999885559082,15.130000114440918,72949,0.0,0.0,0.0
2025-06-13 02:20:00+00:00,15.130000114440918,15.149999618530273,15.130000114440918,15.130000114440918,163000,0.0,0.0,0.0
2025-06-13 02:25:00+00:00,15.119999885559082,15.119999885559082,15.109999656677246,15.119999885559082,401009,0.0,0.0,0.0
2025-06-13 02:30:00+00:00,15.130000114440918,15.130000114440918,15.100000381469727,15.100000381469727,203200,0.0,0.0,0.0
2025-06-13 02:40:00+00:00,15.079999923706055,15.079999923706055,15.0600004196167,15.0600004196167,104000,0.0,0.0,0.0
2025-06-13 02:45:00+00:00,15.050000190734863,15.079999923706055,15.050000190734863,15.079999923706055,166100,0.0,0.0,0.0
2025-06-13 02:50:00+00:00,15.079999923706055,15.09000015258789,15.079999923706055,15.09000015258789,102101,0.0,0.0,0.0
2025-06-13 02:55:00+00:00,15.079999923706055,15.100000381469727,15.079999923706055,15.100000381469727,76000,0.0,0.0,0.0
2025-06-13 03:00:00+00:00,15.109999656677246,15.109999656677246,15.09000015258789,15.09000015258789,18100,0.0,0.0,0.0
2025-06-13 03:05:00+00:00,15.09000015258789,15.09000015258789,15.079999923706055,15.09000015258789,17005,0.0,0.0,0.0
2025-06-13 03:10:00+00:00,15.09000015258789,15.100000381469727,15.09000015258789,15.100000381469727,18805,0.0,0.0,0.0
2025-06-13 03:15:00+00:00,15.109999656677246,15.109999656677246,15.109999656677246,15.109999656677246,19057,0.0,0.0,0.0
2025-06-13 03:20:00+00:00,15.109999656677246,15.109999656677246,15.109999656677246,15.109999656677246,28000,0.0,0.0,0.0
2025-06-13 03:25:00+00:00,15.119999885559082,15.119999885559082,15.119999885559082,15.119999885559082,27911,0.0,0.0,0.0
2025-06-13 03:35:00+00:00,15.109999656677246,15.109999656677246,15.109999656677246,15.109999656677246,8060,0.0,0.0,0.0
2025-06-13 03:40:00+00:00,15.100000381469727,15.109999656677246,15.100000381469727,15.100000381469727,59037,0.0,0.0,0.0
2025-06-13 03:45:00+00:00,15.09000015258789,15.109999656677246,15.09000015258789,15.100000381469727,18070,0.0,0.0,0.0
2025-06-13 03:50:00+00:00,15.100000381469727,15.109999656677246,15.100000381469727,15.109999656677246,18059,0.0,0.0,0.0
2025-06-13 03:55:00+00:00,15.109999656677246,15.109999656677246,15.109999656677246,15.109999656677246,7000,0.0,0.0,0.0
2025-06-13 04:05:00+00:00,15.109999656677246,15.119999885559082,15.100000381469727,15.100000381469727,8000,0.0,0.0,0.0
2025-06-13 04:10:00+00:00,15.100000381469727,15.109999656677246,15.100000381469727,15.109999656677246,24000,0.0,0.0,0.0
2025-06-13 04:20:00+00:00,15.100000381469727,15.100000381469727,15.100000381469727,15.100000381469727,56100,0.0,0.0,0.0
2025-06-13 04:30:00+00:00,15.100000381469727,15.100000381469727,15.100000381469727,15.100000381469727,114102,0.0,0.0,0.0
2025-06-13 04:35:00+00:00,15.100000381469727,15.100000381469727,15.100000381469727,15.100000381469727,214000,0.0,0.0,0.0
2025-06-13 04:40:00+00:00,15.100000381469727,15.100000381469727,15.100000381469727,15.100000381469727,34500,0.0,0.0,0.0
2025-06-13 04:45:00+00:00,15.100000381469727,15.100000381469727,15.100000381469727,15.100000381469727,6400,0.0,0.0,0.0
2025-06-13 04:50:00+00:00,15.100000381469727,15.100000381469727,15.100000381469727,15.100000381469727,3300,0.0,0.0,0.0
2025-06-13 04:55:00+00:00,15.100000381469727,15.100000381469727,15.100000381469727,15.100000381469727,3077,0.0,0.0,0.0
2025-06-13 05:00:00+00:00,15.09000015258789,15.09000015258789,15.09000015258789,15.09000015258789,3000,0.0,0.0,0.0
2025-06-13 05:05:00+00:00,15.079999923706055,15.079999923706055,15.079999923706055,15.079999923706055,2022,0.0,0.0,0.0
2025-06-13 05:10:00+00:00,15.079999923706055,15.079999923706055,15.079999923706055,15.079999923706055,101299,0.0,0.0,0.0
2025-06-13 05:15:00+00:00,15.069999694824219,15.069999694824219,15.069999694824219,15.069999694824219,1010,0.0,0.0,0.0
2025-06-13 05:20:00+00:00,15.0600004196167,15.0600004196167,15.0600004196167,15.0600004196167,26055,0.0,0.0,0.0
2025-06-16 01:00:00+00:00,15.020000457763672,15.050000190734863,15.020000457763672,15.029999732971191,0,0.0,0.0,0.0
2025-06-16 01:05:00+00:00,15.010000228881836,15.020000457763672,15.010000228881836,15.020000457763672,176900,0.0,0.0,0.0
2025-06-16 01:10:00+00:00,15.020000457763672,15.050000190734863,15.020000457763672,15.039999961853027,117674,0.0,0.0,0.0
2025-06-16 01:15:00+00:00,15.050000190734863,15.050000190734863,15.050000190734863,15.050000190734863,55068,0.0,0.0,0.0
2025-06-16 01:20:00+00:00,15.050000190734863,15.050000190734863,15.050000190734863,15.050000190734863,2042,0.0,0.0,0.0
2025-06-16 01:25:00+00:00,15.050000190734863,15.0600004196167,15.050000190734863,15.050000190734863,84359,0.0,0.0,0.0
2025-06-16 01:30:00+00:00,15.0600004196167,15.069999694824219,15.0600004196167,15.069999694824219,141288,0.0,0.0,0.0
2025-06-16 01:35:00+00:00,15.079999923706055,15.079999923706055,15.079999923706055,15.079999923706055,20000,0.0,0.0,0.0
2025-06-16 01:40:00+00:00,15.079999923706055,15.079999923706055,15.079999923706055,15.079999923706055,11000,0.0,0.0,0.0
2025-06-16 01:45:00+00:00,15.079999923706055,15.100000381469727,15.079999923706055,15.09000015258789,34246,0.0,0.0,0.0
2025-06-16 01:50:00+00:00,15.09000015258789,15.100000381469727,15.09000015258789,15.100000381469727,14272,0.0,0.0,0.0
2025-06-16 01:55:00+00:00,15.09000015258789,15.09000015258789,15.09000015258789,15.09000015258789,1439,0.0,0.0,0.0
2025-06-16 02:00:00+00:00,15.09000015258789,15.09000015258789,15.069999694824219,15.069999694824219,19100,0.0,0.0,0.0
2025-06-16 02:05:00+00:00,15.069999694824219,15.079999923706055,15.069999694824219,15.079999923706055,32009,0.0,0.0,0.0
2025-06-16 02:10:00+00:00,15.079999923706055,15.079999923706055,15.079999923706055,15.079999923706055,62000,0.0,0.0,0.0
2025-06-16 02:15:00+00:00,15.069999694824219,15.079999923706055,15.069999694824219,15.079999923706055,17309,0.0,0.0,0.0
2025-06-16 02:20:00+00:00,15.069999694824219,15.069999694824219,15.069999694824219,15.069999694824219,6255,0.0,0.0,0.0
2025-06-16 02:25:00+00:00,15.069999694824219,15.069999694824219,15.069999694824219,15.069999694824219,55554,0.0,0.0,0.0
2025-06-16 02:30:00+00:00,15.079999923706055,15.09000015258789,15.079999923706055,15.09000015258789,135100,0.0,0.0,0.0
2025-06-16 02:35:00+00:00,15.09000015258789,15.09000015258789,15.09000015258789,15.09000015258789,9554,0.0,0.0,0.0
2025-06-16 02:40:00+00:00,15.09000015258789,15.09000015258789,15.079999923706055,15.09000015258789,51100,0.0,0.0,0.0
2025-06-16 02:45:00+00:00,15.100000381469727,15.100000381469727,15.079999923706055,15.079999923706055,18515,0.0,0.0,0.0
2025-06-16 02:55:00+00:00,15.09000015258789,15.09000015258789,15.09000015258789,15.09000015258789,4119,0.0,0.0,0.0
2025-06-16 03:00:00+00:00,15.100000381469727,15.100000381469727,15.09000015258789,15.09000015258789,4480,0.0,0.0,0.0
2025-06-16 03:05:00+00:00,15.09000015258789,15.09000015258789,15.09000015258789,15.09000015258789,4235,0.0,0.0,0.0
2025-06-16 03:15:00+00:00,15.079999923706055,15.079999923706055,15.079999923706055,15.079999923706055,2010,0.0,0.0,0.0
2025-06-16 03:20:00+00:00,15.079999923706055,15.09000015258789,15.079999923706055,15.09000015258789,15109,0.0,0.0,0.0
2025-06-16 03:25:00+00:00,15.09000015258789,15.09000015258789,15.079999923706055,15.09000015258789,28030,0.0,0.0,0.0
2025-06-16 03:30:00+00:00,15.09000015258789,15.09000015258789,15.09000015258789,15.09000015258789,15078,0.0,0.0,0.0
2025-06-16 03:35:00+00:00,15.09000015258789,15.09000015258789,15.09000015258789,15.09000015258789,11000,0.0,0.0,0.0
2025-06-16 03:40:00+00:00,15.079999923706055,15.09000015258789,15.079999923706055,15.079999923706055,15009,0.0,0.0,0.0
2025-06-16 03:45:00+00:00,15.079999923706055,15.079999923706055,15.079999923706055,15.079999923706055,35100,0.0,0.0,0.0
2025-06-16 03:50:00+00:00,15.079999923706055,15.09000015258789,15.079999923706055,15.09000015258789,93019,0.0,0.0,0.0
2025-06-16 03:55:00+00:00,15.09000015258789,15.09000015258789,15.079999923706055,15.09000015258789,57080,0.0,0.0,0.0
2025-06-16 04:00:00+00:00,15.09000015258789,15.09000015258789,15.09000015258789,15.09000015258789,12109,0.0,0.0,0.0
2025-06-16 04:05:00+00:00,15.09000015258789,15.09000015258789,15.079999923706055,15.079999923706055,7250,0.0,0.0,0.0
2025-06-16 04:10:00+00:00,15.09000015258789,15.09000015258789,15.079999923706055,15.079999923706055,33873,0.0,0.0,0.0
2025-06-16 04:15:00+00:00,15.09000015258789,15.09000015258789,15.09000015258789,15.09000015258789,11000,0.0,0.0,0.0
2025-06-16 04:20:00+00:00,15.09000015258789,15.09000015258789,15.09000015258789,15.09000015258789,1009,0.0,0.0,0.0
2025-06-16 04:25:00+00:00,15.09000015258789,15.09000015258789,15.09000015258789,15.09000015258789,19246,0.0,0.0,0.0
2025-06-16 04:30:00+00:00,15.09000015258789,15.09000015258789,15.09000015258789,15.09000015258789,7109,0.0,0.0,0.0
2025-06-16 04:35:00+00:00,15.09000015258789,15.09000015258789,15.09000015258789,15.09000015258789,14100,0.0,0.0,0.0
2025-06-16 04:40:00+00:00,15.09000015258789,15.100000381469727,15.09000015258789,15.09000015258789,217309,0.0,0.0,0.0
2025-06-16 04:45:00+00:00,15.09000015258789,15.09000015258789,15.09000015258789,15.09000015258789,11172,0.0,0.0,0.0
2025-06-16 04:50:00+00:00,15.09000015258789,15.09000015258789,15.09000015258789,15.09000015258789,15752,0.0,0.0,0.0
2025-06-16 04:55:00+00:00,15.09000015258789,15.100000381469727,15.09000015258789,15.100000381469727,24182,0.0,0.0,0.0
2025-06-16 05:10:00+00:00,15.100000381469727,15.100000381469727,15.100000381469727,15.100000381469727,45000,0.0,0.0,0.0
2025-06-16 05:15:00+00:00,15.100000381469727,15.100000381469727,15.09000015258789,15.09000015258789,10147,0.0,0.0,0.0
2025-06-16 05:20:00+00:00,15.100000381469727,15.100000381469727,15.09000015258789,15.09000015258789,12686,0.0,0.0,0.0
2025-06-17 01:00:00+00:00,15.119999885559082,15.140000343322754,15.119999885559082,15.130000114440918,164000,0.0,0.0,0.0
2025-06-17 01:05:00+00:00,15.130000114440918,15.140000343322754,15.130000114440918,15.130000114440918,27685,0.0,0.0,0.0
2025-06-17 01:10:00+00:00,15.140000343322754,15.140000343322754,15.140000343322754,15.140000343322754,54335,0.0,0.0,0.0
2025-06-17 01:15:00+00:00,15.130000114440918,15.130000114440918,15.130000114440918,15.130000114440918,10654,0.0,0.0,0.0
2025-06-17 01:20:00+00:00,15.119999885559082,15.130000114440918,15.119999885559082,15.119999885559082,121107,0.0,0.0,0.0
2025-06-17 01:25:00+00:00,15.119999885559082,15.119999885559082,15.119999885559082,15.119999885559082,2178,0.0,0.0,0.0
2025-06-17 01:30:00+00:00,15.119999885559082,15.119999885559082,15.119999885559082,15.119999885559082,115000,0.0,0.0,0.0
2025-06-17 01:35:00+00:00,15.119999885559082,15.119999885559082,15.119999885559082,15.119999885559082,36332,0.0,0.0,0.0
2025-06-17 01:40:00+00:00,15.119999885559082,15.119999885559082,15.119999885559082,15.119999885559082,5500,0.0,0.0,0.0
2025-06-17 01:45:00+00:00,15.119999885559082,15.119999885559082,15.119999885559082,15.119999885559082,30040,0.0,0.0,0.0
2025-06-17 01:50:00+00:00,15.119999885559082,15.119999885559082,15.119999885559082,15.119999885559082,17000,0.0,0.0,0.0
2025-06-17 01:55:00+00:00,15.109999656677246,15.109999656677246,15.109999656677246,15.109999656677246,2615,0.0,0.0,0.0
2025-06-17 02:00:00+00:00,15.109999656677246,15.109999656677246,15.100000381469727,15.100000381469727,12055,0.0,0.0,0.0
2025-06-17 02:05:00+00:00,15.100000381469727,15.100000381469727,15.09000015258789,15.09000015258789,3000,0.0,0.0,0.0
2025-06-17 02:10:00+00:00,15.09000015258789,15.100000381469727,15.09000015258789,15.100000381469727,25100,0.0,0.0,0.0
2025-06-17 02:15:00+00:00,15.079999923706055,15.09000015258789,15.079999923706055,15.09000015258789,12200,0.0,0.0,0.0
2025-06-17 02:25:00+00:00,15.079999923706055,15.079999923706055,15.069999694824219,15.069999694824219,36000,0.0,0.0,0.0
2025-06-17 02:30:00+00:00,15.069999694824219,15.069999694824219,15.069999694824219,15.069999694824219,12154,0.0,0.0,0.0
2025-06-17 02:35:00+00:00,15.069999694824219,15.069999694824219,15.069999694824219,15.069999694824219,9154,0.0,0.0,0.0
2025-06-17 02:40:00+00:00,15.069999694824219,15.09000015258789,15.069999694824219,15.09000015258789,25000,0.0,0.0,0.0
2025-06-17 02:45:00+00:00,15.079999923706055,15.079999923706055,15.079999923706055,15.079999923706055,3000,0.0,0.0,0.0
2025-06-17 02:50:00+00:00,15.079999923706055,15.09000015258789,15.079999923706055,15.09000015258789,48355,0.0,0.0,0.0
2025-06-17 02:55:00+00:00,15.09000015258789,15.09000015258789,15.09000015258789,15.09000015258789,13390,0.0,0.0,0.0
2025-06-17 03:00:00+00:00,15.100000381469727,15.100000381469727,15.09000015258789,15.09000015258789,26265,0.0,0.0,0.0
2025-06-17 03:05:00+00:00,15.100000381469727,15.100000381469727,15.100000381469727,15.100000381469727,30000,0.0,0.0,0.0
2025-06-17 03:10:00+00:00,15.100000381469727,15.100000381469727,15.100000381469727,15.100000381469727,98100,0.0,0.0,0.0
2025-06-17 03:15:00+00:00,15.100000381469727,15.100000381469727,15.100000381469727,15.100000381469727,9080,0.0,0.0,0.0
2025-06-17 03:20:00+00:00,15.100000381469727,15.100000381469727,15.100000381469727,15.100000381469727,17000,0.0,0.0,0.0
2025-06-17 03:25:00+00:00,15.100000381469727,15.100000381469727,15.100000381469727,15.100000381469727,16000,0.0,0.0,0.0
2025-06-17 03:30:00+00:00,15.100000381469727,15.100000381469727,15.100000381469727,15.100000381469727,64400,0.0,0.0,0.0
2025-06-17 03:35:00+00:00,15.100000381469727,15.100000381469727,15.100000381469727,15.100000381469727,27000,0.0,0.0,0.0
2025-06-17 03:40:00+00:00,15.109999656677246,15.109999656677246,15.109999656677246,15.109999656677246,34489,0.0,0.0,0.0
2025-06-17 03:45:00+00:00,15.109999656677246,15.109999656677246,15.109999656677246,15.109999656677246,200100,0.0,0.0,0.0
2025-06-17 03:50:00+00:00,15.109999656677246,15.109999656677246,15.109999656677246,15.109999656677246,5000,0.0,0.0,0.0
2025-06-17 03:55:00+00:00,15.109999656677246,15.109999656677246,15.100000381469727,15.100000381469727,42000,0.0,0.0,0.0
2025-06-17 04:00:00+00:00,15.100000381469727,15.100000381469727,15.100000381469727,15.100000381469727,10010,0.0,0.0,0.0
2025-06-17 04:05:00+00:00,15.100000381469727,15.109999656677246,15.100000381469727,15.109999656677246,6050,0.0,0.0,0.0
2025-06-17 04:10:00+00:00,15.100000381469727,15.100000381469727,15.100000381469727,15.100000381469727,20000,0.0,0.0,0.0
2025-06-17 04:15:00+00:00,15.100000381469727,15.100000381469727,15.09000015258789,15.09000015258789,71000,0.0,0.0,0.0
2025-06-17 04:20:00+00:00,15.100000381469727,15.100000381469727,15.09000015258789,15.100000381469727,10010,0.0,0.0,0.0
2025-06-17 04:25:00+00:00,15.109999656677246,15.119999885559082,15.109999656677246,15.119999885559082,53547,0.0,0.0,0.0
2025-06-17 04:30:00+00:00,15.119999885559082,15.130000114440918,15.119999885559082,15.130000114440918,300100,0.0,0.0,0.0
2025-06-17 04:35:00+00:00,15.130000114440918,15.130000114440918,15.130000114440918,15.130000114440918,20452,0.0,0.0,0.0
2025-06-17 04:40:00+00:00,15.130000114440918,15.140000343322754,15.130000114440918,15.140000343322754,203000,0.0,0.0,0.0
2025-06-17 04:45:00+00:00,15.140000343322754,15.140000343322754,15.140000343322754,15.140000343322754,58181,0.0,0.0,0.0
2025-06-17 04:50:00+00:00,15.140000343322754,15.140000343322754,15.140000343322754,15.140000343322754,39003,0.0,0.0,0.0
2025-06-17 04:55:00+00:00,15.130000114440918,15.130000114440918,15.119999885559082,15.119999885559082,103300,0.0,0.0,0.0
2025-06-17 05:00:00+00:00,15.109999656677246,15.109999656677246,15.109999656677246,15.109999656677246,1000,0.0,0.0,0.0
2025-06-17 05:05:00+00:00,15.100000381469727,15.100000381469727,15.09000015258789,15.09000015258789,14000,0.0,0.0,0.0
2025-06-17 05:10:00+00:00,15.09000015258789,15.100000381469727,15.09000015258789,15.100000381469727,24047,0.0,0.0,0.0
2025-06-17 05:15:00+00:00,15.100000381469727,15.100000381469727,15.100000381469727,15.100000381469727,1012,0.0,0.0,0.0
2025-06-17 05:20:00+00:00,15.100000381469727,15.100000381469727,15.100000381469727,15.100000381469727,6150,0.0,0.0,0.0
2025-06-18 01:00:00+00:00,15.079999923706055,15.079999923706055,15.079999923706055,15.079999923706055,11000,0.0,0.0,0.0
2025-06-18 01:05:00+00:00,15.039999961853027,15.039999961853027,15.020000457763672,15.020000457763672,182834,0.0,0.0,0.0
2025-06-18 01:10:00+00:00,15.0,15.010000228881836,15.0,15.010000228881836,21451,0.0,0.0,0.0
2025-06-18 01:15:00+00:00,15.010000228881836,15.010000228881836,15.0,15.010000228881836,80810,0.0,0.0,0.0
2025-06-18 01:20:00+00:00,15.0,15.020000457763672,15.0,15.020000457763672,13000,0.0,0.0,0.0
2025-06-18 01:25:00+00:00,15.020000457763672,15.020000457763672,15.010000228881836,15.010000228881836,11395,0.0,0.0,0.0
2025-06-18 01:30:00+00:00,15.010000228881836,15.020000457763672,15.010000228881836,15.020000457763672,12000,0.0,0.0,0.0
2025-06-18 01:35:00+00:00,15.029999732971191,15.039999961853027,15.029999732971191,15.039999961853027,16235,0.0,0.0,0.0
2025-06-18 01:45:00+00:00,15.039999961853027,15.039999961853027,15.039999961853027,15.039999961853027,100050,0.0,0.0,0.0
2025-06-18 01:50:00+00:00,15.039999961853027,15.050000190734863,15.039999961853027,15.050000190734863,277000,0.0,0.0,0.0
2025-06-18 01:55:00+00:00,15.050000190734863,15.0600004196167,15.050000190734863,15.0600004196167,11889,0.0,0.0,0.0
2025-06-18 02:10:00+00:00,15.050000190734863,15.0600004196167,15.050000190734863,15.050000190734863,42195,0.0,0.0,0.0
2025-06-18 02:15:00+00:00,15.050000190734863,15.069999694824219,15.050000190734863,15.069999694824219,6707,0.0,0.0,0.0
2025-06-18 02:20:00+00:00,15.050000190734863,15.069999694824219,15.050000190734863,15.069999694824219,23217,0.0,0.0,0.0
2025-06-18 02:25:00+00:00,15.079999923706055,15.079999923706055,15.0600004196167,15.0600004196167,3333,0.0,0.0,0.0
2025-06-18 02:35:00+00:00,15.079999923706055,15.09000015258789,15.079999923706055,15.09000015258789,53160,0.0,0.0,0.0
2025-06-18 02:40:00+00:00,15.079999923706055,15.079999923706055,15.079999923706055,15.079999923706055,1000,0.0,0.0,0.0
2025-06-18 02:45:00+00:00,15.079999923706055,15.09000015258789,15.079999923706055,15.09000015258789,5002,0.0,0.0,0.0
2025-06-18 02:50:00+00:00,15.100000381469727,15.100000381469727,15.09000015258789,15.09000015258789,60035,0.0,0.0,0.0
2025-06-18 02:55:00+00:00,15.09000015258789,15.09000015258789,15.09000015258789,15.09000015258789,30305,0.0,0.0,0.0
2025-06-18 03:00:00+00:00,15.09000015258789,15.09000015258789,15.09000015258789,15.09000015258789,3100,0.0,0.0,0.0
2025-06-18 03:05:00+00:00,15.079999923706055,15.079999923706055,15.069999694824219,15.069999694824219,5048,0.0,0.0,0.0
2025-06-18 03:10:00+00:00,15.069999694824219,15.069999694824219,15.069999694824219,15.069999694824219,1360,0.0,0.0,0.0
2025-06-18 03:15:00+00:00,15.0600004196167,15.0600004196167,15.0600004196167,15.0600004196167,1150,0.0,0.0,0.0
2025-06-18 03:20:00+00:00,15.069999694824219,15.069999694824219,15.069999694824219,15.069999694824219,12000,0.0,0.0,0.0
2025-06-18 03:25:00+00:00,15.069999694824219,15.079999923706055,15.069999694824219,15.079999923706055,13056,0.0,0.0,0.0
2025-06-18 03:30:00+00:00,15.069999694824219,15.069999694824219,15.069999694824219,15.069999694824219,3624,0.0,0.0,0.0
2025-06-18 03:40:00+00:00,15.069999694824219,15.069999694824219,15.069999694824219,15.069999694824219,2000,0.0,0.0,0.0
2025-06-18 03:45:00+00:00,15.069999694824219,15.069999694824219,15.069999694824219,15.069999694824219,5000,0.0,0.0,0.0
2025-06-18 03:50:00+00:00,15.069999694824219,15.069999694824219,15.069999694824219,15.069999694824219,1890,0.0,0.0,0.0
2025-06-18 03:55:00+00:00,15.069999694824219,15.069999694824219,15.069999694824219,15.069999694824219,1100,0.0,0.0,0.0
2025-06-18 04:00:00+00:00,15.069999694824219,15.069999694824219,15.069999694824219,15.069999694824219,4000,0.0,0.0,0.0
2025-06-18 04:05:00+00:00,15.0600004196167,15.0600004196167,15.0600004196167,15.0600004196167,1000,0.0,0.0,0.0
2025-06-18 04:10:00+00:00,15.0600004196167,15.0600004196167,15.0600004196167,15.0600004196167,218781,0.0,0.0,0.0
2025-06-18 04:15:00+00:00,15.050000190734863,15.050000190734863,15.050000190734863,15.050000190734863,5069,0.0,0.0,0.0
2025-06-18 04:20:00+00:00,15.050000190734863,15.050000190734863,15.050000190734863,15.050000190734863,5525,0.0,0.0,0.0
2025-06-18 04:30:00+00:00,15.039999961853027,15.039999961853027,15.029999732971191,15.029999732971191,5643,0.0,0.0,0.0
2025-06-18 04:35:00+00:00,15.020000457763672,15.020000457763672,15.020000457763672,15.020000457763672,193500,0.0,0.0,0.0
2025-06-18 04:40:00+00:00,15.020000457763672,15.029999732971191,15.020000457763672,15.029999732971191,19240,0.0,0.0,0.0
2025-06-18 04:55:00+00:00,15.039999961853027,15.039999961853027,15.039999961853027,15.039999961853027,13002,0.0,0.0,0.0
2025-06-18 05:00:00+00:00,15.039999961853027,15.050000190734863,15.039999961853027,15.050000190734863,17034,0.0,0.0,0.0
2025-06-18 05:10:00+00:00,15.050000190734863,15.0600004196167,15.050000190734863,15.050000190734863,41122,0.0,0.0,0.0
2025-06-18 05:15:00+00:00,15.039999961853027,15.050000190734863,15.039999961853027,15.039999961853027,31426,0.0,0.0,0.0
2025-06-18 05:20:00+00:00,15.039999961853027,15.050000190734863,15.039999961853027,15.050000190734863,22235,0.0,0.0,0.0
2025-06-19 01:00:00+00:00,15.029999732971191,15.029999732971191,15.010000228881836,15.010000228881836,14000,0.0,0.0,0.0
2025-06-19 01:05:00+00:00,15.0,15.0,15.0,15.0,14478,0.0,0.0,0.0
2025-06-19 01:10:00+00:00,15.0,15.0,15.0,15.0,4153,0.0,0.0,0.0
2025-06-19 01:20:00+00:00,14.989999771118164,14.989999771118164,14.989999771118164,14.989999771118164,354391,0.0,0.0,0.0
2025-06-19 01:25:00+00:00,14.989999771118164,14.989999771118164,14.989999771118164,14.989999771118164,140059,0.0,0.0,0.0
2025-06-19 01:30:00+00:00,14.989999771118164,15.0,14.989999771118164,15.0,37110,0.0,0.0,0.0
2025-06-19 01:35:00+00:00,14.989999771118164,14.989999771118164,14.970000267028809,14.970000267028809,674805,0.0,0.0,0.0
2025-06-19 01:40:00+00:00,14.970000267028809,14.979999542236328,14.970000267028809,14.979999542236328,158000,0.0,0.0,0.0
2025-06-19 01:45:00+00:00,14.979999542236328,14.979999542236328,14.960000038146973,14.960000038146973,12012,0.0,0.0,0.0
2025-06-19 01:50:00+00:00,14.960000038146973,14.960000038146973,14.960000038146973,14.960000038146973,16887,0.0,0.0,0.0
2025-06-19 02:00:00+00:00,14.979999542236328,14.979999542236328,14.979999542236328,14.979999542236328,5627,0.0,0.0,0.0
2025-06-19 02:05:00+00:00,14.979999542236328,14.979999542236328,14.979999542236328,14.979999542236328,1343,0.0,0.0,0.0
2025-06-19 02:15:00+00:00,14.979999542236328,14.979999542236328,14.979999542236328,14.979999542236328,2290,0.0,0.0,0.0
2025-06-19 02:20:00+00:00,14.960000038146973,14.970000267028809,14.949999809265137,14.949999809265137,16365,0.0,0.0,0.0
2025-06-19 02:25:00+00:00,14.960000038146973,14.960000038146973,14.9399995803833,14.9399995803833,429000,0.0,0.0,0.0
2025-06-19 02:30:00+00:00,14.970000267028809,14.970000267028809,14.970000267028809,14.970000267028809,2143,0.0,0.0,0.0
2025-06-19 02:35:00+00:00,14.9399995803833,14.9399995803833,14.9399995803833,14.9399995803833,101102,0.0,0.0,0.0
2025-06-19 02:45:00+00:00,14.9399995803833,14.960000038146973,14.9399995803833,14.960000038146973,3590,0.0,0.0,0.0
2025-06-19 02:50:00+00:00,14.949999809265137,14.949999809265137,14.949999809265137,14.949999809265137,7000,0.0,0.0,0.0
2025-06-19 02:55:00+00:00,14.9399995803833,14.9399995803833,14.930000305175781,14.930000305175781,355311,0.0,0.0,0.0
2025-06-19 03:05:00+00:00,14.930000305175781,14.930000305175781,14.930000305175781,14.930000305175781,1050,0.0,0.0,0.0
2025-06-19 03:15:00+00:00,14.930000305175781,14.930000305175781,14.930000305175781,14.930000305175781,10150,0.0,0.0,0.0
2025-06-19 03:20:00+00:00,14.930000305175781,14.930000305175781,14.930000305175781,14.930000305175781,31128,0.0,0.0,0.0
2025-06-19 03:40:00+00:00,14.949999809265137,14.949999809265137,14.949999809265137,14.949999809265137,1000,0.0,0.0,0.0
2025-06-19 03:45:00+00:00,14.9399995803833,14.9399995803833,14.930000305175781,14.930000305175781,26000,0.0,0.0,0.0
2025-06-19 03:50:00+00:00,14.930000305175781,14.930000305175781,14.930000305175781,14.930000305175781,1872,0.0,0.0,0.0
2025-06-19 04:00:00+00:00,14.9399995803833,14.9399995803833,14.9399995803833,14.9399995803833,4000,0.0,0.0,0.0
2025-06-19 04:05:00+00:00,14.9399995803833,14.9399995803833,14.9399995803833,14.9399995803833,1510,0.0,0.0,0.0
2025-06-19 04:15:00+00:00,14.9399995803833,14.9399995803833,14.9399995803833,14.9399995803833,6110,0.0,0.0,0.0
2025-06-19 04:20:00+00:00,14.9399995803833,14.9399995803833,14.9399995803833,14.9399995803833,5000,0.0,0.0,0.0
2025-06-19 04:25:00+00:00,14.9399995803833,14.9399995803833,14.930000305175781,14.930000305175781,6325,0.0,0.0,0.0
2025-06-19 04:30:00+00:00,14.930000305175781,14.930000305175781,14.920000076293945,14.920000076293945,31578,0.0,0.0,0.0
2025-06-19 04:35:00+00:00,14.920000076293945,14.920000076293945,14.920000076293945,14.920000076293945,4252,0.0,0.0,0.0
2025-06-19 04:45:00+00:00,14.930000305175781,14.930000305175781,14.930000305175781,14.930000305175781,4944,0.0,0.0,0.0
2025-06-19 05:00:00+00:00,14.920000076293945,14.920000076293945,14.899999618530273,14.899999618530273,38747,0.0,0.0,0.0
2025-06-19 05:05:00+00:00,14.899999618530273,14.899999618530273,14.899999618530273,14.899999618530273,34033,0.0,0.0,0.0
2025-06-19 05:15:00+00:00,14.920000076293945,14.920000076293945,14.920000076293945,14.920000076293945,1225,0.0,0.0,0.0
2025-06-19 05:20:00+00:00,14.90999984741211,14.90999984741211,14.90999984741211,14.90999984741211,9021,0.0,0.0,0.0
2025-06-20 01:00:00+00:00,14.899999618530273,14.899999618530273,14.899999618530273,14.899999618530273,4000,0.0,0.0,0.0
2025-06-20 01:05:00+00:00,14.899999618530273,14.90999984741211,14.880000114440918,14.899999618530273,217000,0.0,0.0,0.0
2025-06-20 01:10:00+00:00,14.880000114440918,14.880000114440918,14.880000114440918,14.880000114440918,2177,0.0,0.0,0.0
2025-06-20 01:15:00+00:00,14.869999885559082,14.869999885559082,14.869999885559082,14.869999885559082,1000,0.0,0.0,0.0
2025-06-20 01:20:00+00:00,14.859999656677246,14.859999656677246,14.84000015258789,14.84000015258789,19986,0.0,0.0,0.0
2025-06-20 01:25:00+00:00,14.829999923706055,14.84000015258789,14.8100004196167,14.8100004196167,11320,0.0,0.0,0.0
2025-06-20 01:30:00+00:00,14.8100004196167,14.819999694824219,14.800000190734863,14.800000190734863,24290,0.0,0.0,0.0
2025-06-20 01:35:00+00:00,14.800000190734863,14.800000190734863,14.779999732971191,14.779999732971191,49318,0.0,0.0,0.0
2025-06-20 01:40:00+00:00,14.770000457763672,14.779999732971191,14.760000228881836,14.760000228881836,38852,0.0,0.0,0.0
2025-06-20 01:45:00+00:00,14.75,14.760000228881836,14.75,14.75,46240,0.0,0.0,0.0
2025-06-20 01:50:00+00:00,14.75,14.760000228881836,14.75,14.75,10354,0.0,0.0,0.0
2025-06-20 01:55:00+00:00,14.75,14.75,14.75,14.75,3150,0.0,0.0,0.0
2025-06-20 02:00:00+00:00,14.75,14.75,14.75,14.75,39000,0.0,0.0,0.0
2025-06-20 02:05:00+00:00,14.760000228881836,14.760000228881836,14.75,14.75,41862,0.0,0.0,0.0
2025-06-20 02:10:00+00:00,14.75,14.75,14.75,14.75,4000,0.0,0.0,0.0
2025-06-20 02:15:00+00:00,14.760000228881836,14.760000228881836,14.760000228881836,14.760000228881836,3000,0.0,0.0,0.0
2025-06-20 02:20:00+00:00,14.760000228881836,14.760000228881836,14.760000228881836,14.760000228881836,2000,0.0,0.0,0.0
2025-06-20 02:25:00+00:00,14.760000228881836,14.760000228881836,14.760000228881836,14.760000228881836,4030,0.0,0.0,0.0
2025-06-20 02:30:00+00:00,14.760000228881836,14.760000228881836,14.75,14.760000228881836,15000,0.0,0.0,0.0
2025-06-20 02:40:00+00:00,14.770000457763672,14.770000457763672,14.770000457763672,14.770000457763672,1000,0.0,0.0,0.0
2025-06-20 02:45:00+00:00,14.770000457763672,14.770000457763672,14.760000228881836,14.770000457763672,12871,0.0,0.0,0.0
2025-06-20 02:55:00+00:00,14.75,14.75,14.75,14.75,173436,0.0,0.0,0.0
2025-06-20 03:00:00+00:00,14.75,14.75,14.75,14.75,2330,0.0,0.0,0.0
2025-06-20 03:10:00+00:00,14.75,14.75,14.739999771118164,14.739999771118164,8546,0.0,0.0,0.0
2025-06-20 03:20:00+00:00,14.739999771118164,14.75,14.739999771118164,14.739999771118164,15775,0.0,0.0,0.0
2025-06-20 03:25:00+00:00,14.75,14.75,14.75,14.75,1000,0.0,0.0,0.0
2025-06-20 03:30:00+00:00,14.760000228881836,14.760000228881836,14.75,14.75,107150,0.0,0.0,0.0
2025-06-20 03:35:00+00:00,14.760000228881836,14.770000457763672,14.760000228881836,14.770000457763672,65550,0.0,0.0,0.0
2025-06-20 03:45:00+00:00,14.770000457763672,14.770000457763672,14.770000457763672,14.770000457763672,2000,0.0,0.0,0.0
2025-06-20 03:50:00+00:00,14.779999732971191,14.779999732971191,14.779999732971191,14.779999732971191,5000,0.0,0.0,0.0
2025-06-20 03:55:00+00:00,14.770000457763672,14.770000457763672,14.770000457763672,14.770000457763672,1010,0.0,0.0,0.0
2025-06-20 04:20:00+00:00,14.770000457763672,14.770000457763672,14.770000457763672,14.770000457763672,6297,0.0,0.0,0.0
2025-06-20 04:30:00+00:00,14.770000457763672,14.770000457763672,14.770000457763672,14.770000457763672,1000,0.0,0.0,0.0
2025-06-20 04:35:00+00:00,14.760000228881836,14.760000228881836,14.760000228881836,14.760000228881836,5000,0.0,0.0,0.0
2025-06-20 04:45:00+00:00,14.760000228881836,14.760000228881836,14.760000228881836,14.760000228881836,3360,0.0,0.0,0.0
2025-06-20 04:50:00+00:00,14.760000228881836,14.770000457763672,14.760000228881836,14.770000457763672,11000,0.0,0.0,0.0
2025-06-20 04:55:00+00:00,14.770000457763672,14.770000457763672,14.770000457763672,14.770000457763672,3222,0.0,0.0,0.0
2025-06-20 05:00:00+00:00,14.760000228881836,14.760000228881836,14.760000228881836,14.760000228881836,1285,0.0,0.0,0.0
2025-06-20 05:05:00+00:00,14.75,14.75,14.75,14.75,10095,0.0,0.0,0.0
2025-06-20 05:10:00+00:00,14.75,14.779999732971191,14.75,14.779999732971191,9584,0.0,0.0,0.0
2025-06-20 05:15:00+00:00,14.760000228881836,14.760000228881836,14.760000228881836,14.760000228881836,3000,0.0,0.0,0.0
2025-06-20 05:20:00+00:00,14.760000228881836,14.760000228881836,14.760000228881836,14.760000228881836,3263,0.0,0.0,0.0
2025-06-23 01:00:00+00:00,14.5600004196167,14.5600004196167,14.510000228881836,14.510000228881836,0,0.0,0.0,0.0
2025-06-23 01:05:00+00:00,14.600000381469727,14.609999656677246,14.600000381469727,14.600000381469727,35192,0.0,0.0,0.0
2025-06-23 01:10:00+00:00,14.609999656677246,14.609999656677246,14.600000381469727,14.600000381469727,17000,0.0,0.0,0.0
2025-06-23 01:15:00+00:00,14.59000015258789,14.59000015258789,14.550000190734863,14.550000190734863,13359,0.0,0.0,0.0
2025-06-23 01:20:00+00:00,14.550000190734863,14.550000190734863,14.539999961853027,14.539999961853027,23219,0.0,0.0,0.0
2025-06-23 01:25:00+00:00,14.529999732971191,14.529999732971191,14.5,14.5,55445,0.0,0.0,0.0
2025-06-23 01:30:00+00:00,14.5,14.520000457763672,14.5,14.520000457763672,81093,0.0,0.0,0.0
2025-06-23 01:35:00+00:00,14.539999961853027,14.539999961853027,14.539999961853027,14.539999961853027,7000,0.0,0.0,0.0
2025-06-23 01:40:00+00:00,14.529999732971191,14.529999732971191,14.529999732971191,14.529999732971191,9318,0.0,0.0,0.0
2025-06-23 01:45:00+00:00,14.539999961853027,14.539999961853027,14.529999732971191,14.529999732971191,4573,0.0,0.0,0.0
2025-06-23 01:50:00+00:00,14.529999732971191,14.550000190734863,14.529999732971191,14.550000190734863,19000,0.0,0.0,0.0
2025-06-23 01:55:00+00:00,14.529999732971191,14.529999732971191,14.520000457763672,14.520000457763672,10411,0.0,0.0,0.0
2025-06-23 02:00:00+00:00,14.550000190734863,14.550000190734863,14.520000457763672,14.520000457763672,4316,0.0,0.0,0.0
2025-06-23 02:05:00+00:00,14.539999961853027,14.539999961853027,14.539999961853027,14.539999961853027,100000,0.0,0.0,0.0
2025-06-23 02:10:00+00:00,14.550000190734863,14.550000190734863,14.550000190734863,14.550000190734863,1000,0.0,0.0,0.0
2025-06-23 02:15:00+00:00,14.550000190734863,14.550000190734863,14.539999961853027,14.539999961853027,19235,0.0,0.0,0.0
2025-06-23 02:20:00+00:00,14.539999961853027,14.550000190734863,14.539999961853027,14.550000190734863,121050,0.0,0.0,0.0
2025-06-23 02:25:00+00:00,14.539999961853027,14.539999961853027,14.539999961853027,14.539999961853027,60067,0.0,0.0,0.0
2025-06-23 02:30:00+00:00,14.5600004196167,14.5600004196167,14.539999961853027,14.539999961853027,33000,0.0,0.0,0.0
2025-06-23 02:35:00+00:00,14.539999961853027,14.539999961853027,14.539999961853027,14.539999961853027,3091,0.0,0.0,0.0
2025-06-23 02:40:00+00:00,14.539999961853027,14.539999961853027,14.539999961853027,14.539999961853027,100300,0.0,0.0,0.0
2025-06-23 02:45:00+00:00,14.5600004196167,14.5600004196167,14.529999732971191,14.529999732971191,10767,0.0,0.0,0.0
2025-06-23 02:50:00+00:00,14.539999961853027,14.539999961853027,14.539999961853027,14.539999961853027,2000,0.0,0.0,0.0
2025-06-23 02:55:00+00:00,14.539999961853027,14.550000190734863,14.539999961853027,14.550000190734863,6500,0.0,0.0,0.0
2025-06-23 03:00:00+00:00,14.550000190734863,14.5600004196167,14.539999961853027,14.539999961853027,7224,0.0,0.0,0.0
2025-06-23 03:10:00+00:00,14.539999961853027,14.539999961853027,14.539999961853027,14.539999961853027,1000,0.0,0.0,0.0
2025-06-23 03:15:00+00:00,14.550000190734863,14.569999694824219,14.539999961853027,14.539999961853027,4000,0.0,0.0,0.0
2025-06-23 03:25:00+00:00,14.579999923706055,14.579999923706055,14.5600004196167,14.5600004196167,32000,0.0,0.0,0.0
2025-06-23 03:30:00+00:00,14.579999923706055,14.579999923706055,14.579999923706055,14.579999923706055,1000,0.0,0.0,0.0
2025-06-23 03:40:00+00:00,14.579999923706055,14.579999923706055,14.579999923706055,14.579999923706055,7095,0.0,0.0,0.0
2025-06-23 03:45:00+00:00,14.59000015258789,14.59000015258789,14.569999694824219,14.569999694824219,5008,0.0,0.0,0.0
2025-06-23 03:50:00+00:00,14.569999694824219,14.569999694824219,14.569999694824219,14.569999694824219,1590,0.0,0.0,0.0
2025-06-23 04:00:00+00:00,14.569999694824219,14.569999694824219,14.569999694824219,14.569999694824219,2018,0.0,0.0,0.0
2025-06-23 04:10:00+00:00,14.569999694824219,14.569999694824219,14.569999694824219,14.569999694824219,1000,0.0,0.0,0.0
2025-06-23 04:15:00+00:00,14.579999923706055,14.579999923706055,14.579999923706055,14.579999923706055,84198,0.0,0.0,0.0
2025-06-23 04:20:00+00:00,14.579999923706055,14.579999923706055,14.579999923706055,14.579999923706055,10343,0.0,0.0,0.0
2025-06-23 04:25:00+00:00,14.579999923706055,14.59000015258789,14.579999923706055,14.59000015258789,3250,0.0,0.0,0.0
2025-06-23 04:30:00+00:00,14.59000015258789,14.59000015258789,14.59000015258789,14.59000015258789,6145,0.0,0.0,0.0
2025-06-23 04:35:00+00:00,14.59000015258789,14.59000015258789,14.579999923706055,14.579999923706055,7210,0.0,0.0,0.0
2025-06-23 04:40:00+00:00,14.569999694824219,14.569999694824219,14.569999694824219,14.569999694824219,3500,0.0,0.0,0.0
2025-06-23 04:45:00+00:00,14.569999694824219,14.59000015258789,14.569999694824219,14.59000015258789,6100,0.0,0.0,0.0
2025-06-23 04:50:00+00:00,14.579999923706055,14.579999923706055,14.579999923706055,14.579999923706055,25208,0.0,0.0,0.0
2025-06-23 04:55:00+00:00,14.579999923706055,14.579999923706055,14.579999923706055,14.579999923706055,2100,0.0,0.0,0.0
2025-06-23 05:00:00+00:00,14.600000381469727,14.600000381469727,14.600000381469727,14.600000381469727,7104,0.0,0.0,0.0
2025-06-23 05:05:00+00:00,14.600000381469727,14.600000381469727,14.600000381469727,14.600000381469727,2141,0.0,0.0,0.0
2025-06-23 05:10:00+00:00,14.59000015258789,14.59000015258789,14.59000015258789,14.59000015258789,1500,0.0,0.0,0.0
2025-06-23 05:15:00+00:00,14.59000015258789,14.609999656677246,14.59000015258789,14.600000381469727,36000,0.0,0.0,0.0
2025-06-23 05:20:00+00:00,14.600000381469727,14.600000381469727,14.600000381469727,14.600000381469727,1309,0.0,0.0,0.0
2025-06-24 01:00:00+00:00,14.770000457763672,14.770000457763672,14.770000457763672,14.770000457763672,165000,0.011,0.0,0.0
2025-06-24 01:05:00+00:00,14.770000457763672,14.800000190734863,14.760000228881836,14.800000190734863,23097,0.0,0.0,0.0
2025-06-24 01:15:00+00:00,14.800000190734863,14.819999694824219,14.800000190734863,14.819999694824219,64700,0.0,0.0,0.0
2025-06-24 01:20:00+00:00,14.819999694824219,14.819999694824219,14.819999694824219,14.819999694824219,6047,0.0,0.0,0.0
2025-06-24 01:25:00+00:00,14.789999961853027,14.789999961853027,14.789999961853027,14.789999961853027,1100,0.0,0.0,0.0
2025-06-24 01:30:00+00:00,14.789999961853027,14.789999961853027,14.789999961853027,14.789999961853027,2002,0.0,0.0,0.0
2025-06-24 01:35:00+00:00,14.770000457763672,14.779999732971191,14.770000457763672,14.779999732971191,11020,0.0,0.0,0.0
2025-06-24 01:40:00+00:00,14.779999732971191,14.789999961853027,14.779999732971191,14.789999961853027,15027,0.0,0.0,0.0
2025-06-24 01:50:00+00:00,14.789999961853027,14.789999961853027,14.789999961853027,14.789999961853027,1000,0.0,0.0,0.0
2025-06-24 01:55:00+00:00,14.789999961853027,14.789999961853027,14.789999961853027,14.789999961853027,4310,0.0,0.0,0.0
2025-06-24 02:00:00+00:00,14.779999732971191,14.779999732971191,14.779999732971191,14.779999732971191,16000,0.0,0.0,0.0
2025-06-24 02:05:00+00:00,14.779999732971191,14.779999732971191,14.760000228881836,14.760000228881836,103397,0.0,0.0,0.0
2025-06-24 02:15:00+00:00,14.770000457763672,14.770000457763672,14.770000457763672,14.770000457763672,2545,0.0,0.0,0.0
2025-06-24 02:30:00+00:00,14.770000457763672,14.779999732971191,14.770000457763672,14.779999732971191,62261,0.0,0.0,0.0
2025-06-24 02:40:00+00:00,14.770000457763672,14.770000457763672,14.760000228881836,14.760000228881836,23500,0.0,0.0,0.0
2025-06-24 02:45:00+00:00,14.760000228881836,14.760000228881836,14.760000228881836,14.760000228881836,15216,0.0,0.0,0.0
2025-06-24 02:50:00+00:00,14.75,14.75,14.75,14.75,5000,0.0,0.0,0.0
2025-06-24 02:55:00+00:00,14.75,14.75,14.75,14.75,20165,0.0,0.0,0.0
2025-06-24 03:00:00+00:00,14.75,14.760000228881836,14.75,14.760000228881836,66135,0.0,0.0,0.0
2025-06-24 03:10:00+00:00,14.770000457763672,14.770000457763672,14.770000457763672,14.770000457763672,12358,0.0,0.0,0.0
2025-06-24 03:20:00+00:00,14.770000457763672,14.779999732971191,14.770000457763672,14.779999732971191,106096,0.0,0.0,0.0
2025-06-24 03:25:00+00:00,14.779999732971191,14.779999732971191,14.779999732971191,14.779999732971191,8500,0.0,0.0,0.0
2025-06-24 03:30:00+00:00,14.779999732971191,14.800000190734863,14.779999732971191,14.800000190734863,80598,0.0,0.0,0.0
2025-06-24 03:35:00+00:00,14.8100004196167,14.8100004196167,14.8100004196167,14.8100004196167,2015,0.0,0.0,0.0
2025-06-24 03:40:00+00:00,14.779999732971191,14.779999732971191,14.779999732971191,14.779999732971191,10000,0.0,0.0,0.0
2025-06-24 03:45:00+00:00,14.779999732971191,14.779999732971191,14.779999732971191,14.779999732971191,1000,0.0,0.0,0.0
2025-06-24 03:50:00+00:00,14.779999732971191,14.779999732971191,14.770000457763672,14.770000457763672,4967,0.0,0.0,0.0
2025-06-24 04:00:00+00:00,14.779999732971191,14.779999732971191,14.779999732971191,14.779999732971191,10000,0.0,0.0,0.0
2025-06-24 04:05:00+00:00,14.770000457763672,14.770000457763672,14.760000228881836,14.760000228881836,4000,0.0,0.0,0.0
2025-06-24 04:10:00+00:00,14.760000228881836,14.760000228881836,14.760000228881836,14.760000228881836,4100,0.0,0.0,0.0
2025-06-24 04:15:00+00:00,14.760000228881836,14.760000228881836,14.760000228881836,14.760000228881836,100085,0.0,0.0,0.0
2025-06-24 04:20:00+00:00,14.760000228881836,14.760000228881836,14.760000228881836,14.760000228881836,5000,0.0,0.0,0.0
2025-06-24 04:25:00+00:00,14.75,14.760000228881836,14.75,14.760000228881836,21065,0.0,0.0,0.0
2025-06-24 04:35:00+00:00,14.770000457763672,14.770000457763672,14.760000228881836,14.760000228881836,60000,0.0,0.0,0.0
2025-06-24 04:40:00+00:00,14.770000457763672,14.779999732971191,14.770000457763672,14.779999732971191,20507,0.0,0.0,0.0
2025-06-24 04:45:00+00:00,14.779999732971191,14.779999732971191,14.779999732971191,14.779999732971191,1988,0.0,0.0,0.0
2025-06-24 04:50:00+00:00,14.779999732971191,14.789999961853027,14.770000457763672,14.789999961853027,31050,0.0,0.0,0.0
2025-06-24 04:55:00+00:00,14.779999732971191,14.779999732971191,14.779999732971191,14.779999732971191,5733,0.0,0.0,0.0
2025-06-24 05:00:00+00:00,14.789999961853027,14.789999961853027,14.789999961853027,14.789999961853027,9177,0.0,0.0,0.0
2025-06-24 05:10:00+00:00,14.779999732971191,14.779999732971191,14.779999732971191,14.779999732971191,1046,0.0,0.0,0.0
2025-06-24 05:15:00+00:00,14.779999732971191,14.779999732971191,14.779999732971191,14.779999732971191,7094,0.0,0.0,0.0
2025-06-24 05:20:00+00:00,14.789999961853027,14.789999961853027,14.779999732971191,14.779999732971191,6000,0.0,0.0,0.0
2025-06-25 01:00:00+00:00,14.800000190734863,14.84000015258789,14.800000190734863,14.819999694824219,718000,0.0,0.0,0.0
2025-06-25 01:05:00+00:00,14.819999694824219,14.819999694824219,14.8100004196167,14.8100004196167,135000,0.0,0.0,0.0
2025-06-25 01:10:00+00:00,14.789999961853027,14.789999961853027,14.789999961853027,14.789999961853027,64665,0.0,0.0,0.0
2025-06-25 01:15:00+00:00,14.789999961853027,14.789999961853027,14.789999961853027,14.789999961853027,53574,0.0,0.0,0.0
2025-06-25 01:25:00+00:00,14.779999732971191,14.779999732971191,14.770000457763672,14.770000457763672,106950,0.0,0.0,0.0
2025-06-25 01:30:00+00:00,14.770000457763672,14.770000457763672,14.770000457763672,14.770000457763672,21533,0.0,0.0,0.0
2025-06-25 01:35:00+00:00,14.789999961853027,14.819999694824219,14.789999961853027,14.819999694824219,79340,0.0,0.0,0.0
2025-06-25 01:40:00+00:00,14.8100004196167,14.8100004196167,14.8100004196167,14.8100004196167,1000,0.0,0.0,0.0
2025-06-25 01:45:00+00:00,14.800000190734863,14.800000190734863,14.800000190734863,14.800000190734863,3305,0.0,0.0,0.0
2025-06-25 01:50:00+00:00,14.800000190734863,14.800000190734863,14.800000190734863,14.800000190734863,1010,0.0,0.0,0.0
2025-06-25 02:00:00+00:00,14.800000190734863,14.800000190734863,14.789999961853027,14.789999961853027,2000,0.0,0.0,0.0
2025-06-25 02:05:00+00:00,14.789999961853027,14.789999961853027,14.789999961853027,14.789999961853027,8000,0.0,0.0,0.0
2025-06-25 02:10:00+00:00,14.800000190734863,14.800000190734863,14.800000190734863,14.800000190734863,3250,0.0,0.0,0.0
2025-06-25 02:15:00+00:00,14.800000190734863,14.800000190734863,14.800000190734863,14.800000190734863,39150,0.0,0.0,0.0
2025-06-25 02:20:00+00:00,14.789999961853027,14.789999961853027,14.789999961853027,14.789999961853027,2468,0.0,0.0,0.0
2025-06-25 02:25:00+00:00,14.779999732971191,14.779999732971191,14.779999732971191,14.779999732971191,30000,0.0,0.0,0.0
2025-06-25 02:30:00+00:00,14.779999732971191,14.779999732971191,14.770000457763672,14.770000457763672,24000,0.0,0.0,0.0
2025-06-25 02:35:00+00:00,14.779999732971191,14.779999732971191,14.779999732971191,14.779999732971191,11000,0.0,0.0,0.0
2025-06-25 02:40:00+00:00,14.789999961853027,14.789999961853027,14.779999732971191,14.779999732971191,7005,0.0,0.0,0.0
2025-06-25 02:45:00+00:00,14.779999732971191,14.789999961853027,14.779999732971191,14.779999732971191,29102,0.0,0.0,0.0
2025-06-25 02:55:00+00:00,14.779999732971191,14.779999732971191,14.779999732971191,14.779999732971191,5139,0.0,0.0,0.0
2025-06-25 03:00:00+00:00,14.789999961853027,14.789999961853027,14.789999961853027,14.789999961853027,5000,0.0,0.0,0.0
2025-06-25 03:05:00+00:00,14.800000190734863,14.800000190734863,14.800000190734863,14.800000190734863,11049,0.0,0.0,0.0
2025-06-25 03:10:00+00:00,14.800000190734863,14.800000190734863,14.800000190734863,14.800000190734863,21094,0.0,0.0,0.0
2025-06-25 03:15:00+00:00,14.800000190734863,14.800000190734863,14.800000190734863,14.800000190734863,8200,0.0,0.0,0.0
2025-06-25 03:20:00+00:00,14.800000190734863,14.8100004196167,14.800000190734863,14.8100004196167,62500,0.0,0.0,0.0
2025-06-25 03:30:00+00:00,14.8100004196167,14.8100004196167,14.8100004196167,14.8100004196167,2060,0.0,0.0,0.0
2025-06-25 03:35:00+00:00,14.8100004196167,14.8100004196167,14.8100004196167,14.8100004196167,15844,0.0,0.0,0.0
2025-06-25 03:40:00+00:00,14.8100004196167,14.819999694824219,14.8100004196167,14.819999694824219,85020,0.0,0.0,0.0
2025-06-25 03:45:00+00:00,14.8100004196167,14.8100004196167,14.8100004196167,14.8100004196167,100000,0.0,0.0,0.0
2025-06-25 03:55:00+00:00,14.8100004196167,14.8100004196167,14.8100004196167,14.8100004196167,3000,0.0,0.0,0.0
2025-06-25 04:00:00+00:00,14.8100004196167,14.8100004196167,14.8100004196167,14.8100004196167,107000,0.0,0.0,0.0
2025-06-25 04:15:00+00:00,14.8100004196167,14.8100004196167,14.8100004196167,14.8100004196167,37200,0.0,0.0,0.0
2025-06-25 04:20:00+00:00,14.8100004196167,14.8100004196167,14.8100004196167,14.8100004196167,5100,0.0,0.0,0.0
2025-06-25 04:35:00+00:00,14.8100004196167,14.8100004196167,14.8100004196167,14.8100004196167,3000,0.0,0.0,0.0
2025-06-25 04:40:00+00:00,14.8100004196167,14.8100004196167,14.8100004196167,14.8100004196167,7806,0.0,0.0,0.0
2025-06-25 04:45:00+00:00,14.8100004196167,14.8100004196167,14.8100004196167,14.8100004196167,8660,0.0,0.0,0.0
2025-06-25 04:50:00+00:00,14.8100004196167,14.8100004196167,14.800000190734863,14.8100004196167,5000,0.0,0.0,0.0
2025-06-25 04:55:00+00:00,14.819999694824219,14.819999694824219,14.819999694824219,14.819999694824219,50183,0.0,0.0,0.0
2025-06-25 05:00:00+00:00,14.819999694824219,14.829999923706055,14.819999694824219,14.819999694824219,103000,0.0,0.0,0.0
2025-06-25 05:05:00+00:00,14.819999694824219,14.819999694824219,14.819999694824219,14.819999694824219,4460,0.0,0.0,0.0
2025-06-25 05:15:00+00:00,14.829999923706055,14.829999923706055,14.8100004196167,14.8100004196167,0,0.0,0.0,0.0
2025-06-25 05:20:00+00:00,14.8100004196167,14.8100004196167,14.8100004196167,14.8100004196167,2203480,0.0,0.0,0.0
2025-06-26 01:00:00+00:00,14.8100004196167,14.8100004196167,14.8100004196167,14.8100004196167,0,0.0,0.0,0.0
2025-06-26 01:05:00+00:00,14.8100004196167,14.819999694824219,14.8100004196167,14.819999694824219,25917,0.0,0.0,0.0
2025-06-26 01:10:00+00:00,14.819999694824219,14.829999923706055,14.819999694824219,14.829999923706055,31162,0.0,0.0,0.0
2025-06-26 01:15:00+00:00,14.84000015258789,14.84000015258789,14.829999923706055,14.829999923706055,21000,0.0,0.0,0.0
2025-06-26 01:20:00+00:00,14.829999923706055,14.829999923706055,14.829999923706055,14.829999923706055,6020,0.0,0.0,0.0
2025-06-26 01:25:00+00:00,14.84000015258789,14.84000015258789,14.84000015258789,14.84000015258789,53149,0.0,0.0,0.0
2025-06-26 01:30:00+00:00,14.850000381469727,14.850000381469727,14.850000381469727,14.850000381469727,2344,0.0,0.0,0.0
2025-06-26 01:35:00+00:00,14.84000015258789,14.850000381469727,14.84000015258789,14.850000381469727,53000,0.0,0.0,0.0
2025-06-26 01:45:00+00:00,14.850000381469727,14.850000381469727,14.829999923706055,14.84000015258789,26254,0.0,0.0,0.0
2025-06-26 01:55:00+00:00,14.84000015258789,14.84000015258789,14.84000015258789,14.84000015258789,11130,0.0,0.0,0.0
2025-06-26 02:00:00+00:00,14.850000381469727,14.850000381469727,14.84000015258789,14.850000381469727,56102,0.0,0.0,0.0
2025-06-26 02:05:00+00:00,14.859999656677246,14.899999618530273,14.859999656677246,14.899999618530273,106460,0.0,0.0,0.0
2025-06-26 02:10:00+00:00,14.90999984741211,14.930000305175781,14.90999984741211,14.930000305175781,33203,0.0,0.0,0.0
2025-06-26 02:15:00+00:00,14.949999809265137,14.949999809265137,14.930000305175781,14.930000305175781,9133,0.0,0.0,0.0
2025-06-26 02:20:00+00:00,14.90999984741211,14.90999984741211,14.90999984741211,14.90999984741211,58800,0.0,0.0,0.0
2025-06-26 02:25:00+00:00,14.90999984741211,14.90999984741211,14.90999984741211,14.90999984741211,2031,0.0,0.0,0.0
2025-06-26 02:30:00+00:00,14.920000076293945,14.920000076293945,14.920000076293945,14.920000076293945,2100,0.0,0.0,0.0
2025-06-26 02:35:00+00:00,14.899999618530273,14.899999618530273,14.899999618530273,14.899999618530273,108081,0.0,0.0,0.0
2025-06-26 02:45:00+00:00,14.90999984741211,14.90999984741211,14.90999984741211,14.90999984741211,2661,0.0,0.0,0.0
2025-06-26 02:55:00+00:00,14.899999618530273,14.899999618530273,14.899999618530273,14.899999618530273,205000,0.0,0.0,0.0
2025-06-26 03:00:00+00:00,14.890000343322754,14.920000076293945,14.890000343322754,14.90999984741211,625131,0.0,0.0,0.0
2025-06-26 03:15:00+00:00,14.90999984741211,14.90999984741211,14.880000114440918,14.880000114440918,17195,0.0,0.0,0.0
2025-06-26 03:20:00+00:00,14.880000114440918,14.880000114440918,14.880000114440918,14.880000114440918,2031,0.0,0.0,0.0
2025-06-26 03:30:00+00:00,14.880000114440918,14.880000114440918,14.880000114440918,14.880000114440918,10384,0.0,0.0,0.0
2025-06-26 03:40:00+00:00,14.880000114440918,14.880000114440918,14.880000114440918,14.880000114440918,14272,0.0,0.0,0.0
2025-06-26 03:55:00+00:00,14.869999885559082,14.869999885559082,14.869999885559082,14.869999885559082,100124,0.0,0.0,0.0
2025-06-26 04:05:00+00:00,14.859999656677246,14.869999885559082,14.859999656677246,14.869999885559082,60301,0.0,0.0,0.0
2025-06-26 04:20:00+00:00,14.869999885559082,14.880000114440918,14.869999885559082,14.880000114440918,34061,0.0,0.0,0.0
2025-06-26 04:25:00+00:00,14.869999885559082,14.869999885559082,14.869999885559082,14.869999885559082,12171,0.0,0.0,0.0
2025-06-26 04:35:00+00:00,14.869999885559082,14.880000114440918,14.869999885559082,14.869999885559082,48330,0.0,0.0,0.0
2025-06-26 04:40:00+00:00,14.850000381469727,14.850000381469727,14.850000381469727,14.850000381469727,2100,0.0,0.0,0.0
2025-06-26 04:45:00+00:00,14.850000381469727,14.850000381469727,14.850000381469727,14.850000381469727,1131,0.0,0.0,0.0
2025-06-26 04:50:00+00:00,14.850000381469727,14.850000381469727,14.850000381469727,14.850000381469727,4100,0.0,0.0,0.0
2025-06-26 04:55:00+00:00,14.859999656677246,14.859999656677246,14.850000381469727,14.850000381469727,25164,0.0,0.0,0.0
2025-06-26 05:05:00+00:00,14.84000015258789,14.84000015258789,14.84000015258789,14.84000015258789,207323,0.0,0.0,0.0
2025-06-26 05:15:00+00:00,14.829999923706055,14.829999923706055,14.819999694824219,14.819999694824219,13300,0.0,0.0,0.0
2025-06-26 05:20:00+00:00,14.819999694824219,14.819999694824219,14.819999694824219,14.819999694824219,3400,0.0,0.0,0.0
2025-06-27 01:00:00+00:00,14.90999984741211,14.9399995803833,14.90999984741211,14.90999984741211,81000,0.0,0.0,0.0
2025-06-27 01:05:00+00:00,14.90999984741211,14.90999984741211,14.890000343322754,14.899999618530273,14850,0.0,0.0,0.0
2025-06-27 01:10:00+00:00,14.899999618530273,14.949999809265137,14.899999618530273,14.949999809265137,29020,0.0,0.0,0.0
2025-06-27 01:15:00+00:00,14.949999809265137,14.949999809265137,14.949999809265137,14.949999809265137,3000,0.0,0.0,0.0
2025-06-27 01:20:00+00:00,14.920000076293945,14.920000076293945,14.920000076293945,14.920000076293945,10000,0.0,0.0,0.0
2025-06-27 01:25:00+00:00,14.920000076293945,14.930000305175781,14.920000076293945,14.930000305175781,23180,0.0,0.0,0.0
2025-06-27 01:30:00+00:00,14.899999618530273,14.899999618530273,14.899999618530273,14.899999618530273,100000,0.0,0.0,0.0
2025-06-27 01:50:00+00:00,14.869999885559082,14.869999885559082,14.869999885559082,14.869999885559082,3744,0.0,0.0,0.0
2025-06-27 01:55:00+00:00,14.859999656677246,14.859999656677246,14.850000381469727,14.859999656677246,39563,0.0,0.0,0.0
2025-06-27 02:10:00+00:00,14.859999656677246,14.859999656677246,14.859999656677246,14.859999656677246,15536,0.0,0.0,0.0
2025-06-27 02:15:00+00:00,14.869999885559082,14.869999885559082,14.869999885559082,14.869999885559082,17700,0.0,0.0,0.0
2025-06-27 02:20:00+00:00,14.880000114440918,14.880000114440918,14.880000114440918,14.880000114440918,4000,0.0,0.0,0.0
2025-06-27 02:25:00+00:00,14.880000114440918,14.880000114440918,14.880000114440918,14.880000114440918,26021,0.0,0.0,0.0
2025-06-27 02:35:00+00:00,14.880000114440918,14.880000114440918,14.880000114440918,14.880000114440918,100025,0.0,0.0,0.0
2025-06-27 02:40:00+00:00,14.880000114440918,14.890000343322754,14.880000114440918,14.890000343322754,41000,0.0,0.0,0.0
2025-06-27 02:50:00+00:00,14.899999618530273,14.90999984741211,14.899999618530273,14.90999984741211,54342,0.0,0.0,0.0
2025-06-27 02:55:00+00:00,14.890000343322754,14.90999984741211,14.890000343322754,14.90999984741211,2040,0.0,0.0,0.0
2025-06-27 03:05:00+00:00,14.90999984741211,14.90999984741211,14.90999984741211,14.90999984741211,6250,0.0,0.0,0.0
2025-06-27 03:15:00+00:00,14.90999984741211,14.90999984741211,14.90999984741211,14.90999984741211,7000,0.0,0.0,0.0
2025-06-27 03:20:00+00:00,14.90999984741211,14.90999984741211,14.90999984741211,14.90999984741211,1000,0.0,0.0,0.0
2025-06-27 03:25:00+00:00,14.90999984741211,14.90999984741211,14.90999984741211,14.90999984741211,1141,0.0,0.0,0.0
2025-06-27 03:40:00+00:00,14.899999618530273,14.899999618530273,14.899999618530273,14.899999618530273,7000,0.0,0.0,0.0
2025-06-27 03:45:00+00:00,14.899999618530273,14.899999618530273,14.899999618530273,14.899999618530273,6000,0.0,0.0,0.0
2025-06-27 03:50:00+00:00,14.899999618530273,14.899999618530273,14.899999618530273,14.899999618530273,5000,0.0,0.0,0.0
2025-06-27 04:00:00+00:00,14.899999618530273,14.899999618530273,14.899999618530273,14.899999618530273,7203,0.0,0.0,0.0
2025-06-27 04:05:00+00:00,14.899999618530273,14.899999618530273,14.899999618530273,14.899999618530273,21000,0.0,0.0,0.0
2025-06-27 04:15:00+00:00,14.899999618530273,14.899999618530273,14.899999618530273,14.899999618530273,32555,0.0,0.0,0.0
2025-06-27 04:20:00+00:00,14.90999984741211,14.90999984741211,14.90999984741211,14.90999984741211,26080,0.0,0.0,0.0
2025-06-27 04:25:00+00:00,14.90999984741211,14.90999984741211,14.90999984741211,14.90999984741211,6000,0.0,0.0,0.0
2025-06-27 04:30:00+00:00,14.920000076293945,14.920000076293945,14.90999984741211,14.920000076293945,68000,0.0,0.0,0.0
2025-06-27 04:35:00+00:00,14.920000076293945,14.920000076293945,14.920000076293945,14.920000076293945,2180,0.0,0.0,0.0
2025-06-27 04:40:00+00:00,14.920000076293945,14.920000076293945,14.920000076293945,14.920000076293945,4000,0.0,0.0,0.0
2025-06-27 04:45:00+00:00,14.920000076293945,14.920000076293945,14.920000076293945,14.920000076293945,10000,0.0,0.0,0.0
2025-06-27 04:50:00+00:00,14.920000076293945,14.920000076293945,14.920000076293945,14.920000076293945,7080,0.0,0.0,0.0
2025-06-27 04:55:00+00:00,14.920000076293945,14.920000076293945,14.920000076293945,14.920000076293945,1000,0.0,0.0,0.0
2025-06-27 05:00:00+00:00,14.920000076293945,14.920000076293945,14.920000076293945,14.920000076293945,16000,0.0,0.0,0.0
2025-06-27 05:05:00+00:00,14.920000076293945,14.920000076293945,14.920000076293945,14.920000076293945,9300,0.0,0.0,0.0
2025-06-27 05:10:00+00:00,14.920000076293945,14.920000076293945,14.920000076293945,14.920000076293945,33000,0.0,0.0,0.0
2025-06-27 05:15:00+00:00,14.920000076293945,14.920000076293945,14.920000076293945,14.920000076293945,2135,0.0,0.0,0.0
2025-06-27 05:20:00+00:00,14.930000305175781,14.930000305175781,14.90999984741211,14.930000305175781,8100,0.0,0.0,0.0
2025-06-30 01:00:00+00:00,14.920000076293945,14.920000076293945,14.890000343322754,14.890000343322754,0,0.0,0.0,0.0
2025-06-30 01:05:00+00:00,14.859999656677246,14.859999656677246,14.859999656677246,14.859999656677246,39445,0.0,0.0,0.0
2025-06-30 01:10:00+00:00,14.869999885559082,14.869999885559082,14.859999656677246,14.859999656677246,3010,0.0,0.0,0.0
2025-06-30 01:15:00+00:00,14.859999656677246,14.859999656677246,14.84000015258789,14.84000015258789,103250,0.0,0.0,0.0
2025-06-30 01:20:00+00:00,14.84000015258789,14.84000015258789,14.829999923706055,14.84000015258789,11407,0.0,0.0,0.0
2025-06-30 01:25:00+00:00,14.84000015258789,14.84000015258789,14.84000015258789,14.84000015258789,10000,0.0,0.0,0.0
2025-06-30 01:30:00+00:00,14.859999656677246,14.859999656677246,14.84000015258789,14.84000015258789,23052,0.0,0.0,0.0
2025-06-30 01:40:00+00:00,14.859999656677246,14.859999656677246,14.850000381469727,14.850000381469727,3000,0.0,0.0,0.0
2025-06-30 01:45:00+00:00,14.869999885559082,14.869999885559082,14.869999885559082,14.869999885559082,4100,0.0,0.0,0.0
2025-06-30 01:50:00+00:00,14.869999885559082,14.869999885559082,14.859999656677246,14.859999656677246,5037,0.0,0.0,0.0
2025-06-30 01:55:00+00:00,14.869999885559082,14.869999885559082,14.859999656677246,14.859999656677246,13290,0.0,0.0,0.0
2025-06-30 02:00:00+00:00,14.869999885559082,14.869999885559082,14.859999656677246,14.859999656677246,46215,0.0,0.0,0.0
2025-06-30 02:10:00+00:00,14.859999656677246,14.859999656677246,14.859999656677246,14.859999656677246,1000,0.0,0.0,0.0
2025-06-30 02:15:00+00:00,14.859999656677246,14.859999656677246,14.859999656677246,14.859999656677246,18022,0.0,0.0,0.0
2025-06-30 02:20:00+00:00,14.869999885559082,14.869999885559082,14.869999885559082,14.869999885559082,25250,0.0,0.0,0.0
2025-06-30 02:30:00+00:00,14.869999885559082,14.869999885559082,14.869999885559082,14.869999885559082,2222,0.0,0.0,0.0
2025-06-30 02:45:00+00:00,14.859999656677246,14.859999656677246,14.850000381469727,14.850000381469727,4830,0.0,0.0,0.0
2025-06-30 02:50:00+00:00,14.850000381469727,14.850000381469727,14.850000381469727,14.850000381469727,16226,0.0,0.0,0.0
2025-06-30 03:00:00+00:00,14.850000381469727,14.850000381469727,14.850000381469727,14.850000381469727,2020,0.0,0.0,0.0
2025-06-30 03:05:00+00:00,14.84000015258789,14.84000015258789,14.84000015258789,14.84000015258789,10770,0.0,0.0,0.0
2025-06-30 03:25:00+00:00,14.84000015258789,14.84000015258789,14.84000015258789,14.84000015258789,5300,0.0,0.0,0.0
2025-06-30 03:30:00+00:00,14.850000381469727,14.850000381469727,14.850000381469727,14.850000381469727,5753,0.0,0.0,0.0
2025-06-30 04:00:00+00:00,14.850000381469727,14.850000381469727,14.850000381469727,14.850000381469727,2000,0.0,0.0,0.0
2025-06-30 04:05:00+00:00,14.84000015258789,14.84000015258789,14.84000015258789,14.84000015258789,2200,0.0,0.0,0.0
2025-06-30 04:15:00+00:00,14.850000381469727,14.850000381469727,14.84000015258789,14.84000015258789,43266,0.0,0.0,0.0
2025-06-30 04:20:00+00:00,14.84000015258789,14.84000015258789,14.84000015258789,14.84000015258789,1374,0.0,0.0,0.0
2025-06-30 04:25:00+00:00,14.84000015258789,14.84000015258789,14.84000015258789,14.84000015258789,1145,0.0,0.0,0.0
2025-06-30 04:30:00+00:00,14.84000015258789,14.84000015258789,14.84000015258789,14.84000015258789,1100,0.0,0.0,0.0
2025-06-30 04:35:00+00:00,14.84000015258789,14.84000015258789,14.84000015258789,14.84000015258789,5506,0.0,0.0,0.0
2025-06-30 04:40:00+00:00,14.84000015258789,14.84000015258789,14.829999923706055,14.829999923706055,5127,0.0,0.0,0.0
2025-06-30 04:45:00+00:00,14.84000015258789,14.84000015258789,14.84000015258789,14.84000015258789,1200,0.0,0.0,0.0
2025-06-30 04:50:00+00:00,14.850000381469727,14.850000381469727,14.84000015258789,14.84000015258789,7142,0.0,0.0,0.0
2025-06-30 04:55:00+00:00,14.84000015258789,14.84000015258789,14.84000015258789,14.84000015258789,2017,0.0,0.0,0.0
2025-06-30 05:00:00+00:00,14.84000015258789,14.84000015258789,14.829999923706055,14.829999923706055,14000,0.0,0.0,0.0
2025-06-30 05:05:00+00:00,14.819999694824219,14.819999694824219,14.819999694824219,14.819999694824219,1202,0.0,0.0,0.0
2025-06-30 05:10:00+00:00,14.819999694824219,14.819999694824219,14.819999694824219,14.819999694824219,103239,0.0,0.0,0.0
2025-06-30 05:15:00+00:00,14.819999694824219,14.819999694824219,14.819999694824219,14.819999694824219,3000,0.0,0.0,0.0
2025-06-30 05:20:00+00:00,14.819999694824219,14.819999694824219,14.8100004196167,14.8100004196167,100741,0.0,0.0,0.0
2025-07-01 01:00:00+00:00,14.859999656677246,14.880000114440918,14.859999656677246,14.880000114440918,18000,0.0,0.0,0.0
2025-07-01 01:05:00+00:00,14.899999618530273,14.920000076293945,14.899999618530273,14.920000076293945,47863,0.0,0.0,0.0
2025-07-01 01:10:00+00:00,14.920000076293945,14.920000076293945,14.920000076293945,14.920000076293945,8389,0.0,0.0,0.0
2025-07-01 01:15:00+00:00,14.930000305175781,14.930000305175781,14.899999618530273,14.899999618530273,30015,0.0,0.0,0.0
2025-07-01 01:20:00+00:00,14.930000305175781,14.9399995803833,14.90999984741211,14.9399995803833,111132,0.0,0.0,0.0
2025-07-01 01:30:00+00:00,14.920000076293945,14.9399995803833,14.920000076293945,14.9399995803833,87200,0.0,0.0,0.0
2025-07-01 01:35:00+00:00,14.949999809265137,14.970000267028809,14.9399995803833,14.970000267028809,131397,0.0,0.0,0.0
2025-07-01 01:40:00+00:00,14.970000267028809,14.989999771118164,14.970000267028809,14.989999771118164,41967,0.0,0.0,0.0
2025-07-01 01:45:00+00:00,15.0,15.010000228881836,15.0,15.0,116695,0.0,0.0,0.0
2025-07-01 01:50:00+00:00,15.0,15.0,14.979999542236328,15.0,23100,0.0,0.0,0.0
2025-07-01 01:55:00+00:00,15.0,15.010000228881836,15.0,15.010000228881836,25720,0.0,0.0,0.0
2025-07-01 02:00:00+00:00,15.0,15.0,15.0,15.0,36080,0.0,0.0,0.0
2025-07-01 02:05:00+00:00,14.979999542236328,14.989999771118164,14.979999542236328,14.989999771118164,2000,0.0,0.0,0.0
2025-07-01 02:10:00+00:00,14.989999771118164,14.989999771118164,14.979999542236328,14.979999542236328,78010,0.0,0.0,0.0
2025-07-01 02:15:00+00:00,14.970000267028809,14.989999771118164,14.970000267028809,14.970000267028809,289000,0.0,0.0,0.0
2025-07-01 02:25:00+00:00,14.970000267028809,14.970000267028809,14.970000267028809,14.970000267028809,12000,0.0,0.0,0.0
2025-07-01 02:30:00+00:00,14.970000267028809,14.970000267028809,14.970000267028809,14.970000267028809,4100,0.0,0.0,0.0
2025-07-01 02:35:00+00:00,14.970000267028809,14.970000267028809,14.970000267028809,14.970000267028809,2369,0.0,0.0,0.0
2025-07-01 02:40:00+00:00,14.970000267028809,14.970000267028809,14.970000267028809,14.970000267028809,8000,0.0,0.0,0.0
2025-07-01 02:45:00+00:00,14.960000038146973,14.960000038146973,14.960000038146973,14.960000038146973,1050,0.0,0.0,0.0
2025-07-01 02:55:00+00:00,14.960000038146973,14.960000038146973,14.949999809265137,14.960000038146973,40010,0.0,0.0,0.0
2025-07-01 03:15:00+00:00,14.9399995803833,14.9399995803833,14.9399995803833,14.9399995803833,3000,0.0,0.0,0.0
2025-07-01 03:20:00+00:00,14.9399995803833,14.9399995803833,14.9399995803833,14.9399995803833,100150,0.0,0.0,0.0
2025-07-01 03:30:00+00:00,14.920000076293945,14.920000076293945,14.920000076293945,14.920000076293945,100050,0.0,0.0,0.0
2025-07-01 03:40:00+00:00,14.90999984741211,14.90999984741211,14.899999618530273,14.899999618530273,201813,0.0,0.0,0.0
2025-07-01 03:50:00+00:00,14.899999618530273,14.899999618530273,14.899999618530273,14.899999618530273,1298,0.0,0.0,0.0
2025-07-01 03:55:00+00:00,14.899999618530273,14.899999618530273,14.899999618530273,14.899999618530273,10000,0.0,0.0,0.0
2025-07-01 04:00:00+00:00,14.90999984741211,14.90999984741211,14.90999984741211,14.90999984741211,1000,0.0,0.0,0.0
2025-07-01 04:05:00+00:00,14.890000343322754,14.890000343322754,14.869999885559082,14.869999885559082,11000,0.0,0.0,0.0
2025-07-01 04:10:00+00:00,14.869999885559082,14.869999885559082,14.859999656677246,14.859999656677246,32000,0.0,0.0,0.0
2025-07-01 04:15:00+00:00,14.890000343322754,14.890000343322754,14.890000343322754,14.890000343322754,1020,0.0,0.0,0.0
2025-07-01 04:20:00+00:00,14.859999656677246,14.859999656677246,14.859999656677246,14.859999656677246,102337,0.0,0.0,0.0
2025-07-01 04:25:00+00:00,14.869999885559082,14.890000343322754,14.869999885559082,14.890000343322754,101400,0.0,0.0,0.0
2025-07-01 04:30:00+00:00,14.859999656677246,14.859999656677246,14.859999656677246,14.859999656677246,1000,0.0,0.0,0.0
2025-07-01 04:35:00+00:00,14.859999656677246,14.859999656677246,14.859999656677246,14.859999656677246,2123,0.0,0.0,0.0
2025-07-01 04:40:00+00:00,14.850000381469727,14.850000381469727,14.850000381469727,14.850000381469727,9225,0.0,0.0,0.0
2025-07-01 04:45:00+00:00,14.84000015258789,14.84000015258789,14.84000015258789,14.84000015258789,2000,0.0,0.0,0.0
2025-07-01 04:50:00+00:00,14.850000381469727,14.859999656677246,14.850000381469727,14.859999656677246,11000,0.0,0.0,0.0
2025-07-01 04:55:00+00:00,14.859999656677246,14.859999656677246,14.859999656677246,14.859999656677246,2002,0.0,0.0,0.0
2025-07-01 05:00:00+00:00,14.869999885559082,14.869999885559082,14.869999885559082,14.869999885559082,25000,0.0,0.0,0.0
2025-07-01 05:05:00+00:00,14.880000114440918,14.890000343322754,14.880000114440918,14.890000343322754,6001,0.0,0.0,0.0
2025-07-01 05:10:00+00:00,14.890000343322754,14.899999618530273,14.890000343322754,14.899999618530273,35642,0.0,0.0,0.0
2025-07-01 05:20:00+00:00,14.890000343322754,14.899999618530273,14.880000114440918,14.899999618530273,313106,0.0,0.0,0.0
2025-07-02 01:00:00+00:00,14.890000343322754,14.899999618530273,14.890000343322754,14.899999618530273,18000,0.0,0.0,0.0
2025-07-02 01:05:00+00:00,14.90999984741211,14.930000305175781,14.90999984741211,14.920000076293945,120382,0.0,0.0,0.0
2025-07-02 01:10:00+00:00,14.920000076293945,14.930000305175781,14.920000076293945,14.930000305175781,49029,0.0,0.0,0.0
2025-07-02 01:15:00+00:00,14.9399995803833,14.9399995803833,14.9399995803833,14.9399995803833,5065,0.0,0.0,0.0
2025-07-02 01:20:00+00:00,14.930000305175781,14.9399995803833,14.930000305175781,14.9399995803833,20253,0.0,0.0,0.0
2025-07-02 01:30:00+00:00,14.930000305175781,14.930000305175781,14.930000305175781,14.930000305175781,1000,0.0,0.0,0.0
2025-07-02 01:35:00+00:00,14.920000076293945,14.920000076293945,14.90999984741211,14.90999984741211,20067,0.0,0.0,0.0
2025-07-02 01:40:00+00:00,14.920000076293945,14.920000076293945,14.920000076293945,14.920000076293945,3382,0.0,0.0,0.0
2025-07-02 01:55:00+00:00,14.90999984741211,14.90999984741211,14.90999984741211,14.90999984741211,5870,0.0,0.0,0.0
2025-07-02 02:00:00+00:00,14.899999618530273,14.899999618530273,14.899999618530273,14.899999618530273,16000,0.0,0.0,0.0
2025-07-02 02:15:00+00:00,14.899999618530273,14.90999984741211,14.899999618530273,14.90999984741211,3000,0.0,0.0,0.0
2025-07-02 02:20:00+00:00,14.90999984741211,14.90999984741211,14.90999984741211,14.90999984741211,5050,0.0,0.0,0.0
2025-07-02 02:45:00+00:00,14.90999984741211,14.90999984741211,14.90999984741211,14.90999984741211,1120,0.0,0.0,0.0
2025-07-02 02:50:00+00:00,14.90999984741211,14.920000076293945,14.90999984741211,14.920000076293945,35000,0.0,0.0,0.0
2025-07-02 02:55:00+00:00,14.920000076293945,14.920000076293945,14.920000076293945,14.920000076293945,2349,0.0,0.0,0.0
2025-07-02 03:00:00+00:00,14.920000076293945,14.920000076293945,14.920000076293945,14.920000076293945,6000,0.0,0.0,0.0
2025-07-02 03:05:00+00:00,14.930000305175781,14.930000305175781,14.930000305175781,14.930000305175781,42032,0.0,0.0,0.0
2025-07-02 03:15:00+00:00,14.920000076293945,14.920000076293945,14.920000076293945,14.920000076293945,2000,0.0,0.0,0.0
2025-07-02 03:20:00+00:00,14.9399995803833,14.9399995803833,14.9399995803833,14.9399995803833,53499,0.0,0.0,0.0
2025-07-02 03:25:00+00:00,14.9399995803833,14.9399995803833,14.9399995803833,14.9399995803833,17000,0.0,0.0,0.0
2025-07-02 03:30:00+00:00,14.9399995803833,14.949999809265137,14.9399995803833,14.949999809265137,40854,0.0,0.0,0.0
2025-07-02 03:35:00+00:00,14.949999809265137,14.949999809265137,14.949999809265137,14.949999809265137,1006,0.0,0.0,0.0
2025-07-02 03:40:00+00:00,14.949999809265137,14.949999809265137,14.949999809265137,14.949999809265137,65001,0.0,0.0,0.0
2025-07-02 03:45:00+00:00,14.949999809265137,14.949999809265137,14.949999809265137,14.949999809265137,56913,0.0,0.0,0.0
2025-07-02 03:50:00+00:00,14.949999809265137,14.960000038146973,14.949999809265137,14.960000038146973,27305,0.0,0.0,0.0
2025-07-02 03:55:00+00:00,14.970000267028809,14.970000267028809,14.970000267028809,14.970000267028809,16000,0.0,0.0,0.0
2025-07-02 04:00:00+00:00,14.970000267028809,14.979999542236328,14.970000267028809,14.979999542236328,40665,0.0,0.0,0.0
2025-07-02 04:15:00+00:00,14.979999542236328,14.979999542236328,14.979999542236328,14.979999542236328,2000,0.0,0.0,0.0
2025-07-02 04:20:00+00:00,14.979999542236328,14.989999771118164,14.979999542236328,14.989999771118164,46450,0.0,0.0,0.0
2025-07-02 04:25:00+00:00,15.0,15.0,15.0,15.0,143000,0.0,0.0,0.0
2025-07-02 04:30:00+00:00,14.989999771118164,14.989999771118164,14.989999771118164,14.989999771118164,2050,0.0,0.0,0.0
2025-07-02 04:35:00+00:00,14.989999771118164,15.0,14.989999771118164,15.0,22100,0.0,0.0,0.0
2025-07-02 04:40:00+00:00,15.0,15.0,15.0,15.0,45300,0.0,0.0,0.0
2025-07-02 04:45:00+00:00,15.0,15.0,15.0,15.0,7000,0.0,0.0,0.0
2025-07-02 04:50:00+00:00,15.0,15.0,15.0,15.0,19700,0.0,0.0,0.0
2025-07-02 04:55:00+00:00,15.0,15.010000228881836,15.0,15.0,52234,0.0,0.0,0.0
2025-07-02 05:00:00+00:00,15.0,15.010000228881836,15.0,15.010000228881836,40168,0.0,0.0,0.0
2025-07-02 05:05:00+00:00,15.0,15.010000228881836,15.0,15.010000228881836,5000,0.0,0.0,0.0
2025-07-02 05:10:00+00:00,15.0,15.0,15.0,15.0,4000,0.0,0.0,0.0
2025-07-02 05:15:00+00:00,15.0,15.010000228881836,15.0,15.0,394100,0.0,0.0,0.0
2025-07-02 05:20:00+00:00,15.0,15.0,15.0,15.0,78115,0.0,0.0,0.0
2025-07-03 01:00:00+00:00,15.130000114440918,15.149999618530273,15.130000114440918,15.130000114440918,280000,0.0,0.0,0.0
2025-07-03 01:05:00+00:00,15.09000015258789,15.109999656677246,15.09000015258789,15.109999656677246,18317,0.0,0.0,0.0
2025-07-03 01:10:00+00:00,15.109999656677246,15.109999656677246,15.09000015258789,15.109999656677246,45875,0.0,0.0,0.0
2025-07-03 01:15:00+00:00,15.109999656677246,15.119999885559082,15.109999656677246,15.119999885559082,42796,0.0,0.0,0.0
2025-07-03 01:20:00+00:00,15.119999885559082,15.130000114440918,15.119999885559082,15.130000114440918,58807,0.0,0.0,0.0
2025-07-03 01:25:00+00:00,15.130000114440918,15.140000343322754,15.130000114440918,15.130000114440918,94651,0.0,0.0,0.0
2025-07-03 01:30:00+00:00,15.149999618530273,15.149999618530273,15.149999618530273,15.149999618530273,234854,0.0,0.0,0.0
2025-07-03 01:35:00+00:00,15.149999618530273,15.149999618530273,15.140000343322754,15.140000343322754,23311,0.0,0.0,0.0
2025-07-03 01:45:00+00:00,15.140000343322754,15.140000343322754,15.130000114440918,15.130000114440918,5201,0.0,0.0,0.0
2025-07-03 01:55:00+00:00,15.119999885559082,15.119999885559082,15.119999885559082,15.119999885559082,5000,0.0,0.0,0.0
2025-07-03 02:00:00+00:00,15.130000114440918,15.130000114440918,15.119999885559082,15.119999885559082,3100,0.0,0.0,0.0
2025-07-03 02:05:00+00:00,15.119999885559082,15.119999885559082,15.109999656677246,15.109999656677246,24000,0.0,0.0,0.0
2025-07-03 02:10:00+00:00,15.119999885559082,15.130000114440918,15.119999885559082,15.130000114440918,13000,0.0,0.0,0.0
2025-07-03 02:15:00+00:00,15.119999885559082,15.119999885559082,15.109999656677246,15.109999656677246,11105,0.0,0.0,0.0
2025-07-03 02:20:00+00:00,15.109999656677246,15.109999656677246,15.109999656677246,15.109999656677246,51100,0.0,0.0,0.0
2025-07-03 02:25:00+00:00,15.109999656677246,15.109999656677246,15.109999656677246,15.109999656677246,6000,0.0,0.0,0.0
2025-07-03 02:30:00+00:00,15.119999885559082,15.119999885559082,15.119999885559082,15.119999885559082,5200,0.0,0.0,0.0
2025-07-03 02:35:00+00:00,15.109999656677246,15.109999656677246,15.09000015258789,15.100000381469727,22564,0.0,0.0,0.0
2025-07-03 02:45:00+00:00,15.109999656677246,15.109999656677246,15.109999656677246,15.109999656677246,2004,0.0,0.0,0.0
2025-07-03 02:55:00+00:00,15.100000381469727,15.109999656677246,15.100000381469727,15.109999656677246,10000,0.0,0.0,0.0
2025-07-03 03:00:00+00:00,15.100000381469727,15.100000381469727,15.100000381469727,15.100000381469727,2000,0.0,0.0,0.0
2025-07-03 03:10:00+00:00,15.100000381469727,15.100000381469727,15.100000381469727,15.100000381469727,50000,0.0,0.0,0.0
2025-07-03 03:15:00+00:00,15.109999656677246,15.109999656677246,15.100000381469727,15.100000381469727,21450,0.0,0.0,0.0
2025-07-03 03:20:00+00:00,15.100000381469727,15.100000381469727,15.100000381469727,15.100000381469727,15190,0.0,0.0,0.0
2025-07-03 03:25:00+00:00,15.100000381469727,15.100000381469727,15.100000381469727,15.100000381469727,5500,0.0,0.0,0.0
2025-07-03 03:30:00+00:00,15.109999656677246,15.109999656677246,15.109999656677246,15.109999656677246,35000,0.0,0.0,0.0
2025-07-03 03:35:00+00:00,15.109999656677246,15.109999656677246,15.109999656677246,15.109999656677246,11000,0.0,0.0,0.0
2025-07-03 03:45:00+00:00,15.109999656677246,15.119999885559082,15.109999656677246,15.119999885559082,2020,0.0,0.0,0.0
2025-07-03 03:50:00+00:00,15.109999656677246,15.109999656677246,15.109999656677246,15.109999656677246,1030,0.0,0.0,0.0
2025-07-03 04:00:00+00:00,15.109999656677246,15.109999656677246,15.109999656677246,15.109999656677246,21000,0.0,0.0,0.0
2025-07-03 04:05:00+00:00,15.119999885559082,15.119999885559082,15.119999885559082,15.119999885559082,100000,0.0,0.0,0.0
2025-07-03 04:10:00+00:00,15.119999885559082,15.119999885559082,15.119999885559082,15.119999885559082,63268,0.0,0.0,0.0
2025-07-03 04:15:00+00:00,15.119999885559082,15.119999885559082,15.119999885559082,15.119999885559082,123100,0.0,0.0,0.0
2025-07-03 04:20:00+00:00,15.109999656677246,15.109999656677246,15.109999656677246,15.109999656677246,2000,0.0,0.0,0.0
2025-07-03 04:25:00+00:00,15.119999885559082,15.119999885559082,15.119999885559082,15.119999885559082,8532,0.0,0.0,0.0
2025-07-03 04:45:00+00:00,15.109999656677246,15.109999656677246,15.109999656677246,15.109999656677246,25402,0.0,0.0,0.0
2025-07-03 04:50:00+00:00,15.119999885559082,15.119999885559082,15.109999656677246,15.109999656677246,11100,0.0,0.0,0.0
2025-07-03 04:55:00+00:00,15.100000381469727,15.100000381469727,15.100000381469727,15.100000381469727,3263,0.0,0.0,0.0
2025-07-03 05:00:00+00:00,15.100000381469727,15.100000381469727,15.100000381469727,15.100000381469727,8000,0.0,0.0,0.0
2025-07-03 05:05:00+00:00,15.100000381469727,15.100000381469727,15.100000381469727,15.100000381469727,16137,0.0,0.0,0.0
2025-07-03 05:15:00+00:00,15.100000381469727,15.100000381469727,15.100000381469727,15.100000381469727,7264,0.0,0.0,0.0
2025-07-03 05:20:00+00:00,15.100000381469727,15.100000381469727,15.100000381469727,15.100000381469727,0,0.0,0.0,0.0
2025-07-04 01:00:00+00:00,15.130000114440918,15.149999618530273,15.130000114440918,15.149999618530273,105589,0.0,0.0,0.0
2025-07-04 01:20:00+00:00,15.100000381469727,15.100000381469727,15.100000381469727,15.100000381469727,6262,0.0,0.0,0.0
2025-07-04 01:30:00+00:00,15.09000015258789,15.09000015258789,15.079999923706055,15.079999923706055,5000,0.0,0.0,0.0
2025-07-04 01:35:00+00:00,15.100000381469727,15.100000381469727,15.100000381469727,15.100000381469727,1000,0.0,0.0,0.0
2025-07-04 01:40:00+00:00,15.079999923706055,15.079999923706055,15.079999923706055,15.079999923706055,1000,0.0,0.0,0.0
2025-07-04 01:45:00+00:00,15.069999694824219,15.069999694824219,15.020000457763672,15.020000457763672,92000,0.0,0.0,0.0
2025-07-04 01:50:00+00:00,15.029999732971191,15.029999732971191,15.029999732971191,15.029999732971191,9066,0.0,0.0,0.0
2025-07-04 01:55:00+00:00,15.029999732971191,15.029999732971191,15.029999732971191,15.029999732971191,27085,0.0,0.0,0.0
2025-07-04 02:05:00+00:00,15.029999732971191,15.029999732971191,15.029999732971191,15.029999732971191,10000,0.0,0.0,0.0
2025-07-04 02:15:00+00:00,15.020000457763672,15.020000457763672,15.020000457763672,15.020000457763672,2000,0.0,0.0,0.0
2025-07-04 02:20:00+00:00,15.029999732971191,15.029999732971191,15.029999732971191,15.029999732971191,1124,0.0,0.0,0.0
2025-07-04 02:25:00+00:00,15.029999732971191,15.029999732971191,15.029999732971191,15.029999732971191,6000,0.0,0.0,0.0
2025-07-04 02:30:00+00:00,15.039999961853027,15.039999961853027,15.020000457763672,15.020000457763672,5026,0.0,0.0,0.0
2025-07-04 02:35:00+00:00,15.029999732971191,15.029999732971191,15.029999732971191,15.029999732971191,5044,0.0,0.0,0.0
2025-07-04 02:40:00+00:00,15.039999961853027,15.039999961853027,15.029999732971191,15.029999732971191,7000,0.0,0.0,0.0
2025-07-04 02:45:00+00:00,15.029999732971191,15.029999732971191,15.029999732971191,15.029999732971191,2001,0.0,0.0,0.0
2025-07-04 02:55:00+00:00,15.029999732971191,15.029999732971191,15.029999732971191,15.029999732971191,2550,0.0,0.0,0.0
2025-07-04 03:10:00+00:00,15.029999732971191,15.029999732971191,15.029999732971191,15.029999732971191,5010,0.0,0.0,0.0
2025-07-04 03:15:00+00:00,15.029999732971191,15.029999732971191,15.029999732971191,15.029999732971191,1010,0.0,0.0,0.0
2025-07-04 03:25:00+00:00,15.020000457763672,15.020000457763672,15.020000457763672,15.020000457763672,4000,0.0,0.0,0.0
2025-07-04 03:35:00+00:00,15.020000457763672,15.020000457763672,15.020000457763672,15.020000457763672,2000,0.0,0.0,0.0
2025-07-04 03:40:00+00:00,15.020000457763672,15.020000457763672,15.020000457763672,15.020000457763672,21000,0.0,0.0,0.0
2025-07-04 03:45:00+00:00,15.020000457763672,15.020000457763672,15.020000457763672,15.020000457763672,7000,0.0,0.0,0.0
2025-07-04 03:50:00+00:00,15.020000457763672,15.020000457763672,15.020000457763672,15.020000457763672,17230,0.0,0.0,0.0
2025-07-04 04:00:00+00:00,15.020000457763672,15.020000457763672,15.020000457763672,15.020000457763672,2900,0.0,0.0,0.0
2025-07-04 04:05:00+00:00,15.020000457763672,15.020000457763672,15.020000457763672,15.020000457763672,8000,0.0,0.0,0.0
2025-07-04 04:10:00+00:00,15.010000228881836,15.010000228881836,15.010000228881836,15.010000228881836,1000,0.0,0.0,0.0
2025-07-04 04:15:00+00:00,15.010000228881836,15.010000228881836,15.010000228881836,15.010000228881836,1000,0.0,0.0,0.0
2025-07-04 04:25:00+00:00,15.010000228881836,15.010000228881836,15.010000228881836,15.010000228881836,63507,0.0,0.0,0.0
2025-07-04 04:30:00+00:00,15.010000228881836,15.010000228881836,15.010000228881836,15.010000228881836,3150,0.0,0.0,0.0
2025-07-04 04:35:00+00:00,15.010000228881836,15.010000228881836,15.010000228881836,15.010000228881836,28242,0.0,0.0,0.0
2025-07-04 04:45:00+00:00,15.010000228881836,15.010000228881836,15.010000228881836,15.010000228881836,15135,0.0,0.0,0.0
2025-07-04 04:55:00+00:00,15.020000457763672,15.020000457763672,15.020000457763672,15.020000457763672,13010,0.0,0.0,0.0
2025-07-04 05:00:00+00:00,15.020000457763672,15.020000457763672,15.020000457763672,15.020000457763672,1000,0.0,0.0,0.0
2025-07-04 05:05:00+00:00,15.020000457763672,15.020000457763672,15.020000457763672,15.020000457763672,100100,0.0,0.0,0.0
2025-07-04 05:10:00+00:00,15.020000457763672,15.020000457763672,15.020000457763672,15.020000457763672,1200,0.0,0.0,0.0
2025-07-04 05:15:00+00:00,15.029999732971191,15.029999732971191,15.029999732971191,15.029999732971191,32180,0.0,0.0,0.0
2025-07-04 05:20:00+00:00,15.020000457763672,15.020000457763672,15.020000457763672,15.020000457763672,6019,0.0,0.0,0.0
2025-05-07 01:00:00+00:00,14.520000457763672,14.619999885559082,14.520000457763672,14.619999885559082,0,0.0,0.0,0.0
2025-05-07 01:05:00+00:00,14.539999961853027,14.550000190734863,14.539999961853027,14.550000190734863,8472,0.0,0.0,0.0
2025-05-07 01:10:00+00:00,14.600000381469727,14.600000381469727,14.59000015258789,14.600000381469727,25136,0.0,0.0,0.0
2025-05-07 01:15:00+00:00,14.609999656677246,14.670000076293945,14.609999656677246,14.670000076293945,33311,0.0,0.0,0.0
2025-05-07 01:20:00+00:00,14.65999984741211,14.65999984741211,14.649999618530273,14.65999984741211,32085,0.0,0.0,0.0
2025-05-07 01:25:00+00:00,14.670000076293945,14.670000076293945,14.640000343322754,14.640000343322754,170225,0.0,0.0,0.0
2025-05-07 01:30:00+00:00,14.619999885559082,14.619999885559082,14.619999885559082,14.619999885559082,6000,0.0,0.0,0.0
2025-05-07 01:35:00+00:00,14.609999656677246,14.630000114440918,14.600000381469727,14.630000114440918,56021,0.0,0.0,0.0
2025-05-07 01:40:00+00:00,14.640000343322754,14.640000343322754,14.609999656677246,14.630000114440918,36075,0.0,0.0,0.0
2025-05-07 01:45:00+00:00,14.630000114440918,14.630000114440918,14.630000114440918,14.630000114440918,8000,0.0,0.0,0.0
2025-05-07 01:50:00+00:00,14.609999656677246,14.630000114440918,14.609999656677246,14.630000114440918,84007,0.0,0.0,0.0
2025-05-07 01:55:00+00:00,14.630000114440918,14.640000343322754,14.630000114440918,14.640000343322754,60420,0.0,0.0,0.0
2025-05-07 02:00:00+00:00,14.630000114440918,14.630000114440918,14.630000114440918,14.630000114440918,4033,0.0,0.0,0.0
2025-05-07 02:05:00+00:00,14.640000343322754,14.640000343322754,14.640000343322754,14.640000343322754,2250,0.0,0.0,0.0
2025-05-07 02:10:00+00:00,14.640000343322754,14.640000343322754,14.630000114440918,14.630000114440918,6549,0.0,0.0,0.0
2025-05-07 02:15:00+00:00,14.609999656677246,14.630000114440918,14.609999656677246,14.630000114440918,12000,0.0,0.0,0.0
2025-05-07 02:20:00+00:00,14.619999885559082,14.619999885559082,14.609999656677246,14.609999656677246,16000,0.0,0.0,0.0
2025-05-07 02:25:00+00:00,14.609999656677246,14.609999656677246,14.609999656677246,14.609999656677246,1168,0.0,0.0,0.0
2025-05-07 02:30:00+00:00,14.600000381469727,14.600000381469727,14.600000381469727,14.600000381469727,5000,0.0,0.0,0.0
2025-05-07 02:40:00+00:00,14.609999656677246,14.609999656677246,14.600000381469727,14.600000381469727,14130,0.0,0.0,0.0
2025-05-07 02:45:00+00:00,14.579999923706055,14.579999923706055,14.569999694824219,14.569999694824219,8240,0.0,0.0,0.0
2025-05-07 02:50:00+00:00,14.569999694824219,14.569999694824219,14.569999694824219,14.569999694824219,8100,0.0,0.0,0.0
2025-05-07 02:55:00+00:00,14.569999694824219,14.569999694824219,14.569999694824219,14.569999694824219,3035,0.0,0.0,0.0
2025-05-07 03:00:00+00:00,14.569999694824219,14.579999923706055,14.569999694824219,14.579999923706055,6395,0.0,0.0,0.0
2025-05-07 03:20:00+00:00,14.569999694824219,14.579999923706055,14.569999694824219,14.579999923706055,22100,0.0,0.0,0.0
2025-05-07 03:30:00+00:00,14.569999694824219,14.569999694824219,14.569999694824219,14.569999694824219,3000,0.0,0.0,0.0
2025-05-07 03:35:00+00:00,14.579999923706055,14.579999923706055,14.579999923706055,14.579999923706055,5033,0.0,0.0,0.0
2025-05-07 03:45:00+00:00,14.579999923706055,14.579999923706055,14.569999694824219,14.569999694824219,10306,0.0,0.0,0.0
2025-05-07 03:50:00+00:00,14.59000015258789,14.59000015258789,14.59000015258789,14.59000015258789,2000,0.0,0.0,0.0
2025-05-07 04:00:00+00:00,14.59000015258789,14.59000015258789,14.59000015258789,14.59000015258789,1035,0.0,0.0,0.0
2025-05-07 04:10:00+00:00,14.569999694824219,14.569999694824219,14.569999694824219,14.569999694824219,1100,0.0,0.0,0.0
2025-05-07 04:15:00+00:00,14.5600004196167,14.5600004196167,14.5600004196167,14.5600004196167,2200,0.0,0.0,0.0
2025-05-07 04:20:00+00:00,14.579999923706055,14.579999923706055,14.579999923706055,14.579999923706055,1124,0.0,0.0,0.0
2025-05-07 04:25:00+00:00,14.59000015258789,14.59000015258789,14.59000015258789,14.59000015258789,221561,0.0,0.0,0.0
2025-05-07 04:35:00+00:00,14.579999923706055,14.579999923706055,14.569999694824219,14.569999694824219,204547,0.0,0.0,0.0
2025-05-07 04:45:00+00:00,14.569999694824219,14.569999694824219,14.569999694824219,14.569999694824219,100067,0.0,0.0,0.0
2025-05-07 04:50:00+00:00,14.5600004196167,14.5600004196167,14.5600004196167,14.5600004196167,52000,0.0,0.0,0.0
2025-05-07 05:00:00+00:00,14.569999694824219,14.569999694824219,14.539999961853027,14.539999961853027,118302,0.0,0.0,0.0
2025-05-07 05:05:00+00:00,14.550000190734863,14.550000190734863,14.550000190734863,14.550000190734863,261000,0.0,0.0,0.0
2025-05-07 05:10:00+00:00,14.550000190734863,14.550000190734863,14.550000190734863,14.550000190734863,299070,0.0,0.0,0.0
2025-05-07 05:15:00+00:00,14.550000190734863,14.5600004196167,14.550000190734863,14.5600004196167,25524,0.0,0.0,0.0
2025-05-07 05:20:00+00:00,14.5600004196167,14.569999694824219,14.550000190734863,14.550000190734863,13688,0.0,0.0,0.0
2025-05-08 01:00:00+00:00,14.569999694824219,14.569999694824219,14.569999694824219,14.569999694824219,0,0.0,0.0,0.0
2025-05-08 01:05:00+00:00,14.569999694824219,14.619999885559082,14.569999694824219,14.619999885559082,70440,0.0,0.0,0.0
2025-05-08 01:10:00+00:00,14.640000343322754,14.649999618530273,14.640000343322754,14.640000343322754,71145,0.0,0.0,0.0
2025-05-08 01:20:00+00:00,14.670000076293945,14.670000076293945,14.649999618530273,14.649999618530273,2000,0.0,0.0,0.0
2025-05-08 02:30:00+00:00,14.640000343322754,14.640000343322754,14.640000343322754,14.640000343322754,0,0.0,0.0,0.0
2025-05-08 02:35:00+00:00,14.649999618530273,14.649999618530273,14.640000343322754,14.640000343322754,310922,0.0,0.0,0.0
2025-05-08 02:40:00+00:00,14.649999618530273,14.649999618530273,14.649999618530273,14.649999618530273,40246,0.0,0.0,0.0
2025-05-08 02:45:00+00:00,14.630000114440918,14.640000343322754,14.630000114440918,14.640000343322754,23010,0.0,0.0,0.0
2025-05-08 02:50:00+00:00,14.630000114440918,14.640000343322754,14.630000114440918,14.640000343322754,13001,0.0,0.0,0.0
2025-05-08 02:55:00+00:00,14.640000343322754,14.640000343322754,14.640000343322754,14.640000343322754,5206,0.0,0.0,0.0
2025-05-08 03:00:00+00:00,14.649999618530273,14.670000076293945,14.649999618530273,14.670000076293945,86400,0.0,0.0,0.0
2025-05-08 03:05:00+00:00,14.670000076293945,14.670000076293945,14.670000076293945,14.670000076293945,1015,0.0,0.0,0.0
2025-05-08 03:10:00+00:00,14.65999984741211,14.65999984741211,14.65999984741211,14.65999984741211,1400,0.0,0.0,0.0
2025-05-08 03:20:00+00:00,14.65999984741211,14.65999984741211,14.65999984741211,14.65999984741211,1000,0.0,0.0,0.0
2025-05-08 03:30:00+00:00,14.670000076293945,14.670000076293945,14.65999984741211,14.65999984741211,4125,0.0,0.0,0.0
2025-05-08 03:40:00+00:00,14.65999984741211,14.65999984741211,14.65999984741211,14.65999984741211,2650,0.0,0.0,0.0
2025-05-08 03:45:00+00:00,14.649999618530273,14.65999984741211,14.649999618530273,14.65999984741211,15999,0.0,0.0,0.0
2025-05-08 03:50:00+00:00,14.65999984741211,14.65999984741211,14.65999984741211,14.65999984741211,5000,0.0,0.0,0.0
2025-05-08 03:55:00+00:00,14.649999618530273,14.649999618530273,14.649999618530273,14.649999618530273,10000,0.0,0.0,0.0
2025-05-08 04:00:00+00:00,14.649999618530273,14.649999618530273,14.649999618530273,14.649999618530273,12201,0.0,0.0,0.0
2025-05-08 04:10:00+00:00,14.649999618530273,14.649999618530273,14.649999618530273,14.649999618530273,2083,0.0,0.0,0.0
2025-05-08 04:25:00+00:00,14.649999618530273,14.649999618530273,14.649999618530273,14.649999618530273,1684,0.0,0.0,0.0
2025-05-08 04:40:00+00:00,14.649999618530273,14.649999618530273,14.649999618530273,14.649999618530273,50000,0.0,0.0,0.0
2025-05-08 04:55:00+00:00,14.640000343322754,14.649999618530273,14.640000343322754,14.649999618530273,2000,0.0,0.0,0.0
2025-05-08 05:05:00+00:00,14.640000343322754,14.640000343322754,14.640000343322754,14.640000343322754,3818,0.0,0.0,0.0
2025-05-08 05:10:00+00:00,14.630000114440918,14.630000114440918,14.630000114440918,14.630000114440918,3000,0.0,0.0,0.0
2025-05-08 05:15:00+00:00,14.619999885559082,14.619999885559082,14.619999885559082,14.619999885559082,25057,0.0,0.0,0.0
2025-05-08 05:20:00+00:00,14.619999885559082,14.619999885559082,14.619999885559082,14.619999885559082,8748,0.0,0.0,0.0
2025-05-09 01:00:00+00:00,14.630000114440918,14.640000343322754,14.630000114440918,14.640000343322754,0,0.0,0.0,0.0
2025-05-09 01:05:00+00:00,14.640000343322754,14.640000343322754,14.619999885559082,14.619999885559082,17838,0.0,0.0,0.0
2025-05-09 01:10:00+00:00,14.619999885559082,14.619999885559082,14.619999885559082,14.619999885559082,3000,0.0,0.0,0.0
2025-05-09 01:15:00+00:00,14.630000114440918,14.630000114440918,14.630000114440918,14.630000114440918,14671,0.0,0.0,0.0
2025-05-09 01:20:00+00:00,14.619999885559082,14.619999885559082,14.609999656677246,14.619999885559082,10111,0.0,0.0,0.0
2025-05-09 01:25:00+00:00,14.619999885559082,14.619999885559082,14.619999885559082,14.619999885559082,3100,0.0,0.0,0.0
2025-05-09 01:30:00+00:00,14.609999656677246,14.609999656677246,14.600000381469727,14.600000381469727,16210,0.0,0.0,0.0
2025-05-09 01:35:00+00:00,14.609999656677246,14.609999656677246,14.609999656677246,14.609999656677246,5335,0.0,0.0,0.0
2025-05-09 01:40:00+00:00,14.609999656677246,14.640000343322754,14.609999656677246,14.640000343322754,184000,0.0,0.0,0.0
2025-05-09 01:45:00+00:00,14.649999618530273,14.649999618530273,14.649999618530273,14.649999618530273,3100,0.0,0.0,0.0
2025-05-09 01:50:00+00:00,14.649999618530273,14.649999618530273,14.649999618530273,14.649999618530273,1090,0.0,0.0,0.0
2025-05-09 02:00:00+00:00,14.649999618530273,14.649999618530273,14.640000343322754,14.640000343322754,4338,0.0,0.0,0.0
2025-05-09 02:10:00+00:00,14.640000343322754,14.640000343322754,14.640000343322754,14.640000343322754,8302,0.0,0.0,0.0
2025-05-09 02:15:00+00:00,14.640000343322754,14.640000343322754,14.640000343322754,14.640000343322754,7300,0.0,0.0,0.0
2025-05-09 02:20:00+00:00,14.640000343322754,14.640000343322754,14.640000343322754,14.640000343322754,1005,0.0,0.0,0.0
2025-05-09 02:25:00+00:00,14.640000343322754,14.65999984741211,14.640000343322754,14.65999984741211,43000,0.0,0.0,0.0
2025-05-09 02:30:00+00:00,14.670000076293945,14.6899995803833,14.670000076293945,14.6899995803833,11854,0.0,0.0,0.0
2025-05-09 02:35:00+00:00,14.680000305175781,14.680000305175781,14.680000305175781,14.680000305175781,1863,0.0,0.0,0.0
2025-05-09 02:40:00+00:00,14.680000305175781,14.680000305175781,14.680000305175781,14.680000305175781,2900,0.0,0.0,0.0
2025-05-09 02:45:00+00:00,14.6899995803833,14.699999809265137,14.6899995803833,14.699999809265137,83670,0.0,0.0,0.0
2025-05-09 02:55:00+00:00,14.699999809265137,14.710000038146973,14.699999809265137,14.710000038146973,22500,0.0,0.0,0.0
2025-05-09 03:00:00+00:00,14.720000267028809,14.720000267028809,14.720000267028809,14.720000267028809,12232,0.0,0.0,0.0
2025-05-09 03:10:00+00:00,14.720000267028809,14.729999542236328,14.720000267028809,14.729999542236328,56999,0.0,0.0,0.0
2025-05-09 03:15:00+00:00,14.729999542236328,14.729999542236328,14.729999542236328,14.729999542236328,1974,0.0,0.0,0.0
2025-05-09 03:25:00+00:00,14.729999542236328,14.729999542236328,14.729999542236328,14.729999542236328,2602,0.0,0.0,0.0
2025-05-09 03:35:00+00:00,14.729999542236328,14.729999542236328,14.729999542236328,14.729999542236328,29577,0.0,0.0,0.0
2025-05-09 03:40:00+00:00,14.729999542236328,14.729999542236328,14.729999542236328,14.729999542236328,2000,0.0,0.0,0.0
2025-05-09 03:45:00+00:00,14.729999542236328,14.729999542236328,14.720000267028809,14.720000267028809,6000,0.0,0.0,0.0
2025-05-09 03:50:00+00:00,14.720000267028809,14.739999771118164,14.720000267028809,14.739999771118164,48050,0.0,0.0,0.0
2025-05-09 03:55:00+00:00,14.739999771118164,14.75,14.739999771118164,14.75,59839,0.0,0.0,0.0
2025-05-09 04:00:00+00:00,14.760000228881836,14.760000228881836,14.75,14.75,2360,0.0,0.0,0.0
2025-05-09 04:05:00+00:00,14.75,14.75,14.75,14.75,13000,0.0,0.0,0.0
2025-05-09 04:10:00+00:00,14.760000228881836,14.760000228881836,14.75,14.75,37840,0.0,0.0,0.0
2025-05-09 04:15:00+00:00,14.760000228881836,14.770000457763672,14.760000228881836,14.770000457763672,15357,0.0,0.0,0.0
2025-05-09 04:20:00+00:00,14.760000228881836,14.760000228881836,14.760000228881836,14.760000228881836,5000,0.0,0.0,0.0
2025-05-09 04:25:00+00:00,14.760000228881836,14.760000228881836,14.760000228881836,14.760000228881836,3345,0.0,0.0,0.0
2025-05-09 04:30:00+00:00,14.760000228881836,14.770000457763672,14.760000228881836,14.770000457763672,76707,0.0,0.0,0.0
2025-05-09 04:45:00+00:00,14.760000228881836,14.770000457763672,14.75,14.75,10036,0.0,0.0,0.0
2025-05-09 04:50:00+00:00,14.770000457763672,14.770000457763672,14.770000457763672,14.770000457763672,1317,0.0,0.0,0.0
2025-05-09 04:55:00+00:00,14.770000457763672,14.770000457763672,14.770000457763672,14.770000457763672,8748,0.0,0.0,0.0
2025-05-09 05:05:00+00:00,14.770000457763672,14.770000457763672,14.770000457763672,14.770000457763672,3439,0.0,0.0,0.0
2025-05-09 05:10:00+00:00,14.770000457763672,14.770000457763672,14.770000457763672,14.770000457763672,1574,0.0,0.0,0.0
2025-05-09 05:15:00+00:00,14.770000457763672,14.770000457763672,14.770000457763672,14.770000457763672,23187,0.0,0.0,0.0
2025-05-09 05:20:00+00:00,14.760000228881836,14.760000228881836,14.760000228881836,14.760000228881836,1230,0.0,0.0,0.0
2025-05-12 01:00:00+00:00,14.84000015258789,14.880000114440918,14.84000015258789,14.880000114440918,0,0.0,0.0,0.0
2025-05-12 01:05:00+00:00,14.880000114440918,14.890000343322754,14.880000114440918,14.890000343322754,141821,0.0,0.0,0.0
2025-05-12 01:10:00+00:00,14.890000343322754,14.899999618530273,14.890000343322754,14.899999618530273,28100,0.0,0.0,0.0
2025-05-12 01:15:00+00:00,14.920000076293945,14.920000076293945,14.920000076293945,14.920000076293945,9215,0.0,0.0,0.0
2025-05-12 01:20:00+00:00,14.920000076293945,14.920000076293945,14.890000343322754,14.890000343322754,59019,0.0,0.0,0.0
2025-05-12 01:25:00+00:00,14.890000343322754,14.90999984741211,14.890000343322754,14.90999984741211,16693,0.0,0.0,0.0
2025-05-12 01:35:00+00:00,14.880000114440918,14.880000114440918,14.869999885559082,14.869999885559082,26508,0.0,0.0,0.0
2025-05-12 01:45:00+00:00,14.880000114440918,14.899999618530273,14.880000114440918,14.899999618530273,99000,0.0,0.0,0.0
2025-05-12 01:50:00+00:00,14.899999618530273,14.899999618530273,14.899999618530273,14.899999618530273,4191,0.0,0.0,0.0
2025-05-12 01:55:00+00:00,14.890000343322754,14.890000343322754,14.880000114440918,14.880000114440918,8381,0.0,0.0,0.0
2025-05-12 02:00:00+00:00,14.899999618530273,14.899999618530273,14.899999618530273,14.899999618530273,1000,0.0,0.0,0.0
2025-05-12 02:05:00+00:00,14.890000343322754,14.890000343322754,14.890000343322754,14.890000343322754,40261,0.0,0.0,0.0
2025-05-12 02:15:00+00:00,14.890000343322754,14.890000343322754,14.890000343322754,14.890000343322754,4280,0.0,0.0,0.0
2025-05-12 02:25:00+00:00,14.880000114440918,14.880000114440918,14.880000114440918,14.880000114440918,1292,0.0,0.0,0.0
2025-05-12 02:35:00+00:00,14.880000114440918,14.880000114440918,14.869999885559082,14.869999885559082,14238,0.0,0.0,0.0
2025-05-12 02:40:00+00:00,14.869999885559082,14.869999885559082,14.869999885559082,14.869999885559082,6000,0.0,0.0,0.0
2025-05-12 02:45:00+00:00,14.869999885559082,14.869999885559082,14.869999885559082,14.869999885559082,10235,0.0,0.0,0.0
2025-05-12 02:50:00+00:00,14.869999885559082,14.869999885559082,14.869999885559082,14.869999885559082,4310,0.0,0.0,0.0
2025-05-12 02:55:00+00:00,14.869999885559082,14.869999885559082,14.859999656677246,14.859999656677246,75025,0.0,0.0,0.0
2025-05-12 03:00:00+00:00,14.869999885559082,14.869999885559082,14.869999885559082,14.869999885559082,2100,0.0,0.0,0.0
2025-05-12 03:05:00+00:00,14.869999885559082,14.869999885559082,14.869999885559082,14.869999885559082,1167,0.0,0.0,0.0
2025-05-12 03:10:00+00:00,14.880000114440918,14.880000114440918,14.880000114440918,14.880000114440918,13321,0.0,0.0,0.0
2025-05-12 03:25:00+00:00,14.880000114440918,14.880000114440918,14.869999885559082,14.869999885559082,8000,0.0,0.0,0.0
2025-05-12 03:30:00+00:00,14.859999656677246,14.859999656677246,14.859999656677246,14.859999656677246,10310,0.0,0.0,0.0
2025-05-12 03:35:00+00:00,14.859999656677246,14.859999656677246,14.859999656677246,14.859999656677246,1000,0.0,0.0,0.0
2025-05-12 03:40:00+00:00,14.859999656677246,14.869999885559082,14.859999656677246,14.869999885559082,33000,0.0,0.0,0.0
2025-05-12 03:50:00+00:00,14.880000114440918,14.880000114440918,14.880000114440918,14.880000114440918,2005,0.0,0.0,0.0
2025-05-12 03:55:00+00:00,14.880000114440918,14.880000114440918,14.869999885559082,14.880000114440918,22250,0.0,0.0,0.0
2025-05-12 04:00:00+00:00,14.890000343322754,14.890000343322754,14.890000343322754,14.890000343322754,1000,0.0,0.0,0.0
2025-05-12 04:05:00+00:00,14.880000114440918,14.890000343322754,14.880000114440918,14.890000343322754,10270,0.0,0.0,0.0
2025-05-12 04:20:00+00:00,14.890000343322754,14.890000343322754,14.890000343322754,14.890000343322754,12435,0.0,0.0,0.0
2025-05-12 04:30:00+00:00,14.890000343322754,14.890000343322754,14.890000343322754,14.890000343322754,6461,0.0,0.0,0.0
2025-05-12 04:40:00+00:00,14.890000343322754,14.890000343322754,14.890000343322754,14.890000343322754,2050,0.0,0.0,0.0
2025-05-12 04:45:00+00:00,14.890000343322754,14.890000343322754,14.890000343322754,14.890000343322754,10022,0.0,0.0,0.0
2025-05-12 04:50:00+00:00,14.890000343322754,14.890000343322754,14.890000343322754,14.890000343322754,1078,0.0,0.0,0.0
2025-05-12 05:00:00+00:00,14.880000114440918,14.880000114440918,14.880000114440918,14.880000114440918,1000,0.0,0.0,0.0
2025-05-12 05:05:00+00:00,14.880000114440918,14.890000343322754,14.880000114440918,14.890000343322754,11000,0.0,0.0,0.0
2025-05-12 05:10:00+00:00,14.880000114440918,14.880000114440918,14.880000114440918,14.880000114440918,17110,0.0,0.0,0.0
2025-05-12 05:15:00+00:00,14.880000114440918,14.880000114440918,14.880000114440918,14.880000114440918,1230,0.0,0.0,0.0
2025-05-12 05:20:00+00:00,14.890000343322754,14.899999618530273,14.890000343322754,14.899999618530273,70488,0.0,0.0,0.0
2025-05-13 01:00:00+00:00,15.079999923706055,15.079999923706055,15.029999732971191,15.029999732971191,0,0.0,0.0,0.0
2025-05-13 01:05:00+00:00,15.029999732971191,15.039999961853027,15.0,15.0,14854,0.0,0.0,0.0
2025-05-13 01:10:00+00:00,15.0,15.029999732971191,15.0,15.0,206404,0.0,0.0,0.0
2025-05-13 01:15:00+00:00,15.0,15.020000457763672,15.0,15.020000457763672,19946,0.0,0.0,0.0
2025-05-13 01:20:00+00:00,15.029999732971191,15.029999732971191,15.020000457763672,15.020000457763672,11264,0.0,0.0,0.0
2025-05-13 01:25:00+00:00,15.020000457763672,15.020000457763672,15.0,15.010000228881836,132310,0.0,0.0,0.0
2025-05-13 01:30:00+00:00,15.020000457763672,15.029999732971191,15.010000228881836,15.029999732971191,28316,0.0,0.0,0.0
2025-05-13 01:35:00+00:00,15.029999732971191,15.050000190734863,15.029999732971191,15.039999961853027,171798,0.0,0.0,0.0
2025-05-13 01:40:00+00:00,15.039999961853027,15.039999961853027,15.029999732971191,15.039999961853027,197900,0.0,0.0,0.0
2025-05-13 01:45:00+00:00,15.050000190734863,15.050000190734863,15.050000190734863,15.050000190734863,33552,0.0,0.0,0.0
2025-05-13 01:50:00+00:00,15.0600004196167,15.0600004196167,15.050000190734863,15.050000190734863,25600,0.0,0.0,0.0
2025-05-13 01:55:00+00:00,15.039999961853027,15.050000190734863,15.039999961853027,15.039999961853027,118000,0.0,0.0,0.0
2025-05-13 02:00:00+00:00,15.0600004196167,15.069999694824219,15.050000190734863,15.050000190734863,12858,0.0,0.0,0.0
2025-05-13 02:05:00+00:00,15.050000190734863,15.050000190734863,15.050000190734863,15.050000190734863,22153,0.0,0.0,0.0
2025-05-13 02:10:00+00:00,15.050000190734863,15.050000190734863,15.050000190734863,15.050000190734863,6798,0.0,0.0,0.0
2025-05-13 02:15:00+00:00,15.050000190734863,15.069999694824219,15.050000190734863,15.069999694824219,3200,0.0,0.0,0.0
2025-05-13 02:20:00+00:00,15.029999732971191,15.0600004196167,15.029999732971191,15.050000190734863,10573,0.0,0.0,0.0
2025-05-13 02:25:00+00:00,15.020000457763672,15.020000457763672,15.020000457763672,15.020000457763672,39566,0.0,0.0,0.0
2025-05-13 02:30:00+00:00,15.039999961853027,15.039999961853027,15.029999732971191,15.029999732971191,4240,0.0,0.0,0.0
2025-05-13 02:35:00+00:00,15.029999732971191,15.029999732971191,15.029999732971191,15.029999732971191,3231,0.0,0.0,0.0
2025-05-13 02:40:00+00:00,15.029999732971191,15.029999732971191,15.029999732971191,15.029999732971191,1000,0.0,0.0,0.0
2025-05-13 02:45:00+00:00,15.039999961853027,15.039999961853027,15.039999961853027,15.039999961853027,2449,0.0,0.0,0.0
2025-05-13 03:00:00+00:00,15.039999961853027,15.039999961853027,15.020000457763672,15.020000457763672,4110,0.0,0.0,0.0
2025-05-13 03:05:00+00:00,15.010000228881836,15.010000228881836,14.989999771118164,14.989999771118164,25101,0.0,0.0,0.0
2025-05-13 03:10:00+00:00,14.979999542236328,14.979999542236328,14.979999542236328,14.979999542236328,5140,0.0,0.0,0.0
2025-05-13 03:15:00+00:00,14.989999771118164,14.989999771118164,14.989999771118164,14.989999771118164,2173,0.0,0.0,0.0
2025-05-13 03:20:00+00:00,14.989999771118164,15.0,14.989999771118164,15.0,12227,0.0,0.0,0.0
2025-05-13 03:25:00+00:00,15.0,15.010000228881836,15.0,15.010000228881836,7198,0.0,0.0,0.0
2025-05-13 03:35:00+00:00,15.0,15.0,15.0,15.0,2105,0.0,0.0,0.0
2025-05-13 03:40:00+00:00,15.0,15.0,15.0,15.0,13195,0.0,0.0,0.0
2025-05-13 03:45:00+00:00,15.0,15.010000228881836,14.989999771118164,14.989999771118164,10305,0.0,0.0,0.0
2025-05-13 03:55:00+00:00,14.989999771118164,14.989999771118164,14.989999771118164,14.989999771118164,1000,0.0,0.0,0.0
2025-05-13 04:00:00+00:00,15.0,15.0,15.0,15.0,31097,0.0,0.0,0.0
2025-05-13 04:05:00+00:00,15.0,15.0,15.0,15.0,3010,0.0,0.0,0.0
2025-05-13 04:10:00+00:00,14.989999771118164,14.989999771118164,14.989999771118164,14.989999771118164,60646,0.0,0.0,0.0
2025-05-13 04:15:00+00:00,15.0,15.0,15.0,15.0,23000,0.0,0.0,0.0
2025-05-13 04:20:00+00:00,15.010000228881836,15.010000228881836,15.010000228881836,15.010000228881836,13299,0.0,0.0,0.0
2025-05-13 04:25:00+00:00,15.010000228881836,15.010000228881836,15.010000228881836,15.010000228881836,20349,0.0,0.0,0.0
2025-05-13 04:30:00+00:00,15.010000228881836,15.020000457763672,15.010000228881836,15.020000457763672,9340,0.0,0.0,0.0
2025-05-13 04:50:00+00:00,15.020000457763672,15.020000457763672,15.020000457763672,15.020000457763672,7207,0.0,0.0,0.0
2025-05-13 05:00:00+00:00,15.020000457763672,15.020000457763672,15.020000457763672,15.020000457763672,1097,0.0,0.0,0.0
2025-05-13 05:05:00+00:00,15.010000228881836,15.010000228881836,15.010000228881836,15.010000228881836,2000,0.0,0.0,0.0
2025-05-13 05:10:00+00:00,15.010000228881836,15.010000228881836,15.010000228881836,15.010000228881836,15020,0.0,0.0,0.0
2025-05-13 05:15:00+00:00,15.010000228881836,15.010000228881836,15.010000228881836,15.010000228881836,119633,0.0,0.0,0.0
2025-05-13 05:20:00+00:00,15.010000228881836,15.020000457763672,15.010000228881836,15.020000457763672,39637,0.0,0.0,0.0
2025-05-14 01:00:00+00:00,15.100000381469727,15.140000343322754,15.100000381469727,15.140000343322754,0,0.0,0.0,0.0
2025-05-14 01:05:00+00:00,15.130000114440918,15.140000343322754,15.100000381469727,15.100000381469727,124645,0.0,0.0,0.0
2025-05-14 01:10:00+00:00,15.100000381469727,15.100000381469727,15.09000015258789,15.09000015258789,4008,0.0,0.0,0.0
2025-05-14 01:15:00+00:00,15.050000190734863,15.079999923706055,15.050000190734863,15.069999694824219,10050,0.0,0.0,0.0
2025-05-14 01:20:00+00:00,15.09000015258789,15.09000015258789,15.09000015258789,15.09000015258789,20688,0.0,0.0,0.0
2025-05-14 01:25:00+00:00,15.09000015258789,15.109999656677246,15.09000015258789,15.109999656677246,29071,0.0,0.0,0.0
2025-05-14 01:30:00+00:00,15.109999656677246,15.119999885559082,15.109999656677246,15.119999885559082,36406,0.0,0.0,0.0
2025-05-14 01:35:00+00:00,15.130000114440918,15.140000343322754,15.130000114440918,15.140000343322754,57000,0.0,0.0,0.0
2025-05-14 01:40:00+00:00,15.140000343322754,15.170000076293945,15.140000343322754,15.170000076293945,163600,0.0,0.0,0.0
2025-05-14 01:45:00+00:00,15.170000076293945,15.170000076293945,15.15999984741211,15.15999984741211,10061,0.0,0.0,0.0
2025-05-14 01:50:00+00:00,15.170000076293945,15.170000076293945,15.170000076293945,15.170000076293945,45455,0.0,0.0,0.0
2025-05-14 01:55:00+00:00,15.15999984741211,15.15999984741211,15.15999984741211,15.15999984741211,100280,0.0,0.0,0.0
2025-05-14 02:00:00+00:00,15.15999984741211,15.15999984741211,15.15999984741211,15.15999984741211,16000,0.0,0.0,0.0
2025-05-14 02:05:00+00:00,15.170000076293945,15.1899995803833,15.170000076293945,15.1899995803833,95800,0.0,0.0,0.0
2025-05-14 02:10:00+00:00,15.180000305175781,15.180000305175781,15.180000305175781,15.180000305175781,3035,0.0,0.0,0.0
2025-05-14 02:15:00+00:00,15.180000305175781,15.1899995803833,15.180000305175781,15.1899995803833,14000,0.0,0.0,0.0
2025-05-14 02:20:00+00:00,15.180000305175781,15.180000305175781,15.180000305175781,15.180000305175781,3185,0.0,0.0,0.0
2025-05-14 02:25:00+00:00,15.1899995803833,15.1899995803833,15.180000305175781,15.180000305175781,105005,0.0,0.0,0.0
2025-05-14 02:30:00+00:00,15.170000076293945,15.170000076293945,15.149999618530273,15.149999618530273,7000,0.0,0.0,0.0
2025-05-14 02:40:00+00:00,15.149999618530273,15.149999618530273,15.140000343322754,15.140000343322754,45040,0.0,0.0,0.0
2025-05-14 02:45:00+00:00,15.130000114440918,15.130000114440918,15.130000114440918,15.130000114440918,65555,0.0,0.0,0.0
2025-05-14 02:50:00+00:00,15.109999656677246,15.119999885559082,15.109999656677246,15.119999885559082,12100,0.0,0.0,0.0
2025-05-14 02:55:00+00:00,15.130000114440918,15.140000343322754,15.130000114440918,15.140000343322754,111302,0.0,0.0,0.0
2025-05-14 03:00:00+00:00,15.140000343322754,15.140000343322754,15.140000343322754,15.140000343322754,2000,0.0,0.0,0.0
2025-05-14 03:05:00+00:00,15.149999618530273,15.149999618530273,15.140000343322754,15.149999618530273,53000,0.0,0.0,0.0
2025-05-14 03:10:00+00:00,15.149999618530273,15.15999984741211,15.149999618530273,15.15999984741211,21980,0.0,0.0,0.0
2025-05-14 03:20:00+00:00,15.15999984741211,15.15999984741211,15.15999984741211,15.15999984741211,21012,0.0,0.0,0.0
2025-05-14 03:25:00+00:00,15.15999984741211,15.170000076293945,15.15999984741211,15.170000076293945,67000,0.0,0.0,0.0
2025-05-14 03:30:00+00:00,15.170000076293945,15.180000305175781,15.170000076293945,15.180000305175781,13070,0.0,0.0,0.0
2025-05-14 03:35:00+00:00,15.180000305175781,15.180000305175781,15.149999618530273,15.149999618530273,56000,0.0,0.0,0.0
2025-05-14 03:40:00+00:00,15.15999984741211,15.15999984741211,15.15999984741211,15.15999984741211,1000,0.0,0.0,0.0
2025-05-14 03:45:00+00:00,15.170000076293945,15.170000076293945,15.15999984741211,15.15999984741211,22170,0.0,0.0,0.0
2025-05-14 03:55:00+00:00,15.149999618530273,15.149999618530273,15.149999618530273,15.149999618530273,1000,0.0,0.0,0.0
2025-05-14 04:00:00+00:00,15.149999618530273,15.149999618530273,15.149999618530273,15.149999618530273,20100,0.0,0.0,0.0
2025-05-14 04:05:00+00:00,15.15999984741211,15.170000076293945,15.15999984741211,15.170000076293945,116204,0.0,0.0,0.0
2025-05-14 04:15:00+00:00,15.15999984741211,15.15999984741211,15.15999984741211,15.15999984741211,5293,0.0,0.0,0.0
2025-05-14 04:20:00+00:00,15.170000076293945,15.170000076293945,15.170000076293945,15.170000076293945,14654,0.0,0.0,0.0
2025-05-14 04:25:00+00:00,15.170000076293945,15.180000305175781,15.15999984741211,15.180000305175781,95527,0.0,0.0,0.0
2025-05-14 04:30:00+00:00,15.1899995803833,15.1899995803833,15.1899995803833,15.1899995803833,21100,0.0,0.0,0.0
2025-05-14 04:35:00+00:00,15.1899995803833,15.1899995803833,15.1899995803833,15.1899995803833,10000,0.0,0.0,0.0
2025-05-14 04:40:00+00:00,15.1899995803833,15.1899995803833,15.1899995803833,15.1899995803833,27114,0.0,0.0,0.0
2025-05-14 04:45:00+00:00,15.180000305175781,15.180000305175781,15.180000305175781,15.180000305175781,30010,0.0,0.0,0.0
2025-05-14 04:50:00+00:00,15.180000305175781,15.180000305175781,15.170000076293945,15.180000305175781,5148,0.0,0.0,0.0
2025-05-14 05:00:00+00:00,15.180000305175781,15.180000305175781,15.170000076293945,15.170000076293945,8382,0.0,0.0,0.0
2025-05-14 05:05:00+00:00,15.170000076293945,15.180000305175781,15.170000076293945,15.180000305175781,106248,0.0,0.0,0.0
2025-05-14 05:10:00+00:00,15.170000076293945,15.170000076293945,15.170000076293945,15.170000076293945,13002,0.0,0.0,0.0
2025-05-14 05:15:00+00:00,15.170000076293945,15.170000076293945,15.170000076293945,15.170000076293945,8196,0.0,0.0,0.0
2025-05-14 05:20:00+00:00,15.170000076293945,15.1899995803833,15.170000076293945,15.170000076293945,18553,0.0,0.0,0.0
2025-05-15 01:00:00+00:00,15.210000038146973,15.25,15.210000038146973,15.25,0,0.0,0.0,0.0
2025-05-15 01:05:00+00:00,15.239999771118164,15.270000457763672,15.229999542236328,15.229999542236328,50737,0.0,0.0,0.0
2025-05-15 01:10:00+00:00,15.239999771118164,15.239999771118164,15.239999771118164,15.239999771118164,29147,0.0,0.0,0.0
2025-05-15 01:15:00+00:00,15.25,15.260000228881836,15.25,15.260000228881836,11040,0.0,0.0,0.0
2025-05-15 01:20:00+00:00,15.220000267028809,15.220000267028809,15.199999809265137,15.199999809265137,113315,0.0,0.0,0.0
2025-05-15 01:25:00+00:00,15.1899995803833,15.1899995803833,15.1899995803833,15.1899995803833,3044,0.0,0.0,0.0
2025-05-15 01:30:00+00:00,15.15999984741211,15.1899995803833,15.15999984741211,15.1899995803833,28806,0.0,0.0,0.0
2025-05-15 01:35:00+00:00,15.1899995803833,15.210000038146973,15.1899995803833,15.199999809265137,30083,0.0,0.0,0.0
2025-05-15 01:40:00+00:00,15.199999809265137,15.239999771118164,15.199999809265137,15.239999771118164,47109,0.0,0.0,0.0
2025-05-15 01:45:00+00:00,15.25,15.260000228881836,15.25,15.25,80980,0.0,0.0,0.0
2025-05-15 01:50:00+00:00,15.25,15.25,15.25,15.25,203688,0.0,0.0,0.0
2025-05-15 01:55:00+00:00,15.239999771118164,15.239999771118164,15.239999771118164,15.239999771118164,33180,0.0,0.0,0.0
2025-05-15 02:00:00+00:00,15.220000267028809,15.220000267028809,15.210000038146973,15.210000038146973,102320,0.0,0.0,0.0
2025-05-15 02:10:00+00:00,15.210000038146973,15.210000038146973,15.210000038146973,15.210000038146973,13000,0.0,0.0,0.0
2025-05-15 02:15:00+00:00,15.220000267028809,15.220000267028809,15.220000267028809,15.220000267028809,12000,0.0,0.0,0.0
2025-05-15 02:20:00+00:00,15.210000038146973,15.210000038146973,15.210000038146973,15.210000038146973,100006,0.0,0.0,0.0
2025-05-15 02:30:00+00:00,15.210000038146973,15.220000267028809,15.210000038146973,15.220000267028809,44028,0.0,0.0,0.0
2025-05-15 02:35:00+00:00,15.220000267028809,15.220000267028809,15.220000267028809,15.220000267028809,7000,0.0,0.0,0.0
2025-05-15 02:40:00+00:00,15.220000267028809,15.229999542236328,15.220000267028809,15.229999542236328,21815,0.0,0.0,0.0
2025-05-15 02:45:00+00:00,15.220000267028809,15.229999542236328,15.220000267028809,15.229999542236328,17233,0.0,0.0,0.0
2025-05-15 02:50:00+00:00,15.239999771118164,15.25,15.239999771118164,15.239999771118164,20068,0.0,0.0,0.0
2025-05-15 02:55:00+00:00,15.239999771118164,15.25,15.239999771118164,15.25,33009,0.0,0.0,0.0
2025-05-15 03:00:00+00:00,15.260000228881836,15.260000228881836,15.260000228881836,15.260000228881836,6082,0.0,0.0,0.0
2025-05-15 03:15:00+00:00,15.25,15.25,15.25,15.25,13000,0.0,0.0,0.0
2025-05-15 03:20:00+00:00,15.25,15.25,15.239999771118164,15.239999771118164,8007,0.0,0.0,0.0
2025-05-15 03:25:00+00:00,15.239999771118164,15.239999771118164,15.239999771118164,15.239999771118164,2000,0.0,0.0,0.0
2025-05-15 03:30:00+00:00,15.239999771118164,15.239999771118164,15.239999771118164,15.239999771118164,9500,0.0,0.0,0.0
2025-05-15 03:35:00+00:00,15.229999542236328,15.229999542236328,15.229999542236328,15.229999542236328,1000,0.0,0.0,0.0
2025-05-15 03:40:00+00:00,15.229999542236328,15.229999542236328,15.220000267028809,15.220000267028809,6100,0.0,0.0,0.0
2025-05-15 03:45:00+00:00,15.229999542236328,15.229999542236328,15.229999542236328,15.229999542236328,3000,0.0,0.0,0.0
2025-05-15 03:55:00+00:00,15.229999542236328,15.229999542236328,15.229999542236328,15.229999542236328,29561,0.0,0.0,0.0
2025-05-15 04:05:00+00:00,15.229999542236328,15.229999542236328,15.229999542236328,15.229999542236328,1010,0.0,0.0,0.0
2025-05-15 04:10:00+00:00,15.229999542236328,15.229999542236328,15.229999542236328,15.229999542236328,8000,0.0,0.0,0.0
2025-05-15 04:15:00+00:00,15.229999542236328,15.229999542236328,15.229999542236328,15.229999542236328,6000,0.0,0.0,0.0
2025-05-15 04:20:00+00:00,15.229999542236328,15.229999542236328,15.229999542236328,15.229999542236328,2229,0.0,0.0,0.0
2025-05-15 04:25:00+00:00,15.229999542236328,15.229999542236328,15.229999542236328,15.229999542236328,4000,0.0,0.0,0.0
2025-05-15 04:30:00+00:00,15.229999542236328,15.229999542236328,15.220000267028809,15.220000267028809,17000,0.0,0.0,0.0
2025-05-15 04:35:00+00:00,15.229999542236328,15.229999542236328,15.220000267028809,15.220000267028809,22100,0.0,0.0,0.0
2025-05-15 04:40:00+00:00,15.220000267028809,15.229999542236328,15.220000267028809,15.229999542236328,14090,0.0,0.0,0.0
2025-05-15 04:45:00+00:00,15.229999542236328,15.229999542236328,15.229999542236328,15.229999542236328,11000,0.0,0.0,0.0
2025-05-15 04:50:00+00:00,15.220000267028809,15.229999542236328,15.220000267028809,15.229999542236328,16500,0.0,0.0,0.0
2025-05-15 04:55:00+00:00,15.229999542236328,15.229999542236328,15.229999542236328,15.229999542236328,1000,0.0,0.0,0.0
2025-05-15 05:00:00+00:00,15.229999542236328,15.229999542236328,15.229999542236328,15.229999542236328,10632,0.0,0.0,0.0
2025-05-15 05:05:00+00:00,15.229999542236328,15.229999542236328,15.229999542236328,15.229999542236328,26063,0.0,0.0,0.0
2025-05-15 05:10:00+00:00,15.229999542236328,15.229999542236328,15.229999542236328,15.229999542236328,6000,0.0,0.0,0.0
2025-05-15 05:15:00+00:00,15.229999542236328,15.229999542236328,15.229999542236328,15.229999542236328,9710,0.0,0.0,0.0
2025-05-15 05:20:00+00:00,15.239999771118164,15.239999771118164,15.229999542236328,15.229999542236328,7000,0.0,0.0,0.0
2025-05-16 01:00:00+00:00,15.270000457763672,15.289999961853027,15.270000457763672,15.289999961853027,0,0.0,0.0,0.0
2025-05-16 01:05:00+00:00,15.270000457763672,15.270000457763672,15.270000457763672,15.270000457763672,10613,0.0,0.0,0.0
2025-05-16 01:10:00+00:00,15.270000457763672,15.270000457763672,15.270000457763672,15.270000457763672,90070,0.0,0.0,0.0
2025-05-16 01:15:00+00:00,15.279999732971191,15.300000190734863,15.279999732971191,15.300000190734863,142825,0.0,0.0,0.0
2025-05-16 01:20:00+00:00,15.300000190734863,15.300000190734863,15.300000190734863,15.300000190734863,47100,0.0,0.0,0.0
2025-05-16 01:25:00+00:00,15.300000190734863,15.3100004196167,15.300000190734863,15.3100004196167,36201,0.0,0.0,0.0
2025-05-16 01:30:00+00:00,15.3100004196167,15.3100004196167,15.300000190734863,15.3100004196167,20750,0.0,0.0,0.0
2025-05-16 01:35:00+00:00,15.319999694824219,15.359999656677246,15.319999694824219,15.359999656677246,113439,0.0,0.0,0.0
2025-05-16 01:40:00+00:00,15.350000381469727,15.359999656677246,15.350000381469727,15.359999656677246,5480,0.0,0.0,0.0
2025-05-16 01:45:00+00:00,15.369999885559082,15.380000114440918,15.359999656677246,15.359999656677246,32185,0.0,0.0,0.0
2025-05-16 01:50:00+00:00,15.350000381469727,15.350000381469727,15.350000381469727,15.350000381469727,1065,0.0,0.0,0.0
2025-05-16 01:55:00+00:00,15.359999656677246,15.380000114440918,15.350000381469727,15.380000114440918,71139,0.0,0.0,0.0
2025-05-16 02:00:00+00:00,15.390000343322754,15.399999618530273,15.380000114440918,15.380000114440918,11500,0.0,0.0,0.0
2025-05-16 02:05:00+00:00,15.380000114440918,15.380000114440918,15.380000114440918,15.380000114440918,2038,0.0,0.0,0.0
2025-05-16 02:10:00+00:00,15.369999885559082,15.369999885559082,15.369999885559082,15.369999885559082,7000,0.0,0.0,0.0
2025-05-16 02:15:00+00:00,15.369999885559082,15.369999885559082,15.369999885559082,15.369999885559082,3118,0.0,0.0,0.0
2025-05-16 02:20:00+00:00,15.369999885559082,15.390000343322754,15.369999885559082,15.380000114440918,78025,0.0,0.0,0.0
2025-05-16 02:25:00+00:00,15.390000343322754,15.390000343322754,15.390000343322754,15.390000343322754,4018,0.0,0.0,0.0
2025-05-16 02:30:00+00:00,15.399999618530273,15.399999618530273,15.399999618530273,15.399999618530273,109100,0.0,0.0,0.0
2025-05-16 02:35:00+00:00,15.40999984741211,15.430000305175781,15.40999984741211,15.430000305175781,88430,0.0,0.0,0.0
2025-05-16 02:40:00+00:00,15.430000305175781,15.430000305175781,15.430000305175781,15.430000305175781,22000,0.0,0.0,0.0
2025-05-16 02:45:00+00:00,15.4399995803833,15.4399995803833,15.430000305175781,15.430000305175781,4351,0.0,0.0,0.0
2025-05-16 02:50:00+00:00,15.40999984741211,15.40999984741211,15.40999984741211,15.40999984741211,13580,0.0,0.0,0.0
2025-05-16 02:55:00+00:00,15.420000076293945,15.420000076293945,15.420000076293945,15.420000076293945,4017,0.0,0.0,0.0
2025-05-16 03:00:00+00:00,15.420000076293945,15.420000076293945,15.40999984741211,15.40999984741211,5300,0.0,0.0,0.0
2025-05-16 03:05:00+00:00,15.40999984741211,15.420000076293945,15.40999984741211,15.420000076293945,31027,0.0,0.0,0.0
2025-05-16 03:10:00+00:00,15.430000305175781,15.4399995803833,15.430000305175781,15.4399995803833,76300,0.0,0.0,0.0
2025-05-16 03:15:00+00:00,15.449999809265137,15.449999809265137,15.4399995803833,15.449999809265137,94380,0.0,0.0,0.0
2025-05-16 03:20:00+00:00,15.449999809265137,15.460000038146973,15.449999809265137,15.449999809265137,7991,0.0,0.0,0.0
2025-05-16 03:25:00+00:00,15.460000038146973,15.460000038146973,15.460000038146973,15.460000038146973,20018,0.0,0.0,0.0
2025-05-16 03:30:00+00:00,15.449999809265137,15.449999809265137,15.449999809265137,15.449999809265137,18118,0.0,0.0,0.0
2025-05-16 03:35:00+00:00,15.4399995803833,15.4399995803833,15.420000076293945,15.420000076293945,205729,0.0,0.0,0.0
2025-05-16 03:40:00+00:00,15.40999984741211,15.40999984741211,15.399999618530273,15.399999618530273,7088,0.0,0.0,0.0
2025-05-16 03:45:00+00:00,15.399999618530273,15.399999618530273,15.399999618530273,15.399999618530273,29002,0.0,0.0,0.0
2025-05-16 03:50:00+00:00,15.399999618530273,15.399999618530273,15.399999618530273,15.399999618530273,10119,0.0,0.0,0.0
2025-05-16 03:55:00+00:00,15.390000343322754,15.390000343322754,15.390000343322754,15.390000343322754,33027,0.0,0.0,0.0
2025-05-16 04:05:00+00:00,15.399999618530273,15.399999618530273,15.399999618530273,15.399999618530273,8019,0.0,0.0,0.0
2025-05-16 04:10:00+00:00,15.399999618530273,15.399999618530273,15.399999618530273,15.399999618530273,1000,0.0,0.0,0.0
2025-05-16 04:15:00+00:00,15.399999618530273,15.399999618530273,15.399999618530273,15.399999618530273,40973,0.0,0.0,0.0
2025-05-16 04:25:00+00:00,15.399999618530273,15.399999618530273,15.399999618530273,15.399999618530273,10200,0.0,0.0,0.0
2025-05-16 04:30:00+00:00,15.399999618530273,15.40999984741211,15.399999618530273,15.40999984741211,29218,0.0,0.0,0.0
2025-05-16 04:35:00+00:00,15.40999984741211,15.420000076293945,15.40999984741211,15.420000076293945,24356,0.0,0.0,0.0
2025-05-16 04:40:00+00:00,15.420000076293945,15.420000076293945,15.420000076293945,15.420000076293945,3547,0.0,0.0,0.0
2025-05-16 04:45:00+00:00,15.420000076293945,15.430000305175781,15.420000076293945,15.430000305175781,7584,0.0,0.0,0.0
2025-05-16 04:55:00+00:00,15.399999618530273,15.399999618530273,15.399999618530273,15.399999618530273,74282,0.0,0.0,0.0
2025-05-16 05:00:00+00:00,15.399999618530273,15.40999984741211,15.399999618530273,15.40999984741211,65750,0.0,0.0,0.0
2025-05-16 05:05:00+00:00,15.40999984741211,15.40999984741211,15.40999984741211,15.40999984741211,6271,0.0,0.0,0.0
2025-05-16 05:10:00+00:00,15.40999984741211,15.40999984741211,15.40999984741211,15.40999984741211,9000,0.0,0.0,0.0
2025-05-16 05:15:00+00:00,15.40999984741211,15.40999984741211,15.40999984741211,15.40999984741211,30230,0.0,0.0,0.0
2025-05-16 05:20:00+00:00,15.40999984741211,15.40999984741211,15.399999618530273,15.40999984741211,14868,0.0,0.0,0.0
2025-05-19 01:00:00+00:00,15.369999885559082,15.399999618530273,15.350000381469727,15.359999656677246,0,0.0,0.0,0.0
2025-05-19 01:05:00+00:00,15.369999885559082,15.380000114440918,15.359999656677246,15.369999885559082,159093,0.0,0.0,0.0
2025-05-19 01:10:00+00:00,15.369999885559082,15.369999885559082,15.34000015258789,15.34000015258789,264890,0.0,0.0,0.0
2025-05-19 01:15:00+00:00,15.329999923706055,15.329999923706055,15.319999694824219,15.319999694824219,14440,0.0,0.0,0.0
2025-05-19 01:20:00+00:00,15.3100004196167,15.3100004196167,15.289999961853027,15.289999961853027,58646,0.0,0.0,0.0
2025-05-19 01:25:00+00:00,15.300000190734863,15.3100004196167,15.289999961853027,15.3100004196167,16265,0.0,0.0,0.0
2025-05-19 01:30:00+00:00,15.329999923706055,15.329999923706055,15.300000190734863,15.3100004196167,31098,0.0,0.0,0.0
2025-05-19 01:35:00+00:00,15.3100004196167,15.329999923706055,15.3100004196167,15.319999694824219,23335,0.0,0.0,0.0
2025-05-19 01:40:00+00:00,15.319999694824219,15.319999694824219,15.3100004196167,15.3100004196167,37114,0.0,0.0,0.0
2025-05-19 01:45:00+00:00,15.319999694824219,15.319999694824219,15.300000190734863,15.300000190734863,145100,0.0,0.0,0.0
2025-05-19 01:50:00+00:00,15.3100004196167,15.3100004196167,15.289999961853027,15.289999961853027,33477,0.0,0.0,0.0
2025-05-19 01:55:00+00:00,15.289999961853027,15.289999961853027,15.289999961853027,15.289999961853027,6384,0.0,0.0,0.0
2025-05-19 02:00:00+00:00,15.289999961853027,15.300000190734863,15.279999732971191,15.300000190734863,40575,0.0,0.0,0.0
2025-05-19 02:05:00+00:00,15.3100004196167,15.319999694824219,15.3100004196167,15.319999694824219,19176,0.0,0.0,0.0
2025-05-19 02:10:00+00:00,15.319999694824219,15.319999694824219,15.3100004196167,15.319999694824219,19117,0.0,0.0,0.0
2025-05-19 02:15:00+00:00,15.329999923706055,15.350000381469727,15.329999923706055,15.350000381469727,11389,0.0,0.0,0.0
2025-05-19 02:20:00+00:00,15.350000381469727,15.350000381469727,15.34000015258789,15.34000015258789,12000,0.0,0.0,0.0
2025-05-19 02:25:00+00:00,15.350000381469727,15.359999656677246,15.350000381469727,15.359999656677246,10444,0.0,0.0,0.0
2025-05-19 02:30:00+00:00,15.359999656677246,15.369999885559082,15.350000381469727,15.350000381469727,113040,0.0,0.0,0.0
2025-05-19 02:35:00+00:00,15.350000381469727,15.359999656677246,15.350000381469727,15.359999656677246,11260,0.0,0.0,0.0
2025-05-19 02:40:00+00:00,15.359999656677246,15.359999656677246,15.359999656677246,15.359999656677246,4000,0.0,0.0,0.0
2025-05-19 02:45:00+00:00,15.369999885559082,15.369999885559082,15.369999885559082,15.369999885559082,3400,0.0,0.0,0.0
2025-05-19 02:55:00+00:00,15.359999656677246,15.359999656677246,15.359999656677246,15.359999656677246,1060,0.0,0.0,0.0
2025-05-19 03:00:00+00:00,15.369999885559082,15.369999885559082,15.369999885559082,15.369999885559082,2153,0.0,0.0,0.0
2025-05-19 03:05:00+00:00,15.359999656677246,15.359999656677246,15.359999656677246,15.359999656677246,1000,0.0,0.0,0.0
2025-05-19 03:10:00+00:00,15.350000381469727,15.350000381469727,15.329999923706055,15.329999923706055,35000,0.0,0.0,0.0
2025-05-19 03:15:00+00:00,15.329999923706055,15.329999923706055,15.319999694824219,15.319999694824219,3168,0.0,0.0,0.0
2025-05-19 03:20:00+00:00,15.329999923706055,15.329999923706055,15.319999694824219,15.319999694824219,20000,0.0,0.0,0.0
2025-05-19 03:25:00+00:00,15.319999694824219,15.319999694824219,15.319999694824219,15.319999694824219,25061,0.0,0.0,0.0
2025-05-19 03:30:00+00:00,15.300000190734863,15.300000190734863,15.300000190734863,15.300000190734863,100410,0.0,0.0,0.0
2025-05-19 03:35:00+00:00,15.279999732971191,15.279999732971191,15.279999732971191,15.279999732971191,7041,0.0,0.0,0.0
2025-05-19 03:45:00+00:00,15.279999732971191,15.279999732971191,15.279999732971191,15.279999732971191,7200,0.0,0.0,0.0
2025-05-19 03:50:00+00:00,15.279999732971191,15.279999732971191,15.279999732971191,15.279999732971191,1000,0.0,0.0,0.0
2025-05-19 03:55:00+00:00,15.300000190734863,15.300000190734863,15.300000190734863,15.300000190734863,13340,0.0,0.0,0.0
2025-05-19 04:15:00+00:00,15.300000190734863,15.300000190734863,15.300000190734863,15.300000190734863,20113,0.0,0.0,0.0
2025-05-19 04:20:00+00:00,15.279999732971191,15.279999732971191,15.279999732971191,15.279999732971191,10010,0.0,0.0,0.0
2025-05-19 04:25:00+00:00,15.279999732971191,15.279999732971191,15.279999732971191,15.279999732971191,2557,0.0,0.0,0.0
2025-05-19 04:30:00+00:00,15.270000457763672,15.279999732971191,15.270000457763672,15.279999732971191,4267,0.0,0.0,0.0
2025-05-19 04:35:00+00:00,15.279999732971191,15.279999732971191,15.279999732971191,15.279999732971191,6000,0.0,0.0,0.0
2025-05-19 04:40:00+00:00,15.270000457763672,15.270000457763672,15.270000457763672,15.270000457763672,9030,0.0,0.0,0.0
2025-05-19 04:45:00+00:00,15.279999732971191,15.279999732971191,15.279999732971191,15.279999732971191,1447,0.0,0.0,0.0
2025-05-19 04:50:00+00:00,15.270000457763672,15.270000457763672,15.260000228881836,15.260000228881836,20220,0.0,0.0,0.0
2025-05-19 04:55:00+00:00,15.260000228881836,15.260000228881836,15.260000228881836,15.260000228881836,6078,0.0,0.0,0.0
2025-05-19 05:05:00+00:00,15.270000457763672,15.270000457763672,15.270000457763672,15.270000457763672,187520,0.0,0.0,0.0
2025-05-19 05:10:00+00:00,15.260000228881836,15.270000457763672,15.260000228881836,15.260000228881836,14205,0.0,0.0,0.0
2025-05-19 05:15:00+00:00,15.260000228881836,15.260000228881836,15.25,15.25,30968,0.0,0.0,0.0
2025-05-19 05:20:00+00:00,15.260000228881836,15.260000228881836,15.260000228881836,15.260000228881836,9123,0.0,0.0,0.0
2025-05-20 01:00:00+00:00,15.270000457763672,15.300000190734863,15.270000457763672,15.279999732971191,0,0.0,0.0,0.0
2025-05-20 01:05:00+00:00,15.289999961853027,15.300000190734863,15.289999961853027,15.300000190734863,58239,0.0,0.0,0.0
2025-05-20 01:10:00+00:00,15.279999732971191,15.279999732971191,15.279999732971191,15.279999732971191,12077,0.0,0.0,0.0
2025-05-20 01:15:00+00:00,15.270000457763672,15.270000457763672,15.25,15.260000228881836,4079,0.0,0.0,0.0
2025-05-20 01:20:00+00:00,15.260000228881836,15.260000228881836,15.25,15.25,8661,0.0,0.0,0.0
2025-05-20 01:25:00+00:00,15.25,15.25,15.239999771118164,15.239999771118164,5145,0.0,0.0,0.0
2025-05-20 01:30:00+00:00,15.25,15.25,15.220000267028809,15.220000267028809,15078,0.0,0.0,0.0
2025-05-20 01:35:00+00:00,15.220000267028809,15.220000267028809,15.210000038146973,15.210000038146973,28231,0.0,0.0,0.0
2025-05-20 01:40:00+00:00,15.220000267028809,15.229999542236328,15.220000267028809,15.229999542236328,23222,0.0,0.0,0.0
2025-05-20 01:45:00+00:00,15.229999542236328,15.25,15.229999542236328,15.25,20100,0.0,0.0,0.0
2025-05-20 01:50:00+00:00,15.25,15.25,15.25,15.25,9092,0.0,0.0,0.0
2025-05-20 01:55:00+00:00,15.260000228881836,15.260000228881836,15.260000228881836,15.260000228881836,13142,0.0,0.0,0.0
2025-05-20 02:00:00+00:00,15.270000457763672,15.279999732971191,15.270000457763672,15.279999732971191,74376,0.0,0.0,0.0
2025-05-20 02:05:00+00:00,15.279999732971191,15.279999732971191,15.270000457763672,15.270000457763672,7709,0.0,0.0,0.0
2025-05-20 02:10:00+00:00,15.279999732971191,15.289999961853027,15.279999732971191,15.289999961853027,33346,0.0,0.0,0.0
2025-05-20 02:15:00+00:00,15.260000228881836,15.270000457763672,15.260000228881836,15.270000457763672,102000,0.0,0.0,0.0
2025-05-20 02:25:00+00:00,15.260000228881836,15.260000228881836,15.260000228881836,15.260000228881836,3097,0.0,0.0,0.0
2025-05-20 02:30:00+00:00,15.260000228881836,15.260000228881836,15.260000228881836,15.260000228881836,1173,0.0,0.0,0.0
2025-05-20 02:35:00+00:00,15.270000457763672,15.300000190734863,15.270000457763672,15.300000190734863,149078,0.0,0.0,0.0
2025-05-20 02:40:00+00:00,15.300000190734863,15.3100004196167,15.300000190734863,15.3100004196167,115750,0.0,0.0,0.0
2025-05-20 02:45:00+00:00,15.3100004196167,15.3100004196167,15.3100004196167,15.3100004196167,1275,0.0,0.0,0.0
2025-05-20 02:50:00+00:00,15.300000190734863,15.300000190734863,15.300000190734863,15.300000190734863,5000,0.0,0.0,0.0
2025-05-20 02:55:00+00:00,15.300000190734863,15.300000190734863,15.300000190734863,15.300000190734863,6150,0.0,0.0,0.0
2025-05-20 03:00:00+00:00,15.300000190734863,15.3100004196167,15.300000190734863,15.3100004196167,26335,0.0,0.0,0.0
2025-05-20 03:15:00+00:00,15.300000190734863,15.300000190734863,15.289999961853027,15.289999961853027,50188,0.0,0.0,0.0
2025-05-20 03:20:00+00:00,15.289999961853027,15.300000190734863,15.289999961853027,15.300000190734863,23029,0.0,0.0,0.0
2025-05-20 03:25:00+00:00,15.289999961853027,15.289999961853027,15.289999961853027,15.289999961853027,12000,0.0,0.0,0.0
2025-05-20 03:30:00+00:00,15.289999961853027,15.289999961853027,15.289999961853027,15.289999961853027,1000,0.0,0.0,0.0
2025-05-20 03:35:00+00:00,15.289999961853027,15.289999961853027,15.289999961853027,15.289999961853027,11300,0.0,0.0,0.0
2025-05-20 03:40:00+00:00,15.289999961853027,15.300000190734863,15.289999961853027,15.300000190734863,29803,0.0,0.0,0.0
2025-05-20 03:55:00+00:00,15.300000190734863,15.300000190734863,15.300000190734863,15.300000190734863,2000,0.0,0.0,0.0
2025-05-20 04:00:00+00:00,15.300000190734863,15.300000190734863,15.300000190734863,15.300000190734863,3830,0.0,0.0,0.0
2025-05-20 04:10:00+00:00,15.279999732971191,15.279999732971191,15.279999732971191,15.279999732971191,1000,0.0,0.0,0.0
2025-05-20 04:15:00+00:00,15.279999732971191,15.279999732971191,15.260000228881836,15.260000228881836,15201,0.0,0.0,0.0
2025-05-20 04:20:00+00:00,15.260000228881836,15.260000228881836,15.260000228881836,15.260000228881836,5100,0.0,0.0,0.0
2025-05-20 04:25:00+00:00,15.260000228881836,15.260000228881836,15.260000228881836,15.260000228881836,24559,0.0,0.0,0.0
2025-05-20 04:30:00+00:00,15.270000457763672,15.270000457763672,15.270000457763672,15.270000457763672,18210,0.0,0.0,0.0
2025-05-20 04:40:00+00:00,15.260000228881836,15.260000228881836,15.260000228881836,15.260000228881836,64521,0.0,0.0,0.0
2025-05-20 04:50:00+00:00,15.260000228881836,15.260000228881836,15.260000228881836,15.260000228881836,100000,0.0,0.0,0.0
2025-05-20 05:05:00+00:00,15.260000228881836,15.260000228881836,15.260000228881836,15.260000228881836,19100,0.0,0.0,0.0
2025-05-20 05:10:00+00:00,15.260000228881836,15.260000228881836,15.260000228881836,15.260000228881836,2297,0.0,0.0,0.0
2025-05-20 05:15:00+00:00,15.260000228881836,15.260000228881836,15.260000228881836,15.260000228881836,1000,0.0,0.0,0.0
2025-05-20 05:20:00+00:00,15.260000228881836,15.270000457763672,15.260000228881836,15.260000228881836,36042,0.0,0.0,0.0
2025-05-21 01:00:00+00:00,15.260000228881836,15.300000190734863,15.260000228881836,15.300000190734863,0,0.0,0.0,0.0
2025-05-21 01:05:00+00:00,15.3100004196167,15.3100004196167,15.289999961853027,15.289999961853027,9110,0.0,0.0,0.0
2025-05-21 01:15:00+00:00,15.289999961853027,15.289999961853027,15.289999961853027,15.289999961853027,1650,0.0,0.0,0.0
2025-05-21 01:20:00+00:00,15.270000457763672,15.270000457763672,15.270000457763672,15.270000457763672,13075,0.0,0.0,0.0
2025-05-21 01:25:00+00:00,15.279999732971191,15.279999732971191,15.279999732971191,15.279999732971191,1000,0.0,0.0,0.0
2025-05-21 01:30:00+00:00,15.279999732971191,15.279999732971191,15.270000457763672,15.270000457763672,4402,0.0,0.0,0.0
2025-05-21 01:35:00+00:00,15.270000457763672,15.270000457763672,15.270000457763672,15.270000457763672,2270,0.0,0.0,0.0
2025-05-21 01:45:00+00:00,15.270000457763672,15.289999961853027,15.270000457763672,15.270000457763672,82289,0.0,0.0,0.0
2025-05-21 01:50:00+00:00,15.289999961853027,15.289999961853027,15.289999961853027,15.289999961853027,9066,0.0,0.0,0.0
2025-05-21 01:55:00+00:00,15.300000190734863,15.3100004196167,15.300000190734863,15.3100004196167,68528,0.0,0.0,0.0
2025-05-21 02:05:00+00:00,15.279999732971191,15.279999732971191,15.279999732971191,15.279999732971191,1000,0.0,0.0,0.0
2025-05-21 02:10:00+00:00,15.289999961853027,15.3100004196167,15.289999961853027,15.3100004196167,9257,0.0,0.0,0.0
2025-05-21 02:15:00+00:00,15.3100004196167,15.3100004196167,15.3100004196167,15.3100004196167,9305,0.0,0.0,0.0
2025-05-21 02:25:00+00:00,15.3100004196167,15.3100004196167,15.3100004196167,15.3100004196167,1297,0.0,0.0,0.0
2025-05-21 02:30:00+00:00,15.3100004196167,15.3100004196167,15.3100004196167,15.3100004196167,8220,0.0,0.0,0.0
2025-05-21 02:35:00+00:00,15.3100004196167,15.3100004196167,15.3100004196167,15.3100004196167,5027,0.0,0.0,0.0
2025-05-21 02:40:00+00:00,15.319999694824219,15.329999923706055,15.319999694824219,15.329999923706055,34004,0.0,0.0,0.0
2025-05-21 02:45:00+00:00,15.329999923706055,15.329999923706055,15.329999923706055,15.329999923706055,1000,0.0,0.0,0.0
2025-05-21 02:50:00+00:00,15.319999694824219,15.319999694824219,15.319999694824219,15.319999694824219,30000,0.0,0.0,0.0
2025-05-21 02:55:00+00:00,15.319999694824219,15.319999694824219,15.319999694824219,15.319999694824219,1777,0.0,0.0,0.0
2025-05-21 03:00:00+00:00,15.329999923706055,15.350000381469727,15.329999923706055,15.350000381469727,56300,0.0,0.0,0.0
2025-05-21 03:05:00+00:00,15.350000381469727,15.359999656677246,15.350000381469727,15.359999656677246,29000,0.0,0.0,0.0
2025-05-21 03:10:00+00:00,15.359999656677246,15.359999656677246,15.359999656677246,15.359999656677246,3005,0.0,0.0,0.0
2025-05-21 03:15:00+00:00,15.359999656677246,15.359999656677246,15.359999656677246,15.359999656677246,7000,0.0,0.0,0.0
2025-05-21 03:20:00+00:00,15.359999656677246,15.359999656677246,15.359999656677246,15.359999656677246,60150,0.0,0.0,0.0
2025-05-21 03:25:00+00:00,15.350000381469727,15.350000381469727,15.350000381469727,15.350000381469727,1130,0.0,0.0,0.0
2025-05-21 03:35:00+00:00,15.359999656677246,15.359999656677246,15.359999656677246,15.359999656677246,1000,0.0,0.0,0.0
2025-05-21 03:40:00+00:00,15.359999656677246,15.359999656677246,15.359999656677246,15.359999656677246,1325,0.0,0.0,0.0
2025-05-21 03:50:00+00:00,15.350000381469727,15.350000381469727,15.350000381469727,15.350000381469727,8130,0.0,0.0,0.0
2025-05-21 03:55:00+00:00,15.34000015258789,15.350000381469727,15.34000015258789,15.350000381469727,21714,0.0,0.0,0.0
2025-05-21 04:10:00+00:00,15.350000381469727,15.350000381469727,15.350000381469727,15.350000381469727,2000,0.0,0.0,0.0
2025-05-21 04:15:00+00:00,15.350000381469727,15.350000381469727,15.350000381469727,15.350000381469727,43000,0.0,0.0,0.0
2025-05-21 04:20:00+00:00,15.350000381469727,15.359999656677246,15.350000381469727,15.359999656677246,20000,0.0,0.0,0.0
2025-05-21 04:25:00+00:00,15.359999656677246,15.359999656677246,15.350000381469727,15.350000381469727,4800,0.0,0.0,0.0
2025-05-21 04:30:00+00:00,15.359999656677246,15.359999656677246,15.359999656677246,15.359999656677246,64000,0.0,0.0,0.0
2025-05-21 04:35:00+00:00,15.359999656677246,15.369999885559082,15.359999656677246,15.369999885559082,163400,0.0,0.0,0.0
2025-05-21 04:40:00+00:00,15.369999885559082,15.369999885559082,15.359999656677246,15.359999656677246,11020,0.0,0.0,0.0
2025-05-21 04:45:00+00:00,15.359999656677246,15.359999656677246,15.359999656677246,15.359999656677246,1337,0.0,0.0,0.0
2025-05-21 04:50:00+00:00,15.359999656677246,15.359999656677246,15.359999656677246,15.359999656677246,1500,0.0,0.0,0.0
2025-05-21 04:55:00+00:00,15.359999656677246,15.359999656677246,15.359999656677246,15.359999656677246,2063,0.0,0.0,0.0
2025-05-21 05:00:00+00:00,15.359999656677246,15.369999885559082,15.359999656677246,15.369999885559082,127548,0.0,0.0,0.0
2025-05-21 05:05:00+00:00,15.369999885559082,15.369999885559082,15.369999885559082,15.369999885559082,1200,0.0,0.0,0.0
2025-05-21 05:10:00+00:00,15.369999885559082,15.369999885559082,15.369999885559082,15.369999885559082,2010,0.0,0.0,0.0
2025-05-21 05:15:00+00:00,15.369999885559082,15.380000114440918,15.369999885559082,15.380000114440918,69006,0.0,0.0,0.0
2025-05-21 05:20:00+00:00,15.380000114440918,15.390000343322754,15.380000114440918,15.390000343322754,15577,0.0,0.0,0.0
2025-05-22 01:00:00+00:00,15.239999771118164,15.289999961853027,15.239999771118164,15.289999961853027,0,0.0,0.0,0.0
2025-05-22 01:05:00+00:00,15.289999961853027,15.300000190734863,15.289999961853027,15.300000190734863,19746,0.0,0.0,0.0
2025-05-22 01:10:00+00:00,15.3100004196167,15.3100004196167,15.300000190734863,15.3100004196167,73000,0.0,0.0,0.0
2025-05-22 01:15:00+00:00,15.300000190734863,15.300000190734863,15.25,15.25,133200,0.0,0.0,0.0
2025-05-22 01:20:00+00:00,15.25,15.279999732971191,15.25,15.279999732971191,6000,0.0,0.0,0.0
2025-05-22 01:25:00+00:00,15.300000190734863,15.300000190734863,15.300000190734863,15.300000190734863,7290,0.0,0.0,0.0
2025-05-22 01:30:00+00:00,15.300000190734863,15.300000190734863,15.300000190734863,15.300000190734863,5250,0.0,0.0,0.0
2025-05-22 01:40:00+00:00,15.300000190734863,15.300000190734863,15.300000190734863,15.300000190734863,4000,0.0,0.0,0.0
2025-05-22 01:45:00+00:00,15.3100004196167,15.3100004196167,15.300000190734863,15.300000190734863,146670,0.0,0.0,0.0
2025-05-22 01:50:00+00:00,15.289999961853027,15.300000190734863,15.289999961853027,15.300000190734863,5486,0.0,0.0,0.0
2025-05-22 01:55:00+00:00,15.25,15.25,15.25,15.25,13430,0.0,0.0,0.0
2025-05-22 02:00:00+00:00,15.25,15.25,15.25,15.25,6333,0.0,0.0,0.0
2025-05-22 02:05:00+00:00,15.25,15.270000457763672,15.25,15.270000457763672,32280,0.0,0.0,0.0
2025-05-22 02:10:00+00:00,15.270000457763672,15.270000457763672,15.270000457763672,15.270000457763672,6010,0.0,0.0,0.0
2025-05-22 02:20:00+00:00,15.300000190734863,15.300000190734863,15.300000190734863,15.300000190734863,2000,0.0,0.0,0.0
2025-05-22 02:25:00+00:00,15.300000190734863,15.3100004196167,15.300000190734863,15.3100004196167,25800,0.0,0.0,0.0
2025-05-22 02:30:00+00:00,15.3100004196167,15.3100004196167,15.3100004196167,15.3100004196167,7115,0.0,0.0,0.0
2025-05-22 02:35:00+00:00,15.3100004196167,15.319999694824219,15.3100004196167,15.319999694824219,13000,0.0,0.0,0.0
2025-05-22 02:40:00+00:00,15.319999694824219,15.329999923706055,15.319999694824219,15.329999923706055,8009,0.0,0.0,0.0
2025-05-22 02:45:00+00:00,15.329999923706055,15.329999923706055,15.329999923706055,15.329999923706055,5641,0.0,0.0,0.0
2025-05-22 02:50:00+00:00,15.319999694824219,15.319999694824219,15.319999694824219,15.319999694824219,2100,0.0,0.0,0.0
2025-05-22 02:55:00+00:00,15.3100004196167,15.3100004196167,15.3100004196167,15.3100004196167,1000,0.0,0.0,0.0
2025-05-22 03:00:00+00:00,15.3100004196167,15.3100004196167,15.3100004196167,15.3100004196167,4209,0.0,0.0,0.0
2025-05-22 03:05:00+00:00,15.3100004196167,15.3100004196167,15.3100004196167,15.3100004196167,7000,0.0,0.0,0.0
2025-05-22 03:10:00+00:00,15.3100004196167,15.319999694824219,15.3100004196167,15.319999694824219,63000,0.0,0.0,0.0
2025-05-22 03:15:00+00:00,15.329999923706055,15.34000015258789,15.329999923706055,15.34000015258789,31461,0.0,0.0,0.0
2025-05-22 03:20:00+00:00,15.350000381469727,15.350000381469727,15.350000381469727,15.350000381469727,9191,0.0,0.0,0.0
2025-05-22 03:25:00+00:00,15.359999656677246,15.359999656677246,15.359999656677246,15.359999656677246,11107,0.0,0.0,0.0
2025-05-22 03:30:00+00:00,15.359999656677246,15.359999656677246,15.359999656677246,15.359999656677246,5000,0.0,0.0,0.0
2025-05-22 03:35:00+00:00,15.359999656677246,15.380000114440918,15.359999656677246,15.380000114440918,30237,0.0,0.0,0.0
2025-05-22 03:40:00+00:00,15.380000114440918,15.380000114440918,15.380000114440918,15.380000114440918,5000,0.0,0.0,0.0
2025-05-22 03:45:00+00:00,15.369999885559082,15.369999885559082,15.369999885559082,15.369999885559082,8107,0.0,0.0,0.0
2025-05-22 03:55:00+00:00,15.369999885559082,15.390000343322754,15.369999885559082,15.390000343322754,21383,0.0,0.0,0.0
2025-05-22 04:05:00+00:00,15.380000114440918,15.380000114440918,15.380000114440918,15.380000114440918,100013,0.0,0.0,0.0
2025-05-22 04:10:00+00:00,15.359999656677246,15.359999656677246,15.359999656677246,15.359999656677246,2100,0.0,0.0,0.0
2025-05-22 04:20:00+00:00,15.369999885559082,15.380000114440918,15.369999885559082,15.380000114440918,35000,0.0,0.0,0.0
2025-05-22 04:25:00+00:00,15.380000114440918,15.380000114440918,15.380000114440918,15.380000114440918,1000,0.0,0.0,0.0
2025-05-22 04:40:00+00:00,15.369999885559082,15.380000114440918,15.369999885559082,15.380000114440918,5148,0.0,0.0,0.0
2025-05-22 04:45:00+00:00,15.380000114440918,15.380000114440918,15.380000114440918,15.380000114440918,3171,0.0,0.0,0.0
2025-05-22 05:00:00+00:00,15.359999656677246,15.359999656677246,15.359999656677246,15.359999656677246,10776,0.0,0.0,0.0
2025-05-22 05:05:00+00:00,15.359999656677246,15.359999656677246,15.359999656677246,15.359999656677246,1160,0.0,0.0,0.0
2025-05-22 05:15:00+00:00,15.369999885559082,15.369999885559082,15.369999885559082,15.369999885559082,22138,0.0,0.0,0.0
2025-05-22 05:20:00+00:00,15.380000114440918,15.380000114440918,15.369999885559082,15.369999885559082,4781,0.0,0.0,0.0
2025-05-23 01:00:00+00:00,15.390000343322754,15.420000076293945,15.390000343322754,15.40999984741211,0,0.0,0.0,0.0
2025-05-23 01:05:00+00:00,15.399999618530273,15.399999618530273,15.399999618530273,15.399999618530273,14087,0.0,0.0,0.0
2025-05-23 01:10:00+00:00,15.40999984741211,15.420000076293945,15.40999984741211,15.40999984741211,22740,0.0,0.0,0.0
2025-05-23 01:15:00+00:00,15.399999618530273,15.399999618530273,15.390000343322754,15.399999618530273,10000,0.0,0.0,0.0
2025-05-23 01:20:00+00:00,15.399999618530273,15.399999618530273,15.390000343322754,15.390000343322754,48877,0.0,0.0,0.0
2025-05-23 01:25:00+00:00,15.380000114440918,15.380000114440918,15.380000114440918,15.380000114440918,10710,0.0,0.0,0.0
2025-05-23 01:30:00+00:00,15.390000343322754,15.390000343322754,15.380000114440918,15.380000114440918,21210,0.0,0.0,0.0
2025-05-23 01:35:00+00:00,15.380000114440918,15.380000114440918,15.369999885559082,15.380000114440918,20739,0.0,0.0,0.0
2025-05-23 01:40:00+00:00,15.380000114440918,15.380000114440918,15.380000114440918,15.380000114440918,1015,0.0,0.0,0.0
2025-05-23 01:45:00+00:00,15.390000343322754,15.399999618530273,15.390000343322754,15.399999618530273,32356,0.0,0.0,0.0
2025-05-23 01:50:00+00:00,15.399999618530273,15.399999618530273,15.399999618530273,15.399999618530273,100045,0.0,0.0,0.0
2025-05-23 01:55:00+00:00,15.369999885559082,15.369999885559082,15.369999885559082,15.369999885559082,106086,0.0,0.0,0.0
2025-05-23 02:00:00+00:00,15.399999618530273,15.399999618530273,15.399999618530273,15.399999618530273,2112,0.0,0.0,0.0
2025-05-23 02:10:00+00:00,15.369999885559082,15.390000343322754,15.369999885559082,15.390000343322754,5350,0.0,0.0,0.0
2025-05-23 02:15:00+00:00,15.399999618530273,15.399999618530273,15.399999618530273,15.399999618530273,107193,0.0,0.0,0.0
2025-05-23 02:20:00+00:00,15.390000343322754,15.390000343322754,15.390000343322754,15.390000343322754,1126,0.0,0.0,0.0
2025-05-23 02:25:00+00:00,15.380000114440918,15.390000343322754,15.380000114440918,15.390000343322754,3000,0.0,0.0,0.0
2025-05-23 02:30:00+00:00,15.390000343322754,15.390000343322754,15.380000114440918,15.380000114440918,5518,0.0,0.0,0.0
2025-05-23 02:35:00+00:00,15.369999885559082,15.369999885559082,15.359999656677246,15.359999656677246,53160,0.0,0.0,0.0
2025-05-23 02:40:00+00:00,15.369999885559082,15.369999885559082,15.369999885559082,15.369999885559082,4000,0.0,0.0,0.0
2025-05-23 02:45:00+00:00,15.390000343322754,15.390000343322754,15.390000343322754,15.390000343322754,2140,0.0,0.0,0.0
2025-05-23 02:50:00+00:00,15.390000343322754,15.390000343322754,15.390000343322754,15.390000343322754,5063,0.0,0.0,0.0
2025-05-23 03:00:00+00:00,15.390000343322754,15.390000343322754,15.380000114440918,15.380000114440918,8110,0.0,0.0,0.0
2025-05-23 03:05:00+00:00,15.380000114440918,15.380000114440918,15.380000114440918,15.380000114440918,2000,0.0,0.0,0.0
2025-05-23 03:15:00+00:00,15.380000114440918,15.380000114440918,15.380000114440918,15.380000114440918,29311,0.0,0.0,0.0
2025-05-23 03:20:00+00:00,15.390000343322754,15.390000343322754,15.390000343322754,15.390000343322754,46601,0.0,0.0,0.0
2025-05-23 03:30:00+00:00,15.390000343322754,15.390000343322754,15.390000343322754,15.390000343322754,5614,0.0,0.0,0.0
2025-05-23 03:40:00+00:00,15.380000114440918,15.380000114440918,15.380000114440918,15.380000114440918,5081,0.0,0.0,0.0
2025-05-23 03:45:00+00:00,15.380000114440918,15.390000343322754,15.369999885559082,15.369999885559082,18140,0.0,0.0,0.0
2025-05-23 03:50:00+00:00,15.359999656677246,15.359999656677246,15.359999656677246,15.359999656677246,3080,0.0,0.0,0.0
2025-05-23 04:05:00+00:00,15.359999656677246,15.359999656677246,15.350000381469727,15.359999656677246,29263,0.0,0.0,0.0
2025-05-23 04:10:00+00:00,15.369999885559082,15.369999885559082,15.369999885559082,15.369999885559082,20166,0.0,0.0,0.0
2025-05-23 04:20:00+00:00,15.359999656677246,15.359999656677246,15.350000381469727,15.350000381469727,116250,0.0,0.0,0.0
2025-05-23 04:25:00+00:00,15.359999656677246,15.359999656677246,15.350000381469727,15.350000381469727,8281,0.0,0.0,0.0
2025-05-23 04:30:00+00:00,15.34000015258789,15.350000381469727,15.34000015258789,15.350000381469727,19573,0.0,0.0,0.0
2025-05-23 04:45:00+00:00,15.350000381469727,15.350000381469727,15.350000381469727,15.350000381469727,1300,0.0,0.0,0.0
2025-05-23 04:50:00+00:00,15.350000381469727,15.350000381469727,15.350000381469727,15.350000381469727,1700,0.0,0.0,0.0
2025-05-23 04:55:00+00:00,15.34000015258789,15.34000015258789,15.34000015258789,15.34000015258789,23100,0.0,0.0,0.0
2025-05-23 05:00:00+00:00,15.34000015258789,15.350000381469727,15.34000015258789,15.350000381469727,21053,0.0,0.0,0.0
2025-05-23 05:05:00+00:00,15.350000381469727,15.350000381469727,15.34000015258789,15.34000015258789,3000,0.0,0.0,0.0
2025-05-23 05:10:00+00:00,15.34000015258789,15.34000015258789,15.329999923706055,15.329999923706055,2954,0.0,0.0,0.0
2025-05-23 05:20:00+00:00,15.329999923706055,15.34000015258789,15.329999923706055,15.34000015258789,5056,0.0,0.0,0.0
2025-05-26 01:00:00+00:00,15.350000381469727,15.350000381469727,15.34000015258789,15.34000015258789,0,0.0,0.0,0.0
2025-05-26 01:05:00+00:00,15.329999923706055,15.350000381469727,15.329999923706055,15.329999923706055,18387,0.0,0.0,0.0
2025-05-26 01:10:00+00:00,15.34000015258789,15.359999656677246,15.34000015258789,15.359999656677246,201017,0.0,0.0,0.0
2025-05-26 01:15:00+00:00,15.359999656677246,15.359999656677246,15.359999656677246,15.359999656677246,1079,0.0,0.0,0.0
2025-05-26 01:20:00+00:00,15.34000015258789,15.34000015258789,15.34000015258789,15.34000015258789,102130,0.0,0.0,0.0
2025-05-26 01:25:00+00:00,15.329999923706055,15.329999923706055,15.319999694824219,15.319999694824219,6029,0.0,0.0,0.0
2025-05-26 01:30:00+00:00,15.300000190734863,15.300000190734863,15.300000190734863,15.300000190734863,35100,0.0,0.0,0.0
2025-05-26 01:35:00+00:00,15.300000190734863,15.300000190734863,15.300000190734863,15.300000190734863,20100,0.0,0.0,0.0
2025-05-26 01:40:00+00:00,15.319999694824219,15.329999923706055,15.319999694824219,15.319999694824219,181068,0.0,0.0,0.0
2025-05-26 01:45:00+00:00,15.329999923706055,15.329999923706055,15.329999923706055,15.329999923706055,11268,0.0,0.0,0.0
2025-05-26 01:50:00+00:00,15.329999923706055,15.329999923706055,15.319999694824219,15.319999694824219,6000,0.0,0.0,0.0
2025-05-26 01:55:00+00:00,15.3100004196167,15.329999923706055,15.3100004196167,15.329999923706055,47230,0.0,0.0,0.0
2025-05-26 02:00:00+00:00,15.34000015258789,15.34000015258789,15.329999923706055,15.34000015258789,12110,0.0,0.0,0.0
2025-05-26 02:05:00+00:00,15.34000015258789,15.34000015258789,15.34000015258789,15.34000015258789,7118,0.0,0.0,0.0
2025-05-26 02:10:00+00:00,15.34000015258789,15.34000015258789,15.34000015258789,15.34000015258789,1000,0.0,0.0,0.0
2025-05-26 02:15:00+00:00,15.34000015258789,15.34000015258789,15.329999923706055,15.34000015258789,25052,0.0,0.0,0.0
2025-05-26 02:20:00+00:00,15.34000015258789,15.34000015258789,15.319999694824219,15.319999694824219,4000,0.0,0.0,0.0
2025-05-26 02:25:00+00:00,15.300000190734863,15.300000190734863,15.300000190734863,15.300000190734863,3030,0.0,0.0,0.0
2025-05-26 02:30:00+00:00,15.3100004196167,15.319999694824219,15.3100004196167,15.3100004196167,8178,0.0,0.0,0.0
2025-05-26 02:35:00+00:00,15.3100004196167,15.3100004196167,15.300000190734863,15.3100004196167,7085,0.0,0.0,0.0
2025-05-26 02:40:00+00:00,15.3100004196167,15.3100004196167,15.3100004196167,15.3100004196167,2100,0.0,0.0,0.0
2025-05-26 02:45:00+00:00,15.3100004196167,15.3100004196167,15.3100004196167,15.3100004196167,12588,0.0,0.0,0.0
2025-05-26 02:50:00+00:00,15.3100004196167,15.3100004196167,15.3100004196167,15.3100004196167,10117,0.0,0.0,0.0
2025-05-26 02:55:00+00:00,15.300000190734863,15.3100004196167,15.300000190734863,15.3100004196167,20300,0.0,0.0,0.0
2025-05-26 03:00:00+00:00,15.3100004196167,15.329999923706055,15.3100004196167,15.329999923706055,10500,0.0,0.0,0.0
2025-05-26 03:05:00+00:00,15.34000015258789,15.34000015258789,15.34000015258789,15.34000015258789,1398,0.0,0.0,0.0
2025-05-26 03:15:00+00:00,15.329999923706055,15.329999923706055,15.329999923706055,15.329999923706055,1029,0.0,0.0,0.0
2025-05-26 03:20:00+00:00,15.329999923706055,15.329999923706055,15.329999923706055,15.329999923706055,2030,0.0,0.0,0.0
2025-05-26 03:25:00+00:00,15.319999694824219,15.319999694824219,15.319999694824219,15.319999694824219,12207,0.0,0.0,0.0
2025-05-26 03:40:00+00:00,15.319999694824219,15.319999694824219,15.300000190734863,15.300000190734863,12341,0.0,0.0,0.0
2025-05-26 03:45:00+00:00,15.300000190734863,15.300000190734863,15.300000190734863,15.300000190734863,2529,0.0,0.0,0.0
2025-05-26 03:50:00+00:00,15.3100004196167,15.3100004196167,15.3100004196167,15.3100004196167,1000,0.0,0.0,0.0
2025-05-26 03:55:00+00:00,15.3100004196167,15.3100004196167,15.3100004196167,15.3100004196167,1054,0.0,0.0,0.0
2025-05-26 04:05:00+00:00,15.319999694824219,15.319999694824219,15.319999694824219,15.319999694824219,4018,0.0,0.0,0.0
2025-05-26 04:10:00+00:00,15.319999694824219,15.319999694824219,15.3100004196167,15.3100004196167,6105,0.0,0.0,0.0
2025-05-26 04:15:00+00:00,15.3100004196167,15.3100004196167,15.300000190734863,15.300000190734863,5010,0.0,0.0,0.0
2025-05-26 04:20:00+00:00,15.300000190734863,15.319999694824219,15.300000190734863,15.319999694824219,11198,0.0,0.0,0.0
2025-05-26 04:25:00+00:00,15.319999694824219,15.319999694824219,15.319999694824219,15.319999694824219,65000,0.0,0.0,0.0
2025-05-26 04:30:00+00:00,15.329999923706055,15.329999923706055,15.319999694824219,15.329999923706055,28945,0.0,0.0,0.0
2025-05-26 04:35:00+00:00,15.329999923706055,15.329999923706055,15.329999923706055,15.329999923706055,7029,0.0,0.0,0.0
2025-05-26 04:40:00+00:00,15.329999923706055,15.329999923706055,15.319999694824219,15.319999694824219,21362,0.0,0.0,0.0
2025-05-26 04:45:00+00:00,15.329999923706055,15.329999923706055,15.319999694824219,15.319999694824219,62063,0.0,0.0,0.0
2025-05-26 04:55:00+00:00,15.3100004196167,15.3100004196167,15.3100004196167,15.3100004196167,251425,0.0,0.0,0.0
2025-05-26 05:00:00+00:00,15.3100004196167,15.3100004196167,15.3100004196167,15.3100004196167,2000,0.0,0.0,0.0
2025-05-26 05:05:00+00:00,15.3100004196167,15.3100004196167,15.3100004196167,15.3100004196167,152000,0.0,0.0,0.0
2025-05-26 05:10:00+00:00,15.300000190734863,15.300000190734863,15.300000190734863,15.300000190734863,68076,0.0,0.0,0.0
2025-05-26 05:15:00+00:00,15.300000190734863,15.300000190734863,15.289999961853027,15.289999961853027,16102,0.0,0.0,0.0
2025-05-26 05:20:00+00:00,15.289999961853027,15.289999961853027,15.279999732971191,15.279999732971191,114071,0.0,0.0,0.0
2025-05-27 01:00:00+00:00,15.279999732971191,15.279999732971191,15.260000228881836,15.260000228881836,0,0.0,0.0,0.0
2025-05-27 01:05:00+00:00,15.260000228881836,15.260000228881836,15.260000228881836,15.260000228881836,50915,0.0,0.0,0.0
2025-05-27 01:10:00+00:00,15.25,15.25,15.25,15.25,6490,0.0,0.0,0.0
2025-05-27 01:15:00+00:00,15.220000267028809,15.220000267028809,15.199999809265137,15.199999809265137,3641,0.0,0.0,0.0
2025-05-27 01:20:00+00:00,15.210000038146973,15.210000038146973,15.210000038146973,15.210000038146973,2430,0.0,0.0,0.0
2025-05-27 01:25:00+00:00,15.229999542236328,15.229999542236328,15.229999542236328,15.229999542236328,79000,0.0,0.0,0.0
2025-05-27 01:30:00+00:00,15.25,15.25,15.25,15.25,5116,0.0,0.0,0.0
2025-05-27 01:35:00+00:00,15.229999542236328,15.229999542236328,15.229999542236328,15.229999542236328,7500,0.0,0.0,0.0
2025-05-27 01:40:00+00:00,15.229999542236328,15.229999542236328,15.229999542236328,15.229999542236328,20195,0.0,0.0,0.0
2025-05-27 01:45:00+00:00,15.229999542236328,15.229999542236328,15.229999542236328,15.229999542236328,54070,0.0,0.0,0.0
2025-05-27 01:50:00+00:00,15.220000267028809,15.220000267028809,15.199999809265137,15.199999809265137,23100,0.0,0.0,0.0
2025-05-27 01:55:00+00:00,15.1899995803833,15.1899995803833,15.15999984741211,15.15999984741211,21949,0.0,0.0,0.0
2025-05-27 02:00:00+00:00,15.15999984741211,15.15999984741211,15.15999984741211,15.15999984741211,20010,0.0,0.0,0.0
2025-05-27 02:05:00+00:00,15.149999618530273,15.149999618530273,15.149999618530273,15.149999618530273,10145,0.0,0.0,0.0
2025-05-27 02:10:00+00:00,15.149999618530273,15.149999618530273,15.140000343322754,15.140000343322754,5978,0.0,0.0,0.0
2025-05-27 02:15:00+00:00,15.149999618530273,15.15999984741211,15.149999618530273,15.15999984741211,69010,0.0,0.0,0.0
2025-05-27 02:25:00+00:00,15.15999984741211,15.180000305175781,15.15999984741211,15.180000305175781,17180,0.0,0.0,0.0
2025-05-27 02:30:00+00:00,15.199999809265137,15.220000267028809,15.199999809265137,15.220000267028809,28053,0.0,0.0,0.0
2025-05-27 02:35:00+00:00,15.220000267028809,15.220000267028809,15.220000267028809,15.220000267028809,3000,0.0,0.0,0.0
2025-05-27 02:40:00+00:00,15.229999542236328,15.229999542236328,15.210000038146973,15.220000267028809,81396,0.0,0.0,0.0
2025-05-27 03:00:00+00:00,15.199999809265137,15.199999809265137,15.199999809265137,15.199999809265137,3355,0.0,0.0,0.0
2025-05-27 03:10:00+00:00,15.1899995803833,15.1899995803833,15.1899995803833,15.1899995803833,2003,0.0,0.0,0.0
2025-05-27 03:15:00+00:00,15.180000305175781,15.180000305175781,15.180000305175781,15.180000305175781,2000,0.0,0.0,0.0
2025-05-27 03:25:00+00:00,15.180000305175781,15.180000305175781,15.180000305175781,15.180000305175781,3109,0.0,0.0,0.0
2025-05-27 03:35:00+00:00,15.170000076293945,15.180000305175781,15.170000076293945,15.180000305175781,80220,0.0,0.0,0.0
2025-05-27 03:50:00+00:00,15.170000076293945,15.170000076293945,15.15999984741211,15.15999984741211,113295,0.0,0.0,0.0
2025-05-27 03:55:00+00:00,15.149999618530273,15.149999618530273,15.140000343322754,15.140000343322754,49179,0.0,0.0,0.0
2025-05-27 04:10:00+00:00,15.140000343322754,15.140000343322754,15.140000343322754,15.140000343322754,2010,0.0,0.0,0.0
2025-05-27 04:20:00+00:00,15.140000343322754,15.140000343322754,15.140000343322754,15.140000343322754,96179,0.0,0.0,0.0
2025-05-27 04:25:00+00:00,15.140000343322754,15.140000343322754,15.140000343322754,15.140000343322754,2281,0.0,0.0,0.0
2025-05-27 04:35:00+00:00,15.149999618530273,15.149999618530273,15.149999618530273,15.149999618530273,3022,0.0,0.0,0.0
2025-05-27 04:40:00+00:00,15.15999984741211,15.15999984741211,15.15999984741211,15.15999984741211,2108,0.0,0.0,0.0
2025-05-27 04:45:00+00:00,15.15999984741211,15.15999984741211,15.15999984741211,15.15999984741211,10050,0.0,0.0,0.0
2025-05-27 04:50:00+00:00,15.149999618530273,15.149999618530273,15.149999618530273,15.149999618530273,1051,0.0,0.0,0.0
2025-05-27 04:55:00+00:00,15.149999618530273,15.15999984741211,15.149999618530273,15.15999984741211,111000,0.0,0.0,0.0
2025-05-27 05:00:00+00:00,15.149999618530273,15.149999618530273,15.149999618530273,15.149999618530273,1533,0.0,0.0,0.0
2025-05-27 05:05:00+00:00,15.149999618530273,15.149999618530273,15.149999618530273,15.149999618530273,3043,0.0,0.0,0.0
2025-05-27 05:10:00+00:00,15.149999618530273,15.149999618530273,15.149999618530273,15.149999618530273,50100,0.0,0.0,0.0
2025-05-27 05:15:00+00:00,15.15999984741211,15.15999984741211,15.149999618530273,15.149999618530273,52038,0.0,0.0,0.0
2025-05-27 05:20:00+00:00,15.140000343322754,15.140000343322754,15.140000343322754,15.140000343322754,2362,0.0,0.0,0.0
2025-05-28 01:00:00+00:00,15.199999809265137,15.210000038146973,15.199999809265137,15.210000038146973,0,0.0,0.0,0.0
2025-05-28 01:05:00+00:00,15.199999809265137,15.199999809265137,15.180000305175781,15.180000305175781,6807,0.0,0.0,0.0
2025-05-28 01:10:00+00:00,15.1899995803833,15.1899995803833,15.1899995803833,15.1899995803833,1100,0.0,0.0,0.0
2025-05-28 01:15:00+00:00,15.180000305175781,15.180000305175781,15.170000076293945,15.170000076293945,3060,0.0,0.0,0.0
2025-05-28 01:20:00+00:00,15.180000305175781,15.180000305175781,15.180000305175781,15.180000305175781,2103,0.0,0.0,0.0
2025-05-28 01:25:00+00:00,15.180000305175781,15.180000305175781,15.180000305175781,15.180000305175781,1778,0.0,0.0,0.0
2025-05-28 01:30:00+00:00,15.170000076293945,15.170000076293945,15.15999984741211,15.15999984741211,8526,0.0,0.0,0.0
2025-05-28 01:35:00+00:00,15.15999984741211,15.15999984741211,15.15999984741211,15.15999984741211,1000,0.0,0.0,0.0
2025-05-28 01:40:00+00:00,15.15999984741211,15.15999984741211,15.15999984741211,15.15999984741211,2340,0.0,0.0,0.0
2025-05-28 01:45:00+00:00,15.170000076293945,15.170000076293945,15.170000076293945,15.170000076293945,1150,0.0,0.0,0.0
2025-05-28 01:50:00+00:00,15.170000076293945,15.170000076293945,15.15999984741211,15.15999984741211,16000,0.0,0.0,0.0
2025-05-28 01:55:00+00:00,15.149999618530273,15.149999618530273,15.149999618530273,15.149999618530273,11000,0.0,0.0,0.0
2025-05-28 02:00:00+00:00,15.149999618530273,15.149999618530273,15.149999618530273,15.149999618530273,15000,0.0,0.0,0.0
2025-05-28 02:05:00+00:00,15.140000343322754,15.140000343322754,15.140000343322754,15.140000343322754,11220,0.0,0.0,0.0
2025-05-28 02:10:00+00:00,15.140000343322754,15.140000343322754,15.140000343322754,15.140000343322754,2510,0.0,0.0,0.0
2025-05-28 02:15:00+00:00,15.140000343322754,15.140000343322754,15.140000343322754,15.140000343322754,10738,0.0,0.0,0.0
2025-05-28 02:20:00+00:00,15.140000343322754,15.140000343322754,15.140000343322754,15.140000343322754,1558,0.0,0.0,0.0
2025-05-28 02:40:00+00:00,15.130000114440918,15.130000114440918,15.119999885559082,15.119999885559082,8100,0.0,0.0,0.0
2025-05-28 02:45:00+00:00,15.119999885559082,15.130000114440918,15.119999885559082,15.130000114440918,4761,0.0,0.0,0.0
2025-05-28 03:05:00+00:00,15.119999885559082,15.119999885559082,15.119999885559082,15.119999885559082,2000,0.0,0.0,0.0
2025-05-28 03:10:00+00:00,15.119999885559082,15.130000114440918,15.119999885559082,15.119999885559082,17170,0.0,0.0,0.0
2025-05-28 03:15:00+00:00,15.119999885559082,15.119999885559082,15.119999885559082,15.119999885559082,2664,0.0,0.0,0.0
2025-05-28 03:20:00+00:00,15.119999885559082,15.119999885559082,15.119999885559082,15.119999885559082,3000,0.0,0.0,0.0
2025-05-28 03:25:00+00:00,15.119999885559082,15.119999885559082,15.119999885559082,15.119999885559082,5732,0.0,0.0,0.0
2025-05-28 03:30:00+00:00,15.109999656677246,15.109999656677246,15.109999656677246,15.109999656677246,22100,0.0,0.0,0.0
2025-05-28 03:35:00+00:00,15.109999656677246,15.109999656677246,15.100000381469727,15.100000381469727,9000,0.0,0.0,0.0
2025-05-28 03:40:00+00:00,15.100000381469727,15.100000381469727,15.100000381469727,15.100000381469727,27520,0.0,0.0,0.0
2025-05-28 03:45:00+00:00,15.100000381469727,15.100000381469727,15.069999694824219,15.069999694824219,15798,0.0,0.0,0.0
2025-05-28 03:55:00+00:00,15.069999694824219,15.069999694824219,15.0600004196167,15.0600004196167,2007,0.0,0.0,0.0
2025-05-28 04:00:00+00:00,15.0600004196167,15.0600004196167,15.0600004196167,15.0600004196167,2061,0.0,0.0,0.0
2025-05-28 04:05:00+00:00,15.0600004196167,15.0600004196167,15.0600004196167,15.0600004196167,7426,0.0,0.0,0.0
2025-05-28 04:10:00+00:00,15.0600004196167,15.0600004196167,15.0600004196167,15.0600004196167,2030,0.0,0.0,0.0
2025-05-28 04:15:00+00:00,15.050000190734863,15.050000190734863,15.039999961853027,15.039999961853027,12141,0.0,0.0,0.0
2025-05-28 04:20:00+00:00,15.039999961853027,15.039999961853027,15.029999732971191,15.029999732971191,7104,0.0,0.0,0.0
2025-05-28 04:25:00+00:00,15.029999732971191,15.029999732971191,15.020000457763672,15.020000457763672,7372,0.0,0.0,0.0
2025-05-28 04:30:00+00:00,15.020000457763672,15.020000457763672,15.010000228881836,15.010000228881836,17533,0.0,0.0,0.0
2025-05-28 04:35:00+00:00,15.0,15.0,15.0,15.0,28036,0.0,0.0,0.0
2025-05-28 04:40:00+00:00,15.0,15.0,14.979999542236328,14.989999771118164,7878,0.0,0.0,0.0
2025-05-28 04:50:00+00:00,14.989999771118164,14.989999771118164,14.989999771118164,14.989999771118164,15020,0.0,0.0,0.0
2025-05-28 04:55:00+00:00,14.979999542236328,14.989999771118164,14.979999542236328,14.979999542236328,28174,0.0,0.0,0.0
2025-05-28 05:05:00+00:00,15.0,15.029999732971191,15.0,15.029999732971191,24411,0.0,0.0,0.0
2025-05-28 05:15:00+00:00,15.029999732971191,15.029999732971191,15.029999732971191,15.029999732971191,4598,0.0,0.0,0.0
2025-05-28 05:20:00+00:00,15.050000190734863,15.050000190734863,15.020000457763672,15.029999732971191,18004,0.0,0.0,0.0
2025-05-29 01:00:00+00:00,15.069999694824219,15.100000381469727,15.069999694824219,15.100000381469727,0,0.0,0.0,0.0
2025-05-29 01:05:00+00:00,15.100000381469727,15.100000381469727,15.09000015258789,15.09000015258789,5640,0.0,0.0,0.0
2025-05-29 01:10:00+00:00,15.079999923706055,15.079999923706055,15.039999961853027,15.039999961853027,6576,0.0,0.0,0.0
2025-05-29 01:15:00+00:00,15.039999961853027,15.039999961853027,15.039999961853027,15.039999961853027,4020,0.0,0.0,0.0
2025-05-29 01:20:00+00:00,15.029999732971191,15.029999732971191,15.029999732971191,15.029999732971191,206721,0.0,0.0,0.0
2025-05-29 01:25:00+00:00,15.029999732971191,15.039999961853027,15.029999732971191,15.039999961853027,13219,0.0,0.0,0.0
2025-05-29 01:30:00+00:00,15.069999694824219,15.069999694824219,15.0600004196167,15.0600004196167,11741,0.0,0.0,0.0
2025-05-29 01:35:00+00:00,15.0600004196167,15.0600004196167,15.0600004196167,15.0600004196167,5020,0.0,0.0,0.0
2025-05-29 01:40:00+00:00,15.0600004196167,15.0600004196167,15.0600004196167,15.0600004196167,2030,0.0,0.0,0.0
2025-05-29 01:45:00+00:00,15.0600004196167,15.0600004196167,15.029999732971191,15.029999732971191,9166,0.0,0.0,0.0
2025-05-29 01:50:00+00:00,15.020000457763672,15.020000457763672,15.020000457763672,15.020000457763672,6381,0.0,0.0,0.0
2025-05-29 01:55:00+00:00,15.020000457763672,15.020000457763672,15.020000457763672,15.020000457763672,2090,0.0,0.0,0.0
2025-05-29 02:00:00+00:00,15.029999732971191,15.039999961853027,15.020000457763672,15.020000457763672,16337,0.0,0.0,0.0
2025-05-29 02:05:00+00:00,15.010000228881836,15.010000228881836,15.0,15.010000228881836,113170,0.0,0.0,0.0
2025-05-29 02:15:00+00:00,15.029999732971191,15.029999732971191,15.0,15.0,46509,0.0,0.0,0.0
2025-05-29 02:25:00+00:00,15.0,15.0,15.0,15.0,3357,0.0,0.0,0.0
2025-05-29 02:30:00+00:00,15.0,15.0,15.0,15.0,3455,0.0,0.0,0.0
2025-05-29 02:35:00+00:00,15.0,15.0,15.0,15.0,1048,0.0,0.0,0.0
2025-05-29 02:40:00+00:00,15.0,15.0,15.0,15.0,5000,0.0,0.0,0.0
2025-05-29 02:45:00+00:00,15.0,15.0,14.989999771118164,14.989999771118164,22273,0.0,0.0,0.0
2025-05-29 02:50:00+00:00,14.979999542236328,14.979999542236328,14.979999542236328,14.979999542236328,18690,0.0,0.0,0.0
2025-05-29 03:15:00+00:00,15.0,15.0,15.0,15.0,49300,0.0,0.0,0.0
2025-05-29 03:20:00+00:00,15.0,15.0,14.989999771118164,14.989999771118164,10050,0.0,0.0,0.0
2025-05-29 03:25:00+00:00,14.989999771118164,14.989999771118164,14.989999771118164,14.989999771118164,1740,0.0,0.0,0.0
2025-05-29 03:35:00+00:00,14.989999771118164,14.989999771118164,14.989999771118164,14.989999771118164,10820,0.0,0.0,0.0
2025-05-29 03:40:00+00:00,15.0,15.0,15.0,15.0,1664,0.0,0.0,0.0
2025-05-29 03:45:00+00:00,15.0,15.0,14.989999771118164,14.989999771118164,8460,0.0,0.0,0.0
2025-05-29 03:50:00+00:00,14.989999771118164,14.989999771118164,14.989999771118164,14.989999771118164,1150,0.0,0.0,0.0
2025-05-29 04:00:00+00:00,14.989999771118164,14.989999771118164,14.989999771118164,14.989999771118164,1368,0.0,0.0,0.0
2025-05-29 04:15:00+00:00,14.989999771118164,14.989999771118164,14.989999771118164,14.989999771118164,2060,0.0,0.0,0.0
2025-05-29 04:20:00+00:00,15.0,15.0,15.0,15.0,6042,0.0,0.0,0.0
2025-05-29 04:25:00+00:00,14.989999771118164,14.989999771118164,14.989999771118164,14.989999771118164,5000,0.0,0.0,0.0
2025-05-29 04:30:00+00:00,14.989999771118164,14.989999771118164,14.979999542236328,14.979999542236328,12234,0.0,0.0,0.0
2025-05-29 04:35:00+00:00,14.979999542236328,14.989999771118164,14.979999542236328,14.989999771118164,4920,0.0,0.0,0.0
2025-05-29 04:45:00+00:00,14.989999771118164,14.989999771118164,14.989999771118164,14.989999771118164,12300,0.0,0.0,0.0
2025-05-29 04:50:00+00:00,14.989999771118164,14.989999771118164,14.979999542236328,14.989999771118164,10250,0.0,0.0,0.0
2025-05-29 04:55:00+00:00,14.989999771118164,14.989999771118164,14.989999771118164,14.989999771118164,1224,0.0,0.0,0.0
2025-05-29 05:05:00+00:00,14.979999542236328,14.979999542236328,14.970000267028809,14.970000267028809,49046,0.0,0.0,0.0
2025-05-29 05:10:00+00:00,14.970000267028809,14.970000267028809,14.970000267028809,14.970000267028809,10059,0.0,0.0,0.0
2025-05-29 05:20:00+00:00,14.989999771118164,15.0,14.989999771118164,15.0,11448,0.0,0.0,0.0
2025-06-02 01:00:00+00:00,14.880000114440918,14.880000114440918,14.800000190734863,14.819999694824219,0,0.0,0.0,0.0
2025-06-02 01:05:00+00:00,14.84000015258789,14.859999656677246,14.84000015258789,14.859999656677246,16488,0.0,0.0,0.0
2025-06-02 01:10:00+00:00,14.859999656677246,14.859999656677246,14.829999923706055,14.84000015258789,13059,0.0,0.0,0.0
2025-06-02 01:15:00+00:00,14.84000015258789,14.84000015258789,14.84000015258789,14.84000015258789,4401,0.0,0.0,0.0
2025-06-02 01:20:00+00:00,14.84000015258789,14.859999656677246,14.84000015258789,14.859999656677246,122383,0.0,0.0,0.0
2025-06-02 01:25:00+00:00,14.859999656677246,14.869999885559082,14.859999656677246,14.869999885559082,16318,0.0,0.0,0.0
2025-06-02 01:30:00+00:00,14.859999656677246,14.869999885559082,14.850000381469727,14.850000381469727,44100,0.0,0.0,0.0
2025-06-02 01:35:00+00:00,14.850000381469727,14.850000381469727,14.850000381469727,14.850000381469727,18367,0.0,0.0,0.0
2025-06-02 01:40:00+00:00,14.850000381469727,14.859999656677246,14.850000381469727,14.859999656677246,25130,0.0,0.0,0.0
2025-06-02 01:45:00+00:00,14.859999656677246,14.880000114440918,14.859999656677246,14.880000114440918,146764,0.0,0.0,0.0
2025-06-02 01:50:00+00:00,14.869999885559082,14.880000114440918,14.869999885559082,14.880000114440918,106000,0.0,0.0,0.0
2025-06-02 01:55:00+00:00,14.880000114440918,14.899999618530273,14.880000114440918,14.899999618530273,69460,0.0,0.0,0.0
2025-06-02 02:00:00+00:00,14.899999618530273,14.90999984741211,14.899999618530273,14.90999984741211,10046,0.0,0.0,0.0
2025-06-02 02:05:00+00:00,14.90999984741211,14.90999984741211,14.90999984741211,14.90999984741211,8394,0.0,0.0,0.0
2025-06-02 02:10:00+00:00,14.920000076293945,14.9399995803833,14.920000076293945,14.9399995803833,12050,0.0,0.0,0.0
2025-06-02 02:15:00+00:00,14.920000076293945,14.9399995803833,14.920000076293945,14.930000305175781,17000,0.0,0.0,0.0
2025-06-02 02:20:00+00:00,14.920000076293945,14.920000076293945,14.90999984741211,14.90999984741211,9000,0.0,0.0,0.0
2025-06-02 02:25:00+00:00,14.899999618530273,14.899999618530273,14.890000343322754,14.890000343322754,18850,0.0,0.0,0.0
2025-06-02 02:30:00+00:00,14.880000114440918,14.880000114440918,14.880000114440918,14.880000114440918,2006,0.0,0.0,0.0
2025-06-02 02:35:00+00:00,14.869999885559082,14.880000114440918,14.869999885559082,14.880000114440918,19244,0.0,0.0,0.0
2025-06-02 02:40:00+00:00,14.880000114440918,14.880000114440918,14.880000114440918,14.880000114440918,5007,0.0,0.0,0.0
2025-06-02 02:45:00+00:00,14.859999656677246,14.859999656677246,14.859999656677246,14.859999656677246,21013,0.0,0.0,0.0
2025-06-02 02:50:00+00:00,14.850000381469727,14.850000381469727,14.850000381469727,14.850000381469727,208100,0.0,0.0,0.0
2025-06-02 02:55:00+00:00,14.850000381469727,14.850000381469727,14.850000381469727,14.850000381469727,1000,0.0,0.0,0.0
2025-06-02 03:00:00+00:00,14.84000015258789,14.84000015258789,14.829999923706055,14.829999923706055,6000,0.0,0.0,0.0
2025-06-02 03:05:00+00:00,14.84000015258789,14.84000015258789,14.829999923706055,14.829999923706055,9723,0.0,0.0,0.0
2025-06-02 03:10:00+00:00,14.829999923706055,14.829999923706055,14.829999923706055,14.829999923706055,7243,0.0,0.0,0.0
2025-06-02 03:15:00+00:00,14.829999923706055,14.850000381469727,14.829999923706055,14.829999923706055,70360,0.0,0.0,0.0
2025-06-02 03:20:00+00:00,14.829999923706055,14.829999923706055,14.829999923706055,14.829999923706055,11000,0.0,0.0,0.0
2025-06-02 03:25:00+00:00,14.829999923706055,14.829999923706055,14.819999694824219,14.819999694824219,6000,0.0,0.0,0.0
2025-06-02 03:30:00+00:00,14.819999694824219,14.819999694824219,14.819999694824219,14.819999694824219,6106,0.0,0.0,0.0
2025-06-02 03:35:00+00:00,14.819999694824219,14.829999923706055,14.819999694824219,14.829999923706055,16203,0.0,0.0,0.0
2025-06-02 03:40:00+00:00,14.829999923706055,14.829999923706055,14.819999694824219,14.819999694824219,11110,0.0,0.0,0.0
2025-06-02 03:55:00+00:00,14.829999923706055,14.829999923706055,14.829999923706055,14.829999923706055,5020,0.0,0.0,0.0
2025-06-02 04:00:00+00:00,14.829999923706055,14.829999923706055,14.829999923706055,14.829999923706055,1000,0.0,0.0,0.0
2025-06-02 04:05:00+00:00,14.819999694824219,14.819999694824219,14.819999694824219,14.819999694824219,10000,0.0,0.0,0.0
2025-06-02 04:10:00+00:00,14.829999923706055,14.829999923706055,14.829999923706055,14.829999923706055,15194,0.0,0.0,0.0
2025-06-02 04:15:00+00:00,14.84000015258789,14.850000381469727,14.84000015258789,14.850000381469727,7111,0.0,0.0,0.0
2025-06-02 04:20:00+00:00,14.850000381469727,14.850000381469727,14.850000381469727,14.850000381469727,6604,0.0,0.0,0.0
2025-06-02 04:25:00+00:00,14.850000381469727,14.850000381469727,14.850000381469727,14.850000381469727,2168,0.0,0.0,0.0
2025-06-02 04:30:00+00:00,14.850000381469727,14.850000381469727,14.850000381469727,14.850000381469727,5327,0.0,0.0,0.0
2025-06-02 04:35:00+00:00,14.84000015258789,14.84000015258789,14.84000015258789,14.84000015258789,6030,0.0,0.0,0.0
2025-06-02 04:40:00+00:00,14.84000015258789,14.84000015258789,14.84000015258789,14.84000015258789,11000,0.0,0.0,0.0
2025-06-02 04:45:00+00:00,14.850000381469727,14.850000381469727,14.84000015258789,14.850000381469727,5000,0.0,0.0,0.0
2025-06-02 04:50:00+00:00,14.84000015258789,14.84000015258789,14.829999923706055,14.829999923706055,3000,0.0,0.0,0.0
2025-06-02 04:55:00+00:00,14.84000015258789,14.84000015258789,14.84000015258789,14.84000015258789,6000,0.0,0.0,0.0
2025-06-02 05:00:00+00:00,14.850000381469727,14.859999656677246,14.850000381469727,14.859999656677246,11192,0.0,0.0,0.0
2025-06-02 05:05:00+00:00,14.859999656677246,14.859999656677246,14.850000381469727,14.859999656677246,7010,0.0,0.0,0.0
2025-06-02 05:10:00+00:00,14.859999656677246,14.869999885559082,14.859999656677246,14.859999656677246,98126,0.0,0.0,0.0
2025-06-02 05:15:00+00:00,14.859999656677246,14.859999656677246,14.850000381469727,14.850000381469727,30718,0.0,0.0,0.0
2025-06-02 05:20:00+00:00,14.850000381469727,14.859999656677246,14.850000381469727,14.859999656677246,16036,0.0,0.0,0.0
2025-06-03 01:00:00+00:00,14.869999885559082,14.899999618530273,14.859999656677246,14.869999885559082,0,0.0,0.0,0.0
2025-06-03 01:05:00+00:00,14.869999885559082,14.890000343322754,14.869999885559082,14.890000343322754,687000,0.0,0.0,0.0
2025-06-03 01:10:00+00:00,14.890000343322754,14.930000305175781,14.880000114440918,14.930000305175781,724114,0.0,0.0,0.0
2025-06-03 01:15:00+00:00,14.930000305175781,14.930000305175781,14.920000076293945,14.920000076293945,177269,0.0,0.0,0.0
2025-06-03 01:20:00+00:00,14.920000076293945,14.9399995803833,14.920000076293945,14.920000076293945,340440,0.0,0.0,0.0
2025-06-03 01:25:00+00:00,14.930000305175781,14.9399995803833,14.920000076293945,14.9399995803833,167563,0.0,0.0,0.0
2025-06-03 01:30:00+00:00,14.949999809265137,14.960000038146973,14.9399995803833,14.960000038146973,301192,0.0,0.0,0.0
2025-06-03 01:35:00+00:00,14.960000038146973,14.979999542236328,14.960000038146973,14.970000267028809,74963,0.0,0.0,0.0
2025-06-03 01:40:00+00:00,14.970000267028809,14.979999542236328,14.970000267028809,14.970000267028809,81071,0.0,0.0,0.0
2025-06-03 01:45:00+00:00,14.979999542236328,14.979999542236328,14.970000267028809,14.970000267028809,191331,0.0,0.0,0.0
2025-06-03 01:50:00+00:00,14.970000267028809,14.970000267028809,14.970000267028809,14.970000267028809,83040,0.0,0.0,0.0
2025-06-03 01:55:00+00:00,14.960000038146973,14.960000038146973,14.9399995803833,14.9399995803833,203209,0.0,0.0,0.0
2025-06-03 02:00:00+00:00,14.949999809265137,14.949999809265137,14.90999984741211,14.90999984741211,85000,0.0,0.0,0.0
2025-06-03 02:05:00+00:00,14.90999984741211,14.90999984741211,14.880000114440918,14.880000114440918,282184,0.0,0.0,0.0
2025-06-03 02:10:00+00:00,14.880000114440918,14.880000114440918,14.859999656677246,14.869999885559082,236323,0.0,0.0,0.0
2025-06-03 02:15:00+00:00,14.859999656677246,14.859999656677246,14.850000381469727,14.859999656677246,149157,0.0,0.0,0.0
2025-06-03 02:20:00+00:00,14.859999656677246,14.869999885559082,14.859999656677246,14.869999885559082,75020,0.0,0.0,0.0
2025-06-03 02:25:00+00:00,14.869999885559082,14.880000114440918,14.869999885559082,14.869999885559082,20644,0.0,0.0,0.0
2025-06-03 02:30:00+00:00,14.880000114440918,14.880000114440918,14.869999885559082,14.880000114440918,91035,0.0,0.0,0.0
2025-06-03 02:35:00+00:00,14.890000343322754,14.890000343322754,14.859999656677246,14.859999656677246,211045,0.0,0.0,0.0
2025-06-03 02:40:00+00:00,14.859999656677246,14.859999656677246,14.859999656677246,14.859999656677246,52686,0.0,0.0,0.0
2025-06-03 02:45:00+00:00,14.869999885559082,14.869999885559082,14.859999656677246,14.869999885559082,104937,0.0,0.0,0.0
2025-06-03 02:50:00+00:00,14.880000114440918,14.880000114440918,14.869999885559082,14.869999885559082,27109,0.0,0.0,0.0
2025-06-03 02:55:00+00:00,14.869999885559082,14.869999885559082,14.869999885559082,14.869999885559082,42000,0.0,0.0,0.0
2025-06-03 03:00:00+00:00,14.880000114440918,14.880000114440918,14.880000114440918,14.880000114440918,2999,0.0,0.0,0.0
2025-06-03 03:10:00+00:00,14.859999656677246,14.869999885559082,14.859999656677246,14.869999885559082,41179,0.0,0.0,0.0
2025-06-03 03:15:00+00:00,14.880000114440918,14.880000114440918,14.869999885559082,14.880000114440918,78000,0.0,0.0,0.0
2025-06-03 03:20:00+00:00,14.869999885559082,14.880000114440918,14.869999885559082,14.880000114440918,12138,0.0,0.0,0.0
2025-06-03 03:25:00+00:00,14.880000114440918,14.880000114440918,14.880000114440918,14.880000114440918,47000,0.0,0.0,0.0
2025-06-03 03:30:00+00:00,14.880000114440918,14.880000114440918,14.869999885559082,14.869999885559082,28025,0.0,0.0,0.0
2025-06-03 03:35:00+00:00,14.880000114440918,14.890000343322754,14.880000114440918,14.880000114440918,106623,0.0,0.0,0.0
2025-06-03 03:40:00+00:00,14.890000343322754,14.899999618530273,14.890000343322754,14.899999618530273,111700,0.0,0.0,0.0
2025-06-03 03:45:00+00:00,14.899999618530273,14.899999618530273,14.899999618530273,14.899999618530273,70028,0.0,0.0,0.0
2025-06-03 03:50:00+00:00,14.899999618530273,14.899999618530273,14.899999618530273,14.899999618530273,72606,0.0,0.0,0.0
2025-06-03 03:55:00+00:00,14.890000343322754,14.890000343322754,14.890000343322754,14.890000343322754,74000,0.0,0.0,0.0
2025-06-03 04:00:00+00:00,14.890000343322754,14.890000343322754,14.869999885559082,14.869999885559082,108000,0.0,0.0,0.0
2025-06-03 04:05:00+00:00,14.869999885559082,14.890000343322754,14.869999885559082,14.890000343322754,51038,0.0,0.0,0.0
2025-06-03 04:10:00+00:00,14.880000114440918,14.880000114440918,14.869999885559082,14.880000114440918,75000,0.0,0.0,0.0
2025-06-03 04:15:00+00:00,14.880000114440918,14.880000114440918,14.880000114440918,14.880000114440918,136000,0.0,0.0,0.0
2025-06-03 04:20:00+00:00,14.880000114440918,14.899999618530273,14.880000114440918,14.890000343322754,132135,0.0,0.0,0.0
2025-06-03 04:25:00+00:00,14.890000343322754,14.90999984741211,14.890000343322754,14.899999618530273,98757,0.0,0.0,0.0
2025-06-03 04:30:00+00:00,14.899999618530273,14.899999618530273,14.899999618530273,14.899999618530273,159500,0.0,0.0,0.0
2025-06-03 04:35:00+00:00,14.90999984741211,14.920000076293945,14.90999984741211,14.920000076293945,81029,0.0,0.0,0.0
2025-06-03 04:40:00+00:00,14.90999984741211,14.90999984741211,14.90999984741211,14.90999984741211,201251,0.0,0.0,0.0
2025-06-03 04:45:00+00:00,14.920000076293945,14.920000076293945,14.920000076293945,14.920000076293945,27100,0.0,0.0,0.0
2025-06-03 04:50:00+00:00,14.90999984741211,14.90999984741211,14.90999984741211,14.90999984741211,31200,0.0,0.0,0.0
2025-06-03 04:55:00+00:00,14.920000076293945,14.930000305175781,14.920000076293945,14.930000305175781,163440,0.0,0.0,0.0
2025-06-03 05:00:00+00:00,14.930000305175781,14.9399995803833,14.930000305175781,14.930000305175781,87000,0.0,0.0,0.0
2025-06-03 05:05:00+00:00,14.9399995803833,14.9399995803833,14.930000305175781,14.930000305175781,76179,0.0,0.0,0.0
2025-06-03 05:10:00+00:00,14.930000305175781,14.930000305175781,14.920000076293945,14.920000076293945,80002,0.0,0.0,0.0
2025-06-03 05:15:00+00:00,14.920000076293945,14.930000305175781,14.920000076293945,14.930000305175781,64389,0.0,0.0,0.0
2025-06-03 05:20:00+00:00,14.930000305175781,14.930000305175781,14.920000076293945,14.930000305175781,33925,0.0,0.0,0.0
2025-06-04 01:00:00+00:00,15.0,15.0,14.989999771118164,15.0,0,0.0,0.0,0.0
2025-06-04 01:05:00+00:00,15.0,15.020000457763672,15.0,15.010000228881836,207311,0.0,0.0,0.0
2025-06-04 01:10:00+00:00,15.010000228881836,15.010000228881836,15.0,15.010000228881836,255211,0.0,0.0,0.0
2025-06-04 01:15:00+00:00,15.010000228881836,15.020000457763672,15.010000228881836,15.020000457763672,328770,0.0,0.0,0.0
2025-06-04 01:20:00+00:00,15.020000457763672,15.029999732971191,15.020000457763672,15.029999732971191,308150,0.0,0.0,0.0
2025-06-04 01:25:00+00:00,15.029999732971191,15.029999732971191,15.020000457763672,15.029999732971191,138617,0.0,0.0,0.0
2025-06-04 01:30:00+00:00,15.020000457763672,15.020000457763672,15.010000228881836,15.020000457763672,23700,0.0,0.0,0.0
2025-06-04 01:35:00+00:00,15.029999732971191,15.029999732971191,15.029999732971191,15.029999732971191,233440,0.0,0.0,0.0
2025-06-04 01:40:00+00:00,15.010000228881836,15.010000228881836,15.0,15.0,23196,0.0,0.0,0.0
2025-06-04 01:45:00+00:00,15.0,15.010000228881836,15.0,15.010000228881836,44000,0.0,0.0,0.0
2025-06-04 01:50:00+00:00,15.010000228881836,15.010000228881836,15.0,15.010000228881836,66822,0.0,0.0,0.0
2025-06-04 01:55:00+00:00,15.0,15.0,14.989999771118164,14.989999771118164,18000,0.0,0.0,0.0
2025-06-04 02:00:00+00:00,15.0,15.010000228881836,14.989999771118164,15.010000228881836,113693,0.0,0.0,0.0
2025-06-04 02:05:00+00:00,15.010000228881836,15.029999732971191,15.010000228881836,15.029999732971191,348565,0.0,0.0,0.0
2025-06-04 02:10:00+00:00,15.029999732971191,15.039999961853027,15.029999732971191,15.039999961853027,295103,0.0,0.0,0.0
2025-06-04 02:15:00+00:00,15.029999732971191,15.039999961853027,15.029999732971191,15.039999961853027,269654,0.0,0.0,0.0
2025-06-04 02:20:00+00:00,15.039999961853027,15.0600004196167,15.039999961853027,15.0600004196167,270593,0.0,0.0,0.0
2025-06-04 02:25:00+00:00,15.0600004196167,15.069999694824219,15.0600004196167,15.069999694824219,88167,0.0,0.0,0.0
2025-06-04 02:30:00+00:00,15.069999694824219,15.079999923706055,15.069999694824219,15.069999694824219,205195,0.0,0.0,0.0
2025-06-04 02:35:00+00:00,15.069999694824219,15.079999923706055,15.069999694824219,15.079999923706055,98337,0.0,0.0,0.0
2025-06-04 02:40:00+00:00,15.069999694824219,15.069999694824219,15.069999694824219,15.069999694824219,9020,0.0,0.0,0.0
2025-06-04 02:45:00+00:00,15.069999694824219,15.079999923706055,15.069999694824219,15.069999694824219,242160,0.0,0.0,0.0
2025-06-04 02:50:00+00:00,15.069999694824219,15.079999923706055,15.069999694824219,15.079999923706055,209255,0.0,0.0,0.0
2025-06-04 02:55:00+00:00,15.079999923706055,15.079999923706055,15.079999923706055,15.079999923706055,99860,0.0,0.0,0.0
2025-06-04 03:00:00+00:00,15.079999923706055,15.09000015258789,15.079999923706055,15.09000015258789,253839,0.0,0.0,0.0
2025-06-04 03:05:00+00:00,15.09000015258789,15.09000015258789,15.09000015258789,15.09000015258789,4600,0.0,0.0,0.0
2025-06-04 03:10:00+00:00,15.09000015258789,15.100000381469727,15.09000015258789,15.100000381469727,167091,0.0,0.0,0.0
2025-06-04 03:15:00+00:00,15.09000015258789,15.09000015258789,15.09000015258789,15.09000015258789,11000,0.0,0.0,0.0
2025-06-04 03:20:00+00:00,15.100000381469727,15.109999656677246,15.100000381469727,15.109999656677246,157834,0.0,0.0,0.0
2025-06-04 03:25:00+00:00,15.100000381469727,15.109999656677246,15.100000381469727,15.100000381469727,21000,0.0,0.0,0.0
2025-06-04 03:30:00+00:00,15.109999656677246,15.109999656677246,15.109999656677246,15.109999656677246,31186,0.0,0.0,0.0
2025-06-04 03:35:00+00:00,15.109999656677246,15.109999656677246,15.109999656677246,15.109999656677246,19160,0.0,0.0,0.0
2025-06-04 03:40:00+00:00,15.100000381469727,15.100000381469727,15.100000381469727,15.100000381469727,14000,0.0,0.0,0.0
2025-06-04 03:45:00+00:00,15.100000381469727,15.109999656677246,15.09000015258789,15.09000015258789,208577,0.0,0.0,0.0
2025-06-04 03:50:00+00:00,15.09000015258789,15.09000015258789,15.09000015258789,15.09000015258789,50000,0.0,0.0,0.0
2025-06-04 03:55:00+00:00,15.09000015258789,15.09000015258789,15.09000015258789,15.09000015258789,25000,0.0,0.0,0.0
2025-06-04 04:00:00+00:00,15.09000015258789,15.09000015258789,15.079999923706055,15.079999923706055,59000,0.0,0.0,0.0
2025-06-04 04:05:00+00:00,15.09000015258789,15.09000015258789,15.09000015258789,15.09000015258789,2020,0.0,0.0,0.0
2025-06-04 04:10:00+00:00,15.079999923706055,15.09000015258789,15.079999923706055,15.09000015258789,18000,0.0,0.0,0.0
2025-06-04 04:15:00+00:00,15.09000015258789,15.100000381469727,15.09000015258789,15.09000015258789,56223,0.0,0.0,0.0
2025-06-04 04:20:00+00:00,15.09000015258789,15.09000015258789,15.09000015258789,15.09000015258789,29000,0.0,0.0,0.0
2025-06-04 04:25:00+00:00,15.09000015258789,15.09000015258789,15.09000015258789,15.09000015258789,23200,0.0,0.0,0.0
2025-06-04 04:30:00+00:00,15.09000015258789,15.09000015258789,15.079999923706055,15.079999923706055,18392,0.0,0.0,0.0
2025-06-04 04:35:00+00:00,15.079999923706055,15.079999923706055,15.079999923706055,15.079999923706055,18000,0.0,0.0,0.0
2025-06-04 04:40:00+00:00,15.079999923706055,15.079999923706055,15.079999923706055,15.079999923706055,16000,0.0,0.0,0.0
2025-06-04 04:45:00+00:00,15.079999923706055,15.079999923706055,15.0600004196167,15.0600004196167,19412,0.0,0.0,0.0
2025-06-04 04:50:00+00:00,15.0600004196167,15.0600004196167,15.0600004196167,15.0600004196167,39340,0.0,0.0,0.0
2025-06-04 04:55:00+00:00,15.069999694824219,15.069999694824219,15.069999694824219,15.069999694824219,68112,0.0,0.0,0.0
2025-06-04 05:00:00+00:00,15.069999694824219,15.079999923706055,15.069999694824219,15.079999923706055,276123,0.0,0.0,0.0
2025-06-04 05:05:00+00:00,15.079999923706055,15.09000015258789,15.079999923706055,15.09000015258789,90000,0.0,0.0,0.0
2025-06-04 05:10:00+00:00,15.079999923706055,15.079999923706055,15.069999694824219,15.069999694824219,68000,0.0,0.0,0.0
2025-06-04 05:15:00+00:00,15.069999694824219,15.069999694824219,15.050000190734863,15.0600004196167,146012,0.0,0.0,0.0
2025-06-04 05:20:00+00:00,15.050000190734863,15.0600004196167,15.039999961853027,15.050000190734863,327401,0.0,0.0,0.0
2025-06-05 01:00:00+00:00,15.029999732971191,15.029999732971191,15.020000457763672,15.029999732971191,0,0.0,0.0,0.0
2025-06-05 01:05:00+00:00,15.039999961853027,15.0600004196167,15.039999961853027,15.0600004196167,101366,0.0,0.0,0.0
2025-06-05 01:10:00+00:00,15.069999694824219,15.069999694824219,15.0600004196167,15.069999694824219,107015,0.0,0.0,0.0
2025-06-05 01:15:00+00:00,15.079999923706055,15.09000015258789,15.079999923706055,15.079999923706055,32493,0.0,0.0,0.0
2025-06-05 01:20:00+00:00,15.079999923706055,15.09000015258789,15.069999694824219,15.069999694824219,97510,0.0,0.0,0.0
2025-06-05 01:25:00+00:00,15.069999694824219,15.069999694824219,15.069999694824219,15.069999694824219,50000,0.0,0.0,0.0
2025-06-05 01:30:00+00:00,15.069999694824219,15.079999923706055,15.0600004196167,15.079999923706055,102674,0.0,0.0,0.0
2025-06-05 01:35:00+00:00,15.079999923706055,15.079999923706055,15.069999694824219,15.069999694824219,10222,0.0,0.0,0.0
2025-06-05 01:40:00+00:00,15.069999694824219,15.069999694824219,15.0600004196167,15.069999694824219,175880,0.0,0.0,0.0
2025-06-05 01:45:00+00:00,15.069999694824219,15.079999923706055,15.069999694824219,15.079999923706055,69102,0.0,0.0,0.0
2025-06-05 01:55:00+00:00,15.069999694824219,15.069999694824219,15.069999694824219,15.069999694824219,29000,0.0,0.0,0.0
2025-06-05 02:00:00+00:00,15.069999694824219,15.079999923706055,15.050000190734863,15.050000190734863,213000,0.0,0.0,0.0
2025-06-05 02:05:00+00:00,15.039999961853027,15.039999961853027,14.979999542236328,14.989999771118164,311623,0.0,0.0,0.0
2025-06-05 02:10:00+00:00,14.989999771118164,15.0,14.989999771118164,15.0,44014,0.0,0.0,0.0
2025-06-05 02:15:00+00:00,15.0,15.0,15.0,15.0,4050,0.0,0.0,0.0
2025-06-05 02:25:00+00:00,14.979999542236328,14.989999771118164,14.979999542236328,14.979999542236328,7244,0.0,0.0,0.0
2025-06-05 02:30:00+00:00,14.979999542236328,14.979999542236328,14.960000038146973,14.960000038146973,37166,0.0,0.0,0.0
2025-06-05 02:35:00+00:00,14.960000038146973,14.960000038146973,14.949999809265137,14.960000038146973,12070,0.0,0.0,0.0
2025-06-05 02:40:00+00:00,14.960000038146973,14.960000038146973,14.949999809265137,14.949999809265137,24184,0.0,0.0,0.0
2025-06-05 02:45:00+00:00,14.949999809265137,14.949999809265137,14.9399995803833,14.949999809265137,13406,0.0,0.0,0.0
2025-06-05 02:50:00+00:00,14.949999809265137,14.949999809265137,14.9399995803833,14.949999809265137,12060,0.0,0.0,0.0
2025-06-05 02:55:00+00:00,14.949999809265137,14.949999809265137,14.949999809265137,14.949999809265137,1000,0.0,0.0,0.0
2025-06-05 03:00:00+00:00,14.949999809265137,14.949999809265137,14.9399995803833,14.9399995803833,6000,0.0,0.0,0.0
2025-06-05 03:05:00+00:00,14.9399995803833,14.9399995803833,14.930000305175781,14.930000305175781,3120,0.0,0.0,0.0
2025-06-05 03:10:00+00:00,14.930000305175781,14.930000305175781,14.930000305175781,14.930000305175781,4000,0.0,0.0,0.0
2025-06-05 03:15:00+00:00,14.930000305175781,14.9399995803833,14.930000305175781,14.930000305175781,6230,0.0,0.0,0.0
2025-06-05 03:20:00+00:00,14.930000305175781,14.930000305175781,14.930000305175781,14.930000305175781,23316,0.0,0.0,0.0
2025-06-05 03:25:00+00:00,14.930000305175781,14.930000305175781,14.930000305175781,14.930000305175781,6076,0.0,0.0,0.0
2025-06-05 03:30:00+00:00,14.930000305175781,14.930000305175781,14.920000076293945,14.920000076293945,74469,0.0,0.0,0.0
2025-06-05 03:35:00+00:00,14.930000305175781,14.930000305175781,14.920000076293945,14.920000076293945,7819,0.0,0.0,0.0
2025-06-05 03:40:00+00:00,14.920000076293945,14.920000076293945,14.920000076293945,14.920000076293945,2000,0.0,0.0,0.0
2025-06-05 03:45:00+00:00,14.930000305175781,14.930000305175781,14.920000076293945,14.920000076293945,103967,0.0,0.0,0.0
2025-06-05 03:50:00+00:00,14.90999984741211,14.90999984741211,14.90999984741211,14.90999984741211,10000,0.0,0.0,0.0
2025-06-05 03:55:00+00:00,14.90999984741211,14.90999984741211,14.90999984741211,14.90999984741211,12004,0.0,0.0,0.0
2025-06-05 04:00:00+00:00,14.90999984741211,14.90999984741211,14.90999984741211,14.90999984741211,76544,0.0,0.0,0.0
2025-06-05 04:05:00+00:00,14.90999984741211,14.90999984741211,14.90999984741211,14.90999984741211,3300,0.0,0.0,0.0
2025-06-05 04:10:00+00:00,14.90999984741211,14.90999984741211,14.90999984741211,14.90999984741211,28400,0.0,0.0,0.0
2025-06-05 04:15:00+00:00,14.90999984741211,14.90999984741211,14.90999984741211,14.90999984741211,52388,0.0,0.0,0.0
2025-06-05 04:20:00+00:00,14.90999984741211,14.920000076293945,14.90999984741211,14.90999984741211,156061,0.0,0.0,0.0
2025-06-05 04:25:00+00:00,14.920000076293945,14.920000076293945,14.90999984741211,14.90999984741211,5670,0.0,0.0,0.0
2025-06-05 04:30:00+00:00,14.90999984741211,14.90999984741211,14.90999984741211,14.90999984741211,10199,0.0,0.0,0.0
2025-06-05 04:35:00+00:00,14.930000305175781,14.930000305175781,14.90999984741211,14.90999984741211,15300,0.0,0.0,0.0
2025-06-05 04:45:00+00:00,14.90999984741211,14.920000076293945,14.90999984741211,14.90999984741211,36455,0.0,0.0,0.0
2025-06-05 04:50:00+00:00,14.90999984741211,14.90999984741211,14.899999618530273,14.899999618530273,30500,0.0,0.0,0.0
2025-06-05 04:55:00+00:00,14.90999984741211,14.920000076293945,14.90999984741211,14.920000076293945,32684,0.0,0.0,0.0
2025-06-05 05:05:00+00:00,14.90999984741211,14.90999984741211,14.90999984741211,14.90999984741211,2564,0.0,0.0,0.0
2025-06-05 05:10:00+00:00,14.899999618530273,14.899999618530273,14.899999618530273,14.899999618530273,15000,0.0,0.0,0.0
2025-06-05 05:15:00+00:00,14.899999618530273,14.899999618530273,14.899999618530273,14.899999618530273,10332,0.0,0.0,0.0
2025-06-05 05:20:00+00:00,14.899999618530273,14.899999618530273,14.890000343322754,14.890000343322754,131834,0.0,0.0,0.0
2025-06-06 01:00:00+00:00,14.899999618530273,14.90999984741211,14.899999618530273,14.90999984741211,0,0.0,0.0,0.0
2025-06-06 01:05:00+00:00,14.920000076293945,14.949999809265137,14.920000076293945,14.949999809265137,114588,0.0,0.0,0.0
2025-06-06 01:10:00+00:00,14.960000038146973,14.970000267028809,14.960000038146973,14.970000267028809,192300,0.0,0.0,0.0
2025-06-06 01:15:00+00:00,14.970000267028809,14.970000267028809,14.930000305175781,14.930000305175781,41634,0.0,0.0,0.0
2025-06-06 01:20:00+00:00,14.920000076293945,14.930000305175781,14.920000076293945,14.930000305175781,78000,0.0,0.0,0.0
2025-06-06 01:25:00+00:00,14.949999809265137,14.979999542236328,14.949999809265137,14.979999542236328,52519,0.0,0.0,0.0
2025-06-06 01:30:00+00:00,14.989999771118164,14.989999771118164,14.979999542236328,14.979999542236328,17108,0.0,0.0,0.0
2025-06-06 01:35:00+00:00,14.979999542236328,14.979999542236328,14.979999542236328,14.979999542236328,18573,0.0,0.0,0.0
2025-06-06 01:40:00+00:00,14.949999809265137,14.949999809265137,14.949999809265137,14.949999809265137,10000,0.0,0.0,0.0
2025-06-06 01:45:00+00:00,14.970000267028809,14.970000267028809,14.970000267028809,14.970000267028809,3102,0.0,0.0,0.0
2025-06-06 01:55:00+00:00,14.960000038146973,14.960000038146973,14.949999809265137,14.949999809265137,11138,0.0,0.0,0.0
2025-06-06 02:00:00+00:00,14.9399995803833,14.949999809265137,14.9399995803833,14.949999809265137,39100,0.0,0.0,0.0
2025-06-06 02:05:00+00:00,14.949999809265137,14.970000267028809,14.949999809265137,14.970000267028809,99579,0.0,0.0,0.0
2025-06-06 02:10:00+00:00,14.970000267028809,14.979999542236328,14.970000267028809,14.970000267028809,17000,0.0,0.0,0.0
2025-06-06 02:15:00+00:00,14.979999542236328,14.979999542236328,14.979999542236328,14.979999542236328,33748,0.0,0.0,0.0
2025-06-06 02:20:00+00:00,14.989999771118164,14.989999771118164,14.989999771118164,14.989999771118164,37100,0.0,0.0,0.0
2025-06-06 02:25:00+00:00,14.989999771118164,14.989999771118164,14.989999771118164,14.989999771118164,20002,0.0,0.0,0.0
2025-06-06 02:30:00+00:00,15.0,15.0,14.989999771118164,14.989999771118164,29119,0.0,0.0,0.0
2025-06-06 02:35:00+00:00,14.989999771118164,14.989999771118164,14.989999771118164,14.989999771118164,6068,0.0,0.0,0.0
2025-06-06 02:40:00+00:00,14.989999771118164,14.989999771118164,14.989999771118164,14.989999771118164,34000,0.0,0.0,0.0
2025-06-06 02:45:00+00:00,15.0,15.0,15.0,15.0,3258,0.0,0.0,0.0
2025-06-06 02:50:00+00:00,15.0,15.0,15.0,15.0,101000,0.0,0.0,0.0
2025-06-06 02:55:00+00:00,14.989999771118164,15.0,14.989999771118164,14.989999771118164,181028,0.0,0.0,0.0
2025-06-06 03:00:00+00:00,14.989999771118164,15.010000228881836,14.989999771118164,15.010000228881836,5727,0.0,0.0,0.0
2025-06-06 03:15:00+00:00,14.989999771118164,14.989999771118164,14.989999771118164,14.989999771118164,3430,0.0,0.0,0.0
2025-06-06 03:20:00+00:00,14.989999771118164,14.989999771118164,14.989999771118164,14.989999771118164,9000,0.0,0.0,0.0
2025-06-06 03:25:00+00:00,14.989999771118164,14.989999771118164,14.989999771118164,14.989999771118164,5038,0.0,0.0,0.0
2025-06-06 03:30:00+00:00,15.0,15.0,14.979999542236328,14.979999542236328,53100,0.0,0.0,0.0
2025-06-06 03:35:00+00:00,14.979999542236328,14.979999542236328,14.979999542236328,14.979999542236328,36118,0.0,0.0,0.0
2025-06-06 03:40:00+00:00,14.989999771118164,14.989999771118164,14.989999771118164,14.989999771118164,5032,0.0,0.0,0.0
2025-06-06 03:45:00+00:00,14.989999771118164,14.989999771118164,14.989999771118164,14.989999771118164,10640,0.0,0.0,0.0
2025-06-06 03:50:00+00:00,14.979999542236328,14.979999542236328,14.970000267028809,14.970000267028809,22018,0.0,0.0,0.0
2025-06-06 03:55:00+00:00,14.979999542236328,14.979999542236328,14.979999542236328,14.979999542236328,5100,0.0,0.0,0.0
2025-06-06 04:00:00+00:00,14.979999542236328,14.979999542236328,14.979999542236328,14.979999542236328,13018,0.0,0.0,0.0
2025-06-06 04:05:00+00:00,14.970000267028809,14.970000267028809,14.970000267028809,14.970000267028809,8078,0.0,0.0,0.0
2025-06-06 04:10:00+00:00,14.970000267028809,14.979999542236328,14.970000267028809,14.979999542236328,2000,0.0,0.0,0.0
2025-06-06 04:15:00+00:00,14.970000267028809,14.970000267028809,14.960000038146973,14.960000038146973,21229,0.0,0.0,0.0
2025-06-06 04:20:00+00:00,14.960000038146973,14.960000038146973,14.949999809265137,14.949999809265137,31040,0.0,0.0,0.0
2025-06-06 04:25:00+00:00,14.949999809265137,14.949999809265137,14.949999809265137,14.949999809265137,1000,0.0,0.0,0.0
2025-06-06 04:30:00+00:00,14.970000267028809,14.970000267028809,14.949999809265137,14.949999809265137,17410,0.0,0.0,0.0
2025-06-06 04:35:00+00:00,14.949999809265137,14.949999809265137,14.949999809265137,14.949999809265137,10260,0.0,0.0,0.0
2025-06-06 04:45:00+00:00,14.949999809265137,14.949999809265137,14.949999809265137,14.949999809265137,11118,0.0,0.0,0.0
2025-06-06 04:50:00+00:00,14.949999809265137,14.949999809265137,14.949999809265137,14.949999809265137,24423,0.0,0.0,0.0
2025-06-06 04:55:00+00:00,14.949999809265137,14.949999809265137,14.949999809265137,14.949999809265137,18019,0.0,0.0,0.0
2025-06-06 05:00:00+00:00,14.949999809265137,14.960000038146973,14.949999809265137,14.960000038146973,85700,0.0,0.0,0.0
2025-06-06 05:10:00+00:00,14.960000038146973,14.970000267028809,14.960000038146973,14.970000267028809,52197,0.0,0.0,0.0
2025-06-06 05:20:00+00:00,14.960000038146973,14.960000038146973,14.960000038146973,14.960000038146973,93366,0.0,0.0,0.0
2025-06-09 01:00:00+00:00,14.989999771118164,15.029999732971191,14.989999771118164,15.010000228881836,0,0.0,0.0,0.0
2025-06-09 01:05:00+00:00,15.020000457763672,15.020000457763672,15.010000228881836,15.020000457763672,85221,0.0,0.0,0.0
2025-06-09 01:10:00+00:00,15.029999732971191,15.029999732971191,15.029999732971191,15.029999732971191,2100,0.0,0.0,0.0
2025-06-09 01:15:00+00:00,15.029999732971191,15.050000190734863,15.020000457763672,15.050000190734863,343032,0.0,0.0,0.0
2025-06-09 01:20:00+00:00,15.050000190734863,15.050000190734863,15.039999961853027,15.050000190734863,29911,0.0,0.0,0.0
2025-06-09 01:25:00+00:00,15.039999961853027,15.039999961853027,15.020000457763672,15.020000457763672,142077,0.0,0.0,0.0
2025-06-09 01:30:00+00:00,15.020000457763672,15.020000457763672,15.010000228881836,15.010000228881836,29598,0.0,0.0,0.0
2025-06-09 01:35:00+00:00,15.0,15.0,15.0,15.0,41116,0.0,0.0,0.0
2025-06-09 01:40:00+00:00,15.0,15.0,15.0,15.0,12091,0.0,0.0,0.0
2025-06-09 01:45:00+00:00,15.0,15.010000228881836,15.0,15.010000228881836,20573,0.0,0.0,0.0
2025-06-09 01:50:00+00:00,15.020000457763672,15.020000457763672,15.020000457763672,15.020000457763672,28251,0.0,0.0,0.0
2025-06-09 01:55:00+00:00,15.020000457763672,15.020000457763672,15.0,15.0,5200,0.0,0.0,0.0
2025-06-09 02:00:00+00:00,15.020000457763672,15.020000457763672,15.010000228881836,15.010000228881836,11150,0.0,0.0,0.0
2025-06-09 02:05:00+00:00,15.010000228881836,15.020000457763672,15.010000228881836,15.020000457763672,56253,0.0,0.0,0.0
2025-06-09 02:10:00+00:00,15.020000457763672,15.020000457763672,15.010000228881836,15.010000228881836,27010,0.0,0.0,0.0
2025-06-09 02:15:00+00:00,15.020000457763672,15.020000457763672,15.010000228881836,15.010000228881836,95229,0.0,0.0,0.0
2025-06-09 02:20:00+00:00,15.0,15.010000228881836,15.0,15.0,17000,0.0,0.0,0.0
2025-06-09 02:25:00+00:00,15.0,15.010000228881836,15.0,15.0,88110,0.0,0.0,0.0
2025-06-09 02:30:00+00:00,15.0,15.0,14.970000267028809,14.970000267028809,25950,0.0,0.0,0.0
2025-06-09 02:35:00+00:00,14.989999771118164,14.989999771118164,14.979999542236328,14.979999542236328,7612,0.0,0.0,0.0
2025-06-09 02:40:00+00:00,14.989999771118164,14.989999771118164,14.989999771118164,14.989999771118164,13000,0.0,0.0,0.0
2025-06-09 02:45:00+00:00,15.0,15.0,15.0,15.0,2100,0.0,0.0,0.0
2025-06-09 02:50:00+00:00,14.979999542236328,14.979999542236328,14.979999542236328,14.979999542236328,1100,0.0,0.0,0.0
2025-06-09 02:55:00+00:00,14.979999542236328,14.979999542236328,14.979999542236328,14.979999542236328,76129,0.0,0.0,0.0
2025-06-09 03:00:00+00:00,14.989999771118164,15.0,14.979999542236328,14.979999542236328,5109,0.0,0.0,0.0
2025-06-09 03:05:00+00:00,14.989999771118164,15.0,14.970000267028809,14.970000267028809,3454,0.0,0.0,0.0
2025-06-09 03:10:00+00:00,14.970000267028809,14.970000267028809,14.970000267028809,14.970000267028809,3000,0.0,0.0,0.0
2025-06-09 03:15:00+00:00,15.0,15.0,14.989999771118164,15.0,0,0.0,0.0,0.0
2025-06-09 03:20:00+00:00,14.989999771118164,14.989999771118164,14.989999771118164,14.989999771118164,1494622,0.0,0.0,0.0
2025-06-09 03:25:00+00:00,14.979999542236328,14.979999542236328,14.979999542236328,14.979999542236328,2000,0.0,0.0,0.0
2025-06-09 03:30:00+00:00,14.979999542236328,14.979999542236328,14.979999542236328,14.979999542236328,1000,0.0,0.0,0.0
2025-06-09 03:35:00+00:00,14.979999542236328,14.979999542236328,14.979999542236328,14.979999542236328,2286,0.0,0.0,0.0
2025-06-09 03:40:00+00:00,14.970000267028809,14.970000267028809,14.970000267028809,14.970000267028809,7120,0.0,0.0,0.0
2025-06-09 03:45:00+00:00,14.970000267028809,14.970000267028809,14.970000267028809,14.970000267028809,1180,0.0,0.0,0.0
2025-06-09 03:50:00+00:00,14.960000038146973,14.970000267028809,14.960000038146973,14.970000267028809,27320,0.0,0.0,0.0
2025-06-09 03:55:00+00:00,14.970000267028809,14.970000267028809,14.970000267028809,14.970000267028809,31003,0.0,0.0,0.0
2025-06-09 04:00:00+00:00,14.970000267028809,14.979999542236328,14.970000267028809,14.979999542236328,45000,0.0,0.0,0.0
2025-06-09 04:05:00+00:00,14.979999542236328,14.979999542236328,14.979999542236328,14.979999542236328,5000,0.0,0.0,0.0
2025-06-09 04:10:00+00:00,14.979999542236328,14.979999542236328,14.979999542236328,14.979999542236328,10349,0.0,0.0,0.0
2025-06-09 04:15:00+00:00,14.970000267028809,14.970000267028809,14.970000267028809,14.970000267028809,35000,0.0,0.0,0.0
2025-06-09 04:20:00+00:00,14.970000267028809,14.970000267028809,14.970000267028809,14.970000267028809,56420,0.0,0.0,0.0
2025-06-09 04:25:00+00:00,14.979999542236328,14.979999542236328,14.979999542236328,14.979999542236328,1734,0.0,0.0,0.0
2025-06-09 04:35:00+00:00,14.970000267028809,14.979999542236328,14.970000267028809,14.979999542236328,34100,0.0,0.0,0.0
2025-06-09 04:40:00+00:00,14.970000267028809,14.970000267028809,14.970000267028809,14.970000267028809,27165,0.0,0.0,0.0
2025-06-09 04:45:00+00:00,14.979999542236328,14.979999542236328,14.979999542236328,14.979999542236328,12100,0.0,0.0,0.0
2025-06-09 04:50:00+00:00,14.970000267028809,14.979999542236328,14.970000267028809,14.970000267028809,8000,0.0,0.0,0.0
2025-06-09 04:55:00+00:00,14.989999771118164,14.989999771118164,14.979999542236328,14.979999542236328,18200,0.0,0.0,0.0
2025-06-09 05:00:00+00:00,14.970000267028809,14.970000267028809,14.970000267028809,14.970000267028809,34247,0.0,0.0,0.0
2025-06-09 05:10:00+00:00,14.970000267028809,14.970000267028809,14.970000267028809,14.970000267028809,11578,0.0,0.0,0.0
2025-06-09 05:15:00+00:00,14.970000267028809,14.979999542236328,14.970000267028809,14.970000267028809,9638,0.0,0.0,0.0
2025-06-09 05:20:00+00:00,14.979999542236328,14.979999542236328,14.979999542236328,14.979999542236328,33162,0.0,0.0,0.0
2025-06-10 01:00:00+00:00,14.979999542236328,15.0,14.979999542236328,14.989999771118164,0,0.0,0.0,0.0
2025-06-10 01:05:00+00:00,15.0,15.020000457763672,15.0,15.020000457763672,137455,0.0,0.0,0.0
2025-06-10 01:10:00+00:00,15.020000457763672,15.020000457763672,15.0,15.0,5413,0.0,0.0,0.0
2025-06-10 01:15:00+00:00,15.0,15.0,15.0,15.0,56000,0.0,0.0,0.0
2025-06-10 01:20:00+00:00,15.0,15.020000457763672,15.0,15.020000457763672,111026,0.0,0.0,0.0
2025-06-10 01:25:00+00:00,15.020000457763672,15.039999961853027,15.020000457763672,15.029999732971191,173720,0.0,0.0,0.0
2025-06-10 01:30:00+00:00,15.039999961853027,15.039999961853027,15.029999732971191,15.029999732971191,11483,0.0,0.0,0.0
2025-06-10 01:35:00+00:00,15.039999961853027,15.050000190734863,15.029999732971191,15.050000190734863,41110,0.0,0.0,0.0
2025-06-10 01:40:00+00:00,15.050000190734863,15.069999694824219,15.050000190734863,15.069999694824219,336356,0.0,0.0,0.0
2025-06-10 01:45:00+00:00,15.069999694824219,15.09000015258789,15.069999694824219,15.079999923706055,155766,0.0,0.0,0.0
2025-06-10 01:50:00+00:00,15.09000015258789,15.09000015258789,15.09000015258789,15.09000015258789,27700,0.0,0.0,0.0
2025-06-10 01:55:00+00:00,15.09000015258789,15.09000015258789,15.079999923706055,15.079999923706055,106100,0.0,0.0,0.0
2025-06-10 02:00:00+00:00,15.09000015258789,15.09000015258789,15.079999923706055,15.079999923706055,5200,0.0,0.0,0.0
2025-06-10 02:05:00+00:00,15.079999923706055,15.079999923706055,15.069999694824219,15.069999694824219,89311,0.0,0.0,0.0
2025-06-10 02:10:00+00:00,15.079999923706055,15.09000015258789,15.079999923706055,15.09000015258789,111209,0.0,0.0,0.0
2025-06-10 02:15:00+00:00,15.079999923706055,15.100000381469727,15.079999923706055,15.100000381469727,148671,0.0,0.0,0.0
2025-06-10 02:20:00+00:00,15.100000381469727,15.100000381469727,15.100000381469727,15.100000381469727,26148,0.0,0.0,0.0
2025-06-10 02:25:00+00:00,15.100000381469727,15.109999656677246,15.09000015258789,15.09000015258789,164150,0.0,0.0,0.0
2025-06-10 02:30:00+00:00,15.09000015258789,15.09000015258789,15.09000015258789,15.09000015258789,13000,0.0,0.0,0.0
2025-06-10 02:35:00+00:00,15.09000015258789,15.09000015258789,15.09000015258789,15.09000015258789,21250,0.0,0.0,0.0
2025-06-10 02:40:00+00:00,15.100000381469727,15.109999656677246,15.100000381469727,15.109999656677246,149729,0.0,0.0,0.0
2025-06-10 02:45:00+00:00,15.100000381469727,15.109999656677246,15.100000381469727,15.100000381469727,85000,0.0,0.0,0.0
2025-06-10 02:50:00+00:00,15.109999656677246,15.109999656677246,15.100000381469727,15.109999656677246,48252,0.0,0.0,0.0
2025-06-10 02:55:00+00:00,15.100000381469727,15.100000381469727,15.100000381469727,15.100000381469727,3000,0.0,0.0,0.0
2025-06-10 03:00:00+00:00,15.100000381469727,15.109999656677246,15.100000381469727,15.109999656677246,39454,0.0,0.0,0.0
2025-06-10 03:10:00+00:00,15.079999923706055,15.079999923706055,15.079999923706055,15.079999923706055,12000,0.0,0.0,0.0
2025-06-10 03:15:00+00:00,15.079999923706055,15.09000015258789,15.079999923706055,15.09000015258789,4080,0.0,0.0,0.0
2025-06-10 03:20:00+00:00,15.09000015258789,15.09000015258789,15.09000015258789,15.09000015258789,28059,0.0,0.0,0.0
2025-06-10 03:25:00+00:00,15.09000015258789,15.09000015258789,15.09000015258789,15.09000015258789,10498,0.0,0.0,0.0
2025-06-10 03:30:00+00:00,15.079999923706055,15.079999923706055,15.079999923706055,15.079999923706055,1000,0.0,0.0,0.0
2025-06-10 03:35:00+00:00,15.079999923706055,15.079999923706055,15.079999923706055,15.079999923706055,2220,0.0,0.0,0.0
2025-06-10 03:40:00+00:00,15.079999923706055,15.079999923706055,15.079999923706055,15.079999923706055,5000,0.0,0.0,0.0
2025-06-10 03:45:00+00:00,15.079999923706055,15.079999923706055,15.079999923706055,15.079999923706055,115792,0.0,0.0,0.0
2025-06-10 03:50:00+00:00,15.079999923706055,15.079999923706055,15.079999923706055,15.079999923706055,17001,0.0,0.0,0.0
2025-06-10 03:55:00+00:00,15.079999923706055,15.079999923706055,15.079999923706055,15.079999923706055,46000,0.0,0.0,0.0
2025-06-10 04:00:00+00:00,15.079999923706055,15.079999923706055,15.079999923706055,15.079999923706055,13945,0.0,0.0,0.0
2025-06-10 04:05:00+00:00,15.079999923706055,15.09000015258789,15.069999694824219,15.079999923706055,71040,0.0,0.0,0.0
2025-06-10 04:10:00+00:00,15.069999694824219,15.069999694824219,15.069999694824219,15.069999694824219,1000,0.0,0.0,0.0
2025-06-10 04:15:00+00:00,15.069999694824219,15.069999694824219,15.069999694824219,15.069999694824219,19140,0.0,0.0,0.0
2025-06-10 04:20:00+00:00,15.069999694824219,15.079999923706055,15.069999694824219,15.069999694824219,25000,0.0,0.0,0.0
2025-06-10 04:25:00+00:00,15.069999694824219,15.069999694824219,15.0600004196167,15.0600004196167,28170,0.0,0.0,0.0
2025-06-10 04:30:00+00:00,15.0600004196167,15.0600004196167,15.0600004196167,15.0600004196167,24000,0.0,0.0,0.0
2025-06-10 04:35:00+00:00,15.0600004196167,15.0600004196167,15.0600004196167,15.0600004196167,15000,0.0,0.0,0.0
2025-06-10 04:40:00+00:00,15.0600004196167,15.0600004196167,15.0600004196167,15.0600004196167,12000,0.0,0.0,0.0
2025-06-10 04:45:00+00:00,15.0600004196167,15.079999923706055,15.0600004196167,15.069999694824219,75019,0.0,0.0,0.0
2025-06-10 04:50:00+00:00,15.069999694824219,15.069999694824219,15.069999694824219,15.069999694824219,16695,0.0,0.0,0.0
2025-06-10 04:55:00+00:00,15.069999694824219,15.069999694824219,15.069999694824219,15.069999694824219,10000,0.0,0.0,0.0
2025-06-10 05:00:00+00:00,15.069999694824219,15.069999694824219,15.0600004196167,15.0600004196167,71002,0.0,0.0,0.0
2025-06-10 05:05:00+00:00,15.069999694824219,15.069999694824219,15.069999694824219,15.069999694824219,47332,0.0,0.0,0.0
2025-06-10 05:10:00+00:00,15.069999694824219,15.079999923706055,15.069999694824219,15.079999923706055,16000,0.0,0.0,0.0
2025-06-10 05:15:00+00:00,15.0600004196167,15.079999923706055,15.0600004196167,15.079999923706055,33024,0.0,0.0,0.0
2025-06-10 05:20:00+00:00,15.069999694824219,15.069999694824219,15.0600004196167,15.0600004196167,204538,0.0,0.0,0.0
2025-06-11 01:00:00+00:00,15.050000190734863,15.050000190734863,15.029999732971191,15.029999732971191,0,0.0,0.0,0.0
2025-06-11 01:05:00+00:00,15.020000457763672,15.029999732971191,15.010000228881836,15.029999732971191,372421,0.0,0.0,0.0
2025-06-11 01:10:00+00:00,15.029999732971191,15.029999732971191,15.010000228881836,15.010000228881836,7370,0.0,0.0,0.0
2025-06-11 01:15:00+00:00,15.0,15.020000457763672,15.0,15.010000228881836,215628,0.0,0.0,0.0
2025-06-11 01:20:00+00:00,15.0,15.020000457763672,15.0,15.020000457763672,0,0.0,0.0,0.0
2025-06-11 01:25:00+00:00,15.010000228881836,15.020000457763672,15.010000228881836,15.020000457763672,617496,0.0,0.0,0.0
2025-06-11 01:30:00+00:00,15.020000457763672,15.020000457763672,15.0,15.0,32647,0.0,0.0,0.0
2025-06-11 01:35:00+00:00,15.010000228881836,15.020000457763672,15.010000228881836,15.020000457763672,120779,0.0,0.0,0.0
2025-06-11 01:45:00+00:00,15.010000228881836,15.010000228881836,15.010000228881836,15.010000228881836,6000,0.0,0.0,0.0
2025-06-11 01:50:00+00:00,15.020000457763672,15.029999732971191,15.020000457763672,15.020000457763672,169114,0.0,0.0,0.0
2025-06-11 01:55:00+00:00,15.010000228881836,15.010000228881836,15.0,15.0,107205,0.0,0.0,0.0
2025-06-11 02:00:00+00:00,15.0,15.010000228881836,14.989999771118164,15.010000228881836,37090,0.0,0.0,0.0
2025-06-11 02:05:00+00:00,15.010000228881836,15.020000457763672,15.010000228881836,15.020000457763672,55010,0.0,0.0,0.0
2025-06-11 02:10:00+00:00,15.020000457763672,15.029999732971191,15.020000457763672,15.029999732971191,36257,0.0,0.0,0.0
2025-06-11 02:15:00+00:00,15.029999732971191,15.029999732971191,15.029999732971191,15.029999732971191,8000,0.0,0.0,0.0
2025-06-11 02:20:00+00:00,15.029999732971191,15.039999961853027,15.029999732971191,15.039999961853027,68000,0.0,0.0,0.0
2025-06-11 02:25:00+00:00,15.029999732971191,15.029999732971191,15.029999732971191,15.029999732971191,2300,0.0,0.0,0.0
2025-06-11 02:30:00+00:00,15.029999732971191,15.029999732971191,15.029999732971191,15.029999732971191,10060,0.0,0.0,0.0
2025-06-11 02:35:00+00:00,15.029999732971191,15.029999732971191,15.029999732971191,15.029999732971191,7020,0.0,0.0,0.0
2025-06-11 02:40:00+00:00,15.029999732971191,15.029999732971191,15.029999732971191,15.029999732971191,0,0.0,0.0,0.0
2025-06-11 02:45:00+00:00,15.029999732971191,15.050000190734863,15.029999732971191,15.050000190734863,1364920,0.0,0.0,0.0
2025-06-11 02:50:00+00:00,15.050000190734863,15.050000190734863,15.050000190734863,15.050000190734863,5100,0.0,0.0,0.0
2025-06-11 02:55:00+00:00,15.050000190734863,15.050000190734863,15.050000190734863,15.050000190734863,46116,0.0,0.0,0.0
2025-06-11 03:00:00+00:00,15.050000190734863,15.050000190734863,15.050000190734863,15.050000190734863,28601,0.0,0.0,0.0
2025-06-11 03:05:00+00:00,15.050000190734863,15.069999694824219,15.050000190734863,15.069999694824219,25300,0.0,0.0,0.0
2025-06-11 03:10:00+00:00,15.069999694824219,15.069999694824219,15.0600004196167,15.0600004196167,106000,0.0,0.0,0.0
2025-06-11 03:15:00+00:00,15.0600004196167,15.079999923706055,15.0600004196167,15.069999694824219,50911,0.0,0.0,0.0
2025-06-11 03:20:00+00:00,15.079999923706055,15.09000015258789,15.079999923706055,15.09000015258789,53791,0.0,0.0,0.0
2025-06-11 03:25:00+00:00,15.09000015258789,15.100000381469727,15.09000015258789,15.100000381469727,0,0.0,0.0,0.0
2025-06-11 03:30:00+00:00,15.100000381469727,15.100000381469727,15.100000381469727,15.100000381469727,1748817,0.0,0.0,0.0
2025-06-11 03:35:00+00:00,15.09000015258789,15.09000015258789,15.09000015258789,15.09000015258789,28100,0.0,0.0,0.0
2025-06-11 03:40:00+00:00,15.09000015258789,15.09000015258789,15.09000015258789,15.09000015258789,20236,0.0,0.0,0.0
2025-06-11 03:45:00+00:00,15.079999923706055,15.09000015258789,15.079999923706055,15.079999923706055,29100,0.0,0.0,0.0
2025-06-11 03:50:00+00:00,15.079999923706055,15.079999923706055,15.079999923706055,15.079999923706055,25053,0.0,0.0,0.0
2025-06-11 03:55:00+00:00,15.079999923706055,15.09000015258789,15.079999923706055,15.09000015258789,7249,0.0,0.0,0.0
2025-06-11 04:15:00+00:00,15.09000015258789,15.09000015258789,15.09000015258789,15.09000015258789,121201,0.0,0.0,0.0
2025-06-11 04:20:00+00:00,15.079999923706055,15.09000015258789,15.079999923706055,15.09000015258789,10340,0.0,0.0,0.0
2025-06-11 04:25:00+00:00,15.079999923706055,15.09000015258789,15.079999923706055,15.09000015258789,20318,0.0,0.0,0.0
2025-06-11 04:30:00+00:00,15.09000015258789,15.100000381469727,15.09000015258789,15.100000381469727,176924,0.0,0.0,0.0
2025-06-11 04:35:00+00:00,15.09000015258789,15.100000381469727,15.09000015258789,15.09000015258789,199060,0.0,0.0,0.0
2025-06-11 04:40:00+00:00,15.100000381469727,15.100000381469727,15.100000381469727,15.100000381469727,2000,0.0,0.0,0.0
2025-06-12 01:00:00+00:00,15.09000015258789,15.109999656677246,15.09000015258789,15.109999656677246,162000,0.0,0.0,0.0
2025-06-12 01:05:00+00:00,15.100000381469727,15.130000114440918,15.100000381469727,15.119999885559082,41000,0.0,0.0,0.0
2025-06-12 01:10:00+00:00,15.119999885559082,15.130000114440918,15.119999885559082,15.119999885559082,48595,0.0,0.0,0.0
2025-06-12 01:15:00+00:00,15.109999656677246,15.109999656677246,15.109999656677246,15.109999656677246,1000,0.0,0.0,0.0
2025-06-12 01:20:00+00:00,15.109999656677246,15.119999885559082,15.100000381469727,15.119999885559082,52790,0.0,0.0,0.0
2025-06-12 01:25:00+00:00,15.119999885559082,15.119999885559082,15.109999656677246,15.109999656677246,90000,0.0,0.0,0.0
2025-06-12 01:30:00+00:00,15.119999885559082,15.130000114440918,15.119999885559082,15.119999885559082,110500,0.0,0.0,0.0
2025-06-12 01:35:00+00:00,15.119999885559082,15.119999885559082,15.109999656677246,15.109999656677246,3000,0.0,0.0,0.0
2025-06-12 01:40:00+00:00,15.100000381469727,15.109999656677246,15.100000381469727,15.109999656677246,42655,0.0,0.0,0.0
2025-06-12 01:45:00+00:00,15.09000015258789,15.09000015258789,15.09000015258789,15.09000015258789,107477,0.0,0.0,0.0
2025-06-12 01:50:00+00:00,15.100000381469727,15.100000381469727,15.100000381469727,15.100000381469727,19000,0.0,0.0,0.0
2025-06-12 01:55:00+00:00,15.100000381469727,15.109999656677246,15.100000381469727,15.100000381469727,34829,0.0,0.0,0.0
2025-06-12 02:00:00+00:00,15.100000381469727,15.100000381469727,15.100000381469727,15.100000381469727,8172,0.0,0.0,0.0
2025-06-12 02:05:00+00:00,15.100000381469727,15.100000381469727,15.100000381469727,15.100000381469727,22000,0.0,0.0,0.0
2025-06-12 02:10:00+00:00,15.100000381469727,15.100000381469727,15.100000381469727,15.100000381469727,12200,0.0,0.0,0.0
2025-06-12 02:15:00+00:00,15.100000381469727,15.100000381469727,15.100000381469727,15.100000381469727,66009,0.0,0.0,0.0
2025-06-12 02:20:00+00:00,15.100000381469727,15.100000381469727,15.100000381469727,15.100000381469727,13280,0.0,0.0,0.0
2025-06-12 02:30:00+00:00,15.100000381469727,15.100000381469727,15.100000381469727,15.100000381469727,4000,0.0,0.0,0.0
2025-06-12 02:35:00+00:00,15.100000381469727,15.109999656677246,15.100000381469727,15.109999656677246,14000,0.0,0.0,0.0
2025-06-12 02:40:00+00:00,15.100000381469727,15.100000381469727,15.100000381469727,15.100000381469727,44386,0.0,0.0,0.0
2025-06-12 02:45:00+00:00,15.100000381469727,15.100000381469727,15.100000381469727,15.100000381469727,7010,0.0,0.0,0.0
2025-06-12 02:50:00+00:00,15.100000381469727,15.100000381469727,15.100000381469727,15.100000381469727,73089,0.0,0.0,0.0
2025-06-12 02:55:00+00:00,15.100000381469727,15.109999656677246,15.100000381469727,15.100000381469727,156330,0.0,0.0,0.0
2025-06-12 03:00:00+00:00,15.100000381469727,15.100000381469727,15.100000381469727,15.100000381469727,21310,0.0,0.0,0.0
2025-06-12 03:15:00+00:00,15.109999656677246,15.109999656677246,15.109999656677246,15.109999656677246,76034,0.0,0.0,0.0
2025-06-12 03:20:00+00:00,15.100000381469727,15.100000381469727,15.100000381469727,15.100000381469727,5000,0.0,0.0,0.0
2025-06-12 03:25:00+00:00,15.100000381469727,15.100000381469727,15.100000381469727,15.100000381469727,0,0.0,0.0,0.0
2025-06-12 03:35:00+00:00,15.100000381469727,15.109999656677246,15.100000381469727,15.109999656677246,1310021,0.0,0.0,0.0
2025-06-12 03:40:00+00:00,15.109999656677246,15.109999656677246,15.109999656677246,15.109999656677246,5000,0.0,0.0,0.0
2025-06-12 03:45:00+00:00,15.109999656677246,15.109999656677246,15.109999656677246,15.109999656677246,8007,0.0,0.0,0.0
2025-06-12 03:50:00+00:00,15.109999656677246,15.109999656677246,15.109999656677246,15.109999656677246,100000,0.0,0.0,0.0
2025-06-12 03:55:00+00:00,15.109999656677246,15.109999656677246,15.109999656677246,15.109999656677246,8009,0.0,0.0,0.0
2025-06-12 04:00:00+00:00,15.100000381469727,15.109999656677246,15.100000381469727,15.109999656677246,40000,0.0,0.0,0.0
2025-06-12 04:05:00+00:00,15.109999656677246,15.109999656677246,15.109999656677246,15.109999656677246,2150,0.0,0.0,0.0
2025-06-12 04:10:00+00:00,15.109999656677246,15.109999656677246,15.109999656677246,15.109999656677246,9150,0.0,0.0,0.0
2025-06-12 04:15:00+00:00,15.100000381469727,15.100000381469727,15.100000381469727,15.100000381469727,6150,0.0,0.0,0.0
2025-06-12 04:25:00+00:00,15.100000381469727,15.100000381469727,15.100000381469727,15.100000381469727,4049,0.0,0.0,0.0
2025-06-12 04:30:00+00:00,15.100000381469727,15.100000381469727,15.100000381469727,15.100000381469727,18000,0.0,0.0,0.0
2025-06-12 04:35:00+00:00,15.100000381469727,15.100000381469727,15.100000381469727,15.100000381469727,7013,0.0,0.0,0.0
2025-06-12 04:50:00+00:00,15.09000015258789,15.09000015258789,15.09000015258789,15.09000015258789,19625,0.0,0.0,0.0
2025-06-12 04:55:00+00:00,15.09000015258789,15.09000015258789,15.09000015258789,15.09000015258789,4000,0.0,0.0,0.0
2025-06-12 05:00:00+00:00,15.09000015258789,15.09000015258789,15.09000015258789,15.09000015258789,7000,0.0,0.0,0.0
2025-06-12 05:05:00+00:00,15.09000015258789,15.09000015258789,15.09000015258789,15.09000015258789,0,0.0,0.0,0.0
2025-06-12 05:15:00+00:00,15.09000015258789,15.09000015258789,15.079999923706055,15.09000015258789,1576410,0.0,0.0,0.0
2025-06-12 05:20:00+00:00,15.09000015258789,15.100000381469727,15.09000015258789,15.09000015258789,122000,0.0,0.0,0.0
2025-06-13 01:00:00+00:00,15.050000190734863,15.050000190734863,15.020000457763672,15.020000457763672,0,0.0,0.0,0.0
2025-06-13 01:05:00+00:00,15.010000228881836,15.029999732971191,14.989999771118164,15.020000457763672,120584,0.0,0.0,0.0
2025-06-13 01:10:00+00:00,15.020000457763672,15.020000457763672,15.0,15.0,205878,0.0,0.0,0.0
2025-06-13 01:15:00+00:00,14.989999771118164,14.989999771118164,14.989999771118164,14.989999771118164,39551,0.0,0.0,0.0
2025-06-13 01:20:00+00:00,15.0,15.010000228881836,15.0,15.0,155000,0.0,0.0,0.0
2025-06-13 01:25:00+00:00,15.0,15.010000228881836,15.0,15.010000228881836,101500,0.0,0.0,0.0
2025-06-13 01:30:00+00:00,15.010000228881836,15.039999961853027,15.010000228881836,15.039999961853027,50333,0.0,0.0,0.0
2025-06-13 01:35:00+00:00,15.039999961853027,15.079999923706055,15.039999961853027,15.079999923706055,134523,0.0,0.0,0.0
2025-06-13 01:40:00+00:00,15.079999923706055,15.079999923706055,15.069999694824219,15.069999694824219,7158,0.0,0.0,0.0
2025-06-13 01:45:00+00:00,15.069999694824219,15.09000015258789,15.069999694824219,15.09000015258789,228400,0.0,0.0,0.0
2025-06-13 01:50:00+00:00,15.079999923706055,15.09000015258789,15.079999923706055,15.09000015258789,67000,0.0,0.0,0.0
2025-06-13 01:55:00+00:00,15.100000381469727,15.109999656677246,15.100000381469727,15.109999656677246,84756,0.0,0.0,0.0
2025-06-13 02:00:00+00:00,15.119999885559082,15.119999885559082,15.119999885559082,15.119999885559082,3220,0.0,0.0,0.0
2025-06-13 02:05:00+00:00,15.109999656677246,15.109999656677246,15.109999656677246,15.109999656677246,33137,0.0,0.0,0.0
2025-06-13 02:10:00+00:00,15.109999656677246,15.119999885559082,15.109999656677246,15.119999885559082,154341,0.0,0.0,0.0
2025-06-13 02:15:00+00:00,15.119999885559082,15.130000114440918,15.119999885559082,15.130000114440918,72949,0.0,0.0,0.0
2025-06-13 02:20:00+00:00,15.130000114440918,15.149999618530273,15.130000114440918,15.130000114440918,163000,0.0,0.0,0.0
2025-06-13 02:25:00+00:00,15.119999885559082,15.119999885559082,15.109999656677246,15.119999885559082,401009,0.0,0.0,0.0
2025-06-13 02:30:00+00:00,15.130000114440918,15.130000114440918,15.100000381469727,15.100000381469727,203200,0.0,0.0,0.0
2025-06-13 02:40:00+00:00,15.079999923706055,15.079999923706055,15.0600004196167,15.0600004196167,104000,0.0,0.0,0.0
2025-06-13 02:45:00+00:00,15.050000190734863,15.079999923706055,15.050000190734863,15.079999923706055,166100,0.0,0.0,0.0
2025-06-13 02:50:00+00:00,15.079999923706055,15.09000015258789,15.079999923706055,15.09000015258789,102101,0.0,0.0,0.0
2025-06-13 02:55:00+00:00,15.079999923706055,15.100000381469727,15.079999923706055,15.100000381469727,76000,0.0,0.0,0.0
2025-06-13 03:00:00+00:00,15.109999656677246,15.109999656677246,15.09000015258789,15.09000015258789,18100,0.0,0.0,0.0
2025-06-13 03:05:00+00:00,15.09000015258789,15.09000015258789,15.079999923706055,15.09000015258789,17005,0.0,0.0,0.0
2025-06-13 03:10:00+00:00,15.09000015258789,15.100000381469727,15.09000015258789,15.100000381469727,18805,0.0,0.0,0.0
2025-06-13 03:15:00+00:00,15.109999656677246,15.109999656677246,15.109999656677246,15.109999656677246,19057,0.0,0.0,0.0
2025-06-13 03:20:00+00:00,15.109999656677246,15.109999656677246,15.109999656677246,15.109999656677246,28000,0.0,0.0,0.0
2025-06-13 03:25:00+00:00,15.119999885559082,15.119999885559082,15.119999885559082,15.119999885559082,27911,0.0,0.0,0.0
2025-06-13 03:35:00+00:00,15.109999656677246,15.109999656677246,15.109999656677246,15.109999656677246,8060,0.0,0.0,0.0
2025-06-13 03:40:00+00:00,15.100000381469727,15.109999656677246,15.100000381469727,15.100000381469727,59037,0.0,0.0,0.0
2025-06-13 03:45:00+00:00,15.09000015258789,15.109999656677246,15.09000015258789,15.100000381469727,18070,0.0,0.0,0.0
2025-06-13 03:50:00+00:00,15.100000381469727,15.109999656677246,15.100000381469727,15.109999656677246,18059,0.0,0.0,0.0
2025-06-13 03:55:00+00:00,15.109999656677246,15.109999656677246,15.109999656677246,15.109999656677246,7000,0.0,0.0,0.0
2025-06-13 04:05:00+00:00,15.109999656677246,15.119999885559082,15.100000381469727,15.100000381469727,8000,0.0,0.0,0.0
2025-06-13 04:10:00+00:00,15.100000381469727,15.109999656677246,15.100000381469727,15.109999656677246,24000,0.0,0.0,0.0
2025-06-13 04:20:00+00:00,15.100000381469727,15.100000381469727,15.100000381469727,15.100000381469727,56100,0.0,0.0,0.0
2025-06-13 04:30:00+00:00,15.100000381469727,15.100000381469727,15.100000381469727,15.100000381469727,114102,0.0,0.0,0.0
2025-06-13 04:35:00+00:00,15.100000381469727,15.100000381469727,15.100000381469727,15.100000381469727,214000,0.0,0.0,0.0
2025-06-13 04:40:00+00:00,15.100000381469727,15.100000381469727,15.100000381469727,15.100000381469727,34500,0.0,0.0,0.0
2025-06-13 04:45:00+00:00,15.100000381469727,15.100000381469727,15.100000381469727,15.100000381469727,6400,0.0,0.0,0.0
2025-06-13 04:50:00+00:00,15.100000381469727,15.100000381469727,15.100000381469727,15.100000381469727,3300,0.0,0.0,0.0
2025-06-13 04:55:00+00:00,15.100000381469727,15.100000381469727,15.100000381469727,15.100000381469727,3077,0.0,0.0,0.0
2025-06-13 05:00:00+00:00,15.09000015258789,15.09000015258789,15.09000015258789,15.09000015258789,3000,0.0,0.0,0.0
2025-06-13 05:05:00+00:00,15.079999923706055,15.079999923706055,15.079999923706055,15.079999923706055,2022,0.0,0.0,0.0
2025-06-13 05:10:00+00:00,15.079999923706055,15.079999923706055,15.079999923706055,15.079999923706055,101299,0.0,0.0,0.0
2025-06-13 05:15:00+00:00,15.069999694824219,15.069999694824219,15.069999694824219,15.069999694824219,1010,0.0,0.0,0.0
2025-06-13 05:20:00+00:00,15.0600004196167,15.0600004196167,15.0600004196167,15.0600004196167,26055,0.0,0.0,0.0
2025-06-16 01:00:00+00:00,15.020000457763672,15.050000190734863,15.020000457763672,15.029999732971191,0,0.0,0.0,0.0
2025-06-16 01:05:00+00:00,15.010000228881836,15.020000457763672,15.010000228881836,15.020000457763672,176900,0.0,0.0,0.0
2025-06-16 01:10:00+00:00,15.020000457763672,15.050000190734863,15.020000457763672,15.039999961853027,117674,0.0,0.0,0.0
2025-06-16 01:15:00+00:00,15.050000190734863,15.050000190734863,15.050000190734863,15.050000190734863,55068,0.0,0.0,0.0
2025-06-16 01:20:00+00:00,15.050000190734863,15.050000190734863,15.050000190734863,15.050000190734863,2042,0.0,0.0,0.0
2025-06-16 01:25:00+00:00,15.050000190734863,15.0600004196167,15.050000190734863,15.050000190734863,84359,0.0,0.0,0.0
2025-06-16 01:30:00+00:00,15.0600004196167,15.069999694824219,15.0600004196167,15.069999694824219,141288,0.0,0.0,0.0
2025-06-16 01:35:00+00:00,15.079999923706055,15.079999923706055,15.079999923706055,15.079999923706055,20000,0.0,0.0,0.0
2025-06-16 01:40:00+00:00,15.079999923706055,15.079999923706055,15.079999923706055,15.079999923706055,11000,0.0,0.0,0.0
2025-06-16 01:45:00+00:00,15.079999923706055,15.100000381469727,15.079999923706055,15.09000015258789,34246,0.0,0.0,0.0
2025-06-16 01:50:00+00:00,15.09000015258789,15.100000381469727,15.09000015258789,15.100000381469727,14272,0.0,0.0,0.0
2025-06-16 01:55:00+00:00,15.09000015258789,15.09000015258789,15.09000015258789,15.09000015258789,1439,0.0,0.0,0.0
2025-06-16 02:00:00+00:00,15.09000015258789,15.09000015258789,15.069999694824219,15.069999694824219,19100,0.0,0.0,0.0
2025-06-16 02:05:00+00:00,15.069999694824219,15.079999923706055,15.069999694824219,15.079999923706055,32009,0.0,0.0,0.0
2025-06-16 02:10:00+00:00,15.079999923706055,15.079999923706055,15.079999923706055,15.079999923706055,62000,0.0,0.0,0.0
2025-06-16 02:15:00+00:00,15.069999694824219,15.079999923706055,15.069999694824219,15.079999923706055,17309,0.0,0.0,0.0
2025-06-16 02:20:00+00:00,15.069999694824219,15.069999694824219,15.069999694824219,15.069999694824219,6255,0.0,0.0,0.0
2025-06-16 02:25:00+00:00,15.069999694824219,15.069999694824219,15.069999694824219,15.069999694824219,55554,0.0,0.0,0.0
2025-06-16 02:30:00+00:00,15.079999923706055,15.09000015258789,15.079999923706055,15.09000015258789,135100,0.0,0.0,0.0
2025-06-16 02:35:00+00:00,15.09000015258789,15.09000015258789,15.09000015258789,15.09000015258789,9554,0.0,0.0,0.0
2025-06-16 02:40:00+00:00,15.09000015258789,15.09000015258789,15.079999923706055,15.09000015258789,51100,0.0,0.0,0.0
2025-06-16 02:45:00+00:00,15.100000381469727,15.100000381469727,15.079999923706055,15.079999923706055,18515,0.0,0.0,0.0
2025-06-16 02:55:00+00:00,15.09000015258789,15.09000015258789,15.09000015258789,15.09000015258789,4119,0.0,0.0,0.0
2025-06-16 03:00:00+00:00,15.100000381469727,15.100000381469727,15.09000015258789,15.09000015258789,4480,0.0,0.0,0.0
2025-06-16 03:05:00+00:00,15.09000015258789,15.09000015258789,15.09000015258789,15.09000015258789,4235,0.0,0.0,0.0
2025-06-16 03:15:00+00:00,15.079999923706055,15.079999923706055,15.079999923706055,15.079999923706055,2010,0.0,0.0,0.0
2025-06-16 03:20:00+00:00,15.079999923706055,15.09000015258789,15.079999923706055,15.09000015258789,15109,0.0,0.0,0.0
2025-06-16 03:25:00+00:00,15.09000015258789,15.09000015258789,15.079999923706055,15.09000015258789,28030,0.0,0.0,0.0
2025-06-16 03:30:00+00:00,15.09000015258789,15.09000015258789,15.09000015258789,15.09000015258789,15078,0.0,0.0,0.0
2025-06-16 03:35:00+00:00,15.09000015258789,15.09000015258789,15.09000015258789,15.09000015258789,11000,0.0,0.0,0.0
2025-06-16 03:40:00+00:00,15.079999923706055,15.09000015258789,15.079999923706055,15.079999923706055,15009,0.0,0.0,0.0
2025-06-16 03:45:00+00:00,15.079999923706055,15.079999923706055,15.079999923706055,15.079999923706055,35100,0.0,0.0,0.0
2025-06-16 03:50:00+00:00,15.079999923706055,15.09000015258789,15.079999923706055,15.09000015258789,93019,0.0,0.0,0.0
2025-06-16 03:55:00+00:00,15.09000015258789,15.09000015258789,15.079999923706055,15.09000015258789,57080,0.0,0.0,0.0
2025-06-16 04:00:00+00:00,15.09000015258789,15.09000015258789,15.09000015258789,15.09000015258789,12109,0.0,0.0,0.0
2025-06-16 04:05:00+00:00,15.09000015258789,15.09000015258789,15.079999923706055,15.079999923706055,7250,0.0,0.0,0.0
2025-06-16 04:10:00+00:00,15.09000015258789,15.09000015258789,15.079999923706055,15.079999923706055,33873,0.0,0.0,0.0
2025-06-16 04:15:00+00:00,15.09000015258789,15.09000015258789,15.09000015258789,15.09000015258789,11000,0.0,0.0,0.0
2025-06-16 04:20:00+00:00,15.09000015258789,15.09000015258789,15.09000015258789,15.09000015258789,1009,0.0,0.0,0.0
2025-06-16 04:25:00+00:00,15.09000015258789,15.09000015258789,15.09000015258789,15.09000015258789,19246,0.0,0.0,0.0
2025-06-16 04:30:00+00:00,15.09000015258789,15.09000015258789,15.09000015258789,15.09000015258789,7109,0.0,0.0,0.0
2025-06-16 04:35:00+00:00,15.09000015258789,15.09000015258789,15.09000015258789,15.09000015258789,14100,0.0,0.0,0.0
2025-06-16 04:40:00+00:00,15.09000015258789,15.100000381469727,15.09000015258789,15.09000015258789,217309,0.0,0.0,0.0
2025-06-16 04:45:00+00:00,15.09000015258789,15.09000015258789,15.09000015258789,15.09000015258789,11172,0.0,0.0,0.0
2025-06-16 04:50:00+00:00,15.09000015258789,15.09000015258789,15.09000015258789,15.09000015258789,15752,0.0,0.0,0.0
2025-06-16 04:55:00+00:00,15.09000015258789,15.100000381469727,15.09000015258789,15.100000381469727,24182,0.0,0.0,0.0
2025-06-16 05:10:00+00:00,15.100000381469727,15.100000381469727,15.100000381469727,15.100000381469727,45000,0.0,0.0,0.0
2025-06-16 05:15:00+00:00,15.100000381469727,15.100000381469727,15.09000015258789,15.09000015258789,10147,0.0,0.0,0.0
2025-06-16 05:20:00+00:00,15.100000381469727,15.100000381469727,15.09000015258789,15.09000015258789,12686,0.0,0.0,0.0
2025-06-17 01:00:00+00:00,15.119999885559082,15.140000343322754,15.119999885559082,15.130000114440918,0,0.0,0.0,0.0
2025-06-17 01:05:00+00:00,15.130000114440918,15.140000343322754,15.130000114440918,15.130000114440918,27685,0.0,0.0,0.0
2025-06-17 01:10:00+00:00,15.140000343322754,15.140000343322754,15.140000343322754,15.140000343322754,54335,0.0,0.0,0.0
2025-06-17 01:15:00+00:00,15.130000114440918,15.130000114440918,15.130000114440918,15.130000114440918,10654,0.0,0.0,0.0
2025-06-17 01:20:00+00:00,15.119999885559082,15.130000114440918,15.119999885559082,15.119999885559082,121107,0.0,0.0,0.0
2025-06-17 01:25:00+00:00,15.119999885559082,15.119999885559082,15.119999885559082,15.119999885559082,2178,0.0,0.0,0.0
2025-06-17 01:30:00+00:00,15.119999885559082,15.119999885559082,15.119999885559082,15.119999885559082,115000,0.0,0.0,0.0
2025-06-17 01:35:00+00:00,15.119999885559082,15.119999885559082,15.119999885559082,15.119999885559082,36332,0.0,0.0,0.0
2025-06-17 01:40:00+00:00,15.119999885559082,15.119999885559082,15.119999885559082,15.119999885559082,5500,0.0,0.0,0.0
2025-06-17 01:45:00+00:00,15.119999885559082,15.119999885559082,15.119999885559082,15.119999885559082,30040,0.0,0.0,0.0
2025-06-17 01:50:00+00:00,15.119999885559082,15.119999885559082,15.119999885559082,15.119999885559082,17000,0.0,0.0,0.0
2025-06-17 01:55:00+00:00,15.109999656677246,15.109999656677246,15.109999656677246,15.109999656677246,2615,0.0,0.0,0.0
2025-06-17 02:00:00+00:00,15.109999656677246,15.109999656677246,15.100000381469727,15.100000381469727,12055,0.0,0.0,0.0
2025-06-17 02:05:00+00:00,15.100000381469727,15.100000381469727,15.09000015258789,15.09000015258789,3000,0.0,0.0,0.0
2025-06-17 02:10:00+00:00,15.09000015258789,15.100000381469727,15.09000015258789,15.100000381469727,25100,0.0,0.0,0.0
2025-06-17 02:15:00+00:00,15.079999923706055,15.09000015258789,15.079999923706055,15.09000015258789,12200,0.0,0.0,0.0
2025-06-17 02:25:00+00:00,15.079999923706055,15.079999923706055,15.069999694824219,15.069999694824219,36000,0.0,0.0,0.0
2025-06-17 02:30:00+00:00,15.069999694824219,15.069999694824219,15.069999694824219,15.069999694824219,12154,0.0,0.0,0.0
2025-06-17 02:35:00+00:00,15.069999694824219,15.069999694824219,15.069999694824219,15.069999694824219,9154,0.0,0.0,0.0
2025-06-17 02:40:00+00:00,15.069999694824219,15.09000015258789,15.069999694824219,15.09000015258789,25000,0.0,0.0,0.0
2025-06-17 02:45:00+00:00,15.079999923706055,15.079999923706055,15.079999923706055,15.079999923706055,3000,0.0,0.0,0.0
2025-06-17 02:50:00+00:00,15.079999923706055,15.09000015258789,15.079999923706055,15.09000015258789,48355,0.0,0.0,0.0
2025-06-17 02:55:00+00:00,15.09000015258789,15.09000015258789,15.09000015258789,15.09000015258789,13390,0.0,0.0,0.0
2025-06-17 03:00:00+00:00,15.100000381469727,15.100000381469727,15.09000015258789,15.09000015258789,26265,0.0,0.0,0.0
2025-06-17 03:05:00+00:00,15.100000381469727,15.100000381469727,15.100000381469727,15.100000381469727,30000,0.0,0.0,0.0
2025-06-17 03:10:00+00:00,15.100000381469727,15.100000381469727,15.100000381469727,15.100000381469727,98100,0.0,0.0,0.0
2025-06-17 03:15:00+00:00,15.100000381469727,15.100000381469727,15.100000381469727,15.100000381469727,9080,0.0,0.0,0.0
2025-06-17 03:20:00+00:00,15.100000381469727,15.100000381469727,15.100000381469727,15.100000381469727,17000,0.0,0.0,0.0
2025-06-17 03:25:00+00:00,15.100000381469727,15.100000381469727,15.100000381469727,15.100000381469727,16000,0.0,0.0,0.0
2025-06-17 03:30:00+00:00,15.100000381469727,15.100000381469727,15.100000381469727,15.100000381469727,64400,0.0,0.0,0.0
2025-06-17 03:35:00+00:00,15.100000381469727,15.100000381469727,15.100000381469727,15.100000381469727,27000,0.0,0.0,0.0
2025-06-17 03:40:00+00:00,15.109999656677246,15.109999656677246,15.109999656677246,15.109999656677246,34489,0.0,0.0,0.0
2025-06-17 03:45:00+00:00,15.109999656677246,15.109999656677246,15.109999656677246,15.109999656677246,200100,0.0,0.0,0.0
2025-06-17 03:50:00+00:00,15.109999656677246,15.109999656677246,15.109999656677246,15.109999656677246,5000,0.0,0.0,0.0
2025-06-17 03:55:00+00:00,15.109999656677246,15.109999656677246,15.100000381469727,15.100000381469727,42000,0.0,0.0,0.0
2025-06-17 04:00:00+00:00,15.100000381469727,15.100000381469727,15.100000381469727,15.100000381469727,10010,0.0,0.0,0.0
2025-06-17 04:05:00+00:00,15.100000381469727,15.109999656677246,15.100000381469727,15.109999656677246,6050,0.0,0.0,0.0
2025-06-17 04:10:00+00:00,15.100000381469727,15.100000381469727,15.100000381469727,15.100000381469727,20000,0.0,0.0,0.0
2025-06-17 04:15:00+00:00,15.100000381469727,15.100000381469727,15.09000015258789,15.09000015258789,71000,0.0,0.0,0.0
2025-06-17 04:20:00+00:00,15.100000381469727,15.100000381469727,15.09000015258789,15.100000381469727,10010,0.0,0.0,0.0
2025-06-17 04:25:00+00:00,15.109999656677246,15.119999885559082,15.109999656677246,15.119999885559082,53547,0.0,0.0,0.0
2025-06-17 04:30:00+00:00,15.119999885559082,15.130000114440918,15.119999885559082,15.130000114440918,300100,0.0,0.0,0.0
2025-06-17 04:35:00+00:00,15.130000114440918,15.130000114440918,15.130000114440918,15.130000114440918,20452,0.0,0.0,0.0
2025-06-17 04:40:00+00:00,15.130000114440918,15.140000343322754,15.130000114440918,15.140000343322754,203000,0.0,0.0,0.0
2025-06-17 04:45:00+00:00,15.140000343322754,15.140000343322754,15.140000343322754,15.140000343322754,58181,0.0,0.0,0.0
2025-06-17 04:50:00+00:00,15.140000343322754,15.140000343322754,15.140000343322754,15.140000343322754,39003,0.0,0.0,0.0
2025-06-17 04:55:00+00:00,15.130000114440918,15.130000114440918,15.119999885559082,15.119999885559082,103300,0.0,0.0,0.0
2025-06-17 05:00:00+00:00,15.109999656677246,15.109999656677246,15.109999656677246,15.109999656677246,1000,0.0,0.0,0.0
2025-06-17 05:05:00+00:00,15.100000381469727,15.100000381469727,15.09000015258789,15.09000015258789,14000,0.0,0.0,0.0
2025-06-17 05:10:00+00:00,15.09000015258789,15.100000381469727,15.09000015258789,15.100000381469727,24047,0.0,0.0,0.0
2025-06-17 05:15:00+00:00,15.100000381469727,15.100000381469727,15.100000381469727,15.100000381469727,1012,0.0,0.0,0.0
2025-06-17 05:20:00+00:00,15.100000381469727,15.100000381469727,15.100000381469727,15.100000381469727,6150,0.0,0.0,0.0
2025-06-18 01:00:00+00:00,15.079999923706055,15.079999923706055,15.079999923706055,15.079999923706055,11000,0.0,0.0,0.0
2025-06-18 01:05:00+00:00,15.039999961853027,15.039999961853027,15.020000457763672,15.020000457763672,182834,0.0,0.0,0.0
2025-06-18 01:10:00+00:00,15.0,15.010000228881836,15.0,15.010000228881836,21451,0.0,0.0,0.0
2025-06-18 01:15:00+00:00,15.010000228881836,15.010000228881836,15.0,15.010000228881836,80810,0.0,0.0,0.0
2025-06-18 01:20:00+00:00,15.0,15.020000457763672,15.0,15.020000457763672,13000,0.0,0.0,0.0
2025-06-18 01:25:00+00:00,15.020000457763672,15.020000457763672,15.010000228881836,15.010000228881836,11395,0.0,0.0,0.0
2025-06-18 01:30:00+00:00,15.010000228881836,15.020000457763672,15.010000228881836,15.020000457763672,12000,0.0,0.0,0.0
2025-06-18 01:35:00+00:00,15.029999732971191,15.039999961853027,15.029999732971191,15.039999961853027,16235,0.0,0.0,0.0
2025-06-18 01:45:00+00:00,15.039999961853027,15.039999961853027,15.039999961853027,15.039999961853027,100050,0.0,0.0,0.0
2025-06-18 01:50:00+00:00,15.039999961853027,15.050000190734863,15.039999961853027,15.050000190734863,277000,0.0,0.0,0.0
2025-06-18 01:55:00+00:00,15.050000190734863,15.0600004196167,15.050000190734863,15.0600004196167,11889,0.0,0.0,0.0
2025-06-18 02:10:00+00:00,15.050000190734863,15.0600004196167,15.050000190734863,15.050000190734863,42195,0.0,0.0,0.0
2025-06-18 02:15:00+00:00,15.050000190734863,15.069999694824219,15.050000190734863,15.069999694824219,6707,0.0,0.0,0.0
2025-06-18 02:20:00+00:00,15.050000190734863,15.069999694824219,15.050000190734863,15.069999694824219,23217,0.0,0.0,0.0
2025-06-18 02:25:00+00:00,15.079999923706055,15.079999923706055,15.0600004196167,15.0600004196167,3333,0.0,0.0,0.0
2025-06-18 02:35:00+00:00,15.079999923706055,15.09000015258789,15.079999923706055,15.09000015258789,53160,0.0,0.0,0.0
2025-06-18 02:40:00+00:00,15.079999923706055,15.079999923706055,15.079999923706055,15.079999923706055,1000,0.0,0.0,0.0
2025-06-18 02:45:00+00:00,15.079999923706055,15.09000015258789,15.079999923706055,15.09000015258789,5002,0.0,0.0,0.0
2025-06-18 02:50:00+00:00,15.100000381469727,15.100000381469727,15.09000015258789,15.09000015258789,60035,0.0,0.0,0.0
2025-06-18 02:55:00+00:00,15.09000015258789,15.09000015258789,15.09000015258789,15.09000015258789,30305,0.0,0.0,0.0
2025-06-18 03:00:00+00:00,15.09000015258789,15.09000015258789,15.09000015258789,15.09000015258789,3100,0.0,0.0,0.0
2025-06-18 03:05:00+00:00,15.079999923706055,15.079999923706055,15.069999694824219,15.069999694824219,5048,0.0,0.0,0.0
2025-06-18 03:10:00+00:00,15.069999694824219,15.069999694824219,15.069999694824219,15.069999694824219,1360,0.0,0.0,0.0
2025-06-18 03:15:00+00:00,15.0600004196167,15.0600004196167,15.0600004196167,15.0600004196167,1150,0.0,0.0,0.0
2025-06-18 03:20:00+00:00,15.069999694824219,15.069999694824219,15.069999694824219,15.069999694824219,12000,0.0,0.0,0.0
2025-06-18 03:25:00+00:00,15.069999694824219,15.079999923706055,15.069999694824219,15.079999923706055,13056,0.0,0.0,0.0
2025-06-18 03:30:00+00:00,15.069999694824219,15.069999694824219,15.069999694824219,15.069999694824219,3624,0.0,0.0,0.0
2025-06-18 03:40:00+00:00,15.069999694824219,15.069999694824219,15.069999694824219,15.069999694824219,2000,0.0,0.0,0.0
2025-06-18 03:45:00+00:00,15.069999694824219,15.069999694824219,15.069999694824219,15.069999694824219,5000,0.0,0.0,0.0
2025-06-18 03:50:00+00:00,15.069999694824219,15.069999694824219,15.069999694824219,15.069999694824219,1890,0.0,0.0,0.0
2025-06-18 03:55:00+00:00,15.069999694824219,15.069999694824219,15.069999694824219,15.069999694824219,1100,0.0,0.0,0.0
2025-06-18 04:00:00+00:00,15.069999694824219,15.069999694824219,15.069999694824219,15.069999694824219,4000,0.0,0.0,0.0
2025-06-18 04:05:00+00:00,15.0600004196167,15.0600004196167,15.0600004196167,15.0600004196167,1000,0.0,0.0,0.0
2025-06-18 04:10:00+00:00,15.0600004196167,15.0600004196167,15.0600004196167,15.0600004196167,218781,0.0,0.0,0.0
2025-06-18 04:15:00+00:00,15.050000190734863,15.050000190734863,15.050000190734863,15.050000190734863,5069,0.0,0.0,0.0
2025-06-18 04:20:00+00:00,15.050000190734863,15.050000190734863,15.050000190734863,15.050000190734863,5525,0.0,0.0,0.0
2025-06-18 04:30:00+00:00,15.039999961853027,15.039999961853027,15.029999732971191,15.029999732971191,5643,0.0,0.0,0.0
2025-06-18 04:35:00+00:00,15.020000457763672,15.020000457763672,15.020000457763672,15.020000457763672,193500,0.0,0.0,0.0
2025-06-18 04:40:00+00:00,15.020000457763672,15.029999732971191,15.020000457763672,15.029999732971191,19240,0.0,0.0,0.0
2025-06-18 04:55:00+00:00,15.039999961853027,15.039999961853027,15.039999961853027,15.039999961853027,13002,0.0,0.0,0.0
2025-06-18 05:00:00+00:00,15.039999961853027,15.050000190734863,15.039999961853027,15.050000190734863,17034,0.0,0.0,0.0
2025-06-18 05:10:00+00:00,15.050000190734863,15.0600004196167,15.050000190734863,15.050000190734863,41122,0.0,0.0,0.0
2025-06-18 05:15:00+00:00,15.039999961853027,15.050000190734863,15.039999961853027,15.039999961853027,31426,0.0,0.0,0.0
2025-06-18 05:20:00+00:00,15.039999961853027,15.050000190734863,15.039999961853027,15.050000190734863,22235,0.0,0.0,0.0
2025-06-19 01:00:00+00:00,15.029999732971191,15.029999732971191,15.010000228881836,15.010000228881836,0,0.0,0.0,0.0
2025-06-19 01:05:00+00:00,15.0,15.0,15.0,15.0,14478,0.0,0.0,0.0
2025-06-19 01:10:00+00:00,15.0,15.0,15.0,15.0,4153,0.0,0.0,0.0
2025-06-19 01:20:00+00:00,14.989999771118164,14.989999771118164,14.989999771118164,14.989999771118164,354391,0.0,0.0,0.0
2025-06-19 01:25:00+00:00,14.989999771118164,14.989999771118164,14.989999771118164,14.989999771118164,140059,0.0,0.0,0.0
2025-06-19 01:30:00+00:00,14.989999771118164,15.0,14.989999771118164,15.0,37110,0.0,0.0,0.0
2025-06-19 01:35:00+00:00,14.989999771118164,14.989999771118164,14.970000267028809,14.970000267028809,674805,0.0,0.0,0.0
2025-06-19 01:40:00+00:00,14.970000267028809,14.979999542236328,14.970000267028809,14.979999542236328,158000,0.0,0.0,0.0
2025-06-19 01:45:00+00:00,14.979999542236328,14.979999542236328,14.960000038146973,14.960000038146973,12012,0.0,0.0,0.0
2025-06-19 01:50:00+00:00,14.960000038146973,14.960000038146973,14.960000038146973,14.960000038146973,16887,0.0,0.0,0.0
2025-06-19 02:00:00+00:00,14.979999542236328,14.979999542236328,14.979999542236328,14.979999542236328,5627,0.0,0.0,0.0
2025-06-19 02:05:00+00:00,14.979999542236328,14.979999542236328,14.979999542236328,14.979999542236328,1343,0.0,0.0,0.0
2025-06-19 02:15:00+00:00,14.979999542236328,14.979999542236328,14.979999542236328,14.979999542236328,2290,0.0,0.0,0.0
2025-06-19 02:20:00+00:00,14.960000038146973,14.970000267028809,14.949999809265137,14.949999809265137,16365,0.0,0.0,0.0
2025-06-19 02:25:00+00:00,14.960000038146973,14.960000038146973,14.9399995803833,14.9399995803833,429000,0.0,0.0,0.0
2025-06-19 02:30:00+00:00,14.970000267028809,14.970000267028809,14.970000267028809,14.970000267028809,2143,0.0,0.0,0.0
2025-06-19 02:35:00+00:00,14.9399995803833,14.9399995803833,14.9399995803833,14.9399995803833,101102,0.0,0.0,0.0
2025-06-19 02:45:00+00:00,14.9399995803833,14.960000038146973,14.9399995803833,14.960000038146973,3590,0.0,0.0,0.0
2025-06-19 02:50:00+00:00,14.949999809265137,14.949999809265137,14.949999809265137,14.949999809265137,7000,0.0,0.0,0.0
2025-06-19 02:55:00+00:00,14.9399995803833,14.9399995803833,14.930000305175781,14.930000305175781,355311,0.0,0.0,0.0
2025-06-19 03:05:00+00:00,14.930000305175781,14.930000305175781,14.930000305175781,14.930000305175781,1050,0.0,0.0,0.0
2025-06-19 03:15:00+00:00,14.930000305175781,14.930000305175781,14.930000305175781,14.930000305175781,10150,0.0,0.0,0.0
2025-06-19 03:20:00+00:00,14.930000305175781,14.930000305175781,14.930000305175781,14.930000305175781,31128,0.0,0.0,0.0
2025-06-19 03:40:00+00:00,14.949999809265137,14.949999809265137,14.949999809265137,14.949999809265137,1000,0.0,0.0,0.0
2025-06-19 03:45:00+00:00,14.9399995803833,14.9399995803833,14.930000305175781,14.930000305175781,26000,0.0,0.0,0.0
2025-06-19 03:50:00+00:00,14.930000305175781,14.930000305175781,14.930000305175781,14.930000305175781,1872,0.0,0.0,0.0
2025-06-19 04:00:00+00:00,14.9399995803833,14.9399995803833,14.9399995803833,14.9399995803833,4000,0.0,0.0,0.0
2025-06-19 04:05:00+00:00,14.9399995803833,14.9399995803833,14.9399995803833,14.9399995803833,1510,0.0,0.0,0.0
2025-06-19 04:15:00+00:00,14.9399995803833,14.9399995803833,14.9399995803833,14.9399995803833,6110,0.0,0.0,0.0
2025-06-19 04:20:00+00:00,14.9399995803833,14.9399995803833,14.9399995803833,14.9399995803833,5000,0.0,0.0,0.0
2025-06-19 04:25:00+00:00,14.9399995803833,14.9399995803833,14.930000305175781,14.930000305175781,6325,0.0,0.0,0.0
2025-06-19 04:30:00+00:00,14.930000305175781,14.930000305175781,14.920000076293945,14.920000076293945,31578,0.0,0.0,0.0
2025-06-19 04:35:00+00:00,14.920000076293945,14.920000076293945,14.920000076293945,14.920000076293945,4252,0.0,0.0,0.0
2025-06-19 04:45:00+00:00,14.930000305175781,14.930000305175781,14.930000305175781,14.930000305175781,4944,0.0,0.0,0.0
2025-06-19 05:00:00+00:00,14.920000076293945,14.920000076293945,14.899999618530273,14.899999618530273,38747,0.0,0.0,0.0
2025-06-19 05:05:00+00:00,14.899999618530273,14.899999618530273,14.899999618530273,14.899999618530273,34033,0.0,0.0,0.0
2025-06-19 05:15:00+00:00,14.920000076293945,14.920000076293945,14.920000076293945,14.920000076293945,1225,0.0,0.0,0.0
2025-06-19 05:20:00+00:00,14.90999984741211,14.90999984741211,14.90999984741211,14.90999984741211,9021,0.0,0.0,0.0
2025-06-20 01:00:00+00:00,14.899999618530273,14.899999618530273,14.899999618530273,14.899999618530273,0,0.0,0.0,0.0
2025-06-20 01:05:00+00:00,14.899999618530273,14.90999984741211,14.880000114440918,14.899999618530273,217000,0.0,0.0,0.0
2025-06-20 01:10:00+00:00,14.880000114440918,14.880000114440918,14.880000114440918,14.880000114440918,2177,0.0,0.0,0.0
2025-06-20 01:15:00+00:00,14.869999885559082,14.869999885559082,14.869999885559082,14.869999885559082,1000,0.0,0.0,0.0
2025-06-20 01:20:00+00:00,14.859999656677246,14.859999656677246,14.84000015258789,14.84000015258789,19986,0.0,0.0,0.0
2025-06-20 01:25:00+00:00,14.829999923706055,14.84000015258789,14.8100004196167,14.8100004196167,11320,0.0,0.0,0.0
2025-06-20 01:30:00+00:00,14.8100004196167,14.819999694824219,14.800000190734863,14.800000190734863,24290,0.0,0.0,0.0
2025-06-20 01:35:00+00:00,14.800000190734863,14.800000190734863,14.779999732971191,14.779999732971191,49318,0.0,0.0,0.0
2025-06-20 01:40:00+00:00,14.770000457763672,14.779999732971191,14.760000228881836,14.760000228881836,38852,0.0,0.0,0.0
2025-06-20 01:45:00+00:00,14.75,14.760000228881836,14.75,14.75,46240,0.0,0.0,0.0
2025-06-20 01:50:00+00:00,14.75,14.760000228881836,14.75,14.75,10354,0.0,0.0,0.0
2025-06-20 01:55:00+00:00,14.75,14.75,14.75,14.75,3150,0.0,0.0,0.0
2025-06-20 02:00:00+00:00,14.75,14.75,14.75,14.75,39000,0.0,0.0,0.0
2025-06-20 02:05:00+00:00,14.760000228881836,14.760000228881836,14.75,14.75,41862,0.0,0.0,0.0
2025-06-20 02:10:00+00:00,14.75,14.75,14.75,14.75,4000,0.0,0.0,0.0
2025-06-20 02:15:00+00:00,14.760000228881836,14.760000228881836,14.760000228881836,14.760000228881836,3000,0.0,0.0,0.0
2025-06-20 02:20:00+00:00,14.760000228881836,14.760000228881836,14.760000228881836,14.760000228881836,2000,0.0,0.0,0.0
2025-06-20 02:25:00+00:00,14.760000228881836,14.760000228881836,14.760000228881836,14.760000228881836,4030,0.0,0.0,0.0
2025-06-20 02:30:00+00:00,14.760000228881836,14.760000228881836,14.75,14.760000228881836,15000,0.0,0.0,0.0
2025-06-20 02:40:00+00:00,14.770000457763672,14.770000457763672,14.770000457763672,14.770000457763672,1000,0.0,0.0,0.0
2025-06-20 02:45:00+00:00,14.770000457763672,14.770000457763672,14.760000228881836,14.770000457763672,12871,0.0,0.0,0.0
2025-06-20 02:55:00+00:00,14.75,14.75,14.75,14.75,173436,0.0,0.0,0.0
2025-06-20 03:00:00+00:00,14.75,14.75,14.75,14.75,2330,0.0,0.0,0.0
2025-06-20 03:10:00+00:00,14.75,14.75,14.739999771118164,14.739999771118164,8546,0.0,0.0,0.0
2025-06-20 03:20:00+00:00,14.739999771118164,14.75,14.739999771118164,14.739999771118164,15775,0.0,0.0,0.0
2025-06-20 03:25:00+00:00,14.75,14.75,14.75,14.75,1000,0.0,0.0,0.0
2025-06-20 03:30:00+00:00,14.760000228881836,14.760000228881836,14.75,14.75,107150,0.0,0.0,0.0
2025-06-20 03:35:00+00:00,14.760000228881836,14.770000457763672,14.760000228881836,14.770000457763672,65550,0.0,0.0,0.0
2025-06-20 03:45:00+00:00,14.770000457763672,14.770000457763672,14.770000457763672,14.770000457763672,2000,0.0,0.0,0.0
2025-06-20 03:50:00+00:00,14.779999732971191,14.779999732971191,14.779999732971191,14.779999732971191,5000,0.0,0.0,0.0
2025-06-20 03:55:00+00:00,14.770000457763672,14.770000457763672,14.770000457763672,14.770000457763672,1010,0.0,0.0,0.0
2025-06-20 04:20:00+00:00,14.770000457763672,14.770000457763672,14.770000457763672,14.770000457763672,6297,0.0,0.0,0.0
2025-06-20 04:30:00+00:00,14.770000457763672,14.770000457763672,14.770000457763672,14.770000457763672,1000,0.0,0.0,0.0
2025-06-20 04:35:00+00:00,14.760000228881836,14.760000228881836,14.760000228881836,14.760000228881836,5000,0.0,0.0,0.0
2025-06-20 04:45:00+00:00,14.760000228881836,14.760000228881836,14.760000228881836,14.760000228881836,3360,0.0,0.0,0.0
2025-06-20 04:50:00+00:00,14.760000228881836,14.770000457763672,14.760000228881836,14.770000457763672,11000,0.0,0.0,0.0
2025-06-20 04:55:00+00:00,14.770000457763672,14.770000457763672,14.770000457763672,14.770000457763672,3222,0.0,0.0,0.0
2025-06-20 05:00:00+00:00,14.760000228881836,14.760000228881836,14.760000228881836,14.760000228881836,1285,0.0,0.0,0.0
2025-06-20 05:05:00+00:00,14.75,14.75,14.75,14.75,10095,0.0,0.0,0.0
2025-06-20 05:10:00+00:00,14.75,14.779999732971191,14.75,14.779999732971191,9584,0.0,0.0,0.0
2025-06-20 05:15:00+00:00,14.760000228881836,14.760000228881836,14.760000228881836,14.760000228881836,3000,0.0,0.0,0.0
2025-06-20 05:20:00+00:00,14.760000228881836,14.760000228881836,14.760000228881836,14.760000228881836,3263,0.0,0.0,0.0
2025-06-23 01:00:00+00:00,14.5600004196167,14.5600004196167,14.510000228881836,14.510000228881836,0,0.0,0.0,0.0
2025-06-23 01:05:00+00:00,14.600000381469727,14.609999656677246,14.600000381469727,14.600000381469727,35192,0.0,0.0,0.0
2025-06-23 01:10:00+00:00,14.609999656677246,14.609999656677246,14.600000381469727,14.600000381469727,17000,0.0,0.0,0.0
2025-06-23 01:15:00+00:00,14.59000015258789,14.59000015258789,14.550000190734863,14.550000190734863,13359,0.0,0.0,0.0
2025-06-23 01:20:00+00:00,14.550000190734863,14.550000190734863,14.539999961853027,14.539999961853027,23219,0.0,0.0,0.0
2025-06-23 01:25:00+00:00,14.529999732971191,14.529999732971191,14.5,14.5,55445,0.0,0.0,0.0
2025-06-23 01:30:00+00:00,14.5,14.520000457763672,14.5,14.520000457763672,81093,0.0,0.0,0.0
2025-06-23 01:35:00+00:00,14.539999961853027,14.539999961853027,14.539999961853027,14.539999961853027,7000,0.0,0.0,0.0
2025-06-23 01:40:00+00:00,14.529999732971191,14.529999732971191,14.529999732971191,14.529999732971191,9318,0.0,0.0,0.0
2025-06-23 01:45:00+00:00,14.539999961853027,14.539999961853027,14.529999732971191,14.529999732971191,4573,0.0,0.0,0.0
2025-06-23 01:50:00+00:00,14.529999732971191,14.550000190734863,14.529999732971191,14.550000190734863,19000,0.0,0.0,0.0
2025-06-23 01:55:00+00:00,14.529999732971191,14.529999732971191,14.520000457763672,14.520000457763672,10411,0.0,0.0,0.0
2025-06-23 02:00:00+00:00,14.550000190734863,14.550000190734863,14.520000457763672,14.520000457763672,4316,0.0,0.0,0.0
2025-06-23 02:05:00+00:00,14.539999961853027,14.539999961853027,14.539999961853027,14.539999961853027,100000,0.0,0.0,0.0
2025-06-23 02:10:00+00:00,14.550000190734863,14.550000190734863,14.550000190734863,14.550000190734863,1000,0.0,0.0,0.0
2025-06-23 02:15:00+00:00,14.550000190734863,14.550000190734863,14.539999961853027,14.539999961853027,19235,0.0,0.0,0.0
2025-06-23 02:20:00+00:00,14.539999961853027,14.550000190734863,14.539999961853027,14.550000190734863,121050,0.0,0.0,0.0
2025-06-23 02:25:00+00:00,14.539999961853027,14.539999961853027,14.539999961853027,14.539999961853027,60067,0.0,0.0,0.0
2025-06-23 02:30:00+00:00,14.5600004196167,14.5600004196167,14.539999961853027,14.539999961853027,33000,0.0,0.0,0.0
2025-06-23 02:35:00+00:00,14.539999961853027,14.539999961853027,14.539999961853027,14.539999961853027,3091,0.0,0.0,0.0
2025-06-23 02:40:00+00:00,14.539999961853027,14.539999961853027,14.539999961853027,14.539999961853027,100300,0.0,0.0,0.0
2025-06-23 02:45:00+00:00,14.5600004196167,14.5600004196167,14.529999732971191,14.529999732971191,10767,0.0,0.0,0.0
2025-06-23 02:50:00+00:00,14.539999961853027,14.539999961853027,14.539999961853027,14.539999961853027,2000,0.0,0.0,0.0
2025-06-23 02:55:00+00:00,14.539999961853027,14.550000190734863,14.539999961853027,14.550000190734863,6500,0.0,0.0,0.0
2025-06-23 03:00:00+00:00,14.550000190734863,14.5600004196167,14.539999961853027,14.539999961853027,7224,0.0,0.0,0.0
2025-06-23 03:10:00+00:00,14.539999961853027,14.539999961853027,14.539999961853027,14.539999961853027,1000,0.0,0.0,0.0
2025-06-23 03:15:00+00:00,14.550000190734863,14.569999694824219,14.539999961853027,14.539999961853027,4000,0.0,0.0,0.0
2025-06-23 03:25:00+00:00,14.579999923706055,14.579999923706055,14.5600004196167,14.5600004196167,32000,0.0,0.0,0.0
2025-06-23 03:30:00+00:00,14.579999923706055,14.579999923706055,14.579999923706055,14.579999923706055,1000,0.0,0.0,0.0
2025-06-23 03:40:00+00:00,14.579999923706055,14.579999923706055,14.579999923706055,14.579999923706055,7095,0.0,0.0,0.0
2025-06-23 03:45:00+00:00,14.59000015258789,14.59000015258789,14.569999694824219,14.569999694824219,5008,0.0,0.0,0.0
2025-06-23 03:50:00+00:00,14.569999694824219,14.569999694824219,14.569999694824219,14.569999694824219,1590,0.0,0.0,0.0
2025-06-23 04:00:00+00:00,14.569999694824219,14.569999694824219,14.569999694824219,14.569999694824219,2018,0.0,0.0,0.0
2025-06-23 04:10:00+00:00,14.569999694824219,14.569999694824219,14.569999694824219,14.569999694824219,1000,0.0,0.0,0.0
2025-06-23 04:15:00+00:00,14.579999923706055,14.579999923706055,14.579999923706055,14.579999923706055,84198,0.0,0.0,0.0
2025-06-23 04:20:00+00:00,14.579999923706055,14.579999923706055,14.579999923706055,14.579999923706055,10343,0.0,0.0,0.0
2025-06-23 04:25:00+00:00,14.579999923706055,14.59000015258789,14.579999923706055,14.59000015258789,3250,0.0,0.0,0.0
2025-06-23 04:30:00+00:00,14.59000015258789,14.59000015258789,14.59000015258789,14.59000015258789,6145,0.0,0.0,0.0
2025-06-23 04:35:00+00:00,14.59000015258789,14.59000015258789,14.579999923706055,14.579999923706055,7210,0.0,0.0,0.0
2025-06-23 04:40:00+00:00,14.569999694824219,14.569999694824219,14.569999694824219,14.569999694824219,3500,0.0,0.0,0.0
2025-06-23 04:45:00+00:00,14.569999694824219,14.59000015258789,14.569999694824219,14.59000015258789,6100,0.0,0.0,0.0
2025-06-23 04:50:00+00:00,14.579999923706055,14.579999923706055,14.579999923706055,14.579999923706055,25208,0.0,0.0,0.0
2025-06-23 04:55:00+00:00,14.579999923706055,14.579999923706055,14.579999923706055,14.579999923706055,2100,0.0,0.0,0.0
2025-06-23 05:00:00+00:00,14.600000381469727,14.600000381469727,14.600000381469727,14.600000381469727,7104,0.0,0.0,0.0
2025-06-23 05:05:00+00:00,14.600000381469727,14.600000381469727,14.600000381469727,14.600000381469727,2141,0.0,0.0,0.0
2025-06-23 05:10:00+00:00,14.59000015258789,14.59000015258789,14.59000015258789,14.59000015258789,1500,0.0,0.0,0.0
2025-06-23 05:15:00+00:00,14.59000015258789,14.609999656677246,14.59000015258789,14.600000381469727,36000,0.0,0.0,0.0
2025-06-23 05:20:00+00:00,14.600000381469727,14.600000381469727,14.600000381469727,14.600000381469727,1309,0.0,0.0,0.0
2025-06-24 01:00:00+00:00,14.770000457763672,14.770000457763672,14.770000457763672,14.770000457763672,0,0.011,0.0,0.0
2025-06-24 01:05:00+00:00,14.770000457763672,14.800000190734863,14.760000228881836,14.800000190734863,23097,0.0,0.0,0.0
2025-06-24 01:15:00+00:00,14.800000190734863,14.819999694824219,14.800000190734863,14.819999694824219,64700,0.0,0.0,0.0
2025-06-24 01:20:00+00:00,14.819999694824219,14.819999694824219,14.819999694824219,14.819999694824219,6047,0.0,0.0,0.0
2025-06-24 01:25:00+00:00,14.789999961853027,14.789999961853027,14.789999961853027,14.789999961853027,1100,0.0,0.0,0.0
2025-06-24 01:30:00+00:00,14.789999961853027,14.789999961853027,14.789999961853027,14.789999961853027,2002,0.0,0.0,0.0
2025-06-24 01:35:00+00:00,14.770000457763672,14.779999732971191,14.770000457763672,14.779999732971191,11020,0.0,0.0,0.0
2025-06-24 01:40:00+00:00,14.779999732971191,14.789999961853027,14.779999732971191,14.789999961853027,15027,0.0,0.0,0.0
2025-06-24 01:50:00+00:00,14.789999961853027,14.789999961853027,14.789999961853027,14.789999961853027,1000,0.0,0.0,0.0
2025-06-24 01:55:00+00:00,14.789999961853027,14.789999961853027,14.789999961853027,14.789999961853027,4310,0.0,0.0,0.0
2025-06-24 02:00:00+00:00,14.779999732971191,14.779999732971191,14.779999732971191,14.779999732971191,16000,0.0,0.0,0.0
2025-06-24 02:05:00+00:00,14.779999732971191,14.779999732971191,14.760000228881836,14.760000228881836,103397,0.0,0.0,0.0
2025-06-24 02:15:00+00:00,14.770000457763672,14.770000457763672,14.770000457763672,14.770000457763672,2545,0.0,0.0,0.0
2025-06-24 02:30:00+00:00,14.770000457763672,14.779999732971191,14.770000457763672,14.779999732971191,62261,0.0,0.0,0.0
2025-06-24 02:40:00+00:00,14.770000457763672,14.770000457763672,14.760000228881836,14.760000228881836,23500,0.0,0.0,0.0
2025-06-24 02:45:00+00:00,14.760000228881836,14.760000228881836,14.760000228881836,14.760000228881836,15216,0.0,0.0,0.0
2025-06-24 02:50:00+00:00,14.75,14.75,14.75,14.75,5000,0.0,0.0,0.0
2025-06-24 02:55:00+00:00,14.75,14.75,14.75,14.75,20165,0.0,0.0,0.0
2025-06-24 03:00:00+00:00,14.75,14.760000228881836,14.75,14.760000228881836,66135,0.0,0.0,0.0
2025-06-24 03:10:00+00:00,14.770000457763672,14.770000457763672,14.770000457763672,14.770000457763672,12358,0.0,0.0,0.0
2025-06-24 03:20:00+00:00,14.770000457763672,14.779999732971191,14.770000457763672,14.779999732971191,106096,0.0,0.0,0.0
2025-06-24 03:25:00+00:00,14.779999732971191,14.779999732971191,14.779999732971191,14.779999732971191,8500,0.0,0.0,0.0
2025-06-24 03:30:00+00:00,14.779999732971191,14.800000190734863,14.779999732971191,14.800000190734863,80598,0.0,0.0,0.0
2025-06-24 03:35:00+00:00,14.8100004196167,14.8100004196167,14.8100004196167,14.8100004196167,2015,0.0,0.0,0.0
2025-06-24 03:40:00+00:00,14.779999732971191,14.779999732971191,14.779999732971191,14.779999732971191,10000,0.0,0.0,0.0
2025-06-24 03:45:00+00:00,14.779999732971191,14.779999732971191,14.779999732971191,14.779999732971191,1000,0.0,0.0,0.0
2025-06-24 03:50:00+00:00,14.779999732971191,14.779999732971191,14.770000457763672,14.770000457763672,4967,0.0,0.0,0.0
2025-06-24 04:00:00+00:00,14.779999732971191,14.779999732971191,14.779999732971191,14.779999732971191,10000,0.0,0.0,0.0
2025-06-24 04:05:00+00:00,14.770000457763672,14.770000457763672,14.760000228881836,14.760000228881836,4000,0.0,0.0,0.0
2025-06-24 04:10:00+00:00,14.760000228881836,14.760000228881836,14.760000228881836,14.760000228881836,4100,0.0,0.0,0.0
2025-06-24 04:15:00+00:00,14.760000228881836,14.760000228881836,14.760000228881836,14.760000228881836,100085,0.0,0.0,0.0
2025-06-24 04:20:00+00:00,14.760000228881836,14.760000228881836,14.760000228881836,14.760000228881836,5000,0.0,0.0,0.0
2025-06-24 04:25:00+00:00,14.75,14.760000228881836,14.75,14.760000228881836,21065,0.0,0.0,0.0
2025-06-24 04:35:00+00:00,14.770000457763672,14.770000457763672,14.760000228881836,14.760000228881836,60000,0.0,0.0,0.0
2025-06-24 04:40:00+00:00,14.770000457763672,14.779999732971191,14.770000457763672,14.779999732971191,20507,0.0,0.0,0.0
2025-06-24 04:45:00+00:00,14.779999732971191,14.779999732971191,14.779999732971191,14.779999732971191,1988,0.0,0.0,0.0
2025-06-24 04:50:00+00:00,14.779999732971191,14.789999961853027,14.770000457763672,14.789999961853027,31050,0.0,0.0,0.0
2025-06-24 04:55:00+00:00,14.779999732971191,14.779999732971191,14.779999732971191,14.779999732971191,5733,0.0,0.0,0.0
2025-06-24 05:00:00+00:00,14.789999961853027,14.789999961853027,14.789999961853027,14.789999961853027,9177,0.0,0.0,0.0
2025-06-24 05:10:00+00:00,14.779999732971191,14.779999732971191,14.779999732971191,14.779999732971191,1046,0.0,0.0,0.0
2025-06-24 05:15:00+00:00,14.779999732971191,14.779999732971191,14.779999732971191,14.779999732971191,7094,0.0,0.0,0.0
2025-06-24 05:20:00+00:00,14.789999961853027,14.789999961853027,14.779999732971191,14.779999732971191,6000,0.0,0.0,0.0
2025-06-25 01:00:00+00:00,14.800000190734863,14.84000015258789,14.800000190734863,14.819999694824219,718000,0.0,0.0,0.0
2025-06-25 01:05:00+00:00,14.819999694824219,14.819999694824219,14.8100004196167,14.8100004196167,135000,0.0,0.0,0.0
2025-06-25 01:10:00+00:00,14.789999961853027,14.789999961853027,14.789999961853027,14.789999961853027,64665,0.0,0.0,0.0
2025-06-25 01:15:00+00:00,14.789999961853027,14.789999961853027,14.789999961853027,14.789999961853027,53574,0.0,0.0,0.0
2025-06-25 01:25:00+00:00,14.779999732971191,14.779999732971191,14.770000457763672,14.770000457763672,106950,0.0,0.0,0.0
2025-06-25 01:30:00+00:00,14.770000457763672,14.770000457763672,14.770000457763672,14.770000457763672,21533,0.0,0.0,0.0
2025-06-25 01:35:00+00:00,14.789999961853027,14.819999694824219,14.789999961853027,14.819999694824219,79340,0.0,0.0,0.0
2025-06-25 01:40:00+00:00,14.8100004196167,14.8100004196167,14.8100004196167,14.8100004196167,1000,0.0,0.0,0.0
2025-06-25 01:45:00+00:00,14.800000190734863,14.800000190734863,14.800000190734863,14.800000190734863,3305,0.0,0.0,0.0
2025-06-25 01:50:00+00:00,14.800000190734863,14.800000190734863,14.800000190734863,14.800000190734863,1010,0.0,0.0,0.0
2025-06-25 02:00:00+00:00,14.800000190734863,14.800000190734863,14.789999961853027,14.789999961853027,2000,0.0,0.0,0.0
2025-06-25 02:05:00+00:00,14.789999961853027,14.789999961853027,14.789999961853027,14.789999961853027,8000,0.0,0.0,0.0
2025-06-25 02:10:00+00:00,14.800000190734863,14.800000190734863,14.800000190734863,14.800000190734863,3250,0.0,0.0,0.0
2025-06-25 02:15:00+00:00,14.800000190734863,14.800000190734863,14.800000190734863,14.800000190734863,39150,0.0,0.0,0.0
2025-06-25 02:20:00+00:00,14.789999961853027,14.789999961853027,14.789999961853027,14.789999961853027,2468,0.0,0.0,0.0
2025-06-25 02:25:00+00:00,14.779999732971191,14.779999732971191,14.779999732971191,14.779999732971191,30000,0.0,0.0,0.0
2025-06-25 02:30:00+00:00,14.779999732971191,14.779999732971191,14.770000457763672,14.770000457763672,24000,0.0,0.0,0.0
2025-06-25 02:35:00+00:00,14.779999732971191,14.779999732971191,14.779999732971191,14.779999732971191,11000,0.0,0.0,0.0
2025-06-25 02:40:00+00:00,14.789999961853027,14.789999961853027,14.779999732971191,14.779999732971191,7005,0.0,0.0,0.0
2025-06-25 02:45:00+00:00,14.779999732971191,14.789999961853027,14.779999732971191,14.779999732971191,29102,0.0,0.0,0.0
2025-06-25 02:55:00+00:00,14.779999732971191,14.779999732971191,14.779999732971191,14.779999732971191,5139,0.0,0.0,0.0
2025-06-25 03:00:00+00:00,14.789999961853027,14.789999961853027,14.789999961853027,14.789999961853027,5000,0.0,0.0,0.0
2025-06-25 03:05:00+00:00,14.800000190734863,14.800000190734863,14.800000190734863,14.800000190734863,11049,0.0,0.0,0.0
2025-06-25 03:10:00+00:00,14.800000190734863,14.800000190734863,14.800000190734863,14.800000190734863,21094,0.0,0.0,0.0
2025-06-25 03:15:00+00:00,14.800000190734863,14.800000190734863,14.800000190734863,14.800000190734863,8200,0.0,0.0,0.0
2025-06-25 03:20:00+00:00,14.800000190734863,14.8100004196167,14.800000190734863,14.8100004196167,62500,0.0,0.0,0.0
2025-06-25 03:30:00+00:00,14.8100004196167,14.8100004196167,14.8100004196167,14.8100004196167,2060,0.0,0.0,0.0
2025-06-25 03:35:00+00:00,14.8100004196167,14.8100004196167,14.8100004196167,14.8100004196167,15844,0.0,0.0,0.0
2025-06-25 03:40:00+00:00,14.8100004196167,14.819999694824219,14.8100004196167,14.819999694824219,85020,0.0,0.0,0.0
2025-06-25 03:45:00+00:00,14.8100004196167,14.8100004196167,14.8100004196167,14.8100004196167,100000,0.0,0.0,0.0
2025-06-25 03:55:00+00:00,14.8100004196167,14.8100004196167,14.8100004196167,14.8100004196167,3000,0.0,0.0,0.0
2025-06-25 04:00:00+00:00,14.8100004196167,14.8100004196167,14.8100004196167,14.8100004196167,107000,0.0,0.0,0.0
2025-06-25 04:15:00+00:00,14.8100004196167,14.8100004196167,14.8100004196167,14.8100004196167,37200,0.0,0.0,0.0
2025-06-25 04:20:00+00:00,14.8100004196167,14.8100004196167,14.8100004196167,14.8100004196167,5100,0.0,0.0,0.0
2025-06-25 04:35:00+00:00,14.8100004196167,14.8100004196167,14.8100004196167,14.8100004196167,3000,0.0,0.0,0.0
2025-06-25 04:40:00+00:00,14.8100004196167,14.8100004196167,14.8100004196167,14.8100004196167,7806,0.0,0.0,0.0
2025-06-25 04:45:00+00:00,14.8100004196167,14.8100004196167,14.8100004196167,14.8100004196167,8660,0.0,0.0,0.0
2025-06-25 04:50:00+00:00,14.8100004196167,14.8100004196167,14.800000190734863,14.8100004196167,5000,0.0,0.0,0.0
2025-06-25 04:55:00+00:00,14.819999694824219,14.819999694824219,14.819999694824219,14.819999694824219,50183,0.0,0.0,0.0
2025-06-25 05:00:00+00:00,14.819999694824219,14.829999923706055,14.819999694824219,14.819999694824219,103000,0.0,0.0,0.0
2025-06-25 05:05:00+00:00,14.819999694824219,14.819999694824219,14.819999694824219,14.819999694824219,4460,0.0,0.0,0.0
2025-06-25 05:15:00+00:00,14.829999923706055,14.829999923706055,14.8100004196167,14.8100004196167,0,0.0,0.0,0.0
2025-06-25 05:20:00+00:00,14.8100004196167,14.8100004196167,14.8100004196167,14.8100004196167,2203480,0.0,0.0,0.0
2025-06-26 01:00:00+00:00,14.8100004196167,14.8100004196167,14.8100004196167,14.8100004196167,0,0.0,0.0,0.0
2025-06-26 01:05:00+00:00,14.8100004196167,14.819999694824219,14.8100004196167,14.819999694824219,25917,0.0,0.0,0.0
2025-06-26 01:10:00+00:00,14.819999694824219,14.829999923706055,14.819999694824219,14.829999923706055,31162,0.0,0.0,0.0
2025-06-26 01:15:00+00:00,14.84000015258789,14.84000015258789,14.829999923706055,14.829999923706055,21000,0.0,0.0,0.0
2025-06-26 01:20:00+00:00,14.829999923706055,14.829999923706055,14.829999923706055,14.829999923706055,6020,0.0,0.0,0.0
2025-06-26 01:25:00+00:00,14.84000015258789,14.84000015258789,14.84000015258789,14.84000015258789,53149,0.0,0.0,0.0
2025-06-26 01:30:00+00:00,14.850000381469727,14.850000381469727,14.850000381469727,14.850000381469727,2344,0.0,0.0,0.0
2025-06-26 01:35:00+00:00,14.84000015258789,14.850000381469727,14.84000015258789,14.850000381469727,53000,0.0,0.0,0.0
2025-06-26 01:45:00+00:00,14.850000381469727,14.850000381469727,14.829999923706055,14.84000015258789,26254,0.0,0.0,0.0
2025-06-26 01:55:00+00:00,14.84000015258789,14.84000015258789,14.84000015258789,14.84000015258789,11130,0.0,0.0,0.0
2025-06-26 02:00:00+00:00,14.850000381469727,14.850000381469727,14.84000015258789,14.850000381469727,56102,0.0,0.0,0.0
2025-06-26 02:05:00+00:00,14.859999656677246,14.899999618530273,14.859999656677246,14.899999618530273,106460,0.0,0.0,0.0
2025-06-26 02:10:00+00:00,14.90999984741211,14.930000305175781,14.90999984741211,14.930000305175781,33203,0.0,0.0,0.0
2025-06-26 02:15:00+00:00,14.949999809265137,14.949999809265137,14.930000305175781,14.930000305175781,9133,0.0,0.0,0.0
2025-06-26 02:20:00+00:00,14.90999984741211,14.90999984741211,14.90999984741211,14.90999984741211,58800,0.0,0.0,0.0
2025-06-26 02:25:00+00:00,14.90999984741211,14.90999984741211,14.90999984741211,14.90999984741211,2031,0.0,0.0,0.0
2025-06-26 02:30:00+00:00,14.920000076293945,14.920000076293945,14.920000076293945,14.920000076293945,2100,0.0,0.0,0.0
2025-06-26 02:35:00+00:00,14.899999618530273,14.899999618530273,14.899999618530273,14.899999618530273,108081,0.0,0.0,0.0
2025-06-26 02:45:00+00:00,14.90999984741211,14.90999984741211,14.90999984741211,14.90999984741211,2661,0.0,0.0,0.0
2025-06-26 02:55:00+00:00,14.899999618530273,14.899999618530273,14.899999618530273,14.899999618530273,205000,0.0,0.0,0.0
2025-06-26 03:00:00+00:00,14.890000343322754,14.920000076293945,14.890000343322754,14.90999984741211,625131,0.0,0.0,0.0
2025-06-26 03:15:00+00:00,14.90999984741211,14.90999984741211,14.880000114440918,14.880000114440918,17195,0.0,0.0,0.0
2025-06-26 03:20:00+00:00,14.880000114440918,14.880000114440918,14.880000114440918,14.880000114440918,2031,0.0,0.0,0.0
2025-06-26 03:30:00+00:00,14.880000114440918,14.880000114440918,14.880000114440918,14.880000114440918,10384,0.0,0.0,0.0
2025-06-26 03:40:00+00:00,14.880000114440918,14.880000114440918,14.880000114440918,14.880000114440918,14272,0.0,0.0,0.0
2025-06-26 03:55:00+00:00,14.869999885559082,14.869999885559082,14.869999885559082,14.869999885559082,100124,0.0,0.0,0.0
2025-06-26 04:05:00+00:00,14.859999656677246,14.869999885559082,14.859999656677246,14.869999885559082,60301,0.0,0.0,0.0
2025-06-26 04:20:00+00:00,14.869999885559082,14.880000114440918,14.869999885559082,14.880000114440918,34061,0.0,0.0,0.0
2025-06-26 04:25:00+00:00,14.869999885559082,14.869999885559082,14.869999885559082,14.869999885559082,12171,0.0,0.0,0.0
2025-06-26 04:35:00+00:00,14.869999885559082,14.880000114440918,14.869999885559082,14.869999885559082,48330,0.0,0.0,0.0
2025-06-26 04:40:00+00:00,14.850000381469727,14.850000381469727,14.850000381469727,14.850000381469727,2100,0.0,0.0,0.0
2025-06-26 04:45:00+00:00,14.850000381469727,14.850000381469727,14.850000381469727,14.850000381469727,1131,0.0,0.0,0.0
2025-06-26 04:50:00+00:00,14.850000381469727,14.850000381469727,14.850000381469727,14.850000381469727,4100,0.0,0.0,0.0
2025-06-26 04:55:00+00:00,14.859999656677246,14.859999656677246,14.850000381469727,14.850000381469727,25164,0.0,0.0,0.0
2025-06-26 05:05:00+00:00,14.84000015258789,14.84000015258789,14.84000015258789,14.84000015258789,207323,0.0,0.0,0.0
2025-06-26 05:15:00+00:00,14.829999923706055,14.829999923706055,14.819999694824219,14.819999694824219,13300,0.0,0.0,0.0
2025-06-26 05:20:00+00:00,14.819999694824219,14.819999694824219,14.819999694824219,14.819999694824219,3400,0.0,0.0,0.0
2025-06-27 01:00:00+00:00,14.90999984741211,14.9399995803833,14.90999984741211,14.90999984741211,0,0.0,0.0,0.0
2025-06-27 01:05:00+00:00,14.90999984741211,14.90999984741211,14.890000343322754,14.899999618530273,14850,0.0,0.0,0.0
2025-06-27 01:10:00+00:00,14.899999618530273,14.949999809265137,14.899999618530273,14.949999809265137,29020,0.0,0.0,0.0
2025-06-27 01:15:00+00:00,14.949999809265137,14.949999809265137,14.949999809265137,14.949999809265137,3000,0.0,0.0,0.0
2025-06-27 01:20:00+00:00,14.920000076293945,14.920000076293945,14.920000076293945,14.920000076293945,10000,0.0,0.0,0.0
2025-06-27 01:25:00+00:00,14.920000076293945,14.930000305175781,14.920000076293945,14.930000305175781,23180,0.0,0.0,0.0
2025-06-27 01:30:00+00:00,14.899999618530273,14.899999618530273,14.899999618530273,14.899999618530273,100000,0.0,0.0,0.0
2025-06-27 01:50:00+00:00,14.869999885559082,14.869999885559082,14.869999885559082,14.869999885559082,3744,0.0,0.0,0.0
2025-06-27 01:55:00+00:00,14.859999656677246,14.859999656677246,14.850000381469727,14.859999656677246,39563,0.0,0.0,0.0
2025-06-27 02:10:00+00:00,14.859999656677246,14.859999656677246,14.859999656677246,14.859999656677246,15536,0.0,0.0,0.0
2025-06-27 02:15:00+00:00,14.869999885559082,14.869999885559082,14.869999885559082,14.869999885559082,17700,0.0,0.0,0.0
2025-06-27 02:20:00+00:00,14.880000114440918,14.880000114440918,14.880000114440918,14.880000114440918,4000,0.0,0.0,0.0
2025-06-27 02:25:00+00:00,14.880000114440918,14.880000114440918,14.880000114440918,14.880000114440918,26021,0.0,0.0,0.0
2025-06-27 02:35:00+00:00,14.880000114440918,14.880000114440918,14.880000114440918,14.880000114440918,100025,0.0,0.0,0.0
2025-06-27 02:40:00+00:00,14.880000114440918,14.890000343322754,14.880000114440918,14.890000343322754,41000,0.0,0.0,0.0
2025-06-27 02:50:00+00:00,14.899999618530273,14.90999984741211,14.899999618530273,14.90999984741211,54342,0.0,0.0,0.0
2025-06-27 02:55:00+00:00,14.890000343322754,14.90999984741211,14.890000343322754,14.90999984741211,2040,0.0,0.0,0.0
2025-06-27 03:05:00+00:00,14.90999984741211,14.90999984741211,14.90999984741211,14.90999984741211,6250,0.0,0.0,0.0
2025-06-27 03:15:00+00:00,14.90999984741211,14.90999984741211,14.90999984741211,14.90999984741211,7000,0.0,0.0,0.0
2025-06-27 03:20:00+00:00,14.90999984741211,14.90999984741211,14.90999984741211,14.90999984741211,1000,0.0,0.0,0.0
2025-06-27 03:25:00+00:00,14.90999984741211,14.90999984741211,14.90999984741211,14.90999984741211,1141,0.0,0.0,0.0
2025-06-27 03:40:00+00:00,14.899999618530273,14.899999618530273,14.899999618530273,14.899999618530273,7000,0.0,0.0,0.0
2025-06-27 03:45:00+00:00,14.899999618530273,14.899999618530273,14.899999618530273,14.899999618530273,6000,0.0,0.0,0.0
2025-06-27 03:50:00+00:00,14.899999618530273,14.899999618530273,14.899999618530273,14.899999618530273,5000,0.0,0.0,0.0
2025-06-27 04:00:00+00:00,14.899999618530273,14.899999618530273,14.899999618530273,14.899999618530273,7203,0.0,0.0,0.0
2025-06-27 04:05:00+00:00,14.899999618530273,14.899999618530273,14.899999618530273,14.899999618530273,21000,0.0,0.0,0.0
2025-06-27 04:15:00+00:00,14.899999618530273,14.899999618530273,14.899999618530273,14.899999618530273,32555,0.0,0.0,0.0
2025-06-27 04:20:00+00:00,14.90999984741211,14.90999984741211,14.90999984741211,14.90999984741211,26080,0.0,0.0,0.0
2025-06-27 04:25:00+00:00,14.90999984741211,14.90999984741211,14.90999984741211,14.90999984741211,6000,0.0,0.0,0.0
2025-06-27 04:30:00+00:00,14.920000076293945,14.920000076293945,14.90999984741211,14.920000076293945,68000,0.0,0.0,0.0
2025-06-27 04:35:00+00:00,14.920000076293945,14.920000076293945,14.920000076293945,14.920000076293945,2180,0.0,0.0,0.0
2025-06-27 04:40:00+00:00,14.920000076293945,14.920000076293945,14.920000076293945,14.920000076293945,4000,0.0,0.0,0.0
2025-06-27 04:45:00+00:00,14.920000076293945,14.920000076293945,14.920000076293945,14.920000076293945,10000,0.0,0.0,0.0
2025-06-27 04:50:00+00:00,14.920000076293945,14.920000076293945,14.920000076293945,14.920000076293945,7080,0.0,0.0,0.0
2025-06-27 04:55:00+00:00,14.920000076293945,14.920000076293945,14.920000076293945,14.920000076293945,1000,0.0,0.0,0.0
2025-06-27 05:00:00+00:00,14.920000076293945,14.920000076293945,14.920000076293945,14.920000076293945,16000,0.0,0.0,0.0
2025-06-27 05:05:00+00:00,14.920000076293945,14.920000076293945,14.920000076293945,14.920000076293945,9300,0.0,0.0,0.0
2025-06-27 05:10:00+00:00,14.920000076293945,14.920000076293945,14.920000076293945,14.920000076293945,33000,0.0,0.0,0.0
2025-06-27 05:15:00+00:00,14.920000076293945,14.920000076293945,14.920000076293945,14.920000076293945,2135,0.0,0.0,0.0
2025-06-27 05:20:00+00:00,14.930000305175781,14.930000305175781,14.90999984741211,14.930000305175781,8100,0.0,0.0,0.0
2025-06-30 01:00:00+00:00,14.920000076293945,14.920000076293945,14.890000343322754,14.890000343322754,0,0.0,0.0,0.0
2025-06-30 01:05:00+00:00,14.859999656677246,14.859999656677246,14.859999656677246,14.859999656677246,39445,0.0,0.0,0.0
2025-06-30 01:10:00+00:00,14.869999885559082,14.869999885559082,14.859999656677246,14.859999656677246,3010,0.0,0.0,0.0
2025-06-30 01:15:00+00:00,14.859999656677246,14.859999656677246,14.84000015258789,14.84000015258789,103250,0.0,0.0,0.0
2025-06-30 01:20:00+00:00,14.84000015258789,14.84000015258789,14.829999923706055,14.84000015258789,11407,0.0,0.0,0.0
2025-06-30 01:25:00+00:00,14.84000015258789,14.84000015258789,14.84000015258789,14.84000015258789,10000,0.0,0.0,0.0
2025-06-30 01:30:00+00:00,14.859999656677246,14.859999656677246,14.84000015258789,14.84000015258789,23052,0.0,0.0,0.0
2025-06-30 01:40:00+00:00,14.859999656677246,14.859999656677246,14.850000381469727,14.850000381469727,3000,0.0,0.0,0.0
2025-06-30 01:45:00+00:00,14.869999885559082,14.869999885559082,14.869999885559082,14.869999885559082,4100,0.0,0.0,0.0
2025-06-30 01:50:00+00:00,14.869999885559082,14.869999885559082,14.859999656677246,14.859999656677246,5037,0.0,0.0,0.0
2025-06-30 01:55:00+00:00,14.869999885559082,14.869999885559082,14.859999656677246,14.859999656677246,13290,0.0,0.0,0.0
2025-06-30 02:00:00+00:00,14.869999885559082,14.869999885559082,14.859999656677246,14.859999656677246,46215,0.0,0.0,0.0
2025-06-30 02:10:00+00:00,14.859999656677246,14.859999656677246,14.859999656677246,14.859999656677246,1000,0.0,0.0,0.0
2025-06-30 02:15:00+00:00,14.859999656677246,14.859999656677246,14.859999656677246,14.859999656677246,18022,0.0,0.0,0.0
2025-06-30 02:20:00+00:00,14.869999885559082,14.869999885559082,14.869999885559082,14.869999885559082,25250,0.0,0.0,0.0
2025-06-30 02:30:00+00:00,14.869999885559082,14.869999885559082,14.869999885559082,14.869999885559082,2222,0.0,0.0,0.0
2025-06-30 02:45:00+00:00,14.859999656677246,14.859999656677246,14.850000381469727,14.850000381469727,4830,0.0,0.0,0.0
2025-06-30 02:50:00+00:00,14.850000381469727,14.850000381469727,14.850000381469727,14.850000381469727,16226,0.0,0.0,0.0
2025-06-30 03:00:00+00:00,14.850000381469727,14.850000381469727,14.850000381469727,14.850000381469727,2020,0.0,0.0,0.0
2025-06-30 03:05:00+00:00,14.84000015258789,14.84000015258789,14.84000015258789,14.84000015258789,10770,0.0,0.0,0.0
2025-06-30 03:25:00+00:00,14.84000015258789,14.84000015258789,14.84000015258789,14.84000015258789,5300,0.0,0.0,0.0
2025-06-30 03:30:00+00:00,14.850000381469727,14.850000381469727,14.850000381469727,14.850000381469727,5753,0.0,0.0,0.0
2025-06-30 04:00:00+00:00,14.850000381469727,14.850000381469727,14.850000381469727,14.850000381469727,2000,0.0,0.0,0.0
2025-06-30 04:05:00+00:00,14.84000015258789,14.84000015258789,14.84000015258789,14.84000015258789,2200,0.0,0.0,0.0
2025-06-30 04:15:00+00:00,14.850000381469727,14.850000381469727,14.84000015258789,14.84000015258789,43266,0.0,0.0,0.0
2025-06-30 04:20:00+00:00,14.84000015258789,14.84000015258789,14.84000015258789,14.84000015258789,1374,0.0,0.0,0.0
2025-06-30 04:25:00+00:00,14.84000015258789,14.84000015258789,14.84000015258789,14.84000015258789,1145,0.0,0.0,0.0
2025-06-30 04:30:00+00:00,14.84000015258789,14.84000015258789,14.84000015258789,14.84000015258789,1100,0.0,0.0,0.0
2025-06-30 04:35:00+00:00,14.84000015258789,14.84000015258789,14.84000015258789,14.84000015258789,5506,0.0,0.0,0.0
2025-06-30 04:40:00+00:00,14.84000015258789,14.84000015258789,14.829999923706055,14.829999923706055,5127,0.0,0.0,0.0
2025-06-30 04:45:00+00:00,14.84000015258789,14.84000015258789,14.84000015258789,14.84000015258789,1200,0.0,0.0,0.0
2025-06-30 04:50:00+00:00,14.850000381469727,14.850000381469727,14.84000015258789,14.84000015258789,7142,0.0,0.0,0.0
2025-06-30 04:55:00+00:00,14.84000015258789,14.84000015258789,14.84000015258789,14.84000015258789,2017,0.0,0.0,0.0
2025-06-30 05:00:00+00:00,14.84000015258789,14.84000015258789,14.829999923706055,14.829999923706055,14000,0.0,0.0,0.0
2025-06-30 05:05:00+00:00,14.819999694824219,14.819999694824219,14.819999694824219,14.819999694824219,1202,0.0,0.0,0.0
2025-06-30 05:10:00+00:00,14.819999694824219,14.819999694824219,14.819999694824219,14.819999694824219,103239,0.0,0.0,0.0
2025-06-30 05:15:00+00:00,14.819999694824219,14.819999694824219,14.819999694824219,14.819999694824219,3000,0.0,0.0,0.0
2025-06-30 05:20:00+00:00,14.819999694824219,14.819999694824219,14.8100004196167,14.8100004196167,100741,0.0,0.0,0.0
2025-07-01 01:00:00+00:00,14.859999656677246,14.880000114440918,14.859999656677246,14.880000114440918,0,0.0,0.0,0.0
2025-07-01 01:05:00+00:00,14.899999618530273,14.920000076293945,14.899999618530273,14.920000076293945,47863,0.0,0.0,0.0
2025-07-01 01:10:00+00:00,14.920000076293945,14.920000076293945,14.920000076293945,14.920000076293945,8389,0.0,0.0,0.0
2025-07-01 01:15:00+00:00,14.930000305175781,14.930000305175781,14.899999618530273,14.899999618530273,30015,0.0,0.0,0.0
2025-07-01 01:20:00+00:00,14.930000305175781,14.9399995803833,14.90999984741211,14.9399995803833,111132,0.0,0.0,0.0
2025-07-01 01:30:00+00:00,14.920000076293945,14.9399995803833,14.920000076293945,14.9399995803833,87200,0.0,0.0,0.0
2025-07-01 01:35:00+00:00,14.949999809265137,14.970000267028809,14.9399995803833,14.970000267028809,131397,0.0,0.0,0.0
2025-07-01 01:40:00+00:00,14.970000267028809,14.989999771118164,14.970000267028809,14.989999771118164,41967,0.0,0.0,0.0
2025-07-01 01:45:00+00:00,15.0,15.010000228881836,15.0,15.0,116695,0.0,0.0,0.0
2025-07-01 01:50:00+00:00,15.0,15.0,14.979999542236328,15.0,23100,0.0,0.0,0.0
2025-07-01 01:55:00+00:00,15.0,15.010000228881836,15.0,15.010000228881836,25720,0.0,0.0,0.0
2025-07-01 02:00:00+00:00,15.0,15.0,15.0,15.0,36080,0.0,0.0,0.0
2025-07-01 02:05:00+00:00,14.979999542236328,14.989999771118164,14.979999542236328,14.989999771118164,2000,0.0,0.0,0.0
2025-07-01 02:10:00+00:00,14.989999771118164,14.989999771118164,14.979999542236328,14.979999542236328,78010,0.0,0.0,0.0
2025-07-01 02:15:00+00:00,14.970000267028809,14.989999771118164,14.970000267028809,14.970000267028809,289000,0.0,0.0,0.0
2025-07-01 02:25:00+00:00,14.970000267028809,14.970000267028809,14.970000267028809,14.970000267028809,12000,0.0,0.0,0.0
2025-07-01 02:30:00+00:00,14.970000267028809,14.970000267028809,14.970000267028809,14.970000267028809,4100,0.0,0.0,0.0
2025-07-01 02:35:00+00:00,14.970000267028809,14.970000267028809,14.970000267028809,14.970000267028809,2369,0.0,0.0,0.0
2025-07-01 02:40:00+00:00,14.970000267028809,14.970000267028809,14.970000267028809,14.970000267028809,8000,0.0,0.0,0.0
2025-07-01 02:45:00+00:00,14.960000038146973,14.960000038146973,14.960000038146973,14.960000038146973,1050,0.0,0.0,0.0
2025-07-01 02:55:00+00:00,14.960000038146973,14.960000038146973,14.949999809265137,14.960000038146973,40010,0.0,0.0,0.0
2025-07-01 03:15:00+00:00,14.9399995803833,14.9399995803833,14.9399995803833,14.9399995803833,3000,0.0,0.0,0.0
2025-07-01 03:20:00+00:00,14.9399995803833,14.9399995803833,14.9399995803833,14.9399995803833,100150,0.0,0.0,0.0
2025-07-01 03:30:00+00:00,14.920000076293945,14.920000076293945,14.920000076293945,14.920000076293945,100050,0.0,0.0,0.0
2025-07-01 03:40:00+00:00,14.90999984741211,14.90999984741211,14.899999618530273,14.899999618530273,201813,0.0,0.0,0.0
2025-07-01 03:50:00+00:00,14.899999618530273,14.899999618530273,14.899999618530273,14.899999618530273,1298,0.0,0.0,0.0
2025-07-01 03:55:00+00:00,14.899999618530273,14.899999618530273,14.899999618530273,14.899999618530273,10000,0.0,0.0,0.0
2025-07-01 04:00:00+00:00,14.90999984741211,14.90999984741211,14.90999984741211,14.90999984741211,1000,0.0,0.0,0.0
2025-07-01 04:05:00+00:00,14.890000343322754,14.890000343322754,14.869999885559082,14.869999885559082,11000,0.0,0.0,0.0
2025-07-01 04:10:00+00:00,14.869999885559082,14.869999885559082,14.859999656677246,14.859999656677246,32000,0.0,0.0,0.0
2025-07-01 04:15:00+00:00,14.890000343322754,14.890000343322754,14.890000343322754,14.890000343322754,1020,0.0,0.0,0.0
2025-07-01 04:20:00+00:00,14.859999656677246,14.859999656677246,14.859999656677246,14.859999656677246,102337,0.0,0.0,0.0
2025-07-01 04:25:00+00:00,14.869999885559082,14.890000343322754,14.869999885559082,14.890000343322754,101400,0.0,0.0,0.0
2025-07-01 04:30:00+00:00,14.859999656677246,14.859999656677246,14.859999656677246,14.859999656677246,1000,0.0,0.0,0.0
2025-07-01 04:35:00+00:00,14.859999656677246,14.859999656677246,14.859999656677246,14.859999656677246,2123,0.0,0.0,0.0
2025-07-01 04:40:00+00:00,14.850000381469727,14.850000381469727,14.850000381469727,14.850000381469727,9225,0.0,0.0,0.0
2025-07-01 04:45:00+00:00,14.84000015258789,14.84000015258789,14.84000015258789,14.84000015258789,2000,0.0,0.0,0.0
2025-07-01 04:50:00+00:00,14.850000381469727,14.859999656677246,14.850000381469727,14.859999656677246,11000,0.0,0.0,0.0
2025-07-01 04:55:00+00:00,14.859999656677246,14.859999656677246,14.859999656677246,14.859999656677246,2002,0.0,0.0,0.0
2025-07-01 05:00:00+00:00,14.869999885559082,14.869999885559082,14.869999885559082,14.869999885559082,25000,0.0,0.0,0.0
2025-07-01 05:05:00+00:00,14.880000114440918,14.890000343322754,14.880000114440918,14.890000343322754,6001,0.0,0.0,0.0
2025-07-01 05:10:00+00:00,14.890000343322754,14.899999618530273,14.890000343322754,14.899999618530273,35642,0.0,0.0,0.0
2025-07-01 05:20:00+00:00,14.890000343322754,14.899999618530273,14.880000114440918,14.899999618530273,313106,0.0,0.0,0.0
2025-07-02 01:00:00+00:00,14.890000343322754,14.899999618530273,14.890000343322754,14.899999618530273,0,0.0,0.0,0.0
2025-07-02 01:05:00+00:00,14.90999984741211,14.930000305175781,14.90999984741211,14.920000076293945,120382,0.0,0.0,0.0
2025-07-02 01:10:00+00:00,14.920000076293945,14.930000305175781,14.920000076293945,14.930000305175781,49029,0.0,0.0,0.0
2025-07-02 01:15:00+00:00,14.9399995803833,14.9399995803833,14.9399995803833,14.9399995803833,5065,0.0,0.0,0.0
2025-07-02 01:20:00+00:00,14.930000305175781,14.9399995803833,14.930000305175781,14.9399995803833,20253,0.0,0.0,0.0
2025-07-02 01:30:00+00:00,14.930000305175781,14.930000305175781,14.930000305175781,14.930000305175781,1000,0.0,0.0,0.0
2025-07-02 01:35:00+00:00,14.920000076293945,14.920000076293945,14.90999984741211,14.90999984741211,20067,0.0,0.0,0.0
2025-07-02 01:40:00+00:00,14.920000076293945,14.920000076293945,14.920000076293945,14.920000076293945,3382,0.0,0.0,0.0
2025-07-02 01:55:00+00:00,14.90999984741211,14.90999984741211,14.90999984741211,14.90999984741211,5870,0.0,0.0,0.0
2025-07-02 02:00:00+00:00,14.899999618530273,14.899999618530273,14.899999618530273,14.899999618530273,16000,0.0,0.0,0.0
2025-07-02 02:15:00+00:00,14.899999618530273,14.90999984741211,14.899999618530273,14.90999984741211,3000,0.0,0.0,0.0
2025-07-02 02:20:00+00:00,14.90999984741211,14.90999984741211,14.90999984741211,14.90999984741211,5050,0.0,0.0,0.0
2025-07-02 02:45:00+00:00,14.90999984741211,14.90999984741211,14.90999984741211,14.90999984741211,1120,0.0,0.0,0.0
2025-07-02 02:50:00+00:00,14.90999984741211,14.920000076293945,14.90999984741211,14.920000076293945,35000,0.0,0.0,0.0
2025-07-02 02:55:00+00:00,14.920000076293945,14.920000076293945,14.920000076293945,14.920000076293945,2349,0.0,0.0,0.0
2025-07-02 03:00:00+00:00,14.920000076293945,14.920000076293945,14.920000076293945,14.920000076293945,6000,0.0,0.0,0.0
2025-07-02 03:05:00+00:00,14.930000305175781,14.930000305175781,14.930000305175781,14.930000305175781,42032,0.0,0.0,0.0
2025-07-02 03:15:00+00:00,14.920000076293945,14.920000076293945,14.920000076293945,14.920000076293945,2000,0.0,0.0,0.0
2025-07-02 03:20:00+00:00,14.9399995803833,14.9399995803833,14.9399995803833,14.9399995803833,53499,0.0,0.0,0.0
2025-07-02 03:25:00+00:00,14.9399995803833,14.9399995803833,14.9399995803833,14.9399995803833,17000,0.0,0.0,0.0
2025-07-02 03:30:00+00:00,14.9399995803833,14.949999809265137,14.9399995803833,14.949999809265137,40854,0.0,0.0,0.0
2025-07-02 03:35:00+00:00,14.949999809265137,14.949999809265137,14.949999809265137,14.949999809265137,1006,0.0,0.0,0.0
2025-07-02 03:40:00+00:00,14.949999809265137,14.949999809265137,14.949999809265137,14.949999809265137,65001,0.0,0.0,0.0
2025-07-02 03:45:00+00:00,14.949999809265137,14.949999809265137,14.949999809265137,14.949999809265137,56913,0.0,0.0,0.0
2025-07-02 03:50:00+00:00,14.949999809265137,14.960000038146973,14.949999809265137,14.960000038146973,27305,0.0,0.0,0.0
2025-07-02 03:55:00+00:00,14.970000267028809,14.970000267028809,14.970000267028809,14.970000267028809,16000,0.0,0.0,0.0
2025-07-02 04:00:00+00:00,14.970000267028809,14.979999542236328,14.970000267028809,14.979999542236328,40665,0.0,0.0,0.0
2025-07-02 04:15:00+00:00,14.979999542236328,14.979999542236328,14.979999542236328,14.979999542236328,2000,0.0,0.0,0.0
2025-07-02 04:20:00+00:00,14.979999542236328,14.989999771118164,14.979999542236328,14.989999771118164,46450,0.0,0.0,0.0
2025-07-02 04:25:00+00:00,15.0,15.0,15.0,15.0,143000,0.0,0.0,0.0
2025-07-02 04:30:00+00:00,14.989999771118164,14.989999771118164,14.989999771118164,14.989999771118164,2050,0.0,0.0,0.0
2025-07-02 04:35:00+00:00,14.989999771118164,15.0,14.989999771118164,15.0,22100,0.0,0.0,0.0
2025-07-02 04:40:00+00:00,15.0,15.0,15.0,15.0,45300,0.0,0.0,0.0
2025-07-02 04:45:00+00:00,15.0,15.0,15.0,15.0,7000,0.0,0.0,0.0
2025-07-02 04:50:00+00:00,15.0,15.0,15.0,15.0,19700,0.0,0.0,0.0
2025-07-02 04:55:00+00:00,15.0,15.010000228881836,15.0,15.0,52234,0.0,0.0,0.0
2025-07-02 05:00:00+00:00,15.0,15.010000228881836,15.0,15.010000228881836,40168,0.0,0.0,0.0
2025-07-02 05:05:00+00:00,15.0,15.010000228881836,15.0,15.010000228881836,5000,0.0,0.0,0.0
2025-07-02 05:10:00+00:00,15.0,15.0,15.0,15.0,4000,0.0,0.0,0.0
2025-07-02 05:15:00+00:00,15.0,15.010000228881836,15.0,15.0,394100,0.0,0.0,0.0
2025-07-02 05:20:00+00:00,15.0,15.0,15.0,15.0,78115,0.0,0.0,0.0
2025-07-03 01:00:00+00:00,15.130000114440918,15.149999618530273,15.130000114440918,15.130000114440918,0,0.0,0.0,0.0
2025-07-03 01:05:00+00:00,15.09000015258789,15.109999656677246,15.09000015258789,15.109999656677246,18317,0.0,0.0,0.0
2025-07-03 01:10:00+00:00,15.109999656677246,15.109999656677246,15.09000015258789,15.109999656677246,45875,0.0,0.0,0.0
2025-07-03 01:15:00+00:00,15.109999656677246,15.119999885559082,15.109999656677246,15.119999885559082,42796,0.0,0.0,0.0
2025-07-03 01:20:00+00:00,15.119999885559082,15.130000114440918,15.119999885559082,15.130000114440918,58807,0.0,0.0,0.0
2025-07-03 01:25:00+00:00,15.130000114440918,15.140000343322754,15.130000114440918,15.130000114440918,94651,0.0,0.0,0.0
2025-07-03 01:30:00+00:00,15.149999618530273,15.149999618530273,15.149999618530273,15.149999618530273,234854,0.0,0.0,0.0
2025-07-03 01:35:00+00:00,15.149999618530273,15.149999618530273,15.140000343322754,15.140000343322754,23311,0.0,0.0,0.0
2025-07-03 01:45:00+00:00,15.140000343322754,15.140000343322754,15.130000114440918,15.130000114440918,5201,0.0,0.0,0.0
2025-07-03 01:55:00+00:00,15.119999885559082,15.119999885559082,15.119999885559082,15.119999885559082,5000,0.0,0.0,0.0
2025-07-03 02:00:00+00:00,15.130000114440918,15.130000114440918,15.119999885559082,15.119999885559082,3100,0.0,0.0,0.0
2025-07-03 02:05:00+00:00,15.119999885559082,15.119999885559082,15.109999656677246,15.109999656677246,24000,0.0,0.0,0.0
2025-07-03 02:10:00+00:00,15.119999885559082,15.130000114440918,15.119999885559082,15.130000114440918,13000,0.0,0.0,0.0
2025-07-03 02:15:00+00:00,15.119999885559082,15.119999885559082,15.109999656677246,15.109999656677246,11105,0.0,0.0,0.0
2025-07-03 02:20:00+00:00,15.109999656677246,15.109999656677246,15.109999656677246,15.109999656677246,51100,0.0,0.0,0.0
2025-07-03 02:25:00+00:00,15.109999656677246,15.109999656677246,15.109999656677246,15.109999656677246,6000,0.0,0.0,0.0
2025-07-03 02:30:00+00:00,15.119999885559082,15.119999885559082,15.119999885559082,15.119999885559082,5200,0.0,0.0,0.0
2025-07-03 02:35:00+00:00,15.109999656677246,15.109999656677246,15.09000015258789,15.100000381469727,22564,0.0,0.0,0.0
2025-07-03 02:45:00+00:00,15.109999656677246,15.109999656677246,15.109999656677246,15.109999656677246,2004,0.0,0.0,0.0
2025-07-03 02:55:00+00:00,15.100000381469727,15.109999656677246,15.100000381469727,15.109999656677246,10000,0.0,0.0,0.0
2025-07-03 03:00:00+00:00,15.100000381469727,15.100000381469727,15.100000381469727,15.100000381469727,2000,0.0,0.0,0.0
2025-07-03 03:10:00+00:00,15.100000381469727,15.100000381469727,15.100000381469727,15.100000381469727,50000,0.0,0.0,0.0
2025-07-03 03:15:00+00:00,15.109999656677246,15.109999656677246,15.100000381469727,15.100000381469727,21450,0.0,0.0,0.0
2025-07-03 03:20:00+00:00,15.100000381469727,15.100000381469727,15.100000381469727,15.100000381469727,15190,0.0,0.0,0.0
2025-07-03 03:25:00+00:00,15.100000381469727,15.100000381469727,15.100000381469727,15.100000381469727,5500,0.0,0.0,0.0
2025-07-03 03:30:00+00:00,15.109999656677246,15.109999656677246,15.109999656677246,15.109999656677246,35000,0.0,0.0,0.0
2025-07-03 03:35:00+00:00,15.109999656677246,15.109999656677246,15.109999656677246,15.109999656677246,11000,0.0,0.0,0.0
2025-07-03 03:45:00+00:00,15.109999656677246,15.119999885559082,15.109999656677246,15.119999885559082,2020,0.0,0.0,0.0
2025-07-03 03:50:00+00:00,15.109999656677246,15.109999656677246,15.109999656677246,15.109999656677246,1030,0.0,0.0,0.0
2025-07-03 04:00:00+00:00,15.109999656677246,15.109999656677246,15.109999656677246,15.109999656677246,21000,0.0,0.0,0.0
2025-07-03 04:05:00+00:00,15.119999885559082,15.119999885559082,15.119999885559082,15.119999885559082,100000,0.0,0.0,0.0
2025-07-03 04:10:00+00:00,15.119999885559082,15.119999885559082,15.119999885559082,15.119999885559082,63268,0.0,0.0,0.0
2025-07-03 04:15:00+00:00,15.119999885559082,15.119999885559082,15.119999885559082,15.119999885559082,123100,0.0,0.0,0.0
2025-07-03 04:20:00+00:00,15.109999656677246,15.109999656677246,15.109999656677246,15.109999656677246,2000,0.0,0.0,0.0
2025-07-03 04:25:00+00:00,15.119999885559082,15.119999885559082,15.119999885559082,15.119999885559082,8532,0.0,0.0,0.0
2025-07-03 04:45:00+00:00,15.109999656677246,15.109999656677246,15.109999656677246,15.109999656677246,25402,0.0,0.0,0.0
2025-07-03 04:50:00+00:00,15.119999885559082,15.119999885559082,15.109999656677246,15.109999656677246,11100,0.0,0.0,0.0
2025-07-03 04:55:00+00:00,15.100000381469727,15.100000381469727,15.100000381469727,15.100000381469727,3263,0.0,0.0,0.0
2025-07-03 05:00:00+00:00,15.100000381469727,15.100000381469727,15.100000381469727,15.100000381469727,8000,0.0,0.0,0.0
2025-07-03 05:05:00+00:00,15.100000381469727,15.100000381469727,15.100000381469727,15.100000381469727,16137,0.0,0.0,0.0
2025-07-03 05:15:00+00:00,15.100000381469727,15.100000381469727,15.100000381469727,15.100000381469727,7264,0.0,0.0,0.0
2025-07-03 05:20:00+00:00,15.100000381469727,15.100000381469727,15.100000381469727,15.100000381469727,22788,0.0,0.0,0.0
2025-07-04 01:00:00+00:00,15.130000114440918,15.149999618530273,15.130000114440918,15.149999618530273,0,0.0,0.0,0.0
2025-07-04 01:20:00+00:00,15.100000381469727,15.100000381469727,15.100000381469727,15.100000381469727,6262,0.0,0.0,0.0
2025-07-04 01:30:00+00:00,15.09000015258789,15.09000015258789,15.079999923706055,15.079999923706055,5000,0.0,0.0,0.0
2025-07-04 01:35:00+00:00,15.100000381469727,15.100000381469727,15.100000381469727,15.100000381469727,1000,0.0,0.0,0.0
2025-07-04 01:40:00+00:00,15.079999923706055,15.079999923706055,15.079999923706055,15.079999923706055,1000,0.0,0.0,0.0
2025-07-04 01:45:00+00:00,15.069999694824219,15.069999694824219,15.020000457763672,15.020000457763672,92000,0.0,0.0,0.0
2025-07-04 01:50:00+00:00,15.029999732971191,15.029999732971191,15.029999732971191,15.029999732971191,9066,0.0,0.0,0.0
2025-07-04 01:55:00+00:00,15.029999732971191,15.029999732971191,15.029999732971191,15.029999732971191,27085,0.0,0.0,0.0
2025-07-04 02:05:00+00:00,15.029999732971191,15.029999732971191,15.029999732971191,15.029999732971191,10000,0.0,0.0,0.0
2025-07-04 02:15:00+00:00,15.020000457763672,15.020000457763672,15.020000457763672,15.020000457763672,2000,0.0,0.0,0.0
2025-07-04 02:20:00+00:00,15.029999732971191,15.029999732971191,15.029999732971191,15.029999732971191,1124,0.0,0.0,0.0
2025-07-04 02:25:00+00:00,15.029999732971191,15.029999732971191,15.029999732971191,15.029999732971191,6000,0.0,0.0,0.0
2025-07-04 02:30:00+00:00,15.039999961853027,15.039999961853027,15.020000457763672,15.020000457763672,5026,0.0,0.0,0.0
2025-07-04 02:35:00+00:00,15.029999732971191,15.029999732971191,15.029999732971191,15.029999732971191,5044,0.0,0.0,0.0
2025-07-04 02:40:00+00:00,15.039999961853027,15.039999961853027,15.029999732971191,15.029999732971191,7000,0.0,0.0,0.0
2025-07-04 02:45:00+00:00,15.029999732971191,15.029999732971191,15.029999732971191,15.029999732971191,2001,0.0,0.0,0.0
2025-07-04 02:55:00+00:00,15.029999732971191,15.029999732971191,15.029999732971191,15.029999732971191,2550,0.0,0.0,0.0
2025-07-04 03:10:00+00:00,15.029999732971191,15.029999732971191,15.029999732971191,15.029999732971191,5010,0.0,0.0,0.0
2025-07-04 03:15:00+00:00,15.029999732971191,15.029999732971191,15.029999732971191,15.029999732971191,1010,0.0,0.0,0.0
2025-07-04 03:25:00+00:00,15.020000457763672,15.020000457763672,15.020000457763672,15.020000457763672,4000,0.0,0.0,0.0
2025-07-04 03:35:00+00:00,15.020000457763672,15.020000457763672,15.020000457763672,15.020000457763672,2000,0.0,0.0,0.0
2025-07-04 03:40:00+00:00,15.020000457763672,15.020000457763672,15.020000457763672,15.020000457763672,21000,0.0,0.0,0.0
2025-07-04 03:45:00+00:00,15.020000457763672,15.020000457763672,15.020000457763672,15.020000457763672,7000,0.0,0.0,0.0
2025-07-04 03:50:00+00:00,15.020000457763672,15.020000457763672,15.020000457763672,15.020000457763672,17230,0.0,0.0,0.0
2025-07-04 04:00:00+00:00,15.020000457763672,15.020000457763672,15.020000457763672,15.020000457763672,2900,0.0,0.0,0.0
2025-07-04 04:05:00+00:00,15.020000457763672,15.020000457763672,15.020000457763672,15.020000457763672,8000,0.0,0.0,0.0
2025-07-04 04:10:00+00:00,15.010000228881836,15.010000228881836,15.010000228881836,15.010000228881836,1000,0.0,0.0,0.0
2025-07-04 04:15:00+00:00,15.010000228881836,15.010000228881836,15.010000228881836,15.010000228881836,1000,0.0,0.0,0.0
2025-07-04 04:25:00+00:00,15.010000228881836,15.010000228881836,15.010000228881836,15.010000228881836,63507,0.0,0.0,0.0
2025-07-04 04:30:00+00:00,15.010000228881836,15.010000228881836,15.010000228881836,15.010000228881836,3150,0.0,0.0,0.0
2025-07-04 04:35:00+00:00,15.010000228881836,15.010000228881836,15.010000228881836,15.010000228881836,28242,0.0,0.0,0.0
2025-07-04 04:45:00+00:00,15.010000228881836,15.010000228881836,15.010000228881836,15.010000228881836,15135,0.0,0.0,0.0
2025-07-04 04:55:00+00:00,15.020000457763672,15.020000457763672,15.020000457763672,15.020000457763672,13010,0.0,0.0,0.0
2025-07-04 05:00:00+00:00,15.020000457763672,15.020000457763672,15.020000457763672,15.020000457763672,1000,0.0,0.0,0.0
2025-07-04 05:05:00+00:00,15.020000457763672,15.020000457763672,15.020000457763672,15.020000457763672,100100,0.0,0.0,0.0
2025-07-04 05:10:00+00:00,15.020000457763672,15.020000457763672,15.020000457763672,15.020000457763672,1200,0.0,0.0,0.0
2025-07-04 05:15:00+00:00,15.029999732971191,15.029999732971191,15.029999732971191,15.029999732971191,32180,0.0,0.0,0.0
2025-07-04 05:20:00+00:00,15.020000457763672,15.020000457763672,15.020000457763672,15.020000457763672,6019,0.0,0.0,0.0
2025-05-08 01:00:00+00:00,14.569999694824219,14.569999694824219,14.569999694824219,14.569999694824219,0,0.0,0.0,0.0
2025-05-08 01:05:00+00:00,14.569999694824219,14.619999885559082,14.569999694824219,14.619999885559082,70440,0.0,0.0,0.0
2025-05-08 01:10:00+00:00,14.640000343322754,14.649999618530273,14.640000343322754,14.640000343322754,71145,0.0,0.0,0.0
2025-05-08 01:20:00+00:00,14.670000076293945,14.670000076293945,14.649999618530273,14.649999618530273,2000,0.0,0.0,0.0
2025-05-08 01:35:00+00:00,14.630000114440918,14.630000114440918,14.630000114440918,14.630000114440918,0,0.0,0.0,0.0
2025-05-08 01:40:00+00:00,14.630000114440918,14.630000114440918,14.630000114440918,14.630000114440918,195777,0.0,0.0,0.0
2025-05-08 01:45:00+00:00,14.649999618530273,14.649999618530273,14.649999618530273,14.649999618530273,3000,0.0,0.0,0.0
2025-05-08 01:50:00+00:00,14.619999885559082,14.619999885559082,14.609999656677246,14.609999656677246,6364,0.0,0.0,0.0
2025-05-08 01:55:00+00:00,14.600000381469727,14.609999656677246,14.600000381469727,14.609999656677246,6430,0.0,0.0,0.0
2025-05-08 02:00:00+00:00,14.609999656677246,14.619999885559082,14.609999656677246,14.619999885559082,14016,0.0,0.0,0.0
2025-05-08 02:05:00+00:00,14.619999885559082,14.619999885559082,14.619999885559082,14.619999885559082,29000,0.0,0.0,0.0
2025-05-08 02:10:00+00:00,14.630000114440918,14.640000343322754,14.630000114440918,14.640000343322754,22606,0.0,0.0,0.0
2025-05-08 02:15:00+00:00,14.640000343322754,14.649999618530273,14.640000343322754,14.649999618530273,2445,0.0,0.0,0.0
2025-05-08 02:30:00+00:00,14.640000343322754,14.640000343322754,14.640000343322754,14.640000343322754,20000,0.0,0.0,0.0
2025-05-08 02:35:00+00:00,14.649999618530273,14.649999618530273,14.640000343322754,14.640000343322754,11284,0.0,0.0,0.0
2025-05-08 02:40:00+00:00,14.649999618530273,14.649999618530273,14.649999618530273,14.649999618530273,40246,0.0,0.0,0.0
2025-05-08 02:45:00+00:00,14.630000114440918,14.640000343322754,14.630000114440918,14.640000343322754,23010,0.0,0.0,0.0
2025-05-08 02:50:00+00:00,14.630000114440918,14.640000343322754,14.630000114440918,14.640000343322754,13001,0.0,0.0,0.0
2025-05-08 02:55:00+00:00,14.640000343322754,14.640000343322754,14.640000343322754,14.640000343322754,5206,0.0,0.0,0.0
2025-05-08 03:00:00+00:00,14.649999618530273,14.670000076293945,14.649999618530273,14.670000076293945,86400,0.0,0.0,0.0
2025-05-08 03:05:00+00:00,14.670000076293945,14.670000076293945,14.670000076293945,14.670000076293945,1015,0.0,0.0,0.0
2025-05-08 03:10:00+00:00,14.65999984741211,14.65999984741211,14.65999984741211,14.65999984741211,1400,0.0,0.0,0.0
2025-05-08 03:20:00+00:00,14.65999984741211,14.65999984741211,14.65999984741211,14.65999984741211,1000,0.0,0.0,0.0
2025-05-08 03:25:00+00:00,14.65999984741211,14.65999984741211,14.65999984741211,14.65999984741211,1000,0.0,0.0,0.0
2025-05-08 03:30:00+00:00,14.670000076293945,14.670000076293945,14.65999984741211,14.65999984741211,3125,0.0,0.0,0.0
2025-05-08 03:40:00+00:00,14.65999984741211,14.65999984741211,14.65999984741211,14.65999984741211,2650,0.0,0.0,0.0
2025-05-08 03:45:00+00:00,14.649999618530273,14.65999984741211,14.649999618530273,14.65999984741211,15999,0.0,0.0,0.0
2025-05-08 03:50:00+00:00,14.65999984741211,14.65999984741211,14.65999984741211,14.65999984741211,5000,0.0,0.0,0.0
2025-05-08 03:55:00+00:00,14.649999618530273,14.649999618530273,14.649999618530273,14.649999618530273,10000,0.0,0.0,0.0
2025-05-08 04:00:00+00:00,14.649999618530273,14.649999618530273,14.649999618530273,14.649999618530273,12201,0.0,0.0,0.0
2025-05-08 04:10:00+00:00,14.649999618530273,14.649999618530273,14.649999618530273,14.649999618530273,2083,0.0,0.0,0.0
2025-05-08 04:25:00+00:00,14.649999618530273,14.649999618530273,14.649999618530273,14.649999618530273,1684,0.0,0.0,0.0
2025-05-08 04:40:00+00:00,14.649999618530273,14.649999618530273,14.649999618530273,14.649999618530273,50000,0.0,0.0,0.0
2025-05-08 04:55:00+00:00,14.640000343322754,14.649999618530273,14.640000343322754,14.649999618530273,2000,0.0,0.0,0.0
2025-05-08 05:05:00+00:00,14.640000343322754,14.640000343322754,14.640000343322754,14.640000343322754,3818,0.0,0.0,0.0
2025-05-08 05:10:00+00:00,14.630000114440918,14.630000114440918,14.630000114440918,14.630000114440918,3000,0.0,0.0,0.0
2025-05-08 05:15:00+00:00,14.619999885559082,14.619999885559082,14.619999885559082,14.619999885559082,25057,0.0,0.0,0.0
2025-05-08 05:20:00+00:00,14.619999885559082,14.619999885559082,14.619999885559082,14.619999885559082,8748,0.0,0.0,0.0
2025-05-09 01:00:00+00:00,14.630000114440918,14.640000343322754,14.630000114440918,14.640000343322754,0,0.0,0.0,0.0
2025-05-09 01:05:00+00:00,14.640000343322754,14.640000343322754,14.619999885559082,14.619999885559082,17838,0.0,0.0,0.0
2025-05-09 01:10:00+00:00,14.619999885559082,14.619999885559082,14.619999885559082,14.619999885559082,3000,0.0,0.0,0.0
2025-05-09 01:15:00+00:00,14.630000114440918,14.630000114440918,14.630000114440918,14.630000114440918,14671,0.0,0.0,0.0
2025-05-09 01:20:00+00:00,14.619999885559082,14.619999885559082,14.609999656677246,14.619999885559082,10111,0.0,0.0,0.0
2025-05-09 01:25:00+00:00,14.619999885559082,14.619999885559082,14.619999885559082,14.619999885559082,3100,0.0,0.0,0.0
2025-05-09 01:30:00+00:00,14.609999656677246,14.609999656677246,14.600000381469727,14.600000381469727,16210,0.0,0.0,0.0
2025-05-09 01:35:00+00:00,14.609999656677246,14.609999656677246,14.609999656677246,14.609999656677246,5335,0.0,0.0,0.0
2025-05-09 01:40:00+00:00,14.609999656677246,14.640000343322754,14.609999656677246,14.640000343322754,184000,0.0,0.0,0.0
2025-05-09 01:45:00+00:00,14.649999618530273,14.649999618530273,14.649999618530273,14.649999618530273,3100,0.0,0.0,0.0
2025-05-09 01:50:00+00:00,14.649999618530273,14.649999618530273,14.649999618530273,14.649999618530273,1090,0.0,0.0,0.0
2025-05-09 02:00:00+00:00,14.649999618530273,14.649999618530273,14.640000343322754,14.640000343322754,4338,0.0,0.0,0.0
2025-05-09 02:10:00+00:00,14.640000343322754,14.640000343322754,14.640000343322754,14.640000343322754,8302,0.0,0.0,0.0
2025-05-09 02:15:00+00:00,14.640000343322754,14.640000343322754,14.640000343322754,14.640000343322754,7300,0.0,0.0,0.0
2025-05-09 02:20:00+00:00,14.640000343322754,14.640000343322754,14.640000343322754,14.640000343322754,1005,0.0,0.0,0.0
2025-05-09 02:25:00+00:00,14.640000343322754,14.65999984741211,14.640000343322754,14.65999984741211,43000,0.0,0.0,0.0
2025-05-09 02:30:00+00:00,14.670000076293945,14.6899995803833,14.670000076293945,14.6899995803833,11854,0.0,0.0,0.0
2025-05-09 02:35:00+00:00,14.680000305175781,14.680000305175781,14.680000305175781,14.680000305175781,1863,0.0,0.0,0.0
2025-05-09 02:40:00+00:00,14.680000305175781,14.680000305175781,14.680000305175781,14.680000305175781,2900,0.0,0.0,0.0
2025-05-09 02:45:00+00:00,14.6899995803833,14.699999809265137,14.6899995803833,14.699999809265137,83670,0.0,0.0,0.0
2025-05-09 02:55:00+00:00,14.699999809265137,14.710000038146973,14.699999809265137,14.710000038146973,22500,0.0,0.0,0.0
2025-05-09 03:00:00+00:00,14.720000267028809,14.720000267028809,14.720000267028809,14.720000267028809,12232,0.0,0.0,0.0
2025-05-09 03:10:00+00:00,14.720000267028809,14.729999542236328,14.720000267028809,14.729999542236328,56999,0.0,0.0,0.0
2025-05-09 03:15:00+00:00,14.729999542236328,14.729999542236328,14.729999542236328,14.729999542236328,1974,0.0,0.0,0.0
2025-05-09 03:25:00+00:00,14.729999542236328,14.729999542236328,14.729999542236328,14.729999542236328,2602,0.0,0.0,0.0
2025-05-09 03:35:00+00:00,14.729999542236328,14.729999542236328,14.729999542236328,14.729999542236328,29577,0.0,0.0,0.0
2025-05-09 03:40:00+00:00,14.729999542236328,14.729999542236328,14.729999542236328,14.729999542236328,2000,0.0,0.0,0.0
2025-05-09 03:45:00+00:00,14.729999542236328,14.729999542236328,14.720000267028809,14.720000267028809,6000,0.0,0.0,0.0
2025-05-09 03:50:00+00:00,14.720000267028809,14.739999771118164,14.720000267028809,14.739999771118164,48050,0.0,0.0,0.0
2025-05-09 03:55:00+00:00,14.739999771118164,14.75,14.739999771118164,14.75,59839,0.0,0.0,0.0
2025-05-09 04:00:00+00:00,14.760000228881836,14.760000228881836,14.75,14.75,2360,0.0,0.0,0.0
2025-05-09 04:05:00+00:00,14.75,14.75,14.75,14.75,13000,0.0,0.0,0.0
2025-05-09 04:10:00+00:00,14.760000228881836,14.760000228881836,14.75,14.75,37840,0.0,0.0,0.0
2025-05-09 04:15:00+00:00,14.760000228881836,14.770000457763672,14.760000228881836,14.770000457763672,15357,0.0,0.0,0.0
2025-05-09 04:20:00+00:00,14.760000228881836,14.760000228881836,14.760000228881836,14.760000228881836,5000,0.0,0.0,0.0
2025-05-09 04:25:00+00:00,14.760000228881836,14.760000228881836,14.760000228881836,14.760000228881836,3345,0.0,0.0,0.0
2025-05-09 04:30:00+00:00,14.760000228881836,14.770000457763672,14.760000228881836,14.770000457763672,76707,0.0,0.0,0.0
2025-05-09 04:45:00+00:00,14.760000228881836,14.770000457763672,14.75,14.75,10036,0.0,0.0,0.0
2025-05-09 04:50:00+00:00,14.770000457763672,14.770000457763672,14.770000457763672,14.770000457763672,1317,0.0,0.0,0.0
2025-05-09 04:55:00+00:00,14.770000457763672,14.770000457763672,14.770000457763672,14.770000457763672,8748,0.0,0.0,0.0
2025-05-09 05:05:00+00:00,14.770000457763672,14.770000457763672,14.770000457763672,14.770000457763672,3439,0.0,0.0,0.0
2025-05-09 05:10:00+00:00,14.770000457763672,14.770000457763672,14.770000457763672,14.770000457763672,1574,0.0,0.0,0.0
2025-05-09 05:15:00+00:00,14.770000457763672,14.770000457763672,14.770000457763672,14.770000457763672,23187,0.0,0.0,0.0
2025-05-09 05:20:00+00:00,14.760000228881836,14.760000228881836,14.760000228881836,14.760000228881836,1230,0.0,0.0,0.0
2025-05-12 01:00:00+00:00,14.84000015258789,14.880000114440918,14.84000015258789,14.880000114440918,0,0.0,0.0,0.0
2025-05-12 01:05:00+00:00,14.880000114440918,14.890000343322754,14.880000114440918,14.890000343322754,141821,0.0,0.0,0.0
2025-05-12 01:10:00+00:00,14.890000343322754,14.899999618530273,14.890000343322754,14.899999618530273,28100,0.0,0.0,0.0
2025-05-12 01:15:00+00:00,14.920000076293945,14.920000076293945,14.920000076293945,14.920000076293945,9215,0.0,0.0,0.0
2025-05-12 01:20:00+00:00,14.920000076293945,14.920000076293945,14.890000343322754,14.890000343322754,59019,0.0,0.0,0.0
2025-05-12 01:25:00+00:00,14.890000343322754,14.90999984741211,14.890000343322754,14.90999984741211,16693,0.0,0.0,0.0
2025-05-12 01:35:00+00:00,14.880000114440918,14.880000114440918,14.869999885559082,14.869999885559082,26508,0.0,0.0,0.0
2025-05-12 01:45:00+00:00,14.880000114440918,14.899999618530273,14.880000114440918,14.899999618530273,99000,0.0,0.0,0.0
2025-05-12 01:50:00+00:00,14.899999618530273,14.899999618530273,14.899999618530273,14.899999618530273,4191,0.0,0.0,0.0
2025-05-12 01:55:00+00:00,14.890000343322754,14.890000343322754,14.880000114440918,14.880000114440918,8381,0.0,0.0,0.0
2025-05-12 02:00:00+00:00,14.899999618530273,14.899999618530273,14.899999618530273,14.899999618530273,1000,0.0,0.0,0.0
2025-05-12 02:05:00+00:00,14.890000343322754,14.890000343322754,14.890000343322754,14.890000343322754,40261,0.0,0.0,0.0
2025-05-12 02:15:00+00:00,14.890000343322754,14.890000343322754,14.890000343322754,14.890000343322754,4280,0.0,0.0,0.0
2025-05-12 02:25:00+00:00,14.880000114440918,14.880000114440918,14.880000114440918,14.880000114440918,1292,0.0,0.0,0.0
2025-05-12 02:35:00+00:00,14.880000114440918,14.880000114440918,14.869999885559082,14.869999885559082,14238,0.0,0.0,0.0
2025-05-12 02:40:00+00:00,14.869999885559082,14.869999885559082,14.869999885559082,14.869999885559082,6000,0.0,0.0,0.0
2025-05-12 02:45:00+00:00,14.869999885559082,14.869999885559082,14.869999885559082,14.869999885559082,10235,0.0,0.0,0.0
2025-05-12 02:50:00+00:00,14.869999885559082,14.869999885559082,14.869999885559082,14.869999885559082,4310,0.0,0.0,0.0
2025-05-12 02:55:00+00:00,14.869999885559082,14.869999885559082,14.859999656677246,14.859999656677246,75025,0.0,0.0,0.0
2025-05-12 03:00:00+00:00,14.869999885559082,14.869999885559082,14.869999885559082,14.869999885559082,2100,0.0,0.0,0.0
2025-05-12 03:05:00+00:00,14.869999885559082,14.869999885559082,14.869999885559082,14.869999885559082,1167,0.0,0.0,0.0
2025-05-12 03:10:00+00:00,14.880000114440918,14.880000114440918,14.880000114440918,14.880000114440918,13321,0.0,0.0,0.0
2025-05-12 03:25:00+00:00,14.880000114440918,14.880000114440918,14.869999885559082,14.869999885559082,8000,0.0,0.0,0.0
2025-05-12 03:30:00+00:00,14.859999656677246,14.859999656677246,14.859999656677246,14.859999656677246,10310,0.0,0.0,0.0
2025-05-12 03:35:00+00:00,14.859999656677246,14.859999656677246,14.859999656677246,14.859999656677246,1000,0.0,0.0,0.0
2025-05-12 03:40:00+00:00,14.859999656677246,14.869999885559082,14.859999656677246,14.869999885559082,33000,0.0,0.0,0.0
2025-05-12 03:50:00+00:00,14.880000114440918,14.880000114440918,14.880000114440918,14.880000114440918,2005,0.0,0.0,0.0
2025-05-12 03:55:00+00:00,14.880000114440918,14.880000114440918,14.869999885559082,14.880000114440918,22250,0.0,0.0,0.0
2025-05-12 04:00:00+00:00,14.890000343322754,14.890000343322754,14.890000343322754,14.890000343322754,1000,0.0,0.0,0.0
2025-05-12 04:05:00+00:00,14.880000114440918,14.890000343322754,14.880000114440918,14.890000343322754,10270,0.0,0.0,0.0
2025-05-12 04:20:00+00:00,14.890000343322754,14.890000343322754,14.890000343322754,14.890000343322754,12435,0.0,0.0,0.0
2025-05-12 04:30:00+00:00,14.890000343322754,14.890000343322754,14.890000343322754,14.890000343322754,6461,0.0,0.0,0.0
2025-05-12 04:40:00+00:00,14.890000343322754,14.890000343322754,14.890000343322754,14.890000343322754,2050,0.0,0.0,0.0
2025-05-12 04:45:00+00:00,14.890000343322754,14.890000343322754,14.890000343322754,14.890000343322754,10022,0.0,0.0,0.0
2025-05-12 04:50:00+00:00,14.890000343322754,14.890000343322754,14.890000343322754,14.890000343322754,1078,0.0,0.0,0.0
2025-05-12 05:00:00+00:00,14.880000114440918,14.880000114440918,14.880000114440918,14.880000114440918,1000,0.0,0.0,0.0
2025-05-12 05:05:00+00:00,14.880000114440918,14.890000343322754,14.880000114440918,14.890000343322754,11000,0.0,0.0,0.0
2025-05-12 05:10:00+00:00,14.880000114440918,14.880000114440918,14.880000114440918,14.880000114440918,17110,0.0,0.0,0.0
2025-05-12 05:15:00+00:00,14.880000114440918,14.880000114440918,14.880000114440918,14.880000114440918,1230,0.0,0.0,0.0
2025-05-12 05:20:00+00:00,14.890000343322754,14.899999618530273,14.890000343322754,14.899999618530273,70488,0.0,0.0,0.0
2025-05-13 01:00:00+00:00,15.079999923706055,15.079999923706055,15.029999732971191,15.029999732971191,62000,0.0,0.0,0.0
2025-05-13 01:05:00+00:00,15.029999732971191,15.039999961853027,15.0,15.0,14854,0.0,0.0,0.0
2025-05-13 01:10:00+00:00,15.0,15.029999732971191,15.0,15.0,206404,0.0,0.0,0.0
2025-05-13 01:15:00+00:00,15.0,15.020000457763672,15.0,15.020000457763672,19946,0.0,0.0,0.0
2025-05-13 01:20:00+00:00,15.029999732971191,15.029999732971191,15.020000457763672,15.020000457763672,11264,0.0,0.0,0.0
2025-05-13 01:25:00+00:00,15.020000457763672,15.020000457763672,15.0,15.010000228881836,132310,0.0,0.0,0.0
2025-05-13 01:30:00+00:00,15.020000457763672,15.029999732971191,15.010000228881836,15.029999732971191,28316,0.0,0.0,0.0
2025-05-13 01:35:00+00:00,15.029999732971191,15.050000190734863,15.029999732971191,15.039999961853027,171798,0.0,0.0,0.0
2025-05-13 01:40:00+00:00,15.039999961853027,15.039999961853027,15.029999732971191,15.039999961853027,197900,0.0,0.0,0.0
2025-05-13 01:45:00+00:00,15.050000190734863,15.050000190734863,15.050000190734863,15.050000190734863,33552,0.0,0.0,0.0
2025-05-13 01:50:00+00:00,15.0600004196167,15.0600004196167,15.050000190734863,15.050000190734863,25600,0.0,0.0,0.0
2025-05-13 01:55:00+00:00,15.039999961853027,15.050000190734863,15.039999961853027,15.039999961853027,118000,0.0,0.0,0.0
2025-05-13 02:00:00+00:00,15.0600004196167,15.069999694824219,15.050000190734863,15.050000190734863,12858,0.0,0.0,0.0
2025-05-13 02:05:00+00:00,15.050000190734863,15.050000190734863,15.050000190734863,15.050000190734863,22153,0.0,0.0,0.0
2025-05-13 02:10:00+00:00,15.050000190734863,15.050000190734863,15.050000190734863,15.050000190734863,6798,0.0,0.0,0.0
2025-05-13 02:15:00+00:00,15.050000190734863,15.069999694824219,15.050000190734863,15.069999694824219,3200,0.0,0.0,0.0
2025-05-13 02:20:00+00:00,15.029999732971191,15.0600004196167,15.029999732971191,15.050000190734863,10573,0.0,0.0,0.0
2025-05-13 02:25:00+00:00,15.020000457763672,15.020000457763672,15.020000457763672,15.020000457763672,39566,0.0,0.0,0.0
2025-05-13 02:30:00+00:00,15.039999961853027,15.039999961853027,15.029999732971191,15.029999732971191,4240,0.0,0.0,0.0
2025-05-13 02:35:00+00:00,15.029999732971191,15.029999732971191,15.029999732971191,15.029999732971191,3231,0.0,0.0,0.0
2025-05-13 02:40:00+00:00,15.029999732971191,15.029999732971191,15.029999732971191,15.029999732971191,1000,0.0,0.0,0.0
2025-05-13 02:45:00+00:00,15.039999961853027,15.039999961853027,15.039999961853027,15.039999961853027,2449,0.0,0.0,0.0
2025-05-13 03:00:00+00:00,15.039999961853027,15.039999961853027,15.020000457763672,15.020000457763672,4110,0.0,0.0,0.0
2025-05-13 03:05:00+00:00,15.010000228881836,15.010000228881836,14.989999771118164,14.989999771118164,25101,0.0,0.0,0.0
2025-05-13 03:10:00+00:00,14.979999542236328,14.979999542236328,14.979999542236328,14.979999542236328,5140,0.0,0.0,0.0
2025-05-13 03:15:00+00:00,14.989999771118164,14.989999771118164,14.989999771118164,14.989999771118164,2173,0.0,0.0,0.0
2025-05-13 03:20:00+00:00,14.989999771118164,15.0,14.989999771118164,15.0,12227,0.0,0.0,0.0
2025-05-13 03:25:00+00:00,15.0,15.010000228881836,15.0,15.010000228881836,7198,0.0,0.0,0.0
2025-05-13 03:35:00+00:00,15.0,15.0,15.0,15.0,2105,0.0,0.0,0.0
2025-05-13 03:40:00+00:00,15.0,15.0,15.0,15.0,13195,0.0,0.0,0.0
2025-05-13 03:45:00+00:00,15.0,15.010000228881836,14.989999771118164,14.989999771118164,10305,0.0,0.0,0.0
2025-05-13 03:55:00+00:00,14.989999771118164,14.989999771118164,14.989999771118164,14.989999771118164,1000,0.0,0.0,0.0
2025-05-13 04:00:00+00:00,15.0,15.0,15.0,15.0,31097,0.0,0.0,0.0
2025-05-13 04:05:00+00:00,15.0,15.0,15.0,15.0,3010,0.0,0.0,0.0
2025-05-13 04:10:00+00:00,14.989999771118164,14.989999771118164,14.989999771118164,14.989999771118164,60646,0.0,0.0,0.0
2025-05-13 04:15:00+00:00,15.0,15.0,15.0,15.0,23000,0.0,0.0,0.0
2025-05-13 04:20:00+00:00,15.010000228881836,15.010000228881836,15.010000228881836,15.010000228881836,13299,0.0,0.0,0.0
2025-05-13 04:25:00+00:00,15.010000228881836,15.010000228881836,15.010000228881836,15.010000228881836,20349,0.0,0.0,0.0
2025-05-13 04:30:00+00:00,15.010000228881836,15.020000457763672,15.010000228881836,15.020000457763672,9340,0.0,0.0,0.0
2025-05-13 04:50:00+00:00,15.020000457763672,15.020000457763672,15.020000457763672,15.020000457763672,7207,0.0,0.0,0.0
2025-05-13 05:00:00+00:00,15.020000457763672,15.020000457763672,15.020000457763672,15.020000457763672,1097,0.0,0.0,0.0
2025-05-13 05:05:00+00:00,15.010000228881836,15.010000228881836,15.010000228881836,15.010000228881836,2000,0.0,0.0,0.0
2025-05-13 05:10:00+00:00,15.010000228881836,15.010000228881836,15.010000228881836,15.010000228881836,15020,0.0,0.0,0.0
2025-05-13 05:15:00+00:00,15.010000228881836,15.010000228881836,15.010000228881836,15.010000228881836,119633,0.0,0.0,0.0
2025-05-13 05:20:00+00:00,15.010000228881836,15.020000457763672,15.010000228881836,15.020000457763672,39637,0.0,0.0,0.0
2025-05-14 01:00:00+00:00,15.100000381469727,15.140000343322754,15.100000381469727,15.140000343322754,71000,0.0,0.0,0.0
2025-05-14 01:05:00+00:00,15.130000114440918,15.140000343322754,15.100000381469727,15.100000381469727,124645,0.0,0.0,0.0
2025-05-14 01:10:00+00:00,15.100000381469727,15.100000381469727,15.09000015258789,15.09000015258789,4008,0.0,0.0,0.0
2025-05-14 01:15:00+00:00,15.050000190734863,15.079999923706055,15.050000190734863,15.069999694824219,10050,0.0,0.0,0.0
2025-05-14 01:20:00+00:00,15.09000015258789,15.09000015258789,15.09000015258789,15.09000015258789,20688,0.0,0.0,0.0
2025-05-14 01:25:00+00:00,15.09000015258789,15.109999656677246,15.09000015258789,15.109999656677246,29071,0.0,0.0,0.0
2025-05-14 01:30:00+00:00,15.109999656677246,15.119999885559082,15.109999656677246,15.119999885559082,36406,0.0,0.0,0.0
2025-05-14 01:35:00+00:00,15.130000114440918,15.140000343322754,15.130000114440918,15.140000343322754,57000,0.0,0.0,0.0
2025-05-14 01:40:00+00:00,15.140000343322754,15.170000076293945,15.140000343322754,15.170000076293945,163600,0.0,0.0,0.0
2025-05-14 01:45:00+00:00,15.170000076293945,15.170000076293945,15.15999984741211,15.15999984741211,10061,0.0,0.0,0.0
2025-05-14 01:50:00+00:00,15.170000076293945,15.170000076293945,15.170000076293945,15.170000076293945,45455,0.0,0.0,0.0
2025-05-14 01:55:00+00:00,15.15999984741211,15.15999984741211,15.15999984741211,15.15999984741211,100280,0.0,0.0,0.0
2025-05-14 02:00:00+00:00,15.15999984741211,15.15999984741211,15.15999984741211,15.15999984741211,16000,0.0,0.0,0.0
2025-05-14 02:05:00+00:00,15.170000076293945,15.1899995803833,15.170000076293945,15.1899995803833,95800,0.0,0.0,0.0
2025-05-14 02:15:00+00:00,15.180000305175781,15.1899995803833,15.180000305175781,15.1899995803833,17035,0.0,0.0,0.0
2025-05-14 02:20:00+00:00,15.180000305175781,15.180000305175781,15.180000305175781,15.180000305175781,3185,0.0,0.0,0.0
2025-05-14 02:25:00+00:00,15.1899995803833,15.1899995803833,15.180000305175781,15.180000305175781,105005,0.0,0.0,0.0
2025-05-14 02:30:00+00:00,15.170000076293945,15.170000076293945,15.149999618530273,15.149999618530273,7000,0.0,0.0,0.0
2025-05-14 02:40:00+00:00,15.149999618530273,15.149999618530273,15.140000343322754,15.140000343322754,45040,0.0,0.0,0.0
2025-05-14 02:45:00+00:00,15.130000114440918,15.130000114440918,15.130000114440918,15.130000114440918,65555,0.0,0.0,0.0
2025-05-14 02:50:00+00:00,15.109999656677246,15.119999885559082,15.109999656677246,15.119999885559082,12100,0.0,0.0,0.0
2025-05-14 02:55:00+00:00,15.130000114440918,15.140000343322754,15.130000114440918,15.140000343322754,111302,0.0,0.0,0.0
2025-05-14 03:00:00+00:00,15.140000343322754,15.140000343322754,15.140000343322754,15.140000343322754,2000,0.0,0.0,0.0
2025-05-14 03:05:00+00:00,15.149999618530273,15.149999618530273,15.140000343322754,15.149999618530273,53000,0.0,0.0,0.0
2025-05-14 03:10:00+00:00,15.149999618530273,15.15999984741211,15.149999618530273,15.15999984741211,21980,0.0,0.0,0.0
2025-05-14 03:20:00+00:00,15.15999984741211,15.15999984741211,15.15999984741211,15.15999984741211,21012,0.0,0.0,0.0
2025-05-14 03:25:00+00:00,15.15999984741211,15.170000076293945,15.15999984741211,15.170000076293945,67000,0.0,0.0,0.0
2025-05-14 03:30:00+00:00,15.170000076293945,15.180000305175781,15.170000076293945,15.180000305175781,13070,0.0,0.0,0.0
2025-05-14 03:35:00+00:00,15.180000305175781,15.180000305175781,15.149999618530273,15.149999618530273,56000,0.0,0.0,0.0
2025-05-14 03:40:00+00:00,15.15999984741211,15.15999984741211,15.15999984741211,15.15999984741211,1000,0.0,0.0,0.0
2025-05-14 03:45:00+00:00,15.170000076293945,15.170000076293945,15.15999984741211,15.15999984741211,22170,0.0,0.0,0.0
2025-05-14 03:55:00+00:00,15.149999618530273,15.149999618530273,15.149999618530273,15.149999618530273,1000,0.0,0.0,0.0
2025-05-14 04:00:00+00:00,15.149999618530273,15.149999618530273,15.149999618530273,15.149999618530273,20100,0.0,0.0,0.0
2025-05-14 04:05:00+00:00,15.15999984741211,15.170000076293945,15.15999984741211,15.170000076293945,116204,0.0,0.0,0.0
2025-05-14 04:15:00+00:00,15.15999984741211,15.15999984741211,15.15999984741211,15.15999984741211,5293,0.0,0.0,0.0
2025-05-14 04:20:00+00:00,15.170000076293945,15.170000076293945,15.170000076293945,15.170000076293945,14654,0.0,0.0,0.0
2025-05-14 04:25:00+00:00,15.170000076293945,15.180000305175781,15.15999984741211,15.180000305175781,95527,0.0,0.0,0.0
2025-05-14 04:30:00+00:00,15.1899995803833,15.1899995803833,15.1899995803833,15.1899995803833,21100,0.0,0.0,0.0
2025-05-14 04:35:00+00:00,15.1899995803833,15.1899995803833,15.1899995803833,15.1899995803833,10000,0.0,0.0,0.0
2025-05-14 04:40:00+00:00,15.1899995803833,15.1899995803833,15.1899995803833,15.1899995803833,27114,0.0,0.0,0.0
2025-05-14 04:45:00+00:00,15.180000305175781,15.180000305175781,15.180000305175781,15.180000305175781,30010,0.0,0.0,0.0
2025-05-14 04:50:00+00:00,15.180000305175781,15.180000305175781,15.170000076293945,15.180000305175781,5148,0.0,0.0,0.0
2025-05-14 05:00:00+00:00,15.180000305175781,15.180000305175781,15.170000076293945,15.170000076293945,8382,0.0,0.0,0.0
2025-05-14 05:05:00+00:00,15.170000076293945,15.180000305175781,15.170000076293945,15.180000305175781,106248,0.0,0.0,0.0
2025-05-14 05:10:00+00:00,15.170000076293945,15.170000076293945,15.170000076293945,15.170000076293945,13002,0.0,0.0,0.0
2025-05-14 05:15:00+00:00,15.170000076293945,15.170000076293945,15.170000076293945,15.170000076293945,8196,0.0,0.0,0.0
2025-05-14 05:20:00+00:00,15.170000076293945,15.1899995803833,15.170000076293945,15.170000076293945,18553,0.0,0.0,0.0
2025-05-15 01:00:00+00:00,15.210000038146973,15.25,15.210000038146973,15.25,0,0.0,0.0,0.0
2025-05-15 01:05:00+00:00,15.239999771118164,15.270000457763672,15.229999542236328,15.229999542236328,50737,0.0,0.0,0.0
2025-05-15 01:10:00+00:00,15.239999771118164,15.239999771118164,15.239999771118164,15.239999771118164,29147,0.0,0.0,0.0
2025-05-15 01:15:00+00:00,15.25,15.260000228881836,15.25,15.260000228881836,11040,0.0,0.0,0.0
2025-05-15 01:20:00+00:00,15.220000267028809,15.220000267028809,15.199999809265137,15.199999809265137,113315,0.0,0.0,0.0
2025-05-15 01:25:00+00:00,15.1899995803833,15.1899995803833,15.1899995803833,15.1899995803833,3044,0.0,0.0,0.0
2025-05-15 01:30:00+00:00,15.15999984741211,15.1899995803833,15.15999984741211,15.1899995803833,28806,0.0,0.0,0.0
2025-05-15 01:35:00+00:00,15.1899995803833,15.210000038146973,15.1899995803833,15.199999809265137,30083,0.0,0.0,0.0
2025-05-15 01:40:00+00:00,15.199999809265137,15.239999771118164,15.199999809265137,15.239999771118164,47109,0.0,0.0,0.0
2025-05-15 01:45:00+00:00,15.25,15.260000228881836,15.25,15.25,80980,0.0,0.0,0.0
2025-05-15 01:50:00+00:00,15.25,15.25,15.25,15.25,203688,0.0,0.0,0.0
2025-05-15 01:55:00+00:00,15.239999771118164,15.239999771118164,15.239999771118164,15.239999771118164,33180,0.0,0.0,0.0
2025-05-15 02:00:00+00:00,15.220000267028809,15.220000267028809,15.210000038146973,15.210000038146973,102320,0.0,0.0,0.0
2025-05-15 02:10:00+00:00,15.210000038146973,15.210000038146973,15.210000038146973,15.210000038146973,13000,0.0,0.0,0.0
2025-05-15 02:15:00+00:00,15.220000267028809,15.220000267028809,15.220000267028809,15.220000267028809,12000,0.0,0.0,0.0
2025-05-15 02:20:00+00:00,15.210000038146973,15.210000038146973,15.210000038146973,15.210000038146973,100006,0.0,0.0,0.0
2025-05-15 02:30:00+00:00,15.210000038146973,15.220000267028809,15.210000038146973,15.220000267028809,44028,0.0,0.0,0.0
2025-05-15 02:35:00+00:00,15.220000267028809,15.220000267028809,15.220000267028809,15.220000267028809,7000,0.0,0.0,0.0
2025-05-15 02:40:00+00:00,15.220000267028809,15.229999542236328,15.220000267028809,15.229999542236328,21815,0.0,0.0,0.0
2025-05-15 02:45:00+00:00,15.220000267028809,15.229999542236328,15.220000267028809,15.229999542236328,17233,0.0,0.0,0.0
2025-05-15 02:50:00+00:00,15.239999771118164,15.25,15.239999771118164,15.239999771118164,20068,0.0,0.0,0.0
2025-05-15 02:55:00+00:00,15.239999771118164,15.25,15.239999771118164,15.25,33009,0.0,0.0,0.0
2025-05-15 03:00:00+00:00,15.260000228881836,15.260000228881836,15.260000228881836,15.260000228881836,6082,0.0,0.0,0.0
2025-05-15 03:15:00+00:00,15.25,15.25,15.25,15.25,13000,0.0,0.0,0.0
2025-05-15 03:20:00+00:00,15.25,15.25,15.239999771118164,15.239999771118164,8007,0.0,0.0,0.0
2025-05-15 03:25:00+00:00,15.239999771118164,15.239999771118164,15.239999771118164,15.239999771118164,2000,0.0,0.0,0.0
2025-05-15 03:30:00+00:00,15.239999771118164,15.239999771118164,15.239999771118164,15.239999771118164,9500,0.0,0.0,0.0
2025-05-15 03:35:00+00:00,15.229999542236328,15.229999542236328,15.229999542236328,15.229999542236328,1000,0.0,0.0,0.0
2025-05-15 03:40:00+00:00,15.229999542236328,15.229999542236328,15.220000267028809,15.220000267028809,6100,0.0,0.0,0.0
2025-05-15 03:45:00+00:00,15.229999542236328,15.229999542236328,15.229999542236328,15.229999542236328,3000,0.0,0.0,0.0
2025-05-15 03:55:00+00:00,15.229999542236328,15.229999542236328,15.229999542236328,15.229999542236328,29561,0.0,0.0,0.0
2025-05-15 04:05:00+00:00,15.229999542236328,15.229999542236328,15.229999542236328,15.229999542236328,1010,0.0,0.0,0.0
2025-05-15 04:10:00+00:00,15.229999542236328,15.229999542236328,15.229999542236328,15.229999542236328,8000,0.0,0.0,0.0
2025-05-15 04:15:00+00:00,15.229999542236328,15.229999542236328,15.229999542236328,15.229999542236328,6000,0.0,0.0,0.0
2025-05-15 04:20:00+00:00,15.229999542236328,15.229999542236328,15.229999542236328,15.229999542236328,2229,0.0,0.0,0.0
2025-05-15 04:25:00+00:00,15.229999542236328,15.229999542236328,15.229999542236328,15.229999542236328,4000,0.0,0.0,0.0
2025-05-15 04:30:00+00:00,15.229999542236328,15.229999542236328,15.220000267028809,15.220000267028809,17000,0.0,0.0,0.0
2025-05-15 04:35:00+00:00,15.229999542236328,15.229999542236328,15.220000267028809,15.220000267028809,22100,0.0,0.0,0.0
2025-05-15 04:40:00+00:00,15.220000267028809,15.229999542236328,15.220000267028809,15.229999542236328,14090,0.0,0.0,0.0
2025-05-15 04:45:00+00:00,15.229999542236328,15.229999542236328,15.229999542236328,15.229999542236328,11000,0.0,0.0,0.0
2025-05-15 04:50:00+00:00,15.220000267028809,15.229999542236328,15.220000267028809,15.229999542236328,16500,0.0,0.0,0.0
2025-05-15 04:55:00+00:00,15.229999542236328,15.229999542236328,15.229999542236328,15.229999542236328,1000,0.0,0.0,0.0
2025-05-15 05:00:00+00:00,15.229999542236328,15.229999542236328,15.229999542236328,15.229999542236328,10632,0.0,0.0,0.0
2025-05-15 05:05:00+00:00,15.229999542236328,15.229999542236328,15.229999542236328,15.229999542236328,26063,0.0,0.0,0.0
2025-05-15 05:10:00+00:00,15.229999542236328,15.229999542236328,15.229999542236328,15.229999542236328,6000,0.0,0.0,0.0
2025-05-15 05:15:00+00:00,15.229999542236328,15.229999542236328,15.229999542236328,15.229999542236328,9710,0.0,0.0,0.0
2025-05-15 05:20:00+00:00,15.239999771118164,15.239999771118164,15.229999542236328,15.229999542236328,7000,0.0,0.0,0.0
2025-05-16 01:00:00+00:00,15.270000457763672,15.289999961853027,15.270000457763672,15.289999961853027,0,0.0,0.0,0.0
2025-05-16 01:05:00+00:00,15.270000457763672,15.270000457763672,15.270000457763672,15.270000457763672,10613,0.0,0.0,0.0
2025-05-16 01:10:00+00:00,15.270000457763672,15.270000457763672,15.270000457763672,15.270000457763672,90070,0.0,0.0,0.0
2025-05-16 01:15:00+00:00,15.279999732971191,15.300000190734863,15.279999732971191,15.300000190734863,142825,0.0,0.0,0.0
2025-05-16 01:20:00+00:00,15.300000190734863,15.300000190734863,15.300000190734863,15.300000190734863,47100,0.0,0.0,0.0
2025-05-16 01:25:00+00:00,15.300000190734863,15.3100004196167,15.300000190734863,15.3100004196167,36201,0.0,0.0,0.0
2025-05-16 01:30:00+00:00,15.3100004196167,15.3100004196167,15.300000190734863,15.3100004196167,20750,0.0,0.0,0.0
2025-05-16 01:35:00+00:00,15.319999694824219,15.359999656677246,15.319999694824219,15.359999656677246,113439,0.0,0.0,0.0
2025-05-16 01:40:00+00:00,15.350000381469727,15.359999656677246,15.350000381469727,15.359999656677246,5480,0.0,0.0,0.0
2025-05-16 01:45:00+00:00,15.369999885559082,15.380000114440918,15.359999656677246,15.359999656677246,32185,0.0,0.0,0.0
2025-05-16 01:50:00+00:00,15.350000381469727,15.350000381469727,15.350000381469727,15.350000381469727,1065,0.0,0.0,0.0
2025-05-16 01:55:00+00:00,15.359999656677246,15.380000114440918,15.350000381469727,15.380000114440918,71139,0.0,0.0,0.0
2025-05-16 02:00:00+00:00,15.390000343322754,15.399999618530273,15.380000114440918,15.380000114440918,11500,0.0,0.0,0.0
2025-05-16 02:05:00+00:00,15.380000114440918,15.380000114440918,15.380000114440918,15.380000114440918,2038,0.0,0.0,0.0
2025-05-16 02:10:00+00:00,15.369999885559082,15.369999885559082,15.369999885559082,15.369999885559082,7000,0.0,0.0,0.0
2025-05-16 02:15:00+00:00,15.369999885559082,15.369999885559082,15.369999885559082,15.369999885559082,3118,0.0,0.0,0.0
2025-05-16 02:20:00+00:00,15.369999885559082,15.390000343322754,15.369999885559082,15.380000114440918,78025,0.0,0.0,0.0
2025-05-16 02:25:00+00:00,15.390000343322754,15.390000343322754,15.390000343322754,15.390000343322754,4018,0.0,0.0,0.0
2025-05-16 02:30:00+00:00,15.399999618530273,15.399999618530273,15.399999618530273,15.399999618530273,109100,0.0,0.0,0.0
2025-05-16 02:35:00+00:00,15.40999984741211,15.430000305175781,15.40999984741211,15.430000305175781,88430,0.0,0.0,0.0
2025-05-16 02:40:00+00:00,15.430000305175781,15.430000305175781,15.430000305175781,15.430000305175781,22000,0.0,0.0,0.0
2025-05-16 02:45:00+00:00,15.4399995803833,15.4399995803833,15.430000305175781,15.430000305175781,4351,0.0,0.0,0.0
2025-05-16 02:50:00+00:00,15.40999984741211,15.40999984741211,15.40999984741211,15.40999984741211,13580,0.0,0.0,0.0
2025-05-16 02:55:00+00:00,15.420000076293945,15.420000076293945,15.420000076293945,15.420000076293945,4017,0.0,0.0,0.0
2025-05-16 03:00:00+00:00,15.420000076293945,15.420000076293945,15.40999984741211,15.40999984741211,5300,0.0,0.0,0.0
2025-05-16 03:05:00+00:00,15.40999984741211,15.420000076293945,15.40999984741211,15.420000076293945,31027,0.0,0.0,0.0
2025-05-16 03:10:00+00:00,15.430000305175781,15.4399995803833,15.430000305175781,15.4399995803833,76300,0.0,0.0,0.0
2025-05-16 03:15:00+00:00,15.449999809265137,15.449999809265137,15.4399995803833,15.449999809265137,94380,0.0,0.0,0.0
2025-05-16 03:20:00+00:00,15.449999809265137,15.460000038146973,15.449999809265137,15.449999809265137,7991,0.0,0.0,0.0
2025-05-16 03:25:00+00:00,15.460000038146973,15.460000038146973,15.460000038146973,15.460000038146973,20018,0.0,0.0,0.0
2025-05-16 03:30:00+00:00,15.449999809265137,15.449999809265137,15.449999809265137,15.449999809265137,18118,0.0,0.0,0.0
2025-05-16 03:35:00+00:00,15.4399995803833,15.4399995803833,15.420000076293945,15.420000076293945,205729,0.0,0.0,0.0
2025-05-16 03:40:00+00:00,15.40999984741211,15.40999984741211,15.399999618530273,15.399999618530273,7088,0.0,0.0,0.0
2025-05-16 03:45:00+00:00,15.399999618530273,15.399999618530273,15.399999618530273,15.399999618530273,29002,0.0,0.0,0.0
2025-05-16 03:50:00+00:00,15.399999618530273,15.399999618530273,15.399999618530273,15.399999618530273,10119,0.0,0.0,0.0
2025-05-16 03:55:00+00:00,15.390000343322754,15.390000343322754,15.390000343322754,15.390000343322754,33027,0.0,0.0,0.0
2025-05-16 04:05:00+00:00,15.399999618530273,15.399999618530273,15.399999618530273,15.399999618530273,8019,0.0,0.0,0.0
2025-05-16 04:10:00+00:00,15.399999618530273,15.399999618530273,15.399999618530273,15.399999618530273,1000,0.0,0.0,0.0
2025-05-16 04:15:00+00:00,15.399999618530273,15.399999618530273,15.399999618530273,15.399999618530273,40973,0.0,0.0,0.0
2025-05-16 04:25:00+00:00,15.399999618530273,15.399999618530273,15.399999618530273,15.399999618530273,10200,0.0,0.0,0.0
2025-05-16 04:30:00+00:00,15.399999618530273,15.40999984741211,15.399999618530273,15.40999984741211,29218,0.0,0.0,0.0
2025-05-16 04:35:00+00:00,15.40999984741211,15.420000076293945,15.40999984741211,15.420000076293945,24356,0.0,0.0,0.0
2025-05-16 04:40:00+00:00,15.420000076293945,15.420000076293945,15.420000076293945,15.420000076293945,3547,0.0,0.0,0.0
2025-05-16 04:45:00+00:00,15.420000076293945,15.430000305175781,15.420000076293945,15.430000305175781,7584,0.0,0.0,0.0
2025-05-16 04:55:00+00:00,15.399999618530273,15.399999618530273,15.399999618530273,15.399999618530273,74282,0.0,0.0,0.0
2025-05-16 05:00:00+00:00,15.399999618530273,15.40999984741211,15.399999618530273,15.40999984741211,65750,0.0,0.0,0.0
2025-05-16 05:05:00+00:00,15.40999984741211,15.40999984741211,15.40999984741211,15.40999984741211,6271,0.0,0.0,0.0
2025-05-16 05:10:00+00:00,15.40999984741211,15.40999984741211,15.40999984741211,15.40999984741211,9000,0.0,0.0,0.0
2025-05-16 05:15:00+00:00,15.40999984741211,15.40999984741211,15.40999984741211,15.40999984741211,30230,0.0,0.0,0.0
2025-05-16 05:20:00+00:00,15.40999984741211,15.40999984741211,15.399999618530273,15.40999984741211,14868,0.0,0.0,0.0
2025-05-19 01:00:00+00:00,15.369999885559082,15.399999618530273,15.350000381469727,15.359999656677246,0,0.0,0.0,0.0
2025-05-19 01:05:00+00:00,15.369999885559082,15.380000114440918,15.359999656677246,15.369999885559082,159093,0.0,0.0,0.0
2025-05-19 01:10:00+00:00,15.369999885559082,15.369999885559082,15.34000015258789,15.34000015258789,264890,0.0,0.0,0.0
2025-05-19 01:15:00+00:00,15.329999923706055,15.329999923706055,15.319999694824219,15.319999694824219,14440,0.0,0.0,0.0
2025-05-19 01:20:00+00:00,15.3100004196167,15.3100004196167,15.289999961853027,15.289999961853027,58646,0.0,0.0,0.0
2025-05-19 01:25:00+00:00,15.300000190734863,15.3100004196167,15.289999961853027,15.3100004196167,16265,0.0,0.0,0.0
2025-05-19 01:30:00+00:00,15.329999923706055,15.329999923706055,15.300000190734863,15.3100004196167,31098,0.0,0.0,0.0
2025-05-19 01:35:00+00:00,15.3100004196167,15.329999923706055,15.3100004196167,15.319999694824219,23335,0.0,0.0,0.0
2025-05-19 01:40:00+00:00,15.319999694824219,15.319999694824219,15.3100004196167,15.3100004196167,37114,0.0,0.0,0.0
2025-05-19 01:45:00+00:00,15.319999694824219,15.319999694824219,15.300000190734863,15.300000190734863,145100,0.0,0.0,0.0
2025-05-19 01:50:00+00:00,15.3100004196167,15.3100004196167,15.289999961853027,15.289999961853027,33477,0.0,0.0,0.0
2025-05-19 01:55:00+00:00,15.289999961853027,15.289999961853027,15.289999961853027,15.289999961853027,6384,0.0,0.0,0.0
2025-05-19 02:00:00+00:00,15.289999961853027,15.300000190734863,15.279999732971191,15.300000190734863,40575,0.0,0.0,0.0
2025-05-19 02:05:00+00:00,15.3100004196167,15.319999694824219,15.3100004196167,15.319999694824219,19176,0.0,0.0,0.0
2025-05-19 02:10:00+00:00,15.319999694824219,15.319999694824219,15.3100004196167,15.319999694824219,19117,0.0,0.0,0.0
2025-05-19 02:15:00+00:00,15.329999923706055,15.350000381469727,15.329999923706055,15.350000381469727,11389,0.0,0.0,0.0
2025-05-19 02:20:00+00:00,15.350000381469727,15.350000381469727,15.34000015258789,15.34000015258789,12000,0.0,0.0,0.0
2025-05-19 02:25:00+00:00,15.350000381469727,15.359999656677246,15.350000381469727,15.359999656677246,10444,0.0,0.0,0.0
2025-05-19 02:30:00+00:00,15.359999656677246,15.369999885559082,15.350000381469727,15.350000381469727,113040,0.0,0.0,0.0
2025-05-19 02:35:00+00:00,15.350000381469727,15.359999656677246,15.350000381469727,15.359999656677246,11260,0.0,0.0,0.0
2025-05-19 02:40:00+00:00,15.359999656677246,15.359999656677246,15.359999656677246,15.359999656677246,4000,0.0,0.0,0.0
2025-05-19 02:45:00+00:00,15.369999885559082,15.369999885559082,15.369999885559082,15.369999885559082,3400,0.0,0.0,0.0
2025-05-19 02:55:00+00:00,15.359999656677246,15.359999656677246,15.359999656677246,15.359999656677246,1060,0.0,0.0,0.0
2025-05-19 03:00:00+00:00,15.369999885559082,15.369999885559082,15.369999885559082,15.369999885559082,2153,0.0,0.0,0.0
2025-05-19 03:05:00+00:00,15.359999656677246,15.359999656677246,15.359999656677246,15.359999656677246,1000,0.0,0.0,0.0
2025-05-19 03:10:00+00:00,15.350000381469727,15.350000381469727,15.329999923706055,15.329999923706055,35000,0.0,0.0,0.0
2025-05-19 03:15:00+00:00,15.329999923706055,15.329999923706055,15.319999694824219,15.319999694824219,3168,0.0,0.0,0.0
2025-05-19 03:20:00+00:00,15.329999923706055,15.329999923706055,15.319999694824219,15.319999694824219,20000,0.0,0.0,0.0
2025-05-19 03:25:00+00:00,15.319999694824219,15.319999694824219,15.319999694824219,15.319999694824219,25061,0.0,0.0,0.0
2025-05-19 03:30:00+00:00,15.300000190734863,15.300000190734863,15.300000190734863,15.300000190734863,100410,0.0,0.0,0.0
2025-05-19 03:35:00+00:00,15.279999732971191,15.279999732971191,15.279999732971191,15.279999732971191,7041,0.0,0.0,0.0
2025-05-19 03:45:00+00:00,15.279999732971191,15.279999732971191,15.279999732971191,15.279999732971191,7200,0.0,0.0,0.0
2025-05-19 03:50:00+00:00,15.279999732971191,15.279999732971191,15.279999732971191,15.279999732971191,1000,0.0,0.0,0.0
2025-05-19 03:55:00+00:00,15.300000190734863,15.300000190734863,15.300000190734863,15.300000190734863,13340,0.0,0.0,0.0
2025-05-19 04:15:00+00:00,15.300000190734863,15.300000190734863,15.300000190734863,15.300000190734863,20113,0.0,0.0,0.0
2025-05-19 04:20:00+00:00,15.279999732971191,15.279999732971191,15.279999732971191,15.279999732971191,10010,0.0,0.0,0.0
2025-05-19 04:25:00+00:00,15.279999732971191,15.279999732971191,15.279999732971191,15.279999732971191,2557,0.0,0.0,0.0
2025-05-19 04:30:00+00:00,15.270000457763672,15.279999732971191,15.270000457763672,15.279999732971191,4267,0.0,0.0,0.0
2025-05-19 04:35:00+00:00,15.279999732971191,15.279999732971191,15.279999732971191,15.279999732971191,6000,0.0,0.0,0.0
2025-05-19 04:40:00+00:00,15.270000457763672,15.270000457763672,15.270000457763672,15.270000457763672,9030,0.0,0.0,0.0
2025-05-19 04:45:00+00:00,15.279999732971191,15.279999732971191,15.279999732971191,15.279999732971191,1447,0.0,0.0,0.0
2025-05-19 04:50:00+00:00,15.270000457763672,15.270000457763672,15.260000228881836,15.260000228881836,20220,0.0,0.0,0.0
2025-05-19 04:55:00+00:00,15.260000228881836,15.260000228881836,15.260000228881836,15.260000228881836,6078,0.0,0.0,0.0
2025-05-19 05:05:00+00:00,15.270000457763672,15.270000457763672,15.270000457763672,15.270000457763672,187520,0.0,0.0,0.0
2025-05-19 05:10:00+00:00,15.260000228881836,15.270000457763672,15.260000228881836,15.260000228881836,14205,0.0,0.0,0.0
2025-05-19 05:15:00+00:00,15.260000228881836,15.260000228881836,15.25,15.25,30968,0.0,0.0,0.0
2025-05-19 05:20:00+00:00,15.260000228881836,15.260000228881836,15.260000228881836,15.260000228881836,9123,0.0,0.0,0.0
2025-05-20 01:00:00+00:00,15.270000457763672,15.300000190734863,15.270000457763672,15.279999732971191,0,0.0,0.0,0.0
2025-05-20 01:05:00+00:00,15.289999961853027,15.300000190734863,15.289999961853027,15.300000190734863,58239,0.0,0.0,0.0
2025-05-20 01:10:00+00:00,15.279999732971191,15.279999732971191,15.279999732971191,15.279999732971191,12077,0.0,0.0,0.0
2025-05-20 01:15:00+00:00,15.270000457763672,15.270000457763672,15.25,15.260000228881836,4079,0.0,0.0,0.0
2025-05-20 01:20:00+00:00,15.260000228881836,15.260000228881836,15.25,15.25,8661,0.0,0.0,0.0
2025-05-20 01:25:00+00:00,15.25,15.25,15.239999771118164,15.239999771118164,5145,0.0,0.0,0.0
2025-05-20 01:30:00+00:00,15.25,15.25,15.220000267028809,15.220000267028809,15078,0.0,0.0,0.0
2025-05-20 01:35:00+00:00,15.220000267028809,15.220000267028809,15.210000038146973,15.210000038146973,28231,0.0,0.0,0.0
2025-05-20 01:40:00+00:00,15.220000267028809,15.229999542236328,15.220000267028809,15.229999542236328,23222,0.0,0.0,0.0
2025-05-20 01:45:00+00:00,15.229999542236328,15.25,15.229999542236328,15.25,20100,0.0,0.0,0.0
2025-05-20 01:50:00+00:00,15.25,15.25,15.25,15.25,9092,0.0,0.0,0.0
2025-05-20 01:55:00+00:00,15.260000228881836,15.260000228881836,15.260000228881836,15.260000228881836,13142,0.0,0.0,0.0
2025-05-20 02:00:00+00:00,15.270000457763672,15.279999732971191,15.270000457763672,15.279999732971191,74376,0.0,0.0,0.0
2025-05-20 02:05:00+00:00,15.279999732971191,15.279999732971191,15.270000457763672,15.270000457763672,7709,0.0,0.0,0.0
2025-05-20 02:10:00+00:00,15.279999732971191,15.289999961853027,15.279999732971191,15.289999961853027,33346,0.0,0.0,0.0
2025-05-20 02:15:00+00:00,15.260000228881836,15.270000457763672,15.260000228881836,15.270000457763672,102000,0.0,0.0,0.0
2025-05-20 02:25:00+00:00,15.260000228881836,15.260000228881836,15.260000228881836,15.260000228881836,3097,0.0,0.0,0.0
2025-05-20 02:30:00+00:00,15.260000228881836,15.260000228881836,15.260000228881836,15.260000228881836,1173,0.0,0.0,0.0
2025-05-20 02:35:00+00:00,15.270000457763672,15.300000190734863,15.270000457763672,15.300000190734863,149078,0.0,0.0,0.0
2025-05-20 02:40:00+00:00,15.300000190734863,15.3100004196167,15.300000190734863,15.3100004196167,115750,0.0,0.0,0.0
2025-05-20 02:45:00+00:00,15.3100004196167,15.3100004196167,15.3100004196167,15.3100004196167,1275,0.0,0.0,0.0
2025-05-20 02:50:00+00:00,15.300000190734863,15.300000190734863,15.300000190734863,15.300000190734863,5000,0.0,0.0,0.0
2025-05-20 02:55:00+00:00,15.300000190734863,15.300000190734863,15.300000190734863,15.300000190734863,6150,0.0,0.0,0.0
2025-05-20 03:00:00+00:00,15.300000190734863,15.3100004196167,15.300000190734863,15.3100004196167,26335,0.0,0.0,0.0
2025-05-20 03:15:00+00:00,15.300000190734863,15.300000190734863,15.289999961853027,15.289999961853027,50188,0.0,0.0,0.0
2025-05-20 03:20:00+00:00,15.289999961853027,15.300000190734863,15.289999961853027,15.300000190734863,23029,0.0,0.0,0.0
2025-05-20 03:25:00+00:00,15.289999961853027,15.289999961853027,15.289999961853027,15.289999961853027,12000,0.0,0.0,0.0
2025-05-20 03:30:00+00:00,15.289999961853027,15.289999961853027,15.289999961853027,15.289999961853027,1000,0.0,0.0,0.0
2025-05-20 03:35:00+00:00,15.289999961853027,15.289999961853027,15.289999961853027,15.289999961853027,11300,0.0,0.0,0.0
2025-05-20 03:40:00+00:00,15.289999961853027,15.300000190734863,15.289999961853027,15.300000190734863,29803,0.0,0.0,0.0
2025-05-20 03:55:00+00:00,15.300000190734863,15.300000190734863,15.300000190734863,15.300000190734863,2000,0.0,0.0,0.0
2025-05-20 04:00:00+00:00,15.300000190734863,15.300000190734863,15.300000190734863,15.300000190734863,3830,0.0,0.0,0.0
2025-05-20 04:10:00+00:00,15.279999732971191,15.279999732971191,15.279999732971191,15.279999732971191,1000,0.0,0.0,0.0
2025-05-20 04:15:00+00:00,15.279999732971191,15.279999732971191,15.260000228881836,15.260000228881836,15201,0.0,0.0,0.0
2025-05-20 04:20:00+00:00,15.260000228881836,15.260000228881836,15.260000228881836,15.260000228881836,5100,0.0,0.0,0.0
2025-05-20 04:25:00+00:00,15.260000228881836,15.260000228881836,15.260000228881836,15.260000228881836,24559,0.0,0.0,0.0
2025-05-20 04:30:00+00:00,15.270000457763672,15.270000457763672,15.270000457763672,15.270000457763672,18210,0.0,0.0,0.0
2025-05-20 04:40:00+00:00,15.260000228881836,15.260000228881836,15.260000228881836,15.260000228881836,64521,0.0,0.0,0.0
2025-05-20 04:50:00+00:00,15.260000228881836,15.260000228881836,15.260000228881836,15.260000228881836,100000,0.0,0.0,0.0
2025-05-20 05:05:00+00:00,15.260000228881836,15.260000228881836,15.260000228881836,15.260000228881836,19100,0.0,0.0,0.0
2025-05-20 05:10:00+00:00,15.260000228881836,15.260000228881836,15.260000228881836,15.260000228881836,2297,0.0,0.0,0.0
2025-05-20 05:15:00+00:00,15.260000228881836,15.260000228881836,15.260000228881836,15.260000228881836,1000,0.0,0.0,0.0
2025-05-20 05:20:00+00:00,15.260000228881836,15.270000457763672,15.260000228881836,15.260000228881836,36042,0.0,0.0,0.0
2025-05-21 01:00:00+00:00,15.260000228881836,15.300000190734863,15.260000228881836,15.300000190734863,0,0.0,0.0,0.0
2025-05-21 01:05:00+00:00,15.3100004196167,15.3100004196167,15.289999961853027,15.289999961853027,9110,0.0,0.0,0.0
2025-05-21 01:15:00+00:00,15.289999961853027,15.289999961853027,15.289999961853027,15.289999961853027,1650,0.0,0.0,0.0
2025-05-21 01:20:00+00:00,15.270000457763672,15.270000457763672,15.270000457763672,15.270000457763672,13075,0.0,0.0,0.0
2025-05-21 01:25:00+00:00,15.279999732971191,15.279999732971191,15.279999732971191,15.279999732971191,1000,0.0,0.0,0.0
2025-05-21 01:30:00+00:00,15.279999732971191,15.279999732971191,15.270000457763672,15.270000457763672,4402,0.0,0.0,0.0
2025-05-21 01:35:00+00:00,15.270000457763672,15.270000457763672,15.270000457763672,15.270000457763672,2270,0.0,0.0,0.0
2025-05-21 01:45:00+00:00,15.270000457763672,15.289999961853027,15.270000457763672,15.270000457763672,82289,0.0,0.0,0.0
2025-05-21 01:50:00+00:00,15.289999961853027,15.289999961853027,15.289999961853027,15.289999961853027,9066,0.0,0.0,0.0
2025-05-21 01:55:00+00:00,15.300000190734863,15.3100004196167,15.300000190734863,15.3100004196167,68528,0.0,0.0,0.0
2025-05-21 02:05:00+00:00,15.279999732971191,15.279999732971191,15.279999732971191,15.279999732971191,1000,0.0,0.0,0.0
2025-05-21 02:10:00+00:00,15.289999961853027,15.3100004196167,15.289999961853027,15.3100004196167,9257,0.0,0.0,0.0
2025-05-21 02:15:00+00:00,15.3100004196167,15.3100004196167,15.3100004196167,15.3100004196167,9305,0.0,0.0,0.0
2025-05-21 02:25:00+00:00,15.3100004196167,15.3100004196167,15.3100004196167,15.3100004196167,1297,0.0,0.0,0.0
2025-05-21 02:30:00+00:00,15.3100004196167,15.3100004196167,15.3100004196167,15.3100004196167,8220,0.0,0.0,0.0
2025-05-21 02:35:00+00:00,15.3100004196167,15.3100004196167,15.3100004196167,15.3100004196167,5027,0.0,0.0,0.0
2025-05-21 02:40:00+00:00,15.319999694824219,15.329999923706055,15.319999694824219,15.329999923706055,34004,0.0,0.0,0.0
2025-05-21 02:45:00+00:00,15.329999923706055,15.329999923706055,15.329999923706055,15.329999923706055,1000,0.0,0.0,0.0
2025-05-21 02:50:00+00:00,15.319999694824219,15.319999694824219,15.319999694824219,15.319999694824219,30000,0.0,0.0,0.0
2025-05-21 02:55:00+00:00,15.319999694824219,15.319999694824219,15.319999694824219,15.319999694824219,1777,0.0,0.0,0.0
2025-05-21 03:00:00+00:00,15.329999923706055,15.350000381469727,15.329999923706055,15.350000381469727,56300,0.0,0.0,0.0
2025-05-21 03:05:00+00:00,15.350000381469727,15.359999656677246,15.350000381469727,15.359999656677246,29000,0.0,0.0,0.0
2025-05-21 03:10:00+00:00,15.359999656677246,15.359999656677246,15.359999656677246,15.359999656677246,3005,0.0,0.0,0.0
2025-05-21 03:15:00+00:00,15.359999656677246,15.359999656677246,15.359999656677246,15.359999656677246,7000,0.0,0.0,0.0
2025-05-21 03:20:00+00:00,15.359999656677246,15.359999656677246,15.359999656677246,15.359999656677246,60150,0.0,0.0,0.0
2025-05-21 03:25:00+00:00,15.350000381469727,15.350000381469727,15.350000381469727,15.350000381469727,1130,0.0,0.0,0.0
2025-05-21 03:35:00+00:00,15.359999656677246,15.359999656677246,15.359999656677246,15.359999656677246,1000,0.0,0.0,0.0
2025-05-21 03:40:00+00:00,15.359999656677246,15.359999656677246,15.359999656677246,15.359999656677246,1325,0.0,0.0,0.0
2025-05-21 03:50:00+00:00,15.350000381469727,15.350000381469727,15.350000381469727,15.350000381469727,8130,0.0,0.0,0.0
2025-05-21 03:55:00+00:00,15.34000015258789,15.350000381469727,15.34000015258789,15.350000381469727,21714,0.0,0.0,0.0
2025-05-21 04:10:00+00:00,15.350000381469727,15.350000381469727,15.350000381469727,15.350000381469727,2000,0.0,0.0,0.0
2025-05-21 04:15:00+00:00,15.350000381469727,15.350000381469727,15.350000381469727,15.350000381469727,43000,0.0,0.0,0.0
2025-05-21 04:20:00+00:00,15.350000381469727,15.359999656677246,15.350000381469727,15.359999656677246,20000,0.0,0.0,0.0
2025-05-21 04:25:00+00:00,15.359999656677246,15.359999656677246,15.350000381469727,15.350000381469727,4800,0.0,0.0,0.0
2025-05-21 04:30:00+00:00,15.359999656677246,15.359999656677246,15.359999656677246,15.359999656677246,64000,0.0,0.0,0.0
2025-05-21 04:35:00+00:00,15.359999656677246,15.369999885559082,15.359999656677246,15.369999885559082,163400,0.0,0.0,0.0
2025-05-21 04:40:00+00:00,15.369999885559082,15.369999885559082,15.359999656677246,15.359999656677246,11020,0.0,0.0,0.0
2025-05-21 04:45:00+00:00,15.359999656677246,15.359999656677246,15.359999656677246,15.359999656677246,1337,0.0,0.0,0.0
2025-05-21 04:50:00+00:00,15.359999656677246,15.359999656677246,15.359999656677246,15.359999656677246,1500,0.0,0.0,0.0
2025-05-21 04:55:00+00:00,15.359999656677246,15.359999656677246,15.359999656677246,15.359999656677246,2063,0.0,0.0,0.0
2025-05-21 05:00:00+00:00,15.359999656677246,15.369999885559082,15.359999656677246,15.369999885559082,127548,0.0,0.0,0.0
2025-05-21 05:05:00+00:00,15.369999885559082,15.369999885559082,15.369999885559082,15.369999885559082,1200,0.0,0.0,0.0
2025-05-21 05:10:00+00:00,15.369999885559082,15.369999885559082,15.369999885559082,15.369999885559082,2010,0.0,0.0,0.0
2025-05-21 05:15:00+00:00,15.369999885559082,15.380000114440918,15.369999885559082,15.380000114440918,69006,0.0,0.0,0.0
2025-05-21 05:20:00+00:00,15.380000114440918,15.390000343322754,15.380000114440918,15.390000343322754,15577,0.0,0.0,0.0
2025-05-22 01:00:00+00:00,15.239999771118164,15.289999961853027,15.239999771118164,15.289999961853027,0,0.0,0.0,0.0
2025-05-22 01:05:00+00:00,15.289999961853027,15.300000190734863,15.289999961853027,15.300000190734863,19746,0.0,0.0,0.0
2025-05-22 01:10:00+00:00,15.3100004196167,15.3100004196167,15.300000190734863,15.3100004196167,73000,0.0,0.0,0.0
2025-05-22 01:15:00+00:00,15.300000190734863,15.300000190734863,15.25,15.25,133200,0.0,0.0,0.0
2025-05-22 01:20:00+00:00,15.25,15.279999732971191,15.25,15.279999732971191,6000,0.0,0.0,0.0
2025-05-22 01:25:00+00:00,15.300000190734863,15.300000190734863,15.300000190734863,15.300000190734863,7290,0.0,0.0,0.0
2025-05-22 01:30:00+00:00,15.300000190734863,15.300000190734863,15.300000190734863,15.300000190734863,5250,0.0,0.0,0.0
2025-05-22 01:40:00+00:00,15.300000190734863,15.300000190734863,15.300000190734863,15.300000190734863,4000,0.0,0.0,0.0
2025-05-22 01:45:00+00:00,15.3100004196167,15.3100004196167,15.300000190734863,15.300000190734863,146670,0.0,0.0,0.0
2025-05-22 01:50:00+00:00,15.289999961853027,15.300000190734863,15.289999961853027,15.300000190734863,5486,0.0,0.0,0.0
2025-05-22 01:55:00+00:00,15.25,15.25,15.25,15.25,13430,0.0,0.0,0.0
2025-05-22 02:00:00+00:00,15.25,15.25,15.25,15.25,6333,0.0,0.0,0.0
2025-05-22 02:05:00+00:00,15.25,15.270000457763672,15.25,15.270000457763672,32280,0.0,0.0,0.0
2025-05-22 02:10:00+00:00,15.270000457763672,15.270000457763672,15.270000457763672,15.270000457763672,6010,0.0,0.0,0.0
2025-05-22 02:20:00+00:00,15.300000190734863,15.300000190734863,15.300000190734863,15.300000190734863,2000,0.0,0.0,0.0
2025-05-22 02:25:00+00:00,15.300000190734863,15.3100004196167,15.300000190734863,15.3100004196167,25800,0.0,0.0,0.0
2025-05-22 02:30:00+00:00,15.3100004196167,15.3100004196167,15.3100004196167,15.3100004196167,7115,0.0,0.0,0.0
2025-05-22 02:35:00+00:00,15.3100004196167,15.319999694824219,15.3100004196167,15.319999694824219,13000,0.0,0.0,0.0
2025-05-22 02:40:00+00:00,15.319999694824219,15.329999923706055,15.319999694824219,15.329999923706055,8009,0.0,0.0,0.0
2025-05-22 02:45:00+00:00,15.329999923706055,15.329999923706055,15.329999923706055,15.329999923706055,5641,0.0,0.0,0.0
2025-05-22 02:50:00+00:00,15.319999694824219,15.319999694824219,15.319999694824219,15.319999694824219,2100,0.0,0.0,0.0
2025-05-22 02:55:00+00:00,15.3100004196167,15.3100004196167,15.3100004196167,15.3100004196167,1000,0.0,0.0,0.0
2025-05-22 03:00:00+00:00,15.3100004196167,15.3100004196167,15.3100004196167,15.3100004196167,4209,0.0,0.0,0.0
2025-05-22 03:05:00+00:00,15.3100004196167,15.3100004196167,15.3100004196167,15.3100004196167,7000,0.0,0.0,0.0
2025-05-22 03:10:00+00:00,15.3100004196167,15.319999694824219,15.3100004196167,15.319999694824219,63000,0.0,0.0,0.0
2025-05-22 03:15:00+00:00,15.329999923706055,15.34000015258789,15.329999923706055,15.34000015258789,31461,0.0,0.0,0.0
2025-05-22 03:20:00+00:00,15.350000381469727,15.350000381469727,15.350000381469727,15.350000381469727,9191,0.0,0.0,0.0
2025-05-22 03:25:00+00:00,15.359999656677246,15.359999656677246,15.359999656677246,15.359999656677246,11107,0.0,0.0,0.0
2025-05-22 03:30:00+00:00,15.359999656677246,15.359999656677246,15.359999656677246,15.359999656677246,5000,0.0,0.0,0.0
2025-05-22 03:35:00+00:00,15.359999656677246,15.380000114440918,15.359999656677246,15.380000114440918,30237,0.0,0.0,0.0
2025-05-22 03:40:00+00:00,15.380000114440918,15.380000114440918,15.380000114440918,15.380000114440918,5000,0.0,0.0,0.0
2025-05-22 03:45:00+00:00,15.369999885559082,15.369999885559082,15.369999885559082,15.369999885559082,8107,0.0,0.0,0.0
2025-05-22 03:55:00+00:00,15.369999885559082,15.390000343322754,15.369999885559082,15.390000343322754,21383,0.0,0.0,0.0
2025-05-22 04:05:00+00:00,15.380000114440918,15.380000114440918,15.380000114440918,15.380000114440918,100013,0.0,0.0,0.0
2025-05-22 04:10:00+00:00,15.359999656677246,15.359999656677246,15.359999656677246,15.359999656677246,2100,0.0,0.0,0.0
2025-05-22 04:20:00+00:00,15.369999885559082,15.380000114440918,15.369999885559082,15.380000114440918,35000,0.0,0.0,0.0
2025-05-22 04:25:00+00:00,15.380000114440918,15.380000114440918,15.380000114440918,15.380000114440918,1130,0.0,0.0,0.0
2025-05-22 04:40:00+00:00,15.369999885559082,15.380000114440918,15.369999885559082,15.380000114440918,5018,0.0,0.0,0.0
2025-05-22 04:45:00+00:00,15.380000114440918,15.380000114440918,15.380000114440918,15.380000114440918,3171,0.0,0.0,0.0
2025-05-22 05:00:00+00:00,15.359999656677246,15.359999656677246,15.359999656677246,15.359999656677246,10776,0.0,0.0,0.0
2025-05-22 05:05:00+00:00,15.359999656677246,15.359999656677246,15.359999656677246,15.359999656677246,1160,0.0,0.0,0.0
2025-05-22 05:15:00+00:00,15.369999885559082,15.369999885559082,15.369999885559082,15.369999885559082,22138,0.0,0.0,0.0
2025-05-22 05:20:00+00:00,15.380000114440918,15.380000114440918,15.369999885559082,15.369999885559082,4781,0.0,0.0,0.0
2025-05-23 01:00:00+00:00,15.390000343322754,15.420000076293945,15.390000343322754,15.40999984741211,0,0.0,0.0,0.0
2025-05-23 01:05:00+00:00,15.399999618530273,15.399999618530273,15.399999618530273,15.399999618530273,14087,0.0,0.0,0.0
2025-05-23 01:10:00+00:00,15.40999984741211,15.420000076293945,15.40999984741211,15.40999984741211,22740,0.0,0.0,0.0
2025-05-23 01:15:00+00:00,15.399999618530273,15.399999618530273,15.390000343322754,15.399999618530273,10000,0.0,0.0,0.0
2025-05-23 01:20:00+00:00,15.399999618530273,15.399999618530273,15.390000343322754,15.390000343322754,48877,0.0,0.0,0.0
2025-05-23 01:25:00+00:00,15.380000114440918,15.380000114440918,15.380000114440918,15.380000114440918,10710,0.0,0.0,0.0
2025-05-23 01:30:00+00:00,15.390000343322754,15.390000343322754,15.380000114440918,15.380000114440918,21210,0.0,0.0,0.0
2025-05-23 01:35:00+00:00,15.380000114440918,15.380000114440918,15.369999885559082,15.380000114440918,20739,0.0,0.0,0.0
2025-05-23 01:40:00+00:00,15.380000114440918,15.380000114440918,15.380000114440918,15.380000114440918,1015,0.0,0.0,0.0
2025-05-23 01:45:00+00:00,15.390000343322754,15.399999618530273,15.390000343322754,15.399999618530273,32356,0.0,0.0,0.0
2025-05-23 01:50:00+00:00,15.399999618530273,15.399999618530273,15.399999618530273,15.399999618530273,100045,0.0,0.0,0.0
2025-05-23 01:55:00+00:00,15.369999885559082,15.369999885559082,15.369999885559082,15.369999885559082,106086,0.0,0.0,0.0
2025-05-23 02:00:00+00:00,15.399999618530273,15.399999618530273,15.399999618530273,15.399999618530273,2112,0.0,0.0,0.0
2025-05-23 02:10:00+00:00,15.369999885559082,15.390000343322754,15.369999885559082,15.390000343322754,5350,0.0,0.0,0.0
2025-05-23 02:15:00+00:00,15.399999618530273,15.399999618530273,15.399999618530273,15.399999618530273,107193,0.0,0.0,0.0
2025-05-23 02:20:00+00:00,15.390000343322754,15.390000343322754,15.390000343322754,15.390000343322754,1126,0.0,0.0,0.0
2025-05-23 02:25:00+00:00,15.380000114440918,15.390000343322754,15.380000114440918,15.390000343322754,3000,0.0,0.0,0.0
2025-05-23 02:30:00+00:00,15.390000343322754,15.390000343322754,15.380000114440918,15.380000114440918,5518,0.0,0.0,0.0
2025-05-23 02:35:00+00:00,15.369999885559082,15.369999885559082,15.359999656677246,15.359999656677246,53160,0.0,0.0,0.0
2025-05-23 02:40:00+00:00,15.369999885559082,15.369999885559082,15.369999885559082,15.369999885559082,4000,0.0,0.0,0.0
2025-05-23 02:45:00+00:00,15.390000343322754,15.390000343322754,15.390000343322754,15.390000343322754,2140,0.0,0.0,0.0
2025-05-23 02:50:00+00:00,15.390000343322754,15.390000343322754,15.390000343322754,15.390000343322754,5063,0.0,0.0,0.0
2025-05-23 03:00:00+00:00,15.390000343322754,15.390000343322754,15.380000114440918,15.380000114440918,8110,0.0,0.0,0.0
2025-05-23 03:05:00+00:00,15.380000114440918,15.380000114440918,15.380000114440918,15.380000114440918,2000,0.0,0.0,0.0
2025-05-23 03:15:00+00:00,15.380000114440918,15.380000114440918,15.380000114440918,15.380000114440918,29311,0.0,0.0,0.0
2025-05-23 03:20:00+00:00,15.390000343322754,15.390000343322754,15.390000343322754,15.390000343322754,46601,0.0,0.0,0.0
2025-05-23 03:30:00+00:00,15.390000343322754,15.390000343322754,15.390000343322754,15.390000343322754,5614,0.0,0.0,0.0
2025-05-23 03:40:00+00:00,15.380000114440918,15.380000114440918,15.380000114440918,15.380000114440918,5081,0.0,0.0,0.0
2025-05-23 03:45:00+00:00,15.380000114440918,15.390000343322754,15.369999885559082,15.369999885559082,18140,0.0,0.0,0.0
2025-05-23 03:50:00+00:00,15.359999656677246,15.359999656677246,15.359999656677246,15.359999656677246,3080,0.0,0.0,0.0
2025-05-23 04:05:00+00:00,15.359999656677246,15.359999656677246,15.350000381469727,15.359999656677246,29263,0.0,0.0,0.0
2025-05-23 04:10:00+00:00,15.369999885559082,15.369999885559082,15.369999885559082,15.369999885559082,20166,0.0,0.0,0.0
2025-05-23 04:20:00+00:00,15.359999656677246,15.359999656677246,15.350000381469727,15.350000381469727,116250,0.0,0.0,0.0
2025-05-23 04:25:00+00:00,15.359999656677246,15.359999656677246,15.350000381469727,15.350000381469727,8281,0.0,0.0,0.0
2025-05-23 04:30:00+00:00,15.34000015258789,15.350000381469727,15.34000015258789,15.350000381469727,19573,0.0,0.0,0.0
2025-05-23 04:45:00+00:00,15.350000381469727,15.350000381469727,15.350000381469727,15.350000381469727,1300,0.0,0.0,0.0
2025-05-23 04:50:00+00:00,15.350000381469727,15.350000381469727,15.350000381469727,15.350000381469727,1700,0.0,0.0,0.0
2025-05-23 04:55:00+00:00,15.34000015258789,15.34000015258789,15.34000015258789,15.34000015258789,23100,0.0,0.0,0.0
2025-05-23 05:00:00+00:00,15.34000015258789,15.350000381469727,15.34000015258789,15.350000381469727,21053,0.0,0.0,0.0
2025-05-23 05:05:00+00:00,15.350000381469727,15.350000381469727,15.34000015258789,15.34000015258789,3000,0.0,0.0,0.0
2025-05-23 05:10:00+00:00,15.34000015258789,15.34000015258789,15.329999923706055,15.329999923706055,2954,0.0,0.0,0.0
2025-05-23 05:20:00+00:00,15.329999923706055,15.34000015258789,15.329999923706055,15.34000015258789,5056,0.0,0.0,0.0
2025-05-26 01:00:00+00:00,15.350000381469727,15.350000381469727,15.34000015258789,15.34000015258789,0,0.0,0.0,0.0
2025-05-26 01:05:00+00:00,15.329999923706055,15.350000381469727,15.329999923706055,15.329999923706055,18387,0.0,0.0,0.0
2025-05-26 01:10:00+00:00,15.34000015258789,15.359999656677246,15.34000015258789,15.359999656677246,201017,0.0,0.0,0.0
2025-05-26 01:15:00+00:00,15.359999656677246,15.359999656677246,15.359999656677246,15.359999656677246,1079,0.0,0.0,0.0
2025-05-26 01:20:00+00:00,15.34000015258789,15.34000015258789,15.34000015258789,15.34000015258789,102130,0.0,0.0,0.0
2025-05-26 01:25:00+00:00,15.329999923706055,15.329999923706055,15.319999694824219,15.319999694824219,6029,0.0,0.0,0.0
2025-05-26 01:30:00+00:00,15.300000190734863,15.300000190734863,15.300000190734863,15.300000190734863,35100,0.0,0.0,0.0
2025-05-26 01:35:00+00:00,15.300000190734863,15.300000190734863,15.300000190734863,15.300000190734863,20100,0.0,0.0,0.0
2025-05-26 01:40:00+00:00,15.319999694824219,15.329999923706055,15.319999694824219,15.319999694824219,181068,0.0,0.0,0.0
2025-05-26 01:45:00+00:00,15.329999923706055,15.329999923706055,15.329999923706055,15.329999923706055,11268,0.0,0.0,0.0
2025-05-26 01:50:00+00:00,15.329999923706055,15.329999923706055,15.319999694824219,15.319999694824219,6000,0.0,0.0,0.0
2025-05-26 01:55:00+00:00,15.3100004196167,15.329999923706055,15.3100004196167,15.329999923706055,47230,0.0,0.0,0.0
2025-05-26 02:00:00+00:00,15.34000015258789,15.34000015258789,15.329999923706055,15.34000015258789,12110,0.0,0.0,0.0
2025-05-26 02:05:00+00:00,15.34000015258789,15.34000015258789,15.34000015258789,15.34000015258789,7118,0.0,0.0,0.0
2025-05-26 02:10:00+00:00,15.34000015258789,15.34000015258789,15.34000015258789,15.34000015258789,1000,0.0,0.0,0.0
2025-05-26 02:15:00+00:00,15.34000015258789,15.34000015258789,15.329999923706055,15.34000015258789,25052,0.0,0.0,0.0
2025-05-26 02:20:00+00:00,15.34000015258789,15.34000015258789,15.319999694824219,15.319999694824219,4000,0.0,0.0,0.0
2025-05-26 02:25:00+00:00,15.300000190734863,15.300000190734863,15.300000190734863,15.300000190734863,3030,0.0,0.0,0.0
2025-05-26 02:30:00+00:00,15.3100004196167,15.319999694824219,15.3100004196167,15.3100004196167,8178,0.0,0.0,0.0
2025-05-26 02:35:00+00:00,15.3100004196167,15.3100004196167,15.300000190734863,15.3100004196167,7085,0.0,0.0,0.0
2025-05-26 02:40:00+00:00,15.3100004196167,15.3100004196167,15.3100004196167,15.3100004196167,2100,0.0,0.0,0.0
2025-05-26 02:45:00+00:00,15.3100004196167,15.3100004196167,15.3100004196167,15.3100004196167,12588,0.0,0.0,0.0
2025-05-26 02:50:00+00:00,15.3100004196167,15.3100004196167,15.3100004196167,15.3100004196167,10117,0.0,0.0,0.0
2025-05-26 02:55:00+00:00,15.300000190734863,15.3100004196167,15.300000190734863,15.3100004196167,20300,0.0,0.0,0.0
2025-05-26 03:00:00+00:00,15.3100004196167,15.329999923706055,15.3100004196167,15.329999923706055,10500,0.0,0.0,0.0
2025-05-26 03:05:00+00:00,15.34000015258789,15.34000015258789,15.34000015258789,15.34000015258789,1398,0.0,0.0,0.0
2025-05-26 03:15:00+00:00,15.329999923706055,15.329999923706055,15.329999923706055,15.329999923706055,1029,0.0,0.0,0.0
2025-05-26 03:20:00+00:00,15.329999923706055,15.329999923706055,15.329999923706055,15.329999923706055,2030,0.0,0.0,0.0
2025-05-26 03:25:00+00:00,15.319999694824219,15.319999694824219,15.319999694824219,15.319999694824219,12207,0.0,0.0,0.0
2025-05-26 03:40:00+00:00,15.319999694824219,15.319999694824219,15.300000190734863,15.300000190734863,12341,0.0,0.0,0.0
2025-05-26 03:45:00+00:00,15.300000190734863,15.300000190734863,15.300000190734863,15.300000190734863,2529,0.0,0.0,0.0
2025-05-26 03:50:00+00:00,15.3100004196167,15.3100004196167,15.3100004196167,15.3100004196167,1000,0.0,0.0,0.0
2025-05-26 03:55:00+00:00,15.3100004196167,15.3100004196167,15.3100004196167,15.3100004196167,1054,0.0,0.0,0.0
2025-05-26 04:05:00+00:00,15.319999694824219,15.319999694824219,15.319999694824219,15.319999694824219,4018,0.0,0.0,0.0
2025-05-26 04:10:00+00:00,15.319999694824219,15.319999694824219,15.3100004196167,15.3100004196167,6105,0.0,0.0,0.0
2025-05-26 04:15:00+00:00,15.3100004196167,15.3100004196167,15.300000190734863,15.300000190734863,5010,0.0,0.0,0.0
2025-05-26 04:20:00+00:00,15.300000190734863,15.319999694824219,15.300000190734863,15.319999694824219,11198,0.0,0.0,0.0
2025-05-26 04:25:00+00:00,15.319999694824219,15.319999694824219,15.319999694824219,15.319999694824219,65000,0.0,0.0,0.0
2025-05-26 04:30:00+00:00,15.329999923706055,15.329999923706055,15.319999694824219,15.329999923706055,28945,0.0,0.0,0.0
2025-05-26 04:35:00+00:00,15.329999923706055,15.329999923706055,15.329999923706055,15.329999923706055,7029,0.0,0.0,0.0
2025-05-26 04:40:00+00:00,15.329999923706055,15.329999923706055,15.319999694824219,15.319999694824219,21362,0.0,0.0,0.0
2025-05-26 04:45:00+00:00,15.329999923706055,15.329999923706055,15.319999694824219,15.319999694824219,62063,0.0,0.0,0.0
2025-05-26 04:55:00+00:00,15.3100004196167,15.3100004196167,15.3100004196167,15.3100004196167,251425,0.0,0.0,0.0
2025-05-26 05:00:00+00:00,15.3100004196167,15.3100004196167,15.3100004196167,15.3100004196167,2000,0.0,0.0,0.0
2025-05-26 05:05:00+00:00,15.3100004196167,15.3100004196167,15.3100004196167,15.3100004196167,152000,0.0,0.0,0.0
2025-05-26 05:10:00+00:00,15.300000190734863,15.300000190734863,15.300000190734863,15.300000190734863,68076,0.0,0.0,0.0
2025-05-26 05:15:00+00:00,15.300000190734863,15.300000190734863,15.289999961853027,15.289999961853027,16102,0.0,0.0,0.0
2025-05-26 05:20:00+00:00,15.289999961853027,15.289999961853027,15.279999732971191,15.279999732971191,114071,0.0,0.0,0.0
2025-05-27 01:00:00+00:00,15.279999732971191,15.279999732971191,15.260000228881836,15.260000228881836,0,0.0,0.0,0.0
2025-05-27 01:05:00+00:00,15.260000228881836,15.260000228881836,15.260000228881836,15.260000228881836,50915,0.0,0.0,0.0
2025-05-27 01:10:00+00:00,15.25,15.25,15.25,15.25,6490,0.0,0.0,0.0
2025-05-27 01:15:00+00:00,15.220000267028809,15.220000267028809,15.199999809265137,15.199999809265137,3641,0.0,0.0,0.0
2025-05-27 01:20:00+00:00,15.210000038146973,15.210000038146973,15.210000038146973,15.210000038146973,2430,0.0,0.0,0.0
2025-05-27 01:25:00+00:00,15.229999542236328,15.229999542236328,15.229999542236328,15.229999542236328,79000,0.0,0.0,0.0
2025-05-27 01:30:00+00:00,15.25,15.25,15.25,15.25,5116,0.0,0.0,0.0
2025-05-27 01:35:00+00:00,15.229999542236328,15.229999542236328,15.229999542236328,15.229999542236328,7500,0.0,0.0,0.0
2025-05-27 01:40:00+00:00,15.229999542236328,15.229999542236328,15.229999542236328,15.229999542236328,20195,0.0,0.0,0.0
2025-05-27 01:45:00+00:00,15.229999542236328,15.229999542236328,15.229999542236328,15.229999542236328,54070,0.0,0.0,0.0
2025-05-27 01:50:00+00:00,15.220000267028809,15.220000267028809,15.199999809265137,15.199999809265137,23100,0.0,0.0,0.0
2025-05-27 01:55:00+00:00,15.1899995803833,15.1899995803833,15.15999984741211,15.15999984741211,21949,0.0,0.0,0.0
2025-05-27 02:00:00+00:00,15.15999984741211,15.15999984741211,15.15999984741211,15.15999984741211,20010,0.0,0.0,0.0
2025-05-27 02:05:00+00:00,15.149999618530273,15.149999618530273,15.149999618530273,15.149999618530273,10145,0.0,0.0,0.0
2025-05-27 02:10:00+00:00,15.149999618530273,15.149999618530273,15.140000343322754,15.140000343322754,5978,0.0,0.0,0.0
2025-05-27 02:15:00+00:00,15.149999618530273,15.15999984741211,15.149999618530273,15.15999984741211,69010,0.0,0.0,0.0
2025-05-27 02:25:00+00:00,15.15999984741211,15.180000305175781,15.15999984741211,15.180000305175781,17180,0.0,0.0,0.0
2025-05-27 02:30:00+00:00,15.199999809265137,15.220000267028809,15.199999809265137,15.220000267028809,28053,0.0,0.0,0.0
2025-05-27 02:35:00+00:00,15.220000267028809,15.220000267028809,15.220000267028809,15.220000267028809,3000,0.0,0.0,0.0
2025-05-27 02:40:00+00:00,15.229999542236328,15.229999542236328,15.210000038146973,15.220000267028809,81396,0.0,0.0,0.0
2025-05-27 03:00:00+00:00,15.199999809265137,15.199999809265137,15.199999809265137,15.199999809265137,3355,0.0,0.0,0.0
2025-05-27 03:10:00+00:00,15.1899995803833,15.1899995803833,15.1899995803833,15.1899995803833,2003,0.0,0.0,0.0
2025-05-27 03:15:00+00:00,15.180000305175781,15.180000305175781,15.180000305175781,15.180000305175781,2000,0.0,0.0,0.0
2025-05-27 03:25:00+00:00,15.180000305175781,15.180000305175781,15.180000305175781,15.180000305175781,3109,0.0,0.0,0.0
2025-05-27 03:35:00+00:00,15.170000076293945,15.180000305175781,15.170000076293945,15.180000305175781,80220,0.0,0.0,0.0
2025-05-27 03:50:00+00:00,15.170000076293945,15.170000076293945,15.15999984741211,15.15999984741211,113295,0.0,0.0,0.0
2025-05-27 03:55:00+00:00,15.149999618530273,15.149999618530273,15.140000343322754,15.140000343322754,49179,0.0,0.0,0.0
2025-05-27 04:10:00+00:00,15.140000343322754,15.140000343322754,15.140000343322754,15.140000343322754,2010,0.0,0.0,0.0
2025-05-27 04:20:00+00:00,15.140000343322754,15.140000343322754,15.140000343322754,15.140000343322754,96179,0.0,0.0,0.0
2025-05-27 04:25:00+00:00,15.140000343322754,15.140000343322754,15.140000343322754,15.140000343322754,2281,0.0,0.0,0.0
2025-05-27 04:35:00+00:00,15.149999618530273,15.149999618530273,15.149999618530273,15.149999618530273,3022,0.0,0.0,0.0
2025-05-27 04:40:00+00:00,15.15999984741211,15.15999984741211,15.15999984741211,15.15999984741211,2108,0.0,0.0,0.0
2025-05-27 04:45:00+00:00,15.15999984741211,15.15999984741211,15.15999984741211,15.15999984741211,10050,0.0,0.0,0.0
2025-05-27 04:50:00+00:00,15.149999618530273,15.149999618530273,15.149999618530273,15.149999618530273,1051,0.0,0.0,0.0
2025-05-27 04:55:00+00:00,15.149999618530273,15.15999984741211,15.149999618530273,15.15999984741211,111000,0.0,0.0,0.0
2025-05-27 05:00:00+00:00,15.149999618530273,15.149999618530273,15.149999618530273,15.149999618530273,1533,0.0,0.0,0.0
2025-05-27 05:05:00+00:00,15.149999618530273,15.149999618530273,15.149999618530273,15.149999618530273,3043,0.0,0.0,0.0
2025-05-27 05:10:00+00:00,15.149999618530273,15.149999618530273,15.149999618530273,15.149999618530273,50100,0.0,0.0,0.0
2025-05-27 05:15:00+00:00,15.15999984741211,15.15999984741211,15.149999618530273,15.149999618530273,52038,0.0,0.0,0.0
2025-05-27 05:20:00+00:00,15.140000343322754,15.140000343322754,15.140000343322754,15.140000343322754,2362,0.0,0.0,0.0
2025-05-28 01:00:00+00:00,15.199999809265137,15.210000038146973,15.199999809265137,15.210000038146973,0,0.0,0.0,0.0
2025-05-28 01:05:00+00:00,15.199999809265137,15.199999809265137,15.180000305175781,15.180000305175781,6807,0.0,0.0,0.0
2025-05-28 01:10:00+00:00,15.1899995803833,15.1899995803833,15.1899995803833,15.1899995803833,1100,0.0,0.0,0.0
2025-05-28 01:15:00+00:00,15.180000305175781,15.180000305175781,15.170000076293945,15.170000076293945,3060,0.0,0.0,0.0
2025-05-28 01:20:00+00:00,15.180000305175781,15.180000305175781,15.180000305175781,15.180000305175781,2103,0.0,0.0,0.0
2025-05-28 01:25:00+00:00,15.180000305175781,15.180000305175781,15.180000305175781,15.180000305175781,1778,0.0,0.0,0.0
2025-05-28 01:30:00+00:00,15.170000076293945,15.170000076293945,15.15999984741211,15.15999984741211,8526,0.0,0.0,0.0
2025-05-28 01:35:00+00:00,15.15999984741211,15.15999984741211,15.15999984741211,15.15999984741211,1000,0.0,0.0,0.0
2025-05-28 01:40:00+00:00,15.15999984741211,15.15999984741211,15.15999984741211,15.15999984741211,2340,0.0,0.0,0.0
2025-05-28 01:45:00+00:00,15.170000076293945,15.170000076293945,15.170000076293945,15.170000076293945,1150,0.0,0.0,0.0
2025-05-28 01:50:00+00:00,15.170000076293945,15.170000076293945,15.15999984741211,15.15999984741211,16000,0.0,0.0,0.0
2025-05-28 01:55:00+00:00,15.149999618530273,15.149999618530273,15.149999618530273,15.149999618530273,11000,0.0,0.0,0.0
2025-05-28 02:00:00+00:00,15.149999618530273,15.149999618530273,15.149999618530273,15.149999618530273,15000,0.0,0.0,0.0
2025-05-28 02:05:00+00:00,15.140000343322754,15.140000343322754,15.140000343322754,15.140000343322754,11220,0.0,0.0,0.0
2025-05-28 02:10:00+00:00,15.140000343322754,15.140000343322754,15.140000343322754,15.140000343322754,2510,0.0,0.0,0.0
2025-05-28 02:15:00+00:00,15.140000343322754,15.140000343322754,15.140000343322754,15.140000343322754,10738,0.0,0.0,0.0
2025-05-28 02:20:00+00:00,15.140000343322754,15.140000343322754,15.140000343322754,15.140000343322754,1558,0.0,0.0,0.0
2025-05-28 02:40:00+00:00,15.130000114440918,15.130000114440918,15.119999885559082,15.119999885559082,8100,0.0,0.0,0.0
2025-05-28 02:45:00+00:00,15.119999885559082,15.130000114440918,15.119999885559082,15.130000114440918,4761,0.0,0.0,0.0
2025-05-28 03:05:00+00:00,15.119999885559082,15.119999885559082,15.119999885559082,15.119999885559082,2000,0.0,0.0,0.0
2025-05-28 03:10:00+00:00,15.119999885559082,15.130000114440918,15.119999885559082,15.119999885559082,17170,0.0,0.0,0.0
2025-05-28 03:15:00+00:00,15.119999885559082,15.119999885559082,15.119999885559082,15.119999885559082,2664,0.0,0.0,0.0
2025-05-28 03:20:00+00:00,15.119999885559082,15.119999885559082,15.119999885559082,15.119999885559082,3000,0.0,0.0,0.0
2025-05-28 03:25:00+00:00,15.119999885559082,15.119999885559082,15.119999885559082,15.119999885559082,5732,0.0,0.0,0.0
2025-05-28 03:30:00+00:00,15.109999656677246,15.109999656677246,15.109999656677246,15.109999656677246,22100,0.0,0.0,0.0
2025-05-28 03:35:00+00:00,15.109999656677246,15.109999656677246,15.100000381469727,15.100000381469727,9000,0.0,0.0,0.0
2025-05-28 03:40:00+00:00,15.100000381469727,15.100000381469727,15.100000381469727,15.100000381469727,27520,0.0,0.0,0.0
2025-05-28 03:45:00+00:00,15.100000381469727,15.100000381469727,15.069999694824219,15.069999694824219,15798,0.0,0.0,0.0
2025-05-28 03:55:00+00:00,15.069999694824219,15.069999694824219,15.0600004196167,15.0600004196167,2007,0.0,0.0,0.0
2025-05-28 04:00:00+00:00,15.0600004196167,15.0600004196167,15.0600004196167,15.0600004196167,2061,0.0,0.0,0.0
2025-05-28 04:05:00+00:00,15.0600004196167,15.0600004196167,15.0600004196167,15.0600004196167,7426,0.0,0.0,0.0
2025-05-28 04:10:00+00:00,15.0600004196167,15.0600004196167,15.0600004196167,15.0600004196167,2030,0.0,0.0,0.0
2025-05-28 04:15:00+00:00,15.050000190734863,15.050000190734863,15.039999961853027,15.039999961853027,12141,0.0,0.0,0.0
2025-05-28 04:20:00+00:00,15.039999961853027,15.039999961853027,15.029999732971191,15.029999732971191,7104,0.0,0.0,0.0
2025-05-28 04:25:00+00:00,15.029999732971191,15.029999732971191,15.020000457763672,15.020000457763672,7372,0.0,0.0,0.0
2025-05-28 04:30:00+00:00,15.020000457763672,15.020000457763672,15.010000228881836,15.010000228881836,17533,0.0,0.0,0.0
2025-05-28 04:35:00+00:00,15.0,15.0,15.0,15.0,28036,0.0,0.0,0.0
2025-05-28 04:40:00+00:00,15.0,15.0,14.979999542236328,14.989999771118164,7878,0.0,0.0,0.0
2025-05-28 04:50:00+00:00,14.989999771118164,14.989999771118164,14.989999771118164,14.989999771118164,15020,0.0,0.0,0.0
2025-05-28 04:55:00+00:00,14.979999542236328,14.989999771118164,14.979999542236328,14.979999542236328,28174,0.0,0.0,0.0
2025-05-28 05:05:00+00:00,15.0,15.029999732971191,15.0,15.029999732971191,24411,0.0,0.0,0.0
2025-05-28 05:15:00+00:00,15.029999732971191,15.029999732971191,15.029999732971191,15.029999732971191,4598,0.0,0.0,0.0
2025-05-28 05:20:00+00:00,15.050000190734863,15.050000190734863,15.020000457763672,15.029999732971191,18004,0.0,0.0,0.0
2025-05-29 01:00:00+00:00,15.069999694824219,15.100000381469727,15.069999694824219,15.100000381469727,0,0.0,0.0,0.0
2025-05-29 01:05:00+00:00,15.100000381469727,15.100000381469727,15.09000015258789,15.09000015258789,5640,0.0,0.0,0.0
2025-05-29 01:10:00+00:00,15.079999923706055,15.079999923706055,15.039999961853027,15.039999961853027,6576,0.0,0.0,0.0
2025-05-29 01:15:00+00:00,15.039999961853027,15.039999961853027,15.039999961853027,15.039999961853027,4020,0.0,0.0,0.0
2025-05-29 01:20:00+00:00,15.029999732971191,15.029999732971191,15.029999732971191,15.029999732971191,206721,0.0,0.0,0.0
2025-05-29 01:25:00+00:00,15.029999732971191,15.039999961853027,15.029999732971191,15.039999961853027,13219,0.0,0.0,0.0
2025-05-29 01:30:00+00:00,15.069999694824219,15.069999694824219,15.0600004196167,15.0600004196167,11741,0.0,0.0,0.0
2025-05-29 01:35:00+00:00,15.0600004196167,15.0600004196167,15.0600004196167,15.0600004196167,5020,0.0,0.0,0.0
2025-05-29 01:40:00+00:00,15.0600004196167,15.0600004196167,15.0600004196167,15.0600004196167,2030,0.0,0.0,0.0
2025-05-29 01:45:00+00:00,15.0600004196167,15.0600004196167,15.029999732971191,15.029999732971191,9166,0.0,0.0,0.0
2025-05-29 01:50:00+00:00,15.020000457763672,15.020000457763672,15.020000457763672,15.020000457763672,6381,0.0,0.0,0.0
2025-05-29 01:55:00+00:00,15.020000457763672,15.020000457763672,15.020000457763672,15.020000457763672,2090,0.0,0.0,0.0
2025-05-29 02:00:00+00:00,15.029999732971191,15.039999961853027,15.020000457763672,15.020000457763672,16337,0.0,0.0,0.0
2025-05-29 02:05:00+00:00,15.0,15.010000228881836,15.0,15.010000228881836,113170,0.0,0.0,0.0
2025-05-29 02:15:00+00:00,15.029999732971191,15.029999732971191,15.0,15.0,46509,0.0,0.0,0.0
2025-05-29 02:25:00+00:00,15.0,15.0,15.0,15.0,3357,0.0,0.0,0.0
2025-05-29 02:30:00+00:00,15.0,15.0,15.0,15.0,3455,0.0,0.0,0.0
2025-05-29 02:35:00+00:00,15.0,15.0,15.0,15.0,1048,0.0,0.0,0.0
2025-05-29 02:40:00+00:00,15.0,15.0,15.0,15.0,5000,0.0,0.0,0.0
2025-05-29 02:45:00+00:00,15.0,15.0,14.989999771118164,14.989999771118164,22273,0.0,0.0,0.0
2025-05-29 02:50:00+00:00,14.979999542236328,14.979999542236328,14.979999542236328,14.979999542236328,18690,0.0,0.0,0.0
2025-05-29 03:15:00+00:00,15.0,15.0,15.0,15.0,49300,0.0,0.0,0.0
2025-05-29 03:20:00+00:00,15.0,15.0,14.989999771118164,14.989999771118164,10050,0.0,0.0,0.0
2025-05-29 03:25:00+00:00,14.989999771118164,14.989999771118164,14.989999771118164,14.989999771118164,1740,0.0,0.0,0.0
2025-05-29 03:35:00+00:00,14.989999771118164,14.989999771118164,14.989999771118164,14.989999771118164,10820,0.0,0.0,0.0
2025-05-29 03:40:00+00:00,15.0,15.0,15.0,15.0,1664,0.0,0.0,0.0
2025-05-29 03:45:00+00:00,15.0,15.0,14.989999771118164,14.989999771118164,8460,0.0,0.0,0.0
2025-05-29 03:50:00+00:00,14.989999771118164,14.989999771118164,14.989999771118164,14.989999771118164,1150,0.0,0.0,0.0
2025-05-29 04:00:00+00:00,14.989999771118164,14.989999771118164,14.989999771118164,14.989999771118164,1368,0.0,0.0,0.0
2025-05-29 04:15:00+00:00,14.989999771118164,14.989999771118164,14.989999771118164,14.989999771118164,2060,0.0,0.0,0.0
2025-05-29 04:20:00+00:00,15.0,15.0,15.0,15.0,6042,0.0,0.0,0.0
2025-05-29 04:25:00+00:00,14.989999771118164,14.989999771118164,14.989999771118164,14.989999771118164,5000,0.0,0.0,0.0
2025-05-29 04:30:00+00:00,14.989999771118164,14.989999771118164,14.979999542236328,14.979999542236328,12234,0.0,0.0,0.0
2025-05-29 04:35:00+00:00,14.979999542236328,14.989999771118164,14.979999542236328,14.989999771118164,4920,0.0,0.0,0.0
2025-05-29 04:45:00+00:00,14.989999771118164,14.989999771118164,14.989999771118164,14.989999771118164,12300,0.0,0.0,0.0
2025-05-29 04:50:00+00:00,14.989999771118164,14.989999771118164,14.979999542236328,14.989999771118164,10250,0.0,0.0,0.0
2025-05-29 04:55:00+00:00,14.989999771118164,14.989999771118164,14.989999771118164,14.989999771118164,1224,0.0,0.0,0.0
2025-05-29 05:05:00+00:00,14.979999542236328,14.979999542236328,14.970000267028809,14.970000267028809,49046,0.0,0.0,0.0
2025-05-29 05:10:00+00:00,14.970000267028809,14.970000267028809,14.970000267028809,14.970000267028809,10059,0.0,0.0,0.0
2025-05-29 05:20:00+00:00,14.989999771118164,15.0,14.989999771118164,15.0,11448,0.0,0.0,0.0
2025-06-02 01:00:00+00:00,14.880000114440918,14.880000114440918,14.800000190734863,14.819999694824219,31000,0.0,0.0,0.0
2025-06-02 01:05:00+00:00,14.84000015258789,14.859999656677246,14.84000015258789,14.859999656677246,16488,0.0,0.0,0.0
2025-06-02 01:10:00+00:00,14.859999656677246,14.859999656677246,14.829999923706055,14.84000015258789,13059,0.0,0.0,0.0
2025-06-02 01:15:00+00:00,14.84000015258789,14.84000015258789,14.84000015258789,14.84000015258789,4401,0.0,0.0,0.0
2025-06-02 01:20:00+00:00,14.84000015258789,14.859999656677246,14.84000015258789,14.859999656677246,122383,0.0,0.0,0.0
2025-06-02 01:25:00+00:00,14.859999656677246,14.869999885559082,14.859999656677246,14.869999885559082,16318,0.0,0.0,0.0
2025-06-02 01:30:00+00:00,14.859999656677246,14.869999885559082,14.850000381469727,14.850000381469727,44100,0.0,0.0,0.0
2025-06-02 01:35:00+00:00,14.850000381469727,14.850000381469727,14.850000381469727,14.850000381469727,18367,0.0,0.0,0.0
2025-06-02 01:40:00+00:00,14.850000381469727,14.859999656677246,14.850000381469727,14.859999656677246,25130,0.0,0.0,0.0
2025-06-02 01:45:00+00:00,14.859999656677246,14.880000114440918,14.859999656677246,14.880000114440918,146764,0.0,0.0,0.0
2025-06-02 01:50:00+00:00,14.869999885559082,14.880000114440918,14.869999885559082,14.880000114440918,106000,0.0,0.0,0.0
2025-06-02 01:55:00+00:00,14.880000114440918,14.899999618530273,14.880000114440918,14.899999618530273,69460,0.0,0.0,0.0
2025-06-02 02:00:00+00:00,14.899999618530273,14.90999984741211,14.899999618530273,14.90999984741211,10046,0.0,0.0,0.0
2025-06-02 02:05:00+00:00,14.90999984741211,14.90999984741211,14.90999984741211,14.90999984741211,8394,0.0,0.0,0.0
2025-06-02 02:10:00+00:00,14.920000076293945,14.9399995803833,14.920000076293945,14.9399995803833,12050,0.0,0.0,0.0
2025-06-02 02:15:00+00:00,14.920000076293945,14.9399995803833,14.920000076293945,14.930000305175781,17000,0.0,0.0,0.0
2025-06-02 02:20:00+00:00,14.920000076293945,14.920000076293945,14.90999984741211,14.90999984741211,9000,0.0,0.0,0.0
2025-06-02 02:25:00+00:00,14.899999618530273,14.899999618530273,14.890000343322754,14.890000343322754,18850,0.0,0.0,0.0
2025-06-02 02:30:00+00:00,14.880000114440918,14.880000114440918,14.880000114440918,14.880000114440918,2006,0.0,0.0,0.0
2025-06-02 02:35:00+00:00,14.869999885559082,14.880000114440918,14.869999885559082,14.880000114440918,19244,0.0,0.0,0.0
2025-06-02 02:40:00+00:00,14.880000114440918,14.880000114440918,14.880000114440918,14.880000114440918,5007,0.0,0.0,0.0
2025-06-02 02:45:00+00:00,14.859999656677246,14.859999656677246,14.859999656677246,14.859999656677246,21013,0.0,0.0,0.0
2025-06-02 02:50:00+00:00,14.850000381469727,14.850000381469727,14.850000381469727,14.850000381469727,208100,0.0,0.0,0.0
2025-06-02 02:55:00+00:00,14.850000381469727,14.850000381469727,14.850000381469727,14.850000381469727,1000,0.0,0.0,0.0
2025-06-02 03:00:00+00:00,14.84000015258789,14.84000015258789,14.829999923706055,14.829999923706055,6000,0.0,0.0,0.0
2025-06-02 03:05:00+00:00,14.84000015258789,14.84000015258789,14.829999923706055,14.829999923706055,9723,0.0,0.0,0.0
2025-06-02 03:10:00+00:00,14.829999923706055,14.829999923706055,14.829999923706055,14.829999923706055,7243,0.0,0.0,0.0
2025-06-02 03:15:00+00:00,14.829999923706055,14.850000381469727,14.829999923706055,14.829999923706055,70360,0.0,0.0,0.0
2025-06-02 03:20:00+00:00,14.829999923706055,14.829999923706055,14.829999923706055,14.829999923706055,11000,0.0,0.0,0.0
2025-06-02 03:25:00+00:00,14.829999923706055,14.829999923706055,14.819999694824219,14.819999694824219,6000,0.0,0.0,0.0
2025-06-02 03:30:00+00:00,14.819999694824219,14.819999694824219,14.819999694824219,14.819999694824219,6106,0.0,0.0,0.0
2025-06-02 03:35:00+00:00,14.819999694824219,14.829999923706055,14.819999694824219,14.829999923706055,16203,0.0,0.0,0.0
2025-06-02 03:40:00+00:00,14.829999923706055,14.829999923706055,14.819999694824219,14.819999694824219,11110,0.0,0.0,0.0
2025-06-02 03:55:00+00:00,14.829999923706055,14.829999923706055,14.829999923706055,14.829999923706055,5020,0.0,0.0,0.0
2025-06-02 04:00:00+00:00,14.829999923706055,14.829999923706055,14.829999923706055,14.829999923706055,1000,0.0,0.0,0.0
2025-06-02 04:05:00+00:00,14.819999694824219,14.819999694824219,14.819999694824219,14.819999694824219,10000,0.0,0.0,0.0
2025-06-02 04:10:00+00:00,14.829999923706055,14.829999923706055,14.829999923706055,14.829999923706055,15194,0.0,0.0,0.0
2025-06-02 04:15:00+00:00,14.84000015258789,14.850000381469727,14.84000015258789,14.850000381469727,7111,0.0,0.0,0.0
2025-06-02 04:20:00+00:00,14.850000381469727,14.850000381469727,14.850000381469727,14.850000381469727,6604,0.0,0.0,0.0
2025-06-02 04:25:00+00:00,14.850000381469727,14.850000381469727,14.850000381469727,14.850000381469727,2168,0.0,0.0,0.0
2025-06-02 04:30:00+00:00,14.850000381469727,14.850000381469727,14.850000381469727,14.850000381469727,5327,0.0,0.0,0.0
2025-06-02 04:35:00+00:00,14.84000015258789,14.84000015258789,14.84000015258789,14.84000015258789,6030,0.0,0.0,0.0
2025-06-02 04:40:00+00:00,14.84000015258789,14.84000015258789,14.84000015258789,14.84000015258789,11000,0.0,0.0,0.0
2025-06-02 04:45:00+00:00,14.850000381469727,14.850000381469727,14.84000015258789,14.850000381469727,5000,0.0,0.0,0.0
2025-06-02 04:50:00+00:00,14.84000015258789,14.84000015258789,14.829999923706055,14.829999923706055,3000,0.0,0.0,0.0
2025-06-02 04:55:00+00:00,14.84000015258789,14.84000015258789,14.84000015258789,14.84000015258789,6000,0.0,0.0,0.0
2025-06-02 05:00:00+00:00,14.850000381469727,14.859999656677246,14.850000381469727,14.859999656677246,11192,0.0,0.0,0.0
2025-06-02 05:05:00+00:00,14.859999656677246,14.859999656677246,14.850000381469727,14.859999656677246,7010,0.0,0.0,0.0
2025-06-02 05:10:00+00:00,14.859999656677246,14.869999885559082,14.859999656677246,14.859999656677246,98126,0.0,0.0,0.0
2025-06-02 05:15:00+00:00,14.859999656677246,14.859999656677246,14.850000381469727,14.850000381469727,30718,0.0,0.0,0.0
2025-06-02 05:20:00+00:00,14.850000381469727,14.859999656677246,14.850000381469727,14.859999656677246,16036,0.0,0.0,0.0
2025-06-03 01:00:00+00:00,14.869999885559082,14.899999618530273,14.859999656677246,14.869999885559082,0,0.0,0.0,0.0
2025-06-03 01:05:00+00:00,14.869999885559082,14.890000343322754,14.869999885559082,14.890000343322754,687000,0.0,0.0,0.0
2025-06-03 01:10:00+00:00,14.890000343322754,14.930000305175781,14.880000114440918,14.930000305175781,724114,0.0,0.0,0.0
2025-06-03 01:15:00+00:00,14.930000305175781,14.930000305175781,14.920000076293945,14.920000076293945,177269,0.0,0.0,0.0
2025-06-03 01:20:00+00:00,14.920000076293945,14.9399995803833,14.920000076293945,14.920000076293945,340440,0.0,0.0,0.0
2025-06-03 01:25:00+00:00,14.930000305175781,14.9399995803833,14.920000076293945,14.9399995803833,167563,0.0,0.0,0.0
2025-06-03 01:30:00+00:00,14.949999809265137,14.960000038146973,14.9399995803833,14.960000038146973,301192,0.0,0.0,0.0
2025-06-03 01:35:00+00:00,14.960000038146973,14.979999542236328,14.960000038146973,14.970000267028809,74963,0.0,0.0,0.0
2025-06-03 01:40:00+00:00,14.970000267028809,14.979999542236328,14.970000267028809,14.970000267028809,81071,0.0,0.0,0.0
2025-06-03 01:45:00+00:00,14.979999542236328,14.979999542236328,14.970000267028809,14.970000267028809,191331,0.0,0.0,0.0
2025-06-03 01:50:00+00:00,14.970000267028809,14.970000267028809,14.970000267028809,14.970000267028809,83040,0.0,0.0,0.0
2025-06-03 01:55:00+00:00,14.960000038146973,14.960000038146973,14.9399995803833,14.9399995803833,203209,0.0,0.0,0.0
2025-06-03 02:00:00+00:00,14.949999809265137,14.949999809265137,14.90999984741211,14.90999984741211,85000,0.0,0.0,0.0
2025-06-03 02:05:00+00:00,14.90999984741211,14.90999984741211,14.880000114440918,14.880000114440918,282184,0.0,0.0,0.0
2025-06-03 02:10:00+00:00,14.880000114440918,14.880000114440918,14.859999656677246,14.869999885559082,236323,0.0,0.0,0.0
2025-06-03 02:15:00+00:00,14.859999656677246,14.859999656677246,14.850000381469727,14.859999656677246,149157,0.0,0.0,0.0
2025-06-03 02:20:00+00:00,14.859999656677246,14.869999885559082,14.859999656677246,14.869999885559082,75020,0.0,0.0,0.0
2025-06-03 02:25:00+00:00,14.869999885559082,14.880000114440918,14.869999885559082,14.869999885559082,20644,0.0,0.0,0.0
2025-06-03 02:30:00+00:00,14.880000114440918,14.880000114440918,14.869999885559082,14.880000114440918,91035,0.0,0.0,0.0
2025-06-03 02:35:00+00:00,14.890000343322754,14.890000343322754,14.859999656677246,14.859999656677246,211045,0.0,0.0,0.0
2025-06-03 02:40:00+00:00,14.859999656677246,14.859999656677246,14.859999656677246,14.859999656677246,52686,0.0,0.0,0.0
2025-06-03 02:45:00+00:00,14.869999885559082,14.869999885559082,14.859999656677246,14.869999885559082,104937,0.0,0.0,0.0
2025-06-03 02:50:00+00:00,14.880000114440918,14.880000114440918,14.869999885559082,14.869999885559082,27109,0.0,0.0,0.0
2025-06-03 02:55:00+00:00,14.869999885559082,14.869999885559082,14.869999885559082,14.869999885559082,42000,0.0,0.0,0.0
2025-06-03 03:00:00+00:00,14.880000114440918,14.880000114440918,14.880000114440918,14.880000114440918,2999,0.0,0.0,0.0
2025-06-03 03:10:00+00:00,14.859999656677246,14.869999885559082,14.859999656677246,14.869999885559082,41179,0.0,0.0,0.0
2025-06-03 03:15:00+00:00,14.880000114440918,14.880000114440918,14.869999885559082,14.880000114440918,78000,0.0,0.0,0.0
2025-06-03 03:20:00+00:00,14.869999885559082,14.880000114440918,14.869999885559082,14.880000114440918,12138,0.0,0.0,0.0
2025-06-03 03:25:00+00:00,14.880000114440918,14.880000114440918,14.880000114440918,14.880000114440918,47000,0.0,0.0,0.0
2025-06-03 03:30:00+00:00,14.880000114440918,14.880000114440918,14.869999885559082,14.869999885559082,28025,0.0,0.0,0.0
2025-06-03 03:35:00+00:00,14.880000114440918,14.890000343322754,14.880000114440918,14.880000114440918,106623,0.0,0.0,0.0
2025-06-03 03:40:00+00:00,14.890000343322754,14.899999618530273,14.890000343322754,14.899999618530273,111700,0.0,0.0,0.0
2025-06-03 03:45:00+00:00,14.899999618530273,14.899999618530273,14.899999618530273,14.899999618530273,70028,0.0,0.0,0.0
2025-06-03 03:50:00+00:00,14.899999618530273,14.899999618530273,14.899999618530273,14.899999618530273,72606,0.0,0.0,0.0
2025-06-03 03:55:00+00:00,14.890000343322754,14.890000343322754,14.890000343322754,14.890000343322754,74000,0.0,0.0,0.0
2025-06-03 04:00:00+00:00,14.890000343322754,14.890000343322754,14.869999885559082,14.869999885559082,108000,0.0,0.0,0.0
2025-06-03 04:05:00+00:00,14.869999885559082,14.890000343322754,14.869999885559082,14.890000343322754,51038,0.0,0.0,0.0
2025-06-03 04:10:00+00:00,14.880000114440918,14.880000114440918,14.869999885559082,14.880000114440918,75000,0.0,0.0,0.0
2025-06-03 04:15:00+00:00,14.880000114440918,14.880000114440918,14.880000114440918,14.880000114440918,136000,0.0,0.0,0.0
2025-06-03 04:20:00+00:00,14.880000114440918,14.899999618530273,14.880000114440918,14.890000343322754,132135,0.0,0.0,0.0
2025-06-03 04:25:00+00:00,14.890000343322754,14.90999984741211,14.890000343322754,14.899999618530273,98757,0.0,0.0,0.0
2025-06-03 04:30:00+00:00,14.899999618530273,14.899999618530273,14.899999618530273,14.899999618530273,159500,0.0,0.0,0.0
2025-06-03 04:35:00+00:00,14.90999984741211,14.920000076293945,14.90999984741211,14.920000076293945,81029,0.0,0.0,0.0
2025-06-03 04:40:00+00:00,14.90999984741211,14.90999984741211,14.90999984741211,14.90999984741211,201251,0.0,0.0,0.0
2025-06-03 04:45:00+00:00,14.920000076293945,14.920000076293945,14.920000076293945,14.920000076293945,27100,0.0,0.0,0.0
2025-06-03 04:50:00+00:00,14.90999984741211,14.90999984741211,14.90999984741211,14.90999984741211,31200,0.0,0.0,0.0
2025-06-03 04:55:00+00:00,14.920000076293945,14.930000305175781,14.920000076293945,14.930000305175781,163440,0.0,0.0,0.0
2025-06-03 05:00:00+00:00,14.930000305175781,14.9399995803833,14.930000305175781,14.930000305175781,87000,0.0,0.0,0.0
2025-06-03 05:05:00+00:00,14.9399995803833,14.9399995803833,14.930000305175781,14.930000305175781,76179,0.0,0.0,0.0
2025-06-03 05:10:00+00:00,14.930000305175781,14.930000305175781,14.920000076293945,14.920000076293945,80002,0.0,0.0,0.0
2025-06-03 05:15:00+00:00,14.920000076293945,14.930000305175781,14.920000076293945,14.930000305175781,64389,0.0,0.0,0.0
2025-06-03 05:20:00+00:00,14.930000305175781,14.930000305175781,14.920000076293945,14.930000305175781,33925,0.0,0.0,0.0
2025-06-04 01:00:00+00:00,15.0,15.0,14.989999771118164,15.0,844000,0.0,0.0,0.0
2025-06-04 01:05:00+00:00,15.0,15.020000457763672,15.0,15.010000228881836,207311,0.0,0.0,0.0
2025-06-04 01:10:00+00:00,15.010000228881836,15.010000228881836,15.0,15.010000228881836,255211,0.0,0.0,0.0
2025-06-04 01:15:00+00:00,15.010000228881836,15.020000457763672,15.010000228881836,15.020000457763672,328770,0.0,0.0,0.0
2025-06-04 01:20:00+00:00,15.020000457763672,15.029999732971191,15.020000457763672,15.029999732971191,308150,0.0,0.0,0.0
2025-06-04 01:25:00+00:00,15.029999732971191,15.029999732971191,15.020000457763672,15.029999732971191,138617,0.0,0.0,0.0
2025-06-04 01:30:00+00:00,15.020000457763672,15.020000457763672,15.010000228881836,15.020000457763672,23700,0.0,0.0,0.0
2025-06-04 01:35:00+00:00,15.029999732971191,15.029999732971191,15.029999732971191,15.029999732971191,233440,0.0,0.0,0.0
2025-06-04 01:40:00+00:00,15.010000228881836,15.010000228881836,15.0,15.0,23196,0.0,0.0,0.0
2025-06-04 01:45:00+00:00,15.0,15.010000228881836,15.0,15.010000228881836,44000,0.0,0.0,0.0
2025-06-04 01:50:00+00:00,15.010000228881836,15.010000228881836,15.0,15.010000228881836,66822,0.0,0.0,0.0
2025-06-04 01:55:00+00:00,15.0,15.0,14.989999771118164,14.989999771118164,18000,0.0,0.0,0.0
2025-06-04 02:00:00+00:00,15.0,15.010000228881836,14.989999771118164,15.010000228881836,113693,0.0,0.0,0.0
2025-06-04 02:05:00+00:00,15.010000228881836,15.029999732971191,15.010000228881836,15.029999732971191,348565,0.0,0.0,0.0
2025-06-04 02:10:00+00:00,15.029999732971191,15.039999961853027,15.029999732971191,15.039999961853027,295103,0.0,0.0,0.0
2025-06-04 02:15:00+00:00,15.029999732971191,15.039999961853027,15.029999732971191,15.039999961853027,269654,0.0,0.0,0.0
2025-06-04 02:20:00+00:00,15.039999961853027,15.0600004196167,15.039999961853027,15.0600004196167,270593,0.0,0.0,0.0
2025-06-04 02:25:00+00:00,15.0600004196167,15.069999694824219,15.0600004196167,15.069999694824219,88167,0.0,0.0,0.0
2025-06-04 02:30:00+00:00,15.069999694824219,15.079999923706055,15.069999694824219,15.069999694824219,205195,0.0,0.0,0.0
2025-06-04 02:35:00+00:00,15.069999694824219,15.079999923706055,15.069999694824219,15.079999923706055,98337,0.0,0.0,0.0
2025-06-04 02:40:00+00:00,15.069999694824219,15.069999694824219,15.069999694824219,15.069999694824219,9020,0.0,0.0,0.0
2025-06-04 02:45:00+00:00,15.069999694824219,15.079999923706055,15.069999694824219,15.069999694824219,242160,0.0,0.0,0.0
2025-06-04 02:50:00+00:00,15.069999694824219,15.079999923706055,15.069999694824219,15.079999923706055,209255,0.0,0.0,0.0
2025-06-04 02:55:00+00:00,15.079999923706055,15.079999923706055,15.079999923706055,15.079999923706055,99860,0.0,0.0,0.0
2025-06-04 03:00:00+00:00,15.079999923706055,15.09000015258789,15.079999923706055,15.09000015258789,253839,0.0,0.0,0.0
2025-06-04 03:05:00+00:00,15.09000015258789,15.09000015258789,15.09000015258789,15.09000015258789,4600,0.0,0.0,0.0
2025-06-04 03:10:00+00:00,15.09000015258789,15.100000381469727,15.09000015258789,15.100000381469727,167091,0.0,0.0,0.0
2025-06-04 03:15:00+00:00,15.09000015258789,15.09000015258789,15.09000015258789,15.09000015258789,11000,0.0,0.0,0.0
2025-06-04 03:20:00+00:00,15.100000381469727,15.109999656677246,15.100000381469727,15.109999656677246,157834,0.0,0.0,0.0
2025-06-04 03:25:00+00:00,15.100000381469727,15.109999656677246,15.100000381469727,15.100000381469727,21000,0.0,0.0,0.0
2025-06-04 03:30:00+00:00,15.109999656677246,15.109999656677246,15.109999656677246,15.109999656677246,31186,0.0,0.0,0.0
2025-06-04 03:35:00+00:00,15.109999656677246,15.109999656677246,15.109999656677246,15.109999656677246,19160,0.0,0.0,0.0
2025-06-04 03:40:00+00:00,15.100000381469727,15.100000381469727,15.100000381469727,15.100000381469727,14000,0.0,0.0,0.0
2025-06-04 03:45:00+00:00,15.100000381469727,15.109999656677246,15.09000015258789,15.09000015258789,208577,0.0,0.0,0.0
2025-06-04 03:50:00+00:00,15.09000015258789,15.09000015258789,15.09000015258789,15.09000015258789,50000,0.0,0.0,0.0
2025-06-04 03:55:00+00:00,15.09000015258789,15.09000015258789,15.09000015258789,15.09000015258789,25000,0.0,0.0,0.0
2025-06-04 04:00:00+00:00,15.09000015258789,15.09000015258789,15.079999923706055,15.079999923706055,59000,0.0,0.0,0.0
2025-06-04 04:05:00+00:00,15.09000015258789,15.09000015258789,15.09000015258789,15.09000015258789,2020,0.0,0.0,0.0
2025-06-04 04:10:00+00:00,15.079999923706055,15.09000015258789,15.079999923706055,15.09000015258789,18000,0.0,0.0,0.0
2025-06-04 04:15:00+00:00,15.09000015258789,15.100000381469727,15.09000015258789,15.09000015258789,56223,0.0,0.0,0.0
2025-06-04 04:20:00+00:00,15.09000015258789,15.09000015258789,15.09000015258789,15.09000015258789,29000,0.0,0.0,0.0
2025-06-04 04:25:00+00:00,15.09000015258789,15.09000015258789,15.09000015258789,15.09000015258789,23200,0.0,0.0,0.0
2025-06-04 04:30:00+00:00,15.09000015258789,15.09000015258789,15.079999923706055,15.079999923706055,18392,0.0,0.0,0.0
2025-06-04 04:35:00+00:00,15.079999923706055,15.079999923706055,15.079999923706055,15.079999923706055,18000,0.0,0.0,0.0
2025-06-04 04:40:00+00:00,15.079999923706055,15.079999923706055,15.079999923706055,15.079999923706055,16000,0.0,0.0,0.0
2025-06-04 04:45:00+00:00,15.079999923706055,15.079999923706055,15.0600004196167,15.0600004196167,19412,0.0,0.0,0.0
2025-06-04 04:50:00+00:00,15.0600004196167,15.0600004196167,15.0600004196167,15.0600004196167,39340,0.0,0.0,0.0
2025-06-04 04:55:00+00:00,15.069999694824219,15.069999694824219,15.069999694824219,15.069999694824219,68112,0.0,0.0,0.0
2025-06-04 05:00:00+00:00,15.069999694824219,15.079999923706055,15.069999694824219,15.079999923706055,276123,0.0,0.0,0.0
2025-06-04 05:05:00+00:00,15.079999923706055,15.09000015258789,15.079999923706055,15.09000015258789,90000,0.0,0.0,0.0
2025-06-04 05:10:00+00:00,15.079999923706055,15.079999923706055,15.069999694824219,15.069999694824219,68000,0.0,0.0,0.0
2025-06-04 05:15:00+00:00,15.069999694824219,15.069999694824219,15.050000190734863,15.0600004196167,146012,0.0,0.0,0.0
2025-06-04 05:20:00+00:00,15.050000190734863,15.0600004196167,15.039999961853027,15.050000190734863,327401,0.0,0.0,0.0
2025-06-05 01:00:00+00:00,15.029999732971191,15.029999732971191,15.020000457763672,15.029999732971191,278000,0.0,0.0,0.0
2025-06-05 01:05:00+00:00,15.039999961853027,15.0600004196167,15.039999961853027,15.0600004196167,101366,0.0,0.0,0.0
2025-06-05 01:10:00+00:00,15.069999694824219,15.069999694824219,15.0600004196167,15.069999694824219,107015,0.0,0.0,0.0
2025-06-05 01:15:00+00:00,15.079999923706055,15.09000015258789,15.079999923706055,15.079999923706055,32493,0.0,0.0,0.0
2025-06-05 01:20:00+00:00,15.079999923706055,15.09000015258789,15.069999694824219,15.069999694824219,97510,0.0,0.0,0.0
2025-06-05 01:25:00+00:00,15.069999694824219,15.069999694824219,15.069999694824219,15.069999694824219,50000,0.0,0.0,0.0
2025-06-05 01:30:00+00:00,15.069999694824219,15.079999923706055,15.0600004196167,15.079999923706055,102674,0.0,0.0,0.0
2025-06-05 01:35:00+00:00,15.079999923706055,15.079999923706055,15.069999694824219,15.069999694824219,10222,0.0,0.0,0.0
2025-06-05 01:40:00+00:00,15.069999694824219,15.069999694824219,15.0600004196167,15.069999694824219,175880,0.0,0.0,0.0
2025-06-05 01:45:00+00:00,15.069999694824219,15.079999923706055,15.069999694824219,15.079999923706055,69102,0.0,0.0,0.0
2025-06-05 01:55:00+00:00,15.069999694824219,15.069999694824219,15.069999694824219,15.069999694824219,29000,0.0,0.0,0.0
2025-06-05 02:00:00+00:00,15.069999694824219,15.079999923706055,15.050000190734863,15.050000190734863,213000,0.0,0.0,0.0
2025-06-05 02:05:00+00:00,15.039999961853027,15.039999961853027,14.979999542236328,14.989999771118164,311623,0.0,0.0,0.0
2025-06-05 02:10:00+00:00,14.989999771118164,15.0,14.989999771118164,15.0,44014,0.0,0.0,0.0
2025-06-05 02:15:00+00:00,15.0,15.0,15.0,15.0,4050,0.0,0.0,0.0
2025-06-05 02:25:00+00:00,14.979999542236328,14.989999771118164,14.979999542236328,14.979999542236328,7244,0.0,0.0,0.0
2025-06-05 02:30:00+00:00,14.979999542236328,14.979999542236328,14.960000038146973,14.960000038146973,37166,0.0,0.0,0.0
2025-06-05 02:35:00+00:00,14.960000038146973,14.960000038146973,14.949999809265137,14.960000038146973,12070,0.0,0.0,0.0
2025-06-05 02:40:00+00:00,14.960000038146973,14.960000038146973,14.949999809265137,14.949999809265137,24184,0.0,0.0,0.0
2025-06-05 02:45:00+00:00,14.949999809265137,14.949999809265137,14.9399995803833,14.949999809265137,13406,0.0,0.0,0.0
2025-06-05 02:50:00+00:00,14.949999809265137,14.949999809265137,14.9399995803833,14.949999809265137,12060,0.0,0.0,0.0
2025-06-05 02:55:00+00:00,14.949999809265137,14.949999809265137,14.949999809265137,14.949999809265137,1000,0.0,0.0,0.0
2025-06-05 03:00:00+00:00,14.949999809265137,14.949999809265137,14.9399995803833,14.9399995803833,6000,0.0,0.0,0.0
2025-06-05 03:05:00+00:00,14.9399995803833,14.9399995803833,14.930000305175781,14.930000305175781,3120,0.0,0.0,0.0
2025-06-05 03:10:00+00:00,14.930000305175781,14.930000305175781,14.930000305175781,14.930000305175781,4000,0.0,0.0,0.0
2025-06-05 03:15:00+00:00,14.930000305175781,14.9399995803833,14.930000305175781,14.930000305175781,6230,0.0,0.0,0.0
2025-06-05 03:20:00+00:00,14.930000305175781,14.930000305175781,14.930000305175781,14.930000305175781,23316,0.0,0.0,0.0
2025-06-05 03:25:00+00:00,14.930000305175781,14.930000305175781,14.930000305175781,14.930000305175781,6076,0.0,0.0,0.0
2025-06-05 03:30:00+00:00,14.930000305175781,14.930000305175781,14.920000076293945,14.920000076293945,74469,0.0,0.0,0.0
2025-06-05 03:35:00+00:00,14.930000305175781,14.930000305175781,14.920000076293945,14.920000076293945,7819,0.0,0.0,0.0
2025-06-05 03:40:00+00:00,14.920000076293945,14.920000076293945,14.920000076293945,14.920000076293945,2000,0.0,0.0,0.0
2025-06-05 03:45:00+00:00,14.930000305175781,14.930000305175781,14.920000076293945,14.920000076293945,103967,0.0,0.0,0.0
2025-06-05 03:50:00+00:00,14.90999984741211,14.90999984741211,14.90999984741211,14.90999984741211,10000,0.0,0.0,0.0
2025-06-05 03:55:00+00:00,14.90999984741211,14.90999984741211,14.90999984741211,14.90999984741211,12004,0.0,0.0,0.0
2025-06-05 04:00:00+00:00,14.90999984741211,14.90999984741211,14.90999984741211,14.90999984741211,76544,0.0,0.0,0.0
2025-06-05 04:05:00+00:00,14.90999984741211,14.90999984741211,14.90999984741211,14.90999984741211,3300,0.0,0.0,0.0
2025-06-05 04:10:00+00:00,14.90999984741211,14.90999984741211,14.90999984741211,14.90999984741211,28400,0.0,0.0,0.0
2025-06-05 04:15:00+00:00,14.90999984741211,14.90999984741211,14.90999984741211,14.90999984741211,52388,0.0,0.0,0.0
2025-06-05 04:20:00+00:00,14.90999984741211,14.920000076293945,14.90999984741211,14.90999984741211,156061,0.0,0.0,0.0
2025-06-05 04:25:00+00:00,14.920000076293945,14.920000076293945,14.90999984741211,14.90999984741211,5670,0.0,0.0,0.0
2025-06-05 04:30:00+00:00,14.90999984741211,14.90999984741211,14.90999984741211,14.90999984741211,10199,0.0,0.0,0.0
2025-06-05 04:35:00+00:00,14.930000305175781,14.930000305175781,14.90999984741211,14.90999984741211,15300,0.0,0.0,0.0
2025-06-05 04:45:00+00:00,14.90999984741211,14.920000076293945,14.90999984741211,14.90999984741211,36455,0.0,0.0,0.0
2025-06-05 04:50:00+00:00,14.90999984741211,14.90999984741211,14.899999618530273,14.899999618530273,30500,0.0,0.0,0.0
2025-06-05 04:55:00+00:00,14.90999984741211,14.920000076293945,14.90999984741211,14.920000076293945,32684,0.0,0.0,0.0
2025-06-05 05:05:00+00:00,14.90999984741211,14.90999984741211,14.90999984741211,14.90999984741211,2564,0.0,0.0,0.0
2025-06-05 05:10:00+00:00,14.899999618530273,14.899999618530273,14.899999618530273,14.899999618530273,15000,0.0,0.0,0.0
2025-06-05 05:15:00+00:00,14.899999618530273,14.899999618530273,14.899999618530273,14.899999618530273,10332,0.0,0.0,0.0
2025-06-05 05:20:00+00:00,14.899999618530273,14.899999618530273,14.890000343322754,14.890000343322754,131834,0.0,0.0,0.0
2025-06-06 01:00:00+00:00,14.899999618530273,14.90999984741211,14.899999618530273,14.90999984741211,92000,0.0,0.0,0.0
2025-06-06 01:05:00+00:00,14.920000076293945,14.949999809265137,14.920000076293945,14.949999809265137,114588,0.0,0.0,0.0
2025-06-06 01:10:00+00:00,14.960000038146973,14.970000267028809,14.960000038146973,14.970000267028809,192300,0.0,0.0,0.0
2025-06-06 01:15:00+00:00,14.970000267028809,14.970000267028809,14.930000305175781,14.930000305175781,41634,0.0,0.0,0.0
2025-06-06 01:20:00+00:00,14.920000076293945,14.930000305175781,14.920000076293945,14.930000305175781,18000,0.0,0.0,0.0
2025-06-06 01:25:00+00:00,14.949999809265137,14.979999542236328,14.949999809265137,14.979999542236328,112519,0.0,0.0,0.0
2025-06-06 01:30:00+00:00,14.989999771118164,14.989999771118164,14.979999542236328,14.979999542236328,17108,0.0,0.0,0.0
2025-06-06 01:35:00+00:00,14.979999542236328,14.979999542236328,14.979999542236328,14.979999542236328,18573,0.0,0.0,0.0
2025-06-06 01:40:00+00:00,14.949999809265137,14.949999809265137,14.949999809265137,14.949999809265137,10000,0.0,0.0,0.0
2025-06-06 01:45:00+00:00,14.970000267028809,14.970000267028809,14.970000267028809,14.970000267028809,3102,0.0,0.0,0.0
2025-06-06 01:55:00+00:00,14.960000038146973,14.960000038146973,14.949999809265137,14.949999809265137,11138,0.0,0.0,0.0
2025-06-06 02:00:00+00:00,14.9399995803833,14.949999809265137,14.9399995803833,14.949999809265137,39100,0.0,0.0,0.0
2025-06-06 02:05:00+00:00,14.949999809265137,14.970000267028809,14.949999809265137,14.970000267028809,99579,0.0,0.0,0.0
2025-06-06 02:10:00+00:00,14.970000267028809,14.979999542236328,14.970000267028809,14.970000267028809,17000,0.0,0.0,0.0
2025-06-06 02:15:00+00:00,14.979999542236328,14.979999542236328,14.979999542236328,14.979999542236328,33748,0.0,0.0,0.0
2025-06-06 02:20:00+00:00,14.989999771118164,14.989999771118164,14.989999771118164,14.989999771118164,37100,0.0,0.0,0.0
2025-06-06 02:25:00+00:00,14.989999771118164,14.989999771118164,14.989999771118164,14.989999771118164,20021,0.0,0.0,0.0
2025-06-06 02:30:00+00:00,14.989999771118164,14.989999771118164,14.989999771118164,14.989999771118164,29100,0.0,0.0,0.0
2025-06-06 02:35:00+00:00,14.989999771118164,14.989999771118164,14.989999771118164,14.989999771118164,6068,0.0,0.0,0.0
2025-06-06 02:40:00+00:00,14.989999771118164,14.989999771118164,14.989999771118164,14.989999771118164,34000,0.0,0.0,0.0
2025-06-06 02:45:00+00:00,15.0,15.0,15.0,15.0,3258,0.0,0.0,0.0
2025-06-06 02:50:00+00:00,15.0,15.0,15.0,15.0,101000,0.0,0.0,0.0
2025-06-06 02:55:00+00:00,14.989999771118164,15.0,14.989999771118164,14.989999771118164,181028,0.0,0.0,0.0
2025-06-06 03:00:00+00:00,14.989999771118164,15.010000228881836,14.989999771118164,15.010000228881836,5727,0.0,0.0,0.0
2025-06-06 03:15:00+00:00,14.989999771118164,14.989999771118164,14.989999771118164,14.989999771118164,3430,0.0,0.0,0.0
2025-06-06 03:20:00+00:00,14.989999771118164,14.989999771118164,14.989999771118164,14.989999771118164,9000,0.0,0.0,0.0
2025-06-06 03:25:00+00:00,14.989999771118164,14.989999771118164,14.989999771118164,14.989999771118164,5038,0.0,0.0,0.0
2025-06-06 03:30:00+00:00,15.0,15.0,14.979999542236328,14.979999542236328,59218,0.0,0.0,0.0
2025-06-06 03:35:00+00:00,14.979999542236328,14.979999542236328,14.979999542236328,14.979999542236328,30000,0.0,0.0,0.0
2025-06-06 03:40:00+00:00,14.989999771118164,14.989999771118164,14.989999771118164,14.989999771118164,5032,0.0,0.0,0.0
2025-06-06 03:45:00+00:00,14.989999771118164,14.989999771118164,14.989999771118164,14.989999771118164,10640,0.0,0.0,0.0
2025-06-06 03:50:00+00:00,14.979999542236328,14.979999542236328,14.970000267028809,14.970000267028809,22018,0.0,0.0,0.0
2025-06-06 03:55:00+00:00,14.979999542236328,14.979999542236328,14.979999542236328,14.979999542236328,5100,0.0,0.0,0.0
2025-06-06 04:00:00+00:00,14.979999542236328,14.979999542236328,14.979999542236328,14.979999542236328,13018,0.0,0.0,0.0
2025-06-06 04:05:00+00:00,14.970000267028809,14.970000267028809,14.970000267028809,14.970000267028809,8078,0.0,0.0,0.0
2025-06-06 04:10:00+00:00,14.970000267028809,14.979999542236328,14.970000267028809,14.979999542236328,2000,0.0,0.0,0.0
2025-06-06 04:15:00+00:00,14.970000267028809,14.970000267028809,14.960000038146973,14.960000038146973,21229,0.0,0.0,0.0
2025-06-06 04:20:00+00:00,14.960000038146973,14.960000038146973,14.949999809265137,14.949999809265137,31040,0.0,0.0,0.0
2025-06-06 04:25:00+00:00,14.949999809265137,14.949999809265137,14.949999809265137,14.949999809265137,1000,0.0,0.0,0.0
2025-06-06 04:30:00+00:00,14.970000267028809,14.970000267028809,14.949999809265137,14.949999809265137,17410,0.0,0.0,0.0
2025-06-06 04:35:00+00:00,14.949999809265137,14.949999809265137,14.949999809265137,14.949999809265137,10260,0.0,0.0,0.0
2025-06-06 04:45:00+00:00,14.949999809265137,14.949999809265137,14.949999809265137,14.949999809265137,11118,0.0,0.0,0.0
2025-06-06 04:50:00+00:00,14.949999809265137,14.949999809265137,14.949999809265137,14.949999809265137,24423,0.0,0.0,0.0
2025-06-06 04:55:00+00:00,14.949999809265137,14.949999809265137,14.949999809265137,14.949999809265137,18019,0.0,0.0,0.0
2025-06-06 05:00:00+00:00,14.949999809265137,14.960000038146973,14.949999809265137,14.960000038146973,85700,0.0,0.0,0.0
2025-06-06 05:10:00+00:00,14.960000038146973,14.970000267028809,14.960000038146973,14.970000267028809,52197,0.0,0.0,0.0
2025-06-06 05:20:00+00:00,14.960000038146973,14.960000038146973,14.960000038146973,14.960000038146973,93366,0.0,0.0,0.0
2025-06-09 01:00:00+00:00,14.989999771118164,15.029999732971191,14.989999771118164,15.010000228881836,0,0.0,0.0,0.0
2025-06-09 01:05:00+00:00,15.020000457763672,15.020000457763672,15.010000228881836,15.020000457763672,83000,0.0,0.0,0.0
2025-06-09 01:10:00+00:00,15.029999732971191,15.029999732971191,15.029999732971191,15.029999732971191,4321,0.0,0.0,0.0
2025-06-09 01:15:00+00:00,15.029999732971191,15.050000190734863,15.020000457763672,15.050000190734863,343032,0.0,0.0,0.0
2025-06-09 01:20:00+00:00,15.050000190734863,15.050000190734863,15.039999961853027,15.050000190734863,29911,0.0,0.0,0.0
2025-06-09 01:25:00+00:00,15.039999961853027,15.039999961853027,15.020000457763672,15.020000457763672,142077,0.0,0.0,0.0
2025-06-09 01:30:00+00:00,15.020000457763672,15.020000457763672,15.010000228881836,15.010000228881836,29598,0.0,0.0,0.0
2025-06-09 01:35:00+00:00,15.0,15.0,15.0,15.0,41116,0.0,0.0,0.0
2025-06-09 01:40:00+00:00,15.0,15.0,15.0,15.0,12091,0.0,0.0,0.0
2025-06-09 01:45:00+00:00,15.0,15.010000228881836,15.0,15.010000228881836,20573,0.0,0.0,0.0
2025-06-09 01:50:00+00:00,15.020000457763672,15.020000457763672,15.020000457763672,15.020000457763672,28251,0.0,0.0,0.0
2025-06-09 01:55:00+00:00,15.020000457763672,15.020000457763672,15.0,15.0,5200,0.0,0.0,0.0
2025-06-09 02:00:00+00:00,15.020000457763672,15.020000457763672,15.010000228881836,15.010000228881836,11150,0.0,0.0,0.0
2025-06-09 02:05:00+00:00,15.010000228881836,15.020000457763672,15.010000228881836,15.020000457763672,56253,0.0,0.0,0.0
2025-06-09 02:10:00+00:00,15.020000457763672,15.020000457763672,15.010000228881836,15.010000228881836,27010,0.0,0.0,0.0
2025-06-09 02:15:00+00:00,15.020000457763672,15.020000457763672,15.010000228881836,15.010000228881836,95229,0.0,0.0,0.0
2025-06-09 02:20:00+00:00,15.0,15.010000228881836,15.0,15.0,17000,0.0,0.0,0.0
2025-06-09 02:25:00+00:00,15.0,15.010000228881836,15.0,15.0,88110,0.0,0.0,0.0
2025-06-09 02:30:00+00:00,15.0,15.0,14.970000267028809,14.970000267028809,25950,0.0,0.0,0.0
2025-06-09 02:35:00+00:00,14.989999771118164,14.989999771118164,14.979999542236328,14.979999542236328,7612,0.0,0.0,0.0
2025-06-09 02:40:00+00:00,14.989999771118164,14.989999771118164,14.989999771118164,14.989999771118164,13000,0.0,0.0,0.0
2025-06-09 02:45:00+00:00,15.0,15.0,15.0,15.0,2100,0.0,0.0,0.0
2025-06-09 02:50:00+00:00,14.979999542236328,14.979999542236328,14.979999542236328,14.979999542236328,1100,0.0,0.0,0.0
2025-06-09 02:55:00+00:00,14.979999542236328,14.979999542236328,14.979999542236328,14.979999542236328,76129,0.0,0.0,0.0
2025-06-09 03:00:00+00:00,14.989999771118164,15.0,14.979999542236328,14.979999542236328,5109,0.0,0.0,0.0
2025-06-09 03:05:00+00:00,14.989999771118164,15.0,14.970000267028809,14.970000267028809,3454,0.0,0.0,0.0
2025-06-09 03:10:00+00:00,14.970000267028809,14.970000267028809,14.970000267028809,14.970000267028809,3000,0.0,0.0,0.0
2025-06-09 03:15:00+00:00,15.0,15.0,14.989999771118164,15.0,58146,0.0,0.0,0.0
2025-06-09 03:20:00+00:00,14.989999771118164,14.989999771118164,14.989999771118164,14.989999771118164,60100,0.0,0.0,0.0
2025-06-09 03:25:00+00:00,14.979999542236328,14.979999542236328,14.979999542236328,14.979999542236328,2000,0.0,0.0,0.0
2025-06-09 03:30:00+00:00,14.979999542236328,14.979999542236328,14.979999542236328,14.979999542236328,1000,0.0,0.0,0.0
2025-06-09 03:35:00+00:00,14.979999542236328,14.979999542236328,14.979999542236328,14.979999542236328,2286,0.0,0.0,0.0
2025-06-09 03:40:00+00:00,14.970000267028809,14.970000267028809,14.970000267028809,14.970000267028809,7120,0.0,0.0,0.0
2025-06-09 03:45:00+00:00,14.970000267028809,14.970000267028809,14.970000267028809,14.970000267028809,1180,0.0,0.0,0.0
2025-06-09 03:50:00+00:00,14.960000038146973,14.970000267028809,14.960000038146973,14.970000267028809,27320,0.0,0.0,0.0
2025-06-09 03:55:00+00:00,14.970000267028809,14.970000267028809,14.970000267028809,14.970000267028809,31003,0.0,0.0,0.0
2025-06-09 04:00:00+00:00,14.970000267028809,14.979999542236328,14.970000267028809,14.979999542236328,45000,0.0,0.0,0.0
2025-06-09 04:05:00+00:00,14.979999542236328,14.979999542236328,14.979999542236328,14.979999542236328,5000,0.0,0.0,0.0
2025-06-09 04:10:00+00:00,14.979999542236328,14.979999542236328,14.979999542236328,14.979999542236328,10349,0.0,0.0,0.0
2025-06-09 04:15:00+00:00,14.970000267028809,14.970000267028809,14.970000267028809,14.970000267028809,35000,0.0,0.0,0.0
2025-06-09 04:20:00+00:00,14.970000267028809,14.970000267028809,14.970000267028809,14.970000267028809,56420,0.0,0.0,0.0
2025-06-09 04:25:00+00:00,14.979999542236328,14.979999542236328,14.979999542236328,14.979999542236328,1734,0.0,0.0,0.0
2025-06-09 04:35:00+00:00,14.970000267028809,14.979999542236328,14.970000267028809,14.979999542236328,34100,0.0,0.0,0.0
2025-06-09 04:40:00+00:00,14.970000267028809,14.970000267028809,14.970000267028809,14.970000267028809,27165,0.0,0.0,0.0
2025-06-09 04:45:00+00:00,14.979999542236328,14.979999542236328,14.979999542236328,14.979999542236328,12100,0.0,0.0,0.0
2025-06-09 04:50:00+00:00,14.970000267028809,14.979999542236328,14.970000267028809,14.970000267028809,8000,0.0,0.0,0.0
2025-06-09 04:55:00+00:00,14.989999771118164,14.989999771118164,14.979999542236328,14.979999542236328,18200,0.0,0.0,0.0
2025-06-09 05:00:00+00:00,14.970000267028809,14.970000267028809,14.970000267028809,14.970000267028809,34247,0.0,0.0,0.0
2025-06-09 05:10:00+00:00,14.970000267028809,14.970000267028809,14.970000267028809,14.970000267028809,11578,0.0,0.0,0.0
2025-06-09 05:15:00+00:00,14.970000267028809,14.979999542236328,14.970000267028809,14.970000267028809,9638,0.0,0.0,0.0
2025-06-09 05:20:00+00:00,14.979999542236328,14.979999542236328,14.979999542236328,14.979999542236328,33162,0.0,0.0,0.0
2025-06-10 01:00:00+00:00,14.979999542236328,15.0,14.979999542236328,14.989999771118164,165000,0.0,0.0,0.0
2025-06-10 01:05:00+00:00,15.0,15.020000457763672,15.0,15.020000457763672,137455,0.0,0.0,0.0
2025-06-10 01:10:00+00:00,15.020000457763672,15.020000457763672,15.0,15.0,5413,0.0,0.0,0.0
2025-06-10 01:15:00+00:00,15.0,15.0,15.0,15.0,56000,0.0,0.0,0.0
2025-06-10 01:20:00+00:00,15.0,15.020000457763672,15.0,15.020000457763672,111026,0.0,0.0,0.0
2025-06-10 01:25:00+00:00,15.020000457763672,15.039999961853027,15.020000457763672,15.029999732971191,173720,0.0,0.0,0.0
2025-06-10 01:30:00+00:00,15.039999961853027,15.039999961853027,15.029999732971191,15.029999732971191,11483,0.0,0.0,0.0
2025-06-10 01:35:00+00:00,15.039999961853027,15.050000190734863,15.029999732971191,15.050000190734863,41110,0.0,0.0,0.0
2025-06-10 01:40:00+00:00,15.050000190734863,15.069999694824219,15.050000190734863,15.069999694824219,336356,0.0,0.0,0.0
2025-06-10 01:45:00+00:00,15.069999694824219,15.09000015258789,15.069999694824219,15.079999923706055,155766,0.0,0.0,0.0
2025-06-10 01:50:00+00:00,15.09000015258789,15.09000015258789,15.09000015258789,15.09000015258789,27700,0.0,0.0,0.0
2025-06-10 01:55:00+00:00,15.09000015258789,15.09000015258789,15.079999923706055,15.079999923706055,106100,0.0,0.0,0.0
2025-06-10 02:00:00+00:00,15.09000015258789,15.09000015258789,15.079999923706055,15.079999923706055,5200,0.0,0.0,0.0
2025-06-10 02:05:00+00:00,15.079999923706055,15.079999923706055,15.069999694824219,15.069999694824219,89311,0.0,0.0,0.0
2025-06-10 02:10:00+00:00,15.079999923706055,15.09000015258789,15.079999923706055,15.09000015258789,111209,0.0,0.0,0.0
2025-06-10 02:15:00+00:00,15.079999923706055,15.100000381469727,15.079999923706055,15.100000381469727,148671,0.0,0.0,0.0
2025-06-10 02:20:00+00:00,15.100000381469727,15.100000381469727,15.100000381469727,15.100000381469727,26148,0.0,0.0,0.0
2025-06-10 02:25:00+00:00,15.100000381469727,15.109999656677246,15.09000015258789,15.09000015258789,164150,0.0,0.0,0.0
2025-06-10 02:30:00+00:00,15.09000015258789,15.09000015258789,15.09000015258789,15.09000015258789,13000,0.0,0.0,0.0
2025-06-10 02:35:00+00:00,15.09000015258789,15.09000015258789,15.09000015258789,15.09000015258789,21250,0.0,0.0,0.0
2025-06-10 02:40:00+00:00,15.100000381469727,15.109999656677246,15.100000381469727,15.109999656677246,149729,0.0,0.0,0.0
2025-06-10 02:45:00+00:00,15.100000381469727,15.109999656677246,15.100000381469727,15.100000381469727,85000,0.0,0.0,0.0
2025-06-10 02:50:00+00:00,15.109999656677246,15.109999656677246,15.100000381469727,15.109999656677246,48252,0.0,0.0,0.0
2025-06-10 02:55:00+00:00,15.100000381469727,15.100000381469727,15.100000381469727,15.100000381469727,3000,0.0,0.0,0.0
2025-06-10 03:00:00+00:00,15.100000381469727,15.109999656677246,15.100000381469727,15.109999656677246,39454,0.0,0.0,0.0
2025-06-10 03:10:00+00:00,15.079999923706055,15.079999923706055,15.079999923706055,15.079999923706055,12000,0.0,0.0,0.0
2025-06-10 03:15:00+00:00,15.079999923706055,15.09000015258789,15.079999923706055,15.09000015258789,4080,0.0,0.0,0.0
2025-06-10 03:20:00+00:00,15.079999923706055,15.09000015258789,15.079999923706055,15.09000015258789,28059,0.0,0.0,0.0
2025-06-10 03:25:00+00:00,15.09000015258789,15.09000015258789,15.09000015258789,15.09000015258789,10498,0.0,0.0,0.0
2025-06-10 03:35:00+00:00,15.079999923706055,15.079999923706055,15.079999923706055,15.079999923706055,3220,0.0,0.0,0.0
2025-06-10 03:40:00+00:00,15.079999923706055,15.079999923706055,15.079999923706055,15.079999923706055,5000,0.0,0.0,0.0
2025-06-10 03:45:00+00:00,15.079999923706055,15.079999923706055,15.079999923706055,15.079999923706055,115792,0.0,0.0,0.0
2025-06-10 03:50:00+00:00,15.079999923706055,15.079999923706055,15.079999923706055,15.079999923706055,17001,0.0,0.0,0.0
2025-06-10 03:55:00+00:00,15.079999923706055,15.079999923706055,15.079999923706055,15.079999923706055,46000,0.0,0.0,0.0
2025-06-10 04:00:00+00:00,15.079999923706055,15.079999923706055,15.079999923706055,15.079999923706055,13945,0.0,0.0,0.0
2025-06-10 04:05:00+00:00,15.079999923706055,15.09000015258789,15.069999694824219,15.079999923706055,71040,0.0,0.0,0.0
2025-06-10 04:10:00+00:00,15.069999694824219,15.069999694824219,15.069999694824219,15.069999694824219,1000,0.0,0.0,0.0
2025-06-10 04:15:00+00:00,15.069999694824219,15.069999694824219,15.069999694824219,15.069999694824219,19140,0.0,0.0,0.0
2025-06-10 04:20:00+00:00,15.069999694824219,15.079999923706055,15.069999694824219,15.069999694824219,25000,0.0,0.0,0.0
2025-06-10 04:25:00+00:00,15.069999694824219,15.069999694824219,15.0600004196167,15.0600004196167,28170,0.0,0.0,0.0
2025-06-10 04:30:00+00:00,15.0600004196167,15.0600004196167,15.0600004196167,15.0600004196167,24000,0.0,0.0,0.0
2025-06-10 04:35:00+00:00,15.0600004196167,15.0600004196167,15.0600004196167,15.0600004196167,15000,0.0,0.0,0.0
2025-06-10 04:40:00+00:00,15.0600004196167,15.0600004196167,15.0600004196167,15.0600004196167,12000,0.0,0.0,0.0
2025-06-10 04:45:00+00:00,15.0600004196167,15.079999923706055,15.0600004196167,15.069999694824219,75019,0.0,0.0,0.0
2025-06-10 04:50:00+00:00,15.069999694824219,15.069999694824219,15.069999694824219,15.069999694824219,16686,0.0,0.0,0.0
2025-06-10 04:55:00+00:00,15.069999694824219,15.069999694824219,15.069999694824219,15.069999694824219,10009,0.0,0.0,0.0
2025-06-10 05:00:00+00:00,15.069999694824219,15.069999694824219,15.0600004196167,15.0600004196167,71002,0.0,0.0,0.0
2025-06-10 05:05:00+00:00,15.069999694824219,15.069999694824219,15.069999694824219,15.069999694824219,47332,0.0,0.0,0.0
2025-06-10 05:10:00+00:00,15.069999694824219,15.079999923706055,15.069999694824219,15.079999923706055,16000,0.0,0.0,0.0
2025-06-10 05:15:00+00:00,15.0600004196167,15.079999923706055,15.0600004196167,15.079999923706055,33024,0.0,0.0,0.0
2025-06-10 05:20:00+00:00,15.069999694824219,15.069999694824219,15.0600004196167,15.0600004196167,204538,0.0,0.0,0.0
2025-06-11 01:00:00+00:00,15.050000190734863,15.050000190734863,15.029999732971191,15.029999732971191,6000,0.0,0.0,0.0
2025-06-11 01:05:00+00:00,15.020000457763672,15.029999732971191,15.010000228881836,15.029999732971191,372421,0.0,0.0,0.0
2025-06-11 01:10:00+00:00,15.029999732971191,15.029999732971191,15.010000228881836,15.010000228881836,7370,0.0,0.0,0.0
2025-06-11 01:15:00+00:00,15.0,15.020000457763672,15.0,15.010000228881836,215628,0.0,0.0,0.0
2025-06-11 01:20:00+00:00,15.0,15.020000457763672,15.0,15.020000457763672,0,0.0,0.0,0.0
2025-06-11 01:25:00+00:00,15.010000228881836,15.020000457763672,15.010000228881836,15.020000457763672,617496,0.0,0.0,0.0
2025-06-11 01:30:00+00:00,15.020000457763672,15.020000457763672,15.0,15.0,32647,0.0,0.0,0.0
2025-06-11 01:35:00+00:00,15.010000228881836,15.020000457763672,15.010000228881836,15.020000457763672,120779,0.0,0.0,0.0
2025-06-11 01:45:00+00:00,15.010000228881836,15.010000228881836,15.010000228881836,15.010000228881836,6000,0.0,0.0,0.0
2025-06-11 01:50:00+00:00,15.020000457763672,15.029999732971191,15.020000457763672,15.020000457763672,169114,0.0,0.0,0.0
2025-06-11 01:55:00+00:00,15.010000228881836,15.010000228881836,15.0,15.0,107205,0.0,0.0,0.0
2025-06-11 02:00:00+00:00,15.0,15.010000228881836,14.989999771118164,15.010000228881836,37090,0.0,0.0,0.0
2025-06-11 02:05:00+00:00,15.010000228881836,15.020000457763672,15.010000228881836,15.020000457763672,55010,0.0,0.0,0.0
2025-06-11 02:10:00+00:00,15.020000457763672,15.029999732971191,15.020000457763672,15.029999732971191,36257,0.0,0.0,0.0
2025-06-11 02:15:00+00:00,15.029999732971191,15.029999732971191,15.029999732971191,15.029999732971191,8000,0.0,0.0,0.0
2025-06-11 02:20:00+00:00,15.029999732971191,15.039999961853027,15.029999732971191,15.039999961853027,68000,0.0,0.0,0.0
2025-06-11 02:25:00+00:00,15.029999732971191,15.029999732971191,15.029999732971191,15.029999732971191,2300,0.0,0.0,0.0
2025-06-11 02:30:00+00:00,15.029999732971191,15.029999732971191,15.029999732971191,15.029999732971191,10060,0.0,0.0,0.0
2025-06-11 02:35:00+00:00,15.029999732971191,15.029999732971191,15.029999732971191,15.029999732971191,7020,0.0,0.0,0.0
2025-06-11 02:40:00+00:00,15.029999732971191,15.029999732971191,15.029999732971191,15.029999732971191,0,0.0,0.0,0.0
2025-06-11 02:45:00+00:00,15.029999732971191,15.050000190734863,15.029999732971191,15.050000190734863,1364920,0.0,0.0,0.0
2025-06-11 02:50:00+00:00,15.050000190734863,15.050000190734863,15.050000190734863,15.050000190734863,5100,0.0,0.0,0.0
2025-06-11 02:55:00+00:00,15.050000190734863,15.050000190734863,15.050000190734863,15.050000190734863,46116,0.0,0.0,0.0
2025-06-11 03:00:00+00:00,15.050000190734863,15.050000190734863,15.050000190734863,15.050000190734863,28601,0.0,0.0,0.0
2025-06-11 03:05:00+00:00,15.050000190734863,15.069999694824219,15.050000190734863,15.069999694824219,25300,0.0,0.0,0.0
2025-06-11 03:10:00+00:00,15.069999694824219,15.069999694824219,15.0600004196167,15.0600004196167,106000,0.0,0.0,0.0
2025-06-11 03:15:00+00:00,15.0600004196167,15.079999923706055,15.0600004196167,15.069999694824219,50911,0.0,0.0,0.0
2025-06-11 03:20:00+00:00,15.079999923706055,15.09000015258789,15.079999923706055,15.09000015258789,53791,0.0,0.0,0.0
2025-06-11 03:25:00+00:00,15.09000015258789,15.100000381469727,15.09000015258789,15.100000381469727,0,0.0,0.0,0.0
2025-06-11 03:30:00+00:00,15.100000381469727,15.100000381469727,15.100000381469727,15.100000381469727,1748817,0.0,0.0,0.0
2025-06-11 03:35:00+00:00,15.09000015258789,15.09000015258789,15.09000015258789,15.09000015258789,28100,0.0,0.0,0.0
2025-06-11 03:40:00+00:00,15.09000015258789,15.09000015258789,15.09000015258789,15.09000015258789,20236,0.0,0.0,0.0
2025-06-11 03:45:00+00:00,15.079999923706055,15.09000015258789,15.079999923706055,15.079999923706055,29100,0.0,0.0,0.0
2025-06-11 03:50:00+00:00,15.079999923706055,15.079999923706055,15.079999923706055,15.079999923706055,25053,0.0,0.0,0.0
2025-06-11 03:55:00+00:00,15.079999923706055,15.09000015258789,15.079999923706055,15.09000015258789,7249,0.0,0.0,0.0
2025-06-11 04:15:00+00:00,15.09000015258789,15.09000015258789,15.09000015258789,15.09000015258789,121201,0.0,0.0,0.0
2025-06-11 04:20:00+00:00,15.079999923706055,15.09000015258789,15.079999923706055,15.09000015258789,10340,0.0,0.0,0.0
2025-06-11 04:25:00+00:00,15.079999923706055,15.09000015258789,15.079999923706055,15.09000015258789,20318,0.0,0.0,0.0
2025-06-11 04:30:00+00:00,15.09000015258789,15.100000381469727,15.09000015258789,15.100000381469727,176924,0.0,0.0,0.0
2025-06-11 04:35:00+00:00,15.09000015258789,15.100000381469727,15.09000015258789,15.09000015258789,199060,0.0,0.0,0.0
2025-06-11 04:40:00+00:00,15.100000381469727,15.100000381469727,15.09000015258789,15.09000015258789,47125,0.0,0.0,0.0
2025-06-11 04:45:00+00:00,15.09000015258789,15.09000015258789,15.09000015258789,15.09000015258789,6000,0.0,0.0,0.0
2025-06-11 04:50:00+00:00,15.100000381469727,15.100000381469727,15.100000381469727,15.100000381469727,50002,0.0,0.0,0.0
2025-06-11 04:55:00+00:00,15.100000381469727,15.100000381469727,15.100000381469727,15.100000381469727,35184,0.0,0.0,0.0
2025-06-11 05:00:00+00:00,15.09000015258789,15.100000381469727,15.09000015258789,15.100000381469727,64266,0.0,0.0,0.0
2025-06-11 05:05:00+00:00,15.09000015258789,15.09000015258789,15.09000015258789,15.09000015258789,100000,0.0,0.0,0.0
2025-06-11 05:10:00+00:00,15.09000015258789,15.100000381469727,15.09000015258789,15.100000381469727,107116,0.0,0.0,0.0
2025-06-11 05:15:00+00:00,15.100000381469727,15.100000381469727,15.09000015258789,15.100000381469727,15030,0.0,0.0,0.0
2025-06-11 05:20:00+00:00,15.100000381469727,15.100000381469727,15.09000015258789,15.09000015258789,106000,0.0,0.0,0.0
2025-06-12 01:00:00+00:00,15.09000015258789,15.109999656677246,15.09000015258789,15.109999656677246,162000,0.0,0.0,0.0
2025-06-12 01:05:00+00:00,15.100000381469727,15.130000114440918,15.100000381469727,15.119999885559082,41000,0.0,0.0,0.0
2025-06-12 01:10:00+00:00,15.119999885559082,15.130000114440918,15.119999885559082,15.119999885559082,48595,0.0,0.0,0.0
2025-06-12 01:15:00+00:00,15.109999656677246,15.109999656677246,15.109999656677246,15.109999656677246,1000,0.0,0.0,0.0
2025-06-12 01:20:00+00:00,15.109999656677246,15.119999885559082,15.100000381469727,15.119999885559082,52790,0.0,0.0,0.0
2025-06-12 01:25:00+00:00,15.119999885559082,15.119999885559082,15.109999656677246,15.109999656677246,90000,0.0,0.0,0.0
2025-06-12 01:30:00+00:00,15.119999885559082,15.130000114440918,15.119999885559082,15.119999885559082,110500,0.0,0.0,0.0
2025-06-12 01:35:00+00:00,15.119999885559082,15.119999885559082,15.109999656677246,15.109999656677246,3000,0.0,0.0,0.0
2025-06-12 01:40:00+00:00,15.100000381469727,15.109999656677246,15.100000381469727,15.109999656677246,42655,0.0,0.0,0.0
2025-06-12 01:45:00+00:00,15.09000015258789,15.09000015258789,15.09000015258789,15.09000015258789,107477,0.0,0.0,0.0
2025-06-12 01:50:00+00:00,15.100000381469727,15.100000381469727,15.100000381469727,15.100000381469727,19000,0.0,0.0,0.0
2025-06-12 01:55:00+00:00,15.100000381469727,15.109999656677246,15.100000381469727,15.100000381469727,34829,0.0,0.0,0.0
2025-06-12 02:00:00+00:00,15.100000381469727,15.100000381469727,15.100000381469727,15.100000381469727,8172,0.0,0.0,0.0
2025-06-12 02:05:00+00:00,15.100000381469727,15.100000381469727,15.100000381469727,15.100000381469727,22000,0.0,0.0,0.0
2025-06-12 02:10:00+00:00,15.100000381469727,15.100000381469727,15.100000381469727,15.100000381469727,12200,0.0,0.0,0.0
2025-06-12 02:15:00+00:00,15.100000381469727,15.100000381469727,15.100000381469727,15.100000381469727,66009,0.0,0.0,0.0
2025-06-12 02:20:00+00:00,15.100000381469727,15.100000381469727,15.100000381469727,15.100000381469727,13280,0.0,0.0,0.0
2025-06-12 02:30:00+00:00,15.100000381469727,15.100000381469727,15.100000381469727,15.100000381469727,4000,0.0,0.0,0.0
2025-06-12 02:35:00+00:00,15.100000381469727,15.109999656677246,15.100000381469727,15.109999656677246,14000,0.0,0.0,0.0
2025-06-12 02:40:00+00:00,15.100000381469727,15.100000381469727,15.100000381469727,15.100000381469727,44386,0.0,0.0,0.0
2025-06-12 02:45:00+00:00,15.100000381469727,15.100000381469727,15.100000381469727,15.100000381469727,7010,0.0,0.0,0.0
2025-06-12 02:50:00+00:00,15.100000381469727,15.100000381469727,15.100000381469727,15.100000381469727,73089,0.0,0.0,0.0
2025-06-12 02:55:00+00:00,15.100000381469727,15.109999656677246,15.100000381469727,15.100000381469727,156330,0.0,0.0,0.0
2025-06-12 03:00:00+00:00,15.100000381469727,15.100000381469727,15.100000381469727,15.100000381469727,21310,0.0,0.0,0.0
2025-06-12 03:15:00+00:00,15.109999656677246,15.109999656677246,15.109999656677246,15.109999656677246,76034,0.0,0.0,0.0
2025-06-12 03:20:00+00:00,15.100000381469727,15.100000381469727,15.100000381469727,15.100000381469727,5000,0.0,0.0,0.0
2025-06-12 03:25:00+00:00,15.100000381469727,15.100000381469727,15.100000381469727,15.100000381469727,0,0.0,0.0,0.0
2025-06-12 03:35:00+00:00,15.100000381469727,15.109999656677246,15.100000381469727,15.109999656677246,1310021,0.0,0.0,0.0
2025-06-12 03:40:00+00:00,15.109999656677246,15.109999656677246,15.109999656677246,15.109999656677246,5000,0.0,0.0,0.0
2025-06-12 03:45:00+00:00,15.109999656677246,15.109999656677246,15.109999656677246,15.109999656677246,8007,0.0,0.0,0.0
2025-06-12 03:50:00+00:00,15.109999656677246,15.109999656677246,15.109999656677246,15.109999656677246,100000,0.0,0.0,0.0
2025-06-12 03:55:00+00:00,15.109999656677246,15.109999656677246,15.109999656677246,15.109999656677246,8009,0.0,0.0,0.0
2025-06-12 04:00:00+00:00,15.100000381469727,15.109999656677246,15.100000381469727,15.109999656677246,40000,0.0,0.0,0.0
2025-06-12 04:05:00+00:00,15.109999656677246,15.109999656677246,15.109999656677246,15.109999656677246,2150,0.0,0.0,0.0
2025-06-12 04:10:00+00:00,15.109999656677246,15.109999656677246,15.109999656677246,15.109999656677246,9150,0.0,0.0,0.0
2025-06-12 04:15:00+00:00,15.100000381469727,15.100000381469727,15.100000381469727,15.100000381469727,6150,0.0,0.0,0.0
2025-06-12 04:25:00+00:00,15.100000381469727,15.100000381469727,15.100000381469727,15.100000381469727,4049,0.0,0.0,0.0
2025-06-12 04:30:00+00:00,15.100000381469727,15.100000381469727,15.100000381469727,15.100000381469727,18000,0.0,0.0,0.0
2025-06-12 04:35:00+00:00,15.100000381469727,15.100000381469727,15.100000381469727,15.100000381469727,7013,0.0,0.0,0.0
2025-06-12 04:50:00+00:00,15.09000015258789,15.09000015258789,15.09000015258789,15.09000015258789,19625,0.0,0.0,0.0
2025-06-12 04:55:00+00:00,15.09000015258789,15.09000015258789,15.09000015258789,15.09000015258789,4000,0.0,0.0,0.0
2025-06-12 05:00:00+00:00,15.09000015258789,15.09000015258789,15.09000015258789,15.09000015258789,7000,0.0,0.0,0.0
2025-06-12 05:05:00+00:00,15.09000015258789,15.09000015258789,15.09000015258789,15.09000015258789,0,0.0,0.0,0.0
2025-06-12 05:15:00+00:00,15.09000015258789,15.09000015258789,15.079999923706055,15.09000015258789,1576410,0.0,0.0,0.0
2025-06-12 05:20:00+00:00,15.09000015258789,15.100000381469727,15.09000015258789,15.09000015258789,122000,0.0,0.0,0.0
2025-06-13 01:00:00+00:00,15.050000190734863,15.050000190734863,15.020000457763672,15.020000457763672,46000,0.0,0.0,0.0
2025-06-13 01:05:00+00:00,15.010000228881836,15.029999732971191,14.989999771118164,15.020000457763672,120584,0.0,0.0,0.0
2025-06-13 01:10:00+00:00,15.020000457763672,15.020000457763672,15.0,15.0,205878,0.0,0.0,0.0
2025-06-13 01:15:00+00:00,14.989999771118164,14.989999771118164,14.989999771118164,14.989999771118164,39551,0.0,0.0,0.0
2025-06-13 01:20:00+00:00,15.0,15.010000228881836,15.0,15.0,155000,0.0,0.0,0.0
2025-06-13 01:25:00+00:00,15.0,15.010000228881836,15.0,15.010000228881836,101500,0.0,0.0,0.0
2025-06-13 01:30:00+00:00,15.010000228881836,15.039999961853027,15.010000228881836,15.039999961853027,50333,0.0,0.0,0.0
2025-06-13 01:35:00+00:00,15.039999961853027,15.079999923706055,15.039999961853027,15.079999923706055,134523,0.0,0.0,0.0
2025-06-13 01:40:00+00:00,15.079999923706055,15.079999923706055,15.069999694824219,15.069999694824219,7158,0.0,0.0,0.0
2025-06-13 01:45:00+00:00,15.069999694824219,15.09000015258789,15.069999694824219,15.09000015258789,228400,0.0,0.0,0.0
2025-06-13 01:50:00+00:00,15.079999923706055,15.09000015258789,15.079999923706055,15.09000015258789,67000,0.0,0.0,0.0
2025-06-13 01:55:00+00:00,15.100000381469727,15.109999656677246,15.100000381469727,15.109999656677246,84756,0.0,0.0,0.0
2025-06-13 02:00:00+00:00,15.119999885559082,15.119999885559082,15.119999885559082,15.119999885559082,3220,0.0,0.0,0.0
2025-06-13 02:05:00+00:00,15.109999656677246,15.109999656677246,15.109999656677246,15.109999656677246,33137,0.0,0.0,0.0
2025-06-13 02:10:00+00:00,15.109999656677246,15.119999885559082,15.109999656677246,15.119999885559082,154341,0.0,0.0,0.0
2025-06-13 02:15:00+00:00,15.119999885559082,15.130000114440918,15.119999885559082,15.130000114440918,72949,0.0,0.0,0.0
2025-06-13 02:20:00+00:00,15.130000114440918,15.149999618530273,15.130000114440918,15.130000114440918,163000,0.0,0.0,0.0
2025-06-13 02:25:00+00:00,15.119999885559082,15.119999885559082,15.109999656677246,15.119999885559082,401009,0.0,0.0,0.0
2025-06-13 02:30:00+00:00,15.130000114440918,15.130000114440918,15.100000381469727,15.100000381469727,203200,0.0,0.0,0.0
2025-06-13 02:40:00+00:00,15.079999923706055,15.079999923706055,15.0600004196167,15.0600004196167,104000,0.0,0.0,0.0
2025-06-13 02:45:00+00:00,15.050000190734863,15.079999923706055,15.050000190734863,15.079999923706055,166100,0.0,0.0,0.0
2025-06-13 02:50:00+00:00,15.079999923706055,15.09000015258789,15.079999923706055,15.09000015258789,102101,0.0,0.0,0.0
2025-06-13 02:55:00+00:00,15.079999923706055,15.100000381469727,15.079999923706055,15.100000381469727,76000,0.0,0.0,0.0
2025-06-13 03:00:00+00:00,15.109999656677246,15.109999656677246,15.09000015258789,15.09000015258789,18100,0.0,0.0,0.0
2025-06-13 03:05:00+00:00,15.09000015258789,15.09000015258789,15.079999923706055,15.09000015258789,17005,0.0,0.0,0.0
2025-06-13 03:10:00+00:00,15.09000015258789,15.100000381469727,15.09000015258789,15.100000381469727,18805,0.0,0.0,0.0
2025-06-13 03:15:00+00:00,15.109999656677246,15.109999656677246,15.109999656677246,15.109999656677246,19057,0.0,0.0,0.0
2025-06-13 03:20:00+00:00,15.109999656677246,15.109999656677246,15.109999656677246,15.109999656677246,28000,0.0,0.0,0.0
2025-06-13 03:25:00+00:00,15.119999885559082,15.119999885559082,15.119999885559082,15.119999885559082,27911,0.0,0.0,0.0
2025-06-13 03:35:00+00:00,15.109999656677246,15.109999656677246,15.109999656677246,15.109999656677246,8060,0.0,0.0,0.0
2025-06-13 03:40:00+00:00,15.100000381469727,15.109999656677246,15.100000381469727,15.100000381469727,59037,0.0,0.0,0.0
2025-06-13 03:45:00+00:00,15.09000015258789,15.109999656677246,15.09000015258789,15.100000381469727,18070,0.0,0.0,0.0
2025-06-13 03:50:00+00:00,15.100000381469727,15.109999656677246,15.100000381469727,15.109999656677246,18059,0.0,0.0,0.0
2025-06-13 03:55:00+00:00,15.109999656677246,15.109999656677246,15.109999656677246,15.109999656677246,7000,0.0,0.0,0.0
2025-06-13 04:05:00+00:00,15.109999656677246,15.119999885559082,15.100000381469727,15.100000381469727,8000,0.0,0.0,0.0
2025-06-13 04:10:00+00:00,15.100000381469727,15.109999656677246,15.100000381469727,15.109999656677246,24000,0.0,0.0,0.0
2025-06-13 04:20:00+00:00,15.100000381469727,15.100000381469727,15.100000381469727,15.100000381469727,56100,0.0,0.0,0.0
2025-06-13 04:30:00+00:00,15.100000381469727,15.100000381469727,15.100000381469727,15.100000381469727,114102,0.0,0.0,0.0
2025-06-13 04:35:00+00:00,15.100000381469727,15.100000381469727,15.100000381469727,15.100000381469727,214000,0.0,0.0,0.0
2025-06-13 04:40:00+00:00,15.100000381469727,15.100000381469727,15.100000381469727,15.100000381469727,34500,0.0,0.0,0.0
2025-06-13 04:45:00+00:00,15.100000381469727,15.100000381469727,15.100000381469727,15.100000381469727,6400,0.0,0.0,0.0
2025-06-13 04:50:00+00:00,15.100000381469727,15.100000381469727,15.100000381469727,15.100000381469727,3300,0.0,0.0,0.0
2025-06-13 04:55:00+00:00,15.100000381469727,15.100000381469727,15.100000381469727,15.100000381469727,3077,0.0,0.0,0.0
2025-06-13 05:00:00+00:00,15.09000015258789,15.09000015258789,15.09000015258789,15.09000015258789,3000,0.0,0.0,0.0
2025-06-13 05:05:00+00:00,15.079999923706055,15.079999923706055,15.079999923706055,15.079999923706055,2022,0.0,0.0,0.0
2025-06-13 05:10:00+00:00,15.079999923706055,15.079999923706055,15.079999923706055,15.079999923706055,101299,0.0,0.0,0.0
2025-06-13 05:15:00+00:00,15.069999694824219,15.069999694824219,15.069999694824219,15.069999694824219,1010,0.0,0.0,0.0
2025-06-13 05:20:00+00:00,15.0600004196167,15.0600004196167,15.0600004196167,15.0600004196167,26055,0.0,0.0,0.0
2025-06-16 01:00:00+00:00,15.020000457763672,15.050000190734863,15.020000457763672,15.029999732971191,0,0.0,0.0,0.0
2025-06-16 01:05:00+00:00,15.010000228881836,15.020000457763672,15.010000228881836,15.020000457763672,176900,0.0,0.0,0.0
2025-06-16 01:10:00+00:00,15.020000457763672,15.050000190734863,15.020000457763672,15.039999961853027,117674,0.0,0.0,0.0
2025-06-16 01:15:00+00:00,15.050000190734863,15.050000190734863,15.050000190734863,15.050000190734863,55068,0.0,0.0,0.0
2025-06-16 01:20:00+00:00,15.050000190734863,15.050000190734863,15.050000190734863,15.050000190734863,2042,0.0,0.0,0.0
2025-06-16 01:25:00+00:00,15.050000190734863,15.0600004196167,15.050000190734863,15.050000190734863,84359,0.0,0.0,0.0
2025-06-16 01:30:00+00:00,15.0600004196167,15.069999694824219,15.0600004196167,15.069999694824219,141288,0.0,0.0,0.0
2025-06-16 01:35:00+00:00,15.079999923706055,15.079999923706055,15.079999923706055,15.079999923706055,20000,0.0,0.0,0.0
2025-06-16 01:40:00+00:00,15.079999923706055,15.079999923706055,15.079999923706055,15.079999923706055,11000,0.0,0.0,0.0
2025-06-16 01:45:00+00:00,15.079999923706055,15.100000381469727,15.079999923706055,15.09000015258789,34246,0.0,0.0,0.0
2025-06-16 01:50:00+00:00,15.09000015258789,15.100000381469727,15.09000015258789,15.100000381469727,14272,0.0,0.0,0.0
2025-06-16 01:55:00+00:00,15.09000015258789,15.09000015258789,15.09000015258789,15.09000015258789,1439,0.0,0.0,0.0
2025-06-16 02:00:00+00:00,15.09000015258789,15.09000015258789,15.069999694824219,15.069999694824219,19100,0.0,0.0,0.0
2025-06-16 02:05:00+00:00,15.069999694824219,15.079999923706055,15.069999694824219,15.079999923706055,32009,0.0,0.0,0.0
2025-06-16 02:10:00+00:00,15.079999923706055,15.079999923706055,15.079999923706055,15.079999923706055,62000,0.0,0.0,0.0
2025-06-16 02:15:00+00:00,15.069999694824219,15.079999923706055,15.069999694824219,15.079999923706055,17309,0.0,0.0,0.0
2025-06-16 02:20:00+00:00,15.069999694824219,15.069999694824219,15.069999694824219,15.069999694824219,6255,0.0,0.0,0.0
2025-06-16 02:25:00+00:00,15.069999694824219,15.069999694824219,15.069999694824219,15.069999694824219,55554,0.0,0.0,0.0
2025-06-16 02:30:00+00:00,15.079999923706055,15.09000015258789,15.079999923706055,15.09000015258789,135100,0.0,0.0,0.0
2025-06-16 02:35:00+00:00,15.09000015258789,15.09000015258789,15.09000015258789,15.09000015258789,9554,0.0,0.0,0.0
2025-06-16 02:40:00+00:00,15.09000015258789,15.09000015258789,15.079999923706055,15.09000015258789,51100,0.0,0.0,0.0
2025-06-16 02:45:00+00:00,15.100000381469727,15.100000381469727,15.079999923706055,15.079999923706055,18515,0.0,0.0,0.0
2025-06-16 02:55:00+00:00,15.09000015258789,15.09000015258789,15.09000015258789,15.09000015258789,4119,0.0,0.0,0.0
2025-06-16 03:00:00+00:00,15.100000381469727,15.100000381469727,15.09000015258789,15.09000015258789,4480,0.0,0.0,0.0
2025-06-16 03:05:00+00:00,15.09000015258789,15.09000015258789,15.09000015258789,15.09000015258789,4235,0.0,0.0,0.0
2025-06-16 03:15:00+00:00,15.079999923706055,15.079999923706055,15.079999923706055,15.079999923706055,2010,0.0,0.0,0.0
2025-06-16 03:20:00+00:00,15.079999923706055,15.09000015258789,15.079999923706055,15.09000015258789,15109,0.0,0.0,0.0
2025-06-16 03:25:00+00:00,15.09000015258789,15.09000015258789,15.079999923706055,15.09000015258789,28030,0.0,0.0,0.0
2025-06-16 03:30:00+00:00,15.09000015258789,15.09000015258789,15.09000015258789,15.09000015258789,15078,0.0,0.0,0.0
2025-06-16 03:35:00+00:00,15.09000015258789,15.09000015258789,15.09000015258789,15.09000015258789,11000,0.0,0.0,0.0
2025-06-16 03:40:00+00:00,15.079999923706055,15.09000015258789,15.079999923706055,15.079999923706055,15009,0.0,0.0,0.0
2025-06-16 03:45:00+00:00,15.079999923706055,15.079999923706055,15.079999923706055,15.079999923706055,35100,0.0,0.0,0.0
2025-06-16 03:50:00+00:00,15.079999923706055,15.09000015258789,15.079999923706055,15.09000015258789,93019,0.0,0.0,0.0
2025-06-16 03:55:00+00:00,15.09000015258789,15.09000015258789,15.079999923706055,15.09000015258789,57080,0.0,0.0,0.0
2025-06-16 04:00:00+00:00,15.09000015258789,15.09000015258789,15.09000015258789,15.09000015258789,12109,0.0,0.0,0.0
2025-06-16 04:05:00+00:00,15.09000015258789,15.09000015258789,15.079999923706055,15.079999923706055,7250,0.0,0.0,0.0
2025-06-16 04:10:00+00:00,15.09000015258789,15.09000015258789,15.079999923706055,15.079999923706055,33873,0.0,0.0,0.0
2025-06-16 04:15:00+00:00,15.09000015258789,15.09000015258789,15.09000015258789,15.09000015258789,11000,0.0,0.0,0.0
2025-06-16 04:20:00+00:00,15.09000015258789,15.09000015258789,15.09000015258789,15.09000015258789,1009,0.0,0.0,0.0
2025-06-16 04:25:00+00:00,15.09000015258789,15.09000015258789,15.09000015258789,15.09000015258789,19246,0.0,0.0,0.0
2025-06-16 04:30:00+00:00,15.09000015258789,15.09000015258789,15.09000015258789,15.09000015258789,7109,0.0,0.0,0.0
2025-06-16 04:35:00+00:00,15.09000015258789,15.09000015258789,15.09000015258789,15.09000015258789,14100,0.0,0.0,0.0
2025-06-16 04:40:00+00:00,15.09000015258789,15.100000381469727,15.09000015258789,15.09000015258789,217309,0.0,0.0,0.0
2025-06-16 04:45:00+00:00,15.09000015258789,15.09000015258789,15.09000015258789,15.09000015258789,11172,0.0,0.0,0.0
2025-06-16 04:50:00+00:00,15.09000015258789,15.09000015258789,15.09000015258789,15.09000015258789,15752,0.0,0.0,0.0
2025-06-16 04:55:00+00:00,15.09000015258789,15.100000381469727,15.09000015258789,15.100000381469727,24182,0.0,0.0,0.0
2025-06-16 05:10:00+00:00,15.100000381469727,15.100000381469727,15.100000381469727,15.100000381469727,45000,0.0,0.0,0.0
2025-06-16 05:15:00+00:00,15.100000381469727,15.100000381469727,15.09000015258789,15.09000015258789,10147,0.0,0.0,0.0
2025-06-16 05:20:00+00:00,15.100000381469727,15.100000381469727,15.09000015258789,15.09000015258789,12686,0.0,0.0,0.0
2025-06-17 01:00:00+00:00,15.119999885559082,15.140000343322754,15.119999885559082,15.130000114440918,164000,0.0,0.0,0.0
2025-06-17 01:05:00+00:00,15.130000114440918,15.140000343322754,15.130000114440918,15.130000114440918,27685,0.0,0.0,0.0
2025-06-17 01:10:00+00:00,15.140000343322754,15.140000343322754,15.140000343322754,15.140000343322754,54335,0.0,0.0,0.0
2025-06-17 01:15:00+00:00,15.130000114440918,15.130000114440918,15.130000114440918,15.130000114440918,10654,0.0,0.0,0.0
2025-06-17 01:20:00+00:00,15.119999885559082,15.130000114440918,15.119999885559082,15.119999885559082,121107,0.0,0.0,0.0
2025-06-17 01:25:00+00:00,15.119999885559082,15.119999885559082,15.119999885559082,15.119999885559082,2178,0.0,0.0,0.0
2025-06-17 01:30:00+00:00,15.119999885559082,15.119999885559082,15.119999885559082,15.119999885559082,115000,0.0,0.0,0.0
2025-06-17 01:35:00+00:00,15.119999885559082,15.119999885559082,15.119999885559082,15.119999885559082,36332,0.0,0.0,0.0
2025-06-17 01:40:00+00:00,15.119999885559082,15.119999885559082,15.119999885559082,15.119999885559082,5500,0.0,0.0,0.0
2025-06-17 01:45:00+00:00,15.119999885559082,15.119999885559082,15.119999885559082,15.119999885559082,30040,0.0,0.0,0.0
2025-06-17 01:50:00+00:00,15.119999885559082,15.119999885559082,15.119999885559082,15.119999885559082,17000,0.0,0.0,0.0
2025-06-17 01:55:00+00:00,15.109999656677246,15.109999656677246,15.109999656677246,15.109999656677246,2615,0.0,0.0,0.0
2025-06-17 02:00:00+00:00,15.109999656677246,15.109999656677246,15.100000381469727,15.100000381469727,12055,0.0,0.0,0.0
2025-06-17 02:05:00+00:00,15.100000381469727,15.100000381469727,15.09000015258789,15.09000015258789,3000,0.0,0.0,0.0
2025-06-17 02:10:00+00:00,15.09000015258789,15.100000381469727,15.09000015258789,15.100000381469727,25100,0.0,0.0,0.0
2025-06-17 02:15:00+00:00,15.079999923706055,15.09000015258789,15.079999923706055,15.09000015258789,12200,0.0,0.0,0.0
2025-06-17 02:25:00+00:00,15.079999923706055,15.079999923706055,15.069999694824219,15.069999694824219,36000,0.0,0.0,0.0
2025-06-17 02:30:00+00:00,15.069999694824219,15.069999694824219,15.069999694824219,15.069999694824219,12154,0.0,0.0,0.0
2025-06-17 02:35:00+00:00,15.069999694824219,15.069999694824219,15.069999694824219,15.069999694824219,9154,0.0,0.0,0.0
2025-06-17 02:40:00+00:00,15.069999694824219,15.09000015258789,15.069999694824219,15.09000015258789,25000,0.0,0.0,0.0
2025-06-17 02:45:00+00:00,15.079999923706055,15.079999923706055,15.079999923706055,15.079999923706055,3000,0.0,0.0,0.0
2025-06-17 02:50:00+00:00,15.079999923706055,15.09000015258789,15.079999923706055,15.09000015258789,48355,0.0,0.0,0.0
2025-06-17 02:55:00+00:00,15.09000015258789,15.09000015258789,15.09000015258789,15.09000015258789,13390,0.0,0.0,0.0
2025-06-17 03:00:00+00:00,15.100000381469727,15.100000381469727,15.09000015258789,15.09000015258789,26265,0.0,0.0,0.0
2025-06-17 03:05:00+00:00,15.100000381469727,15.100000381469727,15.100000381469727,15.100000381469727,30000,0.0,0.0,0.0
2025-06-17 03:10:00+00:00,15.100000381469727,15.100000381469727,15.100000381469727,15.100000381469727,98100,0.0,0.0,0.0
2025-06-17 03:15:00+00:00,15.100000381469727,15.100000381469727,15.100000381469727,15.100000381469727,9080,0.0,0.0,0.0
2025-06-17 03:20:00+00:00,15.100000381469727,15.100000381469727,15.100000381469727,15.100000381469727,17000,0.0,0.0,0.0
2025-06-17 03:25:00+00:00,15.100000381469727,15.100000381469727,15.100000381469727,15.100000381469727,16000,0.0,0.0,0.0
2025-06-17 03:30:00+00:00,15.100000381469727,15.100000381469727,15.100000381469727,15.100000381469727,64400,0.0,0.0,0.0
2025-06-17 03:35:00+00:00,15.100000381469727,15.100000381469727,15.100000381469727,15.100000381469727,27000,0.0,0.0,0.0
2025-06-17 03:40:00+00:00,15.109999656677246,15.109999656677246,15.109999656677246,15.109999656677246,34489,0.0,0.0,0.0
2025-06-17 03:45:00+00:00,15.109999656677246,15.109999656677246,15.109999656677246,15.109999656677246,200100,0.0,0.0,0.0
2025-06-17 03:50:00+00:00,15.109999656677246,15.109999656677246,15.109999656677246,15.109999656677246,5000,0.0,0.0,0.0
2025-06-17 03:55:00+00:00,15.109999656677246,15.109999656677246,15.100000381469727,15.100000381469727,42000,0.0,0.0,0.0
2025-06-17 04:00:00+00:00,15.100000381469727,15.100000381469727,15.100000381469727,15.100000381469727,10010,0.0,0.0,0.0
2025-06-17 04:05:00+00:00,15.100000381469727,15.109999656677246,15.100000381469727,15.109999656677246,6050,0.0,0.0,0.0
2025-06-17 04:10:00+00:00,15.100000381469727,15.100000381469727,15.100000381469727,15.100000381469727,20000,0.0,0.0,0.0
2025-06-17 04:15:00+00:00,15.100000381469727,15.100000381469727,15.09000015258789,15.09000015258789,71000,0.0,0.0,0.0
2025-06-17 04:20:00+00:00,15.100000381469727,15.100000381469727,15.09000015258789,15.100000381469727,10010,0.0,0.0,0.0
2025-06-17 04:25:00+00:00,15.109999656677246,15.119999885559082,15.109999656677246,15.119999885559082,53547,0.0,0.0,0.0
2025-06-17 04:30:00+00:00,15.119999885559082,15.130000114440918,15.119999885559082,15.130000114440918,300100,0.0,0.0,0.0
2025-06-17 04:35:00+00:00,15.130000114440918,15.130000114440918,15.130000114440918,15.130000114440918,20452,0.0,0.0,0.0
2025-06-17 04:40:00+00:00,15.130000114440918,15.140000343322754,15.130000114440918,15.140000343322754,203000,0.0,0.0,0.0
2025-06-17 04:45:00+00:00,15.140000343322754,15.140000343322754,15.140000343322754,15.140000343322754,58181,0.0,0.0,0.0
2025-06-17 04:50:00+00:00,15.140000343322754,15.140000343322754,15.140000343322754,15.140000343322754,39003,0.0,0.0,0.0
2025-06-17 04:55:00+00:00,15.130000114440918,15.130000114440918,15.119999885559082,15.119999885559082,103300,0.0,0.0,0.0
2025-06-17 05:00:00+00:00,15.109999656677246,15.109999656677246,15.109999656677246,15.109999656677246,1000,0.0,0.0,0.0
2025-06-17 05:05:00+00:00,15.100000381469727,15.100000381469727,15.09000015258789,15.09000015258789,14000,0.0,0.0,0.0
2025-06-17 05:10:00+00:00,15.09000015258789,15.100000381469727,15.09000015258789,15.100000381469727,24047,0.0,0.0,0.0
2025-06-17 05:15:00+00:00,15.100000381469727,15.100000381469727,15.100000381469727,15.100000381469727,1012,0.0,0.0,0.0
2025-06-17 05:20:00+00:00,15.100000381469727,15.100000381469727,15.100000381469727,15.100000381469727,6150,0.0,0.0,0.0
2025-06-18 01:00:00+00:00,15.079999923706055,15.079999923706055,15.079999923706055,15.079999923706055,11000,0.0,0.0,0.0
2025-06-18 01:05:00+00:00,15.039999961853027,15.039999961853027,15.020000457763672,15.020000457763672,182834,0.0,0.0,0.0
2025-06-18 01:10:00+00:00,15.0,15.010000228881836,15.0,15.010000228881836,21451,0.0,0.0,0.0
2025-06-18 01:15:00+00:00,15.010000228881836,15.010000228881836,15.0,15.010000228881836,80810,0.0,0.0,0.0
2025-06-18 01:20:00+00:00,15.0,15.020000457763672,15.0,15.020000457763672,13000,0.0,0.0,0.0
2025-06-18 01:25:00+00:00,15.020000457763672,15.020000457763672,15.010000228881836,15.010000228881836,11395,0.0,0.0,0.0
2025-06-18 01:30:00+00:00,15.010000228881836,15.020000457763672,15.010000228881836,15.020000457763672,12000,0.0,0.0,0.0
2025-06-18 01:35:00+00:00,15.029999732971191,15.039999961853027,15.029999732971191,15.039999961853027,16235,0.0,0.0,0.0
2025-06-18 01:45:00+00:00,15.039999961853027,15.039999961853027,15.039999961853027,15.039999961853027,100050,0.0,0.0,0.0
2025-06-18 01:50:00+00:00,15.039999961853027,15.050000190734863,15.039999961853027,15.050000190734863,277000,0.0,0.0,0.0
2025-06-18 01:55:00+00:00,15.050000190734863,15.0600004196167,15.050000190734863,15.0600004196167,11889,0.0,0.0,0.0
2025-06-18 02:10:00+00:00,15.050000190734863,15.0600004196167,15.050000190734863,15.050000190734863,42195,0.0,0.0,0.0
2025-06-18 02:15:00+00:00,15.050000190734863,15.069999694824219,15.050000190734863,15.069999694824219,6707,0.0,0.0,0.0
2025-06-18 02:20:00+00:00,15.050000190734863,15.069999694824219,15.050000190734863,15.069999694824219,23217,0.0,0.0,0.0
2025-06-18 02:25:00+00:00,15.079999923706055,15.079999923706055,15.0600004196167,15.0600004196167,3333,0.0,0.0,0.0
2025-06-18 02:35:00+00:00,15.079999923706055,15.09000015258789,15.079999923706055,15.09000015258789,53160,0.0,0.0,0.0
2025-06-18 02:40:00+00:00,15.079999923706055,15.079999923706055,15.079999923706055,15.079999923706055,1000,0.0,0.0,0.0
2025-06-18 02:45:00+00:00,15.079999923706055,15.09000015258789,15.079999923706055,15.09000015258789,5002,0.0,0.0,0.0
2025-06-18 02:50:00+00:00,15.100000381469727,15.100000381469727,15.09000015258789,15.09000015258789,60035,0.0,0.0,0.0
2025-06-18 02:55:00+00:00,15.09000015258789,15.09000015258789,15.09000015258789,15.09000015258789,30305,0.0,0.0,0.0
2025-06-18 03:00:00+00:00,15.09000015258789,15.09000015258789,15.09000015258789,15.09000015258789,3100,0.0,0.0,0.0
2025-06-18 03:05:00+00:00,15.079999923706055,15.079999923706055,15.069999694824219,15.069999694824219,5048,0.0,0.0,0.0
2025-06-18 03:10:00+00:00,15.069999694824219,15.069999694824219,15.069999694824219,15.069999694824219,1360,0.0,0.0,0.0
2025-06-18 03:15:00+00:00,15.0600004196167,15.0600004196167,15.0600004196167,15.0600004196167,1150,0.0,0.0,0.0
2025-06-18 03:20:00+00:00,15.069999694824219,15.069999694824219,15.069999694824219,15.069999694824219,12000,0.0,0.0,0.0
2025-06-18 03:25:00+00:00,15.069999694824219,15.079999923706055,15.069999694824219,15.079999923706055,13056,0.0,0.0,0.0
2025-06-18 03:30:00+00:00,15.069999694824219,15.069999694824219,15.069999694824219,15.069999694824219,3624,0.0,0.0,0.0
2025-06-18 03:40:00+00:00,15.069999694824219,15.069999694824219,15.069999694824219,15.069999694824219,2000,0.0,0.0,0.0
2025-06-18 03:45:00+00:00,15.069999694824219,15.069999694824219,15.069999694824219,15.069999694824219,5000,0.0,0.0,0.0
2025-06-18 03:50:00+00:00,15.069999694824219,15.069999694824219,15.069999694824219,15.069999694824219,1890,0.0,0.0,0.0
2025-06-18 03:55:00+00:00,15.069999694824219,15.069999694824219,15.069999694824219,15.069999694824219,1100,0.0,0.0,0.0
2025-06-18 04:00:00+00:00,15.069999694824219,15.069999694824219,15.069999694824219,15.069999694824219,4000,0.0,0.0,0.0
2025-06-18 04:05:00+00:00,15.0600004196167,15.0600004196167,15.0600004196167,15.0600004196167,1000,0.0,0.0,0.0
2025-06-18 04:10:00+00:00,15.0600004196167,15.0600004196167,15.0600004196167,15.0600004196167,218781,0.0,0.0,0.0
2025-06-18 04:15:00+00:00,15.050000190734863,15.050000190734863,15.050000190734863,15.050000190734863,5069,0.0,0.0,0.0
2025-06-18 04:20:00+00:00,15.050000190734863,15.050000190734863,15.050000190734863,15.050000190734863,5525,0.0,0.0,0.0
2025-06-18 04:30:00+00:00,15.039999961853027,15.039999961853027,15.029999732971191,15.029999732971191,5643,0.0,0.0,0.0
2025-06-18 04:35:00+00:00,15.020000457763672,15.020000457763672,15.020000457763672,15.020000457763672,193500,0.0,0.0,0.0
2025-06-18 04:40:00+00:00,15.020000457763672,15.029999732971191,15.020000457763672,15.029999732971191,19240,0.0,0.0,0.0
2025-06-18 04:55:00+00:00,15.039999961853027,15.039999961853027,15.039999961853027,15.039999961853027,13002,0.0,0.0,0.0
2025-06-18 05:00:00+00:00,15.039999961853027,15.050000190734863,15.039999961853027,15.050000190734863,17034,0.0,0.0,0.0
2025-06-18 05:10:00+00:00,15.050000190734863,15.0600004196167,15.050000190734863,15.050000190734863,41122,0.0,0.0,0.0
2025-06-18 05:15:00+00:00,15.039999961853027,15.050000190734863,15.039999961853027,15.039999961853027,31426,0.0,0.0,0.0
2025-06-18 05:20:00+00:00,15.039999961853027,15.050000190734863,15.039999961853027,15.050000190734863,22235,0.0,0.0,0.0
2025-06-19 01:00:00+00:00,15.029999732971191,15.029999732971191,15.010000228881836,15.010000228881836,14000,0.0,0.0,0.0
2025-06-19 01:05:00+00:00,15.0,15.0,15.0,15.0,14478,0.0,0.0,0.0
2025-06-19 01:10:00+00:00,15.0,15.0,15.0,15.0,4153,0.0,0.0,0.0
2025-06-19 01:20:00+00:00,14.989999771118164,14.989999771118164,14.989999771118164,14.989999771118164,354391,0.0,0.0,0.0
2025-06-19 01:25:00+00:00,14.989999771118164,14.989999771118164,14.989999771118164,14.989999771118164,140059,0.0,0.0,0.0
2025-06-19 01:30:00+00:00,14.989999771118164,15.0,14.989999771118164,15.0,37110,0.0,0.0,0.0
2025-06-19 01:35:00+00:00,14.989999771118164,14.989999771118164,14.970000267028809,14.970000267028809,674805,0.0,0.0,0.0
2025-06-19 01:40:00+00:00,14.970000267028809,14.979999542236328,14.970000267028809,14.979999542236328,158000,0.0,0.0,0.0
2025-06-19 01:45:00+00:00,14.979999542236328,14.979999542236328,14.960000038146973,14.960000038146973,12012,0.0,0.0,0.0
2025-06-19 01:50:00+00:00,14.960000038146973,14.960000038146973,14.960000038146973,14.960000038146973,16887,0.0,0.0,0.0
2025-06-19 02:00:00+00:00,14.979999542236328,14.979999542236328,14.979999542236328,14.979999542236328,5627,0.0,0.0,0.0
2025-06-19 02:05:00+00:00,14.979999542236328,14.979999542236328,14.979999542236328,14.979999542236328,1343,0.0,0.0,0.0
2025-06-19 02:15:00+00:00,14.979999542236328,14.979999542236328,14.979999542236328,14.979999542236328,2290,0.0,0.0,0.0
2025-06-19 02:20:00+00:00,14.960000038146973,14.970000267028809,14.949999809265137,14.949999809265137,16365,0.0,0.0,0.0
2025-06-19 02:25:00+00:00,14.960000038146973,14.960000038146973,14.9399995803833,14.9399995803833,429000,0.0,0.0,0.0
2025-06-19 02:30:00+00:00,14.970000267028809,14.970000267028809,14.970000267028809,14.970000267028809,2143,0.0,0.0,0.0
2025-06-19 02:35:00+00:00,14.9399995803833,14.9399995803833,14.9399995803833,14.9399995803833,101102,0.0,0.0,0.0
2025-06-19 02:45:00+00:00,14.9399995803833,14.960000038146973,14.9399995803833,14.960000038146973,3590,0.0,0.0,0.0
2025-06-19 02:50:00+00:00,14.949999809265137,14.949999809265137,14.949999809265137,14.949999809265137,7000,0.0,0.0,0.0
2025-06-19 02:55:00+00:00,14.9399995803833,14.9399995803833,14.930000305175781,14.930000305175781,355311,0.0,0.0,0.0
2025-06-19 03:05:00+00:00,14.930000305175781,14.930000305175781,14.930000305175781,14.930000305175781,1050,0.0,0.0,0.0
2025-06-19 03:15:00+00:00,14.930000305175781,14.930000305175781,14.930000305175781,14.930000305175781,10150,0.0,0.0,0.0
2025-06-19 03:20:00+00:00,14.930000305175781,14.930000305175781,14.930000305175781,14.930000305175781,31128,0.0,0.0,0.0
2025-06-19 03:40:00+00:00,14.949999809265137,14.949999809265137,14.949999809265137,14.949999809265137,1000,0.0,0.0,0.0
2025-06-19 03:45:00+00:00,14.9399995803833,14.9399995803833,14.930000305175781,14.930000305175781,26000,0.0,0.0,0.0
2025-06-19 03:50:00+00:00,14.930000305175781,14.930000305175781,14.930000305175781,14.930000305175781,1872,0.0,0.0,0.0
2025-06-19 04:00:00+00:00,14.9399995803833,14.9399995803833,14.9399995803833,14.9399995803833,4000,0.0,0.0,0.0
2025-06-19 04:05:00+00:00,14.9399995803833,14.9399995803833,14.9399995803833,14.9399995803833,1510,0.0,0.0,0.0
2025-06-19 04:15:00+00:00,14.9399995803833,14.9399995803833,14.9399995803833,14.9399995803833,6110,0.0,0.0,0.0
2025-06-19 04:20:00+00:00,14.9399995803833,14.9399995803833,14.9399995803833,14.9399995803833,5000,0.0,0.0,0.0
2025-06-19 04:25:00+00:00,14.9399995803833,14.9399995803833,14.930000305175781,14.930000305175781,6325,0.0,0.0,0.0
2025-06-19 04:30:00+00:00,14.930000305175781,14.930000305175781,14.920000076293945,14.920000076293945,31578,0.0,0.0,0.0
2025-06-19 04:35:00+00:00,14.920000076293945,14.920000076293945,14.920000076293945,14.920000076293945,4252,0.0,0.0,0.0
2025-06-19 04:45:00+00:00,14.930000305175781,14.930000305175781,14.930000305175781,14.930000305175781,4944,0.0,0.0,0.0
2025-06-19 05:00:00+00:00,14.920000076293945,14.920000076293945,14.899999618530273,14.899999618530273,38747,0.0,0.0,0.0
2025-06-19 05:05:00+00:00,14.899999618530273,14.899999618530273,14.899999618530273,14.899999618530273,34033,0.0,0.0,0.0
2025-06-19 05:15:00+00:00,14.920000076293945,14.920000076293945,14.920000076293945,14.920000076293945,1225,0.0,0.0,0.0
2025-06-19 05:20:00+00:00,14.90999984741211,14.90999984741211,14.90999984741211,14.90999984741211,9021,0.0,0.0,0.0
2025-06-20 01:00:00+00:00,14.899999618530273,14.899999618530273,14.899999618530273,14.899999618530273,4000,0.0,0.0,0.0
2025-06-20 01:05:00+00:00,14.899999618530273,14.90999984741211,14.880000114440918,14.899999618530273,217000,0.0,0.0,0.0
2025-06-20 01:10:00+00:00,14.880000114440918,14.880000114440918,14.880000114440918,14.880000114440918,2177,0.0,0.0,0.0
2025-06-20 01:15:00+00:00,14.869999885559082,14.869999885559082,14.869999885559082,14.869999885559082,1000,0.0,0.0,0.0
2025-06-20 01:20:00+00:00,14.859999656677246,14.859999656677246,14.84000015258789,14.84000015258789,19986,0.0,0.0,0.0
2025-06-20 01:25:00+00:00,14.829999923706055,14.84000015258789,14.8100004196167,14.8100004196167,11320,0.0,0.0,0.0
2025-06-20 01:30:00+00:00,14.8100004196167,14.819999694824219,14.800000190734863,14.800000190734863,24290,0.0,0.0,0.0
2025-06-20 01:35:00+00:00,14.800000190734863,14.800000190734863,14.779999732971191,14.779999732971191,49318,0.0,0.0,0.0
2025-06-20 01:40:00+00:00,14.770000457763672,14.779999732971191,14.760000228881836,14.760000228881836,38852,0.0,0.0,0.0
2025-06-20 01:45:00+00:00,14.75,14.760000228881836,14.75,14.75,46240,0.0,0.0,0.0
2025-06-20 01:50:00+00:00,14.75,14.760000228881836,14.75,14.75,10354,0.0,0.0,0.0
2025-06-20 01:55:00+00:00,14.75,14.75,14.75,14.75,3150,0.0,0.0,0.0
2025-06-20 02:00:00+00:00,14.75,14.75,14.75,14.75,39000,0.0,0.0,0.0
2025-06-20 02:05:00+00:00,14.760000228881836,14.760000228881836,14.75,14.75,41862,0.0,0.0,0.0
2025-06-20 02:10:00+00:00,14.75,14.75,14.75,14.75,4000,0.0,0.0,0.0
2025-06-20 02:15:00+00:00,14.760000228881836,14.760000228881836,14.760000228881836,14.760000228881836,3000,0.0,0.0,0.0
2025-06-20 02:20:00+00:00,14.760000228881836,14.760000228881836,14.760000228881836,14.760000228881836,2000,0.0,0.0,0.0
2025-06-20 02:25:00+00:00,14.760000228881836,14.760000228881836,14.760000228881836,14.760000228881836,4030,0.0,0.0,0.0
2025-06-20 02:30:00+00:00,14.760000228881836,14.760000228881836,14.75,14.760000228881836,15000,0.0,0.0,0.0
2025-06-20 02:40:00+00:00,14.770000457763672,14.770000457763672,14.770000457763672,14.770000457763672,1000,0.0,0.0,0.0
2025-06-20 02:45:00+00:00,14.770000457763672,14.770000457763672,14.760000228881836,14.770000457763672,12871,0.0,0.0,0.0
2025-06-20 02:55:00+00:00,14.75,14.75,14.75,14.75,173436,0.0,0.0,0.0
2025-06-20 03:00:00+00:00,14.75,14.75,14.75,14.75,2330,0.0,0.0,0.0
2025-06-20 03:10:00+00:00,14.75,14.75,14.739999771118164,14.739999771118164,8546,0.0,0.0,0.0
2025-06-20 03:20:00+00:00,14.739999771118164,14.75,14.739999771118164,14.739999771118164,15775,0.0,0.0,0.0
2025-06-20 03:25:00+00:00,14.75,14.75,14.75,14.75,1000,0.0,0.0,0.0
2025-06-20 03:30:00+00:00,14.760000228881836,14.760000228881836,14.75,14.75,107150,0.0,0.0,0.0
2025-06-20 03:35:00+00:00,14.760000228881836,14.770000457763672,14.760000228881836,14.770000457763672,65550,0.0,0.0,0.0
2025-06-20 03:45:00+00:00,14.770000457763672,14.770000457763672,14.770000457763672,14.770000457763672,2000,0.0,0.0,0.0
2025-06-20 03:50:00+00:00,14.779999732971191,14.779999732971191,14.779999732971191,14.779999732971191,5000,0.0,0.0,0.0
2025-06-20 03:55:00+00:00,14.770000457763672,14.770000457763672,14.770000457763672,14.770000457763672,1010,0.0,0.0,0.0
2025-06-20 04:20:00+00:00,14.770000457763672,14.770000457763672,14.770000457763672,14.770000457763672,6297,0.0,0.0,0.0
2025-06-20 04:30:00+00:00,14.770000457763672,14.770000457763672,14.770000457763672,14.770000457763672,1000,0.0,0.0,0.0
2025-06-20 04:35:00+00:00,14.760000228881836,14.760000228881836,14.760000228881836,14.760000228881836,5000,0.0,0.0,0.0
2025-06-20 04:45:00+00:00,14.760000228881836,14.760000228881836,14.760000228881836,14.760000228881836,3360,0.0,0.0,0.0
2025-06-20 04:50:00+00:00,14.760000228881836,14.770000457763672,14.760000228881836,14.770000457763672,11000,0.0,0.0,0.0
2025-06-20 04:55:00+00:00,14.770000457763672,14.770000457763672,14.770000457763672,14.770000457763672,3222,0.0,0.0,0.0
2025-06-20 05:00:00+00:00,14.760000228881836,14.760000228881836,14.760000228881836,14.760000228881836,1285,0.0,0.0,0.0
2025-06-20 05:05:00+00:00,14.75,14.75,14.75,14.75,10095,0.0,0.0,0.0
2025-06-20 05:10:00+00:00,14.75,14.779999732971191,14.75,14.779999732971191,9584,0.0,0.0,0.0
2025-06-20 05:15:00+00:00,14.760000228881836,14.760000228881836,14.760000228881836,14.760000228881836,3000,0.0,0.0,0.0
2025-06-20 05:20:00+00:00,14.760000228881836,14.760000228881836,14.760000228881836,14.760000228881836,3263,0.0,0.0,0.0
2025-06-23 01:00:00+00:00,14.5600004196167,14.5600004196167,14.510000228881836,14.510000228881836,0,0.0,0.0,0.0
2025-06-23 01:05:00+00:00,14.600000381469727,14.609999656677246,14.600000381469727,14.600000381469727,35192,0.0,0.0,0.0
2025-06-23 01:10:00+00:00,14.609999656677246,14.609999656677246,14.600000381469727,14.600000381469727,17000,0.0,0.0,0.0
2025-06-23 01:15:00+00:00,14.59000015258789,14.59000015258789,14.550000190734863,14.550000190734863,13359,0.0,0.0,0.0
2025-06-23 01:20:00+00:00,14.550000190734863,14.550000190734863,14.539999961853027,14.539999961853027,23219,0.0,0.0,0.0
2025-06-23 01:25:00+00:00,14.529999732971191,14.529999732971191,14.5,14.5,55445,0.0,0.0,0.0
2025-06-23 01:30:00+00:00,14.5,14.520000457763672,14.5,14.520000457763672,81093,0.0,0.0,0.0
2025-06-23 01:35:00+00:00,14.539999961853027,14.539999961853027,14.539999961853027,14.539999961853027,7000,0.0,0.0,0.0
2025-06-23 01:40:00+00:00,14.529999732971191,14.529999732971191,14.529999732971191,14.529999732971191,9318,0.0,0.0,0.0
2025-06-23 01:45:00+00:00,14.539999961853027,14.539999961853027,14.529999732971191,14.529999732971191,4573,0.0,0.0,0.0
2025-06-23 01:50:00+00:00,14.529999732971191,14.550000190734863,14.529999732971191,14.550000190734863,19000,0.0,0.0,0.0
2025-06-23 01:55:00+00:00,14.529999732971191,14.529999732971191,14.520000457763672,14.520000457763672,10411,0.0,0.0,0.0
2025-06-23 02:00:00+00:00,14.550000190734863,14.550000190734863,14.520000457763672,14.520000457763672,4316,0.0,0.0,0.0
2025-06-23 02:05:00+00:00,14.539999961853027,14.539999961853027,14.539999961853027,14.539999961853027,100000,0.0,0.0,0.0
2025-06-23 02:10:00+00:00,14.550000190734863,14.550000190734863,14.550000190734863,14.550000190734863,1000,0.0,0.0,0.0
2025-06-23 02:15:00+00:00,14.550000190734863,14.550000190734863,14.539999961853027,14.539999961853027,19235,0.0,0.0,0.0
2025-06-23 02:20:00+00:00,14.539999961853027,14.550000190734863,14.539999961853027,14.550000190734863,121050,0.0,0.0,0.0
2025-06-23 02:25:00+00:00,14.539999961853027,14.539999961853027,14.539999961853027,14.539999961853027,60067,0.0,0.0,0.0
2025-06-23 02:30:00+00:00,14.5600004196167,14.5600004196167,14.539999961853027,14.539999961853027,33000,0.0,0.0,0.0
2025-06-23 02:35:00+00:00,14.539999961853027,14.539999961853027,14.539999961853027,14.539999961853027,3091,0.0,0.0,0.0
2025-06-23 02:40:00+00:00,14.539999961853027,14.539999961853027,14.539999961853027,14.539999961853027,100300,0.0,0.0,0.0
2025-06-23 02:45:00+00:00,14.5600004196167,14.5600004196167,14.529999732971191,14.529999732971191,10767,0.0,0.0,0.0
2025-06-23 02:50:00+00:00,14.539999961853027,14.539999961853027,14.539999961853027,14.539999961853027,2000,0.0,0.0,0.0
2025-06-23 02:55:00+00:00,14.539999961853027,14.550000190734863,14.539999961853027,14.550000190734863,6500,0.0,0.0,0.0
2025-06-23 03:00:00+00:00,14.550000190734863,14.5600004196167,14.539999961853027,14.539999961853027,7224,0.0,0.0,0.0
2025-06-23 03:10:00+00:00,14.539999961853027,14.539999961853027,14.539999961853027,14.539999961853027,1000,0.0,0.0,0.0
2025-06-23 03:15:00+00:00,14.550000190734863,14.569999694824219,14.539999961853027,14.539999961853027,4000,0.0,0.0,0.0
2025-06-23 03:25:00+00:00,14.579999923706055,14.579999923706055,14.5600004196167,14.5600004196167,32000,0.0,0.0,0.0
2025-06-23 03:30:00+00:00,14.579999923706055,14.579999923706055,14.579999923706055,14.579999923706055,1000,0.0,0.0,0.0
2025-06-23 03:40:00+00:00,14.579999923706055,14.579999923706055,14.579999923706055,14.579999923706055,7095,0.0,0.0,0.0
2025-06-23 03:45:00+00:00,14.59000015258789,14.59000015258789,14.569999694824219,14.569999694824219,5008,0.0,0.0,0.0
2025-06-23 03:50:00+00:00,14.569999694824219,14.569999694824219,14.569999694824219,14.569999694824219,1590,0.0,0.0,0.0
2025-06-23 04:00:00+00:00,14.569999694824219,14.569999694824219,14.569999694824219,14.569999694824219,2018,0.0,0.0,0.0
2025-06-23 04:10:00+00:00,14.569999694824219,14.569999694824219,14.569999694824219,14.569999694824219,1000,0.0,0.0,0.0
2025-06-23 04:15:00+00:00,14.579999923706055,14.579999923706055,14.579999923706055,14.579999923706055,84198,0.0,0.0,0.0
2025-06-23 04:20:00+00:00,14.579999923706055,14.579999923706055,14.579999923706055,14.579999923706055,10343,0.0,0.0,0.0
2025-06-23 04:25:00+00:00,14.579999923706055,14.59000015258789,14.579999923706055,14.59000015258789,3250,0.0,0.0,0.0
2025-06-23 04:30:00+00:00,14.59000015258789,14.59000015258789,14.59000015258789,14.59000015258789,6145,0.0,0.0,0.0
2025-06-23 04:35:00+00:00,14.59000015258789,14.59000015258789,14.579999923706055,14.579999923706055,7210,0.0,0.0,0.0
2025-06-23 04:40:00+00:00,14.569999694824219,14.569999694824219,14.569999694824219,14.569999694824219,3500,0.0,0.0,0.0
2025-06-23 04:45:00+00:00,14.569999694824219,14.59000015258789,14.569999694824219,14.59000015258789,6100,0.0,0.0,0.0
2025-06-23 04:50:00+00:00,14.579999923706055,14.579999923706055,14.579999923706055,14.579999923706055,25208,0.0,0.0,0.0
2025-06-23 04:55:00+00:00,14.579999923706055,14.579999923706055,14.579999923706055,14.579999923706055,2100,0.0,0.0,0.0
2025-06-23 05:00:00+00:00,14.600000381469727,14.600000381469727,14.600000381469727,14.600000381469727,7104,0.0,0.0,0.0
2025-06-23 05:05:00+00:00,14.600000381469727,14.600000381469727,14.600000381469727,14.600000381469727,2141,0.0,0.0,0.0
2025-06-23 05:10:00+00:00,14.59000015258789,14.59000015258789,14.59000015258789,14.59000015258789,1500,0.0,0.0,0.0
2025-06-23 05:15:00+00:00,14.59000015258789,14.609999656677246,14.59000015258789,14.600000381469727,36000,0.0,0.0,0.0
2025-06-23 05:20:00+00:00,14.600000381469727,14.600000381469727,14.600000381469727,14.600000381469727,1309,0.0,0.0,0.0
2025-06-24 01:00:00+00:00,14.770000457763672,14.770000457763672,14.770000457763672,14.770000457763672,165000,0.011,0.0,0.0
2025-06-24 01:05:00+00:00,14.770000457763672,14.800000190734863,14.760000228881836,14.800000190734863,23097,0.0,0.0,0.0
2025-06-24 01:15:00+00:00,14.800000190734863,14.819999694824219,14.800000190734863,14.819999694824219,64700,0.0,0.0,0.0
2025-06-24 01:20:00+00:00,14.819999694824219,14.819999694824219,14.819999694824219,14.819999694824219,6047,0.0,0.0,0.0
2025-06-24 01:25:00+00:00,14.789999961853027,14.789999961853027,14.789999961853027,14.789999961853027,1100,0.0,0.0,0.0
2025-06-24 01:30:00+00:00,14.789999961853027,14.789999961853027,14.789999961853027,14.789999961853027,2002,0.0,0.0,0.0
2025-06-24 01:35:00+00:00,14.770000457763672,14.779999732971191,14.770000457763672,14.779999732971191,11020,0.0,0.0,0.0
2025-06-24 01:40:00+00:00,14.779999732971191,14.789999961853027,14.779999732971191,14.789999961853027,15027,0.0,0.0,0.0
2025-06-24 01:50:00+00:00,14.789999961853027,14.789999961853027,14.789999961853027,14.789999961853027,1000,0.0,0.0,0.0
2025-06-24 01:55:00+00:00,14.789999961853027,14.789999961853027,14.789999961853027,14.789999961853027,4310,0.0,0.0,0.0
2025-06-24 02:00:00+00:00,14.779999732971191,14.779999732971191,14.779999732971191,14.779999732971191,16000,0.0,0.0,0.0
2025-06-24 02:05:00+00:00,14.779999732971191,14.779999732971191,14.760000228881836,14.760000228881836,103397,0.0,0.0,0.0
2025-06-24 02:15:00+00:00,14.770000457763672,14.770000457763672,14.770000457763672,14.770000457763672,2545,0.0,0.0,0.0
2025-06-24 02:30:00+00:00,14.770000457763672,14.779999732971191,14.770000457763672,14.779999732971191,62261,0.0,0.0,0.0
2025-06-24 02:40:00+00:00,14.770000457763672,14.770000457763672,14.760000228881836,14.760000228881836,23500,0.0,0.0,0.0
2025-06-24 02:45:00+00:00,14.760000228881836,14.760000228881836,14.760000228881836,14.760000228881836,15216,0.0,0.0,0.0
2025-06-24 02:50:00+00:00,14.75,14.75,14.75,14.75,5000,0.0,0.0,0.0
2025-06-24 02:55:00+00:00,14.75,14.75,14.75,14.75,20165,0.0,0.0,0.0
2025-06-24 03:00:00+00:00,14.75,14.760000228881836,14.75,14.760000228881836,66135,0.0,0.0,0.0
2025-06-24 03:10:00+00:00,14.770000457763672,14.770000457763672,14.770000457763672,14.770000457763672,12358,0.0,0.0,0.0
2025-06-24 03:20:00+00:00,14.770000457763672,14.779999732971191,14.770000457763672,14.779999732971191,106096,0.0,0.0,0.0
2025-06-24 03:25:00+00:00,14.779999732971191,14.779999732971191,14.779999732971191,14.779999732971191,8500,0.0,0.0,0.0
2025-06-24 03:30:00+00:00,14.779999732971191,14.800000190734863,14.779999732971191,14.800000190734863,80598,0.0,0.0,0.0
2025-06-24 03:35:00+00:00,14.8100004196167,14.8100004196167,14.8100004196167,14.8100004196167,2015,0.0,0.0,0.0
2025-06-24 03:40:00+00:00,14.779999732971191,14.779999732971191,14.779999732971191,14.779999732971191,10000,0.0,0.0,0.0
2025-06-24 03:45:00+00:00,14.779999732971191,14.779999732971191,14.779999732971191,14.779999732971191,1000,0.0,0.0,0.0
2025-06-24 03:50:00+00:00,14.779999732971191,14.779999732971191,14.770000457763672,14.770000457763672,4967,0.0,0.0,0.0
2025-06-24 04:00:00+00:00,14.779999732971191,14.779999732971191,14.779999732971191,14.779999732971191,10000,0.0,0.0,0.0
2025-06-24 04:05:00+00:00,14.770000457763672,14.770000457763672,14.760000228881836,14.760000228881836,4000,0.0,0.0,0.0
2025-06-24 04:10:00+00:00,14.760000228881836,14.760000228881836,14.760000228881836,14.760000228881836,4100,0.0,0.0,0.0
2025-06-24 04:15:00+00:00,14.760000228881836,14.760000228881836,14.760000228881836,14.760000228881836,100085,0.0,0.0,0.0
2025-06-24 04:20:00+00:00,14.760000228881836,14.760000228881836,14.760000228881836,14.760000228881836,5000,0.0,0.0,0.0
2025-06-24 04:25:00+00:00,14.75,14.760000228881836,14.75,14.760000228881836,21065,0.0,0.0,0.0
2025-06-24 04:35:00+00:00,14.770000457763672,14.770000457763672,14.760000228881836,14.760000228881836,60000,0.0,0.0,0.0
2025-06-24 04:40:00+00:00,14.770000457763672,14.779999732971191,14.770000457763672,14.779999732971191,20507,0.0,0.0,0.0
2025-06-24 04:45:00+00:00,14.779999732971191,14.779999732971191,14.779999732971191,14.779999732971191,1988,0.0,0.0,0.0
2025-06-24 04:50:00+00:00,14.779999732971191,14.789999961853027,14.770000457763672,14.789999961853027,31050,0.0,0.0,0.0
2025-06-24 04:55:00+00:00,14.779999732971191,14.779999732971191,14.779999732971191,14.779999732971191,5733,0.0,0.0,0.0
2025-06-24 05:00:00+00:00,14.789999961853027,14.789999961853027,14.789999961853027,14.789999961853027,9177,0.0,0.0,0.0
2025-06-24 05:10:00+00:00,14.779999732971191,14.779999732971191,14.779999732971191,14.779999732971191,1046,0.0,0.0,0.0
2025-06-24 05:15:00+00:00,14.779999732971191,14.779999732971191,14.779999732971191,14.779999732971191,7094,0.0,0.0,0.0
2025-06-24 05:20:00+00:00,14.789999961853027,14.789999961853027,14.779999732971191,14.779999732971191,6000,0.0,0.0,0.0
2025-06-25 01:00:00+00:00,14.800000190734863,14.84000015258789,14.800000190734863,14.819999694824219,718000,0.0,0.0,0.0
2025-06-25 01:05:00+00:00,14.819999694824219,14.819999694824219,14.8100004196167,14.8100004196167,135000,0.0,0.0,0.0
2025-06-25 01:10:00+00:00,14.789999961853027,14.789999961853027,14.789999961853027,14.789999961853027,64665,0.0,0.0,0.0
2025-06-25 01:15:00+00:00,14.789999961853027,14.789999961853027,14.789999961853027,14.789999961853027,53574,0.0,0.0,0.0
2025-06-25 01:25:00+00:00,14.779999732971191,14.779999732971191,14.770000457763672,14.770000457763672,106950,0.0,0.0,0.0
2025-06-25 01:30:00+00:00,14.770000457763672,14.770000457763672,14.770000457763672,14.770000457763672,21533,0.0,0.0,0.0
2025-06-25 01:35:00+00:00,14.789999961853027,14.819999694824219,14.789999961853027,14.819999694824219,79340,0.0,0.0,0.0
2025-06-25 01:40:00+00:00,14.8100004196167,14.8100004196167,14.8100004196167,14.8100004196167,1000,0.0,0.0,0.0
2025-06-25 01:45:00+00:00,14.800000190734863,14.800000190734863,14.800000190734863,14.800000190734863,3305,0.0,0.0,0.0
2025-06-25 01:50:00+00:00,14.800000190734863,14.800000190734863,14.800000190734863,14.800000190734863,1010,0.0,0.0,0.0
2025-06-25 02:00:00+00:00,14.800000190734863,14.800000190734863,14.789999961853027,14.789999961853027,2000,0.0,0.0,0.0
2025-06-25 02:05:00+00:00,14.789999961853027,14.789999961853027,14.789999961853027,14.789999961853027,8000,0.0,0.0,0.0
2025-06-25 02:10:00+00:00,14.800000190734863,14.800000190734863,14.800000190734863,14.800000190734863,3250,0.0,0.0,0.0
2025-06-25 02:15:00+00:00,14.800000190734863,14.800000190734863,14.800000190734863,14.800000190734863,39150,0.0,0.0,0.0
2025-06-25 02:20:00+00:00,14.789999961853027,14.789999961853027,14.789999961853027,14.789999961853027,2468,0.0,0.0,0.0
2025-06-25 02:25:00+00:00,14.779999732971191,14.779999732971191,14.779999732971191,14.779999732971191,30000,0.0,0.0,0.0
2025-06-25 02:30:00+00:00,14.779999732971191,14.779999732971191,14.770000457763672,14.770000457763672,24000,0.0,0.0,0.0
2025-06-25 02:35:00+00:00,14.779999732971191,14.779999732971191,14.779999732971191,14.779999732971191,11000,0.0,0.0,0.0
2025-06-25 02:40:00+00:00,14.789999961853027,14.789999961853027,14.779999732971191,14.779999732971191,7005,0.0,0.0,0.0
2025-06-25 02:45:00+00:00,14.779999732971191,14.789999961853027,14.779999732971191,14.779999732971191,29102,0.0,0.0,0.0
2025-06-25 02:55:00+00:00,14.779999732971191,14.779999732971191,14.779999732971191,14.779999732971191,5139,0.0,0.0,0.0
2025-06-25 03:00:00+00:00,14.789999961853027,14.789999961853027,14.789999961853027,14.789999961853027,5000,0.0,0.0,0.0
2025-06-25 03:05:00+00:00,14.800000190734863,14.800000190734863,14.800000190734863,14.800000190734863,11049,0.0,0.0,0.0
2025-06-25 03:10:00+00:00,14.800000190734863,14.800000190734863,14.800000190734863,14.800000190734863,21094,0.0,0.0,0.0
2025-06-25 03:15:00+00:00,14.800000190734863,14.800000190734863,14.800000190734863,14.800000190734863,8200,0.0,0.0,0.0
2025-06-25 03:20:00+00:00,14.800000190734863,14.8100004196167,14.800000190734863,14.8100004196167,62500,0.0,0.0,0.0
2025-06-25 03:30:00+00:00,14.8100004196167,14.8100004196167,14.8100004196167,14.8100004196167,2060,0.0,0.0,0.0
2025-06-25 03:35:00+00:00,14.8100004196167,14.8100004196167,14.8100004196167,14.8100004196167,15844,0.0,0.0,0.0
2025-06-25 03:40:00+00:00,14.8100004196167,14.819999694824219,14.8100004196167,14.819999694824219,85020,0.0,0.0,0.0
2025-06-25 03:45:00+00:00,14.8100004196167,14.8100004196167,14.8100004196167,14.8100004196167,100000,0.0,0.0,0.0
2025-06-25 03:55:00+00:00,14.8100004196167,14.8100004196167,14.8100004196167,14.8100004196167,3000,0.0,0.0,0.0
2025-06-25 04:00:00+00:00,14.8100004196167,14.8100004196167,14.8100004196167,14.8100004196167,107000,0.0,0.0,0.0
2025-06-25 04:15:00+00:00,14.8100004196167,14.8100004196167,14.8100004196167,14.8100004196167,37200,0.0,0.0,0.0
2025-06-25 04:20:00+00:00,14.8100004196167,14.8100004196167,14.8100004196167,14.8100004196167,5100,0.0,0.0,0.0
2025-06-25 04:35:00+00:00,14.8100004196167,14.8100004196167,14.8100004196167,14.8100004196167,3000,0.0,0.0,0.0
2025-06-25 04:40:00+00:00,14.8100004196167,14.8100004196167,14.8100004196167,14.8100004196167,7806,0.0,0.0,0.0
2025-06-25 04:45:00+00:00,14.8100004196167,14.8100004196167,14.8100004196167,14.8100004196167,8660,0.0,0.0,0.0
2025-06-25 04:50:00+00:00,14.8100004196167,14.8100004196167,14.800000190734863,14.8100004196167,5000,0.0,0.0,0.0
2025-06-25 04:55:00+00:00,14.819999694824219,14.819999694824219,14.819999694824219,14.819999694824219,50183,0.0,0.0,0.0
2025-06-25 05:00:00+00:00,14.819999694824219,14.829999923706055,14.819999694824219,14.819999694824219,103000,0.0,0.0,0.0
2025-06-25 05:05:00+00:00,14.819999694824219,14.819999694824219,14.819999694824219,14.819999694824219,4460,0.0,0.0,0.0
2025-06-25 05:15:00+00:00,14.829999923706055,14.829999923706055,14.8100004196167,14.8100004196167,0,0.0,0.0,0.0
2025-06-25 05:20:00+00:00,14.8100004196167,14.8100004196167,14.8100004196167,14.8100004196167,2203480,0.0,0.0,0.0
2025-06-26 01:00:00+00:00,14.8100004196167,14.8100004196167,14.8100004196167,14.8100004196167,0,0.0,0.0,0.0
2025-06-26 01:05:00+00:00,14.8100004196167,14.819999694824219,14.8100004196167,14.819999694824219,25917,0.0,0.0,0.0
2025-06-26 01:10:00+00:00,14.819999694824219,14.829999923706055,14.819999694824219,14.829999923706055,31162,0.0,0.0,0.0
2025-06-26 01:15:00+00:00,14.84000015258789,14.84000015258789,14.829999923706055,14.829999923706055,21000,0.0,0.0,0.0
2025-06-26 01:20:00+00:00,14.829999923706055,14.829999923706055,14.829999923706055,14.829999923706055,6020,0.0,0.0,0.0
2025-06-26 01:25:00+00:00,14.84000015258789,14.84000015258789,14.84000015258789,14.84000015258789,53149,0.0,0.0,0.0
2025-06-26 01:30:00+00:00,14.850000381469727,14.850000381469727,14.850000381469727,14.850000381469727,2344,0.0,0.0,0.0
2025-06-26 01:35:00+00:00,14.84000015258789,14.850000381469727,14.84000015258789,14.850000381469727,53000,0.0,0.0,0.0
2025-06-26 01:45:00+00:00,14.850000381469727,14.850000381469727,14.829999923706055,14.84000015258789,26254,0.0,0.0,0.0
2025-06-26 01:55:00+00:00,14.84000015258789,14.84000015258789,14.84000015258789,14.84000015258789,11130,0.0,0.0,0.0
2025-06-26 02:00:00+00:00,14.850000381469727,14.850000381469727,14.84000015258789,14.850000381469727,56102,0.0,0.0,0.0
2025-06-26 02:05:00+00:00,14.859999656677246,14.899999618530273,14.859999656677246,14.899999618530273,106460,0.0,0.0,0.0
2025-06-26 02:10:00+00:00,14.90999984741211,14.930000305175781,14.90999984741211,14.930000305175781,33203,0.0,0.0,0.0
2025-06-26 02:15:00+00:00,14.949999809265137,14.949999809265137,14.930000305175781,14.930000305175781,9133,0.0,0.0,0.0
2025-06-26 02:20:00+00:00,14.90999984741211,14.90999984741211,14.90999984741211,14.90999984741211,58800,0.0,0.0,0.0
2025-06-26 02:25:00+00:00,14.90999984741211,14.90999984741211,14.90999984741211,14.90999984741211,2031,0.0,0.0,0.0
2025-06-26 02:30:00+00:00,14.920000076293945,14.920000076293945,14.920000076293945,14.920000076293945,2100,0.0,0.0,0.0
2025-06-26 02:35:00+00:00,14.899999618530273,14.899999618530273,14.899999618530273,14.899999618530273,108081,0.0,0.0,0.0
2025-06-26 02:45:00+00:00,14.90999984741211,14.90999984741211,14.90999984741211,14.90999984741211,2661,0.0,0.0,0.0
2025-06-26 02:55:00+00:00,14.899999618530273,14.899999618530273,14.899999618530273,14.899999618530273,205000,0.0,0.0,0.0
2025-06-26 03:00:00+00:00,14.890000343322754,14.920000076293945,14.890000343322754,14.90999984741211,625131,0.0,0.0,0.0
2025-06-26 03:15:00+00:00,14.90999984741211,14.90999984741211,14.880000114440918,14.880000114440918,17195,0.0,0.0,0.0
2025-06-26 03:20:00+00:00,14.880000114440918,14.880000114440918,14.880000114440918,14.880000114440918,2031,0.0,0.0,0.0
2025-06-26 03:30:00+00:00,14.880000114440918,14.880000114440918,14.880000114440918,14.880000114440918,10384,0.0,0.0,0.0
2025-06-26 03:40:00+00:00,14.880000114440918,14.880000114440918,14.880000114440918,14.880000114440918,14272,0.0,0.0,0.0
2025-06-26 03:55:00+00:00,14.869999885559082,14.869999885559082,14.869999885559082,14.869999885559082,100124,0.0,0.0,0.0
2025-06-26 04:05:00+00:00,14.859999656677246,14.869999885559082,14.859999656677246,14.869999885559082,60301,0.0,0.0,0.0
2025-06-26 04:20:00+00:00,14.869999885559082,14.880000114440918,14.869999885559082,14.880000114440918,34061,0.0,0.0,0.0
2025-06-26 04:25:00+00:00,14.869999885559082,14.869999885559082,14.869999885559082,14.869999885559082,12171,0.0,0.0,0.0
2025-06-26 04:35:00+00:00,14.869999885559082,14.880000114440918,14.869999885559082,14.869999885559082,48330,0.0,0.0,0.0
2025-06-26 04:40:00+00:00,14.850000381469727,14.850000381469727,14.850000381469727,14.850000381469727,2100,0.0,0.0,0.0
2025-06-26 04:45:00+00:00,14.850000381469727,14.850000381469727,14.850000381469727,14.850000381469727,1131,0.0,0.0,0.0
2025-06-26 04:50:00+00:00,14.850000381469727,14.850000381469727,14.850000381469727,14.850000381469727,4100,0.0,0.0,0.0
2025-06-26 04:55:00+00:00,14.859999656677246,14.859999656677246,14.850000381469727,14.850000381469727,25164,0.0,0.0,0.0
2025-06-26 05:05:00+00:00,14.84000015258789,14.84000015258789,14.84000015258789,14.84000015258789,207323,0.0,0.0,0.0
2025-06-26 05:15:00+00:00,14.829999923706055,14.829999923706055,14.819999694824219,14.819999694824219,13300,0.0,0.0,0.0
2025-06-26 05:20:00+00:00,14.819999694824219,14.819999694824219,14.819999694824219,14.819999694824219,3400,0.0,0.0,0.0
2025-06-27 01:00:00+00:00,14.90999984741211,14.9399995803833,14.90999984741211,14.90999984741211,81000,0.0,0.0,0.0
2025-06-27 01:05:00+00:00,14.90999984741211,14.90999984741211,14.890000343322754,14.899999618530273,14850,0.0,0.0,0.0
2025-06-27 01:10:00+00:00,14.899999618530273,14.949999809265137,14.899999618530273,14.949999809265137,29020,0.0,0.0,0.0
2025-06-27 01:15:00+00:00,14.949999809265137,14.949999809265137,14.949999809265137,14.949999809265137,3000,0.0,0.0,0.0
2025-06-27 01:20:00+00:00,14.920000076293945,14.920000076293945,14.920000076293945,14.920000076293945,10000,0.0,0.0,0.0
2025-06-27 01:25:00+00:00,14.920000076293945,14.930000305175781,14.920000076293945,14.930000305175781,23180,0.0,0.0,0.0
2025-06-27 01:30:00+00:00,14.899999618530273,14.899999618530273,14.899999618530273,14.899999618530273,100000,0.0,0.0,0.0
2025-06-27 01:50:00+00:00,14.869999885559082,14.869999885559082,14.869999885559082,14.869999885559082,3744,0.0,0.0,0.0
2025-06-27 01:55:00+00:00,14.859999656677246,14.859999656677246,14.850000381469727,14.859999656677246,39563,0.0,0.0,0.0
2025-06-27 02:10:00+00:00,14.859999656677246,14.859999656677246,14.859999656677246,14.859999656677246,15536,0.0,0.0,0.0
2025-06-27 02:15:00+00:00,14.869999885559082,14.869999885559082,14.869999885559082,14.869999885559082,17700,0.0,0.0,0.0
2025-06-27 02:20:00+00:00,14.880000114440918,14.880000114440918,14.880000114440918,14.880000114440918,4000,0.0,0.0,0.0
2025-06-27 02:25:00+00:00,14.880000114440918,14.880000114440918,14.880000114440918,14.880000114440918,26021,0.0,0.0,0.0
2025-06-27 02:35:00+00:00,14.880000114440918,14.880000114440918,14.880000114440918,14.880000114440918,100025,0.0,0.0,0.0
2025-06-27 02:40:00+00:00,14.880000114440918,14.890000343322754,14.880000114440918,14.890000343322754,41000,0.0,0.0,0.0
2025-06-27 02:50:00+00:00,14.899999618530273,14.90999984741211,14.899999618530273,14.90999984741211,54342,0.0,0.0,0.0
2025-06-27 02:55:00+00:00,14.890000343322754,14.90999984741211,14.890000343322754,14.90999984741211,2040,0.0,0.0,0.0
2025-06-27 03:05:00+00:00,14.90999984741211,14.90999984741211,14.90999984741211,14.90999984741211,6250,0.0,0.0,0.0
2025-06-27 03:15:00+00:00,14.90999984741211,14.90999984741211,14.90999984741211,14.90999984741211,7000,0.0,0.0,0.0
2025-06-27 03:20:00+00:00,14.90999984741211,14.90999984741211,14.90999984741211,14.90999984741211,1000,0.0,0.0,0.0
2025-06-27 03:25:00+00:00,14.90999984741211,14.90999984741211,14.90999984741211,14.90999984741211,1141,0.0,0.0,0.0
2025-06-27 03:40:00+00:00,14.899999618530273,14.899999618530273,14.899999618530273,14.899999618530273,7000,0.0,0.0,0.0
2025-06-27 03:45:00+00:00,14.899999618530273,14.899999618530273,14.899999618530273,14.899999618530273,6000,0.0,0.0,0.0
2025-06-27 03:50:00+00:00,14.899999618530273,14.899999618530273,14.899999618530273,14.899999618530273,5000,0.0,0.0,0.0
2025-06-27 04:00:00+00:00,14.899999618530273,14.899999618530273,14.899999618530273,14.899999618530273,7203,0.0,0.0,0.0
2025-06-27 04:05:00+00:00,14.899999618530273,14.899999618530273,14.899999618530273,14.899999618530273,21000,0.0,0.0,0.0
2025-06-27 04:15:00+00:00,14.899999618530273,14.899999618530273,14.899999618530273,14.899999618530273,32555,0.0,0.0,0.0
2025-06-27 04:20:00+00:00,14.90999984741211,14.90999984741211,14.90999984741211,14.90999984741211,26080,0.0,0.0,0.0
2025-06-27 04:25:00+00:00,14.90999984741211,14.90999984741211,14.90999984741211,14.90999984741211,6000,0.0,0.0,0.0
2025-06-27 04:30:00+00:00,14.920000076293945,14.920000076293945,14.90999984741211,14.920000076293945,68000,0.0,0.0,0.0
2025-06-27 04:35:00+00:00,14.920000076293945,14.920000076293945,14.920000076293945,14.920000076293945,2180,0.0,0.0,0.0
2025-06-27 04:40:00+00:00,14.920000076293945,14.920000076293945,14.920000076293945,14.920000076293945,4000,0.0,0.0,0.0
2025-06-27 04:45:00+00:00,14.920000076293945,14.920000076293945,14.920000076293945,14.920000076293945,10000,0.0,0.0,0.0
2025-06-27 04:50:00+00:00,14.920000076293945,14.920000076293945,14.920000076293945,14.920000076293945,7080,0.0,0.0,0.0
2025-06-27 04:55:00+00:00,14.920000076293945,14.920000076293945,14.920000076293945,14.920000076293945,1000,0.0,0.0,0.0
2025-06-27 05:00:00+00:00,14.920000076293945,14.920000076293945,14.920000076293945,14.920000076293945,16000,0.0,0.0,0.0
2025-06-27 05:05:00+00:00,14.920000076293945,14.920000076293945,14.920000076293945,14.920000076293945,9300,0.0,0.0,0.0
2025-06-27 05:10:00+00:00,14.920000076293945,14.920000076293945,14.920000076293945,14.920000076293945,33000,0.0,0.0,0.0
2025-06-27 05:15:00+00:00,14.920000076293945,14.920000076293945,14.920000076293945,14.920000076293945,2135,0.0,0.0,0.0
2025-06-27 05:20:00+00:00,14.930000305175781,14.930000305175781,14.90999984741211,14.930000305175781,8100,0.0,0.0,0.0
2025-06-30 01:00:00+00:00,14.920000076293945,14.920000076293945,14.890000343322754,14.890000343322754,0,0.0,0.0,0.0
2025-06-30 01:05:00+00:00,14.859999656677246,14.859999656677246,14.859999656677246,14.859999656677246,39445,0.0,0.0,0.0
2025-06-30 01:10:00+00:00,14.869999885559082,14.869999885559082,14.859999656677246,14.859999656677246,3010,0.0,0.0,0.0
2025-06-30 01:15:00+00:00,14.859999656677246,14.859999656677246,14.84000015258789,14.84000015258789,103250,0.0,0.0,0.0
2025-06-30 01:20:00+00:00,14.84000015258789,14.84000015258789,14.829999923706055,14.84000015258789,11407,0.0,0.0,0.0
2025-06-30 01:25:00+00:00,14.84000015258789,14.84000015258789,14.84000015258789,14.84000015258789,10000,0.0,0.0,0.0
2025-06-30 01:30:00+00:00,14.859999656677246,14.859999656677246,14.84000015258789,14.84000015258789,23052,0.0,0.0,0.0
2025-06-30 01:40:00+00:00,14.859999656677246,14.859999656677246,14.850000381469727,14.850000381469727,3000,0.0,0.0,0.0
2025-06-30 01:45:00+00:00,14.869999885559082,14.869999885559082,14.869999885559082,14.869999885559082,4100,0.0,0.0,0.0
2025-06-30 01:50:00+00:00,14.869999885559082,14.869999885559082,14.859999656677246,14.859999656677246,5037,0.0,0.0,0.0
2025-06-30 01:55:00+00:00,14.869999885559082,14.869999885559082,14.859999656677246,14.859999656677246,13290,0.0,0.0,0.0
2025-06-30 02:00:00+00:00,14.869999885559082,14.869999885559082,14.859999656677246,14.859999656677246,46215,0.0,0.0,0.0
2025-06-30 02:10:00+00:00,14.859999656677246,14.859999656677246,14.859999656677246,14.859999656677246,1000,0.0,0.0,0.0
2025-06-30 02:15:00+00:00,14.859999656677246,14.859999656677246,14.859999656677246,14.859999656677246,18022,0.0,0.0,0.0
2025-06-30 02:20:00+00:00,14.869999885559082,14.869999885559082,14.869999885559082,14.869999885559082,25250,0.0,0.0,0.0
2025-06-30 02:30:00+00:00,14.869999885559082,14.869999885559082,14.869999885559082,14.869999885559082,2222,0.0,0.0,0.0
2025-06-30 02:45:00+00:00,14.859999656677246,14.859999656677246,14.850000381469727,14.850000381469727,4830,0.0,0.0,0.0
2025-06-30 02:50:00+00:00,14.850000381469727,14.850000381469727,14.850000381469727,14.850000381469727,16226,0.0,0.0,0.0
2025-06-30 03:00:00+00:00,14.850000381469727,14.850000381469727,14.850000381469727,14.850000381469727,2020,0.0,0.0,0.0
2025-06-30 03:05:00+00:00,14.84000015258789,14.84000015258789,14.84000015258789,14.84000015258789,10770,0.0,0.0,0.0
2025-06-30 03:25:00+00:00,14.84000015258789,14.84000015258789,14.84000015258789,14.84000015258789,5300,0.0,0.0,0.0
2025-06-30 03:30:00+00:00,14.850000381469727,14.850000381469727,14.850000381469727,14.850000381469727,5753,0.0,0.0,0.0
2025-06-30 04:00:00+00:00,14.850000381469727,14.850000381469727,14.850000381469727,14.850000381469727,2000,0.0,0.0,0.0
2025-06-30 04:05:00+00:00,14.84000015258789,14.84000015258789,14.84000015258789,14.84000015258789,2200,0.0,0.0,0.0
2025-06-30 04:15:00+00:00,14.850000381469727,14.850000381469727,14.84000015258789,14.84000015258789,43266,0.0,0.0,0.0
2025-06-30 04:20:00+00:00,14.84000015258789,14.84000015258789,14.84000015258789,14.84000015258789,1374,0.0,0.0,0.0
2025-06-30 04:25:00+00:00,14.84000015258789,14.84000015258789,14.84000015258789,14.84000015258789,1145,0.0,0.0,0.0
2025-06-30 04:30:00+00:00,14.84000015258789,14.84000015258789,14.84000015258789,14.84000015258789,1100,0.0,0.0,0.0
2025-06-30 04:35:00+00:00,14.84000015258789,14.84000015258789,14.84000015258789,14.84000015258789,5506,0.0,0.0,0.0
2025-06-30 04:40:00+00:00,14.84000015258789,14.84000015258789,14.829999923706055,14.829999923706055,5127,0.0,0.0,0.0
2025-06-30 04:45:00+00:00,14.84000015258789,14.84000015258789,14.84000015258789,14.84000015258789,1200,0.0,0.0,0.0
2025-06-30 04:50:00+00:00,14.850000381469727,14.850000381469727,14.84000015258789,14.84000015258789,7142,0.0,0.0,0.0
2025-06-30 04:55:00+00:00,14.84000015258789,14.84000015258789,14.84000015258789,14.84000015258789,2017,0.0,0.0,0.0
2025-06-30 05:00:00+00:00,14.84000015258789,14.84000015258789,14.829999923706055,14.829999923706055,14000,0.0,0.0,0.0
2025-06-30 05:05:00+00:00,14.819999694824219,14.819999694824219,14.819999694824219,14.819999694824219,1202,0.0,0.0,0.0
2025-06-30 05:10:00+00:00,14.819999694824219,14.819999694824219,14.819999694824219,14.819999694824219,103239,0.0,0.0,0.0
2025-06-30 05:15:00+00:00,14.819999694824219,14.819999694824219,14.819999694824219,14.819999694824219,3000,0.0,0.0,0.0
2025-06-30 05:20:00+00:00,14.819999694824219,14.819999694824219,14.8100004196167,14.8100004196167,100741,0.0,0.0,0.0
2025-07-01 01:00:00+00:00,14.859999656677246,14.880000114440918,14.859999656677246,14.880000114440918,18000,0.0,0.0,0.0
2025-07-01 01:05:00+00:00,14.899999618530273,14.920000076293945,14.899999618530273,14.920000076293945,47863,0.0,0.0,0.0
2025-07-01 01:10:00+00:00,14.920000076293945,14.920000076293945,14.920000076293945,14.920000076293945,8389,0.0,0.0,0.0
2025-07-01 01:15:00+00:00,14.930000305175781,14.930000305175781,14.899999618530273,14.899999618530273,30015,0.0,0.0,0.0
2025-07-01 01:20:00+00:00,14.930000305175781,14.9399995803833,14.90999984741211,14.9399995803833,111132,0.0,0.0,0.0
2025-07-01 01:30:00+00:00,14.920000076293945,14.9399995803833,14.920000076293945,14.9399995803833,87200,0.0,0.0,0.0
2025-07-01 01:35:00+00:00,14.949999809265137,14.970000267028809,14.9399995803833,14.970000267028809,131397,0.0,0.0,0.0
2025-07-01 01:40:00+00:00,14.970000267028809,14.989999771118164,14.970000267028809,14.989999771118164,41967,0.0,0.0,0.0
2025-07-01 01:45:00+00:00,15.0,15.010000228881836,15.0,15.0,116695,0.0,0.0,0.0
2025-07-01 01:50:00+00:00,15.0,15.0,14.979999542236328,15.0,23100,0.0,0.0,0.0
2025-07-01 01:55:00+00:00,15.0,15.010000228881836,15.0,15.010000228881836,25720,0.0,0.0,0.0
2025-07-01 02:00:00+00:00,15.0,15.0,15.0,15.0,36080,0.0,0.0,0.0
2025-07-01 02:05:00+00:00,14.979999542236328,14.989999771118164,14.979999542236328,14.989999771118164,2000,0.0,0.0,0.0
2025-07-01 02:10:00+00:00,14.989999771118164,14.989999771118164,14.979999542236328,14.979999542236328,78010,0.0,0.0,0.0
2025-07-01 02:15:00+00:00,14.970000267028809,14.989999771118164,14.970000267028809,14.970000267028809,289000,0.0,0.0,0.0
2025-07-01 02:25:00+00:00,14.970000267028809,14.970000267028809,14.970000267028809,14.970000267028809,12000,0.0,0.0,0.0
2025-07-01 02:30:00+00:00,14.970000267028809,14.970000267028809,14.970000267028809,14.970000267028809,4100,0.0,0.0,0.0
2025-07-01 02:35:00+00:00,14.970000267028809,14.970000267028809,14.970000267028809,14.970000267028809,2369,0.0,0.0,0.0
2025-07-01 02:40:00+00:00,14.970000267028809,14.970000267028809,14.970000267028809,14.970000267028809,8000,0.0,0.0,0.0
2025-07-01 02:45:00+00:00,14.960000038146973,14.960000038146973,14.960000038146973,14.960000038146973,1050,0.0,0.0,0.0
2025-07-01 02:55:00+00:00,14.960000038146973,14.960000038146973,14.949999809265137,14.960000038146973,40010,0.0,0.0,0.0
2025-07-01 03:15:00+00:00,14.9399995803833,14.9399995803833,14.9399995803833,14.9399995803833,3000,0.0,0.0,0.0
2025-07-01 03:20:00+00:00,14.9399995803833,14.9399995803833,14.9399995803833,14.9399995803833,100150,0.0,0.0,0.0
2025-07-01 03:30:00+00:00,14.920000076293945,14.920000076293945,14.920000076293945,14.920000076293945,100050,0.0,0.0,0.0
2025-07-01 03:40:00+00:00,14.90999984741211,14.90999984741211,14.899999618530273,14.899999618530273,201813,0.0,0.0,0.0
2025-07-01 03:50:00+00:00,14.899999618530273,14.899999618530273,14.899999618530273,14.899999618530273,1298,0.0,0.0,0.0
2025-07-01 03:55:00+00:00,14.899999618530273,14.899999618530273,14.899999618530273,14.899999618530273,10000,0.0,0.0,0.0
2025-07-01 04:00:00+00:00,14.90999984741211,14.90999984741211,14.90999984741211,14.90999984741211,1000,0.0,0.0,0.0
2025-07-01 04:05:00+00:00,14.890000343322754,14.890000343322754,14.869999885559082,14.869999885559082,11000,0.0,0.0,0.0
2025-07-01 04:10:00+00:00,14.869999885559082,14.869999885559082,14.859999656677246,14.859999656677246,32000,0.0,0.0,0.0
2025-07-01 04:15:00+00:00,14.890000343322754,14.890000343322754,14.890000343322754,14.890000343322754,1020,0.0,0.0,0.0
2025-07-01 04:20:00+00:00,14.859999656677246,14.859999656677246,14.859999656677246,14.859999656677246,102337,0.0,0.0,0.0
2025-07-01 04:25:00+00:00,14.869999885559082,14.890000343322754,14.869999885559082,14.890000343322754,101400,0.0,0.0,0.0
2025-07-01 04:30:00+00:00,14.859999656677246,14.859999656677246,14.859999656677246,14.859999656677246,1000,0.0,0.0,0.0
2025-07-01 04:35:00+00:00,14.859999656677246,14.859999656677246,14.859999656677246,14.859999656677246,2123,0.0,0.0,0.0
2025-07-01 04:40:00+00:00,14.850000381469727,14.850000381469727,14.850000381469727,14.850000381469727,9225,0.0,0.0,0.0
2025-07-01 04:45:00+00:00,14.84000015258789,14.84000015258789,14.84000015258789,14.84000015258789,2000,0.0,0.0,0.0
2025-07-01 04:50:00+00:00,14.850000381469727,14.859999656677246,14.850000381469727,14.859999656677246,11000,0.0,0.0,0.0
2025-07-01 04:55:00+00:00,14.859999656677246,14.859999656677246,14.859999656677246,14.859999656677246,2002,0.0,0.0,0.0
2025-07-01 05:00:00+00:00,14.869999885559082,14.869999885559082,14.869999885559082,14.869999885559082,25000,0.0,0.0,0.0
2025-07-01 05:05:00+00:00,14.880000114440918,14.890000343322754,14.880000114440918,14.890000343322754,6001,0.0,0.0,0.0
2025-07-01 05:10:00+00:00,14.890000343322754,14.899999618530273,14.890000343322754,14.899999618530273,35642,0.0,0.0,0.0
2025-07-01 05:20:00+00:00,14.890000343322754,14.899999618530273,14.880000114440918,14.899999618530273,313106,0.0,0.0,0.0
2025-07-02 01:00:00+00:00,14.890000343322754,14.899999618530273,14.890000343322754,14.899999618530273,18000,0.0,0.0,0.0
2025-07-02 01:05:00+00:00,14.90999984741211,14.930000305175781,14.90999984741211,14.920000076293945,120382,0.0,0.0,0.0
2025-07-02 01:10:00+00:00,14.920000076293945,14.930000305175781,14.920000076293945,14.930000305175781,49029,0.0,0.0,0.0
2025-07-02 01:15:00+00:00,14.9399995803833,14.9399995803833,14.9399995803833,14.9399995803833,5065,0.0,0.0,0.0
2025-07-02 01:20:00+00:00,14.930000305175781,14.9399995803833,14.930000305175781,14.9399995803833,20253,0.0,0.0,0.0
2025-07-02 01:30:00+00:00,14.930000305175781,14.930000305175781,14.930000305175781,14.930000305175781,1000,0.0,0.0,0.0
2025-07-02 01:35:00+00:00,14.920000076293945,14.920000076293945,14.90999984741211,14.90999984741211,20067,0.0,0.0,0.0
2025-07-02 01:40:00+00:00,14.920000076293945,14.920000076293945,14.920000076293945,14.920000076293945,3382,0.0,0.0,0.0
2025-07-02 01:55:00+00:00,14.90999984741211,14.90999984741211,14.90999984741211,14.90999984741211,5870,0.0,0.0,0.0
2025-07-02 02:00:00+00:00,14.899999618530273,14.899999618530273,14.899999618530273,14.899999618530273,16000,0.0,0.0,0.0
2025-07-02 02:15:00+00:00,14.899999618530273,14.90999984741211,14.899999618530273,14.90999984741211,3000,0.0,0.0,0.0
2025-07-02 02:20:00+00:00,14.90999984741211,14.90999984741211,14.90999984741211,14.90999984741211,5050,0.0,0.0,0.0
2025-07-02 02:45:00+00:00,14.90999984741211,14.90999984741211,14.90999984741211,14.90999984741211,1120,0.0,0.0,0.0
2025-07-02 02:50:00+00:00,14.90999984741211,14.920000076293945,14.90999984741211,14.920000076293945,35000,0.0,0.0,0.0
2025-07-02 02:55:00+00:00,14.920000076293945,14.920000076293945,14.920000076293945,14.920000076293945,2349,0.0,0.0,0.0
2025-07-02 03:00:00+00:00,14.920000076293945,14.920000076293945,14.920000076293945,14.920000076293945,6000,0.0,0.0,0.0
2025-07-02 03:05:00+00:00,14.930000305175781,14.930000305175781,14.930000305175781,14.930000305175781,42032,0.0,0.0,0.0
2025-07-02 03:15:00+00:00,14.920000076293945,14.920000076293945,14.920000076293945,14.920000076293945,2000,0.0,0.0,0.0
2025-07-02 03:20:00+00:00,14.9399995803833,14.9399995803833,14.9399995803833,14.9399995803833,53499,0.0,0.0,0.0
2025-07-02 03:25:00+00:00,14.9399995803833,14.9399995803833,14.9399995803833,14.9399995803833,17000,0.0,0.0,0.0
2025-07-02 03:30:00+00:00,14.9399995803833,14.949999809265137,14.9399995803833,14.949999809265137,40854,0.0,0.0,0.0
2025-07-02 03:35:00+00:00,14.949999809265137,14.949999809265137,14.949999809265137,14.949999809265137,1006,0.0,0.0,0.0
2025-07-02 03:40:00+00:00,14.949999809265137,14.949999809265137,14.949999809265137,14.949999809265137,65001,0.0,0.0,0.0
2025-07-02 03:45:00+00:00,14.949999809265137,14.949999809265137,14.949999809265137,14.949999809265137,56913,0.0,0.0,0.0
2025-07-02 03:50:00+00:00,14.949999809265137,14.960000038146973,14.949999809265137,14.960000038146973,27305,0.0,0.0,0.0
2025-07-02 03:55:00+00:00,14.970000267028809,14.970000267028809,14.970000267028809,14.970000267028809,16000,0.0,0.0,0.0
2025-07-02 04:00:00+00:00,14.970000267028809,14.979999542236328,14.970000267028809,14.979999542236328,40665,0.0,0.0,0.0
2025-07-02 04:15:00+00:00,14.979999542236328,14.979999542236328,14.979999542236328,14.979999542236328,2000,0.0,0.0,0.0
2025-07-02 04:20:00+00:00,14.979999542236328,14.989999771118164,14.979999542236328,14.989999771118164,46450,0.0,0.0,0.0
2025-07-02 04:25:00+00:00,15.0,15.0,15.0,15.0,143000,0.0,0.0,0.0
2025-07-02 04:30:00+00:00,14.989999771118164,14.989999771118164,14.989999771118164,14.989999771118164,2050,0.0,0.0,0.0
2025-07-02 04:35:00+00:00,14.989999771118164,15.0,14.989999771118164,15.0,22100,0.0,0.0,0.0
2025-07-02 04:40:00+00:00,15.0,15.0,15.0,15.0,45300,0.0,0.0,0.0
2025-07-02 04:45:00+00:00,15.0,15.0,15.0,15.0,7000,0.0,0.0,0.0
2025-07-02 04:50:00+00:00,15.0,15.0,15.0,15.0,19700,0.0,0.0,0.0
2025-07-02 04:55:00+00:00,15.0,15.010000228881836,15.0,15.0,52234,0.0,0.0,0.0
2025-07-02 05:00:00+00:00,15.0,15.010000228881836,15.0,15.010000228881836,40168,0.0,0.0,0.0
2025-07-02 05:05:00+00:00,15.0,15.010000228881836,15.0,15.010000228881836,5000,0.0,0.0,0.0
2025-07-02 05:10:00+00:00,15.0,15.0,15.0,15.0,4000,0.0,0.0,0.0
2025-07-02 05:15:00+00:00,15.0,15.010000228881836,15.0,15.0,394100,0.0,0.0,0.0
2025-07-02 05:20:00+00:00,15.0,15.0,15.0,15.0,78115,0.0,0.0,0.0
2025-07-03 01:00:00+00:00,15.130000114440918,15.149999618530273,15.130000114440918,15.130000114440918,280000,0.0,0.0,0.0
2025-07-03 01:05:00+00:00,15.09000015258789,15.109999656677246,15.09000015258789,15.109999656677246,18317,0.0,0.0,0.0
2025-07-03 01:10:00+00:00,15.109999656677246,15.109999656677246,15.09000015258789,15.109999656677246,45875,0.0,0.0,0.0
2025-07-03 01:15:00+00:00,15.109999656677246,15.119999885559082,15.109999656677246,15.119999885559082,42796,0.0,0.0,0.0
2025-07-03 01:20:00+00:00,15.119999885559082,15.130000114440918,15.119999885559082,15.130000114440918,58807,0.0,0.0,0.0
2025-07-03 01:25:00+00:00,15.130000114440918,15.140000343322754,15.130000114440918,15.130000114440918,94651,0.0,0.0,0.0
2025-07-03 01:30:00+00:00,15.149999618530273,15.149999618530273,15.149999618530273,15.149999618530273,234854,0.0,0.0,0.0
2025-07-03 01:35:00+00:00,15.149999618530273,15.149999618530273,15.140000343322754,15.140000343322754,23311,0.0,0.0,0.0
2025-07-03 01:45:00+00:00,15.140000343322754,15.140000343322754,15.130000114440918,15.130000114440918,5201,0.0,0.0,0.0
2025-07-03 01:55:00+00:00,15.119999885559082,15.119999885559082,15.119999885559082,15.119999885559082,5000,0.0,0.0,0.0
2025-07-03 02:00:00+00:00,15.130000114440918,15.130000114440918,15.119999885559082,15.119999885559082,3100,0.0,0.0,0.0
2025-07-03 02:05:00+00:00,15.119999885559082,15.119999885559082,15.109999656677246,15.109999656677246,24000,0.0,0.0,0.0
2025-07-03 02:10:00+00:00,15.119999885559082,15.130000114440918,15.119999885559082,15.130000114440918,13000,0.0,0.0,0.0
2025-07-03 02:15:00+00:00,15.119999885559082,15.119999885559082,15.109999656677246,15.109999656677246,11105,0.0,0.0,0.0
2025-07-03 02:20:00+00:00,15.109999656677246,15.109999656677246,15.109999656677246,15.109999656677246,51100,0.0,0.0,0.0
2025-07-03 02:25:00+00:00,15.109999656677246,15.109999656677246,15.109999656677246,15.109999656677246,6000,0.0,0.0,0.0
2025-07-03 02:30:00+00:00,15.119999885559082,15.119999885559082,15.119999885559082,15.119999885559082,5200,0.0,0.0,0.0
2025-07-03 02:35:00+00:00,15.109999656677246,15.109999656677246,15.09000015258789,15.100000381469727,22564,0.0,0.0,0.0
2025-07-03 02:45:00+00:00,15.109999656677246,15.109999656677246,15.109999656677246,15.109999656677246,2004,0.0,0.0,0.0
2025-07-03 02:55:00+00:00,15.100000381469727,15.109999656677246,15.100000381469727,15.109999656677246,10000,0.0,0.0,0.0
2025-07-03 03:00:00+00:00,15.100000381469727,15.100000381469727,15.100000381469727,15.100000381469727,2000,0.0,0.0,0.0
2025-07-03 03:10:00+00:00,15.100000381469727,15.100000381469727,15.100000381469727,15.100000381469727,50000,0.0,0.0,0.0
2025-07-03 03:15:00+00:00,15.109999656677246,15.109999656677246,15.100000381469727,15.100000381469727,21450,0.0,0.0,0.0
2025-07-03 03:20:00+00:00,15.100000381469727,15.100000381469727,15.100000381469727,15.100000381469727,15190,0.0,0.0,0.0
2025-07-03 03:25:00+00:00,15.100000381469727,15.100000381469727,15.100000381469727,15.100000381469727,5500,0.0,0.0,0.0
2025-07-03 03:30:00+00:00,15.109999656677246,15.109999656677246,15.109999656677246,15.109999656677246,35000,0.0,0.0,0.0
2025-07-03 03:35:00+00:00,15.109999656677246,15.109999656677246,15.109999656677246,15.109999656677246,11000,0.0,0.0,0.0
2025-07-03 03:45:00+00:00,15.109999656677246,15.119999885559082,15.109999656677246,15.119999885559082,2020,0.0,0.0,0.0
2025-07-03 03:50:00+00:00,15.109999656677246,15.109999656677246,15.109999656677246,15.109999656677246,1030,0.0,0.0,0.0
2025-07-03 04:00:00+00:00,15.109999656677246,15.109999656677246,15.109999656677246,15.109999656677246,21000,0.0,0.0,0.0
2025-07-03 04:05:00+00:00,15.119999885559082,15.119999885559082,15.119999885559082,15.119999885559082,100000,0.0,0.0,0.0
2025-07-03 04:10:00+00:00,15.119999885559082,15.119999885559082,15.119999885559082,15.119999885559082,63268,0.0,0.0,0.0
2025-07-03 04:15:00+00:00,15.119999885559082,15.119999885559082,15.119999885559082,15.119999885559082,123100,0.0,0.0,0.0
2025-07-03 04:20:00+00:00,15.109999656677246,15.109999656677246,15.109999656677246,15.109999656677246,2000,0.0,0.0,0.0
2025-07-03 04:25:00+00:00,15.119999885559082,15.119999885559082,15.119999885559082,15.119999885559082,8532,0.0,0.0,0.0
2025-07-03 04:45:00+00:00,15.109999656677246,15.109999656677246,15.109999656677246,15.109999656677246,25402,0.0,0.0,0.0
2025-07-03 04:50:00+00:00,15.119999885559082,15.119999885559082,15.109999656677246,15.109999656677246,11100,0.0,0.0,0.0
2025-07-03 04:55:00+00:00,15.100000381469727,15.100000381469727,15.100000381469727,15.100000381469727,3263,0.0,0.0,0.0
2025-07-03 05:00:00+00:00,15.100000381469727,15.100000381469727,15.100000381469727,15.100000381469727,8000,0.0,0.0,0.0
2025-07-03 05:05:00+00:00,15.100000381469727,15.100000381469727,15.100000381469727,15.100000381469727,16137,0.0,0.0,0.0
2025-07-03 05:15:00+00:00,15.100000381469727,15.100000381469727,15.100000381469727,15.100000381469727,7264,0.0,0.0,0.0
2025-07-03 05:20:00+00:00,15.100000381469727,15.100000381469727,15.100000381469727,15.100000381469727,0,0.0,0.0,0.0
2025-07-04 01:00:00+00:00,15.130000114440918,15.149999618530273,15.130000114440918,15.149999618530273,105589,0.0,0.0,0.0
2025-07-04 01:20:00+00:00,15.100000381469727,15.100000381469727,15.100000381469727,15.100000381469727,6262,0.0,0.0,0.0
2025-07-04 01:30:00+00:00,15.09000015258789,15.09000015258789,15.079999923706055,15.079999923706055,5000,0.0,0.0,0.0
2025-07-04 01:35:00+00:00,15.100000381469727,15.100000381469727,15.100000381469727,15.100000381469727,1000,0.0,0.0,0.0
2025-07-04 01:40:00+00:00,15.079999923706055,15.079999923706055,15.079999923706055,15.079999923706055,1000,0.0,0.0,0.0
2025-07-04 01:45:00+00:00,15.069999694824219,15.069999694824219,15.020000457763672,15.020000457763672,92000,0.0,0.0,0.0
2025-07-04 01:50:00+00:00,15.029999732971191,15.029999732971191,15.029999732971191,15.029999732971191,9066,0.0,0.0,0.0
2025-07-04 01:55:00+00:00,15.029999732971191,15.029999732971191,15.029999732971191,15.029999732971191,27085,0.0,0.0,0.0
2025-07-04 02:05:00+00:00,15.029999732971191,15.029999732971191,15.029999732971191,15.029999732971191,10000,0.0,0.0,0.0
2025-07-04 02:15:00+00:00,15.020000457763672,15.020000457763672,15.020000457763672,15.020000457763672,2000,0.0,0.0,0.0
2025-07-04 02:20:00+00:00,15.029999732971191,15.029999732971191,15.029999732971191,15.029999732971191,1124,0.0,0.0,0.0
2025-07-04 02:25:00+00:00,15.029999732971191,15.029999732971191,15.029999732971191,15.029999732971191,6000,0.0,0.0,0.0
2025-07-04 02:30:00+00:00,15.039999961853027,15.039999961853027,15.020000457763672,15.020000457763672,5026,0.0,0.0,0.0
2025-07-04 02:35:00+00:00,15.029999732971191,15.029999732971191,15.029999732971191,15.029999732971191,5044,0.0,0.0,0.0
2025-07-04 02:40:00+00:00,15.039999961853027,15.039999961853027,15.029999732971191,15.029999732971191,7000,0.0,0.0,0.0
2025-07-04 02:45:00+00:00,15.029999732971191,15.029999732971191,15.029999732971191,15.029999732971191,2001,0.0,0.0,0.0
2025-07-04 02:55:00+00:00,15.029999732971191,15.029999732971191,15.029999732971191,15.029999732971191,2550,0.0,0.0,0.0
2025-07-04 03:10:00+00:00,15.029999732971191,15.029999732971191,15.029999732971191,15.029999732971191,5010,0.0,0.0,0.0
2025-07-04 03:15:00+00:00,15.029999732971191,15.029999732971191,15.029999732971191,15.029999732971191,1010,0.0,0.0,0.0
2025-07-04 03:25:00+00:00,15.020000457763672,15.020000457763672,15.020000457763672,15.020000457763672,4000,0.0,0.0,0.0
2025-07-04 03:35:00+00:00,15.020000457763672,15.020000457763672,15.020000457763672,15.020000457763672,2000,0.0,0.0,0.0
2025-07-04 03:40:00+00:00,15.020000457763672,15.020000457763672,15.020000457763672,15.020000457763672,21000,0.0,0.0,0.0
2025-07-04 03:45:00+00:00,15.020000457763672,15.020000457763672,15.020000457763672,15.020000457763672,7000,0.0,0.0,0.0
2025-07-04 03:50:00+00:00,15.020000457763672,15.020000457763672,15.020000457763672,15.020000457763672,17230,0.0,0.0,0.0
2025-07-04 04:00:00+00:00,15.020000457763672,15.020000457763672,15.020000457763672,15.020000457763672,2900,0.0,0.0,0.0
2025-07-04 04:05:00+00:00,15.020000457763672,15.020000457763672,15.020000457763672,15.020000457763672,8000,0.0,0.0,0.0
2025-07-04 04:10:00+00:00,15.010000228881836,15.010000228881836,15.010000228881836,15.010000228881836,1000,0.0,0.0,0.0
2025-07-04 04:15:00+00:00,15.010000228881836,15.010000228881836,15.010000228881836,15.010000228881836,1000,0.0,0.0,0.0
2025-07-04 04:25:00+00:00,15.010000228881836,15.010000228881836,15.010000228881836,15.010000228881836,63507,0.0,0.0,0.0
2025-07-04 04:30:00+00:00,15.010000228881836,15.010000228881836,15.010000228881836,15.010000228881836,3150,0.0,0.0,0.0
2025-07-04 04:35:00+00:00,15.010000228881836,15.010000228881836,15.010000228881836,15.010000228881836,28242,0.0,0.0,0.0
2025-07-04 04:45:00+00:00,15.010000228881836,15.010000228881836,15.010000228881836,15.010000228881836,15135,0.0,0.0,0.0
2025-07-04 04:55:00+00:00,15.020000457763672,15.020000457763672,15.020000457763672,15.020000457763672,13010,0.0,0.0,0.0
2025-07-04 05:00:00+00:00,15.020000457763672,15.020000457763672,15.020000457763672,15.020000457763672,1000,0.0,0.0,0.0
2025-07-04 05:05:00+00:00,15.020000457763672,15.020000457763672,15.020000457763672,15.020000457763672,100100,0.0,0.0,0.0
2025-07-04 05:10:00+00:00,15.020000457763672,15.020000457763672,15.020000457763672,15.020000457763672,1200,0.0,0.0,0.0
2025-07-04 05:15:00+00:00,15.029999732971191,15.029999732971191,15.029999732971191,15.029999732971191,32180,0.0,0.0,0.0
2025-07-04 05:20:00+00:00,15.020000457763672,15.020000457763672,15.020000457763672,15.020000457763672,6019,0.0,0.0,0.0
2025-07-07 01:00:00+00:00,14.970000267028809,14.970000267028809,14.970000267028809,14.970000267028809,0,0.0,0.0,0.0
2025-07-07 01:05:00+00:00,14.920000076293945,14.920000076293945,14.890000343322754,14.890000343322754,37076,0.0,0.0,0.0
2025-07-07 01:10:00+00:00,14.869999885559082,14.899999618530273,14.869999885559082,14.880000114440918,5664,0.0,0.0,0.0
2025-07-07 01:25:00+00:00,14.90999984741211,14.920000076293945,14.90999984741211,14.920000076293945,101132,0.0,0.0,0.0
2025-07-07 01:30:00+00:00,14.949999809265137,14.970000267028809,14.9399995803833,14.9399995803833,22998,0.0,0.0,0.0
2025-07-07 01:35:00+00:00,14.930000305175781,14.930000305175781,14.930000305175781,14.930000305175781,100000,0.0,0.0,0.0
2025-07-07 01:45:00+00:00,14.960000038146973,14.960000038146973,14.960000038146973,14.960000038146973,3306,0.0,0.0,0.0
2025-07-07 01:55:00+00:00,14.949999809265137,14.949999809265137,14.9399995803833,14.9399995803833,2306,0.0,0.0,0.0
2025-07-07 02:00:00+00:00,14.970000267028809,14.970000267028809,14.970000267028809,14.970000267028809,3006,0.0,0.0,0.0
2025-07-07 02:10:00+00:00,14.970000267028809,14.970000267028809,14.970000267028809,14.970000267028809,10000,0.0,0.0,0.0
2025-07-07 02:15:00+00:00,14.979999542236328,14.989999771118164,14.979999542236328,14.989999771118164,3224,0.0,0.0,0.0
2025-07-07 02:30:00+00:00,14.970000267028809,14.979999542236328,14.970000267028809,14.979999542236328,4388,0.0,0.0,0.0
2025-07-07 02:35:00+00:00,14.960000038146973,14.960000038146973,14.949999809265137,14.949999809265137,5016,0.0,0.0,0.0
2025-07-07 02:45:00+00:00,14.970000267028809,14.979999542236328,14.970000267028809,14.979999542236328,3122,0.0,0.0,0.0
2025-07-07 03:00:00+00:00,14.979999542236328,14.979999542236328,14.979999542236328,14.979999542236328,3200,0.0,0.0,0.0
2025-07-07 03:05:00+00:00,14.949999809265137,14.949999809265137,14.949999809265137,14.949999809265137,2026,0.0,0.0,0.0
2025-07-07 03:15:00+00:00,14.970000267028809,14.970000267028809,14.970000267028809,14.970000267028809,1876,0.0,0.0,0.0
2025-07-07 03:35:00+00:00,14.960000038146973,14.960000038146973,14.960000038146973,14.960000038146973,2056,0.0,0.0,0.0
2025-07-07 03:45:00+00:00,14.960000038146973,14.960000038146973,14.960000038146973,14.960000038146973,1100,0.0,0.0,0.0
2025-07-07 03:50:00+00:00,14.970000267028809,14.970000267028809,14.970000267028809,14.970000267028809,100012,0.0,0.0,0.0
2025-07-07 04:00:00+00:00,14.949999809265137,14.949999809265137,14.949999809265137,14.949999809265137,6200,0.0,0.0,0.0
2025-07-07 04:05:00+00:00,14.970000267028809,14.970000267028809,14.970000267028809,14.970000267028809,1106,0.0,0.0,0.0
2025-07-07 04:15:00+00:00,14.970000267028809,14.970000267028809,14.960000038146973,14.960000038146973,17056,0.0,0.0,0.0
2025-07-07 04:20:00+00:00,14.970000267028809,14.979999542236328,14.970000267028809,14.970000267028809,48000,0.0,0.0,0.0
2025-07-07 04:25:00+00:00,14.979999542236328,14.979999542236328,14.979999542236328,14.979999542236328,8290,0.0,0.0,0.0
2025-07-07 04:35:00+00:00,14.979999542236328,14.979999542236328,14.979999542236328,14.979999542236328,5464,0.0,0.0,0.0
2025-07-07 04:50:00+00:00,14.979999542236328,14.979999542236328,14.979999542236328,14.979999542236328,4778,0.0,0.0,0.0
2025-07-07 05:00:00+00:00,14.979999542236328,14.979999542236328,14.979999542236328,14.979999542236328,3354,0.0,0.0,0.0
2025-07-07 05:05:00+00:00,14.979999542236328,14.979999542236328,14.979999542236328,14.979999542236328,10529,0.0,0.0,0.0
2025-07-07 05:15:00+00:00,14.979999542236328,14.979999542236328,14.979999542236328,14.979999542236328,1003,0.0,0.0,0.0
2025-07-08 01:00:00+00:00,14.970000267028809,14.970000267028809,14.970000267028809,14.970000267028809,0,0.0,0.0,0.0
2025-07-08 01:05:00+00:00,14.949999809265137,14.949999809265137,14.930000305175781,14.930000305175781,7871,0.0,0.0,0.0
2025-07-08 01:10:00+00:00,14.949999809265137,14.949999809265137,14.949999809265137,14.949999809265137,2026,0.0,0.0,0.0
2025-07-08 01:15:00+00:00,14.920000076293945,14.920000076293945,14.920000076293945,14.920000076293945,3000,0.0,0.0,0.0
2025-07-08 01:20:00+00:00,14.920000076293945,14.920000076293945,14.920000076293945,14.920000076293945,10157,0.0,0.0,0.0
2025-07-08 01:30:00+00:00,14.920000076293945,14.920000076293945,14.899999618530273,14.899999618530273,6172,0.0,0.0,0.0
2025-07-08 01:35:00+00:00,14.899999618530273,14.899999618530273,14.899999618530273,14.899999618530273,4207,0.0,0.0,0.0
2025-07-08 01:40:00+00:00,14.890000343322754,14.890000343322754,14.880000114440918,14.880000114440918,10103,0.0,0.0,0.0
2025-07-08 01:45:00+00:00,14.880000114440918,14.880000114440918,14.880000114440918,14.880000114440918,95354,0.0,0.0,0.0
2025-07-08 01:50:00+00:00,14.869999885559082,14.869999885559082,14.869999885559082,14.869999885559082,10870,0.0,0.0,0.0
2025-07-08 01:55:00+00:00,14.859999656677246,14.859999656677246,14.850000381469727,14.850000381469727,5930,0.0,0.0,0.0
2025-07-08 02:05:00+00:00,14.84000015258789,14.84000015258789,14.84000015258789,14.84000015258789,84715,0.0,0.0,0.0
2025-07-08 02:15:00+00:00,14.850000381469727,14.850000381469727,14.850000381469727,14.850000381469727,5127,0.0,0.0,0.0
2025-07-08 02:20:00+00:00,14.869999885559082,14.869999885559082,14.869999885559082,14.869999885559082,38200,0.0,0.0,0.0
2025-07-08 02:25:00+00:00,14.869999885559082,14.869999885559082,14.869999885559082,14.869999885559082,5000,0.0,0.0,0.0
2025-07-08 02:30:00+00:00,14.880000114440918,14.880000114440918,14.880000114440918,14.880000114440918,3380,0.0,0.0,0.0
2025-07-08 02:45:00+00:00,14.880000114440918,14.880000114440918,14.880000114440918,14.880000114440918,10125,0.0,0.0,0.0
2025-07-08 02:50:00+00:00,14.890000343322754,14.890000343322754,14.890000343322754,14.890000343322754,7000,0.0,0.0,0.0
2025-07-08 02:55:00+00:00,14.899999618530273,14.920000076293945,14.899999618530273,14.920000076293945,68336,0.0,0.0,0.0
2025-07-08 03:15:00+00:00,14.899999618530273,14.899999618530273,14.899999618530273,14.899999618530273,1871,0.0,0.0,0.0
2025-07-08 03:35:00+00:00,14.899999618530273,14.899999618530273,14.899999618530273,14.899999618530273,3028,0.0,0.0,0.0
2025-07-08 03:40:00+00:00,14.899999618530273,14.899999618530273,14.899999618530273,14.899999618530273,5053,0.0,0.0,0.0
2025-07-08 03:45:00+00:00,14.899999618530273,14.920000076293945,14.899999618530273,14.920000076293945,6000,0.0,0.0,0.0
2025-07-08 03:50:00+00:00,14.920000076293945,14.920000076293945,14.920000076293945,14.920000076293945,1003,0.0,0.0,0.0
2025-07-08 04:00:00+00:00,14.899999618530273,14.899999618530273,14.899999618530273,14.899999618530273,2263,0.0,0.0,0.0
2025-07-08 04:20:00+00:00,14.880000114440918,14.880000114440918,14.880000114440918,14.880000114440918,5000,0.0,0.0,0.0
2025-07-08 04:25:00+00:00,14.869999885559082,14.869999885559082,14.869999885559082,14.869999885559082,103262,0.0,0.0,0.0
2025-07-08 04:30:00+00:00,14.890000343322754,14.890000343322754,14.890000343322754,14.890000343322754,1053,0.0,0.0,0.0
2025-07-08 04:35:00+00:00,14.859999656677246,14.859999656677246,14.859999656677246,14.859999656677246,52187,0.0,0.0,0.0
2025-07-08 04:45:00+00:00,14.869999885559082,14.869999885559082,14.869999885559082,14.869999885559082,10482,0.0,0.0,0.0
2025-07-08 05:00:00+00:00,14.869999885559082,14.869999885559082,14.869999885559082,14.869999885559082,2058,0.0,0.0,0.0
2025-07-08 05:05:00+00:00,14.869999885559082,14.869999885559082,14.869999885559082,14.869999885559082,4053,0.0,0.0,0.0
2025-07-08 05:15:00+00:00,14.869999885559082,14.869999885559082,14.869999885559082,14.869999885559082,3000,0.0,0.0,0.0
2025-07-08 05:20:00+00:00,14.880000114440918,14.880000114440918,14.880000114440918,14.880000114440918,5000,0.0,0.0,0.0
2025-07-08 05:25:00+00:00,14.890000343322754,14.890000343322754,14.890000343322754,14.890000343322754,4000,0.0,0.0,0.0
2025-07-09 01:00:00+00:00,14.850000381469727,14.850000381469727,14.819999694824219,14.819999694824219,0,0.0,0.0,0.0
2025-07-09 01:05:00+00:00,14.84000015258789,14.869999885559082,14.84000015258789,14.869999885559082,8930,0.0,0.0,0.0
2025-07-09 01:15:00+00:00,14.859999656677246,14.859999656677246,14.850000381469727,14.850000381469727,4001,0.0,0.0,0.0
2025-07-09 01:20:00+00:00,14.84000015258789,14.84000015258789,14.829999923706055,14.829999923706055,3034,0.0,0.0,0.0
2025-07-09 01:25:00+00:00,14.850000381469727,14.850000381469727,14.829999923706055,14.829999923706055,3862,0.0,0.0,0.0
2025-07-09 01:30:00+00:00,14.84000015258789,14.84000015258789,14.819999694824219,14.819999694824219,8344,0.0,0.0,0.0
2025-07-09 01:45:00+00:00,14.850000381469727,14.850000381469727,14.850000381469727,14.850000381469727,2095,0.0,0.0,0.0
2025-07-09 01:50:00+00:00,14.850000381469727,14.850000381469727,14.850000381469727,14.850000381469727,14784,0.0,0.0,0.0
2025-07-09 01:55:00+00:00,14.850000381469727,14.850000381469727,14.850000381469727,14.850000381469727,7019,0.0,0.0,0.0
2025-07-09 02:00:00+00:00,14.859999656677246,14.859999656677246,14.859999656677246,14.859999656677246,2366,0.0,0.0,0.0
2025-07-09 02:05:00+00:00,14.84000015258789,14.84000015258789,14.84000015258789,14.84000015258789,3000,0.0,0.0,0.0
2025-07-09 02:10:00+00:00,14.84000015258789,14.84000015258789,14.84000015258789,14.84000015258789,1010,0.0,0.0,0.0
2025-07-09 02:15:00+00:00,14.84000015258789,14.84000015258789,14.84000015258789,14.84000015258789,2139,0.0,0.0,0.0
2025-07-09 02:20:00+00:00,14.829999923706055,14.829999923706055,14.829999923706055,14.829999923706055,20000,0.0,0.0,0.0
2025-07-09 02:25:00+00:00,14.829999923706055,14.829999923706055,14.829999923706055,14.829999923706055,38000,0.0,0.0,0.0
2025-07-09 02:30:00+00:00,14.84000015258789,14.84000015258789,14.84000015258789,14.84000015258789,3070,0.0,0.0,0.0
2025-07-09 02:35:00+00:00,14.84000015258789,14.84000015258789,14.84000015258789,14.84000015258789,1000,0.0,0.0,0.0
2025-07-09 02:40:00+00:00,14.829999923706055,14.829999923706055,14.829999923706055,14.829999923706055,5046,0.0,0.0,0.0
2025-07-09 02:45:00+00:00,14.850000381469727,14.850000381469727,14.850000381469727,14.850000381469727,3648,0.0,0.0,0.0
2025-07-09 02:55:00+00:00,14.84000015258789,14.84000015258789,14.84000015258789,14.84000015258789,3000,0.0,0.0,0.0
2025-07-09 03:00:00+00:00,14.84000015258789,14.84000015258789,14.84000015258789,14.84000015258789,2021,0.0,0.0,0.0
2025-07-09 03:15:00+00:00,14.84000015258789,14.84000015258789,14.84000015258789,14.84000015258789,6050,0.0,0.0,0.0
2025-07-09 03:30:00+00:00,14.84000015258789,14.84000015258789,14.84000015258789,14.84000015258789,8023,0.0,0.0,0.0
2025-07-09 03:40:00+00:00,14.84000015258789,14.850000381469727,14.84000015258789,14.850000381469727,24010,0.0,0.0,0.0
2025-07-09 03:45:00+00:00,14.850000381469727,14.850000381469727,14.850000381469727,14.850000381469727,2070,0.0,0.0,0.0
2025-07-09 03:50:00+00:00,14.84000015258789,14.859999656677246,14.84000015258789,14.859999656677246,6000,0.0,0.0,0.0
2025-07-09 03:55:00+00:00,14.84000015258789,14.84000015258789,14.84000015258789,14.84000015258789,4100,0.0,0.0,0.0
2025-07-09 04:00:00+00:00,14.84000015258789,14.850000381469727,14.84000015258789,14.850000381469727,4305,0.0,0.0,0.0
2025-07-09 04:10:00+00:00,14.850000381469727,14.850000381469727,14.850000381469727,14.850000381469727,11242,0.0,0.0,0.0
2025-07-09 04:15:00+00:00,14.859999656677246,14.859999656677246,14.859999656677246,14.859999656677246,2000,0.0,0.0,0.0
2025-07-09 04:20:00+00:00,14.850000381469727,14.850000381469727,14.850000381469727,14.850000381469727,10000,0.0,0.0,0.0
2025-07-09 04:25:00+00:00,14.850000381469727,14.859999656677246,14.850000381469727,14.859999656677246,3200,0.0,0.0,0.0
2025-07-09 04:35:00+00:00,14.859999656677246,14.859999656677246,14.859999656677246,14.859999656677246,151375,0.0,0.0,0.0
2025-07-09 04:50:00+00:00,14.859999656677246,14.859999656677246,14.859999656677246,14.859999656677246,1978,0.0,0.0,0.0
2025-07-09 05:00:00+00:00,14.850000381469727,14.850000381469727,14.850000381469727,14.850000381469727,104048,0.0,0.0,0.0
2025-07-09 05:05:00+00:00,14.850000381469727,14.850000381469727,14.850000381469727,14.850000381469727,8038,0.0,0.0,0.0
2025-07-09 05:15:00+00:00,14.859999656677246,14.859999656677246,14.850000381469727,14.850000381469727,105404,0.0,0.0,0.0
2025-07-09 05:20:00+00:00,14.859999656677246,14.859999656677246,14.859999656677246,14.859999656677246,2002,0.0,0.0,0.0
2025-07-10 01:00:00+00:00,14.779999732971191,14.819999694824219,14.770000457763672,14.819999694824219,0,0.0,0.0,0.0
2025-07-10 01:05:00+00:00,14.800000190734863,14.8100004196167,14.800000190734863,14.8100004196167,14265,0.0,0.0,0.0
2025-07-10 01:10:00+00:00,14.8100004196167,14.8100004196167,14.8100004196167,14.8100004196167,7146,0.0,0.0,0.0
2025-07-10 01:15:00+00:00,14.8100004196167,14.8100004196167,14.800000190734863,14.800000190734863,3000,0.0,0.0,0.0
2025-07-10 01:20:00+00:00,14.800000190734863,14.800000190734863,14.779999732971191,14.779999732971191,21188,0.0,0.0,0.0
2025-07-10 01:25:00+00:00,14.779999732971191,14.789999961853027,14.779999732971191,14.779999732971191,21530,0.0,0.0,0.0
2025-07-10 01:30:00+00:00,14.8100004196167,14.8100004196167,14.8100004196167,14.8100004196167,1190,0.0,0.0,0.0
2025-07-10 01:35:00+00:00,14.800000190734863,14.800000190734863,14.800000190734863,14.800000190734863,1000,0.0,0.0,0.0
2025-07-10 01:40:00+00:00,14.800000190734863,14.800000190734863,14.789999961853027,14.789999961853027,491250,0.0,0.0,0.0
2025-07-10 01:45:00+00:00,14.779999732971191,14.800000190734863,14.779999732971191,14.800000190734863,107136,0.0,0.0,0.0
2025-07-10 01:50:00+00:00,14.800000190734863,14.800000190734863,14.800000190734863,14.800000190734863,1100,0.0,0.0,0.0
2025-07-10 01:55:00+00:00,14.800000190734863,14.800000190734863,14.800000190734863,14.800000190734863,1100,0.0,0.0,0.0
2025-07-10 02:00:00+00:00,14.800000190734863,14.800000190734863,14.800000190734863,14.800000190734863,1500,0.0,0.0,0.0
2025-07-10 02:05:00+00:00,14.800000190734863,14.800000190734863,14.800000190734863,14.800000190734863,1000,0.0,0.0,0.0
2025-07-10 02:10:00+00:00,14.789999961853027,14.789999961853027,14.789999961853027,14.789999961853027,54280,0.0,0.0,0.0
2025-07-10 02:15:00+00:00,14.789999961853027,14.789999961853027,14.789999961853027,14.789999961853027,4580,0.0,0.0,0.0
2025-07-10 02:25:00+00:00,14.8100004196167,14.8100004196167,14.8100004196167,14.8100004196167,26000,0.0,0.0,0.0
2025-07-10 02:30:00+00:00,14.800000190734863,14.800000190734863,14.800000190734863,14.800000190734863,11000,0.0,0.0,0.0
2025-07-10 02:40:00+00:00,14.819999694824219,14.819999694824219,14.819999694824219,14.819999694824219,2100,0.0,0.0,0.0
2025-07-10 02:50:00+00:00,14.8100004196167,14.8100004196167,14.8100004196167,14.8100004196167,1000,0.0,0.0,0.0
2025-07-10 02:55:00+00:00,14.8100004196167,14.8100004196167,14.8100004196167,14.8100004196167,9132,0.0,0.0,0.0
2025-07-10 03:00:00+00:00,14.8100004196167,14.8100004196167,14.8100004196167,14.8100004196167,1200,0.0,0.0,0.0
2025-07-10 03:20:00+00:00,14.8100004196167,14.8100004196167,14.8100004196167,14.8100004196167,4000,0.0,0.0,0.0
2025-07-10 03:25:00+00:00,14.800000190734863,14.800000190734863,14.800000190734863,14.800000190734863,7130,0.0,0.0,0.0
2025-07-10 03:30:00+00:00,14.800000190734863,14.800000190734863,14.800000190734863,14.800000190734863,5100,0.0,0.0,0.0
2025-07-10 03:35:00+00:00,14.800000190734863,14.800000190734863,14.800000190734863,14.800000190734863,11416,0.0,0.0,0.0
2025-07-10 03:40:00+00:00,14.800000190734863,14.8100004196167,14.800000190734863,14.8100004196167,23010,0.0,0.0,0.0
2025-07-10 03:45:00+00:00,14.8100004196167,14.8100004196167,14.8100004196167,14.8100004196167,3000,0.0,0.0,0.0
2025-07-10 03:50:00+00:00,14.8100004196167,14.8100004196167,14.8100004196167,14.8100004196167,30000,0.0,0.0,0.0
2025-07-10 03:55:00+00:00,14.8100004196167,14.8100004196167,14.8100004196167,14.8100004196167,1002,0.0,0.0,0.0
2025-07-10 04:00:00+00:00,14.8100004196167,14.8100004196167,14.8100004196167,14.8100004196167,17023,0.0,0.0,0.0
2025-07-10 04:15:00+00:00,14.819999694824219,14.819999694824219,14.819999694824219,14.819999694824219,20500,0.0,0.0,0.0
2025-07-10 04:20:00+00:00,14.819999694824219,14.819999694824219,14.819999694824219,14.819999694824219,2035,0.0,0.0,0.0
2025-07-10 04:25:00+00:00,14.819999694824219,14.819999694824219,14.819999694824219,14.819999694824219,1000,0.0,0.0,0.0
2025-07-10 04:30:00+00:00,14.819999694824219,14.819999694824219,14.819999694824219,14.819999694824219,4270,0.0,0.0,0.0
2025-07-10 04:35:00+00:00,14.819999694824219,14.819999694824219,14.819999694824219,14.819999694824219,9000,0.0,0.0,0.0
2025-07-10 04:40:00+00:00,14.819999694824219,14.829999923706055,14.819999694824219,14.829999923706055,20000,0.0,0.0,0.0
2025-07-10 04:45:00+00:00,14.829999923706055,14.829999923706055,14.829999923706055,14.829999923706055,5000,0.0,0.0,0.0
2025-07-10 04:50:00+00:00,14.829999923706055,14.84000015258789,14.829999923706055,14.84000015258789,20200,0.0,0.0,0.0
2025-07-10 04:55:00+00:00,14.829999923706055,14.829999923706055,14.829999923706055,14.829999923706055,52000,0.0,0.0,0.0
2025-07-10 05:00:00+00:00,14.829999923706055,14.829999923706055,14.829999923706055,14.829999923706055,31157,0.0,0.0,0.0
2025-07-10 05:05:00+00:00,14.829999923706055,14.829999923706055,14.829999923706055,14.829999923706055,26436,0.0,0.0,0.0
2025-07-10 05:15:00+00:00,14.84000015258789,14.84000015258789,14.829999923706055,14.829999923706055,10133,0.0,0.0,0.0
2025-07-10 05:20:00+00:00,14.829999923706055,14.829999923706055,14.819999694824219,14.819999694824219,3228,0.0,0.0,0.0
2025-07-11 01:00:00+00:00,14.819999694824219,14.859999656677246,14.819999694824219,14.859999656677246,0,0.0,0.0,0.0
2025-07-11 01:05:00+00:00,14.859999656677246,14.859999656677246,14.859999656677246,14.859999656677246,2595,0.0,0.0,0.0
2025-07-11 01:10:00+00:00,14.859999656677246,14.869999885559082,14.859999656677246,14.869999885559082,20010,0.0,0.0,0.0
2025-07-11 01:15:00+00:00,14.869999885559082,14.890000343322754,14.869999885559082,14.890000343322754,115230,0.0,0.0,0.0
2025-07-11 01:20:00+00:00,14.899999618530273,14.90999984741211,14.899999618530273,14.90999984741211,17300,0.0,0.0,0.0
2025-07-11 01:25:00+00:00,14.90999984741211,14.90999984741211,14.90999984741211,14.90999984741211,2000,0.0,0.0,0.0
2025-07-11 01:30:00+00:00,14.920000076293945,14.949999809265137,14.920000076293945,14.949999809265137,41070,0.0,0.0,0.0
2025-07-11 01:35:00+00:00,14.949999809265137,14.960000038146973,14.949999809265137,14.960000038146973,18000,0.0,0.0,0.0
2025-07-11 01:40:00+00:00,14.960000038146973,14.960000038146973,14.960000038146973,14.960000038146973,7050,0.0,0.0,0.0
2025-07-11 01:45:00+00:00,14.949999809265137,14.949999809265137,14.949999809265137,14.949999809265137,2020,0.0,0.0,0.0
2025-07-11 01:50:00+00:00,14.949999809265137,14.960000038146973,14.949999809265137,14.960000038146973,17070,0.0,0.0,0.0
2025-07-11 01:55:00+00:00,14.960000038146973,14.960000038146973,14.960000038146973,14.960000038146973,10150,0.0,0.0,0.0
2025-07-11 02:00:00+00:00,14.960000038146973,14.979999542236328,14.960000038146973,14.979999542236328,140686,0.0,0.0,0.0
2025-07-11 02:05:00+00:00,14.979999542236328,14.979999542236328,14.979999542236328,14.979999542236328,5000,0.0,0.0,0.0
2025-07-11 02:10:00+00:00,14.989999771118164,14.989999771118164,14.970000267028809,14.970000267028809,12000,0.0,0.0,0.0
2025-07-11 02:15:00+00:00,14.970000267028809,14.970000267028809,14.970000267028809,14.970000267028809,5010,0.0,0.0,0.0
2025-07-11 02:20:00+00:00,14.970000267028809,14.970000267028809,14.970000267028809,14.970000267028809,87210,0.0,0.0,0.0
2025-07-11 02:50:00+00:00,14.930000305175781,14.9399995803833,14.930000305175781,14.9399995803833,61300,0.0,0.0,0.0
2025-07-11 03:00:00+00:00,14.9399995803833,14.949999809265137,14.9399995803833,14.949999809265137,22000,0.0,0.0,0.0
2025-07-11 03:05:00+00:00,14.949999809265137,14.960000038146973,14.949999809265137,14.960000038146973,12010,0.0,0.0,0.0
2025-07-11 03:10:00+00:00,14.949999809265137,14.960000038146973,14.949999809265137,14.960000038146973,15000,0.0,0.0,0.0
2025-07-11 03:15:00+00:00,14.960000038146973,14.960000038146973,14.960000038146973,14.960000038146973,1496,0.0,0.0,0.0
2025-07-11 03:20:00+00:00,14.949999809265137,14.949999809265137,14.949999809265137,14.949999809265137,1248,0.0,0.0,0.0
2025-07-11 03:50:00+00:00,14.949999809265137,14.960000038146973,14.949999809265137,14.949999809265137,9002,0.0,0.0,0.0
2025-07-11 03:55:00+00:00,14.949999809265137,14.949999809265137,14.949999809265137,14.949999809265137,5000,0.0,0.0,0.0
2025-07-11 04:00:00+00:00,14.949999809265137,14.960000038146973,14.949999809265137,14.960000038146973,14200,0.0,0.0,0.0
2025-07-11 04:05:00+00:00,14.960000038146973,14.960000038146973,14.960000038146973,14.960000038146973,3007,0.0,0.0,0.0
2025-07-11 04:20:00+00:00,14.949999809265137,14.949999809265137,14.949999809265137,14.949999809265137,102066,0.0,0.0,0.0
2025-07-11 04:25:00+00:00,14.949999809265137,14.949999809265137,14.949999809265137,14.949999809265137,7126,0.0,0.0,0.0
2025-07-11 04:30:00+00:00,14.949999809265137,14.949999809265137,14.949999809265137,14.949999809265137,1400,0.0,0.0,0.0
2025-07-11 04:35:00+00:00,14.949999809265137,14.949999809265137,14.949999809265137,14.949999809265137,18067,0.0,0.0,0.0
2025-07-11 04:40:00+00:00,14.949999809265137,14.949999809265137,14.949999809265137,14.949999809265137,3010,0.0,0.0,0.0
2025-07-11 04:45:00+00:00,14.949999809265137,14.949999809265137,14.949999809265137,14.949999809265137,8002,0.0,0.0,0.0
2025-07-11 04:50:00+00:00,14.949999809265137,14.960000038146973,14.949999809265137,14.960000038146973,2134,0.0,0.0,0.0
2025-07-11 04:55:00+00:00,14.960000038146973,14.960000038146973,14.960000038146973,14.960000038146973,1000,0.0,0.0,0.0
2025-07-11 05:05:00+00:00,14.949999809265137,14.949999809265137,14.949999809265137,14.949999809265137,6000,0.0,0.0,0.0
2025-07-11 05:10:00+00:00,14.949999809265137,14.949999809265137,14.930000305175781,14.930000305175781,7457,0.0,0.0,0.0
2025-07-11 05:15:00+00:00,14.930000305175781,14.9399995803833,14.930000305175781,14.9399995803833,42027,0.0,0.0,0.0
2025-07-11 05:20:00+00:00,14.949999809265137,14.949999809265137,14.930000305175781,14.930000305175781,9954,0.0,0.0,0.0
2025-07-14 01:00:00+00:00,14.920000076293945,14.9399995803833,14.920000076293945,14.9399995803833,0,0.0,0.0,0.0
2025-07-14 01:05:00+00:00,14.9399995803833,14.9399995803833,14.9399995803833,14.9399995803833,11455,0.0,0.0,0.0
2025-07-14 01:10:00+00:00,14.930000305175781,14.930000305175781,14.930000305175781,14.930000305175781,5120,0.0,0.0,0.0
2025-07-14 01:15:00+00:00,14.920000076293945,14.920000076293945,14.890000343322754,14.890000343322754,53822,0.0,0.0,0.0
2025-07-14 01:20:00+00:00,14.890000343322754,14.899999618530273,14.890000343322754,14.899999618530273,3166,0.0,0.0,0.0
2025-07-14 01:25:00+00:00,14.890000343322754,14.899999618530273,14.890000343322754,14.899999618530273,86529,0.0,0.0,0.0
2025-07-14 01:30:00+00:00,14.90999984741211,14.90999984741211,14.899999618530273,14.90999984741211,67066,0.0,0.0,0.0
2025-07-14 01:35:00+00:00,14.920000076293945,14.930000305175781,14.920000076293945,14.930000305175781,10594,0.0,0.0,0.0
2025-07-14 01:40:00+00:00,14.930000305175781,14.9399995803833,14.930000305175781,14.9399995803833,63000,0.0,0.0,0.0
2025-07-14 01:45:00+00:00,14.949999809265137,14.949999809265137,14.9399995803833,14.9399995803833,5252,0.0,0.0,0.0
2025-07-14 02:00:00+00:00,14.9399995803833,14.9399995803833,14.9399995803833,14.9399995803833,27254,0.0,0.0,0.0
2025-07-14 02:05:00+00:00,14.9399995803833,14.9399995803833,14.9399995803833,14.9399995803833,20000,0.0,0.0,0.0
2025-07-14 02:10:00+00:00,14.9399995803833,14.9399995803833,14.9399995803833,14.9399995803833,27116,0.0,0.0,0.0
2025-07-14 02:15:00+00:00,14.949999809265137,14.949999809265137,14.9399995803833,14.9399995803833,4140,0.0,0.0,0.0
2025-07-14 02:20:00+00:00,14.9399995803833,14.9399995803833,14.9399995803833,14.9399995803833,99110,0.0,0.0,0.0
2025-07-14 02:25:00+00:00,14.949999809265137,14.949999809265137,14.949999809265137,14.949999809265137,10000,0.0,0.0,0.0
2025-07-14 02:30:00+00:00,14.949999809265137,14.949999809265137,14.920000076293945,14.920000076293945,14114,0.0,0.0,0.0
2025-07-14 02:35:00+00:00,14.920000076293945,14.920000076293945,14.920000076293945,14.920000076293945,4000,0.0,0.0,0.0
2025-07-14 02:40:00+00:00,14.920000076293945,14.920000076293945,14.920000076293945,14.920000076293945,2000,0.0,0.0,0.0
2025-07-14 02:45:00+00:00,14.9399995803833,14.9399995803833,14.930000305175781,14.930000305175781,7426,0.0,0.0,0.0
2025-07-14 02:50:00+00:00,14.920000076293945,14.920000076293945,14.920000076293945,14.920000076293945,16201,0.0,0.0,0.0
2025-07-14 03:00:00+00:00,14.920000076293945,14.920000076293945,14.920000076293945,14.920000076293945,2100,0.0,0.0,0.0
2025-07-14 03:05:00+00:00,14.920000076293945,14.920000076293945,14.920000076293945,14.920000076293945,2270,0.0,0.0,0.0
2025-07-14 03:30:00+00:00,14.90999984741211,14.90999984741211,14.90999984741211,14.90999984741211,9122,0.0,0.0,0.0
2025-07-14 03:35:00+00:00,14.920000076293945,14.920000076293945,14.90999984741211,14.90999984741211,18000,0.0,0.0,0.0
2025-07-14 03:40:00+00:00,14.920000076293945,14.920000076293945,14.920000076293945,14.920000076293945,2754,0.0,0.0,0.0
2025-07-14 03:45:00+00:00,14.920000076293945,14.920000076293945,14.920000076293945,14.920000076293945,5605,0.0,0.0,0.0
2025-07-14 03:55:00+00:00,14.920000076293945,14.920000076293945,14.920000076293945,14.920000076293945,12046,0.0,0.0,0.0
2025-07-14 04:05:00+00:00,14.920000076293945,14.920000076293945,14.920000076293945,14.920000076293945,1029,0.0,0.0,0.0
2025-07-14 04:10:00+00:00,14.920000076293945,14.920000076293945,14.920000076293945,14.920000076293945,15119,0.0,0.0,0.0
2025-07-14 04:15:00+00:00,14.920000076293945,14.920000076293945,14.90999984741211,14.920000076293945,24145,0.0,0.0,0.0
2025-07-14 04:20:00+00:00,14.930000305175781,14.930000305175781,14.930000305175781,14.930000305175781,1400,0.0,0.0,0.0
2025-07-14 04:35:00+00:00,14.920000076293945,14.920000076293945,14.920000076293945,14.920000076293945,1100,0.0,0.0,0.0
2025-07-14 04:40:00+00:00,14.920000076293945,14.920000076293945,14.90999984741211,14.90999984741211,7100,0.0,0.0,0.0
2025-07-14 04:45:00+00:00,14.90999984741211,14.90999984741211,14.90999984741211,14.90999984741211,11010,0.0,0.0,0.0
2025-07-14 04:50:00+00:00,14.90999984741211,14.90999984741211,14.90999984741211,14.90999984741211,8365,0.0,0.0,0.0
2025-07-14 04:55:00+00:00,14.90999984741211,14.90999984741211,14.90999984741211,14.90999984741211,2168,0.0,0.0,0.0
2025-07-14 05:00:00+00:00,14.920000076293945,14.920000076293945,14.920000076293945,14.920000076293945,2000,0.0,0.0,0.0
2025-07-14 05:05:00+00:00,14.90999984741211,14.90999984741211,14.90999984741211,14.90999984741211,22000,0.0,0.0,0.0
2025-07-14 05:10:00+00:00,14.90999984741211,14.90999984741211,14.90999984741211,14.90999984741211,15407,0.0,0.0,0.0
2025-07-14 05:20:00+00:00,14.920000076293945,14.920000076293945,14.90999984741211,14.90999984741211,9100,0.0,0.0,0.0
2025-07-15 01:00:00+00:00,14.9399995803833,14.949999809265137,14.9399995803833,14.9399995803833,0,0.0,0.0,0.0
2025-07-15 01:05:00+00:00,14.9399995803833,14.960000038146973,14.9399995803833,14.960000038146973,29000,0.0,0.0,0.0
2025-07-15 01:10:00+00:00,14.960000038146973,14.960000038146973,14.949999809265137,14.949999809265137,28027,0.0,0.0,0.0
2025-07-15 01:15:00+00:00,14.960000038146973,14.960000038146973,14.960000038146973,14.960000038146973,5000,0.0,0.0,0.0
2025-07-15 01:20:00+00:00,14.949999809265137,14.949999809265137,14.949999809265137,14.949999809265137,30380,0.0,0.0,0.0
2025-07-15 01:25:00+00:00,14.960000038146973,14.970000267028809,14.960000038146973,14.970000267028809,8362,0.0,0.0,0.0
2025-07-15 01:30:00+00:00,14.970000267028809,14.970000267028809,14.970000267028809,14.970000267028809,6386,0.0,0.0,0.0
2025-07-15 01:35:00+00:00,14.979999542236328,14.989999771118164,14.979999542236328,14.989999771118164,47001,0.0,0.0,0.0
2025-07-15 01:40:00+00:00,15.0,15.0,15.0,15.0,83967,0.0,0.0,0.0
2025-07-15 01:45:00+00:00,15.0,15.0,14.989999771118164,14.989999771118164,113294,0.0,0.0,0.0
2025-07-15 01:55:00+00:00,14.989999771118164,14.989999771118164,14.989999771118164,14.989999771118164,5000,0.0,0.0,0.0
2025-07-15 02:00:00+00:00,15.0,15.0,14.960000038146973,14.960000038146973,203651,0.0,0.0,0.0
2025-07-15 02:05:00+00:00,14.949999809265137,14.949999809265137,14.920000076293945,14.920000076293945,102100,0.0,0.0,0.0
2025-07-15 02:10:00+00:00,14.930000305175781,14.930000305175781,14.930000305175781,14.930000305175781,4400,0.0,0.0,0.0
2025-07-15 02:15:00+00:00,14.930000305175781,14.930000305175781,14.899999618530273,14.899999618530273,2318,0.0,0.0,0.0
2025-07-15 02:25:00+00:00,14.920000076293945,14.920000076293945,14.920000076293945,14.920000076293945,1100,0.0,0.0,0.0
2025-07-15 02:30:00+00:00,14.90999984741211,14.90999984741211,14.899999618530273,14.899999618530273,11628,0.0,0.0,0.0
2025-07-15 02:35:00+00:00,14.890000343322754,14.890000343322754,14.890000343322754,14.890000343322754,28100,0.0,0.0,0.0
2025-07-15 02:40:00+00:00,14.899999618530273,14.899999618530273,14.890000343322754,14.899999618530273,3110,0.0,0.0,0.0
2025-07-15 02:45:00+00:00,14.899999618530273,14.899999618530273,14.899999618530273,14.899999618530273,5100,0.0,0.0,0.0
2025-07-15 02:50:00+00:00,14.890000343322754,14.890000343322754,14.890000343322754,14.890000343322754,48089,0.0,0.0,0.0
2025-07-15 03:05:00+00:00,14.890000343322754,14.899999618530273,14.890000343322754,14.899999618530273,21000,0.0,0.0,0.0
2025-07-15 03:10:00+00:00,14.899999618530273,14.899999618530273,14.899999618530273,14.899999618530273,3064,0.0,0.0,0.0
2025-07-15 03:15:00+00:00,14.890000343322754,14.890000343322754,14.890000343322754,14.890000343322754,2000,0.0,0.0,0.0
2025-07-15 03:20:00+00:00,14.890000343322754,14.899999618530273,14.890000343322754,14.899999618530273,11015,0.0,0.0,0.0
2025-07-15 03:25:00+00:00,14.899999618530273,14.90999984741211,14.899999618530273,14.90999984741211,17710,0.0,0.0,0.0
2025-07-15 03:45:00+00:00,14.90999984741211,14.90999984741211,14.90999984741211,14.90999984741211,12000,0.0,0.0,0.0
2025-07-15 03:50:00+00:00,14.90999984741211,14.90999984741211,14.899999618530273,14.899999618530273,12000,0.0,0.0,0.0
2025-07-15 03:55:00+00:00,14.899999618530273,14.899999618530273,14.899999618530273,14.899999618530273,3375,0.0,0.0,0.0
2025-07-15 04:05:00+00:00,14.899999618530273,14.899999618530273,14.899999618530273,14.899999618530273,3500,0.0,0.0,0.0
2025-07-15 04:10:00+00:00,14.899999618530273,14.899999618530273,14.899999618530273,14.899999618530273,1355,0.0,0.0,0.0
2025-07-15 04:15:00+00:00,14.899999618530273,14.899999618530273,14.899999618530273,14.899999618530273,2000,0.0,0.0,0.0
2025-07-15 04:20:00+00:00,14.90999984741211,14.90999984741211,14.90999984741211,14.90999984741211,2010,0.0,0.0,0.0
2025-07-15 04:30:00+00:00,14.90999984741211,14.90999984741211,14.90999984741211,14.90999984741211,2300,0.0,0.0,0.0
2025-07-15 04:35:00+00:00,14.920000076293945,14.920000076293945,14.920000076293945,14.920000076293945,15369,0.0,0.0,0.0
2025-07-15 04:45:00+00:00,14.920000076293945,14.920000076293945,14.920000076293945,14.920000076293945,1000,0.0,0.0,0.0
2025-07-15 04:50:00+00:00,14.920000076293945,14.920000076293945,14.920000076293945,14.920000076293945,14621,0.0,0.0,0.0
2025-07-15 05:05:00+00:00,14.930000305175781,14.949999809265137,14.930000305175781,14.949999809265137,109082,0.0,0.0,0.0
2025-07-15 05:10:00+00:00,14.949999809265137,14.949999809265137,14.949999809265137,14.949999809265137,8496,0.0,0.0,0.0
2025-07-15 05:15:00+00:00,14.970000267028809,14.970000267028809,14.970000267028809,14.970000267028809,4100,0.0,0.0,0.0
2025-07-16 01:00:00+00:00,14.890000343322754,14.890000343322754,14.890000343322754,14.890000343322754,0,0.0,0.0,0.0
2025-07-16 01:05:00+00:00,14.890000343322754,14.890000343322754,14.890000343322754,14.890000343322754,1580,0.0,0.0,0.0
2025-07-16 01:10:00+00:00,14.899999618530273,14.920000076293945,14.899999618530273,14.920000076293945,18000,0.0,0.0,0.0
2025-07-16 01:15:00+00:00,14.9399995803833,14.9399995803833,14.9399995803833,14.9399995803833,37239,0.0,0.0,0.0
2025-07-16 01:20:00+00:00,14.9399995803833,14.949999809265137,14.9399995803833,14.949999809265137,60196,0.0,0.0,0.0
2025-07-16 01:25:00+00:00,14.960000038146973,14.960000038146973,14.960000038146973,14.960000038146973,11872,0.0,0.0,0.0
2025-07-16 01:30:00+00:00,14.970000267028809,14.970000267028809,14.970000267028809,14.970000267028809,27487,0.0,0.0,0.0
2025-07-16 01:35:00+00:00,14.979999542236328,14.979999542236328,14.979999542236328,14.979999542236328,18175,0.0,0.0,0.0
2025-07-16 01:40:00+00:00,14.979999542236328,14.989999771118164,14.979999542236328,14.989999771118164,9878,0.0,0.0,0.0
2025-07-16 01:45:00+00:00,14.989999771118164,15.0,14.989999771118164,15.0,50830,0.0,0.0,0.0
2025-07-16 01:50:00+00:00,14.989999771118164,15.010000228881836,14.989999771118164,15.0,42471,0.0,0.0,0.0
2025-07-16 01:55:00+00:00,15.0,15.0,15.0,15.0,29106,0.0,0.0,0.0
2025-07-16 02:00:00+00:00,15.010000228881836,15.010000228881836,15.010000228881836,15.010000228881836,4110,0.0,0.0,0.0
2025-07-16 02:05:00+00:00,15.0,15.0,15.0,15.0,22256,0.0,0.0,0.0
2025-07-16 02:10:00+00:00,14.989999771118164,15.0,14.989999771118164,15.0,6000,0.0,0.0,0.0
2025-07-16 02:15:00+00:00,15.0,15.010000228881836,15.0,15.010000228881836,77146,0.0,0.0,0.0
2025-07-16 02:20:00+00:00,15.020000457763672,15.029999732971191,15.020000457763672,15.029999732971191,156478,0.0,0.0,0.0
2025-07-16 02:25:00+00:00,15.029999732971191,15.029999732971191,15.029999732971191,15.029999732971191,20127,0.0,0.0,0.0
2025-07-16 02:30:00+00:00,15.039999961853027,15.039999961853027,15.039999961853027,15.039999961853027,2006,0.0,0.0,0.0
2025-07-16 02:35:00+00:00,15.029999732971191,15.029999732971191,15.010000228881836,15.010000228881836,8000,0.0,0.0,0.0
2025-07-16 02:40:00+00:00,15.020000457763672,15.020000457763672,15.020000457763672,15.020000457763672,5000,0.0,0.0,0.0
2025-07-16 02:45:00+00:00,15.020000457763672,15.020000457763672,15.010000228881836,15.010000228881836,59006,0.0,0.0,0.0
2025-07-16 02:50:00+00:00,15.010000228881836,15.010000228881836,15.010000228881836,15.010000228881836,9106,0.0,0.0,0.0
2025-07-16 03:00:00+00:00,15.010000228881836,15.020000457763672,15.010000228881836,15.010000228881836,3235,0.0,0.0,0.0
2025-07-16 03:15:00+00:00,15.010000228881836,15.010000228881836,15.010000228881836,15.010000228881836,2206,0.0,0.0,0.0
2025-07-16 03:20:00+00:00,15.0,15.0,15.0,15.0,2006,0.0,0.0,0.0
2025-07-16 03:25:00+00:00,15.0,15.0,15.0,15.0,1000,0.0,0.0,0.0
2025-07-16 03:30:00+00:00,15.010000228881836,15.010000228881836,15.010000228881836,15.010000228881836,2391,0.0,0.0,0.0
2025-07-16 03:35:00+00:00,15.0,15.0,15.0,15.0,11000,0.0,0.0,0.0
2025-07-16 03:40:00+00:00,15.0,15.010000228881836,15.0,15.010000228881836,46909,0.0,0.0,0.0
2025-07-16 03:45:00+00:00,15.010000228881836,15.010000228881836,15.010000228881836,15.010000228881836,8330,0.0,0.0,0.0
2025-07-16 03:55:00+00:00,15.010000228881836,15.010000228881836,15.010000228881836,15.010000228881836,33180,0.0,0.0,0.0
2025-07-16 04:00:00+00:00,15.010000228881836,15.020000457763672,15.010000228881836,15.020000457763672,53937,0.0,0.0,0.0
2025-07-16 04:05:00+00:00,15.020000457763672,15.029999732971191,15.020000457763672,15.020000457763672,29700,0.0,0.0,0.0
2025-07-16 04:10:00+00:00,15.020000457763672,15.020000457763672,15.020000457763672,15.020000457763672,4166,0.0,0.0,0.0
2025-07-16 04:20:00+00:00,15.010000228881836,15.010000228881836,15.0,15.0,5006,0.0,0.0,0.0
2025-07-16 04:25:00+00:00,15.0,15.0,15.0,15.0,14100,0.0,0.0,0.0
2025-07-16 04:30:00+00:00,15.0,15.010000228881836,15.0,15.010000228881836,18106,0.0,0.0,0.0
2025-07-16 04:35:00+00:00,15.020000457763672,15.020000457763672,15.020000457763672,15.020000457763672,16407,0.0,0.0,0.0
2025-07-16 04:40:00+00:00,15.029999732971191,15.039999961853027,15.020000457763672,15.039999961853027,29751,0.0,0.0,0.0
2025-07-16 04:45:00+00:00,15.039999961853027,15.039999961853027,15.039999961853027,15.039999961853027,127582,0.0,0.0,0.0
2025-07-16 04:50:00+00:00,15.039999961853027,15.039999961853027,15.039999961853027,15.039999961853027,14100,0.0,0.0,0.0
2025-07-16 04:55:00+00:00,15.039999961853027,15.039999961853027,15.039999961853027,15.039999961853027,12107,0.0,0.0,0.0
2025-07-16 05:00:00+00:00,15.039999961853027,15.039999961853027,15.020000457763672,15.020000457763672,179070,0.0,0.0,0.0
2025-07-16 05:05:00+00:00,15.020000457763672,15.029999732971191,15.020000457763672,15.029999732971191,25010,0.0,0.0,0.0
2025-07-16 05:10:00+00:00,15.029999732971191,15.029999732971191,15.029999732971191,15.029999732971191,209000,0.0,0.0,0.0
2025-07-16 05:15:00+00:00,15.029999732971191,15.029999732971191,15.029999732971191,15.029999732971191,139106,0.0,0.0,0.0
2025-07-16 05:20:00+00:00,15.029999732971191,15.029999732971191,15.029999732971191,15.029999732971191,16030,0.0,0.0,0.0
2025-07-17 01:00:00+00:00,15.039999961853027,15.0600004196167,15.039999961853027,15.0600004196167,0,0.0,0.0,0.0
2025-07-17 01:05:00+00:00,15.069999694824219,15.069999694824219,15.069999694824219,15.069999694824219,27465,0.0,0.0,0.0
2025-07-17 01:10:00+00:00,15.079999923706055,15.09000015258789,15.079999923706055,15.09000015258789,97400,0.0,0.0,0.0
2025-07-17 01:15:00+00:00,15.100000381469727,15.119999885559082,15.100000381469727,15.119999885559082,137865,0.0,0.0,0.0
2025-07-17 01:25:00+00:00,15.100000381469727,15.119999885559082,15.09000015258789,15.09000015258789,22084,0.0,0.0,0.0
2025-07-17 01:30:00+00:00,15.079999923706055,15.079999923706055,15.069999694824219,15.069999694824219,5000,0.0,0.0,0.0
2025-07-17 01:35:00+00:00,15.069999694824219,15.069999694824219,15.0600004196167,15.0600004196167,22954,0.0,0.0,0.0
2025-07-17 01:40:00+00:00,15.069999694824219,15.09000015258789,15.069999694824219,15.09000015258789,324060,0.0,0.0,0.0
2025-07-17 01:50:00+00:00,15.079999923706055,15.079999923706055,15.079999923706055,15.079999923706055,2200,0.0,0.0,0.0
2025-07-17 02:00:00+00:00,15.079999923706055,15.09000015258789,15.079999923706055,15.09000015258789,68230,0.0,0.0,0.0
2025-07-17 02:05:00+00:00,15.09000015258789,15.09000015258789,15.09000015258789,15.09000015258789,10000,0.0,0.0,0.0
2025-07-17 02:10:00+00:00,15.09000015258789,15.09000015258789,15.09000015258789,15.09000015258789,49000,0.0,0.0,0.0
2025-07-17 02:15:00+00:00,15.09000015258789,15.09000015258789,15.09000015258789,15.09000015258789,8000,0.0,0.0,0.0
2025-07-17 02:25:00+00:00,15.09000015258789,15.09000015258789,15.09000015258789,15.09000015258789,20600,0.0,0.0,0.0
2025-07-17 02:35:00+00:00,15.09000015258789,15.09000015258789,15.09000015258789,15.09000015258789,1430,0.0,0.0,0.0
2025-07-17 02:40:00+00:00,15.09000015258789,15.09000015258789,15.09000015258789,15.09000015258789,2004,0.0,0.0,0.0
2025-07-17 02:45:00+00:00,15.09000015258789,15.09000015258789,15.09000015258789,15.09000015258789,1000,0.0,0.0,0.0
2025-07-17 02:50:00+00:00,15.09000015258789,15.09000015258789,15.09000015258789,15.09000015258789,3100,0.0,0.0,0.0
2025-07-17 02:55:00+00:00,15.09000015258789,15.09000015258789,15.09000015258789,15.09000015258789,35100,0.0,0.0,0.0
2025-07-17 03:00:00+00:00,15.09000015258789,15.09000015258789,15.09000015258789,15.09000015258789,8000,0.0,0.0,0.0
2025-07-17 03:05:00+00:00,15.09000015258789,15.100000381469727,15.09000015258789,15.09000015258789,155493,0.0,0.0,0.0
2025-07-17 03:10:00+00:00,15.09000015258789,15.100000381469727,15.09000015258789,15.100000381469727,14600,0.0,0.0,0.0
2025-07-17 03:15:00+00:00,15.100000381469727,15.100000381469727,15.100000381469727,15.100000381469727,3000,0.0,0.0,0.0
2025-07-17 03:20:00+00:00,15.100000381469727,15.100000381469727,15.100000381469727,15.100000381469727,5250,0.0,0.0,0.0
2025-07-17 03:25:00+00:00,15.100000381469727,15.100000381469727,15.100000381469727,15.100000381469727,16120,0.0,0.0,0.0
2025-07-17 03:35:00+00:00,15.100000381469727,15.100000381469727,15.100000381469727,15.100000381469727,1300,0.0,0.0,0.0
2025-07-17 03:40:00+00:00,15.100000381469727,15.100000381469727,15.100000381469727,15.100000381469727,1000,0.0,0.0,0.0
2025-07-17 03:45:00+00:00,15.100000381469727,15.100000381469727,15.100000381469727,15.100000381469727,12000,0.0,0.0,0.0
2025-07-17 03:50:00+00:00,15.09000015258789,15.09000015258789,15.09000015258789,15.09000015258789,1000,0.0,0.0,0.0
2025-07-17 03:55:00+00:00,15.09000015258789,15.09000015258789,15.09000015258789,15.09000015258789,1100,0.0,0.0,0.0
2025-07-17 04:00:00+00:00,15.09000015258789,15.09000015258789,15.09000015258789,15.09000015258789,27000,0.0,0.0,0.0
2025-07-17 04:05:00+00:00,15.09000015258789,15.09000015258789,15.09000015258789,15.09000015258789,10500,0.0,0.0,0.0
2025-07-17 04:10:00+00:00,15.09000015258789,15.09000015258789,15.079999923706055,15.079999923706055,4000,0.0,0.0,0.0
2025-07-17 04:15:00+00:00,15.079999923706055,15.079999923706055,15.079999923706055,15.079999923706055,8007,0.0,0.0,0.0
2025-07-17 04:25:00+00:00,15.079999923706055,15.079999923706055,15.079999923706055,15.079999923706055,15007,0.0,0.0,0.0
2025-07-17 04:30:00+00:00,15.079999923706055,15.079999923706055,15.079999923706055,15.079999923706055,13000,0.0,0.0,0.0
2025-07-17 04:35:00+00:00,15.079999923706055,15.079999923706055,15.079999923706055,15.079999923706055,16000,0.0,0.0,0.0
2025-07-17 04:40:00+00:00,15.079999923706055,15.079999923706055,15.079999923706055,15.079999923706055,23002,0.0,0.0,0.0
2025-07-17 04:45:00+00:00,15.079999923706055,15.079999923706055,15.079999923706055,15.079999923706055,38000,0.0,0.0,0.0
2025-07-17 04:50:00+00:00,15.079999923706055,15.079999923706055,15.079999923706055,15.079999923706055,5640,0.0,0.0,0.0
2025-07-17 04:55:00+00:00,15.079999923706055,15.079999923706055,15.079999923706055,15.079999923706055,11000,0.0,0.0,0.0
2025-07-17 05:00:00+00:00,15.079999923706055,15.079999923706055,15.079999923706055,15.079999923706055,13080,0.0,0.0,0.0
2025-07-17 05:05:00+00:00,15.079999923706055,15.079999923706055,15.079999923706055,15.079999923706055,21170,0.0,0.0,0.0
2025-07-17 05:10:00+00:00,15.079999923706055,15.079999923706055,15.079999923706055,15.079999923706055,1000,0.0,0.0,0.0
2025-07-17 05:15:00+00:00,15.079999923706055,15.079999923706055,15.079999923706055,15.079999923706055,57012,0.0,0.0,0.0
2025-07-17 05:20:00+00:00,15.079999923706055,15.09000015258789,15.079999923706055,15.09000015258789,77000,0.0,0.0,0.0
2025-07-18 01:00:00+00:00,15.130000114440918,15.140000343322754,15.119999885559082,15.119999885559082,0,0.0,0.0,0.0
2025-07-18 01:05:00+00:00,15.119999885559082,15.119999885559082,15.109999656677246,15.109999656677246,11600,0.0,0.0,0.0
2025-07-18 01:10:00+00:00,15.109999656677246,15.109999656677246,15.109999656677246,15.109999656677246,47990,0.0,0.0,0.0
2025-07-18 01:15:00+00:00,15.109999656677246,15.109999656677246,15.109999656677246,15.109999656677246,44003,0.0,0.0,0.0
2025-07-18 01:20:00+00:00,15.109999656677246,15.130000114440918,15.109999656677246,15.130000114440918,111603,0.0,0.0,0.0
2025-07-18 01:25:00+00:00,15.09000015258789,15.100000381469727,15.09000015258789,15.100000381469727,15371,0.0,0.0,0.0
2025-07-18 01:30:00+00:00,15.100000381469727,15.100000381469727,15.100000381469727,15.100000381469727,2251,0.0,0.0,0.0
2025-07-18 01:35:00+00:00,15.09000015258789,15.09000015258789,15.069999694824219,15.079999923706055,55045,0.0,0.0,0.0
2025-07-18 01:40:00+00:00,15.079999923706055,15.09000015258789,15.079999923706055,15.079999923706055,78230,0.0,0.0,0.0
2025-07-18 01:45:00+00:00,15.079999923706055,15.079999923706055,15.079999923706055,15.079999923706055,18000,0.0,0.0,0.0
2025-07-18 01:50:00+00:00,15.079999923706055,15.079999923706055,15.079999923706055,15.079999923706055,22000,0.0,0.0,0.0
2025-07-18 01:55:00+00:00,15.079999923706055,15.079999923706055,15.079999923706055,15.079999923706055,19100,0.0,0.0,0.0
2025-07-18 02:00:00+00:00,15.069999694824219,15.069999694824219,15.0600004196167,15.069999694824219,10077,0.0,0.0,0.0
2025-07-18 02:05:00+00:00,15.0600004196167,15.0600004196167,15.0600004196167,15.0600004196167,3007,0.0,0.0,0.0
2025-07-18 02:10:00+00:00,15.050000190734863,15.0600004196167,15.050000190734863,15.0600004196167,5003,0.0,0.0,0.0
2025-07-18 02:15:00+00:00,15.050000190734863,15.050000190734863,15.029999732971191,15.029999732971191,6117,0.0,0.0,0.0
2025-07-18 02:20:00+00:00,15.029999732971191,15.029999732971191,15.020000457763672,15.020000457763672,7116,0.0,0.0,0.0
2025-07-18 02:25:00+00:00,15.020000457763672,15.029999732971191,15.020000457763672,15.029999732971191,10000,0.0,0.0,0.0
2025-07-18 02:30:00+00:00,15.029999732971191,15.029999732971191,15.020000457763672,15.020000457763672,11393,0.0,0.0,0.0
2025-07-18 02:35:00+00:00,15.020000457763672,15.020000457763672,15.020000457763672,15.020000457763672,48115,0.0,0.0,0.0
2025-07-18 02:40:00+00:00,15.029999732971191,15.029999732971191,15.020000457763672,15.020000457763672,23018,0.0,0.0,0.0
2025-07-18 02:45:00+00:00,15.020000457763672,15.020000457763672,15.020000457763672,15.020000457763672,30202,0.0,0.0,0.0
2025-07-18 02:50:00+00:00,15.020000457763672,15.020000457763672,15.020000457763672,15.020000457763672,14065,0.0,0.0,0.0
2025-07-18 02:55:00+00:00,15.010000228881836,15.010000228881836,15.0,15.0,10134,0.0,0.0,0.0
2025-07-18 03:00:00+00:00,15.0,15.0,15.0,15.0,6300,0.0,0.0,0.0
2025-07-18 03:05:00+00:00,15.0,15.0,15.0,15.0,10000,0.0,0.0,0.0
2025-07-18 03:10:00+00:00,15.0,15.0,15.0,15.0,6003,0.0,0.0,0.0
2025-07-18 03:15:00+00:00,15.0,15.0,15.0,15.0,15041,0.0,0.0,0.0
2025-07-18 03:25:00+00:00,15.0,15.010000228881836,15.0,15.010000228881836,46050,0.0,0.0,0.0
2025-07-18 03:30:00+00:00,15.010000228881836,15.010000228881836,15.010000228881836,15.010000228881836,2098,0.0,0.0,0.0
2025-07-18 03:40:00+00:00,15.0,15.0,15.0,15.0,2000,0.0,0.0,0.0
2025-07-18 03:45:00+00:00,15.0,15.0,15.0,15.0,2000,0.0,0.0,0.0
2025-07-18 03:50:00+00:00,15.0,15.0,15.0,15.0,2185,0.0,0.0,0.0
2025-07-18 03:55:00+00:00,14.989999771118164,14.989999771118164,14.989999771118164,14.989999771118164,1395,0.0,0.0,0.0
2025-07-18 04:00:00+00:00,14.989999771118164,15.0,14.989999771118164,15.0,8637,0.0,0.0,0.0
2025-07-18 04:10:00+00:00,15.0,15.0,15.0,15.0,49375,0.0,0.0,0.0
2025-07-18 04:15:00+00:00,15.0,15.0,14.989999771118164,14.989999771118164,27350,0.0,0.0,0.0
2025-07-18 04:25:00+00:00,15.0,15.0,15.0,15.0,2115,0.0,0.0,0.0
2025-07-18 04:30:00+00:00,14.989999771118164,15.0,14.989999771118164,15.0,18071,0.0,0.0,0.0
2025-07-18 04:35:00+00:00,15.0,15.0,14.989999771118164,14.989999771118164,3150,0.0,0.0,0.0
2025-07-18 04:40:00+00:00,14.989999771118164,15.010000228881836,14.989999771118164,15.010000228881836,19489,0.0,0.0,0.0
2025-07-18 04:45:00+00:00,15.020000457763672,15.020000457763672,15.010000228881836,15.020000457763672,91000,0.0,0.0,0.0
2025-07-18 04:50:00+00:00,15.0,15.010000228881836,15.0,15.010000228881836,3000,0.0,0.0,0.0
2025-07-18 04:55:00+00:00,15.010000228881836,15.010000228881836,15.010000228881836,15.010000228881836,5107,0.0,0.0,0.0
2025-07-18 05:00:00+00:00,15.010000228881836,15.010000228881836,15.010000228881836,15.010000228881836,24278,0.0,0.0,0.0
2025-07-18 05:05:00+00:00,15.010000228881836,15.010000228881836,15.010000228881836,15.010000228881836,29209,0.0,0.0,0.0
2025-07-18 05:10:00+00:00,15.010000228881836,15.010000228881836,15.010000228881836,15.010000228881836,16858,0.0,0.0,0.0
2025-07-18 05:15:00+00:00,15.010000228881836,15.020000457763672,15.010000228881836,15.020000457763672,74218,0.0,0.0,0.0
2025-07-18 05:20:00+00:00,15.020000457763672,15.039999961853027,15.020000457763672,15.039999961853027,122884,0.0,0.0,0.0
2025-07-21 01:00:00+00:00,15.029999732971191,15.050000190734863,15.029999732971191,15.039999961853027,0,0.0,0.0,0.0
2025-07-21 01:05:00+00:00,15.039999961853027,15.050000190734863,15.039999961853027,15.039999961853027,92437,0.0,0.0,0.0
2025-07-21 01:10:00+00:00,15.039999961853027,15.039999961853027,15.029999732971191,15.029999732971191,31203,0.0,0.0,0.0
2025-07-21 01:15:00+00:00,15.020000457763672,15.029999732971191,15.010000228881836,15.010000228881836,42500,0.0,0.0,0.0
2025-07-21 01:20:00+00:00,15.010000228881836,15.010000228881836,15.010000228881836,15.010000228881836,69033,0.0,0.0,0.0
2025-07-21 01:25:00+00:00,15.010000228881836,15.010000228881836,15.010000228881836,15.010000228881836,13067,0.0,0.0,0.0
2025-07-21 01:30:00+00:00,15.010000228881836,15.010000228881836,15.0,15.010000228881836,88395,0.0,0.0,0.0
2025-07-21 01:35:00+00:00,15.010000228881836,15.010000228881836,15.0,15.0,19200,0.0,0.0,0.0
2025-07-21 01:40:00+00:00,15.0,15.0,15.0,15.0,53560,0.0,0.0,0.0
2025-07-21 01:45:00+00:00,15.0,15.010000228881836,15.0,15.010000228881836,14110,0.0,0.0,0.0
2025-07-21 01:50:00+00:00,15.0,15.010000228881836,15.0,15.010000228881836,19000,0.0,0.0,0.0
2025-07-21 01:55:00+00:00,15.010000228881836,15.020000457763672,15.010000228881836,15.020000457763672,54400,0.0,0.0,0.0
2025-07-21 02:00:00+00:00,15.029999732971191,15.029999732971191,15.029999732971191,15.029999732971191,20300,0.0,0.0,0.0
2025-07-21 02:05:00+00:00,15.029999732971191,15.029999732971191,15.029999732971191,15.029999732971191,1000,0.0,0.0,0.0
2025-07-21 02:10:00+00:00,15.020000457763672,15.020000457763672,15.020000457763672,15.020000457763672,14000,0.0,0.0,0.0
2025-07-21 02:15:00+00:00,15.029999732971191,15.029999732971191,15.029999732971191,15.029999732971191,1200,0.0,0.0,0.0
2025-07-21 02:20:00+00:00,15.029999732971191,15.029999732971191,15.029999732971191,15.029999732971191,38000,0.0,0.0,0.0
2025-07-21 02:25:00+00:00,15.029999732971191,15.039999961853027,15.029999732971191,15.029999732971191,35000,0.0,0.0,0.0
2025-07-21 02:30:00+00:00,15.039999961853027,15.039999961853027,15.039999961853027,15.039999961853027,31100,0.0,0.0,0.0
2025-07-21 02:35:00+00:00,15.039999961853027,15.039999961853027,15.039999961853027,15.039999961853027,12100,0.0,0.0,0.0
2025-07-21 02:40:00+00:00,15.039999961853027,15.039999961853027,15.039999961853027,15.039999961853027,7210,0.0,0.0,0.0
2025-07-21 02:45:00+00:00,15.050000190734863,15.050000190734863,15.050000190734863,15.050000190734863,1500,0.0,0.0,0.0
2025-07-21 02:50:00+00:00,15.029999732971191,15.029999732971191,15.029999732971191,15.029999732971191,1000,0.0,0.0,0.0
2025-07-21 02:55:00+00:00,15.029999732971191,15.029999732971191,15.029999732971191,15.029999732971191,121100,0.0,0.0,0.0
2025-07-21 03:00:00+00:00,15.039999961853027,15.039999961853027,15.029999732971191,15.029999732971191,202325,0.0,0.0,0.0
2025-07-21 03:05:00+00:00,15.029999732971191,15.029999732971191,15.029999732971191,15.029999732971191,3000,0.0,0.0,0.0
2025-07-21 03:10:00+00:00,15.020000457763672,15.020000457763672,15.020000457763672,15.020000457763672,2123,0.0,0.0,0.0
2025-07-21 03:15:00+00:00,15.029999732971191,15.029999732971191,15.029999732971191,15.029999732971191,1200,0.0,0.0,0.0
2025-07-21 03:20:00+00:00,15.020000457763672,15.020000457763672,15.020000457763672,15.020000457763672,5497,0.0,0.0,0.0
2025-07-21 03:25:00+00:00,15.010000228881836,15.010000228881836,15.010000228881836,15.010000228881836,2000,0.0,0.0,0.0
2025-07-21 03:30:00+00:00,15.020000457763672,15.020000457763672,15.010000228881836,15.010000228881836,6759,0.0,0.0,0.0
2025-07-21 03:45:00+00:00,15.010000228881836,15.010000228881836,15.010000228881836,15.010000228881836,53000,0.0,0.0,0.0
2025-07-21 03:50:00+00:00,15.010000228881836,15.010000228881836,15.010000228881836,15.010000228881836,2175,0.0,0.0,0.0
2025-07-21 04:00:00+00:00,15.010000228881836,15.010000228881836,15.010000228881836,15.010000228881836,10020,0.0,0.0,0.0
2025-07-21 04:05:00+00:00,15.010000228881836,15.020000457763672,15.010000228881836,15.020000457763672,6000,0.0,0.0,0.0
2025-07-21 04:10:00+00:00,15.010000228881836,15.010000228881836,15.010000228881836,15.010000228881836,5252,0.0,0.0,0.0
2025-07-21 04:15:00+00:00,15.010000228881836,15.020000457763672,15.010000228881836,15.020000457763672,17000,0.0,0.0,0.0
2025-07-21 04:20:00+00:00,15.010000228881836,15.020000457763672,15.010000228881836,15.010000228881836,34000,0.0,0.0,0.0
2025-07-21 04:25:00+00:00,15.010000228881836,15.010000228881836,15.010000228881836,15.010000228881836,6073,0.0,0.0,0.0
2025-07-21 04:30:00+00:00,15.010000228881836,15.010000228881836,15.0,15.0,109527,0.0,0.0,0.0
2025-07-21 04:35:00+00:00,15.0,15.010000228881836,15.0,15.010000228881836,2100,0.0,0.0,0.0
2025-07-21 04:40:00+00:00,15.010000228881836,15.010000228881836,15.010000228881836,15.010000228881836,13195,0.0,0.0,0.0
2025-07-21 04:55:00+00:00,15.0,15.0,15.0,15.0,4298,0.0,0.0,0.0
2025-07-21 05:00:00+00:00,15.0,15.0,15.0,15.0,13249,0.0,0.0,0.0
2025-07-21 05:05:00+00:00,15.0,15.0,15.0,15.0,101000,0.0,0.0,0.0
2025-07-21 05:10:00+00:00,15.0,15.0,14.979999542236328,14.979999542236328,98910,0.0,0.0,0.0
2025-07-21 05:15:00+00:00,14.989999771118164,14.989999771118164,14.989999771118164,14.989999771118164,2135,0.0,0.0,0.0
2025-07-21 05:20:00+00:00,14.989999771118164,14.989999771118164,14.989999771118164,14.989999771118164,133349,0.0,0.0,0.0
2025-07-22 01:00:00+00:00,14.989999771118164,15.029999732971191,14.989999771118164,15.020000457763672,0,0.0,0.0,0.0
2025-07-22 01:05:00+00:00,15.020000457763672,15.020000457763672,15.020000457763672,15.020000457763672,43315,0.0,0.0,0.0
2025-07-22 01:10:00+00:00,15.020000457763672,15.050000190734863,15.020000457763672,15.050000190734863,92887,0.0,0.0,0.0
2025-07-22 01:15:00+00:00,15.039999961853027,15.039999961853027,15.039999961853027,15.039999961853027,2040,0.0,0.0,0.0
2025-07-22 01:25:00+00:00,15.010000228881836,15.010000228881836,15.0,15.010000228881836,109080,0.0,0.0,0.0
2025-07-22 01:30:00+00:00,15.010000228881836,15.020000457763672,15.010000228881836,15.020000457763672,33401,0.0,0.0,0.0
2025-07-22 01:35:00+00:00,15.029999732971191,15.039999961853027,15.029999732971191,15.039999961853027,53233,0.0,0.0,0.0
2025-07-22 01:40:00+00:00,15.039999961853027,15.039999961853027,15.039999961853027,15.039999961853027,94600,0.0,0.0,0.0
2025-07-22 01:45:00+00:00,15.039999961853027,15.050000190734863,15.039999961853027,15.050000190734863,285000,0.0,0.0,0.0
2025-07-22 01:50:00+00:00,15.050000190734863,15.050000190734863,15.039999961853027,15.039999961853027,103862,0.0,0.0,0.0
2025-07-22 01:55:00+00:00,15.039999961853027,15.050000190734863,15.039999961853027,15.050000190734863,27100,0.0,0.0,0.0
2025-07-22 02:00:00+00:00,15.050000190734863,15.050000190734863,15.050000190734863,15.050000190734863,2000,0.0,0.0,0.0
2025-07-22 02:05:00+00:00,15.039999961853027,15.039999961853027,15.039999961853027,15.039999961853027,200066,0.0,0.0,0.0
2025-07-22 02:15:00+00:00,15.039999961853027,15.039999961853027,15.039999961853027,15.039999961853027,51000,0.0,0.0,0.0
2025-07-22 02:25:00+00:00,15.029999732971191,15.029999732971191,15.020000457763672,15.020000457763672,75000,0.0,0.0,0.0
2025-07-22 02:30:00+00:00,15.020000457763672,15.020000457763672,15.020000457763672,15.020000457763672,15000,0.0,0.0,0.0
2025-07-22 02:35:00+00:00,15.020000457763672,15.029999732971191,15.020000457763672,15.029999732971191,10000,0.0,0.0,0.0
2025-07-22 02:40:00+00:00,15.020000457763672,15.020000457763672,15.020000457763672,15.020000457763672,2000,0.0,0.0,0.0
2025-07-22 02:45:00+00:00,15.020000457763672,15.020000457763672,15.020000457763672,15.020000457763672,196100,0.0,0.0,0.0
2025-07-22 02:50:00+00:00,15.010000228881836,15.010000228881836,15.010000228881836,15.010000228881836,15000,0.0,0.0,0.0
2025-07-22 02:55:00+00:00,15.0,15.0,15.0,15.0,20120,0.0,0.0,0.0
2025-07-22 03:00:00+00:00,15.0,15.0,15.0,15.0,9016,0.0,0.0,0.0
2025-07-22 03:05:00+00:00,15.0,15.0,15.0,15.0,11080,0.0,0.0,0.0
2025-07-22 03:10:00+00:00,14.989999771118164,14.989999771118164,14.989999771118164,14.989999771118164,101116,0.0,0.0,0.0
2025-07-22 03:15:00+00:00,14.970000267028809,14.970000267028809,14.970000267028809,14.970000267028809,2535,0.0,0.0,0.0
2025-07-22 03:25:00+00:00,14.970000267028809,14.970000267028809,14.960000038146973,14.960000038146973,4205,0.0,0.0,0.0
2025-07-22 03:30:00+00:00,14.949999809265137,14.949999809265137,14.949999809265137,14.949999809265137,2466,0.0,0.0,0.0
2025-07-22 03:35:00+00:00,14.9399995803833,14.9399995803833,14.9399995803833,14.9399995803833,2600,0.0,0.0,0.0
2025-07-22 03:45:00+00:00,14.930000305175781,14.930000305175781,14.930000305175781,14.930000305175781,1355,0.0,0.0,0.0
2025-07-22 03:55:00+00:00,14.930000305175781,14.930000305175781,14.930000305175781,14.930000305175781,14000,0.0,0.0,0.0
2025-07-22 04:00:00+00:00,14.930000305175781,14.9399995803833,14.930000305175781,14.9399995803833,67065,0.0,0.0,0.0
2025-07-22 04:05:00+00:00,14.920000076293945,14.920000076293945,14.90999984741211,14.90999984741211,14000,0.0,0.0,0.0
2025-07-22 04:10:00+00:00,14.920000076293945,14.920000076293945,14.899999618530273,14.899999618530273,17595,0.0,0.0,0.0
2025-07-22 04:15:00+00:00,14.899999618530273,14.899999618530273,14.899999618530273,14.899999618530273,15000,0.0,0.0,0.0
2025-07-22 04:20:00+00:00,14.899999618530273,14.899999618530273,14.899999618530273,14.899999618530273,2052,0.0,0.0,0.0
2025-07-22 04:25:00+00:00,14.899999618530273,14.899999618530273,14.890000343322754,14.890000343322754,6125,0.0,0.0,0.0
2025-07-22 04:30:00+00:00,14.890000343322754,14.890000343322754,14.880000114440918,14.890000343322754,12090,0.0,0.0,0.0
2025-07-22 04:35:00+00:00,14.890000343322754,14.890000343322754,14.890000343322754,14.890000343322754,21194,0.0,0.0,0.0
2025-07-22 04:40:00+00:00,14.890000343322754,14.890000343322754,14.890000343322754,14.890000343322754,4370,0.0,0.0,0.0
2025-07-22 04:45:00+00:00,14.890000343322754,14.890000343322754,14.880000114440918,14.880000114440918,14255,0.0,0.0,0.0
2025-07-22 04:55:00+00:00,14.890000343322754,14.899999618530273,14.890000343322754,14.899999618530273,6000,0.0,0.0,0.0
2025-07-22 05:00:00+00:00,14.899999618530273,14.899999618530273,14.899999618530273,14.899999618530273,12300,0.0,0.0,0.0
2025-07-22 05:05:00+00:00,14.899999618530273,14.899999618530273,14.899999618530273,14.899999618530273,8000,0.0,0.0,0.0
2025-07-22 05:10:00+00:00,14.90999984741211,14.90999984741211,14.90999984741211,14.90999984741211,2239,0.0,0.0,0.0
2025-07-22 05:15:00+00:00,14.90999984741211,14.90999984741211,14.90999984741211,14.90999984741211,110000,0.0,0.0,0.0
2025-07-22 05:20:00+00:00,14.90999984741211,14.90999984741211,14.90999984741211,14.90999984741211,10001,0.0,0.0,0.0
2025-07-23 01:00:00+00:00,14.970000267028809,15.0,14.970000267028809,15.0,0,0.0,0.0,0.0
2025-07-23 01:05:00+00:00,15.0,15.0,15.0,15.0,50012,0.0,0.0,0.0
2025-07-23 01:10:00+00:00,15.0,15.0,14.989999771118164,14.989999771118164,0,0.0,0.0,0.0
2025-07-23 01:20:00+00:00,15.0,15.010000228881836,15.0,15.010000228881836,306834,0.0,0.0,0.0
2025-07-23 01:25:00+00:00,15.010000228881836,15.010000228881836,15.010000228881836,15.010000228881836,11728,0.0,0.0,0.0
2025-07-23 01:30:00+00:00,15.010000228881836,15.010000228881836,15.010000228881836,15.010000228881836,26759,0.0,0.0,0.0
2025-07-23 01:35:00+00:00,15.010000228881836,15.050000190734863,15.010000228881836,15.050000190734863,181928,0.0,0.0,0.0
2025-07-23 01:40:00+00:00,15.039999961853027,15.050000190734863,15.029999732971191,15.050000190734863,87011,0.0,0.0,0.0
2025-07-23 01:45:00+00:00,15.050000190734863,15.069999694824219,15.050000190734863,15.069999694824219,79599,0.0,0.0,0.0
2025-07-23 01:50:00+00:00,15.069999694824219,15.069999694824219,15.069999694824219,15.069999694824219,12010,0.0,0.0,0.0
2025-07-23 01:55:00+00:00,15.069999694824219,15.079999923706055,15.069999694824219,15.079999923706055,135692,0.0,0.0,0.0
2025-07-23 02:00:00+00:00,15.09000015258789,15.09000015258789,15.079999923706055,15.079999923706055,109120,0.0,0.0,0.0
2025-07-23 02:05:00+00:00,15.079999923706055,15.079999923706055,15.079999923706055,15.079999923706055,16510,0.0,0.0,0.0
2025-07-23 02:10:00+00:00,15.069999694824219,15.069999694824219,15.069999694824219,15.069999694824219,17378,0.0,0.0,0.0
2025-07-23 02:15:00+00:00,15.079999923706055,15.079999923706055,15.069999694824219,15.069999694824219,23110,0.0,0.0,0.0
2025-07-23 02:20:00+00:00,15.050000190734863,15.050000190734863,15.050000190734863,15.050000190734863,199000,0.0,0.0,0.0
2025-07-23 02:25:00+00:00,15.039999961853027,15.039999961853027,15.029999732971191,15.029999732971191,52999,0.0,0.0,0.0
2025-07-23 02:30:00+00:00,15.020000457763672,15.020000457763672,15.010000228881836,15.010000228881836,5100,0.0,0.0,0.0
2025-07-23 02:35:00+00:00,15.010000228881836,15.010000228881836,15.0,15.0,108000,0.0,0.0,0.0
2025-07-23 02:40:00+00:00,15.010000228881836,15.039999961853027,15.010000228881836,15.039999961853027,30773,0.0,0.0,0.0
2025-07-23 02:45:00+00:00,15.050000190734863,15.050000190734863,15.039999961853027,15.039999961853027,24100,0.0,0.0,0.0
2025-07-23 02:50:00+00:00,15.029999732971191,15.029999732971191,15.029999732971191,15.029999732971191,104070,0.0,0.0,0.0
2025-07-23 02:55:00+00:00,15.050000190734863,15.050000190734863,15.039999961853027,15.039999961853027,44347,0.0,0.0,0.0
2025-07-23 03:00:00+00:00,15.0600004196167,15.079999923706055,15.0600004196167,15.079999923706055,97340,0.0,0.0,0.0
2025-07-23 03:05:00+00:00,15.079999923706055,15.079999923706055,15.079999923706055,15.079999923706055,1050,0.0,0.0,0.0
2025-07-23 03:20:00+00:00,15.0600004196167,15.0600004196167,15.0600004196167,15.0600004196167,7000,0.0,0.0,0.0
2025-07-23 03:25:00+00:00,15.079999923706055,15.079999923706055,15.079999923706055,15.079999923706055,5000,0.0,0.0,0.0
2025-07-23 03:40:00+00:00,15.069999694824219,15.069999694824219,15.069999694824219,15.069999694824219,31000,0.0,0.0,0.0
2025-07-23 03:45:00+00:00,15.069999694824219,15.079999923706055,15.069999694824219,15.079999923706055,127332,0.0,0.0,0.0
2025-07-23 03:50:00+00:00,15.079999923706055,15.079999923706055,15.079999923706055,15.079999923706055,3200,0.0,0.0,0.0
2025-07-23 03:55:00+00:00,15.079999923706055,15.09000015258789,15.079999923706055,15.079999923706055,37594,0.0,0.0,0.0
2025-07-23 04:00:00+00:00,15.079999923706055,15.079999923706055,15.079999923706055,15.079999923706055,16000,0.0,0.0,0.0
2025-07-23 04:05:00+00:00,15.079999923706055,15.079999923706055,15.079999923706055,15.079999923706055,11000,0.0,0.0,0.0
2025-07-23 04:10:00+00:00,15.079999923706055,15.079999923706055,15.079999923706055,15.079999923706055,10015,0.0,0.0,0.0
2025-07-23 04:15:00+00:00,15.079999923706055,15.079999923706055,15.079999923706055,15.079999923706055,7000,0.0,0.0,0.0
2025-07-23 04:20:00+00:00,15.079999923706055,15.079999923706055,15.079999923706055,15.079999923706055,41100,0.0,0.0,0.0
2025-07-23 04:30:00+00:00,15.069999694824219,15.069999694824219,15.069999694824219,15.069999694824219,3110,0.0,0.0,0.0
2025-07-23 04:35:00+00:00,15.0600004196167,15.0600004196167,15.0600004196167,15.0600004196167,36271,0.0,0.0,0.0
2025-07-23 04:40:00+00:00,15.0600004196167,15.0600004196167,15.0600004196167,15.0600004196167,13466,0.0,0.0,0.0
2025-07-23 05:00:00+00:00,15.0600004196167,15.069999694824219,15.0600004196167,15.069999694824219,113000,0.0,0.0,0.0
2025-07-23 05:05:00+00:00,15.069999694824219,15.069999694824219,15.069999694824219,15.069999694824219,2052,0.0,0.0,0.0
2025-07-23 05:10:00+00:00,15.069999694824219,15.069999694824219,15.069999694824219,15.069999694824219,102200,0.0,0.0,0.0
2025-07-23 05:15:00+00:00,15.069999694824219,15.069999694824219,15.069999694824219,15.069999694824219,104145,0.0,0.0,0.0
2025-07-23 05:20:00+00:00,15.069999694824219,15.069999694824219,15.069999694824219,15.069999694824219,39036,0.0,0.0,0.0
2025-07-24 01:00:00+00:00,15.109999656677246,15.149999618530273,15.109999656677246,15.149999618530273,0,0.0,0.0,0.0
2025-07-24 01:05:00+00:00,15.140000343322754,15.140000343322754,15.130000114440918,15.130000114440918,37584,0.0,0.0,0.0
2025-07-24 01:10:00+00:00,15.130000114440918,15.130000114440918,15.119999885559082,15.119999885559082,302500,0.0,0.0,0.0
2025-07-24 01:15:00+00:00,15.119999885559082,15.130000114440918,15.119999885559082,15.119999885559082,38253,0.0,0.0,0.0
2025-07-24 01:20:00+00:00,15.119999885559082,15.119999885559082,15.119999885559082,15.119999885559082,51314,0.0,0.0,0.0
2025-07-24 01:35:00+00:00,15.100000381469727,15.100000381469727,15.079999923706055,15.079999923706055,55972,0.0,0.0,0.0
2025-07-24 01:40:00+00:00,15.069999694824219,15.069999694824219,15.069999694824219,15.069999694824219,3091,0.0,0.0,0.0
2025-07-24 01:50:00+00:00,15.069999694824219,15.069999694824219,15.069999694824219,15.069999694824219,121000,0.0,0.0,0.0
2025-07-24 01:55:00+00:00,15.069999694824219,15.079999923706055,15.069999694824219,15.079999923706055,106165,0.0,0.0,0.0
2025-07-24 02:00:00+00:00,15.079999923706055,15.109999656677246,15.079999923706055,15.109999656677246,152357,0.0,0.0,0.0
2025-07-24 02:05:00+00:00,15.109999656677246,15.109999656677246,15.109999656677246,15.109999656677246,1200,0.0,0.0,0.0
2025-07-24 02:10:00+00:00,15.109999656677246,15.109999656677246,15.100000381469727,15.100000381469727,6000,0.0,0.0,0.0
2025-07-24 02:15:00+00:00,15.100000381469727,15.119999885559082,15.100000381469727,15.109999656677246,76296,0.0,0.0,0.0
2025-07-24 02:25:00+00:00,15.109999656677246,15.109999656677246,15.109999656677246,15.109999656677246,5000,0.0,0.0,0.0
2025-07-24 02:30:00+00:00,15.109999656677246,15.109999656677246,15.100000381469727,15.100000381469727,19449,0.0,0.0,0.0
2025-07-24 02:40:00+00:00,15.09000015258789,15.09000015258789,15.079999923706055,15.079999923706055,105010,0.0,0.0,0.0
2025-07-24 02:50:00+00:00,15.079999923706055,15.079999923706055,15.079999923706055,15.079999923706055,2500,0.0,0.0,0.0
2025-07-24 02:55:00+00:00,15.09000015258789,15.09000015258789,15.09000015258789,15.09000015258789,2000,0.0,0.0,0.0
2025-07-24 03:05:00+00:00,15.09000015258789,15.09000015258789,15.09000015258789,15.09000015258789,2000,0.0,0.0,0.0
2025-07-24 03:10:00+00:00,15.079999923706055,15.079999923706055,15.079999923706055,15.079999923706055,1000,0.0,0.0,0.0
2025-07-24 03:20:00+00:00,15.079999923706055,15.079999923706055,15.079999923706055,15.079999923706055,2125,0.0,0.0,0.0
2025-07-24 03:25:00+00:00,15.09000015258789,15.09000015258789,15.09000015258789,15.09000015258789,5751,0.0,0.0,0.0
2025-07-24 03:40:00+00:00,15.09000015258789,15.09000015258789,15.09000015258789,15.09000015258789,3000,0.0,0.0,0.0
2025-07-24 03:55:00+00:00,15.079999923706055,15.09000015258789,15.079999923706055,15.09000015258789,15020,0.0,0.0,0.0
2025-07-24 04:00:00+00:00,15.09000015258789,15.100000381469727,15.09000015258789,15.100000381469727,65000,0.0,0.0,0.0
2025-07-24 04:05:00+00:00,15.100000381469727,15.100000381469727,15.100000381469727,15.100000381469727,68928,0.0,0.0,0.0
2025-07-24 04:10:00+00:00,15.100000381469727,15.100000381469727,15.100000381469727,15.100000381469727,2000,0.0,0.0,0.0
2025-07-24 04:20:00+00:00,15.09000015258789,15.09000015258789,15.09000015258789,15.09000015258789,102213,0.0,0.0,0.0
2025-07-24 04:30:00+00:00,15.079999923706055,15.09000015258789,15.079999923706055,15.09000015258789,31000,0.0,0.0,0.0
2025-07-24 04:35:00+00:00,15.079999923706055,15.079999923706055,15.079999923706055,15.079999923706055,12000,0.0,0.0,0.0
2025-07-24 04:40:00+00:00,15.079999923706055,15.09000015258789,15.079999923706055,15.09000015258789,14080,0.0,0.0,0.0
2025-07-24 04:55:00+00:00,15.09000015258789,15.09000015258789,15.09000015258789,15.09000015258789,7100,0.0,0.0,0.0
2025-07-24 05:05:00+00:00,15.09000015258789,15.09000015258789,15.09000015258789,15.09000015258789,13010,0.0,0.0,0.0
2025-07-24 05:10:00+00:00,15.09000015258789,15.09000015258789,15.09000015258789,15.09000015258789,110100,0.0,0.0,0.0
2025-07-24 05:15:00+00:00,15.09000015258789,15.09000015258789,15.09000015258789,15.09000015258789,6018,0.0,0.0,0.0
2025-07-24 05:20:00+00:00,15.09000015258789,15.100000381469727,15.09000015258789,15.100000381469727,4051,0.0,0.0,0.0
2025-07-25 01:00:00+00:00,15.119999885559082,15.130000114440918,15.119999885559082,15.119999885559082,0,0.0,0.0,0.0
2025-07-25 01:05:00+00:00,15.119999885559082,15.130000114440918,15.119999885559082,15.130000114440918,59813,0.0,0.0,0.0
2025-07-25 01:10:00+00:00,15.140000343322754,15.140000343322754,15.130000114440918,15.130000114440918,151154,0.0,0.0,0.0
2025-07-25 01:15:00+00:00,15.119999885559082,15.119999885559082,15.109999656677246,15.109999656677246,138575,0.0,0.0,0.0
2025-07-25 01:20:00+00:00,15.109999656677246,15.109999656677246,15.100000381469727,15.109999656677246,5000,0.0,0.0,0.0
2025-07-25 01:25:00+00:00,15.109999656677246,15.109999656677246,15.109999656677246,15.109999656677246,48534,0.0,0.0,0.0
2025-07-25 01:30:00+00:00,15.109999656677246,15.109999656677246,15.109999656677246,15.109999656677246,1000,0.0,0.0,0.0
2025-07-25 01:35:00+00:00,15.119999885559082,15.119999885559082,15.109999656677246,15.119999885559082,108300,0.0,0.0,0.0
2025-07-25 01:40:00+00:00,15.119999885559082,15.119999885559082,15.119999885559082,15.119999885559082,9000,0.0,0.0,0.0
2025-07-25 01:45:00+00:00,15.119999885559082,15.119999885559082,15.119999885559082,15.119999885559082,45995,0.0,0.0,0.0
2025-07-25 02:05:00+00:00,15.109999656677246,15.109999656677246,15.109999656677246,15.109999656677246,3000,0.0,0.0,0.0
2025-07-25 02:10:00+00:00,15.109999656677246,15.109999656677246,15.109999656677246,15.109999656677246,30051,0.0,0.0,0.0
2025-07-25 02:20:00+00:00,15.109999656677246,15.109999656677246,15.109999656677246,15.109999656677246,3000,0.0,0.0,0.0
2025-07-25 02:25:00+00:00,15.109999656677246,15.109999656677246,15.109999656677246,15.109999656677246,11410,0.0,0.0,0.0
2025-07-25 02:30:00+00:00,15.109999656677246,15.109999656677246,15.109999656677246,15.109999656677246,7050,0.0,0.0,0.0
2025-07-25 02:35:00+00:00,15.109999656677246,15.109999656677246,15.109999656677246,15.109999656677246,2000,0.0,0.0,0.0
2025-07-25 02:40:00+00:00,15.100000381469727,15.100000381469727,15.100000381469727,15.100000381469727,98000,0.0,0.0,0.0
2025-07-25 02:45:00+00:00,15.100000381469727,15.100000381469727,15.100000381469727,15.100000381469727,1000,0.0,0.0,0.0
2025-07-25 02:55:00+00:00,15.100000381469727,15.100000381469727,15.100000381469727,15.100000381469727,3000,0.0,0.0,0.0
2025-07-25 03:00:00+00:00,15.100000381469727,15.100000381469727,15.09000015258789,15.09000015258789,2000,0.0,0.0,0.0
2025-07-25 03:05:00+00:00,15.09000015258789,15.09000015258789,15.09000015258789,15.09000015258789,100047,0.0,0.0,0.0
2025-07-25 03:10:00+00:00,15.069999694824219,15.069999694824219,15.069999694824219,15.069999694824219,11320,0.0,0.0,0.0
2025-07-25 03:25:00+00:00,15.069999694824219,15.069999694824219,15.069999694824219,15.069999694824219,2000,0.0,0.0,0.0
2025-07-25 03:30:00+00:00,15.069999694824219,15.069999694824219,15.069999694824219,15.069999694824219,2388,0.0,0.0,0.0
2025-07-25 03:35:00+00:00,15.069999694824219,15.079999923706055,15.069999694824219,15.079999923706055,9533,0.0,0.0,0.0
2025-07-25 03:50:00+00:00,15.069999694824219,15.079999923706055,15.069999694824219,15.079999923706055,4600,0.0,0.0,0.0
2025-07-25 04:10:00+00:00,15.09000015258789,15.09000015258789,15.09000015258789,15.09000015258789,1100,0.0,0.0,0.0
2025-07-25 04:15:00+00:00,15.079999923706055,15.079999923706055,15.079999923706055,15.079999923706055,13000,0.0,0.0,0.0
2025-07-25 04:20:00+00:00,15.079999923706055,15.079999923706055,15.079999923706055,15.079999923706055,5162,0.0,0.0,0.0
2025-07-25 04:25:00+00:00,15.079999923706055,15.079999923706055,15.079999923706055,15.079999923706055,3010,0.0,0.0,0.0
2025-07-25 04:30:00+00:00,15.079999923706055,15.079999923706055,15.079999923706055,15.079999923706055,28071,0.0,0.0,0.0
2025-07-25 04:35:00+00:00,15.079999923706055,15.079999923706055,15.079999923706055,15.079999923706055,20326,0.0,0.0,0.0
2025-07-25 04:50:00+00:00,15.069999694824219,15.069999694824219,15.069999694824219,15.069999694824219,23000,0.0,0.0,0.0
2025-07-25 04:55:00+00:00,15.069999694824219,15.069999694824219,15.069999694824219,15.069999694824219,15100,0.0,0.0,0.0
2025-07-25 05:00:00+00:00,15.069999694824219,15.069999694824219,15.069999694824219,15.069999694824219,1000,0.0,0.0,0.0
2025-07-25 05:05:00+00:00,15.069999694824219,15.069999694824219,15.069999694824219,15.069999694824219,2075,0.0,0.0,0.0
2025-07-25 05:10:00+00:00,15.069999694824219,15.069999694824219,15.069999694824219,15.069999694824219,11941,0.0,0.0,0.0
2025-07-25 05:20:00+00:00,15.069999694824219,15.069999694824219,15.069999694824219,15.069999694824219,5090,0.0,0.0,0.0
2025-07-28 01:00:00+00:00,15.100000381469727,15.109999656677246,15.100000381469727,15.109999656677246,0,0.0,0.0,0.0
2025-07-28 01:05:00+00:00,15.100000381469727,15.100000381469727,15.069999694824219,15.069999694824219,117791,0.0,0.0,0.0
2025-07-28 01:10:00+00:00,15.0600004196167,15.069999694824219,15.0600004196167,15.069999694824219,106100,0.0,0.0,0.0
2025-07-28 01:15:00+00:00,15.039999961853027,15.039999961853027,15.039999961853027,15.039999961853027,4000,0.0,0.0,0.0
2025-07-28 01:20:00+00:00,15.0600004196167,15.069999694824219,15.0600004196167,15.069999694824219,8318,0.0,0.0,0.0
2025-07-28 01:25:00+00:00,15.069999694824219,15.069999694824219,15.069999694824219,15.069999694824219,1000,0.0,0.0,0.0
2025-07-28 01:30:00+00:00,15.069999694824219,15.09000015258789,15.069999694824219,15.09000015258789,3371,0.0,0.0,0.0
2025-07-28 01:35:00+00:00,15.079999923706055,15.079999923706055,15.079999923706055,15.079999923706055,1020,0.0,0.0,0.0
2025-07-28 01:40:00+00:00,15.079999923706055,15.09000015258789,15.069999694824219,15.069999694824219,66066,0.0,0.0,0.0
2025-07-28 01:45:00+00:00,15.069999694824219,15.079999923706055,15.069999694824219,15.079999923706055,3268,0.0,0.0,0.0
2025-07-28 02:00:00+00:00,15.079999923706055,15.079999923706055,15.069999694824219,15.069999694824219,5212,0.0,0.0,0.0
2025-07-28 02:05:00+00:00,15.0600004196167,15.0600004196167,15.0600004196167,15.0600004196167,2618,0.0,0.0,0.0
2025-07-28 02:15:00+00:00,15.0600004196167,15.069999694824219,15.050000190734863,15.050000190734863,6005,0.0,0.0,0.0
2025-07-28 02:20:00+00:00,15.050000190734863,15.050000190734863,15.050000190734863,15.050000190734863,10007,0.0,0.0,0.0
2025-07-28 02:25:00+00:00,15.050000190734863,15.050000190734863,15.050000190734863,15.050000190734863,4048,0.0,0.0,0.0
2025-07-28 02:30:00+00:00,15.0600004196167,15.0600004196167,15.050000190734863,15.050000190734863,42238,0.0,0.0,0.0
2025-07-28 02:35:00+00:00,15.050000190734863,15.050000190734863,15.050000190734863,15.050000190734863,1174,0.0,0.0,0.0
2025-07-28 02:40:00+00:00,15.0600004196167,15.0600004196167,15.0600004196167,15.0600004196167,7000,0.0,0.0,0.0
2025-07-28 02:45:00+00:00,15.069999694824219,15.069999694824219,15.069999694824219,15.069999694824219,2124,0.0,0.0,0.0
2025-07-28 02:55:00+00:00,15.050000190734863,15.050000190734863,15.050000190734863,15.050000190734863,1602,0.0,0.0,0.0
2025-07-28 03:00:00+00:00,15.050000190734863,15.050000190734863,15.050000190734863,15.050000190734863,7409,0.0,0.0,0.0
2025-07-28 03:10:00+00:00,15.050000190734863,15.0600004196167,15.050000190734863,15.0600004196167,2066,0.0,0.0,0.0
2025-07-28 03:15:00+00:00,15.069999694824219,15.069999694824219,15.069999694824219,15.069999694824219,100268,0.0,0.0,0.0
2025-07-28 03:25:00+00:00,15.0600004196167,15.0600004196167,15.0600004196167,15.0600004196167,20079,0.0,0.0,0.0
2025-07-28 03:30:00+00:00,15.069999694824219,15.069999694824219,15.069999694824219,15.069999694824219,48024,0.0,0.0,0.0
2025-07-28 03:35:00+00:00,15.069999694824219,15.079999923706055,15.069999694824219,15.079999923706055,116435,0.0,0.0,0.0
2025-07-28 03:40:00+00:00,15.079999923706055,15.079999923706055,15.079999923706055,15.079999923706055,6074,0.0,0.0,0.0
2025-07-28 04:00:00+00:00,15.069999694824219,15.069999694824219,15.069999694824219,15.069999694824219,4059,0.0,0.0,0.0
2025-07-28 04:05:00+00:00,15.0600004196167,15.0600004196167,15.0600004196167,15.0600004196167,2282,0.0,0.0,0.0
2025-07-28 04:10:00+00:00,15.0600004196167,15.0600004196167,15.0600004196167,15.0600004196167,22564,0.0,0.0,0.0
2025-07-28 04:20:00+00:00,15.0600004196167,15.0600004196167,15.0600004196167,15.0600004196167,18392,0.0,0.0,0.0
2025-07-28 04:25:00+00:00,15.0600004196167,15.0600004196167,15.0600004196167,15.0600004196167,62351,0.0,0.0,0.0
2025-07-28 04:30:00+00:00,15.0600004196167,15.0600004196167,15.050000190734863,15.050000190734863,107000,0.0,0.0,0.0
2025-07-28 04:35:00+00:00,15.050000190734863,15.050000190734863,15.050000190734863,15.050000190734863,50224,0.0,0.0,0.0
2025-07-28 04:40:00+00:00,15.050000190734863,15.050000190734863,15.039999961853027,15.039999961853027,58100,0.0,0.0,0.0
2025-07-28 04:45:00+00:00,15.039999961853027,15.039999961853027,15.039999961853027,15.039999961853027,2364,0.0,0.0,0.0
2025-07-28 04:55:00+00:00,15.039999961853027,15.039999961853027,15.039999961853027,15.039999961853027,9222,0.0,0.0,0.0
2025-07-28 05:00:00+00:00,15.039999961853027,15.050000190734863,15.039999961853027,15.050000190734863,21045,0.0,0.0,0.0
2025-07-28 05:05:00+00:00,15.039999961853027,15.039999961853027,15.039999961853027,15.039999961853027,1744,0.0,0.0,0.0
2025-07-28 05:10:00+00:00,15.050000190734863,15.050000190734863,15.050000190734863,15.050000190734863,6060,0.0,0.0,0.0
2025-07-28 05:15:00+00:00,15.050000190734863,15.050000190734863,15.039999961853027,15.039999961853027,8094,0.0,0.0,0.0
2025-07-28 05:20:00+00:00,15.039999961853027,15.039999961853027,15.039999961853027,15.039999961853027,3201,0.0,0.0,0.0
2025-07-29 01:00:00+00:00,15.0600004196167,15.0600004196167,15.039999961853027,15.039999961853027,0,0.0,0.0,0.0
2025-07-29 01:10:00+00:00,15.029999732971191,15.029999732971191,15.029999732971191,15.029999732971191,4006,0.0,0.0,0.0
2025-07-29 01:15:00+00:00,15.029999732971191,15.029999732971191,15.029999732971191,15.029999732971191,4000,0.0,0.0,0.0
2025-07-29 01:20:00+00:00,15.020000457763672,15.029999732971191,15.020000457763672,15.029999732971191,8000,0.0,0.0,0.0
2025-07-29 01:25:00+00:00,15.029999732971191,15.050000190734863,15.029999732971191,15.050000190734863,84035,0.0,0.0,0.0
2025-07-29 01:30:00+00:00,15.050000190734863,15.050000190734863,15.050000190734863,15.050000190734863,1226,0.0,0.0,0.0
2025-07-29 01:40:00+00:00,15.020000457763672,15.020000457763672,15.020000457763672,15.020000457763672,3118,0.0,0.0,0.0
2025-07-29 01:45:00+00:00,15.010000228881836,15.020000457763672,15.010000228881836,15.020000457763672,7220,0.0,0.0,0.0
2025-07-29 01:50:00+00:00,15.0,15.0,15.0,15.0,10000,0.0,0.0,0.0
2025-07-29 01:55:00+00:00,15.010000228881836,15.010000228881836,14.970000267028809,14.970000267028809,71350,0.0,0.0,0.0
2025-07-29 02:00:00+00:00,14.979999542236328,14.979999542236328,14.920000076293945,14.920000076293945,112441,0.0,0.0,0.0
2025-07-29 02:05:00+00:00,14.949999809265137,14.949999809265137,14.949999809265137,14.949999809265137,100000,0.0,0.0,0.0
2025-07-29 02:10:00+00:00,14.970000267028809,14.970000267028809,14.970000267028809,14.970000267028809,2000,0.0,0.0,0.0
2025-07-29 02:15:00+00:00,14.979999542236328,14.979999542236328,14.970000267028809,14.970000267028809,2210,0.0,0.0,0.0
2025-07-29 02:20:00+00:00,14.970000267028809,14.970000267028809,14.970000267028809,14.970000267028809,1510,0.0,0.0,0.0
2025-07-29 02:25:00+00:00,14.960000038146973,14.960000038146973,14.949999809265137,14.949999809265137,11344,0.0,0.0,0.0
2025-07-29 02:30:00+00:00,14.960000038146973,14.960000038146973,14.960000038146973,14.960000038146973,1826,0.0,0.0,0.0
2025-07-29 02:45:00+00:00,14.960000038146973,14.960000038146973,14.960000038146973,14.960000038146973,1100,0.0,0.0,0.0
2025-07-29 02:50:00+00:00,14.960000038146973,14.960000038146973,14.960000038146973,14.960000038146973,1000,0.0,0.0,0.0
2025-07-29 02:55:00+00:00,14.949999809265137,14.949999809265137,14.949999809265137,14.949999809265137,20200,0.0,0.0,0.0
2025-07-29 03:00:00+00:00,14.960000038146973,14.960000038146973,14.960000038146973,14.960000038146973,3088,0.0,0.0,0.0
2025-07-29 03:05:00+00:00,14.960000038146973,14.960000038146973,14.960000038146973,14.960000038146973,1000,0.0,0.0,0.0
2025-07-29 03:15:00+00:00,14.960000038146973,14.960000038146973,14.960000038146973,14.960000038146973,1000,0.0,0.0,0.0
2025-07-29 03:20:00+00:00,14.949999809265137,14.949999809265137,14.949999809265137,14.949999809265137,1150,0.0,0.0,0.0
2025-07-29 03:25:00+00:00,14.949999809265137,14.949999809265137,14.949999809265137,14.949999809265137,1450,0.0,0.0,0.0
2025-07-29 03:50:00+00:00,14.960000038146973,14.960000038146973,14.960000038146973,14.960000038146973,70000,0.0,0.0,0.0
2025-07-29 03:55:00+00:00,14.949999809265137,14.949999809265137,14.949999809265137,14.949999809265137,1000,0.0,0.0,0.0
2025-07-29 04:00:00+00:00,14.949999809265137,14.949999809265137,14.949999809265137,14.949999809265137,24136,0.0,0.0,0.0
2025-07-29 04:10:00+00:00,14.949999809265137,14.949999809265137,14.949999809265137,14.949999809265137,2390,0.0,0.0,0.0
2025-07-29 04:15:00+00:00,14.949999809265137,14.949999809265137,14.949999809265137,14.949999809265137,18110,0.0,0.0,0.0
2025-07-29 04:20:00+00:00,14.9399995803833,14.9399995803833,14.9399995803833,14.9399995803833,11593,0.0,0.0,0.0
2025-07-29 04:25:00+00:00,14.9399995803833,14.949999809265137,14.930000305175781,14.930000305175781,17150,0.0,0.0,0.0
2025-07-29 04:30:00+00:00,14.9399995803833,14.9399995803833,14.9399995803833,14.9399995803833,2470,0.0,0.0,0.0
2025-07-29 04:40:00+00:00,14.9399995803833,14.9399995803833,14.920000076293945,14.920000076293945,38491,0.0,0.0,0.0
2025-07-29 04:45:00+00:00,14.920000076293945,14.920000076293945,14.920000076293945,14.920000076293945,3326,0.0,0.0,0.0
2025-07-29 05:00:00+00:00,14.920000076293945,14.9399995803833,14.920000076293945,14.9399995803833,4000,0.0,0.0,0.0
2025-07-29 05:10:00+00:00,14.9399995803833,14.9399995803833,14.9399995803833,14.9399995803833,1015,0.0,0.0,0.0
2025-07-29 05:15:00+00:00,14.930000305175781,14.930000305175781,14.930000305175781,14.930000305175781,2120,0.0,0.0,0.0
2025-07-29 05:20:00+00:00,14.930000305175781,14.930000305175781,14.930000305175781,14.930000305175781,1310,0.0,0.0,0.0
2025-07-30 01:00:00+00:00,14.9399995803833,14.949999809265137,14.9399995803833,14.949999809265137,0,0.0,0.0,0.0
2025-07-30 01:10:00+00:00,14.949999809265137,14.949999809265137,14.9399995803833,14.949999809265137,118035,0.0,0.0,0.0
2025-07-30 01:15:00+00:00,14.9399995803833,14.9399995803833,14.9399995803833,14.9399995803833,5050,0.0,0.0,0.0
2025-07-30 01:20:00+00:00,14.930000305175781,14.930000305175781,14.920000076293945,14.920000076293945,111174,0.0,0.0,0.0
2025-07-30 01:25:00+00:00,14.920000076293945,14.930000305175781,14.920000076293945,14.930000305175781,25378,0.0,0.0,0.0
2025-07-30 01:30:00+00:00,14.930000305175781,14.949999809265137,14.930000305175781,14.949999809265137,8000,0.0,0.0,0.0
2025-07-30 01:35:00+00:00,14.9399995803833,14.949999809265137,14.9399995803833,14.9399995803833,24000,0.0,0.0,0.0
2025-07-30 01:40:00+00:00,14.9399995803833,14.9399995803833,14.9399995803833,14.9399995803833,110000,0.0,0.0,0.0
2025-07-30 01:45:00+00:00,14.9399995803833,14.949999809265137,14.9399995803833,14.949999809265137,10767,0.0,0.0,0.0
2025-07-30 01:50:00+00:00,14.979999542236328,14.979999542236328,14.979999542236328,14.979999542236328,2328,0.0,0.0,0.0
2025-07-30 01:55:00+00:00,14.979999542236328,14.979999542236328,14.979999542236328,14.979999542236328,5100,0.0,0.0,0.0
2025-07-30 02:00:00+00:00,14.979999542236328,14.979999542236328,14.970000267028809,14.970000267028809,13000,0.0,0.0,0.0
2025-07-30 02:05:00+00:00,14.970000267028809,14.979999542236328,14.970000267028809,14.979999542236328,5000,0.0,0.0,0.0
2025-07-30 02:10:00+00:00,14.989999771118164,15.0,14.989999771118164,15.0,7056,0.0,0.0,0.0
2025-07-30 02:15:00+00:00,15.0,15.0,15.0,15.0,137000,0.0,0.0,0.0
2025-07-30 02:25:00+00:00,15.0,15.0,15.0,15.0,16018,0.0,0.0,0.0
2025-07-30 02:30:00+00:00,14.989999771118164,14.989999771118164,14.989999771118164,14.989999771118164,5120,0.0,0.0,0.0
2025-07-30 02:40:00+00:00,14.979999542236328,14.989999771118164,14.979999542236328,14.989999771118164,7000,0.0,0.0,0.0
2025-07-30 02:45:00+00:00,14.989999771118164,15.0,14.989999771118164,15.0,206910,0.0,0.0,0.0
2025-07-30 02:50:00+00:00,15.0,15.010000228881836,15.0,15.010000228881836,25000,0.0,0.0,0.0
2025-07-30 02:55:00+00:00,15.010000228881836,15.010000228881836,15.010000228881836,15.010000228881836,2808,0.0,0.0,0.0
2025-07-30 03:05:00+00:00,15.020000457763672,15.020000457763672,15.020000457763672,15.020000457763672,2100,0.0,0.0,0.0
2025-07-30 03:10:00+00:00,15.010000228881836,15.010000228881836,15.010000228881836,15.010000228881836,1110,0.0,0.0,0.0
2025-07-30 03:20:00+00:00,15.0,15.0,15.0,15.0,6000,0.0,0.0,0.0
2025-07-30 03:30:00+00:00,15.0,15.010000228881836,15.0,15.010000228881836,5000,0.0,0.0,0.0
2025-07-30 03:40:00+00:00,15.0,15.0,14.989999771118164,14.989999771118164,7100,0.0,0.0,0.0
2025-07-30 03:55:00+00:00,14.989999771118164,14.989999771118164,14.989999771118164,14.989999771118164,4000,0.0,0.0,0.0
2025-07-30 04:00:00+00:00,15.0,15.0,15.0,15.0,71170,0.0,0.0,0.0
2025-07-30 04:05:00+00:00,15.0,15.0,15.0,15.0,21000,0.0,0.0,0.0
2025-07-30 04:10:00+00:00,15.0,15.0,15.0,15.0,1014,0.0,0.0,0.0
2025-07-30 04:15:00+00:00,15.0,15.0,15.0,15.0,9000,0.0,0.0,0.0
2025-07-30 04:20:00+00:00,15.0,15.0,15.0,15.0,1300,0.0,0.0,0.0
2025-07-30 04:25:00+00:00,15.0,15.0,15.0,15.0,55000,0.0,0.0,0.0
2025-07-30 04:30:00+00:00,15.0,15.010000228881836,15.0,15.010000228881836,47289,0.0,0.0,0.0
2025-07-30 04:35:00+00:00,15.010000228881836,15.010000228881836,15.010000228881836,15.010000228881836,2000,0.0,0.0,0.0
2025-07-30 04:40:00+00:00,15.0,15.0,15.0,15.0,1100,0.0,0.0,0.0
2025-07-30 04:45:00+00:00,15.0,15.0,15.0,15.0,3000,0.0,0.0,0.0
2025-07-30 04:50:00+00:00,15.0,15.0,15.0,15.0,8103,0.0,0.0,0.0
2025-07-30 04:55:00+00:00,15.010000228881836,15.010000228881836,15.0,15.010000228881836,105898,0.0,0.0,0.0
2025-07-30 05:00:00+00:00,15.010000228881836,15.010000228881836,15.0,15.0,17000,0.0,0.0,0.0
2025-07-30 05:05:00+00:00,15.0,15.0,15.0,15.0,1000,0.0,0.0,0.0
2025-07-30 05:10:00+00:00,15.0,15.0,15.0,15.0,12235,0.0,0.0,0.0
2025-07-31 01:00:00+00:00,15.0,15.0,14.9399995803833,14.9399995803833,0,0.0,0.0,0.0
2025-07-31 01:05:00+00:00,14.970000267028809,14.970000267028809,14.970000267028809,14.970000267028809,1312,0.0,0.0,0.0
2025-07-31 01:10:00+00:00,14.970000267028809,14.979999542236328,14.970000267028809,14.979999542236328,117900,0.0,0.0,0.0
2025-07-31 01:20:00+00:00,14.960000038146973,14.960000038146973,14.960000038146973,14.960000038146973,22224,0.0,0.0,0.0
2025-07-31 01:25:00+00:00,14.949999809265137,14.949999809265137,14.949999809265137,14.949999809265137,2010,0.0,0.0,0.0
2025-07-31 01:30:00+00:00,14.960000038146973,14.960000038146973,14.9399995803833,14.9399995803833,8002,0.0,0.0,0.0
2025-07-31 01:45:00+00:00,14.9399995803833,14.9399995803833,14.9399995803833,14.9399995803833,3200,0.0,0.0,0.0
2025-07-31 01:55:00+00:00,14.930000305175781,14.930000305175781,14.930000305175781,14.930000305175781,1100,0.0,0.0,0.0
2025-07-31 02:00:00+00:00,14.930000305175781,14.930000305175781,14.930000305175781,14.930000305175781,3100,0.0,0.0,0.0
2025-07-31 02:05:00+00:00,14.930000305175781,14.930000305175781,14.930000305175781,14.930000305175781,1407,0.0,0.0,0.0
2025-07-31 02:10:00+00:00,14.930000305175781,14.9399995803833,14.930000305175781,14.9399995803833,19130,0.0,0.0,0.0
2025-07-31 02:15:00+00:00,14.949999809265137,14.949999809265137,14.949999809265137,14.949999809265137,5510,0.0,0.0,0.0
2025-07-31 02:30:00+00:00,14.960000038146973,14.960000038146973,14.960000038146973,14.960000038146973,53540,0.0,0.0,0.0
2025-07-31 02:40:00+00:00,14.970000267028809,14.979999542236328,14.970000267028809,14.979999542236328,50000,0.0,0.0,0.0
2025-07-31 02:45:00+00:00,14.970000267028809,14.989999771118164,14.970000267028809,14.989999771118164,610000,0.0,0.0,0.0
2025-07-31 02:50:00+00:00,14.949999809265137,14.949999809265137,14.949999809265137,14.949999809265137,1000,0.0,0.0,0.0
2025-07-31 02:55:00+00:00,14.949999809265137,14.949999809265137,14.949999809265137,14.949999809265137,2040,0.0,0.0,0.0
2025-07-31 03:05:00+00:00,14.949999809265137,14.949999809265137,14.949999809265137,14.949999809265137,24000,0.0,0.0,0.0
2025-07-31 03:10:00+00:00,14.949999809265137,14.960000038146973,14.949999809265137,14.960000038146973,11000,0.0,0.0,0.0
2025-07-31 03:20:00+00:00,14.949999809265137,14.949999809265137,14.949999809265137,14.949999809265137,2010,0.0,0.0,0.0
2025-07-31 03:25:00+00:00,14.960000038146973,14.960000038146973,14.960000038146973,14.960000038146973,1000,0.0,0.0,0.0
2025-07-31 03:30:00+00:00,14.960000038146973,14.960000038146973,14.949999809265137,14.949999809265137,10020,0.0,0.0,0.0
2025-07-31 03:40:00+00:00,14.949999809265137,14.949999809265137,14.949999809265137,14.949999809265137,5000,0.0,0.0,0.0
2025-07-31 03:45:00+00:00,14.949999809265137,14.949999809265137,14.949999809265137,14.949999809265137,3000,0.0,0.0,0.0
2025-07-31 03:50:00+00:00,14.949999809265137,14.949999809265137,14.949999809265137,14.949999809265137,2000,0.0,0.0,0.0
2025-07-31 03:55:00+00:00,14.949999809265137,14.949999809265137,14.949999809265137,14.949999809265137,2000,0.0,0.0,0.0
2025-07-31 04:00:00+00:00,14.949999809265137,14.949999809265137,14.949999809265137,14.949999809265137,11000,0.0,0.0,0.0
2025-07-31 04:05:00+00:00,14.949999809265137,14.949999809265137,14.949999809265137,14.949999809265137,7010,0.0,0.0,0.0
2025-07-31 04:10:00+00:00,14.960000038146973,14.960000038146973,14.949999809265137,14.949999809265137,18370,0.0,0.0,0.0
2025-07-31 04:15:00+00:00,14.949999809265137,14.949999809265137,14.949999809265137,14.949999809265137,23000,0.0,0.0,0.0
2025-07-31 04:20:00+00:00,14.949999809265137,14.949999809265137,14.949999809265137,14.949999809265137,7000,0.0,0.0,0.0
2025-07-31 04:25:00+00:00,14.949999809265137,14.960000038146973,14.949999809265137,14.960000038146973,3040,0.0,0.0,0.0
2025-07-31 04:30:00+00:00,14.960000038146973,14.960000038146973,14.960000038146973,14.960000038146973,1000,0.0,0.0,0.0
2025-07-31 04:35:00+00:00,14.960000038146973,14.960000038146973,14.960000038146973,14.960000038146973,1025,0.0,0.0,0.0
2025-07-31 04:40:00+00:00,14.970000267028809,14.970000267028809,14.970000267028809,14.970000267028809,1010,0.0,0.0,0.0
2025-07-31 04:45:00+00:00,14.970000267028809,14.970000267028809,14.970000267028809,14.970000267028809,65140,0.0,0.0,0.0
2025-07-31 04:55:00+00:00,14.979999542236328,14.979999542236328,14.979999542236328,14.979999542236328,6000,0.0,0.0,0.0
2025-07-31 05:00:00+00:00,14.979999542236328,14.979999542236328,14.979999542236328,14.979999542236328,10500,0.0,0.0,0.0
2025-07-31 05:05:00+00:00,14.979999542236328,14.979999542236328,14.979999542236328,14.979999542236328,10000,0.0,0.0,0.0
2025-07-31 05:10:00+00:00,14.979999542236328,14.979999542236328,14.979999542236328,14.979999542236328,113145,0.0,0.0,0.0
2025-07-31 05:15:00+00:00,14.970000267028809,14.970000267028809,14.970000267028809,14.970000267028809,9412,0.0,0.0,0.0
2025-07-31 05:20:00+00:00,14.970000267028809,14.970000267028809,14.970000267028809,14.970000267028809,2278,0.0,0.0,0.0
2025-08-01 01:00:00+00:00,14.850000381469727,14.850000381469727,14.8100004196167,14.829999923706055,0,0.0,0.0,0.0
2025-08-01 01:05:00+00:00,14.899999618530273,14.899999618530273,14.899999618530273,14.899999618530273,5944,0.0,0.0,0.0
2025-08-01 01:10:00+00:00,14.90999984741211,14.949999809265137,14.90999984741211,14.949999809265137,30525,0.0,0.0,0.0
2025-08-01 01:20:00+00:00,14.960000038146973,14.979999542236328,14.960000038146973,14.979999542236328,37037,0.0,0.0,0.0
2025-08-01 01:25:00+00:00,14.979999542236328,14.989999771118164,14.970000267028809,14.989999771118164,15100,0.0,0.0,0.0
2025-08-01 01:30:00+00:00,15.0,15.0,15.0,15.0,58000,0.0,0.0,0.0
2025-08-01 01:35:00+00:00,15.010000228881836,15.039999961853027,15.010000228881836,15.039999961853027,31239,0.0,0.0,0.0
2025-08-01 01:40:00+00:00,15.050000190734863,15.0600004196167,15.050000190734863,15.0600004196167,317000,0.0,0.0,0.0
2025-08-01 01:45:00+00:00,15.0600004196167,15.0600004196167,15.0600004196167,15.0600004196167,13110,0.0,0.0,0.0
2025-08-01 01:50:00+00:00,15.0600004196167,15.069999694824219,15.0600004196167,15.069999694824219,4001,0.0,0.0,0.0
2025-08-01 01:55:00+00:00,15.050000190734863,15.050000190734863,15.050000190734863,15.050000190734863,2000,0.0,0.0,0.0
2025-08-01 02:00:00+00:00,15.050000190734863,15.050000190734863,15.029999732971191,15.029999732971191,58030,0.0,0.0,0.0
2025-08-01 02:05:00+00:00,15.029999732971191,15.029999732971191,15.029999732971191,15.029999732971191,37206,0.0,0.0,0.0
2025-08-01 02:10:00+00:00,15.029999732971191,15.039999961853027,15.029999732971191,15.039999961853027,10000,0.0,0.0,0.0
2025-08-01 02:15:00+00:00,15.050000190734863,15.050000190734863,15.050000190734863,15.050000190734863,44000,0.0,0.0,0.0
2025-08-01 02:20:00+00:00,15.050000190734863,15.050000190734863,15.050000190734863,15.050000190734863,51000,0.0,0.0,0.0
2025-08-01 02:25:00+00:00,15.050000190734863,15.050000190734863,15.050000190734863,15.050000190734863,47000,0.0,0.0,0.0
2025-08-01 02:35:00+00:00,15.050000190734863,15.050000190734863,15.050000190734863,15.050000190734863,9000,0.0,0.0,0.0
2025-08-01 02:40:00+00:00,15.050000190734863,15.0600004196167,15.050000190734863,15.0600004196167,112403,0.0,0.0,0.0
2025-08-01 02:45:00+00:00,15.0600004196167,15.069999694824219,15.0600004196167,15.069999694824219,73164,0.0,0.0,0.0
2025-08-01 02:50:00+00:00,15.069999694824219,15.069999694824219,15.069999694824219,15.069999694824219,3000,0.0,0.0,0.0
2025-08-01 02:55:00+00:00,15.069999694824219,15.069999694824219,15.069999694824219,15.069999694824219,50000,0.0,0.0,0.0
2025-08-01 03:00:00+00:00,15.069999694824219,15.069999694824219,15.069999694824219,15.069999694824219,12000,0.0,0.0,0.0
2025-08-01 03:10:00+00:00,15.069999694824219,15.069999694824219,15.069999694824219,15.069999694824219,10922,0.0,0.0,0.0
2025-08-01 03:20:00+00:00,15.069999694824219,15.069999694824219,15.069999694824219,15.069999694824219,19000,0.0,0.0,0.0
2025-08-01 03:25:00+00:00,15.069999694824219,15.069999694824219,15.069999694824219,15.069999694824219,5000,0.0,0.0,0.0
2025-08-01 03:30:00+00:00,15.069999694824219,15.069999694824219,15.069999694824219,15.069999694824219,2056,0.0,0.0,0.0
2025-08-01 03:35:00+00:00,15.069999694824219,15.079999923706055,15.069999694824219,15.079999923706055,98000,0.0,0.0,0.0
2025-08-01 03:40:00+00:00,15.079999923706055,15.079999923706055,15.079999923706055,15.079999923706055,1000,0.0,0.0,0.0
2025-08-01 03:45:00+00:00,15.069999694824219,15.069999694824219,15.069999694824219,15.069999694824219,4166,0.0,0.0,0.0
2025-08-01 03:55:00+00:00,15.0600004196167,15.0600004196167,15.0600004196167,15.0600004196167,10050,0.0,0.0,0.0
2025-08-01 04:05:00+00:00,15.069999694824219,15.069999694824219,15.069999694824219,15.069999694824219,204200,0.0,0.0,0.0
2025-08-01 04:10:00+00:00,15.069999694824219,15.069999694824219,15.069999694824219,15.069999694824219,1395,0.0,0.0,0.0
2025-08-01 04:20:00+00:00,15.0600004196167,15.0600004196167,15.0600004196167,15.0600004196167,2100,0.0,0.0,0.0
2025-08-01 04:25:00+00:00,15.0600004196167,15.0600004196167,15.0600004196167,15.0600004196167,3000,0.0,0.0,0.0
2025-08-01 04:30:00+00:00,15.069999694824219,15.069999694824219,15.0600004196167,15.0600004196167,10050,0.0,0.0,0.0
2025-08-01 04:40:00+00:00,15.0600004196167,15.0600004196167,15.0600004196167,15.0600004196167,3000,0.0,0.0,0.0
2025-08-01 04:45:00+00:00,15.069999694824219,15.079999923706055,15.069999694824219,15.079999923706055,3725,0.0,0.0,0.0
2025-08-01 04:55:00+00:00,15.079999923706055,15.079999923706055,15.079999923706055,15.079999923706055,16000,0.0,0.0,0.0
2025-08-01 05:00:00+00:00,15.079999923706055,15.079999923706055,15.079999923706055,15.079999923706055,68000,0.0,0.0,0.0
2025-08-01 05:05:00+00:00,15.069999694824219,15.069999694824219,15.069999694824219,15.069999694824219,7259,0.0,0.0,0.0
2025-08-01 05:10:00+00:00,15.069999694824219,15.069999694824219,15.069999694824219,15.069999694824219,2000,0.0,0.0,0.0
2025-08-01 05:15:00+00:00,15.079999923706055,15.079999923706055,15.079999923706055,15.079999923706055,61459,0.0,0.0,0.0
2025-08-01 05:20:00+00:00,15.069999694824219,15.069999694824219,15.069999694824219,15.069999694824219,6000,0.0,0.0,0.0
2025-08-04 01:00:00+00:00,14.979999542236328,14.979999542236328,14.949999809265137,14.979999542236328,0,0.0,0.0,0.0
2025-08-04 01:05:00+00:00,14.960000038146973,14.979999542236328,14.920000076293945,14.920000076293945,207249,0.0,0.0,0.0
2025-08-04 01:10:00+00:00,14.949999809265137,14.949999809265137,14.920000076293945,14.9399995803833,10798,0.0,0.0,0.0
2025-08-04 01:15:00+00:00,14.9399995803833,14.949999809265137,14.9399995803833,14.949999809265137,30000,0.0,0.0,0.0
2025-08-04 01:20:00+00:00,14.970000267028809,15.0,14.970000267028809,15.0,22252,0.0,0.0,0.0
2025-08-04 01:25:00+00:00,15.0,15.029999732971191,15.0,15.029999732971191,12000,0.0,0.0,0.0
2025-08-04 01:30:00+00:00,15.010000228881836,15.029999732971191,15.010000228881836,15.029999732971191,17396,0.0,0.0,0.0
2025-08-04 01:35:00+00:00,15.020000457763672,15.029999732971191,15.020000457763672,15.029999732971191,21093,0.0,0.0,0.0
2025-08-04 01:40:00+00:00,15.039999961853027,15.050000190734863,15.039999961853027,15.050000190734863,43510,0.0,0.0,0.0
2025-08-04 01:45:00+00:00,15.0600004196167,15.0600004196167,15.0600004196167,15.0600004196167,7300,0.0,0.0,0.0
2025-08-04 01:50:00+00:00,15.069999694824219,15.079999923706055,15.069999694824219,15.079999923706055,9867,0.0,0.0,0.0
2025-08-04 01:55:00+00:00,15.079999923706055,15.079999923706055,15.0600004196167,15.069999694824219,52192,0.0,0.0,0.0
2025-08-04 02:00:00+00:00,15.069999694824219,15.079999923706055,15.0600004196167,15.0600004196167,7100,0.0,0.0,0.0
2025-08-04 02:05:00+00:00,15.079999923706055,15.079999923706055,15.079999923706055,15.079999923706055,62000,0.0,0.0,0.0
2025-08-04 02:10:00+00:00,15.09000015258789,15.100000381469727,15.09000015258789,15.100000381469727,188176,0.0,0.0,0.0
2025-08-04 02:15:00+00:00,15.100000381469727,15.109999656677246,15.100000381469727,15.109999656677246,5120,0.0,0.0,0.0
2025-08-04 02:20:00+00:00,15.109999656677246,15.109999656677246,15.109999656677246,15.109999656677246,3001,0.0,0.0,0.0
2025-08-04 02:25:00+00:00,15.09000015258789,15.109999656677246,15.09000015258789,15.109999656677246,7000,0.0,0.0,0.0
2025-08-04 02:30:00+00:00,15.09000015258789,15.109999656677246,15.09000015258789,15.109999656677246,7112,0.0,0.0,0.0
2025-08-04 02:35:00+00:00,15.109999656677246,15.109999656677246,15.100000381469727,15.100000381469727,2005,0.0,0.0,0.0
2025-08-04 02:40:00+00:00,15.100000381469727,15.100000381469727,15.100000381469727,15.100000381469727,2000,0.0,0.0,0.0
2025-08-04 02:45:00+00:00,15.100000381469727,15.100000381469727,15.079999923706055,15.079999923706055,4100,0.0,0.0,0.0
2025-08-04 02:50:00+00:00,15.079999923706055,15.079999923706055,15.079999923706055,15.079999923706055,2000,0.0,0.0,0.0
2025-08-04 02:55:00+00:00,15.079999923706055,15.100000381469727,15.069999694824219,15.069999694824219,26000,0.0,0.0,0.0
2025-08-04 03:00:00+00:00,15.079999923706055,15.100000381469727,15.079999923706055,15.100000381469727,5100,0.0,0.0,0.0
2025-08-04 03:05:00+00:00,15.09000015258789,15.09000015258789,15.079999923706055,15.09000015258789,13000,0.0,0.0,0.0
2025-08-04 03:10:00+00:00,15.09000015258789,15.100000381469727,15.09000015258789,15.09000015258789,8067,0.0,0.0,0.0
2025-08-04 03:15:00+00:00,15.09000015258789,15.100000381469727,15.09000015258789,15.100000381469727,2320,0.0,0.0,0.0
2025-08-04 03:20:00+00:00,15.09000015258789,15.100000381469727,15.09000015258789,15.100000381469727,4026,0.0,0.0,0.0
2025-08-04 03:25:00+00:00,15.100000381469727,15.100000381469727,15.09000015258789,15.09000015258789,2000,0.0,0.0,0.0
2025-08-04 03:30:00+00:00,15.09000015258789,15.100000381469727,15.09000015258789,15.100000381469727,5000,0.0,0.0,0.0
2025-08-04 03:35:00+00:00,15.100000381469727,15.100000381469727,15.100000381469727,15.100000381469727,1009,0.0,0.0,0.0
2025-08-04 03:40:00+00:00,15.100000381469727,15.109999656677246,15.09000015258789,15.109999656677246,87284,0.0,0.0,0.0
2025-08-04 03:45:00+00:00,15.109999656677246,15.109999656677246,15.109999656677246,15.109999656677246,2155,0.0,0.0,0.0
2025-08-04 03:50:00+00:00,15.109999656677246,15.119999885559082,15.109999656677246,15.119999885559082,151000,0.0,0.0,0.0
2025-08-04 03:55:00+00:00,15.119999885559082,15.119999885559082,15.119999885559082,15.119999885559082,1120,0.0,0.0,0.0
2025-08-04 04:00:00+00:00,15.119999885559082,15.119999885559082,15.109999656677246,15.109999656677246,5346,0.0,0.0,0.0
2025-08-04 04:05:00+00:00,15.119999885559082,15.119999885559082,15.119999885559082,15.119999885559082,2000,0.0,0.0,0.0
2025-08-04 04:10:00+00:00,15.109999656677246,15.109999656677246,15.109999656677246,15.109999656677246,8100,0.0,0.0,0.0
2025-08-04 04:15:00+00:00,15.109999656677246,15.109999656677246,15.109999656677246,15.109999656677246,2000,0.0,0.0,0.0
2025-08-04 04:20:00+00:00,15.100000381469727,15.109999656677246,15.100000381469727,15.109999656677246,3000,0.0,0.0,0.0
2025-08-04 04:25:00+00:00,15.109999656677246,15.109999656677246,15.100000381469727,15.100000381469727,2000,0.0,0.0,0.0
2025-08-04 04:30:00+00:00,15.079999923706055,15.100000381469727,15.079999923706055,15.100000381469727,5200,0.0,0.0,0.0
2025-08-04 04:35:00+00:00,15.100000381469727,15.109999656677246,15.100000381469727,15.109999656677246,13200,0.0,0.0,0.0
2025-08-04 04:40:00+00:00,15.109999656677246,15.109999656677246,15.109999656677246,15.109999656677246,2110,0.0,0.0,0.0
2025-08-04 04:45:00+00:00,15.109999656677246,15.109999656677246,15.109999656677246,15.109999656677246,2100,0.0,0.0,0.0
2025-08-04 04:50:00+00:00,15.109999656677246,15.109999656677246,15.100000381469727,15.109999656677246,4032,0.0,0.0,0.0
2025-08-04 04:55:00+00:00,15.109999656677246,15.119999885559082,15.109999656677246,15.119999885559082,53681,0.0,0.0,0.0
2025-08-04 05:00:00+00:00,15.119999885559082,15.119999885559082,15.119999885559082,15.119999885559082,2100,0.0,0.0,0.0
2025-08-04 05:05:00+00:00,15.119999885559082,15.119999885559082,15.109999656677246,15.109999656677246,108000,0.0,0.0,0.0
2025-08-04 05:10:00+00:00,15.109999656677246,15.109999656677246,15.109999656677246,15.109999656677246,102000,0.0,0.0,0.0
2025-08-04 05:15:00+00:00,15.119999885559082,15.119999885559082,15.109999656677246,15.119999885559082,13847,0.0,0.0,0.0
2025-08-04 05:20:00+00:00,15.119999885559082,15.119999885559082,15.100000381469727,15.119999885559082,92020,0.0,0.0,0.0
2025-08-05 01:00:00+00:00,15.119999885559082,15.180000305175781,15.119999885559082,15.140000343322754,0,0.0,0.0,0.0
2025-08-05 01:05:00+00:00,15.149999618530273,15.149999618530273,15.140000343322754,15.149999618530273,254057,0.0,0.0,0.0
2025-08-05 01:10:00+00:00,15.149999618530273,15.149999618530273,15.130000114440918,15.130000114440918,122150,0.0,0.0,0.0
2025-08-05 01:15:00+00:00,15.119999885559082,15.119999885559082,15.119999885559082,15.119999885559082,1551,0.0,0.0,0.0
2025-08-05 01:20:00+00:00,15.119999885559082,15.119999885559082,15.119999885559082,15.119999885559082,6341,0.0,0.0,0.0
2025-08-05 01:30:00+00:00,15.119999885559082,15.119999885559082,15.119999885559082,15.119999885559082,2349,0.0,0.0,0.0
2025-08-05 01:35:00+00:00,15.109999656677246,15.109999656677246,15.109999656677246,15.109999656677246,61010,0.0,0.0,0.0
2025-08-05 01:40:00+00:00,15.119999885559082,15.140000343322754,15.119999885559082,15.140000343322754,106020,0.0,0.0,0.0
2025-08-05 01:45:00+00:00,15.140000343322754,15.140000343322754,15.140000343322754,15.140000343322754,5035,0.0,0.0,0.0
2025-08-05 01:50:00+00:00,15.130000114440918,15.149999618530273,15.130000114440918,15.130000114440918,25842,0.0,0.0,0.0
2025-08-05 01:55:00+00:00,15.130000114440918,15.130000114440918,15.130000114440918,15.130000114440918,1100,0.0,0.0,0.0
2025-08-05 02:00:00+00:00,15.140000343322754,15.140000343322754,15.130000114440918,15.130000114440918,8154,0.0,0.0,0.0
2025-08-05 02:05:00+00:00,15.130000114440918,15.130000114440918,15.130000114440918,15.130000114440918,11100,0.0,0.0,0.0
2025-08-05 02:10:00+00:00,15.140000343322754,15.149999618530273,15.140000343322754,15.149999618530273,53562,0.0,0.0,0.0
2025-08-05 02:15:00+00:00,15.140000343322754,15.140000343322754,15.130000114440918,15.130000114440918,10100,0.0,0.0,0.0
2025-08-05 02:20:00+00:00,15.130000114440918,15.130000114440918,15.130000114440918,15.130000114440918,14035,0.0,0.0,0.0
2025-08-05 02:25:00+00:00,15.130000114440918,15.140000343322754,15.130000114440918,15.140000343322754,5318,0.0,0.0,0.0
2025-08-05 02:30:00+00:00,15.140000343322754,15.140000343322754,15.140000343322754,15.140000343322754,13000,0.0,0.0,0.0
2025-08-05 02:35:00+00:00,15.140000343322754,15.149999618530273,15.140000343322754,15.149999618530273,35300,0.0,0.0,0.0
2025-08-05 02:40:00+00:00,15.149999618530273,15.15999984741211,15.149999618530273,15.15999984741211,5517,0.0,0.0,0.0
2025-08-05 02:50:00+00:00,15.149999618530273,15.149999618530273,15.149999618530273,15.149999618530273,2000,0.0,0.0,0.0
2025-08-05 02:55:00+00:00,15.149999618530273,15.149999618530273,15.149999618530273,15.149999618530273,3000,0.0,0.0,0.0
2025-08-05 03:00:00+00:00,15.149999618530273,15.149999618530273,15.149999618530273,15.149999618530273,8100,0.0,0.0,0.0
2025-08-05 03:05:00+00:00,15.149999618530273,15.15999984741211,15.149999618530273,15.15999984741211,100202,0.0,0.0,0.0
2025-08-05 03:10:00+00:00,15.15999984741211,15.15999984741211,15.15999984741211,15.15999984741211,3101,0.0,0.0,0.0
2025-08-05 03:20:00+00:00,15.15999984741211,15.15999984741211,15.140000343322754,15.140000343322754,5100,0.0,0.0,0.0
2025-08-05 03:25:00+00:00,15.140000343322754,15.140000343322754,15.140000343322754,15.140000343322754,1760,0.0,0.0,0.0
2025-08-05 03:35:00+00:00,15.149999618530273,15.149999618530273,15.149999618530273,15.149999618530273,1000,0.0,0.0,0.0
2025-08-05 03:40:00+00:00,15.149999618530273,15.15999984741211,15.149999618530273,15.15999984741211,14100,0.0,0.0,0.0
2025-08-05 03:45:00+00:00,15.149999618530273,15.15999984741211,15.149999618530273,15.15999984741211,58404,0.0,0.0,0.0
2025-08-05 04:10:00+00:00,15.15999984741211,15.15999984741211,15.15999984741211,15.15999984741211,1000,0.0,0.0,0.0
2025-08-05 04:15:00+00:00,15.149999618530273,15.149999618530273,15.149999618530273,15.149999618530273,1000,0.0,0.0,0.0
2025-08-05 04:20:00+00:00,15.140000343322754,15.140000343322754,15.140000343322754,15.140000343322754,24200,0.0,0.0,0.0
2025-08-05 04:25:00+00:00,15.140000343322754,15.140000343322754,15.140000343322754,15.140000343322754,3356,0.0,0.0,0.0
2025-08-05 04:30:00+00:00,15.140000343322754,15.149999618530273,15.140000343322754,15.149999618530273,9057,0.0,0.0,0.0
2025-08-05 04:35:00+00:00,15.140000343322754,15.149999618530273,15.140000343322754,15.149999618530273,80000,0.0,0.0,0.0
2025-08-05 04:40:00+00:00,15.149999618530273,15.149999618530273,15.149999618530273,15.149999618530273,29560,0.0,0.0,0.0
2025-08-05 04:45:00+00:00,15.140000343322754,15.140000343322754,15.140000343322754,15.140000343322754,2000,0.0,0.0,0.0
2025-08-05 04:50:00+00:00,15.140000343322754,15.149999618530273,15.140000343322754,15.149999618530273,5225,0.0,0.0,0.0
2025-08-05 04:55:00+00:00,15.149999618530273,15.149999618530273,15.140000343322754,15.140000343322754,2000,0.0,0.0,0.0
2025-08-05 05:00:00+00:00,15.149999618530273,15.149999618530273,15.149999618530273,15.149999618530273,11400,0.0,0.0,0.0
2025-08-05 05:05:00+00:00,15.149999618530273,15.149999618530273,15.149999618530273,15.149999618530273,2000,0.0,0.0,0.0
2025-08-05 05:10:00+00:00,15.149999618530273,15.149999618530273,15.149999618530273,15.149999618530273,7000,0.0,0.0,0.0
2025-08-05 05:15:00+00:00,15.149999618530273,15.149999618530273,15.140000343322754,15.140000343322754,2089,0.0,0.0,0.0
2025-08-05 05:20:00+00:00,15.149999618530273,15.149999618530273,15.149999618530273,15.149999618530273,14667,0.0,0.0,0.0
2025-08-06 01:00:00+00:00,15.170000076293945,15.180000305175781,15.170000076293945,15.170000076293945,0,0.0,0.0,0.0
2025-08-06 01:05:00+00:00,15.180000305175781,15.180000305175781,15.180000305175781,15.180000305175781,207000,0.0,0.0,0.0
2025-08-06 01:10:00+00:00,15.170000076293945,15.170000076293945,15.170000076293945,15.170000076293945,6088,0.0,0.0,0.0
2025-08-06 01:15:00+00:00,15.15999984741211,15.15999984741211,15.149999618530273,15.149999618530273,2000,0.0,0.0,0.0
2025-08-06 01:20:00+00:00,15.15999984741211,15.180000305175781,15.15999984741211,15.180000305175781,188955,0.0,0.0,0.0
2025-08-06 01:25:00+00:00,15.170000076293945,15.170000076293945,15.170000076293945,15.170000076293945,1040,0.0,0.0,0.0
2025-08-06 01:30:00+00:00,15.170000076293945,15.180000305175781,15.170000076293945,15.180000305175781,2108,0.0,0.0,0.0
2025-08-06 01:35:00+00:00,15.170000076293945,15.170000076293945,15.170000076293945,15.170000076293945,4050,0.0,0.0,0.0
2025-08-06 01:40:00+00:00,15.170000076293945,15.170000076293945,15.170000076293945,15.170000076293945,107429,0.0,0.0,0.0
2025-08-06 01:45:00+00:00,15.15999984741211,15.180000305175781,15.15999984741211,15.180000305175781,25751,0.0,0.0,0.0
2025-08-06 01:55:00+00:00,15.15999984741211,15.170000076293945,15.15999984741211,15.170000076293945,39206,0.0,0.0,0.0
2025-08-06 02:00:00+00:00,15.180000305175781,15.180000305175781,15.180000305175781,15.180000305175781,47300,0.0,0.0,0.0
2025-08-06 02:05:00+00:00,15.180000305175781,15.1899995803833,15.180000305175781,15.1899995803833,95430,0.0,0.0,0.0
2025-08-06 02:10:00+00:00,15.1899995803833,15.199999809265137,15.1899995803833,15.199999809265137,212158,0.0,0.0,0.0
2025-08-06 02:15:00+00:00,15.210000038146973,15.210000038146973,15.199999809265137,15.199999809265137,9106,0.0,0.0,0.0
2025-08-06 02:20:00+00:00,15.199999809265137,15.199999809265137,15.199999809265137,15.199999809265137,7033,0.0,0.0,0.0
2025-08-06 02:25:00+00:00,15.199999809265137,15.199999809265137,15.199999809265137,15.199999809265137,28092,0.0,0.0,0.0
2025-08-06 02:30:00+00:00,15.210000038146973,15.210000038146973,15.199999809265137,15.199999809265137,5376,0.0,0.0,0.0
2025-08-06 02:35:00+00:00,15.199999809265137,15.199999809265137,15.199999809265137,15.199999809265137,2000,0.0,0.0,0.0
2025-08-06 02:40:00+00:00,15.199999809265137,15.199999809265137,15.199999809265137,15.199999809265137,7000,0.0,0.0,0.0
2025-08-06 02:45:00+00:00,15.210000038146973,15.210000038146973,15.210000038146973,15.210000038146973,2507,0.0,0.0,0.0
2025-08-06 02:55:00+00:00,15.199999809265137,15.199999809265137,15.199999809265137,15.199999809265137,102000,0.0,0.0,0.0
2025-08-06 03:00:00+00:00,15.199999809265137,15.199999809265137,15.199999809265137,15.199999809265137,2426,0.0,0.0,0.0
2025-08-06 03:05:00+00:00,15.1899995803833,15.1899995803833,15.1899995803833,15.1899995803833,1000,0.0,0.0,0.0
2025-08-06 03:10:00+00:00,15.1899995803833,15.1899995803833,15.1899995803833,15.1899995803833,198016,0.0,0.0,0.0
2025-08-06 03:15:00+00:00,15.1899995803833,15.1899995803833,15.180000305175781,15.180000305175781,7206,0.0,0.0,0.0
2025-08-06 03:20:00+00:00,15.180000305175781,15.180000305175781,15.180000305175781,15.180000305175781,100006,0.0,0.0,0.0
2025-08-06 03:25:00+00:00,15.180000305175781,15.180000305175781,15.180000305175781,15.180000305175781,2100,0.0,0.0,0.0
2025-08-06 03:30:00+00:00,15.180000305175781,15.180000305175781,15.180000305175781,15.180000305175781,4006,0.0,0.0,0.0
2025-08-06 03:35:00+00:00,15.180000305175781,15.180000305175781,15.180000305175781,15.180000305175781,22044,0.0,0.0,0.0
2025-08-06 03:45:00+00:00,15.180000305175781,15.180000305175781,15.180000305175781,15.180000305175781,1066,0.0,0.0,0.0
2025-08-06 03:50:00+00:00,15.180000305175781,15.1899995803833,15.180000305175781,15.1899995803833,115636,0.0,0.0,0.0
2025-08-06 04:00:00+00:00,15.1899995803833,15.1899995803833,15.1899995803833,15.1899995803833,8106,0.0,0.0,0.0
2025-08-06 04:05:00+00:00,15.1899995803833,15.1899995803833,15.1899995803833,15.1899995803833,3020,0.0,0.0,0.0
2025-08-06 04:20:00+00:00,15.180000305175781,15.180000305175781,15.180000305175781,15.180000305175781,8092,0.0,0.0,0.0
2025-08-06 04:25:00+00:00,15.180000305175781,15.180000305175781,15.180000305175781,15.180000305175781,11371,0.0,0.0,0.0
2025-08-06 04:30:00+00:00,15.180000305175781,15.180000305175781,15.180000305175781,15.180000305175781,1110,0.0,0.0,0.0
2025-08-06 04:35:00+00:00,15.180000305175781,15.180000305175781,15.180000305175781,15.180000305175781,40106,0.0,0.0,0.0
2025-08-06 04:40:00+00:00,15.180000305175781,15.180000305175781,15.180000305175781,15.180000305175781,9191,0.0,0.0,0.0
2025-08-06 04:45:00+00:00,15.180000305175781,15.180000305175781,15.180000305175781,15.180000305175781,6106,0.0,0.0,0.0
2025-08-06 04:50:00+00:00,15.180000305175781,15.180000305175781,15.180000305175781,15.180000305175781,1187,0.0,0.0,0.0
2025-08-06 04:55:00+00:00,15.180000305175781,15.180000305175781,15.180000305175781,15.180000305175781,23258,0.0,0.0,0.0
2025-08-06 05:00:00+00:00,15.180000305175781,15.180000305175781,15.180000305175781,15.180000305175781,1096,0.0,0.0,0.0
2025-08-06 05:05:00+00:00,15.1899995803833,15.1899995803833,15.1899995803833,15.1899995803833,47003,0.0,0.0,0.0
2025-08-06 05:10:00+00:00,15.1899995803833,15.199999809265137,15.1899995803833,15.199999809265137,121000,0.0,0.0,0.0
2025-08-06 05:15:00+00:00,15.199999809265137,15.210000038146973,15.199999809265137,15.210000038146973,37736,0.0,0.0,0.0
2025-08-06 05:20:00+00:00,15.1899995803833,15.1899995803833,15.1899995803833,15.1899995803833,2092,0.0,0.0,0.0
2025-08-07 01:00:00+00:00,15.220000267028809,15.229999542236328,15.220000267028809,15.229999542236328,0,0.0,0.0,0.0
2025-08-07 01:05:00+00:00,15.25,15.260000228881836,15.25,15.260000228881836,57600,0.0,0.0,0.0
2025-08-07 01:10:00+00:00,15.260000228881836,15.279999732971191,15.260000228881836,15.279999732971191,122972,0.0,0.0,0.0
2025-08-07 01:15:00+00:00,15.279999732971191,15.279999732971191,15.279999732971191,15.279999732971191,100000,0.0,0.0,0.0
2025-08-07 01:20:00+00:00,15.270000457763672,15.289999961853027,15.270000457763672,15.289999961853027,81926,0.0,0.0,0.0
2025-08-07 01:25:00+00:00,15.279999732971191,15.279999732971191,15.270000457763672,15.270000457763672,5163,0.0,0.0,0.0
2025-08-07 01:30:00+00:00,15.279999732971191,15.279999732971191,15.270000457763672,15.270000457763672,69272,0.0,0.0,0.0
2025-08-07 01:35:00+00:00,15.260000228881836,15.260000228881836,15.239999771118164,15.239999771118164,6150,0.0,0.0,0.0
2025-08-07 01:40:00+00:00,15.239999771118164,15.239999771118164,15.239999771118164,15.239999771118164,10000,0.0,0.0,0.0
2025-08-07 01:45:00+00:00,15.239999771118164,15.25,15.239999771118164,15.25,18000,0.0,0.0,0.0
2025-08-07 01:50:00+00:00,15.25,15.260000228881836,15.25,15.260000228881836,31332,0.0,0.0,0.0
2025-08-07 01:55:00+00:00,15.25,15.25,15.25,15.25,2200,0.0,0.0,0.0
2025-08-07 02:00:00+00:00,15.25,15.25,15.229999542236328,15.229999542236328,9020,0.0,0.0,0.0
2025-08-07 02:05:00+00:00,15.239999771118164,15.239999771118164,15.239999771118164,15.239999771118164,37300,0.0,0.0,0.0
2025-08-07 02:10:00+00:00,15.239999771118164,15.25,15.239999771118164,15.25,7000,0.0,0.0,0.0
2025-08-07 02:15:00+00:00,15.25,15.260000228881836,15.25,15.260000228881836,48000,0.0,0.0,0.0
2025-08-07 02:20:00+00:00,15.260000228881836,15.270000457763672,15.260000228881836,15.270000457763672,4000,0.0,0.0,0.0
2025-08-07 02:25:00+00:00,15.270000457763672,15.270000457763672,15.270000457763672,15.270000457763672,56330,0.0,0.0,0.0
2025-08-07 02:30:00+00:00,15.279999732971191,15.279999732971191,15.270000457763672,15.279999732971191,86879,0.0,0.0,0.0
2025-08-07 02:35:00+00:00,15.270000457763672,15.270000457763672,15.270000457763672,15.270000457763672,10000,0.0,0.0,0.0
2025-08-07 02:40:00+00:00,15.270000457763672,15.270000457763672,15.270000457763672,15.270000457763672,18500,0.0,0.0,0.0
2025-08-07 03:05:00+00:00,15.260000228881836,15.260000228881836,15.25,15.25,6020,0.0,0.0,0.0
2025-08-07 03:10:00+00:00,15.260000228881836,15.260000228881836,15.260000228881836,15.260000228881836,9607,0.0,0.0,0.0
2025-08-07 03:25:00+00:00,15.260000228881836,15.260000228881836,15.260000228881836,15.260000228881836,4171,0.0,0.0,0.0
2025-08-07 03:30:00+00:00,15.25,15.25,15.25,15.25,2250,0.0,0.0,0.0
2025-08-07 03:35:00+00:00,15.260000228881836,15.260000228881836,15.25,15.25,16000,0.0,0.0,0.0
2025-08-07 03:40:00+00:00,15.25,15.25,15.25,15.25,1498,0.0,0.0,0.0
2025-08-07 03:45:00+00:00,15.25,15.260000228881836,15.25,15.260000228881836,3000,0.0,0.0,0.0
2025-08-07 03:50:00+00:00,15.260000228881836,15.260000228881836,15.260000228881836,15.260000228881836,3000,0.0,0.0,0.0
2025-08-07 03:55:00+00:00,15.25,15.25,15.25,15.25,100368,0.0,0.0,0.0
2025-08-07 04:05:00+00:00,15.25,15.25,15.25,15.25,50012,0.0,0.0,0.0
2025-08-07 04:20:00+00:00,15.239999771118164,15.239999771118164,15.239999771118164,15.239999771118164,13619,0.0,0.0,0.0
2025-08-07 04:35:00+00:00,15.229999542236328,15.229999542236328,15.229999542236328,15.229999542236328,7003,0.0,0.0,0.0
2025-08-07 04:40:00+00:00,15.229999542236328,15.229999542236328,15.229999542236328,15.229999542236328,6000,0.0,0.0,0.0
2025-08-07 04:45:00+00:00,15.229999542236328,15.229999542236328,15.229999542236328,15.229999542236328,7227,0.0,0.0,0.0
2025-08-07 04:55:00+00:00,15.229999542236328,15.229999542236328,15.229999542236328,15.229999542236328,2100,0.0,0.0,0.0
2025-08-07 05:00:00+00:00,15.229999542236328,15.229999542236328,15.229999542236328,15.229999542236328,11301,0.0,0.0,0.0
2025-08-07 05:05:00+00:00,15.229999542236328,15.229999542236328,15.229999542236328,15.229999542236328,1000,0.0,0.0,0.0
2025-08-07 05:15:00+00:00,15.229999542236328,15.239999771118164,15.229999542236328,15.239999771118164,29284,0.0,0.0,0.0
2025-08-07 05:20:00+00:00,15.229999542236328,15.229999542236328,15.229999542236328,15.229999542236328,11102,0.0,0.0,0.0
2025-08-08 01:00:00+00:00,15.229999542236328,15.25,15.229999542236328,15.25,0,0.0,0.0,0.0
2025-08-08 01:10:00+00:00,15.25,15.25,15.25,15.25,1213,0.0,0.0,0.0
2025-08-08 01:15:00+00:00,15.239999771118164,15.239999771118164,15.239999771118164,15.239999771118164,2034,0.0,0.0,0.0
2025-08-08 01:20:00+00:00,15.239999771118164,15.239999771118164,15.239999771118164,15.239999771118164,2961,0.0,0.0,0.0
2025-08-08 01:30:00+00:00,15.220000267028809,15.220000267028809,15.220000267028809,15.220000267028809,26011,0.0,0.0,0.0
2025-08-08 01:35:00+00:00,15.220000267028809,15.220000267028809,15.220000267028809,15.220000267028809,21108,0.0,0.0,0.0
2025-08-08 01:40:00+00:00,15.220000267028809,15.220000267028809,15.220000267028809,15.220000267028809,2073,0.0,0.0,0.0
2025-08-08 01:45:00+00:00,15.210000038146973,15.220000267028809,15.210000038146973,15.220000267028809,3779,0.0,0.0,0.0
2025-08-08 01:55:00+00:00,15.220000267028809,15.220000267028809,15.220000267028809,15.220000267028809,6475,0.0,0.0,0.0
2025-08-08 02:00:00+00:00,15.220000267028809,15.229999542236328,15.220000267028809,15.229999542236328,51524,0.0,0.0,0.0
2025-08-08 02:10:00+00:00,15.220000267028809,15.220000267028809,15.220000267028809,15.220000267028809,2223,0.0,0.0,0.0
2025-08-08 02:15:00+00:00,15.220000267028809,15.229999542236328,15.220000267028809,15.229999542236328,8030,0.0,0.0,0.0
2025-08-08 02:20:00+00:00,15.229999542236328,15.229999542236328,15.220000267028809,15.220000267028809,6571,0.0,0.0,0.0
2025-08-08 02:35:00+00:00,15.220000267028809,15.220000267028809,15.220000267028809,15.220000267028809,46309,0.0,0.0,0.0
2025-08-08 02:45:00+00:00,15.220000267028809,15.220000267028809,15.220000267028809,15.220000267028809,1321,0.0,0.0,0.0
2025-08-08 02:50:00+00:00,15.210000038146973,15.210000038146973,15.210000038146973,15.210000038146973,5000,0.0,0.0,0.0
2025-08-08 02:55:00+00:00,15.210000038146973,15.210000038146973,15.210000038146973,15.210000038146973,3283,0.0,0.0,0.0
2025-08-08 03:00:00+00:00,15.210000038146973,15.210000038146973,15.210000038146973,15.210000038146973,47222,0.0,0.0,0.0
2025-08-08 03:10:00+00:00,15.199999809265137,15.210000038146973,15.199999809265137,15.210000038146973,21497,0.0,0.0,0.0
2025-08-08 03:20:00+00:00,15.210000038146973,15.210000038146973,15.210000038146973,15.210000038146973,3000,0.0,0.0,0.0
2025-08-08 03:25:00+00:00,15.210000038146973,15.210000038146973,15.210000038146973,15.210000038146973,27000,0.0,0.0,0.0
2025-08-08 03:30:00+00:00,15.210000038146973,15.210000038146973,15.210000038146973,15.210000038146973,10100,0.0,0.0,0.0
2025-08-08 03:35:00+00:00,15.210000038146973,15.210000038146973,15.210000038146973,15.210000038146973,1200,0.0,0.0,0.0
2025-08-08 03:50:00+00:00,15.210000038146973,15.210000038146973,15.210000038146973,15.210000038146973,1157,0.0,0.0,0.0
2025-08-08 04:05:00+00:00,15.199999809265137,15.199999809265137,15.199999809265137,15.199999809265137,28000,0.0,0.0,0.0
2025-08-08 04:10:00+00:00,15.210000038146973,15.210000038146973,15.210000038146973,15.210000038146973,8070,0.0,0.0,0.0
2025-08-08 04:15:00+00:00,15.210000038146973,15.210000038146973,15.210000038146973,15.210000038146973,6000,0.0,0.0,0.0
2025-08-08 04:20:00+00:00,15.210000038146973,15.220000267028809,15.210000038146973,15.220000267028809,2062,0.0,0.0,0.0
2025-08-08 04:25:00+00:00,15.210000038146973,15.220000267028809,15.210000038146973,15.220000267028809,89325,0.0,0.0,0.0
2025-08-08 04:30:00+00:00,15.220000267028809,15.229999542236328,15.220000267028809,15.229999542236328,3010,0.0,0.0,0.0
2025-08-08 04:35:00+00:00,15.220000267028809,15.220000267028809,15.220000267028809,15.220000267028809,4759,0.0,0.0,0.0
2025-08-08 04:45:00+00:00,15.229999542236328,15.229999542236328,15.229999542236328,15.229999542236328,2000,0.0,0.0,0.0
2025-08-08 04:50:00+00:00,15.210000038146973,15.210000038146973,15.210000038146973,15.210000038146973,21000,0.0,0.0,0.0
2025-08-08 04:55:00+00:00,15.210000038146973,15.220000267028809,15.210000038146973,15.220000267028809,7000,0.0,0.0,0.0
2025-08-08 05:00:00+00:00,15.229999542236328,15.229999542236328,15.229999542236328,15.229999542236328,82156,0.0,0.0,0.0
2025-08-08 05:10:00+00:00,15.220000267028809,15.220000267028809,15.220000267028809,15.220000267028809,3000,0.0,0.0,0.0
2025-08-08 05:15:00+00:00,15.210000038146973,15.210000038146973,15.210000038146973,15.210000038146973,9276,0.0,0.0,0.0
2025-08-08 05:20:00+00:00,15.210000038146973,15.210000038146973,15.210000038146973,15.210000038146973,10167,0.0,0.0,0.0
2025-08-11 01:00:00+00:00,15.229999542236328,15.229999542236328,15.1899995803833,15.1899995803833,0,0.0,0.0,0.0
2025-08-11 01:05:00+00:00,15.1899995803833,15.1899995803833,15.1899995803833,15.1899995803833,5070,0.0,0.0,0.0
2025-08-11 01:10:00+00:00,15.1899995803833,15.1899995803833,15.180000305175781,15.1899995803833,3000,0.0,0.0,0.0
2025-08-11 01:15:00+00:00,15.180000305175781,15.210000038146973,15.180000305175781,15.210000038146973,25000,0.0,0.0,0.0
2025-08-11 01:20:00+00:00,15.210000038146973,15.210000038146973,15.210000038146973,15.210000038146973,2000,0.0,0.0,0.0
2025-08-11 01:25:00+00:00,15.210000038146973,15.210000038146973,15.210000038146973,15.210000038146973,1200,0.0,0.0,0.0
2025-08-11 01:30:00+00:00,15.210000038146973,15.229999542236328,15.210000038146973,15.229999542236328,97890,0.0,0.0,0.0
2025-08-11 01:35:00+00:00,15.220000267028809,15.229999542236328,15.220000267028809,15.229999542236328,2100,0.0,0.0,0.0
2025-08-11 01:40:00+00:00,15.210000038146973,15.220000267028809,15.210000038146973,15.220000267028809,104030,0.0,0.0,0.0
2025-08-11 01:45:00+00:00,15.229999542236328,15.229999542236328,15.210000038146973,15.229999542236328,9115,0.0,0.0,0.0
2025-08-11 01:50:00+00:00,15.210000038146973,15.229999542236328,15.210000038146973,15.229999542236328,10100,0.0,0.0,0.0
2025-08-11 01:55:00+00:00,15.229999542236328,15.229999542236328,15.220000267028809,15.229999542236328,3200,0.0,0.0,0.0
2025-08-11 02:00:00+00:00,15.229999542236328,15.229999542236328,15.220000267028809,15.220000267028809,23104,0.0,0.0,0.0
2025-08-11 02:05:00+00:00,15.220000267028809,15.220000267028809,15.220000267028809,15.220000267028809,6065,0.0,0.0,0.0
2025-08-11 02:10:00+00:00,15.220000267028809,15.220000267028809,15.220000267028809,15.220000267028809,1000,0.0,0.0,0.0
2025-08-11 02:15:00+00:00,15.220000267028809,15.220000267028809,15.210000038146973,15.210000038146973,9137,0.0,0.0,0.0
2025-08-11 02:20:00+00:00,15.220000267028809,15.220000267028809,15.220000267028809,15.220000267028809,1000,0.0,0.0,0.0
2025-08-11 02:25:00+00:00,15.220000267028809,15.220000267028809,15.210000038146973,15.210000038146973,40068,0.0,0.0,0.0
2025-08-11 02:30:00+00:00,15.210000038146973,15.210000038146973,15.1899995803833,15.1899995803833,23057,0.0,0.0,0.0
2025-08-11 02:35:00+00:00,15.199999809265137,15.199999809265137,15.1899995803833,15.1899995803833,5010,0.0,0.0,0.0
2025-08-11 02:40:00+00:00,15.1899995803833,15.1899995803833,15.180000305175781,15.1899995803833,8000,0.0,0.0,0.0
2025-08-11 02:45:00+00:00,15.1899995803833,15.1899995803833,15.1899995803833,15.1899995803833,3400,0.0,0.0,0.0
2025-08-11 02:50:00+00:00,15.1899995803833,15.1899995803833,15.180000305175781,15.1899995803833,3100,0.0,0.0,0.0
2025-08-11 02:55:00+00:00,15.199999809265137,15.199999809265137,15.199999809265137,15.199999809265137,1250,0.0,0.0,0.0
2025-08-11 03:00:00+00:00,15.1899995803833,15.1899995803833,15.1899995803833,15.1899995803833,3020,0.0,0.0,0.0
2025-08-11 03:05:00+00:00,15.1899995803833,15.1899995803833,15.180000305175781,15.180000305175781,3147,0.0,0.0,0.0
2025-08-11 03:10:00+00:00,15.1899995803833,15.1899995803833,15.180000305175781,15.1899995803833,14200,0.0,0.0,0.0
2025-08-11 03:15:00+00:00,15.1899995803833,15.1899995803833,15.1899995803833,15.1899995803833,1040,0.0,0.0,0.0
2025-08-11 03:20:00+00:00,15.1899995803833,15.1899995803833,15.180000305175781,15.1899995803833,17000,0.0,0.0,0.0
2025-08-11 03:25:00+00:00,15.180000305175781,15.1899995803833,15.180000305175781,15.1899995803833,3100,0.0,0.0,0.0
2025-08-11 03:30:00+00:00,15.1899995803833,15.1899995803833,15.170000076293945,15.1899995803833,7204,0.0,0.0,0.0
2025-08-11 03:35:00+00:00,15.1899995803833,15.1899995803833,15.1899995803833,15.1899995803833,105293,0.0,0.0,0.0
2025-08-11 03:40:00+00:00,15.180000305175781,15.1899995803833,15.180000305175781,15.1899995803833,3050,0.0,0.0,0.0
2025-08-11 03:45:00+00:00,15.180000305175781,15.1899995803833,15.180000305175781,15.1899995803833,142400,0.0,0.0,0.0
2025-08-11 03:50:00+00:00,15.1899995803833,15.1899995803833,15.1899995803833,15.1899995803833,2270,0.0,0.0,0.0
2025-08-11 03:55:00+00:00,15.1899995803833,15.1899995803833,15.180000305175781,15.1899995803833,13090,0.0,0.0,0.0
2025-08-11 04:00:00+00:00,15.1899995803833,15.1899995803833,15.180000305175781,15.180000305175781,2100,0.0,0.0,0.0
2025-08-11 04:05:00+00:00,15.1899995803833,15.1899995803833,15.1899995803833,15.1899995803833,2330,0.0,0.0,0.0
2025-08-11 04:10:00+00:00,15.1899995803833,15.1899995803833,15.1899995803833,15.1899995803833,1050,0.0,0.0,0.0
2025-08-11 04:15:00+00:00,15.180000305175781,15.1899995803833,15.180000305175781,15.1899995803833,3000,0.0,0.0,0.0
2025-08-11 04:20:00+00:00,15.1899995803833,15.1899995803833,15.1899995803833,15.1899995803833,21024,0.0,0.0,0.0
2025-08-11 04:25:00+00:00,15.199999809265137,15.199999809265137,15.199999809265137,15.199999809265137,2100,0.0,0.0,0.0
2025-08-11 04:30:00+00:00,15.199999809265137,15.199999809265137,15.199999809265137,15.199999809265137,6003,0.0,0.0,0.0
2025-08-11 04:35:00+00:00,15.199999809265137,15.199999809265137,15.1899995803833,15.1899995803833,6469,0.0,0.0,0.0
2025-08-11 04:40:00+00:00,15.1899995803833,15.199999809265137,15.1899995803833,15.1899995803833,7392,0.0,0.0,0.0
2025-08-11 04:45:00+00:00,15.199999809265137,15.199999809265137,15.1899995803833,15.1899995803833,6947,0.0,0.0,0.0
2025-08-11 04:50:00+00:00,15.199999809265137,15.199999809265137,15.199999809265137,15.199999809265137,2044,0.0,0.0,0.0
2025-08-11 04:55:00+00:00,15.1899995803833,15.199999809265137,15.1899995803833,15.199999809265137,21000,0.0,0.0,0.0
2025-08-11 05:00:00+00:00,15.199999809265137,15.199999809265137,15.199999809265137,15.199999809265137,3119,0.0,0.0,0.0
2025-08-11 05:05:00+00:00,15.199999809265137,15.199999809265137,15.1899995803833,15.1899995803833,12000,0.0,0.0,0.0
2025-08-11 05:10:00+00:00,15.199999809265137,15.199999809265137,15.1899995803833,15.199999809265137,44598,0.0,0.0,0.0
2025-08-11 05:15:00+00:00,15.199999809265137,15.199999809265137,15.199999809265137,15.199999809265137,1000,0.0,0.0,0.0
2025-08-11 05:20:00+00:00,15.199999809265137,15.199999809265137,15.1899995803833,15.199999809265137,39125,0.0,0.0,0.0
2025-08-12 01:00:00+00:00,15.1899995803833,15.210000038146973,15.1899995803833,15.210000038146973,0,0.0,0.0,0.0
2025-08-12 01:05:00+00:00,15.210000038146973,15.220000267028809,15.210000038146973,15.220000267028809,12847,0.0,0.0,0.0
2025-08-12 01:10:00+00:00,15.220000267028809,15.229999542236328,15.220000267028809,15.229999542236328,7065,0.0,0.0,0.0
2025-08-12 01:15:00+00:00,15.229999542236328,15.229999542236328,15.229999542236328,15.229999542236328,10000,0.0,0.0,0.0
2025-08-12 01:20:00+00:00,15.229999542236328,15.229999542236328,15.229999542236328,15.229999542236328,4066,0.0,0.0,0.0
2025-08-12 01:25:00+00:00,15.229999542236328,15.229999542236328,15.229999542236328,15.229999542236328,102100,0.0,0.0,0.0
2025-08-12 01:30:00+00:00,15.239999771118164,15.25,15.239999771118164,15.25,67065,0.0,0.0,0.0
2025-08-12 01:35:00+00:00,15.25,15.260000228881836,15.25,15.260000228881836,63568,0.0,0.0,0.0
2025-08-12 01:40:00+00:00,15.270000457763672,15.270000457763672,15.270000457763672,15.270000457763672,22188,0.0,0.0,0.0
2025-08-12 01:45:00+00:00,15.270000457763672,15.270000457763672,15.270000457763672,15.270000457763672,10208,0.0,0.0,0.0
2025-08-12 01:50:00+00:00,15.270000457763672,15.270000457763672,15.270000457763672,15.270000457763672,1000,0.0,0.0,0.0
2025-08-12 01:55:00+00:00,15.270000457763672,15.270000457763672,15.270000457763672,15.270000457763672,2500,0.0,0.0,0.0
2025-08-12 02:00:00+00:00,15.270000457763672,15.270000457763672,15.270000457763672,15.270000457763672,33755,0.0,0.0,0.0
2025-08-12 02:10:00+00:00,15.270000457763672,15.279999732971191,15.270000457763672,15.270000457763672,107000,0.0,0.0,0.0
2025-08-12 02:15:00+00:00,15.270000457763672,15.270000457763672,15.270000457763672,15.270000457763672,11000,0.0,0.0,0.0
2025-08-12 02:25:00+00:00,15.260000228881836,15.260000228881836,15.260000228881836,15.260000228881836,1042,0.0,0.0,0.0
2025-08-12 02:30:00+00:00,15.260000228881836,15.260000228881836,15.260000228881836,15.260000228881836,1022,0.0,0.0,0.0
2025-08-12 02:40:00+00:00,15.260000228881836,15.260000228881836,15.260000228881836,15.260000228881836,6714,0.0,0.0,0.0
2025-08-12 02:45:00+00:00,15.260000228881836,15.260000228881836,15.260000228881836,15.260000228881836,3000,0.0,0.0,0.0
2025-08-12 03:00:00+00:00,15.25,15.260000228881836,15.25,15.260000228881836,47550,0.0,0.0,0.0
2025-08-12 03:20:00+00:00,15.260000228881836,15.260000228881836,15.260000228881836,15.260000228881836,7080,0.0,0.0,0.0
2025-08-12 03:25:00+00:00,15.260000228881836,15.260000228881836,15.260000228881836,15.260000228881836,4545,0.0,0.0,0.0
2025-08-12 03:30:00+00:00,15.260000228881836,15.260000228881836,15.260000228881836,15.260000228881836,28000,0.0,0.0,0.0
2025-08-12 03:35:00+00:00,15.25,15.25,15.25,15.25,4290,0.0,0.0,0.0
2025-08-12 03:45:00+00:00,15.25,15.25,15.25,15.25,10000,0.0,0.0,0.0
2025-08-12 03:50:00+00:00,15.260000228881836,15.260000228881836,15.260000228881836,15.260000228881836,19000,0.0,0.0,0.0
2025-08-12 03:55:00+00:00,15.25,15.25,15.25,15.25,24267,0.0,0.0,0.0
2025-08-12 04:05:00+00:00,15.25,15.25,15.25,15.25,1183,0.0,0.0,0.0
2025-08-12 04:20:00+00:00,15.25,15.260000228881836,15.25,15.260000228881836,2000,0.0,0.0,0.0
2025-08-12 04:30:00+00:00,15.260000228881836,15.260000228881836,15.260000228881836,15.260000228881836,10050,0.0,0.0,0.0
2025-08-12 04:40:00+00:00,15.260000228881836,15.260000228881836,15.260000228881836,15.260000228881836,1000,0.0,0.0,0.0
2025-08-12 04:45:00+00:00,15.239999771118164,15.239999771118164,15.239999771118164,15.239999771118164,6020,0.0,0.0,0.0
2025-08-12 04:50:00+00:00,15.239999771118164,15.239999771118164,15.239999771118164,15.239999771118164,10000,0.0,0.0,0.0
2025-08-12 04:55:00+00:00,15.239999771118164,15.25,15.239999771118164,15.239999771118164,15305,0.0,0.0,0.0
2025-08-12 05:10:00+00:00,15.239999771118164,15.239999771118164,15.239999771118164,15.239999771118164,9050,0.0,0.0,0.0
2025-08-12 05:15:00+00:00,15.229999542236328,15.229999542236328,15.229999542236328,15.229999542236328,1000,0.0,0.0,0.0
2025-08-12 05:20:00+00:00,15.229999542236328,15.229999542236328,15.229999542236328,15.229999542236328,8010,0.0,0.0,0.0
2025-08-13 01:00:00+00:00,15.3100004196167,15.319999694824219,15.3100004196167,15.319999694824219,0,0.0,0.0,0.0
2025-08-13 01:05:00+00:00,15.319999694824219,15.329999923706055,15.3100004196167,15.3100004196167,22569,0.0,0.0,0.0
2025-08-13 01:10:00+00:00,15.329999923706055,15.329999923706055,15.3100004196167,15.3100004196167,26855,0.0,0.0,0.0
2025-08-13 01:15:00+00:00,15.319999694824219,15.319999694824219,15.300000190734863,15.300000190734863,5088,0.0,0.0,0.0
2025-08-13 01:20:00+00:00,15.279999732971191,15.279999732971191,15.279999732971191,15.279999732971191,15000,0.0,0.0,0.0
2025-08-13 01:25:00+00:00,15.279999732971191,15.279999732971191,15.279999732971191,15.279999732971191,24034,0.0,0.0,0.0
2025-08-13 01:30:00+00:00,15.289999961853027,15.289999961853027,15.289999961853027,15.289999961853027,12123,0.0,0.0,0.0
2025-08-13 01:35:00+00:00,15.289999961853027,15.289999961853027,15.279999732971191,15.279999732971191,103767,0.0,0.0,0.0
2025-08-13 01:45:00+00:00,15.279999732971191,15.289999961853027,15.270000457763672,15.270000457763672,10200,0.0,0.0,0.0
2025-08-13 01:50:00+00:00,15.279999732971191,15.279999732971191,15.270000457763672,15.270000457763672,13000,0.0,0.0,0.0
2025-08-13 01:55:00+00:00,15.289999961853027,15.289999961853027,15.270000457763672,15.279999732971191,106490,0.0,0.0,0.0
2025-08-13 02:00:00+00:00,15.289999961853027,15.289999961853027,15.270000457763672,15.270000457763672,24270,0.0,0.0,0.0
2025-08-13 02:05:00+00:00,15.270000457763672,15.270000457763672,15.270000457763672,15.270000457763672,1300,0.0,0.0,0.0
2025-08-13 02:10:00+00:00,15.270000457763672,15.279999732971191,15.270000457763672,15.279999732971191,15010,0.0,0.0,0.0
2025-08-13 02:15:00+00:00,15.289999961853027,15.289999961853027,15.289999961853027,15.289999961853027,2200,0.0,0.0,0.0
2025-08-13 02:30:00+00:00,15.289999961853027,15.289999961853027,15.289999961853027,15.289999961853027,2100,0.0,0.0,0.0
2025-08-13 02:35:00+00:00,15.279999732971191,15.279999732971191,15.279999732971191,15.279999732971191,14316,0.0,0.0,0.0
2025-08-13 02:40:00+00:00,15.289999961853027,15.289999961853027,15.289999961853027,15.289999961853027,39020,0.0,0.0,0.0
2025-08-13 02:45:00+00:00,15.289999961853027,15.300000190734863,15.279999732971191,15.279999732971191,24294,0.0,0.0,0.0
2025-08-13 02:50:00+00:00,15.279999732971191,15.289999961853027,15.279999732971191,15.289999961853027,17443,0.0,0.0,0.0
2025-08-13 02:55:00+00:00,15.289999961853027,15.289999961853027,15.289999961853027,15.289999961853027,4000,0.0,0.0,0.0
2025-08-13 03:00:00+00:00,15.289999961853027,15.300000190734863,15.289999961853027,15.300000190734863,4100,0.0,0.0,0.0
2025-08-13 03:05:00+00:00,15.300000190734863,15.300000190734863,15.289999961853027,15.300000190734863,96400,0.0,0.0,0.0
2025-08-13 03:15:00+00:00,15.300000190734863,15.300000190734863,15.300000190734863,15.300000190734863,6000,0.0,0.0,0.0
2025-08-13 03:20:00+00:00,15.300000190734863,15.300000190734863,15.300000190734863,15.300000190734863,4000,0.0,0.0,0.0
2025-08-13 03:25:00+00:00,15.300000190734863,15.300000190734863,15.300000190734863,15.300000190734863,3074,0.0,0.0,0.0
2025-08-13 03:30:00+00:00,15.270000457763672,15.270000457763672,15.25,15.25,76086,0.0,0.0,0.0
2025-08-13 03:35:00+00:00,15.25,15.25,15.239999771118164,15.25,7170,0.0,0.0,0.0
2025-08-13 03:50:00+00:00,15.25,15.25,15.25,15.25,1000,0.0,0.0,0.0
2025-08-13 04:00:00+00:00,15.25,15.25,15.25,15.25,15853,0.0,0.0,0.0
2025-08-13 04:25:00+00:00,15.25,15.260000228881836,15.25,15.260000228881836,39200,0.0,0.0,0.0
2025-08-13 04:30:00+00:00,15.270000457763672,15.270000457763672,15.270000457763672,15.270000457763672,8428,0.0,0.0,0.0
2025-08-13 04:35:00+00:00,15.260000228881836,15.260000228881836,15.260000228881836,15.260000228881836,1607,0.0,0.0,0.0
2025-08-13 04:45:00+00:00,15.270000457763672,15.279999732971191,15.270000457763672,15.279999732971191,34110,0.0,0.0,0.0
2025-08-13 04:50:00+00:00,15.279999732971191,15.289999961853027,15.279999732971191,15.289999961853027,14100,0.0,0.0,0.0
2025-08-13 04:55:00+00:00,15.289999961853027,15.300000190734863,15.289999961853027,15.300000190734863,4080,0.0,0.0,0.0
2025-08-13 05:05:00+00:00,15.300000190734863,15.300000190734863,15.300000190734863,15.300000190734863,1613,0.0,0.0,0.0
2025-08-13 05:10:00+00:00,15.300000190734863,15.300000190734863,15.300000190734863,15.300000190734863,50000,0.0,0.0,0.0
2025-08-13 05:15:00+00:00,15.300000190734863,15.300000190734863,15.289999961853027,15.289999961853027,109381,0.0,0.0,0.0
2025-08-14 01:00:00+00:00,15.300000190734863,15.329999923706055,15.300000190734863,15.329999923706055,0,0.0,0.0,0.0
2025-08-14 01:05:00+00:00,15.329999923706055,15.359999656677246,15.329999923706055,15.359999656677246,74703,0.0,0.0,0.0
2025-08-14 01:10:00+00:00,15.359999656677246,15.369999885559082,15.359999656677246,15.369999885559082,64068,0.0,0.0,0.0
2025-08-14 01:15:00+00:00,15.369999885559082,15.399999618530273,15.369999885559082,15.399999618530273,103803,0.0,0.0,0.0
2025-08-14 01:20:00+00:00,15.380000114440918,15.399999618530273,15.380000114440918,15.390000343322754,15169,0.0,0.0,0.0
2025-08-14 01:25:00+00:00,15.390000343322754,15.390000343322754,15.390000343322754,15.390000343322754,14010,0.0,0.0,0.0
2025-08-14 01:30:00+00:00,15.390000343322754,15.390000343322754,15.390000343322754,15.390000343322754,16700,0.0,0.0,0.0
2025-08-14 01:35:00+00:00,15.390000343322754,15.399999618530273,15.390000343322754,15.399999618530273,134812,0.0,0.0,0.0
2025-08-14 01:40:00+00:00,15.390000343322754,15.399999618530273,15.390000343322754,15.399999618530273,18008,0.0,0.0,0.0
2025-08-14 01:45:00+00:00,15.399999618530273,15.399999618530273,15.399999618530273,15.399999618530273,42472,0.0,0.0,0.0
2025-08-14 01:50:00+00:00,15.399999618530273,15.40999984741211,15.399999618530273,15.40999984741211,85906,0.0,0.0,0.0
2025-08-14 01:55:00+00:00,15.420000076293945,15.420000076293945,15.420000076293945,15.420000076293945,43276,0.0,0.0,0.0
2025-08-14 02:00:00+00:00,15.420000076293945,15.420000076293945,15.420000076293945,15.420000076293945,3330,0.0,0.0,0.0
2025-08-14 02:05:00+00:00,15.420000076293945,15.420000076293945,15.420000076293945,15.420000076293945,3170,0.0,0.0,0.0
2025-08-14 02:10:00+00:00,15.420000076293945,15.420000076293945,15.399999618530273,15.399999618530273,3050,0.0,0.0,0.0
2025-08-14 02:15:00+00:00,15.399999618530273,15.399999618530273,15.399999618530273,15.399999618530273,1000,0.0,0.0,0.0
2025-08-14 02:20:00+00:00,15.399999618530273,15.399999618530273,15.399999618530273,15.399999618530273,8000,0.0,0.0,0.0
2025-08-14 02:25:00+00:00,15.399999618530273,15.399999618530273,15.399999618530273,15.399999618530273,63000,0.0,0.0,0.0
2025-08-14 02:30:00+00:00,15.40999984741211,15.40999984741211,15.40999984741211,15.40999984741211,24000,0.0,0.0,0.0
2025-08-14 02:35:00+00:00,15.40999984741211,15.40999984741211,15.40999984741211,15.40999984741211,4060,0.0,0.0,0.0
2025-08-14 02:40:00+00:00,15.40999984741211,15.40999984741211,15.399999618530273,15.399999618530273,4000,0.0,0.0,0.0
2025-08-14 02:45:00+00:00,15.399999618530273,15.420000076293945,15.399999618530273,15.420000076293945,11726,0.0,0.0,0.0
2025-08-14 02:50:00+00:00,15.420000076293945,15.420000076293945,15.420000076293945,15.420000076293945,10000,0.0,0.0,0.0
2025-08-14 02:55:00+00:00,15.420000076293945,15.420000076293945,15.420000076293945,15.420000076293945,90479,0.0,0.0,0.0
2025-08-14 03:00:00+00:00,15.420000076293945,15.420000076293945,15.420000076293945,15.420000076293945,10043,0.0,0.0,0.0
2025-08-14 03:05:00+00:00,15.430000305175781,15.430000305175781,15.430000305175781,15.430000305175781,41035,0.0,0.0,0.0
2025-08-14 03:10:00+00:00,15.4399995803833,15.449999809265137,15.4399995803833,15.449999809265137,99287,0.0,0.0,0.0
2025-08-14 03:15:00+00:00,15.449999809265137,15.449999809265137,15.449999809265137,15.449999809265137,60689,0.0,0.0,0.0
2025-08-14 03:20:00+00:00,15.449999809265137,15.449999809265137,15.449999809265137,15.449999809265137,2000,0.0,0.0,0.0
2025-08-14 03:25:00+00:00,15.449999809265137,15.449999809265137,15.449999809265137,15.449999809265137,41520,0.0,0.0,0.0
2025-08-14 03:30:00+00:00,15.449999809265137,15.460000038146973,15.449999809265137,15.449999809265137,22220,0.0,0.0,0.0
2025-08-14 03:35:00+00:00,15.449999809265137,15.449999809265137,15.449999809265137,15.449999809265137,5094,0.0,0.0,0.0
2025-08-14 03:40:00+00:00,15.449999809265137,15.449999809265137,15.449999809265137,15.449999809265137,6388,0.0,0.0,0.0
2025-08-14 03:45:00+00:00,15.449999809265137,15.449999809265137,15.449999809265137,15.449999809265137,12500,0.0,0.0,0.0
2025-08-14 03:50:00+00:00,15.449999809265137,15.449999809265137,15.449999809265137,15.449999809265137,6148,0.0,0.0,0.0
2025-08-14 03:55:00+00:00,15.449999809265137,15.449999809265137,15.449999809265137,15.449999809265137,6383,0.0,0.0,0.0
2025-08-14 04:00:00+00:00,15.449999809265137,15.449999809265137,15.4399995803833,15.4399995803833,51092,0.0,0.0,0.0
2025-08-14 04:05:00+00:00,15.4399995803833,15.4399995803833,15.4399995803833,15.4399995803833,3244,0.0,0.0,0.0
2025-08-14 04:10:00+00:00,15.4399995803833,15.4399995803833,15.4399995803833,15.4399995803833,114000,0.0,0.0,0.0
2025-08-14 04:15:00+00:00,15.4399995803833,15.4399995803833,15.4399995803833,15.4399995803833,5000,0.0,0.0,0.0
2025-08-14 04:20:00+00:00,15.449999809265137,15.449999809265137,15.449999809265137,15.449999809265137,2000,0.0,0.0,0.0
2025-08-14 04:25:00+00:00,15.449999809265137,15.449999809265137,15.449999809265137,15.449999809265137,1020,0.0,0.0,0.0
2025-08-14 04:30:00+00:00,15.4399995803833,15.4399995803833,15.430000305175781,15.430000305175781,85000,0.0,0.0,0.0
2025-08-14 04:35:00+00:00,15.430000305175781,15.4399995803833,15.430000305175781,15.4399995803833,151280,0.0,0.0,0.0
2025-08-14 04:40:00+00:00,15.449999809265137,15.449999809265137,15.4399995803833,15.449999809265137,236060,0.0,0.0,0.0
2025-08-14 04:45:00+00:00,15.449999809265137,15.460000038146973,15.449999809265137,15.460000038146973,167797,0.0,0.0,0.0
2025-08-14 04:50:00+00:00,15.460000038146973,15.460000038146973,15.460000038146973,15.460000038146973,8000,0.0,0.0,0.0
2025-08-14 04:55:00+00:00,15.460000038146973,15.470000267028809,15.460000038146973,15.460000038146973,55300,0.0,0.0,0.0
2025-08-14 05:00:00+00:00,15.460000038146973,15.460000038146973,15.460000038146973,15.460000038146973,10100,0.0,0.0,0.0
2025-08-14 05:05:00+00:00,15.470000267028809,15.470000267028809,15.470000267028809,15.470000267028809,1018,0.0,0.0,0.0
2025-08-14 05:10:00+00:00,15.470000267028809,15.470000267028809,15.470000267028809,15.470000267028809,6020,0.0,0.0,0.0
2025-08-14 05:15:00+00:00,15.460000038146973,15.470000267028809,15.460000038146973,15.470000267028809,11858,0.0,0.0,0.0
2025-08-14 05:20:00+00:00,15.460000038146973,15.470000267028809,15.460000038146973,15.460000038146973,66485,0.0,0.0,0.0
2025-08-15 01:00:00+00:00,15.460000038146973,15.460000038146973,15.460000038146973,15.460000038146973,0,0.0,0.0,0.0
2025-08-15 01:05:00+00:00,15.449999809265137,15.449999809265137,15.449999809265137,15.449999809265137,4068,0.0,0.0,0.0
2025-08-15 01:10:00+00:00,15.420000076293945,15.420000076293945,15.420000076293945,15.420000076293945,1114,0.0,0.0,0.0
2025-08-15 01:15:00+00:00,15.40999984741211,15.4399995803833,15.40999984741211,15.4399995803833,8114,0.0,0.0,0.0
2025-08-15 01:20:00+00:00,15.420000076293945,15.420000076293945,15.420000076293945,15.420000076293945,25344,0.0,0.0,0.0
2025-08-15 01:30:00+00:00,15.420000076293945,15.420000076293945,15.420000076293945,15.420000076293945,4150,0.0,0.0,0.0
2025-08-15 01:35:00+00:00,15.420000076293945,15.430000305175781,15.420000076293945,15.430000305175781,4024,0.0,0.0,0.0
2025-08-15 01:45:00+00:00,15.40999984741211,15.40999984741211,15.40999984741211,15.40999984741211,3000,0.0,0.0,0.0
2025-08-15 01:50:00+00:00,15.420000076293945,15.420000076293945,15.420000076293945,15.420000076293945,36000,0.0,0.0,0.0
2025-08-15 01:55:00+00:00,15.420000076293945,15.420000076293945,15.420000076293945,15.420000076293945,6574,0.0,0.0,0.0
2025-08-15 02:05:00+00:00,15.40999984741211,15.40999984741211,15.399999618530273,15.399999618530273,106443,0.0,0.0,0.0
2025-08-15 02:10:00+00:00,15.40999984741211,15.40999984741211,15.40999984741211,15.40999984741211,1202,0.0,0.0,0.0
2025-08-15 02:15:00+00:00,15.40999984741211,15.40999984741211,15.40999984741211,15.40999984741211,1030,0.0,0.0,0.0
2025-08-15 02:25:00+00:00,15.40999984741211,15.420000076293945,15.40999984741211,15.420000076293945,10536,0.0,0.0,0.0
2025-08-15 02:30:00+00:00,15.420000076293945,15.420000076293945,15.420000076293945,15.420000076293945,1000,0.0,0.0,0.0
2025-08-15 02:35:00+00:00,15.420000076293945,15.420000076293945,15.420000076293945,15.420000076293945,17000,0.0,0.0,0.0
2025-08-15 02:40:00+00:00,15.420000076293945,15.420000076293945,15.420000076293945,15.420000076293945,21000,0.0,0.0,0.0
2025-08-15 02:45:00+00:00,15.420000076293945,15.430000305175781,15.420000076293945,15.430000305175781,5215,0.0,0.0,0.0
2025-08-15 03:00:00+00:00,15.420000076293945,15.420000076293945,15.420000076293945,15.420000076293945,2000,0.0,0.0,0.0
2025-08-15 03:05:00+00:00,15.40999984741211,15.40999984741211,15.40999984741211,15.40999984741211,6000,0.0,0.0,0.0
2025-08-15 03:15:00+00:00,15.40999984741211,15.40999984741211,15.40999984741211,15.40999984741211,4100,0.0,0.0,0.0
2025-08-15 03:20:00+00:00,15.40999984741211,15.40999984741211,15.40999984741211,15.40999984741211,18118,0.0,0.0,0.0
2025-08-15 03:35:00+00:00,15.420000076293945,15.420000076293945,15.420000076293945,15.420000076293945,1000,0.0,0.0,0.0
2025-08-15 03:40:00+00:00,15.420000076293945,15.420000076293945,15.420000076293945,15.420000076293945,2040,0.0,0.0,0.0
2025-08-15 03:45:00+00:00,15.420000076293945,15.430000305175781,15.420000076293945,15.430000305175781,12300,0.0,0.0,0.0
2025-08-15 03:50:00+00:00,15.430000305175781,15.430000305175781,15.430000305175781,15.430000305175781,1042,0.0,0.0,0.0
2025-08-15 04:05:00+00:00,15.430000305175781,15.430000305175781,15.430000305175781,15.430000305175781,2000,0.0,0.0,0.0
2025-08-15 04:10:00+00:00,15.420000076293945,15.430000305175781,15.420000076293945,15.420000076293945,28060,0.0,0.0,0.0
2025-08-15 04:20:00+00:00,15.430000305175781,15.430000305175781,15.430000305175781,15.430000305175781,5155,0.0,0.0,0.0
2025-08-15 04:25:00+00:00,15.430000305175781,15.430000305175781,15.430000305175781,15.430000305175781,1100,0.0,0.0,0.0
2025-08-15 04:30:00+00:00,15.430000305175781,15.4399995803833,15.430000305175781,15.4399995803833,31190,0.0,0.0,0.0
2025-08-15 04:45:00+00:00,15.4399995803833,15.4399995803833,15.4399995803833,15.4399995803833,5000,0.0,0.0,0.0
2025-08-15 04:50:00+00:00,15.430000305175781,15.4399995803833,15.430000305175781,15.4399995803833,19500,0.0,0.0,0.0
2025-08-15 04:55:00+00:00,15.430000305175781,15.430000305175781,15.430000305175781,15.430000305175781,2000,0.0,0.0,0.0
2025-08-15 05:00:00+00:00,15.420000076293945,15.420000076293945,15.420000076293945,15.420000076293945,20500,0.0,0.0,0.0
2025-08-15 05:05:00+00:00,15.420000076293945,15.420000076293945,15.420000076293945,15.420000076293945,4586,0.0,0.0,0.0
2025-08-15 05:15:00+00:00,15.420000076293945,15.420000076293945,15.420000076293945,15.420000076293945,25202,0.0,0.0,0.0
2025-08-15 05:20:00+00:00,15.40999984741211,15.420000076293945,15.40999984741211,15.420000076293945,23170,0.0,0.0,0.0
2025-08-18 01:00:00+00:00,15.399999618530273,15.40999984741211,15.399999618530273,15.40999984741211,0,0.0,0.0,0.0
2025-08-18 01:05:00+00:00,15.40999984741211,15.40999984741211,15.40999984741211,15.40999984741211,2697,0.0,0.0,0.0
2025-08-18 01:15:00+00:00,15.420000076293945,15.4399995803833,15.420000076293945,15.4399995803833,40306,0.0,0.0,0.0
2025-08-18 01:20:00+00:00,15.449999809265137,15.460000038146973,15.449999809265137,15.460000038146973,54224,0.0,0.0,0.0
2025-08-18 01:25:00+00:00,15.470000267028809,15.470000267028809,15.470000267028809,15.470000267028809,1118,0.0,0.0,0.0
2025-08-18 01:30:00+00:00,15.470000267028809,15.470000267028809,15.460000038146973,15.460000038146973,12100,0.0,0.0,0.0
2025-08-18 01:35:00+00:00,15.470000267028809,15.470000267028809,15.470000267028809,15.470000267028809,3110,0.0,0.0,0.0
2025-08-18 01:45:00+00:00,15.460000038146973,15.470000267028809,15.460000038146973,15.470000267028809,9298,0.0,0.0,0.0
2025-08-18 01:50:00+00:00,15.449999809265137,15.460000038146973,15.449999809265137,15.460000038146973,4000,0.0,0.0,0.0
2025-08-18 01:55:00+00:00,15.449999809265137,15.449999809265137,15.449999809265137,15.449999809265137,5360,0.0,0.0,0.0
2025-08-18 02:00:00+00:00,15.449999809265137,15.449999809265137,15.449999809265137,15.449999809265137,8298,0.0,0.0,0.0
2025-08-18 02:05:00+00:00,15.4399995803833,15.4399995803833,15.420000076293945,15.420000076293945,6074,0.0,0.0,0.0
2025-08-18 02:10:00+00:00,15.420000076293945,15.420000076293945,15.40999984741211,15.40999984741211,22003,0.0,0.0,0.0
2025-08-18 02:15:00+00:00,15.430000305175781,15.430000305175781,15.430000305175781,15.430000305175781,2123,0.0,0.0,0.0
2025-08-18 02:20:00+00:00,15.420000076293945,15.420000076293945,15.399999618530273,15.399999618530273,102211,0.0,0.0,0.0
2025-08-18 02:30:00+00:00,15.40999984741211,15.40999984741211,15.40999984741211,15.40999984741211,2124,0.0,0.0,0.0
2025-08-18 02:35:00+00:00,15.399999618530273,15.399999618530273,15.399999618530273,15.399999618530273,8123,0.0,0.0,0.0
2025-08-18 02:45:00+00:00,15.399999618530273,15.40999984741211,15.399999618530273,15.40999984741211,2243,0.0,0.0,0.0
2025-08-18 03:00:00+00:00,15.40999984741211,15.40999984741211,15.40999984741211,15.40999984741211,26221,0.0,0.0,0.0
2025-08-18 03:05:00+00:00,15.40999984741211,15.40999984741211,15.40999984741211,15.40999984741211,6500,0.0,0.0,0.0
2025-08-18 03:10:00+00:00,15.399999618530273,15.399999618530273,15.399999618530273,15.399999618530273,1000,0.0,0.0,0.0
2025-08-18 03:15:00+00:00,15.40999984741211,15.40999984741211,15.40999984741211,15.40999984741211,2123,0.0,0.0,0.0
2025-08-18 03:20:00+00:00,15.399999618530273,15.399999618530273,15.399999618530273,15.399999618530273,1174,0.0,0.0,0.0
2025-08-18 03:30:00+00:00,15.399999618530273,15.40999984741211,15.399999618530273,15.399999618530273,5559,0.0,0.0,0.0
2025-08-18 03:40:00+00:00,15.399999618530273,15.40999984741211,15.399999618530273,15.40999984741211,38433,0.0,0.0,0.0
2025-08-18 04:00:00+00:00,15.399999618530273,15.399999618530273,15.399999618530273,15.399999618530273,10100,0.0,0.0,0.0
2025-08-18 04:05:00+00:00,15.399999618530273,15.399999618530273,15.399999618530273,15.399999618530273,6112,0.0,0.0,0.0
2025-08-18 04:15:00+00:00,15.40999984741211,15.40999984741211,15.40999984741211,15.40999984741211,26078,0.0,0.0,0.0
2025-08-18 04:20:00+00:00,15.40999984741211,15.40999984741211,15.40999984741211,15.40999984741211,3000,0.0,0.0,0.0
2025-08-18 04:25:00+00:00,15.40999984741211,15.40999984741211,15.40999984741211,15.40999984741211,1089,0.0,0.0,0.0
2025-08-18 04:30:00+00:00,15.40999984741211,15.420000076293945,15.40999984741211,15.420000076293945,24505,0.0,0.0,0.0
2025-08-18 04:35:00+00:00,15.420000076293945,15.420000076293945,15.420000076293945,15.420000076293945,6247,0.0,0.0,0.0
2025-08-18 04:40:00+00:00,15.430000305175781,15.430000305175781,15.430000305175781,15.430000305175781,18306,0.0,0.0,0.0
2025-08-18 04:45:00+00:00,15.420000076293945,15.420000076293945,15.420000076293945,15.420000076293945,113354,0.0,0.0,0.0
2025-08-18 04:50:00+00:00,15.420000076293945,15.430000305175781,15.420000076293945,15.430000305175781,7200,0.0,0.0,0.0
2025-08-18 04:55:00+00:00,15.430000305175781,15.430000305175781,15.430000305175781,15.430000305175781,2153,0.0,0.0,0.0
2025-08-18 05:00:00+00:00,15.430000305175781,15.430000305175781,15.430000305175781,15.430000305175781,63000,0.0,0.0,0.0
2025-08-18 05:05:00+00:00,15.430000305175781,15.430000305175781,15.430000305175781,15.430000305175781,7000,0.0,0.0,0.0
2025-08-18 05:10:00+00:00,15.430000305175781,15.430000305175781,15.430000305175781,15.430000305175781,12000,0.0,0.0,0.0
2025-08-18 05:15:00+00:00,15.4399995803833,15.4399995803833,15.4399995803833,15.4399995803833,8142,0.0,0.0,0.0
2025-08-18 05:20:00+00:00,15.430000305175781,15.4399995803833,15.430000305175781,15.4399995803833,13100,0.0,0.0,0.0
2025-08-19 01:00:00+00:00,15.390000343322754,15.390000343322754,15.380000114440918,15.380000114440918,0,0.0,0.0,0.0
2025-08-19 01:05:00+00:00,15.350000381469727,15.350000381469727,15.34000015258789,15.34000015258789,102000,0.0,0.0,0.0
2025-08-19 01:10:00+00:00,15.34000015258789,15.34000015258789,15.319999694824219,15.319999694824219,22390,0.0,0.0,0.0
2025-08-19 01:15:00+00:00,15.300000190734863,15.300000190734863,15.300000190734863,15.300000190734863,1209,0.0,0.0,0.0
2025-08-19 01:20:00+00:00,15.300000190734863,15.300000190734863,15.300000190734863,15.300000190734863,5184,0.0,0.0,0.0
2025-08-19 01:25:00+00:00,15.300000190734863,15.300000190734863,15.300000190734863,15.300000190734863,6030,0.0,0.0,0.0
2025-08-19 01:30:00+00:00,15.329999923706055,15.329999923706055,15.3100004196167,15.319999694824219,14850,0.0,0.0,0.0
2025-08-19 01:45:00+00:00,15.319999694824219,15.319999694824219,15.319999694824219,15.319999694824219,2615,0.0,0.0,0.0
2025-08-19 02:00:00+00:00,15.329999923706055,15.329999923706055,15.329999923706055,15.329999923706055,1200,0.0,0.0,0.0
2025-08-19 02:05:00+00:00,15.319999694824219,15.319999694824219,15.319999694824219,15.319999694824219,4000,0.0,0.0,0.0
2025-08-19 02:10:00+00:00,15.3100004196167,15.319999694824219,15.300000190734863,15.319999694824219,34000,0.0,0.0,0.0
2025-08-19 02:15:00+00:00,15.329999923706055,15.329999923706055,15.329999923706055,15.329999923706055,2440,0.0,0.0,0.0
2025-08-19 02:20:00+00:00,15.329999923706055,15.329999923706055,15.329999923706055,15.329999923706055,1000,0.0,0.0,0.0
2025-08-19 02:25:00+00:00,15.319999694824219,15.319999694824219,15.319999694824219,15.319999694824219,17166,0.0,0.0,0.0
2025-08-19 02:30:00+00:00,15.329999923706055,15.329999923706055,15.329999923706055,15.329999923706055,2272,0.0,0.0,0.0
2025-08-19 02:40:00+00:00,15.329999923706055,15.329999923706055,15.329999923706055,15.329999923706055,2400,0.0,0.0,0.0
2025-08-19 02:45:00+00:00,15.329999923706055,15.329999923706055,15.329999923706055,15.329999923706055,1000,0.0,0.0,0.0
2025-08-19 02:50:00+00:00,15.329999923706055,15.329999923706055,15.329999923706055,15.329999923706055,1000,0.0,0.0,0.0
2025-08-19 03:00:00+00:00,15.329999923706055,15.329999923706055,15.329999923706055,15.329999923706055,3260,0.0,0.0,0.0
2025-08-19 03:10:00+00:00,15.319999694824219,15.319999694824219,15.319999694824219,15.319999694824219,2000,0.0,0.0,0.0
2025-08-19 03:15:00+00:00,15.319999694824219,15.319999694824219,15.3100004196167,15.319999694824219,7920,0.0,0.0,0.0
2025-08-19 03:20:00+00:00,15.319999694824219,15.319999694824219,15.319999694824219,15.319999694824219,1000,0.0,0.0,0.0
2025-08-19 03:30:00+00:00,15.319999694824219,15.319999694824219,15.319999694824219,15.319999694824219,1000,0.0,0.0,0.0
2025-08-19 03:45:00+00:00,15.329999923706055,15.329999923706055,15.329999923706055,15.329999923706055,12000,0.0,0.0,0.0
2025-08-19 03:55:00+00:00,15.34000015258789,15.34000015258789,15.34000015258789,15.34000015258789,100020,0.0,0.0,0.0
2025-08-19 04:00:00+00:00,15.329999923706055,15.329999923706055,15.329999923706055,15.329999923706055,10030,0.0,0.0,0.0
2025-08-19 04:05:00+00:00,15.329999923706055,15.329999923706055,15.329999923706055,15.329999923706055,1040,0.0,0.0,0.0
2025-08-19 04:10:00+00:00,15.329999923706055,15.34000015258789,15.329999923706055,15.34000015258789,7107,0.0,0.0,0.0
2025-08-19 04:25:00+00:00,15.34000015258789,15.350000381469727,15.34000015258789,15.350000381469727,8396,0.0,0.0,0.0
2025-08-19 04:40:00+00:00,15.350000381469727,15.350000381469727,15.350000381469727,15.350000381469727,2000,0.0,0.0,0.0
2025-08-19 05:05:00+00:00,15.34000015258789,15.369999885559082,15.34000015258789,15.369999885559082,1004954,0.0,0.0,0.0
2025-08-19 05:10:00+00:00,15.34000015258789,15.34000015258789,15.34000015258789,15.34000015258789,101032,0.0,0.0,0.0
2025-08-19 05:20:00+00:00,15.329999923706055,15.329999923706055,15.319999694824219,15.319999694824219,502224,0.0,0.0,0.0
2025-08-20 01:00:00+00:00,15.3100004196167,15.319999694824219,15.3100004196167,15.319999694824219,0,0.0,0.0,0.0
2025-08-20 01:05:00+00:00,15.3100004196167,15.3100004196167,15.260000228881836,15.260000228881836,110000,0.0,0.0,0.0
2025-08-20 01:10:00+00:00,15.25,15.25,15.239999771118164,15.239999771118164,14012,0.0,0.0,0.0
2025-08-20 01:15:00+00:00,15.239999771118164,15.239999771118164,15.239999771118164,15.239999771118164,1467,0.0,0.0,0.0
2025-08-20 01:20:00+00:00,15.229999542236328,15.239999771118164,15.210000038146973,15.210000038146973,26454,0.0,0.0,0.0
2025-08-20 01:25:00+00:00,15.199999809265137,15.199999809265137,15.180000305175781,15.180000305175781,32773,0.0,0.0,0.0
2025-08-20 01:30:00+00:00,15.180000305175781,15.180000305175781,15.149999618530273,15.149999618530273,17798,0.0,0.0,0.0
2025-08-20 01:35:00+00:00,15.140000343322754,15.140000343322754,15.140000343322754,15.140000343322754,5499,0.0,0.0,0.0
2025-08-20 01:40:00+00:00,15.140000343322754,15.149999618530273,15.140000343322754,15.149999618530273,5200,0.0,0.0,0.0
2025-08-20 01:50:00+00:00,15.149999618530273,15.149999618530273,15.140000343322754,15.140000343322754,25566,0.0,0.0,0.0
2025-08-20 01:55:00+00:00,15.149999618530273,15.149999618530273,15.149999618530273,15.149999618530273,1160,0.0,0.0,0.0
2025-08-20 02:00:00+00:00,15.15999984741211,15.15999984741211,15.15999984741211,15.15999984741211,8200,0.0,0.0,0.0
2025-08-20 02:05:00+00:00,15.149999618530273,15.149999618530273,15.149999618530273,15.149999618530273,16066,0.0,0.0,0.0
2025-08-20 02:10:00+00:00,15.149999618530273,15.149999618530273,15.149999618530273,15.149999618530273,5010,0.0,0.0,0.0
2025-08-20 02:15:00+00:00,15.15999984741211,15.180000305175781,15.15999984741211,15.180000305175781,6485,0.0,0.0,0.0
2025-08-20 02:25:00+00:00,15.180000305175781,15.180000305175781,15.180000305175781,15.180000305175781,11161,0.0,0.0,0.0
2025-08-20 02:35:00+00:00,15.180000305175781,15.180000305175781,15.180000305175781,15.180000305175781,7454,0.0,0.0,0.0
2025-08-20 02:40:00+00:00,15.180000305175781,15.180000305175781,15.180000305175781,15.180000305175781,6000,0.0,0.0,0.0
2025-08-20 02:45:00+00:00,15.170000076293945,15.170000076293945,15.170000076293945,15.170000076293945,51399,0.0,0.0,0.0
2025-08-20 02:50:00+00:00,15.1899995803833,15.1899995803833,15.1899995803833,15.1899995803833,2182,0.0,0.0,0.0
2025-08-20 03:00:00+00:00,15.180000305175781,15.180000305175781,15.180000305175781,15.180000305175781,1142,0.0,0.0,0.0
2025-08-20 03:15:00+00:00,15.180000305175781,15.180000305175781,15.180000305175781,15.180000305175781,13264,0.0,0.0,0.0
2025-08-20 03:20:00+00:00,15.180000305175781,15.180000305175781,15.180000305175781,15.180000305175781,6000,0.0,0.0,0.0
2025-08-20 03:25:00+00:00,15.180000305175781,15.180000305175781,15.180000305175781,15.180000305175781,10071,0.0,0.0,0.0
2025-08-20 03:30:00+00:00,15.1899995803833,15.199999809265137,15.1899995803833,15.199999809265137,6110,0.0,0.0,0.0
2025-08-20 03:45:00+00:00,15.199999809265137,15.199999809265137,15.1899995803833,15.1899995803833,16000,0.0,0.0,0.0
2025-08-20 03:50:00+00:00,15.1899995803833,15.1899995803833,15.1899995803833,15.1899995803833,2130,0.0,0.0,0.0
2025-08-20 04:10:00+00:00,15.199999809265137,15.199999809265137,15.199999809265137,15.199999809265137,39116,0.0,0.0,0.0
2025-08-20 04:15:00+00:00,15.210000038146973,15.210000038146973,15.210000038146973,15.210000038146973,100100,0.0,0.0,0.0
2025-08-20 04:20:00+00:00,15.199999809265137,15.199999809265137,15.199999809265137,15.199999809265137,2000,0.0,0.0,0.0
2025-08-20 04:25:00+00:00,15.210000038146973,15.210000038146973,15.210000038146973,15.210000038146973,1192,0.0,0.0,0.0
2025-08-20 04:30:00+00:00,15.210000038146973,15.220000267028809,15.210000038146973,15.220000267028809,11000,0.0,0.0,0.0
2025-08-20 04:35:00+00:00,15.220000267028809,15.220000267028809,15.220000267028809,15.220000267028809,1000,0.0,0.0,0.0
2025-08-20 04:40:00+00:00,15.220000267028809,15.229999542236328,15.220000267028809,15.229999542236328,4000,0.0,0.0,0.0
2025-08-20 04:45:00+00:00,15.229999542236328,15.229999542236328,15.229999542236328,15.229999542236328,13097,0.0,0.0,0.0
2025-08-20 04:50:00+00:00,15.229999542236328,15.229999542236328,15.229999542236328,15.229999542236328,5100,0.0,0.0,0.0
2025-08-20 04:55:00+00:00,15.229999542236328,15.229999542236328,15.229999542236328,15.229999542236328,3063,0.0,0.0,0.0
2025-08-20 05:00:00+00:00,15.229999542236328,15.229999542236328,15.220000267028809,15.220000267028809,108233,0.0,0.0,0.0
2025-08-20 05:05:00+00:00,15.220000267028809,15.220000267028809,15.199999809265137,15.199999809265137,91573,0.0,0.0,0.0
2025-08-20 05:10:00+00:00,15.199999809265137,15.199999809265137,15.199999809265137,15.199999809265137,3261,0.0,0.0,0.0
2025-08-20 05:20:00+00:00,15.199999809265137,15.199999809265137,15.1899995803833,15.199999809265137,54803,0.0,0.0,0.0
2025-08-21 01:00:00+00:00,15.239999771118164,15.279999732971191,15.239999771118164,15.279999732971191,0,0.0,0.0,0.0
2025-08-21 01:05:00+00:00,15.279999732971191,15.279999732971191,15.279999732971191,15.279999732971191,1790,0.0,0.0,0.0
2025-08-21 01:10:00+00:00,15.289999961853027,15.289999961853027,15.289999961853027,15.289999961853027,1000,0.0,0.0,0.0
2025-08-21 01:15:00+00:00,15.289999961853027,15.289999961853027,15.279999732971191,15.289999961853027,12010,0.0,0.0,0.0
2025-08-21 01:20:00+00:00,15.279999732971191,15.289999961853027,15.279999732971191,15.289999961853027,14000,0.0,0.0,0.0
2025-08-21 01:25:00+00:00,15.300000190734863,15.300000190734863,15.300000190734863,15.300000190734863,47080,0.0,0.0,0.0
2025-08-21 01:30:00+00:00,15.3100004196167,15.3100004196167,15.3100004196167,15.3100004196167,1000,0.0,0.0,0.0
2025-08-21 01:35:00+00:00,15.3100004196167,15.3100004196167,15.3100004196167,15.3100004196167,5300,0.0,0.0,0.0
2025-08-21 01:45:00+00:00,15.3100004196167,15.319999694824219,15.3100004196167,15.319999694824219,7000,0.0,0.0,0.0
2025-08-21 01:50:00+00:00,15.329999923706055,15.329999923706055,15.329999923706055,15.329999923706055,3100,0.0,0.0,0.0
2025-08-21 01:55:00+00:00,15.329999923706055,15.329999923706055,15.329999923706055,15.329999923706055,20200,0.0,0.0,0.0
2025-08-21 02:00:00+00:00,15.34000015258789,15.34000015258789,15.34000015258789,15.34000015258789,13027,0.0,0.0,0.0
2025-08-21 02:10:00+00:00,15.3100004196167,15.3100004196167,15.3100004196167,15.3100004196167,1010,0.0,0.0,0.0
2025-08-21 02:25:00+00:00,15.3100004196167,15.3100004196167,15.3100004196167,15.3100004196167,1188,0.0,0.0,0.0
2025-08-21 02:30:00+00:00,15.3100004196167,15.319999694824219,15.3100004196167,15.319999694824219,14000,0.0,0.0,0.0
2025-08-21 02:35:00+00:00,15.3100004196167,15.3100004196167,15.3100004196167,15.3100004196167,5100,0.0,0.0,0.0
2025-08-21 02:40:00+00:00,15.300000190734863,15.300000190734863,15.300000190734863,15.300000190734863,102649,0.0,0.0,0.0
2025-08-21 02:45:00+00:00,15.3100004196167,15.319999694824219,15.3100004196167,15.3100004196167,4000,0.0,0.0,0.0
2025-08-21 03:00:00+00:00,15.3100004196167,15.3100004196167,15.3100004196167,15.3100004196167,2000,0.0,0.0,0.0
2025-08-21 03:05:00+00:00,15.3100004196167,15.3100004196167,15.3100004196167,15.3100004196167,16000,0.0,0.0,0.0
2025-08-21 03:10:00+00:00,15.319999694824219,15.319999694824219,15.319999694824219,15.319999694824219,2012,0.0,0.0,0.0
2025-08-21 03:15:00+00:00,15.319999694824219,15.319999694824219,15.319999694824219,15.319999694824219,10020,0.0,0.0,0.0
2025-08-21 03:20:00+00:00,15.3100004196167,15.3100004196167,15.3100004196167,15.3100004196167,51000,0.0,0.0,0.0
2025-08-21 03:30:00+00:00,15.319999694824219,15.319999694824219,15.319999694824219,15.319999694824219,14048,0.0,0.0,0.0
2025-08-21 03:35:00+00:00,15.329999923706055,15.329999923706055,15.329999923706055,15.329999923706055,2000,0.0,0.0,0.0
2025-08-21 03:40:00+00:00,15.329999923706055,15.329999923706055,15.329999923706055,15.329999923706055,2000,0.0,0.0,0.0
2025-08-21 03:45:00+00:00,15.329999923706055,15.329999923706055,15.329999923706055,15.329999923706055,3000,0.0,0.0,0.0
2025-08-21 03:55:00+00:00,15.329999923706055,15.329999923706055,15.329999923706055,15.329999923706055,1000,0.0,0.0,0.0
2025-08-21 04:00:00+00:00,15.329999923706055,15.329999923706055,15.329999923706055,15.329999923706055,5062,0.0,0.0,0.0
2025-08-21 04:05:00+00:00,15.329999923706055,15.329999923706055,15.329999923706055,15.329999923706055,12000,0.0,0.0,0.0
2025-08-21 04:10:00+00:00,15.329999923706055,15.329999923706055,15.329999923706055,15.329999923706055,1000,0.0,0.0,0.0
2025-08-21 04:15:00+00:00,15.329999923706055,15.329999923706055,15.329999923706055,15.329999923706055,14506,0.0,0.0,0.0
2025-08-21 04:25:00+00:00,15.329999923706055,15.329999923706055,15.329999923706055,15.329999923706055,5406,0.0,0.0,0.0
2025-08-21 04:30:00+00:00,15.329999923706055,15.329999923706055,15.329999923706055,15.329999923706055,1000,0.0,0.0,0.0
2025-08-21 04:35:00+00:00,15.329999923706055,15.329999923706055,15.329999923706055,15.329999923706055,11200,0.0,0.0,0.0
2025-08-21 04:40:00+00:00,15.329999923706055,15.329999923706055,15.329999923706055,15.329999923706055,32014,0.0,0.0,0.0
2025-08-21 04:50:00+00:00,15.329999923706055,15.329999923706055,15.329999923706055,15.329999923706055,11000,0.0,0.0,0.0
2025-08-21 04:55:00+00:00,15.329999923706055,15.329999923706055,15.329999923706055,15.329999923706055,15033,0.0,0.0,0.0
2025-08-21 05:05:00+00:00,15.329999923706055,15.329999923706055,15.329999923706055,15.329999923706055,100000,0.0,0.0,0.0
2025-08-21 05:10:00+00:00,15.329999923706055,15.329999923706055,15.329999923706055,15.329999923706055,4200,0.0,0.0,0.0
2025-08-21 05:15:00+00:00,15.329999923706055,15.329999923706055,15.329999923706055,15.329999923706055,3314,0.0,0.0,0.0
2025-08-21 05:20:00+00:00,15.329999923706055,15.329999923706055,15.329999923706055,15.329999923706055,3100,0.0,0.0,0.0
2025-08-22 01:00:00+00:00,15.350000381469727,15.350000381469727,15.329999923706055,15.34000015258789,0,0.0,0.0,0.0
2025-08-22 01:05:00+00:00,15.329999923706055,15.329999923706055,15.260000228881836,15.260000228881836,26330,0.0,0.0,0.0
2025-08-22 01:15:00+00:00,15.300000190734863,15.300000190734863,15.300000190734863,15.300000190734863,2052,0.0,0.0,0.0
2025-08-22 01:20:00+00:00,15.279999732971191,15.279999732971191,15.270000457763672,15.270000457763672,7067,0.0,0.0,0.0
2025-08-22 01:25:00+00:00,15.260000228881836,15.270000457763672,15.260000228881836,15.270000457763672,30000,0.0,0.0,0.0
2025-08-22 01:35:00+00:00,15.300000190734863,15.300000190734863,15.300000190734863,15.300000190734863,2240,0.0,0.0,0.0
2025-08-22 01:45:00+00:00,15.3100004196167,15.3100004196167,15.3100004196167,15.3100004196167,9397,0.0,0.0,0.0
2025-08-22 01:55:00+00:00,15.3100004196167,15.3100004196167,15.3100004196167,15.3100004196167,4160,0.0,0.0,0.0
2025-08-22 02:05:00+00:00,15.3100004196167,15.3100004196167,15.3100004196167,15.3100004196167,19037,0.0,0.0,0.0
2025-08-22 02:10:00+00:00,15.3100004196167,15.3100004196167,15.3100004196167,15.3100004196167,54000,0.0,0.0,0.0
2025-08-22 02:15:00+00:00,15.319999694824219,15.319999694824219,15.319999694824219,15.319999694824219,9000,0.0,0.0,0.0
2025-08-22 02:25:00+00:00,15.319999694824219,15.319999694824219,15.300000190734863,15.300000190734863,33533,0.0,0.0,0.0
2025-08-22 02:35:00+00:00,15.289999961853027,15.289999961853027,15.289999961853027,15.289999961853027,2310,0.0,0.0,0.0
2025-08-22 02:45:00+00:00,15.289999961853027,15.289999961853027,15.289999961853027,15.289999961853027,6000,0.0,0.0,0.0
2025-08-22 02:50:00+00:00,15.289999961853027,15.3100004196167,15.289999961853027,15.3100004196167,30100,0.0,0.0,0.0
2025-08-22 02:55:00+00:00,15.300000190734863,15.300000190734863,15.300000190734863,15.300000190734863,1106,0.0,0.0,0.0
2025-08-22 03:00:00+00:00,15.300000190734863,15.300000190734863,15.300000190734863,15.300000190734863,1200,0.0,0.0,0.0
2025-08-22 03:10:00+00:00,15.300000190734863,15.300000190734863,15.300000190734863,15.300000190734863,5054,0.0,0.0,0.0
2025-08-22 03:15:00+00:00,15.279999732971191,15.279999732971191,15.279999732971191,15.279999732971191,1007,0.0,0.0,0.0
2025-08-22 03:25:00+00:00,15.279999732971191,15.279999732971191,15.279999732971191,15.279999732971191,22357,0.0,0.0,0.0
2025-08-22 03:45:00+00:00,15.279999732971191,15.279999732971191,15.279999732971191,15.279999732971191,2262,0.0,0.0,0.0
2025-08-22 03:55:00+00:00,15.270000457763672,15.270000457763672,15.260000228881836,15.260000228881836,124773,0.0,0.0,0.0
2025-08-22 04:15:00+00:00,15.260000228881836,15.260000228881836,15.260000228881836,15.260000228881836,3250,0.0,0.0,0.0
2025-08-22 04:25:00+00:00,15.260000228881836,15.260000228881836,15.260000228881836,15.260000228881836,20110,0.0,0.0,0.0
2025-08-22 04:30:00+00:00,15.260000228881836,15.260000228881836,15.260000228881836,15.260000228881836,1000,0.0,0.0,0.0
2025-08-22 04:35:00+00:00,15.260000228881836,15.260000228881836,15.260000228881836,15.260000228881836,1000,0.0,0.0,0.0
2025-08-22 04:40:00+00:00,15.270000457763672,15.270000457763672,15.270000457763672,15.270000457763672,1105,0.0,0.0,0.0
2025-08-22 04:55:00+00:00,15.270000457763672,15.270000457763672,15.270000457763672,15.270000457763672,3000,0.0,0.0,0.0
2025-08-22 05:00:00+00:00,15.270000457763672,15.270000457763672,15.270000457763672,15.270000457763672,5000,0.0,0.0,0.0
2025-08-22 05:05:00+00:00,15.270000457763672,15.270000457763672,15.270000457763672,15.270000457763672,25090,0.0,0.0,0.0
2025-08-22 05:15:00+00:00,15.260000228881836,15.260000228881836,15.260000228881836,15.260000228881836,10000,0.0,0.0,0.0
2025-08-22 05:20:00+00:00,15.270000457763672,15.279999732971191,15.270000457763672,15.279999732971191,110662,0.0,0.0,0.0
2025-08-25 01:00:00+00:00,15.380000114440918,15.380000114440918,15.34000015258789,15.359999656677246,0,0.0,0.0,0.0
2025-08-25 01:05:00+00:00,15.329999923706055,15.350000381469727,15.289999961853027,15.3100004196167,226223,0.0,0.0,0.0
2025-08-25 01:10:00+00:00,15.319999694824219,15.319999694824219,15.3100004196167,15.3100004196167,4000,0.0,0.0,0.0
2025-08-25 01:15:00+00:00,15.3100004196167,15.3100004196167,15.3100004196167,15.3100004196167,5000,0.0,0.0,0.0
2025-08-25 01:20:00+00:00,15.3100004196167,15.3100004196167,15.300000190734863,15.300000190734863,9801,0.0,0.0,0.0
2025-08-25 01:25:00+00:00,15.300000190734863,15.319999694824219,15.300000190734863,15.319999694824219,38723,0.0,0.0,0.0
2025-08-25 01:30:00+00:00,15.329999923706055,15.329999923706055,15.319999694824219,15.329999923706055,11822,0.0,0.0,0.0
2025-08-25 01:35:00+00:00,15.34000015258789,15.34000015258789,15.329999923706055,15.329999923706055,13084,0.0,0.0,0.0
2025-08-25 01:40:00+00:00,15.34000015258789,15.34000015258789,15.319999694824219,15.319999694824219,7050,0.0,0.0,0.0
2025-08-25 01:45:00+00:00,15.319999694824219,15.329999923706055,15.319999694824219,15.329999923706055,51113,0.0,0.0,0.0
2025-08-25 01:50:00+00:00,15.319999694824219,15.329999923706055,15.319999694824219,15.319999694824219,9140,0.0,0.0,0.0
2025-08-25 01:55:00+00:00,15.319999694824219,15.329999923706055,15.319999694824219,15.329999923706055,16215,0.0,0.0,0.0
2025-08-25 02:00:00+00:00,15.319999694824219,15.350000381469727,15.319999694824219,15.34000015258789,28200,0.0,0.0,0.0
2025-08-25 02:05:00+00:00,15.350000381469727,15.369999885559082,15.350000381469727,15.369999885559082,20984,0.0,0.0,0.0
2025-08-25 02:10:00+00:00,15.380000114440918,15.390000343322754,15.369999885559082,15.380000114440918,155445,0.0,0.0,0.0
2025-08-25 02:15:00+00:00,15.380000114440918,15.390000343322754,15.380000114440918,15.380000114440918,9402,0.0,0.0,0.0
2025-08-25 02:20:00+00:00,15.380000114440918,15.390000343322754,15.380000114440918,15.390000343322754,7611,0.0,0.0,0.0
2025-08-25 02:25:00+00:00,15.390000343322754,15.399999618530273,15.380000114440918,15.399999618530273,11031,0.0,0.0,0.0
2025-08-25 02:30:00+00:00,15.390000343322754,15.40999984741211,15.390000343322754,15.399999618530273,67441,0.0,0.0,0.0
2025-08-25 02:35:00+00:00,15.40999984741211,15.40999984741211,15.399999618530273,15.399999618530273,12400,0.0,0.0,0.0
2025-08-25 02:40:00+00:00,15.40999984741211,15.40999984741211,15.399999618530273,15.399999618530273,12000,0.0,0.0,0.0
2025-08-25 02:45:00+00:00,15.399999618530273,15.40999984741211,15.390000343322754,15.390000343322754,5000,0.0,0.0,0.0
2025-08-25 02:50:00+00:00,15.390000343322754,15.399999618530273,15.390000343322754,15.390000343322754,6216,0.0,0.0,0.0
2025-08-25 02:55:00+00:00,15.390000343322754,15.390000343322754,15.390000343322754,15.390000343322754,5813,0.0,0.0,0.0
2025-08-25 03:00:00+00:00,15.390000343322754,15.399999618530273,15.390000343322754,15.390000343322754,5000,0.0,0.0,0.0
2025-08-25 03:05:00+00:00,15.399999618530273,15.399999618530273,15.390000343322754,15.390000343322754,140000,0.0,0.0,0.0
2025-08-25 03:10:00+00:00,15.390000343322754,15.390000343322754,15.390000343322754,15.390000343322754,4300,0.0,0.0,0.0
2025-08-25 03:15:00+00:00,15.390000343322754,15.399999618530273,15.380000114440918,15.380000114440918,5800,0.0,0.0,0.0
2025-08-25 03:20:00+00:00,15.390000343322754,15.390000343322754,15.380000114440918,15.380000114440918,4061,0.0,0.0,0.0
2025-08-25 03:25:00+00:00,15.380000114440918,15.390000343322754,15.380000114440918,15.380000114440918,6000,0.0,0.0,0.0
2025-08-25 03:30:00+00:00,15.380000114440918,15.390000343322754,15.380000114440918,15.390000343322754,7018,0.0,0.0,0.0
2025-08-25 03:35:00+00:00,15.390000343322754,15.390000343322754,15.380000114440918,15.380000114440918,14100,0.0,0.0,0.0
2025-08-25 03:40:00+00:00,15.380000114440918,15.380000114440918,15.380000114440918,15.380000114440918,13100,0.0,0.0,0.0
2025-08-25 03:45:00+00:00,15.380000114440918,15.390000343322754,15.380000114440918,15.380000114440918,5000,0.0,0.0,0.0
2025-08-25 03:50:00+00:00,15.380000114440918,15.380000114440918,15.380000114440918,15.380000114440918,3100,0.0,0.0,0.0
2025-08-25 03:55:00+00:00,15.380000114440918,15.380000114440918,15.380000114440918,15.380000114440918,5105,0.0,0.0,0.0
2025-08-25 04:00:00+00:00,15.380000114440918,15.380000114440918,15.380000114440918,15.380000114440918,4720,0.0,0.0,0.0
2025-08-25 04:05:00+00:00,15.390000343322754,15.390000343322754,15.380000114440918,15.380000114440918,14000,0.0,0.0,0.0
2025-08-25 04:10:00+00:00,15.380000114440918,15.380000114440918,15.380000114440918,15.380000114440918,8500,0.0,0.0,0.0
2025-08-25 04:15:00+00:00,15.380000114440918,15.380000114440918,15.380000114440918,15.380000114440918,9000,0.0,0.0,0.0
2025-08-25 04:20:00+00:00,15.390000343322754,15.390000343322754,15.380000114440918,15.380000114440918,6180,0.0,0.0,0.0
2025-08-25 04:25:00+00:00,15.380000114440918,15.390000343322754,15.380000114440918,15.390000343322754,29685,0.0,0.0,0.0
2025-08-25 04:30:00+00:00,15.390000343322754,15.399999618530273,15.380000114440918,15.399999618530273,6257,0.0,0.0,0.0
2025-08-25 04:35:00+00:00,15.380000114440918,15.390000343322754,15.380000114440918,15.390000343322754,4178,0.0,0.0,0.0
2025-08-25 04:40:00+00:00,15.380000114440918,15.380000114440918,15.380000114440918,15.380000114440918,5358,0.0,0.0,0.0
2025-08-25 04:45:00+00:00,15.380000114440918,15.380000114440918,15.380000114440918,15.380000114440918,12461,0.0,0.0,0.0
2025-08-25 04:50:00+00:00,15.380000114440918,15.380000114440918,15.380000114440918,15.380000114440918,13000,0.0,0.0,0.0
2025-08-25 04:55:00+00:00,15.380000114440918,15.380000114440918,15.380000114440918,15.380000114440918,11097,0.0,0.0,0.0
2025-08-25 05:00:00+00:00,15.380000114440918,15.390000343322754,15.380000114440918,15.380000114440918,17000,0.0,0.0,0.0
2025-08-25 05:05:00+00:00,15.380000114440918,15.390000343322754,15.380000114440918,15.390000343322754,13165,0.0,0.0,0.0
2025-08-25 05:10:00+00:00,15.390000343322754,15.390000343322754,15.390000343322754,15.390000343322754,3527,0.0,0.0,0.0
2025-08-25 05:15:00+00:00,15.390000343322754,15.390000343322754,15.380000114440918,15.380000114440918,29661,0.0,0.0,0.0
2025-08-25 05:20:00+00:00,15.380000114440918,15.380000114440918,15.380000114440918,15.380000114440918,7785,0.0,0.0,0.0
2025-08-26 01:00:00+00:00,15.1899995803833,15.239999771118164,15.1899995803833,15.239999771118164,0,0.0,0.0,0.0
2025-08-26 01:05:00+00:00,15.239999771118164,15.239999771118164,15.229999542236328,15.229999542236328,5217,0.0,0.0,0.0
2025-08-26 01:10:00+00:00,15.210000038146973,15.210000038146973,15.199999809265137,15.199999809265137,23992,0.0,0.0,0.0
2025-08-26 01:15:00+00:00,15.1899995803833,15.1899995803833,15.1899995803833,15.1899995803833,3160,0.0,0.0,0.0
2025-08-26 01:20:00+00:00,15.180000305175781,15.180000305175781,15.15999984741211,15.15999984741211,16016,0.0,0.0,0.0
2025-08-26 01:25:00+00:00,15.15999984741211,15.15999984741211,15.140000343322754,15.140000343322754,35452,0.0,0.0,0.0
2025-08-26 01:30:00+00:00,15.140000343322754,15.140000343322754,15.119999885559082,15.119999885559082,309180,0.0,0.0,0.0
2025-08-26 01:35:00+00:00,15.140000343322754,15.140000343322754,15.140000343322754,15.140000343322754,1073,0.0,0.0,0.0
2025-08-26 01:40:00+00:00,15.130000114440918,15.130000114440918,15.130000114440918,15.130000114440918,11457,0.0,0.0,0.0
2025-08-26 01:45:00+00:00,15.130000114440918,15.130000114440918,15.130000114440918,15.130000114440918,6100,0.0,0.0,0.0
2025-08-26 01:50:00+00:00,15.130000114440918,15.130000114440918,15.119999885559082,15.130000114440918,21852,0.0,0.0,0.0
2025-08-26 01:55:00+00:00,15.130000114440918,15.130000114440918,15.119999885559082,15.119999885559082,5156,0.0,0.0,0.0
2025-08-26 02:00:00+00:00,15.119999885559082,15.119999885559082,15.109999656677246,15.109999656677246,129133,0.0,0.0,0.0
2025-08-26 02:05:00+00:00,15.100000381469727,15.100000381469727,15.100000381469727,15.100000381469727,4182,0.0,0.0,0.0
2025-08-26 02:10:00+00:00,15.109999656677246,15.109999656677246,15.109999656677246,15.109999656677246,1025,0.0,0.0,0.0
2025-08-26 02:15:00+00:00,15.109999656677246,15.109999656677246,15.100000381469727,15.100000381469727,5197,0.0,0.0,0.0
2025-08-26 02:25:00+00:00,15.100000381469727,15.100000381469727,15.100000381469727,15.100000381469727,46906,0.0,0.0,0.0
2025-08-26 02:30:00+00:00,15.109999656677246,15.109999656677246,15.109999656677246,15.109999656677246,2200,0.0,0.0,0.0
2025-08-26 02:35:00+00:00,15.100000381469727,15.100000381469727,15.100000381469727,15.100000381469727,6257,0.0,0.0,0.0
2025-08-26 02:40:00+00:00,15.109999656677246,15.109999656677246,15.100000381469727,15.100000381469727,8300,0.0,0.0,0.0
2025-08-26 02:45:00+00:00,15.100000381469727,15.100000381469727,15.100000381469727,15.100000381469727,2383,0.0,0.0,0.0
2025-08-26 02:50:00+00:00,15.09000015258789,15.09000015258789,15.079999923706055,15.079999923706055,31243,0.0,0.0,0.0
2025-08-26 02:55:00+00:00,15.079999923706055,15.079999923706055,15.079999923706055,15.079999923706055,32728,0.0,0.0,0.0
2025-08-26 03:10:00+00:00,15.100000381469727,15.100000381469727,15.100000381469727,15.100000381469727,1218,0.0,0.0,0.0
2025-08-26 03:15:00+00:00,15.09000015258789,15.09000015258789,15.09000015258789,15.09000015258789,4380,0.0,0.0,0.0
2025-08-26 03:20:00+00:00,15.09000015258789,15.09000015258789,15.09000015258789,15.09000015258789,3470,0.0,0.0,0.0
2025-08-26 03:25:00+00:00,15.079999923706055,15.079999923706055,15.079999923706055,15.079999923706055,48421,0.0,0.0,0.0
2025-08-26 03:35:00+00:00,15.079999923706055,15.079999923706055,15.079999923706055,15.079999923706055,10057,0.0,0.0,0.0
2025-08-26 03:40:00+00:00,15.079999923706055,15.079999923706055,15.079999923706055,15.079999923706055,10000,0.0,0.0,0.0
2025-08-26 03:45:00+00:00,15.079999923706055,15.079999923706055,15.069999694824219,15.079999923706055,5210,0.0,0.0,0.0
2025-08-26 03:50:00+00:00,15.069999694824219,15.069999694824219,15.069999694824219,15.069999694824219,27042,0.0,0.0,0.0
2025-08-26 03:55:00+00:00,15.069999694824219,15.069999694824219,15.069999694824219,15.069999694824219,10582,0.0,0.0,0.0
2025-08-26 04:00:00+00:00,15.069999694824219,15.069999694824219,15.069999694824219,15.069999694824219,6143,0.0,0.0,0.0
2025-08-26 04:05:00+00:00,15.069999694824219,15.069999694824219,15.0600004196167,15.0600004196167,12359,0.0,0.0,0.0
2025-08-26 04:10:00+00:00,15.0600004196167,15.079999923706055,15.0600004196167,15.079999923706055,8027,0.0,0.0,0.0
2025-08-26 04:15:00+00:00,15.079999923706055,15.079999923706055,15.079999923706055,15.079999923706055,9087,0.0,0.0,0.0
2025-08-26 04:20:00+00:00,15.079999923706055,15.079999923706055,15.079999923706055,15.079999923706055,2172,0.0,0.0,0.0
2025-08-26 04:25:00+00:00,15.069999694824219,15.079999923706055,15.069999694824219,15.079999923706055,3428,0.0,0.0,0.0
2025-08-26 04:30:00+00:00,15.079999923706055,15.079999923706055,15.079999923706055,15.079999923706055,2415,0.0,0.0,0.0
2025-08-26 04:35:00+00:00,15.079999923706055,15.079999923706055,15.079999923706055,15.079999923706055,5257,0.0,0.0,0.0
2025-08-26 04:45:00+00:00,15.079999923706055,15.079999923706055,15.079999923706055,15.079999923706055,3327,0.0,0.0,0.0
2025-08-26 04:50:00+00:00,15.079999923706055,15.079999923706055,15.069999694824219,15.069999694824219,16168,0.0,0.0,0.0
2025-08-26 04:55:00+00:00,15.069999694824219,15.079999923706055,15.069999694824219,15.079999923706055,6493,0.0,0.0,0.0
2025-08-26 05:00:00+00:00,15.079999923706055,15.079999923706055,15.079999923706055,15.079999923706055,2000,0.0,0.0,0.0
2025-08-26 05:05:00+00:00,15.079999923706055,15.079999923706055,15.079999923706055,15.079999923706055,4239,0.0,0.0,0.0
2025-08-26 05:10:00+00:00,15.079999923706055,15.079999923706055,15.079999923706055,15.079999923706055,1403,0.0,0.0,0.0
2025-08-26 05:15:00+00:00,15.069999694824219,15.069999694824219,15.069999694824219,15.069999694824219,8000,0.0,0.0,0.0
2025-08-26 05:20:00+00:00,15.069999694824219,15.069999694824219,15.0600004196167,15.0600004196167,14137,0.0,0.0,0.0
2025-08-27 01:00:00+00:00,15.069999694824219,15.09000015258789,15.069999694824219,15.09000015258789,0,0.0,0.0,0.0
2025-08-27 01:05:00+00:00,15.09000015258789,15.09000015258789,15.09000015258789,15.09000015258789,1536,0.0,0.0,0.0
2025-08-27 01:10:00+00:00,15.09000015258789,15.100000381469727,15.09000015258789,15.09000015258789,21064,0.0,0.0,0.0
2025-08-27 01:15:00+00:00,15.100000381469727,15.109999656677246,15.100000381469727,15.109999656677246,124000,0.0,0.0,0.0
2025-08-27 01:20:00+00:00,15.109999656677246,15.119999885559082,15.109999656677246,15.119999885559082,26242,0.0,0.0,0.0
2025-08-27 01:30:00+00:00,15.109999656677246,15.109999656677246,15.109999656677246,15.109999656677246,32001,0.0,0.0,0.0
2025-08-27 01:35:00+00:00,15.109999656677246,15.130000114440918,15.109999656677246,15.130000114440918,55136,0.0,0.0,0.0
2025-08-27 01:40:00+00:00,15.140000343322754,15.140000343322754,15.130000114440918,15.140000343322754,18474,0.0,0.0,0.0
2025-08-27 01:45:00+00:00,15.140000343322754,15.140000343322754,15.130000114440918,15.130000114440918,8516,0.0,0.0,0.0
2025-08-27 01:50:00+00:00,15.130000114440918,15.130000114440918,15.130000114440918,15.130000114440918,2000,0.0,0.0,0.0
2025-08-27 01:55:00+00:00,15.130000114440918,15.130000114440918,15.130000114440918,15.130000114440918,16184,0.0,0.0,0.0
2025-08-27 02:05:00+00:00,15.130000114440918,15.130000114440918,15.130000114440918,15.130000114440918,4000,0.0,0.0,0.0
2025-08-27 02:10:00+00:00,15.130000114440918,15.130000114440918,15.130000114440918,15.130000114440918,3000,0.0,0.0,0.0
2025-08-27 02:20:00+00:00,15.130000114440918,15.130000114440918,15.130000114440918,15.130000114440918,16000,0.0,0.0,0.0
2025-08-27 02:25:00+00:00,15.130000114440918,15.130000114440918,15.130000114440918,15.130000114440918,1081,0.0,0.0,0.0
2025-08-27 02:30:00+00:00,15.130000114440918,15.130000114440918,15.130000114440918,15.130000114440918,2000,0.0,0.0,0.0
2025-08-27 02:35:00+00:00,15.140000343322754,15.140000343322754,15.130000114440918,15.130000114440918,22037,0.0,0.0,0.0
2025-08-27 02:50:00+00:00,15.130000114440918,15.140000343322754,15.130000114440918,15.140000343322754,81000,0.0,0.0,0.0
2025-08-27 03:00:00+00:00,15.130000114440918,15.130000114440918,15.130000114440918,15.130000114440918,10000,0.0,0.0,0.0
2025-08-27 03:05:00+00:00,15.130000114440918,15.130000114440918,15.130000114440918,15.130000114440918,5000,0.0,0.0,0.0
2025-08-27 03:10:00+00:00,15.130000114440918,15.130000114440918,15.130000114440918,15.130000114440918,4000,0.0,0.0,0.0
2025-08-27 03:15:00+00:00,15.130000114440918,15.130000114440918,15.130000114440918,15.130000114440918,4176,0.0,0.0,0.0
2025-08-27 03:20:00+00:00,15.130000114440918,15.130000114440918,15.130000114440918,15.130000114440918,7000,0.0,0.0,0.0
2025-08-27 03:25:00+00:00,15.119999885559082,15.119999885559082,15.109999656677246,15.109999656677246,13019,0.0,0.0,0.0
2025-08-27 03:30:00+00:00,15.109999656677246,15.109999656677246,15.100000381469727,15.100000381469727,3549,0.0,0.0,0.0
2025-08-27 03:45:00+00:00,15.100000381469727,15.109999656677246,15.100000381469727,15.100000381469727,361000,0.0,0.0,0.0
2025-08-27 03:55:00+00:00,15.100000381469727,15.100000381469727,15.100000381469727,15.100000381469727,1000,0.0,0.0,0.0
2025-08-27 04:05:00+00:00,15.100000381469727,15.100000381469727,15.100000381469727,15.100000381469727,1000,0.0,0.0,0.0
2025-08-27 04:10:00+00:00,15.109999656677246,15.109999656677246,15.109999656677246,15.109999656677246,1000,0.0,0.0,0.0
2025-08-27 04:15:00+00:00,15.100000381469727,15.100000381469727,15.09000015258789,15.09000015258789,7183,0.0,0.0,0.0
2025-08-27 04:20:00+00:00,15.09000015258789,15.09000015258789,15.09000015258789,15.09000015258789,8787,0.0,0.0,0.0
2025-08-27 04:25:00+00:00,15.079999923706055,15.079999923706055,15.079999923706055,15.079999923706055,25000,0.0,0.0,0.0
2025-08-27 04:30:00+00:00,15.079999923706055,15.079999923706055,15.069999694824219,15.069999694824219,35170,0.0,0.0,0.0
2025-08-27 04:35:00+00:00,15.069999694824219,15.069999694824219,15.069999694824219,15.069999694824219,4000,0.0,0.0,0.0
2025-08-27 04:40:00+00:00,15.069999694824219,15.069999694824219,15.069999694824219,15.069999694824219,8000,0.0,0.0,0.0
2025-08-27 04:45:00+00:00,15.079999923706055,15.079999923706055,15.069999694824219,15.069999694824219,8000,0.0,0.0,0.0
2025-08-27 04:50:00+00:00,15.079999923706055,15.079999923706055,15.079999923706055,15.079999923706055,19000,0.0,0.0,0.0
2025-08-27 04:55:00+00:00,15.079999923706055,15.09000015258789,15.079999923706055,15.09000015258789,8250,0.0,0.0,0.0
2025-08-27 05:10:00+00:00,15.09000015258789,15.09000015258789,15.09000015258789,15.09000015258789,2010,0.0,0.0,0.0
2025-08-27 05:20:00+00:00,15.09000015258789,15.09000015258789,15.09000015258789,15.09000015258789,43473,0.0,0.0,0.0
2025-08-28 01:00:00+00:00,15.039999961853027,15.050000190734863,15.039999961853027,15.050000190734863,0,0.0,0.0,0.0
2025-08-28 01:05:00+00:00,15.069999694824219,15.079999923706055,15.069999694824219,15.079999923706055,18839,0.0,0.0,0.0
2025-08-28 01:10:00+00:00,15.109999656677246,15.109999656677246,15.109999656677246,15.109999656677246,1630,0.0,0.0,0.0
2025-08-28 01:15:00+00:00,15.130000114440918,15.130000114440918,15.130000114440918,15.130000114440918,35037,0.0,0.0,0.0
2025-08-28 01:20:00+00:00,15.130000114440918,15.140000343322754,15.130000114440918,15.140000343322754,53471,0.0,0.0,0.0
2025-08-28 01:25:00+00:00,15.149999618530273,15.15999984741211,15.149999618530273,15.15999984741211,129071,0.0,0.0,0.0
2025-08-28 01:30:00+00:00,15.15999984741211,15.170000076293945,15.149999618530273,15.149999618530273,8080,0.0,0.0,0.0
2025-08-28 01:35:00+00:00,15.149999618530273,15.15999984741211,15.149999618530273,15.15999984741211,8052,0.0,0.0,0.0
2025-08-28 01:40:00+00:00,15.149999618530273,15.149999618530273,15.149999618530273,15.149999618530273,110000,0.0,0.0,0.0
2025-08-28 01:45:00+00:00,15.149999618530273,15.149999618530273,15.149999618530273,15.149999618530273,201627,0.0,0.0,0.0
2025-08-28 01:55:00+00:00,15.149999618530273,15.149999618530273,15.149999618530273,15.149999618530273,4174,0.0,0.0,0.0
2025-08-28 02:05:00+00:00,15.140000343322754,15.140000343322754,15.130000114440918,15.130000114440918,25038,0.0,0.0,0.0
2025-08-28 02:10:00+00:00,15.140000343322754,15.140000343322754,15.140000343322754,15.140000343322754,26052,0.0,0.0,0.0
2025-08-28 02:15:00+00:00,15.119999885559082,15.119999885559082,15.119999885559082,15.119999885559082,1271,0.0,0.0,0.0
2025-08-28 02:20:00+00:00,15.119999885559082,15.119999885559082,15.119999885559082,15.119999885559082,2038,0.0,0.0,0.0
2025-08-28 02:30:00+00:00,15.119999885559082,15.119999885559082,15.119999885559082,15.119999885559082,4166,0.0,0.0,0.0
2025-08-28 02:35:00+00:00,15.119999885559082,15.119999885559082,15.109999656677246,15.109999656677246,10124,0.0,0.0,0.0
2025-08-28 02:45:00+00:00,15.109999656677246,15.109999656677246,15.109999656677246,15.109999656677246,12000,0.0,0.0,0.0
2025-08-28 02:50:00+00:00,15.109999656677246,15.109999656677246,15.100000381469727,15.100000381469727,40052,0.0,0.0,0.0
2025-08-28 02:55:00+00:00,15.100000381469727,15.109999656677246,15.100000381469727,15.109999656677246,2100,0.0,0.0,0.0
2025-08-28 03:00:00+00:00,15.109999656677246,15.119999885559082,15.109999656677246,15.119999885559082,20080,0.0,0.0,0.0
2025-08-28 03:05:00+00:00,15.119999885559082,15.130000114440918,15.119999885559082,15.130000114440918,11258,0.0,0.0,0.0
2025-08-28 03:10:00+00:00,15.140000343322754,15.140000343322754,15.140000343322754,15.140000343322754,2062,0.0,0.0,0.0
2025-08-28 03:25:00+00:00,15.140000343322754,15.140000343322754,15.140000343322754,15.140000343322754,4148,0.0,0.0,0.0
2025-08-28 03:40:00+00:00,15.130000114440918,15.130000114440918,15.130000114440918,15.130000114440918,2052,0.0,0.0,0.0
2025-08-28 03:45:00+00:00,15.130000114440918,15.130000114440918,15.119999885559082,15.119999885559082,7000,0.0,0.0,0.0
2025-08-28 03:50:00+00:00,15.109999656677246,15.109999656677246,15.109999656677246,15.109999656677246,1000,0.0,0.0,0.0
2025-08-28 04:00:00+00:00,15.100000381469727,15.100000381469727,15.09000015258789,15.09000015258789,104098,0.0,0.0,0.0
2025-08-28 04:05:00+00:00,15.079999923706055,15.079999923706055,15.069999694824219,15.069999694824219,310960,0.0,0.0,0.0
2025-08-28 04:10:00+00:00,15.0600004196167,15.0600004196167,15.0600004196167,15.0600004196167,5100,0.0,0.0,0.0
2025-08-28 04:15:00+00:00,15.0600004196167,15.069999694824219,15.0600004196167,15.069999694824219,13085,0.0,0.0,0.0
2025-08-28 04:25:00+00:00,15.079999923706055,15.100000381469727,15.079999923706055,15.100000381469727,168078,0.0,0.0,0.0
2025-08-28 04:30:00+00:00,15.079999923706055,15.079999923706055,15.079999923706055,15.079999923706055,4000,0.0,0.0,0.0
2025-08-28 04:35:00+00:00,15.079999923706055,15.079999923706055,15.079999923706055,15.079999923706055,1150,0.0,0.0,0.0
2025-08-28 04:40:00+00:00,15.09000015258789,15.09000015258789,15.09000015258789,15.09000015258789,1175,0.0,0.0,0.0
2025-08-28 04:55:00+00:00,15.09000015258789,15.09000015258789,15.09000015258789,15.09000015258789,1000,0.0,0.0,0.0
2025-08-28 05:00:00+00:00,15.100000381469727,15.100000381469727,15.100000381469727,15.100000381469727,6153,0.0,0.0,0.0
2025-08-28 05:10:00+00:00,15.100000381469727,15.100000381469727,15.100000381469727,15.100000381469727,7034,0.0,0.0,0.0
2025-08-28 05:15:00+00:00,15.100000381469727,15.100000381469727,15.100000381469727,15.100000381469727,7372,0.0,0.0,0.0
2025-08-29 01:00:00+00:00,15.079999923706055,15.09000015258789,15.079999923706055,15.09000015258789,0,0.0,0.0,0.0
2025-08-29 01:05:00+00:00,15.079999923706055,15.079999923706055,15.079999923706055,15.079999923706055,14689,0.0,0.0,0.0
2025-08-29 01:10:00+00:00,15.069999694824219,15.079999923706055,15.069999694824219,15.079999923706055,125991,0.0,0.0,0.0
2025-08-29 01:15:00+00:00,15.079999923706055,15.079999923706055,15.079999923706055,15.079999923706055,4000,0.0,0.0,0.0
2025-08-29 01:20:00+00:00,15.069999694824219,15.069999694824219,15.069999694824219,15.069999694824219,9500,0.0,0.0,0.0
2025-08-29 01:25:00+00:00,15.069999694824219,15.069999694824219,15.0600004196167,15.0600004196167,17000,0.0,0.0,0.0
2025-08-29 01:30:00+00:00,15.069999694824219,15.069999694824219,15.050000190734863,15.050000190734863,113300,0.0,0.0,0.0
2025-08-29 01:35:00+00:00,15.050000190734863,15.050000190734863,15.050000190734863,15.050000190734863,10000,0.0,0.0,0.0
2025-08-29 01:40:00+00:00,15.050000190734863,15.050000190734863,15.050000190734863,15.050000190734863,4365,0.0,0.0,0.0
2025-08-29 01:45:00+00:00,15.050000190734863,15.050000190734863,15.050000190734863,15.050000190734863,1280,0.0,0.0,0.0
2025-08-29 01:50:00+00:00,15.039999961853027,15.050000190734863,15.039999961853027,15.050000190734863,8000,0.0,0.0,0.0
2025-08-29 01:55:00+00:00,15.050000190734863,15.050000190734863,15.039999961853027,15.039999961853027,112601,0.0,0.0,0.0
2025-08-29 02:00:00+00:00,15.0600004196167,15.0600004196167,15.0600004196167,15.0600004196167,1149,0.0,0.0,0.0
2025-08-29 02:10:00+00:00,15.039999961853027,15.039999961853027,15.039999961853027,15.039999961853027,12015,0.0,0.0,0.0
2025-08-29 02:15:00+00:00,15.039999961853027,15.039999961853027,15.039999961853027,15.039999961853027,8100,0.0,0.0,0.0
2025-08-29 02:20:00+00:00,15.029999732971191,15.029999732971191,15.029999732971191,15.029999732971191,16612,0.0,0.0,0.0
2025-08-29 02:25:00+00:00,15.029999732971191,15.029999732971191,15.029999732971191,15.029999732971191,7030,0.0,0.0,0.0
2025-08-29 02:30:00+00:00,15.029999732971191,15.029999732971191,15.020000457763672,15.020000457763672,4100,0.0,0.0,0.0
2025-08-29 02:35:00+00:00,15.020000457763672,15.029999732971191,15.010000228881836,15.029999732971191,19669,0.0,0.0,0.0
2025-08-29 02:45:00+00:00,15.029999732971191,15.029999732971191,15.029999732971191,15.029999732971191,3700,0.0,0.0,0.0
2025-08-29 02:50:00+00:00,15.029999732971191,15.029999732971191,15.029999732971191,15.029999732971191,2000,0.0,0.0,0.0
2025-08-29 02:55:00+00:00,15.010000228881836,15.010000228881836,15.010000228881836,15.010000228881836,5100,0.0,0.0,0.0
2025-08-29 03:00:00+00:00,15.029999732971191,15.029999732971191,15.029999732971191,15.029999732971191,17000,0.0,0.0,0.0
2025-08-29 03:05:00+00:00,15.039999961853027,15.039999961853027,15.039999961853027,15.039999961853027,2168,0.0,0.0,0.0
2025-08-29 03:15:00+00:00,15.029999732971191,15.029999732971191,15.029999732971191,15.029999732971191,2958,0.0,0.0,0.0
2025-08-29 03:20:00+00:00,15.020000457763672,15.020000457763672,15.020000457763672,15.020000457763672,1193,0.0,0.0,0.0
2025-08-29 03:30:00+00:00,15.020000457763672,15.020000457763672,15.020000457763672,15.020000457763672,4065,0.0,0.0,0.0
2025-08-29 03:35:00+00:00,15.020000457763672,15.029999732971191,15.010000228881836,15.010000228881836,42648,0.0,0.0,0.0
2025-08-29 03:50:00+00:00,15.010000228881836,15.010000228881836,15.010000228881836,15.010000228881836,1000,0.0,0.0,0.0
2025-08-29 03:55:00+00:00,15.010000228881836,15.010000228881836,15.010000228881836,15.010000228881836,42240,0.0,0.0,0.0
2025-08-29 04:05:00+00:00,15.010000228881836,15.010000228881836,15.010000228881836,15.010000228881836,3000,0.0,0.0,0.0
2025-08-29 04:10:00+00:00,15.020000457763672,15.020000457763672,15.020000457763672,15.020000457763672,1345,0.0,0.0,0.0
2025-08-29 04:20:00+00:00,15.010000228881836,15.010000228881836,14.989999771118164,14.989999771118164,222034,0.0,0.0,0.0
2025-08-29 04:40:00+00:00,15.0,15.010000228881836,14.989999771118164,15.010000228881836,3102,0.0,0.0,0.0
2025-08-29 04:50:00+00:00,15.010000228881836,15.010000228881836,15.010000228881836,15.010000228881836,15590,0.0,0.0,0.0
2025-08-29 05:10:00+00:00,15.010000228881836,15.010000228881836,15.0,15.0,5399,0.0,0.0,0.0
2025-08-29 05:15:00+00:00,15.0,15.0,15.0,15.0,1103,0.0,0.0,0.0
2025-09-01 01:00:00+00:00,15.0,15.020000457763672,15.0,15.020000457763672,0,0.0,0.0,0.0
2025-09-01 01:10:00+00:00,15.029999732971191,15.050000190734863,15.029999732971191,15.050000190734863,4000,0.0,0.0,0.0
2025-09-01 01:15:00+00:00,15.050000190734863,15.0600004196167,15.050000190734863,15.0600004196167,18993,0.0,0.0,0.0
2025-09-01 01:20:00+00:00,15.069999694824219,15.069999694824219,15.069999694824219,15.069999694824219,6300,0.0,0.0,0.0
2025-09-01 01:25:00+00:00,15.069999694824219,15.069999694824219,15.069999694824219,15.069999694824219,6096,0.0,0.0,0.0
2025-09-01 01:30:00+00:00,15.069999694824219,15.079999923706055,15.069999694824219,15.079999923706055,18000,0.0,0.0,0.0
2025-09-01 01:35:00+00:00,15.09000015258789,15.09000015258789,15.09000015258789,15.09000015258789,3330,0.0,0.0,0.0
2025-09-01 01:40:00+00:00,15.069999694824219,15.069999694824219,15.069999694824219,15.069999694824219,4234,0.0,0.0,0.0
2025-09-01 01:50:00+00:00,15.0600004196167,15.0600004196167,15.039999961853027,15.039999961853027,6150,0.0,0.0,0.0
2025-09-01 01:55:00+00:00,15.039999961853027,15.039999961853027,15.039999961853027,15.039999961853027,5560,0.0,0.0,0.0
2025-09-01 02:00:00+00:00,15.050000190734863,15.050000190734863,15.050000190734863,15.050000190734863,1600,0.0,0.0,0.0
2025-09-01 02:05:00+00:00,15.050000190734863,15.050000190734863,15.050000190734863,15.050000190734863,10000,0.0,0.0,0.0
2025-09-01 02:10:00+00:00,15.039999961853027,15.039999961853027,15.0,15.0,11933,0.0,0.0,0.0
2025-09-01 02:15:00+00:00,14.989999771118164,14.989999771118164,14.970000267028809,14.970000267028809,107178,0.0,0.0,0.0
2025-09-01 02:20:00+00:00,14.949999809265137,14.949999809265137,14.920000076293945,14.920000076293945,14962,0.0,0.0,0.0
2025-09-01 02:25:00+00:00,14.920000076293945,14.930000305175781,14.920000076293945,14.930000305175781,11516,0.0,0.0,0.0
2025-09-01 02:35:00+00:00,14.949999809265137,14.949999809265137,14.9399995803833,14.9399995803833,63900,0.0,0.0,0.0
2025-09-01 02:45:00+00:00,14.9399995803833,14.9399995803833,14.9399995803833,14.9399995803833,5028,0.0,0.0,0.0
2025-09-01 02:50:00+00:00,14.930000305175781,14.930000305175781,14.920000076293945,14.920000076293945,20661,0.0,0.0,0.0
2025-09-01 02:55:00+00:00,14.920000076293945,14.920000076293945,14.920000076293945,14.920000076293945,7217,0.0,0.0,0.0
2025-09-01 03:10:00+00:00,14.930000305175781,14.930000305175781,14.930000305175781,14.930000305175781,100000,0.0,0.0,0.0
2025-09-01 03:15:00+00:00,14.930000305175781,14.930000305175781,14.930000305175781,14.930000305175781,11230,0.0,0.0,0.0
2025-09-01 03:25:00+00:00,14.930000305175781,14.930000305175781,14.930000305175781,14.930000305175781,4000,0.0,0.0,0.0
2025-09-01 03:30:00+00:00,14.930000305175781,14.930000305175781,14.930000305175781,14.930000305175781,101194,0.0,0.0,0.0
2025-09-01 03:50:00+00:00,14.930000305175781,14.930000305175781,14.930000305175781,14.930000305175781,6109,0.0,0.0,0.0
2025-09-01 04:05:00+00:00,14.9399995803833,14.9399995803833,14.9399995803833,14.9399995803833,2440,0.0,0.0,0.0
2025-09-01 04:10:00+00:00,14.930000305175781,14.930000305175781,14.930000305175781,14.930000305175781,5190,0.0,0.0,0.0
2025-09-01 04:20:00+00:00,14.930000305175781,14.930000305175781,14.930000305175781,14.930000305175781,1400,0.0,0.0,0.0
2025-09-01 04:25:00+00:00,14.930000305175781,14.930000305175781,14.930000305175781,14.930000305175781,11325,0.0,0.0,0.0
2025-09-01 04:30:00+00:00,14.930000305175781,14.930000305175781,14.930000305175781,14.930000305175781,1020,0.0,0.0,0.0
2025-09-01 04:40:00+00:00,14.930000305175781,14.930000305175781,14.920000076293945,14.930000305175781,12100,0.0,0.0,0.0
2025-09-01 04:45:00+00:00,14.930000305175781,14.930000305175781,14.930000305175781,14.930000305175781,6410,0.0,0.0,0.0
2025-09-01 04:50:00+00:00,14.930000305175781,14.930000305175781,14.930000305175781,14.930000305175781,3000,0.0,0.0,0.0
2025-09-01 04:55:00+00:00,14.930000305175781,14.930000305175781,14.920000076293945,14.920000076293945,11050,0.0,0.0,0.0
2025-09-01 05:00:00+00:00,14.920000076293945,14.920000076293945,14.920000076293945,14.920000076293945,2089,0.0,0.0,0.0
2025-09-01 05:05:00+00:00,14.930000305175781,14.930000305175781,14.930000305175781,14.930000305175781,5551,0.0,0.0,0.0
2025-09-01 05:15:00+00:00,14.9399995803833,14.9399995803833,14.9399995803833,14.9399995803833,10245,0.0,0.0,0.0
2025-09-02 01:00:00+00:00,14.949999809265137,14.949999809265137,14.949999809265137,14.949999809265137,0,0.0,0.0,0.0
2025-09-02 01:05:00+00:00,14.970000267028809,14.989999771118164,14.970000267028809,14.989999771118164,10811,0.0,0.0,0.0
2025-09-02 01:10:00+00:00,14.989999771118164,14.989999771118164,14.989999771118164,14.989999771118164,9054,0.0,0.0,0.0
2025-09-02 01:15:00+00:00,14.979999542236328,14.979999542236328,14.979999542236328,14.979999542236328,22000,0.0,0.0,0.0
2025-09-02 01:20:00+00:00,14.979999542236328,14.989999771118164,14.979999542236328,14.989999771118164,7559,0.0,0.0,0.0
2025-09-02 01:25:00+00:00,14.989999771118164,14.989999771118164,14.989999771118164,14.989999771118164,10000,0.0,0.0,0.0
2025-09-02 01:35:00+00:00,14.989999771118164,14.989999771118164,14.989999771118164,14.989999771118164,3415,0.0,0.0,0.0
2025-09-02 01:40:00+00:00,14.989999771118164,14.989999771118164,14.989999771118164,14.989999771118164,5260,0.0,0.0,0.0
2025-09-02 01:45:00+00:00,14.989999771118164,14.989999771118164,14.989999771118164,14.989999771118164,5053,0.0,0.0,0.0
2025-09-02 01:50:00+00:00,14.979999542236328,14.979999542236328,14.979999542236328,14.979999542236328,11000,0.0,0.0,0.0
2025-09-02 01:55:00+00:00,14.970000267028809,14.970000267028809,14.960000038146973,14.960000038146973,104633,0.0,0.0,0.0
2025-09-02 02:00:00+00:00,14.949999809265137,14.949999809265137,14.9399995803833,14.9399995803833,6000,0.0,0.0,0.0
2025-09-02 02:05:00+00:00,14.9399995803833,14.960000038146973,14.9399995803833,14.960000038146973,14116,0.0,0.0,0.0
2025-09-02 02:10:00+00:00,14.970000267028809,14.970000267028809,14.970000267028809,14.970000267028809,3278,0.0,0.0,0.0
2025-09-02 02:35:00+00:00,14.949999809265137,14.949999809265137,14.949999809265137,14.949999809265137,8017,0.0,0.0,0.0
2025-09-02 02:40:00+00:00,14.949999809265137,14.949999809265137,14.949999809265137,14.949999809265137,1700,0.0,0.0,0.0
2025-09-02 02:45:00+00:00,14.9399995803833,14.9399995803833,14.930000305175781,14.930000305175781,8996,0.0,0.0,0.0
2025-09-02 02:50:00+00:00,14.930000305175781,14.930000305175781,14.930000305175781,14.930000305175781,1050,0.0,0.0,0.0
2025-09-02 02:55:00+00:00,14.920000076293945,14.920000076293945,14.90999984741211,14.90999984741211,7543,0.0,0.0,0.0
2025-09-02 03:00:00+00:00,14.90999984741211,14.90999984741211,14.90999984741211,14.90999984741211,3261,0.0,0.0,0.0
2025-09-02 03:05:00+00:00,14.899999618530273,14.899999618530273,14.899999618530273,14.899999618530273,15237,0.0,0.0,0.0
2025-09-02 03:10:00+00:00,14.899999618530273,14.899999618530273,14.899999618530273,14.899999618530273,1012,0.0,0.0,0.0
2025-09-02 03:15:00+00:00,14.899999618530273,14.899999618530273,14.899999618530273,14.899999618530273,101150,0.0,0.0,0.0
2025-09-02 03:20:00+00:00,14.899999618530273,14.899999618530273,14.899999618530273,14.899999618530273,22000,0.0,0.0,0.0
2025-09-02 03:25:00+00:00,14.90999984741211,14.90999984741211,14.90999984741211,14.90999984741211,19783,0.0,0.0,0.0
2025-09-02 03:30:00+00:00,14.90999984741211,14.90999984741211,14.90999984741211,14.90999984741211,2013,0.0,0.0,0.0
2025-09-02 03:35:00+00:00,14.90999984741211,14.90999984741211,14.90999984741211,14.90999984741211,4510,0.0,0.0,0.0
2025-09-02 03:55:00+00:00,14.9399995803833,14.9399995803833,14.9399995803833,14.9399995803833,3130,0.0,0.0,0.0
2025-09-02 04:00:00+00:00,14.9399995803833,14.9399995803833,14.9399995803833,14.9399995803833,1350,0.0,0.0,0.0
2025-09-02 04:05:00+00:00,14.9399995803833,14.9399995803833,14.9399995803833,14.9399995803833,2100,0.0,0.0,0.0
2025-09-02 04:10:00+00:00,14.9399995803833,14.9399995803833,14.9399995803833,14.9399995803833,3479,0.0,0.0,0.0
2025-09-02 04:15:00+00:00,14.9399995803833,14.9399995803833,14.9399995803833,14.9399995803833,4000,0.0,0.0,0.0
2025-09-02 04:20:00+00:00,14.949999809265137,14.949999809265137,14.949999809265137,14.949999809265137,4100,0.0,0.0,0.0
2025-09-02 04:30:00+00:00,14.949999809265137,14.949999809265137,14.949999809265137,14.949999809265137,5057,0.0,0.0,0.0
2025-09-02 04:45:00+00:00,14.960000038146973,14.960000038146973,14.960000038146973,14.960000038146973,6000,0.0,0.0,0.0
2025-09-02 04:50:00+00:00,14.970000267028809,14.970000267028809,14.970000267028809,14.970000267028809,2000,0.0,0.0,0.0
2025-09-02 04:55:00+00:00,14.970000267028809,14.970000267028809,14.970000267028809,14.970000267028809,1000,0.0,0.0,0.0
2025-09-02 05:00:00+00:00,14.970000267028809,14.970000267028809,14.970000267028809,14.970000267028809,1000,0.0,0.0,0.0
2025-09-02 05:05:00+00:00,14.960000038146973,14.960000038146973,14.960000038146973,14.960000038146973,1501,0.0,0.0,0.0
2025-09-02 05:15:00+00:00,14.9399995803833,14.9399995803833,14.9399995803833,14.9399995803833,9003,0.0,0.0,0.0
2025-09-03 01:00:00+00:00,15.0,15.0,15.0,15.0,0,0.0,0.0,0.0
2025-09-03 01:05:00+00:00,15.0,15.0,14.979999542236328,14.979999542236328,14855,0.0,0.0,0.0
2025-09-03 01:10:00+00:00,14.979999542236328,14.979999542236328,14.979999542236328,14.979999542236328,1000,0.0,0.0,0.0
2025-09-03 01:15:00+00:00,14.979999542236328,14.979999542236328,14.970000267028809,14.970000267028809,9063,0.0,0.0,0.0
2025-09-03 01:20:00+00:00,14.970000267028809,14.979999542236328,14.970000267028809,14.979999542236328,30331,0.0,0.0,0.0
2025-09-03 01:30:00+00:00,15.0,15.0,15.0,15.0,2100,0.0,0.0,0.0
2025-09-03 01:35:00+00:00,14.989999771118164,14.989999771118164,14.979999542236328,14.989999771118164,15189,0.0,0.0,0.0
2025-09-03 01:40:00+00:00,14.979999542236328,14.989999771118164,14.960000038146973,14.960000038146973,54000,0.0,0.0,0.0
2025-09-03 01:45:00+00:00,14.989999771118164,14.989999771118164,14.989999771118164,14.989999771118164,2036,0.0,0.0,0.0
2025-09-03 01:50:00+00:00,14.989999771118164,14.989999771118164,14.989999771118164,14.989999771118164,4000,0.0,0.0,0.0
2025-09-03 02:00:00+00:00,15.0,15.0,15.0,15.0,2030,0.0,0.0,0.0
2025-09-03 02:05:00+00:00,14.989999771118164,14.989999771118164,14.989999771118164,14.989999771118164,1000,0.0,0.0,0.0
2025-09-03 02:15:00+00:00,14.989999771118164,14.989999771118164,14.989999771118164,14.989999771118164,2000,0.0,0.0,0.0
2025-09-03 02:30:00+00:00,14.989999771118164,14.989999771118164,14.970000267028809,14.970000267028809,9433,0.0,0.0,0.0
2025-09-03 02:45:00+00:00,14.979999542236328,14.979999542236328,14.970000267028809,14.970000267028809,12000,0.0,0.0,0.0
2025-09-03 03:00:00+00:00,14.979999542236328,14.979999542236328,14.970000267028809,14.970000267028809,21050,0.0,0.0,0.0
2025-09-03 03:05:00+00:00,14.970000267028809,14.970000267028809,14.970000267028809,14.970000267028809,1524,0.0,0.0,0.0
2025-09-03 03:15:00+00:00,14.970000267028809,14.970000267028809,14.970000267028809,14.970000267028809,1025,0.0,0.0,0.0
2025-09-03 03:20:00+00:00,14.960000038146973,14.960000038146973,14.960000038146973,14.960000038146973,5000,0.0,0.0,0.0
2025-09-03 03:25:00+00:00,14.970000267028809,14.970000267028809,14.970000267028809,14.970000267028809,2059,0.0,0.0,0.0
2025-09-03 03:30:00+00:00,14.970000267028809,14.970000267028809,14.970000267028809,14.970000267028809,2000,0.0,0.0,0.0
2025-09-03 03:35:00+00:00,14.960000038146973,14.960000038146973,14.960000038146973,14.960000038146973,2000,0.0,0.0,0.0
2025-09-03 03:40:00+00:00,14.960000038146973,14.960000038146973,14.960000038146973,14.960000038146973,10000,0.0,0.0,0.0
2025-09-03 03:45:00+00:00,14.960000038146973,14.960000038146973,14.960000038146973,14.960000038146973,4000,0.0,0.0,0.0
2025-09-03 03:50:00+00:00,14.960000038146973,14.960000038146973,14.960000038146973,14.960000038146973,9200,0.0,0.0,0.0
2025-09-03 04:00:00+00:00,14.960000038146973,14.960000038146973,14.960000038146973,14.960000038146973,5036,0.0,0.0,0.0
2025-09-03 04:05:00+00:00,14.960000038146973,14.960000038146973,14.960000038146973,14.960000038146973,5000,0.0,0.0,0.0
2025-09-03 04:15:00+00:00,14.970000267028809,14.970000267028809,14.970000267028809,14.970000267028809,100020,0.0,0.0,0.0
2025-09-03 04:20:00+00:00,14.970000267028809,14.970000267028809,14.970000267028809,14.970000267028809,11106,0.0,0.0,0.0
2025-09-03 04:30:00+00:00,14.970000267028809,14.970000267028809,14.970000267028809,14.970000267028809,2080,0.0,0.0,0.0
2025-09-03 04:40:00+00:00,14.970000267028809,14.970000267028809,14.970000267028809,14.970000267028809,3250,0.0,0.0,0.0
2025-09-03 05:00:00+00:00,14.979999542236328,14.979999542236328,14.979999542236328,14.979999542236328,15000,0.0,0.0,0.0
2025-09-03 05:05:00+00:00,14.989999771118164,14.989999771118164,14.979999542236328,14.989999771118164,25000,0.0,0.0,0.0
2025-09-03 05:10:00+00:00,14.979999542236328,14.979999542236328,14.979999542236328,14.979999542236328,100767,0.0,0.0,0.0
2025-09-03 05:20:00+00:00,14.979999542236328,14.979999542236328,14.979999542236328,14.979999542236328,4551,0.0,0.0,0.0
2025-09-04 01:00:00+00:00,15.029999732971191,15.050000190734863,15.029999732971191,15.050000190734863,0,0.0,0.0,0.0
2025-09-04 01:05:00+00:00,15.050000190734863,15.069999694824219,15.050000190734863,15.069999694824219,21043,0.0,0.0,0.0
2025-09-04 01:10:00+00:00,15.069999694824219,15.069999694824219,15.069999694824219,15.069999694824219,26150,0.0,0.0,0.0
2025-09-04 01:20:00+00:00,15.069999694824219,15.069999694824219,15.069999694824219,15.069999694824219,13026,0.0,0.0,0.0
2025-09-04 01:25:00+00:00,15.069999694824219,15.069999694824219,15.069999694824219,15.069999694824219,1244,0.0,0.0,0.0
2025-09-04 01:30:00+00:00,15.069999694824219,15.079999923706055,15.069999694824219,15.079999923706055,83000,0.0,0.0,0.0
2025-09-04 01:35:00+00:00,15.079999923706055,15.079999923706055,15.079999923706055,15.079999923706055,4520,0.0,0.0,0.0
2025-09-04 01:50:00+00:00,15.069999694824219,15.079999923706055,15.069999694824219,15.079999923706055,10673,0.0,0.0,0.0
2025-09-04 01:55:00+00:00,15.079999923706055,15.079999923706055,15.079999923706055,15.079999923706055,1000,0.0,0.0,0.0
2025-09-04 02:00:00+00:00,15.09000015258789,15.119999885559082,15.09000015258789,15.119999885559082,124764,0.0,0.0,0.0
2025-09-04 02:05:00+00:00,15.119999885559082,15.130000114440918,15.119999885559082,15.130000114440918,13000,0.0,0.0,0.0
2025-09-04 02:10:00+00:00,15.130000114440918,15.130000114440918,15.130000114440918,15.130000114440918,5000,0.0,0.0,0.0
2025-09-04 02:15:00+00:00,15.130000114440918,15.130000114440918,15.130000114440918,15.130000114440918,2000,0.0,0.0,0.0
2025-09-04 02:20:00+00:00,15.130000114440918,15.130000114440918,15.130000114440918,15.130000114440918,20000,0.0,0.0,0.0
2025-09-04 02:25:00+00:00,15.130000114440918,15.130000114440918,15.130000114440918,15.130000114440918,13100,0.0,0.0,0.0
2025-09-04 02:30:00+00:00,15.130000114440918,15.130000114440918,15.130000114440918,15.130000114440918,1000,0.0,0.0,0.0
2025-09-04 02:35:00+00:00,15.119999885559082,15.130000114440918,15.119999885559082,15.130000114440918,107103,0.0,0.0,0.0
2025-09-04 02:55:00+00:00,15.119999885559082,15.119999885559082,15.109999656677246,15.109999656677246,106010,0.0,0.0,0.0
2025-09-04 03:00:00+00:00,15.109999656677246,15.109999656677246,15.109999656677246,15.109999656677246,0,0.0,0.0,0.0
2025-09-04 03:05:00+00:00,15.100000381469727,15.100000381469727,15.100000381469727,15.100000381469727,678753,0.0,0.0,0.0
2025-09-04 03:10:00+00:00,15.100000381469727,15.100000381469727,15.100000381469727,15.100000381469727,10094,0.0,0.0,0.0
2025-09-04 03:15:00+00:00,15.100000381469727,15.100000381469727,15.100000381469727,15.100000381469727,4000,0.0,0.0,0.0
2025-09-04 03:25:00+00:00,15.09000015258789,15.09000015258789,15.09000015258789,15.09000015258789,10014,0.0,0.0,0.0
2025-09-04 03:55:00+00:00,15.09000015258789,15.100000381469727,15.09000015258789,15.100000381469727,53000,0.0,0.0,0.0
2025-09-04 04:00:00+00:00,15.09000015258789,15.09000015258789,15.09000015258789,15.09000015258789,2000,0.0,0.0,0.0
2025-09-04 04:05:00+00:00,15.09000015258789,15.09000015258789,15.09000015258789,15.09000015258789,3066,0.0,0.0,0.0
2025-09-04 04:15:00+00:00,15.100000381469727,15.100000381469727,15.100000381469727,15.100000381469727,7017,0.0,0.0,0.0
2025-09-04 04:20:00+00:00,15.09000015258789,15.100000381469727,15.09000015258789,15.100000381469727,22750,0.0,0.0,0.0
2025-09-04 04:30:00+00:00,15.09000015258789,15.09000015258789,15.09000015258789,15.09000015258789,3489,0.0,0.0,0.0
2025-09-04 04:35:00+00:00,15.079999923706055,15.079999923706055,15.079999923706055,15.079999923706055,10000,0.0,0.0,0.0
2025-09-04 04:40:00+00:00,15.09000015258789,15.09000015258789,15.09000015258789,15.09000015258789,7000,0.0,0.0,0.0
2025-09-04 04:45:00+00:00,15.09000015258789,15.09000015258789,15.09000015258789,15.09000015258789,6012,0.0,0.0,0.0
2025-09-04 04:50:00+00:00,15.100000381469727,15.109999656677246,15.100000381469727,15.109999656677246,51403,0.0,0.0,0.0
2025-09-04 04:55:00+00:00,15.100000381469727,15.100000381469727,15.100000381469727,15.100000381469727,2000,0.0,0.0,0.0
2025-09-04 05:00:00+00:00,15.100000381469727,15.100000381469727,15.09000015258789,15.09000015258789,13070,0.0,0.0,0.0
2025-09-04 05:05:00+00:00,15.09000015258789,15.09000015258789,15.09000015258789,15.09000015258789,2000,0.0,0.0,0.0
2025-09-04 05:10:00+00:00,15.100000381469727,15.100000381469727,15.100000381469727,15.100000381469727,13003,0.0,0.0,0.0
2025-09-04 05:15:00+00:00,15.100000381469727,15.100000381469727,15.100000381469727,15.100000381469727,22000,0.0,0.0,0.0
2025-09-04 05:20:00+00:00,15.09000015258789,15.09000015258789,15.09000015258789,15.09000015258789,1100,0.0,0.0,0.0
2025-09-05 01:00:00+00:00,15.170000076293945,15.170000076293945,15.170000076293945,15.170000076293945,0,0.0,0.0,0.0
2025-09-05 01:05:00+00:00,15.170000076293945,15.170000076293945,15.149999618530273,15.149999618530273,22556,0.0,0.0,0.0
2025-09-05 01:10:00+00:00,15.149999618530273,15.149999618530273,15.149999618530273,15.149999618530273,1000,0.0,0.0,0.0
2025-09-05 01:15:00+00:00,15.149999618530273,15.149999618530273,15.130000114440918,15.130000114440918,4000,0.0,0.0,0.0
2025-09-05 01:20:00+00:00,15.119999885559082,15.119999885559082,15.119999885559082,15.119999885559082,16525,0.0,0.0,0.0
2025-09-05 01:30:00+00:00,15.130000114440918,15.130000114440918,15.130000114440918,15.130000114440918,5753,0.0,0.0,0.0
2025-09-05 01:35:00+00:00,15.130000114440918,15.140000343322754,15.130000114440918,15.140000343322754,5020,0.0,0.0,0.0
2025-09-05 01:40:00+00:00,15.140000343322754,15.140000343322754,15.140000343322754,15.140000343322754,3000,0.0,0.0,0.0
2025-09-05 01:45:00+00:00,15.140000343322754,15.140000343322754,15.130000114440918,15.130000114440918,15522,0.0,0.0,0.0
2025-09-05 01:50:00+00:00,15.140000343322754,15.140000343322754,15.140000343322754,15.140000343322754,1100,0.0,0.0,0.0
2025-09-05 02:00:00+00:00,15.140000343322754,15.140000343322754,15.140000343322754,15.140000343322754,1000,0.0,0.0,0.0
2025-09-05 02:10:00+00:00,15.140000343322754,15.140000343322754,15.140000343322754,15.140000343322754,23165,0.0,0.0,0.0
2025-09-05 02:15:00+00:00,15.149999618530273,15.170000076293945,15.149999618530273,15.170000076293945,183058,0.0,0.0,0.0
2025-09-05 02:20:00+00:00,15.170000076293945,15.170000076293945,15.170000076293945,15.170000076293945,17100,0.0,0.0,0.0
2025-09-05 02:25:00+00:00,15.170000076293945,15.170000076293945,15.170000076293945,15.170000076293945,2000,0.0,0.0,0.0
2025-09-05 02:35:00+00:00,15.170000076293945,15.180000305175781,15.170000076293945,15.170000076293945,52160,0.0,0.0,0.0
2025-09-05 02:50:00+00:00,15.170000076293945,15.170000076293945,15.170000076293945,15.170000076293945,3050,0.0,0.0,0.0
2025-09-05 02:55:00+00:00,15.170000076293945,15.170000076293945,15.170000076293945,15.170000076293945,8227,0.0,0.0,0.0
2025-09-05 03:20:00+00:00,15.140000343322754,15.140000343322754,15.140000343322754,15.140000343322754,22058,0.0,0.0,0.0
2025-09-05 03:35:00+00:00,15.140000343322754,15.140000343322754,15.140000343322754,15.140000343322754,1420,0.0,0.0,0.0
2025-09-05 04:00:00+00:00,15.130000114440918,15.130000114440918,15.119999885559082,15.119999885559082,22016,0.0,0.0,0.0
2025-09-05 04:05:00+00:00,15.119999885559082,15.119999885559082,15.119999885559082,15.119999885559082,11000,0.0,0.0,0.0
2025-09-05 04:10:00+00:00,15.119999885559082,15.130000114440918,15.119999885559082,15.119999885559082,15066,0.0,0.0,0.0
2025-09-05 04:15:00+00:00,15.119999885559082,15.119999885559082,15.119999885559082,15.119999885559082,4000,0.0,0.0,0.0
2025-09-05 04:20:00+00:00,15.119999885559082,15.119999885559082,15.119999885559082,15.119999885559082,2230,0.0,0.0,0.0
2025-09-05 04:30:00+00:00,15.119999885559082,15.119999885559082,15.119999885559082,15.119999885559082,11100,0.0,0.0,0.0
2025-09-05 04:35:00+00:00,15.140000343322754,15.140000343322754,15.140000343322754,15.140000343322754,2342,0.0,0.0,0.0
2025-09-05 05:00:00+00:00,15.140000343322754,15.140000343322754,15.140000343322754,15.140000343322754,3200,0.0,0.0,0.0
2025-09-05 05:05:00+00:00,15.130000114440918,15.140000343322754,15.130000114440918,15.140000343322754,2000,0.0,0.0,0.0
2025-09-05 05:10:00+00:00,15.130000114440918,15.130000114440918,15.130000114440918,15.130000114440918,10000,0.0,0.0,0.0
2025-09-05 05:15:00+00:00,15.130000114440918,15.130000114440918,15.130000114440918,15.130000114440918,12116,0.0,0.0,0.0
2025-09-05 05:20:00+00:00,15.140000343322754,15.140000343322754,15.140000343322754,15.140000343322754,33303,0.0,0.0,0.0
2025-09-08 01:00:00+00:00,15.15999984741211,15.170000076293945,15.15999984741211,15.170000076293945,0,0.0,0.0,0.0
2025-09-08 01:05:00+00:00,15.180000305175781,15.180000305175781,15.180000305175781,15.180000305175781,12000,0.0,0.0,0.0
2025-09-08 01:10:00+00:00,15.1899995803833,15.1899995803833,15.15999984741211,15.15999984741211,16668,0.0,0.0,0.0
2025-09-08 01:15:00+00:00,15.15999984741211,15.15999984741211,15.15999984741211,15.15999984741211,21000,0.0,0.0,0.0
2025-09-08 01:20:00+00:00,15.170000076293945,15.170000076293945,15.170000076293945,15.170000076293945,12895,0.0,0.0,0.0
2025-09-08 01:30:00+00:00,15.170000076293945,15.170000076293945,15.149999618530273,15.15999984741211,58120,0.0,0.0,0.0
2025-09-08 01:40:00+00:00,15.15999984741211,15.15999984741211,15.149999618530273,15.149999618530273,14200,0.0,0.0,0.0
2025-09-08 01:45:00+00:00,15.170000076293945,15.170000076293945,15.170000076293945,15.170000076293945,2337,0.0,0.0,0.0
2025-09-08 01:55:00+00:00,15.15999984741211,15.15999984741211,15.149999618530273,15.149999618530273,16840,0.0,0.0,0.0
2025-09-08 02:00:00+00:00,15.15999984741211,15.15999984741211,15.15999984741211,15.15999984741211,2309,0.0,0.0,0.0
2025-09-08 02:15:00+00:00,15.15999984741211,15.15999984741211,15.15999984741211,15.15999984741211,2312,0.0,0.0,0.0
2025-09-08 02:20:00+00:00,15.149999618530273,15.149999618530273,15.140000343322754,15.140000343322754,11000,0.0,0.0,0.0
2025-09-08 02:25:00+00:00,15.149999618530273,15.15999984741211,15.149999618530273,15.15999984741211,128012,0.0,0.0,0.0
2025-09-08 02:30:00+00:00,15.170000076293945,15.170000076293945,15.170000076293945,15.170000076293945,5787,0.0,0.0,0.0
2025-09-08 02:35:00+00:00,15.170000076293945,15.170000076293945,15.170000076293945,15.170000076293945,129027,0.0,0.0,0.0
2025-09-08 02:40:00+00:00,15.180000305175781,15.199999809265137,15.180000305175781,15.199999809265137,118431,0.0,0.0,0.0
2025-09-08 02:45:00+00:00,15.210000038146973,15.210000038146973,15.210000038146973,15.210000038146973,2325,0.0,0.0,0.0
2025-09-08 02:50:00+00:00,15.199999809265137,15.210000038146973,15.199999809265137,15.199999809265137,78089,0.0,0.0,0.0
2025-09-08 02:55:00+00:00,15.199999809265137,15.199999809265137,15.199999809265137,15.199999809265137,18299,0.0,0.0,0.0
2025-09-08 03:00:00+00:00,15.210000038146973,15.210000038146973,15.210000038146973,15.210000038146973,2250,0.0,0.0,0.0
2025-09-08 03:05:00+00:00,15.220000267028809,15.229999542236328,15.220000267028809,15.229999542236328,43928,0.0,0.0,0.0
2025-09-08 03:10:00+00:00,15.229999542236328,15.239999771118164,15.229999542236328,15.239999771118164,22000,0.0,0.0,0.0
2025-09-08 03:15:00+00:00,15.239999771118164,15.239999771118164,15.239999771118164,15.239999771118164,2349,0.0,0.0,0.0
2025-09-08 03:20:00+00:00,15.220000267028809,15.220000267028809,15.220000267028809,15.220000267028809,2012,0.0,0.0,0.0
2025-09-08 03:25:00+00:00,15.229999542236328,15.229999542236328,15.229999542236328,15.229999542236328,8197,0.0,0.0,0.0
2025-09-08 03:30:00+00:00,15.229999542236328,15.229999542236328,15.229999542236328,15.229999542236328,18239,0.0,0.0,0.0
2025-09-08 03:35:00+00:00,15.229999542236328,15.239999771118164,15.229999542236328,15.239999771118164,3000,0.0,0.0,0.0
2025-09-08 03:40:00+00:00,15.229999542236328,15.229999542236328,15.229999542236328,15.229999542236328,29051,0.0,0.0,0.0
2025-09-08 03:45:00+00:00,15.220000267028809,15.229999542236328,15.220000267028809,15.229999542236328,4000,0.0,0.0,0.0
2025-09-08 03:50:00+00:00,15.229999542236328,15.229999542236328,15.229999542236328,15.229999542236328,2012,0.0,0.0,0.0
2025-09-08 03:55:00+00:00,15.229999542236328,15.229999542236328,15.229999542236328,15.229999542236328,2000,0.0,0.0,0.0
2025-09-08 04:00:00+00:00,15.229999542236328,15.229999542236328,15.229999542236328,15.229999542236328,23048,0.0,0.0,0.0
2025-09-08 04:05:00+00:00,15.229999542236328,15.229999542236328,15.229999542236328,15.229999542236328,5000,0.0,0.0,0.0
2025-09-08 04:15:00+00:00,15.220000267028809,15.220000267028809,15.220000267028809,15.220000267028809,3207,0.0,0.0,0.0
2025-09-08 04:20:00+00:00,15.220000267028809,15.229999542236328,15.220000267028809,15.229999542236328,5594,0.0,0.0,0.0
2025-09-08 04:40:00+00:00,15.220000267028809,15.220000267028809,15.199999809265137,15.199999809265137,4301,0.0,0.0,0.0
2025-09-08 04:45:00+00:00,15.199999809265137,15.199999809265137,15.199999809265137,15.199999809265137,5112,0.0,0.0,0.0
2025-09-08 04:50:00+00:00,15.199999809265137,15.199999809265137,15.199999809265137,15.199999809265137,10000,0.0,0.0,0.0
2025-09-08 04:55:00+00:00,15.199999809265137,15.210000038146973,15.199999809265137,15.210000038146973,34838,0.0,0.0,0.0
2025-09-08 05:00:00+00:00,15.210000038146973,15.210000038146973,15.210000038146973,15.210000038146973,3151,0.0,0.0,0.0
2025-09-08 05:10:00+00:00,15.199999809265137,15.199999809265137,15.199999809265137,15.199999809265137,11100,0.0,0.0,0.0
2025-09-08 05:15:00+00:00,15.199999809265137,15.199999809265137,15.199999809265137,15.199999809265137,1000,0.0,0.0,0.0
2025-09-08 05:20:00+00:00,15.199999809265137,15.210000038146973,15.199999809265137,15.199999809265137,12171,0.0,0.0,0.0
2025-09-09 01:00:00+00:00,15.25,15.279999732971191,15.25,15.279999732971191,78000,0.0,0.0,0.0
2025-09-09 01:05:00+00:00,15.279999732971191,15.289999961853027,15.279999732971191,15.289999961853027,18330,0.0,0.0,0.0
2025-09-09 01:10:00+00:00,15.289999961853027,15.289999961853027,15.289999961853027,15.289999961853027,108843,0.0,0.0,0.0
2025-09-09 01:15:00+00:00,15.279999732971191,15.279999732971191,15.260000228881836,15.260000228881836,14070,0.0,0.0,0.0
2025-09-09 01:20:00+00:00,15.260000228881836,15.270000457763672,15.260000228881836,15.270000457763672,8869,0.0,0.0,0.0
2025-09-09 01:25:00+00:00,15.270000457763672,15.270000457763672,15.270000457763672,15.270000457763672,22039,0.0,0.0,0.0
2025-09-09 01:30:00+00:00,15.270000457763672,15.279999732971191,15.270000457763672,15.279999732971191,36120,0.0,0.0,0.0
2025-09-09 01:35:00+00:00,15.279999732971191,15.279999732971191,15.279999732971191,15.279999732971191,13260,0.0,0.0,0.0
2025-09-09 01:40:00+00:00,15.279999732971191,15.279999732971191,15.279999732971191,15.279999732971191,3000,0.0,0.0,0.0
2025-09-09 01:45:00+00:00,15.289999961853027,15.289999961853027,15.279999732971191,15.289999961853027,17100,0.0,0.0,0.0
2025-09-09 01:55:00+00:00,15.279999732971191,15.279999732971191,15.279999732971191,15.279999732971191,5000,0.0,0.0,0.0
2025-09-09 02:00:00+00:00,15.289999961853027,15.289999961853027,15.289999961853027,15.289999961853027,30102,0.0,0.0,0.0
2025-09-09 02:05:00+00:00,15.300000190734863,15.319999694824219,15.289999961853027,15.319999694824219,250990,0.0,0.0,0.0
2025-09-09 02:10:00+00:00,15.329999923706055,15.329999923706055,15.319999694824219,15.329999923706055,35100,0.0,0.0,0.0
2025-09-09 02:15:00+00:00,15.329999923706055,15.329999923706055,15.329999923706055,15.329999923706055,28110,0.0,0.0,0.0
2025-09-09 02:20:00+00:00,15.319999694824219,15.319999694824219,15.319999694824219,15.319999694824219,1140,0.0,0.0,0.0
2025-09-09 02:25:00+00:00,15.3100004196167,15.3100004196167,15.3100004196167,15.3100004196167,1128,0.0,0.0,0.0
2025-09-09 02:30:00+00:00,15.3100004196167,15.319999694824219,15.3100004196167,15.319999694824219,3100,0.0,0.0,0.0
2025-09-09 02:40:00+00:00,15.300000190734863,15.300000190734863,15.300000190734863,15.300000190734863,12547,0.0,0.0,0.0
2025-09-09 02:45:00+00:00,15.289999961853027,15.289999961853027,15.289999961853027,15.289999961853027,3100,0.0,0.0,0.0
2025-09-09 02:50:00+00:00,15.279999732971191,15.279999732971191,15.279999732971191,15.279999732971191,2000,0.0,0.0,0.0
2025-09-09 02:55:00+00:00,15.270000457763672,15.270000457763672,15.270000457763672,15.270000457763672,25513,0.0,0.0,0.0
2025-09-09 03:10:00+00:00,15.270000457763672,15.270000457763672,15.270000457763672,15.270000457763672,13110,0.0,0.0,0.0
2025-09-09 03:20:00+00:00,15.270000457763672,15.270000457763672,15.270000457763672,15.270000457763672,1802,0.0,0.0,0.0
2025-09-09 03:40:00+00:00,15.270000457763672,15.270000457763672,15.270000457763672,15.270000457763672,2000,0.0,0.0,0.0
2025-09-09 03:45:00+00:00,15.25,15.25,15.25,15.25,2000,0.0,0.0,0.0
2025-09-09 03:50:00+00:00,15.260000228881836,15.260000228881836,15.260000228881836,15.260000228881836,8000,0.0,0.0,0.0
2025-09-09 03:55:00+00:00,15.260000228881836,15.260000228881836,15.260000228881836,15.260000228881836,14000,0.0,0.0,0.0
2025-09-09 04:00:00+00:00,15.260000228881836,15.270000457763672,15.260000228881836,15.270000457763672,24298,0.0,0.0,0.0
2025-09-09 04:05:00+00:00,15.270000457763672,15.270000457763672,15.270000457763672,15.270000457763672,5100,0.0,0.0,0.0
2025-09-09 04:20:00+00:00,15.270000457763672,15.270000457763672,15.260000228881836,15.260000228881836,4619,0.0,0.0,0.0
2025-09-09 04:45:00+00:00,15.25,15.25,15.25,15.25,3100,0.0,0.0,0.0
2025-09-09 04:50:00+00:00,15.260000228881836,15.260000228881836,15.260000228881836,15.260000228881836,6045,0.0,0.0,0.0
2025-09-09 04:55:00+00:00,15.260000228881836,15.260000228881836,15.260000228881836,15.260000228881836,10000,0.0,0.0,0.0
2025-09-09 05:00:00+00:00,15.260000228881836,15.260000228881836,15.260000228881836,15.260000228881836,6050,0.0,0.0,0.0
2025-09-09 05:05:00+00:00,15.260000228881836,15.260000228881836,15.260000228881836,15.260000228881836,3000,0.0,0.0,0.0
2025-09-09 05:10:00+00:00,15.260000228881836,15.260000228881836,15.260000228881836,15.260000228881836,100667,0.0,0.0,0.0
2025-09-09 05:15:00+00:00,15.25,15.25,15.25,15.25,2097,0.0,0.0,0.0
2025-09-10 01:00:00+00:00,15.260000228881836,15.300000190734863,15.260000228881836,15.300000190734863,139000,0.0,0.0,0.0
2025-09-10 01:05:00+00:00,15.319999694824219,15.329999923706055,15.319999694824219,15.319999694824219,124714,0.0,0.0,0.0
2025-09-10 01:10:00+00:00,15.329999923706055,15.350000381469727,15.329999923706055,15.350000381469727,145525,0.0,0.0,0.0
2025-09-10 01:15:00+00:00,15.329999923706055,15.329999923706055,15.319999694824219,15.319999694824219,6130,0.0,0.0,0.0
2025-09-10 01:20:00+00:00,15.319999694824219,15.319999694824219,15.319999694824219,15.319999694824219,6743,0.0,0.0,0.0
2025-09-10 01:30:00+00:00,15.319999694824219,15.350000381469727,15.319999694824219,15.350000381469727,61120,0.0,0.0,0.0
2025-09-10 01:40:00+00:00,15.329999923706055,15.329999923706055,15.319999694824219,15.319999694824219,34010,0.0,0.0,0.0
2025-09-10 01:45:00+00:00,15.34000015258789,15.34000015258789,15.34000015258789,15.34000015258789,1000,0.0,0.0,0.0
2025-09-10 01:50:00+00:00,15.34000015258789,15.350000381469727,15.34000015258789,15.350000381469727,89814,0.0,0.0,0.0
2025-09-10 01:55:00+00:00,15.359999656677246,15.359999656677246,15.359999656677246,15.359999656677246,60313,0.0,0.0,0.0
2025-09-10 02:00:00+00:00,15.369999885559082,15.369999885559082,15.369999885559082,15.369999885559082,22407,0.0,0.0,0.0
2025-09-10 02:05:00+00:00,15.369999885559082,15.369999885559082,15.369999885559082,15.369999885559082,33000,0.0,0.0,0.0
2025-09-10 02:10:00+00:00,15.369999885559082,15.390000343322754,15.369999885559082,15.390000343322754,90398,0.0,0.0,0.0
2025-09-10 02:15:00+00:00,15.390000343322754,15.420000076293945,15.390000343322754,15.420000076293945,191337,0.0,0.0,0.0
2025-09-10 02:20:00+00:00,15.420000076293945,15.420000076293945,15.40999984741211,15.40999984741211,16390,0.0,0.0,0.0
2025-09-10 02:30:00+00:00,15.40999984741211,15.420000076293945,15.40999984741211,15.420000076293945,33983,0.0,0.0,0.0
2025-09-10 02:35:00+00:00,15.40999984741211,15.40999984741211,15.40999984741211,15.40999984741211,60000,0.0,0.0,0.0
2025-09-10 02:40:00+00:00,15.40999984741211,15.40999984741211,15.40999984741211,15.40999984741211,11030,0.0,0.0,0.0
2025-09-10 02:45:00+00:00,15.40999984741211,15.40999984741211,15.40999984741211,15.40999984741211,5100,0.0,0.0,0.0
2025-09-10 02:50:00+00:00,15.40999984741211,15.40999984741211,15.40999984741211,15.40999984741211,14002,0.0,0.0,0.0
2025-09-10 02:55:00+00:00,15.40999984741211,15.40999984741211,15.399999618530273,15.40999984741211,3250,0.0,0.0,0.0
2025-09-10 03:00:00+00:00,15.399999618530273,15.420000076293945,15.399999618530273,15.420000076293945,162308,0.0,0.0,0.0
2025-09-10 03:05:00+00:00,15.430000305175781,15.430000305175781,15.420000076293945,15.430000305175781,174134,0.0,0.0,0.0
2025-09-10 03:10:00+00:00,15.420000076293945,15.420000076293945,15.420000076293945,15.420000076293945,3050,0.0,0.0,0.0
2025-09-10 03:15:00+00:00,15.40999984741211,15.40999984741211,15.40999984741211,15.40999984741211,2000,0.0,0.0,0.0
2025-09-10 03:20:00+00:00,15.40999984741211,15.40999984741211,15.40999984741211,15.40999984741211,17000,0.0,0.0,0.0
2025-09-10 03:25:00+00:00,15.40999984741211,15.40999984741211,15.40999984741211,15.40999984741211,1000,0.0,0.0,0.0
2025-09-10 03:30:00+00:00,15.399999618530273,15.399999618530273,15.399999618530273,15.399999618530273,15200,0.0,0.0,0.0
2025-09-10 03:40:00+00:00,15.390000343322754,15.399999618530273,15.390000343322754,15.399999618530273,18100,0.0,0.0,0.0
2025-09-10 03:45:00+00:00,15.399999618530273,15.40999984741211,15.399999618530273,15.40999984741211,4030,0.0,0.0,0.0
2025-09-10 03:55:00+00:00,15.40999984741211,15.40999984741211,15.399999618530273,15.399999618530273,3000,0.0,0.0,0.0
2025-09-10 04:00:00+00:00,15.399999618530273,15.399999618530273,15.399999618530273,15.399999618530273,120015,0.0,0.0,0.0
2025-09-10 04:05:00+00:00,15.40999984741211,15.40999984741211,15.40999984741211,15.40999984741211,40260,0.0,0.0,0.0
2025-09-10 04:15:00+00:00,15.399999618530273,15.399999618530273,15.399999618530273,15.399999618530273,1000,0.0,0.0,0.0
2025-09-10 04:20:00+00:00,15.399999618530273,15.399999618530273,15.399999618530273,15.399999618530273,69412,0.0,0.0,0.0
2025-09-10 04:25:00+00:00,15.40999984741211,15.40999984741211,15.399999618530273,15.399999618530273,8000,0.0,0.0,0.0
2025-09-10 04:30:00+00:00,15.399999618530273,15.40999984741211,15.399999618530273,15.40999984741211,140020,0.0,0.0,0.0
2025-09-10 04:35:00+00:00,15.40999984741211,15.40999984741211,15.399999618530273,15.399999618530273,6000,0.0,0.0,0.0
2025-09-10 04:40:00+00:00,15.399999618530273,15.399999618530273,15.390000343322754,15.390000343322754,33000,0.0,0.0,0.0
2025-09-10 04:45:00+00:00,15.40999984741211,15.420000076293945,15.40999984741211,15.420000076293945,48000,0.0,0.0,0.0
2025-09-10 04:50:00+00:00,15.40999984741211,15.40999984741211,15.40999984741211,15.40999984741211,1250,0.0,0.0,0.0
2025-09-10 04:55:00+00:00,15.40999984741211,15.420000076293945,15.40999984741211,15.420000076293945,78100,0.0,0.0,0.0
2025-09-10 05:00:00+00:00,15.420000076293945,15.430000305175781,15.420000076293945,15.430000305175781,80338,0.0,0.0,0.0
2025-09-10 05:05:00+00:00,15.420000076293945,15.420000076293945,15.420000076293945,15.420000076293945,22932,0.0,0.0,0.0
2025-09-10 05:10:00+00:00,15.40999984741211,15.40999984741211,15.40999984741211,15.40999984741211,8128,0.0,0.0,0.0
2025-09-10 05:15:00+00:00,15.40999984741211,15.40999984741211,15.399999618530273,15.399999618530273,4000,0.0,0.0,0.0
2025-09-10 05:20:00+00:00,15.399999618530273,15.40999984741211,15.399999618530273,15.40999984741211,21129,0.0,0.0,0.0
2025-09-11 01:00:00+00:00,15.420000076293945,15.430000305175781,15.420000076293945,15.430000305175781,65000,0.0,0.0,0.0
2025-09-11 01:05:00+00:00,15.40999984741211,15.420000076293945,15.40999984741211,15.420000076293945,113950,0.0,0.0,0.0
2025-09-11 01:10:00+00:00,15.420000076293945,15.4399995803833,15.420000076293945,15.420000076293945,142709,0.0,0.0,0.0
2025-09-11 01:15:00+00:00,15.420000076293945,15.420000076293945,15.420000076293945,15.420000076293945,2698,0.0,0.0,0.0
2025-09-11 01:20:00+00:00,15.420000076293945,15.420000076293945,15.420000076293945,15.420000076293945,2100,0.0,0.0,0.0
2025-09-11 01:30:00+00:00,15.399999618530273,15.399999618530273,15.399999618530273,15.399999618530273,8060,0.0,0.0,0.0
2025-09-11 01:35:00+00:00,15.399999618530273,15.399999618530273,15.399999618530273,15.399999618530273,5100,0.0,0.0,0.0
2025-09-11 01:40:00+00:00,15.390000343322754,15.390000343322754,15.380000114440918,15.380000114440918,3000,0.0,0.0,0.0
2025-09-11 01:45:00+00:00,15.380000114440918,15.390000343322754,15.380000114440918,15.390000343322754,14000,0.0,0.0,0.0
2025-09-11 01:50:00+00:00,15.390000343322754,15.390000343322754,15.390000343322754,15.390000343322754,2020,0.0,0.0,0.0
2025-09-11 01:55:00+00:00,15.390000343322754,15.399999618530273,15.390000343322754,15.399999618530273,65200,0.0,0.0,0.0
2025-09-11 02:00:00+00:00,15.399999618530273,15.399999618530273,15.399999618530273,15.399999618530273,1024,0.0,0.0,0.0
2025-09-11 02:05:00+00:00,15.399999618530273,15.399999618530273,15.399999618530273,15.399999618530273,3200,0.0,0.0,0.0
2025-09-11 02:10:00+00:00,15.399999618530273,15.399999618530273,15.390000343322754,15.390000343322754,7030,0.0,0.0,0.0
2025-09-11 02:15:00+00:00,15.380000114440918,15.390000343322754,15.380000114440918,15.390000343322754,19388,0.0,0.0,0.0
2025-09-11 02:25:00+00:00,15.380000114440918,15.380000114440918,15.380000114440918,15.380000114440918,2519,0.0,0.0,0.0
2025-09-11 02:30:00+00:00,15.380000114440918,15.380000114440918,15.380000114440918,15.380000114440918,1001,0.0,0.0,0.0
2025-09-11 02:40:00+00:00,15.380000114440918,15.380000114440918,15.380000114440918,15.380000114440918,29000,0.0,0.0,0.0
2025-09-11 02:45:00+00:00,15.380000114440918,15.380000114440918,15.380000114440918,15.380000114440918,4327,0.0,0.0,0.0
2025-09-11 02:50:00+00:00,15.380000114440918,15.380000114440918,15.380000114440918,15.380000114440918,105290,0.0,0.0,0.0
2025-09-11 03:05:00+00:00,15.380000114440918,15.380000114440918,15.369999885559082,15.380000114440918,43371,0.0,0.0,0.0
2025-09-11 03:10:00+00:00,15.390000343322754,15.399999618530273,15.390000343322754,15.399999618530273,89347,0.0,0.0,0.0
2025-09-11 03:20:00+00:00,15.399999618530273,15.399999618530273,15.399999618530273,15.399999618530273,1060,0.0,0.0,0.0
2025-09-11 03:25:00+00:00,15.399999618530273,15.399999618530273,15.399999618530273,15.399999618530273,1000,0.0,0.0,0.0
2025-09-11 03:30:00+00:00,15.399999618530273,15.399999618530273,15.399999618530273,15.399999618530273,1150,0.0,0.0,0.0
2025-09-11 03:35:00+00:00,15.390000343322754,15.390000343322754,15.390000343322754,15.390000343322754,1050,0.0,0.0,0.0
2025-09-11 03:40:00+00:00,15.380000114440918,15.380000114440918,15.380000114440918,15.380000114440918,1000,0.0,0.0,0.0
2025-09-11 03:45:00+00:00,15.399999618530273,15.399999618530273,15.399999618530273,15.399999618530273,1163,0.0,0.0,0.0
2025-09-11 03:50:00+00:00,15.369999885559082,15.369999885559082,15.369999885559082,15.369999885559082,3215,0.0,0.0,0.0
2025-09-11 03:55:00+00:00,15.359999656677246,15.359999656677246,15.359999656677246,15.359999656677246,2257,0.0,0.0,0.0
2025-09-11 04:00:00+00:00,15.359999656677246,15.359999656677246,15.359999656677246,15.359999656677246,1000,0.0,0.0,0.0
2025-09-11 04:10:00+00:00,15.359999656677246,15.359999656677246,15.350000381469727,15.350000381469727,11100,0.0,0.0,0.0
2025-09-11 04:20:00+00:00,15.34000015258789,15.34000015258789,15.3100004196167,15.329999923706055,21009,0.0,0.0,0.0
2025-09-11 04:25:00+00:00,15.329999923706055,15.329999923706055,15.300000190734863,15.3100004196167,14200,0.0,0.0,0.0
2025-09-11 04:30:00+00:00,15.319999694824219,15.319999694824219,15.319999694824219,15.319999694824219,2106,0.0,0.0,0.0
2025-09-11 04:35:00+00:00,15.319999694824219,15.319999694824219,15.319999694824219,15.319999694824219,96000,0.0,0.0,0.0
2025-09-11 04:40:00+00:00,15.3100004196167,15.3100004196167,15.3100004196167,15.3100004196167,10064,0.0,0.0,0.0
2025-09-11 04:45:00+00:00,15.289999961853027,15.3100004196167,15.289999961853027,15.3100004196167,20626,0.0,0.0,0.0
2025-09-11 04:55:00+00:00,15.3100004196167,15.319999694824219,15.3100004196167,15.319999694824219,22114,0.0,0.0,0.0
2025-09-11 05:05:00+00:00,15.300000190734863,15.300000190734863,15.300000190734863,15.300000190734863,13517,0.0,0.0,0.0
2025-09-11 05:15:00+00:00,15.300000190734863,15.300000190734863,15.300000190734863,15.300000190734863,21000,0.0,0.0,0.0
2025-09-11 05:20:00+00:00,15.289999961853027,15.300000190734863,15.289999961853027,15.300000190734863,17349,0.0,0.0,0.0
2025-09-12 01:00:00+00:00,15.359999656677246,15.369999885559082,15.359999656677246,15.369999885559082,43000,0.0,0.0,0.0
2025-09-12 01:05:00+00:00,15.369999885559082,15.380000114440918,15.369999885559082,15.380000114440918,4005,0.0,0.0,0.0
2025-09-12 01:15:00+00:00,15.390000343322754,15.399999618530273,15.390000343322754,15.399999618530273,60000,0.0,0.0,0.0
2025-09-12 01:20:00+00:00,15.399999618530273,15.399999618530273,15.399999618530273,15.399999618530273,1133,0.0,0.0,0.0
2025-09-12 01:25:00+00:00,15.390000343322754,15.390000343322754,15.390000343322754,15.390000343322754,2130,0.0,0.0,0.0
2025-09-12 01:30:00+00:00,15.380000114440918,15.380000114440918,15.380000114440918,15.380000114440918,15046,0.0,0.0,0.0
2025-09-12 01:40:00+00:00,15.380000114440918,15.380000114440918,15.369999885559082,15.369999885559082,40000,0.0,0.0,0.0
2025-09-12 01:45:00+00:00,15.359999656677246,15.369999885559082,15.359999656677246,15.369999885559082,64000,0.0,0.0,0.0
2025-09-12 01:50:00+00:00,15.359999656677246,15.369999885559082,15.359999656677246,15.369999885559082,18000,0.0,0.0,0.0
2025-09-12 01:55:00+00:00,15.369999885559082,15.369999885559082,15.369999885559082,15.369999885559082,17000,0.0,0.0,0.0
2025-09-12 02:00:00+00:00,15.380000114440918,15.380000114440918,15.369999885559082,15.369999885559082,31002,0.0,0.0,0.0
2025-09-12 02:05:00+00:00,15.380000114440918,15.380000114440918,15.380000114440918,15.380000114440918,1648,0.0,0.0,0.0
2025-09-12 02:10:00+00:00,15.369999885559082,15.369999885559082,15.369999885559082,15.369999885559082,7252,0.0,0.0,0.0
2025-09-12 02:25:00+00:00,15.369999885559082,15.369999885559082,15.369999885559082,15.369999885559082,59000,0.0,0.0,0.0
2025-09-12 02:30:00+00:00,15.369999885559082,15.380000114440918,15.369999885559082,15.380000114440918,31118,0.0,0.0,0.0
2025-09-12 02:45:00+00:00,15.380000114440918,15.380000114440918,15.380000114440918,15.380000114440918,5100,0.0,0.0,0.0
2025-09-12 02:50:00+00:00,15.369999885559082,15.380000114440918,15.369999885559082,15.380000114440918,58100,0.0,0.0,0.0
2025-09-12 02:55:00+00:00,15.380000114440918,15.380000114440918,15.380000114440918,15.380000114440918,5000,0.0,0.0,0.0
2025-09-12 03:00:00+00:00,15.380000114440918,15.390000343322754,15.380000114440918,15.390000343322754,47816,0.0,0.0,0.0
2025-09-12 03:05:00+00:00,15.390000343322754,15.390000343322754,15.390000343322754,15.390000343322754,2000,0.0,0.0,0.0
2025-09-12 03:10:00+00:00,15.390000343322754,15.390000343322754,15.390000343322754,15.390000343322754,5000,0.0,0.0,0.0
2025-09-12 03:15:00+00:00,15.390000343322754,15.399999618530273,15.390000343322754,15.399999618530273,338610,0.0,0.0,0.0
2025-09-12 03:20:00+00:00,15.399999618530273,15.399999618530273,15.399999618530273,15.399999618530273,1000,0.0,0.0,0.0
2025-09-12 03:25:00+00:00,15.399999618530273,15.399999618530273,15.399999618530273,15.399999618530273,2000,0.0,0.0,0.0
2025-09-12 03:30:00+00:00,15.399999618530273,15.399999618530273,15.399999618530273,15.399999618530273,2000,0.0,0.0,0.0
2025-09-12 03:35:00+00:00,15.399999618530273,15.399999618530273,15.399999618530273,15.399999618530273,9050,0.0,0.0,0.0
2025-09-12 03:45:00+00:00,15.399999618530273,15.399999618530273,15.399999618530273,15.399999618530273,12000,0.0,0.0,0.0
2025-09-12 03:50:00+00:00,15.399999618530273,15.40999984741211,15.399999618530273,15.40999984741211,202150,0.0,0.0,0.0
2025-09-12 03:55:00+00:00,15.399999618530273,15.399999618530273,15.399999618530273,15.399999618530273,10000,0.0,0.0,0.0
2025-09-12 04:05:00+00:00,15.399999618530273,15.40999984741211,15.399999618530273,15.40999984741211,28313,0.0,0.0,0.0
2025-09-12 04:15:00+00:00,15.399999618530273,15.399999618530273,15.399999618530273,15.399999618530273,32803,0.0,0.0,0.0
2025-09-12 04:30:00+00:00,15.399999618530273,15.399999618530273,15.399999618530273,15.399999618530273,5147,0.0,0.0,0.0
2025-09-12 04:45:00+00:00,15.390000343322754,15.390000343322754,15.390000343322754,15.390000343322754,5000,0.0,0.0,0.0
2025-09-12 04:50:00+00:00,15.390000343322754,15.390000343322754,15.390000343322754,15.390000343322754,11015,0.0,0.0,0.0
2025-09-12 04:55:00+00:00,15.390000343322754,15.390000343322754,15.390000343322754,15.390000343322754,100585,0.0,0.0,0.0
2025-09-12 05:00:00+00:00,15.390000343322754,15.399999618530273,15.390000343322754,15.399999618530273,129000,0.0,0.0,0.0
2025-09-12 05:05:00+00:00,15.390000343322754,15.399999618530273,15.390000343322754,15.399999618530273,135000,0.0,0.0,0.0
2025-09-12 05:10:00+00:00,15.399999618530273,15.399999618530273,15.399999618530273,15.399999618530273,43774,0.0,0.0,0.0
2025-09-15 01:00:00+00:00,15.390000343322754,15.40999984741211,15.390000343322754,15.40999984741211,29000,0.0,0.0,0.0
2025-09-15 01:05:00+00:00,15.399999618530273,15.399999618530273,15.399999618530273,15.399999618530273,5302,0.0,0.0,0.0
2025-09-15 01:10:00+00:00,15.399999618530273,15.40999984741211,15.399999618530273,15.40999984741211,39246,0.0,0.0,0.0
2025-09-15 01:15:00+00:00,15.40999984741211,15.449999809265137,15.40999984741211,15.449999809265137,108300,0.0,0.0,0.0
2025-09-15 01:25:00+00:00,15.449999809265137,15.449999809265137,15.449999809265137,15.449999809265137,4000,0.0,0.0,0.0
2025-09-15 01:30:00+00:00,15.449999809265137,15.460000038146973,15.449999809265137,15.460000038146973,23224,0.0,0.0,0.0
2025-09-15 01:35:00+00:00,15.4399995803833,15.4399995803833,15.4399995803833,15.4399995803833,8809,0.0,0.0,0.0
2025-09-15 01:45:00+00:00,15.430000305175781,15.430000305175781,15.430000305175781,15.430000305175781,7161,0.0,0.0,0.0
2025-09-15 01:50:00+00:00,15.430000305175781,15.430000305175781,15.430000305175781,15.430000305175781,2031,0.0,0.0,0.0
2025-09-15 01:55:00+00:00,15.430000305175781,15.430000305175781,15.430000305175781,15.430000305175781,78100,0.0,0.0,0.0
2025-09-15 02:00:00+00:00,15.430000305175781,15.4399995803833,15.420000076293945,15.420000076293945,55750,0.0,0.0,0.0
2025-09-15 02:05:00+00:00,15.420000076293945,15.420000076293945,15.420000076293945,15.420000076293945,28722,0.0,0.0,0.0
2025-09-15 02:10:00+00:00,15.420000076293945,15.420000076293945,15.420000076293945,15.420000076293945,71000,0.0,0.0,0.0
2025-09-15 02:15:00+00:00,15.430000305175781,15.430000305175781,15.399999618530273,15.399999618530273,7100,0.0,0.0,0.0
2025-09-15 02:20:00+00:00,15.399999618530273,15.399999618530273,15.399999618530273,15.399999618530273,2100,0.0,0.0,0.0
2025-09-15 02:25:00+00:00,15.390000343322754,15.390000343322754,15.390000343322754,15.390000343322754,2000,0.0,0.0,0.0
2025-09-15 02:30:00+00:00,15.399999618530273,15.399999618530273,15.380000114440918,15.380000114440918,13101,0.0,0.0,0.0
2025-09-15 02:35:00+00:00,15.369999885559082,15.369999885559082,15.369999885559082,15.369999885559082,5000,0.0,0.0,0.0
2025-09-15 02:40:00+00:00,15.390000343322754,15.390000343322754,15.390000343322754,15.390000343322754,56003,0.0,0.0,0.0
2025-09-15 02:45:00+00:00,15.399999618530273,15.399999618530273,15.399999618530273,15.399999618530273,2100,0.0,0.0,0.0
2025-09-15 02:50:00+00:00,15.390000343322754,15.390000343322754,15.390000343322754,15.390000343322754,13000,0.0,0.0,0.0
2025-09-15 02:55:00+00:00,15.380000114440918,15.380000114440918,15.380000114440918,15.380000114440918,5169,0.0,0.0,0.0
2025-09-15 03:00:00+00:00,15.380000114440918,15.380000114440918,15.380000114440918,15.380000114440918,6218,0.0,0.0,0.0
2025-09-15 03:05:00+00:00,15.380000114440918,15.380000114440918,15.380000114440918,15.380000114440918,1410,0.0,0.0,0.0
2025-09-15 03:20:00+00:00,15.380000114440918,15.380000114440918,15.380000114440918,15.380000114440918,5050,0.0,0.0,0.0
2025-09-15 03:25:00+00:00,15.369999885559082,15.369999885559082,15.369999885559082,15.369999885559082,2000,0.0,0.0,0.0
2025-09-15 03:30:00+00:00,15.369999885559082,15.369999885559082,15.369999885559082,15.369999885559082,1286,0.0,0.0,0.0
2025-09-15 03:45:00+00:00,15.369999885559082,15.369999885559082,15.369999885559082,15.369999885559082,1600,0.0,0.0,0.0
2025-09-15 03:55:00+00:00,15.369999885559082,15.369999885559082,15.369999885559082,15.369999885559082,6180,0.0,0.0,0.0
2025-09-15 04:00:00+00:00,15.359999656677246,15.359999656677246,15.359999656677246,15.359999656677246,6070,0.0,0.0,0.0
2025-09-15 04:15:00+00:00,15.359999656677246,15.359999656677246,15.359999656677246,15.359999656677246,3150,0.0,0.0,0.0
2025-09-15 04:20:00+00:00,15.359999656677246,15.359999656677246,15.359999656677246,15.359999656677246,8510,0.0,0.0,0.0
2025-09-15 04:25:00+00:00,15.359999656677246,15.359999656677246,15.359999656677246,15.359999656677246,100320,0.0,0.0,0.0
2025-09-15 04:30:00+00:00,15.359999656677246,15.359999656677246,15.359999656677246,15.359999656677246,5485,0.0,0.0,0.0
2025-09-15 04:40:00+00:00,15.359999656677246,15.359999656677246,15.359999656677246,15.359999656677246,2100,0.0,0.0,0.0
2025-09-15 04:50:00+00:00,15.359999656677246,15.359999656677246,15.359999656677246,15.359999656677246,101760,0.0,0.0,0.0
2025-09-15 05:00:00+00:00,15.359999656677246,15.359999656677246,15.350000381469727,15.359999656677246,110250,0.0,0.0,0.0
2025-09-15 05:10:00+00:00,15.350000381469727,15.350000381469727,15.350000381469727,15.350000381469727,1770,0.0,0.0,0.0
2025-09-15 05:15:00+00:00,15.350000381469727,15.350000381469727,15.350000381469727,15.350000381469727,106305,0.0,0.0,0.0
2025-09-16 01:10:00+00:00,15.380000114440918,15.380000114440918,15.380000114440918,15.380000114440918,0,0.0,0.0,0.0
2025-09-16 01:20:00+00:00,15.359999656677246,15.359999656677246,15.350000381469727,15.350000381469727,10123,0.0,0.0,0.0
2025-09-16 01:30:00+00:00,15.350000381469727,15.350000381469727,15.350000381469727,15.350000381469727,2476,0.0,0.0,0.0
2025-09-16 01:35:00+00:00,15.350000381469727,15.350000381469727,15.350000381469727,15.350000381469727,21000,0.0,0.0,0.0
2025-09-16 01:40:00+00:00,15.350000381469727,15.350000381469727,15.350000381469727,15.350000381469727,1100,0.0,0.0,0.0
2025-09-16 01:55:00+00:00,15.369999885559082,15.369999885559082,15.369999885559082,15.369999885559082,63228,0.0,0.0,0.0
2025-09-16 02:00:00+00:00,15.380000114440918,15.399999618530273,15.380000114440918,15.399999618530273,132673,0.0,0.0,0.0
2025-09-16 02:10:00+00:00,15.390000343322754,15.390000343322754,15.390000343322754,15.390000343322754,3007,0.0,0.0,0.0
2025-09-16 02:15:00+00:00,15.390000343322754,15.390000343322754,15.380000114440918,15.380000114440918,7160,0.0,0.0,0.0
2025-09-16 02:20:00+00:00,15.380000114440918,15.380000114440918,15.380000114440918,15.380000114440918,2200,0.0,0.0,0.0
2025-09-16 02:30:00+00:00,15.390000343322754,15.399999618530273,15.390000343322754,15.399999618530273,94063,0.0,0.0,0.0
2025-09-16 02:35:00+00:00,15.390000343322754,15.390000343322754,15.390000343322754,15.390000343322754,2001,0.0,0.0,0.0
2025-09-16 02:45:00+00:00,15.390000343322754,15.399999618530273,15.390000343322754,15.399999618530273,2229,0.0,0.0,0.0
2025-09-16 02:50:00+00:00,15.380000114440918,15.380000114440918,15.380000114440918,15.380000114440918,3015,0.0,0.0,0.0
2025-09-16 03:00:00+00:00,15.399999618530273,15.399999618530273,15.390000343322754,15.390000343322754,4357,0.0,0.0,0.0
2025-09-16 03:05:00+00:00,15.390000343322754,15.390000343322754,15.380000114440918,15.380000114440918,2018,0.0,0.0,0.0
2025-09-16 03:15:00+00:00,15.380000114440918,15.390000343322754,15.380000114440918,15.390000343322754,2220,0.0,0.0,0.0
2025-09-16 03:25:00+00:00,15.359999656677246,15.359999656677246,15.359999656677246,15.359999656677246,20000,0.0,0.0,0.0
2025-09-16 03:30:00+00:00,15.359999656677246,15.359999656677246,15.359999656677246,15.359999656677246,1014,0.0,0.0,0.0
2025-09-16 03:35:00+00:00,15.380000114440918,15.380000114440918,15.380000114440918,15.380000114440918,54455,0.0,0.0,0.0
2025-09-16 03:50:00+00:00,15.380000114440918,15.380000114440918,15.380000114440918,15.380000114440918,2015,0.0,0.0,0.0
2025-09-16 03:55:00+00:00,15.380000114440918,15.380000114440918,15.380000114440918,15.380000114440918,2000,0.0,0.0,0.0
2025-09-16 04:00:00+00:00,15.380000114440918,15.380000114440918,15.380000114440918,15.380000114440918,2015,0.0,0.0,0.0
2025-09-16 04:05:00+00:00,15.380000114440918,15.380000114440918,15.380000114440918,15.380000114440918,3259,0.0,0.0,0.0
2025-09-16 04:10:00+00:00,15.390000343322754,15.390000343322754,15.390000343322754,15.390000343322754,2192,0.0,0.0,0.0
2025-09-16 04:15:00+00:00,15.380000114440918,15.380000114440918,15.380000114440918,15.380000114440918,5555,0.0,0.0,0.0
2025-09-16 04:25:00+00:00,15.380000114440918,15.380000114440918,15.380000114440918,15.380000114440918,23834,0.0,0.0,0.0
2025-09-16 04:55:00+00:00,15.369999885559082,15.369999885559082,15.369999885559082,15.369999885559082,14618,0.0,0.0,0.0
2025-09-16 05:15:00+00:00,15.350000381469727,15.350000381469727,15.350000381469727,15.350000381469727,100000,0.0,0.0,0.0
2025-09-16 05:20:00+00:00,15.350000381469727,15.359999656677246,15.350000381469727,15.350000381469727,4050,0.0,0.0,0.0
2025-09-17 01:00:00+00:00,15.40999984741211,15.460000038146973,15.40999984741211,15.460000038146973,56000,0.0,0.0,0.0
2025-09-17 01:05:00+00:00,15.399999618530273,15.399999618530273,15.390000343322754,15.390000343322754,15535,0.0,0.0,0.0
2025-09-17 01:10:00+00:00,15.399999618530273,15.399999618530273,15.399999618530273,15.399999618530273,9000,0.0,0.0,0.0
2025-09-17 01:15:00+00:00,15.399999618530273,15.399999618530273,15.399999618530273,15.399999618530273,31000,0.0,0.0,0.0
2025-09-17 01:20:00+00:00,15.399999618530273,15.399999618530273,15.390000343322754,15.399999618530273,68040,0.0,0.0,0.0
2025-09-17 01:25:00+00:00,15.399999618530273,15.40999984741211,15.399999618530273,15.399999618530273,26519,0.0,0.0,0.0
2025-09-17 01:30:00+00:00,15.40999984741211,15.430000305175781,15.40999984741211,15.430000305175781,40865,0.0,0.0,0.0
2025-09-17 01:40:00+00:00,15.40999984741211,15.40999984741211,15.40999984741211,15.40999984741211,20435,0.0,0.0,0.0
2025-09-17 01:45:00+00:00,15.40999984741211,15.40999984741211,15.40999984741211,15.40999984741211,10050,0.0,0.0,0.0
2025-09-17 01:50:00+00:00,15.40999984741211,15.420000076293945,15.40999984741211,15.420000076293945,12140,0.0,0.0,0.0
2025-09-17 02:00:00+00:00,15.40999984741211,15.40999984741211,15.40999984741211,15.40999984741211,13000,0.0,0.0,0.0
2025-09-17 02:05:00+00:00,15.40999984741211,15.40999984741211,15.40999984741211,15.40999984741211,26000,0.0,0.0,0.0
2025-09-17 02:10:00+00:00,15.40999984741211,15.420000076293945,15.40999984741211,15.420000076293945,3035,0.0,0.0,0.0
2025-09-17 02:15:00+00:00,15.40999984741211,15.40999984741211,15.40999984741211,15.40999984741211,12000,0.0,0.0,0.0
2025-09-17 02:20:00+00:00,15.40999984741211,15.40999984741211,15.40999984741211,15.40999984741211,5000,0.0,0.0,0.0
2025-09-17 02:25:00+00:00,15.40999984741211,15.40999984741211,15.40999984741211,15.40999984741211,30000,0.0,0.0,0.0
2025-09-17 02:30:00+00:00,15.40999984741211,15.40999984741211,15.40999984741211,15.40999984741211,4000,0.0,0.0,0.0
2025-09-17 02:35:00+00:00,15.399999618530273,15.399999618530273,15.399999618530273,15.399999618530273,1000,0.0,0.0,0.0
2025-09-17 02:40:00+00:00,15.399999618530273,15.399999618530273,15.390000343322754,15.399999618530273,20181,0.0,0.0,0.0
2025-09-17 02:45:00+00:00,15.399999618530273,15.399999618530273,15.380000114440918,15.380000114440918,4000,0.0,0.0,0.0
2025-09-17 02:50:00+00:00,15.380000114440918,15.399999618530273,15.380000114440918,15.399999618530273,23809,0.0,0.0,0.0
2025-09-17 02:55:00+00:00,15.390000343322754,15.40999984741211,15.390000343322754,15.40999984741211,115112,0.0,0.0,0.0
2025-09-17 03:05:00+00:00,15.399999618530273,15.399999618530273,15.399999618530273,15.399999618530273,7000,0.0,0.0,0.0
2025-09-17 03:10:00+00:00,15.399999618530273,15.399999618530273,15.399999618530273,15.399999618530273,2000,0.0,0.0,0.0
2025-09-17 03:15:00+00:00,15.399999618530273,15.399999618530273,15.399999618530273,15.399999618530273,1035,0.0,0.0,0.0
2025-09-17 03:25:00+00:00,15.399999618530273,15.399999618530273,15.399999618530273,15.399999618530273,8000,0.0,0.0,0.0
2025-09-17 03:30:00+00:00,15.40999984741211,15.40999984741211,15.40999984741211,15.40999984741211,32130,0.0,0.0,0.0
2025-09-17 03:35:00+00:00,15.399999618530273,15.399999618530273,15.399999618530273,15.399999618530273,1149,0.0,0.0,0.0
2025-09-17 03:40:00+00:00,15.40999984741211,15.40999984741211,15.40999984741211,15.40999984741211,1100,0.0,0.0,0.0
2025-09-17 03:55:00+00:00,15.399999618530273,15.399999618530273,15.399999618530273,15.399999618530273,72790,0.0,0.0,0.0
2025-09-17 04:00:00+00:00,15.390000343322754,15.390000343322754,15.390000343322754,15.390000343322754,1300,0.0,0.0,0.0
2025-09-17 04:05:00+00:00,15.390000343322754,15.390000343322754,15.390000343322754,15.390000343322754,7000,0.0,0.0,0.0
2025-09-17 04:10:00+00:00,15.390000343322754,15.399999618530273,15.390000343322754,15.399999618530273,12000,0.0,0.0,0.0
2025-09-17 04:15:00+00:00,15.399999618530273,15.399999618530273,15.399999618530273,15.399999618530273,40000,0.0,0.0,0.0
2025-09-17 04:20:00+00:00,15.399999618530273,15.399999618530273,15.399999618530273,15.399999618530273,8155,0.0,0.0,0.0
2025-09-17 04:30:00+00:00,15.399999618530273,15.399999618530273,15.399999618530273,15.399999618530273,11070,0.0,0.0,0.0
2025-09-17 04:35:00+00:00,15.399999618530273,15.399999618530273,15.399999618530273,15.399999618530273,20204,0.0,0.0,0.0
2025-09-17 04:40:00+00:00,15.390000343322754,15.390000343322754,15.390000343322754,15.390000343322754,1000,0.0,0.0,0.0
2025-09-17 04:45:00+00:00,15.390000343322754,15.390000343322754,15.390000343322754,15.390000343322754,1103,0.0,0.0,0.0
2025-09-17 05:00:00+00:00,15.380000114440918,15.380000114440918,15.380000114440918,15.380000114440918,6000,0.0,0.0,0.0
2025-09-17 05:05:00+00:00,15.380000114440918,15.380000114440918,15.380000114440918,15.380000114440918,4173,0.0,0.0,0.0
2025-09-17 05:15:00+00:00,15.369999885559082,15.369999885559082,15.369999885559082,15.369999885559082,6000,0.0,0.0,0.0
2025-09-17 05:20:00+00:00,15.369999885559082,15.369999885559082,15.359999656677246,15.359999656677246,11497,0.0,0.0,0.0
2025-09-18 01:00:00+00:00,15.40999984741211,15.4399995803833,15.40999984741211,15.4399995803833,0,0.0,0.0,0.0
2025-09-18 01:05:00+00:00,15.4399995803833,15.4399995803833,15.4399995803833,15.4399995803833,109444,0.0,0.0,0.0
2025-09-18 01:10:00+00:00,15.430000305175781,15.430000305175781,15.430000305175781,15.430000305175781,1000,0.0,0.0,0.0
2025-09-18 01:15:00+00:00,15.40999984741211,15.420000076293945,15.40999984741211,15.40999984741211,23903,0.0,0.0,0.0
2025-09-18 01:20:00+00:00,15.40999984741211,15.40999984741211,15.40999984741211,15.40999984741211,4023,0.0,0.0,0.0
2025-09-18 01:25:00+00:00,15.40999984741211,15.430000305175781,15.399999618530273,15.430000305175781,29123,0.0,0.0,0.0
2025-09-18 01:35:00+00:00,15.420000076293945,15.420000076293945,15.420000076293945,15.420000076293945,35570,0.0,0.0,0.0
2025-09-18 01:45:00+00:00,15.399999618530273,15.40999984741211,15.399999618530273,15.40999984741211,13412,0.0,0.0,0.0
2025-09-18 01:55:00+00:00,15.399999618530273,15.40999984741211,15.399999618530273,15.40999984741211,9168,0.0,0.0,0.0
2025-09-18 02:05:00+00:00,15.399999618530273,15.399999618530273,15.399999618530273,15.399999618530273,1034,0.0,0.0,0.0
2025-09-18 02:10:00+00:00,15.399999618530273,15.399999618530273,15.399999618530273,15.399999618530273,2088,0.0,0.0,0.0
2025-09-18 02:15:00+00:00,15.399999618530273,15.399999618530273,15.399999618530273,15.399999618530273,1427,0.0,0.0,0.0
2025-09-18 02:20:00+00:00,15.399999618530273,15.399999618530273,15.399999618530273,15.399999618530273,1124,0.0,0.0,0.0
2025-09-18 02:25:00+00:00,15.390000343322754,15.390000343322754,15.390000343322754,15.390000343322754,2294,0.0,0.0,0.0
2025-09-18 02:30:00+00:00,15.380000114440918,15.380000114440918,15.380000114440918,15.380000114440918,6270,0.0,0.0,0.0
2025-09-18 02:35:00+00:00,15.380000114440918,15.380000114440918,15.380000114440918,15.380000114440918,3256,0.0,0.0,0.0
2025-09-18 02:45:00+00:00,15.380000114440918,15.380000114440918,15.380000114440918,15.380000114440918,26902,0.0,0.0,0.0
2025-09-18 02:55:00+00:00,15.390000343322754,15.40999984741211,15.390000343322754,15.40999984741211,68122,0.0,0.0,0.0
2025-09-18 03:00:00+00:00,15.40999984741211,15.40999984741211,15.40999984741211,15.40999984741211,10268,0.0,0.0,0.0
2025-09-18 03:15:00+00:00,15.40999984741211,15.40999984741211,15.40999984741211,15.40999984741211,1191,0.0,0.0,0.0
2025-09-18 03:25:00+00:00,15.399999618530273,15.399999618530273,15.369999885559082,15.369999885559082,12134,0.0,0.0,0.0
2025-09-18 03:30:00+00:00,15.369999885559082,15.369999885559082,15.369999885559082,15.369999885559082,6239,0.0,0.0,0.0
2025-09-18 03:35:00+00:00,15.399999618530273,15.399999618530273,15.399999618530273,15.399999618530273,1097,0.0,0.0,0.0
2025-09-18 03:45:00+00:00,15.390000343322754,15.399999618530273,15.390000343322754,15.399999618530273,2000,0.0,0.0,0.0
2025-09-18 03:50:00+00:00,15.380000114440918,15.380000114440918,15.380000114440918,15.380000114440918,2776,0.0,0.0,0.0
2025-09-18 04:00:00+00:00,15.380000114440918,15.380000114440918,15.380000114440918,15.380000114440918,7896,0.0,0.0,0.0
2025-09-18 04:15:00+00:00,15.380000114440918,15.380000114440918,15.380000114440918,15.380000114440918,72100,0.0,0.0,0.0
2025-09-18 04:20:00+00:00,15.380000114440918,15.380000114440918,15.369999885559082,15.369999885559082,5149,0.0,0.0,0.0
2025-09-18 04:25:00+00:00,15.369999885559082,15.380000114440918,15.369999885559082,15.380000114440918,7192,0.0,0.0,0.0
2025-09-18 04:30:00+00:00,15.380000114440918,15.380000114440918,15.380000114440918,15.380000114440918,8135,0.0,0.0,0.0
2025-09-18 04:35:00+00:00,15.380000114440918,15.380000114440918,15.380000114440918,15.380000114440918,1112,0.0,0.0,0.0
2025-09-18 04:40:00+00:00,15.380000114440918,15.380000114440918,15.380000114440918,15.380000114440918,2000,0.0,0.0,0.0
2025-09-18 04:45:00+00:00,15.390000343322754,15.390000343322754,15.390000343322754,15.390000343322754,4000,0.0,0.0,0.0
2025-09-18 04:50:00+00:00,15.390000343322754,15.390000343322754,15.390000343322754,15.390000343322754,11261,0.0,0.0,0.0
2025-09-18 04:55:00+00:00,15.399999618530273,15.399999618530273,15.390000343322754,15.390000343322754,18062,0.0,0.0,0.0
2025-09-18 05:05:00+00:00,15.390000343322754,15.390000343322754,15.390000343322754,15.390000343322754,3100,0.0,0.0,0.0
2025-09-18 05:10:00+00:00,15.390000343322754,15.390000343322754,15.390000343322754,15.390000343322754,1115,0.0,0.0,0.0
2025-09-18 05:15:00+00:00,15.390000343322754,15.390000343322754,15.390000343322754,15.390000343322754,5169,0.0,0.0,0.0
2025-09-18 05:20:00+00:00,15.390000343322754,15.390000343322754,15.390000343322754,15.390000343322754,1000,0.0,0.0,0.0
2025-09-19 01:00:00+00:00,15.380000114440918,15.380000114440918,15.359999656677246,15.359999656677246,0,0.0,0.0,0.0
2025-09-19 01:05:00+00:00,15.350000381469727,15.350000381469727,15.350000381469727,15.350000381469727,11459,0.0,0.0,0.0
2025-09-19 01:10:00+00:00,15.350000381469727,15.350000381469727,15.350000381469727,15.350000381469727,2000,0.0,0.0,0.0
2025-09-19 01:15:00+00:00,15.329999923706055,15.329999923706055,15.319999694824219,15.319999694824219,19969,0.0,0.0,0.0
2025-09-19 01:20:00+00:00,15.3100004196167,15.3100004196167,15.3100004196167,15.3100004196167,8042,0.0,0.0,0.0
2025-09-19 01:25:00+00:00,15.300000190734863,15.319999694824219,15.300000190734863,15.319999694824219,22468,0.0,0.0,0.0
2025-09-19 01:30:00+00:00,15.329999923706055,15.359999656677246,15.329999923706055,15.359999656677246,15250,0.0,0.0,0.0
2025-09-19 01:35:00+00:00,15.359999656677246,15.359999656677246,15.359999656677246,15.359999656677246,3032,0.0,0.0,0.0
2025-09-19 01:40:00+00:00,15.369999885559082,15.369999885559082,15.369999885559082,15.369999885559082,1000,0.0,0.0,0.0
2025-09-19 01:45:00+00:00,15.380000114440918,15.380000114440918,15.369999885559082,15.369999885559082,6101,0.0,0.0,0.0
2025-09-19 01:50:00+00:00,15.380000114440918,15.380000114440918,15.380000114440918,15.380000114440918,31000,0.0,0.0,0.0
2025-09-19 01:55:00+00:00,15.380000114440918,15.390000343322754,15.380000114440918,15.390000343322754,18100,0.0,0.0,0.0
2025-09-19 02:00:00+00:00,15.390000343322754,15.399999618530273,15.390000343322754,15.399999618530273,14200,0.0,0.0,0.0
2025-09-19 02:10:00+00:00,15.40999984741211,15.40999984741211,15.40999984741211,15.40999984741211,5260,0.0,0.0,0.0
2025-09-19 02:15:00+00:00,15.420000076293945,15.420000076293945,15.40999984741211,15.40999984741211,117700,0.0,0.0,0.0
2025-09-19 02:20:00+00:00,15.399999618530273,15.399999618530273,15.399999618530273,15.399999618530273,1000,0.0,0.0,0.0
2025-09-19 02:30:00+00:00,15.390000343322754,15.390000343322754,15.390000343322754,15.390000343322754,1100,0.0,0.0,0.0
2025-09-19 02:35:00+00:00,15.390000343322754,15.390000343322754,15.390000343322754,15.390000343322754,51000,0.0,0.0,0.0
2025-09-19 02:45:00+00:00,15.390000343322754,15.390000343322754,15.380000114440918,15.380000114440918,101102,0.0,0.0,0.0
2025-09-19 02:55:00+00:00,15.380000114440918,15.380000114440918,15.380000114440918,15.380000114440918,3000,0.0,0.0,0.0
2025-09-19 03:00:00+00:00,15.390000343322754,15.390000343322754,15.390000343322754,15.390000343322754,1250,0.0,0.0,0.0
2025-09-19 03:10:00+00:00,15.390000343322754,15.390000343322754,15.390000343322754,15.390000343322754,29002,0.0,0.0,0.0
2025-09-19 03:15:00+00:00,15.399999618530273,15.399999618530273,15.399999618530273,15.399999618530273,10783,0.0,0.0,0.0
2025-09-19 03:20:00+00:00,15.399999618530273,15.399999618530273,15.399999618530273,15.399999618530273,2050,0.0,0.0,0.0
2025-09-19 03:25:00+00:00,15.399999618530273,15.399999618530273,15.399999618530273,15.399999618530273,1176,0.0,0.0,0.0
2025-09-19 03:35:00+00:00,15.40999984741211,15.40999984741211,15.40999984741211,15.40999984741211,18030,0.0,0.0,0.0
2025-09-19 03:45:00+00:00,15.399999618530273,15.399999618530273,15.399999618530273,15.399999618530273,1000,0.0,0.0,0.0
2025-09-19 03:50:00+00:00,15.40999984741211,15.40999984741211,15.40999984741211,15.40999984741211,19000,0.0,0.0,0.0
2025-09-19 04:00:00+00:00,15.40999984741211,15.40999984741211,15.40999984741211,15.40999984741211,5000,0.0,0.0,0.0
2025-09-19 04:05:00+00:00,15.420000076293945,15.420000076293945,15.420000076293945,15.420000076293945,94000,0.0,0.0,0.0
2025-09-19 04:10:00+00:00,15.430000305175781,15.430000305175781,15.430000305175781,15.430000305175781,2027,0.0,0.0,0.0
2025-09-19 04:20:00+00:00,15.420000076293945,15.420000076293945,15.420000076293945,15.420000076293945,2449,0.0,0.0,0.0
2025-09-19 04:25:00+00:00,15.40999984741211,15.40999984741211,15.40999984741211,15.40999984741211,1103,0.0,0.0,0.0
2025-09-19 04:35:00+00:00,15.399999618530273,15.40999984741211,15.399999618530273,15.40999984741211,31362,0.0,0.0,0.0
2025-09-19 04:50:00+00:00,15.40999984741211,15.40999984741211,15.40999984741211,15.40999984741211,5000,0.0,0.0,0.0
2025-09-19 04:55:00+00:00,15.40999984741211,15.40999984741211,15.40999984741211,15.40999984741211,5020,0.0,0.0,0.0
2025-09-19 05:00:00+00:00,15.40999984741211,15.40999984741211,15.40999984741211,15.40999984741211,1236,0.0,0.0,0.0
2025-09-19 05:15:00+00:00,15.399999618530273,15.399999618530273,15.399999618530273,15.399999618530273,4017,0.0,0.0,0.0
2025-09-19 05:20:00+00:00,15.399999618530273,15.399999618530273,15.399999618530273,15.399999618530273,1035,0.0,0.0,0.0
2025-09-22 01:00:00+00:00,15.399999618530273,15.399999618530273,15.399999618530273,15.399999618530273,0,0.0,0.0,0.0
2025-09-22 01:05:00+00:00,15.399999618530273,15.399999618530273,15.399999618530273,15.399999618530273,3906,0.0,0.0,0.0
2025-09-22 01:10:00+00:00,15.399999618530273,15.399999618530273,15.399999618530273,15.399999618530273,2000,0.0,0.0,0.0
2025-09-22 01:20:00+00:00,15.399999618530273,15.40999984741211,15.399999618530273,15.40999984741211,5039,0.0,0.0,0.0
2025-09-22 01:25:00+00:00,15.420000076293945,15.4399995803833,15.420000076293945,15.4399995803833,25000,0.0,0.0,0.0
2025-09-22 01:30:00+00:00,15.4399995803833,15.4399995803833,15.4399995803833,15.4399995803833,16272,0.0,0.0,0.0
2025-09-22 01:40:00+00:00,15.4399995803833,15.4399995803833,15.4399995803833,15.4399995803833,1025,0.0,0.0,0.0
2025-09-22 01:45:00+00:00,15.420000076293945,15.420000076293945,15.420000076293945,15.420000076293945,10276,0.0,0.0,0.0
2025-09-22 02:00:00+00:00,15.430000305175781,15.430000305175781,15.430000305175781,15.430000305175781,1294,0.0,0.0,0.0
2025-09-22 02:05:00+00:00,15.420000076293945,15.420000076293945,15.420000076293945,15.420000076293945,6118,0.0,0.0,0.0
2025-09-22 02:20:00+00:00,15.420000076293945,15.420000076293945,15.420000076293945,15.420000076293945,2000,0.0,0.0,0.0
2025-09-22 02:25:00+00:00,15.430000305175781,15.430000305175781,15.430000305175781,15.430000305175781,17000,0.0,0.0,0.0
2025-09-22 02:30:00+00:00,15.430000305175781,15.430000305175781,15.40999984741211,15.420000076293945,9357,0.0,0.0,0.0
2025-09-22 02:35:00+00:00,15.430000305175781,15.430000305175781,15.430000305175781,15.430000305175781,7415,0.0,0.0,0.0
2025-09-22 03:05:00+00:00,15.40999984741211,15.40999984741211,15.40999984741211,15.40999984741211,10129,0.0,0.0,0.0
2025-09-22 03:10:00+00:00,15.399999618530273,15.399999618530273,15.399999618530273,15.399999618530273,28269,0.0,0.0,0.0
2025-09-22 03:15:00+00:00,15.390000343322754,15.390000343322754,15.380000114440918,15.380000114440918,3201,0.0,0.0,0.0
2025-09-22 03:25:00+00:00,15.399999618530273,15.399999618530273,15.399999618530273,15.399999618530273,20036,0.0,0.0,0.0
2025-09-22 03:30:00+00:00,15.399999618530273,15.40999984741211,15.399999618530273,15.40999984741211,24430,0.0,0.0,0.0
2025-09-22 03:40:00+00:00,15.420000076293945,15.420000076293945,15.420000076293945,15.420000076293945,10100,0.0,0.0,0.0
2025-09-22 03:45:00+00:00,15.420000076293945,15.430000305175781,15.420000076293945,15.430000305175781,76002,0.0,0.0,0.0
2025-09-22 03:50:00+00:00,15.420000076293945,15.430000305175781,15.420000076293945,15.420000076293945,21000,0.0,0.0,0.0
2025-09-22 04:00:00+00:00,15.420000076293945,15.420000076293945,15.420000076293945,15.420000076293945,3100,0.0,0.0,0.0
2025-09-22 04:05:00+00:00,15.420000076293945,15.420000076293945,15.420000076293945,15.420000076293945,3812,0.0,0.0,0.0
2025-09-22 04:20:00+00:00,15.399999618530273,15.399999618530273,15.399999618530273,15.399999618530273,3120,0.0,0.0,0.0
2025-09-22 04:30:00+00:00,15.420000076293945,15.420000076293945,15.420000076293945,15.420000076293945,14034,0.0,0.0,0.0
2025-09-22 04:40:00+00:00,15.430000305175781,15.430000305175781,15.420000076293945,15.420000076293945,22302,0.0,0.0,0.0
2025-09-22 04:50:00+00:00,15.40999984741211,15.40999984741211,15.40999984741211,15.40999984741211,6000,0.0,0.0,0.0
2025-09-22 04:55:00+00:00,15.420000076293945,15.420000076293945,15.420000076293945,15.420000076293945,4678,0.0,0.0,0.0
2025-09-22 05:00:00+00:00,15.420000076293945,15.420000076293945,15.420000076293945,15.420000076293945,1000,0.0,0.0,0.0
2025-09-22 05:05:00+00:00,15.420000076293945,15.420000076293945,15.420000076293945,15.420000076293945,2050,0.0,0.0,0.0
2025-09-22 05:10:00+00:00,15.420000076293945,15.420000076293945,15.420000076293945,15.420000076293945,1098,0.0,0.0,0.0
2025-09-22 05:20:00+00:00,15.40999984741211,15.420000076293945,15.40999984741211,15.420000076293945,115206,0.0,0.0,0.0
2025-09-23 01:00:00+00:00,15.4399995803833,15.4399995803833,15.4399995803833,15.4399995803833,0,0.0,0.0,0.0
2025-09-23 01:05:00+00:00,15.420000076293945,15.430000305175781,15.420000076293945,15.430000305175781,113000,0.0,0.0,0.0
2025-09-23 01:10:00+00:00,15.420000076293945,15.420000076293945,15.420000076293945,15.420000076293945,101122,0.0,0.0,0.0
2025-09-23 01:15:00+00:00,15.420000076293945,15.420000076293945,15.40999984741211,15.40999984741211,126450,0.0,0.0,0.0
2025-09-23 01:20:00+00:00,15.40999984741211,15.40999984741211,15.40999984741211,15.40999984741211,2010,0.0,0.0,0.0
2025-09-23 01:25:00+00:00,15.40999984741211,15.40999984741211,15.40999984741211,15.40999984741211,3172,0.0,0.0,0.0
2025-09-23 01:30:00+00:00,15.420000076293945,15.430000305175781,15.420000076293945,15.430000305175781,28340,0.0,0.0,0.0
2025-09-23 01:35:00+00:00,15.4399995803833,15.4399995803833,15.430000305175781,15.4399995803833,37415,0.0,0.0,0.0
2025-09-23 01:45:00+00:00,15.4399995803833,15.4399995803833,15.430000305175781,15.430000305175781,10335,0.0,0.0,0.0
2025-09-23 01:50:00+00:00,15.4399995803833,15.4399995803833,15.430000305175781,15.430000305175781,218240,0.0,0.0,0.0
2025-09-23 01:55:00+00:00,15.430000305175781,15.4399995803833,15.430000305175781,15.430000305175781,7210,0.0,0.0,0.0
2025-09-23 02:00:00+00:00,15.4399995803833,15.4399995803833,15.4399995803833,15.4399995803833,1544,0.0,0.0,0.0
2025-09-23 02:05:00+00:00,15.4399995803833,15.4399995803833,15.430000305175781,15.4399995803833,3106,0.0,0.0,0.0
2025-09-23 02:10:00+00:00,15.4399995803833,15.4399995803833,15.4399995803833,15.4399995803833,43505,0.0,0.0,0.0
2025-09-23 02:15:00+00:00,15.449999809265137,15.449999809265137,15.4399995803833,15.449999809265137,105354,0.0,0.0,0.0
2025-09-23 02:20:00+00:00,15.460000038146973,15.460000038146973,15.460000038146973,15.460000038146973,62517,0.0,0.0,0.0
2025-09-23 02:25:00+00:00,15.460000038146973,15.460000038146973,15.460000038146973,15.460000038146973,1000,0.0,0.0,0.0
2025-09-23 02:30:00+00:00,15.460000038146973,15.479999542236328,15.460000038146973,15.479999542236328,87818,0.0,0.0,0.0
2025-09-23 02:35:00+00:00,15.470000267028809,15.479999542236328,15.470000267028809,15.470000267028809,6400,0.0,0.0,0.0
2025-09-23 02:45:00+00:00,15.470000267028809,15.479999542236328,15.470000267028809,15.479999542236328,3287,0.0,0.0,0.0
2025-09-23 02:55:00+00:00,15.479999542236328,15.479999542236328,15.479999542236328,15.479999542236328,1915,0.0,0.0,0.0
2025-09-23 03:00:00+00:00,15.479999542236328,15.479999542236328,15.479999542236328,15.479999542236328,7200,0.0,0.0,0.0
2025-09-23 03:05:00+00:00,15.479999542236328,15.479999542236328,15.470000267028809,15.470000267028809,3000,0.0,0.0,0.0
2025-09-23 03:10:00+00:00,15.470000267028809,15.470000267028809,15.470000267028809,15.470000267028809,2005,0.0,0.0,0.0
2025-09-23 03:15:00+00:00,15.479999542236328,15.479999542236328,15.479999542236328,15.479999542236328,1094,0.0,0.0,0.0
2025-09-23 03:25:00+00:00,15.479999542236328,15.479999542236328,15.479999542236328,15.479999542236328,140100,0.0,0.0,0.0
2025-09-23 03:30:00+00:00,15.489999771118164,15.489999771118164,15.489999771118164,15.489999771118164,10248,0.0,0.0,0.0
2025-09-23 03:35:00+00:00,15.489999771118164,15.5,15.460000038146973,15.460000038146973,120065,0.0,0.0,0.0
2025-09-23 03:40:00+00:00,15.460000038146973,15.460000038146973,15.460000038146973,15.460000038146973,1000,0.0,0.0,0.0
2025-09-23 03:45:00+00:00,15.479999542236328,15.479999542236328,15.479999542236328,15.479999542236328,1020,0.0,0.0,0.0
2025-09-23 03:50:00+00:00,15.479999542236328,15.479999542236328,15.479999542236328,15.479999542236328,1073,0.0,0.0,0.0
2025-09-23 03:55:00+00:00,15.470000267028809,15.470000267028809,15.470000267028809,15.470000267028809,3500,0.0,0.0,0.0
2025-09-23 04:00:00+00:00,15.470000267028809,15.479999542236328,15.470000267028809,15.479999542236328,6069,0.0,0.0,0.0
2025-09-23 04:05:00+00:00,15.479999542236328,15.479999542236328,15.479999542236328,15.479999542236328,2842,0.0,0.0,0.0
2025-09-23 04:15:00+00:00,15.470000267028809,15.470000267028809,15.470000267028809,15.470000267028809,3000,0.0,0.0,0.0
2025-09-23 04:20:00+00:00,15.470000267028809,15.470000267028809,15.460000038146973,15.460000038146973,102100,0.0,0.0,0.0
2025-09-23 04:25:00+00:00,15.460000038146973,15.460000038146973,15.460000038146973,15.460000038146973,2000,0.0,0.0,0.0
2025-09-23 04:30:00+00:00,15.479999542236328,15.479999542236328,15.470000267028809,15.470000267028809,3310,0.0,0.0,0.0
2025-09-23 04:40:00+00:00,15.470000267028809,15.470000267028809,15.470000267028809,15.470000267028809,1185,0.0,0.0,0.0
2025-09-23 04:50:00+00:00,15.460000038146973,15.460000038146973,15.460000038146973,15.460000038146973,4000,0.0,0.0,0.0
2025-09-23 05:00:00+00:00,15.460000038146973,15.460000038146973,15.460000038146973,15.460000038146973,6100,0.0,0.0,0.0
2025-09-23 05:05:00+00:00,15.460000038146973,15.460000038146973,15.460000038146973,15.460000038146973,3000,0.0,0.0,0.0
2025-09-23 05:10:00+00:00,15.470000267028809,15.470000267028809,15.470000267028809,15.470000267028809,1200,0.0,0.0,0.0
2025-09-23 05:15:00+00:00,15.460000038146973,15.460000038146973,15.460000038146973,15.460000038146973,207650,0.0,0.0,0.0
2025-09-23 05:20:00+00:00,15.470000267028809,15.470000267028809,15.460000038146973,15.460000038146973,68030,0.0,0.0,0.0
2025-09-24 01:00:00+00:00,15.539999961853027,15.550000190734863,15.539999961853027,15.550000190734863,0,0.0,0.0,0.0
2025-09-24 01:05:00+00:00,15.529999732971191,15.529999732971191,15.529999732971191,15.529999732971191,18148,0.0,0.0,0.0
2025-09-24 01:10:00+00:00,15.529999732971191,15.529999732971191,15.520000457763672,15.520000457763672,4350,0.0,0.0,0.0
2025-09-24 01:15:00+00:00,15.5,15.5,15.479999542236328,15.489999771118164,29005,0.0,0.0,0.0
2025-09-24 01:20:00+00:00,15.489999771118164,15.489999771118164,15.489999771118164,15.489999771118164,9231,0.0,0.0,0.0
2025-09-24 01:25:00+00:00,15.489999771118164,15.5,15.489999771118164,15.5,38064,0.0,0.0,0.0
2025-09-24 01:30:00+00:00,15.5,15.510000228881836,15.5,15.510000228881836,13000,0.0,0.0,0.0
2025-09-24 01:35:00+00:00,15.5,15.5,15.5,15.5,16300,0.0,0.0,0.0
2025-09-24 01:40:00+00:00,15.5,15.5,15.489999771118164,15.489999771118164,32208,0.0,0.0,0.0
2025-09-24 01:45:00+00:00,15.489999771118164,15.5,15.489999771118164,15.5,13085,0.0,0.0,0.0
2025-09-24 01:50:00+00:00,15.5,15.5,15.5,15.5,7000,0.0,0.0,0.0
2025-09-24 01:55:00+00:00,15.5,15.5,15.5,15.5,15260,0.0,0.0,0.0
2025-09-24 02:00:00+00:00,15.489999771118164,15.510000228881836,15.489999771118164,15.510000228881836,49314,0.0,0.0,0.0
2025-09-24 02:05:00+00:00,15.5,15.510000228881836,15.5,15.510000228881836,21000,0.0,0.0,0.0
2025-09-24 02:10:00+00:00,15.520000457763672,15.520000457763672,15.520000457763672,15.520000457763672,45053,0.0,0.0,0.0
2025-09-24 02:15:00+00:00,15.520000457763672,15.539999961853027,15.520000457763672,15.539999961853027,77600,0.0,0.0,0.0
2025-09-24 02:20:00+00:00,15.539999961853027,15.5600004196167,15.539999961853027,15.5600004196167,155459,0.0,0.0,0.0
2025-09-24 02:25:00+00:00,15.5600004196167,15.579999923706055,15.5600004196167,15.579999923706055,155542,0.0,0.0,0.0
2025-09-24 02:30:00+00:00,15.569999694824219,15.569999694824219,15.569999694824219,15.569999694824219,1000,0.0,0.0,0.0
2025-09-24 02:35:00+00:00,15.569999694824219,15.569999694824219,15.5600004196167,15.5600004196167,8100,0.0,0.0,0.0
2025-09-24 02:40:00+00:00,15.5600004196167,15.5600004196167,15.5600004196167,15.5600004196167,3045,0.0,0.0,0.0
2025-09-24 02:45:00+00:00,15.5600004196167,15.5600004196167,15.550000190734863,15.550000190734863,17000,0.0,0.0,0.0
2025-09-24 02:50:00+00:00,15.5600004196167,15.569999694824219,15.550000190734863,15.550000190734863,6000,0.0,0.0,0.0
2025-09-24 02:55:00+00:00,15.550000190734863,15.550000190734863,15.550000190734863,15.550000190734863,17000,0.0,0.0,0.0
2025-09-24 03:00:00+00:00,15.5600004196167,15.5600004196167,15.5600004196167,15.5600004196167,52100,0.0,0.0,0.0
2025-09-24 03:05:00+00:00,15.569999694824219,15.569999694824219,15.5600004196167,15.5600004196167,104107,0.0,0.0,0.0
2025-09-24 03:10:00+00:00,15.569999694824219,15.569999694824219,15.569999694824219,15.569999694824219,5100,0.0,0.0,0.0
2025-09-24 03:15:00+00:00,15.569999694824219,15.569999694824219,15.569999694824219,15.569999694824219,2003,0.0,0.0,0.0
2025-09-24 03:20:00+00:00,15.569999694824219,15.569999694824219,15.569999694824219,15.569999694824219,2100,0.0,0.0,0.0
2025-09-24 03:25:00+00:00,15.569999694824219,15.569999694824219,15.569999694824219,15.569999694824219,21541,0.0,0.0,0.0
2025-09-24 03:40:00+00:00,15.569999694824219,15.569999694824219,15.569999694824219,15.569999694824219,1000,0.0,0.0,0.0
2025-09-24 03:45:00+00:00,15.569999694824219,15.569999694824219,15.569999694824219,15.569999694824219,1000,0.0,0.0,0.0
2025-09-24 03:50:00+00:00,15.5600004196167,15.5600004196167,15.5600004196167,15.5600004196167,2421,0.0,0.0,0.0
2025-09-24 04:05:00+00:00,15.550000190734863,15.550000190734863,15.550000190734863,15.550000190734863,4200,0.0,0.0,0.0
2025-09-24 04:15:00+00:00,15.520000457763672,15.520000457763672,15.520000457763672,15.520000457763672,1205,0.0,0.0,0.0
2025-09-24 04:25:00+00:00,15.539999961853027,15.550000190734863,15.539999961853027,15.550000190734863,10045,0.0,0.0,0.0
2025-09-24 04:30:00+00:00,15.550000190734863,15.550000190734863,15.539999961853027,15.539999961853027,5099,0.0,0.0,0.0
2025-09-24 04:35:00+00:00,15.539999961853027,15.539999961853027,15.539999961853027,15.539999961853027,1600,0.0,0.0,0.0
2025-09-24 04:40:00+00:00,15.539999961853027,15.539999961853027,15.539999961853027,15.539999961853027,3000,0.0,0.0,0.0
2025-09-24 04:45:00+00:00,15.539999961853027,15.539999961853027,15.539999961853027,15.539999961853027,1183,0.0,0.0,0.0
2025-09-24 04:55:00+00:00,15.539999961853027,15.550000190734863,15.539999961853027,15.550000190734863,19000,0.0,0.0,0.0
2025-09-24 05:00:00+00:00,15.550000190734863,15.550000190734863,15.539999961853027,15.539999961853027,12544,0.0,0.0,0.0
2025-09-24 05:20:00+00:00,15.539999961853027,15.550000190734863,15.539999961853027,15.550000190734863,41504,0.0,0.0,0.0
2025-09-25 01:00:00+00:00,15.600000381469727,15.649999618530273,15.600000381469727,15.649999618530273,0,0.0,0.0,0.0
2025-09-25 01:05:00+00:00,15.640000343322754,15.65999984741211,15.640000343322754,15.65999984741211,128284,0.0,0.0,0.0
2025-09-25 01:10:00+00:00,15.65999984741211,15.65999984741211,15.65999984741211,15.65999984741211,30000,0.0,0.0,0.0
2025-09-25 01:15:00+00:00,15.65999984741211,15.65999984741211,15.65999984741211,15.65999984741211,1000,0.0,0.0,0.0
2025-09-25 01:20:00+00:00,15.65999984741211,15.65999984741211,15.649999618530273,15.65999984741211,42385,0.0,0.0,0.0
2025-09-25 01:25:00+00:00,15.65999984741211,15.65999984741211,15.65999984741211,15.65999984741211,5302,0.0,0.0,0.0
2025-09-25 01:30:00+00:00,15.640000343322754,15.640000343322754,15.640000343322754,15.640000343322754,5329,0.0,0.0,0.0
2025-09-25 01:40:00+00:00,15.630000114440918,15.630000114440918,15.630000114440918,15.630000114440918,1037,0.0,0.0,0.0
2025-09-25 01:45:00+00:00,15.630000114440918,15.640000343322754,15.630000114440918,15.640000343322754,12061,0.0,0.0,0.0
2025-09-25 01:50:00+00:00,15.640000343322754,15.640000343322754,15.640000343322754,15.640000343322754,2000,0.0,0.0,0.0
2025-09-25 01:55:00+00:00,15.640000343322754,15.640000343322754,15.630000114440918,15.630000114440918,2200,0.0,0.0,0.0
2025-09-25 02:00:00+00:00,15.630000114440918,15.630000114440918,15.630000114440918,15.630000114440918,2000,0.0,0.0,0.0
2025-09-25 02:05:00+00:00,15.619999885559082,15.619999885559082,15.619999885559082,15.619999885559082,1326,0.0,0.0,0.0
2025-09-25 02:20:00+00:00,15.609999656677246,15.609999656677246,15.609999656677246,15.609999656677246,2000,0.0,0.0,0.0
2025-09-25 02:25:00+00:00,15.600000381469727,15.600000381469727,15.5600004196167,15.5600004196167,111078,0.0,0.0,0.0
2025-09-25 02:35:00+00:00,15.550000190734863,15.550000190734863,15.550000190734863,15.550000190734863,17150,0.0,0.0,0.0
2025-09-25 02:45:00+00:00,15.550000190734863,15.550000190734863,15.550000190734863,15.550000190734863,12000,0.0,0.0,0.0
2025-09-25 02:50:00+00:00,15.539999961853027,15.539999961853027,15.539999961853027,15.539999961853027,1050,0.0,0.0,0.0
2025-09-25 02:55:00+00:00,15.539999961853027,15.539999961853027,15.539999961853027,15.539999961853027,1000,0.0,0.0,0.0
2025-09-25 03:00:00+00:00,15.539999961853027,15.539999961853027,15.539999961853027,15.539999961853027,5000,0.0,0.0,0.0
2025-09-25 03:05:00+00:00,15.539999961853027,15.539999961853027,15.539999961853027,15.539999961853027,9100,0.0,0.0,0.0
2025-09-25 03:10:00+00:00,15.539999961853027,15.539999961853027,15.539999961853027,15.539999961853027,1757,0.0,0.0,0.0
2025-09-25 03:20:00+00:00,15.539999961853027,15.539999961853027,15.539999961853027,15.539999961853027,2050,0.0,0.0,0.0
2025-09-25 03:25:00+00:00,15.539999961853027,15.539999961853027,15.539999961853027,15.539999961853027,31559,0.0,0.0,0.0
2025-09-25 03:40:00+00:00,15.539999961853027,15.539999961853027,15.539999961853027,15.539999961853027,3000,0.0,0.0,0.0
2025-09-25 03:45:00+00:00,15.539999961853027,15.539999961853027,15.539999961853027,15.539999961853027,1100,0.0,0.0,0.0
2025-09-25 03:50:00+00:00,15.539999961853027,15.539999961853027,15.539999961853027,15.539999961853027,10000,0.0,0.0,0.0
2025-09-25 03:55:00+00:00,15.539999961853027,15.539999961853027,15.539999961853027,15.539999961853027,1250,0.0,0.0,0.0
2025-09-25 04:05:00+00:00,15.550000190734863,15.5600004196167,15.550000190734863,15.5600004196167,37000,0.0,0.0,0.0
2025-09-25 04:10:00+00:00,15.539999961853027,15.539999961853027,15.539999961853027,15.539999961853027,1000,0.0,0.0,0.0
2025-09-25 04:20:00+00:00,15.539999961853027,15.539999961853027,15.539999961853027,15.539999961853027,1000,0.0,0.0,0.0
2025-09-25 04:25:00+00:00,15.539999961853027,15.539999961853027,15.539999961853027,15.539999961853027,2000,0.0,0.0,0.0
2025-09-25 04:30:00+00:00,15.539999961853027,15.539999961853027,15.539999961853027,15.539999961853027,3080,0.0,0.0,0.0
2025-09-25 04:40:00+00:00,15.539999961853027,15.539999961853027,15.539999961853027,15.539999961853027,12000,0.0,0.0,0.0
2025-09-25 04:45:00+00:00,15.529999732971191,15.529999732971191,15.529999732971191,15.529999732971191,14311,0.0,0.0,0.0
2025-09-25 04:55:00+00:00,15.520000457763672,15.520000457763672,15.510000228881836,15.510000228881836,6638,0.0,0.0,0.0
2025-09-25 05:00:00+00:00,15.510000228881836,15.510000228881836,15.510000228881836,15.510000228881836,11000,0.0,0.0,0.0
2025-09-25 05:05:00+00:00,15.5,15.5,15.5,15.5,2225,0.0,0.0,0.0
2025-09-25 05:10:00+00:00,15.5,15.5,15.5,15.5,15834,0.0,0.0,0.0
2025-09-25 05:15:00+00:00,15.5,15.5,15.5,15.5,102569,0.0,0.0,0.0
2025-09-25 05:20:00+00:00,15.5,15.5,15.5,15.5,3000,0.0,0.0,0.0
2025-09-26 01:00:00+00:00,15.5,15.5,15.460000038146973,15.460000038146973,0,0.0,0.0,0.0
2025-09-26 01:05:00+00:00,15.4399995803833,15.4399995803833,15.4399995803833,15.4399995803833,105875,0.0,0.0,0.0
2025-09-26 01:10:00+00:00,15.4399995803833,15.460000038146973,15.430000305175781,15.430000305175781,110700,0.0,0.0,0.0
2025-09-26 01:15:00+00:00,15.420000076293945,15.430000305175781,15.399999618530273,15.399999618530273,19110,0.0,0.0,0.0
2025-09-26 01:20:00+00:00,15.390000343322754,15.390000343322754,15.350000381469727,15.350000381469727,126850,0.0,0.0,0.0
2025-09-26 01:25:00+00:00,15.350000381469727,15.350000381469727,15.350000381469727,15.350000381469727,11291,0.0,0.0,0.0
2025-09-26 01:30:00+00:00,15.329999923706055,15.34000015258789,15.329999923706055,15.329999923706055,10940,0.0,0.0,0.0
2025-09-26 01:35:00+00:00,15.329999923706055,15.329999923706055,15.319999694824219,15.329999923706055,116501,0.0,0.0,0.0
2025-09-26 01:40:00+00:00,15.329999923706055,15.34000015258789,15.329999923706055,15.329999923706055,4000,0.0,0.0,0.0
2025-09-26 01:45:00+00:00,15.329999923706055,15.34000015258789,15.329999923706055,15.329999923706055,7026,0.0,0.0,0.0
2025-09-26 01:50:00+00:00,15.329999923706055,15.329999923706055,15.329999923706055,15.329999923706055,200002,0.0,0.0,0.0
2025-09-26 01:55:00+00:00,15.34000015258789,15.34000015258789,15.319999694824219,15.319999694824219,240642,0.0,0.0,0.0
2025-09-26 02:00:00+00:00,15.34000015258789,15.34000015258789,15.319999694824219,15.319999694824219,5449,0.0,0.0,0.0
2025-09-26 02:05:00+00:00,15.319999694824219,15.319999694824219,15.3100004196167,15.3100004196167,12217,0.0,0.0,0.0
2025-09-26 02:10:00+00:00,15.3100004196167,15.3100004196167,15.300000190734863,15.300000190734863,33106,0.0,0.0,0.0
2025-09-26 02:15:00+00:00,15.3100004196167,15.3100004196167,15.3100004196167,15.3100004196167,92026,0.0,0.0,0.0
2025-09-26 02:20:00+00:00,15.319999694824219,15.319999694824219,15.319999694824219,15.319999694824219,4050,0.0,0.0,0.0
2025-09-26 02:25:00+00:00,15.329999923706055,15.350000381469727,15.329999923706055,15.350000381469727,113127,0.0,0.0,0.0
2025-09-26 02:30:00+00:00,15.359999656677246,15.359999656677246,15.359999656677246,15.359999656677246,2650,0.0,0.0,0.0
2025-09-26 02:35:00+00:00,15.369999885559082,15.369999885559082,15.369999885559082,15.369999885559082,1056,0.0,0.0,0.0
2025-09-26 02:45:00+00:00,15.369999885559082,15.369999885559082,15.369999885559082,15.369999885559082,2134,0.0,0.0,0.0
2025-09-26 02:50:00+00:00,15.34000015258789,15.34000015258789,15.34000015258789,15.34000015258789,1257,0.0,0.0,0.0
2025-09-26 02:55:00+00:00,15.329999923706055,15.329999923706055,15.329999923706055,15.329999923706055,5070,0.0,0.0,0.0
2025-09-26 03:00:00+00:00,15.350000381469727,15.350000381469727,15.350000381469727,15.350000381469727,4226,0.0,0.0,0.0
2025-09-26 03:05:00+00:00,15.350000381469727,15.350000381469727,15.350000381469727,15.350000381469727,6000,0.0,0.0,0.0
2025-09-26 03:10:00+00:00,15.350000381469727,15.350000381469727,15.329999923706055,15.329999923706055,14220,0.0,0.0,0.0
2025-09-26 03:15:00+00:00,15.329999923706055,15.329999923706055,15.329999923706055,15.329999923706055,2430,0.0,0.0,0.0
2025-09-26 03:25:00+00:00,15.319999694824219,15.319999694824219,15.3100004196167,15.3100004196167,22442,0.0,0.0,0.0
2025-09-26 03:30:00+00:00,15.319999694824219,15.319999694824219,15.3100004196167,15.3100004196167,4946,0.0,0.0,0.0
2025-09-26 03:40:00+00:00,15.300000190734863,15.319999694824219,15.300000190734863,15.319999694824219,110026,0.0,0.0,0.0
2025-09-26 03:45:00+00:00,15.329999923706055,15.329999923706055,15.319999694824219,15.319999694824219,201250,0.0,0.0,0.0
2025-09-26 03:50:00+00:00,15.329999923706055,15.34000015258789,15.329999923706055,15.34000015258789,19369,0.0,0.0,0.0
2025-09-26 03:55:00+00:00,15.329999923706055,15.329999923706055,15.329999923706055,15.329999923706055,87000,0.0,0.0,0.0
2025-09-26 04:00:00+00:00,15.329999923706055,15.329999923706055,15.319999694824219,15.319999694824219,101027,0.0,0.0,0.0
2025-09-26 04:05:00+00:00,15.319999694824219,15.319999694824219,15.319999694824219,15.319999694824219,9155,0.0,0.0,0.0
2025-09-26 04:25:00+00:00,15.34000015258789,15.34000015258789,15.34000015258789,15.34000015258789,101000,0.0,0.0,0.0
2025-09-26 04:30:00+00:00,15.34000015258789,15.34000015258789,15.34000015258789,15.34000015258789,2292,0.0,0.0,0.0
2025-09-26 04:35:00+00:00,15.34000015258789,15.34000015258789,15.34000015258789,15.34000015258789,200140,0.0,0.0,0.0
2025-09-26 04:40:00+00:00,15.34000015258789,15.34000015258789,15.34000015258789,15.34000015258789,103040,0.0,0.0,0.0
2025-09-26 04:55:00+00:00,15.34000015258789,15.34000015258789,15.34000015258789,15.34000015258789,100297,0.0,0.0,0.0
2025-09-26 05:00:00+00:00,15.34000015258789,15.34000015258789,15.329999923706055,15.329999923706055,3401,0.0,0.0,0.0
2025-09-26 05:05:00+00:00,15.34000015258789,15.34000015258789,15.34000015258789,15.34000015258789,5000,0.0,0.0,0.0
2025-09-26 05:10:00+00:00,15.350000381469727,15.350000381469727,15.350000381469727,15.350000381469727,27000,0.0,0.0,0.0
2025-09-26 05:15:00+00:00,15.350000381469727,15.350000381469727,15.350000381469727,15.350000381469727,10111,0.0,0.0,0.0
2025-09-26 05:20:00+00:00,15.34000015258789,15.34000015258789,15.34000015258789,15.34000015258789,24682,0.0,0.0,0.0
2025-09-30 01:00:00+00:00,15.399999618530273,15.430000305175781,15.399999618530273,15.430000305175781,0,0.0,0.0,0.0
2025-09-30 01:05:00+00:00,15.40999984741211,15.40999984741211,15.40999984741211,15.40999984741211,11687,0.0,0.0,0.0
2025-09-30 01:15:00+00:00,15.430000305175781,15.430000305175781,15.430000305175781,15.430000305175781,14000,0.0,0.0,0.0
2025-09-30 01:20:00+00:00,15.4399995803833,15.479999542236328,15.4399995803833,15.479999542236328,19000,0.0,0.0,0.0
2025-09-30 01:25:00+00:00,15.479999542236328,15.520000457763672,15.479999542236328,15.510000228881836,59300,0.0,0.0,0.0
2025-09-30 01:30:00+00:00,15.520000457763672,15.520000457763672,15.510000228881836,15.510000228881836,105827,0.0,0.0,0.0
2025-09-30 01:35:00+00:00,15.470000267028809,15.470000267028809,15.470000267028809,15.470000267028809,1007,0.0,0.0,0.0
2025-09-30 01:40:00+00:00,15.470000267028809,15.470000267028809,15.470000267028809,15.470000267028809,1000,0.0,0.0,0.0
2025-09-30 01:45:00+00:00,15.470000267028809,15.479999542236328,15.470000267028809,15.479999542236328,3102,0.0,0.0,0.0
2025-09-30 01:50:00+00:00,15.449999809265137,15.449999809265137,15.449999809265137,15.449999809265137,4206,0.0,0.0,0.0
2025-09-30 01:55:00+00:00,15.4399995803833,15.4399995803833,15.430000305175781,15.430000305175781,5620,0.0,0.0,0.0
2025-09-30 02:00:00+00:00,15.430000305175781,15.430000305175781,15.420000076293945,15.430000305175781,4295,0.0,0.0,0.0
2025-09-30 02:10:00+00:00,15.430000305175781,15.430000305175781,15.420000076293945,15.430000305175781,6080,0.0,0.0,0.0
2025-09-30 02:15:00+00:00,15.420000076293945,15.420000076293945,15.40999984741211,15.420000076293945,16246,0.0,0.0,0.0
2025-09-30 02:20:00+00:00,15.420000076293945,15.420000076293945,15.420000076293945,15.420000076293945,4100,0.0,0.0,0.0
2025-09-30 02:25:00+00:00,15.420000076293945,15.430000305175781,15.420000076293945,15.430000305175781,4066,0.0,0.0,0.0
2025-09-30 02:30:00+00:00,15.430000305175781,15.430000305175781,15.430000305175781,15.430000305175781,2245,0.0,0.0,0.0
2025-09-30 02:35:00+00:00,15.430000305175781,15.430000305175781,15.430000305175781,15.430000305175781,2100,0.0,0.0,0.0
2025-09-30 02:40:00+00:00,15.430000305175781,15.430000305175781,15.430000305175781,15.430000305175781,9000,0.0,0.0,0.0
2025-09-30 02:45:00+00:00,15.449999809265137,15.449999809265137,15.449999809265137,15.449999809265137,1163,0.0,0.0,0.0
2025-09-30 02:50:00+00:00,15.430000305175781,15.430000305175781,15.430000305175781,15.430000305175781,4051,0.0,0.0,0.0
2025-09-30 02:55:00+00:00,15.430000305175781,15.430000305175781,15.430000305175781,15.430000305175781,1000,0.0,0.0,0.0
2025-09-30 03:00:00+00:00,15.449999809265137,15.449999809265137,15.449999809265137,15.449999809265137,1020,0.0,0.0,0.0
2025-09-30 03:05:00+00:00,15.449999809265137,15.449999809265137,15.449999809265137,15.449999809265137,6051,0.0,0.0,0.0
2025-09-30 03:10:00+00:00,15.449999809265137,15.449999809265137,15.449999809265137,15.449999809265137,2000,0.0,0.0,0.0
2025-09-30 03:15:00+00:00,15.449999809265137,15.449999809265137,15.449999809265137,15.449999809265137,1100,0.0,0.0,0.0
2025-09-30 03:20:00+00:00,15.430000305175781,15.430000305175781,15.430000305175781,15.430000305175781,4000,0.0,0.0,0.0
2025-09-30 03:30:00+00:00,15.430000305175781,15.430000305175781,15.430000305175781,15.430000305175781,11210,0.0,0.0,0.0
2025-09-30 03:35:00+00:00,15.4399995803833,15.4399995803833,15.4399995803833,15.4399995803833,3020,0.0,0.0,0.0
2025-09-30 03:40:00+00:00,15.4399995803833,15.4399995803833,15.4399995803833,15.4399995803833,2106,0.0,0.0,0.0
2025-09-30 03:45:00+00:00,15.4399995803833,15.4399995803833,15.4399995803833,15.4399995803833,5000,0.0,0.0,0.0
2025-09-30 03:50:00+00:00,15.4399995803833,15.4399995803833,15.4399995803833,15.4399995803833,19175,0.0,0.0,0.0
2025-09-30 03:55:00+00:00,15.430000305175781,15.4399995803833,15.430000305175781,15.4399995803833,6155,0.0,0.0,0.0
2025-09-30 04:05:00+00:00,15.4399995803833,15.4399995803833,15.4399995803833,15.4399995803833,1000,0.0,0.0,0.0
2025-09-30 04:10:00+00:00,15.430000305175781,15.430000305175781,15.430000305175781,15.430000305175781,4542,0.0,0.0,0.0
2025-09-30 04:15:00+00:00,15.4399995803833,15.4399995803833,15.4399995803833,15.4399995803833,3101,0.0,0.0,0.0
2025-09-30 04:20:00+00:00,15.4399995803833,15.4399995803833,15.4399995803833,15.4399995803833,1057,0.0,0.0,0.0
2025-09-30 04:25:00+00:00,15.430000305175781,15.4399995803833,15.430000305175781,15.4399995803833,3143,0.0,0.0,0.0
2025-09-30 04:30:00+00:00,15.4399995803833,15.4399995803833,15.4399995803833,15.4399995803833,18115,0.0,0.0,0.0
2025-09-30 04:35:00+00:00,15.449999809265137,15.449999809265137,15.449999809265137,15.449999809265137,42100,0.0,0.0,0.0
2025-09-30 04:40:00+00:00,15.4399995803833,15.4399995803833,15.4399995803833,15.4399995803833,11209,0.0,0.0,0.0
2025-09-30 04:50:00+00:00,15.4399995803833,15.4399995803833,15.4399995803833,15.4399995803833,5000,0.0,0.0,0.0
2025-09-30 04:55:00+00:00,15.4399995803833,15.449999809265137,15.4399995803833,15.449999809265137,9000,0.0,0.0,0.0
2025-09-30 05:00:00+00:00,15.449999809265137,15.449999809265137,15.449999809265137,15.449999809265137,10000,0.0,0.0,0.0
2025-09-30 05:05:00+00:00,15.460000038146973,15.460000038146973,15.4399995803833,15.460000038146973,13129,0.0,0.0,0.0
2025-09-30 05:10:00+00:00,15.449999809265137,15.460000038146973,15.430000305175781,15.430000305175781,6003,0.0,0.0,0.0
2025-09-30 05:15:00+00:00,15.430000305175781,15.460000038146973,15.430000305175781,15.460000038146973,5237,0.0,0.0,0.0
2025-09-30 05:20:00+00:00,15.460000038146973,15.460000038146973,15.460000038146973,15.460000038146973,1020,0.0,0.0,0.0
2025-10-01 01:00:00+00:00,15.479999542236328,15.489999771118164,15.479999542236328,15.489999771118164,0,0.0,0.0,0.0
2025-10-01 01:05:00+00:00,15.489999771118164,15.489999771118164,15.489999771118164,15.489999771118164,3406,0.0,0.0,0.0
2025-10-01 01:10:00+00:00,15.489999771118164,15.5,15.489999771118164,15.5,29936,0.0,0.0,0.0
2025-10-01 01:15:00+00:00,15.5,15.5,15.5,15.5,9767,0.0,0.0,0.0
2025-10-01 01:20:00+00:00,15.510000228881836,15.529999732971191,15.5,15.529999732971191,27581,0.0,0.0,0.0
2025-10-01 01:25:00+00:00,15.550000190734863,15.5600004196167,15.539999961853027,15.5600004196167,21115,0.0,0.0,0.0
2025-10-01 01:30:00+00:00,15.529999732971191,15.529999732971191,15.520000457763672,15.520000457763672,7000,0.0,0.0,0.0
2025-10-01 01:35:00+00:00,15.529999732971191,15.550000190734863,15.529999732971191,15.550000190734863,14520,0.0,0.0,0.0
2025-10-01 01:40:00+00:00,15.5600004196167,15.569999694824219,15.5600004196167,15.569999694824219,20507,0.0,0.0,0.0
2025-10-01 01:45:00+00:00,15.569999694824219,15.579999923706055,15.569999694824219,15.579999923706055,31060,0.0,0.0,0.0
2025-10-01 01:50:00+00:00,15.579999923706055,15.579999923706055,15.569999694824219,15.569999694824219,4081,0.0,0.0,0.0
2025-10-01 01:55:00+00:00,15.569999694824219,15.579999923706055,15.569999694824219,15.579999923706055,33100,0.0,0.0,0.0
2025-10-01 02:00:00+00:00,15.579999923706055,15.579999923706055,15.579999923706055,15.579999923706055,5100,0.0,0.0,0.0
2025-10-01 02:05:00+00:00,15.579999923706055,15.59000015258789,15.579999923706055,15.579999923706055,24798,0.0,0.0,0.0
2025-10-01 02:10:00+00:00,15.579999923706055,15.579999923706055,15.579999923706055,15.579999923706055,15225,0.0,0.0,0.0
2025-10-01 02:20:00+00:00,15.579999923706055,15.579999923706055,15.579999923706055,15.579999923706055,1000,0.0,0.0,0.0
2025-10-01 02:25:00+00:00,15.550000190734863,15.550000190734863,15.550000190734863,15.550000190734863,3270,0.0,0.0,0.0
2025-10-01 02:30:00+00:00,15.550000190734863,15.550000190734863,15.550000190734863,15.550000190734863,9150,0.0,0.0,0.0
2025-10-01 02:40:00+00:00,15.550000190734863,15.550000190734863,15.550000190734863,15.550000190734863,1007,0.0,0.0,0.0
2025-10-01 02:45:00+00:00,15.539999961853027,15.550000190734863,15.539999961853027,15.550000190734863,2325,0.0,0.0,0.0
2025-10-01 02:55:00+00:00,15.529999732971191,15.529999732971191,15.529999732971191,15.529999732971191,10000,0.0,0.0,0.0
2025-10-01 03:00:00+00:00,15.520000457763672,15.520000457763672,15.520000457763672,15.520000457763672,201297,0.0,0.0,0.0
2025-10-01 03:10:00+00:00,15.520000457763672,15.520000457763672,15.520000457763672,15.520000457763672,9000,0.0,0.0,0.0
2025-10-01 03:15:00+00:00,15.529999732971191,15.529999732971191,15.520000457763672,15.520000457763672,3115,0.0,0.0,0.0
2025-10-01 03:30:00+00:00,15.520000457763672,15.520000457763672,15.520000457763672,15.520000457763672,1000,0.0,0.0,0.0
2025-10-01 03:35:00+00:00,15.520000457763672,15.520000457763672,15.520000457763672,15.520000457763672,1000,0.0,0.0,0.0
2025-10-01 03:40:00+00:00,15.520000457763672,15.520000457763672,15.520000457763672,15.520000457763672,1030,0.0,0.0,0.0
2025-10-01 03:50:00+00:00,15.520000457763672,15.520000457763672,15.520000457763672,15.520000457763672,48150,0.0,0.0,0.0
2025-10-01 04:00:00+00:00,15.5,15.5,15.5,15.5,3000,0.0,0.0,0.0
2025-10-01 04:05:00+00:00,15.5,15.5,15.5,15.5,10000,0.0,0.0,0.0
2025-10-01 04:10:00+00:00,15.510000228881836,15.510000228881836,15.510000228881836,15.510000228881836,1452,0.0,0.0,0.0
2025-10-01 04:20:00+00:00,15.510000228881836,15.510000228881836,15.510000228881836,15.510000228881836,2000,0.0,0.0,0.0
2025-10-01 04:25:00+00:00,15.510000228881836,15.510000228881836,15.5,15.5,3020,0.0,0.0,0.0
2025-10-01 04:30:00+00:00,15.5,15.510000228881836,15.5,15.510000228881836,18000,0.0,0.0,0.0
2025-10-01 04:35:00+00:00,15.5,15.5,15.5,15.5,11210,0.0,0.0,0.0
2025-10-01 04:40:00+00:00,15.510000228881836,15.520000457763672,15.510000228881836,15.520000457763672,30710,0.0,0.0,0.0
2025-10-01 05:00:00+00:00,15.520000457763672,15.520000457763672,15.520000457763672,15.520000457763672,1000,0.0,0.0,0.0
2025-10-01 05:10:00+00:00,15.510000228881836,15.510000228881836,15.510000228881836,15.510000228881836,7394,0.0,0.0,0.0
2025-10-01 05:20:00+00:00,15.510000228881836,15.510000228881836,15.510000228881836,15.510000228881836,4041,0.0,0.0,0.0
2025-10-02 01:00:00+00:00,15.550000190734863,15.550000190734863,15.550000190734863,15.550000190734863,0,0.0,0.0,0.0
2025-10-02 01:05:00+00:00,15.5600004196167,15.5600004196167,15.5600004196167,15.5600004196167,2911,0.0,0.0,0.0
2025-10-02 01:10:00+00:00,15.5600004196167,15.579999923706055,15.5600004196167,15.579999923706055,31313,0.0,0.0,0.0
2025-10-02 01:15:00+00:00,15.600000381469727,15.630000114440918,15.600000381469727,15.630000114440918,147470,0.0,0.0,0.0
2025-10-02 01:20:00+00:00,15.640000343322754,15.649999618530273,15.640000343322754,15.640000343322754,64009,0.0,0.0,0.0
2025-10-02 01:30:00+00:00,15.619999885559082,15.619999885559082,15.619999885559082,15.619999885559082,1540,0.0,0.0,0.0
2025-10-02 01:40:00+00:00,15.619999885559082,15.619999885559082,15.619999885559082,15.619999885559082,1000,0.0,0.0,0.0
2025-10-02 01:45:00+00:00,15.619999885559082,15.619999885559082,15.619999885559082,15.619999885559082,20355,0.0,0.0,0.0
2025-10-02 01:50:00+00:00,15.619999885559082,15.640000343322754,15.619999885559082,15.640000343322754,83100,0.0,0.0,0.0
2025-10-02 01:55:00+00:00,15.640000343322754,15.640000343322754,15.640000343322754,15.640000343322754,1100,0.0,0.0,0.0
2025-10-02 02:00:00+00:00,15.630000114440918,15.630000114440918,15.609999656677246,15.609999656677246,9468,0.0,0.0,0.0
2025-10-02 02:10:00+00:00,15.600000381469727,15.609999656677246,15.600000381469727,15.609999656677246,2002,0.0,0.0,0.0
2025-10-02 02:15:00+00:00,15.609999656677246,15.609999656677246,15.609999656677246,15.609999656677246,1497,0.0,0.0,0.0
2025-10-02 02:25:00+00:00,15.600000381469727,15.609999656677246,15.600000381469727,15.609999656677246,7500,0.0,0.0,0.0
2025-10-02 02:30:00+00:00,15.609999656677246,15.609999656677246,15.600000381469727,15.600000381469727,10601,0.0,0.0,0.0
2025-10-02 02:35:00+00:00,15.600000381469727,15.600000381469727,15.600000381469727,15.600000381469727,6000,0.0,0.0,0.0
2025-10-02 02:40:00+00:00,15.59000015258789,15.59000015258789,15.59000015258789,15.59000015258789,209006,0.0,0.0,0.0
2025-10-02 02:50:00+00:00,15.600000381469727,15.600000381469727,15.600000381469727,15.600000381469727,28393,0.0,0.0,0.0
2025-10-02 02:55:00+00:00,15.600000381469727,15.600000381469727,15.600000381469727,15.600000381469727,5000,0.0,0.0,0.0
2025-10-02 03:00:00+00:00,15.600000381469727,15.609999656677246,15.600000381469727,15.609999656677246,122714,0.0,0.0,0.0
2025-10-02 03:05:00+00:00,15.609999656677246,15.619999885559082,15.609999656677246,15.619999885559082,3690,0.0,0.0,0.0
2025-10-02 03:15:00+00:00,15.619999885559082,15.619999885559082,15.619999885559082,15.619999885559082,1080,0.0,0.0,0.0
2025-10-02 03:25:00+00:00,15.609999656677246,15.609999656677246,15.609999656677246,15.609999656677246,13141,0.0,0.0,0.0
2025-10-02 03:35:00+00:00,15.609999656677246,15.609999656677246,15.609999656677246,15.609999656677246,2000,0.0,0.0,0.0
2025-10-02 03:40:00+00:00,15.600000381469727,15.600000381469727,15.600000381469727,15.600000381469727,5000,0.0,0.0,0.0
2025-10-02 03:45:00+00:00,15.609999656677246,15.609999656677246,15.609999656677246,15.609999656677246,1030,0.0,0.0,0.0
2025-10-02 03:55:00+00:00,15.609999656677246,15.609999656677246,15.609999656677246,15.609999656677246,3065,0.0,0.0,0.0
2025-10-02 04:00:00+00:00,15.609999656677246,15.609999656677246,15.609999656677246,15.609999656677246,22000,0.0,0.0,0.0
2025-10-02 04:05:00+00:00,15.609999656677246,15.609999656677246,15.609999656677246,15.609999656677246,1020,0.0,0.0,0.0
2025-10-02 04:15:00+00:00,15.600000381469727,15.600000381469727,15.600000381469727,15.600000381469727,9700,0.0,0.0,0.0
2025-10-02 04:25:00+00:00,15.609999656677246,15.609999656677246,15.609999656677246,15.609999656677246,87461,0.0,0.0,0.0
2025-10-02 04:35:00+00:00,15.600000381469727,15.609999656677246,15.600000381469727,15.609999656677246,13000,0.0,0.0,0.0
2025-10-02 04:40:00+00:00,15.609999656677246,15.609999656677246,15.609999656677246,15.609999656677246,6431,0.0,0.0,0.0
2025-10-02 04:45:00+00:00,15.609999656677246,15.609999656677246,15.609999656677246,15.609999656677246,5000,0.0,0.0,0.0
2025-10-02 04:50:00+00:00,15.609999656677246,15.609999656677246,15.609999656677246,15.609999656677246,1003,0.0,0.0,0.0
2025-10-02 04:55:00+00:00,15.609999656677246,15.609999656677246,15.609999656677246,15.609999656677246,2000,0.0,0.0,0.0
2025-10-02 05:00:00+00:00,15.609999656677246,15.609999656677246,15.609999656677246,15.609999656677246,6000,0.0,0.0,0.0
2025-10-02 05:05:00+00:00,15.619999885559082,15.619999885559082,15.609999656677246,15.609999656677246,6000,0.0,0.0,0.0
2025-10-02 05:10:00+00:00,15.619999885559082,15.619999885559082,15.600000381469727,15.609999656677246,54000,0.0,0.0,0.0
2025-10-02 05:15:00+00:00,15.600000381469727,15.600000381469727,15.600000381469727,15.600000381469727,16023,0.0,0.0,0.0
2025-10-02 05:20:00+00:00,15.600000381469727,15.609999656677246,15.600000381469727,15.609999656677246,102100,0.0,0.0,0.0
2025-10-03 01:00:00+00:00,15.609999656677246,15.609999656677246,15.579999923706055,15.579999923706055,0,0.0,0.0,0.0
2025-10-03 01:05:00+00:00,15.569999694824219,15.569999694824219,15.5600004196167,15.5600004196167,5000,0.0,0.0,0.0
2025-10-03 01:10:00+00:00,15.539999961853027,15.550000190734863,15.529999732971191,15.550000190734863,125019,0.0,0.0,0.0
2025-10-03 01:15:00+00:00,15.539999961853027,15.5600004196167,15.539999961853027,15.5600004196167,22500,0.0,0.0,0.0
2025-10-03 01:20:00+00:00,15.5600004196167,15.5600004196167,15.5600004196167,15.5600004196167,16225,0.0,0.0,0.0
2025-10-03 01:25:00+00:00,15.550000190734863,15.550000190734863,15.550000190734863,15.550000190734863,2200,0.0,0.0,0.0
2025-10-03 01:30:00+00:00,15.550000190734863,15.550000190734863,15.539999961853027,15.539999961853027,102454,0.0,0.0,0.0
2025-10-03 01:35:00+00:00,15.539999961853027,15.539999961853027,15.539999961853027,15.539999961853027,110390,0.0,0.0,0.0
2025-10-03 01:40:00+00:00,15.529999732971191,15.529999732971191,15.529999732971191,15.529999732971191,12000,0.0,0.0,0.0
2025-10-03 01:45:00+00:00,15.550000190734863,15.550000190734863,15.529999732971191,15.529999732971191,201284,0.0,0.0,0.0
2025-10-03 01:50:00+00:00,15.529999732971191,15.529999732971191,15.529999732971191,15.529999732971191,2000,0.0,0.0,0.0
2025-10-03 01:55:00+00:00,15.539999961853027,15.539999961853027,15.539999961853027,15.539999961853027,1750,0.0,0.0,0.0
2025-10-03 02:00:00+00:00,15.539999961853027,15.539999961853027,15.539999961853027,15.539999961853027,1295,0.0,0.0,0.0
2025-10-03 02:05:00+00:00,15.529999732971191,15.529999732971191,15.529999732971191,15.529999732971191,5352,0.0,0.0,0.0
2025-10-03 02:15:00+00:00,15.550000190734863,15.550000190734863,15.529999732971191,15.529999732971191,76597,0.0,0.0,0.0
2025-10-03 02:25:00+00:00,15.550000190734863,15.5600004196167,15.550000190734863,15.5600004196167,10016,0.0,0.0,0.0
2025-10-03 02:30:00+00:00,15.5600004196167,15.5600004196167,15.5600004196167,15.5600004196167,2000,0.0,0.0,0.0
2025-10-03 02:35:00+00:00,15.550000190734863,15.550000190734863,15.550000190734863,15.550000190734863,9000,0.0,0.0,0.0
2025-10-03 02:40:00+00:00,15.539999961853027,15.539999961853027,15.539999961853027,15.539999961853027,4196,0.0,0.0,0.0
2025-10-03 02:45:00+00:00,15.5600004196167,15.5600004196167,15.5600004196167,15.5600004196167,1346,0.0,0.0,0.0
2025-10-03 02:50:00+00:00,15.550000190734863,15.550000190734863,15.550000190734863,15.550000190734863,3000,0.0,0.0,0.0
2025-10-03 02:55:00+00:00,15.550000190734863,15.550000190734863,15.550000190734863,15.550000190734863,4038,0.0,0.0,0.0
2025-10-03 03:00:00+00:00,15.5600004196167,15.5600004196167,15.550000190734863,15.550000190734863,4002,0.0,0.0,0.0
2025-10-03 03:05:00+00:00,15.5600004196167,15.5600004196167,15.5600004196167,15.5600004196167,22100,0.0,0.0,0.0
2025-10-03 03:10:00+00:00,15.5600004196167,15.5600004196167,15.5600004196167,15.5600004196167,1000,0.0,0.0,0.0
2025-10-03 03:15:00+00:00,15.5600004196167,15.5600004196167,15.550000190734863,15.5600004196167,23000,0.0,0.0,0.0
2025-10-03 03:20:00+00:00,15.5600004196167,15.5600004196167,15.5600004196167,15.5600004196167,2100,0.0,0.0,0.0
2025-10-03 03:30:00+00:00,15.5600004196167,15.5600004196167,15.550000190734863,15.550000190734863,5512,0.0,0.0,0.0
2025-10-03 03:35:00+00:00,15.550000190734863,15.550000190734863,15.550000190734863,15.550000190734863,5000,0.0,0.0,0.0
2025-10-03 03:40:00+00:00,15.550000190734863,15.550000190734863,15.550000190734863,15.550000190734863,5000,0.0,0.0,0.0
2025-10-03 03:45:00+00:00,15.5600004196167,15.5600004196167,15.5600004196167,15.5600004196167,1253,0.0,0.0,0.0
2025-10-03 03:55:00+00:00,15.5600004196167,15.5600004196167,15.550000190734863,15.550000190734863,10150,0.0,0.0,0.0
2025-10-03 04:00:00+00:00,15.550000190734863,15.550000190734863,15.550000190734863,15.550000190734863,1360,0.0,0.0,0.0
2025-10-03 04:20:00+00:00,15.539999961853027,15.550000190734863,15.539999961853027,15.550000190734863,8038,0.0,0.0,0.0
2025-10-03 04:35:00+00:00,15.539999961853027,15.550000190734863,15.539999961853027,15.550000190734863,43020,0.0,0.0,0.0
2025-10-03 04:40:00+00:00,15.550000190734863,15.550000190734863,15.550000190734863,15.550000190734863,5380,0.0,0.0,0.0
2025-10-03 04:45:00+00:00,15.550000190734863,15.550000190734863,15.550000190734863,15.550000190734863,2164,0.0,0.0,0.0
2025-10-03 04:50:00+00:00,15.550000190734863,15.550000190734863,15.550000190734863,15.550000190734863,3064,0.0,0.0,0.0
2025-10-03 04:55:00+00:00,15.550000190734863,15.550000190734863,15.539999961853027,15.539999961853027,5167,0.0,0.0,0.0
2025-10-03 05:00:00+00:00,15.539999961853027,15.550000190734863,15.539999961853027,15.550000190734863,12100,0.0,0.0,0.0
2025-10-03 05:05:00+00:00,15.539999961853027,15.550000190734863,15.539999961853027,15.539999961853027,28366,0.0,0.0,0.0
2025-10-03 05:10:00+00:00,15.539999961853027,15.539999961853027,15.539999961853027,15.539999961853027,3228,0.0,0.0,0.0
2025-10-03 05:15:00+00:00,15.539999961853027,15.539999961853027,15.529999732971191,15.529999732971191,6120,0.0,0.0,0.0
2025-10-03 05:20:00+00:00,15.529999732971191,15.529999732971191,15.529999732971191,15.529999732971191,13380,0.0,0.0,0.0
2025-10-07 01:00:00+00:00,15.529999732971191,15.59000015258789,15.529999732971191,15.59000015258789,0,0.0,0.0,0.0
2025-10-07 01:05:00+00:00,15.569999694824219,15.569999694824219,15.569999694824219,15.569999694824219,4127,0.0,0.0,0.0
2025-10-07 01:10:00+00:00,15.5600004196167,15.5600004196167,15.550000190734863,15.550000190734863,30060,0.0,0.0,0.0
2025-10-07 01:15:00+00:00,15.5600004196167,15.5600004196167,15.5600004196167,15.5600004196167,14090,0.0,0.0,0.0
2025-10-07 01:20:00+00:00,15.550000190734863,15.5600004196167,15.550000190734863,15.5600004196167,44150,0.0,0.0,0.0
2025-10-07 01:25:00+00:00,15.569999694824219,15.579999923706055,15.569999694824219,15.579999923706055,68179,0.0,0.0,0.0
2025-10-07 01:30:00+00:00,15.59000015258789,15.619999885559082,15.579999923706055,15.619999885559082,184373,0.0,0.0,0.0
2025-10-07 01:35:00+00:00,15.59000015258789,15.619999885559082,15.59000015258789,15.619999885559082,90035,0.0,0.0,0.0
2025-10-07 01:40:00+00:00,15.600000381469727,15.600000381469727,15.600000381469727,15.600000381469727,11541,0.0,0.0,0.0
2025-10-07 01:45:00+00:00,15.609999656677246,15.619999885559082,15.609999656677246,15.609999656677246,7100,0.0,0.0,0.0
2025-10-07 01:50:00+00:00,15.609999656677246,15.65999984741211,15.609999656677246,15.65999984741211,262858,0.0,0.0,0.0
2025-10-07 01:55:00+00:00,15.649999618530273,15.649999618530273,15.649999618530273,15.649999618530273,1346,0.0,0.0,0.0
2025-10-07 02:00:00+00:00,15.65999984741211,15.65999984741211,15.649999618530273,15.649999618530273,12320,0.0,0.0,0.0
2025-10-07 02:05:00+00:00,15.649999618530273,15.649999618530273,15.649999618530273,15.649999618530273,69458,0.0,0.0,0.0
2025-10-07 02:10:00+00:00,15.649999618530273,15.649999618530273,15.649999618530273,15.649999618530273,1000,0.0,0.0,0.0
2025-10-07 02:15:00+00:00,15.65999984741211,15.65999984741211,15.65999984741211,15.65999984741211,3973,0.0,0.0,0.0
2025-10-07 02:20:00+00:00,15.649999618530273,15.649999618530273,15.649999618530273,15.649999618530273,5000,0.0,0.0,0.0
2025-10-07 02:25:00+00:00,15.649999618530273,15.649999618530273,15.649999618530273,15.649999618530273,4012,0.0,0.0,0.0
2025-10-07 02:30:00+00:00,15.649999618530273,15.649999618530273,15.649999618530273,15.649999618530273,72238,0.0,0.0,0.0
2025-10-07 02:35:00+00:00,15.649999618530273,15.649999618530273,15.649999618530273,15.649999618530273,5150,0.0,0.0,0.0
2025-10-07 02:40:00+00:00,15.65999984741211,15.65999984741211,15.65999984741211,15.65999984741211,2100,0.0,0.0,0.0
2025-10-07 02:45:00+00:00,15.65999984741211,15.65999984741211,15.649999618530273,15.649999618530273,31510,0.0,0.0,0.0
2025-10-07 02:50:00+00:00,15.649999618530273,15.649999618530273,15.649999618530273,15.649999618530273,10000,0.0,0.0,0.0
2025-10-07 02:55:00+00:00,15.649999618530273,15.649999618530273,15.649999618530273,15.649999618530273,2012,0.0,0.0,0.0
2025-10-07 03:00:00+00:00,15.65999984741211,15.680000305175781,15.65999984741211,15.680000305175781,124778,0.0,0.0,0.0
2025-10-07 03:10:00+00:00,15.670000076293945,15.670000076293945,15.670000076293945,15.670000076293945,11100,0.0,0.0,0.0
2025-10-07 03:15:00+00:00,15.680000305175781,15.680000305175781,15.670000076293945,15.670000076293945,9210,0.0,0.0,0.0
2025-10-07 03:20:00+00:00,15.670000076293945,15.670000076293945,15.670000076293945,15.670000076293945,36112,0.0,0.0,0.0
2025-10-07 03:25:00+00:00,15.670000076293945,15.670000076293945,15.670000076293945,15.670000076293945,5282,0.0,0.0,0.0
2025-10-07 03:35:00+00:00,15.670000076293945,15.670000076293945,15.670000076293945,15.670000076293945,5183,0.0,0.0,0.0
2025-10-07 03:45:00+00:00,15.670000076293945,15.670000076293945,15.65999984741211,15.65999984741211,19000,0.0,0.0,0.0
2025-10-07 03:50:00+00:00,15.65999984741211,15.65999984741211,15.65999984741211,15.65999984741211,27112,0.0,0.0,0.0
2025-10-07 03:55:00+00:00,15.670000076293945,15.670000076293945,15.670000076293945,15.670000076293945,16100,0.0,0.0,0.0
2025-10-07 04:00:00+00:00,15.670000076293945,15.670000076293945,15.65999984741211,15.670000076293945,10012,0.0,0.0,0.0
2025-10-07 04:05:00+00:00,15.65999984741211,15.65999984741211,15.65999984741211,15.65999984741211,4821,0.0,0.0,0.0
2025-10-07 04:25:00+00:00,15.649999618530273,15.649999618530273,15.649999618530273,15.649999618530273,6112,0.0,0.0,0.0
2025-10-07 04:30:00+00:00,15.649999618530273,15.649999618530273,15.649999618530273,15.649999618530273,1000,0.0,0.0,0.0
2025-10-07 04:35:00+00:00,15.649999618530273,15.649999618530273,15.630000114440918,15.630000114440918,2501,0.0,0.0,0.0
2025-10-07 04:40:00+00:00,15.630000114440918,15.630000114440918,15.630000114440918,15.630000114440918,1011,0.0,0.0,0.0
2025-10-07 04:45:00+00:00,15.630000114440918,15.630000114440918,15.630000114440918,15.630000114440918,11100,0.0,0.0,0.0
2025-10-07 04:50:00+00:00,15.640000343322754,15.640000343322754,15.640000343322754,15.640000343322754,1212,0.0,0.0,0.0
2025-10-07 04:55:00+00:00,15.630000114440918,15.630000114440918,15.630000114440918,15.630000114440918,1112,0.0,0.0,0.0
2025-10-07 05:00:00+00:00,15.640000343322754,15.640000343322754,15.630000114440918,15.630000114440918,7000,0.0,0.0,0.0
2025-10-07 05:05:00+00:00,15.630000114440918,15.630000114440918,15.630000114440918,15.630000114440918,6024,0.0,0.0,0.0
2025-10-07 05:10:00+00:00,15.619999885559082,15.619999885559082,15.619999885559082,15.619999885559082,40564,0.0,0.0,0.0
2025-10-07 05:15:00+00:00,15.630000114440918,15.630000114440918,15.630000114440918,15.630000114440918,19304,0.0,0.0,0.0
2025-10-08 01:00:00+00:00,15.600000381469727,15.619999885559082,15.600000381469727,15.619999885559082,0,0.0,0.0,0.0
2025-10-08 01:05:00+00:00,15.619999885559082,15.619999885559082,15.619999885559082,15.619999885559082,15371,0.0,0.0,0.0
2025-10-08 01:10:00+00:00,15.640000343322754,15.640000343322754,15.609999656677246,15.609999656677246,19681,0.0,0.0,0.0
2025-10-08 01:15:00+00:00,15.609999656677246,15.609999656677246,15.600000381469727,15.600000381469727,318550,0.0,0.0,0.0
2025-10-08 01:20:00+00:00,15.600000381469727,15.619999885559082,15.600000381469727,15.619999885559082,107507,0.0,0.0,0.0
2025-10-08 01:25:00+00:00,15.619999885559082,15.630000114440918,15.619999885559082,15.630000114440918,15050,0.0,0.0,0.0
2025-10-08 01:35:00+00:00,15.609999656677246,15.609999656677246,15.600000381469727,15.600000381469727,21416,0.0,0.0,0.0
2025-10-08 01:45:00+00:00,15.59000015258789,15.59000015258789,15.59000015258789,15.59000015258789,7483,0.0,0.0,0.0
2025-10-08 01:50:00+00:00,15.579999923706055,15.59000015258789,15.579999923706055,15.59000015258789,3000,0.0,0.0,0.0
2025-10-08 01:55:00+00:00,15.59000015258789,15.600000381469727,15.59000015258789,15.600000381469727,40190,0.0,0.0,0.0
2025-10-08 02:00:00+00:00,15.600000381469727,15.609999656677246,15.600000381469727,15.609999656677246,14043,0.0,0.0,0.0
2025-10-08 02:05:00+00:00,15.609999656677246,15.609999656677246,15.600000381469727,15.600000381469727,12199,0.0,0.0,0.0
2025-10-08 02:10:00+00:00,15.59000015258789,15.59000015258789,15.59000015258789,15.59000015258789,1188,0.0,0.0,0.0
2025-10-08 02:15:00+00:00,15.59000015258789,15.59000015258789,15.59000015258789,15.59000015258789,4305,0.0,0.0,0.0
2025-10-08 02:20:00+00:00,15.59000015258789,15.59000015258789,15.59000015258789,15.59000015258789,1000,0.0,0.0,0.0
2025-10-08 02:25:00+00:00,15.59000015258789,15.600000381469727,15.59000015258789,15.600000381469727,3092,0.0,0.0,0.0
2025-10-08 02:30:00+00:00,15.600000381469727,15.600000381469727,15.600000381469727,15.600000381469727,9049,0.0,0.0,0.0
2025-10-08 02:35:00+00:00,15.600000381469727,15.600000381469727,15.600000381469727,15.600000381469727,1652,0.0,0.0,0.0
2025-10-08 02:55:00+00:00,15.609999656677246,15.609999656677246,15.609999656677246,15.609999656677246,22049,0.0,0.0,0.0
2025-10-08 03:00:00+00:00,15.619999885559082,15.619999885559082,15.619999885559082,15.619999885559082,12053,0.0,0.0,0.0
2025-10-08 03:05:00+00:00,15.619999885559082,15.630000114440918,15.619999885559082,15.630000114440918,79169,0.0,0.0,0.0
2025-10-08 03:10:00+00:00,15.630000114440918,15.630000114440918,15.630000114440918,15.630000114440918,5000,0.0,0.0,0.0
2025-10-08 03:15:00+00:00,15.630000114440918,15.630000114440918,15.630000114440918,15.630000114440918,20537,0.0,0.0,0.0
2025-10-08 03:20:00+00:00,15.630000114440918,15.630000114440918,15.630000114440918,15.630000114440918,2015,0.0,0.0,0.0
2025-10-08 03:30:00+00:00,15.630000114440918,15.630000114440918,15.630000114440918,15.630000114440918,1143,0.0,0.0,0.0
2025-10-08 03:35:00+00:00,15.619999885559082,15.619999885559082,15.619999885559082,15.619999885559082,2000,0.0,0.0,0.0
2025-10-08 03:40:00+00:00,15.619999885559082,15.619999885559082,15.619999885559082,15.619999885559082,10120,0.0,0.0,0.0
2025-10-08 03:50:00+00:00,15.619999885559082,15.619999885559082,15.619999885559082,15.619999885559082,10000,0.0,0.0,0.0
2025-10-08 04:10:00+00:00,15.619999885559082,15.619999885559082,15.619999885559082,15.619999885559082,1340,0.0,0.0,0.0
2025-10-08 04:15:00+00:00,15.619999885559082,15.619999885559082,15.619999885559082,15.619999885559082,1048,0.0,0.0,0.0
2025-10-08 04:20:00+00:00,15.619999885559082,15.619999885559082,15.619999885559082,15.619999885559082,2194,0.0,0.0,0.0
2025-10-08 04:25:00+00:00,15.609999656677246,15.609999656677246,15.609999656677246,15.609999656677246,2100,0.0,0.0,0.0
2025-10-08 04:30:00+00:00,15.609999656677246,15.609999656677246,15.609999656677246,15.609999656677246,2100,0.0,0.0,0.0
2025-10-08 04:35:00+00:00,15.619999885559082,15.619999885559082,15.619999885559082,15.619999885559082,2200,0.0,0.0,0.0
2025-10-08 04:40:00+00:00,15.609999656677246,15.609999656677246,15.609999656677246,15.609999656677246,1000,0.0,0.0,0.0
2025-10-08 04:45:00+00:00,15.609999656677246,15.609999656677246,15.609999656677246,15.609999656677246,12031,0.0,0.0,0.0
2025-10-08 04:50:00+00:00,15.609999656677246,15.609999656677246,15.609999656677246,15.609999656677246,4000,0.0,0.0,0.0
2025-10-08 04:55:00+00:00,15.609999656677246,15.619999885559082,15.609999656677246,15.619999885559082,17369,0.0,0.0,0.0
2025-10-08 05:05:00+00:00,15.619999885559082,15.619999885559082,15.609999656677246,15.609999656677246,5100,0.0,0.0,0.0
2025-10-08 05:10:00+00:00,15.609999656677246,15.609999656677246,15.609999656677246,15.609999656677246,2000,0.0,0.0,0.0
2025-10-08 05:15:00+00:00,15.619999885559082,15.619999885559082,15.619999885559082,15.619999885559082,17033,0.0,0.0,0.0
2025-10-08 05:20:00+00:00,15.630000114440918,15.630000114440918,15.630000114440918,15.630000114440918,7000,0.0,0.0,0.0
2025-10-09 01:00:00+00:00,15.710000038146973,15.710000038146973,15.65999984741211,15.670000076293945,0,0.0,0.0,0.0
2025-10-09 01:05:00+00:00,15.680000305175781,15.6899995803833,15.670000076293945,15.670000076293945,51468,0.0,0.0,0.0
2025-10-09 01:10:00+00:00,15.680000305175781,15.6899995803833,15.680000305175781,15.6899995803833,8337,0.0,0.0,0.0
2025-10-09 01:15:00+00:00,15.680000305175781,15.680000305175781,15.680000305175781,15.680000305175781,2000,0.0,0.0,0.0
2025-10-09 01:20:00+00:00,15.680000305175781,15.680000305175781,15.680000305175781,15.680000305175781,52217,0.0,0.0,0.0
2025-10-09 01:25:00+00:00,15.6899995803833,15.699999809265137,15.680000305175781,15.680000305175781,32782,0.0,0.0,0.0
2025-10-09 01:30:00+00:00,15.699999809265137,15.699999809265137,15.699999809265137,15.699999809265137,3124,0.0,0.0,0.0
2025-10-09 01:35:00+00:00,15.649999618530273,15.649999618530273,15.649999618530273,15.649999618530273,101150,0.0,0.0,0.0
2025-10-09 01:40:00+00:00,15.640000343322754,15.640000343322754,15.630000114440918,15.640000343322754,211000,0.0,0.0,0.0
2025-10-09 01:45:00+00:00,15.649999618530273,15.649999618530273,15.630000114440918,15.630000114440918,3273,0.0,0.0,0.0
2025-10-09 01:55:00+00:00,15.630000114440918,15.630000114440918,15.630000114440918,15.630000114440918,5000,0.0,0.0,0.0
2025-10-09 02:00:00+00:00,15.649999618530273,15.649999618530273,15.649999618530273,15.649999618530273,2149,0.0,0.0,0.0
2025-10-09 02:05:00+00:00,15.619999885559082,15.619999885559082,15.600000381469727,15.600000381469727,46887,0.0,0.0,0.0
2025-10-09 02:10:00+00:00,15.600000381469727,15.630000114440918,15.600000381469727,15.630000114440918,15163,0.0,0.0,0.0
2025-10-09 02:15:00+00:00,15.649999618530273,15.649999618530273,15.649999618530273,15.649999618530273,2339,0.0,0.0,0.0
2025-10-09 02:25:00+00:00,15.630000114440918,15.630000114440918,15.630000114440918,15.630000114440918,8000,0.0,0.0,0.0
2025-10-09 02:30:00+00:00,15.640000343322754,15.649999618530273,15.640000343322754,15.649999618530273,2587,0.0,0.0,0.0
2025-10-09 02:45:00+00:00,15.640000343322754,15.640000343322754,15.640000343322754,15.640000343322754,2267,0.0,0.0,0.0
2025-10-09 03:00:00+00:00,15.630000114440918,15.630000114440918,15.630000114440918,15.630000114440918,1953,0.0,0.0,0.0
2025-10-09 03:05:00+00:00,15.619999885559082,15.619999885559082,15.619999885559082,15.619999885559082,2236,0.0,0.0,0.0
2025-10-09 03:10:00+00:00,15.619999885559082,15.619999885559082,15.600000381469727,15.600000381469727,125735,0.0,0.0,0.0
2025-10-09 03:15:00+00:00,15.600000381469727,15.600000381469727,15.59000015258789,15.59000015258789,151904,0.0,0.0,0.0
2025-10-09 03:20:00+00:00,15.59000015258789,15.609999656677246,15.59000015258789,15.609999656677246,10000,0.0,0.0,0.0
2025-10-09 03:25:00+00:00,15.600000381469727,15.600000381469727,15.600000381469727,15.600000381469727,2695,0.0,0.0,0.0
2025-10-09 03:40:00+00:00,15.600000381469727,15.600000381469727,15.600000381469727,15.600000381469727,21000,0.0,0.0,0.0
2025-10-09 03:50:00+00:00,15.600000381469727,15.600000381469727,15.579999923706055,15.579999923706055,6000,0.0,0.0,0.0
2025-10-09 03:55:00+00:00,15.579999923706055,15.579999923706055,15.579999923706055,15.579999923706055,7000,0.0,0.0,0.0
2025-10-09 04:00:00+00:00,15.59000015258789,15.59000015258789,15.59000015258789,15.59000015258789,2000,0.0,0.0,0.0
2025-10-09 04:05:00+00:00,15.59000015258789,15.59000015258789,15.59000015258789,15.59000015258789,2030,0.0,0.0,0.0
2025-10-09 04:25:00+00:00,15.600000381469727,15.600000381469727,15.600000381469727,15.600000381469727,16100,0.0,0.0,0.0
2025-10-09 04:35:00+00:00,15.600000381469727,15.600000381469727,15.600000381469727,15.600000381469727,1526,0.0,0.0,0.0
2025-10-09 04:40:00+00:00,15.600000381469727,15.600000381469727,15.600000381469727,15.600000381469727,1848,0.0,0.0,0.0
2025-10-09 05:00:00+00:00,15.600000381469727,15.600000381469727,15.600000381469727,15.600000381469727,2141,0.0,0.0,0.0
2025-10-09 05:05:00+00:00,15.59000015258789,15.59000015258789,15.59000015258789,15.59000015258789,186109,0.0,0.0,0.0
2025-10-09 05:10:00+00:00,15.59000015258789,15.600000381469727,15.59000015258789,15.600000381469727,71069,0.0,0.0,0.0
2025-10-09 05:15:00+00:00,15.600000381469727,15.609999656677246,15.600000381469727,15.609999656677246,13557,0.0,0.0,0.0
2025-10-09 05:20:00+00:00,15.600000381469727,15.609999656677246,15.600000381469727,15.609999656677246,8000,0.0,0.0,0.0
2025-10-13 01:00:00+00:00,15.319999694824219,15.319999694824219,15.289999961853027,15.3100004196167,0,0.0,0.0,0.0
2025-10-13 01:05:00+00:00,15.3100004196167,15.329999923706055,15.289999961853027,15.289999961853027,161087,0.0,0.0,0.0
2025-10-13 01:10:00+00:00,15.289999961853027,15.300000190734863,15.279999732971191,15.300000190734863,30243,0.0,0.0,0.0
2025-10-13 01:15:00+00:00,15.300000190734863,15.3100004196167,15.279999732971191,15.3100004196167,230708,0.0,0.0,0.0
2025-10-13 01:20:00+00:00,15.3100004196167,15.34000015258789,15.3100004196167,15.329999923706055,12228,0.0,0.0,0.0
2025-10-13 01:25:00+00:00,15.34000015258789,15.34000015258789,15.34000015258789,15.34000015258789,4000,0.0,0.0,0.0
2025-10-13 01:30:00+00:00,15.350000381469727,15.359999656677246,15.350000381469727,15.359999656677246,33121,0.0,0.0,0.0
2025-10-13 01:35:00+00:00,15.359999656677246,15.359999656677246,15.359999656677246,15.359999656677246,3001,0.0,0.0,0.0
2025-10-13 01:40:00+00:00,15.390000343322754,15.390000343322754,15.390000343322754,15.390000343322754,6000,0.0,0.0,0.0
2025-10-13 01:45:00+00:00,15.420000076293945,15.420000076293945,15.40999984741211,15.40999984741211,3074,0.0,0.0,0.0
2025-10-13 01:50:00+00:00,15.40999984741211,15.420000076293945,15.40999984741211,15.420000076293945,5088,0.0,0.0,0.0
2025-10-13 01:55:00+00:00,15.4399995803833,15.449999809265137,15.430000305175781,15.430000305175781,10073,0.0,0.0,0.0
2025-10-13 02:00:00+00:00,15.449999809265137,15.449999809265137,15.4399995803833,15.4399995803833,5000,0.0,0.0,0.0
2025-10-13 02:05:00+00:00,15.4399995803833,15.4399995803833,15.4399995803833,15.4399995803833,2000,0.0,0.0,0.0
2025-10-13 02:10:00+00:00,15.430000305175781,15.4399995803833,15.430000305175781,15.430000305175781,102334,0.0,0.0,0.0
2025-10-13 02:15:00+00:00,15.430000305175781,15.430000305175781,15.420000076293945,15.430000305175781,11100,0.0,0.0,0.0
2025-10-13 02:20:00+00:00,15.430000305175781,15.430000305175781,15.420000076293945,15.420000076293945,3146,0.0,0.0,0.0
2025-10-13 02:30:00+00:00,15.430000305175781,15.449999809265137,15.430000305175781,15.449999809265137,10150,0.0,0.0,0.0
2025-10-13 02:35:00+00:00,15.460000038146973,15.460000038146973,15.449999809265137,15.449999809265137,11000,0.0,0.0,0.0
2025-10-13 02:40:00+00:00,15.4399995803833,15.4399995803833,15.4399995803833,15.4399995803833,1000,0.0,0.0,0.0
2025-10-13 02:45:00+00:00,15.449999809265137,15.449999809265137,15.449999809265137,15.449999809265137,8610,0.0,0.0,0.0
2025-10-13 02:50:00+00:00,15.460000038146973,15.460000038146973,15.460000038146973,15.460000038146973,1000,0.0,0.0,0.0
2025-10-13 02:55:00+00:00,15.449999809265137,15.449999809265137,15.449999809265137,15.449999809265137,1365,0.0,0.0,0.0
2025-10-13 03:00:00+00:00,15.449999809265137,15.449999809265137,15.4399995803833,15.4399995803833,4137,0.0,0.0,0.0
2025-10-13 03:05:00+00:00,15.449999809265137,15.460000038146973,15.449999809265137,15.460000038146973,13590,0.0,0.0,0.0
2025-10-13 03:10:00+00:00,15.470000267028809,15.470000267028809,15.470000267028809,15.470000267028809,2000,0.0,0.0,0.0
2025-10-13 03:15:00+00:00,15.470000267028809,15.470000267028809,15.470000267028809,15.470000267028809,10100,0.0,0.0,0.0
2025-10-13 03:20:00+00:00,15.479999542236328,15.479999542236328,15.479999542236328,15.479999542236328,3035,0.0,0.0,0.0
2025-10-13 03:30:00+00:00,15.479999542236328,15.479999542236328,15.479999542236328,15.479999542236328,1491,0.0,0.0,0.0
2025-10-13 03:35:00+00:00,15.479999542236328,15.479999542236328,15.479999542236328,15.479999542236328,5000,0.0,0.0,0.0
2025-10-13 03:40:00+00:00,15.479999542236328,15.479999542236328,15.470000267028809,15.470000267028809,96097,0.0,0.0,0.0
2025-10-13 03:45:00+00:00,15.470000267028809,15.470000267028809,15.470000267028809,15.470000267028809,6000,0.0,0.0,0.0
2025-10-13 03:50:00+00:00,15.460000038146973,15.460000038146973,15.460000038146973,15.460000038146973,3138,0.0,0.0,0.0
2025-10-13 03:55:00+00:00,15.449999809265137,15.449999809265137,15.449999809265137,15.449999809265137,3100,0.0,0.0,0.0
2025-10-13 04:00:00+00:00,15.449999809265137,15.460000038146973,15.449999809265137,15.460000038146973,4120,0.0,0.0,0.0
2025-10-13 04:05:00+00:00,15.470000267028809,15.470000267028809,15.460000038146973,15.460000038146973,2000,0.0,0.0,0.0
2025-10-13 04:15:00+00:00,15.460000038146973,15.460000038146973,15.449999809265137,15.449999809265137,2000,0.0,0.0,0.0
2025-10-13 04:20:00+00:00,15.449999809265137,15.449999809265137,15.449999809265137,15.449999809265137,4418,0.0,0.0,0.0
2025-10-13 04:25:00+00:00,15.449999809265137,15.449999809265137,15.449999809265137,15.449999809265137,2780,0.0,0.0,0.0
2025-10-13 04:30:00+00:00,15.449999809265137,15.449999809265137,15.449999809265137,15.449999809265137,24200,0.0,0.0,0.0
2025-10-13 04:35:00+00:00,15.449999809265137,15.449999809265137,15.449999809265137,15.449999809265137,3195,0.0,0.0,0.0
2025-10-13 04:40:00+00:00,15.449999809265137,15.449999809265137,15.449999809265137,15.449999809265137,2941,0.0,0.0,0.0
2025-10-13 04:45:00+00:00,15.460000038146973,15.460000038146973,15.460000038146973,15.460000038146973,24295,0.0,0.0,0.0
2025-10-13 04:55:00+00:00,15.470000267028809,15.470000267028809,15.470000267028809,15.470000267028809,4100,0.0,0.0,0.0
2025-10-13 05:00:00+00:00,15.470000267028809,15.470000267028809,15.470000267028809,15.470000267028809,1100,0.0,0.0,0.0
2025-10-13 05:05:00+00:00,15.470000267028809,15.470000267028809,15.460000038146973,15.470000267028809,15100,0.0,0.0,0.0
2025-10-13 05:10:00+00:00,15.470000267028809,15.470000267028809,15.470000267028809,15.470000267028809,28000,0.0,0.0,0.0
2025-10-13 05:15:00+00:00,15.470000267028809,15.470000267028809,15.470000267028809,15.470000267028809,1971,0.0,0.0,0.0
2025-10-13 05:20:00+00:00,15.470000267028809,15.479999542236328,15.470000267028809,15.479999542236328,15012,0.0,0.0,0.0
2025-10-14 01:00:00+00:00,15.5600004196167,15.609999656677246,15.5600004196167,15.609999656677246,0,0.0,0.0,0.0
2025-10-14 01:05:00+00:00,15.609999656677246,15.680000305175781,15.609999656677246,15.680000305175781,49506,0.0,0.0,0.0
2025-10-14 01:10:00+00:00,15.649999618530273,15.670000076293945,15.640000343322754,15.640000343322754,205000,0.0,0.0,0.0
2025-10-14 01:15:00+00:00,15.649999618530273,15.680000305175781,15.649999618530273,15.670000076293945,79396,0.0,0.0,0.0
2025-10-14 01:20:00+00:00,15.670000076293945,15.670000076293945,15.670000076293945,15.670000076293945,14064,0.0,0.0,0.0
2025-10-14 01:25:00+00:00,15.680000305175781,15.710000038146973,15.680000305175781,15.710000038146973,91084,0.0,0.0,0.0
2025-10-14 01:30:00+00:00,15.720000267028809,15.720000267028809,15.720000267028809,15.720000267028809,13037,0.0,0.0,0.0
2025-10-14 01:35:00+00:00,15.729999542236328,15.729999542236328,15.720000267028809,15.729999542236328,51712,0.0,0.0,0.0
2025-10-14 01:40:00+00:00,15.729999542236328,15.739999771118164,15.729999542236328,15.739999771118164,48645,0.0,0.0,0.0
2025-10-14 01:45:00+00:00,15.739999771118164,15.739999771118164,15.729999542236328,15.729999542236328,12020,0.0,0.0,0.0
2025-10-14 01:50:00+00:00,15.720000267028809,15.720000267028809,15.720000267028809,15.720000267028809,14661,0.0,0.0,0.0
2025-10-14 01:55:00+00:00,15.729999542236328,15.739999771118164,15.729999542236328,15.739999771118164,56900,0.0,0.0,0.0
2025-10-14 02:00:00+00:00,15.729999542236328,15.729999542236328,15.729999542236328,15.729999542236328,15603,0.0,0.0,0.0
2025-10-14 02:05:00+00:00,15.729999542236328,15.729999542236328,15.729999542236328,15.729999542236328,45124,0.0,0.0,0.0
2025-10-14 02:10:00+00:00,15.739999771118164,15.770000457763672,15.739999771118164,15.770000457763672,198491,0.0,0.0,0.0
2025-10-14 02:15:00+00:00,15.770000457763672,15.800000190734863,15.770000457763672,15.800000190734863,149450,0.0,0.0,0.0
2025-10-14 02:20:00+00:00,15.779999732971191,15.779999732971191,15.779999732971191,15.779999732971191,1114,0.0,0.0,0.0
2025-10-14 02:25:00+00:00,15.760000228881836,15.760000228881836,15.729999542236328,15.729999542236328,204020,0.0,0.0,0.0
2025-10-14 02:30:00+00:00,15.729999542236328,15.729999542236328,15.729999542236328,15.729999542236328,4000,0.0,0.0,0.0
2025-10-14 02:35:00+00:00,15.729999542236328,15.729999542236328,15.720000267028809,15.720000267028809,3872,0.0,0.0,0.0
2025-10-14 02:40:00+00:00,15.720000267028809,15.739999771118164,15.720000267028809,15.739999771118164,31656,0.0,0.0,0.0
2025-10-14 03:00:00+00:00,15.729999542236328,15.729999542236328,15.729999542236328,15.729999542236328,31600,0.0,0.0,0.0
2025-10-14 03:05:00+00:00,15.720000267028809,15.729999542236328,15.720000267028809,15.729999542236328,20500,0.0,0.0,0.0
2025-10-14 03:10:00+00:00,15.710000038146973,15.710000038146973,15.710000038146973,15.710000038146973,13425,0.0,0.0,0.0
2025-10-14 03:15:00+00:00,15.710000038146973,15.710000038146973,15.699999809265137,15.699999809265137,4505,0.0,0.0,0.0
2025-10-14 03:20:00+00:00,15.699999809265137,15.710000038146973,15.699999809265137,15.710000038146973,33000,0.0,0.0,0.0
2025-10-14 03:25:00+00:00,15.710000038146973,15.710000038146973,15.710000038146973,15.710000038146973,10050,0.0,0.0,0.0
2025-10-14 03:30:00+00:00,15.710000038146973,15.710000038146973,15.710000038146973,15.710000038146973,100150,0.0,0.0,0.0
2025-10-14 03:35:00+00:00,15.710000038146973,15.710000038146973,15.710000038146973,15.710000038146973,3000,0.0,0.0,0.0
2025-10-14 03:40:00+00:00,15.710000038146973,15.710000038146973,15.710000038146973,15.710000038146973,4000,0.0,0.0,0.0
2025-10-14 03:45:00+00:00,15.699999809265137,15.699999809265137,15.699999809265137,15.699999809265137,56000,0.0,0.0,0.0
2025-10-14 03:50:00+00:00,15.699999809265137,15.699999809265137,15.699999809265137,15.699999809265137,4090,0.0,0.0,0.0
2025-10-14 04:00:00+00:00,15.6899995803833,15.699999809265137,15.6899995803833,15.699999809265137,24125,0.0,0.0,0.0
2025-10-14 04:05:00+00:00,15.699999809265137,15.699999809265137,15.699999809265137,15.699999809265137,1050,0.0,0.0,0.0
2025-10-14 04:10:00+00:00,15.680000305175781,15.680000305175781,15.680000305175781,15.680000305175781,1000,0.0,0.0,0.0
2025-10-14 04:15:00+00:00,15.670000076293945,15.670000076293945,15.65999984741211,15.65999984741211,6050,0.0,0.0,0.0
2025-10-14 04:20:00+00:00,15.640000343322754,15.640000343322754,15.640000343322754,15.640000343322754,15000,0.0,0.0,0.0
2025-10-14 04:25:00+00:00,15.649999618530273,15.649999618530273,15.640000343322754,15.640000343322754,42443,0.0,0.0,0.0
2025-10-14 04:30:00+00:00,15.630000114440918,15.630000114440918,15.619999885559082,15.619999885559082,101263,0.0,0.0,0.0
2025-10-14 04:40:00+00:00,15.609999656677246,15.609999656677246,15.59000015258789,15.600000381469727,17282,0.0,0.0,0.0
2025-10-14 04:45:00+00:00,15.600000381469727,15.600000381469727,15.600000381469727,15.600000381469727,3112,0.0,0.0,0.0
2025-10-14 04:55:00+00:00,15.579999923706055,15.619999885559082,15.579999923706055,15.619999885559082,58337,0.0,0.0,0.0
2025-10-14 05:00:00+00:00,15.619999885559082,15.619999885559082,15.600000381469727,15.600000381469727,103542,0.0,0.0,0.0
2025-10-14 05:05:00+00:00,15.59000015258789,15.600000381469727,15.59000015258789,15.600000381469727,20587,0.0,0.0,0.0
2025-10-14 05:10:00+00:00,15.600000381469727,15.600000381469727,15.600000381469727,15.600000381469727,40139,0.0,0.0,0.0
2025-10-14 05:20:00+00:00,15.600000381469727,15.600000381469727,15.600000381469727,15.600000381469727,26000,0.0,0.0,0.0
2025-10-15 01:00:00+00:00,15.600000381469727,15.600000381469727,15.539999961853027,15.539999961853027,0,0.0,0.0,0.0
2025-10-15 01:05:00+00:00,15.539999961853027,15.539999961853027,15.539999961853027,15.539999961853027,8119,0.0,0.0,0.0
2025-10-15 01:10:00+00:00,15.539999961853027,15.539999961853027,15.539999961853027,15.539999961853027,6698,0.0,0.0,0.0
2025-10-15 01:15:00+00:00,15.520000457763672,15.520000457763672,15.520000457763672,15.520000457763672,10000,0.0,0.0,0.0
2025-10-15 01:20:00+00:00,15.539999961853027,15.539999961853027,15.539999961853027,15.539999961853027,6354,0.0,0.0,0.0
2025-10-15 01:25:00+00:00,15.520000457763672,15.520000457763672,15.520000457763672,15.520000457763672,11340,0.0,0.0,0.0
2025-10-15 01:30:00+00:00,15.510000228881836,15.510000228881836,15.510000228881836,15.510000228881836,13408,0.0,0.0,0.0
2025-10-15 01:35:00+00:00,15.510000228881836,15.510000228881836,15.510000228881836,15.510000228881836,9000,0.0,0.0,0.0
2025-10-15 01:40:00+00:00,15.510000228881836,15.510000228881836,15.510000228881836,15.510000228881836,219150,0.0,0.0,0.0
2025-10-15 01:45:00+00:00,15.510000228881836,15.510000228881836,15.510000228881836,15.510000228881836,397570,0.0,0.0,0.0
2025-10-15 01:50:00+00:00,15.510000228881836,15.510000228881836,15.5,15.5,54662,0.0,0.0,0.0
2025-10-15 01:55:00+00:00,15.489999771118164,15.489999771118164,15.489999771118164,15.489999771118164,5819,0.0,0.0,0.0
2025-10-15 02:00:00+00:00,15.5,15.5,15.5,15.5,4512,0.0,0.0,0.0
2025-10-15 02:05:00+00:00,15.539999961853027,15.539999961853027,15.539999961853027,15.539999961853027,12000,0.0,0.0,0.0
2025-10-15 02:10:00+00:00,15.510000228881836,15.520000457763672,15.510000228881836,15.520000457763672,7100,0.0,0.0,0.0
2025-10-15 02:15:00+00:00,15.529999732971191,15.529999732971191,15.529999732971191,15.529999732971191,4000,0.0,0.0,0.0
2025-10-15 02:20:00+00:00,15.529999732971191,15.529999732971191,15.529999732971191,15.529999732971191,6000,0.0,0.0,0.0
2025-10-15 02:25:00+00:00,15.529999732971191,15.529999732971191,15.529999732971191,15.529999732971191,4137,0.0,0.0,0.0
2025-10-15 02:35:00+00:00,15.529999732971191,15.529999732971191,15.529999732971191,15.529999732971191,1000,0.0,0.0,0.0
2025-10-15 02:40:00+00:00,15.520000457763672,15.520000457763672,15.520000457763672,15.520000457763672,15400,0.0,0.0,0.0
2025-10-15 02:50:00+00:00,15.529999732971191,15.529999732971191,15.529999732971191,15.529999732971191,1066,0.0,0.0,0.0
2025-10-15 03:20:00+00:00,15.529999732971191,15.529999732971191,15.529999732971191,15.529999732971191,1800,0.0,0.0,0.0
2025-10-15 03:25:00+00:00,15.539999961853027,15.539999961853027,15.539999961853027,15.539999961853027,1000,0.0,0.0,0.0
2025-10-15 03:30:00+00:00,15.539999961853027,15.539999961853027,15.539999961853027,15.539999961853027,3001,0.0,0.0,0.0
2025-10-15 03:40:00+00:00,15.539999961853027,15.539999961853027,15.539999961853027,15.539999961853027,2000,0.0,0.0,0.0
2025-10-15 03:45:00+00:00,15.539999961853027,15.539999961853027,15.529999732971191,15.529999732971191,4000,0.0,0.0,0.0
2025-10-15 03:50:00+00:00,15.539999961853027,15.539999961853027,15.539999961853027,15.539999961853027,1934,0.0,0.0,0.0
2025-10-15 04:00:00+00:00,15.529999732971191,15.529999732971191,15.529999732971191,15.529999732971191,1000,0.0,0.0,0.0
2025-10-15 04:05:00+00:00,15.529999732971191,15.529999732971191,15.529999732971191,15.529999732971191,6260,0.0,0.0,0.0
2025-10-15 04:10:00+00:00,15.539999961853027,15.550000190734863,15.539999961853027,15.550000190734863,44000,0.0,0.0,0.0
2025-10-15 04:15:00+00:00,15.5600004196167,15.5600004196167,15.5600004196167,15.5600004196167,1260,0.0,0.0,0.0
2025-10-15 04:20:00+00:00,15.5600004196167,15.5600004196167,15.5600004196167,15.5600004196167,1066,0.0,0.0,0.0
2025-10-15 04:25:00+00:00,15.5600004196167,15.5600004196167,15.5600004196167,15.5600004196167,12144,0.0,0.0,0.0
2025-10-15 04:30:00+00:00,15.569999694824219,15.569999694824219,15.569999694824219,15.569999694824219,1000,0.0,0.0,0.0
2025-10-15 04:40:00+00:00,15.569999694824219,15.569999694824219,15.569999694824219,15.569999694824219,1132,0.0,0.0,0.0
2025-10-15 04:45:00+00:00,15.5600004196167,15.5600004196167,15.5600004196167,15.5600004196167,7547,0.0,0.0,0.0
2025-10-15 05:05:00+00:00,15.5600004196167,15.5600004196167,15.550000190734863,15.550000190734863,8300,0.0,0.0,0.0
2025-10-15 05:10:00+00:00,15.539999961853027,15.539999961853027,15.529999732971191,15.529999732971191,24426,0.0,0.0,0.0
2025-10-15 05:15:00+00:00,15.529999732971191,15.529999732971191,15.529999732971191,15.529999732971191,1000,0.0,0.0,0.0
2025-10-15 05:20:00+00:00,15.539999961853027,15.550000190734863,15.539999961853027,15.550000190734863,25000,0.0,0.0,0.0
2025-10-16 01:00:00+00:00,15.680000305175781,15.699999809265137,15.670000076293945,15.670000076293945,0,0.0,0.0,0.0
2025-10-16 01:05:00+00:00,15.670000076293945,15.680000305175781,15.670000076293945,15.680000305175781,6872,0.0,0.0,0.0
2025-10-16 01:10:00+00:00,15.680000305175781,15.699999809265137,15.680000305175781,15.699999809265137,45271,0.0,0.0,0.0
2025-10-16 01:15:00+00:00,15.699999809265137,15.710000038146973,15.699999809265137,15.710000038146973,78562,0.0,0.0,0.0
2025-10-16 01:25:00+00:00,15.6899995803833,15.6899995803833,15.6899995803833,15.6899995803833,1508,0.0,0.0,0.0
2025-10-16 01:30:00+00:00,15.710000038146973,15.710000038146973,15.710000038146973,15.710000038146973,47900,0.0,0.0,0.0
2025-10-16 01:35:00+00:00,15.6899995803833,15.6899995803833,15.680000305175781,15.680000305175781,2076,0.0,0.0,0.0
2025-10-16 01:40:00+00:00,15.670000076293945,15.670000076293945,15.670000076293945,15.670000076293945,1020,0.0,0.0,0.0
2025-10-16 01:45:00+00:00,15.670000076293945,15.6899995803833,15.670000076293945,15.670000076293945,17100,0.0,0.0,0.0
2025-10-16 01:55:00+00:00,15.65999984741211,15.65999984741211,15.65999984741211,15.65999984741211,5117,0.0,0.0,0.0
2025-10-16 02:00:00+00:00,15.65999984741211,15.670000076293945,15.65999984741211,15.670000076293945,50100,0.0,0.0,0.0
2025-10-16 02:05:00+00:00,15.65999984741211,15.65999984741211,15.65999984741211,15.65999984741211,19018,0.0,0.0,0.0
2025-10-16 02:10:00+00:00,15.65999984741211,15.65999984741211,15.649999618530273,15.65999984741211,18001,0.0,0.0,0.0
2025-10-16 02:15:00+00:00,15.670000076293945,15.670000076293945,15.65999984741211,15.65999984741211,3217,0.0,0.0,0.0
2025-10-16 02:20:00+00:00,15.65999984741211,15.65999984741211,15.65999984741211,15.65999984741211,6013,0.0,0.0,0.0
2025-10-16 02:25:00+00:00,15.65999984741211,15.65999984741211,15.649999618530273,15.649999618530273,18018,0.0,0.0,0.0
2025-10-16 02:30:00+00:00,15.670000076293945,15.670000076293945,15.670000076293945,15.670000076293945,2287,0.0,0.0,0.0
2025-10-16 02:40:00+00:00,15.630000114440918,15.630000114440918,15.630000114440918,15.630000114440918,2000,0.0,0.0,0.0
2025-10-16 02:45:00+00:00,15.640000343322754,15.640000343322754,15.630000114440918,15.630000114440918,3572,0.0,0.0,0.0
2025-10-16 03:00:00+00:00,15.630000114440918,15.630000114440918,15.630000114440918,15.630000114440918,2118,0.0,0.0,0.0
2025-10-16 03:05:00+00:00,15.630000114440918,15.630000114440918,15.630000114440918,15.630000114440918,13137,0.0,0.0,0.0
2025-10-16 03:20:00+00:00,15.630000114440918,15.630000114440918,15.630000114440918,15.630000114440918,3518,0.0,0.0,0.0
2025-10-16 03:30:00+00:00,15.640000343322754,15.640000343322754,15.640000343322754,15.640000343322754,18147,0.0,0.0,0.0
2025-10-16 03:40:00+00:00,15.640000343322754,15.640000343322754,15.630000114440918,15.630000114440918,2018,0.0,0.0,0.0
2025-10-16 03:45:00+00:00,15.630000114440918,15.630000114440918,15.630000114440918,15.630000114440918,1110,0.0,0.0,0.0
2025-10-16 03:50:00+00:00,15.630000114440918,15.630000114440918,15.630000114440918,15.630000114440918,2257,0.0,0.0,0.0
2025-10-16 03:55:00+00:00,15.640000343322754,15.640000343322754,15.640000343322754,15.640000343322754,8000,0.0,0.0,0.0
2025-10-16 04:00:00+00:00,15.640000343322754,15.640000343322754,15.640000343322754,15.640000343322754,1510,0.0,0.0,0.0
2025-10-16 04:10:00+00:00,15.640000343322754,15.640000343322754,15.640000343322754,15.640000343322754,41557,0.0,0.0,0.0
2025-10-16 04:15:00+00:00,15.640000343322754,15.640000343322754,15.640000343322754,15.640000343322754,1110,0.0,0.0,0.0
2025-10-16 04:20:00+00:00,15.649999618530273,15.649999618530273,15.649999618530273,15.649999618530273,9018,0.0,0.0,0.0
2025-10-16 04:25:00+00:00,15.640000343322754,15.640000343322754,15.630000114440918,15.630000114440918,2455,0.0,0.0,0.0
2025-10-16 04:30:00+00:00,15.640000343322754,15.640000343322754,15.640000343322754,15.640000343322754,7499,0.0,0.0,0.0
2025-10-16 04:45:00+00:00,15.640000343322754,15.640000343322754,15.640000343322754,15.640000343322754,3258,0.0,0.0,0.0
2025-10-16 04:55:00+00:00,15.630000114440918,15.630000114440918,15.630000114440918,15.630000114440918,5021,0.0,0.0,0.0
2025-10-16 05:00:00+00:00,15.640000343322754,15.640000343322754,15.640000343322754,15.640000343322754,22333,0.0,0.0,0.0
2025-10-16 05:05:00+00:00,15.640000343322754,15.640000343322754,15.640000343322754,15.640000343322754,5161,0.0,0.0,0.0
2025-10-16 05:10:00+00:00,15.640000343322754,15.640000343322754,15.640000343322754,15.640000343322754,3000,0.0,0.0,0.0
2025-10-16 05:15:00+00:00,15.640000343322754,15.640000343322754,15.630000114440918,15.630000114440918,15173,0.0,0.0,0.0
2025-10-16 05:20:00+00:00,15.630000114440918,15.630000114440918,15.630000114440918,15.630000114440918,3200,0.0,0.0,0.0
2025-10-17 01:00:00+00:00,15.65999984741211,15.65999984741211,15.65999984741211,15.65999984741211,0,0.0,0.0,0.0
2025-10-17 01:05:00+00:00,15.680000305175781,15.729999542236328,15.680000305175781,15.710000038146973,62758,0.0,0.0,0.0
2025-10-17 01:10:00+00:00,15.6899995803833,15.699999809265137,15.6899995803833,15.699999809265137,112000,0.0,0.0,0.0
2025-10-17 01:15:00+00:00,15.699999809265137,15.710000038146973,15.699999809265137,15.710000038146973,35048,0.0,0.0,0.0
2025-10-17 01:20:00+00:00,15.720000267028809,15.720000267028809,15.720000267028809,15.720000267028809,25709,0.0,0.0,0.0
2025-10-17 01:25:00+00:00,15.720000267028809,15.720000267028809,15.720000267028809,15.720000267028809,58037,0.0,0.0,0.0
2025-10-17 01:30:00+00:00,15.710000038146973,15.710000038146973,15.699999809265137,15.710000038146973,73145,0.0,0.0,0.0
2025-10-17 01:35:00+00:00,15.720000267028809,15.720000267028809,15.720000267028809,15.720000267028809,9000,0.0,0.0,0.0
2025-10-17 01:40:00+00:00,15.729999542236328,15.729999542236328,15.720000267028809,15.720000267028809,67200,0.0,0.0,0.0
2025-10-17 01:45:00+00:00,15.720000267028809,15.720000267028809,15.720000267028809,15.720000267028809,1000,0.0,0.0,0.0
2025-10-17 01:50:00+00:00,15.710000038146973,15.710000038146973,15.710000038146973,15.710000038146973,4034,0.0,0.0,0.0
2025-10-17 01:55:00+00:00,15.710000038146973,15.710000038146973,15.710000038146973,15.710000038146973,53228,0.0,0.0,0.0
2025-10-17 02:05:00+00:00,15.699999809265137,15.699999809265137,15.699999809265137,15.699999809265137,3010,0.0,0.0,0.0
2025-10-17 02:10:00+00:00,15.699999809265137,15.710000038146973,15.699999809265137,15.710000038146973,5295,0.0,0.0,0.0
2025-10-17 02:30:00+00:00,15.699999809265137,15.699999809265137,15.699999809265137,15.699999809265137,1000,0.0,0.0,0.0
2025-10-17 02:35:00+00:00,15.6899995803833,15.6899995803833,15.6899995803833,15.6899995803833,20010,0.0,0.0,0.0
2025-10-17 02:45:00+00:00,15.6899995803833,15.6899995803833,15.6899995803833,15.6899995803833,3453,0.0,0.0,0.0
2025-10-17 03:00:00+00:00,15.65999984741211,15.65999984741211,15.65999984741211,15.65999984741211,19110,0.0,0.0,0.0
2025-10-17 03:10:00+00:00,15.65999984741211,15.65999984741211,15.65999984741211,15.65999984741211,2000,0.0,0.0,0.0
2025-10-17 03:20:00+00:00,15.640000343322754,15.640000343322754,15.640000343322754,15.640000343322754,2629,0.0,0.0,0.0
2025-10-17 03:30:00+00:00,15.630000114440918,15.630000114440918,15.630000114440918,15.630000114440918,13035,0.0,0.0,0.0
2025-10-17 03:35:00+00:00,15.630000114440918,15.630000114440918,15.630000114440918,15.630000114440918,5350,0.0,0.0,0.0
2025-10-17 03:40:00+00:00,15.630000114440918,15.630000114440918,15.630000114440918,15.630000114440918,4028,0.0,0.0,0.0
2025-10-17 03:50:00+00:00,15.630000114440918,15.630000114440918,15.630000114440918,15.630000114440918,10900,0.0,0.0,0.0
2025-10-17 04:00:00+00:00,15.630000114440918,15.630000114440918,15.630000114440918,15.630000114440918,1003,0.0,0.0,0.0
2025-10-17 04:05:00+00:00,15.630000114440918,15.630000114440918,15.630000114440918,15.630000114440918,1400,0.0,0.0,0.0
2025-10-17 04:20:00+00:00,15.630000114440918,15.630000114440918,15.630000114440918,15.630000114440918,5000,0.0,0.0,0.0
2025-10-17 04:25:00+00:00,15.630000114440918,15.630000114440918,15.630000114440918,15.630000114440918,2362,0.0,0.0,0.0
2025-10-17 04:45:00+00:00,15.619999885559082,15.619999885559082,15.619999885559082,15.619999885559082,42600,0.0,0.0,0.0
2025-10-17 04:55:00+00:00,15.609999656677246,15.609999656677246,15.609999656677246,15.609999656677246,14300,0.0,0.0,0.0
2025-10-17 05:00:00+00:00,15.609999656677246,15.609999656677246,15.609999656677246,15.609999656677246,7000,0.0,0.0,0.0
2025-10-17 05:05:00+00:00,15.609999656677246,15.609999656677246,15.609999656677246,15.609999656677246,198000,0.0,0.0,0.0
2025-10-17 05:10:00+00:00,15.609999656677246,15.609999656677246,15.609999656677246,15.609999656677246,2010,0.0,0.0,0.0
2025-10-17 05:15:00+00:00,15.600000381469727,15.609999656677246,15.600000381469727,15.609999656677246,18059,0.0,0.0,0.0
2025-10-17 05:20:00+00:00,15.600000381469727,15.600000381469727,15.600000381469727,15.600000381469727,25225,0.0,0.0,0.0
2025-10-20 01:00:00+00:00,15.720000267028809,15.75,15.720000267028809,15.75,0,0.0,0.0,0.0
2025-10-20 01:05:00+00:00,15.720000267028809,15.720000267028809,15.670000076293945,15.6899995803833,18628,0.0,0.0,0.0
2025-10-20 01:10:00+00:00,15.6899995803833,15.699999809265137,15.6899995803833,15.699999809265137,23026,0.0,0.0,0.0
2025-10-20 01:15:00+00:00,15.720000267028809,15.720000267028809,15.720000267028809,15.720000267028809,23652,0.0,0.0,0.0
2025-10-20 01:20:00+00:00,15.6899995803833,15.6899995803833,15.680000305175781,15.680000305175781,11304,0.0,0.0,0.0
2025-10-20 01:25:00+00:00,15.65999984741211,15.65999984741211,15.649999618530273,15.649999618530273,19042,0.0,0.0,0.0
2025-10-20 01:30:00+00:00,15.65999984741211,15.6899995803833,15.65999984741211,15.6899995803833,103295,0.0,0.0,0.0
2025-10-20 01:35:00+00:00,15.680000305175781,15.680000305175781,15.680000305175781,15.680000305175781,1042,0.0,0.0,0.0
2025-10-20 01:40:00+00:00,15.670000076293945,15.670000076293945,15.65999984741211,15.65999984741211,26400,0.0,0.0,0.0
2025-10-20 01:45:00+00:00,15.670000076293945,15.670000076293945,15.65999984741211,15.65999984741211,8172,0.0,0.0,0.0
2025-10-20 01:50:00+00:00,15.649999618530273,15.649999618530273,15.649999618530273,15.649999618530273,13060,0.0,0.0,0.0
2025-10-20 01:55:00+00:00,15.649999618530273,15.65999984741211,15.640000343322754,15.640000343322754,20530,0.0,0.0,0.0
2025-10-20 02:00:00+00:00,15.640000343322754,15.640000343322754,15.640000343322754,15.640000343322754,6100,0.0,0.0,0.0
2025-10-20 02:05:00+00:00,15.65999984741211,15.65999984741211,15.649999618530273,15.649999618530273,7085,0.0,0.0,0.0
2025-10-20 02:10:00+00:00,15.640000343322754,15.640000343322754,15.619999885559082,15.619999885559082,66036,0.0,0.0,0.0
2025-10-20 02:15:00+00:00,15.65999984741211,15.65999984741211,15.65999984741211,15.65999984741211,2193,0.0,0.0,0.0
2025-10-20 02:25:00+00:00,15.65999984741211,15.65999984741211,15.65999984741211,15.65999984741211,10579,0.0,0.0,0.0
2025-10-20 02:30:00+00:00,15.670000076293945,15.680000305175781,15.670000076293945,15.680000305175781,11236,0.0,0.0,0.0
2025-10-20 02:40:00+00:00,15.680000305175781,15.680000305175781,15.65999984741211,15.65999984741211,24043,0.0,0.0,0.0
2025-10-20 02:45:00+00:00,15.680000305175781,15.680000305175781,15.65999984741211,15.65999984741211,5042,0.0,0.0,0.0
2025-10-20 02:50:00+00:00,15.65999984741211,15.65999984741211,15.65999984741211,15.65999984741211,6128,0.0,0.0,0.0
2025-10-20 02:55:00+00:00,15.65999984741211,15.65999984741211,15.65999984741211,15.65999984741211,1085,0.0,0.0,0.0
2025-10-20 03:00:00+00:00,15.65999984741211,15.65999984741211,15.65999984741211,15.65999984741211,4965,0.0,0.0,0.0
2025-10-20 03:20:00+00:00,15.65999984741211,15.65999984741211,15.65999984741211,15.65999984741211,2041,0.0,0.0,0.0
2025-10-20 03:30:00+00:00,15.65999984741211,15.65999984741211,15.65999984741211,15.65999984741211,1143,0.0,0.0,0.0
2025-10-20 03:35:00+00:00,15.65999984741211,15.65999984741211,15.65999984741211,15.65999984741211,1100,0.0,0.0,0.0
2025-10-20 03:40:00+00:00,15.649999618530273,15.649999618530273,15.640000343322754,15.640000343322754,4165,0.0,0.0,0.0
2025-10-20 03:50:00+00:00,15.65999984741211,15.65999984741211,15.65999984741211,15.65999984741211,5029,0.0,0.0,0.0
2025-10-20 04:00:00+00:00,15.65999984741211,15.65999984741211,15.65999984741211,15.65999984741211,18751,0.0,0.0,0.0
2025-10-20 04:10:00+00:00,15.65999984741211,15.65999984741211,15.649999618530273,15.65999984741211,59068,0.0,0.0,0.0
2025-10-20 04:25:00+00:00,15.65999984741211,15.65999984741211,15.65999984741211,15.65999984741211,7053,0.0,0.0,0.0
2025-10-20 04:30:00+00:00,15.65999984741211,15.65999984741211,15.649999618530273,15.65999984741211,12360,0.0,0.0,0.0
2025-10-20 04:35:00+00:00,15.649999618530273,15.649999618530273,15.649999618530273,15.649999618530273,1200,0.0,0.0,0.0
2025-10-20 04:40:00+00:00,15.649999618530273,15.65999984741211,15.649999618530273,15.65999984741211,9390,0.0,0.0,0.0
2025-10-20 04:45:00+00:00,15.649999618530273,15.649999618530273,15.649999618530273,15.649999618530273,14087,0.0,0.0,0.0
2025-10-20 04:55:00+00:00,15.649999618530273,15.649999618530273,15.649999618530273,15.649999618530273,1220,0.0,0.0,0.0
2025-10-20 05:00:00+00:00,15.65999984741211,15.65999984741211,15.65999984741211,15.65999984741211,10000,0.0,0.0,0.0
2025-10-20 05:05:00+00:00,15.65999984741211,15.65999984741211,15.65999984741211,15.65999984741211,19151,0.0,0.0,0.0
2025-10-20 05:10:00+00:00,15.65999984741211,15.65999984741211,15.65999984741211,15.65999984741211,1000,0.0,0.0,0.0
2025-10-20 05:15:00+00:00,15.670000076293945,15.670000076293945,15.65999984741211,15.65999984741211,107623,0.0,0.0,0.0
2025-10-20 05:20:00+00:00,15.65999984741211,15.670000076293945,15.65999984741211,15.670000076293945,33075,0.0,0.0,0.0
2025-10-21 01:00:00+00:00,15.770000457763672,15.789999961853027,15.770000457763672,15.789999961853027,0,0.0,0.0,0.0
2025-10-21 01:05:00+00:00,15.760000228881836,15.760000228881836,15.739999771118164,15.739999771118164,48797,0.0,0.0,0.0
2025-10-21 01:10:00+00:00,15.739999771118164,15.739999771118164,15.739999771118164,15.739999771118164,5323,0.0,0.0,0.0
2025-10-21 01:15:00+00:00,15.720000267028809,15.720000267028809,15.720000267028809,15.720000267028809,11000,0.0,0.0,0.0
2025-10-21 01:20:00+00:00,15.729999542236328,15.729999542236328,15.699999809265137,15.699999809265137,11129,0.0,0.0,0.0
2025-10-21 01:25:00+00:00,15.699999809265137,15.699999809265137,15.6899995803833,15.6899995803833,16101,0.0,0.0,0.0
2025-10-21 01:30:00+00:00,15.699999809265137,15.699999809265137,15.699999809265137,15.699999809265137,10010,0.0,0.0,0.0
2025-10-21 01:35:00+00:00,15.6899995803833,15.6899995803833,15.6899995803833,15.6899995803833,2000,0.0,0.0,0.0
2025-10-21 01:40:00+00:00,15.6899995803833,15.6899995803833,15.680000305175781,15.680000305175781,39220,0.0,0.0,0.0
2025-10-21 01:45:00+00:00,15.670000076293945,15.670000076293945,15.65999984741211,15.65999984741211,104806,0.0,0.0,0.0
2025-10-21 01:55:00+00:00,15.670000076293945,15.670000076293945,15.670000076293945,15.670000076293945,1162,0.0,0.0,0.0
2025-10-21 02:00:00+00:00,15.670000076293945,15.670000076293945,15.670000076293945,15.670000076293945,7000,0.0,0.0,0.0
2025-10-21 02:05:00+00:00,15.670000076293945,15.670000076293945,15.65999984741211,15.65999984741211,21850,0.0,0.0,0.0
2025-10-21 02:15:00+00:00,15.670000076293945,15.680000305175781,15.670000076293945,15.680000305175781,5930,0.0,0.0,0.0
2025-10-21 02:20:00+00:00,15.680000305175781,15.6899995803833,15.680000305175781,15.6899995803833,107023,0.0,0.0,0.0
2025-10-21 02:25:00+00:00,15.680000305175781,15.680000305175781,15.680000305175781,15.680000305175781,5005,0.0,0.0,0.0
2025-10-21 02:35:00+00:00,15.680000305175781,15.680000305175781,15.680000305175781,15.680000305175781,4000,0.0,0.0,0.0
2025-10-21 02:45:00+00:00,15.65999984741211,15.65999984741211,15.65999984741211,15.65999984741211,38325,0.0,0.0,0.0
2025-10-21 02:50:00+00:00,15.65999984741211,15.65999984741211,15.65999984741211,15.65999984741211,6200,0.0,0.0,0.0
2025-10-21 02:55:00+00:00,15.65999984741211,15.670000076293945,15.65999984741211,15.670000076293945,14798,0.0,0.0,0.0
2025-10-21 03:00:00+00:00,15.670000076293945,15.670000076293945,15.65999984741211,15.65999984741211,6001,0.0,0.0,0.0
2025-10-21 03:10:00+00:00,15.670000076293945,15.670000076293945,15.65999984741211,15.670000076293945,14269,0.0,0.0,0.0
2025-10-21 03:15:00+00:00,15.670000076293945,15.670000076293945,15.670000076293945,15.670000076293945,7143,0.0,0.0,0.0
2025-10-21 03:35:00+00:00,15.670000076293945,15.670000076293945,15.670000076293945,15.670000076293945,3000,0.0,0.0,0.0
2025-10-21 03:40:00+00:00,15.670000076293945,15.670000076293945,15.670000076293945,15.670000076293945,10500,0.0,0.0,0.0
2025-10-21 03:45:00+00:00,15.670000076293945,15.670000076293945,15.670000076293945,15.670000076293945,1149,0.0,0.0,0.0
2025-10-21 03:50:00+00:00,15.65999984741211,15.65999984741211,15.649999618530273,15.649999618530273,134090,0.0,0.0,0.0
2025-10-21 03:55:00+00:00,15.670000076293945,15.670000076293945,15.670000076293945,15.670000076293945,1031,0.0,0.0,0.0
2025-10-21 04:00:00+00:00,15.649999618530273,15.649999618530273,15.649999618530273,15.649999618530273,60020,0.0,0.0,0.0
2025-10-21 04:05:00+00:00,15.649999618530273,15.649999618530273,15.640000343322754,15.640000343322754,15116,0.0,0.0,0.0
2025-10-21 04:10:00+00:00,15.640000343322754,15.640000343322754,15.640000343322754,15.640000343322754,3735,0.0,0.0,0.0
2025-10-21 04:15:00+00:00,15.640000343322754,15.640000343322754,15.640000343322754,15.640000343322754,2000,0.0,0.0,0.0
2025-10-21 04:20:00+00:00,15.640000343322754,15.640000343322754,15.630000114440918,15.640000343322754,17300,0.0,0.0,0.0
2025-10-21 04:30:00+00:00,15.640000343322754,15.640000343322754,15.640000343322754,15.640000343322754,1000,0.0,0.0,0.0
2025-10-21 04:35:00+00:00,15.640000343322754,15.640000343322754,15.640000343322754,15.640000343322754,4000,0.0,0.0,0.0
2025-10-21 04:40:00+00:00,15.640000343322754,15.649999618530273,15.640000343322754,15.649999618530273,9400,0.0,0.0,0.0
2025-10-21 04:45:00+00:00,15.640000343322754,15.640000343322754,15.640000343322754,15.640000343322754,4100,0.0,0.0,0.0
2025-10-21 04:50:00+00:00,15.640000343322754,15.640000343322754,15.640000343322754,15.640000343322754,5500,0.0,0.0,0.0
2025-10-21 04:55:00+00:00,15.630000114440918,15.630000114440918,15.630000114440918,15.630000114440918,34001,0.0,0.0,0.0
2025-10-21 05:00:00+00:00,15.630000114440918,15.630000114440918,15.630000114440918,15.630000114440918,4075,0.0,0.0,0.0
2025-10-21 05:05:00+00:00,15.630000114440918,15.630000114440918,15.630000114440918,15.630000114440918,13955,0.0,0.0,0.0
2025-10-21 05:10:00+00:00,15.630000114440918,15.640000343322754,15.630000114440918,15.630000114440918,13015,0.0,0.0,0.0
2025-10-21 05:15:00+00:00,15.630000114440918,15.630000114440918,15.630000114440918,15.630000114440918,5788,0.0,0.0,0.0
2025-10-22 01:00:00+00:00,15.640000343322754,15.640000343322754,15.640000343322754,15.640000343322754,0,0.0,0.0,0.0
2025-10-22 01:05:00+00:00,15.680000305175781,15.680000305175781,15.680000305175781,15.680000305175781,25772,0.0,0.0,0.0
2025-10-22 01:10:00+00:00,15.6899995803833,15.6899995803833,15.6899995803833,15.6899995803833,4624,0.0,0.0,0.0
2025-10-22 01:15:00+00:00,15.6899995803833,15.6899995803833,15.6899995803833,15.6899995803833,2000,0.0,0.0,0.0
2025-10-22 01:20:00+00:00,15.6899995803833,15.699999809265137,15.6899995803833,15.699999809265137,8535,0.0,0.0,0.0
2025-10-22 01:25:00+00:00,15.680000305175781,15.680000305175781,15.680000305175781,15.680000305175781,2000,0.0,0.0,0.0
2025-10-22 01:30:00+00:00,15.680000305175781,15.680000305175781,15.680000305175781,15.680000305175781,4067,0.0,0.0,0.0
2025-10-22 01:35:00+00:00,15.670000076293945,15.680000305175781,15.670000076293945,15.680000305175781,2709,0.0,0.0,0.0
2025-10-22 01:45:00+00:00,15.649999618530273,15.649999618530273,15.649999618530273,15.649999618530273,5314,0.0,0.0,0.0
2025-10-22 01:50:00+00:00,15.649999618530273,15.649999618530273,15.649999618530273,15.649999618530273,1000,0.0,0.0,0.0
2025-10-22 01:55:00+00:00,15.649999618530273,15.65999984741211,15.649999618530273,15.65999984741211,4050,0.0,0.0,0.0
2025-10-22 02:00:00+00:00,15.65999984741211,15.65999984741211,15.649999618530273,15.649999618530273,5110,0.0,0.0,0.0
2025-10-22 02:05:00+00:00,15.65999984741211,15.65999984741211,15.65999984741211,15.65999984741211,8050,0.0,0.0,0.0
2025-10-22 02:10:00+00:00,15.670000076293945,15.670000076293945,15.670000076293945,15.670000076293945,5101,0.0,0.0,0.0
2025-10-22 02:15:00+00:00,15.65999984741211,15.670000076293945,15.65999984741211,15.670000076293945,2165,0.0,0.0,0.0
2025-10-22 02:25:00+00:00,15.670000076293945,15.670000076293945,15.670000076293945,15.670000076293945,11100,0.0,0.0,0.0
2025-10-22 02:35:00+00:00,15.670000076293945,15.670000076293945,15.670000076293945,15.670000076293945,10050,0.0,0.0,0.0
2025-10-22 02:40:00+00:00,15.680000305175781,15.680000305175781,15.680000305175781,15.680000305175781,9065,0.0,0.0,0.0
2025-10-22 02:45:00+00:00,15.670000076293945,15.670000076293945,15.670000076293945,15.670000076293945,50000,0.0,0.0,0.0
2025-10-22 02:50:00+00:00,15.670000076293945,15.670000076293945,15.670000076293945,15.670000076293945,10014,0.0,0.0,0.0
2025-10-22 02:55:00+00:00,15.670000076293945,15.670000076293945,15.670000076293945,15.670000076293945,14000,0.0,0.0,0.0
2025-10-22 03:00:00+00:00,15.670000076293945,15.680000305175781,15.670000076293945,15.680000305175781,57000,0.0,0.0,0.0
2025-10-22 03:05:00+00:00,15.680000305175781,15.680000305175781,15.680000305175781,15.680000305175781,12000,0.0,0.0,0.0
2025-10-22 03:10:00+00:00,15.670000076293945,15.6899995803833,15.670000076293945,15.6899995803833,41214,0.0,0.0,0.0
2025-10-22 03:20:00+00:00,15.6899995803833,15.6899995803833,15.680000305175781,15.680000305175781,6550,0.0,0.0,0.0
2025-10-22 03:40:00+00:00,15.680000305175781,15.680000305175781,15.680000305175781,15.680000305175781,5000,0.0,0.0,0.0
2025-10-22 03:45:00+00:00,15.680000305175781,15.680000305175781,15.670000076293945,15.680000305175781,88000,0.0,0.0,0.0
2025-10-22 03:50:00+00:00,15.680000305175781,15.680000305175781,15.680000305175781,15.680000305175781,3000,0.0,0.0,0.0
2025-10-22 03:55:00+00:00,15.680000305175781,15.6899995803833,15.680000305175781,15.6899995803833,17000,0.0,0.0,0.0
2025-10-22 04:00:00+00:00,15.699999809265137,15.729999542236328,15.699999809265137,15.729999542236328,153530,0.0,0.0,0.0
2025-10-22 04:05:00+00:00,15.739999771118164,15.739999771118164,15.739999771118164,15.739999771118164,18030,0.0,0.0,0.0
2025-10-22 04:10:00+00:00,15.739999771118164,15.75,15.729999542236328,15.739999771118164,86840,0.0,0.0,0.0
2025-10-22 04:15:00+00:00,15.739999771118164,15.739999771118164,15.739999771118164,15.739999771118164,8000,0.0,0.0,0.0
2025-10-22 04:20:00+00:00,15.729999542236328,15.729999542236328,15.729999542236328,15.729999542236328,3180,0.0,0.0,0.0
2025-10-22 04:25:00+00:00,15.729999542236328,15.729999542236328,15.729999542236328,15.729999542236328,6212,0.0,0.0,0.0
2025-10-22 04:30:00+00:00,15.729999542236328,15.729999542236328,15.729999542236328,15.729999542236328,5000,0.0,0.0,0.0
2025-10-22 04:35:00+00:00,15.729999542236328,15.729999542236328,15.729999542236328,15.729999542236328,36030,0.0,0.0,0.0
2025-10-22 04:40:00+00:00,15.729999542236328,15.729999542236328,15.729999542236328,15.729999542236328,5000,0.0,0.0,0.0
2025-10-22 04:45:00+00:00,15.720000267028809,15.729999542236328,15.720000267028809,15.729999542236328,50000,0.0,0.0,0.0
2025-10-22 04:50:00+00:00,15.729999542236328,15.739999771118164,15.729999542236328,15.739999771118164,137265,0.0,0.0,0.0
2025-10-22 04:55:00+00:00,15.739999771118164,15.739999771118164,15.739999771118164,15.739999771118164,68080,0.0,0.0,0.0
2025-10-22 05:00:00+00:00,15.739999771118164,15.739999771118164,15.739999771118164,15.739999771118164,12000,0.0,0.0,0.0
2025-10-22 05:05:00+00:00,15.739999771118164,15.739999771118164,15.739999771118164,15.739999771118164,16886,0.0,0.0,0.0
2025-10-22 05:10:00+00:00,15.739999771118164,15.75,15.720000267028809,15.75,27800,0.0,0.0,0.0
2025-10-22 05:20:00+00:00,15.739999771118164,15.75,15.739999771118164,15.75,18879,0.0,0.0,0.0
2025-10-23 01:00:00+00:00,15.600000381469727,15.600000381469727,15.579999923706055,15.579999923706055,0,0.0,0.0,0.0
2025-10-23 01:05:00+00:00,15.5600004196167,15.5600004196167,15.550000190734863,15.550000190734863,14473,0.0,0.0,0.0
2025-10-23 01:10:00+00:00,15.550000190734863,15.550000190734863,15.550000190734863,15.550000190734863,1000,0.0,0.0,0.0
2025-10-23 01:15:00+00:00,15.550000190734863,15.5600004196167,15.550000190734863,15.5600004196167,105435,0.0,0.0,0.0
2025-10-23 01:20:00+00:00,15.5600004196167,15.5600004196167,15.5600004196167,15.5600004196167,1088,0.0,0.0,0.0
2025-10-23 01:25:00+00:00,15.550000190734863,15.5600004196167,15.550000190734863,15.5600004196167,13542,0.0,0.0,0.0
2025-10-23 01:30:00+00:00,15.579999923706055,15.579999923706055,15.579999923706055,15.579999923706055,7657,0.0,0.0,0.0
2025-10-23 01:45:00+00:00,15.579999923706055,15.579999923706055,15.569999694824219,15.569999694824219,5134,0.0,0.0,0.0
2025-10-23 01:55:00+00:00,15.569999694824219,15.569999694824219,15.550000190734863,15.5600004196167,6472,0.0,0.0,0.0
2025-10-23 02:00:00+00:00,15.569999694824219,15.569999694824219,15.569999694824219,15.569999694824219,1250,0.0,0.0,0.0
2025-10-23 02:05:00+00:00,15.569999694824219,15.569999694824219,15.569999694824219,15.569999694824219,4000,0.0,0.0,0.0
2025-10-23 02:10:00+00:00,15.569999694824219,15.569999694824219,15.569999694824219,15.569999694824219,1000,0.0,0.0,0.0
2025-10-23 02:15:00+00:00,15.579999923706055,15.579999923706055,15.579999923706055,15.579999923706055,2107,0.0,0.0,0.0
2025-10-23 02:25:00+00:00,15.569999694824219,15.569999694824219,15.569999694824219,15.569999694824219,1245,0.0,0.0,0.0
2025-10-23 02:30:00+00:00,15.569999694824219,15.569999694824219,15.569999694824219,15.569999694824219,1255,0.0,0.0,0.0
2025-10-23 02:35:00+00:00,15.569999694824219,15.569999694824219,15.569999694824219,15.569999694824219,1552,0.0,0.0,0.0
2025-10-23 02:40:00+00:00,15.569999694824219,15.569999694824219,15.5600004196167,15.5600004196167,15190,0.0,0.0,0.0
2025-10-23 02:45:00+00:00,15.5600004196167,15.579999923706055,15.5600004196167,15.579999923706055,6100,0.0,0.0,0.0
2025-10-23 02:50:00+00:00,15.569999694824219,15.569999694824219,15.569999694824219,15.569999694824219,2320,0.0,0.0,0.0
2025-10-23 03:00:00+00:00,15.579999923706055,15.579999923706055,15.579999923706055,15.579999923706055,18100,0.0,0.0,0.0
2025-10-23 03:05:00+00:00,15.579999923706055,15.579999923706055,15.579999923706055,15.579999923706055,1000,0.0,0.0,0.0
2025-10-23 03:15:00+00:00,15.579999923706055,15.579999923706055,15.579999923706055,15.579999923706055,1037,0.0,0.0,0.0
2025-10-23 03:20:00+00:00,15.569999694824219,15.569999694824219,15.569999694824219,15.569999694824219,2250,0.0,0.0,0.0
2025-10-23 03:30:00+00:00,15.569999694824219,15.569999694824219,15.569999694824219,15.569999694824219,1004,0.0,0.0,0.0
2025-10-23 03:35:00+00:00,15.569999694824219,15.569999694824219,15.569999694824219,15.569999694824219,2127,0.0,0.0,0.0
2025-10-23 03:40:00+00:00,15.569999694824219,15.569999694824219,15.5600004196167,15.5600004196167,10579,0.0,0.0,0.0
2025-10-23 03:55:00+00:00,15.5600004196167,15.5600004196167,15.5600004196167,15.5600004196167,1000,0.0,0.0,0.0
2025-10-23 04:00:00+00:00,15.5600004196167,15.5600004196167,15.5600004196167,15.5600004196167,1507,0.0,0.0,0.0
2025-10-23 04:15:00+00:00,15.550000190734863,15.5600004196167,15.550000190734863,15.5600004196167,23605,0.0,0.0,0.0
2025-10-23 04:30:00+00:00,15.550000190734863,15.550000190734863,15.550000190734863,15.550000190734863,1260,0.0,0.0,0.0
2025-10-23 04:35:00+00:00,15.550000190734863,15.550000190734863,15.550000190734863,15.550000190734863,3100,0.0,0.0,0.0
2025-10-23 04:40:00+00:00,15.550000190734863,15.550000190734863,15.550000190734863,15.550000190734863,1000,0.0,0.0,0.0
2025-10-23 04:45:00+00:00,15.5600004196167,15.5600004196167,15.550000190734863,15.550000190734863,612217,0.0,0.0,0.0
2025-10-23 04:50:00+00:00,15.550000190734863,15.550000190734863,15.550000190734863,15.550000190734863,3000,0.0,0.0,0.0
2025-10-23 04:55:00+00:00,15.539999961853027,15.550000190734863,15.539999961853027,15.550000190734863,3814,0.0,0.0,0.0
2025-10-23 05:00:00+00:00,15.550000190734863,15.550000190734863,15.550000190734863,15.550000190734863,1120,0.0,0.0,0.0
2025-10-23 05:05:00+00:00,15.550000190734863,15.550000190734863,15.550000190734863,15.550000190734863,35000,0.0,0.0,0.0
2025-10-23 05:10:00+00:00,15.5600004196167,15.569999694824219,15.550000190734863,15.550000190734863,11062,0.0,0.0,0.0
2025-10-23 05:15:00+00:00,15.5600004196167,15.5600004196167,15.550000190734863,15.550000190734863,5000,0.0,0.0,0.0
2025-10-23 05:20:00+00:00,15.5600004196167,15.5600004196167,15.5600004196167,15.5600004196167,1000,0.0,0.0,0.0
2025-10-27 01:00:00+00:00,15.619999885559082,15.630000114440918,15.619999885559082,15.630000114440918,0,0.0,0.0,0.0
2025-10-27 01:05:00+00:00,15.600000381469727,15.600000381469727,15.550000190734863,15.550000190734863,16060,0.0,0.0,0.0
2025-10-27 01:10:00+00:00,15.539999961853027,15.539999961853027,15.529999732971191,15.529999732971191,31004,0.0,0.0,0.0
2025-10-27 01:15:00+00:00,15.529999732971191,15.529999732971191,15.529999732971191,15.529999732971191,14000,0.0,0.0,0.0
2025-10-27 01:20:00+00:00,15.529999732971191,15.550000190734863,15.529999732971191,15.550000190734863,18033,0.0,0.0,0.0
2025-10-27 01:25:00+00:00,15.5600004196167,15.5600004196167,15.550000190734863,15.550000190734863,31600,0.0,0.0,0.0
2025-10-27 01:30:00+00:00,15.5600004196167,15.5600004196167,15.550000190734863,15.5600004196167,23548,0.0,0.0,0.0
2025-10-27 01:35:00+00:00,15.5600004196167,15.5600004196167,15.5600004196167,15.5600004196167,1000,0.0,0.0,0.0
2025-10-27 01:45:00+00:00,15.5600004196167,15.5600004196167,15.550000190734863,15.550000190734863,105100,0.0,0.0,0.0
2025-10-27 01:50:00+00:00,15.539999961853027,15.539999961853027,15.539999961853027,15.539999961853027,6000,0.0,0.0,0.0
2025-10-27 01:55:00+00:00,15.529999732971191,15.529999732971191,15.529999732971191,15.529999732971191,46989,0.0,0.0,0.0
2025-10-27 02:00:00+00:00,15.529999732971191,15.529999732971191,15.510000228881836,15.510000228881836,32100,0.0,0.0,0.0
2025-10-27 02:05:00+00:00,15.520000457763672,15.520000457763672,15.520000457763672,15.520000457763672,11600,0.0,0.0,0.0
2025-10-27 02:10:00+00:00,15.520000457763672,15.520000457763672,15.510000228881836,15.510000228881836,3160,0.0,0.0,0.0
2025-10-27 02:15:00+00:00,15.510000228881836,15.520000457763672,15.510000228881836,15.520000457763672,38126,0.0,0.0,0.0
2025-10-27 02:20:00+00:00,15.529999732971191,15.529999732971191,15.529999732971191,15.529999732971191,2027,0.0,0.0,0.0
2025-10-27 02:30:00+00:00,15.520000457763672,15.529999732971191,15.520000457763672,15.529999732971191,17300,0.0,0.0,0.0
2025-10-27 02:35:00+00:00,15.520000457763672,15.520000457763672,15.510000228881836,15.510000228881836,16526,0.0,0.0,0.0
2025-10-27 02:40:00+00:00,15.520000457763672,15.520000457763672,15.520000457763672,15.520000457763672,48062,0.0,0.0,0.0
2025-10-27 02:45:00+00:00,15.529999732971191,15.529999732971191,15.520000457763672,15.520000457763672,78838,0.0,0.0,0.0
2025-10-27 02:50:00+00:00,15.529999732971191,15.529999732971191,15.529999732971191,15.529999732971191,6151,0.0,0.0,0.0
2025-10-27 03:00:00+00:00,15.539999961853027,15.539999961853027,15.539999961853027,15.539999961853027,12261,0.0,0.0,0.0
2025-10-27 03:10:00+00:00,15.539999961853027,15.539999961853027,15.529999732971191,15.529999732971191,2000,0.0,0.0,0.0
2025-10-27 03:15:00+00:00,15.529999732971191,15.529999732971191,15.529999732971191,15.529999732971191,1202,0.0,0.0,0.0
2025-10-27 03:20:00+00:00,15.520000457763672,15.520000457763672,15.520000457763672,15.520000457763672,1626,0.0,0.0,0.0
2025-10-27 03:25:00+00:00,15.520000457763672,15.529999732971191,15.520000457763672,15.529999732971191,5000,0.0,0.0,0.0
2025-10-27 03:30:00+00:00,15.539999961853027,15.539999961853027,15.529999732971191,15.539999961853027,7349,0.0,0.0,0.0
2025-10-27 03:35:00+00:00,15.539999961853027,15.539999961853027,15.539999961853027,15.539999961853027,5353,0.0,0.0,0.0
2025-10-27 03:50:00+00:00,15.520000457763672,15.520000457763672,15.520000457763672,15.520000457763672,22285,0.0,0.0,0.0
2025-10-27 03:55:00+00:00,15.510000228881836,15.510000228881836,15.510000228881836,15.510000228881836,2169,0.0,0.0,0.0
2025-10-27 04:05:00+00:00,15.510000228881836,15.510000228881836,15.510000228881836,15.510000228881836,27670,0.0,0.0,0.0
2025-10-27 04:10:00+00:00,15.5,15.5,15.5,15.5,1000,0.0,0.0,0.0
2025-10-27 04:15:00+00:00,15.5,15.5,15.5,15.5,4160,0.0,0.0,0.0
2025-10-27 04:20:00+00:00,15.5,15.5,15.5,15.5,3000,0.0,0.0,0.0
2025-10-27 04:25:00+00:00,15.510000228881836,15.510000228881836,15.510000228881836,15.510000228881836,2424,0.0,0.0,0.0
2025-10-27 04:30:00+00:00,15.510000228881836,15.510000228881836,15.5,15.5,29280,0.0,0.0,0.0
2025-10-27 04:40:00+00:00,15.510000228881836,15.510000228881836,15.5,15.510000228881836,10500,0.0,0.0,0.0
2025-10-27 04:45:00+00:00,15.510000228881836,15.510000228881836,15.510000228881836,15.510000228881836,23226,0.0,0.0,0.0
2025-10-27 04:50:00+00:00,15.510000228881836,15.510000228881836,15.5,15.5,6300,0.0,0.0,0.0
2025-10-27 05:00:00+00:00,15.5,15.5,15.5,15.5,1078,0.0,0.0,0.0
2025-10-27 05:10:00+00:00,15.5,15.5,15.5,15.5,20000,0.0,0.0,0.0
2025-10-27 05:15:00+00:00,15.5,15.510000228881836,15.5,15.510000228881836,5215,0.0,0.0,0.0
2025-10-27 05:20:00+00:00,15.5,15.510000228881836,15.5,15.510000228881836,7393,0.0,0.0,0.0
2025-10-28 01:00:00+00:00,15.510000228881836,15.510000228881836,15.5,15.5,0,0.0,0.0,0.0
2025-10-28 01:05:00+00:00,15.489999771118164,15.489999771118164,15.479999542236328,15.479999542236328,8351,0.0,0.0,0.0
2025-10-28 01:10:00+00:00,15.489999771118164,15.489999771118164,15.470000267028809,15.470000267028809,112897,0.0,0.0,0.0
2025-10-28 01:15:00+00:00,15.470000267028809,15.470000267028809,15.449999809265137,15.470000267028809,18515,0.0,0.0,0.0
2025-10-28 01:20:00+00:00,15.470000267028809,15.470000267028809,15.449999809265137,15.449999809265137,12075,0.0,0.0,0.0
2025-10-28 01:25:00+00:00,15.460000038146973,15.460000038146973,15.4399995803833,15.4399995803833,11823,0.0,0.0,0.0
2025-10-28 01:30:00+00:00,15.4399995803833,15.4399995803833,15.430000305175781,15.430000305175781,19835,0.0,0.0,0.0
2025-10-28 01:35:00+00:00,15.430000305175781,15.430000305175781,15.420000076293945,15.430000305175781,24103,0.0,0.0,0.0
2025-10-28 01:40:00+00:00,15.430000305175781,15.430000305175781,15.420000076293945,15.420000076293945,5020,0.0,0.0,0.0
2025-10-28 01:45:00+00:00,15.420000076293945,15.420000076293945,15.420000076293945,15.420000076293945,16685,0.0,0.0,0.0
2025-10-28 01:50:00+00:00,15.40999984741211,15.40999984741211,15.40999984741211,15.40999984741211,1112,0.0,0.0,0.0
2025-10-28 01:55:00+00:00,15.420000076293945,15.430000305175781,15.420000076293945,15.420000076293945,4203,0.0,0.0,0.0
2025-10-28 02:00:00+00:00,15.420000076293945,15.430000305175781,15.420000076293945,15.430000305175781,9000,0.0,0.0,0.0
2025-10-28 02:05:00+00:00,15.420000076293945,15.420000076293945,15.420000076293945,15.420000076293945,3276,0.0,0.0,0.0
2025-10-28 02:10:00+00:00,15.420000076293945,15.420000076293945,15.420000076293945,15.420000076293945,9023,0.0,0.0,0.0
2025-10-28 02:15:00+00:00,15.430000305175781,15.430000305175781,15.430000305175781,15.430000305175781,1403,0.0,0.0,0.0
2025-10-28 02:20:00+00:00,15.430000305175781,15.430000305175781,15.430000305175781,15.430000305175781,1000,0.0,0.0,0.0
2025-10-28 02:25:00+00:00,15.430000305175781,15.430000305175781,15.430000305175781,15.430000305175781,4100,0.0,0.0,0.0
2025-10-28 02:30:00+00:00,15.420000076293945,15.420000076293945,15.40999984741211,15.40999984741211,52759,0.0,0.0,0.0
2025-10-28 02:35:00+00:00,15.40999984741211,15.40999984741211,15.40999984741211,15.40999984741211,1203,0.0,0.0,0.0
2025-10-28 02:40:00+00:00,15.40999984741211,15.40999984741211,15.40999984741211,15.40999984741211,1000,0.0,0.0,0.0
2025-10-28 02:45:00+00:00,15.399999618530273,15.399999618530273,15.399999618530273,15.399999618530273,46439,0.0,0.0,0.0
2025-10-28 02:50:00+00:00,15.399999618530273,15.399999618530273,15.390000343322754,15.390000343322754,2233,0.0,0.0,0.0
2025-10-28 02:55:00+00:00,15.399999618530273,15.399999618530273,15.399999618530273,15.399999618530273,1161,0.0,0.0,0.0
2025-10-28 03:00:00+00:00,15.399999618530273,15.399999618530273,15.399999618530273,15.399999618530273,4290,0.0,0.0,0.0
2025-10-28 03:10:00+00:00,15.399999618530273,15.399999618530273,15.399999618530273,15.399999618530273,5749,0.0,0.0,0.0
2025-10-28 03:15:00+00:00,15.399999618530273,15.399999618530273,15.390000343322754,15.390000343322754,34390,0.0,0.0,0.0
2025-10-28 03:20:00+00:00,15.390000343322754,15.390000343322754,15.380000114440918,15.380000114440918,14066,0.0,0.0,0.0
2025-10-28 03:25:00+00:00,15.380000114440918,15.380000114440918,15.380000114440918,15.380000114440918,2312,0.0,0.0,0.0
2025-10-28 03:35:00+00:00,15.380000114440918,15.380000114440918,15.380000114440918,15.380000114440918,2930,0.0,0.0,0.0
2025-10-28 03:40:00+00:00,15.380000114440918,15.380000114440918,15.380000114440918,15.380000114440918,13800,0.0,0.0,0.0
2025-10-28 03:50:00+00:00,15.380000114440918,15.380000114440918,15.380000114440918,15.380000114440918,25400,0.0,0.0,0.0
2025-10-28 03:55:00+00:00,15.380000114440918,15.380000114440918,15.380000114440918,15.380000114440918,1110,0.0,0.0,0.0
2025-10-28 04:00:00+00:00,15.380000114440918,15.380000114440918,15.380000114440918,15.380000114440918,1568,0.0,0.0,0.0
2025-10-28 04:05:00+00:00,15.380000114440918,15.380000114440918,15.369999885559082,15.369999885559082,2320,0.0,0.0,0.0
2025-10-28 04:20:00+00:00,15.380000114440918,15.380000114440918,15.380000114440918,15.380000114440918,6408,0.0,0.0,0.0
2025-10-28 04:25:00+00:00,15.390000343322754,15.390000343322754,15.390000343322754,15.390000343322754,10116,0.0,0.0,0.0
2025-10-28 04:35:00+00:00,15.390000343322754,15.390000343322754,15.390000343322754,15.390000343322754,5000,0.0,0.0,0.0
2025-10-28 04:40:00+00:00,15.390000343322754,15.390000343322754,15.390000343322754,15.390000343322754,12000,0.0,0.0,0.0
2025-10-28 04:50:00+00:00,15.390000343322754,15.390000343322754,15.380000114440918,15.390000343322754,22179,0.0,0.0,0.0
2025-10-28 04:55:00+00:00,15.390000343322754,15.390000343322754,15.390000343322754,15.390000343322754,5144,0.0,0.0,0.0
2025-10-28 05:10:00+00:00,15.390000343322754,15.390000343322754,15.390000343322754,15.390000343322754,13920,0.0,0.0,0.0
2025-10-29 01:00:00+00:00,15.40999984741211,15.40999984741211,15.399999618530273,15.399999618530273,0,0.0,0.0,0.0
2025-10-29 01:05:00+00:00,15.399999618530273,15.399999618530273,15.399999618530273,15.399999618530273,21196,0.0,0.0,0.0
2025-10-29 01:15:00+00:00,15.399999618530273,15.399999618530273,15.380000114440918,15.380000114440918,108270,0.0,0.0,0.0
2025-10-29 01:20:00+00:00,15.380000114440918,15.380000114440918,15.380000114440918,15.380000114440918,10251,0.0,0.0,0.0
2025-10-29 01:25:00+00:00,15.380000114440918,15.390000343322754,15.380000114440918,15.390000343322754,102200,0.0,0.0,0.0
2025-10-29 01:30:00+00:00,15.390000343322754,15.390000343322754,15.369999885559082,15.369999885559082,35681,0.0,0.0,0.0
2025-10-29 01:35:00+00:00,15.369999885559082,15.369999885559082,15.369999885559082,15.369999885559082,3454,0.0,0.0,0.0
2025-10-29 01:40:00+00:00,15.359999656677246,15.359999656677246,15.359999656677246,15.359999656677246,22174,0.0,0.0,0.0
2025-10-29 01:45:00+00:00,15.369999885559082,15.369999885559082,15.359999656677246,15.359999656677246,21371,0.0,0.0,0.0
2025-10-29 01:50:00+00:00,15.369999885559082,15.369999885559082,15.369999885559082,15.369999885559082,1007,0.0,0.0,0.0
2025-10-29 01:55:00+00:00,15.369999885559082,15.390000343322754,15.369999885559082,15.390000343322754,42253,0.0,0.0,0.0
2025-10-29 02:00:00+00:00,15.399999618530273,15.399999618530273,15.399999618530273,15.399999618530273,51567,0.0,0.0,0.0
2025-10-29 02:05:00+00:00,15.390000343322754,15.390000343322754,15.369999885559082,15.369999885559082,9133,0.0,0.0,0.0
2025-10-29 02:10:00+00:00,15.380000114440918,15.380000114440918,15.380000114440918,15.380000114440918,10030,0.0,0.0,0.0
2025-10-29 02:15:00+00:00,15.399999618530273,15.399999618530273,15.399999618530273,15.399999618530273,1100,0.0,0.0,0.0
2025-10-29 02:20:00+00:00,15.369999885559082,15.369999885559082,15.359999656677246,15.359999656677246,18124,0.0,0.0,0.0
2025-10-29 02:25:00+00:00,15.359999656677246,15.369999885559082,15.359999656677246,15.369999885559082,13000,0.0,0.0,0.0
2025-10-29 02:30:00+00:00,15.380000114440918,15.380000114440918,15.380000114440918,15.380000114440918,2100,0.0,0.0,0.0
2025-10-29 02:40:00+00:00,15.380000114440918,15.390000343322754,15.380000114440918,15.390000343322754,16034,0.0,0.0,0.0
2025-10-29 02:45:00+00:00,15.390000343322754,15.390000343322754,15.380000114440918,15.380000114440918,17100,0.0,0.0,0.0
2025-10-29 02:55:00+00:00,15.399999618530273,15.399999618530273,15.380000114440918,15.380000114440918,8100,0.0,0.0,0.0
2025-10-29 03:00:00+00:00,15.390000343322754,15.390000343322754,15.390000343322754,15.390000343322754,1000,0.0,0.0,0.0
2025-10-29 03:05:00+00:00,15.390000343322754,15.390000343322754,15.390000343322754,15.390000343322754,1400,0.0,0.0,0.0
2025-10-29 03:10:00+00:00,15.390000343322754,15.390000343322754,15.390000343322754,15.390000343322754,2000,0.0,0.0,0.0
2025-10-29 03:15:00+00:00,15.380000114440918,15.380000114440918,15.380000114440918,15.380000114440918,5121,0.0,0.0,0.0
2025-10-29 03:20:00+00:00,15.369999885559082,15.369999885559082,15.359999656677246,15.359999656677246,147511,0.0,0.0,0.0
2025-10-29 03:25:00+00:00,15.359999656677246,15.359999656677246,15.359999656677246,15.359999656677246,6000,0.0,0.0,0.0
2025-10-29 03:30:00+00:00,15.369999885559082,15.380000114440918,15.359999656677246,15.380000114440918,21384,0.0,0.0,0.0
2025-10-29 03:40:00+00:00,15.380000114440918,15.380000114440918,15.380000114440918,15.380000114440918,3097,0.0,0.0,0.0
2025-10-29 03:45:00+00:00,15.369999885559082,15.369999885559082,15.359999656677246,15.359999656677246,7034,0.0,0.0,0.0
2025-10-29 03:55:00+00:00,15.359999656677246,15.359999656677246,15.359999656677246,15.359999656677246,7000,0.0,0.0,0.0
2025-10-29 04:00:00+00:00,15.359999656677246,15.359999656677246,15.359999656677246,15.359999656677246,5000,0.0,0.0,0.0
2025-10-29 04:10:00+00:00,15.380000114440918,15.380000114440918,15.380000114440918,15.380000114440918,5180,0.0,0.0,0.0
2025-10-29 04:15:00+00:00,15.380000114440918,15.380000114440918,15.380000114440918,15.380000114440918,2250,0.0,0.0,0.0
2025-10-29 04:20:00+00:00,15.380000114440918,15.380000114440918,15.359999656677246,15.359999656677246,3582,0.0,0.0,0.0
2025-10-29 04:35:00+00:00,15.369999885559082,15.369999885559082,15.369999885559082,15.369999885559082,2193,0.0,0.0,0.0
2025-10-29 04:45:00+00:00,15.369999885559082,15.380000114440918,15.369999885559082,15.380000114440918,3590,0.0,0.0,0.0
2025-10-29 04:55:00+00:00,15.380000114440918,15.380000114440918,15.380000114440918,15.380000114440918,1050,0.0,0.0,0.0
2025-10-29 05:00:00+00:00,15.380000114440918,15.380000114440918,15.380000114440918,15.380000114440918,1210,0.0,0.0,0.0
2025-10-29 05:05:00+00:00,15.380000114440918,15.380000114440918,15.380000114440918,15.380000114440918,5000,0.0,0.0,0.0
2025-10-29 05:10:00+00:00,15.380000114440918,15.380000114440918,15.380000114440918,15.380000114440918,1009,0.0,0.0,0.0
2025-10-29 05:15:00+00:00,15.380000114440918,15.380000114440918,15.380000114440918,15.380000114440918,11200,0.0,0.0,0.0
2025-10-30 01:00:00+00:00,15.460000038146973,15.460000038146973,15.449999809265137,15.449999809265137,0,0.0,0.0,0.0
2025-10-30 01:05:00+00:00,15.40999984741211,15.40999984741211,15.399999618530273,15.399999618530273,22967,0.0,0.0,0.0
2025-10-30 01:10:00+00:00,15.399999618530273,15.399999618530273,15.399999618530273,15.399999618530273,22000,0.0,0.0,0.0
2025-10-30 01:15:00+00:00,15.399999618530273,15.399999618530273,15.399999618530273,15.399999618530273,72000,0.0,0.0,0.0
2025-10-30 01:20:00+00:00,15.420000076293945,15.420000076293945,15.420000076293945,15.420000076293945,3010,0.0,0.0,0.0
2025-10-30 01:25:00+00:00,15.390000343322754,15.399999618530273,15.390000343322754,15.399999618530273,10044,0.0,0.0,0.0
2025-10-30 01:30:00+00:00,15.399999618530273,15.430000305175781,15.399999618530273,15.430000305175781,134534,0.0,0.0,0.0
2025-10-30 01:45:00+00:00,15.399999618530273,15.399999618530273,15.399999618530273,15.399999618530273,5000,0.0,0.0,0.0
2025-10-30 01:50:00+00:00,15.399999618530273,15.399999618530273,15.399999618530273,15.399999618530273,7000,0.0,0.0,0.0
2025-10-30 01:55:00+00:00,15.390000343322754,15.399999618530273,15.390000343322754,15.399999618530273,13120,0.0,0.0,0.0
2025-10-30 02:00:00+00:00,15.390000343322754,15.390000343322754,15.390000343322754,15.390000343322754,57100,0.0,0.0,0.0
2025-10-30 02:10:00+00:00,15.40999984741211,15.40999984741211,15.40999984741211,15.40999984741211,12670,0.0,0.0,0.0
2025-10-30 02:20:00+00:00,15.399999618530273,15.399999618530273,15.399999618530273,15.399999618530273,10079,0.0,0.0,0.0
2025-10-30 02:25:00+00:00,15.390000343322754,15.390000343322754,15.390000343322754,15.390000343322754,2000,0.0,0.0,0.0
2025-10-30 02:30:00+00:00,15.390000343322754,15.399999618530273,15.390000343322754,15.399999618530273,38299,0.0,0.0,0.0
2025-10-30 02:40:00+00:00,15.390000343322754,15.420000076293945,15.390000343322754,15.420000076293945,31000,0.0,0.0,0.0
2025-10-30 02:45:00+00:00,15.430000305175781,15.4399995803833,15.430000305175781,15.4399995803833,40557,0.0,0.0,0.0
2025-10-30 02:50:00+00:00,15.4399995803833,15.4399995803833,15.4399995803833,15.4399995803833,5180,0.0,0.0,0.0
2025-10-30 03:00:00+00:00,15.40999984741211,15.40999984741211,15.40999984741211,15.40999984741211,20070,0.0,0.0,0.0
2025-10-30 03:05:00+00:00,15.430000305175781,15.430000305175781,15.430000305175781,15.430000305175781,70005,0.0,0.0,0.0
2025-10-30 03:10:00+00:00,15.4399995803833,15.4399995803833,15.4399995803833,15.4399995803833,1005,0.0,0.0,0.0
2025-10-30 03:15:00+00:00,15.4399995803833,15.449999809265137,15.4399995803833,15.449999809265137,43270,0.0,0.0,0.0
2025-10-30 03:20:00+00:00,15.449999809265137,15.460000038146973,15.449999809265137,15.460000038146973,18300,0.0,0.0,0.0
2025-10-30 03:25:00+00:00,15.470000267028809,15.489999771118164,15.470000267028809,15.489999771118164,86462,0.0,0.0,0.0
2025-10-30 03:30:00+00:00,15.5,15.5,15.489999771118164,15.489999771118164,13755,0.0,0.0,0.0
2025-10-30 03:35:00+00:00,15.479999542236328,15.479999542236328,15.479999542236328,15.479999542236328,30663,0.0,0.0,0.0
2025-10-30 03:50:00+00:00,15.479999542236328,15.479999542236328,15.479999542236328,15.479999542236328,14000,0.0,0.0,0.0
2025-10-30 04:05:00+00:00,15.479999542236328,15.479999542236328,15.460000038146973,15.460000038146973,11695,0.0,0.0,0.0
2025-10-30 04:10:00+00:00,15.449999809265137,15.449999809265137,15.430000305175781,15.430000305175781,313000,0.0,0.0,0.0
2025-10-30 04:15:00+00:00,15.40999984741211,15.40999984741211,15.40999984741211,15.40999984741211,3243,0.0,0.0,0.0
2025-10-30 04:20:00+00:00,15.430000305175781,15.430000305175781,15.430000305175781,15.430000305175781,2080,0.0,0.0,0.0
2025-10-30 04:30:00+00:00,15.430000305175781,15.430000305175781,15.40999984741211,15.40999984741211,8000,0.0,0.0,0.0
2025-10-30 04:40:00+00:00,15.420000076293945,15.420000076293945,15.420000076293945,15.420000076293945,1200,0.0,0.0,0.0
2025-10-30 04:50:00+00:00,15.420000076293945,15.430000305175781,15.420000076293945,15.420000076293945,110070,0.0,0.0,0.0
2025-10-30 04:55:00+00:00,15.430000305175781,15.430000305175781,15.430000305175781,15.430000305175781,1000,0.0,0.0,0.0
2025-10-30 05:00:00+00:00,15.4399995803833,15.449999809265137,15.4399995803833,15.449999809265137,6200,0.0,0.0,0.0
2025-10-30 05:05:00+00:00,15.460000038146973,15.479999542236328,15.460000038146973,15.479999542236328,18745,0.0,0.0,0.0
2025-10-30 05:10:00+00:00,15.470000267028809,15.479999542236328,15.470000267028809,15.479999542236328,10000,0.0,0.0,0.0
2025-10-30 05:15:00+00:00,15.479999542236328,15.5,15.479999542236328,15.5,59580,0.0,0.0,0.0
2025-10-30 05:20:00+00:00,15.5,15.5,15.5,15.5,25300,0.0,0.0,0.0
2025-10-31 01:10:00+00:00,15.460000038146973,15.460000038146973,15.460000038146973,15.460000038146973,0,0.0,0.0,0.0
2025-10-31 01:15:00+00:00,15.449999809265137,15.449999809265137,15.449999809265137,15.449999809265137,15000,0.0,0.0,0.0
2025-10-31 01:20:00+00:00,15.460000038146973,15.460000038146973,15.4399995803833,15.4399995803833,2368,0.0,0.0,0.0
2025-10-31 01:25:00+00:00,15.430000305175781,15.430000305175781,15.430000305175781,15.430000305175781,6000,0.0,0.0,0.0
2025-10-31 01:30:00+00:00,15.430000305175781,15.430000305175781,15.420000076293945,15.420000076293945,15065,0.0,0.0,0.0
2025-10-31 01:35:00+00:00,15.449999809265137,15.479999542236328,15.449999809265137,15.479999542236328,11006,0.0,0.0,0.0
2025-10-31 01:40:00+00:00,15.479999542236328,15.489999771118164,15.479999542236328,15.479999542236328,6010,0.0,0.0,0.0
2025-10-31 01:45:00+00:00,15.460000038146973,15.470000267028809,15.449999809265137,15.460000038146973,104150,0.0,0.0,0.0
2025-10-31 01:55:00+00:00,15.460000038146973,15.460000038146973,15.460000038146973,15.460000038146973,1180,0.0,0.0,0.0
2025-10-31 02:00:00+00:00,15.479999542236328,15.479999542236328,15.470000267028809,15.479999542236328,25392,0.0,0.0,0.0
2025-10-31 02:05:00+00:00,15.479999542236328,15.479999542236328,15.479999542236328,15.479999542236328,1000,0.0,0.0,0.0
2025-10-31 02:10:00+00:00,15.479999542236328,15.479999542236328,15.470000267028809,15.470000267028809,36000,0.0,0.0,0.0
2025-10-31 02:15:00+00:00,15.489999771118164,15.489999771118164,15.489999771118164,15.489999771118164,9070,0.0,0.0,0.0
2025-10-31 02:20:00+00:00,15.489999771118164,15.489999771118164,15.489999771118164,15.489999771118164,10759,0.0,0.0,0.0
2025-10-31 02:30:00+00:00,15.449999809265137,15.449999809265137,15.430000305175781,15.430000305175781,103158,0.0,0.0,0.0
2025-10-31 02:35:00+00:00,15.430000305175781,15.430000305175781,15.430000305175781,15.430000305175781,3852,0.0,0.0,0.0
2025-10-31 02:40:00+00:00,15.430000305175781,15.460000038146973,15.430000305175781,15.460000038146973,103000,0.0,0.0,0.0
2025-10-31 02:50:00+00:00,15.430000305175781,15.430000305175781,15.430000305175781,15.430000305175781,3000,0.0,0.0,0.0
2025-10-31 02:55:00+00:00,15.430000305175781,15.430000305175781,15.420000076293945,15.430000305175781,36011,0.0,0.0,0.0
2025-10-31 03:00:00+00:00,15.420000076293945,15.420000076293945,15.420000076293945,15.420000076293945,6130,0.0,0.0,0.0
2025-10-31 03:10:00+00:00,15.420000076293945,15.420000076293945,15.420000076293945,15.420000076293945,3215,0.0,0.0,0.0
2025-10-31 03:20:00+00:00,15.40999984741211,15.40999984741211,15.40999984741211,15.40999984741211,5095,0.0,0.0,0.0
2025-10-31 03:25:00+00:00,15.40999984741211,15.40999984741211,15.399999618530273,15.399999618530273,23000,0.0,0.0,0.0
2025-10-31 03:30:00+00:00,15.399999618530273,15.399999618530273,15.399999618530273,15.399999618530273,14150,0.0,0.0,0.0
2025-10-31 03:40:00+00:00,15.399999618530273,15.399999618530273,15.399999618530273,15.399999618530273,1139,0.0,0.0,0.0
2025-10-31 03:50:00+00:00,15.399999618530273,15.399999618530273,15.399999618530273,15.399999618530273,2461,0.0,0.0,0.0
2025-10-31 04:00:00+00:00,15.40999984741211,15.40999984741211,15.40999984741211,15.40999984741211,2097,0.0,0.0,0.0
2025-10-31 04:10:00+00:00,15.40999984741211,15.40999984741211,15.40999984741211,15.40999984741211,3000,0.0,0.0,0.0
2025-10-31 04:20:00+00:00,15.399999618530273,15.40999984741211,15.399999618530273,15.40999984741211,13110,0.0,0.0,0.0
2025-10-31 04:30:00+00:00,15.399999618530273,15.399999618530273,15.399999618530273,15.399999618530273,2126,0.0,0.0,0.0
2025-10-31 04:35:00+00:00,15.399999618530273,15.40999984741211,15.399999618530273,15.40999984741211,5226,0.0,0.0,0.0
2025-10-31 04:50:00+00:00,15.40999984741211,15.40999984741211,15.399999618530273,15.40999984741211,12183,0.0,0.0,0.0
2025-10-31 04:55:00+00:00,15.420000076293945,15.420000076293945,15.420000076293945,15.420000076293945,4000,0.0,0.0,0.0
2025-10-31 05:00:00+00:00,15.420000076293945,15.420000076293945,15.420000076293945,15.420000076293945,3698,0.0,0.0,0.0
2025-10-31 05:05:00+00:00,15.420000076293945,15.420000076293945,15.40999984741211,15.40999984741211,2030,0.0,0.0,0.0
2025-10-31 05:10:00+00:00,15.40999984741211,15.40999984741211,15.40999984741211,15.40999984741211,1106,0.0,0.0,0.0
2025-10-31 05:15:00+00:00,15.399999618530273,15.399999618530273,15.399999618530273,15.399999618530273,15736,0.0,0.0,0.0
2025-10-31 05:20:00+00:00,15.399999618530273,15.399999618530273,15.399999618530273,15.399999618530273,7324,0.0,0.0,0.0
2025-11-03 01:00:00+00:00,15.399999618530273,15.399999618530273,15.399999618530273,15.399999618530273,0,0.0,0.0,0.0
2025-11-03 01:05:00+00:00,15.420000076293945,15.4399995803833,15.420000076293945,15.4399995803833,4207,0.0,0.0,0.0
2025-11-03 01:15:00+00:00,15.430000305175781,15.4399995803833,15.420000076293945,15.420000076293945,4000,0.0,0.0,0.0
2025-11-03 01:25:00+00:00,15.420000076293945,15.420000076293945,15.420000076293945,15.420000076293945,11000,0.0,0.0,0.0
2025-11-03 01:30:00+00:00,15.4399995803833,15.4399995803833,15.4399995803833,15.4399995803833,2274,0.0,0.0,0.0
2025-11-03 01:35:00+00:00,15.430000305175781,15.430000305175781,15.430000305175781,15.430000305175781,18030,0.0,0.0,0.0
2025-11-03 01:40:00+00:00,15.430000305175781,15.430000305175781,15.430000305175781,15.430000305175781,2172,0.0,0.0,0.0
2025-11-03 01:45:00+00:00,15.4399995803833,15.4399995803833,15.4399995803833,15.4399995803833,2912,0.0,0.0,0.0
2025-11-03 02:00:00+00:00,15.420000076293945,15.420000076293945,15.40999984741211,15.40999984741211,23100,0.0,0.0,0.0
2025-11-03 02:05:00+00:00,15.420000076293945,15.420000076293945,15.420000076293945,15.420000076293945,6000,0.0,0.0,0.0
2025-11-03 02:10:00+00:00,15.420000076293945,15.420000076293945,15.420000076293945,15.420000076293945,13010,0.0,0.0,0.0
2025-11-03 02:15:00+00:00,15.430000305175781,15.430000305175781,15.430000305175781,15.430000305175781,2123,0.0,0.0,0.0
2025-11-03 02:30:00+00:00,15.430000305175781,15.430000305175781,15.420000076293945,15.420000076293945,6372,0.0,0.0,0.0
2025-11-03 02:35:00+00:00,15.420000076293945,15.420000076293945,15.399999618530273,15.399999618530273,34002,0.0,0.0,0.0
2025-11-03 02:40:00+00:00,15.390000343322754,15.390000343322754,15.380000114440918,15.380000114440918,122150,0.0,0.0,0.0
2025-11-03 02:45:00+00:00,15.399999618530273,15.399999618530273,15.399999618530273,15.399999618530273,1580,0.0,0.0,0.0
2025-11-03 02:55:00+00:00,15.399999618530273,15.399999618530273,15.399999618530273,15.399999618530273,3050,0.0,0.0,0.0
2025-11-03 03:05:00+00:00,15.40999984741211,15.40999984741211,15.40999984741211,15.40999984741211,1000,0.0,0.0,0.0
2025-11-03 03:10:00+00:00,15.40999984741211,15.40999984741211,15.390000343322754,15.390000343322754,9700,0.0,0.0,0.0
2025-11-03 03:20:00+00:00,15.390000343322754,15.390000343322754,15.380000114440918,15.380000114440918,9769,0.0,0.0,0.0
2025-11-03 03:25:00+00:00,15.380000114440918,15.380000114440918,15.380000114440918,15.380000114440918,6100,0.0,0.0,0.0
2025-11-03 03:30:00+00:00,15.369999885559082,15.380000114440918,15.369999885559082,15.380000114440918,10200,0.0,0.0,0.0
2025-11-03 03:35:00+00:00,15.369999885559082,15.369999885559082,15.369999885559082,15.369999885559082,24000,0.0,0.0,0.0
2025-11-03 03:45:00+00:00,15.369999885559082,15.369999885559082,15.369999885559082,15.369999885559082,4136,0.0,0.0,0.0
2025-11-03 03:50:00+00:00,15.369999885559082,15.369999885559082,15.359999656677246,15.359999656677246,27013,0.0,0.0,0.0
2025-11-03 03:55:00+00:00,15.359999656677246,15.359999656677246,15.359999656677246,15.359999656677246,1025,0.0,0.0,0.0
2025-11-03 04:10:00+00:00,15.369999885559082,15.369999885559082,15.369999885559082,15.369999885559082,22000,0.0,0.0,0.0
2025-11-03 04:15:00+00:00,15.369999885559082,15.369999885559082,15.359999656677246,15.359999656677246,20402,0.0,0.0,0.0
2025-11-03 04:25:00+00:00,15.359999656677246,15.359999656677246,15.359999656677246,15.359999656677246,11000,0.0,0.0,0.0
2025-11-03 04:30:00+00:00,15.359999656677246,15.359999656677246,15.359999656677246,15.359999656677246,9200,0.0,0.0,0.0
2025-11-03 04:35:00+00:00,15.359999656677246,15.359999656677246,15.359999656677246,15.359999656677246,1230,0.0,0.0,0.0
2025-11-03 04:45:00+00:00,15.369999885559082,15.369999885559082,15.369999885559082,15.369999885559082,100973,0.0,0.0,0.0
2025-11-03 04:55:00+00:00,15.380000114440918,15.380000114440918,15.380000114440918,15.380000114440918,1167,0.0,0.0,0.0
2025-11-03 05:00:00+00:00,15.369999885559082,15.369999885559082,15.369999885559082,15.369999885559082,5207,0.0,0.0,0.0
2025-11-03 05:10:00+00:00,15.359999656677246,15.359999656677246,15.359999656677246,15.359999656677246,3050,0.0,0.0,0.0
2025-11-03 05:15:00+00:00,15.369999885559082,15.369999885559082,15.369999885559082,15.369999885559082,6940,0.0,0.0,0.0
2025-11-04 01:00:00+00:00,15.430000305175781,15.430000305175781,15.420000076293945,15.420000076293945,0,0.0,0.0,0.0
2025-11-04 01:15:00+00:00,15.390000343322754,15.399999618530273,15.390000343322754,15.399999618530273,9000,0.0,0.0,0.0
2025-11-04 01:20:00+00:00,15.40999984741211,15.420000076293945,15.40999984741211,15.420000076293945,55476,0.0,0.0,0.0
2025-11-04 01:30:00+00:00,15.380000114440918,15.380000114440918,15.359999656677246,15.359999656677246,20000,0.0,0.0,0.0
2025-11-04 01:35:00+00:00,15.380000114440918,15.380000114440918,15.380000114440918,15.380000114440918,5120,0.0,0.0,0.0
2025-11-04 01:45:00+00:00,15.359999656677246,15.359999656677246,15.34000015258789,15.34000015258789,14867,0.0,0.0,0.0
2025-11-04 01:55:00+00:00,15.34000015258789,15.34000015258789,15.34000015258789,15.34000015258789,1133,0.0,0.0,0.0
2025-11-04 02:00:00+00:00,15.329999923706055,15.329999923706055,15.319999694824219,15.319999694824219,15662,0.0,0.0,0.0
2025-11-04 02:05:00+00:00,15.3100004196167,15.3100004196167,15.3100004196167,15.3100004196167,5010,0.0,0.0,0.0
2025-11-04 02:10:00+00:00,15.3100004196167,15.3100004196167,15.3100004196167,15.3100004196167,3756,0.0,0.0,0.0
2025-11-04 02:15:00+00:00,15.300000190734863,15.300000190734863,15.300000190734863,15.300000190734863,3000,0.0,0.0,0.0
2025-11-04 02:20:00+00:00,15.300000190734863,15.300000190734863,15.300000190734863,15.300000190734863,1000,0.0,0.0,0.0
2025-11-04 02:25:00+00:00,15.300000190734863,15.300000190734863,15.300000190734863,15.300000190734863,2000,0.0,0.0,0.0
2025-11-04 02:30:00+00:00,15.3100004196167,15.3100004196167,15.3100004196167,15.3100004196167,1243,0.0,0.0,0.0
2025-11-04 02:35:00+00:00,15.3100004196167,15.3100004196167,15.300000190734863,15.3100004196167,14369,0.0,0.0,0.0
2025-11-04 02:45:00+00:00,15.3100004196167,15.3100004196167,15.300000190734863,15.300000190734863,37050,0.0,0.0,0.0
2025-11-04 02:55:00+00:00,15.300000190734863,15.300000190734863,15.300000190734863,15.300000190734863,5050,0.0,0.0,0.0
2025-11-04 03:00:00+00:00,15.300000190734863,15.300000190734863,15.300000190734863,15.300000190734863,3030,0.0,0.0,0.0
2025-11-04 03:05:00+00:00,15.300000190734863,15.300000190734863,15.300000190734863,15.300000190734863,9253,0.0,0.0,0.0
2025-11-04 03:10:00+00:00,15.300000190734863,15.300000190734863,15.300000190734863,15.300000190734863,3106,0.0,0.0,0.0
2025-11-04 03:15:00+00:00,15.300000190734863,15.300000190734863,15.300000190734863,15.300000190734863,25056,0.0,0.0,0.0
2025-11-04 03:25:00+00:00,15.300000190734863,15.300000190734863,15.300000190734863,15.300000190734863,2000,0.0,0.0,0.0
2025-11-04 03:30:00+00:00,15.319999694824219,15.319999694824219,15.3100004196167,15.3100004196167,4000,0.0,0.0,0.0
2025-11-04 03:35:00+00:00,15.3100004196167,15.3100004196167,15.3100004196167,15.3100004196167,1400,0.0,0.0,0.0
2025-11-04 03:55:00+00:00,15.3100004196167,15.3100004196167,15.300000190734863,15.300000190734863,4000,0.0,0.0,0.0
2025-11-04 04:00:00+00:00,15.300000190734863,15.300000190734863,15.289999961853027,15.289999961853027,35736,0.0,0.0,0.0
2025-11-04 04:05:00+00:00,15.289999961853027,15.289999961853027,15.289999961853027,15.289999961853027,54756,0.0,0.0,0.0
2025-11-04 04:10:00+00:00,15.289999961853027,15.289999961853027,15.289999961853027,15.289999961853027,3006,0.0,0.0,0.0
2025-11-04 04:15:00+00:00,15.279999732971191,15.279999732971191,15.270000457763672,15.270000457763672,33109,0.0,0.0,0.0
2025-11-04 04:25:00+00:00,15.270000457763672,15.270000457763672,15.270000457763672,15.270000457763672,12755,0.0,0.0,0.0
2025-11-04 04:30:00+00:00,15.279999732971191,15.279999732971191,15.279999732971191,15.279999732971191,1000,0.0,0.0,0.0
2025-11-04 04:35:00+00:00,15.279999732971191,15.289999961853027,15.270000457763672,15.270000457763672,4000,0.0,0.0,0.0
2025-11-04 04:40:00+00:00,15.279999732971191,15.279999732971191,15.279999732971191,15.279999732971191,100000,0.0,0.0,0.0
2025-11-04 04:50:00+00:00,15.279999732971191,15.279999732971191,15.270000457763672,15.270000457763672,100125,0.0,0.0,0.0
2025-11-04 04:55:00+00:00,15.270000457763672,15.270000457763672,15.270000457763672,15.270000457763672,4266,0.0,0.0,0.0
2025-11-04 05:00:00+00:00,15.270000457763672,15.270000457763672,15.270000457763672,15.270000457763672,1665,0.0,0.0,0.0
2025-11-04 05:05:00+00:00,15.270000457763672,15.270000457763672,15.270000457763672,15.270000457763672,103050,0.0,0.0,0.0
2025-11-04 05:10:00+00:00,15.270000457763672,15.289999961853027,15.270000457763672,15.270000457763672,12366,0.0,0.0,0.0
2025-11-04 05:15:00+00:00,15.270000457763672,15.270000457763672,15.270000457763672,15.270000457763672,14182,0.0,0.0,0.0
2025-11-04 05:20:00+00:00,15.270000457763672,15.279999732971191,15.260000228881836,15.260000228881836,8528,0.0,0.0,0.0
2025-11-05 01:00:00+00:00,15.199999809265137,15.199999809265137,15.079999923706055,15.09000015258789,0,0.0,0.0,0.0
2025-11-05 01:05:00+00:00,15.109999656677246,15.109999656677246,15.09000015258789,15.09000015258789,34776,0.0,0.0,0.0
2025-11-05 01:10:00+00:00,15.100000381469727,15.1899995803833,15.100000381469727,15.180000305175781,9195,0.0,0.0,0.0
2025-11-05 01:15:00+00:00,15.149999618530273,15.15999984741211,15.149999618530273,15.15999984741211,15195,0.0,0.0,0.0
2025-11-05 01:20:00+00:00,15.149999618530273,15.149999618530273,15.130000114440918,15.130000114440918,111930,0.0,0.0,0.0
2025-11-05 01:25:00+00:00,15.130000114440918,15.130000114440918,15.119999885559082,15.119999885559082,0,0.0,0.0,0.0
2025-11-05 01:30:00+00:00,15.130000114440918,15.130000114440918,15.109999656677246,15.130000114440918,247156,0.0,0.0,0.0
2025-11-05 01:35:00+00:00,15.130000114440918,15.130000114440918,15.130000114440918,15.130000114440918,9588,0.0,0.0,0.0
2025-11-05 01:40:00+00:00,15.119999885559082,15.119999885559082,15.119999885559082,15.119999885559082,4285,0.0,0.0,0.0
2025-11-05 01:45:00+00:00,15.119999885559082,15.130000114440918,15.119999885559082,15.130000114440918,2250,0.0,0.0,0.0
2025-11-05 01:50:00+00:00,15.130000114440918,15.130000114440918,15.130000114440918,15.130000114440918,3000,0.0,0.0,0.0
2025-11-05 01:55:00+00:00,15.130000114440918,15.130000114440918,15.130000114440918,15.130000114440918,16000,0.0,0.0,0.0
2025-11-05 02:00:00+00:00,15.140000343322754,15.140000343322754,15.130000114440918,15.130000114440918,8200,0.0,0.0,0.0
2025-11-05 02:05:00+00:00,15.149999618530273,15.149999618530273,15.149999618530273,15.149999618530273,10000,0.0,0.0,0.0
2025-11-05 02:10:00+00:00,15.15999984741211,15.170000076293945,15.149999618530273,15.149999618530273,15823,0.0,0.0,0.0
2025-11-05 02:20:00+00:00,15.140000343322754,15.140000343322754,15.140000343322754,15.140000343322754,8045,0.0,0.0,0.0
2025-11-05 02:25:00+00:00,15.140000343322754,15.140000343322754,15.140000343322754,15.140000343322754,1136,0.0,0.0,0.0
2025-11-05 02:35:00+00:00,15.149999618530273,15.15999984741211,15.149999618530273,15.15999984741211,106129,0.0,0.0,0.0
2025-11-05 02:45:00+00:00,15.170000076293945,15.170000076293945,15.170000076293945,15.170000076293945,5000,0.0,0.0,0.0
2025-11-05 02:55:00+00:00,15.180000305175781,15.180000305175781,15.180000305175781,15.180000305175781,2000,0.0,0.0,0.0
2025-11-05 03:00:00+00:00,15.180000305175781,15.1899995803833,15.180000305175781,15.1899995803833,101333,0.0,0.0,0.0
2025-11-05 03:05:00+00:00,15.1899995803833,15.1899995803833,15.1899995803833,15.1899995803833,3008,0.0,0.0,0.0
2025-11-05 03:15:00+00:00,15.180000305175781,15.180000305175781,15.180000305175781,15.180000305175781,15260,0.0,0.0,0.0
2025-11-05 03:35:00+00:00,15.180000305175781,15.180000305175781,15.180000305175781,15.180000305175781,3000,0.0,0.0,0.0
2025-11-05 03:40:00+00:00,15.1899995803833,15.1899995803833,15.1899995803833,15.1899995803833,4000,0.0,0.0,0.0
2025-11-05 03:45:00+00:00,15.199999809265137,15.199999809265137,15.199999809265137,15.199999809265137,3000,0.0,0.0,0.0
2025-11-05 03:50:00+00:00,15.229999542236328,15.229999542236328,15.229999542236328,15.229999542236328,1005,0.0,0.0,0.0
2025-11-05 03:55:00+00:00,15.210000038146973,15.210000038146973,15.210000038146973,15.210000038146973,2000,0.0,0.0,0.0
2025-11-05 04:00:00+00:00,15.199999809265137,15.199999809265137,15.199999809265137,15.199999809265137,1000,0.0,0.0,0.0
2025-11-05 04:05:00+00:00,15.199999809265137,15.199999809265137,15.199999809265137,15.199999809265137,5440,0.0,0.0,0.0
2025-11-05 04:10:00+00:00,15.210000038146973,15.210000038146973,15.210000038146973,15.210000038146973,1000,0.0,0.0,0.0
2025-11-05 04:15:00+00:00,15.210000038146973,15.210000038146973,15.199999809265137,15.199999809265137,3000,0.0,0.0,0.0
2025-11-05 04:20:00+00:00,15.220000267028809,15.220000267028809,15.220000267028809,15.220000267028809,2007,0.0,0.0,0.0
2025-11-05 04:25:00+00:00,15.220000267028809,15.220000267028809,15.220000267028809,15.220000267028809,2000,0.0,0.0,0.0
2025-11-05 04:30:00+00:00,15.229999542236328,15.229999542236328,15.229999542236328,15.229999542236328,6293,0.0,0.0,0.0
2025-11-05 04:35:00+00:00,15.229999542236328,15.239999771118164,15.220000267028809,15.220000267028809,42896,0.0,0.0,0.0
2025-11-05 05:00:00+00:00,15.229999542236328,15.229999542236328,15.229999542236328,15.229999542236328,1000,0.0,0.0,0.0
2025-11-05 05:05:00+00:00,15.229999542236328,15.229999542236328,15.229999542236328,15.229999542236328,1316,0.0,0.0,0.0
2025-11-05 05:10:00+00:00,15.229999542236328,15.229999542236328,15.229999542236328,15.229999542236328,21000,0.0,0.0,0.0
2025-11-05 05:15:00+00:00,15.229999542236328,15.25,15.229999542236328,15.25,40435,0.0,0.0,0.0
2025-11-05 05:20:00+00:00,15.25,15.25,15.25,15.25,5117,0.0,0.0,0.0
2025-11-06 01:00:00+00:00,15.3100004196167,15.329999923706055,15.3100004196167,15.329999923706055,0,0.0,0.0,0.0
2025-11-06 01:05:00+00:00,15.350000381469727,15.350000381469727,15.329999923706055,15.329999923706055,106009,0.0,0.0,0.0
2025-11-06 01:10:00+00:00,15.34000015258789,15.34000015258789,15.34000015258789,15.34000015258789,11996,0.0,0.0,0.0
2025-11-06 01:20:00+00:00,15.319999694824219,15.319999694824219,15.319999694824219,15.319999694824219,5100,0.0,0.0,0.0
2025-11-06 01:25:00+00:00,15.300000190734863,15.300000190734863,15.300000190734863,15.300000190734863,1000,0.0,0.0,0.0
2025-11-06 01:30:00+00:00,15.300000190734863,15.329999923706055,15.300000190734863,15.329999923706055,5200,0.0,0.0,0.0
2025-11-06 01:35:00+00:00,15.3100004196167,15.319999694824219,15.3100004196167,15.319999694824219,15000,0.0,0.0,0.0
2025-11-06 01:40:00+00:00,15.34000015258789,15.34000015258789,15.329999923706055,15.329999923706055,12000,0.0,0.0,0.0
2025-11-06 01:45:00+00:00,15.329999923706055,15.329999923706055,15.329999923706055,15.329999923706055,2516,0.0,0.0,0.0
2025-11-06 02:00:00+00:00,15.329999923706055,15.329999923706055,15.329999923706055,15.329999923706055,2860,0.0,0.0,0.0
2025-11-06 02:05:00+00:00,15.3100004196167,15.3100004196167,15.3100004196167,15.3100004196167,3012,0.0,0.0,0.0
2025-11-06 02:10:00+00:00,15.3100004196167,15.3100004196167,15.3100004196167,15.3100004196167,15000,0.0,0.0,0.0
2025-11-06 02:15:00+00:00,15.329999923706055,15.329999923706055,15.329999923706055,15.329999923706055,8116,0.0,0.0,0.0
2025-11-06 02:20:00+00:00,15.329999923706055,15.329999923706055,15.329999923706055,15.329999923706055,2440,0.0,0.0,0.0
2025-11-06 02:25:00+00:00,15.329999923706055,15.329999923706055,15.329999923706055,15.329999923706055,4012,0.0,0.0,0.0
2025-11-06 02:30:00+00:00,15.34000015258789,15.350000381469727,15.34000015258789,15.350000381469727,44730,0.0,0.0,0.0
2025-11-06 02:35:00+00:00,15.359999656677246,15.369999885559082,15.359999656677246,15.369999885559082,24359,0.0,0.0,0.0
2025-11-06 02:40:00+00:00,15.390000343322754,15.390000343322754,15.390000343322754,15.390000343322754,4987,0.0,0.0,0.0
2025-11-06 02:45:00+00:00,15.399999618530273,15.399999618530273,15.380000114440918,15.380000114440918,4262,0.0,0.0,0.0
2025-11-06 02:50:00+00:00,15.380000114440918,15.380000114440918,15.380000114440918,15.380000114440918,13062,0.0,0.0,0.0
2025-11-06 02:55:00+00:00,15.380000114440918,15.380000114440918,15.380000114440918,15.380000114440918,12000,0.0,0.0,0.0
2025-11-06 03:00:00+00:00,15.390000343322754,15.390000343322754,15.390000343322754,15.390000343322754,7102,0.0,0.0,0.0
2025-11-06 03:05:00+00:00,15.380000114440918,15.380000114440918,15.380000114440918,15.380000114440918,4012,0.0,0.0,0.0
2025-11-06 03:10:00+00:00,15.369999885559082,15.380000114440918,15.369999885559082,15.380000114440918,14162,0.0,0.0,0.0
2025-11-06 03:20:00+00:00,15.359999656677246,15.359999656677246,15.359999656677246,15.359999656677246,2012,0.0,0.0,0.0
2025-11-06 03:30:00+00:00,15.350000381469727,15.369999885559082,15.350000381469727,15.369999885559082,35211,0.0,0.0,0.0
2025-11-06 03:35:00+00:00,15.369999885559082,15.369999885559082,15.369999885559082,15.369999885559082,1097,0.0,0.0,0.0
2025-11-06 03:45:00+00:00,15.359999656677246,15.359999656677246,15.359999656677246,15.359999656677246,1916,0.0,0.0,0.0
2025-11-06 04:15:00+00:00,15.359999656677246,15.359999656677246,15.359999656677246,15.359999656677246,2249,0.0,0.0,0.0
2025-11-06 04:30:00+00:00,15.350000381469727,15.350000381469727,15.350000381469727,15.350000381469727,1100,0.0,0.0,0.0
2025-11-06 04:35:00+00:00,15.350000381469727,15.350000381469727,15.350000381469727,15.350000381469727,1212,0.0,0.0,0.0
2025-11-06 04:45:00+00:00,15.359999656677246,15.359999656677246,15.359999656677246,15.359999656677246,3288,0.0,0.0,0.0
2025-11-06 04:55:00+00:00,15.359999656677246,15.369999885559082,15.359999656677246,15.369999885559082,19164,0.0,0.0,0.0
2025-11-06 05:05:00+00:00,15.369999885559082,15.369999885559082,15.369999885559082,15.369999885559082,1000,0.0,0.0,0.0
2025-11-06 05:10:00+00:00,15.369999885559082,15.369999885559082,15.369999885559082,15.369999885559082,5142,0.0,0.0,0.0
2025-11-06 05:20:00+00:00,15.369999885559082,15.369999885559082,15.359999656677246,15.359999656677246,8853,0.0,0.0,0.0
2025-11-07 01:00:00+00:00,15.329999923706055,15.329999923706055,15.329999923706055,15.329999923706055,0,0.0,0.0,0.0
2025-11-07 01:05:00+00:00,15.350000381469727,15.359999656677246,15.350000381469727,15.359999656677246,113200,0.0,0.0,0.0
2025-11-07 01:10:00+00:00,15.350000381469727,15.380000114440918,15.350000381469727,15.380000114440918,72210,0.0,0.0,0.0
2025-11-07 01:15:00+00:00,15.390000343322754,15.390000343322754,15.390000343322754,15.390000343322754,4989,0.0,0.0,0.0
2025-11-07 01:20:00+00:00,15.390000343322754,15.390000343322754,15.369999885559082,15.369999885559082,9246,0.0,0.0,0.0
2025-11-07 01:25:00+00:00,15.369999885559082,15.380000114440918,15.369999885559082,15.380000114440918,12000,0.0,0.0,0.0
2025-11-07 01:30:00+00:00,15.380000114440918,15.380000114440918,15.369999885559082,15.369999885559082,52000,0.0,0.0,0.0
2025-11-07 01:35:00+00:00,15.359999656677246,15.380000114440918,15.359999656677246,15.359999656677246,219100,0.0,0.0,0.0
2025-11-07 01:45:00+00:00,15.369999885559082,15.369999885559082,15.369999885559082,15.369999885559082,48195,0.0,0.0,0.0
2025-11-07 01:55:00+00:00,15.369999885559082,15.369999885559082,15.369999885559082,15.369999885559082,4200,0.0,0.0,0.0
2025-11-07 02:00:00+00:00,15.369999885559082,15.369999885559082,15.369999885559082,15.369999885559082,2000,0.0,0.0,0.0
2025-11-07 02:05:00+00:00,15.359999656677246,15.359999656677246,15.350000381469727,15.350000381469727,20143,0.0,0.0,0.0
2025-11-07 02:15:00+00:00,15.350000381469727,15.350000381469727,15.350000381469727,15.350000381469727,12796,0.0,0.0,0.0
2025-11-07 02:20:00+00:00,15.350000381469727,15.350000381469727,15.350000381469727,15.350000381469727,5000,0.0,0.0,0.0
2025-11-07 02:25:00+00:00,15.350000381469727,15.350000381469727,15.350000381469727,15.350000381469727,78500,0.0,0.0,0.0
2025-11-07 02:30:00+00:00,15.34000015258789,15.34000015258789,15.34000015258789,15.34000015258789,32100,0.0,0.0,0.0
2025-11-07 02:35:00+00:00,15.369999885559082,15.369999885559082,15.369999885559082,15.369999885559082,6000,0.0,0.0,0.0
2025-11-07 02:45:00+00:00,15.369999885559082,15.369999885559082,15.369999885559082,15.369999885559082,20035,0.0,0.0,0.0
2025-11-07 02:50:00+00:00,15.369999885559082,15.369999885559082,15.359999656677246,15.359999656677246,12000,0.0,0.0,0.0
2025-11-07 02:55:00+00:00,15.380000114440918,15.380000114440918,15.380000114440918,15.380000114440918,1000,0.0,0.0,0.0
2025-11-07 03:00:00+00:00,15.369999885559082,15.369999885559082,15.369999885559082,15.369999885559082,82105,0.0,0.0,0.0
2025-11-07 03:05:00+00:00,15.369999885559082,15.369999885559082,15.369999885559082,15.369999885559082,6000,0.0,0.0,0.0
2025-11-07 03:15:00+00:00,15.369999885559082,15.369999885559082,15.369999885559082,15.369999885559082,10000,0.0,0.0,0.0
2025-11-07 03:20:00+00:00,15.369999885559082,15.369999885559082,15.369999885559082,15.369999885559082,2000,0.0,0.0,0.0
2025-11-07 03:25:00+00:00,15.380000114440918,15.380000114440918,15.380000114440918,15.380000114440918,20939,0.0,0.0,0.0
2025-11-07 03:45:00+00:00,15.380000114440918,15.380000114440918,15.380000114440918,15.380000114440918,1091,0.0,0.0,0.0
2025-11-07 03:50:00+00:00,15.380000114440918,15.380000114440918,15.380000114440918,15.380000114440918,1000,0.0,0.0,0.0
2025-11-07 04:00:00+00:00,15.380000114440918,15.380000114440918,15.380000114440918,15.380000114440918,1000,0.0,0.0,0.0
2025-11-07 04:05:00+00:00,15.369999885559082,15.369999885559082,15.369999885559082,15.369999885559082,100949,0.0,0.0,0.0
2025-11-07 04:15:00+00:00,15.369999885559082,15.369999885559082,15.369999885559082,15.369999885559082,16025,0.0,0.0,0.0
2025-11-07 04:20:00+00:00,15.359999656677246,15.359999656677246,15.359999656677246,15.359999656677246,5803,0.0,0.0,0.0
2025-11-07 04:35:00+00:00,15.350000381469727,15.350000381469727,15.34000015258789,15.34000015258789,50000,0.0,0.0,0.0
2025-11-07 04:45:00+00:00,15.34000015258789,15.34000015258789,15.34000015258789,15.34000015258789,1461,0.0,0.0,0.0
2025-11-07 04:50:00+00:00,15.34000015258789,15.34000015258789,15.34000015258789,15.34000015258789,2043,0.0,0.0,0.0
2025-11-07 04:55:00+00:00,15.34000015258789,15.34000015258789,15.34000015258789,15.34000015258789,5000,0.0,0.0,0.0
2025-11-07 05:00:00+00:00,15.34000015258789,15.34000015258789,15.329999923706055,15.329999923706055,49000,0.0,0.0,0.0
2025-11-07 05:05:00+00:00,15.34000015258789,15.34000015258789,15.34000015258789,15.34000015258789,2600,0.0,0.0,0.0
2025-11-07 05:10:00+00:00,15.34000015258789,15.34000015258789,15.34000015258789,15.34000015258789,5443,0.0,0.0,0.0
2025-11-07 05:15:00+00:00,15.34000015258789,15.34000015258789,15.329999923706055,15.329999923706055,4000,0.0,0.0,0.0
2025-11-07 05:20:00+00:00,15.329999923706055,15.329999923706055,15.3100004196167,15.3100004196167,20676,0.0,0.0,0.0
2025-11-10 01:00:00+00:00,15.279999732971191,15.279999732971191,15.25,15.25,0,0.0,0.0,0.0
2025-11-10 01:05:00+00:00,15.239999771118164,15.239999771118164,15.210000038146973,15.210000038146973,26661,0.0,0.0,0.0
2025-11-10 01:10:00+00:00,15.210000038146973,15.229999542236328,15.210000038146973,15.229999542236328,2927,0.0,0.0,0.0
2025-11-10 01:15:00+00:00,15.239999771118164,15.239999771118164,15.229999542236328,15.239999771118164,6026,0.0,0.0,0.0
2025-11-10 01:20:00+00:00,15.220000267028809,15.220000267028809,15.220000267028809,15.220000267028809,1383,0.0,0.0,0.0
2025-11-10 01:30:00+00:00,15.229999542236328,15.239999771118164,15.229999542236328,15.229999542236328,5564,0.0,0.0,0.0
2025-11-10 01:35:00+00:00,15.220000267028809,15.220000267028809,15.220000267028809,15.220000267028809,15507,0.0,0.0,0.0
2025-11-10 01:40:00+00:00,15.210000038146973,15.210000038146973,15.199999809265137,15.199999809265137,12175,0.0,0.0,0.0
2025-11-10 01:45:00+00:00,15.199999809265137,15.199999809265137,15.199999809265137,15.199999809265137,2032,0.0,0.0,0.0
2025-11-10 01:50:00+00:00,15.199999809265137,15.199999809265137,15.199999809265137,15.199999809265137,1000,0.0,0.0,0.0
2025-11-10 01:55:00+00:00,15.1899995803833,15.199999809265137,15.1899995803833,15.199999809265137,2578,0.0,0.0,0.0
2025-11-10 02:00:00+00:00,15.210000038146973,15.210000038146973,15.199999809265137,15.199999809265137,3133,0.0,0.0,0.0
2025-11-10 02:05:00+00:00,15.1899995803833,15.1899995803833,15.180000305175781,15.180000305175781,25653,0.0,0.0,0.0
2025-11-10 02:10:00+00:00,15.180000305175781,15.180000305175781,15.180000305175781,15.180000305175781,1000,0.0,0.0,0.0
2025-11-10 02:15:00+00:00,15.1899995803833,15.199999809265137,15.1899995803833,15.199999809265137,4159,0.0,0.0,0.0
2025-11-10 02:25:00+00:00,15.199999809265137,15.199999809265137,15.1899995803833,15.1899995803833,8230,0.0,0.0,0.0
2025-11-10 02:30:00+00:00,15.1899995803833,15.199999809265137,15.1899995803833,15.199999809265137,7159,0.0,0.0,0.0
2025-11-10 02:35:00+00:00,15.210000038146973,15.210000038146973,15.210000038146973,15.210000038146973,1116,0.0,0.0,0.0
2025-11-10 02:40:00+00:00,15.210000038146973,15.220000267028809,15.210000038146973,15.220000267028809,6100,0.0,0.0,0.0
2025-11-10 02:45:00+00:00,15.220000267028809,15.220000267028809,15.220000267028809,15.220000267028809,3230,0.0,0.0,0.0
2025-11-10 02:50:00+00:00,15.229999542236328,15.229999542236328,15.229999542236328,15.229999542236328,1175,0.0,0.0,0.0
2025-11-10 03:00:00+00:00,15.220000267028809,15.220000267028809,15.220000267028809,15.220000267028809,1465,0.0,0.0,0.0
2025-11-10 03:15:00+00:00,15.210000038146973,15.210000038146973,15.199999809265137,15.199999809265137,8667,0.0,0.0,0.0
2025-11-10 03:20:00+00:00,15.1899995803833,15.1899995803833,15.1899995803833,15.1899995803833,4848,0.0,0.0,0.0
2025-11-10 03:30:00+00:00,15.1899995803833,15.1899995803833,15.180000305175781,15.180000305175781,5989,0.0,0.0,0.0
2025-11-10 03:35:00+00:00,15.199999809265137,15.199999809265137,15.199999809265137,15.199999809265137,3174,0.0,0.0,0.0
2025-11-10 03:40:00+00:00,15.180000305175781,15.180000305175781,15.180000305175781,15.180000305175781,1000,0.0,0.0,0.0
2025-11-10 03:45:00+00:00,15.1899995803833,15.1899995803833,15.180000305175781,15.180000305175781,2000,0.0,0.0,0.0
2025-11-10 03:50:00+00:00,15.1899995803833,15.1899995803833,15.180000305175781,15.180000305175781,21000,0.0,0.0,0.0
2025-11-10 03:55:00+00:00,15.180000305175781,15.180000305175781,15.180000305175781,15.180000305175781,2861,0.0,0.0,0.0
2025-11-10 04:10:00+00:00,15.199999809265137,15.199999809265137,15.199999809265137,15.199999809265137,1000,0.0,0.0,0.0
2025-11-10 04:15:00+00:00,15.199999809265137,15.199999809265137,15.199999809265137,15.199999809265137,2541,0.0,0.0,0.0
2025-11-10 04:35:00+00:00,15.199999809265137,15.199999809265137,15.199999809265137,15.199999809265137,3100,0.0,0.0,0.0
2025-11-10 04:40:00+00:00,15.199999809265137,15.199999809265137,15.199999809265137,15.199999809265137,12434,0.0,0.0,0.0
2025-11-10 04:50:00+00:00,15.199999809265137,15.199999809265137,15.199999809265137,15.199999809265137,7342,0.0,0.0,0.0
2025-11-10 04:55:00+00:00,15.199999809265137,15.199999809265137,15.199999809265137,15.199999809265137,6250,0.0,0.0,0.0
2025-11-10 05:00:00+00:00,15.199999809265137,15.199999809265137,15.199999809265137,15.199999809265137,2180,0.0,0.0,0.0
2025-11-10 05:10:00+00:00,15.199999809265137,15.199999809265137,15.199999809265137,15.199999809265137,3409,0.0,0.0,0.0
2025-11-10 05:20:00+00:00,15.199999809265137,15.199999809265137,15.199999809265137,15.199999809265137,10018,0.0,0.0,0.0
2025-11-11 01:00:00+00:00,15.229999542236328,15.239999771118164,15.229999542236328,15.239999771118164,0,0.0,0.0,0.0
2025-11-11 01:05:00+00:00,15.239999771118164,15.239999771118164,15.239999771118164,15.239999771118164,2607,0.0,0.0,0.0
2025-11-11 01:10:00+00:00,15.239999771118164,15.25,15.239999771118164,15.25,46154,0.0,0.0,0.0
2025-11-11 01:15:00+00:00,15.239999771118164,15.239999771118164,15.239999771118164,15.239999771118164,10000,0.0,0.0,0.0
2025-11-11 01:20:00+00:00,15.239999771118164,15.239999771118164,15.220000267028809,15.220000267028809,23460,0.0,0.0,0.0
2025-11-11 01:25:00+00:00,15.229999542236328,15.229999542236328,15.229999542236328,15.229999542236328,12131,0.0,0.0,0.0
2025-11-11 01:35:00+00:00,15.229999542236328,15.229999542236328,15.229999542236328,15.229999542236328,4000,0.0,0.0,0.0
2025-11-11 01:40:00+00:00,15.229999542236328,15.229999542236328,15.229999542236328,15.229999542236328,2110,0.0,0.0,0.0
2025-11-11 01:45:00+00:00,15.229999542236328,15.229999542236328,15.229999542236328,15.229999542236328,31000,0.0,0.0,0.0
2025-11-11 01:50:00+00:00,15.229999542236328,15.229999542236328,15.229999542236328,15.229999542236328,4214,0.0,0.0,0.0
2025-11-11 02:00:00+00:00,15.220000267028809,15.220000267028809,15.199999809265137,15.199999809265137,16000,0.0,0.0,0.0
2025-11-11 02:05:00+00:00,15.199999809265137,15.199999809265137,15.199999809265137,15.199999809265137,20897,0.0,0.0,0.0
2025-11-11 02:10:00+00:00,15.210000038146973,15.210000038146973,15.199999809265137,15.199999809265137,10000,0.0,0.0,0.0
2025-11-11 02:15:00+00:00,15.199999809265137,15.199999809265137,15.199999809265137,15.199999809265137,1060,0.0,0.0,0.0
2025-11-11 02:20:00+00:00,15.210000038146973,15.210000038146973,15.210000038146973,15.210000038146973,2500,0.0,0.0,0.0
2025-11-11 02:25:00+00:00,15.199999809265137,15.199999809265137,15.199999809265137,15.199999809265137,4730,0.0,0.0,0.0
2025-11-11 02:35:00+00:00,15.1899995803833,15.210000038146973,15.1899995803833,15.210000038146973,11021,0.0,0.0,0.0
2025-11-11 02:40:00+00:00,15.210000038146973,15.210000038146973,15.210000038146973,15.210000038146973,1100,0.0,0.0,0.0
2025-11-11 02:45:00+00:00,15.210000038146973,15.210000038146973,15.210000038146973,15.210000038146973,2000,0.0,0.0,0.0
2025-11-11 02:50:00+00:00,15.199999809265137,15.199999809265137,15.199999809265137,15.199999809265137,12960,0.0,0.0,0.0
2025-11-11 02:55:00+00:00,15.199999809265137,15.199999809265137,15.199999809265137,15.199999809265137,2000,0.0,0.0,0.0
2025-11-11 03:00:00+00:00,15.199999809265137,15.199999809265137,15.199999809265137,15.199999809265137,4000,0.0,0.0,0.0
2025-11-11 03:05:00+00:00,15.199999809265137,15.199999809265137,15.199999809265137,15.199999809265137,6000,0.0,0.0,0.0
2025-11-11 03:10:00+00:00,15.210000038146973,15.210000038146973,15.210000038146973,15.210000038146973,5200,0.0,0.0,0.0
2025-11-11 03:20:00+00:00,15.220000267028809,15.220000267028809,15.220000267028809,15.220000267028809,10128,0.0,0.0,0.0
2025-11-11 03:30:00+00:00,15.220000267028809,15.220000267028809,15.220000267028809,15.220000267028809,31105,0.0,0.0,0.0
2025-11-11 03:35:00+00:00,15.220000267028809,15.220000267028809,15.220000267028809,15.220000267028809,6105,0.0,0.0,0.0
2025-11-11 03:40:00+00:00,15.220000267028809,15.220000267028809,15.210000038146973,15.210000038146973,156601,0.0,0.0,0.0
2025-11-11 04:05:00+00:00,15.210000038146973,15.210000038146973,15.210000038146973,15.210000038146973,3000,0.0,0.0,0.0
2025-11-11 04:10:00+00:00,15.199999809265137,15.210000038146973,15.199999809265137,15.210000038146973,26581,0.0,0.0,0.0
2025-11-11 04:20:00+00:00,15.210000038146973,15.210000038146973,15.210000038146973,15.210000038146973,60132,0.0,0.0,0.0
2025-11-11 04:25:00+00:00,15.210000038146973,15.210000038146973,15.210000038146973,15.210000038146973,2936,0.0,0.0,0.0
2025-11-11 04:30:00+00:00,15.210000038146973,15.210000038146973,15.210000038146973,15.210000038146973,8839,0.0,0.0,0.0
2025-11-11 04:40:00+00:00,15.199999809265137,15.199999809265137,15.199999809265137,15.199999809265137,1000,0.0,0.0,0.0
2025-11-11 04:45:00+00:00,15.199999809265137,15.199999809265137,15.199999809265137,15.199999809265137,2070,0.0,0.0,0.0
2025-11-11 04:50:00+00:00,15.199999809265137,15.199999809265137,15.199999809265137,15.199999809265137,7322,0.0,0.0,0.0
2025-11-11 04:55:00+00:00,15.199999809265137,15.199999809265137,15.199999809265137,15.199999809265137,6000,0.0,0.0,0.0
2025-11-11 05:00:00+00:00,15.199999809265137,15.199999809265137,15.199999809265137,15.199999809265137,6000,0.0,0.0,0.0
2025-11-11 05:05:00+00:00,15.199999809265137,15.199999809265137,15.199999809265137,15.199999809265137,1275,0.0,0.0,0.0
2025-11-11 05:10:00+00:00,15.1899995803833,15.1899995803833,15.1899995803833,15.1899995803833,28000,0.0,0.0,0.0
2025-11-11 05:15:00+00:00,15.1899995803833,15.1899995803833,15.1899995803833,15.1899995803833,2183,0.0,0.0,0.0
2025-11-11 05:20:00+00:00,15.1899995803833,15.1899995803833,15.1899995803833,15.1899995803833,7694,0.0,0.0,0.0
2025-11-12 01:00:00+00:00,15.300000190734863,15.300000190734863,15.300000190734863,15.300000190734863,0,0.0,0.0,0.0
2025-11-12 01:05:00+00:00,15.300000190734863,15.3100004196167,15.300000190734863,15.3100004196167,5558,0.0,0.0,0.0
2025-11-12 01:10:00+00:00,15.300000190734863,15.34000015258789,15.300000190734863,15.34000015258789,115248,0.0,0.0,0.0
2025-11-12 01:15:00+00:00,15.34000015258789,15.34000015258789,15.34000015258789,15.34000015258789,3315,0.0,0.0,0.0
2025-11-12 01:20:00+00:00,15.34000015258789,15.34000015258789,15.34000015258789,15.34000015258789,48215,0.0,0.0,0.0
2025-11-12 01:35:00+00:00,15.329999923706055,15.329999923706055,15.329999923706055,15.329999923706055,1000,0.0,0.0,0.0
2025-11-12 01:40:00+00:00,15.329999923706055,15.329999923706055,15.319999694824219,15.319999694824219,52100,0.0,0.0,0.0
2025-11-12 01:45:00+00:00,15.319999694824219,15.319999694824219,15.319999694824219,15.319999694824219,3150,0.0,0.0,0.0
2025-11-12 01:50:00+00:00,15.329999923706055,15.329999923706055,15.329999923706055,15.329999923706055,10862,0.0,0.0,0.0
2025-11-12 01:55:00+00:00,15.319999694824219,15.329999923706055,15.319999694824219,15.329999923706055,4545,0.0,0.0,0.0
2025-11-12 02:00:00+00:00,15.329999923706055,15.329999923706055,15.329999923706055,15.329999923706055,2155,0.0,0.0,0.0
2025-11-12 02:10:00+00:00,15.329999923706055,15.329999923706055,15.329999923706055,15.329999923706055,12475,0.0,0.0,0.0
2025-11-12 02:15:00+00:00,15.329999923706055,15.329999923706055,15.319999694824219,15.319999694824219,6500,0.0,0.0,0.0
2025-11-12 02:20:00+00:00,15.319999694824219,15.319999694824219,15.3100004196167,15.3100004196167,15315,0.0,0.0,0.0
2025-11-12 02:25:00+00:00,15.319999694824219,15.319999694824219,15.319999694824219,15.319999694824219,7000,0.0,0.0,0.0
2025-11-12 02:35:00+00:00,15.319999694824219,15.329999923706055,15.319999694824219,15.329999923706055,35330,0.0,0.0,0.0
2025-11-12 02:40:00+00:00,15.329999923706055,15.329999923706055,15.329999923706055,15.329999923706055,1000,0.0,0.0,0.0
2025-11-12 02:45:00+00:00,15.34000015258789,15.34000015258789,15.329999923706055,15.329999923706055,2000,0.0,0.0,0.0
2025-11-12 02:50:00+00:00,15.329999923706055,15.329999923706055,15.319999694824219,15.319999694824219,16118,0.0,0.0,0.0
2025-11-12 02:55:00+00:00,15.329999923706055,15.329999923706055,15.319999694824219,15.319999694824219,136149,0.0,0.0,0.0
2025-11-12 03:00:00+00:00,15.319999694824219,15.329999923706055,15.319999694824219,15.319999694824219,84154,0.0,0.0,0.0
2025-11-12 03:10:00+00:00,15.319999694824219,15.319999694824219,15.319999694824219,15.319999694824219,4200,0.0,0.0,0.0
2025-11-12 03:25:00+00:00,15.3100004196167,15.3100004196167,15.3100004196167,15.3100004196167,10000,0.0,0.0,0.0
2025-11-12 03:30:00+00:00,15.3100004196167,15.319999694824219,15.3100004196167,15.319999694824219,37050,0.0,0.0,0.0
2025-11-12 03:35:00+00:00,15.3100004196167,15.3100004196167,15.3100004196167,15.3100004196167,6019,0.0,0.0,0.0
2025-11-12 03:40:00+00:00,15.300000190734863,15.3100004196167,15.300000190734863,15.3100004196167,18032,0.0,0.0,0.0
2025-11-12 03:50:00+00:00,15.3100004196167,15.3100004196167,15.3100004196167,15.3100004196167,1000,0.0,0.0,0.0
2025-11-12 04:00:00+00:00,15.3100004196167,15.319999694824219,15.3100004196167,15.319999694824219,38000,0.0,0.0,0.0
2025-11-12 04:05:00+00:00,15.319999694824219,15.319999694824219,15.319999694824219,15.319999694824219,229150,0.0,0.0,0.0
2025-11-12 04:20:00+00:00,15.3100004196167,15.319999694824219,15.3100004196167,15.319999694824219,36000,0.0,0.0,0.0
2025-11-12 04:25:00+00:00,15.329999923706055,15.329999923706055,15.329999923706055,15.329999923706055,53400,0.0,0.0,0.0
2025-11-12 04:30:00+00:00,15.329999923706055,15.329999923706055,15.329999923706055,15.329999923706055,3000,0.0,0.0,0.0
2025-11-12 04:35:00+00:00,15.319999694824219,15.319999694824219,15.3100004196167,15.3100004196167,13000,0.0,0.0,0.0
2025-11-12 04:40:00+00:00,15.319999694824219,15.319999694824219,15.319999694824219,15.319999694824219,2100,0.0,0.0,0.0
2025-11-12 04:45:00+00:00,15.329999923706055,15.329999923706055,15.329999923706055,15.329999923706055,11000,0.0,0.0,0.0
2025-11-12 04:50:00+00:00,15.329999923706055,15.34000015258789,15.329999923706055,15.34000015258789,88731,0.0,0.0,0.0
2025-11-12 04:55:00+00:00,15.350000381469727,15.350000381469727,15.350000381469727,15.350000381469727,47135,0.0,0.0,0.0
2025-11-12 05:05:00+00:00,15.350000381469727,15.350000381469727,15.350000381469727,15.350000381469727,1102,0.0,0.0,0.0
2025-11-12 05:20:00+00:00,15.350000381469727,15.350000381469727,15.34000015258789,15.34000015258789,4083,0.0,0.0,0.0
2025-11-13 01:00:00+00:00,15.34000015258789,15.350000381469727,15.34000015258789,15.350000381469727,0,0.0,0.0,0.0
2025-11-13 01:05:00+00:00,15.350000381469727,15.350000381469727,15.34000015258789,15.34000015258789,5480,0.0,0.0,0.0
2025-11-13 01:10:00+00:00,15.359999656677246,15.359999656677246,15.34000015258789,15.34000015258789,10000,0.0,0.0,0.0
2025-11-13 01:15:00+00:00,15.329999923706055,15.329999923706055,15.329999923706055,15.329999923706055,14000,0.0,0.0,0.0
2025-11-13 01:20:00+00:00,15.319999694824219,15.319999694824219,15.319999694824219,15.319999694824219,1000,0.0,0.0,0.0
2025-11-13 01:25:00+00:00,15.34000015258789,15.34000015258789,15.329999923706055,15.329999923706055,200774,0.0,0.0,0.0
2025-11-13 01:30:00+00:00,15.34000015258789,15.34000015258789,15.34000015258789,15.34000015258789,2995,0.0,0.0,0.0
2025-11-13 01:35:00+00:00,15.329999923706055,15.359999656677246,15.329999923706055,15.359999656677246,22569,0.0,0.0,0.0
2025-11-13 01:45:00+00:00,15.369999885559082,15.399999618530273,15.369999885559082,15.399999618530273,67377,0.0,0.0,0.0
2025-11-13 01:50:00+00:00,15.399999618530273,15.399999618530273,15.399999618530273,15.399999618530273,31200,0.0,0.0,0.0
2025-11-13 01:55:00+00:00,15.40999984741211,15.430000305175781,15.40999984741211,15.430000305175781,15109,0.0,0.0,0.0
2025-11-13 02:00:00+00:00,15.4399995803833,15.449999809265137,15.4399995803833,15.449999809265137,17111,0.0,0.0,0.0
2025-11-13 02:10:00+00:00,15.40999984741211,15.40999984741211,15.40999984741211,15.40999984741211,2000,0.0,0.0,0.0
2025-11-13 02:15:00+00:00,15.40999984741211,15.4399995803833,15.40999984741211,15.4399995803833,21010,0.0,0.0,0.0
2025-11-13 02:25:00+00:00,15.4399995803833,15.4399995803833,15.4399995803833,15.4399995803833,1000,0.0,0.0,0.0
2025-11-13 02:30:00+00:00,15.4399995803833,15.449999809265137,15.430000305175781,15.430000305175781,36000,0.0,0.0,0.0
2025-11-13 02:35:00+00:00,15.430000305175781,15.4399995803833,15.430000305175781,15.4399995803833,11000,0.0,0.0,0.0
2025-11-13 02:40:00+00:00,15.430000305175781,15.430000305175781,15.420000076293945,15.420000076293945,11010,0.0,0.0,0.0
2025-11-13 02:45:00+00:00,15.430000305175781,15.430000305175781,15.430000305175781,15.430000305175781,1600,0.0,0.0,0.0
2025-11-13 02:50:00+00:00,15.430000305175781,15.430000305175781,15.420000076293945,15.420000076293945,39000,0.0,0.0,0.0
2025-11-13 02:55:00+00:00,15.420000076293945,15.420000076293945,15.420000076293945,15.420000076293945,5000,0.0,0.0,0.0
2025-11-13 03:00:00+00:00,15.420000076293945,15.430000305175781,15.420000076293945,15.430000305175781,103100,0.0,0.0,0.0
2025-11-13 03:05:00+00:00,15.430000305175781,15.430000305175781,15.430000305175781,15.430000305175781,0,0.0,0.0,0.0
2025-11-13 03:15:00+00:00,15.420000076293945,15.420000076293945,15.420000076293945,15.420000076293945,6207,0.0,0.0,0.0
2025-11-13 03:35:00+00:00,15.399999618530273,15.399999618530273,15.399999618530273,15.399999618530273,50000,0.0,0.0,0.0
2025-11-13 03:40:00+00:00,15.40999984741211,15.40999984741211,15.40999984741211,15.40999984741211,11000,0.0,0.0,0.0
2025-11-13 03:55:00+00:00,15.40999984741211,15.40999984741211,15.399999618530273,15.399999618530273,5000,0.0,0.0,0.0
2025-11-13 04:00:00+00:00,15.399999618530273,15.399999618530273,15.399999618530273,15.399999618530273,2100,0.0,0.0,0.0
2025-11-13 04:05:00+00:00,15.40999984741211,15.40999984741211,15.40999984741211,15.40999984741211,1000,0.0,0.0,0.0
2025-11-13 04:10:00+00:00,15.40999984741211,15.40999984741211,15.40999984741211,15.40999984741211,4105,0.0,0.0,0.0
2025-11-13 04:15:00+00:00,15.399999618530273,15.399999618530273,15.399999618530273,15.399999618530273,5090,0.0,0.0,0.0
2025-11-13 04:25:00+00:00,15.40999984741211,15.40999984741211,15.40999984741211,15.40999984741211,2455,0.0,0.0,0.0
2025-11-13 04:40:00+00:00,15.399999618530273,15.399999618530273,15.399999618530273,15.399999618530273,6100,0.0,0.0,0.0
2025-11-13 04:45:00+00:00,15.399999618530273,15.399999618530273,15.399999618530273,15.399999618530273,2160,0.0,0.0,0.0
2025-11-13 04:50:00+00:00,15.399999618530273,15.399999618530273,15.399999618530273,15.399999618530273,2077,0.0,0.0,0.0
2025-11-13 04:55:00+00:00,15.40999984741211,15.40999984741211,15.40999984741211,15.40999984741211,9005,0.0,0.0,0.0
2025-11-13 05:00:00+00:00,15.390000343322754,15.390000343322754,15.390000343322754,15.390000343322754,8000,0.0,0.0,0.0
2025-11-13 05:05:00+00:00,15.399999618530273,15.399999618530273,15.399999618530273,15.399999618530273,15100,0.0,0.0,0.0
2025-11-13 05:10:00+00:00,15.399999618530273,15.40999984741211,15.399999618530273,15.40999984741211,6354,0.0,0.0,0.0
2025-11-13 05:15:00+00:00,15.420000076293945,15.420000076293945,15.420000076293945,15.420000076293945,3000,0.0,0.0,0.0
2025-11-13 05:20:00+00:00,15.40999984741211,15.420000076293945,15.40999984741211,15.420000076293945,74473,0.0,0.0,0.0
2025-11-14 01:00:00+00:00,15.319999694824219,15.319999694824219,15.3100004196167,15.3100004196167,0,0.0,0.0,0.0
2025-11-14 01:05:00+00:00,15.369999885559082,15.399999618530273,15.369999885559082,15.399999618530273,104000,0.0,0.0,0.0
2025-11-14 01:10:00+00:00,15.399999618530273,15.399999618530273,15.399999618530273,15.399999618530273,7695,0.0,0.0,0.0
2025-11-14 01:15:00+00:00,15.399999618530273,15.40999984741211,15.399999618530273,15.40999984741211,5470,0.0,0.0,0.0
2025-11-14 01:20:00+00:00,15.420000076293945,15.449999809265137,15.420000076293945,15.449999809265137,31109,0.0,0.0,0.0
2025-11-14 01:25:00+00:00,15.430000305175781,15.430000305175781,15.430000305175781,15.430000305175781,2000,0.0,0.0,0.0
2025-11-14 01:30:00+00:00,15.430000305175781,15.430000305175781,15.430000305175781,15.430000305175781,9153,0.0,0.0,0.0
2025-11-14 01:35:00+00:00,15.430000305175781,15.449999809265137,15.430000305175781,15.449999809265137,28200,0.0,0.0,0.0
2025-11-14 01:40:00+00:00,15.4399995803833,15.4399995803833,15.4399995803833,15.4399995803833,1000,0.0,0.0,0.0
2025-11-14 01:45:00+00:00,15.420000076293945,15.420000076293945,15.399999618530273,15.399999618530273,59000,0.0,0.0,0.0
2025-11-14 01:50:00+00:00,15.420000076293945,15.430000305175781,15.420000076293945,15.430000305175781,63100,0.0,0.0,0.0
2025-11-14 02:00:00+00:00,15.430000305175781,15.430000305175781,15.430000305175781,15.430000305175781,2258,0.0,0.0,0.0
2025-11-14 02:10:00+00:00,15.430000305175781,15.4399995803833,15.430000305175781,15.4399995803833,36000,0.0,0.0,0.0
2025-11-14 02:15:00+00:00,15.4399995803833,15.4399995803833,15.4399995803833,15.4399995803833,12114,0.0,0.0,0.0
2025-11-14 02:35:00+00:00,15.4399995803833,15.4399995803833,15.4399995803833,15.4399995803833,13100,0.0,0.0,0.0
2025-11-14 02:45:00+00:00,15.4399995803833,15.449999809265137,15.4399995803833,15.449999809265137,77000,0.0,0.0,0.0
2025-11-14 02:50:00+00:00,15.449999809265137,15.449999809265137,15.449999809265137,15.449999809265137,1200,0.0,0.0,0.0
2025-11-14 02:55:00+00:00,15.460000038146973,15.460000038146973,15.460000038146973,15.460000038146973,10278,0.0,0.0,0.0
2025-11-14 03:15:00+00:00,15.460000038146973,15.460000038146973,15.460000038146973,15.460000038146973,70000,0.0,0.0,0.0
2025-11-14 03:20:00+00:00,15.4399995803833,15.4399995803833,15.4399995803833,15.4399995803833,15317,0.0,0.0,0.0
2025-11-14 03:40:00+00:00,15.40999984741211,15.40999984741211,15.40999984741211,15.40999984741211,3005,0.0,0.0,0.0
2025-11-14 03:50:00+00:00,15.4399995803833,15.4399995803833,15.4399995803833,15.4399995803833,2145,0.0,0.0,0.0
2025-11-14 03:55:00+00:00,15.430000305175781,15.430000305175781,15.430000305175781,15.430000305175781,25000,0.0,0.0,0.0
2025-11-14 04:10:00+00:00,15.420000076293945,15.420000076293945,15.40999984741211,15.40999984741211,7401,0.0,0.0,0.0
2025-11-14 04:20:00+00:00,15.399999618530273,15.399999618530273,15.399999618530273,15.399999618530273,5000,0.0,0.0,0.0
2025-11-14 04:25:00+00:00,15.380000114440918,15.380000114440918,15.380000114440918,15.380000114440918,6327,0.0,0.0,0.0
2025-11-14 04:30:00+00:00,15.380000114440918,15.380000114440918,15.380000114440918,15.380000114440918,1000,0.0,0.0,0.0
2025-11-14 04:35:00+00:00,15.369999885559082,15.369999885559082,15.369999885559082,15.369999885559082,202340,0.0,0.0,0.0
2025-11-14 04:40:00+00:00,15.369999885559082,15.369999885559082,15.369999885559082,15.369999885559082,85000,0.0,0.0,0.0
2025-11-14 04:45:00+00:00,15.369999885559082,15.369999885559082,15.350000381469727,15.350000381469727,20909,0.0,0.0,0.0
2025-11-14 04:55:00+00:00,15.350000381469727,15.350000381469727,15.34000015258789,15.34000015258789,2834,0.0,0.0,0.0
2025-11-14 05:05:00+00:00,15.34000015258789,15.350000381469727,15.329999923706055,15.350000381469727,4327,0.0,0.0,0.0
2025-11-14 05:10:00+00:00,15.350000381469727,15.350000381469727,15.350000381469727,15.350000381469727,2032,0.0,0.0,0.0
2025-11-14 05:15:00+00:00,15.329999923706055,15.329999923706055,15.319999694824219,15.319999694824219,11785,0.0,0.0,0.0
2025-11-14 05:20:00+00:00,15.319999694824219,15.319999694824219,15.319999694824219,15.319999694824219,2150,0.0,0.0,0.0
2025-11-17 01:00:00+00:00,15.25,15.25,15.199999809265137,15.199999809265137,0,0.0,0.0,0.0
2025-11-17 01:05:00+00:00,15.1899995803833,15.1899995803833,15.1899995803833,15.1899995803833,13969,0.0,0.0,0.0
2025-11-17 01:10:00+00:00,15.1899995803833,15.199999809265137,15.180000305175781,15.1899995803833,41980,0.0,0.0,0.0
2025-11-17 01:15:00+00:00,15.199999809265137,15.229999542236328,15.199999809265137,15.229999542236328,4311,0.0,0.0,0.0
2025-11-17 01:20:00+00:00,15.220000267028809,15.220000267028809,15.220000267028809,15.220000267028809,4450,0.0,0.0,0.0
2025-11-17 01:25:00+00:00,15.210000038146973,15.210000038146973,15.210000038146973,15.210000038146973,1515,0.0,0.0,0.0
2025-11-17 01:30:00+00:00,15.220000267028809,15.239999771118164,15.199999809265137,15.199999809265137,41901,0.0,0.0,0.0
2025-11-17 01:40:00+00:00,15.199999809265137,15.199999809265137,15.199999809265137,15.199999809265137,6120,0.0,0.0,0.0
2025-11-17 01:45:00+00:00,15.199999809265137,15.210000038146973,15.199999809265137,15.210000038146973,8100,0.0,0.0,0.0
2025-11-17 01:50:00+00:00,15.210000038146973,15.220000267028809,15.210000038146973,15.220000267028809,3123,0.0,0.0,0.0
2025-11-17 01:55:00+00:00,15.210000038146973,15.210000038146973,15.199999809265137,15.199999809265137,2332,0.0,0.0,0.0
2025-11-17 02:00:00+00:00,15.220000267028809,15.220000267028809,15.220000267028809,15.220000267028809,2100,0.0,0.0,0.0
2025-11-17 02:05:00+00:00,15.220000267028809,15.229999542236328,15.220000267028809,15.229999542236328,7238,0.0,0.0,0.0
2025-11-17 02:10:00+00:00,15.229999542236328,15.229999542236328,15.229999542236328,15.229999542236328,3000,0.0,0.0,0.0
2025-11-17 02:15:00+00:00,15.25,15.25,15.25,15.25,3229,0.0,0.0,0.0
2025-11-17 02:20:00+00:00,15.239999771118164,15.239999771118164,15.239999771118164,15.239999771118164,50000,0.0,0.0,0.0
2025-11-17 02:25:00+00:00,15.229999542236328,15.229999542236328,15.229999542236328,15.229999542236328,1209,0.0,0.0,0.0
2025-11-17 02:30:00+00:00,15.229999542236328,15.229999542236328,15.229999542236328,15.229999542236328,19000,0.0,0.0,0.0
2025-11-17 02:35:00+00:00,15.220000267028809,15.220000267028809,15.220000267028809,15.220000267028809,60017,0.0,0.0,0.0
2025-11-17 02:40:00+00:00,15.239999771118164,15.239999771118164,15.239999771118164,15.239999771118164,23000,0.0,0.0,0.0
2025-11-17 02:45:00+00:00,15.25,15.25,15.25,15.25,20050,0.0,0.0,0.0
2025-11-17 02:50:00+00:00,15.25,15.260000228881836,15.25,15.260000228881836,19218,0.0,0.0,0.0
2025-11-17 03:00:00+00:00,15.270000457763672,15.279999732971191,15.270000457763672,15.279999732971191,3007,0.0,0.0,0.0
2025-11-17 03:05:00+00:00,15.279999732971191,15.279999732971191,15.279999732971191,15.279999732971191,5005,0.0,0.0,0.0
2025-11-17 03:15:00+00:00,15.260000228881836,15.260000228881836,15.25,15.25,8174,0.0,0.0,0.0
2025-11-17 03:40:00+00:00,15.239999771118164,15.239999771118164,15.239999771118164,15.239999771118164,1135,0.0,0.0,0.0
2025-11-17 03:55:00+00:00,15.25,15.25,15.25,15.25,3080,0.0,0.0,0.0
2025-11-17 04:00:00+00:00,15.239999771118164,15.239999771118164,15.229999542236328,15.229999542236328,5018,0.0,0.0,0.0
2025-11-17 04:05:00+00:00,15.25,15.25,15.25,15.25,28800,0.0,0.0,0.0
2025-11-17 04:15:00+00:00,15.25,15.25,15.25,15.25,2068,0.0,0.0,0.0
2025-11-17 04:25:00+00:00,15.229999542236328,15.229999542236328,15.229999542236328,15.229999542236328,35691,0.0,0.0,0.0
2025-11-17 04:40:00+00:00,15.220000267028809,15.220000267028809,15.220000267028809,15.220000267028809,1622,0.0,0.0,0.0
2025-11-17 04:45:00+00:00,15.220000267028809,15.220000267028809,15.220000267028809,15.220000267028809,9118,0.0,0.0,0.0
2025-11-17 04:50:00+00:00,15.220000267028809,15.220000267028809,15.220000267028809,15.220000267028809,2550,0.0,0.0,0.0
2025-11-17 05:05:00+00:00,15.220000267028809,15.220000267028809,15.220000267028809,15.220000267028809,2280,0.0,0.0,0.0
2025-11-17 05:10:00+00:00,15.229999542236328,15.229999542236328,15.220000267028809,15.220000267028809,3613,0.0,0.0,0.0
2025-11-17 05:15:00+00:00,15.220000267028809,15.220000267028809,15.220000267028809,15.220000267028809,1526,0.0,0.0,0.0
2025-11-17 05:20:00+00:00,15.220000267028809,15.220000267028809,15.220000267028809,15.220000267028809,1225,0.0,0.0,0.0
2025-11-18 01:00:00+00:00,15.149999618530273,15.149999618530273,15.119999885559082,15.119999885559082,0,0.0,0.0,0.0
2025-11-18 01:05:00+00:00,15.140000343322754,15.15999984741211,15.140000343322754,15.140000343322754,8000,0.0,0.0,0.0
2025-11-18 01:10:00+00:00,15.130000114440918,15.130000114440918,15.119999885559082,15.119999885559082,21582,0.0,0.0,0.0
2025-11-18 01:15:00+00:00,15.100000381469727,15.130000114440918,15.100000381469727,15.130000114440918,67036,0.0,0.0,0.0
2025-11-18 01:20:00+00:00,15.130000114440918,15.130000114440918,15.130000114440918,15.130000114440918,2210,0.0,0.0,0.0
2025-11-18 01:25:00+00:00,15.130000114440918,15.130000114440918,15.109999656677246,15.109999656677246,10235,0.0,0.0,0.0
2025-11-18 01:35:00+00:00,15.119999885559082,15.119999885559082,15.119999885559082,15.119999885559082,168807,0.0,0.0,0.0
2025-11-18 01:40:00+00:00,15.130000114440918,15.130000114440918,15.130000114440918,15.130000114440918,100007,0.0,0.0,0.0
2025-11-18 01:45:00+00:00,15.140000343322754,15.149999618530273,15.140000343322754,15.149999618530273,218200,0.0,0.0,0.0
2025-11-18 01:55:00+00:00,15.149999618530273,15.15999984741211,15.149999618530273,15.15999984741211,102100,0.0,0.0,0.0
2025-11-18 02:00:00+00:00,15.149999618530273,15.149999618530273,15.149999618530273,15.149999618530273,3038,0.0,0.0,0.0
2025-11-18 02:05:00+00:00,15.140000343322754,15.140000343322754,15.140000343322754,15.140000343322754,50173,0.0,0.0,0.0
2025-11-18 02:15:00+00:00,15.130000114440918,15.140000343322754,15.130000114440918,15.140000343322754,14094,0.0,0.0,0.0
2025-11-18 02:20:00+00:00,15.119999885559082,15.119999885559082,15.119999885559082,15.119999885559082,1000,0.0,0.0,0.0
2025-11-18 02:25:00+00:00,15.109999656677246,15.109999656677246,15.109999656677246,15.109999656677246,104931,0.0,0.0,0.0
2025-11-18 02:30:00+00:00,15.100000381469727,15.100000381469727,15.09000015258789,15.09000015258789,39109,0.0,0.0,0.0
2025-11-18 02:35:00+00:00,15.079999923706055,15.079999923706055,15.079999923706055,15.079999923706055,23097,0.0,0.0,0.0
2025-11-18 02:40:00+00:00,15.069999694824219,15.069999694824219,15.069999694824219,15.069999694824219,10103,0.0,0.0,0.0
2025-11-18 02:45:00+00:00,15.0600004196167,15.0600004196167,15.050000190734863,15.050000190734863,20644,0.0,0.0,0.0
2025-11-18 02:50:00+00:00,15.0600004196167,15.0600004196167,15.0600004196167,15.0600004196167,7259,0.0,0.0,0.0
2025-11-18 02:55:00+00:00,15.050000190734863,15.050000190734863,15.029999732971191,15.039999961853027,10669,0.0,0.0,0.0
2025-11-18 03:00:00+00:00,15.029999732971191,15.029999732971191,15.020000457763672,15.020000457763672,7779,0.0,0.0,0.0
2025-11-18 03:05:00+00:00,15.029999732971191,15.029999732971191,15.029999732971191,15.029999732971191,13093,0.0,0.0,0.0
2025-11-18 03:10:00+00:00,15.039999961853027,15.039999961853027,15.039999961853027,15.039999961853027,6271,0.0,0.0,0.0
2025-11-18 03:20:00+00:00,15.039999961853027,15.050000190734863,15.039999961853027,15.050000190734863,8100,0.0,0.0,0.0
2025-11-18 03:25:00+00:00,15.039999961853027,15.039999961853027,15.020000457763672,15.020000457763672,21517,0.0,0.0,0.0
2025-11-18 03:30:00+00:00,15.020000457763672,15.020000457763672,15.020000457763672,15.020000457763672,2999,0.0,0.0,0.0
2025-11-18 03:35:00+00:00,15.020000457763672,15.020000457763672,15.020000457763672,15.020000457763672,7100,0.0,0.0,0.0
2025-11-18 03:40:00+00:00,15.020000457763672,15.020000457763672,15.0,15.0,44277,0.0,0.0,0.0
2025-11-18 03:45:00+00:00,15.010000228881836,15.010000228881836,15.010000228881836,15.010000228881836,1000,0.0,0.0,0.0
2025-11-18 03:50:00+00:00,15.010000228881836,15.010000228881836,15.010000228881836,15.010000228881836,1044,0.0,0.0,0.0
2025-11-18 03:55:00+00:00,15.010000228881836,15.020000457763672,15.010000228881836,15.020000457763672,2000,0.0,0.0,0.0
2025-11-18 04:00:00+00:00,15.020000457763672,15.020000457763672,15.010000228881836,15.010000228881836,3289,0.0,0.0,0.0
2025-11-18 04:10:00+00:00,15.010000228881836,15.010000228881836,15.0,15.0,45100,0.0,0.0,0.0
2025-11-18 04:15:00+00:00,15.0,15.0,14.989999771118164,14.989999771118164,16307,0.0,0.0,0.0
2025-11-18 04:20:00+00:00,14.989999771118164,14.989999771118164,14.989999771118164,14.989999771118164,3244,0.0,0.0,0.0
2025-11-18 04:25:00+00:00,14.989999771118164,14.989999771118164,14.979999542236328,14.989999771118164,23200,0.0,0.0,0.0
2025-11-18 04:30:00+00:00,14.979999542236328,14.979999542236328,14.979999542236328,14.979999542236328,17593,0.0,0.0,0.0
2025-11-18 04:35:00+00:00,14.979999542236328,14.989999771118164,14.979999542236328,14.989999771118164,10200,0.0,0.0,0.0
2025-11-18 04:40:00+00:00,14.989999771118164,14.989999771118164,14.989999771118164,14.989999771118164,11000,0.0,0.0,0.0
2025-11-18 04:45:00+00:00,14.979999542236328,14.979999542236328,14.970000267028809,14.970000267028809,14270,0.0,0.0,0.0
2025-11-18 04:50:00+00:00,14.979999542236328,14.979999542236328,14.979999542236328,14.979999542236328,12080,0.0,0.0,0.0
2025-11-18 04:55:00+00:00,14.979999542236328,14.979999542236328,14.979999542236328,14.979999542236328,21619,0.0,0.0,0.0
2025-11-18 05:00:00+00:00,14.979999542236328,14.979999542236328,14.979999542236328,14.979999542236328,3100,0.0,0.0,0.0
2025-11-18 05:05:00+00:00,14.979999542236328,14.979999542236328,14.970000267028809,14.970000267028809,4206,0.0,0.0,0.0
2025-11-18 05:10:00+00:00,14.979999542236328,14.979999542236328,14.979999542236328,14.979999542236328,97000,0.0,0.0,0.0
2025-11-18 05:15:00+00:00,14.979999542236328,15.0,14.979999542236328,15.0,103245,0.0,0.0,0.0
2025-11-18 05:20:00+00:00,15.0,15.0,15.0,15.0,2259,0.0,0.0,0.0
2025-11-19 01:00:00+00:00,15.010000228881836,15.079999923706055,15.010000228881836,15.079999923706055,0,0.0,0.0,0.0
2025-11-19 01:05:00+00:00,15.069999694824219,15.069999694824219,15.039999961853027,15.039999961853027,103676,0.0,0.0,0.0
2025-11-19 01:10:00+00:00,15.010000228881836,15.010000228881836,15.010000228881836,15.010000228881836,1000,0.0,0.0,0.0
2025-11-19 01:15:00+00:00,15.020000457763672,15.020000457763672,15.020000457763672,15.020000457763672,9044,0.0,0.0,0.0
2025-11-19 01:20:00+00:00,15.020000457763672,15.039999961853027,15.020000457763672,15.039999961853027,8000,0.0,0.0,0.0
2025-11-19 01:25:00+00:00,15.029999732971191,15.029999732971191,15.029999732971191,15.029999732971191,1000,0.0,0.0,0.0
2025-11-19 01:30:00+00:00,15.029999732971191,15.029999732971191,15.020000457763672,15.020000457763672,4837,0.0,0.0,0.0
2025-11-19 01:35:00+00:00,15.020000457763672,15.020000457763672,15.020000457763672,15.020000457763672,131000,0.0,0.0,0.0
2025-11-19 01:40:00+00:00,15.039999961853027,15.039999961853027,15.039999961853027,15.039999961853027,102120,0.0,0.0,0.0
2025-11-19 01:45:00+00:00,15.039999961853027,15.039999961853027,15.039999961853027,15.039999961853027,101080,0.0,0.0,0.0
2025-11-19 01:50:00+00:00,15.020000457763672,15.020000457763672,15.010000228881836,15.010000228881836,4000,0.0,0.0,0.0
2025-11-19 01:55:00+00:00,15.020000457763672,15.020000457763672,15.020000457763672,15.020000457763672,1050,0.0,0.0,0.0
2025-11-19 02:00:00+00:00,15.039999961853027,15.0600004196167,15.039999961853027,15.0600004196167,28365,0.0,0.0,0.0
2025-11-19 02:05:00+00:00,15.09000015258789,15.09000015258789,15.09000015258789,15.09000015258789,6100,0.0,0.0,0.0
2025-11-19 02:10:00+00:00,15.100000381469727,15.100000381469727,15.100000381469727,15.100000381469727,4390,0.0,0.0,0.0
2025-11-19 02:15:00+00:00,15.109999656677246,15.109999656677246,15.109999656677246,15.109999656677246,1050,0.0,0.0,0.0
2025-11-19 02:20:00+00:00,15.09000015258789,15.09000015258789,15.09000015258789,15.09000015258789,3000,0.0,0.0,0.0
2025-11-19 02:25:00+00:00,15.100000381469727,15.100000381469727,15.09000015258789,15.09000015258789,4000,0.0,0.0,0.0
2025-11-19 02:30:00+00:00,15.100000381469727,15.100000381469727,15.100000381469727,15.100000381469727,1170,0.0,0.0,0.0
2025-11-19 02:40:00+00:00,15.09000015258789,15.09000015258789,15.09000015258789,15.09000015258789,2020,0.0,0.0,0.0
2025-11-19 02:45:00+00:00,15.09000015258789,15.09000015258789,15.09000015258789,15.09000015258789,1000,0.0,0.0,0.0
2025-11-19 02:50:00+00:00,15.079999923706055,15.079999923706055,15.069999694824219,15.069999694824219,4000,0.0,0.0,0.0
2025-11-19 02:55:00+00:00,15.069999694824219,15.069999694824219,15.069999694824219,15.069999694824219,3000,0.0,0.0,0.0
2025-11-19 03:00:00+00:00,15.079999923706055,15.079999923706055,15.069999694824219,15.069999694824219,51095,0.0,0.0,0.0
2025-11-19 03:10:00+00:00,15.0600004196167,15.0600004196167,15.0600004196167,15.0600004196167,5000,0.0,0.0,0.0
2025-11-19 03:15:00+00:00,15.039999961853027,15.039999961853027,15.029999732971191,15.029999732971191,202018,0.0,0.0,0.0
2025-11-19 03:20:00+00:00,15.029999732971191,15.029999732971191,15.010000228881836,15.010000228881836,7040,0.0,0.0,0.0
2025-11-19 03:25:00+00:00,15.020000457763672,15.020000457763672,15.020000457763672,15.020000457763672,102000,0.0,0.0,0.0
2025-11-19 03:30:00+00:00,15.020000457763672,15.020000457763672,15.020000457763672,15.020000457763672,1300,0.0,0.0,0.0
2025-11-19 03:40:00+00:00,15.010000228881836,15.010000228881836,15.010000228881836,15.010000228881836,59166,0.0,0.0,0.0
2025-11-19 03:50:00+00:00,15.0,15.0,15.0,15.0,26874,0.0,0.0,0.0
2025-11-19 04:10:00+00:00,15.0,15.0,15.0,15.0,79000,0.0,0.0,0.0
2025-11-19 04:15:00+00:00,15.010000228881836,15.020000457763672,15.010000228881836,15.020000457763672,17008,0.0,0.0,0.0
2025-11-19 04:20:00+00:00,15.020000457763672,15.029999732971191,15.020000457763672,15.029999732971191,21007,0.0,0.0,0.0
2025-11-19 04:25:00+00:00,15.039999961853027,15.039999961853027,15.039999961853027,15.039999961853027,22060,0.0,0.0,0.0
2025-11-19 04:30:00+00:00,15.039999961853027,15.039999961853027,15.039999961853027,15.039999961853027,1517,0.0,0.0,0.0
2025-11-19 04:45:00+00:00,15.020000457763672,15.020000457763672,15.020000457763672,15.020000457763672,99127,0.0,0.0,0.0
2025-11-19 04:50:00+00:00,15.020000457763672,15.029999732971191,15.020000457763672,15.029999732971191,5000,0.0,0.0,0.0
2025-11-19 04:55:00+00:00,15.029999732971191,15.029999732971191,15.029999732971191,15.029999732971191,1060,0.0,0.0,0.0
2025-11-19 05:10:00+00:00,15.029999732971191,15.029999732971191,15.029999732971191,15.029999732971191,1206,0.0,0.0,0.0
2025-11-19 05:15:00+00:00,15.029999732971191,15.029999732971191,15.029999732971191,15.029999732971191,13650,0.0,0.0,0.0
2025-11-20 01:00:00+00:00,15.130000114440918,15.130000114440918,15.130000114440918,15.130000114440918,0,0.0,0.0,0.0
2025-11-20 01:05:00+00:00,15.149999618530273,15.149999618530273,15.149999618530273,15.149999618530273,1784,0.0,0.0,0.0
2025-11-20 01:10:00+00:00,15.149999618530273,15.149999618530273,15.149999618530273,15.149999618530273,2000,0.0,0.0,0.0
2025-11-20 01:15:00+00:00,15.149999618530273,15.170000076293945,15.149999618530273,15.170000076293945,7019,0.0,0.0,0.0
2025-11-20 01:20:00+00:00,15.149999618530273,15.149999618530273,15.149999618530273,15.149999618530273,2277,0.0,0.0,0.0
2025-11-20 01:25:00+00:00,15.15999984741211,15.15999984741211,15.15999984741211,15.15999984741211,2107,0.0,0.0,0.0
2025-11-20 01:35:00+00:00,15.15999984741211,15.15999984741211,15.149999618530273,15.149999618530273,11024,0.0,0.0,0.0
2025-11-20 01:40:00+00:00,15.15999984741211,15.170000076293945,15.15999984741211,15.170000076293945,24000,0.0,0.0,0.0
2025-11-20 01:45:00+00:00,15.170000076293945,15.170000076293945,15.170000076293945,15.170000076293945,10130,0.0,0.0,0.0
2025-11-20 01:50:00+00:00,15.149999618530273,15.149999618530273,15.130000114440918,15.130000114440918,4126,0.0,0.0,0.0
2025-11-20 01:55:00+00:00,15.130000114440918,15.130000114440918,15.130000114440918,15.130000114440918,8359,0.0,0.0,0.0
2025-11-20 02:00:00+00:00,15.130000114440918,15.130000114440918,15.130000114440918,15.130000114440918,1100,0.0,0.0,0.0
2025-11-20 02:05:00+00:00,15.130000114440918,15.130000114440918,15.109999656677246,15.109999656677246,5120,0.0,0.0,0.0
2025-11-20 02:10:00+00:00,15.100000381469727,15.100000381469727,15.100000381469727,15.100000381469727,5060,0.0,0.0,0.0
2025-11-20 02:15:00+00:00,15.09000015258789,15.109999656677246,15.09000015258789,15.109999656677246,62060,0.0,0.0,0.0
2025-11-20 02:30:00+00:00,15.09000015258789,15.09000015258789,15.09000015258789,15.09000015258789,2020,0.0,0.0,0.0
2025-11-20 02:45:00+00:00,15.09000015258789,15.09000015258789,15.09000015258789,15.09000015258789,1150,0.0,0.0,0.0
2025-11-20 02:55:00+00:00,15.09000015258789,15.09000015258789,15.09000015258789,15.09000015258789,2100,0.0,0.0,0.0
2025-11-20 03:00:00+00:00,15.079999923706055,15.079999923706055,15.079999923706055,15.079999923706055,7100,0.0,0.0,0.0
2025-11-20 03:15:00+00:00,15.09000015258789,15.09000015258789,15.09000015258789,15.09000015258789,1001,0.0,0.0,0.0
2025-11-20 03:20:00+00:00,15.109999656677246,15.109999656677246,15.100000381469727,15.100000381469727,29104,0.0,0.0,0.0
2025-11-20 03:35:00+00:00,15.109999656677246,15.109999656677246,15.109999656677246,15.109999656677246,5155,0.0,0.0,0.0
2025-11-20 03:55:00+00:00,15.119999885559082,15.119999885559082,15.119999885559082,15.119999885559082,54109,0.0,0.0,0.0
2025-11-20 04:05:00+00:00,15.119999885559082,15.119999885559082,15.119999885559082,15.119999885559082,1000,0.0,0.0,0.0
2025-11-20 04:10:00+00:00,15.119999885559082,15.119999885559082,15.119999885559082,15.119999885559082,27246,0.0,0.0,0.0
2025-11-20 04:20:00+00:00,15.119999885559082,15.119999885559082,15.119999885559082,15.119999885559082,1100,0.0,0.0,0.0
2025-11-20 04:30:00+00:00,15.119999885559082,15.119999885559082,15.119999885559082,15.119999885559082,72750,0.0,0.0,0.0
2025-11-20 04:40:00+00:00,15.119999885559082,15.119999885559082,15.119999885559082,15.119999885559082,22005,0.0,0.0,0.0
2025-11-20 04:50:00+00:00,15.109999656677246,15.109999656677246,15.109999656677246,15.109999656677246,5184,0.0,0.0,0.0
2025-11-20 05:00:00+00:00,15.119999885559082,15.119999885559082,15.119999885559082,15.119999885559082,1000,0.0,0.0,0.0
2025-11-20 05:05:00+00:00,15.130000114440918,15.130000114440918,15.130000114440918,15.130000114440918,4000,0.0,0.0,0.0
2025-11-20 05:10:00+00:00,15.119999885559082,15.119999885559082,15.119999885559082,15.119999885559082,6490,0.0,0.0,0.0
2025-11-21 01:00:00+00:00,15.079999923706055,15.079999923706055,15.079999923706055,15.079999923706055,0,0.0,0.0,0.0
2025-11-21 01:05:00+00:00,15.020000457763672,15.069999694824219,15.020000457763672,15.069999694824219,9474,0.0,0.0,0.0
2025-11-21 01:10:00+00:00,15.109999656677246,15.109999656677246,15.109999656677246,15.109999656677246,7209,0.0,0.0,0.0
2025-11-21 01:15:00+00:00,15.119999885559082,15.119999885559082,15.100000381469727,15.100000381469727,19140,0.0,0.0,0.0
2025-11-21 01:20:00+00:00,15.069999694824219,15.069999694824219,15.0600004196167,15.0600004196167,12065,0.0,0.0,0.0
2025-11-21 01:25:00+00:00,15.0600004196167,15.0600004196167,15.0600004196167,15.0600004196167,1000,0.0,0.0,0.0
2025-11-21 01:30:00+00:00,15.0600004196167,15.069999694824219,15.0600004196167,15.069999694824219,6100,0.0,0.0,0.0
2025-11-21 01:35:00+00:00,15.0600004196167,15.069999694824219,15.0600004196167,15.069999694824219,75205,0.0,0.0,0.0
2025-11-21 01:40:00+00:00,15.069999694824219,15.069999694824219,15.069999694824219,15.069999694824219,9115,0.0,0.0,0.0
2025-11-21 01:45:00+00:00,15.079999923706055,15.079999923706055,15.069999694824219,15.069999694824219,10000,0.0,0.0,0.0
2025-11-21 01:50:00+00:00,15.079999923706055,15.079999923706055,15.079999923706055,15.079999923706055,21100,0.0,0.0,0.0
2025-11-21 02:00:00+00:00,15.069999694824219,15.069999694824219,15.069999694824219,15.069999694824219,2000,0.0,0.0,0.0
2025-11-21 02:05:00+00:00,15.0600004196167,15.0600004196167,15.050000190734863,15.050000190734863,12152,0.0,0.0,0.0
2025-11-21 02:10:00+00:00,15.050000190734863,15.050000190734863,15.020000457763672,15.020000457763672,73334,0.0,0.0,0.0
2025-11-21 02:15:00+00:00,15.020000457763672,15.039999961853027,15.020000457763672,15.039999961853027,13050,0.0,0.0,0.0
2025-11-21 02:20:00+00:00,15.020000457763672,15.020000457763672,15.020000457763672,15.020000457763672,1000,0.0,0.0,0.0
2025-11-21 02:25:00+00:00,15.029999732971191,15.029999732971191,15.029999732971191,15.029999732971191,31149,0.0,0.0,0.0
2025-11-21 02:35:00+00:00,15.029999732971191,15.039999961853027,15.029999732971191,15.039999961853027,3855,0.0,0.0,0.0
2025-11-21 02:45:00+00:00,15.029999732971191,15.039999961853027,15.020000457763672,15.020000457763672,34060,0.0,0.0,0.0
2025-11-21 03:00:00+00:00,15.020000457763672,15.020000457763672,15.020000457763672,15.020000457763672,8687,0.0,0.0,0.0
2025-11-21 03:10:00+00:00,15.010000228881836,15.020000457763672,15.010000228881836,15.020000457763672,3000,0.0,0.0,0.0
2025-11-21 03:15:00+00:00,15.020000457763672,15.020000457763672,15.020000457763672,15.020000457763672,1000,0.0,0.0,0.0
2025-11-21 03:20:00+00:00,15.010000228881836,15.010000228881836,15.010000228881836,15.010000228881836,4000,0.0,0.0,0.0
2025-11-21 03:25:00+00:00,15.010000228881836,15.010000228881836,15.010000228881836,15.010000228881836,1170,0.0,0.0,0.0
2025-11-21 03:30:00+00:00,15.010000228881836,15.010000228881836,15.010000228881836,15.010000228881836,1000,0.0,0.0,0.0
2025-11-21 03:35:00+00:00,15.010000228881836,15.039999961853027,15.010000228881836,15.039999961853027,8001,0.0,0.0,0.0
2025-11-21 03:40:00+00:00,15.039999961853027,15.039999961853027,15.039999961853027,15.039999961853027,7000,0.0,0.0,0.0
2025-11-21 03:50:00+00:00,15.039999961853027,15.039999961853027,15.039999961853027,15.039999961853027,2000,0.0,0.0,0.0
2025-11-21 04:00:00+00:00,15.039999961853027,15.039999961853027,15.039999961853027,15.039999961853027,1000,0.0,0.0,0.0
2025-11-21 04:05:00+00:00,15.029999732971191,15.029999732971191,15.029999732971191,15.029999732971191,7040,0.0,0.0,0.0
2025-11-21 04:10:00+00:00,15.029999732971191,15.029999732971191,15.020000457763672,15.020000457763672,2000,0.0,0.0,0.0
2025-11-21 04:15:00+00:00,15.020000457763672,15.020000457763672,15.020000457763672,15.020000457763672,1000,0.0,0.0,0.0
2025-11-21 04:20:00+00:00,15.020000457763672,15.020000457763672,15.020000457763672,15.020000457763672,2902,0.0,0.0,0.0
2025-11-21 04:30:00+00:00,15.010000228881836,15.010000228881836,15.010000228881836,15.010000228881836,7150,0.0,0.0,0.0
2025-11-21 04:35:00+00:00,15.010000228881836,15.010000228881836,15.010000228881836,15.010000228881836,5040,0.0,0.0,0.0
2025-11-21 04:40:00+00:00,15.010000228881836,15.010000228881836,15.010000228881836,15.010000228881836,1301,0.0,0.0,0.0
2025-11-21 04:45:00+00:00,15.010000228881836,15.010000228881836,15.010000228881836,15.010000228881836,10000,0.0,0.0,0.0
2025-11-21 04:50:00+00:00,15.010000228881836,15.010000228881836,15.0,15.0,204400,0.0,0.0,0.0
2025-11-21 04:55:00+00:00,15.0,15.0,15.0,15.0,5184,0.0,0.0,0.0
2025-11-21 05:00:00+00:00,15.0,15.0,15.0,15.0,2207,0.0,0.0,0.0
2025-11-21 05:05:00+00:00,15.0,15.010000228881836,15.0,15.010000228881836,13693,0.0,0.0,0.0
2025-11-21 05:10:00+00:00,15.010000228881836,15.020000457763672,15.010000228881836,15.020000457763672,8000,0.0,0.0,0.0
2025-11-21 05:15:00+00:00,15.010000228881836,15.029999732971191,15.010000228881836,15.029999732971191,101036,0.0,0.0,0.0
2025-11-21 05:20:00+00:00,15.029999732971191,15.039999961853027,15.010000228881836,15.010000228881836,25084,0.0,0.0,0.0
2025-11-24 01:00:00+00:00,15.09000015258789,15.100000381469727,15.09000015258789,15.100000381469727,0,0.0,0.0,0.0
2025-11-24 01:05:00+00:00,15.130000114440918,15.15999984741211,15.130000114440918,15.15999984741211,16187,0.0,0.0,0.0
2025-11-24 01:10:00+00:00,15.119999885559082,15.119999885559082,15.119999885559082,15.119999885559082,5000,0.0,0.0,0.0
2025-11-24 01:15:00+00:00,15.109999656677246,15.109999656677246,15.100000381469727,15.100000381469727,111100,0.0,0.0,0.0
2025-11-24 01:20:00+00:00,15.109999656677246,15.119999885559082,15.109999656677246,15.119999885559082,27520,0.0,0.0,0.0
2025-11-24 01:25:00+00:00,15.149999618530273,15.149999618530273,15.149999618530273,15.149999618530273,100699,0.0,0.0,0.0
2025-11-24 01:30:00+00:00,15.140000343322754,15.140000343322754,15.109999656677246,15.109999656677246,202100,0.0,0.0,0.0
2025-11-24 01:45:00+00:00,15.09000015258789,15.09000015258789,15.079999923706055,15.079999923706055,150000,0.0,0.0,0.0
2025-11-24 01:50:00+00:00,15.079999923706055,15.109999656677246,15.079999923706055,15.109999656677246,64015,0.0,0.0,0.0
2025-11-24 01:55:00+00:00,15.109999656677246,15.109999656677246,15.109999656677246,15.109999656677246,1352,0.0,0.0,0.0
2025-11-24 02:00:00+00:00,15.109999656677246,15.109999656677246,15.109999656677246,15.109999656677246,10000,0.0,0.0,0.0
2025-11-24 02:05:00+00:00,15.119999885559082,15.119999885559082,15.109999656677246,15.109999656677246,20019,0.0,0.0,0.0
2025-11-24 02:15:00+00:00,15.09000015258789,15.100000381469727,15.09000015258789,15.100000381469727,2000,0.0,0.0,0.0
2025-11-24 02:20:00+00:00,15.109999656677246,15.109999656677246,15.109999656677246,15.109999656677246,7000,0.0,0.0,0.0
2025-11-24 02:25:00+00:00,15.109999656677246,15.109999656677246,15.109999656677246,15.109999656677246,21000,0.0,0.0,0.0
2025-11-24 02:30:00+00:00,15.109999656677246,15.109999656677246,15.109999656677246,15.109999656677246,2110,0.0,0.0,0.0
2025-11-24 02:40:00+00:00,15.09000015258789,15.09000015258789,15.09000015258789,15.09000015258789,2000,0.0,0.0,0.0
2025-11-24 02:45:00+00:00,15.109999656677246,15.119999885559082,15.109999656677246,15.119999885559082,3000,0.0,0.0,0.0
2025-11-24 02:55:00+00:00,15.119999885559082,15.119999885559082,15.119999885559082,15.119999885559082,1355,0.0,0.0,0.0
2025-11-24 03:00:00+00:00,15.119999885559082,15.119999885559082,15.109999656677246,15.109999656677246,3150,0.0,0.0,0.0
2025-11-24 03:10:00+00:00,15.109999656677246,15.109999656677246,15.109999656677246,15.109999656677246,2023,0.0,0.0,0.0
2025-11-24 03:15:00+00:00,15.109999656677246,15.109999656677246,15.09000015258789,15.09000015258789,6252,0.0,0.0,0.0
2025-11-24 03:20:00+00:00,15.109999656677246,15.109999656677246,15.09000015258789,15.09000015258789,101000,0.0,0.0,0.0
2025-11-24 03:25:00+00:00,15.100000381469727,15.100000381469727,15.100000381469727,15.100000381469727,11000,0.0,0.0,0.0
2025-11-24 03:30:00+00:00,15.100000381469727,15.109999656677246,15.100000381469727,15.109999656677246,11021,0.0,0.0,0.0
2025-11-24 03:35:00+00:00,15.109999656677246,15.109999656677246,15.100000381469727,15.100000381469727,2000,0.0,0.0,0.0
2025-11-24 03:40:00+00:00,15.100000381469727,15.109999656677246,15.100000381469727,15.109999656677246,50015,0.0,0.0,0.0
2025-11-24 03:45:00+00:00,15.109999656677246,15.109999656677246,15.109999656677246,15.109999656677246,1000,0.0,0.0,0.0
2025-11-24 03:50:00+00:00,15.109999656677246,15.109999656677246,15.109999656677246,15.109999656677246,2000,0.0,0.0,0.0
2025-11-24 03:55:00+00:00,15.119999885559082,15.119999885559082,15.119999885559082,15.119999885559082,31000,0.0,0.0,0.0
2025-11-24 04:00:00+00:00,15.119999885559082,15.130000114440918,15.119999885559082,15.130000114440918,4000,0.0,0.0,0.0
2025-11-24 04:05:00+00:00,15.130000114440918,15.130000114440918,15.130000114440918,15.130000114440918,3000,0.0,0.0,0.0
2025-11-24 04:10:00+00:00,15.130000114440918,15.130000114440918,15.130000114440918,15.130000114440918,2119,0.0,0.0,0.0
2025-11-24 04:30:00+00:00,15.149999618530273,15.15999984741211,15.149999618530273,15.15999984741211,18400,0.0,0.0,0.0
2025-11-24 04:35:00+00:00,15.170000076293945,15.180000305175781,15.170000076293945,15.180000305175781,21064,0.0,0.0,0.0
2025-11-24 04:40:00+00:00,15.180000305175781,15.180000305175781,15.180000305175781,15.180000305175781,1100,0.0,0.0,0.0
2025-11-24 04:45:00+00:00,15.180000305175781,15.180000305175781,15.180000305175781,15.180000305175781,4527,0.0,0.0,0.0
2025-11-24 04:55:00+00:00,15.180000305175781,15.180000305175781,15.180000305175781,15.180000305175781,4874,0.0,0.0,0.0
2025-11-24 05:05:00+00:00,15.15999984741211,15.15999984741211,15.15999984741211,15.15999984741211,2000,0.0,0.0,0.0
2025-11-24 05:10:00+00:00,15.180000305175781,15.180000305175781,15.180000305175781,15.180000305175781,1353,0.0,0.0,0.0
2025-11-24 05:20:00+00:00,15.180000305175781,15.180000305175781,15.170000076293945,15.170000076293945,74010,0.0,0.0,0.0
2025-11-25 01:05:00+00:00,15.149999618530273,15.149999618530273,15.130000114440918,15.130000114440918,15017,0.0,0.0,0.0
2025-11-25 01:10:00+00:00,15.149999618530273,15.15999984741211,15.149999618530273,15.15999984741211,2282,0.0,0.0,0.0
2025-11-25 01:15:00+00:00,15.15999984741211,15.15999984741211,15.15999984741211,15.15999984741211,10074,0.0,0.0,0.0
2025-11-25 01:25:00+00:00,15.15999984741211,15.15999984741211,15.15999984741211,15.15999984741211,13493,0.0,0.0,0.0
2025-11-25 01:30:00+00:00,15.130000114440918,15.130000114440918,15.130000114440918,15.130000114440918,5479,0.0,0.0,0.0
2025-11-25 01:35:00+00:00,15.119999885559082,15.119999885559082,15.109999656677246,15.109999656677246,4404,0.0,0.0,0.0
2025-11-25 01:45:00+00:00,15.109999656677246,15.109999656677246,15.109999656677246,15.109999656677246,5518,0.0,0.0,0.0
2025-11-25 01:50:00+00:00,15.100000381469727,15.100000381469727,15.09000015258789,15.09000015258789,15909,0.0,0.0,0.0
2025-11-25 02:00:00+00:00,15.079999923706055,15.079999923706055,15.079999923706055,15.079999923706055,5055,0.0,0.0,0.0
2025-11-25 02:05:00+00:00,15.09000015258789,15.09000015258789,15.09000015258789,15.09000015258789,1824,0.0,0.0,0.0
2025-11-25 02:15:00+00:00,15.079999923706055,15.079999923706055,15.079999923706055,15.079999923706055,1403,0.0,0.0,0.0
2025-11-25 02:25:00+00:00,15.079999923706055,15.079999923706055,15.079999923706055,15.079999923706055,3300,0.0,0.0,0.0
2025-11-25 02:35:00+00:00,15.09000015258789,15.09000015258789,15.09000015258789,15.09000015258789,7000,0.0,0.0,0.0
2025-11-25 02:40:00+00:00,15.079999923706055,15.079999923706055,15.079999923706055,15.079999923706055,17860,0.0,0.0,0.0
2025-11-25 02:45:00+00:00,15.079999923706055,15.079999923706055,15.079999923706055,15.079999923706055,1000,0.0,0.0,0.0
2025-11-25 02:50:00+00:00,15.079999923706055,15.079999923706055,15.069999694824219,15.069999694824219,9088,0.0,0.0,0.0
2025-11-25 03:00:00+00:00,15.09000015258789,15.09000015258789,15.09000015258789,15.09000015258789,1020,0.0,0.0,0.0
2025-11-25 03:05:00+00:00,15.09000015258789,15.09000015258789,15.079999923706055,15.079999923706055,17021,0.0,0.0,0.0
2025-11-25 03:10:00+00:00,15.079999923706055,15.079999923706055,15.079999923706055,15.079999923706055,2030,0.0,0.0,0.0
2025-11-25 03:15:00+00:00,15.079999923706055,15.079999923706055,15.069999694824219,15.079999923706055,42000,0.0,0.0,0.0
2025-11-25 03:20:00+00:00,15.079999923706055,15.079999923706055,15.0600004196167,15.0600004196167,12346,0.0,0.0,0.0
2025-11-25 03:25:00+00:00,15.050000190734863,15.050000190734863,15.050000190734863,15.050000190734863,24477,0.0,0.0,0.0
2025-11-25 03:30:00+00:00,15.039999961853027,15.039999961853027,15.029999732971191,15.029999732971191,27859,0.0,0.0,0.0
2025-11-25 03:35:00+00:00,15.020000457763672,15.020000457763672,15.010000228881836,15.010000228881836,14225,0.0,0.0,0.0
2025-11-25 03:45:00+00:00,15.010000228881836,15.010000228881836,15.0,15.0,42675,0.0,0.0,0.0
2025-11-25 03:50:00+00:00,15.0,15.0,15.0,15.0,6150,0.0,0.0,0.0
2025-11-25 04:00:00+00:00,15.010000228881836,15.010000228881836,15.010000228881836,15.010000228881836,4000,0.0,0.0,0.0
2025-11-25 04:10:00+00:00,15.029999732971191,15.029999732971191,15.029999732971191,15.029999732971191,10000,0.0,0.0,0.0
2025-11-25 04:15:00+00:00,15.029999732971191,15.029999732971191,15.029999732971191,15.029999732971191,15117,0.0,0.0,0.0
2025-11-25 04:20:00+00:00,15.029999732971191,15.029999732971191,15.029999732971191,15.029999732971191,3100,0.0,0.0,0.0
2025-11-25 04:40:00+00:00,15.0600004196167,15.0600004196167,15.0600004196167,15.0600004196167,1000,0.0,0.0,0.0
2025-11-25 04:50:00+00:00,15.0600004196167,15.0600004196167,15.0600004196167,15.0600004196167,32000,0.0,0.0,0.0
2025-11-25 04:55:00+00:00,15.069999694824219,15.069999694824219,15.0600004196167,15.0600004196167,7000,0.0,0.0,0.0
2025-11-25 05:00:00+00:00,15.0600004196167,15.0600004196167,15.0600004196167,15.0600004196167,1000,0.0,0.0,0.0
2025-11-25 05:20:00+00:00,15.0600004196167,15.0600004196167,15.0600004196167,15.0600004196167,2254,0.0,0.0,0.0
2025-11-26 01:00:00+00:00,15.1899995803833,15.1899995803833,15.1899995803833,15.1899995803833,0,0.0,0.0,0.0
2025-11-26 01:05:00+00:00,15.1899995803833,15.1899995803833,15.1899995803833,15.1899995803833,51578,0.0,0.0,0.0
2025-11-26 01:10:00+00:00,15.199999809265137,15.210000038146973,15.199999809265137,15.210000038146973,48001,0.0,0.0,0.0
2025-11-26 01:15:00+00:00,15.220000267028809,15.229999542236328,15.220000267028809,15.220000267028809,39145,0.0,0.0,0.0
2025-11-26 01:20:00+00:00,15.220000267028809,15.220000267028809,15.220000267028809,15.220000267028809,4025,0.0,0.0,0.0
2025-11-26 01:25:00+00:00,15.220000267028809,15.220000267028809,15.199999809265137,15.199999809265137,46300,0.0,0.0,0.0
2025-11-26 01:30:00+00:00,15.220000267028809,15.220000267028809,15.220000267028809,15.220000267028809,7100,0.0,0.0,0.0
2025-11-26 01:35:00+00:00,15.1899995803833,15.199999809265137,15.1899995803833,15.199999809265137,12000,0.0,0.0,0.0
2025-11-26 01:40:00+00:00,15.199999809265137,15.199999809265137,15.199999809265137,15.199999809265137,1050,0.0,0.0,0.0
2025-11-26 01:45:00+00:00,15.199999809265137,15.199999809265137,15.199999809265137,15.199999809265137,2101,0.0,0.0,0.0
2025-11-26 01:50:00+00:00,15.170000076293945,15.170000076293945,15.170000076293945,15.170000076293945,1535,0.0,0.0,0.0
2025-11-26 02:00:00+00:00,15.180000305175781,15.180000305175781,15.180000305175781,15.180000305175781,2100,0.0,0.0,0.0
2025-11-26 02:05:00+00:00,15.180000305175781,15.180000305175781,15.180000305175781,15.180000305175781,1036,0.0,0.0,0.0
2025-11-26 02:15:00+00:00,15.180000305175781,15.180000305175781,15.180000305175781,15.180000305175781,2172,0.0,0.0,0.0
2025-11-26 02:25:00+00:00,15.180000305175781,15.180000305175781,15.180000305175781,15.180000305175781,34000,0.0,0.0,0.0
2025-11-26 02:30:00+00:00,15.199999809265137,15.199999809265137,15.199999809265137,15.199999809265137,2100,0.0,0.0,0.0
2025-11-26 02:35:00+00:00,15.199999809265137,15.220000267028809,15.199999809265137,15.220000267028809,47036,0.0,0.0,0.0
2025-11-26 02:40:00+00:00,15.229999542236328,15.229999542236328,15.229999542236328,15.229999542236328,35000,0.0,0.0,0.0
2025-11-26 02:45:00+00:00,15.229999542236328,15.229999542236328,15.229999542236328,15.229999542236328,15173,0.0,0.0,0.0
2025-11-26 02:55:00+00:00,15.239999771118164,15.239999771118164,15.239999771118164,15.239999771118164,50050,0.0,0.0,0.0
2025-11-26 03:00:00+00:00,15.25,15.25,15.25,15.25,33245,0.0,0.0,0.0
2025-11-26 03:05:00+00:00,15.239999771118164,15.239999771118164,15.239999771118164,15.239999771118164,2000,0.0,0.0,0.0
2025-11-26 03:15:00+00:00,15.25,15.25,15.25,15.25,2157,0.0,0.0,0.0
2025-11-26 03:40:00+00:00,15.220000267028809,15.220000267028809,15.210000038146973,15.210000038146973,6036,0.0,0.0,0.0
2025-11-26 03:50:00+00:00,15.210000038146973,15.210000038146973,15.210000038146973,15.210000038146973,1036,0.0,0.0,0.0
2025-11-26 03:55:00+00:00,15.210000038146973,15.210000038146973,15.210000038146973,15.210000038146973,5147,0.0,0.0,0.0
2025-11-26 04:05:00+00:00,15.199999809265137,15.199999809265137,15.199999809265137,15.199999809265137,30446,0.0,0.0,0.0
2025-11-26 04:20:00+00:00,15.199999809265137,15.199999809265137,15.199999809265137,15.199999809265137,6000,0.0,0.0,0.0
2025-11-26 04:25:00+00:00,15.199999809265137,15.199999809265137,15.199999809265137,15.199999809265137,1100,0.0,0.0,0.0
2025-11-26 04:30:00+00:00,15.199999809265137,15.199999809265137,15.199999809265137,15.199999809265137,5632,0.0,0.0,0.0
2025-11-26 04:45:00+00:00,15.199999809265137,15.199999809265137,15.199999809265137,15.199999809265137,1478,0.0,0.0,0.0
2025-11-26 05:00:00+00:00,15.210000038146973,15.210000038146973,15.210000038146973,15.210000038146973,31338,0.0,0.0,0.0
2025-11-26 05:05:00+00:00,15.220000267028809,15.220000267028809,15.210000038146973,15.210000038146973,13100,0.0,0.0,0.0
2025-11-26 05:10:00+00:00,15.220000267028809,15.220000267028809,15.220000267028809,15.220000267028809,43065,0.0,0.0,0.0
2025-11-26 05:20:00+00:00,15.210000038146973,15.210000038146973,15.210000038146973,15.210000038146973,8504,0.0,0.0,0.0
2025-11-27 01:00:00+00:00,15.229999542236328,15.229999542236328,15.229999542236328,15.229999542236328,0,0.0,0.0,0.0
2025-11-27 01:05:00+00:00,15.210000038146973,15.210000038146973,15.199999809265137,15.199999809265137,36000,0.0,0.0,0.0
2025-11-27 01:10:00+00:00,15.1899995803833,15.1899995803833,15.180000305175781,15.180000305175781,19388,0.0,0.0,0.0
2025-11-27 01:15:00+00:00,15.170000076293945,15.180000305175781,15.15999984741211,15.180000305175781,8110,0.0,0.0,0.0
2025-11-27 01:20:00+00:00,15.180000305175781,15.180000305175781,15.180000305175781,15.180000305175781,1114,0.0,0.0,0.0
2025-11-27 01:25:00+00:00,15.180000305175781,15.180000305175781,15.170000076293945,15.170000076293945,7080,0.0,0.0,0.0
2025-11-27 01:30:00+00:00,15.180000305175781,15.180000305175781,15.180000305175781,15.180000305175781,9000,0.0,0.0,0.0
2025-11-27 01:35:00+00:00,15.180000305175781,15.180000305175781,15.180000305175781,15.180000305175781,1026,0.0,0.0,0.0
2025-11-27 01:40:00+00:00,15.180000305175781,15.180000305175781,15.180000305175781,15.180000305175781,3000,0.0,0.0,0.0
2025-11-27 01:45:00+00:00,15.1899995803833,15.199999809265137,15.1899995803833,15.199999809265137,2065,0.0,0.0,0.0
2025-11-27 01:50:00+00:00,15.1899995803833,15.1899995803833,15.1899995803833,15.1899995803833,1000,0.0,0.0,0.0
2025-11-27 01:55:00+00:00,15.1899995803833,15.1899995803833,15.1899995803833,15.1899995803833,3425,0.0,0.0,0.0
2025-11-27 02:00:00+00:00,15.199999809265137,15.199999809265137,15.199999809265137,15.199999809265137,27000,0.0,0.0,0.0
2025-11-27 02:05:00+00:00,15.199999809265137,15.210000038146973,15.199999809265137,15.210000038146973,111030,0.0,0.0,0.0
2025-11-27 02:15:00+00:00,15.220000267028809,15.220000267028809,15.220000267028809,15.220000267028809,7000,0.0,0.0,0.0
2025-11-27 02:20:00+00:00,15.220000267028809,15.220000267028809,15.199999809265137,15.199999809265137,3023,0.0,0.0,0.0
2025-11-27 02:25:00+00:00,15.210000038146973,15.210000038146973,15.210000038146973,15.210000038146973,4270,0.0,0.0,0.0
2025-11-27 02:35:00+00:00,15.210000038146973,15.210000038146973,15.210000038146973,15.210000038146973,1000,0.0,0.0,0.0
2025-11-27 02:40:00+00:00,15.210000038146973,15.210000038146973,15.210000038146973,15.210000038146973,10310,0.0,0.0,0.0
2025-11-27 02:50:00+00:00,15.210000038146973,15.220000267028809,15.210000038146973,15.220000267028809,26050,0.0,0.0,0.0
2025-11-27 02:55:00+00:00,15.220000267028809,15.229999542236328,15.220000267028809,15.229999542236328,23000,0.0,0.0,0.0
2025-11-27 03:00:00+00:00,15.220000267028809,15.220000267028809,15.220000267028809,15.220000267028809,1337,0.0,0.0,0.0
2025-11-27 03:15:00+00:00,15.220000267028809,15.220000267028809,15.220000267028809,15.220000267028809,1059,0.0,0.0,0.0
2025-11-27 03:20:00+00:00,15.210000038146973,15.210000038146973,15.210000038146973,15.210000038146973,2066,0.0,0.0,0.0
2025-11-27 03:25:00+00:00,15.210000038146973,15.210000038146973,15.210000038146973,15.210000038146973,1127,0.0,0.0,0.0
2025-11-27 03:50:00+00:00,15.210000038146973,15.210000038146973,15.210000038146973,15.210000038146973,4033,0.0,0.0,0.0
2025-11-27 03:55:00+00:00,15.210000038146973,15.210000038146973,15.210000038146973,15.210000038146973,2000,0.0,0.0,0.0
2025-11-27 04:00:00+00:00,15.210000038146973,15.220000267028809,15.210000038146973,15.220000267028809,12041,0.0,0.0,0.0
2025-11-27 04:15:00+00:00,15.220000267028809,15.229999542236328,15.220000267028809,15.229999542236328,4000,0.0,0.0,0.0
2025-11-27 04:20:00+00:00,15.229999542236328,15.229999542236328,15.229999542236328,15.229999542236328,49007,0.0,0.0,0.0
2025-11-27 04:30:00+00:00,15.229999542236328,15.25,15.229999542236328,15.25,27035,0.0,0.0,0.0
2025-11-27 05:00:00+00:00,15.239999771118164,15.239999771118164,15.239999771118164,15.239999771118164,10000,0.0,0.0,0.0
2025-11-27 05:05:00+00:00,15.25,15.25,15.25,15.25,6016,0.0,0.0,0.0
2025-11-27 05:20:00+00:00,15.25,15.270000457763672,15.25,15.270000457763672,71263,0.0,0.0,0.0
2025-11-28 01:00:00+00:00,15.229999542236328,15.239999771118164,15.229999542236328,15.239999771118164,0,0.0,0.0,0.0
2025-11-28 01:05:00+00:00,15.210000038146973,15.210000038146973,15.210000038146973,15.210000038146973,6000,0.0,0.0,0.0
2025-11-28 01:10:00+00:00,15.220000267028809,15.220000267028809,15.220000267028809,15.220000267028809,2000,0.0,0.0,0.0
2025-11-28 01:15:00+00:00,15.239999771118164,15.239999771118164,15.239999771118164,15.239999771118164,3000,0.0,0.0,0.0
2025-11-28 01:20:00+00:00,15.239999771118164,15.239999771118164,15.210000038146973,15.210000038146973,66118,0.0,0.0,0.0
2025-11-28 01:30:00+00:00,15.199999809265137,15.199999809265137,15.180000305175781,15.180000305175781,9038,0.0,0.0,0.0
2025-11-28 01:35:00+00:00,15.1899995803833,15.1899995803833,15.1899995803833,15.1899995803833,1000,0.0,0.0,0.0
2025-11-28 01:40:00+00:00,15.199999809265137,15.199999809265137,15.199999809265137,15.199999809265137,2523,0.0,0.0,0.0
2025-11-28 01:50:00+00:00,15.199999809265137,15.199999809265137,15.199999809265137,15.199999809265137,4052,0.0,0.0,0.0
2025-11-28 01:55:00+00:00,15.210000038146973,15.210000038146973,15.199999809265137,15.199999809265137,14100,0.0,0.0,0.0
2025-11-28 02:00:00+00:00,15.199999809265137,15.210000038146973,15.1899995803833,15.210000038146973,66094,0.0,0.0,0.0
2025-11-28 02:05:00+00:00,15.210000038146973,15.210000038146973,15.210000038146973,15.210000038146973,2050,0.0,0.0,0.0
2025-11-28 02:10:00+00:00,15.199999809265137,15.199999809265137,15.199999809265137,15.199999809265137,2078,0.0,0.0,0.0
2025-11-28 02:20:00+00:00,15.220000267028809,15.229999542236328,15.220000267028809,15.229999542236328,3306,0.0,0.0,0.0
2025-11-28 02:25:00+00:00,15.229999542236328,15.229999542236328,15.229999542236328,15.229999542236328,1133,0.0,0.0,0.0
2025-11-28 02:35:00+00:00,15.220000267028809,15.220000267028809,15.220000267028809,15.220000267028809,7727,0.0,0.0,0.0
2025-11-28 02:55:00+00:00,15.220000267028809,15.220000267028809,15.220000267028809,15.220000267028809,10275,0.0,0.0,0.0
2025-11-28 03:00:00+00:00,15.210000038146973,15.210000038146973,15.210000038146973,15.210000038146973,1000,0.0,0.0,0.0
2025-11-28 03:05:00+00:00,15.199999809265137,15.199999809265137,15.199999809265137,15.199999809265137,1043,0.0,0.0,0.0
2025-11-28 03:15:00+00:00,15.210000038146973,15.210000038146973,15.210000038146973,15.210000038146973,1212,0.0,0.0,0.0
2025-11-28 03:20:00+00:00,15.210000038146973,15.210000038146973,15.210000038146973,15.210000038146973,1000,0.0,0.0,0.0
2025-11-28 03:30:00+00:00,15.199999809265137,15.199999809265137,15.199999809265137,15.199999809265137,24100,0.0,0.0,0.0
2025-11-28 03:35:00+00:00,15.199999809265137,15.199999809265137,15.199999809265137,15.199999809265137,1108,0.0,0.0,0.0
2025-11-28 03:40:00+00:00,15.199999809265137,15.199999809265137,15.199999809265137,15.199999809265137,3185,0.0,0.0,0.0
2025-11-28 03:55:00+00:00,15.220000267028809,15.220000267028809,15.199999809265137,15.199999809265137,13000,0.0,0.0,0.0
2025-11-28 04:00:00+00:00,15.199999809265137,15.199999809265137,15.199999809265137,15.199999809265137,1000,0.0,0.0,0.0
2025-11-28 04:05:00+00:00,15.220000267028809,15.220000267028809,15.220000267028809,15.220000267028809,19058,0.0,0.0,0.0
2025-11-28 04:15:00+00:00,15.210000038146973,15.210000038146973,15.210000038146973,15.210000038146973,1351,0.0,0.0,0.0
2025-11-28 04:25:00+00:00,15.199999809265137,15.199999809265137,15.199999809265137,15.199999809265137,1100,0.0,0.0,0.0
2025-11-28 04:30:00+00:00,15.199999809265137,15.199999809265137,15.199999809265137,15.199999809265137,3445,0.0,0.0,0.0
2025-11-28 04:40:00+00:00,15.199999809265137,15.199999809265137,15.199999809265137,15.199999809265137,1000,0.0,0.0,0.0
2025-11-28 04:45:00+00:00,15.210000038146973,15.210000038146973,15.210000038146973,15.210000038146973,10136,0.0,0.0,0.0
2025-11-28 04:55:00+00:00,15.210000038146973,15.220000267028809,15.210000038146973,15.220000267028809,26038,0.0,0.0,0.0
2025-11-28 05:05:00+00:00,15.220000267028809,15.220000267028809,15.220000267028809,15.220000267028809,20341,0.0,0.0,0.0
2025-11-28 05:10:00+00:00,15.229999542236328,15.229999542236328,15.229999542236328,15.229999542236328,1053,0.0,0.0,0.0
2025-11-28 05:15:00+00:00,15.229999542236328,15.229999542236328,15.229999542236328,15.229999542236328,2019,0.0,0.0,0.0
2025-11-28 05:20:00+00:00,15.239999771118164,15.25,15.239999771118164,15.25,18343,0.0,0.0,0.0
2025-12-01 01:00:00+00:00,15.199999809265137,15.239999771118164,15.199999809265137,15.239999771118164,0,0.0,0.0,0.0
2025-12-01 01:05:00+00:00,15.239999771118164,15.239999771118164,15.239999771118164,15.239999771118164,164520,0.0,0.0,0.0
2025-12-01 01:10:00+00:00,15.25,15.25,15.239999771118164,15.239999771118164,6000,0.0,0.0,0.0
2025-12-01 01:15:00+00:00,15.239999771118164,15.239999771118164,15.239999771118164,15.239999771118164,1000,0.0,0.0,0.0
2025-12-01 01:20:00+00:00,15.229999542236328,15.239999771118164,15.229999542236328,15.239999771118164,5010,0.0,0.0,0.0
2025-12-01 01:25:00+00:00,15.229999542236328,15.229999542236328,15.229999542236328,15.229999542236328,2000,0.0,0.0,0.0
2025-12-01 01:30:00+00:00,15.239999771118164,15.239999771118164,15.229999542236328,15.229999542236328,5252,0.0,0.0,0.0
2025-12-01 01:40:00+00:00,15.229999542236328,15.229999542236328,15.210000038146973,15.210000038146973,3010,0.0,0.0,0.0
2025-12-01 01:45:00+00:00,15.239999771118164,15.239999771118164,15.229999542236328,15.229999542236328,2500,0.0,0.0,0.0
2025-12-01 01:50:00+00:00,15.229999542236328,15.229999542236328,15.229999542236328,15.229999542236328,2000,0.0,0.0,0.0
2025-12-01 01:55:00+00:00,15.229999542236328,15.229999542236328,15.229999542236328,15.229999542236328,2188,0.0,0.0,0.0
2025-12-01 02:00:00+00:00,15.229999542236328,15.229999542236328,15.220000267028809,15.229999542236328,6100,0.0,0.0,0.0
2025-12-01 02:05:00+00:00,15.229999542236328,15.229999542236328,15.229999542236328,15.229999542236328,2000,0.0,0.0,0.0
2025-12-01 02:15:00+00:00,15.220000267028809,15.220000267028809,15.199999809265137,15.199999809265137,29701,0.0,0.0,0.0
2025-12-01 02:20:00+00:00,15.199999809265137,15.199999809265137,15.199999809265137,15.199999809265137,2000,0.0,0.0,0.0
2025-12-01 02:25:00+00:00,15.199999809265137,15.199999809265137,15.199999809265137,15.199999809265137,2000,0.0,0.0,0.0
2025-12-01 02:30:00+00:00,15.199999809265137,15.199999809265137,15.199999809265137,15.199999809265137,3108,0.0,0.0,0.0
2025-12-01 02:35:00+00:00,15.199999809265137,15.199999809265137,15.1899995803833,15.1899995803833,7055,0.0,0.0,0.0
2025-12-01 02:45:00+00:00,15.180000305175781,15.180000305175781,15.170000076293945,15.170000076293945,11492,0.0,0.0,0.0
2025-12-01 02:50:00+00:00,15.170000076293945,15.170000076293945,15.170000076293945,15.170000076293945,2000,0.0,0.0,0.0
2025-12-01 02:55:00+00:00,15.180000305175781,15.180000305175781,15.180000305175781,15.180000305175781,1000,0.0,0.0,0.0
2025-12-01 03:00:00+00:00,15.170000076293945,15.170000076293945,15.170000076293945,15.170000076293945,5330,0.0,0.0,0.0
2025-12-01 03:05:00+00:00,15.170000076293945,15.170000076293945,15.170000076293945,15.170000076293945,1000,0.0,0.0,0.0
2025-12-01 03:10:00+00:00,15.15999984741211,15.170000076293945,15.15999984741211,15.170000076293945,9036,0.0,0.0,0.0
2025-12-01 03:15:00+00:00,15.15999984741211,15.15999984741211,15.15999984741211,15.15999984741211,1000,0.0,0.0,0.0
2025-12-01 03:25:00+00:00,15.1899995803833,15.1899995803833,15.1899995803833,15.1899995803833,2000,0.0,0.0,0.0
2025-12-01 03:30:00+00:00,15.1899995803833,15.1899995803833,15.1899995803833,15.1899995803833,3000,0.0,0.0,0.0
2025-12-01 03:40:00+00:00,15.180000305175781,15.180000305175781,15.180000305175781,15.180000305175781,3000,0.0,0.0,0.0
2025-12-01 03:45:00+00:00,15.1899995803833,15.1899995803833,15.1899995803833,15.1899995803833,1000,0.0,0.0,0.0
2025-12-01 03:55:00+00:00,15.170000076293945,15.1899995803833,15.170000076293945,15.1899995803833,13000,0.0,0.0,0.0
2025-12-01 04:00:00+00:00,15.199999809265137,15.199999809265137,15.199999809265137,15.199999809265137,3282,0.0,0.0,0.0
2025-12-01 04:05:00+00:00,15.1899995803833,15.1899995803833,15.1899995803833,15.1899995803833,3000,0.0,0.0,0.0
2025-12-01 04:10:00+00:00,15.1899995803833,15.1899995803833,15.1899995803833,15.1899995803833,2004,0.0,0.0,0.0
2025-12-01 04:15:00+00:00,15.1899995803833,15.199999809265137,15.1899995803833,15.199999809265137,2057,0.0,0.0,0.0
2025-12-01 04:25:00+00:00,15.180000305175781,15.199999809265137,15.180000305175781,15.199999809265137,3100,0.0,0.0,0.0
2025-12-01 04:30:00+00:00,15.199999809265137,15.199999809265137,15.199999809265137,15.199999809265137,2200,0.0,0.0,0.0
2025-12-01 04:40:00+00:00,15.199999809265137,15.199999809265137,15.1899995803833,15.1899995803833,11436,0.0,0.0,0.0
2025-12-01 05:00:00+00:00,15.1899995803833,15.1899995803833,15.180000305175781,15.180000305175781,11000,0.0,0.0,0.0
2025-12-01 05:05:00+00:00,15.170000076293945,15.170000076293945,15.170000076293945,15.170000076293945,3775,0.0,0.0,0.0
2025-12-01 05:10:00+00:00,15.180000305175781,15.180000305175781,15.170000076293945,15.170000076293945,2066,0.0,0.0,0.0
2025-12-01 05:15:00+00:00,15.170000076293945,15.170000076293945,15.15999984741211,15.15999984741211,14188,0.0,0.0,0.0
2025-12-01 05:20:00+00:00,15.170000076293945,15.170000076293945,15.15999984741211,15.15999984741211,9510,0.0,0.0,0.0
2025-12-02 01:00:00+00:00,15.149999618530273,15.149999618530273,15.149999618530273,15.149999618530273,0,0.0,0.0,0.0
2025-12-02 01:05:00+00:00,15.210000038146973,15.210000038146973,15.210000038146973,15.210000038146973,1000,0.0,0.0,0.0
2025-12-02 01:10:00+00:00,15.220000267028809,15.220000267028809,15.220000267028809,15.220000267028809,2261,0.0,0.0,0.0
2025-12-02 01:15:00+00:00,15.220000267028809,15.220000267028809,15.220000267028809,15.220000267028809,1010,0.0,0.0,0.0
2025-12-02 01:20:00+00:00,15.210000038146973,15.220000267028809,15.210000038146973,15.220000267028809,9100,0.0,0.0,0.0
2025-12-02 01:25:00+00:00,15.220000267028809,15.25,15.220000267028809,15.25,7756,0.0,0.0,0.0
2025-12-02 01:30:00+00:00,15.260000228881836,15.270000457763672,15.260000228881836,15.270000457763672,15375,0.0,0.0,0.0
2025-12-02 01:35:00+00:00,15.270000457763672,15.270000457763672,15.260000228881836,15.260000228881836,21000,0.0,0.0,0.0
2025-12-02 01:40:00+00:00,15.260000228881836,15.260000228881836,15.260000228881836,15.260000228881836,3019,0.0,0.0,0.0
2025-12-02 01:45:00+00:00,15.270000457763672,15.270000457763672,15.270000457763672,15.270000457763672,3011,0.0,0.0,0.0
2025-12-02 01:55:00+00:00,15.260000228881836,15.260000228881836,15.260000228881836,15.260000228881836,2346,0.0,0.0,0.0
2025-12-02 02:05:00+00:00,15.220000267028809,15.220000267028809,15.220000267028809,15.220000267028809,101002,0.0,0.0,0.0
2025-12-02 02:10:00+00:00,15.25,15.25,15.25,15.25,5000,0.0,0.0,0.0
2025-12-02 02:20:00+00:00,15.220000267028809,15.220000267028809,15.220000267028809,15.220000267028809,6001,0.0,0.0,0.0
2025-12-02 02:30:00+00:00,15.229999542236328,15.229999542236328,15.229999542236328,15.229999542236328,3003,0.0,0.0,0.0
2025-12-02 02:35:00+00:00,15.25,15.25,15.25,15.25,3000,0.0,0.0,0.0
2025-12-02 02:40:00+00:00,15.25,15.270000457763672,15.25,15.270000457763672,12259,0.0,0.0,0.0
2025-12-02 03:00:00+00:00,15.260000228881836,15.260000228881836,15.260000228881836,15.260000228881836,2000,0.0,0.0,0.0
2025-12-02 03:05:00+00:00,15.239999771118164,15.239999771118164,15.239999771118164,15.239999771118164,1661,0.0,0.0,0.0
2025-12-02 03:10:00+00:00,15.239999771118164,15.239999771118164,15.239999771118164,15.239999771118164,2000,0.0,0.0,0.0
2025-12-02 03:25:00+00:00,15.229999542236328,15.229999542236328,15.229999542236328,15.229999542236328,1065,0.0,0.0,0.0
2025-12-02 03:55:00+00:00,15.220000267028809,15.229999542236328,15.220000267028809,15.229999542236328,114226,0.0,0.0,0.0
2025-12-02 04:10:00+00:00,15.239999771118164,15.239999771118164,15.239999771118164,15.239999771118164,4160,0.0,0.0,0.0
2025-12-02 04:25:00+00:00,15.260000228881836,15.260000228881836,15.260000228881836,15.260000228881836,11538,0.0,0.0,0.0
2025-12-02 04:30:00+00:00,15.25,15.25,15.25,15.25,62000,0.0,0.0,0.0
2025-12-02 04:35:00+00:00,15.260000228881836,15.260000228881836,15.25,15.25,4038,0.0,0.0,0.0
2025-12-02 04:50:00+00:00,15.239999771118164,15.239999771118164,15.239999771118164,15.239999771118164,2027,0.0,0.0,0.0
2025-12-02 04:55:00+00:00,15.239999771118164,15.239999771118164,15.239999771118164,15.239999771118164,10110,0.0,0.0,0.0
2025-12-02 05:10:00+00:00,15.239999771118164,15.239999771118164,15.239999771118164,15.239999771118164,6212,0.0,0.0,0.0
2025-12-02 05:15:00+00:00,15.229999542236328,15.229999542236328,15.229999542236328,15.229999542236328,2081,0.0,0.0,0.0
2025-12-02 05:20:00+00:00,15.239999771118164,15.25,15.239999771118164,15.25,10025,0.0,0.0,0.0
2025-12-03 01:00:00+00:00,15.279999732971191,15.300000190734863,15.279999732971191,15.300000190734863,0,0.0,0.0,0.0
2025-12-03 01:05:00+00:00,15.289999961853027,15.319999694824219,15.289999961853027,15.319999694824219,8237,0.0,0.0,0.0
2025-12-03 01:10:00+00:00,15.319999694824219,15.319999694824219,15.289999961853027,15.289999961853027,31030,0.0,0.0,0.0
2025-12-03 01:20:00+00:00,15.25,15.25,15.25,15.25,12640,0.0,0.0,0.0
2025-12-03 01:30:00+00:00,15.239999771118164,15.239999771118164,15.220000267028809,15.229999542236328,9100,0.0,0.0,0.0
2025-12-03 01:35:00+00:00,15.229999542236328,15.229999542236328,15.229999542236328,15.229999542236328,9668,0.0,0.0,0.0
2025-12-03 01:45:00+00:00,15.239999771118164,15.239999771118164,15.229999542236328,15.229999542236328,3105,0.0,0.0,0.0
2025-12-03 01:50:00+00:00,15.220000267028809,15.229999542236328,15.220000267028809,15.229999542236328,21352,0.0,0.0,0.0
2025-12-03 01:55:00+00:00,15.210000038146973,15.210000038146973,15.199999809265137,15.199999809265137,28127,0.0,0.0,0.0
2025-12-03 02:00:00+00:00,15.199999809265137,15.199999809265137,15.199999809265137,15.199999809265137,3123,0.0,0.0,0.0
2025-12-03 02:05:00+00:00,15.199999809265137,15.199999809265137,15.199999809265137,15.199999809265137,1013,0.0,0.0,0.0
2025-12-03 02:10:00+00:00,15.199999809265137,15.210000038146973,15.199999809265137,15.210000038146973,23000,0.0,0.0,0.0
2025-12-03 02:15:00+00:00,15.220000267028809,15.229999542236328,15.220000267028809,15.229999542236328,2155,0.0,0.0,0.0
2025-12-03 02:30:00+00:00,15.220000267028809,15.220000267028809,15.180000305175781,15.1899995803833,113300,0.0,0.0,0.0
2025-12-03 02:35:00+00:00,15.199999809265137,15.199999809265137,15.199999809265137,15.199999809265137,1221,0.0,0.0,0.0
2025-12-03 02:45:00+00:00,15.199999809265137,15.199999809265137,15.199999809265137,15.199999809265137,3101,0.0,0.0,0.0
2025-12-03 02:50:00+00:00,15.199999809265137,15.199999809265137,15.199999809265137,15.199999809265137,30000,0.0,0.0,0.0
2025-12-03 03:00:00+00:00,15.210000038146973,15.210000038146973,15.210000038146973,15.210000038146973,1100,0.0,0.0,0.0
2025-12-03 03:05:00+00:00,15.220000267028809,15.220000267028809,15.220000267028809,15.220000267028809,1000,0.0,0.0,0.0
2025-12-03 03:10:00+00:00,15.220000267028809,15.220000267028809,15.220000267028809,15.220000267028809,2231,0.0,0.0,0.0
2025-12-03 03:35:00+00:00,15.210000038146973,15.210000038146973,15.210000038146973,15.210000038146973,5000,0.0,0.0,0.0
2025-12-03 03:40:00+00:00,15.210000038146973,15.210000038146973,15.210000038146973,15.210000038146973,1000,0.0,0.0,0.0
2025-12-03 03:45:00+00:00,15.220000267028809,15.220000267028809,15.220000267028809,15.220000267028809,12313,0.0,0.0,0.0
2025-12-03 04:10:00+00:00,15.220000267028809,15.220000267028809,15.220000267028809,15.220000267028809,2040,0.0,0.0,0.0
2025-12-03 04:15:00+00:00,15.220000267028809,15.220000267028809,15.220000267028809,15.220000267028809,1005,0.0,0.0,0.0
2025-12-03 04:20:00+00:00,15.210000038146973,15.210000038146973,15.210000038146973,15.210000038146973,2578,0.0,0.0,0.0
2025-12-03 04:30:00+00:00,15.199999809265137,15.199999809265137,15.199999809265137,15.199999809265137,10423,0.0,0.0,0.0
2025-12-03 04:40:00+00:00,15.1899995803833,15.1899995803833,15.1899995803833,15.1899995803833,1260,0.0,0.0,0.0
2025-12-03 04:50:00+00:00,15.199999809265137,15.199999809265137,15.199999809265137,15.199999809265137,1120,0.0,0.0,0.0
2025-12-03 04:55:00+00:00,15.199999809265137,15.199999809265137,15.199999809265137,15.199999809265137,12329,0.0,0.0,0.0
2025-12-03 05:00:00+00:00,15.199999809265137,15.199999809265137,15.199999809265137,15.199999809265137,3335,0.0,0.0,0.0
2025-12-03 05:05:00+00:00,15.1899995803833,15.1899995803833,15.1899995803833,15.1899995803833,10210,0.0,0.0,0.0
2025-12-03 05:10:00+00:00,15.199999809265137,15.199999809265137,15.1899995803833,15.1899995803833,2685,0.0,0.0,0.0
2025-12-03 05:15:00+00:00,15.1899995803833,15.1899995803833,15.1899995803833,15.1899995803833,4475,0.0,0.0,0.0
2025-12-03 05:20:00+00:00,15.199999809265137,15.199999809265137,15.199999809265137,15.199999809265137,11409,0.0,0.0,0.0
2025-12-04 01:00:00+00:00,15.260000228881836,15.279999732971191,15.260000228881836,15.279999732971191,0,0.0,0.0,0.0
2025-12-04 01:05:00+00:00,15.279999732971191,15.289999961853027,15.279999732971191,15.289999961853027,2458,0.0,0.0,0.0
2025-12-04 01:10:00+00:00,15.289999961853027,15.300000190734863,15.289999961853027,15.300000190734863,124091,0.0,0.0,0.0
2025-12-04 01:15:00+00:00,15.300000190734863,15.300000190734863,15.300000190734863,15.300000190734863,2000,0.0,0.0,0.0
2025-12-04 01:20:00+00:00,15.289999961853027,15.289999961853027,15.289999961853027,15.289999961853027,101029,0.0,0.0,0.0
2025-12-04 01:25:00+00:00,15.270000457763672,15.300000190734863,15.270000457763672,15.300000190734863,19000,0.0,0.0,0.0
2025-12-04 01:30:00+00:00,15.289999961853027,15.300000190734863,15.289999961853027,15.300000190734863,46137,0.0,0.0,0.0
2025-12-04 01:35:00+00:00,15.300000190734863,15.3100004196167,15.300000190734863,15.3100004196167,7446,0.0,0.0,0.0
2025-12-04 01:40:00+00:00,15.3100004196167,15.3100004196167,15.3100004196167,15.3100004196167,13386,0.0,0.0,0.0
2025-12-04 01:45:00+00:00,15.3100004196167,15.3100004196167,15.3100004196167,15.3100004196167,19000,0.0,0.0,0.0
2025-12-04 01:50:00+00:00,15.3100004196167,15.3100004196167,15.3100004196167,15.3100004196167,3555,0.0,0.0,0.0
2025-12-04 02:00:00+00:00,15.300000190734863,15.300000190734863,15.300000190734863,15.300000190734863,34005,0.0,0.0,0.0
2025-12-04 02:05:00+00:00,15.300000190734863,15.300000190734863,15.300000190734863,15.300000190734863,2270,0.0,0.0,0.0
2025-12-04 02:30:00+00:00,15.300000190734863,15.300000190734863,15.300000190734863,15.300000190734863,3000,0.0,0.0,0.0
2025-12-04 02:35:00+00:00,15.270000457763672,15.270000457763672,15.270000457763672,15.270000457763672,30000,0.0,0.0,0.0
2025-12-04 02:40:00+00:00,15.289999961853027,15.289999961853027,15.289999961853027,15.289999961853027,5570,0.0,0.0,0.0
2025-12-04 03:05:00+00:00,15.279999732971191,15.279999732971191,15.279999732971191,15.279999732971191,1000,0.0,0.0,0.0
2025-12-04 03:10:00+00:00,15.289999961853027,15.289999961853027,15.289999961853027,15.289999961853027,2438,0.0,0.0,0.0
2025-12-04 03:15:00+00:00,15.289999961853027,15.289999961853027,15.289999961853027,15.289999961853027,1000,0.0,0.0,0.0
2025-12-04 03:25:00+00:00,15.260000228881836,15.270000457763672,15.260000228881836,15.270000457763672,41000,0.0,0.0,0.0
2025-12-04 03:40:00+00:00,15.279999732971191,15.279999732971191,15.279999732971191,15.279999732971191,5000,0.0,0.0,0.0
2025-12-04 03:45:00+00:00,15.289999961853027,15.289999961853027,15.289999961853027,15.289999961853027,1252,0.0,0.0,0.0
2025-12-04 04:00:00+00:00,15.279999732971191,15.279999732971191,15.279999732971191,15.279999732971191,50075,0.0,0.0,0.0
2025-12-04 04:10:00+00:00,15.279999732971191,15.279999732971191,15.279999732971191,15.279999732971191,2000,0.0,0.0,0.0
2025-12-04 04:20:00+00:00,15.270000457763672,15.270000457763672,15.270000457763672,15.270000457763672,104005,0.0,0.0,0.0
2025-12-04 04:30:00+00:00,15.270000457763672,15.270000457763672,15.270000457763672,15.270000457763672,10000,0.0,0.0,0.0
2025-12-04 04:35:00+00:00,15.270000457763672,15.270000457763672,15.270000457763672,15.270000457763672,20000,0.0,0.0,0.0
2025-12-04 04:40:00+00:00,15.270000457763672,15.270000457763672,15.270000457763672,15.270000457763672,16120,0.0,0.0,0.0
2025-12-04 04:50:00+00:00,15.270000457763672,15.270000457763672,15.270000457763672,15.270000457763672,8069,0.0,0.0,0.0
2025-12-04 04:55:00+00:00,15.279999732971191,15.279999732971191,15.279999732971191,15.279999732971191,1000,0.0,0.0,0.0
2025-12-04 05:00:00+00:00,15.279999732971191,15.279999732971191,15.279999732971191,15.279999732971191,2000,0.0,0.0,0.0
2025-12-04 05:05:00+00:00,15.289999961853027,15.289999961853027,15.289999961853027,15.289999961853027,49000,0.0,0.0,0.0
2025-12-04 05:10:00+00:00,15.289999961853027,15.289999961853027,15.289999961853027,15.289999961853027,24000,0.0,0.0,0.0
2025-12-04 05:15:00+00:00,15.289999961853027,15.289999961853027,15.289999961853027,15.289999961853027,5004,0.0,0.0,0.0
2025-12-04 05:20:00+00:00,15.300000190734863,15.300000190734863,15.300000190734863,15.300000190734863,54173,0.0,0.0,0.0
2025-12-05 01:00:00+00:00,15.279999732971191,15.289999961853027,15.279999732971191,15.289999961853027,0,0.0,0.0,0.0
2025-12-05 01:05:00+00:00,15.279999732971191,15.279999732971191,15.270000457763672,15.270000457763672,12000,0.0,0.0,0.0
2025-12-05 01:10:00+00:00,15.270000457763672,15.270000457763672,15.260000228881836,15.260000228881836,5233,0.0,0.0,0.0
2025-12-05 01:15:00+00:00,15.260000228881836,15.260000228881836,15.260000228881836,15.260000228881836,6349,0.0,0.0,0.0
2025-12-05 01:20:00+00:00,15.25,15.25,15.229999542236328,15.229999542236328,9659,0.0,0.0,0.0
2025-12-05 01:25:00+00:00,15.220000267028809,15.220000267028809,15.220000267028809,15.220000267028809,14561,0.0,0.0,0.0
2025-12-05 01:30:00+00:00,15.229999542236328,15.229999542236328,15.229999542236328,15.229999542236328,1010,0.0,0.0,0.0
2025-12-05 01:35:00+00:00,15.229999542236328,15.229999542236328,15.220000267028809,15.220000267028809,2104,0.0,0.0,0.0
2025-12-05 01:40:00+00:00,15.220000267028809,15.220000267028809,15.220000267028809,15.220000267028809,2000,0.0,0.0,0.0
2025-12-05 01:45:00+00:00,15.229999542236328,15.229999542236328,15.229999542236328,15.229999542236328,2038,0.0,0.0,0.0
2025-12-05 01:50:00+00:00,15.229999542236328,15.229999542236328,15.229999542236328,15.229999542236328,3000,0.0,0.0,0.0
2025-12-05 01:55:00+00:00,15.229999542236328,15.229999542236328,15.229999542236328,15.229999542236328,1200,0.0,0.0,0.0
2025-12-05 02:00:00+00:00,15.229999542236328,15.229999542236328,15.220000267028809,15.220000267028809,4390,0.0,0.0,0.0
2025-12-05 02:10:00+00:00,15.210000038146973,15.210000038146973,15.199999809265137,15.199999809265137,7710,0.0,0.0,0.0
2025-12-05 02:25:00+00:00,15.210000038146973,15.210000038146973,15.210000038146973,15.210000038146973,12000,0.0,0.0,0.0
2025-12-05 02:30:00+00:00,15.210000038146973,15.210000038146973,15.210000038146973,15.210000038146973,2895,0.0,0.0,0.0
2025-12-05 02:45:00+00:00,15.210000038146973,15.210000038146973,15.210000038146973,15.210000038146973,1190,0.0,0.0,0.0
2025-12-05 02:50:00+00:00,15.210000038146973,15.210000038146973,15.199999809265137,15.199999809265137,65200,0.0,0.0,0.0
2025-12-05 02:55:00+00:00,15.199999809265137,15.199999809265137,15.199999809265137,15.199999809265137,2260,0.0,0.0,0.0
2025-12-05 03:10:00+00:00,15.210000038146973,15.210000038146973,15.210000038146973,15.210000038146973,5870,0.0,0.0,0.0
2025-12-05 03:20:00+00:00,15.199999809265137,15.199999809265137,15.1899995803833,15.1899995803833,18738,0.0,0.0,0.0
2025-12-05 03:30:00+00:00,15.180000305175781,15.180000305175781,15.180000305175781,15.180000305175781,16031,0.0,0.0,0.0
2025-12-05 03:45:00+00:00,15.199999809265137,15.199999809265137,15.199999809265137,15.199999809265137,10200,0.0,0.0,0.0
2025-12-05 03:55:00+00:00,15.199999809265137,15.199999809265137,15.199999809265137,15.199999809265137,3187,0.0,0.0,0.0
2025-12-05 04:15:00+00:00,15.1899995803833,15.1899995803833,15.180000305175781,15.180000305175781,13000,0.0,0.0,0.0
2025-12-05 04:20:00+00:00,15.1899995803833,15.199999809265137,15.1899995803833,15.199999809265137,12024,0.0,0.0,0.0
2025-12-05 04:25:00+00:00,15.199999809265137,15.199999809265137,15.199999809265137,15.199999809265137,2197,0.0,0.0,0.0
2025-12-05 04:30:00+00:00,15.199999809265137,15.199999809265137,15.199999809265137,15.199999809265137,1219,0.0,0.0,0.0
2025-12-05 04:40:00+00:00,15.199999809265137,15.210000038146973,15.199999809265137,15.210000038146973,8400,0.0,0.0,0.0
2025-12-05 04:45:00+00:00,15.210000038146973,15.220000267028809,15.210000038146973,15.220000267028809,76000,0.0,0.0,0.0
2025-12-05 04:50:00+00:00,15.220000267028809,15.220000267028809,15.220000267028809,15.220000267028809,5769,0.0,0.0,0.0
2025-12-05 05:10:00+00:00,15.220000267028809,15.220000267028809,15.220000267028809,15.220000267028809,3100,0.0,0.0,0.0
2025-12-05 05:15:00+00:00,15.220000267028809,15.220000267028809,15.220000267028809,15.220000267028809,1000,0.0,0.0,0.0
2025-12-05 05:20:00+00:00,15.229999542236328,15.229999542236328,15.229999542236328,15.229999542236328,10384,0.0,0.0,0.0
2025-12-08 01:00:00+00:00,15.220000267028809,15.229999542236328,15.210000038146973,15.229999542236328,0,0.0,0.0,0.0
2025-12-08 01:05:00+00:00,15.229999542236328,15.229999542236328,15.220000267028809,15.220000267028809,16347,0.0,0.0,0.0
2025-12-08 01:10:00+00:00,15.220000267028809,15.220000267028809,15.220000267028809,15.220000267028809,10761,0.0,0.0,0.0
2025-12-08 01:15:00+00:00,15.210000038146973,15.220000267028809,15.210000038146973,15.220000267028809,2146,0.0,0.0,0.0
2025-12-08 01:20:00+00:00,15.210000038146973,15.210000038146973,15.210000038146973,15.210000038146973,12000,0.0,0.0,0.0
2025-12-08 01:25:00+00:00,15.220000267028809,15.229999542236328,15.220000267028809,15.229999542236328,50005,0.0,0.0,0.0
2025-12-08 01:30:00+00:00,15.239999771118164,15.239999771118164,15.239999771118164,15.239999771118164,19100,0.0,0.0,0.0
2025-12-08 01:35:00+00:00,15.25,15.25,15.25,15.25,1230,0.0,0.0,0.0
2025-12-08 01:40:00+00:00,15.229999542236328,15.229999542236328,15.229999542236328,15.229999542236328,2025,0.0,0.0,0.0
2025-12-08 01:45:00+00:00,15.25,15.25,15.25,15.25,2179,0.0,0.0,0.0
2025-12-08 01:50:00+00:00,15.239999771118164,15.239999771118164,15.239999771118164,15.239999771118164,4748,0.0,0.0,0.0
2025-12-08 01:55:00+00:00,15.239999771118164,15.239999771118164,15.229999542236328,15.229999542236328,12386,0.0,0.0,0.0
2025-12-08 02:00:00+00:00,15.220000267028809,15.229999542236328,15.210000038146973,15.210000038146973,11697,0.0,0.0,0.0
2025-12-08 02:05:00+00:00,15.210000038146973,15.210000038146973,15.210000038146973,15.210000038146973,12149,0.0,0.0,0.0
2025-12-08 02:10:00+00:00,15.210000038146973,15.210000038146973,15.199999809265137,15.199999809265137,4059,0.0,0.0,0.0
2025-12-08 02:15:00+00:00,15.210000038146973,15.210000038146973,15.210000038146973,15.210000038146973,3082,0.0,0.0,0.0
2025-12-08 02:20:00+00:00,15.210000038146973,15.210000038146973,15.199999809265137,15.199999809265137,91178,0.0,0.0,0.0
2025-12-08 02:25:00+00:00,15.210000038146973,15.210000038146973,15.210000038146973,15.210000038146973,3000,0.0,0.0,0.0
2025-12-08 02:30:00+00:00,15.220000267028809,15.220000267028809,15.220000267028809,15.220000267028809,2396,0.0,0.0,0.0
2025-12-08 02:35:00+00:00,15.210000038146973,15.210000038146973,15.199999809265137,15.199999809265137,7422,0.0,0.0,0.0
2025-12-08 02:40:00+00:00,15.199999809265137,15.199999809265137,15.199999809265137,15.199999809265137,1000,0.0,0.0,0.0
2025-12-08 02:45:00+00:00,15.199999809265137,15.210000038146973,15.1899995803833,15.1899995803833,10126,0.0,0.0,0.0
2025-12-08 02:50:00+00:00,15.199999809265137,15.210000038146973,15.199999809265137,15.210000038146973,102086,0.0,0.0,0.0
2025-12-08 02:55:00+00:00,15.199999809265137,15.199999809265137,15.1899995803833,15.1899995803833,5200,0.0,0.0,0.0
2025-12-08 03:00:00+00:00,15.210000038146973,15.210000038146973,15.210000038146973,15.210000038146973,2307,0.0,0.0,0.0
2025-12-08 03:10:00+00:00,15.199999809265137,15.199999809265137,15.1899995803833,15.1899995803833,3232,0.0,0.0,0.0
2025-12-08 03:15:00+00:00,15.199999809265137,15.199999809265137,15.199999809265137,15.199999809265137,2412,0.0,0.0,0.0
2025-12-08 03:25:00+00:00,15.199999809265137,15.199999809265137,15.199999809265137,15.199999809265137,2252,0.0,0.0,0.0
2025-12-08 03:35:00+00:00,15.199999809265137,15.210000038146973,15.199999809265137,15.210000038146973,7073,0.0,0.0,0.0
2025-12-08 03:40:00+00:00,15.199999809265137,15.199999809265137,15.199999809265137,15.199999809265137,11086,0.0,0.0,0.0
2025-12-08 03:45:00+00:00,15.1899995803833,15.1899995803833,15.180000305175781,15.180000305175781,112127,0.0,0.0,0.0
2025-12-08 03:50:00+00:00,15.1899995803833,15.1899995803833,15.180000305175781,15.180000305175781,3277,0.0,0.0,0.0
2025-12-08 04:00:00+00:00,15.1899995803833,15.1899995803833,15.180000305175781,15.180000305175781,15162,0.0,0.0,0.0
2025-12-08 04:05:00+00:00,15.180000305175781,15.180000305175781,15.180000305175781,15.180000305175781,1034,0.0,0.0,0.0
2025-12-08 04:10:00+00:00,15.180000305175781,15.180000305175781,15.180000305175781,15.180000305175781,3000,0.0,0.0,0.0
2025-12-08 04:15:00+00:00,15.180000305175781,15.180000305175781,15.180000305175781,15.180000305175781,6390,0.0,0.0,0.0
2025-12-08 04:25:00+00:00,15.180000305175781,15.180000305175781,15.180000305175781,15.180000305175781,13156,0.0,0.0,0.0
2025-12-08 04:30:00+00:00,15.180000305175781,15.180000305175781,15.180000305175781,15.180000305175781,1363,0.0,0.0,0.0
2025-12-08 04:40:00+00:00,15.1899995803833,15.1899995803833,15.1899995803833,15.1899995803833,5327,0.0,0.0,0.0
2025-12-08 04:50:00+00:00,15.1899995803833,15.1899995803833,15.1899995803833,15.1899995803833,3100,0.0,0.0,0.0
2025-12-08 04:55:00+00:00,15.1899995803833,15.1899995803833,15.1899995803833,15.1899995803833,2278,0.0,0.0,0.0
2025-12-08 05:00:00+00:00,15.1899995803833,15.1899995803833,15.180000305175781,15.180000305175781,3922,0.0,0.0,0.0
2025-12-08 05:05:00+00:00,15.180000305175781,15.180000305175781,15.180000305175781,15.180000305175781,14076,0.0,0.0,0.0
2025-12-08 05:10:00+00:00,15.180000305175781,15.180000305175781,15.170000076293945,15.170000076293945,14843,0.0,0.0,0.0
2025-12-08 05:15:00+00:00,15.170000076293945,15.170000076293945,15.170000076293945,15.170000076293945,42127,0.0,0.0,0.0
2025-12-08 05:20:00+00:00,15.170000076293945,15.170000076293945,15.170000076293945,15.170000076293945,20190,0.0,0.0,0.0
2025-12-09 01:00:00+00:00,15.180000305175781,15.180000305175781,15.180000305175781,15.180000305175781,0,0.0,0.0,0.0
2025-12-09 01:05:00+00:00,15.15999984741211,15.15999984741211,15.15999984741211,15.15999984741211,11000,0.0,0.0,0.0
2025-12-09 01:10:00+00:00,15.149999618530273,15.15999984741211,15.140000343322754,15.149999618530273,18852,0.0,0.0,0.0
2025-12-09 01:20:00+00:00,15.15999984741211,15.15999984741211,15.149999618530273,15.149999618530273,14837,0.0,0.0,0.0
2025-12-09 01:25:00+00:00,15.149999618530273,15.149999618530273,15.149999618530273,15.149999618530273,2000,0.0,0.0,0.0
2025-12-09 01:30:00+00:00,15.149999618530273,15.149999618530273,15.149999618530273,15.149999618530273,1120,0.0,0.0,0.0
2025-12-09 01:35:00+00:00,15.15999984741211,15.15999984741211,15.140000343322754,15.140000343322754,27250,0.0,0.0,0.0
2025-12-09 01:40:00+00:00,15.140000343322754,15.149999618530273,15.140000343322754,15.149999618530273,26465,0.0,0.0,0.0
2025-12-09 01:45:00+00:00,15.149999618530273,15.149999618530273,15.140000343322754,15.140000343322754,10445,0.0,0.0,0.0
2025-12-09 01:50:00+00:00,15.130000114440918,15.130000114440918,15.130000114440918,15.130000114440918,20980,0.0,0.0,0.0
2025-12-09 01:55:00+00:00,15.130000114440918,15.130000114440918,15.130000114440918,15.130000114440918,6120,0.0,0.0,0.0
2025-12-09 02:00:00+00:00,15.140000343322754,15.140000343322754,15.140000343322754,15.140000343322754,1225,0.0,0.0,0.0
2025-12-09 02:05:00+00:00,15.140000343322754,15.140000343322754,15.130000114440918,15.130000114440918,11000,0.0,0.0,0.0
2025-12-09 02:10:00+00:00,15.130000114440918,15.130000114440918,15.130000114440918,15.130000114440918,5000,0.0,0.0,0.0
2025-12-09 02:15:00+00:00,15.130000114440918,15.130000114440918,15.130000114440918,15.130000114440918,2000,0.0,0.0,0.0
2025-12-09 02:25:00+00:00,15.130000114440918,15.130000114440918,15.130000114440918,15.130000114440918,2000,0.0,0.0,0.0
2025-12-09 02:30:00+00:00,15.140000343322754,15.140000343322754,15.140000343322754,15.140000343322754,1000,0.0,0.0,0.0
2025-12-09 02:35:00+00:00,15.119999885559082,15.119999885559082,15.119999885559082,15.119999885559082,1700,0.0,0.0,0.0
2025-12-09 02:45:00+00:00,15.140000343322754,15.140000343322754,15.140000343322754,15.140000343322754,1000,0.0,0.0,0.0
2025-12-09 02:55:00+00:00,15.130000114440918,15.130000114440918,15.130000114440918,15.130000114440918,10000,0.0,0.0,0.0
2025-12-09 03:00:00+00:00,15.140000343322754,15.140000343322754,15.140000343322754,15.140000343322754,1000,0.0,0.0,0.0
2025-12-09 03:15:00+00:00,15.140000343322754,15.140000343322754,15.140000343322754,15.140000343322754,1150,0.0,0.0,0.0
2025-12-09 03:20:00+00:00,15.140000343322754,15.140000343322754,15.140000343322754,15.140000343322754,4000,0.0,0.0,0.0
2025-12-09 03:25:00+00:00,15.140000343322754,15.140000343322754,15.140000343322754,15.140000343322754,2150,0.0,0.0,0.0
2025-12-09 03:30:00+00:00,15.149999618530273,15.149999618530273,15.130000114440918,15.130000114440918,5396,0.0,0.0,0.0
2025-12-09 03:50:00+00:00,15.130000114440918,15.130000114440918,15.130000114440918,15.130000114440918,2000,0.0,0.0,0.0
2025-12-09 04:00:00+00:00,15.130000114440918,15.140000343322754,15.130000114440918,15.140000343322754,2305,0.0,0.0,0.0
2025-12-09 04:25:00+00:00,15.140000343322754,15.140000343322754,15.140000343322754,15.140000343322754,3423,0.0,0.0,0.0
2025-12-09 04:30:00+00:00,15.140000343322754,15.140000343322754,15.140000343322754,15.140000343322754,2000,0.0,0.0,0.0
2025-12-09 04:35:00+00:00,15.140000343322754,15.140000343322754,15.140000343322754,15.140000343322754,34200,0.0,0.0,0.0
2025-12-09 04:40:00+00:00,15.140000343322754,15.149999618530273,15.130000114440918,15.130000114440918,18235,0.0,0.0,0.0
2025-12-09 04:55:00+00:00,15.130000114440918,15.130000114440918,15.130000114440918,15.130000114440918,2934,0.0,0.0,0.0
2025-12-09 05:20:00+00:00,15.130000114440918,15.140000343322754,15.130000114440918,15.140000343322754,19613,0.0,0.0,0.0
2025-12-10 01:00:00+00:00,15.140000343322754,15.149999618530273,15.140000343322754,15.149999618530273,0,0.0,0.0,0.0
2025-12-10 01:10:00+00:00,15.170000076293945,15.170000076293945,15.170000076293945,15.170000076293945,101299,0.0,0.0,0.0
2025-12-10 01:15:00+00:00,15.15999984741211,15.15999984741211,15.15999984741211,15.15999984741211,1030,0.0,0.0,0.0
2025-12-10 01:20:00+00:00,15.149999618530273,15.149999618530273,15.140000343322754,15.140000343322754,3627,0.0,0.0,0.0
2025-12-10 01:30:00+00:00,15.149999618530273,15.149999618530273,15.149999618530273,15.149999618530273,8195,0.0,0.0,0.0
2025-12-10 01:35:00+00:00,15.140000343322754,15.140000343322754,15.140000343322754,15.140000343322754,20170,0.0,0.0,0.0
2025-12-10 01:50:00+00:00,15.130000114440918,15.130000114440918,15.130000114440918,15.130000114440918,1000,0.0,0.0,0.0
2025-12-10 01:55:00+00:00,15.130000114440918,15.130000114440918,15.130000114440918,15.130000114440918,6216,0.0,0.0,0.0
2025-12-10 02:00:00+00:00,15.130000114440918,15.130000114440918,15.130000114440918,15.130000114440918,1178,0.0,0.0,0.0
2025-12-10 02:05:00+00:00,15.130000114440918,15.130000114440918,15.130000114440918,15.130000114440918,3000,0.0,0.0,0.0
2025-12-10 02:10:00+00:00,15.130000114440918,15.140000343322754,15.130000114440918,15.140000343322754,16009,0.0,0.0,0.0
2025-12-10 02:15:00+00:00,15.149999618530273,15.149999618530273,15.149999618530273,15.149999618530273,1000,0.0,0.0,0.0
2025-12-10 02:20:00+00:00,15.149999618530273,15.149999618530273,15.149999618530273,15.149999618530273,23050,0.0,0.0,0.0
2025-12-10 02:25:00+00:00,15.15999984741211,15.15999984741211,15.15999984741211,15.15999984741211,1090,0.0,0.0,0.0
2025-12-10 02:30:00+00:00,15.15999984741211,15.15999984741211,15.15999984741211,15.15999984741211,14900,0.0,0.0,0.0
2025-12-10 02:40:00+00:00,15.15999984741211,15.15999984741211,15.15999984741211,15.15999984741211,2323,0.0,0.0,0.0
2025-12-10 02:50:00+00:00,15.15999984741211,15.15999984741211,15.15999984741211,15.15999984741211,1308,0.0,0.0,0.0
2025-12-10 02:55:00+00:00,15.15999984741211,15.15999984741211,15.15999984741211,15.15999984741211,2000,0.0,0.0,0.0
2025-12-10 03:00:00+00:00,15.15999984741211,15.170000076293945,15.15999984741211,15.170000076293945,7000,0.0,0.0,0.0
2025-12-10 03:05:00+00:00,15.15999984741211,15.15999984741211,15.15999984741211,15.15999984741211,1337,0.0,0.0,0.0
2025-12-10 03:40:00+00:00,15.15999984741211,15.15999984741211,15.15999984741211,15.15999984741211,1000,0.0,0.0,0.0
2025-12-10 03:45:00+00:00,15.15999984741211,15.15999984741211,15.15999984741211,15.15999984741211,1200,0.0,0.0,0.0
2025-12-10 04:00:00+00:00,15.149999618530273,15.149999618530273,15.149999618530273,15.149999618530273,12000,0.0,0.0,0.0
2025-12-10 04:05:00+00:00,15.140000343322754,15.140000343322754,15.130000114440918,15.130000114440918,127929,0.0,0.0,0.0
2025-12-10 04:15:00+00:00,15.140000343322754,15.140000343322754,15.140000343322754,15.140000343322754,100061,0.0,0.0,0.0
2025-12-10 04:20:00+00:00,15.140000343322754,15.140000343322754,15.140000343322754,15.140000343322754,7066,0.0,0.0,0.0
2025-12-10 04:35:00+00:00,15.140000343322754,15.140000343322754,15.130000114440918,15.130000114440918,11060,0.0,0.0,0.0
2025-12-10 04:45:00+00:00,15.130000114440918,15.130000114440918,15.130000114440918,15.130000114440918,12000,0.0,0.0,0.0
2025-12-10 04:50:00+00:00,15.119999885559082,15.119999885559082,15.119999885559082,15.119999885559082,10000,0.0,0.0,0.0
2025-12-10 04:55:00+00:00,15.130000114440918,15.130000114440918,15.130000114440918,15.130000114440918,6000,0.0,0.0,0.0
2025-12-10 05:00:00+00:00,15.119999885559082,15.119999885559082,15.119999885559082,15.119999885559082,100287,0.0,0.0,0.0
2025-12-10 05:05:00+00:00,15.119999885559082,15.119999885559082,15.119999885559082,15.119999885559082,1174,0.0,0.0,0.0
2025-12-10 05:10:00+00:00,15.119999885559082,15.119999885559082,15.119999885559082,15.119999885559082,19035,0.0,0.0,0.0
2025-12-10 05:15:00+00:00,15.130000114440918,15.130000114440918,15.119999885559082,15.119999885559082,13890,0.0,0.0,0.0
2025-12-11 01:00:00+00:00,15.140000343322754,15.140000343322754,15.140000343322754,15.140000343322754,0,0.0,0.0,0.0
2025-12-11 01:05:00+00:00,15.130000114440918,15.130000114440918,15.119999885559082,15.130000114440918,56542,0.0,0.0,0.0
2025-12-11 01:10:00+00:00,15.149999618530273,15.149999618530273,15.149999618530273,15.149999618530273,25335,0.0,0.0,0.0
2025-12-11 01:20:00+00:00,15.140000343322754,15.15999984741211,15.140000343322754,15.15999984741211,3030,0.0,0.0,0.0
2025-12-11 01:25:00+00:00,15.149999618530273,15.149999618530273,15.149999618530273,15.149999618530273,1000,0.0,0.0,0.0
2025-12-11 01:30:00+00:00,15.130000114440918,15.130000114440918,15.130000114440918,15.130000114440918,17000,0.0,0.0,0.0
2025-12-11 01:35:00+00:00,15.119999885559082,15.119999885559082,15.119999885559082,15.119999885559082,6216,0.0,0.0,0.0
2025-12-11 01:40:00+00:00,15.109999656677246,15.109999656677246,15.109999656677246,15.109999656677246,10365,0.0,0.0,0.0
2025-12-11 01:50:00+00:00,15.109999656677246,15.109999656677246,15.109999656677246,15.109999656677246,5090,0.0,0.0,0.0
2025-12-11 01:55:00+00:00,15.119999885559082,15.130000114440918,15.119999885559082,15.130000114440918,39335,0.0,0.0,0.0
2025-12-11 02:15:00+00:00,15.119999885559082,15.119999885559082,15.109999656677246,15.109999656677246,12000,0.0,0.0,0.0
2025-12-11 02:20:00+00:00,15.109999656677246,15.109999656677246,15.109999656677246,15.109999656677246,9000,0.0,0.0,0.0
2025-12-11 02:25:00+00:00,15.109999656677246,15.109999656677246,15.100000381469727,15.100000381469727,57088,0.0,0.0,0.0
2025-12-11 02:30:00+00:00,15.100000381469727,15.100000381469727,15.09000015258789,15.09000015258789,21872,0.0,0.0,0.0
2025-12-11 02:40:00+00:00,15.09000015258789,15.09000015258789,15.09000015258789,15.09000015258789,7450,0.0,0.0,0.0
2025-12-11 02:45:00+00:00,15.09000015258789,15.09000015258789,15.09000015258789,15.09000015258789,10100,0.0,0.0,0.0
2025-12-11 02:50:00+00:00,15.09000015258789,15.09000015258789,15.09000015258789,15.09000015258789,7030,0.0,0.0,0.0
2025-12-11 02:55:00+00:00,15.09000015258789,15.09000015258789,15.09000015258789,15.09000015258789,2130,0.0,0.0,0.0
2025-12-11 03:00:00+00:00,15.09000015258789,15.09000015258789,15.079999923706055,15.079999923706055,207195,0.0,0.0,0.0
2025-12-11 03:05:00+00:00,15.079999923706055,15.079999923706055,15.069999694824219,15.069999694824219,106542,0.0,0.0,0.0
2025-12-11 03:10:00+00:00,15.069999694824219,15.069999694824219,15.069999694824219,15.069999694824219,2054,0.0,0.0,0.0
2025-12-11 03:15:00+00:00,15.0600004196167,15.0600004196167,15.0600004196167,15.0600004196167,9963,0.0,0.0,0.0
2025-12-11 03:20:00+00:00,15.0600004196167,15.069999694824219,15.0600004196167,15.069999694824219,7010,0.0,0.0,0.0
2025-12-11 03:25:00+00:00,15.069999694824219,15.069999694824219,15.069999694824219,15.069999694824219,3270,0.0,0.0,0.0
2025-12-11 03:30:00+00:00,15.069999694824219,15.069999694824219,15.069999694824219,15.069999694824219,4262,0.0,0.0,0.0
2025-12-11 03:35:00+00:00,15.0600004196167,15.0600004196167,15.0600004196167,15.0600004196167,30552,0.0,0.0,0.0
2025-12-11 03:40:00+00:00,15.0600004196167,15.0600004196167,15.0600004196167,15.0600004196167,1050,0.0,0.0,0.0
2025-12-11 03:45:00+00:00,15.069999694824219,15.079999923706055,15.069999694824219,15.079999923706055,32000,0.0,0.0,0.0
2025-12-11 03:50:00+00:00,15.069999694824219,15.079999923706055,15.069999694824219,15.079999923706055,7145,0.0,0.0,0.0
2025-12-11 03:55:00+00:00,15.079999923706055,15.079999923706055,15.079999923706055,15.079999923706055,1000,0.0,0.0,0.0
2025-12-11 04:00:00+00:00,15.079999923706055,15.079999923706055,15.079999923706055,15.079999923706055,13055,0.0,0.0,0.0
2025-12-11 04:10:00+00:00,15.09000015258789,15.109999656677246,15.09000015258789,15.109999656677246,10630,0.0,0.0,0.0
2025-12-11 04:45:00+00:00,15.109999656677246,15.109999656677246,15.109999656677246,15.109999656677246,3000,0.0,0.0,0.0
2025-12-11 04:50:00+00:00,15.109999656677246,15.109999656677246,15.109999656677246,15.109999656677246,4000,0.0,0.0,0.0
2025-12-11 04:55:00+00:00,15.100000381469727,15.109999656677246,15.100000381469727,15.109999656677246,4199,0.0,0.0,0.0
2025-12-11 05:10:00+00:00,15.109999656677246,15.109999656677246,15.109999656677246,15.109999656677246,5033,0.0,0.0,0.0
2025-12-11 05:15:00+00:00,15.109999656677246,15.109999656677246,15.109999656677246,15.109999656677246,29034,0.0,0.0,0.0
2025-12-11 05:20:00+00:00,15.109999656677246,15.109999656677246,15.109999656677246,15.109999656677246,26010,0.0,0.0,0.0
2025-12-12 01:00:00+00:00,15.210000038146973,15.239999771118164,15.210000038146973,15.239999771118164,0,0.0,0.0,0.0
2025-12-12 01:10:00+00:00,15.239999771118164,15.260000228881836,15.239999771118164,15.260000228881836,22615,0.0,0.0,0.0
2025-12-12 01:15:00+00:00,15.260000228881836,15.300000190734863,15.260000228881836,15.300000190734863,77249,0.0,0.0,0.0
2025-12-12 01:20:00+00:00,15.279999732971191,15.289999961853027,15.279999732971191,15.289999961853027,7190,0.0,0.0,0.0
2025-12-12 01:25:00+00:00,15.289999961853027,15.289999961853027,15.289999961853027,15.289999961853027,27045,0.0,0.0,0.0
2025-12-12 01:30:00+00:00,15.300000190734863,15.300000190734863,15.289999961853027,15.300000190734863,73435,0.0,0.0,0.0
2025-12-12 01:35:00+00:00,15.300000190734863,15.319999694824219,15.300000190734863,15.319999694824219,100981,0.0,0.0,0.0
2025-12-12 01:40:00+00:00,15.319999694824219,15.319999694824219,15.319999694824219,15.319999694824219,98016,0.0,0.0,0.0
2025-12-12 01:55:00+00:00,15.300000190734863,15.319999694824219,15.300000190734863,15.319999694824219,185767,0.0,0.0,0.0
2025-12-12 02:15:00+00:00,15.300000190734863,15.300000190734863,15.300000190734863,15.300000190734863,2950,0.0,0.0,0.0
2025-12-12 02:20:00+00:00,15.300000190734863,15.3100004196167,15.300000190734863,15.3100004196167,10055,0.0,0.0,0.0
2025-12-12 02:25:00+00:00,15.319999694824219,15.319999694824219,15.319999694824219,15.319999694824219,1738,0.0,0.0,0.0
2025-12-12 02:30:00+00:00,15.3100004196167,15.319999694824219,15.3100004196167,15.3100004196167,79000,0.0,0.0,0.0
2025-12-12 02:35:00+00:00,15.319999694824219,15.329999923706055,15.319999694824219,15.329999923706055,8039,0.0,0.0,0.0
2025-12-12 02:40:00+00:00,15.329999923706055,15.34000015258789,15.329999923706055,15.34000015258789,40671,0.0,0.0,0.0
2025-12-12 02:50:00+00:00,15.329999923706055,15.329999923706055,15.329999923706055,15.329999923706055,5020,0.0,0.0,0.0
2025-12-12 02:55:00+00:00,15.34000015258789,15.34000015258789,15.34000015258789,15.34000015258789,2073,0.0,0.0,0.0
2025-12-12 03:05:00+00:00,15.319999694824219,15.329999923706055,15.319999694824219,15.319999694824219,13176,0.0,0.0,0.0
2025-12-12 03:15:00+00:00,15.3100004196167,15.3100004196167,15.300000190734863,15.300000190734863,100000,0.0,0.0,0.0
2025-12-12 03:20:00+00:00,15.289999961853027,15.289999961853027,15.289999961853027,15.289999961853027,107040,0.0,0.0,0.0
2025-12-12 03:25:00+00:00,15.289999961853027,15.289999961853027,15.289999961853027,15.289999961853027,4357,0.0,0.0,0.0
2025-12-12 03:50:00+00:00,15.279999732971191,15.279999732971191,15.279999732971191,15.279999732971191,2075,0.0,0.0,0.0
2025-12-12 04:05:00+00:00,15.289999961853027,15.289999961853027,15.289999961853027,15.289999961853027,3873,0.0,0.0,0.0
2025-12-12 04:15:00+00:00,15.279999732971191,15.279999732971191,15.270000457763672,15.270000457763672,4000,0.0,0.0,0.0
2025-12-12 04:20:00+00:00,15.270000457763672,15.270000457763672,15.270000457763672,15.270000457763672,3058,0.0,0.0,0.0
2025-12-12 04:25:00+00:00,15.289999961853027,15.289999961853027,15.289999961853027,15.289999961853027,2000,0.0,0.0,0.0
2025-12-12 04:30:00+00:00,15.270000457763672,15.270000457763672,15.270000457763672,15.270000457763672,2200,0.0,0.0,0.0
2025-12-12 04:35:00+00:00,15.270000457763672,15.270000457763672,15.270000457763672,15.270000457763672,3000,0.0,0.0,0.0
2025-12-12 04:40:00+00:00,15.270000457763672,15.270000457763672,15.270000457763672,15.270000457763672,12218,0.0,0.0,0.0
2025-12-12 04:45:00+00:00,15.289999961853027,15.289999961853027,15.289999961853027,15.289999961853027,2299,0.0,0.0,0.0
2025-12-12 05:00:00+00:00,15.289999961853027,15.289999961853027,15.289999961853027,15.289999961853027,1000,0.0,0.0,0.0
2025-12-12 05:05:00+00:00,15.289999961853027,15.289999961853027,15.289999961853027,15.289999961853027,1000,0.0,0.0,0.0
2025-12-12 05:10:00+00:00,15.289999961853027,15.289999961853027,15.289999961853027,15.289999961853027,2000,0.0,0.0,0.0
2025-12-12 05:15:00+00:00,15.289999961853027,15.289999961853027,15.289999961853027,15.289999961853027,3110,0.0,0.0,0.0
2025-12-12 05:20:00+00:00,15.279999732971191,15.279999732971191,15.279999732971191,15.279999732971191,9651,0.0,0.0,0.0
2025-12-15 01:00:00+00:00,15.260000228881836,15.260000228881836,15.220000267028809,15.220000267028809,0,0.0,0.0,0.0
2025-12-15 01:05:00+00:00,15.220000267028809,15.229999542236328,15.210000038146973,15.210000038146973,56261,0.0,0.0,0.0
2025-12-15 01:10:00+00:00,15.229999542236328,15.229999542236328,15.229999542236328,15.229999542236328,2030,0.0,0.0,0.0
2025-12-15 01:15:00+00:00,15.229999542236328,15.229999542236328,15.229999542236328,15.229999542236328,1000,0.0,0.0,0.0
2025-12-15 01:20:00+00:00,15.229999542236328,15.239999771118164,15.220000267028809,15.220000267028809,12000,0.0,0.0,0.0
2025-12-15 01:25:00+00:00,15.239999771118164,15.239999771118164,15.239999771118164,15.239999771118164,4657,0.0,0.0,0.0
2025-12-15 01:30:00+00:00,15.239999771118164,15.239999771118164,15.239999771118164,15.239999771118164,2283,0.0,0.0,0.0
2025-12-15 01:40:00+00:00,15.25,15.25,15.25,15.25,1670,0.0,0.0,0.0
2025-12-15 01:45:00+00:00,15.260000228881836,15.270000457763672,15.239999771118164,15.25,23100,0.0,0.0,0.0
2025-12-15 01:50:00+00:00,15.270000457763672,15.270000457763672,15.270000457763672,15.270000457763672,40250,0.0,0.0,0.0
2025-12-15 01:55:00+00:00,15.270000457763672,15.270000457763672,15.270000457763672,15.270000457763672,7100,0.0,0.0,0.0
2025-12-15 02:00:00+00:00,15.289999961853027,15.289999961853027,15.289999961853027,15.289999961853027,2229,0.0,0.0,0.0
2025-12-15 02:05:00+00:00,15.289999961853027,15.289999961853027,15.289999961853027,15.289999961853027,57638,0.0,0.0,0.0
2025-12-15 02:15:00+00:00,15.300000190734863,15.300000190734863,15.300000190734863,15.300000190734863,1212,0.0,0.0,0.0
2025-12-15 02:20:00+00:00,15.300000190734863,15.300000190734863,15.300000190734863,15.300000190734863,5007,0.0,0.0,0.0
2025-12-15 02:30:00+00:00,15.300000190734863,15.300000190734863,15.300000190734863,15.300000190734863,42080,0.0,0.0,0.0
2025-12-15 02:45:00+00:00,15.279999732971191,15.300000190734863,15.279999732971191,15.279999732971191,8100,0.0,0.0,0.0
2025-12-15 03:00:00+00:00,15.279999732971191,15.279999732971191,15.279999732971191,15.279999732971191,31140,0.0,0.0,0.0
2025-12-15 03:05:00+00:00,15.289999961853027,15.289999961853027,15.289999961853027,15.289999961853027,2095,0.0,0.0,0.0
2025-12-15 03:15:00+00:00,15.289999961853027,15.289999961853027,15.289999961853027,15.289999961853027,1000,0.0,0.0,0.0
2025-12-15 03:20:00+00:00,15.289999961853027,15.289999961853027,15.289999961853027,15.289999961853027,4000,0.0,0.0,0.0
2025-12-15 03:25:00+00:00,15.300000190734863,15.300000190734863,15.300000190734863,15.300000190734863,15045,0.0,0.0,0.0
2025-12-15 03:30:00+00:00,15.3100004196167,15.3100004196167,15.300000190734863,15.300000190734863,2724,0.0,0.0,0.0
2025-12-15 03:50:00+00:00,15.289999961853027,15.289999961853027,15.289999961853027,15.289999961853027,54095,0.0,0.0,0.0
2025-12-15 04:00:00+00:00,15.300000190734863,15.300000190734863,15.300000190734863,15.300000190734863,1721,0.0,0.0,0.0
2025-12-15 04:05:00+00:00,15.300000190734863,15.300000190734863,15.300000190734863,15.300000190734863,2250,0.0,0.0,0.0
2025-12-15 04:10:00+00:00,15.289999961853027,15.289999961853027,15.289999961853027,15.289999961853027,3000,0.0,0.0,0.0
2025-12-15 04:20:00+00:00,15.270000457763672,15.270000457763672,15.270000457763672,15.270000457763672,7111,0.0,0.0,0.0
2025-12-15 04:25:00+00:00,15.260000228881836,15.260000228881836,15.260000228881836,15.260000228881836,4100,0.0,0.0,0.0
2025-12-15 04:30:00+00:00,15.289999961853027,15.300000190734863,15.289999961853027,15.300000190734863,4303,0.0,0.0,0.0
2025-12-15 04:35:00+00:00,15.300000190734863,15.300000190734863,15.300000190734863,15.300000190734863,2100,0.0,0.0,0.0
2025-12-15 04:40:00+00:00,15.300000190734863,15.300000190734863,15.300000190734863,15.300000190734863,1092,0.0,0.0,0.0
2025-12-15 04:45:00+00:00,15.279999732971191,15.279999732971191,15.279999732971191,15.279999732971191,4000,0.0,0.0,0.0
2025-12-15 04:55:00+00:00,15.279999732971191,15.279999732971191,15.279999732971191,15.279999732971191,2298,0.0,0.0,0.0
2025-12-15 05:15:00+00:00,15.279999732971191,15.279999732971191,15.279999732971191,15.279999732971191,14434,0.0,0.0,0.0
2025-12-15 05:20:00+00:00,15.279999732971191,15.279999732971191,15.279999732971191,15.279999732971191,53958,0.0,0.0,0.0
2025-12-16 01:00:00+00:00,15.1899995803833,15.1899995803833,15.1899995803833,15.1899995803833,0,0.0,0.0,0.0
2025-12-16 01:05:00+00:00,15.1899995803833,15.1899995803833,15.1899995803833,15.1899995803833,3406,0.0,0.0,0.0
2025-12-16 01:10:00+00:00,15.199999809265137,15.199999809265137,15.199999809265137,15.199999809265137,1060,0.0,0.0,0.0
2025-12-16 01:20:00+00:00,15.229999542236328,15.25,15.229999542236328,15.25,8502,0.0,0.0,0.0
2025-12-16 01:30:00+00:00,15.229999542236328,15.229999542236328,15.229999542236328,15.229999542236328,4211,0.0,0.0,0.0
2025-12-16 01:35:00+00:00,15.220000267028809,15.220000267028809,15.220000267028809,15.220000267028809,7210,0.0,0.0,0.0
2025-12-16 01:45:00+00:00,15.229999542236328,15.229999542236328,15.199999809265137,15.199999809265137,22924,0.0,0.0,0.0
2025-12-16 01:50:00+00:00,15.199999809265137,15.199999809265137,15.199999809265137,15.199999809265137,1000,0.0,0.0,0.0
2025-12-16 01:55:00+00:00,15.199999809265137,15.199999809265137,15.199999809265137,15.199999809265137,5147,0.0,0.0,0.0
2025-12-16 02:00:00+00:00,15.220000267028809,15.220000267028809,15.220000267028809,15.220000267028809,2100,0.0,0.0,0.0
2025-12-16 02:15:00+00:00,15.220000267028809,15.220000267028809,15.220000267028809,15.220000267028809,3319,0.0,0.0,0.0
2025-12-16 02:30:00+00:00,15.220000267028809,15.220000267028809,15.220000267028809,15.220000267028809,2301,0.0,0.0,0.0
2025-12-16 02:40:00+00:00,15.220000267028809,15.239999771118164,15.220000267028809,15.239999771118164,106008,0.0,0.0,0.0
2025-12-16 02:45:00+00:00,15.239999771118164,15.239999771118164,15.229999542236328,15.229999542236328,4172,0.0,0.0,0.0
2025-12-16 02:50:00+00:00,15.239999771118164,15.239999771118164,15.239999771118164,15.239999771118164,2118,0.0,0.0,0.0
2025-12-16 03:00:00+00:00,15.229999542236328,15.229999542236328,15.210000038146973,15.210000038146973,45430,0.0,0.0,0.0
2025-12-16 03:05:00+00:00,15.210000038146973,15.210000038146973,15.199999809265137,15.199999809265137,54339,0.0,0.0,0.0
2025-12-16 03:10:00+00:00,15.1899995803833,15.1899995803833,15.1899995803833,15.1899995803833,25121,0.0,0.0,0.0
2025-12-16 03:15:00+00:00,15.180000305175781,15.180000305175781,15.180000305175781,15.180000305175781,13355,0.0,0.0,0.0
2025-12-16 03:20:00+00:00,15.170000076293945,15.170000076293945,15.170000076293945,15.170000076293945,3118,0.0,0.0,0.0
2025-12-16 03:25:00+00:00,15.170000076293945,15.170000076293945,15.170000076293945,15.170000076293945,4170,0.0,0.0,0.0
2025-12-16 03:30:00+00:00,15.170000076293945,15.170000076293945,15.15999984741211,15.15999984741211,16167,0.0,0.0,0.0
2025-12-16 03:35:00+00:00,15.170000076293945,15.170000076293945,15.170000076293945,15.170000076293945,2000,0.0,0.0,0.0
2025-12-16 03:40:00+00:00,15.180000305175781,15.180000305175781,15.180000305175781,15.180000305175781,2118,0.0,0.0,0.0
2025-12-16 03:50:00+00:00,15.210000038146973,15.210000038146973,15.199999809265137,15.210000038146973,6018,0.0,0.0,0.0
2025-12-16 03:55:00+00:00,15.220000267028809,15.229999542236328,15.220000267028809,15.220000267028809,132018,0.0,0.0,0.0
2025-12-16 04:00:00+00:00,15.220000267028809,15.220000267028809,15.220000267028809,15.220000267028809,5018,0.0,0.0,0.0
2025-12-16 04:10:00+00:00,15.220000267028809,15.220000267028809,15.220000267028809,15.220000267028809,2235,0.0,0.0,0.0
2025-12-16 04:20:00+00:00,15.220000267028809,15.25,15.220000267028809,15.25,442731,0.0,0.0,0.0
2025-12-16 04:35:00+00:00,15.239999771118164,15.239999771118164,15.239999771118164,15.239999771118164,3366,0.0,0.0,0.0
2025-12-16 04:45:00+00:00,15.229999542236328,15.229999542236328,15.229999542236328,15.229999542236328,1066,0.0,0.0,0.0
2025-12-16 04:50:00+00:00,15.229999542236328,15.229999542236328,15.229999542236328,15.229999542236328,1051,0.0,0.0,0.0
2025-12-16 05:00:00+00:00,15.229999542236328,15.229999542236328,15.229999542236328,15.229999542236328,1150,0.0,0.0,0.0
2025-12-16 05:05:00+00:00,15.220000267028809,15.220000267028809,15.210000038146973,15.210000038146973,16396,0.0,0.0,0.0
2025-12-16 05:10:00+00:00,15.220000267028809,15.220000267028809,15.210000038146973,15.210000038146973,35074,0.0,0.0,0.0
2025-12-16 05:20:00+00:00,15.199999809265137,15.210000038146973,15.199999809265137,15.210000038146973,15734,0.0,0.0,0.0
2025-12-17 01:00:00+00:00,15.25,15.300000190734863,15.25,15.300000190734863,0,0.0,0.0,0.0
2025-12-17 01:05:00+00:00,15.300000190734863,15.3100004196167,15.300000190734863,15.300000190734863,6400,0.0,0.0,0.0
2025-12-17 01:10:00+00:00,15.3100004196167,15.3100004196167,15.300000190734863,15.300000190734863,5125,0.0,0.0,0.0
2025-12-17 01:15:00+00:00,15.300000190734863,15.3100004196167,15.289999961853027,15.3100004196167,59200,0.0,0.0,0.0
2025-12-17 01:20:00+00:00,15.3100004196167,15.319999694824219,15.3100004196167,15.319999694824219,14430,0.0,0.0,0.0
2025-12-17 01:25:00+00:00,15.329999923706055,15.329999923706055,15.329999923706055,15.329999923706055,38493,0.0,0.0,0.0
2025-12-17 01:30:00+00:00,15.350000381469727,15.350000381469727,15.350000381469727,15.350000381469727,28856,0.0,0.0,0.0
2025-12-17 01:35:00+00:00,15.350000381469727,15.359999656677246,15.350000381469727,15.359999656677246,38450,0.0,0.0,0.0
2025-12-17 01:40:00+00:00,15.359999656677246,15.390000343322754,15.359999656677246,15.390000343322754,88627,0.0,0.0,0.0
2025-12-17 01:45:00+00:00,15.380000114440918,15.380000114440918,15.380000114440918,15.380000114440918,3100,0.0,0.0,0.0
2025-12-17 01:50:00+00:00,15.359999656677246,15.359999656677246,15.329999923706055,15.329999923706055,13030,0.0,0.0,0.0
2025-12-17 01:55:00+00:00,15.300000190734863,15.319999694824219,15.300000190734863,15.319999694824219,9100,0.0,0.0,0.0
2025-12-17 02:00:00+00:00,15.319999694824219,15.319999694824219,15.319999694824219,15.319999694824219,2040,0.0,0.0,0.0
2025-12-17 02:05:00+00:00,15.319999694824219,15.319999694824219,15.319999694824219,15.319999694824219,1000,0.0,0.0,0.0
2025-12-17 02:10:00+00:00,15.319999694824219,15.319999694824219,15.319999694824219,15.319999694824219,5000,0.0,0.0,0.0
2025-12-17 02:15:00+00:00,15.319999694824219,15.319999694824219,15.319999694824219,15.319999694824219,15250,0.0,0.0,0.0
2025-12-17 02:30:00+00:00,15.319999694824219,15.319999694824219,15.319999694824219,15.319999694824219,70000,0.0,0.0,0.0
2025-12-17 02:35:00+00:00,15.319999694824219,15.319999694824219,15.319999694824219,15.319999694824219,10065,0.0,0.0,0.0
2025-12-17 02:40:00+00:00,15.329999923706055,15.329999923706055,15.3100004196167,15.3100004196167,2776,0.0,0.0,0.0
2025-12-17 03:15:00+00:00,15.3100004196167,15.319999694824219,15.3100004196167,15.319999694824219,6000,0.0,0.0,0.0
2025-12-17 03:20:00+00:00,15.3100004196167,15.3100004196167,15.3100004196167,15.3100004196167,1000,0.0,0.0,0.0
2025-12-17 03:25:00+00:00,15.3100004196167,15.3100004196167,15.3100004196167,15.3100004196167,1340,0.0,0.0,0.0
2025-12-17 03:35:00+00:00,15.319999694824219,15.319999694824219,15.319999694824219,15.319999694824219,23160,0.0,0.0,0.0
2025-12-17 03:40:00+00:00,15.319999694824219,15.329999923706055,15.319999694824219,15.329999923706055,22500,0.0,0.0,0.0
2025-12-17 03:45:00+00:00,15.329999923706055,15.34000015258789,15.329999923706055,15.34000015258789,3078,0.0,0.0,0.0
2025-12-17 03:50:00+00:00,15.350000381469727,15.350000381469727,15.350000381469727,15.350000381469727,44563,0.0,0.0,0.0
2025-12-17 04:05:00+00:00,15.350000381469727,15.350000381469727,15.350000381469727,15.350000381469727,2030,0.0,0.0,0.0
2025-12-17 04:25:00+00:00,15.329999923706055,15.329999923706055,15.319999694824219,15.319999694824219,22722,0.0,0.0,0.0
2025-12-17 04:30:00+00:00,15.300000190734863,15.300000190734863,15.300000190734863,15.300000190734863,3000,0.0,0.0,0.0
2025-12-17 04:35:00+00:00,15.300000190734863,15.300000190734863,15.300000190734863,15.300000190734863,9014,0.0,0.0,0.0
2025-12-17 04:40:00+00:00,15.300000190734863,15.300000190734863,15.300000190734863,15.300000190734863,3020,0.0,0.0,0.0
2025-12-17 04:45:00+00:00,15.289999961853027,15.300000190734863,15.289999961853027,15.300000190734863,5152,0.0,0.0,0.0
2025-12-17 04:50:00+00:00,15.279999732971191,15.279999732971191,15.279999732971191,15.279999732971191,3383,0.0,0.0,0.0
2025-12-17 04:55:00+00:00,15.270000457763672,15.279999732971191,15.270000457763672,15.279999732971191,2000,0.0,0.0,0.0
2025-12-17 05:00:00+00:00,15.279999732971191,15.279999732971191,15.270000457763672,15.270000457763672,13000,0.0,0.0,0.0
2025-12-17 05:05:00+00:00,15.279999732971191,15.279999732971191,15.279999732971191,15.279999732971191,2180,0.0,0.0,0.0
2025-12-17 05:15:00+00:00,15.279999732971191,15.279999732971191,15.279999732971191,15.279999732971191,1000,0.0,0.0,0.0
2025-12-17 05:20:00+00:00,15.279999732971191,15.289999961853027,15.279999732971191,15.289999961853027,25409,0.0,0.0,0.0
2025-12-18 01:00:00+00:00,15.279999732971191,15.289999961853027,15.279999732971191,15.289999961853027,0,0.0,0.0,0.0
2025-12-18 01:05:00+00:00,15.279999732971191,15.279999732971191,15.279999732971191,15.279999732971191,11501,0.0,0.0,0.0
2025-12-18 01:10:00+00:00,15.270000457763672,15.270000457763672,15.239999771118164,15.239999771118164,107393,0.0,0.0,0.0
2025-12-18 01:15:00+00:00,15.239999771118164,15.25,15.239999771118164,15.239999771118164,43124,0.0,0.0,0.0
2025-12-18 01:20:00+00:00,15.239999771118164,15.239999771118164,15.239999771118164,15.239999771118164,4134,0.0,0.0,0.0
2025-12-18 01:25:00+00:00,15.239999771118164,15.239999771118164,15.229999542236328,15.229999542236328,42308,0.0,0.0,0.0
2025-12-18 01:30:00+00:00,15.25,15.25,15.25,15.25,0,0.0,0.0,0.0
2025-12-18 01:35:00+00:00,15.270000457763672,15.270000457763672,15.270000457763672,15.270000457763672,276594,0.0,0.0,0.0
2025-12-18 01:40:00+00:00,15.25,15.25,15.239999771118164,15.239999771118164,7299,0.0,0.0,0.0
2025-12-18 01:45:00+00:00,15.239999771118164,15.239999771118164,15.239999771118164,15.239999771118164,1150,0.0,0.0,0.0
2025-12-18 01:50:00+00:00,15.229999542236328,15.229999542236328,15.220000267028809,15.220000267028809,8756,0.0,0.0,0.0
2025-12-18 01:55:00+00:00,15.220000267028809,15.239999771118164,15.220000267028809,15.239999771118164,6068,0.0,0.0,0.0
2025-12-18 02:00:00+00:00,15.239999771118164,15.239999771118164,15.239999771118164,15.239999771118164,8000,0.0,0.0,0.0
2025-12-18 02:05:00+00:00,15.239999771118164,15.239999771118164,15.239999771118164,15.239999771118164,4007,0.0,0.0,0.0
2025-12-18 02:15:00+00:00,15.25,15.279999732971191,15.25,15.279999732971191,39033,0.0,0.0,0.0
2025-12-18 02:20:00+00:00,15.300000190734863,15.300000190734863,15.300000190734863,15.300000190734863,35000,0.0,0.0,0.0
2025-12-18 02:25:00+00:00,15.300000190734863,15.300000190734863,15.300000190734863,15.300000190734863,1007,0.0,0.0,0.0
2025-12-18 02:35:00+00:00,15.300000190734863,15.300000190734863,15.300000190734863,15.300000190734863,1043,0.0,0.0,0.0
2025-12-18 02:40:00+00:00,15.289999961853027,15.289999961853027,15.289999961853027,15.289999961853027,100000,0.0,0.0,0.0
2025-12-18 02:45:00+00:00,15.300000190734863,15.300000190734863,15.289999961853027,15.289999961853027,56301,0.0,0.0,0.0
2025-12-18 02:55:00+00:00,15.279999732971191,15.279999732971191,15.279999732971191,15.279999732971191,2053,0.0,0.0,0.0
2025-12-18 03:15:00+00:00,15.260000228881836,15.260000228881836,15.260000228881836,15.260000228881836,57454,0.0,0.0,0.0
2025-12-18 03:25:00+00:00,15.25,15.25,15.239999771118164,15.239999771118164,54200,0.0,0.0,0.0
2025-12-18 03:35:00+00:00,15.239999771118164,15.239999771118164,15.239999771118164,15.239999771118164,2780,0.0,0.0,0.0
2025-12-18 03:50:00+00:00,15.260000228881836,15.260000228881836,15.260000228881836,15.260000228881836,1350,0.0,0.0,0.0
2025-12-18 04:00:00+00:00,15.260000228881836,15.270000457763672,15.260000228881836,15.260000228881836,102440,0.0,0.0,0.0
2025-12-18 04:25:00+00:00,15.270000457763672,15.270000457763672,15.270000457763672,15.270000457763672,1000,0.0,0.0,0.0
2025-12-18 04:30:00+00:00,15.270000457763672,15.279999732971191,15.270000457763672,15.279999732971191,7000,0.0,0.0,0.0
2025-12-18 04:35:00+00:00,15.289999961853027,15.289999961853027,15.289999961853027,15.289999961853027,1000,0.0,0.0,0.0
2025-12-18 04:40:00+00:00,15.279999732971191,15.279999732971191,15.279999732971191,15.279999732971191,2215,0.0,0.0,0.0
2025-12-18 04:55:00+00:00,15.270000457763672,15.270000457763672,15.270000457763672,15.270000457763672,1000,0.0,0.0,0.0
2025-12-18 05:00:00+00:00,15.260000228881836,15.260000228881836,15.260000228881836,15.260000228881836,6075,0.0,0.0,0.0
2025-12-18 05:15:00+00:00,15.270000457763672,15.270000457763672,15.270000457763672,15.270000457763672,3154,0.0,0.0,0.0
2025-12-18 05:20:00+00:00,15.260000228881836,15.260000228881836,15.260000228881836,15.260000228881836,15706,0.0,0.0,0.0
2025-12-19 01:00:00+00:00,15.279999732971191,15.279999732971191,15.270000457763672,15.270000457763672,0,0.0,0.0,0.0
2025-12-19 01:05:00+00:00,15.270000457763672,15.300000190734863,15.270000457763672,15.300000190734863,9681,0.0,0.0,0.0
2025-12-19 01:15:00+00:00,15.3100004196167,15.3100004196167,15.3100004196167,15.3100004196167,3008,0.0,0.0,0.0
2025-12-19 01:20:00+00:00,15.3100004196167,15.3100004196167,15.3100004196167,15.3100004196167,6192,0.0,0.0,0.0
2025-12-19 01:25:00+00:00,15.3100004196167,15.3100004196167,15.3100004196167,15.3100004196167,6127,0.0,0.0,0.0
2025-12-19 01:30:00+00:00,15.319999694824219,15.319999694824219,15.319999694824219,15.319999694824219,218371,0.0,0.0,0.0
2025-12-19 01:35:00+00:00,15.329999923706055,15.329999923706055,15.329999923706055,15.329999923706055,9715,0.0,0.0,0.0
2025-12-19 01:40:00+00:00,15.329999923706055,15.329999923706055,15.329999923706055,15.329999923706055,3000,0.0,0.0,0.0
2025-12-19 01:45:00+00:00,15.34000015258789,15.34000015258789,15.34000015258789,15.34000015258789,1130,0.0,0.0,0.0
2025-12-19 01:50:00+00:00,15.34000015258789,15.350000381469727,15.34000015258789,15.350000381469727,57181,0.0,0.0,0.0
2025-12-19 01:55:00+00:00,15.350000381469727,15.350000381469727,15.329999923706055,15.329999923706055,37088,0.0,0.0,0.0
2025-12-19 02:00:00+00:00,15.350000381469727,15.350000381469727,15.350000381469727,15.350000381469727,21576,0.0,0.0,0.0
2025-12-19 02:05:00+00:00,15.350000381469727,15.350000381469727,15.350000381469727,15.350000381469727,14079,0.0,0.0,0.0
2025-12-19 02:10:00+00:00,15.359999656677246,15.359999656677246,15.359999656677246,15.359999656677246,19000,0.0,0.0,0.0
2025-12-19 02:15:00+00:00,15.369999885559082,15.369999885559082,15.369999885559082,15.369999885559082,28270,0.0,0.0,0.0
2025-12-19 02:30:00+00:00,15.369999885559082,15.369999885559082,15.359999656677246,15.369999885559082,3150,0.0,0.0,0.0
2025-12-19 02:35:00+00:00,15.359999656677246,15.359999656677246,15.359999656677246,15.359999656677246,49100,0.0,0.0,0.0
2025-12-19 02:40:00+00:00,15.359999656677246,15.359999656677246,15.350000381469727,15.350000381469727,3000,0.0,0.0,0.0
2025-12-19 02:45:00+00:00,15.350000381469727,15.359999656677246,15.350000381469727,15.359999656677246,3151,0.0,0.0,0.0
2025-12-19 02:50:00+00:00,15.359999656677246,15.369999885559082,15.359999656677246,15.369999885559082,92166,0.0,0.0,0.0
2025-12-19 03:05:00+00:00,15.369999885559082,15.369999885559082,15.369999885559082,15.369999885559082,4000,0.0,0.0,0.0
2025-12-19 03:20:00+00:00,15.369999885559082,15.390000343322754,15.369999885559082,15.390000343322754,71905,0.0,0.0,0.0
2025-12-19 03:25:00+00:00,15.399999618530273,15.430000305175781,15.399999618530273,15.430000305175781,51731,0.0,0.0,0.0
2025-12-19 03:40:00+00:00,15.40999984741211,15.40999984741211,15.40999984741211,15.40999984741211,2348,0.0,0.0,0.0
2025-12-19 03:45:00+00:00,15.40999984741211,15.40999984741211,15.40999984741211,15.40999984741211,1442,0.0,0.0,0.0
2025-12-19 03:55:00+00:00,15.40999984741211,15.40999984741211,15.40999984741211,15.40999984741211,1150,0.0,0.0,0.0
2025-12-19 04:00:00+00:00,15.420000076293945,15.420000076293945,15.420000076293945,15.420000076293945,9000,0.0,0.0,0.0
2025-12-19 04:05:00+00:00,15.420000076293945,15.420000076293945,15.420000076293945,15.420000076293945,4000,0.0,0.0,0.0
2025-12-19 04:10:00+00:00,15.420000076293945,15.420000076293945,15.420000076293945,15.420000076293945,25000,0.0,0.0,0.0
2025-12-19 04:15:00+00:00,15.40999984741211,15.40999984741211,15.40999984741211,15.40999984741211,1000,0.0,0.0,0.0
2025-12-19 04:20:00+00:00,15.430000305175781,15.430000305175781,15.430000305175781,15.430000305175781,1000,0.0,0.0,0.0
2025-12-19 04:25:00+00:00,15.40999984741211,15.40999984741211,15.399999618530273,15.399999618530273,33000,0.0,0.0,0.0
2025-12-19 04:30:00+00:00,15.399999618530273,15.399999618530273,15.399999618530273,15.399999618530273,4700,0.0,0.0,0.0
2025-12-19 04:40:00+00:00,15.399999618530273,15.399999618530273,15.399999618530273,15.399999618530273,6037,0.0,0.0,0.0
2025-12-19 04:45:00+00:00,15.40999984741211,15.40999984741211,15.40999984741211,15.40999984741211,5000,0.0,0.0,0.0
2025-12-19 04:50:00+00:00,15.399999618530273,15.399999618530273,15.399999618530273,15.399999618530273,8725,0.0,0.0,0.0
2025-12-19 04:55:00+00:00,15.399999618530273,15.399999618530273,15.399999618530273,15.399999618530273,13201,0.0,0.0,0.0
2025-12-19 05:00:00+00:00,15.390000343322754,15.40999984741211,15.390000343322754,15.40999984741211,54000,0.0,0.0,0.0
2025-12-19 05:05:00+00:00,15.40999984741211,15.40999984741211,15.40999984741211,15.40999984741211,1000,0.0,0.0,0.0
2025-12-19 05:10:00+00:00,15.420000076293945,15.420000076293945,15.40999984741211,15.40999984741211,2010,0.0,0.0,0.0
2025-12-19 05:15:00+00:00,15.40999984741211,15.40999984741211,15.40999984741211,15.40999984741211,52009,0.0,0.0,0.0
2025-12-19 05:20:00+00:00,15.420000076293945,15.430000305175781,15.40999984741211,15.40999984741211,38813,0.0,0.0,0.0
2025-12-22 01:00:00+00:00,15.430000305175781,15.479999542236328,15.430000305175781,15.479999542236328,0,0.0,0.0,0.0
2025-12-22 01:05:00+00:00,15.479999542236328,15.489999771118164,15.460000038146973,15.470000267028809,17144,0.0,0.0,0.0
2025-12-22 01:10:00+00:00,15.470000267028809,15.470000267028809,15.449999809265137,15.460000038146973,61928,0.0,0.0,0.0
2025-12-22 01:15:00+00:00,15.449999809265137,15.449999809265137,15.4399995803833,15.4399995803833,46416,0.0,0.0,0.0
2025-12-22 01:20:00+00:00,15.4399995803833,15.449999809265137,15.4399995803833,15.4399995803833,15300,0.0,0.0,0.0
2025-12-22 01:25:00+00:00,15.4399995803833,15.4399995803833,15.430000305175781,15.430000305175781,30888,0.0,0.0,0.0
2025-12-22 01:30:00+00:00,15.449999809265137,15.449999809265137,15.449999809265137,15.449999809265137,5057,0.0,0.0,0.0
2025-12-22 01:35:00+00:00,15.449999809265137,15.460000038146973,15.449999809265137,15.460000038146973,335481,0.0,0.0,0.0
2025-12-22 01:40:00+00:00,15.460000038146973,15.470000267028809,15.460000038146973,15.470000267028809,73860,0.0,0.0,0.0
2025-12-22 01:45:00+00:00,15.479999542236328,15.489999771118164,15.479999542236328,15.489999771118164,45058,0.0,0.0,0.0
2025-12-22 01:50:00+00:00,15.489999771118164,15.489999771118164,15.489999771118164,15.489999771118164,1486,0.0,0.0,0.0
2025-12-22 01:55:00+00:00,15.479999542236328,15.479999542236328,15.479999542236328,15.479999542236328,1372,0.0,0.0,0.0
2025-12-22 02:00:00+00:00,15.479999542236328,15.489999771118164,15.479999542236328,15.489999771118164,28105,0.0,0.0,0.0
2025-12-22 02:05:00+00:00,15.489999771118164,15.489999771118164,15.489999771118164,15.489999771118164,2326,0.0,0.0,0.0
2025-12-22 02:10:00+00:00,15.489999771118164,15.5,15.489999771118164,15.5,24026,0.0,0.0,0.0
2025-12-22 02:15:00+00:00,15.489999771118164,15.489999771118164,15.479999542236328,15.479999542236328,203000,0.0,0.0,0.0
2025-12-22 02:20:00+00:00,15.479999542236328,15.479999542236328,15.479999542236328,15.479999542236328,68238,0.0,0.0,0.0
2025-12-22 02:25:00+00:00,15.489999771118164,15.489999771118164,15.479999542236328,15.479999542236328,4000,0.0,0.0,0.0
2025-12-22 02:30:00+00:00,15.470000267028809,15.470000267028809,15.470000267028809,15.470000267028809,1014,0.0,0.0,0.0
2025-12-22 02:35:00+00:00,15.479999542236328,15.479999542236328,15.479999542236328,15.479999542236328,23247,0.0,0.0,0.0
2025-12-22 02:40:00+00:00,15.479999542236328,15.479999542236328,15.479999542236328,15.479999542236328,1000,0.0,0.0,0.0
2025-12-22 02:45:00+00:00,15.479999542236328,15.5,15.479999542236328,15.5,192191,0.0,0.0,0.0
2025-12-22 02:50:00+00:00,15.5,15.5,15.5,15.5,23015,0.0,0.0,0.0
2025-12-22 02:55:00+00:00,15.5,15.5,15.489999771118164,15.489999771118164,22725,0.0,0.0,0.0
2025-12-22 03:00:00+00:00,15.5,15.510000228881836,15.5,15.510000228881836,36407,0.0,0.0,0.0
2025-12-22 03:10:00+00:00,15.510000228881836,15.520000457763672,15.510000228881836,15.520000457763672,43640,0.0,0.0,0.0
2025-12-22 03:15:00+00:00,15.520000457763672,15.520000457763672,15.520000457763672,15.520000457763672,1024,0.0,0.0,0.0
2025-12-22 03:20:00+00:00,15.520000457763672,15.520000457763672,15.520000457763672,15.520000457763672,11094,0.0,0.0,0.0
2025-12-22 03:25:00+00:00,15.5,15.5,15.5,15.5,3000,0.0,0.0,0.0
2025-12-22 03:30:00+00:00,15.5,15.510000228881836,15.5,15.510000228881836,30249,0.0,0.0,0.0
2025-12-22 03:40:00+00:00,15.510000228881836,15.510000228881836,15.510000228881836,15.510000228881836,1000,0.0,0.0,0.0
2025-12-22 03:45:00+00:00,15.510000228881836,15.510000228881836,15.510000228881836,15.510000228881836,40989,0.0,0.0,0.0
2025-12-22 03:50:00+00:00,15.5,15.520000457763672,15.5,15.5,3300,0.0,0.0,0.0
2025-12-22 03:55:00+00:00,15.5,15.5,15.5,15.5,31100,0.0,0.0,0.0
2025-12-22 04:00:00+00:00,15.5,15.5,15.5,15.5,5034,0.0,0.0,0.0
2025-12-22 04:10:00+00:00,15.5,15.5,15.5,15.5,4211,0.0,0.0,0.0
2025-12-22 04:20:00+00:00,15.5,15.5,15.5,15.5,30057,0.0,0.0,0.0
2025-12-22 04:30:00+00:00,15.5,15.520000457763672,15.489999771118164,15.489999771118164,21000,0.0,0.0,0.0
2025-12-22 04:35:00+00:00,15.510000228881836,15.510000228881836,15.510000228881836,15.510000228881836,3208,0.0,0.0,0.0
2025-12-22 04:45:00+00:00,15.510000228881836,15.510000228881836,15.5,15.5,25524,0.0,0.0,0.0
2025-12-22 04:50:00+00:00,15.5,15.5,15.5,15.5,3698,0.0,0.0,0.0
2025-12-22 04:55:00+00:00,15.510000228881836,15.510000228881836,15.510000228881836,15.510000228881836,4000,0.0,0.0,0.0
2025-12-22 05:00:00+00:00,15.5,15.5,15.5,15.5,5012,0.0,0.0,0.0
2025-12-22 05:05:00+00:00,15.5,15.5,15.5,15.5,12417,0.0,0.0,0.0
2025-12-22 05:10:00+00:00,15.5,15.5,15.5,15.5,10500,0.0,0.0,0.0
2025-12-22 05:15:00+00:00,15.5,15.5,15.489999771118164,15.489999771118164,22266,0.0,0.0,0.0
2025-12-22 05:20:00+00:00,15.5,15.510000228881836,15.5,15.510000228881836,24956,0.0,0.0,0.0
2025-12-23 01:00:00+00:00,15.319999694824219,15.34000015258789,15.319999694824219,15.34000015258789,0,0.0,0.0,0.0
2025-12-23 01:05:00+00:00,15.319999694824219,15.329999923706055,15.3100004196167,15.3100004196167,21276,0.0,0.0,0.0
2025-12-23 01:10:00+00:00,15.300000190734863,15.319999694824219,15.300000190734863,15.319999694824219,6942,0.0,0.0,0.0
2025-12-23 01:15:00+00:00,15.300000190734863,15.3100004196167,15.300000190734863,15.3100004196167,17592,0.0,0.0,0.0
2025-12-23 01:20:00+00:00,15.300000190734863,15.300000190734863,15.300000190734863,15.300000190734863,12435,0.0,0.0,0.0
2025-12-23 01:25:00+00:00,15.300000190734863,15.300000190734863,15.300000190734863,15.300000190734863,69190,0.0,0.0,0.0
2025-12-23 01:30:00+00:00,15.3100004196167,15.3100004196167,15.300000190734863,15.3100004196167,6053,0.0,0.0,0.0
2025-12-23 01:35:00+00:00,15.3100004196167,15.3100004196167,15.3100004196167,15.3100004196167,4028,0.0,0.0,0.0
2025-12-23 01:40:00+00:00,15.3100004196167,15.3100004196167,15.3100004196167,15.3100004196167,16488,0.0,0.0,0.0
2025-12-23 01:45:00+00:00,15.34000015258789,15.34000015258789,15.319999694824219,15.319999694824219,2000,0.0,0.0,0.0
2025-12-23 01:55:00+00:00,15.319999694824219,15.319999694824219,15.319999694824219,15.319999694824219,10000,0.0,0.0,0.0
2025-12-23 02:00:00+00:00,15.329999923706055,15.329999923706055,15.319999694824219,15.319999694824219,3000,0.0,0.0,0.0
2025-12-23 02:05:00+00:00,15.319999694824219,15.319999694824219,15.319999694824219,15.319999694824219,10003,0.0,0.0,0.0
2025-12-23 02:15:00+00:00,15.319999694824219,15.319999694824219,15.319999694824219,15.319999694824219,11009,0.0,0.0,0.0
2025-12-23 02:20:00+00:00,15.3100004196167,15.319999694824219,15.3100004196167,15.319999694824219,2395,0.0,0.0,0.0
2025-12-23 02:30:00+00:00,15.319999694824219,15.319999694824219,15.319999694824219,15.319999694824219,1753,0.0,0.0,0.0
2025-12-23 02:35:00+00:00,15.319999694824219,15.319999694824219,15.319999694824219,15.319999694824219,2000,0.0,0.0,0.0
2025-12-23 02:40:00+00:00,15.3100004196167,15.3100004196167,15.3100004196167,15.3100004196167,4438,0.0,0.0,0.0
2025-12-23 02:45:00+00:00,15.3100004196167,15.3100004196167,15.3100004196167,15.3100004196167,1060,0.0,0.0,0.0
2025-12-23 02:55:00+00:00,15.300000190734863,15.300000190734863,15.300000190734863,15.300000190734863,25039,0.0,0.0,0.0
2025-12-23 03:00:00+00:00,15.3100004196167,15.3100004196167,15.3100004196167,15.3100004196167,1219,0.0,0.0,0.0
2025-12-23 03:05:00+00:00,15.3100004196167,15.3100004196167,15.3100004196167,15.3100004196167,2210,0.0,0.0,0.0
2025-12-23 03:15:00+00:00,15.319999694824219,15.319999694824219,15.319999694824219,15.319999694824219,1000,0.0,0.0,0.0
2025-12-23 03:20:00+00:00,15.319999694824219,15.319999694824219,15.3100004196167,15.3100004196167,15265,0.0,0.0,0.0
2025-12-23 03:30:00+00:00,15.3100004196167,15.3100004196167,15.3100004196167,15.3100004196167,15000,0.0,0.0,0.0
2025-12-23 03:40:00+00:00,15.300000190734863,15.300000190734863,15.300000190734863,15.300000190734863,10000,0.0,0.0,0.0
2025-12-23 03:45:00+00:00,15.300000190734863,15.300000190734863,15.300000190734863,15.300000190734863,1936,0.0,0.0,0.0
2025-12-23 04:05:00+00:00,15.300000190734863,15.300000190734863,15.300000190734863,15.300000190734863,1543,0.0,0.0,0.0
2025-12-23 04:25:00+00:00,15.300000190734863,15.300000190734863,15.300000190734863,15.300000190734863,1100,0.0,0.0,0.0
2025-12-23 04:30:00+00:00,15.300000190734863,15.300000190734863,15.300000190734863,15.300000190734863,2115,0.0,0.0,0.0
2025-12-23 04:35:00+00:00,15.300000190734863,15.300000190734863,15.300000190734863,15.300000190734863,11298,0.0,0.0,0.0
2025-12-23 04:45:00+00:00,15.289999961853027,15.300000190734863,15.289999961853027,15.300000190734863,6100,0.0,0.0,0.0
2025-12-23 04:50:00+00:00,15.289999961853027,15.289999961853027,15.289999961853027,15.289999961853027,1190,0.0,0.0,0.0
2025-12-23 04:55:00+00:00,15.300000190734863,15.300000190734863,15.300000190734863,15.300000190734863,2592,0.0,0.0,0.0
2025-12-23 05:15:00+00:00,15.300000190734863,15.300000190734863,15.300000190734863,15.300000190734863,6854,0.0,0.0,0.0
2025-12-23 05:20:00+00:00,15.300000190734863,15.300000190734863,15.300000190734863,15.300000190734863,14259,0.0,0.0,0.0
2025-12-24 01:00:00+00:00,15.319999694824219,15.390000343322754,15.319999694824219,15.390000343322754,0,0.0,0.0,0.0
2025-12-24 01:15:00+00:00,15.350000381469727,15.350000381469727,15.350000381469727,15.350000381469727,4040,0.0,0.0,0.0
2025-12-24 01:20:00+00:00,15.350000381469727,15.350000381469727,15.34000015258789,15.34000015258789,28000,0.0,0.0,0.0
2025-12-24 01:25:00+00:00,15.350000381469727,15.350000381469727,15.329999923706055,15.329999923706055,26436,0.0,0.0,0.0
2025-12-24 01:30:00+00:00,15.329999923706055,15.34000015258789,15.329999923706055,15.329999923706055,92000,0.0,0.0,0.0
2025-12-24 01:35:00+00:00,15.34000015258789,15.359999656677246,15.34000015258789,15.359999656677246,9403,0.0,0.0,0.0
2025-12-24 01:45:00+00:00,15.350000381469727,15.350000381469727,15.350000381469727,15.350000381469727,2300,0.0,0.0,0.0
2025-12-24 01:50:00+00:00,15.350000381469727,15.350000381469727,15.350000381469727,15.350000381469727,7124,0.0,0.0,0.0
2025-12-24 01:55:00+00:00,15.350000381469727,15.350000381469727,15.350000381469727,15.350000381469727,1000,0.0,0.0,0.0
2025-12-24 02:00:00+00:00,15.359999656677246,15.359999656677246,15.359999656677246,15.359999656677246,1124,0.0,0.0,0.0
2025-12-24 02:05:00+00:00,15.350000381469727,15.350000381469727,15.350000381469727,15.350000381469727,1000,0.0,0.0,0.0
2025-12-24 02:10:00+00:00,15.350000381469727,15.350000381469727,15.350000381469727,15.350000381469727,8296,0.0,0.0,0.0
2025-12-24 02:30:00+00:00,15.34000015258789,15.34000015258789,15.34000015258789,15.34000015258789,3037,0.0,0.0,0.0
2025-12-24 02:40:00+00:00,15.319999694824219,15.319999694824219,15.319999694824219,15.319999694824219,1300,0.0,0.0,0.0
2025-12-24 02:45:00+00:00,15.3100004196167,15.3100004196167,15.3100004196167,15.3100004196167,4645,0.0,0.0,0.0
2025-12-24 02:50:00+00:00,15.300000190734863,15.300000190734863,15.300000190734863,15.300000190734863,17000,0.0,0.0,0.0
2025-12-24 02:55:00+00:00,15.300000190734863,15.300000190734863,15.300000190734863,15.300000190734863,3580,0.0,0.0,0.0
2025-12-24 03:00:00+00:00,15.300000190734863,15.300000190734863,15.300000190734863,15.300000190734863,3000,0.0,0.0,0.0
2025-12-24 03:05:00+00:00,15.300000190734863,15.300000190734863,15.300000190734863,15.300000190734863,1113,0.0,0.0,0.0
2025-12-24 03:15:00+00:00,15.300000190734863,15.300000190734863,15.300000190734863,15.300000190734863,7303,0.0,0.0,0.0
2025-12-24 03:40:00+00:00,15.289999961853027,15.289999961853027,15.289999961853027,15.289999961853027,1000,0.0,0.0,0.0
2025-12-24 03:50:00+00:00,15.300000190734863,15.300000190734863,15.300000190734863,15.300000190734863,22000,0.0,0.0,0.0
2025-12-24 04:00:00+00:00,15.300000190734863,15.300000190734863,15.300000190734863,15.300000190734863,1136,0.0,0.0,0.0
2025-12-24 04:15:00+00:00,15.300000190734863,15.300000190734863,15.300000190734863,15.300000190734863,15213,0.0,0.0,0.0
2025-12-24 04:30:00+00:00,15.3100004196167,15.3100004196167,15.3100004196167,15.3100004196167,1000,0.0,0.0,0.0
2025-12-24 04:50:00+00:00,15.300000190734863,15.300000190734863,15.300000190734863,15.300000190734863,11000,0.0,0.0,0.0
2025-12-24 04:55:00+00:00,15.300000190734863,15.300000190734863,15.300000190734863,15.300000190734863,7033,0.0,0.0,0.0
2025-12-24 05:15:00+00:00,15.289999961853027,15.289999961853027,15.289999961853027,15.289999961853027,3051,0.0,0.0,0.0
2025-12-26 01:00:00+00:00,15.300000190734863,15.300000190734863,15.300000190734863,15.300000190734863,0,0.0,0.0,0.0
2025-12-26 01:10:00+00:00,15.300000190734863,15.300000190734863,15.300000190734863,15.300000190734863,2349,0.0,0.0,0.0
2025-12-26 01:15:00+00:00,15.289999961853027,15.289999961853027,15.279999732971191,15.279999732971191,2373,0.0,0.0,0.0
2025-12-26 01:20:00+00:00,15.289999961853027,15.300000190734863,15.289999961853027,15.300000190734863,19048,0.0,0.0,0.0
2025-12-26 01:25:00+00:00,15.3100004196167,15.3100004196167,15.300000190734863,15.300000190734863,5120,0.0,0.0,0.0
2025-12-26 01:30:00+00:00,15.300000190734863,15.300000190734863,15.300000190734863,15.300000190734863,19481,0.0,0.0,0.0
2025-12-26 01:35:00+00:00,15.300000190734863,15.300000190734863,15.300000190734863,15.300000190734863,31000,0.0,0.0,0.0
2025-12-26 01:40:00+00:00,15.3100004196167,15.3100004196167,15.3100004196167,15.3100004196167,106075,0.0,0.0,0.0
2025-12-26 01:45:00+00:00,15.319999694824219,15.319999694824219,15.319999694824219,15.319999694824219,1472,0.0,0.0,0.0
2025-12-26 01:50:00+00:00,15.3100004196167,15.3100004196167,15.3100004196167,15.3100004196167,3000,0.0,0.0,0.0
2025-12-26 01:55:00+00:00,15.319999694824219,15.319999694824219,15.319999694824219,15.319999694824219,35370,0.0,0.0,0.0
2025-12-26 02:00:00+00:00,15.319999694824219,15.319999694824219,15.319999694824219,15.319999694824219,2100,0.0,0.0,0.0
2025-12-26 02:05:00+00:00,15.319999694824219,15.329999923706055,15.319999694824219,15.329999923706055,5361,0.0,0.0,0.0
2025-12-26 02:15:00+00:00,15.319999694824219,15.319999694824219,15.289999961853027,15.289999961853027,104143,0.0,0.0,0.0
2025-12-26 02:20:00+00:00,15.289999961853027,15.289999961853027,15.289999961853027,15.289999961853027,2006,0.0,0.0,0.0
2025-12-26 02:25:00+00:00,15.279999732971191,15.279999732971191,15.279999732971191,15.279999732971191,30042,0.0,0.0,0.0
2025-12-26 02:30:00+00:00,15.300000190734863,15.300000190734863,15.300000190734863,15.300000190734863,1153,0.0,0.0,0.0
2025-12-26 02:35:00+00:00,15.300000190734863,15.300000190734863,15.300000190734863,15.300000190734863,7000,0.0,0.0,0.0
2025-12-26 02:40:00+00:00,15.279999732971191,15.279999732971191,15.279999732971191,15.279999732971191,6087,0.0,0.0,0.0
2025-12-26 02:45:00+00:00,15.300000190734863,15.300000190734863,15.300000190734863,15.300000190734863,2409,0.0,0.0,0.0
2025-12-26 02:55:00+00:00,15.300000190734863,15.300000190734863,15.300000190734863,15.300000190734863,100038,0.0,0.0,0.0
2025-12-26 03:00:00+00:00,15.300000190734863,15.300000190734863,15.300000190734863,15.300000190734863,1341,0.0,0.0,0.0
2025-12-26 03:05:00+00:00,15.300000190734863,15.300000190734863,15.300000190734863,15.300000190734863,103000,0.0,0.0,0.0
2025-12-26 03:10:00+00:00,15.300000190734863,15.300000190734863,15.300000190734863,15.300000190734863,6100,0.0,0.0,0.0
2025-12-26 03:15:00+00:00,15.3100004196167,15.319999694824219,15.3100004196167,15.319999694824219,2038,0.0,0.0,0.0
2025-12-26 03:20:00+00:00,15.319999694824219,15.319999694824219,15.319999694824219,15.319999694824219,1063,0.0,0.0,0.0
2025-12-26 03:30:00+00:00,15.319999694824219,15.319999694824219,15.3100004196167,15.3100004196167,4250,0.0,0.0,0.0
2025-12-26 03:45:00+00:00,15.300000190734863,15.300000190734863,15.300000190734863,15.300000190734863,2000,0.0,0.0,0.0
2025-12-26 03:50:00+00:00,15.300000190734863,15.300000190734863,15.300000190734863,15.300000190734863,1718,0.0,0.0,0.0
2025-12-26 03:55:00+00:00,15.300000190734863,15.300000190734863,15.300000190734863,15.300000190734863,12729,0.0,0.0,0.0
2025-12-26 04:45:00+00:00,15.300000190734863,15.300000190734863,15.300000190734863,15.300000190734863,2276,0.0,0.0,0.0
2025-12-26 04:50:00+00:00,15.300000190734863,15.300000190734863,15.300000190734863,15.300000190734863,9046,0.0,0.0,0.0
2025-12-26 04:55:00+00:00,15.300000190734863,15.300000190734863,15.300000190734863,15.300000190734863,22336,0.0,0.0,0.0
2025-12-26 05:15:00+00:00,15.289999961853027,15.300000190734863,15.289999961853027,15.300000190734863,4034,0.0,0.0,0.0
2025-12-26 05:20:00+00:00,15.300000190734863,15.300000190734863,15.300000190734863,15.300000190734863,10134,0.0,0.0,0.0
2025-12-29 01:00:00+00:00,15.3100004196167,15.319999694824219,15.3100004196167,15.319999694824219,0,0.0,0.0,0.0
2025-12-29 01:05:00+00:00,15.329999923706055,15.34000015258789,15.329999923706055,15.34000015258789,31923,0.0,0.0,0.0
2025-12-29 01:10:00+00:00,15.329999923706055,15.34000015258789,15.329999923706055,15.34000015258789,15901,0.0,0.0,0.0
2025-12-29 01:15:00+00:00,15.34000015258789,15.34000015258789,15.34000015258789,15.34000015258789,1100,0.0,0.0,0.0
2025-12-29 01:20:00+00:00,15.329999923706055,15.329999923706055,15.329999923706055,15.329999923706055,1186,0.0,0.0,0.0
2025-12-29 01:25:00+00:00,15.329999923706055,15.329999923706055,15.329999923706055,15.329999923706055,34465,0.0,0.0,0.0
2025-12-29 01:30:00+00:00,15.329999923706055,15.350000381469727,15.329999923706055,15.350000381469727,90286,0.0,0.0,0.0
2025-12-29 01:35:00+00:00,15.359999656677246,15.369999885559082,15.359999656677246,15.369999885559082,15238,0.0,0.0,0.0
2025-12-29 01:45:00+00:00,15.369999885559082,15.369999885559082,15.369999885559082,15.369999885559082,116151,0.0,0.0,0.0
2025-12-29 01:50:00+00:00,15.369999885559082,15.369999885559082,15.369999885559082,15.369999885559082,8000,0.0,0.0,0.0
2025-12-29 01:55:00+00:00,15.369999885559082,15.380000114440918,15.359999656677246,15.359999656677246,11493,0.0,0.0,0.0
2025-12-29 02:00:00+00:00,15.380000114440918,15.380000114440918,15.380000114440918,15.380000114440918,26841,0.0,0.0,0.0
2025-12-29 02:05:00+00:00,15.390000343322754,15.399999618530273,15.390000343322754,15.399999618530273,30275,0.0,0.0,0.0
2025-12-29 02:15:00+00:00,15.380000114440918,15.380000114440918,15.380000114440918,15.380000114440918,2170,0.0,0.0,0.0
2025-12-29 02:20:00+00:00,15.380000114440918,15.390000343322754,15.380000114440918,15.390000343322754,46000,0.0,0.0,0.0
2025-12-29 02:25:00+00:00,15.399999618530273,15.399999618530273,15.399999618530273,15.399999618530273,2085,0.0,0.0,0.0
2025-12-29 02:30:00+00:00,15.399999618530273,15.399999618530273,15.399999618530273,15.399999618530273,1856,0.0,0.0,0.0
2025-12-29 02:45:00+00:00,15.369999885559082,15.369999885559082,15.359999656677246,15.359999656677246,4483,0.0,0.0,0.0
2025-12-29 02:55:00+00:00,15.359999656677246,15.359999656677246,15.359999656677246,15.359999656677246,37243,0.0,0.0,0.0
2025-12-29 03:05:00+00:00,15.359999656677246,15.359999656677246,15.359999656677246,15.359999656677246,2547,0.0,0.0,0.0
2025-12-29 03:30:00+00:00,15.350000381469727,15.359999656677246,15.350000381469727,15.359999656677246,48991,0.0,0.0,0.0
2025-12-29 03:35:00+00:00,15.359999656677246,15.369999885559082,15.34000015258789,15.369999885559082,12283,0.0,0.0,0.0
2025-12-29 03:45:00+00:00,15.359999656677246,15.359999656677246,15.359999656677246,15.359999656677246,2020,0.0,0.0,0.0
2025-12-29 04:00:00+00:00,15.350000381469727,15.350000381469727,15.350000381469727,15.350000381469727,25000,0.0,0.0,0.0
2025-12-29 04:05:00+00:00,15.350000381469727,15.350000381469727,15.350000381469727,15.350000381469727,2049,0.0,0.0,0.0
2025-12-29 04:10:00+00:00,15.350000381469727,15.350000381469727,15.350000381469727,15.350000381469727,5004,0.0,0.0,0.0
2025-12-29 04:15:00+00:00,15.350000381469727,15.350000381469727,15.350000381469727,15.350000381469727,3026,0.0,0.0,0.0
2025-12-29 04:20:00+00:00,15.350000381469727,15.350000381469727,15.350000381469727,15.350000381469727,3311,0.0,0.0,0.0
2025-12-29 04:35:00+00:00,15.350000381469727,15.350000381469727,15.350000381469727,15.350000381469727,7296,0.0,0.0,0.0
2025-12-29 04:45:00+00:00,15.350000381469727,15.350000381469727,15.350000381469727,15.350000381469727,4000,0.0,0.0,0.0
2025-12-29 04:50:00+00:00,15.329999923706055,15.329999923706055,15.329999923706055,15.329999923706055,9000,0.0,0.0,0.0
2025-12-29 04:55:00+00:00,15.329999923706055,15.329999923706055,15.329999923706055,15.329999923706055,2480,0.0,0.0,0.0
2025-12-29 05:00:00+00:00,15.329999923706055,15.329999923706055,15.329999923706055,15.329999923706055,11049,0.0,0.0,0.0
2025-12-29 05:10:00+00:00,15.34000015258789,15.34000015258789,15.329999923706055,15.329999923706055,11175,0.0,0.0,0.0
2025-12-29 05:15:00+00:00,15.329999923706055,15.329999923706055,15.329999923706055,15.329999923706055,3056,0.0,0.0,0.0
2025-12-29 05:20:00+00:00,15.319999694824219,15.329999923706055,15.319999694824219,15.319999694824219,76354,0.0,0.0,0.0
2025-12-30 01:00:00+00:00,15.300000190734863,15.300000190734863,15.300000190734863,15.300000190734863,0,0.0,0.0,0.0
2025-12-30 01:05:00+00:00,15.300000190734863,15.300000190734863,15.300000190734863,15.300000190734863,1239,0.0,0.0,0.0
2025-12-30 01:10:00+00:00,15.289999961853027,15.289999961853027,15.289999961853027,15.289999961853027,4629,0.0,0.0,0.0
2025-12-30 01:15:00+00:00,15.289999961853027,15.289999961853027,15.289999961853027,15.289999961853027,2079,0.0,0.0,0.0
2025-12-30 01:25:00+00:00,15.289999961853027,15.289999961853027,15.289999961853027,15.289999961853027,1060,0.0,0.0,0.0
2025-12-30 01:30:00+00:00,15.289999961853027,15.289999961853027,15.270000457763672,15.270000457763672,5502,0.0,0.0,0.0
2025-12-30 01:40:00+00:00,15.260000228881836,15.279999732971191,15.260000228881836,15.279999732971191,6270,0.0,0.0,0.0
2025-12-30 01:50:00+00:00,15.270000457763672,15.270000457763672,15.260000228881836,15.260000228881836,13000,0.0,0.0,0.0
2025-12-30 01:55:00+00:00,15.260000228881836,15.260000228881836,15.260000228881836,15.260000228881836,12401,0.0,0.0,0.0
2025-12-30 02:00:00+00:00,15.260000228881836,15.260000228881836,15.25,15.25,22519,0.0,0.0,0.0
2025-12-30 02:05:00+00:00,15.25,15.25,15.239999771118164,15.239999771118164,8000,0.0,0.0,0.0
2025-12-30 02:10:00+00:00,15.239999771118164,15.239999771118164,15.239999771118164,15.239999771118164,3343,0.0,0.0,0.0
2025-12-30 02:25:00+00:00,15.239999771118164,15.239999771118164,15.239999771118164,15.239999771118164,3092,0.0,0.0,0.0
2025-12-30 02:30:00+00:00,15.239999771118164,15.239999771118164,15.239999771118164,15.239999771118164,8476,0.0,0.0,0.0
2025-12-30 02:55:00+00:00,15.25,15.25,15.25,15.25,2218,0.0,0.0,0.0
2025-12-30 03:10:00+00:00,15.239999771118164,15.239999771118164,15.239999771118164,15.239999771118164,4221,0.0,0.0,0.0
2025-12-30 03:20:00+00:00,15.25,15.25,15.25,15.25,1038,0.0,0.0,0.0
2025-12-30 03:30:00+00:00,15.25,15.25,15.25,15.25,1108,0.0,0.0,0.0
2025-12-30 03:40:00+00:00,15.239999771118164,15.25,15.239999771118164,15.25,11000,0.0,0.0,0.0
2025-12-30 03:45:00+00:00,15.25,15.25,15.25,15.25,1000,0.0,0.0,0.0
2025-12-30 04:00:00+00:00,15.25,15.25,15.25,15.25,19000,0.0,0.0,0.0
2025-12-30 04:05:00+00:00,15.260000228881836,15.260000228881836,15.260000228881836,15.260000228881836,3051,0.0,0.0,0.0
2025-12-30 04:10:00+00:00,15.270000457763672,15.270000457763672,15.270000457763672,15.270000457763672,12000,0.0,0.0,0.0
2025-12-30 04:15:00+00:00,15.270000457763672,15.270000457763672,15.270000457763672,15.270000457763672,3030,0.0,0.0,0.0
2025-12-30 04:25:00+00:00,15.270000457763672,15.270000457763672,15.270000457763672,15.270000457763672,1038,0.0,0.0,0.0
2025-12-30 04:35:00+00:00,15.270000457763672,15.270000457763672,15.270000457763672,15.270000457763672,5233,0.0,0.0,0.0
2025-12-30 04:50:00+00:00,15.279999732971191,15.279999732971191,15.270000457763672,15.270000457763672,7010,0.0,0.0,0.0
2025-12-30 04:55:00+00:00,15.270000457763672,15.270000457763672,15.270000457763672,15.270000457763672,1068,0.0,0.0,0.0
2025-12-30 05:00:00+00:00,15.270000457763672,15.270000457763672,15.270000457763672,15.270000457763672,3024,0.0,0.0,0.0
2025-12-30 05:05:00+00:00,15.279999732971191,15.279999732971191,15.279999732971191,15.279999732971191,37393,0.0,0.0,0.0
2025-12-30 05:15:00+00:00,15.289999961853027,15.289999961853027,15.289999961853027,15.289999961853027,23564,0.0,0.0,0.0
2025-12-31 01:00:00+00:00,15.279999732971191,15.300000190734863,15.279999732971191,15.300000190734863,0,0.0,0.0,0.0
2025-12-31 01:05:00+00:00,15.300000190734863,15.300000190734863,15.300000190734863,15.300000190734863,101855,0.0,0.0,0.0
2025-12-31 01:15:00+00:00,15.279999732971191,15.279999732971191,15.279999732971191,15.279999732971191,2132,0.0,0.0,0.0
2025-12-31 01:20:00+00:00,15.270000457763672,15.270000457763672,15.260000228881836,15.260000228881836,105240,0.0,0.0,0.0
2025-12-31 01:30:00+00:00,15.25,15.25,15.229999542236328,15.229999542236328,117441,0.0,0.0,0.0
2025-12-31 01:35:00+00:00,15.229999542236328,15.229999542236328,15.229999542236328,15.229999542236328,10165,0.0,0.0,0.0
2025-12-31 01:40:00+00:00,15.229999542236328,15.229999542236328,15.229999542236328,15.229999542236328,3100,0.0,0.0,0.0
2025-12-31 01:45:00+00:00,15.229999542236328,15.229999542236328,15.220000267028809,15.220000267028809,40237,0.0,0.0,0.0
2025-12-31 01:50:00+00:00,15.220000267028809,15.220000267028809,15.210000038146973,15.220000267028809,10159,0.0,0.0,0.0
2025-12-31 02:00:00+00:00,15.220000267028809,15.220000267028809,15.220000267028809,15.220000267028809,32692,0.0,0.0,0.0
2025-12-31 02:15:00+00:00,15.220000267028809,15.229999542236328,15.220000267028809,15.229999542236328,22320,0.0,0.0,0.0
2025-12-31 02:20:00+00:00,15.220000267028809,15.220000267028809,15.220000267028809,15.220000267028809,5320,0.0,0.0,0.0
2025-12-31 02:40:00+00:00,15.220000267028809,15.220000267028809,15.220000267028809,15.220000267028809,1005,0.0,0.0,0.0
2025-12-31 02:55:00+00:00,15.229999542236328,15.229999542236328,15.229999542236328,15.229999542236328,2033,0.0,0.0,0.0
2025-12-31 03:00:00+00:00,15.239999771118164,15.25,15.239999771118164,15.25,18000,0.0,0.0,0.0
2025-12-31 03:10:00+00:00,15.260000228881836,15.260000228881836,15.260000228881836,15.260000228881836,3551,0.0,0.0,0.0
2025-12-31 03:25:00+00:00,15.239999771118164,15.239999771118164,15.239999771118164,15.239999771118164,2000,0.0,0.0,0.0
2025-12-31 03:30:00+00:00,15.25,15.25,15.25,15.25,1000,0.0,0.0,0.0
2025-12-31 03:40:00+00:00,15.25,15.25,15.25,15.25,9030,0.0,0.0,0.0
2025-12-31 03:50:00+00:00,15.239999771118164,15.239999771118164,15.239999771118164,15.239999771118164,2000,0.0,0.0,0.0
2025-12-31 03:55:00+00:00,15.239999771118164,15.239999771118164,15.239999771118164,15.239999771118164,1000,0.0,0.0,0.0
2025-12-31 04:00:00+00:00,15.25,15.25,15.239999771118164,15.239999771118164,2000,0.0,0.0,0.0
2025-12-31 04:05:00+00:00,15.239999771118164,15.239999771118164,15.239999771118164,15.239999771118164,49010,0.0,0.0,0.0
2025-12-31 04:15:00+00:00,15.239999771118164,15.239999771118164,15.239999771118164,15.239999771118164,2305,0.0,0.0,0.0
2025-12-31 04:30:00+00:00,15.239999771118164,15.239999771118164,15.239999771118164,15.239999771118164,13229,0.0,0.0,0.0
2025-12-31 04:40:00+00:00,15.239999771118164,15.239999771118164,15.239999771118164,15.239999771118164,10899,0.0,0.0,0.0
2025-12-31 05:05:00+00:00,15.239999771118164,15.239999771118164,15.239999771118164,15.239999771118164,1000,0.0,0.0,0.0
2025-12-31 05:10:00+00:00,15.239999771118164,15.239999771118164,15.229999542236328,15.229999542236328,15161,0.0,0.0,0.0
2025-12-31 05:15:00+00:00,15.229999542236328,15.229999542236328,15.229999542236328,15.229999542236328,1000,0.0,0.0,0.0
2025-12-31 05:20:00+00:00,15.229999542236328,15.229999542236328,15.229999542236328,15.229999542236328,35060,0.0,0.0,0.0
2026-01-02 01:00:00+00:00,15.239999771118164,15.270000457763672,15.239999771118164,15.270000457763672,0,0.0,0.0,0.0
2026-01-02 01:05:00+00:00,15.289999961853027,15.289999961853027,15.289999961853027,15.289999961853027,3745,0.0,0.0,0.0
2026-01-02 01:10:00+00:00,15.289999961853027,15.3100004196167,15.279999732971191,15.3100004196167,83361,0.0,0.0,0.0
2026-01-02 01:15:00+00:00,15.3100004196167,15.3100004196167,15.270000457763672,15.270000457763672,19085,0.0,0.0,0.0
2026-01-02 01:20:00+00:00,15.270000457763672,15.270000457763672,15.270000457763672,15.270000457763672,4977,0.0,0.0,0.0
2026-01-02 01:25:00+00:00,15.279999732971191,15.289999961853027,15.279999732971191,15.279999732971191,7128,0.0,0.0,0.0
2026-01-02 01:30:00+00:00,15.279999732971191,15.289999961853027,15.279999732971191,15.289999961853027,15130,0.0,0.0,0.0
2026-01-02 01:35:00+00:00,15.300000190734863,15.300000190734863,15.300000190734863,15.300000190734863,100000,0.0,0.0,0.0
2026-01-02 01:40:00+00:00,15.289999961853027,15.289999961853027,15.289999961853027,15.289999961853027,10000,0.0,0.0,0.0
2026-01-02 01:45:00+00:00,15.289999961853027,15.300000190734863,15.289999961853027,15.300000190734863,58339,0.0,0.0,0.0
2026-01-02 01:50:00+00:00,15.289999961853027,15.300000190734863,15.289999961853027,15.300000190734863,2055,0.0,0.0,0.0
2026-01-02 02:00:00+00:00,15.289999961853027,15.289999961853027,15.289999961853027,15.289999961853027,5000,0.0,0.0,0.0
2026-01-02 02:05:00+00:00,15.300000190734863,15.300000190734863,15.300000190734863,15.300000190734863,5000,0.0,0.0,0.0
2026-01-02 02:10:00+00:00,15.270000457763672,15.270000457763672,15.270000457763672,15.270000457763672,51000,0.0,0.0,0.0
2026-01-02 02:15:00+00:00,15.270000457763672,15.289999961853027,15.270000457763672,15.289999961853027,2100,0.0,0.0,0.0
2026-01-02 02:20:00+00:00,15.279999732971191,15.279999732971191,15.279999732971191,15.279999732971191,2000,0.0,0.0,0.0
2026-01-02 02:25:00+00:00,15.289999961853027,15.289999961853027,15.289999961853027,15.289999961853027,286010,0.0,0.0,0.0
2026-01-02 02:30:00+00:00,15.289999961853027,15.289999961853027,15.289999961853027,15.289999961853027,7151,0.0,0.0,0.0
2026-01-02 02:35:00+00:00,15.279999732971191,15.289999961853027,15.279999732971191,15.289999961853027,3000,0.0,0.0,0.0
2026-01-02 02:40:00+00:00,15.289999961853027,15.289999961853027,15.279999732971191,15.279999732971191,14045,0.0,0.0,0.0
2026-01-02 02:45:00+00:00,15.279999732971191,15.279999732971191,15.279999732971191,15.279999732971191,1187,0.0,0.0,0.0
2026-01-02 03:00:00+00:00,15.289999961853027,15.300000190734863,15.289999961853027,15.300000190734863,47469,0.0,0.0,0.0
2026-01-02 03:15:00+00:00,15.289999961853027,15.289999961853027,15.289999961853027,15.289999961853027,9012,0.0,0.0,0.0
2026-01-02 03:20:00+00:00,15.289999961853027,15.289999961853027,15.289999961853027,15.289999961853027,2113,0.0,0.0,0.0
2026-01-02 03:25:00+00:00,15.279999732971191,15.279999732971191,15.279999732971191,15.279999732971191,1620,0.0,0.0,0.0
2026-01-02 03:30:00+00:00,15.279999732971191,15.279999732971191,15.279999732971191,15.279999732971191,3699,0.0,0.0,0.0
2026-01-02 04:10:00+00:00,15.270000457763672,15.270000457763672,15.270000457763672,15.270000457763672,1000,0.0,0.0,0.0
2026-01-02 04:15:00+00:00,15.270000457763672,15.270000457763672,15.270000457763672,15.270000457763672,3000,0.0,0.0,0.0
2026-01-02 04:20:00+00:00,15.260000228881836,15.260000228881836,15.260000228881836,15.260000228881836,2195,0.0,0.0,0.0
2026-01-02 04:35:00+00:00,15.260000228881836,15.260000228881836,15.260000228881836,15.260000228881836,7040,0.0,0.0,0.0
2026-01-02 04:40:00+00:00,15.260000228881836,15.260000228881836,15.260000228881836,15.260000228881836,2061,0.0,0.0,0.0
2026-01-02 04:50:00+00:00,15.25,15.25,15.25,15.25,1570,0.0,0.0,0.0
2026-01-02 04:55:00+00:00,15.25,15.25,15.25,15.25,4000,0.0,0.0,0.0
2026-01-02 05:00:00+00:00,15.25,15.25,15.25,15.25,10700,0.0,0.0,0.0
2026-01-02 05:10:00+00:00,15.260000228881836,15.260000228881836,15.260000228881836,15.260000228881836,10004,0.0,0.0,0.0
2026-01-02 05:15:00+00:00,15.25,15.25,15.239999771118164,15.239999771118164,15366,0.0,0.0,0.0
2026-01-02 05:20:00+00:00,15.239999771118164,15.239999771118164,15.239999771118164,15.239999771118164,34010,0.0,0.0,0.0
2026-01-05 01:00:00+00:00,15.239999771118164,15.239999771118164,15.220000267028809,15.220000267028809,0,0.0,0.0,0.0
2026-01-05 01:05:00+00:00,15.220000267028809,15.239999771118164,15.220000267028809,15.229999542236328,53006,0.0,0.0,0.0
2026-01-05 01:10:00+00:00,15.220000267028809,15.220000267028809,15.199999809265137,15.210000038146973,81243,0.0,0.0,0.0
2026-01-05 01:15:00+00:00,15.220000267028809,15.220000267028809,15.210000038146973,15.220000267028809,20794,0.0,0.0,0.0
2026-01-05 01:20:00+00:00,15.220000267028809,15.229999542236328,15.220000267028809,15.229999542236328,19348,0.0,0.0,0.0
2026-01-05 01:25:00+00:00,15.229999542236328,15.229999542236328,15.220000267028809,15.220000267028809,17035,0.0,0.0,0.0
2026-01-05 01:30:00+00:00,15.220000267028809,15.229999542236328,15.220000267028809,15.229999542236328,80334,0.0,0.0,0.0
2026-01-05 01:35:00+00:00,15.220000267028809,15.239999771118164,15.220000267028809,15.239999771118164,120755,0.0,0.0,0.0
2026-01-05 01:40:00+00:00,15.239999771118164,15.239999771118164,15.239999771118164,15.239999771118164,28055,0.0,0.0,0.0
2026-01-05 01:45:00+00:00,15.25,15.25,15.220000267028809,15.220000267028809,135679,0.0,0.0,0.0
2026-01-05 01:50:00+00:00,15.210000038146973,15.210000038146973,15.180000305175781,15.180000305175781,70086,0.0,0.0,0.0
2026-01-05 01:55:00+00:00,15.170000076293945,15.180000305175781,15.170000076293945,15.180000305175781,6735,0.0,0.0,0.0
2026-01-05 02:00:00+00:00,15.1899995803833,15.1899995803833,15.1899995803833,15.1899995803833,13117,0.0,0.0,0.0
2026-01-05 02:05:00+00:00,15.210000038146973,15.229999542236328,15.210000038146973,15.229999542236328,2600,0.0,0.0,0.0
2026-01-05 02:10:00+00:00,15.229999542236328,15.229999542236328,15.229999542236328,15.229999542236328,12250,0.0,0.0,0.0
2026-01-05 02:15:00+00:00,15.25,15.25,15.25,15.25,3823,0.0,0.0,0.0
2026-01-05 02:25:00+00:00,15.239999771118164,15.25,15.239999771118164,15.25,88167,0.0,0.0,0.0
2026-01-05 02:30:00+00:00,15.25,15.25,15.239999771118164,15.25,31025,0.0,0.0,0.0
2026-01-05 02:35:00+00:00,15.229999542236328,15.229999542236328,15.220000267028809,15.220000267028809,4100,0.0,0.0,0.0
2026-01-05 02:40:00+00:00,15.220000267028809,15.220000267028809,15.220000267028809,15.220000267028809,4000,0.0,0.0,0.0
2026-01-05 02:45:00+00:00,15.25,15.25,15.229999542236328,15.25,62110,0.0,0.0,0.0
2026-01-05 02:50:00+00:00,15.260000228881836,15.260000228881836,15.239999771118164,15.239999771118164,13374,0.0,0.0,0.0
2026-01-05 03:05:00+00:00,15.25,15.260000228881836,15.25,15.260000228881836,21111,0.0,0.0,0.0
2026-01-05 03:10:00+00:00,15.260000228881836,15.260000228881836,15.25,15.25,4100,0.0,0.0,0.0
2026-01-05 03:15:00+00:00,15.25,15.25,15.25,15.25,1000,0.0,0.0,0.0
2026-01-05 03:20:00+00:00,15.25,15.25,15.25,15.25,8050,0.0,0.0,0.0
2026-01-05 03:30:00+00:00,15.25,15.25,15.25,15.25,5045,0.0,0.0,0.0
2026-01-05 03:40:00+00:00,15.239999771118164,15.239999771118164,15.229999542236328,15.229999542236328,105425,0.0,0.0,0.0
2026-01-05 03:45:00+00:00,15.229999542236328,15.229999542236328,15.229999542236328,15.229999542236328,102207,0.0,0.0,0.0
2026-01-05 03:55:00+00:00,15.220000267028809,15.220000267028809,15.210000038146973,15.210000038146973,108432,0.0,0.0,0.0
2026-01-05 04:00:00+00:00,15.199999809265137,15.199999809265137,15.199999809265137,15.199999809265137,105100,0.0,0.0,0.0
2026-01-05 04:05:00+00:00,15.199999809265137,15.199999809265137,15.199999809265137,15.199999809265137,1260,0.0,0.0,0.0
2026-01-05 04:15:00+00:00,15.199999809265137,15.210000038146973,15.199999809265137,15.210000038146973,36000,0.0,0.0,0.0
2026-01-05 04:20:00+00:00,15.199999809265137,15.199999809265137,15.199999809265137,15.199999809265137,1000,0.0,0.0,0.0
2026-01-05 04:25:00+00:00,15.199999809265137,15.199999809265137,15.199999809265137,15.199999809265137,1007,0.0,0.0,0.0
2026-01-05 04:30:00+00:00,15.199999809265137,15.199999809265137,15.199999809265137,15.199999809265137,17294,0.0,0.0,0.0
2026-01-05 04:35:00+00:00,15.199999809265137,15.199999809265137,15.199999809265137,15.199999809265137,10015,0.0,0.0,0.0
2026-01-05 04:40:00+00:00,15.199999809265137,15.199999809265137,15.199999809265137,15.199999809265137,16400,0.0,0.0,0.0
2026-01-05 04:50:00+00:00,15.199999809265137,15.199999809265137,15.1899995803833,15.1899995803833,20140,0.0,0.0,0.0
2026-01-05 04:55:00+00:00,15.199999809265137,15.199999809265137,15.1899995803833,15.199999809265137,5207,0.0,0.0,0.0
2026-01-05 05:00:00+00:00,15.199999809265137,15.199999809265137,15.199999809265137,15.199999809265137,29085,0.0,0.0,0.0
2026-01-05 05:10:00+00:00,15.210000038146973,15.210000038146973,15.210000038146973,15.210000038146973,2182,0.0,0.0,0.0
2026-01-05 05:20:00+00:00,15.210000038146973,15.210000038146973,15.199999809265137,15.199999809265137,6000,0.0,0.0,0.0
2026-01-06 01:00:00+00:00,15.239999771118164,15.25,15.239999771118164,15.25,0,0.0,0.0,0.0
2026-01-06 01:05:00+00:00,15.25,15.25,15.239999771118164,15.239999771118164,10435,0.0,0.0,0.0
2026-01-06 01:10:00+00:00,15.239999771118164,15.239999771118164,15.239999771118164,15.239999771118164,3290,0.0,0.0,0.0
2026-01-06 01:20:00+00:00,15.239999771118164,15.25,15.239999771118164,15.25,33100,0.0,0.0,0.0
2026-01-06 01:25:00+00:00,15.25,15.25,15.25,15.25,5031,0.0,0.0,0.0
2026-01-06 01:30:00+00:00,15.25,15.260000228881836,15.25,15.25,16772,0.0,0.0,0.0
2026-01-06 01:35:00+00:00,15.239999771118164,15.239999771118164,15.239999771118164,15.239999771118164,5066,0.0,0.0,0.0
2026-01-06 01:40:00+00:00,15.25,15.260000228881836,15.25,15.260000228881836,37492,0.0,0.0,0.0
2026-01-06 01:50:00+00:00,15.25,15.25,15.229999542236328,15.229999542236328,6000,0.0,0.0,0.0
2026-01-06 01:55:00+00:00,15.229999542236328,15.229999542236328,15.220000267028809,15.220000267028809,6119,0.0,0.0,0.0
2026-01-06 02:00:00+00:00,15.229999542236328,15.229999542236328,15.229999542236328,15.229999542236328,12176,0.0,0.0,0.0
2026-01-06 02:05:00+00:00,15.239999771118164,15.239999771118164,15.239999771118164,15.239999771118164,1000,0.0,0.0,0.0
2026-01-06 02:10:00+00:00,15.229999542236328,15.229999542236328,15.229999542236328,15.229999542236328,11000,0.0,0.0,0.0
2026-01-06 02:15:00+00:00,15.239999771118164,15.239999771118164,15.229999542236328,15.229999542236328,11230,0.0,0.0,0.0
2026-01-06 02:25:00+00:00,15.229999542236328,15.229999542236328,15.229999542236328,15.229999542236328,1000,0.0,0.0,0.0
2026-01-06 02:30:00+00:00,15.239999771118164,15.239999771118164,15.239999771118164,15.239999771118164,1222,0.0,0.0,0.0
2026-01-06 02:40:00+00:00,15.229999542236328,15.229999542236328,15.229999542236328,15.229999542236328,6000,0.0,0.0,0.0
2026-01-06 02:45:00+00:00,15.229999542236328,15.239999771118164,15.229999542236328,15.239999771118164,3112,0.0,0.0,0.0
2026-01-06 02:50:00+00:00,15.229999542236328,15.229999542236328,15.220000267028809,15.220000267028809,4101,0.0,0.0,0.0
2026-01-06 03:00:00+00:00,15.229999542236328,15.229999542236328,15.229999542236328,15.229999542236328,2112,0.0,0.0,0.0
2026-01-06 03:05:00+00:00,15.220000267028809,15.220000267028809,15.220000267028809,15.220000267028809,16547,0.0,0.0,0.0
2026-01-06 03:10:00+00:00,15.210000038146973,15.210000038146973,15.210000038146973,15.210000038146973,1000,0.0,0.0,0.0
2026-01-06 03:15:00+00:00,15.220000267028809,15.220000267028809,15.210000038146973,15.210000038146973,14272,0.0,0.0,0.0
2026-01-06 03:20:00+00:00,15.220000267028809,15.220000267028809,15.210000038146973,15.210000038146973,6012,0.0,0.0,0.0
2026-01-06 03:25:00+00:00,15.220000267028809,15.229999542236328,15.220000267028809,15.229999542236328,22000,0.0,0.0,0.0
2026-01-06 03:30:00+00:00,15.229999542236328,15.229999542236328,15.229999542236328,15.229999542236328,1678,0.0,0.0,0.0
2026-01-06 03:50:00+00:00,15.210000038146973,15.210000038146973,15.210000038146973,15.210000038146973,6216,0.0,0.0,0.0
2026-01-06 03:55:00+00:00,15.199999809265137,15.199999809265137,15.199999809265137,15.199999809265137,16080,0.0,0.0,0.0
2026-01-06 04:00:00+00:00,15.199999809265137,15.199999809265137,15.199999809265137,15.199999809265137,12808,0.0,0.0,0.0
2026-01-06 04:05:00+00:00,15.199999809265137,15.199999809265137,15.199999809265137,15.199999809265137,6012,0.0,0.0,0.0
2026-01-06 04:10:00+00:00,15.210000038146973,15.210000038146973,15.210000038146973,15.210000038146973,1062,0.0,0.0,0.0
2026-01-06 04:20:00+00:00,15.210000038146973,15.210000038146973,15.210000038146973,15.210000038146973,3019,0.0,0.0,0.0
2026-01-06 04:25:00+00:00,15.210000038146973,15.210000038146973,15.210000038146973,15.210000038146973,1258,0.0,0.0,0.0
2026-01-06 04:35:00+00:00,15.210000038146973,15.210000038146973,15.210000038146973,15.210000038146973,4251,0.0,0.0,0.0
2026-01-06 04:40:00+00:00,15.199999809265137,15.199999809265137,15.199999809265137,15.199999809265137,5269,0.0,0.0,0.0
2026-01-06 04:45:00+00:00,15.199999809265137,15.199999809265137,15.1899995803833,15.1899995803833,20352,0.0,0.0,0.0
2026-01-06 04:50:00+00:00,15.1899995803833,15.1899995803833,15.1899995803833,15.1899995803833,24708,0.0,0.0,0.0
2026-01-06 04:55:00+00:00,15.1899995803833,15.1899995803833,15.1899995803833,15.1899995803833,3250,0.0,0.0,0.0
2026-01-06 05:05:00+00:00,15.1899995803833,15.199999809265137,15.180000305175781,15.1899995803833,68000,0.0,0.0,0.0
2026-01-06 05:15:00+00:00,15.199999809265137,15.210000038146973,15.1899995803833,15.210000038146973,86129,0.0,0.0,0.0
2026-01-06 05:20:00+00:00,15.210000038146973,15.210000038146973,15.210000038146973,15.210000038146973,3578,0.0,0.0,0.0
2026-01-07 01:00:00+00:00,15.210000038146973,15.210000038146973,15.210000038146973,15.210000038146973,0,0.0,0.0,0.0
2026-01-07 01:05:00+00:00,15.199999809265137,15.199999809265137,15.180000305175781,15.1899995803833,817549,0.0,0.0,0.0
2026-01-07 01:10:00+00:00,15.180000305175781,15.199999809265137,15.180000305175781,15.199999809265137,638071,0.0,0.0,0.0
2026-01-07 01:15:00+00:00,15.199999809265137,15.220000267028809,15.199999809265137,15.220000267028809,19040,0.0,0.0,0.0
2026-01-07 01:20:00+00:00,15.220000267028809,15.229999542236328,15.220000267028809,15.229999542236328,95185,0.0,0.0,0.0
2026-01-07 01:25:00+00:00,15.229999542236328,15.239999771118164,15.229999542236328,15.239999771118164,21544,0.0,0.0,0.0
2026-01-07 01:30:00+00:00,15.25,15.260000228881836,15.25,15.260000228881836,60580,0.0,0.0,0.0
2026-01-07 01:35:00+00:00,15.25,15.25,15.25,15.25,3430,0.0,0.0,0.0
2026-01-07 01:40:00+00:00,15.25,15.25,15.25,15.25,70220,0.0,0.0,0.0
2026-01-07 01:55:00+00:00,15.229999542236328,15.229999542236328,15.220000267028809,15.220000267028809,14814,0.0,0.0,0.0
2026-01-07 02:05:00+00:00,15.220000267028809,15.220000267028809,15.220000267028809,15.220000267028809,1170,0.0,0.0,0.0
2026-01-07 02:10:00+00:00,15.229999542236328,15.229999542236328,15.229999542236328,15.229999542236328,12200,0.0,0.0,0.0
2026-01-07 02:15:00+00:00,15.220000267028809,15.220000267028809,15.220000267028809,15.220000267028809,5143,0.0,0.0,0.0
2026-01-07 02:20:00+00:00,15.229999542236328,15.229999542236328,15.220000267028809,15.220000267028809,19000,0.0,0.0,0.0
2026-01-07 02:25:00+00:00,15.239999771118164,15.239999771118164,15.239999771118164,15.239999771118164,2140,0.0,0.0,0.0
2026-01-07 02:30:00+00:00,15.239999771118164,15.239999771118164,15.239999771118164,15.239999771118164,2000,0.0,0.0,0.0
2026-01-07 02:35:00+00:00,15.239999771118164,15.239999771118164,15.239999771118164,15.239999771118164,2352,0.0,0.0,0.0
2026-01-07 02:40:00+00:00,15.229999542236328,15.239999771118164,15.229999542236328,15.239999771118164,4240,0.0,0.0,0.0
2026-01-07 02:45:00+00:00,15.239999771118164,15.25,15.239999771118164,15.25,20068,0.0,0.0,0.0
2026-01-07 02:55:00+00:00,15.25,15.25,15.25,15.25,1000,0.0,0.0,0.0
2026-01-07 03:00:00+00:00,15.25,15.260000228881836,15.25,15.260000228881836,71361,0.0,0.0,0.0
2026-01-07 03:20:00+00:00,15.260000228881836,15.260000228881836,15.260000228881836,15.260000228881836,1000,0.0,0.0,0.0
2026-01-07 03:25:00+00:00,15.260000228881836,15.270000457763672,15.260000228881836,15.270000457763672,25000,0.0,0.0,0.0
2026-01-07 03:30:00+00:00,15.279999732971191,15.279999732971191,15.279999732971191,15.279999732971191,1370,0.0,0.0,0.0
2026-01-07 03:35:00+00:00,15.270000457763672,15.270000457763672,15.270000457763672,15.270000457763672,5154,0.0,0.0,0.0
2026-01-07 03:40:00+00:00,15.270000457763672,15.270000457763672,15.270000457763672,15.270000457763672,3090,0.0,0.0,0.0
2026-01-07 03:50:00+00:00,15.270000457763672,15.270000457763672,15.270000457763672,15.270000457763672,29055,0.0,0.0,0.0
2026-01-07 03:55:00+00:00,15.270000457763672,15.289999961853027,15.270000457763672,15.289999961853027,80512,0.0,0.0,0.0
2026-01-07 04:15:00+00:00,15.270000457763672,15.270000457763672,15.270000457763672,15.270000457763672,1489,0.0,0.0,0.0
2026-01-07 04:20:00+00:00,15.270000457763672,15.270000457763672,15.270000457763672,15.270000457763672,14000,0.0,0.0,0.0
2026-01-07 04:25:00+00:00,15.270000457763672,15.270000457763672,15.270000457763672,15.270000457763672,2020,0.0,0.0,0.0
2026-01-07 04:30:00+00:00,15.279999732971191,15.300000190734863,15.279999732971191,15.300000190734863,153582,0.0,0.0,0.0
2026-01-07 04:35:00+00:00,15.300000190734863,15.300000190734863,15.300000190734863,15.300000190734863,3527,0.0,0.0,0.0
2026-01-07 04:45:00+00:00,15.289999961853027,15.289999961853027,15.289999961853027,15.289999961853027,2000,0.0,0.0,0.0
2026-01-07 04:55:00+00:00,15.279999732971191,15.289999961853027,15.270000457763672,15.289999961853027,8388,0.0,0.0,0.0
2026-01-07 05:00:00+00:00,15.279999732971191,15.279999732971191,15.279999732971191,15.279999732971191,1000,0.0,0.0,0.0
2026-01-07 05:05:00+00:00,15.279999732971191,15.279999732971191,15.279999732971191,15.279999732971191,1000,0.0,0.0,0.0
2026-01-07 05:10:00+00:00,15.279999732971191,15.279999732971191,15.279999732971191,15.279999732971191,1189,0.0,0.0,0.0
2026-01-07 05:20:00+00:00,15.279999732971191,15.279999732971191,15.279999732971191,15.279999732971191,11281,0.0,0.0,0.0
2026-01-08 01:00:00+00:00,15.319999694824219,15.329999923706055,15.319999694824219,15.329999923706055,0,0.0,0.0,0.0
2026-01-08 01:05:00+00:00,15.3100004196167,15.3100004196167,15.279999732971191,15.279999732971191,26280,0.0,0.0,0.0
2026-01-08 01:10:00+00:00,15.3100004196167,15.329999923706055,15.3100004196167,15.329999923706055,97659,0.0,0.0,0.0
2026-01-08 01:15:00+00:00,15.319999694824219,15.329999923706055,15.319999694824219,15.329999923706055,17575,0.0,0.0,0.0
2026-01-08 01:20:00+00:00,15.329999923706055,15.34000015258789,15.329999923706055,15.34000015258789,10550,0.0,0.0,0.0
2026-01-08 01:25:00+00:00,15.329999923706055,15.329999923706055,15.329999923706055,15.329999923706055,13025,0.0,0.0,0.0
2026-01-08 01:30:00+00:00,15.319999694824219,15.329999923706055,15.319999694824219,15.329999923706055,20426,0.0,0.0,0.0
2026-01-08 01:35:00+00:00,15.350000381469727,15.350000381469727,15.350000381469727,15.350000381469727,212650,0.0,0.0,0.0
2026-01-08 01:45:00+00:00,15.359999656677246,15.359999656677246,15.359999656677246,15.359999656677246,200,0.0,0.0,0.0
2026-01-08 01:55:00+00:00,15.34000015258789,15.34000015258789,15.34000015258789,15.34000015258789,1239,0.0,0.0,0.0
2026-01-08 02:05:00+00:00,15.34000015258789,15.350000381469727,15.329999923706055,15.350000381469727,21186,0.0,0.0,0.0
2026-01-08 02:15:00+00:00,15.329999923706055,15.350000381469727,15.329999923706055,15.350000381469727,129993,0.0,0.0,0.0
2026-01-08 02:20:00+00:00,15.350000381469727,15.350000381469727,15.34000015258789,15.350000381469727,16100,0.0,0.0,0.0
2026-01-08 02:25:00+00:00,15.350000381469727,15.359999656677246,15.350000381469727,15.359999656677246,24230,0.0,0.0,0.0
2026-01-08 02:30:00+00:00,15.359999656677246,15.369999885559082,15.359999656677246,15.369999885559082,32333,0.0,0.0,0.0
2026-01-08 02:35:00+00:00,15.369999885559082,15.369999885559082,15.359999656677246,15.359999656677246,4000,0.0,0.0,0.0
2026-01-08 02:40:00+00:00,15.350000381469727,15.350000381469727,15.350000381469727,15.350000381469727,6000,0.0,0.0,0.0
2026-01-08 02:45:00+00:00,15.359999656677246,15.359999656677246,15.359999656677246,15.359999656677246,12200,0.0,0.0,0.0
2026-01-08 02:50:00+00:00,15.369999885559082,15.369999885559082,15.359999656677246,15.369999885559082,83895,0.0,0.0,0.0
2026-01-08 02:55:00+00:00,15.380000114440918,15.380000114440918,15.380000114440918,15.380000114440918,82622,0.0,0.0,0.0
2026-01-08 03:05:00+00:00,15.390000343322754,15.390000343322754,15.390000343322754,15.390000343322754,52151,0.0,0.0,0.0
2026-01-08 03:10:00+00:00,15.399999618530273,15.399999618530273,15.399999618530273,15.399999618530273,154000,0.0,0.0,0.0
2026-01-08 03:15:00+00:00,15.399999618530273,15.399999618530273,15.390000343322754,15.390000343322754,2120,0.0,0.0,0.0
2026-01-08 03:20:00+00:00,15.390000343322754,15.390000343322754,15.390000343322754,15.390000343322754,2080,0.0,0.0,0.0
2026-01-08 03:25:00+00:00,15.390000343322754,15.399999618530273,15.390000343322754,15.390000343322754,18747,0.0,0.0,0.0
2026-01-08 03:35:00+00:00,15.390000343322754,15.390000343322754,15.390000343322754,15.390000343322754,13120,0.0,0.0,0.0
2026-01-08 03:40:00+00:00,15.399999618530273,15.399999618530273,15.399999618530273,15.399999618530273,20200,0.0,0.0,0.0
2026-01-08 03:50:00+00:00,15.390000343322754,15.390000343322754,15.390000343322754,15.390000343322754,4000,0.0,0.0,0.0
2026-01-08 03:55:00+00:00,15.390000343322754,15.390000343322754,15.390000343322754,15.390000343322754,6000,0.0,0.0,0.0
2026-01-08 04:00:00+00:00,15.390000343322754,15.399999618530273,15.390000343322754,15.399999618530273,110734,0.0,0.0,0.0
2026-01-08 04:05:00+00:00,15.399999618530273,15.399999618530273,15.399999618530273,15.399999618530273,7200,0.0,0.0,0.0
2026-01-08 04:10:00+00:00,15.399999618530273,15.399999618530273,15.399999618530273,15.399999618530273,2088,0.0,0.0,0.0
2026-01-08 04:15:00+00:00,15.399999618530273,15.399999618530273,15.390000343322754,15.390000343322754,30026,0.0,0.0,0.0
2026-01-08 04:20:00+00:00,15.390000343322754,15.390000343322754,15.390000343322754,15.390000343322754,3000,0.0,0.0,0.0
2026-01-08 04:25:00+00:00,15.390000343322754,15.40999984741211,15.390000343322754,15.40999984741211,26129,0.0,0.0,0.0
2026-01-08 04:30:00+00:00,15.390000343322754,15.390000343322754,15.390000343322754,15.390000343322754,1001,0.0,0.0,0.0
2026-01-08 04:35:00+00:00,15.390000343322754,15.390000343322754,15.390000343322754,15.390000343322754,9000,0.0,0.0,0.0
2026-01-08 04:40:00+00:00,15.390000343322754,15.390000343322754,15.390000343322754,15.390000343322754,2000,0.0,0.0,0.0
2026-01-08 04:45:00+00:00,15.390000343322754,15.399999618530273,15.390000343322754,15.399999618530273,27137,0.0,0.0,0.0
2026-01-08 04:50:00+00:00,15.390000343322754,15.390000343322754,15.390000343322754,15.390000343322754,19249,0.0,0.0,0.0
2026-01-08 04:55:00+00:00,15.390000343322754,15.390000343322754,15.390000343322754,15.390000343322754,4040,0.0,0.0,0.0
2026-01-08 05:00:00+00:00,15.390000343322754,15.390000343322754,15.390000343322754,15.390000343322754,7484,0.0,0.0,0.0
2026-01-08 05:10:00+00:00,15.390000343322754,15.390000343322754,15.390000343322754,15.390000343322754,2051,0.0,0.0,0.0
2026-01-08 05:20:00+00:00,15.390000343322754,15.390000343322754,15.390000343322754,15.390000343322754,3055,0.0,0.0,0.0
2026-01-09 01:00:00+00:00,15.449999809265137,15.520000457763672,15.420000076293945,15.520000457763672,0,0.0,0.0,0.0
2026-01-09 01:05:00+00:00,15.510000228881836,15.510000228881836,15.510000228881836,15.510000228881836,3715,0.0,0.0,0.0
2026-01-09 01:10:00+00:00,15.489999771118164,15.489999771118164,15.489999771118164,15.489999771118164,10000,0.0,0.0,0.0
2026-01-09 01:15:00+00:00,15.470000267028809,15.470000267028809,15.430000305175781,15.430000305175781,5141,0.0,0.0,0.0
2026-01-09 01:20:00+00:00,15.420000076293945,15.4399995803833,15.420000076293945,15.4399995803833,53050,0.0,0.0,0.0
2026-01-09 01:25:00+00:00,15.399999618530273,15.399999618530273,15.390000343322754,15.390000343322754,18528,0.0,0.0,0.0
2026-01-09 01:30:00+00:00,15.359999656677246,15.399999618530273,15.359999656677246,15.359999656677246,110120,0.0,0.0,0.0
2026-01-09 01:35:00+00:00,15.399999618530273,15.399999618530273,15.399999618530273,15.399999618530273,53080,0.0,0.0,0.0
2026-01-09 01:40:00+00:00,15.40999984741211,15.40999984741211,15.40999984741211,15.40999984741211,212200,0.0,0.0,0.0
2026-01-09 01:45:00+00:00,15.430000305175781,15.449999809265137,15.430000305175781,15.449999809265137,25550,0.0,0.0,0.0
2026-01-09 02:00:00+00:00,15.449999809265137,15.449999809265137,15.449999809265137,15.449999809265137,8100,0.0,0.0,0.0
2026-01-09 02:05:00+00:00,15.4399995803833,15.4399995803833,15.4399995803833,15.4399995803833,101133,0.0,0.0,0.0
2026-01-09 02:30:00+00:00,15.430000305175781,15.430000305175781,15.430000305175781,15.430000305175781,2050,0.0,0.0,0.0
2026-01-09 02:35:00+00:00,15.399999618530273,15.399999618530273,15.399999618530273,15.399999618530273,1528,0.0,0.0,0.0
2026-01-09 02:45:00+00:00,15.430000305175781,15.430000305175781,15.430000305175781,15.430000305175781,1261,0.0,0.0,0.0
2026-01-09 02:50:00+00:00,15.390000343322754,15.390000343322754,15.390000343322754,15.390000343322754,10058,0.0,0.0,0.0
2026-01-09 03:00:00+00:00,15.390000343322754,15.390000343322754,15.390000343322754,15.390000343322754,1020,0.0,0.0,0.0
2026-01-09 03:05:00+00:00,15.390000343322754,15.390000343322754,15.390000343322754,15.390000343322754,2000,0.0,0.0,0.0
2026-01-09 03:15:00+00:00,15.390000343322754,15.390000343322754,15.390000343322754,15.390000343322754,1600,0.0,0.0,0.0
2026-01-09 03:25:00+00:00,15.390000343322754,15.390000343322754,15.390000343322754,15.390000343322754,3015,0.0,0.0,0.0
2026-01-09 03:55:00+00:00,15.390000343322754,15.390000343322754,15.390000343322754,15.390000343322754,1788,0.0,0.0,0.0
2026-01-09 04:05:00+00:00,15.390000343322754,15.390000343322754,15.390000343322754,15.390000343322754,1000,0.0,0.0,0.0
2026-01-09 04:10:00+00:00,15.390000343322754,15.390000343322754,15.380000114440918,15.380000114440918,7080,0.0,0.0,0.0
2026-01-09 04:15:00+00:00,15.380000114440918,15.380000114440918,15.380000114440918,15.380000114440918,1000,0.0,0.0,0.0
2026-01-09 04:20:00+00:00,15.380000114440918,15.390000343322754,15.380000114440918,15.390000343322754,55000,0.0,0.0,0.0
2026-01-09 04:30:00+00:00,15.390000343322754,15.390000343322754,15.390000343322754,15.390000343322754,2399,0.0,0.0,0.0
2026-01-09 04:45:00+00:00,15.369999885559082,15.369999885559082,15.369999885559082,15.369999885559082,4214,0.0,0.0,0.0
2026-01-09 04:50:00+00:00,15.369999885559082,15.369999885559082,15.369999885559082,15.369999885559082,1204,0.0,0.0,0.0
2026-01-09 05:00:00+00:00,15.369999885559082,15.390000343322754,15.369999885559082,15.390000343322754,10000,0.0,0.0,0.0
2026-01-09 05:05:00+00:00,15.390000343322754,15.399999618530273,15.390000343322754,15.399999618530273,9700,0.0,0.0,0.0
2026-01-09 05:10:00+00:00,15.40999984741211,15.40999984741211,15.40999984741211,15.40999984741211,3668,0.0,0.0,0.0
2026-01-09 05:20:00+00:00,15.380000114440918,15.380000114440918,15.380000114440918,15.380000114440918,10031,0.0,0.0,0.0
2026-01-12 01:00:00+00:00,15.390000343322754,15.40999984741211,15.390000343322754,15.40999984741211,0,0.0,0.0,0.0
2026-01-12 01:05:00+00:00,15.399999618530273,15.420000076293945,15.390000343322754,15.390000343322754,40397,0.0,0.0,0.0
2026-01-12 01:10:00+00:00,15.380000114440918,15.380000114440918,15.369999885559082,15.369999885559082,18305,0.0,0.0,0.0
2026-01-12 01:15:00+00:00,15.359999656677246,15.369999885559082,15.359999656677246,15.369999885559082,78892,0.0,0.0,0.0
2026-01-12 01:25:00+00:00,15.380000114440918,15.390000343322754,15.380000114440918,15.390000343322754,8000,0.0,0.0,0.0
2026-01-12 01:30:00+00:00,15.399999618530273,15.399999618530273,15.399999618530273,15.399999618530273,37378,0.0,0.0,0.0
2026-01-12 01:35:00+00:00,15.40999984741211,15.420000076293945,15.40999984741211,15.420000076293945,8000,0.0,0.0,0.0
2026-01-12 01:40:00+00:00,15.420000076293945,15.420000076293945,15.420000076293945,15.420000076293945,6200,0.0,0.0,0.0
2026-01-12 01:45:00+00:00,15.40999984741211,15.40999984741211,15.40999984741211,15.40999984741211,20073,0.0,0.0,0.0
2026-01-12 01:50:00+00:00,15.40999984741211,15.40999984741211,15.40999984741211,15.40999984741211,2210,0.0,0.0,0.0
2026-01-12 01:55:00+00:00,15.40999984741211,15.40999984741211,15.399999618530273,15.399999618530273,2210,0.0,0.0,0.0
2026-01-12 02:00:00+00:00,15.40999984741211,15.40999984741211,15.399999618530273,15.399999618530273,3093,0.0,0.0,0.0
2026-01-12 02:05:00+00:00,15.40999984741211,15.420000076293945,15.40999984741211,15.420000076293945,15120,0.0,0.0,0.0
2026-01-12 02:10:00+00:00,15.420000076293945,15.420000076293945,15.420000076293945,15.420000076293945,1000,0.0,0.0,0.0
2026-01-12 02:15:00+00:00,15.420000076293945,15.430000305175781,15.40999984741211,15.40999984741211,21000,0.0,0.0,0.0
2026-01-12 02:20:00+00:00,15.40999984741211,15.40999984741211,15.40999984741211,15.40999984741211,3086,0.0,0.0,0.0
2026-01-12 02:25:00+00:00,15.40999984741211,15.40999984741211,15.40999984741211,15.40999984741211,28087,0.0,0.0,0.0
2026-01-12 02:30:00+00:00,15.40999984741211,15.40999984741211,15.40999984741211,15.40999984741211,2000,0.0,0.0,0.0
2026-01-12 02:35:00+00:00,15.40999984741211,15.420000076293945,15.40999984741211,15.420000076293945,7012,0.0,0.0,0.0
2026-01-12 02:40:00+00:00,15.430000305175781,15.430000305175781,15.430000305175781,15.430000305175781,2592,0.0,0.0,0.0
2026-01-12 02:50:00+00:00,15.420000076293945,15.420000076293945,15.420000076293945,15.420000076293945,4073,0.0,0.0,0.0
2026-01-12 03:05:00+00:00,15.420000076293945,15.420000076293945,15.420000076293945,15.420000076293945,1000,0.0,0.0,0.0
2026-01-12 03:10:00+00:00,15.420000076293945,15.420000076293945,15.420000076293945,15.420000076293945,7000,0.0,0.0,0.0
2026-01-12 03:15:00+00:00,15.420000076293945,15.420000076293945,15.420000076293945,15.420000076293945,3040,0.0,0.0,0.0
2026-01-12 03:20:00+00:00,15.420000076293945,15.420000076293945,15.420000076293945,15.420000076293945,20073,0.0,0.0,0.0
2026-01-12 03:25:00+00:00,15.420000076293945,15.420000076293945,15.40999984741211,15.40999984741211,26000,0.0,0.0,0.0
2026-01-12 03:30:00+00:00,15.420000076293945,15.420000076293945,15.420000076293945,15.420000076293945,3000,0.0,0.0,0.0
2026-01-12 03:35:00+00:00,15.420000076293945,15.420000076293945,15.40999984741211,15.40999984741211,45445,0.0,0.0,0.0
2026-01-12 03:40:00+00:00,15.40999984741211,15.40999984741211,15.40999984741211,15.40999984741211,1000,0.0,0.0,0.0
2026-01-12 03:45:00+00:00,15.420000076293945,15.430000305175781,15.420000076293945,15.430000305175781,24073,0.0,0.0,0.0
2026-01-12 03:55:00+00:00,15.420000076293945,15.420000076293945,15.420000076293945,15.420000076293945,3140,0.0,0.0,0.0
2026-01-12 04:00:00+00:00,15.430000305175781,15.430000305175781,15.430000305175781,15.430000305175781,3000,0.0,0.0,0.0
2026-01-12 04:05:00+00:00,15.420000076293945,15.420000076293945,15.420000076293945,15.420000076293945,11000,0.0,0.0,0.0
2026-01-12 04:10:00+00:00,15.40999984741211,15.40999984741211,15.40999984741211,15.40999984741211,193271,0.0,0.0,0.0
2026-01-12 04:15:00+00:00,15.40999984741211,15.40999984741211,15.40999984741211,15.40999984741211,1664,0.0,0.0,0.0
2026-01-12 04:20:00+00:00,15.40999984741211,15.40999984741211,15.40999984741211,15.40999984741211,1129,0.0,0.0,0.0
2026-01-12 04:25:00+00:00,15.399999618530273,15.399999618530273,15.399999618530273,15.399999618530273,6000,0.0,0.0,0.0
2026-01-12 04:30:00+00:00,15.399999618530273,15.399999618530273,15.399999618530273,15.399999618530273,5000,0.0,0.0,0.0
2026-01-12 04:35:00+00:00,15.399999618530273,15.40999984741211,15.399999618530273,15.40999984741211,24000,0.0,0.0,0.0
2026-01-12 04:40:00+00:00,15.420000076293945,15.420000076293945,15.420000076293945,15.420000076293945,10000,0.0,0.0,0.0
2026-01-12 04:45:00+00:00,15.420000076293945,15.420000076293945,15.420000076293945,15.420000076293945,1120,0.0,0.0,0.0
2026-01-12 04:55:00+00:00,15.40999984741211,15.40999984741211,15.40999984741211,15.40999984741211,21000,0.0,0.0,0.0
2026-01-12 05:00:00+00:00,15.420000076293945,15.420000076293945,15.420000076293945,15.420000076293945,30256,0.0,0.0,0.0
2026-01-12 05:05:00+00:00,15.420000076293945,15.420000076293945,15.420000076293945,15.420000076293945,2000,0.0,0.0,0.0
2026-01-12 05:10:00+00:00,15.430000305175781,15.4399995803833,15.430000305175781,15.4399995803833,157010,0.0,0.0,0.0
2026-01-12 05:15:00+00:00,15.4399995803833,15.4399995803833,15.4399995803833,15.4399995803833,12188,0.0,0.0,0.0
2026-01-12 05:20:00+00:00,15.4399995803833,15.4399995803833,15.4399995803833,15.4399995803833,8405,0.0,0.0,0.0
2026-01-13 01:20:00+00:00,15.399999618530273,15.40999984741211,15.399999618530273,15.40999984741211,7433,0.0,0.0,0.0
2026-01-13 01:25:00+00:00,15.399999618530273,15.399999618530273,15.399999618530273,15.399999618530273,21281,0.0,0.0,0.0
2026-01-13 01:30:00+00:00,15.40999984741211,15.40999984741211,15.390000343322754,15.390000343322754,38170,0.0,0.0,0.0
2026-01-13 01:35:00+00:00,15.380000114440918,15.380000114440918,15.369999885559082,15.380000114440918,136812,0.0,0.0,0.0
2026-01-13 01:40:00+00:00,15.399999618530273,15.399999618530273,15.399999618530273,15.399999618530273,1000,0.0,0.0,0.0
2026-01-13 01:45:00+00:00,15.380000114440918,15.390000343322754,15.359999656677246,15.359999656677246,117289,0.0,0.0,0.0
2026-01-13 01:50:00+00:00,15.359999656677246,15.359999656677246,15.359999656677246,15.359999656677246,5305,0.0,0.0,0.0
2026-01-13 01:55:00+00:00,15.350000381469727,15.359999656677246,15.350000381469727,15.359999656677246,16010,0.0,0.0,0.0
2026-01-13 02:00:00+00:00,15.359999656677246,15.359999656677246,15.359999656677246,15.359999656677246,1872,0.0,0.0,0.0
2026-01-13 02:05:00+00:00,15.359999656677246,15.359999656677246,15.350000381469727,15.350000381469727,12390,0.0,0.0,0.0
2026-01-13 02:10:00+00:00,15.350000381469727,15.350000381469727,15.350000381469727,15.350000381469727,1000,0.0,0.0,0.0
2026-01-13 02:15:00+00:00,15.359999656677246,15.359999656677246,15.350000381469727,15.350000381469727,32100,0.0,0.0,0.0
2026-01-13 02:20:00+00:00,15.34000015258789,15.34000015258789,15.34000015258789,15.34000015258789,6155,0.0,0.0,0.0
2026-01-13 02:25:00+00:00,15.34000015258789,15.350000381469727,15.34000015258789,15.350000381469727,81000,0.0,0.0,0.0
2026-01-13 02:30:00+00:00,15.359999656677246,15.359999656677246,15.34000015258789,15.359999656677246,7100,0.0,0.0,0.0
2026-01-13 02:35:00+00:00,15.359999656677246,15.359999656677246,15.359999656677246,15.359999656677246,7000,0.0,0.0,0.0
2026-01-13 02:45:00+00:00,15.369999885559082,15.369999885559082,15.369999885559082,15.369999885559082,1100,0.0,0.0,0.0
2026-01-13 02:50:00+00:00,15.369999885559082,15.369999885559082,15.369999885559082,15.369999885559082,1085,0.0,0.0,0.0
2026-01-13 03:00:00+00:00,15.369999885559082,15.369999885559082,15.359999656677246,15.359999656677246,8280,0.0,0.0,0.0
2026-01-13 03:10:00+00:00,15.369999885559082,15.369999885559082,15.369999885559082,15.369999885559082,26425,0.0,0.0,0.0
2026-01-13 03:15:00+00:00,15.369999885559082,15.369999885559082,15.369999885559082,15.369999885559082,27065,0.0,0.0,0.0
2026-01-13 03:25:00+00:00,15.380000114440918,15.380000114440918,15.380000114440918,15.380000114440918,3409,0.0,0.0,0.0
2026-01-13 03:40:00+00:00,15.380000114440918,15.380000114440918,15.380000114440918,15.380000114440918,100000,0.0,0.0,0.0
2026-01-13 03:45:00+00:00,15.380000114440918,15.380000114440918,15.380000114440918,15.380000114440918,17468,0.0,0.0,0.0
2026-01-13 03:50:00+00:00,15.380000114440918,15.380000114440918,15.369999885559082,15.369999885559082,7015,0.0,0.0,0.0
2026-01-13 03:55:00+00:00,15.369999885559082,15.380000114440918,15.369999885559082,15.380000114440918,2110,0.0,0.0,0.0
2026-01-13 04:10:00+00:00,15.369999885559082,15.380000114440918,15.369999885559082,15.380000114440918,8042,0.0,0.0,0.0
2026-01-13 04:15:00+00:00,15.369999885559082,15.369999885559082,15.369999885559082,15.369999885559082,6005,0.0,0.0,0.0
2026-01-13 04:20:00+00:00,15.359999656677246,15.359999656677246,15.359999656677246,15.359999656677246,5725,0.0,0.0,0.0
2026-01-13 04:30:00+00:00,15.359999656677246,15.359999656677246,15.359999656677246,15.359999656677246,5775,0.0,0.0,0.0
2026-01-13 04:40:00+00:00,15.359999656677246,15.359999656677246,15.359999656677246,15.359999656677246,7000,0.0,0.0,0.0
2026-01-13 04:45:00+00:00,15.369999885559082,15.369999885559082,15.350000381469727,15.350000381469727,17681,0.0,0.0,0.0
2026-01-13 04:50:00+00:00,15.350000381469727,15.350000381469727,15.350000381469727,15.350000381469727,10100,0.0,0.0,0.0
2026-01-13 04:55:00+00:00,15.359999656677246,15.359999656677246,15.359999656677246,15.359999656677246,4000,0.0,0.0,0.0
2026-01-13 05:00:00+00:00,15.359999656677246,15.369999885559082,15.359999656677246,15.359999656677246,45010,0.0,0.0,0.0
2026-01-13 05:05:00+00:00,15.350000381469727,15.350000381469727,15.34000015258789,15.34000015258789,30019,0.0,0.0,0.0
2026-01-13 05:15:00+00:00,15.34000015258789,15.34000015258789,15.34000015258789,15.34000015258789,4959,0.0,0.0,0.0
2026-01-13 05:20:00+00:00,15.34000015258789,15.34000015258789,15.34000015258789,15.34000015258789,100320,0.0,0.0,0.0
2026-01-14 01:00:00+00:00,15.460000038146973,15.489999771118164,15.460000038146973,15.489999771118164,0,0.0,0.0,0.0
2026-01-14 01:05:00+00:00,15.489999771118164,15.489999771118164,15.449999809265137,15.449999809265137,15645,0.0,0.0,0.0
2026-01-14 01:10:00+00:00,15.449999809265137,15.449999809265137,15.449999809265137,15.449999809265137,72010,0.0,0.0,0.0
2026-01-14 01:15:00+00:00,15.449999809265137,15.470000267028809,15.449999809265137,15.470000267028809,14609,0.0,0.0,0.0
2026-01-14 01:30:00+00:00,15.460000038146973,15.460000038146973,15.449999809265137,15.449999809265137,7100,0.0,0.0,0.0
2026-01-14 01:35:00+00:00,15.460000038146973,15.479999542236328,15.460000038146973,15.470000267028809,205275,0.0,0.0,0.0
2026-01-14 01:40:00+00:00,15.470000267028809,15.470000267028809,15.460000038146973,15.460000038146973,22057,0.0,0.0,0.0
2026-01-14 01:45:00+00:00,15.460000038146973,15.460000038146973,15.449999809265137,15.449999809265137,22199,0.0,0.0,0.0
2026-01-14 01:50:00+00:00,15.460000038146973,15.479999542236328,15.460000038146973,15.479999542236328,15200,0.0,0.0,0.0
2026-01-14 01:55:00+00:00,15.460000038146973,15.460000038146973,15.460000038146973,15.460000038146973,6100,0.0,0.0,0.0
2026-01-14 02:00:00+00:00,15.460000038146973,15.479999542236328,15.460000038146973,15.479999542236328,77633,0.0,0.0,0.0
2026-01-14 02:05:00+00:00,15.479999542236328,15.479999542236328,15.479999542236328,15.479999542236328,6710,0.0,0.0,0.0
2026-01-14 02:10:00+00:00,15.479999542236328,15.479999542236328,15.479999542236328,15.479999542236328,2000,0.0,0.0,0.0
2026-01-14 02:20:00+00:00,15.479999542236328,15.489999771118164,15.470000267028809,15.470000267028809,34000,0.0,0.0,0.0
2026-01-14 02:25:00+00:00,15.479999542236328,15.479999542236328,15.470000267028809,15.470000267028809,16000,0.0,0.0,0.0
2026-01-14 02:30:00+00:00,15.479999542236328,15.489999771118164,15.479999542236328,15.489999771118164,40746,0.0,0.0,0.0
2026-01-14 02:35:00+00:00,15.470000267028809,15.5,15.470000267028809,15.5,304350,0.0,0.0,0.0
2026-01-14 02:40:00+00:00,15.5,15.5,15.489999771118164,15.489999771118164,3007,0.0,0.0,0.0
2026-01-14 02:45:00+00:00,15.489999771118164,15.510000228881836,15.489999771118164,15.5,75897,0.0,0.0,0.0
2026-01-14 02:50:00+00:00,15.5,15.5,15.5,15.5,9000,0.0,0.0,0.0
2026-01-14 02:55:00+00:00,15.510000228881836,15.520000457763672,15.510000228881836,15.520000457763672,209577,0.0,0.0,0.0
2026-01-14 03:00:00+00:00,15.529999732971191,15.529999732971191,15.529999732971191,15.529999732971191,16417,0.0,0.0,0.0
2026-01-14 03:10:00+00:00,15.529999732971191,15.529999732971191,15.529999732971191,15.529999732971191,35000,0.0,0.0,0.0
2026-01-14 03:15:00+00:00,15.529999732971191,15.529999732971191,15.529999732971191,15.529999732971191,12864,0.0,0.0,0.0
2026-01-14 03:20:00+00:00,15.529999732971191,15.529999732971191,15.529999732971191,15.529999732971191,6000,0.0,0.0,0.0
2026-01-14 03:25:00+00:00,15.529999732971191,15.529999732971191,15.529999732971191,15.529999732971191,133164,0.0,0.0,0.0
2026-01-14 03:30:00+00:00,15.539999961853027,15.550000190734863,15.539999961853027,15.550000190734863,20592,0.0,0.0,0.0
2026-01-14 03:35:00+00:00,15.539999961853027,15.539999961853027,15.539999961853027,15.539999961853027,1000,0.0,0.0,0.0
2026-01-14 03:40:00+00:00,15.539999961853027,15.539999961853027,15.539999961853027,15.539999961853027,5000,0.0,0.0,0.0
2026-01-14 03:45:00+00:00,15.550000190734863,15.5600004196167,15.550000190734863,15.5600004196167,151961,0.0,0.0,0.0
2026-01-14 03:50:00+00:00,15.5600004196167,15.5600004196167,15.5600004196167,15.5600004196167,5755,0.0,0.0,0.0
2026-01-14 03:55:00+00:00,15.5600004196167,15.5600004196167,15.5600004196167,15.5600004196167,7113,0.0,0.0,0.0
2026-01-14 04:00:00+00:00,15.5600004196167,15.569999694824219,15.5600004196167,15.569999694824219,35025,0.0,0.0,0.0
2026-01-14 04:05:00+00:00,15.5600004196167,15.5600004196167,15.5600004196167,15.5600004196167,10025,0.0,0.0,0.0
2026-01-14 04:10:00+00:00,15.569999694824219,15.569999694824219,15.569999694824219,15.569999694824219,1150,0.0,0.0,0.0
2026-01-14 04:15:00+00:00,15.569999694824219,15.569999694824219,15.569999694824219,15.569999694824219,26395,0.0,0.0,0.0
2026-01-14 04:20:00+00:00,15.569999694824219,15.569999694824219,15.569999694824219,15.569999694824219,4278,0.0,0.0,0.0
2026-01-14 04:25:00+00:00,15.569999694824219,15.569999694824219,15.569999694824219,15.569999694824219,20020,0.0,0.0,0.0
2026-01-14 04:30:00+00:00,15.569999694824219,15.569999694824219,15.569999694824219,15.569999694824219,11100,0.0,0.0,0.0
2026-01-14 04:40:00+00:00,15.569999694824219,15.569999694824219,15.5600004196167,15.5600004196167,35265,0.0,0.0,0.0
2026-01-14 04:45:00+00:00,15.5600004196167,15.5600004196167,15.5600004196167,15.5600004196167,2000,0.0,0.0,0.0
2026-01-14 04:50:00+00:00,15.5600004196167,15.5600004196167,15.5600004196167,15.5600004196167,20050,0.0,0.0,0.0
2026-01-14 04:55:00+00:00,15.5600004196167,15.569999694824219,15.5600004196167,15.569999694824219,40050,0.0,0.0,0.0
2026-01-14 05:05:00+00:00,15.569999694824219,15.569999694824219,15.569999694824219,15.569999694824219,1000,0.0,0.0,0.0
2026-01-14 05:10:00+00:00,15.569999694824219,15.579999923706055,15.569999694824219,15.569999694824219,49115,0.0,0.0,0.0
2026-01-14 05:15:00+00:00,15.569999694824219,15.569999694824219,15.5600004196167,15.5600004196167,12493,0.0,0.0,0.0
2026-01-14 05:20:00+00:00,15.5600004196167,15.569999694824219,15.5600004196167,15.5600004196167,35175,0.0,0.0,0.0
2026-01-15 01:00:00+00:00,15.609999656677246,15.670000076293945,15.609999656677246,15.630000114440918,0,0.0,0.0,0.0
2026-01-15 01:05:00+00:00,15.619999885559082,15.619999885559082,15.59000015258789,15.619999885559082,49349,0.0,0.0,0.0
2026-01-15 01:10:00+00:00,15.619999885559082,15.649999618530273,15.619999885559082,15.649999618530273,58658,0.0,0.0,0.0
2026-01-15 01:15:00+00:00,15.649999618530273,15.649999618530273,15.649999618530273,15.649999618530273,97132,0.0,0.0,0.0
2026-01-15 01:20:00+00:00,15.619999885559082,15.619999885559082,15.619999885559082,15.619999885559082,100000,0.0,0.0,0.0
2026-01-15 01:25:00+00:00,15.59000015258789,15.59000015258789,15.59000015258789,15.59000015258789,4876,0.0,0.0,0.0
2026-01-15 01:30:00+00:00,15.59000015258789,15.59000015258789,15.59000015258789,15.59000015258789,11000,0.0,0.0,0.0
2026-01-15 01:35:00+00:00,15.609999656677246,15.609999656677246,15.600000381469727,15.609999656677246,36020,0.0,0.0,0.0
2026-01-15 01:40:00+00:00,15.609999656677246,15.649999618530273,15.609999656677246,15.649999618530273,83000,0.0,0.0,0.0
2026-01-15 01:45:00+00:00,15.640000343322754,15.640000343322754,15.640000343322754,15.640000343322754,34673,0.0,0.0,0.0
2026-01-15 01:50:00+00:00,15.630000114440918,15.630000114440918,15.630000114440918,15.630000114440918,20000,0.0,0.0,0.0
2026-01-15 01:55:00+00:00,15.630000114440918,15.630000114440918,15.630000114440918,15.630000114440918,36400,0.0,0.0,0.0
2026-01-15 02:00:00+00:00,15.619999885559082,15.619999885559082,15.619999885559082,15.619999885559082,2605,0.0,0.0,0.0
2026-01-15 02:05:00+00:00,15.609999656677246,15.619999885559082,15.609999656677246,15.619999885559082,5937,0.0,0.0,0.0
2026-01-15 02:10:00+00:00,15.619999885559082,15.619999885559082,15.619999885559082,15.619999885559082,121000,0.0,0.0,0.0
2026-01-15 02:15:00+00:00,15.609999656677246,15.630000114440918,15.609999656677246,15.630000114440918,58291,0.0,0.0,0.0
2026-01-15 02:20:00+00:00,15.630000114440918,15.640000343322754,15.630000114440918,15.630000114440918,23025,0.0,0.0,0.0
2026-01-15 02:25:00+00:00,15.619999885559082,15.619999885559082,15.619999885559082,15.619999885559082,24010,0.0,0.0,0.0
2026-01-15 02:30:00+00:00,15.630000114440918,15.630000114440918,15.630000114440918,15.630000114440918,127564,0.0,0.0,0.0
2026-01-15 02:45:00+00:00,15.619999885559082,15.619999885559082,15.619999885559082,15.619999885559082,6000,0.0,0.0,0.0
2026-01-15 02:50:00+00:00,15.619999885559082,15.630000114440918,15.619999885559082,15.630000114440918,47745,0.0,0.0,0.0
2026-01-15 02:55:00+00:00,15.630000114440918,15.640000343322754,15.630000114440918,15.640000343322754,22248,0.0,0.0,0.0
2026-01-15 03:05:00+00:00,15.619999885559082,15.630000114440918,15.619999885559082,15.630000114440918,12000,0.0,0.0,0.0
2026-01-15 03:10:00+00:00,15.630000114440918,15.630000114440918,15.630000114440918,15.630000114440918,17000,0.0,0.0,0.0
2026-01-15 03:15:00+00:00,15.640000343322754,15.640000343322754,15.640000343322754,15.640000343322754,1100,0.0,0.0,0.0
2026-01-15 03:20:00+00:00,15.640000343322754,15.640000343322754,15.640000343322754,15.640000343322754,5335,0.0,0.0,0.0
2026-01-15 03:35:00+00:00,15.630000114440918,15.630000114440918,15.630000114440918,15.630000114440918,4045,0.0,0.0,0.0
2026-01-15 03:40:00+00:00,15.630000114440918,15.630000114440918,15.630000114440918,15.630000114440918,4100,0.0,0.0,0.0
2026-01-15 03:45:00+00:00,15.630000114440918,15.630000114440918,15.619999885559082,15.619999885559082,8000,0.0,0.0,0.0
2026-01-15 03:50:00+00:00,15.619999885559082,15.619999885559082,15.619999885559082,15.619999885559082,1100,0.0,0.0,0.0
2026-01-15 03:55:00+00:00,15.619999885559082,15.619999885559082,15.619999885559082,15.619999885559082,58000,0.0,0.0,0.0
2026-01-15 04:00:00+00:00,15.630000114440918,15.65999984741211,15.630000114440918,15.65999984741211,211262,0.0,0.0,0.0
2026-01-15 04:05:00+00:00,15.649999618530273,15.649999618530273,15.649999618530273,15.649999618530273,1000,0.0,0.0,0.0
2026-01-15 04:10:00+00:00,15.649999618530273,15.670000076293945,15.649999618530273,15.670000076293945,199349,0.0,0.0,0.0
2026-01-15 04:15:00+00:00,15.670000076293945,15.670000076293945,15.670000076293945,15.670000076293945,2305,0.0,0.0,0.0
2026-01-15 04:20:00+00:00,15.670000076293945,15.670000076293945,15.670000076293945,15.670000076293945,21405,0.0,0.0,0.0
2026-01-15 04:25:00+00:00,15.670000076293945,15.680000305175781,15.670000076293945,15.680000305175781,118386,0.0,0.0,0.0
2026-01-15 04:35:00+00:00,15.680000305175781,15.680000305175781,15.680000305175781,15.680000305175781,33576,0.0,0.0,0.0
2026-01-15 04:40:00+00:00,15.65999984741211,15.65999984741211,15.65999984741211,15.65999984741211,4560,0.0,0.0,0.0
2026-01-15 04:45:00+00:00,15.65999984741211,15.65999984741211,15.65999984741211,15.65999984741211,7097,0.0,0.0,0.0
2026-01-15 04:50:00+00:00,15.65999984741211,15.65999984741211,15.65999984741211,15.65999984741211,3275,0.0,0.0,0.0
2026-01-15 05:00:00+00:00,15.649999618530273,15.649999618530273,15.649999618530273,15.649999618530273,5000,0.0,0.0,0.0
2026-01-15 05:05:00+00:00,15.649999618530273,15.649999618530273,15.649999618530273,15.649999618530273,13005,0.0,0.0,0.0
2026-01-15 05:10:00+00:00,15.649999618530273,15.65999984741211,15.649999618530273,15.65999984741211,2000,0.0,0.0,0.0
2026-01-15 05:15:00+00:00,15.65999984741211,15.65999984741211,15.65999984741211,15.65999984741211,45385,0.0,0.0,0.0
2026-01-16 01:00:00+00:00,15.600000381469727,15.649999618530273,15.600000381469727,15.649999618530273,0,0.0,0.0,0.0
2026-01-16 01:05:00+00:00,15.649999618530273,15.6899995803833,15.630000114440918,15.6899995803833,71452,0.0,0.0,0.0
2026-01-16 01:10:00+00:00,15.670000076293945,15.670000076293945,15.65999984741211,15.65999984741211,21090,0.0,0.0,0.0
2026-01-16 01:15:00+00:00,15.65999984741211,15.65999984741211,15.649999618530273,15.649999618530273,13474,0.0,0.0,0.0
2026-01-16 01:20:00+00:00,15.649999618530273,15.649999618530273,15.649999618530273,15.649999618530273,9214,0.0,0.0,0.0
2026-01-16 01:25:00+00:00,15.649999618530273,15.65999984741211,15.649999618530273,15.65999984741211,5000,0.0,0.0,0.0
2026-01-16 01:30:00+00:00,15.649999618530273,15.65999984741211,15.649999618530273,15.65999984741211,2235,0.0,0.0,0.0
2026-01-16 01:35:00+00:00,15.630000114440918,15.630000114440918,15.630000114440918,15.630000114440918,1075,0.0,0.0,0.0
2026-01-16 01:40:00+00:00,15.630000114440918,15.630000114440918,15.609999656677246,15.609999656677246,65667,0.0,0.0,0.0
2026-01-16 01:45:00+00:00,15.630000114440918,15.649999618530273,15.630000114440918,15.649999618530273,35600,0.0,0.0,0.0
2026-01-16 01:50:00+00:00,15.649999618530273,15.649999618530273,15.640000343322754,15.640000343322754,2075,0.0,0.0,0.0
2026-01-16 01:55:00+00:00,15.649999618530273,15.649999618530273,15.649999618530273,15.649999618530273,10117,0.0,0.0,0.0
2026-01-16 02:00:00+00:00,15.649999618530273,15.65999984741211,15.649999618530273,15.65999984741211,14140,0.0,0.0,0.0
2026-01-16 02:05:00+00:00,15.649999618530273,15.649999618530273,15.649999618530273,15.649999618530273,1079,0.0,0.0,0.0
2026-01-16 02:10:00+00:00,15.640000343322754,15.640000343322754,15.640000343322754,15.640000343322754,5100,0.0,0.0,0.0
2026-01-16 02:15:00+00:00,15.640000343322754,15.640000343322754,15.640000343322754,15.640000343322754,2080,0.0,0.0,0.0
2026-01-16 02:20:00+00:00,15.630000114440918,15.630000114440918,15.630000114440918,15.630000114440918,4182,0.0,0.0,0.0
2026-01-16 02:25:00+00:00,15.619999885559082,15.619999885559082,15.619999885559082,15.619999885559082,21000,0.0,0.0,0.0
2026-01-16 02:30:00+00:00,15.619999885559082,15.640000343322754,15.619999885559082,15.640000343322754,13169,0.0,0.0,0.0
2026-01-16 02:35:00+00:00,15.630000114440918,15.640000343322754,15.630000114440918,15.640000343322754,21000,0.0,0.0,0.0
2026-01-16 02:40:00+00:00,15.640000343322754,15.640000343322754,15.640000343322754,15.640000343322754,1020,0.0,0.0,0.0
2026-01-16 02:45:00+00:00,15.649999618530273,15.649999618530273,15.640000343322754,15.640000343322754,11471,0.0,0.0,0.0
2026-01-16 02:50:00+00:00,15.630000114440918,15.640000343322754,15.609999656677246,15.640000343322754,15418,0.0,0.0,0.0
2026-01-16 02:55:00+00:00,15.619999885559082,15.630000114440918,15.619999885559082,15.630000114440918,5218,0.0,0.0,0.0
2026-01-16 03:00:00+00:00,15.630000114440918,15.630000114440918,15.630000114440918,15.630000114440918,4416,0.0,0.0,0.0
2026-01-16 03:10:00+00:00,15.630000114440918,15.630000114440918,15.630000114440918,15.630000114440918,3000,0.0,0.0,0.0
2026-01-16 03:15:00+00:00,15.619999885559082,15.619999885559082,15.609999656677246,15.609999656677246,15082,0.0,0.0,0.0
2026-01-16 03:20:00+00:00,15.609999656677246,15.609999656677246,15.609999656677246,15.609999656677246,4469,0.0,0.0,0.0
2026-01-16 03:25:00+00:00,15.609999656677246,15.609999656677246,15.609999656677246,15.609999656677246,11050,0.0,0.0,0.0
2026-01-16 03:30:00+00:00,15.619999885559082,15.619999885559082,15.619999885559082,15.619999885559082,4500,0.0,0.0,0.0
2026-01-16 03:35:00+00:00,15.630000114440918,15.630000114440918,15.630000114440918,15.630000114440918,25000,0.0,0.0,0.0
2026-01-16 03:40:00+00:00,15.619999885559082,15.630000114440918,15.619999885559082,15.630000114440918,24117,0.0,0.0,0.0
2026-01-16 03:45:00+00:00,15.640000343322754,15.640000343322754,15.640000343322754,15.640000343322754,72100,0.0,0.0,0.0
2026-01-16 03:50:00+00:00,15.649999618530273,15.649999618530273,15.649999618530273,15.649999618530273,122400,0.0,0.0,0.0
2026-01-16 03:55:00+00:00,15.640000343322754,15.640000343322754,15.640000343322754,15.640000343322754,11000,0.0,0.0,0.0
2026-01-16 04:00:00+00:00,15.649999618530273,15.649999618530273,15.649999618530273,15.649999618530273,3017,0.0,0.0,0.0
2026-01-16 04:05:00+00:00,15.649999618530273,15.649999618530273,15.640000343322754,15.640000343322754,4018,0.0,0.0,0.0
2026-01-16 04:10:00+00:00,15.640000343322754,15.640000343322754,15.640000343322754,15.640000343322754,2015,0.0,0.0,0.0
2026-01-16 04:15:00+00:00,15.640000343322754,15.65999984741211,15.640000343322754,15.65999984741211,81584,0.0,0.0,0.0
2026-01-16 04:35:00+00:00,15.649999618530273,15.649999618530273,15.649999618530273,15.649999618530273,8100,0.0,0.0,0.0
2026-01-16 04:40:00+00:00,15.65999984741211,15.670000076293945,15.65999984741211,15.65999984741211,143986,0.0,0.0,0.0
2026-01-16 04:45:00+00:00,15.65999984741211,15.65999984741211,15.65999984741211,15.65999984741211,14000,0.0,0.0,0.0
2026-01-16 04:50:00+00:00,15.65999984741211,15.670000076293945,15.649999618530273,15.649999618530273,86104,0.0,0.0,0.0
2026-01-16 04:55:00+00:00,15.649999618530273,15.65999984741211,15.649999618530273,15.65999984741211,18318,0.0,0.0,0.0
2026-01-16 05:00:00+00:00,15.65999984741211,15.65999984741211,15.65999984741211,15.65999984741211,10000,0.0,0.0,0.0
2026-01-16 05:05:00+00:00,15.670000076293945,15.670000076293945,15.65999984741211,15.65999984741211,36000,0.0,0.0,0.0
2026-01-16 05:10:00+00:00,15.65999984741211,15.65999984741211,15.65999984741211,15.65999984741211,10000,0.0,0.0,0.0
2026-01-16 05:15:00+00:00,15.65999984741211,15.65999984741211,15.65999984741211,15.65999984741211,13734,0.0,0.0,0.0
2026-01-16 05:20:00+00:00,15.65999984741211,15.65999984741211,15.65999984741211,15.65999984741211,11089,0.0,0.0,0.0
2026-01-19 01:00:00+00:00,15.600000381469727,15.600000381469727,15.600000381469727,15.600000381469727,0,0.0,0.0,0.0
2026-01-19 01:10:00+00:00,15.619999885559082,15.619999885559082,15.619999885559082,15.619999885559082,9181,0.0,0.0,0.0
2026-01-19 01:15:00+00:00,15.630000114440918,15.649999618530273,15.630000114440918,15.649999618530273,12762,0.0,0.0,0.0
2026-01-19 01:20:00+00:00,15.649999618530273,15.649999618530273,15.649999618530273,15.649999618530273,1419,0.0,0.0,0.0
2026-01-19 01:30:00+00:00,15.649999618530273,15.649999618530273,15.630000114440918,15.630000114440918,2200,0.0,0.0,0.0
2026-01-19 01:35:00+00:00,15.630000114440918,15.649999618530273,15.630000114440918,15.649999618530273,15083,0.0,0.0,0.0
2026-01-19 01:40:00+00:00,15.649999618530273,15.65999984741211,15.649999618530273,15.65999984741211,119000,0.0,0.0,0.0
2026-01-19 01:45:00+00:00,15.65999984741211,15.670000076293945,15.65999984741211,15.670000076293945,3813,0.0,0.0,0.0
2026-01-19 01:50:00+00:00,15.670000076293945,15.670000076293945,15.670000076293945,15.670000076293945,2052,0.0,0.0,0.0
2026-01-19 01:55:00+00:00,15.649999618530273,15.649999618530273,15.649999618530273,15.649999618530273,1303,0.0,0.0,0.0
2026-01-19 02:00:00+00:00,15.65999984741211,15.670000076293945,15.65999984741211,15.65999984741211,41101,0.0,0.0,0.0
2026-01-19 02:05:00+00:00,15.680000305175781,15.680000305175781,15.680000305175781,15.680000305175781,6126,0.0,0.0,0.0
2026-01-19 02:10:00+00:00,15.680000305175781,15.6899995803833,15.680000305175781,15.6899995803833,113700,0.0,0.0,0.0
2026-01-19 02:15:00+00:00,15.699999809265137,15.699999809265137,15.699999809265137,15.699999809265137,3054,0.0,0.0,0.0
2026-01-19 02:20:00+00:00,15.680000305175781,15.6899995803833,15.680000305175781,15.6899995803833,16106,0.0,0.0,0.0
2026-01-19 02:25:00+00:00,15.699999809265137,15.699999809265137,15.699999809265137,15.699999809265137,78648,0.0,0.0,0.0
2026-01-19 02:30:00+00:00,15.699999809265137,15.699999809265137,15.699999809265137,15.699999809265137,20179,0.0,0.0,0.0
2026-01-19 02:35:00+00:00,15.699999809265137,15.710000038146973,15.699999809265137,15.699999809265137,77090,0.0,0.0,0.0
2026-01-19 02:40:00+00:00,15.710000038146973,15.720000267028809,15.710000038146973,15.720000267028809,85024,0.0,0.0,0.0
2026-01-19 02:45:00+00:00,15.729999542236328,15.729999542236328,15.720000267028809,15.720000267028809,2708,0.0,0.0,0.0
2026-01-19 03:05:00+00:00,15.710000038146973,15.710000038146973,15.680000305175781,15.680000305175781,4080,0.0,0.0,0.0
2026-01-19 03:15:00+00:00,15.65999984741211,15.65999984741211,15.65999984741211,15.65999984741211,31122,0.0,0.0,0.0
2026-01-19 03:20:00+00:00,15.680000305175781,15.680000305175781,15.680000305175781,15.680000305175781,1132,0.0,0.0,0.0
2026-01-19 03:40:00+00:00,15.65999984741211,15.65999984741211,15.65999984741211,15.65999984741211,1390,0.0,0.0,0.0
2026-01-19 03:45:00+00:00,15.640000343322754,15.649999618530273,15.640000343322754,15.649999618530273,12117,0.0,0.0,0.0
2026-01-19 03:50:00+00:00,15.640000343322754,15.640000343322754,15.640000343322754,15.640000343322754,19052,0.0,0.0,0.0
2026-01-19 04:00:00+00:00,15.640000343322754,15.640000343322754,15.640000343322754,15.640000343322754,7660,0.0,0.0,0.0
2026-01-19 04:05:00+00:00,15.640000343322754,15.640000343322754,15.640000343322754,15.640000343322754,13563,0.0,0.0,0.0
2026-01-19 04:10:00+00:00,15.640000343322754,15.649999618530273,15.640000343322754,15.649999618530273,21147,0.0,0.0,0.0
2026-01-19 04:15:00+00:00,15.649999618530273,15.649999618530273,15.649999618530273,15.649999618530273,1050,0.0,0.0,0.0
2026-01-19 04:20:00+00:00,15.649999618530273,15.649999618530273,15.649999618530273,15.649999618530273,3000,0.0,0.0,0.0
2026-01-19 04:25:00+00:00,15.649999618530273,15.680000305175781,15.649999618530273,15.680000305175781,2378,0.0,0.0,0.0
2026-01-19 04:35:00+00:00,15.649999618530273,15.649999618530273,15.640000343322754,15.640000343322754,16216,0.0,0.0,0.0
2026-01-19 04:40:00+00:00,15.640000343322754,15.640000343322754,15.640000343322754,15.640000343322754,11697,0.0,0.0,0.0
2026-01-19 04:50:00+00:00,15.640000343322754,15.640000343322754,15.640000343322754,15.640000343322754,1150,0.0,0.0,0.0
2026-01-19 04:55:00+00:00,15.630000114440918,15.630000114440918,15.630000114440918,15.630000114440918,14205,0.0,0.0,0.0
2026-01-19 05:00:00+00:00,15.619999885559082,15.630000114440918,15.619999885559082,15.630000114440918,24259,0.0,0.0,0.0
2026-01-19 05:05:00+00:00,15.619999885559082,15.619999885559082,15.619999885559082,15.619999885559082,4489,0.0,0.0,0.0
2026-01-19 05:10:00+00:00,15.619999885559082,15.619999885559082,15.619999885559082,15.619999885559082,24005,0.0,0.0,0.0
2026-01-19 05:15:00+00:00,15.619999885559082,15.630000114440918,15.619999885559082,15.630000114440918,16450,0.0,0.0,0.0
2026-01-19 05:20:00+00:00,15.640000343322754,15.640000343322754,15.640000343322754,15.640000343322754,23232,0.0,0.0,0.0
2026-01-20 01:00:00+00:00,15.619999885559082,15.619999885559082,15.619999885559082,15.619999885559082,0,0.0,0.0,0.0
2026-01-20 01:05:00+00:00,15.600000381469727,15.609999656677246,15.600000381469727,15.609999656677246,17466,0.0,0.0,0.0
2026-01-20 01:10:00+00:00,15.640000343322754,15.65999984741211,15.640000343322754,15.65999984741211,58608,0.0,0.0,0.0
2026-01-20 01:15:00+00:00,15.65999984741211,15.65999984741211,15.619999885559082,15.619999885559082,114000,0.0,0.0,0.0
2026-01-20 01:20:00+00:00,15.630000114440918,15.649999618530273,15.630000114440918,15.649999618530273,34057,0.0,0.0,0.0
2026-01-20 01:25:00+00:00,15.65999984741211,15.670000076293945,15.65999984741211,15.65999984741211,27133,0.0,0.0,0.0
2026-01-20 01:30:00+00:00,15.65999984741211,15.6899995803833,15.65999984741211,15.6899995803833,44050,0.0,0.0,0.0
2026-01-20 01:35:00+00:00,15.699999809265137,15.699999809265137,15.670000076293945,15.670000076293945,48306,0.0,0.0,0.0
2026-01-20 01:40:00+00:00,15.680000305175781,15.720000267028809,15.680000305175781,15.720000267028809,40713,0.0,0.0,0.0
2026-01-20 01:50:00+00:00,15.699999809265137,15.720000267028809,15.699999809265137,15.720000267028809,49000,0.0,0.0,0.0
2026-01-20 01:55:00+00:00,15.699999809265137,15.699999809265137,15.699999809265137,15.699999809265137,1000,0.0,0.0,0.0
2026-01-20 02:00:00+00:00,15.720000267028809,15.720000267028809,15.720000267028809,15.720000267028809,137577,0.0,0.0,0.0
2026-01-20 02:05:00+00:00,15.720000267028809,15.720000267028809,15.699999809265137,15.699999809265137,19000,0.0,0.0,0.0
2026-01-20 02:10:00+00:00,15.720000267028809,15.720000267028809,15.720000267028809,15.720000267028809,25049,0.0,0.0,0.0
2026-01-20 02:15:00+00:00,15.720000267028809,15.720000267028809,15.720000267028809,15.720000267028809,4100,0.0,0.0,0.0
2026-01-20 02:25:00+00:00,15.6899995803833,15.6899995803833,15.6899995803833,15.6899995803833,20000,0.0,0.0,0.0
2026-01-20 02:30:00+00:00,15.6899995803833,15.710000038146973,15.6899995803833,15.710000038146973,9316,0.0,0.0,0.0
2026-01-20 02:35:00+00:00,15.710000038146973,15.720000267028809,15.710000038146973,15.720000267028809,41849,0.0,0.0,0.0
2026-01-20 02:40:00+00:00,15.720000267028809,15.720000267028809,15.720000267028809,15.720000267028809,5000,0.0,0.0,0.0
2026-01-20 02:45:00+00:00,15.720000267028809,15.739999771118164,15.720000267028809,15.739999771118164,221213,0.0,0.0,0.0
2026-01-20 02:50:00+00:00,15.739999771118164,15.739999771118164,15.739999771118164,15.739999771118164,60148,0.0,0.0,0.0
2026-01-20 02:55:00+00:00,15.739999771118164,15.739999771118164,15.739999771118164,15.739999771118164,10473,0.0,0.0,0.0
2026-01-20 03:05:00+00:00,15.720000267028809,15.720000267028809,15.720000267028809,15.720000267028809,5250,0.0,0.0,0.0
2026-01-20 03:10:00+00:00,15.720000267028809,15.720000267028809,15.720000267028809,15.720000267028809,16210,0.0,0.0,0.0
2026-01-20 03:15:00+00:00,15.720000267028809,15.720000267028809,15.720000267028809,15.720000267028809,1193,0.0,0.0,0.0
2026-01-20 03:20:00+00:00,15.720000267028809,15.729999542236328,15.720000267028809,15.729999542236328,6110,0.0,0.0,0.0
2026-01-20 03:30:00+00:00,15.729999542236328,15.729999542236328,15.729999542236328,15.729999542236328,4064,0.0,0.0,0.0
2026-01-20 03:40:00+00:00,15.729999542236328,15.729999542236328,15.729999542236328,15.729999542236328,19285,0.0,0.0,0.0
2026-01-20 03:45:00+00:00,15.729999542236328,15.729999542236328,15.729999542236328,15.729999542236328,2160,0.0,0.0,0.0
2026-01-20 03:50:00+00:00,15.729999542236328,15.739999771118164,15.729999542236328,15.739999771118164,55648,0.0,0.0,0.0
2026-01-20 04:10:00+00:00,15.729999542236328,15.729999542236328,15.729999542236328,15.729999542236328,3100,0.0,0.0,0.0
2026-01-20 04:20:00+00:00,15.699999809265137,15.699999809265137,15.699999809265137,15.699999809265137,5000,0.0,0.0,0.0
2026-01-20 04:25:00+00:00,15.699999809265137,15.699999809265137,15.699999809265137,15.699999809265137,3000,0.0,0.0,0.0
2026-01-20 04:30:00+00:00,15.699999809265137,15.699999809265137,15.699999809265137,15.699999809265137,16467,0.0,0.0,0.0
2026-01-20 04:35:00+00:00,15.699999809265137,15.699999809265137,15.699999809265137,15.699999809265137,8000,0.0,0.0,0.0
2026-01-20 04:40:00+00:00,15.699999809265137,15.699999809265137,15.699999809265137,15.699999809265137,1348,0.0,0.0,0.0
2026-01-20 04:50:00+00:00,15.699999809265137,15.699999809265137,15.699999809265137,15.699999809265137,1005,0.0,0.0,0.0
2026-01-20 04:55:00+00:00,15.6899995803833,15.6899995803833,15.6899995803833,15.6899995803833,2478,0.0,0.0,0.0
2026-01-20 05:05:00+00:00,15.6899995803833,15.6899995803833,15.6899995803833,15.6899995803833,3000,0.0,0.0,0.0
2026-01-20 05:10:00+00:00,15.699999809265137,15.699999809265137,15.699999809265137,15.699999809265137,1058,0.0,0.0,0.0
2026-01-20 05:20:00+00:00,15.699999809265137,15.699999809265137,15.699999809265137,15.699999809265137,42600,0.0,0.0,0.0
2026-01-21 01:00:00+00:00,15.670000076293945,15.680000305175781,15.670000076293945,15.680000305175781,0,0.0,0.0,0.0
2026-01-21 01:10:00+00:00,15.649999618530273,15.649999618530273,15.630000114440918,15.630000114440918,7201,0.0,0.0,0.0
2026-01-21 01:15:00+00:00,15.619999885559082,15.630000114440918,15.619999885559082,15.630000114440918,20624,0.0,0.0,0.0
2026-01-21 01:20:00+00:00,15.630000114440918,15.649999618530273,15.630000114440918,15.649999618530273,27288,0.0,0.0,0.0
2026-01-21 01:25:00+00:00,15.65999984741211,15.65999984741211,15.65999984741211,15.65999984741211,76000,0.0,0.0,0.0
2026-01-21 01:30:00+00:00,15.670000076293945,15.680000305175781,15.670000076293945,15.680000305175781,14000,0.0,0.0,0.0
2026-01-21 01:35:00+00:00,15.6899995803833,15.699999809265137,15.6899995803833,15.699999809265137,41032,0.0,0.0,0.0
2026-01-21 01:40:00+00:00,15.699999809265137,15.710000038146973,15.699999809265137,15.710000038146973,39000,0.0,0.0,0.0
2026-01-21 01:45:00+00:00,15.710000038146973,15.710000038146973,15.710000038146973,15.710000038146973,7000,0.0,0.0,0.0
2026-01-21 01:50:00+00:00,15.710000038146973,15.710000038146973,15.699999809265137,15.699999809265137,29620,0.0,0.0,0.0
2026-01-21 02:00:00+00:00,15.699999809265137,15.710000038146973,15.699999809265137,15.710000038146973,5020,0.0,0.0,0.0
2026-01-21 02:05:00+00:00,15.699999809265137,15.699999809265137,15.699999809265137,15.699999809265137,1000,0.0,0.0,0.0
2026-01-21 02:10:00+00:00,15.699999809265137,15.699999809265137,15.699999809265137,15.699999809265137,5001,0.0,0.0,0.0
2026-01-21 02:15:00+00:00,15.710000038146973,15.710000038146973,15.699999809265137,15.710000038146973,3000,0.0,0.0,0.0
2026-01-21 02:20:00+00:00,15.699999809265137,15.699999809265137,15.6899995803833,15.6899995803833,4102,0.0,0.0,0.0
2026-01-21 02:25:00+00:00,15.680000305175781,15.680000305175781,15.680000305175781,15.680000305175781,2462,0.0,0.0,0.0
2026-01-21 02:30:00+00:00,15.65999984741211,15.65999984741211,15.65999984741211,15.65999984741211,1130,0.0,0.0,0.0
2026-01-21 02:35:00+00:00,15.65999984741211,15.65999984741211,15.640000343322754,15.640000343322754,12814,0.0,0.0,0.0
2026-01-21 02:40:00+00:00,15.630000114440918,15.640000343322754,15.630000114440918,15.640000343322754,46640,0.0,0.0,0.0
2026-01-21 02:45:00+00:00,15.640000343322754,15.640000343322754,15.640000343322754,15.640000343322754,3000,0.0,0.0,0.0
2026-01-21 02:50:00+00:00,15.649999618530273,15.65999984741211,15.649999618530273,15.65999984741211,75110,0.0,0.0,0.0
2026-01-21 03:05:00+00:00,15.65999984741211,15.65999984741211,15.65999984741211,15.65999984741211,4100,0.0,0.0,0.0
2026-01-21 03:10:00+00:00,15.649999618530273,15.649999618530273,15.649999618530273,15.649999618530273,1280,0.0,0.0,0.0
2026-01-21 03:15:00+00:00,15.65999984741211,15.65999984741211,15.65999984741211,15.65999984741211,18000,0.0,0.0,0.0
2026-01-21 03:20:00+00:00,15.670000076293945,15.670000076293945,15.670000076293945,15.670000076293945,9120,0.0,0.0,0.0
2026-01-21 03:25:00+00:00,15.680000305175781,15.680000305175781,15.680000305175781,15.680000305175781,51685,0.0,0.0,0.0
2026-01-21 03:45:00+00:00,15.649999618530273,15.649999618530273,15.649999618530273,15.649999618530273,7090,0.0,0.0,0.0
2026-01-21 03:50:00+00:00,15.640000343322754,15.640000343322754,15.640000343322754,15.640000343322754,2000,0.0,0.0,0.0
2026-01-21 03:55:00+00:00,15.630000114440918,15.630000114440918,15.630000114440918,15.630000114440918,15000,0.0,0.0,0.0
2026-01-21 04:00:00+00:00,15.619999885559082,15.619999885559082,15.609999656677246,15.609999656677246,28000,0.0,0.0,0.0
2026-01-21 04:05:00+00:00,15.619999885559082,15.619999885559082,15.619999885559082,15.619999885559082,1000,0.0,0.0,0.0
2026-01-21 04:10:00+00:00,15.619999885559082,15.630000114440918,15.619999885559082,15.630000114440918,43048,0.0,0.0,0.0
2026-01-21 04:15:00+00:00,15.609999656677246,15.609999656677246,15.609999656677246,15.609999656677246,3005,0.0,0.0,0.0
2026-01-21 04:30:00+00:00,15.609999656677246,15.609999656677246,15.609999656677246,15.609999656677246,2037,0.0,0.0,0.0
2026-01-21 04:35:00+00:00,15.609999656677246,15.609999656677246,15.609999656677246,15.609999656677246,1000,0.0,0.0,0.0
2026-01-21 04:45:00+00:00,15.600000381469727,15.609999656677246,15.600000381469727,15.609999656677246,9270,0.0,0.0,0.0
2026-01-21 04:50:00+00:00,15.600000381469727,15.609999656677246,15.600000381469727,15.609999656677246,81000,0.0,0.0,0.0
2026-01-21 04:55:00+00:00,15.609999656677246,15.609999656677246,15.609999656677246,15.609999656677246,9359,0.0,0.0,0.0
2026-01-21 05:10:00+00:00,15.609999656677246,15.609999656677246,15.609999656677246,15.609999656677246,3896,0.0,0.0,0.0
2026-01-21 05:20:00+00:00,15.609999656677246,15.630000114440918,15.609999656677246,15.630000114440918,14965,0.0,0.0,0.0
2026-01-22 01:00:00+00:00,15.699999809265137,15.720000267028809,15.699999809265137,15.720000267028809,0,0.0,0.0,0.0
2026-01-22 01:05:00+00:00,15.729999542236328,15.75,15.729999542236328,15.739999771118164,66753,0.0,0.0,0.0
2026-01-22 01:10:00+00:00,15.739999771118164,15.75,15.739999771118164,15.75,18630,0.0,0.0,0.0
2026-01-22 01:15:00+00:00,15.760000228881836,15.770000457763672,15.760000228881836,15.770000457763672,16379,0.0,0.0,0.0
2026-01-22 01:20:00+00:00,15.75,15.760000228881836,15.75,15.760000228881836,18150,0.0,0.0,0.0
2026-01-22 01:25:00+00:00,15.760000228881836,15.760000228881836,15.75,15.760000228881836,10400,0.0,0.0,0.0
2026-01-22 01:30:00+00:00,15.770000457763672,15.770000457763672,15.770000457763672,15.770000457763672,79174,0.0,0.0,0.0
2026-01-22 01:35:00+00:00,15.770000457763672,15.789999961853027,15.770000457763672,15.779999732971191,58799,0.0,0.0,0.0
2026-01-22 01:40:00+00:00,15.779999732971191,15.779999732971191,15.779999732971191,15.779999732971191,11699,0.0,0.0,0.0
2026-01-22 01:45:00+00:00,15.770000457763672,15.770000457763672,15.770000457763672,15.770000457763672,5305,0.0,0.0,0.0
2026-01-22 01:50:00+00:00,15.770000457763672,15.770000457763672,15.770000457763672,15.770000457763672,9059,0.0,0.0,0.0
2026-01-22 01:55:00+00:00,15.760000228881836,15.760000228881836,15.760000228881836,15.760000228881836,1000,0.0,0.0,0.0
2026-01-22 02:05:00+00:00,15.75,15.75,15.75,15.75,65155,0.0,0.0,0.0
2026-01-22 02:10:00+00:00,15.75,15.760000228881836,15.75,15.760000228881836,31059,0.0,0.0,0.0
2026-01-22 02:20:00+00:00,15.739999771118164,15.739999771118164,15.739999771118164,15.739999771118164,3485,0.0,0.0,0.0
2026-01-22 02:25:00+00:00,15.739999771118164,15.739999771118164,15.739999771118164,15.739999771118164,25000,0.0,0.0,0.0
2026-01-22 02:30:00+00:00,15.720000267028809,15.720000267028809,15.720000267028809,15.720000267028809,1575,0.0,0.0,0.0
2026-01-22 02:35:00+00:00,15.699999809265137,15.710000038146973,15.699999809265137,15.710000038146973,28064,0.0,0.0,0.0
2026-01-22 02:40:00+00:00,15.710000038146973,15.710000038146973,15.710000038146973,15.710000038146973,76015,0.0,0.0,0.0
2026-01-22 02:45:00+00:00,15.699999809265137,15.699999809265137,15.699999809265137,15.699999809265137,74000,0.0,0.0,0.0
2026-01-22 02:50:00+00:00,15.699999809265137,15.699999809265137,15.699999809265137,15.699999809265137,1196,0.0,0.0,0.0
2026-01-22 02:55:00+00:00,15.699999809265137,15.710000038146973,15.699999809265137,15.710000038146973,22034,0.0,0.0,0.0
2026-01-22 03:00:00+00:00,15.710000038146973,15.720000267028809,15.710000038146973,15.720000267028809,4260,0.0,0.0,0.0
2026-01-22 03:15:00+00:00,15.699999809265137,15.710000038146973,15.699999809265137,15.710000038146973,43209,0.0,0.0,0.0
2026-01-22 03:25:00+00:00,15.720000267028809,15.729999542236328,15.720000267028809,15.729999542236328,37000,0.0,0.0,0.0
2026-01-22 03:30:00+00:00,15.729999542236328,15.729999542236328,15.720000267028809,15.729999542236328,50270,0.0,0.0,0.0
2026-01-22 03:40:00+00:00,15.729999542236328,15.729999542236328,15.729999542236328,15.729999542236328,1914,0.0,0.0,0.0
2026-01-22 03:45:00+00:00,15.729999542236328,15.729999542236328,15.729999542236328,15.729999542236328,1000,0.0,0.0,0.0
2026-01-22 03:50:00+00:00,15.729999542236328,15.739999771118164,15.729999542236328,15.739999771118164,22275,0.0,0.0,0.0
2026-01-22 04:05:00+00:00,15.729999542236328,15.729999542236328,15.729999542236328,15.729999542236328,4627,0.0,0.0,0.0
2026-01-22 04:15:00+00:00,15.699999809265137,15.699999809265137,15.699999809265137,15.699999809265137,1522,0.0,0.0,0.0
2026-01-22 04:20:00+00:00,15.720000267028809,15.720000267028809,15.699999809265137,15.720000267028809,17118,0.0,0.0,0.0
2026-01-22 04:30:00+00:00,15.710000038146973,15.729999542236328,15.710000038146973,15.729999542236328,120525,0.0,0.0,0.0
2026-01-22 04:45:00+00:00,15.699999809265137,15.720000267028809,15.699999809265137,15.720000267028809,13000,0.0,0.0,0.0
2026-01-22 04:50:00+00:00,15.720000267028809,15.720000267028809,15.720000267028809,15.720000267028809,2254,0.0,0.0,0.0
2026-01-22 04:55:00+00:00,15.710000038146973,15.710000038146973,15.710000038146973,15.710000038146973,3000,0.0,0.0,0.0
2026-01-22 05:00:00+00:00,15.710000038146973,15.710000038146973,15.710000038146973,15.710000038146973,12010,0.0,0.0,0.0
2026-01-22 05:05:00+00:00,15.710000038146973,15.710000038146973,15.710000038146973,15.710000038146973,10505,0.0,0.0,0.0
2026-01-22 05:10:00+00:00,15.710000038146973,15.710000038146973,15.710000038146973,15.710000038146973,25000,0.0,0.0,0.0
2026-01-22 05:15:00+00:00,15.720000267028809,15.720000267028809,15.720000267028809,15.720000267028809,11100,0.0,0.0,0.0
2026-01-22 05:20:00+00:00,15.720000267028809,15.729999542236328,15.720000267028809,15.729999542236328,16000,0.0,0.0,0.0
2026-01-23 01:00:00+00:00,15.75,15.75,15.75,15.75,0,0.0,0.0,0.0
2026-01-23 01:05:00+00:00,15.75,15.75,15.75,15.75,12818,0.0,0.0,0.0
2026-01-23 01:10:00+00:00,15.720000267028809,15.720000267028809,15.720000267028809,15.720000267028809,4409,0.0,0.0,0.0
2026-01-23 01:15:00+00:00,15.710000038146973,15.739999771118164,15.710000038146973,15.739999771118164,50010,0.0,0.0,0.0
2026-01-23 01:20:00+00:00,15.720000267028809,15.720000267028809,15.699999809265137,15.699999809265137,9538,0.0,0.0,0.0
2026-01-23 01:25:00+00:00,15.699999809265137,15.699999809265137,15.680000305175781,15.680000305175781,40414,0.0,0.0,0.0
2026-01-23 01:30:00+00:00,15.680000305175781,15.680000305175781,15.670000076293945,15.670000076293945,5253,0.0,0.0,0.0
2026-01-23 01:35:00+00:00,15.670000076293945,15.670000076293945,15.649999618530273,15.649999618530273,5429,0.0,0.0,0.0
2026-01-23 01:40:00+00:00,15.649999618530273,15.649999618530273,15.630000114440918,15.630000114440918,31080,0.0,0.0,0.0
2026-01-23 01:45:00+00:00,15.630000114440918,15.649999618530273,15.630000114440918,15.649999618530273,56225,0.0,0.0,0.0
2026-01-23 01:50:00+00:00,15.65999984741211,15.65999984741211,15.65999984741211,15.65999984741211,1380,0.0,0.0,0.0
2026-01-23 01:55:00+00:00,15.65999984741211,15.65999984741211,15.649999618530273,15.649999618530273,2035,0.0,0.0,0.0
2026-01-23 02:00:00+00:00,15.65999984741211,15.65999984741211,15.630000114440918,15.630000114440918,27409,0.0,0.0,0.0
2026-01-23 02:05:00+00:00,15.630000114440918,15.630000114440918,15.630000114440918,15.630000114440918,9972,0.0,0.0,0.0
2026-01-23 02:15:00+00:00,15.640000343322754,15.640000343322754,15.630000114440918,15.630000114440918,4255,0.0,0.0,0.0
2026-01-23 02:20:00+00:00,15.630000114440918,15.630000114440918,15.619999885559082,15.619999885559082,11147,0.0,0.0,0.0
2026-01-23 02:30:00+00:00,15.630000114440918,15.630000114440918,15.600000381469727,15.600000381469727,13648,0.0,0.0,0.0
2026-01-23 02:35:00+00:00,15.600000381469727,15.600000381469727,15.600000381469727,15.600000381469727,1020,0.0,0.0,0.0
2026-01-23 02:45:00+00:00,15.609999656677246,15.609999656677246,15.609999656677246,15.609999656677246,2250,0.0,0.0,0.0
2026-01-23 02:50:00+00:00,15.600000381469727,15.600000381469727,15.600000381469727,15.600000381469727,40000,0.0,0.0,0.0
2026-01-23 02:55:00+00:00,15.609999656677246,15.609999656677246,15.600000381469727,15.600000381469727,7100,0.0,0.0,0.0
2026-01-23 03:00:00+00:00,15.600000381469727,15.630000114440918,15.600000381469727,15.600000381469727,4420,0.0,0.0,0.0
2026-01-23 03:10:00+00:00,15.609999656677246,15.609999656677246,15.609999656677246,15.609999656677246,2000,0.0,0.0,0.0
2026-01-23 03:20:00+00:00,15.609999656677246,15.609999656677246,15.609999656677246,15.609999656677246,3101,0.0,0.0,0.0
2026-01-23 03:25:00+00:00,15.609999656677246,15.609999656677246,15.609999656677246,15.609999656677246,4189,0.0,0.0,0.0
2026-01-23 03:30:00+00:00,15.609999656677246,15.609999656677246,15.600000381469727,15.600000381469727,10000,0.0,0.0,0.0
2026-01-23 03:35:00+00:00,15.600000381469727,15.600000381469727,15.600000381469727,15.600000381469727,49200,0.0,0.0,0.0
2026-01-23 03:40:00+00:00,15.59000015258789,15.59000015258789,15.59000015258789,15.59000015258789,47000,0.0,0.0,0.0
2026-01-23 03:50:00+00:00,15.59000015258789,15.59000015258789,15.59000015258789,15.59000015258789,5629,0.0,0.0,0.0
2026-01-23 03:55:00+00:00,15.600000381469727,15.600000381469727,15.59000015258789,15.59000015258789,3305,0.0,0.0,0.0
2026-01-23 04:05:00+00:00,15.59000015258789,15.59000015258789,15.59000015258789,15.59000015258789,22811,0.0,0.0,0.0
2026-01-23 04:10:00+00:00,15.59000015258789,15.59000015258789,15.59000015258789,15.59000015258789,1980,0.0,0.0,0.0
2026-01-23 04:40:00+00:00,15.600000381469727,15.600000381469727,15.600000381469727,15.600000381469727,11071,0.0,0.0,0.0
2026-01-23 04:45:00+00:00,15.59000015258789,15.600000381469727,15.59000015258789,15.600000381469727,2100,0.0,0.0,0.0
2026-01-23 04:50:00+00:00,15.59000015258789,15.600000381469727,15.59000015258789,15.600000381469727,3500,0.0,0.0,0.0
2026-01-23 04:55:00+00:00,15.600000381469727,15.600000381469727,15.59000015258789,15.59000015258789,7429,0.0,0.0,0.0
2026-01-23 05:00:00+00:00,15.59000015258789,15.59000015258789,15.59000015258789,15.59000015258789,1222,0.0,0.0,0.0
2026-01-23 05:05:00+00:00,15.59000015258789,15.59000015258789,15.579999923706055,15.579999923706055,13210,0.0,0.0,0.0
2026-01-23 05:15:00+00:00,15.600000381469727,15.600000381469727,15.600000381469727,15.600000381469727,2000,0.0,0.0,0.0
2026-01-23 05:20:00+00:00,15.609999656677246,15.609999656677246,15.609999656677246,15.609999656677246,1063,0.0,0.0,0.0
2026-01-26 01:00:00+00:00,15.579999923706055,15.579999923706055,15.579999923706055,15.579999923706055,0,0.0,0.0,0.0
2026-01-26 01:05:00+00:00,15.550000190734863,15.550000190734863,15.520000457763672,15.520000457763672,46159,0.0,0.0,0.0
2026-01-26 01:10:00+00:00,15.529999732971191,15.529999732971191,15.529999732971191,15.529999732971191,3124,0.0,0.0,0.0
2026-01-26 01:15:00+00:00,15.529999732971191,15.529999732971191,15.520000457763672,15.520000457763672,159080,0.0,0.0,0.0
2026-01-26 01:20:00+00:00,15.520000457763672,15.520000457763672,15.520000457763672,15.520000457763672,3090,0.0,0.0,0.0
2026-01-26 01:25:00+00:00,15.520000457763672,15.520000457763672,15.510000228881836,15.520000457763672,7001,0.0,0.0,0.0
2026-01-26 01:30:00+00:00,15.520000457763672,15.529999732971191,15.520000457763672,15.529999732971191,4200,0.0,0.0,0.0
2026-01-26 01:35:00+00:00,15.529999732971191,15.529999732971191,15.529999732971191,15.529999732971191,17114,0.0,0.0,0.0
2026-01-26 01:40:00+00:00,15.529999732971191,15.529999732971191,15.520000457763672,15.529999732971191,40416,0.0,0.0,0.0
2026-01-26 01:45:00+00:00,15.529999732971191,15.529999732971191,15.529999732971191,15.529999732971191,5650,0.0,0.0,0.0
2026-01-26 01:50:00+00:00,15.529999732971191,15.529999732971191,15.529999732971191,15.529999732971191,6070,0.0,0.0,0.0
2026-01-26 01:55:00+00:00,15.550000190734863,15.579999923706055,15.550000190734863,15.550000190734863,9756,0.0,0.0,0.0
2026-01-26 02:00:00+00:00,15.579999923706055,15.579999923706055,15.569999694824219,15.569999694824219,3247,0.0,0.0,0.0
2026-01-26 02:10:00+00:00,15.5600004196167,15.569999694824219,15.5600004196167,15.569999694824219,107000,0.0,0.0,0.0
2026-01-26 02:15:00+00:00,15.59000015258789,15.59000015258789,15.59000015258789,15.59000015258789,1063,0.0,0.0,0.0
2026-01-26 02:20:00+00:00,15.59000015258789,15.600000381469727,15.59000015258789,15.600000381469727,2330,0.0,0.0,0.0
2026-01-26 02:25:00+00:00,15.59000015258789,15.59000015258789,15.59000015258789,15.59000015258789,102068,0.0,0.0,0.0
2026-01-26 02:30:00+00:00,15.59000015258789,15.600000381469727,15.59000015258789,15.59000015258789,141000,0.0,0.0,0.0
2026-01-26 02:35:00+00:00,15.59000015258789,15.600000381469727,15.59000015258789,15.600000381469727,15476,0.0,0.0,0.0
2026-01-26 02:40:00+00:00,15.59000015258789,15.59000015258789,15.59000015258789,15.59000015258789,1000,0.0,0.0,0.0
2026-01-26 02:45:00+00:00,15.600000381469727,15.600000381469727,15.600000381469727,15.600000381469727,1104,0.0,0.0,0.0
2026-01-26 02:50:00+00:00,15.59000015258789,15.59000015258789,15.59000015258789,15.59000015258789,1432,0.0,0.0,0.0
2026-01-26 03:00:00+00:00,15.59000015258789,15.59000015258789,15.579999923706055,15.59000015258789,9000,0.0,0.0,0.0
2026-01-26 03:05:00+00:00,15.600000381469727,15.600000381469727,15.600000381469727,15.600000381469727,17032,0.0,0.0,0.0
2026-01-26 03:15:00+00:00,15.600000381469727,15.600000381469727,15.600000381469727,15.600000381469727,3032,0.0,0.0,0.0
2026-01-26 03:20:00+00:00,15.609999656677246,15.619999885559082,15.609999656677246,15.619999885559082,21132,0.0,0.0,0.0
2026-01-26 03:25:00+00:00,15.619999885559082,15.619999885559082,15.619999885559082,15.619999885559082,7000,0.0,0.0,0.0
2026-01-26 03:30:00+00:00,15.619999885559082,15.619999885559082,15.619999885559082,15.619999885559082,1059,0.0,0.0,0.0
2026-01-26 03:35:00+00:00,15.630000114440918,15.640000343322754,15.630000114440918,15.640000343322754,27168,0.0,0.0,0.0
2026-01-26 03:40:00+00:00,15.640000343322754,15.640000343322754,15.640000343322754,15.640000343322754,3171,0.0,0.0,0.0
2026-01-26 03:50:00+00:00,15.640000343322754,15.640000343322754,15.640000343322754,15.640000343322754,1157,0.0,0.0,0.0
2026-01-26 04:05:00+00:00,15.630000114440918,15.630000114440918,15.630000114440918,15.630000114440918,2000,0.0,0.0,0.0
2026-01-26 04:10:00+00:00,15.640000343322754,15.640000343322754,15.640000343322754,15.640000343322754,34447,0.0,0.0,0.0
2026-01-26 04:20:00+00:00,15.640000343322754,15.640000343322754,15.640000343322754,15.640000343322754,17256,0.0,0.0,0.0
2026-01-26 04:30:00+00:00,15.640000343322754,15.640000343322754,15.640000343322754,15.640000343322754,1254,0.0,0.0,0.0
2026-01-26 04:35:00+00:00,15.640000343322754,15.640000343322754,15.640000343322754,15.640000343322754,1957,0.0,0.0,0.0
2026-01-26 04:50:00+00:00,15.619999885559082,15.619999885559082,15.619999885559082,15.619999885559082,2000,0.0,0.0,0.0
2026-01-26 04:55:00+00:00,15.619999885559082,15.619999885559082,15.619999885559082,15.619999885559082,12395,0.0,0.0,0.0
2026-01-26 05:00:00+00:00,15.619999885559082,15.619999885559082,15.619999885559082,15.619999885559082,2036,0.0,0.0,0.0
2026-01-26 05:05:00+00:00,15.619999885559082,15.619999885559082,15.619999885559082,15.619999885559082,2004,0.0,0.0,0.0
2026-01-26 05:10:00+00:00,15.630000114440918,15.630000114440918,15.630000114440918,15.630000114440918,2245,0.0,0.0,0.0
2026-01-26 05:15:00+00:00,15.630000114440918,15.630000114440918,15.630000114440918,15.630000114440918,3083,0.0,0.0,0.0
2026-01-26 05:20:00+00:00,15.630000114440918,15.630000114440918,15.630000114440918,15.630000114440918,114199,0.0,0.0,0.0
2026-01-27 01:00:00+00:00,15.699999809265137,15.75,15.699999809265137,15.75,0,0.0,0.0,0.0
2026-01-27 01:05:00+00:00,15.75,15.75,15.75,15.75,6356,0.0,0.0,0.0
2026-01-27 01:15:00+00:00,15.710000038146973,15.710000038146973,15.710000038146973,15.710000038146973,16865,0.0,0.0,0.0
2026-01-27 01:20:00+00:00,15.699999809265137,15.699999809265137,15.699999809265137,15.699999809265137,3609,0.0,0.0,0.0
2026-01-27 01:25:00+00:00,15.670000076293945,15.670000076293945,15.670000076293945,15.670000076293945,1178,0.0,0.0,0.0
2026-01-27 01:30:00+00:00,15.680000305175781,15.680000305175781,15.680000305175781,15.680000305175781,13025,0.0,0.0,0.0
2026-01-27 01:35:00+00:00,15.680000305175781,15.6899995803833,15.680000305175781,15.6899995803833,6000,0.0,0.0,0.0
2026-01-27 01:40:00+00:00,15.6899995803833,15.699999809265137,15.6899995803833,15.699999809265137,70000,0.0,0.0,0.0
2026-01-27 01:45:00+00:00,15.699999809265137,15.699999809265137,15.699999809265137,15.699999809265137,3050,0.0,0.0,0.0
2026-01-27 01:50:00+00:00,15.699999809265137,15.710000038146973,15.699999809265137,15.710000038146973,24226,0.0,0.0,0.0
2026-01-27 02:10:00+00:00,15.710000038146973,15.710000038146973,15.699999809265137,15.699999809265137,67100,0.0,0.0,0.0
2026-01-27 02:15:00+00:00,15.6899995803833,15.6899995803833,15.670000076293945,15.670000076293945,7166,0.0,0.0,0.0
2026-01-27 02:25:00+00:00,15.6899995803833,15.699999809265137,15.6899995803833,15.699999809265137,7003,0.0,0.0,0.0
2026-01-27 02:30:00+00:00,15.699999809265137,15.699999809265137,15.699999809265137,15.699999809265137,1000,0.0,0.0,0.0
2026-01-27 02:40:00+00:00,15.680000305175781,15.680000305175781,15.680000305175781,15.680000305175781,1255,0.0,0.0,0.0
2026-01-27 02:55:00+00:00,15.680000305175781,15.680000305175781,15.680000305175781,15.680000305175781,1000,0.0,0.0,0.0
2026-01-27 03:00:00+00:00,15.6899995803833,15.6899995803833,15.680000305175781,15.680000305175781,4000,0.0,0.0,0.0
2026-01-27 03:05:00+00:00,15.680000305175781,15.680000305175781,15.680000305175781,15.680000305175781,3000,0.0,0.0,0.0
2026-01-27 03:10:00+00:00,15.680000305175781,15.680000305175781,15.680000305175781,15.680000305175781,11045,0.0,0.0,0.0
2026-01-27 03:20:00+00:00,15.680000305175781,15.6899995803833,15.680000305175781,15.6899995803833,17000,0.0,0.0,0.0
2026-01-27 03:25:00+00:00,15.6899995803833,15.6899995803833,15.6899995803833,15.6899995803833,25000,0.0,0.0,0.0
2026-01-27 03:30:00+00:00,15.6899995803833,15.6899995803833,15.6899995803833,15.6899995803833,1428,0.0,0.0,0.0
2026-01-27 03:50:00+00:00,15.6899995803833,15.6899995803833,15.680000305175781,15.680000305175781,30005,0.0,0.0,0.0
2026-01-27 04:00:00+00:00,15.670000076293945,15.670000076293945,15.670000076293945,15.670000076293945,8000,0.0,0.0,0.0
2026-01-27 04:05:00+00:00,15.670000076293945,15.670000076293945,15.670000076293945,15.670000076293945,12014,0.0,0.0,0.0
2026-01-27 04:10:00+00:00,15.670000076293945,15.6899995803833,15.670000076293945,15.6899995803833,14000,0.0,0.0,0.0
2026-01-27 04:25:00+00:00,15.680000305175781,15.680000305175781,15.680000305175781,15.680000305175781,4000,0.0,0.0,0.0
2026-01-27 04:30:00+00:00,15.680000305175781,15.680000305175781,15.680000305175781,15.680000305175781,1050,0.0,0.0,0.0
2026-01-27 04:40:00+00:00,15.670000076293945,15.670000076293945,15.670000076293945,15.670000076293945,2000,0.0,0.0,0.0
2026-01-27 04:50:00+00:00,15.670000076293945,15.670000076293945,15.65999984741211,15.65999984741211,3457,0.0,0.0,0.0
2026-01-27 04:55:00+00:00,15.65999984741211,15.65999984741211,15.65999984741211,15.65999984741211,2000,0.0,0.0,0.0
2026-01-27 05:00:00+00:00,15.649999618530273,15.649999618530273,15.649999618530273,15.649999618530273,2861,0.0,0.0,0.0
2026-01-27 05:05:00+00:00,15.65999984741211,15.65999984741211,15.649999618530273,15.649999618530273,3095,0.0,0.0,0.0
2026-01-27 05:10:00+00:00,15.649999618530273,15.649999618530273,15.649999618530273,15.649999618530273,20278,0.0,0.0,0.0
2026-01-27 05:20:00+00:00,15.649999618530273,15.649999618530273,15.630000114440918,15.630000114440918,270141,0.0,0.0,0.0
2026-01-28 01:00:00+00:00,15.65999984741211,15.670000076293945,15.65999984741211,15.670000076293945,0,0.0,0.0,0.0
2026-01-28 01:05:00+00:00,15.680000305175781,15.699999809265137,15.680000305175781,15.680000305175781,13000,0.0,0.0,0.0
2026-01-28 01:10:00+00:00,15.680000305175781,15.680000305175781,15.649999618530273,15.649999618530273,2442,0.0,0.0,0.0
2026-01-28 01:15:00+00:00,15.65999984741211,15.65999984741211,15.649999618530273,15.65999984741211,27083,0.0,0.0,0.0
2026-01-28 01:20:00+00:00,15.649999618530273,15.649999618530273,15.609999656677246,15.640000343322754,124000,0.0,0.0,0.0
2026-01-28 01:25:00+00:00,15.640000343322754,15.640000343322754,15.640000343322754,15.640000343322754,4074,0.0,0.0,0.0
2026-01-28 01:35:00+00:00,15.630000114440918,15.640000343322754,15.619999885559082,15.619999885559082,44083,0.0,0.0,0.0
2026-01-28 01:40:00+00:00,15.619999885559082,15.619999885559082,15.600000381469727,15.600000381469727,13843,0.0,0.0,0.0
2026-01-28 01:45:00+00:00,15.600000381469727,15.600000381469727,15.600000381469727,15.600000381469727,6450,0.0,0.0,0.0
2026-01-28 01:50:00+00:00,15.600000381469727,15.600000381469727,15.600000381469727,15.600000381469727,13406,0.0,0.0,0.0
2026-01-28 01:55:00+00:00,15.600000381469727,15.600000381469727,15.579999923706055,15.579999923706055,16515,0.0,0.0,0.0
2026-01-28 02:00:00+00:00,15.569999694824219,15.579999923706055,15.569999694824219,15.569999694824219,70050,0.0,0.0,0.0
2026-01-28 02:05:00+00:00,15.569999694824219,15.569999694824219,15.569999694824219,15.569999694824219,55204,0.0,0.0,0.0
2026-01-28 02:10:00+00:00,15.569999694824219,15.569999694824219,15.569999694824219,15.569999694824219,10680,0.0,0.0,0.0
2026-01-28 02:20:00+00:00,15.579999923706055,15.579999923706055,15.569999694824219,15.579999923706055,34043,0.0,0.0,0.0
2026-01-28 02:25:00+00:00,15.579999923706055,15.579999923706055,15.579999923706055,15.579999923706055,17000,0.0,0.0,0.0
2026-01-28 02:30:00+00:00,15.59000015258789,15.59000015258789,15.579999923706055,15.59000015258789,6000,0.0,0.0,0.0
2026-01-28 02:35:00+00:00,15.59000015258789,15.59000015258789,15.579999923706055,15.59000015258789,7109,0.0,0.0,0.0
2026-01-28 02:40:00+00:00,15.59000015258789,15.600000381469727,15.59000015258789,15.600000381469727,7063,0.0,0.0,0.0
2026-01-28 02:45:00+00:00,15.59000015258789,15.600000381469727,15.59000015258789,15.600000381469727,32130,0.0,0.0,0.0
2026-01-28 02:55:00+00:00,15.600000381469727,15.600000381469727,15.600000381469727,15.600000381469727,2126,0.0,0.0,0.0
2026-01-28 03:05:00+00:00,15.600000381469727,15.600000381469727,15.600000381469727,15.600000381469727,5000,0.0,0.0,0.0
2026-01-28 03:10:00+00:00,15.609999656677246,15.609999656677246,15.600000381469727,15.600000381469727,10000,0.0,0.0,0.0
2026-01-28 03:15:00+00:00,15.59000015258789,15.59000015258789,15.59000015258789,15.59000015258789,75082,0.0,0.0,0.0
2026-01-28 03:20:00+00:00,15.600000381469727,15.600000381469727,15.59000015258789,15.59000015258789,4043,0.0,0.0,0.0
2026-01-28 03:25:00+00:00,15.600000381469727,15.600000381469727,15.600000381469727,15.600000381469727,2215,0.0,0.0,0.0
2026-01-28 03:30:00+00:00,15.600000381469727,15.609999656677246,15.600000381469727,15.609999656677246,3205,0.0,0.0,0.0
2026-01-28 03:35:00+00:00,15.609999656677246,15.609999656677246,15.609999656677246,15.609999656677246,3045,0.0,0.0,0.0
2026-01-28 03:50:00+00:00,15.619999885559082,15.619999885559082,15.619999885559082,15.619999885559082,1400,0.0,0.0,0.0
2026-01-28 04:00:00+00:00,15.619999885559082,15.619999885559082,15.619999885559082,15.619999885559082,5020,0.0,0.0,0.0
2026-01-28 04:10:00+00:00,15.609999656677246,15.609999656677246,15.609999656677246,15.609999656677246,3010,0.0,0.0,0.0
2026-01-28 04:15:00+00:00,15.609999656677246,15.609999656677246,15.600000381469727,15.600000381469727,22370,0.0,0.0,0.0
2026-01-28 04:20:00+00:00,15.600000381469727,15.600000381469727,15.600000381469727,15.600000381469727,20119,0.0,0.0,0.0
2026-01-28 04:25:00+00:00,15.609999656677246,15.609999656677246,15.609999656677246,15.609999656677246,20047,0.0,0.0,0.0
2026-01-28 04:30:00+00:00,15.619999885559082,15.619999885559082,15.609999656677246,15.609999656677246,14364,0.0,0.0,0.0
2026-01-28 04:45:00+00:00,15.609999656677246,15.609999656677246,15.609999656677246,15.609999656677246,2000,0.0,0.0,0.0
2026-01-28 04:50:00+00:00,15.609999656677246,15.619999885559082,15.609999656677246,15.619999885559082,11100,0.0,0.0,0.0
2026-01-28 05:00:00+00:00,15.609999656677246,15.609999656677246,15.609999656677246,15.609999656677246,17031,0.0,0.0,0.0
2026-01-28 05:05:00+00:00,15.619999885559082,15.619999885559082,15.619999885559082,15.619999885559082,15000,0.0,0.0,0.0
2026-01-28 05:10:00+00:00,15.619999885559082,15.630000114440918,15.619999885559082,15.630000114440918,12520,0.0,0.0,0.0
2026-01-28 05:15:00+00:00,15.630000114440918,15.630000114440918,15.630000114440918,15.630000114440918,1031,0.0,0.0,0.0
2026-01-28 05:20:00+00:00,15.630000114440918,15.630000114440918,15.630000114440918,15.630000114440918,2442,0.0,0.0,0.0
2026-01-29 01:00:00+00:00,15.649999618530273,15.649999618530273,15.649999618530273,15.649999618530273,0,0.0,0.0,0.0
2026-01-29 01:05:00+00:00,15.619999885559082,15.619999885559082,15.600000381469727,15.600000381469727,104034,0.0,0.0,0.0
2026-01-29 01:10:00+00:00,15.59000015258789,15.59000015258789,15.579999923706055,15.579999923706055,8210,0.0,0.0,0.0
2026-01-29 01:15:00+00:00,15.579999923706055,15.600000381469727,15.579999923706055,15.59000015258789,28000,0.0,0.0,0.0
2026-01-29 01:20:00+00:00,15.59000015258789,15.59000015258789,15.579999923706055,15.579999923706055,61606,0.0,0.0,0.0
2026-01-29 01:25:00+00:00,15.579999923706055,15.59000015258789,15.569999694824219,15.59000015258789,10000,0.0,0.0,0.0
2026-01-29 01:30:00+00:00,15.59000015258789,15.59000015258789,15.59000015258789,15.59000015258789,7160,0.0,0.0,0.0
2026-01-29 01:35:00+00:00,15.59000015258789,15.630000114440918,15.59000015258789,15.630000114440918,39244,0.0,0.0,0.0
2026-01-29 01:40:00+00:00,15.630000114440918,15.630000114440918,15.630000114440918,15.630000114440918,3000,0.0,0.0,0.0
2026-01-29 01:45:00+00:00,15.609999656677246,15.630000114440918,15.609999656677246,15.630000114440918,3208,0.0,0.0,0.0
2026-01-29 01:50:00+00:00,15.630000114440918,15.630000114440918,15.630000114440918,15.630000114440918,1100,0.0,0.0,0.0
2026-01-29 01:55:00+00:00,15.619999885559082,15.630000114440918,15.619999885559082,15.630000114440918,28087,0.0,0.0,0.0
2026-01-29 02:00:00+00:00,15.630000114440918,15.630000114440918,15.630000114440918,15.630000114440918,2097,0.0,0.0,0.0
2026-01-29 02:05:00+00:00,15.640000343322754,15.670000076293945,15.640000343322754,15.670000076293945,91000,0.0,0.0,0.0
2026-01-29 02:10:00+00:00,15.649999618530273,15.649999618530273,15.649999618530273,15.649999618530273,3005,0.0,0.0,0.0
2026-01-29 02:15:00+00:00,15.640000343322754,15.649999618530273,15.640000343322754,15.649999618530273,3480,0.0,0.0,0.0
2026-01-29 02:20:00+00:00,15.649999618530273,15.649999618530273,15.649999618530273,15.649999618530273,2200,0.0,0.0,0.0
2026-01-29 02:25:00+00:00,15.649999618530273,15.65999984741211,15.649999618530273,15.65999984741211,10030,0.0,0.0,0.0
2026-01-29 02:30:00+00:00,15.65999984741211,15.65999984741211,15.649999618530273,15.649999618530273,11000,0.0,0.0,0.0
2026-01-29 02:35:00+00:00,15.649999618530273,15.649999618530273,15.649999618530273,15.649999618530273,1032,0.0,0.0,0.0
2026-01-29 02:40:00+00:00,15.649999618530273,15.649999618530273,15.619999885559082,15.619999885559082,22792,0.0,0.0,0.0
2026-01-29 02:45:00+00:00,15.649999618530273,15.649999618530273,15.649999618530273,15.649999618530273,1027,0.0,0.0,0.0
2026-01-29 02:55:00+00:00,15.600000381469727,15.600000381469727,15.600000381469727,15.600000381469727,2013,0.0,0.0,0.0
2026-01-29 03:05:00+00:00,15.640000343322754,15.640000343322754,15.640000343322754,15.640000343322754,1000,0.0,0.0,0.0
2026-01-29 03:10:00+00:00,15.630000114440918,15.630000114440918,15.630000114440918,15.630000114440918,1064,0.0,0.0,0.0
2026-01-29 03:25:00+00:00,15.630000114440918,15.630000114440918,15.630000114440918,15.630000114440918,1005,0.0,0.0,0.0
2026-01-29 03:30:00+00:00,15.630000114440918,15.630000114440918,15.630000114440918,15.630000114440918,10065,0.0,0.0,0.0
2026-01-29 03:40:00+00:00,15.640000343322754,15.640000343322754,15.640000343322754,15.640000343322754,30000,0.0,0.0,0.0
2026-01-29 03:50:00+00:00,15.640000343322754,15.640000343322754,15.640000343322754,15.640000343322754,9000,0.0,0.0,0.0
2026-01-29 03:55:00+00:00,15.649999618530273,15.649999618530273,15.649999618530273,15.649999618530273,100000,0.0,0.0,0.0
2026-01-29 04:00:00+00:00,15.649999618530273,15.649999618530273,15.649999618530273,15.649999618530273,1100,0.0,0.0,0.0
2026-01-29 04:05:00+00:00,15.649999618530273,15.649999618530273,15.649999618530273,15.649999618530273,1000,0.0,0.0,0.0
2026-01-29 04:10:00+00:00,15.649999618530273,15.649999618530273,15.649999618530273,15.649999618530273,2062,0.0,0.0,0.0
2026-01-29 04:20:00+00:00,15.630000114440918,15.630000114440918,15.630000114440918,15.630000114440918,2099,0.0,0.0,0.0
2026-01-29 04:50:00+00:00,15.630000114440918,15.640000343322754,15.630000114440918,15.640000343322754,17000,0.0,0.0,0.0
2026-01-29 04:55:00+00:00,15.640000343322754,15.640000343322754,15.640000343322754,15.640000343322754,1075,0.0,0.0,0.0
2026-01-29 05:00:00+00:00,15.640000343322754,15.640000343322754,15.640000343322754,15.640000343322754,7175,0.0,0.0,0.0
2026-01-29 05:05:00+00:00,15.630000114440918,15.630000114440918,15.630000114440918,15.630000114440918,1226,0.0,0.0,0.0
2026-01-29 05:20:00+00:00,15.649999618530273,15.649999618530273,15.649999618530273,15.649999618530273,38500,0.0,0.0,0.0
2026-01-30 01:00:00+00:00,15.640000343322754,15.640000343322754,15.640000343322754,15.640000343322754,0,0.0,0.0,0.0
2026-01-30 01:05:00+00:00,15.600000381469727,15.600000381469727,15.550000190734863,15.550000190734863,35303,0.0,0.0,0.0
2026-01-30 01:10:00+00:00,15.550000190734863,15.550000190734863,15.539999961853027,15.539999961853027,7628,0.0,0.0,0.0
2026-01-30 01:15:00+00:00,15.529999732971191,15.529999732971191,15.520000457763672,15.520000457763672,6220,0.0,0.0,0.0
2026-01-30 01:20:00+00:00,15.510000228881836,15.510000228881836,15.5,15.5,24668,0.0,0.0,0.0
2026-01-30 01:25:00+00:00,15.5,15.5,15.479999542236328,15.479999542236328,8726,0.0,0.0,0.0
2026-01-30 01:30:00+00:00,15.489999771118164,15.489999771118164,15.489999771118164,15.489999771118164,3908,0.0,0.0,0.0
2026-01-30 01:35:00+00:00,15.479999542236328,15.479999542236328,15.479999542236328,15.479999542236328,11926,0.0,0.0,0.0
2026-01-30 01:40:00+00:00,15.470000267028809,15.470000267028809,15.460000038146973,15.460000038146973,6829,0.0,0.0,0.0
2026-01-30 01:45:00+00:00,15.460000038146973,15.460000038146973,15.460000038146973,15.460000038146973,2000,0.0,0.0,0.0
2026-01-30 01:50:00+00:00,15.460000038146973,15.460000038146973,15.449999809265137,15.449999809265137,6064,0.0,0.0,0.0
2026-01-30 01:55:00+00:00,15.460000038146973,15.479999542236328,15.460000038146973,15.479999542236328,62349,0.0,0.0,0.0
2026-01-30 02:00:00+00:00,15.470000267028809,15.470000267028809,15.470000267028809,15.470000267028809,3000,0.0,0.0,0.0
2026-01-30 02:05:00+00:00,15.479999542236328,15.479999542236328,15.479999542236328,15.479999542236328,3300,0.0,0.0,0.0
2026-01-30 02:10:00+00:00,15.479999542236328,15.479999542236328,15.460000038146973,15.460000038146973,21007,0.0,0.0,0.0
2026-01-30 02:20:00+00:00,15.479999542236328,15.479999542236328,15.479999542236328,15.479999542236328,5000,0.0,0.0,0.0
2026-01-30 02:25:00+00:00,15.460000038146973,15.460000038146973,15.449999809265137,15.449999809265137,19540,0.0,0.0,0.0
2026-01-30 02:30:00+00:00,15.4399995803833,15.4399995803833,15.430000305175781,15.430000305175781,21015,0.0,0.0,0.0
2026-01-30 02:35:00+00:00,15.430000305175781,15.430000305175781,15.430000305175781,15.430000305175781,4700,0.0,0.0,0.0
2026-01-30 02:45:00+00:00,15.4399995803833,15.4399995803833,15.4399995803833,15.4399995803833,5809,0.0,0.0,0.0
2026-01-30 03:10:00+00:00,15.449999809265137,15.449999809265137,15.4399995803833,15.4399995803833,5110,0.0,0.0,0.0
2026-01-30 03:15:00+00:00,15.4399995803833,15.4399995803833,15.4399995803833,15.4399995803833,5000,0.0,0.0,0.0
2026-01-30 03:30:00+00:00,15.4399995803833,15.4399995803833,15.4399995803833,15.4399995803833,1120,0.0,0.0,0.0
2026-01-30 03:35:00+00:00,15.460000038146973,15.460000038146973,15.449999809265137,15.449999809265137,2100,0.0,0.0,0.0
2026-01-30 03:40:00+00:00,15.4399995803833,15.4399995803833,15.4399995803833,15.4399995803833,38708,0.0,0.0,0.0
2026-01-30 03:45:00+00:00,15.4399995803833,15.4399995803833,15.4399995803833,15.4399995803833,2000,0.0,0.0,0.0
2026-01-30 03:55:00+00:00,15.4399995803833,15.4399995803833,15.4399995803833,15.4399995803833,1066,0.0,0.0,0.0
2026-01-30 04:05:00+00:00,15.4399995803833,15.449999809265137,15.4399995803833,15.449999809265137,10500,0.0,0.0,0.0
2026-01-30 04:20:00+00:00,15.449999809265137,15.449999809265137,15.449999809265137,15.449999809265137,10000,0.0,0.0,0.0
2026-01-30 04:25:00+00:00,15.449999809265137,15.449999809265137,15.449999809265137,15.449999809265137,1300,0.0,0.0,0.0
2026-01-30 04:30:00+00:00,15.449999809265137,15.449999809265137,15.449999809265137,15.449999809265137,7000,0.0,0.0,0.0
2026-01-30 04:35:00+00:00,15.449999809265137,15.449999809265137,15.449999809265137,15.449999809265137,3138,0.0,0.0,0.0
2026-01-30 04:40:00+00:00,15.449999809265137,15.449999809265137,15.449999809265137,15.449999809265137,1200,0.0,0.0,0.0
2026-01-30 04:45:00+00:00,15.460000038146973,15.460000038146973,15.460000038146973,15.460000038146973,1151,0.0,0.0,0.0
2026-01-30 04:50:00+00:00,15.449999809265137,15.449999809265137,15.449999809265137,15.449999809265137,6525,0.0,0.0,0.0
2026-01-30 05:05:00+00:00,15.449999809265137,15.449999809265137,15.449999809265137,15.449999809265137,1150,0.0,0.0,0.0
2026-01-30 05:10:00+00:00,15.449999809265137,15.449999809265137,15.4399995803833,15.4399995803833,31004,0.0,0.0,0.0
2026-01-30 05:15:00+00:00,15.430000305175781,15.430000305175781,15.430000305175781,15.430000305175781,50914,0.0,0.0,0.0
2026-01-30 05:20:00+00:00,15.420000076293945,15.420000076293945,15.40999984741211,15.420000076293945,47920,0.0,0.0,0.0
2026-02-02 01:00:00+00:00,15.420000076293945,15.420000076293945,15.350000381469727,15.350000381469727,0,0.0,0.0,0.0
2026-02-02 01:05:00+00:00,15.289999961853027,15.300000190734863,15.270000457763672,15.300000190734863,223000,0.0,0.0,0.0
2026-02-02 01:10:00+00:00,15.289999961853027,15.289999961853027,15.289999961853027,15.289999961853027,20176,0.0,0.0,0.0
2026-02-02 01:15:00+00:00,15.279999732971191,15.279999732971191,15.270000457763672,15.270000457763672,27456,0.0,0.0,0.0
2026-02-02 01:20:00+00:00,15.270000457763672,15.270000457763672,15.270000457763672,15.270000457763672,16415,0.0,0.0,0.0
2026-02-02 01:25:00+00:00,15.270000457763672,15.270000457763672,15.270000457763672,15.270000457763672,10000,0.0,0.0,0.0
2026-02-02 01:30:00+00:00,15.270000457763672,15.270000457763672,15.25,15.25,89109,0.0,0.0,0.0
2026-02-02 01:35:00+00:00,15.239999771118164,15.239999771118164,15.239999771118164,15.239999771118164,1030,0.0,0.0,0.0
2026-02-02 01:40:00+00:00,15.239999771118164,15.239999771118164,15.229999542236328,15.229999542236328,43288,0.0,0.0,0.0
2026-02-02 01:45:00+00:00,15.220000267028809,15.220000267028809,15.210000038146973,15.210000038146973,22740,0.0,0.0,0.0
2026-02-02 01:55:00+00:00,15.210000038146973,15.210000038146973,15.199999809265137,15.199999809265137,24110,0.0,0.0,0.0
2026-02-02 02:00:00+00:00,15.199999809265137,15.199999809265137,15.199999809265137,15.199999809265137,42231,0.0,0.0,0.0
2026-02-02 02:05:00+00:00,15.199999809265137,15.220000267028809,15.199999809265137,15.220000267028809,42000,0.0,0.0,0.0
2026-02-02 02:10:00+00:00,15.220000267028809,15.220000267028809,15.210000038146973,15.220000267028809,9200,0.0,0.0,0.0
2026-02-02 02:20:00+00:00,15.229999542236328,15.229999542236328,15.229999542236328,15.229999542236328,7696,0.0,0.0,0.0
2026-02-02 02:40:00+00:00,15.279999732971191,15.289999961853027,15.279999732971191,15.289999961853027,27295,0.0,0.0,0.0
2026-02-02 02:50:00+00:00,15.260000228881836,15.260000228881836,15.260000228881836,15.260000228881836,1300,0.0,0.0,0.0
2026-02-02 02:55:00+00:00,15.260000228881836,15.260000228881836,15.25,15.25,2000,0.0,0.0,0.0
2026-02-02 03:00:00+00:00,15.239999771118164,15.239999771118164,15.239999771118164,15.239999771118164,2764,0.0,0.0,0.0
2026-02-02 03:10:00+00:00,15.229999542236328,15.229999542236328,15.220000267028809,15.220000267028809,11985,0.0,0.0,0.0
2026-02-02 03:15:00+00:00,15.210000038146973,15.210000038146973,15.210000038146973,15.210000038146973,20197,0.0,0.0,0.0
2026-02-02 03:30:00+00:00,15.210000038146973,15.220000267028809,15.210000038146973,15.220000267028809,10000,0.0,0.0,0.0
2026-02-02 03:35:00+00:00,15.220000267028809,15.220000267028809,15.220000267028809,15.220000267028809,8191,0.0,0.0,0.0
2026-02-02 03:55:00+00:00,15.220000267028809,15.220000267028809,15.220000267028809,15.220000267028809,2246,0.0,0.0,0.0
2026-02-02 04:00:00+00:00,15.210000038146973,15.210000038146973,15.1899995803833,15.1899995803833,52866,0.0,0.0,0.0
2026-02-02 04:15:00+00:00,15.210000038146973,15.229999542236328,15.210000038146973,15.229999542236328,26000,0.0,0.0,0.0
2026-02-02 04:20:00+00:00,15.229999542236328,15.229999542236328,15.229999542236328,15.229999542236328,1015,0.0,0.0,0.0
2026-02-02 04:25:00+00:00,15.239999771118164,15.239999771118164,15.239999771118164,15.239999771118164,4180,0.0,0.0,0.0
2026-02-02 04:35:00+00:00,15.25,15.25,15.239999771118164,15.239999771118164,5361,0.0,0.0,0.0
2026-02-02 04:40:00+00:00,15.25,15.25,15.25,15.25,20045,0.0,0.0,0.0
2026-02-02 04:50:00+00:00,15.279999732971191,15.279999732971191,15.279999732971191,15.279999732971191,2000,0.0,0.0,0.0
2026-02-02 04:55:00+00:00,15.279999732971191,15.279999732971191,15.279999732971191,15.279999732971191,1000,0.0,0.0,0.0
2026-02-02 05:00:00+00:00,15.270000457763672,15.270000457763672,15.270000457763672,15.270000457763672,5000,0.0,0.0,0.0
2026-02-02 05:10:00+00:00,15.279999732971191,15.279999732971191,15.279999732971191,15.279999732971191,16146,0.0,0.0,0.0
2026-02-02 05:20:00+00:00,15.270000457763672,15.279999732971191,15.270000457763672,15.279999732971191,12000,0.0,0.0,0.0
2026-02-03 01:00:00+00:00,15.319999694824219,15.399999618530273,15.319999694824219,15.399999618530273,0,0.0,0.0,0.0
2026-02-03 01:05:00+00:00,15.420000076293945,15.449999809265137,15.420000076293945,15.4399995803833,71911,0.0,0.0,0.0
2026-02-03 01:10:00+00:00,15.449999809265137,15.470000267028809,15.449999809265137,15.460000038146973,39240,0.0,0.0,0.0
2026-02-03 01:15:00+00:00,15.449999809265137,15.460000038146973,15.449999809265137,15.460000038146973,14000,0.0,0.0,0.0
2026-02-03 01:20:00+00:00,15.460000038146973,15.470000267028809,15.460000038146973,15.470000267028809,71011,0.0,0.0,0.0
2026-02-03 01:25:00+00:00,15.470000267028809,15.470000267028809,15.470000267028809,15.470000267028809,11250,0.0,0.0,0.0
2026-02-03 01:30:00+00:00,15.460000038146973,15.479999542236328,15.460000038146973,15.479999542236328,2249,0.0,0.0,0.0
2026-02-03 01:35:00+00:00,15.479999542236328,15.479999542236328,15.479999542236328,15.479999542236328,32075,0.0,0.0,0.0
2026-02-03 01:40:00+00:00,15.489999771118164,15.489999771118164,15.479999542236328,15.479999542236328,106000,0.0,0.0,0.0
2026-02-03 01:45:00+00:00,15.489999771118164,15.489999771118164,15.460000038146973,15.460000038146973,113745,0.0,0.0,0.0
2026-02-03 02:00:00+00:00,15.4399995803833,15.4399995803833,15.420000076293945,15.420000076293945,9100,0.0,0.0,0.0
2026-02-03 02:05:00+00:00,15.420000076293945,15.420000076293945,15.40999984741211,15.40999984741211,2544,0.0,0.0,0.0
2026-02-03 02:10:00+00:00,15.399999618530273,15.399999618530273,15.390000343322754,15.390000343322754,6229,0.0,0.0,0.0
2026-02-03 02:15:00+00:00,15.40999984741211,15.40999984741211,15.390000343322754,15.399999618530273,50100,0.0,0.0,0.0
2026-02-03 02:20:00+00:00,15.40999984741211,15.40999984741211,15.40999984741211,15.40999984741211,1000,0.0,0.0,0.0
2026-02-03 02:25:00+00:00,15.40999984741211,15.40999984741211,15.40999984741211,15.40999984741211,1295,0.0,0.0,0.0
2026-02-03 02:30:00+00:00,15.40999984741211,15.420000076293945,15.40999984741211,15.420000076293945,19100,0.0,0.0,0.0
2026-02-03 02:45:00+00:00,15.4399995803833,15.4399995803833,15.4399995803833,15.4399995803833,1365,0.0,0.0,0.0
2026-02-03 02:50:00+00:00,15.4399995803833,15.4399995803833,15.4399995803833,15.4399995803833,18197,0.0,0.0,0.0
2026-02-03 02:55:00+00:00,15.449999809265137,15.460000038146973,15.449999809265137,15.460000038146973,63000,0.0,0.0,0.0
2026-02-03 03:00:00+00:00,15.460000038146973,15.460000038146973,15.449999809265137,15.449999809265137,2100,0.0,0.0,0.0
2026-02-03 03:10:00+00:00,15.449999809265137,15.449999809265137,15.430000305175781,15.430000305175781,2000,0.0,0.0,0.0
2026-02-03 03:15:00+00:00,15.420000076293945,15.420000076293945,15.420000076293945,15.420000076293945,1005,0.0,0.0,0.0
2026-02-03 03:20:00+00:00,15.420000076293945,15.420000076293945,15.40999984741211,15.40999984741211,5005,0.0,0.0,0.0
2026-02-03 03:25:00+00:00,15.430000305175781,15.430000305175781,15.430000305175781,15.430000305175781,8190,0.0,0.0,0.0
2026-02-03 03:45:00+00:00,15.40999984741211,15.40999984741211,15.399999618530273,15.399999618530273,3000,0.0,0.0,0.0
2026-02-03 03:50:00+00:00,15.399999618530273,15.399999618530273,15.399999618530273,15.399999618530273,4920,0.0,0.0,0.0
2026-02-03 04:00:00+00:00,15.399999618530273,15.420000076293945,15.399999618530273,15.420000076293945,5120,0.0,0.0,0.0
2026-02-03 04:15:00+00:00,15.420000076293945,15.420000076293945,15.420000076293945,15.420000076293945,2020,0.0,0.0,0.0
2026-02-03 04:20:00+00:00,15.420000076293945,15.420000076293945,15.420000076293945,15.420000076293945,2000,0.0,0.0,0.0
2026-02-03 04:25:00+00:00,15.40999984741211,15.40999984741211,15.40999984741211,15.40999984741211,1100,0.0,0.0,0.0
2026-02-03 04:30:00+00:00,15.420000076293945,15.420000076293945,15.420000076293945,15.420000076293945,1333,0.0,0.0,0.0
2026-02-03 04:45:00+00:00,15.420000076293945,15.420000076293945,15.420000076293945,15.420000076293945,5000,0.0,0.0,0.0
2026-02-03 04:55:00+00:00,15.420000076293945,15.420000076293945,15.420000076293945,15.420000076293945,14020,0.0,0.0,0.0
2026-02-03 05:10:00+00:00,15.420000076293945,15.420000076293945,15.420000076293945,15.420000076293945,1000,0.0,0.0,0.0
2026-02-03 05:15:00+00:00,15.40999984741211,15.40999984741211,15.40999984741211,15.40999984741211,7176,0.0,0.0,0.0
2026-02-04 01:00:00+00:00,15.350000381469727,15.350000381469727,15.350000381469727,15.350000381469727,0,0.0,0.0,0.0
2026-02-04 01:05:00+00:00,15.399999618530273,15.399999618530273,15.369999885559082,15.369999885559082,4000,0.0,0.0,0.0
2026-02-04 01:10:00+00:00,15.399999618530273,15.449999809265137,15.399999618530273,15.449999809265137,23762,0.0,0.0,0.0
2026-02-04 01:15:00+00:00,15.460000038146973,15.479999542236328,15.460000038146973,15.470000267028809,30300,0.0,0.0,0.0
2026-02-04 01:20:00+00:00,15.489999771118164,15.550000190734863,15.489999771118164,15.550000190734863,35397,0.0,0.0,0.0
2026-02-04 01:25:00+00:00,15.529999732971191,15.539999961853027,15.529999732971191,15.539999961853027,9873,0.0,0.0,0.0
2026-02-04 01:30:00+00:00,15.550000190734863,15.579999923706055,15.550000190734863,15.579999923706055,67865,0.0,0.0,0.0
2026-02-04 01:35:00+00:00,15.579999923706055,15.579999923706055,15.569999694824219,15.569999694824219,17000,0.0,0.0,0.0
2026-02-04 01:40:00+00:00,15.539999961853027,15.539999961853027,15.539999961853027,15.539999961853027,1085,0.0,0.0,0.0
2026-02-04 01:45:00+00:00,15.529999732971191,15.529999732971191,15.510000228881836,15.510000228881836,15000,0.0,0.0,0.0
2026-02-04 01:50:00+00:00,15.529999732971191,15.529999732971191,15.529999732971191,15.529999732971191,1015,0.0,0.0,0.0
2026-02-04 01:55:00+00:00,15.539999961853027,15.550000190734863,15.539999961853027,15.550000190734863,58050,0.0,0.0,0.0
2026-02-04 02:05:00+00:00,15.539999961853027,15.539999961853027,15.520000457763672,15.520000457763672,102000,0.0,0.0,0.0
2026-02-04 02:10:00+00:00,15.529999732971191,15.529999732971191,15.529999732971191,15.529999732971191,1000,0.0,0.0,0.0
2026-02-04 02:15:00+00:00,15.520000457763672,15.520000457763672,15.510000228881836,15.510000228881836,105000,0.0,0.0,0.0
2026-02-04 02:20:00+00:00,15.510000228881836,15.520000457763672,15.5,15.5,4000,0.0,0.0,0.0
2026-02-04 02:25:00+00:00,15.479999542236328,15.479999542236328,15.479999542236328,15.479999542236328,21080,0.0,0.0,0.0
2026-02-04 02:30:00+00:00,15.479999542236328,15.479999542236328,15.479999542236328,15.479999542236328,2000,0.0,0.0,0.0
2026-02-04 02:35:00+00:00,15.479999542236328,15.479999542236328,15.470000267028809,15.470000267028809,16000,0.0,0.0,0.0
2026-02-04 02:50:00+00:00,15.5,15.520000457763672,15.5,15.520000457763672,3300,0.0,0.0,0.0
2026-02-04 02:55:00+00:00,15.489999771118164,15.489999771118164,15.489999771118164,15.489999771118164,1000,0.0,0.0,0.0
2026-02-04 03:00:00+00:00,15.479999542236328,15.479999542236328,15.479999542236328,15.479999542236328,1800,0.0,0.0,0.0
2026-02-04 03:25:00+00:00,15.479999542236328,15.479999542236328,15.479999542236328,15.479999542236328,35005,0.0,0.0,0.0
2026-02-04 03:30:00+00:00,15.470000267028809,15.470000267028809,15.470000267028809,15.470000267028809,8000,0.0,0.0,0.0
2026-02-04 03:35:00+00:00,15.470000267028809,15.470000267028809,15.470000267028809,15.470000267028809,2121,0.0,0.0,0.0
2026-02-04 03:45:00+00:00,15.470000267028809,15.489999771118164,15.470000267028809,15.489999771118164,3000,0.0,0.0,0.0
2026-02-04 04:10:00+00:00,15.470000267028809,15.470000267028809,15.470000267028809,15.470000267028809,7025,0.0,0.0,0.0
2026-02-04 04:15:00+00:00,15.479999542236328,15.479999542236328,15.479999542236328,15.479999542236328,1025,0.0,0.0,0.0
2026-02-04 04:25:00+00:00,15.479999542236328,15.479999542236328,15.479999542236328,15.479999542236328,2075,0.0,0.0,0.0
2026-02-04 04:35:00+00:00,15.479999542236328,15.479999542236328,15.479999542236328,15.479999542236328,1074,0.0,0.0,0.0
2026-02-04 04:40:00+00:00,15.479999542236328,15.489999771118164,15.479999542236328,15.489999771118164,33000,0.0,0.0,0.0
2026-02-04 04:45:00+00:00,15.5,15.5,15.5,15.5,1000,0.0,0.0,0.0
2026-02-04 04:50:00+00:00,15.5,15.5,15.5,15.5,42000,0.0,0.0,0.0
2026-02-04 05:00:00+00:00,15.5,15.5,15.5,15.5,5000,0.0,0.0,0.0
2026-02-04 05:10:00+00:00,15.5,15.5,15.5,15.5,2092,0.0,0.0,0.0
2026-02-04 05:20:00+00:00,15.5,15.510000228881836,15.5,15.510000228881836,3090,0.0,0.0,0.0
2026-02-05 01:00:00+00:00,15.5,15.5,15.5,15.5,0,0.0,0.0,0.0
2026-02-05 01:05:00+00:00,15.510000228881836,15.520000457763672,15.510000228881836,15.520000457763672,21090,0.0,0.0,0.0
2026-02-05 01:10:00+00:00,15.539999961853027,15.579999923706055,15.539999961853027,15.579999923706055,25200,0.0,0.0,0.0
2026-02-05 01:15:00+00:00,15.569999694824219,15.59000015258789,15.569999694824219,15.59000015258789,8760,0.0,0.0,0.0
2026-02-05 01:25:00+00:00,15.579999923706055,15.59000015258789,15.579999923706055,15.59000015258789,15390,0.0,0.0,0.0
2026-02-05 01:30:00+00:00,15.59000015258789,15.600000381469727,15.59000015258789,15.600000381469727,96511,0.0,0.0,0.0
2026-02-05 01:35:00+00:00,15.609999656677246,15.609999656677246,15.600000381469727,15.600000381469727,2307,0.0,0.0,0.0
2026-02-05 01:40:00+00:00,15.600000381469727,15.600000381469727,15.59000015258789,15.59000015258789,12996,0.0,0.0,0.0
2026-02-05 01:45:00+00:00,15.579999923706055,15.579999923706055,15.579999923706055,15.579999923706055,150000,0.0,0.0,0.0
2026-02-05 01:50:00+00:00,15.579999923706055,15.579999923706055,15.579999923706055,15.579999923706055,2066,0.0,0.0,0.0
2026-02-05 01:55:00+00:00,15.579999923706055,15.579999923706055,15.579999923706055,15.579999923706055,2150,0.0,0.0,0.0
2026-02-05 02:00:00+00:00,15.579999923706055,15.579999923706055,15.569999694824219,15.569999694824219,4000,0.0,0.0,0.0
2026-02-05 02:05:00+00:00,15.569999694824219,15.569999694824219,15.569999694824219,15.569999694824219,7000,0.0,0.0,0.0
2026-02-05 02:10:00+00:00,15.579999923706055,15.579999923706055,15.579999923706055,15.579999923706055,7000,0.0,0.0,0.0
2026-02-05 02:15:00+00:00,15.579999923706055,15.600000381469727,15.579999923706055,15.600000381469727,8533,0.0,0.0,0.0
2026-02-05 02:35:00+00:00,15.59000015258789,15.59000015258789,15.59000015258789,15.59000015258789,5045,0.0,0.0,0.0
2026-02-05 02:40:00+00:00,15.59000015258789,15.59000015258789,15.59000015258789,15.59000015258789,1100,0.0,0.0,0.0
2026-02-05 02:55:00+00:00,15.579999923706055,15.579999923706055,15.569999694824219,15.569999694824219,5000,0.0,0.0,0.0
2026-02-05 03:00:00+00:00,15.5600004196167,15.5600004196167,15.550000190734863,15.550000190734863,154300,0.0,0.0,0.0
2026-02-05 03:05:00+00:00,15.529999732971191,15.529999732971191,15.529999732971191,15.529999732971191,31150,0.0,0.0,0.0
2026-02-05 03:10:00+00:00,15.550000190734863,15.550000190734863,15.539999961853027,15.539999961853027,10118,0.0,0.0,0.0
2026-02-05 03:15:00+00:00,15.550000190734863,15.550000190734863,15.550000190734863,15.550000190734863,5231,0.0,0.0,0.0
2026-02-05 03:20:00+00:00,15.550000190734863,15.5600004196167,15.550000190734863,15.5600004196167,3045,0.0,0.0,0.0
2026-02-05 03:30:00+00:00,15.520000457763672,15.520000457763672,15.520000457763672,15.520000457763672,2159,0.0,0.0,0.0
2026-02-05 03:35:00+00:00,15.520000457763672,15.520000457763672,15.520000457763672,15.520000457763672,2005,0.0,0.0,0.0
2026-02-05 03:40:00+00:00,15.520000457763672,15.520000457763672,15.520000457763672,15.520000457763672,2000,0.0,0.0,0.0
2026-02-05 03:45:00+00:00,15.520000457763672,15.520000457763672,15.510000228881836,15.510000228881836,5000,0.0,0.0,0.0
2026-02-05 03:50:00+00:00,15.510000228881836,15.520000457763672,15.510000228881836,15.520000457763672,4100,0.0,0.0,0.0
2026-02-05 04:00:00+00:00,15.520000457763672,15.520000457763672,15.520000457763672,15.520000457763672,4000,0.0,0.0,0.0
2026-02-05 04:10:00+00:00,15.5,15.5,15.5,15.5,1877,0.0,0.0,0.0
2026-02-05 04:20:00+00:00,15.510000228881836,15.520000457763672,15.510000228881836,15.520000457763672,31100,0.0,0.0,0.0
2026-02-05 04:30:00+00:00,15.529999732971191,15.5600004196167,15.529999732971191,15.550000190734863,56112,0.0,0.0,0.0
2026-02-05 04:35:00+00:00,15.550000190734863,15.550000190734863,15.550000190734863,15.550000190734863,1020,0.0,0.0,0.0
2026-02-05 04:45:00+00:00,15.550000190734863,15.550000190734863,15.550000190734863,15.550000190734863,54945,0.0,0.0,0.0
2026-02-06 01:00:00+00:00,15.449999809265137,15.449999809265137,15.399999618530273,15.399999618530273,0,0.0,0.0,0.0
2026-02-06 01:05:00+00:00,15.380000114440918,15.380000114440918,15.350000381469727,15.350000381469727,10943,0.0,0.0,0.0
2026-02-06 01:10:00+00:00,15.369999885559082,15.380000114440918,15.350000381469727,15.350000381469727,82000,0.0,0.0,0.0
2026-02-06 01:15:00+00:00,15.350000381469727,15.350000381469727,15.350000381469727,15.350000381469727,3322,0.0,0.0,0.0
2026-02-06 01:20:00+00:00,15.34000015258789,15.34000015258789,15.329999923706055,15.329999923706055,16125,0.0,0.0,0.0
2026-02-06 01:30:00+00:00,15.350000381469727,15.350000381469727,15.350000381469727,15.350000381469727,30101,0.0,0.0,0.0
2026-02-06 01:40:00+00:00,15.390000343322754,15.399999618530273,15.390000343322754,15.399999618530273,8200,0.0,0.0,0.0
2026-02-06 01:45:00+00:00,15.4399995803833,15.4399995803833,15.4399995803833,15.4399995803833,1000,0.0,0.0,0.0
2026-02-06 01:55:00+00:00,15.4399995803833,15.4399995803833,15.4399995803833,15.4399995803833,4014,0.0,0.0,0.0
2026-02-06 02:00:00+00:00,15.460000038146973,15.460000038146973,15.460000038146973,15.460000038146973,2100,0.0,0.0,0.0
2026-02-06 02:05:00+00:00,15.470000267028809,15.470000267028809,15.470000267028809,15.470000267028809,1015,0.0,0.0,0.0
2026-02-06 02:10:00+00:00,15.470000267028809,15.470000267028809,15.470000267028809,15.470000267028809,1000,0.0,0.0,0.0
2026-02-06 02:15:00+00:00,15.479999542236328,15.479999542236328,15.470000267028809,15.470000267028809,5124,0.0,0.0,0.0
2026-02-06 02:20:00+00:00,15.479999542236328,15.479999542236328,15.460000038146973,15.460000038146973,6300,0.0,0.0,0.0
2026-02-06 02:25:00+00:00,15.449999809265137,15.449999809265137,15.449999809265137,15.449999809265137,3015,0.0,0.0,0.0
2026-02-06 02:30:00+00:00,15.470000267028809,15.470000267028809,15.470000267028809,15.470000267028809,2118,0.0,0.0,0.0
2026-02-06 02:35:00+00:00,15.479999542236328,15.479999542236328,15.449999809265137,15.449999809265137,7625,0.0,0.0,0.0
2026-02-06 02:45:00+00:00,15.449999809265137,15.449999809265137,15.420000076293945,15.420000076293945,9452,0.0,0.0,0.0
2026-02-06 02:50:00+00:00,15.40999984741211,15.420000076293945,15.40999984741211,15.420000076293945,145213,0.0,0.0,0.0
2026-02-06 03:40:00+00:00,15.430000305175781,15.430000305175781,15.430000305175781,15.430000305175781,2754,0.0,0.0,0.0
2026-02-06 03:55:00+00:00,15.430000305175781,15.430000305175781,15.430000305175781,15.430000305175781,4294,0.0,0.0,0.0
2026-02-06 04:10:00+00:00,15.430000305175781,15.430000305175781,15.430000305175781,15.430000305175781,1015,0.0,0.0,0.0
2026-02-06 04:15:00+00:00,15.430000305175781,15.430000305175781,15.430000305175781,15.430000305175781,1000,0.0,0.0,0.0
2026-02-06 04:20:00+00:00,15.420000076293945,15.420000076293945,15.399999618530273,15.399999618530273,18214,0.0,0.0,0.0
2026-02-06 04:25:00+00:00,15.40999984741211,15.420000076293945,15.40999984741211,15.420000076293945,3126,0.0,0.0,0.0
2026-02-06 04:30:00+00:00,15.420000076293945,15.420000076293945,15.420000076293945,15.420000076293945,2108,0.0,0.0,0.0
2026-02-06 04:35:00+00:00,15.420000076293945,15.430000305175781,15.420000076293945,15.420000076293945,121264,0.0,0.0,0.0
2026-02-06 04:45:00+00:00,15.420000076293945,15.420000076293945,15.420000076293945,15.420000076293945,1115,0.0,0.0,0.0
2026-02-06 04:50:00+00:00,15.40999984741211,15.40999984741211,15.40999984741211,15.40999984741211,6370,0.0,0.0,0.0
2026-02-06 04:55:00+00:00,15.40999984741211,15.40999984741211,15.399999618530273,15.399999618530273,47241,0.0,0.0,0.0
2026-02-06 05:05:00+00:00,15.40999984741211,15.40999984741211,15.40999984741211,15.40999984741211,3114,0.0,0.0,0.0
2026-02-06 05:10:00+00:00,15.40999984741211,15.40999984741211,15.399999618530273,15.399999618530273,17058,0.0,0.0,0.0
2026-02-06 05:15:00+00:00,15.399999618530273,15.40999984741211,15.399999618530273,15.40999984741211,11027,0.0,0.0,0.0
2026-02-06 05:20:00+00:00,15.420000076293945,15.420000076293945,15.420000076293945,15.420000076293945,3400,0.0,0.0,0.0
2026-02-09 01:00:00+00:00,15.579999923706055,15.609999656677246,15.579999923706055,15.609999656677246,0,0.0,0.0,0.0
2026-02-09 01:05:00+00:00,15.59000015258789,15.59000015258789,15.579999923706055,15.579999923706055,40653,0.0,0.0,0.0
2026-02-09 01:10:00+00:00,15.539999961853027,15.539999961853027,15.539999961853027,15.539999961853027,15215,0.0,0.0,0.0
2026-02-09 01:15:00+00:00,15.520000457763672,15.539999961853027,15.520000457763672,15.539999961853027,6113,0.0,0.0,0.0
2026-02-09 01:20:00+00:00,15.5,15.510000228881836,15.5,15.510000228881836,7056,0.0,0.0,0.0
2026-02-09 01:25:00+00:00,15.520000457763672,15.520000457763672,15.510000228881836,15.510000228881836,8190,0.0,0.0,0.0
2026-02-09 01:30:00+00:00,15.529999732971191,15.539999961853027,15.529999732971191,15.539999961853027,43100,0.0,0.0,0.0
2026-02-09 01:35:00+00:00,15.539999961853027,15.539999961853027,15.539999961853027,15.539999961853027,17739,0.0,0.0,0.0
2026-02-09 01:40:00+00:00,15.539999961853027,15.539999961853027,15.529999732971191,15.529999732971191,19000,0.0,0.0,0.0
2026-02-09 01:45:00+00:00,15.539999961853027,15.550000190734863,15.539999961853027,15.539999961853027,39100,0.0,0.0,0.0
2026-02-09 01:50:00+00:00,15.539999961853027,15.550000190734863,15.539999961853027,15.550000190734863,42620,0.0,0.0,0.0
2026-02-09 02:00:00+00:00,15.550000190734863,15.5600004196167,15.539999961853027,15.539999961853027,14100,0.0,0.0,0.0
2026-02-09 02:05:00+00:00,15.550000190734863,15.550000190734863,15.550000190734863,15.550000190734863,5000,0.0,0.0,0.0
2026-02-09 02:10:00+00:00,15.569999694824219,15.579999923706055,15.569999694824219,15.579999923706055,23090,0.0,0.0,0.0
2026-02-09 02:15:00+00:00,15.579999923706055,15.579999923706055,15.569999694824219,15.569999694824219,3755,0.0,0.0,0.0
2026-02-09 02:20:00+00:00,15.569999694824219,15.569999694824219,15.569999694824219,15.569999694824219,1110,0.0,0.0,0.0
2026-02-09 02:25:00+00:00,15.569999694824219,15.569999694824219,15.5600004196167,15.5600004196167,2465,0.0,0.0,0.0
2026-02-09 02:30:00+00:00,15.5600004196167,15.5600004196167,15.5600004196167,15.5600004196167,18100,0.0,0.0,0.0
2026-02-09 02:35:00+00:00,15.569999694824219,15.579999923706055,15.569999694824219,15.579999923706055,7300,0.0,0.0,0.0
2026-02-09 02:45:00+00:00,15.579999923706055,15.579999923706055,15.579999923706055,15.579999923706055,2210,0.0,0.0,0.0
2026-02-09 02:55:00+00:00,15.569999694824219,15.569999694824219,15.550000190734863,15.550000190734863,8584,0.0,0.0,0.0
2026-02-09 03:00:00+00:00,15.569999694824219,15.569999694824219,15.569999694824219,15.569999694824219,5329,0.0,0.0,0.0
2026-02-09 03:15:00+00:00,15.569999694824219,15.569999694824219,15.5600004196167,15.5600004196167,2057,0.0,0.0,0.0
2026-02-09 03:20:00+00:00,15.5600004196167,15.569999694824219,15.5600004196167,15.569999694824219,35000,0.0,0.0,0.0
2026-02-09 03:25:00+00:00,15.579999923706055,15.579999923706055,15.579999923706055,15.579999923706055,2118,0.0,0.0,0.0
2026-02-09 03:35:00+00:00,15.569999694824219,15.569999694824219,15.569999694824219,15.569999694824219,7057,0.0,0.0,0.0
2026-02-09 03:40:00+00:00,15.579999923706055,15.579999923706055,15.579999923706055,15.579999923706055,104140,0.0,0.0,0.0
2026-02-09 03:45:00+00:00,15.579999923706055,15.579999923706055,15.579999923706055,15.579999923706055,2000,0.0,0.0,0.0
2026-02-09 03:50:00+00:00,15.579999923706055,15.579999923706055,15.569999694824219,15.569999694824219,162000,0.0,0.0,0.0
2026-02-09 04:00:00+00:00,15.569999694824219,15.569999694824219,15.569999694824219,15.569999694824219,71094,0.0,0.0,0.0
2026-02-09 04:05:00+00:00,15.5600004196167,15.5600004196167,15.5600004196167,15.5600004196167,4004,0.0,0.0,0.0
2026-02-09 04:10:00+00:00,15.5600004196167,15.5600004196167,15.5600004196167,15.5600004196167,6045,0.0,0.0,0.0
2026-02-09 04:15:00+00:00,15.5600004196167,15.5600004196167,15.5600004196167,15.5600004196167,1000,0.0,0.0,0.0
2026-02-09 04:20:00+00:00,15.569999694824219,15.569999694824219,15.569999694824219,15.569999694824219,5050,0.0,0.0,0.0
2026-02-09 04:25:00+00:00,15.569999694824219,15.569999694824219,15.569999694824219,15.569999694824219,1698,0.0,0.0,0.0
2026-02-09 04:30:00+00:00,15.5600004196167,15.5600004196167,15.5600004196167,15.5600004196167,5256,0.0,0.0,0.0
2026-02-09 04:40:00+00:00,15.550000190734863,15.5600004196167,15.550000190734863,15.5600004196167,10100,0.0,0.0,0.0
2026-02-09 04:45:00+00:00,15.569999694824219,15.569999694824219,15.5600004196167,15.569999694824219,16635,0.0,0.0,0.0
2026-02-09 05:00:00+00:00,15.5600004196167,15.5600004196167,15.5600004196167,15.5600004196167,2066,0.0,0.0,0.0
2026-02-09 05:05:00+00:00,15.5600004196167,15.5600004196167,15.5600004196167,15.5600004196167,1175,0.0,0.0,0.0
2026-02-09 05:10:00+00:00,15.550000190734863,15.550000190734863,15.550000190734863,15.550000190734863,2025,0.0,0.0,0.0
2026-02-09 05:15:00+00:00,15.5600004196167,15.5600004196167,15.550000190734863,15.5600004196167,12194,0.0,0.0,0.0
2026-02-09 05:20:00+00:00,15.569999694824219,15.59000015258789,15.569999694824219,15.59000015258789,151999,0.0,0.0,0.0
2026-02-10 01:00:00+00:00,15.600000381469727,15.600000381469727,15.579999923706055,15.579999923706055,0,0.0,0.0,0.0
2026-02-10 01:05:00+00:00,15.600000381469727,15.609999656677246,15.600000381469727,15.609999656677246,108000,0.0,0.0,0.0
2026-02-10 01:10:00+00:00,15.579999923706055,15.579999923706055,15.5600004196167,15.569999694824219,160422,0.0,0.0,0.0
2026-02-10 01:15:00+00:00,15.579999923706055,15.579999923706055,15.579999923706055,15.579999923706055,131058,0.0,0.0,0.0
2026-02-10 01:20:00+00:00,15.59000015258789,15.59000015258789,15.59000015258789,15.59000015258789,2075,0.0,0.0,0.0
2026-02-10 01:30:00+00:00,15.600000381469727,15.600000381469727,15.600000381469727,15.600000381469727,34191,0.0,0.0,0.0
2026-02-10 01:35:00+00:00,15.600000381469727,15.600000381469727,15.600000381469727,15.600000381469727,3010,0.0,0.0,0.0
2026-02-10 01:40:00+00:00,15.59000015258789,15.59000015258789,15.59000015258789,15.59000015258789,2000,0.0,0.0,0.0
2026-02-10 01:45:00+00:00,15.600000381469727,15.609999656677246,15.600000381469727,15.609999656677246,42521,0.0,0.0,0.0
2026-02-10 01:55:00+00:00,15.609999656677246,15.609999656677246,15.609999656677246,15.609999656677246,3100,0.0,0.0,0.0
2026-02-10 02:00:00+00:00,15.609999656677246,15.609999656677246,15.600000381469727,15.600000381469727,4200,0.0,0.0,0.0
2026-02-10 02:05:00+00:00,15.600000381469727,15.600000381469727,15.600000381469727,15.600000381469727,1181,0.0,0.0,0.0
2026-02-10 02:10:00+00:00,15.600000381469727,15.600000381469727,15.600000381469727,15.600000381469727,18000,0.0,0.0,0.0
2026-02-10 02:15:00+00:00,15.600000381469727,15.600000381469727,15.600000381469727,15.600000381469727,10100,0.0,0.0,0.0
2026-02-10 02:20:00+00:00,15.609999656677246,15.609999656677246,15.609999656677246,15.609999656677246,31438,0.0,0.0,0.0
2026-02-10 02:25:00+00:00,15.609999656677246,15.619999885559082,15.609999656677246,15.619999885559082,40016,0.0,0.0,0.0
2026-02-10 02:35:00+00:00,15.609999656677246,15.609999656677246,15.609999656677246,15.609999656677246,113100,0.0,0.0,0.0
2026-02-10 02:40:00+00:00,15.609999656677246,15.619999885559082,15.609999656677246,15.619999885559082,222335,0.0,0.0,0.0
2026-02-10 02:50:00+00:00,15.619999885559082,15.630000114440918,15.619999885559082,15.630000114440918,10225,0.0,0.0,0.0
2026-02-10 03:00:00+00:00,15.630000114440918,15.630000114440918,15.630000114440918,15.630000114440918,11205,0.0,0.0,0.0
2026-02-10 03:10:00+00:00,15.630000114440918,15.630000114440918,15.630000114440918,15.630000114440918,2080,0.0,0.0,0.0
2026-02-10 03:15:00+00:00,15.619999885559082,15.619999885559082,15.609999656677246,15.609999656677246,104000,0.0,0.0,0.0
2026-02-10 03:20:00+00:00,15.600000381469727,15.600000381469727,15.600000381469727,15.600000381469727,31326,0.0,0.0,0.0
2026-02-10 03:25:00+00:00,15.609999656677246,15.609999656677246,15.609999656677246,15.609999656677246,10063,0.0,0.0,0.0
2026-02-10 03:35:00+00:00,15.609999656677246,15.609999656677246,15.609999656677246,15.609999656677246,5989,0.0,0.0,0.0
2026-02-10 03:45:00+00:00,15.609999656677246,15.609999656677246,15.609999656677246,15.609999656677246,2000,0.0,0.0,0.0
2026-02-10 03:50:00+00:00,15.619999885559082,15.619999885559082,15.619999885559082,15.619999885559082,3146,0.0,0.0,0.0
2026-02-10 04:05:00+00:00,15.619999885559082,15.619999885559082,15.619999885559082,15.619999885559082,1000,0.0,0.0,0.0
2026-02-10 04:10:00+00:00,15.619999885559082,15.619999885559082,15.619999885559082,15.619999885559082,1000,0.0,0.0,0.0
2026-02-10 04:15:00+00:00,15.609999656677246,15.609999656677246,15.609999656677246,15.609999656677246,3000,0.0,0.0,0.0
2026-02-10 04:20:00+00:00,15.609999656677246,15.609999656677246,15.609999656677246,15.609999656677246,1103,0.0,0.0,0.0
2026-02-10 04:25:00+00:00,15.609999656677246,15.609999656677246,15.609999656677246,15.609999656677246,9000,0.0,0.0,0.0
2026-02-10 04:30:00+00:00,15.609999656677246,15.609999656677246,15.609999656677246,15.609999656677246,8100,0.0,0.0,0.0
2026-02-10 04:35:00+00:00,15.609999656677246,15.609999656677246,15.609999656677246,15.609999656677246,18792,0.0,0.0,0.0
2026-02-10 04:40:00+00:00,15.609999656677246,15.609999656677246,15.609999656677246,15.609999656677246,7226,0.0,0.0,0.0
2026-02-10 04:45:00+00:00,15.609999656677246,15.619999885559082,15.609999656677246,15.619999885559082,34783,0.0,0.0,0.0
2026-02-10 04:50:00+00:00,15.630000114440918,15.630000114440918,15.630000114440918,15.630000114440918,4000,0.0,0.0,0.0
2026-02-10 04:55:00+00:00,15.619999885559082,15.619999885559082,15.619999885559082,15.619999885559082,3000,0.0,0.0,0.0
2026-02-10 05:00:00+00:00,15.619999885559082,15.619999885559082,15.619999885559082,15.619999885559082,3000,0.0,0.0,0.0
2026-02-10 05:05:00+00:00,15.619999885559082,15.630000114440918,15.619999885559082,15.630000114440918,89610,0.0,0.0,0.0
2026-02-10 05:15:00+00:00,15.630000114440918,15.630000114440918,15.619999885559082,15.619999885559082,5485,0.0,0.0,0.0
2026-02-11 01:00:00+00:00,15.649999618530273,15.649999618530273,15.649999618530273,15.649999618530273,0,0.0,0.0,0.0
2026-02-11 01:05:00+00:00,15.65999984741211,15.65999984741211,15.630000114440918,15.630000114440918,113467,0.0,0.0,0.0
2026-02-11 01:10:00+00:00,15.630000114440918,15.630000114440918,15.600000381469727,15.600000381469727,16120,0.0,0.0,0.0
2026-02-11 01:15:00+00:00,15.600000381469727,15.600000381469727,15.600000381469727,15.600000381469727,11294,0.0,0.0,0.0
2026-02-11 01:20:00+00:00,15.600000381469727,15.600000381469727,15.59000015258789,15.600000381469727,12089,0.0,0.0,0.0
2026-02-11 01:25:00+00:00,15.609999656677246,15.619999885559082,15.609999656677246,15.619999885559082,8000,0.0,0.0,0.0
2026-02-11 01:30:00+00:00,15.619999885559082,15.630000114440918,15.619999885559082,15.630000114440918,5523,0.0,0.0,0.0
2026-02-11 01:35:00+00:00,15.609999656677246,15.609999656677246,15.609999656677246,15.609999656677246,5960,0.0,0.0,0.0
2026-02-11 01:40:00+00:00,15.609999656677246,15.609999656677246,15.600000381469727,15.600000381469727,16000,0.0,0.0,0.0
2026-02-11 01:45:00+00:00,15.600000381469727,15.619999885559082,15.600000381469727,15.619999885559082,3824,0.0,0.0,0.0
2026-02-11 01:50:00+00:00,15.619999885559082,15.630000114440918,15.619999885559082,15.619999885559082,32199,0.0,0.0,0.0
2026-02-11 02:00:00+00:00,15.619999885559082,15.619999885559082,15.619999885559082,15.619999885559082,5032,0.0,0.0,0.0
2026-02-11 02:05:00+00:00,15.609999656677246,15.609999656677246,15.609999656677246,15.609999656677246,30279,0.0,0.0,0.0
2026-02-11 02:15:00+00:00,15.609999656677246,15.609999656677246,15.609999656677246,15.609999656677246,1070,0.0,0.0,0.0
2026-02-11 02:20:00+00:00,15.619999885559082,15.630000114440918,15.619999885559082,15.630000114440918,28150,0.0,0.0,0.0
2026-02-11 02:25:00+00:00,15.619999885559082,15.630000114440918,15.619999885559082,15.630000114440918,4500,0.0,0.0,0.0
2026-02-11 02:30:00+00:00,15.640000343322754,15.640000343322754,15.640000343322754,15.640000343322754,66055,0.0,0.0,0.0
2026-02-11 02:35:00+00:00,15.640000343322754,15.640000343322754,15.630000114440918,15.640000343322754,52005,0.0,0.0,0.0
2026-02-11 02:40:00+00:00,15.640000343322754,15.640000343322754,15.630000114440918,15.630000114440918,25000,0.0,0.0,0.0
2026-02-11 02:45:00+00:00,15.630000114440918,15.640000343322754,15.630000114440918,15.630000114440918,36000,0.0,0.0,0.0
2026-02-11 02:50:00+00:00,15.649999618530273,15.65999984741211,15.649999618530273,15.65999984741211,64142,0.0,0.0,0.0
2026-02-11 02:55:00+00:00,15.649999618530273,15.649999618530273,15.649999618530273,15.649999618530273,6030,0.0,0.0,0.0
2026-02-11 03:00:00+00:00,15.649999618530273,15.65999984741211,15.649999618530273,15.65999984741211,5093,0.0,0.0,0.0
2026-02-11 03:10:00+00:00,15.65999984741211,15.65999984741211,15.65999984741211,15.65999984741211,1210,0.0,0.0,0.0
2026-02-11 03:20:00+00:00,15.649999618530273,15.649999618530273,15.649999618530273,15.649999618530273,5015,0.0,0.0,0.0
2026-02-11 03:25:00+00:00,15.649999618530273,15.649999618530273,15.649999618530273,15.649999618530273,2030,0.0,0.0,0.0
2026-02-11 03:30:00+00:00,15.649999618530273,15.649999618530273,15.640000343322754,15.640000343322754,28038,0.0,0.0,0.0
2026-02-11 03:35:00+00:00,15.640000343322754,15.640000343322754,15.640000343322754,15.640000343322754,10300,0.0,0.0,0.0
2026-02-11 03:40:00+00:00,15.640000343322754,15.640000343322754,15.640000343322754,15.640000343322754,1000,0.0,0.0,0.0
2026-02-11 03:45:00+00:00,15.649999618530273,15.649999618530273,15.649999618530273,15.649999618530273,78000,0.0,0.0,0.0
2026-02-11 03:50:00+00:00,15.649999618530273,15.65999984741211,15.649999618530273,15.649999618530273,10000,0.0,0.0,0.0
2026-02-11 03:55:00+00:00,15.649999618530273,15.65999984741211,15.649999618530273,15.65999984741211,2019,0.0,0.0,0.0
2026-02-11 04:05:00+00:00,15.649999618530273,15.65999984741211,15.649999618530273,15.65999984741211,23000,0.0,0.0,0.0
2026-02-11 04:10:00+00:00,15.640000343322754,15.640000343322754,15.640000343322754,15.640000343322754,148099,0.0,0.0,0.0
2026-02-11 04:15:00+00:00,15.630000114440918,15.630000114440918,15.630000114440918,15.630000114440918,1000,0.0,0.0,0.0
2026-02-11 04:20:00+00:00,15.630000114440918,15.630000114440918,15.630000114440918,15.630000114440918,1200,0.0,0.0,0.0
2026-02-11 04:25:00+00:00,15.630000114440918,15.630000114440918,15.630000114440918,15.630000114440918,9000,0.0,0.0,0.0
2026-02-11 04:30:00+00:00,15.630000114440918,15.630000114440918,15.630000114440918,15.630000114440918,17000,0.0,0.0,0.0
2026-02-11 04:35:00+00:00,15.630000114440918,15.640000343322754,15.630000114440918,15.630000114440918,39313,0.0,0.0,0.0
2026-02-11 04:40:00+00:00,15.640000343322754,15.640000343322754,15.640000343322754,15.640000343322754,1267,0.0,0.0,0.0
2026-02-11 04:50:00+00:00,15.630000114440918,15.630000114440918,15.630000114440918,15.630000114440918,3078,0.0,0.0,0.0
2026-02-11 04:55:00+00:00,15.640000343322754,15.640000343322754,15.640000343322754,15.640000343322754,23660,0.0,0.0,0.0
2026-02-11 05:00:00+00:00,15.640000343322754,15.640000343322754,15.640000343322754,15.640000343322754,3000,0.0,0.0,0.0
2026-02-11 05:05:00+00:00,15.640000343322754,15.640000343322754,15.640000343322754,15.640000343322754,20000,0.0,0.0,0.0
2026-02-11 05:10:00+00:00,15.640000343322754,15.640000343322754,15.640000343322754,15.640000343322754,50279,0.0,0.0,0.0
2026-02-11 05:15:00+00:00,15.640000343322754,15.640000343322754,15.640000343322754,15.640000343322754,5000,0.0,0.0,0.0
2026-02-11 05:20:00+00:00,15.640000343322754,15.640000343322754,15.640000343322754,15.640000343322754,3293,0.0,0.0,0.0
2026-02-23 01:00:00+00:00,15.729999542236328,15.800000190734863,15.729999542236328,15.789999961853027,15000,0.0,0.0,0.0
2026-02-23 01:05:00+00:00,15.800000190734863,15.819999694824219,15.800000190734863,15.800000190734863,170511,0.0,0.0,0.0
2026-02-23 01:10:00+00:00,15.8100004196167,15.880000114440918,15.800000190734863,15.880000114440918,115249,0.0,0.0,0.0
2026-02-23 01:15:00+00:00,15.869999885559082,15.869999885559082,15.869999885559082,15.869999885559082,45186,0.0,0.0,0.0
2026-02-23 01:20:00+00:00,15.869999885559082,15.890000343322754,15.869999885559082,15.890000343322754,90359,0.0,0.0,0.0
2026-02-23 01:25:00+00:00,15.899999618530273,15.90999984741211,15.899999618530273,15.899999618530273,31382,0.0,0.0,0.0
2026-02-23 01:30:00+00:00,15.90999984741211,15.949999809265137,15.899999618530273,15.949999809265137,138224,0.0,0.0,0.0
2026-02-23 01:35:00+00:00,15.949999809265137,15.960000038146973,15.9399995803833,15.949999809265137,99102,0.0,0.0,0.0
2026-02-23 01:40:00+00:00,15.960000038146973,15.970000267028809,15.960000038146973,15.970000267028809,48858,0.0,0.0,0.0
2026-02-23 01:45:00+00:00,15.970000267028809,15.989999771118164,15.970000267028809,15.979999542236328,93840,0.0,0.0,0.0
2026-02-23 01:50:00+00:00,15.989999771118164,15.989999771118164,15.979999542236328,15.989999771118164,153229,0.0,0.0,0.0
2026-02-23 01:55:00+00:00,15.989999771118164,16.0,15.989999771118164,16.0,220453,0.0,0.0,0.0
2026-02-23 02:00:00+00:00,16.0,16.0,15.979999542236328,15.989999771118164,5953,0.0,0.0,0.0
2026-02-23 02:05:00+00:00,15.979999542236328,15.979999542236328,15.979999542236328,15.979999542236328,16014,0.0,0.0,0.0
2026-02-23 02:10:00+00:00,15.970000267028809,15.970000267028809,15.949999809265137,15.949999809265137,5235,0.0,0.0,0.0
2026-02-23 02:15:00+00:00,15.949999809265137,15.949999809265137,15.930000305175781,15.930000305175781,8392,0.0,0.0,0.0
2026-02-23 02:20:00+00:00,15.930000305175781,15.930000305175781,15.930000305175781,15.930000305175781,11108,0.0,0.0,0.0
2026-02-23 02:25:00+00:00,15.920000076293945,15.920000076293945,15.920000076293945,15.920000076293945,14000,0.0,0.0,0.0
2026-02-23 02:30:00+00:00,15.930000305175781,15.930000305175781,15.930000305175781,15.930000305175781,6735,0.0,0.0,0.0
2026-02-23 02:35:00+00:00,15.920000076293945,15.920000076293945,15.920000076293945,15.920000076293945,11284,0.0,0.0,0.0
2026-02-23 02:40:00+00:00,15.930000305175781,15.9399995803833,15.930000305175781,15.9399995803833,31000,0.0,0.0,0.0
2026-02-23 02:45:00+00:00,15.949999809265137,15.970000267028809,15.949999809265137,15.970000267028809,56234,0.0,0.0,0.0
2026-02-23 02:50:00+00:00,15.970000267028809,15.970000267028809,15.970000267028809,15.970000267028809,7358,0.0,0.0,0.0
2026-02-23 02:55:00+00:00,15.960000038146973,15.960000038146973,15.960000038146973,15.960000038146973,5154,0.0,0.0,0.0
2026-02-23 03:00:00+00:00,15.970000267028809,15.970000267028809,15.949999809265137,15.949999809265137,113294,0.0,0.0,0.0
2026-02-23 03:05:00+00:00,15.949999809265137,15.949999809265137,15.949999809265137,15.949999809265137,12009,0.0,0.0,0.0
2026-02-23 03:10:00+00:00,15.949999809265137,15.960000038146973,15.949999809265137,15.960000038146973,40519,0.0,0.0,0.0
2026-02-23 03:15:00+00:00,15.960000038146973,15.970000267028809,15.949999809265137,15.970000267028809,8722,0.0,0.0,0.0
2026-02-23 03:25:00+00:00,15.960000038146973,15.960000038146973,15.930000305175781,15.930000305175781,15390,0.0,0.0,0.0
2026-02-23 03:30:00+00:00,15.960000038146973,15.960000038146973,15.960000038146973,15.960000038146973,3913,0.0,0.0,0.0
2026-02-23 03:35:00+00:00,15.949999809265137,15.949999809265137,15.949999809265137,15.949999809265137,2176,0.0,0.0,0.0
2026-02-23 03:40:00+00:00,15.949999809265137,15.949999809265137,15.949999809265137,15.949999809265137,19112,0.0,0.0,0.0
2026-02-23 03:45:00+00:00,15.949999809265137,15.949999809265137,15.949999809265137,15.949999809265137,1145,0.0,0.0,0.0
2026-02-23 03:50:00+00:00,15.960000038146973,15.960000038146973,15.960000038146973,15.960000038146973,10175,0.0,0.0,0.0
2026-02-23 03:55:00+00:00,15.949999809265137,15.970000267028809,15.949999809265137,15.970000267028809,18982,0.0,0.0,0.0
2026-02-23 04:00:00+00:00,15.970000267028809,15.970000267028809,15.960000038146973,15.960000038146973,8391,0.0,0.0,0.0
2026-02-23 04:05:00+00:00,15.960000038146973,15.960000038146973,15.960000038146973,15.960000038146973,22942,0.0,0.0,0.0
2026-02-23 04:10:00+00:00,15.960000038146973,15.970000267028809,15.960000038146973,15.970000267028809,85000,0.0,0.0,0.0
2026-02-23 04:15:00+00:00,15.970000267028809,15.970000267028809,15.970000267028809,15.970000267028809,4768,0.0,0.0,0.0
2026-02-23 04:20:00+00:00,15.970000267028809,15.970000267028809,15.970000267028809,15.970000267028809,10095,0.0,0.0,0.0
2026-02-23 04:25:00+00:00,15.960000038146973,15.960000038146973,15.960000038146973,15.960000038146973,25522,0.0,0.0,0.0
2026-02-23 04:30:00+00:00,15.970000267028809,15.970000267028809,15.949999809265137,15.949999809265137,7367,0.0,0.0,0.0
2026-02-23 04:35:00+00:00,15.9399995803833,15.9399995803833,15.930000305175781,15.930000305175781,35077,0.0,0.0,0.0
2026-02-23 04:40:00+00:00,15.930000305175781,15.930000305175781,15.930000305175781,15.930000305175781,16682,0.0,0.0,0.0
2026-02-23 04:45:00+00:00,15.930000305175781,15.930000305175781,15.930000305175781,15.930000305175781,3379,0.0,0.0,0.0
2026-02-23 04:50:00+00:00,15.930000305175781,15.930000305175781,15.930000305175781,15.930000305175781,7575,0.0,0.0,0.0
2026-02-23 04:55:00+00:00,15.930000305175781,15.930000305175781,15.930000305175781,15.930000305175781,4834,0.0,0.0,0.0
2026-02-23 05:00:00+00:00,15.930000305175781,15.930000305175781,15.930000305175781,15.930000305175781,2175,0.0,0.0,0.0
2026-02-23 05:05:00+00:00,15.920000076293945,15.9399995803833,15.920000076293945,15.9399995803833,27125,0.0,0.0,0.0
2026-02-23 05:10:00+00:00,15.90999984741211,15.930000305175781,15.899999618530273,15.930000305175781,11000,0.0,0.0,0.0
2026-02-23 05:15:00+00:00,15.930000305175781,15.930000305175781,15.930000305175781,15.930000305175781,4625,0.0,0.0,0.0
2026-02-23 05:20:00+00:00,15.930000305175781,15.930000305175781,15.890000343322754,15.890000343322754,4000,0.0,0.0,0.0
2026-02-24 01:00:00+00:00,15.880000114440918,15.899999618530273,15.880000114440918,15.899999618530273,0,0.0,0.0,0.0
2026-02-24 01:05:00+00:00,15.899999618530273,15.899999618530273,15.899999618530273,15.899999618530273,96000,0.0,0.0,0.0
2026-02-24 01:10:00+00:00,15.899999618530273,15.899999618530273,15.899999618530273,15.899999618530273,110694,0.0,0.0,0.0
2026-02-24 01:15:00+00:00,15.899999618530273,15.920000076293945,15.899999618530273,15.920000076293945,2000,0.0,0.0,0.0
2026-02-24 01:20:00+00:00,15.90999984741211,15.920000076293945,15.90999984741211,15.90999984741211,8381,0.0,0.0,0.0
2026-02-24 01:25:00+00:00,15.90999984741211,15.90999984741211,15.890000343322754,15.890000343322754,14068,0.0,0.0,0.0
2026-02-24 01:30:00+00:00,15.899999618530273,15.920000076293945,15.899999618530273,15.920000076293945,21785,0.0,0.0,0.0
2026-02-24 01:35:00+00:00,15.920000076293945,15.920000076293945,15.920000076293945,15.920000076293945,1013,0.0,0.0,0.0
2026-02-24 01:40:00+00:00,15.920000076293945,15.920000076293945,15.920000076293945,15.920000076293945,9044,0.0,0.0,0.0
2026-02-24 01:50:00+00:00,15.899999618530273,15.899999618530273,15.899999618530273,15.899999618530273,18729,0.0,0.0,0.0
2026-02-24 01:55:00+00:00,15.899999618530273,15.899999618530273,15.899999618530273,15.899999618530273,11815,0.0,0.0,0.0
2026-02-24 02:00:00+00:00,15.899999618530273,15.899999618530273,15.899999618530273,15.899999618530273,1065,0.0,0.0,0.0
2026-02-24 02:05:00+00:00,15.899999618530273,15.899999618530273,15.890000343322754,15.890000343322754,3200,0.0,0.0,0.0
2026-02-24 02:10:00+00:00,15.890000343322754,15.890000343322754,15.890000343322754,15.890000343322754,4000,0.0,0.0,0.0
2026-02-24 02:15:00+00:00,15.890000343322754,15.890000343322754,15.890000343322754,15.890000343322754,14003,0.0,0.0,0.0
2026-02-24 02:20:00+00:00,15.899999618530273,15.899999618530273,15.899999618530273,15.899999618530273,23700,0.0,0.0,0.0
2026-02-24 02:25:00+00:00,15.890000343322754,15.890000343322754,15.869999885559082,15.869999885559082,248337,0.0,0.0,0.0
2026-02-24 02:30:00+00:00,15.880000114440918,15.880000114440918,15.869999885559082,15.869999885559082,10000,0.0,0.0,0.0
2026-02-24 02:35:00+00:00,15.880000114440918,15.880000114440918,15.880000114440918,15.880000114440918,1000,0.0,0.0,0.0
2026-02-24 02:40:00+00:00,15.880000114440918,15.880000114440918,15.869999885559082,15.869999885559082,48000,0.0,0.0,0.0
2026-02-24 02:45:00+00:00,15.869999885559082,15.869999885559082,15.859999656677246,15.859999656677246,12450,0.0,0.0,0.0
2026-02-24 02:50:00+00:00,15.880000114440918,15.890000343322754,15.880000114440918,15.890000343322754,21000,0.0,0.0,0.0
2026-02-24 02:55:00+00:00,15.890000343322754,15.890000343322754,15.890000343322754,15.890000343322754,1000,0.0,0.0,0.0
2026-02-24 03:00:00+00:00,15.890000343322754,15.890000343322754,15.880000114440918,15.880000114440918,17325,0.0,0.0,0.0
2026-02-24 03:05:00+00:00,15.890000343322754,15.890000343322754,15.890000343322754,15.890000343322754,4000,0.0,0.0,0.0
2026-02-24 03:10:00+00:00,15.890000343322754,15.890000343322754,15.890000343322754,15.890000343322754,7275,0.0,0.0,0.0
2026-02-24 03:15:00+00:00,15.890000343322754,15.890000343322754,15.880000114440918,15.880000114440918,18000,0.0,0.0,0.0
2026-02-24 03:20:00+00:00,15.880000114440918,15.880000114440918,15.880000114440918,15.880000114440918,67100,0.0,0.0,0.0
2026-02-24 03:25:00+00:00,15.880000114440918,15.880000114440918,15.880000114440918,15.880000114440918,6400,0.0,0.0,0.0
2026-02-24 03:30:00+00:00,15.880000114440918,15.880000114440918,15.880000114440918,15.880000114440918,80745,0.0,0.0,0.0
2026-02-24 03:35:00+00:00,15.890000343322754,15.890000343322754,15.890000343322754,15.890000343322754,2000,0.0,0.0,0.0
2026-02-24 03:40:00+00:00,15.890000343322754,15.890000343322754,15.890000343322754,15.890000343322754,49325,0.0,0.0,0.0
2026-02-24 03:45:00+00:00,15.880000114440918,15.890000343322754,15.880000114440918,15.880000114440918,7640,0.0,0.0,0.0
2026-02-24 03:50:00+00:00,15.890000343322754,15.890000343322754,15.890000343322754,15.890000343322754,2352,0.0,0.0,0.0
2026-02-24 03:55:00+00:00,15.890000343322754,15.890000343322754,15.890000343322754,15.890000343322754,4000,0.0,0.0,0.0
2026-02-24 04:00:00+00:00,15.890000343322754,15.890000343322754,15.880000114440918,15.880000114440918,8085,0.0,0.0,0.0
2026-02-24 04:05:00+00:00,15.890000343322754,15.890000343322754,15.890000343322754,15.890000343322754,5359,0.0,0.0,0.0
2026-02-24 04:10:00+00:00,15.890000343322754,15.899999618530273,15.890000343322754,15.899999618530273,159212,0.0,0.0,0.0
2026-02-24 04:20:00+00:00,15.899999618530273,15.899999618530273,15.899999618530273,15.899999618530273,6814,0.0,0.0,0.0
2026-02-24 04:25:00+00:00,15.899999618530273,15.899999618530273,15.899999618530273,15.899999618530273,11000,0.0,0.0,0.0
2026-02-24 04:30:00+00:00,15.890000343322754,15.890000343322754,15.890000343322754,15.890000343322754,7307,0.0,0.0,0.0
2026-02-24 04:35:00+00:00,15.890000343322754,15.890000343322754,15.890000343322754,15.890000343322754,14000,0.0,0.0,0.0
2026-02-24 04:40:00+00:00,15.890000343322754,15.890000343322754,15.890000343322754,15.890000343322754,13030,0.0,0.0,0.0
2026-02-24 04:45:00+00:00,15.890000343322754,15.890000343322754,15.890000343322754,15.890000343322754,41600,0.0,0.0,0.0
2026-02-24 04:50:00+00:00,15.899999618530273,15.899999618530273,15.899999618530273,15.899999618530273,4100,0.0,0.0,0.0
2026-02-24 04:55:00+00:00,15.890000343322754,15.890000343322754,15.890000343322754,15.890000343322754,8000,0.0,0.0,0.0
2026-02-24 05:00:00+00:00,15.890000343322754,15.890000343322754,15.880000114440918,15.880000114440918,63850,0.0,0.0,0.0
2026-02-24 05:05:00+00:00,15.880000114440918,15.880000114440918,15.880000114440918,15.880000114440918,89300,0.0,0.0,0.0
2026-02-24 05:10:00+00:00,15.880000114440918,15.880000114440918,15.880000114440918,15.880000114440918,25000,0.0,0.0,0.0
2026-02-24 05:15:00+00:00,15.880000114440918,15.890000343322754,15.880000114440918,15.880000114440918,85053,0.0,0.0,0.0
2026-02-24 05:20:00+00:00,15.880000114440918,15.880000114440918,15.880000114440918,15.880000114440918,56240,0.0,0.0,0.0
2026-02-25 01:00:00+00:00,15.770000457763672,15.770000457763672,15.75,15.760000228881836,0,0.0,0.0,0.0
2026-02-25 01:05:00+00:00,15.729999542236328,15.729999542236328,15.710000038146973,15.720000267028809,39293,0.0,0.0,0.0
2026-02-25 01:10:00+00:00,15.720000267028809,15.720000267028809,15.699999809265137,15.699999809265137,19775,0.0,0.0,0.0
2026-02-25 01:15:00+00:00,15.699999809265137,15.710000038146973,15.699999809265137,15.710000038146973,17010,0.0,0.0,0.0
2026-02-25 01:20:00+00:00,15.710000038146973,15.739999771118164,15.710000038146973,15.739999771118164,19900,0.0,0.0,0.0
2026-02-25 01:25:00+00:00,15.720000267028809,15.729999542236328,15.720000267028809,15.720000267028809,53460,0.0,0.0,0.0
2026-02-25 01:30:00+00:00,15.729999542236328,15.729999542236328,15.729999542236328,15.729999542236328,30008,0.0,0.0,0.0
2026-02-25 01:35:00+00:00,15.739999771118164,15.760000228881836,15.739999771118164,15.760000228881836,23525,0.0,0.0,0.0
2026-02-25 01:40:00+00:00,15.760000228881836,15.770000457763672,15.760000228881836,15.770000457763672,48511,0.0,0.0,0.0
2026-02-25 01:45:00+00:00,15.760000228881836,15.770000457763672,15.75,15.770000457763672,129000,0.0,0.0,0.0
2026-02-25 01:50:00+00:00,15.770000457763672,15.770000457763672,15.770000457763672,15.770000457763672,96338,0.0,0.0,0.0
2026-02-25 02:00:00+00:00,15.770000457763672,15.770000457763672,15.770000457763672,15.770000457763672,1237,0.0,0.0,0.0
2026-02-25 02:05:00+00:00,15.770000457763672,15.779999732971191,15.760000228881836,15.779999732971191,115100,0.0,0.0,0.0
2026-02-25 02:10:00+00:00,15.779999732971191,15.779999732971191,15.779999732971191,15.779999732971191,26907,0.0,0.0,0.0
2026-02-25 02:15:00+00:00,15.779999732971191,15.779999732971191,15.779999732971191,15.779999732971191,18570,0.0,0.0,0.0
2026-02-25 02:20:00+00:00,15.779999732971191,15.800000190734863,15.779999732971191,15.800000190734863,27111,0.0,0.0,0.0
2026-02-25 02:25:00+00:00,15.800000190734863,15.800000190734863,15.800000190734863,15.800000190734863,98003,0.0,0.0,0.0
2026-02-25 02:30:00+00:00,15.800000190734863,15.8100004196167,15.800000190734863,15.8100004196167,47000,0.0,0.0,0.0
2026-02-25 02:35:00+00:00,15.8100004196167,15.819999694824219,15.8100004196167,15.819999694824219,83974,0.0,0.0,0.0
2026-02-25 02:40:00+00:00,15.8100004196167,15.819999694824219,15.8100004196167,15.819999694824219,38000,0.0,0.0,0.0
2026-02-25 02:45:00+00:00,15.8100004196167,15.819999694824219,15.8100004196167,15.819999694824219,9050,0.0,0.0,0.0
2026-02-25 02:50:00+00:00,15.819999694824219,15.819999694824219,15.819999694824219,15.819999694824219,12000,0.0,0.0,0.0
2026-02-25 02:55:00+00:00,15.819999694824219,15.819999694824219,15.8100004196167,15.819999694824219,10231,0.0,0.0,0.0
2026-02-25 03:00:00+00:00,15.819999694824219,15.829999923706055,15.8100004196167,15.8100004196167,24263,0.0,0.0,0.0
2026-02-25 03:05:00+00:00,15.8100004196167,15.819999694824219,15.8100004196167,15.8100004196167,169050,0.0,0.0,0.0
2026-02-25 03:10:00+00:00,15.819999694824219,15.819999694824219,15.819999694824219,15.819999694824219,4000,0.0,0.0,0.0
2026-02-25 03:15:00+00:00,15.800000190734863,15.800000190734863,15.800000190734863,15.800000190734863,13150,0.0,0.0,0.0
2026-02-25 03:20:00+00:00,15.8100004196167,15.8100004196167,15.8100004196167,15.8100004196167,5064,0.0,0.0,0.0
2026-02-25 03:30:00+00:00,15.8100004196167,15.8100004196167,15.75,15.75,16000,0.0,0.0,0.0
2026-02-25 03:35:00+00:00,15.760000228881836,15.760000228881836,15.760000228881836,15.760000228881836,8545,0.0,0.0,0.0
2026-02-25 03:40:00+00:00,15.770000457763672,15.770000457763672,15.770000457763672,15.770000457763672,5100,0.0,0.0,0.0
2026-02-25 03:45:00+00:00,15.770000457763672,15.770000457763672,15.770000457763672,15.770000457763672,2000,0.0,0.0,0.0
2026-02-25 03:50:00+00:00,15.779999732971191,15.789999961853027,15.779999732971191,15.789999961853027,11378,0.0,0.0,0.0
2026-02-25 04:00:00+00:00,15.789999961853027,15.789999961853027,15.779999732971191,15.779999732971191,16187,0.0,0.0,0.0
2026-02-25 04:10:00+00:00,15.770000457763672,15.770000457763672,15.770000457763672,15.770000457763672,13200,0.0,0.0,0.0
2026-02-25 04:15:00+00:00,15.770000457763672,15.770000457763672,15.770000457763672,15.770000457763672,2012,0.0,0.0,0.0
2026-02-25 04:20:00+00:00,15.779999732971191,15.779999732971191,15.779999732971191,15.779999732971191,2150,0.0,0.0,0.0
2026-02-25 04:25:00+00:00,15.760000228881836,15.779999732971191,15.760000228881836,15.779999732971191,6000,0.0,0.0,0.0
2026-02-25 04:30:00+00:00,15.770000457763672,15.770000457763672,15.770000457763672,15.770000457763672,1497,0.0,0.0,0.0
2026-02-25 04:35:00+00:00,15.770000457763672,15.770000457763672,15.770000457763672,15.770000457763672,3150,0.0,0.0,0.0
2026-02-25 04:40:00+00:00,15.770000457763672,15.770000457763672,15.75,15.75,9254,0.0,0.0,0.0
2026-02-25 04:45:00+00:00,15.770000457763672,15.779999732971191,15.770000457763672,15.779999732971191,2674,0.0,0.0,0.0
2026-02-25 04:50:00+00:00,15.770000457763672,15.770000457763672,15.770000457763672,15.770000457763672,5240,0.0,0.0,0.0
2026-02-25 04:55:00+00:00,15.760000228881836,15.770000457763672,15.760000228881836,15.770000457763672,20000,0.0,0.0,0.0
2026-02-25 05:00:00+00:00,15.779999732971191,15.779999732971191,15.770000457763672,15.770000457763672,3500,0.0,0.0,0.0
2026-02-25 05:05:00+00:00,15.760000228881836,15.760000228881836,15.760000228881836,15.760000228881836,3170,0.0,0.0,0.0
2026-02-25 05:15:00+00:00,15.779999732971191,15.779999732971191,15.779999732971191,15.779999732971191,1195,0.0,0.0,0.0
2026-02-25 05:20:00+00:00,15.760000228881836,15.760000228881836,15.760000228881836,15.760000228881836,1259,0.0,0.0,0.0
2026-02-26 01:00:00+00:00,15.75,15.800000190734863,15.75,15.800000190734863,0,0.0,0.0,0.0
2026-02-26 01:05:00+00:00,15.8100004196167,15.819999694824219,15.8100004196167,15.8100004196167,41818,0.0,0.0,0.0
2026-02-26 01:10:00+00:00,15.8100004196167,15.819999694824219,15.8100004196167,15.819999694824219,13621,0.0,0.0,0.0
2026-02-26 01:15:00+00:00,15.829999923706055,15.84000015258789,15.829999923706055,15.84000015258789,21494,0.0,0.0,0.0
2026-02-26 01:20:00+00:00,15.84000015258789,15.859999656677246,15.84000015258789,15.859999656677246,95758,0.0,0.0,0.0
2026-02-26 01:25:00+00:00,15.850000381469727,15.859999656677246,15.850000381469727,15.859999656677246,11000,0.0,0.0,0.0
2026-02-26 01:30:00+00:00,15.859999656677246,15.869999885559082,15.850000381469727,15.869999885559082,112121,0.0,0.0,0.0
2026-02-26 01:35:00+00:00,15.869999885559082,15.880000114440918,15.869999885559082,15.880000114440918,54444,0.0,0.0,0.0
2026-02-26 01:40:00+00:00,15.890000343322754,15.920000076293945,15.890000343322754,15.920000076293945,160450,0.0,0.0,0.0
2026-02-26 01:45:00+00:00,15.920000076293945,15.930000305175781,15.920000076293945,15.930000305175781,241726,0.0,0.0,0.0
2026-02-26 01:50:00+00:00,15.930000305175781,15.930000305175781,15.920000076293945,15.920000076293945,7000,0.0,0.0,0.0
2026-02-26 01:55:00+00:00,15.930000305175781,15.930000305175781,15.920000076293945,15.920000076293945,5131,0.0,0.0,0.0
2026-02-26 02:00:00+00:00,15.930000305175781,15.930000305175781,15.920000076293945,15.920000076293945,5114,0.0,0.0,0.0
2026-02-26 02:05:00+00:00,15.899999618530273,15.90999984741211,15.899999618530273,15.90999984741211,105570,0.0,0.0,0.0
2026-02-26 02:10:00+00:00,15.920000076293945,15.920000076293945,15.920000076293945,15.920000076293945,103263,0.0,0.0,0.0
2026-02-26 02:15:00+00:00,15.930000305175781,15.9399995803833,15.930000305175781,15.9399995803833,73827,0.0,0.0,0.0
2026-02-26 02:20:00+00:00,15.920000076293945,15.930000305175781,15.920000076293945,15.930000305175781,47265,0.0,0.0,0.0
2026-02-26 02:25:00+00:00,15.930000305175781,15.9399995803833,15.930000305175781,15.9399995803833,81903,0.0,0.0,0.0
2026-02-26 02:30:00+00:00,15.949999809265137,15.960000038146973,15.9399995803833,15.9399995803833,89781,0.0,0.0,0.0
2026-02-26 02:35:00+00:00,15.949999809265137,15.949999809265137,15.949999809265137,15.949999809265137,27032,0.0,0.0,0.0
2026-02-26 02:40:00+00:00,15.949999809265137,15.949999809265137,15.949999809265137,15.949999809265137,25000,0.0,0.0,0.0
2026-02-26 02:45:00+00:00,15.960000038146973,15.960000038146973,15.960000038146973,15.960000038146973,1000,0.0,0.0,0.0
2026-02-26 02:50:00+00:00,15.949999809265137,15.949999809265137,15.949999809265137,15.949999809265137,24263,0.0,0.0,0.0
2026-02-26 03:00:00+00:00,15.949999809265137,15.949999809265137,15.949999809265137,15.949999809265137,1248,0.0,0.0,0.0
2026-02-26 03:15:00+00:00,15.9399995803833,15.9399995803833,15.930000305175781,15.930000305175781,2695,0.0,0.0,0.0
2026-02-26 03:30:00+00:00,15.899999618530273,15.899999618530273,15.899999618530273,15.899999618530273,2000,0.0,0.0,0.0
2026-02-26 03:35:00+00:00,15.899999618530273,15.899999618530273,15.899999618530273,15.899999618530273,2000,0.0,0.0,0.0
2026-02-26 03:40:00+00:00,15.899999618530273,15.899999618530273,15.869999885559082,15.869999885559082,54386,0.0,0.0,0.0
2026-02-26 03:45:00+00:00,15.869999885559082,15.869999885559082,15.869999885559082,15.869999885559082,1445,0.0,0.0,0.0
2026-02-26 03:50:00+00:00,15.869999885559082,15.869999885559082,15.869999885559082,15.869999885559082,4132,0.0,0.0,0.0
2026-02-26 03:55:00+00:00,15.869999885559082,15.869999885559082,15.869999885559082,15.869999885559082,4223,0.0,0.0,0.0
2026-02-26 04:00:00+00:00,15.869999885559082,15.869999885559082,15.869999885559082,15.869999885559082,6033,0.0,0.0,0.0
2026-02-26 04:05:00+00:00,15.869999885559082,15.869999885559082,15.869999885559082,15.869999885559082,28031,0.0,0.0,0.0
2026-02-26 04:10:00+00:00,15.869999885559082,15.869999885559082,15.869999885559082,15.869999885559082,20000,0.0,0.0,0.0
2026-02-26 04:15:00+00:00,15.869999885559082,15.869999885559082,15.869999885559082,15.869999885559082,2000,0.0,0.0,0.0
2026-02-26 04:20:00+00:00,15.869999885559082,15.869999885559082,15.859999656677246,15.859999656677246,5495,0.0,0.0,0.0
2026-02-26 04:25:00+00:00,15.859999656677246,15.859999656677246,15.859999656677246,15.859999656677246,22232,0.0,0.0,0.0
2026-02-26 04:30:00+00:00,15.850000381469727,15.850000381469727,15.850000381469727,15.850000381469727,7100,0.0,0.0,0.0
2026-02-26 04:35:00+00:00,15.84000015258789,15.84000015258789,15.84000015258789,15.84000015258789,1541,0.0,0.0,0.0
2026-02-26 04:40:00+00:00,15.829999923706055,15.829999923706055,15.829999923706055,15.829999923706055,16352,0.0,0.0,0.0
2026-02-26 04:45:00+00:00,15.829999923706055,15.84000015258789,15.819999694824219,15.84000015258789,26720,0.0,0.0,0.0
2026-02-26 04:50:00+00:00,15.829999923706055,15.829999923706055,15.829999923706055,15.829999923706055,3188,0.0,0.0,0.0
2026-02-26 04:55:00+00:00,15.829999923706055,15.829999923706055,15.829999923706055,15.829999923706055,1232,0.0,0.0,0.0
2026-02-26 05:00:00+00:00,15.829999923706055,15.84000015258789,15.829999923706055,15.84000015258789,24300,0.0,0.0,0.0
2026-02-26 05:05:00+00:00,15.850000381469727,15.850000381469727,15.850000381469727,15.850000381469727,30389,0.0,0.0,0.0
2026-02-26 05:10:00+00:00,15.850000381469727,15.869999885559082,15.850000381469727,15.869999885559082,27676,0.0,0.0,0.0
2026-02-26 05:15:00+00:00,15.869999885559082,15.869999885559082,15.869999885559082,15.869999885559082,5072,0.0,0.0,0.0
2026-02-26 05:20:00+00:00,15.869999885559082,15.880000114440918,15.869999885559082,15.880000114440918,41941,0.0,0.0,0.0
2026-03-02 01:00:00+00:00,15.75,15.869999885559082,15.75,15.869999885559082,0,0.0,0.0,0.0
2026-03-02 01:05:00+00:00,15.84000015258789,15.84000015258789,15.829999923706055,15.829999923706055,54657,0.0,0.0,0.0
2026-03-02 01:10:00+00:00,15.8100004196167,15.8100004196167,15.789999961853027,15.8100004196167,12486,0.0,0.0,0.0
2026-03-02 01:15:00+00:00,15.789999961853027,15.789999961853027,15.789999961853027,15.789999961853027,38167,0.0,0.0,0.0
2026-03-02 01:20:00+00:00,15.800000190734863,15.800000190734863,15.779999732971191,15.789999961853027,14078,0.0,0.0,0.0
2026-03-02 01:25:00+00:00,15.8100004196167,15.8100004196167,15.779999732971191,15.779999732971191,42539,0.0,0.0,0.0
2026-03-02 01:30:00+00:00,15.8100004196167,15.84000015258789,15.800000190734863,15.829999923706055,48731,0.0,0.0,0.0
2026-03-02 01:35:00+00:00,15.850000381469727,15.850000381469727,15.8100004196167,15.829999923706055,162374,0.0,0.0,0.0
2026-03-02 01:40:00+00:00,15.800000190734863,15.800000190734863,15.800000190734863,15.800000190734863,1400,0.0,0.0,0.0
2026-03-02 01:45:00+00:00,15.789999961853027,15.789999961853027,15.779999732971191,15.779999732971191,16035,0.0,0.0,0.0
2026-03-02 01:50:00+00:00,15.779999732971191,15.789999961853027,15.779999732971191,15.789999961853027,5335,0.0,0.0,0.0
2026-03-02 01:55:00+00:00,15.779999732971191,15.800000190734863,15.779999732971191,15.789999961853027,9182,0.0,0.0,0.0
2026-03-02 02:00:00+00:00,15.800000190734863,15.8100004196167,15.800000190734863,15.8100004196167,161599,0.0,0.0,0.0
2026-03-02 02:10:00+00:00,15.789999961853027,15.789999961853027,15.789999961853027,15.789999961853027,3622,0.0,0.0,0.0
2026-03-02 02:15:00+00:00,15.789999961853027,15.789999961853027,15.789999961853027,15.789999961853027,1820,0.0,0.0,0.0
2026-03-02 02:25:00+00:00,15.779999732971191,15.779999732971191,15.779999732971191,15.779999732971191,3505,0.0,0.0,0.0
2026-03-02 02:30:00+00:00,15.779999732971191,15.779999732971191,15.770000457763672,15.770000457763672,17075,0.0,0.0,0.0
2026-03-02 02:35:00+00:00,15.770000457763672,15.770000457763672,15.770000457763672,15.770000457763672,1128,0.0,0.0,0.0
2026-03-02 02:40:00+00:00,15.760000228881836,15.760000228881836,15.760000228881836,15.760000228881836,13435,0.0,0.0,0.0
2026-03-02 02:45:00+00:00,15.75,15.770000457763672,15.739999771118164,15.770000457763672,12817,0.0,0.0,0.0
2026-03-02 02:50:00+00:00,15.75,15.75,15.75,15.75,2001,0.0,0.0,0.0
2026-03-02 02:55:00+00:00,15.75,15.75,15.75,15.75,2838,0.0,0.0,0.0
2026-03-02 03:05:00+00:00,15.760000228881836,15.760000228881836,15.75,15.75,3130,0.0,0.0,0.0
2026-03-02 03:15:00+00:00,15.739999771118164,15.739999771118164,15.739999771118164,15.739999771118164,11318,0.0,0.0,0.0
2026-03-02 03:20:00+00:00,15.75,15.75,15.75,15.75,1544,0.0,0.0,0.0
2026-03-02 03:25:00+00:00,15.739999771118164,15.75,15.739999771118164,15.739999771118164,5114,0.0,0.0,0.0
2026-03-02 03:35:00+00:00,15.739999771118164,15.760000228881836,15.739999771118164,15.760000228881836,15198,0.0,0.0,0.0
2026-03-02 03:45:00+00:00,15.75,15.75,15.75,15.75,7035,0.0,0.0,0.0
2026-03-02 03:50:00+00:00,15.75,15.760000228881836,15.75,15.760000228881836,15155,0.0,0.0,0.0
2026-03-02 04:05:00+00:00,15.760000228881836,15.760000228881836,15.760000228881836,15.760000228881836,1050,0.0,0.0,0.0
2026-03-02 04:10:00+00:00,15.75,15.75,15.75,15.75,4000,0.0,0.0,0.0
2026-03-02 04:15:00+00:00,15.75,15.760000228881836,15.75,15.760000228881836,14014,0.0,0.0,0.0
2026-03-02 04:20:00+00:00,15.739999771118164,15.739999771118164,15.739999771118164,15.739999771118164,5050,0.0,0.0,0.0
2026-03-02 04:25:00+00:00,15.739999771118164,15.75,15.739999771118164,15.75,18544,0.0,0.0,0.0
2026-03-02 04:30:00+00:00,15.75,15.75,15.75,15.75,1638,0.0,0.0,0.0
2026-03-02 04:35:00+00:00,15.770000457763672,15.770000457763672,15.770000457763672,15.770000457763672,9383,0.0,0.0,0.0
2026-03-02 04:40:00+00:00,15.779999732971191,15.779999732971191,15.779999732971191,15.779999732971191,21123,0.0,0.0,0.0
2026-03-02 04:50:00+00:00,15.779999732971191,15.779999732971191,15.779999732971191,15.779999732971191,1295,0.0,0.0,0.0
2026-03-02 05:00:00+00:00,15.779999732971191,15.789999961853027,15.779999732971191,15.789999961853027,6347,0.0,0.0,0.0
2026-03-02 05:05:00+00:00,15.789999961853027,15.789999961853027,15.789999961853027,15.789999961853027,5120,0.0,0.0,0.0
2026-03-02 05:15:00+00:00,15.779999732971191,15.779999732971191,15.760000228881836,15.760000228881836,13147,0.0,0.0,0.0
2026-03-02 05:20:00+00:00,15.760000228881836,15.760000228881836,15.760000228881836,15.760000228881836,21008,0.0,0.0,0.0
2026-03-03 01:00:00+00:00,15.779999732971191,15.8100004196167,15.779999732971191,15.800000190734863,0,0.0,0.0,0.0
2026-03-03 01:05:00+00:00,15.829999923706055,15.869999885559082,15.829999923706055,15.869999885559082,99603,0.0,0.0,0.0
2026-03-03 01:10:00+00:00,15.869999885559082,15.880000114440918,15.869999885559082,15.880000114440918,86601,0.0,0.0,0.0
2026-03-03 01:15:00+00:00,15.880000114440918,15.880000114440918,15.880000114440918,15.880000114440918,2220,0.0,0.0,0.0
2026-03-03 01:20:00+00:00,15.880000114440918,15.880000114440918,15.859999656677246,15.859999656677246,78315,0.0,0.0,0.0
2026-03-03 01:25:00+00:00,15.84000015258789,15.84000015258789,15.829999923706055,15.829999923706055,8165,0.0,0.0,0.0
2026-03-03 01:30:00+00:00,15.850000381469727,15.850000381469727,15.850000381469727,15.850000381469727,1450,0.0,0.0,0.0
2026-03-03 01:35:00+00:00,15.8100004196167,15.8100004196167,15.8100004196167,15.8100004196167,2183,0.0,0.0,0.0
2026-03-03 01:40:00+00:00,15.8100004196167,15.8100004196167,15.8100004196167,15.8100004196167,14020,0.0,0.0,0.0
2026-03-03 01:45:00+00:00,15.84000015258789,15.84000015258789,15.84000015258789,15.84000015258789,1522,0.0,0.0,0.0
2026-03-03 01:55:00+00:00,15.760000228881836,15.760000228881836,15.760000228881836,15.760000228881836,24313,0.0,0.0,0.0
2026-03-03 02:00:00+00:00,15.789999961853027,15.789999961853027,15.75,15.75,3350,0.0,0.0,0.0
2026-03-03 02:05:00+00:00,15.739999771118164,15.760000228881836,15.739999771118164,15.760000228881836,42100,0.0,0.0,0.0
2026-03-03 02:10:00+00:00,15.739999771118164,15.800000190734863,15.739999771118164,15.800000190734863,89050,0.0,0.0,0.0
2026-03-03 02:15:00+00:00,15.819999694824219,15.819999694824219,15.819999694824219,15.819999694824219,1075,0.0,0.0,0.0
2026-03-03 02:25:00+00:00,15.739999771118164,15.739999771118164,15.739999771118164,15.739999771118164,1000,0.0,0.0,0.0
2026-03-03 02:30:00+00:00,15.779999732971191,15.779999732971191,15.739999771118164,15.739999771118164,2070,0.0,0.0,0.0
2026-03-03 02:35:00+00:00,15.739999771118164,15.739999771118164,15.739999771118164,15.739999771118164,1400,0.0,0.0,0.0
2026-03-03 02:40:00+00:00,15.739999771118164,15.819999694824219,15.739999771118164,15.800000190734863,315594,0.0,0.0,0.0
2026-03-03 02:45:00+00:00,15.800000190734863,15.800000190734863,15.789999961853027,15.789999961853027,6050,0.0,0.0,0.0
2026-03-03 02:50:00+00:00,15.789999961853027,15.789999961853027,15.789999961853027,15.789999961853027,39131,0.0,0.0,0.0
2026-03-03 03:00:00+00:00,15.789999961853027,15.789999961853027,15.789999961853027,15.789999961853027,1270,0.0,0.0,0.0
2026-03-03 03:15:00+00:00,15.789999961853027,15.789999961853027,15.789999961853027,15.789999961853027,1134,0.0,0.0,0.0
2026-03-03 03:20:00+00:00,15.760000228881836,15.760000228881836,15.760000228881836,15.760000228881836,1028,0.0,0.0,0.0
2026-03-03 03:30:00+00:00,15.760000228881836,15.760000228881836,15.760000228881836,15.760000228881836,1000,0.0,0.0,0.0
2026-03-03 03:35:00+00:00,15.770000457763672,15.8100004196167,15.770000457763672,15.8100004196167,51300,0.0,0.0,0.0
2026-03-03 03:40:00+00:00,15.819999694824219,15.819999694824219,15.819999694824219,15.819999694824219,9211,0.0,0.0,0.0
2026-03-03 03:45:00+00:00,15.8100004196167,15.8100004196167,15.8100004196167,15.8100004196167,5046,0.0,0.0,0.0
2026-03-03 03:55:00+00:00,15.800000190734863,15.800000190734863,15.800000190734863,15.800000190734863,5078,0.0,0.0,0.0
2026-03-03 04:05:00+00:00,15.789999961853027,15.789999961853027,15.789999961853027,15.789999961853027,25100,0.0,0.0,0.0
2026-03-03 04:15:00+00:00,15.779999732971191,15.779999732971191,15.779999732971191,15.779999732971191,3000,0.0,0.0,0.0
2026-03-03 04:20:00+00:00,15.779999732971191,15.789999961853027,15.779999732971191,15.789999961853027,5000,0.0,0.0,0.0
2026-03-03 04:25:00+00:00,15.789999961853027,15.789999961853027,15.789999961853027,15.789999961853027,100230,0.0,0.0,0.0
2026-03-03 04:30:00+00:00,15.789999961853027,15.800000190734863,15.760000228881836,15.760000228881836,7380,0.0,0.0,0.0
2026-03-03 04:35:00+00:00,15.760000228881836,15.760000228881836,15.760000228881836,15.760000228881836,7100,0.0,0.0,0.0
2026-03-03 04:40:00+00:00,15.760000228881836,15.760000228881836,15.760000228881836,15.760000228881836,2096,0.0,0.0,0.0
2026-03-03 04:45:00+00:00,15.760000228881836,15.760000228881836,15.760000228881836,15.760000228881836,36346,0.0,0.0,0.0
2026-03-03 04:50:00+00:00,15.770000457763672,15.770000457763672,15.760000228881836,15.760000228881836,73000,0.0,0.0,0.0
2026-03-03 04:55:00+00:00,15.760000228881836,15.760000228881836,15.760000228881836,15.760000228881836,2200,0.0,0.0,0.0
2026-03-03 05:00:00+00:00,15.760000228881836,15.760000228881836,15.75,15.760000228881836,113150,0.0,0.0,0.0
2026-03-03 05:05:00+00:00,15.760000228881836,15.770000457763672,15.760000228881836,15.770000457763672,13000,0.0,0.0,0.0
2026-03-03 05:10:00+00:00,15.770000457763672,15.770000457763672,15.760000228881836,15.770000457763672,28000,0.0,0.0,0.0
2026-03-03 05:15:00+00:00,15.779999732971191,15.779999732971191,15.779999732971191,15.779999732971191,27749,0.0,0.0,0.0
2026-03-03 05:20:00+00:00,15.779999732971191,15.779999732971191,15.779999732971191,15.779999732971191,11050,0.0,0.0,0.0
2026-03-04 01:00:00+00:00,15.699999809265137,15.699999809265137,15.619999885559082,15.65999984741211,0,0.0,0.0,0.0
2026-03-04 01:05:00+00:00,15.619999885559082,15.619999885559082,15.470000267028809,15.470000267028809,210691,0.0,0.0,0.0
2026-03-04 01:10:00+00:00,15.510000228881836,15.510000228881836,15.449999809265137,15.449999809265137,64529,0.0,0.0,0.0
2026-03-04 01:15:00+00:00,15.4399995803833,15.4399995803833,15.34000015258789,15.34000015258789,54649,0.0,0.0,0.0
2026-03-04 01:20:00+00:00,15.3100004196167,15.319999694824219,15.25,15.319999694824219,155493,0.0,0.0,0.0
2026-03-04 01:25:00+00:00,15.3100004196167,15.390000343322754,15.3100004196167,15.390000343322754,361055,0.0,0.0,0.0
2026-03-04 01:30:00+00:00,15.390000343322754,15.390000343322754,15.319999694824219,15.359999656677246,464153,0.0,0.0,0.0
2026-03-04 01:35:00+00:00,15.399999618530273,15.420000076293945,15.399999618530273,15.420000076293945,11810,0.0,0.0,0.0
2026-03-04 01:40:00+00:00,15.399999618530273,15.40999984741211,15.390000343322754,15.390000343322754,64000,0.0,0.0,0.0
2026-03-04 01:45:00+00:00,15.399999618530273,15.399999618530273,15.359999656677246,15.359999656677246,35507,0.0,0.0,0.0
2026-03-04 01:50:00+00:00,15.369999885559082,15.369999885559082,15.369999885559082,15.369999885559082,1000,0.0,0.0,0.0
2026-03-04 01:55:00+00:00,15.369999885559082,15.369999885559082,15.369999885559082,15.369999885559082,14279,0.0,0.0,0.0
2026-03-04 02:00:00+00:00,15.369999885559082,15.369999885559082,15.329999923706055,15.329999923706055,15048,0.0,0.0,0.0
2026-03-04 02:05:00+00:00,15.329999923706055,15.329999923706055,15.319999694824219,15.329999923706055,24607,0.0,0.0,0.0
2026-03-04 02:10:00+00:00,15.319999694824219,15.319999694824219,15.319999694824219,15.319999694824219,13086,0.0,0.0,0.0
2026-03-04 02:15:00+00:00,15.319999694824219,15.319999694824219,15.300000190734863,15.300000190734863,14010,0.0,0.0,0.0
2026-03-04 02:20:00+00:00,15.300000190734863,15.300000190734863,15.289999961853027,15.289999961853027,7678,0.0,0.0,0.0
2026-03-04 02:25:00+00:00,15.289999961853027,15.289999961853027,15.289999961853027,15.289999961853027,2203,0.0,0.0,0.0
2026-03-04 02:30:00+00:00,15.289999961853027,15.329999923706055,15.289999961853027,15.329999923706055,69401,0.0,0.0,0.0
2026-03-04 02:35:00+00:00,15.300000190734863,15.300000190734863,15.300000190734863,15.300000190734863,21100,0.0,0.0,0.0
2026-03-04 02:40:00+00:00,15.300000190734863,15.3100004196167,15.300000190734863,15.300000190734863,13020,0.0,0.0,0.0
2026-03-04 02:45:00+00:00,15.3100004196167,15.350000381469727,15.3100004196167,15.350000381469727,15079,0.0,0.0,0.0
2026-03-04 02:55:00+00:00,15.359999656677246,15.359999656677246,15.34000015258789,15.34000015258789,73210,0.0,0.0,0.0
2026-03-04 03:00:00+00:00,15.34000015258789,15.34000015258789,15.329999923706055,15.329999923706055,38000,0.0,0.0,0.0
2026-03-04 03:05:00+00:00,15.3100004196167,15.3100004196167,15.289999961853027,15.289999961853027,24265,0.0,0.0,0.0
2026-03-04 03:10:00+00:00,15.329999923706055,15.329999923706055,15.329999923706055,15.329999923706055,25382,0.0,0.0,0.0
2026-03-04 03:15:00+00:00,15.319999694824219,15.319999694824219,15.319999694824219,15.319999694824219,2010,0.0,0.0,0.0
2026-03-04 03:20:00+00:00,15.319999694824219,15.329999923706055,15.3100004196167,15.329999923706055,11000,0.0,0.0,0.0
2026-03-04 03:25:00+00:00,15.329999923706055,15.329999923706055,15.300000190734863,15.300000190734863,17400,0.0,0.0,0.0
2026-03-04 03:30:00+00:00,15.300000190734863,15.3100004196167,15.300000190734863,15.3100004196167,21025,0.0,0.0,0.0
2026-03-04 03:35:00+00:00,15.300000190734863,15.300000190734863,15.300000190734863,15.300000190734863,1300,0.0,0.0,0.0
2026-03-04 03:40:00+00:00,15.300000190734863,15.300000190734863,15.300000190734863,15.300000190734863,3010,0.0,0.0,0.0
2026-03-04 03:45:00+00:00,15.289999961853027,15.300000190734863,15.289999961853027,15.300000190734863,5000,0.0,0.0,0.0
2026-03-04 03:50:00+00:00,15.300000190734863,15.300000190734863,15.300000190734863,15.300000190734863,1060,0.0,0.0,0.0
2026-03-04 03:55:00+00:00,15.300000190734863,15.3100004196167,15.300000190734863,15.3100004196167,51050,0.0,0.0,0.0
2026-03-04 04:00:00+00:00,15.3100004196167,15.3100004196167,15.3100004196167,15.3100004196167,6003,0.0,0.0,0.0
2026-03-04 04:05:00+00:00,15.3100004196167,15.319999694824219,15.3100004196167,15.319999694824219,8117,0.0,0.0,0.0
2026-03-04 04:10:00+00:00,15.3100004196167,15.3100004196167,15.3100004196167,15.3100004196167,2100,0.0,0.0,0.0
2026-03-04 04:15:00+00:00,15.3100004196167,15.3100004196167,15.3100004196167,15.3100004196167,4100,0.0,0.0,0.0
2026-03-04 04:20:00+00:00,15.3100004196167,15.3100004196167,15.300000190734863,15.300000190734863,8000,0.0,0.0,0.0
2026-03-04 04:25:00+00:00,15.289999961853027,15.289999961853027,15.279999732971191,15.279999732971191,96000,0.0,0.0,0.0
2026-03-04 04:30:00+00:00,15.279999732971191,15.279999732971191,15.270000457763672,15.270000457763672,63000,0.0,0.0,0.0
2026-03-04 04:35:00+00:00,15.270000457763672,15.270000457763672,15.229999542236328,15.229999542236328,341289,0.0,0.0,0.0
2026-03-04 04:40:00+00:00,15.229999542236328,15.25,15.220000267028809,15.239999771118164,12208,0.0,0.0,0.0
2026-03-04 04:45:00+00:00,15.239999771118164,15.239999771118164,15.220000267028809,15.220000267028809,5240,0.0,0.0,0.0
2026-03-04 04:50:00+00:00,15.220000267028809,15.239999771118164,15.220000267028809,15.239999771118164,37000,0.0,0.0,0.0
2026-03-04 04:55:00+00:00,15.239999771118164,15.239999771118164,15.239999771118164,15.239999771118164,2000,0.0,0.0,0.0
2026-03-04 05:00:00+00:00,15.260000228881836,15.260000228881836,15.25,15.25,2000,0.0,0.0,0.0
2026-03-04 05:05:00+00:00,15.25,15.25,15.239999771118164,15.239999771118164,6718,0.0,0.0,0.0
2026-03-04 05:15:00+00:00,15.239999771118164,15.239999771118164,15.239999771118164,15.239999771118164,14050,0.0,0.0,0.0
2026-03-05 01:00:00+00:00,15.279999732971191,15.529999732971191,15.279999732971191,15.529999732971191,0,0.0,0.0,0.0
2026-03-05 01:05:00+00:00,15.539999961853027,15.539999961853027,15.520000457763672,15.520000457763672,264000,0.0,0.0,0.0
2026-03-05 01:10:00+00:00,15.510000228881836,15.510000228881836,15.489999771118164,15.489999771118164,49449,0.0,0.0,0.0
2026-03-05 01:15:00+00:00,15.470000267028809,15.470000267028809,15.449999809265137,15.449999809265137,265277,0.0,0.0,0.0
2026-03-05 01:20:00+00:00,15.390000343322754,15.390000343322754,15.359999656677246,15.369999885559082,10367,0.0,0.0,0.0
2026-03-05 01:35:00+00:00,15.369999885559082,15.369999885559082,15.329999923706055,15.329999923706055,10405,0.0,0.0,0.0
2026-03-05 01:40:00+00:00,15.319999694824219,15.319999694824219,15.270000457763672,15.270000457763672,208511,0.0,0.0,0.0
2026-03-05 01:45:00+00:00,15.270000457763672,15.300000190734863,15.260000228881836,15.300000190734863,32354,0.0,0.0,0.0
2026-03-05 01:50:00+00:00,15.279999732971191,15.279999732971191,15.270000457763672,15.270000457763672,34000,0.0,0.0,0.0
2026-03-05 01:55:00+00:00,15.260000228881836,15.260000228881836,15.239999771118164,15.239999771118164,18100,0.0,0.0,0.0
2026-03-05 02:00:00+00:00,15.239999771118164,15.239999771118164,15.229999542236328,15.229999542236328,12000,0.0,0.0,0.0
2026-03-05 02:05:00+00:00,15.239999771118164,15.25,15.239999771118164,15.25,5000,0.0,0.0,0.0
2026-03-05 02:10:00+00:00,15.229999542236328,15.229999542236328,15.229999542236328,15.229999542236328,7125,0.0,0.0,0.0
2026-03-05 02:15:00+00:00,15.239999771118164,15.239999771118164,15.239999771118164,15.239999771118164,2000,0.0,0.0,0.0
2026-03-05 02:20:00+00:00,15.220000267028809,15.220000267028809,15.220000267028809,15.220000267028809,4793,0.0,0.0,0.0
2026-03-05 02:30:00+00:00,15.210000038146973,15.210000038146973,15.1899995803833,15.1899995803833,32853,0.0,0.0,0.0
2026-03-05 02:35:00+00:00,15.199999809265137,15.260000228881836,15.199999809265137,15.260000228881836,130000,0.0,0.0,0.0
2026-03-05 02:40:00+00:00,15.229999542236328,15.279999732971191,15.229999542236328,15.279999732971191,9165,0.0,0.0,0.0
2026-03-05 02:45:00+00:00,15.300000190734863,15.319999694824219,15.300000190734863,15.319999694824219,21075,0.0,0.0,0.0
2026-03-05 02:50:00+00:00,15.319999694824219,15.319999694824219,15.319999694824219,15.319999694824219,42431,0.0,0.0,0.0
2026-03-05 03:00:00+00:00,15.3100004196167,15.3100004196167,15.3100004196167,15.3100004196167,1966,0.0,0.0,0.0
2026-03-05 03:10:00+00:00,15.270000457763672,15.270000457763672,15.270000457763672,15.270000457763672,7091,0.0,0.0,0.0
2026-03-05 03:25:00+00:00,15.260000228881836,15.260000228881836,15.260000228881836,15.260000228881836,4415,0.0,0.0,0.0
2026-03-05 03:35:00+00:00,15.229999542236328,15.229999542236328,15.229999542236328,15.229999542236328,4050,0.0,0.0,0.0
2026-03-05 03:45:00+00:00,15.220000267028809,15.220000267028809,15.220000267028809,15.220000267028809,17000,0.0,0.0,0.0
2026-03-05 03:50:00+00:00,15.220000267028809,15.229999542236328,15.220000267028809,15.229999542236328,14045,0.0,0.0,0.0
2026-03-05 03:55:00+00:00,15.229999542236328,15.229999542236328,15.229999542236328,15.229999542236328,14606,0.0,0.0,0.0
2026-03-05 04:00:00+00:00,15.210000038146973,15.210000038146973,15.210000038146973,15.210000038146973,100714,0.0,0.0,0.0
2026-03-05 04:05:00+00:00,15.210000038146973,15.210000038146973,15.210000038146973,15.210000038146973,5000,0.0,0.0,0.0
2026-03-05 04:10:00+00:00,15.220000267028809,15.229999542236328,15.220000267028809,15.229999542236328,6000,0.0,0.0,0.0
2026-03-05 04:15:00+00:00,15.229999542236328,15.229999542236328,15.229999542236328,15.229999542236328,1000,0.0,0.0,0.0
2026-03-05 04:20:00+00:00,15.229999542236328,15.25,15.229999542236328,15.25,37000,0.0,0.0,0.0
2026-03-05 04:25:00+00:00,15.239999771118164,15.239999771118164,15.239999771118164,15.239999771118164,4060,0.0,0.0,0.0
2026-03-05 04:30:00+00:00,15.239999771118164,15.239999771118164,15.239999771118164,15.239999771118164,31388,0.0,0.0,0.0
2026-03-05 04:50:00+00:00,15.25,15.25,15.239999771118164,15.239999771118164,51077,0.0,0.0,0.0
2026-03-05 05:05:00+00:00,15.270000457763672,15.270000457763672,15.270000457763672,15.270000457763672,3064,0.0,0.0,0.0
2026-03-05 05:10:00+00:00,15.270000457763672,15.270000457763672,15.270000457763672,15.270000457763672,1407,0.0,0.0,0.0
2026-03-05 05:15:00+00:00,15.260000228881836,15.260000228881836,15.25,15.25,10000,0.0,0.0,0.0
2026-03-05 05:20:00+00:00,15.270000457763672,15.270000457763672,15.270000457763672,15.270000457763672,1600,0.0,0.0,0.0
2026-03-06 01:00:00+00:00,15.09000015258789,15.199999809265137,15.09000015258789,15.170000076293945,0,0.0,0.0,0.0
2026-03-06 01:05:00+00:00,15.170000076293945,15.199999809265137,15.170000076293945,15.199999809265137,20575,0.0,0.0,0.0
2026-03-06 01:10:00+00:00,15.199999809265137,15.210000038146973,15.199999809265137,15.210000038146973,25171,0.0,0.0,0.0
2026-03-06 01:15:00+00:00,15.25,15.270000457763672,15.25,15.270000457763672,2146,0.0,0.0,0.0
2026-03-06 01:25:00+00:00,15.239999771118164,15.239999771118164,15.229999542236328,15.229999542236328,5000,0.0,0.0,0.0
2026-03-06 01:30:00+00:00,15.239999771118164,15.270000457763672,15.239999771118164,15.270000457763672,27631,0.0,0.0,0.0
2026-03-06 01:35:00+00:00,15.289999961853027,15.289999961853027,15.289999961853027,15.289999961853027,3510,0.0,0.0,0.0
2026-03-06 01:45:00+00:00,15.300000190734863,15.300000190734863,15.300000190734863,15.300000190734863,1200,0.0,0.0,0.0
2026-03-06 01:50:00+00:00,15.300000190734863,15.3100004196167,15.300000190734863,15.3100004196167,34369,0.0,0.0,0.0
2026-03-06 01:55:00+00:00,15.319999694824219,15.34000015258789,15.319999694824219,15.34000015258789,5266,0.0,0.0,0.0
2026-03-06 02:00:00+00:00,15.329999923706055,15.329999923706055,15.329999923706055,15.329999923706055,1738,0.0,0.0,0.0
2026-03-06 02:10:00+00:00,15.329999923706055,15.329999923706055,15.329999923706055,15.329999923706055,100000,0.0,0.0,0.0
2026-03-06 02:15:00+00:00,15.329999923706055,15.350000381469727,15.329999923706055,15.350000381469727,5015,0.0,0.0,0.0
2026-03-06 02:20:00+00:00,15.350000381469727,15.359999656677246,15.350000381469727,15.359999656677246,6015,0.0,0.0,0.0
2026-03-06 02:30:00+00:00,15.359999656677246,15.399999618530273,15.359999656677246,15.390000343322754,3581,0.0,0.0,0.0
2026-03-06 02:45:00+00:00,15.350000381469727,15.350000381469727,15.350000381469727,15.350000381469727,1022,0.0,0.0,0.0
2026-03-06 02:50:00+00:00,15.3100004196167,15.3100004196167,15.3100004196167,15.3100004196167,22014,0.0,0.0,0.0
2026-03-06 02:55:00+00:00,15.3100004196167,15.3100004196167,15.3100004196167,15.3100004196167,20000,0.0,0.0,0.0
2026-03-06 03:00:00+00:00,15.3100004196167,15.3100004196167,15.3100004196167,15.3100004196167,1015,0.0,0.0,0.0
2026-03-06 03:10:00+00:00,15.3100004196167,15.3100004196167,15.3100004196167,15.3100004196167,1000,0.0,0.0,0.0
2026-03-06 03:15:00+00:00,15.3100004196167,15.3100004196167,15.289999961853027,15.289999961853027,8115,0.0,0.0,0.0
2026-03-06 03:20:00+00:00,15.270000457763672,15.270000457763672,15.270000457763672,15.270000457763672,1115,0.0,0.0,0.0
2026-03-06 03:25:00+00:00,15.270000457763672,15.270000457763672,15.270000457763672,15.270000457763672,1000,0.0,0.0,0.0
2026-03-06 03:30:00+00:00,15.289999961853027,15.289999961853027,15.270000457763672,15.270000457763672,2456,0.0,0.0,0.0
2026-03-06 03:50:00+00:00,15.300000190734863,15.300000190734863,15.300000190734863,15.300000190734863,11115,0.0,0.0,0.0
2026-03-06 03:55:00+00:00,15.3100004196167,15.3100004196167,15.3100004196167,15.3100004196167,2214,0.0,0.0,0.0
2026-03-06 04:05:00+00:00,15.319999694824219,15.319999694824219,15.319999694824219,15.319999694824219,2195,0.0,0.0,0.0
2026-03-06 04:10:00+00:00,15.319999694824219,15.319999694824219,15.319999694824219,15.319999694824219,1010,0.0,0.0,0.0
2026-03-06 04:15:00+00:00,15.319999694824219,15.319999694824219,15.319999694824219,15.319999694824219,8015,0.0,0.0,0.0
2026-03-06 04:20:00+00:00,15.319999694824219,15.319999694824219,15.3100004196167,15.3100004196167,21000,0.0,0.0,0.0
2026-03-06 04:25:00+00:00,15.3100004196167,15.3100004196167,15.3100004196167,15.3100004196167,1259,0.0,0.0,0.0
2026-03-06 04:35:00+00:00,15.3100004196167,15.3100004196167,15.3100004196167,15.3100004196167,2665,0.0,0.0,0.0
2026-03-06 04:40:00+00:00,15.3100004196167,15.3100004196167,15.300000190734863,15.300000190734863,4100,0.0,0.0,0.0
2026-03-06 04:45:00+00:00,15.300000190734863,15.300000190734863,15.300000190734863,15.300000190734863,10081,0.0,0.0,0.0
2026-03-06 04:50:00+00:00,15.319999694824219,15.319999694824219,15.319999694824219,15.319999694824219,2715,0.0,0.0,0.0
2026-03-06 05:00:00+00:00,15.300000190734863,15.300000190734863,15.289999961853027,15.289999961853027,9000,0.0,0.0,0.0
2026-03-06 05:05:00+00:00,15.3100004196167,15.3100004196167,15.3100004196167,15.3100004196167,2000,0.0,0.0,0.0
2026-03-06 05:10:00+00:00,15.3100004196167,15.3100004196167,15.3100004196167,15.3100004196167,1062,0.0,0.0,0.0
2026-03-06 05:15:00+00:00,15.3100004196167,15.3100004196167,15.3100004196167,15.3100004196167,1050,0.0,0.0,0.0
2026-03-06 05:20:00+00:00,15.3100004196167,15.3100004196167,15.3100004196167,15.3100004196167,1000,0.0,0.0,0.0
2026-03-09 01:00:00+00:00,15.010000228881836,15.010000228881836,14.779999732971191,14.800000190734863,0,0.0,0.0,0.0
2026-03-09 01:05:00+00:00,14.779999732971191,14.84000015258789,14.779999732971191,14.84000015258789,32715,0.0,0.0,0.0
2026-03-09 01:10:00+00:00,14.869999885559082,14.930000305175781,14.850000381469727,14.869999885559082,24074,0.0,0.0,0.0
2026-03-09 01:15:00+00:00,14.880000114440918,14.930000305175781,14.880000114440918,14.920000076293945,11862,0.0,0.0,0.0
2026-03-09 01:20:00+00:00,14.920000076293945,14.930000305175781,14.920000076293945,14.930000305175781,30152,0.0,0.0,0.0
2026-03-09 01:25:00+00:00,14.920000076293945,14.920000076293945,14.869999885559082,14.880000114440918,59800,0.0,0.0,0.0
2026-03-09 01:30:00+00:00,14.869999885559082,14.90999984741211,14.869999885559082,14.90999984741211,34175,0.0,0.0,0.0
2026-03-09 01:35:00+00:00,14.920000076293945,14.949999809265137,14.920000076293945,14.949999809265137,5411,0.0,0.0,0.0
2026-03-09 01:40:00+00:00,14.9399995803833,14.949999809265137,14.930000305175781,14.930000305175781,9539,0.0,0.0,0.0
2026-03-09 01:45:00+00:00,14.930000305175781,14.930000305175781,14.930000305175781,14.930000305175781,1296,0.0,0.0,0.0
2026-03-09 01:50:00+00:00,14.9399995803833,14.9399995803833,14.920000076293945,14.9399995803833,8205,0.0,0.0,0.0
2026-03-09 01:55:00+00:00,14.9399995803833,14.9399995803833,14.9399995803833,14.9399995803833,4378,0.0,0.0,0.0
2026-03-09 02:00:00+00:00,14.9399995803833,14.949999809265137,14.9399995803833,14.949999809265137,30300,0.0,0.0,0.0
2026-03-09 02:05:00+00:00,14.949999809265137,15.010000228881836,14.949999809265137,15.010000228881836,44475,0.0,0.0,0.0
2026-03-09 02:10:00+00:00,15.029999732971191,15.029999732971191,15.029999732971191,15.029999732971191,11106,0.0,0.0,0.0
2026-03-09 02:15:00+00:00,15.039999961853027,15.039999961853027,15.010000228881836,15.010000228881836,3361,0.0,0.0,0.0
2026-03-09 02:20:00+00:00,15.0,15.0,15.0,15.0,3186,0.0,0.0,0.0
2026-03-09 02:25:00+00:00,15.0,15.010000228881836,14.989999771118164,15.010000228881836,22090,0.0,0.0,0.0
2026-03-09 02:30:00+00:00,15.020000457763672,15.020000457763672,14.979999542236328,14.979999542236328,23610,0.0,0.0,0.0
2026-03-09 02:35:00+00:00,14.970000267028809,15.010000228881836,14.970000267028809,15.010000228881836,123187,0.0,0.0,0.0
2026-03-09 02:40:00+00:00,15.010000228881836,15.010000228881836,15.010000228881836,15.010000228881836,17786,0.0,0.0,0.0
2026-03-09 02:45:00+00:00,15.010000228881836,15.020000457763672,15.010000228881836,15.020000457763672,11150,0.0,0.0,0.0
2026-03-09 02:50:00+00:00,15.020000457763672,15.020000457763672,15.0,15.0,21927,0.0,0.0,0.0
2026-03-09 02:55:00+00:00,15.020000457763672,15.020000457763672,15.010000228881836,15.010000228881836,84292,0.0,0.0,0.0
2026-03-09 03:00:00+00:00,15.029999732971191,15.029999732971191,15.0,15.0,17799,0.0,0.0,0.0
2026-03-09 03:05:00+00:00,14.979999542236328,14.989999771118164,14.979999542236328,14.979999542236328,6412,0.0,0.0,0.0
2026-03-09 03:15:00+00:00,14.989999771118164,15.029999732971191,14.989999771118164,15.020000457763672,102701,0.0,0.0,0.0
2026-03-09 03:20:00+00:00,15.020000457763672,15.020000457763672,15.020000457763672,15.020000457763672,1000,0.0,0.0,0.0
2026-03-09 03:25:00+00:00,15.0,15.0,15.0,15.0,1100,0.0,0.0,0.0
2026-03-09 03:30:00+00:00,14.989999771118164,14.989999771118164,14.989999771118164,14.989999771118164,4105,0.0,0.0,0.0
2026-03-09 03:35:00+00:00,14.989999771118164,14.989999771118164,14.970000267028809,14.970000267028809,38155,0.0,0.0,0.0
2026-03-09 03:40:00+00:00,14.970000267028809,14.970000267028809,14.960000038146973,14.960000038146973,12096,0.0,0.0,0.0
2026-03-09 03:45:00+00:00,14.949999809265137,14.949999809265137,14.920000076293945,14.920000076293945,21505,0.0,0.0,0.0
2026-03-09 03:55:00+00:00,14.920000076293945,14.920000076293945,14.920000076293945,14.920000076293945,10855,0.0,0.0,0.0
2026-03-09 04:00:00+00:00,14.930000305175781,14.930000305175781,14.930000305175781,14.930000305175781,4096,0.0,0.0,0.0
2026-03-09 04:05:00+00:00,14.930000305175781,14.9399995803833,14.930000305175781,14.9399995803833,9114,0.0,0.0,0.0
2026-03-09 04:10:00+00:00,14.9399995803833,14.9399995803833,14.930000305175781,14.930000305175781,11025,0.0,0.0,0.0
2026-03-09 04:15:00+00:00,14.920000076293945,14.920000076293945,14.920000076293945,14.920000076293945,13612,0.0,0.0,0.0
2026-03-09 04:20:00+00:00,14.930000305175781,14.930000305175781,14.930000305175781,14.930000305175781,3000,0.0,0.0,0.0
2026-03-09 04:25:00+00:00,14.949999809265137,14.949999809265137,14.9399995803833,14.9399995803833,3248,0.0,0.0,0.0
2026-03-09 04:35:00+00:00,14.9399995803833,14.949999809265137,14.930000305175781,14.930000305175781,8400,0.0,0.0,0.0
2026-03-09 04:40:00+00:00,14.920000076293945,14.920000076293945,14.90999984741211,14.90999984741211,43957,0.0,0.0,0.0
2026-03-09 04:45:00+00:00,14.920000076293945,14.920000076293945,14.920000076293945,14.920000076293945,8240,0.0,0.0,0.0
2026-03-09 04:50:00+00:00,14.920000076293945,14.920000076293945,14.920000076293945,14.920000076293945,11879,0.0,0.0,0.0
2026-03-09 04:55:00+00:00,14.920000076293945,14.930000305175781,14.920000076293945,14.930000305175781,29540,0.0,0.0,0.0
2026-03-09 05:00:00+00:00,14.920000076293945,14.930000305175781,14.920000076293945,14.930000305175781,4106,0.0,0.0,0.0
2026-03-09 05:05:00+00:00,14.930000305175781,14.930000305175781,14.930000305175781,14.930000305175781,2193,0.0,0.0,0.0
2026-03-09 05:10:00+00:00,14.930000305175781,14.930000305175781,14.920000076293945,14.920000076293945,28210,0.0,0.0,0.0
2026-03-09 05:15:00+00:00,14.920000076293945,14.930000305175781,14.90999984741211,14.90999984741211,47316,0.0,0.0,0.0
2026-03-09 05:20:00+00:00,14.930000305175781,15.020000457763672,14.930000305175781,15.020000457763672,104780,0.0,0.0,0.0
2026-03-10 01:00:00+00:00,15.119999885559082,15.140000343322754,15.119999885559082,15.119999885559082,0,0.0,0.0,0.0
2026-03-10 01:05:00+00:00,15.109999656677246,15.109999656677246,15.100000381469727,15.100000381469727,28716,0.0,0.0,0.0
2026-03-10 01:10:00+00:00,15.100000381469727,15.100000381469727,15.079999923706055,15.079999923706055,15358,0.0,0.0,0.0
2026-03-10 01:15:00+00:00,15.09000015258789,15.09000015258789,15.09000015258789,15.09000015258789,13000,0.0,0.0,0.0
2026-03-10 01:20:00+00:00,15.079999923706055,15.09000015258789,15.039999961853027,15.039999961853027,333912,0.0,0.0,0.0
2026-03-10 01:30:00+00:00,15.079999923706055,15.079999923706055,15.029999732971191,15.029999732971191,16271,0.0,0.0,0.0
2026-03-10 01:40:00+00:00,15.050000190734863,15.050000190734863,15.050000190734863,15.050000190734863,3050,0.0,0.0,0.0
2026-03-10 01:45:00+00:00,15.0600004196167,15.0600004196167,15.050000190734863,15.0600004196167,15010,0.0,0.0,0.0
2026-03-10 01:50:00+00:00,15.050000190734863,15.069999694824219,15.050000190734863,15.0600004196167,127117,0.0,0.0,0.0
2026-03-10 02:00:00+00:00,15.069999694824219,15.069999694824219,15.050000190734863,15.050000190734863,18559,0.0,0.0,0.0
2026-03-10 02:05:00+00:00,15.039999961853027,15.039999961853027,15.020000457763672,15.020000457763672,45131,0.0,0.0,0.0
2026-03-10 02:10:00+00:00,15.020000457763672,15.020000457763672,15.020000457763672,15.020000457763672,3000,0.0,0.0,0.0
2026-03-10 02:20:00+00:00,15.010000228881836,15.010000228881836,15.0,15.010000228881836,55546,0.0,0.0,0.0
2026-03-10 02:25:00+00:00,15.0,15.0,15.0,15.0,5353,0.0,0.0,0.0
2026-03-10 02:30:00+00:00,15.0,15.0,14.979999542236328,14.979999542236328,37344,0.0,0.0,0.0
2026-03-10 02:35:00+00:00,15.0,15.0,15.0,15.0,5280,0.0,0.0,0.0
2026-03-10 02:40:00+00:00,14.989999771118164,14.989999771118164,14.989999771118164,14.989999771118164,13000,0.0,0.0,0.0
2026-03-10 02:45:00+00:00,14.989999771118164,14.989999771118164,14.949999809265137,14.949999809265137,83170,0.0,0.0,0.0
2026-03-10 02:50:00+00:00,14.9399995803833,14.9399995803833,14.90999984741211,14.90999984741211,53230,0.0,0.0,0.0
2026-03-10 02:55:00+00:00,14.899999618530273,14.920000076293945,14.899999618530273,14.90999984741211,11513,0.0,0.0,0.0
2026-03-10 03:00:00+00:00,14.90999984741211,14.90999984741211,14.899999618530273,14.899999618530273,73521,0.0,0.0,0.0
2026-03-10 03:05:00+00:00,14.899999618530273,14.899999618530273,14.899999618530273,14.899999618530273,40357,0.0,0.0,0.0
2026-03-10 03:10:00+00:00,14.899999618530273,14.899999618530273,14.899999618530273,14.899999618530273,15250,0.0,0.0,0.0
2026-03-10 03:15:00+00:00,14.899999618530273,14.90999984741211,14.899999618530273,14.90999984741211,11150,0.0,0.0,0.0
2026-03-10 03:20:00+00:00,14.90999984741211,14.90999984741211,14.90999984741211,14.90999984741211,9559,0.0,0.0,0.0
2026-03-10 03:25:00+00:00,14.90999984741211,14.90999984741211,14.90999984741211,14.90999984741211,31000,0.0,0.0,0.0
2026-03-10 03:30:00+00:00,14.90999984741211,14.90999984741211,14.90999984741211,14.90999984741211,8400,0.0,0.0,0.0
2026-03-10 03:40:00+00:00,14.90999984741211,14.90999984741211,14.90999984741211,14.90999984741211,7869,0.0,0.0,0.0
2026-03-10 03:45:00+00:00,14.90999984741211,14.90999984741211,14.880000114440918,14.880000114440918,243915,0.0,0.0,0.0
2026-03-10 03:50:00+00:00,14.880000114440918,14.880000114440918,14.869999885559082,14.869999885559082,5130,0.0,0.0,0.0
2026-03-10 04:00:00+00:00,14.890000343322754,14.890000343322754,14.869999885559082,14.880000114440918,22835,0.0,0.0,0.0
2026-03-10 04:05:00+00:00,14.880000114440918,14.890000343322754,14.880000114440918,14.890000343322754,7040,0.0,0.0,0.0
2026-03-10 04:10:00+00:00,14.890000343322754,14.890000343322754,14.890000343322754,14.890000343322754,22000,0.0,0.0,0.0
2026-03-10 04:20:00+00:00,14.899999618530273,14.899999618530273,14.899999618530273,14.899999618530273,2241,0.0,0.0,0.0
2026-03-10 04:25:00+00:00,14.90999984741211,14.90999984741211,14.90999984741211,14.90999984741211,1050,0.0,0.0,0.0
2026-03-10 04:30:00+00:00,14.90999984741211,14.90999984741211,14.899999618530273,14.899999618530273,4000,0.0,0.0,0.0
2026-03-10 04:35:00+00:00,14.899999618530273,14.899999618530273,14.899999618530273,14.899999618530273,33808,0.0,0.0,0.0
2026-03-10 04:40:00+00:00,14.90999984741211,14.90999984741211,14.90999984741211,14.90999984741211,2000,0.0,0.0,0.0
2026-03-10 04:45:00+00:00,14.90999984741211,14.90999984741211,14.90999984741211,14.90999984741211,1000,0.0,0.0,0.0
2026-03-10 04:50:00+00:00,14.899999618530273,14.899999618530273,14.890000343322754,14.899999618530273,38151,0.0,0.0,0.0
2026-03-10 04:55:00+00:00,14.899999618530273,14.899999618530273,14.890000343322754,14.890000343322754,3000,0.0,0.0,0.0
2026-03-10 05:00:00+00:00,14.90999984741211,14.90999984741211,14.90999984741211,14.90999984741211,20000,0.0,0.0,0.0
2026-03-10 05:05:00+00:00,14.90999984741211,14.90999984741211,14.90999984741211,14.90999984741211,1850,0.0,0.0,0.0
2026-03-10 05:10:00+00:00,14.90999984741211,14.90999984741211,14.899999618530273,14.899999618530273,14070,0.0,0.0,0.0
2026-03-10 05:15:00+00:00,14.90999984741211,14.90999984741211,14.899999618530273,14.899999618530273,11225,0.0,0.0,0.0
2026-03-10 05:20:00+00:00,14.920000076293945,14.920000076293945,14.920000076293945,14.920000076293945,1724,0.0,0.0,0.0
2026-03-11 01:00:00+00:00,14.949999809265137,15.079999923706055,14.949999809265137,15.079999923706055,0,0.0,0.0,0.0
2026-03-11 01:05:00+00:00,15.039999961853027,15.069999694824219,15.039999961853027,15.0600004196167,6418,0.0,0.0,0.0
2026-03-11 01:10:00+00:00,15.079999923706055,15.100000381469727,15.079999923706055,15.100000381469727,45197,0.0,0.0,0.0
2026-03-11 01:15:00+00:00,15.109999656677246,15.130000114440918,15.109999656677246,15.109999656677246,117095,0.0,0.0,0.0
2026-03-11 01:20:00+00:00,15.109999656677246,15.109999656677246,15.09000015258789,15.09000015258789,7200,0.0,0.0,0.0
2026-03-11 01:25:00+00:00,15.109999656677246,15.109999656677246,15.109999656677246,15.109999656677246,2402,0.0,0.0,0.0
2026-03-11 01:30:00+00:00,15.09000015258789,15.09000015258789,15.069999694824219,15.069999694824219,28100,0.0,0.0,0.0
2026-03-11 01:35:00+00:00,15.069999694824219,15.069999694824219,15.069999694824219,15.069999694824219,80100,0.0,0.0,0.0
2026-03-11 01:40:00+00:00,15.069999694824219,15.079999923706055,15.069999694824219,15.079999923706055,3020,0.0,0.0,0.0
2026-03-11 01:55:00+00:00,15.069999694824219,15.09000015258789,15.069999694824219,15.09000015258789,53290,0.0,0.0,0.0
2026-03-11 02:00:00+00:00,15.09000015258789,15.09000015258789,15.09000015258789,15.09000015258789,10430,0.0,0.0,0.0
2026-03-11 02:10:00+00:00,15.100000381469727,15.100000381469727,15.100000381469727,15.100000381469727,3000,0.0,0.0,0.0
2026-03-11 02:15:00+00:00,15.109999656677246,15.140000343322754,15.109999656677246,15.140000343322754,32350,0.0,0.0,0.0
2026-03-11 02:20:00+00:00,15.149999618530273,15.149999618530273,15.149999618530273,15.149999618530273,10000,0.0,0.0,0.0
2026-03-11 02:25:00+00:00,15.109999656677246,15.109999656677246,15.109999656677246,15.109999656677246,1087,0.0,0.0,0.0
2026-03-11 02:30:00+00:00,15.109999656677246,15.109999656677246,15.109999656677246,15.109999656677246,1000,0.0,0.0,0.0
2026-03-11 02:45:00+00:00,15.109999656677246,15.109999656677246,15.109999656677246,15.109999656677246,33000,0.0,0.0,0.0
2026-03-11 02:50:00+00:00,15.130000114440918,15.130000114440918,15.119999885559082,15.119999885559082,2110,0.0,0.0,0.0
2026-03-11 02:55:00+00:00,15.119999885559082,15.119999885559082,15.119999885559082,15.119999885559082,5060,0.0,0.0,0.0
2026-03-11 03:00:00+00:00,15.119999885559082,15.119999885559082,15.119999885559082,15.119999885559082,12100,0.0,0.0,0.0
2026-03-11 03:25:00+00:00,15.109999656677246,15.109999656677246,15.109999656677246,15.109999656677246,1310,0.0,0.0,0.0
2026-03-11 03:30:00+00:00,15.119999885559082,15.119999885559082,15.119999885559082,15.119999885559082,2448,0.0,0.0,0.0
2026-03-11 03:35:00+00:00,15.119999885559082,15.119999885559082,15.119999885559082,15.119999885559082,6000,0.0,0.0,0.0
2026-03-11 03:40:00+00:00,15.119999885559082,15.119999885559082,15.119999885559082,15.119999885559082,1470,0.0,0.0,0.0
2026-03-11 03:55:00+00:00,15.119999885559082,15.119999885559082,15.119999885559082,15.119999885559082,4100,0.0,0.0,0.0
2026-03-11 04:00:00+00:00,15.119999885559082,15.119999885559082,15.119999885559082,15.119999885559082,11240,0.0,0.0,0.0
2026-03-11 04:15:00+00:00,15.130000114440918,15.130000114440918,15.130000114440918,15.130000114440918,2000,0.0,0.0,0.0
2026-03-11 04:25:00+00:00,15.140000343322754,15.140000343322754,15.140000343322754,15.140000343322754,1280,0.0,0.0,0.0
2026-03-11 04:35:00+00:00,15.140000343322754,15.140000343322754,15.140000343322754,15.140000343322754,2000,0.0,0.0,0.0
2026-03-11 04:40:00+00:00,15.130000114440918,15.130000114440918,15.130000114440918,15.130000114440918,1000,0.0,0.0,0.0
2026-03-11 04:50:00+00:00,15.130000114440918,15.130000114440918,15.130000114440918,15.130000114440918,2133,0.0,0.0,0.0
2026-03-11 05:00:00+00:00,15.130000114440918,15.130000114440918,15.130000114440918,15.130000114440918,26150,0.0,0.0,0.0
2026-03-11 05:05:00+00:00,15.119999885559082,15.119999885559082,15.119999885559082,15.119999885559082,89699,0.0,0.0,0.0
2026-03-11 05:20:00+00:00,15.130000114440918,15.130000114440918,15.119999885559082,15.119999885559082,8350,0.0,0.0,0.0
2026-03-12 01:00:00+00:00,15.130000114440918,15.130000114440918,15.079999923706055,15.079999923706055,0,0.0,0.0,0.0
2026-03-12 01:05:00+00:00,15.079999923706055,15.079999923706055,15.079999923706055,15.079999923706055,6435,0.0,0.0,0.0
2026-03-12 01:10:00+00:00,15.09000015258789,15.09000015258789,15.079999923706055,15.079999923706055,24415,0.0,0.0,0.0
2026-03-12 01:15:00+00:00,15.079999923706055,15.079999923706055,15.079999923706055,15.079999923706055,13000,0.0,0.0,0.0
2026-03-12 01:20:00+00:00,15.079999923706055,15.079999923706055,15.079999923706055,15.079999923706055,2110,0.0,0.0,0.0
2026-03-12 01:30:00+00:00,15.109999656677246,15.109999656677246,15.109999656677246,15.109999656677246,7265,0.0,0.0,0.0
2026-03-12 01:35:00+00:00,15.119999885559082,15.119999885559082,15.109999656677246,15.109999656677246,4000,0.0,0.0,0.0
2026-03-12 01:40:00+00:00,15.100000381469727,15.100000381469727,15.100000381469727,15.100000381469727,17082,0.0,0.0,0.0
2026-03-12 01:45:00+00:00,15.119999885559082,15.119999885559082,15.100000381469727,15.100000381469727,5611,0.0,0.0,0.0
2026-03-12 01:50:00+00:00,15.100000381469727,15.100000381469727,15.069999694824219,15.069999694824219,32910,0.0,0.0,0.0
2026-03-12 02:00:00+00:00,15.0600004196167,15.0600004196167,15.0600004196167,15.0600004196167,4738,0.0,0.0,0.0
2026-03-12 02:05:00+00:00,15.0600004196167,15.0600004196167,15.0600004196167,15.0600004196167,1127,0.0,0.0,0.0
2026-03-12 02:10:00+00:00,15.0600004196167,15.0600004196167,15.050000190734863,15.050000190734863,25000,0.0,0.0,0.0
2026-03-12 02:20:00+00:00,15.0600004196167,15.079999923706055,15.050000190734863,15.079999923706055,57230,0.0,0.0,0.0
2026-03-12 02:35:00+00:00,15.079999923706055,15.079999923706055,15.029999732971191,15.029999732971191,314053,0.0,0.0,0.0
2026-03-12 02:40:00+00:00,15.020000457763672,15.020000457763672,15.020000457763672,15.020000457763672,3110,0.0,0.0,0.0
2026-03-12 02:45:00+00:00,15.020000457763672,15.029999732971191,15.020000457763672,15.029999732971191,6239,0.0,0.0,0.0
2026-03-12 03:05:00+00:00,15.039999961853027,15.039999961853027,15.039999961853027,15.039999961853027,2264,0.0,0.0,0.0
2026-03-12 03:25:00+00:00,15.039999961853027,15.039999961853027,15.039999961853027,15.039999961853027,2050,0.0,0.0,0.0
2026-03-12 03:35:00+00:00,15.039999961853027,15.039999961853027,15.039999961853027,15.039999961853027,10082,0.0,0.0,0.0
2026-03-12 03:45:00+00:00,15.039999961853027,15.039999961853027,15.029999732971191,15.029999732971191,8171,0.0,0.0,0.0
2026-03-12 03:55:00+00:00,15.029999732971191,15.029999732971191,15.029999732971191,15.029999732971191,6435,0.0,0.0,0.0
2026-03-12 04:05:00+00:00,15.050000190734863,15.050000190734863,15.050000190734863,15.050000190734863,1000,0.0,0.0,0.0
2026-03-12 04:15:00+00:00,15.050000190734863,15.050000190734863,15.050000190734863,15.050000190734863,1000,0.0,0.0,0.0
2026-03-12 04:20:00+00:00,15.039999961853027,15.039999961853027,15.039999961853027,15.039999961853027,4136,0.0,0.0,0.0
2026-03-12 04:25:00+00:00,15.0600004196167,15.0600004196167,15.0600004196167,15.0600004196167,6000,0.0,0.0,0.0
2026-03-12 04:30:00+00:00,15.069999694824219,15.069999694824219,15.069999694824219,15.069999694824219,1351,0.0,0.0,0.0
2026-03-12 04:35:00+00:00,15.069999694824219,15.069999694824219,15.069999694824219,15.069999694824219,5451,0.0,0.0,0.0
2026-03-12 05:00:00+00:00,15.050000190734863,15.0600004196167,15.050000190734863,15.0600004196167,4060,0.0,0.0,0.0
2026-03-12 05:05:00+00:00,15.0600004196167,15.0600004196167,15.0600004196167,15.0600004196167,5030,0.0,0.0,0.0
2026-03-12 05:10:00+00:00,15.050000190734863,15.050000190734863,15.050000190734863,15.050000190734863,1815,0.0,0.0,0.0
2026-03-12 05:15:00+00:00,15.050000190734863,15.050000190734863,15.050000190734863,15.050000190734863,1025,0.0,0.0,0.0
2026-03-13 01:00:00+00:00,15.050000190734863,15.050000190734863,14.989999771118164,14.989999771118164,0,0.0,0.0,0.0
2026-03-13 01:05:00+00:00,14.979999542236328,14.979999542236328,14.979999542236328,14.979999542236328,4429,0.0,0.0,0.0
2026-03-13 01:10:00+00:00,15.010000228881836,15.010000228881836,15.0,15.0,12310,0.0,0.0,0.0
2026-03-13 01:20:00+00:00,15.029999732971191,15.029999732971191,15.029999732971191,15.029999732971191,103690,0.0,0.0,0.0
2026-03-13 01:25:00+00:00,15.020000457763672,15.050000190734863,15.020000457763672,15.050000190734863,6632,0.0,0.0,0.0
2026-03-13 01:30:00+00:00,15.039999961853027,15.050000190734863,15.039999961853027,15.050000190734863,5100,0.0,0.0,0.0
2026-03-13 01:35:00+00:00,15.029999732971191,15.029999732971191,15.029999732971191,15.029999732971191,80240,0.0,0.0,0.0
2026-03-13 01:40:00+00:00,15.029999732971191,15.029999732971191,14.979999542236328,14.979999542236328,130396,0.0,0.0,0.0
2026-03-13 01:45:00+00:00,15.010000228881836,15.010000228881836,15.010000228881836,15.010000228881836,2113,0.0,0.0,0.0
2026-03-13 01:55:00+00:00,15.0,15.010000228881836,15.0,15.010000228881836,11069,0.0,0.0,0.0
2026-03-13 02:00:00+00:00,15.010000228881836,15.029999732971191,14.989999771118164,14.989999771118164,54550,0.0,0.0,0.0
2026-03-13 02:05:00+00:00,15.0,15.029999732971191,15.0,15.029999732971191,6300,0.0,0.0,0.0
2026-03-13 02:10:00+00:00,15.029999732971191,15.029999732971191,15.029999732971191,15.029999732971191,1000,0.0,0.0,0.0
2026-03-13 02:15:00+00:00,15.029999732971191,15.029999732971191,15.020000457763672,15.020000457763672,2117,0.0,0.0,0.0
2026-03-13 02:20:00+00:00,15.0,15.0,15.0,15.0,11100,0.0,0.0,0.0
2026-03-13 02:25:00+00:00,15.0,15.0,14.989999771118164,14.989999771118164,19333,0.0,0.0,0.0
2026-03-13 02:30:00+00:00,15.0,15.0,15.0,15.0,1899,0.0,0.0,0.0
2026-03-13 02:45:00+00:00,15.0,15.0,15.0,15.0,1194,0.0,0.0,0.0
2026-03-13 02:50:00+00:00,14.989999771118164,14.989999771118164,14.979999542236328,14.979999542236328,16333,0.0,0.0,0.0
2026-03-13 02:55:00+00:00,14.979999542236328,14.979999542236328,14.970000267028809,14.970000267028809,11017,0.0,0.0,0.0
2026-03-13 03:10:00+00:00,14.979999542236328,14.979999542236328,14.970000267028809,14.970000267028809,22086,0.0,0.0,0.0
2026-03-13 03:15:00+00:00,14.960000038146973,14.960000038146973,14.960000038146973,14.960000038146973,21080,0.0,0.0,0.0
2026-03-13 03:20:00+00:00,14.960000038146973,14.960000038146973,14.960000038146973,14.960000038146973,1000,0.0,0.0,0.0
2026-03-13 03:25:00+00:00,14.979999542236328,14.979999542236328,14.979999542236328,14.979999542236328,14000,0.0,0.0,0.0
2026-03-13 03:30:00+00:00,14.970000267028809,14.970000267028809,14.970000267028809,14.970000267028809,1050,0.0,0.0,0.0
2026-03-13 03:35:00+00:00,14.970000267028809,14.970000267028809,14.960000038146973,14.960000038146973,34987,0.0,0.0,0.0
2026-03-13 03:40:00+00:00,14.970000267028809,14.970000267028809,14.970000267028809,14.970000267028809,10200,0.0,0.0,0.0
2026-03-13 03:50:00+00:00,14.970000267028809,14.979999542236328,14.970000267028809,14.979999542236328,9520,0.0,0.0,0.0
2026-03-13 04:00:00+00:00,14.979999542236328,14.989999771118164,14.979999542236328,14.989999771118164,105010,0.0,0.0,0.0
2026-03-13 04:05:00+00:00,14.970000267028809,14.970000267028809,14.970000267028809,14.970000267028809,3126,0.0,0.0,0.0
2026-03-13 04:15:00+00:00,14.979999542236328,14.979999542236328,14.979999542236328,14.979999542236328,1000,0.0,0.0,0.0
2026-03-13 04:20:00+00:00,14.979999542236328,14.979999542236328,14.960000038146973,14.979999542236328,136060,0.0,0.0,0.0
2026-03-13 04:25:00+00:00,14.949999809265137,14.970000267028809,14.949999809265137,14.970000267028809,53386,0.0,0.0,0.0
2026-03-13 04:30:00+00:00,14.970000267028809,14.970000267028809,14.960000038146973,14.960000038146973,9251,0.0,0.0,0.0
2026-03-13 04:35:00+00:00,14.960000038146973,14.960000038146973,14.960000038146973,14.960000038146973,1289,0.0,0.0,0.0
2026-03-13 04:45:00+00:00,14.989999771118164,15.0,14.989999771118164,15.0,11000,0.0,0.0,0.0
2026-03-13 05:00:00+00:00,14.989999771118164,14.989999771118164,14.970000267028809,14.970000267028809,4000,0.0,0.0,0.0
2026-03-13 05:10:00+00:00,14.970000267028809,14.970000267028809,14.970000267028809,14.970000267028809,13300,0.0,0.0,0.0
2026-03-13 05:15:00+00:00,14.970000267028809,14.970000267028809,14.970000267028809,14.970000267028809,1948,0.0,0.0,0.0
2026-03-16 01:00:00+00:00,15.09000015258789,15.100000381469727,15.09000015258789,15.09000015258789,0,0.0,0.0,0.0
2026-03-16 01:05:00+00:00,15.069999694824219,15.069999694824219,15.069999694824219,15.069999694824219,3003,0.0,0.0,0.0
2026-03-16 01:10:00+00:00,15.0600004196167,15.0600004196167,15.029999732971191,15.029999732971191,5250,0.0,0.0,0.0
2026-03-16 01:15:00+00:00,15.029999732971191,15.029999732971191,15.010000228881836,15.010000228881836,71493,0.0,0.0,0.0
2026-03-16 01:20:00+00:00,15.050000190734863,15.069999694824219,15.050000190734863,15.069999694824219,26225,0.0,0.0,0.0
2026-03-16 01:25:00+00:00,15.010000228881836,15.010000228881836,15.010000228881836,15.010000228881836,5980,0.0,0.0,0.0
2026-03-16 01:30:00+00:00,15.029999732971191,15.029999732971191,14.989999771118164,14.989999771118164,8115,0.0,0.0,0.0
2026-03-16 01:35:00+00:00,15.0,15.029999732971191,15.0,15.029999732971191,11583,0.0,0.0,0.0
2026-03-16 01:40:00+00:00,15.039999961853027,15.039999961853027,15.029999732971191,15.029999732971191,23000,0.0,0.0,0.0
2026-03-16 01:45:00+00:00,15.050000190734863,15.079999923706055,15.050000190734863,15.079999923706055,17100,0.0,0.0,0.0
2026-03-16 01:50:00+00:00,15.09000015258789,15.100000381469727,15.09000015258789,15.09000015258789,8000,0.0,0.0,0.0
2026-03-16 01:55:00+00:00,15.109999656677246,15.109999656677246,15.109999656677246,15.109999656677246,1300,0.0,0.0,0.0
2026-03-16 02:00:00+00:00,15.109999656677246,15.109999656677246,15.109999656677246,15.109999656677246,8109,0.0,0.0,0.0
2026-03-16 02:10:00+00:00,15.100000381469727,15.100000381469727,15.100000381469727,15.100000381469727,3000,0.0,0.0,0.0
2026-03-16 02:15:00+00:00,15.119999885559082,15.119999885559082,15.119999885559082,15.119999885559082,1109,0.0,0.0,0.0
2026-03-16 02:20:00+00:00,15.100000381469727,15.100000381469727,15.100000381469727,15.100000381469727,1210,0.0,0.0,0.0
2026-03-16 02:25:00+00:00,15.079999923706055,15.079999923706055,15.079999923706055,15.079999923706055,1141,0.0,0.0,0.0
2026-03-16 02:30:00+00:00,15.100000381469727,15.100000381469727,15.100000381469727,15.100000381469727,1100,0.0,0.0,0.0
2026-03-16 02:35:00+00:00,15.069999694824219,15.069999694824219,15.029999732971191,15.029999732971191,3435,0.0,0.0,0.0
2026-03-16 02:45:00+00:00,15.050000190734863,15.050000190734863,15.050000190734863,15.050000190734863,153173,0.0,0.0,0.0
2026-03-16 02:50:00+00:00,15.050000190734863,15.0600004196167,15.050000190734863,15.0600004196167,68000,0.0,0.0,0.0
2026-03-16 02:55:00+00:00,15.079999923706055,15.079999923706055,15.079999923706055,15.079999923706055,121090,0.0,0.0,0.0
2026-03-16 03:00:00+00:00,15.079999923706055,15.079999923706055,15.079999923706055,15.079999923706055,80209,0.0,0.0,0.0
2026-03-16 03:05:00+00:00,15.079999923706055,15.079999923706055,15.079999923706055,15.079999923706055,1092,0.0,0.0,0.0
2026-03-16 03:15:00+00:00,15.100000381469727,15.100000381469727,15.100000381469727,15.100000381469727,1204,0.0,0.0,0.0
2026-03-16 03:20:00+00:00,15.079999923706055,15.079999923706055,15.079999923706055,15.079999923706055,3554,0.0,0.0,0.0
2026-03-16 03:25:00+00:00,15.09000015258789,15.100000381469727,15.09000015258789,15.100000381469727,12000,0.0,0.0,0.0
2026-03-16 03:30:00+00:00,15.100000381469727,15.119999885559082,15.100000381469727,15.119999885559082,275387,0.0,0.0,0.0
2026-03-16 03:35:00+00:00,15.130000114440918,15.130000114440918,15.130000114440918,15.130000114440918,8134,0.0,0.0,0.0
2026-03-16 03:45:00+00:00,15.140000343322754,15.149999618530273,15.140000343322754,15.149999618530273,10439,0.0,0.0,0.0
2026-03-16 03:55:00+00:00,15.140000343322754,15.140000343322754,15.140000343322754,15.140000343322754,2111,0.0,0.0,0.0
2026-03-16 04:05:00+00:00,15.140000343322754,15.140000343322754,15.140000343322754,15.140000343322754,1423,0.0,0.0,0.0
2026-03-16 04:30:00+00:00,15.140000343322754,15.140000343322754,15.119999885559082,15.119999885559082,7209,0.0,0.0,0.0
2026-03-16 04:35:00+00:00,15.119999885559082,15.119999885559082,15.119999885559082,15.119999885559082,4811,0.0,0.0,0.0
2026-03-16 04:45:00+00:00,15.100000381469727,15.100000381469727,15.069999694824219,15.069999694824219,13400,0.0,0.0,0.0
2026-03-16 04:50:00+00:00,15.069999694824219,15.069999694824219,15.069999694824219,15.069999694824219,2635,0.0,0.0,0.0
2026-03-16 05:00:00+00:00,15.100000381469727,15.100000381469727,15.100000381469727,15.100000381469727,1000,0.0,0.0,0.0
2026-03-16 05:05:00+00:00,15.100000381469727,15.109999656677246,15.100000381469727,15.109999656677246,8000,0.0,0.0,0.0
2026-03-16 05:15:00+00:00,15.109999656677246,15.109999656677246,15.109999656677246,15.109999656677246,1142,0.0,0.0,0.0
2026-03-16 05:20:00+00:00,15.100000381469727,15.100000381469727,15.100000381469727,15.100000381469727,4220,0.0,0.0,0.0
2026-03-17 01:00:00+00:00,15.109999656677246,15.109999656677246,15.109999656677246,15.109999656677246,0,0.0,0.0,0.0
2026-03-17 01:05:00+00:00,15.109999656677246,15.109999656677246,15.109999656677246,15.109999656677246,2588,0.0,0.0,0.0
2026-03-17 01:10:00+00:00,15.109999656677246,15.130000114440918,15.109999656677246,15.130000114440918,13040,0.0,0.0,0.0
2026-03-17 01:15:00+00:00,15.109999656677246,15.109999656677246,15.109999656677246,15.109999656677246,5100,0.0,0.0,0.0
2026-03-17 01:20:00+00:00,15.109999656677246,15.109999656677246,15.109999656677246,15.109999656677246,6000,0.0,0.0,0.0
2026-03-17 01:25:00+00:00,15.109999656677246,15.130000114440918,15.109999656677246,15.119999885559082,117056,0.0,0.0,0.0
2026-03-17 01:30:00+00:00,15.119999885559082,15.130000114440918,15.119999885559082,15.130000114440918,152265,0.0,0.0,0.0
2026-03-17 01:35:00+00:00,15.130000114440918,15.130000114440918,15.130000114440918,15.130000114440918,1000,0.0,0.0,0.0
2026-03-17 01:40:00+00:00,15.109999656677246,15.109999656677246,15.079999923706055,15.079999923706055,20089,0.0,0.0,0.0
2026-03-17 01:45:00+00:00,15.079999923706055,15.079999923706055,15.079999923706055,15.079999923706055,101627,0.0,0.0,0.0
2026-03-17 01:50:00+00:00,15.079999923706055,15.079999923706055,15.079999923706055,15.079999923706055,2000,0.0,0.0,0.0
2026-03-17 01:55:00+00:00,15.079999923706055,15.09000015258789,15.079999923706055,15.09000015258789,5541,0.0,0.0,0.0
2026-03-17 02:00:00+00:00,15.09000015258789,15.09000015258789,15.09000015258789,15.09000015258789,11999,0.0,0.0,0.0
2026-03-17 02:10:00+00:00,15.09000015258789,15.09000015258789,15.09000015258789,15.09000015258789,10000,0.0,0.0,0.0
2026-03-17 02:15:00+00:00,15.09000015258789,15.09000015258789,15.09000015258789,15.09000015258789,15300,0.0,0.0,0.0
2026-03-17 02:20:00+00:00,15.100000381469727,15.100000381469727,15.09000015258789,15.09000015258789,7119,0.0,0.0,0.0
2026-03-17 02:25:00+00:00,15.09000015258789,15.09000015258789,15.09000015258789,15.09000015258789,2000,0.0,0.0,0.0
2026-03-17 02:30:00+00:00,15.09000015258789,15.09000015258789,15.09000015258789,15.09000015258789,2195,0.0,0.0,0.0
2026-03-17 02:35:00+00:00,15.09000015258789,15.09000015258789,15.09000015258789,15.09000015258789,1000,0.0,0.0,0.0
2026-03-17 02:40:00+00:00,15.09000015258789,15.09000015258789,15.09000015258789,15.09000015258789,1140,0.0,0.0,0.0
2026-03-17 02:45:00+00:00,15.09000015258789,15.09000015258789,15.09000015258789,15.09000015258789,20050,0.0,0.0,0.0
2026-03-17 02:55:00+00:00,15.079999923706055,15.079999923706055,15.079999923706055,15.079999923706055,8200,0.0,0.0,0.0
2026-03-17 03:00:00+00:00,15.079999923706055,15.079999923706055,15.079999923706055,15.079999923706055,10016,0.0,0.0,0.0
2026-03-17 03:05:00+00:00,15.079999923706055,15.079999923706055,15.079999923706055,15.079999923706055,1000,0.0,0.0,0.0
2026-03-17 03:10:00+00:00,15.09000015258789,15.109999656677246,15.09000015258789,15.109999656677246,37000,0.0,0.0,0.0
2026-03-17 03:15:00+00:00,15.119999885559082,15.119999885559082,15.119999885559082,15.119999885559082,23000,0.0,0.0,0.0
2026-03-17 03:30:00+00:00,15.109999656677246,15.109999656677246,15.109999656677246,15.109999656677246,1074,0.0,0.0,0.0
2026-03-17 03:35:00+00:00,15.100000381469727,15.100000381469727,15.100000381469727,15.100000381469727,1000,0.0,0.0,0.0
2026-03-17 03:45:00+00:00,15.100000381469727,15.100000381469727,15.09000015258789,15.09000015258789,11100,0.0,0.0,0.0
2026-03-17 03:50:00+00:00,15.09000015258789,15.09000015258789,15.09000015258789,15.09000015258789,5000,0.0,0.0,0.0
2026-03-17 04:00:00+00:00,15.09000015258789,15.09000015258789,15.09000015258789,15.09000015258789,21000,0.0,0.0,0.0
2026-03-17 04:10:00+00:00,15.109999656677246,15.109999656677246,15.100000381469727,15.100000381469727,9000,0.0,0.0,0.0
2026-03-17 04:20:00+00:00,15.100000381469727,15.100000381469727,15.100000381469727,15.100000381469727,6379,0.0,0.0,0.0
2026-03-17 04:25:00+00:00,15.100000381469727,15.100000381469727,15.100000381469727,15.100000381469727,2100,0.0,0.0,0.0
2026-03-17 04:30:00+00:00,15.119999885559082,15.119999885559082,15.100000381469727,15.100000381469727,24008,0.0,0.0,0.0
2026-03-17 04:35:00+00:00,15.100000381469727,15.119999885559082,15.100000381469727,15.119999885559082,121030,0.0,0.0,0.0
2026-03-17 04:50:00+00:00,15.109999656677246,15.109999656677246,15.109999656677246,15.109999656677246,2000,0.0,0.0,0.0
2026-03-17 05:00:00+00:00,15.109999656677246,15.109999656677246,15.109999656677246,15.109999656677246,1154,0.0,0.0,0.0
2026-03-17 05:05:00+00:00,15.109999656677246,15.109999656677246,15.109999656677246,15.109999656677246,6010,0.0,0.0,0.0
2026-03-17 05:10:00+00:00,15.109999656677246,15.109999656677246,15.109999656677246,15.109999656677246,10000,0.0,0.0,0.0
2026-03-17 05:15:00+00:00,15.109999656677246,15.119999885559082,15.109999656677246,15.119999885559082,31166,0.0,0.0,0.0
2026-03-17 05:20:00+00:00,15.130000114440918,15.130000114440918,15.119999885559082,15.130000114440918,76230,0.0,0.0,0.0
2026-03-18 01:00:00+00:00,15.199999809265137,15.210000038146973,15.199999809265137,15.210000038146973,0,0.0,0.0,0.0
2026-03-18 01:05:00+00:00,15.229999542236328,15.229999542236328,15.220000267028809,15.229999542236328,15328,0.0,0.0,0.0
2026-03-18 01:10:00+00:00,15.220000267028809,15.239999771118164,15.220000267028809,15.239999771118164,5863,0.0,0.0,0.0
2026-03-18 01:15:00+00:00,15.239999771118164,15.239999771118164,15.229999542236328,15.229999542236328,26007,0.0,0.0,0.0
2026-03-18 01:20:00+00:00,15.220000267028809,15.229999542236328,15.220000267028809,15.229999542236328,38874,0.0,0.0,0.0
2026-03-18 01:25:00+00:00,15.220000267028809,15.220000267028809,15.199999809265137,15.210000038146973,7147,0.0,0.0,0.0
2026-03-18 01:30:00+00:00,15.210000038146973,15.210000038146973,15.210000038146973,15.210000038146973,4547,0.0,0.0,0.0
2026-03-18 01:35:00+00:00,15.210000038146973,15.210000038146973,15.210000038146973,15.210000038146973,1337,0.0,0.0,0.0
2026-03-18 01:45:00+00:00,15.210000038146973,15.210000038146973,15.210000038146973,15.210000038146973,4000,0.0,0.0,0.0
2026-03-18 01:50:00+00:00,15.210000038146973,15.220000267028809,15.210000038146973,15.220000267028809,11007,0.0,0.0,0.0
2026-03-18 01:55:00+00:00,15.199999809265137,15.210000038146973,15.199999809265137,15.210000038146973,2143,0.0,0.0,0.0
2026-03-18 02:00:00+00:00,15.199999809265137,15.199999809265137,15.180000305175781,15.180000305175781,39070,0.0,0.0,0.0
2026-03-18 02:05:00+00:00,15.130000114440918,15.130000114440918,15.119999885559082,15.119999885559082,3200,0.0,0.0,0.0
2026-03-18 02:10:00+00:00,15.140000343322754,15.149999618530273,15.140000343322754,15.149999618530273,8007,0.0,0.0,0.0
2026-03-18 02:15:00+00:00,15.140000343322754,15.140000343322754,15.140000343322754,15.140000343322754,5007,0.0,0.0,0.0
2026-03-18 02:20:00+00:00,15.140000343322754,15.140000343322754,15.140000343322754,15.140000343322754,50918,0.0,0.0,0.0
2026-03-18 02:30:00+00:00,15.140000343322754,15.140000343322754,15.140000343322754,15.140000343322754,5065,0.0,0.0,0.0
2026-03-18 02:35:00+00:00,15.140000343322754,15.140000343322754,15.140000343322754,15.140000343322754,4000,0.0,0.0,0.0
2026-03-18 02:40:00+00:00,15.140000343322754,15.149999618530273,15.140000343322754,15.140000343322754,5023,0.0,0.0,0.0
2026-03-18 02:50:00+00:00,15.149999618530273,15.149999618530273,15.149999618530273,15.149999618530273,6014,0.0,0.0,0.0
2026-03-18 02:55:00+00:00,15.149999618530273,15.149999618530273,15.149999618530273,15.149999618530273,5000,0.0,0.0,0.0
2026-03-18 03:00:00+00:00,15.140000343322754,15.140000343322754,15.140000343322754,15.140000343322754,10350,0.0,0.0,0.0
2026-03-18 03:10:00+00:00,15.140000343322754,15.140000343322754,15.140000343322754,15.140000343322754,1080,0.0,0.0,0.0
2026-03-18 03:15:00+00:00,15.140000343322754,15.140000343322754,15.140000343322754,15.140000343322754,2013,0.0,0.0,0.0
2026-03-18 03:20:00+00:00,15.140000343322754,15.140000343322754,15.140000343322754,15.140000343322754,2000,0.0,0.0,0.0
2026-03-18 03:25:00+00:00,15.149999618530273,15.149999618530273,15.149999618530273,15.149999618530273,64000,0.0,0.0,0.0
2026-03-18 03:30:00+00:00,15.149999618530273,15.149999618530273,15.149999618530273,15.149999618530273,1000,0.0,0.0,0.0
2026-03-18 03:35:00+00:00,15.149999618530273,15.149999618530273,15.149999618530273,15.149999618530273,2107,0.0,0.0,0.0
2026-03-18 03:50:00+00:00,15.149999618530273,15.149999618530273,15.149999618530273,15.149999618530273,1000,0.0,0.0,0.0
2026-03-18 03:55:00+00:00,15.15999984741211,15.15999984741211,15.149999618530273,15.149999618530273,11423,0.0,0.0,0.0
2026-03-18 04:05:00+00:00,15.149999618530273,15.149999618530273,15.149999618530273,15.149999618530273,2050,0.0,0.0,0.0
2026-03-18 04:10:00+00:00,15.149999618530273,15.149999618530273,15.149999618530273,15.149999618530273,1000,0.0,0.0,0.0
2026-03-18 04:15:00+00:00,15.140000343322754,15.149999618530273,15.140000343322754,15.149999618530273,12069,0.0,0.0,0.0
2026-03-18 04:30:00+00:00,15.149999618530273,15.149999618530273,15.149999618530273,15.149999618530273,109000,0.0,0.0,0.0
2026-03-18 04:40:00+00:00,15.149999618530273,15.15999984741211,15.149999618530273,15.15999984741211,101000,0.0,0.0,0.0
2026-03-18 04:45:00+00:00,15.15999984741211,15.15999984741211,15.15999984741211,15.15999984741211,1000,0.0,0.0,0.0
2026-03-18 04:50:00+00:00,15.15999984741211,15.15999984741211,15.15999984741211,15.15999984741211,14002,0.0,0.0,0.0
2026-03-18 05:00:00+00:00,15.170000076293945,15.180000305175781,15.170000076293945,15.180000305175781,39204,0.0,0.0,0.0
2026-03-18 05:05:00+00:00,15.180000305175781,15.180000305175781,15.170000076293945,15.170000076293945,8000,0.0,0.0,0.0
2026-03-18 05:10:00+00:00,15.170000076293945,15.170000076293945,15.170000076293945,15.170000076293945,4003,0.0,0.0,0.0
2026-03-18 05:15:00+00:00,15.180000305175781,15.1899995803833,15.180000305175781,15.1899995803833,6288,0.0,0.0,0.0
2026-03-18 05:20:00+00:00,15.1899995803833,15.1899995803833,15.1899995803833,15.1899995803833,3999,0.0,0.0,0.0
2026-03-19 01:00:00+00:00,15.09000015258789,15.09000015258789,15.09000015258789,15.09000015258789,0,0.0,0.0,0.0
2026-03-19 01:05:00+00:00,15.079999923706055,15.079999923706055,15.039999961853027,15.039999961853027,11873,0.0,0.0,0.0
2026-03-19 01:10:00+00:00,15.039999961853027,15.039999961853027,15.0,15.0,25712,0.0,0.0,0.0
2026-03-19 01:15:00+00:00,14.989999771118164,14.989999771118164,14.989999771118164,14.989999771118164,8293,0.0,0.0,0.0
2026-03-19 01:20:00+00:00,14.989999771118164,14.989999771118164,14.979999542236328,14.979999542236328,14760,0.0,0.0,0.0
2026-03-19 01:25:00+00:00,14.979999542236328,14.979999542236328,14.979999542236328,14.979999542236328,13334,0.0,0.0,0.0
2026-03-19 01:30:00+00:00,15.0,15.0,14.979999542236328,14.979999542236328,9287,0.0,0.0,0.0
2026-03-19 01:35:00+00:00,14.979999542236328,15.0,14.979999542236328,15.0,80000,0.0,0.0,0.0
2026-03-19 01:45:00+00:00,15.020000457763672,15.020000457763672,15.020000457763672,15.020000457763672,1530,0.0,0.0,0.0
2026-03-19 01:50:00+00:00,15.0,15.0,15.0,15.0,6095,0.0,0.0,0.0
2026-03-19 02:00:00+00:00,15.010000228881836,15.010000228881836,14.989999771118164,14.989999771118164,166010,0.0,0.0,0.0
2026-03-19 02:05:00+00:00,15.0,15.0,15.0,15.0,1000,0.0,0.0,0.0
2026-03-19 02:10:00+00:00,15.010000228881836,15.010000228881836,15.0,15.0,6000,0.0,0.0,0.0
2026-03-19 02:15:00+00:00,15.020000457763672,15.020000457763672,15.0,15.0,16378,0.0,0.0,0.0
2026-03-19 02:35:00+00:00,15.020000457763672,15.020000457763672,15.020000457763672,15.020000457763672,4000,0.0,0.0,0.0
2026-03-19 02:40:00+00:00,15.010000228881836,15.010000228881836,15.010000228881836,15.010000228881836,25630,0.0,0.0,0.0
2026-03-19 02:45:00+00:00,15.010000228881836,15.010000228881836,15.010000228881836,15.010000228881836,6110,0.0,0.0,0.0
2026-03-19 02:50:00+00:00,15.0,15.0,15.0,15.0,31000,0.0,0.0,0.0
2026-03-19 02:55:00+00:00,15.0,15.0,15.0,15.0,2650,0.0,0.0,0.0
2026-03-19 03:00:00+00:00,15.0,15.0,14.989999771118164,14.989999771118164,101550,0.0,0.0,0.0
2026-03-19 03:05:00+00:00,14.989999771118164,14.989999771118164,14.989999771118164,14.989999771118164,5010,0.0,0.0,0.0
2026-03-19 03:10:00+00:00,14.989999771118164,14.989999771118164,14.979999542236328,14.979999542236328,68000,0.0,0.0,0.0
2026-03-19 03:15:00+00:00,15.0,15.0,14.979999542236328,14.979999542236328,4100,0.0,0.0,0.0
2026-03-19 03:20:00+00:00,14.979999542236328,14.979999542236328,14.979999542236328,14.979999542236328,4930,0.0,0.0,0.0
2026-03-19 03:25:00+00:00,14.979999542236328,14.979999542236328,14.970000267028809,14.970000267028809,59512,0.0,0.0,0.0
2026-03-19 03:30:00+00:00,14.960000038146973,14.960000038146973,14.960000038146973,14.960000038146973,64000,0.0,0.0,0.0
2026-03-19 03:35:00+00:00,14.970000267028809,14.970000267028809,14.970000267028809,14.970000267028809,11681,0.0,0.0,0.0
2026-03-19 03:40:00+00:00,14.970000267028809,14.970000267028809,14.970000267028809,14.970000267028809,1000,0.0,0.0,0.0
2026-03-19 03:45:00+00:00,14.970000267028809,14.970000267028809,14.970000267028809,14.970000267028809,3329,0.0,0.0,0.0
2026-03-19 03:50:00+00:00,14.960000038146973,14.960000038146973,14.960000038146973,14.960000038146973,20047,0.0,0.0,0.0
2026-03-19 03:55:00+00:00,14.960000038146973,14.960000038146973,14.949999809265137,14.949999809265137,16227,0.0,0.0,0.0
2026-03-19 04:00:00+00:00,14.949999809265137,14.949999809265137,14.9399995803833,14.9399995803833,106918,0.0,0.0,0.0
2026-03-19 04:05:00+00:00,14.9399995803833,14.9399995803833,14.9399995803833,14.9399995803833,2653,0.0,0.0,0.0
2026-03-19 04:10:00+00:00,14.930000305175781,14.930000305175781,14.930000305175781,14.930000305175781,242333,0.0,0.0,0.0
2026-03-19 04:20:00+00:00,14.949999809265137,14.949999809265137,14.949999809265137,14.949999809265137,1105,0.0,0.0,0.0
2026-03-19 04:25:00+00:00,14.949999809265137,14.949999809265137,14.930000305175781,14.949999809265137,17512,0.0,0.0,0.0
2026-03-19 04:30:00+00:00,14.949999809265137,14.949999809265137,14.949999809265137,14.949999809265137,1349,0.0,0.0,0.0
2026-03-19 04:40:00+00:00,14.949999809265137,14.949999809265137,14.9399995803833,14.9399995803833,9206,0.0,0.0,0.0
2026-03-19 04:45:00+00:00,14.9399995803833,14.9399995803833,14.9399995803833,14.9399995803833,2000,0.0,0.0,0.0
2026-03-19 04:50:00+00:00,14.930000305175781,14.930000305175781,14.930000305175781,14.930000305175781,3203,0.0,0.0,0.0
2026-03-19 05:00:00+00:00,14.930000305175781,14.949999809265137,14.930000305175781,14.949999809265137,31077,0.0,0.0,0.0
2026-03-19 05:05:00+00:00,14.949999809265137,14.949999809265137,14.949999809265137,14.949999809265137,5075,0.0,0.0,0.0
2026-03-19 05:10:00+00:00,14.949999809265137,14.949999809265137,14.949999809265137,14.949999809265137,25014,0.0,0.0,0.0
2026-03-19 05:15:00+00:00,14.949999809265137,14.949999809265137,14.9399995803833,14.9399995803833,10766,0.0,0.0,0.0
2026-03-19 05:20:00+00:00,14.949999809265137,14.949999809265137,14.949999809265137,14.949999809265137,10305,0.0,0.0,0.0
2026-03-20 01:00:00+00:00,14.930000305175781,14.930000305175781,14.930000305175781,14.930000305175781,0,0.0,0.0,0.0
2026-03-20 01:05:00+00:00,14.90999984741211,14.90999984741211,14.890000343322754,14.890000343322754,57003,0.0,0.0,0.0
2026-03-20 01:10:00+00:00,14.899999618530273,14.899999618530273,14.899999618530273,14.899999618530273,15276,0.0,0.0,0.0
2026-03-20 01:15:00+00:00,14.890000343322754,14.899999618530273,14.859999656677246,14.859999656677246,67402,0.0,0.0,0.0
2026-03-20 01:20:00+00:00,14.850000381469727,14.859999656677246,14.850000381469727,14.859999656677246,74869,0.0,0.0,0.0
2026-03-20 01:25:00+00:00,14.880000114440918,14.880000114440918,14.880000114440918,14.880000114440918,1030,0.0,0.0,0.0
2026-03-20 01:30:00+00:00,14.899999618530273,14.899999618530273,14.890000343322754,14.899999618530273,4637,0.0,0.0,0.0
2026-03-20 01:35:00+00:00,14.899999618530273,14.960000038146973,14.899999618530273,14.960000038146973,71550,0.0,0.0,0.0
2026-03-20 01:40:00+00:00,14.9399995803833,14.949999809265137,14.9399995803833,14.9399995803833,12200,0.0,0.0,0.0
2026-03-20 01:45:00+00:00,14.930000305175781,14.930000305175781,14.90999984741211,14.90999984741211,2845,0.0,0.0,0.0
2026-03-20 01:50:00+00:00,14.920000076293945,14.920000076293945,14.920000076293945,14.920000076293945,2350,0.0,0.0,0.0
2026-03-20 01:55:00+00:00,14.90999984741211,14.90999984741211,14.90999984741211,14.90999984741211,16100,0.0,0.0,0.0
2026-03-20 02:00:00+00:00,14.899999618530273,14.899999618530273,14.899999618530273,14.899999618530273,4659,0.0,0.0,0.0
2026-03-20 02:05:00+00:00,14.899999618530273,14.899999618530273,14.899999618530273,14.899999618530273,14114,0.0,0.0,0.0
2026-03-20 02:10:00+00:00,14.899999618530273,14.899999618530273,14.899999618530273,14.899999618530273,3000,0.0,0.0,0.0
2026-03-20 02:15:00+00:00,14.899999618530273,14.899999618530273,14.899999618530273,14.899999618530273,1390,0.0,0.0,0.0
2026-03-20 02:20:00+00:00,14.90999984741211,14.90999984741211,14.90999984741211,14.90999984741211,5100,0.0,0.0,0.0
2026-03-20 02:30:00+00:00,14.90999984741211,14.90999984741211,14.90999984741211,14.90999984741211,6254,0.0,0.0,0.0
2026-03-20 02:35:00+00:00,14.899999618530273,14.90999984741211,14.899999618530273,14.90999984741211,21015,0.0,0.0,0.0
2026-03-20 02:40:00+00:00,14.899999618530273,14.899999618530273,14.899999618530273,14.899999618530273,1485,0.0,0.0,0.0
2026-03-20 02:45:00+00:00,14.90999984741211,14.90999984741211,14.90999984741211,14.90999984741211,12248,0.0,0.0,0.0
2026-03-20 02:50:00+00:00,14.90999984741211,14.90999984741211,14.90999984741211,14.90999984741211,2327,0.0,0.0,0.0
2026-03-20 02:55:00+00:00,14.899999618530273,14.899999618530273,14.899999618530273,14.899999618530273,10931,0.0,0.0,0.0
2026-03-20 03:00:00+00:00,14.899999618530273,14.899999618530273,14.899999618530273,14.899999618530273,1050,0.0,0.0,0.0
2026-03-20 03:15:00+00:00,14.899999618530273,14.90999984741211,14.899999618530273,14.899999618530273,12026,0.0,0.0,0.0
2026-03-20 03:20:00+00:00,14.899999618530273,14.899999618530273,14.899999618530273,14.899999618530273,3100,0.0,0.0,0.0
2026-03-20 03:25:00+00:00,14.890000343322754,14.890000343322754,14.890000343322754,14.890000343322754,28115,0.0,0.0,0.0
2026-03-20 03:30:00+00:00,14.890000343322754,14.899999618530273,14.890000343322754,14.890000343322754,9230,0.0,0.0,0.0
2026-03-20 03:35:00+00:00,14.880000114440918,14.880000114440918,14.869999885559082,14.869999885559082,57222,0.0,0.0,0.0
2026-03-20 03:40:00+00:00,14.869999885559082,14.869999885559082,14.859999656677246,14.859999656677246,7120,0.0,0.0,0.0
2026-03-20 03:45:00+00:00,14.859999656677246,14.859999656677246,14.859999656677246,14.859999656677246,33617,0.0,0.0,0.0
2026-03-20 03:50:00+00:00,14.859999656677246,14.859999656677246,14.850000381469727,14.850000381469727,66704,0.0,0.0,0.0
2026-03-20 03:55:00+00:00,14.859999656677246,14.869999885559082,14.859999656677246,14.869999885559082,22000,0.0,0.0,0.0
2026-03-20 04:00:00+00:00,14.859999656677246,14.869999885559082,14.859999656677246,14.869999885559082,9000,0.0,0.0,0.0
2026-03-20 04:05:00+00:00,14.859999656677246,14.859999656677246,14.859999656677246,14.859999656677246,14100,0.0,0.0,0.0
2026-03-20 04:15:00+00:00,14.859999656677246,14.859999656677246,14.859999656677246,14.859999656677246,4599,0.0,0.0,0.0
2026-03-20 04:20:00+00:00,14.859999656677246,14.859999656677246,14.859999656677246,14.859999656677246,1000,0.0,0.0,0.0
2026-03-20 04:25:00+00:00,14.869999885559082,14.869999885559082,14.869999885559082,14.869999885559082,6000,0.0,0.0,0.0
2026-03-20 04:30:00+00:00,14.869999885559082,14.869999885559082,14.869999885559082,14.869999885559082,6000,0.0,0.0,0.0
2026-03-20 04:35:00+00:00,14.880000114440918,14.880000114440918,14.880000114440918,14.880000114440918,11312,0.0,0.0,0.0
2026-03-20 04:40:00+00:00,14.880000114440918,14.880000114440918,14.880000114440918,14.880000114440918,5220,0.0,0.0,0.0
2026-03-20 04:50:00+00:00,14.880000114440918,14.880000114440918,14.880000114440918,14.880000114440918,24200,0.0,0.0,0.0
2026-03-20 04:55:00+00:00,14.880000114440918,14.880000114440918,14.880000114440918,14.880000114440918,1000,0.0,0.0,0.0
2026-03-20 05:00:00+00:00,14.880000114440918,14.880000114440918,14.880000114440918,14.880000114440918,15747,0.0,0.0,0.0
2026-03-20 05:05:00+00:00,14.880000114440918,14.880000114440918,14.880000114440918,14.880000114440918,6061,0.0,0.0,0.0
2026-03-20 05:10:00+00:00,14.880000114440918,14.880000114440918,14.880000114440918,14.880000114440918,5570,0.0,0.0,0.0
2026-03-20 05:15:00+00:00,14.880000114440918,14.880000114440918,14.880000114440918,14.880000114440918,15165,0.0,0.0,0.0
2026-03-20 05:20:00+00:00,14.880000114440918,14.890000343322754,14.880000114440918,14.890000343322754,256335,0.0,0.0,0.0
2026-03-23 01:00:00+00:00,14.619999885559082,14.640000343322754,14.579999923706055,14.600000381469727,0,0.0,0.0,0.0
2026-03-23 01:05:00+00:00,14.600000381469727,14.600000381469727,14.600000381469727,14.600000381469727,14734,0.0,0.0,0.0
2026-03-23 01:10:00+00:00,14.609999656677246,14.609999656677246,14.609999656677246,14.609999656677246,22854,0.0,0.0,0.0
2026-03-23 01:15:00+00:00,14.65999984741211,14.65999984741211,14.619999885559082,14.619999885559082,18470,0.0,0.0,0.0
2026-03-23 01:20:00+00:00,14.619999885559082,14.619999885559082,14.609999656677246,14.619999885559082,31061,0.0,0.0,0.0
2026-03-23 01:25:00+00:00,14.649999618530273,14.649999618530273,14.649999618530273,14.649999618530273,16282,0.0,0.0,0.0
2026-03-23 01:30:00+00:00,14.640000343322754,14.640000343322754,14.640000343322754,14.640000343322754,29906,0.0,0.0,0.0
2026-03-23 01:35:00+00:00,14.640000343322754,14.699999809265137,14.640000343322754,14.699999809265137,5137,0.0,0.0,0.0
2026-03-23 01:40:00+00:00,14.65999984741211,14.65999984741211,14.65999984741211,14.65999984741211,5200,0.0,0.0,0.0
2026-03-23 01:45:00+00:00,14.65999984741211,14.65999984741211,14.649999618530273,14.649999618530273,22430,0.0,0.0,0.0
2026-03-23 01:50:00+00:00,14.640000343322754,14.640000343322754,14.630000114440918,14.630000114440918,15638,0.0,0.0,0.0
2026-03-23 01:55:00+00:00,14.630000114440918,14.630000114440918,14.630000114440918,14.630000114440918,6214,0.0,0.0,0.0
2026-03-23 02:00:00+00:00,14.670000076293945,14.670000076293945,14.65999984741211,14.65999984741211,2958,0.0,0.0,0.0
2026-03-23 02:10:00+00:00,14.65999984741211,14.65999984741211,14.640000343322754,14.640000343322754,27301,0.0,0.0,0.0
2026-03-23 02:15:00+00:00,14.630000114440918,14.640000343322754,14.630000114440918,14.640000343322754,23703,0.0,0.0,0.0
2026-03-23 02:30:00+00:00,14.649999618530273,14.649999618530273,14.649999618530273,14.649999618530273,6107,0.0,0.0,0.0
2026-03-23 02:35:00+00:00,14.640000343322754,14.640000343322754,14.619999885559082,14.619999885559082,55211,0.0,0.0,0.0
2026-03-23 02:40:00+00:00,14.609999656677246,14.609999656677246,14.59000015258789,14.59000015258789,126130,0.0,0.0,0.0
2026-03-23 02:45:00+00:00,14.609999656677246,14.609999656677246,14.609999656677246,14.609999656677246,1000,0.0,0.0,0.0
2026-03-23 02:50:00+00:00,14.600000381469727,14.600000381469727,14.59000015258789,14.59000015258789,35831,0.0,0.0,0.0
2026-03-23 02:55:00+00:00,14.59000015258789,14.59000015258789,14.59000015258789,14.59000015258789,2668,0.0,0.0,0.0
2026-03-23 03:35:00+00:00,14.630000114440918,14.630000114440918,14.619999885559082,14.630000114440918,3007,0.0,0.0,0.0
2026-03-23 03:45:00+00:00,14.630000114440918,14.630000114440918,14.630000114440918,14.630000114440918,2180,0.0,0.0,0.0
2026-03-23 03:50:00+00:00,14.630000114440918,14.630000114440918,14.630000114440918,14.630000114440918,4760,0.0,0.0,0.0
2026-03-23 03:55:00+00:00,14.619999885559082,14.619999885559082,14.609999656677246,14.609999656677246,23715,0.0,0.0,0.0
2026-03-23 04:00:00+00:00,14.609999656677246,14.609999656677246,14.609999656677246,14.609999656677246,2371,0.0,0.0,0.0
2026-03-23 04:10:00+00:00,14.609999656677246,14.609999656677246,14.609999656677246,14.609999656677246,5000,0.0,0.0,0.0
2026-03-23 04:20:00+00:00,14.619999885559082,14.619999885559082,14.619999885559082,14.619999885559082,2012,0.0,0.0,0.0
2026-03-23 04:30:00+00:00,14.619999885559082,14.619999885559082,14.619999885559082,14.619999885559082,1523,0.0,0.0,0.0
2026-03-23 04:40:00+00:00,14.649999618530273,14.649999618530273,14.640000343322754,14.640000343322754,6190,0.0,0.0,0.0
2026-03-23 04:45:00+00:00,14.640000343322754,14.640000343322754,14.640000343322754,14.640000343322754,6200,0.0,0.0,0.0
2026-03-23 04:50:00+00:00,14.640000343322754,14.640000343322754,14.640000343322754,14.640000343322754,18126,0.0,0.0,0.0
2026-03-23 04:55:00+00:00,14.649999618530273,14.649999618530273,14.640000343322754,14.640000343322754,25989,0.0,0.0,0.0
2026-03-23 05:00:00+00:00,14.65999984741211,14.65999984741211,14.649999618530273,14.649999618530273,11010,0.0,0.0,0.0
2026-03-23 05:05:00+00:00,14.649999618530273,14.649999618530273,14.649999618530273,14.649999618530273,3725,0.0,0.0,0.0
2026-03-23 05:10:00+00:00,14.640000343322754,14.640000343322754,14.630000114440918,14.630000114440918,17360,0.0,0.0,0.0
2026-03-23 05:15:00+00:00,14.630000114440918,14.640000343322754,14.619999885559082,14.640000343322754,45133,0.0,0.0,0.0
2026-03-23 05:20:00+00:00,14.640000343322754,14.640000343322754,14.630000114440918,14.630000114440918,23671,0.0,0.0,0.0
2026-03-24 01:00:00+00:00,14.640000343322754,14.65999984741211,14.640000343322754,14.65999984741211,0,0.0,0.0,0.0
2026-03-24 01:05:00+00:00,14.699999809265137,14.699999809265137,14.699999809265137,14.699999809265137,4527,0.0,0.0,0.0
2026-03-24 01:10:00+00:00,14.670000076293945,14.699999809265137,14.670000076293945,14.699999809265137,3068,0.0,0.0,0.0
2026-03-24 01:15:00+00:00,14.699999809265137,14.699999809265137,14.699999809265137,14.699999809265137,1000,0.0,0.0,0.0
2026-03-24 01:20:00+00:00,14.699999809265137,14.720000267028809,14.699999809265137,14.720000267028809,3050,0.0,0.0,0.0
2026-03-24 01:25:00+00:00,14.729999542236328,14.729999542236328,14.720000267028809,14.720000267028809,41210,0.0,0.0,0.0
2026-03-24 01:30:00+00:00,14.720000267028809,14.720000267028809,14.699999809265137,14.699999809265137,22430,0.0,0.0,0.0
2026-03-24 01:35:00+00:00,14.6899995803833,14.6899995803833,14.6899995803833,14.6899995803833,2911,0.0,0.0,0.0
2026-03-24 01:40:00+00:00,14.670000076293945,14.670000076293945,14.649999618530273,14.649999618530273,67760,0.0,0.0,0.0
2026-03-24 01:45:00+00:00,14.649999618530273,14.649999618530273,14.649999618530273,14.649999618530273,9075,0.0,0.0,0.0
2026-03-24 01:50:00+00:00,14.640000343322754,14.640000343322754,14.619999885559082,14.619999885559082,8948,0.0,0.0,0.0
2026-03-24 01:55:00+00:00,14.649999618530273,14.649999618530273,14.649999618530273,14.649999618530273,150900,0.0,0.0,0.0
2026-03-24 02:00:00+00:00,14.619999885559082,14.619999885559082,14.609999656677246,14.619999885559082,123059,0.0,0.0,0.0
2026-03-24 02:10:00+00:00,14.619999885559082,14.619999885559082,14.619999885559082,14.619999885559082,1210,0.0,0.0,0.0
2026-03-24 02:15:00+00:00,14.619999885559082,14.630000114440918,14.619999885559082,14.630000114440918,37500,0.0,0.0,0.0
2026-03-24 02:25:00+00:00,14.6899995803833,14.6899995803833,14.6899995803833,14.6899995803833,1170,0.0,0.0,0.0
2026-03-24 02:30:00+00:00,14.670000076293945,14.680000305175781,14.670000076293945,14.680000305175781,5250,0.0,0.0,0.0
2026-03-24 02:35:00+00:00,14.699999809265137,14.699999809265137,14.699999809265137,14.699999809265137,3510,0.0,0.0,0.0
2026-03-24 02:40:00+00:00,14.699999809265137,14.699999809265137,14.699999809265137,14.699999809265137,1390,0.0,0.0,0.0
2026-03-24 02:45:00+00:00,14.699999809265137,14.720000267028809,14.699999809265137,14.720000267028809,17415,0.0,0.0,0.0
2026-03-24 03:05:00+00:00,14.699999809265137,14.699999809265137,14.699999809265137,14.699999809265137,2000,0.0,0.0,0.0
2026-03-24 03:10:00+00:00,14.699999809265137,14.699999809265137,14.6899995803833,14.6899995803833,42000,0.0,0.0,0.0
2026-03-24 03:15:00+00:00,14.6899995803833,14.6899995803833,14.6899995803833,14.6899995803833,4010,0.0,0.0,0.0
2026-03-24 03:30:00+00:00,14.6899995803833,14.6899995803833,14.670000076293945,14.670000076293945,18674,0.0,0.0,0.0
2026-03-24 03:35:00+00:00,14.649999618530273,14.65999984741211,14.649999618530273,14.649999618530273,21210,0.0,0.0,0.0
2026-03-24 03:40:00+00:00,14.670000076293945,14.670000076293945,14.670000076293945,14.670000076293945,6000,0.0,0.0,0.0
2026-03-24 03:55:00+00:00,14.699999809265137,14.699999809265137,14.699999809265137,14.699999809265137,3917,0.0,0.0,0.0
2026-03-24 04:10:00+00:00,14.699999809265137,14.699999809265137,14.699999809265137,14.699999809265137,2000,0.0,0.0,0.0
2026-03-24 04:15:00+00:00,14.720000267028809,14.720000267028809,14.720000267028809,14.720000267028809,57361,0.0,0.0,0.0
2026-03-24 04:20:00+00:00,14.729999542236328,14.729999542236328,14.729999542236328,14.729999542236328,1700,0.0,0.0,0.0
2026-03-24 04:40:00+00:00,14.720000267028809,14.729999542236328,14.720000267028809,14.729999542236328,5593,0.0,0.0,0.0
2026-03-24 05:00:00+00:00,14.720000267028809,14.720000267028809,14.720000267028809,14.720000267028809,3500,0.0,0.0,0.0
2026-03-24 05:05:00+00:00,14.710000038146973,14.710000038146973,14.699999809265137,14.699999809265137,4300,0.0,0.0,0.0
2026-03-24 05:10:00+00:00,14.699999809265137,14.699999809265137,14.699999809265137,14.699999809265137,5635,0.0,0.0,0.0
2026-03-24 05:15:00+00:00,14.699999809265137,14.699999809265137,14.699999809265137,14.699999809265137,19150,0.0,0.0,0.0
2026-03-24 05:20:00+00:00,14.699999809265137,14.710000038146973,14.699999809265137,14.710000038146973,2023,0.0,0.0,0.0
2026-03-25 01:00:00+00:00,14.779999732971191,14.829999923706055,14.779999732971191,14.829999923706055,0,0.0,0.0,0.0
2026-03-25 01:05:00+00:00,14.819999694824219,14.819999694824219,14.779999732971191,14.779999732971191,52660,0.0,0.0,0.0
2026-03-25 01:15:00+00:00,14.779999732971191,14.800000190734863,14.779999732971191,14.800000190734863,30000,0.0,0.0,0.0
2026-03-25 01:20:00+00:00,14.800000190734863,14.829999923706055,14.800000190734863,14.829999923706055,12350,0.0,0.0,0.0
2026-03-25 01:25:00+00:00,14.819999694824219,14.819999694824219,14.8100004196167,14.8100004196167,4090,0.0,0.0,0.0
2026-03-25 01:30:00+00:00,14.800000190734863,14.800000190734863,14.770000457763672,14.770000457763672,41716,0.0,0.0,0.0
2026-03-25 01:40:00+00:00,14.770000457763672,14.770000457763672,14.770000457763672,14.770000457763672,1007,0.0,0.0,0.0
2026-03-25 01:50:00+00:00,14.770000457763672,14.779999732971191,14.770000457763672,14.779999732971191,11000,0.0,0.0,0.0
2026-03-25 01:55:00+00:00,14.800000190734863,14.850000381469727,14.800000190734863,14.850000381469727,26249,0.0,0.0,0.0
2026-03-25 02:05:00+00:00,14.779999732971191,14.789999961853027,14.760000228881836,14.760000228881836,129675,0.0,0.0,0.0
2026-03-25 02:10:00+00:00,14.75,14.75,14.739999771118164,14.739999771118164,21296,0.0,0.0,0.0
2026-03-25 02:15:00+00:00,14.75,14.75,14.75,14.75,2000,0.0,0.0,0.0
2026-03-25 02:20:00+00:00,14.739999771118164,14.739999771118164,14.739999771118164,14.739999771118164,1092,0.0,0.0,0.0
2026-03-25 02:25:00+00:00,14.739999771118164,14.739999771118164,14.739999771118164,14.739999771118164,0,0.0,0.0,0.0
2026-03-25 02:30:00+00:00,14.739999771118164,14.739999771118164,14.739999771118164,14.739999771118164,353822,0.0,0.0,0.0
2026-03-25 02:35:00+00:00,14.760000228881836,14.760000228881836,14.760000228881836,14.760000228881836,1185,0.0,0.0,0.0
2026-03-25 02:50:00+00:00,14.770000457763672,14.770000457763672,14.770000457763672,14.770000457763672,1000,0.0,0.0,0.0
2026-03-25 02:55:00+00:00,14.75,14.75,14.75,14.75,1000,0.0,0.0,0.0
2026-03-25 03:05:00+00:00,14.770000457763672,14.770000457763672,14.770000457763672,14.770000457763672,6507,0.0,0.0,0.0
2026-03-25 03:35:00+00:00,14.770000457763672,14.770000457763672,14.770000457763672,14.770000457763672,1000,0.0,0.0,0.0
2026-03-25 03:40:00+00:00,14.770000457763672,14.770000457763672,14.770000457763672,14.770000457763672,1000,0.0,0.0,0.0
2026-03-25 03:45:00+00:00,14.770000457763672,14.770000457763672,14.770000457763672,14.770000457763672,1000,0.0,0.0,0.0
2026-03-25 03:50:00+00:00,14.779999732971191,14.789999961853027,14.779999732971191,14.789999961853027,7000,0.0,0.0,0.0
2026-03-25 04:00:00+00:00,14.789999961853027,14.800000190734863,14.789999961853027,14.800000190734863,5141,0.0,0.0,0.0
2026-03-25 04:05:00+00:00,14.8100004196167,14.8100004196167,14.8100004196167,14.8100004196167,1664,0.0,0.0,0.0
2026-03-25 04:15:00+00:00,14.8100004196167,14.8100004196167,14.8100004196167,14.8100004196167,1000,0.0,0.0,0.0
2026-03-25 04:20:00+00:00,14.8100004196167,14.8100004196167,14.8100004196167,14.8100004196167,2000,0.0,0.0,0.0
2026-03-25 04:25:00+00:00,14.829999923706055,14.829999923706055,14.829999923706055,14.829999923706055,1404,0.0,0.0,0.0
2026-03-25 04:35:00+00:00,14.829999923706055,14.829999923706055,14.829999923706055,14.829999923706055,1186,0.0,0.0,0.0
2026-03-25 04:45:00+00:00,14.819999694824219,14.829999923706055,14.819999694824219,14.829999923706055,7100,0.0,0.0,0.0
2026-03-25 04:50:00+00:00,14.8100004196167,14.829999923706055,14.800000190734863,14.829999923706055,202380,0.0,0.0,0.0
2026-03-25 04:55:00+00:00,14.829999923706055,14.829999923706055,14.829999923706055,14.829999923706055,13220,0.0,0.0,0.0
2026-03-25 05:10:00+00:00,14.84000015258789,14.850000381469727,14.84000015258789,14.850000381469727,5000,0.0,0.0,0.0
2026-03-25 05:15:00+00:00,14.859999656677246,14.859999656677246,14.859999656677246,14.859999656677246,1250,0.0,0.0,0.0
2026-03-25 05:20:00+00:00,14.859999656677246,14.859999656677246,14.859999656677246,14.859999656677246,1000,0.0,0.0,0.0
2026-03-26 01:00:00+00:00,14.859999656677246,14.859999656677246,14.859999656677246,14.859999656677246,0,0.0,0.0,0.0
2026-03-26 01:05:00+00:00,14.850000381469727,14.850000381469727,14.850000381469727,14.850000381469727,3054,0.0,0.0,0.0
2026-03-26 01:10:00+00:00,14.850000381469727,14.850000381469727,14.829999923706055,14.829999923706055,10671,0.0,0.0,0.0
2026-03-26 01:15:00+00:00,14.829999923706055,14.84000015258789,14.819999694824219,14.819999694824219,5757,0.0,0.0,0.0
2026-03-26 01:25:00+00:00,14.819999694824219,14.819999694824219,14.819999694824219,14.819999694824219,1000,0.0,0.0,0.0
2026-03-26 01:30:00+00:00,14.829999923706055,14.850000381469727,14.829999923706055,14.850000381469727,15200,0.0,0.0,0.0
2026-03-26 01:35:00+00:00,14.850000381469727,14.850000381469727,14.850000381469727,14.850000381469727,6357,0.0,0.0,0.0
2026-03-26 01:40:00+00:00,14.850000381469727,14.850000381469727,14.850000381469727,14.850000381469727,4000,0.0,0.0,0.0
2026-03-26 01:45:00+00:00,14.850000381469727,14.850000381469727,14.850000381469727,14.850000381469727,5250,0.0,0.0,0.0
2026-03-26 01:50:00+00:00,14.859999656677246,14.859999656677246,14.850000381469727,14.859999656677246,7156,0.0,0.0,0.0
2026-03-26 01:55:00+00:00,14.859999656677246,14.859999656677246,14.859999656677246,14.859999656677246,4124,0.0,0.0,0.0
2026-03-26 02:00:00+00:00,14.859999656677246,14.859999656677246,14.859999656677246,14.859999656677246,22181,0.0,0.0,0.0
2026-03-26 02:05:00+00:00,14.869999885559082,14.869999885559082,14.850000381469727,14.850000381469727,7299,0.0,0.0,0.0
2026-03-26 02:10:00+00:00,14.84000015258789,14.84000015258789,14.829999923706055,14.829999923706055,22188,0.0,0.0,0.0
2026-03-26 02:15:00+00:00,14.829999923706055,14.829999923706055,14.8100004196167,14.8100004196167,67210,0.0,0.0,0.0
2026-03-26 02:20:00+00:00,14.800000190734863,14.800000190734863,14.779999732971191,14.779999732971191,73299,0.0,0.0,0.0
2026-03-26 02:25:00+00:00,14.770000457763672,14.770000457763672,14.739999771118164,14.739999771118164,18342,0.0,0.0,0.0
2026-03-26 02:30:00+00:00,14.770000457763672,14.770000457763672,14.770000457763672,14.770000457763672,2533,0.0,0.0,0.0
2026-03-26 02:35:00+00:00,14.739999771118164,14.739999771118164,14.710000038146973,14.710000038146973,116918,0.0,0.0,0.0
2026-03-26 02:40:00+00:00,14.720000267028809,14.720000267028809,14.710000038146973,14.710000038146973,16000,0.0,0.0,0.0
2026-03-26 02:45:00+00:00,14.75,14.75,14.75,14.75,2224,0.0,0.0,0.0
2026-03-26 02:50:00+00:00,14.75,14.75,14.75,14.75,9000,0.0,0.0,0.0
2026-03-26 02:55:00+00:00,14.75,14.75,14.75,14.75,5436,0.0,0.0,0.0
2026-03-26 03:00:00+00:00,14.739999771118164,14.739999771118164,14.739999771118164,14.739999771118164,9155,0.0,0.0,0.0
2026-03-26 03:15:00+00:00,14.779999732971191,14.779999732971191,14.779999732971191,14.779999732971191,3124,0.0,0.0,0.0
2026-03-26 03:20:00+00:00,14.770000457763672,14.779999732971191,14.770000457763672,14.779999732971191,5165,0.0,0.0,0.0
2026-03-26 03:30:00+00:00,14.770000457763672,14.770000457763672,14.770000457763672,14.770000457763672,7718,0.0,0.0,0.0
2026-03-26 03:55:00+00:00,14.779999732971191,14.779999732971191,14.779999732971191,14.779999732971191,1000,0.0,0.0,0.0
2026-03-26 04:00:00+00:00,14.779999732971191,14.779999732971191,14.770000457763672,14.770000457763672,4569,0.0,0.0,0.0
2026-03-26 04:05:00+00:00,14.770000457763672,14.770000457763672,14.770000457763672,14.770000457763672,1235,0.0,0.0,0.0
2026-03-26 04:10:00+00:00,14.770000457763672,14.770000457763672,14.770000457763672,14.770000457763672,1100,0.0,0.0,0.0
2026-03-26 04:20:00+00:00,14.770000457763672,14.770000457763672,14.770000457763672,14.770000457763672,1059,0.0,0.0,0.0
2026-03-26 04:25:00+00:00,14.770000457763672,14.770000457763672,14.770000457763672,14.770000457763672,1080,0.0,0.0,0.0
2026-03-26 04:30:00+00:00,14.779999732971191,14.779999732971191,14.770000457763672,14.770000457763672,2212,0.0,0.0,0.0
2026-03-26 04:35:00+00:00,14.770000457763672,14.770000457763672,14.770000457763672,14.770000457763672,1193,0.0,0.0,0.0
2026-03-26 04:40:00+00:00,14.779999732971191,14.779999732971191,14.779999732971191,14.779999732971191,2927,0.0,0.0,0.0
2026-03-26 04:50:00+00:00,14.760000228881836,14.760000228881836,14.760000228881836,14.760000228881836,3000,0.0,0.0,0.0
2026-03-26 04:55:00+00:00,14.760000228881836,14.760000228881836,14.760000228881836,14.760000228881836,15546,0.0,0.0,0.0
2026-03-26 05:00:00+00:00,14.75,14.760000228881836,14.75,14.760000228881836,5430,0.0,0.0,0.0
2026-03-26 05:05:00+00:00,14.760000228881836,14.760000228881836,14.75,14.75,34039,0.0,0.0,0.0
2026-03-26 05:10:00+00:00,14.75,14.75,14.739999771118164,14.739999771118164,21000,0.0,0.0,0.0
2026-03-26 05:15:00+00:00,14.739999771118164,14.739999771118164,14.739999771118164,14.739999771118164,7033,0.0,0.0,0.0
2026-03-26 05:20:00+00:00,14.739999771118164,14.75,14.739999771118164,14.75,49020,0.0,0.0,0.0
2026-03-27 01:00:00+00:00,14.729999542236328,14.729999542236328,14.729999542236328,14.729999542236328,0,0.0,0.0,0.0
2026-03-27 01:05:00+00:00,14.729999542236328,14.729999542236328,14.729999542236328,14.729999542236328,4672,0.0,0.0,0.0
2026-03-27 01:10:00+00:00,14.720000267028809,14.739999771118164,14.720000267028809,14.739999771118164,20582,0.0,0.0,0.0
2026-03-27 01:15:00+00:00,14.739999771118164,14.739999771118164,14.6899995803833,14.6899995803833,41404,0.0,0.0,0.0
2026-03-27 01:20:00+00:00,14.6899995803833,14.6899995803833,14.6899995803833,14.6899995803833,5010,0.0,0.0,0.0
2026-03-27 01:25:00+00:00,14.699999809265137,14.699999809265137,14.699999809265137,14.699999809265137,1080,0.0,0.0,0.0
2026-03-27 01:30:00+00:00,14.699999809265137,14.729999542236328,14.699999809265137,14.729999542236328,11000,0.0,0.0,0.0
2026-03-27 01:35:00+00:00,14.699999809265137,14.699999809265137,14.699999809265137,14.699999809265137,1030,0.0,0.0,0.0
2026-03-27 01:40:00+00:00,14.699999809265137,14.699999809265137,14.699999809265137,14.699999809265137,20000,0.0,0.0,0.0
2026-03-27 01:50:00+00:00,14.710000038146973,14.710000038146973,14.710000038146973,14.710000038146973,1300,0.0,0.0,0.0
2026-03-27 01:55:00+00:00,14.699999809265137,14.699999809265137,14.699999809265137,14.699999809265137,25220,0.0,0.0,0.0
2026-03-27 02:00:00+00:00,14.6899995803833,14.6899995803833,14.6899995803833,14.6899995803833,15000,0.0,0.0,0.0
2026-03-27 02:05:00+00:00,14.680000305175781,14.680000305175781,14.680000305175781,14.680000305175781,11368,0.0,0.0,0.0
2026-03-27 02:10:00+00:00,14.680000305175781,14.680000305175781,14.65999984741211,14.65999984741211,50583,0.0,0.0,0.0
2026-03-27 02:15:00+00:00,14.649999618530273,14.649999618530273,14.640000343322754,14.640000343322754,32346,0.0,0.0,0.0
2026-03-27 02:20:00+00:00,14.65999984741211,14.65999984741211,14.65999984741211,14.65999984741211,6000,0.0,0.0,0.0
2026-03-27 02:30:00+00:00,14.680000305175781,14.680000305175781,14.680000305175781,14.680000305175781,1500,0.0,0.0,0.0
2026-03-27 02:40:00+00:00,14.6899995803833,14.6899995803833,14.6899995803833,14.6899995803833,1000,0.0,0.0,0.0
2026-03-27 02:50:00+00:00,14.6899995803833,14.6899995803833,14.6899995803833,14.6899995803833,1000,0.0,0.0,0.0
2026-03-27 03:00:00+00:00,14.6899995803833,14.6899995803833,14.6899995803833,14.6899995803833,1000,0.0,0.0,0.0
2026-03-27 03:05:00+00:00,14.680000305175781,14.680000305175781,14.680000305175781,14.680000305175781,7329,0.0,0.0,0.0
2026-03-27 03:10:00+00:00,14.680000305175781,14.680000305175781,14.670000076293945,14.670000076293945,22851,0.0,0.0,0.0
2026-03-27 04:00:00+00:00,14.670000076293945,14.670000076293945,14.670000076293945,14.670000076293945,6500,0.0,0.0,0.0
2026-03-27 04:05:00+00:00,14.65999984741211,14.65999984741211,14.65999984741211,14.65999984741211,41574,0.0,0.0,0.0
2026-03-27 04:20:00+00:00,14.65999984741211,14.65999984741211,14.65999984741211,14.65999984741211,1127,0.0,0.0,0.0
2026-03-27 04:35:00+00:00,14.670000076293945,14.670000076293945,14.670000076293945,14.670000076293945,3100,0.0,0.0,0.0
2026-03-27 04:40:00+00:00,14.670000076293945,14.670000076293945,14.670000076293945,14.670000076293945,1000,0.0,0.0,0.0
2026-03-27 04:45:00+00:00,14.680000305175781,14.680000305175781,14.680000305175781,14.680000305175781,5000,0.0,0.0,0.0
2026-03-27 04:55:00+00:00,14.699999809265137,14.699999809265137,14.6899995803833,14.6899995803833,57314,0.0,0.0,0.0
2026-03-27 05:05:00+00:00,14.720000267028809,14.720000267028809,14.720000267028809,14.720000267028809,1511,0.0,0.0,0.0
2026-03-27 05:20:00+00:00,14.739999771118164,14.739999771118164,14.739999771118164,14.739999771118164,2089,0.0,0.0,0.0
2026-03-30 01:00:00+00:00,14.579999923706055,14.600000381469727,14.550000190734863,14.600000381469727,0,0.0,0.0,0.0
2026-03-30 01:05:00+00:00,14.579999923706055,14.600000381469727,14.579999923706055,14.579999923706055,7551,0.0,0.0,0.0
2026-03-30 01:10:00+00:00,14.579999923706055,14.579999923706055,14.579999923706055,14.579999923706055,4597,0.0,0.0,0.0
2026-03-30 01:15:00+00:00,14.59000015258789,14.609999656677246,14.59000015258789,14.59000015258789,91168,0.0,0.0,0.0
2026-03-30 01:25:00+00:00,14.619999885559082,14.619999885559082,14.619999885559082,14.619999885559082,6200,0.0,0.0,0.0
2026-03-30 01:30:00+00:00,14.65999984741211,14.65999984741211,14.630000114440918,14.630000114440918,14457,0.0,0.0,0.0
2026-03-30 01:35:00+00:00,14.65999984741211,14.65999984741211,14.65999984741211,14.65999984741211,1187,0.0,0.0,0.0
2026-03-30 01:40:00+00:00,14.65999984741211,14.65999984741211,14.630000114440918,14.630000114440918,8000,0.0,0.0,0.0
2026-03-30 01:45:00+00:00,14.640000343322754,14.640000343322754,14.640000343322754,14.640000343322754,1527,0.0,0.0,0.0
2026-03-30 01:50:00+00:00,14.630000114440918,14.630000114440918,14.630000114440918,14.630000114440918,6200,0.0,0.0,0.0
2026-03-30 01:55:00+00:00,14.630000114440918,14.630000114440918,14.619999885559082,14.619999885559082,6275,0.0,0.0,0.0
2026-03-30 02:00:00+00:00,14.640000343322754,14.640000343322754,14.640000343322754,14.640000343322754,2155,0.0,0.0,0.0
2026-03-30 02:05:00+00:00,14.649999618530273,14.649999618530273,14.649999618530273,14.649999618530273,151000,0.0,0.0,0.0
2026-03-30 02:10:00+00:00,14.649999618530273,14.649999618530273,14.640000343322754,14.640000343322754,13000,0.0,0.0,0.0
2026-03-30 02:15:00+00:00,14.649999618530273,14.649999618530273,14.619999885559082,14.619999885559082,15132,0.0,0.0,0.0
2026-03-30 02:20:00+00:00,14.630000114440918,14.630000114440918,14.630000114440918,14.630000114440918,2376,0.0,0.0,0.0
2026-03-30 02:25:00+00:00,14.609999656677246,14.609999656677246,14.609999656677246,14.609999656677246,5384,0.0,0.0,0.0
2026-03-30 02:30:00+00:00,14.600000381469727,14.600000381469727,14.600000381469727,14.600000381469727,13819,0.0,0.0,0.0
2026-03-30 02:35:00+00:00,14.600000381469727,14.600000381469727,14.600000381469727,14.600000381469727,1112,0.0,0.0,0.0
2026-03-30 02:40:00+00:00,14.600000381469727,14.600000381469727,14.600000381469727,14.600000381469727,21150,0.0,0.0,0.0
2026-03-30 02:45:00+00:00,14.600000381469727,14.630000114440918,14.600000381469727,14.630000114440918,3805,0.0,0.0,0.0
2026-03-30 03:05:00+00:00,14.630000114440918,14.630000114440918,14.630000114440918,14.630000114440918,1199,0.0,0.0,0.0
2026-03-30 03:20:00+00:00,14.649999618530273,14.649999618530273,14.649999618530273,14.649999618530273,11301,0.0,0.0,0.0
2026-03-30 03:35:00+00:00,14.640000343322754,14.640000343322754,14.630000114440918,14.630000114440918,14050,0.0,0.0,0.0
2026-03-30 03:40:00+00:00,14.630000114440918,14.630000114440918,14.630000114440918,14.630000114440918,16746,0.0,0.0,0.0
2026-03-30 03:55:00+00:00,14.619999885559082,14.619999885559082,14.619999885559082,14.619999885559082,5000,0.0,0.0,0.0
2026-03-30 04:00:00+00:00,14.619999885559082,14.619999885559082,14.619999885559082,14.619999885559082,12321,0.0,0.0,0.0
2026-03-30 04:20:00+00:00,14.609999656677246,14.609999656677246,14.609999656677246,14.609999656677246,1070,0.0,0.0,0.0
2026-03-30 04:25:00+00:00,14.619999885559082,14.630000114440918,14.619999885559082,14.630000114440918,11100,0.0,0.0,0.0
2026-03-30 04:40:00+00:00,14.609999656677246,14.609999656677246,14.609999656677246,14.609999656677246,7862,0.0,0.0,0.0
2026-03-30 04:45:00+00:00,14.600000381469727,14.600000381469727,14.600000381469727,14.600000381469727,33792,0.0,0.0,0.0
2026-03-30 04:50:00+00:00,14.600000381469727,14.600000381469727,14.600000381469727,14.600000381469727,5000,0.0,0.0,0.0
2026-03-30 04:55:00+00:00,14.600000381469727,14.600000381469727,14.600000381469727,14.600000381469727,1000,0.0,0.0,0.0
2026-03-30 05:00:00+00:00,14.600000381469727,14.600000381469727,14.600000381469727,14.600000381469727,96631,0.0,0.0,0.0
2026-03-30 05:20:00+00:00,14.609999656677246,14.609999656677246,14.609999656677246,14.609999656677246,5010,0.0,0.0,0.0
2026-03-31 01:00:00+00:00,14.569999694824219,14.569999694824219,14.569999694824219,14.569999694824219,0,0.0,0.0,0.0
2026-03-31 01:05:00+00:00,14.550000190734863,14.550000190734863,14.520000457763672,14.520000457763672,27999,0.0,0.0,0.0
2026-03-31 01:10:00+00:00,14.510000228881836,14.510000228881836,14.510000228881836,14.510000228881836,8110,0.0,0.0,0.0
2026-03-31 01:15:00+00:00,14.5,14.529999732971191,14.5,14.529999732971191,11000,0.0,0.0,0.0
2026-03-31 01:20:00+00:00,14.550000190734863,14.579999923706055,14.550000190734863,14.579999923706055,165015,0.0,0.0,0.0
2026-03-31 01:25:00+00:00,14.579999923706055,14.579999923706055,14.579999923706055,14.579999923706055,5022,0.0,0.0,0.0
2026-03-31 01:30:00+00:00,14.609999656677246,14.609999656677246,14.609999656677246,14.609999656677246,7300,0.0,0.0,0.0
2026-03-31 01:35:00+00:00,14.609999656677246,14.609999656677246,14.609999656677246,14.609999656677246,1020,0.0,0.0,0.0
2026-03-31 01:40:00+00:00,14.600000381469727,14.600000381469727,14.600000381469727,14.600000381469727,3607,0.0,0.0,0.0
2026-03-31 01:45:00+00:00,14.59000015258789,14.600000381469727,14.59000015258789,14.600000381469727,2377,0.0,0.0,0.0
2026-03-31 01:50:00+00:00,14.579999923706055,14.579999923706055,14.579999923706055,14.579999923706055,6004,0.0,0.0,0.0
2026-03-31 01:55:00+00:00,14.569999694824219,14.569999694824219,14.569999694824219,14.569999694824219,12070,0.0,0.0,0.0
2026-03-31 02:00:00+00:00,14.569999694824219,14.569999694824219,14.569999694824219,14.569999694824219,8330,0.0,0.0,0.0
2026-03-31 02:10:00+00:00,14.569999694824219,14.569999694824219,14.569999694824219,14.569999694824219,2000,0.0,0.0,0.0
2026-03-31 02:15:00+00:00,14.5600004196167,14.5600004196167,14.550000190734863,14.550000190734863,27745,0.0,0.0,0.0
2026-03-31 02:20:00+00:00,14.550000190734863,14.550000190734863,14.550000190734863,14.550000190734863,7880,0.0,0.0,0.0
2026-03-31 02:25:00+00:00,14.539999961853027,14.539999961853027,14.539999961853027,14.539999961853027,17280,0.0,0.0,0.0
2026-03-31 02:30:00+00:00,14.539999961853027,14.539999961853027,14.529999732971191,14.529999732971191,10930,0.0,0.0,0.0
2026-03-31 02:35:00+00:00,14.529999732971191,14.529999732971191,14.529999732971191,14.529999732971191,1000,0.0,0.0,0.0
2026-03-31 02:40:00+00:00,14.529999732971191,14.529999732971191,14.529999732971191,14.529999732971191,3500,0.0,0.0,0.0
2026-03-31 02:45:00+00:00,14.529999732971191,14.529999732971191,14.529999732971191,14.529999732971191,2360,0.0,0.0,0.0
2026-03-31 02:50:00+00:00,14.550000190734863,14.550000190734863,14.550000190734863,14.550000190734863,1100,0.0,0.0,0.0
2026-03-31 03:00:00+00:00,14.550000190734863,14.550000190734863,14.539999961853027,14.539999961853027,14560,0.0,0.0,0.0
2026-03-31 03:05:00+00:00,14.539999961853027,14.539999961853027,14.539999961853027,14.539999961853027,1430,0.0,0.0,0.0
2026-03-31 03:15:00+00:00,14.529999732971191,14.529999732971191,14.529999732971191,14.529999732971191,9010,0.0,0.0,0.0
2026-03-31 03:20:00+00:00,14.520000457763672,14.520000457763672,14.510000228881836,14.510000228881836,33607,0.0,0.0,0.0
2026-03-31 03:25:00+00:00,14.510000228881836,14.510000228881836,14.510000228881836,14.510000228881836,45792,0.0,0.0,0.0
2026-03-31 03:30:00+00:00,14.510000228881836,14.510000228881836,14.5,14.5,144240,0.0,0.0,0.0
2026-03-31 03:35:00+00:00,14.489999771118164,14.489999771118164,14.489999771118164,14.489999771118164,12267,0.0,0.0,0.0
2026-03-31 03:40:00+00:00,14.489999771118164,14.489999771118164,14.479999542236328,14.479999542236328,24982,0.0,0.0,0.0
2026-03-31 03:45:00+00:00,14.489999771118164,14.489999771118164,14.470000267028809,14.470000267028809,98903,0.0,0.0,0.0
2026-03-31 03:50:00+00:00,14.470000267028809,14.470000267028809,14.470000267028809,14.470000267028809,2050,0.0,0.0,0.0
2026-03-31 03:55:00+00:00,14.460000038146973,14.460000038146973,14.449999809265137,14.449999809265137,57910,0.0,0.0,0.0
2026-03-31 04:00:00+00:00,14.430000305175781,14.460000038146973,14.430000305175781,14.449999809265137,103455,0.0,0.0,0.0
2026-03-31 04:05:00+00:00,14.449999809265137,14.449999809265137,14.449999809265137,14.449999809265137,54310,0.0,0.0,0.0
2026-03-31 04:10:00+00:00,14.449999809265137,14.449999809265137,14.4399995803833,14.449999809265137,209210,0.0,0.0,0.0
2026-03-31 04:15:00+00:00,14.4399995803833,14.4399995803833,14.4399995803833,14.4399995803833,10663,0.0,0.0,0.0
2026-03-31 04:20:00+00:00,14.449999809265137,14.449999809265137,14.449999809265137,14.449999809265137,3080,0.0,0.0,0.0
2026-03-31 04:25:00+00:00,14.4399995803833,14.4399995803833,14.4399995803833,14.4399995803833,5752,0.0,0.0,0.0
2026-03-31 04:30:00+00:00,14.4399995803833,14.4399995803833,14.4399995803833,14.4399995803833,1000,0.0,0.0,0.0
2026-03-31 04:35:00+00:00,14.4399995803833,14.4399995803833,14.4399995803833,14.4399995803833,6790,0.0,0.0,0.0
2026-03-31 04:40:00+00:00,14.4399995803833,14.4399995803833,14.4399995803833,14.4399995803833,4000,0.0,0.0,0.0
2026-03-31 04:45:00+00:00,14.449999809265137,14.449999809265137,14.449999809265137,14.449999809265137,2000,0.0,0.0,0.0
2026-03-31 04:50:00+00:00,14.4399995803833,14.4399995803833,14.4399995803833,14.4399995803833,1979,0.0,0.0,0.0
2026-03-31 05:00:00+00:00,14.449999809265137,14.449999809265137,14.449999809265137,14.449999809265137,1020,0.0,0.0,0.0
2026-03-31 05:05:00+00:00,14.460000038146973,14.460000038146973,14.449999809265137,14.449999809265137,23300,0.0,0.0,0.0
2026-03-31 05:10:00+00:00,14.449999809265137,14.449999809265137,14.449999809265137,14.449999809265137,22700,0.0,0.0,0.0
2026-03-31 05:15:00+00:00,14.4399995803833,14.4399995803833,14.4399995803833,14.4399995803833,72317,0.0,0.0,0.0
2026-03-31 05:20:00+00:00,14.4399995803833,14.4399995803833,14.4399995803833,14.4399995803833,13277,0.0,0.0,0.0
2026-04-01 01:00:00+00:00,14.619999885559082,14.619999885559082,14.619999885559082,14.619999885559082,0,0.0,0.0,0.0
2026-04-01 01:05:00+00:00,14.619999885559082,14.619999885559082,14.619999885559082,14.619999885559082,6249,0.0,0.0,0.0
2026-04-01 01:10:00+00:00,14.619999885559082,14.619999885559082,14.600000381469727,14.600000381469727,24479,0.0,0.0,0.0
2026-04-01 01:15:00+00:00,14.59000015258789,14.630000114440918,14.579999923706055,14.619999885559082,57001,0.0,0.0,0.0
2026-04-01 01:20:00+00:00,14.640000343322754,14.640000343322754,14.640000343322754,14.640000343322754,8000,0.0,0.0,0.0
2026-04-01 01:25:00+00:00,14.640000343322754,14.699999809265137,14.640000343322754,14.699999809265137,25022,0.0,0.0,0.0
2026-04-01 01:30:00+00:00,14.680000305175781,14.680000305175781,14.680000305175781,14.680000305175781,10299,0.0,0.0,0.0
2026-04-01 01:45:00+00:00,14.680000305175781,14.680000305175781,14.680000305175781,14.680000305175781,7145,0.0,0.0,0.0
2026-04-01 01:50:00+00:00,14.6899995803833,14.6899995803833,14.6899995803833,14.6899995803833,5000,0.0,0.0,0.0
2026-04-01 01:55:00+00:00,14.699999809265137,14.699999809265137,14.699999809265137,14.699999809265137,2538,0.0,0.0,0.0
2026-04-01 02:10:00+00:00,14.699999809265137,14.699999809265137,14.699999809265137,14.699999809265137,1000,0.0,0.0,0.0
2026-04-01 02:15:00+00:00,14.6899995803833,14.699999809265137,14.6899995803833,14.699999809265137,10100,0.0,0.0,0.0
2026-04-01 02:20:00+00:00,14.710000038146973,14.720000267028809,14.710000038146973,14.720000267028809,10000,0.0,0.0,0.0
2026-04-01 02:30:00+00:00,14.710000038146973,14.710000038146973,14.710000038146973,14.710000038146973,2000,0.0,0.0,0.0
2026-04-01 02:35:00+00:00,14.710000038146973,14.710000038146973,14.710000038146973,14.710000038146973,2110,0.0,0.0,0.0
2026-04-01 02:40:00+00:00,14.720000267028809,14.720000267028809,14.699999809265137,14.699999809265137,16010,0.0,0.0,0.0
2026-04-01 02:45:00+00:00,14.699999809265137,14.710000038146973,14.699999809265137,14.710000038146973,10000,0.0,0.0,0.0
2026-04-01 02:50:00+00:00,14.710000038146973,14.710000038146973,14.710000038146973,14.710000038146973,1000,0.0,0.0,0.0
2026-04-01 02:55:00+00:00,14.720000267028809,14.720000267028809,14.720000267028809,14.720000267028809,2100,0.0,0.0,0.0
2026-04-01 03:00:00+00:00,14.720000267028809,14.720000267028809,14.720000267028809,14.720000267028809,26000,0.0,0.0,0.0
2026-04-01 03:05:00+00:00,14.720000267028809,14.729999542236328,14.720000267028809,14.729999542236328,2080,0.0,0.0,0.0
2026-04-01 03:10:00+00:00,14.739999771118164,14.739999771118164,14.739999771118164,14.739999771118164,7000,0.0,0.0,0.0
2026-04-01 03:15:00+00:00,14.739999771118164,14.739999771118164,14.739999771118164,14.739999771118164,1135,0.0,0.0,0.0
2026-04-01 03:20:00+00:00,14.739999771118164,14.739999771118164,14.739999771118164,14.739999771118164,2200,0.0,0.0,0.0
2026-04-01 03:35:00+00:00,14.739999771118164,14.739999771118164,14.739999771118164,14.739999771118164,2080,0.0,0.0,0.0
2026-04-01 03:50:00+00:00,14.739999771118164,14.739999771118164,14.739999771118164,14.739999771118164,6668,0.0,0.0,0.0
2026-04-01 04:15:00+00:00,14.729999542236328,14.729999542236328,14.729999542236328,14.729999542236328,2142,0.0,0.0,0.0
2026-04-01 04:35:00+00:00,14.720000267028809,14.720000267028809,14.720000267028809,14.720000267028809,1200,0.0,0.0,0.0
2026-04-01 04:40:00+00:00,14.729999542236328,14.729999542236328,14.720000267028809,14.720000267028809,4125,0.0,0.0,0.0
2026-04-01 04:45:00+00:00,14.720000267028809,14.720000267028809,14.720000267028809,14.720000267028809,3518,0.0,0.0,0.0
2026-04-01 04:50:00+00:00,14.729999542236328,14.739999771118164,14.729999542236328,14.739999771118164,80390,0.0,0.0,0.0
2026-04-01 05:00:00+00:00,14.739999771118164,14.739999771118164,14.739999771118164,14.739999771118164,19410,0.0,0.0,0.0
2026-04-01 05:15:00+00:00,14.739999771118164,14.739999771118164,14.739999771118164,14.739999771118164,1122,0.0,0.0,0.0
2026-04-01 05:20:00+00:00,14.739999771118164,14.739999771118164,14.739999771118164,14.739999771118164,1000,0.0,0.0,0.0
